,Unnamed: 0,ID,ANIO,LESIONADOS,FALLECIDOS,LATITUD_Y,LONGITUD_X,PROVINCIA,CANTON,PARROQUIA,ZONA,FECHA,HORA,PERIODO_2,DIA_1,DIA_2,MES_1,MES_2,FERIADO,CAUSA_PROBABLE,TIPO_DE_SINIESTRO,TIPO_DE_VEHICULO_1,AUTOMOVIL,BICICLETA,BUS,CAMION,CAMIONETA,EMERGENCIAS,ESPECIAL,FURGONETA,MOTOCICLETA,NO_IDENTIFICADO,SCOOTER_ELECTRICO,TRICIMOTO,VEHICULO_DEPORTIVO_UTILITARIO,SUMA_DE_VEHICULOS,EDAD_1,SEXO_1,CONDICION_1,PARTICIPANTE_1,CASCO_1,CINTURON_1,KMeans_Cluster
176,652,653,2017,0,0,-0.136812,-78.433598,PICHINCHA,QUITO,LLANO CHICO,URBANA,2017-01-09,08:20:00,8,LUNES,1,ENERO,1,NO,"CONDUCIR DESATENTO A LAS CONDICIONES DE TRANSITO (CELULAR, PANTALLAS DE VIDEO, COMIDA, MAQUILLAJE O CUALQUIER OTRO ELEMENTO DISTRACTOR).",ESTRELLAMIENTOS,BUS,0,0,1,0,0,0,0,0,0,0,0,0,0,1,28,HOMBRE,ILESO,CONDUCTOR PRESENTE,NO,NO,0
177,653,654,2017,1,0,-0.314757,-78.485672,PICHINCHA,QUITO,CONOCOTO,RURAL,2017-01-09,08:25:00,8,LUNES,1,ENERO,1,NO,"NO RESPETAR LAS SENIALES REGLAMENTARIAS DE TRANSITO. (PARE, CEDA EL PASO, LUZ ROJA DEL SEMAFORO, ETC).",CHOQUE LATERAL,BUS,1,0,1,0,0,0,0,0,0,0,0,0,0,2,46,HOMBRE,LESIONADO,CONDUCTOR PRESENTE,NO,NO,3
178,656,657,2017,0,0,-0.188451,-78.443119,PICHINCHA,QUITO,NAYON,RURAL,2017-01-09,08:40:00,8,LUNES,1,ENERO,1,NO,NO MANTENER LA DISTANCIA PRUDENCIAL CON RESPECTO AL VEHICULO QUE LE ANTECEDE.,CHOQUE POSTERIOR,VEHICULO DEPORTIVO UTILITARIO,0,0,0,0,0,0,0,0,0,0,0,0,2,2,23,MUJER,ILESO,CONDUCTOR PRESENTE,NO,NO,3
179,658,659,2017,1,0,-0.172257,-78.490091,PICHINCHA,QUITO,QUITO,URBANA,2017-01-09,09:00:00,9,LUNES,1,ENERO,1,NO,NO MANTENER LA DISTANCIA PRUDENCIAL CON RESPECTO AL VEHICULO QUE LE ANTECEDE.,CHOQUE POSTERIOR,NO IDENTIFICADO,0,0,0,0,0,0,0,0,0,2,0,0,0,2,36,HOMBRE,LESIONADO,PASAJERO,NO,NO,0
180,659,660,2017,1,0,-0.191006,-78.486281,PICHINCHA,QUITO,QUITO,URBANA,2017-01-09,09:10:00,9,LUNES,1,ENERO,1,NO,PEATON QUE CRUZA LA CALZADA SIN RESPETAR LA SENIALIZACION EXISTENTE (SEMAFOROS O SENIALES MANUALES).,ATROPELLOS,VEHICULO DEPORTIVO UTILITARIO,0,0,0,0,0,0,0,0,0,0,0,0,1,1,49,MUJER,LESIONADO,PEATON,NO,NO,0
181,660,661,2017,1,0,-0.289191,-78.541771,PICHINCHA,QUITO,QUITO,URBANA,2017-01-09,09:10:00,9,LUNES,1,ENERO,1,NO,PEATON QUE CRUZA LA CALZADA SIN RESPETAR LA SENIALIZACION EXISTENTE (SEMAFOROS O SENIALES MANUALES).,ATROPELLOS,AUTOMOVIL,1,0,0,0,0,0,0,0,0,0,0,0,0,1,57,MUJER,LESIONADO,PEATON,NO,NO,0
182,662,663,2017,0,0,-0.199767,-78.428809,PICHINCHA,QUITO,CUMBAYA,RURAL,2017-01-09,10:32:00,10,LUNES,1,ENERO,1,NO,NO MANTENER LA DISTANCIA PRUDENCIAL CON RESPECTO AL VEHICULO QUE LE ANTECEDE.,CHOQUE POSTERIOR,AUTOMOVIL,1,0,0,0,0,0,0,0,0,0,0,0,1,2,48,MUJER,ILESO,CONDUCTOR PRESENTE,NO,NO,3
183,663,664,2017,1,0,-0.121215,-78.480231,PICHINCHA,QUITO,QUITO,URBANA,2017-01-09,10:40:00,10,LUNES,1,ENERO,1,NO,NO TRANSITAR POR LAS ACERAS O ZONAS DE SEGURIDAD DESTINADAS PARA EL EFECTO.,ATROPELLOS,NO IDENTIFICADO,0,0,0,0,0,0,0,0,0,1,0,0,0,1,54,MUJER,LESIONADO,PEATON,NO,NO,0
184,665,666,2017,1,0,-0.207385,-78.487149,PICHINCHA,QUITO,QUITO,URBANA,2017-01-09,12:00:00,12,LUNES,1,ENERO,1,NO,PEATON QUE CRUZA LA CALZADA SIN RESPETAR LA SENIALIZACION EXISTENTE (SEMAFOROS O SENIALES MANUALES).,ATROPELLOS,AUTOMOVIL,1,0,0,0,0,0,0,0,0,0,0,0,0,1,73,MUJER,LESIONADO,PEATON,NO,NO,0
185,666,667,2017,1,0,-0.102774,-78.488674,PICHINCHA,QUITO,QUITO,URBANA,2017-01-09,12:20:00,12,LUNES,1,ENERO,1,NO,"CONDUCIR DESATENTO A LAS CONDICIONES DE TRANSITO (CELULAR, PANTALLAS DE VIDEO, COMIDA, MAQUILLAJE O CUALQUIER OTRO ELEMENTO DISTRACTOR).",ESTRELLAMIENTOS,FURGONETA,0,0,0,0,1,0,0,1,0,0,0,0,0,2,28,HOMBRE,LESIONADO,CONDUCTOR PRESENTE,NO,NO,0
186,667,668,2017,0,0,-0.262181,-78.547914,PICHINCHA,QUITO,QUITO,URBANA,2017-01-09,12:35:00,12,LUNES,1,ENERO,1,NO,NO MANTENER LA DISTANCIA PRUDENCIAL CON RESPECTO AL VEHICULO QUE LE ANTECEDE.,CHOQUE POSTERIOR,AUTOMOVIL,2,0,0,0,0,0,0,0,0,0,0,0,0,2,54,HOMBRE,ILESO,CONDUCTOR PRESENTE,NO,NO,0
187,670,671,2017,1,0,-0.083046,-78.467765,PICHINCHA,QUITO,QUITO,URBANA,2017-01-09,12:45:00,12,LUNES,1,ENERO,1,NO,NO CEDER EL DERECHO DE VIA O PREFERENCIA DE PASO AL PEATON.,ATROPELLOS,AUTOMOVIL,1,0,0,0,0,0,0,0,0,0,0,0,0,1,65,HOMBRE,LESIONADO,PEATON,NO,NO,0
188,671,672,2017,1,0,-0.253032,-78.539738,PICHINCHA,QUITO,QUITO,URBANA,2017-01-09,12:55:00,12,LUNES,1,ENERO,1,NO,NO CEDER EL DERECHO DE VIA O PREFERENCIA DE PASO AL PEATON.,ATROPELLOS,BUS,0,0,1,0,0,0,0,0,0,0,0,0,0,1,17,MUJER,LESIONADO,PEATON,NO,NO,0
189,677,678,2017,0,1,0.138228,-78.067681,PICHINCHA,CAYAMBE,OLMEDO (PESILLO),RURAL,2017-01-09,13:45:00,13,LUNES,1,ENERO,1,NO,"CONDUCIR DESATENTO A LAS CONDICIONES DE TRANSITO (CELULAR, PANTALLAS DE VIDEO, COMIDA, MAQUILLAJE O CUALQUIER OTRO ELEMENTO DISTRACTOR).",PERDIDA DE PISTA,CAMIONETA,0,0,0,0,1,0,0,0,0,0,0,0,0,1,47,HOMBRE,FALLECIDO,CONDUCTOR PRESENTE,NO,NO,3
190,681,682,2017,1,0,-0.289309,-78.538531,PICHINCHA,QUITO,QUITO,URBANA,2017-01-09,14:55:00,14,LUNES,1,ENERO,1,NO,PEATON QUE CRUZA LA CALZADA SIN RESPETAR LA SENIALIZACION EXISTENTE (SEMAFOROS O SENIALES MANUALES).,ATROPELLOS,CAMIONETA,0,0,0,0,1,0,0,0,0,0,0,0,0,1,19,MUJER,LESIONADO,PEATON,NO,NO,0
191,685,686,2017,1,0,-0.112893,-78.296238,PICHINCHA,QUITO,EL QUINCHE,RURAL,2017-01-09,16:00:00,16,LUNES,1,ENERO,1,NO,NO TRANSITAR POR LAS ACERAS O ZONAS DE SEGURIDAD DESTINADAS PARA EL EFECTO.,ATROPELLOS,VEHICULO DEPORTIVO UTILITARIO,0,0,0,0,0,0,0,0,0,0,0,0,1,1,39,MUJER,LESIONADO,PEATON,NO,NO,3
192,686,687,2017,0,0,-0.237723,-78.508969,PICHINCHA,QUITO,QUITO,URBANA,2017-01-09,16:40:00,16,LUNES,1,ENERO,1,NO,"CONDUCIR DESATENTO A LAS CONDICIONES DE TRANSITO (CELULAR, PANTALLAS DE VIDEO, COMIDA, MAQUILLAJE O CUALQUIER OTRO ELEMENTO DISTRACTOR).",CHOQUE POSTERIOR,AUTOMOVIL,2,0,0,0,0,0,0,0,0,0,0,0,0,2,29,MUJER,ILESO,CONDUCTOR PRESENTE,NO,NO,0
193,689,690,2017,0,0,-0.191729,-78.493359,PICHINCHA,QUITO,QUITO,URBANA,2017-01-09,16:50:00,16,LUNES,1,ENERO,1,NO,NO GUARDAR LA DISTANCIA LATERAL MINIMA DE SEGURIDAD ENTRE VEHICULOS.,ROZAMIENTOS,AUTOMOVIL,1,0,0,0,0,0,0,0,1,0,0,0,0,2,46,HOMBRE,ILESO,CONDUCTOR PRESENTE,NO,NO,0
194,696,697,2017,0,0,-0.104527,-78.453694,PICHINCHA,QUITO,CALDERON (CARAPUNGO),RURAL,2017-01-09,19:30:00,19,LUNES,1,ENERO,1,NO,REALIZAR CAMBIO BRUSCO O INDEBIDO DE CARRIL.,COLISION,BUS,1,0,1,0,0,0,0,0,0,0,0,0,1,3,32,HOMBRE,ILESO,CONDUCTOR PRESENTE,NO,NO,3
195,699,700,2017,0,0,-0.172539,-78.476614,PICHINCHA,QUITO,QUITO,URBANA,2017-01-09,19:50:00,19,LUNES,1,ENERO,1,NO,"ADELANTAR O REBASAR A OTRO VEHICULO EN MOVIMIENTO EN ZONAS O SITIOS PELIGROSOS TALES COMO: CURVAS, PUENTES, TUNELES, PENDIENTES, ETC.",ROZAMIENTOS,BUS,0,0,1,0,0,0,0,0,0,0,0,0,1,2,46,HOMBRE,ILESO,CONDUCTOR PRESENTE,NO,NO,0
196,706,707,2017,0,0,-0.338429,-78.545506,PICHINCHA,QUITO,QUITO,URBANA,2017-01-10,00:10:00,0,MARTES,2,ENERO,1,NO,"NO RESPETAR LAS SENIALES REGLAMENTARIAS DE TRANSITO. (PARE, CEDA EL PASO, LUZ ROJA DEL SEMAFORO, ETC).",CHOQUE LATERAL,CAMIONETA,0,0,0,0,1,0,0,0,0,1,0,0,0,2,-1,NO IDENTIFICADO,NO IDENTIFICADO,CONDUCTOR AUSENTE,NO,NO,2
197,710,711,2017,2,0,-0.214643,-78.516701,PICHINCHA,QUITO,QUITO,URBANA,2017-01-10,06:20:00,6,MARTES,2,ENERO,1,NO,NO TRANSITAR POR LAS ACERAS O ZONAS DE SEGURIDAD DESTINADAS PARA EL EFECTO.,ATROPELLOS,VEHICULO DEPORTIVO UTILITARIO,0,0,0,0,0,0,0,0,0,0,0,0,1,1,61,HOMBRE,LESIONADO,PEATON,NO,NO,0
198,712,713,2017,1,0,-0.195773,-78.505788,PICHINCHA,QUITO,QUITO,URBANA,2017-01-10,06:30:00,6,MARTES,2,ENERO,1,NO,NO CEDER EL DERECHO DE VIA O PREFERENCIA DE PASO AL PEATON.,ATROPELLOS,AUTOMOVIL,1,0,0,0,0,0,0,0,0,0,0,0,0,1,19,MUJER,LESIONADO,PEATON,NO,NO,0
199,714,715,2017,1,0,-0.220366,-78.508289,PICHINCHA,QUITO,QUITO,URBANA,2017-01-10,07:30:00,7,MARTES,2,ENERO,1,NO,NO TRANSITAR POR LAS ACERAS O ZONAS DE SEGURIDAD DESTINADAS PARA EL EFECTO.,ATROPELLOS,BUS,0,0,1,0,0,0,0,0,0,0,0,0,0,1,29,HOMBRE,LESIONADO,PEATON,NO,NO,0
200,718,719,2017,1,0,-0.185472,-78.490862,PICHINCHA,QUITO,QUITO,URBANA,2017-01-10,08:30:00,8,MARTES,2,ENERO,1,NO,"CONDUCIR DESATENTO A LAS CONDICIONES DE TRANSITO (CELULAR, PANTALLAS DE VIDEO, COMIDA, MAQUILLAJE O CUALQUIER OTRO ELEMENTO DISTRACTOR).",ATROPELLOS,CAMIONETA,0,0,0,0,1,0,0,0,0,0,0,0,0,1,37,MUJER,LESIONADO,PEATON,NO,NO,0
201,719,720,2017,1,0,-0.188521,-78.448241,PICHINCHA,QUITO,NAYON,RURAL,2017-01-10,08:50:00,8,MARTES,2,ENERO,1,NO,NO CEDER EL DERECHO DE VIA O PREFERENCIA DE PASO AL PEATON.,ATROPELLOS,AUTOMOVIL,1,0,0,0,0,0,0,0,0,0,0,0,0,1,42,HOMBRE,LESIONADO,PEATON,NO,NO,3
202,720,721,2017,1,0,-0.191772,-78.497721,PICHINCHA,QUITO,QUITO,URBANA,2017-01-10,08:55:00,8,MARTES,2,ENERO,1,NO,CONDUCIR VEHICULO SUPERANDO LOS LIMITES MAXIMOS DE VELOCIDAD.,CHOQUE POSTERIOR,AUTOMOVIL,2,0,0,0,0,0,0,0,0,0,0,0,0,2,37,MUJER,LESIONADO,CONDUCTOR PRESENTE,NO,NO,0
203,723,724,2017,0,0,-0.196258,-78.497572,PICHINCHA,QUITO,QUITO,URBANA,2017-01-10,09:22:00,9,MARTES,2,ENERO,1,NO,CONDUCIR VEHICULO SUPERANDO LOS LIMITES MAXIMOS DE VELOCIDAD.,CHOQUE LATERAL,AUTOMOVIL,1,0,0,0,0,0,0,0,0,0,0,0,1,2,41,HOMBRE,ILESO,CONDUCTOR PRESENTE,NO,NO,0
204,727,728,2017,0,0,-0.216631,-78.504883,PICHINCHA,QUITO,QUITO,URBANA,2017-01-10,11:15:00,11,MARTES,2,ENERO,1,NO,NO GUARDAR LA DISTANCIA LATERAL MINIMA DE SEGURIDAD ENTRE VEHICULOS.,ROZAMIENTOS,BUS,1,0,1,0,0,0,0,0,0,0,0,0,0,2,29,HOMBRE,ILESO,CONDUCTOR PRESENTE,NO,NO,0
205,729,730,2017,0,0,-0.198046,-78.486601,PICHINCHA,QUITO,QUITO,URBANA,2017-01-10,12:00:00,12,MARTES,2,ENERO,1,NO,"NO RESPETAR LAS SENIALES REGLAMENTARIAS DE TRANSITO. (PARE, CEDA EL PASO, LUZ ROJA DEL SEMAFORO, ETC).",CHOQUE LATERAL,BUS,0,0,1,0,0,0,0,0,0,0,0,0,1,2,34,HOMBRE,ILESO,CONDUCTOR PRESENTE,NO,NO,0
206,736,737,2017,0,0,-0.211446,-78.501233,PICHINCHA,QUITO,QUITO,URBANA,2017-01-10,13:00:00,13,MARTES,2,ENERO,1,NO,REALIZAR CAMBIO BRUSCO O INDEBIDO DE CARRIL.,COLISION,VEHICULO DEPORTIVO UTILITARIO,2,0,0,0,0,0,0,0,0,0,0,0,1,3,58,HOMBRE,ILESO,CONDUCTOR PRESENTE,NO,NO,0
207,738,739,2017,3,0,-0.274361,-78.510706,PICHINCHA,QUITO,QUITO,URBANA,2017-01-10,13:05:00,13,MARTES,2,ENERO,1,NO,CONDUCIR VEHICULO SUPERANDO LOS LIMITES MAXIMOS DE VELOCIDAD.,COLISION,AUTOMOVIL,3,0,0,0,0,0,0,0,0,0,0,0,0,3,45,MUJER,LESIONADO,PASAJERO,NO,NO,0
208,742,743,2017,0,0,-0.201313,-78.499612,PICHINCHA,QUITO,QUITO,URBANA,2017-01-10,13:30:00,13,MARTES,2,ENERO,1,NO,NO CEDER EL DERECHO DE VIA O PREFERENCIA DE PASO AL PEATON.,ATROPELLOS,VEHICULO DEPORTIVO UTILITARIO,0,0,0,0,0,0,0,0,0,0,0,0,1,1,24,MUJER,ILESO,PEATON,NO,NO,0
209,743,744,2017,3,0,-0.214121,-78.407911,PICHINCHA,QUITO,TUMBACO,RURAL,2017-01-10,13:55:00,13,MARTES,2,ENERO,1,NO,NO TRANSITAR POR LAS ACERAS O ZONAS DE SEGURIDAD DESTINADAS PARA EL EFECTO.,ATROPELLOS,MOTOCICLETA,0,0,0,0,0,0,0,0,1,0,0,0,0,1,39,HOMBRE,LESIONADO,CONDUCTOR PRESENTE,NO,NO,3
210,744,745,2017,0,0,-0.094839,-78.482724,PICHINCHA,QUITO,QUITO,URBANA,2017-01-10,14:00:00,14,MARTES,2,ENERO,1,NO,NO GUARDAR LA DISTANCIA LATERAL MINIMA DE SEGURIDAD ENTRE VEHICULOS.,ROZAMIENTOS,VEHICULO DEPORTIVO UTILITARIO,0,0,0,0,0,0,0,0,0,1,0,0,1,2,33,HOMBRE,ILESO,CONDUCTOR PRESENTE,NO,NO,0
211,747,748,2017,0,0,-0.185856,-78.477867,PICHINCHA,QUITO,QUITO,URBANA,2017-01-10,14:40:00,14,MARTES,2,ENERO,1,NO,"CONDUCIR DESATENTO A LAS CONDICIONES DE TRANSITO (CELULAR, PANTALLAS DE VIDEO, COMIDA, MAQUILLAJE O CUALQUIER OTRO ELEMENTO DISTRACTOR).",ESTRELLAMIENTOS,AUTOMOVIL,1,0,0,0,0,0,0,0,0,0,0,0,0,1,25,HOMBRE,ILESO,CONDUCTOR PRESENTE,NO,NO,0
212,748,749,2017,1,0,-0.141342,-78.500925,PICHINCHA,QUITO,QUITO,URBANA,2017-01-10,14:40:00,14,MARTES,2,ENERO,1,NO,DEJAR O RECOGER PASAJEROS EN LUGARES NO PERMITIDOS.,CAIDA DE PASAJERO,NO IDENTIFICADO,0,0,0,0,0,0,0,0,0,1,0,0,0,1,22,HOMBRE,LESIONADO,PASAJERO,NO,NO,0
213,749,750,2017,1,1,-0.282959,-78.543205,PICHINCHA,QUITO,QUITO,URBANA,2017-01-10,14:40:00,14,MARTES,2,ENERO,1,NO,NO CEDER EL DERECHO DE VIA O PREFERENCIA DE PASO AL PEATON.,ARROLLAMIENTOS,BUS,0,0,1,0,0,0,0,0,0,0,0,0,0,1,75,MUJER,FALLECIDO,PEATON,NO,NO,0
214,750,751,2017,0,0,-0.206111,-78.492611,PICHINCHA,QUITO,QUITO,URBANA,2017-01-10,15:15:00,15,MARTES,2,ENERO,1,NO,NO MANTENER LA DISTANCIA PRUDENCIAL CON RESPECTO AL VEHICULO QUE LE ANTECEDE.,COLISION,AUTOMOVIL,2,0,0,0,0,0,0,0,0,0,0,0,1,3,34,HOMBRE,ILESO,CONDUCTOR PRESENTE,NO,NO,0
215,751,752,2017,0,0,-0.208529,-78.488978,PICHINCHA,QUITO,QUITO,URBANA,2017-01-10,15:25:00,15,MARTES,2,ENERO,1,NO,NO GUARDAR LA DISTANCIA LATERAL MINIMA DE SEGURIDAD ENTRE VEHICULOS.,ROZAMIENTOS,AUTOMOVIL,1,0,0,0,1,0,0,0,0,0,0,0,0,2,24,HOMBRE,ILESO,CONDUCTOR PRESENTE,NO,NO,0
216,754,755,2017,0,0,-0.163387,-78.475307,PICHINCHA,QUITO,QUITO,URBANA,2017-01-10,16:08:00,16,MARTES,2,ENERO,1,NO,NO MANTENER LA DISTANCIA PRUDENCIAL CON RESPECTO AL VEHICULO QUE LE ANTECEDE.,CHOQUE POSTERIOR,AUTOMOVIL,1,0,0,0,0,0,0,0,0,1,0,0,0,2,66,HOMBRE,ILESO,CONDUCTOR PRESENTE,NO,NO,0
217,759,760,2017,1,0,-0.283461,-78.543792,PICHINCHA,QUITO,QUITO,URBANA,2017-01-10,17:30:00,17,MARTES,2,ENERO,1,NO,NO CEDER EL DERECHO DE VIA O PREFERENCIA DE PASO AL PEATON.,ATROPELLOS,AUTOMOVIL,1,0,0,0,0,0,0,0,0,0,0,0,0,1,42,MUJER,LESIONADO,PEATON,NO,NO,0
218,760,761,2017,0,0,-0.227329,-78.507122,PICHINCHA,QUITO,QUITO,URBANA,2017-01-10,17:35:00,17,MARTES,2,ENERO,1,NO,"ADELANTAR O REBASAR A OTRO VEHICULO EN MOVIMIENTO EN ZONAS O SITIOS PELIGROSOS TALES COMO: CURVAS, PUENTES, TUNELES, PENDIENTES, ETC.",ROZAMIENTOS,BUS,0,0,2,0,0,0,0,0,0,0,0,0,0,2,30,HOMBRE,ILESO,CONDUCTOR PRESENTE,NO,NO,0
219,763,764,2017,0,0,-0.159542,-78.463786,PICHINCHA,QUITO,QUITO,URBANA,2017-01-10,18:35:00,18,MARTES,2,ENERO,1,NO,REALIZAR CAMBIO BRUSCO O INDEBIDO DE CARRIL.,COLISION,AUTOMOVIL,3,0,0,0,1,0,0,0,0,0,0,0,0,4,27,MUJER,ILESO,CONDUCTOR PRESENTE,NO,NO,0
220,771,772,2017,0,0,-0.210177,-78.424736,PICHINCHA,QUITO,CUMBAYA,RURAL,2017-01-10,20:10:00,20,MARTES,2,ENERO,1,NO,NO MANTENER LA DISTANCIA PRUDENCIAL CON RESPECTO AL VEHICULO QUE LE ANTECEDE.,CHOQUE POSTERIOR,AUTOMOVIL,1,0,0,0,0,0,0,0,0,1,0,0,0,2,38,HOMBRE,ILESO,CONDUCTOR PRESENTE,NO,NO,3
221,772,773,2017,1,0,-0.165107,-78.323392,PICHINCHA,QUITO,YARUQUI,RURAL,2017-01-10,20:20:00,20,MARTES,2,ENERO,1,NO,PEATON QUE CRUZA LA CALZADA SIN RESPETAR LA SENIALIZACION EXISTENTE (SEMAFOROS O SENIALES MANUALES).,ATROPELLOS,CAMIONETA,0,0,0,0,1,0,0,0,0,0,0,0,0,1,8,HOMBRE,LESIONADO,PEATON,NO,NO,3
222,774,775,2017,0,0,-0.123003,-78.493776,PICHINCHA,QUITO,QUITO,URBANA,2017-01-10,21:20:00,21,MARTES,2,ENERO,1,NO,"NO RESPETAR LAS SENIALES REGLAMENTARIAS DE TRANSITO. (PARE, CEDA EL PASO, LUZ ROJA DEL SEMAFORO, ETC).",CHOQUE LATERAL,VEHICULO DEPORTIVO UTILITARIO,1,0,0,0,0,0,0,0,0,0,0,0,1,2,22,HOMBRE,ILESO,CONDUCTOR PRESENTE,NO,NO,0
223,777,778,2017,1,0,-0.205558,-78.491948,PICHINCHA,QUITO,QUITO,URBANA,2017-01-10,22:25:00,22,MARTES,2,ENERO,1,NO,CONDUCIR VEHICULO SUPERANDO LOS LIMITES MAXIMOS DE VELOCIDAD.,PERDIDA DE PISTA,MOTOCICLETA,0,0,0,0,0,0,0,0,1,0,0,0,0,1,22,HOMBRE,LESIONADO,PASAJERO,NO,NO,0
224,778,779,2017,1,0,-0.259465,-78.551371,PICHINCHA,QUITO,QUITO,URBANA,2017-01-10,23:20:00,23,MARTES,2,ENERO,1,NO,NO CEDER EL DERECHO DE VIA O PREFERENCIA DE PASO AL PEATON.,ATROPELLOS,NO IDENTIFICADO,0,0,0,0,0,0,0,0,0,1,0,0,0,1,26,HOMBRE,LESIONADO,PEATON,NO,NO,0
225,780,781,2017,0,0,-0.133597,-78.497703,PICHINCHA,QUITO,QUITO,URBANA,2017-01-10,23:50:00,23,MARTES,2,ENERO,1,NO,"CONDUCIR EN ESTADO DE SOMNOLENCIA O MALAS CONDICIONES FISICAS (SUENIO, CANSANCIO Y FATIGA).",ESTRELLAMIENTOS,AUTOMOVIL,1,0,0,0,0,0,0,0,0,0,0,0,0,1,-1,NO IDENTIFICADO,NO IDENTIFICADO,CONDUCTOR AUSENTE,NO,NO,2
226,781,782,2017,1,0,-0.296543,-78.454131,PICHINCHA,QUITO,ALANGASI,RURAL,2017-01-11,00:05:00,0,MIERCOLES,3,ENERO,1,NO,"CONDUCIR EN ESTADO DE SOMNOLENCIA O MALAS CONDICIONES FISICAS (SUENIO, CANSANCIO Y FATIGA).",ESTRELLAMIENTOS,AUTOMOVIL,1,0,0,0,0,0,0,0,0,0,0,0,0,1,25,HOMBRE,LESIONADO,PASAJERO,NO,NO,3
227,782,783,2017,0,0,-0.287051,-78.531139,PICHINCHA,QUITO,QUITO,URBANA,2017-01-11,00:05:00,0,MIERCOLES,3,ENERO,1,NO,NO CEDER EL DERECHO DE VIA O PREFERENCIA DE PASO A VEHICULOS.,CHOQUE LATERAL,FURGONETA,1,0,0,0,0,0,0,1,0,0,0,0,0,2,27,HOMBRE,ILESO,CONDUCTOR PRESENTE,NO,NO,0
228,786,787,2017,1,0,-0.221253,-78.508111,PICHINCHA,QUITO,QUITO,URBANA,2017-01-11,05:55:00,5,MIERCOLES,3,ENERO,1,NO,NO CEDER EL DERECHO DE VIA O PREFERENCIA DE PASO AL PEATON.,ATROPELLOS,NO IDENTIFICADO,0,0,0,0,0,0,0,0,0,1,0,0,0,1,45,MUJER,LESIONADO,PEATON,NO,NO,0
229,788,789,2017,0,0,-0.199767,-78.428809,PICHINCHA,QUITO,CUMBAYA,RURAL,2017-01-11,06:00:00,6,MIERCOLES,3,ENERO,1,NO,CONDUCIR VEHICULO SUPERANDO LOS LIMITES MAXIMOS DE VELOCIDAD.,ESTRELLAMIENTOS,CAMIONETA,0,0,0,0,1,0,0,0,0,0,0,0,0,1,25,HOMBRE,ILESO,CONDUCTOR PRESENTE,NO,NO,3
230,789,790,2017,1,0,-0.144708,-78.474749,PICHINCHA,QUITO,QUITO,URBANA,2017-01-11,06:05:00,6,MIERCOLES,3,ENERO,1,NO,"CONDUCE BAJO LA INFLUENCIA DE ALCOHOL, SUSTANCIAS ESTUPEFACIENTES O PSICOTROPICAS Y/O MEDICAMENTOS.",CHOQUE LATERAL,MOTOCICLETA,1,0,0,0,0,0,0,0,1,0,0,0,0,2,26,HOMBRE,LESIONADO,CONDUCTOR PRESENTE,NO,NO,0
231,796,797,2017,0,0,-0.176687,-78.493732,PICHINCHA,QUITO,QUITO,URBANA,2017-01-11,08:35:00,8,MIERCOLES,3,ENERO,1,NO,"NO RESPETAR LAS SENIALES REGLAMENTARIAS DE TRANSITO. (PARE, CEDA EL PASO, LUZ ROJA DEL SEMAFORO, ETC).",COLISION,AUTOMOVIL,1,0,0,0,1,0,0,0,0,1,0,0,0,3,25,HOMBRE,ILESO,CONDUCTOR PRESENTE,NO,NO,0
232,799,800,2017,2,0,-0.195309,-78.436098,PICHINCHA,QUITO,CUMBAYA,RURAL,2017-01-11,09:15:00,9,MIERCOLES,3,ENERO,1,NO,NO MANTENER LA DISTANCIA PRUDENCIAL CON RESPECTO AL VEHICULO QUE LE ANTECEDE.,CHOQUE LATERAL,VEHICULO DEPORTIVO UTILITARIO,0,0,0,1,0,0,0,0,0,0,0,0,1,2,46,HOMBRE,LESIONADO,CONDUCTOR PRESENTE,NO,NO,3
233,801,802,2017,1,0,-0.215737,-78.502415,PICHINCHA,QUITO,QUITO,URBANA,2017-01-11,10:10:00,10,MIERCOLES,3,ENERO,1,NO,NO TRANSITAR POR LAS ACERAS O ZONAS DE SEGURIDAD DESTINADAS PARA EL EFECTO.,ATROPELLOS,BUS,0,0,1,0,1,0,0,0,0,0,0,0,0,2,84,HOMBRE,LESIONADO,PEATON,NO,NO,0
234,810,811,2017,0,0,-0.154471,-78.476286,PICHINCHA,QUITO,QUITO,URBANA,2017-01-11,13:10:00,13,MIERCOLES,3,ENERO,1,NO,NO GUARDAR LA DISTANCIA LATERAL MINIMA DE SEGURIDAD ENTRE VEHICULOS.,ROZAMIENTOS,CAMION,0,0,0,1,0,0,0,1,0,0,0,0,0,2,26,HOMBRE,ILESO,CONDUCTOR PRESENTE,NO,NO,0
235,811,812,2017,1,0,-0.193023,-78.482781,PICHINCHA,QUITO,QUITO,URBANA,2017-01-11,13:20:00,13,MIERCOLES,3,ENERO,1,NO,"NO RESPETAR LAS SENIALES REGLAMENTARIAS DE TRANSITO. (PARE, CEDA EL PASO, LUZ ROJA DEL SEMAFORO, ETC).",CHOQUE LATERAL,AUTOMOVIL,1,0,0,0,0,0,0,0,1,0,0,0,0,2,39,HOMBRE,LESIONADO,CONDUCTOR PRESENTE,NO,NO,0
236,812,813,2017,1,0,-0.296902,-78.567806,PICHINCHA,QUITO,QUITO,URBANA,2017-01-11,13:35:00,13,MIERCOLES,3,ENERO,1,NO,NO CEDER EL DERECHO DE VIA O PREFERENCIA DE PASO A VEHICULOS.,CHOQUE LATERAL,BICICLETA,0,1,0,0,0,0,0,0,0,1,0,0,0,2,31,HOMBRE,LESIONADO,CONDUCTOR PRESENTE,NO,NO,0