,Unnamed: 0,ID,ANIO,LESIONADOS,FALLECIDOS,LATITUD_Y,LONGITUD_X,PROVINCIA,CANTON,PARROQUIA,ZONA,FECHA,HORA,PERIODO_2,DIA_1,DIA_2,MES_1,MES_2,FERIADO,CAUSA_PROBABLE,TIPO_DE_SINIESTRO,TIPO_DE_VEHICULO_1,AUTOMOVIL,BICICLETA,BUS,CAMION,CAMIONETA,EMERGENCIAS,ESPECIAL,FURGONETA,MOTOCICLETA,NO_IDENTIFICADO,SCOOTER_ELECTRICO,TRICIMOTO,VEHICULO_DEPORTIVO_UTILITARIO,SUMA_DE_VEHICULOS,EDAD_1,SEXO_1,CONDICION_1,PARTICIPANTE_1,CASCO_1,CINTURON_1,KMeans_Cluster
237,813,814,2017,0,0,-0.289998,-78.476392,PICHINCHA,QUITO,CONOCOTO,RURAL,2017-01-11,14:00:00,14,MIERCOLES,3,ENERO,1,NO,"CONDUCIR DESATENTO A LAS CONDICIONES DE TRANSITO (CELULAR, PANTALLAS DE VIDEO, COMIDA, MAQUILLAJE O CUALQUIER OTRO ELEMENTO DISTRACTOR).",ESTRELLAMIENTOS,BUS,0,0,1,0,1,0,0,0,0,0,0,0,0,2,36,HOMBRE,ILESO,CONDUCTOR PRESENTE,NO,NO,3
238,820,821,2017,1,0,-0.149645,-78.475892,PICHINCHA,QUITO,QUITO,URBANA,2017-01-11,15:50:00,15,MIERCOLES,3,ENERO,1,NO,"NO RESPETAR LAS SENIALES REGLAMENTARIAS DE TRANSITO. (PARE, CEDA EL PASO, LUZ ROJA DEL SEMAFORO, ETC).",OTROS,MOTOCICLETA,0,0,0,0,0,0,0,0,1,1,0,0,0,2,23,HOMBRE,LESIONADO,CONDUCTOR PRESENTE,NO,NO,0
239,832,833,2017,0,0,-0.221169,-78.511336,PICHINCHA,QUITO,QUITO,URBANA,2017-01-11,17:20:00,17,MIERCOLES,3,ENERO,1,NO,DEJAR O RECOGER PASAJEROS EN LUGARES NO PERMITIDOS.,CAIDA DE PASAJERO,NO IDENTIFICADO,0,0,0,0,0,0,0,0,0,1,0,0,0,1,35,HOMBRE,ILESO,PASAJERO,NO,NO,0
240,836,837,2017,0,0,-0.170476,-78.450346,PICHINCHA,QUITO,QUITO,URBANA,2017-01-11,17:50:00,17,MIERCOLES,3,ENERO,1,NO,"CONDUCIR DESATENTO A LAS CONDICIONES DE TRANSITO (CELULAR, PANTALLAS DE VIDEO, COMIDA, MAQUILLAJE O CUALQUIER OTRO ELEMENTO DISTRACTOR).",ESTRELLAMIENTOS,VEHICULO DEPORTIVO UTILITARIO,0,0,0,0,0,0,0,0,0,0,0,0,1,1,-1,NO IDENTIFICADO,NO IDENTIFICADO,CONDUCTOR AUSENTE,NO,NO,2
241,839,840,2017,1,0,-0.334429,-78.520038,PICHINCHA,QUITO,QUITO,URBANA,2017-01-11,18:30:00,18,MIERCOLES,3,ENERO,1,NO,NO TRANSITAR POR LAS ACERAS O ZONAS DE SEGURIDAD DESTINADAS PARA EL EFECTO.,ATROPELLOS,VEHICULO DEPORTIVO UTILITARIO,0,0,0,0,0,0,0,0,0,0,0,0,1,1,74,HOMBRE,LESIONADO,PEATON,NO,NO,0
242,840,841,2017,2,0,-0.215971,-78.502961,PICHINCHA,QUITO,QUITO,URBANA,2017-01-11,19:10:00,19,MIERCOLES,3,ENERO,1,NO,NO CEDER EL DERECHO DE VIA O PREFERENCIA DE PASO AL PEATON.,ATROPELLOS,MOTOCICLETA,0,0,0,0,0,0,0,0,1,0,0,0,0,1,75,MUJER,LESIONADO,PEATON,NO,NO,0
243,842,843,2017,1,0,-0.225821,-78.346456,PICHINCHA,QUITO,PIFO,RURAL,2017-01-11,19:30:00,19,MIERCOLES,3,ENERO,1,NO,CONDUCIR VEHICULO SUPERANDO LOS LIMITES MAXIMOS DE VELOCIDAD.,ESTRELLAMIENTOS,AUTOMOVIL,1,0,0,0,0,0,0,0,0,0,0,0,0,1,18,HOMBRE,LESIONADO,CONDUCTOR PRESENTE,NO,NO,3
244,843,844,2017,0,0,-0.105779,-78.462379,PICHINCHA,QUITO,QUITO,RURAL,2017-01-11,19:50:00,19,MIERCOLES,3,ENERO,1,NO,"CONDUCE BAJO LA INFLUENCIA DE ALCOHOL, SUSTANCIAS ESTUPEFACIENTES O PSICOTROPICAS Y/O MEDICAMENTOS.",COLISION,AUTOMOVIL,2,0,0,0,0,0,0,0,0,0,0,0,1,3,34,HOMBRE,ILESO,CONDUCTOR PRESENTE,NO,NO,3
245,844,845,2017,1,0,-0.271586,-78.528871,PICHINCHA,QUITO,QUITO,URBANA,2017-01-11,20:15:00,20,MIERCOLES,3,ENERO,1,NO,NO CEDER EL DERECHO DE VIA O PREFERENCIA DE PASO AL PEATON.,ATROPELLOS,NO IDENTIFICADO,0,0,0,0,0,0,0,0,0,1,0,0,0,1,17,HOMBRE,LESIONADO,PEATON,NO,NO,0
246,847,848,2017,0,0,-0.261958,-78.558875,PICHINCHA,QUITO,QUITO,URBANA,2017-01-11,20:43:00,20,MIERCOLES,3,ENERO,1,NO,"CONDUCIR DESATENTO A LAS CONDICIONES DE TRANSITO (CELULAR, PANTALLAS DE VIDEO, COMIDA, MAQUILLAJE O CUALQUIER OTRO ELEMENTO DISTRACTOR).",ESTRELLAMIENTOS,AUTOMOVIL,1,0,0,0,0,0,0,0,0,0,0,0,0,1,42,MUJER,ILESO,CONDUCTOR PRESENTE,NO,NO,0
247,849,850,2017,1,0,-0.101875,-78.490497,PICHINCHA,QUITO,QUITO,URBANA,2017-01-11,21:10:00,21,MIERCOLES,3,ENERO,1,NO,NO TRANSITAR POR LAS ACERAS O ZONAS DE SEGURIDAD DESTINADAS PARA EL EFECTO.,ATROPELLOS,NO IDENTIFICADO,0,0,0,0,0,0,0,0,0,1,0,0,0,1,20,HOMBRE,LESIONADO,PEATON,NO,NO,0
248,854,855,2017,0,0,-0.318561,-78.570579,PICHINCHA,QUITO,QUITO,URBANA,2017-01-11,23:10:00,23,MIERCOLES,3,ENERO,1,NO,"NO RESPETAR LAS SENIALES REGLAMENTARIAS DE TRANSITO. (PARE, CEDA EL PASO, LUZ ROJA DEL SEMAFORO, ETC).",CHOQUE LATERAL,MOTOCICLETA,1,0,0,0,0,0,0,0,1,0,0,0,0,2,26,HOMBRE,ILESO,CONDUCTOR PRESENTE,NO,NO,0
249,855,856,2017,0,0,-0.232483,-78.448305,PICHINCHA,QUITO,CUMBAYA,RURAL,2017-01-11,23:25:00,23,MIERCOLES,3,ENERO,1,NO,CONDUCIR VEHICULO SUPERANDO LOS LIMITES MAXIMOS DE VELOCIDAD.,ESTRELLAMIENTOS,AUTOMOVIL,1,0,0,0,0,0,0,0,0,0,0,0,0,1,-1,NO IDENTIFICADO,NO IDENTIFICADO,CONDUCTOR AUSENTE,NO,NO,2
250,856,857,2017,0,0,-0.204358,-78.490011,PICHINCHA,QUITO,QUITO,URBANA,2017-01-11,23:35:00,23,MIERCOLES,3,ENERO,1,NO,"CONDUCE BAJO LA INFLUENCIA DE ALCOHOL, SUSTANCIAS ESTUPEFACIENTES O PSICOTROPICAS Y/O MEDICAMENTOS.",COLISION,VEHICULO DEPORTIVO UTILITARIO,1,0,0,0,0,0,0,0,1,0,0,0,1,3,33,HOMBRE,ILESO,CONDUCTOR PRESENTE,NO,NO,0
251,858,859,2017,0,0,-0.209592,-78.467108,PICHINCHA,QUITO,QUITO,RURAL,2017-01-11,23:50:00,23,MIERCOLES,3,ENERO,1,NO,"CONDUCIR EN ESTADO DE SOMNOLENCIA O MALAS CONDICIONES FISICAS (SUENIO, CANSANCIO Y FATIGA).",ESTRELLAMIENTOS,VEHICULO DEPORTIVO UTILITARIO,0,0,0,0,0,0,0,0,0,0,0,0,1,1,-1,NO IDENTIFICADO,NO IDENTIFICADO,CONDUCTOR AUSENTE,NO,NO,2
252,863,864,2017,0,0,-0.148566,-78.466643,PICHINCHA,QUITO,QUITO,URBANA,2017-01-12,03:45:00,3,JUEVES,4,ENERO,1,NO,"CONDUCIR EN ESTADO DE SOMNOLENCIA O MALAS CONDICIONES FISICAS (SUENIO, CANSANCIO Y FATIGA).",PERDIDA DE PISTA,MOTOCICLETA,0,0,0,0,0,0,0,0,1,0,0,0,0,1,28,HOMBRE,ILESO,CONDUCTOR PRESENTE,NO,NO,0
253,866,867,2017,0,0,-0.237667,-78.484685,PICHINCHA,QUITO,QUITO,URBANA,2017-01-12,06:45:00,6,JUEVES,4,ENERO,1,NO,NO GUARDAR LA DISTANCIA LATERAL MINIMA DE SEGURIDAD ENTRE VEHICULOS.,ROZAMIENTOS,BUS,0,0,1,0,1,0,0,0,0,0,0,0,0,2,32,HOMBRE,ILESO,CONDUCTOR PRESENTE,NO,NO,0
254,867,868,2017,2,0,-0.156174,-78.464485,PICHINCHA,QUITO,QUITO,URBANA,2017-01-12,06:50:00,6,JUEVES,4,ENERO,1,NO,"NO RESPETAR LAS SENIALES REGLAMENTARIAS DE TRANSITO. (PARE, CEDA EL PASO, LUZ ROJA DEL SEMAFORO, ETC).",CHOQUE LATERAL,VEHICULO DEPORTIVO UTILITARIO,1,0,0,0,0,0,0,0,0,0,0,0,1,2,41,HOMBRE,LESIONADO,CONDUCTOR PRESENTE,NO,NO,0
255,869,870,2017,1,0,-0.224446,-78.521422,PICHINCHA,QUITO,QUITO,URBANA,2017-01-12,07:20:00,7,JUEVES,4,ENERO,1,NO,NO CEDER EL DERECHO DE VIA O PREFERENCIA DE PASO AL PEATON.,ATROPELLOS,MOTOCICLETA,1,0,0,0,0,0,0,0,1,0,0,0,0,2,21,MUJER,LESIONADO,PEATON,NO,NO,0
256,875,876,2017,1,0,-0.172307,-78.490184,PICHINCHA,QUITO,QUITO,URBANA,2017-01-12,08:40:00,8,JUEVES,4,ENERO,1,NO,NO CEDER EL DERECHO DE VIA O PREFERENCIA DE PASO AL PEATON.,ATROPELLOS,NO IDENTIFICADO,0,0,0,0,0,0,0,0,0,1,0,0,0,1,36,MUJER,LESIONADO,PEATON,NO,NO,0
257,876,877,2017,1,0,-0.189085,-78.511578,PICHINCHA,QUITO,QUITO,URBANA,2017-01-12,08:50:00,8,JUEVES,4,ENERO,1,NO,"NO RESPETAR LAS SENIALES REGLAMENTARIAS DE TRANSITO. (PARE, CEDA EL PASO, LUZ ROJA DEL SEMAFORO, ETC).",CHOQUE LATERAL,AUTOMOVIL,1,0,0,0,0,0,0,0,1,0,0,0,0,2,30,HOMBRE,LESIONADO,CONDUCTOR PRESENTE,NO,NO,0
258,880,881,2017,0,0,-0.219158,-78.507322,PICHINCHA,QUITO,QUITO,URBANA,2017-01-12,10:05:00,10,JUEVES,4,ENERO,1,NO,NO CEDER EL DERECHO DE VIA O PREFERENCIA DE PASO A VEHICULOS.,CHOQUE LATERAL,AUTOMOVIL,1,0,0,0,1,0,0,0,0,0,0,0,0,2,60,HOMBRE,ILESO,CONDUCTOR PRESENTE,NO,NO,0
259,883,884,2017,0,0,-0.211422,-78.501401,PICHINCHA,QUITO,QUITO,URBANA,2017-01-12,11:18:00,11,JUEVES,4,ENERO,1,NO,NO GUARDAR LA DISTANCIA LATERAL MINIMA DE SEGURIDAD ENTRE VEHICULOS.,ROZAMIENTOS,AUTOMOVIL,1,0,0,0,0,0,0,0,1,0,0,0,0,2,60,HOMBRE,ILESO,CONDUCTOR PRESENTE,NO,NO,0
260,884,885,2017,0,0,-0.191711,-78.493369,PICHINCHA,QUITO,QUITO,URBANA,2017-01-12,11:45:00,11,JUEVES,4,ENERO,1,NO,NO MANTENER LA DISTANCIA PRUDENCIAL CON RESPECTO AL VEHICULO QUE LE ANTECEDE.,CHOQUE POSTERIOR,CAMIONETA,1,0,0,0,1,0,0,0,0,0,0,0,0,2,42,HOMBRE,ILESO,CONDUCTOR PRESENTE,NO,NO,0
261,885,886,2017,1,0,-0.108412,-78.297378,PICHINCHA,QUITO,EL QUINCHE,RURAL,2017-01-12,12:00:00,12,JUEVES,4,ENERO,1,NO,DEJAR O RECOGER PASAJEROS EN LUGARES NO PERMITIDOS.,CAIDA DE PASAJERO,NO IDENTIFICADO,0,0,0,0,0,0,0,0,0,1,0,0,0,1,33,HOMBRE,LESIONADO,PASAJERO,NO,NO,3
262,886,887,2017,0,0,-0.277624,-78.531251,PICHINCHA,QUITO,QUITO,URBANA,2017-01-12,12:00:00,12,JUEVES,4,ENERO,1,NO,"CONDUCE BAJO LA INFLUENCIA DE ALCOHOL, SUSTANCIAS ESTUPEFACIENTES O PSICOTROPICAS Y/O MEDICAMENTOS.",COLISION,CAMION,1,0,0,1,0,0,0,0,0,0,0,0,1,3,37,HOMBRE,ILESO,CONDUCTOR PRESENTE,NO,NO,0
263,888,889,2017,1,0,-0.202734,-78.484984,PICHINCHA,QUITO,QUITO,URBANA,2017-01-12,12:45:00,12,JUEVES,4,ENERO,1,NO,"ADELANTAR O REBASAR A OTRO VEHICULO EN MOVIMIENTO EN ZONAS O SITIOS PELIGROSOS TALES COMO: CURVAS, PUENTES, TUNELES, PENDIENTES, ETC.",VOLCAMIENTOS,MOTOCICLETA,1,0,0,0,0,0,0,0,1,0,0,0,0,2,22,HOMBRE,LESIONADO,CONDUCTOR PRESENTE,NO,NO,0
264,890,891,2017,1,0,-0.200491,-78.500659,PICHINCHA,QUITO,QUITO,URBANA,2017-01-12,13:35:00,13,JUEVES,4,ENERO,1,NO,NO CEDER EL DERECHO DE VIA O PREFERENCIA DE PASO AL PEATON.,ATROPELLOS,VEHICULO DEPORTIVO UTILITARIO,0,0,0,0,0,0,0,0,0,0,0,0,1,1,16,MUJER,LESIONADO,PEATON,NO,NO,0
265,893,894,2017,1,0,-0.215937,-78.404031,PICHINCHA,QUITO,TUMBACO,RURAL,2017-01-12,15:00:00,15,JUEVES,4,ENERO,1,NO,"NO RESPETAR LAS SENIALES REGLAMENTARIAS DE TRANSITO. (PARE, CEDA EL PASO, LUZ ROJA DEL SEMAFORO, ETC).",CHOQUE LATERAL,VEHICULO DEPORTIVO UTILITARIO,0,0,0,0,0,0,0,0,1,0,0,0,1,2,22,HOMBRE,LESIONADO,CONDUCTOR PRESENTE,NO,NO,3
266,896,897,2017,3,0,-0.188478,-78.447311,PICHINCHA,QUITO,NAYON,RURAL,2017-01-12,16:35:00,16,JUEVES,4,ENERO,1,NO,"ADELANTAR O REBASAR A OTRO VEHICULO EN MOVIMIENTO EN ZONAS O SITIOS PELIGROSOS TALES COMO: CURVAS, PUENTES, TUNELES, PENDIENTES, ETC.",CHOQUE FRONTAL,VEHICULO DEPORTIVO UTILITARIO,0,0,0,0,0,0,0,1,0,0,0,0,1,2,35,MUJER,LESIONADO,CONDUCTOR PRESENTE,NO,NO,3
267,899,900,2017,0,0,-0.133789,-78.470731,PICHINCHA,QUITO,QUITO,URBANA,2017-01-12,17:30:00,17,JUEVES,4,ENERO,1,NO,"NO RESPETAR LAS SENIALES REGLAMENTARIAS DE TRANSITO. (PARE, CEDA EL PASO, LUZ ROJA DEL SEMAFORO, ETC).",CHOQUE LATERAL,AUTOMOVIL,1,0,0,0,1,0,0,0,0,0,0,0,0,2,45,MUJER,ILESO,CONDUCTOR PRESENTE,NO,NO,0
268,903,904,2017,0,0,-0.199929,-78.482771,PICHINCHA,QUITO,QUITO,URBANA,2017-01-12,18:00:00,18,JUEVES,4,ENERO,1,NO,"CONDUCE BAJO LA INFLUENCIA DE ALCOHOL, SUSTANCIAS ESTUPEFACIENTES O PSICOTROPICAS Y/O MEDICAMENTOS.",CHOQUE POSTERIOR,AUTOMOVIL,2,0,0,0,0,0,0,0,0,0,0,0,0,2,22,HOMBRE,ILESO,CONDUCTOR PRESENTE,NO,NO,0
269,904,905,2017,0,0,-0.060012,-78.426881,PICHINCHA,QUITO,CALDERON (CARAPUNGO),RURAL,2017-01-12,18:12:00,18,JUEVES,4,ENERO,1,NO,CONDUCIR VEHICULO SUPERANDO LOS LIMITES MAXIMOS DE VELOCIDAD.,ESTRELLAMIENTOS,NO IDENTIFICADO,0,0,0,0,0,0,0,0,0,1,0,0,0,1,-1,NO IDENTIFICADO,NO IDENTIFICADO,CONDUCTOR AUSENTE,NO,NO,2
270,911,912,2017,1,0,-0.065016,-78.362275,PICHINCHA,QUITO,GUAYLLABAMBA,RURAL,2017-01-12,19:40:00,19,JUEVES,4,ENERO,1,NO,CONDUCIR VEHICULO SUPERANDO LOS LIMITES MAXIMOS DE VELOCIDAD.,OTROS,NO IDENTIFICADO,0,0,0,0,0,0,0,0,0,2,0,0,0,2,52,MUJER,LESIONADO,PASAJERO,NO,NO,3
271,912,913,2017,0,0,-0.198174,-78.499278,PICHINCHA,QUITO,QUITO,URBANA,2017-01-12,19:55:00,19,JUEVES,4,ENERO,1,NO,NO GUARDAR LA DISTANCIA LATERAL MINIMA DE SEGURIDAD ENTRE VEHICULOS.,ROZAMIENTOS,CAMIONETA,0,0,1,0,1,0,0,0,0,0,0,0,0,2,24,HOMBRE,ILESO,CONDUCTOR PRESENTE,NO,NO,0
272,922,923,2017,0,0,-0.105373,-78.462381,PICHINCHA,QUITO,QUITO,RURAL,2017-01-13,00:45:00,0,VIERNES,5,ENERO,1,NO,"CONDUCIR EN ESTADO DE SOMNOLENCIA O MALAS CONDICIONES FISICAS (SUENIO, CANSANCIO Y FATIGA).",VOLCAMIENTOS,AUTOMOVIL,1,0,0,0,0,0,0,0,0,0,0,0,0,1,-1,NO IDENTIFICADO,NO IDENTIFICADO,CONDUCTOR AUSENTE,NO,NO,2
273,923,924,2017,0,0,-0.197253,-78.489843,PICHINCHA,QUITO,QUITO,URBANA,2017-01-13,01:05:00,1,VIERNES,5,ENERO,1,NO,"CONDUCIR EN ESTADO DE SOMNOLENCIA O MALAS CONDICIONES FISICAS (SUENIO, CANSANCIO Y FATIGA).",ESTRELLAMIENTOS,VEHICULO DEPORTIVO UTILITARIO,0,0,0,0,0,0,0,0,0,0,0,0,1,1,34,HOMBRE,ILESO,CONDUCTOR PRESENTE,NO,NO,0
274,927,928,2017,0,0,-0.091491,-78.432266,PICHINCHA,QUITO,CALDERON (CARAPUNGO),RURAL,2017-01-13,04:00:00,4,VIERNES,5,ENERO,1,NO,"CONDUCE BAJO LA INFLUENCIA DE ALCOHOL, SUSTANCIAS ESTUPEFACIENTES O PSICOTROPICAS Y/O MEDICAMENTOS.",CHOQUE LATERAL,AUTOMOVIL,2,0,0,0,0,0,0,0,0,0,0,0,0,2,42,HOMBRE,ILESO,CONDUCTOR PRESENTE,NO,NO,3
275,928,929,2017,0,1,-0.264263,-78.550014,PICHINCHA,QUITO,QUITO,URBANA,2017-01-13,04:20:00,4,VIERNES,5,ENERO,1,NO,"NO RESPETAR LAS SENIALES REGLAMENTARIAS DE TRANSITO. (PARE, CEDA EL PASO, LUZ ROJA DEL SEMAFORO, ETC).",CHOQUE LATERAL,CAMIONETA,0,0,0,0,1,0,0,0,1,0,0,0,0,2,25,HOMBRE,FALLECIDO,CONDUCTOR PRESENTE,NO,NO,0
276,934,935,2017,2,0,-0.113215,-78.478989,PICHINCHA,QUITO,QUITO,URBANA,2017-01-13,06:40:00,6,VIERNES,5,ENERO,1,NO,"NO RESPETAR LAS SENIALES REGLAMENTARIAS DE TRANSITO. (PARE, CEDA EL PASO, LUZ ROJA DEL SEMAFORO, ETC).",CHOQUE LATERAL,MOTOCICLETA,0,0,0,0,0,0,0,0,1,1,0,0,0,2,17,MUJER,LESIONADO,PASAJERO,NO,NO,0
277,937,938,2017,0,0,-0.278971,-78.552871,PICHINCHA,QUITO,QUITO,URBANA,2017-01-13,07:05:00,7,VIERNES,5,ENERO,1,NO,REALIZAR CAMBIO BRUSCO O INDEBIDO DE CARRIL.,CHOQUE POSTERIOR,AUTOMOVIL,1,0,1,0,0,0,0,0,0,0,0,0,0,2,35,HOMBRE,ILESO,CONDUCTOR PRESENTE,NO,NO,0
278,940,941,2017,0,0,-0.237734,-78.509298,PICHINCHA,QUITO,QUITO,URBANA,2017-01-13,07:30:00,7,VIERNES,5,ENERO,1,NO,NO CEDER EL DERECHO DE VIA O PREFERENCIA DE PASO A VEHICULOS.,CHOQUE LATERAL,CAMION,0,0,0,1,0,0,0,0,1,0,0,0,0,2,31,HOMBRE,ILESO,CONDUCTOR PRESENTE,NO,NO,0
279,942,943,2017,0,0,-0.292724,-78.476486,PICHINCHA,QUITO,CONOCOTO,RURAL,2017-01-13,09:11:00,9,VIERNES,5,ENERO,1,NO,NO CEDER EL DERECHO DE VIA O PREFERENCIA DE PASO AL PEATON.,ATROPELLOS,VEHICULO DEPORTIVO UTILITARIO,0,0,0,0,0,0,0,0,0,0,0,0,1,1,24,MUJER,ILESO,CONDUCTOR PRESENTE,NO,NO,3
280,943,944,2017,1,0,-0.236797,-78.508037,PICHINCHA,QUITO,QUITO,URBANA,2017-01-13,09:15:00,9,VIERNES,5,ENERO,1,NO,"CONDUCIR DESATENTO A LAS CONDICIONES DE TRANSITO (CELULAR, PANTALLAS DE VIDEO, COMIDA, MAQUILLAJE O CUALQUIER OTRO ELEMENTO DISTRACTOR).",ARROLLAMIENTOS,VEHICULO DEPORTIVO UTILITARIO,0,0,0,0,0,0,0,0,0,0,0,0,1,1,4,HOMBRE,LESIONADO,PEATON,NO,NO,0
281,945,946,2017,0,0,-0.168041,-78.487461,PICHINCHA,QUITO,QUITO,URBANA,2017-01-13,09:30:00,9,VIERNES,5,ENERO,1,NO,NO MANTENER LA DISTANCIA PRUDENCIAL CON RESPECTO AL VEHICULO QUE LE ANTECEDE.,CHOQUE POSTERIOR,AUTOMOVIL,2,0,0,0,0,0,0,0,0,0,0,0,0,2,33,HOMBRE,ILESO,CONDUCTOR PRESENTE,NO,NO,0
282,948,949,2017,0,0,-0.292091,-78.558362,PICHINCHA,QUITO,QUITO,URBANA,2017-01-13,10:30:00,10,VIERNES,5,ENERO,1,NO,DEJAR O RECOGER PASAJEROS EN LUGARES NO PERMITIDOS.,CHOQUE LATERAL,AUTOMOVIL,1,0,1,0,0,0,0,0,0,0,0,0,0,2,60,HOMBRE,ILESO,CONDUCTOR PRESENTE,NO,NO,0
283,952,953,2017,1,0,-0.282875,-78.561424,PICHINCHA,QUITO,QUITO,URBANA,2017-01-13,11:15:00,11,VIERNES,5,ENERO,1,NO,REALIZAR CAMBIO BRUSCO O INDEBIDO DE CARRIL.,PERDIDA DE PISTA,MOTOCICLETA,0,0,0,0,0,0,0,0,1,0,0,0,0,1,25,HOMBRE,LESIONADO,CONDUCTOR PRESENTE,NO,NO,0
284,956,957,2017,0,0,-0.167985,-78.479393,PICHINCHA,QUITO,QUITO,URBANA,2017-01-13,11:40:00,11,VIERNES,5,ENERO,1,NO,REALIZAR CAMBIO BRUSCO O INDEBIDO DE CARRIL.,COLISION,MOTOCICLETA,2,0,0,0,0,0,0,0,1,0,0,0,0,3,45,HOMBRE,ILESO,CONDUCTOR PRESENTE,NO,NO,0
285,957,958,2017,0,0,-0.426703,-78.551933,PICHINCHA,MEJIA,TAMBILLO (MEJIA),RURAL,2017-01-13,11:55:00,11,VIERNES,5,ENERO,1,NO,NO MANTENER LA DISTANCIA PRUDENCIAL CON RESPECTO AL VEHICULO QUE LE ANTECEDE.,COLISION,VEHICULO DEPORTIVO UTILITARIO,1,0,0,0,2,0,0,0,0,0,0,0,1,4,64,HOMBRE,ILESO,CONDUCTOR PRESENTE,NO,NO,3
286,958,959,2017,0,0,-0.438937,-78.554121,PICHINCHA,MEJIA,ALOAG,RURAL,2017-01-13,12:10:00,12,VIERNES,5,ENERO,1,NO,NO MANTENER LA DISTANCIA PRUDENCIAL CON RESPECTO AL VEHICULO QUE LE ANTECEDE.,COLISION,AUTOMOVIL,1,0,0,0,1,0,0,0,0,0,0,0,1,3,47,HOMBRE,ILESO,CONDUCTOR PRESENTE,NO,NO,3
287,959,960,2017,0,0,-0.249694,-78.517208,PICHINCHA,QUITO,QUITO,URBANA,2017-01-13,12:27:00,12,VIERNES,5,ENERO,1,NO,NO CEDER EL DERECHO DE VIA O PREFERENCIA DE PASO A VEHICULOS.,CHOQUE LATERAL,AUTOMOVIL,1,0,0,0,0,0,0,0,0,1,0,0,0,2,21,HOMBRE,ILESO,CONDUCTOR PRESENTE,NO,NO,0
288,960,961,2017,0,0,-0.091158,-78.439052,PICHINCHA,QUITO,CALDERON (CARAPUNGO),RURAL,2017-01-13,13:04:00,13,VIERNES,5,ENERO,1,NO,"ADELANTAR O REBASAR A OTRO VEHICULO EN MOVIMIENTO EN ZONAS O SITIOS PELIGROSOS TALES COMO: CURVAS, PUENTES, TUNELES, PENDIENTES, ETC.",ROZAMIENTOS,AUTOMOVIL,1,0,1,0,0,0,0,0,0,0,0,0,0,2,29,HOMBRE,ILESO,CONDUCTOR PRESENTE,NO,NO,3
289,963,964,2017,0,0,-0.292724,-78.476486,PICHINCHA,QUITO,CONOCOTO,RURAL,2017-01-13,13:25:00,13,VIERNES,5,ENERO,1,NO,NO CEDER EL DERECHO DE VIA O PREFERENCIA DE PASO A VEHICULOS.,CHOQUE LATERAL,FURGONETA,1,0,0,0,0,0,0,1,0,0,0,0,0,2,54,HOMBRE,ILESO,CONDUCTOR PRESENTE,NO,NO,3
290,965,966,2017,1,0,-0.197753,-78.466646,PICHINCHA,QUITO,QUITO,URBANA,2017-01-13,14:50:00,14,VIERNES,5,ENERO,1,NO,NO CEDER EL DERECHO DE VIA O PREFERENCIA DE PASO AL PEATON.,ATROPELLOS,NO IDENTIFICADO,0,0,0,0,0,0,0,0,0,1,0,0,0,1,-1,HOMBRE,LESIONADO,PEATON,NO,NO,0
291,967,968,2017,0,0,-0.122237,-78.495545,PICHINCHA,QUITO,QUITO,URBANA,2017-01-13,15:30:00,15,VIERNES,5,ENERO,1,NO,NO CEDER EL DERECHO DE VIA O PREFERENCIA DE PASO A VEHICULOS.,CHOQUE LATERAL,AUTOMOVIL,1,0,0,0,1,0,0,0,0,0,0,0,0,2,31,MUJER,ILESO,CONDUCTOR PRESENTE,NO,NO,0
292,971,972,2017,0,0,-0.142041,-78.443217,PICHINCHA,QUITO,LLANO CHICO,RURAL,2017-01-13,16:15:00,16,VIERNES,5,ENERO,1,NO,NO MANTENER LA DISTANCIA PRUDENCIAL CON RESPECTO AL VEHICULO QUE LE ANTECEDE.,CHOQUE POSTERIOR,CAMIONETA,0,0,1,0,1,0,0,0,0,0,0,0,0,2,22,HOMBRE,ILESO,CONDUCTOR PRESENTE,NO,NO,3
293,973,974,2017,1,0,-0.200696,-78.497003,PICHINCHA,QUITO,QUITO,URBANA,2017-01-13,16:45:00,16,VIERNES,5,ENERO,1,NO,PEATON QUE CRUZA LA CALZADA SIN RESPETAR LA SENIALIZACION EXISTENTE (SEMAFOROS O SENIALES MANUALES).,ATROPELLOS,MOTOCICLETA,0,0,0,0,0,0,0,0,1,0,0,0,0,1,57,MUJER,LESIONADO,PEATON,NO,NO,0
294,974,975,2017,0,0,-0.224102,-78.496737,PICHINCHA,QUITO,QUITO,URBANA,2017-01-13,16:45:00,16,VIERNES,5,ENERO,1,NO,NO GUARDAR LA DISTANCIA LATERAL MINIMA DE SEGURIDAD ENTRE VEHICULOS.,ROZAMIENTOS,AUTOMOVIL,1,0,0,0,0,0,0,1,0,0,0,0,0,2,35,HOMBRE,ILESO,CONDUCTOR PRESENTE,NO,NO,0
295,975,976,2017,1,0,-0.086602,-78.168491,PICHINCHA,CAYAMBE,CANGAHUA,RURAL,2017-01-13,17:00:00,17,VIERNES,5,ENERO,1,NO,NO CEDER EL DERECHO DE VIA O PREFERENCIA DE PASO A VEHICULOS.,CHOQUE LATERAL,CAMION,0,0,0,1,0,0,0,0,1,0,0,0,0,2,21,HOMBRE,LESIONADO,CONDUCTOR PRESENTE,NO,NO,3