,Unnamed: 0,ID,ANIO,LESIONADOS,FALLECIDOS,LATITUD_Y,LONGITUD_X,PROVINCIA,CANTON,PARROQUIA,ZONA,FECHA,HORA,PERIODO_2,DIA_1,DIA_2,MES_1,MES_2,FERIADO,CAUSA_PROBABLE,TIPO_DE_SINIESTRO,TIPO_DE_VEHICULO_1,AUTOMOVIL,BICICLETA,BUS,CAMION,CAMIONETA,EMERGENCIAS,ESPECIAL,FURGONETA,MOTOCICLETA,NO_IDENTIFICADO,SCOOTER_ELECTRICO,TRICIMOTO,VEHICULO_DEPORTIVO_UTILITARIO,SUMA_DE_VEHICULOS,EDAD_1,SEXO_1,CONDICION_1,PARTICIPANTE_1,CASCO_1,CINTURON_1,KMeans_Cluster
355,1142,1143,2017,0,0,-0.090923,-78.431138,PICHINCHA,QUITO,CALDERON (CARAPUNGO),RURAL,2017-01-15,10:25:00,10,DOMINGO,7,ENERO,1,NO,"NO RESPETAR LAS SENIALES REGLAMENTARIAS DE TRANSITO. (PARE, CEDA EL PASO, LUZ ROJA DEL SEMAFORO, ETC).",CHOQUE LATERAL,MOTOCICLETA,0,0,0,0,0,0,0,0,1,1,0,0,0,2,31,HOMBRE,ILESO,CONDUCTOR PRESENTE,NO,NO,3
356,1146,1147,2017,2,0,-0.280949,-78.583875,PICHINCHA,QUITO,QUITO,URBANA,2017-01-15,11:30:00,11,DOMINGO,7,ENERO,1,NO,PESO Y VOLUMEN - NO CUMPLIR CON LAS NORMAS DE SEGURIDAD NECESARIAS AL TRANSPORTAR CARGAS.,VOLCAMIENTOS,CAMION,0,0,0,1,0,0,0,0,0,0,0,0,0,1,30,HOMBRE,LESIONADO,PASAJERO,NO,NO,0
357,1148,1149,2017,3,0,-0.296543,-78.454131,PICHINCHA,QUITO,ALANGASI,RURAL,2017-01-15,12:10:00,12,DOMINGO,7,ENERO,1,NO,CONDUCIR VEHICULO SUPERANDO LOS LIMITES MAXIMOS DE VELOCIDAD.,CHOQUE LATERAL,VEHICULO DEPORTIVO UTILITARIO,1,0,0,0,0,0,0,0,0,0,0,0,2,3,33,MUJER,LESIONADO,CONDUCTOR PRESENTE,NO,NO,3
358,1161,1162,2017,2,0,0.019499,-78.610732,PICHINCHA,QUITO,NONO,RURAL,2017-01-15,15:15:00,15,DOMINGO,7,ENERO,1,NO,"CONDICIONES AMBIENTALES Y/O ATMOSFERICAS (NIEBLA, NEBLINA, GRANIZO, LLUVIA).",PERDIDA DE PISTA,CAMION,0,0,0,1,0,0,0,0,0,0,0,0,0,1,40,HOMBRE,LESIONADO,PASAJERO,NO,NO,3
359,1166,1167,2017,0,1,-0.248377,-78.537072,PICHINCHA,QUITO,QUITO,URBANA,2017-01-15,17:30:00,17,DOMINGO,7,ENERO,1,NO,NO CEDER EL DERECHO DE VIA O PREFERENCIA DE PASO AL PEATON.,ARROLLAMIENTOS,BUS,0,0,1,0,0,0,0,0,0,0,0,0,0,1,-1,HOMBRE,FALLECIDO,PEATON,NO,NO,0
360,1181,1182,2017,1,0,-0.126974,-78.472952,PICHINCHA,QUITO,QUITO,URBANA,2017-01-15,23:15:00,23,DOMINGO,7,ENERO,1,NO,NO CEDER EL DERECHO DE VIA O PREFERENCIA DE PASO AL PEATON.,ATROPELLOS,NO IDENTIFICADO,0,0,0,0,0,0,0,0,0,1,0,0,0,1,24,MUJER,LESIONADO,PEATON,NO,NO,0
361,1182,1183,2017,0,0,-0.242681,-78.497264,PICHINCHA,QUITO,QUITO,URBANA,2017-01-15,23:25:00,23,DOMINGO,7,ENERO,1,NO,"CONDUCIR DESATENTO A LAS CONDICIONES DE TRANSITO (CELULAR, PANTALLAS DE VIDEO, COMIDA, MAQUILLAJE O CUALQUIER OTRO ELEMENTO DISTRACTOR).",PERDIDA DE PISTA,MOTOCICLETA,0,0,0,0,0,0,0,0,1,0,0,0,0,1,-1,NO IDENTIFICADO,NO IDENTIFICADO,CONDUCTOR AUSENTE,NO,NO,2
362,1183,1184,2017,0,0,-0.283634,-78.535666,PICHINCHA,QUITO,QUITO,URBANA,2017-01-16,00:05:00,0,LUNES,1,ENERO,1,NO,"NO RESPETAR LAS SENIALES REGLAMENTARIAS DE TRANSITO. (PARE, CEDA EL PASO, LUZ ROJA DEL SEMAFORO, ETC).",CHOQUE LATERAL,MOTOCICLETA,0,0,0,0,0,0,0,0,1,1,0,0,0,2,27,HOMBRE,ILESO,CONDUCTOR PRESENTE,NO,NO,0
363,1185,1186,2017,0,0,-0.405711,-78.546675,PICHINCHA,MEJIA,TAMBILLO (MEJIA),RURAL,2017-01-16,00:50:00,0,LUNES,1,ENERO,1,NO,NO MANTENER LA DISTANCIA PRUDENCIAL CON RESPECTO AL VEHICULO QUE LE ANTECEDE.,COLISION,AUTOMOVIL,1,0,0,0,0,0,0,0,0,0,0,0,2,3,37,HOMBRE,ILESO,CONDUCTOR PRESENTE,NO,NO,3
364,1189,1190,2017,0,0,-0.442721,-78.667563,PICHINCHA,MEJIA,ALOAG,RURAL,2017-01-16,04:20:00,4,LUNES,1,ENERO,1,NO,"CONDUCIR DESATENTO A LAS CONDICIONES DE TRANSITO (CELULAR, PANTALLAS DE VIDEO, COMIDA, MAQUILLAJE O CUALQUIER OTRO ELEMENTO DISTRACTOR).",PERDIDA DE PISTA,AUTOMOVIL,1,0,0,0,0,0,0,0,0,0,0,0,0,1,36,HOMBRE,ILESO,CONDUCTOR PRESENTE,NO,NO,3
365,1190,1191,2017,0,1,0.006656,-78.570005,PICHINCHA,QUITO,CALACALI,URBANA,2017-01-16,05:30:00,5,LUNES,1,ENERO,1,NO,"PRESENCIA DE AGENTES EXTERNOS EN LA VIA (AGUA, ACEITE, PIEDRA, LASTRE, ESCOMBROS, MADEROS, ETC.).",ATROPELLOS,CAMION,0,0,0,1,0,0,0,0,0,1,0,0,0,2,56,HOMBRE,FALLECIDO,CONDUCTOR PRESENTE,NO,NO,0
366,1192,1193,2017,1,0,-0.314631,-78.475742,PICHINCHA,QUITO,CONOCOTO,RURAL,2017-01-16,06:30:00,6,LUNES,1,ENERO,1,NO,NO CEDER EL DERECHO DE VIA O PREFERENCIA DE PASO AL PEATON.,ATROPELLOS,AUTOMOVIL,1,0,0,0,0,0,0,0,0,0,0,0,0,1,40,MUJER,LESIONADO,PEATON,NO,NO,3
367,1193,1194,2017,1,0,-0.256046,-78.559081,PICHINCHA,QUITO,QUITO,URBANA,2017-01-16,06:37:00,6,LUNES,1,ENERO,1,NO,"CASO FORTUITO O FUERZA MAYOR (EXPLOSION DE NEUMATICO NUEVO, DERRUMBE, INUNDACION, CAIDA DE PUENTE, ARBOL, PRESENCIA INTEMPESTIVA E IMPREVISTA DE SEMOVIENTES EN LA VIA, ETC.).",ESTRELLAMIENTOS,NO IDENTIFICADO,0,0,0,0,0,0,0,0,0,1,0,0,0,1,62,HOMBRE,LESIONADO,CONDUCTOR PRESENTE,NO,NO,0
368,1198,1199,2017,0,0,-0.218051,-78.509908,PICHINCHA,QUITO,QUITO,URBANA,2017-01-16,06:50:00,6,LUNES,1,ENERO,1,NO,"CONDUCIR DESATENTO A LAS CONDICIONES DE TRANSITO (CELULAR, PANTALLAS DE VIDEO, COMIDA, MAQUILLAJE O CUALQUIER OTRO ELEMENTO DISTRACTOR).",COLISION,AUTOMOVIL,1,0,0,0,0,0,0,1,0,0,0,0,1,3,34,HOMBRE,ILESO,CONDUCTOR PRESENTE,NO,NO,0
369,1199,1200,2017,0,0,-0.144313,-78.470607,PICHINCHA,QUITO,QUITO,URBANA,2017-01-16,06:55:00,6,LUNES,1,ENERO,1,NO,NO CEDER EL DERECHO DE VIA O PREFERENCIA DE PASO A VEHICULOS.,CHOQUE LATERAL,CAMION,0,0,0,1,0,0,0,0,0,0,0,0,1,2,57,MUJER,ILESO,CONDUCTOR PRESENTE,NO,NO,0
370,1201,1202,2017,0,0,-0.176371,-78.495323,PICHINCHA,QUITO,QUITO,URBANA,2017-01-16,07:10:00,7,LUNES,1,ENERO,1,NO,"ADELANTAR O REBASAR A OTRO VEHICULO EN MOVIMIENTO EN ZONAS O SITIOS PELIGROSOS TALES COMO: CURVAS, PUENTES, TUNELES, PENDIENTES, ETC.",CHOQUE LATERAL,MOTOCICLETA,0,0,0,0,0,0,0,0,1,0,0,0,1,2,22,MUJER,ILESO,CONDUCTOR PRESENTE,NO,NO,0
371,1208,1209,2017,0,0,-0.144615,-78.494352,PICHINCHA,QUITO,QUITO,URBANA,2017-01-16,08:35:00,8,LUNES,1,ENERO,1,NO,NO MANTENER LA DISTANCIA PRUDENCIAL CON RESPECTO AL VEHICULO QUE LE ANTECEDE.,CHOQUE POSTERIOR,AUTOMOVIL,2,0,0,0,0,0,0,0,0,0,0,0,0,2,29,HOMBRE,ILESO,CONDUCTOR PRESENTE,NO,NO,0
372,1211,1212,2017,1,0,-0.208645,-78.501729,PICHINCHA,QUITO,QUITO,URBANA,2017-01-16,09:55:00,9,LUNES,1,ENERO,1,NO,NO CEDER EL DERECHO DE VIA O PREFERENCIA DE PASO AL PEATON.,ATROPELLOS,AUTOMOVIL,1,0,0,0,0,0,0,0,0,0,0,0,0,1,43,MUJER,LESIONADO,PEATON,NO,NO,0
373,1214,1215,2017,1,0,-0.218886,-78.511676,PICHINCHA,QUITO,QUITO,URBANA,2017-01-16,10:01:00,10,LUNES,1,ENERO,1,NO,PEATON QUE CRUZA LA CALZADA SIN RESPETAR LA SENIALIZACION EXISTENTE (SEMAFOROS O SENIALES MANUALES).,ATROPELLOS,CAMIONETA,0,0,0,0,1,0,0,0,0,0,0,0,0,1,76,MUJER,LESIONADO,PEATON,NO,NO,0
374,1225,1226,2017,0,0,-0.188041,-78.481493,PICHINCHA,QUITO,QUITO,URBANA,2017-01-16,12:05:00,12,LUNES,1,ENERO,1,NO,"NO RESPETAR LAS SENIALES REGLAMENTARIAS DE TRANSITO. (PARE, CEDA EL PASO, LUZ ROJA DEL SEMAFORO, ETC).",CHOQUE LATERAL,VEHICULO DEPORTIVO UTILITARIO,0,0,0,0,0,0,0,0,1,0,0,0,1,2,66,MUJER,ILESO,CONDUCTOR PRESENTE,NO,NO,0
375,1226,1227,2017,0,0,-0.322351,-78.554129,PICHINCHA,QUITO,QUITO,URBANA,2017-01-16,12:10:00,12,LUNES,1,ENERO,1,NO,CONDUCIR VEHICULO SUPERANDO LOS LIMITES MAXIMOS DE VELOCIDAD.,ESTRELLAMIENTOS,CAMIONETA,0,0,0,0,1,0,0,0,0,0,0,0,0,1,56,HOMBRE,ILESO,CONDUCTOR PRESENTE,NO,NO,0
376,1227,1228,2017,1,0,-0.102778,-78.488741,PICHINCHA,QUITO,QUITO,URBANA,2017-01-16,12:40:00,12,LUNES,1,ENERO,1,NO,NO CEDER EL DERECHO DE VIA O PREFERENCIA DE PASO AL PEATON.,ATROPELLOS,NO IDENTIFICADO,0,0,0,0,0,0,0,0,0,1,0,0,0,1,52,MUJER,LESIONADO,PEATON,NO,NO,0
377,1229,1230,2017,0,0,-0.289913,-78.537629,PICHINCHA,QUITO,QUITO,URBANA,2017-01-16,13:00:00,13,LUNES,1,ENERO,1,NO,PESO Y VOLUMEN - NO CUMPLIR CON LAS NORMAS DE SEGURIDAD NECESARIAS AL TRANSPORTAR CARGAS.,ESTRELLAMIENTOS,CAMION,0,0,0,1,0,0,0,0,0,0,0,0,0,1,-1,NO IDENTIFICADO,NO IDENTIFICADO,CONDUCTOR AUSENTE,NO,NO,2
378,1230,1231,2017,1,0,-0.160312,-78.466911,PICHINCHA,QUITO,QUITO,URBANA,2017-01-16,13:10:00,13,LUNES,1,ENERO,1,NO,NO CEDER EL DERECHO DE VIA O PREFERENCIA DE PASO AL PEATON.,ATROPELLOS,CAMIONETA,0,0,0,0,1,0,0,0,0,0,0,0,0,1,12,HOMBRE,LESIONADO,PEATON,NO,NO,0
379,1235,1236,2017,2,0,-0.251484,-78.515609,PICHINCHA,QUITO,QUITO,URBANA,2017-01-16,14:15:00,14,LUNES,1,ENERO,1,NO,"NO RESPETAR LAS SENIALES REGLAMENTARIAS DE TRANSITO. (PARE, CEDA EL PASO, LUZ ROJA DEL SEMAFORO, ETC).",CHOQUE LATERAL,AUTOMOVIL,1,0,0,0,0,0,0,0,0,1,0,0,0,2,68,HOMBRE,LESIONADO,CONDUCTOR PRESENTE,NO,NO,0
380,1237,1238,2017,1,0,-0.190672,-78.512514,PICHINCHA,QUITO,QUITO,URBANA,2017-01-16,15:20:00,15,LUNES,1,ENERO,1,NO,NO MANTENER LA DISTANCIA PRUDENCIAL CON RESPECTO AL VEHICULO QUE LE ANTECEDE.,CHOQUE POSTERIOR,NO IDENTIFICADO,0,0,0,0,0,0,0,0,0,2,0,0,0,2,29,HOMBRE,LESIONADO,CONDUCTOR PRESENTE,NO,NO,0
381,1238,1239,2017,1,0,-0.244627,-78.519067,PICHINCHA,QUITO,QUITO,URBANA,2017-01-16,15:25:00,15,LUNES,1,ENERO,1,NO,DEJAR O RECOGER PASAJEROS EN LUGARES NO PERMITIDOS.,CAIDA DE PASAJERO,NO IDENTIFICADO,0,0,0,0,0,0,0,0,0,1,0,0,0,1,55,MUJER,LESIONADO,PASAJERO,NO,NO,0
382,1245,1246,2017,0,0,-0.162908,-78.462919,PICHINCHA,QUITO,QUITO,RURAL,2017-01-16,16:20:00,16,LUNES,1,ENERO,1,NO,"CONDUCIR DESATENTO A LAS CONDICIONES DE TRANSITO (CELULAR, PANTALLAS DE VIDEO, COMIDA, MAQUILLAJE O CUALQUIER OTRO ELEMENTO DISTRACTOR).",ESTRELLAMIENTOS,NO IDENTIFICADO,0,0,0,0,0,0,0,0,0,1,0,0,0,1,-1,NO IDENTIFICADO,NO IDENTIFICADO,CONDUCTOR AUSENTE,NO,NO,2
383,1248,1249,2017,0,0,-0.108255,-78.461339,PICHINCHA,QUITO,CALDERON (CARAPUNGO),RURAL,2017-01-16,17:18:00,17,LUNES,1,ENERO,1,NO,NO MANTENER LA DISTANCIA PRUDENCIAL CON RESPECTO AL VEHICULO QUE LE ANTECEDE.,COLISION,AUTOMOVIL,2,0,0,0,1,0,0,0,0,0,0,0,0,3,43,HOMBRE,ILESO,CONDUCTOR PRESENTE,NO,NO,3
384,1249,1250,2017,0,1,-0.395147,-78.526124,PICHINCHA,MEJIA,UYUMBICHO,URBANA,2017-01-16,17:30:00,17,LUNES,1,ENERO,1,NO,"CONDUCIR DESATENTO A LAS CONDICIONES DE TRANSITO (CELULAR, PANTALLAS DE VIDEO, COMIDA, MAQUILLAJE O CUALQUIER OTRO ELEMENTO DISTRACTOR).",CHOQUE LATERAL,MOTOCICLETA,0,0,0,0,1,0,0,0,1,0,0,0,0,2,31,HOMBRE,FALLECIDO,CONDUCTOR PRESENTE,NO,NO,0
385,1250,1251,2017,1,0,-0.111845,-78.506937,PICHINCHA,QUITO,QUITO,URBANA,2017-01-16,17:49:00,17,LUNES,1,ENERO,1,NO,NO CEDER EL DERECHO DE VIA O PREFERENCIA DE PASO AL PEATON.,ATROPELLOS,NO IDENTIFICADO,0,0,0,0,0,0,0,0,0,1,0,0,0,1,10,HOMBRE,LESIONADO,PEATON,NO,NO,0
386,1251,1252,2017,0,0,-0.206703,-78.488247,PICHINCHA,QUITO,QUITO,URBANA,2017-01-16,17:50:00,17,LUNES,1,ENERO,1,NO,REALIZAR CAMBIO BRUSCO O INDEBIDO DE CARRIL.,CHOQUE LATERAL,FURGONETA,0,0,0,0,0,0,0,1,0,0,0,0,1,2,37,HOMBRE,ILESO,CONDUCTOR PRESENTE,NO,NO,0
387,1255,1256,2017,0,0,-0.289423,-78.475201,PICHINCHA,QUITO,CONOCOTO,RURAL,2017-01-16,18:50:00,18,LUNES,1,ENERO,1,NO,NO CEDER EL DERECHO DE VIA O PREFERENCIA DE PASO AL PEATON.,ATROPELLOS,AUTOMOVIL,1,0,0,0,0,0,0,0,0,0,0,0,0,1,24,HOMBRE,ILESO,CONDUCTOR PRESENTE,NO,NO,3
388,1257,1258,2017,0,0,-0.222833,-78.521546,PICHINCHA,QUITO,QUITO,URBANA,2017-01-16,19:10:00,19,LUNES,1,ENERO,1,NO,NO GUARDAR LA DISTANCIA LATERAL MINIMA DE SEGURIDAD ENTRE VEHICULOS.,ROZAMIENTOS,MOTOCICLETA,0,0,0,0,0,0,0,0,1,1,0,0,0,2,40,HOMBRE,ILESO,CONDUCTOR PRESENTE,NO,NO,0
389,1267,1268,2017,0,0,-0.133554,-78.501956,PICHINCHA,QUITO,QUITO,URBANA,2017-01-16,23:20:00,23,LUNES,1,ENERO,1,NO,"CONDUCIR EN ESTADO DE SOMNOLENCIA O MALAS CONDICIONES FISICAS (SUENIO, CANSANCIO Y FATIGA).",ESTRELLAMIENTOS,AUTOMOVIL,1,0,0,0,0,0,0,0,0,0,0,0,0,1,-1,NO IDENTIFICADO,NO IDENTIFICADO,CONDUCTOR AUSENTE,NO,NO,2
390,1270,1271,2017,0,1,-0.332193,-78.434245,PICHINCHA,RUMINIAHUI,SANGOLQUI,URBANA,2017-01-17,02:30:00,2,MARTES,2,ENERO,1,NO,"CONDUCIR DESATENTO A LAS CONDICIONES DE TRANSITO (CELULAR, PANTALLAS DE VIDEO, COMIDA, MAQUILLAJE O CUALQUIER OTRO ELEMENTO DISTRACTOR).",PERDIDA DE PISTA,MOTOCICLETA,0,0,0,0,0,0,0,0,1,0,0,0,0,1,33,HOMBRE,FALLECIDO,CONDUCTOR PRESENTE,NO,NO,0
391,1271,1272,2017,0,0,-0.379117,-78.552303,PICHINCHA,MEJIA,CUTUGLAHUA,RURAL,2017-01-17,02:30:00,2,MARTES,2,ENERO,1,NO,"CONDUCIR DESATENTO A LAS CONDICIONES DE TRANSITO (CELULAR, PANTALLAS DE VIDEO, COMIDA, MAQUILLAJE O CUALQUIER OTRO ELEMENTO DISTRACTOR).",ESTRELLAMIENTOS,CAMION,0,0,0,1,0,0,0,0,0,0,0,0,0,1,35,HOMBRE,ILESO,CONDUCTOR PRESENTE,NO,NO,3
392,1275,1276,2017,0,0,-0.186807,-78.508435,PICHINCHA,QUITO,QUITO,URBANA,2017-01-17,07:00:00,7,MARTES,2,ENERO,1,NO,"CONDUCE BAJO LA INFLUENCIA DE ALCOHOL, SUSTANCIAS ESTUPEFACIENTES O PSICOTROPICAS Y/O MEDICAMENTOS.",ESTRELLAMIENTOS,VEHICULO DEPORTIVO UTILITARIO,0,0,0,0,1,0,0,0,0,0,0,0,1,2,23,MUJER,ILESO,CONDUCTOR PRESENTE,NO,NO,0
393,1276,1277,2017,0,0,-0.190933,-78.480366,PICHINCHA,QUITO,QUITO,RURAL,2017-01-17,07:06:00,7,MARTES,2,ENERO,1,NO,"NO RESPETAR LAS SENIALES REGLAMENTARIAS DE TRANSITO. (PARE, CEDA EL PASO, LUZ ROJA DEL SEMAFORO, ETC).",CHOQUE LATERAL,AUTOMOVIL,2,0,0,0,0,0,0,0,0,0,0,0,0,2,28,MUJER,ILESO,CONDUCTOR PRESENTE,NO,NO,3
394,1277,1278,2017,1,0,-0.355609,-78.548711,PICHINCHA,QUITO,QUITO,URBANA,2017-01-17,07:15:00,7,MARTES,2,ENERO,1,NO,NO CEDER EL DERECHO DE VIA O PREFERENCIA DE PASO AL PEATON.,ARROLLAMIENTOS,NO IDENTIFICADO,0,0,0,0,0,0,0,0,0,1,0,0,0,1,35,MUJER,LESIONADO,PEATON,NO,NO,0
395,1281,1282,2017,1,0,-0.198971,-78.491951,PICHINCHA,QUITO,QUITO,URBANA,2017-01-17,07:30:00,7,MARTES,2,ENERO,1,NO,REALIZAR CAMBIO BRUSCO O INDEBIDO DE CARRIL.,PERDIDA DE PISTA,MOTOCICLETA,0,0,0,0,0,0,0,0,1,0,0,0,0,1,24,HOMBRE,LESIONADO,CONDUCTOR PRESENTE,NO,NO,0
396,1282,1283,2017,0,0,-0.305939,-78.470204,PICHINCHA,QUITO,CONOCOTO,RURAL,2017-01-17,07:38:00,7,MARTES,2,ENERO,1,NO,NO CEDER EL DERECHO DE VIA O PREFERENCIA DE PASO A VEHICULOS.,CHOQUE LATERAL,AUTOMOVIL,2,0,0,0,0,0,0,0,0,0,0,0,0,2,50,MUJER,ILESO,CONDUCTOR PRESENTE,NO,NO,3
397,1286,1287,2017,1,0,-0.292724,-78.476486,PICHINCHA,QUITO,CONOCOTO,RURAL,2017-01-17,09:10:00,9,MARTES,2,ENERO,1,NO,"CASO FORTUITO O FUERZA MAYOR (EXPLOSION DE NEUMATICO NUEVO, DERRUMBE, INUNDACION, CAIDA DE PUENTE, ARBOL, PRESENCIA INTEMPESTIVA E IMPREVISTA DE SEMOVIENTES EN LA VIA, ETC.).",OTROS,MOTOCICLETA,0,0,0,0,0,0,0,0,1,0,0,0,0,1,29,HOMBRE,LESIONADO,CONDUCTOR PRESENTE,NO,NO,3
398,1288,1289,2017,0,0,-0.111088,-78.480065,PICHINCHA,QUITO,QUITO,URBANA,2017-01-17,09:30:00,9,MARTES,2,ENERO,1,NO,"ADELANTAR O REBASAR A OTRO VEHICULO EN MOVIMIENTO EN ZONAS O SITIOS PELIGROSOS TALES COMO: CURVAS, PUENTES, TUNELES, PENDIENTES, ETC.",CHOQUE POSTERIOR,AUTOMOVIL,1,0,0,0,0,0,0,0,1,0,0,0,0,2,42,HOMBRE,ILESO,CONDUCTOR PRESENTE,NO,NO,0
399,1289,1290,2017,1,0,-0.028531,-78.533201,PICHINCHA,QUITO,NONO,URBANA,2017-01-17,09:40:00,9,MARTES,2,ENERO,1,NO,NO CEDER EL DERECHO DE VIA O PREFERENCIA DE PASO AL PEATON.,ATROPELLOS,AUTOMOVIL,1,0,0,0,0,0,0,0,0,0,0,0,0,1,79,HOMBRE,LESIONADO,PEATON,NO,NO,0
400,1293,1294,2017,1,0,-0.020881,-78.501128,PICHINCHA,QUITO,CALACALI,URBANA,2017-01-17,10:35:00,10,MARTES,2,ENERO,1,NO,"CONDUCE BAJO LA INFLUENCIA DE ALCOHOL, SUSTANCIAS ESTUPEFACIENTES O PSICOTROPICAS Y/O MEDICAMENTOS.",ATROPELLOS,CAMIONETA,0,0,0,0,1,0,0,0,0,0,0,0,0,1,21,MUJER,LESIONADO,PEATON,NO,NO,0
401,1294,1295,2017,0,0,-0.247141,-78.475845,PICHINCHA,QUITO,QUITO,URBANA,2017-01-17,10:50:00,10,MARTES,2,ENERO,1,NO,NO MANTENER LA DISTANCIA PRUDENCIAL CON RESPECTO AL VEHICULO QUE LE ANTECEDE.,CHOQUE POSTERIOR,CAMIONETA,0,0,0,1,1,0,0,0,0,0,0,0,0,2,61,HOMBRE,ILESO,CONDUCTOR PRESENTE,NO,NO,0
402,1296,1297,2017,1,0,-0.101864,-78.509993,PICHINCHA,QUITO,QUITO,URBANA,2017-01-17,11:20:00,11,MARTES,2,ENERO,1,NO,CONDUCIR EN SENTIDO CONTRARIO A LA VIA NORMAL DE CIRCULACION.,CHOQUE FRONTAL,AUTOMOVIL,1,0,0,0,0,0,0,0,1,0,0,0,0,2,28,HOMBRE,LESIONADO,CONDUCTOR PRESENTE,NO,NO,0
403,1297,1298,2017,0,0,-0.159734,-78.487877,PICHINCHA,QUITO,QUITO,URBANA,2017-01-17,11:20:00,11,MARTES,2,ENERO,1,NO,NO GUARDAR LA DISTANCIA LATERAL MINIMA DE SEGURIDAD ENTRE VEHICULOS.,ROZAMIENTOS,AUTOMOVIL,1,0,0,1,0,0,0,0,0,0,0,0,0,2,36,HOMBRE,ILESO,CONDUCTOR PRESENTE,NO,NO,0
404,1300,1301,2017,1,0,-0.236171,-78.526913,PICHINCHA,QUITO,QUITO,URBANA,2017-01-17,11:45:00,11,MARTES,2,ENERO,1,NO,REALIZAR CAMBIO BRUSCO O INDEBIDO DE CARRIL.,PERDIDA DE PISTA,MOTOCICLETA,0,0,0,0,0,0,0,0,1,0,0,0,0,1,30,HOMBRE,LESIONADO,CONDUCTOR PRESENTE,NO,NO,0
405,1302,1303,2017,0,0,-0.218074,-78.504031,PICHINCHA,QUITO,QUITO,URBANA,2017-01-17,12:10:00,12,MARTES,2,ENERO,1,NO,NO GUARDAR LA DISTANCIA LATERAL MINIMA DE SEGURIDAD ENTRE VEHICULOS.,ROZAMIENTOS,AUTOMOVIL,1,0,0,0,0,0,0,0,0,1,0,0,0,2,50,HOMBRE,ILESO,CONDUCTOR PRESENTE,NO,NO,0
406,1305,1306,2017,1,0,-0.262674,-78.538052,PICHINCHA,QUITO,QUITO,URBANA,2017-01-17,12:45:00,12,MARTES,2,ENERO,1,NO,PEATON QUE CRUZA LA CALZADA SIN RESPETAR LA SENIALIZACION EXISTENTE (SEMAFOROS O SENIALES MANUALES).,ATROPELLOS,MOTOCICLETA,0,0,0,0,0,0,0,0,1,0,0,0,0,1,23,HOMBRE,LESIONADO,PEATON,NO,NO,0
407,1307,1308,2017,0,0,-0.278627,-78.548244,PICHINCHA,QUITO,QUITO,URBANA,2017-01-17,13:20:00,13,MARTES,2,ENERO,1,NO,"CONDUCIR DESATENTO A LAS CONDICIONES DE TRANSITO (CELULAR, PANTALLAS DE VIDEO, COMIDA, MAQUILLAJE O CUALQUIER OTRO ELEMENTO DISTRACTOR).",ESTRELLAMIENTOS,CAMION,0,0,0,1,0,0,0,0,0,0,0,0,0,1,-1,NO IDENTIFICADO,NO IDENTIFICADO,CONDUCTOR AUSENTE,NO,NO,2
408,1308,1309,2017,1,0,-0.242411,-78.530736,PICHINCHA,QUITO,QUITO,URBANA,2017-01-17,13:20:00,13,MARTES,2,ENERO,1,NO,NO CEDER EL DERECHO DE VIA O PREFERENCIA DE PASO AL PEATON.,ATROPELLOS,FURGONETA,0,0,0,0,0,0,0,1,0,0,0,0,0,1,46,HOMBRE,LESIONADO,PEATON,NO,NO,0
409,1309,1310,2017,1,0,-0.131879,-78.483345,PICHINCHA,QUITO,QUITO,URBANA,2017-01-17,13:20:00,13,MARTES,2,ENERO,1,NO,"NO RESPETAR LAS SENIALES REGLAMENTARIAS DE TRANSITO. (PARE, CEDA EL PASO, LUZ ROJA DEL SEMAFORO, ETC).",COLISION,AUTOMOVIL,2,0,1,0,0,0,0,0,0,0,0,0,0,3,64,HOMBRE,LESIONADO,CONDUCTOR PRESENTE,NO,NO,0
410,1315,1316,2017,0,0,-0.310665,-78.459461,PICHINCHA,RUMINIAHUI,SANGOLQUI,URBANA,2017-01-17,15:20:00,15,MARTES,2,ENERO,1,NO,NO CEDER EL DERECHO DE VIA O PREFERENCIA DE PASO A VEHICULOS.,CHOQUE LATERAL,AUTOMOVIL,1,0,0,0,0,0,0,0,0,0,0,0,1,2,64,HOMBRE,ILESO,PEATON,NO,NO,0
411,1317,1318,2017,0,0,-0.098993,-78.478996,PICHINCHA,QUITO,QUITO,URBANA,2017-01-17,16:20:00,16,MARTES,2,ENERO,1,NO,NO CEDER EL DERECHO DE VIA O PREFERENCIA DE PASO A VEHICULOS.,CHOQUE LATERAL,CAMIONETA,0,0,0,0,1,0,0,0,1,0,0,0,0,2,33,HOMBRE,ILESO,CONDUCTOR PRESENTE,NO,NO,0
412,1318,1319,2017,1,1,-0.333091,-78.895304,PICHINCHA,MEJIA,MANUEL CORNEJO ASTORGA,RURAL,2017-01-17,16:30:00,16,MARTES,2,ENERO,1,NO,"CONDUCIR DESATENTO A LAS CONDICIONES DE TRANSITO (CELULAR, PANTALLAS DE VIDEO, COMIDA, MAQUILLAJE O CUALQUIER OTRO ELEMENTO DISTRACTOR).",CHOQUE FRONTAL,CAMION,0,0,0,1,1,0,0,0,0,0,0,0,0,2,63,MUJER,FALLECIDO,PASAJERO,NO,NO,3