,Unnamed: 0,ID,ANIO,LESIONADOS,FALLECIDOS,LATITUD_Y,LONGITUD_X,PROVINCIA,CANTON,PARROQUIA,ZONA,FECHA,HORA,PERIODO_2,DIA_1,DIA_2,MES_1,MES_2,FERIADO,CAUSA_PROBABLE,TIPO_DE_SINIESTRO,TIPO_DE_VEHICULO_1,AUTOMOVIL,BICICLETA,BUS,CAMION,CAMIONETA,EMERGENCIAS,ESPECIAL,FURGONETA,MOTOCICLETA,NO_IDENTIFICADO,SCOOTER_ELECTRICO,TRICIMOTO,VEHICULO_DEPORTIVO_UTILITARIO,SUMA_DE_VEHICULOS,EDAD_1,SEXO_1,CONDICION_1,PARTICIPANTE_1,CASCO_1,CINTURON_1,KMeans_Cluster
413,1323,1324,2017,2,0,-0.123641,-78.503127,PICHINCHA,QUITO,QUITO,URBANA,2017-01-17,18:52:00,18,MARTES,2,ENERO,1,NO,"PEATON TRANSITA BAJO INFLUENCIA DE ALCOHOL, SUSTANCIAS ESTUPEFACIENTES O PSICOTROPICAS Y/O MEDICAMENTOS.",ATROPELLOS,MOTOCICLETA,0,0,0,0,0,0,0,0,1,0,0,0,0,1,24,HOMBRE,LESIONADO,CONDUCTOR PRESENTE,NO,NO,0
414,1325,1326,2017,1,0,-0.215997,-78.518856,PICHINCHA,QUITO,QUITO,URBANA,2017-01-17,19:15:00,19,MARTES,2,ENERO,1,NO,"ADELANTAR O REBASAR A OTRO VEHICULO EN MOVIMIENTO EN ZONAS O SITIOS PELIGROSOS TALES COMO: CURVAS, PUENTES, TUNELES, PENDIENTES, ETC.",CHOQUE FRONTAL,NO IDENTIFICADO,0,0,0,0,0,0,0,0,0,2,0,0,0,2,50,HOMBRE,LESIONADO,CONDUCTOR PRESENTE,NO,NO,0
415,1328,1329,2017,0,0,-0.204894,-78.490853,PICHINCHA,QUITO,QUITO,URBANA,2017-01-17,19:30:00,19,MARTES,2,ENERO,1,NO,"NO RESPETAR LAS SENIALES REGLAMENTARIAS DE TRANSITO. (PARE, CEDA EL PASO, LUZ ROJA DEL SEMAFORO, ETC).",CHOQUE LATERAL,AUTOMOVIL,2,0,0,0,0,0,0,0,0,0,0,0,0,2,26,HOMBRE,ILESO,CONDUCTOR PRESENTE,NO,NO,0
416,1329,1330,2017,1,0,-0.304081,-78.541454,PICHINCHA,QUITO,QUITO,URBANA,2017-01-17,19:40:00,19,MARTES,2,ENERO,1,NO,NO CEDER EL DERECHO DE VIA O PREFERENCIA DE PASO AL PEATON.,ATROPELLOS,AUTOMOVIL,1,0,0,0,0,0,0,0,0,0,0,0,0,1,29,HOMBRE,LESIONADO,PEATON,NO,NO,0
417,1330,1331,2017,1,0,-0.085097,-78.437039,PICHINCHA,QUITO,CALDERON (CARAPUNGO),RURAL,2017-01-17,20:45:00,20,MARTES,2,ENERO,1,NO,"NO RESPETAR LAS SENIALES REGLAMENTARIAS DE TRANSITO. (PARE, CEDA EL PASO, LUZ ROJA DEL SEMAFORO, ETC).",CHOQUE LATERAL,AUTOMOVIL,1,0,0,0,0,0,0,0,1,0,0,0,0,2,28,HOMBRE,LESIONADO,CONDUCTOR PRESENTE,NO,NO,3
418,1337,1338,2017,0,0,-0.268966,-78.555272,PICHINCHA,QUITO,QUITO,URBANA,2017-01-18,04:28:00,4,MIERCOLES,3,ENERO,1,NO,"CONDUCIR EN ESTADO DE SOMNOLENCIA O MALAS CONDICIONES FISICAS (SUENIO, CANSANCIO Y FATIGA).",ESTRELLAMIENTOS,AUTOMOVIL,1,0,0,0,0,0,0,0,0,0,0,0,0,1,-1,NO IDENTIFICADO,NO IDENTIFICADO,CONDUCTOR AUSENTE,NO,NO,2
419,1338,1339,2017,0,0,-0.418307,-78.550247,PICHINCHA,MEJIA,TAMBILLO (MEJIA),RURAL,2017-01-18,05:00:00,5,MIERCOLES,3,ENERO,1,NO,"CONDUCIR DESATENTO A LAS CONDICIONES DE TRANSITO (CELULAR, PANTALLAS DE VIDEO, COMIDA, MAQUILLAJE O CUALQUIER OTRO ELEMENTO DISTRACTOR).",VOLCAMIENTOS,AUTOMOVIL,1,0,0,0,0,0,0,0,0,0,0,0,0,1,25,HOMBRE,ILESO,CONDUCTOR PRESENTE,NO,NO,3
420,1340,1341,2017,0,1,-0.175095,-78.488308,PICHINCHA,QUITO,QUITO,URBANA,2017-01-18,05:30:00,5,MIERCOLES,3,ENERO,1,NO,NO TRANSITAR POR LAS ACERAS O ZONAS DE SEGURIDAD DESTINADAS PARA EL EFECTO.,ATROPELLOS,NO IDENTIFICADO,0,0,0,0,0,0,0,0,0,1,0,0,0,1,52,MUJER,FALLECIDO,PEATON,NO,NO,0
421,1344,1345,2017,0,0,-0.091585,-78.439052,PICHINCHA,QUITO,CALDERON (CARAPUNGO),RURAL,2017-01-18,07:25:00,7,MIERCOLES,3,ENERO,1,NO,NO CEDER EL DERECHO DE VIA O PREFERENCIA DE PASO A VEHICULOS.,CHOQUE LATERAL,FURGONETA,1,0,0,0,0,0,0,1,0,0,0,0,0,2,30,HOMBRE,ILESO,CONDUCTOR PRESENTE,NO,NO,3
422,1346,1347,2017,0,0,-0.142705,-78.492413,PICHINCHA,QUITO,QUITO,URBANA,2017-01-18,07:40:00,7,MIERCOLES,3,ENERO,1,NO,NO GUARDAR LA DISTANCIA LATERAL MINIMA DE SEGURIDAD ENTRE VEHICULOS.,ROZAMIENTOS,AUTOMOVIL,1,0,1,0,0,0,0,0,0,0,0,0,0,2,35,HOMBRE,ILESO,CONDUCTOR PRESENTE,NO,NO,0
423,1347,1348,2017,0,0,-0.201688,-78.482888,PICHINCHA,QUITO,QUITO,URBANA,2017-01-18,07:45:00,7,MIERCOLES,3,ENERO,1,NO,"CASO FORTUITO O FUERZA MAYOR (EXPLOSION DE NEUMATICO NUEVO, DERRUMBE, INUNDACION, CAIDA DE PUENTE, ARBOL, PRESENCIA INTEMPESTIVA E IMPREVISTA DE SEMOVIENTES EN LA VIA, ETC.).",OTROS,AUTOMOVIL,1,0,0,0,0,0,0,0,0,0,0,0,0,1,35,HOMBRE,ILESO,CONDUCTOR PRESENTE,NO,NO,0
424,1355,1356,2017,1,0,-0.172997,-78.485145,PICHINCHA,QUITO,QUITO,URBANA,2017-01-18,09:50:00,9,MIERCOLES,3,ENERO,1,NO,NO MANTENER LA DISTANCIA PRUDENCIAL CON RESPECTO AL VEHICULO QUE LE ANTECEDE.,CHOQUE POSTERIOR,MOTOCICLETA,0,0,0,0,0,0,0,0,1,1,0,0,0,2,33,HOMBRE,LESIONADO,CONDUCTOR PRESENTE,NO,NO,0
425,1357,1358,2017,0,0,-0.154592,-78.497343,PICHINCHA,QUITO,QUITO,URBANA,2017-01-18,10:07:00,10,MIERCOLES,3,ENERO,1,NO,NO GUARDAR LA DISTANCIA LATERAL MINIMA DE SEGURIDAD ENTRE VEHICULOS.,ROZAMIENTOS,VEHICULO DEPORTIVO UTILITARIO,0,0,0,0,0,0,0,0,0,1,0,0,1,2,37,MUJER,ILESO,CONDUCTOR PRESENTE,NO,NO,0
426,1360,1361,2017,1,0,-0.174749,-78.491591,PICHINCHA,QUITO,QUITO,URBANA,2017-01-18,10:50:00,10,MIERCOLES,3,ENERO,1,NO,NO CEDER EL DERECHO DE VIA O PREFERENCIA DE PASO A VEHICULOS.,CHOQUE LATERAL,MOTOCICLETA,1,0,0,0,0,0,0,0,1,0,0,0,0,2,26,MUJER,LESIONADO,PASAJERO,NO,NO,0
427,1361,1362,2017,0,0,-0.166302,-78.486907,PICHINCHA,QUITO,QUITO,URBANA,2017-01-18,11:10:00,11,MIERCOLES,3,ENERO,1,NO,NO MANTENER LA DISTANCIA PRUDENCIAL CON RESPECTO AL VEHICULO QUE LE ANTECEDE.,CHOQUE POSTERIOR,AUTOMOVIL,2,0,0,0,0,0,0,0,0,0,0,0,0,2,63,HOMBRE,ILESO,CONDUCTOR PRESENTE,NO,NO,0
428,1362,1363,2017,3,0,-0.105384,-78.497732,PICHINCHA,QUITO,QUITO,URBANA,2017-01-18,11:28:00,11,MIERCOLES,3,ENERO,1,NO,"NO RESPETAR LAS SENIALES REGLAMENTARIAS DE TRANSITO. (PARE, CEDA EL PASO, LUZ ROJA DEL SEMAFORO, ETC).",CHOQUE LATERAL,MOTOCICLETA,0,0,0,0,0,0,0,0,2,0,0,0,0,2,34,HOMBRE,LESIONADO,CONDUCTOR PRESENTE,NO,NO,0
429,1363,1364,2017,1,0,-0.182981,-78.503748,PICHINCHA,QUITO,QUITO,URBANA,2017-01-18,11:30:00,11,MIERCOLES,3,ENERO,1,NO,NO MANTENER LA DISTANCIA PRUDENCIAL CON RESPECTO AL VEHICULO QUE LE ANTECEDE.,CHOQUE POSTERIOR,NO IDENTIFICADO,0,0,0,0,0,0,0,0,0,2,0,0,0,2,28,MUJER,LESIONADO,PASAJERO,NO,NO,0
430,1364,1365,2017,0,0,-0.136124,-78.470309,PICHINCHA,QUITO,QUITO,URBANA,2017-01-18,11:30:00,11,MIERCOLES,3,ENERO,1,NO,DEJAR O RECOGER PASAJEROS EN LUGARES NO PERMITIDOS.,CHOQUE POSTERIOR,AUTOMOVIL,1,0,1,0,0,0,0,0,0,0,0,0,0,2,56,HOMBRE,ILESO,CONDUCTOR PRESENTE,NO,NO,0
431,1367,1368,2017,1,0,-0.291706,-78.477204,PICHINCHA,QUITO,CONOCOTO,RURAL,2017-01-18,12:50:00,12,MIERCOLES,3,ENERO,1,NO,NO TRANSITAR POR LAS ACERAS O ZONAS DE SEGURIDAD DESTINADAS PARA EL EFECTO.,ARROLLAMIENTOS,AUTOMOVIL,1,0,0,0,0,0,0,0,0,0,0,0,0,1,5,HOMBRE,LESIONADO,PEATON,NO,NO,3
432,1370,1371,2017,1,0,-0.268611,-78.540053,PICHINCHA,QUITO,QUITO,URBANA,2017-01-18,13:25:00,13,MIERCOLES,3,ENERO,1,NO,NO CEDER EL DERECHO DE VIA O PREFERENCIA DE PASO AL PEATON.,ATROPELLOS,NO IDENTIFICADO,0,0,0,0,0,0,0,0,0,1,0,0,0,1,30,MUJER,LESIONADO,PASAJERO,NO,NO,0
433,1374,1375,2017,0,0,-0.180016,-78.477211,PICHINCHA,QUITO,QUITO,URBANA,2017-01-18,14:32:00,14,MIERCOLES,3,ENERO,1,NO,NO GUARDAR LA DISTANCIA LATERAL MINIMA DE SEGURIDAD ENTRE VEHICULOS.,ROZAMIENTOS,AUTOMOVIL,1,0,0,0,0,0,0,0,0,0,0,0,1,2,28,HOMBRE,ILESO,CONDUCTOR PRESENTE,NO,NO,0
434,1375,1376,2017,1,0,-0.179484,-78.481435,PICHINCHA,QUITO,QUITO,URBANA,2017-01-18,14:40:00,14,MIERCOLES,3,ENERO,1,NO,PEATON QUE CRUZA LA CALZADA SIN RESPETAR LA SENIALIZACION EXISTENTE (SEMAFOROS O SENIALES MANUALES).,ATROPELLOS,MOTOCICLETA,0,0,0,0,0,0,0,0,1,0,0,0,0,1,11,HOMBRE,LESIONADO,PEATON,NO,NO,0
435,1380,1381,2017,0,0,-0.201664,-78.427215,PICHINCHA,QUITO,CUMBAYA,RURAL,2017-01-18,15:10:00,15,MIERCOLES,3,ENERO,1,NO,"CASO FORTUITO O FUERZA MAYOR (EXPLOSION DE NEUMATICO NUEVO, DERRUMBE, INUNDACION, CAIDA DE PUENTE, ARBOL, PRESENCIA INTEMPESTIVA E IMPREVISTA DE SEMOVIENTES EN LA VIA, ETC.).",OTROS,MOTOCICLETA,1,0,0,0,0,0,0,0,1,0,0,0,0,2,37,HOMBRE,ILESO,CONDUCTOR PRESENTE,NO,NO,3
436,1383,1384,2017,0,0,-0.182255,-78.489931,PICHINCHA,QUITO,QUITO,URBANA,2017-01-18,15:30:00,15,MIERCOLES,3,ENERO,1,NO,NO MANTENER LA DISTANCIA PRUDENCIAL CON RESPECTO AL VEHICULO QUE LE ANTECEDE.,CHOQUE POSTERIOR,AUTOMOVIL,1,0,0,0,0,0,0,0,1,0,0,0,0,2,50,HOMBRE,ILESO,CONDUCTOR PRESENTE,NO,NO,0
437,1384,1385,2017,1,0,-0.181614,-78.486655,PICHINCHA,QUITO,QUITO,URBANA,2017-01-18,15:40:00,15,MIERCOLES,3,ENERO,1,NO,NO MANTENER LA DISTANCIA PRUDENCIAL CON RESPECTO AL VEHICULO QUE LE ANTECEDE.,COLISION,VEHICULO DEPORTIVO UTILITARIO,1,0,0,0,0,0,0,1,0,0,0,0,1,3,66,MUJER,LESIONADO,CONDUCTOR PRESENTE,NO,NO,0
438,1389,1390,2017,0,0,-0.204137,-78.501125,PICHINCHA,QUITO,QUITO,URBANA,2017-01-18,16:30:00,16,MIERCOLES,3,ENERO,1,NO,DEJAR O RECOGER PASAJEROS EN LUGARES NO PERMITIDOS.,ROZAMIENTOS,BUS,0,0,2,0,0,0,0,0,0,0,0,0,0,2,33,HOMBRE,ILESO,CONDUCTOR PRESENTE,NO,NO,0
439,1392,1393,2017,0,0,-0.198128,-78.495899,PICHINCHA,QUITO,QUITO,URBANA,2017-01-18,17:00:00,17,MIERCOLES,3,ENERO,1,NO,NO MANTENER LA DISTANCIA PRUDENCIAL CON RESPECTO AL VEHICULO QUE LE ANTECEDE.,CHOQUE POSTERIOR,VEHICULO DEPORTIVO UTILITARIO,0,0,0,0,0,0,0,0,1,0,0,0,1,2,42,HOMBRE,ILESO,CONDUCTOR PRESENTE,NO,NO,0
440,1394,1395,2017,1,0,-0.116011,-78.479444,PICHINCHA,QUITO,QUITO,URBANA,2017-01-18,17:15:00,17,MIERCOLES,3,ENERO,1,NO,NO TRANSITAR POR LAS ACERAS O ZONAS DE SEGURIDAD DESTINADAS PARA EL EFECTO.,ATROPELLOS,NO IDENTIFICADO,0,0,0,0,0,0,0,0,0,1,0,0,0,1,22,MUJER,LESIONADO,PEATON,NO,NO,0
441,1395,1396,2017,1,0,-0.236127,-78.526454,PICHINCHA,QUITO,QUITO,URBANA,2017-01-18,17:20:00,17,MIERCOLES,3,ENERO,1,NO,REALIZAR CAMBIO BRUSCO O INDEBIDO DE CARRIL.,PERDIDA DE PISTA,MOTOCICLETA,0,0,0,0,0,0,0,0,1,0,0,0,0,1,24,HOMBRE,LESIONADO,CONDUCTOR PRESENTE,NO,NO,0
442,1398,1399,2017,1,0,-0.338304,-78.549273,PICHINCHA,QUITO,QUITO,URBANA,2017-01-18,17:45:00,17,MIERCOLES,3,ENERO,1,NO,NO CEDER EL DERECHO DE VIA O PREFERENCIA DE PASO AL PEATON.,ATROPELLOS,CAMIONETA,0,0,0,0,1,0,0,0,0,0,0,0,0,1,-1,HOMBRE,LESIONADO,PEATON,NO,NO,0
443,1401,1402,2017,0,0,-0.088088,-78.476231,PICHINCHA,QUITO,QUITO,URBANA,2017-01-18,18:30:00,18,MIERCOLES,3,ENERO,1,NO,"CONDUCIR DESATENTO A LAS CONDICIONES DE TRANSITO (CELULAR, PANTALLAS DE VIDEO, COMIDA, MAQUILLAJE O CUALQUIER OTRO ELEMENTO DISTRACTOR).",ESTRELLAMIENTOS,FURGONETA,0,0,0,0,1,0,0,1,0,0,0,0,0,2,-1,HOMBRE,ILESO,CONDUCTOR PRESENTE,NO,NO,0
444,1405,1406,2017,0,0,-0.271596,-78.453376,PICHINCHA,QUITO,CONOCOTO,URBANA,2017-01-18,19:00:00,19,MIERCOLES,3,ENERO,1,NO,"CONDUCE BAJO LA INFLUENCIA DE ALCOHOL, SUSTANCIAS ESTUPEFACIENTES O PSICOTROPICAS Y/O MEDICAMENTOS.",CHOQUE LATERAL,AUTOMOVIL,1,0,0,0,1,0,0,0,0,0,0,0,0,2,27,HOMBRE,ILESO,CONDUCTOR PRESENTE,NO,NO,0
445,1406,1407,2017,0,0,-0.199767,-78.428809,PICHINCHA,QUITO,CUMBAYA,RURAL,2017-01-18,19:00:00,19,MIERCOLES,3,ENERO,1,NO,"CONDUCIR DESATENTO A LAS CONDICIONES DE TRANSITO (CELULAR, PANTALLAS DE VIDEO, COMIDA, MAQUILLAJE O CUALQUIER OTRO ELEMENTO DISTRACTOR).",ATROPELLOS,BUS,0,0,1,0,0,0,0,0,0,0,0,0,0,1,34,HOMBRE,ILESO,CONDUCTOR PRESENTE,NO,NO,3
446,1411,1412,2017,2,0,-0.232881,-78.524489,PICHINCHA,QUITO,QUITO,URBANA,2017-01-18,20:00:00,20,MIERCOLES,3,ENERO,1,NO,NO CEDER EL DERECHO DE VIA O PREFERENCIA DE PASO AL PEATON.,ATROPELLOS,MOTOCICLETA,0,0,0,0,0,0,0,0,1,0,0,0,0,1,39,MUJER,LESIONADO,PEATON,NO,NO,0
447,1414,1415,2017,1,0,-0.190933,-78.480366,PICHINCHA,QUITO,QUITO,RURAL,2017-01-18,21:30:00,21,MIERCOLES,3,ENERO,1,NO,NO TRANSITAR POR LAS ACERAS O ZONAS DE SEGURIDAD DESTINADAS PARA EL EFECTO.,ATROPELLOS,NO IDENTIFICADO,0,0,0,0,0,0,0,0,0,1,0,0,0,1,57,MUJER,LESIONADO,PEATON,NO,NO,3
448,1416,1417,2017,0,0,-0.107668,-78.489223,PICHINCHA,QUITO,QUITO,URBANA,2017-01-18,21:50:00,21,MIERCOLES,3,ENERO,1,NO,"CONDUCIR DESATENTO A LAS CONDICIONES DE TRANSITO (CELULAR, PANTALLAS DE VIDEO, COMIDA, MAQUILLAJE O CUALQUIER OTRO ELEMENTO DISTRACTOR).",ESTRELLAMIENTOS,AUTOMOVIL,1,0,0,0,0,0,0,0,0,0,0,0,0,1,-1,NO IDENTIFICADO,NO IDENTIFICADO,CONDUCTOR AUSENTE,NO,NO,2
449,1426,1427,2017,1,0,-0.104643,-78.345591,PICHINCHA,QUITO,YARUQUI,RURAL,2017-01-19,05:50:00,5,JUEVES,4,ENERO,1,NO,"NO RESPETAR LAS SENIALES REGLAMENTARIAS DE TRANSITO. (PARE, CEDA EL PASO, LUZ ROJA DEL SEMAFORO, ETC).",CHOQUE LATERAL,FURGONETA,0,0,0,0,0,0,0,1,0,1,0,0,0,2,39,MUJER,LESIONADO,CONDUCTOR PRESENTE,NO,NO,3
450,1435,1436,2017,0,0,-0.269551,-78.528794,PICHINCHA,QUITO,QUITO,URBANA,2017-01-19,08:02:00,8,JUEVES,4,ENERO,1,NO,NO CEDER EL DERECHO DE VIA O PREFERENCIA DE PASO AL PEATON.,ATROPELLOS,NO IDENTIFICADO,0,0,0,0,0,0,0,0,0,1,0,0,0,1,66,MUJER,ILESO,PEATON,NO,NO,0
451,1436,1437,2017,0,0,-0.190285,-78.454454,PICHINCHA,QUITO,QUITO,RURAL,2017-01-19,08:17:00,8,JUEVES,4,ENERO,1,NO,NO MANTENER LA DISTANCIA PRUDENCIAL CON RESPECTO AL VEHICULO QUE LE ANTECEDE.,CHOQUE POSTERIOR,AUTOMOVIL,2,0,0,0,0,0,0,0,0,0,0,0,0,2,30,HOMBRE,ILESO,CONDUCTOR PRESENTE,NO,NO,3
452,1437,1438,2017,1,0,-0.176334,-78.483808,PICHINCHA,QUITO,QUITO,URBANA,2017-01-19,08:38:00,8,JUEVES,4,ENERO,1,NO,NO CEDER EL DERECHO DE VIA O PREFERENCIA DE PASO A VEHICULOS.,CHOQUE LATERAL,AUTOMOVIL,1,0,0,0,0,0,0,0,1,0,0,0,0,2,37,HOMBRE,LESIONADO,CONDUCTOR PRESENTE,NO,NO,0
453,1438,1439,2017,1,0,-0.189085,-78.511758,PICHINCHA,QUITO,QUITO,URBANA,2017-01-19,08:45:00,8,JUEVES,4,ENERO,1,NO,"NO RESPETAR LAS SENIALES REGLAMENTARIAS DE TRANSITO. (PARE, CEDA EL PASO, LUZ ROJA DEL SEMAFORO, ETC).",CHOQUE LATERAL,VEHICULO DEPORTIVO UTILITARIO,0,0,0,0,0,0,0,0,1,0,0,0,1,2,21,HOMBRE,LESIONADO,CONDUCTOR PRESENTE,NO,NO,0
454,1439,1440,2017,0,0,-0.171111,-78.476011,PICHINCHA,QUITO,QUITO,URBANA,2017-01-19,09:15:00,9,JUEVES,4,ENERO,1,NO,REALIZAR CAMBIO BRUSCO O INDEBIDO DE CARRIL.,COLISION,AUTOMOVIL,2,0,0,0,0,0,0,0,0,1,0,0,0,3,30,HOMBRE,ILESO,CONDUCTOR PRESENTE,NO,NO,0
455,1445,1446,2017,2,1,-0.350364,-78.859019,PICHINCHA,MEJIA,MANUEL CORNEJO ASTORGA,RURAL,2017-01-19,10:30:00,10,JUEVES,4,ENERO,1,NO,"CONDUCIR DESATENTO A LAS CONDICIONES DE TRANSITO (CELULAR, PANTALLAS DE VIDEO, COMIDA, MAQUILLAJE O CUALQUIER OTRO ELEMENTO DISTRACTOR).",PERDIDA DE PISTA,CAMION,0,0,0,1,0,0,0,0,0,0,0,0,0,1,36,MUJER,FALLECIDO,PASAJERO,NO,NO,3
456,1448,1449,2017,0,0,-0.221767,-78.516018,PICHINCHA,QUITO,QUITO,URBANA,2017-01-19,10:55:00,10,JUEVES,4,ENERO,1,NO,NO MANTENER LA DISTANCIA PRUDENCIAL CON RESPECTO AL VEHICULO QUE LE ANTECEDE.,CHOQUE POSTERIOR,FURGONETA,1,0,0,0,0,0,0,1,0,0,0,0,0,2,20,HOMBRE,ILESO,CONDUCTOR PRESENTE,NO,NO,0
457,1450,1451,2017,2,0,-0.209388,-78.424771,PICHINCHA,QUITO,CUMBAYA,RURAL,2017-01-19,11:07:00,11,JUEVES,4,ENERO,1,NO,REALIZAR CAMBIO BRUSCO O INDEBIDO DE CARRIL.,OTROS,VEHICULO DEPORTIVO UTILITARIO,0,0,0,0,0,0,0,0,0,0,0,0,1,1,19,MUJER,LESIONADO,CONDUCTOR PRESENTE,NO,NO,3
458,1453,1454,2017,0,0,-0.182749,-78.486862,PICHINCHA,QUITO,QUITO,URBANA,2017-01-19,11:35:00,11,JUEVES,4,ENERO,1,NO,"NO RESPETAR LAS SENIALES REGLAMENTARIAS DE TRANSITO. (PARE, CEDA EL PASO, LUZ ROJA DEL SEMAFORO, ETC).",CHOQUE LATERAL,MOTOCICLETA,1,0,0,0,0,0,0,0,1,0,0,0,0,2,56,HOMBRE,ILESO,CONDUCTOR PRESENTE,NO,NO,0
459,1457,1458,2017,1,0,-0.066224,-78.458007,PICHINCHA,QUITO,POMASQUI,URBANA,2017-01-19,14:00:00,14,JUEVES,4,ENERO,1,NO,NO TRANSITAR POR LAS ACERAS O ZONAS DE SEGURIDAD DESTINADAS PARA EL EFECTO.,ATROPELLOS,BUS,0,0,1,0,0,0,0,0,0,0,0,0,0,1,15,HOMBRE,LESIONADO,PEATON,NO,NO,0
460,1462,1463,2017,0,0,-0.128678,-78.471107,PICHINCHA,QUITO,QUITO,URBANA,2017-01-19,15:00:00,15,JUEVES,4,ENERO,1,NO,"NO RESPETAR LAS SENIALES REGLAMENTARIAS DE TRANSITO. (PARE, CEDA EL PASO, LUZ ROJA DEL SEMAFORO, ETC).",CHOQUE LATERAL,AUTOMOVIL,1,0,0,0,0,0,0,0,0,0,0,0,1,2,60,HOMBRE,ILESO,CONDUCTOR PRESENTE,NO,NO,0
461,1463,1464,2017,0,0,-0.237145,-78.486824,PICHINCHA,QUITO,QUITO,URBANA,2017-01-19,15:20:00,15,JUEVES,4,ENERO,1,NO,"CONDUCIR DESATENTO A LAS CONDICIONES DE TRANSITO (CELULAR, PANTALLAS DE VIDEO, COMIDA, MAQUILLAJE O CUALQUIER OTRO ELEMENTO DISTRACTOR).",ESTRELLAMIENTOS,CAMIONETA,0,0,0,0,1,0,0,0,0,0,0,0,0,1,52,HOMBRE,ILESO,CONDUCTOR PRESENTE,NO,NO,0
462,1464,1465,2017,1,0,-0.123589,-78.498716,PICHINCHA,QUITO,QUITO,URBANA,2017-01-19,15:45:00,15,JUEVES,4,ENERO,1,NO,NO CEDER EL DERECHO DE VIA O PREFERENCIA DE PASO AL PEATON.,ATROPELLOS,FURGONETA,0,0,0,0,0,0,0,1,0,0,0,0,0,1,47,HOMBRE,LESIONADO,PEATON,NO,NO,0
463,1467,1468,2017,1,0,-0.123551,-78.426711,PICHINCHA,QUITO,CALDERON (CARAPUNGO),RURAL,2017-01-19,16:15:00,16,JUEVES,4,ENERO,1,NO,NO CEDER EL DERECHO DE VIA O PREFERENCIA DE PASO AL PEATON.,ATROPELLOS,AUTOMOVIL,1,0,0,0,0,0,0,0,0,0,0,0,0,1,9,HOMBRE,LESIONADO,PEATON,NO,NO,3
464,1469,1470,2017,0,0,-0.206202,-78.500814,PICHINCHA,QUITO,QUITO,URBANA,2017-01-19,17:40:00,17,JUEVES,4,ENERO,1,NO,"NO RESPETAR LAS SENIALES REGLAMENTARIAS DE TRANSITO. (PARE, CEDA EL PASO, LUZ ROJA DEL SEMAFORO, ETC).",COLISION,AUTOMOVIL,2,0,0,0,0,0,0,0,0,0,0,0,1,3,24,HOMBRE,ILESO,CONDUCTOR PRESENTE,NO,NO,0
465,1473,1474,2017,0,0,-0.169081,-78.488961,PICHINCHA,QUITO,QUITO,URBANA,2017-01-19,18:30:00,18,JUEVES,4,ENERO,1,NO,NO CEDER EL DERECHO DE VIA O PREFERENCIA DE PASO A VEHICULOS.,CHOQUE LATERAL,CAMIONETA,1,0,0,0,1,0,0,0,0,0,0,0,0,2,19,HOMBRE,ILESO,CONDUCTOR PRESENTE,NO,NO,0
466,1476,1477,2017,0,0,-0.108603,-78.454369,PICHINCHA,QUITO,CALDERON (CARAPUNGO),RURAL,2017-01-19,19:30:00,19,JUEVES,4,ENERO,1,NO,NO GUARDAR LA DISTANCIA LATERAL MINIMA DE SEGURIDAD ENTRE VEHICULOS.,ROZAMIENTOS,AUTOMOVIL,2,0,0,0,0,0,0,0,0,0,0,0,0,2,29,HOMBRE,ILESO,CONDUCTOR PRESENTE,NO,NO,3
467,1477,1478,2017,0,0,-0.214643,-78.516701,PICHINCHA,QUITO,QUITO,URBANA,2017-01-19,19:40:00,19,JUEVES,4,ENERO,1,NO,PEATON QUE CRUZA LA CALZADA SIN RESPETAR LA SENIALIZACION EXISTENTE (SEMAFOROS O SENIALES MANUALES).,ATROPELLOS,MOTOCICLETA,0,0,0,0,0,0,0,0,1,0,0,0,0,1,32,HOMBRE,ILESO,CONDUCTOR PRESENTE,NO,NO,0
468,1478,1479,2017,0,0,-0.077895,-78.410491,PICHINCHA,QUITO,CALDERON (CARAPUNGO),RURAL,2017-01-19,20:05:00,20,JUEVES,4,ENERO,1,NO,"NO RESPETAR LAS SENIALES REGLAMENTARIAS DE TRANSITO. (PARE, CEDA EL PASO, LUZ ROJA DEL SEMAFORO, ETC).",CHOQUE LATERAL,AUTOMOVIL,2,0,0,0,0,0,0,0,0,0,0,0,0,2,20,HOMBRE,ILESO,CONDUCTOR PRESENTE,NO,NO,3
469,1480,1481,2017,1,0,-0.240679,-78.525194,PICHINCHA,QUITO,QUITO,URBANA,2017-01-19,20:10:00,20,JUEVES,4,ENERO,1,NO,REALIZAR CAMBIO BRUSCO O INDEBIDO DE CARRIL.,PERDIDA DE PISTA,MOTOCICLETA,0,0,0,0,0,0,0,0,1,0,0,0,0,1,25,HOMBRE,LESIONADO,CONDUCTOR PRESENTE,NO,NO,0
470,1494,1495,2017,0,0,-0.204358,-78.490011,PICHINCHA,QUITO,QUITO,URBANA,2017-01-20,00:25:00,0,VIERNES,5,ENERO,1,NO,"CONDUCE BAJO LA INFLUENCIA DE ALCOHOL, SUSTANCIAS ESTUPEFACIENTES O PSICOTROPICAS Y/O MEDICAMENTOS.",ROZAMIENTOS,AUTOMOVIL,2,0,0,0,0,0,0,0,0,0,0,0,0,2,26,HOMBRE,ILESO,CONDUCTOR PRESENTE,NO,NO,0