,Unnamed: 0,ID,ANIO,LESIONADOS,FALLECIDOS,LATITUD_Y,LONGITUD_X,PROVINCIA,CANTON,PARROQUIA,ZONA,FECHA,HORA,PERIODO_2,DIA_1,DIA_2,MES_1,MES_2,FERIADO,CAUSA_PROBABLE,TIPO_DE_SINIESTRO,TIPO_DE_VEHICULO_1,AUTOMOVIL,BICICLETA,BUS,CAMION,CAMIONETA,EMERGENCIAS,ESPECIAL,FURGONETA,MOTOCICLETA,NO_IDENTIFICADO,SCOOTER_ELECTRICO,TRICIMOTO,VEHICULO_DEPORTIVO_UTILITARIO,SUMA_DE_VEHICULOS,EDAD_1,SEXO_1,CONDICION_1,PARTICIPANTE_1,CASCO_1,CINTURON_1,KMeans_Cluster
529,1618,1619,2017,0,0,-0.270502,-78.528651,PICHINCHA,QUITO,QUITO,URBANA,2017-01-21,12:00:00,12,SABADO,6,ENERO,1,NO,"ADELANTAR O REBASAR A OTRO VEHICULO EN MOVIMIENTO EN ZONAS O SITIOS PELIGROSOS TALES COMO: CURVAS, PUENTES, TUNELES, PENDIENTES, ETC.",ROZAMIENTOS,CAMION,0,0,1,1,0,0,0,0,0,0,0,0,0,2,37,HOMBRE,ILESO,CONDUCTOR PRESENTE,NO,NO,0
530,1620,1621,2017,1,0,-0.112661,-78.496911,PICHINCHA,QUITO,QUITO,URBANA,2017-01-21,12:10:00,12,SABADO,6,ENERO,1,NO,"ADELANTAR O REBASAR A OTRO VEHICULO EN MOVIMIENTO EN ZONAS O SITIOS PELIGROSOS TALES COMO: CURVAS, PUENTES, TUNELES, PENDIENTES, ETC.",CHOQUE FRONTAL,NO IDENTIFICADO,0,0,0,0,0,0,0,0,0,2,0,0,0,2,24,HOMBRE,LESIONADO,CONDUCTOR PRESENTE,NO,NO,0
531,1627,1628,2017,0,0,-0.117262,-78.463152,PICHINCHA,QUITO,QUITO,RURAL,2017-01-21,14:00:00,14,SABADO,6,ENERO,1,NO,NO GUARDAR LA DISTANCIA LATERAL MINIMA DE SEGURIDAD ENTRE VEHICULOS.,ROZAMIENTOS,AUTOMOVIL,2,0,0,0,0,0,0,0,0,0,0,0,0,2,43,HOMBRE,ILESO,CONDUCTOR PRESENTE,NO,NO,3
532,1628,1629,2017,1,0,-0.167539,-78.433234,PICHINCHA,QUITO,NAYON,RURAL,2017-01-21,14:00:00,14,SABADO,6,ENERO,1,NO,BAJARSE O SUBIRSE DE VEHICULOS EN MOVIMIENTO SIN TOMAR LAS PRECAUCIONES DEBIDAS.,CAIDA DE PASAJERO,CAMION,0,0,0,1,0,0,0,0,0,0,0,0,0,1,29,HOMBRE,LESIONADO,CONDUCTOR PRESENTE,NO,NO,3
533,1629,1630,2017,0,0,-0.178201,-78.359841,PICHINCHA,QUITO,PUEMBO,RURAL,2017-01-21,14:00:00,14,SABADO,6,ENERO,1,NO,REALIZAR CAMBIO BRUSCO O INDEBIDO DE CARRIL.,COLISION,AUTOMOVIL,4,0,0,0,0,0,0,0,0,0,0,0,0,4,61,HOMBRE,ILESO,CONDUCTOR PRESENTE,NO,NO,3
534,1634,1635,2017,1,0,-0.208498,-78.485714,PICHINCHA,QUITO,QUITO,URBANA,2017-01-21,16:30:00,16,SABADO,6,ENERO,1,NO,NO CEDER EL DERECHO DE VIA O PREFERENCIA DE PASO AL PEATON.,ATROPELLOS,AUTOMOVIL,1,0,0,0,0,0,0,0,0,0,0,0,0,1,82,HOMBRE,LESIONADO,PEATON,NO,NO,0
535,1637,1638,2017,1,0,-0.204089,-78.489481,PICHINCHA,QUITO,QUITO,URBANA,2017-01-21,17:10:00,17,SABADO,6,ENERO,1,NO,"CONDUCIR DESATENTO A LAS CONDICIONES DE TRANSITO (CELULAR, PANTALLAS DE VIDEO, COMIDA, MAQUILLAJE O CUALQUIER OTRO ELEMENTO DISTRACTOR).",PERDIDA DE PISTA,NO IDENTIFICADO,0,0,0,0,0,0,0,0,0,1,0,0,0,1,45,HOMBRE,LESIONADO,PASAJERO,NO,NO,0
536,1644,1645,2017,1,0,-0.136172,-78.470287,PICHINCHA,QUITO,QUITO,URBANA,2017-01-21,19:20:00,19,SABADO,6,ENERO,1,NO,"NO RESPETAR LAS SENIALES REGLAMENTARIAS DE TRANSITO. (PARE, CEDA EL PASO, LUZ ROJA DEL SEMAFORO, ETC).",CHOQUE LATERAL,AUTOMOVIL,2,0,0,0,0,0,0,0,0,0,0,0,0,2,6,MUJER,LESIONADO,PASAJERO,NO,NO,0
537,1648,1649,2017,1,0,-0.106047,-78.466538,PICHINCHA,QUITO,QUITO,RURAL,2017-01-21,19:50:00,19,SABADO,6,ENERO,1,NO,CONDUCIR VEHICULO SUPERANDO LOS LIMITES MAXIMOS DE VELOCIDAD.,ESTRELLAMIENTOS,MOTOCICLETA,0,0,0,0,0,0,0,0,1,0,0,0,0,1,28,HOMBRE,LESIONADO,PASAJERO,NO,NO,3
538,1653,1654,2017,0,0,-0.258995,-78.502634,PICHINCHA,QUITO,QUITO,URBANA,2017-01-21,20:35:00,20,SABADO,6,ENERO,1,NO,NO MANTENER LA DISTANCIA PRUDENCIAL CON RESPECTO AL VEHICULO QUE LE ANTECEDE.,CHOQUE POSTERIOR,MOTOCICLETA,0,0,0,0,0,0,0,0,1,1,0,0,0,2,28,HOMBRE,ILESO,CONDUCTOR PRESENTE,NO,NO,0
539,1656,1657,2017,0,0,-0.188478,-78.447371,PICHINCHA,QUITO,NAYON,RURAL,2017-01-21,21:00:00,21,SABADO,6,ENERO,1,NO,CONDUCIR VEHICULO SUPERANDO LOS LIMITES MAXIMOS DE VELOCIDAD.,ESTRELLAMIENTOS,CAMIONETA,0,0,0,0,1,0,0,0,0,0,0,0,0,1,60,HOMBRE,ILESO,CONDUCTOR PRESENTE,NO,NO,3
540,1669,1670,2017,0,0,-0.275327,-78.535791,PICHINCHA,QUITO,QUITO,URBANA,2017-01-21,22:10:00,22,SABADO,6,ENERO,1,NO,NO CEDER EL DERECHO DE VIA O PREFERENCIA DE PASO AL PEATON.,ATROPELLOS,VEHICULO DEPORTIVO UTILITARIO,0,0,0,0,0,0,0,0,0,0,0,0,1,1,37,MUJER,ILESO,CONDUCTOR PRESENTE,NO,NO,0
541,1675,1676,2017,0,0,-0.242029,-78.520966,PICHINCHA,QUITO,QUITO,URBANA,2017-01-21,23:15:00,23,SABADO,6,ENERO,1,NO,"NO RESPETAR LAS SENIALES REGLAMENTARIAS DE TRANSITO. (PARE, CEDA EL PASO, LUZ ROJA DEL SEMAFORO, ETC).",CHOQUE LATERAL,AUTOMOVIL,1,0,0,0,0,0,0,0,0,0,0,0,1,2,53,HOMBRE,ILESO,CONDUCTOR PRESENTE,NO,NO,0
542,1677,1678,2017,0,0,-0.114511,-78.506659,PICHINCHA,QUITO,QUITO,URBANA,2017-01-21,23:25:00,23,SABADO,6,ENERO,1,NO,CONDUCIR VEHICULO SUPERANDO LOS LIMITES MAXIMOS DE VELOCIDAD.,ESTRELLAMIENTOS,AUTOMOVIL,1,0,0,0,0,0,0,0,0,0,0,0,0,1,-1,NO IDENTIFICADO,NO IDENTIFICADO,CONDUCTOR AUSENTE,NO,NO,2
543,1678,1679,2017,1,0,-0.212159,-78.405971,PICHINCHA,QUITO,TUMBACO,RURAL,2017-01-21,23:30:00,23,SABADO,6,ENERO,1,NO,"NO RESPETAR LAS SENIALES REGLAMENTARIAS DE TRANSITO. (PARE, CEDA EL PASO, LUZ ROJA DEL SEMAFORO, ETC).",CHOQUE LATERAL,MOTOCICLETA,1,0,0,0,0,0,0,0,1,0,0,0,0,2,16,MUJER,LESIONADO,PASAJERO,NO,NO,3
544,1679,1680,2017,1,0,-0.250919,-78.531049,PICHINCHA,QUITO,QUITO,URBANA,2017-01-21,23:33:00,23,SABADO,6,ENERO,1,NO,NO CEDER EL DERECHO DE VIA O PREFERENCIA DE PASO AL PEATON.,ATROPELLOS,NO IDENTIFICADO,0,0,0,0,0,0,0,0,0,1,0,0,0,1,28,HOMBRE,LESIONADO,PEATON,NO,NO,0
545,1687,1688,2017,0,0,-0.073203,-78.434403,PICHINCHA,QUITO,CALDERON (CARAPUNGO),RURAL,2017-01-22,00:50:00,0,DOMINGO,7,ENERO,1,NO,NO TRANSITAR POR LAS ACERAS O ZONAS DE SEGURIDAD DESTINADAS PARA EL EFECTO.,ATROPELLOS,MOTOCICLETA,0,0,0,0,0,0,0,0,1,0,0,0,0,1,28,HOMBRE,ILESO,PEATON,NO,NO,3
546,1695,1696,2017,2,0,-0.161689,-78.320647,PICHINCHA,QUITO,YARUQUI,RURAL,2017-01-22,03:00:00,3,DOMINGO,7,ENERO,1,NO,"CONDUCE BAJO LA INFLUENCIA DE ALCOHOL, SUSTANCIAS ESTUPEFACIENTES O PSICOTROPICAS Y/O MEDICAMENTOS.",CHOQUE FRONTAL,MOTOCICLETA,1,0,0,0,0,0,0,0,1,0,0,0,0,2,27,HOMBRE,LESIONADO,CONDUCTOR PRESENTE,NO,NO,3
547,1696,1697,2017,0,0,-0.217146,-78.535093,PICHINCHA,QUITO,QUITO,URBANA,2017-01-22,03:15:00,3,DOMINGO,7,ENERO,1,NO,"CONDUCE BAJO LA INFLUENCIA DE ALCOHOL, SUSTANCIAS ESTUPEFACIENTES O PSICOTROPICAS Y/O MEDICAMENTOS.",COLISION,AUTOMOVIL,2,0,0,0,0,0,0,0,0,0,0,0,1,3,28,HOMBRE,ILESO,CONDUCTOR PRESENTE,NO,NO,0
548,1697,1698,2017,0,0,-0.200746,-78.480124,PICHINCHA,QUITO,QUITO,URBANA,2017-01-22,04:00:00,4,DOMINGO,7,ENERO,1,NO,"CONDUCIR EN ESTADO DE SOMNOLENCIA O MALAS CONDICIONES FISICAS (SUENIO, CANSANCIO Y FATIGA).",ESTRELLAMIENTOS,VEHICULO DEPORTIVO UTILITARIO,0,0,0,0,0,0,0,0,0,0,0,0,1,1,-1,NO IDENTIFICADO,NO IDENTIFICADO,CONDUCTOR AUSENTE,NO,NO,2
549,1699,1700,2017,0,0,-0.105568,-78.497653,PICHINCHA,QUITO,QUITO,URBANA,2017-01-22,04:38:00,4,DOMINGO,7,ENERO,1,NO,CONDUCIR VEHICULO SUPERANDO LOS LIMITES MAXIMOS DE VELOCIDAD.,ESTRELLAMIENTOS,AUTOMOVIL,1,0,0,0,0,0,0,0,0,0,0,0,0,1,-1,NO IDENTIFICADO,NO IDENTIFICADO,CONDUCTOR AUSENTE,NO,NO,2
550,1702,1703,2017,0,0,-0.163353,-78.463188,PICHINCHA,QUITO,QUITO,URBANA,2017-01-22,05:00:00,5,DOMINGO,7,ENERO,1,NO,"CONDUCIR EN ESTADO DE SOMNOLENCIA O MALAS CONDICIONES FISICAS (SUENIO, CANSANCIO Y FATIGA).",PERDIDA DE PISTA,AUTOMOVIL,1,0,0,0,0,0,0,0,0,0,0,0,0,1,-1,NO IDENTIFICADO,NO IDENTIFICADO,CONDUCTOR AUSENTE,NO,NO,2
551,1703,1704,2017,0,0,-0.233586,-78.513961,PICHINCHA,QUITO,QUITO,URBANA,2017-01-22,05:50:00,5,DOMINGO,7,ENERO,1,NO,CONDUCIR VEHICULO SUPERANDO LOS LIMITES MAXIMOS DE VELOCIDAD.,ESTRELLAMIENTOS,VEHICULO DEPORTIVO UTILITARIO,0,0,0,0,0,0,0,0,0,0,0,0,1,1,18,HOMBRE,ILESO,CONDUCTOR PRESENTE,NO,NO,0
552,1705,1706,2017,1,0,-0.062871,-78.352059,PICHINCHA,QUITO,GUAYLLABAMBA,RURAL,2017-01-22,06:30:00,6,DOMINGO,7,ENERO,1,NO,NO MANTENER LA DISTANCIA PRUDENCIAL CON RESPECTO AL VEHICULO QUE LE ANTECEDE.,CHOQUE POSTERIOR,NO IDENTIFICADO,0,0,0,0,0,0,0,0,0,2,0,0,0,2,38,HOMBRE,LESIONADO,CONDUCTOR PRESENTE,NO,NO,3
553,1706,1707,2017,1,0,-0.231973,-78.527852,PICHINCHA,QUITO,QUITO,URBANA,2017-01-22,06:40:00,6,DOMINGO,7,ENERO,1,NO,"ADELANTAR O REBASAR A OTRO VEHICULO EN MOVIMIENTO EN ZONAS O SITIOS PELIGROSOS TALES COMO: CURVAS, PUENTES, TUNELES, PENDIENTES, ETC.",CHOQUE FRONTAL,AUTOMOVIL,1,0,0,0,1,0,0,0,0,0,0,0,0,2,21,HOMBRE,LESIONADO,CONDUCTOR PRESENTE,NO,NO,0
554,1710,1711,2017,0,0,-0.091594,-78.472878,PICHINCHA,QUITO,QUITO,URBANA,2017-01-22,07:10:00,7,DOMINGO,7,ENERO,1,NO,CONDUCIR VEHICULO SUPERANDO LOS LIMITES MAXIMOS DE VELOCIDAD.,ESTRELLAMIENTOS,AUTOMOVIL,1,0,0,0,0,0,0,0,0,0,0,0,0,1,-1,NO IDENTIFICADO,NO IDENTIFICADO,CONDUCTOR AUSENTE,NO,NO,2
555,1721,1722,2017,0,0,-0.205831,-78.509481,PICHINCHA,QUITO,QUITO,URBANA,2017-01-22,10:18:00,10,DOMINGO,7,ENERO,1,NO,NO CEDER EL DERECHO DE VIA O PREFERENCIA DE PASO A VEHICULOS.,CHOQUE LATERAL,AUTOMOVIL,1,0,0,0,0,0,0,0,0,1,0,0,0,2,38,HOMBRE,ILESO,CONDUCTOR PRESENTE,NO,NO,0
556,1722,1723,2017,4,0,-0.297389,-78.448164,PICHINCHA,QUITO,ALANGASI,RURAL,2017-01-22,10:45:00,10,DOMINGO,7,ENERO,1,NO,CONDUCIR VEHICULO SUPERANDO LOS LIMITES MAXIMOS DE VELOCIDAD.,CHOQUE LATERAL,VEHICULO DEPORTIVO UTILITARIO,0,0,0,0,1,0,0,0,0,0,0,0,1,2,55,HOMBRE,LESIONADO,CONDUCTOR PRESENTE,NO,NO,3
557,1727,1728,2017,0,0,-0.128641,-78.471124,PICHINCHA,QUITO,QUITO,URBANA,2017-01-22,12:15:00,12,DOMINGO,7,ENERO,1,NO,NO MANTENER LA DISTANCIA PRUDENCIAL CON RESPECTO AL VEHICULO QUE LE ANTECEDE.,CHOQUE POSTERIOR,AUTOMOVIL,1,0,0,0,0,0,0,0,0,1,0,0,0,2,37,MUJER,ILESO,CONDUCTOR PRESENTE,NO,NO,0
558,1732,1733,2017,0,0,-0.150913,-78.501405,PICHINCHA,QUITO,QUITO,URBANA,2017-01-22,13:45:00,13,DOMINGO,7,ENERO,1,NO,"CONDUCIR DESATENTO A LAS CONDICIONES DE TRANSITO (CELULAR, PANTALLAS DE VIDEO, COMIDA, MAQUILLAJE O CUALQUIER OTRO ELEMENTO DISTRACTOR).",ESTRELLAMIENTOS,AUTOMOVIL,1,0,0,0,0,0,0,0,0,0,0,0,0,1,-1,NO IDENTIFICADO,NO IDENTIFICADO,CONDUCTOR AUSENTE,NO,NO,2
559,1759,1760,2017,1,0,-0.048498,-78.341568,PICHINCHA,QUITO,GUAYLLABAMBA,RURAL,2017-01-22,20:30:00,20,DOMINGO,7,ENERO,1,NO,REALIZAR CAMBIO BRUSCO O INDEBIDO DE CARRIL.,PERDIDA DE PISTA,NO IDENTIFICADO,0,0,0,0,0,0,0,0,0,1,0,0,0,1,23,MUJER,LESIONADO,PASAJERO,NO,NO,3
560,1760,1761,2017,0,0,-0.052378,-78.348726,PICHINCHA,QUITO,GUAYLLABAMBA,RURAL,2017-01-22,20:40:00,20,DOMINGO,7,ENERO,1,NO,NO CEDER EL DERECHO DE VIA O PREFERENCIA DE PASO A VEHICULOS.,CHOQUE LATERAL,VEHICULO DEPORTIVO UTILITARIO,0,0,1,0,0,0,0,0,0,0,0,0,1,2,23,HOMBRE,ILESO,CONDUCTOR PRESENTE,NO,NO,3
561,1761,1762,2017,0,0,-0.318873,-78.552489,PICHINCHA,QUITO,QUITO,URBANA,2017-01-22,20:40:00,20,DOMINGO,7,ENERO,1,NO,"NO RESPETAR LAS SENIALES REGLAMENTARIAS DE TRANSITO. (PARE, CEDA EL PASO, LUZ ROJA DEL SEMAFORO, ETC).",CHOQUE LATERAL,AUTOMOVIL,1,0,0,0,0,0,0,0,0,1,0,0,0,2,29,HOMBRE,ILESO,CONDUCTOR PRESENTE,NO,NO,0
562,1762,1763,2017,0,1,-0.004855,-78.192424,PICHINCHA,CAYAMBE,CANGAHUA,URBANA,2017-01-22,20:50:00,20,DOMINGO,7,ENERO,1,NO,"CONDUCIR DESATENTO A LAS CONDICIONES DE TRANSITO (CELULAR, PANTALLAS DE VIDEO, COMIDA, MAQUILLAJE O CUALQUIER OTRO ELEMENTO DISTRACTOR).",PERDIDA DE PISTA,AUTOMOVIL,1,0,0,0,0,0,0,0,0,0,0,0,0,1,32,HOMBRE,FALLECIDO,CONDUCTOR PRESENTE,NO,NO,0
563,1765,1766,2017,0,0,-0.211291,-78.381905,PICHINCHA,QUITO,TUMBACO,RURAL,2017-01-22,21:50:00,21,DOMINGO,7,ENERO,1,NO,"NO RESPETAR LAS SENIALES REGLAMENTARIAS DE TRANSITO. (PARE, CEDA EL PASO, LUZ ROJA DEL SEMAFORO, ETC).",CHOQUE LATERAL,AUTOMOVIL,2,0,0,0,0,0,0,0,0,0,0,0,0,2,35,HOMBRE,ILESO,CONDUCTOR PRESENTE,NO,NO,3
564,1766,1767,2017,2,1,-0.281463,-78.581516,PICHINCHA,QUITO,QUITO,URBANA,2017-01-22,22:00:00,22,DOMINGO,7,ENERO,1,NO,CONDUCIR VEHICULO SUPERANDO LOS LIMITES MAXIMOS DE VELOCIDAD.,PERDIDA DE PISTA,AUTOMOVIL,1,0,0,0,0,0,0,0,0,0,0,0,0,1,46,HOMBRE,FALLECIDO,CONDUCTOR PRESENTE,NO,NO,0
565,1771,1772,2017,0,0,-0.105433,-78.491939,PICHINCHA,QUITO,QUITO,URBANA,2017-01-23,06:30:00,6,LUNES,1,ENERO,1,NO,"ADELANTAR O REBASAR A OTRO VEHICULO EN MOVIMIENTO EN ZONAS O SITIOS PELIGROSOS TALES COMO: CURVAS, PUENTES, TUNELES, PENDIENTES, ETC.",CHOQUE LATERAL,MOTOCICLETA,1,0,0,0,0,0,0,0,1,0,0,0,0,2,23,HOMBRE,ILESO,CONDUCTOR PRESENTE,NO,NO,0
566,1773,1774,2017,0,0,-0.096028,-78.453109,PICHINCHA,QUITO,CALDERON (CARAPUNGO),RURAL,2017-01-23,07:30:00,7,LUNES,1,ENERO,1,NO,"NO RESPETAR LAS SENIALES REGLAMENTARIAS DE TRANSITO. (PARE, CEDA EL PASO, LUZ ROJA DEL SEMAFORO, ETC).",CHOQUE LATERAL,AUTOMOVIL,2,0,0,0,0,0,0,0,0,0,0,0,0,2,43,HOMBRE,ILESO,CONDUCTOR PRESENTE,NO,NO,3
567,1774,1775,2017,0,0,-0.094321,-78.437227,PICHINCHA,QUITO,CALDERON (CARAPUNGO),RURAL,2017-01-23,07:45:00,7,LUNES,1,ENERO,1,NO,"NO RESPETAR LAS SENIALES REGLAMENTARIAS DE TRANSITO. (PARE, CEDA EL PASO, LUZ ROJA DEL SEMAFORO, ETC).",CHOQUE LATERAL,AUTOMOVIL,2,0,0,0,0,0,0,0,0,0,0,0,0,2,28,MUJER,ILESO,CONDUCTOR PRESENTE,NO,NO,3
568,1777,1778,2017,0,0,-0.283167,-78.466111,PICHINCHA,QUITO,CONOCOTO,RURAL,2017-01-23,08:20:00,8,LUNES,1,ENERO,1,NO,"NO RESPETAR LAS SENIALES REGLAMENTARIAS DE TRANSITO. (PARE, CEDA EL PASO, LUZ ROJA DEL SEMAFORO, ETC).",CHOQUE LATERAL,VEHICULO DEPORTIVO UTILITARIO,0,0,0,0,0,0,0,0,1,0,0,0,1,2,60,HOMBRE,ILESO,CONDUCTOR PRESENTE,NO,NO,3
569,1780,1781,2017,1,0,-0.172271,-78.490085,PICHINCHA,QUITO,QUITO,URBANA,2017-01-23,09:30:00,9,LUNES,1,ENERO,1,NO,CONDUCIR VEHICULO SUPERANDO LOS LIMITES MAXIMOS DE VELOCIDAD.,PERDIDA DE PISTA,MOTOCICLETA,0,0,0,0,0,0,0,0,1,0,0,0,0,1,55,HOMBRE,LESIONADO,CONDUCTOR PRESENTE,NO,NO,0
570,1788,1789,2017,0,0,-0.100495,-78.463822,PICHINCHA,QUITO,QUITO,RURAL,2017-01-23,11:20:00,11,LUNES,1,ENERO,1,NO,"ADELANTAR O REBASAR A OTRO VEHICULO EN MOVIMIENTO EN ZONAS O SITIOS PELIGROSOS TALES COMO: CURVAS, PUENTES, TUNELES, PENDIENTES, ETC.",COLISION,AUTOMOVIL,1,0,0,0,1,0,0,0,0,0,0,0,1,3,24,MUJER,ILESO,CONDUCTOR PRESENTE,NO,NO,3
571,1789,1790,2017,0,0,-0.180241,-78.488515,PICHINCHA,QUITO,QUITO,URBANA,2017-01-23,11:50:00,11,LUNES,1,ENERO,1,NO,REALIZAR CAMBIO BRUSCO O INDEBIDO DE CARRIL.,CHOQUE LATERAL,VEHICULO DEPORTIVO UTILITARIO,1,0,0,0,0,0,0,0,0,0,0,0,1,2,52,HOMBRE,ILESO,CONDUCTOR PRESENTE,NO,NO,0
572,1791,1792,2017,0,0,-0.218886,-78.511676,PICHINCHA,QUITO,QUITO,URBANA,2017-01-23,12:30:00,12,LUNES,1,ENERO,1,NO,PEATON QUE CRUZA LA CALZADA SIN RESPETAR LA SENIALIZACION EXISTENTE (SEMAFOROS O SENIALES MANUALES).,ATROPELLOS,CAMIONETA,0,0,0,0,1,0,0,0,0,0,0,0,0,1,67,HOMBRE,ILESO,CONDUCTOR PRESENTE,NO,NO,0
573,1799,1800,2017,1,0,-0.201881,-78.491098,PICHINCHA,QUITO,QUITO,URBANA,2017-01-23,14:50:00,14,LUNES,1,ENERO,1,NO,"NO RESPETAR LAS SENIALES REGLAMENTARIAS DE TRANSITO. (PARE, CEDA EL PASO, LUZ ROJA DEL SEMAFORO, ETC).",OTROS,MOTOCICLETA,0,0,0,0,0,0,0,0,1,1,0,0,0,2,29,HOMBRE,LESIONADO,CONDUCTOR PRESENTE,NO,NO,0
574,1800,1801,2017,1,0,-0.187785,-78.487661,PICHINCHA,QUITO,QUITO,URBANA,2017-01-23,14:50:00,14,LUNES,1,ENERO,1,NO,"NO RESPETAR LAS SENIALES REGLAMENTARIAS DE TRANSITO. (PARE, CEDA EL PASO, LUZ ROJA DEL SEMAFORO, ETC).",COLISION,MOTOCICLETA,1,0,0,0,0,0,0,0,1,0,0,0,1,3,20,HOMBRE,LESIONADO,CONDUCTOR PRESENTE,NO,NO,0
575,1804,1805,2017,1,0,-0.126331,-78.480741,PICHINCHA,QUITO,QUITO,URBANA,2017-01-23,15:50:00,15,LUNES,1,ENERO,1,NO,NO CEDER EL DERECHO DE VIA O PREFERENCIA DE PASO AL PEATON.,ATROPELLOS,NO IDENTIFICADO,0,0,0,0,0,0,0,0,0,1,0,0,0,1,45,MUJER,LESIONADO,PEATON,NO,NO,0
576,1807,1808,2017,1,0,-0.177802,-78.488934,PICHINCHA,QUITO,QUITO,URBANA,2017-01-23,16:50:00,16,LUNES,1,ENERO,1,NO,NO CEDER EL DERECHO DE VIA O PREFERENCIA DE PASO AL PEATON.,ATROPELLOS,BUS,0,0,1,0,0,0,0,0,0,0,0,0,0,1,27,MUJER,LESIONADO,PEATON,NO,NO,0
577,1812,1813,2017,1,0,-0.161708,-78.316257,PICHINCHA,QUITO,YARUQUI,RURAL,2017-01-23,18:10:00,18,LUNES,1,ENERO,1,NO,"NO RESPETAR LAS SENIALES REGLAMENTARIAS DE TRANSITO. (PARE, CEDA EL PASO, LUZ ROJA DEL SEMAFORO, ETC).",CHOQUE LATERAL,CAMIONETA,0,0,0,0,1,0,0,0,1,0,0,0,0,2,17,HOMBRE,LESIONADO,CONDUCTOR PRESENTE,NO,NO,3
578,1814,1815,2017,0,0,-0.184352,-78.480789,PICHINCHA,QUITO,QUITO,URBANA,2017-01-23,18:50:00,18,LUNES,1,ENERO,1,NO,NO MANTENER LA DISTANCIA PRUDENCIAL CON RESPECTO AL VEHICULO QUE LE ANTECEDE.,CHOQUE POSTERIOR,AUTOMOVIL,1,0,0,0,0,0,0,0,0,0,0,0,1,2,39,HOMBRE,ILESO,CONDUCTOR PRESENTE,NO,NO,0
579,1817,1818,2017,1,0,-0.091585,-78.439052,PICHINCHA,QUITO,CALDERON (CARAPUNGO),RURAL,2017-01-23,19:10:00,19,LUNES,1,ENERO,1,NO,"ADELANTAR O REBASAR A OTRO VEHICULO EN MOVIMIENTO EN ZONAS O SITIOS PELIGROSOS TALES COMO: CURVAS, PUENTES, TUNELES, PENDIENTES, ETC.",CHOQUE FRONTAL,MOTOCICLETA,0,0,0,0,0,0,0,0,1,1,0,0,0,2,32,HOMBRE,LESIONADO,CONDUCTOR PRESENTE,NO,NO,3
580,1822,1823,2017,0,0,-0.141096,-78.500098,PICHINCHA,QUITO,QUITO,URBANA,2017-01-23,19:55:00,19,LUNES,1,ENERO,1,NO,"CONDUCE BAJO LA INFLUENCIA DE ALCOHOL, SUSTANCIAS ESTUPEFACIENTES O PSICOTROPICAS Y/O MEDICAMENTOS.",CHOQUE FRONTAL,AUTOMOVIL,2,0,0,0,0,0,0,0,0,0,0,0,0,2,47,HOMBRE,ILESO,CONDUCTOR PRESENTE,NO,NO,0
581,1824,1825,2017,0,0,-0.244553,-78.502496,PICHINCHA,QUITO,QUITO,URBANA,2017-01-23,20:05:00,20,LUNES,1,ENERO,1,NO,REALIZAR CAMBIO BRUSCO O INDEBIDO DE CARRIL.,CHOQUE LATERAL,MOTOCICLETA,0,0,0,0,0,0,0,1,1,0,0,0,0,2,25,HOMBRE,ILESO,CONDUCTOR PRESENTE,NO,NO,0
582,1832,1833,2017,2,0,-0.182009,-78.478782,PICHINCHA,QUITO,QUITO,URBANA,2017-01-23,23:07:00,23,LUNES,1,ENERO,1,NO,CONDUCIR VEHICULO SUPERANDO LOS LIMITES MAXIMOS DE VELOCIDAD.,CHOQUE POSTERIOR,VEHICULO DEPORTIVO UTILITARIO,0,0,0,0,0,0,0,0,0,1,0,0,1,2,32,MUJER,LESIONADO,PASAJERO,NO,NO,0
583,1834,1835,2017,0,0,-0.320624,-78.553241,PICHINCHA,QUITO,QUITO,URBANA,2017-01-24,00:25:00,0,MARTES,2,ENERO,1,NO,"CONDUCIR EN ESTADO DE SOMNOLENCIA O MALAS CONDICIONES FISICAS (SUENIO, CANSANCIO Y FATIGA).",ESTRELLAMIENTOS,NO IDENTIFICADO,0,0,0,0,0,0,0,0,0,1,0,0,0,1,-1,NO IDENTIFICADO,NO IDENTIFICADO,CONDUCTOR AUSENTE,NO,NO,2
584,1836,1837,2017,1,0,-0.242314,-78.495793,PICHINCHA,QUITO,QUITO,URBANA,2017-01-24,04:45:00,4,MARTES,2,ENERO,1,NO,CONDUCIR VEHICULO SUPERANDO LOS LIMITES MAXIMOS DE VELOCIDAD.,ESTRELLAMIENTOS,FURGONETA,0,0,0,0,0,0,0,1,0,0,0,0,0,1,28,HOMBRE,LESIONADO,PASAJERO,NO,NO,0
585,1838,1839,2017,1,0,-0.154394,-78.477081,PICHINCHA,QUITO,QUITO,URBANA,2017-01-24,06:00:00,6,MARTES,2,ENERO,1,NO,NO GUARDAR LA DISTANCIA LATERAL MINIMA DE SEGURIDAD ENTRE VEHICULOS.,ROZAMIENTOS,AUTOMOVIL,1,0,0,0,0,0,0,0,0,1,0,0,0,2,54,HOMBRE,LESIONADO,CONDUCTOR PRESENTE,NO,NO,0
586,1840,1841,2017,0,0,-0.225049,-78.525747,PICHINCHA,QUITO,QUITO,URBANA,2017-01-24,06:40:00,6,MARTES,2,ENERO,1,NO,NO GUARDAR LA DISTANCIA LATERAL MINIMA DE SEGURIDAD ENTRE VEHICULOS.,ROZAMIENTOS,AUTOMOVIL,2,0,0,0,0,0,0,0,0,0,0,0,0,2,20,MUJER,ILESO,CONDUCTOR PRESENTE,NO,NO,0