,Unnamed: 0,ID,ANIO,LESIONADOS,FALLECIDOS,LATITUD_Y,LONGITUD_X,PROVINCIA,CANTON,PARROQUIA,ZONA,FECHA,HORA,PERIODO_2,DIA_1,DIA_2,MES_1,MES_2,FERIADO,CAUSA_PROBABLE,TIPO_DE_SINIESTRO,TIPO_DE_VEHICULO_1,AUTOMOVIL,BICICLETA,BUS,CAMION,CAMIONETA,EMERGENCIAS,ESPECIAL,FURGONETA,MOTOCICLETA,NO_IDENTIFICADO,SCOOTER_ELECTRICO,TRICIMOTO,VEHICULO_DEPORTIVO_UTILITARIO,SUMA_DE_VEHICULOS,EDAD_1,SEXO_1,CONDICION_1,PARTICIPANTE_1,CASCO_1,CINTURON_1,KMeans_Cluster
587,1843,1844,2017,1,0,-0.256615,-78.542692,PICHINCHA,QUITO,QUITO,URBANA,2017-01-24,07:20:00,7,MARTES,2,ENERO,1,NO,NO CEDER EL DERECHO DE VIA O PREFERENCIA DE PASO AL PEATON.,ATROPELLOS,NO IDENTIFICADO,0,0,0,0,0,0,0,0,0,1,0,0,0,1,36,MUJER,LESIONADO,PEATON,NO,NO,0
588,1844,1845,2017,1,0,-0.254411,-78.522229,PICHINCHA,QUITO,QUITO,URBANA,2017-01-24,07:35:00,7,MARTES,2,ENERO,1,NO,NO CEDER EL DERECHO DE VIA O PREFERENCIA DE PASO AL PEATON.,ATROPELLOS,BUS,0,0,1,0,0,0,0,0,0,0,0,0,0,1,68,HOMBRE,LESIONADO,PEATON,NO,NO,0
589,1845,1846,2017,1,0,-0.172304,-78.489708,PICHINCHA,QUITO,QUITO,URBANA,2017-01-24,07:50:00,7,MARTES,2,ENERO,1,NO,CONDUCIR VEHICULO SUPERANDO LOS LIMITES MAXIMOS DE VELOCIDAD.,CHOQUE POSTERIOR,AUTOMOVIL,1,0,0,0,0,0,0,0,0,1,0,0,0,2,29,MUJER,LESIONADO,CONDUCTOR PRESENTE,NO,NO,0
590,1849,1850,2017,1,0,-0.254429,-78.530641,PICHINCHA,QUITO,QUITO,URBANA,2017-01-24,08:55:00,8,MARTES,2,ENERO,1,NO,"FALLA MECANICA EN LOS SISTEMAS Y/O NEUMATICOS (SISTEMA DE FRENOS, DIRECCION, ELECTRONICO O MECANICO).",PERDIDA DE PISTA,BICICLETA,0,1,0,0,0,0,0,0,0,0,0,0,0,1,21,MUJER,LESIONADO,CONDUCTOR PRESENTE,NO,NO,0
591,1850,1851,2017,1,0,-0.106567,-78.476473,PICHINCHA,QUITO,QUITO,URBANA,2017-01-24,09:55:00,9,MARTES,2,ENERO,1,NO,"NO RESPETAR LAS SENIALES REGLAMENTARIAS DE TRANSITO. (PARE, CEDA EL PASO, LUZ ROJA DEL SEMAFORO, ETC).",CHOQUE LATERAL,MOTOCICLETA,0,0,0,0,0,0,0,0,1,1,0,0,0,2,26,HOMBRE,LESIONADO,CONDUCTOR PRESENTE,NO,NO,0
592,1852,1853,2017,1,0,-0.214632,-78.503891,PICHINCHA,QUITO,QUITO,URBANA,2017-01-24,10:25:00,10,MARTES,2,ENERO,1,NO,"NO RESPETAR LAS SENIALES REGLAMENTARIAS DE TRANSITO. (PARE, CEDA EL PASO, LUZ ROJA DEL SEMAFORO, ETC).",ATROPELLOS,MOTOCICLETA,1,0,0,0,0,0,0,0,1,0,0,0,0,2,29,HOMBRE,LESIONADO,PEATON,NO,NO,0
593,1856,1857,2017,0,0,-0.208777,-78.501027,PICHINCHA,QUITO,QUITO,URBANA,2017-01-24,10:55:00,10,MARTES,2,ENERO,1,NO,PEATON QUE CRUZA LA CALZADA SIN RESPETAR LA SENIALIZACION EXISTENTE (SEMAFOROS O SENIALES MANUALES).,ATROPELLOS,MOTOCICLETA,0,0,0,0,0,0,0,0,1,0,0,0,0,1,22,HOMBRE,ILESO,CONDUCTOR PRESENTE,NO,NO,0
594,1859,1860,2017,1,0,-0.123002,-78.492261,PICHINCHA,QUITO,QUITO,URBANA,2017-01-24,11:45:00,11,MARTES,2,ENERO,1,NO,NO CEDER EL DERECHO DE VIA O PREFERENCIA DE PASO AL PEATON.,ATROPELLOS,AUTOMOVIL,1,0,0,0,0,0,0,0,0,0,0,0,0,1,18,MUJER,LESIONADO,PEATON,NO,NO,0
595,1860,1861,2017,1,0,-0.190369,-78.484933,PICHINCHA,QUITO,QUITO,URBANA,2017-01-24,12:10:00,12,MARTES,2,ENERO,1,NO,NO CEDER EL DERECHO DE VIA O PREFERENCIA DE PASO AL PEATON.,ATROPELLOS,VEHICULO DEPORTIVO UTILITARIO,0,0,0,0,0,0,0,0,0,0,0,0,1,1,70,HOMBRE,LESIONADO,PEATON,NO,NO,0
596,1861,1862,2017,1,0,-0.282701,-78.544403,PICHINCHA,QUITO,QUITO,URBANA,2017-01-24,12:10:00,12,MARTES,2,ENERO,1,NO,NO CEDER EL DERECHO DE VIA O PREFERENCIA DE PASO AL PEATON.,ATROPELLOS,NO IDENTIFICADO,0,0,0,0,0,0,0,0,0,1,0,0,0,1,56,MUJER,LESIONADO,PEATON,NO,NO,0
597,1862,1863,2017,0,0,-0.201864,-78.457135,PICHINCHA,QUITO,QUITO,RURAL,2017-01-24,12:40:00,12,MARTES,2,ENERO,1,NO,NO MANTENER LA DISTANCIA PRUDENCIAL CON RESPECTO AL VEHICULO QUE LE ANTECEDE.,CHOQUE POSTERIOR,CAMIONETA,1,0,0,0,1,0,0,0,0,0,0,0,0,2,35,HOMBRE,ILESO,CONDUCTOR PRESENTE,NO,NO,3
598,1863,1864,2017,1,0,-0.106567,-78.476473,PICHINCHA,QUITO,QUITO,URBANA,2017-01-24,12:45:00,12,MARTES,2,ENERO,1,NO,REALIZAR CAMBIO BRUSCO O INDEBIDO DE CARRIL.,CHOQUE LATERAL,MOTOCICLETA,0,0,0,0,0,0,0,0,1,0,0,0,1,2,40,HOMBRE,LESIONADO,CONDUCTOR PRESENTE,NO,NO,0
599,1867,1868,2017,0,0,-0.278957,-78.552717,PICHINCHA,QUITO,QUITO,URBANA,2017-01-24,13:57:00,13,MARTES,2,ENERO,1,NO,DEJAR O RECOGER PASAJEROS EN LUGARES NO PERMITIDOS.,ROZAMIENTOS,BUS,0,0,3,0,0,0,0,0,0,0,0,0,0,3,35,HOMBRE,ILESO,CONDUCTOR PRESENTE,NO,NO,0
600,1869,1870,2017,0,0,-0.221236,-78.420616,PICHINCHA,QUITO,TUMBACO,RURAL,2017-01-24,14:20:00,14,MARTES,2,ENERO,1,NO,"CASO FORTUITO O FUERZA MAYOR (EXPLOSION DE NEUMATICO NUEVO, DERRUMBE, INUNDACION, CAIDA DE PUENTE, ARBOL, PRESENCIA INTEMPESTIVA E IMPREVISTA DE SEMOVIENTES EN LA VIA, ETC.).",OTROS,AUTOMOVIL,1,0,0,0,0,0,0,0,0,0,0,0,0,1,28,HOMBRE,ILESO,CONDUCTOR PRESENTE,NO,NO,3
601,1872,1873,2017,2,0,-0.128839,-78.513591,PICHINCHA,QUITO,QUITO,URBANA,2017-01-24,14:50:00,14,MARTES,2,ENERO,1,NO,"NO RESPETAR LAS SENIALES REGLAMENTARIAS DE TRANSITO. (PARE, CEDA EL PASO, LUZ ROJA DEL SEMAFORO, ETC).",CHOQUE LATERAL,AUTOMOVIL,1,0,0,0,0,0,0,0,1,0,0,0,0,2,22,HOMBRE,LESIONADO,PASAJERO,NO,NO,0
602,1879,1880,2017,1,0,-0.141413,-78.482841,PICHINCHA,QUITO,QUITO,URBANA,2017-01-24,16:15:00,16,MARTES,2,ENERO,1,NO,"CASO FORTUITO O FUERZA MAYOR (EXPLOSION DE NEUMATICO NUEVO, DERRUMBE, INUNDACION, CAIDA DE PUENTE, ARBOL, PRESENCIA INTEMPESTIVA E IMPREVISTA DE SEMOVIENTES EN LA VIA, ETC.).",OTROS,NO IDENTIFICADO,0,0,0,0,0,0,0,0,0,2,0,0,0,2,32,MUJER,LESIONADO,PASAJERO,NO,NO,0
603,1882,1883,2017,1,0,-0.168047,-78.472076,PICHINCHA,QUITO,QUITO,URBANA,2017-01-24,17:00:00,17,MARTES,2,ENERO,1,NO,DEJAR O RECOGER PASAJEROS EN LUGARES NO PERMITIDOS.,ATROPELLOS,NO IDENTIFICADO,0,0,0,0,0,0,0,0,0,1,0,0,0,1,24,HOMBRE,LESIONADO,PEATON,NO,NO,0
604,1883,1884,2017,0,0,-0.197289,-78.481919,PICHINCHA,QUITO,QUITO,URBANA,2017-01-24,17:25:00,17,MARTES,2,ENERO,1,NO,NO GUARDAR LA DISTANCIA LATERAL MINIMA DE SEGURIDAD ENTRE VEHICULOS.,ROZAMIENTOS,VEHICULO DEPORTIVO UTILITARIO,0,0,0,0,0,0,0,0,1,0,0,0,1,2,41,HOMBRE,ILESO,CONDUCTOR PRESENTE,NO,NO,0
605,1889,1890,2017,0,0,-0.327619,-78.445175,PICHINCHA,RUMINIAHUI,SANGOLQUI,URBANA,2017-01-24,19:00:00,19,MARTES,2,ENERO,1,NO,"CONDUCE BAJO LA INFLUENCIA DE ALCOHOL, SUSTANCIAS ESTUPEFACIENTES O PSICOTROPICAS Y/O MEDICAMENTOS.",ROZAMIENTOS,VEHICULO DEPORTIVO UTILITARIO,0,0,1,0,0,0,0,0,0,0,0,0,1,2,43,HOMBRE,ILESO,CONDUCTOR PRESENTE,NO,NO,0
606,1896,1897,2017,1,0,-0.287051,-78.531139,PICHINCHA,QUITO,QUITO,URBANA,2017-01-24,19:40:00,19,MARTES,2,ENERO,1,NO,"PEATON TRANSITA BAJO INFLUENCIA DE ALCOHOL, SUSTANCIAS ESTUPEFACIENTES O PSICOTROPICAS Y/O MEDICAMENTOS.",ATROPELLOS,BUS,0,0,1,0,0,0,0,0,0,0,0,0,0,1,39,HOMBRE,LESIONADO,PEATON,NO,NO,0
607,1897,1898,2017,0,0,-0.214667,-78.503353,PICHINCHA,QUITO,QUITO,URBANA,2017-01-24,19:45:00,19,MARTES,2,ENERO,1,NO,"CONDUCIR DESATENTO A LAS CONDICIONES DE TRANSITO (CELULAR, PANTALLAS DE VIDEO, COMIDA, MAQUILLAJE O CUALQUIER OTRO ELEMENTO DISTRACTOR).",ESTRELLAMIENTOS,NO IDENTIFICADO,0,0,0,0,0,0,0,0,0,1,0,0,0,1,-1,NO IDENTIFICADO,NO IDENTIFICADO,CONDUCTOR AUSENTE,NO,NO,2
608,1900,1901,2017,1,0,-0.114464,-78.495102,PICHINCHA,QUITO,QUITO,URBANA,2017-01-24,20:45:00,20,MARTES,2,ENERO,1,NO,NO CEDER EL DERECHO DE VIA O PREFERENCIA DE PASO AL PEATON.,ATROPELLOS,NO IDENTIFICADO,0,0,0,0,0,0,0,0,0,1,0,0,0,1,56,MUJER,LESIONADO,PEATON,NO,NO,0
609,1901,1902,2017,1,0,-0.075897,-78.467261,PICHINCHA,QUITO,QUITO,URBANA,2017-01-24,20:48:00,20,MARTES,2,ENERO,1,NO,"NO RESPETAR LAS SENIALES REGLAMENTARIAS DE TRANSITO. (PARE, CEDA EL PASO, LUZ ROJA DEL SEMAFORO, ETC).",CHOQUE LATERAL,MOTOCICLETA,0,0,0,0,0,0,0,0,1,1,0,0,0,2,39,HOMBRE,LESIONADO,PASAJERO,NO,NO,0
610,1909,1910,2017,0,0,-0.229787,-78.485515,PICHINCHA,QUITO,QUITO,URBANA,2017-01-25,01:10:00,1,MIERCOLES,3,ENERO,1,NO,"CONDUCIR EN ESTADO DE SOMNOLENCIA O MALAS CONDICIONES FISICAS (SUENIO, CANSANCIO Y FATIGA).",ESTRELLAMIENTOS,AUTOMOVIL,1,0,0,0,0,0,0,0,0,0,0,0,0,1,-1,NO IDENTIFICADO,NO IDENTIFICADO,CONDUCTOR AUSENTE,NO,NO,2
611,1912,1913,2017,2,0,-0.247146,-78.535093,PICHINCHA,QUITO,QUITO,URBANA,2017-01-25,05:40:00,5,MIERCOLES,3,ENERO,1,NO,"NO RESPETAR LAS SENIALES REGLAMENTARIAS DE TRANSITO. (PARE, CEDA EL PASO, LUZ ROJA DEL SEMAFORO, ETC).",CHOQUE LATERAL,MOTOCICLETA,0,0,1,0,0,0,0,0,1,0,0,0,0,2,30,HOMBRE,LESIONADO,CONDUCTOR PRESENTE,NO,NO,0
612,1913,1914,2017,1,0,-0.232351,-78.524315,PICHINCHA,QUITO,QUITO,URBANA,2017-01-25,06:05:00,6,MIERCOLES,3,ENERO,1,NO,"ADELANTAR O REBASAR A OTRO VEHICULO EN MOVIMIENTO EN ZONAS O SITIOS PELIGROSOS TALES COMO: CURVAS, PUENTES, TUNELES, PENDIENTES, ETC.",ROZAMIENTOS,AUTOMOVIL,1,0,0,0,0,0,0,0,1,0,0,0,0,2,28,HOMBRE,LESIONADO,CONDUCTOR PRESENTE,NO,NO,0
613,1916,1917,2017,0,0,-0.082361,-78.483209,PICHINCHA,QUITO,QUITO,URBANA,2017-01-25,06:30:00,6,MIERCOLES,3,ENERO,1,NO,NO MANTENER LA DISTANCIA PRUDENCIAL CON RESPECTO AL VEHICULO QUE LE ANTECEDE.,CHOQUE POSTERIOR,AUTOMOVIL,2,0,0,0,0,0,0,0,1,1,0,0,0,4,50,MUJER,ILESO,CONDUCTOR PRESENTE,NO,NO,0
614,1917,1918,2017,0,0,-0.089185,-78.428042,PICHINCHA,QUITO,CALDERON (CARAPUNGO),RURAL,2017-01-25,06:38:00,6,MIERCOLES,3,ENERO,1,NO,"NO RESPETAR LAS SENIALES REGLAMENTARIAS DE TRANSITO. (PARE, CEDA EL PASO, LUZ ROJA DEL SEMAFORO, ETC).",CHOQUE LATERAL,AUTOMOVIL,2,0,0,0,0,0,0,0,0,0,0,0,0,2,42,MUJER,ILESO,CONDUCTOR PRESENTE,NO,NO,3
615,1918,1919,2017,0,0,-0.262764,-78.537991,PICHINCHA,QUITO,QUITO,RURAL,2017-01-25,06:45:00,6,MIERCOLES,3,ENERO,1,NO,NO GUARDAR LA DISTANCIA LATERAL MINIMA DE SEGURIDAD ENTRE VEHICULOS.,ROZAMIENTOS,AUTOMOVIL,2,0,0,0,0,0,0,0,0,0,0,0,0,2,32,HOMBRE,ILESO,CONDUCTOR PRESENTE,NO,NO,3
616,1921,1922,2017,1,0,-0.198391,-78.438311,PICHINCHA,QUITO,CUMBAYA,RURAL,2017-01-25,07:09:00,7,MIERCOLES,3,ENERO,1,NO,NO CEDER EL DERECHO DE VIA O PREFERENCIA DE PASO AL PEATON.,ATROPELLOS,BUS,0,0,1,0,0,0,0,0,0,0,0,0,0,1,21,HOMBRE,LESIONADO,PEATON,NO,NO,3
617,1926,1927,2017,1,0,-0.283451,-78.543792,PICHINCHA,QUITO,QUITO,URBANA,2017-01-25,07:50:00,7,MIERCOLES,3,ENERO,1,NO,NO CEDER EL DERECHO DE VIA O PREFERENCIA DE PASO AL PEATON.,ATROPELLOS,NO IDENTIFICADO,0,0,0,0,0,0,0,0,0,1,0,0,0,1,57,HOMBRE,LESIONADO,PEATON,NO,NO,0
618,1929,1930,2017,1,0,-0.299015,-78.531528,PICHINCHA,QUITO,QUITO,URBANA,2017-01-25,08:15:00,8,MIERCOLES,3,ENERO,1,NO,NO CEDER EL DERECHO DE VIA O PREFERENCIA DE PASO AL PEATON.,ATROPELLOS,AUTOMOVIL,1,0,0,0,0,0,0,0,0,0,0,0,0,1,53,MUJER,LESIONADO,PEATON,NO,NO,0
619,1931,1932,2017,0,0,-0.188635,-78.491753,PICHINCHA,QUITO,QUITO,URBANA,2017-01-25,09:30:00,9,MIERCOLES,3,ENERO,1,NO,NO GUARDAR LA DISTANCIA LATERAL MINIMA DE SEGURIDAD ENTRE VEHICULOS.,ROZAMIENTOS,AUTOMOVIL,2,0,0,0,0,0,0,0,0,0,0,0,0,2,30,HOMBRE,ILESO,CONDUCTOR PRESENTE,NO,NO,0
620,1939,1940,2017,0,0,-0.216223,-78.395911,PICHINCHA,QUITO,TUMBACO,RURAL,2017-01-25,13:00:00,13,MIERCOLES,3,ENERO,1,NO,NO MANTENER LA DISTANCIA PRUDENCIAL CON RESPECTO AL VEHICULO QUE LE ANTECEDE.,CHOQUE POSTERIOR,AUTOMOVIL,1,0,0,0,0,0,0,0,0,1,0,0,0,2,52,HOMBRE,ILESO,CONDUCTOR PRESENTE,NO,NO,3
621,1940,1941,2017,0,0,-0.204894,-78.490853,PICHINCHA,QUITO,QUITO,URBANA,2017-01-25,13:11:00,13,MIERCOLES,3,ENERO,1,NO,"NO RESPETAR LAS SENIALES REGLAMENTARIAS DE TRANSITO. (PARE, CEDA EL PASO, LUZ ROJA DEL SEMAFORO, ETC).",CHOQUE LATERAL,AUTOMOVIL,2,0,0,0,0,0,0,0,0,0,0,0,0,2,23,HOMBRE,ILESO,CONDUCTOR PRESENTE,NO,NO,0
622,1943,1944,2017,0,0,-0.237161,-78.503774,PICHINCHA,QUITO,QUITO,URBANA,2017-01-25,13:40:00,13,MIERCOLES,3,ENERO,1,NO,NO GUARDAR LA DISTANCIA LATERAL MINIMA DE SEGURIDAD ENTRE VEHICULOS.,ROZAMIENTOS,BUS,0,0,1,0,0,0,0,0,0,0,0,0,1,2,62,HOMBRE,ILESO,CONDUCTOR PRESENTE,NO,NO,0
623,1945,1946,2017,2,0,-0.099083,-78.421844,PICHINCHA,QUITO,CALDERON (CARAPUNGO),RURAL,2017-01-25,15:35:00,15,MIERCOLES,3,ENERO,1,NO,NO TRANSITAR POR LAS ACERAS O ZONAS DE SEGURIDAD DESTINADAS PARA EL EFECTO.,ATROPELLOS,MOTOCICLETA,0,0,0,0,0,0,0,0,1,0,0,0,0,1,52,HOMBRE,LESIONADO,CONDUCTOR PRESENTE,NO,NO,3
624,1948,1949,2017,0,0,-0.048537,-78.340183,PICHINCHA,QUITO,GUAYLLABAMBA,RURAL,2017-01-25,16:55:00,16,MIERCOLES,3,ENERO,1,NO,"CONDUCIR DESATENTO A LAS CONDICIONES DE TRANSITO (CELULAR, PANTALLAS DE VIDEO, COMIDA, MAQUILLAJE O CUALQUIER OTRO ELEMENTO DISTRACTOR).",PERDIDA DE PISTA,AUTOMOVIL,1,0,0,0,0,0,0,0,0,0,0,0,0,1,35,HOMBRE,ILESO,CONDUCTOR PRESENTE,NO,NO,3
625,1949,1950,2017,0,0,-0.196274,-78.493118,PICHINCHA,QUITO,QUITO,URBANA,2017-01-25,17:00:00,17,MIERCOLES,3,ENERO,1,NO,"NO RESPETAR LAS SENIALES REGLAMENTARIAS DE TRANSITO. (PARE, CEDA EL PASO, LUZ ROJA DEL SEMAFORO, ETC).",COLISION,AUTOMOVIL,2,0,0,0,1,0,0,0,0,0,0,0,0,3,33,HOMBRE,ILESO,CONDUCTOR PRESENTE,NO,NO,0
626,1958,1959,2017,0,0,-0.180404,-78.487236,PICHINCHA,QUITO,QUITO,URBANA,2017-01-25,18:25:00,18,MIERCOLES,3,ENERO,1,NO,NO CEDER EL DERECHO DE VIA O PREFERENCIA DE PASO A VEHICULOS.,CHOQUE LATERAL,AUTOMOVIL,1,0,0,0,0,0,0,0,0,1,0,0,0,2,26,HOMBRE,ILESO,CONDUCTOR PRESENTE,NO,NO,0
627,1959,1960,2017,1,0,0.116037,-79.221568,PICHINCHA,PUERTO QUITO,PUERTO QUITO,RURAL,2017-01-25,18:30:00,18,MIERCOLES,3,ENERO,1,NO,NO CEDER EL DERECHO DE VIA O PREFERENCIA DE PASO A VEHICULOS.,CHOQUE LATERAL,CAMIONETA,0,0,0,0,2,0,0,0,0,0,0,0,0,2,29,HOMBRE,LESIONADO,CONDUCTOR PRESENTE,NO,NO,3
628,1960,1961,2017,0,0,-0.177354,-78.478334,PICHINCHA,QUITO,QUITO,URBANA,2017-01-25,18:41:00,18,MIERCOLES,3,ENERO,1,NO,REALIZAR CAMBIO BRUSCO O INDEBIDO DE CARRIL.,CHOQUE LATERAL,BUS,0,0,1,0,1,0,0,0,0,0,0,0,0,2,45,HOMBRE,ILESO,CONDUCTOR PRESENTE,NO,NO,0
629,1962,1963,2017,1,0,-0.209269,-78.425204,PICHINCHA,QUITO,CUMBAYA,RURAL,2017-01-25,19:00:00,19,MIERCOLES,3,ENERO,1,NO,CONDUCIR VEHICULO SUPERANDO LOS LIMITES MAXIMOS DE VELOCIDAD.,PERDIDA DE PISTA,AUTOMOVIL,1,0,0,0,0,0,0,0,0,0,0,0,0,1,25,HOMBRE,LESIONADO,CONDUCTOR PRESENTE,NO,NO,3
630,1963,1964,2017,0,0,-0.157092,-78.466394,PICHINCHA,QUITO,QUITO,RURAL,2017-01-25,19:15:00,19,MIERCOLES,3,ENERO,1,NO,REALIZAR CAMBIO BRUSCO O INDEBIDO DE CARRIL.,COLISION,AUTOMOVIL,3,0,0,0,0,0,0,0,0,0,0,0,0,3,27,HOMBRE,ILESO,CONDUCTOR PRESENTE,NO,NO,3
631,1965,1966,2017,2,0,-0.293585,-78.539895,PICHINCHA,QUITO,QUITO,URBANA,2017-01-25,20:00:00,20,MIERCOLES,3,ENERO,1,NO,"NO RESPETAR LAS SENIALES REGLAMENTARIAS DE TRANSITO. (PARE, CEDA EL PASO, LUZ ROJA DEL SEMAFORO, ETC).",CHOQUE LATERAL,CAMIONETA,0,0,0,0,1,0,0,0,1,0,0,0,0,2,45,MUJER,LESIONADO,PASAJERO,NO,NO,0
632,1973,1974,2017,0,0,-0.205456,-78.491976,PICHINCHA,QUITO,QUITO,URBANA,2017-01-25,21:20:00,21,MIERCOLES,3,ENERO,1,NO,NO MANTENER LA DISTANCIA PRUDENCIAL CON RESPECTO AL VEHICULO QUE LE ANTECEDE.,COLISION,AUTOMOVIL,2,0,0,0,0,0,0,0,0,0,0,0,2,4,26,MUJER,ILESO,CONDUCTOR PRESENTE,NO,NO,0
633,1981,1982,2017,1,0,-0.184855,-78.492951,PICHINCHA,QUITO,QUITO,URBANA,2017-01-26,00:50:00,0,JUEVES,4,ENERO,1,NO,"CONDUCIR EN ESTADO DE SOMNOLENCIA O MALAS CONDICIONES FISICAS (SUENIO, CANSANCIO Y FATIGA).",ESTRELLAMIENTOS,AUTOMOVIL,1,0,0,0,0,0,0,0,0,0,0,0,0,1,28,HOMBRE,LESIONADO,PASAJERO,NO,NO,0
634,1982,1983,2017,2,0,-0.117483,-78.479796,PICHINCHA,QUITO,QUITO,URBANA,2017-01-26,00:50:00,0,JUEVES,4,ENERO,1,NO,"CONDUCE BAJO LA INFLUENCIA DE ALCOHOL, SUSTANCIAS ESTUPEFACIENTES O PSICOTROPICAS Y/O MEDICAMENTOS.",ESTRELLAMIENTOS,CAMIONETA,0,0,0,0,1,0,0,0,0,0,0,0,0,1,34,HOMBRE,LESIONADO,CONDUCTOR PRESENTE,NO,NO,0
635,1983,1984,2017,0,0,-0.242688,-78.317013,PICHINCHA,QUITO,PIFO,RURAL,2017-01-26,00:55:00,0,JUEVES,4,ENERO,1,NO,CONDUCIR VEHICULO SUPERANDO LOS LIMITES MAXIMOS DE VELOCIDAD.,PERDIDA DE PISTA,CAMIONETA,0,0,0,0,1,0,0,0,0,0,0,0,0,1,36,HOMBRE,ILESO,CONDUCTOR PRESENTE,NO,NO,3
636,1988,1989,2017,1,0,-0.209797,-78.486831,PICHINCHA,QUITO,QUITO,URBANA,2017-01-26,06:58:00,6,JUEVES,4,ENERO,1,NO,NO CEDER EL DERECHO DE VIA O PREFERENCIA DE PASO AL PEATON.,ATROPELLOS,AUTOMOVIL,1,0,0,0,0,0,0,0,0,0,0,0,0,1,21,HOMBRE,LESIONADO,PEATON,NO,NO,0
637,1990,1991,2017,2,0,-0.153686,-78.466973,PICHINCHA,QUITO,QUITO,URBANA,2017-01-26,08:00:00,8,JUEVES,4,ENERO,1,NO,CONDUCIR VEHICULO SUPERANDO LOS LIMITES MAXIMOS DE VELOCIDAD.,CHOQUE POSTERIOR,MOTOCICLETA,0,1,0,0,0,0,0,0,1,0,0,0,0,2,31,HOMBRE,LESIONADO,CONDUCTOR PRESENTE,NO,NO,0
638,1991,1992,2017,1,0,-0.247141,-78.475845,PICHINCHA,QUITO,QUITO,RURAL,2017-01-26,08:39:00,8,JUEVES,4,ENERO,1,NO,CONDUCIR VEHICULO SUPERANDO LOS LIMITES MAXIMOS DE VELOCIDAD.,ESTRELLAMIENTOS,AUTOMOVIL,1,0,0,0,0,0,0,0,0,0,0,0,0,1,46,HOMBRE,LESIONADO,CONDUCTOR PRESENTE,NO,NO,3
639,1994,1995,2017,2,0,-0.100622,-78.472207,PICHINCHA,QUITO,QUITO,URBANA,2017-01-26,09:00:00,9,JUEVES,4,ENERO,1,NO,"CONDUCE BAJO LA INFLUENCIA DE ALCOHOL, SUSTANCIAS ESTUPEFACIENTES O PSICOTROPICAS Y/O MEDICAMENTOS.",COLISION,VEHICULO DEPORTIVO UTILITARIO,3,0,0,0,0,0,0,0,0,0,0,0,1,4,30,HOMBRE,LESIONADO,CONDUCTOR PRESENTE,NO,NO,0
640,1995,1996,2017,0,0,-0.162823,-78.478596,PICHINCHA,QUITO,QUITO,URBANA,2017-01-26,09:07:00,9,JUEVES,4,ENERO,1,NO,"NO RESPETAR LAS SENIALES REGLAMENTARIAS DE TRANSITO. (PARE, CEDA EL PASO, LUZ ROJA DEL SEMAFORO, ETC).",CHOQUE LATERAL,AUTOMOVIL,2,0,0,0,0,0,0,0,0,0,0,0,0,2,40,MUJER,ILESO,CONDUCTOR PRESENTE,NO,NO,0
641,1996,1997,2017,1,0,-0.204229,-78.505757,PICHINCHA,QUITO,QUITO,URBANA,2017-01-26,09:15:00,9,JUEVES,4,ENERO,1,NO,NO MANTENER LA DISTANCIA PRUDENCIAL CON RESPECTO AL VEHICULO QUE LE ANTECEDE.,CHOQUE POSTERIOR,VEHICULO DEPORTIVO UTILITARIO,1,0,0,0,0,0,0,0,0,0,0,0,1,2,50,MUJER,LESIONADO,PASAJERO,NO,NO,0
642,1997,1998,2017,1,0,-0.160924,-78.476596,PICHINCHA,QUITO,QUITO,URBANA,2017-01-26,09:30:00,9,JUEVES,4,ENERO,1,NO,NO MANTENER LA DISTANCIA PRUDENCIAL CON RESPECTO AL VEHICULO QUE LE ANTECEDE.,CHOQUE POSTERIOR,AUTOMOVIL,1,0,0,0,0,0,0,0,1,0,0,0,0,2,46,HOMBRE,LESIONADO,CONDUCTOR PRESENTE,NO,NO,0
643,1999,2000,2017,0,0,-0.168468,-78.469449,PICHINCHA,QUITO,QUITO,URBANA,2017-01-26,09:53:00,9,JUEVES,4,ENERO,1,NO,NO CEDER EL DERECHO DE VIA O PREFERENCIA DE PASO A VEHICULOS.,COLISION,AUTOMOVIL,3,0,0,0,0,0,0,0,0,0,0,0,0,3,52,HOMBRE,ILESO,CONDUCTOR PRESENTE,NO,NO,0
644,2005,2006,2017,0,0,-0.096232,-78.467523,PICHINCHA,QUITO,QUITO,RURAL,2017-01-26,12:22:00,12,JUEVES,4,ENERO,1,NO,NO MANTENER LA DISTANCIA PRUDENCIAL CON RESPECTO AL VEHICULO QUE LE ANTECEDE.,COLISION,BUS,0,0,2,0,0,0,0,0,0,0,0,0,1,3,37,HOMBRE,ILESO,CONDUCTOR PRESENTE,NO,NO,3
645,2007,2008,2017,1,0,-0.099083,-78.421844,PICHINCHA,QUITO,CALDERON (CARAPUNGO),RURAL,2017-01-26,12:30:00,12,JUEVES,4,ENERO,1,NO,"NO RESPETAR LAS SENIALES REGLAMENTARIAS DE TRANSITO. (PARE, CEDA EL PASO, LUZ ROJA DEL SEMAFORO, ETC).",CHOQUE LATERAL,MOTOCICLETA,1,0,0,0,0,0,0,0,1,0,0,0,0,2,24,HOMBRE,LESIONADO,CONDUCTOR PRESENTE,NO,NO,3