,Unnamed: 0,ID,ANIO,LESIONADOS,FALLECIDOS,LATITUD_Y,LONGITUD_X,PROVINCIA,CANTON,PARROQUIA,ZONA,FECHA,HORA,PERIODO_2,DIA_1,DIA_2,MES_1,MES_2,FERIADO,CAUSA_PROBABLE,TIPO_DE_SINIESTRO,TIPO_DE_VEHICULO_1,AUTOMOVIL,BICICLETA,BUS,CAMION,CAMIONETA,EMERGENCIAS,ESPECIAL,FURGONETA,MOTOCICLETA,NO_IDENTIFICADO,SCOOTER_ELECTRICO,TRICIMOTO,VEHICULO_DEPORTIVO_UTILITARIO,SUMA_DE_VEHICULOS,EDAD_1,SEXO_1,CONDICION_1,PARTICIPANTE_1,CASCO_1,CINTURON_1,KMeans_Cluster
646,2017,2018,2017,1,0,-0.113694,-78.479276,PICHINCHA,QUITO,QUITO,URBANA,2017-01-26,14:10:00,14,JUEVES,4,ENERO,1,NO,NO CEDER EL DERECHO DE VIA O PREFERENCIA DE PASO AL PEATON.,ARROLLAMIENTOS,NO IDENTIFICADO,0,0,0,0,0,0,0,0,0,1,0,0,0,1,33,MUJER,LESIONADO,PEATON,NO,NO,0
647,2018,2019,2017,1,0,-0.175598,-78.486161,PICHINCHA,QUITO,QUITO,URBANA,2017-01-26,14:15:00,14,JUEVES,4,ENERO,1,NO,PEATON QUE CRUZA LA CALZADA SIN RESPETAR LA SENIALIZACION EXISTENTE (SEMAFOROS O SENIALES MANUALES).,ATROPELLOS,AUTOMOVIL,1,0,0,0,0,0,0,0,0,0,0,0,0,1,4,MUJER,LESIONADO,PEATON,NO,NO,0
648,2022,2023,2017,1,0,-0.204358,-78.490011,PICHINCHA,QUITO,QUITO,URBANA,2017-01-26,15:20:00,15,JUEVES,4,ENERO,1,NO,"PEATON TRANSITA BAJO INFLUENCIA DE ALCOHOL, SUSTANCIAS ESTUPEFACIENTES O PSICOTROPICAS Y/O MEDICAMENTOS.",ATROPELLOS,MOTOCICLETA,0,0,0,0,0,0,0,0,1,0,0,0,0,1,55,HOMBRE,LESIONADO,PEATON,NO,NO,0
649,2027,2028,2017,0,0,-0.215643,-78.489747,PICHINCHA,QUITO,QUITO,URBANA,2017-01-26,16:45:00,16,JUEVES,4,ENERO,1,NO,"NO RESPETAR LAS SENIALES REGLAMENTARIAS DE TRANSITO. (PARE, CEDA EL PASO, LUZ ROJA DEL SEMAFORO, ETC).",CHOQUE LATERAL,AUTOMOVIL,2,0,0,0,0,0,0,0,0,0,0,0,0,2,37,HOMBRE,ILESO,CONDUCTOR PRESENTE,NO,NO,0
650,2028,2029,2017,1,0,-0.271766,-78.550331,PICHINCHA,QUITO,QUITO,URBANA,2017-01-26,16:50:00,16,JUEVES,4,ENERO,1,NO,REALIZAR CAMBIO BRUSCO O INDEBIDO DE CARRIL.,CHOQUE LATERAL,AUTOMOVIL,1,0,0,0,0,0,0,0,0,1,0,0,0,2,40,MUJER,LESIONADO,PEATON,NO,NO,0
651,2032,2033,2017,0,0,-0.209763,-78.508641,PICHINCHA,QUITO,QUITO,URBANA,2017-01-26,17:00:00,17,JUEVES,4,ENERO,1,NO,NO CEDER EL DERECHO DE VIA O PREFERENCIA DE PASO A VEHICULOS.,CHOQUE LATERAL,AUTOMOVIL,1,0,0,0,0,0,0,0,0,0,0,0,1,2,40,MUJER,ILESO,CONDUCTOR PRESENTE,NO,NO,0
652,2034,2035,2017,1,0,-0.077895,-78.410491,PICHINCHA,QUITO,CALDERON (CARAPUNGO),RURAL,2017-01-26,17:30:00,17,JUEVES,4,ENERO,1,NO,PEATON QUE CRUZA LA CALZADA SIN RESPETAR LA SENIALIZACION EXISTENTE (SEMAFOROS O SENIALES MANUALES).,ATROPELLOS,FURGONETA,0,0,0,0,0,0,0,1,0,0,0,0,0,1,2,HOMBRE,LESIONADO,PEATON,NO,NO,3
653,2039,2040,2017,1,0,-0.328669,-78.550108,PICHINCHA,QUITO,QUITO,URBANA,2017-01-26,19:00:00,19,JUEVES,4,ENERO,1,NO,NO CEDER EL DERECHO DE VIA O PREFERENCIA DE PASO AL PEATON.,ARROLLAMIENTOS,CAMIONETA,0,0,0,0,1,0,0,0,0,0,0,0,0,1,51,MUJER,LESIONADO,PEATON,NO,NO,0
654,2043,2044,2017,1,0,-0.209751,-78.424978,PICHINCHA,QUITO,CUMBAYA,RURAL,2017-01-26,20:46:00,20,JUEVES,4,ENERO,1,NO,"CASO FORTUITO O FUERZA MAYOR (EXPLOSION DE NEUMATICO NUEVO, DERRUMBE, INUNDACION, CAIDA DE PUENTE, ARBOL, PRESENCIA INTEMPESTIVA E IMPREVISTA DE SEMOVIENTES EN LA VIA, ETC.).",PERDIDA DE PISTA,MOTOCICLETA,0,0,0,0,0,0,0,0,1,0,0,0,0,1,40,HOMBRE,LESIONADO,CONDUCTOR PRESENTE,NO,NO,3
655,2045,2046,2017,0,1,-0.272208,-78.552081,PICHINCHA,QUITO,QUITO,URBANA,2017-01-26,21:10:00,21,JUEVES,4,ENERO,1,NO,NO CEDER EL DERECHO DE VIA O PREFERENCIA DE PASO AL PEATON.,ATROPELLOS,BUS,0,0,1,0,0,0,0,0,0,0,0,0,0,1,13,HOMBRE,FALLECIDO,PEATON,NO,NO,0
656,2050,2051,2017,1,0,-0.251729,-78.532641,PICHINCHA,QUITO,QUITO,URBANA,2017-01-26,22:00:00,22,JUEVES,4,ENERO,1,NO,NO GUARDAR LA DISTANCIA LATERAL MINIMA DE SEGURIDAD ENTRE VEHICULOS.,ROZAMIENTOS,BICICLETA,0,1,0,0,0,0,0,0,0,1,0,0,0,2,56,HOMBRE,LESIONADO,CONDUCTOR PRESENTE,NO,NO,0
657,2051,2052,2017,0,0,0.049133,-78.178295,PICHINCHA,PEDRO MONCAYO,TUPIGACHI,RURAL,2017-01-26,22:10:00,22,JUEVES,4,ENERO,1,NO,"NO RESPETAR LAS SENIALES REGLAMENTARIAS DE TRANSITO. (PARE, CEDA EL PASO, LUZ ROJA DEL SEMAFORO, ETC).",ESTRELLAMIENTOS,AUTOMOVIL,2,0,0,0,0,0,0,0,0,0,0,0,0,2,30,HOMBRE,ILESO,CONDUCTOR PRESENTE,NO,SI,3
658,2053,2054,2017,0,0,-0.217795,-78.491319,PICHINCHA,QUITO,QUITO,URBANA,2017-01-26,23:00:00,23,JUEVES,4,ENERO,1,NO,CONDUCIR VEHICULO SUPERANDO LOS LIMITES MAXIMOS DE VELOCIDAD.,ESTRELLAMIENTOS,VEHICULO DEPORTIVO UTILITARIO,0,0,0,0,0,0,0,0,0,0,0,0,1,1,31,HOMBRE,ILESO,CONDUCTOR PRESENTE,NO,NO,0
659,2055,2056,2017,1,1,-0.460407,-78.758511,PICHINCHA,MEJIA,MANUEL CORNEJO ASTORGA,RURAL,2017-01-26,23:40:00,23,JUEVES,4,ENERO,1,NO,"CONDUCIR DESATENTO A LAS CONDICIONES DE TRANSITO (CELULAR, PANTALLAS DE VIDEO, COMIDA, MAQUILLAJE O CUALQUIER OTRO ELEMENTO DISTRACTOR).",PERDIDA DE PISTA,CAMION,0,0,0,1,0,0,0,0,0,0,0,0,0,1,39,HOMBRE,FALLECIDO,CONDUCTOR PRESENTE,NO,NO,3
660,2057,2058,2017,2,0,-0.182204,-78.478691,PICHINCHA,QUITO,QUITO,URBANA,2017-01-26,23:50:00,23,JUEVES,4,ENERO,1,NO,"CONDUCE BAJO LA INFLUENCIA DE ALCOHOL, SUSTANCIAS ESTUPEFACIENTES O PSICOTROPICAS Y/O MEDICAMENTOS.",CHOQUE LATERAL,CAMIONETA,1,0,0,0,1,0,0,0,0,0,0,0,0,2,31,MUJER,LESIONADO,PASAJERO,NO,NO,0
661,2058,2059,2017,0,0,-0.119551,-78.506952,PICHINCHA,QUITO,QUITO,URBANA,2017-01-27,00:10:00,0,VIERNES,5,ENERO,1,NO,"CONDUCIR EN ESTADO DE SOMNOLENCIA O MALAS CONDICIONES FISICAS (SUENIO, CANSANCIO Y FATIGA).",ESTRELLAMIENTOS,BUS,0,0,1,0,0,0,0,0,0,0,0,0,0,1,-1,NO IDENTIFICADO,NO IDENTIFICADO,CONDUCTOR AUSENTE,NO,NO,2
662,2059,2060,2017,0,0,-0.202677,-78.492441,PICHINCHA,QUITO,QUITO,URBANA,2017-01-27,03:10:00,3,VIERNES,5,ENERO,1,NO,"CONDUCIR EN ESTADO DE SOMNOLENCIA O MALAS CONDICIONES FISICAS (SUENIO, CANSANCIO Y FATIGA).",CHOQUE POSTERIOR,AUTOMOVIL,2,0,0,0,0,0,0,0,0,0,0,0,0,2,33,HOMBRE,ILESO,CONDUCTOR PRESENTE,NO,NO,0
663,2064,2065,2017,0,0,-0.108255,-78.461339,PICHINCHA,QUITO,CALDERON (CARAPUNGO),RURAL,2017-01-27,07:05:00,7,VIERNES,5,ENERO,1,NO,"CONDUCE BAJO LA INFLUENCIA DE ALCOHOL, SUSTANCIAS ESTUPEFACIENTES O PSICOTROPICAS Y/O MEDICAMENTOS.",COLISION,AUTOMOVIL,3,0,0,0,0,0,0,0,0,0,0,0,0,3,44,HOMBRE,ILESO,CONDUCTOR PRESENTE,NO,NO,3
664,2065,2066,2017,1,0,-0.126497,-78.491797,PICHINCHA,QUITO,QUITO,URBANA,2017-01-27,07:08:00,7,VIERNES,5,ENERO,1,NO,CONDUCIR VEHICULO SUPERANDO LOS LIMITES MAXIMOS DE VELOCIDAD.,PERDIDA DE PISTA,AUTOMOVIL,1,0,0,0,0,0,0,0,0,0,0,0,0,1,20,HOMBRE,LESIONADO,CONDUCTOR PRESENTE,NO,NO,0
665,2066,2067,2017,0,0,-0.163073,-78.462599,PICHINCHA,QUITO,QUITO,RURAL,2017-01-27,07:10:00,7,VIERNES,5,ENERO,1,NO,"CONDUCE BAJO LA INFLUENCIA DE ALCOHOL, SUSTANCIAS ESTUPEFACIENTES O PSICOTROPICAS Y/O MEDICAMENTOS.",ESTRELLAMIENTOS,AUTOMOVIL,1,0,0,0,1,0,0,0,0,0,0,0,0,2,48,HOMBRE,ILESO,CONDUCTOR PRESENTE,NO,NO,3
666,2067,2068,2017,0,0,-0.236198,-78.526851,PICHINCHA,QUITO,QUITO,URBANA,2017-01-27,07:30:00,7,VIERNES,5,ENERO,1,NO,DEJAR O RECOGER PASAJEROS EN LUGARES NO PERMITIDOS.,CHOQUE POSTERIOR,BUS,0,0,2,0,0,0,0,0,0,0,0,0,0,2,30,HOMBRE,ILESO,CONDUCTOR PRESENTE,NO,NO,0
667,2073,2074,2017,0,0,-0.173007,-78.485064,PICHINCHA,QUITO,QUITO,URBANA,2017-01-27,11:40:00,11,VIERNES,5,ENERO,1,NO,NO GUARDAR LA DISTANCIA LATERAL MINIMA DE SEGURIDAD ENTRE VEHICULOS.,ROZAMIENTOS,MOTOCICLETA,0,0,0,1,0,0,0,0,1,0,0,0,0,2,38,HOMBRE,ILESO,CONDUCTOR PRESENTE,NO,NO,0
668,2077,2078,2017,0,0,-0.176735,-78.480259,PICHINCHA,QUITO,QUITO,URBANA,2017-01-27,13:00:00,13,VIERNES,5,ENERO,1,NO,NO MANTENER LA DISTANCIA PRUDENCIAL CON RESPECTO AL VEHICULO QUE LE ANTECEDE.,CHOQUE POSTERIOR,AUTOMOVIL,1,0,0,0,0,0,0,1,0,0,0,0,0,2,65,HOMBRE,ILESO,CONDUCTOR PRESENTE,NO,NO,0
669,2084,2085,2017,1,0,-0.288401,-78.441653,PICHINCHA,QUITO,ALANGASI,RURAL,2017-01-27,13:52:00,13,VIERNES,5,ENERO,1,NO,NO CEDER EL DERECHO DE VIA O PREFERENCIA DE PASO AL PEATON.,ATROPELLOS,NO IDENTIFICADO,0,0,0,0,0,0,0,0,0,1,0,0,0,1,24,HOMBRE,LESIONADO,PEATON,NO,NO,3
670,2085,2086,2017,1,0,-0.167778,-78.432658,PICHINCHA,QUITO,NAYON,URBANA,2017-01-27,14:00:00,14,VIERNES,5,ENERO,1,NO,"CASO FORTUITO O FUERZA MAYOR (EXPLOSION DE NEUMATICO NUEVO, DERRUMBE, INUNDACION, CAIDA DE PUENTE, ARBOL, PRESENCIA INTEMPESTIVA E IMPREVISTA DE SEMOVIENTES EN LA VIA, ETC.).",OTROS,CAMION,0,0,0,1,0,0,0,0,0,0,0,0,0,1,29,HOMBRE,LESIONADO,PASAJERO,NO,NO,0
671,2087,2088,2017,0,0,-0.066686,-78.433197,PICHINCHA,QUITO,CALDERON (CARAPUNGO),RURAL,2017-01-27,14:50:00,14,VIERNES,5,ENERO,1,NO,NO MANTENER LA DISTANCIA PRUDENCIAL CON RESPECTO AL VEHICULO QUE LE ANTECEDE.,CHOQUE POSTERIOR,AUTOMOVIL,2,0,0,0,0,0,0,0,0,0,0,0,0,2,39,MUJER,ILESO,CONDUCTOR PRESENTE,NO,NO,3
672,2090,2091,2017,0,0,-0.176531,-78.481252,PICHINCHA,QUITO,QUITO,URBANA,2017-01-27,16:50:00,16,VIERNES,5,ENERO,1,NO,NO GUARDAR LA DISTANCIA LATERAL MINIMA DE SEGURIDAD ENTRE VEHICULOS.,ROZAMIENTOS,AUTOMOVIL,1,0,0,0,0,0,0,0,1,0,0,0,0,2,25,MUJER,ILESO,CONDUCTOR PRESENTE,NO,NO,0
673,2093,2094,2017,0,0,-0.207994,-78.490173,PICHINCHA,QUITO,QUITO,URBANA,2017-01-27,17:34:00,17,VIERNES,5,ENERO,1,NO,NO CEDER EL DERECHO DE VIA O PREFERENCIA DE PASO AL PEATON.,ATROPELLOS,VEHICULO DEPORTIVO UTILITARIO,0,0,0,0,0,0,0,0,0,0,0,0,1,1,22,HOMBRE,ILESO,PEATON,NO,NO,0
674,2099,2100,2017,1,0,-0.170616,-78.478034,PICHINCHA,QUITO,QUITO,URBANA,2017-01-27,18:50:00,18,VIERNES,5,ENERO,1,NO,"PEATON TRANSITA BAJO INFLUENCIA DE ALCOHOL, SUSTANCIAS ESTUPEFACIENTES O PSICOTROPICAS Y/O MEDICAMENTOS.",ATROPELLOS,AUTOMOVIL,1,0,0,0,0,0,0,0,0,0,0,0,0,1,20,HOMBRE,LESIONADO,PEATON,NO,NO,0
675,2100,2101,2017,1,0,-0.181981,-78.505461,PICHINCHA,QUITO,QUITO,URBANA,2017-01-27,19:00:00,19,VIERNES,5,ENERO,1,NO,PEATON QUE CRUZA LA CALZADA SIN RESPETAR LA SENIALIZACION EXISTENTE (SEMAFOROS O SENIALES MANUALES).,ATROPELLOS,NO IDENTIFICADO,0,0,0,0,0,0,0,0,0,1,0,0,0,1,26,HOMBRE,LESIONADO,PEATON,NO,NO,0
676,2102,2103,2017,0,0,-0.295604,-78.561141,PICHINCHA,QUITO,QUITO,URBANA,2017-01-27,19:45:00,19,VIERNES,5,ENERO,1,NO,"CONDUCIR DESATENTO A LAS CONDICIONES DE TRANSITO (CELULAR, PANTALLAS DE VIDEO, COMIDA, MAQUILLAJE O CUALQUIER OTRO ELEMENTO DISTRACTOR).",ESTRELLAMIENTOS,VEHICULO DEPORTIVO UTILITARIO,0,0,0,0,0,0,0,0,0,0,0,0,1,1,29,HOMBRE,ILESO,CONDUCTOR PRESENTE,NO,NO,0
677,2103,2104,2017,0,0,-0.150393,-78.453592,PICHINCHA,QUITO,QUITO,RURAL,2017-01-27,20:25:00,20,VIERNES,5,ENERO,1,NO,NO CEDER EL DERECHO DE VIA O PREFERENCIA DE PASO A VEHICULOS.,CHOQUE LATERAL,BUS,1,0,1,0,0,0,0,0,0,0,0,0,0,2,42,HOMBRE,ILESO,CONDUCTOR PRESENTE,NO,NO,3
678,2108,2109,2017,0,0,-0.236224,-78.530811,PICHINCHA,QUITO,QUITO,URBANA,2017-01-27,21:10:00,21,VIERNES,5,ENERO,1,NO,NO GUARDAR LA DISTANCIA LATERAL MINIMA DE SEGURIDAD ENTRE VEHICULOS.,ROZAMIENTOS,AUTOMOVIL,2,0,0,0,0,0,0,0,0,0,0,0,0,2,29,HOMBRE,ILESO,CONDUCTOR PRESENTE,NO,NO,0
679,2111,2112,2017,2,0,-0.193783,-78.494211,PICHINCHA,QUITO,QUITO,URBANA,2017-01-27,21:40:00,21,VIERNES,5,ENERO,1,NO,"CONDUCE BAJO LA INFLUENCIA DE ALCOHOL, SUSTANCIAS ESTUPEFACIENTES O PSICOTROPICAS Y/O MEDICAMENTOS.",CHOQUE POSTERIOR,AUTOMOVIL,2,0,0,0,0,0,0,0,0,0,0,0,0,2,58,HOMBRE,LESIONADO,PASAJERO,NO,NO,0
680,2113,2114,2017,1,0,-0.206518,-78.494387,PICHINCHA,QUITO,QUITO,URBANA,2017-01-27,21:55:00,21,VIERNES,5,ENERO,1,NO,"CONDUCE BAJO LA INFLUENCIA DE ALCOHOL, SUSTANCIAS ESTUPEFACIENTES O PSICOTROPICAS Y/O MEDICAMENTOS.",CHOQUE LATERAL,AUTOMOVIL,2,0,0,0,0,0,0,0,0,0,0,0,0,2,23,HOMBRE,LESIONADO,PASAJERO,NO,NO,0
681,2117,2118,2017,1,0,-0.174278,-78.493456,PICHINCHA,QUITO,QUITO,URBANA,2017-01-27,22:25:00,22,VIERNES,5,ENERO,1,NO,"CONDUCE BAJO LA INFLUENCIA DE ALCOHOL, SUSTANCIAS ESTUPEFACIENTES O PSICOTROPICAS Y/O MEDICAMENTOS.",CHOQUE LATERAL,AUTOMOVIL,2,0,0,0,0,0,0,0,0,0,0,0,0,2,32,HOMBRE,LESIONADO,CONDUCTOR PRESENTE,NO,NO,0
682,2119,2120,2017,1,0,-0.155828,-78.488613,PICHINCHA,QUITO,QUITO,URBANA,2017-01-27,23:00:00,23,VIERNES,5,ENERO,1,NO,NO CEDER EL DERECHO DE VIA O PREFERENCIA DE PASO AL PEATON.,ATROPELLOS,NO IDENTIFICADO,0,0,0,0,0,0,0,0,0,1,0,0,0,1,25,HOMBRE,LESIONADO,PEATON,NO,NO,0
683,2120,2121,2017,1,0,-0.013516,-78.318752,PICHINCHA,PEDRO MONCAYO,TOCACHI,RURAL,2017-01-27,23:30:00,23,VIERNES,5,ENERO,1,NO,"CONDUCIR DESATENTO A LAS CONDICIONES DE TRANSITO (CELULAR, PANTALLAS DE VIDEO, COMIDA, MAQUILLAJE O CUALQUIER OTRO ELEMENTO DISTRACTOR).",PERDIDA DE PISTA,AUTOMOVIL,1,0,0,0,0,0,0,0,0,0,0,0,0,1,69,HOMBRE,LESIONADO,PASAJERO,NO,NO,3
684,2122,2123,2017,0,0,-0.190933,-78.480366,PICHINCHA,QUITO,QUITO,RURAL,2017-01-27,23:52:00,23,VIERNES,5,ENERO,1,NO,"CONDUCE BAJO LA INFLUENCIA DE ALCOHOL, SUSTANCIAS ESTUPEFACIENTES O PSICOTROPICAS Y/O MEDICAMENTOS.",CHOQUE FRONTAL,VEHICULO DEPORTIVO UTILITARIO,0,0,0,0,0,0,0,0,0,0,0,0,2,2,61,HOMBRE,ILESO,CONDUCTOR PRESENTE,NO,NO,3
685,2124,2125,2017,0,0,-0.190554,-78.502033,PICHINCHA,QUITO,QUITO,URBANA,2017-01-28,00:05:00,0,SABADO,6,ENERO,1,NO,"NO RESPETAR LAS SENIALES REGLAMENTARIAS DE TRANSITO. (PARE, CEDA EL PASO, LUZ ROJA DEL SEMAFORO, ETC).",CHOQUE LATERAL,AUTOMOVIL,1,0,0,0,1,0,0,0,0,0,0,0,0,2,29,HOMBRE,ILESO,CONDUCTOR PRESENTE,NO,NO,0
686,2128,2129,2017,0,0,-0.307407,-78.451012,PICHINCHA,RUMINIAHUI,SANGOLQUI,URBANA,2017-01-28,00:20:00,0,SABADO,6,ENERO,1,NO,"CONDUCE BAJO LA INFLUENCIA DE ALCOHOL, SUSTANCIAS ESTUPEFACIENTES O PSICOTROPICAS Y/O MEDICAMENTOS.",CHOQUE LATERAL,VEHICULO DEPORTIVO UTILITARIO,1,0,0,0,0,0,0,0,0,0,0,0,1,2,27,HOMBRE,ILESO,CONDUCTOR PRESENTE,NO,NO,0
687,2133,2134,2017,0,0,-0.093091,-78.479288,PICHINCHA,QUITO,QUITO,URBANA,2017-01-28,01:25:00,1,SABADO,6,ENERO,1,NO,"CONDUCIR EN ESTADO DE SOMNOLENCIA O MALAS CONDICIONES FISICAS (SUENIO, CANSANCIO Y FATIGA).",ESTRELLAMIENTOS,AUTOMOVIL,1,0,0,0,0,0,0,0,0,0,0,0,0,1,-1,NO IDENTIFICADO,NO IDENTIFICADO,CONDUCTOR AUSENTE,NO,NO,2
688,2134,2135,2017,0,0,-0.136128,-78.470154,PICHINCHA,QUITO,QUITO,URBANA,2017-01-28,02:30:00,2,SABADO,6,ENERO,1,NO,"CONDUCE BAJO LA INFLUENCIA DE ALCOHOL, SUSTANCIAS ESTUPEFACIENTES O PSICOTROPICAS Y/O MEDICAMENTOS.",CHOQUE POSTERIOR,MOTOCICLETA,1,0,0,0,0,0,0,0,1,0,0,0,0,2,27,HOMBRE,ILESO,CONDUCTOR PRESENTE,NO,NO,0
689,2140,2141,2017,0,1,-0.287778,-78.491251,PICHINCHA,QUITO,CONOCOTO,RURAL,2017-01-28,03:20:00,3,SABADO,6,ENERO,1,NO,CONDUCIR VEHICULO SUPERANDO LOS LIMITES MAXIMOS DE VELOCIDAD.,ESTRELLAMIENTOS,MOTOCICLETA,0,0,0,0,0,0,0,0,1,0,0,0,0,1,29,HOMBRE,FALLECIDO,CONDUCTOR PRESENTE,NO,NO,3
690,2142,2143,2017,0,0,-0.208786,-78.495556,PICHINCHA,QUITO,QUITO,URBANA,2017-01-28,04:20:00,4,SABADO,6,ENERO,1,NO,CONDUCIR VEHICULO SUPERANDO LOS LIMITES MAXIMOS DE VELOCIDAD.,ESTRELLAMIENTOS,AUTOMOVIL,1,0,0,0,0,0,0,0,0,0,0,0,0,1,51,HOMBRE,ILESO,CONDUCTOR PRESENTE,NO,NO,0
691,2143,2144,2017,0,0,-0.119364,-78.471343,PICHINCHA,QUITO,QUITO,URBANA,2017-01-28,04:30:00,4,SABADO,6,ENERO,1,NO,"CONDUCE BAJO LA INFLUENCIA DE ALCOHOL, SUSTANCIAS ESTUPEFACIENTES O PSICOTROPICAS Y/O MEDICAMENTOS.",VOLCAMIENTOS,AUTOMOVIL,2,0,0,0,0,0,0,0,0,0,0,0,0,2,25,HOMBRE,ILESO,CONDUCTOR PRESENTE,NO,NO,0
692,2145,2146,2017,0,0,-0.443339,-78.605941,PICHINCHA,MEJIA,ALOAG,RURAL,2017-01-28,06:00:00,6,SABADO,6,ENERO,1,NO,NO CEDER EL DERECHO DE VIA O PREFERENCIA DE PASO A VEHICULOS.,CHOQUE LATERAL,CAMION,0,0,2,1,0,0,0,0,0,0,0,0,0,3,45,HOMBRE,ILESO,CONDUCTOR PRESENTE,NO,NO,3
693,2146,2147,2017,1,0,-0.303012,-78.551249,PICHINCHA,QUITO,QUITO,URBANA,2017-01-28,06:12:00,6,SABADO,6,ENERO,1,NO,NO CEDER EL DERECHO DE VIA O PREFERENCIA DE PASO AL PEATON.,ATROPELLOS,AUTOMOVIL,1,0,0,0,0,0,0,0,0,0,0,0,0,1,60,MUJER,LESIONADO,PEATON,NO,NO,0
694,2147,2148,2017,0,0,-0.273523,-78.536922,PICHINCHA,QUITO,QUITO,URBANA,2017-01-28,07:00:00,7,SABADO,6,ENERO,1,NO,NO GUARDAR LA DISTANCIA LATERAL MINIMA DE SEGURIDAD ENTRE VEHICULOS.,ROZAMIENTOS,CAMION,0,0,0,1,1,0,0,0,0,0,0,0,0,2,30,HOMBRE,ILESO,CONDUCTOR PRESENTE,NO,NO,0
695,2148,2149,2017,1,0,-0.273998,-78.535092,PICHINCHA,QUITO,QUITO,URBANA,2017-01-28,07:10:00,7,SABADO,6,ENERO,1,NO,"NO RESPETAR LAS SENIALES REGLAMENTARIAS DE TRANSITO. (PARE, CEDA EL PASO, LUZ ROJA DEL SEMAFORO, ETC).",CHOQUE LATERAL,AUTOMOVIL,2,0,0,0,0,0,0,0,0,0,0,0,0,2,69,HOMBRE,LESIONADO,CONDUCTOR PRESENTE,NO,NO,0
696,2149,2150,2017,1,0,-0.126471,-78.478019,PICHINCHA,QUITO,QUITO,URBANA,2017-01-28,07:23:00,7,SABADO,6,ENERO,1,NO,CONDUCIR VEHICULO SUPERANDO LOS LIMITES MAXIMOS DE VELOCIDAD.,PERDIDA DE PISTA,MOTOCICLETA,0,0,0,0,0,0,0,0,1,0,0,0,0,1,21,HOMBRE,LESIONADO,CONDUCTOR PRESENTE,NO,NO,0
697,2150,2151,2017,1,0,-0.201321,-78.497469,PICHINCHA,QUITO,QUITO,URBANA,2017-01-28,07:30:00,7,SABADO,6,ENERO,1,NO,NO CEDER EL DERECHO DE VIA O PREFERENCIA DE PASO AL PEATON.,ATROPELLOS,AUTOMOVIL,1,0,0,0,0,0,0,0,0,0,0,0,0,1,18,MUJER,LESIONADO,PEATON,NO,NO,0
698,2151,2152,2017,2,0,-0.185472,-78.490862,PICHINCHA,QUITO,QUITO,URBANA,2017-01-28,07:50:00,7,SABADO,6,ENERO,1,NO,"NO RESPETAR LAS SENIALES REGLAMENTARIAS DE TRANSITO. (PARE, CEDA EL PASO, LUZ ROJA DEL SEMAFORO, ETC).",VOLCAMIENTOS,MOTOCICLETA,1,0,0,0,0,0,0,0,1,0,0,0,0,2,23,HOMBRE,LESIONADO,CONDUCTOR PRESENTE,NO,NO,0
699,2153,2154,2017,0,0,-0.182136,-78.478799,PICHINCHA,QUITO,QUITO,URBANA,2017-01-28,08:15:00,8,SABADO,6,ENERO,1,NO,"CONDUCE BAJO LA INFLUENCIA DE ALCOHOL, SUSTANCIAS ESTUPEFACIENTES O PSICOTROPICAS Y/O MEDICAMENTOS.",CHOQUE LATERAL,AUTOMOVIL,2,0,0,0,0,0,0,0,0,0,0,0,0,2,26,HOMBRE,ILESO,CONDUCTOR PRESENTE,NO,NO,0
700,2154,2155,2017,0,1,-0.150952,-78.470271,PICHINCHA,QUITO,QUITO,URBANA,2017-01-28,08:50:00,8,SABADO,6,ENERO,1,NO,NO CEDER EL DERECHO DE VIA O PREFERENCIA DE PASO AL PEATON.,ARROLLAMIENTOS,NO IDENTIFICADO,0,0,0,0,0,0,0,0,0,1,0,0,0,1,86,MUJER,FALLECIDO,PEATON,NO,NO,0
701,2155,2156,2017,0,0,-0.305776,-78.452311,PICHINCHA,RUMINIAHUI,SANGOLQUI,URBANA,2017-01-28,09:00:00,9,SABADO,6,ENERO,1,NO,CONDUCIR VEHICULO SUPERANDO LOS LIMITES MAXIMOS DE VELOCIDAD.,CHOQUE LATERAL,CAMIONETA,1,0,0,0,1,0,0,0,0,0,0,0,0,2,27,HOMBRE,ILESO,CONDUCTOR PRESENTE,NO,NO,0
702,2156,2157,2017,0,0,-0.105419,-78.491971,PICHINCHA,QUITO,QUITO,URBANA,2017-01-28,09:02:00,9,SABADO,6,ENERO,1,NO,NO CEDER EL DERECHO DE VIA O PREFERENCIA DE PASO A VEHICULOS.,CHOQUE LATERAL,AUTOMOVIL,2,0,0,0,0,0,0,0,0,0,0,0,0,2,33,HOMBRE,ILESO,CONDUCTOR PRESENTE,NO,NO,0
703,2166,2167,2017,1,0,-0.268078,-78.463014,PICHINCHA,QUITO,CONOCOTO,RURAL,2017-01-28,11:00:00,11,SABADO,6,ENERO,1,NO,NO CEDER EL DERECHO DE VIA O PREFERENCIA DE PASO AL PEATON.,ATROPELLOS,NO IDENTIFICADO,0,0,0,0,0,0,0,0,0,1,0,0,0,1,67,HOMBRE,LESIONADO,PEATON,NO,NO,3
704,2169,2170,2017,0,0,-0.201709,-78.482872,PICHINCHA,QUITO,QUITO,URBANA,2017-01-28,11:50:00,11,SABADO,6,ENERO,1,NO,"NO RESPETAR LAS SENIALES REGLAMENTARIAS DE TRANSITO. (PARE, CEDA EL PASO, LUZ ROJA DEL SEMAFORO, ETC).",CHOQUE LATERAL,MOTOCICLETA,0,0,0,0,0,0,0,0,1,1,0,0,0,2,50,HOMBRE,ILESO,CONDUCTOR PRESENTE,NO,NO,0