,Unnamed: 0,ID,ANIO,LESIONADOS,FALLECIDOS,LATITUD_Y,LONGITUD_X,PROVINCIA,CANTON,PARROQUIA,ZONA,FECHA,HORA,PERIODO_2,DIA_1,DIA_2,MES_1,MES_2,FERIADO,CAUSA_PROBABLE,TIPO_DE_SINIESTRO,TIPO_DE_VEHICULO_1,AUTOMOVIL,BICICLETA,BUS,CAMION,CAMIONETA,EMERGENCIAS,ESPECIAL,FURGONETA,MOTOCICLETA,NO_IDENTIFICADO,SCOOTER_ELECTRICO,TRICIMOTO,VEHICULO_DEPORTIVO_UTILITARIO,SUMA_DE_VEHICULOS,EDAD_1,SEXO_1,CONDICION_1,PARTICIPANTE_1,CASCO_1,CINTURON_1,KMeans_Cluster
881,2682,2683,2017,0,0,-0.176353,-78.455262,PICHINCHA,QUITO,QUITO,URBANA,2017-02-04,14:10:00,14,SABADO,6,FEBRERO,2,NO,"CONDUCIR DESATENTO A LAS CONDICIONES DE TRANSITO (CELULAR, PANTALLAS DE VIDEO, COMIDA, MAQUILLAJE O CUALQUIER OTRO ELEMENTO DISTRACTOR).",ROZAMIENTOS,BUS,0,0,1,0,0,0,0,0,0,0,0,0,0,1,59,HOMBRE,ILESO,CONDUCTOR PRESENTE,NO,NO,0
882,2690,2691,2017,0,0,-0.260629,-78.546185,PICHINCHA,QUITO,QUITO,URBANA,2017-02-04,15:40:00,15,SABADO,6,FEBRERO,2,NO,NO MANTENER LA DISTANCIA PRUDENCIAL CON RESPECTO AL VEHICULO QUE LE ANTECEDE.,CHOQUE POSTERIOR,AUTOMOVIL,2,0,0,0,0,0,0,0,0,0,0,0,0,2,65,HOMBRE,ILESO,CONDUCTOR PRESENTE,NO,NO,0
883,2695,2696,2017,1,0,-0.304167,-78.542831,PICHINCHA,QUITO,QUITO,URBANA,2017-02-04,17:30:00,17,SABADO,6,FEBRERO,2,NO,NO CEDER EL DERECHO DE VIA O PREFERENCIA DE PASO AL PEATON.,ATROPELLOS,NO IDENTIFICADO,0,0,0,0,0,0,0,0,0,1,0,0,0,1,38,MUJER,LESIONADO,PEATON,NO,NO,0
884,2696,2697,2017,1,0,-0.292724,-78.476486,PICHINCHA,QUITO,CONOCOTO,RURAL,2017-02-04,17:40:00,17,SABADO,6,FEBRERO,2,NO,"CASO FORTUITO O FUERZA MAYOR (EXPLOSION DE NEUMATICO NUEVO, DERRUMBE, INUNDACION, CAIDA DE PUENTE, ARBOL, PRESENCIA INTEMPESTIVA E IMPREVISTA DE SEMOVIENTES EN LA VIA, ETC.).",OTROS,BUS,0,0,1,0,0,0,0,0,0,0,0,0,0,1,80,MUJER,LESIONADO,PEATON,NO,NO,3
885,2701,2702,2017,0,0,-0.292724,-78.476486,PICHINCHA,QUITO,CONOCOTO,RURAL,2017-02-04,18:32:00,18,SABADO,6,FEBRERO,2,NO,"CONDUCIR DESATENTO A LAS CONDICIONES DE TRANSITO (CELULAR, PANTALLAS DE VIDEO, COMIDA, MAQUILLAJE O CUALQUIER OTRO ELEMENTO DISTRACTOR).",ESTRELLAMIENTOS,AUTOMOVIL,1,0,0,0,0,0,0,0,0,0,0,0,0,1,80,HOMBRE,ILESO,CONDUCTOR PRESENTE,NO,NO,3
886,2702,2703,2017,0,0,-0.210251,-78.480648,PICHINCHA,QUITO,QUITO,URBANA,2017-02-04,18:35:00,18,SABADO,6,FEBRERO,2,NO,NO CEDER EL DERECHO DE VIA O PREFERENCIA DE PASO AL PEATON.,ATROPELLOS,AUTOMOVIL,1,0,0,0,0,0,0,0,0,0,0,0,0,1,55,HOMBRE,ILESO,CONDUCTOR PRESENTE,NO,NO,0
887,2703,2704,2017,1,0,-0.077895,-78.410491,PICHINCHA,QUITO,CALDERON (CARAPUNGO),RURAL,2017-02-04,19:00:00,19,SABADO,6,FEBRERO,2,NO,NO CEDER EL DERECHO DE VIA O PREFERENCIA DE PASO AL PEATON.,ATROPELLOS,NO IDENTIFICADO,0,0,0,0,0,0,0,0,0,1,0,0,0,1,18,HOMBRE,LESIONADO,PEATON,NO,NO,3
888,2706,2707,2017,0,0,-0.133359,-78.493864,PICHINCHA,QUITO,QUITO,URBANA,2017-02-04,19:35:00,19,SABADO,6,FEBRERO,2,NO,"CONDUCIR DESATENTO A LAS CONDICIONES DE TRANSITO (CELULAR, PANTALLAS DE VIDEO, COMIDA, MAQUILLAJE O CUALQUIER OTRO ELEMENTO DISTRACTOR).",ESTRELLAMIENTOS,VEHICULO DEPORTIVO UTILITARIO,0,0,0,0,0,0,0,0,0,1,0,0,1,2,30,HOMBRE,ILESO,CONDUCTOR PRESENTE,NO,NO,0
889,2707,2708,2017,7,0,-0.118048,-78.495807,PICHINCHA,QUITO,QUITO,URBANA,2017-02-04,19:45:00,19,SABADO,6,FEBRERO,2,NO,CONDUCIR VEHICULO SUPERANDO LOS LIMITES MAXIMOS DE VELOCIDAD.,CHOQUE LATERAL,AUTOMOVIL,2,0,0,0,0,0,0,0,0,0,0,0,0,2,33,MUJER,LESIONADO,CONDUCTOR PRESENTE,NO,NO,0
890,2709,2710,2017,0,0,-0.133596,-78.497687,PICHINCHA,QUITO,QUITO,URBANA,2017-02-04,20:31:00,20,SABADO,6,FEBRERO,2,NO,"CONDUCIR DESATENTO A LAS CONDICIONES DE TRANSITO (CELULAR, PANTALLAS DE VIDEO, COMIDA, MAQUILLAJE O CUALQUIER OTRO ELEMENTO DISTRACTOR).",ESTRELLAMIENTOS,AUTOMOVIL,1,0,0,0,0,0,0,0,0,0,0,0,0,1,-1,NO IDENTIFICADO,NO IDENTIFICADO,CONDUCTOR AUSENTE,NO,NO,2
891,2712,2713,2017,0,0,-0.151466,-78.493817,PICHINCHA,QUITO,QUITO,URBANA,2017-02-04,21:18:00,21,SABADO,6,FEBRERO,2,NO,"CONDUCIR DESATENTO A LAS CONDICIONES DE TRANSITO (CELULAR, PANTALLAS DE VIDEO, COMIDA, MAQUILLAJE O CUALQUIER OTRO ELEMENTO DISTRACTOR).",ESTRELLAMIENTOS,VEHICULO DEPORTIVO UTILITARIO,0,0,0,0,0,0,0,0,0,1,0,0,1,2,35,HOMBRE,ILESO,CONDUCTOR PRESENTE,NO,NO,0
892,2724,2725,2017,1,1,-0.214643,-78.516701,PICHINCHA,QUITO,QUITO,URBANA,2017-02-04,23:20:00,23,SABADO,6,FEBRERO,2,NO,CONDUCIR VEHICULO SUPERANDO LOS LIMITES MAXIMOS DE VELOCIDAD.,ESTRELLAMIENTOS,MOTOCICLETA,0,0,0,0,0,0,0,0,1,0,0,0,0,1,19,HOMBRE,FALLECIDO,CONDUCTOR PRESENTE,NO,NO,0
893,2726,2727,2017,1,0,-0.156508,-78.486351,PICHINCHA,QUITO,QUITO,URBANA,2017-02-05,00:00:00,0,DOMINGO,7,FEBRERO,2,NO,CONDUCIR VEHICULO SUPERANDO LOS LIMITES MAXIMOS DE VELOCIDAD.,PERDIDA DE PISTA,MOTOCICLETA,0,0,0,0,0,0,0,0,1,0,0,0,0,1,26,HOMBRE,LESIONADO,CONDUCTOR PRESENTE,NO,NO,0
894,2728,2729,2017,0,0,-0.244084,-78.485321,PICHINCHA,QUITO,QUITO,URBANA,2017-02-05,00:20:00,0,DOMINGO,7,FEBRERO,2,NO,"CONDUCIR DESATENTO A LAS CONDICIONES DE TRANSITO (CELULAR, PANTALLAS DE VIDEO, COMIDA, MAQUILLAJE O CUALQUIER OTRO ELEMENTO DISTRACTOR).",PERDIDA DE PISTA,VEHICULO DEPORTIVO UTILITARIO,0,0,0,0,0,0,0,0,0,0,0,0,1,1,33,HOMBRE,ILESO,CONDUCTOR PRESENTE,NO,NO,0
895,2729,2730,2017,1,0,-0.258452,-78.553218,PICHINCHA,QUITO,QUITO,URBANA,2017-02-05,00:30:00,0,DOMINGO,7,FEBRERO,2,NO,"CONDUCIR EN ESTADO DE SOMNOLENCIA O MALAS CONDICIONES FISICAS (SUENIO, CANSANCIO Y FATIGA).",PERDIDA DE PISTA,MOTOCICLETA,0,0,0,0,0,0,0,0,1,0,0,0,0,1,32,HOMBRE,LESIONADO,PASAJERO,NO,NO,0
896,2730,2731,2017,0,0,-0.203158,-78.491488,PICHINCHA,QUITO,QUITO,URBANA,2017-02-05,00:50:00,0,DOMINGO,7,FEBRERO,2,NO,"CONDUCIR EN ESTADO DE SOMNOLENCIA O MALAS CONDICIONES FISICAS (SUENIO, CANSANCIO Y FATIGA).",ESTRELLAMIENTOS,VEHICULO DEPORTIVO UTILITARIO,1,0,0,0,0,0,0,0,0,0,0,0,1,2,-1,NO IDENTIFICADO,NO IDENTIFICADO,CONDUCTOR AUSENTE,NO,NO,2
897,2734,2735,2017,0,0,-0.382453,-78.531737,PICHINCHA,MEJIA,CUTUGLAHUA,RURAL,2017-02-05,01:20:00,1,DOMINGO,7,FEBRERO,2,NO,"CONDUCIR DESATENTO A LAS CONDICIONES DE TRANSITO (CELULAR, PANTALLAS DE VIDEO, COMIDA, MAQUILLAJE O CUALQUIER OTRO ELEMENTO DISTRACTOR).",ESTRELLAMIENTOS,CAMION,0,0,0,1,0,0,0,0,0,0,0,0,0,1,-1,NO IDENTIFICADO,NO IDENTIFICADO,CONDUCTOR AUSENTE,NO,NO,2
898,2735,2736,2017,0,0,-0.321649,-78.531167,PICHINCHA,QUITO,QUITO,URBANA,2017-02-05,01:30:00,1,DOMINGO,7,FEBRERO,2,NO,"CONDUCIR EN ESTADO DE SOMNOLENCIA O MALAS CONDICIONES FISICAS (SUENIO, CANSANCIO Y FATIGA).",PERDIDA DE PISTA,MOTOCICLETA,0,0,0,0,0,0,0,0,1,0,0,0,0,1,-1,NO IDENTIFICADO,NO IDENTIFICADO,CONDUCTOR AUSENTE,NO,NO,2
899,2744,2745,2017,1,0,-0.249076,-78.529566,PICHINCHA,QUITO,QUITO,URBANA,2017-02-05,03:30:00,3,DOMINGO,7,FEBRERO,2,NO,NO CEDER EL DERECHO DE VIA O PREFERENCIA DE PASO AL PEATON.,ATROPELLOS,NO IDENTIFICADO,0,0,0,0,0,0,0,0,0,1,0,0,0,1,23,HOMBRE,LESIONADO,PEATON,NO,NO,0
900,2750,2751,2017,5,0,-0.196669,-78.466599,PICHINCHA,QUITO,QUITO,RURAL,2017-02-05,05:15:00,5,DOMINGO,7,FEBRERO,2,NO,CONDUCIR VEHICULO SUPERANDO LOS LIMITES MAXIMOS DE VELOCIDAD.,VOLCAMIENTOS,AUTOMOVIL,1,0,0,0,0,0,0,0,0,0,0,0,0,1,24,HOMBRE,LESIONADO,PASAJERO,NO,NO,3
901,2752,2753,2017,0,1,-0.222058,-78.521282,PICHINCHA,QUITO,QUITO,URBANA,2017-02-05,05:40:00,5,DOMINGO,7,FEBRERO,2,NO,CONDUCIR VEHICULO SUPERANDO LOS LIMITES MAXIMOS DE VELOCIDAD.,ESTRELLAMIENTOS,MOTOCICLETA,0,0,0,0,0,0,0,0,1,0,0,0,0,1,28,HOMBRE,FALLECIDO,CONDUCTOR PRESENTE,NO,NO,0
902,2755,2756,2017,0,0,-0.277334,-78.546535,PICHINCHA,QUITO,QUITO,URBANA,2017-02-05,06:00:00,6,DOMINGO,7,FEBRERO,2,NO,"NO RESPETAR LAS SENIALES REGLAMENTARIAS DE TRANSITO. (PARE, CEDA EL PASO, LUZ ROJA DEL SEMAFORO, ETC).",CHOQUE LATERAL,CAMIONETA,0,0,0,0,1,0,0,0,1,0,0,0,0,2,40,HOMBRE,ILESO,CONDUCTOR PRESENTE,NO,NO,0
903,2758,2759,2017,1,0,-0.314813,-78.536088,PICHINCHA,QUITO,QUITO,URBANA,2017-02-05,06:42:00,6,DOMINGO,7,FEBRERO,2,NO,"ADELANTAR O REBASAR A OTRO VEHICULO EN MOVIMIENTO EN ZONAS O SITIOS PELIGROSOS TALES COMO: CURVAS, PUENTES, TUNELES, PENDIENTES, ETC.",CHOQUE LATERAL,MOTOCICLETA,0,0,1,0,0,0,0,0,1,0,0,0,0,2,32,HOMBRE,LESIONADO,CONDUCTOR PRESENTE,NO,NO,0
904,2776,2777,2017,0,0,-0.404825,-78.546493,PICHINCHA,MEJIA,TAMBILLO (MEJIA),RURAL,2017-02-05,12:00:00,12,DOMINGO,7,FEBRERO,2,NO,"CONDUCE BAJO LA INFLUENCIA DE ALCOHOL, SUSTANCIAS ESTUPEFACIENTES O PSICOTROPICAS Y/O MEDICAMENTOS.",CHOQUE POSTERIOR,AUTOMOVIL,1,0,0,0,0,0,0,0,0,0,0,0,1,2,50,MUJER,ILESO,CONDUCTOR PRESENTE,NO,NO,3
905,2777,2778,2017,1,0,-0.268531,-78.530314,PICHINCHA,QUITO,QUITO,URBANA,2017-02-05,12:00:00,12,DOMINGO,7,FEBRERO,2,NO,NO CEDER EL DERECHO DE VIA O PREFERENCIA DE PASO AL PEATON.,ATROPELLOS,NO IDENTIFICADO,0,0,0,0,0,0,0,0,0,1,0,0,0,1,6,HOMBRE,LESIONADO,PEATON,NO,NO,0
906,2778,2779,2017,1,0,-0.214128,-78.514987,PICHINCHA,QUITO,QUITO,URBANA,2017-02-05,12:00:00,12,DOMINGO,7,FEBRERO,2,NO,NO CEDER EL DERECHO DE VIA O PREFERENCIA DE PASO AL PEATON.,ARROLLAMIENTOS,NO IDENTIFICADO,0,0,0,0,0,0,0,0,0,1,0,0,0,1,10,HOMBRE,LESIONADO,PEATON,NO,NO,0
907,2781,2782,2017,2,0,-0.282875,-78.561424,PICHINCHA,QUITO,QUITO,URBANA,2017-02-05,13:25:00,13,DOMINGO,7,FEBRERO,2,NO,PEATON QUE CRUZA LA CALZADA SIN RESPETAR LA SENIALIZACION EXISTENTE (SEMAFOROS O SENIALES MANUALES).,OTROS,VEHICULO DEPORTIVO UTILITARIO,0,0,0,0,0,0,0,0,0,0,0,0,1,1,12,MUJER,LESIONADO,PEATON,NO,NO,0
908,2782,2783,2017,0,0,-0.083119,-78.417989,PICHINCHA,QUITO,CALDERON (CARAPUNGO),RURAL,2017-02-05,13:40:00,13,DOMINGO,7,FEBRERO,2,NO,NO MANTENER LA DISTANCIA PRUDENCIAL CON RESPECTO AL VEHICULO QUE LE ANTECEDE.,CHOQUE POSTERIOR,BUS,1,0,1,0,0,0,0,0,1,0,0,0,0,3,54,HOMBRE,ILESO,CONDUCTOR PRESENTE,NO,NO,3
909,2789,2790,2017,1,0,-0.190826,-78.512707,PICHINCHA,QUITO,QUITO,URBANA,2017-02-05,15:25:00,15,DOMINGO,7,FEBRERO,2,NO,NO CEDER EL DERECHO DE VIA O PREFERENCIA DE PASO AL PEATON.,ARROLLAMIENTOS,NO IDENTIFICADO,0,0,0,0,0,0,0,0,0,1,0,0,0,1,41,HOMBRE,LESIONADO,PEATON,NO,NO,0
910,2792,2793,2017,1,0,-0.119381,-78.471224,PICHINCHA,QUITO,QUITO,URBANA,2017-02-05,15:50:00,15,DOMINGO,7,FEBRERO,2,NO,NO CEDER EL DERECHO DE VIA O PREFERENCIA DE PASO AL PEATON.,ATROPELLOS,AUTOMOVIL,1,0,0,0,0,0,0,0,0,0,0,0,0,1,78,MUJER,LESIONADO,PEATON,NO,NO,0
911,2797,2798,2017,0,0,-0.404583,-78.546416,PICHINCHA,MEJIA,TAMBILLO (MEJIA),RURAL,2017-02-05,16:30:00,16,DOMINGO,7,FEBRERO,2,NO,NO GUARDAR LA DISTANCIA LATERAL MINIMA DE SEGURIDAD ENTRE VEHICULOS.,ROZAMIENTOS,VEHICULO DEPORTIVO UTILITARIO,0,0,0,0,0,0,0,0,0,1,0,0,1,2,46,HOMBRE,ILESO,CONDUCTOR PRESENTE,NO,NO,3
912,2799,2800,2017,1,0,-0.344395,-78.485387,PICHINCHA,QUITO,AMAGUANIA,RURAL,2017-02-05,16:40:00,16,DOMINGO,7,FEBRERO,2,NO,NO MANTENER LA DISTANCIA PRUDENCIAL CON RESPECTO AL VEHICULO QUE LE ANTECEDE.,CHOQUE POSTERIOR,BICICLETA,0,1,0,0,0,0,0,0,0,1,0,0,0,2,60,HOMBRE,LESIONADO,CONDUCTOR PRESENTE,NO,NO,3
913,2801,2802,2017,1,0,0.002088,-78.460987,PICHINCHA,QUITO,SAN ANTONIO (QUITO),URBANA,2017-02-05,17:45:00,17,DOMINGO,7,FEBRERO,2,NO,"FALLA MECANICA EN LOS SISTEMAS Y/O NEUMATICOS (SISTEMA DE FRENOS, DIRECCION, ELECTRONICO O MECANICO).",CHOQUE POSTERIOR,CAMION,0,0,0,1,0,0,0,0,0,1,0,0,1,3,22,MUJER,LESIONADO,PASAJERO,NO,NO,0
914,2802,2803,2017,0,0,-0.304714,-78.416503,PICHINCHA,QUITO,ALANGASI,RURAL,2017-02-05,18:00:00,18,DOMINGO,7,FEBRERO,2,NO,NO TRANSITAR POR LAS ACERAS O ZONAS DE SEGURIDAD DESTINADAS PARA EL EFECTO.,ATROPELLOS,CAMIONETA,0,0,0,0,1,0,0,0,0,0,0,0,0,1,29,HOMBRE,ILESO,CONDUCTOR PRESENTE,NO,NO,3
915,2803,2804,2017,1,0,-0.066772,-78.414714,PICHINCHA,QUITO,CALDERON (CARAPUNGO),RURAL,2017-02-05,18:20:00,18,DOMINGO,7,FEBRERO,2,NO,NO CEDER EL DERECHO DE VIA O PREFERENCIA DE PASO AL PEATON.,ATROPELLOS,AUTOMOVIL,1,0,0,0,0,0,0,0,0,0,0,0,0,1,16,MUJER,LESIONADO,PEATON,NO,NO,3
916,2813,2814,2017,1,0,0.082121,-78.192877,PICHINCHA,PEDRO MONCAYO,TUPIGACHI,URBANA,2017-02-05,19:36:00,19,DOMINGO,7,FEBRERO,2,NO,"CONDUCIR EN ESTADO DE SOMNOLENCIA O MALAS CONDICIONES FISICAS (SUENIO, CANSANCIO Y FATIGA).",CHOQUE LATERAL,MOTOCICLETA,1,0,0,0,0,0,0,0,1,0,0,0,0,2,23,HOMBRE,LESIONADO,CONDUCTOR PRESENTE,SI,NO,0
917,2821,2822,2017,1,0,-0.269526,-78.535581,PICHINCHA,QUITO,QUITO,URBANA,2017-02-05,21:35:00,21,DOMINGO,7,FEBRERO,2,NO,"CONDUCE BAJO LA INFLUENCIA DE ALCOHOL, SUSTANCIAS ESTUPEFACIENTES O PSICOTROPICAS Y/O MEDICAMENTOS.",CHOQUE LATERAL,AUTOMOVIL,1,0,0,0,0,0,0,0,1,0,0,0,0,2,20,HOMBRE,LESIONADO,CONDUCTOR PRESENTE,NO,NO,0
918,2824,2825,2017,1,0,-0.133821,-78.470598,PICHINCHA,QUITO,QUITO,URBANA,2017-02-05,23:15:00,23,DOMINGO,7,FEBRERO,2,NO,CONDUCIR VEHICULO SUPERANDO LOS LIMITES MAXIMOS DE VELOCIDAD.,PERDIDA DE PISTA,MOTOCICLETA,0,0,0,0,0,0,0,0,1,0,0,0,0,1,21,HOMBRE,LESIONADO,CONDUCTOR PRESENTE,NO,NO,0
919,2829,2830,2017,0,0,0.094407,-79.272379,PICHINCHA,PUERTO QUITO,PUERTO QUITO,URBANA,2017-02-06,02:00:00,2,LUNES,1,FEBRERO,2,NO,"CONDICIONES AMBIENTALES Y/O ATMOSFERICAS (NIEBLA, NEBLINA, GRANIZO, LLUVIA).",PERDIDA DE PISTA,AUTOMOVIL,1,0,0,0,0,0,0,0,0,0,0,0,0,1,38,HOMBRE,ILESO,CONDUCTOR PRESENTE,NO,NO,0
920,2837,2838,2017,0,0,-0.190554,-78.502033,PICHINCHA,QUITO,QUITO,URBANA,2017-02-06,06:20:00,6,LUNES,1,FEBRERO,2,NO,"NO RESPETAR LAS SENIALES REGLAMENTARIAS DE TRANSITO. (PARE, CEDA EL PASO, LUZ ROJA DEL SEMAFORO, ETC).",CHOQUE LATERAL,AUTOMOVIL,2,0,0,0,0,0,0,0,0,0,0,0,0,2,36,HOMBRE,ILESO,CONDUCTOR PRESENTE,NO,NO,0
921,2846,2847,2017,1,0,-0.171848,-78.487776,PICHINCHA,QUITO,QUITO,URBANA,2017-02-06,07:40:00,7,LUNES,1,FEBRERO,2,NO,REALIZAR CAMBIO BRUSCO O INDEBIDO DE CARRIL.,PERDIDA DE PISTA,MOTOCICLETA,0,0,0,0,0,0,0,0,1,0,0,0,0,1,24,HOMBRE,LESIONADO,CONDUCTOR PRESENTE,NO,NO,0
922,2849,2850,2017,0,0,-0.125896,-78.486439,PICHINCHA,QUITO,QUITO,URBANA,2017-02-06,09:35:00,9,LUNES,1,FEBRERO,2,NO,"NO RESPETAR LAS SENIALES REGLAMENTARIAS DE TRANSITO. (PARE, CEDA EL PASO, LUZ ROJA DEL SEMAFORO, ETC).",CHOQUE LATERAL,VEHICULO DEPORTIVO UTILITARIO,1,0,0,0,0,0,0,0,0,0,0,0,1,2,58,HOMBRE,ILESO,CONDUCTOR PRESENTE,NO,NO,0
923,2852,2853,2017,1,0,-0.162142,-78.482331,PICHINCHA,QUITO,QUITO,URBANA,2017-02-06,10:52:00,10,LUNES,1,FEBRERO,2,NO,DEJAR O RECOGER PASAJEROS EN LUGARES NO PERMITIDOS.,CAIDA DE PASAJERO,NO IDENTIFICADO,0,0,0,0,0,0,0,0,0,1,0,0,0,1,39,MUJER,LESIONADO,PASAJERO,NO,NO,0
924,2853,2854,2017,1,0,-0.172913,-78.480395,PICHINCHA,QUITO,QUITO,URBANA,2017-02-06,11:13:00,11,LUNES,1,FEBRERO,2,NO,DEJAR O RECOGER PASAJEROS EN LUGARES NO PERMITIDOS.,CAIDA DE PASAJERO,BUS,0,0,1,0,0,0,0,0,0,0,0,0,0,1,19,MUJER,LESIONADO,PASAJERO,NO,NO,0
925,2854,2855,2017,1,0,-0.209646,-78.368191,PICHINCHA,QUITO,PUEMBO,RURAL,2017-02-06,11:15:00,11,LUNES,1,FEBRERO,2,NO,CONDUCIR VEHICULO SUPERANDO LOS LIMITES MAXIMOS DE VELOCIDAD.,ESTRELLAMIENTOS,CAMIONETA,0,0,0,0,1,0,0,0,0,0,0,0,0,1,72,HOMBRE,LESIONADO,CONDUCTOR PRESENTE,NO,NO,3
926,2856,2857,2017,0,1,-0.223511,-78.385358,PICHINCHA,QUITO,TUMBACO,URBANA,2017-02-06,11:55:00,11,LUNES,1,FEBRERO,2,NO,DANIOS MECANICOS PREVISIBLES.,ARROLLAMIENTOS,BUS,0,0,1,0,0,0,0,0,0,0,0,0,0,1,57,HOMBRE,FALLECIDO,CONDUCTOR PRESENTE,NO,NO,0
927,2858,2859,2017,0,0,-0.216909,-78.509983,PICHINCHA,QUITO,QUITO,URBANA,2017-02-06,12:50:00,12,LUNES,1,FEBRERO,2,NO,NO CEDER EL DERECHO DE VIA O PREFERENCIA DE PASO A VEHICULOS.,CHOQUE LATERAL,CAMIONETA,0,0,0,0,1,0,0,0,0,0,0,0,1,2,44,HOMBRE,ILESO,CONDUCTOR PRESENTE,NO,NO,0
928,2862,2863,2017,0,0,-0.258478,-78.544764,PICHINCHA,QUITO,QUITO,URBANA,2017-02-06,14:00:00,14,LUNES,1,FEBRERO,2,NO,DEJAR O RECOGER PASAJEROS EN LUGARES NO PERMITIDOS.,ROZAMIENTOS,BUS,0,0,2,0,0,0,0,0,0,0,0,0,0,2,35,HOMBRE,ILESO,CONDUCTOR PRESENTE,NO,NO,0
929,2865,2866,2017,0,0,-0.171688,-78.472569,PICHINCHA,QUITO,QUITO,URBANA,2017-02-06,14:58:00,14,LUNES,1,FEBRERO,2,NO,NO MANTENER LA DISTANCIA PRUDENCIAL CON RESPECTO AL VEHICULO QUE LE ANTECEDE.,CHOQUE POSTERIOR,VEHICULO DEPORTIVO UTILITARIO,1,0,0,0,0,0,0,0,0,0,0,0,1,2,20,MUJER,ILESO,CONDUCTOR PRESENTE,NO,NO,0
930,2870,2871,2017,0,0,-0.227231,-78.493568,PICHINCHA,QUITO,QUITO,URBANA,2017-02-06,15:35:00,15,LUNES,1,FEBRERO,2,NO,"ADELANTAR O REBASAR A OTRO VEHICULO EN MOVIMIENTO EN ZONAS O SITIOS PELIGROSOS TALES COMO: CURVAS, PUENTES, TUNELES, PENDIENTES, ETC.",CHOQUE LATERAL,CAMIONETA,1,0,0,0,1,0,0,0,0,0,0,0,0,2,72,HOMBRE,ILESO,CONDUCTOR PRESENTE,NO,NO,0
931,2872,2873,2017,1,0,-0.259201,-78.551239,PICHINCHA,QUITO,QUITO,URBANA,2017-02-06,16:15:00,16,LUNES,1,FEBRERO,2,NO,NO CEDER EL DERECHO DE VIA O PREFERENCIA DE PASO AL PEATON.,ATROPELLOS,NO IDENTIFICADO,0,0,0,0,0,0,0,0,0,1,0,0,0,1,17,HOMBRE,LESIONADO,PEATON,NO,NO,0
932,2877,2878,2017,0,0,-0.188429,-78.482078,PICHINCHA,QUITO,QUITO,URBANA,2017-02-06,16:35:00,16,LUNES,1,FEBRERO,2,NO,REALIZAR CAMBIO BRUSCO O INDEBIDO DE CARRIL.,CHOQUE LATERAL,AUTOMOVIL,1,0,0,0,0,0,0,0,1,0,0,0,0,2,69,HOMBRE,ILESO,CONDUCTOR PRESENTE,NO,NO,0
933,2881,2882,2017,1,0,-0.173153,-78.479068,PICHINCHA,QUITO,QUITO,URBANA,2017-02-06,17:55:00,17,LUNES,1,FEBRERO,2,NO,"NO RESPETAR LAS SENIALES REGLAMENTARIAS DE TRANSITO. (PARE, CEDA EL PASO, LUZ ROJA DEL SEMAFORO, ETC).",CHOQUE LATERAL,AUTOMOVIL,1,0,0,0,0,0,0,0,1,0,0,0,0,2,36,HOMBRE,LESIONADO,CONDUCTOR PRESENTE,NO,NO,0
934,2883,2884,2017,1,0,-0.116351,-78.494889,PICHINCHA,QUITO,QUITO,URBANA,2017-02-06,18:50:00,18,LUNES,1,FEBRERO,2,NO,NO CEDER EL DERECHO DE VIA O PREFERENCIA DE PASO AL PEATON.,ATROPELLOS,NO IDENTIFICADO,0,0,0,0,0,0,0,0,0,1,0,0,0,1,25,HOMBRE,LESIONADO,PEATON,NO,NO,0
935,2884,2885,2017,0,0,-0.190546,-78.480941,PICHINCHA,QUITO,QUITO,URBANA,2017-02-06,19:00:00,19,LUNES,1,FEBRERO,2,NO,"NO RESPETAR LAS SENIALES REGLAMENTARIAS DE TRANSITO. (PARE, CEDA EL PASO, LUZ ROJA DEL SEMAFORO, ETC).",CHOQUE LATERAL,VEHICULO DEPORTIVO UTILITARIO,1,0,0,0,0,0,0,0,0,0,0,0,1,2,40,MUJER,ILESO,CONDUCTOR PRESENTE,NO,NO,0
936,2892,2893,2017,0,0,-0.264245,-78.530865,PICHINCHA,QUITO,QUITO,URBANA,2017-02-06,21:35:00,21,LUNES,1,FEBRERO,2,NO,NO GUARDAR LA DISTANCIA LATERAL MINIMA DE SEGURIDAD ENTRE VEHICULOS.,ROZAMIENTOS,AUTOMOVIL,1,0,0,0,0,0,0,0,0,0,0,0,1,2,-1,HOMBRE,ILESO,CONDUCTOR PRESENTE,NO,NO,0
937,2894,2895,2017,0,0,-0.278852,-78.547812,PICHINCHA,QUITO,QUITO,URBANA,2017-02-06,22:40:00,22,LUNES,1,FEBRERO,2,NO,CONDUCIR VEHICULO SUPERANDO LOS LIMITES MAXIMOS DE VELOCIDAD.,ESTRELLAMIENTOS,NO IDENTIFICADO,0,0,0,0,0,0,0,0,0,1,0,0,0,1,-1,NO IDENTIFICADO,NO IDENTIFICADO,CONDUCTOR AUSENTE,NO,NO,2
938,2897,2898,2017,0,0,-0.208099,-78.496226,PICHINCHA,QUITO,QUITO,URBANA,2017-02-07,02:00:00,2,MARTES,2,FEBRERO,2,NO,"CONDUCIR EN ESTADO DE SOMNOLENCIA O MALAS CONDICIONES FISICAS (SUENIO, CANSANCIO Y FATIGA).",ESTRELLAMIENTOS,VEHICULO DEPORTIVO UTILITARIO,0,0,0,0,0,0,0,0,0,0,0,0,1,1,28,HOMBRE,ILESO,CONDUCTOR PRESENTE,NO,NO,0