,Unnamed: 0,ID,ANIO,LESIONADOS,FALLECIDOS,LATITUD_Y,LONGITUD_X,PROVINCIA,CANTON,PARROQUIA,ZONA,FECHA,HORA,PERIODO_2,DIA_1,DIA_2,MES_1,MES_2,FERIADO,CAUSA_PROBABLE,TIPO_DE_SINIESTRO,TIPO_DE_VEHICULO_1,AUTOMOVIL,BICICLETA,BUS,CAMION,CAMIONETA,EMERGENCIAS,ESPECIAL,FURGONETA,MOTOCICLETA,NO_IDENTIFICADO,SCOOTER_ELECTRICO,TRICIMOTO,VEHICULO_DEPORTIVO_UTILITARIO,SUMA_DE_VEHICULOS,EDAD_1,SEXO_1,CONDICION_1,PARTICIPANTE_1,CASCO_1,CINTURON_1,KMeans_Cluster
939,2905,2906,2017,0,0,-0.196245,-78.481081,PICHINCHA,QUITO,QUITO,URBANA,2017-02-07,06:30:00,6,MARTES,2,FEBRERO,2,NO,"NO RESPETAR LAS SENIALES REGLAMENTARIAS DE TRANSITO. (PARE, CEDA EL PASO, LUZ ROJA DEL SEMAFORO, ETC).",CHOQUE LATERAL,AUTOMOVIL,1,0,0,0,0,0,0,0,0,1,0,0,0,2,50,HOMBRE,ILESO,CONDUCTOR PRESENTE,NO,NO,0
940,2911,2912,2017,0,0,-0.213151,-78.446047,PICHINCHA,QUITO,CUMBAYA,RURAL,2017-02-07,09:21:00,9,MARTES,2,FEBRERO,2,NO,"NO RESPETAR LAS SENIALES REGLAMENTARIAS DE TRANSITO. (PARE, CEDA EL PASO, LUZ ROJA DEL SEMAFORO, ETC).",CHOQUE LATERAL,VEHICULO DEPORTIVO UTILITARIO,0,0,0,0,0,0,1,0,0,0,0,0,1,2,34,HOMBRE,ILESO,CONDUCTOR PRESENTE,NO,NO,3
941,2912,2913,2017,1,0,-0.343421,-78.562592,PICHINCHA,QUITO,QUITO,URBANA,2017-02-07,09:54:00,9,MARTES,2,FEBRERO,2,NO,DEJAR O RECOGER PASAJEROS EN LUGARES NO PERMITIDOS.,CAIDA DE PASAJERO,BUS,0,0,1,0,0,0,0,0,0,0,0,0,0,1,34,HOMBRE,LESIONADO,PASAJERO,NO,NO,0
942,2914,2915,2017,1,0,-0.278454,-78.552583,PICHINCHA,QUITO,QUITO,URBANA,2017-02-07,10:29:00,10,MARTES,2,FEBRERO,2,NO,NO CEDER EL DERECHO DE VIA O PREFERENCIA DE PASO AL PEATON.,ATROPELLOS,CAMIONETA,0,0,0,0,1,0,0,0,0,0,0,0,0,1,40,MUJER,LESIONADO,PEATON,NO,NO,0
943,2923,2924,2017,0,0,-0.196669,-78.466599,PICHINCHA,QUITO,QUITO,URBANA,2017-02-07,11:25:00,11,MARTES,2,FEBRERO,2,NO,NO CEDER EL DERECHO DE VIA O PREFERENCIA DE PASO A VEHICULOS.,CHOQUE LATERAL,CAMIONETA,0,0,0,0,2,0,0,0,0,0,0,0,0,2,32,HOMBRE,ILESO,CONDUCTOR PRESENTE,NO,NO,0
944,2928,2929,2017,0,0,-0.194114,-78.485493,PICHINCHA,QUITO,QUITO,URBANA,2017-02-07,12:10:00,12,MARTES,2,FEBRERO,2,NO,NO MANTENER LA DISTANCIA PRUDENCIAL CON RESPECTO AL VEHICULO QUE LE ANTECEDE.,CHOQUE POSTERIOR,VEHICULO DEPORTIVO UTILITARIO,0,0,0,0,0,0,0,0,0,1,0,0,1,2,34,HOMBRE,ILESO,CONDUCTOR PRESENTE,NO,NO,0
945,2931,2932,2017,0,0,-0.227328,-78.507121,PICHINCHA,QUITO,QUITO,URBANA,2017-02-07,13:35:00,13,MARTES,2,FEBRERO,2,NO,DEJAR O RECOGER PASAJEROS EN LUGARES NO PERMITIDOS.,ROZAMIENTOS,BUS,0,0,2,0,0,0,0,0,0,0,0,0,0,2,32,HOMBRE,ILESO,CONDUCTOR PRESENTE,NO,NO,0
946,2933,2934,2017,0,0,-0.105564,-78.499798,PICHINCHA,QUITO,QUITO,URBANA,2017-02-07,13:40:00,13,MARTES,2,FEBRERO,2,NO,"CONDUCIR DESATENTO A LAS CONDICIONES DE TRANSITO (CELULAR, PANTALLAS DE VIDEO, COMIDA, MAQUILLAJE O CUALQUIER OTRO ELEMENTO DISTRACTOR).",OTROS,VEHICULO DEPORTIVO UTILITARIO,1,0,0,0,0,0,0,0,0,0,0,0,1,2,30,HOMBRE,ILESO,CONDUCTOR PRESENTE,NO,NO,0
947,2936,2937,2017,1,0,-0.174278,-78.493456,PICHINCHA,QUITO,QUITO,URBANA,2017-02-07,14:20:00,14,MARTES,2,FEBRERO,2,NO,PEATON QUE CRUZA LA CALZADA SIN RESPETAR LA SENIALIZACION EXISTENTE (SEMAFOROS O SENIALES MANUALES).,ATROPELLOS,MOTOCICLETA,0,0,0,0,0,0,0,0,1,0,0,0,0,1,60,HOMBRE,LESIONADO,PEATON,NO,NO,0
948,2937,2938,2017,0,0,-0.098984,-78.478961,PICHINCHA,QUITO,QUITO,URBANA,2017-02-07,14:25:00,14,MARTES,2,FEBRERO,2,NO,"NO RESPETAR LAS SENIALES REGLAMENTARIAS DE TRANSITO. (PARE, CEDA EL PASO, LUZ ROJA DEL SEMAFORO, ETC).",CHOQUE LATERAL,AUTOMOVIL,1,0,0,0,0,0,0,0,0,0,0,0,1,2,37,HOMBRE,ILESO,CONDUCTOR PRESENTE,NO,NO,0
949,2938,2939,2017,0,0,-0.163073,-78.462599,PICHINCHA,QUITO,QUITO,URBANA,2017-02-07,14:30:00,14,MARTES,2,FEBRERO,2,NO,CONDUCIR VEHICULO SUPERANDO LOS LIMITES MAXIMOS DE VELOCIDAD.,ESTRELLAMIENTOS,BUS,0,0,1,0,0,0,0,0,0,0,0,0,0,1,24,HOMBRE,ILESO,CONDUCTOR PRESENTE,NO,NO,0
950,2939,2940,2017,2,0,-0.200199,-78.490957,PICHINCHA,QUITO,QUITO,URBANA,2017-02-07,15:15:00,15,MARTES,2,FEBRERO,2,NO,"NO RESPETAR LAS SENIALES REGLAMENTARIAS DE TRANSITO. (PARE, CEDA EL PASO, LUZ ROJA DEL SEMAFORO, ETC).",CHOQUE LATERAL,AUTOMOVIL,1,0,0,0,0,0,0,0,0,0,0,0,1,2,36,MUJER,LESIONADO,CONDUCTOR PRESENTE,NO,NO,0
951,2940,2941,2017,0,0,-0.165603,-78.487106,PICHINCHA,QUITO,QUITO,URBANA,2017-02-07,15:20:00,15,MARTES,2,FEBRERO,2,NO,NO MANTENER LA DISTANCIA PRUDENCIAL CON RESPECTO AL VEHICULO QUE LE ANTECEDE.,CHOQUE POSTERIOR,AUTOMOVIL,2,0,0,0,0,0,0,0,0,0,0,0,0,2,60,HOMBRE,ILESO,CONDUCTOR PRESENTE,NO,NO,0
952,2941,2942,2017,0,0,-0.117373,-78.499272,PICHINCHA,QUITO,QUITO,URBANA,2017-02-07,15:45:00,15,MARTES,2,FEBRERO,2,NO,PEATON QUE CRUZA LA CALZADA SIN RESPETAR LA SENIALIZACION EXISTENTE (SEMAFOROS O SENIALES MANUALES).,ATROPELLOS,AUTOMOVIL,1,0,0,0,0,0,0,0,0,0,0,0,0,1,31,HOMBRE,ILESO,CONDUCTOR PRESENTE,NO,NO,0
953,2943,2944,2017,0,0,-0.197769,-78.466646,PICHINCHA,QUITO,QUITO,URBANA,2017-02-07,16:27:00,16,MARTES,2,FEBRERO,2,NO,NO CEDER EL DERECHO DE VIA O PREFERENCIA DE PASO A VEHICULOS.,CHOQUE LATERAL,AUTOMOVIL,1,0,0,0,1,0,0,0,0,0,0,0,0,2,24,HOMBRE,ILESO,CONDUCTOR PRESENTE,NO,NO,0
954,2945,2946,2017,1,0,-0.107355,-78.453981,PICHINCHA,QUITO,CALDERON (CARAPUNGO),RURAL,2017-02-07,16:38:00,16,MARTES,2,FEBRERO,2,NO,NO CEDER EL DERECHO DE VIA O PREFERENCIA DE PASO AL PEATON.,ATROPELLOS,FURGONETA,0,0,0,0,0,0,0,1,0,0,0,0,0,1,-1,HOMBRE,LESIONADO,PEATON,NO,NO,3
955,2949,2950,2017,0,0,-0.271091,-78.489688,PICHINCHA,QUITO,CONOCOTO,URBANA,2017-02-07,17:10:00,17,MARTES,2,FEBRERO,2,NO,"CONDUCIR DESATENTO A LAS CONDICIONES DE TRANSITO (CELULAR, PANTALLAS DE VIDEO, COMIDA, MAQUILLAJE O CUALQUIER OTRO ELEMENTO DISTRACTOR).",PERDIDA DE PISTA,AUTOMOVIL,1,0,0,0,0,0,0,0,0,0,0,0,0,1,19,HOMBRE,ILESO,CONDUCTOR PRESENTE,NO,NO,0
956,2950,2951,2017,1,0,-0.250632,-78.527022,PICHINCHA,QUITO,QUITO,URBANA,2017-02-07,17:30:00,17,MARTES,2,FEBRERO,2,NO,NO CEDER EL DERECHO DE VIA O PREFERENCIA DE PASO AL PEATON.,ATROPELLOS,AUTOMOVIL,1,0,0,0,0,0,0,0,0,0,0,0,0,1,71,MUJER,LESIONADO,PEATON,NO,NO,0
957,2953,2954,2017,0,0,-0.208758,-78.495594,PICHINCHA,QUITO,QUITO,URBANA,2017-02-07,18:45:00,18,MARTES,2,FEBRERO,2,NO,NO CEDER EL DERECHO DE VIA O PREFERENCIA DE PASO A VEHICULOS.,CHOQUE LATERAL,AUTOMOVIL,1,0,1,0,0,0,0,0,0,0,0,0,0,2,32,HOMBRE,ILESO,CONDUCTOR PRESENTE,NO,NO,0
958,2956,2957,2017,0,0,-0.161967,-78.483095,PICHINCHA,QUITO,QUITO,URBANA,2017-02-07,19:00:00,19,MARTES,2,FEBRERO,2,NO,NO GUARDAR LA DISTANCIA LATERAL MINIMA DE SEGURIDAD ENTRE VEHICULOS.,ROZAMIENTOS,AUTOMOVIL,1,0,0,0,0,0,0,0,0,0,0,0,1,2,45,HOMBRE,ILESO,CONDUCTOR PRESENTE,NO,NO,0
959,2958,2959,2017,1,0,-0.204292,-78.505569,PICHINCHA,QUITO,QUITO,URBANA,2017-02-07,19:25:00,19,MARTES,2,FEBRERO,2,NO,NO TRANSITAR POR LAS ACERAS O ZONAS DE SEGURIDAD DESTINADAS PARA EL EFECTO.,ATROPELLOS,FURGONETA,0,0,0,0,0,0,0,1,0,0,0,0,0,1,78,MUJER,LESIONADO,PEATON,NO,NO,0
960,2960,2961,2017,0,0,-0.140017,-78.501191,PICHINCHA,QUITO,QUITO,URBANA,2017-02-07,19:35:00,19,MARTES,2,FEBRERO,2,NO,NO MANTENER LA DISTANCIA PRUDENCIAL CON RESPECTO AL VEHICULO QUE LE ANTECEDE.,CHOQUE POSTERIOR,VEHICULO DEPORTIVO UTILITARIO,0,0,0,0,0,0,0,0,0,0,0,0,2,2,23,HOMBRE,ILESO,CONDUCTOR PRESENTE,NO,NO,0
961,2966,2967,2017,0,0,-0.091585,-78.439052,PICHINCHA,QUITO,CALDERON (CARAPUNGO),RURAL,2017-02-08,04:00:00,4,MIERCOLES,3,FEBRERO,2,NO,"CONDUCE BAJO LA INFLUENCIA DE ALCOHOL, SUSTANCIAS ESTUPEFACIENTES O PSICOTROPICAS Y/O MEDICAMENTOS.",ESTRELLAMIENTOS,AUTOMOVIL,2,0,0,0,0,0,0,0,0,0,0,0,0,2,25,HOMBRE,ILESO,CONDUCTOR PRESENTE,NO,NO,3
962,2969,2970,2017,1,0,-0.128678,-78.471107,PICHINCHA,QUITO,QUITO,URBANA,2017-02-08,06:00:00,6,MIERCOLES,3,FEBRERO,2,NO,NO CEDER EL DERECHO DE VIA O PREFERENCIA DE PASO AL PEATON.,ATROPELLOS,NO IDENTIFICADO,0,0,0,0,0,0,0,0,0,1,0,0,0,1,42,MUJER,LESIONADO,PEATON,NO,NO,0
963,2974,2975,2017,1,0,-0.202759,-78.440071,PICHINCHA,QUITO,CUMBAYA,RURAL,2017-02-08,07:20:00,7,MIERCOLES,3,FEBRERO,2,NO,NO CEDER EL DERECHO DE VIA O PREFERENCIA DE PASO AL PEATON.,ARROLLAMIENTOS,NO IDENTIFICADO,0,0,0,0,0,0,0,0,0,1,0,0,0,1,21,MUJER,LESIONADO,PEATON,NO,NO,3
964,2976,2977,2017,2,0,-0.150419,-78.484182,PICHINCHA,QUITO,QUITO,URBANA,2017-02-08,07:30:00,7,MIERCOLES,3,FEBRERO,2,NO,NO TRANSITAR POR LAS ACERAS O ZONAS DE SEGURIDAD DESTINADAS PARA EL EFECTO.,ATROPELLOS,MOTOCICLETA,0,0,0,0,0,0,0,0,1,0,0,0,0,1,20,HOMBRE,LESIONADO,CONDUCTOR PRESENTE,NO,NO,0
965,2977,2978,2017,0,0,-0.242388,-78.512743,PICHINCHA,QUITO,QUITO,URBANA,2017-02-08,07:35:00,7,MIERCOLES,3,FEBRERO,2,NO,NO GUARDAR LA DISTANCIA LATERAL MINIMA DE SEGURIDAD ENTRE VEHICULOS.,ROZAMIENTOS,BUS,1,0,1,0,0,0,0,0,0,0,0,0,0,2,23,HOMBRE,ILESO,CONDUCTOR PRESENTE,NO,NO,0
966,2978,2979,2017,0,0,-0.234051,-78.523531,PICHINCHA,QUITO,QUITO,URBANA,2017-02-08,07:35:00,7,MIERCOLES,3,FEBRERO,2,NO,NO GUARDAR LA DISTANCIA LATERAL MINIMA DE SEGURIDAD ENTRE VEHICULOS.,ROZAMIENTOS,CAMIONETA,1,0,0,0,1,0,0,0,0,0,0,0,0,2,65,HOMBRE,ILESO,CONDUCTOR PRESENTE,NO,NO,0
967,2982,2983,2017,0,0,-0.091585,-78.439052,PICHINCHA,QUITO,CALDERON (CARAPUNGO),RURAL,2017-02-08,08:30:00,8,MIERCOLES,3,FEBRERO,2,NO,NO MANTENER LA DISTANCIA PRUDENCIAL CON RESPECTO AL VEHICULO QUE LE ANTECEDE.,COLISION,VEHICULO DEPORTIVO UTILITARIO,2,0,0,0,0,0,0,0,0,0,0,0,1,3,28,MUJER,ILESO,CONDUCTOR PRESENTE,NO,NO,3
968,2984,2985,2017,0,0,-0.227231,-78.493568,PICHINCHA,QUITO,QUITO,URBANA,2017-02-08,08:45:00,8,MIERCOLES,3,FEBRERO,2,NO,NO MANTENER LA DISTANCIA PRUDENCIAL CON RESPECTO AL VEHICULO QUE LE ANTECEDE.,CHOQUE POSTERIOR,BUS,0,0,2,0,0,0,0,0,0,0,0,0,0,2,35,HOMBRE,ILESO,CONDUCTOR PRESENTE,NO,NO,0
969,2985,2986,2017,0,0,-0.238771,-78.531742,PICHINCHA,QUITO,QUITO,URBANA,2017-02-08,09:00:00,9,MIERCOLES,3,FEBRERO,2,NO,"ADELANTAR O REBASAR A OTRO VEHICULO EN MOVIMIENTO EN ZONAS O SITIOS PELIGROSOS TALES COMO: CURVAS, PUENTES, TUNELES, PENDIENTES, ETC.",CHOQUE LATERAL,MOTOCICLETA,0,0,0,0,0,0,0,0,2,0,0,0,0,2,47,HOMBRE,ILESO,CONDUCTOR PRESENTE,NO,NO,0
970,2989,2990,2017,1,0,-0.172244,-78.490316,PICHINCHA,QUITO,QUITO,URBANA,2017-02-08,10:10:00,10,MIERCOLES,3,FEBRERO,2,NO,"NO RESPETAR LAS SENIALES REGLAMENTARIAS DE TRANSITO. (PARE, CEDA EL PASO, LUZ ROJA DEL SEMAFORO, ETC).",CHOQUE LATERAL,AUTOMOVIL,1,0,0,0,0,0,0,0,0,1,0,0,0,2,39,HOMBRE,LESIONADO,CONDUCTOR PRESENTE,NO,NO,0
971,2990,2991,2017,0,0,-0.091585,-78.439052,PICHINCHA,QUITO,CALDERON (CARAPUNGO),RURAL,2017-02-08,10:19:00,10,MIERCOLES,3,FEBRERO,2,NO,NO MANTENER LA DISTANCIA PRUDENCIAL CON RESPECTO AL VEHICULO QUE LE ANTECEDE.,CHOQUE POSTERIOR,CAMIONETA,0,0,0,0,2,0,0,0,0,0,0,0,0,2,38,HOMBRE,ILESO,CONDUCTOR PRESENTE,NO,NO,3
972,2995,2996,2017,1,0,-0.309877,-78.483779,PICHINCHA,QUITO,CONOCOTO,RURAL,2017-02-08,11:00:00,11,MIERCOLES,3,FEBRERO,2,NO,NO CEDER EL DERECHO DE VIA O PREFERENCIA DE PASO AL PEATON.,ATROPELLOS,AUTOMOVIL,1,0,0,0,0,0,0,0,0,0,0,0,0,1,7,MUJER,LESIONADO,PEATON,NO,NO,3
973,2998,2999,2017,0,0,-0.141096,-78.500985,PICHINCHA,QUITO,QUITO,URBANA,2017-02-08,11:57:00,11,MIERCOLES,3,FEBRERO,2,NO,"CONDUCIR DESATENTO A LAS CONDICIONES DE TRANSITO (CELULAR, PANTALLAS DE VIDEO, COMIDA, MAQUILLAJE O CUALQUIER OTRO ELEMENTO DISTRACTOR).",ESTRELLAMIENTOS,AUTOMOVIL,1,0,0,0,0,0,0,0,0,0,0,0,0,1,-1,NO IDENTIFICADO,NO IDENTIFICADO,CONDUCTOR AUSENTE,NO,NO,2
974,3002,3003,2017,1,0,0.047093,-78.219819,PICHINCHA,PEDRO MONCAYO,TABACUNDO,URBANA,2017-02-08,12:40:00,12,MIERCOLES,3,FEBRERO,2,NO,NO TRANSITAR POR LAS ACERAS O ZONAS DE SEGURIDAD DESTINADAS PARA EL EFECTO.,ATROPELLOS,AUTOMOVIL,1,0,0,0,0,0,0,0,0,0,0,0,0,1,-1,HOMBRE,LESIONADO,PEATON,NO,NO,0
975,3003,3004,2017,0,0,-0.267241,-78.527089,PICHINCHA,QUITO,QUITO,URBANA,2017-02-08,12:45:00,12,MIERCOLES,3,FEBRERO,2,NO,"CONDUCIR DESATENTO A LAS CONDICIONES DE TRANSITO (CELULAR, PANTALLAS DE VIDEO, COMIDA, MAQUILLAJE O CUALQUIER OTRO ELEMENTO DISTRACTOR).",ESTRELLAMIENTOS,AUTOMOVIL,1,0,0,0,0,0,0,0,0,1,0,0,0,2,-1,NO IDENTIFICADO,NO IDENTIFICADO,CONDUCTOR AUSENTE,NO,NO,2
976,3004,3005,2017,2,0,0.049718,-78.145677,PICHINCHA,CAYAMBE,CAYAMBE,URBANA,2017-02-08,12:50:00,12,MIERCOLES,3,FEBRERO,2,NO,NO CEDER EL DERECHO DE VIA O PREFERENCIA DE PASO A VEHICULOS.,CHOQUE LATERAL,MOTOCICLETA,0,0,0,0,0,0,0,0,1,1,0,0,0,2,40,HOMBRE,LESIONADO,PASAJERO,NO,NO,0
977,3006,3007,2017,1,0,-0.257611,-78.517731,PICHINCHA,QUITO,QUITO,URBANA,2017-02-08,14:00:00,14,MIERCOLES,3,FEBRERO,2,NO,NO CEDER EL DERECHO DE VIA O PREFERENCIA DE PASO AL PEATON.,ATROPELLOS,AUTOMOVIL,1,0,0,0,0,0,0,0,0,0,0,0,0,1,13,HOMBRE,LESIONADO,PEATON,NO,NO,0
978,3007,3008,2017,0,0,-0.230209,-78.506506,PICHINCHA,QUITO,QUITO,URBANA,2017-02-08,14:35:00,14,MIERCOLES,3,FEBRERO,2,NO,CONDUCIR VEHICULO SUPERANDO LOS LIMITES MAXIMOS DE VELOCIDAD.,CHOQUE LATERAL,VEHICULO DEPORTIVO UTILITARIO,1,0,0,0,0,0,0,0,0,0,0,0,1,2,65,HOMBRE,ILESO,CONDUCTOR PRESENTE,NO,NO,0
979,3009,3010,2017,1,0,-0.239082,-78.523432,PICHINCHA,QUITO,QUITO,URBANA,2017-02-08,14:45:00,14,MIERCOLES,3,FEBRERO,2,NO,NO TRANSITAR POR LAS ACERAS O ZONAS DE SEGURIDAD DESTINADAS PARA EL EFECTO.,ATROPELLOS,MOTOCICLETA,0,0,0,0,0,0,0,0,1,0,0,0,0,1,16,MUJER,LESIONADO,PEATON,NO,NO,0
980,3012,3013,2017,0,0,-0.181505,-78.486639,PICHINCHA,QUITO,QUITO,URBANA,2017-02-08,15:00:00,15,MIERCOLES,3,FEBRERO,2,NO,"NO RESPETAR LAS SENIALES REGLAMENTARIAS DE TRANSITO. (PARE, CEDA EL PASO, LUZ ROJA DEL SEMAFORO, ETC).",CHOQUE LATERAL,CAMIONETA,1,0,0,0,1,0,0,0,0,0,0,0,0,2,49,MUJER,ILESO,CONDUCTOR PRESENTE,NO,NO,0
981,3013,3014,2017,1,0,-0.201881,-78.491098,PICHINCHA,QUITO,QUITO,URBANA,2017-02-08,15:10:00,15,MIERCOLES,3,FEBRERO,2,NO,NO TRANSITAR POR LAS ACERAS O ZONAS DE SEGURIDAD DESTINADAS PARA EL EFECTO.,ATROPELLOS,VEHICULO DEPORTIVO UTILITARIO,0,0,0,0,0,0,0,0,0,0,0,0,1,1,68,HOMBRE,LESIONADO,PEATON,NO,NO,0
982,3017,3018,2017,0,0,-0.251771,-78.524284,PICHINCHA,QUITO,QUITO,URBANA,2017-02-08,16:25:00,16,MIERCOLES,3,FEBRERO,2,NO,NO MANTENER LA DISTANCIA PRUDENCIAL CON RESPECTO AL VEHICULO QUE LE ANTECEDE.,CHOQUE POSTERIOR,VEHICULO DEPORTIVO UTILITARIO,0,0,0,0,0,0,0,0,0,0,0,0,2,2,18,HOMBRE,ILESO,CONDUCTOR PRESENTE,NO,NO,0
983,3018,3019,2017,0,1,-0.268534,-78.551576,PICHINCHA,QUITO,QUITO,URBANA,2017-02-08,16:50:00,16,MIERCOLES,3,FEBRERO,2,NO,NO CEDER EL DERECHO DE VIA O PREFERENCIA DE PASO AL PEATON.,ATROPELLOS,NO IDENTIFICADO,0,0,0,0,0,0,0,0,0,1,0,0,0,1,60,HOMBRE,FALLECIDO,PEATON,NO,NO,0
984,3019,3020,2017,1,0,-0.186642,-78.495821,PICHINCHA,QUITO,QUITO,URBANA,2017-02-08,17:00:00,17,MIERCOLES,3,FEBRERO,2,NO,"CONDUCIR DESATENTO A LAS CONDICIONES DE TRANSITO (CELULAR, PANTALLAS DE VIDEO, COMIDA, MAQUILLAJE O CUALQUIER OTRO ELEMENTO DISTRACTOR).",ESTRELLAMIENTOS,NO IDENTIFICADO,0,0,0,0,0,0,0,0,0,1,0,0,0,1,53,MUJER,LESIONADO,CONDUCTOR PRESENTE,NO,NO,0
985,3020,3021,2017,1,0,-0.238944,-78.523555,PICHINCHA,QUITO,QUITO,URBANA,2017-02-08,17:05:00,17,MIERCOLES,3,FEBRERO,2,NO,DEJAR O RECOGER PASAJEROS EN LUGARES NO PERMITIDOS.,ROZAMIENTOS,BUS,0,0,2,0,0,0,0,0,0,0,0,0,0,2,-1,MUJER,LESIONADO,PASAJERO,NO,NO,0
986,3021,3022,2017,0,0,-0.103085,-78.491295,PICHINCHA,QUITO,QUITO,URBANA,2017-02-08,17:10:00,17,MIERCOLES,3,FEBRERO,2,NO,"CASO FORTUITO O FUERZA MAYOR (EXPLOSION DE NEUMATICO NUEVO, DERRUMBE, INUNDACION, CAIDA DE PUENTE, ARBOL, PRESENCIA INTEMPESTIVA E IMPREVISTA DE SEMOVIENTES EN LA VIA, ETC.).",OTROS,BUS,0,0,1,0,0,0,0,0,0,0,0,0,0,1,31,HOMBRE,ILESO,CONDUCTOR PRESENTE,NO,NO,0
987,3023,3024,2017,0,0,-0.158963,-78.437921,PICHINCHA,QUITO,NAYON,RURAL,2017-02-08,17:20:00,17,MIERCOLES,3,FEBRERO,2,NO,"CASO FORTUITO O FUERZA MAYOR (EXPLOSION DE NEUMATICO NUEVO, DERRUMBE, INUNDACION, CAIDA DE PUENTE, ARBOL, PRESENCIA INTEMPESTIVA E IMPREVISTA DE SEMOVIENTES EN LA VIA, ETC.).",OTROS,NO IDENTIFICADO,0,0,0,0,0,0,0,0,0,1,0,0,0,1,-1,NO IDENTIFICADO,NO IDENTIFICADO,CONDUCTOR AUSENTE,NO,NO,2
988,3026,3027,2017,1,0,-0.299429,-78.565718,PICHINCHA,QUITO,QUITO,URBANA,2017-02-08,18:15:00,18,MIERCOLES,3,FEBRERO,2,NO,PEATON QUE CRUZA LA CALZADA SIN RESPETAR LA SENIALIZACION EXISTENTE (SEMAFOROS O SENIALES MANUALES).,ATROPELLOS,MOTOCICLETA,0,0,0,0,0,0,0,0,1,0,0,0,0,1,3,HOMBRE,LESIONADO,PEATON,NO,NO,0
989,3027,3028,2017,0,0,-0.212552,-78.502172,PICHINCHA,QUITO,QUITO,URBANA,2017-02-08,18:15:00,18,MIERCOLES,3,FEBRERO,2,NO,NO GUARDAR LA DISTANCIA LATERAL MINIMA DE SEGURIDAD ENTRE VEHICULOS.,ROZAMIENTOS,AUTOMOVIL,1,0,0,0,0,0,0,0,1,0,0,0,0,2,63,HOMBRE,ILESO,CONDUCTOR PRESENTE,NO,NO,0
990,3032,3033,2017,0,0,-0.204421,-78.492727,PICHINCHA,QUITO,QUITO,URBANA,2017-02-08,19:20:00,19,MIERCOLES,3,FEBRERO,2,NO,CONDUCIR VEHICULO SUPERANDO LOS LIMITES MAXIMOS DE VELOCIDAD.,ESTRELLAMIENTOS,VEHICULO DEPORTIVO UTILITARIO,0,0,0,0,0,0,0,0,0,0,0,0,1,1,52,MUJER,ILESO,CONDUCTOR PRESENTE,NO,NO,0
991,3041,3042,2017,1,0,-0.309384,-78.562665,PICHINCHA,QUITO,QUITO,URBANA,2017-02-08,21:40:00,21,MIERCOLES,3,FEBRERO,2,NO,"CONDUCIR DESATENTO A LAS CONDICIONES DE TRANSITO (CELULAR, PANTALLAS DE VIDEO, COMIDA, MAQUILLAJE O CUALQUIER OTRO ELEMENTO DISTRACTOR).",CAIDA DE PASAJERO,NO IDENTIFICADO,0,0,0,0,0,0,0,0,0,1,0,0,0,1,23,HOMBRE,LESIONADO,PASAJERO,NO,NO,0
992,3042,3043,2017,0,0,-0.248414,-78.517771,PICHINCHA,QUITO,QUITO,URBANA,2017-02-08,21:40:00,21,MIERCOLES,3,FEBRERO,2,NO,DEJAR O RECOGER PASAJEROS EN LUGARES NO PERMITIDOS.,ROZAMIENTOS,BUS,0,0,1,0,1,0,0,0,0,0,0,0,0,2,34,HOMBRE,ILESO,CONDUCTOR PRESENTE,NO,NO,0
993,3043,3044,2017,0,1,-0.275754,-78.489106,PICHINCHA,QUITO,CONOCOTO,URBANA,2017-02-08,21:45:00,21,MIERCOLES,3,FEBRERO,2,NO,"CONDUCIR DESATENTO A LAS CONDICIONES DE TRANSITO (CELULAR, PANTALLAS DE VIDEO, COMIDA, MAQUILLAJE O CUALQUIER OTRO ELEMENTO DISTRACTOR).",PERDIDA DE PISTA,AUTOMOVIL,1,0,0,0,0,0,0,0,0,0,0,0,0,1,23,HOMBRE,FALLECIDO,PASAJERO,NO,NO,0
994,3050,3051,2017,4,0,-0.154251,-78.471375,PICHINCHA,QUITO,QUITO,URBANA,2017-02-09,00:55:00,0,JUEVES,4,FEBRERO,2,NO,"CONDUCE BAJO LA INFLUENCIA DE ALCOHOL, SUSTANCIAS ESTUPEFACIENTES O PSICOTROPICAS Y/O MEDICAMENTOS.",CHOQUE POSTERIOR,AUTOMOVIL,2,0,0,0,0,0,0,0,0,0,0,0,0,2,26,HOMBRE,LESIONADO,CONDUCTOR PRESENTE,NO,NO,0
995,3052,3053,2017,0,0,-0.164255,-78.483596,PICHINCHA,QUITO,QUITO,URBANA,2017-02-09,03:50:00,3,JUEVES,4,FEBRERO,2,NO,NO TRANSITAR POR LAS ACERAS O ZONAS DE SEGURIDAD DESTINADAS PARA EL EFECTO.,ATROPELLOS,NO IDENTIFICADO,0,0,0,0,0,0,0,0,0,1,0,0,0,1,52,HOMBRE,ILESO,PEATON,NO,NO,0
996,3056,3057,2017,1,0,-0.232117,-78.506575,PICHINCHA,QUITO,QUITO,URBANA,2017-02-09,06:25:00,6,JUEVES,4,FEBRERO,2,NO,"NO RESPETAR LAS SENIALES REGLAMENTARIAS DE TRANSITO. (PARE, CEDA EL PASO, LUZ ROJA DEL SEMAFORO, ETC).",CHOQUE LATERAL,AUTOMOVIL,1,0,0,0,0,0,0,0,1,0,0,0,0,2,45,HOMBRE,LESIONADO,CONDUCTOR PRESENTE,NO,NO,0