,Unnamed: 0,ID,ANIO,LESIONADOS,FALLECIDOS,LATITUD_Y,LONGITUD_X,PROVINCIA,CANTON,PARROQUIA,ZONA,FECHA,HORA,PERIODO_2,DIA_1,DIA_2,MES_1,MES_2,FERIADO,CAUSA_PROBABLE,TIPO_DE_SINIESTRO,TIPO_DE_VEHICULO_1,AUTOMOVIL,BICICLETA,BUS,CAMION,CAMIONETA,EMERGENCIAS,ESPECIAL,FURGONETA,MOTOCICLETA,NO_IDENTIFICADO,SCOOTER_ELECTRICO,TRICIMOTO,VEHICULO_DEPORTIVO_UTILITARIO,SUMA_DE_VEHICULOS,EDAD_1,SEXO_1,CONDICION_1,PARTICIPANTE_1,CASCO_1,CINTURON_1,KMeans_Cluster
997,3059,3060,2017,1,0,-0.116245,-78.494324,PICHINCHA,QUITO,QUITO,URBANA,2017-02-09,07:05:00,7,JUEVES,4,FEBRERO,2,NO,NO CEDER EL DERECHO DE VIA O PREFERENCIA DE PASO AL PEATON.,ATROPELLOS,AUTOMOVIL,1,0,0,0,0,0,0,0,0,0,0,0,0,1,30,MUJER,LESIONADO,PEATON,NO,NO,0
998,3060,3061,2017,0,0,-0.209101,-78.365448,PICHINCHA,QUITO,PUEMBO,RURAL,2017-02-09,07:15:00,7,JUEVES,4,FEBRERO,2,NO,"CONDUCIR DESATENTO A LAS CONDICIONES DE TRANSITO (CELULAR, PANTALLAS DE VIDEO, COMIDA, MAQUILLAJE O CUALQUIER OTRO ELEMENTO DISTRACTOR).",ESTRELLAMIENTOS,CAMION,0,0,0,1,0,0,0,0,0,0,0,0,0,1,48,HOMBRE,ILESO,CONDUCTOR PRESENTE,NO,NO,3
999,3061,3062,2017,1,0,-0.172208,-78.490241,PICHINCHA,QUITO,QUITO,URBANA,2017-02-09,07:50:00,7,JUEVES,4,FEBRERO,2,NO,NO CEDER EL DERECHO DE VIA O PREFERENCIA DE PASO AL PEATON.,ATROPELLOS,VEHICULO DEPORTIVO UTILITARIO,0,0,0,0,0,0,0,0,0,0,0,0,1,1,25,HOMBRE,LESIONADO,PEATON,NO,NO,0
1000,3063,3064,2017,1,0,-0.152014,-78.464578,PICHINCHA,QUITO,QUITO,RURAL,2017-02-09,08:00:00,8,JUEVES,4,FEBRERO,2,NO,"CONDUCIR DESATENTO A LAS CONDICIONES DE TRANSITO (CELULAR, PANTALLAS DE VIDEO, COMIDA, MAQUILLAJE O CUALQUIER OTRO ELEMENTO DISTRACTOR).",ATROPELLOS,CAMION,0,0,0,1,0,0,0,0,0,0,0,0,0,1,60,MUJER,LESIONADO,PEATON,NO,NO,3
1001,3065,3066,2017,0,0,-0.111134,-78.494101,PICHINCHA,QUITO,QUITO,URBANA,2017-02-09,08:15:00,8,JUEVES,4,FEBRERO,2,NO,REALIZAR CAMBIO BRUSCO O INDEBIDO DE CARRIL.,CHOQUE LATERAL,BUS,0,0,1,0,0,0,0,0,0,0,0,0,1,2,55,HOMBRE,ILESO,CONDUCTOR PRESENTE,NO,NO,0
1002,3066,3067,2017,0,0,-0.215788,-78.486451,PICHINCHA,QUITO,QUITO,URBANA,2017-02-09,08:20:00,8,JUEVES,4,FEBRERO,2,NO,"ADELANTAR O REBASAR A OTRO VEHICULO EN MOVIMIENTO EN ZONAS O SITIOS PELIGROSOS TALES COMO: CURVAS, PUENTES, TUNELES, PENDIENTES, ETC.",CHOQUE LATERAL,AUTOMOVIL,1,0,1,0,0,0,0,0,0,0,0,0,0,2,47,HOMBRE,ILESO,CONDUCTOR PRESENTE,NO,NO,0
1003,3070,3071,2017,1,0,-0.264276,-78.487626,PICHINCHA,QUITO,CONOCOTO,URBANA,2017-02-09,08:45:00,8,JUEVES,4,FEBRERO,2,NO,"CONDUCIR DESATENTO A LAS CONDICIONES DE TRANSITO (CELULAR, PANTALLAS DE VIDEO, COMIDA, MAQUILLAJE O CUALQUIER OTRO ELEMENTO DISTRACTOR).",CHOQUE POSTERIOR,AUTOMOVIL,1,0,0,0,0,0,0,0,0,1,0,0,0,2,24,HOMBRE,LESIONADO,CONDUCTOR PRESENTE,NO,NO,0
1004,3073,3074,2017,0,0,-0.107187,-78.461872,PICHINCHA,QUITO,QUITO,RURAL,2017-02-09,09:25:00,9,JUEVES,4,FEBRERO,2,NO,"NO RESPETAR LAS SENIALES REGLAMENTARIAS DE TRANSITO. (PARE, CEDA EL PASO, LUZ ROJA DEL SEMAFORO, ETC).",CHOQUE LATERAL,CAMION,0,0,1,1,0,0,0,0,0,0,0,0,0,2,42,HOMBRE,ILESO,CONDUCTOR PRESENTE,NO,NO,3
1005,3074,3075,2017,0,0,-0.213241,-78.510171,PICHINCHA,QUITO,QUITO,RURAL,2017-02-09,09:45:00,9,JUEVES,4,FEBRERO,2,NO,NO MANTENER LA DISTANCIA PRUDENCIAL CON RESPECTO AL VEHICULO QUE LE ANTECEDE.,CHOQUE POSTERIOR,AUTOMOVIL,2,0,0,0,0,0,0,0,0,0,0,0,0,2,40,HOMBRE,ILESO,CONDUCTOR PRESENTE,NO,NO,3
1006,3075,3076,2017,0,1,-0.162023,-78.318223,PICHINCHA,QUITO,YARUQUI,RURAL,2017-02-09,10:20:00,10,JUEVES,4,FEBRERO,2,NO,NO TRANSITAR POR LAS ACERAS O ZONAS DE SEGURIDAD DESTINADAS PARA EL EFECTO.,ARROLLAMIENTOS,VEHICULO DEPORTIVO UTILITARIO,0,0,0,0,0,0,0,0,0,0,0,0,1,1,3,HOMBRE,FALLECIDO,PEATON,NO,NO,3
1007,3078,3079,2017,1,0,-0.149949,-78.482601,PICHINCHA,QUITO,QUITO,URBANA,2017-02-09,10:50:00,10,JUEVES,4,FEBRERO,2,NO,"NO RESPETAR LAS SENIALES REGLAMENTARIAS DE TRANSITO. (PARE, CEDA EL PASO, LUZ ROJA DEL SEMAFORO, ETC).",CHOQUE LATERAL,AUTOMOVIL,2,0,0,0,0,0,0,0,0,0,0,0,0,2,22,HOMBRE,LESIONADO,CONDUCTOR PRESENTE,NO,NO,0
1008,3079,3080,2017,0,0,-0.158126,-78.484123,PICHINCHA,QUITO,QUITO,URBANA,2017-02-09,10:55:00,10,JUEVES,4,FEBRERO,2,NO,NO GUARDAR LA DISTANCIA LATERAL MINIMA DE SEGURIDAD ENTRE VEHICULOS.,ROZAMIENTOS,ESPECIAL,0,0,1,0,0,0,1,0,0,0,0,0,0,2,50,HOMBRE,ILESO,CONDUCTOR PRESENTE,NO,NO,0
1009,3080,3081,2017,0,0,-0.209846,-78.500726,PICHINCHA,QUITO,QUITO,URBANA,2017-02-09,11:04:00,11,JUEVES,4,FEBRERO,2,NO,"CONDUCIR DESATENTO A LAS CONDICIONES DE TRANSITO (CELULAR, PANTALLAS DE VIDEO, COMIDA, MAQUILLAJE O CUALQUIER OTRO ELEMENTO DISTRACTOR).",ESTRELLAMIENTOS,AUTOMOVIL,1,0,0,0,0,0,0,0,0,0,0,0,0,1,52,MUJER,ILESO,CONDUCTOR PRESENTE,NO,NO,0
1010,3083,3084,2017,2,0,-0.318521,-78.549593,PICHINCHA,QUITO,QUITO,URBANA,2017-02-09,11:20:00,11,JUEVES,4,FEBRERO,2,NO,NO CEDER EL DERECHO DE VIA O PREFERENCIA DE PASO AL PEATON.,ATROPELLOS,NO IDENTIFICADO,0,0,0,0,0,0,0,0,0,1,0,0,0,1,12,MUJER,LESIONADO,PEATON,NO,NO,0
1011,3084,3085,2017,1,0,-0.110954,-78.293641,PICHINCHA,QUITO,EL QUINCHE,RURAL,2017-02-09,11:25:00,11,JUEVES,4,FEBRERO,2,NO,"NO RESPETAR LAS SENIALES REGLAMENTARIAS DE TRANSITO. (PARE, CEDA EL PASO, LUZ ROJA DEL SEMAFORO, ETC).",CHOQUE LATERAL,AUTOMOVIL,1,1,0,0,0,0,0,0,0,0,0,0,0,2,12,HOMBRE,LESIONADO,CONDUCTOR PRESENTE,NO,NO,3
1012,3092,3093,2017,2,0,-0.244187,-78.515969,PICHINCHA,QUITO,QUITO,URBANA,2017-02-09,13:40:00,13,JUEVES,4,FEBRERO,2,NO,CONDUCIR VEHICULO SUPERANDO LOS LIMITES MAXIMOS DE VELOCIDAD.,VOLCAMIENTOS,MOTOCICLETA,0,0,0,0,0,0,0,0,1,0,0,0,0,1,29,HOMBRE,LESIONADO,CONDUCTOR PRESENTE,NO,NO,0
1013,3094,3095,2017,1,0,-0.332331,-78.560345,PICHINCHA,QUITO,QUITO,URBANA,2017-02-09,14:40:00,14,JUEVES,4,FEBRERO,2,NO,NO CEDER EL DERECHO DE VIA O PREFERENCIA DE PASO AL PEATON.,ATROPELLOS,NO IDENTIFICADO,0,0,0,0,0,0,0,0,0,1,0,0,0,1,5,HOMBRE,LESIONADO,PEATON,NO,NO,0
1014,3096,3097,2017,1,0,-0.318631,-78.549486,PICHINCHA,QUITO,QUITO,URBANA,2017-02-09,15:30:00,15,JUEVES,4,FEBRERO,2,NO,NO CEDER EL DERECHO DE VIA O PREFERENCIA DE PASO AL PEATON.,ATROPELLOS,NO IDENTIFICADO,0,0,0,0,0,0,0,0,0,1,0,0,0,1,20,MUJER,LESIONADO,PEATON,NO,NO,0
1015,3103,3104,2017,1,0,-0.199391,-78.490711,PICHINCHA,QUITO,QUITO,URBANA,2017-02-09,17:40:00,17,JUEVES,4,FEBRERO,2,NO,NO CEDER EL DERECHO DE VIA O PREFERENCIA DE PASO AL PEATON.,ATROPELLOS,AUTOMOVIL,1,0,0,0,0,0,0,0,0,0,0,0,0,1,20,MUJER,LESIONADO,PEATON,NO,NO,0
1016,3108,3109,2017,0,0,-0.204251,-78.505691,PICHINCHA,QUITO,QUITO,URBANA,2017-02-09,18:25:00,18,JUEVES,4,FEBRERO,2,NO,REALIZAR CAMBIO BRUSCO O INDEBIDO DE CARRIL.,CHOQUE LATERAL,AUTOMOVIL,1,0,0,0,1,0,0,0,0,0,0,0,0,2,47,HOMBRE,ILESO,CONDUCTOR PRESENTE,NO,NO,0
1017,3109,3110,2017,1,0,-0.104824,-78.427376,PICHINCHA,QUITO,CALDERON (CARAPUNGO),RURAL,2017-02-09,18:45:00,18,JUEVES,4,FEBRERO,2,NO,"NO RESPETAR LAS SENIALES REGLAMENTARIAS DE TRANSITO. (PARE, CEDA EL PASO, LUZ ROJA DEL SEMAFORO, ETC).",CHOQUE LATERAL,AUTOMOVIL,1,0,0,0,0,0,0,0,1,0,0,0,0,2,29,HOMBRE,LESIONADO,CONDUCTOR PRESENTE,NO,NO,3
1018,3115,3116,2017,0,0,-0.218465,-78.506169,PICHINCHA,QUITO,QUITO,URBANA,2017-02-09,19:50:00,19,JUEVES,4,FEBRERO,2,NO,"PEATON TRANSITA BAJO INFLUENCIA DE ALCOHOL, SUSTANCIAS ESTUPEFACIENTES O PSICOTROPICAS Y/O MEDICAMENTOS.",ATROPELLOS,MOTOCICLETA,0,0,0,0,0,0,0,0,1,0,0,0,0,1,45,HOMBRE,ILESO,CONDUCTOR PRESENTE,NO,NO,0
1019,3119,3120,2017,0,0,-0.198941,-78.493964,PICHINCHA,QUITO,QUITO,URBANA,2017-02-09,20:30:00,20,JUEVES,4,FEBRERO,2,NO,"CONDUCIR DESATENTO A LAS CONDICIONES DE TRANSITO (CELULAR, PANTALLAS DE VIDEO, COMIDA, MAQUILLAJE O CUALQUIER OTRO ELEMENTO DISTRACTOR).",ESTRELLAMIENTOS,VEHICULO DEPORTIVO UTILITARIO,0,0,0,0,0,0,0,0,0,0,0,0,1,1,55,HOMBRE,ILESO,CONDUCTOR PRESENTE,NO,NO,0
1020,3123,3124,2017,0,0,-0.305533,-78.536456,PICHINCHA,QUITO,QUITO,URBANA,2017-02-09,22:10:00,22,JUEVES,4,FEBRERO,2,NO,"CONDUCIR DESATENTO A LAS CONDICIONES DE TRANSITO (CELULAR, PANTALLAS DE VIDEO, COMIDA, MAQUILLAJE O CUALQUIER OTRO ELEMENTO DISTRACTOR).",PERDIDA DE PISTA,MOTOCICLETA,0,0,0,0,0,0,0,0,1,0,0,0,0,1,-1,NO IDENTIFICADO,NO IDENTIFICADO,CONDUCTOR AUSENTE,NO,NO,2
1021,3126,3127,2017,0,0,-0.100181,-78.471675,PICHINCHA,QUITO,QUITO,URBANA,2017-02-09,23:30:00,23,JUEVES,4,FEBRERO,2,NO,"CONDUCIR DESATENTO A LAS CONDICIONES DE TRANSITO (CELULAR, PANTALLAS DE VIDEO, COMIDA, MAQUILLAJE O CUALQUIER OTRO ELEMENTO DISTRACTOR).",ESTRELLAMIENTOS,MOTOCICLETA,0,0,0,0,0,0,0,0,1,1,0,0,0,2,30,HOMBRE,ILESO,CONDUCTOR PRESENTE,NO,NO,0
1022,3139,3140,2017,1,0,-0.204463,-78.503009,PICHINCHA,QUITO,QUITO,URBANA,2017-02-10,06:45:00,6,VIERNES,5,FEBRERO,2,NO,DEJAR O RECOGER PASAJEROS EN LUGARES NO PERMITIDOS.,CAIDA DE PASAJERO,BUS,0,0,1,0,0,0,0,0,0,0,0,0,0,1,41,MUJER,LESIONADO,PASAJERO,NO,NO,0
1023,3150,3151,2017,2,0,-0.298722,-78.546842,PICHINCHA,QUITO,QUITO,URBANA,2017-02-10,09:25:00,9,VIERNES,5,FEBRERO,2,NO,"NO RESPETAR LAS SENIALES REGLAMENTARIAS DE TRANSITO. (PARE, CEDA EL PASO, LUZ ROJA DEL SEMAFORO, ETC).",CHOQUE LATERAL,AUTOMOVIL,1,0,0,0,0,0,0,0,1,0,0,0,0,2,41,MUJER,LESIONADO,PASAJERO,NO,NO,0
1024,3153,3154,2017,0,0,-0.263621,-78.524648,PICHINCHA,QUITO,QUITO,URBANA,2017-02-10,11:23:00,11,VIERNES,5,FEBRERO,2,NO,DEJAR O RECOGER PASAJEROS EN LUGARES NO PERMITIDOS.,CAIDA DE PASAJERO,BUS,0,0,1,0,0,0,0,0,0,0,0,0,0,1,75,HOMBRE,ILESO,PASAJERO,NO,NO,0
1025,3155,3156,2017,0,0,-0.171111,-78.476011,PICHINCHA,QUITO,QUITO,URBANA,2017-02-10,11:35:00,11,VIERNES,5,FEBRERO,2,NO,NO MANTENER LA DISTANCIA PRUDENCIAL CON RESPECTO AL VEHICULO QUE LE ANTECEDE.,CHOQUE POSTERIOR,AUTOMOVIL,1,0,0,0,0,0,0,0,0,0,0,0,1,2,39,MUJER,ILESO,CONDUCTOR PRESENTE,NO,NO,0
1026,3159,3160,2017,1,0,-0.192228,-78.460333,PICHINCHA,QUITO,QUITO,RURAL,2017-02-10,13:00:00,13,VIERNES,5,FEBRERO,2,NO,CONDUCIR VEHICULO SUPERANDO LOS LIMITES MAXIMOS DE VELOCIDAD.,ESTRELLAMIENTOS,MOTOCICLETA,0,0,0,0,0,0,0,0,1,1,0,0,0,2,44,HOMBRE,LESIONADO,CONDUCTOR PRESENTE,NO,NO,3
1027,3162,3163,2017,0,0,-0.208496,-78.488944,PICHINCHA,QUITO,QUITO,URBANA,2017-02-10,14:30:00,14,VIERNES,5,FEBRERO,2,NO,"NO RESPETAR LAS SENIALES REGLAMENTARIAS DE TRANSITO. (PARE, CEDA EL PASO, LUZ ROJA DEL SEMAFORO, ETC).",CHOQUE LATERAL,AUTOMOVIL,2,0,0,0,0,0,0,0,0,0,0,0,0,2,60,HOMBRE,ILESO,CONDUCTOR PRESENTE,NO,NO,0
1028,3164,3165,2017,0,0,-0.186376,-78.495734,PICHINCHA,QUITO,QUITO,URBANA,2017-02-10,15:30:00,15,VIERNES,5,FEBRERO,2,NO,NO GUARDAR LA DISTANCIA LATERAL MINIMA DE SEGURIDAD ENTRE VEHICULOS.,ROZAMIENTOS,VEHICULO DEPORTIVO UTILITARIO,1,0,0,0,0,0,0,0,0,0,0,0,1,2,60,MUJER,ILESO,CONDUCTOR PRESENTE,NO,NO,0
1029,3170,3171,2017,1,0,-0.190554,-78.502033,PICHINCHA,QUITO,QUITO,URBANA,2017-02-10,16:50:00,16,VIERNES,5,FEBRERO,2,NO,"NO RESPETAR LAS SENIALES REGLAMENTARIAS DE TRANSITO. (PARE, CEDA EL PASO, LUZ ROJA DEL SEMAFORO, ETC).",CHOQUE LATERAL,CAMIONETA,1,0,0,0,1,0,0,0,0,0,0,0,0,2,52,MUJER,LESIONADO,PASAJERO,NO,NO,0
1030,3171,3172,2017,0,0,-0.177302,-78.486591,PICHINCHA,QUITO,QUITO,URBANA,2017-02-10,17:00:00,17,VIERNES,5,FEBRERO,2,NO,"CONDUCE BAJO LA INFLUENCIA DE ALCOHOL, SUSTANCIAS ESTUPEFACIENTES O PSICOTROPICAS Y/O MEDICAMENTOS.",CHOQUE POSTERIOR,AUTOMOVIL,2,0,0,0,0,0,0,0,0,0,0,0,0,2,38,HOMBRE,ILESO,CONDUCTOR PRESENTE,NO,NO,0
1031,3172,3173,2017,1,0,-0.168344,-78.489104,PICHINCHA,QUITO,QUITO,URBANA,2017-02-10,17:00:00,17,VIERNES,5,FEBRERO,2,NO,"ADELANTAR O REBASAR A OTRO VEHICULO EN MOVIMIENTO EN ZONAS O SITIOS PELIGROSOS TALES COMO: CURVAS, PUENTES, TUNELES, PENDIENTES, ETC.",CHOQUE FRONTAL,VEHICULO DEPORTIVO UTILITARIO,0,0,0,0,0,0,0,0,1,0,0,0,1,2,22,HOMBRE,LESIONADO,CONDUCTOR PRESENTE,NO,NO,0
1032,3176,3177,2017,1,0,-0.198855,-78.436693,PICHINCHA,QUITO,CUMBAYA,RURAL,2017-02-10,17:28:00,17,VIERNES,5,FEBRERO,2,NO,NO MANTENER LA DISTANCIA PRUDENCIAL CON RESPECTO AL VEHICULO QUE LE ANTECEDE.,CHOQUE POSTERIOR,MOTOCICLETA,1,0,0,0,0,0,0,0,1,0,0,0,0,2,37,HOMBRE,LESIONADO,CONDUCTOR PRESENTE,NO,NO,3
1033,3178,3179,2017,1,0,-0.262764,-78.537991,PICHINCHA,QUITO,QUITO,URBANA,2017-02-10,17:35:00,17,VIERNES,5,FEBRERO,2,NO,"NO RESPETAR LAS SENIALES REGLAMENTARIAS DE TRANSITO. (PARE, CEDA EL PASO, LUZ ROJA DEL SEMAFORO, ETC).",CHOQUE LATERAL,CAMIONETA,0,0,0,0,1,0,0,0,1,0,0,0,0,2,30,HOMBRE,LESIONADO,CONDUCTOR PRESENTE,NO,NO,0
1034,3180,3181,2017,1,0,-0.095915,-78.450505,PICHINCHA,QUITO,CALDERON (CARAPUNGO),RURAL,2017-02-10,18:00:00,18,VIERNES,5,FEBRERO,2,NO,NO CEDER EL DERECHO DE VIA O PREFERENCIA DE PASO AL PEATON.,ATROPELLOS,NO IDENTIFICADO,0,0,0,0,0,0,0,0,0,1,0,0,0,1,10,MUJER,LESIONADO,PEATON,NO,NO,3
1035,3184,3185,2017,1,0,-0.181537,-78.481949,PICHINCHA,QUITO,QUITO,URBANA,2017-02-10,18:20:00,18,VIERNES,5,FEBRERO,2,NO,NO CEDER EL DERECHO DE VIA O PREFERENCIA DE PASO AL PEATON.,ATROPELLOS,NO IDENTIFICADO,0,0,0,0,0,0,0,0,0,1,0,0,0,1,21,HOMBRE,LESIONADO,PEATON,NO,NO,0
1036,3186,3187,2017,0,0,0.113633,-79.214701,PICHINCHA,PUERTO QUITO,PUERTO QUITO,RURAL,2017-02-10,18:30:00,18,VIERNES,5,FEBRERO,2,NO,"CONDICIONES AMBIENTALES Y/O ATMOSFERICAS (NIEBLA, NEBLINA, GRANIZO, LLUVIA).",CHOQUE FRONTAL,BUS,0,0,1,1,0,0,0,0,0,0,0,0,0,2,44,HOMBRE,ILESO,CONDUCTOR PRESENTE,NO,NO,3
1037,3190,3191,2017,2,0,-0.245278,-78.498167,PICHINCHA,QUITO,QUITO,URBANA,2017-02-10,19:25:00,19,VIERNES,5,FEBRERO,2,NO,NO MANTENER LA DISTANCIA PRUDENCIAL CON RESPECTO AL VEHICULO QUE LE ANTECEDE.,COLISION,FURGONETA,1,0,0,0,1,0,0,1,0,0,0,0,0,3,45,HOMBRE,LESIONADO,CONDUCTOR PRESENTE,NO,NO,0
1038,3192,3193,2017,0,0,-0.146129,-78.491399,PICHINCHA,QUITO,QUITO,URBANA,2017-02-10,19:47:00,19,VIERNES,5,FEBRERO,2,NO,"CONDUCE BAJO LA INFLUENCIA DE ALCOHOL, SUSTANCIAS ESTUPEFACIENTES O PSICOTROPICAS Y/O MEDICAMENTOS.",CHOQUE POSTERIOR,VEHICULO DEPORTIVO UTILITARIO,0,0,0,0,1,0,0,0,0,0,0,0,1,2,41,HOMBRE,ILESO,CONDUCTOR PRESENTE,NO,NO,0
1039,3195,3196,2017,2,0,-0.208844,-78.335604,PICHINCHA,QUITO,YARUQUI,RURAL,2017-02-10,20:00:00,20,VIERNES,5,FEBRERO,2,NO,NO MANTENER LA DISTANCIA PRUDENCIAL CON RESPECTO AL VEHICULO QUE LE ANTECEDE.,OTROS,MOTOCICLETA,0,0,0,0,0,0,0,0,1,1,0,0,0,2,26,HOMBRE,LESIONADO,CONDUCTOR PRESENTE,NO,NO,3
1040,3198,3199,2017,0,0,-0.328479,-78.522294,PICHINCHA,QUITO,QUITO,URBANA,2017-02-10,20:25:00,20,VIERNES,5,FEBRERO,2,NO,NO MANTENER LA DISTANCIA PRUDENCIAL CON RESPECTO AL VEHICULO QUE LE ANTECEDE.,COLISION,AUTOMOVIL,3,0,0,0,0,0,0,0,0,0,0,0,0,3,33,HOMBRE,ILESO,CONDUCTOR PRESENTE,NO,NO,0
1041,3203,3204,2017,0,0,-0.242475,-78.497488,PICHINCHA,QUITO,QUITO,URBANA,2017-02-10,21:15:00,21,VIERNES,5,FEBRERO,2,NO,NO MANTENER LA DISTANCIA PRUDENCIAL CON RESPECTO AL VEHICULO QUE LE ANTECEDE.,CHOQUE POSTERIOR,VEHICULO DEPORTIVO UTILITARIO,1,0,0,0,0,0,0,0,0,0,0,0,1,2,29,MUJER,ILESO,CONDUCTOR PRESENTE,NO,NO,0
1042,3209,3210,2017,0,0,-0.290538,-78.465369,PICHINCHA,QUITO,CONOCOTO,URBANA,2017-02-10,22:00:00,22,VIERNES,5,FEBRERO,2,NO,"CONDUCE BAJO LA INFLUENCIA DE ALCOHOL, SUSTANCIAS ESTUPEFACIENTES O PSICOTROPICAS Y/O MEDICAMENTOS.",CHOQUE POSTERIOR,AUTOMOVIL,2,0,0,0,0,0,0,0,0,0,0,0,0,2,30,HOMBRE,ILESO,CONDUCTOR PRESENTE,NO,NO,0
1043,3216,3217,2017,0,0,-0.221176,-78.520687,PICHINCHA,QUITO,QUITO,URBANA,2017-02-10,23:00:00,23,VIERNES,5,FEBRERO,2,NO,"CONDUCIR EN ESTADO DE SOMNOLENCIA O MALAS CONDICIONES FISICAS (SUENIO, CANSANCIO Y FATIGA).",ESTRELLAMIENTOS,AUTOMOVIL,1,0,0,0,0,0,0,0,0,0,0,0,0,1,-1,NO IDENTIFICADO,NO IDENTIFICADO,CONDUCTOR AUSENTE,NO,NO,2
1044,3217,3218,2017,0,0,-0.119364,-78.471343,PICHINCHA,QUITO,QUITO,URBANA,2017-02-10,23:07:00,23,VIERNES,5,FEBRERO,2,NO,"CONDUCE BAJO LA INFLUENCIA DE ALCOHOL, SUSTANCIAS ESTUPEFACIENTES O PSICOTROPICAS Y/O MEDICAMENTOS.",CHOQUE LATERAL,VEHICULO DEPORTIVO UTILITARIO,1,0,0,0,0,0,0,0,0,0,0,0,1,2,37,HOMBRE,ILESO,CONDUCTOR PRESENTE,NO,NO,0
1045,3219,3220,2017,0,1,-0.219252,-78.509727,PICHINCHA,QUITO,QUITO,URBANA,2017-02-10,23:20:00,23,VIERNES,5,FEBRERO,2,NO,CONDUCIR VEHICULO SUPERANDO LOS LIMITES MAXIMOS DE VELOCIDAD.,ESTRELLAMIENTOS,MOTOCICLETA,0,0,0,0,0,0,0,0,1,0,0,0,0,1,20,HOMBRE,FALLECIDO,CONDUCTOR PRESENTE,NO,NO,0
1046,3222,3223,2017,0,0,-0.128678,-78.471107,PICHINCHA,QUITO,QUITO,URBANA,2017-02-11,00:05:00,0,SABADO,6,FEBRERO,2,NO,CONDUCIR VEHICULO SUPERANDO LOS LIMITES MAXIMOS DE VELOCIDAD.,ESTRELLAMIENTOS,AUTOMOVIL,1,0,0,0,0,0,0,0,0,0,0,0,0,1,-1,NO IDENTIFICADO,NO IDENTIFICADO,CONDUCTOR AUSENTE,NO,NO,2
1047,3223,3224,2017,0,0,-0.252168,-78.539221,PICHINCHA,QUITO,QUITO,URBANA,2017-02-11,00:15:00,0,SABADO,6,FEBRERO,2,NO,"CONDUCIR EN ESTADO DE SOMNOLENCIA O MALAS CONDICIONES FISICAS (SUENIO, CANSANCIO Y FATIGA).",COLISION,AUTOMOVIL,2,0,0,0,0,0,0,0,0,1,0,0,0,3,27,HOMBRE,ILESO,CONDUCTOR PRESENTE,NO,NO,0
1048,3226,3227,2017,0,0,-0.238711,-78.506295,PICHINCHA,QUITO,QUITO,URBANA,2017-02-11,00:45:00,0,SABADO,6,FEBRERO,2,NO,"CONDUCIR EN ESTADO DE SOMNOLENCIA O MALAS CONDICIONES FISICAS (SUENIO, CANSANCIO Y FATIGA).",ESTRELLAMIENTOS,CAMIONETA,0,0,0,0,1,0,0,0,0,0,0,0,0,1,44,HOMBRE,ILESO,CONDUCTOR PRESENTE,NO,NO,0
1049,3228,3229,2017,0,0,-0.300116,-78.458786,PICHINCHA,RUMINIAHUI,SANGOLQUI,URBANA,2017-02-11,01:40:00,1,SABADO,6,FEBRERO,2,NO,NO CEDER EL DERECHO DE VIA O PREFERENCIA DE PASO A VEHICULOS.,CHOQUE LATERAL,AUTOMOVIL,2,0,0,0,0,0,0,0,0,0,0,0,0,2,23,HOMBRE,ILESO,CONDUCTOR PRESENTE,NO,NO,0
1050,3229,3230,2017,0,0,-0.244666,-78.510971,PICHINCHA,QUITO,QUITO,URBANA,2017-02-11,01:50:00,1,SABADO,6,FEBRERO,2,NO,"CONDUCE BAJO LA INFLUENCIA DE ALCOHOL, SUSTANCIAS ESTUPEFACIENTES O PSICOTROPICAS Y/O MEDICAMENTOS.",CHOQUE LATERAL,AUTOMOVIL,1,0,0,0,1,0,0,0,0,0,0,0,0,2,34,HOMBRE,ILESO,CONDUCTOR PRESENTE,NO,NO,0
1051,3230,3231,2017,0,0,-0.188521,-78.448241,PICHINCHA,QUITO,NAYON,RURAL,2017-02-11,02:00:00,2,SABADO,6,FEBRERO,2,NO,"NO RESPETAR LAS SENIALES REGLAMENTARIAS DE TRANSITO. (PARE, CEDA EL PASO, LUZ ROJA DEL SEMAFORO, ETC).",CHOQUE LATERAL,AUTOMOVIL,2,0,0,0,0,0,0,0,0,0,0,0,0,2,22,HOMBRE,ILESO,CONDUCTOR PRESENTE,NO,NO,3
1052,3231,3232,2017,2,0,-0.206438,-78.370261,PICHINCHA,QUITO,PUEMBO,RURAL,2017-02-11,02:05:00,2,SABADO,6,FEBRERO,2,NO,"CONDUCE BAJO LA INFLUENCIA DE ALCOHOL, SUSTANCIAS ESTUPEFACIENTES O PSICOTROPICAS Y/O MEDICAMENTOS.",CHOQUE FRONTAL,AUTOMOVIL,1,0,0,0,0,0,0,0,0,0,0,0,1,2,28,HOMBRE,LESIONADO,CONDUCTOR PRESENTE,NO,NO,3
1053,3232,3233,2017,1,0,-0.116011,-78.479444,PICHINCHA,QUITO,QUITO,URBANA,2017-02-11,02:15:00,2,SABADO,6,FEBRERO,2,NO,NO TRANSITAR POR LAS ACERAS O ZONAS DE SEGURIDAD DESTINADAS PARA EL EFECTO.,ATROPELLOS,NO IDENTIFICADO,0,0,0,0,0,0,0,0,0,1,0,0,0,1,20,HOMBRE,LESIONADO,PEATON,NO,NO,0
1054,3235,3236,2017,0,0,-0.144009,-78.467468,PICHINCHA,QUITO,QUITO,URBANA,2017-02-11,03:12:00,3,SABADO,6,FEBRERO,2,NO,"CONDUCIR EN ESTADO DE SOMNOLENCIA O MALAS CONDICIONES FISICAS (SUENIO, CANSANCIO Y FATIGA).",ESTRELLAMIENTOS,AUTOMOVIL,1,0,0,0,0,0,0,0,0,0,0,0,0,1,-1,NO IDENTIFICADO,NO IDENTIFICADO,CONDUCTOR AUSENTE,NO,NO,2