,Unnamed: 0,ID,ANIO,LESIONADOS,FALLECIDOS,LATITUD_Y,LONGITUD_X,PROVINCIA,CANTON,PARROQUIA,ZONA,FECHA,HORA,PERIODO_2,DIA_1,DIA_2,MES_1,MES_2,FERIADO,CAUSA_PROBABLE,TIPO_DE_SINIESTRO,TIPO_DE_VEHICULO_1,AUTOMOVIL,BICICLETA,BUS,CAMION,CAMIONETA,EMERGENCIAS,ESPECIAL,FURGONETA,MOTOCICLETA,NO_IDENTIFICADO,SCOOTER_ELECTRICO,TRICIMOTO,VEHICULO_DEPORTIVO_UTILITARIO,SUMA_DE_VEHICULOS,EDAD_1,SEXO_1,CONDICION_1,PARTICIPANTE_1,CASCO_1,CINTURON_1,KMeans_Cluster
1055,3236,3237,2017,0,0,-0.164052,-78.471665,PICHINCHA,QUITO,QUITO,URBANA,2017-02-11,03:20:00,3,SABADO,6,FEBRERO,2,NO,"NO RESPETAR LAS SENIALES REGLAMENTARIAS DE TRANSITO. (PARE, CEDA EL PASO, LUZ ROJA DEL SEMAFORO, ETC).",CHOQUE LATERAL,AUTOMOVIL,2,0,0,0,0,0,0,0,0,0,0,0,0,2,-1,NO IDENTIFICADO,NO IDENTIFICADO,CONDUCTOR AUSENTE,NO,NO,2
1056,3239,3240,2017,1,0,-0.275465,-78.489646,PICHINCHA,QUITO,CONOCOTO,URBANA,2017-02-11,05:00:00,5,SABADO,6,FEBRERO,2,NO,NO CEDER EL DERECHO DE VIA O PREFERENCIA DE PASO A VEHICULOS.,CHOQUE LATERAL,CAMION,0,0,0,1,0,0,0,0,0,0,0,0,0,1,-1,NO IDENTIFICADO,LESIONADO,CONDUCTOR PRESENTE,NO,NO,2
1057,3241,3242,2017,0,0,-0.328479,-78.522294,PICHINCHA,QUITO,QUITO,URBANA,2017-02-11,05:25:00,5,SABADO,6,FEBRERO,2,NO,CONDUCIR VEHICULO SUPERANDO LOS LIMITES MAXIMOS DE VELOCIDAD.,ESTRELLAMIENTOS,FURGONETA,0,0,0,0,0,0,0,1,0,0,0,0,0,1,45,HOMBRE,ILESO,CONDUCTOR PRESENTE,NO,NO,0
1058,3244,3245,2017,0,0,-0.226881,-78.521951,PICHINCHA,QUITO,QUITO,URBANA,2017-02-11,06:05:00,6,SABADO,6,FEBRERO,2,NO,CONDUCIR VEHICULO SUPERANDO LOS LIMITES MAXIMOS DE VELOCIDAD.,ESTRELLAMIENTOS,NO IDENTIFICADO,0,0,0,0,0,0,0,0,0,1,0,0,0,1,-1,NO IDENTIFICADO,NO IDENTIFICADO,CONDUCTOR AUSENTE,NO,NO,2
1059,3246,3247,2017,0,0,-0.221383,-78.518733,PICHINCHA,QUITO,QUITO,URBANA,2017-02-11,06:20:00,6,SABADO,6,FEBRERO,2,NO,NO CEDER EL DERECHO DE VIA O PREFERENCIA DE PASO A VEHICULOS.,CHOQUE LATERAL,VEHICULO DEPORTIVO UTILITARIO,1,0,0,0,0,0,0,0,0,0,0,0,1,2,46,HOMBRE,ILESO,CONDUCTOR PRESENTE,NO,NO,0
1060,3247,3248,2017,1,0,-0.273825,-78.510216,PICHINCHA,QUITO,QUITO,URBANA,2017-02-11,06:50:00,6,SABADO,6,FEBRERO,2,NO,NO TRANSITAR POR LAS ACERAS O ZONAS DE SEGURIDAD DESTINADAS PARA EL EFECTO.,ATROPELLOS,NO IDENTIFICADO,0,0,0,0,0,0,0,0,0,1,0,0,0,1,45,HOMBRE,LESIONADO,PEATON,NO,NO,0
1061,3249,3250,2017,1,0,-0.091581,-78.439052,PICHINCHA,QUITO,CALDERON (CARAPUNGO),RURAL,2017-02-11,07:30:00,7,SABADO,6,FEBRERO,2,NO,CONDUCIR VEHICULO SUPERANDO LOS LIMITES MAXIMOS DE VELOCIDAD.,PERDIDA DE PISTA,MOTOCICLETA,0,0,0,0,0,0,0,0,1,0,0,0,0,1,27,HOMBRE,LESIONADO,CONDUCTOR PRESENTE,NO,NO,3
1062,3251,3252,2017,0,0,-0.098424,-78.421241,PICHINCHA,QUITO,CALDERON (CARAPUNGO),RURAL,2017-02-11,07:45:00,7,SABADO,6,FEBRERO,2,NO,CONDUCIR VEHICULO SUPERANDO LOS LIMITES MAXIMOS DE VELOCIDAD.,ESTRELLAMIENTOS,AUTOMOVIL,1,0,0,0,0,0,0,0,0,0,0,0,0,1,-1,NO IDENTIFICADO,NO IDENTIFICADO,CONDUCTOR AUSENTE,NO,NO,2
1063,3255,3256,2017,1,0,-0.100481,-78.470028,PICHINCHA,QUITO,QUITO,URBANA,2017-02-11,09:50:00,9,SABADO,6,FEBRERO,2,NO,NO CEDER EL DERECHO DE VIA O PREFERENCIA DE PASO AL PEATON.,ATROPELLOS,BUS,0,0,1,0,0,0,0,0,0,0,0,0,0,1,26,HOMBRE,LESIONADO,PEATON,NO,NO,0
1064,3263,3264,2017,0,0,-0.282665,-78.517425,PICHINCHA,QUITO,QUITO,URBANA,2017-02-11,11:35:00,11,SABADO,6,FEBRERO,2,NO,NO MANTENER LA DISTANCIA PRUDENCIAL CON RESPECTO AL VEHICULO QUE LE ANTECEDE.,CHOQUE POSTERIOR,AUTOMOVIL,1,0,0,0,0,0,0,0,0,1,0,0,0,2,-1,NO IDENTIFICADO,NO IDENTIFICADO,CONDUCTOR AUSENTE,NO,NO,2
1065,3264,3265,2017,1,0,-0.208521,-78.523842,PICHINCHA,QUITO,QUITO,URBANA,2017-02-11,11:40:00,11,SABADO,6,FEBRERO,2,NO,"ADELANTAR O REBASAR A OTRO VEHICULO EN MOVIMIENTO EN ZONAS O SITIOS PELIGROSOS TALES COMO: CURVAS, PUENTES, TUNELES, PENDIENTES, ETC.",CHOQUE FRONTAL,CAMIONETA,0,0,1,0,1,0,0,0,0,0,0,0,0,2,33,MUJER,LESIONADO,CONDUCTOR PRESENTE,NO,NO,0
1066,3266,3267,2017,0,0,-0.339041,-78.520932,PICHINCHA,QUITO,QUITO,URBANA,2017-02-11,11:45:00,11,SABADO,6,FEBRERO,2,NO,"NO RESPETAR LAS SENIALES REGLAMENTARIAS DE TRANSITO. (PARE, CEDA EL PASO, LUZ ROJA DEL SEMAFORO, ETC).",CHOQUE LATERAL,CAMION,0,0,0,1,0,0,0,1,0,0,0,0,0,2,36,HOMBRE,ILESO,CONDUCTOR PRESENTE,NO,NO,0
1067,3268,3269,2017,0,0,-0.236946,-78.530453,PICHINCHA,QUITO,QUITO,URBANA,2017-02-11,11:51:00,11,SABADO,6,FEBRERO,2,NO,"CONDUCIR DESATENTO A LAS CONDICIONES DE TRANSITO (CELULAR, PANTALLAS DE VIDEO, COMIDA, MAQUILLAJE O CUALQUIER OTRO ELEMENTO DISTRACTOR).",ESTRELLAMIENTOS,CAMIONETA,0,0,0,0,1,0,0,0,0,1,0,0,0,2,-1,NO IDENTIFICADO,NO IDENTIFICADO,CONDUCTOR AUSENTE,NO,NO,2
1068,3269,3270,2017,1,0,-0.144696,-78.483411,PICHINCHA,QUITO,QUITO,URBANA,2017-02-11,12:00:00,12,SABADO,6,FEBRERO,2,NO,NO CEDER EL DERECHO DE VIA O PREFERENCIA DE PASO AL PEATON.,ATROPELLOS,NO IDENTIFICADO,0,0,0,0,0,0,0,0,0,1,0,0,0,1,28,MUJER,LESIONADO,PEATON,NO,NO,0
1069,3276,3277,2017,0,0,-0.175095,-78.488308,PICHINCHA,QUITO,QUITO,URBANA,2017-02-11,13:30:00,13,SABADO,6,FEBRERO,2,NO,NO CEDER EL DERECHO DE VIA O PREFERENCIA DE PASO A VEHICULOS.,CHOQUE LATERAL,VEHICULO DEPORTIVO UTILITARIO,0,0,0,0,0,0,0,0,0,0,0,0,2,2,25,HOMBRE,ILESO,CONDUCTOR PRESENTE,NO,NO,0
1070,3283,3284,2017,1,0,-0.178637,-78.486021,PICHINCHA,QUITO,QUITO,URBANA,2017-02-11,14:45:00,14,SABADO,6,FEBRERO,2,NO,"CONDUCIR DESATENTO A LAS CONDICIONES DE TRANSITO (CELULAR, PANTALLAS DE VIDEO, COMIDA, MAQUILLAJE O CUALQUIER OTRO ELEMENTO DISTRACTOR).",OTROS,AUTOMOVIL,1,0,0,0,0,0,0,0,0,0,0,0,0,1,25,MUJER,LESIONADO,PASAJERO,NO,NO,0
1071,3287,3288,2017,0,0,-0.247434,-78.524911,PICHINCHA,QUITO,QUITO,URBANA,2017-02-11,15:45:00,15,SABADO,6,FEBRERO,2,NO,"ADELANTAR O REBASAR A OTRO VEHICULO EN MOVIMIENTO EN ZONAS O SITIOS PELIGROSOS TALES COMO: CURVAS, PUENTES, TUNELES, PENDIENTES, ETC.",ROZAMIENTOS,VEHICULO DEPORTIVO UTILITARIO,0,0,1,0,0,0,0,0,0,0,0,0,1,2,42,HOMBRE,ILESO,CONDUCTOR PRESENTE,NO,NO,0
1072,3289,3290,2017,1,0,-0.272471,-78.542739,PICHINCHA,QUITO,QUITO,URBANA,2017-02-11,16:40:00,16,SABADO,6,FEBRERO,2,NO,NO GUARDAR LA DISTANCIA LATERAL MINIMA DE SEGURIDAD ENTRE VEHICULOS.,ROZAMIENTOS,BICICLETA,0,1,0,0,0,0,0,0,0,1,0,0,0,2,34,HOMBRE,LESIONADO,CONDUCTOR PRESENTE,NO,NO,0
1073,3304,3305,2017,1,0,-0.106694,-78.481991,PICHINCHA,QUITO,QUITO,URBANA,2017-02-11,19:25:00,19,SABADO,6,FEBRERO,2,NO,"ADELANTAR O REBASAR A OTRO VEHICULO EN MOVIMIENTO EN ZONAS O SITIOS PELIGROSOS TALES COMO: CURVAS, PUENTES, TUNELES, PENDIENTES, ETC.",CHOQUE FRONTAL,MOTOCICLETA,0,0,0,0,0,0,0,0,1,1,0,0,0,2,29,HOMBRE,LESIONADO,CONDUCTOR PRESENTE,NO,NO,0
1074,3320,3321,2017,2,0,-0.105568,-78.497653,PICHINCHA,QUITO,QUITO,URBANA,2017-02-11,22:10:00,22,SABADO,6,FEBRERO,2,NO,CONDUCIR VEHICULO SUPERANDO LOS LIMITES MAXIMOS DE VELOCIDAD.,VOLCAMIENTOS,AUTOMOVIL,1,0,0,0,0,0,0,0,0,0,0,0,0,1,15,MUJER,LESIONADO,PASAJERO,NO,NO,0
1075,3323,3324,2017,1,0,-0.277089,-78.485368,PICHINCHA,QUITO,CONOCOTO,URBANA,2017-02-11,22:20:00,22,SABADO,6,FEBRERO,2,NO,NO MANTENER LA DISTANCIA PRUDENCIAL CON RESPECTO AL VEHICULO QUE LE ANTECEDE.,CHOQUE POSTERIOR,NO IDENTIFICADO,0,0,0,0,0,0,0,0,0,1,0,0,0,1,38,HOMBRE,LESIONADO,CONDUCTOR PRESENTE,NO,NO,0
1076,3324,3325,2017,0,0,-0.110328,-78.294769,PICHINCHA,QUITO,EL QUINCHE,RURAL,2017-02-11,22:20:00,22,SABADO,6,FEBRERO,2,NO,"NO RESPETAR LAS SENIALES REGLAMENTARIAS DE TRANSITO. (PARE, CEDA EL PASO, LUZ ROJA DEL SEMAFORO, ETC).",CHOQUE LATERAL,AUTOMOVIL,1,0,0,0,0,0,0,0,0,0,0,0,1,2,39,HOMBRE,ILESO,CONDUCTOR PRESENTE,NO,NO,3
1077,3331,3332,2017,0,0,-0.106608,-78.476404,PICHINCHA,QUITO,QUITO,URBANA,2017-02-11,23:30:00,23,SABADO,6,FEBRERO,2,NO,"CONDUCIR DESATENTO A LAS CONDICIONES DE TRANSITO (CELULAR, PANTALLAS DE VIDEO, COMIDA, MAQUILLAJE O CUALQUIER OTRO ELEMENTO DISTRACTOR).",CHOQUE POSTERIOR,VEHICULO DEPORTIVO UTILITARIO,1,0,0,0,0,0,0,0,0,0,0,0,1,2,54,HOMBRE,ILESO,CONDUCTOR PRESENTE,NO,NO,0
1078,3335,3336,2017,1,0,-0.268545,-78.527651,PICHINCHA,QUITO,QUITO,URBANA,2017-02-12,01:30:00,1,DOMINGO,7,FEBRERO,2,NO,NO GUARDAR LA DISTANCIA LATERAL MINIMA DE SEGURIDAD ENTRE VEHICULOS.,ESTRELLAMIENTOS,AUTOMOVIL,1,0,0,0,0,0,0,0,0,1,0,0,0,2,29,HOMBRE,LESIONADO,PASAJERO,NO,NO,0
1079,3337,3338,2017,0,0,-0.283454,-78.469948,PICHINCHA,QUITO,CONOCOTO,URBANA,2017-02-12,01:45:00,1,DOMINGO,7,FEBRERO,2,NO,NO MANTENER LA DISTANCIA PRUDENCIAL CON RESPECTO AL VEHICULO QUE LE ANTECEDE.,CHOQUE POSTERIOR,VEHICULO DEPORTIVO UTILITARIO,0,0,0,0,1,0,0,0,0,0,0,0,1,2,-1,NO IDENTIFICADO,NO IDENTIFICADO,CONDUCTOR AUSENTE,NO,NO,2
1080,3343,3344,2017,0,0,-0.065577,-78.361207,PICHINCHA,QUITO,GUAYLLABAMBA,RURAL,2017-02-12,03:10:00,3,DOMINGO,7,FEBRERO,2,NO,CONDUCIR VEHICULO SUPERANDO LOS LIMITES MAXIMOS DE VELOCIDAD.,ESTRELLAMIENTOS,AUTOMOVIL,1,0,0,0,0,0,0,0,0,0,0,0,0,1,-1,NO IDENTIFICADO,NO IDENTIFICADO,CONDUCTOR AUSENTE,NO,NO,2
1081,3344,3345,2017,1,0,-0.317382,-78.549078,PICHINCHA,QUITO,QUITO,URBANA,2017-02-12,03:55:00,3,DOMINGO,7,FEBRERO,2,NO,"PEATON TRANSITA BAJO INFLUENCIA DE ALCOHOL, SUSTANCIAS ESTUPEFACIENTES O PSICOTROPICAS Y/O MEDICAMENTOS.",ATROPELLOS,NO IDENTIFICADO,0,0,0,0,0,0,0,0,0,1,0,0,0,1,18,MUJER,LESIONADO,PEATON,NO,NO,0
1082,3346,3347,2017,0,0,-0.129016,-78.485121,PICHINCHA,QUITO,QUITO,URBANA,2017-02-12,04:10:00,4,DOMINGO,7,FEBRERO,2,NO,"CONDUCIR EN ESTADO DE SOMNOLENCIA O MALAS CONDICIONES FISICAS (SUENIO, CANSANCIO Y FATIGA).",ESTRELLAMIENTOS,VEHICULO DEPORTIVO UTILITARIO,0,0,0,0,0,0,0,0,0,0,0,0,1,1,-1,NO IDENTIFICADO,NO IDENTIFICADO,CONDUCTOR AUSENTE,NO,NO,2
1083,3348,3349,2017,3,0,-0.448209,-78.687701,PICHINCHA,MEJIA,ALOAG,RURAL,2017-02-12,04:20:00,4,DOMINGO,7,FEBRERO,2,NO,"CONDUCIR DESATENTO A LAS CONDICIONES DE TRANSITO (CELULAR, PANTALLAS DE VIDEO, COMIDA, MAQUILLAJE O CUALQUIER OTRO ELEMENTO DISTRACTOR).",CHOQUE FRONTAL,BUS,0,0,1,0,0,0,0,0,0,1,0,0,0,2,49,MUJER,LESIONADO,PASAJERO,NO,NO,3
1084,3349,3350,2017,1,0,-0.158323,-78.485366,PICHINCHA,QUITO,QUITO,URBANA,2017-02-12,04:30:00,4,DOMINGO,7,FEBRERO,2,NO,CONDUCIR VEHICULO SUPERANDO LOS LIMITES MAXIMOS DE VELOCIDAD.,PERDIDA DE PISTA,MOTOCICLETA,0,0,0,0,0,0,0,0,1,0,0,0,0,1,40,HOMBRE,LESIONADO,CONDUCTOR PRESENTE,NO,NO,0
1085,3350,3351,2017,1,0,-0.137645,-78.501298,PICHINCHA,QUITO,QUITO,URBANA,2017-02-12,04:49:00,4,DOMINGO,7,FEBRERO,2,NO,CONDUCIR VEHICULO SUPERANDO LOS LIMITES MAXIMOS DE VELOCIDAD.,ESTRELLAMIENTOS,AUTOMOVIL,1,0,0,0,0,0,0,0,0,0,0,0,0,1,34,HOMBRE,LESIONADO,CONDUCTOR PRESENTE,NO,NO,0
1086,3353,3354,2017,1,0,-0.317898,-78.535609,PICHINCHA,QUITO,QUITO,URBANA,2017-02-12,05:30:00,5,DOMINGO,7,FEBRERO,2,NO,"CONDUCE BAJO LA INFLUENCIA DE ALCOHOL, SUSTANCIAS ESTUPEFACIENTES O PSICOTROPICAS Y/O MEDICAMENTOS.",PERDIDA DE PISTA,MOTOCICLETA,0,0,0,0,0,0,0,0,1,0,0,0,0,1,38,HOMBRE,LESIONADO,CONDUCTOR PRESENTE,NO,NO,0
1087,3360,3361,2017,1,0,-0.160191,-78.485448,PICHINCHA,QUITO,QUITO,URBANA,2017-02-12,06:20:00,6,DOMINGO,7,FEBRERO,2,NO,NO GUARDAR LA DISTANCIA LATERAL MINIMA DE SEGURIDAD ENTRE VEHICULOS.,ROZAMIENTOS,MOTOCICLETA,0,0,0,0,0,0,0,0,1,1,0,0,0,2,21,HOMBRE,LESIONADO,CONDUCTOR PRESENTE,NO,NO,0
1088,3365,3366,2017,0,0,-0.096164,-78.468848,PICHINCHA,QUITO,QUITO,RURAL,2017-02-12,07:10:00,7,DOMINGO,7,FEBRERO,2,NO,CONDUCIR VEHICULO SUPERANDO LOS LIMITES MAXIMOS DE VELOCIDAD.,ESTRELLAMIENTOS,CAMIONETA,0,0,0,0,1,0,0,0,0,0,0,0,0,1,58,HOMBRE,ILESO,CONDUCTOR PRESENTE,NO,NO,3
1089,3366,3367,2017,0,0,-0.142149,-78.443258,PICHINCHA,QUITO,LLANO CHICO,RURAL,2017-02-12,07:30:00,7,DOMINGO,7,FEBRERO,2,NO,"CONDUCIR DESATENTO A LAS CONDICIONES DE TRANSITO (CELULAR, PANTALLAS DE VIDEO, COMIDA, MAQUILLAJE O CUALQUIER OTRO ELEMENTO DISTRACTOR).",ESTRELLAMIENTOS,AUTOMOVIL,1,0,0,0,0,0,0,0,0,0,0,0,0,1,-1,MUJER,ILESO,CONDUCTOR PRESENTE,NO,NO,3
1090,3367,3368,2017,1,0,-0.123824,-78.503209,PICHINCHA,QUITO,QUITO,URBANA,2017-02-12,07:45:00,7,DOMINGO,7,FEBRERO,2,NO,NO CEDER EL DERECHO DE VIA O PREFERENCIA DE PASO AL PEATON.,ATROPELLOS,NO IDENTIFICADO,0,0,0,0,0,0,0,0,0,1,0,0,0,1,50,MUJER,LESIONADO,PEATON,NO,NO,0
1091,3368,3369,2017,0,0,-0.226486,-78.339567,PICHINCHA,QUITO,PIFO,RURAL,2017-02-12,08:00:00,8,DOMINGO,7,FEBRERO,2,NO,"CONDUCIR DESATENTO A LAS CONDICIONES DE TRANSITO (CELULAR, PANTALLAS DE VIDEO, COMIDA, MAQUILLAJE O CUALQUIER OTRO ELEMENTO DISTRACTOR).",ESTRELLAMIENTOS,AUTOMOVIL,1,0,0,0,0,0,0,0,0,0,0,0,0,1,-1,NO IDENTIFICADO,NO IDENTIFICADO,CONDUCTOR AUSENTE,NO,NO,2
1092,3373,3374,2017,1,0,-0.246969,-78.582183,PICHINCHA,QUITO,LLOA,URBANA,2017-02-12,09:50:00,9,DOMINGO,7,FEBRERO,2,NO,CONDUCIR VEHICULO SUPERANDO LOS LIMITES MAXIMOS DE VELOCIDAD.,PERDIDA DE PISTA,MOTOCICLETA,0,0,0,0,0,0,0,0,1,0,0,0,0,1,19,HOMBRE,LESIONADO,CONDUCTOR PRESENTE,NO,NO,0
1093,3374,3375,2017,1,0,-0.263881,-78.558949,PICHINCHA,QUITO,QUITO,URBANA,2017-02-12,09:50:00,9,DOMINGO,7,FEBRERO,2,NO,CONDUCIR VEHICULO SUPERANDO LOS LIMITES MAXIMOS DE VELOCIDAD.,PERDIDA DE PISTA,MOTOCICLETA,0,0,0,0,0,0,0,0,1,0,0,0,0,1,25,HOMBRE,LESIONADO,CONDUCTOR PRESENTE,NO,NO,0
1094,3380,3381,2017,1,0,-0.198165,-78.495997,PICHINCHA,QUITO,QUITO,URBANA,2017-02-12,11:40:00,11,DOMINGO,7,FEBRERO,2,NO,"CASO FORTUITO O FUERZA MAYOR (EXPLOSION DE NEUMATICO NUEVO, DERRUMBE, INUNDACION, CAIDA DE PUENTE, ARBOL, PRESENCIA INTEMPESTIVA E IMPREVISTA DE SEMOVIENTES EN LA VIA, ETC.).",OTROS,BICICLETA,0,1,0,0,0,0,0,0,0,1,0,0,0,2,24,HOMBRE,LESIONADO,CONDUCTOR PRESENTE,NO,NO,0
1095,3383,3384,2017,0,0,-0.247332,-78.511231,PICHINCHA,QUITO,QUITO,URBANA,2017-02-12,12:45:00,12,DOMINGO,7,FEBRERO,2,NO,"NO RESPETAR LAS SENIALES REGLAMENTARIAS DE TRANSITO. (PARE, CEDA EL PASO, LUZ ROJA DEL SEMAFORO, ETC).",CHOQUE LATERAL,AUTOMOVIL,2,0,0,0,0,0,0,0,0,0,0,0,0,2,55,HOMBRE,ILESO,CONDUCTOR PRESENTE,NO,NO,0
1096,3384,3385,2017,0,0,-0.280841,-78.548733,PICHINCHA,QUITO,QUITO,URBANA,2017-02-12,13:08:00,13,DOMINGO,7,FEBRERO,2,NO,"CONDUCIR DESATENTO A LAS CONDICIONES DE TRANSITO (CELULAR, PANTALLAS DE VIDEO, COMIDA, MAQUILLAJE O CUALQUIER OTRO ELEMENTO DISTRACTOR).",OTROS,BUS,0,0,1,0,1,0,0,0,0,0,0,0,0,2,35,HOMBRE,ILESO,CONDUCTOR PRESENTE,NO,NO,0
1097,3385,3386,2017,0,0,0.110887,-79.255901,PICHINCHA,PUERTO QUITO,PUERTO QUITO,URBANA,2017-02-12,14:20:00,14,DOMINGO,7,FEBRERO,2,NO,MALAS CONDICIONES DE LA VIA Y/O CONFIGURACION. (ILUMINACION Y DISENIO).,PERDIDA DE PISTA,CAMIONETA,0,0,0,0,1,0,0,0,0,0,0,0,0,1,40,HOMBRE,ILESO,PEATON,NO,NO,0
1098,3387,3388,2017,0,0,-0.100819,-78.428508,PICHINCHA,QUITO,CALDERON (CARAPUNGO),RURAL,2017-02-12,14:48:00,14,DOMINGO,7,FEBRERO,2,NO,"ADELANTAR O REBASAR A OTRO VEHICULO EN MOVIMIENTO EN ZONAS O SITIOS PELIGROSOS TALES COMO: CURVAS, PUENTES, TUNELES, PENDIENTES, ETC.",CHOQUE POSTERIOR,BUS,0,0,2,0,0,0,0,0,0,0,0,0,0,2,33,HOMBRE,ILESO,CONDUCTOR PRESENTE,NO,NO,3
1099,3392,3393,2017,1,0,-0.299015,-78.531528,PICHINCHA,QUITO,QUITO,URBANA,2017-02-12,16:24:00,16,DOMINGO,7,FEBRERO,2,NO,NO CEDER EL DERECHO DE VIA O PREFERENCIA DE PASO AL PEATON.,ATROPELLOS,AUTOMOVIL,1,0,0,0,0,0,0,0,0,0,0,0,0,1,12,MUJER,LESIONADO,PEATON,NO,NO,0
1100,3393,3394,2017,0,0,-0.363802,-78.550287,PICHINCHA,MEJIA,CUTUGLAHUA,RURAL,2017-02-12,16:40:00,16,DOMINGO,7,FEBRERO,2,NO,"CONDUCIR DESATENTO A LAS CONDICIONES DE TRANSITO (CELULAR, PANTALLAS DE VIDEO, COMIDA, MAQUILLAJE O CUALQUIER OTRO ELEMENTO DISTRACTOR).",ESTRELLAMIENTOS,AUTOMOVIL,1,0,0,0,0,0,0,0,0,0,0,0,0,1,33,HOMBRE,ILESO,CONDUCTOR PRESENTE,NO,NO,3
1101,3394,3395,2017,0,0,-0.100495,-78.463822,PICHINCHA,QUITO,QUITO,RURAL,2017-02-12,16:40:00,16,DOMINGO,7,FEBRERO,2,NO,CONDUCIR VEHICULO SUPERANDO LOS LIMITES MAXIMOS DE VELOCIDAD.,COLISION,AUTOMOVIL,2,0,0,0,1,0,0,0,0,0,0,0,0,3,48,HOMBRE,ILESO,CONDUCTOR PRESENTE,NO,NO,3
1102,3398,3399,2017,0,0,-0.446896,-78.557647,PICHINCHA,MEJIA,MACHACHI,RURAL,2017-02-12,18:00:00,18,DOMINGO,7,FEBRERO,2,NO,"CONDUCIR DESATENTO A LAS CONDICIONES DE TRANSITO (CELULAR, PANTALLAS DE VIDEO, COMIDA, MAQUILLAJE O CUALQUIER OTRO ELEMENTO DISTRACTOR).",COLISION,VEHICULO DEPORTIVO UTILITARIO,1,0,0,1,0,0,0,0,0,0,0,0,1,3,38,HOMBRE,ILESO,CONDUCTOR PRESENTE,NO,NO,3
1103,3399,3400,2017,0,0,-0.210106,-78.447618,PICHINCHA,QUITO,CUMBAYA,RURAL,2017-02-12,18:10:00,18,DOMINGO,7,FEBRERO,2,NO,REALIZAR CAMBIO BRUSCO O INDEBIDO DE CARRIL.,PERDIDA DE PISTA,MOTOCICLETA,0,0,0,0,0,0,0,0,1,0,0,0,0,1,41,HOMBRE,ILESO,CONDUCTOR PRESENTE,NO,NO,3
1104,3403,3404,2017,0,0,-0.099083,-78.421844,PICHINCHA,QUITO,CALDERON (CARAPUNGO),RURAL,2017-02-12,19:17:00,19,DOMINGO,7,FEBRERO,2,NO,CONDUCIR VEHICULO SUPERANDO LOS LIMITES MAXIMOS DE VELOCIDAD.,ESTRELLAMIENTOS,AUTOMOVIL,1,0,0,0,0,0,0,0,0,0,0,0,0,1,-1,NO IDENTIFICADO,NO IDENTIFICADO,CONDUCTOR AUSENTE,NO,NO,2
1105,3407,3408,2017,1,0,-0.091834,-78.441851,PICHINCHA,QUITO,CALDERON (CARAPUNGO),RURAL,2017-02-12,19:50:00,19,DOMINGO,7,FEBRERO,2,NO,NO CEDER EL DERECHO DE VIA O PREFERENCIA DE PASO AL PEATON.,ATROPELLOS,NO IDENTIFICADO,0,0,0,0,0,0,0,0,0,1,0,0,0,1,23,HOMBRE,LESIONADO,PEATON,NO,NO,3
1106,3409,3410,2017,0,0,-0.155834,-78.488525,PICHINCHA,QUITO,QUITO,URBANA,2017-02-12,20:15:00,20,DOMINGO,7,FEBRERO,2,NO,CONDUCIR VEHICULO SUPERANDO LOS LIMITES MAXIMOS DE VELOCIDAD.,ESTRELLAMIENTOS,AUTOMOVIL,1,0,0,0,0,0,0,0,0,0,0,0,0,1,-1,NO IDENTIFICADO,NO IDENTIFICADO,CONDUCTOR AUSENTE,NO,NO,2
1107,3415,3416,2017,1,0,-0.100471,-78.470028,PICHINCHA,QUITO,QUITO,URBANA,2017-02-12,20:50:00,20,DOMINGO,7,FEBRERO,2,NO,CONDUCIR VEHICULO SUPERANDO LOS LIMITES MAXIMOS DE VELOCIDAD.,PERDIDA DE PISTA,MOTOCICLETA,0,0,0,0,0,0,0,0,1,0,0,0,0,1,27,HOMBRE,LESIONADO,CONDUCTOR PRESENTE,NO,NO,0
1108,3420,3421,2017,1,0,-0.247934,-78.547289,PICHINCHA,QUITO,QUITO,URBANA,2017-02-12,22:00:00,22,DOMINGO,7,FEBRERO,2,NO,CONDUCIR VEHICULO SUPERANDO LOS LIMITES MAXIMOS DE VELOCIDAD.,PERDIDA DE PISTA,MOTOCICLETA,0,0,0,0,0,0,0,0,1,0,0,0,0,1,27,HOMBRE,LESIONADO,CONDUCTOR PRESENTE,NO,NO,0
1109,3421,3422,2017,0,1,-0.328831,-78.560625,PICHINCHA,QUITO,QUITO,URBANA,2017-02-12,22:10:00,22,DOMINGO,7,FEBRERO,2,NO,CONDUCIR VEHICULO SUPERANDO LOS LIMITES MAXIMOS DE VELOCIDAD.,PERDIDA DE PISTA,MOTOCICLETA,0,0,0,0,0,0,0,0,1,1,0,0,0,2,27,HOMBRE,FALLECIDO,CONDUCTOR PRESENTE,NO,NO,0
1110,3424,3425,2017,1,0,-0.133554,-78.501956,PICHINCHA,QUITO,QUITO,URBANA,2017-02-12,22:45:00,22,DOMINGO,7,FEBRERO,2,NO,CONDUCIR VEHICULO SUPERANDO LOS LIMITES MAXIMOS DE VELOCIDAD.,ESTRELLAMIENTOS,AUTOMOVIL,1,0,0,0,0,0,0,0,0,0,0,0,0,1,27,HOMBRE,LESIONADO,PASAJERO,NO,NO,0
1111,3426,3427,2017,1,0,-0.210049,-78.424701,PICHINCHA,QUITO,CUMBAYA,RURAL,2017-02-12,23:33:00,23,DOMINGO,7,FEBRERO,2,NO,CONDUCIR VEHICULO SUPERANDO LOS LIMITES MAXIMOS DE VELOCIDAD.,PERDIDA DE PISTA,CAMIONETA,0,0,0,0,1,0,0,0,0,0,0,0,0,1,33,HOMBRE,LESIONADO,CONDUCTOR PRESENTE,NO,NO,3