,Unnamed: 0,ID,ANIO,LESIONADOS,FALLECIDOS,LATITUD_Y,LONGITUD_X,PROVINCIA,CANTON,PARROQUIA,ZONA,FECHA,HORA,PERIODO_2,DIA_1,DIA_2,MES_1,MES_2,FERIADO,CAUSA_PROBABLE,TIPO_DE_SINIESTRO,TIPO_DE_VEHICULO_1,AUTOMOVIL,BICICLETA,BUS,CAMION,CAMIONETA,EMERGENCIAS,ESPECIAL,FURGONETA,MOTOCICLETA,NO_IDENTIFICADO,SCOOTER_ELECTRICO,TRICIMOTO,VEHICULO_DEPORTIVO_UTILITARIO,SUMA_DE_VEHICULOS,EDAD_1,SEXO_1,CONDICION_1,PARTICIPANTE_1,CASCO_1,CINTURON_1,KMeans_Cluster
1112,3429,3430,2017,0,0,-0.095874,-78.469327,PICHINCHA,QUITO,QUITO,URBANA,2017-02-13,06:20:00,6,LUNES,1,FEBRERO,2,NO,REALIZAR CAMBIO BRUSCO O INDEBIDO DE CARRIL.,COLISION,AUTOMOVIL,1,0,0,0,0,0,0,0,0,2,0,0,0,3,49,HOMBRE,ILESO,CONDUCTOR PRESENTE,NO,NO,0
1113,3430,3431,2017,0,0,-0.091585,-78.439052,PICHINCHA,QUITO,CALDERON (CARAPUNGO),RURAL,2017-02-13,06:37:00,6,LUNES,1,FEBRERO,2,NO,CONDUCIR VEHICULO SUPERANDO LOS LIMITES MAXIMOS DE VELOCIDAD.,VOLCAMIENTOS,VEHICULO DEPORTIVO UTILITARIO,0,0,0,0,0,0,0,0,0,0,0,0,1,1,37,HOMBRE,ILESO,CONDUCTOR PRESENTE,NO,NO,3
1114,3431,3432,2017,0,0,-0.249141,-78.536518,PICHINCHA,QUITO,QUITO,URBANA,2017-02-13,06:42:00,6,LUNES,1,FEBRERO,2,NO,NO MANTENER LA DISTANCIA PRUDENCIAL CON RESPECTO AL VEHICULO QUE LE ANTECEDE.,CHOQUE POSTERIOR,AUTOMOVIL,2,0,0,0,0,0,0,0,0,0,0,0,0,2,38,MUJER,ILESO,CONDUCTOR PRESENTE,NO,NO,0
1115,3433,3434,2017,1,0,-0.232484,-78.493231,PICHINCHA,QUITO,QUITO,RURAL,2017-02-13,07:15:00,7,LUNES,1,FEBRERO,2,NO,CONDUCIR VEHICULO SUPERANDO LOS LIMITES MAXIMOS DE VELOCIDAD.,ESTRELLAMIENTOS,AUTOMOVIL,1,0,0,0,0,0,0,0,0,0,0,0,0,1,21,MUJER,LESIONADO,CONDUCTOR PRESENTE,NO,NO,3
1116,3437,3438,2017,0,0,-0.149632,-78.476502,PICHINCHA,QUITO,QUITO,URBANA,2017-02-13,07:45:00,7,LUNES,1,FEBRERO,2,NO,REALIZAR CAMBIO BRUSCO O INDEBIDO DE CARRIL.,COLISION,AUTOMOVIL,3,0,0,0,0,0,0,0,0,0,0,0,0,3,76,HOMBRE,ILESO,CONDUCTOR PRESENTE,NO,NO,0
1117,3439,3440,2017,0,0,-0.196669,-78.466599,PICHINCHA,QUITO,QUITO,RURAL,2017-02-13,08:15:00,8,LUNES,1,FEBRERO,2,NO,CONDUCIR VEHICULO SUPERANDO LOS LIMITES MAXIMOS DE VELOCIDAD.,ESTRELLAMIENTOS,VEHICULO DEPORTIVO UTILITARIO,0,0,0,0,0,0,0,0,0,0,0,0,1,1,39,MUJER,ILESO,CONDUCTOR PRESENTE,NO,NO,3
1118,3442,3443,2017,1,0,-0.198918,-78.496433,PICHINCHA,QUITO,QUITO,URBANA,2017-02-13,08:33:00,8,LUNES,1,FEBRERO,2,NO,REALIZAR CAMBIO BRUSCO O INDEBIDO DE CARRIL.,COLISION,AUTOMOVIL,2,0,0,0,0,0,0,0,0,1,0,0,0,3,27,MUJER,LESIONADO,PASAJERO,NO,NO,0
1119,3444,3445,2017,0,0,-0.205696,-78.496932,PICHINCHA,QUITO,QUITO,URBANA,2017-02-13,08:40:00,8,LUNES,1,FEBRERO,2,NO,NO CEDER EL DERECHO DE VIA O PREFERENCIA DE PASO AL PEATON.,ATROPELLOS,NO IDENTIFICADO,0,0,0,0,0,0,0,0,0,1,0,0,0,1,27,HOMBRE,ILESO,PEATON,NO,NO,0
1120,3445,3446,2017,1,0,-0.180591,-78.490769,PICHINCHA,QUITO,QUITO,URBANA,2017-02-13,08:40:00,8,LUNES,1,FEBRERO,2,NO,REALIZAR CAMBIO BRUSCO O INDEBIDO DE CARRIL.,PERDIDA DE PISTA,MOTOCICLETA,0,0,0,0,0,0,0,0,1,0,0,0,0,1,32,HOMBRE,LESIONADO,CONDUCTOR PRESENTE,NO,NO,0
1121,3447,3448,2017,1,0,-0.232484,-78.493231,PICHINCHA,QUITO,QUITO,RURAL,2017-02-13,08:50:00,8,LUNES,1,FEBRERO,2,NO,CONDUCIR VEHICULO SUPERANDO LOS LIMITES MAXIMOS DE VELOCIDAD.,ESTRELLAMIENTOS,AUTOMOVIL,1,0,0,0,0,0,0,0,0,0,0,0,0,1,31,HOMBRE,LESIONADO,CONDUCTOR PRESENTE,NO,NO,3
1122,3448,3449,2017,0,0,-0.259674,-78.543906,PICHINCHA,QUITO,QUITO,RURAL,2017-02-13,09:00:00,9,LUNES,1,FEBRERO,2,NO,"CONDUCIR DESATENTO A LAS CONDICIONES DE TRANSITO (CELULAR, PANTALLAS DE VIDEO, COMIDA, MAQUILLAJE O CUALQUIER OTRO ELEMENTO DISTRACTOR).",OTROS,CAMION,0,0,0,1,0,0,0,0,0,0,0,0,0,1,-1,HOMBRE,ILESO,CONDUCTOR PRESENTE,NO,NO,3
1123,3450,3451,2017,1,0,-0.258256,-78.529414,PICHINCHA,QUITO,QUITO,URBANA,2017-02-13,09:40:00,9,LUNES,1,FEBRERO,2,NO,NO CEDER EL DERECHO DE VIA O PREFERENCIA DE PASO AL PEATON.,ATROPELLOS,CAMION,0,0,0,1,0,0,0,0,0,0,0,0,0,1,20,HOMBRE,LESIONADO,PEATON,NO,NO,0
1124,3452,3453,2017,0,0,-0.334014,-78.903372,PICHINCHA,MEJIA,MANUEL CORNEJO ASTORGA,RURAL,2017-02-13,10:40:00,10,LUNES,1,FEBRERO,2,NO,"CONDUCIR DESATENTO A LAS CONDICIONES DE TRANSITO (CELULAR, PANTALLAS DE VIDEO, COMIDA, MAQUILLAJE O CUALQUIER OTRO ELEMENTO DISTRACTOR).",CHOQUE LATERAL,CAMIONETA,0,0,0,0,2,0,0,0,0,0,0,0,0,2,34,HOMBRE,ILESO,CONDUCTOR PRESENTE,NO,NO,3
1125,3455,3456,2017,0,0,-0.148117,-78.443514,PICHINCHA,QUITO,ZAMBIZA,URBANA,2017-02-13,11:00:00,11,LUNES,1,FEBRERO,2,NO,"ADELANTAR O REBASAR A OTRO VEHICULO EN MOVIMIENTO EN ZONAS O SITIOS PELIGROSOS TALES COMO: CURVAS, PUENTES, TUNELES, PENDIENTES, ETC.",CHOQUE POSTERIOR,AUTOMOVIL,1,0,0,0,0,0,0,0,1,0,0,0,0,2,55,HOMBRE,ILESO,CONDUCTOR PRESENTE,NO,NO,0
1126,3459,3460,2017,1,0,-0.240163,-78.530042,PICHINCHA,QUITO,QUITO,RURAL,2017-02-13,12:30:00,12,LUNES,1,FEBRERO,2,NO,NO CEDER EL DERECHO DE VIA O PREFERENCIA DE PASO AL PEATON.,ATROPELLOS,NO IDENTIFICADO,0,0,0,0,0,0,0,0,0,1,0,0,0,1,47,MUJER,LESIONADO,PEATON,NO,NO,3
1127,3463,3464,2017,0,0,-0.119451,-78.506659,PICHINCHA,QUITO,QUITO,URBANA,2017-02-13,13:18:00,13,LUNES,1,FEBRERO,2,NO,"NO RESPETAR LAS SENIALES REGLAMENTARIAS DE TRANSITO. (PARE, CEDA EL PASO, LUZ ROJA DEL SEMAFORO, ETC).",CHOQUE LATERAL,VEHICULO DEPORTIVO UTILITARIO,0,0,0,0,0,0,0,0,0,0,0,0,2,2,44,HOMBRE,ILESO,CONDUCTOR PRESENTE,NO,NO,0
1128,3466,3467,2017,1,0,-0.091585,-78.439052,PICHINCHA,QUITO,CALDERON (CARAPUNGO),RURAL,2017-02-13,13:30:00,13,LUNES,1,FEBRERO,2,NO,"NO RESPETAR LAS SENIALES REGLAMENTARIAS DE TRANSITO. (PARE, CEDA EL PASO, LUZ ROJA DEL SEMAFORO, ETC).",CHOQUE LATERAL,AUTOMOVIL,2,0,0,0,0,0,0,0,0,0,0,0,0,2,34,HOMBRE,LESIONADO,CONDUCTOR PRESENTE,NO,NO,3
1129,3469,3470,2017,1,0,-0.101492,-78.468991,PICHINCHA,QUITO,QUITO,URBANA,2017-02-13,13:40:00,13,LUNES,1,FEBRERO,2,NO,NO CEDER EL DERECHO DE VIA O PREFERENCIA DE PASO AL PEATON.,ATROPELLOS,NO IDENTIFICADO,0,0,0,0,0,0,0,0,0,1,0,0,0,1,73,MUJER,LESIONADO,PEATON,NO,NO,0
1130,3474,3475,2017,1,0,-0.170676,-78.476424,PICHINCHA,QUITO,QUITO,URBANA,2017-02-13,14:30:00,14,LUNES,1,FEBRERO,2,NO,"ADELANTAR O REBASAR A OTRO VEHICULO EN MOVIMIENTO EN ZONAS O SITIOS PELIGROSOS TALES COMO: CURVAS, PUENTES, TUNELES, PENDIENTES, ETC.",ROZAMIENTOS,MOTOCICLETA,0,0,0,0,1,0,0,0,1,0,0,0,0,2,39,HOMBRE,LESIONADO,CONDUCTOR PRESENTE,NO,NO,0
1131,3477,3478,2017,1,0,-0.238868,-78.530183,PICHINCHA,QUITO,QUITO,URBANA,2017-02-13,15:15:00,15,LUNES,1,FEBRERO,2,NO,DEJAR O RECOGER PASAJEROS EN LUGARES NO PERMITIDOS.,CAIDA DE PASAJERO,BUS,0,0,1,0,0,0,0,0,0,0,0,0,0,1,36,MUJER,LESIONADO,PASAJERO,NO,NO,0
1132,3478,3479,2017,1,0,-0.203827,-78.502028,PICHINCHA,QUITO,QUITO,URBANA,2017-02-13,15:45:00,15,LUNES,1,FEBRERO,2,NO,"NO RESPETAR LAS SENIALES REGLAMENTARIAS DE TRANSITO. (PARE, CEDA EL PASO, LUZ ROJA DEL SEMAFORO, ETC).",CHOQUE LATERAL,AUTOMOVIL,2,0,0,0,0,0,0,0,0,0,0,0,0,2,35,MUJER,LESIONADO,PASAJERO,NO,NO,0
1133,3480,3481,2017,1,0,-0.271991,-78.529167,PICHINCHA,QUITO,QUITO,URBANA,2017-02-13,16:10:00,16,LUNES,1,FEBRERO,2,NO,NO TRANSITAR POR LAS ACERAS O ZONAS DE SEGURIDAD DESTINADAS PARA EL EFECTO.,ATROPELLOS,BUS,0,0,1,0,0,0,0,0,0,0,0,0,0,1,36,MUJER,LESIONADO,PEATON,NO,NO,0
1134,3481,3482,2017,0,0,-0.190051,-78.482033,PICHINCHA,QUITO,QUITO,URBANA,2017-02-13,16:55:00,16,LUNES,1,FEBRERO,2,NO,REALIZAR CAMBIO BRUSCO O INDEBIDO DE CARRIL.,COLISION,CAMION,1,0,0,1,1,0,0,0,0,0,0,0,0,3,68,HOMBRE,ILESO,CONDUCTOR PRESENTE,NO,NO,0
1135,3484,3485,2017,0,0,-0.158902,-78.483687,PICHINCHA,QUITO,QUITO,URBANA,2017-02-13,18:00:00,18,LUNES,1,FEBRERO,2,NO,NO MANTENER LA DISTANCIA PRUDENCIAL CON RESPECTO AL VEHICULO QUE LE ANTECEDE.,CHOQUE POSTERIOR,VEHICULO DEPORTIVO UTILITARIO,1,0,0,0,0,0,0,0,0,0,0,0,1,2,45,MUJER,ILESO,CONDUCTOR PRESENTE,NO,NO,0
1136,3488,3489,2017,1,0,-0.248766,-78.520725,PICHINCHA,QUITO,QUITO,URBANA,2017-02-13,19:00:00,19,LUNES,1,FEBRERO,2,NO,NO CEDER EL DERECHO DE VIA O PREFERENCIA DE PASO AL PEATON.,ATROPELLOS,NO IDENTIFICADO,0,0,0,0,0,0,0,0,0,1,0,0,0,1,16,HOMBRE,LESIONADO,PEATON,NO,NO,0
1137,3494,3495,2017,3,0,-0.309385,-78.562665,PICHINCHA,QUITO,QUITO,URBANA,2017-02-13,20:55:00,20,LUNES,1,FEBRERO,2,NO,"ADELANTAR O REBASAR A OTRO VEHICULO EN MOVIMIENTO EN ZONAS O SITIOS PELIGROSOS TALES COMO: CURVAS, PUENTES, TUNELES, PENDIENTES, ETC.",CHOQUE FRONTAL,AUTOMOVIL,2,0,0,0,0,0,0,0,0,0,0,0,0,2,28,HOMBRE,LESIONADO,PASAJERO,NO,NO,0
1138,3495,3496,2017,0,0,-0.322345,-78.554165,PICHINCHA,QUITO,QUITO,URBANA,2017-02-13,21:00:00,21,LUNES,1,FEBRERO,2,NO,NO GUARDAR LA DISTANCIA LATERAL MINIMA DE SEGURIDAD ENTRE VEHICULOS.,ROZAMIENTOS,FURGONETA,1,0,0,0,0,0,0,1,0,0,0,0,0,2,45,HOMBRE,ILESO,CONDUCTOR PRESENTE,NO,NO,0
1139,3496,3497,2017,0,0,-0.201891,-78.483015,PICHINCHA,QUITO,QUITO,URBANA,2017-02-13,21:17:00,21,LUNES,1,FEBRERO,2,NO,NO GUARDAR LA DISTANCIA LATERAL MINIMA DE SEGURIDAD ENTRE VEHICULOS.,ROZAMIENTOS,AUTOMOVIL,2,0,0,0,0,0,0,0,0,0,0,0,0,2,38,HOMBRE,ILESO,CONDUCTOR PRESENTE,NO,NO,0
1140,3498,3499,2017,1,0,-0.191134,-78.479032,PICHINCHA,QUITO,QUITO,URBANA,2017-02-13,21:55:00,21,LUNES,1,FEBRERO,2,NO,CONDUCIR VEHICULO SUPERANDO LOS LIMITES MAXIMOS DE VELOCIDAD.,VOLCAMIENTOS,MOTOCICLETA,0,0,0,0,0,0,0,0,1,0,0,0,0,1,32,MUJER,LESIONADO,CONDUCTOR PRESENTE,NO,NO,0
1141,3508,3509,2017,0,0,-0.170857,-78.476201,PICHINCHA,QUITO,QUITO,URBANA,2017-02-14,00:45:00,0,MARTES,2,FEBRERO,2,NO,"CONDUCIR DESATENTO A LAS CONDICIONES DE TRANSITO (CELULAR, PANTALLAS DE VIDEO, COMIDA, MAQUILLAJE O CUALQUIER OTRO ELEMENTO DISTRACTOR).",ESTRELLAMIENTOS,NO IDENTIFICADO,0,0,0,0,0,0,0,0,0,1,0,0,0,1,-1,NO IDENTIFICADO,NO IDENTIFICADO,CONDUCTOR AUSENTE,NO,NO,2
1142,3514,3515,2017,0,0,-0.195372,-78.466146,PICHINCHA,QUITO,QUITO,RURAL,2017-02-14,07:00:00,7,MARTES,2,FEBRERO,2,NO,REALIZAR CAMBIO BRUSCO O INDEBIDO DE CARRIL.,CHOQUE POSTERIOR,BUS,1,0,1,0,0,0,0,0,0,0,0,0,0,2,32,HOMBRE,ILESO,CONDUCTOR PRESENTE,NO,NO,3
1143,3515,3516,2017,0,0,-0.218018,-78.510009,PICHINCHA,QUITO,QUITO,URBANA,2017-02-14,07:05:00,7,MARTES,2,FEBRERO,2,NO,REALIZAR CAMBIO BRUSCO O INDEBIDO DE CARRIL.,CHOQUE LATERAL,AUTOMOVIL,1,0,1,0,0,0,0,0,0,0,0,0,0,2,25,HOMBRE,ILESO,CONDUCTOR PRESENTE,NO,NO,0
1144,3516,3517,2017,0,0,-0.210023,-78.502939,PICHINCHA,QUITO,QUITO,URBANA,2017-02-14,07:10:00,7,MARTES,2,FEBRERO,2,NO,NO CEDER EL DERECHO DE VIA O PREFERENCIA DE PASO A VEHICULOS.,CHOQUE LATERAL,AUTOMOVIL,2,0,0,0,0,0,0,0,0,0,0,0,0,2,58,HOMBRE,ILESO,CONDUCTOR PRESENTE,NO,NO,0
1145,3517,3518,2017,0,0,-0.191852,-78.454111,PICHINCHA,QUITO,NAYON,RURAL,2017-02-14,07:59:00,7,MARTES,2,FEBRERO,2,NO,NO MANTENER LA DISTANCIA PRUDENCIAL CON RESPECTO AL VEHICULO QUE LE ANTECEDE.,CHOQUE POSTERIOR,AUTOMOVIL,1,0,0,0,1,0,0,0,0,0,0,0,0,2,34,HOMBRE,ILESO,CONDUCTOR PRESENTE,NO,NO,3
1146,3518,3519,2017,1,0,-0.192323,-78.481347,PICHINCHA,QUITO,QUITO,URBANA,2017-02-14,08:25:00,8,MARTES,2,FEBRERO,2,NO,NO MANTENER LA DISTANCIA PRUDENCIAL CON RESPECTO AL VEHICULO QUE LE ANTECEDE.,COLISION,AUTOMOVIL,2,0,0,0,0,0,0,0,0,0,0,0,2,4,23,HOMBRE,LESIONADO,CONDUCTOR PRESENTE,NO,NO,0
1147,3519,3520,2017,1,0,-0.240868,-78.531768,PICHINCHA,QUITO,QUITO,RURAL,2017-02-14,09:00:00,9,MARTES,2,FEBRERO,2,NO,DEJAR O RECOGER PASAJEROS EN LUGARES NO PERMITIDOS.,CAIDA DE PASAJERO,NO IDENTIFICADO,0,0,0,0,0,0,0,0,0,1,0,0,0,1,7,MUJER,LESIONADO,PEATON,NO,NO,3
1148,3521,3522,2017,0,0,-0.195811,-78.494976,PICHINCHA,QUITO,QUITO,URBANA,2017-02-14,09:25:00,9,MARTES,2,FEBRERO,2,NO,"NO RESPETAR LAS SENIALES REGLAMENTARIAS DE TRANSITO. (PARE, CEDA EL PASO, LUZ ROJA DEL SEMAFORO, ETC).",CHOQUE LATERAL,AUTOMOVIL,2,0,0,0,0,0,0,0,0,0,0,0,0,2,66,HOMBRE,ILESO,CONDUCTOR PRESENTE,NO,NO,0
1149,3526,3527,2017,0,0,-0.203355,-78.498191,PICHINCHA,QUITO,QUITO,URBANA,2017-02-14,10:50:00,10,MARTES,2,FEBRERO,2,NO,NO TRANSITAR POR LAS ACERAS O ZONAS DE SEGURIDAD DESTINADAS PARA EL EFECTO.,ATROPELLOS,NO IDENTIFICADO,0,0,0,0,0,0,0,0,0,1,0,0,0,1,-1,MUJER,ILESO,PEATON,NO,NO,0
1150,3528,3529,2017,1,0,-0.267266,-78.554465,PICHINCHA,QUITO,QUITO,URBANA,2017-02-14,11:10:00,11,MARTES,2,FEBRERO,2,NO,"NO RESPETAR LAS SENIALES REGLAMENTARIAS DE TRANSITO. (PARE, CEDA EL PASO, LUZ ROJA DEL SEMAFORO, ETC).",VOLCAMIENTOS,MOTOCICLETA,1,0,0,0,0,0,0,0,1,0,0,0,0,2,39,HOMBRE,LESIONADO,CONDUCTOR PRESENTE,NO,NO,0
1151,3529,3530,2017,0,0,-0.117009,-78.497277,PICHINCHA,QUITO,QUITO,URBANA,2017-02-14,11:25:00,11,MARTES,2,FEBRERO,2,NO,"NO RESPETAR LAS SENIALES REGLAMENTARIAS DE TRANSITO. (PARE, CEDA EL PASO, LUZ ROJA DEL SEMAFORO, ETC).",VOLCAMIENTOS,VEHICULO DEPORTIVO UTILITARIO,0,0,0,0,0,0,0,0,0,1,0,0,1,2,26,HOMBRE,ILESO,CONDUCTOR PRESENTE,NO,NO,0
1152,3531,3532,2017,2,0,-0.159789,-78.446568,PICHINCHA,QUITO,NAYON,RURAL,2017-02-14,11:40:00,11,MARTES,2,FEBRERO,2,NO,CONDUCIR VEHICULO SUPERANDO LOS LIMITES MAXIMOS DE VELOCIDAD.,ESTRELLAMIENTOS,BUS,0,0,1,0,0,0,0,0,0,0,0,0,0,1,36,HOMBRE,LESIONADO,CONDUCTOR PRESENTE,NO,NO,3
1153,3532,3533,2017,0,1,-0.330344,-78.384627,PICHINCHA,QUITO,PINTAG,URBANA,2017-02-14,11:53:00,11,MARTES,2,FEBRERO,2,NO,CONDUCIR VEHICULO SUPERANDO LOS LIMITES MAXIMOS DE VELOCIDAD.,ESTRELLAMIENTOS,CAMIONETA,0,0,0,0,1,0,0,0,0,0,0,0,0,1,42,MUJER,FALLECIDO,CONDUCTOR PRESENTE,NO,NO,0
1154,3542,3543,2017,0,0,-0.187808,-78.444336,PICHINCHA,QUITO,NAYON,RURAL,2017-02-14,14:37:00,14,MARTES,2,FEBRERO,2,NO,"ADELANTAR O REBASAR A OTRO VEHICULO EN MOVIMIENTO EN ZONAS O SITIOS PELIGROSOS TALES COMO: CURVAS, PUENTES, TUNELES, PENDIENTES, ETC.",ROZAMIENTOS,BUS,1,0,1,0,0,0,0,0,0,0,0,0,0,2,48,HOMBRE,ILESO,CONDUCTOR PRESENTE,NO,NO,3
1155,3544,3545,2017,1,0,-0.203424,-78.482884,PICHINCHA,QUITO,QUITO,URBANA,2017-02-14,14:57:00,14,MARTES,2,FEBRERO,2,NO,NO TRANSITAR POR LAS ACERAS O ZONAS DE SEGURIDAD DESTINADAS PARA EL EFECTO.,ATROPELLOS,AUTOMOVIL,1,0,0,0,0,0,0,0,0,0,0,0,0,1,23,HOMBRE,LESIONADO,PEATON,NO,NO,0
1156,3546,3547,2017,2,0,-0.312618,-78.565689,PICHINCHA,QUITO,QUITO,URBANA,2017-02-14,15:00:00,15,MARTES,2,FEBRERO,2,NO,"NO RESPETAR LAS SENIALES REGLAMENTARIAS DE TRANSITO. (PARE, CEDA EL PASO, LUZ ROJA DEL SEMAFORO, ETC).",CHOQUE LATERAL,FURGONETA,0,0,0,0,0,0,0,1,1,0,0,0,0,2,35,MUJER,LESIONADO,PASAJERO,NO,NO,0
1157,3547,3548,2017,3,0,-0.156069,-78.439391,PICHINCHA,QUITO,NAYON,RURAL,2017-02-14,15:15:00,15,MARTES,2,FEBRERO,2,NO,CONDUCIR VEHICULO SUPERANDO LOS LIMITES MAXIMOS DE VELOCIDAD.,ESTRELLAMIENTOS,VEHICULO DEPORTIVO UTILITARIO,0,0,0,0,0,0,0,0,0,0,0,0,1,1,64,HOMBRE,LESIONADO,CONDUCTOR PRESENTE,NO,NO,3
1158,3551,3552,2017,1,0,-0.185692,-78.495071,PICHINCHA,QUITO,QUITO,URBANA,2017-02-14,16:10:00,16,MARTES,2,FEBRERO,2,NO,"NO RESPETAR LAS SENIALES REGLAMENTARIAS DE TRANSITO. (PARE, CEDA EL PASO, LUZ ROJA DEL SEMAFORO, ETC).",CHOQUE LATERAL,MOTOCICLETA,1,0,0,0,0,0,0,0,1,0,0,0,0,2,27,HOMBRE,LESIONADO,CONDUCTOR PRESENTE,NO,NO,0
1159,3566,3567,2017,1,0,-0.092531,-78.436732,PICHINCHA,QUITO,CALDERON (CARAPUNGO),RURAL,2017-02-14,18:50:00,18,MARTES,2,FEBRERO,2,NO,DEJAR O RECOGER PASAJEROS EN LUGARES NO PERMITIDOS.,CAIDA DE PASAJERO,NO IDENTIFICADO,0,0,0,0,0,0,0,0,0,1,0,0,0,1,-1,MUJER,LESIONADO,PASAJERO,NO,NO,3
1160,3571,3572,2017,1,0,-0.162823,-78.478596,PICHINCHA,QUITO,QUITO,URBANA,2017-02-14,19:30:00,19,MARTES,2,FEBRERO,2,NO,PEATON QUE CRUZA LA CALZADA SIN RESPETAR LA SENIALIZACION EXISTENTE (SEMAFOROS O SENIALES MANUALES).,ATROPELLOS,AUTOMOVIL,1,0,0,0,0,0,0,0,0,0,0,0,0,1,56,MUJER,LESIONADO,PEATON,NO,NO,0
1161,3572,3573,2017,0,0,-0.280374,-78.517577,PICHINCHA,QUITO,QUITO,URBANA,2017-02-14,20:00:00,20,MARTES,2,FEBRERO,2,NO,NO GUARDAR LA DISTANCIA LATERAL MINIMA DE SEGURIDAD ENTRE VEHICULOS.,ROZAMIENTOS,VEHICULO DEPORTIVO UTILITARIO,0,0,0,0,0,0,0,0,0,1,0,0,1,2,31,MUJER,ILESO,CONDUCTOR PRESENTE,NO,NO,0
1162,3575,3576,2017,0,0,-0.108124,-78.452871,PICHINCHA,QUITO,CALDERON (CARAPUNGO),RURAL,2017-02-14,20:30:00,20,MARTES,2,FEBRERO,2,NO,"CONDUCE BAJO LA INFLUENCIA DE ALCOHOL, SUSTANCIAS ESTUPEFACIENTES O PSICOTROPICAS Y/O MEDICAMENTOS.",CHOQUE POSTERIOR,AUTOMOVIL,2,0,0,0,0,0,0,0,0,0,0,0,0,2,33,HOMBRE,ILESO,CONDUCTOR PRESENTE,NO,NO,3
1163,3576,3577,2017,0,0,-0.210839,-78.513504,PICHINCHA,QUITO,QUITO,URBANA,2017-02-14,20:35:00,20,MARTES,2,FEBRERO,2,NO,NO CEDER EL DERECHO DE VIA O PREFERENCIA DE PASO AL PEATON.,ATROPELLOS,NO IDENTIFICADO,0,0,0,0,0,0,0,0,0,1,0,0,0,1,17,HOMBRE,ILESO,PEATON,NO,NO,0
1164,3580,3581,2017,2,0,-0.086751,-78.500306,PICHINCHA,QUITO,QUITO,URBANA,2017-02-14,21:30:00,21,MARTES,2,FEBRERO,2,NO,DEJAR O RECOGER PASAJEROS EN LUGARES NO PERMITIDOS.,CAIDA DE PASAJERO,NO IDENTIFICADO,0,0,0,0,0,0,0,0,0,1,0,0,0,1,27,HOMBRE,LESIONADO,PASAJERO,NO,NO,0
1165,3583,3584,2017,1,0,-0.117705,-78.467804,PICHINCHA,QUITO,QUITO,URBANA,2017-02-14,22:15:00,22,MARTES,2,FEBRERO,2,NO,CONDUCIR VEHICULO SUPERANDO LOS LIMITES MAXIMOS DE VELOCIDAD.,ESTRELLAMIENTOS,NO IDENTIFICADO,0,0,0,0,0,0,0,0,0,1,0,0,0,1,17,HOMBRE,LESIONADO,PASAJERO,NO,NO,0
1166,3586,3587,2017,3,0,-0.214415,-78.377691,PICHINCHA,QUITO,TUMBACO,RURAL,2017-02-14,22:40:00,22,MARTES,2,FEBRERO,2,NO,CONDUCIR VEHICULO SUPERANDO LOS LIMITES MAXIMOS DE VELOCIDAD.,CHOQUE POSTERIOR,AUTOMOVIL,1,0,0,0,0,0,0,0,0,0,0,0,1,2,17,HOMBRE,LESIONADO,PASAJERO,NO,NO,3
1167,3589,3590,2017,0,0,-0.135793,-78.493772,PICHINCHA,QUITO,QUITO,URBANA,2017-02-14,23:05:00,23,MARTES,2,FEBRERO,2,NO,CONDUCIR VEHICULO SUPERANDO LOS LIMITES MAXIMOS DE VELOCIDAD.,ESTRELLAMIENTOS,MOTOCICLETA,0,0,0,0,0,0,0,0,1,1,0,0,0,2,21,HOMBRE,ILESO,CONDUCTOR PRESENTE,NO,NO,0
1168,3590,3591,2017,0,0,-0.202114,-78.486481,PICHINCHA,QUITO,QUITO,URBANA,2017-02-14,23:10:00,23,MARTES,2,FEBRERO,2,NO,"CONDUCIR DESATENTO A LAS CONDICIONES DE TRANSITO (CELULAR, PANTALLAS DE VIDEO, COMIDA, MAQUILLAJE O CUALQUIER OTRO ELEMENTO DISTRACTOR).",ESTRELLAMIENTOS,CAMIONETA,0,0,0,0,1,0,0,0,0,0,0,0,0,1,-1,NO IDENTIFICADO,NO IDENTIFICADO,CONDUCTOR AUSENTE,NO,NO,2
1169,3591,3592,2017,0,0,-0.189085,-78.511758,PICHINCHA,QUITO,QUITO,URBANA,2017-02-14,23:15:00,23,MARTES,2,FEBRERO,2,NO,CONDUCIR VEHICULO SUPERANDO LOS LIMITES MAXIMOS DE VELOCIDAD.,ESTRELLAMIENTOS,AUTOMOVIL,1,0,0,0,0,0,0,0,0,0,0,0,0,1,-1,NO IDENTIFICADO,NO IDENTIFICADO,CONDUCTOR AUSENTE,NO,NO,2
1170,3593,3594,2017,0,0,-0.159115,-78.502604,PICHINCHA,QUITO,QUITO,URBANA,2017-02-15,00:25:00,0,MIERCOLES,3,FEBRERO,2,NO,"CONDUCIR EN ESTADO DE SOMNOLENCIA O MALAS CONDICIONES FISICAS (SUENIO, CANSANCIO Y FATIGA).",ESTRELLAMIENTOS,AUTOMOVIL,1,0,0,0,0,0,0,0,0,1,0,0,0,2,-1,NO IDENTIFICADO,NO IDENTIFICADO,CONDUCTOR AUSENTE,NO,NO,2
1171,3600,3601,2017,0,0,-0.188013,-78.476858,PICHINCHA,QUITO,QUITO,URBANA,2017-02-15,01:20:00,1,MIERCOLES,3,FEBRERO,2,NO,"CONDUCIR EN ESTADO DE SOMNOLENCIA O MALAS CONDICIONES FISICAS (SUENIO, CANSANCIO Y FATIGA).",ESTRELLAMIENTOS,VEHICULO DEPORTIVO UTILITARIO,0,0,0,0,0,0,0,0,0,0,0,0,1,1,-1,NO IDENTIFICADO,NO IDENTIFICADO,CONDUCTOR AUSENTE,NO,NO,2