,Unnamed: 0,ID,ANIO,LESIONADOS,FALLECIDOS,LATITUD_Y,LONGITUD_X,PROVINCIA,CANTON,PARROQUIA,ZONA,FECHA,HORA,PERIODO_2,DIA_1,DIA_2,MES_1,MES_2,FERIADO,CAUSA_PROBABLE,TIPO_DE_SINIESTRO,TIPO_DE_VEHICULO_1,AUTOMOVIL,BICICLETA,BUS,CAMION,CAMIONETA,EMERGENCIAS,ESPECIAL,FURGONETA,MOTOCICLETA,NO_IDENTIFICADO,SCOOTER_ELECTRICO,TRICIMOTO,VEHICULO_DEPORTIVO_UTILITARIO,SUMA_DE_VEHICULOS,EDAD_1,SEXO_1,CONDICION_1,PARTICIPANTE_1,CASCO_1,CINTURON_1,KMeans_Cluster
1230,3777,3778,2017,0,0,-0.292724,-78.476486,PICHINCHA,QUITO,CONOCOTO,RURAL,2017-02-17,05:40:00,5,VIERNES,5,FEBRERO,2,NO,"CONDUCE BAJO LA INFLUENCIA DE ALCOHOL, SUSTANCIAS ESTUPEFACIENTES O PSICOTROPICAS Y/O MEDICAMENTOS.",CHOQUE LATERAL,VEHICULO DEPORTIVO UTILITARIO,1,0,0,0,0,0,0,0,0,0,0,0,1,2,39,HOMBRE,ILESO,CONDUCTOR PRESENTE,NO,NO,3
1231,3779,3780,2017,0,0,-0.174685,-78.501116,PICHINCHA,QUITO,QUITO,URBANA,2017-02-17,06:00:00,6,VIERNES,5,FEBRERO,2,NO,"CONDUCIR DESATENTO A LAS CONDICIONES DE TRANSITO (CELULAR, PANTALLAS DE VIDEO, COMIDA, MAQUILLAJE O CUALQUIER OTRO ELEMENTO DISTRACTOR).",ESTRELLAMIENTOS,AUTOMOVIL,1,0,0,0,0,0,0,0,0,0,0,0,0,1,-1,NO IDENTIFICADO,NO IDENTIFICADO,CONDUCTOR AUSENTE,NO,NO,2
1232,3780,3781,2017,1,0,-0.217884,-78.513075,PICHINCHA,QUITO,QUITO,URBANA,2017-02-17,06:08:00,6,VIERNES,5,FEBRERO,2,NO,NO CEDER EL DERECHO DE VIA O PREFERENCIA DE PASO AL PEATON.,ATROPELLOS,CAMIONETA,0,0,0,0,1,0,0,0,0,0,0,0,0,1,30,MUJER,LESIONADO,PEATON,NO,NO,0
1233,3781,3782,2017,0,0,-0.251336,-78.521405,PICHINCHA,QUITO,QUITO,URBANA,2017-02-17,06:30:00,6,VIERNES,5,FEBRERO,2,NO,REALIZAR CAMBIO BRUSCO O INDEBIDO DE CARRIL.,CHOQUE LATERAL,AUTOMOVIL,2,0,0,0,0,0,0,0,0,0,0,0,0,2,45,HOMBRE,ILESO,CONDUCTOR PRESENTE,NO,NO,0
1234,3785,3786,2017,0,0,-0.198821,-78.499061,PICHINCHA,QUITO,QUITO,URBANA,2017-02-17,07:45:00,7,VIERNES,5,FEBRERO,2,NO,REALIZAR CAMBIO BRUSCO O INDEBIDO DE CARRIL.,PERDIDA DE PISTA,MOTOCICLETA,0,0,0,0,0,0,0,0,1,0,0,0,0,1,27,HOMBRE,ILESO,CONDUCTOR PRESENTE,NO,NO,0
1235,3787,3788,2017,0,0,-0.268146,-78.265251,PICHINCHA,QUITO,PIFO,RURAL,2017-02-17,08:10:00,8,VIERNES,5,FEBRERO,2,NO,"PRESENCIA DE AGENTES EXTERNOS EN LA VIA (AGUA, ACEITE, PIEDRA, LASTRE, ESCOMBROS, MADEROS, ETC.).",PERDIDA DE PISTA,AUTOMOVIL,1,0,0,0,0,0,0,0,0,0,0,0,0,1,31,HOMBRE,ILESO,CONDUCTOR PRESENTE,NO,NO,3
1236,3788,3789,2017,0,0,-0.181981,-78.545061,PICHINCHA,QUITO,QUITO,URBANA,2017-02-17,08:44:00,8,VIERNES,5,FEBRERO,2,NO,NO CEDER EL DERECHO DE VIA O PREFERENCIA DE PASO A VEHICULOS.,CHOQUE LATERAL,AUTOMOVIL,2,0,0,0,0,0,0,0,0,0,0,0,0,2,37,HOMBRE,ILESO,CONDUCTOR PRESENTE,NO,NO,0
1237,3796,3797,2017,1,0,-0.188521,-78.448241,PICHINCHA,QUITO,NAYON,RURAL,2017-02-17,11:17:00,11,VIERNES,5,FEBRERO,2,NO,NO TRANSITAR POR LAS ACERAS O ZONAS DE SEGURIDAD DESTINADAS PARA EL EFECTO.,ATROPELLOS,AUTOMOVIL,1,0,0,0,0,0,0,0,0,0,0,0,0,1,3,MUJER,LESIONADO,PEATON,NO,NO,3
1238,3800,3801,2017,0,0,-0.168053,-78.472085,PICHINCHA,QUITO,QUITO,URBANA,2017-02-17,12:00:00,12,VIERNES,5,FEBRERO,2,NO,"NO RESPETAR LAS SENIALES REGLAMENTARIAS DE TRANSITO. (PARE, CEDA EL PASO, LUZ ROJA DEL SEMAFORO, ETC).",CHOQUE LATERAL,AUTOMOVIL,1,0,0,0,0,0,0,0,0,1,0,0,0,2,57,MUJER,ILESO,CONDUCTOR PRESENTE,NO,NO,0
1239,3807,3808,2017,1,0,-0.260991,-78.538634,PICHINCHA,QUITO,QUITO,URBANA,2017-02-17,13:45:00,13,VIERNES,5,FEBRERO,2,NO,"ADELANTAR O REBASAR A OTRO VEHICULO EN MOVIMIENTO EN ZONAS O SITIOS PELIGROSOS TALES COMO: CURVAS, PUENTES, TUNELES, PENDIENTES, ETC.",CHOQUE FRONTAL,AUTOMOVIL,1,0,0,0,0,0,0,0,0,1,0,0,0,2,24,MUJER,LESIONADO,PASAJERO,NO,NO,0
1240,3808,3809,2017,0,0,-0.185596,-78.494125,PICHINCHA,QUITO,QUITO,URBANA,2017-02-17,13:45:00,13,VIERNES,5,FEBRERO,2,NO,"CONDUCIR DESATENTO A LAS CONDICIONES DE TRANSITO (CELULAR, PANTALLAS DE VIDEO, COMIDA, MAQUILLAJE O CUALQUIER OTRO ELEMENTO DISTRACTOR).",OTROS,CAMIONETA,1,0,0,0,1,0,0,0,0,0,0,0,0,2,38,HOMBRE,ILESO,CONDUCTOR PRESENTE,NO,NO,0
1241,3817,3818,2017,0,0,-0.212891,-78.488362,PICHINCHA,QUITO,QUITO,URBANA,2017-02-17,15:50:00,15,VIERNES,5,FEBRERO,2,NO,NO MANTENER LA DISTANCIA PRUDENCIAL CON RESPECTO AL VEHICULO QUE LE ANTECEDE.,COLISION,AUTOMOVIL,1,0,1,0,0,0,0,0,1,0,0,0,0,3,33,HOMBRE,ILESO,CONDUCTOR PRESENTE,NO,NO,0
1242,3820,3821,2017,0,0,-0.153684,-78.467693,PICHINCHA,QUITO,QUITO,URBANA,2017-02-17,16:30:00,16,VIERNES,5,FEBRERO,2,NO,PESO Y VOLUMEN - NO CUMPLIR CON LAS NORMAS DE SEGURIDAD NECESARIAS AL TRANSPORTAR CARGAS.,ESTRELLAMIENTOS,CAMION,0,0,0,1,0,0,0,0,0,0,0,0,0,1,42,HOMBRE,ILESO,CONDUCTOR PRESENTE,NO,NO,0
1243,3827,3828,2017,0,0,-0.157399,-78.477096,PICHINCHA,QUITO,QUITO,URBANA,2017-02-17,18:45:00,18,VIERNES,5,FEBRERO,2,NO,"NO RESPETAR LAS SENIALES REGLAMENTARIAS DE TRANSITO. (PARE, CEDA EL PASO, LUZ ROJA DEL SEMAFORO, ETC).",CHOQUE LATERAL,MOTOCICLETA,0,0,0,0,1,0,0,0,1,0,0,0,0,2,30,HOMBRE,ILESO,CONDUCTOR PRESENTE,NO,NO,0
1244,3829,3830,2017,1,0,-0.283152,-78.554531,PICHINCHA,QUITO,QUITO,URBANA,2017-02-17,19:00:00,19,VIERNES,5,FEBRERO,2,NO,DEJAR O RECOGER PASAJEROS EN LUGARES NO PERMITIDOS.,CAIDA DE PASAJERO,BUS,0,0,1,0,0,0,0,0,0,0,0,0,0,1,14,MUJER,LESIONADO,PASAJERO,NO,NO,0
1245,3832,3833,2017,1,0,-0.237711,-78.484465,PICHINCHA,QUITO,QUITO,URBANA,2017-02-17,19:50:00,19,VIERNES,5,FEBRERO,2,NO,NO CEDER EL DERECHO DE VIA O PREFERENCIA DE PASO AL PEATON.,ATROPELLOS,NO IDENTIFICADO,0,0,0,0,0,0,0,0,0,1,0,0,0,1,26,HOMBRE,LESIONADO,PEATON,NO,NO,0
1246,3834,3835,2017,1,1,-0.256905,-78.521688,PICHINCHA,QUITO,QUITO,URBANA,2017-02-17,20:00:00,20,VIERNES,5,FEBRERO,2,NO,"NO RESPETAR LAS SENIALES REGLAMENTARIAS DE TRANSITO. (PARE, CEDA EL PASO, LUZ ROJA DEL SEMAFORO, ETC).",CHOQUE LATERAL,NO IDENTIFICADO,0,0,0,0,0,0,0,0,0,2,0,0,0,2,-1,HOMBRE,FALLECIDO,CONDUCTOR PRESENTE,NO,NO,0
1247,3841,3842,2017,1,0,-0.334961,-78.548029,PICHINCHA,QUITO,QUITO,URBANA,2017-02-17,21:30:00,21,VIERNES,5,FEBRERO,2,NO,"NO RESPETAR LAS SENIALES REGLAMENTARIAS DE TRANSITO. (PARE, CEDA EL PASO, LUZ ROJA DEL SEMAFORO, ETC).",CHOQUE LATERAL,MOTOCICLETA,0,0,0,0,0,0,0,0,1,1,0,0,0,2,25,HOMBRE,LESIONADO,CONDUCTOR PRESENTE,NO,NO,0
1248,3848,3849,2017,1,0,-0.210401,-78.462123,PICHINCHA,QUITO,QUITO,RURAL,2017-02-18,06:30:00,6,SABADO,6,FEBRERO,2,NO,DEJAR O RECOGER PASAJEROS EN LUGARES NO PERMITIDOS.,CAIDA DE PASAJERO,NO IDENTIFICADO,0,0,0,0,0,0,0,0,0,1,0,0,0,1,43,HOMBRE,LESIONADO,PASAJERO,NO,NO,3
1249,3849,3850,2017,0,0,-0.175722,-78.485501,PICHINCHA,QUITO,QUITO,URBANA,2017-02-18,06:39:00,6,SABADO,6,FEBRERO,2,NO,REALIZAR CAMBIO BRUSCO O INDEBIDO DE CARRIL.,CHOQUE POSTERIOR,MOTOCICLETA,0,0,0,0,1,0,0,0,1,0,0,0,0,2,21,HOMBRE,ILESO,CONDUCTOR PRESENTE,NO,NO,0
1250,3860,3861,2017,1,0,-0.083711,-78.423165,PICHINCHA,QUITO,CALDERON (CARAPUNGO),RURAL,2017-02-18,12:00:00,12,SABADO,6,FEBRERO,2,NO,NO CEDER EL DERECHO DE VIA O PREFERENCIA DE PASO A VEHICULOS.,CHOQUE LATERAL,CAMION,0,0,0,1,0,0,0,0,1,0,0,0,0,2,33,HOMBRE,LESIONADO,CONDUCTOR PRESENTE,NO,NO,3
1251,3863,3864,2017,1,0,-0.264361,-78.549885,PICHINCHA,QUITO,QUITO,URBANA,2017-02-18,13:20:00,13,SABADO,6,FEBRERO,2,NO,NO CEDER EL DERECHO DE VIA O PREFERENCIA DE PASO AL PEATON.,ATROPELLOS,NO IDENTIFICADO,0,0,0,0,0,0,0,0,0,1,0,0,0,1,34,HOMBRE,LESIONADO,PEATON,NO,NO,0
1252,3865,3866,2017,1,0,-0.114384,-78.494586,PICHINCHA,QUITO,QUITO,URBANA,2017-02-18,14:20:00,14,SABADO,6,FEBRERO,2,NO,"NO RESPETAR LAS SENIALES REGLAMENTARIAS DE TRANSITO. (PARE, CEDA EL PASO, LUZ ROJA DEL SEMAFORO, ETC).",CHOQUE LATERAL,MOTOCICLETA,1,0,0,0,0,0,0,0,1,0,0,0,0,2,16,MUJER,LESIONADO,PASAJERO,NO,NO,0
1253,3867,3868,2017,1,0,-0.517214,-78.600422,PICHINCHA,MEJIA,ALOASI,RURAL,2017-02-18,14:30:00,14,SABADO,6,FEBRERO,2,NO,NO TRANSITAR POR LAS ACERAS O ZONAS DE SEGURIDAD DESTINADAS PARA EL EFECTO.,ATROPELLOS,NO IDENTIFICADO,0,0,0,0,0,0,0,0,0,1,0,0,0,1,32,MUJER,LESIONADO,PEATON,NO,NO,3
1254,3870,3871,2017,0,0,-0.133865,-78.443767,PICHINCHA,QUITO,LLANO CHICO,RURAL,2017-02-18,16:02:00,16,SABADO,6,FEBRERO,2,NO,"NO RESPETAR LAS SENIALES REGLAMENTARIAS DE TRANSITO. (PARE, CEDA EL PASO, LUZ ROJA DEL SEMAFORO, ETC).",CHOQUE LATERAL,CAMIONETA,0,0,0,0,1,0,0,0,0,1,0,0,0,2,40,MUJER,ILESO,CONDUCTOR PRESENTE,NO,NO,3
1255,3874,3875,2017,0,0,-0.100819,-78.453552,PICHINCHA,QUITO,CALDERON (CARAPUNGO),RURAL,2017-02-18,16:28:00,16,SABADO,6,FEBRERO,2,NO,"CONDUCE BAJO LA INFLUENCIA DE ALCOHOL, SUSTANCIAS ESTUPEFACIENTES O PSICOTROPICAS Y/O MEDICAMENTOS.",CHOQUE POSTERIOR,AUTOMOVIL,2,0,0,0,0,0,0,0,0,0,0,0,0,2,33,HOMBRE,ILESO,CONDUCTOR PRESENTE,NO,NO,3
1256,3891,3892,2017,2,0,-0.299877,-78.542315,PICHINCHA,QUITO,QUITO,URBANA,2017-02-18,20:45:00,20,SABADO,6,FEBRERO,2,NO,CONDUCIR VEHICULO SUPERANDO LOS LIMITES MAXIMOS DE VELOCIDAD.,CHOQUE POSTERIOR,AUTOMOVIL,1,0,0,0,1,0,0,0,0,0,0,0,0,2,56,MUJER,LESIONADO,PASAJERO,NO,NO,0
1257,3897,3898,2017,0,0,-0.129185,-78.501501,PICHINCHA,QUITO,QUITO,URBANA,2017-02-18,22:20:00,22,SABADO,6,FEBRERO,2,NO,"NO RESPETAR LAS SENIALES REGLAMENTARIAS DE TRANSITO. (PARE, CEDA EL PASO, LUZ ROJA DEL SEMAFORO, ETC).",CHOQUE LATERAL,AUTOMOVIL,1,0,0,0,0,0,0,0,0,1,0,0,0,2,36,HOMBRE,ILESO,CONDUCTOR PRESENTE,NO,NO,0
1258,3898,3899,2017,1,0,-0.293217,-78.518921,PICHINCHA,QUITO,QUITO,URBANA,2017-02-18,23:20:00,23,SABADO,6,FEBRERO,2,NO,NO CEDER EL DERECHO DE VIA O PREFERENCIA DE PASO AL PEATON.,ATROPELLOS,NO IDENTIFICADO,0,0,0,0,0,0,0,0,0,1,0,0,0,1,30,HOMBRE,LESIONADO,PEATON,NO,NO,0
1259,3903,3904,2017,0,0,-0.089881,-78.517157,PICHINCHA,QUITO,QUITO,URBANA,2017-02-19,01:40:00,1,DOMINGO,7,FEBRERO,2,NO,"CONDUCIR EN ESTADO DE SOMNOLENCIA O MALAS CONDICIONES FISICAS (SUENIO, CANSANCIO Y FATIGA).",CHOQUE POSTERIOR,MOTOCICLETA,0,0,0,0,0,0,0,0,1,0,0,0,1,2,32,HOMBRE,ILESO,CONDUCTOR PRESENTE,NO,NO,0
1260,3906,3907,2017,0,0,-0.272139,-78.463621,PICHINCHA,QUITO,CONOCOTO,RURAL,2017-02-19,03:30:00,3,DOMINGO,7,FEBRERO,2,NO,"CONDUCIR EN ESTADO DE SOMNOLENCIA O MALAS CONDICIONES FISICAS (SUENIO, CANSANCIO Y FATIGA).",ESTRELLAMIENTOS,NO IDENTIFICADO,0,0,0,0,0,0,0,0,0,1,0,0,0,1,-1,NO IDENTIFICADO,NO IDENTIFICADO,CONDUCTOR AUSENTE,NO,NO,2
1261,3912,3913,2017,1,0,-0.159835,-78.487856,PICHINCHA,QUITO,QUITO,URBANA,2017-02-19,07:15:00,7,DOMINGO,7,FEBRERO,2,NO,PEATON QUE CRUZA LA CALZADA SIN RESPETAR LA SENIALIZACION EXISTENTE (SEMAFOROS O SENIALES MANUALES).,ATROPELLOS,AUTOMOVIL,1,0,0,0,0,0,0,0,0,0,0,0,0,1,88,HOMBRE,LESIONADO,PEATON,NO,NO,0
1262,3914,3915,2017,1,0,-0.471353,-78.566303,PICHINCHA,MEJIA,MACHACHI,RURAL,2017-02-19,08:15:00,8,DOMINGO,7,FEBRERO,2,NO,NO CEDER EL DERECHO DE VIA O PREFERENCIA DE PASO A VEHICULOS.,CHOQUE LATERAL,MOTOCICLETA,0,0,0,1,0,0,0,0,1,0,0,0,0,2,35,MUJER,LESIONADO,PASAJERO,NO,NO,3
1263,3915,3916,2017,0,1,-0.108978,-78.483575,PICHINCHA,QUITO,QUITO,URBANA,2017-02-19,08:55:00,8,DOMINGO,7,FEBRERO,2,NO,"FALLA MECANICA EN LOS SISTEMAS Y/O NEUMATICOS (SISTEMA DE FRENOS, DIRECCION, ELECTRONICO O MECANICO).",ESTRELLAMIENTOS,BICICLETA,0,1,0,0,0,0,0,0,0,0,0,0,0,1,21,HOMBRE,FALLECIDO,CONDUCTOR PRESENTE,NO,NO,0
1264,3916,3917,2017,1,0,-0.210749,-78.517081,PICHINCHA,QUITO,QUITO,URBANA,2017-02-19,09:05:00,9,DOMINGO,7,FEBRERO,2,NO,"ADELANTAR O REBASAR A OTRO VEHICULO EN MOVIMIENTO EN ZONAS O SITIOS PELIGROSOS TALES COMO: CURVAS, PUENTES, TUNELES, PENDIENTES, ETC.",PERDIDA DE PISTA,MOTOCICLETA,0,0,0,0,0,0,0,0,1,0,0,0,0,1,27,MUJER,LESIONADO,PASAJERO,NO,NO,0
1265,3919,3920,2017,1,0,-0.123717,-78.467271,PICHINCHA,QUITO,QUITO,URBANA,2017-02-19,09:40:00,9,DOMINGO,7,FEBRERO,2,NO,DEJAR O RECOGER PASAJEROS EN LUGARES NO PERMITIDOS.,CAIDA DE PASAJERO,BUS,0,0,1,0,0,0,0,0,0,0,0,0,0,1,44,MUJER,LESIONADO,PASAJERO,NO,NO,0
1266,3929,3930,2017,2,0,-0.245767,-78.519506,PICHINCHA,QUITO,QUITO,URBANA,2017-02-19,11:50:00,11,DOMINGO,7,FEBRERO,2,NO,DEJAR O RECOGER PASAJEROS EN LUGARES NO PERMITIDOS.,CAIDA DE PASAJERO,BUS,0,0,1,0,0,0,0,0,0,0,0,0,0,1,30,HOMBRE,LESIONADO,PASAJERO,NO,NO,0
1267,3936,3937,2017,0,0,-0.179264,-78.493151,PICHINCHA,QUITO,QUITO,URBANA,2017-02-19,12:50:00,12,DOMINGO,7,FEBRERO,2,NO,"ADELANTAR O REBASAR A OTRO VEHICULO EN MOVIMIENTO EN ZONAS O SITIOS PELIGROSOS TALES COMO: CURVAS, PUENTES, TUNELES, PENDIENTES, ETC.",ROZAMIENTOS,AUTOMOVIL,1,0,0,0,0,0,0,0,0,0,0,0,1,2,23,MUJER,ILESO,CONDUCTOR PRESENTE,NO,NO,0
1268,3937,3938,2017,0,0,-0.247147,-78.526321,PICHINCHA,QUITO,QUITO,URBANA,2017-02-19,13:20:00,13,DOMINGO,7,FEBRERO,2,NO,"MAL ESTACIONADO - EL CONDUCTOR QUE DETENGA O ESTACIONE VEHICULOS EN SITIOS O ZONAS QUE ENTRANIEN PELIGRO, TALES COMO ZONA DE SEGURIDAD, CURVAS, PUENTES, TUNELES, PENDIENTES.",ESTRELLAMIENTOS,CAMIONETA,0,0,0,0,1,0,0,0,0,0,0,0,1,2,40,HOMBRE,ILESO,CONDUCTOR PRESENTE,NO,NO,0
1269,3944,3945,2017,0,0,-0.162823,-78.478596,PICHINCHA,QUITO,QUITO,URBANA,2017-02-19,13:45:00,13,DOMINGO,7,FEBRERO,2,NO,REALIZAR CAMBIO BRUSCO O INDEBIDO DE CARRIL.,CHOQUE LATERAL,AUTOMOVIL,2,0,0,0,0,0,0,0,0,0,0,0,0,2,38,HOMBRE,ILESO,CONDUCTOR PRESENTE,NO,NO,0
1270,3945,3946,2017,8,0,-0.154326,-78.476958,PICHINCHA,QUITO,QUITO,URBANA,2017-02-19,13:53:00,13,DOMINGO,7,FEBRERO,2,NO,DEJAR O RECOGER PASAJEROS EN LUGARES NO PERMITIDOS.,CHOQUE POSTERIOR,BUS,0,0,2,0,0,0,0,0,0,0,0,0,0,2,39,HOMBRE,LESIONADO,CONDUCTOR PRESENTE,NO,NO,0
1271,3946,3947,2017,0,0,-0.249362,-78.530695,PICHINCHA,QUITO,QUITO,URBANA,2017-02-19,13:55:00,13,DOMINGO,7,FEBRERO,2,NO,"ADELANTAR O REBASAR A OTRO VEHICULO EN MOVIMIENTO EN ZONAS O SITIOS PELIGROSOS TALES COMO: CURVAS, PUENTES, TUNELES, PENDIENTES, ETC.",CHOQUE POSTERIOR,MOTOCICLETA,1,0,0,0,0,0,0,0,1,0,0,0,0,2,23,HOMBRE,ILESO,CONDUCTOR PRESENTE,NO,NO,0
1272,3948,3949,2017,1,0,-0.243752,-78.518122,PICHINCHA,QUITO,QUITO,URBANA,2017-02-19,15:10:00,15,DOMINGO,7,FEBRERO,2,NO,NO CEDER EL DERECHO DE VIA O PREFERENCIA DE PASO AL PEATON.,ATROPELLOS,CAMIONETA,0,0,0,0,1,0,0,0,0,0,0,0,0,1,16,MUJER,LESIONADO,PEATON,NO,NO,0
1273,3949,3950,2017,0,0,-0.096131,-78.451587,PICHINCHA,QUITO,CALDERON (CARAPUNGO),RURAL,2017-02-19,15:15:00,15,DOMINGO,7,FEBRERO,2,NO,NO GUARDAR LA DISTANCIA LATERAL MINIMA DE SEGURIDAD ENTRE VEHICULOS.,ROZAMIENTOS,VEHICULO DEPORTIVO UTILITARIO,1,0,0,0,0,0,0,0,0,0,0,0,1,2,48,HOMBRE,ILESO,CONDUCTOR PRESENTE,NO,NO,3
1274,3954,3955,2017,1,0,-0.220305,-78.520673,PICHINCHA,QUITO,QUITO,URBANA,2017-02-19,15:35:00,15,DOMINGO,7,FEBRERO,2,NO,NO MANTENER LA DISTANCIA PRUDENCIAL CON RESPECTO AL VEHICULO QUE LE ANTECEDE.,CHOQUE POSTERIOR,CAMIONETA,1,0,0,0,1,0,0,0,0,0,0,0,0,2,-1,MUJER,LESIONADO,PASAJERO,NO,NO,0
1275,3955,3956,2017,0,0,-0.241302,-78.535257,PICHINCHA,QUITO,QUITO,URBANA,2017-02-19,15:38:00,15,DOMINGO,7,FEBRERO,2,NO,"NO RESPETAR LAS SENIALES REGLAMENTARIAS DE TRANSITO. (PARE, CEDA EL PASO, LUZ ROJA DEL SEMAFORO, ETC).",CHOQUE LATERAL,VEHICULO DEPORTIVO UTILITARIO,0,0,0,0,0,0,0,0,1,0,0,0,1,2,40,HOMBRE,ILESO,CONDUCTOR PRESENTE,NO,NO,0
1276,3956,3957,2017,6,1,-0.335612,-78.355149,PICHINCHA,QUITO,PINTAG,RURAL,2017-02-19,15:40:00,15,DOMINGO,7,FEBRERO,2,NO,CONDUCIR VEHICULO SUPERANDO LOS LIMITES MAXIMOS DE VELOCIDAD.,VOLCAMIENTOS,CAMIONETA,0,0,0,0,1,0,0,0,0,0,0,0,0,1,32,HOMBRE,FALLECIDO,PASAJERO,NO,NO,3
1277,3957,3958,2017,1,0,-0.226459,-78.512933,PICHINCHA,QUITO,QUITO,URBANA,2017-02-19,15:50:00,15,DOMINGO,7,FEBRERO,2,NO,DEJAR O RECOGER PASAJEROS EN LUGARES NO PERMITIDOS.,CAIDA DE PASAJERO,BUS,0,0,1,0,0,0,0,0,0,0,0,0,0,1,16,HOMBRE,LESIONADO,PASAJERO,NO,NO,0
1278,3963,3964,2017,0,0,-0.122237,-78.495545,PICHINCHA,QUITO,QUITO,URBANA,2017-02-19,17:30:00,17,DOMINGO,7,FEBRERO,2,NO,"NO RESPETAR LAS SENIALES REGLAMENTARIAS DE TRANSITO. (PARE, CEDA EL PASO, LUZ ROJA DEL SEMAFORO, ETC).",CHOQUE LATERAL,AUTOMOVIL,1,0,0,0,1,0,0,0,0,0,0,0,0,2,33,HOMBRE,ILESO,CONDUCTOR PRESENTE,NO,NO,0
1279,3966,3967,2017,0,0,-0.456526,-78.562783,PICHINCHA,MEJIA,ALOAG,RURAL,2017-02-19,18:50:00,18,DOMINGO,7,FEBRERO,2,NO,NO MANTENER LA DISTANCIA PRUDENCIAL CON RESPECTO AL VEHICULO QUE LE ANTECEDE.,CHOQUE POSTERIOR,VEHICULO DEPORTIVO UTILITARIO,0,0,1,0,0,0,0,0,0,0,0,0,1,2,39,MUJER,ILESO,CONDUCTOR PRESENTE,NO,NO,3
1280,3976,3977,2017,1,0,-0.286039,-78.521448,PICHINCHA,QUITO,QUITO,URBANA,2017-02-19,22:00:00,22,DOMINGO,7,FEBRERO,2,NO,NO CEDER EL DERECHO DE VIA O PREFERENCIA DE PASO AL PEATON.,ATROPELLOS,NO IDENTIFICADO,0,0,0,0,0,0,0,0,0,1,0,0,0,1,61,HOMBRE,LESIONADO,PEATON,NO,NO,0
1281,3984,3985,2017,1,0,-0.116769,-78.473429,PICHINCHA,QUITO,QUITO,URBANA,2017-02-20,04:00:00,4,LUNES,1,FEBRERO,2,NO,CONDUCIR VEHICULO SUPERANDO LOS LIMITES MAXIMOS DE VELOCIDAD.,VOLCAMIENTOS,AUTOMOVIL,1,0,0,0,0,0,0,0,0,0,0,0,0,1,21,HOMBRE,LESIONADO,PASAJERO,NO,NO,0
1282,3986,3987,2017,1,0,-0.231141,-78.503901,PICHINCHA,QUITO,QUITO,URBANA,2017-02-20,05:55:00,5,LUNES,1,FEBRERO,2,NO,"ADELANTAR O REBASAR A OTRO VEHICULO EN MOVIMIENTO EN ZONAS O SITIOS PELIGROSOS TALES COMO: CURVAS, PUENTES, TUNELES, PENDIENTES, ETC.",ROZAMIENTOS,MOTOCICLETA,0,0,1,0,0,0,0,0,1,0,0,0,0,2,42,HOMBRE,LESIONADO,CONDUCTOR PRESENTE,NO,NO,0
1283,3989,3990,2017,1,0,-0.193723,-78.482961,PICHINCHA,QUITO,QUITO,URBANA,2017-02-20,06:55:00,6,LUNES,1,FEBRERO,2,NO,"NO RESPETAR LAS SENIALES REGLAMENTARIAS DE TRANSITO. (PARE, CEDA EL PASO, LUZ ROJA DEL SEMAFORO, ETC).",CHOQUE LATERAL,AUTOMOVIL,2,0,0,0,0,0,0,0,0,0,0,0,0,2,20,MUJER,LESIONADO,PASAJERO,NO,NO,0
1284,3991,3992,2017,0,0,-0.238112,-78.521321,PICHINCHA,QUITO,QUITO,URBANA,2017-02-20,07:08:00,7,LUNES,1,FEBRERO,2,NO,"NO RESPETAR LAS SENIALES REGLAMENTARIAS DE TRANSITO. (PARE, CEDA EL PASO, LUZ ROJA DEL SEMAFORO, ETC).",CHOQUE LATERAL,AUTOMOVIL,1,0,0,0,0,0,0,0,0,1,0,0,0,2,29,MUJER,ILESO,CONDUCTOR PRESENTE,NO,NO,0
1285,3992,3993,2017,0,0,-0.185623,-78.343085,PICHINCHA,QUITO,TABABELA,RURAL,2017-02-20,07:20:00,7,LUNES,1,FEBRERO,2,NO,CONDUCIR VEHICULO SUPERANDO LOS LIMITES MAXIMOS DE VELOCIDAD.,ESTRELLAMIENTOS,AUTOMOVIL,1,0,0,0,0,0,0,0,0,0,0,0,0,1,29,MUJER,ILESO,CONDUCTOR PRESENTE,NO,NO,3
1286,3995,3996,2017,0,0,-0.458108,-78.564094,PICHINCHA,MEJIA,ALOAG,RURAL,2017-02-20,08:40:00,8,LUNES,1,FEBRERO,2,NO,"CONDUCIR DESATENTO A LAS CONDICIONES DE TRANSITO (CELULAR, PANTALLAS DE VIDEO, COMIDA, MAQUILLAJE O CUALQUIER OTRO ELEMENTO DISTRACTOR).",ATROPELLOS,AUTOMOVIL,1,0,0,0,0,0,0,0,1,0,0,0,0,2,40,HOMBRE,ILESO,CONDUCTOR PRESENTE,NO,SI,3
1287,3999,4000,2017,0,0,-0.168697,-78.474947,PICHINCHA,QUITO,QUITO,URBANA,2017-02-20,09:07:00,9,LUNES,1,FEBRERO,2,NO,NO CEDER EL DERECHO DE VIA O PREFERENCIA DE PASO A VEHICULOS.,CHOQUE LATERAL,AUTOMOVIL,1,0,0,0,0,0,0,0,0,1,0,0,0,2,58,HOMBRE,ILESO,CONDUCTOR PRESENTE,NO,NO,0
1288,4003,4004,2017,0,0,-0.200199,-78.490957,PICHINCHA,QUITO,QUITO,URBANA,2017-02-20,10:35:00,10,LUNES,1,FEBRERO,2,NO,"ADELANTAR O REBASAR A OTRO VEHICULO EN MOVIMIENTO EN ZONAS O SITIOS PELIGROSOS TALES COMO: CURVAS, PUENTES, TUNELES, PENDIENTES, ETC.",ROZAMIENTOS,VEHICULO DEPORTIVO UTILITARIO,0,0,0,0,0,0,0,0,1,0,0,0,1,2,79,HOMBRE,ILESO,CONDUCTOR PRESENTE,NO,NO,0