,Unnamed: 0,ID,ANIO,LESIONADOS,FALLECIDOS,LATITUD_Y,LONGITUD_X,PROVINCIA,CANTON,PARROQUIA,ZONA,FECHA,HORA,PERIODO_2,DIA_1,DIA_2,MES_1,MES_2,FERIADO,CAUSA_PROBABLE,TIPO_DE_SINIESTRO,TIPO_DE_VEHICULO_1,AUTOMOVIL,BICICLETA,BUS,CAMION,CAMIONETA,EMERGENCIAS,ESPECIAL,FURGONETA,MOTOCICLETA,NO_IDENTIFICADO,SCOOTER_ELECTRICO,TRICIMOTO,VEHICULO_DEPORTIVO_UTILITARIO,SUMA_DE_VEHICULOS,EDAD_1,SEXO_1,CONDICION_1,PARTICIPANTE_1,CASCO_1,CINTURON_1,KMeans_Cluster
1289,4004,4005,2017,1,0,-0.197283,-78.473398,PICHINCHA,QUITO,QUITO,RURAL,2017-02-20,10:55:00,10,LUNES,1,FEBRERO,2,NO,CONDUCIR VEHICULO SUPERANDO LOS LIMITES MAXIMOS DE VELOCIDAD.,ESTRELLAMIENTOS,AUTOMOVIL,1,0,0,0,0,0,0,0,0,0,0,0,0,1,52,HOMBRE,LESIONADO,PASAJERO,NO,NO,3
1290,4005,4006,2017,0,0,-0.186786,-78.495461,PICHINCHA,QUITO,QUITO,URBANA,2017-02-20,11:00:00,11,LUNES,1,FEBRERO,2,NO,"NO RESPETAR LAS SENIALES REGLAMENTARIAS DE TRANSITO. (PARE, CEDA EL PASO, LUZ ROJA DEL SEMAFORO, ETC).",CHOQUE LATERAL,AUTOMOVIL,1,0,0,0,0,0,0,0,0,0,0,0,1,2,40,HOMBRE,ILESO,CONDUCTOR PRESENTE,NO,NO,0
1291,4006,4007,2017,3,0,-0.241881,-78.513513,PICHINCHA,QUITO,QUITO,URBANA,2017-02-20,11:10:00,11,LUNES,1,FEBRERO,2,NO,"NO RESPETAR LAS SENIALES REGLAMENTARIAS DE TRANSITO. (PARE, CEDA EL PASO, LUZ ROJA DEL SEMAFORO, ETC).",COLISION,CAMIONETA,1,0,0,0,1,0,0,0,0,0,0,0,0,2,80,HOMBRE,LESIONADO,CONDUCTOR PRESENTE,NO,NO,0
1292,4013,4014,2017,1,0,-0.236129,-78.526758,PICHINCHA,QUITO,QUITO,URBANA,2017-02-20,13:00:00,13,LUNES,1,FEBRERO,2,NO,DEJAR O RECOGER PASAJEROS EN LUGARES NO PERMITIDOS.,CAIDA DE PASAJERO,BUS,0,0,1,0,0,0,0,0,0,0,0,0,0,1,34,HOMBRE,LESIONADO,PASAJERO,NO,NO,0
1293,4016,4017,2017,1,0,-0.148497,-78.498391,PICHINCHA,QUITO,QUITO,URBANA,2017-02-20,13:35:00,13,LUNES,1,FEBRERO,2,NO,NO CEDER EL DERECHO DE VIA O PREFERENCIA DE PASO AL PEATON.,ATROPELLOS,CAMIONETA,0,0,0,0,1,0,0,0,0,0,0,0,0,1,9,MUJER,LESIONADO,PEATON,NO,NO,0
1294,4028,4029,2017,1,0,-0.251319,-78.521366,PICHINCHA,QUITO,QUITO,URBANA,2017-02-20,16:05:00,16,LUNES,1,FEBRERO,2,NO,DEJAR O RECOGER PASAJEROS EN LUGARES NO PERMITIDOS.,CAIDA DE PASAJERO,BUS,0,0,1,0,0,0,0,0,0,0,0,0,0,1,18,MUJER,LESIONADO,PASAJERO,NO,NO,0
1295,4029,4030,2017,1,0,-0.123006,-78.493841,PICHINCHA,QUITO,QUITO,URBANA,2017-02-20,16:07:00,16,LUNES,1,FEBRERO,2,NO,"CONDUCIR DESATENTO A LAS CONDICIONES DE TRANSITO (CELULAR, PANTALLAS DE VIDEO, COMIDA, MAQUILLAJE O CUALQUIER OTRO ELEMENTO DISTRACTOR).",ESTRELLAMIENTOS,BUS,1,0,1,0,0,0,0,0,0,0,0,0,0,2,63,HOMBRE,LESIONADO,PEATON,NO,NO,0
1296,4032,4033,2017,1,0,-0.223511,-78.385358,PICHINCHA,QUITO,TUMBACO,RURAL,2017-02-20,16:30:00,16,LUNES,1,FEBRERO,2,NO,CONDUCIR VEHICULO SUPERANDO LOS LIMITES MAXIMOS DE VELOCIDAD.,ESTRELLAMIENTOS,VEHICULO DEPORTIVO UTILITARIO,0,0,0,0,0,0,0,0,0,0,0,0,1,1,35,MUJER,LESIONADO,CONDUCTOR PRESENTE,NO,NO,3
1297,4034,4035,2017,0,0,-0.191006,-78.486281,PICHINCHA,QUITO,QUITO,URBANA,2017-02-20,17:00:00,17,LUNES,1,FEBRERO,2,NO,PEATON QUE CRUZA LA CALZADA SIN RESPETAR LA SENIALIZACION EXISTENTE (SEMAFOROS O SENIALES MANUALES).,ATROPELLOS,AUTOMOVIL,1,0,0,0,0,0,0,0,0,0,0,0,0,1,25,HOMBRE,ILESO,CONDUCTOR PRESENTE,NO,NO,0
1298,4040,4041,2017,0,0,-0.203616,-78.510137,PICHINCHA,QUITO,QUITO,URBANA,2017-02-20,18:10:00,18,LUNES,1,FEBRERO,2,NO,"CONDUCIR DESATENTO A LAS CONDICIONES DE TRANSITO (CELULAR, PANTALLAS DE VIDEO, COMIDA, MAQUILLAJE O CUALQUIER OTRO ELEMENTO DISTRACTOR).",ESTRELLAMIENTOS,VEHICULO DEPORTIVO UTILITARIO,0,0,0,0,0,0,0,0,0,0,0,0,1,1,36,HOMBRE,ILESO,CONDUCTOR PRESENTE,NO,NO,0
1299,4042,4043,2017,1,0,-0.245348,-78.516708,PICHINCHA,QUITO,QUITO,URBANA,2017-02-20,18:30:00,18,LUNES,1,FEBRERO,2,NO,"CONDUCIR DESATENTO A LAS CONDICIONES DE TRANSITO (CELULAR, PANTALLAS DE VIDEO, COMIDA, MAQUILLAJE O CUALQUIER OTRO ELEMENTO DISTRACTOR).",ATROPELLOS,BUS,0,0,1,0,0,0,0,0,0,0,0,0,0,1,11,HOMBRE,LESIONADO,PEATON,NO,NO,0
1300,4046,4047,2017,0,0,-0.277156,-78.516957,PICHINCHA,QUITO,QUITO,URBANA,2017-02-20,19:50:00,19,LUNES,1,FEBRERO,2,NO,NO CEDER EL DERECHO DE VIA O PREFERENCIA DE PASO A VEHICULOS.,CHOQUE LATERAL,CAMIONETA,0,0,0,1,1,0,0,0,0,0,0,0,0,2,59,MUJER,ILESO,CONDUCTOR PRESENTE,NO,NO,0
1301,4047,4048,2017,0,0,-0.289351,-78.538552,PICHINCHA,QUITO,QUITO,URBANA,2017-02-20,20:10:00,20,LUNES,1,FEBRERO,2,NO,NO GUARDAR LA DISTANCIA LATERAL MINIMA DE SEGURIDAD ENTRE VEHICULOS.,ROZAMIENTOS,AUTOMOVIL,1,0,1,0,0,0,0,0,0,0,0,0,0,2,36,HOMBRE,ILESO,CONDUCTOR PRESENTE,NO,NO,0
1302,4048,4049,2017,1,0,-0.174858,-78.407053,PICHINCHA,QUITO,TUMBACO,RURAL,2017-02-20,20:37:00,20,LUNES,1,FEBRERO,2,NO,CONDUCIR VEHICULO SUPERANDO LOS LIMITES MAXIMOS DE VELOCIDAD.,VOLCAMIENTOS,CAMION,0,0,0,1,0,0,0,0,0,0,0,0,0,1,0,HOMBRE,LESIONADO,PASAJERO,NO,NO,3
1303,4052,4053,2017,1,0,-0.290269,-78.465557,PICHINCHA,QUITO,CONOCOTO,URBANA,2017-02-20,21:45:00,21,LUNES,1,FEBRERO,2,NO,NO TRANSITAR POR LAS ACERAS O ZONAS DE SEGURIDAD DESTINADAS PARA EL EFECTO.,ATROPELLOS,BUS,0,0,1,0,0,0,0,0,0,0,0,0,0,1,61,HOMBRE,LESIONADO,PEATON,NO,NO,0
1304,4055,4056,2017,13,2,-0.474461,-78.566972,PICHINCHA,MEJIA,MACHACHI,RURAL,2017-02-20,22:50:00,22,LUNES,1,FEBRERO,2,NO,REALIZAR CAMBIO BRUSCO O INDEBIDO DE CARRIL.,CHOQUE FRONTAL,BUS,0,0,1,0,1,0,0,0,0,0,0,0,0,2,46,HOMBRE,FALLECIDO,CONDUCTOR PRESENTE,NO,NO,3
1305,4056,4057,2017,0,0,-0.292724,-78.476486,PICHINCHA,QUITO,CONOCOTO,RURAL,2017-02-20,23:00:00,23,LUNES,1,FEBRERO,2,NO,"NO RESPETAR LAS SENIALES REGLAMENTARIAS DE TRANSITO. (PARE, CEDA EL PASO, LUZ ROJA DEL SEMAFORO, ETC).",CHOQUE LATERAL,AUTOMOVIL,1,0,0,0,1,0,0,0,0,0,0,0,0,2,54,HOMBRE,ILESO,CONDUCTOR PRESENTE,NO,NO,3
1306,4057,4058,2017,1,0,0.024627,-78.650901,PICHINCHA,QUITO,NONO,URBANA,2017-02-20,23:30:00,23,LUNES,1,FEBRERO,2,NO,"CONDICIONES AMBIENTALES Y/O ATMOSFERICAS (NIEBLA, NEBLINA, GRANIZO, LLUVIA).",ESTRELLAMIENTOS,CAMION,0,0,0,1,0,0,0,0,0,0,0,0,0,1,29,HOMBRE,LESIONADO,PASAJERO,NO,NO,0
1307,4061,4062,2017,0,0,-0.275579,-78.521452,PICHINCHA,QUITO,QUITO,URBANA,2017-02-21,02:45:00,2,MARTES,2,FEBRERO,2,NO,"CONDUCIR EN ESTADO DE SOMNOLENCIA O MALAS CONDICIONES FISICAS (SUENIO, CANSANCIO Y FATIGA).",ESTRELLAMIENTOS,AUTOMOVIL,1,0,0,0,0,0,0,0,0,0,0,0,0,1,-1,NO IDENTIFICADO,NO IDENTIFICADO,CONDUCTOR AUSENTE,NO,NO,2
1308,4065,4066,2017,0,0,-0.154453,-78.477363,PICHINCHA,QUITO,QUITO,URBANA,2017-02-21,07:00:00,7,MARTES,2,FEBRERO,2,NO,"CONDUCIR DESATENTO A LAS CONDICIONES DE TRANSITO (CELULAR, PANTALLAS DE VIDEO, COMIDA, MAQUILLAJE O CUALQUIER OTRO ELEMENTO DISTRACTOR).",ESTRELLAMIENTOS,BUS,0,0,1,0,0,0,0,0,0,0,0,0,0,1,55,HOMBRE,ILESO,CONDUCTOR PRESENTE,NO,NO,0
1309,4067,4068,2017,0,0,-0.156656,-78.439047,PICHINCHA,QUITO,NAYON,RURAL,2017-02-21,07:10:00,7,MARTES,2,FEBRERO,2,NO,DEJAR O RECOGER PASAJEROS EN LUGARES NO PERMITIDOS.,CAIDA DE PASAJERO,BUS,0,0,1,0,0,0,0,0,0,0,0,0,0,1,37,HOMBRE,ILESO,CONDUCTOR PRESENTE,NO,NO,3
1310,4068,4069,2017,1,0,-0.305686,-78.543296,PICHINCHA,QUITO,QUITO,URBANA,2017-02-21,07:50:00,7,MARTES,2,FEBRERO,2,NO,REALIZAR CAMBIO BRUSCO O INDEBIDO DE CARRIL.,PERDIDA DE PISTA,MOTOCICLETA,0,0,0,0,0,0,0,0,1,0,0,0,0,1,35,HOMBRE,LESIONADO,CONDUCTOR PRESENTE,NO,NO,0
1311,4069,4070,2017,1,0,-0.202202,-78.430371,PICHINCHA,QUITO,CUMBAYA,RURAL,2017-02-21,07:50:00,7,MARTES,2,FEBRERO,2,NO,"CONDUCIR DESATENTO A LAS CONDICIONES DE TRANSITO (CELULAR, PANTALLAS DE VIDEO, COMIDA, MAQUILLAJE O CUALQUIER OTRO ELEMENTO DISTRACTOR).",CAIDA DE PASAJERO,BUS,0,0,1,0,0,0,0,0,0,0,0,0,0,1,52,MUJER,LESIONADO,PASAJERO,NO,NO,3
1312,4073,4074,2017,1,0,-0.253534,-78.522341,PICHINCHA,QUITO,QUITO,URBANA,2017-02-21,08:30:00,8,MARTES,2,FEBRERO,2,NO,REALIZAR CAMBIO BRUSCO O INDEBIDO DE CARRIL.,PERDIDA DE PISTA,MOTOCICLETA,0,0,0,0,0,0,0,0,1,0,0,0,0,1,22,HOMBRE,LESIONADO,CONDUCTOR PRESENTE,NO,NO,0
1313,4074,4075,2017,1,0,-0.171299,-78.470706,PICHINCHA,QUITO,QUITO,URBANA,2017-02-21,08:45:00,8,MARTES,2,FEBRERO,2,NO,"CONDUCIR DESATENTO A LAS CONDICIONES DE TRANSITO (CELULAR, PANTALLAS DE VIDEO, COMIDA, MAQUILLAJE O CUALQUIER OTRO ELEMENTO DISTRACTOR).",OTROS,NO IDENTIFICADO,0,0,0,0,0,0,0,0,0,1,0,0,0,1,52,HOMBRE,LESIONADO,PASAJERO,NO,NO,0
1314,4076,4077,2017,1,0,-0.294852,-78.490874,PICHINCHA,QUITO,CONOCOTO,URBANA,2017-02-21,08:55:00,8,MARTES,2,FEBRERO,2,NO,"NO RESPETAR LAS SENIALES REGLAMENTARIAS DE TRANSITO. (PARE, CEDA EL PASO, LUZ ROJA DEL SEMAFORO, ETC).",CHOQUE LATERAL,AUTOMOVIL,1,0,0,0,0,0,0,0,1,0,0,0,0,2,21,MUJER,LESIONADO,PASAJERO,NO,NO,0
1315,4079,4080,2017,0,0,-0.189083,-78.473857,PICHINCHA,QUITO,QUITO,URBANA,2017-02-21,09:55:00,9,MARTES,2,FEBRERO,2,NO,"CONDUCIR DESATENTO A LAS CONDICIONES DE TRANSITO (CELULAR, PANTALLAS DE VIDEO, COMIDA, MAQUILLAJE O CUALQUIER OTRO ELEMENTO DISTRACTOR).",ESTRELLAMIENTOS,MOTOCICLETA,0,0,0,0,0,0,0,0,1,1,0,0,0,2,-1,NO IDENTIFICADO,NO IDENTIFICADO,CONDUCTOR AUSENTE,NO,NO,2
1316,4082,4083,2017,0,0,-0.146272,-78.475036,PICHINCHA,QUITO,QUITO,URBANA,2017-02-21,11:10:00,11,MARTES,2,FEBRERO,2,NO,"CONDUCE BAJO LA INFLUENCIA DE ALCOHOL, SUSTANCIAS ESTUPEFACIENTES O PSICOTROPICAS Y/O MEDICAMENTOS.",COLISION,VEHICULO DEPORTIVO UTILITARIO,2,0,0,0,0,0,0,0,0,0,0,0,1,3,22,HOMBRE,ILESO,CONDUCTOR PRESENTE,NO,NO,0
1317,4085,4086,2017,0,0,-0.199396,-78.490672,PICHINCHA,QUITO,QUITO,URBANA,2017-02-21,11:40:00,11,MARTES,2,FEBRERO,2,NO,NO GUARDAR LA DISTANCIA LATERAL MINIMA DE SEGURIDAD ENTRE VEHICULOS.,ROZAMIENTOS,AUTOMOVIL,1,0,1,0,0,0,0,0,0,0,0,0,0,2,48,MUJER,ILESO,CONDUCTOR PRESENTE,NO,NO,0
1318,4086,4087,2017,0,0,-0.287961,-78.540743,PICHINCHA,QUITO,QUITO,URBANA,2017-02-21,11:40:00,11,MARTES,2,FEBRERO,2,NO,NO GUARDAR LA DISTANCIA LATERAL MINIMA DE SEGURIDAD ENTRE VEHICULOS.,ROZAMIENTOS,AUTOMOVIL,1,0,1,0,0,0,0,0,0,0,0,0,0,2,55,HOMBRE,ILESO,CONDUCTOR PRESENTE,NO,NO,0
1319,4089,4090,2017,1,0,-0.269551,-78.528794,PICHINCHA,QUITO,QUITO,URBANA,2017-02-21,12:40:00,12,MARTES,2,FEBRERO,2,NO,NO CEDER EL DERECHO DE VIA O PREFERENCIA DE PASO AL PEATON.,ATROPELLOS,NO IDENTIFICADO,0,0,0,0,0,0,0,0,0,1,0,0,0,1,52,MUJER,LESIONADO,PEATON,NO,NO,0
1320,4091,4092,2017,1,0,-0.179733,-78.474243,PICHINCHA,QUITO,QUITO,URBANA,2017-02-21,13:36:00,13,MARTES,2,FEBRERO,2,NO,REALIZAR CAMBIO BRUSCO O INDEBIDO DE CARRIL.,CHOQUE POSTERIOR,AUTOMOVIL,2,0,0,0,0,0,0,0,0,0,0,0,0,2,31,MUJER,LESIONADO,PASAJERO,NO,NO,0
1321,4094,4095,2017,0,0,-0.181051,-78.493815,PICHINCHA,QUITO,QUITO,URBANA,2017-02-21,14:10:00,14,MARTES,2,FEBRERO,2,NO,"NO RESPETAR LAS SENIALES REGLAMENTARIAS DE TRANSITO. (PARE, CEDA EL PASO, LUZ ROJA DEL SEMAFORO, ETC).",CHOQUE LATERAL,AUTOMOVIL,1,0,0,0,0,0,0,0,0,0,0,0,1,2,37,HOMBRE,ILESO,CONDUCTOR PRESENTE,NO,NO,0
1322,4095,4096,2017,0,0,-0.081781,-78.460464,PICHINCHA,QUITO,QUITO,URBANA,2017-02-21,14:15:00,14,MARTES,2,FEBRERO,2,NO,"NO RESPETAR LAS SENIALES REGLAMENTARIAS DE TRANSITO. (PARE, CEDA EL PASO, LUZ ROJA DEL SEMAFORO, ETC).",CHOQUE LATERAL,MOTOCICLETA,0,0,0,0,0,0,0,0,1,1,0,0,0,2,36,HOMBRE,ILESO,CONDUCTOR PRESENTE,NO,NO,0
1323,4096,4097,2017,2,0,-0.144688,-78.483295,PICHINCHA,QUITO,QUITO,URBANA,2017-02-21,14:25:00,14,MARTES,2,FEBRERO,2,NO,PEATON QUE CRUZA LA CALZADA SIN RESPETAR LA SENIALIZACION EXISTENTE (SEMAFOROS O SENIALES MANUALES).,ATROPELLOS,MOTOCICLETA,0,0,0,0,0,0,0,0,1,0,0,0,0,1,26,HOMBRE,LESIONADO,CONDUCTOR PRESENTE,NO,NO,0
1324,4114,4115,2017,0,0,-0.146869,-78.465084,PICHINCHA,QUITO,QUITO,URBANA,2017-02-21,19:40:00,19,MARTES,2,FEBRERO,2,NO,NO CEDER EL DERECHO DE VIA O PREFERENCIA DE PASO A VEHICULOS.,CHOQUE LATERAL,FURGONETA,0,0,1,0,0,0,0,1,0,0,0,0,0,2,40,HOMBRE,ILESO,CONDUCTOR PRESENTE,NO,NO,0
1325,4115,4116,2017,1,0,-0.198316,-78.482211,PICHINCHA,QUITO,QUITO,URBANA,2017-02-21,19:55:00,19,MARTES,2,FEBRERO,2,NO,"ADELANTAR O REBASAR A OTRO VEHICULO EN MOVIMIENTO EN ZONAS O SITIOS PELIGROSOS TALES COMO: CURVAS, PUENTES, TUNELES, PENDIENTES, ETC.",COLISION,AUTOMOVIL,2,0,0,0,0,0,0,0,1,0,0,0,0,3,35,HOMBRE,LESIONADO,CONDUCTOR PRESENTE,NO,NO,0
1326,4119,4120,2017,1,0,-0.133554,-78.501956,PICHINCHA,QUITO,QUITO,URBANA,2017-02-21,20:45:00,20,MARTES,2,FEBRERO,2,NO,CONDUCIR VEHICULO SUPERANDO LOS LIMITES MAXIMOS DE VELOCIDAD.,CHOQUE POSTERIOR,AUTOMOVIL,1,0,0,0,0,0,0,0,0,1,0,0,0,2,57,MUJER,LESIONADO,PASAJERO,NO,NO,0
1327,4120,4121,2017,0,0,-0.198105,-78.486661,PICHINCHA,QUITO,QUITO,URBANA,2017-02-21,21:50:00,21,MARTES,2,FEBRERO,2,NO,NO CEDER EL DERECHO DE VIA O PREFERENCIA DE PASO A VEHICULOS.,COLISION,CAMIONETA,2,0,0,0,1,0,0,0,0,0,0,0,0,3,35,HOMBRE,ILESO,CONDUCTOR PRESENTE,NO,NO,0
1328,4121,4122,2017,1,0,-0.279239,-78.552753,PICHINCHA,QUITO,QUITO,URBANA,2017-02-21,22:10:00,22,MARTES,2,FEBRERO,2,NO,CONDUCIR VEHICULO SUPERANDO LOS LIMITES MAXIMOS DE VELOCIDAD.,PERDIDA DE PISTA,MOTOCICLETA,0,0,0,0,0,0,0,0,1,0,0,0,0,1,23,HOMBRE,LESIONADO,CONDUCTOR PRESENTE,NO,NO,0
1329,4126,4127,2017,0,0,-0.365806,-78.475313,PICHINCHA,RUMINIAHUI,SANGOLQUI,URBANA,2017-02-22,00:40:00,0,MIERCOLES,3,FEBRERO,2,NO,"CONDUCE BAJO LA INFLUENCIA DE ALCOHOL, SUSTANCIAS ESTUPEFACIENTES O PSICOTROPICAS Y/O MEDICAMENTOS.",CHOQUE FRONTAL,CAMIONETA,0,0,0,0,2,0,0,0,0,0,0,0,0,2,68,HOMBRE,ILESO,CONDUCTOR PRESENTE,NO,NO,0
1330,4133,4134,2017,1,0,-0.116011,-78.479444,PICHINCHA,QUITO,QUITO,URBANA,2017-02-22,05:50:00,5,MIERCOLES,3,FEBRERO,2,NO,CONDUCIR VEHICULO SUPERANDO LOS LIMITES MAXIMOS DE VELOCIDAD.,PERDIDA DE PISTA,NO IDENTIFICADO,0,0,0,0,0,0,0,0,0,1,0,0,0,1,28,HOMBRE,LESIONADO,PASAJERO,NO,NO,0
1331,4134,4135,2017,1,0,-0.089881,-78.517157,PICHINCHA,QUITO,QUITO,URBANA,2017-02-22,06:00:00,6,MIERCOLES,3,FEBRERO,2,NO,NO CEDER EL DERECHO DE VIA O PREFERENCIA DE PASO AL PEATON.,ATROPELLOS,MOTOCICLETA,0,0,0,0,0,0,0,0,1,0,0,0,0,1,52,MUJER,LESIONADO,PEATON,NO,NO,0
1332,4138,4139,2017,0,0,-0.105373,-78.462381,PICHINCHA,QUITO,QUITO,RURAL,2017-02-22,06:29:00,6,MIERCOLES,3,FEBRERO,2,NO,CONDUCIR VEHICULO SUPERANDO LOS LIMITES MAXIMOS DE VELOCIDAD.,ESTRELLAMIENTOS,VEHICULO DEPORTIVO UTILITARIO,0,0,0,0,0,0,0,0,0,0,0,0,1,1,49,HOMBRE,ILESO,CONDUCTOR PRESENTE,NO,NO,3
1333,4140,4141,2017,0,0,-0.219146,-78.507344,PICHINCHA,QUITO,QUITO,URBANA,2017-02-22,06:40:00,6,MIERCOLES,3,FEBRERO,2,NO,NO GUARDAR LA DISTANCIA LATERAL MINIMA DE SEGURIDAD ENTRE VEHICULOS.,ROZAMIENTOS,AUTOMOVIL,1,0,1,0,0,0,0,0,0,0,0,0,0,2,28,HOMBRE,ILESO,CONDUCTOR PRESENTE,NO,NO,0
1334,4141,4142,2017,0,0,-0.237711,-78.484465,PICHINCHA,QUITO,QUITO,URBANA,2017-02-22,06:40:00,6,MIERCOLES,3,FEBRERO,2,NO,NO MANTENER LA DISTANCIA PRUDENCIAL CON RESPECTO AL VEHICULO QUE LE ANTECEDE.,CHOQUE POSTERIOR,VEHICULO DEPORTIVO UTILITARIO,1,0,0,0,0,0,0,0,0,0,0,0,1,2,26,MUJER,ILESO,CONDUCTOR PRESENTE,NO,NO,0
1335,4144,4145,2017,0,0,-0.196648,-78.501969,PICHINCHA,QUITO,QUITO,RURAL,2017-02-22,07:45:00,7,MIERCOLES,3,FEBRERO,2,NO,"CASO FORTUITO O FUERZA MAYOR (EXPLOSION DE NEUMATICO NUEVO, DERRUMBE, INUNDACION, CAIDA DE PUENTE, ARBOL, PRESENCIA INTEMPESTIVA E IMPREVISTA DE SEMOVIENTES EN LA VIA, ETC.).",OTROS,AUTOMOVIL,1,0,0,0,0,0,0,0,0,1,0,0,0,2,54,HOMBRE,ILESO,CONDUCTOR PRESENTE,NO,NO,3
1336,4148,4149,2017,1,0,-0.203783,-78.458249,PICHINCHA,QUITO,QUITO,RURAL,2017-02-22,08:30:00,8,MIERCOLES,3,FEBRERO,2,NO,CONDUCIR VEHICULO SUPERANDO LOS LIMITES MAXIMOS DE VELOCIDAD.,CHOQUE POSTERIOR,NO IDENTIFICADO,0,0,0,0,0,0,0,0,0,2,0,0,0,2,34,MUJER,LESIONADO,PASAJERO,NO,NO,3
1337,4149,4150,2017,0,0,-0.168071,-78.478515,PICHINCHA,QUITO,QUITO,URBANA,2017-02-22,08:40:00,8,MIERCOLES,3,FEBRERO,2,NO,NO CEDER EL DERECHO DE VIA O PREFERENCIA DE PASO A VEHICULOS.,CHOQUE LATERAL,VEHICULO DEPORTIVO UTILITARIO,1,0,0,0,0,0,0,0,0,0,0,0,1,2,36,MUJER,ILESO,CONDUCTOR PRESENTE,NO,NO,0
1338,4150,4151,2017,1,0,-0.202902,-78.491045,PICHINCHA,QUITO,QUITO,URBANA,2017-02-22,08:52:00,8,MIERCOLES,3,FEBRERO,2,NO,"NO RESPETAR LAS SENIALES REGLAMENTARIAS DE TRANSITO. (PARE, CEDA EL PASO, LUZ ROJA DEL SEMAFORO, ETC).",CHOQUE LATERAL,VEHICULO DEPORTIVO UTILITARIO,1,0,0,0,0,0,0,0,0,0,0,0,1,2,28,MUJER,LESIONADO,PASAJERO,NO,NO,0
1339,4153,4154,2017,0,0,-0.215166,-78.517833,PICHINCHA,QUITO,QUITO,URBANA,2017-02-22,09:16:00,9,MIERCOLES,3,FEBRERO,2,NO,NO CEDER EL DERECHO DE VIA O PREFERENCIA DE PASO A VEHICULOS.,CHOQUE LATERAL,CAMIONETA,0,0,0,0,1,0,0,0,1,0,0,0,0,2,43,HOMBRE,ILESO,CONDUCTOR PRESENTE,NO,NO,0
1340,4155,4156,2017,1,0,-0.183314,-78.486947,PICHINCHA,QUITO,QUITO,URBANA,2017-02-22,10:00:00,10,MIERCOLES,3,FEBRERO,2,NO,REALIZAR CAMBIO BRUSCO O INDEBIDO DE CARRIL.,CHOQUE LATERAL,MOTOCICLETA,0,0,0,0,0,0,0,0,1,0,0,0,1,2,30,HOMBRE,LESIONADO,CONDUCTOR PRESENTE,NO,NO,0
1341,4161,4162,2017,0,0,-0.222084,-78.515622,PICHINCHA,QUITO,QUITO,URBANA,2017-02-22,11:00:00,11,MIERCOLES,3,FEBRERO,2,NO,"CONDUCIR DESATENTO A LAS CONDICIONES DE TRANSITO (CELULAR, PANTALLAS DE VIDEO, COMIDA, MAQUILLAJE O CUALQUIER OTRO ELEMENTO DISTRACTOR).",ESTRELLAMIENTOS,BUS,0,0,1,0,0,0,0,0,0,0,0,0,0,1,40,HOMBRE,ILESO,CONDUCTOR PRESENTE,NO,NO,0
1342,4164,4165,2017,1,0,-0.154259,-78.472925,PICHINCHA,QUITO,QUITO,URBANA,2017-02-22,11:25:00,11,MIERCOLES,3,FEBRERO,2,NO,"NO RESPETAR LAS SENIALES REGLAMENTARIAS DE TRANSITO. (PARE, CEDA EL PASO, LUZ ROJA DEL SEMAFORO, ETC).",CHOQUE LATERAL,MOTOCICLETA,0,0,0,0,0,0,0,0,1,0,0,0,1,2,33,HOMBRE,LESIONADO,CONDUCTOR PRESENTE,NO,NO,0
1343,4170,4171,2017,1,0,-0.209056,-78.500436,PICHINCHA,QUITO,QUITO,URBANA,2017-02-22,13:10:00,13,MIERCOLES,3,FEBRERO,2,NO,"CONDUCIR DESATENTO A LAS CONDICIONES DE TRANSITO (CELULAR, PANTALLAS DE VIDEO, COMIDA, MAQUILLAJE O CUALQUIER OTRO ELEMENTO DISTRACTOR).",ESTRELLAMIENTOS,BICICLETA,0,1,0,0,0,0,0,0,0,1,0,0,0,2,61,HOMBRE,LESIONADO,CONDUCTOR PRESENTE,NO,NO,0
1344,4171,4172,2017,0,0,-0.109198,-78.498181,PICHINCHA,QUITO,QUITO,URBANA,2017-02-22,13:30:00,13,MIERCOLES,3,FEBRERO,2,NO,"NO RESPETAR LAS SENIALES REGLAMENTARIAS DE TRANSITO. (PARE, CEDA EL PASO, LUZ ROJA DEL SEMAFORO, ETC).",CHOQUE LATERAL,AUTOMOVIL,1,0,0,0,0,0,0,1,0,0,0,0,0,2,33,HOMBRE,ILESO,CONDUCTOR PRESENTE,NO,NO,0
1345,4172,4173,2017,0,0,-0.091585,-78.439052,PICHINCHA,QUITO,CALDERON (CARAPUNGO),RURAL,2017-02-22,14:30:00,14,MIERCOLES,3,FEBRERO,2,NO,"NO RESPETAR LAS SENIALES REGLAMENTARIAS DE TRANSITO. (PARE, CEDA EL PASO, LUZ ROJA DEL SEMAFORO, ETC).",OTROS,AUTOMOVIL,1,0,0,0,0,0,0,0,0,1,0,0,0,2,51,HOMBRE,ILESO,CONDUCTOR PRESENTE,NO,NO,3
1346,4174,4175,2017,2,0,-0.229997,-78.429511,PICHINCHA,QUITO,TUMBACO,URBANA,2017-02-22,15:10:00,15,MIERCOLES,3,FEBRERO,2,NO,"CONDUCIR DESATENTO A LAS CONDICIONES DE TRANSITO (CELULAR, PANTALLAS DE VIDEO, COMIDA, MAQUILLAJE O CUALQUIER OTRO ELEMENTO DISTRACTOR).",PERDIDA DE PISTA,MOTOCICLETA,0,0,0,0,0,0,0,0,1,0,0,0,0,1,40,HOMBRE,LESIONADO,CONDUCTOR PRESENTE,NO,NO,0