,Unnamed: 0,ID,ANIO,LESIONADOS,FALLECIDOS,LATITUD_Y,LONGITUD_X,PROVINCIA,CANTON,PARROQUIA,ZONA,FECHA,HORA,PERIODO_2,DIA_1,DIA_2,MES_1,MES_2,FERIADO,CAUSA_PROBABLE,TIPO_DE_SINIESTRO,TIPO_DE_VEHICULO_1,AUTOMOVIL,BICICLETA,BUS,CAMION,CAMIONETA,EMERGENCIAS,ESPECIAL,FURGONETA,MOTOCICLETA,NO_IDENTIFICADO,SCOOTER_ELECTRICO,TRICIMOTO,VEHICULO_DEPORTIVO_UTILITARIO,SUMA_DE_VEHICULOS,EDAD_1,SEXO_1,CONDICION_1,PARTICIPANTE_1,CASCO_1,CINTURON_1,KMeans_Cluster
1347,4176,4177,2017,1,0,-0.171095,-78.490623,PICHINCHA,QUITO,QUITO,URBANA,2017-02-22,15:15:00,15,MIERCOLES,3,FEBRERO,2,NO,"NO RESPETAR LAS SENIALES REGLAMENTARIAS DE TRANSITO. (PARE, CEDA EL PASO, LUZ ROJA DEL SEMAFORO, ETC).",CHOQUE LATERAL,AUTOMOVIL,1,0,0,0,0,0,0,0,0,0,0,0,1,2,68,MUJER,LESIONADO,CONDUCTOR PRESENTE,NO,NO,0
1348,4179,4180,2017,0,0,-0.104643,-78.453801,PICHINCHA,QUITO,CALDERON (CARAPUNGO),RURAL,2017-02-22,15:57:00,15,MIERCOLES,3,FEBRERO,2,NO,NO CEDER EL DERECHO DE VIA O PREFERENCIA DE PASO A VEHICULOS.,CHOQUE LATERAL,MOTOCICLETA,0,0,0,0,0,0,0,0,1,1,0,0,0,2,21,HOMBRE,ILESO,CONDUCTOR PRESENTE,NO,NO,3
1349,4181,4182,2017,0,0,-0.203419,-78.483073,PICHINCHA,QUITO,QUITO,URBANA,2017-02-22,16:25:00,16,MIERCOLES,3,FEBRERO,2,NO,NO CEDER EL DERECHO DE VIA O PREFERENCIA DE PASO A VEHICULOS.,CHOQUE LATERAL,AUTOMOVIL,1,0,0,0,0,0,0,0,0,1,0,0,0,2,30,MUJER,ILESO,CONDUCTOR PRESENTE,NO,NO,0
1350,4184,4185,2017,0,0,-0.153396,-78.484496,PICHINCHA,QUITO,QUITO,URBANA,2017-02-22,17:05:00,17,MIERCOLES,3,FEBRERO,2,NO,NO MANTENER LA DISTANCIA PRUDENCIAL CON RESPECTO AL VEHICULO QUE LE ANTECEDE.,CHOQUE POSTERIOR,AUTOMOVIL,1,0,0,0,0,0,0,0,0,1,0,0,0,2,32,HOMBRE,ILESO,CONDUCTOR PRESENTE,NO,NO,0
1351,4189,4190,2017,1,0,-0.201731,-78.431963,PICHINCHA,QUITO,CUMBAYA,RURAL,2017-02-22,17:55:00,17,MIERCOLES,3,FEBRERO,2,NO,"NO RESPETAR LAS SENIALES REGLAMENTARIAS DE TRANSITO. (PARE, CEDA EL PASO, LUZ ROJA DEL SEMAFORO, ETC).",CHOQUE LATERAL,MOTOCICLETA,0,0,0,0,0,0,0,0,1,0,0,0,1,2,44,HOMBRE,LESIONADO,CONDUCTOR PRESENTE,NO,NO,3
1352,4190,4191,2017,0,0,-0.206816,-78.492031,PICHINCHA,QUITO,QUITO,URBANA,2017-02-22,18:00:00,18,MIERCOLES,3,FEBRERO,2,NO,"CONDUCIR DESATENTO A LAS CONDICIONES DE TRANSITO (CELULAR, PANTALLAS DE VIDEO, COMIDA, MAQUILLAJE O CUALQUIER OTRO ELEMENTO DISTRACTOR).",ESTRELLAMIENTOS,AUTOMOVIL,1,0,0,0,0,0,0,0,0,1,0,0,0,2,45,HOMBRE,ILESO,CONDUCTOR PRESENTE,NO,NO,0
1353,4192,4193,2017,1,0,-0.101492,-78.468991,PICHINCHA,QUITO,QUITO,URBANA,2017-02-22,18:30:00,18,MIERCOLES,3,FEBRERO,2,NO,NO CEDER EL DERECHO DE VIA O PREFERENCIA DE PASO AL PEATON.,ATROPELLOS,AUTOMOVIL,1,0,0,0,0,0,0,0,0,0,0,0,0,1,13,HOMBRE,LESIONADO,PEATON,NO,NO,0
1354,4193,4194,2017,1,0,-0.112226,-78.474231,PICHINCHA,QUITO,QUITO,URBANA,2017-02-22,18:30:00,18,MIERCOLES,3,FEBRERO,2,NO,NO CEDER EL DERECHO DE VIA O PREFERENCIA DE PASO AL PEATON.,ATROPELLOS,AUTOMOVIL,1,0,0,0,0,0,0,0,0,0,0,0,0,1,22,MUJER,LESIONADO,PEATON,NO,NO,0
1355,4194,4195,2017,1,0,-0.260891,-78.543783,PICHINCHA,QUITO,QUITO,URBANA,2017-02-22,18:50:00,18,MIERCOLES,3,FEBRERO,2,NO,DEJAR O RECOGER PASAJEROS EN LUGARES NO PERMITIDOS.,ROZAMIENTOS,MOTOCICLETA,0,0,0,0,1,0,0,0,1,0,0,0,0,2,24,MUJER,LESIONADO,PASAJERO,NO,NO,0
1356,4197,4198,2017,0,0,-0.151724,-78.497917,PICHINCHA,QUITO,QUITO,URBANA,2017-02-22,19:20:00,19,MIERCOLES,3,FEBRERO,2,NO,NO GUARDAR LA DISTANCIA LATERAL MINIMA DE SEGURIDAD ENTRE VEHICULOS.,ROZAMIENTOS,VEHICULO DEPORTIVO UTILITARIO,0,0,0,0,1,0,0,0,0,0,0,0,1,2,48,HOMBRE,ILESO,CONDUCTOR PRESENTE,NO,NO,0
1357,4201,4202,2017,0,0,-0.246476,-78.542182,PICHINCHA,QUITO,QUITO,URBANA,2017-02-22,20:15:00,20,MIERCOLES,3,FEBRERO,2,NO,"CONDUCIR DESATENTO A LAS CONDICIONES DE TRANSITO (CELULAR, PANTALLAS DE VIDEO, COMIDA, MAQUILLAJE O CUALQUIER OTRO ELEMENTO DISTRACTOR).",ESTRELLAMIENTOS,AUTOMOVIL,1,0,0,0,0,0,0,0,0,0,0,0,0,1,-1,NO IDENTIFICADO,NO IDENTIFICADO,CONDUCTOR AUSENTE,NO,NO,2
1358,4204,4205,2017,0,0,-0.292724,-78.476486,PICHINCHA,QUITO,CONOCOTO,RURAL,2017-02-22,20:30:00,20,MIERCOLES,3,FEBRERO,2,NO,"CONDUCIR DESATENTO A LAS CONDICIONES DE TRANSITO (CELULAR, PANTALLAS DE VIDEO, COMIDA, MAQUILLAJE O CUALQUIER OTRO ELEMENTO DISTRACTOR).",ESTRELLAMIENTOS,AUTOMOVIL,1,0,0,0,0,0,0,0,0,1,0,0,0,2,49,HOMBRE,ILESO,CONDUCTOR PRESENTE,NO,NO,3
1359,4206,4207,2017,2,0,-0.176549,-78.480391,PICHINCHA,QUITO,QUITO,URBANA,2017-02-22,23:20:00,23,MIERCOLES,3,FEBRERO,2,NO,"NO RESPETAR LAS SENIALES REGLAMENTARIAS DE TRANSITO. (PARE, CEDA EL PASO, LUZ ROJA DEL SEMAFORO, ETC).",CHOQUE LATERAL,AUTOMOVIL,2,0,0,0,0,0,0,0,0,0,0,0,0,2,48,MUJER,LESIONADO,PASAJERO,NO,NO,0
1360,4211,4212,2017,0,0,-0.172498,-78.487861,PICHINCHA,QUITO,QUITO,URBANA,2017-02-23,02:10:00,2,JUEVES,4,FEBRERO,2,NO,"CONDUCIR EN ESTADO DE SOMNOLENCIA O MALAS CONDICIONES FISICAS (SUENIO, CANSANCIO Y FATIGA).",ESTRELLAMIENTOS,AUTOMOVIL,1,0,0,0,0,0,0,0,0,0,0,0,0,1,-1,NO IDENTIFICADO,NO IDENTIFICADO,CONDUCTOR AUSENTE,NO,NO,2
1361,4212,4213,2017,0,0,-0.229031,-78.500808,PICHINCHA,QUITO,QUITO,URBANA,2017-02-23,04:50:00,4,JUEVES,4,FEBRERO,2,NO,"CONDUCIR EN ESTADO DE SOMNOLENCIA O MALAS CONDICIONES FISICAS (SUENIO, CANSANCIO Y FATIGA).",ESTRELLAMIENTOS,NO IDENTIFICADO,0,0,0,0,0,0,0,0,0,1,0,0,0,1,-1,NO IDENTIFICADO,NO IDENTIFICADO,CONDUCTOR AUSENTE,NO,NO,2
1362,4213,4214,2017,1,0,-0.289413,-78.538571,PICHINCHA,QUITO,QUITO,URBANA,2017-02-23,05:30:00,5,JUEVES,4,FEBRERO,2,NO,"CONDUCIR DESATENTO A LAS CONDICIONES DE TRANSITO (CELULAR, PANTALLAS DE VIDEO, COMIDA, MAQUILLAJE O CUALQUIER OTRO ELEMENTO DISTRACTOR).",OTROS,NO IDENTIFICADO,0,0,0,0,0,0,0,0,0,1,0,0,0,1,37,HOMBRE,LESIONADO,PASAJERO,NO,NO,0
1363,4218,4219,2017,0,0,-0.279614,-78.552911,PICHINCHA,QUITO,QUITO,URBANA,2017-02-23,07:00:00,7,JUEVES,4,FEBRERO,2,NO,DEJAR O RECOGER PASAJEROS EN LUGARES NO PERMITIDOS.,ROZAMIENTOS,BUS,0,0,2,0,0,0,0,0,0,0,0,0,0,2,35,HOMBRE,ILESO,CONDUCTOR PRESENTE,NO,NO,0
1364,4232,4233,2017,0,0,-0.191347,-78.481798,PICHINCHA,QUITO,QUITO,URBANA,2017-02-23,08:30:00,8,JUEVES,4,FEBRERO,2,NO,"ADELANTAR O REBASAR A OTRO VEHICULO EN MOVIMIENTO EN ZONAS O SITIOS PELIGROSOS TALES COMO: CURVAS, PUENTES, TUNELES, PENDIENTES, ETC.",ROZAMIENTOS,VEHICULO DEPORTIVO UTILITARIO,0,0,0,0,0,0,0,0,0,1,0,0,1,2,40,HOMBRE,ILESO,CONDUCTOR PRESENTE,NO,NO,0
1365,4234,4235,2017,0,0,-0.121186,-78.498176,PICHINCHA,QUITO,QUITO,URBANA,2017-02-23,09:10:00,9,JUEVES,4,FEBRERO,2,NO,"CONDUCIR DESATENTO A LAS CONDICIONES DE TRANSITO (CELULAR, PANTALLAS DE VIDEO, COMIDA, MAQUILLAJE O CUALQUIER OTRO ELEMENTO DISTRACTOR).",ESTRELLAMIENTOS,VEHICULO DEPORTIVO UTILITARIO,0,0,0,0,0,0,0,0,0,0,0,0,1,1,-1,NO IDENTIFICADO,NO IDENTIFICADO,CONDUCTOR AUSENTE,NO,NO,2
1366,4236,4237,2017,0,1,-0.284269,-78.518971,PICHINCHA,QUITO,QUITO,URBANA,2017-02-23,10:00:00,10,JUEVES,4,FEBRERO,2,NO,NO TRANSITAR POR LAS ACERAS O ZONAS DE SEGURIDAD DESTINADAS PARA EL EFECTO.,ATROPELLOS,CAMIONETA,0,0,0,0,1,0,0,0,0,0,0,0,0,1,7,MUJER,FALLECIDO,PEATON,NO,NO,0
1367,4238,4239,2017,1,0,-0.212882,-78.404435,PICHINCHA,QUITO,TUMBACO,RURAL,2017-02-23,10:10:00,10,JUEVES,4,FEBRERO,2,NO,NO CEDER EL DERECHO DE VIA O PREFERENCIA DE PASO AL PEATON.,ATROPELLOS,NO IDENTIFICADO,0,0,0,0,0,0,0,0,0,1,0,0,0,1,62,MUJER,LESIONADO,PASAJERO,NO,NO,3
1368,4239,4240,2017,0,0,-0.211443,-78.492918,PICHINCHA,QUITO,QUITO,URBANA,2017-02-23,10:10:00,10,JUEVES,4,FEBRERO,2,NO,REALIZAR CAMBIO BRUSCO O INDEBIDO DE CARRIL.,CHOQUE POSTERIOR,VEHICULO DEPORTIVO UTILITARIO,0,0,1,0,0,0,0,0,0,0,0,0,1,2,34,HOMBRE,ILESO,CONDUCTOR PRESENTE,NO,NO,0
1369,4240,4241,2017,0,1,-0.250754,-78.537856,PICHINCHA,QUITO,QUITO,URBANA,2017-02-23,10:13:00,10,JUEVES,4,FEBRERO,2,NO,PEATON QUE CRUZA LA CALZADA SIN RESPETAR LA SENIALIZACION EXISTENTE (SEMAFOROS O SENIALES MANUALES).,ARROLLAMIENTOS,BUS,0,0,1,0,0,0,0,0,0,0,0,0,0,1,55,HOMBRE,FALLECIDO,PEATON,NO,NO,0
1370,4241,4242,2017,0,0,-0.333155,-78.436045,PICHINCHA,RUMINIAHUI,SANGOLQUI,URBANA,2017-02-23,10:14:00,10,JUEVES,4,FEBRERO,2,NO,NO CEDER EL DERECHO DE VIA O PREFERENCIA DE PASO A VEHICULOS.,CHOQUE LATERAL,CAMIONETA,0,0,0,0,2,0,0,0,0,0,0,0,0,2,62,HOMBRE,ILESO,CONDUCTOR PRESENTE,NO,NO,0
1371,4242,4243,2017,0,0,-0.091291,-78.472557,PICHINCHA,QUITO,QUITO,URBANA,2017-02-23,10:20:00,10,JUEVES,4,FEBRERO,2,NO,REALIZAR CAMBIO BRUSCO O INDEBIDO DE CARRIL.,CHOQUE LATERAL,AUTOMOVIL,1,0,1,0,0,0,0,0,0,0,0,0,0,2,24,HOMBRE,ILESO,CONDUCTOR PRESENTE,NO,NO,0
1372,4244,4245,2017,0,0,-0.297419,-78.456102,PICHINCHA,QUITO,ALANGASI,RURAL,2017-02-23,11:00:00,11,JUEVES,4,FEBRERO,2,NO,NO GUARDAR LA DISTANCIA LATERAL MINIMA DE SEGURIDAD ENTRE VEHICULOS.,ROZAMIENTOS,CAMION,0,0,0,1,1,0,0,0,0,0,0,0,0,2,38,HOMBRE,ILESO,CONDUCTOR PRESENTE,NO,NO,3
1373,4245,4246,2017,1,0,-0.212535,-78.502107,PICHINCHA,QUITO,QUITO,URBANA,2017-02-23,11:20:00,11,JUEVES,4,FEBRERO,2,NO,NO GUARDAR LA DISTANCIA LATERAL MINIMA DE SEGURIDAD ENTRE VEHICULOS.,ROZAMIENTOS,MOTOCICLETA,0,0,0,0,0,0,0,0,1,1,0,0,0,2,49,HOMBRE,LESIONADO,CONDUCTOR PRESENTE,NO,NO,0
1374,4246,4247,2017,1,0,-0.199767,-78.428809,PICHINCHA,QUITO,CUMBAYA,RURAL,2017-02-23,11:30:00,11,JUEVES,4,FEBRERO,2,NO,DEJAR O RECOGER PASAJEROS EN LUGARES NO PERMITIDOS.,CAIDA DE PASAJERO,BUS,0,0,1,0,0,0,0,0,0,0,0,0,0,1,70,MUJER,LESIONADO,PASAJERO,NO,NO,3
1375,4253,4254,2017,0,0,-0.211526,-78.446722,PICHINCHA,QUITO,CUMBAYA,RURAL,2017-02-23,13:49:00,13,JUEVES,4,FEBRERO,2,NO,"CONDUCIR DESATENTO A LAS CONDICIONES DE TRANSITO (CELULAR, PANTALLAS DE VIDEO, COMIDA, MAQUILLAJE O CUALQUIER OTRO ELEMENTO DISTRACTOR).",ESTRELLAMIENTOS,AUTOMOVIL,1,0,0,0,0,0,0,0,0,0,0,0,0,1,27,HOMBRE,ILESO,CONDUCTOR PRESENTE,NO,NO,3
1376,4259,4260,2017,1,0,-0.221653,-78.510584,PICHINCHA,QUITO,QUITO,RURAL,2017-02-23,15:35:00,15,JUEVES,4,FEBRERO,2,NO,NO CEDER EL DERECHO DE VIA O PREFERENCIA DE PASO AL PEATON.,ATROPELLOS,NO IDENTIFICADO,0,0,0,0,0,0,0,0,0,1,0,0,0,1,7,HOMBRE,LESIONADO,PEATON,NO,NO,3
1377,4266,4267,2017,0,0,-0.206328,-78.501901,PICHINCHA,QUITO,QUITO,URBANA,2017-02-23,18:40:00,18,JUEVES,4,FEBRERO,2,NO,"NO RESPETAR LAS SENIALES REGLAMENTARIAS DE TRANSITO. (PARE, CEDA EL PASO, LUZ ROJA DEL SEMAFORO, ETC).",CHOQUE LATERAL,MOTOCICLETA,0,0,0,0,0,0,0,0,1,1,0,0,0,2,29,HOMBRE,ILESO,CONDUCTOR PRESENTE,NO,NO,0
1378,4270,4271,2017,2,0,-0.246147,-78.529477,PICHINCHA,QUITO,QUITO,URBANA,2017-02-23,19:45:00,19,JUEVES,4,FEBRERO,2,NO,"NO RESPETAR LAS SENIALES REGLAMENTARIAS DE TRANSITO. (PARE, CEDA EL PASO, LUZ ROJA DEL SEMAFORO, ETC).",CHOQUE LATERAL,AUTOMOVIL,1,0,0,0,0,0,0,0,1,0,0,0,0,2,24,MUJER,LESIONADO,PASAJERO,NO,NO,0
1379,4271,4272,2017,1,0,-0.294281,-78.479178,PICHINCHA,QUITO,CONOCOTO,RURAL,2017-02-23,20:10:00,20,JUEVES,4,FEBRERO,2,NO,"NO RESPETAR LAS SENIALES REGLAMENTARIAS DE TRANSITO. (PARE, CEDA EL PASO, LUZ ROJA DEL SEMAFORO, ETC).",CHOQUE LATERAL,AUTOMOVIL,1,0,0,0,0,0,0,0,1,0,0,0,0,2,26,HOMBRE,LESIONADO,CONDUCTOR PRESENTE,NO,NO,3
1380,4275,4276,2017,0,0,-0.305533,-78.536456,PICHINCHA,QUITO,QUITO,URBANA,2017-02-23,20:45:00,20,JUEVES,4,FEBRERO,2,NO,"CONDUCIR DESATENTO A LAS CONDICIONES DE TRANSITO (CELULAR, PANTALLAS DE VIDEO, COMIDA, MAQUILLAJE O CUALQUIER OTRO ELEMENTO DISTRACTOR).",ESTRELLAMIENTOS,BUS,0,0,1,0,0,0,0,0,1,0,0,0,0,2,21,HOMBRE,ILESO,CONDUCTOR PRESENTE,NO,NO,0
1381,4277,4278,2017,0,0,-0.219469,-78.506959,PICHINCHA,QUITO,QUITO,URBANA,2017-02-23,20:50:00,20,JUEVES,4,FEBRERO,2,NO,NO MANTENER LA DISTANCIA PRUDENCIAL CON RESPECTO AL VEHICULO QUE LE ANTECEDE.,COLISION,AUTOMOVIL,1,0,0,0,0,0,0,0,1,1,0,0,0,3,26,HOMBRE,ILESO,CONDUCTOR PRESENTE,NO,NO,0
1382,4281,4282,2017,1,0,-0.133668,-78.501945,PICHINCHA,QUITO,QUITO,URBANA,2017-02-23,21:46:00,21,JUEVES,4,FEBRERO,2,NO,CONDUCIR VEHICULO SUPERANDO LOS LIMITES MAXIMOS DE VELOCIDAD.,ESTRELLAMIENTOS,AUTOMOVIL,1,0,0,0,0,0,0,0,0,0,0,0,0,1,25,HOMBRE,LESIONADO,CONDUCTOR PRESENTE,NO,NO,0
1383,4283,4284,2017,2,0,-0.181537,-78.481949,PICHINCHA,QUITO,QUITO,URBANA,2017-02-23,21:50:00,21,JUEVES,4,FEBRERO,2,NO,"NO RESPETAR LAS SENIALES REGLAMENTARIAS DE TRANSITO. (PARE, CEDA EL PASO, LUZ ROJA DEL SEMAFORO, ETC).",COLISION,MOTOCICLETA,1,0,0,0,0,0,0,0,1,0,0,0,1,3,36,HOMBRE,LESIONADO,CONDUCTOR PRESENTE,NO,NO,0
1384,4284,4285,2017,1,0,-0.133587,-78.502008,PICHINCHA,QUITO,QUITO,URBANA,2017-02-23,22:00:00,22,JUEVES,4,FEBRERO,2,NO,"NO RESPETAR LAS SENIALES REGLAMENTARIAS DE TRANSITO. (PARE, CEDA EL PASO, LUZ ROJA DEL SEMAFORO, ETC).",CHOQUE LATERAL,MOTOCICLETA,1,0,0,0,0,0,0,0,1,0,0,0,0,2,27,MUJER,LESIONADO,CONDUCTOR PRESENTE,NO,NO,0
1385,4287,4288,2017,2,0,-0.157399,-78.477096,PICHINCHA,QUITO,QUITO,URBANA,2017-02-23,22:40:00,22,JUEVES,4,FEBRERO,2,NO,CONDUCIR VEHICULO SUPERANDO LOS LIMITES MAXIMOS DE VELOCIDAD.,PERDIDA DE PISTA,MOTOCICLETA,0,0,0,0,0,0,0,0,1,0,0,0,0,1,20,MUJER,LESIONADO,PASAJERO,NO,NO,0
1386,4288,4289,2017,0,0,-0.328479,-78.522294,PICHINCHA,QUITO,QUITO,URBANA,2017-02-23,22:50:00,22,JUEVES,4,FEBRERO,2,NO,"CONDUCIR EN ESTADO DE SOMNOLENCIA O MALAS CONDICIONES FISICAS (SUENIO, CANSANCIO Y FATIGA).",ESTRELLAMIENTOS,CAMION,0,0,0,1,0,0,0,0,0,0,0,0,0,1,40,HOMBRE,ILESO,CONDUCTOR PRESENTE,NO,NO,0
1387,4290,4291,2017,0,0,-0.133554,-78.501956,PICHINCHA,QUITO,QUITO,URBANA,2017-02-24,00:15:00,0,VIERNES,5,FEBRERO,2,SI,"CONDUCIR EN ESTADO DE SOMNOLENCIA O MALAS CONDICIONES FISICAS (SUENIO, CANSANCIO Y FATIGA).",ESTRELLAMIENTOS,AUTOMOVIL,1,0,0,0,0,0,0,0,0,0,0,0,0,1,-1,NO IDENTIFICADO,NO IDENTIFICADO,CONDUCTOR AUSENTE,NO,NO,2
1388,4292,4293,2017,0,0,-0.150393,-78.453592,PICHINCHA,QUITO,QUITO,URBANA,2017-02-24,01:06:00,1,VIERNES,5,FEBRERO,2,SI,"CONDUCIR EN ESTADO DE SOMNOLENCIA O MALAS CONDICIONES FISICAS (SUENIO, CANSANCIO Y FATIGA).",ESTRELLAMIENTOS,AUTOMOVIL,1,0,0,0,0,0,0,0,0,0,0,0,0,1,-1,NO IDENTIFICADO,NO IDENTIFICADO,CONDUCTOR AUSENTE,NO,NO,2
1389,4293,4294,2017,0,0,-0.118293,-78.471815,PICHINCHA,QUITO,QUITO,URBANA,2017-02-24,01:10:00,1,VIERNES,5,FEBRERO,2,SI,"CONDUCIR EN ESTADO DE SOMNOLENCIA O MALAS CONDICIONES FISICAS (SUENIO, CANSANCIO Y FATIGA).",ESTRELLAMIENTOS,CAMIONETA,0,0,0,0,1,0,0,0,0,0,0,0,0,1,-1,NO IDENTIFICADO,NO IDENTIFICADO,CONDUCTOR AUSENTE,NO,NO,2
1390,4294,4295,2017,1,0,-0.151809,-78.497911,PICHINCHA,QUITO,QUITO,URBANA,2017-02-24,01:39:00,1,VIERNES,5,FEBRERO,2,SI,CONDUCIR VEHICULO SUPERANDO LOS LIMITES MAXIMOS DE VELOCIDAD.,ESTRELLAMIENTOS,AUTOMOVIL,1,0,0,0,0,0,0,0,0,0,0,0,0,1,33,HOMBRE,LESIONADO,CONDUCTOR PRESENTE,NO,NO,0
1391,4297,4298,2017,0,0,-0.169705,-78.482646,PICHINCHA,QUITO,QUITO,URBANA,2017-02-24,02:30:00,2,VIERNES,5,FEBRERO,2,SI,"CONDUCIR EN ESTADO DE SOMNOLENCIA O MALAS CONDICIONES FISICAS (SUENIO, CANSANCIO Y FATIGA).",ESTRELLAMIENTOS,AUTOMOVIL,1,0,0,0,0,0,0,0,0,0,0,0,0,1,-1,NO IDENTIFICADO,NO IDENTIFICADO,CONDUCTOR AUSENTE,NO,NO,2
1392,4303,4304,2017,0,0,-0.191006,-78.486281,PICHINCHA,QUITO,QUITO,URBANA,2017-02-24,04:00:00,4,VIERNES,5,FEBRERO,2,SI,"CONDUCIR EN ESTADO DE SOMNOLENCIA O MALAS CONDICIONES FISICAS (SUENIO, CANSANCIO Y FATIGA).",ESTRELLAMIENTOS,VEHICULO DEPORTIVO UTILITARIO,0,0,0,0,0,0,0,0,0,0,0,0,1,1,-1,NO IDENTIFICADO,NO IDENTIFICADO,CONDUCTOR AUSENTE,NO,NO,2
1393,4304,4305,2017,1,0,-0.133372,-78.494061,PICHINCHA,QUITO,QUITO,URBANA,2017-02-24,05:20:00,5,VIERNES,5,FEBRERO,2,SI,NO MANTENER LA DISTANCIA PRUDENCIAL CON RESPECTO AL VEHICULO QUE LE ANTECEDE.,CHOQUE POSTERIOR,MOTOCICLETA,0,0,0,0,0,0,0,0,1,1,0,0,0,2,25,HOMBRE,LESIONADO,CONDUCTOR PRESENTE,NO,NO,0
1394,4307,4308,2017,0,0,-0.277207,-78.555399,PICHINCHA,QUITO,QUITO,URBANA,2017-02-24,06:10:00,6,VIERNES,5,FEBRERO,2,SI,"NO RESPETAR LAS SENIALES REGLAMENTARIAS DE TRANSITO. (PARE, CEDA EL PASO, LUZ ROJA DEL SEMAFORO, ETC).",CHOQUE LATERAL,AUTOMOVIL,2,0,0,0,0,0,0,0,0,0,0,0,0,2,50,HOMBRE,ILESO,CONDUCTOR PRESENTE,NO,NO,0
1395,4308,4309,2017,0,0,-0.472737,-78.566596,PICHINCHA,MEJIA,MACHACHI,RURAL,2017-02-24,06:20:00,6,VIERNES,5,FEBRERO,2,SI,NO CEDER EL DERECHO DE VIA O PREFERENCIA DE PASO A VEHICULOS.,CHOQUE LATERAL,VEHICULO DEPORTIVO UTILITARIO,0,0,0,0,0,0,0,0,0,1,0,0,1,2,51,HOMBRE,ILESO,CONDUCTOR PRESENTE,NO,NO,3
1396,4309,4310,2017,0,0,-0.214643,-78.516701,PICHINCHA,QUITO,QUITO,URBANA,2017-02-24,06:25:00,6,VIERNES,5,FEBRERO,2,SI,NO CEDER EL DERECHO DE VIA O PREFERENCIA DE PASO AL PEATON.,ATROPELLOS,VEHICULO DEPORTIVO UTILITARIO,0,0,0,0,0,0,0,0,0,0,0,0,1,1,45,HOMBRE,ILESO,CONDUCTOR PRESENTE,NO,NO,0
1397,4311,4312,2017,1,0,-0.129626,-78.434449,PICHINCHA,QUITO,LLANO CHICO,RURAL,2017-02-24,07:00:00,7,VIERNES,5,FEBRERO,2,SI,"CONDUCE BAJO LA INFLUENCIA DE ALCOHOL, SUSTANCIAS ESTUPEFACIENTES O PSICOTROPICAS Y/O MEDICAMENTOS.",CHOQUE LATERAL,AUTOMOVIL,1,0,0,0,0,0,0,0,1,0,0,0,0,2,30,HOMBRE,LESIONADO,CONDUCTOR PRESENTE,NO,NO,3
1398,4312,4313,2017,1,0,-0.222068,-78.384087,PICHINCHA,QUITO,TUMBACO,RURAL,2017-02-24,07:00:00,7,VIERNES,5,FEBRERO,2,SI,DEJAR O RECOGER PASAJEROS EN LUGARES NO PERMITIDOS.,CAIDA DE PASAJERO,BUS,0,0,1,0,0,0,0,0,0,0,0,0,0,1,30,MUJER,LESIONADO,PASAJERO,NO,NO,3
1399,4317,4318,2017,1,0,-0.243344,-78.519991,PICHINCHA,QUITO,QUITO,URBANA,2017-02-24,07:43:00,7,VIERNES,5,FEBRERO,2,SI,MALAS CONDICIONES DE LA VIA Y/O CONFIGURACION. (ILUMINACION Y DISENIO).,ATROPELLOS,MOTOCICLETA,0,0,0,0,0,0,0,0,1,0,0,0,0,1,50,MUJER,LESIONADO,PEATON,NO,NO,0
1400,4321,4322,2017,0,0,-0.282706,-78.554325,PICHINCHA,QUITO,QUITO,URBANA,2017-02-24,08:40:00,8,VIERNES,5,FEBRERO,2,SI,"NO RESPETAR LAS SENIALES REGLAMENTARIAS DE TRANSITO. (PARE, CEDA EL PASO, LUZ ROJA DEL SEMAFORO, ETC).",CHOQUE LATERAL,AUTOMOVIL,2,0,0,0,0,0,0,0,0,0,0,0,0,2,35,HOMBRE,ILESO,CONDUCTOR PRESENTE,NO,NO,0
1401,4323,4324,2017,0,0,-0.196047,-78.466538,PICHINCHA,QUITO,QUITO,RURAL,2017-02-24,09:25:00,9,VIERNES,5,FEBRERO,2,SI,"CONDUCIR DESATENTO A LAS CONDICIONES DE TRANSITO (CELULAR, PANTALLAS DE VIDEO, COMIDA, MAQUILLAJE O CUALQUIER OTRO ELEMENTO DISTRACTOR).",ESTRELLAMIENTOS,CAMION,0,0,0,1,0,0,0,0,0,0,0,0,0,1,46,HOMBRE,ILESO,CONDUCTOR PRESENTE,NO,NO,3
1402,4326,4327,2017,1,0,-0.202961,-78.504445,PICHINCHA,QUITO,QUITO,URBANA,2017-02-24,10:00:00,10,VIERNES,5,FEBRERO,2,SI,"NO RESPETAR LAS SENIALES REGLAMENTARIAS DE TRANSITO. (PARE, CEDA EL PASO, LUZ ROJA DEL SEMAFORO, ETC).",CHOQUE LATERAL,MOTOCICLETA,1,0,0,0,0,0,0,0,1,0,0,0,0,2,23,HOMBRE,LESIONADO,CONDUCTOR PRESENTE,NO,NO,0
1403,4328,4329,2017,0,0,-0.115454,-78.475191,PICHINCHA,QUITO,QUITO,URBANA,2017-02-24,10:18:00,10,VIERNES,5,FEBRERO,2,SI,"CONDUCIR DESATENTO A LAS CONDICIONES DE TRANSITO (CELULAR, PANTALLAS DE VIDEO, COMIDA, MAQUILLAJE O CUALQUIER OTRO ELEMENTO DISTRACTOR).",ESTRELLAMIENTOS,CAMION,2,0,0,1,0,0,0,1,0,0,0,0,0,4,42,HOMBRE,ILESO,CONDUCTOR PRESENTE,NO,NO,0