,Unnamed: 0,ID,ANIO,LESIONADOS,FALLECIDOS,LATITUD_Y,LONGITUD_X,PROVINCIA,CANTON,PARROQUIA,ZONA,FECHA,HORA,PERIODO_2,DIA_1,DIA_2,MES_1,MES_2,FERIADO,CAUSA_PROBABLE,TIPO_DE_SINIESTRO,TIPO_DE_VEHICULO_1,AUTOMOVIL,BICICLETA,BUS,CAMION,CAMIONETA,EMERGENCIAS,ESPECIAL,FURGONETA,MOTOCICLETA,NO_IDENTIFICADO,SCOOTER_ELECTRICO,TRICIMOTO,VEHICULO_DEPORTIVO_UTILITARIO,SUMA_DE_VEHICULOS,EDAD_1,SEXO_1,CONDICION_1,PARTICIPANTE_1,CASCO_1,CINTURON_1,KMeans_Cluster
1404,4331,4332,2017,1,0,-0.096681,-78.469779,PICHINCHA,QUITO,QUITO,RURAL,2017-02-24,10:45:00,10,VIERNES,5,FEBRERO,2,SI,CONDUCIR VEHICULO SUPERANDO LOS LIMITES MAXIMOS DE VELOCIDAD.,VOLCAMIENTOS,FURGONETA,0,0,0,0,0,0,0,1,0,0,0,0,0,1,29,HOMBRE,LESIONADO,PASAJERO,NO,NO,3
1405,4332,4333,2017,1,0,-0.346034,-78.444339,PICHINCHA,RUMINIAHUI,SANGOLQUI,URBANA,2017-02-24,11:00:00,11,VIERNES,5,FEBRERO,2,SI,"CONDUCIR DESATENTO A LAS CONDICIONES DE TRANSITO (CELULAR, PANTALLAS DE VIDEO, COMIDA, MAQUILLAJE O CUALQUIER OTRO ELEMENTO DISTRACTOR).",CHOQUE POSTERIOR,CAMION,0,0,1,1,0,0,0,0,0,0,0,0,0,2,36,HOMBRE,LESIONADO,CONDUCTOR PRESENTE,NO,NO,0
1406,4336,4337,2017,1,0,-0.272254,-78.540269,PICHINCHA,QUITO,QUITO,URBANA,2017-02-24,12:10:00,12,VIERNES,5,FEBRERO,2,SI,NO CEDER EL DERECHO DE VIA O PREFERENCIA DE PASO AL PEATON.,ATROPELLOS,NO IDENTIFICADO,0,0,0,0,0,0,0,0,0,1,0,0,0,1,13,HOMBRE,LESIONADO,PEATON,NO,NO,0
1407,4343,4344,2017,2,0,-0.068518,-78.452156,PICHINCHA,QUITO,CALDERON (CARAPUNGO),RURAL,2017-02-24,13:10:00,13,VIERNES,5,FEBRERO,2,SI,NO TRANSITAR POR LAS ACERAS O ZONAS DE SEGURIDAD DESTINADAS PARA EL EFECTO.,ATROPELLOS,MOTOCICLETA,0,0,0,0,0,0,0,0,1,0,0,0,0,1,44,HOMBRE,LESIONADO,CONDUCTOR PRESENTE,NO,NO,3
1408,4345,4346,2017,0,0,-0.209411,-78.502023,PICHINCHA,QUITO,QUITO,URBANA,2017-02-24,13:40:00,13,VIERNES,5,FEBRERO,2,SI,REALIZAR CAMBIO BRUSCO O INDEBIDO DE CARRIL.,ROZAMIENTOS,AUTOMOVIL,1,0,1,0,0,0,0,0,0,0,0,0,0,2,27,MUJER,ILESO,CONDUCTOR PRESENTE,NO,NO,0
1409,4346,4347,2017,1,0,-0.282181,-78.544961,PICHINCHA,QUITO,QUITO,URBANA,2017-02-24,13:50:00,13,VIERNES,5,FEBRERO,2,SI,NO CEDER EL DERECHO DE VIA O PREFERENCIA DE PASO AL PEATON.,ATROPELLOS,AUTOMOVIL,1,0,0,0,0,0,0,0,0,0,0,0,0,1,11,MUJER,LESIONADO,PEATON,NO,NO,0
1410,4347,4348,2017,1,0,-0.092531,-78.436732,PICHINCHA,QUITO,CALDERON (CARAPUNGO),RURAL,2017-02-24,14:45:00,14,VIERNES,5,FEBRERO,2,SI,NO CEDER EL DERECHO DE VIA O PREFERENCIA DE PASO AL PEATON.,ATROPELLOS,FURGONETA,0,0,0,0,0,0,0,1,0,0,0,0,0,1,85,HOMBRE,LESIONADO,PEATON,NO,NO,3
1411,4352,4353,2017,1,0,-0.281021,-78.553941,PICHINCHA,QUITO,QUITO,URBANA,2017-02-24,15:50:00,15,VIERNES,5,FEBRERO,2,SI,NO GUARDAR LA DISTANCIA LATERAL MINIMA DE SEGURIDAD ENTRE VEHICULOS.,ROZAMIENTOS,CAMION,0,0,0,1,0,0,0,0,0,0,0,0,1,2,25,MUJER,LESIONADO,PASAJERO,NO,NO,0
1412,4356,4357,2017,0,0,-0.150101,-78.490359,PICHINCHA,QUITO,QUITO,URBANA,2017-02-24,16:15:00,16,VIERNES,5,FEBRERO,2,SI,"CONDUCIR DESATENTO A LAS CONDICIONES DE TRANSITO (CELULAR, PANTALLAS DE VIDEO, COMIDA, MAQUILLAJE O CUALQUIER OTRO ELEMENTO DISTRACTOR).",ESTRELLAMIENTOS,AUTOMOVIL,1,0,0,0,0,0,0,0,0,0,0,0,1,2,55,HOMBRE,ILESO,CONDUCTOR PRESENTE,NO,NO,0
1413,4361,4362,2017,3,0,-0.328479,-78.522941,PICHINCHA,QUITO,QUITO,URBANA,2017-02-24,17:20:00,17,VIERNES,5,FEBRERO,2,SI,CONDUCIR VEHICULO SUPERANDO LOS LIMITES MAXIMOS DE VELOCIDAD.,CHOQUE POSTERIOR,CAMIONETA,1,0,0,0,1,0,0,0,0,0,0,0,0,2,23,MUJER,LESIONADO,PASAJERO,NO,NO,0
1414,4364,4365,2017,0,0,-0.154921,-78.484628,PICHINCHA,QUITO,QUITO,URBANA,2017-02-24,17:50:00,17,VIERNES,5,FEBRERO,2,SI,NO GUARDAR LA DISTANCIA LATERAL MINIMA DE SEGURIDAD ENTRE VEHICULOS.,ROZAMIENTOS,AUTOMOVIL,2,0,0,0,0,0,0,0,0,0,0,0,0,2,55,HOMBRE,ILESO,CONDUCTOR PRESENTE,NO,NO,0
1415,4369,4370,2017,0,0,-0.243996,-78.502201,PICHINCHA,QUITO,QUITO,URBANA,2017-02-24,19:00:00,19,VIERNES,5,FEBRERO,2,SI,CONDUCIR VEHICULO SUPERANDO LOS LIMITES MAXIMOS DE VELOCIDAD.,VOLCAMIENTOS,AUTOMOVIL,1,0,0,0,0,0,0,0,0,0,0,0,0,1,-1,NO IDENTIFICADO,NO IDENTIFICADO,CONDUCTOR AUSENTE,NO,NO,2
1416,4373,4374,2017,1,0,-0.146272,-78.475036,PICHINCHA,QUITO,QUITO,URBANA,2017-02-24,19:40:00,19,VIERNES,5,FEBRERO,2,SI,"NO RESPETAR LAS SENIALES REGLAMENTARIAS DE TRANSITO. (PARE, CEDA EL PASO, LUZ ROJA DEL SEMAFORO, ETC).",OTROS,BICICLETA,0,1,0,0,0,0,0,0,0,1,0,0,0,2,60,HOMBRE,LESIONADO,CONDUCTOR PRESENTE,NO,NO,0
1417,4377,4378,2017,0,0,-0.162036,-78.495503,PICHINCHA,QUITO,QUITO,URBANA,2017-02-24,20:30:00,20,VIERNES,5,FEBRERO,2,SI,"CONDUCIR DESATENTO A LAS CONDICIONES DE TRANSITO (CELULAR, PANTALLAS DE VIDEO, COMIDA, MAQUILLAJE O CUALQUIER OTRO ELEMENTO DISTRACTOR).",ESTRELLAMIENTOS,VEHICULO DEPORTIVO UTILITARIO,0,0,0,0,0,0,0,0,0,0,0,0,1,1,-1,NO IDENTIFICADO,NO IDENTIFICADO,CONDUCTOR AUSENTE,NO,NO,2
1418,4379,4380,2017,1,0,-0.229787,-78.485515,PICHINCHA,QUITO,QUITO,URBANA,2017-02-24,21:00:00,21,VIERNES,5,FEBRERO,2,SI,NO CEDER EL DERECHO DE VIA O PREFERENCIA DE PASO AL PEATON.,ATROPELLOS,NO IDENTIFICADO,0,0,0,0,0,0,0,0,0,1,0,0,0,1,53,MUJER,LESIONADO,PEATON,NO,NO,0
1419,4383,4384,2017,0,0,-0.264263,-78.550014,PICHINCHA,QUITO,QUITO,URBANA,2017-02-24,21:40:00,21,VIERNES,5,FEBRERO,2,SI,NO MANTENER LA DISTANCIA PRUDENCIAL CON RESPECTO AL VEHICULO QUE LE ANTECEDE.,CHOQUE POSTERIOR,AUTOMOVIL,2,0,0,0,0,0,0,0,0,0,0,0,0,2,47,HOMBRE,ILESO,CONDUCTOR PRESENTE,NO,NO,0
1420,4386,4387,2017,0,0,-0.292724,-78.476486,PICHINCHA,QUITO,CONOCOTO,RURAL,2017-02-24,21:50:00,21,VIERNES,5,FEBRERO,2,SI,"NO RESPETAR LAS SENIALES REGLAMENTARIAS DE TRANSITO. (PARE, CEDA EL PASO, LUZ ROJA DEL SEMAFORO, ETC).",CHOQUE LATERAL,AUTOMOVIL,1,0,0,0,0,0,0,0,0,1,0,0,0,2,23,HOMBRE,ILESO,CONDUCTOR PRESENTE,NO,NO,3
1421,4387,4388,2017,0,0,-0.334427,-78.519918,PICHINCHA,QUITO,QUITO,URBANA,2017-02-24,22:00:00,22,VIERNES,5,FEBRERO,2,SI,CONDUCIR VEHICULO SUPERANDO LOS LIMITES MAXIMOS DE VELOCIDAD.,ESTRELLAMIENTOS,VEHICULO DEPORTIVO UTILITARIO,0,0,0,0,0,0,0,0,0,0,0,0,1,1,-1,NO IDENTIFICADO,NO IDENTIFICADO,CONDUCTOR AUSENTE,NO,NO,2
1422,4389,4390,2017,2,0,-0.437523,-78.703987,PICHINCHA,MEJIA,ALOAG,RURAL,2017-02-24,22:19:00,22,VIERNES,5,FEBRERO,2,SI,"CONDUCIR DESATENTO A LAS CONDICIONES DE TRANSITO (CELULAR, PANTALLAS DE VIDEO, COMIDA, MAQUILLAJE O CUALQUIER OTRO ELEMENTO DISTRACTOR).",CHOQUE LATERAL,CAMION,0,0,0,1,0,0,0,0,0,0,0,0,1,2,31,MUJER,LESIONADO,PASAJERO,NO,NO,3
1423,4390,4391,2017,0,1,-0.238213,-78.484807,PICHINCHA,QUITO,QUITO,URBANA,2017-02-24,22:25:00,22,VIERNES,5,FEBRERO,2,SI,NO TRANSITAR POR LAS ACERAS O ZONAS DE SEGURIDAD DESTINADAS PARA EL EFECTO.,ATROPELLOS,NO IDENTIFICADO,0,0,0,0,0,0,0,0,0,1,0,0,0,1,26,HOMBRE,FALLECIDO,PEATON,NO,NO,0
1424,4392,4393,2017,0,1,-0.436311,-78.553255,PICHINCHA,MEJIA,ALOAG,RURAL,2017-02-24,22:52:00,22,VIERNES,5,FEBRERO,2,SI,"CONDUCIR DESATENTO A LAS CONDICIONES DE TRANSITO (CELULAR, PANTALLAS DE VIDEO, COMIDA, MAQUILLAJE O CUALQUIER OTRO ELEMENTO DISTRACTOR).",VOLCAMIENTOS,MOTOCICLETA,0,0,0,0,0,0,0,0,1,1,0,0,0,2,28,HOMBRE,FALLECIDO,CONDUCTOR PRESENTE,NO,NO,3
1425,4400,4401,2017,1,0,-0.157406,-78.485051,PICHINCHA,QUITO,QUITO,URBANA,2017-02-24,23:45:00,23,VIERNES,5,FEBRERO,2,SI,"CONDUCE BAJO LA INFLUENCIA DE ALCOHOL, SUSTANCIAS ESTUPEFACIENTES O PSICOTROPICAS Y/O MEDICAMENTOS.",CHOQUE POSTERIOR,AUTOMOVIL,2,0,0,0,0,0,0,0,0,0,0,0,0,2,30,HOMBRE,LESIONADO,CONDUCTOR PRESENTE,NO,NO,0
1426,4401,4402,2017,1,0,-0.160557,-78.463724,PICHINCHA,QUITO,QUITO,URBANA,2017-02-25,00:05:00,0,SABADO,6,FEBRERO,2,SI,CONDUCIR VEHICULO SUPERANDO LOS LIMITES MAXIMOS DE VELOCIDAD.,ESTRELLAMIENTOS,AUTOMOVIL,1,0,0,0,0,0,0,0,0,0,0,0,0,1,29,MUJER,LESIONADO,PASAJERO,NO,NO,0
1427,4402,4403,2017,0,0,-0.116086,-78.488281,PICHINCHA,QUITO,QUITO,URBANA,2017-02-25,00:05:00,0,SABADO,6,FEBRERO,2,SI,"CONDUCE BAJO LA INFLUENCIA DE ALCOHOL, SUSTANCIAS ESTUPEFACIENTES O PSICOTROPICAS Y/O MEDICAMENTOS.",ESTRELLAMIENTOS,AUTOMOVIL,1,0,0,0,0,0,0,0,0,0,0,0,0,1,37,HOMBRE,ILESO,CONDUCTOR PRESENTE,NO,NO,0
1428,4407,4408,2017,2,0,-0.120424,-78.415686,PICHINCHA,QUITO,CALDERON (CARAPUNGO),RURAL,2017-02-25,01:00:00,1,SABADO,6,FEBRERO,2,SI,"CONDUCIR EN ESTADO DE SOMNOLENCIA O MALAS CONDICIONES FISICAS (SUENIO, CANSANCIO Y FATIGA).",OTROS,MOTOCICLETA,0,0,0,0,0,0,0,0,1,0,0,0,0,1,22,HOMBRE,LESIONADO,PASAJERO,NO,NO,3
1429,4409,4410,2017,4,0,-0.119451,-78.506659,PICHINCHA,QUITO,QUITO,URBANA,2017-02-25,01:10:00,1,SABADO,6,FEBRERO,2,SI,CONDUCIR VEHICULO SUPERANDO LOS LIMITES MAXIMOS DE VELOCIDAD.,COLISION,CAMIONETA,1,0,0,0,1,0,0,0,0,1,0,0,0,3,30,HOMBRE,LESIONADO,PASAJERO,NO,NO,0
1430,4410,4411,2017,0,0,-0.273825,-78.510216,PICHINCHA,QUITO,QUITO,URBANA,2017-02-25,01:25:00,1,SABADO,6,FEBRERO,2,SI,"CONDUCE BAJO LA INFLUENCIA DE ALCOHOL, SUSTANCIAS ESTUPEFACIENTES O PSICOTROPICAS Y/O MEDICAMENTOS.",CHOQUE POSTERIOR,AUTOMOVIL,1,0,0,0,0,0,0,1,0,0,0,0,0,2,30,HOMBRE,ILESO,CONDUCTOR PRESENTE,NO,NO,0
1431,4412,4413,2017,0,0,-0.232388,-78.503195,PICHINCHA,QUITO,QUITO,URBANA,2017-02-25,01:30:00,1,SABADO,6,FEBRERO,2,SI,"CONDUCIR EN ESTADO DE SOMNOLENCIA O MALAS CONDICIONES FISICAS (SUENIO, CANSANCIO Y FATIGA).",ESTRELLAMIENTOS,VEHICULO DEPORTIVO UTILITARIO,0,0,0,0,0,0,0,0,0,0,0,0,1,1,-1,NO IDENTIFICADO,NO IDENTIFICADO,CONDUCTOR AUSENTE,NO,NO,2
1432,4417,4418,2017,0,0,-0.227978,-78.500921,PICHINCHA,QUITO,QUITO,URBANA,2017-02-25,02:29:00,2,SABADO,6,FEBRERO,2,SI,"CONDUCE BAJO LA INFLUENCIA DE ALCOHOL, SUSTANCIAS ESTUPEFACIENTES O PSICOTROPICAS Y/O MEDICAMENTOS.",COLISION,AUTOMOVIL,3,0,0,0,0,0,0,0,0,0,0,0,0,3,33,HOMBRE,ILESO,CONDUCTOR PRESENTE,NO,NO,0
1433,4419,4420,2017,2,0,-0.018451,-78.452721,PICHINCHA,QUITO,SAN ANTONIO (QUITO),URBANA,2017-02-25,02:45:00,2,SABADO,6,FEBRERO,2,SI,"CONDICIONES AMBIENTALES Y/O ATMOSFERICAS (NIEBLA, NEBLINA, GRANIZO, LLUVIA).",PERDIDA DE PISTA,AUTOMOVIL,1,0,0,0,0,0,0,0,0,0,0,0,0,1,25,MUJER,LESIONADO,PASAJERO,NO,NO,0
1434,4424,4425,2017,0,0,-0.159831,-78.487795,PICHINCHA,QUITO,QUITO,URBANA,2017-02-25,03:20:00,3,SABADO,6,FEBRERO,2,SI,"CONDUCIR EN ESTADO DE SOMNOLENCIA O MALAS CONDICIONES FISICAS (SUENIO, CANSANCIO Y FATIGA).",ESTRELLAMIENTOS,AUTOMOVIL,1,0,0,0,0,0,0,0,0,0,0,0,0,1,-1,NO IDENTIFICADO,NO IDENTIFICADO,CONDUCTOR AUSENTE,NO,NO,2
1435,4426,4427,2017,0,0,-0.297419,-78.461118,PICHINCHA,RUMINIAHUI,SANGOLQUI,URBANA,2017-02-25,03:45:00,3,SABADO,6,FEBRERO,2,SI,"CONDUCE BAJO LA INFLUENCIA DE ALCOHOL, SUSTANCIAS ESTUPEFACIENTES O PSICOTROPICAS Y/O MEDICAMENTOS.",ESTRELLAMIENTOS,CAMIONETA,0,0,0,0,1,0,0,0,0,0,0,0,0,1,31,HOMBRE,ILESO,CONDUCTOR PRESENTE,NO,NO,0
1436,4431,4432,2017,1,0,-0.206438,-78.370261,PICHINCHA,QUITO,PUEMBO,RURAL,2017-02-25,04:20:00,4,SABADO,6,FEBRERO,2,SI,"CONDUCIR EN ESTADO DE SOMNOLENCIA O MALAS CONDICIONES FISICAS (SUENIO, CANSANCIO Y FATIGA).",PERDIDA DE PISTA,CAMION,0,0,0,1,0,0,0,0,0,0,0,0,0,1,26,HOMBRE,LESIONADO,PASAJERO,NO,NO,3
1437,4432,4433,2017,0,0,-0.133554,-78.501956,PICHINCHA,QUITO,QUITO,URBANA,2017-02-25,04:22:00,4,SABADO,6,FEBRERO,2,SI,"CONDUCIR EN ESTADO DE SOMNOLENCIA O MALAS CONDICIONES FISICAS (SUENIO, CANSANCIO Y FATIGA).",ESTRELLAMIENTOS,AUTOMOVIL,1,0,0,0,0,0,0,0,0,0,0,0,0,1,-1,NO IDENTIFICADO,NO IDENTIFICADO,CONDUCTOR AUSENTE,NO,NO,2
1438,4434,4435,2017,1,0,-0.188211,-78.516441,PICHINCHA,QUITO,QUITO,URBANA,2017-02-25,04:30:00,4,SABADO,6,FEBRERO,2,SI,"CONDUCE BAJO LA INFLUENCIA DE ALCOHOL, SUSTANCIAS ESTUPEFACIENTES O PSICOTROPICAS Y/O MEDICAMENTOS.",ATROPELLOS,AUTOMOVIL,1,0,0,0,0,0,0,0,0,0,0,0,0,1,21,MUJER,LESIONADO,PEATON,NO,NO,0
1439,4436,4437,2017,0,0,-0.085284,-78.398279,PICHINCHA,QUITO,CALDERON (CARAPUNGO),RURAL,2017-02-25,04:50:00,4,SABADO,6,FEBRERO,2,SI,"CONDUCE BAJO LA INFLUENCIA DE ALCOHOL, SUSTANCIAS ESTUPEFACIENTES O PSICOTROPICAS Y/O MEDICAMENTOS.",CHOQUE LATERAL,AUTOMOVIL,2,0,0,0,0,0,0,0,0,0,0,0,0,2,36,HOMBRE,ILESO,CONDUCTOR PRESENTE,NO,NO,3
1440,4438,4439,2017,0,0,-0.203454,-78.458892,PICHINCHA,QUITO,QUITO,RURAL,2017-02-25,05:10:00,5,SABADO,6,FEBRERO,2,SI,CONDUCIR VEHICULO SUPERANDO LOS LIMITES MAXIMOS DE VELOCIDAD.,ESTRELLAMIENTOS,AUTOMOVIL,1,0,0,0,0,0,0,0,0,0,0,0,0,1,-1,NO IDENTIFICADO,NO IDENTIFICADO,CONDUCTOR AUSENTE,NO,NO,2
1441,4441,4442,2017,0,0,-0.210088,-78.493698,PICHINCHA,QUITO,QUITO,URBANA,2017-02-25,05:30:00,5,SABADO,6,FEBRERO,2,SI,"CONDUCIR DESATENTO A LAS CONDICIONES DE TRANSITO (CELULAR, PANTALLAS DE VIDEO, COMIDA, MAQUILLAJE O CUALQUIER OTRO ELEMENTO DISTRACTOR).",ESTRELLAMIENTOS,AUTOMOVIL,1,0,0,0,0,0,0,0,0,0,0,0,0,1,-1,NO IDENTIFICADO,NO IDENTIFICADO,CONDUCTOR AUSENTE,NO,NO,2
1442,4450,4451,2017,1,0,-0.297826,-78.455876,PICHINCHA,QUITO,ALANGASI,RURAL,2017-02-25,08:00:00,8,SABADO,6,FEBRERO,2,SI,"CONDUCE BAJO LA INFLUENCIA DE ALCOHOL, SUSTANCIAS ESTUPEFACIENTES O PSICOTROPICAS Y/O MEDICAMENTOS.",CHOQUE LATERAL,CAMIONETA,1,0,0,0,1,0,0,0,0,0,0,0,0,2,44,HOMBRE,LESIONADO,CONDUCTOR PRESENTE,NO,NO,3
1443,4451,4452,2017,0,0,-0.198855,-78.436693,PICHINCHA,QUITO,CUMBAYA,RURAL,2017-02-25,08:00:00,8,SABADO,6,FEBRERO,2,SI,"ADELANTAR O REBASAR A OTRO VEHICULO EN MOVIMIENTO EN ZONAS O SITIOS PELIGROSOS TALES COMO: CURVAS, PUENTES, TUNELES, PENDIENTES, ETC.",CHOQUE FRONTAL,VEHICULO DEPORTIVO UTILITARIO,1,0,0,0,0,0,0,0,0,0,0,0,1,2,43,MUJER,ILESO,CONDUCTOR PRESENTE,NO,NO,3
1444,4452,4453,2017,0,0,-0.195164,-78.479483,PICHINCHA,QUITO,QUITO,URBANA,2017-02-25,08:20:00,8,SABADO,6,FEBRERO,2,SI,"CONDUCIR DESATENTO A LAS CONDICIONES DE TRANSITO (CELULAR, PANTALLAS DE VIDEO, COMIDA, MAQUILLAJE O CUALQUIER OTRO ELEMENTO DISTRACTOR).",ESTRELLAMIENTOS,AUTOMOVIL,2,0,0,0,0,0,0,0,0,0,0,0,0,2,-1,NO IDENTIFICADO,NO IDENTIFICADO,CONDUCTOR AUSENTE,NO,NO,2
1445,4454,4455,2017,1,0,-0.105779,-78.462379,PICHINCHA,QUITO,QUITO,URBANA,2017-02-25,08:30:00,8,SABADO,6,FEBRERO,2,SI,NO MANTENER LA DISTANCIA PRUDENCIAL CON RESPECTO AL VEHICULO QUE LE ANTECEDE.,CHOQUE POSTERIOR,CAMIONETA,0,0,0,0,1,0,0,0,0,0,0,0,1,2,29,MUJER,LESIONADO,CONDUCTOR PRESENTE,NO,NO,0
1446,4455,4456,2017,0,0,-0.216756,-78.402138,PICHINCHA,QUITO,TUMBACO,RURAL,2017-02-25,08:50:00,8,SABADO,6,FEBRERO,2,SI,NO CEDER EL DERECHO DE VIA O PREFERENCIA DE PASO A VEHICULOS.,CHOQUE LATERAL,MOTOCICLETA,1,0,0,0,0,0,0,0,1,0,0,0,0,2,28,MUJER,ILESO,CONDUCTOR PRESENTE,NO,NO,3
1447,4462,4463,2017,0,0,-0.068523,-78.372771,PICHINCHA,QUITO,GUAYLLABAMBA,RURAL,2017-02-25,10:45:00,10,SABADO,6,FEBRERO,2,SI,NO MANTENER LA DISTANCIA PRUDENCIAL CON RESPECTO AL VEHICULO QUE LE ANTECEDE.,COLISION,AUTOMOVIL,2,0,0,0,0,0,0,0,0,0,0,0,0,2,19,HOMBRE,ILESO,CONDUCTOR PRESENTE,NO,NO,3
1448,4463,4464,2017,0,0,-0.195771,-78.484198,PICHINCHA,QUITO,QUITO,URBANA,2017-02-25,10:45:00,10,SABADO,6,FEBRERO,2,SI,"NO RESPETAR LAS SENIALES REGLAMENTARIAS DE TRANSITO. (PARE, CEDA EL PASO, LUZ ROJA DEL SEMAFORO, ETC).",CHOQUE LATERAL,CAMIONETA,0,0,0,0,1,0,0,0,0,0,0,0,1,2,57,HOMBRE,ILESO,CONDUCTOR PRESENTE,NO,NO,0
1449,4475,4476,2017,0,1,-0.318581,-78.549284,PICHINCHA,QUITO,QUITO,URBANA,2017-02-25,12:22:00,12,SABADO,6,FEBRERO,2,SI,"ADELANTAR O REBASAR A OTRO VEHICULO EN MOVIMIENTO EN ZONAS O SITIOS PELIGROSOS TALES COMO: CURVAS, PUENTES, TUNELES, PENDIENTES, ETC.",CHOQUE POSTERIOR,CAMION,0,0,0,1,0,0,0,0,1,0,0,0,0,2,44,HOMBRE,FALLECIDO,CONDUCTOR PRESENTE,NO,NO,0
1450,4477,4478,2017,1,0,-0.101875,-78.490497,PICHINCHA,QUITO,QUITO,URBANA,2017-02-25,12:50:00,12,SABADO,6,FEBRERO,2,SI,NO CEDER EL DERECHO DE VIA O PREFERENCIA DE PASO AL PEATON.,ATROPELLOS,NO IDENTIFICADO,0,0,0,0,0,0,0,0,0,1,0,0,0,1,6,MUJER,LESIONADO,PEATON,NO,NO,0
1451,4479,4480,2017,0,0,-0.437643,-78.553637,PICHINCHA,MEJIA,ALOAG,RURAL,2017-02-25,13:40:00,13,SABADO,6,FEBRERO,2,SI,NO MANTENER LA DISTANCIA PRUDENCIAL CON RESPECTO AL VEHICULO QUE LE ANTECEDE.,COLISION,AUTOMOVIL,3,0,0,0,1,0,0,0,0,0,0,0,0,4,21,HOMBRE,ILESO,CONDUCTOR PRESENTE,NO,NO,3
1452,4482,4483,2017,0,1,-0.292655,-78.448955,PICHINCHA,QUITO,ALANGASI,RURAL,2017-02-25,14:00:00,14,SABADO,6,FEBRERO,2,SI,DEJAR O RECOGER PASAJEROS EN LUGARES NO PERMITIDOS.,CAIDA DE PASAJERO,BUS,0,0,1,0,0,0,0,0,0,0,0,0,0,1,59,HOMBRE,FALLECIDO,PASAJERO,NO,NO,3
1453,4483,4484,2017,1,0,-0.005353,-78.444051,PICHINCHA,QUITO,SAN ANTONIO (QUITO),RURAL,2017-02-25,14:25:00,14,SABADO,6,FEBRERO,2,SI,"CONDUCIR DESATENTO A LAS CONDICIONES DE TRANSITO (CELULAR, PANTALLAS DE VIDEO, COMIDA, MAQUILLAJE O CUALQUIER OTRO ELEMENTO DISTRACTOR).",OTROS,MOTOCICLETA,0,0,0,0,0,0,0,0,1,0,0,0,0,1,26,HOMBRE,LESIONADO,PASAJERO,NO,NO,3
1454,4488,4489,2017,0,0,-0.099083,-78.421844,PICHINCHA,QUITO,CALDERON (CARAPUNGO),RURAL,2017-02-25,15:20:00,15,SABADO,6,FEBRERO,2,SI,"CONDUCIR DESATENTO A LAS CONDICIONES DE TRANSITO (CELULAR, PANTALLAS DE VIDEO, COMIDA, MAQUILLAJE O CUALQUIER OTRO ELEMENTO DISTRACTOR).",ESTRELLAMIENTOS,AUTOMOVIL,2,0,0,0,0,0,0,0,0,0,0,0,0,2,37,HOMBRE,ILESO,CONDUCTOR PRESENTE,NO,NO,3
1455,4496,4497,2017,0,0,-0.199767,-78.428809,PICHINCHA,QUITO,CUMBAYA,RURAL,2017-02-25,17:50:00,17,SABADO,6,FEBRERO,2,SI,CONDUCIR VEHICULO SUPERANDO LOS LIMITES MAXIMOS DE VELOCIDAD.,PERDIDA DE PISTA,CAMIONETA,0,0,0,0,1,0,0,0,0,0,0,0,0,1,33,HOMBRE,ILESO,CONDUCTOR PRESENTE,NO,NO,3
1456,4501,4502,2017,1,0,-0.211147,-78.482527,PICHINCHA,QUITO,QUITO,URBANA,2017-02-25,19:00:00,19,SABADO,6,FEBRERO,2,SI,"CONDUCIR DESATENTO A LAS CONDICIONES DE TRANSITO (CELULAR, PANTALLAS DE VIDEO, COMIDA, MAQUILLAJE O CUALQUIER OTRO ELEMENTO DISTRACTOR).",ESTRELLAMIENTOS,MOTOCICLETA,0,0,1,0,0,0,0,0,1,0,0,0,0,2,42,HOMBRE,LESIONADO,CONDUCTOR PRESENTE,NO,NO,0
1457,4507,4508,2017,0,0,-0.231141,-78.503901,PICHINCHA,QUITO,QUITO,URBANA,2017-02-25,19:50:00,19,SABADO,6,FEBRERO,2,SI,CONDUCIR VEHICULO SUPERANDO LOS LIMITES MAXIMOS DE VELOCIDAD.,VOLCAMIENTOS,VEHICULO DEPORTIVO UTILITARIO,0,0,0,0,0,0,0,0,0,0,0,0,1,1,20,HOMBRE,ILESO,CONDUCTOR PRESENTE,NO,NO,0
1458,4511,4512,2017,4,0,-0.355609,-78.548711,PICHINCHA,QUITO,QUITO,URBANA,2017-02-25,20:35:00,20,SABADO,6,FEBRERO,2,SI,CONDUCIR VEHICULO SUPERANDO LOS LIMITES MAXIMOS DE VELOCIDAD.,ESTRELLAMIENTOS,AUTOMOVIL,1,0,0,0,0,0,0,0,0,0,0,0,0,1,27,HOMBRE,LESIONADO,PASAJERO,NO,NO,0
1459,4514,4515,2017,1,0,-0.328479,-78.522294,PICHINCHA,QUITO,QUITO,URBANA,2017-02-25,21:00:00,21,SABADO,6,FEBRERO,2,SI,NO TRANSITAR POR LAS ACERAS O ZONAS DE SEGURIDAD DESTINADAS PARA EL EFECTO.,ATROPELLOS,NO IDENTIFICADO,0,0,0,0,0,0,0,0,0,1,0,0,0,1,25,HOMBRE,LESIONADO,PEATON,NO,NO,0
1460,4519,4520,2017,1,0,-0.087793,-78.429721,PICHINCHA,QUITO,CALDERON (CARAPUNGO),RURAL,2017-02-25,22:00:00,22,SABADO,6,FEBRERO,2,SI,"CONDUCE BAJO LA INFLUENCIA DE ALCOHOL, SUSTANCIAS ESTUPEFACIENTES O PSICOTROPICAS Y/O MEDICAMENTOS.",CHOQUE LATERAL,AUTOMOVIL,1,0,0,0,0,0,0,0,1,0,0,0,0,2,33,HOMBRE,LESIONADO,CONDUCTOR PRESENTE,NO,NO,3