,Unnamed: 0,ID,ANIO,LESIONADOS,FALLECIDOS,LATITUD_Y,LONGITUD_X,PROVINCIA,CANTON,PARROQUIA,ZONA,FECHA,HORA,PERIODO_2,DIA_1,DIA_2,MES_1,MES_2,FERIADO,CAUSA_PROBABLE,TIPO_DE_SINIESTRO,TIPO_DE_VEHICULO_1,AUTOMOVIL,BICICLETA,BUS,CAMION,CAMIONETA,EMERGENCIAS,ESPECIAL,FURGONETA,MOTOCICLETA,NO_IDENTIFICADO,SCOOTER_ELECTRICO,TRICIMOTO,VEHICULO_DEPORTIVO_UTILITARIO,SUMA_DE_VEHICULOS,EDAD_1,SEXO_1,CONDICION_1,PARTICIPANTE_1,CASCO_1,CINTURON_1,KMeans_Cluster
1461,4521,4522,2017,0,1,-0.055527,-78.455031,PICHINCHA,QUITO,POMASQUI,URBANA,2017-02-25,22:15:00,22,SABADO,6,FEBRERO,2,SI,"CASO FORTUITO O FUERZA MAYOR (EXPLOSION DE NEUMATICO NUEVO, DERRUMBE, INUNDACION, CAIDA DE PUENTE, ARBOL, PRESENCIA INTEMPESTIVA E IMPREVISTA DE SEMOVIENTES EN LA VIA, ETC.).",PERDIDA DE PISTA,CAMION,0,0,0,1,0,0,0,0,0,0,0,0,0,1,43,HOMBRE,FALLECIDO,PEATON,NO,NO,0
1462,4522,4523,2017,0,0,-0.208325,-78.406051,PICHINCHA,QUITO,TUMBACO,RURAL,2017-02-25,22:20:00,22,SABADO,6,FEBRERO,2,SI,NO MANTENER LA DISTANCIA PRUDENCIAL CON RESPECTO AL VEHICULO QUE LE ANTECEDE.,COLISION,AUTOMOVIL,2,0,1,0,0,0,0,0,0,0,0,0,0,3,35,HOMBRE,ILESO,CONDUCTOR PRESENTE,NO,NO,3
1463,4534,4535,2017,2,0,0.030699,-78.720371,PICHINCHA,QUITO,NANEGALITO,URBANA,2017-02-26,00:40:00,0,DOMINGO,7,FEBRERO,2,SI,"CONDUCE BAJO LA INFLUENCIA DE ALCOHOL, SUSTANCIAS ESTUPEFACIENTES O PSICOTROPICAS Y/O MEDICAMENTOS.",CHOQUE FRONTAL,BUS,1,0,1,0,0,0,0,0,0,0,0,0,0,2,62,HOMBRE,LESIONADO,PASAJERO,NO,NO,0
1464,4535,4536,2017,1,0,-0.358174,-78.469313,PICHINCHA,RUMINIAHUI,SANGOLQUI,URBANA,2017-02-26,01:00:00,1,DOMINGO,7,FEBRERO,2,SI,"CONDUCIR DESATENTO A LAS CONDICIONES DE TRANSITO (CELULAR, PANTALLAS DE VIDEO, COMIDA, MAQUILLAJE O CUALQUIER OTRO ELEMENTO DISTRACTOR).",CHOQUE LATERAL,VEHICULO DEPORTIVO UTILITARIO,0,0,0,0,0,0,0,0,0,0,0,0,2,2,-1,NO IDENTIFICADO,LESIONADO,PASAJERO,NO,NO,2
1465,4547,4548,2017,0,0,-0.214746,-78.489054,PICHINCHA,QUITO,QUITO,URBANA,2017-02-26,03:30:00,3,DOMINGO,7,FEBRERO,2,SI,"CONDUCIR EN ESTADO DE SOMNOLENCIA O MALAS CONDICIONES FISICAS (SUENIO, CANSANCIO Y FATIGA).",ESTRELLAMIENTOS,AUTOMOVIL,1,0,0,0,0,0,0,0,0,0,0,0,0,1,-1,NO IDENTIFICADO,NO IDENTIFICADO,CONDUCTOR AUSENTE,NO,NO,2
1466,4550,4551,2017,5,0,-0.066261,-78.458204,PICHINCHA,QUITO,POMASQUI,URBANA,2017-02-26,04:05:00,4,DOMINGO,7,FEBRERO,2,SI,"CONDUCE BAJO LA INFLUENCIA DE ALCOHOL, SUSTANCIAS ESTUPEFACIENTES O PSICOTROPICAS Y/O MEDICAMENTOS.",CHOQUE POSTERIOR,AUTOMOVIL,2,0,0,0,0,0,0,0,0,0,0,0,0,2,65,HOMBRE,LESIONADO,PASAJERO,NO,NO,0
1467,4551,4552,2017,1,0,-0.242209,-78.442414,PICHINCHA,QUITO,GUANGOPOLO,URBANA,2017-02-26,04:10:00,4,DOMINGO,7,FEBRERO,2,SI,"CONDUCIR DESATENTO A LAS CONDICIONES DE TRANSITO (CELULAR, PANTALLAS DE VIDEO, COMIDA, MAQUILLAJE O CUALQUIER OTRO ELEMENTO DISTRACTOR).",CHOQUE FRONTAL,AUTOMOVIL,1,0,0,0,0,0,0,0,0,1,0,0,0,2,29,HOMBRE,LESIONADO,CONDUCTOR PRESENTE,NO,NO,0
1468,4555,4556,2017,0,0,-0.242475,-78.497488,PICHINCHA,QUITO,QUITO,URBANA,2017-02-26,04:45:00,4,DOMINGO,7,FEBRERO,2,SI,"CONDUCE BAJO LA INFLUENCIA DE ALCOHOL, SUSTANCIAS ESTUPEFACIENTES O PSICOTROPICAS Y/O MEDICAMENTOS.",ESTRELLAMIENTOS,AUTOMOVIL,2,0,0,0,0,0,0,0,0,0,0,0,0,2,35,HOMBRE,ILESO,CONDUCTOR PRESENTE,NO,NO,0
1469,4558,4559,2017,0,0,-0.277617,-78.517149,PICHINCHA,QUITO,QUITO,URBANA,2017-02-26,05:05:00,5,DOMINGO,7,FEBRERO,2,SI,CONDUCIR VEHICULO SUPERANDO LOS LIMITES MAXIMOS DE VELOCIDAD.,ESTRELLAMIENTOS,AUTOMOVIL,1,0,0,0,0,0,0,0,0,0,0,0,0,1,-1,NO IDENTIFICADO,NO IDENTIFICADO,CONDUCTOR AUSENTE,NO,NO,2
1470,4568,4569,2017,0,0,-0.133003,-78.312109,PICHINCHA,QUITO,CHECA (CHILPA),RURAL,2017-02-26,06:45:00,6,DOMINGO,7,FEBRERO,2,SI,"CONDUCIR DESATENTO A LAS CONDICIONES DE TRANSITO (CELULAR, PANTALLAS DE VIDEO, COMIDA, MAQUILLAJE O CUALQUIER OTRO ELEMENTO DISTRACTOR).",PERDIDA DE PISTA,CAMION,0,0,1,1,0,0,0,0,0,0,0,0,0,2,47,HOMBRE,ILESO,CONDUCTOR PRESENTE,NO,NO,3
1471,4569,4570,2017,1,0,-0.345609,-78.485648,PICHINCHA,QUITO,AMAGUANIA,RURAL,2017-02-26,07:00:00,7,DOMINGO,7,FEBRERO,2,SI,"PEATON TRANSITA BAJO INFLUENCIA DE ALCOHOL, SUSTANCIAS ESTUPEFACIENTES O PSICOTROPICAS Y/O MEDICAMENTOS.",ATROPELLOS,MOTOCICLETA,0,0,0,0,0,0,0,0,1,0,0,0,0,1,27,HOMBRE,LESIONADO,PEATON,NO,NO,3
1472,4574,4575,2017,0,0,0.082121,-78.192877,PICHINCHA,PEDRO MONCAYO,TUPIGACHI,URBANA,2017-02-26,08:36:00,8,DOMINGO,7,FEBRERO,2,SI,"CONDUCIR EN ESTADO DE SOMNOLENCIA O MALAS CONDICIONES FISICAS (SUENIO, CANSANCIO Y FATIGA).",ESTRELLAMIENTOS,CAMIONETA,0,0,0,0,1,0,0,0,0,0,0,0,0,1,-1,NO IDENTIFICADO,ILESO,CONDUCTOR PRESENTE,NO,NO,2
1473,4575,4576,2017,1,0,-0.085474,-78.397652,PICHINCHA,QUITO,CALDERON (CARAPUNGO),RURAL,2017-02-26,08:40:00,8,DOMINGO,7,FEBRERO,2,SI,"CONDUCIR DESATENTO A LAS CONDICIONES DE TRANSITO (CELULAR, PANTALLAS DE VIDEO, COMIDA, MAQUILLAJE O CUALQUIER OTRO ELEMENTO DISTRACTOR).",PERDIDA DE PISTA,CAMION,0,0,0,1,0,0,0,0,0,0,0,0,0,1,56,HOMBRE,LESIONADO,PASAJERO,NO,NO,3
1474,4583,4584,2017,0,1,-0.355609,-78.548711,PICHINCHA,QUITO,QUITO,URBANA,2017-02-26,11:20:00,11,DOMINGO,7,FEBRERO,2,SI,NO CEDER EL DERECHO DE VIA O PREFERENCIA DE PASO AL PEATON.,ATROPELLOS,AUTOMOVIL,1,0,0,0,0,0,0,0,0,0,0,0,0,1,16,MUJER,FALLECIDO,PEATON,NO,NO,0
1475,4588,4589,2017,1,0,-0.372596,-78.488077,PICHINCHA,QUITO,AMAGUANIA,URBANA,2017-02-26,12:10:00,12,DOMINGO,7,FEBRERO,2,SI,"FALLA MECANICA EN LOS SISTEMAS Y/O NEUMATICOS (SISTEMA DE FRENOS, DIRECCION, ELECTRONICO O MECANICO).",CHOQUE LATERAL,MOTOCICLETA,0,0,0,0,0,0,0,0,1,0,0,0,0,1,-1,NO IDENTIFICADO,LESIONADO,CONDUCTOR PRESENTE,NO,NO,2
1476,4593,4594,2017,0,1,-0.499413,-78.568505,PICHINCHA,MEJIA,MACHACHI,URBANA,2017-02-26,12:50:00,12,DOMINGO,7,FEBRERO,2,SI,NO TRANSITAR POR LAS ACERAS O ZONAS DE SEGURIDAD DESTINADAS PARA EL EFECTO.,ARROLLAMIENTOS,MOTOCICLETA,0,0,0,0,0,0,0,0,1,0,0,0,0,1,0,NO IDENTIFICADO,FALLECIDO,PEATON,NO,NO,0
1477,4602,4603,2017,1,0,-0.170291,-78.326517,PICHINCHA,QUITO,YARUQUI,RURAL,2017-02-26,14:35:00,14,DOMINGO,7,FEBRERO,2,SI,NO TRANSITAR POR LAS ACERAS O ZONAS DE SEGURIDAD DESTINADAS PARA EL EFECTO.,ATROPELLOS,NO IDENTIFICADO,0,0,0,0,0,0,0,0,0,1,0,0,0,1,82,HOMBRE,LESIONADO,PEATON,NO,NO,3
1478,4606,4607,2017,0,0,-0.302068,-78.561996,PICHINCHA,QUITO,QUITO,URBANA,2017-02-26,15:20:00,15,DOMINGO,7,FEBRERO,2,SI,REALIZAR CAMBIO BRUSCO O INDEBIDO DE CARRIL.,CHOQUE POSTERIOR,MOTOCICLETA,1,0,0,0,0,0,0,0,1,0,0,0,0,2,33,HOMBRE,ILESO,CONDUCTOR PRESENTE,NO,NO,0
1479,4612,4613,2017,0,0,-0.093565,-78.479751,PICHINCHA,QUITO,QUITO,URBANA,2017-02-26,17:25:00,17,DOMINGO,7,FEBRERO,2,SI,"CONDUCE BAJO LA INFLUENCIA DE ALCOHOL, SUSTANCIAS ESTUPEFACIENTES O PSICOTROPICAS Y/O MEDICAMENTOS.",CHOQUE POSTERIOR,AUTOMOVIL,2,0,0,0,0,0,0,0,0,0,0,0,0,2,32,HOMBRE,ILESO,CONDUCTOR PRESENTE,NO,NO,0
1480,4615,4616,2017,0,0,-0.100964,-78.453569,PICHINCHA,QUITO,CALDERON (CARAPUNGO),RURAL,2017-02-26,17:30:00,17,DOMINGO,7,FEBRERO,2,SI,NO GUARDAR LA DISTANCIA LATERAL MINIMA DE SEGURIDAD ENTRE VEHICULOS.,ROZAMIENTOS,VEHICULO DEPORTIVO UTILITARIO,1,0,0,0,0,0,0,0,0,0,0,0,1,2,29,MUJER,ILESO,CONDUCTOR PRESENTE,NO,NO,3
1481,4619,4620,2017,0,1,-0.264444,-78.451444,PICHINCHA,QUITO,GUANGOPOLO,RURAL,2017-02-26,18:30:00,18,DOMINGO,7,FEBRERO,2,SI,NO CEDER EL DERECHO DE VIA O PREFERENCIA DE PASO AL PEATON.,ARROLLAMIENTOS,BUS,0,0,1,0,0,0,0,0,0,0,0,0,0,1,73,MUJER,FALLECIDO,PEATON,NO,NO,3
1482,4635,4636,2017,3,0,-0.126245,-78.480937,PICHINCHA,QUITO,QUITO,URBANA,2017-02-26,22:10:00,22,DOMINGO,7,FEBRERO,2,SI,"CONDUCE BAJO LA INFLUENCIA DE ALCOHOL, SUSTANCIAS ESTUPEFACIENTES O PSICOTROPICAS Y/O MEDICAMENTOS.",CHOQUE POSTERIOR,AUTOMOVIL,1,0,0,0,0,0,0,0,0,0,0,0,1,2,49,MUJER,LESIONADO,PASAJERO,NO,NO,0
1483,4637,4638,2017,1,0,-0.412837,-78.547857,PICHINCHA,MEJIA,TAMBILLO (MEJIA),RURAL,2017-02-26,22:30:00,22,DOMINGO,7,FEBRERO,2,SI,NO TRANSITAR POR LAS ACERAS O ZONAS DE SEGURIDAD DESTINADAS PARA EL EFECTO.,ATROPELLOS,CAMIONETA,0,0,0,0,1,0,0,0,0,0,0,0,0,1,27,HOMBRE,LESIONADO,PEATON,NO,NO,3
1484,4641,4642,2017,1,0,-0.285632,-78.560215,PICHINCHA,QUITO,QUITO,URBANA,2017-02-26,23:50:00,23,DOMINGO,7,FEBRERO,2,SI,CONDUCIR VEHICULO SUPERANDO LOS LIMITES MAXIMOS DE VELOCIDAD.,ESTRELLAMIENTOS,MOTOCICLETA,0,0,0,0,0,0,0,0,1,0,0,0,0,1,23,HOMBRE,LESIONADO,PASAJERO,NO,NO,0
1485,4649,4650,2017,0,0,-0.229872,-78.523067,PICHINCHA,QUITO,QUITO,URBANA,2017-02-27,05:05:00,5,LUNES,1,FEBRERO,2,SI,"CONDUCIR DESATENTO A LAS CONDICIONES DE TRANSITO (CELULAR, PANTALLAS DE VIDEO, COMIDA, MAQUILLAJE O CUALQUIER OTRO ELEMENTO DISTRACTOR).",ESTRELLAMIENTOS,AUTOMOVIL,1,0,0,0,0,0,0,0,0,0,0,0,0,1,-1,NO IDENTIFICADO,NO IDENTIFICADO,CONDUCTOR AUSENTE,NO,NO,2
1486,4651,4652,2017,0,0,-0.226486,-78.339567,PICHINCHA,QUITO,PIFO,RURAL,2017-02-27,06:17:00,6,LUNES,1,FEBRERO,2,SI,CONDUCIR VEHICULO SUPERANDO LOS LIMITES MAXIMOS DE VELOCIDAD.,PERDIDA DE PISTA,BUS,0,0,1,0,0,0,0,0,0,0,0,0,0,1,-1,NO IDENTIFICADO,NO IDENTIFICADO,CONDUCTOR AUSENTE,NO,NO,2
1487,4652,4653,2017,1,0,-0.206762,-78.483805,PICHINCHA,QUITO,QUITO,URBANA,2017-02-27,07:00:00,7,LUNES,1,FEBRERO,2,SI,"NO RESPETAR LAS SENIALES REGLAMENTARIAS DE TRANSITO. (PARE, CEDA EL PASO, LUZ ROJA DEL SEMAFORO, ETC).",CHOQUE LATERAL,AUTOMOVIL,1,0,0,0,0,0,0,0,1,0,0,0,0,2,30,MUJER,LESIONADO,CONDUCTOR PRESENTE,NO,NO,0
1488,4658,4659,2017,0,0,-0.162831,-78.486035,PICHINCHA,QUITO,QUITO,URBANA,2017-02-27,08:20:00,8,LUNES,1,FEBRERO,2,SI,"NO RESPETAR LAS SENIALES REGLAMENTARIAS DE TRANSITO. (PARE, CEDA EL PASO, LUZ ROJA DEL SEMAFORO, ETC).",CHOQUE LATERAL,CAMIONETA,0,0,0,0,1,0,0,0,0,0,0,0,1,2,52,HOMBRE,ILESO,CONDUCTOR PRESENTE,NO,NO,0
1489,4662,4663,2017,0,0,-0.317898,-78.535609,PICHINCHA,QUITO,QUITO,URBANA,2017-02-27,09:20:00,9,LUNES,1,FEBRERO,2,SI,"CONDUCE BAJO LA INFLUENCIA DE ALCOHOL, SUSTANCIAS ESTUPEFACIENTES O PSICOTROPICAS Y/O MEDICAMENTOS.",ESTRELLAMIENTOS,CAMIONETA,0,0,0,0,1,0,0,0,0,0,0,0,0,1,24,HOMBRE,ILESO,CONDUCTOR PRESENTE,NO,NO,0
1490,4663,4664,2017,2,0,-0.284451,-78.518237,PICHINCHA,QUITO,QUITO,URBANA,2017-02-27,10:05:00,10,LUNES,1,FEBRERO,2,SI,"ADELANTAR O REBASAR A OTRO VEHICULO EN MOVIMIENTO EN ZONAS O SITIOS PELIGROSOS TALES COMO: CURVAS, PUENTES, TUNELES, PENDIENTES, ETC.",CHOQUE FRONTAL,AUTOMOVIL,1,0,0,0,1,0,0,0,0,0,0,0,0,2,11,MUJER,LESIONADO,PASAJERO,NO,NO,0
1491,4666,4667,2017,3,1,-0.451488,-78.592151,PICHINCHA,MEJIA,ALOAG,RURAL,2017-02-27,12:30:00,12,LUNES,1,FEBRERO,2,SI,"ADELANTAR O REBASAR A OTRO VEHICULO EN MOVIMIENTO EN ZONAS O SITIOS PELIGROSOS TALES COMO: CURVAS, PUENTES, TUNELES, PENDIENTES, ETC.",CHOQUE FRONTAL,CAMIONETA,1,0,0,0,1,0,0,0,0,0,0,0,0,2,0,MUJER,FALLECIDO,PASAJERO,NO,NO,3
1492,4668,4669,2017,1,0,-0.120471,-78.488967,PICHINCHA,QUITO,QUITO,URBANA,2017-02-27,12:35:00,12,LUNES,1,FEBRERO,2,SI,NO CEDER EL DERECHO DE VIA O PREFERENCIA DE PASO AL PEATON.,ATROPELLOS,NO IDENTIFICADO,0,0,0,0,0,0,0,0,0,1,0,0,0,1,93,HOMBRE,LESIONADO,PEATON,NO,NO,0
1493,4669,4670,2017,1,0,-0.224787,-78.428683,PICHINCHA,QUITO,TUMBACO,RURAL,2017-02-27,12:50:00,12,LUNES,1,FEBRERO,2,SI,NO CEDER EL DERECHO DE VIA O PREFERENCIA DE PASO AL PEATON.,ATROPELLOS,VEHICULO DEPORTIVO UTILITARIO,0,0,0,0,0,0,0,0,0,0,0,0,1,1,16,MUJER,LESIONADO,PEATON,NO,NO,3
1494,4672,4673,2017,0,1,-0.292253,-78.544063,PICHINCHA,QUITO,QUITO,URBANA,2017-02-27,14:07:00,14,LUNES,1,FEBRERO,2,SI,NO CEDER EL DERECHO DE VIA O PREFERENCIA DE PASO AL PEATON.,ARROLLAMIENTOS,CAMION,0,0,0,1,0,0,0,0,0,0,0,0,0,1,34,MUJER,FALLECIDO,PEATON,NO,NO,0
1495,4679,4680,2017,1,0,-0.294272,-78.479198,PICHINCHA,QUITO,CONOCOTO,RURAL,2017-02-27,15:15:00,15,LUNES,1,FEBRERO,2,SI,NO CEDER EL DERECHO DE VIA O PREFERENCIA DE PASO AL PEATON.,ATROPELLOS,AUTOMOVIL,1,0,0,0,0,0,0,0,0,0,0,0,0,1,60,MUJER,LESIONADO,PEATON,NO,NO,3
1496,4681,4682,2017,0,0,-0.162687,-78.487329,PICHINCHA,QUITO,QUITO,URBANA,2017-02-27,15:40:00,15,LUNES,1,FEBRERO,2,SI,REALIZAR CAMBIO BRUSCO O INDEBIDO DE CARRIL.,ESTRELLAMIENTOS,MOTOCICLETA,0,0,0,0,0,0,0,0,1,0,0,0,0,1,23,HOMBRE,ILESO,CONDUCTOR PRESENTE,NO,NO,0
1497,4686,4687,2017,1,0,-0.226712,-78.507102,PICHINCHA,QUITO,QUITO,URBANA,2017-02-27,17:10:00,17,LUNES,1,FEBRERO,2,SI,REALIZAR CAMBIO BRUSCO O INDEBIDO DE CARRIL.,PERDIDA DE PISTA,MOTOCICLETA,0,0,0,0,0,0,0,0,1,0,0,0,0,1,40,HOMBRE,LESIONADO,CONDUCTOR PRESENTE,NO,NO,0
1498,4694,4695,2017,0,0,-0.201831,-78.501611,PICHINCHA,QUITO,QUITO,URBANA,2017-02-27,18:10:00,18,LUNES,1,FEBRERO,2,SI,"CONDUCIR DESATENTO A LAS CONDICIONES DE TRANSITO (CELULAR, PANTALLAS DE VIDEO, COMIDA, MAQUILLAJE O CUALQUIER OTRO ELEMENTO DISTRACTOR).",ESTRELLAMIENTOS,AUTOMOVIL,1,0,0,0,0,0,0,0,0,0,0,0,0,1,65,HOMBRE,ILESO,CONDUCTOR PRESENTE,NO,NO,0
1499,4695,4696,2017,2,0,-0.204718,-78.502295,PICHINCHA,QUITO,QUITO,URBANA,2017-02-27,18:15:00,18,LUNES,1,FEBRERO,2,SI,CONDUCIR VEHICULO SUPERANDO LOS LIMITES MAXIMOS DE VELOCIDAD.,CHOQUE LATERAL,CAMIONETA,1,0,0,0,1,0,0,0,0,0,0,0,0,2,26,HOMBRE,LESIONADO,CONDUCTOR PRESENTE,NO,NO,0
1500,4698,4699,2017,1,0,-0.177282,-78.359537,PICHINCHA,QUITO,PUEMBO,RURAL,2017-02-27,18:40:00,18,LUNES,1,FEBRERO,2,SI,CONDUCIR VEHICULO SUPERANDO LOS LIMITES MAXIMOS DE VELOCIDAD.,VOLCAMIENTOS,MOTOCICLETA,0,0,0,0,0,0,0,0,1,0,0,0,0,1,24,HOMBRE,LESIONADO,CONDUCTOR PRESENTE,NO,NO,3
1501,4699,4700,2017,1,0,-0.210635,-78.515034,PICHINCHA,QUITO,QUITO,URBANA,2017-02-27,18:40:00,18,LUNES,1,FEBRERO,2,SI,NO CEDER EL DERECHO DE VIA O PREFERENCIA DE PASO AL PEATON.,ATROPELLOS,AUTOMOVIL,1,0,0,0,0,0,0,0,0,0,0,0,0,1,9,HOMBRE,LESIONADO,PEATON,NO,NO,0
1502,4707,4708,2017,1,0,-0.260578,-78.547347,PICHINCHA,QUITO,QUITO,URBANA,2017-02-27,19:30:00,19,LUNES,1,FEBRERO,2,SI,NO CEDER EL DERECHO DE VIA O PREFERENCIA DE PASO AL PEATON.,ATROPELLOS,NO IDENTIFICADO,0,0,0,0,0,0,0,0,0,1,0,0,0,1,75,HOMBRE,LESIONADO,PEATON,NO,NO,0
1503,4742,4743,2017,1,0,-0.198046,-78.486601,PICHINCHA,QUITO,QUITO,URBANA,2017-02-28,07:03:00,7,MARTES,2,FEBRERO,2,SI,REALIZAR CAMBIO BRUSCO O INDEBIDO DE CARRIL.,CHOQUE POSTERIOR,BUS,0,0,1,0,0,0,0,0,1,0,0,0,0,2,20,HOMBRE,LESIONADO,CONDUCTOR PRESENTE,NO,NO,0
1504,4744,4745,2017,0,0,-0.170271,-78.485383,PICHINCHA,QUITO,QUITO,URBANA,2017-02-28,07:40:00,7,MARTES,2,FEBRERO,2,SI,"NO RESPETAR LAS SENIALES REGLAMENTARIAS DE TRANSITO. (PARE, CEDA EL PASO, LUZ ROJA DEL SEMAFORO, ETC).",CHOQUE LATERAL,MOTOCICLETA,0,0,0,0,0,0,0,0,1,1,0,0,0,2,42,HOMBRE,ILESO,CONDUCTOR PRESENTE,NO,NO,0
1505,4753,4754,2017,0,0,-0.162766,-78.478586,PICHINCHA,QUITO,QUITO,URBANA,2017-02-28,11:55:00,11,MARTES,2,FEBRERO,2,SI,"NO RESPETAR LAS SENIALES REGLAMENTARIAS DE TRANSITO. (PARE, CEDA EL PASO, LUZ ROJA DEL SEMAFORO, ETC).",CHOQUE LATERAL,AUTOMOVIL,1,0,0,0,0,0,0,0,0,0,0,0,1,2,54,MUJER,ILESO,CONDUCTOR PRESENTE,NO,NO,0
1506,4754,4755,2017,0,0,-0.185387,-78.558647,PICHINCHA,QUITO,QUITO,URBANA,2017-02-28,12:20:00,12,MARTES,2,FEBRERO,2,SI,NO MANTENER LA DISTANCIA PRUDENCIAL CON RESPECTO AL VEHICULO QUE LE ANTECEDE.,CHOQUE POSTERIOR,AUTOMOVIL,2,0,0,0,0,0,0,0,0,0,0,0,0,2,26,MUJER,ILESO,CONDUCTOR PRESENTE,NO,NO,0
1507,4755,4756,2017,0,0,-0.216109,-78.514838,PICHINCHA,QUITO,QUITO,URBANA,2017-02-28,12:35:00,12,MARTES,2,FEBRERO,2,SI,"CONDUCIR DESATENTO A LAS CONDICIONES DE TRANSITO (CELULAR, PANTALLAS DE VIDEO, COMIDA, MAQUILLAJE O CUALQUIER OTRO ELEMENTO DISTRACTOR).",ESTRELLAMIENTOS,AUTOMOVIL,1,0,0,0,0,0,0,0,0,0,0,0,0,1,55,HOMBRE,ILESO,CONDUCTOR PRESENTE,NO,NO,0
1508,4760,4761,2017,0,0,-0.161545,-78.496694,PICHINCHA,QUITO,QUITO,URBANA,2017-02-28,14:05:00,14,MARTES,2,FEBRERO,2,SI,"CONDUCIR DESATENTO A LAS CONDICIONES DE TRANSITO (CELULAR, PANTALLAS DE VIDEO, COMIDA, MAQUILLAJE O CUALQUIER OTRO ELEMENTO DISTRACTOR).",ESTRELLAMIENTOS,NO IDENTIFICADO,0,0,0,0,0,0,0,0,0,1,0,0,0,1,-1,NO IDENTIFICADO,NO IDENTIFICADO,CONDUCTOR AUSENTE,NO,NO,2
1509,4768,4769,2017,0,0,-0.186388,-78.495486,PICHINCHA,QUITO,QUITO,URBANA,2017-02-28,15:20:00,15,MARTES,2,FEBRERO,2,SI,"NO RESPETAR LAS SENIALES REGLAMENTARIAS DE TRANSITO. (PARE, CEDA EL PASO, LUZ ROJA DEL SEMAFORO, ETC).",CHOQUE LATERAL,MOTOCICLETA,0,0,0,0,0,0,0,0,1,0,0,0,1,2,39,HOMBRE,ILESO,CONDUCTOR PRESENTE,NO,NO,0
1510,4773,4774,2017,0,0,-0.102211,-78.453655,PICHINCHA,QUITO,CALDERON (CARAPUNGO),RURAL,2017-02-28,17:25:00,17,MARTES,2,FEBRERO,2,SI,"CONDUCIR DESATENTO A LAS CONDICIONES DE TRANSITO (CELULAR, PANTALLAS DE VIDEO, COMIDA, MAQUILLAJE O CUALQUIER OTRO ELEMENTO DISTRACTOR).",ESTRELLAMIENTOS,CAMIONETA,1,0,0,0,1,0,0,0,0,0,0,0,0,2,71,HOMBRE,ILESO,CONDUCTOR PRESENTE,NO,NO,3
1511,4777,4778,2017,0,0,-0.117009,-78.492081,PICHINCHA,QUITO,QUITO,URBANA,2017-02-28,18:15:00,18,MARTES,2,FEBRERO,2,SI,"NO RESPETAR LAS SENIALES REGLAMENTARIAS DE TRANSITO. (PARE, CEDA EL PASO, LUZ ROJA DEL SEMAFORO, ETC).",CHOQUE LATERAL,VEHICULO DEPORTIVO UTILITARIO,1,0,0,0,0,0,0,0,0,0,0,0,1,2,40,HOMBRE,ILESO,CONDUCTOR PRESENTE,NO,NO,0
1512,4781,4782,2017,1,0,-0.265395,-78.282971,PICHINCHA,QUITO,PIFO,RURAL,2017-02-28,19:00:00,19,MARTES,2,FEBRERO,2,SI,"CONDICIONES AMBIENTALES Y/O ATMOSFERICAS (NIEBLA, NEBLINA, GRANIZO, LLUVIA).",PERDIDA DE PISTA,MOTOCICLETA,0,1,0,0,0,0,0,0,1,0,0,0,0,2,-1,NO IDENTIFICADO,LESIONADO,CONDUCTOR PRESENTE,SI,NO,2
1513,4783,4784,2017,0,0,-0.193668,-78.424793,PICHINCHA,QUITO,CUMBAYA,RURAL,2017-02-28,19:16:00,19,MARTES,2,FEBRERO,2,SI,"NO RESPETAR LAS SENIALES REGLAMENTARIAS DE TRANSITO. (PARE, CEDA EL PASO, LUZ ROJA DEL SEMAFORO, ETC).",CHOQUE LATERAL,VEHICULO DEPORTIVO UTILITARIO,0,0,0,0,0,0,0,0,0,0,0,0,2,2,50,HOMBRE,ILESO,CONDUCTOR PRESENTE,NO,NO,3
1514,4799,4800,2017,5,0,-0.244339,-78.500871,PICHINCHA,QUITO,QUITO,RURAL,2017-02-28,23:45:00,23,MARTES,2,FEBRERO,2,SI,CONDUCIR VEHICULO SUPERANDO LOS LIMITES MAXIMOS DE VELOCIDAD.,VOLCAMIENTOS,CAMIONETA,0,0,0,0,1,0,0,0,0,0,0,0,0,1,10,MUJER,LESIONADO,PASAJERO,NO,NO,3
1515,4805,4806,2017,1,0,-0.099083,-78.421844,PICHINCHA,QUITO,CALDERON (CARAPUNGO),RURAL,2017-03-01,05:50:00,5,MIERCOLES,3,MARZO,3,NO,"NO RESPETAR LAS SENIALES REGLAMENTARIAS DE TRANSITO. (PARE, CEDA EL PASO, LUZ ROJA DEL SEMAFORO, ETC).",CHOQUE LATERAL,MOTOCICLETA,0,0,0,0,0,0,0,0,1,1,0,0,0,2,20,HOMBRE,LESIONADO,CONDUCTOR PRESENTE,NO,NO,3
1516,4808,4809,2017,0,0,-0.175166,-78.487456,PICHINCHA,QUITO,QUITO,URBANA,2017-03-01,07:56:00,7,MIERCOLES,3,MARZO,3,NO,"NO RESPETAR LAS SENIALES REGLAMENTARIAS DE TRANSITO. (PARE, CEDA EL PASO, LUZ ROJA DEL SEMAFORO, ETC).",CHOQUE LATERAL,AUTOMOVIL,2,0,0,0,0,0,0,0,0,0,0,0,0,2,35,HOMBRE,ILESO,CONDUCTOR PRESENTE,NO,NO,0
1517,4811,4812,2017,0,0,-0.177238,-78.487187,PICHINCHA,QUITO,QUITO,URBANA,2017-03-01,08:25:00,8,MIERCOLES,3,MARZO,3,NO,NO CEDER EL DERECHO DE VIA O PREFERENCIA DE PASO A VEHICULOS.,CHOQUE LATERAL,AUTOMOVIL,1,0,0,0,0,0,0,0,0,1,0,0,0,2,32,MUJER,ILESO,CONDUCTOR PRESENTE,NO,NO,0