,Unnamed: 0,ID,ANIO,LESIONADOS,FALLECIDOS,LATITUD_Y,LONGITUD_X,PROVINCIA,CANTON,PARROQUIA,ZONA,FECHA,HORA,PERIODO_2,DIA_1,DIA_2,MES_1,MES_2,FERIADO,CAUSA_PROBABLE,TIPO_DE_SINIESTRO,TIPO_DE_VEHICULO_1,AUTOMOVIL,BICICLETA,BUS,CAMION,CAMIONETA,EMERGENCIAS,ESPECIAL,FURGONETA,MOTOCICLETA,NO_IDENTIFICADO,SCOOTER_ELECTRICO,TRICIMOTO,VEHICULO_DEPORTIVO_UTILITARIO,SUMA_DE_VEHICULOS,EDAD_1,SEXO_1,CONDICION_1,PARTICIPANTE_1,CASCO_1,CINTURON_1,KMeans_Cluster
1518,4812,4813,2017,0,0,-0.162023,-78.318223,PICHINCHA,QUITO,YARUQUI,RURAL,2017-03-01,08:25:00,8,MIERCOLES,3,MARZO,3,NO,"CONDUCIR DESATENTO A LAS CONDICIONES DE TRANSITO (CELULAR, PANTALLAS DE VIDEO, COMIDA, MAQUILLAJE O CUALQUIER OTRO ELEMENTO DISTRACTOR).",ESTRELLAMIENTOS,AUTOMOVIL,1,0,0,0,0,0,0,0,0,0,0,0,0,1,-1,NO IDENTIFICADO,NO IDENTIFICADO,CONDUCTOR AUSENTE,NO,NO,2
1519,4813,4814,2017,0,0,-0.189955,-78.496871,PICHINCHA,QUITO,QUITO,URBANA,2017-03-01,08:50:00,8,MIERCOLES,3,MARZO,3,NO,"NO RESPETAR LAS SENIALES REGLAMENTARIAS DE TRANSITO. (PARE, CEDA EL PASO, LUZ ROJA DEL SEMAFORO, ETC).",COLISION,AUTOMOVIL,2,0,0,0,1,0,0,0,0,0,0,0,0,3,27,MUJER,ILESO,CONDUCTOR PRESENTE,NO,NO,0
1520,4817,4818,2017,0,0,-0.177085,-78.487861,PICHINCHA,QUITO,QUITO,URBANA,2017-03-01,09:40:00,9,MIERCOLES,3,MARZO,3,NO,NO CEDER EL DERECHO DE VIA O PREFERENCIA DE PASO A VEHICULOS.,CHOQUE LATERAL,AUTOMOVIL,2,0,0,0,0,0,0,0,0,0,0,0,0,2,73,HOMBRE,ILESO,CONDUCTOR PRESENTE,NO,NO,0
1521,4818,4819,2017,0,0,-0.207499,-78.401707,PICHINCHA,QUITO,TUMBACO,RURAL,2017-03-01,09:40:00,9,MIERCOLES,3,MARZO,3,NO,NO CEDER EL DERECHO DE VIA O PREFERENCIA DE PASO A VEHICULOS.,CHOQUE LATERAL,AUTOMOVIL,1,0,0,0,0,0,0,0,0,1,0,0,0,2,35,HOMBRE,ILESO,CONDUCTOR PRESENTE,NO,NO,3
1522,4819,4820,2017,1,0,-0.076717,-78.467894,PICHINCHA,QUITO,QUITO,URBANA,2017-03-01,09:55:00,9,MIERCOLES,3,MARZO,3,NO,NO CEDER EL DERECHO DE VIA O PREFERENCIA DE PASO A VEHICULOS.,COLISION,CAMIONETA,0,0,0,0,3,0,0,0,0,0,0,0,0,3,10,HOMBRE,LESIONADO,PASAJERO,NO,NO,0
1523,4824,4825,2017,0,0,-0.265028,-78.545067,PICHINCHA,QUITO,QUITO,URBANA,2017-03-01,12:45:00,12,MIERCOLES,3,MARZO,3,NO,"CONDUCE BAJO LA INFLUENCIA DE ALCOHOL, SUSTANCIAS ESTUPEFACIENTES O PSICOTROPICAS Y/O MEDICAMENTOS.",ROZAMIENTOS,VEHICULO DEPORTIVO UTILITARIO,1,0,0,0,0,0,0,0,0,0,0,0,1,2,22,MUJER,ILESO,CONDUCTOR PRESENTE,NO,NO,0
1524,4827,4828,2017,0,0,-0.206536,-78.493269,PICHINCHA,QUITO,QUITO,URBANA,2017-03-01,14:30:00,14,MIERCOLES,3,MARZO,3,NO,"CONDUCIR DESATENTO A LAS CONDICIONES DE TRANSITO (CELULAR, PANTALLAS DE VIDEO, COMIDA, MAQUILLAJE O CUALQUIER OTRO ELEMENTO DISTRACTOR).",ESTRELLAMIENTOS,AUTOMOVIL,1,0,0,0,0,0,0,0,0,1,0,0,0,2,31,HOMBRE,ILESO,CONDUCTOR PRESENTE,NO,NO,0
1525,4828,4829,2017,2,0,-0.129369,-78.481353,PICHINCHA,QUITO,QUITO,URBANA,2017-03-01,14:30:00,14,MIERCOLES,3,MARZO,3,NO,PEATON QUE CRUZA LA CALZADA SIN RESPETAR LA SENIALIZACION EXISTENTE (SEMAFOROS O SENIALES MANUALES).,ATROPELLOS,VEHICULO DEPORTIVO UTILITARIO,0,0,0,0,0,0,0,0,0,0,0,0,1,1,31,MUJER,LESIONADO,CONDUCTOR PRESENTE,NO,NO,0
1526,4837,4838,2017,3,0,-0.328479,-78.522294,PICHINCHA,QUITO,QUITO,URBANA,2017-03-01,15:37:00,15,MIERCOLES,3,MARZO,3,NO,"ADELANTAR O REBASAR A OTRO VEHICULO EN MOVIMIENTO EN ZONAS O SITIOS PELIGROSOS TALES COMO: CURVAS, PUENTES, TUNELES, PENDIENTES, ETC.",CHOQUE FRONTAL,AUTOMOVIL,2,0,0,0,0,0,0,0,0,0,0,0,0,2,44,HOMBRE,LESIONADO,CONDUCTOR PRESENTE,NO,NO,0
1527,4846,4847,2017,1,0,-0.246849,-78.523226,PICHINCHA,QUITO,QUITO,URBANA,2017-03-01,17:00:00,17,MIERCOLES,3,MARZO,3,NO,NO CEDER EL DERECHO DE VIA O PREFERENCIA DE PASO A VEHICULOS.,CHOQUE LATERAL,MOTOCICLETA,0,0,0,0,0,0,0,0,1,0,0,0,1,2,41,HOMBRE,LESIONADO,CONDUCTOR PRESENTE,NO,NO,0
1528,4853,4854,2017,1,0,-0.276157,-78.552931,PICHINCHA,QUITO,QUITO,URBANA,2017-03-01,19:30:00,19,MIERCOLES,3,MARZO,3,NO,NO CEDER EL DERECHO DE VIA O PREFERENCIA DE PASO AL PEATON.,ATROPELLOS,MOTOCICLETA,0,0,0,0,0,0,0,0,1,0,0,0,0,1,81,HOMBRE,LESIONADO,PEATON,NO,NO,0
1529,4855,4856,2017,0,0,-0.157037,-78.439494,PICHINCHA,QUITO,NAYON,RURAL,2017-03-01,19:45:00,19,MIERCOLES,3,MARZO,3,NO,"NO RESPETAR LAS SENIALES REGLAMENTARIAS DE TRANSITO. (PARE, CEDA EL PASO, LUZ ROJA DEL SEMAFORO, ETC).",CHOQUE LATERAL,AUTOMOVIL,1,0,0,1,0,0,0,0,0,0,0,0,0,2,32,HOMBRE,ILESO,CONDUCTOR PRESENTE,NO,NO,3
1530,4858,4859,2017,2,0,-0.281321,-78.494625,PICHINCHA,QUITO,CONOCOTO,RURAL,2017-03-01,20:30:00,20,MIERCOLES,3,MARZO,3,NO,"ADELANTAR O REBASAR A OTRO VEHICULO EN MOVIMIENTO EN ZONAS O SITIOS PELIGROSOS TALES COMO: CURVAS, PUENTES, TUNELES, PENDIENTES, ETC.",CHOQUE FRONTAL,CAMIONETA,1,0,0,0,1,0,0,0,0,0,0,0,0,2,26,MUJER,LESIONADO,PASAJERO,NO,NO,3
1531,4862,4863,2017,0,0,-0.338304,-78.549273,PICHINCHA,QUITO,QUITO,URBANA,2017-03-01,21:00:00,21,MIERCOLES,3,MARZO,3,NO,"NO RESPETAR LAS SENIALES REGLAMENTARIAS DE TRANSITO. (PARE, CEDA EL PASO, LUZ ROJA DEL SEMAFORO, ETC).",CHOQUE LATERAL,AUTOMOVIL,2,0,0,0,0,0,0,0,0,0,0,0,0,2,21,HOMBRE,ILESO,CONDUCTOR PRESENTE,NO,NO,0
1532,4868,4869,2017,1,0,-0.307314,-78.548331,PICHINCHA,QUITO,QUITO,URBANA,2017-03-02,00:00:00,0,JUEVES,4,MARZO,3,NO,"NO RESPETAR LAS SENIALES REGLAMENTARIAS DE TRANSITO. (PARE, CEDA EL PASO, LUZ ROJA DEL SEMAFORO, ETC).",CHOQUE LATERAL,MOTOCICLETA,0,0,0,0,0,0,0,0,1,1,0,0,0,2,39,HOMBRE,LESIONADO,CONDUCTOR PRESENTE,NO,NO,0
1533,4870,4871,2017,1,0,-0.154967,-78.484715,PICHINCHA,QUITO,QUITO,URBANA,2017-03-02,03:00:00,3,JUEVES,4,MARZO,3,NO,CONDUCIR VEHICULO SUPERANDO LOS LIMITES MAXIMOS DE VELOCIDAD.,ESTRELLAMIENTOS,VEHICULO DEPORTIVO UTILITARIO,0,0,0,0,0,0,0,0,0,0,0,0,1,1,28,HOMBRE,LESIONADO,CONDUCTOR PRESENTE,NO,NO,0
1534,4874,4875,2017,0,0,-0.249358,-78.520739,PICHINCHA,QUITO,QUITO,URBANA,2017-03-02,06:19:00,6,JUEVES,4,MARZO,3,NO,NO MANTENER LA DISTANCIA PRUDENCIAL CON RESPECTO AL VEHICULO QUE LE ANTECEDE.,COLISION,AUTOMOVIL,1,0,0,1,0,0,0,0,0,0,0,0,1,3,71,HOMBRE,ILESO,CONDUCTOR PRESENTE,NO,NO,0
1535,4875,4876,2017,0,0,-0.260389,-78.495444,PICHINCHA,QUITO,CONOCOTO,RURAL,2017-03-02,07:00:00,7,JUEVES,4,MARZO,3,NO,NO MANTENER LA DISTANCIA PRUDENCIAL CON RESPECTO AL VEHICULO QUE LE ANTECEDE.,CHOQUE POSTERIOR,VEHICULO DEPORTIVO UTILITARIO,0,0,0,0,0,0,0,0,0,0,0,0,2,2,45,MUJER,ILESO,CONDUCTOR PRESENTE,NO,NO,3
1536,4876,4877,2017,2,0,-0.246557,-78.522291,PICHINCHA,QUITO,QUITO,URBANA,2017-03-02,07:00:00,7,JUEVES,4,MARZO,3,NO,"NO RESPETAR LAS SENIALES REGLAMENTARIAS DE TRANSITO. (PARE, CEDA EL PASO, LUZ ROJA DEL SEMAFORO, ETC).",CHOQUE LATERAL,MOTOCICLETA,0,0,0,0,0,0,0,0,1,0,0,0,1,2,39,HOMBRE,LESIONADO,CONDUCTOR PRESENTE,NO,NO,0
1537,4881,4882,2017,0,0,-0.222555,-78.513472,PICHINCHA,QUITO,QUITO,URBANA,2017-03-02,08:11:00,8,JUEVES,4,MARZO,3,NO,"ADELANTAR O REBASAR A OTRO VEHICULO EN MOVIMIENTO EN ZONAS O SITIOS PELIGROSOS TALES COMO: CURVAS, PUENTES, TUNELES, PENDIENTES, ETC.",ROZAMIENTOS,AUTOMOVIL,2,0,0,0,0,0,0,0,0,0,0,0,0,2,40,MUJER,ILESO,CONDUCTOR PRESENTE,NO,NO,0
1538,4883,4884,2017,1,0,-0.268637,-78.532718,PICHINCHA,QUITO,QUITO,URBANA,2017-03-02,08:30:00,8,JUEVES,4,MARZO,3,NO,"CONDUCIR DESATENTO A LAS CONDICIONES DE TRANSITO (CELULAR, PANTALLAS DE VIDEO, COMIDA, MAQUILLAJE O CUALQUIER OTRO ELEMENTO DISTRACTOR).",PERDIDA DE PISTA,MOTOCICLETA,0,0,0,0,0,0,0,0,1,0,0,0,0,1,30,HOMBRE,LESIONADO,CONDUCTOR PRESENTE,NO,NO,0
1539,4884,4885,2017,0,0,-0.175579,-78.487537,PICHINCHA,QUITO,QUITO,URBANA,2017-03-02,08:30:00,8,JUEVES,4,MARZO,3,NO,PEATON QUE CRUZA LA CALZADA SIN RESPETAR LA SENIALIZACION EXISTENTE (SEMAFOROS O SENIALES MANUALES).,ATROPELLOS,VEHICULO DEPORTIVO UTILITARIO,0,0,0,0,0,0,0,0,0,0,0,0,1,1,27,HOMBRE,ILESO,CONDUCTOR PRESENTE,NO,NO,0
1540,4890,4891,2017,0,0,-0.193054,-78.493863,PICHINCHA,QUITO,QUITO,URBANA,2017-03-02,10:30:00,10,JUEVES,4,MARZO,3,NO,NO TRANSITAR POR LAS ACERAS O ZONAS DE SEGURIDAD DESTINADAS PARA EL EFECTO.,ATROPELLOS,BUS,0,0,1,0,0,0,0,0,0,0,0,0,0,1,38,HOMBRE,ILESO,CONDUCTOR PRESENTE,NO,NO,0
1541,4894,4895,2017,0,0,-0.205341,-78.495678,PICHINCHA,QUITO,QUITO,URBANA,2017-03-02,11:45:00,11,JUEVES,4,MARZO,3,NO,NO MANTENER LA DISTANCIA PRUDENCIAL CON RESPECTO AL VEHICULO QUE LE ANTECEDE.,CHOQUE POSTERIOR,VEHICULO DEPORTIVO UTILITARIO,0,0,0,0,0,0,0,0,0,0,0,0,2,2,32,HOMBRE,ILESO,CONDUCTOR PRESENTE,NO,NO,0
1542,4895,4896,2017,0,0,-0.088884,-78.439915,PICHINCHA,QUITO,CALDERON (CARAPUNGO),RURAL,2017-03-02,12:10:00,12,JUEVES,4,MARZO,3,NO,NO CEDER EL DERECHO DE VIA O PREFERENCIA DE PASO A VEHICULOS.,CHOQUE LATERAL,AUTOMOVIL,2,0,0,0,0,0,0,0,0,0,0,0,0,2,35,HOMBRE,ILESO,CONDUCTOR PRESENTE,NO,NO,3
1543,4903,4904,2017,0,0,-0.322273,-78.540628,PICHINCHA,QUITO,QUITO,URBANA,2017-03-02,13:40:00,13,JUEVES,4,MARZO,3,NO,"ADELANTAR O REBASAR A OTRO VEHICULO EN MOVIMIENTO EN ZONAS O SITIOS PELIGROSOS TALES COMO: CURVAS, PUENTES, TUNELES, PENDIENTES, ETC.",ROZAMIENTOS,BUS,1,0,1,0,0,0,0,0,0,0,0,0,0,2,40,HOMBRE,ILESO,CONDUCTOR PRESENTE,NO,NO,0
1544,4908,4909,2017,2,0,-0.229051,-78.500814,PICHINCHA,QUITO,QUITO,URBANA,2017-03-02,14:45:00,14,JUEVES,4,MARZO,3,NO,CONDUCIR VEHICULO SUPERANDO LOS LIMITES MAXIMOS DE VELOCIDAD.,ESTRELLAMIENTOS,MOTOCICLETA,0,0,0,0,0,0,0,0,1,0,0,0,0,1,42,HOMBRE,LESIONADO,CONDUCTOR PRESENTE,NO,NO,0
1545,4912,4913,2017,1,0,-0.245276,-78.484893,PICHINCHA,QUITO,QUITO,URBANA,2017-03-02,15:30:00,15,JUEVES,4,MARZO,3,NO,CONDUCIR VEHICULO SUPERANDO LOS LIMITES MAXIMOS DE VELOCIDAD.,CHOQUE POSTERIOR,CAMIONETA,1,0,0,0,1,0,0,0,0,0,0,0,0,2,45,MUJER,LESIONADO,CONDUCTOR PRESENTE,NO,NO,0
1546,4913,4914,2017,0,0,-0.122287,-78.498129,PICHINCHA,QUITO,QUITO,URBANA,2017-03-02,15:45:00,15,JUEVES,4,MARZO,3,NO,"CASO FORTUITO O FUERZA MAYOR (EXPLOSION DE NEUMATICO NUEVO, DERRUMBE, INUNDACION, CAIDA DE PUENTE, ARBOL, PRESENCIA INTEMPESTIVA E IMPREVISTA DE SEMOVIENTES EN LA VIA, ETC.).",OTROS,AUTOMOVIL,2,0,0,0,0,0,0,0,0,0,0,0,0,2,58,HOMBRE,ILESO,CONDUCTOR PRESENTE,NO,NO,0
1547,4917,4918,2017,1,0,0.062369,-78.200211,PICHINCHA,PEDRO MONCAYO,TABACUNDO,URBANA,2017-03-02,17:05:00,17,JUEVES,4,MARZO,3,NO,NO CEDER EL DERECHO DE VIA O PREFERENCIA DE PASO A VEHICULOS.,ATROPELLOS,MOTOCICLETA,0,0,0,0,0,0,0,0,1,0,0,0,0,1,78,MUJER,LESIONADO,PEATON,NO,NO,0
1548,4918,4919,2017,0,0,-0.328014,-78.546809,PICHINCHA,QUITO,QUITO,URBANA,2017-03-02,17:30:00,17,JUEVES,4,MARZO,3,NO,"CASO FORTUITO O FUERZA MAYOR (EXPLOSION DE NEUMATICO NUEVO, DERRUMBE, INUNDACION, CAIDA DE PUENTE, ARBOL, PRESENCIA INTEMPESTIVA E IMPREVISTA DE SEMOVIENTES EN LA VIA, ETC.).",OTROS,AUTOMOVIL,1,0,0,0,0,0,0,0,0,0,0,0,0,1,-1,NO IDENTIFICADO,NO IDENTIFICADO,CONDUCTOR AUSENTE,NO,NO,2
1549,4926,4927,2017,1,0,-0.243457,-78.496872,PICHINCHA,QUITO,QUITO,URBANA,2017-03-02,18:30:00,18,JUEVES,4,MARZO,3,NO,DEJAR O RECOGER PASAJEROS EN LUGARES NO PERMITIDOS.,CAIDA DE PASAJERO,NO IDENTIFICADO,0,0,0,0,0,0,0,0,0,1,0,0,0,1,13,MUJER,LESIONADO,PASAJERO,NO,NO,0
1550,4927,4928,2017,0,0,-0.191132,-78.478105,PICHINCHA,QUITO,QUITO,URBANA,2017-03-02,18:46:00,18,JUEVES,4,MARZO,3,NO,NO GUARDAR LA DISTANCIA LATERAL MINIMA DE SEGURIDAD ENTRE VEHICULOS.,ROZAMIENTOS,AUTOMOVIL,2,0,0,0,0,0,0,0,0,0,0,0,0,2,27,MUJER,ILESO,CONDUCTOR PRESENTE,NO,NO,0
1551,4928,4929,2017,1,0,-0.242463,-78.482784,PICHINCHA,QUITO,QUITO,RURAL,2017-03-02,19:05:00,19,JUEVES,4,MARZO,3,NO,NO MANTENER LA DISTANCIA PRUDENCIAL CON RESPECTO AL VEHICULO QUE LE ANTECEDE.,VOLCAMIENTOS,MOTOCICLETA,0,0,0,0,0,0,0,0,1,1,0,0,0,2,37,HOMBRE,LESIONADO,CONDUCTOR PRESENTE,NO,NO,3
1552,4933,4934,2017,1,0,-0.268534,-78.551516,PICHINCHA,QUITO,QUITO,URBANA,2017-03-02,19:40:00,19,JUEVES,4,MARZO,3,NO,DEJAR O RECOGER PASAJEROS EN LUGARES NO PERMITIDOS.,CAIDA DE PASAJERO,NO IDENTIFICADO,0,0,0,0,0,0,0,0,0,1,0,0,0,1,14,HOMBRE,LESIONADO,PASAJERO,NO,NO,0
1553,4939,4940,2017,1,0,-0.157378,-78.485054,PICHINCHA,QUITO,QUITO,URBANA,2017-03-02,21:00:00,21,JUEVES,4,MARZO,3,NO,CONDUCIR VEHICULO SUPERANDO LOS LIMITES MAXIMOS DE VELOCIDAD.,ESTRELLAMIENTOS,MOTOCICLETA,0,0,0,0,0,0,0,0,1,0,0,0,0,1,27,HOMBRE,LESIONADO,CONDUCTOR PRESENTE,NO,NO,0
1554,4940,4941,2017,1,0,-0.262203,-78.547992,PICHINCHA,QUITO,QUITO,URBANA,2017-03-02,21:20:00,21,JUEVES,4,MARZO,3,NO,"NO RESPETAR LAS SENIALES REGLAMENTARIAS DE TRANSITO. (PARE, CEDA EL PASO, LUZ ROJA DEL SEMAFORO, ETC).",CHOQUE LATERAL,MOTOCICLETA,0,0,1,0,0,0,0,0,1,0,0,0,0,2,48,HOMBRE,LESIONADO,CONDUCTOR PRESENTE,NO,NO,0
1555,4954,4955,2017,0,0,-0.327284,-78.550035,PICHINCHA,QUITO,QUITO,URBANA,2017-03-03,06:10:00,6,VIERNES,5,MARZO,3,NO,CONDUCIR VEHICULO SUPERANDO LOS LIMITES MAXIMOS DE VELOCIDAD.,ESTRELLAMIENTOS,BUS,0,0,1,0,0,0,0,0,0,0,0,0,0,1,64,HOMBRE,ILESO,CONDUCTOR PRESENTE,NO,NO,0
1556,4956,4957,2017,0,0,-0.175944,-78.485597,PICHINCHA,QUITO,QUITO,URBANA,2017-03-03,07:05:00,7,VIERNES,5,MARZO,3,NO,REALIZAR CAMBIO BRUSCO O INDEBIDO DE CARRIL.,CHOQUE POSTERIOR,VEHICULO DEPORTIVO UTILITARIO,0,0,1,0,0,0,0,0,0,0,0,0,1,2,25,MUJER,ILESO,CONDUCTOR PRESENTE,NO,NO,0
1557,4966,4967,2017,0,0,-0.195969,-78.495101,PICHINCHA,QUITO,QUITO,URBANA,2017-03-03,09:00:00,9,VIERNES,5,MARZO,3,NO,NO CEDER EL DERECHO DE VIA O PREFERENCIA DE PASO AL PEATON.,ATROPELLOS,NO IDENTIFICADO,0,0,0,0,0,0,0,0,0,1,0,0,0,1,49,HOMBRE,ILESO,PEATON,NO,NO,0
1558,4968,4969,2017,0,0,-0.206861,-78.499421,PICHINCHA,QUITO,QUITO,URBANA,2017-03-03,09:34:00,9,VIERNES,5,MARZO,3,NO,"CONDUCIR DESATENTO A LAS CONDICIONES DE TRANSITO (CELULAR, PANTALLAS DE VIDEO, COMIDA, MAQUILLAJE O CUALQUIER OTRO ELEMENTO DISTRACTOR).",ESTRELLAMIENTOS,VEHICULO DEPORTIVO UTILITARIO,0,0,0,0,0,0,0,0,0,0,0,0,1,1,28,MUJER,ILESO,CONDUCTOR PRESENTE,NO,NO,0
1559,4975,4976,2017,1,1,-0.313871,-78.935441,PICHINCHA,MEJIA,MANUEL CORNEJO ASTORGA,RURAL,2017-03-03,10:30:00,10,VIERNES,5,MARZO,3,NO,"CONDICIONES AMBIENTALES Y/O ATMOSFERICAS (NIEBLA, NEBLINA, GRANIZO, LLUVIA).",PERDIDA DE PISTA,VEHICULO DEPORTIVO UTILITARIO,0,0,0,0,0,0,0,0,0,0,0,0,1,1,31,HOMBRE,FALLECIDO,PASAJERO,NO,NO,3
1560,4978,4979,2017,0,0,-0.243606,-78.520406,PICHINCHA,QUITO,QUITO,URBANA,2017-03-03,11:30:00,11,VIERNES,5,MARZO,3,NO,"CONDUCIR DESATENTO A LAS CONDICIONES DE TRANSITO (CELULAR, PANTALLAS DE VIDEO, COMIDA, MAQUILLAJE O CUALQUIER OTRO ELEMENTO DISTRACTOR).",ESTRELLAMIENTOS,AUTOMOVIL,1,0,1,0,0,0,0,0,0,0,0,0,0,2,-1,NO IDENTIFICADO,NO IDENTIFICADO,CONDUCTOR AUSENTE,NO,NO,2
1561,4981,4982,2017,0,0,-0.169324,-78.484509,PICHINCHA,QUITO,QUITO,URBANA,2017-03-03,12:00:00,12,VIERNES,5,MARZO,3,NO,NO GUARDAR LA DISTANCIA LATERAL MINIMA DE SEGURIDAD ENTRE VEHICULOS.,ROZAMIENTOS,AUTOMOVIL,1,0,0,0,0,0,0,1,0,0,0,0,0,2,35,MUJER,ILESO,CONDUCTOR PRESENTE,NO,NO,0
1562,4985,4986,2017,1,0,-0.122935,-78.480532,PICHINCHA,QUITO,QUITO,URBANA,2017-03-03,12:45:00,12,VIERNES,5,MARZO,3,NO,NO TRANSITAR POR LAS ACERAS O ZONAS DE SEGURIDAD DESTINADAS PARA EL EFECTO.,ATROPELLOS,AUTOMOVIL,1,0,0,0,0,0,0,0,0,0,0,0,0,1,30,HOMBRE,LESIONADO,PEATON,NO,NO,0
1563,4986,4987,2017,0,0,-0.196047,-78.466538,PICHINCHA,QUITO,QUITO,RURAL,2017-03-03,12:52:00,12,VIERNES,5,MARZO,3,NO,CONDUCIR VEHICULO SUPERANDO LOS LIMITES MAXIMOS DE VELOCIDAD.,ESTRELLAMIENTOS,AUTOMOVIL,1,0,0,0,0,0,0,0,0,0,0,0,0,1,33,HOMBRE,ILESO,CONDUCTOR PRESENTE,NO,NO,3
1564,4989,4990,2017,1,0,-0.212824,-78.402686,PICHINCHA,QUITO,TUMBACO,RURAL,2017-03-03,13:35:00,13,VIERNES,5,MARZO,3,NO,DEJAR O RECOGER PASAJEROS EN LUGARES NO PERMITIDOS.,CAIDA DE PASAJERO,NO IDENTIFICADO,0,0,0,0,0,0,0,0,0,1,0,0,0,1,40,HOMBRE,LESIONADO,PASAJERO,NO,NO,3
1565,4992,4993,2017,1,0,-0.191729,-78.493359,PICHINCHA,QUITO,QUITO,URBANA,2017-03-03,13:45:00,13,VIERNES,5,MARZO,3,NO,PEATON QUE CRUZA LA CALZADA SIN RESPETAR LA SENIALIZACION EXISTENTE (SEMAFOROS O SENIALES MANUALES).,ATROPELLOS,CAMIONETA,0,0,0,0,1,0,0,0,0,0,0,0,0,1,28,HOMBRE,LESIONADO,PEATON,NO,NO,0
1566,4994,4995,2017,0,0,-0.203301,-78.483049,PICHINCHA,QUITO,QUITO,URBANA,2017-03-03,14:46:00,14,VIERNES,5,MARZO,3,NO,"NO RESPETAR LAS SENIALES REGLAMENTARIAS DE TRANSITO. (PARE, CEDA EL PASO, LUZ ROJA DEL SEMAFORO, ETC).",CHOQUE LATERAL,AUTOMOVIL,2,0,0,0,0,0,0,0,0,0,0,0,0,2,26,HOMBRE,ILESO,CONDUCTOR PRESENTE,NO,NO,0
1567,4998,4999,2017,0,0,-0.254014,-78.531164,PICHINCHA,QUITO,QUITO,URBANA,2017-03-03,15:30:00,15,VIERNES,5,MARZO,3,NO,PEATON QUE CRUZA LA CALZADA SIN RESPETAR LA SENIALIZACION EXISTENTE (SEMAFOROS O SENIALES MANUALES).,CHOQUE LATERAL,AUTOMOVIL,1,1,0,0,0,0,0,0,0,0,0,0,0,2,53,HOMBRE,ILESO,CONDUCTOR PRESENTE,NO,NO,0
1568,5001,5002,2017,0,0,-0.081216,-78.471808,PICHINCHA,QUITO,QUITO,URBANA,2017-03-03,16:28:00,16,VIERNES,5,MARZO,3,NO,"CONDUCIR DESATENTO A LAS CONDICIONES DE TRANSITO (CELULAR, PANTALLAS DE VIDEO, COMIDA, MAQUILLAJE O CUALQUIER OTRO ELEMENTO DISTRACTOR).",ESTRELLAMIENTOS,CAMION,0,0,0,1,0,0,0,0,0,0,0,0,0,1,-1,NO IDENTIFICADO,NO IDENTIFICADO,CONDUCTOR AUSENTE,NO,NO,2
1569,5013,5014,2017,0,0,-0.197069,-78.490657,PICHINCHA,QUITO,QUITO,URBANA,2017-03-03,18:40:00,18,VIERNES,5,MARZO,3,NO,"CONDUCIR DESATENTO A LAS CONDICIONES DE TRANSITO (CELULAR, PANTALLAS DE VIDEO, COMIDA, MAQUILLAJE O CUALQUIER OTRO ELEMENTO DISTRACTOR).",ESTRELLAMIENTOS,AUTOMOVIL,1,0,0,0,0,0,0,0,0,1,0,0,0,2,35,HOMBRE,ILESO,CONDUCTOR PRESENTE,NO,NO,0
1570,5015,5016,2017,0,0,-0.241961,-78.532528,PICHINCHA,QUITO,QUITO,URBANA,2017-03-03,18:48:00,18,VIERNES,5,MARZO,3,NO,REALIZAR CAMBIO BRUSCO O INDEBIDO DE CARRIL.,VOLCAMIENTOS,MOTOCICLETA,0,0,0,0,0,0,0,0,1,0,0,0,0,1,23,HOMBRE,ILESO,CONDUCTOR PRESENTE,NO,NO,0
1571,5017,5018,2017,1,0,-0.172498,-78.487861,PICHINCHA,QUITO,QUITO,URBANA,2017-03-03,19:15:00,19,VIERNES,5,MARZO,3,NO,NO CEDER EL DERECHO DE VIA O PREFERENCIA DE PASO AL PEATON.,ATROPELLOS,AUTOMOVIL,1,0,0,0,0,0,0,0,0,0,0,0,0,1,14,HOMBRE,LESIONADO,PEATON,NO,NO,0
1572,5020,5021,2017,0,0,-0.245278,-78.498167,PICHINCHA,QUITO,QUITO,URBANA,2017-03-03,19:45:00,19,VIERNES,5,MARZO,3,NO,"CONDUCE BAJO LA INFLUENCIA DE ALCOHOL, SUSTANCIAS ESTUPEFACIENTES O PSICOTROPICAS Y/O MEDICAMENTOS.",ESTRELLAMIENTOS,CAMIONETA,0,0,0,0,2,0,0,0,0,0,0,0,0,2,28,HOMBRE,ILESO,CONDUCTOR PRESENTE,NO,NO,0
1573,5021,5022,2017,0,0,-0.248627,-78.500863,PICHINCHA,QUITO,QUITO,URBANA,2017-03-03,19:45:00,19,VIERNES,5,MARZO,3,NO,"CONDUCE BAJO LA INFLUENCIA DE ALCOHOL, SUSTANCIAS ESTUPEFACIENTES O PSICOTROPICAS Y/O MEDICAMENTOS.",CHOQUE POSTERIOR,CAMIONETA,0,0,0,0,2,0,0,0,0,0,0,0,0,2,28,HOMBRE,ILESO,CONDUCTOR PRESENTE,NO,NO,0
1574,5024,5025,2017,0,0,-0.229787,-78.485515,PICHINCHA,QUITO,QUITO,URBANA,2017-03-03,21:20:00,21,VIERNES,5,MARZO,3,NO,NO MANTENER LA DISTANCIA PRUDENCIAL CON RESPECTO AL VEHICULO QUE LE ANTECEDE.,COLISION,VEHICULO DEPORTIVO UTILITARIO,1,0,0,0,0,0,0,0,0,0,0,0,3,4,45,MUJER,ILESO,CONDUCTOR PRESENTE,NO,NO,0