,Unnamed: 0,ID,ANIO,LESIONADOS,FALLECIDOS,LATITUD_Y,LONGITUD_X,PROVINCIA,CANTON,PARROQUIA,ZONA,FECHA,HORA,PERIODO_2,DIA_1,DIA_2,MES_1,MES_2,FERIADO,CAUSA_PROBABLE,TIPO_DE_SINIESTRO,TIPO_DE_VEHICULO_1,AUTOMOVIL,BICICLETA,BUS,CAMION,CAMIONETA,EMERGENCIAS,ESPECIAL,FURGONETA,MOTOCICLETA,NO_IDENTIFICADO,SCOOTER_ELECTRICO,TRICIMOTO,VEHICULO_DEPORTIVO_UTILITARIO,SUMA_DE_VEHICULOS,EDAD_1,SEXO_1,CONDICION_1,PARTICIPANTE_1,CASCO_1,CINTURON_1,KMeans_Cluster
1632,5220,5221,2017,1,0,-0.214643,-78.516701,PICHINCHA,QUITO,QUITO,URBANA,2017-03-06,08:15:00,8,LUNES,1,MARZO,3,NO,NO MANTENER LA DISTANCIA PRUDENCIAL CON RESPECTO AL VEHICULO QUE LE ANTECEDE.,CHOQUE POSTERIOR,AUTOMOVIL,2,0,0,0,0,0,0,0,0,0,0,0,0,2,27,MUJER,LESIONADO,CONDUCTOR PRESENTE,NO,NO,0
1633,5222,5223,2017,0,0,-0.107206,-78.461851,PICHINCHA,QUITO,QUITO,RURAL,2017-03-06,08:45:00,8,LUNES,1,MARZO,3,NO,REALIZAR CAMBIO BRUSCO O INDEBIDO DE CARRIL.,CHOQUE LATERAL,AUTOMOVIL,2,0,0,0,0,0,0,0,0,0,0,0,0,2,25,HOMBRE,ILESO,CONDUCTOR PRESENTE,NO,NO,3
1634,5227,5228,2017,0,0,-0.209411,-78.502023,PICHINCHA,QUITO,QUITO,URBANA,2017-03-06,10:10:00,10,LUNES,1,MARZO,3,NO,NO CEDER EL DERECHO DE VIA O PREFERENCIA DE PASO A VEHICULOS.,CHOQUE LATERAL,AUTOMOVIL,2,0,0,0,0,0,0,0,0,0,0,0,0,2,31,HOMBRE,ILESO,CONDUCTOR PRESENTE,NO,NO,0
1635,5228,5229,2017,1,0,-0.172148,-78.490148,PICHINCHA,QUITO,QUITO,URBANA,2017-03-06,10:15:00,10,LUNES,1,MARZO,3,NO,CONDUCIR VEHICULO SUPERANDO LOS LIMITES MAXIMOS DE VELOCIDAD.,ESTRELLAMIENTOS,AUTOMOVIL,1,0,0,0,0,0,0,0,0,0,0,0,0,1,68,HOMBRE,LESIONADO,CONDUCTOR PRESENTE,NO,NO,0
1636,5229,5230,2017,1,0,-0.166207,-78.487102,PICHINCHA,QUITO,QUITO,URBANA,2017-03-06,11:00:00,11,LUNES,1,MARZO,3,NO,NO CEDER EL DERECHO DE VIA O PREFERENCIA DE PASO AL PEATON.,ATROPELLOS,NO IDENTIFICADO,0,0,0,0,0,0,0,0,0,1,0,0,0,1,41,HOMBRE,LESIONADO,PEATON,NO,NO,0
1637,5231,5232,2017,0,0,-0.237667,-78.484685,PICHINCHA,QUITO,QUITO,URBANA,2017-03-06,11:05:00,11,LUNES,1,MARZO,3,NO,CONDUCIR VEHICULO SUPERANDO LOS LIMITES MAXIMOS DE VELOCIDAD.,VOLCAMIENTOS,VEHICULO DEPORTIVO UTILITARIO,0,0,0,0,0,0,0,0,0,0,0,0,1,1,-1,NO IDENTIFICADO,NO IDENTIFICADO,CONDUCTOR AUSENTE,NO,NO,2
1638,5232,5233,2017,1,0,-0.198128,-78.495899,PICHINCHA,QUITO,QUITO,URBANA,2017-03-06,11:18:00,11,LUNES,1,MARZO,3,NO,NO CEDER EL DERECHO DE VIA O PREFERENCIA DE PASO AL PEATON.,ATROPELLOS,NO IDENTIFICADO,0,0,0,0,0,0,0,0,0,1,0,0,0,1,59,MUJER,LESIONADO,PEATON,NO,NO,0
1639,5233,5234,2017,1,0,-0.175416,-78.488222,PICHINCHA,QUITO,QUITO,URBANA,2017-03-06,11:20:00,11,LUNES,1,MARZO,3,NO,REALIZAR CAMBIO BRUSCO O INDEBIDO DE CARRIL.,CHOQUE POSTERIOR,MOTOCICLETA,1,0,0,0,0,0,0,0,1,0,0,0,0,2,26,HOMBRE,LESIONADO,CONDUCTOR PRESENTE,NO,NO,0
1640,5235,5236,2017,2,0,-0.246021,-78.488922,PICHINCHA,QUITO,QUITO,URBANA,2017-03-06,11:30:00,11,LUNES,1,MARZO,3,NO,NO CEDER EL DERECHO DE VIA O PREFERENCIA DE PASO A VEHICULOS.,CHOQUE LATERAL,MOTOCICLETA,0,0,0,0,0,0,0,0,1,1,0,0,0,2,28,MUJER,LESIONADO,PASAJERO,NO,NO,0
1641,5237,5238,2017,0,0,-0.196274,-78.493118,PICHINCHA,QUITO,QUITO,URBANA,2017-03-06,11:40:00,11,LUNES,1,MARZO,3,NO,NO CEDER EL DERECHO DE VIA O PREFERENCIA DE PASO A VEHICULOS.,CHOQUE LATERAL,AUTOMOVIL,2,0,0,0,0,0,0,0,0,0,0,0,0,2,59,HOMBRE,ILESO,CONDUCTOR PRESENTE,NO,NO,0
1642,5240,5241,2017,1,0,-0.096342,-78.440578,PICHINCHA,QUITO,CALDERON (CARAPUNGO),RURAL,2017-03-06,13:10:00,13,LUNES,1,MARZO,3,NO,NO CEDER EL DERECHO DE VIA O PREFERENCIA DE PASO AL PEATON.,ARROLLAMIENTOS,FURGONETA,0,0,0,0,0,0,0,1,0,0,0,0,0,1,56,HOMBRE,LESIONADO,PEATON,NO,NO,3
1643,5244,5245,2017,1,0,-0.209486,-78.424992,PICHINCHA,QUITO,CUMBAYA,RURAL,2017-03-06,14:30:00,14,LUNES,1,MARZO,3,NO,REALIZAR CAMBIO BRUSCO O INDEBIDO DE CARRIL.,OTROS,NO IDENTIFICADO,0,0,0,0,0,0,0,0,0,1,0,0,0,1,9,MUJER,LESIONADO,PASAJERO,NO,NO,3
1644,5246,5247,2017,0,0,-0.221348,-78.399664,PICHINCHA,QUITO,TUMBACO,RURAL,2017-03-06,14:45:00,14,LUNES,1,MARZO,3,NO,REALIZAR CAMBIO BRUSCO O INDEBIDO DE CARRIL.,CHOQUE LATERAL,AUTOMOVIL,2,0,0,0,0,0,0,0,0,0,0,0,0,2,51,HOMBRE,ILESO,CONDUCTOR PRESENTE,NO,NO,3
1645,5247,5248,2017,0,0,-0.299782,-78.558618,PICHINCHA,QUITO,QUITO,URBANA,2017-03-06,14:53:00,14,LUNES,1,MARZO,3,NO,"CONDUCIR DESATENTO A LAS CONDICIONES DE TRANSITO (CELULAR, PANTALLAS DE VIDEO, COMIDA, MAQUILLAJE O CUALQUIER OTRO ELEMENTO DISTRACTOR).",ESTRELLAMIENTOS,NO IDENTIFICADO,0,0,0,0,0,0,0,0,0,1,0,0,0,1,-1,NO IDENTIFICADO,NO IDENTIFICADO,CONDUCTOR AUSENTE,NO,NO,2
1646,5249,5250,2017,1,0,-0.243571,-78.522167,PICHINCHA,QUITO,QUITO,URBANA,2017-03-06,15:00:00,15,LUNES,1,MARZO,3,NO,NO CEDER EL DERECHO DE VIA O PREFERENCIA DE PASO AL PEATON.,ATROPELLOS,AUTOMOVIL,1,0,0,0,0,0,0,0,0,0,0,0,0,1,52,HOMBRE,LESIONADO,PEATON,NO,NO,0
1647,5252,5253,2017,2,0,-0.107298,-78.446957,PICHINCHA,QUITO,CALDERON (CARAPUNGO),RURAL,2017-03-06,15:30:00,15,LUNES,1,MARZO,3,NO,"NO RESPETAR LAS SENIALES REGLAMENTARIAS DE TRANSITO. (PARE, CEDA EL PASO, LUZ ROJA DEL SEMAFORO, ETC).",CHOQUE LATERAL,MOTOCICLETA,0,0,0,0,0,0,0,0,1,1,0,0,0,2,31,HOMBRE,LESIONADO,CONDUCTOR PRESENTE,NO,NO,3
1648,5253,5254,2017,1,0,-0.222563,-78.513543,PICHINCHA,QUITO,QUITO,URBANA,2017-03-06,15:40:00,15,LUNES,1,MARZO,3,NO,NO CEDER EL DERECHO DE VIA O PREFERENCIA DE PASO AL PEATON.,ATROPELLOS,NO IDENTIFICADO,0,0,0,0,0,0,0,0,0,1,0,0,0,1,70,MUJER,LESIONADO,PEATON,NO,NO,0
1649,5254,5255,2017,0,0,-0.458481,-78.564527,PICHINCHA,MEJIA,ALOAG,RURAL,2017-03-06,15:45:00,15,LUNES,1,MARZO,3,NO,NO CEDER EL DERECHO DE VIA O PREFERENCIA DE PASO A VEHICULOS.,CHOQUE LATERAL,CAMION,0,0,0,1,0,0,0,0,0,1,0,0,0,2,54,HOMBRE,ILESO,CONDUCTOR PRESENTE,NO,NO,3
1650,5255,5256,2017,0,0,-0.173985,-78.474281,PICHINCHA,QUITO,QUITO,URBANA,2017-03-06,15:50:00,15,LUNES,1,MARZO,3,NO,"NO RESPETAR LAS SENIALES REGLAMENTARIAS DE TRANSITO. (PARE, CEDA EL PASO, LUZ ROJA DEL SEMAFORO, ETC).",CHOQUE LATERAL,CAMIONETA,0,0,0,0,2,0,0,0,0,0,0,0,1,3,49,HOMBRE,ILESO,CONDUCTOR PRESENTE,NO,NO,0
1651,5257,5258,2017,1,0,-0.105384,-78.497732,PICHINCHA,QUITO,QUITO,URBANA,2017-03-06,17:30:00,17,LUNES,1,MARZO,3,NO,NO CEDER EL DERECHO DE VIA O PREFERENCIA DE PASO AL PEATON.,ATROPELLOS,CAMIONETA,0,0,0,0,1,0,0,0,0,0,0,0,0,1,42,HOMBRE,LESIONADO,PEATON,NO,NO,0
1652,5263,5264,2017,3,0,-0.233536,-78.484422,PICHINCHA,QUITO,QUITO,URBANA,2017-03-06,19:00:00,19,LUNES,1,MARZO,3,NO,CONDUCIR VEHICULO SUPERANDO LOS LIMITES MAXIMOS DE VELOCIDAD.,CHOQUE LATERAL,AUTOMOVIL,1,0,0,0,0,0,0,0,0,0,0,0,1,2,51,HOMBRE,LESIONADO,CONDUCTOR PRESENTE,NO,NO,0
1653,5264,5265,2017,1,0,-0.127802,-78.481133,PICHINCHA,QUITO,QUITO,URBANA,2017-03-06,19:15:00,19,LUNES,1,MARZO,3,NO,"NO RESPETAR LAS SENIALES REGLAMENTARIAS DE TRANSITO. (PARE, CEDA EL PASO, LUZ ROJA DEL SEMAFORO, ETC).",CHOQUE LATERAL,VEHICULO DEPORTIVO UTILITARIO,1,0,0,0,0,0,0,0,0,0,0,0,1,2,36,HOMBRE,LESIONADO,CONDUCTOR PRESENTE,NO,NO,0
1654,5267,5268,2017,0,0,-0.194074,-78.492344,PICHINCHA,QUITO,QUITO,URBANA,2017-03-06,19:40:00,19,LUNES,1,MARZO,3,NO,"ADELANTAR O REBASAR A OTRO VEHICULO EN MOVIMIENTO EN ZONAS O SITIOS PELIGROSOS TALES COMO: CURVAS, PUENTES, TUNELES, PENDIENTES, ETC.",CHOQUE LATERAL,AUTOMOVIL,2,0,0,0,0,0,0,0,0,0,0,0,0,2,64,HOMBRE,ILESO,CONDUCTOR PRESENTE,NO,NO,0
1655,5270,5271,2017,1,0,-0.286657,-78.562851,PICHINCHA,QUITO,QUITO,URBANA,2017-03-06,19:57:00,19,LUNES,1,MARZO,3,NO,PEATON QUE CRUZA LA CALZADA SIN RESPETAR LA SENIALIZACION EXISTENTE (SEMAFOROS O SENIALES MANUALES).,CHOQUE LATERAL,AUTOMOVIL,1,1,0,0,0,0,0,0,0,0,0,0,0,2,54,HOMBRE,LESIONADO,CONDUCTOR PRESENTE,NO,NO,0
1656,5273,5274,2017,0,0,-0.104121,-78.462776,PICHINCHA,QUITO,QUITO,RURAL,2017-03-06,20:24:00,20,LUNES,1,MARZO,3,NO,NO GUARDAR LA DISTANCIA LATERAL MINIMA DE SEGURIDAD ENTRE VEHICULOS.,ROZAMIENTOS,CAMIONETA,0,0,0,0,1,0,0,1,0,0,0,0,0,2,52,MUJER,ILESO,CONDUCTOR PRESENTE,NO,NO,3
1657,5281,5282,2017,1,1,-0.344929,-78.548639,PICHINCHA,QUITO,QUITO,URBANA,2017-03-06,23:55:00,23,LUNES,1,MARZO,3,NO,"NO RESPETAR LAS SENIALES REGLAMENTARIAS DE TRANSITO. (PARE, CEDA EL PASO, LUZ ROJA DEL SEMAFORO, ETC).",CHOQUE LATERAL,VEHICULO DEPORTIVO UTILITARIO,0,0,0,1,0,0,0,0,0,0,0,0,1,2,35,HOMBRE,FALLECIDO,CONDUCTOR PRESENTE,NO,NO,0
1658,5283,5284,2017,0,0,-0.386441,-78.511201,PICHINCHA,QUITO,AMAGUANIA,URBANA,2017-03-07,05:10:00,5,MARTES,2,MARZO,3,NO,"CONDUCIR DESATENTO A LAS CONDICIONES DE TRANSITO (CELULAR, PANTALLAS DE VIDEO, COMIDA, MAQUILLAJE O CUALQUIER OTRO ELEMENTO DISTRACTOR).",CHOQUE POSTERIOR,BUS,0,0,1,1,0,0,0,0,0,0,0,0,0,2,37,HOMBRE,ILESO,CONDUCTOR PRESENTE,NO,NO,0
1659,5286,5287,2017,1,0,-0.122935,-78.480532,PICHINCHA,QUITO,QUITO,URBANA,2017-03-07,06:30:00,6,MARTES,2,MARZO,3,NO,NO CEDER EL DERECHO DE VIA O PREFERENCIA DE PASO AL PEATON.,ATROPELLOS,NO IDENTIFICADO,0,0,0,0,0,0,0,0,0,1,0,0,0,1,61,HOMBRE,LESIONADO,PEATON,NO,NO,0
1660,5287,5288,2017,0,0,-0.227081,-78.493373,PICHINCHA,QUITO,QUITO,URBANA,2017-03-07,06:30:00,6,MARTES,2,MARZO,3,NO,DEJAR O RECOGER PASAJEROS EN LUGARES NO PERMITIDOS.,ROZAMIENTOS,BUS,1,0,1,0,0,0,0,0,0,0,0,0,0,2,33,HOMBRE,ILESO,CONDUCTOR PRESENTE,NO,NO,0
1661,5288,5289,2017,0,0,-0.286757,-78.541558,PICHINCHA,QUITO,QUITO,URBANA,2017-03-07,06:50:00,6,MARTES,2,MARZO,3,NO,NO MANTENER LA DISTANCIA PRUDENCIAL CON RESPECTO AL VEHICULO QUE LE ANTECEDE.,CHOQUE POSTERIOR,CAMIONETA,0,0,0,0,1,0,0,1,0,0,0,0,0,2,57,HOMBRE,ILESO,CONDUCTOR PRESENTE,NO,NO,0
1662,5290,5291,2017,1,0,-0.283634,-78.535666,PICHINCHA,QUITO,QUITO,URBANA,2017-03-07,07:40:00,7,MARTES,2,MARZO,3,NO,NO CEDER EL DERECHO DE VIA O PREFERENCIA DE PASO AL PEATON.,ATROPELLOS,AUTOMOVIL,1,0,0,0,0,0,0,0,0,0,0,0,0,1,54,HOMBRE,LESIONADO,PEATON,NO,NO,0
1663,5295,5296,2017,0,0,-0.365908,-78.475394,PICHINCHA,RUMINIAHUI,SANGOLQUI,URBANA,2017-03-07,08:45:00,8,MARTES,2,MARZO,3,NO,"CONDUCIR DESATENTO A LAS CONDICIONES DE TRANSITO (CELULAR, PANTALLAS DE VIDEO, COMIDA, MAQUILLAJE O CUALQUIER OTRO ELEMENTO DISTRACTOR).",COLISION,CAMIONETA,1,0,0,0,1,0,0,0,0,0,0,0,1,3,55,HOMBRE,ILESO,CONDUCTOR PRESENTE,NO,NO,0
1664,5296,5297,2017,0,0,-0.346411,-78.439135,PICHINCHA,RUMINIAHUI,SANGOLQUI,URBANA,2017-03-07,09:20:00,9,MARTES,2,MARZO,3,NO,"CONDUCIR DESATENTO A LAS CONDICIONES DE TRANSITO (CELULAR, PANTALLAS DE VIDEO, COMIDA, MAQUILLAJE O CUALQUIER OTRO ELEMENTO DISTRACTOR).",CHOQUE LATERAL,MOTOCICLETA,0,0,0,0,0,0,0,0,1,1,0,0,0,2,34,HOMBRE,ILESO,CONDUCTOR PRESENTE,NO,NO,0
1665,5298,5299,2017,1,0,-0.279334,-78.563619,PICHINCHA,QUITO,QUITO,URBANA,2017-03-07,09:30:00,9,MARTES,2,MARZO,3,NO,NO CEDER EL DERECHO DE VIA O PREFERENCIA DE PASO AL PEATON.,ATROPELLOS,CAMION,0,0,0,1,0,0,0,0,0,0,0,0,0,1,42,HOMBRE,LESIONADO,PEATON,NO,NO,0
1666,5299,5300,2017,1,0,-0.212824,-78.402686,PICHINCHA,QUITO,TUMBACO,RURAL,2017-03-07,09:30:00,9,MARTES,2,MARZO,3,NO,CONDUCIR VEHICULO SUPERANDO LOS LIMITES MAXIMOS DE VELOCIDAD.,CHOQUE LATERAL,MOTOCICLETA,0,0,0,0,1,0,0,0,1,0,0,0,0,2,26,HOMBRE,LESIONADO,CONDUCTOR PRESENTE,NO,NO,3
1667,5301,5302,2017,2,0,-0.269922,-78.528146,PICHINCHA,QUITO,QUITO,URBANA,2017-03-07,09:55:00,9,MARTES,2,MARZO,3,NO,"ADELANTAR O REBASAR A OTRO VEHICULO EN MOVIMIENTO EN ZONAS O SITIOS PELIGROSOS TALES COMO: CURVAS, PUENTES, TUNELES, PENDIENTES, ETC.",VOLCAMIENTOS,MOTOCICLETA,0,0,0,1,0,0,0,0,1,0,0,0,0,2,23,HOMBRE,LESIONADO,CONDUCTOR PRESENTE,NO,NO,0
1668,5302,5303,2017,0,0,-0.278379,-78.552577,PICHINCHA,QUITO,QUITO,URBANA,2017-03-07,10:25:00,10,MARTES,2,MARZO,3,NO,NO GUARDAR LA DISTANCIA LATERAL MINIMA DE SEGURIDAD ENTRE VEHICULOS.,ROZAMIENTOS,VEHICULO DEPORTIVO UTILITARIO,0,0,0,0,1,0,0,0,0,0,0,0,1,2,40,MUJER,ILESO,CONDUCTOR PRESENTE,NO,NO,0
1669,5305,5306,2017,1,0,-0.247141,-78.475845,PICHINCHA,QUITO,QUITO,RURAL,2017-03-07,12:40:00,12,MARTES,2,MARZO,3,NO,CONDUCIR VEHICULO SUPERANDO LOS LIMITES MAXIMOS DE VELOCIDAD.,PERDIDA DE PISTA,MOTOCICLETA,0,0,0,0,0,0,0,0,1,0,0,0,0,1,23,HOMBRE,LESIONADO,CONDUCTOR PRESENTE,NO,NO,3
1670,5307,5308,2017,0,0,-0.210171,-78.485504,PICHINCHA,QUITO,QUITO,URBANA,2017-03-07,12:50:00,12,MARTES,2,MARZO,3,NO,"NO RESPETAR LAS SENIALES REGLAMENTARIAS DE TRANSITO. (PARE, CEDA EL PASO, LUZ ROJA DEL SEMAFORO, ETC).",CHOQUE LATERAL,CAMIONETA,1,0,0,0,1,0,0,0,0,0,0,0,0,2,44,HOMBRE,ILESO,CONDUCTOR PRESENTE,NO,NO,0
1671,5311,5312,2017,1,0,-0.106892,-78.442791,PICHINCHA,QUITO,CALDERON (CARAPUNGO),RURAL,2017-03-07,14:35:00,14,MARTES,2,MARZO,3,NO,NO CEDER EL DERECHO DE VIA O PREFERENCIA DE PASO AL PEATON.,ATROPELLOS,CAMIONETA,0,0,0,0,1,0,0,0,0,0,0,0,0,1,-1,MUJER,LESIONADO,PEATON,NO,NO,3
1672,5312,5313,2017,1,0,-0.101311,-78.448051,PICHINCHA,QUITO,CALDERON (CARAPUNGO),RURAL,2017-03-07,14:45:00,14,MARTES,2,MARZO,3,NO,DEJAR O RECOGER PASAJEROS EN LUGARES NO PERMITIDOS.,CAIDA DE PASAJERO,FURGONETA,0,0,0,0,0,0,0,1,0,0,0,0,0,1,-1,MUJER,LESIONADO,PASAJERO,NO,NO,3
1673,5317,5318,2017,1,0,-0.195776,-78.488414,PICHINCHA,QUITO,QUITO,URBANA,2017-03-07,15:25:00,15,MARTES,2,MARZO,3,NO,REALIZAR CAMBIO BRUSCO O INDEBIDO DE CARRIL.,CHOQUE LATERAL,MOTOCICLETA,1,0,0,0,0,0,0,0,1,0,0,0,0,2,34,HOMBRE,LESIONADO,CONDUCTOR PRESENTE,NO,NO,0
1674,5322,5323,2017,1,0,-0.058111,-78.344101,PICHINCHA,QUITO,GUAYLLABAMBA,RURAL,2017-03-07,16:00:00,16,MARTES,2,MARZO,3,NO,"NO RESPETAR LAS SENIALES REGLAMENTARIAS DE TRANSITO. (PARE, CEDA EL PASO, LUZ ROJA DEL SEMAFORO, ETC).",CHOQUE LATERAL,MOTOCICLETA,0,0,0,0,1,0,0,0,1,0,0,0,0,2,28,HOMBRE,LESIONADO,CONDUCTOR PRESENTE,NO,NO,3
1675,5324,5325,2017,24,11,-0.050718,-78.334118,PICHINCHA,QUITO,GUAYLLABAMBA,RURAL,2017-03-07,17:00:00,17,MARTES,2,MARZO,3,NO,"FALLA MECANICA EN LOS SISTEMAS Y/O NEUMATICOS (SISTEMA DE FRENOS, DIRECCION, ELECTRONICO O MECANICO).",PERDIDA DE PISTA,CAMIONETA,0,0,1,0,1,0,0,0,0,0,0,0,0,2,60,MUJER,FALLECIDO,PASAJERO,NO,NO,3
1676,5326,5327,2017,1,0,-0.175965,-78.485539,PICHINCHA,QUITO,QUITO,URBANA,2017-03-07,17:45:00,17,MARTES,2,MARZO,3,NO,PEATON QUE CRUZA LA CALZADA SIN RESPETAR LA SENIALIZACION EXISTENTE (SEMAFOROS O SENIALES MANUALES).,ATROPELLOS,VEHICULO DEPORTIVO UTILITARIO,0,0,0,0,0,0,0,0,0,0,0,0,1,1,35,MUJER,LESIONADO,PEATON,NO,NO,0
1677,5330,5331,2017,1,0,-0.103479,-78.509386,PICHINCHA,QUITO,QUITO,URBANA,2017-03-07,19:40:00,19,MARTES,2,MARZO,3,NO,CONDUCIR VEHICULO SUPERANDO LOS LIMITES MAXIMOS DE VELOCIDAD.,PERDIDA DE PISTA,MOTOCICLETA,0,0,0,0,0,0,0,0,1,0,0,0,0,1,24,HOMBRE,LESIONADO,CONDUCTOR PRESENTE,NO,NO,0
1678,5332,5333,2017,0,0,-0.187661,-78.487712,PICHINCHA,QUITO,QUITO,URBANA,2017-03-07,19:45:00,19,MARTES,2,MARZO,3,NO,"CONDUCE BAJO LA INFLUENCIA DE ALCOHOL, SUSTANCIAS ESTUPEFACIENTES O PSICOTROPICAS Y/O MEDICAMENTOS.",ESTRELLAMIENTOS,AUTOMOVIL,1,0,0,0,0,0,0,0,0,0,0,0,0,1,29,MUJER,ILESO,CONDUCTOR PRESENTE,NO,NO,0
1679,5335,5336,2017,0,0,-0.203469,-78.503011,PICHINCHA,QUITO,QUITO,URBANA,2017-03-07,19:55:00,19,MARTES,2,MARZO,3,NO,NO CEDER EL DERECHO DE VIA O PREFERENCIA DE PASO A VEHICULOS.,CHOQUE LATERAL,AUTOMOVIL,1,0,0,0,1,0,0,0,0,0,0,0,0,2,50,MUJER,ILESO,CONDUCTOR PRESENTE,NO,NO,0
1680,5338,5339,2017,0,0,-0.260059,-78.522887,PICHINCHA,QUITO,QUITO,URBANA,2017-03-07,20:20:00,20,MARTES,2,MARZO,3,NO,NO GUARDAR LA DISTANCIA LATERAL MINIMA DE SEGURIDAD ENTRE VEHICULOS.,ROZAMIENTOS,AUTOMOVIL,1,0,1,0,0,0,0,0,0,0,0,0,0,2,34,HOMBRE,ILESO,CONDUCTOR PRESENTE,NO,NO,0
1681,5341,5342,2017,1,0,-0.246442,-78.507169,PICHINCHA,QUITO,QUITO,URBANA,2017-03-07,21:15:00,21,MARTES,2,MARZO,3,NO,NO TRANSITAR POR LAS ACERAS O ZONAS DE SEGURIDAD DESTINADAS PARA EL EFECTO.,ATROPELLOS,CAMIONETA,0,0,0,0,1,0,0,0,0,0,0,0,0,1,71,MUJER,LESIONADO,PEATON,NO,NO,0
1682,5349,5350,2017,0,0,-0.205281,-78.511463,PICHINCHA,QUITO,QUITO,URBANA,2017-03-08,00:30:00,0,MIERCOLES,3,MARZO,3,NO,"CONDUCIR EN ESTADO DE SOMNOLENCIA O MALAS CONDICIONES FISICAS (SUENIO, CANSANCIO Y FATIGA).",ROZAMIENTOS,CAMIONETA,1,0,0,0,1,0,0,0,0,0,0,0,0,2,54,MUJER,ILESO,CONDUCTOR PRESENTE,NO,NO,0
1683,5350,5351,2017,0,0,-0.277334,-78.546535,PICHINCHA,QUITO,QUITO,URBANA,2017-03-08,01:10:00,1,MIERCOLES,3,MARZO,3,NO,"NO RESPETAR LAS SENIALES REGLAMENTARIAS DE TRANSITO. (PARE, CEDA EL PASO, LUZ ROJA DEL SEMAFORO, ETC).",CHOQUE LATERAL,FURGONETA,1,0,0,0,0,0,0,1,0,0,0,0,0,2,31,HOMBRE,ILESO,CONDUCTOR PRESENTE,NO,NO,0
1684,5353,5354,2017,0,0,-0.096232,-78.467523,PICHINCHA,QUITO,QUITO,URBANA,2017-03-08,04:30:00,4,MIERCOLES,3,MARZO,3,NO,CONDUCIR VEHICULO SUPERANDO LOS LIMITES MAXIMOS DE VELOCIDAD.,ESTRELLAMIENTOS,VEHICULO DEPORTIVO UTILITARIO,0,0,0,0,0,0,0,0,0,0,0,0,1,1,-1,NO IDENTIFICADO,NO IDENTIFICADO,CONDUCTOR AUSENTE,NO,NO,2
1685,5355,5356,2017,0,0,-0.190439,-78.401044,PICHINCHA,QUITO,TUMBACO,URBANA,2017-03-08,06:10:00,6,MIERCOLES,3,MARZO,3,NO,"CONDUCIR DESATENTO A LAS CONDICIONES DE TRANSITO (CELULAR, PANTALLAS DE VIDEO, COMIDA, MAQUILLAJE O CUALQUIER OTRO ELEMENTO DISTRACTOR).",ESTRELLAMIENTOS,AUTOMOVIL,1,0,0,0,0,0,0,0,0,0,0,0,0,1,31,HOMBRE,ILESO,CONDUCTOR PRESENTE,NO,NO,0
1686,5356,5357,2017,1,0,-0.245488,-78.528831,PICHINCHA,QUITO,QUITO,URBANA,2017-03-08,06:37:00,6,MIERCOLES,3,MARZO,3,NO,PEATON QUE CRUZA LA CALZADA SIN RESPETAR LA SENIALIZACION EXISTENTE (SEMAFOROS O SENIALES MANUALES).,CHOQUE LATERAL,VEHICULO DEPORTIVO UTILITARIO,0,1,0,0,0,0,0,0,0,0,0,0,1,2,31,HOMBRE,LESIONADO,CONDUCTOR PRESENTE,NO,NO,0
1687,5357,5358,2017,1,0,-0.210986,-78.499691,PICHINCHA,QUITO,QUITO,URBANA,2017-03-08,07:10:00,7,MIERCOLES,3,MARZO,3,NO,"CONDUCIR DESATENTO A LAS CONDICIONES DE TRANSITO (CELULAR, PANTALLAS DE VIDEO, COMIDA, MAQUILLAJE O CUALQUIER OTRO ELEMENTO DISTRACTOR).",PERDIDA DE PISTA,MOTOCICLETA,0,0,0,0,0,0,0,0,1,0,0,0,0,1,26,MUJER,LESIONADO,CONDUCTOR PRESENTE,NO,NO,0
1688,5359,5360,2017,0,0,-0.195811,-78.494976,PICHINCHA,QUITO,QUITO,URBANA,2017-03-08,07:25:00,7,MIERCOLES,3,MARZO,3,NO,"NO RESPETAR LAS SENIALES REGLAMENTARIAS DE TRANSITO. (PARE, CEDA EL PASO, LUZ ROJA DEL SEMAFORO, ETC).",CHOQUE LATERAL,AUTOMOVIL,2,0,0,0,0,0,0,0,0,0,0,0,0,2,48,HOMBRE,ILESO,CONDUCTOR PRESENTE,NO,NO,0
1689,5360,5361,2017,1,0,-0.212824,-78.402686,PICHINCHA,QUITO,TUMBACO,RURAL,2017-03-08,07:25:00,7,MIERCOLES,3,MARZO,3,NO,NO CEDER EL DERECHO DE VIA O PREFERENCIA DE PASO A VEHICULOS.,CHOQUE LATERAL,MOTOCICLETA,1,0,0,0,0,0,0,0,1,0,0,0,0,2,23,HOMBRE,LESIONADO,CONDUCTOR PRESENTE,NO,NO,3
1690,5365,5366,2017,0,0,-0.214643,-78.503537,PICHINCHA,QUITO,QUITO,URBANA,2017-03-08,09:00:00,9,MIERCOLES,3,MARZO,3,NO,NO GUARDAR LA DISTANCIA LATERAL MINIMA DE SEGURIDAD ENTRE VEHICULOS.,ROZAMIENTOS,VEHICULO DEPORTIVO UTILITARIO,0,0,0,0,1,0,0,0,0,0,0,0,1,2,38,HOMBRE,ILESO,CONDUCTOR PRESENTE,NO,NO,0