,Unnamed: 0,ID,ANIO,LESIONADOS,FALLECIDOS,LATITUD_Y,LONGITUD_X,PROVINCIA,CANTON,PARROQUIA,ZONA,FECHA,HORA,PERIODO_2,DIA_1,DIA_2,MES_1,MES_2,FERIADO,CAUSA_PROBABLE,TIPO_DE_SINIESTRO,TIPO_DE_VEHICULO_1,AUTOMOVIL,BICICLETA,BUS,CAMION,CAMIONETA,EMERGENCIAS,ESPECIAL,FURGONETA,MOTOCICLETA,NO_IDENTIFICADO,SCOOTER_ELECTRICO,TRICIMOTO,VEHICULO_DEPORTIVO_UTILITARIO,SUMA_DE_VEHICULOS,EDAD_1,SEXO_1,CONDICION_1,PARTICIPANTE_1,CASCO_1,CINTURON_1,KMeans_Cluster
1691,5366,5367,2017,0,0,-0.100777,-78.453521,PICHINCHA,QUITO,CALDERON (CARAPUNGO),RURAL,2017-03-08,09:15:00,9,MIERCOLES,3,MARZO,3,NO,"CASO FORTUITO O FUERZA MAYOR (EXPLOSION DE NEUMATICO NUEVO, DERRUMBE, INUNDACION, CAIDA DE PUENTE, ARBOL, PRESENCIA INTEMPESTIVA E IMPREVISTA DE SEMOVIENTES EN LA VIA, ETC.).",OTROS,MOTOCICLETA,0,0,0,0,0,0,0,0,1,0,0,0,0,1,-1,NO IDENTIFICADO,NO IDENTIFICADO,CONDUCTOR AUSENTE,NO,NO,2
1692,5368,5369,2017,1,0,-0.111368,-78.500491,PICHINCHA,QUITO,QUITO,URBANA,2017-03-08,10:53:00,10,MIERCOLES,3,MARZO,3,NO,DEJAR O RECOGER PASAJEROS EN LUGARES NO PERMITIDOS.,CHOQUE LATERAL,AUTOMOVIL,1,0,1,0,0,0,0,0,0,0,0,0,0,2,41,MUJER,LESIONADO,PASAJERO,NO,NO,0
1693,5369,5370,2017,1,0,-0.252168,-78.539221,PICHINCHA,QUITO,QUITO,URBANA,2017-03-08,11:00:00,11,MIERCOLES,3,MARZO,3,NO,NO CEDER EL DERECHO DE VIA O PREFERENCIA DE PASO AL PEATON.,ATROPELLOS,AUTOMOVIL,1,0,0,0,0,0,0,0,0,0,0,0,0,1,68,HOMBRE,LESIONADO,PEATON,NO,NO,0
1694,5370,5371,2017,0,0,-0.256772,-78.542845,PICHINCHA,QUITO,QUITO,URBANA,2017-03-08,11:10:00,11,MIERCOLES,3,MARZO,3,NO,NO MANTENER LA DISTANCIA PRUDENCIAL CON RESPECTO AL VEHICULO QUE LE ANTECEDE.,CHOQUE POSTERIOR,VEHICULO DEPORTIVO UTILITARIO,0,0,0,0,0,0,0,0,0,0,0,0,2,2,46,HOMBRE,ILESO,CONDUCTOR PRESENTE,NO,NO,0
1695,5373,5374,2017,1,0,-0.251319,-78.521366,PICHINCHA,QUITO,QUITO,URBANA,2017-03-08,11:30:00,11,MIERCOLES,3,MARZO,3,NO,PEATON QUE CRUZA LA CALZADA SIN RESPETAR LA SENIALIZACION EXISTENTE (SEMAFOROS O SENIALES MANUALES).,ATROPELLOS,ESPECIAL,0,0,0,0,0,0,1,0,0,0,0,0,0,1,56,HOMBRE,LESIONADO,PEATON,NO,NO,0
1696,5375,5376,2017,0,0,-0.218578,-78.509266,PICHINCHA,QUITO,QUITO,URBANA,2017-03-08,11:50:00,11,MIERCOLES,3,MARZO,3,NO,REALIZAR CAMBIO BRUSCO O INDEBIDO DE CARRIL.,ROZAMIENTOS,CAMIONETA,0,0,1,0,1,0,0,0,0,0,0,0,0,2,38,MUJER,ILESO,CONDUCTOR PRESENTE,NO,NO,0
1697,5383,5384,2017,0,0,-0.204896,-78.485381,PICHINCHA,QUITO,QUITO,URBANA,2017-03-08,14:20:00,14,MIERCOLES,3,MARZO,3,NO,NO GUARDAR LA DISTANCIA LATERAL MINIMA DE SEGURIDAD ENTRE VEHICULOS.,ROZAMIENTOS,AUTOMOVIL,1,0,0,0,0,0,0,0,0,0,0,0,1,2,19,HOMBRE,ILESO,CONDUCTOR PRESENTE,NO,NO,0
1698,5384,5385,2017,0,0,-0.208882,-78.495711,PICHINCHA,QUITO,QUITO,URBANA,2017-03-08,14:24:00,14,MIERCOLES,3,MARZO,3,NO,NO MANTENER LA DISTANCIA PRUDENCIAL CON RESPECTO AL VEHICULO QUE LE ANTECEDE.,CHOQUE POSTERIOR,VEHICULO DEPORTIVO UTILITARIO,0,0,1,0,0,0,0,0,0,0,0,0,1,2,48,HOMBRE,ILESO,CONDUCTOR PRESENTE,NO,NO,0
1699,5387,5388,2017,1,0,-0.193364,-78.488417,PICHINCHA,QUITO,QUITO,URBANA,2017-03-08,15:10:00,15,MIERCOLES,3,MARZO,3,NO,"CASO FORTUITO O FUERZA MAYOR (EXPLOSION DE NEUMATICO NUEVO, DERRUMBE, INUNDACION, CAIDA DE PUENTE, ARBOL, PRESENCIA INTEMPESTIVA E IMPREVISTA DE SEMOVIENTES EN LA VIA, ETC.).",OTROS,AUTOMOVIL,1,0,0,0,0,0,0,0,0,0,0,0,0,1,55,HOMBRE,LESIONADO,CONDUCTOR PRESENTE,NO,NO,0
1700,5390,5391,2017,0,0,-0.188767,-78.453369,PICHINCHA,QUITO,NAYON,RURAL,2017-03-08,15:30:00,15,MIERCOLES,3,MARZO,3,NO,"ADELANTAR O REBASAR A OTRO VEHICULO EN MOVIMIENTO EN ZONAS O SITIOS PELIGROSOS TALES COMO: CURVAS, PUENTES, TUNELES, PENDIENTES, ETC.",CHOQUE FRONTAL,CAMIONETA,1,0,0,0,1,0,0,0,0,0,0,0,0,2,34,HOMBRE,ILESO,CONDUCTOR PRESENTE,NO,NO,3
1701,5392,5393,2017,2,0,-0.250306,-78.530458,PICHINCHA,QUITO,QUITO,URBANA,2017-03-08,16:00:00,16,MIERCOLES,3,MARZO,3,NO,"NO RESPETAR LAS SENIALES REGLAMENTARIAS DE TRANSITO. (PARE, CEDA EL PASO, LUZ ROJA DEL SEMAFORO, ETC).",CHOQUE LATERAL,MOTOCICLETA,1,0,0,0,0,0,0,0,1,0,0,0,0,2,46,HOMBRE,LESIONADO,CONDUCTOR PRESENTE,NO,NO,0
1702,5394,5395,2017,1,0,-0.254555,-78.553199,PICHINCHA,QUITO,QUITO,URBANA,2017-03-08,16:23:00,16,MIERCOLES,3,MARZO,3,NO,NO GUARDAR LA DISTANCIA LATERAL MINIMA DE SEGURIDAD ENTRE VEHICULOS.,ROZAMIENTOS,MOTOCICLETA,0,0,0,0,1,0,0,0,1,0,0,0,0,2,24,HOMBRE,LESIONADO,CONDUCTOR PRESENTE,NO,NO,0
1703,5397,5398,2017,2,0,-0.161608,-78.490029,PICHINCHA,QUITO,QUITO,URBANA,2017-03-08,16:50:00,16,MIERCOLES,3,MARZO,3,NO,NO CEDER EL DERECHO DE VIA O PREFERENCIA DE PASO A VEHICULOS.,CHOQUE LATERAL,VEHICULO DEPORTIVO UTILITARIO,1,0,0,0,0,0,0,0,0,0,0,0,1,2,6,MUJER,LESIONADO,PASAJERO,NO,NO,0
1704,5398,5399,2017,0,0,-0.470845,-78.566283,PICHINCHA,MEJIA,ALOAG,RURAL,2017-03-08,17:20:00,17,MIERCOLES,3,MARZO,3,NO,"CONDUCIR DESATENTO A LAS CONDICIONES DE TRANSITO (CELULAR, PANTALLAS DE VIDEO, COMIDA, MAQUILLAJE O CUALQUIER OTRO ELEMENTO DISTRACTOR).",ROZAMIENTOS,BUS,0,0,1,0,0,0,0,0,0,0,0,0,1,2,-1,NO IDENTIFICADO,ILESO,CONDUCTOR PRESENTE,NO,NO,3
1705,5402,5403,2017,0,0,-0.197798,-78.512253,PICHINCHA,QUITO,QUITO,URBANA,2017-03-08,18:00:00,18,MIERCOLES,3,MARZO,3,NO,NO MANTENER LA DISTANCIA PRUDENCIAL CON RESPECTO AL VEHICULO QUE LE ANTECEDE.,CHOQUE POSTERIOR,CAMIONETA,1,0,0,0,1,0,0,0,0,0,0,0,0,2,45,HOMBRE,ILESO,CONDUCTOR PRESENTE,NO,NO,0
1706,5403,5404,2017,1,0,-0.166261,-78.452675,PICHINCHA,QUITO,QUITO,RURAL,2017-03-08,18:05:00,18,MIERCOLES,3,MARZO,3,NO,NO TRANSITAR POR LAS ACERAS O ZONAS DE SEGURIDAD DESTINADAS PARA EL EFECTO.,ATROPELLOS,MOTOCICLETA,0,0,0,0,0,0,0,0,1,0,0,0,0,1,19,HOMBRE,LESIONADO,PEATON,NO,NO,3
1707,5404,5405,2017,0,0,-0.203644,-78.490504,PICHINCHA,QUITO,QUITO,URBANA,2017-03-08,18:25:00,18,MIERCOLES,3,MARZO,3,NO,NO CEDER EL DERECHO DE VIA O PREFERENCIA DE PASO A VEHICULOS.,CHOQUE LATERAL,AUTOMOVIL,2,0,0,0,0,0,0,0,0,0,0,0,0,2,24,HOMBRE,ILESO,CONDUCTOR PRESENTE,NO,NO,0
1708,5410,5411,2017,1,0,-0.175821,-78.497808,PICHINCHA,QUITO,QUITO,URBANA,2017-03-08,19:30:00,19,MIERCOLES,3,MARZO,3,NO,NO CEDER EL DERECHO DE VIA O PREFERENCIA DE PASO AL PEATON.,ATROPELLOS,CAMIONETA,0,0,0,0,1,0,0,0,0,0,0,0,0,1,62,HOMBRE,LESIONADO,PEATON,NO,NO,0
1709,5416,5417,2017,1,0,-0.331642,-78.555122,PICHINCHA,QUITO,QUITO,URBANA,2017-03-08,20:50:00,20,MIERCOLES,3,MARZO,3,NO,"NO RESPETAR LAS SENIALES REGLAMENTARIAS DE TRANSITO. (PARE, CEDA EL PASO, LUZ ROJA DEL SEMAFORO, ETC).",CHOQUE LATERAL,MOTOCICLETA,1,0,0,0,0,0,0,0,1,0,0,0,0,2,20,HOMBRE,LESIONADO,CONDUCTOR PRESENTE,NO,NO,0
1710,5417,5418,2017,1,0,-0.156855,-78.484856,PICHINCHA,QUITO,QUITO,URBANA,2017-03-08,21:18:00,21,MIERCOLES,3,MARZO,3,NO,"NO RESPETAR LAS SENIALES REGLAMENTARIAS DE TRANSITO. (PARE, CEDA EL PASO, LUZ ROJA DEL SEMAFORO, ETC).",CHOQUE LATERAL,MOTOCICLETA,1,0,0,0,0,0,0,0,1,0,0,0,0,2,36,HOMBRE,LESIONADO,CONDUCTOR PRESENTE,NO,NO,0
1711,5425,5426,2017,0,0,-0.128941,-78.468592,PICHINCHA,QUITO,QUITO,URBANA,2017-03-09,00:30:00,0,JUEVES,4,MARZO,3,NO,"CONDUCIR EN ESTADO DE SOMNOLENCIA O MALAS CONDICIONES FISICAS (SUENIO, CANSANCIO Y FATIGA).",OTROS,AUTOMOVIL,1,0,0,1,0,0,0,0,0,0,0,0,0,2,25,HOMBRE,ILESO,CONDUCTOR PRESENTE,NO,NO,0
1712,5426,5427,2017,1,0,-0.249423,-78.531144,PICHINCHA,QUITO,QUITO,URBANA,2017-03-09,02:00:00,2,JUEVES,4,MARZO,3,NO,CONDUCIR VEHICULO SUPERANDO LOS LIMITES MAXIMOS DE VELOCIDAD.,PERDIDA DE PISTA,MOTOCICLETA,0,0,0,0,0,0,0,0,1,0,0,0,0,1,-1,HOMBRE,LESIONADO,CONDUCTOR PRESENTE,NO,NO,0
1713,5428,5429,2017,1,0,-0.442207,-78.555356,PICHINCHA,MEJIA,ALOAG,RURAL,2017-03-09,05:30:00,5,JUEVES,4,MARZO,3,NO,NO MANTENER LA DISTANCIA PRUDENCIAL CON RESPECTO AL VEHICULO QUE LE ANTECEDE.,CHOQUE POSTERIOR,VEHICULO DEPORTIVO UTILITARIO,0,0,0,1,2,0,0,0,0,0,0,0,1,4,30,HOMBRE,LESIONADO,CONDUCTOR PRESENTE,NO,NO,3
1714,5429,5430,2017,1,0,-0.254638,-78.522355,PICHINCHA,QUITO,QUITO,URBANA,2017-03-09,06:36:00,6,JUEVES,4,MARZO,3,NO,NO CEDER EL DERECHO DE VIA O PREFERENCIA DE PASO AL PEATON.,ATROPELLOS,AUTOMOVIL,1,0,0,0,0,0,0,0,0,0,0,0,0,1,50,MUJER,LESIONADO,PEATON,NO,NO,0
1715,5431,5432,2017,1,0,-0.162023,-78.318223,PICHINCHA,QUITO,YARUQUI,RURAL,2017-03-09,06:46:00,6,JUEVES,4,MARZO,3,NO,DEJAR O RECOGER PASAJEROS EN LUGARES NO PERMITIDOS.,CAIDA DE PASAJERO,BUS,0,0,1,0,0,0,0,0,0,0,0,0,0,1,38,HOMBRE,LESIONADO,PASAJERO,NO,NO,3
1716,5432,5433,2017,1,0,-0.111743,-78.478795,PICHINCHA,QUITO,QUITO,URBANA,2017-03-09,07:00:00,7,JUEVES,4,MARZO,3,NO,"ADELANTAR O REBASAR A OTRO VEHICULO EN MOVIMIENTO EN ZONAS O SITIOS PELIGROSOS TALES COMO: CURVAS, PUENTES, TUNELES, PENDIENTES, ETC.",CHOQUE LATERAL,MOTOCICLETA,0,0,0,0,0,0,0,0,2,0,0,0,0,2,25,HOMBRE,LESIONADO,CONDUCTOR PRESENTE,NO,NO,0
1717,5436,5437,2017,0,0,-0.194826,-78.509281,PICHINCHA,QUITO,QUITO,URBANA,2017-03-09,07:30:00,7,JUEVES,4,MARZO,3,NO,"CONDUCE BAJO LA INFLUENCIA DE ALCOHOL, SUSTANCIAS ESTUPEFACIENTES O PSICOTROPICAS Y/O MEDICAMENTOS.",CHOQUE LATERAL,VEHICULO DEPORTIVO UTILITARIO,0,0,1,0,0,0,0,0,0,0,0,0,1,2,19,HOMBRE,ILESO,CONDUCTOR PRESENTE,NO,NO,0
1718,5437,5438,2017,1,0,-0.201311,-78.369302,PICHINCHA,QUITO,PUEMBO,RURAL,2017-03-09,07:35:00,7,JUEVES,4,MARZO,3,NO,NO CEDER EL DERECHO DE VIA O PREFERENCIA DE PASO AL PEATON.,ATROPELLOS,VEHICULO DEPORTIVO UTILITARIO,0,0,0,0,0,0,0,0,0,0,0,0,1,1,60,HOMBRE,LESIONADO,PEATON,NO,NO,3
1719,5438,5439,2017,0,0,-0.167985,-78.479393,PICHINCHA,QUITO,QUITO,URBANA,2017-03-09,08:00:00,8,JUEVES,4,MARZO,3,NO,"NO RESPETAR LAS SENIALES REGLAMENTARIAS DE TRANSITO. (PARE, CEDA EL PASO, LUZ ROJA DEL SEMAFORO, ETC).",CHOQUE LATERAL,MOTOCICLETA,1,0,0,0,0,0,0,0,1,0,0,0,0,2,34,HOMBRE,ILESO,CONDUCTOR PRESENTE,NO,NO,0
1720,5439,5440,2017,0,0,-0.196067,-78.499699,PICHINCHA,QUITO,QUITO,URBANA,2017-03-09,08:30:00,8,JUEVES,4,MARZO,3,NO,"ADELANTAR O REBASAR A OTRO VEHICULO EN MOVIMIENTO EN ZONAS O SITIOS PELIGROSOS TALES COMO: CURVAS, PUENTES, TUNELES, PENDIENTES, ETC.",CHOQUE POSTERIOR,BUS,1,0,1,0,0,0,0,0,0,0,0,0,0,2,38,HOMBRE,ILESO,CONDUCTOR PRESENTE,NO,NO,0
1721,5442,5443,2017,0,0,-0.197808,-78.439037,PICHINCHA,QUITO,CUMBAYA,RURAL,2017-03-09,09:50:00,9,JUEVES,4,MARZO,3,NO,NO MANTENER LA DISTANCIA PRUDENCIAL CON RESPECTO AL VEHICULO QUE LE ANTECEDE.,CHOQUE POSTERIOR,MOTOCICLETA,0,0,0,0,0,0,0,0,1,0,0,0,1,2,30,HOMBRE,ILESO,CONDUCTOR PRESENTE,NO,NO,3
1722,5444,5445,2017,1,0,-0.172136,-78.490129,PICHINCHA,QUITO,QUITO,URBANA,2017-03-09,11:00:00,11,JUEVES,4,MARZO,3,NO,REALIZAR CAMBIO BRUSCO O INDEBIDO DE CARRIL.,PERDIDA DE PISTA,MOTOCICLETA,0,0,0,0,0,0,0,0,1,0,0,0,0,1,28,HOMBRE,LESIONADO,CONDUCTOR PRESENTE,NO,NO,0
1723,5446,5447,2017,1,0,-0.278257,-78.527712,PICHINCHA,QUITO,QUITO,URBANA,2017-03-09,12:13:00,12,JUEVES,4,MARZO,3,NO,"CONDUCIR DESATENTO A LAS CONDICIONES DE TRANSITO (CELULAR, PANTALLAS DE VIDEO, COMIDA, MAQUILLAJE O CUALQUIER OTRO ELEMENTO DISTRACTOR).",PERDIDA DE PISTA,MOTOCICLETA,0,0,0,0,0,0,0,0,1,0,0,0,0,1,31,HOMBRE,LESIONADO,CONDUCTOR PRESENTE,NO,NO,0
1724,5448,5449,2017,0,0,-0.260041,-78.539328,PICHINCHA,QUITO,QUITO,URBANA,2017-03-09,12:35:00,12,JUEVES,4,MARZO,3,NO,"NO RESPETAR LAS SENIALES REGLAMENTARIAS DE TRANSITO. (PARE, CEDA EL PASO, LUZ ROJA DEL SEMAFORO, ETC).",CHOQUE LATERAL,AUTOMOVIL,2,0,0,0,0,0,0,0,0,0,0,0,0,2,31,HOMBRE,ILESO,CONDUCTOR PRESENTE,NO,NO,0
1725,5449,5450,2017,1,0,-0.176171,-78.477609,PICHINCHA,QUITO,QUITO,URBANA,2017-03-09,13:15:00,13,JUEVES,4,MARZO,3,NO,"CONDUCIR DESATENTO A LAS CONDICIONES DE TRANSITO (CELULAR, PANTALLAS DE VIDEO, COMIDA, MAQUILLAJE O CUALQUIER OTRO ELEMENTO DISTRACTOR).",OTROS,NO IDENTIFICADO,0,0,0,0,0,0,0,0,0,3,0,0,0,3,20,HOMBRE,LESIONADO,CONDUCTOR PRESENTE,NO,NO,0
1726,5450,5451,2017,2,0,-0.275869,-78.489261,PICHINCHA,QUITO,CONOCOTO,URBANA,2017-03-09,13:50:00,13,JUEVES,4,MARZO,3,NO,"CONDICIONES AMBIENTALES Y/O ATMOSFERICAS (NIEBLA, NEBLINA, GRANIZO, LLUVIA).",PERDIDA DE PISTA,VEHICULO DEPORTIVO UTILITARIO,0,0,0,0,0,0,0,0,0,0,0,0,1,1,56,MUJER,LESIONADO,CONDUCTOR PRESENTE,NO,NO,0
1727,5451,5452,2017,1,0,-0.294301,-78.464289,PICHINCHA,QUITO,CONOCOTO,RURAL,2017-03-09,13:50:00,13,JUEVES,4,MARZO,3,NO,NO CEDER EL DERECHO DE VIA O PREFERENCIA DE PASO AL PEATON.,ATROPELLOS,AUTOMOVIL,1,0,0,0,0,0,0,0,0,0,0,0,0,1,13,MUJER,LESIONADO,PEATON,NO,NO,3
1728,5456,5457,2017,2,0,-0.153716,-78.467157,PICHINCHA,QUITO,QUITO,RURAL,2017-03-09,15:05:00,15,JUEVES,4,MARZO,3,NO,NO CEDER EL DERECHO DE VIA O PREFERENCIA DE PASO AL PEATON.,ATROPELLOS,AUTOMOVIL,1,0,0,0,0,0,0,0,0,0,0,0,0,1,6,HOMBRE,LESIONADO,PEATON,NO,NO,3
1729,5475,5476,2017,0,0,-0.236453,-78.489719,PICHINCHA,QUITO,QUITO,URBANA,2017-03-09,18:55:00,18,JUEVES,4,MARZO,3,NO,CONDUCIR VEHICULO SUPERANDO LOS LIMITES MAXIMOS DE VELOCIDAD.,ESTRELLAMIENTOS,VEHICULO DEPORTIVO UTILITARIO,0,0,0,0,0,0,0,0,0,0,0,0,1,1,50,HOMBRE,ILESO,CONDUCTOR PRESENTE,NO,NO,0
1730,5477,5478,2017,1,0,-0.285303,-78.533121,PICHINCHA,QUITO,QUITO,URBANA,2017-03-09,19:10:00,19,JUEVES,4,MARZO,3,NO,NO GUARDAR LA DISTANCIA LATERAL MINIMA DE SEGURIDAD ENTRE VEHICULOS.,ROZAMIENTOS,CAMIONETA,1,0,0,0,1,0,0,0,0,0,0,0,0,2,39,HOMBRE,LESIONADO,PASAJERO,NO,NO,0
1731,5478,5479,2017,1,0,-0.140769,-78.470154,PICHINCHA,QUITO,QUITO,URBANA,2017-03-09,19:10:00,19,JUEVES,4,MARZO,3,NO,"NO RESPETAR LAS SENIALES REGLAMENTARIAS DE TRANSITO. (PARE, CEDA EL PASO, LUZ ROJA DEL SEMAFORO, ETC).",CHOQUE LATERAL,MOTOCICLETA,0,0,0,0,0,0,0,0,1,1,0,0,0,2,28,HOMBRE,LESIONADO,CONDUCTOR PRESENTE,NO,NO,0
1732,5484,5485,2017,0,0,-0.236435,-78.528441,PICHINCHA,QUITO,QUITO,URBANA,2017-03-09,20:50:00,20,JUEVES,4,MARZO,3,NO,"CONDUCIR DESATENTO A LAS CONDICIONES DE TRANSITO (CELULAR, PANTALLAS DE VIDEO, COMIDA, MAQUILLAJE O CUALQUIER OTRO ELEMENTO DISTRACTOR).",ESTRELLAMIENTOS,AUTOMOVIL,2,0,0,0,0,0,0,0,0,0,0,0,0,2,-1,NO IDENTIFICADO,NO IDENTIFICADO,CONDUCTOR AUSENTE,NO,NO,2
1733,5492,5493,2017,2,0,-0.068518,-78.452156,PICHINCHA,QUITO,CALDERON (CARAPUNGO),URBANA,2017-03-09,23:15:00,23,JUEVES,4,MARZO,3,NO,"NO RESPETAR LAS SENIALES REGLAMENTARIAS DE TRANSITO. (PARE, CEDA EL PASO, LUZ ROJA DEL SEMAFORO, ETC).",CHOQUE LATERAL,MOTOCICLETA,0,0,0,0,0,0,0,0,1,1,0,0,0,2,24,HOMBRE,LESIONADO,CONDUCTOR PRESENTE,NO,NO,0
1734,5493,5494,2017,1,0,-0.196421,-78.512604,PICHINCHA,QUITO,QUITO,URBANA,2017-03-09,23:50:00,23,JUEVES,4,MARZO,3,NO,"CASO FORTUITO O FUERZA MAYOR (EXPLOSION DE NEUMATICO NUEVO, DERRUMBE, INUNDACION, CAIDA DE PUENTE, ARBOL, PRESENCIA INTEMPESTIVA E IMPREVISTA DE SEMOVIENTES EN LA VIA, ETC.).",OTROS,NO IDENTIFICADO,0,0,0,0,0,0,0,0,0,1,0,0,0,1,-1,MUJER,LESIONADO,PASAJERO,NO,NO,0
1735,5499,5500,2017,0,0,-0.222898,-78.510324,PICHINCHA,QUITO,QUITO,URBANA,2017-03-10,03:00:00,3,VIERNES,5,MARZO,3,NO,"CONDUCIR EN ESTADO DE SOMNOLENCIA O MALAS CONDICIONES FISICAS (SUENIO, CANSANCIO Y FATIGA).",ESTRELLAMIENTOS,AUTOMOVIL,1,0,0,0,0,0,0,0,0,0,0,0,0,1,-1,NO IDENTIFICADO,NO IDENTIFICADO,CONDUCTOR AUSENTE,NO,NO,2
1736,5508,5509,2017,2,0,-0.105312,-78.433076,PICHINCHA,QUITO,CALDERON (CARAPUNGO),RURAL,2017-03-10,06:15:00,6,VIERNES,5,MARZO,3,NO,"NO RESPETAR LAS SENIALES REGLAMENTARIAS DE TRANSITO. (PARE, CEDA EL PASO, LUZ ROJA DEL SEMAFORO, ETC).",CHOQUE LATERAL,BUS,0,0,1,0,0,0,0,0,1,0,0,0,0,2,22,HOMBRE,LESIONADO,PASAJERO,NO,NO,3
1737,5514,5515,2017,0,0,-0.237734,-78.509298,PICHINCHA,QUITO,QUITO,URBANA,2017-03-10,07:05:00,7,VIERNES,5,MARZO,3,NO,NO MANTENER LA DISTANCIA PRUDENCIAL CON RESPECTO AL VEHICULO QUE LE ANTECEDE.,CHOQUE POSTERIOR,BUS,0,0,1,0,0,0,0,1,0,0,0,0,0,2,45,HOMBRE,ILESO,CONDUCTOR PRESENTE,NO,NO,0
1738,5518,5519,2017,0,0,-0.211815,-78.406702,PICHINCHA,QUITO,TUMBACO,RURAL,2017-03-10,07:50:00,7,VIERNES,5,MARZO,3,NO,NO CEDER EL DERECHO DE VIA O PREFERENCIA DE PASO A VEHICULOS.,CHOQUE LATERAL,AUTOMOVIL,2,0,0,0,0,0,0,0,0,0,0,0,0,2,46,HOMBRE,ILESO,CONDUCTOR PRESENTE,NO,NO,3
1739,5519,5520,2017,0,0,-0.232562,-78.503683,PICHINCHA,QUITO,QUITO,URBANA,2017-03-10,07:58:00,7,VIERNES,5,MARZO,3,NO,NO GUARDAR LA DISTANCIA LATERAL MINIMA DE SEGURIDAD ENTRE VEHICULOS.,ROZAMIENTOS,AUTOMOVIL,1,0,0,0,0,0,0,1,0,0,0,0,0,2,45,HOMBRE,ILESO,CONDUCTOR PRESENTE,NO,NO,0
1740,5520,5521,2017,1,0,-0.103766,-78.424562,PICHINCHA,QUITO,CALDERON (CARAPUNGO),RURAL,2017-03-10,08:00:00,8,VIERNES,5,MARZO,3,NO,NO CEDER EL DERECHO DE VIA O PREFERENCIA DE PASO AL PEATON.,ATROPELLOS,NO IDENTIFICADO,0,0,0,0,0,0,0,0,0,1,0,0,0,1,76,MUJER,LESIONADO,PEATON,NO,NO,3
1741,5531,5532,2017,1,0,-0.242475,-78.497488,PICHINCHA,QUITO,QUITO,URBANA,2017-03-10,10:25:00,10,VIERNES,5,MARZO,3,NO,"NO RESPETAR LAS SENIALES REGLAMENTARIAS DE TRANSITO. (PARE, CEDA EL PASO, LUZ ROJA DEL SEMAFORO, ETC).",CHOQUE LATERAL,CAMIONETA,1,0,0,0,1,0,0,0,0,0,0,0,0,2,31,HOMBRE,LESIONADO,PASAJERO,NO,NO,0
1742,5532,5533,2017,1,0,-0.200741,-78.497215,PICHINCHA,QUITO,QUITO,URBANA,2017-03-10,10:35:00,10,VIERNES,5,MARZO,3,NO,DEJAR O RECOGER PASAJEROS EN LUGARES NO PERMITIDOS.,CAIDA DE PASAJERO,NO IDENTIFICADO,0,0,0,0,0,0,0,0,0,1,0,0,0,1,57,MUJER,LESIONADO,PASAJERO,NO,NO,0
1743,5535,5536,2017,1,0,-0.151955,-78.476471,PICHINCHA,QUITO,QUITO,URBANA,2017-03-10,11:10:00,11,VIERNES,5,MARZO,3,NO,"ADELANTAR O REBASAR A OTRO VEHICULO EN MOVIMIENTO EN ZONAS O SITIOS PELIGROSOS TALES COMO: CURVAS, PUENTES, TUNELES, PENDIENTES, ETC.",CHOQUE LATERAL,AUTOMOVIL,1,0,0,0,0,0,0,0,1,0,0,0,0,2,32,HOMBRE,LESIONADO,CONDUCTOR PRESENTE,NO,NO,0
1744,5538,5539,2017,1,0,-0.254554,-78.530844,PICHINCHA,QUITO,QUITO,URBANA,2017-03-10,12:17:00,12,VIERNES,5,MARZO,3,NO,NO TRANSITAR POR LAS ACERAS O ZONAS DE SEGURIDAD DESTINADAS PARA EL EFECTO.,ATROPELLOS,BUS,0,0,1,0,0,0,0,0,0,0,0,0,0,1,83,HOMBRE,LESIONADO,PEATON,NO,NO,0
1745,5542,5543,2017,1,0,-0.206491,-78.497387,PICHINCHA,QUITO,QUITO,URBANA,2017-03-10,13:35:00,13,VIERNES,5,MARZO,3,NO,NO CEDER EL DERECHO DE VIA O PREFERENCIA DE PASO AL PEATON.,ATROPELLOS,BUS,0,0,1,0,0,0,0,0,0,0,0,0,0,1,29,HOMBRE,LESIONADO,PEATON,NO,NO,0
1746,5545,5546,2017,0,0,-0.298233,-78.445595,PICHINCHA,QUITO,ALANGASI,RURAL,2017-03-10,14:15:00,14,VIERNES,5,MARZO,3,NO,PESO Y VOLUMEN - NO CUMPLIR CON LAS NORMAS DE SEGURIDAD NECESARIAS AL TRANSPORTAR CARGAS.,ESTRELLAMIENTOS,CAMION,0,0,0,1,0,0,0,0,0,0,0,0,0,1,37,HOMBRE,ILESO,CONDUCTOR PRESENTE,NO,NO,3
1747,5546,5547,2017,0,0,0.062369,-78.200211,PICHINCHA,PEDRO MONCAYO,TABACUNDO,URBANA,2017-03-10,14:36:00,14,VIERNES,5,MARZO,3,NO,NO GUARDAR LA DISTANCIA LATERAL MINIMA DE SEGURIDAD ENTRE VEHICULOS.,CHOQUE LATERAL,AUTOMOVIL,2,0,0,0,0,0,0,0,0,0,0,0,0,2,-1,HOMBRE,ILESO,CONDUCTOR PRESENTE,NO,NO,0
1748,5547,5548,2017,0,0,-0.166302,-78.486907,PICHINCHA,QUITO,QUITO,URBANA,2017-03-10,14:45:00,14,VIERNES,5,MARZO,3,NO,NO GUARDAR LA DISTANCIA LATERAL MINIMA DE SEGURIDAD ENTRE VEHICULOS.,ROZAMIENTOS,AUTOMOVIL,1,0,0,0,0,0,0,0,0,1,0,0,0,2,35,HOMBRE,ILESO,CONDUCTOR PRESENTE,NO,NO,0