,Unnamed: 0,ID,ANIO,LESIONADOS,FALLECIDOS,LATITUD_Y,LONGITUD_X,PROVINCIA,CANTON,PARROQUIA,ZONA,FECHA,HORA,PERIODO_2,DIA_1,DIA_2,MES_1,MES_2,FERIADO,CAUSA_PROBABLE,TIPO_DE_SINIESTRO,TIPO_DE_VEHICULO_1,AUTOMOVIL,BICICLETA,BUS,CAMION,CAMIONETA,EMERGENCIAS,ESPECIAL,FURGONETA,MOTOCICLETA,NO_IDENTIFICADO,SCOOTER_ELECTRICO,TRICIMOTO,VEHICULO_DEPORTIVO_UTILITARIO,SUMA_DE_VEHICULOS,EDAD_1,SEXO_1,CONDICION_1,PARTICIPANTE_1,CASCO_1,CINTURON_1,KMeans_Cluster
1749,5552,5553,2017,0,0,-0.119451,-78.506659,PICHINCHA,QUITO,QUITO,URBANA,2017-03-10,16:00:00,16,VIERNES,5,MARZO,3,NO,REALIZAR CAMBIO BRUSCO O INDEBIDO DE CARRIL.,CHOQUE LATERAL,MOTOCICLETA,1,0,0,0,0,0,0,0,1,0,0,0,0,2,25,MUJER,ILESO,CONDUCTOR PRESENTE,NO,NO,0
1750,5558,5559,2017,0,0,-0.089176,-78.469701,PICHINCHA,QUITO,QUITO,URBANA,2017-03-10,17:40:00,17,VIERNES,5,MARZO,3,NO,NO GUARDAR LA DISTANCIA LATERAL MINIMA DE SEGURIDAD ENTRE VEHICULOS.,ROZAMIENTOS,AUTOMOVIL,1,0,0,1,0,0,0,0,0,0,0,0,0,2,49,HOMBRE,ILESO,CONDUCTOR PRESENTE,NO,NO,0
1751,5559,5560,2017,1,0,-0.138281,-78.314091,PICHINCHA,QUITO,CHECA (CHILPA),RURAL,2017-03-10,17:47:00,17,VIERNES,5,MARZO,3,NO,"CONDUCIR DESATENTO A LAS CONDICIONES DE TRANSITO (CELULAR, PANTALLAS DE VIDEO, COMIDA, MAQUILLAJE O CUALQUIER OTRO ELEMENTO DISTRACTOR).",ATROPELLOS,NO IDENTIFICADO,0,0,0,0,0,0,0,0,0,1,0,0,0,1,23,HOMBRE,LESIONADO,PEATON,NO,NO,3
1752,5564,5565,2017,0,0,-0.225718,-78.506566,PICHINCHA,QUITO,QUITO,URBANA,2017-03-10,18:00:00,18,VIERNES,5,MARZO,3,NO,REALIZAR CAMBIO BRUSCO O INDEBIDO DE CARRIL.,CHOQUE LATERAL,CAMIONETA,0,0,1,0,1,0,0,0,0,0,0,0,0,2,45,HOMBRE,ILESO,CONDUCTOR PRESENTE,NO,NO,0
1753,5572,5573,2017,0,0,-0.199835,-78.482753,PICHINCHA,QUITO,QUITO,URBANA,2017-03-10,19:35:00,19,VIERNES,5,MARZO,3,NO,REALIZAR CAMBIO BRUSCO O INDEBIDO DE CARRIL.,CHOQUE LATERAL,AUTOMOVIL,2,0,0,0,0,0,0,0,0,0,0,0,0,2,42,HOMBRE,ILESO,CONDUCTOR PRESENTE,NO,NO,0
1754,5573,5574,2017,1,0,-0.161184,-78.495683,PICHINCHA,QUITO,QUITO,URBANA,2017-03-10,20:00:00,20,VIERNES,5,MARZO,3,NO,CONDUCIR VEHICULO SUPERANDO LOS LIMITES MAXIMOS DE VELOCIDAD.,ESTRELLAMIENTOS,AUTOMOVIL,1,0,0,0,0,0,0,0,0,0,0,0,0,1,25,MUJER,LESIONADO,PASAJERO,NO,NO,0
1755,5575,5576,2017,0,0,-0.182136,-78.478799,PICHINCHA,QUITO,QUITO,URBANA,2017-03-10,20:20:00,20,VIERNES,5,MARZO,3,NO,"NO RESPETAR LAS SENIALES REGLAMENTARIAS DE TRANSITO. (PARE, CEDA EL PASO, LUZ ROJA DEL SEMAFORO, ETC).",CHOQUE LATERAL,VEHICULO DEPORTIVO UTILITARIO,0,0,1,0,0,0,0,0,0,0,0,0,1,2,25,HOMBRE,ILESO,CONDUCTOR PRESENTE,NO,NO,0
1756,5578,5579,2017,1,0,-0.252051,-78.510028,PICHINCHA,QUITO,QUITO,URBANA,2017-03-10,20:40:00,20,VIERNES,5,MARZO,3,NO,NO CEDER EL DERECHO DE VIA O PREFERENCIA DE PASO AL PEATON.,ATROPELLOS,NO IDENTIFICADO,0,0,0,0,0,0,0,0,0,1,0,0,0,1,41,HOMBRE,LESIONADO,PEATON,NO,NO,0
1757,5580,5581,2017,1,0,-0.225902,-78.503303,PICHINCHA,QUITO,QUITO,URBANA,2017-03-10,21:35:00,21,VIERNES,5,MARZO,3,NO,"ADELANTAR O REBASAR A OTRO VEHICULO EN MOVIMIENTO EN ZONAS O SITIOS PELIGROSOS TALES COMO: CURVAS, PUENTES, TUNELES, PENDIENTES, ETC.",COLISION,AUTOMOVIL,2,0,0,0,1,0,0,0,0,0,0,0,1,4,25,MUJER,LESIONADO,PASAJERO,NO,NO,0
1758,5581,5582,2017,1,0,-0.282595,-78.470666,PICHINCHA,QUITO,CONOCOTO,URBANA,2017-03-10,21:38:00,21,VIERNES,5,MARZO,3,NO,"NO RESPETAR LAS SENIALES REGLAMENTARIAS DE TRANSITO. (PARE, CEDA EL PASO, LUZ ROJA DEL SEMAFORO, ETC).",CHOQUE LATERAL,MOTOCICLETA,0,0,0,0,0,0,0,0,1,1,0,0,0,2,35,HOMBRE,LESIONADO,CONDUCTOR PRESENTE,NO,NO,0
1759,5584,5585,2017,0,0,-0.165535,-78.476786,PICHINCHA,QUITO,QUITO,URBANA,2017-03-10,23:10:00,23,VIERNES,5,MARZO,3,NO,NO CEDER EL DERECHO DE VIA O PREFERENCIA DE PASO A VEHICULOS.,VOLCAMIENTOS,VEHICULO DEPORTIVO UTILITARIO,1,0,0,0,0,0,0,0,0,0,0,0,1,2,-1,NO IDENTIFICADO,NO IDENTIFICADO,CONDUCTOR AUSENTE,NO,NO,2
1760,5585,5586,2017,0,0,-0.147021,-78.491704,PICHINCHA,QUITO,QUITO,URBANA,2017-03-10,23:30:00,23,VIERNES,5,MARZO,3,NO,"ADELANTAR O REBASAR A OTRO VEHICULO EN MOVIMIENTO EN ZONAS O SITIOS PELIGROSOS TALES COMO: CURVAS, PUENTES, TUNELES, PENDIENTES, ETC.",ROZAMIENTOS,VEHICULO DEPORTIVO UTILITARIO,0,0,0,0,0,0,0,0,0,0,0,0,2,2,57,HOMBRE,ILESO,CONDUCTOR PRESENTE,NO,NO,0
1761,5587,5588,2017,0,0,-0.167152,-78.484002,PICHINCHA,QUITO,QUITO,URBANA,2017-03-11,00:30:00,0,SABADO,6,MARZO,3,NO,"CONDUCIR EN ESTADO DE SOMNOLENCIA O MALAS CONDICIONES FISICAS (SUENIO, CANSANCIO Y FATIGA).",CHOQUE POSTERIOR,AUTOMOVIL,2,0,0,0,0,0,0,0,0,0,0,0,0,2,24,HOMBRE,ILESO,CONDUCTOR PRESENTE,NO,NO,0
1762,5588,5589,2017,0,0,-0.291844,-78.558452,PICHINCHA,QUITO,QUITO,URBANA,2017-03-11,00:30:00,0,SABADO,6,MARZO,3,NO,"NO RESPETAR LAS SENIALES REGLAMENTARIAS DE TRANSITO. (PARE, CEDA EL PASO, LUZ ROJA DEL SEMAFORO, ETC).",VOLCAMIENTOS,AUTOMOVIL,2,0,0,0,0,0,0,0,0,0,0,0,0,2,25,HOMBRE,ILESO,CONDUCTOR PRESENTE,NO,NO,0
1763,5592,5593,2017,0,0,-0.274944,-78.540305,PICHINCHA,QUITO,QUITO,URBANA,2017-03-11,02:25:00,2,SABADO,6,MARZO,3,NO,"CONDUCIR EN ESTADO DE SOMNOLENCIA O MALAS CONDICIONES FISICAS (SUENIO, CANSANCIO Y FATIGA).",ESTRELLAMIENTOS,AUTOMOVIL,1,0,0,0,0,0,0,0,0,0,0,0,0,1,-1,NO IDENTIFICADO,NO IDENTIFICADO,CONDUCTOR AUSENTE,NO,NO,2
1764,5596,5597,2017,0,1,-0.115998,-78.479371,PICHINCHA,QUITO,QUITO,URBANA,2017-03-11,02:50:00,2,SABADO,6,MARZO,3,NO,"CONDUCE BAJO LA INFLUENCIA DE ALCOHOL, SUSTANCIAS ESTUPEFACIENTES O PSICOTROPICAS Y/O MEDICAMENTOS.",ATROPELLOS,AUTOMOVIL,1,0,0,0,0,0,0,0,0,0,0,0,0,1,25,HOMBRE,FALLECIDO,PEATON,NO,NO,0
1765,5599,5600,2017,0,0,-0.258641,-78.552541,PICHINCHA,QUITO,QUITO,URBANA,2017-03-11,04:25:00,4,SABADO,6,MARZO,3,NO,"CONDUCIR EN ESTADO DE SOMNOLENCIA O MALAS CONDICIONES FISICAS (SUENIO, CANSANCIO Y FATIGA).",ESTRELLAMIENTOS,AUTOMOVIL,1,0,0,0,0,0,0,0,0,0,0,0,0,1,-1,NO IDENTIFICADO,NO IDENTIFICADO,CONDUCTOR AUSENTE,NO,NO,2
1766,5604,5605,2017,0,0,-0.088163,-78.473447,PICHINCHA,QUITO,QUITO,URBANA,2017-03-11,06:00:00,6,SABADO,6,MARZO,3,NO,"CONDUCIR DESATENTO A LAS CONDICIONES DE TRANSITO (CELULAR, PANTALLAS DE VIDEO, COMIDA, MAQUILLAJE O CUALQUIER OTRO ELEMENTO DISTRACTOR).",ESTRELLAMIENTOS,VEHICULO DEPORTIVO UTILITARIO,0,0,0,0,0,0,0,0,0,0,0,0,1,1,25,HOMBRE,ILESO,CONDUCTOR PRESENTE,NO,NO,0
1767,5607,5608,2017,2,0,-0.221951,-78.514332,PICHINCHA,QUITO,QUITO,URBANA,2017-03-11,07:25:00,7,SABADO,6,MARZO,3,NO,NO CEDER EL DERECHO DE VIA O PREFERENCIA DE PASO A VEHICULOS.,CHOQUE LATERAL,MOTOCICLETA,0,0,0,0,0,0,0,0,1,1,0,0,0,2,38,HOMBRE,LESIONADO,CONDUCTOR PRESENTE,NO,NO,0
1768,5609,5610,2017,0,0,-0.144229,-78.469533,PICHINCHA,QUITO,QUITO,URBANA,2017-03-11,07:30:00,7,SABADO,6,MARZO,3,NO,NO CEDER EL DERECHO DE VIA O PREFERENCIA DE PASO A VEHICULOS.,CHOQUE LATERAL,CAMIONETA,0,0,0,0,2,0,0,0,0,0,0,0,0,2,28,MUJER,ILESO,CONDUCTOR PRESENTE,NO,NO,0
1769,5610,5611,2017,0,0,-0.237387,-78.484528,PICHINCHA,QUITO,QUITO,URBANA,2017-03-11,07:45:00,7,SABADO,6,MARZO,3,NO,"CONDUCIR DESATENTO A LAS CONDICIONES DE TRANSITO (CELULAR, PANTALLAS DE VIDEO, COMIDA, MAQUILLAJE O CUALQUIER OTRO ELEMENTO DISTRACTOR).",ESTRELLAMIENTOS,AUTOMOVIL,1,0,0,0,0,0,0,0,0,0,0,0,0,1,39,HOMBRE,ILESO,CONDUCTOR PRESENTE,NO,NO,0
1770,5611,5612,2017,1,0,-0.104081,-78.474732,PICHINCHA,QUITO,QUITO,URBANA,2017-03-11,08:00:00,8,SABADO,6,MARZO,3,NO,"NO RESPETAR LAS SENIALES REGLAMENTARIAS DE TRANSITO. (PARE, CEDA EL PASO, LUZ ROJA DEL SEMAFORO, ETC).",CHOQUE LATERAL,MOTOCICLETA,0,0,0,0,0,0,0,0,1,0,0,0,1,2,40,HOMBRE,LESIONADO,CONDUCTOR PRESENTE,NO,NO,0
1771,5612,5613,2017,0,1,-0.070288,-78.403371,PICHINCHA,QUITO,CALDERON (CARAPUNGO),RURAL,2017-03-11,08:30:00,8,SABADO,6,MARZO,3,NO,NO CEDER EL DERECHO DE VIA O PREFERENCIA DE PASO AL PEATON.,ATROPELLOS,NO IDENTIFICADO,0,0,0,0,0,0,0,0,0,1,0,0,0,1,79,MUJER,FALLECIDO,PEATON,NO,NO,3
1772,5615,5616,2017,0,0,-0.068489,-78.429959,PICHINCHA,QUITO,CALDERON (CARAPUNGO),RURAL,2017-03-11,10:50:00,10,SABADO,6,MARZO,3,NO,"CONDUCIR DESATENTO A LAS CONDICIONES DE TRANSITO (CELULAR, PANTALLAS DE VIDEO, COMIDA, MAQUILLAJE O CUALQUIER OTRO ELEMENTO DISTRACTOR).",ESTRELLAMIENTOS,NO IDENTIFICADO,0,0,0,0,0,0,0,0,0,1,0,0,0,1,-1,NO IDENTIFICADO,NO IDENTIFICADO,CONDUCTOR AUSENTE,NO,NO,2
1773,5617,5618,2017,0,0,-0.167489,-78.481931,PICHINCHA,QUITO,QUITO,URBANA,2017-03-11,11:50:00,11,SABADO,6,MARZO,3,NO,NO CEDER EL DERECHO DE VIA O PREFERENCIA DE PASO A VEHICULOS.,CHOQUE LATERAL,AUTOMOVIL,1,0,0,0,0,0,0,0,0,0,0,0,1,2,32,MUJER,ILESO,CONDUCTOR PRESENTE,NO,NO,0
1774,5618,5619,2017,0,0,-0.327362,-78.550333,PICHINCHA,QUITO,QUITO,URBANA,2017-03-11,12:05:00,12,SABADO,6,MARZO,3,NO,NO MANTENER LA DISTANCIA PRUDENCIAL CON RESPECTO AL VEHICULO QUE LE ANTECEDE.,CHOQUE POSTERIOR,AUTOMOVIL,1,0,1,0,0,0,0,0,0,0,0,0,0,2,37,HOMBRE,ILESO,CONDUCTOR PRESENTE,NO,NO,0
1775,5626,5627,2017,0,0,-0.299621,-78.524243,PICHINCHA,QUITO,QUITO,URBANA,2017-03-11,14:23:00,14,SABADO,6,MARZO,3,NO,REALIZAR CAMBIO BRUSCO O INDEBIDO DE CARRIL.,CHOQUE LATERAL,BUS,0,0,1,0,1,0,0,0,0,0,0,0,0,2,24,HOMBRE,ILESO,CONDUCTOR PRESENTE,NO,NO,0
1776,5627,5628,2017,0,0,-0.234745,-78.488175,PICHINCHA,QUITO,QUITO,URBANA,2017-03-11,14:50:00,14,SABADO,6,MARZO,3,NO,NO MANTENER LA DISTANCIA PRUDENCIAL CON RESPECTO AL VEHICULO QUE LE ANTECEDE.,CHOQUE POSTERIOR,CAMION,0,0,0,1,1,0,0,0,0,0,0,0,0,2,50,HOMBRE,ILESO,CONDUCTOR PRESENTE,NO,NO,0
1777,5631,5632,2017,0,0,-0.198174,-78.489185,PICHINCHA,QUITO,QUITO,URBANA,2017-03-11,15:47:00,15,SABADO,6,MARZO,3,NO,"CONDUCIR DESATENTO A LAS CONDICIONES DE TRANSITO (CELULAR, PANTALLAS DE VIDEO, COMIDA, MAQUILLAJE O CUALQUIER OTRO ELEMENTO DISTRACTOR).",ESTRELLAMIENTOS,AUTOMOVIL,1,0,0,0,0,0,0,0,0,1,0,0,0,2,-1,NO IDENTIFICADO,NO IDENTIFICADO,CONDUCTOR AUSENTE,NO,NO,2
1778,5632,5633,2017,0,0,-0.324122,-78.461333,PICHINCHA,RUMINIAHUI,SANGOLQUI,URBANA,2017-03-11,16:00:00,16,SABADO,6,MARZO,3,NO,"CONDUCE BAJO LA INFLUENCIA DE ALCOHOL, SUSTANCIAS ESTUPEFACIENTES O PSICOTROPICAS Y/O MEDICAMENTOS.",PERDIDA DE PISTA,AUTOMOVIL,2,0,0,0,0,0,0,0,0,0,0,0,0,2,35,HOMBRE,ILESO,CONDUCTOR PRESENTE,NO,NO,0
1779,5636,5637,2017,1,0,-0.129112,-78.498255,PICHINCHA,QUITO,QUITO,URBANA,2017-03-11,17:00:00,17,SABADO,6,MARZO,3,NO,"PEATON TRANSITA BAJO INFLUENCIA DE ALCOHOL, SUSTANCIAS ESTUPEFACIENTES O PSICOTROPICAS Y/O MEDICAMENTOS.",ATROPELLOS,NO IDENTIFICADO,0,0,0,0,0,0,0,0,0,1,0,0,0,1,24,HOMBRE,LESIONADO,PEATON,NO,NO,0
1780,5639,5640,2017,0,0,-0.280473,-78.525052,PICHINCHA,QUITO,QUITO,URBANA,2017-03-11,17:30:00,17,SABADO,6,MARZO,3,NO,"CONDUCIR DESATENTO A LAS CONDICIONES DE TRANSITO (CELULAR, PANTALLAS DE VIDEO, COMIDA, MAQUILLAJE O CUALQUIER OTRO ELEMENTO DISTRACTOR).",ESTRELLAMIENTOS,CAMIONETA,0,0,0,0,1,0,0,0,0,0,0,0,0,1,60,HOMBRE,ILESO,CONDUCTOR PRESENTE,NO,NO,0
1781,5641,5642,2017,1,0,-0.176941,-78.480663,PICHINCHA,QUITO,QUITO,URBANA,2017-03-11,18:10:00,18,SABADO,6,MARZO,3,NO,NO CEDER EL DERECHO DE VIA O PREFERENCIA DE PASO AL PEATON.,ATROPELLOS,NO IDENTIFICADO,0,0,0,0,0,0,0,0,0,1,0,0,0,1,53,MUJER,LESIONADO,PEATON,NO,NO,0
1782,5653,5654,2017,0,0,-0.280982,-78.516477,PICHINCHA,QUITO,QUITO,RURAL,2017-03-11,21:20:00,21,SABADO,6,MARZO,3,NO,CONDUCIR VEHICULO SUPERANDO LOS LIMITES MAXIMOS DE VELOCIDAD.,VOLCAMIENTOS,AUTOMOVIL,1,0,0,0,0,0,0,0,0,0,0,0,0,1,46,HOMBRE,ILESO,CONDUCTOR PRESENTE,NO,NO,3
1783,5654,5655,2017,0,0,-0.326619,-78.568901,PICHINCHA,QUITO,QUITO,URBANA,2017-03-11,21:20:00,21,SABADO,6,MARZO,3,NO,NO CEDER EL DERECHO DE VIA O PREFERENCIA DE PASO A VEHICULOS.,CHOQUE LATERAL,VEHICULO DEPORTIVO UTILITARIO,0,0,0,0,0,0,0,0,0,1,0,0,1,2,32,HOMBRE,ILESO,CONDUCTOR PRESENTE,NO,NO,0
1784,5655,5656,2017,0,0,-0.295604,-78.561141,PICHINCHA,QUITO,QUITO,URBANA,2017-03-11,21:40:00,21,SABADO,6,MARZO,3,NO,"NO RESPETAR LAS SENIALES REGLAMENTARIAS DE TRANSITO. (PARE, CEDA EL PASO, LUZ ROJA DEL SEMAFORO, ETC).",CHOQUE LATERAL,AUTOMOVIL,1,0,0,0,0,0,0,0,0,1,0,0,0,2,45,HOMBRE,ILESO,CONDUCTOR PRESENTE,NO,NO,0
1785,5659,5660,2017,0,0,-0.202154,-78.497847,PICHINCHA,QUITO,QUITO,URBANA,2017-03-11,22:50:00,22,SABADO,6,MARZO,3,NO,"NO RESPETAR LAS SENIALES REGLAMENTARIAS DE TRANSITO. (PARE, CEDA EL PASO, LUZ ROJA DEL SEMAFORO, ETC).",CHOQUE LATERAL,AUTOMOVIL,1,0,0,0,0,0,0,0,0,1,0,0,0,2,25,HOMBRE,ILESO,CONDUCTOR PRESENTE,NO,NO,0
1786,5660,5661,2017,0,0,-0.184991,-78.509955,PICHINCHA,QUITO,QUITO,URBANA,2017-03-11,22:55:00,22,SABADO,6,MARZO,3,NO,CONDUCIR VEHICULO SUPERANDO LOS LIMITES MAXIMOS DE VELOCIDAD.,VOLCAMIENTOS,AUTOMOVIL,1,0,0,0,0,0,0,0,0,0,0,0,0,1,30,HOMBRE,ILESO,CONDUCTOR PRESENTE,NO,NO,0
1787,5661,5662,2017,0,0,-0.292837,-78.542342,PICHINCHA,QUITO,QUITO,URBANA,2017-03-11,23:00:00,23,SABADO,6,MARZO,3,NO,"NO RESPETAR LAS SENIALES REGLAMENTARIAS DE TRANSITO. (PARE, CEDA EL PASO, LUZ ROJA DEL SEMAFORO, ETC).",CHOQUE LATERAL,AUTOMOVIL,1,0,0,0,0,0,0,0,0,1,0,0,0,2,29,HOMBRE,ILESO,CONDUCTOR PRESENTE,NO,NO,0
1788,5662,5663,2017,1,0,-0.251181,-78.538867,PICHINCHA,QUITO,QUITO,URBANA,2017-03-11,23:05:00,23,SABADO,6,MARZO,3,NO,"CONDUCE BAJO LA INFLUENCIA DE ALCOHOL, SUSTANCIAS ESTUPEFACIENTES O PSICOTROPICAS Y/O MEDICAMENTOS.",ATROPELLOS,CAMIONETA,1,0,0,0,1,0,0,0,0,0,0,0,1,3,27,HOMBRE,LESIONADO,PEATON,NO,NO,0
1789,5663,5664,2017,0,0,-0.085654,-78.485119,PICHINCHA,QUITO,QUITO,URBANA,2017-03-11,23:10:00,23,SABADO,6,MARZO,3,NO,"CONDICIONES AMBIENTALES Y/O ATMOSFERICAS (NIEBLA, NEBLINA, GRANIZO, LLUVIA).",PERDIDA DE PISTA,CAMION,0,0,0,1,0,0,0,0,0,0,0,0,0,1,54,HOMBRE,ILESO,CONDUCTOR PRESENTE,NO,NO,0
1790,5664,5665,2017,0,0,-0.085686,-78.485108,PICHINCHA,QUITO,QUITO,URBANA,2017-03-11,23:55:00,23,SABADO,6,MARZO,3,NO,"CONDUCIR DESATENTO A LAS CONDICIONES DE TRANSITO (CELULAR, PANTALLAS DE VIDEO, COMIDA, MAQUILLAJE O CUALQUIER OTRO ELEMENTO DISTRACTOR).",ESTRELLAMIENTOS,AUTOMOVIL,1,0,0,0,0,0,0,0,0,0,0,0,0,1,-1,NO IDENTIFICADO,NO IDENTIFICADO,CONDUCTOR AUSENTE,NO,NO,2
1791,5665,5666,2017,0,0,-0.085643,-78.485087,PICHINCHA,QUITO,QUITO,URBANA,2017-03-12,00:00:00,0,DOMINGO,7,MARZO,3,NO,"CONDICIONES AMBIENTALES Y/O ATMOSFERICAS (NIEBLA, NEBLINA, GRANIZO, LLUVIA).",ESTRELLAMIENTOS,AUTOMOVIL,1,0,0,0,0,0,0,0,0,0,0,0,0,1,27,HOMBRE,ILESO,CONDUCTOR PRESENTE,NO,NO,0
1792,5666,5667,2017,0,0,-0.142091,-78.492444,PICHINCHA,QUITO,QUITO,URBANA,2017-03-12,00:00:00,0,DOMINGO,7,MARZO,3,NO,"CONDUCIR EN ESTADO DE SOMNOLENCIA O MALAS CONDICIONES FISICAS (SUENIO, CANSANCIO Y FATIGA).",ESTRELLAMIENTOS,FURGONETA,0,0,0,0,0,0,0,1,0,0,0,0,0,1,-1,NO IDENTIFICADO,NO IDENTIFICADO,CONDUCTOR AUSENTE,NO,NO,2
1793,5667,5668,2017,0,0,-0.186376,-78.495734,PICHINCHA,QUITO,QUITO,URBANA,2017-03-12,00:10:00,0,DOMINGO,7,MARZO,3,NO,CONDUCIR VEHICULO SUPERANDO LOS LIMITES MAXIMOS DE VELOCIDAD.,ESTRELLAMIENTOS,AUTOMOVIL,1,0,0,0,0,0,0,0,0,0,0,0,0,1,-1,NO IDENTIFICADO,NO IDENTIFICADO,CONDUCTOR AUSENTE,NO,NO,2
1794,5668,5669,2017,0,0,-0.150099,-78.453481,PICHINCHA,QUITO,QUITO,URBANA,2017-03-12,00:15:00,0,DOMINGO,7,MARZO,3,NO,"CONDUCIR EN ESTADO DE SOMNOLENCIA O MALAS CONDICIONES FISICAS (SUENIO, CANSANCIO Y FATIGA).",ESTRELLAMIENTOS,FURGONETA,1,0,0,0,0,0,0,1,0,0,0,0,0,2,-1,NO IDENTIFICADO,NO IDENTIFICADO,CONDUCTOR AUSENTE,NO,NO,2
1795,5670,5671,2017,0,0,-0.238213,-78.484807,PICHINCHA,QUITO,QUITO,URBANA,2017-03-12,00:25:00,0,DOMINGO,7,MARZO,3,NO,"CONDUCIR EN ESTADO DE SOMNOLENCIA O MALAS CONDICIONES FISICAS (SUENIO, CANSANCIO Y FATIGA).",CHOQUE POSTERIOR,AUTOMOVIL,1,0,0,0,1,0,0,0,0,0,0,0,0,2,35,HOMBRE,ILESO,CONDUCTOR PRESENTE,NO,NO,0
1796,5671,5672,2017,0,0,-0.176038,-78.454818,PICHINCHA,QUITO,QUITO,URBANA,2017-03-12,00:30:00,0,DOMINGO,7,MARZO,3,NO,CONDUCIR VEHICULO SUPERANDO LOS LIMITES MAXIMOS DE VELOCIDAD.,ESTRELLAMIENTOS,AUTOMOVIL,1,0,0,0,0,0,0,0,0,0,0,0,0,1,-1,NO IDENTIFICADO,NO IDENTIFICADO,CONDUCTOR AUSENTE,NO,NO,2
1797,5672,5673,2017,4,0,-0.190933,-78.480366,PICHINCHA,QUITO,QUITO,RURAL,2017-03-12,00:50:00,0,DOMINGO,7,MARZO,3,NO,"CONDUCE BAJO LA INFLUENCIA DE ALCOHOL, SUSTANCIAS ESTUPEFACIENTES O PSICOTROPICAS Y/O MEDICAMENTOS.",CHOQUE LATERAL,VEHICULO DEPORTIVO UTILITARIO,0,0,0,0,0,0,0,0,0,0,0,0,2,2,26,HOMBRE,LESIONADO,CONDUCTOR PRESENTE,NO,NO,3
1798,5677,5678,2017,0,0,-0.331895,-78.554775,PICHINCHA,QUITO,QUITO,URBANA,2017-03-12,02:10:00,2,DOMINGO,7,MARZO,3,NO,CONDUCIR VEHICULO SUPERANDO LOS LIMITES MAXIMOS DE VELOCIDAD.,ESTRELLAMIENTOS,VEHICULO DEPORTIVO UTILITARIO,0,0,0,0,0,0,0,0,0,0,0,0,1,1,-1,NO IDENTIFICADO,NO IDENTIFICADO,CONDUCTOR AUSENTE,NO,NO,2
1799,5678,5679,2017,0,0,-0.244954,-78.502954,PICHINCHA,QUITO,QUITO,URBANA,2017-03-12,02:30:00,2,DOMINGO,7,MARZO,3,NO,NO TRANSITAR POR LAS ACERAS O ZONAS DE SEGURIDAD DESTINADAS PARA EL EFECTO.,ATROPELLOS,MOTOCICLETA,0,0,0,0,0,0,0,0,1,0,0,0,0,1,20,HOMBRE,ILESO,CONDUCTOR PRESENTE,NO,NO,0
1800,5679,5680,2017,2,0,-0.289305,-78.538485,PICHINCHA,QUITO,QUITO,URBANA,2017-03-12,02:50:00,2,DOMINGO,7,MARZO,3,NO,"CONDUCE BAJO LA INFLUENCIA DE ALCOHOL, SUSTANCIAS ESTUPEFACIENTES O PSICOTROPICAS Y/O MEDICAMENTOS.",CHOQUE POSTERIOR,AUTOMOVIL,2,0,0,0,0,0,0,0,0,0,0,0,0,2,21,MUJER,LESIONADO,PASAJERO,NO,NO,0
1801,5681,5682,2017,0,0,-0.119364,-78.471343,PICHINCHA,QUITO,QUITO,URBANA,2017-03-12,03:15:00,3,DOMINGO,7,MARZO,3,NO,CONDUCIR VEHICULO SUPERANDO LOS LIMITES MAXIMOS DE VELOCIDAD.,ESTRELLAMIENTOS,AUTOMOVIL,1,0,0,0,0,0,0,0,0,0,0,0,0,1,19,HOMBRE,ILESO,CONDUCTOR PRESENTE,NO,NO,0
1802,5684,5685,2017,0,0,-0.259274,-78.551995,PICHINCHA,QUITO,QUITO,URBANA,2017-03-12,04:00:00,4,DOMINGO,7,MARZO,3,NO,"CONDUCIR EN ESTADO DE SOMNOLENCIA O MALAS CONDICIONES FISICAS (SUENIO, CANSANCIO Y FATIGA).",ESTRELLAMIENTOS,CAMIONETA,0,0,0,0,1,0,0,0,0,0,0,0,0,1,-1,NO IDENTIFICADO,NO IDENTIFICADO,CONDUCTOR AUSENTE,NO,NO,2
1803,5687,5688,2017,1,0,-0.280982,-78.516477,PICHINCHA,QUITO,QUITO,URBANA,2017-03-12,04:20:00,4,DOMINGO,7,MARZO,3,NO,"CONDUCE BAJO LA INFLUENCIA DE ALCOHOL, SUSTANCIAS ESTUPEFACIENTES O PSICOTROPICAS Y/O MEDICAMENTOS.",ESTRELLAMIENTOS,FURGONETA,0,0,0,0,0,0,0,1,0,0,0,0,0,1,27,HOMBRE,LESIONADO,PASAJERO,NO,NO,0
1804,5688,5689,2017,1,0,-0.141421,-78.482893,PICHINCHA,QUITO,QUITO,URBANA,2017-03-12,04:29:00,4,DOMINGO,7,MARZO,3,NO,CONDUCIR VEHICULO SUPERANDO LOS LIMITES MAXIMOS DE VELOCIDAD.,ESTRELLAMIENTOS,MOTOCICLETA,0,0,0,0,0,0,0,0,1,1,0,0,0,2,20,HOMBRE,LESIONADO,PASAJERO,NO,NO,0
1805,5694,5695,2017,1,0,-0.182136,-78.478799,PICHINCHA,QUITO,QUITO,URBANA,2017-03-12,05:02:00,5,DOMINGO,7,MARZO,3,NO,"NO RESPETAR LAS SENIALES REGLAMENTARIAS DE TRANSITO. (PARE, CEDA EL PASO, LUZ ROJA DEL SEMAFORO, ETC).",CHOQUE LATERAL,MOTOCICLETA,0,0,0,0,0,0,0,0,1,1,0,0,0,2,25,HOMBRE,LESIONADO,CONDUCTOR PRESENTE,NO,NO,0
1806,5700,5701,2017,1,0,-0.323562,-78.401791,PICHINCHA,QUITO,PINTAG,URBANA,2017-03-12,07:20:00,7,DOMINGO,7,MARZO,3,NO,"CONDICIONES AMBIENTALES Y/O ATMOSFERICAS (NIEBLA, NEBLINA, GRANIZO, LLUVIA).",PERDIDA DE PISTA,NO IDENTIFICADO,0,0,0,0,0,0,0,0,0,1,0,0,0,1,33,HOMBRE,LESIONADO,CONDUCTOR PRESENTE,NO,NO,0