,Unnamed: 0,ID,ANIO,LESIONADOS,FALLECIDOS,LATITUD_Y,LONGITUD_X,PROVINCIA,CANTON,PARROQUIA,ZONA,FECHA,HORA,PERIODO_2,DIA_1,DIA_2,MES_1,MES_2,FERIADO,CAUSA_PROBABLE,TIPO_DE_SINIESTRO,TIPO_DE_VEHICULO_1,AUTOMOVIL,BICICLETA,BUS,CAMION,CAMIONETA,EMERGENCIAS,ESPECIAL,FURGONETA,MOTOCICLETA,NO_IDENTIFICADO,SCOOTER_ELECTRICO,TRICIMOTO,VEHICULO_DEPORTIVO_UTILITARIO,SUMA_DE_VEHICULOS,EDAD_1,SEXO_1,CONDICION_1,PARTICIPANTE_1,CASCO_1,CINTURON_1,KMeans_Cluster
1807,5707,5708,2017,0,0,-0.215757,-78.500006,PICHINCHA,QUITO,QUITO,URBANA,2017-03-12,09:09:00,9,DOMINGO,7,MARZO,3,NO,NO CEDER EL DERECHO DE VIA O PREFERENCIA DE PASO A VEHICULOS.,CHOQUE LATERAL,CAMIONETA,1,0,0,0,1,0,0,0,0,0,0,0,0,2,50,HOMBRE,ILESO,CONDUCTOR PRESENTE,NO,NO,0
1808,5709,5710,2017,0,0,-0.230682,-78.509963,PICHINCHA,QUITO,QUITO,URBANA,2017-03-12,09:25:00,9,DOMINGO,7,MARZO,3,NO,DEJAR O RECOGER PASAJEROS EN LUGARES NO PERMITIDOS.,CAIDA DE PASAJERO,BUS,0,0,1,0,0,0,0,0,0,0,0,0,0,1,36,HOMBRE,ILESO,CONDUCTOR PRESENTE,NO,NO,0
1809,5713,5714,2017,2,0,-0.112841,-78.497688,PICHINCHA,QUITO,QUITO,URBANA,2017-03-12,11:00:00,11,DOMINGO,7,MARZO,3,NO,"NO RESPETAR LAS SENIALES REGLAMENTARIAS DE TRANSITO. (PARE, CEDA EL PASO, LUZ ROJA DEL SEMAFORO, ETC).",CHOQUE LATERAL,MOTOCICLETA,1,0,0,0,0,0,0,0,1,0,0,0,0,2,23,HOMBRE,LESIONADO,CONDUCTOR PRESENTE,NO,NO,0
1810,5715,5716,2017,0,0,-0.258418,-78.544605,PICHINCHA,QUITO,QUITO,URBANA,2017-03-12,11:50:00,11,DOMINGO,7,MARZO,3,NO,PEATON QUE CRUZA LA CALZADA SIN RESPETAR LA SENIALIZACION EXISTENTE (SEMAFOROS O SENIALES MANUALES).,ATROPELLOS,AUTOMOVIL,1,0,0,0,0,0,0,0,0,0,0,0,0,1,49,HOMBRE,ILESO,CONDUCTOR PRESENTE,NO,NO,0
1811,5720,5721,2017,1,0,-0.205993,-78.422264,PICHINCHA,QUITO,CUMBAYA,RURAL,2017-03-12,14:30:00,14,DOMINGO,7,MARZO,3,NO,NO CEDER EL DERECHO DE VIA O PREFERENCIA DE PASO AL PEATON.,ATROPELLOS,BICICLETA,0,1,0,0,0,0,0,0,0,1,0,0,0,2,40,MUJER,LESIONADO,CONDUCTOR PRESENTE,NO,NO,3
1812,5721,5722,2017,0,0,-0.230208,-78.506471,PICHINCHA,QUITO,QUITO,URBANA,2017-03-12,14:40:00,14,DOMINGO,7,MARZO,3,NO,NO GUARDAR LA DISTANCIA LATERAL MINIMA DE SEGURIDAD ENTRE VEHICULOS.,ROZAMIENTOS,BUS,0,0,2,0,0,0,0,0,0,0,0,0,0,2,42,HOMBRE,ILESO,CONDUCTOR PRESENTE,NO,NO,0
1813,5722,5723,2017,0,0,-0.177375,-78.473464,PICHINCHA,QUITO,QUITO,URBANA,2017-03-12,15:25:00,15,DOMINGO,7,MARZO,3,NO,NO MANTENER LA DISTANCIA PRUDENCIAL CON RESPECTO AL VEHICULO QUE LE ANTECEDE.,COLISION,AUTOMOVIL,2,0,0,0,0,0,0,0,0,0,0,0,1,3,32,HOMBRE,ILESO,CONDUCTOR PRESENTE,NO,NO,0
1814,5725,5726,2017,1,0,-0.258665,-78.518181,PICHINCHA,QUITO,QUITO,URBANA,2017-03-12,16:30:00,16,DOMINGO,7,MARZO,3,NO,NO TRANSITAR POR LAS ACERAS O ZONAS DE SEGURIDAD DESTINADAS PARA EL EFECTO.,ATROPELLOS,NO IDENTIFICADO,0,0,0,0,0,0,0,0,0,1,0,0,0,1,3,MUJER,LESIONADO,PEATON,NO,NO,0
1815,5726,5727,2017,0,0,-0.240656,-78.522166,PICHINCHA,QUITO,QUITO,URBANA,2017-03-12,16:40:00,16,DOMINGO,7,MARZO,3,NO,DEJAR O RECOGER PASAJEROS EN LUGARES NO PERMITIDOS.,CHOQUE POSTERIOR,BUS,0,0,1,0,0,0,0,0,0,0,0,0,1,2,30,HOMBRE,ILESO,CONDUCTOR PRESENTE,NO,NO,0
1816,5729,5730,2017,1,0,-0.231992,-78.496004,PICHINCHA,QUITO,QUITO,URBANA,2017-03-12,17:20:00,17,DOMINGO,7,MARZO,3,NO,NO CEDER EL DERECHO DE VIA O PREFERENCIA DE PASO AL PEATON.,ARROLLAMIENTOS,NO IDENTIFICADO,0,0,0,0,0,0,0,0,0,1,0,0,0,1,20,HOMBRE,LESIONADO,PEATON,NO,NO,0
1817,5740,5741,2017,0,1,-0.161268,-78.495828,PICHINCHA,QUITO,QUITO,URBANA,2017-03-12,19:10:00,19,DOMINGO,7,MARZO,3,NO,NO TRANSITAR POR LAS ACERAS O ZONAS DE SEGURIDAD DESTINADAS PARA EL EFECTO.,ATROPELLOS,AUTOMOVIL,1,0,0,0,0,0,0,0,0,0,0,0,0,1,62,HOMBRE,FALLECIDO,PEATON,NO,NO,0
1818,5746,5747,2017,0,0,-0.108255,-78.461339,PICHINCHA,QUITO,CALDERON (CARAPUNGO),RURAL,2017-03-12,21:20:00,21,DOMINGO,7,MARZO,3,NO,NO GUARDAR LA DISTANCIA LATERAL MINIMA DE SEGURIDAD ENTRE VEHICULOS.,ROZAMIENTOS,AUTOMOVIL,1,0,1,0,0,0,0,0,0,0,0,0,0,2,19,HOMBRE,ILESO,CONDUCTOR PRESENTE,NO,NO,3
1819,5751,5752,2017,0,0,-0.197453,-78.488917,PICHINCHA,QUITO,QUITO,URBANA,2017-03-12,22:25:00,22,DOMINGO,7,MARZO,3,NO,"CONDUCE BAJO LA INFLUENCIA DE ALCOHOL, SUSTANCIAS ESTUPEFACIENTES O PSICOTROPICAS Y/O MEDICAMENTOS.",CHOQUE POSTERIOR,AUTOMOVIL,2,0,0,0,0,0,0,0,0,0,0,0,0,2,29,MUJER,ILESO,CONDUCTOR PRESENTE,NO,NO,0
1820,5753,5754,2017,0,0,-0.370832,-78.478996,PICHINCHA,QUITO,AMAGUANIA,RURAL,2017-03-12,23:00:00,23,DOMINGO,7,MARZO,3,NO,CONDUCIR VEHICULO SUPERANDO LOS LIMITES MAXIMOS DE VELOCIDAD.,ESTRELLAMIENTOS,AUTOMOVIL,1,0,0,0,0,0,0,0,0,0,0,0,0,1,-1,NO IDENTIFICADO,NO IDENTIFICADO,CONDUCTOR AUSENTE,NO,NO,2
1821,5755,5756,2017,0,0,-0.252168,-78.539221,PICHINCHA,QUITO,QUITO,URBANA,2017-03-13,00:05:00,0,LUNES,1,MARZO,3,NO,"CONDUCE BAJO LA INFLUENCIA DE ALCOHOL, SUSTANCIAS ESTUPEFACIENTES O PSICOTROPICAS Y/O MEDICAMENTOS.",CHOQUE LATERAL,AUTOMOVIL,2,0,0,0,0,0,0,0,0,0,0,0,0,2,25,HOMBRE,ILESO,CONDUCTOR PRESENTE,NO,NO,0
1822,5761,5762,2017,0,0,-0.203829,-78.488967,PICHINCHA,QUITO,QUITO,URBANA,2017-03-13,04:35:00,4,LUNES,1,MARZO,3,NO,CONDUCIR VEHICULO SUPERANDO LOS LIMITES MAXIMOS DE VELOCIDAD.,ESTRELLAMIENTOS,AUTOMOVIL,1,0,0,0,0,0,0,0,0,0,0,0,0,1,46,HOMBRE,ILESO,CONDUCTOR PRESENTE,NO,NO,0
1823,5763,5764,2017,0,0,-0.328391,-78.538128,PICHINCHA,QUITO,QUITO,URBANA,2017-03-13,06:25:00,6,LUNES,1,MARZO,3,NO,"NO RESPETAR LAS SENIALES REGLAMENTARIAS DE TRANSITO. (PARE, CEDA EL PASO, LUZ ROJA DEL SEMAFORO, ETC).",CHOQUE LATERAL,AUTOMOVIL,2,0,0,0,0,0,0,0,0,0,0,0,0,2,58,HOMBRE,ILESO,CONDUCTOR PRESENTE,NO,NO,0
1824,5765,5766,2017,1,0,-0.175725,-78.487568,PICHINCHA,QUITO,QUITO,URBANA,2017-03-13,06:30:00,6,LUNES,1,MARZO,3,NO,"CONDUCIR DESATENTO A LAS CONDICIONES DE TRANSITO (CELULAR, PANTALLAS DE VIDEO, COMIDA, MAQUILLAJE O CUALQUIER OTRO ELEMENTO DISTRACTOR).",CAIDA DE PASAJERO,BUS,0,0,1,0,0,0,0,0,0,0,0,0,0,1,46,MUJER,LESIONADO,PASAJERO,NO,NO,0
1825,5767,5768,2017,5,0,-0.006131,-78.449851,PICHINCHA,QUITO,SAN ANTONIO (QUITO),RURAL,2017-03-13,07:00:00,7,LUNES,1,MARZO,3,NO,CONDUCIR VEHICULO SUPERANDO LOS LIMITES MAXIMOS DE VELOCIDAD.,CHOQUE LATERAL,AUTOMOVIL,2,0,0,0,0,0,0,0,0,0,0,0,0,2,8,MUJER,LESIONADO,PASAJERO,NO,NO,3
1826,5769,5770,2017,0,0,-0.185842,-78.479396,PICHINCHA,QUITO,QUITO,URBANA,2017-03-13,07:11:00,7,LUNES,1,MARZO,3,NO,"CONDUCIR DESATENTO A LAS CONDICIONES DE TRANSITO (CELULAR, PANTALLAS DE VIDEO, COMIDA, MAQUILLAJE O CUALQUIER OTRO ELEMENTO DISTRACTOR).",PERDIDA DE PISTA,MOTOCICLETA,0,0,0,0,0,0,0,0,1,0,0,0,0,1,30,HOMBRE,ILESO,CONDUCTOR PRESENTE,NO,NO,0
1827,5770,5771,2017,0,0,-0.237542,-78.484291,PICHINCHA,QUITO,QUITO,URBANA,2017-03-13,07:26:00,7,LUNES,1,MARZO,3,NO,NO MANTENER LA DISTANCIA PRUDENCIAL CON RESPECTO AL VEHICULO QUE LE ANTECEDE.,COLISION,AUTOMOVIL,3,0,0,0,0,0,0,0,0,0,0,0,0,3,42,HOMBRE,ILESO,CONDUCTOR PRESENTE,NO,NO,0
1828,5771,5772,2017,1,0,-0.171294,-78.480108,PICHINCHA,QUITO,QUITO,URBANA,2017-03-13,07:30:00,7,LUNES,1,MARZO,3,NO,"NO RESPETAR LAS SENIALES REGLAMENTARIAS DE TRANSITO. (PARE, CEDA EL PASO, LUZ ROJA DEL SEMAFORO, ETC).",CHOQUE LATERAL,FURGONETA,0,0,0,0,0,0,0,1,1,0,0,0,0,2,33,HOMBRE,LESIONADO,CONDUCTOR PRESENTE,NO,NO,0
1829,5775,5776,2017,0,0,-0.196014,-78.441482,PICHINCHA,QUITO,CUMBAYA,RURAL,2017-03-13,08:10:00,8,LUNES,1,MARZO,3,NO,MALAS CONDICIONES DE LA VIA Y/O CONFIGURACION. (ILUMINACION Y DISENIO).,PERDIDA DE PISTA,VEHICULO DEPORTIVO UTILITARIO,0,0,0,0,0,0,0,0,0,0,0,0,1,1,40,HOMBRE,ILESO,CONDUCTOR PRESENTE,NO,NO,3
1830,5778,5779,2017,1,0,-0.209101,-78.365448,PICHINCHA,QUITO,PUEMBO,RURAL,2017-03-13,09:20:00,9,LUNES,1,MARZO,3,NO,NO CEDER EL DERECHO DE VIA O PREFERENCIA DE PASO A VEHICULOS.,CHOQUE LATERAL,MOTOCICLETA,0,0,0,0,1,0,0,0,1,0,0,0,0,2,30,HOMBRE,LESIONADO,CONDUCTOR PRESENTE,NO,NO,3
1831,5779,5780,2017,1,0,-0.214201,-78.503045,PICHINCHA,QUITO,QUITO,URBANA,2017-03-13,09:32:00,9,LUNES,1,MARZO,3,NO,PEATON QUE CRUZA LA CALZADA SIN RESPETAR LA SENIALIZACION EXISTENTE (SEMAFOROS O SENIALES MANUALES).,ATROPELLOS,BUS,0,0,1,0,0,0,0,0,0,0,0,0,0,1,72,HOMBRE,LESIONADO,PEATON,NO,NO,0
1832,5783,5784,2017,1,0,-0.176941,-78.480663,PICHINCHA,QUITO,QUITO,URBANA,2017-03-13,11:20:00,11,LUNES,1,MARZO,3,NO,"CONDUCIR DESATENTO A LAS CONDICIONES DE TRANSITO (CELULAR, PANTALLAS DE VIDEO, COMIDA, MAQUILLAJE O CUALQUIER OTRO ELEMENTO DISTRACTOR).",CAIDA DE PASAJERO,BUS,0,0,1,0,0,0,0,0,0,0,0,0,0,1,54,MUJER,LESIONADO,PASAJERO,NO,NO,0
1833,5785,5786,2017,0,0,-0.133554,-78.501956,PICHINCHA,QUITO,QUITO,URBANA,2017-03-13,13:10:00,13,LUNES,1,MARZO,3,NO,"NO RESPETAR LAS SENIALES REGLAMENTARIAS DE TRANSITO. (PARE, CEDA EL PASO, LUZ ROJA DEL SEMAFORO, ETC).",CHOQUE LATERAL,FURGONETA,0,0,0,0,0,0,0,1,0,0,0,0,1,2,52,HOMBRE,ILESO,CONDUCTOR PRESENTE,NO,NO,0
1834,5788,5789,2017,1,0,-0.208452,-78.493998,PICHINCHA,QUITO,QUITO,URBANA,2017-03-13,14:15:00,14,LUNES,1,MARZO,3,NO,NO CEDER EL DERECHO DE VIA O PREFERENCIA DE PASO A VEHICULOS.,CHOQUE LATERAL,VEHICULO DEPORTIVO UTILITARIO,1,0,0,0,0,0,0,0,0,0,0,0,1,2,48,HOMBRE,LESIONADO,CONDUCTOR PRESENTE,NO,NO,0
1835,5791,5792,2017,1,0,-0.355609,-78.548711,PICHINCHA,QUITO,QUITO,URBANA,2017-03-13,14:45:00,14,LUNES,1,MARZO,3,NO,REALIZAR CAMBIO BRUSCO O INDEBIDO DE CARRIL.,CHOQUE POSTERIOR,MOTOCICLETA,0,0,1,0,0,0,0,0,1,0,0,0,0,2,27,HOMBRE,LESIONADO,CONDUCTOR PRESENTE,NO,NO,0
1836,5793,5794,2017,1,0,-0.249423,-78.531144,PICHINCHA,QUITO,QUITO,URBANA,2017-03-13,15:00:00,15,LUNES,1,MARZO,3,NO,REALIZAR CAMBIO BRUSCO O INDEBIDO DE CARRIL.,PERDIDA DE PISTA,MOTOCICLETA,0,0,0,0,0,0,0,0,1,0,0,0,0,1,38,MUJER,LESIONADO,PASAJERO,NO,NO,0
1837,5794,5795,2017,0,0,-0.163574,-78.474218,PICHINCHA,QUITO,QUITO,URBANA,2017-03-13,15:13:00,15,LUNES,1,MARZO,3,NO,NO GUARDAR LA DISTANCIA LATERAL MINIMA DE SEGURIDAD ENTRE VEHICULOS.,ROZAMIENTOS,AUTOMOVIL,2,0,0,0,0,0,0,0,0,0,0,0,0,2,44,HOMBRE,ILESO,CONDUCTOR PRESENTE,NO,NO,0
1838,5798,5799,2017,0,0,-0.174539,-78.486081,PICHINCHA,QUITO,QUITO,URBANA,2017-03-13,16:40:00,16,LUNES,1,MARZO,3,NO,NO CEDER EL DERECHO DE VIA O PREFERENCIA DE PASO A VEHICULOS.,CHOQUE LATERAL,AUTOMOVIL,2,0,0,0,0,0,0,0,0,0,0,0,0,2,44,HOMBRE,ILESO,CONDUCTOR PRESENTE,NO,NO,0
1839,5807,5808,2017,1,0,-0.241713,-78.532411,PICHINCHA,QUITO,QUITO,URBANA,2017-03-13,17:59:00,17,LUNES,1,MARZO,3,NO,"ADELANTAR O REBASAR A OTRO VEHICULO EN MOVIMIENTO EN ZONAS O SITIOS PELIGROSOS TALES COMO: CURVAS, PUENTES, TUNELES, PENDIENTES, ETC.",CHOQUE POSTERIOR,AUTOMOVIL,1,0,0,0,0,0,0,0,1,0,0,0,0,2,21,HOMBRE,LESIONADO,CONDUCTOR PRESENTE,NO,NO,0
1840,5810,5811,2017,0,0,-0.158717,-78.485444,PICHINCHA,QUITO,QUITO,URBANA,2017-03-13,18:20:00,18,LUNES,1,MARZO,3,NO,NO MANTENER LA DISTANCIA PRUDENCIAL CON RESPECTO AL VEHICULO QUE LE ANTECEDE.,CHOQUE POSTERIOR,MOTOCICLETA,1,0,0,0,0,0,0,0,1,0,0,0,0,2,43,HOMBRE,ILESO,CONDUCTOR PRESENTE,NO,NO,0
1841,5811,5812,2017,0,0,0.009585,-78.587301,PICHINCHA,QUITO,CALACALI,RURAL,2017-03-13,19:00:00,19,LUNES,1,MARZO,3,NO,NO GUARDAR LA DISTANCIA LATERAL MINIMA DE SEGURIDAD ENTRE VEHICULOS.,ROZAMIENTOS,CAMIONETA,0,0,0,1,1,0,0,0,0,0,0,0,0,2,45,HOMBRE,ILESO,CONDUCTOR PRESENTE,NO,NO,3
1842,5818,5819,2017,1,0,-0.141457,-78.483041,PICHINCHA,QUITO,QUITO,URBANA,2017-03-13,20:00:00,20,LUNES,1,MARZO,3,NO,"CONDICIONES AMBIENTALES Y/O ATMOSFERICAS (NIEBLA, NEBLINA, GRANIZO, LLUVIA).",PERDIDA DE PISTA,MOTOCICLETA,0,0,0,0,0,0,0,0,1,0,0,0,0,1,25,HOMBRE,LESIONADO,CONDUCTOR PRESENTE,NO,NO,0
1843,5827,5828,2017,1,0,-0.181249,-78.505204,PICHINCHA,QUITO,QUITO,URBANA,2017-03-14,02:15:00,2,MARTES,2,MARZO,3,NO,CONDUCIR VEHICULO SUPERANDO LOS LIMITES MAXIMOS DE VELOCIDAD.,ESTRELLAMIENTOS,MOTOCICLETA,0,0,0,0,0,0,0,0,1,0,0,0,0,1,28,HOMBRE,LESIONADO,CONDUCTOR PRESENTE,NO,NO,0
1844,5830,5831,2017,0,0,-0.135704,-78.493786,PICHINCHA,QUITO,QUITO,URBANA,2017-03-14,03:33:00,3,MARTES,2,MARZO,3,NO,"CONDUCIR EN ESTADO DE SOMNOLENCIA O MALAS CONDICIONES FISICAS (SUENIO, CANSANCIO Y FATIGA).",ESTRELLAMIENTOS,AUTOMOVIL,1,0,0,0,0,0,0,0,0,0,0,0,0,1,-1,NO IDENTIFICADO,NO IDENTIFICADO,CONDUCTOR AUSENTE,NO,NO,2
1845,5831,5832,2017,0,0,-0.283652,-78.543665,PICHINCHA,QUITO,QUITO,URBANA,2017-03-14,03:40:00,3,MARTES,2,MARZO,3,NO,"NO RESPETAR LAS SENIALES REGLAMENTARIAS DE TRANSITO. (PARE, CEDA EL PASO, LUZ ROJA DEL SEMAFORO, ETC).",CHOQUE LATERAL,VEHICULO DEPORTIVO UTILITARIO,0,0,0,0,1,0,0,0,0,0,0,0,1,2,38,HOMBRE,ILESO,CONDUCTOR PRESENTE,NO,NO,0
1846,5833,5834,2017,0,0,-0.129462,-78.307573,PICHINCHA,QUITO,CHECA (CHILPA),RURAL,2017-03-14,04:50:00,4,MARTES,2,MARZO,3,NO,NO MANTENER LA DISTANCIA PRUDENCIAL CON RESPECTO AL VEHICULO QUE LE ANTECEDE.,COLISION,AUTOMOVIL,1,0,0,1,1,0,0,0,0,0,0,0,0,3,37,HOMBRE,ILESO,CONDUCTOR PRESENTE,NO,NO,3
1847,5835,5836,2017,0,0,-0.109131,-78.460166,PICHINCHA,QUITO,CALDERON (CARAPUNGO),RURAL,2017-03-14,05:30:00,5,MARTES,2,MARZO,3,NO,NO MANTENER LA DISTANCIA PRUDENCIAL CON RESPECTO AL VEHICULO QUE LE ANTECEDE.,COLISION,AUTOMOVIL,2,0,0,1,0,0,0,0,0,0,0,0,0,3,39,HOMBRE,ILESO,CONDUCTOR PRESENTE,NO,NO,3
1848,5837,5838,2017,0,0,-0.099815,-78.383061,PICHINCHA,QUITO,TABABELA,RURAL,2017-03-14,06:14:00,6,MARTES,2,MARZO,3,NO,"CONDUCIR DESATENTO A LAS CONDICIONES DE TRANSITO (CELULAR, PANTALLAS DE VIDEO, COMIDA, MAQUILLAJE O CUALQUIER OTRO ELEMENTO DISTRACTOR).",PERDIDA DE PISTA,VEHICULO DEPORTIVO UTILITARIO,0,0,0,0,0,0,0,0,0,0,0,0,1,1,24,HOMBRE,ILESO,CONDUCTOR PRESENTE,NO,NO,3
1849,5839,5840,2017,0,0,-0.090194,-78.415361,PICHINCHA,QUITO,CALDERON (CARAPUNGO),RURAL,2017-03-14,06:25:00,6,MARTES,2,MARZO,3,NO,CONDUCIR VEHICULO SUPERANDO LOS LIMITES MAXIMOS DE VELOCIDAD.,VOLCAMIENTOS,VEHICULO DEPORTIVO UTILITARIO,0,0,0,0,0,0,0,0,0,0,0,0,1,1,39,HOMBRE,ILESO,CONDUCTOR PRESENTE,NO,NO,3
1850,5844,5845,2017,0,0,-0.217962,-78.381545,PICHINCHA,QUITO,TUMBACO,RURAL,2017-03-14,06:50:00,6,MARTES,2,MARZO,3,NO,NO MANTENER LA DISTANCIA PRUDENCIAL CON RESPECTO AL VEHICULO QUE LE ANTECEDE.,CHOQUE POSTERIOR,VEHICULO DEPORTIVO UTILITARIO,0,0,0,0,1,0,0,0,0,0,0,0,1,2,42,HOMBRE,ILESO,CONDUCTOR PRESENTE,NO,NO,3
1851,5846,5847,2017,0,0,-0.208498,-78.485714,PICHINCHA,QUITO,QUITO,URBANA,2017-03-14,07:14:00,7,MARTES,2,MARZO,3,NO,"NO RESPETAR LAS SENIALES REGLAMENTARIAS DE TRANSITO. (PARE, CEDA EL PASO, LUZ ROJA DEL SEMAFORO, ETC).",CHOQUE LATERAL,AUTOMOVIL,2,0,0,0,0,0,0,0,0,0,0,0,0,2,32,HOMBRE,ILESO,CONDUCTOR PRESENTE,NO,NO,0
1852,5848,5849,2017,1,0,-0.201789,-78.437785,PICHINCHA,QUITO,CUMBAYA,RURAL,2017-03-14,07:30:00,7,MARTES,2,MARZO,3,NO,"NO RESPETAR LAS SENIALES REGLAMENTARIAS DE TRANSITO. (PARE, CEDA EL PASO, LUZ ROJA DEL SEMAFORO, ETC).",CHOQUE LATERAL,FURGONETA,0,0,1,0,0,0,0,1,0,0,0,0,0,2,37,HOMBRE,LESIONADO,PASAJERO,NO,NO,3
1853,5849,5850,2017,1,0,-0.191977,-78.497721,PICHINCHA,QUITO,QUITO,URBANA,2017-03-14,07:30:00,7,MARTES,2,MARZO,3,NO,NO CEDER EL DERECHO DE VIA O PREFERENCIA DE PASO AL PEATON.,ATROPELLOS,NO IDENTIFICADO,0,0,0,0,0,0,0,0,0,1,0,0,0,1,29,MUJER,LESIONADO,PEATON,NO,NO,0
1854,5852,5853,2017,0,0,-0.145881,-78.445579,PICHINCHA,QUITO,ZAMBIZA,RURAL,2017-03-14,08:05:00,8,MARTES,2,MARZO,3,NO,NO MANTENER LA DISTANCIA PRUDENCIAL CON RESPECTO AL VEHICULO QUE LE ANTECEDE.,CHOQUE POSTERIOR,CAMION,0,0,0,1,0,0,0,0,0,0,0,0,1,2,38,HOMBRE,ILESO,CONDUCTOR PRESENTE,NO,NO,3
1855,5854,5855,2017,0,0,-0.291141,-78.519502,PICHINCHA,QUITO,QUITO,URBANA,2017-03-14,08:15:00,8,MARTES,2,MARZO,3,NO,"CONDUCIR DESATENTO A LAS CONDICIONES DE TRANSITO (CELULAR, PANTALLAS DE VIDEO, COMIDA, MAQUILLAJE O CUALQUIER OTRO ELEMENTO DISTRACTOR).",ESTRELLAMIENTOS,AUTOMOVIL,1,0,0,0,0,0,0,0,0,1,0,0,0,2,30,HOMBRE,ILESO,PEATON,NO,NO,0
1856,5857,5858,2017,0,0,-0.220041,-78.511475,PICHINCHA,QUITO,QUITO,URBANA,2017-03-14,08:30:00,8,MARTES,2,MARZO,3,NO,PEATON QUE CRUZA LA CALZADA SIN RESPETAR LA SENIALIZACION EXISTENTE (SEMAFOROS O SENIALES MANUALES).,ATROPELLOS,AUTOMOVIL,1,0,0,0,0,0,0,0,0,0,0,0,0,1,44,HOMBRE,ILESO,CONDUCTOR PRESENTE,NO,NO,0
1857,5858,5859,2017,0,0,-0.209947,-78.515682,PICHINCHA,QUITO,QUITO,URBANA,2017-03-14,09:25:00,9,MARTES,2,MARZO,3,NO,"CONDUCIR DESATENTO A LAS CONDICIONES DE TRANSITO (CELULAR, PANTALLAS DE VIDEO, COMIDA, MAQUILLAJE O CUALQUIER OTRO ELEMENTO DISTRACTOR).",ESTRELLAMIENTOS,VEHICULO DEPORTIVO UTILITARIO,0,0,0,0,0,0,0,0,0,1,0,0,1,2,50,HOMBRE,ILESO,CONDUCTOR PRESENTE,NO,NO,0
1858,5860,5861,2017,0,0,-0.227135,-78.506996,PICHINCHA,QUITO,QUITO,URBANA,2017-03-14,10:00:00,10,MARTES,2,MARZO,3,NO,REALIZAR CAMBIO BRUSCO O INDEBIDO DE CARRIL.,CHOQUE LATERAL,AUTOMOVIL,2,0,0,0,0,0,0,0,0,0,0,0,0,2,33,HOMBRE,ILESO,CONDUCTOR PRESENTE,NO,NO,0
1859,5867,5868,2017,1,0,-0.269607,-78.541154,PICHINCHA,QUITO,QUITO,URBANA,2017-03-14,12:30:00,12,MARTES,2,MARZO,3,NO,NO CEDER EL DERECHO DE VIA O PREFERENCIA DE PASO AL PEATON.,ATROPELLOS,AUTOMOVIL,1,0,0,0,0,0,0,0,0,0,0,0,0,1,20,MUJER,LESIONADO,PEATON,NO,NO,0
1860,5869,5870,2017,1,0,-0.215665,-78.406232,PICHINCHA,QUITO,TUMBACO,RURAL,2017-03-14,13:30:00,13,MARTES,2,MARZO,3,NO,NO CEDER EL DERECHO DE VIA O PREFERENCIA DE PASO AL PEATON.,ATROPELLOS,AUTOMOVIL,1,0,0,0,0,0,0,0,0,0,0,0,0,1,9,MUJER,LESIONADO,PEATON,NO,NO,3
1861,5879,5880,2017,1,0,-0.292724,-78.476486,PICHINCHA,QUITO,CONOCOTO,RURAL,2017-03-14,17:06:00,17,MARTES,2,MARZO,3,NO,NO CEDER EL DERECHO DE VIA O PREFERENCIA DE PASO AL PEATON.,ATROPELLOS,CAMIONETA,0,0,0,0,1,0,0,0,0,0,0,0,0,1,19,HOMBRE,LESIONADO,PEATON,NO,NO,3
1862,5880,5881,2017,1,0,-0.100921,-78.453631,PICHINCHA,QUITO,CALDERON (CARAPUNGO),RURAL,2017-03-14,17:15:00,17,MARTES,2,MARZO,3,NO,NO CEDER EL DERECHO DE VIA O PREFERENCIA DE PASO AL PEATON.,ARROLLAMIENTOS,NO IDENTIFICADO,0,0,0,0,0,0,0,0,0,1,0,0,0,1,6,HOMBRE,LESIONADO,PEATON,NO,NO,3
1863,5883,5884,2017,1,0,-0.254638,-78.522355,PICHINCHA,QUITO,QUITO,URBANA,2017-03-14,17:50:00,17,MARTES,2,MARZO,3,NO,DEJAR O RECOGER PASAJEROS EN LUGARES NO PERMITIDOS.,CAIDA DE PASAJERO,BUS,0,0,1,0,0,0,0,0,0,0,0,0,0,1,29,MUJER,LESIONADO,PASAJERO,NO,NO,0
1864,5884,5885,2017,1,0,-0.230744,-78.449301,PICHINCHA,QUITO,CUMBAYA,RURAL,2017-03-14,17:55:00,17,MARTES,2,MARZO,3,NO,"CASO FORTUITO O FUERZA MAYOR (EXPLOSION DE NEUMATICO NUEVO, DERRUMBE, INUNDACION, CAIDA DE PUENTE, ARBOL, PRESENCIA INTEMPESTIVA E IMPREVISTA DE SEMOVIENTES EN LA VIA, ETC.).",OTROS,VEHICULO DEPORTIVO UTILITARIO,0,0,0,0,0,0,0,0,0,0,0,0,1,1,1,MUJER,LESIONADO,PEATON,NO,NO,3
1865,5887,5888,2017,0,0,-0.167934,-78.479384,PICHINCHA,QUITO,QUITO,URBANA,2017-03-14,18:10:00,18,MARTES,2,MARZO,3,NO,"ADELANTAR O REBASAR A OTRO VEHICULO EN MOVIMIENTO EN ZONAS O SITIOS PELIGROSOS TALES COMO: CURVAS, PUENTES, TUNELES, PENDIENTES, ETC.",CHOQUE FRONTAL,MOTOCICLETA,0,0,0,0,0,0,0,0,1,0,0,0,1,2,25,HOMBRE,ILESO,CONDUCTOR PRESENTE,NO,NO,0