,Unnamed: 0,ID,ANIO,LESIONADOS,FALLECIDOS,LATITUD_Y,LONGITUD_X,PROVINCIA,CANTON,PARROQUIA,ZONA,FECHA,HORA,PERIODO_2,DIA_1,DIA_2,MES_1,MES_2,FERIADO,CAUSA_PROBABLE,TIPO_DE_SINIESTRO,TIPO_DE_VEHICULO_1,AUTOMOVIL,BICICLETA,BUS,CAMION,CAMIONETA,EMERGENCIAS,ESPECIAL,FURGONETA,MOTOCICLETA,NO_IDENTIFICADO,SCOOTER_ELECTRICO,TRICIMOTO,VEHICULO_DEPORTIVO_UTILITARIO,SUMA_DE_VEHICULOS,EDAD_1,SEXO_1,CONDICION_1,PARTICIPANTE_1,CASCO_1,CINTURON_1,KMeans_Cluster
1866,5894,5895,2017,0,0,-0.212969,-78.410398,PICHINCHA,QUITO,TUMBACO,RURAL,2017-03-14,19:25:00,19,MARTES,2,MARZO,3,NO,NO MANTENER LA DISTANCIA PRUDENCIAL CON RESPECTO AL VEHICULO QUE LE ANTECEDE.,CHOQUE POSTERIOR,AUTOMOVIL,1,0,0,0,0,0,0,0,0,0,0,0,1,2,19,HOMBRE,ILESO,CONDUCTOR PRESENTE,NO,NO,3
1867,5895,5896,2017,1,0,-0.202961,-78.504445,PICHINCHA,QUITO,QUITO,URBANA,2017-03-14,19:25:00,19,MARTES,2,MARZO,3,NO,PEATON QUE CRUZA LA CALZADA SIN RESPETAR LA SENIALIZACION EXISTENTE (SEMAFOROS O SENIALES MANUALES).,ATROPELLOS,MOTOCICLETA,0,0,0,0,0,0,0,0,1,0,0,0,0,1,41,HOMBRE,LESIONADO,PEATON,NO,NO,0
1868,5896,5897,2017,1,0,-0.508622,-78.574431,PICHINCHA,MEJIA,ALOASI,RURAL,2017-03-14,19:30:00,19,MARTES,2,MARZO,3,NO,REALIZAR CAMBIO BRUSCO O INDEBIDO DE CARRIL.,CHOQUE FRONTAL,AUTOMOVIL,1,0,0,1,0,0,0,0,0,0,0,0,0,2,-1,HOMBRE,LESIONADO,CONDUCTOR PRESENTE,NO,NO,3
1869,5898,5899,2017,0,0,-0.279165,-78.542854,PICHINCHA,QUITO,QUITO,URBANA,2017-03-14,19:30:00,19,MARTES,2,MARZO,3,NO,REALIZAR CAMBIO BRUSCO O INDEBIDO DE CARRIL.,COLISION,AUTOMOVIL,3,0,0,0,0,0,0,0,0,0,0,0,0,3,60,HOMBRE,ILESO,CONDUCTOR PRESENTE,NO,NO,0
1870,5899,5900,2017,0,0,-0.042148,-78.290821,PICHINCHA,CAYAMBE,SANTA ROSA DE CUZUBAMBA,RURAL,2017-03-14,21:15:00,21,MARTES,2,MARZO,3,NO,"CONDUCE BAJO LA INFLUENCIA DE ALCOHOL, SUSTANCIAS ESTUPEFACIENTES O PSICOTROPICAS Y/O MEDICAMENTOS.",CHOQUE LATERAL,CAMION,0,0,1,1,0,0,0,0,0,0,0,0,0,2,41,MUJER,ILESO,CONDUCTOR PRESENTE,NO,NO,3
1871,5906,5907,2017,0,0,-0.104185,-78.453523,PICHINCHA,QUITO,CALDERON (CARAPUNGO),RURAL,2017-03-15,02:50:00,2,MIERCOLES,3,MARZO,3,NO,"CONDUCIR EN ESTADO DE SOMNOLENCIA O MALAS CONDICIONES FISICAS (SUENIO, CANSANCIO Y FATIGA).",ESTRELLAMIENTOS,AUTOMOVIL,1,0,0,0,0,0,0,0,0,0,0,0,0,1,-1,NO IDENTIFICADO,NO IDENTIFICADO,CONDUCTOR AUSENTE,NO,NO,2
1872,5908,5909,2017,0,0,-0.161499,-78.495616,PICHINCHA,QUITO,QUITO,URBANA,2017-03-15,04:45:00,4,MIERCOLES,3,MARZO,3,NO,"CONDUCIR EN ESTADO DE SOMNOLENCIA O MALAS CONDICIONES FISICAS (SUENIO, CANSANCIO Y FATIGA).",ESTRELLAMIENTOS,AUTOMOVIL,1,0,0,0,0,0,0,0,0,0,0,0,0,1,21,HOMBRE,ILESO,CONDUCTOR PRESENTE,NO,NO,0
1873,5909,5910,2017,1,0,-0.291044,-78.561646,PICHINCHA,QUITO,QUITO,URBANA,2017-03-15,05:15:00,5,MIERCOLES,3,MARZO,3,NO,"NO RESPETAR LAS SENIALES REGLAMENTARIAS DE TRANSITO. (PARE, CEDA EL PASO, LUZ ROJA DEL SEMAFORO, ETC).",CHOQUE LATERAL,MOTOCICLETA,0,0,0,0,0,0,0,0,1,1,0,0,0,2,27,HOMBRE,LESIONADO,CONDUCTOR PRESENTE,NO,NO,0
1874,5910,5911,2017,0,0,-0.252621,-78.492336,PICHINCHA,QUITO,QUITO,RURAL,2017-03-15,05:45:00,5,MIERCOLES,3,MARZO,3,NO,"CONDUCIR DESATENTO A LAS CONDICIONES DE TRANSITO (CELULAR, PANTALLAS DE VIDEO, COMIDA, MAQUILLAJE O CUALQUIER OTRO ELEMENTO DISTRACTOR).",ESTRELLAMIENTOS,AUTOMOVIL,1,0,0,0,0,0,0,0,0,0,0,0,0,1,-1,NO IDENTIFICADO,NO IDENTIFICADO,CONDUCTOR AUSENTE,NO,NO,2
1875,5911,5912,2017,2,0,-0.249701,-78.542281,PICHINCHA,QUITO,QUITO,URBANA,2017-03-15,06:50:00,6,MIERCOLES,3,MARZO,3,NO,NO CEDER EL DERECHO DE VIA O PREFERENCIA DE PASO AL PEATON.,ATROPELLOS,AUTOMOVIL,1,0,0,0,0,0,0,0,0,0,0,0,0,1,34,HOMBRE,LESIONADO,PEATON,NO,NO,0
1876,5914,5915,2017,0,0,-0.091274,-78.476371,PICHINCHA,QUITO,QUITO,URBANA,2017-03-15,07:00:00,7,MIERCOLES,3,MARZO,3,NO,NO MANTENER LA DISTANCIA PRUDENCIAL CON RESPECTO AL VEHICULO QUE LE ANTECEDE.,COLISION,VEHICULO DEPORTIVO UTILITARIO,0,0,0,0,0,0,0,2,0,0,0,0,1,3,41,HOMBRE,ILESO,CONDUCTOR PRESENTE,NO,NO,0
1877,5915,5916,2017,1,0,-0.318195,-78.553728,PICHINCHA,QUITO,QUITO,URBANA,2017-03-15,07:30:00,7,MIERCOLES,3,MARZO,3,NO,"NO RESPETAR LAS SENIALES REGLAMENTARIAS DE TRANSITO. (PARE, CEDA EL PASO, LUZ ROJA DEL SEMAFORO, ETC).",CHOQUE LATERAL,AUTOMOVIL,1,0,0,0,1,0,0,0,0,0,0,0,0,2,23,MUJER,LESIONADO,CONDUCTOR PRESENTE,NO,NO,0
1878,5919,5920,2017,0,0,-0.237951,-78.525401,PICHINCHA,QUITO,QUITO,URBANA,2017-03-15,08:00:00,8,MIERCOLES,3,MARZO,3,NO,NO GUARDAR LA DISTANCIA LATERAL MINIMA DE SEGURIDAD ENTRE VEHICULOS.,ROZAMIENTOS,CAMIONETA,0,0,0,0,1,0,0,0,0,0,0,0,1,2,85,HOMBRE,ILESO,CONDUCTOR PRESENTE,NO,NO,0
1879,5920,5921,2017,0,0,-0.150442,-78.502774,PICHINCHA,QUITO,QUITO,URBANA,2017-03-15,08:05:00,8,MIERCOLES,3,MARZO,3,NO,"CONDUCE BAJO LA INFLUENCIA DE ALCOHOL, SUSTANCIAS ESTUPEFACIENTES O PSICOTROPICAS Y/O MEDICAMENTOS.",ESTRELLAMIENTOS,AUTOMOVIL,1,0,0,0,0,0,0,0,0,0,0,0,0,1,33,HOMBRE,ILESO,CONDUCTOR PRESENTE,NO,NO,0
1880,5921,5922,2017,0,0,-0.236656,-78.507943,PICHINCHA,QUITO,QUITO,URBANA,2017-03-15,08:10:00,8,MIERCOLES,3,MARZO,3,NO,NO TRANSITAR POR LAS ACERAS O ZONAS DE SEGURIDAD DESTINADAS PARA EL EFECTO.,ATROPELLOS,MOTOCICLETA,0,0,0,0,0,0,0,0,1,0,0,0,0,1,22,HOMBRE,ILESO,CONDUCTOR PRESENTE,NO,NO,0
1881,5924,5925,2017,0,0,-0.191006,-78.486281,PICHINCHA,QUITO,QUITO,URBANA,2017-03-15,08:35:00,8,MIERCOLES,3,MARZO,3,NO,NO MANTENER LA DISTANCIA PRUDENCIAL CON RESPECTO AL VEHICULO QUE LE ANTECEDE.,COLISION,AUTOMOVIL,3,0,0,0,0,0,0,0,0,0,0,0,0,3,44,MUJER,ILESO,CONDUCTOR PRESENTE,NO,NO,0
1882,5925,5926,2017,3,1,-0.289587,-78.538588,PICHINCHA,QUITO,QUITO,URBANA,2017-03-15,08:45:00,8,MIERCOLES,3,MARZO,3,NO,"ADELANTAR O REBASAR A OTRO VEHICULO EN MOVIMIENTO EN ZONAS O SITIOS PELIGROSOS TALES COMO: CURVAS, PUENTES, TUNELES, PENDIENTES, ETC.",COLISION,BUS,0,0,1,0,1,0,0,0,0,0,0,0,1,3,23,HOMBRE,FALLECIDO,PASAJERO,NO,NO,0
1883,5933,5934,2017,0,0,-0.186786,-78.495461,PICHINCHA,QUITO,QUITO,URBANA,2017-03-15,11:25:00,11,MIERCOLES,3,MARZO,3,NO,"NO RESPETAR LAS SENIALES REGLAMENTARIAS DE TRANSITO. (PARE, CEDA EL PASO, LUZ ROJA DEL SEMAFORO, ETC).",CHOQUE LATERAL,CAMIONETA,1,0,0,0,1,0,0,0,0,0,0,0,0,2,44,HOMBRE,ILESO,CONDUCTOR PRESENTE,NO,NO,0
1884,5938,5939,2017,0,0,-0.203601,-78.483057,PICHINCHA,QUITO,QUITO,URBANA,2017-03-15,11:55:00,11,MIERCOLES,3,MARZO,3,NO,DEJAR O RECOGER PASAJEROS EN LUGARES NO PERMITIDOS.,CAIDA DE PASAJERO,NO IDENTIFICADO,0,0,0,0,0,0,0,0,0,1,0,0,0,1,9,MUJER,ILESO,PASAJERO,NO,NO,0
1885,5940,5941,2017,1,0,-0.198039,-78.480391,PICHINCHA,QUITO,QUITO,URBANA,2017-03-15,12:08:00,12,MIERCOLES,3,MARZO,3,NO,REALIZAR CAMBIO BRUSCO O INDEBIDO DE CARRIL.,PERDIDA DE PISTA,MOTOCICLETA,0,0,0,0,0,0,0,0,1,0,0,0,0,1,42,HOMBRE,LESIONADO,CONDUCTOR PRESENTE,NO,NO,0
1886,5942,5943,2017,0,0,-0.204778,-78.498983,PICHINCHA,QUITO,QUITO,URBANA,2017-03-15,12:30:00,12,MIERCOLES,3,MARZO,3,NO,NO CEDER EL DERECHO DE VIA O PREFERENCIA DE PASO AL PEATON.,ATROPELLOS,NO IDENTIFICADO,0,0,0,0,0,0,0,0,0,1,0,0,0,1,40,HOMBRE,ILESO,PEATON,NO,NO,0
1887,5943,5944,2017,0,0,-0.291844,-78.558452,PICHINCHA,QUITO,QUITO,URBANA,2017-03-15,13:04:00,13,MIERCOLES,3,MARZO,3,NO,"NO RESPETAR LAS SENIALES REGLAMENTARIAS DE TRANSITO. (PARE, CEDA EL PASO, LUZ ROJA DEL SEMAFORO, ETC).",CHOQUE LATERAL,AUTOMOVIL,2,0,0,0,0,0,0,0,0,0,0,0,0,2,31,HOMBRE,ILESO,CONDUCTOR PRESENTE,NO,NO,0
1888,5949,5950,2017,0,0,-0.196665,-78.431373,PICHINCHA,QUITO,CUMBAYA,RURAL,2017-03-15,16:30:00,16,MIERCOLES,3,MARZO,3,NO,"CONDUCIR DESATENTO A LAS CONDICIONES DE TRANSITO (CELULAR, PANTALLAS DE VIDEO, COMIDA, MAQUILLAJE O CUALQUIER OTRO ELEMENTO DISTRACTOR).",OTROS,FURGONETA,0,0,0,0,0,0,0,1,0,1,0,0,0,2,29,HOMBRE,ILESO,CONDUCTOR PRESENTE,NO,NO,3
1889,5952,5953,2017,0,0,-0.208542,-78.495699,PICHINCHA,QUITO,QUITO,URBANA,2017-03-15,17:19:00,17,MIERCOLES,3,MARZO,3,NO,NO CEDER EL DERECHO DE VIA O PREFERENCIA DE PASO A VEHICULOS.,CHOQUE LATERAL,AUTOMOVIL,1,0,1,0,0,0,0,0,0,0,0,0,0,2,49,HOMBRE,ILESO,CONDUCTOR PRESENTE,NO,NO,0
1890,5956,5957,2017,1,0,-0.199921,-78.438211,PICHINCHA,QUITO,CUMBAYA,RURAL,2017-03-15,19:15:00,19,MIERCOLES,3,MARZO,3,NO,MALAS CONDICIONES DE LA VIA Y/O CONFIGURACION. (ILUMINACION Y DISENIO).,PERDIDA DE PISTA,MOTOCICLETA,0,0,0,0,0,0,0,0,1,0,0,0,0,1,24,MUJER,LESIONADO,CONDUCTOR PRESENTE,NO,NO,3
1891,5959,5960,2017,0,0,-0.175725,-78.487568,PICHINCHA,QUITO,QUITO,URBANA,2017-03-15,20:00:00,20,MIERCOLES,3,MARZO,3,NO,NO CEDER EL DERECHO DE VIA O PREFERENCIA DE PASO A VEHICULOS.,CHOQUE LATERAL,FURGONETA,1,0,0,0,0,0,0,1,0,0,0,0,0,2,44,HOMBRE,ILESO,CONDUCTOR PRESENTE,NO,NO,0
1892,5961,5962,2017,0,0,-0.292094,-78.557615,PICHINCHA,QUITO,QUITO,URBANA,2017-03-15,21:25:00,21,MIERCOLES,3,MARZO,3,NO,"NO RESPETAR LAS SENIALES REGLAMENTARIAS DE TRANSITO. (PARE, CEDA EL PASO, LUZ ROJA DEL SEMAFORO, ETC).",CHOQUE LATERAL,AUTOMOVIL,2,0,0,0,0,0,0,0,0,0,0,0,0,2,66,HOMBRE,ILESO,CONDUCTOR PRESENTE,NO,NO,0
1893,5970,5971,2017,1,0,-0.139569,-78.503506,PICHINCHA,QUITO,QUITO,URBANA,2017-03-16,02:15:00,2,JUEVES,4,MARZO,3,NO,CONDUCIR VEHICULO SUPERANDO LOS LIMITES MAXIMOS DE VELOCIDAD.,PERDIDA DE PISTA,MOTOCICLETA,0,0,0,0,0,0,0,0,1,0,0,0,0,1,26,HOMBRE,LESIONADO,PASAJERO,NO,NO,0
1894,5973,5974,2017,1,0,-0.303342,-78.567011,PICHINCHA,QUITO,QUITO,URBANA,2017-03-16,06:10:00,6,JUEVES,4,MARZO,3,NO,REALIZAR CAMBIO BRUSCO O INDEBIDO DE CARRIL.,CHOQUE POSTERIOR,MOTOCICLETA,1,0,0,0,0,0,0,0,1,0,0,0,0,2,55,HOMBRE,LESIONADO,CONDUCTOR PRESENTE,NO,NO,0
1895,5976,5977,2017,1,0,-0.116789,-78.473218,PICHINCHA,QUITO,QUITO,URBANA,2017-03-16,06:50:00,6,JUEVES,4,MARZO,3,NO,NO TRANSITAR POR LAS ACERAS O ZONAS DE SEGURIDAD DESTINADAS PARA EL EFECTO.,ATROPELLOS,AUTOMOVIL,1,0,0,0,0,0,0,0,0,0,0,0,0,1,48,MUJER,LESIONADO,PEATON,NO,NO,0
1896,5978,5979,2017,0,0,-0.215692,-78.405459,PICHINCHA,QUITO,TUMBACO,RURAL,2017-03-16,07:00:00,7,JUEVES,4,MARZO,3,NO,REALIZAR CAMBIO BRUSCO O INDEBIDO DE CARRIL.,PERDIDA DE PISTA,MOTOCICLETA,0,0,0,0,0,0,0,0,1,0,0,0,0,1,57,HOMBRE,ILESO,CONDUCTOR PRESENTE,NO,NO,3
1897,5984,5985,2017,0,0,-0.106785,-78.453942,PICHINCHA,QUITO,CALDERON (CARAPUNGO),RURAL,2017-03-16,08:10:00,8,JUEVES,4,MARZO,3,NO,NO CEDER EL DERECHO DE VIA O PREFERENCIA DE PASO A VEHICULOS.,CHOQUE LATERAL,AUTOMOVIL,2,0,0,0,0,0,0,0,0,0,0,0,0,2,50,HOMBRE,ILESO,CONDUCTOR PRESENTE,NO,NO,3
1898,5985,5986,2017,1,0,-0.172656,-78.487005,PICHINCHA,QUITO,QUITO,URBANA,2017-03-16,08:25:00,8,JUEVES,4,MARZO,3,NO,REALIZAR CAMBIO BRUSCO O INDEBIDO DE CARRIL.,PERDIDA DE PISTA,MOTOCICLETA,0,0,0,0,0,0,0,0,1,0,0,0,0,1,37,HOMBRE,LESIONADO,CONDUCTOR PRESENTE,NO,NO,0
1899,5991,5992,2017,0,0,-0.208758,-78.495594,PICHINCHA,QUITO,QUITO,URBANA,2017-03-16,09:30:00,9,JUEVES,4,MARZO,3,NO,PEATON QUE CRUZA LA CALZADA SIN RESPETAR LA SENIALIZACION EXISTENTE (SEMAFOROS O SENIALES MANUALES).,CHOQUE LATERAL,VEHICULO DEPORTIVO UTILITARIO,0,1,0,0,0,0,0,0,0,0,0,0,1,2,39,HOMBRE,ILESO,CONDUCTOR PRESENTE,NO,NO,0
1900,5994,5995,2017,1,0,-0.231141,-78.503901,PICHINCHA,QUITO,QUITO,URBANA,2017-03-16,10:20:00,10,JUEVES,4,MARZO,3,NO,NO CEDER EL DERECHO DE VIA O PREFERENCIA DE PASO AL PEATON.,ATROPELLOS,AUTOMOVIL,1,0,0,0,0,0,0,0,0,0,0,0,0,1,58,HOMBRE,LESIONADO,PEATON,NO,NO,0
1901,5995,5996,2017,0,0,-0.193783,-78.494211,PICHINCHA,QUITO,QUITO,URBANA,2017-03-16,10:25:00,10,JUEVES,4,MARZO,3,NO,"CONDUCIR DESATENTO A LAS CONDICIONES DE TRANSITO (CELULAR, PANTALLAS DE VIDEO, COMIDA, MAQUILLAJE O CUALQUIER OTRO ELEMENTO DISTRACTOR).",ESTRELLAMIENTOS,AUTOMOVIL,1,0,0,0,0,0,0,0,0,1,0,0,0,2,78,HOMBRE,ILESO,CONDUCTOR PRESENTE,NO,NO,0
1902,6002,6003,2017,0,0,-0.133464,-78.494995,PICHINCHA,QUITO,QUITO,URBANA,2017-03-16,13:15:00,13,JUEVES,4,MARZO,3,NO,"CONDUCE BAJO LA INFLUENCIA DE ALCOHOL, SUSTANCIAS ESTUPEFACIENTES O PSICOTROPICAS Y/O MEDICAMENTOS.",CHOQUE LATERAL,AUTOMOVIL,2,0,0,0,0,0,0,0,0,0,0,0,0,2,37,HOMBRE,ILESO,CONDUCTOR PRESENTE,NO,NO,0
1903,6003,6004,2017,1,0,-0.289446,-78.538541,PICHINCHA,QUITO,QUITO,URBANA,2017-03-16,13:30:00,13,JUEVES,4,MARZO,3,NO,NO CEDER EL DERECHO DE VIA O PREFERENCIA DE PASO AL PEATON.,ATROPELLOS,NO IDENTIFICADO,0,0,0,0,0,0,0,0,0,1,0,0,0,1,15,HOMBRE,LESIONADO,PEATON,NO,NO,0
1904,6005,6006,2017,1,0,-0.176915,-78.477871,PICHINCHA,QUITO,QUITO,URBANA,2017-03-16,13:45:00,13,JUEVES,4,MARZO,3,NO,PEATON QUE CRUZA LA CALZADA SIN RESPETAR LA SENIALIZACION EXISTENTE (SEMAFOROS O SENIALES MANUALES).,ATROPELLOS,MOTOCICLETA,0,0,0,0,0,0,0,0,1,0,0,0,0,1,30,MUJER,LESIONADO,PEATON,NO,NO,0
1905,6006,6007,2017,0,0,-0.222689,-78.504138,PICHINCHA,QUITO,QUITO,URBANA,2017-03-16,13:49:00,13,JUEVES,4,MARZO,3,NO,"CONDUCIR DESATENTO A LAS CONDICIONES DE TRANSITO (CELULAR, PANTALLAS DE VIDEO, COMIDA, MAQUILLAJE O CUALQUIER OTRO ELEMENTO DISTRACTOR).",COLISION,FURGONETA,2,0,0,0,0,0,0,1,0,0,0,0,0,3,44,HOMBRE,ILESO,CONDUCTOR PRESENTE,NO,NO,0
1906,6007,6008,2017,1,0,-0.166302,-78.486907,PICHINCHA,QUITO,QUITO,URBANA,2017-03-16,13:55:00,13,JUEVES,4,MARZO,3,NO,CONDUCIR VEHICULO SUPERANDO LOS LIMITES MAXIMOS DE VELOCIDAD.,ESTRELLAMIENTOS,CAMIONETA,0,0,0,0,1,0,0,0,0,0,0,0,0,1,71,HOMBRE,LESIONADO,CONDUCTOR PRESENTE,NO,NO,0
1907,6009,6010,2017,1,0,-0.091585,-78.439052,PICHINCHA,QUITO,CALDERON (CARAPUNGO),RURAL,2017-03-16,14:10:00,14,JUEVES,4,MARZO,3,NO,NO CEDER EL DERECHO DE VIA O PREFERENCIA DE PASO AL PEATON.,ATROPELLOS,VEHICULO DEPORTIVO UTILITARIO,0,0,0,0,0,0,0,0,0,0,0,0,1,1,16,HOMBRE,LESIONADO,PEATON,NO,NO,3
1908,6010,6011,2017,0,0,-0.199767,-78.428809,PICHINCHA,QUITO,CUMBAYA,RURAL,2017-03-16,14:10:00,14,JUEVES,4,MARZO,3,NO,"NO RESPETAR LAS SENIALES REGLAMENTARIAS DE TRANSITO. (PARE, CEDA EL PASO, LUZ ROJA DEL SEMAFORO, ETC).",VOLCAMIENTOS,VEHICULO DEPORTIVO UTILITARIO,0,0,0,0,0,0,0,0,0,0,0,0,2,2,27,HOMBRE,ILESO,CONDUCTOR PRESENTE,NO,NO,3
1909,6015,6016,2017,1,0,-0.246101,-78.530725,PICHINCHA,QUITO,QUITO,URBANA,2017-03-16,14:35:00,14,JUEVES,4,MARZO,3,NO,"NO RESPETAR LAS SENIALES REGLAMENTARIAS DE TRANSITO. (PARE, CEDA EL PASO, LUZ ROJA DEL SEMAFORO, ETC).",CHOQUE LATERAL,MOTOCICLETA,0,0,0,0,1,0,0,0,1,0,0,0,0,2,25,HOMBRE,LESIONADO,CONDUCTOR PRESENTE,NO,NO,0
1910,6023,6024,2017,0,0,-0.153313,-78.484521,PICHINCHA,QUITO,QUITO,URBANA,2017-03-16,16:50:00,16,JUEVES,4,MARZO,3,NO,NO MANTENER LA DISTANCIA PRUDENCIAL CON RESPECTO AL VEHICULO QUE LE ANTECEDE.,CHOQUE POSTERIOR,AUTOMOVIL,2,0,0,0,0,0,0,0,0,0,0,0,0,2,30,HOMBRE,ILESO,CONDUCTOR PRESENTE,NO,NO,0
1911,6028,6029,2017,0,0,-0.170676,-78.476424,PICHINCHA,QUITO,QUITO,URBANA,2017-03-16,19:10:00,19,JUEVES,4,MARZO,3,NO,"CASO FORTUITO O FUERZA MAYOR (EXPLOSION DE NEUMATICO NUEVO, DERRUMBE, INUNDACION, CAIDA DE PUENTE, ARBOL, PRESENCIA INTEMPESTIVA E IMPREVISTA DE SEMOVIENTES EN LA VIA, ETC.).",OTROS,VEHICULO DEPORTIVO UTILITARIO,0,0,0,0,0,0,0,0,0,0,0,0,1,1,25,MUJER,ILESO,CONDUCTOR PRESENTE,NO,NO,0
1912,6031,6032,2017,1,0,-0.221497,-78.522194,PICHINCHA,QUITO,QUITO,URBANA,2017-03-16,21:29:00,21,JUEVES,4,MARZO,3,NO,CONDUCIR VEHICULO SUPERANDO LOS LIMITES MAXIMOS DE VELOCIDAD.,VOLCAMIENTOS,MOTOCICLETA,0,0,0,0,0,0,0,0,1,0,0,0,0,1,35,HOMBRE,LESIONADO,CONDUCTOR PRESENTE,NO,NO,0
1913,6038,6039,2017,0,0,-0.280982,-78.516477,PICHINCHA,QUITO,QUITO,URBANA,2017-03-17,01:00:00,1,VIERNES,5,MARZO,3,NO,CONDUCIR VEHICULO SUPERANDO LOS LIMITES MAXIMOS DE VELOCIDAD.,ESTRELLAMIENTOS,AUTOMOVIL,1,0,0,0,0,0,0,0,0,0,0,0,0,1,28,HOMBRE,ILESO,CONDUCTOR PRESENTE,NO,NO,0
1914,6041,6042,2017,0,0,-0.202089,-78.489685,PICHINCHA,QUITO,QUITO,URBANA,2017-03-17,03:40:00,3,VIERNES,5,MARZO,3,NO,CONDUCIR VEHICULO SUPERANDO LOS LIMITES MAXIMOS DE VELOCIDAD.,ESTRELLAMIENTOS,AUTOMOVIL,1,0,0,0,0,0,0,0,0,0,0,0,0,1,-1,NO IDENTIFICADO,NO IDENTIFICADO,CONDUCTOR AUSENTE,NO,NO,2
1915,6043,6044,2017,1,0,-0.341999,-78.479506,PICHINCHA,QUITO,AMAGUANIA,RURAL,2017-03-17,05:40:00,5,VIERNES,5,MARZO,3,NO,NO CEDER EL DERECHO DE VIA O PREFERENCIA DE PASO AL PEATON.,ATROPELLOS,NO IDENTIFICADO,0,0,0,0,0,0,0,0,0,1,0,0,0,1,69,HOMBRE,LESIONADO,PEATON,NO,NO,3
1916,6045,6046,2017,1,0,-0.128678,-78.471107,PICHINCHA,QUITO,QUITO,URBANA,2017-03-17,05:45:00,5,VIERNES,5,MARZO,3,NO,"NO RESPETAR LAS SENIALES REGLAMENTARIAS DE TRANSITO. (PARE, CEDA EL PASO, LUZ ROJA DEL SEMAFORO, ETC).",CHOQUE LATERAL,VEHICULO DEPORTIVO UTILITARIO,0,0,0,0,0,0,0,0,0,1,0,0,1,2,25,MUJER,LESIONADO,PASAJERO,NO,NO,0
1917,6047,6048,2017,0,0,-0.237486,-78.484488,PICHINCHA,QUITO,QUITO,URBANA,2017-03-17,07:20:00,7,VIERNES,5,MARZO,3,NO,NO MANTENER LA DISTANCIA PRUDENCIAL CON RESPECTO AL VEHICULO QUE LE ANTECEDE.,CHOQUE POSTERIOR,FURGONETA,1,0,0,0,0,0,0,1,0,0,0,0,0,2,26,HOMBRE,ILESO,CONDUCTOR PRESENTE,NO,NO,0
1918,6048,6049,2017,1,0,-0.262988,-78.526234,PICHINCHA,QUITO,QUITO,URBANA,2017-03-17,07:30:00,7,VIERNES,5,MARZO,3,NO,NO CEDER EL DERECHO DE VIA O PREFERENCIA DE PASO AL PEATON.,ATROPELLOS,AUTOMOVIL,1,0,0,0,0,0,0,0,0,0,0,0,0,1,16,HOMBRE,LESIONADO,PEATON,NO,NO,0
1919,6050,6051,2017,0,0,-0.161443,-78.487338,PICHINCHA,QUITO,QUITO,URBANA,2017-03-17,07:40:00,7,VIERNES,5,MARZO,3,NO,REALIZAR CAMBIO BRUSCO O INDEBIDO DE CARRIL.,CHOQUE POSTERIOR,BUS,1,0,1,0,0,0,0,0,0,0,0,0,0,2,37,HOMBRE,ILESO,CONDUCTOR PRESENTE,NO,NO,0
1920,6052,6053,2017,0,0,-0.080417,-78.413751,PICHINCHA,QUITO,CALDERON (CARAPUNGO),RURAL,2017-03-17,08:00:00,8,VIERNES,5,MARZO,3,NO,NO GUARDAR LA DISTANCIA LATERAL MINIMA DE SEGURIDAD ENTRE VEHICULOS.,ROZAMIENTOS,AUTOMOVIL,1,0,0,0,0,0,0,0,0,1,0,0,0,2,25,MUJER,ILESO,CONDUCTOR PRESENTE,NO,NO,3
1921,6054,6055,2017,0,0,-0.292724,-78.476486,PICHINCHA,QUITO,CONOCOTO,RURAL,2017-03-17,08:10:00,8,VIERNES,5,MARZO,3,NO,"NO RESPETAR LAS SENIALES REGLAMENTARIAS DE TRANSITO. (PARE, CEDA EL PASO, LUZ ROJA DEL SEMAFORO, ETC).",CHOQUE LATERAL,AUTOMOVIL,1,0,0,0,0,0,0,0,0,1,0,0,0,2,39,HOMBRE,ILESO,CONDUCTOR PRESENTE,NO,NO,3
1922,6055,6056,2017,1,0,-0.205474,-78.508456,PICHINCHA,QUITO,QUITO,URBANA,2017-03-17,08:25:00,8,VIERNES,5,MARZO,3,NO,"ADELANTAR O REBASAR A OTRO VEHICULO EN MOVIMIENTO EN ZONAS O SITIOS PELIGROSOS TALES COMO: CURVAS, PUENTES, TUNELES, PENDIENTES, ETC.",PERDIDA DE PISTA,MOTOCICLETA,0,0,0,0,0,0,0,0,1,0,0,0,0,1,27,HOMBRE,LESIONADO,CONDUCTOR PRESENTE,NO,NO,0
1923,6056,6057,2017,2,0,-0.161461,-78.487356,PICHINCHA,QUITO,QUITO,URBANA,2017-03-17,09:35:00,9,VIERNES,5,MARZO,3,NO,"NO RESPETAR LAS SENIALES REGLAMENTARIAS DE TRANSITO. (PARE, CEDA EL PASO, LUZ ROJA DEL SEMAFORO, ETC).",CHOQUE LATERAL,MOTOCICLETA,1,0,0,0,0,0,0,0,1,0,0,0,0,2,30,HOMBRE,LESIONADO,CONDUCTOR PRESENTE,NO,NO,0
1924,6058,6059,2017,1,0,-0.238868,-78.530183,PICHINCHA,QUITO,QUITO,URBANA,2017-03-17,10:20:00,10,VIERNES,5,MARZO,3,NO,"CONDUCIR DESATENTO A LAS CONDICIONES DE TRANSITO (CELULAR, PANTALLAS DE VIDEO, COMIDA, MAQUILLAJE O CUALQUIER OTRO ELEMENTO DISTRACTOR).",PERDIDA DE PISTA,MOTOCICLETA,0,0,0,0,0,0,0,0,1,0,0,0,0,1,53,HOMBRE,LESIONADO,CONDUCTOR PRESENTE,NO,NO,0