,Unnamed: 0,ID,ANIO,LESIONADOS,FALLECIDOS,LATITUD_Y,LONGITUD_X,PROVINCIA,CANTON,PARROQUIA,ZONA,FECHA,HORA,PERIODO_2,DIA_1,DIA_2,MES_1,MES_2,FERIADO,CAUSA_PROBABLE,TIPO_DE_SINIESTRO,TIPO_DE_VEHICULO_1,AUTOMOVIL,BICICLETA,BUS,CAMION,CAMIONETA,EMERGENCIAS,ESPECIAL,FURGONETA,MOTOCICLETA,NO_IDENTIFICADO,SCOOTER_ELECTRICO,TRICIMOTO,VEHICULO_DEPORTIVO_UTILITARIO,SUMA_DE_VEHICULOS,EDAD_1,SEXO_1,CONDICION_1,PARTICIPANTE_1,CASCO_1,CINTURON_1,KMeans_Cluster
1981,6244,6245,2017,0,0,-0.182611,-78.489944,PICHINCHA,QUITO,QUITO,URBANA,2017-03-19,06:30:00,6,DOMINGO,7,MARZO,3,NO,"CONDUCIR DESATENTO A LAS CONDICIONES DE TRANSITO (CELULAR, PANTALLAS DE VIDEO, COMIDA, MAQUILLAJE O CUALQUIER OTRO ELEMENTO DISTRACTOR).",ESTRELLAMIENTOS,AUTOMOVIL,1,0,0,0,0,0,0,0,0,0,0,0,0,1,-1,NO IDENTIFICADO,NO IDENTIFICADO,CONDUCTOR AUSENTE,NO,NO,2
1982,6245,6246,2017,1,0,-0.133789,-78.470731,PICHINCHA,QUITO,QUITO,URBANA,2017-03-19,06:30:00,6,DOMINGO,7,MARZO,3,NO,"ADELANTAR O REBASAR A OTRO VEHICULO EN MOVIMIENTO EN ZONAS O SITIOS PELIGROSOS TALES COMO: CURVAS, PUENTES, TUNELES, PENDIENTES, ETC.",CHOQUE FRONTAL,MOTOCICLETA,0,0,0,0,0,0,0,0,1,1,0,0,0,2,55,HOMBRE,LESIONADO,CONDUCTOR PRESENTE,NO,NO,0
1983,6246,6247,2017,0,0,-0.297651,-78.550178,PICHINCHA,QUITO,QUITO,URBANA,2017-03-19,06:30:00,6,DOMINGO,7,MARZO,3,NO,CONDUCIR VEHICULO SUPERANDO LOS LIMITES MAXIMOS DE VELOCIDAD.,ESTRELLAMIENTOS,CAMIONETA,0,0,0,0,1,0,0,0,0,0,0,0,0,1,-1,NO IDENTIFICADO,NO IDENTIFICADO,CONDUCTOR AUSENTE,NO,NO,2
1984,6249,6250,2017,2,0,-0.249358,-78.520739,PICHINCHA,QUITO,QUITO,URBANA,2017-03-19,07:20:00,7,DOMINGO,7,MARZO,3,NO,"CONDUCE BAJO LA INFLUENCIA DE ALCOHOL, SUSTANCIAS ESTUPEFACIENTES O PSICOTROPICAS Y/O MEDICAMENTOS.",ATROPELLOS,MOTOCICLETA,0,0,0,0,0,0,0,0,1,0,0,0,0,1,14,MUJER,LESIONADO,PEATON,NO,NO,0
1985,6251,6252,2017,0,0,-0.242475,-78.497488,PICHINCHA,QUITO,QUITO,URBANA,2017-03-19,08:45:00,8,DOMINGO,7,MARZO,3,NO,CONDUCIR VEHICULO SUPERANDO LOS LIMITES MAXIMOS DE VELOCIDAD.,ESTRELLAMIENTOS,VEHICULO DEPORTIVO UTILITARIO,0,0,0,0,0,0,0,0,0,0,0,0,1,1,-1,NO IDENTIFICADO,NO IDENTIFICADO,CONDUCTOR AUSENTE,NO,NO,2
1986,6252,6253,2017,3,0,-0.201321,-78.497469,PICHINCHA,QUITO,QUITO,URBANA,2017-03-19,09:03:00,9,DOMINGO,7,MARZO,3,NO,CONDUCIR VEHICULO SUPERANDO LOS LIMITES MAXIMOS DE VELOCIDAD.,CHOQUE LATERAL,MOTOCICLETA,1,0,0,0,0,0,0,0,1,0,0,0,0,2,38,HOMBRE,LESIONADO,CONDUCTOR PRESENTE,NO,NO,0
1987,6254,6255,2017,0,0,-0.118371,-78.470246,PICHINCHA,QUITO,QUITO,URBANA,2017-03-19,10:05:00,10,DOMINGO,7,MARZO,3,NO,"CONDUCIR DESATENTO A LAS CONDICIONES DE TRANSITO (CELULAR, PANTALLAS DE VIDEO, COMIDA, MAQUILLAJE O CUALQUIER OTRO ELEMENTO DISTRACTOR).",ESTRELLAMIENTOS,AUTOMOVIL,1,0,0,0,0,0,0,0,0,0,0,0,0,1,-1,NO IDENTIFICADO,NO IDENTIFICADO,CONDUCTOR AUSENTE,NO,NO,2
1988,6261,6262,2017,1,0,-0.172511,-78.487728,PICHINCHA,QUITO,QUITO,URBANA,2017-03-19,11:00:00,11,DOMINGO,7,MARZO,3,NO,"NO RESPETAR LAS SENIALES REGLAMENTARIAS DE TRANSITO. (PARE, CEDA EL PASO, LUZ ROJA DEL SEMAFORO, ETC).",CHOQUE LATERAL,AUTOMOVIL,1,1,0,0,0,0,0,0,0,0,0,0,0,2,50,MUJER,LESIONADO,CONDUCTOR PRESENTE,NO,NO,0
1989,6266,6267,2017,2,0,-0.172271,-78.489979,PICHINCHA,QUITO,QUITO,URBANA,2017-03-19,12:00:00,12,DOMINGO,7,MARZO,3,NO,NO CEDER EL DERECHO DE VIA O PREFERENCIA DE PASO AL PEATON.,ATROPELLOS,FURGONETA,0,0,0,0,0,0,0,1,0,0,0,0,0,1,36,MUJER,LESIONADO,PEATON,NO,NO,0
1990,6267,6268,2017,0,0,-0.213273,-78.405578,PICHINCHA,QUITO,TUMBACO,RURAL,2017-03-19,12:10:00,12,DOMINGO,7,MARZO,3,NO,"CONDUCIR DESATENTO A LAS CONDICIONES DE TRANSITO (CELULAR, PANTALLAS DE VIDEO, COMIDA, MAQUILLAJE O CUALQUIER OTRO ELEMENTO DISTRACTOR).",ROZAMIENTOS,CAMIONETA,0,0,0,0,1,0,0,0,0,1,0,0,0,2,40,HOMBRE,ILESO,CONDUCTOR PRESENTE,NO,NO,3
1991,6269,6270,2017,3,0,-0.328831,-78.560062,PICHINCHA,QUITO,QUITO,URBANA,2017-03-19,12:30:00,12,DOMINGO,7,MARZO,3,NO,"CONDUCE BAJO LA INFLUENCIA DE ALCOHOL, SUSTANCIAS ESTUPEFACIENTES O PSICOTROPICAS Y/O MEDICAMENTOS.",ESTRELLAMIENTOS,AUTOMOVIL,2,0,0,0,0,0,0,0,0,0,0,0,0,2,39,HOMBRE,LESIONADO,CONDUCTOR PRESENTE,NO,NO,0
1992,6272,6273,2017,1,0,-0.208198,-78.494993,PICHINCHA,QUITO,QUITO,URBANA,2017-03-19,13:10:00,13,DOMINGO,7,MARZO,3,NO,NO CEDER EL DERECHO DE VIA O PREFERENCIA DE PASO A VEHICULOS.,CHOQUE LATERAL,VEHICULO DEPORTIVO UTILITARIO,0,0,0,0,1,0,0,0,0,0,0,0,1,2,63,MUJER,LESIONADO,PASAJERO,NO,NO,0
1993,6275,6276,2017,1,0,-0.086751,-78.500306,PICHINCHA,QUITO,QUITO,URBANA,2017-03-19,14:15:00,14,DOMINGO,7,MARZO,3,NO,NO CEDER EL DERECHO DE VIA O PREFERENCIA DE PASO AL PEATON.,ARROLLAMIENTOS,BUS,0,0,1,0,0,0,0,0,0,0,0,0,0,1,15,HOMBRE,LESIONADO,PEATON,NO,NO,0
1994,6276,6277,2017,1,0,-0.233583,-78.523051,PICHINCHA,QUITO,QUITO,URBANA,2017-03-19,14:30:00,14,DOMINGO,7,MARZO,3,NO,NO CEDER EL DERECHO DE VIA O PREFERENCIA DE PASO AL PEATON.,ATROPELLOS,NO IDENTIFICADO,0,0,0,0,0,0,0,0,0,1,0,0,0,1,71,HOMBRE,LESIONADO,PEATON,NO,NO,0
1995,6280,6281,2017,0,0,-0.252561,-78.523092,PICHINCHA,QUITO,QUITO,URBANA,2017-03-19,15:10:00,15,DOMINGO,7,MARZO,3,NO,NO GUARDAR LA DISTANCIA LATERAL MINIMA DE SEGURIDAD ENTRE VEHICULOS.,ROZAMIENTOS,MOTOCICLETA,1,0,0,0,0,0,0,0,1,0,0,0,0,2,32,HOMBRE,ILESO,CONDUCTOR PRESENTE,NO,NO,0
1996,6290,6291,2017,0,0,-0.239082,-78.523432,PICHINCHA,QUITO,QUITO,URBANA,2017-03-19,16:40:00,16,DOMINGO,7,MARZO,3,NO,"CASO FORTUITO O FUERZA MAYOR (EXPLOSION DE NEUMATICO NUEVO, DERRUMBE, INUNDACION, CAIDA DE PUENTE, ARBOL, PRESENCIA INTEMPESTIVA E IMPREVISTA DE SEMOVIENTES EN LA VIA, ETC.).",OTROS,CAMIONETA,0,0,0,0,1,0,0,0,1,0,0,0,0,2,31,HOMBRE,ILESO,CONDUCTOR PRESENTE,NO,NO,0
1997,6291,6292,2017,0,0,-0.129109,-78.498275,PICHINCHA,QUITO,QUITO,URBANA,2017-03-19,17:15:00,17,DOMINGO,7,MARZO,3,NO,"CONDUCIR DESATENTO A LAS CONDICIONES DE TRANSITO (CELULAR, PANTALLAS DE VIDEO, COMIDA, MAQUILLAJE O CUALQUIER OTRO ELEMENTO DISTRACTOR).",ESTRELLAMIENTOS,AUTOMOVIL,1,0,0,0,0,0,0,0,0,1,0,0,0,2,50,HOMBRE,ILESO,CONDUCTOR PRESENTE,NO,NO,0
1998,6294,6295,2017,1,0,-0.144308,-78.481344,PICHINCHA,QUITO,QUITO,URBANA,2017-03-19,18:00:00,18,DOMINGO,7,MARZO,3,NO,"NO RESPETAR LAS SENIALES REGLAMENTARIAS DE TRANSITO. (PARE, CEDA EL PASO, LUZ ROJA DEL SEMAFORO, ETC).",CHOQUE LATERAL,AUTOMOVIL,1,0,0,0,0,0,0,0,1,0,0,0,0,2,27,HOMBRE,LESIONADO,CONDUCTOR PRESENTE,NO,NO,0
1999,6299,6300,2017,0,0,-0.419317,-78.550795,PICHINCHA,MEJIA,TAMBILLO (MEJIA),RURAL,2017-03-19,18:40:00,18,DOMINGO,7,MARZO,3,NO,NO MANTENER LA DISTANCIA PRUDENCIAL CON RESPECTO AL VEHICULO QUE LE ANTECEDE.,COLISION,BUS,3,0,1,0,0,0,0,0,0,0,0,0,0,4,39,HOMBRE,ILESO,CONDUCTOR PRESENTE,NO,NO,3
2000,6301,6302,2017,3,0,-0.237667,-78.484685,PICHINCHA,QUITO,QUITO,URBANA,2017-03-19,19:07:00,19,DOMINGO,7,MARZO,3,NO,NO CEDER EL DERECHO DE VIA O PREFERENCIA DE PASO A VEHICULOS.,COLISION,AUTOMOVIL,3,0,0,0,0,0,0,0,0,0,0,0,0,3,6,HOMBRE,LESIONADO,PASAJERO,NO,NO,0
2001,6304,6305,2017,0,0,-0.224137,-78.496738,PICHINCHA,QUITO,QUITO,URBANA,2017-03-19,20:20:00,20,DOMINGO,7,MARZO,3,NO,REALIZAR CAMBIO BRUSCO O INDEBIDO DE CARRIL.,COLISION,AUTOMOVIL,3,0,0,0,0,0,0,0,0,0,0,0,1,4,36,HOMBRE,ILESO,CONDUCTOR PRESENTE,NO,NO,0
2002,6311,6312,2017,0,0,-0.106767,-78.441933,PICHINCHA,QUITO,CALDERON (CARAPUNGO),RURAL,2017-03-19,21:45:00,21,DOMINGO,7,MARZO,3,NO,NO CEDER EL DERECHO DE VIA O PREFERENCIA DE PASO A VEHICULOS.,CHOQUE LATERAL,AUTOMOVIL,1,0,0,1,0,0,0,0,0,0,0,0,0,2,23,HOMBRE,ILESO,CONDUCTOR PRESENTE,NO,NO,3
2003,6314,6315,2017,1,0,-0.157012,-78.480467,PICHINCHA,QUITO,QUITO,URBANA,2017-03-19,22:05:00,22,DOMINGO,7,MARZO,3,NO,CONDUCIR VEHICULO SUPERANDO LOS LIMITES MAXIMOS DE VELOCIDAD.,ESTRELLAMIENTOS,AUTOMOVIL,1,0,0,0,0,0,0,0,0,0,0,0,0,1,28,HOMBRE,LESIONADO,PASAJERO,NO,NO,0
2004,6323,6324,2017,1,0,-0.224383,-78.496888,PICHINCHA,QUITO,QUITO,URBANA,2017-03-20,03:30:00,3,LUNES,1,MARZO,3,NO,CONDUCIR VEHICULO SUPERANDO LOS LIMITES MAXIMOS DE VELOCIDAD.,VOLCAMIENTOS,AUTOMOVIL,1,0,0,0,0,0,0,0,0,0,0,0,0,1,45,HOMBRE,LESIONADO,CONDUCTOR PRESENTE,NO,NO,0
2005,6325,6326,2017,0,1,-0.159827,-78.487759,PICHINCHA,QUITO,QUITO,URBANA,2017-03-20,05:30:00,5,LUNES,1,MARZO,3,NO,NO CEDER EL DERECHO DE VIA O PREFERENCIA DE PASO AL PEATON.,ATROPELLOS,NO IDENTIFICADO,0,0,0,0,0,0,0,0,0,1,0,0,0,1,79,HOMBRE,FALLECIDO,PEATON,NO,NO,0
2006,6328,6329,2017,0,0,-0.196669,-78.466599,PICHINCHA,QUITO,QUITO,RURAL,2017-03-20,06:55:00,6,LUNES,1,MARZO,3,NO,NO MANTENER LA DISTANCIA PRUDENCIAL CON RESPECTO AL VEHICULO QUE LE ANTECEDE.,ESTRELLAMIENTOS,VEHICULO DEPORTIVO UTILITARIO,0,0,0,0,1,0,0,0,0,0,0,0,1,2,43,HOMBRE,ILESO,CONDUCTOR PRESENTE,NO,NO,3
2007,6330,6331,2017,0,0,-0.229294,-78.506431,PICHINCHA,QUITO,QUITO,URBANA,2017-03-20,07:00:00,7,LUNES,1,MARZO,3,NO,DEJAR O RECOGER PASAJEROS EN LUGARES NO PERMITIDOS.,ROZAMIENTOS,BUS,0,0,2,0,0,0,0,0,0,0,0,0,0,2,28,HOMBRE,ILESO,CONDUCTOR PRESENTE,NO,NO,0
2008,6331,6332,2017,1,0,-0.233331,-78.490789,PICHINCHA,QUITO,QUITO,URBANA,2017-03-20,07:20:00,7,LUNES,1,MARZO,3,NO,CONDUCIR VEHICULO SUPERANDO LOS LIMITES MAXIMOS DE VELOCIDAD.,PERDIDA DE PISTA,MOTOCICLETA,0,0,0,0,0,0,0,0,1,0,0,0,0,1,27,HOMBRE,LESIONADO,CONDUCTOR PRESENTE,NO,NO,0
2009,6336,6337,2017,0,0,-0.096046,-78.440081,PICHINCHA,QUITO,CALDERON (CARAPUNGO),RURAL,2017-03-20,08:30:00,8,LUNES,1,MARZO,3,NO,"CONDUCIR DESATENTO A LAS CONDICIONES DE TRANSITO (CELULAR, PANTALLAS DE VIDEO, COMIDA, MAQUILLAJE O CUALQUIER OTRO ELEMENTO DISTRACTOR).",ESTRELLAMIENTOS,AUTOMOVIL,1,0,0,0,0,0,0,0,0,0,0,0,0,1,26,MUJER,ILESO,CONDUCTOR PRESENTE,NO,NO,3
2010,6344,6345,2017,2,0,-0.301544,-78.463308,PICHINCHA,QUITO,CONOCOTO,RURAL,2017-03-20,10:13:00,10,LUNES,1,MARZO,3,NO,DEJAR O RECOGER PASAJEROS EN LUGARES NO PERMITIDOS.,CAIDA DE PASAJERO,BUS,0,0,1,0,0,0,0,0,0,0,0,0,0,1,50,MUJER,LESIONADO,PASAJERO,NO,NO,3
2011,6347,6348,2017,0,0,-0.090873,-78.475909,PICHINCHA,QUITO,QUITO,URBANA,2017-03-20,11:30:00,11,LUNES,1,MARZO,3,NO,NO GUARDAR LA DISTANCIA LATERAL MINIMA DE SEGURIDAD ENTRE VEHICULOS.,ROZAMIENTOS,AUTOMOVIL,1,0,0,0,0,0,0,0,0,1,0,0,0,2,33,HOMBRE,ILESO,CONDUCTOR PRESENTE,NO,NO,0
2012,6351,6352,2017,0,0,-0.261244,-78.512332,PICHINCHA,QUITO,QUITO,URBANA,2017-03-20,12:00:00,12,LUNES,1,MARZO,3,NO,"CONDUCIR DESATENTO A LAS CONDICIONES DE TRANSITO (CELULAR, PANTALLAS DE VIDEO, COMIDA, MAQUILLAJE O CUALQUIER OTRO ELEMENTO DISTRACTOR).",ESTRELLAMIENTOS,CAMIONETA,1,0,0,0,1,0,0,0,0,0,0,0,0,2,-1,NO IDENTIFICADO,NO IDENTIFICADO,CONDUCTOR AUSENTE,NO,NO,2
2013,6352,6353,2017,0,0,-0.279527,-78.558088,PICHINCHA,QUITO,QUITO,URBANA,2017-03-20,12:10:00,12,LUNES,1,MARZO,3,NO,NO CEDER EL DERECHO DE VIA O PREFERENCIA DE PASO A VEHICULOS.,CHOQUE LATERAL,AUTOMOVIL,1,0,0,0,0,0,0,0,0,1,0,0,0,2,70,HOMBRE,ILESO,CONDUCTOR PRESENTE,NO,NO,0
2014,6354,6355,2017,0,0,-0.105779,-78.462379,PICHINCHA,QUITO,QUITO,RURAL,2017-03-20,13:00:00,13,LUNES,1,MARZO,3,NO,NO MANTENER LA DISTANCIA PRUDENCIAL CON RESPECTO AL VEHICULO QUE LE ANTECEDE.,CHOQUE POSTERIOR,BUS,0,0,1,1,0,0,0,0,0,0,0,0,0,2,39,HOMBRE,ILESO,CONDUCTOR PRESENTE,NO,NO,3
2015,6357,6358,2017,1,0,-0.162323,-78.485786,PICHINCHA,QUITO,QUITO,URBANA,2017-03-20,13:30:00,13,LUNES,1,MARZO,3,NO,BAJARSE O SUBIRSE DE VEHICULOS EN MOVIMIENTO SIN TOMAR LAS PRECAUCIONES DEBIDAS.,CAIDA DE PASAJERO,BUS,0,0,1,0,0,0,0,0,0,0,0,0,0,1,68,MUJER,LESIONADO,PASAJERO,NO,NO,0
2016,6364,6365,2017,1,0,-0.175009,-78.483588,PICHINCHA,QUITO,QUITO,URBANA,2017-03-20,15:35:00,15,LUNES,1,MARZO,3,NO,NO CEDER EL DERECHO DE VIA O PREFERENCIA DE PASO AL PEATON.,ATROPELLOS,VEHICULO DEPORTIVO UTILITARIO,0,0,0,0,0,0,0,0,0,0,0,0,1,1,78,HOMBRE,LESIONADO,PEATON,NO,NO,0
2017,6369,6370,2017,0,0,-0.263053,-78.507339,PICHINCHA,QUITO,QUITO,URBANA,2017-03-20,16:25:00,16,LUNES,1,MARZO,3,NO,NO MANTENER LA DISTANCIA PRUDENCIAL CON RESPECTO AL VEHICULO QUE LE ANTECEDE.,CHOQUE POSTERIOR,AUTOMOVIL,2,0,0,0,0,0,0,0,0,0,0,0,0,2,31,MUJER,ILESO,CONDUCTOR PRESENTE,NO,NO,0
2018,6371,6372,2017,0,0,-0.304063,-78.559177,PICHINCHA,QUITO,QUITO,URBANA,2017-03-20,16:50:00,16,LUNES,1,MARZO,3,NO,"CONDUCE BAJO LA INFLUENCIA DE ALCOHOL, SUSTANCIAS ESTUPEFACIENTES O PSICOTROPICAS Y/O MEDICAMENTOS.",CHOQUE POSTERIOR,CAMIONETA,1,0,0,0,1,0,0,0,0,0,0,0,0,2,50,HOMBRE,ILESO,CONDUCTOR PRESENTE,NO,NO,0
2019,6375,6376,2017,1,0,-0.165301,-78.478068,PICHINCHA,QUITO,QUITO,URBANA,2017-03-20,17:10:00,17,LUNES,1,MARZO,3,NO,NO CEDER EL DERECHO DE VIA O PREFERENCIA DE PASO AL PEATON.,ATROPELLOS,AUTOMOVIL,1,0,0,0,0,0,0,0,0,0,0,0,0,1,61,HOMBRE,LESIONADO,PEATON,NO,NO,0
2020,6376,6377,2017,1,0,-0.121124,-78.441886,PICHINCHA,QUITO,CALDERON (CARAPUNGO),RURAL,2017-03-20,17:40:00,17,LUNES,1,MARZO,3,NO,NO MANTENER LA DISTANCIA PRUDENCIAL CON RESPECTO AL VEHICULO QUE LE ANTECEDE.,CHOQUE POSTERIOR,MOTOCICLETA,0,0,0,0,0,0,0,0,1,0,0,0,1,2,25,HOMBRE,LESIONADO,CONDUCTOR PRESENTE,NO,NO,3
2021,6381,6382,2017,1,0,-0.250891,-78.537964,PICHINCHA,QUITO,QUITO,URBANA,2017-03-20,18:30:00,18,LUNES,1,MARZO,3,NO,NO CEDER EL DERECHO DE VIA O PREFERENCIA DE PASO AL PEATON.,ATROPELLOS,MOTOCICLETA,0,0,0,0,0,0,0,0,1,0,0,0,0,1,12,MUJER,LESIONADO,PEATON,NO,NO,0
2022,6383,6384,2017,0,0,-0.142693,-78.492243,PICHINCHA,QUITO,QUITO,URBANA,2017-03-20,19:20:00,19,LUNES,1,MARZO,3,NO,DEJAR O RECOGER PASAJEROS EN LUGARES NO PERMITIDOS.,ROZAMIENTOS,BUS,1,0,1,0,0,0,0,0,0,0,0,0,0,2,42,HOMBRE,ILESO,CONDUCTOR PRESENTE,NO,NO,0
2023,6384,6385,2017,1,0,-0.092526,-78.442111,PICHINCHA,QUITO,CALDERON (CARAPUNGO),RURAL,2017-03-20,19:24:00,19,LUNES,1,MARZO,3,NO,NO CEDER EL DERECHO DE VIA O PREFERENCIA DE PASO A VEHICULOS.,CHOQUE LATERAL,CAMIONETA,0,0,0,0,1,0,0,0,1,0,0,0,0,2,36,HOMBRE,LESIONADO,CONDUCTOR PRESENTE,NO,NO,3
2024,6385,6386,2017,0,0,-0.283414,-78.543792,PICHINCHA,QUITO,QUITO,URBANA,2017-03-20,19:30:00,19,LUNES,1,MARZO,3,NO,REALIZAR CAMBIO BRUSCO O INDEBIDO DE CARRIL.,ROZAMIENTOS,AUTOMOVIL,1,0,0,0,0,0,0,1,0,0,0,0,0,2,40,HOMBRE,ILESO,CONDUCTOR PRESENTE,NO,NO,0
2025,6391,6392,2017,1,0,-0.236661,-78.518814,PICHINCHA,QUITO,QUITO,URBANA,2017-03-20,22:10:00,22,LUNES,1,MARZO,3,NO,NO CEDER EL DERECHO DE VIA O PREFERENCIA DE PASO AL PEATON.,ATROPELLOS,NO IDENTIFICADO,0,0,0,0,0,0,0,0,0,1,0,0,0,1,63,HOMBRE,LESIONADO,PEATON,NO,NO,0
2026,6400,6401,2017,2,0,-0.209175,-78.387724,PICHINCHA,QUITO,TUMBACO,RURAL,2017-03-21,05:45:00,5,MARTES,2,MARZO,3,NO,"PEATON TRANSITA BAJO INFLUENCIA DE ALCOHOL, SUSTANCIAS ESTUPEFACIENTES O PSICOTROPICAS Y/O MEDICAMENTOS.",ATROPELLOS,MOTOCICLETA,0,0,0,0,0,0,0,0,1,0,0,0,0,1,31,HOMBRE,LESIONADO,CONDUCTOR PRESENTE,NO,NO,3
2027,6402,6403,2017,0,0,-0.194356,-78.502141,PICHINCHA,QUITO,QUITO,URBANA,2017-03-21,06:25:00,6,MARTES,2,MARZO,3,NO,CONDUCIR VEHICULO SUPERANDO LOS LIMITES MAXIMOS DE VELOCIDAD.,ESTRELLAMIENTOS,VEHICULO DEPORTIVO UTILITARIO,0,0,0,0,0,0,0,0,0,0,0,0,1,1,-1,NO IDENTIFICADO,NO IDENTIFICADO,CONDUCTOR AUSENTE,NO,NO,2
2028,6416,6417,2017,0,1,0.045665,-78.185796,PICHINCHA,PEDRO MONCAYO,TABACUNDO,URBANA,2017-03-21,12:45:00,12,MARTES,2,MARZO,3,NO,NO CEDER EL DERECHO DE VIA O PREFERENCIA DE PASO AL PEATON.,ATROPELLOS,MOTOCICLETA,0,0,0,0,0,0,0,0,2,0,0,0,0,2,36,HOMBRE,FALLECIDO,CONDUCTOR PRESENTE,NO,NO,0
2029,6421,6422,2017,1,0,-0.246793,-78.534901,PICHINCHA,QUITO,QUITO,URBANA,2017-03-21,13:30:00,13,MARTES,2,MARZO,3,NO,NO CEDER EL DERECHO DE VIA O PREFERENCIA DE PASO AL PEATON.,ATROPELLOS,NO IDENTIFICADO,0,0,0,0,0,0,0,0,0,1,0,0,0,1,16,HOMBRE,LESIONADO,PEATON,NO,NO,0
2030,6423,6424,2017,0,0,-0.066446,-78.466429,PICHINCHA,QUITO,POMASQUI,URBANA,2017-03-21,14:20:00,14,MARTES,2,MARZO,3,NO,NO MANTENER LA DISTANCIA PRUDENCIAL CON RESPECTO AL VEHICULO QUE LE ANTECEDE.,CHOQUE POSTERIOR,AUTOMOVIL,1,0,0,0,0,0,0,0,0,1,0,0,0,2,75,MUJER,ILESO,CONDUCTOR PRESENTE,NO,NO,0
2031,6428,6429,2017,0,0,-0.210875,-78.482517,PICHINCHA,QUITO,QUITO,URBANA,2017-03-21,15:47:00,15,MARTES,2,MARZO,3,NO,"CONDUCIR DESATENTO A LAS CONDICIONES DE TRANSITO (CELULAR, PANTALLAS DE VIDEO, COMIDA, MAQUILLAJE O CUALQUIER OTRO ELEMENTO DISTRACTOR).",ESTRELLAMIENTOS,CAMIONETA,0,0,0,0,1,0,0,0,0,1,0,0,0,2,-1,NO IDENTIFICADO,NO IDENTIFICADO,CONDUCTOR AUSENTE,NO,NO,2
2032,6430,6431,2017,0,0,-0.142041,-78.443217,PICHINCHA,QUITO,LLANO CHICO,RURAL,2017-03-21,16:30:00,16,MARTES,2,MARZO,3,NO,NO CEDER EL DERECHO DE VIA O PREFERENCIA DE PASO A VEHICULOS.,COLISION,AUTOMOVIL,2,0,0,0,2,0,0,0,0,0,0,0,0,4,31,HOMBRE,ILESO,CONDUCTOR PRESENTE,NO,NO,3
2033,6433,6434,2017,0,0,-0.213511,-78.498121,PICHINCHA,QUITO,QUITO,URBANA,2017-03-21,18:11:00,18,MARTES,2,MARZO,3,NO,"ADELANTAR O REBASAR A OTRO VEHICULO EN MOVIMIENTO EN ZONAS O SITIOS PELIGROSOS TALES COMO: CURVAS, PUENTES, TUNELES, PENDIENTES, ETC.",ROZAMIENTOS,VEHICULO DEPORTIVO UTILITARIO,0,0,1,0,0,0,0,0,0,0,0,0,1,2,39,HOMBRE,ILESO,CONDUCTOR PRESENTE,NO,NO,0
2034,6434,6435,2017,1,0,-0.214651,-78.500491,PICHINCHA,QUITO,QUITO,URBANA,2017-03-21,18:30:00,18,MARTES,2,MARZO,3,NO,"ADELANTAR O REBASAR A OTRO VEHICULO EN MOVIMIENTO EN ZONAS O SITIOS PELIGROSOS TALES COMO: CURVAS, PUENTES, TUNELES, PENDIENTES, ETC.",ROZAMIENTOS,MOTOCICLETA,0,0,1,0,0,0,0,0,1,0,0,0,0,2,20,HOMBRE,LESIONADO,CONDUCTOR PRESENTE,NO,NO,0
2035,6436,6437,2017,1,0,-0.239567,-78.512471,PICHINCHA,QUITO,QUITO,URBANA,2017-03-21,19:30:00,19,MARTES,2,MARZO,3,NO,NO CEDER EL DERECHO DE VIA O PREFERENCIA DE PASO AL PEATON.,ATROPELLOS,AUTOMOVIL,1,0,0,0,0,0,0,0,0,0,0,0,0,1,56,HOMBRE,LESIONADO,PEATON,NO,NO,0
2036,6438,6439,2017,0,0,-0.245904,-78.491505,PICHINCHA,QUITO,QUITO,URBANA,2017-03-21,19:45:00,19,MARTES,2,MARZO,3,NO,NO CEDER EL DERECHO DE VIA O PREFERENCIA DE PASO A VEHICULOS.,CHOQUE LATERAL,AUTOMOVIL,1,0,0,0,0,0,0,0,0,0,0,0,1,2,29,HOMBRE,ILESO,CONDUCTOR PRESENTE,NO,NO,0
2037,6453,6454,2017,1,0,-0.164319,-78.483607,PICHINCHA,QUITO,QUITO,URBANA,2017-03-22,04:30:00,4,MIERCOLES,3,MARZO,3,NO,CONDUCIR VEHICULO SUPERANDO LOS LIMITES MAXIMOS DE VELOCIDAD.,ESTRELLAMIENTOS,AUTOMOVIL,1,0,0,0,0,0,0,0,0,0,0,0,0,1,33,HOMBRE,LESIONADO,PASAJERO,NO,NO,0
2038,6458,6459,2017,1,0,-0.237831,-78.539865,PICHINCHA,QUITO,QUITO,URBANA,2017-03-22,07:25:00,7,MIERCOLES,3,MARZO,3,NO,NO CEDER EL DERECHO DE VIA O PREFERENCIA DE PASO AL PEATON.,ARROLLAMIENTOS,NO IDENTIFICADO,0,0,0,0,0,0,0,0,0,1,0,0,0,1,14,HOMBRE,LESIONADO,PEATON,NO,NO,0
2039,6463,6464,2017,0,0,-0.103576,-78.490194,PICHINCHA,QUITO,QUITO,URBANA,2017-03-22,08:50:00,8,MIERCOLES,3,MARZO,3,NO,NO CEDER EL DERECHO DE VIA O PREFERENCIA DE PASO A VEHICULOS.,CHOQUE LATERAL,AUTOMOVIL,1,0,0,0,0,0,1,0,0,0,0,0,0,2,57,MUJER,ILESO,CONDUCTOR PRESENTE,NO,NO,0
2040,6467,6468,2017,1,0,-0.345129,-78.456296,PICHINCHA,RUMINIAHUI,SANGOLQUI,URBANA,2017-03-22,09:30:00,9,MIERCOLES,3,MARZO,3,NO,"CONDUCIR DESATENTO A LAS CONDICIONES DE TRANSITO (CELULAR, PANTALLAS DE VIDEO, COMIDA, MAQUILLAJE O CUALQUIER OTRO ELEMENTO DISTRACTOR).",CHOQUE LATERAL,VEHICULO DEPORTIVO UTILITARIO,0,0,0,1,0,0,0,0,0,1,0,0,1,3,33,HOMBRE,LESIONADO,CONDUCTOR PRESENTE,NO,NO,0