,Unnamed: 0,ID,ANIO,LESIONADOS,FALLECIDOS,LATITUD_Y,LONGITUD_X,PROVINCIA,CANTON,PARROQUIA,ZONA,FECHA,HORA,PERIODO_2,DIA_1,DIA_2,MES_1,MES_2,FERIADO,CAUSA_PROBABLE,TIPO_DE_SINIESTRO,TIPO_DE_VEHICULO_1,AUTOMOVIL,BICICLETA,BUS,CAMION,CAMIONETA,EMERGENCIAS,ESPECIAL,FURGONETA,MOTOCICLETA,NO_IDENTIFICADO,SCOOTER_ELECTRICO,TRICIMOTO,VEHICULO_DEPORTIVO_UTILITARIO,SUMA_DE_VEHICULOS,EDAD_1,SEXO_1,CONDICION_1,PARTICIPANTE_1,CASCO_1,CINTURON_1,KMeans_Cluster
2041,6469,6470,2017,1,0,-0.162831,-78.486035,PICHINCHA,QUITO,QUITO,URBANA,2017-03-22,09:50:00,9,MIERCOLES,3,MARZO,3,NO,"NO RESPETAR LAS SENIALES REGLAMENTARIAS DE TRANSITO. (PARE, CEDA EL PASO, LUZ ROJA DEL SEMAFORO, ETC).",CHOQUE LATERAL,MOTOCICLETA,0,0,0,0,0,0,0,0,1,1,0,0,0,2,25,HOMBRE,LESIONADO,CONDUCTOR PRESENTE,NO,NO,0
2042,6470,6471,2017,1,0,-0.179861,-78.494297,PICHINCHA,QUITO,QUITO,URBANA,2017-03-22,10:00:00,10,MIERCOLES,3,MARZO,3,NO,NO CEDER EL DERECHO DE VIA O PREFERENCIA DE PASO A VEHICULOS.,CHOQUE LATERAL,MOTOCICLETA,1,0,0,0,0,0,0,0,1,0,0,0,0,2,28,HOMBRE,LESIONADO,CONDUCTOR PRESENTE,NO,NO,0
2043,6473,6474,2017,0,0,-0.229388,-78.480924,PICHINCHA,QUITO,QUITO,URBANA,2017-03-22,11:45:00,11,MIERCOLES,3,MARZO,3,NO,DEJAR O RECOGER PASAJEROS EN LUGARES NO PERMITIDOS.,CAIDA DE PASAJERO,NO IDENTIFICADO,0,0,0,0,0,0,0,0,0,1,0,0,0,1,57,MUJER,ILESO,PASAJERO,NO,NO,0
2044,6474,6475,2017,1,0,-0.204414,-78.492719,PICHINCHA,QUITO,QUITO,URBANA,2017-03-22,12:40:00,12,MIERCOLES,3,MARZO,3,NO,NO CEDER EL DERECHO DE VIA O PREFERENCIA DE PASO AL PEATON.,ATROPELLOS,NO IDENTIFICADO,0,0,0,0,0,0,0,0,0,1,0,0,0,1,48,HOMBRE,LESIONADO,PEATON,NO,NO,0
2045,6475,6476,2017,0,0,-0.176717,-78.480528,PICHINCHA,QUITO,QUITO,URBANA,2017-03-22,12:45:00,12,MIERCOLES,3,MARZO,3,NO,NO MANTENER LA DISTANCIA PRUDENCIAL CON RESPECTO AL VEHICULO QUE LE ANTECEDE.,CHOQUE POSTERIOR,VEHICULO DEPORTIVO UTILITARIO,0,0,0,1,0,0,0,0,0,0,0,0,1,2,68,HOMBRE,ILESO,CONDUCTOR PRESENTE,NO,NO,0
2046,6479,6480,2017,1,0,-0.159348,-78.496216,PICHINCHA,QUITO,QUITO,URBANA,2017-03-22,13:30:00,13,MIERCOLES,3,MARZO,3,NO,REALIZAR CAMBIO BRUSCO O INDEBIDO DE CARRIL.,PERDIDA DE PISTA,MOTOCICLETA,0,0,0,0,0,0,0,0,1,0,0,0,0,1,22,HOMBRE,LESIONADO,CONDUCTOR PRESENTE,NO,NO,0
2047,6482,6483,2017,0,0,-0.283461,-78.543792,PICHINCHA,QUITO,QUITO,URBANA,2017-03-22,14:45:00,14,MIERCOLES,3,MARZO,3,NO,"CONDUCIR DESATENTO A LAS CONDICIONES DE TRANSITO (CELULAR, PANTALLAS DE VIDEO, COMIDA, MAQUILLAJE O CUALQUIER OTRO ELEMENTO DISTRACTOR).",OTROS,CAMION,0,0,1,1,0,0,0,0,0,0,0,0,0,2,54,HOMBRE,ILESO,CONDUCTOR PRESENTE,NO,NO,0
2048,6485,6486,2017,1,0,-0.158829,-78.438651,PICHINCHA,QUITO,NAYON,RURAL,2017-03-22,15:30:00,15,MIERCOLES,3,MARZO,3,NO,DEJAR O RECOGER PASAJEROS EN LUGARES NO PERMITIDOS.,CAIDA DE PASAJERO,NO IDENTIFICADO,0,0,0,0,0,0,0,0,0,1,0,0,0,1,47,HOMBRE,LESIONADO,PASAJERO,NO,NO,3
2049,6486,6487,2017,0,0,-0.198388,-78.485624,PICHINCHA,QUITO,QUITO,URBANA,2017-03-22,15:35:00,15,MIERCOLES,3,MARZO,3,NO,REALIZAR CAMBIO BRUSCO O INDEBIDO DE CARRIL.,CHOQUE LATERAL,AUTOMOVIL,2,0,0,0,0,0,0,0,0,0,0,0,0,2,45,HOMBRE,ILESO,CONDUCTOR PRESENTE,NO,NO,0
2050,6488,6489,2017,0,0,-0.234035,-78.523476,PICHINCHA,QUITO,QUITO,URBANA,2017-03-22,16:10:00,16,MIERCOLES,3,MARZO,3,NO,"CONDUCIR DESATENTO A LAS CONDICIONES DE TRANSITO (CELULAR, PANTALLAS DE VIDEO, COMIDA, MAQUILLAJE O CUALQUIER OTRO ELEMENTO DISTRACTOR).",PERDIDA DE PISTA,NO IDENTIFICADO,0,0,0,0,0,0,0,0,0,1,0,0,0,1,23,HOMBRE,ILESO,PASAJERO,NO,NO,0
2051,6497,6498,2017,0,0,-0.094265,-78.481791,PICHINCHA,QUITO,QUITO,URBANA,2017-03-22,17:47:00,17,MIERCOLES,3,MARZO,3,NO,"CASO FORTUITO O FUERZA MAYOR (EXPLOSION DE NEUMATICO NUEVO, DERRUMBE, INUNDACION, CAIDA DE PUENTE, ARBOL, PRESENCIA INTEMPESTIVA E IMPREVISTA DE SEMOVIENTES EN LA VIA, ETC.).",OTROS,BUS,0,0,1,0,0,0,0,0,0,0,0,0,0,1,72,HOMBRE,ILESO,CONDUCTOR PRESENTE,NO,NO,0
2052,6498,6499,2017,0,0,-0.381565,-78.505421,PICHINCHA,QUITO,AMAGUANIA,URBANA,2017-03-22,18:00:00,18,MIERCOLES,3,MARZO,3,NO,"CONDUCIR DESATENTO A LAS CONDICIONES DE TRANSITO (CELULAR, PANTALLAS DE VIDEO, COMIDA, MAQUILLAJE O CUALQUIER OTRO ELEMENTO DISTRACTOR).",CHOQUE LATERAL,CAMIONETA,0,0,0,0,2,0,0,0,0,0,0,0,0,2,23,HOMBRE,ILESO,CONDUCTOR PRESENTE,NO,NO,0
2053,6500,6501,2017,0,0,-0.249141,-78.536518,PICHINCHA,QUITO,QUITO,URBANA,2017-03-22,18:20:00,18,MIERCOLES,3,MARZO,3,NO,PEATON QUE CRUZA LA CALZADA SIN RESPETAR LA SENIALIZACION EXISTENTE (SEMAFOROS O SENIALES MANUALES).,ATROPELLOS,AUTOMOVIL,1,0,0,0,0,0,0,0,0,0,0,0,0,1,46,HOMBRE,ILESO,CONDUCTOR PRESENTE,NO,NO,0
2054,6501,6502,2017,0,0,-0.159402,-78.504348,PICHINCHA,QUITO,QUITO,URBANA,2017-03-22,19:23:00,19,MIERCOLES,3,MARZO,3,NO,CONDUCIR VEHICULO SUPERANDO LOS LIMITES MAXIMOS DE VELOCIDAD.,ESTRELLAMIENTOS,AUTOMOVIL,1,0,0,0,0,0,0,0,0,0,0,0,0,1,31,HOMBRE,ILESO,CONDUCTOR PRESENTE,NO,NO,0
2055,6508,6509,2017,0,0,-0.136778,-78.473426,PICHINCHA,QUITO,QUITO,URBANA,2017-03-22,23:10:00,23,MIERCOLES,3,MARZO,3,NO,"CONDUCE BAJO LA INFLUENCIA DE ALCOHOL, SUSTANCIAS ESTUPEFACIENTES O PSICOTROPICAS Y/O MEDICAMENTOS.",COLISION,AUTOMOVIL,2,0,0,0,0,0,0,0,0,1,0,0,0,3,25,HOMBRE,ILESO,CONDUCTOR PRESENTE,NO,NO,0
2056,6509,6510,2017,0,0,-0.270529,-78.551858,PICHINCHA,QUITO,QUITO,URBANA,2017-03-22,23:15:00,23,MIERCOLES,3,MARZO,3,NO,CONDUCIR VEHICULO SUPERANDO LOS LIMITES MAXIMOS DE VELOCIDAD.,ESTRELLAMIENTOS,AUTOMOVIL,1,0,0,0,0,0,0,0,0,0,0,0,0,1,-1,NO IDENTIFICADO,NO IDENTIFICADO,CONDUCTOR AUSENTE,NO,NO,2
2057,6514,6515,2017,0,0,-0.272491,-78.554002,PICHINCHA,QUITO,QUITO,URBANA,2017-03-23,01:55:00,1,JUEVES,4,MARZO,3,NO,"CONDUCIR EN ESTADO DE SOMNOLENCIA O MALAS CONDICIONES FISICAS (SUENIO, CANSANCIO Y FATIGA).",ESTRELLAMIENTOS,NO IDENTIFICADO,0,0,0,0,0,0,0,0,0,1,0,0,0,1,-1,NO IDENTIFICADO,NO IDENTIFICADO,CONDUCTOR AUSENTE,NO,NO,2
2058,6518,6519,2017,0,1,-0.115325,-78.489837,PICHINCHA,QUITO,QUITO,URBANA,2017-03-23,06:35:00,6,JUEVES,4,MARZO,3,NO,NO CEDER EL DERECHO DE VIA O PREFERENCIA DE PASO AL PEATON.,ATROPELLOS,NO IDENTIFICADO,0,0,0,0,0,0,0,0,0,1,0,0,0,1,13,HOMBRE,FALLECIDO,PEATON,NO,NO,0
2059,6519,6520,2017,1,0,-0.226486,-78.339567,PICHINCHA,QUITO,PIFO,RURAL,2017-03-23,07:00:00,7,JUEVES,4,MARZO,3,NO,NO GUARDAR LA DISTANCIA LATERAL MINIMA DE SEGURIDAD ENTRE VEHICULOS.,ROZAMIENTOS,MOTOCICLETA,0,0,0,0,0,0,0,0,1,0,0,0,1,2,30,HOMBRE,LESIONADO,CONDUCTOR PRESENTE,NO,NO,3
2060,6520,6521,2017,0,0,-0.236888,-78.527931,PICHINCHA,QUITO,QUITO,URBANA,2017-03-23,07:00:00,7,JUEVES,4,MARZO,3,NO,NO GUARDAR LA DISTANCIA LATERAL MINIMA DE SEGURIDAD ENTRE VEHICULOS.,ROZAMIENTOS,VEHICULO DEPORTIVO UTILITARIO,0,0,0,0,1,0,0,0,0,0,0,0,1,2,37,HOMBRE,ILESO,CONDUCTOR PRESENTE,NO,NO,0
2061,6525,6526,2017,0,0,-0.178637,-78.486021,PICHINCHA,QUITO,QUITO,URBANA,2017-03-23,07:50:00,7,JUEVES,4,MARZO,3,NO,NO CEDER EL DERECHO DE VIA O PREFERENCIA DE PASO A VEHICULOS.,CHOQUE LATERAL,CAMIONETA,0,0,0,0,1,0,0,0,1,0,0,0,0,2,28,HOMBRE,ILESO,CONDUCTOR PRESENTE,NO,NO,0
2062,6530,6531,2017,0,0,-0.252318,-78.539145,PICHINCHA,QUITO,QUITO,URBANA,2017-03-23,12:15:00,12,JUEVES,4,MARZO,3,NO,DEJAR O RECOGER PASAJEROS EN LUGARES NO PERMITIDOS.,ROZAMIENTOS,BUS,1,0,1,0,0,0,0,0,0,0,0,0,0,2,43,HOMBRE,ILESO,CONDUCTOR PRESENTE,NO,NO,0
2063,6531,6532,2017,1,0,-0.299429,-78.565718,PICHINCHA,QUITO,QUITO,URBANA,2017-03-23,12:16:00,12,JUEVES,4,MARZO,3,NO,NO CEDER EL DERECHO DE VIA O PREFERENCIA DE PASO AL PEATON.,ATROPELLOS,NO IDENTIFICADO,0,0,0,0,0,0,0,0,0,1,0,0,0,1,11,HOMBRE,LESIONADO,PEATON,NO,NO,0
2064,6532,6533,2017,1,0,-0.109369,-78.458375,PICHINCHA,QUITO,CALDERON (CARAPUNGO),RURAL,2017-03-23,12:20:00,12,JUEVES,4,MARZO,3,NO,PESO Y VOLUMEN - NO CUMPLIR CON LAS NORMAS DE SEGURIDAD NECESARIAS AL TRANSPORTAR CARGAS.,OTROS,CAMION,0,0,0,1,0,0,0,0,0,0,0,0,0,1,35,HOMBRE,LESIONADO,PEATON,NO,NO,3
2065,6533,6534,2017,0,0,-0.091585,-78.439052,PICHINCHA,QUITO,CALDERON (CARAPUNGO),RURAL,2017-03-23,12:20:00,12,JUEVES,4,MARZO,3,NO,REALIZAR CAMBIO BRUSCO O INDEBIDO DE CARRIL.,CHOQUE POSTERIOR,AUTOMOVIL,1,0,0,0,0,0,0,1,0,0,0,0,0,2,40,HOMBRE,ILESO,CONDUCTOR PRESENTE,NO,NO,3
2066,6537,6538,2017,1,0,-0.064051,-78.456951,PICHINCHA,QUITO,POMASQUI,URBANA,2017-03-23,14:30:00,14,JUEVES,4,MARZO,3,NO,NO TRANSITAR POR LAS ACERAS O ZONAS DE SEGURIDAD DESTINADAS PARA EL EFECTO.,ATROPELLOS,BUS,0,0,1,0,0,0,0,0,0,0,0,0,0,1,12,MUJER,LESIONADO,PEATON,NO,NO,0
2067,6538,6539,2017,1,0,-0.338377,-78.549676,PICHINCHA,QUITO,QUITO,URBANA,2017-03-23,14:30:00,14,JUEVES,4,MARZO,3,NO,NO CEDER EL DERECHO DE VIA O PREFERENCIA DE PASO AL PEATON.,ATROPELLOS,AUTOMOVIL,1,0,0,0,0,0,0,0,0,0,0,0,0,1,25,MUJER,LESIONADO,PEATON,NO,NO,0
2068,6543,6544,2017,1,0,-0.188475,-78.492143,PICHINCHA,QUITO,QUITO,URBANA,2017-03-23,15:05:00,15,JUEVES,4,MARZO,3,NO,NO CEDER EL DERECHO DE VIA O PREFERENCIA DE PASO AL PEATON.,ARROLLAMIENTOS,NO IDENTIFICADO,0,0,0,0,0,0,0,0,0,1,0,0,0,1,56,MUJER,LESIONADO,PEATON,NO,NO,0
2069,6544,6545,2017,0,0,-0.185011,-78.487161,PICHINCHA,QUITO,QUITO,URBANA,2017-03-23,16:00:00,16,JUEVES,4,MARZO,3,NO,"NO RESPETAR LAS SENIALES REGLAMENTARIAS DE TRANSITO. (PARE, CEDA EL PASO, LUZ ROJA DEL SEMAFORO, ETC).",CHOQUE LATERAL,AUTOMOVIL,2,0,0,0,0,0,0,0,0,0,0,0,0,2,55,HOMBRE,ILESO,CONDUCTOR PRESENTE,NO,NO,0
2070,6549,6550,2017,0,0,-0.263536,-78.487551,PICHINCHA,QUITO,CONOCOTO,RURAL,2017-03-23,16:45:00,16,JUEVES,4,MARZO,3,NO,NO MANTENER LA DISTANCIA PRUDENCIAL CON RESPECTO AL VEHICULO QUE LE ANTECEDE.,CHOQUE POSTERIOR,AUTOMOVIL,1,0,0,0,0,0,0,0,0,1,0,0,0,2,55,HOMBRE,ILESO,CONDUCTOR PRESENTE,NO,NO,3
2071,6550,6551,2017,0,0,-0.194571,-78.510559,PICHINCHA,QUITO,QUITO,URBANA,2017-03-23,16:45:00,16,JUEVES,4,MARZO,3,NO,DEJAR O RECOGER PASAJEROS EN LUGARES NO PERMITIDOS.,ROZAMIENTOS,AUTOMOVIL,2,0,0,0,0,0,0,0,0,0,0,0,0,2,45,HOMBRE,ILESO,CONDUCTOR PRESENTE,NO,NO,0
2072,6559,6560,2017,3,0,-0.346333,-78.438397,PICHINCHA,RUMINIAHUI,SANGOLQUI,URBANA,2017-03-23,18:20:00,18,JUEVES,4,MARZO,3,NO,"ADELANTAR O REBASAR A OTRO VEHICULO EN MOVIMIENTO EN ZONAS O SITIOS PELIGROSOS TALES COMO: CURVAS, PUENTES, TUNELES, PENDIENTES, ETC.",CHOQUE FRONTAL,MOTOCICLETA,0,0,0,1,0,0,0,0,1,0,0,0,0,2,23,MUJER,LESIONADO,PASAJERO,NO,NO,0
2073,6564,6565,2017,1,0,-0.164052,-78.471665,PICHINCHA,QUITO,QUITO,URBANA,2017-03-23,20:10:00,20,JUEVES,4,MARZO,3,NO,NO CEDER EL DERECHO DE VIA O PREFERENCIA DE PASO AL PEATON.,ATROPELLOS,NO IDENTIFICADO,0,0,0,0,0,0,0,0,0,1,0,0,0,1,56,HOMBRE,LESIONADO,PEATON,NO,NO,0
2074,6566,6567,2017,1,0,-0.153396,-78.484496,PICHINCHA,QUITO,QUITO,URBANA,2017-03-23,21:45:00,21,JUEVES,4,MARZO,3,NO,"NO RESPETAR LAS SENIALES REGLAMENTARIAS DE TRANSITO. (PARE, CEDA EL PASO, LUZ ROJA DEL SEMAFORO, ETC).",OTROS,NO IDENTIFICADO,0,0,0,0,0,0,0,0,0,2,0,0,0,2,45,HOMBRE,LESIONADO,PASAJERO,NO,NO,0
2075,6568,6569,2017,1,0,-0.148511,-78.477445,PICHINCHA,QUITO,QUITO,URBANA,2017-03-23,23:20:00,23,JUEVES,4,MARZO,3,NO,"NO RESPETAR LAS SENIALES REGLAMENTARIAS DE TRANSITO. (PARE, CEDA EL PASO, LUZ ROJA DEL SEMAFORO, ETC).",CHOQUE LATERAL,MOTOCICLETA,0,0,0,0,0,0,0,0,1,1,0,0,0,2,27,HOMBRE,LESIONADO,CONDUCTOR PRESENTE,NO,NO,0
2076,6575,6576,2017,0,0,-0.101208,-78.448001,PICHINCHA,QUITO,CALDERON (CARAPUNGO),RURAL,2017-03-24,00:00:00,0,VIERNES,5,MARZO,3,NO,NO MANTENER LA DISTANCIA PRUDENCIAL CON RESPECTO AL VEHICULO QUE LE ANTECEDE.,CHOQUE POSTERIOR,CAMIONETA,0,0,0,0,2,0,0,0,0,0,0,0,0,2,29,MUJER,ILESO,CONDUCTOR PRESENTE,NO,NO,3
2077,6576,6577,2017,0,0,-0.126245,-78.480937,PICHINCHA,QUITO,QUITO,URBANA,2017-03-24,00:35:00,0,VIERNES,5,MARZO,3,NO,"CONDUCE BAJO LA INFLUENCIA DE ALCOHOL, SUSTANCIAS ESTUPEFACIENTES O PSICOTROPICAS Y/O MEDICAMENTOS.",CHOQUE POSTERIOR,AUTOMOVIL,2,0,0,0,0,0,0,0,0,0,0,0,0,2,32,HOMBRE,ILESO,CONDUCTOR PRESENTE,NO,NO,0
2078,6581,6582,2017,0,0,-0.253833,-78.531027,PICHINCHA,QUITO,QUITO,URBANA,2017-03-24,04:30:00,4,VIERNES,5,MARZO,3,NO,"CONDUCIR EN ESTADO DE SOMNOLENCIA O MALAS CONDICIONES FISICAS (SUENIO, CANSANCIO Y FATIGA).",PERDIDA DE PISTA,AUTOMOVIL,1,0,0,0,0,0,0,0,0,0,0,0,0,1,-1,NO IDENTIFICADO,NO IDENTIFICADO,CONDUCTOR AUSENTE,NO,NO,2
2079,6582,6583,2017,1,1,0.096514,-78.189421,PICHINCHA,PEDRO MONCAYO,TUPIGACHI,URBANA,2017-03-24,04:50:00,4,VIERNES,5,MARZO,3,NO,REALIZAR CAMBIO BRUSCO O INDEBIDO DE CARRIL.,CHOQUE FRONTAL,CAMION,0,0,0,1,0,0,0,0,0,1,0,0,0,2,74,MUJER,FALLECIDO,PASAJERO,NO,NO,0
2080,6583,6584,2017,1,0,-0.260625,-78.546347,PICHINCHA,QUITO,QUITO,URBANA,2017-03-24,05:30:00,5,VIERNES,5,MARZO,3,NO,PEATON QUE CRUZA LA CALZADA SIN RESPETAR LA SENIALIZACION EXISTENTE (SEMAFOROS O SENIALES MANUALES).,PERDIDA DE PISTA,MOTOCICLETA,0,0,0,0,0,0,0,0,1,0,0,0,0,1,29,MUJER,LESIONADO,CONDUCTOR PRESENTE,NO,NO,0
2081,6584,6585,2017,2,0,-0.190026,-78.484381,PICHINCHA,QUITO,QUITO,URBANA,2017-03-24,05:50:00,5,VIERNES,5,MARZO,3,NO,"NO RESPETAR LAS SENIALES REGLAMENTARIAS DE TRANSITO. (PARE, CEDA EL PASO, LUZ ROJA DEL SEMAFORO, ETC).",CHOQUE LATERAL,AUTOMOVIL,2,0,0,0,0,0,0,0,0,0,0,0,0,2,22,MUJER,LESIONADO,PASAJERO,NO,NO,0
2082,6585,6586,2017,1,0,0.017769,-78.474833,PICHINCHA,QUITO,SAN ANTONIO (QUITO),URBANA,2017-03-24,06:00:00,6,VIERNES,5,MARZO,3,NO,"CONDICIONES AMBIENTALES Y/O ATMOSFERICAS (NIEBLA, NEBLINA, GRANIZO, LLUVIA).",CHOQUE POSTERIOR,BUS,0,0,1,0,0,0,0,0,0,1,0,0,0,2,36,HOMBRE,LESIONADO,CONDUCTOR PRESENTE,NO,NO,0
2083,6587,6588,2017,0,0,-0.260059,-78.522887,PICHINCHA,QUITO,QUITO,URBANA,2017-03-24,06:55:00,6,VIERNES,5,MARZO,3,NO,"NO RESPETAR LAS SENIALES REGLAMENTARIAS DE TRANSITO. (PARE, CEDA EL PASO, LUZ ROJA DEL SEMAFORO, ETC).",CHOQUE LATERAL,CAMIONETA,1,0,0,0,1,0,0,0,0,0,0,0,0,2,42,HOMBRE,ILESO,CONDUCTOR PRESENTE,NO,NO,0
2084,6589,6590,2017,2,0,-0.121935,-78.491561,PICHINCHA,QUITO,QUITO,URBANA,2017-03-24,07:10:00,7,VIERNES,5,MARZO,3,NO,"NO RESPETAR LAS SENIALES REGLAMENTARIAS DE TRANSITO. (PARE, CEDA EL PASO, LUZ ROJA DEL SEMAFORO, ETC).",CHOQUE LATERAL,MOTOCICLETA,1,0,0,0,0,0,0,0,1,0,0,0,0,2,34,MUJER,LESIONADO,CONDUCTOR PRESENTE,NO,NO,0
2085,6590,6591,2017,1,0,-0.223576,-78.510911,PICHINCHA,QUITO,QUITO,URBANA,2017-03-24,07:30:00,7,VIERNES,5,MARZO,3,NO,REALIZAR CAMBIO BRUSCO O INDEBIDO DE CARRIL.,CHOQUE LATERAL,MOTOCICLETA,1,0,0,0,0,0,0,0,1,0,0,0,0,2,26,HOMBRE,LESIONADO,CONDUCTOR PRESENTE,NO,NO,0
2086,6591,6592,2017,1,0,-0.172625,-78.423626,PICHINCHA,QUITO,NAYON,RURAL,2017-03-24,07:30:00,7,VIERNES,5,MARZO,3,NO,"CONDUCIR DESATENTO A LAS CONDICIONES DE TRANSITO (CELULAR, PANTALLAS DE VIDEO, COMIDA, MAQUILLAJE O CUALQUIER OTRO ELEMENTO DISTRACTOR).",CAIDA DE PASAJERO,NO IDENTIFICADO,0,0,0,0,0,0,0,0,0,1,0,0,0,1,42,HOMBRE,LESIONADO,PASAJERO,NO,NO,3
2087,6592,6593,2017,0,0,-0.134499,-78.474058,PICHINCHA,QUITO,QUITO,URBANA,2017-03-24,07:45:00,7,VIERNES,5,MARZO,3,NO,NO MANTENER LA DISTANCIA PRUDENCIAL CON RESPECTO AL VEHICULO QUE LE ANTECEDE.,OTROS,AUTOMOVIL,1,0,0,0,0,0,0,0,0,1,0,0,0,2,26,HOMBRE,ILESO,CONDUCTOR PRESENTE,NO,NO,0
2088,6595,6596,2017,1,0,-0.188532,-78.492028,PICHINCHA,QUITO,QUITO,URBANA,2017-03-24,07:55:00,7,VIERNES,5,MARZO,3,NO,NO CEDER EL DERECHO DE VIA O PREFERENCIA DE PASO A VEHICULOS.,CHOQUE LATERAL,AUTOMOVIL,2,0,0,0,0,0,0,0,0,0,0,0,0,2,41,HOMBRE,LESIONADO,CONDUCTOR PRESENTE,NO,NO,0
2089,6611,6612,2017,3,0,-0.143296,-78.506612,PICHINCHA,QUITO,QUITO,URBANA,2017-03-24,12:25:00,12,VIERNES,5,MARZO,3,NO,"CONDUCIR DESATENTO A LAS CONDICIONES DE TRANSITO (CELULAR, PANTALLAS DE VIDEO, COMIDA, MAQUILLAJE O CUALQUIER OTRO ELEMENTO DISTRACTOR).",ESTRELLAMIENTOS,CAMION,0,0,0,1,0,0,0,0,0,0,0,0,0,1,46,HOMBRE,LESIONADO,CONDUCTOR PRESENTE,NO,NO,0
2090,6612,6613,2017,1,0,-0.314532,-78.558336,PICHINCHA,QUITO,QUITO,URBANA,2017-03-24,12:30:00,12,VIERNES,5,MARZO,3,NO,NO CEDER EL DERECHO DE VIA O PREFERENCIA DE PASO AL PEATON.,ATROPELLOS,MOTOCICLETA,0,0,0,0,0,0,0,0,1,0,0,0,0,1,45,MUJER,LESIONADO,PEATON,NO,NO,0
2091,6613,6614,2017,0,0,-0.308006,-78.559416,PICHINCHA,QUITO,QUITO,URBANA,2017-03-24,12:35:00,12,VIERNES,5,MARZO,3,NO,NO CEDER EL DERECHO DE VIA O PREFERENCIA DE PASO A VEHICULOS.,CHOQUE LATERAL,MOTOCICLETA,0,0,0,0,0,0,0,0,1,1,0,0,0,2,-1,HOMBRE,ILESO,CONDUCTOR PRESENTE,NO,NO,0
2092,6618,6619,2017,0,0,-0.225793,-78.511498,PICHINCHA,QUITO,QUITO,URBANA,2017-03-24,13:50:00,13,VIERNES,5,MARZO,3,NO,PEATON QUE CRUZA LA CALZADA SIN RESPETAR LA SENIALIZACION EXISTENTE (SEMAFOROS O SENIALES MANUALES).,ESTRELLAMIENTOS,CAMIONETA,0,0,0,0,1,0,0,0,0,0,0,0,0,1,23,HOMBRE,ILESO,CONDUCTOR PRESENTE,NO,NO,0
2093,6620,6621,2017,0,0,-0.190653,-78.480906,PICHINCHA,QUITO,QUITO,URBANA,2017-03-24,14:00:00,14,VIERNES,5,MARZO,3,NO,NO MANTENER LA DISTANCIA PRUDENCIAL CON RESPECTO AL VEHICULO QUE LE ANTECEDE.,CHOQUE POSTERIOR,VEHICULO DEPORTIVO UTILITARIO,0,0,0,0,0,0,0,0,0,0,0,0,2,2,33,MUJER,ILESO,CONDUCTOR PRESENTE,NO,NO,0
2094,6622,6623,2017,1,0,-0.282922,-78.554163,PICHINCHA,QUITO,QUITO,URBANA,2017-03-24,14:15:00,14,VIERNES,5,MARZO,3,NO,NO CEDER EL DERECHO DE VIA O PREFERENCIA DE PASO AL PEATON.,ATROPELLOS,NO IDENTIFICADO,0,0,0,0,0,0,0,0,0,1,0,0,0,1,7,MUJER,LESIONADO,PEATON,NO,NO,0
2095,6625,6626,2017,0,0,-0.195554,-78.502033,PICHINCHA,QUITO,QUITO,URBANA,2017-03-24,14:55:00,14,VIERNES,5,MARZO,3,NO,"NO RESPETAR LAS SENIALES REGLAMENTARIAS DE TRANSITO. (PARE, CEDA EL PASO, LUZ ROJA DEL SEMAFORO, ETC).",CHOQUE LATERAL,CAMIONETA,0,0,1,0,1,0,0,0,0,0,0,0,0,2,35,HOMBRE,ILESO,CONDUCTOR PRESENTE,NO,NO,0
2096,6633,6634,2017,0,0,-0.244435,-78.482091,PICHINCHA,QUITO,QUITO,RURAL,2017-03-24,15:15:00,15,VIERNES,5,MARZO,3,NO,REALIZAR CAMBIO BRUSCO O INDEBIDO DE CARRIL.,CHOQUE LATERAL,AUTOMOVIL,1,0,0,0,1,0,0,0,0,0,0,0,0,2,24,HOMBRE,ILESO,CONDUCTOR PRESENTE,NO,NO,3
2097,6634,6635,2017,0,0,-0.206438,-78.370261,PICHINCHA,QUITO,PUEMBO,RURAL,2017-03-24,15:30:00,15,VIERNES,5,MARZO,3,NO,NO GUARDAR LA DISTANCIA LATERAL MINIMA DE SEGURIDAD ENTRE VEHICULOS.,ROZAMIENTOS,CAMION,0,0,0,1,0,0,0,0,0,1,0,0,0,2,42,HOMBRE,ILESO,CONDUCTOR PRESENTE,NO,NO,3
2098,6640,6641,2017,1,0,-0.129369,-78.525789,PICHINCHA,QUITO,QUITO,URBANA,2017-03-24,16:15:00,16,VIERNES,5,MARZO,3,NO,REALIZAR CAMBIO BRUSCO O INDEBIDO DE CARRIL.,COLISION,FURGONETA,0,0,0,0,1,0,0,1,0,0,0,0,0,2,75,HOMBRE,LESIONADO,PASAJERO,NO,NO,0
2099,6645,6646,2017,0,0,-0.150099,-78.453481,PICHINCHA,QUITO,QUITO,RURAL,2017-03-24,17:30:00,17,VIERNES,5,MARZO,3,NO,"ADELANTAR O REBASAR A OTRO VEHICULO EN MOVIMIENTO EN ZONAS O SITIOS PELIGROSOS TALES COMO: CURVAS, PUENTES, TUNELES, PENDIENTES, ETC.",CHOQUE POSTERIOR,VEHICULO DEPORTIVO UTILITARIO,1,0,0,0,0,0,0,0,0,0,0,0,1,2,52,HOMBRE,ILESO,CONDUCTOR PRESENTE,NO,NO,3