,Unnamed: 0,ID,ANIO,LESIONADOS,FALLECIDOS,LATITUD_Y,LONGITUD_X,PROVINCIA,CANTON,PARROQUIA,ZONA,FECHA,HORA,PERIODO_2,DIA_1,DIA_2,MES_1,MES_2,FERIADO,CAUSA_PROBABLE,TIPO_DE_SINIESTRO,TIPO_DE_VEHICULO_1,AUTOMOVIL,BICICLETA,BUS,CAMION,CAMIONETA,EMERGENCIAS,ESPECIAL,FURGONETA,MOTOCICLETA,NO_IDENTIFICADO,SCOOTER_ELECTRICO,TRICIMOTO,VEHICULO_DEPORTIVO_UTILITARIO,SUMA_DE_VEHICULOS,EDAD_1,SEXO_1,CONDICION_1,PARTICIPANTE_1,CASCO_1,CINTURON_1,KMeans_Cluster
2158,6801,6802,2017,0,0,-0.219358,-78.496909,PICHINCHA,QUITO,QUITO,URBANA,2017-03-26,11:20:00,11,DOMINGO,7,MARZO,3,NO,"CONDUCIR DESATENTO A LAS CONDICIONES DE TRANSITO (CELULAR, PANTALLAS DE VIDEO, COMIDA, MAQUILLAJE O CUALQUIER OTRO ELEMENTO DISTRACTOR).",ESTRELLAMIENTOS,VEHICULO DEPORTIVO UTILITARIO,1,0,0,0,0,0,0,0,0,0,0,0,1,2,-1,NO IDENTIFICADO,NO IDENTIFICADO,CONDUCTOR AUSENTE,NO,NO,2
2159,6804,6805,2017,0,0,-0.289481,-78.538553,PICHINCHA,QUITO,QUITO,URBANA,2017-03-26,12:00:00,12,DOMINGO,7,MARZO,3,NO,"NO RESPETAR LAS SENIALES REGLAMENTARIAS DE TRANSITO. (PARE, CEDA EL PASO, LUZ ROJA DEL SEMAFORO, ETC).",CHOQUE LATERAL,AUTOMOVIL,1,0,0,0,0,0,0,0,0,1,0,0,0,2,39,HOMBRE,ILESO,CONDUCTOR PRESENTE,NO,NO,0
2160,6805,6806,2017,0,0,-0.191015,-78.508034,PICHINCHA,QUITO,QUITO,URBANA,2017-03-26,12:55:00,12,DOMINGO,7,MARZO,3,NO,NO CEDER EL DERECHO DE VIA O PREFERENCIA DE PASO A VEHICULOS.,CHOQUE LATERAL,AUTOMOVIL,2,0,0,0,0,0,0,0,0,0,0,0,0,2,76,HOMBRE,ILESO,CONDUCTOR PRESENTE,NO,NO,0
2161,6810,6811,2017,0,0,-0.182011,-78.478652,PICHINCHA,QUITO,QUITO,URBANA,2017-03-26,13:30:00,13,DOMINGO,7,MARZO,3,NO,"CONDUCIR DESATENTO A LAS CONDICIONES DE TRANSITO (CELULAR, PANTALLAS DE VIDEO, COMIDA, MAQUILLAJE O CUALQUIER OTRO ELEMENTO DISTRACTOR).",OTROS,AUTOMOVIL,1,0,0,0,0,0,0,0,0,1,0,0,0,2,26,MUJER,ILESO,CONDUCTOR PRESENTE,NO,NO,0
2162,6819,6820,2017,1,0,-0.268706,-78.528494,PICHINCHA,QUITO,QUITO,URBANA,2017-03-26,17:30:00,17,DOMINGO,7,MARZO,3,NO,NO CEDER EL DERECHO DE VIA O PREFERENCIA DE PASO AL PEATON.,ATROPELLOS,CAMIONETA,0,0,0,0,1,0,0,0,0,0,0,0,0,1,62,HOMBRE,LESIONADO,PEATON,NO,NO,0
2163,6823,6824,2017,1,0,-0.224087,-78.507253,PICHINCHA,QUITO,QUITO,URBANA,2017-03-26,19:35:00,19,DOMINGO,7,MARZO,3,NO,NO MANTENER LA DISTANCIA PRUDENCIAL CON RESPECTO AL VEHICULO QUE LE ANTECEDE.,CHOQUE POSTERIOR,AUTOMOVIL,2,0,0,0,0,0,0,0,0,0,0,0,0,2,58,MUJER,LESIONADO,PASAJERO,NO,NO,0
2164,6832,6833,2017,1,0,-0.244294,-78.509401,PICHINCHA,QUITO,QUITO,URBANA,2017-03-26,21:45:00,21,DOMINGO,7,MARZO,3,NO,PEATON QUE CRUZA LA CALZADA SIN RESPETAR LA SENIALIZACION EXISTENTE (SEMAFOROS O SENIALES MANUALES).,ATROPELLOS,BICICLETA,0,1,0,0,0,0,0,0,0,0,0,0,0,1,18,HOMBRE,LESIONADO,PEATON,NO,NO,0
2165,6834,6835,2017,0,0,-0.177282,-78.359537,PICHINCHA,QUITO,PUEMBO,RURAL,2017-03-26,22:10:00,22,DOMINGO,7,MARZO,3,NO,"CONDUCIR DESATENTO A LAS CONDICIONES DE TRANSITO (CELULAR, PANTALLAS DE VIDEO, COMIDA, MAQUILLAJE O CUALQUIER OTRO ELEMENTO DISTRACTOR).",ESTRELLAMIENTOS,AUTOMOVIL,1,0,0,0,0,0,0,0,0,0,0,0,1,2,30,HOMBRE,ILESO,CONDUCTOR PRESENTE,NO,NO,3
2166,6836,6837,2017,0,0,-0.212824,-78.402686,PICHINCHA,QUITO,TUMBACO,RURAL,2017-03-26,22:40:00,22,DOMINGO,7,MARZO,3,NO,"CONDUCIR DESATENTO A LAS CONDICIONES DE TRANSITO (CELULAR, PANTALLAS DE VIDEO, COMIDA, MAQUILLAJE O CUALQUIER OTRO ELEMENTO DISTRACTOR).",ESTRELLAMIENTOS,AUTOMOVIL,1,0,0,0,0,0,0,0,0,0,0,0,0,1,-1,NO IDENTIFICADO,NO IDENTIFICADO,CONDUCTOR AUSENTE,NO,NO,2
2167,6838,6839,2017,0,0,-0.196669,-78.466599,PICHINCHA,QUITO,QUITO,RURAL,2017-03-27,03:44:00,3,LUNES,1,MARZO,3,NO,"CONDUCIR EN ESTADO DE SOMNOLENCIA O MALAS CONDICIONES FISICAS (SUENIO, CANSANCIO Y FATIGA).",ESTRELLAMIENTOS,AUTOMOVIL,1,0,0,0,0,0,0,0,0,0,0,0,0,1,-1,NO IDENTIFICADO,NO IDENTIFICADO,CONDUCTOR AUSENTE,NO,NO,2
2168,6840,6841,2017,1,0,-0.328479,-78.522294,PICHINCHA,QUITO,QUITO,URBANA,2017-03-27,05:40:00,5,LUNES,1,MARZO,3,NO,NO TRANSITAR POR LAS ACERAS O ZONAS DE SEGURIDAD DESTINADAS PARA EL EFECTO.,ATROPELLOS,MOTOCICLETA,0,0,0,0,0,0,0,0,1,0,0,0,0,1,19,HOMBRE,LESIONADO,PEATON,NO,NO,0
2169,6841,6842,2017,0,0,-0.339141,-78.434159,PICHINCHA,RUMINIAHUI,SANGOLQUI,URBANA,2017-03-27,05:45:00,5,LUNES,1,MARZO,3,NO,NO CEDER EL DERECHO DE VIA O PREFERENCIA DE PASO A VEHICULOS.,CHOQUE LATERAL,CAMION,0,0,0,1,0,0,0,0,0,0,0,0,1,2,51,HOMBRE,ILESO,CONDUCTOR PRESENTE,NO,NO,0
2170,6843,6844,2017,2,0,-0.286392,-78.537859,PICHINCHA,QUITO,QUITO,URBANA,2017-03-27,06:40:00,6,LUNES,1,MARZO,3,NO,"NO RESPETAR LAS SENIALES REGLAMENTARIAS DE TRANSITO. (PARE, CEDA EL PASO, LUZ ROJA DEL SEMAFORO, ETC).",CHOQUE LATERAL,AUTOMOVIL,1,0,0,0,0,0,0,0,1,0,0,0,0,2,37,MUJER,LESIONADO,PASAJERO,NO,NO,0
2171,6844,6845,2017,0,0,-0.133309,-78.494043,PICHINCHA,QUITO,QUITO,URBANA,2017-03-27,07:29:00,7,LUNES,1,MARZO,3,NO,CONDUCIR VEHICULO SUPERANDO LOS LIMITES MAXIMOS DE VELOCIDAD.,ESTRELLAMIENTOS,AUTOMOVIL,1,0,0,0,0,0,0,0,0,0,0,0,0,1,-1,NO IDENTIFICADO,NO IDENTIFICADO,CONDUCTOR AUSENTE,NO,NO,2
2172,6845,6846,2017,1,0,-0.224261,-78.412825,PICHINCHA,QUITO,TUMBACO,RURAL,2017-03-27,07:30:00,7,LUNES,1,MARZO,3,NO,NO CEDER EL DERECHO DE VIA O PREFERENCIA DE PASO A VEHICULOS.,CHOQUE LATERAL,AUTOMOVIL,1,0,0,0,0,0,0,0,0,0,0,0,1,2,59,HOMBRE,LESIONADO,PASAJERO,NO,NO,3
2173,6846,6847,2017,2,0,-0.292724,-78.476486,PICHINCHA,QUITO,CONOCOTO,RURAL,2017-03-27,07:33:00,7,LUNES,1,MARZO,3,NO,"NO RESPETAR LAS SENIALES REGLAMENTARIAS DE TRANSITO. (PARE, CEDA EL PASO, LUZ ROJA DEL SEMAFORO, ETC).",COLISION,VEHICULO DEPORTIVO UTILITARIO,1,0,0,0,0,0,0,0,0,0,0,0,2,3,16,MUJER,LESIONADO,PASAJERO,NO,NO,3
2174,6848,6849,2017,0,0,-0.099083,-78.421844,PICHINCHA,QUITO,CALDERON (CARAPUNGO),RURAL,2017-03-27,08:10:00,8,LUNES,1,MARZO,3,NO,"NO RESPETAR LAS SENIALES REGLAMENTARIAS DE TRANSITO. (PARE, CEDA EL PASO, LUZ ROJA DEL SEMAFORO, ETC).",CHOQUE LATERAL,AUTOMOVIL,1,0,0,0,1,0,0,0,0,0,0,0,0,2,47,HOMBRE,ILESO,CONDUCTOR PRESENTE,NO,NO,3
2175,6849,6850,2017,0,0,-0.232366,-78.503038,PICHINCHA,QUITO,QUITO,URBANA,2017-03-27,08:15:00,8,LUNES,1,MARZO,3,NO,PEATON QUE CRUZA LA CALZADA SIN RESPETAR LA SENIALIZACION EXISTENTE (SEMAFOROS O SENIALES MANUALES).,ATROPELLOS,AUTOMOVIL,1,0,0,0,0,0,0,0,0,0,0,0,0,1,31,MUJER,ILESO,CONDUCTOR PRESENTE,NO,NO,0
2176,6850,6851,2017,0,0,-0.097891,-78.483413,PICHINCHA,QUITO,QUITO,URBANA,2017-03-27,08:25:00,8,LUNES,1,MARZO,3,NO,NO CEDER EL DERECHO DE VIA O PREFERENCIA DE PASO A VEHICULOS.,CHOQUE LATERAL,AUTOMOVIL,2,0,0,0,0,0,0,0,0,0,0,0,0,2,55,MUJER,ILESO,CONDUCTOR PRESENTE,NO,NO,0
2177,6853,6854,2017,1,0,-0.249018,-78.536667,PICHINCHA,QUITO,QUITO,URBANA,2017-03-27,10:50:00,10,LUNES,1,MARZO,3,NO,"NO RESPETAR LAS SENIALES REGLAMENTARIAS DE TRANSITO. (PARE, CEDA EL PASO, LUZ ROJA DEL SEMAFORO, ETC).",COLISION,AUTOMOVIL,1,0,0,0,0,0,0,0,2,0,0,0,0,3,39,HOMBRE,LESIONADO,CONDUCTOR PRESENTE,NO,NO,0
2178,6856,6857,2017,1,0,-0.172444,-78.489245,PICHINCHA,QUITO,QUITO,URBANA,2017-03-27,11:30:00,11,LUNES,1,MARZO,3,NO,NO MANTENER LA DISTANCIA PRUDENCIAL CON RESPECTO AL VEHICULO QUE LE ANTECEDE.,CHOQUE POSTERIOR,MOTOCICLETA,0,0,0,0,0,0,0,0,1,1,0,0,0,2,42,HOMBRE,LESIONADO,CONDUCTOR PRESENTE,NO,NO,0
2179,6859,6860,2017,0,0,-0.215119,-78.405568,PICHINCHA,QUITO,TUMBACO,RURAL,2017-03-27,12:46:00,12,LUNES,1,MARZO,3,NO,NO MANTENER LA DISTANCIA PRUDENCIAL CON RESPECTO AL VEHICULO QUE LE ANTECEDE.,CHOQUE POSTERIOR,AUTOMOVIL,1,0,0,0,0,0,0,0,0,0,0,0,1,2,53,HOMBRE,ILESO,CONDUCTOR PRESENTE,NO,NO,3
2180,6861,6862,2017,0,0,-0.287819,-78.537819,PICHINCHA,QUITO,QUITO,URBANA,2017-03-27,13:10:00,13,LUNES,1,MARZO,3,NO,"NO RESPETAR LAS SENIALES REGLAMENTARIAS DE TRANSITO. (PARE, CEDA EL PASO, LUZ ROJA DEL SEMAFORO, ETC).",CHOQUE LATERAL,AUTOMOVIL,1,0,0,0,1,0,0,0,0,0,0,0,0,2,26,HOMBRE,ILESO,CONDUCTOR PRESENTE,NO,NO,0
2181,6863,6864,2017,1,0,-0.219598,-78.520671,PICHINCHA,QUITO,QUITO,URBANA,2017-03-27,13:13:00,13,LUNES,1,MARZO,3,NO,NO TRANSITAR POR LAS ACERAS O ZONAS DE SEGURIDAD DESTINADAS PARA EL EFECTO.,ATROPELLOS,VEHICULO DEPORTIVO UTILITARIO,0,0,0,0,0,0,0,0,0,0,0,0,1,1,8,MUJER,LESIONADO,PEATON,NO,NO,0
2182,6866,6867,2017,1,0,0.088914,-79.261393,PICHINCHA,PUERTO QUITO,PUERTO QUITO,RURAL,2017-03-27,14:30:00,14,LUNES,1,MARZO,3,NO,"ADELANTAR O REBASAR A OTRO VEHICULO EN MOVIMIENTO EN ZONAS O SITIOS PELIGROSOS TALES COMO: CURVAS, PUENTES, TUNELES, PENDIENTES, ETC.",CHOQUE FRONTAL,MOTOCICLETA,0,0,0,0,0,0,0,0,1,0,0,0,1,2,40,HOMBRE,LESIONADO,CONDUCTOR PRESENTE,NO,NO,3
2183,6867,6868,2017,1,3,-0.289913,-78.537629,PICHINCHA,QUITO,QUITO,URBANA,2017-03-27,15:05:00,15,LUNES,1,MARZO,3,NO,CONDUCIR VEHICULO SUPERANDO LOS LIMITES MAXIMOS DE VELOCIDAD.,COLISION,AUTOMOVIL,2,0,0,1,0,0,0,0,0,0,0,0,0,3,32,HOMBRE,FALLECIDO,PASAJERO,NO,NO,0
2184,6869,6870,2017,0,0,-0.288875,-78.488519,PICHINCHA,QUITO,CONOCOTO,RURAL,2017-03-27,16:00:00,16,LUNES,1,MARZO,3,NO,NO MANTENER LA DISTANCIA PRUDENCIAL CON RESPECTO AL VEHICULO QUE LE ANTECEDE.,CHOQUE POSTERIOR,AUTOMOVIL,1,0,0,0,0,0,0,0,0,1,0,0,0,2,24,MUJER,ILESO,CONDUCTOR PRESENTE,NO,NO,3
2185,6870,6871,2017,0,0,-0.181614,-78.486655,PICHINCHA,QUITO,QUITO,URBANA,2017-03-27,16:20:00,16,LUNES,1,MARZO,3,NO,NO MANTENER LA DISTANCIA PRUDENCIAL CON RESPECTO AL VEHICULO QUE LE ANTECEDE.,CHOQUE POSTERIOR,MOTOCICLETA,1,0,0,0,0,0,0,0,1,0,0,0,0,2,31,HOMBRE,ILESO,CONDUCTOR PRESENTE,NO,NO,0
2186,6872,6873,2017,0,0,-0.186758,-78.479457,PICHINCHA,QUITO,QUITO,URBANA,2017-03-27,16:50:00,16,LUNES,1,MARZO,3,NO,NO MANTENER LA DISTANCIA PRUDENCIAL CON RESPECTO AL VEHICULO QUE LE ANTECEDE.,CHOQUE POSTERIOR,AUTOMOVIL,1,0,0,0,0,0,0,0,0,1,0,0,0,2,36,MUJER,ILESO,CONDUCTOR PRESENTE,NO,NO,0
2187,6874,6875,2017,0,0,-0.162831,-78.486035,PICHINCHA,QUITO,QUITO,URBANA,2017-03-27,17:50:00,17,LUNES,1,MARZO,3,NO,"ADELANTAR O REBASAR A OTRO VEHICULO EN MOVIMIENTO EN ZONAS O SITIOS PELIGROSOS TALES COMO: CURVAS, PUENTES, TUNELES, PENDIENTES, ETC.",ESTRELLAMIENTOS,CAMION,1,0,0,1,0,0,0,0,0,0,0,0,0,2,46,HOMBRE,ILESO,CONDUCTOR PRESENTE,NO,NO,0
2188,6877,6878,2017,0,0,-0.327598,-78.549273,PICHINCHA,QUITO,QUITO,URBANA,2017-03-27,18:35:00,18,LUNES,1,MARZO,3,NO,NO MANTENER LA DISTANCIA PRUDENCIAL CON RESPECTO AL VEHICULO QUE LE ANTECEDE.,CHOQUE POSTERIOR,CAMIONETA,1,0,0,0,1,0,0,0,0,0,0,0,0,2,38,HOMBRE,ILESO,CONDUCTOR PRESENTE,NO,NO,0
2189,6879,6880,2017,0,0,-0.227562,-78.407151,PICHINCHA,QUITO,TUMBACO,RURAL,2017-03-27,18:50:00,18,LUNES,1,MARZO,3,NO,CONDUCIR VEHICULO SUPERANDO LOS LIMITES MAXIMOS DE VELOCIDAD.,VOLCAMIENTOS,CAMION,0,0,0,1,0,0,0,0,0,0,0,0,0,1,36,HOMBRE,ILESO,CONDUCTOR PRESENTE,NO,NO,3
2190,6880,6881,2017,0,0,-0.095578,-78.489153,PICHINCHA,QUITO,QUITO,URBANA,2017-03-27,19:30:00,19,LUNES,1,MARZO,3,NO,"CONDUCE BAJO LA INFLUENCIA DE ALCOHOL, SUSTANCIAS ESTUPEFACIENTES O PSICOTROPICAS Y/O MEDICAMENTOS.",ESTRELLAMIENTOS,CAMIONETA,1,0,0,0,1,0,0,0,0,0,0,0,0,2,71,HOMBRE,ILESO,CONDUCTOR PRESENTE,NO,NO,0
2191,6884,6885,2017,2,0,-0.263053,-78.507339,PICHINCHA,QUITO,QUITO,URBANA,2017-03-27,21:30:00,21,LUNES,1,MARZO,3,NO,CONDUCIR VEHICULO SUPERANDO LOS LIMITES MAXIMOS DE VELOCIDAD.,VOLCAMIENTOS,MOTOCICLETA,0,0,0,0,0,0,0,0,1,0,0,0,0,1,29,HOMBRE,LESIONADO,CONDUCTOR PRESENTE,NO,NO,0
2192,6887,6888,2017,1,0,-0.327991,-78.477029,PICHINCHA,RUMINIAHUI,SANGOLQUI,URBANA,2017-03-27,22:00:00,22,LUNES,1,MARZO,3,NO,"NO RESPETAR LAS SENIALES REGLAMENTARIAS DE TRANSITO. (PARE, CEDA EL PASO, LUZ ROJA DEL SEMAFORO, ETC).",CHOQUE LATERAL,MOTOCICLETA,0,0,0,0,1,0,0,0,1,0,0,0,0,2,24,MUJER,LESIONADO,PASAJERO,NO,NO,0
2193,6889,6890,2017,1,0,-0.243301,-78.519933,PICHINCHA,QUITO,QUITO,URBANA,2017-03-28,00:06:00,0,MARTES,2,MARZO,3,NO,"NO RESPETAR LAS SENIALES REGLAMENTARIAS DE TRANSITO. (PARE, CEDA EL PASO, LUZ ROJA DEL SEMAFORO, ETC).",ATROPELLOS,NO IDENTIFICADO,0,0,0,0,0,0,0,0,0,1,0,0,0,1,4,HOMBRE,LESIONADO,PEATON,NO,NO,0
2194,6894,6895,2017,1,0,-0.119451,-78.506659,PICHINCHA,QUITO,QUITO,URBANA,2017-03-28,06:28:00,6,MARTES,2,MARZO,3,NO,"NO RESPETAR LAS SENIALES REGLAMENTARIAS DE TRANSITO. (PARE, CEDA EL PASO, LUZ ROJA DEL SEMAFORO, ETC).",COLISION,AUTOMOVIL,1,0,1,0,0,0,0,0,1,0,0,0,0,3,22,HOMBRE,LESIONADO,CONDUCTOR PRESENTE,NO,NO,0
2195,6896,6897,2017,0,0,-0.104119,-78.462779,PICHINCHA,QUITO,QUITO,RURAL,2017-03-28,06:35:00,6,MARTES,2,MARZO,3,NO,NO MANTENER LA DISTANCIA PRUDENCIAL CON RESPECTO AL VEHICULO QUE LE ANTECEDE.,CHOQUE POSTERIOR,AUTOMOVIL,1,0,0,0,0,0,0,0,0,0,0,0,1,2,47,HOMBRE,ILESO,CONDUCTOR PRESENTE,NO,NO,3
2196,6898,6899,2017,0,0,-0.158271,-78.470081,PICHINCHA,QUITO,QUITO,RURAL,2017-03-28,07:00:00,7,MARTES,2,MARZO,3,NO,NO MANTENER LA DISTANCIA PRUDENCIAL CON RESPECTO AL VEHICULO QUE LE ANTECEDE.,COLISION,AUTOMOVIL,2,0,0,0,0,0,0,0,0,1,0,0,0,3,4,HOMBRE,ILESO,CONDUCTOR PRESENTE,NO,NO,3
2197,6902,6903,2017,0,0,-0.254686,-78.504316,PICHINCHA,QUITO,QUITO,URBANA,2017-03-28,07:30:00,7,MARTES,2,MARZO,3,NO,"CONDUCIR DESATENTO A LAS CONDICIONES DE TRANSITO (CELULAR, PANTALLAS DE VIDEO, COMIDA, MAQUILLAJE O CUALQUIER OTRO ELEMENTO DISTRACTOR).",ATROPELLOS,NO IDENTIFICADO,0,0,0,0,0,0,0,0,0,1,0,0,0,1,40,HOMBRE,ILESO,PEATON,NO,NO,0
2198,6906,6907,2017,0,0,-0.150393,-78.453592,PICHINCHA,QUITO,QUITO,RURAL,2017-03-28,08:10:00,8,MARTES,2,MARZO,3,NO,NO MANTENER LA DISTANCIA PRUDENCIAL CON RESPECTO AL VEHICULO QUE LE ANTECEDE.,CHOQUE POSTERIOR,AUTOMOVIL,2,0,0,0,0,0,0,0,0,0,0,0,0,2,49,HOMBRE,ILESO,CONDUCTOR PRESENTE,NO,NO,3
2199,6907,6908,2017,0,0,-0.203656,-78.483223,PICHINCHA,QUITO,QUITO,URBANA,2017-03-28,08:10:00,8,MARTES,2,MARZO,3,NO,NO GUARDAR LA DISTANCIA LATERAL MINIMA DE SEGURIDAD ENTRE VEHICULOS.,ROZAMIENTOS,VEHICULO DEPORTIVO UTILITARIO,1,0,0,0,0,0,0,0,0,0,0,0,1,2,78,HOMBRE,ILESO,CONDUCTOR PRESENTE,NO,NO,0
2200,6910,6911,2017,0,0,-0.206518,-78.494387,PICHINCHA,QUITO,QUITO,URBANA,2017-03-28,09:30:00,9,MARTES,2,MARZO,3,NO,"NO RESPETAR LAS SENIALES REGLAMENTARIAS DE TRANSITO. (PARE, CEDA EL PASO, LUZ ROJA DEL SEMAFORO, ETC).",CHOQUE LATERAL,VEHICULO DEPORTIVO UTILITARIO,1,0,0,0,0,0,0,0,0,0,0,0,1,2,32,HOMBRE,ILESO,CONDUCTOR PRESENTE,NO,NO,0
2201,6914,6915,2017,0,0,-0.164593,-78.482017,PICHINCHA,QUITO,QUITO,URBANA,2017-03-28,11:05:00,11,MARTES,2,MARZO,3,NO,"NO RESPETAR LAS SENIALES REGLAMENTARIAS DE TRANSITO. (PARE, CEDA EL PASO, LUZ ROJA DEL SEMAFORO, ETC).",CHOQUE LATERAL,AUTOMOVIL,1,0,0,0,0,0,0,0,0,0,0,0,1,2,58,MUJER,ILESO,CONDUCTOR PRESENTE,NO,NO,0
2202,6916,6917,2017,3,0,-0.227709,-78.494606,PICHINCHA,QUITO,QUITO,URBANA,2017-03-28,11:10:00,11,MARTES,2,MARZO,3,NO,CONDUCIR VEHICULO SUPERANDO LOS LIMITES MAXIMOS DE VELOCIDAD.,COLISION,AUTOMOVIL,1,0,0,0,0,0,0,0,0,1,0,0,1,3,60,MUJER,LESIONADO,PASAJERO,NO,NO,0
2203,6918,6919,2017,0,0,-0.109351,-78.458267,PICHINCHA,QUITO,CALDERON (CARAPUNGO),RURAL,2017-03-28,11:40:00,11,MARTES,2,MARZO,3,NO,"CONDUCIR DESATENTO A LAS CONDICIONES DE TRANSITO (CELULAR, PANTALLAS DE VIDEO, COMIDA, MAQUILLAJE O CUALQUIER OTRO ELEMENTO DISTRACTOR).",PERDIDA DE PISTA,VEHICULO DEPORTIVO UTILITARIO,0,0,0,0,0,0,0,0,0,0,0,0,1,1,-1,NO IDENTIFICADO,NO IDENTIFICADO,CONDUCTOR AUSENTE,NO,NO,2
2204,6922,6923,2017,0,0,-0.096567,-78.469751,PICHINCHA,QUITO,QUITO,RURAL,2017-03-28,13:30:00,13,MARTES,2,MARZO,3,NO,DEJAR O RECOGER PASAJEROS EN LUGARES NO PERMITIDOS.,ROZAMIENTOS,BUS,0,0,2,0,0,0,0,0,0,0,0,0,0,2,32,HOMBRE,ILESO,CONDUCTOR PRESENTE,NO,NO,3
2205,6924,6925,2017,0,0,-0.142041,-78.443217,PICHINCHA,QUITO,LLANO CHICO,RURAL,2017-03-28,14:15:00,14,MARTES,2,MARZO,3,NO,NO CEDER EL DERECHO DE VIA O PREFERENCIA DE PASO A VEHICULOS.,CHOQUE LATERAL,AUTOMOVIL,1,0,0,0,0,0,0,0,0,0,0,0,1,2,54,MUJER,ILESO,CONDUCTOR PRESENTE,NO,NO,3
2206,6925,6926,2017,2,0,-0.361267,-78.533045,PICHINCHA,MEJIA,CUTUGLAHUA,RURAL,2017-03-28,15:00:00,15,MARTES,2,MARZO,3,NO,"CONDICIONES AMBIENTALES Y/O ATMOSFERICAS (NIEBLA, NEBLINA, GRANIZO, LLUVIA).",PERDIDA DE PISTA,AUTOMOVIL,1,0,0,0,0,0,0,0,0,0,0,0,0,1,65,HOMBRE,LESIONADO,PASAJERO,NO,NO,3
2207,6929,6930,2017,0,0,-0.188493,-78.492121,PICHINCHA,QUITO,QUITO,URBANA,2017-03-28,16:02:00,16,MARTES,2,MARZO,3,NO,"CONDUCIR DESATENTO A LAS CONDICIONES DE TRANSITO (CELULAR, PANTALLAS DE VIDEO, COMIDA, MAQUILLAJE O CUALQUIER OTRO ELEMENTO DISTRACTOR).",CHOQUE POSTERIOR,CAMIONETA,0,0,0,0,2,0,0,0,0,0,0,0,0,2,40,HOMBRE,ILESO,CONDUCTOR PRESENTE,NO,NO,0
2208,6930,6931,2017,0,0,-0.286469,-78.531298,PICHINCHA,QUITO,QUITO,URBANA,2017-03-28,16:50:00,16,MARTES,2,MARZO,3,NO,NO GUARDAR LA DISTANCIA LATERAL MINIMA DE SEGURIDAD ENTRE VEHICULOS.,ROZAMIENTOS,AUTOMOVIL,1,0,0,0,0,0,0,0,1,0,0,0,0,2,48,HOMBRE,ILESO,CONDUCTOR PRESENTE,NO,NO,0
2209,6931,6932,2017,0,0,-0.205878,-78.509225,PICHINCHA,QUITO,QUITO,URBANA,2017-03-28,17:25:00,17,MARTES,2,MARZO,3,NO,NO MANTENER LA DISTANCIA PRUDENCIAL CON RESPECTO AL VEHICULO QUE LE ANTECEDE.,CHOQUE POSTERIOR,AUTOMOVIL,2,0,0,0,0,0,0,0,0,0,0,0,0,2,32,HOMBRE,ILESO,CONDUCTOR PRESENTE,NO,NO,0
2210,6943,6944,2017,0,0,-0.293564,-78.478928,PICHINCHA,QUITO,CONOCOTO,RURAL,2017-03-28,21:45:00,21,MARTES,2,MARZO,3,NO,NO GUARDAR LA DISTANCIA LATERAL MINIMA DE SEGURIDAD ENTRE VEHICULOS.,ROZAMIENTOS,AUTOMOVIL,1,0,0,0,0,0,0,0,0,1,0,0,0,2,37,HOMBRE,ILESO,CONDUCTOR PRESENTE,NO,NO,3
2211,6944,6945,2017,0,0,-0.077868,-78.435573,PICHINCHA,QUITO,CALDERON (CARAPUNGO),RURAL,2017-03-28,22:15:00,22,MARTES,2,MARZO,3,NO,"CONDUCE BAJO LA INFLUENCIA DE ALCOHOL, SUSTANCIAS ESTUPEFACIENTES O PSICOTROPICAS Y/O MEDICAMENTOS.",ESTRELLAMIENTOS,FURGONETA,0,0,0,0,0,0,0,1,0,0,0,0,0,1,43,HOMBRE,ILESO,CONDUCTOR PRESENTE,NO,NO,3
2212,6948,6949,2017,0,0,-0.184745,-78.477115,PICHINCHA,QUITO,QUITO,URBANA,2017-03-29,00:20:00,0,MIERCOLES,3,MARZO,3,NO,CONDUCIR VEHICULO SUPERANDO LOS LIMITES MAXIMOS DE VELOCIDAD.,ESTRELLAMIENTOS,VEHICULO DEPORTIVO UTILITARIO,0,0,0,0,0,0,0,0,0,0,0,0,1,1,-1,NO IDENTIFICADO,NO IDENTIFICADO,CONDUCTOR AUSENTE,NO,NO,2
2213,6950,6951,2017,0,0,-0.196505,-78.466938,PICHINCHA,QUITO,QUITO,RURAL,2017-03-29,01:40:00,1,MIERCOLES,3,MARZO,3,NO,"CONDUCIR EN ESTADO DE SOMNOLENCIA O MALAS CONDICIONES FISICAS (SUENIO, CANSANCIO Y FATIGA).",ESTRELLAMIENTOS,AUTOMOVIL,1,0,0,0,0,0,0,0,0,0,0,0,0,1,-1,NO IDENTIFICADO,NO IDENTIFICADO,CONDUCTOR AUSENTE,NO,NO,2
2214,6951,6952,2017,1,0,-0.194477,-78.501667,PICHINCHA,QUITO,QUITO,URBANA,2017-03-29,01:50:00,1,MIERCOLES,3,MARZO,3,NO,CONDUCIR VEHICULO SUPERANDO LOS LIMITES MAXIMOS DE VELOCIDAD.,ESTRELLAMIENTOS,VEHICULO DEPORTIVO UTILITARIO,0,0,0,0,0,0,0,0,0,0,0,0,1,1,18,MUJER,LESIONADO,PASAJERO,NO,NO,0
2215,6952,6953,2017,1,0,-0.098911,-78.476256,PICHINCHA,QUITO,QUITO,URBANA,2017-03-29,06:48:00,6,MIERCOLES,3,MARZO,3,NO,NO CEDER EL DERECHO DE VIA O PREFERENCIA DE PASO AL PEATON.,ATROPELLOS,NO IDENTIFICADO,0,0,0,0,0,0,0,0,0,1,0,0,0,1,59,HOMBRE,LESIONADO,PEATON,NO,NO,0