,Unnamed: 0,ID,ANIO,LESIONADOS,FALLECIDOS,LATITUD_Y,LONGITUD_X,PROVINCIA,CANTON,PARROQUIA,ZONA,FECHA,HORA,PERIODO_2,DIA_1,DIA_2,MES_1,MES_2,FERIADO,CAUSA_PROBABLE,TIPO_DE_SINIESTRO,TIPO_DE_VEHICULO_1,AUTOMOVIL,BICICLETA,BUS,CAMION,CAMIONETA,EMERGENCIAS,ESPECIAL,FURGONETA,MOTOCICLETA,NO_IDENTIFICADO,SCOOTER_ELECTRICO,TRICIMOTO,VEHICULO_DEPORTIVO_UTILITARIO,SUMA_DE_VEHICULOS,EDAD_1,SEXO_1,CONDICION_1,PARTICIPANTE_1,CASCO_1,CINTURON_1,KMeans_Cluster
2216,6954,6955,2017,1,0,-0.257411,-78.536031,PICHINCHA,QUITO,QUITO,URBANA,2017-03-29,07:00:00,7,MIERCOLES,3,MARZO,3,NO,"ADELANTAR O REBASAR A OTRO VEHICULO EN MOVIMIENTO EN ZONAS O SITIOS PELIGROSOS TALES COMO: CURVAS, PUENTES, TUNELES, PENDIENTES, ETC.",CHOQUE FRONTAL,AUTOMOVIL,2,0,0,0,0,0,0,0,0,0,0,0,0,2,12,MUJER,LESIONADO,PASAJERO,NO,NO,0
2217,6955,6956,2017,1,0,-0.215771,-78.404446,PICHINCHA,QUITO,TUMBACO,RURAL,2017-03-29,07:40:00,7,MIERCOLES,3,MARZO,3,NO,CONDUCIR VEHICULO SUPERANDO LOS LIMITES MAXIMOS DE VELOCIDAD.,PERDIDA DE PISTA,MOTOCICLETA,0,0,0,0,0,0,0,0,1,0,0,0,0,1,23,HOMBRE,LESIONADO,CONDUCTOR PRESENTE,NO,NO,3
2218,6956,6957,2017,0,1,-0.264263,-78.550014,PICHINCHA,QUITO,QUITO,URBANA,2017-03-29,08:15:00,8,MIERCOLES,3,MARZO,3,NO,NO TRANSITAR POR LAS ACERAS O ZONAS DE SEGURIDAD DESTINADAS PARA EL EFECTO.,ATROPELLOS,BUS,0,0,1,0,0,0,0,0,0,0,0,0,0,1,86,HOMBRE,FALLECIDO,PEATON,NO,NO,0
2219,6958,6959,2017,0,0,-0.237181,-78.529339,PICHINCHA,QUITO,QUITO,URBANA,2017-03-29,08:30:00,8,MIERCOLES,3,MARZO,3,NO,NO CEDER EL DERECHO DE VIA O PREFERENCIA DE PASO A VEHICULOS.,CHOQUE LATERAL,MOTOCICLETA,1,0,0,0,0,0,0,0,1,0,0,0,0,2,24,HOMBRE,ILESO,CONDUCTOR PRESENTE,NO,NO,0
2220,6959,6960,2017,1,0,-0.263053,-78.507339,PICHINCHA,QUITO,QUITO,URBANA,2017-03-29,08:55:00,8,MIERCOLES,3,MARZO,3,NO,CONDUCIR VEHICULO SUPERANDO LOS LIMITES MAXIMOS DE VELOCIDAD.,COLISION,VEHICULO DEPORTIVO UTILITARIO,0,0,0,0,1,0,0,1,0,0,0,0,1,3,40,HOMBRE,LESIONADO,CONDUCTOR PRESENTE,NO,NO,0
2221,6975,6976,2017,1,0,-0.322073,-78.562876,PICHINCHA,QUITO,QUITO,URBANA,2017-03-29,13:20:00,13,MIERCOLES,3,MARZO,3,NO,"NO RESPETAR LAS SENIALES REGLAMENTARIAS DE TRANSITO. (PARE, CEDA EL PASO, LUZ ROJA DEL SEMAFORO, ETC).",CHOQUE LATERAL,CAMIONETA,1,0,0,0,1,0,0,0,0,0,0,0,0,2,3,MUJER,LESIONADO,PASAJERO,NO,NO,0
2222,6976,6977,2017,1,0,-0.231165,-78.495617,PICHINCHA,QUITO,QUITO,URBANA,2017-03-29,13:20:00,13,MIERCOLES,3,MARZO,3,NO,DEJAR O RECOGER PASAJEROS EN LUGARES NO PERMITIDOS.,CAIDA DE PASAJERO,NO IDENTIFICADO,0,0,0,0,0,0,0,0,0,1,0,0,0,1,9,HOMBRE,LESIONADO,PASAJERO,NO,NO,0
2223,6978,6979,2017,0,0,-0.319594,-78.570859,PICHINCHA,QUITO,QUITO,URBANA,2017-03-29,15:10:00,15,MIERCOLES,3,MARZO,3,NO,"CONDUCIR DESATENTO A LAS CONDICIONES DE TRANSITO (CELULAR, PANTALLAS DE VIDEO, COMIDA, MAQUILLAJE O CUALQUIER OTRO ELEMENTO DISTRACTOR).",ESTRELLAMIENTOS,FURGONETA,0,0,0,0,0,0,0,1,0,0,0,0,0,1,55,HOMBRE,ILESO,CONDUCTOR PRESENTE,NO,NO,0
2224,6981,6982,2017,0,0,-0.311601,-78.551796,PICHINCHA,QUITO,QUITO,URBANA,2017-03-29,16:00:00,16,MIERCOLES,3,MARZO,3,NO,NO CEDER EL DERECHO DE VIA O PREFERENCIA DE PASO A VEHICULOS.,CHOQUE LATERAL,AUTOMOVIL,2,0,0,0,0,0,0,0,0,0,0,0,0,2,34,HOMBRE,ILESO,CONDUCTOR PRESENTE,NO,NO,0
2225,6984,6985,2017,1,0,-0.239808,-78.522753,PICHINCHA,QUITO,QUITO,URBANA,2017-03-29,17:00:00,17,MIERCOLES,3,MARZO,3,NO,"NO RESPETAR LAS SENIALES REGLAMENTARIAS DE TRANSITO. (PARE, CEDA EL PASO, LUZ ROJA DEL SEMAFORO, ETC).",CHOQUE LATERAL,MOTOCICLETA,0,0,0,1,0,0,0,0,1,0,0,0,0,2,43,HOMBRE,LESIONADO,CONDUCTOR PRESENTE,NO,NO,0
2226,6988,6989,2017,0,0,-0.153396,-78.484496,PICHINCHA,QUITO,QUITO,URBANA,2017-03-29,17:40:00,17,MIERCOLES,3,MARZO,3,NO,DEJAR O RECOGER PASAJEROS EN LUGARES NO PERMITIDOS.,CAIDA DE PASAJERO,BUS,0,0,1,0,0,0,0,0,0,0,0,0,0,1,42,HOMBRE,ILESO,CONDUCTOR PRESENTE,NO,NO,0
2227,6990,6991,2017,0,0,-0.230285,-78.503501,PICHINCHA,QUITO,QUITO,URBANA,2017-03-29,18:00:00,18,MIERCOLES,3,MARZO,3,NO,"CONDUCIR DESATENTO A LAS CONDICIONES DE TRANSITO (CELULAR, PANTALLAS DE VIDEO, COMIDA, MAQUILLAJE O CUALQUIER OTRO ELEMENTO DISTRACTOR).",ESTRELLAMIENTOS,VEHICULO DEPORTIVO UTILITARIO,0,0,0,0,0,0,0,0,0,0,0,0,1,1,-1,NO IDENTIFICADO,NO IDENTIFICADO,CONDUCTOR AUSENTE,NO,NO,2
2228,6992,6993,2017,2,0,-0.501481,-78.572646,PICHINCHA,MEJIA,MACHACHI,RURAL,2017-03-29,19:30:00,19,MIERCOLES,3,MARZO,3,NO,NO CEDER EL DERECHO DE VIA O PREFERENCIA DE PASO A VEHICULOS.,CHOQUE LATERAL,VEHICULO DEPORTIVO UTILITARIO,0,0,0,1,0,0,0,0,0,0,0,0,1,2,44,MUJER,LESIONADO,PASAJERO,NO,NO,3
2229,6996,6997,2017,1,0,-0.135503,-78.480384,PICHINCHA,QUITO,QUITO,URBANA,2017-03-29,22:15:00,22,MIERCOLES,3,MARZO,3,NO,"NO RESPETAR LAS SENIALES REGLAMENTARIAS DE TRANSITO. (PARE, CEDA EL PASO, LUZ ROJA DEL SEMAFORO, ETC).",CHOQUE LATERAL,CAMIONETA,0,0,0,0,1,0,0,0,0,0,0,0,1,2,24,HOMBRE,LESIONADO,PASAJERO,NO,NO,0
2230,6999,7000,2017,0,1,-0.153396,-78.484496,PICHINCHA,QUITO,QUITO,URBANA,2017-03-29,23:15:00,23,MIERCOLES,3,MARZO,3,NO,CONDUCIR VEHICULO SUPERANDO LOS LIMITES MAXIMOS DE VELOCIDAD.,ESTRELLAMIENTOS,MOTOCICLETA,0,0,0,0,0,0,0,0,1,0,0,0,0,1,27,HOMBRE,FALLECIDO,CONDUCTOR PRESENTE,NO,NO,0
2231,7000,7001,2017,1,0,-0.106567,-78.476473,PICHINCHA,QUITO,QUITO,URBANA,2017-03-29,23:50:00,23,MIERCOLES,3,MARZO,3,NO,"NO RESPETAR LAS SENIALES REGLAMENTARIAS DE TRANSITO. (PARE, CEDA EL PASO, LUZ ROJA DEL SEMAFORO, ETC).",COLISION,AUTOMOVIL,1,0,0,0,1,0,0,0,0,1,0,0,0,3,42,HOMBRE,LESIONADO,CONDUCTOR PRESENTE,NO,NO,0
2232,7003,7004,2017,1,0,-0.131885,-78.482836,PICHINCHA,QUITO,QUITO,URBANA,2017-03-30,00:30:00,0,JUEVES,4,MARZO,3,NO,CONDUCIR VEHICULO SUPERANDO LOS LIMITES MAXIMOS DE VELOCIDAD.,CHOQUE POSTERIOR,AUTOMOVIL,1,0,0,0,0,0,0,0,0,1,0,0,0,2,21,HOMBRE,LESIONADO,CONDUCTOR PRESENTE,NO,NO,0
2233,7006,7007,2017,0,1,-0.070601,-78.471123,PICHINCHA,QUITO,POMASQUI,URBANA,2017-03-30,03:10:00,3,JUEVES,4,MARZO,3,NO,NO GUARDAR LA DISTANCIA LATERAL MINIMA DE SEGURIDAD ENTRE VEHICULOS.,ROZAMIENTOS,AUTOMOVIL,1,0,0,0,0,0,0,0,1,0,0,0,0,2,-1,MUJER,FALLECIDO,PASAJERO,NO,NO,0
2234,7010,7011,2017,0,0,-0.204139,-78.501125,PICHINCHA,QUITO,QUITO,URBANA,2017-03-30,06:39:00,6,JUEVES,4,MARZO,3,NO,REALIZAR CAMBIO BRUSCO O INDEBIDO DE CARRIL.,CHOQUE LATERAL,CAMIONETA,0,0,1,0,1,0,0,0,0,0,0,0,0,2,33,HOMBRE,ILESO,CONDUCTOR PRESENTE,NO,NO,0
2235,7015,7016,2017,0,0,-0.146984,-78.473721,PICHINCHA,QUITO,QUITO,URBANA,2017-03-30,08:06:00,8,JUEVES,4,MARZO,3,NO,"NO RESPETAR LAS SENIALES REGLAMENTARIAS DE TRANSITO. (PARE, CEDA EL PASO, LUZ ROJA DEL SEMAFORO, ETC).",CHOQUE LATERAL,VEHICULO DEPORTIVO UTILITARIO,1,0,0,0,0,0,0,0,0,0,0,0,1,2,22,HOMBRE,ILESO,CONDUCTOR PRESENTE,NO,NO,0
2236,7019,7020,2017,0,0,-0.181985,-78.496241,PICHINCHA,QUITO,QUITO,URBANA,2017-03-30,09:25:00,9,JUEVES,4,MARZO,3,NO,NO CEDER EL DERECHO DE VIA O PREFERENCIA DE PASO A VEHICULOS.,CHOQUE LATERAL,CAMIONETA,0,0,0,0,1,0,0,0,0,0,0,0,1,2,31,HOMBRE,ILESO,CONDUCTOR PRESENTE,NO,NO,0
2237,7020,7021,2017,0,0,-0.164853,-78.472768,PICHINCHA,QUITO,QUITO,URBANA,2017-03-30,09:55:00,9,JUEVES,4,MARZO,3,NO,REALIZAR CAMBIO BRUSCO O INDEBIDO DE CARRIL.,PERDIDA DE PISTA,MOTOCICLETA,0,0,0,0,0,0,0,0,1,0,0,0,0,1,34,HOMBRE,ILESO,CONDUCTOR PRESENTE,NO,NO,0
2238,7024,7025,2017,0,0,-0.196944,-78.495611,PICHINCHA,QUITO,QUITO,URBANA,2017-03-30,11:40:00,11,JUEVES,4,MARZO,3,NO,"CONDUCIR DESATENTO A LAS CONDICIONES DE TRANSITO (CELULAR, PANTALLAS DE VIDEO, COMIDA, MAQUILLAJE O CUALQUIER OTRO ELEMENTO DISTRACTOR).",ESTRELLAMIENTOS,VEHICULO DEPORTIVO UTILITARIO,0,0,0,0,0,0,0,0,0,1,0,0,1,2,32,MUJER,ILESO,CONDUCTOR PRESENTE,NO,NO,0
2239,7027,7028,2017,1,0,-0.216631,-78.504883,PICHINCHA,QUITO,QUITO,URBANA,2017-03-30,12:10:00,12,JUEVES,4,MARZO,3,NO,NO TRANSITAR POR LAS ACERAS O ZONAS DE SEGURIDAD DESTINADAS PARA EL EFECTO.,ATROPELLOS,BUS,0,0,1,0,0,0,0,0,0,0,0,0,0,1,28,HOMBRE,LESIONADO,PEATON,NO,NO,0
2240,7028,7029,2017,0,0,-0.221207,-78.511311,PICHINCHA,QUITO,QUITO,URBANA,2017-03-30,12:25:00,12,JUEVES,4,MARZO,3,NO,PEATON QUE CRUZA LA CALZADA SIN RESPETAR LA SENIALIZACION EXISTENTE (SEMAFOROS O SENIALES MANUALES).,ATROPELLOS,MOTOCICLETA,0,0,0,0,0,0,0,0,1,0,0,0,0,1,25,HOMBRE,ILESO,CONDUCTOR PRESENTE,NO,NO,0
2241,7034,7035,2017,0,0,-0.105824,-78.426701,PICHINCHA,QUITO,CALDERON (CARAPUNGO),RURAL,2017-03-30,14:00:00,14,JUEVES,4,MARZO,3,NO,REALIZAR CAMBIO BRUSCO O INDEBIDO DE CARRIL.,CHOQUE LATERAL,VEHICULO DEPORTIVO UTILITARIO,1,0,0,0,0,0,0,0,0,0,0,0,1,2,50,MUJER,ILESO,CONDUCTOR PRESENTE,NO,NO,3
2242,7039,7040,2017,0,0,-0.254524,-78.522341,PICHINCHA,QUITO,QUITO,URBANA,2017-03-30,14:45:00,14,JUEVES,4,MARZO,3,NO,NO MANTENER LA DISTANCIA PRUDENCIAL CON RESPECTO AL VEHICULO QUE LE ANTECEDE.,CHOQUE POSTERIOR,AUTOMOVIL,1,0,0,0,1,0,0,0,0,0,0,0,0,2,39,HOMBRE,ILESO,CONDUCTOR PRESENTE,NO,NO,0
2243,7042,7043,2017,0,0,-0.167117,-78.483995,PICHINCHA,QUITO,QUITO,URBANA,2017-03-30,16:20:00,16,JUEVES,4,MARZO,3,NO,NO CEDER EL DERECHO DE VIA O PREFERENCIA DE PASO A VEHICULOS.,CHOQUE LATERAL,CAMIONETA,0,0,0,0,1,0,0,0,0,1,0,0,0,2,76,HOMBRE,ILESO,CONDUCTOR PRESENTE,NO,NO,0
2244,7046,7047,2017,0,0,-0.256772,-78.542845,PICHINCHA,QUITO,QUITO,URBANA,2017-03-30,17:15:00,17,JUEVES,4,MARZO,3,NO,NO MANTENER LA DISTANCIA PRUDENCIAL CON RESPECTO AL VEHICULO QUE LE ANTECEDE.,CHOQUE POSTERIOR,AUTOMOVIL,2,0,0,0,0,0,0,0,0,0,0,0,0,2,33,HOMBRE,ILESO,CONDUCTOR PRESENTE,NO,NO,0
2245,7050,7051,2017,1,0,-0.115998,-78.479371,PICHINCHA,QUITO,QUITO,URBANA,2017-03-30,18:40:00,18,JUEVES,4,MARZO,3,NO,NO CEDER EL DERECHO DE VIA O PREFERENCIA DE PASO AL PEATON.,ATROPELLOS,FURGONETA,0,0,0,0,0,0,0,1,0,0,0,0,0,1,29,HOMBRE,LESIONADO,PEATON,NO,NO,0
2246,7055,7056,2017,0,0,-0.197735,-78.437175,PICHINCHA,QUITO,CUMBAYA,RURAL,2017-03-30,19:35:00,19,JUEVES,4,MARZO,3,NO,REALIZAR CAMBIO BRUSCO O INDEBIDO DE CARRIL.,ROZAMIENTOS,BUS,0,0,1,0,0,0,0,0,0,0,0,0,1,2,26,HOMBRE,ILESO,CONDUCTOR PRESENTE,NO,NO,3
2247,7065,7066,2017,1,0,-0.123864,-78.504101,PICHINCHA,QUITO,QUITO,URBANA,2017-03-30,21:20:00,21,JUEVES,4,MARZO,3,NO,NO TRANSITAR POR LAS ACERAS O ZONAS DE SEGURIDAD DESTINADAS PARA EL EFECTO.,ATROPELLOS,NO IDENTIFICADO,0,0,0,0,0,0,0,0,0,1,0,0,0,1,28,HOMBRE,LESIONADO,PEATON,NO,NO,0
2248,7067,7068,2017,1,0,-0.288773,-78.520396,PICHINCHA,QUITO,QUITO,URBANA,2017-03-30,22:10:00,22,JUEVES,4,MARZO,3,NO,REALIZAR CAMBIO BRUSCO O INDEBIDO DE CARRIL.,PERDIDA DE PISTA,MOTOCICLETA,0,0,0,0,0,0,0,0,1,0,0,0,0,1,42,HOMBRE,LESIONADO,CONDUCTOR PRESENTE,NO,NO,0
2249,7070,7071,2017,2,0,-0.175234,-78.500971,PICHINCHA,QUITO,QUITO,URBANA,2017-03-30,23:40:00,23,JUEVES,4,MARZO,3,NO,"NO RESPETAR LAS SENIALES REGLAMENTARIAS DE TRANSITO. (PARE, CEDA EL PASO, LUZ ROJA DEL SEMAFORO, ETC).",ATROPELLOS,MOTOCICLETA,1,0,0,0,0,0,0,0,1,0,0,0,0,2,36,HOMBRE,LESIONADO,CONDUCTOR PRESENTE,NO,NO,0
2250,7073,7074,2017,0,0,-0.239732,-78.522687,PICHINCHA,QUITO,QUITO,URBANA,2017-03-31,01:27:00,1,VIERNES,5,MARZO,3,NO,CONDUCIR VEHICULO SUPERANDO LOS LIMITES MAXIMOS DE VELOCIDAD.,ESTRELLAMIENTOS,CAMIONETA,0,0,0,0,1,0,0,0,0,0,0,0,0,1,-1,NO IDENTIFICADO,NO IDENTIFICADO,CONDUCTOR AUSENTE,NO,NO,2
2251,7074,7075,2017,0,0,-0.254686,-78.504316,PICHINCHA,QUITO,QUITO,URBANA,2017-03-31,01:30:00,1,VIERNES,5,MARZO,3,NO,"CONDUCIR EN ESTADO DE SOMNOLENCIA O MALAS CONDICIONES FISICAS (SUENIO, CANSANCIO Y FATIGA).",ESTRELLAMIENTOS,VEHICULO DEPORTIVO UTILITARIO,0,0,0,0,0,0,0,0,0,0,0,0,1,1,30,MUJER,ILESO,CONDUCTOR PRESENTE,NO,NO,0
2252,7075,7076,2017,0,0,-0.304767,-78.458651,PICHINCHA,RUMINIAHUI,SANGOLQUI,URBANA,2017-03-31,01:40:00,1,VIERNES,5,MARZO,3,NO,"CONDUCE BAJO LA INFLUENCIA DE ALCOHOL, SUSTANCIAS ESTUPEFACIENTES O PSICOTROPICAS Y/O MEDICAMENTOS.",ESTRELLAMIENTOS,VEHICULO DEPORTIVO UTILITARIO,0,0,0,0,0,0,0,0,0,0,0,0,1,1,26,HOMBRE,ILESO,CONDUCTOR PRESENTE,NO,NO,0
2253,7077,7078,2017,0,0,-0.285382,-78.536795,PICHINCHA,QUITO,QUITO,URBANA,2017-03-31,06:10:00,6,VIERNES,5,MARZO,3,NO,"NO RESPETAR LAS SENIALES REGLAMENTARIAS DE TRANSITO. (PARE, CEDA EL PASO, LUZ ROJA DEL SEMAFORO, ETC).",CHOQUE LATERAL,BUS,1,0,1,0,0,0,0,0,0,0,0,0,0,2,52,HOMBRE,ILESO,CONDUCTOR PRESENTE,NO,NO,0
2254,7078,7079,2017,0,0,-0.161208,-78.495838,PICHINCHA,QUITO,QUITO,URBANA,2017-03-31,06:10:00,6,VIERNES,5,MARZO,3,NO,CONDUCIR VEHICULO SUPERANDO LOS LIMITES MAXIMOS DE VELOCIDAD.,ESTRELLAMIENTOS,AUTOMOVIL,1,0,0,0,0,0,0,0,0,0,0,0,0,1,-1,NO IDENTIFICADO,NO IDENTIFICADO,CONDUCTOR AUSENTE,NO,NO,2
2255,7079,7080,2017,1,0,-0.064124,-78.429709,PICHINCHA,QUITO,CALDERON (CARAPUNGO),RURAL,2017-03-31,06:20:00,6,VIERNES,5,MARZO,3,NO,NO CEDER EL DERECHO DE VIA O PREFERENCIA DE PASO AL PEATON.,ATROPELLOS,AUTOMOVIL,1,0,0,0,0,0,0,0,0,0,0,0,0,1,7,HOMBRE,LESIONADO,PEATON,NO,NO,3
2256,7082,7083,2017,0,0,-0.142041,-78.443217,PICHINCHA,QUITO,LLANO CHICO,RURAL,2017-03-31,07:05:00,7,VIERNES,5,MARZO,3,NO,NO MANTENER LA DISTANCIA PRUDENCIAL CON RESPECTO AL VEHICULO QUE LE ANTECEDE.,CHOQUE POSTERIOR,BUS,0,0,1,1,0,0,0,0,0,0,0,0,0,2,59,HOMBRE,ILESO,CONDUCTOR PRESENTE,NO,NO,3
2257,7085,7086,2017,5,0,-0.324946,-78.414334,PICHINCHA,QUITO,ALANGASI,URBANA,2017-03-31,07:30:00,7,VIERNES,5,MARZO,3,NO,REALIZAR CAMBIO BRUSCO O INDEBIDO DE CARRIL.,CHOQUE FRONTAL,CAMIONETA,0,0,0,1,1,0,0,0,0,0,0,0,0,2,39,HOMBRE,LESIONADO,PASAJERO,NO,NO,0
2258,7086,7087,2017,0,0,-0.292724,-78.476486,PICHINCHA,QUITO,CONOCOTO,RURAL,2017-03-31,08:20:00,8,VIERNES,5,MARZO,3,NO,"NO RESPETAR LAS SENIALES REGLAMENTARIAS DE TRANSITO. (PARE, CEDA EL PASO, LUZ ROJA DEL SEMAFORO, ETC).",CHOQUE LATERAL,AUTOMOVIL,1,0,0,0,1,0,0,0,0,0,0,0,0,2,27,HOMBRE,ILESO,CONDUCTOR PRESENTE,NO,NO,3
2259,7089,7090,2017,2,0,-0.205501,-78.491986,PICHINCHA,QUITO,QUITO,URBANA,2017-03-31,09:38:00,9,VIERNES,5,MARZO,3,NO,"ADELANTAR O REBASAR A OTRO VEHICULO EN MOVIMIENTO EN ZONAS O SITIOS PELIGROSOS TALES COMO: CURVAS, PUENTES, TUNELES, PENDIENTES, ETC.",VOLCAMIENTOS,AUTOMOVIL,1,0,0,0,0,0,0,0,1,0,0,0,0,2,27,HOMBRE,LESIONADO,PASAJERO,NO,NO,0
2260,7090,7091,2017,0,0,-0.189391,-78.489874,PICHINCHA,QUITO,QUITO,URBANA,2017-03-31,09:40:00,9,VIERNES,5,MARZO,3,NO,"NO RESPETAR LAS SENIALES REGLAMENTARIAS DE TRANSITO. (PARE, CEDA EL PASO, LUZ ROJA DEL SEMAFORO, ETC).",CHOQUE LATERAL,AUTOMOVIL,1,0,0,0,0,0,0,0,0,1,0,0,0,2,28,HOMBRE,ILESO,CONDUCTOR PRESENTE,NO,NO,0
2261,7091,7092,2017,0,0,-0.088884,-78.439915,PICHINCHA,QUITO,CALDERON (CARAPUNGO),RURAL,2017-03-31,10:40:00,10,VIERNES,5,MARZO,3,NO,"NO RESPETAR LAS SENIALES REGLAMENTARIAS DE TRANSITO. (PARE, CEDA EL PASO, LUZ ROJA DEL SEMAFORO, ETC).",CHOQUE LATERAL,CAMIONETA,1,0,0,0,1,0,0,0,0,0,0,0,0,2,31,HOMBRE,ILESO,CONDUCTOR PRESENTE,NO,NO,3
2262,7093,7094,2017,0,0,-0.181194,-78.360833,PICHINCHA,QUITO,PUEMBO,RURAL,2017-03-31,11:30:00,11,VIERNES,5,MARZO,3,NO,NO CEDER EL DERECHO DE VIA O PREFERENCIA DE PASO A VEHICULOS.,CHOQUE LATERAL,AUTOMOVIL,1,0,0,0,0,0,0,0,0,0,0,0,1,2,35,MUJER,ILESO,CONDUCTOR PRESENTE,NO,NO,3
2263,7098,7099,2017,0,0,-0.204592,-78.455985,PICHINCHA,QUITO,QUITO,RURAL,2017-03-31,12:55:00,12,VIERNES,5,MARZO,3,NO,"CONDUCIR DESATENTO A LAS CONDICIONES DE TRANSITO (CELULAR, PANTALLAS DE VIDEO, COMIDA, MAQUILLAJE O CUALQUIER OTRO ELEMENTO DISTRACTOR).",ESTRELLAMIENTOS,VEHICULO DEPORTIVO UTILITARIO,0,0,0,0,0,0,0,0,0,0,0,0,1,1,40,MUJER,ILESO,CONDUCTOR PRESENTE,NO,NO,3
2264,7099,7100,2017,0,0,-0.325406,-78.541242,PICHINCHA,QUITO,QUITO,URBANA,2017-03-31,13:00:00,13,VIERNES,5,MARZO,3,NO,"CONDUCIR DESATENTO A LAS CONDICIONES DE TRANSITO (CELULAR, PANTALLAS DE VIDEO, COMIDA, MAQUILLAJE O CUALQUIER OTRO ELEMENTO DISTRACTOR).",ESTRELLAMIENTOS,NO IDENTIFICADO,0,0,0,0,0,0,0,0,0,1,0,0,0,1,-1,NO IDENTIFICADO,NO IDENTIFICADO,CONDUCTOR AUSENTE,NO,NO,2
2265,7102,7103,2017,0,0,-0.240221,-78.506627,PICHINCHA,QUITO,QUITO,URBANA,2017-03-31,13:15:00,13,VIERNES,5,MARZO,3,NO,"CONDUCIR DESATENTO A LAS CONDICIONES DE TRANSITO (CELULAR, PANTALLAS DE VIDEO, COMIDA, MAQUILLAJE O CUALQUIER OTRO ELEMENTO DISTRACTOR).",ESTRELLAMIENTOS,NO IDENTIFICADO,0,0,0,0,0,0,0,0,0,1,0,0,0,1,-1,NO IDENTIFICADO,NO IDENTIFICADO,CONDUCTOR AUSENTE,NO,NO,2
2266,7103,7104,2017,0,0,-0.195652,-78.484196,PICHINCHA,QUITO,QUITO,URBANA,2017-03-31,14:00:00,14,VIERNES,5,MARZO,3,NO,"CASO FORTUITO O FUERZA MAYOR (EXPLOSION DE NEUMATICO NUEVO, DERRUMBE, INUNDACION, CAIDA DE PUENTE, ARBOL, PRESENCIA INTEMPESTIVA E IMPREVISTA DE SEMOVIENTES EN LA VIA, ETC.).",OTROS,AUTOMOVIL,2,0,0,0,0,0,0,0,0,0,0,0,0,2,33,HOMBRE,ILESO,CONDUCTOR PRESENTE,NO,NO,0
2267,7104,7105,2017,0,0,-0.091585,-78.439052,PICHINCHA,QUITO,CALDERON (CARAPUNGO),RURAL,2017-03-31,14:15:00,14,VIERNES,5,MARZO,3,NO,"NO RESPETAR LAS SENIALES REGLAMENTARIAS DE TRANSITO. (PARE, CEDA EL PASO, LUZ ROJA DEL SEMAFORO, ETC).",CHOQUE LATERAL,AUTOMOVIL,1,0,0,0,1,0,0,0,0,0,0,0,0,2,29,HOMBRE,ILESO,CONDUCTOR PRESENTE,NO,NO,3
2268,7105,7106,2017,0,0,-0.226953,-78.512474,PICHINCHA,QUITO,QUITO,URBANA,2017-03-31,15:00:00,15,VIERNES,5,MARZO,3,NO,"ADELANTAR O REBASAR A OTRO VEHICULO EN MOVIMIENTO EN ZONAS O SITIOS PELIGROSOS TALES COMO: CURVAS, PUENTES, TUNELES, PENDIENTES, ETC.",ROZAMIENTOS,MOTOCICLETA,1,0,0,0,0,0,0,0,1,0,0,0,0,2,24,HOMBRE,ILESO,CONDUCTOR PRESENTE,NO,NO,0
2269,7109,7110,2017,0,0,-0.303038,-78.553784,PICHINCHA,QUITO,QUITO,URBANA,2017-03-31,16:35:00,16,VIERNES,5,MARZO,3,NO,"CONDUCE BAJO LA INFLUENCIA DE ALCOHOL, SUSTANCIAS ESTUPEFACIENTES O PSICOTROPICAS Y/O MEDICAMENTOS.",COLISION,CAMION,1,0,0,1,0,0,0,0,0,0,0,0,1,3,33,HOMBRE,ILESO,CONDUCTOR PRESENTE,NO,NO,0
2270,7113,7114,2017,1,0,-0.209101,-78.365448,PICHINCHA,QUITO,PUEMBO,RURAL,2017-03-31,17:35:00,17,VIERNES,5,MARZO,3,NO,CONDUCIR VEHICULO SUPERANDO LOS LIMITES MAXIMOS DE VELOCIDAD.,CHOQUE POSTERIOR,CAMION,1,0,0,1,0,0,0,0,0,0,0,0,0,2,33,HOMBRE,LESIONADO,CONDUCTOR PRESENTE,NO,NO,3
2271,7116,7117,2017,1,0,-0.279966,-78.557347,PICHINCHA,QUITO,QUITO,URBANA,2017-03-31,19:10:00,19,VIERNES,5,MARZO,3,NO,NO CEDER EL DERECHO DE VIA O PREFERENCIA DE PASO AL PEATON.,ATROPELLOS,NO IDENTIFICADO,0,0,0,0,0,0,0,0,0,1,0,0,0,1,60,HOMBRE,LESIONADO,PEATON,NO,NO,0
2272,7118,7119,2017,2,0,-0.328239,-78.538128,PICHINCHA,QUITO,QUITO,URBANA,2017-03-31,20:00:00,20,VIERNES,5,MARZO,3,NO,CONDUCIR VEHICULO SUPERANDO LOS LIMITES MAXIMOS DE VELOCIDAD.,CHOQUE LATERAL,BUS,1,0,1,0,0,0,0,0,0,0,0,0,0,2,61,MUJER,LESIONADO,PASAJERO,NO,NO,0
2273,7120,7121,2017,1,0,-0.166302,-78.486907,PICHINCHA,QUITO,QUITO,URBANA,2017-03-31,20:30:00,20,VIERNES,5,MARZO,3,NO,"NO RESPETAR LAS SENIALES REGLAMENTARIAS DE TRANSITO. (PARE, CEDA EL PASO, LUZ ROJA DEL SEMAFORO, ETC).",CHOQUE LATERAL,MOTOCICLETA,1,0,0,0,0,0,0,0,1,0,0,0,0,2,29,HOMBRE,LESIONADO,CONDUCTOR PRESENTE,NO,NO,0