,Unnamed: 0,ID,ANIO,LESIONADOS,FALLECIDOS,LATITUD_Y,LONGITUD_X,PROVINCIA,CANTON,PARROQUIA,ZONA,FECHA,HORA,PERIODO_2,DIA_1,DIA_2,MES_1,MES_2,FERIADO,CAUSA_PROBABLE,TIPO_DE_SINIESTRO,TIPO_DE_VEHICULO_1,AUTOMOVIL,BICICLETA,BUS,CAMION,CAMIONETA,EMERGENCIAS,ESPECIAL,FURGONETA,MOTOCICLETA,NO_IDENTIFICADO,SCOOTER_ELECTRICO,TRICIMOTO,VEHICULO_DEPORTIVO_UTILITARIO,SUMA_DE_VEHICULOS,EDAD_1,SEXO_1,CONDICION_1,PARTICIPANTE_1,CASCO_1,CINTURON_1,KMeans_Cluster
2274,7123,7124,2017,0,0,-0.111743,-78.478795,PICHINCHA,QUITO,QUITO,URBANA,2017-04-01,00:15:00,0,SABADO,6,ABRIL,4,NO,"CONDUCE BAJO LA INFLUENCIA DE ALCOHOL, SUSTANCIAS ESTUPEFACIENTES O PSICOTROPICAS Y/O MEDICAMENTOS.",CHOQUE POSTERIOR,VEHICULO DEPORTIVO UTILITARIO,1,0,0,0,0,0,0,0,0,0,0,0,1,2,38,HOMBRE,ILESO,CONDUCTOR PRESENTE,NO,NO,0
2275,7124,7125,2017,2,1,-0.216324,-78.503819,PICHINCHA,QUITO,QUITO,URBANA,2017-04-01,00:30:00,0,SABADO,6,ABRIL,4,NO,"CONDUCE BAJO LA INFLUENCIA DE ALCOHOL, SUSTANCIAS ESTUPEFACIENTES O PSICOTROPICAS Y/O MEDICAMENTOS.",PERDIDA DE PISTA,AUTOMOVIL,1,0,0,0,0,0,0,0,0,0,0,0,0,1,24,MUJER,FALLECIDO,PASAJERO,NO,NO,0
2276,7128,7129,2017,0,0,-0.226241,-78.521131,PICHINCHA,QUITO,QUITO,URBANA,2017-04-01,04:30:00,4,SABADO,6,ABRIL,4,NO,"CONDUCIR EN ESTADO DE SOMNOLENCIA O MALAS CONDICIONES FISICAS (SUENIO, CANSANCIO Y FATIGA).",ESTRELLAMIENTOS,ESPECIAL,0,0,0,0,0,0,1,0,0,0,0,0,0,1,59,HOMBRE,ILESO,CONDUCTOR PRESENTE,NO,NO,0
2277,7129,7130,2017,0,0,-0.096681,-78.469779,PICHINCHA,QUITO,QUITO,RURAL,2017-04-01,04:50:00,4,SABADO,6,ABRIL,4,NO,"CONDUCIR EN ESTADO DE SOMNOLENCIA O MALAS CONDICIONES FISICAS (SUENIO, CANSANCIO Y FATIGA).",ESTRELLAMIENTOS,AUTOMOVIL,1,0,0,0,0,0,0,0,0,0,0,0,0,1,-1,NO IDENTIFICADO,NO IDENTIFICADO,CONDUCTOR AUSENTE,NO,NO,2
2278,7132,7133,2017,0,0,-0.212804,-78.488648,PICHINCHA,QUITO,QUITO,URBANA,2017-04-01,07:30:00,7,SABADO,6,ABRIL,4,NO,REALIZAR CAMBIO BRUSCO O INDEBIDO DE CARRIL.,PERDIDA DE PISTA,AUTOMOVIL,2,0,0,0,0,0,0,0,0,0,0,0,0,2,47,HOMBRE,ILESO,CONDUCTOR PRESENTE,NO,NO,0
2279,7134,7135,2017,1,0,-0.115368,-78.457895,PICHINCHA,QUITO,QUITO,RURAL,2017-04-01,08:00:00,8,SABADO,6,ABRIL,4,NO,CONDUCIR VEHICULO SUPERANDO LOS LIMITES MAXIMOS DE VELOCIDAD.,PERDIDA DE PISTA,AUTOMOVIL,1,0,0,0,0,0,0,0,0,0,0,0,0,1,11,HOMBRE,LESIONADO,PASAJERO,NO,NO,3
2280,7136,7137,2017,0,0,-0.204592,-78.455985,PICHINCHA,QUITO,QUITO,URBANA,2017-04-01,09:35:00,9,SABADO,6,ABRIL,4,NO,NO MANTENER LA DISTANCIA PRUDENCIAL CON RESPECTO AL VEHICULO QUE LE ANTECEDE.,COLISION,BUS,1,0,1,0,1,0,0,0,0,0,0,0,1,4,35,HOMBRE,ILESO,CONDUCTOR PRESENTE,NO,NO,0
2281,7138,7139,2017,0,0,-0.212688,-78.402878,PICHINCHA,QUITO,TUMBACO,RURAL,2017-04-01,10:10:00,10,SABADO,6,ABRIL,4,NO,NO MANTENER LA DISTANCIA PRUDENCIAL CON RESPECTO AL VEHICULO QUE LE ANTECEDE.,CHOQUE POSTERIOR,VEHICULO DEPORTIVO UTILITARIO,0,0,0,0,0,0,0,0,0,1,0,0,1,2,35,MUJER,ILESO,CONDUCTOR PRESENTE,NO,NO,3
2282,7139,7140,2017,0,0,-0.275327,-78.535791,PICHINCHA,QUITO,QUITO,URBANA,2017-04-01,10:15:00,10,SABADO,6,ABRIL,4,NO,"CONDUCIR DESATENTO A LAS CONDICIONES DE TRANSITO (CELULAR, PANTALLAS DE VIDEO, COMIDA, MAQUILLAJE O CUALQUIER OTRO ELEMENTO DISTRACTOR).",CHOQUE POSTERIOR,AUTOMOVIL,2,0,0,0,0,0,0,0,0,0,0,0,0,2,61,HOMBRE,ILESO,CONDUCTOR PRESENTE,NO,NO,0
2283,7141,7142,2017,1,0,-0.216127,-78.500849,PICHINCHA,QUITO,QUITO,URBANA,2017-04-01,11:00:00,11,SABADO,6,ABRIL,4,NO,REALIZAR CAMBIO BRUSCO O INDEBIDO DE CARRIL.,PERDIDA DE PISTA,MOTOCICLETA,0,0,0,0,0,0,0,0,1,0,0,0,0,1,19,HOMBRE,LESIONADO,CONDUCTOR PRESENTE,NO,NO,0
2284,7142,7143,2017,0,0,-0.294301,-78.464282,PICHINCHA,QUITO,CONOCOTO,RURAL,2017-04-01,11:05:00,11,SABADO,6,ABRIL,4,NO,NO CEDER EL DERECHO DE VIA O PREFERENCIA DE PASO A VEHICULOS.,CHOQUE LATERAL,BUS,1,0,1,0,0,0,0,0,0,0,0,0,0,2,32,HOMBRE,ILESO,CONDUCTOR PRESENTE,NO,NO,3
2285,7150,7151,2017,0,0,-0.212824,-78.402686,PICHINCHA,QUITO,TUMBACO,RURAL,2017-04-01,13:25:00,13,SABADO,6,ABRIL,4,NO,NO MANTENER LA DISTANCIA PRUDENCIAL CON RESPECTO AL VEHICULO QUE LE ANTECEDE.,CHOQUE POSTERIOR,VEHICULO DEPORTIVO UTILITARIO,0,0,1,0,0,0,0,0,0,0,0,0,1,2,43,HOMBRE,ILESO,CONDUCTOR PRESENTE,NO,NO,3
2286,7154,7155,2017,0,0,-0.252761,-78.482593,PICHINCHA,QUITO,QUITO,RURAL,2017-04-01,15:13:00,15,SABADO,6,ABRIL,4,NO,"CONDUCIR DESATENTO A LAS CONDICIONES DE TRANSITO (CELULAR, PANTALLAS DE VIDEO, COMIDA, MAQUILLAJE O CUALQUIER OTRO ELEMENTO DISTRACTOR).",ESTRELLAMIENTOS,VEHICULO DEPORTIVO UTILITARIO,0,0,0,0,0,0,0,0,0,0,0,0,1,1,25,MUJER,ILESO,CONDUCTOR PRESENTE,NO,NO,3
2287,7157,7158,2017,0,0,-0.133661,-78.501992,PICHINCHA,QUITO,QUITO,URBANA,2017-04-01,15:55:00,15,SABADO,6,ABRIL,4,NO,CONDUCIR VEHICULO SUPERANDO LOS LIMITES MAXIMOS DE VELOCIDAD.,ESTRELLAMIENTOS,AUTOMOVIL,1,0,0,0,0,0,0,0,0,0,0,0,0,1,-1,NO IDENTIFICADO,NO IDENTIFICADO,CONDUCTOR AUSENTE,NO,NO,2
2288,7160,7161,2017,0,0,-0.110366,-78.474506,PICHINCHA,QUITO,QUITO,URBANA,2017-04-01,16:35:00,16,SABADO,6,ABRIL,4,NO,CONDUCIR VEHICULO SUPERANDO LOS LIMITES MAXIMOS DE VELOCIDAD.,ESTRELLAMIENTOS,AUTOMOVIL,1,0,0,0,0,0,0,0,0,0,0,0,0,1,41,HOMBRE,ILESO,CONDUCTOR PRESENTE,NO,NO,0
2289,7161,7162,2017,0,0,-0.091585,-78.439052,PICHINCHA,QUITO,CALDERON (CARAPUNGO),RURAL,2017-04-01,16:55:00,16,SABADO,6,ABRIL,4,NO,NO MANTENER LA DISTANCIA PRUDENCIAL CON RESPECTO AL VEHICULO QUE LE ANTECEDE.,CHOQUE POSTERIOR,VEHICULO DEPORTIVO UTILITARIO,1,0,0,0,0,0,0,0,0,0,0,0,1,2,32,HOMBRE,ILESO,CONDUCTOR PRESENTE,NO,NO,3
2290,7164,7165,2017,0,0,-0.133371,-78.494056,PICHINCHA,QUITO,QUITO,URBANA,2017-04-01,18:04:00,18,SABADO,6,ABRIL,4,NO,NO GUARDAR LA DISTANCIA LATERAL MINIMA DE SEGURIDAD ENTRE VEHICULOS.,ROZAMIENTOS,VEHICULO DEPORTIVO UTILITARIO,0,0,1,0,0,0,0,0,0,0,0,0,1,2,32,HOMBRE,ILESO,CONDUCTOR PRESENTE,NO,NO,0
2291,7174,7175,2017,0,1,-0.242475,-78.497488,PICHINCHA,QUITO,QUITO,URBANA,2017-04-01,19:51:00,19,SABADO,6,ABRIL,4,NO,NO TRANSITAR POR LAS ACERAS O ZONAS DE SEGURIDAD DESTINADAS PARA EL EFECTO.,ARROLLAMIENTOS,AUTOMOVIL,1,0,0,0,0,0,0,0,0,0,0,0,0,1,57,HOMBRE,FALLECIDO,PEATON,NO,NO,0
2292,7175,7176,2017,0,0,-0.188211,-78.516441,PICHINCHA,QUITO,QUITO,URBANA,2017-04-01,20:30:00,20,SABADO,6,ABRIL,4,NO,"ADELANTAR O REBASAR A OTRO VEHICULO EN MOVIMIENTO EN ZONAS O SITIOS PELIGROSOS TALES COMO: CURVAS, PUENTES, TUNELES, PENDIENTES, ETC.",CHOQUE FRONTAL,VEHICULO DEPORTIVO UTILITARIO,1,0,0,0,0,0,0,0,0,0,0,0,1,2,36,HOMBRE,ILESO,CONDUCTOR PRESENTE,NO,NO,0
2293,7177,7178,2017,2,0,-0.144229,-78.469533,PICHINCHA,QUITO,QUITO,URBANA,2017-04-01,21:05:00,21,SABADO,6,ABRIL,4,NO,"NO RESPETAR LAS SENIALES REGLAMENTARIAS DE TRANSITO. (PARE, CEDA EL PASO, LUZ ROJA DEL SEMAFORO, ETC).",CHOQUE LATERAL,AUTOMOVIL,2,0,0,0,0,0,0,0,0,0,0,0,0,2,39,HOMBRE,LESIONADO,CONDUCTOR PRESENTE,NO,NO,0
2294,7180,7181,2017,0,0,-0.239578,-78.530744,PICHINCHA,QUITO,QUITO,URBANA,2017-04-01,21:55:00,21,SABADO,6,ABRIL,4,NO,NO CEDER EL DERECHO DE VIA O PREFERENCIA DE PASO A VEHICULOS.,CHOQUE LATERAL,AUTOMOVIL,1,0,0,0,1,0,0,0,0,0,0,0,0,2,35,HOMBRE,ILESO,CONDUCTOR PRESENTE,NO,NO,0
2295,7199,7200,2017,1,0,-0.245855,-78.518455,PICHINCHA,QUITO,QUITO,URBANA,2017-04-02,05:17:00,5,DOMINGO,7,ABRIL,4,NO,"ADELANTAR O REBASAR A OTRO VEHICULO EN MOVIMIENTO EN ZONAS O SITIOS PELIGROSOS TALES COMO: CURVAS, PUENTES, TUNELES, PENDIENTES, ETC.",CHOQUE FRONTAL,CAMIONETA,1,0,0,0,1,0,0,0,0,0,0,0,0,2,26,HOMBRE,LESIONADO,CONDUCTOR PRESENTE,NO,NO,0
2296,7202,7203,2017,0,0,-0.222553,-78.520391,PICHINCHA,QUITO,QUITO,URBANA,2017-04-02,06:45:00,6,DOMINGO,7,ABRIL,4,NO,PEATON QUE CRUZA LA CALZADA SIN RESPETAR LA SENIALIZACION EXISTENTE (SEMAFOROS O SENIALES MANUALES).,OTROS,AUTOMOVIL,1,0,0,0,0,0,0,0,0,0,0,0,0,1,64,HOMBRE,ILESO,CONDUCTOR PRESENTE,NO,NO,0
2297,7206,7207,2017,0,0,-0.196669,-78.466599,PICHINCHA,QUITO,QUITO,RURAL,2017-04-02,07:00:00,7,DOMINGO,7,ABRIL,4,NO,REALIZAR CAMBIO BRUSCO O INDEBIDO DE CARRIL.,PERDIDA DE PISTA,MOTOCICLETA,0,0,0,0,0,0,0,0,1,0,0,0,0,1,-1,NO IDENTIFICADO,NO IDENTIFICADO,CONDUCTOR AUSENTE,NO,NO,2
2298,7207,7208,2017,0,0,-0.245659,-78.496297,PICHINCHA,QUITO,QUITO,URBANA,2017-04-02,07:50:00,7,DOMINGO,7,ABRIL,4,NO,"CONDUCIR DESATENTO A LAS CONDICIONES DE TRANSITO (CELULAR, PANTALLAS DE VIDEO, COMIDA, MAQUILLAJE O CUALQUIER OTRO ELEMENTO DISTRACTOR).",ESTRELLAMIENTOS,AUTOMOVIL,1,0,0,0,0,0,0,0,0,0,0,0,0,1,-1,NO IDENTIFICADO,NO IDENTIFICADO,CONDUCTOR AUSENTE,NO,NO,2
2299,7212,7213,2017,1,0,-0.183461,-78.482152,PICHINCHA,QUITO,QUITO,URBANA,2017-04-02,09:00:00,9,DOMINGO,7,ABRIL,4,NO,"NO RESPETAR LAS SENIALES REGLAMENTARIAS DE TRANSITO. (PARE, CEDA EL PASO, LUZ ROJA DEL SEMAFORO, ETC).",CHOQUE LATERAL,VEHICULO DEPORTIVO UTILITARIO,0,0,0,0,0,0,0,0,1,0,0,0,1,2,40,HOMBRE,LESIONADO,CONDUCTOR PRESENTE,NO,NO,0
2300,7215,7216,2017,0,0,-0.116703,-78.458131,PICHINCHA,QUITO,QUITO,RURAL,2017-04-02,10:35:00,10,DOMINGO,7,ABRIL,4,NO,"NO RESPETAR LAS SENIALES REGLAMENTARIAS DE TRANSITO. (PARE, CEDA EL PASO, LUZ ROJA DEL SEMAFORO, ETC).",CHOQUE LATERAL,AUTOMOVIL,2,0,0,0,0,0,0,0,0,0,0,0,0,2,32,HOMBRE,ILESO,CONDUCTOR PRESENTE,NO,NO,3
2301,7216,7217,2017,0,0,-0.191657,-78.490808,PICHINCHA,QUITO,QUITO,URBANA,2017-04-02,10:46:00,10,DOMINGO,7,ABRIL,4,NO,"NO RESPETAR LAS SENIALES REGLAMENTARIAS DE TRANSITO. (PARE, CEDA EL PASO, LUZ ROJA DEL SEMAFORO, ETC).",CHOQUE LATERAL,AUTOMOVIL,1,0,0,0,0,0,0,0,0,0,0,0,1,2,41,HOMBRE,ILESO,CONDUCTOR PRESENTE,NO,NO,0
2302,7222,7223,2017,2,0,-0.424198,-78.789517,PICHINCHA,MEJIA,MANUEL CORNEJO ASTORGA,RURAL,2017-04-02,11:40:00,11,DOMINGO,7,ABRIL,4,NO,NO MANTENER LA DISTANCIA PRUDENCIAL CON RESPECTO AL VEHICULO QUE LE ANTECEDE.,CHOQUE FRONTAL,MOTOCICLETA,0,0,0,0,0,0,0,0,1,1,0,0,0,2,35,HOMBRE,LESIONADO,CONDUCTOR PRESENTE,NO,NO,3
2303,7226,7227,2017,0,0,-0.544881,-78.584835,PICHINCHA,MEJIA,MACHACHI,RURAL,2017-04-02,12:15:00,12,DOMINGO,7,ABRIL,4,NO,"CONDUCIR DESATENTO A LAS CONDICIONES DE TRANSITO (CELULAR, PANTALLAS DE VIDEO, COMIDA, MAQUILLAJE O CUALQUIER OTRO ELEMENTO DISTRACTOR).",COLISION,AUTOMOVIL,2,0,1,0,0,0,0,0,0,0,0,0,0,3,29,HOMBRE,ILESO,CONDUCTOR PRESENTE,NO,NO,3
2304,7231,7232,2017,2,0,-0.273076,-78.513855,PICHINCHA,QUITO,QUITO,URBANA,2017-04-02,14:00:00,14,DOMINGO,7,ABRIL,4,NO,"CONDUCE BAJO LA INFLUENCIA DE ALCOHOL, SUSTANCIAS ESTUPEFACIENTES O PSICOTROPICAS Y/O MEDICAMENTOS.",ATROPELLOS,CAMIONETA,0,0,0,0,1,0,0,0,0,0,0,0,0,1,2,HOMBRE,LESIONADO,PEATON,NO,NO,0
2305,7234,7235,2017,0,0,-0.105779,-78.462379,PICHINCHA,QUITO,QUITO,RURAL,2017-04-02,14:25:00,14,DOMINGO,7,ABRIL,4,NO,REALIZAR CAMBIO BRUSCO O INDEBIDO DE CARRIL.,COLISION,CAMIONETA,0,0,1,0,1,0,0,0,0,0,0,0,2,4,37,MUJER,ILESO,CONDUCTOR PRESENTE,NO,NO,3
2306,7235,7236,2017,2,0,-0.251319,-78.521366,PICHINCHA,QUITO,QUITO,URBANA,2017-04-02,14:30:00,14,DOMINGO,7,ABRIL,4,NO,PEATON QUE CRUZA LA CALZADA SIN RESPETAR LA SENIALIZACION EXISTENTE (SEMAFOROS O SENIALES MANUALES).,ATROPELLOS,MOTOCICLETA,0,0,0,0,0,0,0,0,1,0,0,0,0,1,26,HOMBRE,LESIONADO,CONDUCTOR PRESENTE,NO,NO,0
2307,7238,7239,2017,1,0,-0.123003,-78.493776,PICHINCHA,QUITO,QUITO,URBANA,2017-04-02,15:19:00,15,DOMINGO,7,ABRIL,4,NO,NO CEDER EL DERECHO DE VIA O PREFERENCIA DE PASO AL PEATON.,ATROPELLOS,BUS,0,0,1,0,0,0,0,0,0,0,0,0,0,1,67,MUJER,LESIONADO,PEATON,NO,NO,0
2308,7241,7242,2017,0,0,-0.438464,-78.553935,PICHINCHA,MEJIA,ALOAG,RURAL,2017-04-02,15:35:00,15,DOMINGO,7,ABRIL,4,NO,NO MANTENER LA DISTANCIA PRUDENCIAL CON RESPECTO AL VEHICULO QUE LE ANTECEDE.,COLISION,AUTOMOVIL,2,0,0,0,2,0,0,0,0,0,0,0,0,4,37,HOMBRE,ILESO,CONDUCTOR PRESENTE,NO,NO,3
2309,7242,7243,2017,0,0,-0.210558,-78.386186,PICHINCHA,QUITO,TUMBACO,RURAL,2017-04-02,15:35:00,15,DOMINGO,7,ABRIL,4,NO,NO CEDER EL DERECHO DE VIA O PREFERENCIA DE PASO A VEHICULOS.,CHOQUE LATERAL,AUTOMOVIL,1,0,0,0,0,0,0,0,0,1,0,0,0,2,42,HOMBRE,ILESO,CONDUCTOR PRESENTE,NO,NO,3
2310,7243,7244,2017,0,0,-0.247748,-78.512293,PICHINCHA,QUITO,QUITO,URBANA,2017-04-02,15:45:00,15,DOMINGO,7,ABRIL,4,NO,"NO RESPETAR LAS SENIALES REGLAMENTARIAS DE TRANSITO. (PARE, CEDA EL PASO, LUZ ROJA DEL SEMAFORO, ETC).",CHOQUE LATERAL,VEHICULO DEPORTIVO UTILITARIO,0,0,0,0,0,0,0,0,0,0,0,0,2,2,52,HOMBRE,ILESO,CONDUCTOR PRESENTE,NO,NO,0
2311,7244,7245,2017,0,0,-0.424869,-78.551668,PICHINCHA,MEJIA,TAMBILLO (MEJIA),RURAL,2017-04-02,15:50:00,15,DOMINGO,7,ABRIL,4,NO,"CONDUCIR DESATENTO A LAS CONDICIONES DE TRANSITO (CELULAR, PANTALLAS DE VIDEO, COMIDA, MAQUILLAJE O CUALQUIER OTRO ELEMENTO DISTRACTOR).",COLISION,CAMION,1,0,0,1,0,0,0,0,0,0,0,0,1,3,46,HOMBRE,ILESO,CONDUCTOR PRESENTE,NO,NO,3
2312,7248,7249,2017,1,0,-0.099083,-78.421844,PICHINCHA,QUITO,CALDERON (CARAPUNGO),RURAL,2017-04-02,16:54:00,16,DOMINGO,7,ABRIL,4,NO,"NO RESPETAR LAS SENIALES REGLAMENTARIAS DE TRANSITO. (PARE, CEDA EL PASO, LUZ ROJA DEL SEMAFORO, ETC).",CHOQUE LATERAL,AUTOMOVIL,1,0,0,0,0,0,0,0,0,0,0,0,1,2,49,MUJER,LESIONADO,CONDUCTOR PRESENTE,NO,NO,3
2313,7251,7252,2017,1,0,-0.084263,-78.418921,PICHINCHA,QUITO,CALDERON (CARAPUNGO),RURAL,2017-04-02,17:20:00,17,DOMINGO,7,ABRIL,4,NO,PEATON QUE CRUZA LA CALZADA SIN RESPETAR LA SENIALIZACION EXISTENTE (SEMAFOROS O SENIALES MANUALES).,ATROPELLOS,AUTOMOVIL,1,0,0,0,0,0,0,0,0,0,0,0,0,1,5,HOMBRE,LESIONADO,PEATON,NO,NO,3
2314,7252,7253,2017,1,0,-0.228504,-78.514452,PICHINCHA,QUITO,QUITO,URBANA,2017-04-02,17:25:00,17,DOMINGO,7,ABRIL,4,NO,REALIZAR CAMBIO BRUSCO O INDEBIDO DE CARRIL.,PERDIDA DE PISTA,MOTOCICLETA,0,0,0,0,0,0,0,0,1,0,0,0,0,1,21,HOMBRE,LESIONADO,CONDUCTOR PRESENTE,NO,NO,0
2315,7257,7258,2017,1,0,-0.204868,-78.499054,PICHINCHA,QUITO,QUITO,URBANA,2017-04-02,19:30:00,19,DOMINGO,7,ABRIL,4,NO,NO CEDER EL DERECHO DE VIA O PREFERENCIA DE PASO AL PEATON.,ATROPELLOS,NO IDENTIFICADO,0,0,0,0,0,0,0,0,0,1,0,0,0,1,19,HOMBRE,LESIONADO,PEATON,NO,NO,0
2316,7263,7264,2017,1,0,-0.133553,-78.501808,PICHINCHA,QUITO,QUITO,URBANA,2017-04-02,22:30:00,22,DOMINGO,7,ABRIL,4,NO,NO CEDER EL DERECHO DE VIA O PREFERENCIA DE PASO AL PEATON.,ATROPELLOS,NO IDENTIFICADO,0,0,0,0,0,0,0,0,0,1,0,0,0,1,53,MUJER,LESIONADO,PEATON,NO,NO,0
2317,7266,7267,2017,2,0,-0.466694,-78.585801,PICHINCHA,MEJIA,ALOAG,RURAL,2017-04-02,23:50:00,23,DOMINGO,7,ABRIL,4,NO,"CONDUCIR DESATENTO A LAS CONDICIONES DE TRANSITO (CELULAR, PANTALLAS DE VIDEO, COMIDA, MAQUILLAJE O CUALQUIER OTRO ELEMENTO DISTRACTOR).",ESTRELLAMIENTOS,CAMION,0,0,0,1,0,0,0,0,0,0,0,0,1,2,30,HOMBRE,LESIONADO,CONDUCTOR PRESENTE,NO,NO,3
2318,7292,7293,2017,0,0,-0.190555,-78.509111,PICHINCHA,QUITO,QUITO,URBANA,2017-04-03,02:10:00,2,LUNES,1,ABRIL,4,NO,"CONDUCIR EN ESTADO DE SOMNOLENCIA O MALAS CONDICIONES FISICAS (SUENIO, CANSANCIO Y FATIGA).",ESTRELLAMIENTOS,CAMIONETA,0,0,0,0,1,0,0,0,0,0,0,0,0,1,-1,NO IDENTIFICADO,NO IDENTIFICADO,CONDUCTOR AUSENTE,NO,NO,2
2319,7293,7294,2017,1,0,-0.072347,-78.474926,PICHINCHA,QUITO,POMASQUI,URBANA,2017-04-03,02:30:00,2,LUNES,1,ABRIL,4,NO,NO MANTENER LA DISTANCIA PRUDENCIAL CON RESPECTO AL VEHICULO QUE LE ANTECEDE.,PERDIDA DE PISTA,AUTOMOVIL,1,0,0,0,0,0,0,0,0,0,0,0,0,1,-1,HOMBRE,LESIONADO,CONDUCTOR PRESENTE,NO,NO,0
2320,7298,7299,2017,2,0,-0.318256,-78.557591,PICHINCHA,QUITO,QUITO,URBANA,2017-04-03,07:15:00,7,LUNES,1,ABRIL,4,NO,NO CEDER EL DERECHO DE VIA O PREFERENCIA DE PASO A VEHICULOS.,CHOQUE LATERAL,BICICLETA,0,1,0,0,0,0,0,0,0,1,0,0,0,2,45,HOMBRE,LESIONADO,CONDUCTOR PRESENTE,NO,NO,0
2321,7300,7301,2017,0,0,-0.165668,-78.468241,PICHINCHA,QUITO,QUITO,URBANA,2017-04-03,09:15:00,9,LUNES,1,ABRIL,4,NO,NO MANTENER LA DISTANCIA PRUDENCIAL CON RESPECTO AL VEHICULO QUE LE ANTECEDE.,COLISION,AUTOMOVIL,1,0,0,0,0,0,0,0,0,2,0,0,0,3,31,HOMBRE,ILESO,CONDUCTOR PRESENTE,NO,NO,0
2322,7303,7304,2017,1,0,-0.255301,-78.517172,PICHINCHA,QUITO,QUITO,URBANA,2017-04-03,10:15:00,10,LUNES,1,ABRIL,4,NO,DEJAR O RECOGER PASAJEROS EN LUGARES NO PERMITIDOS.,CAIDA DE PASAJERO,BUS,0,0,1,0,0,0,0,0,0,0,0,0,0,1,66,MUJER,LESIONADO,PASAJERO,NO,NO,0
2323,7308,7309,2017,0,0,-0.106518,-78.489757,PICHINCHA,QUITO,QUITO,URBANA,2017-04-03,12:10:00,12,LUNES,1,ABRIL,4,NO,"NO RESPETAR LAS SENIALES REGLAMENTARIAS DE TRANSITO. (PARE, CEDA EL PASO, LUZ ROJA DEL SEMAFORO, ETC).",CHOQUE LATERAL,AUTOMOVIL,1,0,0,0,0,0,0,1,0,0,0,0,0,2,58,HOMBRE,ILESO,CONDUCTOR PRESENTE,NO,NO,0
2324,7309,7310,2017,0,0,-0.118364,-78.497116,PICHINCHA,QUITO,QUITO,URBANA,2017-04-03,12:50:00,12,LUNES,1,ABRIL,4,NO,REALIZAR CAMBIO BRUSCO O INDEBIDO DE CARRIL.,CHOQUE LATERAL,FURGONETA,1,0,0,0,0,0,0,1,0,0,0,0,0,2,61,HOMBRE,ILESO,CONDUCTOR PRESENTE,NO,NO,0
2325,7311,7312,2017,1,0,-0.187127,-78.487619,PICHINCHA,QUITO,QUITO,URBANA,2017-04-03,13:45:00,13,LUNES,1,ABRIL,4,NO,REALIZAR CAMBIO BRUSCO O INDEBIDO DE CARRIL.,COLISION,AUTOMOVIL,2,0,0,0,0,0,0,0,0,0,0,0,1,3,34,MUJER,LESIONADO,CONDUCTOR PRESENTE,NO,NO,0
2326,7312,7313,2017,1,0,-0.281843,-78.542072,PICHINCHA,QUITO,QUITO,URBANA,2017-04-03,13:50:00,13,LUNES,1,ABRIL,4,NO,"FALLA MECANICA EN LOS SISTEMAS Y/O NEUMATICOS (SISTEMA DE FRENOS, DIRECCION, ELECTRONICO O MECANICO).",PERDIDA DE PISTA,BICICLETA,0,1,0,0,0,0,0,0,0,0,0,0,0,1,40,HOMBRE,LESIONADO,CONDUCTOR PRESENTE,NO,NO,0
2327,7316,7317,2017,0,0,-0.201818,-78.494846,PICHINCHA,QUITO,QUITO,URBANA,2017-04-03,15:00:00,15,LUNES,1,ABRIL,4,NO,NO MANTENER LA DISTANCIA PRUDENCIAL CON RESPECTO AL VEHICULO QUE LE ANTECEDE.,CHOQUE POSTERIOR,AUTOMOVIL,1,0,1,0,0,0,0,0,0,0,0,0,0,2,37,MUJER,ILESO,CONDUCTOR PRESENTE,NO,NO,0
2328,7317,7318,2017,0,0,-0.518166,-78.584039,PICHINCHA,MEJIA,ALOASI,RURAL,2017-04-03,15:15:00,15,LUNES,1,ABRIL,4,NO,NO MANTENER LA DISTANCIA PRUDENCIAL CON RESPECTO AL VEHICULO QUE LE ANTECEDE.,VOLCAMIENTOS,CAMIONETA,0,0,0,0,1,0,0,0,0,0,0,0,0,1,24,HOMBRE,ILESO,CONDUCTOR PRESENTE,NO,NO,3
2329,7318,7319,2017,1,0,-0.223531,-78.512399,PICHINCHA,QUITO,QUITO,URBANA,2017-04-03,15:15:00,15,LUNES,1,ABRIL,4,NO,PEATON QUE CRUZA LA CALZADA SIN RESPETAR LA SENIALIZACION EXISTENTE (SEMAFOROS O SENIALES MANUALES).,ATROPELLOS,AUTOMOVIL,1,0,0,0,0,0,0,0,0,0,0,0,0,1,18,MUJER,LESIONADO,PEATON,NO,NO,0
2330,7321,7322,2017,1,0,-0.091585,-78.439052,PICHINCHA,QUITO,CALDERON (CARAPUNGO),RURAL,2017-04-03,16:40:00,16,LUNES,1,ABRIL,4,NO,CONDUCIR VEHICULO SUPERANDO LOS LIMITES MAXIMOS DE VELOCIDAD.,PERDIDA DE PISTA,MOTOCICLETA,0,0,0,0,0,0,0,0,1,0,0,0,0,1,36,HOMBRE,LESIONADO,CONDUCTOR PRESENTE,NO,NO,3
2331,7325,7326,2017,3,0,-0.131068,-78.481369,PICHINCHA,QUITO,QUITO,URBANA,2017-04-03,17:30:00,17,LUNES,1,ABRIL,4,NO,CONDUCIR VEHICULO SUPERANDO LOS LIMITES MAXIMOS DE VELOCIDAD.,COLISION,AUTOMOVIL,3,0,0,0,0,0,0,0,0,0,0,0,0,3,15,MUJER,LESIONADO,PASAJERO,NO,NO,0
2332,7331,7332,2017,1,0,-0.282864,-78.543231,PICHINCHA,QUITO,QUITO,URBANA,2017-04-03,18:45:00,18,LUNES,1,ABRIL,4,NO,REALIZAR CAMBIO BRUSCO O INDEBIDO DE CARRIL.,PERDIDA DE PISTA,MOTOCICLETA,0,0,0,0,0,0,0,0,1,0,0,0,0,1,23,HOMBRE,LESIONADO,CONDUCTOR PRESENTE,NO,NO,0