,Unnamed: 0,ID,ANIO,LESIONADOS,FALLECIDOS,LATITUD_Y,LONGITUD_X,PROVINCIA,CANTON,PARROQUIA,ZONA,FECHA,HORA,PERIODO_2,DIA_1,DIA_2,MES_1,MES_2,FERIADO,CAUSA_PROBABLE,TIPO_DE_SINIESTRO,TIPO_DE_VEHICULO_1,AUTOMOVIL,BICICLETA,BUS,CAMION,CAMIONETA,EMERGENCIAS,ESPECIAL,FURGONETA,MOTOCICLETA,NO_IDENTIFICADO,SCOOTER_ELECTRICO,TRICIMOTO,VEHICULO_DEPORTIVO_UTILITARIO,SUMA_DE_VEHICULOS,EDAD_1,SEXO_1,CONDICION_1,PARTICIPANTE_1,CASCO_1,CINTURON_1,KMeans_Cluster
2450,7693,7694,2017,0,0,-0.256548,-78.532823,PICHINCHA,QUITO,QUITO,URBANA,2017-04-08,17:35:00,17,SABADO,6,ABRIL,4,NO,NO MANTENER LA DISTANCIA PRUDENCIAL CON RESPECTO AL VEHICULO QUE LE ANTECEDE.,CHOQUE POSTERIOR,BUS,1,0,1,0,0,0,0,0,0,0,0,0,0,2,63,HOMBRE,ILESO,CONDUCTOR PRESENTE,NO,NO,0
2451,7696,7697,2017,0,0,-0.251336,-78.521399,PICHINCHA,QUITO,QUITO,URBANA,2017-04-08,18:40:00,18,SABADO,6,ABRIL,4,NO,NO GUARDAR LA DISTANCIA LATERAL MINIMA DE SEGURIDAD ENTRE VEHICULOS.,ROZAMIENTOS,AUTOMOVIL,1,0,0,1,0,0,0,0,0,0,0,0,0,2,35,HOMBRE,ILESO,CONDUCTOR PRESENTE,NO,NO,0
2452,7699,7700,2017,1,0,-0.058111,-78.344101,PICHINCHA,QUITO,GUAYLLABAMBA,URBANA,2017-04-08,18:50:00,18,SABADO,6,ABRIL,4,NO,"NO RESPETAR LAS SENIALES REGLAMENTARIAS DE TRANSITO. (PARE, CEDA EL PASO, LUZ ROJA DEL SEMAFORO, ETC).",CHOQUE LATERAL,MOTOCICLETA,0,0,0,0,1,0,0,0,1,0,0,0,0,2,23,HOMBRE,LESIONADO,CONDUCTOR PRESENTE,NO,NO,0
2453,7700,7701,2017,0,0,-0.221264,-78.419995,PICHINCHA,QUITO,TUMBACO,RURAL,2017-04-08,19:00:00,19,SABADO,6,ABRIL,4,NO,NO MANTENER LA DISTANCIA PRUDENCIAL CON RESPECTO AL VEHICULO QUE LE ANTECEDE.,CHOQUE POSTERIOR,VEHICULO DEPORTIVO UTILITARIO,0,0,0,0,0,0,0,0,0,0,0,0,2,2,23,MUJER,ILESO,CONDUCTOR PRESENTE,NO,NO,3
2454,7705,7706,2017,0,0,-0.199767,-78.428809,PICHINCHA,QUITO,CUMBAYA,RURAL,2017-04-08,19:40:00,19,SABADO,6,ABRIL,4,NO,"NO RESPETAR LAS SENIALES REGLAMENTARIAS DE TRANSITO. (PARE, CEDA EL PASO, LUZ ROJA DEL SEMAFORO, ETC).",CHOQUE LATERAL,MOTOCICLETA,0,0,0,0,0,0,0,0,1,1,0,0,0,2,30,HOMBRE,ILESO,CONDUCTOR PRESENTE,NO,NO,3
2455,7706,7707,2017,1,0,-0.088884,-78.439915,PICHINCHA,QUITO,CALDERON (CARAPUNGO),RURAL,2017-04-08,19:55:00,19,SABADO,6,ABRIL,4,NO,"NO RESPETAR LAS SENIALES REGLAMENTARIAS DE TRANSITO. (PARE, CEDA EL PASO, LUZ ROJA DEL SEMAFORO, ETC).",CHOQUE LATERAL,MOTOCICLETA,0,0,0,0,0,0,0,0,1,1,0,0,0,2,32,HOMBRE,LESIONADO,CONDUCTOR PRESENTE,NO,NO,3
2456,7707,7708,2017,0,0,-0.223348,-78.507921,PICHINCHA,QUITO,QUITO,URBANA,2017-04-08,20:00:00,20,SABADO,6,ABRIL,4,NO,NO CEDER EL DERECHO DE VIA O PREFERENCIA DE PASO AL PEATON.,ATROPELLOS,AUTOMOVIL,1,0,0,0,0,0,0,0,0,0,0,0,0,1,49,HOMBRE,ILESO,CONDUCTOR PRESENTE,NO,NO,0
2457,7709,7710,2017,1,0,-0.231386,-78.491361,PICHINCHA,QUITO,QUITO,URBANA,2017-04-08,20:30:00,20,SABADO,6,ABRIL,4,NO,NO MANTENER LA DISTANCIA PRUDENCIAL CON RESPECTO AL VEHICULO QUE LE ANTECEDE.,CHOQUE POSTERIOR,AUTOMOVIL,1,0,0,0,0,0,0,0,0,1,0,0,0,2,28,MUJER,LESIONADO,PASAJERO,NO,NO,0
2458,7710,7711,2017,0,0,-0.322221,-78.555057,PICHINCHA,QUITO,QUITO,URBANA,2017-04-08,20:35:00,20,SABADO,6,ABRIL,4,NO,NO GUARDAR LA DISTANCIA LATERAL MINIMA DE SEGURIDAD ENTRE VEHICULOS.,ROZAMIENTOS,CAMIONETA,0,0,0,0,2,0,0,0,0,0,0,0,0,2,31,HOMBRE,ILESO,CONDUCTOR PRESENTE,NO,NO,0
2459,7711,7712,2017,1,0,-0.199767,-78.428809,PICHINCHA,QUITO,CUMBAYA,RURAL,2017-04-08,21:20:00,21,SABADO,6,ABRIL,4,NO,"CONDUCE BAJO LA INFLUENCIA DE ALCOHOL, SUSTANCIAS ESTUPEFACIENTES O PSICOTROPICAS Y/O MEDICAMENTOS.",COLISION,AUTOMOVIL,3,0,0,0,0,0,0,0,0,0,0,0,0,3,38,HOMBRE,LESIONADO,CONDUCTOR PRESENTE,NO,NO,3
2460,7712,7713,2017,1,0,-0.185884,-78.453561,PICHINCHA,QUITO,NAYON,RURAL,2017-04-08,21:20:00,21,SABADO,6,ABRIL,4,NO,CONDUCIR VEHICULO SUPERANDO LOS LIMITES MAXIMOS DE VELOCIDAD.,PERDIDA DE PISTA,MOTOCICLETA,0,0,0,0,0,0,0,0,1,0,0,0,0,1,23,HOMBRE,LESIONADO,CONDUCTOR PRESENTE,NO,NO,3
2461,7714,7715,2017,0,0,-0.266703,-78.554026,PICHINCHA,QUITO,QUITO,URBANA,2017-04-08,21:50:00,21,SABADO,6,ABRIL,4,NO,"CONDUCE BAJO LA INFLUENCIA DE ALCOHOL, SUSTANCIAS ESTUPEFACIENTES O PSICOTROPICAS Y/O MEDICAMENTOS.",CHOQUE LATERAL,CAMIONETA,0,0,0,0,2,0,0,0,0,0,0,0,0,2,30,HOMBRE,ILESO,CONDUCTOR PRESENTE,NO,NO,0
2462,7716,7717,2017,0,0,-0.343307,-78.430235,PICHINCHA,RUMINIAHUI,SANGOLQUI,URBANA,2017-04-08,22:50:00,22,SABADO,6,ABRIL,4,NO,"CONDUCE BAJO LA INFLUENCIA DE ALCOHOL, SUSTANCIAS ESTUPEFACIENTES O PSICOTROPICAS Y/O MEDICAMENTOS.",CHOQUE POSTERIOR,AUTOMOVIL,2,0,0,0,0,0,0,0,0,0,0,0,0,2,39,HOMBRE,ILESO,CONDUCTOR PRESENTE,NO,NO,0
2463,7717,7718,2017,2,0,-0.150393,-78.453592,PICHINCHA,QUITO,QUITO,URBANA,2017-04-08,23:05:00,23,SABADO,6,ABRIL,4,NO,"CONDUCE BAJO LA INFLUENCIA DE ALCOHOL, SUSTANCIAS ESTUPEFACIENTES O PSICOTROPICAS Y/O MEDICAMENTOS.",ESTRELLAMIENTOS,AUTOMOVIL,2,0,0,0,0,0,0,0,0,0,0,0,0,2,24,MUJER,LESIONADO,CONDUCTOR PRESENTE,NO,NO,0
2464,7750,7751,2017,0,0,-0.203241,-78.422769,PICHINCHA,QUITO,CUMBAYA,RURAL,2017-04-09,00:20:00,0,DOMINGO,7,ABRIL,4,NO,"CONDUCIR EN ESTADO DE SOMNOLENCIA O MALAS CONDICIONES FISICAS (SUENIO, CANSANCIO Y FATIGA).",ESTRELLAMIENTOS,VEHICULO DEPORTIVO UTILITARIO,0,0,0,0,0,0,0,0,0,0,0,0,1,1,68,HOMBRE,ILESO,CONDUCTOR PRESENTE,NO,NO,3
2465,7751,7752,2017,0,0,-0.256733,-78.542807,PICHINCHA,QUITO,QUITO,URBANA,2017-04-09,00:20:00,0,DOMINGO,7,ABRIL,4,NO,"CONDUCIR EN ESTADO DE SOMNOLENCIA O MALAS CONDICIONES FISICAS (SUENIO, CANSANCIO Y FATIGA).",CHOQUE POSTERIOR,AUTOMOVIL,1,0,0,0,0,0,0,0,1,0,0,0,0,2,56,HOMBRE,ILESO,CONDUCTOR PRESENTE,NO,NO,0
2466,7754,7755,2017,0,0,-0.098885,-78.470687,PICHINCHA,QUITO,QUITO,URBANA,2017-04-09,01:10:00,1,DOMINGO,7,ABRIL,4,NO,CONDUCIR VEHICULO SUPERANDO LOS LIMITES MAXIMOS DE VELOCIDAD.,PERDIDA DE PISTA,AUTOMOVIL,1,0,0,0,0,0,0,0,0,0,0,0,0,1,-1,NO IDENTIFICADO,NO IDENTIFICADO,CONDUCTOR AUSENTE,NO,NO,2
2467,7758,7759,2017,0,0,-0.153684,-78.467693,PICHINCHA,QUITO,QUITO,URBANA,2017-04-09,02:40:00,2,DOMINGO,7,ABRIL,4,NO,"CONDUCIR EN ESTADO DE SOMNOLENCIA O MALAS CONDICIONES FISICAS (SUENIO, CANSANCIO Y FATIGA).",ESTRELLAMIENTOS,AUTOMOVIL,1,0,0,0,0,0,0,0,0,0,0,0,0,1,-1,NO IDENTIFICADO,NO IDENTIFICADO,CONDUCTOR AUSENTE,NO,NO,2
2468,7761,7762,2017,2,0,-0.033731,-78.446066,PICHINCHA,QUITO,POMASQUI,RURAL,2017-04-09,03:17:00,3,DOMINGO,7,ABRIL,4,NO,NO TRANSITAR POR LAS ACERAS O ZONAS DE SEGURIDAD DESTINADAS PARA EL EFECTO.,ATROPELLOS,CAMIONETA,0,0,0,0,1,0,0,0,0,0,0,0,0,1,35,MUJER,LESIONADO,PEATON,NO,NO,3
2469,7766,7767,2017,0,0,-0.254686,-78.504316,PICHINCHA,QUITO,QUITO,URBANA,2017-04-09,04:20:00,4,DOMINGO,7,ABRIL,4,NO,"CONDUCIR EN ESTADO DE SOMNOLENCIA O MALAS CONDICIONES FISICAS (SUENIO, CANSANCIO Y FATIGA).",ESTRELLAMIENTOS,CAMIONETA,1,0,0,0,1,0,0,0,0,0,0,0,0,2,30,HOMBRE,ILESO,CONDUCTOR PRESENTE,NO,NO,0
2470,7772,7773,2017,0,0,-0.123105,-78.493835,PICHINCHA,QUITO,QUITO,URBANA,2017-04-09,06:15:00,6,DOMINGO,7,ABRIL,4,NO,"CONDUCIR DESATENTO A LAS CONDICIONES DE TRANSITO (CELULAR, PANTALLAS DE VIDEO, COMIDA, MAQUILLAJE O CUALQUIER OTRO ELEMENTO DISTRACTOR).",ESTRELLAMIENTOS,AUTOMOVIL,1,0,0,0,0,0,0,0,0,0,0,0,0,1,-1,NO IDENTIFICADO,NO IDENTIFICADO,CONDUCTOR AUSENTE,NO,NO,2
2471,7773,7774,2017,0,0,-0.102951,-78.463195,PICHINCHA,QUITO,QUITO,URBANA,2017-04-09,06:50:00,6,DOMINGO,7,ABRIL,4,NO,"CONDUCE BAJO LA INFLUENCIA DE ALCOHOL, SUSTANCIAS ESTUPEFACIENTES O PSICOTROPICAS Y/O MEDICAMENTOS.",CHOQUE LATERAL,VEHICULO DEPORTIVO UTILITARIO,1,0,0,0,0,0,0,0,0,0,0,0,1,2,22,HOMBRE,ILESO,CONDUCTOR PRESENTE,NO,NO,0
2472,7775,7776,2017,1,0,-0.269922,-78.528146,PICHINCHA,QUITO,QUITO,URBANA,2017-04-09,07:20:00,7,DOMINGO,7,ABRIL,4,NO,NO CEDER EL DERECHO DE VIA O PREFERENCIA DE PASO AL PEATON.,ATROPELLOS,NO IDENTIFICADO,0,0,0,0,0,0,0,0,0,1,0,0,0,1,21,HOMBRE,LESIONADO,PEATON,NO,NO,0
2473,7778,7779,2017,1,0,-0.176087,-78.455003,PICHINCHA,QUITO,QUITO,RURAL,2017-04-09,08:26:00,8,DOMINGO,7,ABRIL,4,NO,CONDUCIR VEHICULO SUPERANDO LOS LIMITES MAXIMOS DE VELOCIDAD.,PERDIDA DE PISTA,AUTOMOVIL,1,0,0,0,0,0,0,0,0,0,0,0,0,1,23,HOMBRE,LESIONADO,CONDUCTOR PRESENTE,NO,NO,3
2474,7779,7780,2017,1,0,-0.188478,-78.447371,PICHINCHA,QUITO,NAYON,RURAL,2017-04-09,09:50:00,9,DOMINGO,7,ABRIL,4,NO,REALIZAR CAMBIO BRUSCO O INDEBIDO DE CARRIL.,PERDIDA DE PISTA,MOTOCICLETA,0,0,0,0,0,0,0,0,1,0,0,0,0,1,30,HOMBRE,LESIONADO,CONDUCTOR PRESENTE,NO,NO,3
2475,7780,7781,2017,1,0,-0.129811,-78.510956,PICHINCHA,QUITO,QUITO,URBANA,2017-04-09,10:30:00,10,DOMINGO,7,ABRIL,4,NO,NO CEDER EL DERECHO DE VIA O PREFERENCIA DE PASO AL PEATON.,ARROLLAMIENTOS,NO IDENTIFICADO,0,0,0,0,0,0,0,0,0,1,0,0,0,1,2,HOMBRE,LESIONADO,PEATON,NO,NO,0
2476,7782,7783,2017,5,0,-0.090967,-78.402963,PICHINCHA,QUITO,CALDERON (CARAPUNGO),RURAL,2017-04-09,12:00:00,12,DOMINGO,7,ABRIL,4,NO,NO MANTENER LA DISTANCIA PRUDENCIAL CON RESPECTO AL VEHICULO QUE LE ANTECEDE.,PERDIDA DE PISTA,VEHICULO DEPORTIVO UTILITARIO,0,0,0,0,0,0,0,0,0,0,0,0,1,1,55,MUJER,LESIONADO,PASAJERO,NO,NO,3
2477,7785,7786,2017,1,0,-0.338703,-78.561525,PICHINCHA,QUITO,QUITO,URBANA,2017-04-09,13:05:00,13,DOMINGO,7,ABRIL,4,NO,PEATON QUE CRUZA LA CALZADA SIN RESPETAR LA SENIALIZACION EXISTENTE (SEMAFOROS O SENIALES MANUALES).,CHOQUE LATERAL,VEHICULO DEPORTIVO UTILITARIO,0,1,0,0,0,0,0,0,0,0,0,0,1,2,12,HOMBRE,LESIONADO,CONDUCTOR PRESENTE,NO,NO,0
2478,7787,7788,2017,1,0,-0.319976,-78.564972,PICHINCHA,QUITO,QUITO,URBANA,2017-04-09,13:20:00,13,DOMINGO,7,ABRIL,4,NO,NO CEDER EL DERECHO DE VIA O PREFERENCIA DE PASO AL PEATON.,ATROPELLOS,NO IDENTIFICADO,0,0,0,0,0,0,0,0,0,1,0,0,0,1,50,HOMBRE,LESIONADO,PEATON,NO,NO,0
2479,7788,7789,2017,1,0,-0.211735,-78.499352,PICHINCHA,QUITO,QUITO,URBANA,2017-04-09,14:00:00,14,DOMINGO,7,ABRIL,4,NO,DEJAR O RECOGER PASAJEROS EN LUGARES NO PERMITIDOS.,CAIDA DE PASAJERO,NO IDENTIFICADO,0,0,0,0,0,0,0,0,0,1,0,0,0,1,17,HOMBRE,LESIONADO,PASAJERO,NO,NO,0
2480,7791,7792,2017,1,0,-0.172254,-78.490195,PICHINCHA,QUITO,QUITO,URBANA,2017-04-09,14:40:00,14,DOMINGO,7,ABRIL,4,NO,NO MANTENER LA DISTANCIA PRUDENCIAL CON RESPECTO AL VEHICULO QUE LE ANTECEDE.,CHOQUE POSTERIOR,NO IDENTIFICADO,0,0,0,0,0,0,0,0,0,2,0,0,0,2,21,HOMBRE,LESIONADO,PASAJERO,NO,NO,0
2481,7792,7793,2017,1,0,-0.256772,-78.542845,PICHINCHA,QUITO,QUITO,URBANA,2017-04-09,14:45:00,14,DOMINGO,7,ABRIL,4,NO,NO CEDER EL DERECHO DE VIA O PREFERENCIA DE PASO AL PEATON.,ATROPELLOS,BUS,0,0,1,0,0,0,0,0,0,0,0,0,0,1,55,HOMBRE,LESIONADO,PEATON,NO,NO,0
2482,7795,7796,2017,1,0,-0.198684,-78.500504,PICHINCHA,QUITO,QUITO,URBANA,2017-04-09,15:00:00,15,DOMINGO,7,ABRIL,4,NO,CONDUCIR VEHICULO SUPERANDO LOS LIMITES MAXIMOS DE VELOCIDAD.,CHOQUE POSTERIOR,BUS,0,0,2,0,0,0,0,0,0,0,0,0,0,2,35,MUJER,LESIONADO,PASAJERO,NO,NO,0
2483,7796,7797,2017,1,0,-0.292638,-78.475296,PICHINCHA,QUITO,CONOCOTO,RURAL,2017-04-09,15:25:00,15,DOMINGO,7,ABRIL,4,NO,"NO RESPETAR LAS SENIALES REGLAMENTARIAS DE TRANSITO. (PARE, CEDA EL PASO, LUZ ROJA DEL SEMAFORO, ETC).",CHOQUE LATERAL,AUTOMOVIL,1,0,0,0,0,0,0,0,1,0,0,0,0,2,20,HOMBRE,LESIONADO,CONDUCTOR PRESENTE,NO,NO,3
2484,7797,7798,2017,0,0,-0.453135,-78.758058,PICHINCHA,MEJIA,MANUEL CORNEJO ASTORGA,RURAL,2017-04-09,15:40:00,15,DOMINGO,7,ABRIL,4,NO,"CONDICIONES AMBIENTALES Y/O ATMOSFERICAS (NIEBLA, NEBLINA, GRANIZO, LLUVIA).",CHOQUE LATERAL,AUTOMOVIL,1,0,0,0,0,0,0,0,0,0,0,0,1,2,26,HOMBRE,ILESO,CONDUCTOR PRESENTE,NO,NO,3
2485,7798,7799,2017,1,0,-0.359353,-78.534678,PICHINCHA,MEJIA,CUTUGLAHUA,RURAL,2017-04-09,15:45:00,15,DOMINGO,7,ABRIL,4,NO,"CONDICIONES AMBIENTALES Y/O ATMOSFERICAS (NIEBLA, NEBLINA, GRANIZO, LLUVIA).",CAIDA DE PASAJERO,MOTOCICLETA,0,0,0,0,0,0,0,0,1,0,0,0,0,1,49,HOMBRE,LESIONADO,CONDUCTOR PRESENTE,NO,NO,3
2486,7799,7800,2017,6,1,-0.188922,-78.511811,PICHINCHA,QUITO,QUITO,URBANA,2017-04-09,15:59:00,15,DOMINGO,7,ABRIL,4,NO,"CONDUCE BAJO LA INFLUENCIA DE ALCOHOL, SUSTANCIAS ESTUPEFACIENTES O PSICOTROPICAS Y/O MEDICAMENTOS.",CHOQUE LATERAL,AUTOMOVIL,1,0,0,0,0,0,0,0,0,0,0,0,1,2,51,MUJER,FALLECIDO,PASAJERO,NO,NO,0
2487,7804,7805,2017,0,0,-0.101208,-78.448001,PICHINCHA,QUITO,CALDERON (CARAPUNGO),RURAL,2017-04-09,17:15:00,17,DOMINGO,7,ABRIL,4,NO,NO MANTENER LA DISTANCIA PRUDENCIAL CON RESPECTO AL VEHICULO QUE LE ANTECEDE.,CHOQUE POSTERIOR,AUTOMOVIL,1,0,0,0,0,0,0,0,1,0,0,0,0,2,27,HOMBRE,ILESO,CONDUCTOR PRESENTE,NO,NO,3
2488,7813,7814,2017,2,2,-0.547985,-78.585732,PICHINCHA,MEJIA,MACHACHI,RURAL,2017-04-09,20:00:00,20,DOMINGO,7,ABRIL,4,NO,NO GUARDAR LA DISTANCIA LATERAL MINIMA DE SEGURIDAD ENTRE VEHICULOS.,CHOQUE LATERAL,AUTOMOVIL,1,0,0,1,0,0,0,0,0,0,0,0,0,2,38,MUJER,FALLECIDO,PASAJERO,NO,NO,3
2489,7814,7815,2017,1,0,-0.219462,-78.506968,PICHINCHA,QUITO,QUITO,URBANA,2017-04-09,20:00:00,20,DOMINGO,7,ABRIL,4,NO,NO TRANSITAR POR LAS ACERAS O ZONAS DE SEGURIDAD DESTINADAS PARA EL EFECTO.,ATROPELLOS,NO IDENTIFICADO,0,0,0,0,0,0,0,0,0,1,0,0,0,1,78,HOMBRE,LESIONADO,PEATON,NO,NO,0
2490,7815,7816,2017,0,0,-0.254686,-78.504316,PICHINCHA,QUITO,QUITO,URBANA,2017-04-09,20:50:00,20,DOMINGO,7,ABRIL,4,NO,CONDUCIR VEHICULO SUPERANDO LOS LIMITES MAXIMOS DE VELOCIDAD.,ESTRELLAMIENTOS,AUTOMOVIL,1,0,0,0,0,0,0,0,0,0,0,0,0,1,-1,NO IDENTIFICADO,NO IDENTIFICADO,CONDUCTOR AUSENTE,NO,NO,2
2491,7818,7819,2017,1,0,-0.230265,-78.526055,PICHINCHA,QUITO,QUITO,URBANA,2017-04-09,22:28:00,22,DOMINGO,7,ABRIL,4,NO,CONDUCIR VEHICULO SUPERANDO LOS LIMITES MAXIMOS DE VELOCIDAD.,ESTRELLAMIENTOS,AUTOMOVIL,2,0,0,0,0,0,0,0,0,0,0,0,1,3,-1,HOMBRE,LESIONADO,PEATON,NO,NO,0
2492,7819,7820,2017,1,0,-0.089881,-78.517157,PICHINCHA,QUITO,QUITO,URBANA,2017-04-09,23:40:00,23,DOMINGO,7,ABRIL,4,NO,CONDUCIR VEHICULO SUPERANDO LOS LIMITES MAXIMOS DE VELOCIDAD.,PERDIDA DE PISTA,MOTOCICLETA,0,0,0,0,0,0,0,0,1,0,0,0,0,1,24,HOMBRE,LESIONADO,CONDUCTOR PRESENTE,NO,NO,0
2493,7840,7841,2017,0,0,-0.276708,-78.542623,PICHINCHA,QUITO,QUITO,URBANA,2017-04-10,01:30:00,1,LUNES,1,ABRIL,4,NO,"CONDUCIR EN ESTADO DE SOMNOLENCIA O MALAS CONDICIONES FISICAS (SUENIO, CANSANCIO Y FATIGA).",ESTRELLAMIENTOS,VEHICULO DEPORTIVO UTILITARIO,0,0,0,0,0,0,0,0,0,0,0,0,1,1,-1,NO IDENTIFICADO,NO IDENTIFICADO,CONDUCTOR AUSENTE,NO,NO,2
2494,7843,7844,2017,0,0,-0.069101,-78.373198,PICHINCHA,QUITO,CALDERON (CARAPUNGO),RURAL,2017-04-10,06:20:00,6,LUNES,1,ABRIL,4,NO,NO MANTENER LA DISTANCIA PRUDENCIAL CON RESPECTO AL VEHICULO QUE LE ANTECEDE.,PERDIDA DE PISTA,CAMIONETA,0,0,0,0,1,0,0,0,0,0,0,0,0,1,31,HOMBRE,ILESO,CONDUCTOR PRESENTE,NO,NO,3
2495,7845,7846,2017,0,0,-0.144229,-78.469533,PICHINCHA,QUITO,QUITO,URBANA,2017-04-10,06:45:00,6,LUNES,1,ABRIL,4,NO,"NO RESPETAR LAS SENIALES REGLAMENTARIAS DE TRANSITO. (PARE, CEDA EL PASO, LUZ ROJA DEL SEMAFORO, ETC).",CHOQUE LATERAL,AUTOMOVIL,1,0,0,0,0,0,0,0,0,1,0,0,0,2,18,HOMBRE,ILESO,CONDUCTOR PRESENTE,NO,NO,0
2496,7846,7847,2017,0,0,-0.310986,-78.564638,PICHINCHA,QUITO,QUITO,URBANA,2017-04-10,07:15:00,7,LUNES,1,ABRIL,4,NO,NO CEDER EL DERECHO DE VIA O PREFERENCIA DE PASO A VEHICULOS.,CHOQUE LATERAL,CAMIONETA,1,0,0,0,1,0,0,0,0,0,0,0,0,2,52,HOMBRE,ILESO,CONDUCTOR PRESENTE,NO,NO,0
2497,7847,7848,2017,2,0,-0.098993,-78.478996,PICHINCHA,QUITO,QUITO,URBANA,2017-04-10,07:24:00,7,LUNES,1,ABRIL,4,NO,"NO RESPETAR LAS SENIALES REGLAMENTARIAS DE TRANSITO. (PARE, CEDA EL PASO, LUZ ROJA DEL SEMAFORO, ETC).",CHOQUE LATERAL,AUTOMOVIL,1,0,0,0,1,0,0,0,0,0,0,0,0,2,10,HOMBRE,LESIONADO,PASAJERO,NO,NO,0
2498,7849,7850,2017,1,0,-0.206535,-78.512278,PICHINCHA,QUITO,QUITO,URBANA,2017-04-10,07:40:00,7,LUNES,1,ABRIL,4,NO,NO TRANSITAR POR LAS ACERAS O ZONAS DE SEGURIDAD DESTINADAS PARA EL EFECTO.,ATROPELLOS,AUTOMOVIL,1,0,0,0,0,0,0,0,0,0,0,0,0,1,21,HOMBRE,LESIONADO,PEATON,NO,NO,0
2499,7850,7851,2017,0,0,-0.224592,-78.396554,PICHINCHA,QUITO,TUMBACO,RURAL,2017-04-10,08:00:00,8,LUNES,1,ABRIL,4,NO,NO CEDER EL DERECHO DE VIA O PREFERENCIA DE PASO A VEHICULOS.,CHOQUE LATERAL,VEHICULO DEPORTIVO UTILITARIO,0,0,0,0,0,0,0,0,0,0,0,0,2,2,50,HOMBRE,ILESO,CONDUCTOR PRESENTE,NO,NO,3
2500,7852,7853,2017,1,0,-0.197388,-78.505501,PICHINCHA,QUITO,QUITO,URBANA,2017-04-10,08:15:00,8,LUNES,1,ABRIL,4,NO,DEJAR O RECOGER PASAJEROS EN LUGARES NO PERMITIDOS.,CAIDA DE PASAJERO,BUS,0,0,1,0,0,0,0,0,0,0,0,0,0,1,-1,MUJER,LESIONADO,PASAJERO,NO,NO,0
2501,7854,7855,2017,0,0,-0.175725,-78.487568,PICHINCHA,QUITO,QUITO,URBANA,2017-04-10,08:30:00,8,LUNES,1,ABRIL,4,NO,"NO RESPETAR LAS SENIALES REGLAMENTARIAS DE TRANSITO. (PARE, CEDA EL PASO, LUZ ROJA DEL SEMAFORO, ETC).",CHOQUE LATERAL,AUTOMOVIL,1,0,0,0,0,0,0,0,0,0,0,0,1,2,25,HOMBRE,ILESO,CONDUCTOR PRESENTE,NO,NO,0
2502,7857,7858,2017,0,0,-0.197356,-78.500172,PICHINCHA,QUITO,QUITO,URBANA,2017-04-10,09:30:00,9,LUNES,1,ABRIL,4,NO,"ADELANTAR O REBASAR A OTRO VEHICULO EN MOVIMIENTO EN ZONAS O SITIOS PELIGROSOS TALES COMO: CURVAS, PUENTES, TUNELES, PENDIENTES, ETC.",ROZAMIENTOS,AUTOMOVIL,1,0,1,0,0,0,0,0,0,0,0,0,0,2,41,HOMBRE,ILESO,CONDUCTOR PRESENTE,NO,NO,0
2503,7858,7859,2017,0,1,-0.121216,-78.480213,PICHINCHA,QUITO,QUITO,URBANA,2017-04-10,10:10:00,10,LUNES,1,ABRIL,4,NO,NO CEDER EL DERECHO DE VIA O PREFERENCIA DE PASO AL PEATON.,ATROPELLOS,AUTOMOVIL,1,0,0,0,0,0,0,0,0,0,0,0,0,1,72,HOMBRE,FALLECIDO,PEATON,NO,NO,0
2504,7859,7860,2017,1,0,-0.221861,-78.508666,PICHINCHA,QUITO,QUITO,URBANA,2017-04-10,10:35:00,10,LUNES,1,ABRIL,4,NO,PEATON QUE CRUZA LA CALZADA SIN RESPETAR LA SENIALIZACION EXISTENTE (SEMAFOROS O SENIALES MANUALES).,ATROPELLOS,AUTOMOVIL,1,0,0,0,0,0,0,0,0,0,0,0,0,1,64,HOMBRE,LESIONADO,PEATON,NO,NO,0
2505,7860,7861,2017,1,0,-0.171844,-78.487793,PICHINCHA,QUITO,QUITO,URBANA,2017-04-10,11:00:00,11,LUNES,1,ABRIL,4,NO,"CASO FORTUITO O FUERZA MAYOR (EXPLOSION DE NEUMATICO NUEVO, DERRUMBE, INUNDACION, CAIDA DE PUENTE, ARBOL, PRESENCIA INTEMPESTIVA E IMPREVISTA DE SEMOVIENTES EN LA VIA, ETC.).",OTROS,MOTOCICLETA,0,0,0,0,0,0,0,0,1,0,0,0,0,1,26,HOMBRE,LESIONADO,CONDUCTOR PRESENTE,NO,NO,0
2506,7865,7866,2017,1,0,-0.169324,-78.484509,PICHINCHA,QUITO,QUITO,URBANA,2017-04-10,12:45:00,12,LUNES,1,ABRIL,4,NO,NO CEDER EL DERECHO DE VIA O PREFERENCIA DE PASO AL PEATON.,ATROPELLOS,MOTOCICLETA,0,0,0,0,0,0,0,0,1,0,0,0,0,1,14,HOMBRE,LESIONADO,PEATON,NO,NO,0
2507,7867,7868,2017,1,0,-0.129333,-78.494056,PICHINCHA,QUITO,QUITO,URBANA,2017-04-10,13:15:00,13,LUNES,1,ABRIL,4,NO,NO GUARDAR LA DISTANCIA LATERAL MINIMA DE SEGURIDAD ENTRE VEHICULOS.,ROZAMIENTOS,MOTOCICLETA,0,0,0,0,0,0,0,0,1,1,0,0,0,2,53,HOMBRE,LESIONADO,CONDUCTOR PRESENTE,NO,NO,0
2508,7868,7869,2017,2,0,-0.259499,-78.522621,PICHINCHA,QUITO,QUITO,URBANA,2017-04-10,13:30:00,13,LUNES,1,ABRIL,4,NO,"NO RESPETAR LAS SENIALES REGLAMENTARIAS DE TRANSITO. (PARE, CEDA EL PASO, LUZ ROJA DEL SEMAFORO, ETC).",CHOQUE LATERAL,AUTOMOVIL,2,0,0,0,0,0,0,0,0,0,0,0,0,2,55,HOMBRE,LESIONADO,CONDUCTOR PRESENTE,NO,NO,0