,Unnamed: 0,ID,ANIO,LESIONADOS,FALLECIDOS,LATITUD_Y,LONGITUD_X,PROVINCIA,CANTON,PARROQUIA,ZONA,FECHA,HORA,PERIODO_2,DIA_1,DIA_2,MES_1,MES_2,FERIADO,CAUSA_PROBABLE,TIPO_DE_SINIESTRO,TIPO_DE_VEHICULO_1,AUTOMOVIL,BICICLETA,BUS,CAMION,CAMIONETA,EMERGENCIAS,ESPECIAL,FURGONETA,MOTOCICLETA,NO_IDENTIFICADO,SCOOTER_ELECTRICO,TRICIMOTO,VEHICULO_DEPORTIVO_UTILITARIO,SUMA_DE_VEHICULOS,EDAD_1,SEXO_1,CONDICION_1,PARTICIPANTE_1,CASCO_1,CINTURON_1,KMeans_Cluster
2509,7872,7873,2017,0,0,-0.227324,-78.450086,PICHINCHA,QUITO,CUMBAYA,RURAL,2017-04-10,14:20:00,14,LUNES,1,ABRIL,4,NO,CONDUCIR VEHICULO SUPERANDO LOS LIMITES MAXIMOS DE VELOCIDAD.,VOLCAMIENTOS,CAMIONETA,0,0,0,0,1,0,0,0,0,0,0,0,0,1,33,HOMBRE,ILESO,CONDUCTOR PRESENTE,NO,NO,3
2510,7873,7874,2017,0,0,-0.169203,-78.485201,PICHINCHA,QUITO,QUITO,URBANA,2017-04-10,14:30:00,14,LUNES,1,ABRIL,4,NO,NO CEDER EL DERECHO DE VIA O PREFERENCIA DE PASO A VEHICULOS.,CHOQUE LATERAL,MOTOCICLETA,0,0,0,0,0,0,0,0,1,0,0,0,1,2,40,MUJER,ILESO,CONDUCTOR PRESENTE,NO,NO,0
2511,7874,7875,2017,0,0,-0.224821,-78.497186,PICHINCHA,QUITO,QUITO,URBANA,2017-04-10,14:30:00,14,LUNES,1,ABRIL,4,NO,NO MANTENER LA DISTANCIA PRUDENCIAL CON RESPECTO AL VEHICULO QUE LE ANTECEDE.,COLISION,MOTOCICLETA,2,0,0,0,0,0,0,0,1,0,0,0,0,3,32,HOMBRE,ILESO,CONDUCTOR PRESENTE,NO,NO,0
2512,7877,7878,2017,0,0,-0.184739,-78.490848,PICHINCHA,QUITO,QUITO,URBANA,2017-04-10,15:00:00,15,LUNES,1,ABRIL,4,NO,NO TRANSITAR POR LAS ACERAS O ZONAS DE SEGURIDAD DESTINADAS PARA EL EFECTO.,ATROPELLOS,AUTOMOVIL,1,0,0,0,0,0,0,0,0,0,0,0,0,1,68,HOMBRE,ILESO,CONDUCTOR PRESENTE,NO,NO,0
2513,7880,7881,2017,0,0,-0.221234,-78.420608,PICHINCHA,QUITO,TUMBACO,RURAL,2017-04-10,15:40:00,15,LUNES,1,ABRIL,4,NO,CONDUCIR VEHICULO SUPERANDO LOS LIMITES MAXIMOS DE VELOCIDAD.,PERDIDA DE PISTA,AUTOMOVIL,1,0,0,0,0,0,0,0,0,0,0,0,0,1,37,MUJER,ILESO,CONDUCTOR PRESENTE,NO,NO,3
2514,7881,7882,2017,0,0,-0.102365,-78.490629,PICHINCHA,QUITO,QUITO,URBANA,2017-04-10,15:50:00,15,LUNES,1,ABRIL,4,NO,NO MANTENER LA DISTANCIA PRUDENCIAL CON RESPECTO AL VEHICULO QUE LE ANTECEDE.,CHOQUE POSTERIOR,VEHICULO DEPORTIVO UTILITARIO,1,0,0,0,0,0,0,0,0,0,0,0,1,2,22,HOMBRE,ILESO,CONDUCTOR PRESENTE,NO,NO,0
2515,7882,7883,2017,0,0,-0.315491,-78.553537,PICHINCHA,QUITO,QUITO,URBANA,2017-04-10,16:10:00,16,LUNES,1,ABRIL,4,NO,NO GUARDAR LA DISTANCIA LATERAL MINIMA DE SEGURIDAD ENTRE VEHICULOS.,ROZAMIENTOS,MOTOCICLETA,1,0,0,0,0,0,0,0,1,0,0,0,0,2,25,HOMBRE,ILESO,CONDUCTOR PRESENTE,NO,NO,0
2516,7883,7884,2017,1,0,-0.199767,-78.428809,PICHINCHA,QUITO,CUMBAYA,RURAL,2017-04-10,16:30:00,16,LUNES,1,ABRIL,4,NO,NO CEDER EL DERECHO DE VIA O PREFERENCIA DE PASO AL PEATON.,ATROPELLOS,AUTOMOVIL,1,0,0,0,0,0,0,0,0,0,0,0,0,1,14,HOMBRE,LESIONADO,PEATON,NO,NO,3
2517,7892,7893,2017,0,0,-0.211402,-78.376174,PICHINCHA,QUITO,TUMBACO,RURAL,2017-04-10,18:40:00,18,LUNES,1,ABRIL,4,NO,NO CEDER EL DERECHO DE VIA O PREFERENCIA DE PASO A VEHICULOS.,CHOQUE LATERAL,VEHICULO DEPORTIVO UTILITARIO,1,0,0,0,0,0,0,0,0,0,0,0,1,2,36,MUJER,ILESO,CONDUCTOR PRESENTE,NO,NO,3
2518,7895,7896,2017,0,0,-0.243616,-78.527272,PICHINCHA,QUITO,QUITO,URBANA,2017-04-10,19:05:00,19,LUNES,1,ABRIL,4,NO,NO CEDER EL DERECHO DE VIA O PREFERENCIA DE PASO A VEHICULOS.,CHOQUE LATERAL,MOTOCICLETA,1,0,0,0,0,0,0,0,1,0,0,0,0,2,30,HOMBRE,ILESO,CONDUCTOR PRESENTE,NO,NO,0
2519,7900,7901,2017,2,0,-0.260733,-78.528928,PICHINCHA,QUITO,QUITO,URBANA,2017-04-10,22:30:00,22,LUNES,1,ABRIL,4,NO,CONDUCIR VEHICULO SUPERANDO LOS LIMITES MAXIMOS DE VELOCIDAD.,ESTRELLAMIENTOS,CAMIONETA,0,0,0,0,1,0,0,1,0,0,0,0,0,2,19,HOMBRE,LESIONADO,PASAJERO,NO,NO,0
2520,7917,7918,2017,1,0,-0.206438,-78.370261,PICHINCHA,QUITO,PUEMBO,RURAL,2017-04-11,00:00:00,0,MARTES,2,ABRIL,4,NO,"CONDUCE BAJO LA INFLUENCIA DE ALCOHOL, SUSTANCIAS ESTUPEFACIENTES O PSICOTROPICAS Y/O MEDICAMENTOS.",COLISION,AUTOMOVIL,2,0,0,1,0,0,0,0,0,0,0,0,1,4,34,HOMBRE,LESIONADO,CONDUCTOR PRESENTE,NO,NO,3
2521,7922,7923,2017,0,0,-0.209795,-78.404282,PICHINCHA,QUITO,TUMBACO,RURAL,2017-04-11,06:30:00,6,MARTES,2,ABRIL,4,NO,NO GUARDAR LA DISTANCIA LATERAL MINIMA DE SEGURIDAD ENTRE VEHICULOS.,ROZAMIENTOS,AUTOMOVIL,1,0,0,0,0,0,0,0,0,0,0,0,1,2,25,HOMBRE,ILESO,CONDUCTOR PRESENTE,NO,NO,3
2522,7926,7927,2017,1,0,-0.187918,-78.487605,PICHINCHA,QUITO,QUITO,URBANA,2017-04-11,07:00:00,7,MARTES,2,ABRIL,4,NO,PEATON QUE CRUZA LA CALZADA SIN RESPETAR LA SENIALIZACION EXISTENTE (SEMAFOROS O SENIALES MANUALES).,ATROPELLOS,AUTOMOVIL,1,0,0,0,0,0,0,0,0,0,0,0,0,1,22,HOMBRE,LESIONADO,PEATON,NO,NO,0
2523,7929,7930,2017,0,0,-0.175823,-78.486154,PICHINCHA,QUITO,QUITO,URBANA,2017-04-11,08:04:00,8,MARTES,2,ABRIL,4,NO,REALIZAR CAMBIO BRUSCO O INDEBIDO DE CARRIL.,ROZAMIENTOS,VEHICULO DEPORTIVO UTILITARIO,0,0,1,0,0,0,0,0,0,0,0,0,1,2,49,HOMBRE,ILESO,CONDUCTOR PRESENTE,NO,NO,0
2524,7930,7931,2017,0,0,-0.100181,-78.471675,PICHINCHA,QUITO,QUITO,URBANA,2017-04-11,08:05:00,8,MARTES,2,ABRIL,4,NO,"CONDUCIR DESATENTO A LAS CONDICIONES DE TRANSITO (CELULAR, PANTALLAS DE VIDEO, COMIDA, MAQUILLAJE O CUALQUIER OTRO ELEMENTO DISTRACTOR).",ESTRELLAMIENTOS,CAMION,0,0,0,1,0,0,0,0,0,0,0,0,0,1,29,MUJER,ILESO,CONDUCTOR PRESENTE,NO,NO,0
2525,7936,7937,2017,0,0,-0.209854,-78.481162,PICHINCHA,QUITO,QUITO,URBANA,2017-04-11,09:30:00,9,MARTES,2,ABRIL,4,NO,"ADELANTAR O REBASAR A OTRO VEHICULO EN MOVIMIENTO EN ZONAS O SITIOS PELIGROSOS TALES COMO: CURVAS, PUENTES, TUNELES, PENDIENTES, ETC.",CHOQUE FRONTAL,AUTOMOVIL,2,0,0,0,0,0,0,0,0,0,0,0,0,2,37,MUJER,ILESO,CONDUCTOR PRESENTE,NO,NO,0
2526,7938,7939,2017,1,0,-0.278501,-78.556314,PICHINCHA,QUITO,QUITO,URBANA,2017-04-11,09:40:00,9,MARTES,2,ABRIL,4,NO,NO CEDER EL DERECHO DE VIA O PREFERENCIA DE PASO AL PEATON.,ARROLLAMIENTOS,NO IDENTIFICADO,0,0,0,0,0,0,0,0,0,1,0,0,0,1,73,MUJER,LESIONADO,PEATON,NO,NO,0
2527,7939,7940,2017,0,0,-0.189567,-78.454068,PICHINCHA,QUITO,NAYON,URBANA,2017-04-11,09:45:00,9,MARTES,2,ABRIL,4,NO,REALIZAR CAMBIO BRUSCO O INDEBIDO DE CARRIL.,COLISION,AUTOMOVIL,2,0,0,0,0,0,0,0,1,0,0,0,1,4,54,HOMBRE,ILESO,CONDUCTOR PRESENTE,NO,NO,0
2528,7944,7945,2017,0,0,-0.242475,-78.497488,PICHINCHA,QUITO,QUITO,URBANA,2017-04-11,11:50:00,11,MARTES,2,ABRIL,4,NO,NO MANTENER LA DISTANCIA PRUDENCIAL CON RESPECTO AL VEHICULO QUE LE ANTECEDE.,CHOQUE POSTERIOR,AUTOMOVIL,1,0,0,0,1,0,0,0,0,0,0,0,0,2,45,HOMBRE,ILESO,CONDUCTOR PRESENTE,NO,NO,0
2529,7947,7948,2017,0,0,-0.221176,-78.520687,PICHINCHA,QUITO,QUITO,URBANA,2017-04-11,12:25:00,12,MARTES,2,ABRIL,4,NO,"CONDUCIR DESATENTO A LAS CONDICIONES DE TRANSITO (CELULAR, PANTALLAS DE VIDEO, COMIDA, MAQUILLAJE O CUALQUIER OTRO ELEMENTO DISTRACTOR).",ATROPELLOS,ESPECIAL,0,0,0,0,0,0,1,0,0,0,0,0,0,1,47,HOMBRE,ILESO,CONDUCTOR PRESENTE,NO,NO,0
2530,7951,7952,2017,0,0,-0.181959,-78.505444,PICHINCHA,QUITO,QUITO,URBANA,2017-04-11,12:48:00,12,MARTES,2,ABRIL,4,NO,NO MANTENER LA DISTANCIA PRUDENCIAL CON RESPECTO AL VEHICULO QUE LE ANTECEDE.,CHOQUE POSTERIOR,AUTOMOVIL,1,0,0,0,1,0,0,0,0,0,0,0,0,2,30,HOMBRE,ILESO,CONDUCTOR PRESENTE,NO,NO,0
2531,7954,7955,2017,0,0,-0.278627,-78.548244,PICHINCHA,QUITO,QUITO,URBANA,2017-04-11,14:00:00,14,MARTES,2,ABRIL,4,NO,"CONDUCIR DESATENTO A LAS CONDICIONES DE TRANSITO (CELULAR, PANTALLAS DE VIDEO, COMIDA, MAQUILLAJE O CUALQUIER OTRO ELEMENTO DISTRACTOR).",PERDIDA DE PISTA,FURGONETA,0,0,0,0,0,0,0,1,0,0,0,0,0,1,-1,NO IDENTIFICADO,NO IDENTIFICADO,CONDUCTOR AUSENTE,NO,NO,2
2532,7958,7959,2017,1,0,-0.166275,-78.486863,PICHINCHA,QUITO,QUITO,URBANA,2017-04-11,14:35:00,14,MARTES,2,ABRIL,4,NO,"NO RESPETAR LAS SENIALES REGLAMENTARIAS DE TRANSITO. (PARE, CEDA EL PASO, LUZ ROJA DEL SEMAFORO, ETC).",CHOQUE LATERAL,MOTOCICLETA,0,0,1,0,0,0,0,0,1,0,0,0,0,2,22,MUJER,LESIONADO,PASAJERO,NO,NO,0
2533,7960,7961,2017,0,0,-0.261958,-78.558875,PICHINCHA,QUITO,QUITO,URBANA,2017-04-11,15:20:00,15,MARTES,2,ABRIL,4,NO,"CONDUCIR DESATENTO A LAS CONDICIONES DE TRANSITO (CELULAR, PANTALLAS DE VIDEO, COMIDA, MAQUILLAJE O CUALQUIER OTRO ELEMENTO DISTRACTOR).",ESTRELLAMIENTOS,AUTOMOVIL,1,0,0,0,0,0,0,0,0,0,0,0,0,1,-1,NO IDENTIFICADO,NO IDENTIFICADO,CONDUCTOR AUSENTE,NO,NO,2
2534,7961,7962,2017,0,0,-0.114384,-78.494586,PICHINCHA,QUITO,QUITO,URBANA,2017-04-11,15:30:00,15,MARTES,2,ABRIL,4,NO,"CONDUCE BAJO LA INFLUENCIA DE ALCOHOL, SUSTANCIAS ESTUPEFACIENTES O PSICOTROPICAS Y/O MEDICAMENTOS.",COLISION,CAMIONETA,1,0,0,0,1,0,0,0,0,0,0,0,1,3,20,HOMBRE,ILESO,CONDUCTOR PRESENTE,NO,NO,0
2535,7962,7963,2017,0,0,-0.210596,-78.398853,PICHINCHA,QUITO,TUMBACO,RURAL,2017-04-11,15:30:00,15,MARTES,2,ABRIL,4,NO,NO GUARDAR LA DISTANCIA LATERAL MINIMA DE SEGURIDAD ENTRE VEHICULOS.,ROZAMIENTOS,CAMION,0,0,0,1,1,0,0,0,0,0,0,0,0,2,45,HOMBRE,ILESO,CONDUCTOR PRESENTE,NO,NO,3
2536,7964,7965,2017,1,0,-0.282706,-78.554325,PICHINCHA,QUITO,QUITO,URBANA,2017-04-11,16:15:00,16,MARTES,2,ABRIL,4,NO,NO CEDER EL DERECHO DE VIA O PREFERENCIA DE PASO AL PEATON.,ATROPELLOS,AUTOMOVIL,1,0,0,0,0,0,0,0,0,0,0,0,0,1,6,MUJER,LESIONADO,PEATON,NO,NO,0
2537,7970,7971,2017,0,0,-0.317394,-78.549001,PICHINCHA,QUITO,QUITO,URBANA,2017-04-11,17:30:00,17,MARTES,2,ABRIL,4,NO,NO GUARDAR LA DISTANCIA LATERAL MINIMA DE SEGURIDAD ENTRE VEHICULOS.,ROZAMIENTOS,AUTOMOVIL,2,0,0,0,0,0,0,0,0,0,0,0,0,2,45,HOMBRE,ILESO,CONDUCTOR PRESENTE,NO,NO,0
2538,7971,7972,2017,1,0,-0.091585,-78.439072,PICHINCHA,QUITO,CALDERON (CARAPUNGO),RURAL,2017-04-11,17:45:00,17,MARTES,2,ABRIL,4,NO,"NO RESPETAR LAS SENIALES REGLAMENTARIAS DE TRANSITO. (PARE, CEDA EL PASO, LUZ ROJA DEL SEMAFORO, ETC).",CHOQUE LATERAL,MOTOCICLETA,0,0,0,0,1,0,0,0,1,0,0,0,0,2,22,MUJER,LESIONADO,CONDUCTOR PRESENTE,NO,NO,3
2539,7972,7973,2017,1,0,-0.355057,-78.549323,PICHINCHA,QUITO,QUITO,URBANA,2017-04-11,17:45:00,17,MARTES,2,ABRIL,4,NO,NO CEDER EL DERECHO DE VIA O PREFERENCIA DE PASO A VEHICULOS.,CHOQUE LATERAL,BICICLETA,0,1,0,0,0,0,0,0,0,1,0,0,0,2,76,HOMBRE,LESIONADO,CONDUCTOR PRESENTE,NO,NO,0
2540,7974,7975,2017,1,0,-0.206654,-78.488284,PICHINCHA,QUITO,QUITO,URBANA,2017-04-11,18:45:00,18,MARTES,2,ABRIL,4,NO,NO CEDER EL DERECHO DE VIA O PREFERENCIA DE PASO AL PEATON.,ATROPELLOS,NO IDENTIFICADO,0,0,0,0,0,0,0,0,0,1,0,0,0,1,16,MUJER,LESIONADO,PEATON,NO,NO,0
2541,7976,7977,2017,1,0,-0.319758,-78.563839,PICHINCHA,QUITO,QUITO,URBANA,2017-04-11,19:15:00,19,MARTES,2,ABRIL,4,NO,NO CEDER EL DERECHO DE VIA O PREFERENCIA DE PASO AL PEATON.,ATROPELLOS,NO IDENTIFICADO,0,0,0,0,0,0,0,0,0,1,0,0,0,1,6,MUJER,LESIONADO,PEATON,NO,NO,0
2542,7977,7978,2017,1,0,-0.172918,-78.480415,PICHINCHA,QUITO,QUITO,URBANA,2017-04-11,19:20:00,19,MARTES,2,ABRIL,4,NO,"CONDUCIR DESATENTO A LAS CONDICIONES DE TRANSITO (CELULAR, PANTALLAS DE VIDEO, COMIDA, MAQUILLAJE O CUALQUIER OTRO ELEMENTO DISTRACTOR).",PERDIDA DE PISTA,NO IDENTIFICADO,0,0,0,0,0,0,0,0,0,1,0,0,0,1,35,HOMBRE,LESIONADO,CONDUCTOR PRESENTE,NO,NO,0
2543,7979,7980,2017,0,0,0.006641,-78.300368,PICHINCHA,PEDRO MONCAYO,TOCACHI,RURAL,2017-04-11,20:10:00,20,MARTES,2,ABRIL,4,NO,NO MANTENER LA DISTANCIA PRUDENCIAL CON RESPECTO AL VEHICULO QUE LE ANTECEDE.,COLISION,CAMIONETA,0,0,0,0,2,0,0,0,0,1,0,0,1,4,36,HOMBRE,ILESO,CONDUCTOR PRESENTE,NO,NO,3
2544,7999,8000,2017,0,0,-0.343869,-78.548662,PICHINCHA,QUITO,QUITO,URBANA,2017-04-12,00:15:00,0,MIERCOLES,3,ABRIL,4,NO,CONDUCIR VEHICULO SUPERANDO LOS LIMITES MAXIMOS DE VELOCIDAD.,ESTRELLAMIENTOS,CAMION,0,0,0,1,0,0,0,0,0,0,0,0,0,1,-1,NO IDENTIFICADO,NO IDENTIFICADO,CONDUCTOR AUSENTE,NO,NO,2
2545,8006,8007,2017,0,0,-0.001731,-78.447581,PICHINCHA,QUITO,SAN ANTONIO (QUITO),RURAL,2017-04-12,06:55:00,6,MIERCOLES,3,ABRIL,4,NO,NO CEDER EL DERECHO DE VIA O PREFERENCIA DE PASO AL PEATON.,ATROPELLOS,AUTOMOVIL,1,0,0,0,0,0,0,0,0,0,0,0,0,1,66,HOMBRE,ILESO,PEATON,NO,NO,3
2546,8007,8008,2017,0,0,-0.297826,-78.455876,PICHINCHA,QUITO,ALANGASI,RURAL,2017-04-12,07:10:00,7,MIERCOLES,3,ABRIL,4,NO,"NO RESPETAR LAS SENIALES REGLAMENTARIAS DE TRANSITO. (PARE, CEDA EL PASO, LUZ ROJA DEL SEMAFORO, ETC).",CHOQUE LATERAL,VEHICULO DEPORTIVO UTILITARIO,0,0,0,0,0,0,0,0,0,0,0,0,2,2,46,MUJER,ILESO,CONDUCTOR PRESENTE,NO,NO,3
2547,8008,8009,2017,1,0,-0.189085,-78.511758,PICHINCHA,QUITO,QUITO,URBANA,2017-04-12,07:50:00,7,MIERCOLES,3,ABRIL,4,NO,CONDUCIR VEHICULO SUPERANDO LOS LIMITES MAXIMOS DE VELOCIDAD.,VOLCAMIENTOS,MOTOCICLETA,0,0,0,0,0,0,0,0,1,0,0,0,0,1,23,HOMBRE,LESIONADO,CONDUCTOR PRESENTE,NO,NO,0
2548,8010,8011,2017,1,0,-0.208498,-78.485714,PICHINCHA,QUITO,QUITO,URBANA,2017-04-12,08:00:00,8,MIERCOLES,3,ABRIL,4,NO,NO CEDER EL DERECHO DE VIA O PREFERENCIA DE PASO AL PEATON.,ATROPELLOS,VEHICULO DEPORTIVO UTILITARIO,0,0,0,0,0,0,0,0,0,0,0,0,1,1,30,HOMBRE,LESIONADO,PEATON,NO,NO,0
2549,8012,8013,2017,0,0,-0.203644,-78.490504,PICHINCHA,QUITO,QUITO,URBANA,2017-04-12,08:40:00,8,MIERCOLES,3,ABRIL,4,NO,"NO RESPETAR LAS SENIALES REGLAMENTARIAS DE TRANSITO. (PARE, CEDA EL PASO, LUZ ROJA DEL SEMAFORO, ETC).",CHOQUE LATERAL,VEHICULO DEPORTIVO UTILITARIO,0,0,0,0,0,0,0,0,0,0,0,0,2,2,25,HOMBRE,ILESO,CONDUCTOR PRESENTE,NO,NO,0
2550,8015,8016,2017,1,0,-0.247981,-78.526081,PICHINCHA,QUITO,QUITO,URBANA,2017-04-12,09:35:00,9,MIERCOLES,3,ABRIL,4,NO,NO CEDER EL DERECHO DE VIA O PREFERENCIA DE PASO AL PEATON.,ATROPELLOS,AUTOMOVIL,1,0,0,0,0,0,0,0,0,0,0,0,0,1,19,MUJER,LESIONADO,PEATON,NO,NO,0
2551,8016,8017,2017,0,0,-0.208686,-78.495773,PICHINCHA,QUITO,QUITO,URBANA,2017-04-12,11:00:00,11,MIERCOLES,3,ABRIL,4,NO,NO CEDER EL DERECHO DE VIA O PREFERENCIA DE PASO A VEHICULOS.,CHOQUE LATERAL,AUTOMOVIL,1,0,0,0,0,0,0,0,1,0,0,0,0,2,47,HOMBRE,ILESO,CONDUCTOR PRESENTE,NO,NO,0
2552,8017,8018,2017,1,0,-0.230636,-78.510242,PICHINCHA,QUITO,QUITO,URBANA,2017-04-12,11:10:00,11,MIERCOLES,3,ABRIL,4,NO,"NO RESPETAR LAS SENIALES REGLAMENTARIAS DE TRANSITO. (PARE, CEDA EL PASO, LUZ ROJA DEL SEMAFORO, ETC).",CHOQUE LATERAL,AUTOMOVIL,1,0,0,0,0,0,0,0,1,0,0,0,0,2,25,HOMBRE,LESIONADO,CONDUCTOR PRESENTE,NO,NO,0
2553,8019,8020,2017,1,0,-0.219429,-78.520717,PICHINCHA,QUITO,QUITO,URBANA,2017-04-12,12:45:00,12,MIERCOLES,3,ABRIL,4,NO,NO CEDER EL DERECHO DE VIA O PREFERENCIA DE PASO AL PEATON.,ATROPELLOS,CAMION,0,0,0,2,0,0,0,0,0,0,0,0,0,2,59,HOMBRE,LESIONADO,CONDUCTOR PRESENTE,NO,NO,0
2554,8020,8021,2017,1,0,-0.270907,-78.556783,PICHINCHA,QUITO,QUITO,URBANA,2017-04-12,12:50:00,12,MIERCOLES,3,ABRIL,4,NO,NO CEDER EL DERECHO DE VIA O PREFERENCIA DE PASO AL PEATON.,ATROPELLOS,NO IDENTIFICADO,0,0,0,0,0,0,0,0,0,1,0,0,0,1,34,HOMBRE,LESIONADO,PEATON,NO,NO,0
2555,8021,8022,2017,1,0,-0.121124,-78.496869,PICHINCHA,QUITO,QUITO,URBANA,2017-04-12,12:58:00,12,MIERCOLES,3,ABRIL,4,NO,NO CEDER EL DERECHO DE VIA O PREFERENCIA DE PASO AL PEATON.,ATROPELLOS,NO IDENTIFICADO,0,0,0,0,0,0,0,0,0,1,0,0,0,1,21,MUJER,LESIONADO,PEATON,NO,NO,0
2556,8022,8023,2017,0,0,-0.190903,-78.458384,PICHINCHA,QUITO,QUITO,RURAL,2017-04-12,13:03:00,13,MIERCOLES,3,ABRIL,4,NO,REALIZAR CAMBIO BRUSCO O INDEBIDO DE CARRIL.,COLISION,AUTOMOVIL,1,0,0,0,1,0,0,0,0,0,0,0,1,3,35,MUJER,ILESO,CONDUCTOR PRESENTE,NO,NO,3
2557,8023,8024,2017,2,0,-0.166101,-78.484699,PICHINCHA,QUITO,QUITO,URBANA,2017-04-12,13:30:00,13,MIERCOLES,3,ABRIL,4,NO,"CASO FORTUITO O FUERZA MAYOR (EXPLOSION DE NEUMATICO NUEVO, DERRUMBE, INUNDACION, CAIDA DE PUENTE, ARBOL, PRESENCIA INTEMPESTIVA E IMPREVISTA DE SEMOVIENTES EN LA VIA, ETC.).",OTROS,VEHICULO DEPORTIVO UTILITARIO,0,0,0,0,0,0,0,0,0,1,0,0,1,2,35,MUJER,LESIONADO,PASAJERO,NO,NO,0
2558,8024,8025,2017,1,0,-0.278838,-78.544551,PICHINCHA,QUITO,QUITO,URBANA,2017-04-12,13:58:00,13,MIERCOLES,3,ABRIL,4,NO,"ADELANTAR O REBASAR A OTRO VEHICULO EN MOVIMIENTO EN ZONAS O SITIOS PELIGROSOS TALES COMO: CURVAS, PUENTES, TUNELES, PENDIENTES, ETC.",CHOQUE FRONTAL,AUTOMOVIL,1,0,0,0,0,0,0,0,1,0,0,0,0,2,21,HOMBRE,LESIONADO,CONDUCTOR PRESENTE,NO,NO,0
2559,8027,8028,2017,0,0,-0.188796,-78.454414,PICHINCHA,QUITO,QUITO,RURAL,2017-04-12,15:20:00,15,MIERCOLES,3,ABRIL,4,NO,NO MANTENER LA DISTANCIA PRUDENCIAL CON RESPECTO AL VEHICULO QUE LE ANTECEDE.,CHOQUE POSTERIOR,BUS,0,0,2,0,0,0,0,0,0,0,0,0,0,2,30,HOMBRE,ILESO,CONDUCTOR PRESENTE,NO,NO,3
2560,8030,8031,2017,0,0,-0.200185,-78.490964,PICHINCHA,QUITO,QUITO,URBANA,2017-04-12,16:25:00,16,MIERCOLES,3,ABRIL,4,NO,DEJAR O RECOGER PASAJEROS EN LUGARES NO PERMITIDOS.,ROZAMIENTOS,BUS,0,0,2,0,0,0,0,0,0,0,0,0,0,2,38,HOMBRE,ILESO,CONDUCTOR PRESENTE,NO,NO,0
2561,8033,8034,2017,0,0,-0.163253,-78.462748,PICHINCHA,QUITO,QUITO,URBANA,2017-04-12,17:30:00,17,MIERCOLES,3,ABRIL,4,NO,CONDUCIR VEHICULO SUPERANDO LOS LIMITES MAXIMOS DE VELOCIDAD.,ESTRELLAMIENTOS,VEHICULO DEPORTIVO UTILITARIO,0,0,0,0,0,0,0,0,0,0,0,0,1,1,27,MUJER,ILESO,CONDUCTOR PRESENTE,NO,NO,0
2562,8036,8037,2017,0,0,-0.203885,-78.483365,PICHINCHA,QUITO,QUITO,URBANA,2017-04-12,18:25:00,18,MIERCOLES,3,ABRIL,4,NO,NO CEDER EL DERECHO DE VIA O PREFERENCIA DE PASO A VEHICULOS.,CHOQUE LATERAL,VEHICULO DEPORTIVO UTILITARIO,1,0,0,0,0,0,0,0,0,0,0,0,1,2,29,HOMBRE,ILESO,CONDUCTOR PRESENTE,NO,NO,0
2563,8038,8039,2017,1,0,-0.185623,-78.343085,PICHINCHA,QUITO,TABABELA,RURAL,2017-04-12,18:30:00,18,MIERCOLES,3,ABRIL,4,NO,CONDUCIR VEHICULO SUPERANDO LOS LIMITES MAXIMOS DE VELOCIDAD.,CHOQUE POSTERIOR,MOTOCICLETA,1,0,0,0,0,0,0,0,1,0,0,0,0,2,30,HOMBRE,LESIONADO,CONDUCTOR PRESENTE,NO,NO,3
2564,8042,8043,2017,0,0,-0.170168,-78.479729,PICHINCHA,QUITO,QUITO,URBANA,2017-04-12,19:00:00,19,MIERCOLES,3,ABRIL,4,NO,"CASO FORTUITO O FUERZA MAYOR (EXPLOSION DE NEUMATICO NUEVO, DERRUMBE, INUNDACION, CAIDA DE PUENTE, ARBOL, PRESENCIA INTEMPESTIVA E IMPREVISTA DE SEMOVIENTES EN LA VIA, ETC.).",OTROS,VEHICULO DEPORTIVO UTILITARIO,0,0,0,0,0,0,0,0,0,0,0,0,1,1,45,HOMBRE,ILESO,CONDUCTOR PRESENTE,NO,NO,0
2565,8043,8044,2017,0,0,-0.208132,-78.388888,PICHINCHA,QUITO,TUMBACO,RURAL,2017-04-12,19:05:00,19,MIERCOLES,3,ABRIL,4,NO,"ADELANTAR O REBASAR A OTRO VEHICULO EN MOVIMIENTO EN ZONAS O SITIOS PELIGROSOS TALES COMO: CURVAS, PUENTES, TUNELES, PENDIENTES, ETC.",CHOQUE FRONTAL,VEHICULO DEPORTIVO UTILITARIO,0,0,0,0,0,0,0,0,0,1,0,0,1,2,40,MUJER,ILESO,CONDUCTOR PRESENTE,NO,NO,3
2566,8044,8045,2017,0,0,-0.159336,-78.477377,PICHINCHA,QUITO,QUITO,URBANA,2017-04-12,19:15:00,19,MIERCOLES,3,ABRIL,4,NO,NO MANTENER LA DISTANCIA PRUDENCIAL CON RESPECTO AL VEHICULO QUE LE ANTECEDE.,CHOQUE POSTERIOR,AUTOMOVIL,2,0,0,0,0,0,0,0,0,0,0,0,0,2,42,HOMBRE,ILESO,CONDUCTOR PRESENTE,NO,NO,0
2567,8046,8047,2017,0,0,-0.292724,-78.476486,PICHINCHA,QUITO,CONOCOTO,RURAL,2017-04-12,19:30:00,19,MIERCOLES,3,ABRIL,4,NO,NO CEDER EL DERECHO DE VIA O PREFERENCIA DE PASO A VEHICULOS.,CHOQUE LATERAL,CAMIONETA,0,0,0,0,2,0,0,0,0,0,0,0,0,2,40,HOMBRE,ILESO,CONDUCTOR PRESENTE,NO,NO,3