,Unnamed: 0,ID,ANIO,LESIONADOS,FALLECIDOS,LATITUD_Y,LONGITUD_X,PROVINCIA,CANTON,PARROQUIA,ZONA,FECHA,HORA,PERIODO_2,DIA_1,DIA_2,MES_1,MES_2,FERIADO,CAUSA_PROBABLE,TIPO_DE_SINIESTRO,TIPO_DE_VEHICULO_1,AUTOMOVIL,BICICLETA,BUS,CAMION,CAMIONETA,EMERGENCIAS,ESPECIAL,FURGONETA,MOTOCICLETA,NO_IDENTIFICADO,SCOOTER_ELECTRICO,TRICIMOTO,VEHICULO_DEPORTIVO_UTILITARIO,SUMA_DE_VEHICULOS,EDAD_1,SEXO_1,CONDICION_1,PARTICIPANTE_1,CASCO_1,CINTURON_1,KMeans_Cluster
2568,8047,8048,2017,0,0,-0.088845,-78.464012,PICHINCHA,QUITO,QUITO,URBANA,2017-04-12,19:40:00,19,MIERCOLES,3,ABRIL,4,NO,NO GUARDAR LA DISTANCIA LATERAL MINIMA DE SEGURIDAD ENTRE VEHICULOS.,ROZAMIENTOS,FURGONETA,1,0,0,0,0,0,0,1,0,0,0,0,0,2,28,HOMBRE,ILESO,CONDUCTOR PRESENTE,NO,NO,0
2569,8048,8049,2017,0,0,-0.207793,-78.495398,PICHINCHA,QUITO,QUITO,URBANA,2017-04-12,19:45:00,19,MIERCOLES,3,ABRIL,4,NO,"NO RESPETAR LAS SENIALES REGLAMENTARIAS DE TRANSITO. (PARE, CEDA EL PASO, LUZ ROJA DEL SEMAFORO, ETC).",CHOQUE LATERAL,AUTOMOVIL,2,0,0,0,0,0,0,0,0,0,0,0,0,2,23,HOMBRE,ILESO,CONDUCTOR PRESENTE,NO,NO,0
2570,8049,8050,2017,0,0,-0.250324,-78.525291,PICHINCHA,QUITO,QUITO,URBANA,2017-04-12,20:15:00,20,MIERCOLES,3,ABRIL,4,NO,NO MANTENER LA DISTANCIA PRUDENCIAL CON RESPECTO AL VEHICULO QUE LE ANTECEDE.,CHOQUE POSTERIOR,VEHICULO DEPORTIVO UTILITARIO,0,0,0,0,1,0,0,0,0,0,0,0,1,2,46,MUJER,ILESO,CONDUCTOR PRESENTE,NO,NO,0
2571,8052,8053,2017,1,0,-0.144708,-78.474749,PICHINCHA,QUITO,QUITO,URBANA,2017-04-12,21:03:00,21,MIERCOLES,3,ABRIL,4,NO,CONDUCIR VEHICULO SUPERANDO LOS LIMITES MAXIMOS DE VELOCIDAD.,VOLCAMIENTOS,MOTOCICLETA,0,0,0,0,0,0,0,0,1,0,0,0,0,1,45,MUJER,LESIONADO,CONDUCTOR PRESENTE,NO,NO,0
2572,8054,8055,2017,0,0,-0.105583,-78.499743,PICHINCHA,QUITO,QUITO,URBANA,2017-04-12,23:00:00,23,MIERCOLES,3,ABRIL,4,NO,NO CEDER EL DERECHO DE VIA O PREFERENCIA DE PASO A VEHICULOS.,CHOQUE LATERAL,CAMIONETA,1,0,0,0,1,0,0,0,0,0,0,0,0,2,38,HOMBRE,ILESO,CONDUCTOR PRESENTE,NO,NO,0
2573,8074,8075,2017,0,0,-0.203333,-78.490001,PICHINCHA,QUITO,QUITO,URBANA,2017-04-13,02:25:00,2,JUEVES,4,ABRIL,4,NO,"CONDUCIR EN ESTADO DE SOMNOLENCIA O MALAS CONDICIONES FISICAS (SUENIO, CANSANCIO Y FATIGA).",ESTRELLAMIENTOS,AUTOMOVIL,1,0,0,0,0,0,0,0,0,0,0,0,0,1,-1,NO IDENTIFICADO,NO IDENTIFICADO,CONDUCTOR AUSENTE,NO,NO,2
2574,8075,8076,2017,0,0,-0.307679,-78.364143,PICHINCHA,QUITO,PINTAG,URBANA,2017-04-13,02:40:00,2,JUEVES,4,ABRIL,4,NO,"CONDUCIR DESATENTO A LAS CONDICIONES DE TRANSITO (CELULAR, PANTALLAS DE VIDEO, COMIDA, MAQUILLAJE O CUALQUIER OTRO ELEMENTO DISTRACTOR).",PERDIDA DE PISTA,CAMIONETA,0,0,0,0,1,0,0,0,0,0,0,0,0,1,21,HOMBRE,ILESO,CONDUCTOR PRESENTE,NO,NO,0
2575,8077,8078,2017,0,0,-0.201442,-78.508538,PICHINCHA,QUITO,QUITO,URBANA,2017-04-13,05:05:00,5,JUEVES,4,ABRIL,4,NO,"CONDUCIR EN ESTADO DE SOMNOLENCIA O MALAS CONDICIONES FISICAS (SUENIO, CANSANCIO Y FATIGA).",ESTRELLAMIENTOS,AUTOMOVIL,1,0,0,0,0,0,0,0,0,0,0,0,0,1,-1,NO IDENTIFICADO,NO IDENTIFICADO,CONDUCTOR AUSENTE,NO,NO,2
2576,8078,8079,2017,0,1,-0.130309,-78.309769,PICHINCHA,QUITO,CHECA (CHILPA),RURAL,2017-04-13,05:30:00,5,JUEVES,4,ABRIL,4,NO,NO TRANSITAR POR LAS ACERAS O ZONAS DE SEGURIDAD DESTINADAS PARA EL EFECTO.,ATROPELLOS,AUTOMOVIL,1,0,0,0,0,0,0,0,0,0,0,0,0,1,60,HOMBRE,FALLECIDO,PEATON,NO,NO,3
2577,8085,8086,2017,0,0,-0.212824,-78.402686,PICHINCHA,QUITO,TUMBACO,RURAL,2017-04-13,09:15:00,9,JUEVES,4,ABRIL,4,NO,"CONDUCIR DESATENTO A LAS CONDICIONES DE TRANSITO (CELULAR, PANTALLAS DE VIDEO, COMIDA, MAQUILLAJE O CUALQUIER OTRO ELEMENTO DISTRACTOR).",PERDIDA DE PISTA,MOTOCICLETA,0,0,0,0,0,0,0,0,1,0,0,0,0,1,28,HOMBRE,ILESO,CONDUCTOR PRESENTE,NO,NO,3
2578,8088,8089,2017,0,0,-0.468315,-78.565651,PICHINCHA,MEJIA,MACHACHI,RURAL,2017-04-13,11:40:00,11,JUEVES,4,ABRIL,4,NO,NO GUARDAR LA DISTANCIA LATERAL MINIMA DE SEGURIDAD ENTRE VEHICULOS.,CHOQUE LATERAL,CAMION,1,0,0,1,0,0,0,0,0,0,0,0,0,2,29,HOMBRE,ILESO,CONDUCTOR PRESENTE,NO,NO,3
2579,8090,8091,2017,0,0,-0.207429,-78.482066,PICHINCHA,QUITO,QUITO,URBANA,2017-04-13,11:45:00,11,JUEVES,4,ABRIL,4,NO,"NO RESPETAR LAS SENIALES REGLAMENTARIAS DE TRANSITO. (PARE, CEDA EL PASO, LUZ ROJA DEL SEMAFORO, ETC).",CHOQUE LATERAL,AUTOMOVIL,1,0,0,0,0,0,0,0,0,0,0,0,1,2,49,MUJER,ILESO,CONDUCTOR PRESENTE,NO,NO,0
2580,8091,8092,2017,0,0,-0.298543,-78.481045,PICHINCHA,QUITO,CONOCOTO,RURAL,2017-04-13,12:25:00,12,JUEVES,4,ABRIL,4,NO,NO MANTENER LA DISTANCIA PRUDENCIAL CON RESPECTO AL VEHICULO QUE LE ANTECEDE.,CHOQUE POSTERIOR,AUTOMOVIL,1,0,0,0,0,0,0,0,0,1,0,0,0,2,34,MUJER,ILESO,CONDUCTOR PRESENTE,NO,NO,3
2581,8092,8093,2017,3,0,-0.091585,-78.439052,PICHINCHA,QUITO,CALDERON (CARAPUNGO),RURAL,2017-04-13,12:30:00,12,JUEVES,4,ABRIL,4,NO,NO CEDER EL DERECHO DE VIA O PREFERENCIA DE PASO AL PEATON.,ATROPELLOS,MOTOCICLETA,0,0,0,0,0,0,0,0,1,0,0,0,0,1,45,HOMBRE,LESIONADO,CONDUCTOR PRESENTE,NO,NO,3
2582,8094,8095,2017,0,0,-0.434367,-78.552942,PICHINCHA,MEJIA,ALOAG,RURAL,2017-04-13,12:50:00,12,JUEVES,4,ABRIL,4,NO,NO GUARDAR LA DISTANCIA LATERAL MINIMA DE SEGURIDAD ENTRE VEHICULOS.,CHOQUE LATERAL,CAMION,0,0,0,2,0,0,0,0,0,0,0,0,0,2,51,MUJER,ILESO,CONDUCTOR PRESENTE,NO,NO,3
2583,8098,8099,2017,1,0,-0.182136,-78.478799,PICHINCHA,QUITO,QUITO,URBANA,2017-04-13,14:35:00,14,JUEVES,4,ABRIL,4,NO,NO TRANSITAR POR LAS ACERAS O ZONAS DE SEGURIDAD DESTINADAS PARA EL EFECTO.,ATROPELLOS,BUS,0,0,1,0,0,0,0,0,0,0,0,0,0,1,29,HOMBRE,LESIONADO,PEATON,NO,NO,0
2584,8100,8101,2017,6,0,-0.085894,-78.510717,PICHINCHA,QUITO,QUITO,URBANA,2017-04-13,14:50:00,14,JUEVES,4,ABRIL,4,NO,CONDUCIR VEHICULO SUPERANDO LOS LIMITES MAXIMOS DE VELOCIDAD.,ESTRELLAMIENTOS,BUS,0,0,2,0,0,0,0,0,0,0,0,0,0,2,35,MUJER,LESIONADO,PASAJERO,NO,NO,0
2585,8101,8102,2017,0,0,-0.254185,-78.522285,PICHINCHA,QUITO,QUITO,URBANA,2017-04-13,15:00:00,15,JUEVES,4,ABRIL,4,NO,REALIZAR CAMBIO BRUSCO O INDEBIDO DE CARRIL.,CHOQUE POSTERIOR,VEHICULO DEPORTIVO UTILITARIO,0,0,1,0,0,0,0,0,0,0,0,0,1,2,26,HOMBRE,ILESO,CONDUCTOR PRESENTE,NO,NO,0
2586,8102,8103,2017,1,0,-0.289057,-78.561903,PICHINCHA,QUITO,QUITO,URBANA,2017-04-13,15:40:00,15,JUEVES,4,ABRIL,4,NO,NO CEDER EL DERECHO DE VIA O PREFERENCIA DE PASO AL PEATON.,ATROPELLOS,NO IDENTIFICADO,0,0,0,0,0,0,0,0,0,1,0,0,0,1,7,HOMBRE,LESIONADO,PEATON,NO,NO,0
2587,8103,8104,2017,1,0,-0.148343,-78.475435,PICHINCHA,QUITO,QUITO,URBANA,2017-04-13,16:00:00,16,JUEVES,4,ABRIL,4,NO,NO CEDER EL DERECHO DE VIA O PREFERENCIA DE PASO AL PEATON.,ATROPELLOS,NO IDENTIFICADO,0,0,0,0,0,0,0,0,0,1,0,0,0,1,10,MUJER,LESIONADO,PEATON,NO,NO,0
2588,8104,8105,2017,0,0,-0.096471,-78.472437,PICHINCHA,QUITO,QUITO,RURAL,2017-04-13,16:05:00,16,JUEVES,4,ABRIL,4,NO,"NO RESPETAR LAS SENIALES REGLAMENTARIAS DE TRANSITO. (PARE, CEDA EL PASO, LUZ ROJA DEL SEMAFORO, ETC).",CHOQUE LATERAL,AUTOMOVIL,2,0,0,0,0,0,0,0,0,0,0,0,0,2,33,HOMBRE,ILESO,CONDUCTOR PRESENTE,NO,NO,3
2589,8105,8106,2017,1,0,-0.244435,-78.518988,PICHINCHA,QUITO,QUITO,URBANA,2017-04-13,16:10:00,16,JUEVES,4,ABRIL,4,NO,DEJAR O RECOGER PASAJEROS EN LUGARES NO PERMITIDOS.,CAIDA DE PASAJERO,NO IDENTIFICADO,0,0,0,0,0,0,0,0,0,1,0,0,0,1,41,MUJER,LESIONADO,PASAJERO,NO,NO,0
2590,8108,8109,2017,1,0,-0.166041,-78.468353,PICHINCHA,QUITO,QUITO,URBANA,2017-04-13,17:03:00,17,JUEVES,4,ABRIL,4,NO,REALIZAR CAMBIO BRUSCO O INDEBIDO DE CARRIL.,PERDIDA DE PISTA,MOTOCICLETA,0,0,0,0,0,0,0,0,1,0,0,0,0,1,34,HOMBRE,LESIONADO,CONDUCTOR PRESENTE,NO,NO,0
2591,8109,8110,2017,1,0,-0.222727,-78.519018,PICHINCHA,QUITO,QUITO,URBANA,2017-04-13,18:00:00,18,JUEVES,4,ABRIL,4,NO,NO TRANSITAR POR LAS ACERAS O ZONAS DE SEGURIDAD DESTINADAS PARA EL EFECTO.,ATROPELLOS,NO IDENTIFICADO,0,0,0,0,0,0,0,0,0,1,0,0,0,1,3,HOMBRE,LESIONADO,PEATON,NO,NO,0
2592,8111,8112,2017,1,0,-0.301406,-78.566841,PICHINCHA,QUITO,QUITO,URBANA,2017-04-13,18:30:00,18,JUEVES,4,ABRIL,4,NO,NO CEDER EL DERECHO DE VIA O PREFERENCIA DE PASO AL PEATON.,ATROPELLOS,NO IDENTIFICADO,0,0,0,0,0,0,0,0,0,1,0,0,0,1,22,MUJER,LESIONADO,PEATON,NO,NO,0
2593,8113,8114,2017,0,1,-0.219155,-78.519413,PICHINCHA,QUITO,QUITO,URBANA,2017-04-13,18:45:00,18,JUEVES,4,ABRIL,4,NO,NO TRANSITAR POR LAS ACERAS O ZONAS DE SEGURIDAD DESTINADAS PARA EL EFECTO.,ATROPELLOS,BUS,0,0,1,0,0,0,0,0,0,0,0,0,0,1,2,HOMBRE,FALLECIDO,PEATON,NO,NO,0
2594,8116,8117,2017,1,0,-0.216905,-78.500602,PICHINCHA,QUITO,QUITO,URBANA,2017-04-13,19:20:00,19,JUEVES,4,ABRIL,4,NO,"CONDUCIR DESATENTO A LAS CONDICIONES DE TRANSITO (CELULAR, PANTALLAS DE VIDEO, COMIDA, MAQUILLAJE O CUALQUIER OTRO ELEMENTO DISTRACTOR).",ESTRELLAMIENTOS,AUTOMOVIL,1,0,0,0,0,0,0,0,0,0,0,0,0,1,66,HOMBRE,LESIONADO,CONDUCTOR PRESENTE,NO,NO,0
2595,8117,8118,2017,0,0,-0.460536,-78.563701,PICHINCHA,MEJIA,MACHACHI,RURAL,2017-04-13,19:30:00,19,JUEVES,4,ABRIL,4,NO,"CONDUCIR DESATENTO A LAS CONDICIONES DE TRANSITO (CELULAR, PANTALLAS DE VIDEO, COMIDA, MAQUILLAJE O CUALQUIER OTRO ELEMENTO DISTRACTOR).",CHOQUE POSTERIOR,BUS,0,0,1,0,0,0,0,0,0,1,0,0,0,2,52,HOMBRE,ILESO,CONDUCTOR PRESENTE,NO,NO,3
2596,8118,8119,2017,0,0,-0.254686,-78.504316,PICHINCHA,QUITO,QUITO,URBANA,2017-04-13,20:00:00,20,JUEVES,4,ABRIL,4,NO,"CONDUCE BAJO LA INFLUENCIA DE ALCOHOL, SUSTANCIAS ESTUPEFACIENTES O PSICOTROPICAS Y/O MEDICAMENTOS.",CHOQUE LATERAL,AUTOMOVIL,1,0,0,0,1,0,0,0,0,0,0,0,0,2,58,HOMBRE,ILESO,CONDUCTOR PRESENTE,NO,NO,0
2597,8121,8122,2017,1,0,-0.091588,-78.439052,PICHINCHA,QUITO,CALDERON (CARAPUNGO),RURAL,2017-04-13,20:35:00,20,JUEVES,4,ABRIL,4,NO,NO TRANSITAR POR LAS ACERAS O ZONAS DE SEGURIDAD DESTINADAS PARA EL EFECTO.,ATROPELLOS,MOTOCICLETA,0,0,0,0,0,0,0,0,1,0,0,0,0,1,30,HOMBRE,LESIONADO,PEATON,NO,NO,3
2598,8123,8124,2017,0,0,-0.262262,-78.547681,PICHINCHA,QUITO,QUITO,URBANA,2017-04-13,21:10:00,21,JUEVES,4,ABRIL,4,NO,NO CEDER EL DERECHO DE VIA O PREFERENCIA DE PASO A VEHICULOS.,CHOQUE LATERAL,AUTOMOVIL,1,0,0,0,0,0,0,0,1,0,0,0,0,2,63,HOMBRE,ILESO,CONDUCTOR PRESENTE,NO,NO,0
2599,8124,8125,2017,0,0,-0.206438,-78.370261,PICHINCHA,QUITO,PUEMBO,RURAL,2017-04-13,21:25:00,21,JUEVES,4,ABRIL,4,NO,REALIZAR CAMBIO BRUSCO O INDEBIDO DE CARRIL.,PERDIDA DE PISTA,MOTOCICLETA,0,0,0,0,0,0,0,0,1,0,0,0,0,1,25,HOMBRE,ILESO,CONDUCTOR PRESENTE,NO,NO,3
2600,8126,8127,2017,0,1,-0.126224,-78.480937,PICHINCHA,QUITO,QUITO,URBANA,2017-04-13,21:35:00,21,JUEVES,4,ABRIL,4,NO,"CONDUCE BAJO LA INFLUENCIA DE ALCOHOL, SUSTANCIAS ESTUPEFACIENTES O PSICOTROPICAS Y/O MEDICAMENTOS.",CHOQUE LATERAL,MOTOCICLETA,1,0,0,0,0,0,0,0,1,0,0,0,0,2,25,HOMBRE,FALLECIDO,PASAJERO,NO,NO,0
2601,8130,8131,2017,1,0,-0.202179,-78.491596,PICHINCHA,QUITO,QUITO,URBANA,2017-04-13,22:55:00,22,JUEVES,4,ABRIL,4,NO,"CONDUCE BAJO LA INFLUENCIA DE ALCOHOL, SUSTANCIAS ESTUPEFACIENTES O PSICOTROPICAS Y/O MEDICAMENTOS.",ESTRELLAMIENTOS,AUTOMOVIL,2,0,0,0,0,0,0,0,0,0,0,0,0,2,65,HOMBRE,LESIONADO,CONDUCTOR PRESENTE,NO,NO,0
2602,8132,8133,2017,1,0,-0.276324,-78.564281,PICHINCHA,QUITO,QUITO,URBANA,2017-04-13,23:23:00,23,JUEVES,4,ABRIL,4,NO,NO CEDER EL DERECHO DE VIA O PREFERENCIA DE PASO AL PEATON.,ATROPELLOS,NO IDENTIFICADO,0,0,0,0,0,0,0,0,0,1,0,0,0,1,30,HOMBRE,LESIONADO,PEATON,NO,NO,0
2603,8133,8134,2017,1,0,-0.189777,-78.503366,PICHINCHA,QUITO,QUITO,URBANA,2017-04-13,23:29:00,23,JUEVES,4,ABRIL,4,NO,NO GUARDAR LA DISTANCIA LATERAL MINIMA DE SEGURIDAD ENTRE VEHICULOS.,ROZAMIENTOS,MOTOCICLETA,0,0,0,0,0,0,0,0,1,1,0,0,0,2,34,HOMBRE,LESIONADO,CONDUCTOR PRESENTE,NO,NO,0
2604,8156,8157,2017,0,0,-0.116769,-78.473429,PICHINCHA,QUITO,QUITO,URBANA,2017-04-14,00:25:00,0,VIERNES,5,ABRIL,4,NO,"CONDUCIR EN ESTADO DE SOMNOLENCIA O MALAS CONDICIONES FISICAS (SUENIO, CANSANCIO Y FATIGA).",CHOQUE POSTERIOR,AUTOMOVIL,1,0,0,0,0,0,0,0,0,1,0,0,0,2,47,HOMBRE,ILESO,CONDUCTOR PRESENTE,NO,NO,0
2605,8157,8158,2017,0,0,-0.214111,-78.376901,PICHINCHA,QUITO,TUMBACO,RURAL,2017-04-14,00:45:00,0,VIERNES,5,ABRIL,4,NO,"CONDUCIR EN ESTADO DE SOMNOLENCIA O MALAS CONDICIONES FISICAS (SUENIO, CANSANCIO Y FATIGA).",ESTRELLAMIENTOS,CAMIONETA,0,0,0,0,1,0,0,0,0,0,0,0,0,1,-1,NO IDENTIFICADO,NO IDENTIFICADO,CONDUCTOR AUSENTE,NO,NO,2
2606,8158,8159,2017,1,0,-0.232254,-78.505317,PICHINCHA,QUITO,QUITO,URBANA,2017-04-14,01:00:00,1,VIERNES,5,ABRIL,4,NO,"CONDUCIR EN ESTADO DE SOMNOLENCIA O MALAS CONDICIONES FISICAS (SUENIO, CANSANCIO Y FATIGA).",ESTRELLAMIENTOS,MOTOCICLETA,0,0,0,0,0,0,0,0,1,0,0,0,0,1,30,HOMBRE,LESIONADO,CONDUCTOR PRESENTE,NO,NO,0
2607,8159,8160,2017,0,0,-0.306148,-78.534769,PICHINCHA,QUITO,QUITO,URBANA,2017-04-14,01:01:00,1,VIERNES,5,ABRIL,4,NO,"CONDUCIR EN ESTADO DE SOMNOLENCIA O MALAS CONDICIONES FISICAS (SUENIO, CANSANCIO Y FATIGA).",ESTRELLAMIENTOS,AUTOMOVIL,1,0,0,0,0,0,0,0,0,0,0,0,0,1,-1,NO IDENTIFICADO,NO IDENTIFICADO,CONDUCTOR AUSENTE,NO,NO,2
2608,8160,8161,2017,0,0,-0.340891,-78.434125,PICHINCHA,RUMINIAHUI,SANGOLQUI,URBANA,2017-04-14,01:40:00,1,VIERNES,5,ABRIL,4,NO,NO MANTENER LA DISTANCIA PRUDENCIAL CON RESPECTO AL VEHICULO QUE LE ANTECEDE.,PERDIDA DE PISTA,VEHICULO DEPORTIVO UTILITARIO,0,0,0,0,0,0,0,0,0,0,0,0,1,1,34,HOMBRE,ILESO,CONDUCTOR PRESENTE,NO,NO,0
2609,8161,8162,2017,2,0,-0.126811,-78.471388,PICHINCHA,QUITO,QUITO,URBANA,2017-04-14,01:40:00,1,VIERNES,5,ABRIL,4,NO,"NO RESPETAR LAS SENIALES REGLAMENTARIAS DE TRANSITO. (PARE, CEDA EL PASO, LUZ ROJA DEL SEMAFORO, ETC).",CHOQUE LATERAL,MOTOCICLETA,0,0,0,0,0,0,0,0,1,1,0,0,0,2,34,HOMBRE,LESIONADO,CONDUCTOR PRESENTE,NO,NO,0
2610,8162,8163,2017,0,0,-0.138561,-78.482436,PICHINCHA,QUITO,QUITO,URBANA,2017-04-14,01:55:00,1,VIERNES,5,ABRIL,4,NO,"NO RESPETAR LAS SENIALES REGLAMENTARIAS DE TRANSITO. (PARE, CEDA EL PASO, LUZ ROJA DEL SEMAFORO, ETC).",CHOQUE LATERAL,AUTOMOVIL,2,0,0,0,0,0,0,0,0,0,0,0,0,2,62,HOMBRE,ILESO,CONDUCTOR PRESENTE,NO,NO,0
2611,8163,8164,2017,1,0,-0.093565,-78.479751,PICHINCHA,QUITO,QUITO,URBANA,2017-04-14,02:10:00,2,VIERNES,5,ABRIL,4,NO,"CONDUCE BAJO LA INFLUENCIA DE ALCOHOL, SUSTANCIAS ESTUPEFACIENTES O PSICOTROPICAS Y/O MEDICAMENTOS.",CHOQUE LATERAL,MOTOCICLETA,1,0,0,0,0,0,0,0,1,0,0,0,0,2,33,HOMBRE,LESIONADO,CONDUCTOR PRESENTE,NO,NO,0
2612,8165,8166,2017,1,0,-0.221176,-78.520687,PICHINCHA,QUITO,QUITO,URBANA,2017-04-14,02:35:00,2,VIERNES,5,ABRIL,4,NO,NO CEDER EL DERECHO DE VIA O PREFERENCIA DE PASO AL PEATON.,ATROPELLOS,NO IDENTIFICADO,0,0,0,0,0,0,0,0,0,1,0,0,0,1,23,HOMBRE,LESIONADO,PEATON,NO,NO,0
2613,8169,8170,2017,1,0,-0.141096,-78.500985,PICHINCHA,QUITO,QUITO,URBANA,2017-04-14,06:16:00,6,VIERNES,5,ABRIL,4,NO,NO CEDER EL DERECHO DE VIA O PREFERENCIA DE PASO A VEHICULOS.,CHOQUE LATERAL,VEHICULO DEPORTIVO UTILITARIO,0,0,0,0,0,0,0,0,1,0,0,0,1,2,27,HOMBRE,LESIONADO,CONDUCTOR PRESENTE,NO,NO,0
2614,8170,8171,2017,1,0,-0.231194,-78.503388,PICHINCHA,QUITO,QUITO,URBANA,2017-04-14,06:23:00,6,VIERNES,5,ABRIL,4,NO,NO MANTENER LA DISTANCIA PRUDENCIAL CON RESPECTO AL VEHICULO QUE LE ANTECEDE.,COLISION,BUS,1,0,2,0,0,0,0,0,0,0,0,0,0,3,55,MUJER,LESIONADO,PASAJERO,NO,NO,0
2615,8172,8173,2017,0,0,-0.145171,-78.472637,PICHINCHA,QUITO,QUITO,URBANA,2017-04-14,07:07:00,7,VIERNES,5,ABRIL,4,NO,"CASO FORTUITO O FUERZA MAYOR (EXPLOSION DE NEUMATICO NUEVO, DERRUMBE, INUNDACION, CAIDA DE PUENTE, ARBOL, PRESENCIA INTEMPESTIVA E IMPREVISTA DE SEMOVIENTES EN LA VIA, ETC.).",OTROS,VEHICULO DEPORTIVO UTILITARIO,0,0,0,0,0,0,0,0,0,0,0,0,1,1,-1,NO IDENTIFICADO,NO IDENTIFICADO,CONDUCTOR AUSENTE,NO,NO,2
2616,8173,8174,2017,0,0,-0.133854,-78.470718,PICHINCHA,QUITO,QUITO,URBANA,2017-04-14,07:10:00,7,VIERNES,5,ABRIL,4,NO,"CONDUCE BAJO LA INFLUENCIA DE ALCOHOL, SUSTANCIAS ESTUPEFACIENTES O PSICOTROPICAS Y/O MEDICAMENTOS.",CHOQUE POSTERIOR,VEHICULO DEPORTIVO UTILITARIO,1,0,0,0,0,0,0,0,0,0,0,0,1,2,31,HOMBRE,ILESO,CONDUCTOR PRESENTE,NO,NO,0
2617,8174,8175,2017,1,0,-0.202081,-78.497803,PICHINCHA,QUITO,QUITO,URBANA,2017-04-14,08:27:00,8,VIERNES,5,ABRIL,4,NO,"CONDUCE BAJO LA INFLUENCIA DE ALCOHOL, SUSTANCIAS ESTUPEFACIENTES O PSICOTROPICAS Y/O MEDICAMENTOS.",COLISION,AUTOMOVIL,3,0,0,0,0,0,0,0,0,0,0,0,0,3,28,HOMBRE,LESIONADO,PASAJERO,NO,NO,0
2618,8176,8177,2017,0,0,-0.123111,-78.517536,PICHINCHA,QUITO,QUITO,URBANA,2017-04-14,10:20:00,10,VIERNES,5,ABRIL,4,NO,REALIZAR CAMBIO BRUSCO O INDEBIDO DE CARRIL.,COLISION,AUTOMOVIL,2,0,0,0,0,0,0,1,0,0,0,0,0,3,35,HOMBRE,ILESO,CONDUCTOR PRESENTE,NO,NO,0
2619,8177,8178,2017,0,0,-0.103576,-78.490194,PICHINCHA,QUITO,QUITO,URBANA,2017-04-14,10:25:00,10,VIERNES,5,ABRIL,4,NO,"NO RESPETAR LAS SENIALES REGLAMENTARIAS DE TRANSITO. (PARE, CEDA EL PASO, LUZ ROJA DEL SEMAFORO, ETC).",CHOQUE LATERAL,AUTOMOVIL,1,0,0,0,1,0,0,0,0,0,0,0,0,2,32,MUJER,ILESO,CONDUCTOR PRESENTE,NO,NO,0
2620,8178,8179,2017,1,0,-0.292655,-78.448955,PICHINCHA,QUITO,ALANGASI,RURAL,2017-04-14,10:55:00,10,VIERNES,5,ABRIL,4,NO,"NO RESPETAR LAS SENIALES REGLAMENTARIAS DE TRANSITO. (PARE, CEDA EL PASO, LUZ ROJA DEL SEMAFORO, ETC).",CHOQUE LATERAL,MOTOCICLETA,0,0,0,0,1,0,0,0,1,0,0,0,0,2,22,HOMBRE,LESIONADO,CONDUCTOR PRESENTE,NO,NO,3
2621,8183,8184,2017,0,0,-0.077895,-78.410491,PICHINCHA,QUITO,CALDERON (CARAPUNGO),RURAL,2017-04-14,14:10:00,14,VIERNES,5,ABRIL,4,NO,"CONDUCIR DESATENTO A LAS CONDICIONES DE TRANSITO (CELULAR, PANTALLAS DE VIDEO, COMIDA, MAQUILLAJE O CUALQUIER OTRO ELEMENTO DISTRACTOR).",PERDIDA DE PISTA,BUS,0,0,1,0,0,0,0,0,0,0,0,0,0,1,63,HOMBRE,ILESO,CONDUCTOR PRESENTE,NO,NO,3
2622,8184,8185,2017,1,0,-0.203327,-78.493462,PICHINCHA,QUITO,QUITO,URBANA,2017-04-14,14:15:00,14,VIERNES,5,ABRIL,4,NO,NO CEDER EL DERECHO DE VIA O PREFERENCIA DE PASO AL PEATON.,ATROPELLOS,NO IDENTIFICADO,0,0,0,0,0,0,0,0,0,1,0,0,0,1,50,MUJER,LESIONADO,PEATON,NO,NO,0
2623,8187,8188,2017,2,0,-0.169324,-78.484509,PICHINCHA,QUITO,QUITO,URBANA,2017-04-14,14:45:00,14,VIERNES,5,ABRIL,4,NO,NO MANTENER LA DISTANCIA PRUDENCIAL CON RESPECTO AL VEHICULO QUE LE ANTECEDE.,CHOQUE POSTERIOR,MOTOCICLETA,1,0,0,0,0,0,0,0,1,0,0,0,0,2,34,HOMBRE,LESIONADO,CONDUCTOR PRESENTE,NO,NO,0
2624,8188,8189,2017,0,0,-0.294301,-78.464289,PICHINCHA,QUITO,CONOCOTO,RURAL,2017-04-14,15:30:00,15,VIERNES,5,ABRIL,4,NO,"CONDUCIR DESATENTO A LAS CONDICIONES DE TRANSITO (CELULAR, PANTALLAS DE VIDEO, COMIDA, MAQUILLAJE O CUALQUIER OTRO ELEMENTO DISTRACTOR).",ESTRELLAMIENTOS,AUTOMOVIL,1,0,0,0,0,0,0,0,0,1,0,0,0,2,-1,NO IDENTIFICADO,NO IDENTIFICADO,CONDUCTOR AUSENTE,NO,NO,2
2625,8190,8191,2017,0,0,-0.232414,-78.524363,PICHINCHA,QUITO,QUITO,URBANA,2017-04-14,16:10:00,16,VIERNES,5,ABRIL,4,NO,NO MANTENER LA DISTANCIA PRUDENCIAL CON RESPECTO AL VEHICULO QUE LE ANTECEDE.,CHOQUE POSTERIOR,AUTOMOVIL,2,0,0,0,0,0,0,0,0,0,0,0,0,2,27,HOMBRE,ILESO,CONDUCTOR PRESENTE,NO,NO,0