,Unnamed: 0,ID,ANIO,LESIONADOS,FALLECIDOS,LATITUD_Y,LONGITUD_X,PROVINCIA,CANTON,PARROQUIA,ZONA,FECHA,HORA,PERIODO_2,DIA_1,DIA_2,MES_1,MES_2,FERIADO,CAUSA_PROBABLE,TIPO_DE_SINIESTRO,TIPO_DE_VEHICULO_1,AUTOMOVIL,BICICLETA,BUS,CAMION,CAMIONETA,EMERGENCIAS,ESPECIAL,FURGONETA,MOTOCICLETA,NO_IDENTIFICADO,SCOOTER_ELECTRICO,TRICIMOTO,VEHICULO_DEPORTIVO_UTILITARIO,SUMA_DE_VEHICULOS,EDAD_1,SEXO_1,CONDICION_1,PARTICIPANTE_1,CASCO_1,CINTURON_1,KMeans_Cluster
2626,8192,8193,2017,0,0,-0.171151,-78.480777,PICHINCHA,QUITO,QUITO,URBANA,2017-04-14,16:35:00,16,VIERNES,5,ABRIL,4,NO,"CONDUCIR DESATENTO A LAS CONDICIONES DE TRANSITO (CELULAR, PANTALLAS DE VIDEO, COMIDA, MAQUILLAJE O CUALQUIER OTRO ELEMENTO DISTRACTOR).",ESTRELLAMIENTOS,AUTOMOVIL,1,0,0,0,0,0,0,0,0,0,0,0,0,1,-1,NO IDENTIFICADO,NO IDENTIFICADO,CONDUCTOR AUSENTE,NO,NO,2
2627,8198,8199,2017,0,0,-0.219971,-78.508815,PICHINCHA,QUITO,QUITO,URBANA,2017-04-14,19:50:00,19,VIERNES,5,ABRIL,4,NO,"CONDUCIR DESATENTO A LAS CONDICIONES DE TRANSITO (CELULAR, PANTALLAS DE VIDEO, COMIDA, MAQUILLAJE O CUALQUIER OTRO ELEMENTO DISTRACTOR).",ESTRELLAMIENTOS,AUTOMOVIL,2,0,0,0,0,0,0,0,0,0,0,0,0,2,27,HOMBRE,ILESO,CONDUCTOR PRESENTE,NO,NO,0
2628,8200,8201,2017,0,0,-0.283174,-78.543956,PICHINCHA,QUITO,QUITO,URBANA,2017-04-14,20:00:00,20,VIERNES,5,ABRIL,4,NO,NO GUARDAR LA DISTANCIA LATERAL MINIMA DE SEGURIDAD ENTRE VEHICULOS.,ROZAMIENTOS,VEHICULO DEPORTIVO UTILITARIO,1,0,0,0,0,0,0,0,0,0,0,0,1,2,38,HOMBRE,ILESO,CONDUCTOR PRESENTE,NO,NO,0
2629,8203,8204,2017,0,0,-0.503809,-78.566759,PICHINCHA,MEJIA,MACHACHI,RURAL,2017-04-14,21:20:00,21,VIERNES,5,ABRIL,4,NO,NO MANTENER LA DISTANCIA PRUDENCIAL CON RESPECTO AL VEHICULO QUE LE ANTECEDE.,CHOQUE FRONTAL,CAMIONETA,0,0,0,1,1,0,0,0,0,0,0,0,0,2,21,HOMBRE,ILESO,CONDUCTOR PRESENTE,NO,NO,3
2630,8223,8224,2017,0,0,0.044628,-78.134012,PICHINCHA,CAYAMBE,CAYAMBE,URBANA,2017-04-15,00:35:00,0,SABADO,6,ABRIL,4,NO,"CONDUCE BAJO LA INFLUENCIA DE ALCOHOL, SUSTANCIAS ESTUPEFACIENTES O PSICOTROPICAS Y/O MEDICAMENTOS.",ESTRELLAMIENTOS,CAMION,0,0,0,1,0,0,0,0,0,0,0,0,0,1,43,HOMBRE,ILESO,CONDUCTOR PRESENTE,NO,NO,0
2631,8225,8226,2017,2,0,-0.315868,-78.473234,PICHINCHA,QUITO,CONOCOTO,RURAL,2017-04-15,01:20:00,1,SABADO,6,ABRIL,4,NO,"CONDUCIR EN ESTADO DE SOMNOLENCIA O MALAS CONDICIONES FISICAS (SUENIO, CANSANCIO Y FATIGA).",PERDIDA DE PISTA,AUTOMOVIL,1,0,0,0,0,0,0,0,0,0,0,0,0,1,23,HOMBRE,LESIONADO,CONDUCTOR PRESENTE,NO,NO,3
2632,8226,8227,2017,2,0,-0.365909,-78.475396,PICHINCHA,RUMINIAHUI,SANGOLQUI,URBANA,2017-04-15,04:30:00,4,SABADO,6,ABRIL,4,NO,"CONDUCE BAJO LA INFLUENCIA DE ALCOHOL, SUSTANCIAS ESTUPEFACIENTES O PSICOTROPICAS Y/O MEDICAMENTOS.",CHOQUE POSTERIOR,VEHICULO DEPORTIVO UTILITARIO,1,0,0,0,0,0,0,0,0,0,0,0,1,2,48,HOMBRE,LESIONADO,CONDUCTOR PRESENTE,NO,NO,0
2633,8229,8230,2017,0,0,-0.217795,-78.491319,PICHINCHA,QUITO,QUITO,URBANA,2017-04-15,06:10:00,6,SABADO,6,ABRIL,4,NO,"CONDUCIR DESATENTO A LAS CONDICIONES DE TRANSITO (CELULAR, PANTALLAS DE VIDEO, COMIDA, MAQUILLAJE O CUALQUIER OTRO ELEMENTO DISTRACTOR).",ESTRELLAMIENTOS,CAMION,0,0,0,1,0,0,0,0,0,0,0,0,0,1,-1,NO IDENTIFICADO,NO IDENTIFICADO,CONDUCTOR AUSENTE,NO,NO,2
2634,8231,8232,2017,1,0,-0.092772,-78.498712,PICHINCHA,QUITO,QUITO,URBANA,2017-04-15,07:10:00,7,SABADO,6,ABRIL,4,NO,NO CEDER EL DERECHO DE VIA O PREFERENCIA DE PASO AL PEATON.,ATROPELLOS,BUS,0,0,1,0,0,0,0,0,0,0,0,0,0,1,60,HOMBRE,LESIONADO,PEATON,NO,NO,0
2635,8234,8235,2017,1,0,-0.161208,-78.495838,PICHINCHA,QUITO,QUITO,URBANA,2017-04-15,07:55:00,7,SABADO,6,ABRIL,4,NO,DEJAR O RECOGER PASAJEROS EN LUGARES NO PERMITIDOS.,CAIDA DE PASAJERO,NO IDENTIFICADO,0,0,0,0,0,0,0,0,0,1,0,0,0,1,61,MUJER,LESIONADO,PASAJERO,NO,NO,0
2636,8239,8240,2017,0,0,-0.105373,-78.462381,PICHINCHA,QUITO,QUITO,RURAL,2017-04-15,12:20:00,12,SABADO,6,ABRIL,4,NO,PESO Y VOLUMEN - NO CUMPLIR CON LAS NORMAS DE SEGURIDAD NECESARIAS AL TRANSPORTAR CARGAS.,ESTRELLAMIENTOS,CAMION,0,0,0,1,0,0,0,0,0,0,0,0,0,1,-1,NO IDENTIFICADO,NO IDENTIFICADO,CONDUCTOR AUSENTE,NO,NO,2
2637,8240,8241,2017,0,0,-0.289305,-78.538485,PICHINCHA,QUITO,QUITO,URBANA,2017-04-15,12:20:00,12,SABADO,6,ABRIL,4,NO,"ADELANTAR O REBASAR A OTRO VEHICULO EN MOVIMIENTO EN ZONAS O SITIOS PELIGROSOS TALES COMO: CURVAS, PUENTES, TUNELES, PENDIENTES, ETC.",CHOQUE FRONTAL,MOTOCICLETA,0,0,0,0,1,0,0,0,1,0,0,0,0,2,38,HOMBRE,ILESO,CONDUCTOR PRESENTE,NO,NO,0
2638,8241,8242,2017,0,0,-0.283461,-78.543792,PICHINCHA,QUITO,QUITO,URBANA,2017-04-15,12:28:00,12,SABADO,6,ABRIL,4,NO,"NO RESPETAR LAS SENIALES REGLAMENTARIAS DE TRANSITO. (PARE, CEDA EL PASO, LUZ ROJA DEL SEMAFORO, ETC).",CHOQUE LATERAL,CAMIONETA,0,0,0,0,1,0,0,0,0,0,0,0,1,2,51,HOMBRE,ILESO,CONDUCTOR PRESENTE,NO,NO,0
2639,8242,8243,2017,0,0,-0.525439,-78.554607,PICHINCHA,MEJIA,MACHACHI,URBANA,2017-04-15,13:20:00,13,SABADO,6,ABRIL,4,NO,NO GUARDAR LA DISTANCIA LATERAL MINIMA DE SEGURIDAD ENTRE VEHICULOS.,CHOQUE LATERAL,CAMION,0,0,0,2,0,0,0,0,0,0,0,0,0,2,36,HOMBRE,ILESO,CONDUCTOR PRESENTE,NO,NO,0
2640,8244,8245,2017,0,0,-0.237411,-78.484916,PICHINCHA,QUITO,QUITO,URBANA,2017-04-15,13:50:00,13,SABADO,6,ABRIL,4,NO,"CONDUCIR DESATENTO A LAS CONDICIONES DE TRANSITO (CELULAR, PANTALLAS DE VIDEO, COMIDA, MAQUILLAJE O CUALQUIER OTRO ELEMENTO DISTRACTOR).",ESTRELLAMIENTOS,NO IDENTIFICADO,0,0,0,0,0,0,0,0,0,1,0,0,0,1,-1,NO IDENTIFICADO,NO IDENTIFICADO,CONDUCTOR AUSENTE,NO,NO,2
2641,8246,8247,2017,0,0,-0.244666,-78.510971,PICHINCHA,QUITO,QUITO,URBANA,2017-04-15,14:30:00,14,SABADO,6,ABRIL,4,NO,"NO RESPETAR LAS SENIALES REGLAMENTARIAS DE TRANSITO. (PARE, CEDA EL PASO, LUZ ROJA DEL SEMAFORO, ETC).",CHOQUE LATERAL,AUTOMOVIL,1,0,0,0,0,0,0,0,0,1,0,0,0,2,26,HOMBRE,ILESO,CONDUCTOR PRESENTE,NO,NO,0
2642,8247,8248,2017,0,0,-0.221176,-78.520687,PICHINCHA,QUITO,QUITO,URBANA,2017-04-15,14:30:00,14,SABADO,6,ABRIL,4,NO,NO MANTENER LA DISTANCIA PRUDENCIAL CON RESPECTO AL VEHICULO QUE LE ANTECEDE.,CHOQUE POSTERIOR,VEHICULO DEPORTIVO UTILITARIO,0,0,0,0,1,0,0,0,0,0,0,0,1,2,40,HOMBRE,ILESO,CONDUCTOR PRESENTE,NO,NO,0
2643,8250,8251,2017,2,0,-0.328831,-78.560625,PICHINCHA,QUITO,QUITO,URBANA,2017-04-15,15:25:00,15,SABADO,6,ABRIL,4,NO,CONDUCIR VEHICULO SUPERANDO LOS LIMITES MAXIMOS DE VELOCIDAD.,ESTRELLAMIENTOS,FURGONETA,1,0,0,0,0,0,0,1,0,0,0,0,0,2,50,HOMBRE,LESIONADO,PASAJERO,NO,NO,0
2644,8252,8253,2017,1,0,-0.254686,-78.504316,PICHINCHA,QUITO,QUITO,URBANA,2017-04-15,15:35:00,15,SABADO,6,ABRIL,4,NO,NO CEDER EL DERECHO DE VIA O PREFERENCIA DE PASO AL PEATON.,ATROPELLOS,MOTOCICLETA,0,0,0,0,0,0,0,0,1,0,0,0,0,1,22,MUJER,LESIONADO,PEATON,NO,NO,0
2645,8255,8256,2017,0,0,-0.109369,-78.458375,PICHINCHA,QUITO,CALDERON (CARAPUNGO),RURAL,2017-04-15,16:30:00,16,SABADO,6,ABRIL,4,NO,REALIZAR CAMBIO BRUSCO O INDEBIDO DE CARRIL.,COLISION,BUS,0,0,2,0,1,0,0,0,0,1,0,0,0,4,37,HOMBRE,ILESO,CONDUCTOR PRESENTE,NO,NO,3
2646,8260,8261,2017,0,0,-0.272987,-78.547114,PICHINCHA,QUITO,QUITO,URBANA,2017-04-15,18:20:00,18,SABADO,6,ABRIL,4,NO,NO CEDER EL DERECHO DE VIA O PREFERENCIA DE PASO A VEHICULOS.,CHOQUE LATERAL,CAMIONETA,1,0,0,0,1,0,0,0,0,0,0,0,0,2,28,HOMBRE,ILESO,CONDUCTOR PRESENTE,NO,NO,0
2647,8263,8264,2017,1,0,-0.091585,-78.439052,PICHINCHA,QUITO,CALDERON (CARAPUNGO),RURAL,2017-04-15,18:58:00,18,SABADO,6,ABRIL,4,NO,NO MANTENER LA DISTANCIA PRUDENCIAL CON RESPECTO AL VEHICULO QUE LE ANTECEDE.,CHOQUE POSTERIOR,NO IDENTIFICADO,0,0,0,0,0,0,0,0,0,2,0,0,0,2,40,HOMBRE,LESIONADO,CONDUCTOR PRESENTE,NO,NO,3
2648,8264,8265,2017,0,0,-0.304504,-78.566841,PICHINCHA,QUITO,QUITO,URBANA,2017-04-15,19:00:00,19,SABADO,6,ABRIL,4,NO,"CONDUCIR DESATENTO A LAS CONDICIONES DE TRANSITO (CELULAR, PANTALLAS DE VIDEO, COMIDA, MAQUILLAJE O CUALQUIER OTRO ELEMENTO DISTRACTOR).",ROZAMIENTOS,AUTOMOVIL,1,0,0,0,0,0,0,0,0,1,0,0,0,2,-1,NO IDENTIFICADO,NO IDENTIFICADO,CONDUCTOR AUSENTE,NO,NO,2
2649,8265,8266,2017,1,0,-0.287512,-78.564844,PICHINCHA,QUITO,QUITO,URBANA,2017-04-15,19:05:00,19,SABADO,6,ABRIL,4,NO,NO CEDER EL DERECHO DE VIA O PREFERENCIA DE PASO AL PEATON.,ATROPELLOS,NO IDENTIFICADO,0,0,0,0,0,0,0,0,0,1,0,0,0,1,72,MUJER,LESIONADO,PEATON,NO,NO,0
2650,8267,8268,2017,1,0,-0.175536,-78.406128,PICHINCHA,QUITO,TUMBACO,RURAL,2017-04-15,19:30:00,19,SABADO,6,ABRIL,4,NO,NO CEDER EL DERECHO DE VIA O PREFERENCIA DE PASO AL PEATON.,ATROPELLOS,BICICLETA,0,1,0,0,0,0,0,0,0,0,0,0,0,1,51,HOMBRE,LESIONADO,PEATON,NO,NO,3
2651,8268,8269,2017,1,0,-0.364125,-78.553976,PICHINCHA,MEJIA,CUTUGLAHUA,RURAL,2017-04-15,19:50:00,19,SABADO,6,ABRIL,4,NO,DEJAR O RECOGER PASAJEROS EN LUGARES NO PERMITIDOS.,CAIDA DE PASAJERO,NO IDENTIFICADO,0,0,0,0,0,0,0,0,0,1,0,0,0,1,26,HOMBRE,LESIONADO,PASAJERO,NO,NO,3
2652,8270,8271,2017,0,0,-0.279172,-78.552921,PICHINCHA,QUITO,QUITO,URBANA,2017-04-15,20:30:00,20,SABADO,6,ABRIL,4,NO,"CONDUCE BAJO LA INFLUENCIA DE ALCOHOL, SUSTANCIAS ESTUPEFACIENTES O PSICOTROPICAS Y/O MEDICAMENTOS.",COLISION,CAMION,3,0,0,1,0,0,0,0,0,0,0,0,0,4,36,HOMBRE,ILESO,CONDUCTOR PRESENTE,NO,NO,0
2653,8273,8274,2017,1,0,-0.237734,-78.509298,PICHINCHA,QUITO,QUITO,URBANA,2017-04-15,22:00:00,22,SABADO,6,ABRIL,4,NO,"CONDUCE BAJO LA INFLUENCIA DE ALCOHOL, SUSTANCIAS ESTUPEFACIENTES O PSICOTROPICAS Y/O MEDICAMENTOS.",CHOQUE FRONTAL,MOTOCICLETA,1,0,0,0,0,0,0,0,1,0,0,0,0,2,33,HOMBRE,LESIONADO,CONDUCTOR PRESENTE,NO,NO,0
2654,8274,8275,2017,0,0,-0.297931,-78.357291,PICHINCHA,QUITO,PIFO,URBANA,2017-04-15,22:15:00,22,SABADO,6,ABRIL,4,NO,"CONDUCIR DESATENTO A LAS CONDICIONES DE TRANSITO (CELULAR, PANTALLAS DE VIDEO, COMIDA, MAQUILLAJE O CUALQUIER OTRO ELEMENTO DISTRACTOR).",PERDIDA DE PISTA,CAMION,0,0,0,1,0,0,0,0,0,0,0,0,0,1,39,HOMBRE,ILESO,CONDUCTOR PRESENTE,NO,NO,0
2655,8305,8306,2017,2,0,-0.116378,-78.483516,PICHINCHA,QUITO,QUITO,URBANA,2017-04-16,02:40:00,2,DOMINGO,7,ABRIL,4,NO,"CONDUCE BAJO LA INFLUENCIA DE ALCOHOL, SUSTANCIAS ESTUPEFACIENTES O PSICOTROPICAS Y/O MEDICAMENTOS.",PERDIDA DE PISTA,MOTOCICLETA,0,0,0,0,0,0,0,0,1,0,0,0,0,1,21,HOMBRE,LESIONADO,CONDUCTOR PRESENTE,NO,NO,0
2656,8306,8307,2017,1,0,-0.104832,-78.501595,PICHINCHA,QUITO,QUITO,URBANA,2017-04-16,02:46:00,2,DOMINGO,7,ABRIL,4,NO,CONDUCIR VEHICULO SUPERANDO LOS LIMITES MAXIMOS DE VELOCIDAD.,PERDIDA DE PISTA,MOTOCICLETA,0,0,0,0,0,0,0,0,1,0,0,0,0,1,24,HOMBRE,LESIONADO,CONDUCTOR PRESENTE,NO,NO,0
2657,8307,8308,2017,0,0,-0.327161,-78.408943,PICHINCHA,QUITO,ALANGASI,URBANA,2017-04-16,03:05:00,3,DOMINGO,7,ABRIL,4,NO,"CONDUCE BAJO LA INFLUENCIA DE ALCOHOL, SUSTANCIAS ESTUPEFACIENTES O PSICOTROPICAS Y/O MEDICAMENTOS.",PERDIDA DE PISTA,AUTOMOVIL,1,0,0,0,0,0,0,0,0,0,0,0,0,1,21,HOMBRE,ILESO,CONDUCTOR PRESENTE,NO,NO,0
2658,8308,8309,2017,0,0,-0.157879,-78.444349,PICHINCHA,QUITO,NAYON,RURAL,2017-04-16,03:10:00,3,DOMINGO,7,ABRIL,4,NO,"CONDUCIR EN ESTADO DE SOMNOLENCIA O MALAS CONDICIONES FISICAS (SUENIO, CANSANCIO Y FATIGA).",PERDIDA DE PISTA,VEHICULO DEPORTIVO UTILITARIO,0,0,0,0,0,0,0,0,0,0,0,0,1,1,-1,NO IDENTIFICADO,NO IDENTIFICADO,CONDUCTOR AUSENTE,NO,NO,2
2659,8310,8311,2017,0,0,-0.275242,-78.552512,PICHINCHA,QUITO,QUITO,URBANA,2017-04-16,05:30:00,5,DOMINGO,7,ABRIL,4,NO,"CONDUCIR DESATENTO A LAS CONDICIONES DE TRANSITO (CELULAR, PANTALLAS DE VIDEO, COMIDA, MAQUILLAJE O CUALQUIER OTRO ELEMENTO DISTRACTOR).",ESTRELLAMIENTOS,AUTOMOVIL,1,0,0,0,0,0,0,0,0,0,0,0,0,1,-1,NO IDENTIFICADO,NO IDENTIFICADO,CONDUCTOR AUSENTE,NO,NO,2
2660,8311,8312,2017,1,0,-0.220707,-78.519523,PICHINCHA,QUITO,QUITO,URBANA,2017-04-16,06:05:00,6,DOMINGO,7,ABRIL,4,NO,NO TRANSITAR POR LAS ACERAS O ZONAS DE SEGURIDAD DESTINADAS PARA EL EFECTO.,ATROPELLOS,NO IDENTIFICADO,0,0,0,0,0,0,0,0,0,1,0,0,0,1,69,HOMBRE,LESIONADO,PEATON,NO,NO,0
2661,8312,8313,2017,0,0,-0.204569,-78.495231,PICHINCHA,QUITO,QUITO,URBANA,2017-04-16,06:35:00,6,DOMINGO,7,ABRIL,4,NO,"NO RESPETAR LAS SENIALES REGLAMENTARIAS DE TRANSITO. (PARE, CEDA EL PASO, LUZ ROJA DEL SEMAFORO, ETC).",CHOQUE LATERAL,AUTOMOVIL,2,0,0,0,0,0,0,0,0,0,0,0,0,2,23,HOMBRE,ILESO,CONDUCTOR PRESENTE,NO,NO,0
2662,8317,8318,2017,1,0,-0.161208,-78.495838,PICHINCHA,QUITO,QUITO,URBANA,2017-04-16,08:10:00,8,DOMINGO,7,ABRIL,4,NO,"CONDUCIR DESATENTO A LAS CONDICIONES DE TRANSITO (CELULAR, PANTALLAS DE VIDEO, COMIDA, MAQUILLAJE O CUALQUIER OTRO ELEMENTO DISTRACTOR).",CAIDA DE PASAJERO,MOTOCICLETA,0,0,0,0,0,0,0,0,1,0,0,0,0,1,38,MUJER,LESIONADO,PASAJERO,NO,NO,0
2663,8322,8323,2017,0,0,-0.215921,-78.500549,PICHINCHA,QUITO,QUITO,URBANA,2017-04-16,12:10:00,12,DOMINGO,7,ABRIL,4,NO,NO MANTENER LA DISTANCIA PRUDENCIAL CON RESPECTO AL VEHICULO QUE LE ANTECEDE.,CHOQUE POSTERIOR,AUTOMOVIL,1,0,0,0,0,0,0,1,0,0,0,0,0,2,29,HOMBRE,ILESO,CONDUCTOR PRESENTE,NO,NO,0
2664,8325,8326,2017,1,0,-0.091585,-78.390521,PICHINCHA,QUITO,CALDERON (CARAPUNGO),RURAL,2017-04-16,13:20:00,13,DOMINGO,7,ABRIL,4,NO,NO CEDER EL DERECHO DE VIA O PREFERENCIA DE PASO AL PEATON.,ATROPELLOS,AUTOMOVIL,1,0,0,0,0,0,0,0,0,0,0,0,0,1,87,HOMBRE,LESIONADO,PEATON,NO,NO,3
2665,8326,8327,2017,1,0,-0.267381,-78.550301,PICHINCHA,QUITO,QUITO,URBANA,2017-04-16,13:20:00,13,DOMINGO,7,ABRIL,4,NO,NO CEDER EL DERECHO DE VIA O PREFERENCIA DE PASO AL PEATON.,ATROPELLOS,NO IDENTIFICADO,0,0,0,0,0,0,0,0,0,1,0,0,0,1,3,MUJER,LESIONADO,PEATON,NO,NO,0
2666,8327,8328,2017,0,0,-0.328479,-78.522294,PICHINCHA,QUITO,QUITO,URBANA,2017-04-16,13:30:00,13,DOMINGO,7,ABRIL,4,NO,CONDUCIR VEHICULO SUPERANDO LOS LIMITES MAXIMOS DE VELOCIDAD.,ESTRELLAMIENTOS,VEHICULO DEPORTIVO UTILITARIO,0,0,0,0,0,0,0,0,0,0,0,0,1,1,50,HOMBRE,ILESO,CONDUCTOR PRESENTE,NO,NO,0
2667,8331,8332,2017,1,0,-0.290333,-78.565491,PICHINCHA,QUITO,QUITO,URBANA,2017-04-16,15:30:00,15,DOMINGO,7,ABRIL,4,NO,NO CEDER EL DERECHO DE VIA O PREFERENCIA DE PASO AL PEATON.,ATROPELLOS,NO IDENTIFICADO,0,0,0,0,0,0,0,0,0,1,0,0,0,1,5,HOMBRE,LESIONADO,PEATON,NO,NO,0
2668,8338,8339,2017,0,0,-0.277158,-78.562818,PICHINCHA,QUITO,QUITO,URBANA,2017-04-16,20:10:00,20,DOMINGO,7,ABRIL,4,NO,"CONDUCIR DESATENTO A LAS CONDICIONES DE TRANSITO (CELULAR, PANTALLAS DE VIDEO, COMIDA, MAQUILLAJE O CUALQUIER OTRO ELEMENTO DISTRACTOR).",ESTRELLAMIENTOS,NO IDENTIFICADO,0,0,0,0,0,0,0,0,0,1,0,0,0,1,-1,NO IDENTIFICADO,NO IDENTIFICADO,CONDUCTOR AUSENTE,NO,NO,2
2669,8344,8345,2017,0,0,-0.204802,-78.376946,PICHINCHA,QUITO,TUMBACO,RURAL,2017-04-16,21:15:00,21,DOMINGO,7,ABRIL,4,NO,CONDUCIR VEHICULO SUPERANDO LOS LIMITES MAXIMOS DE VELOCIDAD.,ESTRELLAMIENTOS,CAMIONETA,0,0,0,0,1,0,0,0,0,0,0,0,0,1,-1,NO IDENTIFICADO,NO IDENTIFICADO,CONDUCTOR AUSENTE,NO,NO,2
2670,8345,8346,2017,0,0,-0.258516,-78.546133,PICHINCHA,QUITO,QUITO,URBANA,2017-04-16,22:20:00,22,DOMINGO,7,ABRIL,4,NO,"CASO FORTUITO O FUERZA MAYOR (EXPLOSION DE NEUMATICO NUEVO, DERRUMBE, INUNDACION, CAIDA DE PUENTE, ARBOL, PRESENCIA INTEMPESTIVA E IMPREVISTA DE SEMOVIENTES EN LA VIA, ETC.).",OTROS,AUTOMOVIL,1,0,0,0,0,0,0,0,0,1,0,0,0,2,31,HOMBRE,ILESO,CONDUCTOR PRESENTE,NO,NO,0
2671,8346,8347,2017,1,0,-0.250172,-78.532445,PICHINCHA,QUITO,QUITO,URBANA,2017-04-16,22:40:00,22,DOMINGO,7,ABRIL,4,NO,REALIZAR CAMBIO BRUSCO O INDEBIDO DE CARRIL.,PERDIDA DE PISTA,MOTOCICLETA,0,0,0,0,0,0,0,0,1,0,0,0,0,1,33,HOMBRE,LESIONADO,CONDUCTOR PRESENTE,NO,NO,0
2672,8347,8348,2017,0,0,-0.188532,-78.492018,PICHINCHA,QUITO,QUITO,URBANA,2017-04-16,22:45:00,22,DOMINGO,7,ABRIL,4,NO,"NO RESPETAR LAS SENIALES REGLAMENTARIAS DE TRANSITO. (PARE, CEDA EL PASO, LUZ ROJA DEL SEMAFORO, ETC).",CHOQUE LATERAL,AUTOMOVIL,1,0,0,0,0,0,0,0,0,0,0,0,1,2,39,HOMBRE,ILESO,CONDUCTOR PRESENTE,NO,NO,0
2673,8376,8377,2017,0,0,-0.268637,-78.532718,PICHINCHA,QUITO,QUITO,URBANA,2017-04-17,06:00:00,6,LUNES,1,ABRIL,4,NO,"ADELANTAR O REBASAR A OTRO VEHICULO EN MOVIMIENTO EN ZONAS O SITIOS PELIGROSOS TALES COMO: CURVAS, PUENTES, TUNELES, PENDIENTES, ETC.",CHOQUE FRONTAL,AUTOMOVIL,2,0,0,0,0,0,0,0,0,0,0,0,0,2,40,HOMBRE,ILESO,CONDUCTOR PRESENTE,NO,NO,0
2674,8377,8378,2017,1,0,-0.105384,-78.497732,PICHINCHA,QUITO,QUITO,URBANA,2017-04-17,07:00:00,7,LUNES,1,ABRIL,4,NO,"NO RESPETAR LAS SENIALES REGLAMENTARIAS DE TRANSITO. (PARE, CEDA EL PASO, LUZ ROJA DEL SEMAFORO, ETC).",CHOQUE LATERAL,MOTOCICLETA,1,0,0,0,0,0,0,0,1,0,0,0,0,2,28,HOMBRE,LESIONADO,CONDUCTOR PRESENTE,NO,NO,0
2675,8380,8381,2017,0,1,-0.091585,-78.439052,PICHINCHA,QUITO,CALDERON (CARAPUNGO),RURAL,2017-04-17,07:28:00,7,LUNES,1,ABRIL,4,NO,NO TRANSITAR POR LAS ACERAS O ZONAS DE SEGURIDAD DESTINADAS PARA EL EFECTO.,ATROPELLOS,CAMIONETA,0,0,0,0,1,0,0,0,0,0,0,0,0,1,72,HOMBRE,FALLECIDO,PEATON,NO,NO,3
2676,8382,8383,2017,0,0,-0.204627,-78.498746,PICHINCHA,QUITO,QUITO,URBANA,2017-04-17,08:45:00,8,LUNES,1,ABRIL,4,NO,REALIZAR CAMBIO BRUSCO O INDEBIDO DE CARRIL.,CHOQUE POSTERIOR,AUTOMOVIL,2,0,0,0,0,0,0,0,0,0,0,0,0,2,46,HOMBRE,ILESO,CONDUCTOR PRESENTE,NO,NO,0
2677,8383,8384,2017,1,0,-0.175149,-78.487453,PICHINCHA,QUITO,QUITO,URBANA,2017-04-17,08:53:00,8,LUNES,1,ABRIL,4,NO,PEATON QUE CRUZA LA CALZADA SIN RESPETAR LA SENIALIZACION EXISTENTE (SEMAFOROS O SENIALES MANUALES).,ATROPELLOS,AUTOMOVIL,1,0,0,0,0,0,0,0,0,0,0,0,0,1,28,HOMBRE,LESIONADO,PEATON,NO,NO,0
2678,8384,8385,2017,0,0,-0.105568,-78.497653,PICHINCHA,QUITO,QUITO,URBANA,2017-04-17,09:15:00,9,LUNES,1,ABRIL,4,NO,NO MANTENER LA DISTANCIA PRUDENCIAL CON RESPECTO AL VEHICULO QUE LE ANTECEDE.,CHOQUE POSTERIOR,CAMIONETA,1,0,0,0,1,0,0,0,0,0,0,0,0,2,24,HOMBRE,ILESO,CONDUCTOR PRESENTE,NO,NO,0
2679,8388,8389,2017,0,0,-0.311601,-78.551796,PICHINCHA,QUITO,QUITO,URBANA,2017-04-17,11:10:00,11,LUNES,1,ABRIL,4,NO,NO CEDER EL DERECHO DE VIA O PREFERENCIA DE PASO A VEHICULOS.,CHOQUE LATERAL,CAMIONETA,1,0,0,0,1,0,0,0,0,0,0,0,0,2,26,HOMBRE,ILESO,CONDUCTOR PRESENTE,NO,NO,0
2680,8390,8391,2017,0,0,-0.227403,-78.507166,PICHINCHA,QUITO,QUITO,URBANA,2017-04-17,12:05:00,12,LUNES,1,ABRIL,4,NO,DEJAR O RECOGER PASAJEROS EN LUGARES NO PERMITIDOS.,ROZAMIENTOS,BUS,0,0,2,0,0,0,0,0,0,0,0,0,0,2,31,HOMBRE,ILESO,CONDUCTOR PRESENTE,NO,NO,0
2681,8396,8397,2017,0,0,-0.201375,-78.455611,PICHINCHA,QUITO,QUITO,RURAL,2017-04-17,14:25:00,14,LUNES,1,ABRIL,4,NO,CONDUCIR VEHICULO SUPERANDO LOS LIMITES MAXIMOS DE VELOCIDAD.,PERDIDA DE PISTA,MOTOCICLETA,0,0,0,0,0,0,0,0,1,0,0,0,0,1,45,HOMBRE,ILESO,CONDUCTOR PRESENTE,NO,NO,3
2682,8399,8400,2017,0,0,-0.201703,-78.492532,PICHINCHA,QUITO,QUITO,URBANA,2017-04-17,15:20:00,15,LUNES,1,ABRIL,4,NO,"NO RESPETAR LAS SENIALES REGLAMENTARIAS DE TRANSITO. (PARE, CEDA EL PASO, LUZ ROJA DEL SEMAFORO, ETC).",CHOQUE LATERAL,BICICLETA,0,1,0,0,0,0,0,0,0,1,0,0,0,2,30,HOMBRE,ILESO,CONDUCTOR PRESENTE,NO,NO,0
2683,8401,8402,2017,1,0,-0.204627,-78.498746,PICHINCHA,QUITO,QUITO,URBANA,2017-04-17,15:45:00,15,LUNES,1,ABRIL,4,NO,NO GUARDAR LA DISTANCIA LATERAL MINIMA DE SEGURIDAD ENTRE VEHICULOS.,ROZAMIENTOS,MOTOCICLETA,0,0,0,0,0,0,0,0,1,1,0,0,0,2,32,HOMBRE,LESIONADO,CONDUCTOR PRESENTE,NO,NO,0