,Unnamed: 0,ID,ANIO,LESIONADOS,FALLECIDOS,LATITUD_Y,LONGITUD_X,PROVINCIA,CANTON,PARROQUIA,ZONA,FECHA,HORA,PERIODO_2,DIA_1,DIA_2,MES_1,MES_2,FERIADO,CAUSA_PROBABLE,TIPO_DE_SINIESTRO,TIPO_DE_VEHICULO_1,AUTOMOVIL,BICICLETA,BUS,CAMION,CAMIONETA,EMERGENCIAS,ESPECIAL,FURGONETA,MOTOCICLETA,NO_IDENTIFICADO,SCOOTER_ELECTRICO,TRICIMOTO,VEHICULO_DEPORTIVO_UTILITARIO,SUMA_DE_VEHICULOS,EDAD_1,SEXO_1,CONDICION_1,PARTICIPANTE_1,CASCO_1,CINTURON_1,KMeans_Cluster
2684,8402,8403,2017,0,0,-0.199461,-78.494259,PICHINCHA,QUITO,QUITO,URBANA,2017-04-17,16:20:00,16,LUNES,1,ABRIL,4,NO,NO GUARDAR LA DISTANCIA LATERAL MINIMA DE SEGURIDAD ENTRE VEHICULOS.,ROZAMIENTOS,VEHICULO DEPORTIVO UTILITARIO,1,0,0,0,0,0,0,0,0,0,0,0,1,2,41,HOMBRE,ILESO,CONDUCTOR PRESENTE,NO,NO,0
2685,8403,8404,2017,0,0,-0.165723,-78.452857,PICHINCHA,QUITO,QUITO,RURAL,2017-04-17,17:00:00,17,LUNES,1,ABRIL,4,NO,NO MANTENER LA DISTANCIA PRUDENCIAL CON RESPECTO AL VEHICULO QUE LE ANTECEDE.,CHOQUE POSTERIOR,MOTOCICLETA,1,0,0,0,0,0,0,0,1,0,0,0,0,2,35,HOMBRE,ILESO,CONDUCTOR PRESENTE,NO,NO,3
2686,8404,8405,2017,1,0,-0.144763,-78.474632,PICHINCHA,QUITO,QUITO,URBANA,2017-04-17,17:15:00,17,LUNES,1,ABRIL,4,NO,"NO RESPETAR LAS SENIALES REGLAMENTARIAS DE TRANSITO. (PARE, CEDA EL PASO, LUZ ROJA DEL SEMAFORO, ETC).",OTROS,BUS,0,1,1,0,0,0,0,0,0,0,0,0,0,2,29,HOMBRE,LESIONADO,CONDUCTOR PRESENTE,NO,NO,0
2687,8409,8410,2017,1,0,-0.305501,-78.494986,PICHINCHA,QUITO,CONOCOTO,URBANA,2017-04-17,18:00:00,18,LUNES,1,ABRIL,4,NO,"CONDUCIR DESATENTO A LAS CONDICIONES DE TRANSITO (CELULAR, PANTALLAS DE VIDEO, COMIDA, MAQUILLAJE O CUALQUIER OTRO ELEMENTO DISTRACTOR).",PERDIDA DE PISTA,MOTOCICLETA,0,0,0,0,0,0,0,0,1,0,0,0,0,1,27,HOMBRE,LESIONADO,CONDUCTOR PRESENTE,NO,NO,0
2688,8410,8411,2017,0,0,-0.147739,-78.447862,PICHINCHA,QUITO,ZAMBIZA,RURAL,2017-04-17,18:00:00,18,LUNES,1,ABRIL,4,NO,NO CEDER EL DERECHO DE VIA O PREFERENCIA DE PASO A VEHICULOS.,CHOQUE LATERAL,BUS,0,0,1,0,1,0,0,0,0,0,0,0,0,2,21,HOMBRE,ILESO,CONDUCTOR PRESENTE,NO,NO,3
2689,8411,8412,2017,0,0,-0.194699,-78.477717,PICHINCHA,QUITO,QUITO,URBANA,2017-04-17,18:30:00,18,LUNES,1,ABRIL,4,NO,"CONDUCE BAJO LA INFLUENCIA DE ALCOHOL, SUSTANCIAS ESTUPEFACIENTES O PSICOTROPICAS Y/O MEDICAMENTOS.",ESTRELLAMIENTOS,AUTOMOVIL,2,0,0,0,0,0,0,0,0,1,0,0,0,3,36,MUJER,ILESO,CONDUCTOR PRESENTE,NO,NO,0
2690,8418,8419,2017,2,0,-0.280834,-78.548699,PICHINCHA,QUITO,QUITO,URBANA,2017-04-17,20:20:00,20,LUNES,1,ABRIL,4,NO,"ADELANTAR O REBASAR A OTRO VEHICULO EN MOVIMIENTO EN ZONAS O SITIOS PELIGROSOS TALES COMO: CURVAS, PUENTES, TUNELES, PENDIENTES, ETC.",ROZAMIENTOS,BUS,0,0,1,0,0,0,0,0,1,0,0,0,0,2,23,MUJER,LESIONADO,PASAJERO,NO,NO,0
2691,8419,8420,2017,0,0,-0.197677,-78.500203,PICHINCHA,QUITO,QUITO,URBANA,2017-04-17,20:20:00,20,LUNES,1,ABRIL,4,NO,NO MANTENER LA DISTANCIA PRUDENCIAL CON RESPECTO AL VEHICULO QUE LE ANTECEDE.,CHOQUE POSTERIOR,AUTOMOVIL,2,0,0,0,0,0,0,0,0,0,0,0,0,2,32,HOMBRE,ILESO,CONDUCTOR PRESENTE,NO,NO,0
2692,8420,8421,2017,1,0,-0.375835,-78.495221,PICHINCHA,QUITO,AMAGUANIA,URBANA,2017-04-17,20:30:00,20,LUNES,1,ABRIL,4,NO,"CONDICIONES AMBIENTALES Y/O ATMOSFERICAS (NIEBLA, NEBLINA, GRANIZO, LLUVIA).",CHOQUE POSTERIOR,CAMION,0,0,0,2,0,0,0,0,0,0,0,0,0,2,49,HOMBRE,LESIONADO,CONDUCTOR PRESENTE,NO,NO,0
2693,8421,8422,2017,0,0,-0.115029,-78.485591,PICHINCHA,QUITO,QUITO,URBANA,2017-04-17,21:20:00,21,LUNES,1,ABRIL,4,NO,NO CEDER EL DERECHO DE VIA O PREFERENCIA DE PASO A VEHICULOS.,CHOQUE LATERAL,AUTOMOVIL,1,0,0,0,0,0,0,0,1,0,0,0,0,2,35,MUJER,ILESO,CONDUCTOR PRESENTE,NO,NO,0
2694,8433,8434,2017,0,0,-0.086935,-78.390534,PICHINCHA,QUITO,CALDERON (CARAPUNGO),RURAL,2017-04-18,00:20:00,0,MARTES,2,ABRIL,4,NO,"CONDUCIR EN ESTADO DE SOMNOLENCIA O MALAS CONDICIONES FISICAS (SUENIO, CANSANCIO Y FATIGA).",PERDIDA DE PISTA,CAMION,0,0,0,1,0,0,0,0,0,0,0,0,0,1,-1,NO IDENTIFICADO,NO IDENTIFICADO,CONDUCTOR AUSENTE,NO,NO,2
2695,8435,8436,2017,1,0,-0.252168,-78.539221,PICHINCHA,QUITO,QUITO,URBANA,2017-04-18,00:30:00,0,MARTES,2,ABRIL,4,NO,"CONDUCE BAJO LA INFLUENCIA DE ALCOHOL, SUSTANCIAS ESTUPEFACIENTES O PSICOTROPICAS Y/O MEDICAMENTOS.",CHOQUE LATERAL,AUTOMOVIL,2,0,0,0,0,0,0,0,0,0,0,0,0,2,48,HOMBRE,LESIONADO,CONDUCTOR PRESENTE,NO,NO,0
2696,8443,8444,2017,0,0,-0.199767,-78.428809,PICHINCHA,QUITO,CUMBAYA,RURAL,2017-04-18,07:10:00,7,MARTES,2,ABRIL,4,NO,BAJARSE O SUBIRSE DE VEHICULOS EN MOVIMIENTO SIN TOMAR LAS PRECAUCIONES DEBIDAS.,OTROS,BUS,0,0,1,0,0,0,0,0,0,0,0,0,0,1,46,HOMBRE,ILESO,CONDUCTOR PRESENTE,NO,NO,3
2697,8447,8448,2017,0,0,-0.197811,-78.466481,PICHINCHA,QUITO,QUITO,URBANA,2017-04-18,08:00:00,8,MARTES,2,ABRIL,4,NO,NO CEDER EL DERECHO DE VIA O PREFERENCIA DE PASO A VEHICULOS.,CHOQUE LATERAL,AUTOMOVIL,2,0,0,0,0,0,0,0,0,0,0,0,0,2,38,HOMBRE,ILESO,CONDUCTOR PRESENTE,NO,NO,0
2698,8450,8451,2017,0,0,-0.154198,-78.471994,PICHINCHA,QUITO,QUITO,URBANA,2017-04-18,09:05:00,9,MARTES,2,ABRIL,4,NO,"CONDUCIR DESATENTO A LAS CONDICIONES DE TRANSITO (CELULAR, PANTALLAS DE VIDEO, COMIDA, MAQUILLAJE O CUALQUIER OTRO ELEMENTO DISTRACTOR).",ESTRELLAMIENTOS,AUTOMOVIL,2,0,0,0,1,0,0,0,0,0,0,0,1,4,61,HOMBRE,ILESO,CONDUCTOR PRESENTE,NO,NO,0
2699,8455,8456,2017,0,0,-0.270526,-78.528654,PICHINCHA,QUITO,QUITO,URBANA,2017-04-18,10:15:00,10,MARTES,2,ABRIL,4,NO,NO GUARDAR LA DISTANCIA LATERAL MINIMA DE SEGURIDAD ENTRE VEHICULOS.,ROZAMIENTOS,AUTOMOVIL,1,0,0,1,0,0,0,0,0,0,0,0,0,2,60,HOMBRE,ILESO,CONDUCTOR PRESENTE,NO,NO,0
2700,8456,8457,2017,0,0,-0.011231,-78.447327,PICHINCHA,QUITO,SAN ANTONIO (QUITO),RURAL,2017-04-18,10:30:00,10,MARTES,2,ABRIL,4,NO,"CONDUCIR DESATENTO A LAS CONDICIONES DE TRANSITO (CELULAR, PANTALLAS DE VIDEO, COMIDA, MAQUILLAJE O CUALQUIER OTRO ELEMENTO DISTRACTOR).",ESTRELLAMIENTOS,CAMION,0,0,0,1,1,0,0,0,0,0,0,0,0,2,25,HOMBRE,ILESO,CONDUCTOR PRESENTE,NO,NO,3
2701,8457,8458,2017,3,0,-0.191476,-78.507288,PICHINCHA,QUITO,QUITO,URBANA,2017-04-18,11:28:00,11,MARTES,2,ABRIL,4,NO,CONDUCIR VEHICULO SUPERANDO LOS LIMITES MAXIMOS DE VELOCIDAD.,CHOQUE LATERAL,AUTOMOVIL,2,0,0,0,0,0,0,0,0,0,0,0,0,2,-1,HOMBRE,LESIONADO,PASAJERO,NO,NO,0
2702,8459,8460,2017,1,0,-0.173585,-78.477056,PICHINCHA,QUITO,QUITO,URBANA,2017-04-18,12:10:00,12,MARTES,2,ABRIL,4,NO,NO CEDER EL DERECHO DE VIA O PREFERENCIA DE PASO AL PEATON.,ATROPELLOS,AUTOMOVIL,1,0,0,0,0,0,0,0,0,0,0,0,0,1,31,HOMBRE,LESIONADO,PEATON,NO,NO,0
2703,8461,8462,2017,0,0,-0.242313,-78.512771,PICHINCHA,QUITO,QUITO,URBANA,2017-04-18,12:30:00,12,MARTES,2,ABRIL,4,NO,NO GUARDAR LA DISTANCIA LATERAL MINIMA DE SEGURIDAD ENTRE VEHICULOS.,ROZAMIENTOS,AUTOMOVIL,2,0,0,0,0,0,0,0,0,0,0,0,0,2,26,HOMBRE,ILESO,CONDUCTOR PRESENTE,NO,NO,0
2704,8463,8464,2017,0,0,-0.176068,-78.485553,PICHINCHA,QUITO,QUITO,URBANA,2017-04-18,12:50:00,12,MARTES,2,ABRIL,4,NO,NO GUARDAR LA DISTANCIA LATERAL MINIMA DE SEGURIDAD ENTRE VEHICULOS.,ROZAMIENTOS,AUTOMOVIL,1,0,0,0,0,0,0,0,0,1,0,0,0,2,25,HOMBRE,ILESO,CONDUCTOR PRESENTE,NO,NO,0
2705,8465,8466,2017,1,0,-0.238213,-78.484807,PICHINCHA,QUITO,QUITO,URBANA,2017-04-18,13:23:00,13,MARTES,2,ABRIL,4,NO,NO TRANSITAR POR LAS ACERAS O ZONAS DE SEGURIDAD DESTINADAS PARA EL EFECTO.,ATROPELLOS,CAMION,0,0,0,1,0,0,0,0,0,0,0,0,0,1,8,HOMBRE,LESIONADO,PEATON,NO,NO,0
2706,8466,8467,2017,1,0,-0.188475,-78.492143,PICHINCHA,QUITO,QUITO,URBANA,2017-04-18,14:57:00,14,MARTES,2,ABRIL,4,NO,REALIZAR CAMBIO BRUSCO O INDEBIDO DE CARRIL.,PERDIDA DE PISTA,MOTOCICLETA,0,0,0,0,0,0,0,0,1,0,0,0,0,1,22,MUJER,LESIONADO,CONDUCTOR PRESENTE,NO,NO,0
2707,8473,8474,2017,0,0,-0.202103,-78.486509,PICHINCHA,QUITO,QUITO,URBANA,2017-04-18,16:20:00,16,MARTES,2,ABRIL,4,NO,NO CEDER EL DERECHO DE VIA O PREFERENCIA DE PASO A VEHICULOS.,CHOQUE LATERAL,AUTOMOVIL,2,0,0,0,0,0,0,0,0,0,0,0,0,2,23,HOMBRE,ILESO,CONDUCTOR PRESENTE,NO,NO,0
2708,8474,8475,2017,0,0,-0.171285,-78.490219,PICHINCHA,QUITO,QUITO,URBANA,2017-04-18,17:17:00,17,MARTES,2,ABRIL,4,NO,REALIZAR CAMBIO BRUSCO O INDEBIDO DE CARRIL.,CHOQUE POSTERIOR,AUTOMOVIL,1,0,0,0,1,0,0,0,0,0,0,0,0,2,35,HOMBRE,ILESO,CONDUCTOR PRESENTE,NO,NO,0
2709,8475,8476,2017,0,0,-0.188584,-78.470252,PICHINCHA,QUITO,QUITO,URBANA,2017-04-18,17:35:00,17,MARTES,2,ABRIL,4,NO,"CONDUCIR DESATENTO A LAS CONDICIONES DE TRANSITO (CELULAR, PANTALLAS DE VIDEO, COMIDA, MAQUILLAJE O CUALQUIER OTRO ELEMENTO DISTRACTOR).",ESTRELLAMIENTOS,CAMION,0,0,0,1,0,0,0,1,0,0,0,0,0,2,-1,NO IDENTIFICADO,NO IDENTIFICADO,CONDUCTOR AUSENTE,NO,NO,2
2710,8478,8479,2017,0,0,-0.181418,-78.481951,PICHINCHA,QUITO,QUITO,URBANA,2017-04-18,18:05:00,18,MARTES,2,ABRIL,4,NO,NO CEDER EL DERECHO DE VIA O PREFERENCIA DE PASO A VEHICULOS.,CHOQUE LATERAL,MOTOCICLETA,0,0,0,0,0,0,0,0,1,1,0,0,0,2,26,HOMBRE,ILESO,CONDUCTOR PRESENTE,NO,NO,0
2711,8482,8483,2017,0,0,-0.247731,-78.478713,PICHINCHA,QUITO,QUITO,RURAL,2017-04-18,19:05:00,19,MARTES,2,ABRIL,4,NO,NO MANTENER LA DISTANCIA PRUDENCIAL CON RESPECTO AL VEHICULO QUE LE ANTECEDE.,COLISION,AUTOMOVIL,3,0,0,0,0,0,0,0,0,0,0,0,0,3,33,HOMBRE,ILESO,CONDUCTOR PRESENTE,NO,NO,3
2712,8486,8487,2017,1,0,-0.212484,-78.403289,PICHINCHA,QUITO,TUMBACO,RURAL,2017-04-18,20:25:00,20,MARTES,2,ABRIL,4,NO,NO CEDER EL DERECHO DE VIA O PREFERENCIA DE PASO AL PEATON.,ATROPELLOS,AUTOMOVIL,1,0,0,0,0,0,0,0,0,0,0,0,0,1,6,MUJER,LESIONADO,PEATON,NO,NO,3
2713,8487,8488,2017,1,0,-0.072928,-78.439646,PICHINCHA,QUITO,CALDERON (CARAPUNGO),RURAL,2017-04-18,21:30:00,21,MARTES,2,ABRIL,4,NO,"CONDUCE BAJO LA INFLUENCIA DE ALCOHOL, SUSTANCIAS ESTUPEFACIENTES O PSICOTROPICAS Y/O MEDICAMENTOS.",ATROPELLOS,VEHICULO DEPORTIVO UTILITARIO,0,0,0,0,0,0,0,0,0,0,0,0,1,1,29,HOMBRE,LESIONADO,PEATON,NO,NO,3
2714,8488,8489,2017,1,0,-0.271991,-78.529167,PICHINCHA,QUITO,QUITO,URBANA,2017-04-18,21:39:00,21,MARTES,2,ABRIL,4,NO,NO CEDER EL DERECHO DE VIA O PREFERENCIA DE PASO AL PEATON.,ATROPELLOS,NO IDENTIFICADO,0,0,0,0,0,0,0,0,0,1,0,0,0,1,30,HOMBRE,LESIONADO,PEATON,NO,NO,0
2715,8489,8490,2017,0,0,-0.316446,-78.953998,PICHINCHA,MEJIA,MANUEL CORNEJO ASTORGA,RURAL,2017-04-18,22:10:00,22,MARTES,2,ABRIL,4,NO,"CONDUCIR DESATENTO A LAS CONDICIONES DE TRANSITO (CELULAR, PANTALLAS DE VIDEO, COMIDA, MAQUILLAJE O CUALQUIER OTRO ELEMENTO DISTRACTOR).",CHOQUE LATERAL,CAMIONETA,0,0,0,1,1,0,0,0,0,0,0,0,0,2,47,HOMBRE,ILESO,CONDUCTOR PRESENTE,NO,NO,3
2716,8509,8510,2017,0,0,-0.189692,-78.483828,PICHINCHA,QUITO,QUITO,URBANA,2017-04-19,00:25:00,0,MIERCOLES,3,ABRIL,4,NO,"CONDUCIR EN ESTADO DE SOMNOLENCIA O MALAS CONDICIONES FISICAS (SUENIO, CANSANCIO Y FATIGA).",ESTRELLAMIENTOS,AUTOMOVIL,1,0,0,0,0,0,0,0,0,0,0,0,0,1,-1,NO IDENTIFICADO,NO IDENTIFICADO,CONDUCTOR AUSENTE,NO,NO,2
2717,8510,8511,2017,0,0,-0.225119,-78.347355,PICHINCHA,QUITO,PIFO,URBANA,2017-04-19,01:20:00,1,MIERCOLES,3,ABRIL,4,NO,"CONDICIONES AMBIENTALES Y/O ATMOSFERICAS (NIEBLA, NEBLINA, GRANIZO, LLUVIA).",PERDIDA DE PISTA,AUTOMOVIL,1,0,0,0,0,0,0,0,0,0,0,0,0,1,33,HOMBRE,ILESO,CONDUCTOR PRESENTE,NO,NO,0
2718,8511,8512,2017,1,0,-0.115779,-78.492347,PICHINCHA,QUITO,QUITO,URBANA,2017-04-19,01:25:00,1,MIERCOLES,3,ABRIL,4,NO,NO TRANSITAR POR LAS ACERAS O ZONAS DE SEGURIDAD DESTINADAS PARA EL EFECTO.,ATROPELLOS,MOTOCICLETA,0,0,0,0,0,0,0,0,1,0,0,0,0,1,21,MUJER,LESIONADO,PEATON,NO,NO,0
2719,8512,8513,2017,0,0,-0.246557,-78.522901,PICHINCHA,QUITO,QUITO,URBANA,2017-04-19,01:25:00,1,MIERCOLES,3,ABRIL,4,NO,"CONDUCE BAJO LA INFLUENCIA DE ALCOHOL, SUSTANCIAS ESTUPEFACIENTES O PSICOTROPICAS Y/O MEDICAMENTOS.",CHOQUE LATERAL,AUTOMOVIL,1,0,0,0,1,0,0,0,0,0,0,0,0,2,42,HOMBRE,ILESO,CONDUCTOR PRESENTE,NO,NO,0
2720,8514,8515,2017,0,0,-0.260389,-78.495441,PICHINCHA,QUITO,CONOCOTO,RURAL,2017-04-19,02:23:00,2,MIERCOLES,3,ABRIL,4,NO,"CONDUCIR EN ESTADO DE SOMNOLENCIA O MALAS CONDICIONES FISICAS (SUENIO, CANSANCIO Y FATIGA).",ESTRELLAMIENTOS,FURGONETA,0,0,0,0,0,0,0,1,0,0,0,0,0,1,58,HOMBRE,ILESO,CONDUCTOR PRESENTE,NO,NO,3
2721,8515,8516,2017,0,0,-0.231268,-78.503794,PICHINCHA,QUITO,QUITO,URBANA,2017-04-19,06:55:00,6,MIERCOLES,3,ABRIL,4,NO,DEJAR O RECOGER PASAJEROS EN LUGARES NO PERMITIDOS.,ROZAMIENTOS,BUS,1,0,1,0,0,0,0,0,0,0,0,0,0,2,36,HOMBRE,ILESO,CONDUCTOR PRESENTE,NO,NO,0
2722,8516,8517,2017,0,0,-0.082449,-78.437138,PICHINCHA,QUITO,CALDERON (CARAPUNGO),RURAL,2017-04-19,07:30:00,7,MIERCOLES,3,ABRIL,4,NO,"CONDUCIR DESATENTO A LAS CONDICIONES DE TRANSITO (CELULAR, PANTALLAS DE VIDEO, COMIDA, MAQUILLAJE O CUALQUIER OTRO ELEMENTO DISTRACTOR).",CHOQUE POSTERIOR,BICICLETA,0,1,0,0,0,0,0,0,0,1,0,0,0,2,26,HOMBRE,ILESO,CONDUCTOR PRESENTE,NO,NO,3
2723,8517,8518,2017,0,1,0.040287,-78.351901,PICHINCHA,PEDRO MONCAYO,MALCHINGUI,RURAL,2017-04-19,07:45:00,7,MIERCOLES,3,ABRIL,4,NO,NO CEDER EL DERECHO DE VIA O PREFERENCIA DE PASO A VEHICULOS.,ATROPELLOS,NO IDENTIFICADO,0,0,0,0,0,0,0,0,0,1,0,0,0,1,70,MUJER,FALLECIDO,PEATON,NO,NO,3
2724,8519,8520,2017,1,0,-0.121872,-78.466271,PICHINCHA,QUITO,QUITO,URBANA,2017-04-19,08:05:00,8,MIERCOLES,3,ABRIL,4,NO,PEATON QUE CRUZA LA CALZADA SIN RESPETAR LA SENIALIZACION EXISTENTE (SEMAFOROS O SENIALES MANUALES).,CHOQUE LATERAL,AUTOMOVIL,1,1,0,0,0,0,0,0,0,0,0,0,0,2,3,MUJER,LESIONADO,CONDUCTOR PRESENTE,NO,NO,0
2725,8520,8521,2017,0,0,-0.268337,-78.546411,PICHINCHA,QUITO,QUITO,URBANA,2017-04-19,08:10:00,8,MIERCOLES,3,ABRIL,4,NO,"CASO FORTUITO O FUERZA MAYOR (EXPLOSION DE NEUMATICO NUEVO, DERRUMBE, INUNDACION, CAIDA DE PUENTE, ARBOL, PRESENCIA INTEMPESTIVA E IMPREVISTA DE SEMOVIENTES EN LA VIA, ETC.).",OTROS,BUS,0,0,1,0,0,0,0,0,0,0,0,0,0,1,33,HOMBRE,ILESO,CONDUCTOR PRESENTE,NO,NO,0
2726,8521,8522,2017,1,0,-0.126245,-78.480937,PICHINCHA,QUITO,QUITO,URBANA,2017-04-19,08:35:00,8,MIERCOLES,3,ABRIL,4,NO,PEATON QUE CRUZA LA CALZADA SIN RESPETAR LA SENIALIZACION EXISTENTE (SEMAFOROS O SENIALES MANUALES).,ATROPELLOS,MOTOCICLETA,0,0,0,0,0,0,0,0,1,0,0,0,0,1,23,HOMBRE,LESIONADO,PEATON,NO,NO,0
2727,8522,8523,2017,0,0,-0.111611,-78.485617,PICHINCHA,QUITO,QUITO,URBANA,2017-04-19,08:45:00,8,MIERCOLES,3,ABRIL,4,NO,"ADELANTAR O REBASAR A OTRO VEHICULO EN MOVIMIENTO EN ZONAS O SITIOS PELIGROSOS TALES COMO: CURVAS, PUENTES, TUNELES, PENDIENTES, ETC.",CHOQUE FRONTAL,CAMIONETA,1,0,0,0,1,0,0,0,0,0,0,0,0,2,35,HOMBRE,ILESO,CONDUCTOR PRESENTE,NO,NO,0
2728,8523,8524,2017,0,0,-0.184991,-78.509955,PICHINCHA,QUITO,QUITO,URBANA,2017-04-19,08:50:00,8,MIERCOLES,3,ABRIL,4,NO,NO MANTENER LA DISTANCIA PRUDENCIAL CON RESPECTO AL VEHICULO QUE LE ANTECEDE.,CHOQUE POSTERIOR,AUTOMOVIL,2,0,0,0,0,0,0,0,0,0,0,0,0,2,24,HOMBRE,ILESO,CONDUCTOR PRESENTE,NO,NO,0
2729,8528,8529,2017,0,1,0.002572,-78.675736,PICHINCHA,QUITO,NANEGALITO,RURAL,2017-04-19,10:15:00,10,MIERCOLES,3,ABRIL,4,NO,"CASO FORTUITO O FUERZA MAYOR (EXPLOSION DE NEUMATICO NUEVO, DERRUMBE, INUNDACION, CAIDA DE PUENTE, ARBOL, PRESENCIA INTEMPESTIVA E IMPREVISTA DE SEMOVIENTES EN LA VIA, ETC.).",OTROS,ESPECIAL,0,0,0,0,0,0,1,0,0,0,0,0,0,1,52,HOMBRE,FALLECIDO,CONDUCTOR PRESENTE,NO,NO,3
2730,8530,8531,2017,0,1,-0.257767,-78.518033,PICHINCHA,QUITO,QUITO,URBANA,2017-04-19,10:44:00,10,MIERCOLES,3,ABRIL,4,NO,NO TRANSITAR POR LAS ACERAS O ZONAS DE SEGURIDAD DESTINADAS PARA EL EFECTO.,ARROLLAMIENTOS,BUS,0,0,1,0,0,0,0,0,0,0,0,0,0,1,84,HOMBRE,FALLECIDO,PEATON,NO,NO,0
2731,8533,8534,2017,0,0,-0.206301,-78.510969,PICHINCHA,QUITO,QUITO,URBANA,2017-04-19,11:55:00,11,MIERCOLES,3,ABRIL,4,NO,"ADELANTAR O REBASAR A OTRO VEHICULO EN MOVIMIENTO EN ZONAS O SITIOS PELIGROSOS TALES COMO: CURVAS, PUENTES, TUNELES, PENDIENTES, ETC.",CHOQUE LATERAL,VEHICULO DEPORTIVO UTILITARIO,0,0,0,0,0,0,0,0,0,0,0,0,2,2,75,HOMBRE,ILESO,CONDUCTOR PRESENTE,NO,NO,0
2732,8536,8537,2017,1,0,-0.210881,-78.482421,PICHINCHA,QUITO,QUITO,URBANA,2017-04-19,12:25:00,12,MIERCOLES,3,ABRIL,4,NO,PEATON QUE CRUZA LA CALZADA SIN RESPETAR LA SENIALIZACION EXISTENTE (SEMAFOROS O SENIALES MANUALES).,ATROPELLOS,MOTOCICLETA,0,0,0,0,0,0,0,0,1,0,0,0,0,1,65,HOMBRE,LESIONADO,PEATON,NO,NO,0
2733,8537,8538,2017,0,0,-0.195179,-78.508186,PICHINCHA,QUITO,QUITO,URBANA,2017-04-19,13:05:00,13,MIERCOLES,3,ABRIL,4,NO,REALIZAR CAMBIO BRUSCO O INDEBIDO DE CARRIL.,ROZAMIENTOS,AUTOMOVIL,1,0,0,0,0,0,0,0,1,0,0,0,0,2,48,MUJER,ILESO,CONDUCTOR PRESENTE,NO,NO,0
2734,8539,8540,2017,0,0,-0.289169,-78.539049,PICHINCHA,QUITO,QUITO,URBANA,2017-04-19,13:30:00,13,MIERCOLES,3,ABRIL,4,NO,NO CEDER EL DERECHO DE VIA O PREFERENCIA DE PASO A VEHICULOS.,CHOQUE LATERAL,MOTOCICLETA,0,0,0,0,0,0,0,0,1,1,0,0,0,2,30,HOMBRE,ILESO,CONDUCTOR PRESENTE,NO,NO,0
2735,8540,8541,2017,1,0,-0.210933,-78.482741,PICHINCHA,QUITO,QUITO,URBANA,2017-04-19,13:45:00,13,MIERCOLES,3,ABRIL,4,NO,NO CEDER EL DERECHO DE VIA O PREFERENCIA DE PASO AL PEATON.,ATROPELLOS,NO IDENTIFICADO,0,0,0,0,0,0,0,0,0,1,0,0,0,1,18,HOMBRE,LESIONADO,PEATON,NO,NO,0
2736,8543,8544,2017,1,0,-0.486951,-78.569628,PICHINCHA,MEJIA,ALOAG,RURAL,2017-04-19,14:50:00,14,MIERCOLES,3,ABRIL,4,NO,REALIZAR CAMBIO BRUSCO O INDEBIDO DE CARRIL.,CHOQUE LATERAL,MOTOCICLETA,0,0,0,0,0,0,0,0,1,1,0,0,0,2,36,HOMBRE,LESIONADO,CONDUCTOR PRESENTE,NO,NO,3
2737,8546,8547,2017,0,0,-0.163671,-78.474221,PICHINCHA,QUITO,QUITO,URBANA,2017-04-19,15:45:00,15,MIERCOLES,3,ABRIL,4,NO,REALIZAR CAMBIO BRUSCO O INDEBIDO DE CARRIL.,ROZAMIENTOS,BUS,1,0,1,0,0,0,0,0,0,0,0,0,0,2,57,HOMBRE,ILESO,CONDUCTOR PRESENTE,NO,NO,0
2738,8548,8549,2017,0,0,-0.211288,-78.508224,PICHINCHA,QUITO,QUITO,URBANA,2017-04-19,18:30:00,18,MIERCOLES,3,ABRIL,4,NO,"CONDUCIR DESATENTO A LAS CONDICIONES DE TRANSITO (CELULAR, PANTALLAS DE VIDEO, COMIDA, MAQUILLAJE O CUALQUIER OTRO ELEMENTO DISTRACTOR).",ESTRELLAMIENTOS,AUTOMOVIL,1,0,0,0,0,0,0,0,1,0,0,0,0,2,40,HOMBRE,ILESO,CONDUCTOR PRESENTE,NO,NO,0
2739,8555,8556,2017,0,0,-0.273309,-78.568203,PICHINCHA,QUITO,QUITO,URBANA,2017-04-19,21:30:00,21,MIERCOLES,3,ABRIL,4,NO,"CONDUCIR DESATENTO A LAS CONDICIONES DE TRANSITO (CELULAR, PANTALLAS DE VIDEO, COMIDA, MAQUILLAJE O CUALQUIER OTRO ELEMENTO DISTRACTOR).",ESTRELLAMIENTOS,VEHICULO DEPORTIVO UTILITARIO,0,0,0,0,0,0,0,0,0,0,0,0,1,1,-1,NO IDENTIFICADO,NO IDENTIFICADO,CONDUCTOR AUSENTE,NO,NO,2
2740,8557,8558,2017,1,0,-0.101875,-78.490497,PICHINCHA,QUITO,QUITO,URBANA,2017-04-19,23:15:00,23,MIERCOLES,3,ABRIL,4,NO,"CONDUCE BAJO LA INFLUENCIA DE ALCOHOL, SUSTANCIAS ESTUPEFACIENTES O PSICOTROPICAS Y/O MEDICAMENTOS.",COLISION,AUTOMOVIL,2,0,0,0,0,0,0,0,0,0,0,0,1,3,34,HOMBRE,LESIONADO,CONDUCTOR PRESENTE,NO,NO,0
2741,8576,8577,2017,0,0,-0.023701,-78.452165,PICHINCHA,QUITO,SAN ANTONIO (QUITO),URBANA,2017-04-20,00:10:00,0,JUEVES,4,ABRIL,4,NO,NO MANTENER LA DISTANCIA PRUDENCIAL CON RESPECTO AL VEHICULO QUE LE ANTECEDE.,PERDIDA DE PISTA,VEHICULO DEPORTIVO UTILITARIO,0,0,0,0,0,0,0,0,0,0,0,0,1,1,37,HOMBRE,ILESO,PASAJERO,NO,NO,0