,Unnamed: 0,ID,ANIO,LESIONADOS,FALLECIDOS,LATITUD_Y,LONGITUD_X,PROVINCIA,CANTON,PARROQUIA,ZONA,FECHA,HORA,PERIODO_2,DIA_1,DIA_2,MES_1,MES_2,FERIADO,CAUSA_PROBABLE,TIPO_DE_SINIESTRO,TIPO_DE_VEHICULO_1,AUTOMOVIL,BICICLETA,BUS,CAMION,CAMIONETA,EMERGENCIAS,ESPECIAL,FURGONETA,MOTOCICLETA,NO_IDENTIFICADO,SCOOTER_ELECTRICO,TRICIMOTO,VEHICULO_DEPORTIVO_UTILITARIO,SUMA_DE_VEHICULOS,EDAD_1,SEXO_1,CONDICION_1,PARTICIPANTE_1,CASCO_1,CINTURON_1,KMeans_Cluster
2801,8721,8722,2017,1,0,-0.282821,-78.550936,PICHINCHA,QUITO,QUITO,URBANA,2017-04-21,18:25:00,18,VIERNES,5,ABRIL,4,NO,"PEATON TRANSITA BAJO INFLUENCIA DE ALCOHOL, SUSTANCIAS ESTUPEFACIENTES O PSICOTROPICAS Y/O MEDICAMENTOS.",ATROPELLOS,BUS,0,0,1,0,0,0,0,0,0,0,0,0,0,1,54,HOMBRE,LESIONADO,PEATON,NO,NO,0
2802,8723,8724,2017,1,0,-0.191684,-78.493446,PICHINCHA,QUITO,QUITO,URBANA,2017-04-21,18:50:00,18,VIERNES,5,ABRIL,4,NO,NO CEDER EL DERECHO DE VIA O PREFERENCIA DE PASO AL PEATON.,ATROPELLOS,NO IDENTIFICADO,0,0,0,0,0,0,0,0,0,1,0,0,0,1,19,HOMBRE,LESIONADO,PEATON,NO,NO,0
2803,8724,8725,2017,3,0,-0.414391,-78.482942,PICHINCHA,QUITO,AMAGUANIA,URBANA,2017-04-21,19:12:00,19,VIERNES,5,ABRIL,4,NO,"CONDUCE BAJO LA INFLUENCIA DE ALCOHOL, SUSTANCIAS ESTUPEFACIENTES O PSICOTROPICAS Y/O MEDICAMENTOS.",CHOQUE LATERAL,AUTOMOVIL,1,0,0,0,0,0,0,0,1,0,0,0,0,2,61,HOMBRE,LESIONADO,CONDUCTOR PRESENTE,NO,NO,0
2804,8726,8727,2017,1,0,-0.242313,-78.512771,PICHINCHA,QUITO,QUITO,URBANA,2017-04-21,19:30:00,19,VIERNES,5,ABRIL,4,NO,NO TRANSITAR POR LAS ACERAS O ZONAS DE SEGURIDAD DESTINADAS PARA EL EFECTO.,ATROPELLOS,NO IDENTIFICADO,0,0,0,0,0,0,0,0,0,1,0,0,0,1,67,HOMBRE,LESIONADO,PEATON,NO,NO,0
2805,8728,8729,2017,0,0,-0.139499,-78.496669,PICHINCHA,QUITO,QUITO,URBANA,2017-04-21,20:30:00,20,VIERNES,5,ABRIL,4,NO,NO MANTENER LA DISTANCIA PRUDENCIAL CON RESPECTO AL VEHICULO QUE LE ANTECEDE.,COLISION,AUTOMOVIL,2,0,0,0,0,0,0,1,0,0,0,0,0,3,46,HOMBRE,ILESO,CONDUCTOR PRESENTE,NO,NO,0
2806,8735,8736,2017,1,0,-0.328831,-78.560625,PICHINCHA,QUITO,QUITO,URBANA,2017-04-21,22:00:00,22,VIERNES,5,ABRIL,4,NO,NO CEDER EL DERECHO DE VIA O PREFERENCIA DE PASO AL PEATON.,ATROPELLOS,NO IDENTIFICADO,0,0,0,0,0,0,0,0,0,1,0,0,0,1,25,MUJER,LESIONADO,PEATON,NO,NO,0
2807,8740,8741,2017,1,0,-0.063451,-78.424711,PICHINCHA,QUITO,CALDERON (CARAPUNGO),RURAL,2017-04-21,23:10:00,23,VIERNES,5,ABRIL,4,NO,CONDUCIR VEHICULO SUPERANDO LOS LIMITES MAXIMOS DE VELOCIDAD.,ESTRELLAMIENTOS,MOTOCICLETA,0,0,0,0,0,0,0,0,1,0,0,0,0,1,40,HOMBRE,LESIONADO,CONDUCTOR PRESENTE,NO,NO,3
2808,8741,8742,2017,0,0,-0.096868,-78.468685,PICHINCHA,QUITO,QUITO,URBANA,2017-04-21,23:20:00,23,VIERNES,5,ABRIL,4,NO,"CONDUCIR EN ESTADO DE SOMNOLENCIA O MALAS CONDICIONES FISICAS (SUENIO, CANSANCIO Y FATIGA).",ESTRELLAMIENTOS,AUTOMOVIL,1,0,0,0,0,0,0,0,0,1,0,0,0,2,-1,NO IDENTIFICADO,NO IDENTIFICADO,CONDUCTOR AUSENTE,NO,NO,2
2809,8742,8743,2017,0,0,-0.200509,-78.490204,PICHINCHA,QUITO,QUITO,URBANA,2017-04-21,23:20:00,23,VIERNES,5,ABRIL,4,NO,"CONDUCIR EN ESTADO DE SOMNOLENCIA O MALAS CONDICIONES FISICAS (SUENIO, CANSANCIO Y FATIGA).",ESTRELLAMIENTOS,CAMIONETA,0,0,0,0,1,0,0,0,0,0,0,0,0,1,-1,NO IDENTIFICADO,NO IDENTIFICADO,CONDUCTOR AUSENTE,NO,NO,2
2810,8755,8756,2017,2,1,-0.221348,-78.396647,PICHINCHA,QUITO,TUMBACO,RURAL,2017-04-22,01:00:00,1,SABADO,6,ABRIL,4,NO,CONDUCIR VEHICULO SUPERANDO LOS LIMITES MAXIMOS DE VELOCIDAD.,CHOQUE FRONTAL,VEHICULO DEPORTIVO UTILITARIO,1,0,0,0,0,0,0,0,0,0,0,0,1,2,43,HOMBRE,FALLECIDO,CONDUCTOR PRESENTE,NO,NO,3
2811,8760,8761,2017,2,0,-0.223511,-78.385358,PICHINCHA,QUITO,TUMBACO,RURAL,2017-04-22,02:05:00,2,SABADO,6,ABRIL,4,NO,CONDUCIR VEHICULO SUPERANDO LOS LIMITES MAXIMOS DE VELOCIDAD.,VOLCAMIENTOS,AUTOMOVIL,1,0,0,0,0,0,0,0,0,0,0,0,0,1,22,MUJER,LESIONADO,PASAJERO,NO,NO,3
2812,8761,8762,2017,1,0,-0.201482,-78.492103,PICHINCHA,QUITO,QUITO,URBANA,2017-04-22,02:10:00,2,SABADO,6,ABRIL,4,NO,"PEATON TRANSITA BAJO INFLUENCIA DE ALCOHOL, SUSTANCIAS ESTUPEFACIENTES O PSICOTROPICAS Y/O MEDICAMENTOS.",ATROPELLOS,AUTOMOVIL,1,0,0,0,0,0,0,0,0,0,0,0,0,1,19,MUJER,LESIONADO,PEATON,NO,NO,0
2813,8765,8766,2017,0,0,-0.151711,-78.477231,PICHINCHA,QUITO,QUITO,URBANA,2017-04-22,02:30:00,2,SABADO,6,ABRIL,4,NO,"CONDUCIR EN ESTADO DE SOMNOLENCIA O MALAS CONDICIONES FISICAS (SUENIO, CANSANCIO Y FATIGA).",ESTRELLAMIENTOS,NO IDENTIFICADO,0,0,0,0,0,0,0,0,0,1,0,0,0,1,-1,NO IDENTIFICADO,NO IDENTIFICADO,CONDUCTOR AUSENTE,NO,NO,2
2814,8767,8768,2017,0,0,-0.285594,-78.519205,PICHINCHA,QUITO,QUITO,URBANA,2017-04-22,03:15:00,3,SABADO,6,ABRIL,4,NO,"CONDUCIR EN ESTADO DE SOMNOLENCIA O MALAS CONDICIONES FISICAS (SUENIO, CANSANCIO Y FATIGA).",ESTRELLAMIENTOS,CAMIONETA,0,0,0,0,1,0,0,0,0,0,0,0,0,1,-1,NO IDENTIFICADO,NO IDENTIFICADO,CONDUCTOR AUSENTE,NO,NO,2
2815,8769,8770,2017,0,0,-0.154471,-78.476286,PICHINCHA,QUITO,QUITO,URBANA,2017-04-22,03:20:00,3,SABADO,6,ABRIL,4,NO,"CONDUCE BAJO LA INFLUENCIA DE ALCOHOL, SUSTANCIAS ESTUPEFACIENTES O PSICOTROPICAS Y/O MEDICAMENTOS.",CHOQUE LATERAL,AUTOMOVIL,2,0,0,0,0,0,0,0,0,0,0,0,0,2,18,HOMBRE,ILESO,CONDUCTOR PRESENTE,NO,NO,0
2816,8772,8773,2017,0,0,-0.058111,-78.344101,PICHINCHA,QUITO,GUAYLLABAMBA,RURAL,2017-04-22,04:20:00,4,SABADO,6,ABRIL,4,NO,"CONDUCIR EN ESTADO DE SOMNOLENCIA O MALAS CONDICIONES FISICAS (SUENIO, CANSANCIO Y FATIGA).",ESTRELLAMIENTOS,AUTOMOVIL,1,0,0,0,0,0,0,0,0,0,0,0,0,1,-1,NO IDENTIFICADO,NO IDENTIFICADO,CONDUCTOR AUSENTE,NO,NO,2
2817,8773,8774,2017,2,0,-0.196669,-78.466599,PICHINCHA,QUITO,QUITO,RURAL,2017-04-22,04:30:00,4,SABADO,6,ABRIL,4,NO,"CONDUCIR EN ESTADO DE SOMNOLENCIA O MALAS CONDICIONES FISICAS (SUENIO, CANSANCIO Y FATIGA).",ESTRELLAMIENTOS,VEHICULO DEPORTIVO UTILITARIO,0,0,0,0,0,0,0,0,0,0,0,0,1,1,35,HOMBRE,LESIONADO,CONDUCTOR PRESENTE,NO,NO,3
2818,8774,8775,2017,0,0,-0.075715,-78.379471,PICHINCHA,QUITO,CALDERON (CARAPUNGO),RURAL,2017-04-22,04:45:00,4,SABADO,6,ABRIL,4,NO,"CONDICIONES AMBIENTALES Y/O ATMOSFERICAS (NIEBLA, NEBLINA, GRANIZO, LLUVIA).",PERDIDA DE PISTA,CAMIONETA,0,0,0,0,1,0,0,0,0,0,0,0,0,1,60,HOMBRE,ILESO,CONDUCTOR PRESENTE,NO,NO,3
2819,8776,8777,2017,0,0,-0.098885,-78.470687,PICHINCHA,QUITO,QUITO,URBANA,2017-04-22,05:20:00,5,SABADO,6,ABRIL,4,NO,"CONDUCIR EN ESTADO DE SOMNOLENCIA O MALAS CONDICIONES FISICAS (SUENIO, CANSANCIO Y FATIGA).",ESTRELLAMIENTOS,VEHICULO DEPORTIVO UTILITARIO,0,0,0,0,0,0,0,0,0,0,0,0,1,1,-1,NO IDENTIFICADO,NO IDENTIFICADO,CONDUCTOR AUSENTE,NO,NO,2
2820,8778,8779,2017,0,0,-0.219462,-78.596068,PICHINCHA,QUITO,LLOA,URBANA,2017-04-22,05:50:00,5,SABADO,6,ABRIL,4,NO,"CONDUCIR DESATENTO A LAS CONDICIONES DE TRANSITO (CELULAR, PANTALLAS DE VIDEO, COMIDA, MAQUILLAJE O CUALQUIER OTRO ELEMENTO DISTRACTOR).",ESTRELLAMIENTOS,AUTOMOVIL,1,0,0,0,0,0,0,0,0,0,0,0,0,1,-1,NO IDENTIFICADO,NO IDENTIFICADO,CONDUCTOR AUSENTE,NO,NO,2
2821,8781,8782,2017,0,0,-0.298432,-78.527954,PICHINCHA,QUITO,QUITO,URBANA,2017-04-22,06:40:00,6,SABADO,6,ABRIL,4,NO,CONDUCIR VEHICULO SUPERANDO LOS LIMITES MAXIMOS DE VELOCIDAD.,ESTRELLAMIENTOS,CAMIONETA,0,0,0,0,1,0,0,0,0,0,0,0,0,1,-1,NO IDENTIFICADO,NO IDENTIFICADO,CONDUCTOR AUSENTE,NO,NO,2
2822,8783,8784,2017,1,0,-0.175066,-78.488276,PICHINCHA,QUITO,QUITO,URBANA,2017-04-22,07:30:00,7,SABADO,6,ABRIL,4,NO,"NO RESPETAR LAS SENIALES REGLAMENTARIAS DE TRANSITO. (PARE, CEDA EL PASO, LUZ ROJA DEL SEMAFORO, ETC).",OTROS,AUTOMOVIL,2,0,0,0,0,0,0,0,0,0,0,0,0,2,61,HOMBRE,LESIONADO,CONDUCTOR PRESENTE,NO,NO,0
2823,8784,8785,2017,0,0,-0.125741,-78.483455,PICHINCHA,QUITO,QUITO,URBANA,2017-04-22,07:30:00,7,SABADO,6,ABRIL,4,NO,"CONDUCE BAJO LA INFLUENCIA DE ALCOHOL, SUSTANCIAS ESTUPEFACIENTES O PSICOTROPICAS Y/O MEDICAMENTOS.",CHOQUE LATERAL,CAMIONETA,0,0,0,0,1,0,0,0,0,0,0,0,1,2,38,HOMBRE,ILESO,CONDUCTOR PRESENTE,NO,NO,0
2824,8789,8790,2017,1,0,-0.276157,-78.552913,PICHINCHA,QUITO,QUITO,URBANA,2017-04-22,08:15:00,8,SABADO,6,ABRIL,4,NO,NO CEDER EL DERECHO DE VIA O PREFERENCIA DE PASO AL PEATON.,ATROPELLOS,NO IDENTIFICADO,0,0,0,0,0,0,0,0,0,1,0,0,0,1,47,HOMBRE,LESIONADO,PEATON,NO,NO,0
2825,8790,8791,2017,1,0,-0.206109,-78.510063,PICHINCHA,QUITO,QUITO,URBANA,2017-04-22,08:15:00,8,SABADO,6,ABRIL,4,NO,CONDUCIR VEHICULO SUPERANDO LOS LIMITES MAXIMOS DE VELOCIDAD.,ESTRELLAMIENTOS,AUTOMOVIL,1,0,0,0,0,0,0,0,0,0,0,0,0,1,37,HOMBRE,LESIONADO,PASAJERO,NO,NO,0
2826,8793,8794,2017,1,0,-0.287236,-78.564314,PICHINCHA,QUITO,QUITO,URBANA,2017-04-22,09:35:00,9,SABADO,6,ABRIL,4,NO,NO CEDER EL DERECHO DE VIA O PREFERENCIA DE PASO AL PEATON.,ATROPELLOS,NO IDENTIFICADO,0,0,0,0,0,0,0,0,0,1,0,0,0,1,13,HOMBRE,LESIONADO,PEATON,NO,NO,0
2827,8795,8796,2017,0,0,-0.454113,-78.561454,PICHINCHA,MEJIA,ALOAG,RURAL,2017-04-22,11:30:00,11,SABADO,6,ABRIL,4,NO,NO GUARDAR LA DISTANCIA LATERAL MINIMA DE SEGURIDAD ENTRE VEHICULOS.,CHOQUE LATERAL,VEHICULO DEPORTIVO UTILITARIO,0,0,0,0,0,0,0,0,0,1,0,0,1,2,34,HOMBRE,ILESO,CONDUCTOR PRESENTE,NO,NO,3
2828,8798,8799,2017,1,0,-0.167886,-78.325651,PICHINCHA,QUITO,YARUQUI,RURAL,2017-04-22,12:20:00,12,SABADO,6,ABRIL,4,NO,REALIZAR CAMBIO BRUSCO O INDEBIDO DE CARRIL.,CHOQUE LATERAL,MOTOCICLETA,0,0,0,0,0,0,0,0,1,1,0,0,0,2,22,HOMBRE,LESIONADO,CONDUCTOR PRESENTE,NO,NO,3
2829,8799,8800,2017,0,0,-0.249531,-78.507452,PICHINCHA,QUITO,QUITO,URBANA,2017-04-22,12:40:00,12,SABADO,6,ABRIL,4,NO,"NO RESPETAR LAS SENIALES REGLAMENTARIAS DE TRANSITO. (PARE, CEDA EL PASO, LUZ ROJA DEL SEMAFORO, ETC).",CHOQUE LATERAL,CAMIONETA,0,0,1,0,1,0,0,0,0,0,0,0,0,2,52,HOMBRE,ILESO,CONDUCTOR PRESENTE,NO,NO,0
2830,8800,8801,2017,1,1,0.004942,-78.174786,PICHINCHA,CAYAMBE,CANGAHUA,URBANA,2017-04-22,13:00:00,13,SABADO,6,ABRIL,4,NO,NO MANTENER LA DISTANCIA PRUDENCIAL CON RESPECTO AL VEHICULO QUE LE ANTECEDE.,ESTRELLAMIENTOS,MOTOCICLETA,0,0,0,0,0,0,0,0,1,0,0,0,0,1,61,HOMBRE,FALLECIDO,CONDUCTOR PRESENTE,NO,NO,0
2831,8804,8805,2017,2,0,-0.091585,-78.439052,PICHINCHA,QUITO,CALDERON (CARAPUNGO),RURAL,2017-04-22,14:38:00,14,SABADO,6,ABRIL,4,NO,NO CEDER EL DERECHO DE VIA O PREFERENCIA DE PASO A VEHICULOS.,CHOQUE LATERAL,AUTOMOVIL,2,0,0,0,0,0,0,0,0,0,0,0,0,2,45,HOMBRE,LESIONADO,CONDUCTOR PRESENTE,NO,NO,3
2832,8806,8807,2017,1,0,-0.299103,-78.561635,PICHINCHA,QUITO,QUITO,URBANA,2017-04-22,14:45:00,14,SABADO,6,ABRIL,4,NO,NO CEDER EL DERECHO DE VIA O PREFERENCIA DE PASO AL PEATON.,ATROPELLOS,CAMIONETA,0,0,0,0,1,0,0,0,0,0,0,0,0,1,7,MUJER,LESIONADO,PEATON,NO,NO,0
2833,8810,8811,2017,1,0,-0.076395,-78.465937,PICHINCHA,QUITO,QUITO,URBANA,2017-04-22,17:20:00,17,SABADO,6,ABRIL,4,NO,NO CEDER EL DERECHO DE VIA O PREFERENCIA DE PASO AL PEATON.,ATROPELLOS,MOTOCICLETA,0,0,0,0,0,0,0,0,1,0,0,0,0,1,12,HOMBRE,LESIONADO,PEATON,NO,NO,0
2834,8812,8813,2017,1,0,-0.127735,-78.497316,PICHINCHA,QUITO,QUITO,URBANA,2017-04-22,18:20:00,18,SABADO,6,ABRIL,4,NO,NO CEDER EL DERECHO DE VIA O PREFERENCIA DE PASO AL PEATON.,ARROLLAMIENTOS,AUTOMOVIL,1,0,0,0,0,0,0,0,0,0,0,0,0,1,9,MUJER,LESIONADO,PEATON,NO,NO,0
2835,8815,8816,2017,0,0,-0.221959,-78.506641,PICHINCHA,QUITO,QUITO,URBANA,2017-04-22,19:00:00,19,SABADO,6,ABRIL,4,NO,NO CEDER EL DERECHO DE VIA O PREFERENCIA DE PASO A VEHICULOS.,CHOQUE LATERAL,AUTOMOVIL,1,0,0,0,0,0,0,0,0,1,0,0,0,2,28,HOMBRE,ILESO,CONDUCTOR PRESENTE,NO,NO,0
2836,8817,8818,2017,0,0,-0.190933,-78.480366,PICHINCHA,QUITO,QUITO,RURAL,2017-04-22,20:23:00,20,SABADO,6,ABRIL,4,NO,CONDUCIR VEHICULO SUPERANDO LOS LIMITES MAXIMOS DE VELOCIDAD.,VOLCAMIENTOS,CAMIONETA,0,0,0,0,1,0,0,0,0,0,0,0,0,1,-1,NO IDENTIFICADO,NO IDENTIFICADO,CONDUCTOR AUSENTE,NO,NO,2
2837,8818,8819,2017,1,0,-0.284005,-78.561165,PICHINCHA,QUITO,QUITO,URBANA,2017-04-22,20:30:00,20,SABADO,6,ABRIL,4,NO,"NO RESPETAR LAS SENIALES REGLAMENTARIAS DE TRANSITO. (PARE, CEDA EL PASO, LUZ ROJA DEL SEMAFORO, ETC).",CHOQUE LATERAL,AUTOMOVIL,1,0,1,0,0,0,0,0,0,0,0,0,0,2,48,HOMBRE,LESIONADO,CONDUCTOR PRESENTE,NO,NO,0
2838,8820,8821,2017,1,0,-0.162038,-78.495508,PICHINCHA,QUITO,QUITO,URBANA,2017-04-22,21:17:00,21,SABADO,6,ABRIL,4,NO,CONDUCIR VEHICULO SUPERANDO LOS LIMITES MAXIMOS DE VELOCIDAD.,PERDIDA DE PISTA,MOTOCICLETA,0,0,0,0,0,0,0,0,1,0,0,0,0,1,20,HOMBRE,LESIONADO,CONDUCTOR PRESENTE,NO,NO,0
2839,8823,8824,2017,0,0,-0.135485,-78.486585,PICHINCHA,QUITO,QUITO,URBANA,2017-04-22,21:30:00,21,SABADO,6,ABRIL,4,NO,"NO RESPETAR LAS SENIALES REGLAMENTARIAS DE TRANSITO. (PARE, CEDA EL PASO, LUZ ROJA DEL SEMAFORO, ETC).",CHOQUE LATERAL,AUTOMOVIL,1,0,0,0,0,0,0,0,0,0,0,0,1,2,54,MUJER,ILESO,CONDUCTOR PRESENTE,NO,NO,0
2840,8826,8827,2017,1,0,-0.001051,-78.439909,PICHINCHA,QUITO,SAN ANTONIO (QUITO),RURAL,2017-04-22,22:15:00,22,SABADO,6,ABRIL,4,NO,"CONDUCIR DESATENTO A LAS CONDICIONES DE TRANSITO (CELULAR, PANTALLAS DE VIDEO, COMIDA, MAQUILLAJE O CUALQUIER OTRO ELEMENTO DISTRACTOR).",CAIDA DE PASAJERO,AUTOMOVIL,1,0,0,0,0,0,0,0,0,0,0,0,0,1,25,MUJER,LESIONADO,PASAJERO,NO,NO,3
2841,8827,8828,2017,3,0,-0.254168,-78.336994,PICHINCHA,QUITO,PIFO,URBANA,2017-04-22,23:15:00,23,SABADO,6,ABRIL,4,NO,"PEATON TRANSITA BAJO INFLUENCIA DE ALCOHOL, SUSTANCIAS ESTUPEFACIENTES O PSICOTROPICAS Y/O MEDICAMENTOS.",PERDIDA DE PISTA,CAMION,0,0,0,1,0,0,0,0,0,0,0,0,0,1,34,HOMBRE,LESIONADO,PASAJERO,NO,NO,0
2842,8830,8831,2017,0,0,-0.101708,-78.412287,PICHINCHA,QUITO,CALDERON (CARAPUNGO),RURAL,2017-04-22,23:50:00,23,SABADO,6,ABRIL,4,NO,NO MANTENER LA DISTANCIA PRUDENCIAL CON RESPECTO AL VEHICULO QUE LE ANTECEDE.,PERDIDA DE PISTA,AUTOMOVIL,1,0,0,0,0,0,0,0,0,0,0,0,0,1,-1,NO IDENTIFICADO,NO IDENTIFICADO,CONDUCTOR AUSENTE,NO,NO,2
2843,8860,8861,2017,0,0,-0.200404,-78.485163,PICHINCHA,QUITO,QUITO,URBANA,2017-04-23,02:25:00,2,DOMINGO,7,ABRIL,4,NO,"CONDUCIR EN ESTADO DE SOMNOLENCIA O MALAS CONDICIONES FISICAS (SUENIO, CANSANCIO Y FATIGA).",ESTRELLAMIENTOS,AUTOMOVIL,1,0,0,0,0,0,0,0,0,0,0,0,0,1,-1,NO IDENTIFICADO,NO IDENTIFICADO,CONDUCTOR AUSENTE,NO,NO,2
2844,8863,8864,2017,1,0,-0.285559,-78.543247,PICHINCHA,QUITO,QUITO,URBANA,2017-04-23,02:45:00,2,DOMINGO,7,ABRIL,4,NO,"CONDUCE BAJO LA INFLUENCIA DE ALCOHOL, SUSTANCIAS ESTUPEFACIENTES O PSICOTROPICAS Y/O MEDICAMENTOS.",CHOQUE LATERAL,AUTOMOVIL,1,0,0,1,0,0,0,0,0,0,0,0,0,2,43,MUJER,LESIONADO,PASAJERO,NO,NO,0
2845,8865,8866,2017,1,0,-0.201482,-78.492103,PICHINCHA,QUITO,QUITO,URBANA,2017-04-23,03:20:00,3,DOMINGO,7,ABRIL,4,NO,NO TRANSITAR POR LAS ACERAS O ZONAS DE SEGURIDAD DESTINADAS PARA EL EFECTO.,ATROPELLOS,NO IDENTIFICADO,0,0,0,0,0,0,0,0,0,1,0,0,0,1,21,HOMBRE,LESIONADO,PEATON,NO,NO,0
2846,8870,8871,2017,1,0,-0.136939,-78.457773,PICHINCHA,QUITO,QUITO,URBANA,2017-04-23,06:00:00,6,DOMINGO,7,ABRIL,4,NO,NO MANTENER LA DISTANCIA PRUDENCIAL CON RESPECTO AL VEHICULO QUE LE ANTECEDE.,CHOQUE POSTERIOR,BUS,1,0,1,0,0,0,0,0,0,0,0,0,0,2,73,MUJER,LESIONADO,CONDUCTOR PRESENTE,NO,NO,0
2847,8872,8873,2017,2,0,0.117078,-78.185351,PICHINCHA,PEDRO MONCAYO,TUPIGACHI,URBANA,2017-04-23,06:20:00,6,DOMINGO,7,ABRIL,4,NO,NO GUARDAR LA DISTANCIA LATERAL MINIMA DE SEGURIDAD ENTRE VEHICULOS.,CHOQUE LATERAL,MOTOCICLETA,1,0,0,0,0,0,0,0,1,0,0,0,0,2,25,HOMBRE,LESIONADO,CONDUCTOR PRESENTE,NO,NO,0
2848,8873,8874,2017,0,0,-0.166183,-78.468514,PICHINCHA,QUITO,QUITO,URBANA,2017-04-23,06:30:00,6,DOMINGO,7,ABRIL,4,NO,"CONDUCE BAJO LA INFLUENCIA DE ALCOHOL, SUSTANCIAS ESTUPEFACIENTES O PSICOTROPICAS Y/O MEDICAMENTOS.",COLISION,VEHICULO DEPORTIVO UTILITARIO,2,0,0,0,0,0,0,0,0,0,0,0,2,4,30,HOMBRE,ILESO,CONDUCTOR PRESENTE,NO,NO,0
2849,8874,8875,2017,1,0,-0.254205,-78.484058,PICHINCHA,QUITO,QUITO,RURAL,2017-04-23,06:30:00,6,DOMINGO,7,ABRIL,4,NO,"CONDUCE BAJO LA INFLUENCIA DE ALCOHOL, SUSTANCIAS ESTUPEFACIENTES O PSICOTROPICAS Y/O MEDICAMENTOS.",PERDIDA DE PISTA,MOTOCICLETA,0,0,0,0,0,0,0,0,1,0,0,0,0,1,25,HOMBRE,LESIONADO,PASAJERO,NO,NO,3
2850,8876,8877,2017,0,0,-0.157135,-78.485431,PICHINCHA,QUITO,QUITO,URBANA,2017-04-23,06:55:00,6,DOMINGO,7,ABRIL,4,NO,CONDUCIR VEHICULO SUPERANDO LOS LIMITES MAXIMOS DE VELOCIDAD.,ESTRELLAMIENTOS,CAMIONETA,0,0,0,0,1,0,0,0,0,0,0,0,0,1,37,HOMBRE,ILESO,CONDUCTOR PRESENTE,NO,NO,0
2851,8878,8879,2017,0,0,-0.091595,-78.439052,PICHINCHA,QUITO,CALDERON (CARAPUNGO),RURAL,2017-04-23,07:20:00,7,DOMINGO,7,ABRIL,4,NO,"CONDUCE BAJO LA INFLUENCIA DE ALCOHOL, SUSTANCIAS ESTUPEFACIENTES O PSICOTROPICAS Y/O MEDICAMENTOS.",CHOQUE POSTERIOR,CAMION,0,0,0,1,1,0,0,0,0,0,0,0,0,2,30,HOMBRE,ILESO,CONDUCTOR PRESENTE,NO,NO,3
2852,8881,8882,2017,3,0,-0.105384,-78.497732,PICHINCHA,QUITO,QUITO,URBANA,2017-04-23,09:30:00,9,DOMINGO,7,ABRIL,4,NO,"CONDUCE BAJO LA INFLUENCIA DE ALCOHOL, SUSTANCIAS ESTUPEFACIENTES O PSICOTROPICAS Y/O MEDICAMENTOS.",ATROPELLOS,CAMIONETA,1,0,0,0,1,0,0,0,1,0,0,0,0,3,60,HOMBRE,LESIONADO,CONDUCTOR PRESENTE,NO,NO,0
2853,8883,8884,2017,0,0,-0.133021,-78.452691,PICHINCHA,QUITO,QUITO,URBANA,2017-04-23,10:00:00,10,DOMINGO,7,ABRIL,4,NO,"CONDUCIR DESATENTO A LAS CONDICIONES DE TRANSITO (CELULAR, PANTALLAS DE VIDEO, COMIDA, MAQUILLAJE O CUALQUIER OTRO ELEMENTO DISTRACTOR).",ESTRELLAMIENTOS,NO IDENTIFICADO,0,0,0,0,0,0,0,0,0,1,0,0,0,1,-1,NO IDENTIFICADO,NO IDENTIFICADO,CONDUCTOR AUSENTE,NO,NO,2
2854,8884,8885,2017,0,0,-0.101281,-78.481148,PICHINCHA,QUITO,QUITO,URBANA,2017-04-23,10:20:00,10,DOMINGO,7,ABRIL,4,NO,NO GUARDAR LA DISTANCIA LATERAL MINIMA DE SEGURIDAD ENTRE VEHICULOS.,ROZAMIENTOS,VEHICULO DEPORTIVO UTILITARIO,0,0,0,0,0,0,0,0,0,1,0,0,1,2,30,HOMBRE,ILESO,CONDUCTOR PRESENTE,NO,NO,0
2855,8886,8887,2017,0,0,-0.091585,-78.439052,PICHINCHA,QUITO,CALDERON (CARAPUNGO),RURAL,2017-04-23,13:57:00,13,DOMINGO,7,ABRIL,4,NO,REALIZAR CAMBIO BRUSCO O INDEBIDO DE CARRIL.,CHOQUE LATERAL,AUTOMOVIL,2,0,0,0,0,0,0,0,0,0,0,0,0,2,30,HOMBRE,ILESO,CONDUCTOR PRESENTE,NO,NO,3
2856,8887,8888,2017,0,0,-0.468149,-78.565698,PICHINCHA,MEJIA,MACHACHI,RURAL,2017-04-23,14:10:00,14,DOMINGO,7,ABRIL,4,NO,NO GUARDAR LA DISTANCIA LATERAL MINIMA DE SEGURIDAD ENTRE VEHICULOS.,CHOQUE LATERAL,VEHICULO DEPORTIVO UTILITARIO,1,0,0,0,0,0,0,0,0,0,0,0,1,2,24,HOMBRE,ILESO,CONDUCTOR PRESENTE,NO,NO,3
2857,8891,8892,2017,1,0,-0.297722,-78.486389,PICHINCHA,QUITO,CONOCOTO,RURAL,2017-04-23,15:00:00,15,DOMINGO,7,ABRIL,4,NO,NO CEDER EL DERECHO DE VIA O PREFERENCIA DE PASO AL PEATON.,ATROPELLOS,NO IDENTIFICADO,0,0,0,0,0,0,0,0,0,1,0,0,0,1,76,MUJER,LESIONADO,PEATON,NO,NO,3
2858,8894,8895,2017,0,0,-0.356158,-78.489147,PICHINCHA,QUITO,AMAGUANIA,RURAL,2017-04-23,15:35:00,15,DOMINGO,7,ABRIL,4,NO,REALIZAR CAMBIO BRUSCO O INDEBIDO DE CARRIL.,ROZAMIENTOS,BUS,0,0,2,0,0,0,0,0,0,0,0,0,0,2,29,HOMBRE,ILESO,CONDUCTOR PRESENTE,NO,NO,3
2859,8895,8896,2017,0,1,-0.291131,-78.524158,PICHINCHA,QUITO,QUITO,URBANA,2017-04-23,15:45:00,15,DOMINGO,7,ABRIL,4,NO,NO TRANSITAR POR LAS ACERAS O ZONAS DE SEGURIDAD DESTINADAS PARA EL EFECTO.,ATROPELLOS,NO IDENTIFICADO,0,0,0,0,0,0,0,0,0,1,0,0,0,1,17,MUJER,FALLECIDO,PEATON,NO,NO,0