,Unnamed: 0,ID,ANIO,LESIONADOS,FALLECIDOS,LATITUD_Y,LONGITUD_X,PROVINCIA,CANTON,PARROQUIA,ZONA,FECHA,HORA,PERIODO_2,DIA_1,DIA_2,MES_1,MES_2,FERIADO,CAUSA_PROBABLE,TIPO_DE_SINIESTRO,TIPO_DE_VEHICULO_1,AUTOMOVIL,BICICLETA,BUS,CAMION,CAMIONETA,EMERGENCIAS,ESPECIAL,FURGONETA,MOTOCICLETA,NO_IDENTIFICADO,SCOOTER_ELECTRICO,TRICIMOTO,VEHICULO_DEPORTIVO_UTILITARIO,SUMA_DE_VEHICULOS,EDAD_1,SEXO_1,CONDICION_1,PARTICIPANTE_1,CASCO_1,CINTURON_1,KMeans_Cluster
2860,8902,8903,2017,0,0,-0.154595,-78.49735,PICHINCHA,QUITO,QUITO,URBANA,2017-04-23,17:50:00,17,DOMINGO,7,ABRIL,4,NO,CONDUCIR VEHICULO SUPERANDO LOS LIMITES MAXIMOS DE VELOCIDAD.,ESTRELLAMIENTOS,AUTOMOVIL,1,0,0,0,0,0,0,0,0,0,0,0,0,1,-1,NO IDENTIFICADO,NO IDENTIFICADO,CONDUCTOR AUSENTE,NO,NO,2
2861,8903,8904,2017,1,0,-0.233854,-78.532797,PICHINCHA,QUITO,QUITO,URBANA,2017-04-23,17:50:00,17,DOMINGO,7,ABRIL,4,NO,"CASO FORTUITO O FUERZA MAYOR (EXPLOSION DE NEUMATICO NUEVO, DERRUMBE, INUNDACION, CAIDA DE PUENTE, ARBOL, PRESENCIA INTEMPESTIVA E IMPREVISTA DE SEMOVIENTES EN LA VIA, ETC.).",OTROS,NO IDENTIFICADO,0,0,0,0,0,0,0,0,0,1,0,0,0,1,40,HOMBRE,LESIONADO,CONDUCTOR PRESENTE,NO,NO,0
2862,8904,8905,2017,0,1,-0.225821,-78.346456,PICHINCHA,QUITO,PIFO,RURAL,2017-04-23,18:00:00,18,DOMINGO,7,ABRIL,4,NO,"FALLA MECANICA EN LOS SISTEMAS Y/O NEUMATICOS (SISTEMA DE FRENOS, DIRECCION, ELECTRONICO O MECANICO).",ESTRELLAMIENTOS,BICICLETA,0,1,0,0,0,0,0,0,0,0,0,0,0,1,42,HOMBRE,FALLECIDO,CONDUCTOR PRESENTE,NO,NO,3
2863,8906,8907,2017,0,2,-0.090319,-78.290196,PICHINCHA,CAYAMBE,ASCAZUBI,RURAL,2017-04-23,18:10:00,18,DOMINGO,7,ABRIL,4,NO,NO GUARDAR LA DISTANCIA LATERAL MINIMA DE SEGURIDAD ENTRE VEHICULOS.,CHOQUE LATERAL,MOTOCICLETA,0,0,0,0,0,0,0,0,1,1,0,0,0,2,22,HOMBRE,FALLECIDO,CONDUCTOR PRESENTE,NO,NO,3
2864,8908,8909,2017,1,0,-0.171152,-78.490343,PICHINCHA,QUITO,QUITO,URBANA,2017-04-23,18:30:00,18,DOMINGO,7,ABRIL,4,NO,NO CEDER EL DERECHO DE VIA O PREFERENCIA DE PASO AL PEATON.,ATROPELLOS,NO IDENTIFICADO,0,0,0,0,0,0,0,0,0,1,0,0,0,1,38,HOMBRE,LESIONADO,PEATON,NO,NO,0
2865,8910,8911,2017,0,0,-0.212711,-78.517089,PICHINCHA,QUITO,QUITO,URBANA,2017-04-23,19:25:00,19,DOMINGO,7,ABRIL,4,NO,"CONDUCIR DESATENTO A LAS CONDICIONES DE TRANSITO (CELULAR, PANTALLAS DE VIDEO, COMIDA, MAQUILLAJE O CUALQUIER OTRO ELEMENTO DISTRACTOR).",ESTRELLAMIENTOS,AUTOMOVIL,1,0,0,0,0,0,0,0,0,0,0,0,0,1,-1,NO IDENTIFICADO,NO IDENTIFICADO,CONDUCTOR AUSENTE,NO,NO,2
2866,8911,8912,2017,0,0,-0.089881,-78.517157,PICHINCHA,QUITO,QUITO,URBANA,2017-04-23,19:27:00,19,DOMINGO,7,ABRIL,4,NO,"CONDUCIR DESATENTO A LAS CONDICIONES DE TRANSITO (CELULAR, PANTALLAS DE VIDEO, COMIDA, MAQUILLAJE O CUALQUIER OTRO ELEMENTO DISTRACTOR).",ESTRELLAMIENTOS,CAMION,0,0,0,1,0,0,0,0,0,0,0,0,0,1,40,HOMBRE,ILESO,CONDUCTOR PRESENTE,NO,NO,0
2867,8913,8914,2017,1,0,-0.278867,-78.544572,PICHINCHA,QUITO,QUITO,URBANA,2017-04-23,19:50:00,19,DOMINGO,7,ABRIL,4,NO,"NO RESPETAR LAS SENIALES REGLAMENTARIAS DE TRANSITO. (PARE, CEDA EL PASO, LUZ ROJA DEL SEMAFORO, ETC).",CHOQUE LATERAL,NO IDENTIFICADO,0,0,0,0,0,0,0,0,0,2,0,0,0,2,52,MUJER,LESIONADO,PASAJERO,NO,NO,0
2868,8916,8917,2017,1,0,-0.189695,-78.364871,PICHINCHA,QUITO,PUEMBO,RURAL,2017-04-23,20:20:00,20,DOMINGO,7,ABRIL,4,NO,"ADELANTAR O REBASAR A OTRO VEHICULO EN MOVIMIENTO EN ZONAS O SITIOS PELIGROSOS TALES COMO: CURVAS, PUENTES, TUNELES, PENDIENTES, ETC.",CHOQUE FRONTAL,MOTOCICLETA,0,0,0,0,0,0,0,0,1,1,0,0,0,2,35,HOMBRE,LESIONADO,CONDUCTOR PRESENTE,NO,NO,3
2869,8943,8944,2017,0,0,-0.206535,-78.512278,PICHINCHA,QUITO,QUITO,URBANA,2017-04-24,00:30:00,0,LUNES,1,ABRIL,4,NO,CONDUCIR VEHICULO SUPERANDO LOS LIMITES MAXIMOS DE VELOCIDAD.,VOLCAMIENTOS,CAMIONETA,0,0,0,0,1,0,0,0,0,0,0,0,0,1,23,HOMBRE,ILESO,CONDUCTOR PRESENTE,NO,NO,0
2870,8945,8946,2017,0,0,-0.263621,-78.524648,PICHINCHA,QUITO,QUITO,URBANA,2017-04-24,06:38:00,6,LUNES,1,ABRIL,4,NO,"CONDUCIR DESATENTO A LAS CONDICIONES DE TRANSITO (CELULAR, PANTALLAS DE VIDEO, COMIDA, MAQUILLAJE O CUALQUIER OTRO ELEMENTO DISTRACTOR).",ESTRELLAMIENTOS,BUS,0,0,1,0,0,0,0,0,0,0,0,0,0,1,33,HOMBRE,ILESO,CONDUCTOR PRESENTE,NO,NO,0
2871,8946,8947,2017,0,0,-0.161482,-78.487388,PICHINCHA,QUITO,QUITO,URBANA,2017-04-24,06:40:00,6,LUNES,1,ABRIL,4,NO,DEJAR O RECOGER PASAJEROS EN LUGARES NO PERMITIDOS.,CAIDA DE PASAJERO,NO IDENTIFICADO,0,0,0,0,0,0,0,0,0,1,0,0,0,1,29,MUJER,ILESO,PASAJERO,NO,NO,0
2872,8953,8954,2017,0,0,-0.272987,-78.547114,PICHINCHA,QUITO,QUITO,URBANA,2017-04-24,08:30:00,8,LUNES,1,ABRIL,4,NO,NO MANTENER LA DISTANCIA PRUDENCIAL CON RESPECTO AL VEHICULO QUE LE ANTECEDE.,CHOQUE POSTERIOR,AUTOMOVIL,2,0,0,0,0,0,0,0,0,0,0,0,0,2,42,HOMBRE,ILESO,CONDUCTOR PRESENTE,NO,NO,0
2873,8954,8955,2017,0,0,-0.177581,-78.497808,PICHINCHA,QUITO,QUITO,URBANA,2017-04-24,09:23:00,9,LUNES,1,ABRIL,4,NO,"NO RESPETAR LAS SENIALES REGLAMENTARIAS DE TRANSITO. (PARE, CEDA EL PASO, LUZ ROJA DEL SEMAFORO, ETC).",CHOQUE LATERAL,AUTOMOVIL,1,0,0,0,0,0,0,0,1,0,0,0,0,2,32,HOMBRE,ILESO,CONDUCTOR PRESENTE,NO,NO,0
2874,8957,8958,2017,0,1,-0.283813,-78.469333,PICHINCHA,QUITO,CONOCOTO,URBANA,2017-04-24,09:40:00,9,LUNES,1,ABRIL,4,NO,NO TRANSITAR POR LAS ACERAS O ZONAS DE SEGURIDAD DESTINADAS PARA EL EFECTO.,ATROPELLOS,AUTOMOVIL,1,0,0,0,0,0,0,0,0,0,0,0,0,1,72,HOMBRE,FALLECIDO,PEATON,NO,NO,0
2875,8958,8959,2017,1,0,-0.129921,-78.309315,PICHINCHA,QUITO,CHECA (CHILPA),RURAL,2017-04-24,10:30:00,10,LUNES,1,ABRIL,4,NO,NO MANTENER LA DISTANCIA PRUDENCIAL CON RESPECTO AL VEHICULO QUE LE ANTECEDE.,PERDIDA DE PISTA,VEHICULO DEPORTIVO UTILITARIO,0,0,0,1,0,0,0,0,0,0,0,0,1,2,28,HOMBRE,LESIONADO,CONDUCTOR PRESENTE,NO,NO,3
2876,8959,8960,2017,0,0,-0.191304,-78.481644,PICHINCHA,QUITO,QUITO,RURAL,2017-04-24,10:30:00,10,LUNES,1,ABRIL,4,NO,"CASO FORTUITO O FUERZA MAYOR (EXPLOSION DE NEUMATICO NUEVO, DERRUMBE, INUNDACION, CAIDA DE PUENTE, ARBOL, PRESENCIA INTEMPESTIVA E IMPREVISTA DE SEMOVIENTES EN LA VIA, ETC.).",OTROS,VEHICULO DEPORTIVO UTILITARIO,0,0,0,0,0,0,0,0,0,1,0,0,2,3,40,HOMBRE,ILESO,CONDUCTOR PRESENTE,NO,NO,3
2877,8961,8962,2017,0,0,-0.246621,-78.522271,PICHINCHA,QUITO,QUITO,URBANA,2017-04-24,10:40:00,10,LUNES,1,ABRIL,4,NO,NO CEDER EL DERECHO DE VIA O PREFERENCIA DE PASO AL PEATON.,ATROPELLOS,AUTOMOVIL,1,0,0,0,0,0,0,0,0,0,0,0,0,1,30,HOMBRE,ILESO,CONDUCTOR PRESENTE,NO,NO,0
2878,8964,8965,2017,1,0,-0.120679,-78.478094,PICHINCHA,QUITO,QUITO,URBANA,2017-04-24,11:48:00,11,LUNES,1,ABRIL,4,NO,CONDUCIR VEHICULO SUPERANDO LOS LIMITES MAXIMOS DE VELOCIDAD.,ESTRELLAMIENTOS,VEHICULO DEPORTIVO UTILITARIO,0,0,0,0,0,0,0,0,0,0,0,0,1,1,60,HOMBRE,LESIONADO,CONDUCTOR PRESENTE,NO,NO,0
2879,8965,8966,2017,0,0,-0.140846,-78.496473,PICHINCHA,QUITO,QUITO,URBANA,2017-04-24,12:00:00,12,LUNES,1,ABRIL,4,NO,"NO RESPETAR LAS SENIALES REGLAMENTARIAS DE TRANSITO. (PARE, CEDA EL PASO, LUZ ROJA DEL SEMAFORO, ETC).",CHOQUE LATERAL,FURGONETA,1,0,0,0,0,0,0,1,0,0,0,0,0,2,19,HOMBRE,ILESO,CONDUCTOR PRESENTE,NO,NO,0
2880,8966,8967,2017,1,0,-0.269471,-78.538756,PICHINCHA,QUITO,QUITO,URBANA,2017-04-24,12:39:00,12,LUNES,1,ABRIL,4,NO,NO MANTENER LA DISTANCIA PRUDENCIAL CON RESPECTO AL VEHICULO QUE LE ANTECEDE.,CHOQUE LATERAL,MOTOCICLETA,1,0,0,0,0,0,0,0,1,0,0,0,0,2,18,HOMBRE,LESIONADO,CONDUCTOR PRESENTE,NO,NO,0
2881,8968,8969,2017,0,0,-0.446858,-78.557641,PICHINCHA,MEJIA,ALOAG,RURAL,2017-04-24,13:00:00,13,LUNES,1,ABRIL,4,NO,NO MANTENER LA DISTANCIA PRUDENCIAL CON RESPECTO AL VEHICULO QUE LE ANTECEDE.,ESTRELLAMIENTOS,VEHICULO DEPORTIVO UTILITARIO,0,0,1,1,0,0,0,0,0,0,0,0,1,3,54,HOMBRE,ILESO,CONDUCTOR PRESENTE,NO,NO,3
2882,8970,8971,2017,0,0,-0.269548,-78.469131,PICHINCHA,QUITO,CONOCOTO,RURAL,2017-04-24,13:30:00,13,LUNES,1,ABRIL,4,NO,NO CEDER EL DERECHO DE VIA O PREFERENCIA DE PASO A VEHICULOS.,CHOQUE LATERAL,FURGONETA,1,0,0,0,0,0,0,1,0,0,0,0,0,2,55,HOMBRE,ILESO,CONDUCTOR PRESENTE,NO,NO,3
2883,8971,8972,2017,0,0,-0.289618,-78.456981,PICHINCHA,QUITO,ALANGASI,RURAL,2017-04-24,13:30:00,13,LUNES,1,ABRIL,4,NO,NO GUARDAR LA DISTANCIA LATERAL MINIMA DE SEGURIDAD ENTRE VEHICULOS.,ROZAMIENTOS,CAMIONETA,0,0,0,0,1,0,0,1,0,0,0,0,0,2,50,HOMBRE,ILESO,CONDUCTOR PRESENTE,NO,NO,3
2884,8975,8976,2017,3,0,-0.196691,-78.466599,PICHINCHA,QUITO,QUITO,RURAL,2017-04-24,14:20:00,14,LUNES,1,ABRIL,4,NO,CONDUCIR VEHICULO SUPERANDO LOS LIMITES MAXIMOS DE VELOCIDAD.,CHOQUE POSTERIOR,BUS,1,0,1,0,0,0,0,0,0,0,0,0,0,2,77,MUJER,LESIONADO,PASAJERO,NO,NO,3
2885,8976,8977,2017,1,0,-0.170233,-78.479892,PICHINCHA,QUITO,QUITO,URBANA,2017-04-24,14:20:00,14,LUNES,1,ABRIL,4,NO,"CASO FORTUITO O FUERZA MAYOR (EXPLOSION DE NEUMATICO NUEVO, DERRUMBE, INUNDACION, CAIDA DE PUENTE, ARBOL, PRESENCIA INTEMPESTIVA E IMPREVISTA DE SEMOVIENTES EN LA VIA, ETC.).",OTROS,VEHICULO DEPORTIVO UTILITARIO,0,0,0,0,0,0,0,0,0,0,0,0,1,1,55,HOMBRE,LESIONADO,CONDUCTOR PRESENTE,NO,NO,0
2886,8977,8978,2017,0,0,-0.160885,-78.495761,PICHINCHA,QUITO,QUITO,URBANA,2017-04-24,15:35:00,15,LUNES,1,ABRIL,4,NO,NO MANTENER LA DISTANCIA PRUDENCIAL CON RESPECTO AL VEHICULO QUE LE ANTECEDE.,CHOQUE POSTERIOR,VEHICULO DEPORTIVO UTILITARIO,0,0,0,1,0,0,0,0,0,0,0,0,1,2,50,HOMBRE,ILESO,CONDUCTOR PRESENTE,NO,NO,0
2887,8981,8982,2017,0,0,-0.239005,-78.523403,PICHINCHA,QUITO,QUITO,URBANA,2017-04-24,17:10:00,17,LUNES,1,ABRIL,4,NO,NO MANTENER LA DISTANCIA PRUDENCIAL CON RESPECTO AL VEHICULO QUE LE ANTECEDE.,CHOQUE POSTERIOR,AUTOMOVIL,1,0,1,0,0,0,0,0,0,0,0,0,0,2,33,MUJER,ILESO,CONDUCTOR PRESENTE,NO,NO,0
2888,8982,8983,2017,0,0,-0.212824,-78.402686,PICHINCHA,QUITO,TUMBACO,RURAL,2017-04-24,17:30:00,17,LUNES,1,ABRIL,4,NO,REALIZAR CAMBIO BRUSCO O INDEBIDO DE CARRIL.,PERDIDA DE PISTA,CAMIONETA,0,0,0,0,1,0,0,0,0,0,0,0,0,1,40,HOMBRE,ILESO,CONDUCTOR PRESENTE,NO,NO,3
2889,8983,8984,2017,1,0,-0.121216,-78.480213,PICHINCHA,QUITO,QUITO,URBANA,2017-04-24,17:58:00,17,LUNES,1,ABRIL,4,NO,DEJAR O RECOGER PASAJEROS EN LUGARES NO PERMITIDOS.,CAIDA DE PASAJERO,BUS,0,0,1,0,0,0,0,0,0,0,0,0,0,1,20,MUJER,LESIONADO,PASAJERO,NO,NO,0
2890,8985,8986,2017,0,1,-0.381563,-78.505425,PICHINCHA,QUITO,AMAGUANIA,URBANA,2017-04-24,18:50:00,18,LUNES,1,ABRIL,4,NO,"PEATON TRANSITA BAJO INFLUENCIA DE ALCOHOL, SUSTANCIAS ESTUPEFACIENTES O PSICOTROPICAS Y/O MEDICAMENTOS.",CHOQUE LATERAL,CAMION,0,0,0,2,0,0,0,0,0,0,0,0,0,2,59,HOMBRE,FALLECIDO,PASAJERO,NO,NO,0
2891,8987,8988,2017,1,0,-0.400114,-78.809398,PICHINCHA,MEJIA,MANUEL CORNEJO ASTORGA,RURAL,2017-04-24,19:14:00,19,LUNES,1,ABRIL,4,NO,"CONDICIONES AMBIENTALES Y/O ATMOSFERICAS (NIEBLA, NEBLINA, GRANIZO, LLUVIA).",CHOQUE LATERAL,AUTOMOVIL,2,0,0,0,1,0,0,0,0,0,0,0,0,3,38,HOMBRE,LESIONADO,CONDUCTOR PRESENTE,NO,NO,3
2892,8991,8992,2017,0,0,-0.227324,-78.450086,PICHINCHA,QUITO,CUMBAYA,RURAL,2017-04-24,20:15:00,20,LUNES,1,ABRIL,4,NO,NO CEDER EL DERECHO DE VIA O PREFERENCIA DE PASO A VEHICULOS.,CHOQUE LATERAL,AUTOMOVIL,1,0,0,0,0,0,0,0,0,1,0,0,0,2,35,HOMBRE,ILESO,CONDUCTOR PRESENTE,NO,NO,3
2893,8992,8993,2017,0,0,-0.137645,-78.501298,PICHINCHA,QUITO,QUITO,URBANA,2017-04-24,21:15:00,21,LUNES,1,ABRIL,4,NO,NO MANTENER LA DISTANCIA PRUDENCIAL CON RESPECTO AL VEHICULO QUE LE ANTECEDE.,COLISION,VEHICULO DEPORTIVO UTILITARIO,0,0,0,0,1,0,0,0,0,1,0,0,1,3,22,HOMBRE,ILESO,CONDUCTOR PRESENTE,NO,NO,0
2894,9009,9010,2017,0,0,-0.253045,-78.519901,PICHINCHA,QUITO,QUITO,URBANA,2017-04-25,05:00:00,5,MARTES,2,ABRIL,4,NO,"CONDUCE BAJO LA INFLUENCIA DE ALCOHOL, SUSTANCIAS ESTUPEFACIENTES O PSICOTROPICAS Y/O MEDICAMENTOS.",CHOQUE LATERAL,AUTOMOVIL,1,0,0,0,0,0,0,1,0,0,0,0,0,2,37,HOMBRE,ILESO,CONDUCTOR PRESENTE,NO,NO,0
2895,9011,9012,2017,0,1,-0.258504,-78.502491,PICHINCHA,QUITO,QUITO,URBANA,2017-04-25,05:38:00,5,MARTES,2,ABRIL,4,NO,NO TRANSITAR POR LAS ACERAS O ZONAS DE SEGURIDAD DESTINADAS PARA EL EFECTO.,ATROPELLOS,NO IDENTIFICADO,0,0,0,0,0,0,0,0,0,1,0,0,0,1,60,HOMBRE,FALLECIDO,PEATON,NO,NO,0
2896,9013,9014,2017,1,0,-0.308006,-78.559416,PICHINCHA,QUITO,QUITO,URBANA,2017-04-25,06:48:00,6,MARTES,2,ABRIL,4,NO,NO CEDER EL DERECHO DE VIA O PREFERENCIA DE PASO AL PEATON.,ATROPELLOS,NO IDENTIFICADO,0,0,0,0,0,0,0,0,0,1,0,0,0,1,7,HOMBRE,LESIONADO,PEATON,NO,NO,0
2897,9015,9016,2017,0,0,-0.273825,-78.510216,PICHINCHA,QUITO,QUITO,URBANA,2017-04-25,07:00:00,7,MARTES,2,ABRIL,4,NO,NO MANTENER LA DISTANCIA PRUDENCIAL CON RESPECTO AL VEHICULO QUE LE ANTECEDE.,COLISION,AUTOMOVIL,1,0,0,0,3,0,0,0,0,0,0,0,0,4,27,HOMBRE,ILESO,CONDUCTOR PRESENTE,NO,NO,0
2898,9016,9017,2017,2,0,-0.196299,-78.484687,PICHINCHA,QUITO,QUITO,URBANA,2017-04-25,07:13:00,7,MARTES,2,ABRIL,4,NO,"NO RESPETAR LAS SENIALES REGLAMENTARIAS DE TRANSITO. (PARE, CEDA EL PASO, LUZ ROJA DEL SEMAFORO, ETC).",CHOQUE LATERAL,VEHICULO DEPORTIVO UTILITARIO,0,0,0,0,0,0,0,0,0,0,0,0,2,2,38,HOMBRE,LESIONADO,CONDUCTOR PRESENTE,NO,NO,0
2899,9021,9022,2017,0,0,-0.154373,-78.476991,PICHINCHA,QUITO,QUITO,URBANA,2017-04-25,08:30:00,8,MARTES,2,ABRIL,4,NO,NO MANTENER LA DISTANCIA PRUDENCIAL CON RESPECTO AL VEHICULO QUE LE ANTECEDE.,CHOQUE POSTERIOR,AUTOMOVIL,1,0,0,0,0,0,0,0,0,1,0,0,0,2,60,HOMBRE,ILESO,CONDUCTOR PRESENTE,NO,NO,0
2900,9023,9024,2017,0,0,-0.109374,-78.504265,PICHINCHA,QUITO,QUITO,URBANA,2017-04-25,08:40:00,8,MARTES,2,ABRIL,4,NO,NO MANTENER LA DISTANCIA PRUDENCIAL CON RESPECTO AL VEHICULO QUE LE ANTECEDE.,CHOQUE POSTERIOR,VEHICULO DEPORTIVO UTILITARIO,1,0,0,0,0,0,0,0,0,0,0,0,1,2,22,MUJER,ILESO,CONDUCTOR PRESENTE,NO,NO,0
2901,9025,9026,2017,1,0,-0.249578,-78.531679,PICHINCHA,QUITO,QUITO,URBANA,2017-04-25,10:30:00,10,MARTES,2,ABRIL,4,NO,NO CEDER EL DERECHO DE VIA O PREFERENCIA DE PASO AL PEATON.,ATROPELLOS,AUTOMOVIL,1,0,0,0,0,0,0,0,0,0,0,0,0,1,57,HOMBRE,LESIONADO,PEATON,NO,NO,0
2902,9026,9027,2017,1,0,-0.249248,-78.539537,PICHINCHA,QUITO,QUITO,URBANA,2017-04-25,11:18:00,11,MARTES,2,ABRIL,4,NO,NO CEDER EL DERECHO DE VIA O PREFERENCIA DE PASO AL PEATON.,ATROPELLOS,CAMIONETA,0,0,0,0,1,0,0,0,0,0,0,0,0,1,76,MUJER,LESIONADO,PEATON,NO,NO,0
2903,9029,9030,2017,1,0,-0.122302,-78.485078,PICHINCHA,QUITO,QUITO,URBANA,2017-04-25,12:30:00,12,MARTES,2,ABRIL,4,NO,CONDUCIR VEHICULO SUPERANDO LOS LIMITES MAXIMOS DE VELOCIDAD.,ESTRELLAMIENTOS,VEHICULO DEPORTIVO UTILITARIO,0,0,0,0,0,0,0,0,1,0,0,0,1,2,40,MUJER,LESIONADO,CONDUCTOR PRESENTE,NO,NO,0
2904,9031,9032,2017,0,0,-0.304117,-78.431258,PICHINCHA,QUITO,ALANGASI,RURAL,2017-04-25,13:40:00,13,MARTES,2,ABRIL,4,NO,NO CEDER EL DERECHO DE VIA O PREFERENCIA DE PASO A VEHICULOS.,CHOQUE LATERAL,MOTOCICLETA,0,0,0,0,0,0,0,0,1,1,0,0,0,2,47,HOMBRE,ILESO,CONDUCTOR PRESENTE,NO,NO,3
2905,9033,9034,2017,1,0,-0.295878,-78.556329,PICHINCHA,QUITO,QUITO,URBANA,2017-04-25,14:40:00,14,MARTES,2,ABRIL,4,NO,DEJAR O RECOGER PASAJEROS EN LUGARES NO PERMITIDOS.,CAIDA DE PASAJERO,NO IDENTIFICADO,0,0,0,0,0,0,0,0,0,1,0,0,0,1,49,MUJER,LESIONADO,PASAJERO,NO,NO,0
2906,9034,9035,2017,0,0,-0.245627,-78.519499,PICHINCHA,QUITO,QUITO,URBANA,2017-04-25,15:10:00,15,MARTES,2,ABRIL,4,NO,NO CEDER EL DERECHO DE VIA O PREFERENCIA DE PASO A VEHICULOS.,CHOQUE LATERAL,AUTOMOVIL,1,0,0,0,0,0,0,0,0,0,0,0,1,2,51,HOMBRE,ILESO,CONDUCTOR PRESENTE,NO,NO,0
2907,9037,9038,2017,0,0,-0.275231,-78.552645,PICHINCHA,QUITO,QUITO,URBANA,2017-04-25,16:35:00,16,MARTES,2,ABRIL,4,NO,"CONDUCIR DESATENTO A LAS CONDICIONES DE TRANSITO (CELULAR, PANTALLAS DE VIDEO, COMIDA, MAQUILLAJE O CUALQUIER OTRO ELEMENTO DISTRACTOR).",ESTRELLAMIENTOS,CAMIONETA,0,0,0,0,1,0,0,0,0,0,0,0,0,1,-1,NO IDENTIFICADO,NO IDENTIFICADO,CONDUCTOR AUSENTE,NO,NO,2
2908,9038,9039,2017,0,0,-0.088841,-78.439915,PICHINCHA,QUITO,CALDERON (CARAPUNGO),RURAL,2017-04-25,17:02:00,17,MARTES,2,ABRIL,4,NO,NO GUARDAR LA DISTANCIA LATERAL MINIMA DE SEGURIDAD ENTRE VEHICULOS.,ROZAMIENTOS,AUTOMOVIL,1,0,0,0,0,0,0,1,0,0,0,0,0,2,34,HOMBRE,ILESO,CONDUCTOR PRESENTE,NO,NO,3
2909,9039,9040,2017,0,0,-0.103904,-78.470271,PICHINCHA,QUITO,QUITO,URBANA,2017-04-25,17:35:00,17,MARTES,2,ABRIL,4,NO,NO GUARDAR LA DISTANCIA LATERAL MINIMA DE SEGURIDAD ENTRE VEHICULOS.,ROZAMIENTOS,AUTOMOVIL,1,0,1,0,0,0,0,0,0,0,0,0,0,2,56,HOMBRE,ILESO,CONDUCTOR PRESENTE,NO,NO,0
2910,9044,9045,2017,1,0,-0.376654,-78.530527,PICHINCHA,MEJIA,CUTUGLAHUA,RURAL,2017-04-25,18:45:00,18,MARTES,2,ABRIL,4,NO,"CONDUCIR DESATENTO A LAS CONDICIONES DE TRANSITO (CELULAR, PANTALLAS DE VIDEO, COMIDA, MAQUILLAJE O CUALQUIER OTRO ELEMENTO DISTRACTOR).",ESTRELLAMIENTOS,CAMIONETA,0,0,0,0,1,0,0,0,0,0,0,0,1,2,36,HOMBRE,LESIONADO,CONDUCTOR PRESENTE,NO,NO,3
2911,9047,9048,2017,0,0,-0.276151,-78.555601,PICHINCHA,QUITO,QUITO,URBANA,2017-04-25,20:00:00,20,MARTES,2,ABRIL,4,NO,NO GUARDAR LA DISTANCIA LATERAL MINIMA DE SEGURIDAD ENTRE VEHICULOS.,ROZAMIENTOS,AUTOMOVIL,1,0,1,0,0,0,0,0,0,0,0,0,0,2,26,HOMBRE,ILESO,CONDUCTOR PRESENTE,NO,NO,0
2912,9050,9051,2017,2,0,-0.264759,-78.548838,PICHINCHA,QUITO,QUITO,URBANA,2017-04-25,21:50:00,21,MARTES,2,ABRIL,4,NO,NO CEDER EL DERECHO DE VIA O PREFERENCIA DE PASO AL PEATON.,ATROPELLOS,NO IDENTIFICADO,0,0,0,0,0,0,0,0,0,1,0,0,0,1,65,HOMBRE,LESIONADO,PEATON,NO,NO,0
2913,9074,9075,2017,1,0,-0.196669,-78.466599,PICHINCHA,QUITO,QUITO,RURAL,2017-04-26,00:10:00,0,MIERCOLES,3,ABRIL,4,NO,"CONDUCIR EN ESTADO DE SOMNOLENCIA O MALAS CONDICIONES FISICAS (SUENIO, CANSANCIO Y FATIGA).",PERDIDA DE PISTA,AUTOMOVIL,1,0,0,0,0,0,0,0,0,0,0,0,0,1,57,MUJER,LESIONADO,PASAJERO,NO,NO,3
2914,9076,9077,2017,2,0,-0.249141,-78.536518,PICHINCHA,QUITO,QUITO,URBANA,2017-04-26,03:40:00,3,MIERCOLES,3,ABRIL,4,NO,"CONDUCE BAJO LA INFLUENCIA DE ALCOHOL, SUSTANCIAS ESTUPEFACIENTES O PSICOTROPICAS Y/O MEDICAMENTOS.",CHOQUE LATERAL,CAMIONETA,0,0,0,0,1,0,0,0,0,0,0,0,1,2,40,HOMBRE,LESIONADO,CONDUCTOR PRESENTE,NO,NO,0
2915,9086,9087,2017,0,0,-0.091585,-78.439052,PICHINCHA,QUITO,CALDERON (CARAPUNGO),RURAL,2017-04-26,08:22:00,8,MIERCOLES,3,ABRIL,4,NO,"NO RESPETAR LAS SENIALES REGLAMENTARIAS DE TRANSITO. (PARE, CEDA EL PASO, LUZ ROJA DEL SEMAFORO, ETC).",CHOQUE LATERAL,AUTOMOVIL,2,0,0,0,0,0,0,0,0,0,0,0,0,2,29,HOMBRE,ILESO,CONDUCTOR PRESENTE,NO,NO,3
2916,9087,9088,2017,0,0,-0.231098,-78.513487,PICHINCHA,QUITO,QUITO,URBANA,2017-04-26,09:40:00,9,MIERCOLES,3,ABRIL,4,NO,NO GUARDAR LA DISTANCIA LATERAL MINIMA DE SEGURIDAD ENTRE VEHICULOS.,ROZAMIENTOS,BUS,1,0,1,0,0,0,0,0,0,0,0,0,0,2,49,HOMBRE,ILESO,CONDUCTOR PRESENTE,NO,NO,0
2917,9089,9090,2017,0,0,-0.198684,-78.500504,PICHINCHA,QUITO,QUITO,URBANA,2017-04-26,11:03:00,11,MIERCOLES,3,ABRIL,4,NO,NO CEDER EL DERECHO DE VIA O PREFERENCIA DE PASO AL PEATON.,ATROPELLOS,AUTOMOVIL,1,0,0,0,0,0,0,0,0,0,0,0,0,1,50,HOMBRE,ILESO,CONDUCTOR PRESENTE,NO,NO,0