,Unnamed: 0,ID,ANIO,LESIONADOS,FALLECIDOS,LATITUD_Y,LONGITUD_X,PROVINCIA,CANTON,PARROQUIA,ZONA,FECHA,HORA,PERIODO_2,DIA_1,DIA_2,MES_1,MES_2,FERIADO,CAUSA_PROBABLE,TIPO_DE_SINIESTRO,TIPO_DE_VEHICULO_1,AUTOMOVIL,BICICLETA,BUS,CAMION,CAMIONETA,EMERGENCIAS,ESPECIAL,FURGONETA,MOTOCICLETA,NO_IDENTIFICADO,SCOOTER_ELECTRICO,TRICIMOTO,VEHICULO_DEPORTIVO_UTILITARIO,SUMA_DE_VEHICULOS,EDAD_1,SEXO_1,CONDICION_1,PARTICIPANTE_1,CASCO_1,CINTURON_1,KMeans_Cluster
2918,9090,9091,2017,1,0,-0.159011,-78.483728,PICHINCHA,QUITO,QUITO,URBANA,2017-04-26,11:17:00,11,MIERCOLES,3,ABRIL,4,NO,"ADELANTAR O REBASAR A OTRO VEHICULO EN MOVIMIENTO EN ZONAS O SITIOS PELIGROSOS TALES COMO: CURVAS, PUENTES, TUNELES, PENDIENTES, ETC.",ROZAMIENTOS,MOTOCICLETA,0,0,0,0,0,0,0,0,1,1,0,0,0,2,25,HOMBRE,LESIONADO,CONDUCTOR PRESENTE,NO,NO,0
2919,9091,9092,2017,1,0,-0.227371,-78.392006,PICHINCHA,QUITO,TUMBACO,RURAL,2017-04-26,11:20:00,11,MIERCOLES,3,ABRIL,4,NO,"FALLA MECANICA EN LOS SISTEMAS Y/O NEUMATICOS (SISTEMA DE FRENOS, DIRECCION, ELECTRONICO O MECANICO).",ESTRELLAMIENTOS,BICICLETA,0,1,0,0,0,0,0,0,0,0,0,0,0,1,16,HOMBRE,LESIONADO,CONDUCTOR PRESENTE,NO,NO,3
2920,9094,9095,2017,2,1,-0.099083,-78.421844,PICHINCHA,QUITO,CALDERON (CARAPUNGO),RURAL,2017-04-26,12:25:00,12,MIERCOLES,3,ABRIL,4,NO,"NO RESPETAR LAS SENIALES REGLAMENTARIAS DE TRANSITO. (PARE, CEDA EL PASO, LUZ ROJA DEL SEMAFORO, ETC).",CHOQUE LATERAL,MOTOCICLETA,0,0,0,0,1,0,0,0,1,0,0,0,0,2,39,HOMBRE,FALLECIDO,CONDUCTOR PRESENTE,NO,NO,3
2921,9096,9097,2017,1,0,-0.154251,-78.471375,PICHINCHA,QUITO,QUITO,URBANA,2017-04-26,13:05:00,13,MIERCOLES,3,ABRIL,4,NO,"CONDUCIR DESATENTO A LAS CONDICIONES DE TRANSITO (CELULAR, PANTALLAS DE VIDEO, COMIDA, MAQUILLAJE O CUALQUIER OTRO ELEMENTO DISTRACTOR).",PERDIDA DE PISTA,MOTOCICLETA,0,0,0,0,0,0,0,0,1,0,0,0,0,1,41,HOMBRE,LESIONADO,CONDUCTOR PRESENTE,NO,NO,0
2922,9097,9098,2017,1,0,-0.214165,-78.498944,PICHINCHA,QUITO,QUITO,URBANA,2017-04-26,13:10:00,13,MIERCOLES,3,ABRIL,4,NO,NO CEDER EL DERECHO DE VIA O PREFERENCIA DE PASO AL PEATON.,ATROPELLOS,CAMIONETA,0,0,0,0,1,0,0,0,0,0,0,0,0,1,76,MUJER,LESIONADO,PEATON,NO,NO,0
2923,9098,9099,2017,0,0,-0.175166,-78.487456,PICHINCHA,QUITO,QUITO,URBANA,2017-04-26,13:25:00,13,MIERCOLES,3,ABRIL,4,NO,"NO RESPETAR LAS SENIALES REGLAMENTARIAS DE TRANSITO. (PARE, CEDA EL PASO, LUZ ROJA DEL SEMAFORO, ETC).",CHOQUE LATERAL,VEHICULO DEPORTIVO UTILITARIO,0,0,0,0,0,0,0,1,0,0,0,0,1,2,33,HOMBRE,ILESO,CONDUCTOR PRESENTE,NO,NO,0
2924,9100,9101,2017,0,0,-0.189339,-78.483281,PICHINCHA,QUITO,QUITO,URBANA,2017-04-26,13:30:00,13,MIERCOLES,3,ABRIL,4,NO,NO GUARDAR LA DISTANCIA LATERAL MINIMA DE SEGURIDAD ENTRE VEHICULOS.,ROZAMIENTOS,VEHICULO DEPORTIVO UTILITARIO,0,0,0,0,0,0,0,0,0,1,0,0,1,2,28,MUJER,ILESO,CONDUCTOR PRESENTE,NO,NO,0
2925,9102,9103,2017,1,0,-0.205803,-78.499239,PICHINCHA,QUITO,QUITO,URBANA,2017-04-26,13:52:00,13,MIERCOLES,3,ABRIL,4,NO,NO CEDER EL DERECHO DE VIA O PREFERENCIA DE PASO AL PEATON.,ATROPELLOS,NO IDENTIFICADO,0,0,0,0,0,0,0,0,0,1,0,0,0,1,27,MUJER,LESIONADO,PEATON,NO,NO,0
2926,9110,9111,2017,0,0,-0.162346,-78.485742,PICHINCHA,QUITO,QUITO,URBANA,2017-04-26,15:35:00,15,MIERCOLES,3,ABRIL,4,NO,"NO RESPETAR LAS SENIALES REGLAMENTARIAS DE TRANSITO. (PARE, CEDA EL PASO, LUZ ROJA DEL SEMAFORO, ETC).",CHOQUE LATERAL,BUS,1,0,1,0,0,0,0,0,0,0,0,0,0,2,30,HOMBRE,ILESO,CONDUCTOR PRESENTE,NO,NO,0
2927,9111,9112,2017,0,0,-0.102365,-78.490629,PICHINCHA,QUITO,QUITO,URBANA,2017-04-26,15:50:00,15,MIERCOLES,3,ABRIL,4,NO,NO CEDER EL DERECHO DE VIA O PREFERENCIA DE PASO A VEHICULOS.,CHOQUE LATERAL,VEHICULO DEPORTIVO UTILITARIO,0,0,0,0,1,0,0,0,0,0,0,0,1,2,60,HOMBRE,ILESO,CONDUCTOR PRESENTE,NO,NO,0
2928,9112,9113,2017,0,0,-0.451371,-78.560061,PICHINCHA,MEJIA,ALOAG,RURAL,2017-04-26,16:50:00,16,MIERCOLES,3,ABRIL,4,NO,NO TRANSITAR POR LAS ACERAS O ZONAS DE SEGURIDAD DESTINADAS PARA EL EFECTO.,ATROPELLOS,BUS,0,0,1,0,0,0,0,0,0,0,0,0,0,1,-1,NO IDENTIFICADO,NO IDENTIFICADO,CONDUCTOR AUSENTE,NO,NO,2
2929,9115,9116,2017,0,0,-0.275327,-78.535791,PICHINCHA,QUITO,QUITO,URBANA,2017-04-26,17:20:00,17,MIERCOLES,3,ABRIL,4,NO,REALIZAR CAMBIO BRUSCO O INDEBIDO DE CARRIL.,CHOQUE LATERAL,CAMIONETA,0,0,0,0,1,0,0,0,1,0,0,0,0,2,38,HOMBRE,ILESO,CONDUCTOR PRESENTE,NO,NO,0
2930,9118,9119,2017,2,0,-0.122371,-78.495545,PICHINCHA,QUITO,QUITO,URBANA,2017-04-26,18:10:00,18,MIERCOLES,3,ABRIL,4,NO,"NO RESPETAR LAS SENIALES REGLAMENTARIAS DE TRANSITO. (PARE, CEDA EL PASO, LUZ ROJA DEL SEMAFORO, ETC).",CHOQUE LATERAL,AUTOMOVIL,1,0,1,0,0,0,0,0,0,0,0,0,0,2,35,HOMBRE,LESIONADO,CONDUCTOR PRESENTE,NO,NO,0
2931,9121,9122,2017,0,0,-0.188941,-78.500649,PICHINCHA,QUITO,QUITO,URBANA,2017-04-26,19:45:00,19,MIERCOLES,3,ABRIL,4,NO,"CONDUCIR DESATENTO A LAS CONDICIONES DE TRANSITO (CELULAR, PANTALLAS DE VIDEO, COMIDA, MAQUILLAJE O CUALQUIER OTRO ELEMENTO DISTRACTOR).",ESTRELLAMIENTOS,CAMIONETA,0,0,0,0,1,0,0,0,0,1,0,0,0,2,-1,NO IDENTIFICADO,NO IDENTIFICADO,CONDUCTOR AUSENTE,NO,NO,2
2932,9123,9124,2017,0,0,-0.188936,-78.512736,PICHINCHA,QUITO,QUITO,URBANA,2017-04-26,20:40:00,20,MIERCOLES,3,ABRIL,4,NO,"CONDUCE BAJO LA INFLUENCIA DE ALCOHOL, SUSTANCIAS ESTUPEFACIENTES O PSICOTROPICAS Y/O MEDICAMENTOS.",ESTRELLAMIENTOS,AUTOMOVIL,1,0,0,0,0,0,0,0,0,0,0,0,1,2,27,HOMBRE,ILESO,CONDUCTOR PRESENTE,NO,NO,0
2933,9124,9125,2017,2,0,-0.129197,-78.502316,PICHINCHA,QUITO,QUITO,URBANA,2017-04-26,20:55:00,20,MIERCOLES,3,ABRIL,4,NO,"CONDUCE BAJO LA INFLUENCIA DE ALCOHOL, SUSTANCIAS ESTUPEFACIENTES O PSICOTROPICAS Y/O MEDICAMENTOS.",CHOQUE LATERAL,MOTOCICLETA,0,0,0,0,0,0,0,0,1,0,0,0,1,2,28,MUJER,LESIONADO,PASAJERO,NO,NO,0
2934,9125,9126,2017,1,0,-0.259484,-78.539933,PICHINCHA,QUITO,QUITO,URBANA,2017-04-26,21:00:00,21,MIERCOLES,3,ABRIL,4,NO,NO CEDER EL DERECHO DE VIA O PREFERENCIA DE PASO AL PEATON.,ATROPELLOS,NO IDENTIFICADO,0,0,0,0,0,0,0,0,0,1,0,0,0,1,30,HOMBRE,LESIONADO,PEATON,NO,NO,0
2935,9126,9127,2017,2,0,-0.308006,-78.559416,PICHINCHA,QUITO,QUITO,URBANA,2017-04-26,21:20:00,21,MIERCOLES,3,ABRIL,4,NO,"NO RESPETAR LAS SENIALES REGLAMENTARIAS DE TRANSITO. (PARE, CEDA EL PASO, LUZ ROJA DEL SEMAFORO, ETC).",CHOQUE LATERAL,AUTOMOVIL,1,0,0,0,0,0,0,0,1,0,0,0,0,2,23,MUJER,LESIONADO,PASAJERO,NO,NO,0
2936,9128,9129,2017,0,0,-0.142041,-78.443217,PICHINCHA,QUITO,LLANO CHICO,RURAL,2017-04-26,23:30:00,23,MIERCOLES,3,ABRIL,4,NO,REALIZAR CAMBIO BRUSCO O INDEBIDO DE CARRIL.,COLISION,CAMIONETA,1,0,0,0,1,0,0,0,0,1,0,0,0,3,29,HOMBRE,ILESO,CONDUCTOR PRESENTE,NO,NO,3
2937,9147,9148,2017,1,0,-0.106567,-78.476473,PICHINCHA,QUITO,QUITO,URBANA,2017-04-27,00:00:00,0,JUEVES,4,ABRIL,4,NO,CONDUCIR VEHICULO SUPERANDO LOS LIMITES MAXIMOS DE VELOCIDAD.,ESTRELLAMIENTOS,VEHICULO DEPORTIVO UTILITARIO,0,0,0,0,0,0,0,0,0,0,0,0,1,1,26,HOMBRE,LESIONADO,CONDUCTOR PRESENTE,NO,NO,0
2938,9148,9149,2017,0,0,-0.193328,-78.476315,PICHINCHA,QUITO,QUITO,URBANA,2017-04-27,01:40:00,1,JUEVES,4,ABRIL,4,NO,"CONDUCIR EN ESTADO DE SOMNOLENCIA O MALAS CONDICIONES FISICAS (SUENIO, CANSANCIO Y FATIGA).",ESTRELLAMIENTOS,AUTOMOVIL,2,0,0,0,0,0,0,0,0,0,0,0,0,2,48,HOMBRE,ILESO,CONDUCTOR PRESENTE,NO,NO,0
2939,9151,9152,2017,0,0,-0.205822,-78.494909,PICHINCHA,QUITO,QUITO,URBANA,2017-04-27,06:55:00,6,JUEVES,4,ABRIL,4,NO,NO CEDER EL DERECHO DE VIA O PREFERENCIA DE PASO A VEHICULOS.,CHOQUE LATERAL,VEHICULO DEPORTIVO UTILITARIO,1,0,0,0,0,0,0,0,0,0,0,0,1,2,44,HOMBRE,ILESO,CONDUCTOR PRESENTE,NO,NO,0
2940,9152,9153,2017,0,0,-0.287051,-78.531139,PICHINCHA,QUITO,QUITO,URBANA,2017-04-27,07:00:00,7,JUEVES,4,ABRIL,4,NO,"CONDUCIR DESATENTO A LAS CONDICIONES DE TRANSITO (CELULAR, PANTALLAS DE VIDEO, COMIDA, MAQUILLAJE O CUALQUIER OTRO ELEMENTO DISTRACTOR).",ESTRELLAMIENTOS,AUTOMOVIL,2,0,0,0,0,0,0,0,0,0,0,0,0,2,-1,NO IDENTIFICADO,NO IDENTIFICADO,CONDUCTOR AUSENTE,NO,NO,2
2941,9155,9156,2017,0,0,-0.265925,-78.550963,PICHINCHA,QUITO,QUITO,URBANA,2017-04-27,07:45:00,7,JUEVES,4,ABRIL,4,NO,DEJAR O RECOGER PASAJEROS EN LUGARES NO PERMITIDOS.,CAIDA DE PASAJERO,BUS,0,0,1,0,0,0,0,0,0,0,0,0,0,1,24,HOMBRE,ILESO,CONDUCTOR PRESENTE,NO,NO,0
2942,9157,9158,2017,0,0,-0.245758,-78.519551,PICHINCHA,QUITO,QUITO,URBANA,2017-04-27,09:15:00,9,JUEVES,4,ABRIL,4,NO,NO GUARDAR LA DISTANCIA LATERAL MINIMA DE SEGURIDAD ENTRE VEHICULOS.,ROZAMIENTOS,BUS,1,0,1,0,0,0,0,0,0,0,0,0,0,2,20,HOMBRE,ILESO,CONDUCTOR PRESENTE,NO,NO,0
2943,9158,9159,2017,1,0,-0.213316,-78.489204,PICHINCHA,QUITO,QUITO,URBANA,2017-04-27,09:30:00,9,JUEVES,4,ABRIL,4,NO,CONDUCIR VEHICULO SUPERANDO LOS LIMITES MAXIMOS DE VELOCIDAD.,CHOQUE POSTERIOR,AUTOMOVIL,1,0,0,0,0,0,0,0,0,1,0,0,0,2,30,MUJER,LESIONADO,CONDUCTOR PRESENTE,NO,NO,0
2944,9167,9168,2017,0,0,-0.246147,-78.529467,PICHINCHA,QUITO,QUITO,URBANA,2017-04-27,15:00:00,15,JUEVES,4,ABRIL,4,NO,NO CEDER EL DERECHO DE VIA O PREFERENCIA DE PASO A VEHICULOS.,CHOQUE LATERAL,VEHICULO DEPORTIVO UTILITARIO,0,0,0,0,0,0,0,0,1,0,0,0,1,2,47,HOMBRE,ILESO,CONDUCTOR PRESENTE,NO,NO,0
2945,9168,9169,2017,1,0,-0.209175,-78.387724,PICHINCHA,QUITO,TUMBACO,RURAL,2017-04-27,15:30:00,15,JUEVES,4,ABRIL,4,NO,CONDUCIR VEHICULO SUPERANDO LOS LIMITES MAXIMOS DE VELOCIDAD.,PERDIDA DE PISTA,MOTOCICLETA,0,0,0,0,0,0,0,0,1,0,0,0,0,1,42,HOMBRE,LESIONADO,CONDUCTOR PRESENTE,NO,NO,3
2946,9172,9173,2017,0,0,-0.299537,-78.558721,PICHINCHA,QUITO,QUITO,URBANA,2017-04-27,16:15:00,16,JUEVES,4,ABRIL,4,NO,NO MANTENER LA DISTANCIA PRUDENCIAL CON RESPECTO AL VEHICULO QUE LE ANTECEDE.,CHOQUE POSTERIOR,AUTOMOVIL,1,0,0,0,0,0,0,0,1,0,0,0,0,2,48,HOMBRE,ILESO,CONDUCTOR PRESENTE,NO,NO,0
2947,9179,9180,2017,0,0,-0.246557,-78.522291,PICHINCHA,QUITO,QUITO,URBANA,2017-04-27,18:30:00,18,JUEVES,4,ABRIL,4,NO,NO CEDER EL DERECHO DE VIA O PREFERENCIA DE PASO A VEHICULOS.,CHOQUE LATERAL,AUTOMOVIL,2,0,0,0,0,0,0,0,0,0,0,0,0,2,42,HOMBRE,ILESO,CONDUCTOR PRESENTE,NO,NO,0
2948,9181,9182,2017,0,0,-0.093373,-78.435588,PICHINCHA,QUITO,CALDERON (CARAPUNGO),RURAL,2017-04-27,19:15:00,19,JUEVES,4,ABRIL,4,NO,"CONDUCE BAJO LA INFLUENCIA DE ALCOHOL, SUSTANCIAS ESTUPEFACIENTES O PSICOTROPICAS Y/O MEDICAMENTOS.",CHOQUE LATERAL,AUTOMOVIL,2,0,0,0,0,0,0,0,0,0,0,0,0,2,27,HOMBRE,ILESO,CONDUCTOR PRESENTE,NO,NO,3
2949,9182,9183,2017,1,0,-0.279841,-78.560151,PICHINCHA,QUITO,QUITO,URBANA,2017-04-27,19:20:00,19,JUEVES,4,ABRIL,4,NO,NO CEDER EL DERECHO DE VIA O PREFERENCIA DE PASO AL PEATON.,ATROPELLOS,NO IDENTIFICADO,0,0,0,0,0,0,0,0,0,1,0,0,0,1,14,HOMBRE,LESIONADO,PEATON,NO,NO,0
2950,9184,9185,2017,1,0,-0.128335,-78.469783,PICHINCHA,QUITO,QUITO,URBANA,2017-04-27,19:50:00,19,JUEVES,4,ABRIL,4,NO,NO CEDER EL DERECHO DE VIA O PREFERENCIA DE PASO AL PEATON.,ATROPELLOS,MOTOCICLETA,0,0,0,0,0,0,0,0,1,0,0,0,0,1,10,HOMBRE,LESIONADO,PEATON,NO,NO,0
2951,9186,9187,2017,0,0,-0.212824,-78.402686,PICHINCHA,QUITO,TUMBACO,RURAL,2017-04-27,20:20:00,20,JUEVES,4,ABRIL,4,NO,NO CEDER EL DERECHO DE VIA O PREFERENCIA DE PASO A VEHICULOS.,CHOQUE LATERAL,VEHICULO DEPORTIVO UTILITARIO,1,0,0,0,0,0,0,0,0,0,0,0,1,2,19,MUJER,ILESO,CONDUCTOR PRESENTE,NO,NO,3
2952,9190,9191,2017,0,0,-0.263991,-78.487764,PICHINCHA,QUITO,CONOCOTO,RURAL,2017-04-27,21:20:00,21,JUEVES,4,ABRIL,4,NO,"CONDUCE BAJO LA INFLUENCIA DE ALCOHOL, SUSTANCIAS ESTUPEFACIENTES O PSICOTROPICAS Y/O MEDICAMENTOS.",CHOQUE LATERAL,AUTOMOVIL,1,0,0,0,0,0,0,0,0,0,0,0,1,2,63,HOMBRE,ILESO,CONDUCTOR PRESENTE,NO,NO,3
2953,9191,9192,2017,1,0,-0.465539,-78.580622,PICHINCHA,MEJIA,ALOAG,RURAL,2017-04-27,21:25:00,21,JUEVES,4,ABRIL,4,NO,NO MANTENER LA DISTANCIA PRUDENCIAL CON RESPECTO AL VEHICULO QUE LE ANTECEDE.,VOLCAMIENTOS,CAMIONETA,0,0,0,0,1,0,0,0,0,0,0,0,0,1,38,HOMBRE,LESIONADO,CONDUCTOR PRESENTE,NO,NO,3
2954,9192,9193,2017,0,0,-0.093091,-78.479288,PICHINCHA,QUITO,QUITO,URBANA,2017-04-27,22:15:00,22,JUEVES,4,ABRIL,4,NO,NO MANTENER LA DISTANCIA PRUDENCIAL CON RESPECTO AL VEHICULO QUE LE ANTECEDE.,CHOQUE POSTERIOR,AUTOMOVIL,2,0,0,0,0,0,0,0,0,0,0,0,0,2,30,HOMBRE,ILESO,CONDUCTOR PRESENTE,NO,NO,0
2955,9195,9196,2017,0,0,-0.245845,-78.526908,PICHINCHA,QUITO,QUITO,URBANA,2017-04-27,22:30:00,22,JUEVES,4,ABRIL,4,NO,"CONDUCE BAJO LA INFLUENCIA DE ALCOHOL, SUSTANCIAS ESTUPEFACIENTES O PSICOTROPICAS Y/O MEDICAMENTOS.",ESTRELLAMIENTOS,AUTOMOVIL,2,0,0,0,0,0,0,0,0,0,0,0,0,2,35,HOMBRE,ILESO,CONDUCTOR PRESENTE,NO,NO,0
2956,9198,9199,2017,2,0,-0.207754,-78.494507,PICHINCHA,QUITO,QUITO,URBANA,2017-04-27,23:15:00,23,JUEVES,4,ABRIL,4,NO,"CONDUCE BAJO LA INFLUENCIA DE ALCOHOL, SUSTANCIAS ESTUPEFACIENTES O PSICOTROPICAS Y/O MEDICAMENTOS.",PERDIDA DE PISTA,MOTOCICLETA,0,0,0,0,0,0,0,0,1,0,0,0,0,1,23,HOMBRE,LESIONADO,CONDUCTOR PRESENTE,NO,NO,0
2957,9212,9213,2017,0,0,-0.202667,-78.492462,PICHINCHA,QUITO,QUITO,URBANA,2017-04-28,01:30:00,1,VIERNES,5,ABRIL,4,SI,"CONDUCIR EN ESTADO DE SOMNOLENCIA O MALAS CONDICIONES FISICAS (SUENIO, CANSANCIO Y FATIGA).",ESTRELLAMIENTOS,VEHICULO DEPORTIVO UTILITARIO,0,0,0,0,0,0,0,0,0,0,0,0,1,1,-1,NO IDENTIFICADO,NO IDENTIFICADO,CONDUCTOR AUSENTE,NO,NO,2
2958,9221,9222,2017,0,0,-0.198011,-78.466299,PICHINCHA,QUITO,QUITO,RURAL,2017-04-28,08:00:00,8,VIERNES,5,ABRIL,4,SI,"ADELANTAR O REBASAR A OTRO VEHICULO EN MOVIMIENTO EN ZONAS O SITIOS PELIGROSOS TALES COMO: CURVAS, PUENTES, TUNELES, PENDIENTES, ETC.",COLISION,CAMIONETA,1,0,0,0,1,0,0,0,0,1,0,0,0,3,27,HOMBRE,ILESO,CONDUCTOR PRESENTE,NO,NO,3
2959,9222,9223,2017,0,0,-0.242631,-78.512929,PICHINCHA,QUITO,QUITO,URBANA,2017-04-28,08:00:00,8,VIERNES,5,ABRIL,4,SI,NO CEDER EL DERECHO DE VIA O PREFERENCIA DE PASO A VEHICULOS.,CHOQUE LATERAL,AUTOMOVIL,2,0,0,0,0,0,0,0,0,0,0,0,0,2,54,HOMBRE,ILESO,CONDUCTOR PRESENTE,NO,NO,0
2960,9223,9224,2017,1,0,-0.203003,-78.504311,PICHINCHA,QUITO,QUITO,URBANA,2017-04-28,08:05:00,8,VIERNES,5,ABRIL,4,SI,DEJAR O RECOGER PASAJEROS EN LUGARES NO PERMITIDOS.,CAIDA DE PASAJERO,BUS,0,0,1,0,0,0,0,0,0,0,0,0,0,1,32,MUJER,LESIONADO,PASAJERO,NO,NO,0
2961,9227,9228,2017,1,0,-0.165922,-78.468421,PICHINCHA,QUITO,QUITO,URBANA,2017-04-28,10:08:00,10,VIERNES,5,ABRIL,4,SI,NO CEDER EL DERECHO DE VIA O PREFERENCIA DE PASO AL PEATON.,ATROPELLOS,VEHICULO DEPORTIVO UTILITARIO,0,0,0,0,0,0,0,0,0,0,0,0,1,1,67,HOMBRE,LESIONADO,PEATON,NO,NO,0
2962,9231,9232,2017,0,0,-0.261962,-78.522451,PICHINCHA,QUITO,QUITO,URBANA,2017-04-28,11:00:00,11,VIERNES,5,ABRIL,4,SI,"CONDUCIR DESATENTO A LAS CONDICIONES DE TRANSITO (CELULAR, PANTALLAS DE VIDEO, COMIDA, MAQUILLAJE O CUALQUIER OTRO ELEMENTO DISTRACTOR).",OTROS,CAMION,0,0,0,1,0,0,0,0,0,0,0,0,0,1,47,HOMBRE,ILESO,CONDUCTOR PRESENTE,NO,NO,0
2963,9233,9234,2017,0,0,-0.093071,-78.479312,PICHINCHA,QUITO,QUITO,URBANA,2017-04-28,12:05:00,12,VIERNES,5,ABRIL,4,SI,NO GUARDAR LA DISTANCIA LATERAL MINIMA DE SEGURIDAD ENTRE VEHICULOS.,ROZAMIENTOS,AUTOMOVIL,2,0,0,0,0,0,0,0,0,0,0,0,0,2,46,HOMBRE,ILESO,CONDUCTOR PRESENTE,NO,NO,0
2964,9234,9235,2017,1,0,-0.162706,-78.487148,PICHINCHA,QUITO,QUITO,URBANA,2017-04-28,13:45:00,13,VIERNES,5,ABRIL,4,SI,CONDUCIR VEHICULO SUPERANDO LOS LIMITES MAXIMOS DE VELOCIDAD.,CHOQUE POSTERIOR,VEHICULO DEPORTIVO UTILITARIO,0,0,0,0,0,0,0,0,0,1,0,0,1,2,25,MUJER,LESIONADO,CONDUCTOR PRESENTE,NO,NO,0
2965,9235,9236,2017,1,0,-0.297722,-78.486389,PICHINCHA,QUITO,CONOCOTO,RURAL,2017-04-28,14:05:00,14,VIERNES,5,ABRIL,4,SI,NO CEDER EL DERECHO DE VIA O PREFERENCIA DE PASO AL PEATON.,ATROPELLOS,NO IDENTIFICADO,0,0,0,0,0,0,0,0,0,1,0,0,0,1,54,MUJER,LESIONADO,PEATON,NO,NO,3
2966,9237,9238,2017,1,0,-0.136785,-78.473473,PICHINCHA,QUITO,QUITO,URBANA,2017-04-28,15:10:00,15,VIERNES,5,ABRIL,4,SI,NO CEDER EL DERECHO DE VIA O PREFERENCIA DE PASO AL PEATON.,ATROPELLOS,NO IDENTIFICADO,0,0,0,0,0,0,0,0,0,1,0,0,0,1,15,MUJER,LESIONADO,PEATON,NO,NO,0
2967,9241,9242,2017,0,0,-0.202036,-78.433127,PICHINCHA,QUITO,CUMBAYA,RURAL,2017-04-28,16:40:00,16,VIERNES,5,ABRIL,4,SI,"NO RESPETAR LAS SENIALES REGLAMENTARIAS DE TRANSITO. (PARE, CEDA EL PASO, LUZ ROJA DEL SEMAFORO, ETC).",COLISION,AUTOMOVIL,2,0,0,0,0,0,0,0,0,1,0,0,0,3,20,HOMBRE,ILESO,CONDUCTOR PRESENTE,NO,NO,3
2968,9242,9243,2017,1,0,-0.355057,-78.549323,PICHINCHA,QUITO,QUITO,URBANA,2017-04-28,16:50:00,16,VIERNES,5,ABRIL,4,SI,"NO RESPETAR LAS SENIALES REGLAMENTARIAS DE TRANSITO. (PARE, CEDA EL PASO, LUZ ROJA DEL SEMAFORO, ETC).",COLISION,MOTOCICLETA,0,0,0,0,1,0,0,0,2,0,0,0,0,3,6,MUJER,LESIONADO,PASAJERO,NO,NO,0
2969,9246,9247,2017,2,0,-0.199835,-78.482753,PICHINCHA,QUITO,QUITO,URBANA,2017-04-28,18:15:00,18,VIERNES,5,ABRIL,4,SI,PEATON QUE CRUZA LA CALZADA SIN RESPETAR LA SENIALIZACION EXISTENTE (SEMAFOROS O SENIALES MANUALES).,ATROPELLOS,VEHICULO DEPORTIVO UTILITARIO,0,0,0,0,0,0,0,0,0,0,0,0,1,1,48,MUJER,LESIONADO,CONDUCTOR PRESENTE,NO,NO,0
2970,9247,9248,2017,1,0,-0.447301,-78.557972,PICHINCHA,MEJIA,ALOAG,RURAL,2017-04-28,18:50:00,18,VIERNES,5,ABRIL,4,SI,"CONDUCIR DESATENTO A LAS CONDICIONES DE TRANSITO (CELULAR, PANTALLAS DE VIDEO, COMIDA, MAQUILLAJE O CUALQUIER OTRO ELEMENTO DISTRACTOR).",ATROPELLOS,NO IDENTIFICADO,0,0,0,0,0,0,0,0,0,1,0,0,0,1,43,HOMBRE,LESIONADO,PEATON,NO,NO,3
2971,9249,9250,2017,0,0,-0.092069,-78.416661,PICHINCHA,QUITO,CALDERON (CARAPUNGO),RURAL,2017-04-28,19:21:00,19,VIERNES,5,ABRIL,4,SI,NO CEDER EL DERECHO DE VIA O PREFERENCIA DE PASO A VEHICULOS.,CHOQUE LATERAL,VEHICULO DEPORTIVO UTILITARIO,1,0,0,0,0,0,0,0,0,0,0,0,1,2,22,HOMBRE,ILESO,CONDUCTOR PRESENTE,NO,NO,3
2972,9250,9251,2017,0,0,-0.237667,-78.484685,PICHINCHA,QUITO,QUITO,URBANA,2017-04-28,20:55:00,20,VIERNES,5,ABRIL,4,SI,NO MANTENER LA DISTANCIA PRUDENCIAL CON RESPECTO AL VEHICULO QUE LE ANTECEDE.,CHOQUE POSTERIOR,MOTOCICLETA,0,0,0,0,0,0,0,0,1,1,0,0,0,2,39,HOMBRE,ILESO,CONDUCTOR PRESENTE,NO,NO,0
2973,9252,9253,2017,0,0,-0.206654,-78.504385,PICHINCHA,QUITO,QUITO,URBANA,2017-04-28,21:00:00,21,VIERNES,5,ABRIL,4,SI,"CONDUCIR DESATENTO A LAS CONDICIONES DE TRANSITO (CELULAR, PANTALLAS DE VIDEO, COMIDA, MAQUILLAJE O CUALQUIER OTRO ELEMENTO DISTRACTOR).",ESTRELLAMIENTOS,VEHICULO DEPORTIVO UTILITARIO,0,0,0,0,0,0,0,0,0,1,0,0,1,2,42,HOMBRE,ILESO,CONDUCTOR PRESENTE,NO,NO,0
2974,9255,9256,2017,1,0,-0.444088,-78.556111,PICHINCHA,MEJIA,ALOAG,RURAL,2017-04-28,22:00:00,22,VIERNES,5,ABRIL,4,SI,NO MANTENER LA DISTANCIA PRUDENCIAL CON RESPECTO AL VEHICULO QUE LE ANTECEDE.,CHOQUE FRONTAL,MOTOCICLETA,0,0,0,0,1,0,0,0,1,0,0,0,0,2,27,HOMBRE,LESIONADO,CONDUCTOR PRESENTE,NO,NO,3
2975,9256,9257,2017,0,0,-0.187808,-78.444336,PICHINCHA,QUITO,NAYON,RURAL,2017-04-28,22:10:00,22,VIERNES,5,ABRIL,4,SI,"NO RESPETAR LAS SENIALES REGLAMENTARIAS DE TRANSITO. (PARE, CEDA EL PASO, LUZ ROJA DEL SEMAFORO, ETC).",COLISION,VEHICULO DEPORTIVO UTILITARIO,1,0,0,0,0,0,0,0,0,0,0,0,2,3,24,HOMBRE,ILESO,CONDUCTOR PRESENTE,NO,NO,3