,Unnamed: 0,ID,ANIO,LESIONADOS,FALLECIDOS,LATITUD_Y,LONGITUD_X,PROVINCIA,CANTON,PARROQUIA,ZONA,FECHA,HORA,PERIODO_2,DIA_1,DIA_2,MES_1,MES_2,FERIADO,CAUSA_PROBABLE,TIPO_DE_SINIESTRO,TIPO_DE_VEHICULO_1,AUTOMOVIL,BICICLETA,BUS,CAMION,CAMIONETA,EMERGENCIAS,ESPECIAL,FURGONETA,MOTOCICLETA,NO_IDENTIFICADO,SCOOTER_ELECTRICO,TRICIMOTO,VEHICULO_DEPORTIVO_UTILITARIO,SUMA_DE_VEHICULOS,EDAD_1,SEXO_1,CONDICION_1,PARTICIPANTE_1,CASCO_1,CINTURON_1,KMeans_Cluster
2976,9259,9260,2017,0,0,-0.292724,-78.474786,PICHINCHA,QUITO,CONOCOTO,RURAL,2017-04-28,22:39:00,22,VIERNES,5,ABRIL,4,SI,CONDUCIR VEHICULO SUPERANDO LOS LIMITES MAXIMOS DE VELOCIDAD.,ESTRELLAMIENTOS,VEHICULO DEPORTIVO UTILITARIO,0,0,0,0,0,0,0,0,0,0,0,0,1,1,58,HOMBRE,ILESO,CONDUCTOR PRESENTE,NO,NO,3
2977,9260,9261,2017,2,0,-0.190863,-78.486172,PICHINCHA,QUITO,QUITO,URBANA,2017-04-28,23:00:00,23,VIERNES,5,ABRIL,4,SI,"CASO FORTUITO O FUERZA MAYOR (EXPLOSION DE NEUMATICO NUEVO, DERRUMBE, INUNDACION, CAIDA DE PUENTE, ARBOL, PRESENCIA INTEMPESTIVA E IMPREVISTA DE SEMOVIENTES EN LA VIA, ETC.).",OTROS,NO IDENTIFICADO,0,0,0,0,0,0,0,0,0,1,0,0,0,1,4,HOMBRE,LESIONADO,PASAJERO,NO,NO,0
2978,9262,9263,2017,0,0,-0.204128,-78.487467,PICHINCHA,QUITO,QUITO,RURAL,2017-04-28,23:30:00,23,VIERNES,5,ABRIL,4,SI,"CONDUCE BAJO LA INFLUENCIA DE ALCOHOL, SUSTANCIAS ESTUPEFACIENTES O PSICOTROPICAS Y/O MEDICAMENTOS.",CHOQUE LATERAL,AUTOMOVIL,1,0,0,0,1,0,0,0,0,0,0,0,0,2,40,HOMBRE,ILESO,CONDUCTOR PRESENTE,NO,NO,3
2979,9285,9286,2017,1,0,-0.141096,-78.500985,PICHINCHA,QUITO,QUITO,URBANA,2017-04-29,00:45:00,0,SABADO,6,ABRIL,4,SI,NO TRANSITAR POR LAS ACERAS O ZONAS DE SEGURIDAD DESTINADAS PARA EL EFECTO.,ATROPELLOS,NO IDENTIFICADO,0,0,0,0,0,0,0,0,0,1,0,0,0,1,37,HOMBRE,LESIONADO,PEATON,NO,NO,0
2980,9292,9293,2017,0,0,-0.210875,-78.482517,PICHINCHA,QUITO,QUITO,URBANA,2017-04-29,03:15:00,3,SABADO,6,ABRIL,4,SI,"CONDUCE BAJO LA INFLUENCIA DE ALCOHOL, SUSTANCIAS ESTUPEFACIENTES O PSICOTROPICAS Y/O MEDICAMENTOS.",ROZAMIENTOS,AUTOMOVIL,2,0,0,0,0,0,0,0,0,0,0,0,0,2,30,MUJER,ILESO,CONDUCTOR PRESENTE,NO,NO,0
2981,9294,9295,2017,1,0,-0.210558,-78.386186,PICHINCHA,QUITO,TUMBACO,RURAL,2017-04-29,03:30:00,3,SABADO,6,ABRIL,4,SI,"CONDUCIR EN ESTADO DE SOMNOLENCIA O MALAS CONDICIONES FISICAS (SUENIO, CANSANCIO Y FATIGA).",ESTRELLAMIENTOS,MOTOCICLETA,0,0,0,0,0,0,0,0,1,0,0,0,0,1,28,HOMBRE,LESIONADO,CONDUCTOR PRESENTE,NO,NO,3
2982,9295,9296,2017,0,0,-0.105568,-78.497653,PICHINCHA,QUITO,QUITO,URBANA,2017-04-29,04:03:00,4,SABADO,6,ABRIL,4,SI,"CONDUCIR EN ESTADO DE SOMNOLENCIA O MALAS CONDICIONES FISICAS (SUENIO, CANSANCIO Y FATIGA).",ESTRELLAMIENTOS,FURGONETA,0,0,0,0,0,0,0,1,0,0,0,0,0,1,-1,NO IDENTIFICADO,NO IDENTIFICADO,CONDUCTOR AUSENTE,NO,NO,2
2983,9299,9300,2017,0,0,-0.062211,-78.432685,PICHINCHA,QUITO,CALDERON (CARAPUNGO),RURAL,2017-04-29,05:00:00,5,SABADO,6,ABRIL,4,SI,"CONDUCIR EN ESTADO DE SOMNOLENCIA O MALAS CONDICIONES FISICAS (SUENIO, CANSANCIO Y FATIGA).",ESTRELLAMIENTOS,CAMIONETA,0,0,0,0,1,0,0,0,0,0,0,0,0,1,-1,NO IDENTIFICADO,NO IDENTIFICADO,CONDUCTOR AUSENTE,NO,NO,2
2984,9300,9301,2017,0,0,-0.246222,-78.513474,PICHINCHA,QUITO,QUITO,URBANA,2017-04-29,05:40:00,5,SABADO,6,ABRIL,4,SI,"CONDUCIR EN ESTADO DE SOMNOLENCIA O MALAS CONDICIONES FISICAS (SUENIO, CANSANCIO Y FATIGA).",ESTRELLAMIENTOS,VEHICULO DEPORTIVO UTILITARIO,0,0,0,0,0,0,0,0,0,0,0,0,1,1,-1,NO IDENTIFICADO,NO IDENTIFICADO,CONDUCTOR AUSENTE,NO,NO,2
2985,9305,9306,2017,0,0,-0.505765,-78.569866,PICHINCHA,MEJIA,MACHACHI,RURAL,2017-04-29,08:00:00,8,SABADO,6,ABRIL,4,SI,"CASO FORTUITO O FUERZA MAYOR (EXPLOSION DE NEUMATICO NUEVO, DERRUMBE, INUNDACION, CAIDA DE PUENTE, ARBOL, PRESENCIA INTEMPESTIVA E IMPREVISTA DE SEMOVIENTES EN LA VIA, ETC.).",CHOQUE FRONTAL,CAMION,0,0,0,1,0,0,0,0,0,0,0,0,0,1,37,HOMBRE,ILESO,CONDUCTOR PRESENTE,NO,NO,3
2986,9311,9312,2017,1,0,-0.259856,-78.516245,PICHINCHA,QUITO,QUITO,URBANA,2017-04-29,11:10:00,11,SABADO,6,ABRIL,4,SI,NO GUARDAR LA DISTANCIA LATERAL MINIMA DE SEGURIDAD ENTRE VEHICULOS.,ROZAMIENTOS,MOTOCICLETA,0,0,0,0,0,0,0,0,1,1,0,0,0,2,50,HOMBRE,LESIONADO,CONDUCTOR PRESENTE,NO,NO,0
2987,9312,9313,2017,1,0,-0.309753,-78.552531,PICHINCHA,QUITO,QUITO,URBANA,2017-04-29,11:15:00,11,SABADO,6,ABRIL,4,SI,DEJAR O RECOGER PASAJEROS EN LUGARES NO PERMITIDOS.,CAIDA DE PASAJERO,NO IDENTIFICADO,0,0,0,0,0,0,0,0,0,1,0,0,0,1,8,MUJER,LESIONADO,PASAJERO,NO,NO,0
2988,9319,9320,2017,1,0,-0.243922,-78.539909,PICHINCHA,QUITO,QUITO,URBANA,2017-04-29,13:00:00,13,SABADO,6,ABRIL,4,SI,NO CEDER EL DERECHO DE VIA O PREFERENCIA DE PASO AL PEATON.,ATROPELLOS,AUTOMOVIL,1,0,0,0,0,0,0,0,0,0,0,0,0,1,60,MUJER,LESIONADO,PEATON,NO,NO,0
2989,9320,9321,2017,0,0,-0.235124,-78.525561,PICHINCHA,QUITO,QUITO,URBANA,2017-04-29,13:15:00,13,SABADO,6,ABRIL,4,SI,NO MANTENER LA DISTANCIA PRUDENCIAL CON RESPECTO AL VEHICULO QUE LE ANTECEDE.,CHOQUE POSTERIOR,AUTOMOVIL,2,0,0,0,0,0,0,0,0,0,0,0,0,2,23,HOMBRE,ILESO,CONDUCTOR PRESENTE,NO,NO,0
2990,9324,9325,2017,1,0,-0.113805,-78.498895,PICHINCHA,QUITO,QUITO,URBANA,2017-04-29,14:35:00,14,SABADO,6,ABRIL,4,SI,"NO RESPETAR LAS SENIALES REGLAMENTARIAS DE TRANSITO. (PARE, CEDA EL PASO, LUZ ROJA DEL SEMAFORO, ETC).",OTROS,MOTOCICLETA,0,0,0,0,0,0,0,0,1,1,0,0,0,2,26,HOMBRE,LESIONADO,CONDUCTOR PRESENTE,NO,NO,0
2991,9325,9326,2017,1,0,-0.181249,-78.505204,PICHINCHA,QUITO,QUITO,URBANA,2017-04-29,14:45:00,14,SABADO,6,ABRIL,4,SI,CONDUCIR VEHICULO SUPERANDO LOS LIMITES MAXIMOS DE VELOCIDAD.,ESTRELLAMIENTOS,CAMION,0,0,0,1,0,0,0,0,0,0,0,0,0,1,67,HOMBRE,LESIONADO,CONDUCTOR PRESENTE,NO,NO,0
2992,9337,9338,2017,0,0,-0.212972,-78.495598,PICHINCHA,QUITO,QUITO,URBANA,2017-04-29,17:10:00,17,SABADO,6,ABRIL,4,SI,"CONDUCE BAJO LA INFLUENCIA DE ALCOHOL, SUSTANCIAS ESTUPEFACIENTES O PSICOTROPICAS Y/O MEDICAMENTOS.",ESTRELLAMIENTOS,AUTOMOVIL,1,0,0,0,0,0,0,0,0,0,0,0,1,2,28,HOMBRE,ILESO,CONDUCTOR PRESENTE,NO,NO,0
2993,9338,9339,2017,0,0,-0.174397,-78.501207,PICHINCHA,QUITO,QUITO,URBANA,2017-04-29,17:10:00,17,SABADO,6,ABRIL,4,SI,NO CEDER EL DERECHO DE VIA O PREFERENCIA DE PASO A VEHICULOS.,CHOQUE LATERAL,AUTOMOVIL,2,0,0,0,0,0,0,0,0,0,0,0,0,2,47,HOMBRE,ILESO,CONDUCTOR PRESENTE,NO,NO,0
2994,9344,9345,2017,1,0,-0.280841,-78.548733,PICHINCHA,QUITO,QUITO,URBANA,2017-04-29,17:35:00,17,SABADO,6,ABRIL,4,SI,"NO RESPETAR LAS SENIALES REGLAMENTARIAS DE TRANSITO. (PARE, CEDA EL PASO, LUZ ROJA DEL SEMAFORO, ETC).",CHOQUE LATERAL,AUTOMOVIL,2,0,0,0,0,0,0,0,0,0,0,0,0,2,27,MUJER,LESIONADO,CONDUCTOR PRESENTE,NO,NO,0
2995,9348,9349,2017,0,0,-0.332181,-78.434226,PICHINCHA,RUMINIAHUI,SANGOLQUI,URBANA,2017-04-29,18:40:00,18,SABADO,6,ABRIL,4,SI,"CONDUCE BAJO LA INFLUENCIA DE ALCOHOL, SUSTANCIAS ESTUPEFACIENTES O PSICOTROPICAS Y/O MEDICAMENTOS.",CHOQUE POSTERIOR,AUTOMOVIL,1,0,0,0,1,0,0,0,0,0,0,0,0,2,69,HOMBRE,ILESO,CONDUCTOR PRESENTE,NO,NO,0
2996,9349,9350,2017,0,0,-0.246122,-78.520731,PICHINCHA,QUITO,QUITO,URBANA,2017-04-29,18:40:00,18,SABADO,6,ABRIL,4,SI,"CONDUCE BAJO LA INFLUENCIA DE ALCOHOL, SUSTANCIAS ESTUPEFACIENTES O PSICOTROPICAS Y/O MEDICAMENTOS.",CHOQUE LATERAL,AUTOMOVIL,1,0,0,0,0,0,0,0,1,0,0,0,0,2,37,HOMBRE,ILESO,CONDUCTOR PRESENTE,NO,NO,0
2997,9352,9353,2017,1,0,-0.065484,-78.363112,PICHINCHA,QUITO,GUAYLLABAMBA,RURAL,2017-04-29,18:45:00,18,SABADO,6,ABRIL,4,SI,NO GUARDAR LA DISTANCIA LATERAL MINIMA DE SEGURIDAD ENTRE VEHICULOS.,CHOQUE LATERAL,MOTOCICLETA,0,0,0,0,0,0,0,0,1,0,0,0,0,1,23,HOMBRE,LESIONADO,PEATON,NO,NO,3
2998,9354,9355,2017,0,0,-0.175173,-78.488424,PICHINCHA,QUITO,QUITO,URBANA,2017-04-29,19:45:00,19,SABADO,6,ABRIL,4,SI,"CONDUCIR DESATENTO A LAS CONDICIONES DE TRANSITO (CELULAR, PANTALLAS DE VIDEO, COMIDA, MAQUILLAJE O CUALQUIER OTRO ELEMENTO DISTRACTOR).",ESTRELLAMIENTOS,AUTOMOVIL,1,0,0,0,0,0,0,0,0,0,0,0,0,1,-1,NO IDENTIFICADO,NO IDENTIFICADO,CONDUCTOR AUSENTE,NO,NO,2
2999,9355,9356,2017,0,0,-0.140269,-78.507672,PICHINCHA,QUITO,QUITO,URBANA,2017-04-29,19:50:00,19,SABADO,6,ABRIL,4,SI,"CONDUCIR DESATENTO A LAS CONDICIONES DE TRANSITO (CELULAR, PANTALLAS DE VIDEO, COMIDA, MAQUILLAJE O CUALQUIER OTRO ELEMENTO DISTRACTOR).",ESTRELLAMIENTOS,CAMIONETA,0,0,0,0,1,0,0,0,0,1,0,0,0,2,58,HOMBRE,ILESO,CONDUCTOR PRESENTE,NO,NO,0
3000,9366,9367,2017,0,0,-0.212824,-78.402686,PICHINCHA,QUITO,TUMBACO,RURAL,2017-04-29,22:45:00,22,SABADO,6,ABRIL,4,SI,NO CEDER EL DERECHO DE VIA O PREFERENCIA DE PASO A VEHICULOS.,CHOQUE LATERAL,AUTOMOVIL,1,0,0,0,0,0,0,0,0,1,0,0,0,2,24,HOMBRE,ILESO,CONDUCTOR PRESENTE,NO,NO,3
3001,9370,9371,2017,0,0,-0.243671,-78.485361,PICHINCHA,QUITO,QUITO,URBANA,2017-04-29,23:50:00,23,SABADO,6,ABRIL,4,SI,NO TRANSITAR POR LAS ACERAS O ZONAS DE SEGURIDAD DESTINADAS PARA EL EFECTO.,ATROPELLOS,VEHICULO DEPORTIVO UTILITARIO,0,0,0,0,0,0,0,0,0,0,0,0,1,1,31,HOMBRE,ILESO,CONDUCTOR PRESENTE,NO,NO,0
3002,9396,9397,2017,0,0,-0.007902,-78.447128,PICHINCHA,QUITO,SAN ANTONIO (QUITO),RURAL,2017-04-30,00:00:00,0,DOMINGO,7,ABRIL,4,SI,"CONDUCIR EN ESTADO DE SOMNOLENCIA O MALAS CONDICIONES FISICAS (SUENIO, CANSANCIO Y FATIGA).",ESTRELLAMIENTOS,AUTOMOVIL,1,0,0,0,0,0,0,0,0,0,0,0,0,1,59,HOMBRE,ILESO,CONDUCTOR PRESENTE,NO,NO,3
3003,9411,9412,2017,0,0,-0.122458,-78.513584,PICHINCHA,QUITO,QUITO,URBANA,2017-04-30,03:45:00,3,DOMINGO,7,ABRIL,4,SI,"CONDUCIR EN ESTADO DE SOMNOLENCIA O MALAS CONDICIONES FISICAS (SUENIO, CANSANCIO Y FATIGA).",ESTRELLAMIENTOS,CAMIONETA,0,0,0,0,1,0,0,0,0,0,0,0,0,1,-1,NO IDENTIFICADO,NO IDENTIFICADO,CONDUCTOR AUSENTE,NO,NO,2
3004,9413,9414,2017,0,0,-0.191157,-78.496173,PICHINCHA,QUITO,QUITO,URBANA,2017-04-30,04:00:00,4,DOMINGO,7,ABRIL,4,SI,"CONDUCIR EN ESTADO DE SOMNOLENCIA O MALAS CONDICIONES FISICAS (SUENIO, CANSANCIO Y FATIGA).",ESTRELLAMIENTOS,AUTOMOVIL,1,0,0,0,0,0,0,0,0,0,0,0,0,1,-1,NO IDENTIFICADO,NO IDENTIFICADO,CONDUCTOR AUSENTE,NO,NO,2
3005,9415,9416,2017,1,0,-0.175534,-78.488304,PICHINCHA,QUITO,QUITO,URBANA,2017-04-30,05:00:00,5,DOMINGO,7,ABRIL,4,SI,"CONDUCIR EN ESTADO DE SOMNOLENCIA O MALAS CONDICIONES FISICAS (SUENIO, CANSANCIO Y FATIGA).",ESTRELLAMIENTOS,AUTOMOVIL,1,0,0,0,0,0,0,0,0,0,0,0,0,1,27,HOMBRE,LESIONADO,CONDUCTOR PRESENTE,NO,NO,0
3006,9417,9418,2017,0,0,-0.090945,-78.476083,PICHINCHA,QUITO,QUITO,URBANA,2017-04-30,05:40:00,5,DOMINGO,7,ABRIL,4,SI,"CONDUCE BAJO LA INFLUENCIA DE ALCOHOL, SUSTANCIAS ESTUPEFACIENTES O PSICOTROPICAS Y/O MEDICAMENTOS.",COLISION,AUTOMOVIL,2,0,0,0,0,0,0,0,0,0,0,0,1,3,25,HOMBRE,ILESO,CONDUCTOR PRESENTE,NO,NO,0
3007,9418,9419,2017,0,0,-0.207333,-78.503827,PICHINCHA,QUITO,QUITO,URBANA,2017-04-30,06:05:00,6,DOMINGO,7,ABRIL,4,SI,"CONDUCIR DESATENTO A LAS CONDICIONES DE TRANSITO (CELULAR, PANTALLAS DE VIDEO, COMIDA, MAQUILLAJE O CUALQUIER OTRO ELEMENTO DISTRACTOR).",ESTRELLAMIENTOS,AUTOMOVIL,1,0,0,0,0,0,0,0,0,0,0,0,0,1,-1,NO IDENTIFICADO,NO IDENTIFICADO,CONDUCTOR AUSENTE,NO,NO,2
3008,9419,9420,2017,1,0,-0.243921,-78.539909,PICHINCHA,QUITO,QUITO,URBANA,2017-04-30,07:40:00,7,DOMINGO,7,ABRIL,4,SI,"NO RESPETAR LAS SENIALES REGLAMENTARIAS DE TRANSITO. (PARE, CEDA EL PASO, LUZ ROJA DEL SEMAFORO, ETC).",CHOQUE LATERAL,MOTOCICLETA,0,0,0,0,0,0,0,0,1,1,0,0,0,2,28,HOMBRE,LESIONADO,CONDUCTOR PRESENTE,NO,NO,0
3009,9428,9429,2017,1,0,-0.209795,-78.404284,PICHINCHA,QUITO,TUMBACO,RURAL,2017-04-30,09:58:00,9,DOMINGO,7,ABRIL,4,SI,CONDUCIR VEHICULO SUPERANDO LOS LIMITES MAXIMOS DE VELOCIDAD.,ESTRELLAMIENTOS,MOTOCICLETA,0,0,0,0,0,0,0,0,1,0,0,0,0,1,25,MUJER,LESIONADO,PASAJERO,NO,NO,3
3010,9436,9437,2017,0,0,-0.147195,-78.469372,PICHINCHA,QUITO,QUITO,RURAL,2017-04-30,11:40:00,11,DOMINGO,7,ABRIL,4,SI,"CONDUCE BAJO LA INFLUENCIA DE ALCOHOL, SUSTANCIAS ESTUPEFACIENTES O PSICOTROPICAS Y/O MEDICAMENTOS.",CHOQUE FRONTAL,AUTOMOVIL,2,0,0,0,0,0,0,0,0,0,0,0,0,2,26,HOMBRE,ILESO,CONDUCTOR PRESENTE,NO,NO,3
3011,9437,9438,2017,1,0,-0.262681,-78.547311,PICHINCHA,QUITO,QUITO,URBANA,2017-04-30,12:00:00,12,DOMINGO,7,ABRIL,4,SI,"CONDUCE BAJO LA INFLUENCIA DE ALCOHOL, SUSTANCIAS ESTUPEFACIENTES O PSICOTROPICAS Y/O MEDICAMENTOS.",CHOQUE LATERAL,AUTOMOVIL,1,1,0,0,0,0,0,0,0,0,0,0,0,2,70,HOMBRE,LESIONADO,CONDUCTOR PRESENTE,NO,NO,0
3012,9446,9447,2017,0,0,-0.144667,-78.483495,PICHINCHA,QUITO,QUITO,URBANA,2017-04-30,14:30:00,14,DOMINGO,7,ABRIL,4,SI,"NO RESPETAR LAS SENIALES REGLAMENTARIAS DE TRANSITO. (PARE, CEDA EL PASO, LUZ ROJA DEL SEMAFORO, ETC).",CHOQUE LATERAL,VEHICULO DEPORTIVO UTILITARIO,0,0,0,0,0,0,0,0,0,1,0,0,1,2,45,HOMBRE,ILESO,CONDUCTOR PRESENTE,NO,NO,0
3013,9447,9448,2017,0,0,-0.291393,-78.558156,PICHINCHA,QUITO,QUITO,URBANA,2017-04-30,14:50:00,14,DOMINGO,7,ABRIL,4,SI,NO GUARDAR LA DISTANCIA LATERAL MINIMA DE SEGURIDAD ENTRE VEHICULOS.,ROZAMIENTOS,AUTOMOVIL,2,0,0,0,0,0,0,0,0,0,0,0,0,2,62,HOMBRE,ILESO,CONDUCTOR PRESENTE,NO,NO,0
3014,9448,9449,2017,0,0,-0.171095,-78.490623,PICHINCHA,QUITO,QUITO,URBANA,2017-04-30,15:10:00,15,DOMINGO,7,ABRIL,4,SI,"NO RESPETAR LAS SENIALES REGLAMENTARIAS DE TRANSITO. (PARE, CEDA EL PASO, LUZ ROJA DEL SEMAFORO, ETC).",CHOQUE LATERAL,AUTOMOVIL,2,0,0,0,0,0,0,0,0,0,0,0,0,2,25,HOMBRE,ILESO,CONDUCTOR PRESENTE,NO,NO,0
3015,9454,9455,2017,0,0,-0.165513,-78.323734,PICHINCHA,QUITO,YARUQUI,RURAL,2017-04-30,17:30:00,17,DOMINGO,7,ABRIL,4,SI,NO MANTENER LA DISTANCIA PRUDENCIAL CON RESPECTO AL VEHICULO QUE LE ANTECEDE.,COLISION,AUTOMOVIL,1,0,0,1,0,0,0,0,0,0,0,0,1,3,54,HOMBRE,ILESO,CONDUCTOR PRESENTE,NO,NO,3
3016,9461,9462,2017,1,0,-0.208844,-78.335604,PICHINCHA,QUITO,YARUQUI,RURAL,2017-04-30,19:45:00,19,DOMINGO,7,ABRIL,4,SI,CONDUCIR VEHICULO SUPERANDO LOS LIMITES MAXIMOS DE VELOCIDAD.,PERDIDA DE PISTA,MOTOCICLETA,0,0,0,0,0,0,0,0,1,0,0,0,0,1,47,HOMBRE,LESIONADO,CONDUCTOR PRESENTE,NO,NO,3
3017,9464,9465,2017,1,0,-0.252983,-78.519795,PICHINCHA,QUITO,QUITO,URBANA,2017-04-30,20:20:00,20,DOMINGO,7,ABRIL,4,SI,NO CEDER EL DERECHO DE VIA O PREFERENCIA DE PASO AL PEATON.,ATROPELLOS,NO IDENTIFICADO,0,0,0,0,0,0,0,0,0,1,0,0,0,1,-1,HOMBRE,LESIONADO,PEATON,NO,NO,0
3018,9466,9467,2017,0,0,-0.102091,-78.497388,PICHINCHA,QUITO,QUITO,URBANA,2017-04-30,21:43:00,21,DOMINGO,7,ABRIL,4,SI,NO MANTENER LA DISTANCIA PRUDENCIAL CON RESPECTO AL VEHICULO QUE LE ANTECEDE.,CHOQUE POSTERIOR,AUTOMOVIL,1,0,0,0,0,0,0,0,0,1,0,0,0,2,39,MUJER,ILESO,CONDUCTOR PRESENTE,NO,NO,0
3019,9467,9468,2017,0,0,-0.106893,-78.480683,PICHINCHA,QUITO,QUITO,URBANA,2017-04-30,22:20:00,22,DOMINGO,7,ABRIL,4,SI,"CONDUCIR EN ESTADO DE SOMNOLENCIA O MALAS CONDICIONES FISICAS (SUENIO, CANSANCIO Y FATIGA).",ESTRELLAMIENTOS,NO IDENTIFICADO,0,0,0,0,0,0,0,0,0,1,0,0,0,1,-1,NO IDENTIFICADO,NO IDENTIFICADO,CONDUCTOR AUSENTE,NO,NO,2
3020,9469,9470,2017,1,0,-0.129458,-78.476529,PICHINCHA,QUITO,QUITO,URBANA,2017-04-30,22:50:00,22,DOMINGO,7,ABRIL,4,SI,"NO RESPETAR LAS SENIALES REGLAMENTARIAS DE TRANSITO. (PARE, CEDA EL PASO, LUZ ROJA DEL SEMAFORO, ETC).",CHOQUE LATERAL,AUTOMOVIL,2,0,0,0,0,0,0,0,0,0,0,0,0,2,32,HOMBRE,LESIONADO,CONDUCTOR PRESENTE,NO,NO,0
3021,9497,9498,2017,0,0,-0.203333,-78.483055,PICHINCHA,QUITO,QUITO,URBANA,2017-05-01,00:55:00,0,LUNES,1,MAYO,5,SI,"CONDUCIR EN ESTADO DE SOMNOLENCIA O MALAS CONDICIONES FISICAS (SUENIO, CANSANCIO Y FATIGA).",ESTRELLAMIENTOS,AUTOMOVIL,1,0,0,0,0,0,0,0,0,0,0,0,0,1,-1,NO IDENTIFICADO,NO IDENTIFICADO,CONDUCTOR AUSENTE,NO,NO,2
3022,9499,9500,2017,2,0,-0.123551,-78.426711,PICHINCHA,QUITO,CALDERON (CARAPUNGO),RURAL,2017-05-01,01:30:00,1,LUNES,1,MAYO,5,SI,"NO RESPETAR LAS SENIALES REGLAMENTARIAS DE TRANSITO. (PARE, CEDA EL PASO, LUZ ROJA DEL SEMAFORO, ETC).",CHOQUE LATERAL,AUTOMOVIL,1,0,0,0,0,0,0,0,0,1,0,0,0,2,55,HOMBRE,LESIONADO,PASAJERO,NO,NO,3
3023,9500,9501,2017,0,0,-0.328479,-78.522294,PICHINCHA,QUITO,QUITO,URBANA,2017-05-01,01:30:00,1,LUNES,1,MAYO,5,SI,CONDUCIR VEHICULO SUPERANDO LOS LIMITES MAXIMOS DE VELOCIDAD.,ESTRELLAMIENTOS,AUTOMOVIL,1,0,0,0,0,0,0,0,0,0,0,0,0,1,-1,NO IDENTIFICADO,NO IDENTIFICADO,CONDUCTOR AUSENTE,NO,NO,2
3024,9501,9502,2017,0,0,-0.102211,-78.453657,PICHINCHA,QUITO,CALDERON (CARAPUNGO),RURAL,2017-05-01,02:50:00,2,LUNES,1,MAYO,5,SI,"CONDUCIR EN ESTADO DE SOMNOLENCIA O MALAS CONDICIONES FISICAS (SUENIO, CANSANCIO Y FATIGA).",ESTRELLAMIENTOS,CAMIONETA,0,0,0,0,1,0,0,0,0,0,0,0,0,1,-1,NO IDENTIFICADO,NO IDENTIFICADO,CONDUCTOR AUSENTE,NO,NO,2
3025,9502,9503,2017,0,0,-0.240588,-78.522128,PICHINCHA,QUITO,QUITO,URBANA,2017-05-01,03:00:00,3,LUNES,1,MAYO,5,SI,"CONDUCIR EN ESTADO DE SOMNOLENCIA O MALAS CONDICIONES FISICAS (SUENIO, CANSANCIO Y FATIGA).",ESTRELLAMIENTOS,MOTOCICLETA,0,0,0,0,0,0,0,0,1,0,0,0,0,1,-1,NO IDENTIFICADO,NO IDENTIFICADO,CONDUCTOR AUSENTE,NO,NO,2
3026,9503,9504,2017,0,0,-0.097992,-78.470302,PICHINCHA,QUITO,QUITO,URBANA,2017-05-01,04:50:00,4,LUNES,1,MAYO,5,SI,"CONDUCIR EN ESTADO DE SOMNOLENCIA O MALAS CONDICIONES FISICAS (SUENIO, CANSANCIO Y FATIGA).",CHOQUE LATERAL,AUTOMOVIL,2,0,0,0,0,0,0,0,0,0,0,0,0,2,60,HOMBRE,ILESO,CONDUCTOR PRESENTE,NO,NO,0
3027,9504,9505,2017,1,0,-0.099083,-78.421844,PICHINCHA,QUITO,CALDERON (CARAPUNGO),RURAL,2017-05-01,08:00:00,8,LUNES,1,MAYO,5,SI,CONDUCIR VEHICULO SUPERANDO LOS LIMITES MAXIMOS DE VELOCIDAD.,OTROS,AUTOMOVIL,1,0,0,0,0,0,0,0,0,0,0,0,0,1,73,MUJER,LESIONADO,PASAJERO,NO,NO,3
3028,9505,9506,2017,0,0,-0.293089,-78.449627,PICHINCHA,QUITO,ALANGASI,RURAL,2017-05-01,10:55:00,10,LUNES,1,MAYO,5,SI,NO MANTENER LA DISTANCIA PRUDENCIAL CON RESPECTO AL VEHICULO QUE LE ANTECEDE.,CHOQUE POSTERIOR,VEHICULO DEPORTIVO UTILITARIO,0,0,0,0,0,0,0,0,0,1,0,0,1,2,28,HOMBRE,ILESO,CONDUCTOR PRESENTE,NO,NO,3
3029,9510,9511,2017,1,0,-0.298771,-78.547256,PICHINCHA,QUITO,QUITO,URBANA,2017-05-01,12:18:00,12,LUNES,1,MAYO,5,SI,"NO RESPETAR LAS SENIALES REGLAMENTARIAS DE TRANSITO. (PARE, CEDA EL PASO, LUZ ROJA DEL SEMAFORO, ETC).",CHOQUE LATERAL,CAMIONETA,0,1,0,0,1,0,0,0,0,0,0,0,0,2,18,MUJER,LESIONADO,CONDUCTOR PRESENTE,NO,NO,0
3030,9513,9514,2017,0,0,-0.204389,-78.503974,PICHINCHA,QUITO,QUITO,URBANA,2017-05-01,14:55:00,14,LUNES,1,MAYO,5,SI,"CONDUCIR DESATENTO A LAS CONDICIONES DE TRANSITO (CELULAR, PANTALLAS DE VIDEO, COMIDA, MAQUILLAJE O CUALQUIER OTRO ELEMENTO DISTRACTOR).",ESTRELLAMIENTOS,AUTOMOVIL,2,0,0,0,1,0,0,0,0,1,0,0,0,4,-1,NO IDENTIFICADO,NO IDENTIFICADO,CONDUCTOR AUSENTE,NO,NO,2
3031,9514,9515,2017,1,0,-0.130726,-78.487287,PICHINCHA,QUITO,QUITO,URBANA,2017-05-01,14:55:00,14,LUNES,1,MAYO,5,SI,"NO RESPETAR LAS SENIALES REGLAMENTARIAS DE TRANSITO. (PARE, CEDA EL PASO, LUZ ROJA DEL SEMAFORO, ETC).",CHOQUE LATERAL,VEHICULO DEPORTIVO UTILITARIO,0,0,0,0,0,0,0,0,1,0,0,0,1,2,25,MUJER,LESIONADO,PASAJERO,NO,NO,0
3032,9515,9516,2017,0,0,-0.387014,-78.534993,PICHINCHA,MEJIA,UYUMBICHO,RURAL,2017-05-01,15:00:00,15,LUNES,1,MAYO,5,SI,NO MANTENER LA DISTANCIA PRUDENCIAL CON RESPECTO AL VEHICULO QUE LE ANTECEDE.,ESTRELLAMIENTOS,CAMIONETA,0,0,0,0,1,0,0,0,0,0,0,0,0,1,79,HOMBRE,ILESO,CONDUCTOR PRESENTE,NO,NO,3