,Unnamed: 0,ID,ANIO,LESIONADOS,FALLECIDOS,LATITUD_Y,LONGITUD_X,PROVINCIA,CANTON,PARROQUIA,ZONA,FECHA,HORA,PERIODO_2,DIA_1,DIA_2,MES_1,MES_2,FERIADO,CAUSA_PROBABLE,TIPO_DE_SINIESTRO,TIPO_DE_VEHICULO_1,AUTOMOVIL,BICICLETA,BUS,CAMION,CAMIONETA,EMERGENCIAS,ESPECIAL,FURGONETA,MOTOCICLETA,NO_IDENTIFICADO,SCOOTER_ELECTRICO,TRICIMOTO,VEHICULO_DEPORTIVO_UTILITARIO,SUMA_DE_VEHICULOS,EDAD_1,SEXO_1,CONDICION_1,PARTICIPANTE_1,CASCO_1,CINTURON_1,KMeans_Cluster
3033,9516,9517,2017,1,0,-0.317426,-78.549126,PICHINCHA,QUITO,QUITO,URBANA,2017-05-01,15:15:00,15,LUNES,1,MAYO,5,SI,NO CEDER EL DERECHO DE VIA O PREFERENCIA DE PASO AL PEATON.,ARROLLAMIENTOS,NO IDENTIFICADO,0,0,0,0,0,0,0,0,0,1,0,0,0,1,22,HOMBRE,LESIONADO,PEATON,NO,NO,0
3034,9520,9521,2017,0,0,-0.308493,-78.565148,PICHINCHA,QUITO,QUITO,URBANA,2017-05-01,17:50:00,17,LUNES,1,MAYO,5,SI,NO CEDER EL DERECHO DE VIA O PREFERENCIA DE PASO A VEHICULOS.,CHOQUE LATERAL,FURGONETA,0,0,0,0,0,0,0,1,1,0,0,0,0,2,40,HOMBRE,ILESO,CONDUCTOR PRESENTE,NO,NO,0
3035,9521,9522,2017,1,0,-0.142012,-78.496384,PICHINCHA,QUITO,QUITO,URBANA,2017-05-01,18:39:00,18,LUNES,1,MAYO,5,SI,"NO RESPETAR LAS SENIALES REGLAMENTARIAS DE TRANSITO. (PARE, CEDA EL PASO, LUZ ROJA DEL SEMAFORO, ETC).",CHOQUE LATERAL,AUTOMOVIL,1,0,0,0,0,0,0,0,1,0,0,0,0,2,29,HOMBRE,LESIONADO,PASAJERO,NO,NO,0
3036,9528,9529,2017,0,0,-0.098885,-78.470687,PICHINCHA,QUITO,QUITO,URBANA,2017-05-01,21:23:00,21,LUNES,1,MAYO,5,SI,"NO RESPETAR LAS SENIALES REGLAMENTARIAS DE TRANSITO. (PARE, CEDA EL PASO, LUZ ROJA DEL SEMAFORO, ETC).",CHOQUE LATERAL,AUTOMOVIL,2,0,0,0,0,0,0,0,0,0,0,0,0,2,23,HOMBRE,ILESO,CONDUCTOR PRESENTE,NO,NO,0
3037,9529,9530,2017,1,0,-0.234057,-78.514289,PICHINCHA,QUITO,QUITO,URBANA,2017-05-01,21:30:00,21,LUNES,1,MAYO,5,SI,NO MANTENER LA DISTANCIA PRUDENCIAL CON RESPECTO AL VEHICULO QUE LE ANTECEDE.,CHOQUE POSTERIOR,AUTOMOVIL,1,0,0,0,0,0,0,0,0,1,0,0,0,2,37,MUJER,LESIONADO,PASAJERO,NO,NO,0
3038,9553,9554,2017,1,0,-0.249098,-78.536736,PICHINCHA,QUITO,QUITO,URBANA,2017-05-02,05:41:00,5,MARTES,2,MAYO,5,NO,NO CEDER EL DERECHO DE VIA O PREFERENCIA DE PASO AL PEATON.,ATROPELLOS,NO IDENTIFICADO,0,0,0,0,0,0,0,0,0,1,0,0,0,1,38,HOMBRE,LESIONADO,PEATON,NO,NO,0
3039,9554,9555,2017,0,0,-0.210705,-78.493999,PICHINCHA,QUITO,QUITO,URBANA,2017-05-02,06:25:00,6,MARTES,2,MAYO,5,NO,NO MANTENER LA DISTANCIA PRUDENCIAL CON RESPECTO AL VEHICULO QUE LE ANTECEDE.,CHOQUE POSTERIOR,MOTOCICLETA,0,0,0,0,0,0,0,0,1,0,0,0,1,2,25,HOMBRE,ILESO,CONDUCTOR PRESENTE,NO,NO,0
3040,9556,9557,2017,0,0,-0.225413,-78.497586,PICHINCHA,QUITO,QUITO,URBANA,2017-05-02,06:30:00,6,MARTES,2,MAYO,5,NO,NO CEDER EL DERECHO DE VIA O PREFERENCIA DE PASO A VEHICULOS.,CHOQUE LATERAL,AUTOMOVIL,2,0,0,0,0,0,0,0,0,0,0,0,0,2,45,HOMBRE,ILESO,CONDUCTOR PRESENTE,NO,NO,0
3041,9558,9559,2017,0,0,-0.209605,-78.501459,PICHINCHA,QUITO,QUITO,URBANA,2017-05-02,07:45:00,7,MARTES,2,MAYO,5,NO,NO GUARDAR LA DISTANCIA LATERAL MINIMA DE SEGURIDAD ENTRE VEHICULOS.,ROZAMIENTOS,AUTOMOVIL,2,0,0,0,0,0,0,0,0,0,0,0,0,2,31,HOMBRE,ILESO,CONDUCTOR PRESENTE,NO,NO,0
3042,9561,9562,2017,0,0,-0.442934,-78.671728,PICHINCHA,MEJIA,ALOAG,RURAL,2017-05-02,09:00:00,9,MARTES,2,MAYO,5,NO,"CONDUCIR DESATENTO A LAS CONDICIONES DE TRANSITO (CELULAR, PANTALLAS DE VIDEO, COMIDA, MAQUILLAJE O CUALQUIER OTRO ELEMENTO DISTRACTOR).",VOLCAMIENTOS,CAMION,0,0,0,1,0,0,0,0,0,0,0,0,0,1,45,HOMBRE,ILESO,CONDUCTOR PRESENTE,NO,NO,3
3043,9562,9563,2017,0,0,-0.200694,-78.496968,PICHINCHA,QUITO,QUITO,URBANA,2017-05-02,09:20:00,9,MARTES,2,MAYO,5,NO,NO GUARDAR LA DISTANCIA LATERAL MINIMA DE SEGURIDAD ENTRE VEHICULOS.,ROZAMIENTOS,CAMIONETA,1,0,0,0,1,0,0,0,0,0,0,0,0,2,43,HOMBRE,ILESO,CONDUCTOR PRESENTE,NO,NO,0
3044,9563,9564,2017,0,0,-0.160268,-78.473612,PICHINCHA,QUITO,QUITO,URBANA,2017-05-02,09:25:00,9,MARTES,2,MAYO,5,NO,"ADELANTAR O REBASAR A OTRO VEHICULO EN MOVIMIENTO EN ZONAS O SITIOS PELIGROSOS TALES COMO: CURVAS, PUENTES, TUNELES, PENDIENTES, ETC.",CHOQUE FRONTAL,MOTOCICLETA,0,0,0,0,0,0,0,0,1,1,0,0,0,2,25,HOMBRE,ILESO,CONDUCTOR PRESENTE,NO,NO,0
3045,9564,9565,2017,0,0,-0.197218,-78.483665,PICHINCHA,QUITO,QUITO,URBANA,2017-05-02,09:50:00,9,MARTES,2,MAYO,5,NO,"NO RESPETAR LAS SENIALES REGLAMENTARIAS DE TRANSITO. (PARE, CEDA EL PASO, LUZ ROJA DEL SEMAFORO, ETC).",CHOQUE LATERAL,AUTOMOVIL,2,0,0,0,0,0,0,0,0,0,0,0,0,2,29,HOMBRE,ILESO,CONDUCTOR PRESENTE,NO,NO,0
3046,9567,9568,2017,1,0,-0.190933,-78.480366,PICHINCHA,QUITO,QUITO,URBANA,2017-05-02,10:45:00,10,MARTES,2,MAYO,5,NO,CONDUCIR VEHICULO SUPERANDO LOS LIMITES MAXIMOS DE VELOCIDAD.,PERDIDA DE PISTA,MOTOCICLETA,0,0,0,0,0,0,0,0,1,0,0,0,0,1,23,HOMBRE,LESIONADO,CONDUCTOR PRESENTE,NO,NO,0
3047,9572,9573,2017,1,0,0.071526,-78.337011,PICHINCHA,PEDRO MONCAYO,MALCHINGUI,RURAL,2017-05-02,12:45:00,12,MARTES,2,MAYO,5,NO,CONDUCIR VEHICULO SUPERANDO LOS LIMITES MAXIMOS DE VELOCIDAD.,CHOQUE LATERAL,AUTOMOVIL,1,0,0,0,0,0,0,0,0,0,0,0,0,1,-1,HOMBRE,LESIONADO,PEATON,NO,NO,3
3048,9574,9575,2017,1,0,-0.123662,-78.495509,PICHINCHA,QUITO,QUITO,URBANA,2017-05-02,13:15:00,13,MARTES,2,MAYO,5,NO,NO CEDER EL DERECHO DE VIA O PREFERENCIA DE PASO AL PEATON.,ATROPELLOS,NO IDENTIFICADO,0,0,0,0,0,0,0,0,0,1,0,0,0,1,61,HOMBRE,LESIONADO,PEATON,NO,NO,0
3049,9578,9579,2017,1,0,-0.268545,-78.527651,PICHINCHA,QUITO,QUITO,URBANA,2017-05-02,13:42:00,13,MARTES,2,MAYO,5,NO,NO CEDER EL DERECHO DE VIA O PREFERENCIA DE PASO AL PEATON.,ATROPELLOS,MOTOCICLETA,0,0,0,0,0,0,0,0,1,0,0,0,0,1,7,MUJER,LESIONADO,PEATON,NO,NO,0
3050,9580,9581,2017,3,0,-0.175523,-78.488366,PICHINCHA,QUITO,QUITO,URBANA,2017-05-02,13:45:00,13,MARTES,2,MAYO,5,NO,PEATON QUE CRUZA LA CALZADA SIN RESPETAR LA SENIALIZACION EXISTENTE (SEMAFOROS O SENIALES MANUALES).,ARROLLAMIENTOS,VEHICULO DEPORTIVO UTILITARIO,0,0,0,0,0,0,0,0,0,0,0,0,1,1,34,HOMBRE,LESIONADO,CONDUCTOR PRESENTE,NO,NO,0
3051,9584,9585,2017,0,0,-0.111757,-78.441645,PICHINCHA,QUITO,CALDERON (CARAPUNGO),RURAL,2017-05-02,14:15:00,14,MARTES,2,MAYO,5,NO,"CONDUCE BAJO LA INFLUENCIA DE ALCOHOL, SUSTANCIAS ESTUPEFACIENTES O PSICOTROPICAS Y/O MEDICAMENTOS.",CHOQUE POSTERIOR,AUTOMOVIL,2,0,0,0,0,0,0,0,0,0,0,0,0,2,37,HOMBRE,ILESO,CONDUCTOR PRESENTE,NO,NO,3
3052,9587,9588,2017,1,0,-0.181236,-78.504749,PICHINCHA,QUITO,QUITO,URBANA,2017-05-02,15:00:00,15,MARTES,2,MAYO,5,NO,"CASO FORTUITO O FUERZA MAYOR (EXPLOSION DE NEUMATICO NUEVO, DERRUMBE, INUNDACION, CAIDA DE PUENTE, ARBOL, PRESENCIA INTEMPESTIVA E IMPREVISTA DE SEMOVIENTES EN LA VIA, ETC.).",OTROS,NO IDENTIFICADO,0,0,0,0,0,0,0,0,0,1,0,0,0,1,12,NO IDENTIFICADO,LESIONADO,PASAJERO,NO,NO,0
3053,9588,9589,2017,2,0,-0.148151,-78.490789,PICHINCHA,QUITO,QUITO,URBANA,2017-05-02,15:30:00,15,MARTES,2,MAYO,5,NO,NO CEDER EL DERECHO DE VIA O PREFERENCIA DE PASO AL PEATON.,ATROPELLOS,MOTOCICLETA,0,0,0,0,0,0,0,0,1,0,0,0,0,1,24,HOMBRE,LESIONADO,CONDUCTOR PRESENTE,NO,NO,0
3054,9589,9590,2017,0,0,-0.281516,-78.543033,PICHINCHA,QUITO,QUITO,URBANA,2017-05-02,15:35:00,15,MARTES,2,MAYO,5,NO,NO GUARDAR LA DISTANCIA LATERAL MINIMA DE SEGURIDAD ENTRE VEHICULOS.,ROZAMIENTOS,AUTOMOVIL,2,0,0,0,0,0,0,0,0,0,0,0,0,2,48,HOMBRE,ILESO,CONDUCTOR PRESENTE,NO,NO,0
3055,9590,9591,2017,0,0,-0.205672,-78.503294,PICHINCHA,QUITO,QUITO,URBANA,2017-05-02,16:20:00,16,MARTES,2,MAYO,5,NO,NO MANTENER LA DISTANCIA PRUDENCIAL CON RESPECTO AL VEHICULO QUE LE ANTECEDE.,CHOQUE POSTERIOR,AUTOMOVIL,2,0,0,0,0,0,0,0,0,0,0,0,0,2,42,HOMBRE,ILESO,CONDUCTOR PRESENTE,NO,NO,0
3056,9591,9592,2017,0,0,-0.344929,-78.548639,PICHINCHA,QUITO,QUITO,URBANA,2017-05-02,16:28:00,16,MARTES,2,MAYO,5,NO,NO MANTENER LA DISTANCIA PRUDENCIAL CON RESPECTO AL VEHICULO QUE LE ANTECEDE.,CHOQUE POSTERIOR,CAMIONETA,1,0,0,0,1,0,0,0,0,0,0,0,0,2,22,HOMBRE,ILESO,CONDUCTOR PRESENTE,NO,NO,0
3057,9592,9593,2017,1,0,-0.255295,-78.505611,PICHINCHA,QUITO,QUITO,URBANA,2017-05-02,16:35:00,16,MARTES,2,MAYO,5,NO,"PEATON TRANSITA BAJO INFLUENCIA DE ALCOHOL, SUSTANCIAS ESTUPEFACIENTES O PSICOTROPICAS Y/O MEDICAMENTOS.",ATROPELLOS,FURGONETA,0,0,0,0,0,0,0,1,0,0,0,0,0,1,21,MUJER,LESIONADO,PEATON,NO,NO,0
3058,9594,9595,2017,1,0,-0.203767,-78.500709,PICHINCHA,QUITO,QUITO,URBANA,2017-05-02,17:15:00,17,MARTES,2,MAYO,5,NO,REALIZAR CAMBIO BRUSCO O INDEBIDO DE CARRIL.,CHOQUE LATERAL,BUS,0,0,1,0,0,0,0,0,1,0,0,0,0,2,47,HOMBRE,LESIONADO,CONDUCTOR PRESENTE,NO,NO,0
3059,9597,9598,2017,0,0,-0.238213,-78.484807,PICHINCHA,QUITO,QUITO,URBANA,2017-05-02,17:40:00,17,MARTES,2,MAYO,5,NO,"NO RESPETAR LAS SENIALES REGLAMENTARIAS DE TRANSITO. (PARE, CEDA EL PASO, LUZ ROJA DEL SEMAFORO, ETC).",CHOQUE LATERAL,VEHICULO DEPORTIVO UTILITARIO,0,0,0,0,1,0,0,0,0,0,0,0,1,2,45,HOMBRE,ILESO,CONDUCTOR PRESENTE,NO,NO,0
3060,9598,9599,2017,0,0,-0.262764,-78.537991,PICHINCHA,QUITO,QUITO,URBANA,2017-05-02,18:00:00,18,MARTES,2,MAYO,5,NO,"NO RESPETAR LAS SENIALES REGLAMENTARIAS DE TRANSITO. (PARE, CEDA EL PASO, LUZ ROJA DEL SEMAFORO, ETC).",CHOQUE LATERAL,AUTOMOVIL,1,0,0,0,1,0,0,0,0,0,0,0,0,2,57,HOMBRE,ILESO,CONDUCTOR PRESENTE,NO,NO,0
3061,9599,9600,2017,0,0,-0.202603,-78.481182,PICHINCHA,QUITO,QUITO,URBANA,2017-05-02,18:19:00,18,MARTES,2,MAYO,5,NO,"NO RESPETAR LAS SENIALES REGLAMENTARIAS DE TRANSITO. (PARE, CEDA EL PASO, LUZ ROJA DEL SEMAFORO, ETC).",CHOQUE LATERAL,AUTOMOVIL,1,0,0,0,0,0,0,0,0,1,0,0,0,2,38,MUJER,ILESO,CONDUCTOR PRESENTE,NO,NO,0
3062,9600,9601,2017,0,0,-0.163073,-78.462599,PICHINCHA,QUITO,QUITO,RURAL,2017-05-02,18:35:00,18,MARTES,2,MAYO,5,NO,"CONDUCIR DESATENTO A LAS CONDICIONES DE TRANSITO (CELULAR, PANTALLAS DE VIDEO, COMIDA, MAQUILLAJE O CUALQUIER OTRO ELEMENTO DISTRACTOR).",OTROS,VEHICULO DEPORTIVO UTILITARIO,0,0,0,0,0,0,0,0,0,1,0,0,1,2,21,HOMBRE,ILESO,CONDUCTOR PRESENTE,NO,NO,3
3063,9601,9602,2017,0,0,-0.201041,-78.428846,PICHINCHA,QUITO,CUMBAYA,RURAL,2017-05-02,19:00:00,19,MARTES,2,MAYO,5,NO,CONDUCIR VEHICULO SUPERANDO LOS LIMITES MAXIMOS DE VELOCIDAD.,ESTRELLAMIENTOS,AUTOMOVIL,1,0,0,0,0,0,0,0,0,0,0,0,0,1,35,HOMBRE,ILESO,CONDUCTOR PRESENTE,NO,NO,3
3064,9603,9604,2017,1,0,-0.225627,-78.527166,PICHINCHA,QUITO,QUITO,URBANA,2017-05-02,19:20:00,19,MARTES,2,MAYO,5,NO,NO CEDER EL DERECHO DE VIA O PREFERENCIA DE PASO AL PEATON.,ATROPELLOS,NO IDENTIFICADO,0,0,0,0,0,0,0,0,0,1,0,0,0,1,11,HOMBRE,LESIONADO,PEATON,NO,NO,0
3065,9607,9608,2017,0,0,-0.188521,-78.448241,PICHINCHA,QUITO,NAYON,RURAL,2017-05-02,20:40:00,20,MARTES,2,MAYO,5,NO,CONDUCIR VEHICULO SUPERANDO LOS LIMITES MAXIMOS DE VELOCIDAD.,VOLCAMIENTOS,VEHICULO DEPORTIVO UTILITARIO,1,0,0,0,0,0,0,0,0,0,0,0,1,2,24,HOMBRE,ILESO,CONDUCTOR PRESENTE,NO,NO,3
3066,9608,9609,2017,0,0,-0.202097,-78.486351,PICHINCHA,QUITO,QUITO,URBANA,2017-05-02,20:45:00,20,MARTES,2,MAYO,5,NO,"CONDUCE BAJO LA INFLUENCIA DE ALCOHOL, SUSTANCIAS ESTUPEFACIENTES O PSICOTROPICAS Y/O MEDICAMENTOS.",CHOQUE POSTERIOR,AUTOMOVIL,2,0,0,0,0,0,0,0,0,0,0,0,0,2,49,HOMBRE,ILESO,CONDUCTOR PRESENTE,NO,NO,0
3067,9609,9610,2017,1,0,-0.210641,-78.482024,PICHINCHA,QUITO,QUITO,URBANA,2017-05-02,21:00:00,21,MARTES,2,MAYO,5,NO,NO CEDER EL DERECHO DE VIA O PREFERENCIA DE PASO AL PEATON.,ATROPELLOS,BUS,0,0,1,0,0,0,0,0,0,0,0,0,0,1,60,HOMBRE,LESIONADO,PEATON,NO,NO,0
3068,9611,9612,2017,0,0,-0.189164,-78.475707,PICHINCHA,QUITO,QUITO,URBANA,2017-05-02,21:20:00,21,MARTES,2,MAYO,5,NO,"CONDUCIR DESATENTO A LAS CONDICIONES DE TRANSITO (CELULAR, PANTALLAS DE VIDEO, COMIDA, MAQUILLAJE O CUALQUIER OTRO ELEMENTO DISTRACTOR).",OTROS,VEHICULO DEPORTIVO UTILITARIO,0,0,0,0,0,0,0,0,0,0,0,0,1,1,-1,NO IDENTIFICADO,NO IDENTIFICADO,CONDUCTOR AUSENTE,NO,NO,2
3069,9629,9630,2017,0,0,-0.105384,-78.497732,PICHINCHA,QUITO,QUITO,URBANA,2017-05-03,02:30:00,2,MIERCOLES,3,MAYO,5,NO,"CONDUCIR EN ESTADO DE SOMNOLENCIA O MALAS CONDICIONES FISICAS (SUENIO, CANSANCIO Y FATIGA).",ESTRELLAMIENTOS,AUTOMOVIL,1,0,0,0,0,0,0,0,0,0,0,0,0,1,-1,NO IDENTIFICADO,NO IDENTIFICADO,CONDUCTOR AUSENTE,NO,NO,2
3070,9631,9632,2017,1,0,-0.299308,-78.559105,PICHINCHA,QUITO,QUITO,URBANA,2017-05-03,03:40:00,3,MIERCOLES,3,MAYO,5,NO,NO TRANSITAR POR LAS ACERAS O ZONAS DE SEGURIDAD DESTINADAS PARA EL EFECTO.,ATROPELLOS,NO IDENTIFICADO,0,0,0,0,0,0,0,0,0,1,0,0,0,1,30,HOMBRE,LESIONADO,PEATON,NO,NO,0
3071,9632,9633,2017,0,0,-0.304167,-78.542831,PICHINCHA,QUITO,QUITO,URBANA,2017-05-03,05:10:00,5,MIERCOLES,3,MAYO,5,NO,"CONDUCIR DESATENTO A LAS CONDICIONES DE TRANSITO (CELULAR, PANTALLAS DE VIDEO, COMIDA, MAQUILLAJE O CUALQUIER OTRO ELEMENTO DISTRACTOR).",ESTRELLAMIENTOS,BUS,0,0,1,0,0,0,0,0,0,1,0,0,0,2,40,HOMBRE,ILESO,CONDUCTOR PRESENTE,NO,NO,0
3072,9633,9634,2017,0,0,-0.315831,-78.550274,PICHINCHA,QUITO,QUITO,URBANA,2017-05-03,05:20:00,5,MIERCOLES,3,MAYO,5,NO,"NO RESPETAR LAS SENIALES REGLAMENTARIAS DE TRANSITO. (PARE, CEDA EL PASO, LUZ ROJA DEL SEMAFORO, ETC).",CHOQUE LATERAL,FURGONETA,1,0,0,0,0,0,0,1,0,0,0,0,0,2,59,HOMBRE,ILESO,CONDUCTOR PRESENTE,NO,NO,0
3073,9636,9637,2017,0,0,-0.180114,-78.475071,PICHINCHA,QUITO,QUITO,URBANA,2017-05-03,06:45:00,6,MIERCOLES,3,MAYO,5,NO,NO GUARDAR LA DISTANCIA LATERAL MINIMA DE SEGURIDAD ENTRE VEHICULOS.,ROZAMIENTOS,AUTOMOVIL,1,0,0,0,0,0,0,0,0,1,0,0,0,2,51,HOMBRE,ILESO,CONDUCTOR PRESENTE,NO,NO,0
3074,9640,9641,2017,0,0,-0.191956,-78.482359,PICHINCHA,QUITO,QUITO,URBANA,2017-05-03,08:30:00,8,MIERCOLES,3,MAYO,5,NO,"NO RESPETAR LAS SENIALES REGLAMENTARIAS DE TRANSITO. (PARE, CEDA EL PASO, LUZ ROJA DEL SEMAFORO, ETC).",CHOQUE LATERAL,AUTOMOVIL,1,0,0,0,0,0,0,0,1,0,0,0,0,2,45,HOMBRE,ILESO,CONDUCTOR PRESENTE,NO,NO,0
3075,9641,9642,2017,1,0,-0.209421,-78.424839,PICHINCHA,QUITO,CUMBAYA,RURAL,2017-05-03,08:30:00,8,MIERCOLES,3,MAYO,5,NO,NO CEDER EL DERECHO DE VIA O PREFERENCIA DE PASO AL PEATON.,ATROPELLOS,NO IDENTIFICADO,0,0,0,0,0,0,0,0,0,1,0,0,0,1,63,MUJER,LESIONADO,PEATON,NO,NO,3
3076,9644,9645,2017,1,0,-0.123551,-78.426711,PICHINCHA,QUITO,CALDERON (CARAPUNGO),RURAL,2017-05-03,09:05:00,9,MIERCOLES,3,MAYO,5,NO,NO CEDER EL DERECHO DE VIA O PREFERENCIA DE PASO A VEHICULOS.,CHOQUE LATERAL,VEHICULO DEPORTIVO UTILITARIO,0,0,0,0,0,0,0,0,1,0,0,0,1,2,50,HOMBRE,LESIONADO,CONDUCTOR PRESENTE,NO,NO,3
3077,9649,9650,2017,0,0,-0.106567,-78.476473,PICHINCHA,QUITO,QUITO,URBANA,2017-05-03,12:00:00,12,MIERCOLES,3,MAYO,5,NO,"NO RESPETAR LAS SENIALES REGLAMENTARIAS DE TRANSITO. (PARE, CEDA EL PASO, LUZ ROJA DEL SEMAFORO, ETC).",CHOQUE LATERAL,CAMION,1,0,0,1,0,0,0,0,0,0,0,0,0,2,23,HOMBRE,ILESO,CONDUCTOR PRESENTE,NO,NO,0
3078,9650,9651,2017,0,0,-0.221886,-78.512996,PICHINCHA,QUITO,QUITO,URBANA,2017-05-03,12:15:00,12,MIERCOLES,3,MAYO,5,NO,NO CEDER EL DERECHO DE VIA O PREFERENCIA DE PASO A VEHICULOS.,CHOQUE LATERAL,CAMIONETA,0,0,0,0,1,0,0,0,0,1,0,0,0,2,69,MUJER,ILESO,PEATON,NO,NO,0
3079,9651,9652,2017,0,0,-0.189231,-78.496561,PICHINCHA,QUITO,QUITO,URBANA,2017-05-03,13:00:00,13,MIERCOLES,3,MAYO,5,NO,REALIZAR CAMBIO BRUSCO O INDEBIDO DE CARRIL.,CHOQUE POSTERIOR,AUTOMOVIL,1,0,0,0,0,0,0,0,0,0,0,0,1,2,18,MUJER,ILESO,CONDUCTOR PRESENTE,NO,NO,0
3080,9653,9654,2017,1,0,-0.206592,-78.487818,PICHINCHA,QUITO,QUITO,URBANA,2017-05-03,13:20:00,13,MIERCOLES,3,MAYO,5,NO,NO CEDER EL DERECHO DE VIA O PREFERENCIA DE PASO AL PEATON.,ATROPELLOS,BUS,0,0,1,0,0,0,0,0,0,0,0,0,0,1,6,HOMBRE,LESIONADO,PEATON,NO,NO,0
3081,9654,9655,2017,2,0,-0.517124,-78.576446,PICHINCHA,MEJIA,ALOASI,RURAL,2017-05-03,13:30:00,13,MIERCOLES,3,MAYO,5,NO,NO GUARDAR LA DISTANCIA LATERAL MINIMA DE SEGURIDAD ENTRE VEHICULOS.,CHOQUE LATERAL,CAMION,1,0,0,1,0,0,0,0,0,0,0,0,0,2,38,HOMBRE,LESIONADO,PASAJERO,NO,NO,3
3082,9655,9656,2017,1,0,-0.209797,-78.486831,PICHINCHA,QUITO,QUITO,URBANA,2017-05-03,13:35:00,13,MIERCOLES,3,MAYO,5,NO,PEATON QUE CRUZA LA CALZADA SIN RESPETAR LA SENIALIZACION EXISTENTE (SEMAFOROS O SENIALES MANUALES).,CHOQUE LATERAL,AUTOMOVIL,1,1,0,0,0,0,0,0,0,0,0,0,0,2,22,HOMBRE,LESIONADO,CONDUCTOR PRESENTE,NO,NO,0
3083,9661,9662,2017,1,0,-0.221885,-78.512992,PICHINCHA,QUITO,QUITO,URBANA,2017-05-03,15:20:00,15,MIERCOLES,3,MAYO,5,NO,"CONDUCE BAJO LA INFLUENCIA DE ALCOHOL, SUSTANCIAS ESTUPEFACIENTES O PSICOTROPICAS Y/O MEDICAMENTOS.",ATROPELLOS,VEHICULO DEPORTIVO UTILITARIO,0,0,0,0,0,0,0,0,0,0,0,0,1,1,53,HOMBRE,LESIONADO,PEATON,NO,NO,0
3084,9663,9664,2017,0,0,-0.165634,-78.485181,PICHINCHA,QUITO,QUITO,URBANA,2017-05-03,16:45:00,16,MIERCOLES,3,MAYO,5,NO,NO CEDER EL DERECHO DE VIA O PREFERENCIA DE PASO A VEHICULOS.,COLISION,AUTOMOVIL,1,0,0,1,1,0,0,0,0,0,0,0,0,3,50,HOMBRE,ILESO,CONDUCTOR PRESENTE,NO,NO,0
3085,9665,9666,2017,0,0,-0.184013,-78.509392,PICHINCHA,QUITO,QUITO,URBANA,2017-05-03,18:23:00,18,MIERCOLES,3,MAYO,5,NO,NO MANTENER LA DISTANCIA PRUDENCIAL CON RESPECTO AL VEHICULO QUE LE ANTECEDE.,CHOQUE POSTERIOR,AUTOMOVIL,1,0,0,0,0,0,0,1,0,0,0,0,0,2,47,HOMBRE,ILESO,CONDUCTOR PRESENTE,NO,NO,0
3086,9666,9667,2017,2,0,-0.161461,-78.467356,PICHINCHA,QUITO,QUITO,URBANA,2017-05-03,18:30:00,18,MIERCOLES,3,MAYO,5,NO,CONDUCIR VEHICULO SUPERANDO LOS LIMITES MAXIMOS DE VELOCIDAD.,CHOQUE LATERAL,AUTOMOVIL,2,0,0,0,0,0,0,0,0,0,0,0,0,2,28,HOMBRE,LESIONADO,CONDUCTOR PRESENTE,NO,NO,0
3087,9668,9669,2017,1,0,-0.194481,-78.510955,PICHINCHA,QUITO,QUITO,URBANA,2017-05-03,19:05:00,19,MIERCOLES,3,MAYO,5,NO,CONDUCIR VEHICULO SUPERANDO LOS LIMITES MAXIMOS DE VELOCIDAD.,PERDIDA DE PISTA,MOTOCICLETA,0,0,0,0,0,0,0,0,1,0,0,0,0,1,26,MUJER,LESIONADO,PASAJERO,NO,NO,0
3088,9670,9671,2017,1,0,-0.209477,-78.424966,PICHINCHA,QUITO,CUMBAYA,RURAL,2017-05-03,20:20:00,20,MIERCOLES,3,MAYO,5,NO,CONDUCIR VEHICULO SUPERANDO LOS LIMITES MAXIMOS DE VELOCIDAD.,PERDIDA DE PISTA,MOTOCICLETA,0,0,0,0,0,0,0,0,1,0,0,0,0,1,33,HOMBRE,LESIONADO,CONDUCTOR PRESENTE,NO,NO,3
3089,9671,9672,2017,0,0,-0.201891,-78.487017,PICHINCHA,QUITO,QUITO,URBANA,2017-05-03,20:27:00,20,MIERCOLES,3,MAYO,5,NO,NO CEDER EL DERECHO DE VIA O PREFERENCIA DE PASO A VEHICULOS.,CHOQUE LATERAL,MOTOCICLETA,0,0,0,0,0,0,0,0,1,1,0,0,0,2,27,HOMBRE,ILESO,CONDUCTOR PRESENTE,NO,NO,0
3090,9673,9674,2017,0,0,-0.148115,-78.440616,PICHINCHA,QUITO,ZAMBIZA,RURAL,2017-05-03,22:18:00,22,MIERCOLES,3,MAYO,5,NO,CONDUCIR VEHICULO SUPERANDO LOS LIMITES MAXIMOS DE VELOCIDAD.,ESTRELLAMIENTOS,AUTOMOVIL,2,0,0,0,0,0,0,0,0,0,0,0,0,2,51,HOMBRE,ILESO,CONDUCTOR PRESENTE,NO,NO,3
3091,9675,9676,2017,1,0,-0.232111,-78.503046,PICHINCHA,QUITO,QUITO,URBANA,2017-05-03,23:00:00,23,MIERCOLES,3,MAYO,5,NO,DEJAR O RECOGER PASAJEROS EN LUGARES NO PERMITIDOS.,CAIDA DE PASAJERO,NO IDENTIFICADO,0,0,0,0,0,0,0,0,0,1,0,0,0,1,26,MUJER,LESIONADO,PASAJERO,NO,NO,0
3092,9687,9688,2017,0,0,-0.188822,-78.454292,PICHINCHA,QUITO,NAYON,RURAL,2017-05-04,01:30:00,1,JUEVES,4,MAYO,5,NO,"CONDUCIR EN ESTADO DE SOMNOLENCIA O MALAS CONDICIONES FISICAS (SUENIO, CANSANCIO Y FATIGA).",ESTRELLAMIENTOS,CAMION,0,0,0,2,0,0,0,0,0,0,0,0,0,2,44,HOMBRE,ILESO,CONDUCTOR PRESENTE,NO,NO,3