,Unnamed: 0,ID,ANIO,LESIONADOS,FALLECIDOS,LATITUD_Y,LONGITUD_X,PROVINCIA,CANTON,PARROQUIA,ZONA,FECHA,HORA,PERIODO_2,DIA_1,DIA_2,MES_1,MES_2,FERIADO,CAUSA_PROBABLE,TIPO_DE_SINIESTRO,TIPO_DE_VEHICULO_1,AUTOMOVIL,BICICLETA,BUS,CAMION,CAMIONETA,EMERGENCIAS,ESPECIAL,FURGONETA,MOTOCICLETA,NO_IDENTIFICADO,SCOOTER_ELECTRICO,TRICIMOTO,VEHICULO_DEPORTIVO_UTILITARIO,SUMA_DE_VEHICULOS,EDAD_1,SEXO_1,CONDICION_1,PARTICIPANTE_1,CASCO_1,CINTURON_1,KMeans_Cluster
3093,9688,9689,2017,0,0,-0.171594,-78.484943,PICHINCHA,QUITO,QUITO,URBANA,2017-05-04,03:30:00,3,JUEVES,4,MAYO,5,NO,"CONDUCIR EN ESTADO DE SOMNOLENCIA O MALAS CONDICIONES FISICAS (SUENIO, CANSANCIO Y FATIGA).",ESTRELLAMIENTOS,VEHICULO DEPORTIVO UTILITARIO,0,0,0,0,0,0,0,0,0,0,0,0,1,1,-1,NO IDENTIFICADO,NO IDENTIFICADO,CONDUCTOR AUSENTE,NO,NO,2
3094,9689,9690,2017,1,0,-0.217321,-78.505545,PICHINCHA,QUITO,QUITO,URBANA,2017-05-04,05:50:00,5,JUEVES,4,MAYO,5,NO,CONDUCIR VEHICULO SUPERANDO LOS LIMITES MAXIMOS DE VELOCIDAD.,PERDIDA DE PISTA,MOTOCICLETA,0,0,0,0,0,0,0,0,1,0,0,0,0,1,26,HOMBRE,LESIONADO,CONDUCTOR PRESENTE,NO,NO,0
3095,9690,9691,2017,0,0,-0.198754,-78.473713,PICHINCHA,QUITO,QUITO,RURAL,2017-05-04,06:00:00,6,JUEVES,4,MAYO,5,NO,CONDUCIR VEHICULO SUPERANDO LOS LIMITES MAXIMOS DE VELOCIDAD.,ESTRELLAMIENTOS,NO IDENTIFICADO,0,0,0,0,0,0,0,0,0,1,0,0,0,1,-1,NO IDENTIFICADO,NO IDENTIFICADO,CONDUCTOR AUSENTE,NO,NO,2
3096,9691,9692,2017,1,0,-0.203121,-78.458461,PICHINCHA,QUITO,QUITO,RURAL,2017-05-04,06:15:00,6,JUEVES,4,MAYO,5,NO,"CONDICIONES AMBIENTALES Y/O ATMOSFERICAS (NIEBLA, NEBLINA, GRANIZO, LLUVIA).",PERDIDA DE PISTA,AUTOMOVIL,1,0,0,0,0,0,0,0,0,0,0,0,0,1,29,MUJER,LESIONADO,CONDUCTOR PRESENTE,NO,NO,3
3097,9693,9694,2017,0,0,-0.244831,-78.514223,PICHINCHA,QUITO,QUITO,URBANA,2017-05-04,06:38:00,6,JUEVES,4,MAYO,5,NO,"ADELANTAR O REBASAR A OTRO VEHICULO EN MOVIMIENTO EN ZONAS O SITIOS PELIGROSOS TALES COMO: CURVAS, PUENTES, TUNELES, PENDIENTES, ETC.",ROZAMIENTOS,AUTOMOVIL,1,0,0,0,0,0,0,0,1,0,0,0,0,2,64,HOMBRE,ILESO,CONDUCTOR PRESENTE,NO,NO,0
3098,9694,9695,2017,1,0,-0.331895,-78.554775,PICHINCHA,QUITO,QUITO,URBANA,2017-05-04,06:50:00,6,JUEVES,4,MAYO,5,NO,NO CEDER EL DERECHO DE VIA O PREFERENCIA DE PASO AL PEATON.,ATROPELLOS,NO IDENTIFICADO,0,0,0,0,0,0,0,0,0,1,0,0,0,1,9,MUJER,LESIONADO,PEATON,NO,NO,0
3099,9696,9697,2017,0,0,-0.247813,-78.507398,PICHINCHA,QUITO,QUITO,URBANA,2017-05-04,07:15:00,7,JUEVES,4,MAYO,5,NO,"ADELANTAR O REBASAR A OTRO VEHICULO EN MOVIMIENTO EN ZONAS O SITIOS PELIGROSOS TALES COMO: CURVAS, PUENTES, TUNELES, PENDIENTES, ETC.",CHOQUE FRONTAL,AUTOMOVIL,2,0,0,0,0,0,0,0,0,0,0,0,0,2,59,HOMBRE,ILESO,CONDUCTOR PRESENTE,NO,NO,0
3100,9697,9698,2017,1,0,-0.172291,-78.490176,PICHINCHA,QUITO,QUITO,URBANA,2017-05-04,07:20:00,7,JUEVES,4,MAYO,5,NO,NO CEDER EL DERECHO DE VIA O PREFERENCIA DE PASO AL PEATON.,ATROPELLOS,NO IDENTIFICADO,0,0,0,0,0,0,0,0,0,1,0,0,0,1,21,MUJER,LESIONADO,PEATON,NO,NO,0
3101,9698,9699,2017,0,0,-0.142041,-78.443217,PICHINCHA,QUITO,LLANO CHICO,RURAL,2017-05-04,07:27:00,7,JUEVES,4,MAYO,5,NO,"CONDUCIR DESATENTO A LAS CONDICIONES DE TRANSITO (CELULAR, PANTALLAS DE VIDEO, COMIDA, MAQUILLAJE O CUALQUIER OTRO ELEMENTO DISTRACTOR).",ESTRELLAMIENTOS,VEHICULO DEPORTIVO UTILITARIO,0,0,0,0,0,0,0,0,0,0,0,0,1,1,49,MUJER,ILESO,CONDUCTOR PRESENTE,NO,NO,3
3102,9699,9700,2017,0,0,-0.152118,-78.464571,PICHINCHA,QUITO,QUITO,RURAL,2017-05-04,07:45:00,7,JUEVES,4,MAYO,5,NO,REALIZAR CAMBIO BRUSCO O INDEBIDO DE CARRIL.,PERDIDA DE PISTA,MOTOCICLETA,0,0,0,0,0,0,0,0,1,1,0,0,0,2,24,HOMBRE,ILESO,CONDUCTOR PRESENTE,NO,NO,3
3103,9701,9702,2017,0,0,-0.318584,-78.550122,PICHINCHA,QUITO,QUITO,URBANA,2017-05-04,08:00:00,8,JUEVES,4,MAYO,5,NO,NO GUARDAR LA DISTANCIA LATERAL MINIMA DE SEGURIDAD ENTRE VEHICULOS.,ROZAMIENTOS,CAMION,0,0,0,1,0,0,0,1,0,0,0,0,0,2,29,HOMBRE,ILESO,CONDUCTOR PRESENTE,NO,NO,0
3104,9702,9703,2017,2,0,-0.129357,-78.481279,PICHINCHA,QUITO,QUITO,URBANA,2017-05-04,08:05:00,8,JUEVES,4,MAYO,5,NO,NO CEDER EL DERECHO DE VIA O PREFERENCIA DE PASO AL PEATON.,ATROPELLOS,NO IDENTIFICADO,0,0,0,0,0,0,0,0,0,1,0,0,0,1,13,MUJER,LESIONADO,PEATON,NO,NO,0
3105,9703,9704,2017,0,0,-0.163055,-78.463126,PICHINCHA,QUITO,QUITO,URBANA,2017-05-04,08:05:00,8,JUEVES,4,MAYO,5,NO,NO GUARDAR LA DISTANCIA LATERAL MINIMA DE SEGURIDAD ENTRE VEHICULOS.,ROZAMIENTOS,AUTOMOVIL,2,0,0,0,0,0,0,0,0,0,0,0,0,2,30,HOMBRE,ILESO,CONDUCTOR PRESENTE,NO,NO,0
3106,9707,9708,2017,0,0,-0.212381,-78.484568,PICHINCHA,QUITO,QUITO,URBANA,2017-05-04,08:35:00,8,JUEVES,4,MAYO,5,NO,NO CEDER EL DERECHO DE VIA O PREFERENCIA DE PASO A VEHICULOS.,CHOQUE LATERAL,AUTOMOVIL,1,0,0,0,0,0,0,0,1,0,0,0,0,2,30,HOMBRE,ILESO,CONDUCTOR PRESENTE,NO,NO,0
3107,9709,9710,2017,0,0,-0.129357,-78.481279,PICHINCHA,QUITO,QUITO,URBANA,2017-05-04,08:50:00,8,JUEVES,4,MAYO,5,NO,"NO RESPETAR LAS SENIALES REGLAMENTARIAS DE TRANSITO. (PARE, CEDA EL PASO, LUZ ROJA DEL SEMAFORO, ETC).",COLISION,CAMIONETA,2,0,0,0,1,0,0,0,0,0,0,0,0,3,26,HOMBRE,ILESO,CONDUCTOR PRESENTE,NO,NO,0
3108,9711,9712,2017,0,0,-0.093716,-78.436335,PICHINCHA,QUITO,CALDERON (CARAPUNGO),RURAL,2017-05-04,09:55:00,9,JUEVES,4,MAYO,5,NO,NO MANTENER LA DISTANCIA PRUDENCIAL CON RESPECTO AL VEHICULO QUE LE ANTECEDE.,CHOQUE POSTERIOR,AUTOMOVIL,1,0,0,0,1,0,0,0,0,0,0,0,0,2,52,HOMBRE,ILESO,CONDUCTOR PRESENTE,NO,NO,3
3109,9712,9713,2017,1,0,-0.327124,-78.550467,PICHINCHA,QUITO,QUITO,URBANA,2017-05-04,10:00:00,10,JUEVES,4,MAYO,5,NO,NO CEDER EL DERECHO DE VIA O PREFERENCIA DE PASO AL PEATON.,ATROPELLOS,BUS,0,0,1,0,0,0,0,0,0,0,0,0,0,1,22,HOMBRE,LESIONADO,PEATON,NO,NO,0
3110,9714,9715,2017,0,0,-0.175541,-78.480714,PICHINCHA,QUITO,QUITO,URBANA,2017-05-04,12:30:00,12,JUEVES,4,MAYO,5,NO,NO CEDER EL DERECHO DE VIA O PREFERENCIA DE PASO A VEHICULOS.,CHOQUE LATERAL,CAMIONETA,1,0,0,0,1,0,0,0,0,0,0,0,0,2,35,HOMBRE,ILESO,CONDUCTOR PRESENTE,NO,NO,0
3111,9715,9716,2017,0,0,-0.196143,-78.499643,PICHINCHA,QUITO,QUITO,URBANA,2017-05-04,12:47:00,12,JUEVES,4,MAYO,5,NO,NO CEDER EL DERECHO DE VIA O PREFERENCIA DE PASO A VEHICULOS.,CHOQUE LATERAL,AUTOMOVIL,1,0,0,0,0,0,1,0,0,0,0,0,0,2,34,HOMBRE,ILESO,CONDUCTOR PRESENTE,NO,NO,0
3112,9717,9718,2017,0,0,-0.196865,-78.490121,PICHINCHA,QUITO,QUITO,URBANA,2017-05-04,13:15:00,13,JUEVES,4,MAYO,5,NO,"NO RESPETAR LAS SENIALES REGLAMENTARIAS DE TRANSITO. (PARE, CEDA EL PASO, LUZ ROJA DEL SEMAFORO, ETC).",COLISION,AUTOMOVIL,3,0,0,0,0,0,0,0,0,0,0,0,0,3,25,HOMBRE,ILESO,CONDUCTOR PRESENTE,NO,NO,0
3113,9721,9722,2017,1,0,-0.127442,-78.511843,PICHINCHA,QUITO,QUITO,URBANA,2017-05-04,14:10:00,14,JUEVES,4,MAYO,5,NO,NO CEDER EL DERECHO DE VIA O PREFERENCIA DE PASO AL PEATON.,ATROPELLOS,FURGONETA,0,0,0,0,0,0,0,1,0,0,0,0,0,1,79,MUJER,LESIONADO,PEATON,NO,NO,0
3114,9722,9723,2017,2,0,-0.149433,-78.442423,PICHINCHA,QUITO,ZAMBIZA,RURAL,2017-05-04,14:37:00,14,JUEVES,4,MAYO,5,NO,CONDUCIR VEHICULO SUPERANDO LOS LIMITES MAXIMOS DE VELOCIDAD.,VOLCAMIENTOS,MOTOCICLETA,0,0,0,0,0,0,0,0,1,0,0,0,0,1,26,HOMBRE,LESIONADO,CONDUCTOR PRESENTE,NO,NO,3
3115,9723,9724,2017,0,0,-0.137735,-78.486221,PICHINCHA,QUITO,QUITO,URBANA,2017-05-04,15:45:00,15,JUEVES,4,MAYO,5,NO,"NO RESPETAR LAS SENIALES REGLAMENTARIAS DE TRANSITO. (PARE, CEDA EL PASO, LUZ ROJA DEL SEMAFORO, ETC).",CHOQUE LATERAL,AUTOMOVIL,2,0,0,0,0,0,0,0,0,0,0,0,0,2,30,HOMBRE,ILESO,CONDUCTOR PRESENTE,NO,NO,0
3116,9725,9726,2017,0,0,-0.020222,-78.650877,PICHINCHA,QUITO,NONO,RURAL,2017-05-04,16:00:00,16,JUEVES,4,MAYO,5,NO,REALIZAR CAMBIO BRUSCO O INDEBIDO DE CARRIL.,CHOQUE LATERAL,CAMIONETA,0,0,0,0,2,0,0,0,0,0,0,0,0,2,47,HOMBRE,ILESO,CONDUCTOR PRESENTE,NO,NO,3
3117,9727,9728,2017,1,0,-0.287778,-78.491251,PICHINCHA,QUITO,CONOCOTO,RURAL,2017-05-04,16:40:00,16,JUEVES,4,MAYO,5,NO,NO CEDER EL DERECHO DE VIA O PREFERENCIA DE PASO AL PEATON.,ATROPELLOS,AUTOMOVIL,1,0,0,0,0,0,0,0,0,0,0,0,0,1,59,HOMBRE,LESIONADO,PEATON,NO,NO,3
3118,9728,9729,2017,0,0,-0.203075,-78.458413,PICHINCHA,QUITO,QUITO,RURAL,2017-05-04,17:30:00,17,JUEVES,4,MAYO,5,NO,NO MANTENER LA DISTANCIA PRUDENCIAL CON RESPECTO AL VEHICULO QUE LE ANTECEDE.,CHOQUE POSTERIOR,VEHICULO DEPORTIVO UTILITARIO,1,0,0,0,0,0,0,0,0,0,0,0,1,2,37,HOMBRE,ILESO,CONDUCTOR PRESENTE,NO,NO,3
3119,9730,9731,2017,0,0,-0.175598,-78.486161,PICHINCHA,QUITO,QUITO,URBANA,2017-05-04,18:35:00,18,JUEVES,4,MAYO,5,NO,NO CEDER EL DERECHO DE VIA O PREFERENCIA DE PASO A VEHICULOS.,CHOQUE LATERAL,AUTOMOVIL,1,0,0,0,0,0,0,0,0,1,0,0,0,2,47,HOMBRE,ILESO,CONDUCTOR PRESENTE,NO,NO,0
3120,9731,9732,2017,0,0,-0.191862,-78.488332,PICHINCHA,QUITO,QUITO,URBANA,2017-05-04,18:50:00,18,JUEVES,4,MAYO,5,NO,"ADELANTAR O REBASAR A OTRO VEHICULO EN MOVIMIENTO EN ZONAS O SITIOS PELIGROSOS TALES COMO: CURVAS, PUENTES, TUNELES, PENDIENTES, ETC.",ROZAMIENTOS,VEHICULO DEPORTIVO UTILITARIO,0,0,0,0,0,0,0,0,0,0,0,0,2,2,43,HOMBRE,ILESO,CONDUCTOR PRESENTE,NO,NO,0
3121,9734,9735,2017,0,0,-0.303342,-78.567011,PICHINCHA,QUITO,QUITO,URBANA,2017-05-04,20:05:00,20,JUEVES,4,MAYO,5,NO,NO CEDER EL DERECHO DE VIA O PREFERENCIA DE PASO AL PEATON.,ATROPELLOS,AUTOMOVIL,1,0,0,0,0,0,0,0,0,0,0,0,0,1,49,MUJER,ILESO,CONDUCTOR PRESENTE,NO,NO,0
3122,9735,9736,2017,2,0,-0.195969,-78.495101,PICHINCHA,QUITO,QUITO,URBANA,2017-05-04,20:15:00,20,JUEVES,4,MAYO,5,NO,"CONDUCE BAJO LA INFLUENCIA DE ALCOHOL, SUSTANCIAS ESTUPEFACIENTES O PSICOTROPICAS Y/O MEDICAMENTOS.",ATROPELLOS,VEHICULO DEPORTIVO UTILITARIO,0,0,0,0,0,0,0,0,1,0,0,0,2,3,28,HOMBRE,LESIONADO,PEATON,NO,NO,0
3123,9736,9737,2017,1,0,-0.142041,-78.443217,PICHINCHA,QUITO,LLANO CHICO,RURAL,2017-05-04,20:20:00,20,JUEVES,4,MAYO,5,NO,CONDUCIR VEHICULO SUPERANDO LOS LIMITES MAXIMOS DE VELOCIDAD.,CHOQUE POSTERIOR,MOTOCICLETA,0,0,0,0,0,0,0,0,1,1,0,0,0,2,42,HOMBRE,LESIONADO,CONDUCTOR PRESENTE,NO,NO,3
3124,9738,9739,2017,0,0,-0.182136,-78.478799,PICHINCHA,QUITO,QUITO,URBANA,2017-05-04,21:15:00,21,JUEVES,4,MAYO,5,NO,NO GUARDAR LA DISTANCIA LATERAL MINIMA DE SEGURIDAD ENTRE VEHICULOS.,ROZAMIENTOS,AUTOMOVIL,1,0,0,0,0,0,0,0,0,1,0,0,0,2,41,HOMBRE,ILESO,CONDUCTOR PRESENTE,NO,NO,0
3125,9739,9740,2017,1,0,-0.256283,-78.503365,PICHINCHA,QUITO,QUITO,URBANA,2017-05-04,21:20:00,21,JUEVES,4,MAYO,5,NO,CONDUCIR VEHICULO SUPERANDO LOS LIMITES MAXIMOS DE VELOCIDAD.,PERDIDA DE PISTA,MOTOCICLETA,0,0,0,0,0,0,0,0,1,0,0,0,0,1,22,HOMBRE,LESIONADO,CONDUCTOR PRESENTE,NO,NO,0
3126,9740,9741,2017,2,0,-0.294537,-78.561111,PICHINCHA,QUITO,QUITO,URBANA,2017-05-04,21:20:00,21,JUEVES,4,MAYO,5,NO,NO GUARDAR LA DISTANCIA LATERAL MINIMA DE SEGURIDAD ENTRE VEHICULOS.,ROZAMIENTOS,NO IDENTIFICADO,0,0,0,0,0,0,0,0,0,2,0,0,0,2,21,MUJER,LESIONADO,PASAJERO,NO,NO,0
3127,9755,9756,2017,0,0,-0.291456,-78.473781,PICHINCHA,QUITO,CONOCOTO,RURAL,2017-05-05,00:10:00,0,VIERNES,5,MAYO,5,NO,"NO RESPETAR LAS SENIALES REGLAMENTARIAS DE TRANSITO. (PARE, CEDA EL PASO, LUZ ROJA DEL SEMAFORO, ETC).",CHOQUE LATERAL,CAMIONETA,1,0,0,0,1,0,0,0,0,0,0,0,0,2,30,HOMBRE,ILESO,CONDUCTOR PRESENTE,NO,NO,3
3128,9756,9757,2017,0,0,-0.272425,-78.542774,PICHINCHA,QUITO,QUITO,URBANA,2017-05-05,01:45:00,1,VIERNES,5,MAYO,5,NO,REALIZAR CAMBIO BRUSCO O INDEBIDO DE CARRIL.,PERDIDA DE PISTA,MOTOCICLETA,0,0,0,0,0,0,0,0,1,0,0,0,0,1,20,HOMBRE,ILESO,CONDUCTOR PRESENTE,NO,NO,0
3129,9757,9758,2017,0,0,-0.101884,-78.491351,PICHINCHA,QUITO,QUITO,URBANA,2017-05-05,02:20:00,2,VIERNES,5,MAYO,5,NO,CONDUCIR VEHICULO SUPERANDO LOS LIMITES MAXIMOS DE VELOCIDAD.,ESTRELLAMIENTOS,AUTOMOVIL,1,0,0,0,0,0,0,0,0,0,0,0,0,1,-1,NO IDENTIFICADO,NO IDENTIFICADO,CONDUCTOR AUSENTE,NO,NO,2
3130,9758,9759,2017,0,0,-0.173461,-78.476865,PICHINCHA,QUITO,QUITO,URBANA,2017-05-05,04:45:00,4,VIERNES,5,MAYO,5,NO,"CONDUCIR EN ESTADO DE SOMNOLENCIA O MALAS CONDICIONES FISICAS (SUENIO, CANSANCIO Y FATIGA).",ESTRELLAMIENTOS,AUTOMOVIL,1,0,0,0,0,0,0,0,0,0,0,0,0,1,49,MUJER,ILESO,CONDUCTOR PRESENTE,NO,NO,0
3131,9760,9761,2017,0,1,-0.091585,-78.439052,PICHINCHA,QUITO,CALDERON (CARAPUNGO),RURAL,2017-05-05,05:50:00,5,VIERNES,5,MAYO,5,NO,NO TRANSITAR POR LAS ACERAS O ZONAS DE SEGURIDAD DESTINADAS PARA EL EFECTO.,ATROPELLOS,NO IDENTIFICADO,0,0,0,0,0,0,0,0,0,1,0,0,0,1,51,MUJER,FALLECIDO,PEATON,NO,NO,3
3132,9761,9762,2017,0,0,-0.246147,-78.529477,PICHINCHA,QUITO,QUITO,URBANA,2017-05-05,06:00:00,6,VIERNES,5,MAYO,5,NO,"CONDUCIR DESATENTO A LAS CONDICIONES DE TRANSITO (CELULAR, PANTALLAS DE VIDEO, COMIDA, MAQUILLAJE O CUALQUIER OTRO ELEMENTO DISTRACTOR).",ESTRELLAMIENTOS,AUTOMOVIL,1,0,0,0,0,0,0,0,0,0,0,0,1,2,25,HOMBRE,ILESO,CONDUCTOR PRESENTE,NO,NO,0
3133,9762,9763,2017,3,0,-0.235188,-78.488251,PICHINCHA,QUITO,QUITO,URBANA,2017-05-05,06:30:00,6,VIERNES,5,MAYO,5,NO,NO MANTENER LA DISTANCIA PRUDENCIAL CON RESPECTO AL VEHICULO QUE LE ANTECEDE.,CHOQUE POSTERIOR,CAMION,0,0,1,1,0,0,0,0,0,0,0,0,0,2,31,MUJER,LESIONADO,PASAJERO,NO,NO,0
3134,9764,9765,2017,0,0,-0.158688,-78.471837,PICHINCHA,QUITO,QUITO,URBANA,2017-05-05,07:00:00,7,VIERNES,5,MAYO,5,NO,"ADELANTAR O REBASAR A OTRO VEHICULO EN MOVIMIENTO EN ZONAS O SITIOS PELIGROSOS TALES COMO: CURVAS, PUENTES, TUNELES, PENDIENTES, ETC.",CHOQUE FRONTAL,AUTOMOVIL,1,0,0,0,0,0,0,1,0,0,0,0,0,2,42,HOMBRE,ILESO,CONDUCTOR PRESENTE,NO,NO,0
3135,9765,9766,2017,1,0,-0.142041,-78.443217,PICHINCHA,QUITO,LLANO CHICO,RURAL,2017-05-05,07:00:00,7,VIERNES,5,MAYO,5,NO,CONDUCIR VEHICULO SUPERANDO LOS LIMITES MAXIMOS DE VELOCIDAD.,VOLCAMIENTOS,MOTOCICLETA,0,0,0,0,0,0,0,0,1,0,0,0,0,1,21,MUJER,LESIONADO,CONDUCTOR PRESENTE,NO,NO,3
3136,9767,9768,2017,2,0,-0.227324,-78.450086,PICHINCHA,QUITO,CUMBAYA,RURAL,2017-05-05,07:10:00,7,VIERNES,5,MAYO,5,NO,"NO RESPETAR LAS SENIALES REGLAMENTARIAS DE TRANSITO. (PARE, CEDA EL PASO, LUZ ROJA DEL SEMAFORO, ETC).",CHOQUE LATERAL,MOTOCICLETA,1,0,0,0,0,0,0,0,1,0,0,0,0,2,34,HOMBRE,LESIONADO,CONDUCTOR PRESENTE,NO,NO,3
3137,9769,9770,2017,0,0,-0.148471,-78.498271,PICHINCHA,QUITO,QUITO,URBANA,2017-05-05,07:20:00,7,VIERNES,5,MAYO,5,NO,NO MANTENER LA DISTANCIA PRUDENCIAL CON RESPECTO AL VEHICULO QUE LE ANTECEDE.,CHOQUE POSTERIOR,AUTOMOVIL,2,0,0,0,0,0,0,0,0,0,0,0,0,2,34,HOMBRE,ILESO,CONDUCTOR PRESENTE,NO,NO,0
3138,9773,9774,2017,1,0,-0.169439,-78.326243,PICHINCHA,QUITO,YARUQUI,RURAL,2017-05-05,09:00:00,9,VIERNES,5,MAYO,5,NO,NO TRANSITAR POR LAS ACERAS O ZONAS DE SEGURIDAD DESTINADAS PARA EL EFECTO.,ATROPELLOS,CAMIONETA,0,0,0,0,1,0,0,0,0,0,0,0,0,1,73,MUJER,LESIONADO,PEATON,NO,NO,3
3139,9774,9775,2017,1,0,-0.105384,-78.497732,PICHINCHA,QUITO,QUITO,URBANA,2017-05-05,09:00:00,9,VIERNES,5,MAYO,5,NO,NO MANTENER LA DISTANCIA PRUDENCIAL CON RESPECTO AL VEHICULO QUE LE ANTECEDE.,CHOQUE POSTERIOR,MOTOCICLETA,0,0,0,0,0,0,0,0,1,1,0,0,0,2,46,HOMBRE,LESIONADO,CONDUCTOR PRESENTE,NO,NO,0
3140,9775,9776,2017,0,0,-0.176811,-78.481329,PICHINCHA,QUITO,QUITO,URBANA,2017-05-05,09:20:00,9,VIERNES,5,MAYO,5,NO,NO MANTENER LA DISTANCIA PRUDENCIAL CON RESPECTO AL VEHICULO QUE LE ANTECEDE.,CHOQUE POSTERIOR,CAMIONETA,0,0,1,0,1,0,0,0,0,0,0,0,0,2,36,HOMBRE,ILESO,CONDUCTOR PRESENTE,NO,NO,0
3141,9776,9777,2017,0,0,-0.238213,-78.484807,PICHINCHA,QUITO,QUITO,URBANA,2017-05-05,09:45:00,9,VIERNES,5,MAYO,5,NO,NO MANTENER LA DISTANCIA PRUDENCIAL CON RESPECTO AL VEHICULO QUE LE ANTECEDE.,CHOQUE POSTERIOR,VEHICULO DEPORTIVO UTILITARIO,0,0,0,0,0,0,0,0,1,0,0,0,1,2,47,HOMBRE,ILESO,CONDUCTOR PRESENTE,NO,NO,0
3142,9780,9781,2017,0,0,-0.350841,-78.550695,PICHINCHA,QUITO,QUITO,URBANA,2017-05-05,10:40:00,10,VIERNES,5,MAYO,5,NO,"CONDUCIR DESATENTO A LAS CONDICIONES DE TRANSITO (CELULAR, PANTALLAS DE VIDEO, COMIDA, MAQUILLAJE O CUALQUIER OTRO ELEMENTO DISTRACTOR).",ESTRELLAMIENTOS,CAMION,0,0,0,1,0,0,0,0,0,0,0,0,0,1,-1,NO IDENTIFICADO,NO IDENTIFICADO,CONDUCTOR AUSENTE,NO,NO,2
3143,9781,9782,2017,2,0,-0.109781,-78.488991,PICHINCHA,QUITO,QUITO,URBANA,2017-05-05,10:50:00,10,VIERNES,5,MAYO,5,NO,DEJAR O RECOGER PASAJEROS EN LUGARES NO PERMITIDOS.,CHOQUE POSTERIOR,BUS,0,0,2,0,0,0,0,0,0,0,0,0,0,2,35,MUJER,LESIONADO,PASAJERO,NO,NO,0
3144,9782,9783,2017,0,0,-0.286961,-78.519756,PICHINCHA,QUITO,QUITO,URBANA,2017-05-05,11:15:00,11,VIERNES,5,MAYO,5,NO,NO GUARDAR LA DISTANCIA LATERAL MINIMA DE SEGURIDAD ENTRE VEHICULOS.,ROZAMIENTOS,AUTOMOVIL,2,0,0,0,0,0,0,0,0,0,0,0,0,2,53,HOMBRE,ILESO,CONDUCTOR PRESENTE,NO,NO,0
3145,9785,9786,2017,0,0,-0.292382,-78.543901,PICHINCHA,QUITO,QUITO,URBANA,2017-05-05,12:45:00,12,VIERNES,5,MAYO,5,NO,NO GUARDAR LA DISTANCIA LATERAL MINIMA DE SEGURIDAD ENTRE VEHICULOS.,ROZAMIENTOS,AUTOMOVIL,1,0,0,0,0,0,0,0,0,0,0,0,1,2,27,HOMBRE,ILESO,CONDUCTOR PRESENTE,NO,NO,0
3146,9786,9787,2017,0,0,-0.104646,-78.453801,PICHINCHA,QUITO,CALDERON (CARAPUNGO),RURAL,2017-05-05,12:45:00,12,VIERNES,5,MAYO,5,NO,NO GUARDAR LA DISTANCIA LATERAL MINIMA DE SEGURIDAD ENTRE VEHICULOS.,ROZAMIENTOS,BUS,1,0,1,0,0,0,0,0,0,0,0,0,0,2,28,HOMBRE,ILESO,CONDUCTOR PRESENTE,NO,NO,3
3147,9788,9789,2017,0,0,-0.291665,-78.477276,PICHINCHA,QUITO,CONOCOTO,RURAL,2017-05-05,13:00:00,13,VIERNES,5,MAYO,5,NO,REALIZAR CAMBIO BRUSCO O INDEBIDO DE CARRIL.,ROZAMIENTOS,BUS,0,0,2,0,0,0,0,0,0,0,0,0,0,2,37,HOMBRE,ILESO,CONDUCTOR PRESENTE,NO,NO,3
3148,9790,9791,2017,1,0,-0.065913,-78.461725,PICHINCHA,QUITO,POMASQUI,URBANA,2017-05-05,13:21:00,13,VIERNES,5,MAYO,5,NO,NO MANTENER LA DISTANCIA PRUDENCIAL CON RESPECTO AL VEHICULO QUE LE ANTECEDE.,CHOQUE POSTERIOR,AUTOMOVIL,1,0,0,1,0,0,0,0,0,0,0,0,0,2,54,HOMBRE,LESIONADO,CONDUCTOR PRESENTE,NO,NO,0
3149,9792,9793,2017,0,0,-0.251345,-78.521401,PICHINCHA,QUITO,QUITO,URBANA,2017-05-05,14:00:00,14,VIERNES,5,MAYO,5,NO,DEJAR O RECOGER PASAJEROS EN LUGARES NO PERMITIDOS.,ROZAMIENTOS,BUS,0,0,2,0,0,0,0,0,0,0,0,0,0,2,25,HOMBRE,ILESO,CONDUCTOR PRESENTE,NO,NO,0
3150,9794,9795,2017,0,0,-0.418581,-78.550403,PICHINCHA,MEJIA,TAMBILLO (MEJIA),RURAL,2017-05-05,14:45:00,14,VIERNES,5,MAYO,5,NO,NO MANTENER LA DISTANCIA PRUDENCIAL CON RESPECTO AL VEHICULO QUE LE ANTECEDE.,CHOQUE POSTERIOR,BUS,0,0,1,0,0,0,0,0,0,0,0,0,1,2,21,HOMBRE,ILESO,CONDUCTOR PRESENTE,NO,NO,3
3151,9797,9798,2017,0,0,-0.231604,-78.523783,PICHINCHA,QUITO,QUITO,URBANA,2017-05-05,17:28:00,17,VIERNES,5,MAYO,5,NO,DEJAR O RECOGER PASAJEROS EN LUGARES NO PERMITIDOS.,CAIDA DE PASAJERO,BUS,0,0,1,0,0,0,0,0,0,0,0,0,0,1,17,MUJER,ILESO,PASAJERO,NO,NO,0
3152,9799,9800,2017,0,0,-0.334672,-78.550182,PICHINCHA,QUITO,QUITO,URBANA,2017-05-05,17:30:00,17,VIERNES,5,MAYO,5,NO,NO MANTENER LA DISTANCIA PRUDENCIAL CON RESPECTO AL VEHICULO QUE LE ANTECEDE.,CHOQUE POSTERIOR,CAMIONETA,0,0,0,0,2,0,0,0,0,0,0,0,0,2,33,HOMBRE,ILESO,CONDUCTOR PRESENTE,NO,NO,0