,Unnamed: 0,ID,ANIO,LESIONADOS,FALLECIDOS,LATITUD_Y,LONGITUD_X,PROVINCIA,CANTON,PARROQUIA,ZONA,FECHA,HORA,PERIODO_2,DIA_1,DIA_2,MES_1,MES_2,FERIADO,CAUSA_PROBABLE,TIPO_DE_SINIESTRO,TIPO_DE_VEHICULO_1,AUTOMOVIL,BICICLETA,BUS,CAMION,CAMIONETA,EMERGENCIAS,ESPECIAL,FURGONETA,MOTOCICLETA,NO_IDENTIFICADO,SCOOTER_ELECTRICO,TRICIMOTO,VEHICULO_DEPORTIVO_UTILITARIO,SUMA_DE_VEHICULOS,EDAD_1,SEXO_1,CONDICION_1,PARTICIPANTE_1,CASCO_1,CINTURON_1,KMeans_Cluster
3153,9800,9801,2017,0,0,-0.441295,-78.555006,PICHINCHA,MEJIA,ALOAG,RURAL,2017-05-05,17:50:00,17,VIERNES,5,MAYO,5,NO,CONDUCIR EN SENTIDO CONTRARIO A LA VIA NORMAL DE CIRCULACION.,CHOQUE FRONTAL,CAMIONETA,1,0,0,0,1,0,0,0,0,0,0,0,0,2,51,MUJER,ILESO,CONDUCTOR PRESENTE,NO,NO,3
3154,9801,9802,2017,0,0,-0.155993,-78.496834,PICHINCHA,QUITO,QUITO,URBANA,2017-05-05,17:55:00,17,VIERNES,5,MAYO,5,NO,NO GUARDAR LA DISTANCIA LATERAL MINIMA DE SEGURIDAD ENTRE VEHICULOS.,ROZAMIENTOS,CAMIONETA,0,0,1,0,1,0,0,0,0,0,0,0,0,2,60,HOMBRE,ILESO,CONDUCTOR PRESENTE,NO,NO,0
3155,9803,9804,2017,0,0,-0.160924,-78.476596,PICHINCHA,QUITO,QUITO,URBANA,2017-05-05,18:30:00,18,VIERNES,5,MAYO,5,NO,NO CEDER EL DERECHO DE VIA O PREFERENCIA DE PASO A VEHICULOS.,CHOQUE LATERAL,FURGONETA,0,0,0,0,0,0,0,1,1,0,0,0,0,2,23,HOMBRE,ILESO,CONDUCTOR PRESENTE,NO,NO,0
3156,9813,9814,2017,0,0,-0.216691,-78.513195,PICHINCHA,QUITO,QUITO,URBANA,2017-05-05,22:00:00,22,VIERNES,5,MAYO,5,NO,NO CEDER EL DERECHO DE VIA O PREFERENCIA DE PASO A VEHICULOS.,CHOQUE LATERAL,AUTOMOVIL,2,0,0,0,0,0,0,0,0,0,0,0,0,2,31,HOMBRE,ILESO,CONDUCTOR PRESENTE,NO,NO,0
3157,9814,9815,2017,0,0,-0.224945,-78.514509,PICHINCHA,QUITO,QUITO,RURAL,2017-05-05,22:00:00,22,VIERNES,5,MAYO,5,NO,CONDUCIR VEHICULO SUPERANDO LOS LIMITES MAXIMOS DE VELOCIDAD.,VOLCAMIENTOS,AUTOMOVIL,1,0,0,0,0,0,0,0,0,0,0,0,0,1,-1,NO IDENTIFICADO,NO IDENTIFICADO,CONDUCTOR AUSENTE,NO,NO,2
3158,9817,9818,2017,1,0,-0.114461,-78.495106,PICHINCHA,QUITO,QUITO,URBANA,2017-05-05,23:30:00,23,VIERNES,5,MAYO,5,NO,"CASO FORTUITO O FUERZA MAYOR (EXPLOSION DE NEUMATICO NUEVO, DERRUMBE, INUNDACION, CAIDA DE PUENTE, ARBOL, PRESENCIA INTEMPESTIVA E IMPREVISTA DE SEMOVIENTES EN LA VIA, ETC.).",OTROS,NO IDENTIFICADO,0,0,0,0,0,0,0,0,0,1,0,0,0,1,22,HOMBRE,LESIONADO,CONDUCTOR PRESENTE,NO,NO,0
3159,9819,9820,2017,2,0,-0.198688,-78.484311,PICHINCHA,QUITO,QUITO,URBANA,2017-05-05,23:45:00,23,VIERNES,5,MAYO,5,NO,"CONDUCE BAJO LA INFLUENCIA DE ALCOHOL, SUSTANCIAS ESTUPEFACIENTES O PSICOTROPICAS Y/O MEDICAMENTOS.",COLISION,VEHICULO DEPORTIVO UTILITARIO,2,0,0,0,0,0,0,0,0,0,0,0,2,4,38,HOMBRE,LESIONADO,CONDUCTOR PRESENTE,NO,NO,0
3160,9845,9846,2017,1,0,-0.204331,-78.427841,PICHINCHA,QUITO,CUMBAYA,RURAL,2017-05-06,00:10:00,0,SABADO,6,MAYO,5,NO,NO MANTENER LA DISTANCIA PRUDENCIAL CON RESPECTO AL VEHICULO QUE LE ANTECEDE.,CHOQUE POSTERIOR,MOTOCICLETA,0,0,0,0,0,0,0,0,2,0,0,0,0,2,37,MUJER,LESIONADO,PASAJERO,NO,NO,3
3161,9847,9848,2017,0,0,-0.282595,-78.470666,PICHINCHA,QUITO,CONOCOTO,RURAL,2017-05-06,00:20:00,0,SABADO,6,MAYO,5,NO,"NO RESPETAR LAS SENIALES REGLAMENTARIAS DE TRANSITO. (PARE, CEDA EL PASO, LUZ ROJA DEL SEMAFORO, ETC).",CHOQUE LATERAL,VEHICULO DEPORTIVO UTILITARIO,0,0,0,0,0,0,0,0,0,0,0,0,2,2,31,HOMBRE,ILESO,CONDUCTOR PRESENTE,NO,NO,3
3162,9849,9850,2017,2,0,-0.128701,-78.493882,PICHINCHA,QUITO,QUITO,URBANA,2017-05-06,01:20:00,1,SABADO,6,MAYO,5,NO,"NO RESPETAR LAS SENIALES REGLAMENTARIAS DE TRANSITO. (PARE, CEDA EL PASO, LUZ ROJA DEL SEMAFORO, ETC).",CHOQUE LATERAL,MOTOCICLETA,0,0,0,0,0,0,0,0,1,1,0,0,0,2,25,HOMBRE,LESIONADO,CONDUCTOR PRESENTE,NO,NO,0
3163,9852,9853,2017,0,0,-0.094128,-78.481195,PICHINCHA,QUITO,QUITO,URBANA,2017-05-06,02:10:00,2,SABADO,6,MAYO,5,NO,"CONDUCIR EN ESTADO DE SOMNOLENCIA O MALAS CONDICIONES FISICAS (SUENIO, CANSANCIO Y FATIGA).",ESTRELLAMIENTOS,AUTOMOVIL,2,0,0,0,0,0,0,0,0,0,0,0,0,2,40,HOMBRE,ILESO,CONDUCTOR PRESENTE,NO,NO,0
3164,9854,9855,2017,1,0,-0.060781,-78.346999,PICHINCHA,QUITO,GUAYLLABAMBA,RURAL,2017-05-06,02:35:00,2,SABADO,6,MAYO,5,NO,"CASO FORTUITO O FUERZA MAYOR (EXPLOSION DE NEUMATICO NUEVO, DERRUMBE, INUNDACION, CAIDA DE PUENTE, ARBOL, PRESENCIA INTEMPESTIVA E IMPREVISTA DE SEMOVIENTES EN LA VIA, ETC.).",OTROS,NO IDENTIFICADO,0,0,0,0,0,0,0,0,0,1,0,0,0,1,34,HOMBRE,LESIONADO,CONDUCTOR PRESENTE,NO,NO,3
3165,9855,9856,2017,0,0,-0.164586,-78.453973,PICHINCHA,QUITO,QUITO,URBANA,2017-05-06,02:40:00,2,SABADO,6,MAYO,5,NO,CONDUCIR VEHICULO SUPERANDO LOS LIMITES MAXIMOS DE VELOCIDAD.,ESTRELLAMIENTOS,VEHICULO DEPORTIVO UTILITARIO,0,0,0,0,0,0,0,0,0,0,0,0,1,1,-1,NO IDENTIFICADO,NO IDENTIFICADO,CONDUCTOR AUSENTE,NO,NO,2
3166,9858,9859,2017,0,0,-0.184991,-78.509955,PICHINCHA,QUITO,QUITO,URBANA,2017-05-06,03:30:00,3,SABADO,6,MAYO,5,NO,CONDUCIR VEHICULO SUPERANDO LOS LIMITES MAXIMOS DE VELOCIDAD.,VOLCAMIENTOS,AUTOMOVIL,1,0,0,0,0,0,0,0,0,0,0,0,0,1,-1,NO IDENTIFICADO,NO IDENTIFICADO,CONDUCTOR AUSENTE,NO,NO,2
3167,9860,9861,2017,0,0,-0.141457,-78.483041,PICHINCHA,QUITO,QUITO,URBANA,2017-05-06,04:19:00,4,SABADO,6,MAYO,5,NO,CONDUCIR VEHICULO SUPERANDO LOS LIMITES MAXIMOS DE VELOCIDAD.,ESTRELLAMIENTOS,AUTOMOVIL,1,0,0,0,0,0,0,0,0,0,0,0,0,1,-1,NO IDENTIFICADO,NO IDENTIFICADO,CONDUCTOR AUSENTE,NO,NO,2
3168,9861,9862,2017,1,0,-0.195941,-78.495029,PICHINCHA,QUITO,QUITO,URBANA,2017-05-06,04:30:00,4,SABADO,6,MAYO,5,NO,CONDUCIR VEHICULO SUPERANDO LOS LIMITES MAXIMOS DE VELOCIDAD.,ESTRELLAMIENTOS,VEHICULO DEPORTIVO UTILITARIO,0,0,0,0,0,0,0,0,0,0,0,0,1,1,36,MUJER,LESIONADO,CONDUCTOR PRESENTE,NO,NO,0
3169,9872,9873,2017,1,0,-0.141696,-78.474989,PICHINCHA,QUITO,QUITO,URBANA,2017-05-06,07:30:00,7,SABADO,6,MAYO,5,NO,"NO RESPETAR LAS SENIALES REGLAMENTARIAS DE TRANSITO. (PARE, CEDA EL PASO, LUZ ROJA DEL SEMAFORO, ETC).",CHOQUE LATERAL,MOTOCICLETA,0,0,0,0,0,0,0,0,1,1,0,0,0,2,40,HOMBRE,LESIONADO,CONDUCTOR PRESENTE,NO,NO,0
3170,9873,9874,2017,1,0,-0.010659,-78.445924,PICHINCHA,QUITO,SAN ANTONIO (QUITO),RURAL,2017-05-06,08:00:00,8,SABADO,6,MAYO,5,NO,"NO RESPETAR LAS SENIALES REGLAMENTARIAS DE TRANSITO. (PARE, CEDA EL PASO, LUZ ROJA DEL SEMAFORO, ETC).",CHOQUE LATERAL,AUTOMOVIL,1,1,0,0,0,0,0,0,0,0,0,0,0,2,12,HOMBRE,LESIONADO,CONDUCTOR PRESENTE,NO,NO,3
3171,9875,9876,2017,0,0,-0.131915,-78.482814,PICHINCHA,QUITO,QUITO,URBANA,2017-05-06,09:50:00,9,SABADO,6,MAYO,5,NO,"CONDUCIR DESATENTO A LAS CONDICIONES DE TRANSITO (CELULAR, PANTALLAS DE VIDEO, COMIDA, MAQUILLAJE O CUALQUIER OTRO ELEMENTO DISTRACTOR).",ESTRELLAMIENTOS,AUTOMOVIL,1,0,0,0,0,0,0,0,0,0,0,0,0,1,-1,NO IDENTIFICADO,NO IDENTIFICADO,CONDUCTOR AUSENTE,NO,NO,2
3172,9877,9878,2017,1,0,-0.218701,-78.510415,PICHINCHA,QUITO,QUITO,URBANA,2017-05-06,10:00:00,10,SABADO,6,MAYO,5,NO,NO CEDER EL DERECHO DE VIA O PREFERENCIA DE PASO AL PEATON.,ATROPELLOS,AUTOMOVIL,1,0,0,0,0,0,0,0,0,0,0,0,0,1,34,MUJER,LESIONADO,PEATON,NO,NO,0
3173,9881,9882,2017,0,0,-0.444144,-78.665044,PICHINCHA,MEJIA,ALOAG,RURAL,2017-05-06,11:00:00,11,SABADO,6,MAYO,5,NO,"CONDUCIR DESATENTO A LAS CONDICIONES DE TRANSITO (CELULAR, PANTALLAS DE VIDEO, COMIDA, MAQUILLAJE O CUALQUIER OTRO ELEMENTO DISTRACTOR).",PERDIDA DE PISTA,AUTOMOVIL,1,0,0,1,0,0,0,0,0,0,0,0,0,2,44,HOMBRE,ILESO,CONDUCTOR PRESENTE,NO,NO,3
3174,9882,9883,2017,0,0,-0.116742,-78.499333,PICHINCHA,QUITO,QUITO,URBANA,2017-05-06,11:50:00,11,SABADO,6,MAYO,5,NO,"NO RESPETAR LAS SENIALES REGLAMENTARIAS DE TRANSITO. (PARE, CEDA EL PASO, LUZ ROJA DEL SEMAFORO, ETC).",CHOQUE LATERAL,AUTOMOVIL,1,0,0,0,0,0,0,0,0,1,0,0,0,2,32,HOMBRE,ILESO,CONDUCTOR PRESENTE,NO,NO,0
3175,9886,9887,2017,0,0,-0.214132,-78.498944,PICHINCHA,QUITO,QUITO,URBANA,2017-05-06,13:05:00,13,SABADO,6,MAYO,5,NO,NO MANTENER LA DISTANCIA PRUDENCIAL CON RESPECTO AL VEHICULO QUE LE ANTECEDE.,CHOQUE POSTERIOR,BUS,0,0,1,0,1,0,0,0,0,0,0,0,0,2,22,HOMBRE,ILESO,CONDUCTOR PRESENTE,NO,NO,0
3176,9889,9890,2017,0,0,-0.206635,-78.380871,PICHINCHA,QUITO,TUMBACO,RURAL,2017-05-06,14:30:00,14,SABADO,6,MAYO,5,NO,"NO RESPETAR LAS SENIALES REGLAMENTARIAS DE TRANSITO. (PARE, CEDA EL PASO, LUZ ROJA DEL SEMAFORO, ETC).",CHOQUE LATERAL,VEHICULO DEPORTIVO UTILITARIO,0,0,0,0,0,0,0,0,0,0,0,0,2,2,28,HOMBRE,ILESO,CONDUCTOR PRESENTE,NO,NO,3
3177,9891,9892,2017,1,0,-0.215738,-78.516205,PICHINCHA,QUITO,QUITO,URBANA,2017-05-06,15:10:00,15,SABADO,6,MAYO,5,NO,NO CEDER EL DERECHO DE VIA O PREFERENCIA DE PASO AL PEATON.,ATROPELLOS,NO IDENTIFICADO,0,0,0,0,0,0,0,0,0,1,0,0,0,1,46,HOMBRE,LESIONADO,PEATON,NO,NO,0
3178,9892,9893,2017,1,0,-0.274242,-78.519659,PICHINCHA,QUITO,QUITO,URBANA,2017-05-06,16:15:00,16,SABADO,6,MAYO,5,NO,DEJAR O RECOGER PASAJEROS EN LUGARES NO PERMITIDOS.,CAIDA DE PASAJERO,BUS,0,0,1,0,0,0,0,0,0,0,0,0,0,1,22,HOMBRE,LESIONADO,PASAJERO,NO,NO,0
3179,9894,9895,2017,1,0,-0.133596,-78.497687,PICHINCHA,QUITO,QUITO,URBANA,2017-05-06,16:55:00,16,SABADO,6,MAYO,5,NO,NO CEDER EL DERECHO DE VIA O PREFERENCIA DE PASO AL PEATON.,ATROPELLOS,MOTOCICLETA,0,0,0,0,0,0,0,0,1,0,0,0,0,1,23,MUJER,LESIONADO,PEATON,NO,NO,0
3180,9895,9896,2017,3,0,0.032609,-78.681242,PICHINCHA,QUITO,NANEGALITO,RURAL,2017-05-06,17:30:00,17,SABADO,6,MAYO,5,NO,CONDUCIR EN SENTIDO CONTRARIO A LA VIA NORMAL DE CIRCULACION.,CHOQUE FRONTAL,AUTOMOVIL,1,0,0,1,0,0,0,0,0,0,0,0,0,2,40,HOMBRE,LESIONADO,CONDUCTOR PRESENTE,NO,NO,3
3181,9898,9899,2017,0,0,-0.411264,-78.547835,PICHINCHA,MEJIA,TAMBILLO (MEJIA),RURAL,2017-05-06,18:00:00,18,SABADO,6,MAYO,5,NO,"CONDUCIR DESATENTO A LAS CONDICIONES DE TRANSITO (CELULAR, PANTALLAS DE VIDEO, COMIDA, MAQUILLAJE O CUALQUIER OTRO ELEMENTO DISTRACTOR).",ROZAMIENTOS,VEHICULO DEPORTIVO UTILITARIO,1,0,0,0,0,0,0,0,0,0,0,0,1,2,57,HOMBRE,ILESO,CONDUCTOR PRESENTE,NO,NO,3
3182,9904,9905,2017,0,0,-0.180103,-78.489285,PICHINCHA,QUITO,QUITO,URBANA,2017-05-06,19:30:00,19,SABADO,6,MAYO,5,NO,"CONDUCE BAJO LA INFLUENCIA DE ALCOHOL, SUSTANCIAS ESTUPEFACIENTES O PSICOTROPICAS Y/O MEDICAMENTOS.",ESTRELLAMIENTOS,VEHICULO DEPORTIVO UTILITARIO,1,0,0,0,0,0,0,0,0,0,0,0,1,2,22,HOMBRE,ILESO,CONDUCTOR PRESENTE,NO,NO,0
3183,9905,9906,2017,1,0,-0.328479,-78.522294,PICHINCHA,QUITO,QUITO,URBANA,2017-05-06,19:35:00,19,SABADO,6,MAYO,5,NO,CONDUCIR VEHICULO SUPERANDO LOS LIMITES MAXIMOS DE VELOCIDAD.,CHOQUE POSTERIOR,MOTOCICLETA,0,0,0,0,0,0,0,0,1,1,0,0,0,2,31,HOMBRE,LESIONADO,CONDUCTOR PRESENTE,NO,NO,0
3184,9906,9907,2017,2,0,-0.231386,-78.491361,PICHINCHA,QUITO,QUITO,URBANA,2017-05-06,19:40:00,19,SABADO,6,MAYO,5,NO,NO TRANSITAR POR LAS ACERAS O ZONAS DE SEGURIDAD DESTINADAS PARA EL EFECTO.,ATROPELLOS,NO IDENTIFICADO,0,0,0,0,0,0,0,0,0,1,0,0,0,1,20,HOMBRE,LESIONADO,PEATON,NO,NO,0
3185,9909,9910,2017,0,0,-0.258261,-78.522478,PICHINCHA,QUITO,QUITO,URBANA,2017-05-06,20:35:00,20,SABADO,6,MAYO,5,NO,"NO RESPETAR LAS SENIALES REGLAMENTARIAS DE TRANSITO. (PARE, CEDA EL PASO, LUZ ROJA DEL SEMAFORO, ETC).",CHOQUE LATERAL,MOTOCICLETA,0,0,0,0,0,0,0,0,1,1,0,0,0,2,33,HOMBRE,ILESO,CONDUCTOR PRESENTE,NO,NO,0
3186,9912,9913,2017,0,0,-0.304504,-78.566841,PICHINCHA,QUITO,QUITO,URBANA,2017-05-06,21:00:00,21,SABADO,6,MAYO,5,NO,CONDUCIR VEHICULO SUPERANDO LOS LIMITES MAXIMOS DE VELOCIDAD.,ESTRELLAMIENTOS,CAMIONETA,0,0,0,0,1,0,0,0,0,0,0,0,0,1,-1,NO IDENTIFICADO,NO IDENTIFICADO,CONDUCTOR AUSENTE,NO,NO,2
3187,9913,9914,2017,0,0,-0.245216,-78.497388,PICHINCHA,QUITO,QUITO,URBANA,2017-05-06,21:45:00,21,SABADO,6,MAYO,5,NO,"CONDUCIR DESATENTO A LAS CONDICIONES DE TRANSITO (CELULAR, PANTALLAS DE VIDEO, COMIDA, MAQUILLAJE O CUALQUIER OTRO ELEMENTO DISTRACTOR).",ESTRELLAMIENTOS,AUTOMOVIL,1,0,0,0,0,0,0,0,0,0,0,0,0,1,-1,NO IDENTIFICADO,NO IDENTIFICADO,CONDUCTOR AUSENTE,NO,NO,2
3188,9946,9947,2017,0,0,-0.182196,-78.490084,PICHINCHA,QUITO,QUITO,URBANA,2017-05-07,00:30:00,0,DOMINGO,7,MAYO,5,NO,CONDUCIR VEHICULO SUPERANDO LOS LIMITES MAXIMOS DE VELOCIDAD.,ESTRELLAMIENTOS,VEHICULO DEPORTIVO UTILITARIO,0,0,0,0,0,0,0,0,0,0,0,0,1,1,57,HOMBRE,ILESO,CONDUCTOR PRESENTE,NO,NO,0
3189,9947,9948,2017,0,0,-0.189189,-78.478368,PICHINCHA,QUITO,QUITO,URBANA,2017-05-07,00:37:00,0,DOMINGO,7,MAYO,5,NO,NO GUARDAR LA DISTANCIA LATERAL MINIMA DE SEGURIDAD ENTRE VEHICULOS.,ROZAMIENTOS,VEHICULO DEPORTIVO UTILITARIO,0,0,0,0,0,0,0,0,0,0,0,0,2,2,27,HOMBRE,ILESO,CONDUCTOR PRESENTE,NO,NO,0
3190,9948,9949,2017,0,0,-0.112226,-78.474231,PICHINCHA,QUITO,QUITO,URBANA,2017-05-07,00:37:00,0,DOMINGO,7,MAYO,5,NO,"CONDUCIR EN ESTADO DE SOMNOLENCIA O MALAS CONDICIONES FISICAS (SUENIO, CANSANCIO Y FATIGA).",ESTRELLAMIENTOS,VEHICULO DEPORTIVO UTILITARIO,0,0,0,0,0,0,0,0,0,0,0,0,1,1,-1,NO IDENTIFICADO,NO IDENTIFICADO,CONDUCTOR AUSENTE,NO,NO,2
3191,9952,9953,2017,0,0,-0.275446,-78.489459,PICHINCHA,QUITO,CONOCOTO,URBANA,2017-05-07,01:30:00,1,DOMINGO,7,MAYO,5,NO,REALIZAR CAMBIO BRUSCO O INDEBIDO DE CARRIL.,PERDIDA DE PISTA,AUTOMOVIL,1,0,0,0,0,0,0,0,0,0,0,0,0,1,-1,NO IDENTIFICADO,NO IDENTIFICADO,CONDUCTOR AUSENTE,NO,NO,2
3192,9959,9960,2017,0,0,-0.258472,-78.534162,PICHINCHA,QUITO,QUITO,URBANA,2017-05-07,02:35:00,2,DOMINGO,7,MAYO,5,NO,"CONDUCIR EN ESTADO DE SOMNOLENCIA O MALAS CONDICIONES FISICAS (SUENIO, CANSANCIO Y FATIGA).",ESTRELLAMIENTOS,AUTOMOVIL,1,0,0,0,0,0,0,0,0,0,0,0,0,1,-1,NO IDENTIFICADO,NO IDENTIFICADO,CONDUCTOR AUSENTE,NO,NO,2
3193,9960,9961,2017,0,0,-0.292129,-78.562046,PICHINCHA,QUITO,QUITO,URBANA,2017-05-07,02:45:00,2,DOMINGO,7,MAYO,5,NO,"CONDUCE BAJO LA INFLUENCIA DE ALCOHOL, SUSTANCIAS ESTUPEFACIENTES O PSICOTROPICAS Y/O MEDICAMENTOS.",ESTRELLAMIENTOS,AUTOMOVIL,2,0,0,0,0,0,0,0,0,0,0,0,0,2,20,HOMBRE,ILESO,CONDUCTOR PRESENTE,NO,NO,0
3194,9961,9962,2017,3,0,-0.106506,-78.295192,PICHINCHA,QUITO,EL QUINCHE,RURAL,2017-05-07,03:00:00,3,DOMINGO,7,MAYO,5,NO,"CONDUCE BAJO LA INFLUENCIA DE ALCOHOL, SUSTANCIAS ESTUPEFACIENTES O PSICOTROPICAS Y/O MEDICAMENTOS.",CHOQUE LATERAL,MOTOCICLETA,1,0,0,0,0,0,0,0,1,0,0,0,0,2,26,HOMBRE,LESIONADO,PASAJERO,NO,NO,3
3195,9962,9963,2017,0,0,-0.119576,-78.506551,PICHINCHA,QUITO,QUITO,URBANA,2017-05-07,03:00:00,3,DOMINGO,7,MAYO,5,NO,"CONDUCIR EN ESTADO DE SOMNOLENCIA O MALAS CONDICIONES FISICAS (SUENIO, CANSANCIO Y FATIGA).",ESTRELLAMIENTOS,AUTOMOVIL,1,0,0,0,0,0,0,0,0,0,0,0,0,1,-1,NO IDENTIFICADO,NO IDENTIFICADO,CONDUCTOR AUSENTE,NO,NO,2
3196,9964,9965,2017,0,0,-0.247215,-78.477812,PICHINCHA,QUITO,QUITO,RURAL,2017-05-07,03:20:00,3,DOMINGO,7,MAYO,5,NO,CONDUCIR VEHICULO SUPERANDO LOS LIMITES MAXIMOS DE VELOCIDAD.,VOLCAMIENTOS,AUTOMOVIL,1,0,0,0,0,0,0,0,0,0,0,0,0,1,22,MUJER,ILESO,PASAJERO,NO,NO,3
3197,9966,9967,2017,1,0,-0.199883,-78.473784,PICHINCHA,QUITO,QUITO,URBANA,2017-05-07,04:10:00,4,DOMINGO,7,MAYO,5,NO,CONDUCIR VEHICULO SUPERANDO LOS LIMITES MAXIMOS DE VELOCIDAD.,ESTRELLAMIENTOS,VEHICULO DEPORTIVO UTILITARIO,0,0,0,0,0,0,0,0,0,0,0,0,1,1,36,HOMBRE,LESIONADO,CONDUCTOR PRESENTE,NO,NO,0
3198,9973,9974,2017,2,0,-0.206438,-78.370261,PICHINCHA,QUITO,PUEMBO,RURAL,2017-05-07,06:25:00,6,DOMINGO,7,MAYO,5,NO,"ADELANTAR O REBASAR A OTRO VEHICULO EN MOVIMIENTO EN ZONAS O SITIOS PELIGROSOS TALES COMO: CURVAS, PUENTES, TUNELES, PENDIENTES, ETC.",CHOQUE FRONTAL,BUS,1,0,1,0,0,0,0,0,0,0,0,0,0,2,36,MUJER,LESIONADO,PASAJERO,NO,NO,3
3199,9974,9975,2017,0,0,-0.192775,-78.498161,PICHINCHA,QUITO,QUITO,URBANA,2017-05-07,06:34:00,6,DOMINGO,7,MAYO,5,NO,"CONDUCE BAJO LA INFLUENCIA DE ALCOHOL, SUSTANCIAS ESTUPEFACIENTES O PSICOTROPICAS Y/O MEDICAMENTOS.",CHOQUE LATERAL,AUTOMOVIL,2,0,0,0,0,0,0,0,0,0,0,0,0,2,21,HOMBRE,ILESO,CONDUCTOR PRESENTE,NO,NO,0
3200,9978,9979,2017,0,1,-0.237161,-78.531857,PICHINCHA,QUITO,QUITO,URBANA,2017-05-07,07:30:00,7,DOMINGO,7,MAYO,5,NO,REALIZAR CAMBIO BRUSCO O INDEBIDO DE CARRIL.,ESTRELLAMIENTOS,MOTOCICLETA,0,0,0,0,0,0,0,0,1,0,0,0,0,1,24,HOMBRE,FALLECIDO,CONDUCTOR PRESENTE,NO,NO,0
3201,9982,9983,2017,1,0,-0.208844,-78.335604,PICHINCHA,QUITO,YARUQUI,RURAL,2017-05-07,10:15:00,10,DOMINGO,7,MAYO,5,NO,CONDUCIR VEHICULO SUPERANDO LOS LIMITES MAXIMOS DE VELOCIDAD.,PERDIDA DE PISTA,AUTOMOVIL,1,0,0,0,0,0,0,0,0,0,0,0,0,1,21,MUJER,LESIONADO,CONDUCTOR PRESENTE,NO,NO,3
3202,9983,9984,2017,1,0,-0.256082,-78.552479,PICHINCHA,QUITO,QUITO,URBANA,2017-05-07,10:25:00,10,DOMINGO,7,MAYO,5,NO,CONDUCIR VEHICULO SUPERANDO LOS LIMITES MAXIMOS DE VELOCIDAD.,ESTRELLAMIENTOS,MOTOCICLETA,0,0,0,0,0,0,0,0,1,0,0,0,0,1,24,HOMBRE,LESIONADO,CONDUCTOR PRESENTE,NO,NO,0
3203,9988,9989,2017,0,0,-0.299432,-78.559038,PICHINCHA,QUITO,QUITO,URBANA,2017-05-07,11:15:00,11,DOMINGO,7,MAYO,5,NO,"NO RESPETAR LAS SENIALES REGLAMENTARIAS DE TRANSITO. (PARE, CEDA EL PASO, LUZ ROJA DEL SEMAFORO, ETC).",CHOQUE LATERAL,AUTOMOVIL,2,0,0,0,0,0,0,0,0,0,0,0,0,2,33,HOMBRE,ILESO,CONDUCTOR PRESENTE,NO,NO,0
3204,9989,9990,2017,1,0,-0.244151,-78.526587,PICHINCHA,QUITO,QUITO,RURAL,2017-05-07,11:25:00,11,DOMINGO,7,MAYO,5,NO,REALIZAR CAMBIO BRUSCO O INDEBIDO DE CARRIL.,CHOQUE POSTERIOR,VEHICULO DEPORTIVO UTILITARIO,0,0,1,0,0,0,0,0,0,0,0,0,1,2,28,MUJER,LESIONADO,CONDUCTOR PRESENTE,NO,NO,3
3205,9992,9993,2017,1,0,-0.186642,-78.495821,PICHINCHA,QUITO,QUITO,URBANA,2017-05-07,12:20:00,12,DOMINGO,7,MAYO,5,NO,"NO RESPETAR LAS SENIALES REGLAMENTARIAS DE TRANSITO. (PARE, CEDA EL PASO, LUZ ROJA DEL SEMAFORO, ETC).",CHOQUE LATERAL,BICICLETA,0,1,0,0,0,0,0,0,0,1,0,0,0,2,27,HOMBRE,LESIONADO,CONDUCTOR PRESENTE,NO,NO,0
3206,9996,9997,2017,0,0,-0.280709,-78.557887,PICHINCHA,QUITO,QUITO,URBANA,2017-05-07,13:23:00,13,DOMINGO,7,MAYO,5,NO,"NO RESPETAR LAS SENIALES REGLAMENTARIAS DE TRANSITO. (PARE, CEDA EL PASO, LUZ ROJA DEL SEMAFORO, ETC).",CHOQUE LATERAL,VEHICULO DEPORTIVO UTILITARIO,0,0,0,0,0,0,0,0,0,1,0,0,1,2,51,HOMBRE,ILESO,CONDUCTOR PRESENTE,NO,NO,0
3207,9998,9999,2017,0,0,-0.288875,-78.488518,PICHINCHA,QUITO,CONOCOTO,RURAL,2017-05-07,14:05:00,14,DOMINGO,7,MAYO,5,NO,"CONDUCIR DESATENTO A LAS CONDICIONES DE TRANSITO (CELULAR, PANTALLAS DE VIDEO, COMIDA, MAQUILLAJE O CUALQUIER OTRO ELEMENTO DISTRACTOR).",ESTRELLAMIENTOS,CAMIONETA,0,0,0,0,1,0,0,0,0,1,0,0,0,2,50,HOMBRE,ILESO,CONDUCTOR PRESENTE,NO,NO,3
3208,10001,10002,2017,0,0,-0.271741,-78.550356,PICHINCHA,QUITO,QUITO,URBANA,2017-05-07,15:30:00,15,DOMINGO,7,MAYO,5,NO,REALIZAR CAMBIO BRUSCO O INDEBIDO DE CARRIL.,CHOQUE LATERAL,MOTOCICLETA,0,0,0,0,0,0,0,0,1,0,0,0,1,2,22,HOMBRE,ILESO,CONDUCTOR PRESENTE,NO,NO,0
3209,10004,10005,2017,0,0,-0.263187,-78.559607,PICHINCHA,QUITO,QUITO,URBANA,2017-05-07,16:15:00,16,DOMINGO,7,MAYO,5,NO,CONDUCIR VEHICULO SUPERANDO LOS LIMITES MAXIMOS DE VELOCIDAD.,PERDIDA DE PISTA,CAMIONETA,0,0,0,0,1,0,0,0,0,0,0,0,0,1,-1,NO IDENTIFICADO,NO IDENTIFICADO,CONDUCTOR AUSENTE,NO,NO,2