,Unnamed: 0,ID,ANIO,LESIONADOS,FALLECIDOS,LATITUD_Y,LONGITUD_X,PROVINCIA,CANTON,PARROQUIA,ZONA,FECHA,HORA,PERIODO_2,DIA_1,DIA_2,MES_1,MES_2,FERIADO,CAUSA_PROBABLE,TIPO_DE_SINIESTRO,TIPO_DE_VEHICULO_1,AUTOMOVIL,BICICLETA,BUS,CAMION,CAMIONETA,EMERGENCIAS,ESPECIAL,FURGONETA,MOTOCICLETA,NO_IDENTIFICADO,SCOOTER_ELECTRICO,TRICIMOTO,VEHICULO_DEPORTIVO_UTILITARIO,SUMA_DE_VEHICULOS,EDAD_1,SEXO_1,CONDICION_1,PARTICIPANTE_1,CASCO_1,CINTURON_1,KMeans_Cluster
3210,10008,10009,2017,3,0,-0.095979,-78.468329,PICHINCHA,QUITO,QUITO,URBANA,2017-05-07,18:05:00,18,DOMINGO,7,MAYO,5,NO,CONDUCIR VEHICULO SUPERANDO LOS LIMITES MAXIMOS DE VELOCIDAD.,PERDIDA DE PISTA,VEHICULO DEPORTIVO UTILITARIO,0,0,0,0,0,0,0,0,0,0,0,0,1,1,40,HOMBRE,LESIONADO,CONDUCTOR PRESENTE,NO,NO,0
3211,10010,10011,2017,1,0,-0.188532,-78.492028,PICHINCHA,QUITO,QUITO,URBANA,2017-05-07,18:38:00,18,DOMINGO,7,MAYO,5,NO,NO TRANSITAR POR LAS ACERAS O ZONAS DE SEGURIDAD DESTINADAS PARA EL EFECTO.,ATROPELLOS,BUS,0,0,1,0,0,0,0,0,0,0,0,0,0,1,50,HOMBRE,LESIONADO,PEATON,NO,NO,0
3212,10012,10013,2017,1,0,-0.256409,-78.495138,PICHINCHA,QUITO,CONOCOTO,RURAL,2017-05-07,18:50:00,18,DOMINGO,7,MAYO,5,NO,"PEATON TRANSITA BAJO INFLUENCIA DE ALCOHOL, SUSTANCIAS ESTUPEFACIENTES O PSICOTROPICAS Y/O MEDICAMENTOS.",ATROPELLOS,CAMIONETA,0,0,0,0,1,0,0,0,0,0,0,0,0,1,30,HOMBRE,LESIONADO,PEATON,NO,NO,3
3213,10013,10014,2017,0,0,-0.128108,-78.502461,PICHINCHA,QUITO,QUITO,URBANA,2017-05-07,18:55:00,18,DOMINGO,7,MAYO,5,NO,"NO RESPETAR LAS SENIALES REGLAMENTARIAS DE TRANSITO. (PARE, CEDA EL PASO, LUZ ROJA DEL SEMAFORO, ETC).",CHOQUE LATERAL,AUTOMOVIL,2,0,0,0,0,0,0,0,0,0,0,0,0,2,42,HOMBRE,ILESO,CONDUCTOR PRESENTE,NO,NO,0
3214,10014,10015,2017,1,0,-0.245691,-78.519977,PICHINCHA,QUITO,QUITO,URBANA,2017-05-07,19:00:00,19,DOMINGO,7,MAYO,5,NO,NO CEDER EL DERECHO DE VIA O PREFERENCIA DE PASO AL PEATON.,ATROPELLOS,NO IDENTIFICADO,0,0,0,0,0,0,0,0,0,1,0,0,0,1,33,HOMBRE,LESIONADO,PEATON,NO,NO,0
3215,10016,10017,2017,1,0,-0.117726,-78.483711,PICHINCHA,QUITO,QUITO,URBANA,2017-05-07,19:20:00,19,DOMINGO,7,MAYO,5,NO,NO CEDER EL DERECHO DE VIA O PREFERENCIA DE PASO AL PEATON.,ATROPELLOS,AUTOMOVIL,1,0,0,0,0,0,0,0,0,0,0,0,0,1,80,HOMBRE,LESIONADO,PEATON,NO,NO,0
3216,10019,10020,2017,0,1,-0.046494,-78.285541,PICHINCHA,CAYAMBE,SANTA ROSA DE CUZUBAMBA,RURAL,2017-05-07,20:00:00,20,DOMINGO,7,MAYO,5,NO,NO CEDER EL DERECHO DE VIA O PREFERENCIA DE PASO AL PEATON.,ATROPELLOS,AUTOMOVIL,1,0,0,0,0,0,0,0,0,0,0,0,0,1,32,HOMBRE,FALLECIDO,PEATON,NO,NO,3
3217,10021,10022,2017,2,0,-0.123805,-78.471794,PICHINCHA,QUITO,QUITO,URBANA,2017-05-07,20:45:00,20,DOMINGO,7,MAYO,5,NO,CONDUCIR VEHICULO SUPERANDO LOS LIMITES MAXIMOS DE VELOCIDAD.,VOLCAMIENTOS,AUTOMOVIL,1,0,0,0,0,0,0,0,0,0,0,0,0,1,32,HOMBRE,LESIONADO,CONDUCTOR PRESENTE,NO,NO,0
3218,10022,10023,2017,0,0,-0.188941,-78.491003,PICHINCHA,QUITO,QUITO,URBANA,2017-05-07,21:00:00,21,DOMINGO,7,MAYO,5,NO,"CONDUCIR DESATENTO A LAS CONDICIONES DE TRANSITO (CELULAR, PANTALLAS DE VIDEO, COMIDA, MAQUILLAJE O CUALQUIER OTRO ELEMENTO DISTRACTOR).",CAIDA DE PASAJERO,VEHICULO DEPORTIVO UTILITARIO,0,0,0,0,0,0,0,0,0,0,0,0,1,1,34,HOMBRE,ILESO,CONDUCTOR PRESENTE,NO,NO,0
3219,10060,10061,2017,0,0,-0.012839,-78.447307,PICHINCHA,QUITO,SAN ANTONIO (QUITO),RURAL,2017-05-08,06:30:00,6,LUNES,1,MAYO,5,NO,NO CEDER EL DERECHO DE VIA O PREFERENCIA DE PASO A VEHICULOS.,CHOQUE LATERAL,CAMIONETA,1,0,0,0,1,0,0,0,0,0,0,0,0,2,23,HOMBRE,ILESO,CONDUCTOR PRESENTE,NO,NO,3
3220,10061,10062,2017,1,0,-0.091585,-78.439052,PICHINCHA,QUITO,CALDERON (CARAPUNGO),RURAL,2017-05-08,06:38:00,6,LUNES,1,MAYO,5,NO,DEJAR O RECOGER PASAJEROS EN LUGARES NO PERMITIDOS.,PERDIDA DE PISTA,BUS,0,0,1,0,0,0,0,0,0,0,0,0,0,1,33,HOMBRE,LESIONADO,PASAJERO,NO,NO,3
3221,10062,10063,2017,1,0,-0.142041,-78.443217,PICHINCHA,QUITO,LLANO CHICO,RURAL,2017-05-08,07:10:00,7,LUNES,1,MAYO,5,NO,NO CEDER EL DERECHO DE VIA O PREFERENCIA DE PASO A VEHICULOS.,COLISION,MOTOCICLETA,0,0,0,0,0,0,0,1,2,0,0,0,0,3,19,HOMBRE,LESIONADO,CONDUCTOR PRESENTE,NO,NO,3
3222,10063,10064,2017,1,0,-0.150393,-78.453592,PICHINCHA,QUITO,QUITO,RURAL,2017-05-08,07:45:00,7,LUNES,1,MAYO,5,NO,CONDUCIR VEHICULO SUPERANDO LOS LIMITES MAXIMOS DE VELOCIDAD.,VOLCAMIENTOS,MOTOCICLETA,0,0,0,0,0,0,0,0,1,0,0,0,0,1,48,HOMBRE,LESIONADO,CONDUCTOR PRESENTE,NO,NO,3
3223,10064,10065,2017,0,0,-0.220081,-78.516834,PICHINCHA,QUITO,QUITO,URBANA,2017-05-08,08:25:00,8,LUNES,1,MAYO,5,NO,NO CEDER EL DERECHO DE VIA O PREFERENCIA DE PASO AL PEATON.,ATROPELLOS,AUTOMOVIL,1,0,0,0,0,0,0,0,0,0,0,0,0,1,30,MUJER,ILESO,CONDUCTOR PRESENTE,NO,NO,0
3224,10065,10066,2017,0,0,-0.196669,-78.466599,PICHINCHA,QUITO,QUITO,RURAL,2017-05-08,08:38:00,8,LUNES,1,MAYO,5,NO,CONDUCIR VEHICULO SUPERANDO LOS LIMITES MAXIMOS DE VELOCIDAD.,ESTRELLAMIENTOS,VEHICULO DEPORTIVO UTILITARIO,0,0,0,0,0,0,0,0,0,0,0,0,1,1,46,HOMBRE,ILESO,CONDUCTOR PRESENTE,NO,NO,3
3225,10067,10068,2017,1,0,-0.172524,-78.487887,PICHINCHA,QUITO,QUITO,URBANA,2017-05-08,09:00:00,9,LUNES,1,MAYO,5,NO,DEJAR O RECOGER PASAJEROS EN LUGARES NO PERMITIDOS.,CAIDA DE PASAJERO,NO IDENTIFICADO,0,0,0,0,0,0,0,0,0,1,0,0,0,1,68,MUJER,LESIONADO,PASAJERO,NO,NO,0
3226,10068,10069,2017,1,0,-0.238213,-78.484807,PICHINCHA,QUITO,QUITO,RURAL,2017-05-08,09:05:00,9,LUNES,1,MAYO,5,NO,CONDUCIR VEHICULO SUPERANDO LOS LIMITES MAXIMOS DE VELOCIDAD.,ESTRELLAMIENTOS,AUTOMOVIL,1,0,0,0,0,0,0,0,0,0,0,0,0,1,25,HOMBRE,LESIONADO,CONDUCTOR PRESENTE,NO,NO,3
3227,10069,10070,2017,0,0,-0.104643,-78.453801,PICHINCHA,QUITO,CALDERON (CARAPUNGO),RURAL,2017-05-08,09:15:00,9,LUNES,1,MAYO,5,NO,NO GUARDAR LA DISTANCIA LATERAL MINIMA DE SEGURIDAD ENTRE VEHICULOS.,ROZAMIENTOS,VEHICULO DEPORTIVO UTILITARIO,0,0,1,0,0,0,0,0,0,0,0,0,1,2,32,HOMBRE,ILESO,CONDUCTOR PRESENTE,NO,NO,3
3228,10070,10071,2017,0,0,-0.201887,-78.431167,PICHINCHA,QUITO,CUMBAYA,RURAL,2017-05-08,10:20:00,10,LUNES,1,MAYO,5,NO,"NO RESPETAR LAS SENIALES REGLAMENTARIAS DE TRANSITO. (PARE, CEDA EL PASO, LUZ ROJA DEL SEMAFORO, ETC).",CHOQUE LATERAL,AUTOMOVIL,1,0,0,0,0,0,0,0,0,0,0,0,1,2,33,MUJER,ILESO,CONDUCTOR PRESENTE,NO,NO,3
3229,10075,10076,2017,0,0,-0.109124,-78.296386,PICHINCHA,QUITO,EL QUINCHE,RURAL,2017-05-08,12:50:00,12,LUNES,1,MAYO,5,NO,NO CEDER EL DERECHO DE VIA O PREFERENCIA DE PASO A VEHICULOS.,CHOQUE LATERAL,VEHICULO DEPORTIVO UTILITARIO,0,0,0,0,0,0,0,1,0,0,0,0,1,2,31,HOMBRE,ILESO,CONDUCTOR PRESENTE,NO,NO,3
3230,10078,10079,2017,0,0,-0.300061,-78.523941,PICHINCHA,QUITO,QUITO,URBANA,2017-05-08,14:30:00,14,LUNES,1,MAYO,5,NO,"NO RESPETAR LAS SENIALES REGLAMENTARIAS DE TRANSITO. (PARE, CEDA EL PASO, LUZ ROJA DEL SEMAFORO, ETC).",CHOQUE LATERAL,AUTOMOVIL,2,0,0,0,0,0,0,0,0,0,0,0,0,2,28,HOMBRE,ILESO,CONDUCTOR PRESENTE,NO,NO,0
3231,10081,10082,2017,1,0,-0.210023,-78.502939,PICHINCHA,QUITO,QUITO,URBANA,2017-05-08,14:40:00,14,LUNES,1,MAYO,5,NO,"CONDUCE BAJO LA INFLUENCIA DE ALCOHOL, SUSTANCIAS ESTUPEFACIENTES O PSICOTROPICAS Y/O MEDICAMENTOS.",ATROPELLOS,AUTOMOVIL,1,0,0,0,0,0,0,0,0,0,0,0,0,1,9,HOMBRE,LESIONADO,PEATON,NO,NO,0
3232,10084,10085,2017,0,0,-0.283427,-78.543784,PICHINCHA,QUITO,QUITO,URBANA,2017-05-08,15:05:00,15,LUNES,1,MAYO,5,NO,NO MANTENER LA DISTANCIA PRUDENCIAL CON RESPECTO AL VEHICULO QUE LE ANTECEDE.,CHOQUE POSTERIOR,AUTOMOVIL,1,0,0,0,0,0,0,0,0,1,0,0,0,2,38,HOMBRE,ILESO,CONDUCTOR PRESENTE,NO,NO,0
3233,10085,10086,2017,0,0,-0.154618,-78.497349,PICHINCHA,QUITO,QUITO,URBANA,2017-05-08,15:15:00,15,LUNES,1,MAYO,5,NO,"CONDUCIR DESATENTO A LAS CONDICIONES DE TRANSITO (CELULAR, PANTALLAS DE VIDEO, COMIDA, MAQUILLAJE O CUALQUIER OTRO ELEMENTO DISTRACTOR).",ESTRELLAMIENTOS,CAMION,1,0,0,1,0,0,0,0,1,1,0,0,0,4,46,HOMBRE,ILESO,CONDUCTOR PRESENTE,NO,NO,0
3234,10087,10088,2017,1,0,-0.280841,-78.548733,PICHINCHA,QUITO,QUITO,URBANA,2017-05-08,16:48:00,16,LUNES,1,MAYO,5,NO,REALIZAR CAMBIO BRUSCO O INDEBIDO DE CARRIL.,VOLCAMIENTOS,MOTOCICLETA,0,0,0,0,0,0,0,0,1,0,0,0,0,1,30,HOMBRE,LESIONADO,CONDUCTOR PRESENTE,NO,NO,0
3235,10089,10090,2017,0,0,-0.208792,-78.365948,PICHINCHA,QUITO,PUEMBO,RURAL,2017-05-08,17:20:00,17,LUNES,1,MAYO,5,NO,NO MANTENER LA DISTANCIA PRUDENCIAL CON RESPECTO AL VEHICULO QUE LE ANTECEDE.,CHOQUE POSTERIOR,VEHICULO DEPORTIVO UTILITARIO,0,0,0,0,0,0,0,0,0,1,0,0,1,2,31,HOMBRE,ILESO,CONDUCTOR PRESENTE,NO,NO,3
3236,10090,10091,2017,1,0,-0.318581,-78.549284,PICHINCHA,QUITO,QUITO,URBANA,2017-05-08,17:55:00,17,LUNES,1,MAYO,5,NO,"CONDUCIR DESATENTO A LAS CONDICIONES DE TRANSITO (CELULAR, PANTALLAS DE VIDEO, COMIDA, MAQUILLAJE O CUALQUIER OTRO ELEMENTO DISTRACTOR).",ATROPELLOS,CAMIONETA,0,0,0,0,1,0,0,0,0,0,0,0,0,1,14,HOMBRE,LESIONADO,PASAJERO,NO,NO,0
3237,10091,10092,2017,1,0,-0.280701,-78.557872,PICHINCHA,QUITO,QUITO,URBANA,2017-05-08,18:15:00,18,LUNES,1,MAYO,5,NO,"NO RESPETAR LAS SENIALES REGLAMENTARIAS DE TRANSITO. (PARE, CEDA EL PASO, LUZ ROJA DEL SEMAFORO, ETC).",CHOQUE LATERAL,AUTOMOVIL,1,0,0,0,0,0,0,0,1,0,0,0,0,2,22,MUJER,LESIONADO,PASAJERO,NO,NO,0
3238,10093,10094,2017,0,0,-0.290893,-78.536382,PICHINCHA,QUITO,QUITO,URBANA,2017-05-08,18:20:00,18,LUNES,1,MAYO,5,NO,NO MANTENER LA DISTANCIA PRUDENCIAL CON RESPECTO AL VEHICULO QUE LE ANTECEDE.,CHOQUE POSTERIOR,FURGONETA,1,0,0,0,0,0,0,1,0,0,0,0,0,2,56,HOMBRE,ILESO,CONDUCTOR PRESENTE,NO,NO,0
3239,10099,10100,2017,1,0,-0.261601,-78.530649,PICHINCHA,QUITO,QUITO,URBANA,2017-05-08,22:00:00,22,LUNES,1,MAYO,5,NO,"NO RESPETAR LAS SENIALES REGLAMENTARIAS DE TRANSITO. (PARE, CEDA EL PASO, LUZ ROJA DEL SEMAFORO, ETC).",CHOQUE LATERAL,AUTOMOVIL,2,0,0,0,0,0,0,0,0,0,0,0,0,2,-1,HOMBRE,LESIONADO,PASAJERO,NO,NO,0
3240,10100,10101,2017,1,0,-0.012295,-78.445556,PICHINCHA,QUITO,SAN ANTONIO (QUITO),RURAL,2017-05-08,22:10:00,22,LUNES,1,MAYO,5,NO,"NO RESPETAR LAS SENIALES REGLAMENTARIAS DE TRANSITO. (PARE, CEDA EL PASO, LUZ ROJA DEL SEMAFORO, ETC).",CHOQUE LATERAL,CAMIONETA,0,0,0,0,1,0,0,0,1,0,0,0,0,2,34,HOMBRE,LESIONADO,CONDUCTOR PRESENTE,NO,NO,3
3241,10101,10102,2017,0,0,-0.294359,-78.558771,PICHINCHA,QUITO,QUITO,URBANA,2017-05-08,23:50:00,23,LUNES,1,MAYO,5,NO,"NO RESPETAR LAS SENIALES REGLAMENTARIAS DE TRANSITO. (PARE, CEDA EL PASO, LUZ ROJA DEL SEMAFORO, ETC).",CHOQUE LATERAL,VEHICULO DEPORTIVO UTILITARIO,1,0,0,0,0,0,0,0,0,0,0,0,1,2,30,HOMBRE,ILESO,CONDUCTOR PRESENTE,NO,NO,0
3242,10113,10114,2017,2,0,-0.348594,-78.540121,PICHINCHA,QUITO,QUITO,URBANA,2017-05-09,00:00:00,0,MARTES,2,MAYO,5,NO,PESO Y VOLUMEN - NO CUMPLIR CON LAS NORMAS DE SEGURIDAD NECESARIAS AL TRANSPORTAR CARGAS.,ESTRELLAMIENTOS,MOTOCICLETA,0,0,0,0,0,0,0,0,1,0,0,0,0,1,38,HOMBRE,LESIONADO,PASAJERO,NO,NO,0
3243,10114,10115,2017,0,0,-0.254034,-78.517128,PICHINCHA,QUITO,QUITO,URBANA,2017-05-09,04:59:00,4,MARTES,2,MAYO,5,NO,"CONDUCIR EN ESTADO DE SOMNOLENCIA O MALAS CONDICIONES FISICAS (SUENIO, CANSANCIO Y FATIGA).",ESTRELLAMIENTOS,NO IDENTIFICADO,0,0,0,0,0,0,0,0,0,1,0,0,0,1,-1,NO IDENTIFICADO,NO IDENTIFICADO,CONDUCTOR AUSENTE,NO,NO,2
3244,10118,10119,2017,0,0,-0.168411,-78.486758,PICHINCHA,QUITO,QUITO,URBANA,2017-05-09,07:00:00,7,MARTES,2,MAYO,5,NO,NO CEDER EL DERECHO DE VIA O PREFERENCIA DE PASO A VEHICULOS.,CHOQUE LATERAL,VEHICULO DEPORTIVO UTILITARIO,0,0,0,0,0,0,0,0,0,0,0,0,2,2,34,HOMBRE,ILESO,CONDUCTOR PRESENTE,NO,NO,0
3245,10122,10123,2017,1,0,-0.261712,-78.543998,PICHINCHA,QUITO,QUITO,URBANA,2017-05-09,08:34:00,8,MARTES,2,MAYO,5,NO,"NO RESPETAR LAS SENIALES REGLAMENTARIAS DE TRANSITO. (PARE, CEDA EL PASO, LUZ ROJA DEL SEMAFORO, ETC).",CHOQUE LATERAL,AUTOMOVIL,1,0,0,0,0,0,0,0,1,0,0,0,0,2,32,HOMBRE,LESIONADO,CONDUCTOR PRESENTE,NO,NO,0
3246,10124,10125,2017,0,0,-0.206577,-78.493227,PICHINCHA,QUITO,QUITO,URBANA,2017-05-09,09:16:00,9,MARTES,2,MAYO,5,NO,NO CEDER EL DERECHO DE VIA O PREFERENCIA DE PASO AL PEATON.,ATROPELLOS,NO IDENTIFICADO,0,0,0,0,0,0,0,0,0,1,0,0,0,1,20,MUJER,ILESO,PEATON,NO,NO,0
3247,10125,10126,2017,0,0,-0.109497,-78.459376,PICHINCHA,QUITO,CALDERON (CARAPUNGO),RURAL,2017-05-09,09:35:00,9,MARTES,2,MAYO,5,NO,NO GUARDAR LA DISTANCIA LATERAL MINIMA DE SEGURIDAD ENTRE VEHICULOS.,ROZAMIENTOS,AUTOMOVIL,1,0,0,0,1,0,0,0,0,0,0,0,0,2,72,HOMBRE,ILESO,CONDUCTOR PRESENTE,NO,NO,3
3248,10127,10128,2017,1,0,-0.136172,-78.470287,PICHINCHA,QUITO,QUITO,URBANA,2017-05-09,11:00:00,11,MARTES,2,MAYO,5,NO,NO CEDER EL DERECHO DE VIA O PREFERENCIA DE PASO AL PEATON.,ATROPELLOS,NO IDENTIFICADO,0,0,0,0,0,0,0,0,0,1,0,0,0,1,40,MUJER,LESIONADO,PEATON,NO,NO,0
3249,10128,10129,2017,2,0,-0.123805,-78.471794,PICHINCHA,QUITO,QUITO,URBANA,2017-05-09,12:45:00,12,MARTES,2,MAYO,5,NO,"NO RESPETAR LAS SENIALES REGLAMENTARIAS DE TRANSITO. (PARE, CEDA EL PASO, LUZ ROJA DEL SEMAFORO, ETC).",ESTRELLAMIENTOS,CAMION,0,0,0,1,0,0,0,0,0,0,0,0,1,2,36,MUJER,LESIONADO,PEATON,NO,NO,0
3250,10129,10130,2017,0,0,-0.163213,-78.463304,PICHINCHA,QUITO,QUITO,URBANA,2017-05-09,13:20:00,13,MARTES,2,MAYO,5,NO,"ADELANTAR O REBASAR A OTRO VEHICULO EN MOVIMIENTO EN ZONAS O SITIOS PELIGROSOS TALES COMO: CURVAS, PUENTES, TUNELES, PENDIENTES, ETC.",ROZAMIENTOS,VEHICULO DEPORTIVO UTILITARIO,1,0,0,0,0,0,0,0,0,0,0,0,1,2,28,MUJER,ILESO,CONDUCTOR PRESENTE,NO,NO,0
3251,10132,10133,2017,0,0,-0.191669,-78.493451,PICHINCHA,QUITO,QUITO,URBANA,2017-05-09,14:45:00,14,MARTES,2,MAYO,5,NO,NO CEDER EL DERECHO DE VIA O PREFERENCIA DE PASO A VEHICULOS.,CHOQUE LATERAL,AUTOMOVIL,1,0,0,0,0,0,0,1,0,0,0,0,0,2,44,HOMBRE,ILESO,CONDUCTOR PRESENTE,NO,NO,0
3252,10135,10136,2017,0,0,-0.077971,-78.474703,PICHINCHA,QUITO,QUITO,URBANA,2017-05-09,16:40:00,16,MARTES,2,MAYO,5,NO,NO GUARDAR LA DISTANCIA LATERAL MINIMA DE SEGURIDAD ENTRE VEHICULOS.,ROZAMIENTOS,VEHICULO DEPORTIVO UTILITARIO,0,0,1,0,0,0,0,0,0,0,0,0,1,2,42,HOMBRE,ILESO,CONDUCTOR PRESENTE,NO,NO,0
3253,10139,10140,2017,0,0,-0.104686,-78.453912,PICHINCHA,QUITO,CALDERON (CARAPUNGO),RURAL,2017-05-09,17:36:00,17,MARTES,2,MAYO,5,NO,REALIZAR CAMBIO BRUSCO O INDEBIDO DE CARRIL.,ROZAMIENTOS,AUTOMOVIL,1,0,1,0,0,0,0,0,0,0,0,0,0,2,46,HOMBRE,ILESO,CONDUCTOR PRESENTE,NO,NO,3
3254,10142,10143,2017,2,0,-0.447611,-78.558069,PICHINCHA,MEJIA,MACHACHI,RURAL,2017-05-09,18:30:00,18,MARTES,2,MAYO,5,NO,CONDUCIR EN SENTIDO CONTRARIO A LA VIA NORMAL DE CIRCULACION.,CHOQUE FRONTAL,BUS,0,0,1,0,0,0,0,0,1,0,0,0,0,2,27,HOMBRE,LESIONADO,CONDUCTOR PRESENTE,NO,NO,3
3255,10144,10145,2017,0,0,-0.232612,-78.503782,PICHINCHA,QUITO,QUITO,URBANA,2017-05-09,19:45:00,19,MARTES,2,MAYO,5,NO,NO MANTENER LA DISTANCIA PRUDENCIAL CON RESPECTO AL VEHICULO QUE LE ANTECEDE.,CHOQUE POSTERIOR,VEHICULO DEPORTIVO UTILITARIO,0,0,0,0,1,0,0,0,0,0,0,0,1,2,30,MUJER,ILESO,CONDUCTOR PRESENTE,NO,NO,0
3256,10149,10150,2017,2,0,-0.137645,-78.501298,PICHINCHA,QUITO,QUITO,URBANA,2017-05-09,21:30:00,21,MARTES,2,MAYO,5,NO,"NO RESPETAR LAS SENIALES REGLAMENTARIAS DE TRANSITO. (PARE, CEDA EL PASO, LUZ ROJA DEL SEMAFORO, ETC).",COLISION,MOTOCICLETA,1,0,0,0,0,0,0,0,1,0,0,0,1,3,43,HOMBRE,LESIONADO,CONDUCTOR PRESENTE,NO,NO,0
3257,10153,10154,2017,0,0,-0.337177,-78.889482,PICHINCHA,MEJIA,MANUEL CORNEJO ASTORGA,RURAL,2017-05-09,23:30:00,23,MARTES,2,MAYO,5,NO,"CONDICIONES AMBIENTALES Y/O ATMOSFERICAS (NIEBLA, NEBLINA, GRANIZO, LLUVIA).",PERDIDA DE PISTA,CAMION,0,0,0,1,0,0,0,0,0,0,0,0,0,1,58,HOMBRE,ILESO,CONDUCTOR PRESENTE,NO,NO,3
3258,10154,10155,2017,0,0,-0.202033,-78.483055,PICHINCHA,QUITO,QUITO,URBANA,2017-05-09,23:30:00,23,MARTES,2,MAYO,5,NO,CONDUCIR VEHICULO SUPERANDO LOS LIMITES MAXIMOS DE VELOCIDAD.,ESTRELLAMIENTOS,AUTOMOVIL,1,0,0,0,0,0,0,0,0,0,0,0,0,1,-1,NO IDENTIFICADO,NO IDENTIFICADO,CONDUCTOR AUSENTE,NO,NO,2
3259,10174,10175,2017,0,0,-0.153396,-78.484496,PICHINCHA,QUITO,QUITO,URBANA,2017-05-10,00:30:00,0,MIERCOLES,3,MAYO,5,NO,"NO RESPETAR LAS SENIALES REGLAMENTARIAS DE TRANSITO. (PARE, CEDA EL PASO, LUZ ROJA DEL SEMAFORO, ETC).",CHOQUE LATERAL,AUTOMOVIL,1,0,0,0,0,0,0,0,0,0,0,0,1,2,39,HOMBRE,ILESO,CONDUCTOR PRESENTE,NO,NO,0
3260,10175,10176,2017,0,0,-0.304167,-78.542831,PICHINCHA,QUITO,QUITO,URBANA,2017-05-10,00:30:00,0,MIERCOLES,3,MAYO,5,NO,"CONDUCE BAJO LA INFLUENCIA DE ALCOHOL, SUSTANCIAS ESTUPEFACIENTES O PSICOTROPICAS Y/O MEDICAMENTOS.",ESTRELLAMIENTOS,AUTOMOVIL,3,0,0,0,0,0,0,0,0,0,0,0,0,3,35,HOMBRE,ILESO,CONDUCTOR PRESENTE,NO,NO,0
3261,10176,10177,2017,0,0,-0.166259,-78.486838,PICHINCHA,QUITO,QUITO,URBANA,2017-05-10,01:00:00,1,MIERCOLES,3,MAYO,5,NO,CONDUCIR VEHICULO SUPERANDO LOS LIMITES MAXIMOS DE VELOCIDAD.,ESTRELLAMIENTOS,AUTOMOVIL,1,0,0,0,0,0,0,0,0,0,0,0,0,1,-1,NO IDENTIFICADO,NO IDENTIFICADO,CONDUCTOR AUSENTE,NO,NO,2
3262,10177,10178,2017,0,0,-0.004415,-78.452728,PICHINCHA,QUITO,SAN ANTONIO (QUITO),URBANA,2017-05-10,01:10:00,1,MIERCOLES,3,MAYO,5,NO,REALIZAR CAMBIO BRUSCO O INDEBIDO DE CARRIL.,PERDIDA DE PISTA,AUTOMOVIL,1,0,0,0,0,0,0,0,0,0,0,0,0,1,-1,NO IDENTIFICADO,NO IDENTIFICADO,CONDUCTOR AUSENTE,NO,NO,2
3263,10179,10180,2017,0,0,-0.338304,-78.549273,PICHINCHA,QUITO,QUITO,URBANA,2017-05-10,04:20:00,4,MIERCOLES,3,MAYO,5,NO,"NO RESPETAR LAS SENIALES REGLAMENTARIAS DE TRANSITO. (PARE, CEDA EL PASO, LUZ ROJA DEL SEMAFORO, ETC).",CHOQUE LATERAL,CAMION,0,0,1,1,0,0,0,0,0,0,0,0,0,2,34,HOMBRE,ILESO,CONDUCTOR PRESENTE,NO,NO,0
3264,10180,10181,2017,0,0,-0.223133,-78.512852,PICHINCHA,QUITO,QUITO,URBANA,2017-05-10,06:03:00,6,MIERCOLES,3,MAYO,5,NO,PEATON QUE CRUZA LA CALZADA SIN RESPETAR LA SENIALIZACION EXISTENTE (SEMAFOROS O SENIALES MANUALES).,ATROPELLOS,CAMION,0,0,0,1,0,0,0,0,0,0,0,0,0,1,50,HOMBRE,ILESO,CONDUCTOR PRESENTE,NO,NO,0
3265,10181,10182,2017,1,0,-0.277617,-78.517149,PICHINCHA,QUITO,QUITO,URBANA,2017-05-10,06:10:00,6,MIERCOLES,3,MAYO,5,NO,NO CEDER EL DERECHO DE VIA O PREFERENCIA DE PASO A VEHICULOS.,COLISION,CAMIONETA,2,0,0,0,1,0,0,0,0,0,0,0,0,3,28,MUJER,LESIONADO,CONDUCTOR PRESENTE,NO,NO,0
3266,10183,10184,2017,1,0,-0.153897,-78.488023,PICHINCHA,QUITO,QUITO,URBANA,2017-05-10,06:50:00,6,MIERCOLES,3,MAYO,5,NO,REALIZAR CAMBIO BRUSCO O INDEBIDO DE CARRIL.,CHOQUE LATERAL,AUTOMOVIL,1,0,0,0,0,0,0,0,1,0,0,0,0,2,27,HOMBRE,LESIONADO,PASAJERO,NO,NO,0
3267,10184,10185,2017,1,0,-0.226486,-78.339567,PICHINCHA,QUITO,PIFO,RURAL,2017-05-10,06:50:00,6,MIERCOLES,3,MAYO,5,NO,NO CEDER EL DERECHO DE VIA O PREFERENCIA DE PASO AL PEATON.,ARROLLAMIENTOS,AUTOMOVIL,1,0,0,0,0,0,0,0,0,0,0,0,0,1,28,MUJER,LESIONADO,PEATON,NO,NO,3
3268,10187,10188,2017,1,0,-0.291844,-78.558452,PICHINCHA,QUITO,QUITO,URBANA,2017-05-10,07:30:00,7,MIERCOLES,3,MAYO,5,NO,DEJAR O RECOGER PASAJEROS EN LUGARES NO PERMITIDOS.,CAIDA DE PASAJERO,BUS,0,0,1,0,0,0,0,0,0,0,0,0,0,1,35,MUJER,LESIONADO,PASAJERO,NO,NO,0
3269,10188,10189,2017,0,0,-0.224976,-78.410941,PICHINCHA,QUITO,TUMBACO,RURAL,2017-05-10,07:45:00,7,MIERCOLES,3,MAYO,5,NO,REALIZAR CAMBIO BRUSCO O INDEBIDO DE CARRIL.,CHOQUE LATERAL,MOTOCICLETA,0,0,0,0,0,0,0,0,1,1,0,0,0,2,45,HOMBRE,ILESO,CONDUCTOR PRESENTE,NO,NO,3