,Unnamed: 0,ID,ANIO,LESIONADOS,FALLECIDOS,LATITUD_Y,LONGITUD_X,PROVINCIA,CANTON,PARROQUIA,ZONA,FECHA,HORA,PERIODO_2,DIA_1,DIA_2,MES_1,MES_2,FERIADO,CAUSA_PROBABLE,TIPO_DE_SINIESTRO,TIPO_DE_VEHICULO_1,AUTOMOVIL,BICICLETA,BUS,CAMION,CAMIONETA,EMERGENCIAS,ESPECIAL,FURGONETA,MOTOCICLETA,NO_IDENTIFICADO,SCOOTER_ELECTRICO,TRICIMOTO,VEHICULO_DEPORTIVO_UTILITARIO,SUMA_DE_VEHICULOS,EDAD_1,SEXO_1,CONDICION_1,PARTICIPANTE_1,CASCO_1,CINTURON_1,KMeans_Cluster
3270,10190,10191,2017,1,0,-0.085894,-78.510717,PICHINCHA,QUITO,QUITO,URBANA,2017-05-10,08:16:00,8,MIERCOLES,3,MAYO,5,NO,"NO RESPETAR LAS SENIALES REGLAMENTARIAS DE TRANSITO. (PARE, CEDA EL PASO, LUZ ROJA DEL SEMAFORO, ETC).",CHOQUE LATERAL,CAMIONETA,1,0,0,0,1,0,0,0,0,0,0,0,0,2,19,MUJER,LESIONADO,PASAJERO,NO,NO,0
3271,10195,10196,2017,1,0,-0.193617,-78.486909,PICHINCHA,QUITO,QUITO,URBANA,2017-05-10,11:00:00,11,MIERCOLES,3,MAYO,5,NO,NO CEDER EL DERECHO DE VIA O PREFERENCIA DE PASO AL PEATON.,ATROPELLOS,NO IDENTIFICADO,0,0,0,0,0,0,0,0,0,1,0,0,0,1,38,MUJER,LESIONADO,PEATON,NO,NO,0
3272,10196,10197,2017,0,0,-0.193662,-78.483031,PICHINCHA,QUITO,QUITO,URBANA,2017-05-10,11:43:00,11,MIERCOLES,3,MAYO,5,NO,NO CEDER EL DERECHO DE VIA O PREFERENCIA DE PASO A VEHICULOS.,CHOQUE LATERAL,AUTOMOVIL,1,0,0,0,0,0,0,0,1,0,0,0,0,2,41,HOMBRE,ILESO,CONDUCTOR PRESENTE,NO,NO,0
3273,10197,10198,2017,0,0,0.047683,-78.221934,PICHINCHA,PEDRO MONCAYO,TABACUNDO,URBANA,2017-05-10,12:15:00,12,MIERCOLES,3,MAYO,5,NO,"NO RESPETAR LAS SENIALES REGLAMENTARIAS DE TRANSITO. (PARE, CEDA EL PASO, LUZ ROJA DEL SEMAFORO, ETC).",ESTRELLAMIENTOS,VEHICULO DEPORTIVO UTILITARIO,0,0,0,0,0,0,0,0,0,0,0,0,2,2,-1,HOMBRE,ILESO,CONDUCTOR PRESENTE,NO,NO,0
3274,10198,10199,2017,1,0,-0.304231,-78.558689,PICHINCHA,QUITO,QUITO,URBANA,2017-05-10,12:30:00,12,MIERCOLES,3,MAYO,5,NO,REALIZAR CAMBIO BRUSCO O INDEBIDO DE CARRIL.,PERDIDA DE PISTA,MOTOCICLETA,0,0,0,0,0,0,0,0,1,0,0,0,0,1,22,HOMBRE,LESIONADO,CONDUCTOR PRESENTE,NO,NO,0
3275,10199,10200,2017,0,0,-0.187553,-78.478231,PICHINCHA,QUITO,QUITO,URBANA,2017-05-10,12:46:00,12,MIERCOLES,3,MAYO,5,NO,"NO RESPETAR LAS SENIALES REGLAMENTARIAS DE TRANSITO. (PARE, CEDA EL PASO, LUZ ROJA DEL SEMAFORO, ETC).",CHOQUE LATERAL,AUTOMOVIL,1,0,0,0,0,0,0,0,0,0,0,0,1,2,18,HOMBRE,ILESO,CONDUCTOR PRESENTE,NO,NO,0
3276,10201,10202,2017,0,0,-0.241127,-78.530948,PICHINCHA,QUITO,QUITO,URBANA,2017-05-10,13:20:00,13,MIERCOLES,3,MAYO,5,NO,NO CEDER EL DERECHO DE VIA O PREFERENCIA DE PASO A VEHICULOS.,CHOQUE LATERAL,AUTOMOVIL,1,0,0,1,0,0,0,0,0,0,0,0,0,2,55,MUJER,ILESO,CONDUCTOR PRESENTE,NO,NO,0
3277,10205,10206,2017,0,0,-0.202984,-78.497211,PICHINCHA,QUITO,QUITO,URBANA,2017-05-10,14:25:00,14,MIERCOLES,3,MAYO,5,NO,NO GUARDAR LA DISTANCIA LATERAL MINIMA DE SEGURIDAD ENTRE VEHICULOS.,ROZAMIENTOS,AUTOMOVIL,2,0,0,0,0,0,0,0,0,0,0,0,0,2,37,HOMBRE,ILESO,CONDUCTOR PRESENTE,NO,NO,0
3278,10206,10207,2017,1,0,0.039476,-78.152046,PICHINCHA,CAYAMBE,CAYAMBE,URBANA,2017-05-10,14:50:00,14,MIERCOLES,3,MAYO,5,NO,NO GUARDAR LA DISTANCIA LATERAL MINIMA DE SEGURIDAD ENTRE VEHICULOS.,CHOQUE LATERAL,BUS,0,0,1,0,0,0,0,0,0,0,0,0,1,2,50,HOMBRE,LESIONADO,CONDUCTOR PRESENTE,NO,NO,0
3279,10208,10209,2017,1,0,-0.177172,-78.479417,PICHINCHA,QUITO,QUITO,URBANA,2017-05-10,15:50:00,15,MIERCOLES,3,MAYO,5,NO,NO CEDER EL DERECHO DE VIA O PREFERENCIA DE PASO AL PEATON.,ATROPELLOS,AUTOMOVIL,1,0,0,0,0,0,0,0,0,0,0,0,0,1,25,HOMBRE,LESIONADO,PEATON,NO,NO,0
3280,10211,10212,2017,0,0,-0.103205,-78.451549,PICHINCHA,QUITO,CALDERON (CARAPUNGO),RURAL,2017-05-10,17:28:00,17,MIERCOLES,3,MAYO,5,NO,NO GUARDAR LA DISTANCIA LATERAL MINIMA DE SEGURIDAD ENTRE VEHICULOS.,ROZAMIENTOS,AUTOMOVIL,2,0,0,0,0,0,0,0,0,0,0,0,0,2,53,HOMBRE,ILESO,CONDUCTOR PRESENTE,NO,NO,3
3281,10214,10215,2017,0,1,-0.527815,-78.579681,PICHINCHA,MEJIA,ALOASI,RURAL,2017-05-10,18:00:00,18,MIERCOLES,3,MAYO,5,NO,"CONDUCIR DESATENTO A LAS CONDICIONES DE TRANSITO (CELULAR, PANTALLAS DE VIDEO, COMIDA, MAQUILLAJE O CUALQUIER OTRO ELEMENTO DISTRACTOR).",ATROPELLOS,NO IDENTIFICADO,0,0,0,0,0,0,0,0,0,1,0,0,0,1,30,HOMBRE,FALLECIDO,PEATON,NO,NO,3
3282,10218,10219,2017,0,0,-0.244666,-78.510971,PICHINCHA,QUITO,QUITO,URBANA,2017-05-10,19:30:00,19,MIERCOLES,3,MAYO,5,NO,"CONDUCE BAJO LA INFLUENCIA DE ALCOHOL, SUSTANCIAS ESTUPEFACIENTES O PSICOTROPICAS Y/O MEDICAMENTOS.",COLISION,AUTOMOVIL,3,0,0,0,0,0,0,0,0,0,0,0,0,3,23,HOMBRE,ILESO,CONDUCTOR PRESENTE,NO,NO,0
3283,10222,10223,2017,0,0,-0.187408,-78.487668,PICHINCHA,QUITO,QUITO,URBANA,2017-05-10,21:30:00,21,MIERCOLES,3,MAYO,5,NO,"CONDUCIR DESATENTO A LAS CONDICIONES DE TRANSITO (CELULAR, PANTALLAS DE VIDEO, COMIDA, MAQUILLAJE O CUALQUIER OTRO ELEMENTO DISTRACTOR).",ESTRELLAMIENTOS,VEHICULO DEPORTIVO UTILITARIO,0,0,0,0,0,0,0,0,0,0,0,0,1,1,-1,NO IDENTIFICADO,NO IDENTIFICADO,CONDUCTOR AUSENTE,NO,NO,2
3284,10241,10242,2017,0,0,-0.342637,-78.434045,PICHINCHA,RUMINIAHUI,SANGOLQUI,URBANA,2017-05-11,01:30:00,1,JUEVES,4,MAYO,5,NO,CONDUCIR VEHICULO SUPERANDO LOS LIMITES MAXIMOS DE VELOCIDAD.,CHOQUE LATERAL,BUS,0,0,1,2,0,0,0,0,0,0,0,0,0,3,44,HOMBRE,ILESO,CONDUCTOR PRESENTE,NO,NO,0
3285,10244,10245,2017,0,0,-0.282802,-78.495866,PICHINCHA,QUITO,CONOCOTO,RURAL,2017-05-11,04:40:00,4,JUEVES,4,MAYO,5,NO,"CONDUCIR EN ESTADO DE SOMNOLENCIA O MALAS CONDICIONES FISICAS (SUENIO, CANSANCIO Y FATIGA).",ESTRELLAMIENTOS,VEHICULO DEPORTIVO UTILITARIO,0,0,0,0,0,0,0,0,0,0,0,0,1,1,-1,NO IDENTIFICADO,NO IDENTIFICADO,CONDUCTOR AUSENTE,NO,NO,2
3286,10245,10246,2017,1,1,-0.315061,-78.558299,PICHINCHA,QUITO,QUITO,URBANA,2017-05-11,04:40:00,4,JUEVES,4,MAYO,5,NO,CONDUCIR VEHICULO SUPERANDO LOS LIMITES MAXIMOS DE VELOCIDAD.,ESTRELLAMIENTOS,MOTOCICLETA,0,0,0,0,0,0,1,0,1,0,0,0,0,2,27,HOMBRE,FALLECIDO,CONDUCTOR PRESENTE,NO,NO,0
3287,10247,10248,2017,0,1,-0.144229,-78.469533,PICHINCHA,QUITO,QUITO,URBANA,2017-05-11,05:45:00,5,JUEVES,4,MAYO,5,NO,NO CEDER EL DERECHO DE VIA O PREFERENCIA DE PASO AL PEATON.,ATROPELLOS,NO IDENTIFICADO,0,0,0,0,0,0,0,0,0,1,0,0,0,1,70,MUJER,FALLECIDO,PEATON,NO,NO,0
3288,10248,10249,2017,0,0,-0.242475,-78.497488,PICHINCHA,QUITO,QUITO,URBANA,2017-05-11,05:50:00,5,JUEVES,4,MAYO,5,NO,CONDUCIR VEHICULO SUPERANDO LOS LIMITES MAXIMOS DE VELOCIDAD.,ESTRELLAMIENTOS,CAMIONETA,0,0,0,0,1,0,0,0,0,0,0,0,0,1,-1,NO IDENTIFICADO,NO IDENTIFICADO,CONDUCTOR AUSENTE,NO,NO,2
3289,10249,10250,2017,1,0,-0.178201,-78.359842,PICHINCHA,QUITO,PUEMBO,RURAL,2017-05-11,06:15:00,6,JUEVES,4,MAYO,5,NO,"CASO FORTUITO O FUERZA MAYOR (EXPLOSION DE NEUMATICO NUEVO, DERRUMBE, INUNDACION, CAIDA DE PUENTE, ARBOL, PRESENCIA INTEMPESTIVA E IMPREVISTA DE SEMOVIENTES EN LA VIA, ETC.).",OTROS,MOTOCICLETA,0,0,0,0,0,0,0,0,1,1,0,0,0,2,20,HOMBRE,LESIONADO,CONDUCTOR PRESENTE,NO,NO,3
3290,10250,10251,2017,0,0,-0.143177,-78.496303,PICHINCHA,QUITO,QUITO,URBANA,2017-05-11,06:20:00,6,JUEVES,4,MAYO,5,NO,"NO RESPETAR LAS SENIALES REGLAMENTARIAS DE TRANSITO. (PARE, CEDA EL PASO, LUZ ROJA DEL SEMAFORO, ETC).",CHOQUE LATERAL,AUTOMOVIL,1,0,0,0,0,0,0,0,0,1,0,0,0,2,21,HOMBRE,ILESO,CONDUCTOR PRESENTE,NO,NO,0
3291,10251,10252,2017,0,0,-0.141455,-78.495021,PICHINCHA,QUITO,QUITO,URBANA,2017-05-11,06:42:00,6,JUEVES,4,MAYO,5,NO,"NO RESPETAR LAS SENIALES REGLAMENTARIAS DE TRANSITO. (PARE, CEDA EL PASO, LUZ ROJA DEL SEMAFORO, ETC).",CHOQUE LATERAL,AUTOMOVIL,2,0,0,0,0,0,0,0,0,0,0,0,0,2,33,MUJER,ILESO,CONDUCTOR PRESENTE,NO,NO,0
3292,10253,10254,2017,0,0,-0.190099,-78.509787,PICHINCHA,QUITO,QUITO,URBANA,2017-05-11,07:40:00,7,JUEVES,4,MAYO,5,NO,NO CEDER EL DERECHO DE VIA O PREFERENCIA DE PASO A VEHICULOS.,CHOQUE LATERAL,AUTOMOVIL,2,0,0,0,0,0,0,0,0,0,0,0,0,2,29,HOMBRE,ILESO,CONDUCTOR PRESENTE,NO,NO,0
3293,10254,10255,2017,1,0,-0.499074,-78.559939,PICHINCHA,MEJIA,MACHACHI,RURAL,2017-05-11,08:00:00,8,JUEVES,4,MAYO,5,NO,DEJAR O RECOGER PASAJEROS EN LUGARES NO PERMITIDOS.,CAIDA DE PASAJERO,BUS,0,0,1,0,0,0,0,0,0,0,0,0,0,1,63,MUJER,LESIONADO,PEATON,NO,NO,3
3294,10255,10256,2017,1,0,-0.094099,-78.481464,PICHINCHA,QUITO,QUITO,URBANA,2017-05-11,08:00:00,8,JUEVES,4,MAYO,5,NO,CONDUCIR VEHICULO SUPERANDO LOS LIMITES MAXIMOS DE VELOCIDAD.,VOLCAMIENTOS,MOTOCICLETA,0,0,0,0,0,0,0,0,1,0,0,0,0,1,45,HOMBRE,LESIONADO,CONDUCTOR PRESENTE,NO,NO,0
3295,10256,10257,2017,1,0,-0.254686,-78.504316,PICHINCHA,QUITO,QUITO,URBANA,2017-05-11,08:05:00,8,JUEVES,4,MAYO,5,NO,"ADELANTAR O REBASAR A OTRO VEHICULO EN MOVIMIENTO EN ZONAS O SITIOS PELIGROSOS TALES COMO: CURVAS, PUENTES, TUNELES, PENDIENTES, ETC.",CHOQUE LATERAL,FURGONETA,0,0,0,0,0,0,0,1,1,0,0,0,0,2,28,HOMBRE,LESIONADO,CONDUCTOR PRESENTE,NO,NO,0
3296,10257,10258,2017,0,0,-0.093483,-78.488429,PICHINCHA,QUITO,QUITO,URBANA,2017-05-11,08:20:00,8,JUEVES,4,MAYO,5,NO,NO GUARDAR LA DISTANCIA LATERAL MINIMA DE SEGURIDAD ENTRE VEHICULOS.,CHOQUE LATERAL,VEHICULO DEPORTIVO UTILITARIO,1,0,0,0,0,0,0,0,0,0,0,0,1,2,29,MUJER,ILESO,CONDUCTOR PRESENTE,NO,NO,0
3297,10260,10261,2017,0,0,-0.209843,-78.486775,PICHINCHA,QUITO,QUITO,URBANA,2017-05-11,09:00:00,9,JUEVES,4,MAYO,5,NO,"NO RESPETAR LAS SENIALES REGLAMENTARIAS DE TRANSITO. (PARE, CEDA EL PASO, LUZ ROJA DEL SEMAFORO, ETC).",CHOQUE LATERAL,AUTOMOVIL,2,0,0,0,0,0,0,0,0,0,0,0,0,2,45,HOMBRE,ILESO,CONDUCTOR PRESENTE,NO,NO,0
3298,10262,10263,2017,0,0,-0.196669,-78.466599,PICHINCHA,QUITO,QUITO,RURAL,2017-05-11,09:30:00,9,JUEVES,4,MAYO,5,NO,CONDUCIR VEHICULO SUPERANDO LOS LIMITES MAXIMOS DE VELOCIDAD.,ESTRELLAMIENTOS,CAMIONETA,0,0,0,0,1,0,0,0,0,0,0,0,0,1,33,HOMBRE,ILESO,CONDUCTOR PRESENTE,NO,NO,3
3299,10264,10265,2017,0,0,-0.169297,-78.476304,PICHINCHA,QUITO,QUITO,URBANA,2017-05-11,09:50:00,9,JUEVES,4,MAYO,5,NO,"CASO FORTUITO O FUERZA MAYOR (EXPLOSION DE NEUMATICO NUEVO, DERRUMBE, INUNDACION, CAIDA DE PUENTE, ARBOL, PRESENCIA INTEMPESTIVA E IMPREVISTA DE SEMOVIENTES EN LA VIA, ETC.).",OTROS,AUTOMOVIL,1,0,0,0,0,0,0,0,1,0,0,0,0,2,50,HOMBRE,ILESO,CONDUCTOR PRESENTE,NO,NO,0
3300,10266,10267,2017,0,0,-0.140769,-78.470154,PICHINCHA,QUITO,QUITO,URBANA,2017-05-11,10:20:00,10,JUEVES,4,MAYO,5,NO,NO GUARDAR LA DISTANCIA LATERAL MINIMA DE SEGURIDAD ENTRE VEHICULOS.,ROZAMIENTOS,AUTOMOVIL,2,0,0,0,0,0,0,0,0,0,0,0,0,2,27,HOMBRE,ILESO,CONDUCTOR PRESENTE,NO,NO,0
3301,10267,10268,2017,0,0,-0.122302,-78.485078,PICHINCHA,QUITO,QUITO,URBANA,2017-05-11,10:30:00,10,JUEVES,4,MAYO,5,NO,CONDUCIR VEHICULO SUPERANDO LOS LIMITES MAXIMOS DE VELOCIDAD.,ESTRELLAMIENTOS,CAMION,0,0,0,1,0,0,0,0,0,0,0,0,0,1,33,HOMBRE,ILESO,CONDUCTOR PRESENTE,NO,NO,0
3302,10268,10269,2017,1,0,-0.163654,-78.473052,PICHINCHA,QUITO,QUITO,URBANA,2017-05-11,10:45:00,10,JUEVES,4,MAYO,5,NO,NO CEDER EL DERECHO DE VIA O PREFERENCIA DE PASO AL PEATON.,ATROPELLOS,BUS,0,0,1,0,0,0,0,0,0,0,0,0,0,1,22,HOMBRE,LESIONADO,PEATON,NO,NO,0
3303,10269,10270,2017,1,0,-0.230079,-78.497764,PICHINCHA,QUITO,QUITO,URBANA,2017-05-11,10:55:00,10,JUEVES,4,MAYO,5,NO,"ADELANTAR O REBASAR A OTRO VEHICULO EN MOVIMIENTO EN ZONAS O SITIOS PELIGROSOS TALES COMO: CURVAS, PUENTES, TUNELES, PENDIENTES, ETC.",CHOQUE FRONTAL,AUTOMOVIL,1,0,0,0,0,0,0,0,1,0,0,0,0,2,29,HOMBRE,LESIONADO,CONDUCTOR PRESENTE,NO,NO,0
3304,10270,10271,2017,1,0,-0.233564,-78.482412,PICHINCHA,QUITO,QUITO,URBANA,2017-05-11,11:15:00,11,JUEVES,4,MAYO,5,NO,NO TRANSITAR POR LAS ACERAS O ZONAS DE SEGURIDAD DESTINADAS PARA EL EFECTO.,ATROPELLOS,NO IDENTIFICADO,0,0,0,0,0,0,0,0,0,1,0,0,0,1,72,MUJER,LESIONADO,PEATON,NO,NO,0
3305,10272,10273,2017,0,0,-0.203424,-78.482884,PICHINCHA,QUITO,QUITO,URBANA,2017-05-11,11:44:00,11,JUEVES,4,MAYO,5,NO,NO GUARDAR LA DISTANCIA LATERAL MINIMA DE SEGURIDAD ENTRE VEHICULOS.,ROZAMIENTOS,FURGONETA,1,0,0,0,0,0,0,1,0,0,0,0,0,2,26,HOMBRE,ILESO,CONDUCTOR PRESENTE,NO,NO,0
3306,10274,10275,2017,0,0,-0.184187,-78.501024,PICHINCHA,QUITO,QUITO,URBANA,2017-05-11,13:00:00,13,JUEVES,4,MAYO,5,NO,REALIZAR CAMBIO BRUSCO O INDEBIDO DE CARRIL.,CHOQUE LATERAL,AUTOMOVIL,1,0,0,0,0,0,0,0,1,0,0,0,0,2,60,HOMBRE,ILESO,CONDUCTOR PRESENTE,NO,NO,0
3307,10275,10276,2017,1,0,-0.139381,-78.496026,PICHINCHA,QUITO,QUITO,URBANA,2017-05-11,13:10:00,13,JUEVES,4,MAYO,5,NO,NO CEDER EL DERECHO DE VIA O PREFERENCIA DE PASO AL PEATON.,ATROPELLOS,AUTOMOVIL,1,0,0,0,0,0,0,0,0,0,0,0,0,1,27,MUJER,LESIONADO,PEATON,NO,NO,0
3308,10277,10278,2017,0,0,-0.196211,-78.497599,PICHINCHA,QUITO,QUITO,URBANA,2017-05-11,14:10:00,14,JUEVES,4,MAYO,5,NO,NO MANTENER LA DISTANCIA PRUDENCIAL CON RESPECTO AL VEHICULO QUE LE ANTECEDE.,CHOQUE POSTERIOR,AUTOMOVIL,2,0,0,0,0,0,0,0,0,0,0,0,0,2,32,HOMBRE,ILESO,CONDUCTOR PRESENTE,NO,NO,0
3309,10281,10282,2017,0,0,-0.241963,-78.520936,PICHINCHA,QUITO,QUITO,URBANA,2017-05-11,14:48:00,14,JUEVES,4,MAYO,5,NO,"CONDUCIR DESATENTO A LAS CONDICIONES DE TRANSITO (CELULAR, PANTALLAS DE VIDEO, COMIDA, MAQUILLAJE O CUALQUIER OTRO ELEMENTO DISTRACTOR).",ESTRELLAMIENTOS,AUTOMOVIL,1,0,0,0,0,0,0,0,0,1,0,0,0,2,-1,NO IDENTIFICADO,NO IDENTIFICADO,CONDUCTOR AUSENTE,NO,NO,2
3310,10284,10285,2017,1,0,-0.184491,-78.500396,PICHINCHA,QUITO,QUITO,URBANA,2017-05-11,15:12:00,15,JUEVES,4,MAYO,5,NO,"FALLA MECANICA EN LOS SISTEMAS Y/O NEUMATICOS (SISTEMA DE FRENOS, DIRECCION, ELECTRONICO O MECANICO).",VOLCAMIENTOS,BICICLETA,0,1,0,0,0,0,0,0,0,0,0,0,0,1,35,HOMBRE,LESIONADO,CONDUCTOR PRESENTE,NO,NO,0
3311,10287,10288,2017,1,0,0.002568,-78.222671,PICHINCHA,CAYAMBE,CANGAHUA,RURAL,2017-05-11,16:50:00,16,JUEVES,4,MAYO,5,NO,NO TRANSITAR POR LAS ACERAS O ZONAS DE SEGURIDAD DESTINADAS PARA EL EFECTO.,ATROPELLOS,NO IDENTIFICADO,0,0,0,0,0,0,0,0,0,1,0,0,0,1,3,HOMBRE,LESIONADO,PEATON,NO,NO,3
3312,10288,10289,2017,0,0,-0.096868,-78.468685,PICHINCHA,QUITO,QUITO,URBANA,2017-05-11,17:00:00,17,JUEVES,4,MAYO,5,NO,"NO RESPETAR LAS SENIALES REGLAMENTARIAS DE TRANSITO. (PARE, CEDA EL PASO, LUZ ROJA DEL SEMAFORO, ETC).",COLISION,AUTOMOVIL,2,0,0,0,0,0,0,0,0,0,0,0,1,3,39,HOMBRE,ILESO,CONDUCTOR PRESENTE,NO,NO,0
3313,10291,10292,2017,0,0,-0.195771,-78.484198,PICHINCHA,QUITO,QUITO,URBANA,2017-05-11,18:05:00,18,JUEVES,4,MAYO,5,NO,DEJAR O RECOGER PASAJEROS EN LUGARES NO PERMITIDOS.,CHOQUE POSTERIOR,AUTOMOVIL,1,0,1,0,0,0,0,0,0,0,0,0,0,2,51,HOMBRE,ILESO,CONDUCTOR PRESENTE,NO,NO,0
3314,10292,10293,2017,2,0,-0.102489,-78.489106,PICHINCHA,QUITO,QUITO,URBANA,2017-05-11,18:18:00,18,JUEVES,4,MAYO,5,NO,"ADELANTAR O REBASAR A OTRO VEHICULO EN MOVIMIENTO EN ZONAS O SITIOS PELIGROSOS TALES COMO: CURVAS, PUENTES, TUNELES, PENDIENTES, ETC.",CHOQUE FRONTAL,CAMIONETA,1,0,0,0,1,0,0,0,0,0,0,0,0,2,77,HOMBRE,LESIONADO,CONDUCTOR PRESENTE,NO,NO,0
3315,10294,10295,2017,0,0,-0.214379,-78.516436,PICHINCHA,QUITO,QUITO,URBANA,2017-05-11,19:00:00,19,JUEVES,4,MAYO,5,NO,"CONDUCE BAJO LA INFLUENCIA DE ALCOHOL, SUSTANCIAS ESTUPEFACIENTES O PSICOTROPICAS Y/O MEDICAMENTOS.",ROZAMIENTOS,FURGONETA,1,0,0,0,0,0,0,1,0,0,0,0,0,2,38,HOMBRE,ILESO,CONDUCTOR PRESENTE,NO,NO,0
3316,10295,10296,2017,1,0,-0.227327,-78.512884,PICHINCHA,QUITO,QUITO,URBANA,2017-05-11,19:00:00,19,JUEVES,4,MAYO,5,NO,NO TRANSITAR POR LAS ACERAS O ZONAS DE SEGURIDAD DESTINADAS PARA EL EFECTO.,ATROPELLOS,NO IDENTIFICADO,0,0,0,0,0,0,0,0,0,1,0,0,0,1,14,HOMBRE,LESIONADO,PEATON,NO,NO,0
3317,10297,10298,2017,0,0,-0.163269,-78.462867,PICHINCHA,QUITO,QUITO,URBANA,2017-05-11,19:30:00,19,JUEVES,4,MAYO,5,NO,REALIZAR CAMBIO BRUSCO O INDEBIDO DE CARRIL.,CHOQUE POSTERIOR,BUS,0,0,1,0,0,0,0,0,0,0,0,0,1,2,47,HOMBRE,ILESO,CONDUCTOR PRESENTE,NO,NO,0
3318,10298,10299,2017,0,0,-0.192249,-78.488383,PICHINCHA,QUITO,QUITO,URBANA,2017-05-11,19:35:00,19,JUEVES,4,MAYO,5,NO,"CONDUCIR DESATENTO A LAS CONDICIONES DE TRANSITO (CELULAR, PANTALLAS DE VIDEO, COMIDA, MAQUILLAJE O CUALQUIER OTRO ELEMENTO DISTRACTOR).",ESTRELLAMIENTOS,AUTOMOVIL,2,0,0,0,0,0,0,0,0,0,0,0,0,2,34,HOMBRE,ILESO,CONDUCTOR PRESENTE,NO,NO,0
3319,10299,10300,2017,1,0,-0.084638,-78.436797,PICHINCHA,QUITO,CALDERON (CARAPUNGO),RURAL,2017-05-11,19:45:00,19,JUEVES,4,MAYO,5,NO,NO CEDER EL DERECHO DE VIA O PREFERENCIA DE PASO AL PEATON.,ATROPELLOS,NO IDENTIFICADO,0,0,0,0,0,0,0,0,0,1,0,0,0,1,16,HOMBRE,LESIONADO,PEATON,NO,NO,3
3320,10300,10301,2017,0,0,-0.091585,-78.439052,PICHINCHA,QUITO,CALDERON (CARAPUNGO),RURAL,2017-05-11,19:48:00,19,JUEVES,4,MAYO,5,NO,CONDUCIR VEHICULO SUPERANDO LOS LIMITES MAXIMOS DE VELOCIDAD.,ESTRELLAMIENTOS,AUTOMOVIL,1,0,0,0,0,0,0,0,0,0,0,0,0,1,-1,NO IDENTIFICADO,NO IDENTIFICADO,CONDUCTOR AUSENTE,NO,NO,2
3321,10302,10303,2017,1,0,-0.224172,-78.489925,PICHINCHA,QUITO,QUITO,URBANA,2017-05-11,20:30:00,20,JUEVES,4,MAYO,5,NO,CONDUCIR VEHICULO SUPERANDO LOS LIMITES MAXIMOS DE VELOCIDAD.,ESTRELLAMIENTOS,AUTOMOVIL,1,0,0,0,0,0,0,0,0,0,0,0,0,1,20,HOMBRE,LESIONADO,CONDUCTOR PRESENTE,NO,NO,0
3322,10304,10305,2017,1,0,-0.184362,-78.508705,PICHINCHA,QUITO,QUITO,URBANA,2017-05-11,21:00:00,21,JUEVES,4,MAYO,5,NO,NO CEDER EL DERECHO DE VIA O PREFERENCIA DE PASO AL PEATON.,ATROPELLOS,AUTOMOVIL,1,0,0,0,0,0,0,0,0,0,0,0,0,1,22,MUJER,LESIONADO,PEATON,NO,NO,0
3323,10305,10306,2017,1,0,-0.140051,-78.475891,PICHINCHA,QUITO,QUITO,URBANA,2017-05-11,21:30:00,21,JUEVES,4,MAYO,5,NO,PEATON QUE CRUZA LA CALZADA SIN RESPETAR LA SENIALIZACION EXISTENTE (SEMAFOROS O SENIALES MANUALES).,ATROPELLOS,NO IDENTIFICADO,0,0,0,0,0,0,0,0,0,1,0,0,0,1,60,HOMBRE,LESIONADO,PEATON,NO,NO,0
3324,10308,10309,2017,0,0,-0.170784,-78.326675,PICHINCHA,QUITO,YARUQUI,RURAL,2017-05-11,23:30:00,23,JUEVES,4,MAYO,5,NO,"CONDICIONES AMBIENTALES Y/O ATMOSFERICAS (NIEBLA, NEBLINA, GRANIZO, LLUVIA).",PERDIDA DE PISTA,CAMION,0,0,0,1,0,0,0,0,0,0,0,0,0,1,55,HOMBRE,ILESO,CONDUCTOR PRESENTE,NO,NO,3
3325,10333,10334,2017,0,0,-0.123107,-78.493844,PICHINCHA,QUITO,QUITO,URBANA,2017-05-12,00:10:00,0,VIERNES,5,MAYO,5,NO,"CONDUCE BAJO LA INFLUENCIA DE ALCOHOL, SUSTANCIAS ESTUPEFACIENTES O PSICOTROPICAS Y/O MEDICAMENTOS.",CHOQUE POSTERIOR,VEHICULO DEPORTIVO UTILITARIO,1,0,0,0,0,0,0,0,0,0,0,0,1,2,43,HOMBRE,ILESO,CONDUCTOR PRESENTE,NO,NO,0
3326,10335,10336,2017,1,0,-0.149433,-78.449423,PICHINCHA,QUITO,QUITO,RURAL,2017-05-12,00:40:00,0,VIERNES,5,MAYO,5,NO,CONDUCIR VEHICULO SUPERANDO LOS LIMITES MAXIMOS DE VELOCIDAD.,VOLCAMIENTOS,AUTOMOVIL,1,0,0,0,0,0,0,0,0,0,0,0,0,1,30,HOMBRE,LESIONADO,PASAJERO,NO,NO,3
3327,10339,10340,2017,0,0,-0.166058,-78.468472,PICHINCHA,QUITO,QUITO,URBANA,2017-05-12,04:10:00,4,VIERNES,5,MAYO,5,NO,"CONDUCIR EN ESTADO DE SOMNOLENCIA O MALAS CONDICIONES FISICAS (SUENIO, CANSANCIO Y FATIGA).",ESTRELLAMIENTOS,CAMION,0,0,0,1,0,0,0,0,0,0,0,0,0,1,53,HOMBRE,ILESO,CONDUCTOR PRESENTE,NO,NO,0
3328,10340,10341,2017,1,0,-0.296985,-78.558962,PICHINCHA,QUITO,QUITO,URBANA,2017-05-12,05:30:00,5,VIERNES,5,MAYO,5,NO,NO CEDER EL DERECHO DE VIA O PREFERENCIA DE PASO AL PEATON.,ATROPELLOS,FURGONETA,0,0,0,0,0,0,0,1,0,0,0,0,0,1,52,HOMBRE,LESIONADO,PEATON,NO,NO,0