,Unnamed: 0,ID,ANIO,LESIONADOS,FALLECIDOS,LATITUD_Y,LONGITUD_X,PROVINCIA,CANTON,PARROQUIA,ZONA,FECHA,HORA,PERIODO_2,DIA_1,DIA_2,MES_1,MES_2,FERIADO,CAUSA_PROBABLE,TIPO_DE_SINIESTRO,TIPO_DE_VEHICULO_1,AUTOMOVIL,BICICLETA,BUS,CAMION,CAMIONETA,EMERGENCIAS,ESPECIAL,FURGONETA,MOTOCICLETA,NO_IDENTIFICADO,SCOOTER_ELECTRICO,TRICIMOTO,VEHICULO_DEPORTIVO_UTILITARIO,SUMA_DE_VEHICULOS,EDAD_1,SEXO_1,CONDICION_1,PARTICIPANTE_1,CASCO_1,CINTURON_1,KMeans_Cluster
3329,10341,10342,2017,1,0,-0.074413,-78.461781,PICHINCHA,QUITO,QUITO,URBANA,2017-05-12,05:55:00,5,VIERNES,5,MAYO,5,NO,NO CEDER EL DERECHO DE VIA O PREFERENCIA DE PASO AL PEATON.,ATROPELLOS,AUTOMOVIL,1,0,0,0,0,0,0,0,0,0,0,0,0,1,9,MUJER,LESIONADO,PEATON,NO,NO,0
3330,10345,10346,2017,1,0,-0.186376,-78.495734,PICHINCHA,QUITO,QUITO,URBANA,2017-05-12,07:30:00,7,VIERNES,5,MAYO,5,NO,REALIZAR CAMBIO BRUSCO O INDEBIDO DE CARRIL.,CHOQUE POSTERIOR,MOTOCICLETA,1,0,0,0,0,0,0,0,1,0,0,0,0,2,23,HOMBRE,LESIONADO,CONDUCTOR PRESENTE,NO,NO,0
3331,10347,10348,2017,1,0,-0.209797,-78.486831,PICHINCHA,QUITO,QUITO,URBANA,2017-05-12,08:00:00,8,VIERNES,5,MAYO,5,NO,NO CEDER EL DERECHO DE VIA O PREFERENCIA DE PASO AL PEATON.,ATROPELLOS,CAMIONETA,0,0,0,0,1,0,0,0,0,0,0,0,0,1,22,HOMBRE,LESIONADO,PEATON,NO,NO,0
3332,10348,10349,2017,2,0,-0.238213,-78.484807,PICHINCHA,QUITO,QUITO,URBANA,2017-05-12,08:01:00,8,VIERNES,5,MAYO,5,NO,NO MANTENER LA DISTANCIA PRUDENCIAL CON RESPECTO AL VEHICULO QUE LE ANTECEDE.,COLISION,AUTOMOVIL,2,0,0,0,1,0,0,0,0,0,0,0,1,4,22,MUJER,LESIONADO,PASAJERO,NO,NO,0
3333,10351,10352,2017,0,0,-0.206535,-78.512278,PICHINCHA,QUITO,QUITO,URBANA,2017-05-12,09:15:00,9,VIERNES,5,MAYO,5,NO,NO GUARDAR LA DISTANCIA LATERAL MINIMA DE SEGURIDAD ENTRE VEHICULOS.,ROZAMIENTOS,AUTOMOVIL,2,0,0,0,0,0,0,0,0,0,0,0,0,2,42,HOMBRE,ILESO,CONDUCTOR PRESENTE,NO,NO,0
3334,10353,10354,2017,1,0,-0.166058,-78.468472,PICHINCHA,QUITO,QUITO,URBANA,2017-05-12,09:58:00,9,VIERNES,5,MAYO,5,NO,NO TRANSITAR POR LAS ACERAS O ZONAS DE SEGURIDAD DESTINADAS PARA EL EFECTO.,ATROPELLOS,VEHICULO DEPORTIVO UTILITARIO,0,0,0,0,0,0,0,0,0,0,0,0,1,1,26,HOMBRE,LESIONADO,PEATON,NO,NO,0
3335,10358,10359,2017,1,0,-0.302912,-78.571267,PICHINCHA,QUITO,QUITO,URBANA,2017-05-12,12:00:00,12,VIERNES,5,MAYO,5,NO,NO CEDER EL DERECHO DE VIA O PREFERENCIA DE PASO AL PEATON.,ATROPELLOS,NO IDENTIFICADO,0,0,0,0,0,0,0,0,0,1,0,0,0,1,67,HOMBRE,LESIONADO,PEATON,NO,NO,0
3336,10360,10361,2017,1,0,-0.240254,-78.524339,PICHINCHA,QUITO,QUITO,URBANA,2017-05-12,13:30:00,13,VIERNES,5,MAYO,5,NO,REALIZAR CAMBIO BRUSCO O INDEBIDO DE CARRIL.,CHOQUE LATERAL,MOTOCICLETA,1,0,0,0,0,0,0,0,1,0,0,0,0,2,26,HOMBRE,LESIONADO,CONDUCTOR PRESENTE,NO,NO,0
3337,10362,10363,2017,0,0,-0.104624,-78.491611,PICHINCHA,QUITO,QUITO,URBANA,2017-05-12,14:30:00,14,VIERNES,5,MAYO,5,NO,REALIZAR CAMBIO BRUSCO O INDEBIDO DE CARRIL.,CHOQUE LATERAL,BUS,1,0,1,0,0,0,0,0,0,0,0,0,0,2,28,HOMBRE,ILESO,CONDUCTOR PRESENTE,NO,NO,0
3338,10364,10365,2017,1,0,-0.189085,-78.511758,PICHINCHA,QUITO,QUITO,URBANA,2017-05-12,14:50:00,14,VIERNES,5,MAYO,5,NO,REALIZAR CAMBIO BRUSCO O INDEBIDO DE CARRIL.,CHOQUE LATERAL,AUTOMOVIL,1,0,0,0,0,0,0,0,1,0,0,0,0,2,25,HOMBRE,LESIONADO,PASAJERO,NO,NO,0
3339,10365,10366,2017,3,0,-0.162825,-78.486052,PICHINCHA,QUITO,QUITO,URBANA,2017-05-12,14:57:00,14,VIERNES,5,MAYO,5,NO,"ADELANTAR O REBASAR A OTRO VEHICULO EN MOVIMIENTO EN ZONAS O SITIOS PELIGROSOS TALES COMO: CURVAS, PUENTES, TUNELES, PENDIENTES, ETC.",CHOQUE POSTERIOR,MOTOCICLETA,0,0,0,0,0,0,0,0,2,0,0,0,0,2,34,HOMBRE,LESIONADO,CONDUCTOR PRESENTE,NO,NO,0
3340,10366,10367,2017,1,0,-0.203857,-78.488945,PICHINCHA,QUITO,QUITO,URBANA,2017-05-12,14:58:00,14,VIERNES,5,MAYO,5,NO,"NO RESPETAR LAS SENIALES REGLAMENTARIAS DE TRANSITO. (PARE, CEDA EL PASO, LUZ ROJA DEL SEMAFORO, ETC).",CHOQUE LATERAL,BUS,1,0,1,0,0,0,0,0,0,0,0,0,0,2,33,HOMBRE,LESIONADO,PEATON,NO,NO,0
3341,10367,10368,2017,0,0,-0.182188,-78.478651,PICHINCHA,QUITO,QUITO,URBANA,2017-05-12,15:00:00,15,VIERNES,5,MAYO,5,NO,"CONDUCE BAJO LA INFLUENCIA DE ALCOHOL, SUSTANCIAS ESTUPEFACIENTES O PSICOTROPICAS Y/O MEDICAMENTOS.",CHOQUE POSTERIOR,CAMIONETA,0,0,0,0,1,0,0,0,1,0,0,0,0,2,38,HOMBRE,ILESO,CONDUCTOR PRESENTE,NO,NO,0
3342,10368,10369,2017,0,0,-0.207161,-78.490857,PICHINCHA,QUITO,QUITO,URBANA,2017-05-12,15:05:00,15,VIERNES,5,MAYO,5,NO,"NO RESPETAR LAS SENIALES REGLAMENTARIAS DE TRANSITO. (PARE, CEDA EL PASO, LUZ ROJA DEL SEMAFORO, ETC).",COLISION,AUTOMOVIL,3,0,0,0,0,0,0,0,0,0,0,0,0,3,26,HOMBRE,ILESO,CONDUCTOR PRESENTE,NO,NO,0
3343,10370,10371,2017,0,0,-0.139547,-78.473708,PICHINCHA,QUITO,QUITO,URBANA,2017-05-12,15:20:00,15,VIERNES,5,MAYO,5,NO,"ADELANTAR O REBASAR A OTRO VEHICULO EN MOVIMIENTO EN ZONAS O SITIOS PELIGROSOS TALES COMO: CURVAS, PUENTES, TUNELES, PENDIENTES, ETC.",CHOQUE POSTERIOR,MOTOCICLETA,0,0,0,0,0,0,0,0,1,1,0,0,0,2,35,HOMBRE,ILESO,CONDUCTOR PRESENTE,NO,NO,0
3344,10371,10372,2017,0,0,-0.206138,-78.483123,PICHINCHA,QUITO,QUITO,URBANA,2017-05-12,15:25:00,15,VIERNES,5,MAYO,5,NO,"NO RESPETAR LAS SENIALES REGLAMENTARIAS DE TRANSITO. (PARE, CEDA EL PASO, LUZ ROJA DEL SEMAFORO, ETC).",CHOQUE LATERAL,AUTOMOVIL,1,0,0,0,1,0,0,0,0,0,0,0,0,2,35,HOMBRE,ILESO,CONDUCTOR PRESENTE,NO,NO,0
3345,10374,10375,2017,1,0,-0.328852,-78.387618,PICHINCHA,QUITO,PINTAG,URBANA,2017-05-12,15:51:00,15,VIERNES,5,MAYO,5,NO,"CONDUCIR EN ESTADO DE SOMNOLENCIA O MALAS CONDICIONES FISICAS (SUENIO, CANSANCIO Y FATIGA).",PERDIDA DE PISTA,VEHICULO DEPORTIVO UTILITARIO,0,0,0,0,1,0,0,0,0,0,0,0,1,2,64,MUJER,LESIONADO,PASAJERO,NO,NO,0
3346,10377,10378,2017,1,0,-0.176336,-78.512889,PICHINCHA,QUITO,QUITO,URBANA,2017-05-12,16:40:00,16,VIERNES,5,MAYO,5,NO,"CONDUCE BAJO LA INFLUENCIA DE ALCOHOL, SUSTANCIAS ESTUPEFACIENTES O PSICOTROPICAS Y/O MEDICAMENTOS.",ESTRELLAMIENTOS,VEHICULO DEPORTIVO UTILITARIO,0,0,0,0,0,0,0,0,0,0,0,0,1,1,21,MUJER,LESIONADO,PASAJERO,NO,NO,0
3347,10379,10380,2017,0,0,-0.198466,-78.495082,PICHINCHA,QUITO,QUITO,URBANA,2017-05-12,17:04:00,17,VIERNES,5,MAYO,5,NO,REALIZAR CAMBIO BRUSCO O INDEBIDO DE CARRIL.,ROZAMIENTOS,VEHICULO DEPORTIVO UTILITARIO,1,0,0,0,0,0,0,0,0,0,0,0,1,2,77,HOMBRE,ILESO,CONDUCTOR PRESENTE,NO,NO,0
3348,10383,10384,2017,0,0,-0.282706,-78.554325,PICHINCHA,QUITO,QUITO,URBANA,2017-05-12,18:25:00,18,VIERNES,5,MAYO,5,NO,NO CEDER EL DERECHO DE VIA O PREFERENCIA DE PASO AL PEATON.,ATROPELLOS,NO IDENTIFICADO,0,0,0,0,0,0,0,0,0,1,0,0,0,1,40,MUJER,ILESO,PEATON,NO,NO,0
3349,10385,10386,2017,0,0,-0.158834,-78.485381,PICHINCHA,QUITO,QUITO,URBANA,2017-05-12,19:00:00,19,VIERNES,5,MAYO,5,NO,"NO RESPETAR LAS SENIALES REGLAMENTARIAS DE TRANSITO. (PARE, CEDA EL PASO, LUZ ROJA DEL SEMAFORO, ETC).",CHOQUE LATERAL,VEHICULO DEPORTIVO UTILITARIO,0,0,0,0,0,0,0,0,0,1,0,0,1,2,40,MUJER,ILESO,CONDUCTOR PRESENTE,NO,NO,0
3350,10386,10387,2017,0,0,-0.133668,-78.501945,PICHINCHA,QUITO,QUITO,URBANA,2017-05-12,19:20:00,19,VIERNES,5,MAYO,5,NO,CONDUCIR VEHICULO SUPERANDO LOS LIMITES MAXIMOS DE VELOCIDAD.,ESTRELLAMIENTOS,AUTOMOVIL,1,0,0,0,0,0,0,0,0,0,0,0,0,1,-1,NO IDENTIFICADO,NO IDENTIFICADO,CONDUCTOR AUSENTE,NO,NO,2
3351,10387,10388,2017,3,0,-0.292724,-78.476486,PICHINCHA,QUITO,CONOCOTO,RURAL,2017-05-12,19:25:00,19,VIERNES,5,MAYO,5,NO,"NO RESPETAR LAS SENIALES REGLAMENTARIAS DE TRANSITO. (PARE, CEDA EL PASO, LUZ ROJA DEL SEMAFORO, ETC).",CHOQUE LATERAL,AUTOMOVIL,1,0,0,0,0,0,0,0,1,0,0,0,0,2,4,HOMBRE,LESIONADO,PASAJERO,NO,NO,3
3352,10388,10389,2017,0,0,-0.180581,-78.490767,PICHINCHA,QUITO,QUITO,URBANA,2017-05-12,19:25:00,19,VIERNES,5,MAYO,5,NO,"CONDUCIR DESATENTO A LAS CONDICIONES DE TRANSITO (CELULAR, PANTALLAS DE VIDEO, COMIDA, MAQUILLAJE O CUALQUIER OTRO ELEMENTO DISTRACTOR).",ESTRELLAMIENTOS,NO IDENTIFICADO,0,0,0,0,0,0,0,0,0,1,0,0,0,1,-1,NO IDENTIFICADO,NO IDENTIFICADO,CONDUCTOR AUSENTE,NO,NO,2
3353,10389,10390,2017,1,0,-0.266907,-78.460302,PICHINCHA,QUITO,CONOCOTO,RURAL,2017-05-12,19:30:00,19,VIERNES,5,MAYO,5,NO,NO GUARDAR LA DISTANCIA LATERAL MINIMA DE SEGURIDAD ENTRE VEHICULOS.,ROZAMIENTOS,MOTOCICLETA,0,0,0,0,0,0,0,0,1,1,0,0,0,2,24,HOMBRE,LESIONADO,CONDUCTOR PRESENTE,NO,NO,3
3354,10390,10391,2017,1,0,-0.204802,-78.376946,PICHINCHA,QUITO,TUMBACO,RURAL,2017-05-12,19:30:00,19,VIERNES,5,MAYO,5,NO,NO CEDER EL DERECHO DE VIA O PREFERENCIA DE PASO AL PEATON.,ARROLLAMIENTOS,CAMION,0,0,0,1,0,0,0,0,0,0,0,0,0,1,20,HOMBRE,LESIONADO,PEATON,NO,NO,3
3355,10393,10394,2017,1,0,-0.218336,-78.521419,PICHINCHA,QUITO,QUITO,URBANA,2017-05-12,19:50:00,19,VIERNES,5,MAYO,5,NO,"CONDUCE BAJO LA INFLUENCIA DE ALCOHOL, SUSTANCIAS ESTUPEFACIENTES O PSICOTROPICAS Y/O MEDICAMENTOS.",CHOQUE POSTERIOR,AUTOMOVIL,2,0,0,0,0,0,0,0,0,0,0,0,0,2,69,MUJER,LESIONADO,CONDUCTOR PRESENTE,NO,NO,0
3356,10394,10395,2017,0,0,-0.180302,-78.504371,PICHINCHA,QUITO,QUITO,URBANA,2017-05-12,19:53:00,19,VIERNES,5,MAYO,5,NO,"NO RESPETAR LAS SENIALES REGLAMENTARIAS DE TRANSITO. (PARE, CEDA EL PASO, LUZ ROJA DEL SEMAFORO, ETC).",CHOQUE LATERAL,AUTOMOVIL,1,0,0,0,0,0,0,0,0,0,0,0,1,2,23,HOMBRE,ILESO,CONDUCTOR PRESENTE,NO,NO,0
3357,10396,10397,2017,0,0,-0.294822,-78.555341,PICHINCHA,QUITO,QUITO,URBANA,2017-05-12,20:13:00,20,VIERNES,5,MAYO,5,NO,NO MANTENER LA DISTANCIA PRUDENCIAL CON RESPECTO AL VEHICULO QUE LE ANTECEDE.,CHOQUE POSTERIOR,BUS,0,0,1,0,1,0,0,0,0,0,0,0,0,2,25,HOMBRE,ILESO,CONDUCTOR PRESENTE,NO,NO,0
3358,10397,10398,2017,1,0,-0.328479,-78.522294,PICHINCHA,QUITO,QUITO,URBANA,2017-05-12,20:45:00,20,VIERNES,5,MAYO,5,NO,CONDUCIR VEHICULO SUPERANDO LOS LIMITES MAXIMOS DE VELOCIDAD.,ESTRELLAMIENTOS,FURGONETA,2,0,0,0,0,0,0,1,0,0,0,0,0,3,-1,NO IDENTIFICADO,LESIONADO,CONDUCTOR PRESENTE,NO,NO,2
3359,10398,10399,2017,1,0,-0.143177,-78.496303,PICHINCHA,QUITO,QUITO,URBANA,2017-05-12,20:56:00,20,VIERNES,5,MAYO,5,NO,"NO RESPETAR LAS SENIALES REGLAMENTARIAS DE TRANSITO. (PARE, CEDA EL PASO, LUZ ROJA DEL SEMAFORO, ETC).",CHOQUE LATERAL,AUTOMOVIL,1,0,0,0,0,0,0,0,0,0,0,0,1,2,28,HOMBRE,LESIONADO,CONDUCTOR PRESENTE,NO,NO,0
3360,10401,10402,2017,0,0,-0.107408,-78.453921,PICHINCHA,QUITO,CALDERON (CARAPUNGO),RURAL,2017-05-12,21:05:00,21,VIERNES,5,MAYO,5,NO,NO MANTENER LA DISTANCIA PRUDENCIAL CON RESPECTO AL VEHICULO QUE LE ANTECEDE.,CHOQUE POSTERIOR,CAMIONETA,1,0,0,0,1,0,0,0,0,0,0,0,0,2,35,HOMBRE,ILESO,CONDUCTOR PRESENTE,NO,NO,3
3361,10403,10404,2017,1,0,-0.075112,-78.462915,PICHINCHA,QUITO,QUITO,RURAL,2017-05-12,21:50:00,21,VIERNES,5,MAYO,5,NO,CONDUCIR VEHICULO SUPERANDO LOS LIMITES MAXIMOS DE VELOCIDAD.,PERDIDA DE PISTA,MOTOCICLETA,0,0,0,0,0,0,0,0,1,0,0,0,0,1,22,HOMBRE,LESIONADO,CONDUCTOR PRESENTE,NO,NO,3
3362,10405,10406,2017,0,0,-0.196299,-78.482687,PICHINCHA,QUITO,QUITO,URBANA,2017-05-12,22:50:00,22,VIERNES,5,MAYO,5,NO,"CONDUCE BAJO LA INFLUENCIA DE ALCOHOL, SUSTANCIAS ESTUPEFACIENTES O PSICOTROPICAS Y/O MEDICAMENTOS.",ESTRELLAMIENTOS,AUTOMOVIL,1,0,0,0,0,0,0,0,0,0,0,0,0,1,26,HOMBRE,ILESO,CONDUCTOR PRESENTE,NO,NO,0
3363,10408,10409,2017,0,0,-0.167985,-78.479393,PICHINCHA,QUITO,QUITO,URBANA,2017-05-12,23:50:00,23,VIERNES,5,MAYO,5,NO,CONDUCIR VEHICULO SUPERANDO LOS LIMITES MAXIMOS DE VELOCIDAD.,ESTRELLAMIENTOS,AUTOMOVIL,1,0,0,0,0,0,0,0,0,0,0,0,0,1,-1,NO IDENTIFICADO,NO IDENTIFICADO,CONDUCTOR AUSENTE,NO,NO,2
3364,10431,10432,2017,0,0,-0.166259,-78.486838,PICHINCHA,QUITO,QUITO,URBANA,2017-05-13,01:10:00,1,SABADO,6,MAYO,5,NO,CONDUCIR VEHICULO SUPERANDO LOS LIMITES MAXIMOS DE VELOCIDAD.,PERDIDA DE PISTA,MOTOCICLETA,0,0,0,0,0,0,0,0,1,0,0,0,0,1,26,HOMBRE,ILESO,CONDUCTOR PRESENTE,NO,NO,0
3365,10435,10436,2017,0,0,-0.099284,-78.406887,PICHINCHA,QUITO,CALDERON (CARAPUNGO),RURAL,2017-05-13,02:20:00,2,SABADO,6,MAYO,5,NO,"CONDUCE BAJO LA INFLUENCIA DE ALCOHOL, SUSTANCIAS ESTUPEFACIENTES O PSICOTROPICAS Y/O MEDICAMENTOS.",ESTRELLAMIENTOS,AUTOMOVIL,1,0,0,0,0,0,0,0,0,0,0,0,0,1,54,HOMBRE,ILESO,CONDUCTOR PRESENTE,NO,NO,3
3366,10438,10439,2017,1,0,-0.205542,-78.491959,PICHINCHA,QUITO,QUITO,URBANA,2017-05-13,03:25:00,3,SABADO,6,MAYO,5,NO,NO TRANSITAR POR LAS ACERAS O ZONAS DE SEGURIDAD DESTINADAS PARA EL EFECTO.,ATROPELLOS,MOTOCICLETA,0,0,0,0,0,0,0,0,1,0,0,0,0,1,25,HOMBRE,LESIONADO,PEATON,NO,NO,0
3367,10439,10440,2017,1,0,-0.156508,-78.468351,PICHINCHA,QUITO,QUITO,URBANA,2017-05-13,03:50:00,3,SABADO,6,MAYO,5,NO,CONDUCIR VEHICULO SUPERANDO LOS LIMITES MAXIMOS DE VELOCIDAD.,ESTRELLAMIENTOS,VEHICULO DEPORTIVO UTILITARIO,0,0,0,0,0,0,0,0,0,0,0,0,1,1,42,HOMBRE,LESIONADO,PASAJERO,NO,NO,0
3368,10441,10442,2017,0,0,-0.199767,-78.428809,PICHINCHA,QUITO,CUMBAYA,RURAL,2017-05-13,04:00:00,4,SABADO,6,MAYO,5,NO,"CONDUCIR EN ESTADO DE SOMNOLENCIA O MALAS CONDICIONES FISICAS (SUENIO, CANSANCIO Y FATIGA).",ESTRELLAMIENTOS,AUTOMOVIL,1,0,0,0,0,0,0,0,0,0,0,0,0,1,-1,NO IDENTIFICADO,NO IDENTIFICADO,CONDUCTOR AUSENTE,NO,NO,2
3369,10443,10444,2017,2,0,-0.105314,-78.434365,PICHINCHA,QUITO,CALDERON (CARAPUNGO),RURAL,2017-05-13,06:10:00,6,SABADO,6,MAYO,5,NO,CONDUCIR VEHICULO SUPERANDO LOS LIMITES MAXIMOS DE VELOCIDAD.,CHOQUE LATERAL,AUTOMOVIL,2,0,0,0,0,0,0,0,0,0,0,0,0,2,43,HOMBRE,LESIONADO,CONDUCTOR PRESENTE,NO,NO,3
3370,10445,10446,2017,0,0,-0.220014,-78.381622,PICHINCHA,QUITO,TUMBACO,RURAL,2017-05-13,06:40:00,6,SABADO,6,MAYO,5,NO,CONDUCIR VEHICULO SUPERANDO LOS LIMITES MAXIMOS DE VELOCIDAD.,ESTRELLAMIENTOS,NO IDENTIFICADO,0,0,0,0,0,0,0,0,0,1,0,0,0,1,-1,NO IDENTIFICADO,NO IDENTIFICADO,CONDUCTOR AUSENTE,NO,NO,2
3371,10450,10451,2017,1,0,-0.189085,-78.511758,PICHINCHA,QUITO,QUITO,URBANA,2017-05-13,10:30:00,10,SABADO,6,MAYO,5,NO,NO GUARDAR LA DISTANCIA LATERAL MINIMA DE SEGURIDAD ENTRE VEHICULOS.,VOLCAMIENTOS,MOTOCICLETA,0,0,0,0,0,0,0,0,1,1,0,0,0,2,21,HOMBRE,LESIONADO,CONDUCTOR PRESENTE,NO,NO,0
3372,10451,10452,2017,1,0,-0.116315,-78.490881,PICHINCHA,QUITO,QUITO,URBANA,2017-05-13,10:50:00,10,SABADO,6,MAYO,5,NO,NO CEDER EL DERECHO DE VIA O PREFERENCIA DE PASO AL PEATON.,ATROPELLOS,BUS,0,0,1,0,0,0,0,0,0,0,0,0,0,1,27,MUJER,LESIONADO,PEATON,NO,NO,0
3373,10455,10456,2017,1,0,-0.105265,-78.429629,PICHINCHA,QUITO,CALDERON (CARAPUNGO),RURAL,2017-05-13,11:30:00,11,SABADO,6,MAYO,5,NO,"ADELANTAR O REBASAR A OTRO VEHICULO EN MOVIMIENTO EN ZONAS O SITIOS PELIGROSOS TALES COMO: CURVAS, PUENTES, TUNELES, PENDIENTES, ETC.",VOLCAMIENTOS,CAMION,0,0,0,1,0,0,0,0,0,1,0,0,0,2,40,HOMBRE,LESIONADO,CONDUCTOR PRESENTE,NO,NO,3
3374,10456,10457,2017,1,0,-0.172252,-78.490188,PICHINCHA,QUITO,QUITO,URBANA,2017-05-13,11:49:00,11,SABADO,6,MAYO,5,NO,"NO RESPETAR LAS SENIALES REGLAMENTARIAS DE TRANSITO. (PARE, CEDA EL PASO, LUZ ROJA DEL SEMAFORO, ETC).",CHOQUE LATERAL,MOTOCICLETA,0,0,0,0,0,0,0,0,1,1,0,0,0,2,24,HOMBRE,LESIONADO,CONDUCTOR PRESENTE,NO,NO,0
3375,10457,10458,2017,1,0,-0.237667,-78.484685,PICHINCHA,QUITO,QUITO,URBANA,2017-05-13,12:00:00,12,SABADO,6,MAYO,5,NO,"NO RESPETAR LAS SENIALES REGLAMENTARIAS DE TRANSITO. (PARE, CEDA EL PASO, LUZ ROJA DEL SEMAFORO, ETC).",CHOQUE LATERAL,AUTOMOVIL,1,0,0,0,0,0,0,0,0,1,0,0,0,2,23,HOMBRE,LESIONADO,CONDUCTOR PRESENTE,NO,NO,0
3376,10459,10460,2017,0,0,-0.170676,-78.476424,PICHINCHA,QUITO,QUITO,URBANA,2017-05-13,13:10:00,13,SABADO,6,MAYO,5,NO,NO MANTENER LA DISTANCIA PRUDENCIAL CON RESPECTO AL VEHICULO QUE LE ANTECEDE.,CHOQUE POSTERIOR,AUTOMOVIL,1,0,0,0,1,0,0,0,0,0,0,0,0,2,31,MUJER,ILESO,CONDUCTOR PRESENTE,NO,NO,0
3377,10460,10461,2017,1,0,-0.172401,-78.490196,PICHINCHA,QUITO,QUITO,URBANA,2017-05-13,13:50:00,13,SABADO,6,MAYO,5,NO,NO GUARDAR LA DISTANCIA LATERAL MINIMA DE SEGURIDAD ENTRE VEHICULOS.,ROZAMIENTOS,NO IDENTIFICADO,0,0,0,0,0,0,0,0,0,2,0,0,0,2,24,HOMBRE,LESIONADO,CONDUCTOR PRESENTE,NO,NO,0
3378,10462,10463,2017,1,0,-0.172241,-78.490221,PICHINCHA,QUITO,QUITO,URBANA,2017-05-13,14:00:00,14,SABADO,6,MAYO,5,NO,"CONDUCIR DESATENTO A LAS CONDICIONES DE TRANSITO (CELULAR, PANTALLAS DE VIDEO, COMIDA, MAQUILLAJE O CUALQUIER OTRO ELEMENTO DISTRACTOR).",ESTRELLAMIENTOS,AUTOMOVIL,1,0,0,0,0,0,0,0,0,1,0,0,0,2,38,HOMBRE,LESIONADO,CONDUCTOR PRESENTE,NO,NO,0
3379,10463,10464,2017,0,0,-0.129155,-78.483721,PICHINCHA,QUITO,QUITO,URBANA,2017-05-13,14:15:00,14,SABADO,6,MAYO,5,NO,NO CEDER EL DERECHO DE VIA O PREFERENCIA DE PASO A VEHICULOS.,CHOQUE LATERAL,AUTOMOVIL,1,0,0,0,0,0,0,0,0,1,0,0,0,2,36,HOMBRE,ILESO,CONDUCTOR PRESENTE,NO,NO,0
3380,10465,10466,2017,0,0,-0.190514,-78.508914,PICHINCHA,QUITO,QUITO,URBANA,2017-05-13,14:25:00,14,SABADO,6,MAYO,5,NO,"CONDUCE BAJO LA INFLUENCIA DE ALCOHOL, SUSTANCIAS ESTUPEFACIENTES O PSICOTROPICAS Y/O MEDICAMENTOS.",CHOQUE LATERAL,CAMION,1,0,0,1,0,0,0,0,0,0,0,0,0,2,47,HOMBRE,ILESO,CONDUCTOR PRESENTE,NO,NO,0
3381,10466,10467,2017,0,0,-0.175149,-78.487453,PICHINCHA,QUITO,QUITO,URBANA,2017-05-13,14:28:00,14,SABADO,6,MAYO,5,NO,NO CEDER EL DERECHO DE VIA O PREFERENCIA DE PASO A VEHICULOS.,CHOQUE LATERAL,AUTOMOVIL,2,0,0,0,0,0,0,0,0,0,0,0,0,2,35,HOMBRE,ILESO,CONDUCTOR PRESENTE,NO,NO,0
3382,10467,10468,2017,0,1,-0.328479,-78.522294,PICHINCHA,QUITO,QUITO,URBANA,2017-05-13,15:00:00,15,SABADO,6,MAYO,5,NO,REALIZAR CAMBIO BRUSCO O INDEBIDO DE CARRIL.,CHOQUE LATERAL,CAMION,0,0,0,2,0,0,0,0,0,0,0,0,0,2,60,HOMBRE,FALLECIDO,CONDUCTOR PRESENTE,NO,NO,0
3383,10468,10469,2017,1,0,-0.209217,-78.424466,PICHINCHA,QUITO,CUMBAYA,RURAL,2017-05-13,15:00:00,15,SABADO,6,MAYO,5,NO,"CASO FORTUITO O FUERZA MAYOR (EXPLOSION DE NEUMATICO NUEVO, DERRUMBE, INUNDACION, CAIDA DE PUENTE, ARBOL, PRESENCIA INTEMPESTIVA E IMPREVISTA DE SEMOVIENTES EN LA VIA, ETC.).",PERDIDA DE PISTA,VEHICULO DEPORTIVO UTILITARIO,0,0,0,0,0,0,0,0,0,0,0,0,1,1,27,HOMBRE,LESIONADO,CONDUCTOR PRESENTE,NO,NO,3
3384,10479,10480,2017,0,0,-0.286777,-78.541543,PICHINCHA,QUITO,QUITO,URBANA,2017-05-13,18:00:00,18,SABADO,6,MAYO,5,NO,"NO RESPETAR LAS SENIALES REGLAMENTARIAS DE TRANSITO. (PARE, CEDA EL PASO, LUZ ROJA DEL SEMAFORO, ETC).",CHOQUE LATERAL,VEHICULO DEPORTIVO UTILITARIO,0,0,0,0,0,0,0,0,0,0,0,0,2,2,30,HOMBRE,ILESO,CONDUCTOR PRESENTE,NO,NO,0
3385,10482,10483,2017,0,0,-0.318873,-78.552489,PICHINCHA,QUITO,QUITO,URBANA,2017-05-13,18:44:00,18,SABADO,6,MAYO,5,NO,"CONDUCE BAJO LA INFLUENCIA DE ALCOHOL, SUSTANCIAS ESTUPEFACIENTES O PSICOTROPICAS Y/O MEDICAMENTOS.",CHOQUE POSTERIOR,FURGONETA,0,0,0,0,0,0,0,1,0,0,0,0,1,2,43,HOMBRE,ILESO,CONDUCTOR PRESENTE,NO,NO,0
3386,10485,10486,2017,1,0,-0.232881,-78.524489,PICHINCHA,QUITO,QUITO,URBANA,2017-05-13,18:55:00,18,SABADO,6,MAYO,5,NO,NO CEDER EL DERECHO DE VIA O PREFERENCIA DE PASO AL PEATON.,ATROPELLOS,AUTOMOVIL,1,0,0,0,0,0,0,0,0,0,0,0,0,1,9,MUJER,LESIONADO,PEATON,NO,NO,0