,Unnamed: 0,ID,ANIO,LESIONADOS,FALLECIDOS,LATITUD_Y,LONGITUD_X,PROVINCIA,CANTON,PARROQUIA,ZONA,FECHA,HORA,PERIODO_2,DIA_1,DIA_2,MES_1,MES_2,FERIADO,CAUSA_PROBABLE,TIPO_DE_SINIESTRO,TIPO_DE_VEHICULO_1,AUTOMOVIL,BICICLETA,BUS,CAMION,CAMIONETA,EMERGENCIAS,ESPECIAL,FURGONETA,MOTOCICLETA,NO_IDENTIFICADO,SCOOTER_ELECTRICO,TRICIMOTO,VEHICULO_DEPORTIVO_UTILITARIO,SUMA_DE_VEHICULOS,EDAD_1,SEXO_1,CONDICION_1,PARTICIPANTE_1,CASCO_1,CINTURON_1,KMeans_Cluster
3387,10486,10487,2017,1,0,-0.050861,-78.305541,PICHINCHA,QUITO,GUAYLLABAMBA,RURAL,2017-05-13,19:15:00,19,SABADO,6,MAYO,5,NO,NO CEDER EL DERECHO DE VIA O PREFERENCIA DE PASO AL PEATON.,ATROPELLOS,NO IDENTIFICADO,0,0,0,0,0,0,0,0,0,1,0,0,0,1,29,HOMBRE,LESIONADO,PEATON,NO,NO,3
3388,10489,10490,2017,1,0,-0.139074,-78.441889,PICHINCHA,QUITO,LLANO CHICO,RURAL,2017-05-13,20:10:00,20,SABADO,6,MAYO,5,NO,NO CEDER EL DERECHO DE VIA O PREFERENCIA DE PASO AL PEATON.,ATROPELLOS,NO IDENTIFICADO,0,0,0,0,0,0,0,0,0,1,0,0,0,1,48,HOMBRE,LESIONADO,PEATON,NO,NO,3
3389,10491,10492,2017,0,0,-0.291131,-78.524158,PICHINCHA,QUITO,QUITO,URBANA,2017-05-13,21:10:00,21,SABADO,6,MAYO,5,NO,CONDUCIR VEHICULO SUPERANDO LOS LIMITES MAXIMOS DE VELOCIDAD.,ESTRELLAMIENTOS,VEHICULO DEPORTIVO UTILITARIO,0,0,0,0,0,0,0,0,0,0,0,0,1,1,-1,NO IDENTIFICADO,NO IDENTIFICADO,CONDUCTOR AUSENTE,NO,NO,2
3390,10497,10498,2017,0,0,-0.244792,-78.534927,PICHINCHA,QUITO,QUITO,URBANA,2017-05-13,23:08:00,23,SABADO,6,MAYO,5,NO,CONDUCIR VEHICULO SUPERANDO LOS LIMITES MAXIMOS DE VELOCIDAD.,ESTRELLAMIENTOS,CAMIONETA,0,0,0,0,1,0,0,0,0,1,0,0,0,2,-1,NO IDENTIFICADO,NO IDENTIFICADO,CONDUCTOR AUSENTE,NO,NO,2
3391,10524,10525,2017,1,0,-0.111705,-78.507641,PICHINCHA,QUITO,QUITO,RURAL,2017-05-14,00:30:00,0,DOMINGO,7,MAYO,5,NO,NO CEDER EL DERECHO DE VIA O PREFERENCIA DE PASO AL PEATON.,ATROPELLOS,NO IDENTIFICADO,0,0,0,0,0,0,0,0,0,1,0,0,0,1,48,MUJER,LESIONADO,PEATON,NO,NO,3
3392,10526,10527,2017,0,0,-0.231898,-78.500014,PICHINCHA,QUITO,QUITO,URBANA,2017-05-14,01:25:00,1,DOMINGO,7,MAYO,5,NO,CONDUCIR VEHICULO SUPERANDO LOS LIMITES MAXIMOS DE VELOCIDAD.,ESTRELLAMIENTOS,VEHICULO DEPORTIVO UTILITARIO,0,0,0,0,0,0,0,0,0,0,0,0,1,1,-1,NO IDENTIFICADO,NO IDENTIFICADO,CONDUCTOR AUSENTE,NO,NO,2
3393,10529,10530,2017,1,0,-0.273202,-78.552353,PICHINCHA,QUITO,QUITO,URBANA,2017-05-14,02:30:00,2,DOMINGO,7,MAYO,5,NO,CONDUCIR VEHICULO SUPERANDO LOS LIMITES MAXIMOS DE VELOCIDAD.,PERDIDA DE PISTA,MOTOCICLETA,0,0,0,0,0,0,0,0,1,0,0,0,0,1,31,HOMBRE,LESIONADO,CONDUCTOR PRESENTE,NO,NO,0
3394,10531,10532,2017,0,0,-0.219619,-78.512211,PICHINCHA,QUITO,QUITO,URBANA,2017-05-14,03:10:00,3,DOMINGO,7,MAYO,5,NO,"CONDUCE BAJO LA INFLUENCIA DE ALCOHOL, SUSTANCIAS ESTUPEFACIENTES O PSICOTROPICAS Y/O MEDICAMENTOS.",ESTRELLAMIENTOS,AUTOMOVIL,1,0,0,0,0,0,0,0,0,0,0,0,0,1,28,HOMBRE,ILESO,CONDUCTOR PRESENTE,NO,NO,0
3395,10532,10533,2017,0,0,-0.388291,-78.536128,PICHINCHA,MEJIA,UYUMBICHO,RURAL,2017-05-14,03:20:00,3,DOMINGO,7,MAYO,5,NO,REALIZAR CAMBIO BRUSCO O INDEBIDO DE CARRIL.,PERDIDA DE PISTA,VEHICULO DEPORTIVO UTILITARIO,0,0,0,0,0,0,0,0,0,1,0,0,1,2,50,MUJER,ILESO,CONDUCTOR PRESENTE,NO,NO,3
3396,10540,10541,2017,3,0,-0.242475,-78.497488,PICHINCHA,QUITO,QUITO,URBANA,2017-05-14,05:45:00,5,DOMINGO,7,MAYO,5,NO,CONDUCIR VEHICULO SUPERANDO LOS LIMITES MAXIMOS DE VELOCIDAD.,ESTRELLAMIENTOS,AUTOMOVIL,1,0,0,0,0,0,0,0,0,0,0,0,0,1,1,MUJER,LESIONADO,PASAJERO,NO,NO,0
3397,10541,10542,2017,2,0,-0.123551,-78.426711,PICHINCHA,QUITO,CALDERON (CARAPUNGO),RURAL,2017-05-14,05:55:00,5,DOMINGO,7,MAYO,5,NO,NO GUARDAR LA DISTANCIA LATERAL MINIMA DE SEGURIDAD ENTRE VEHICULOS.,ROZAMIENTOS,AUTOMOVIL,2,0,0,0,0,0,0,0,0,0,0,0,0,2,42,HOMBRE,LESIONADO,CONDUCTOR PRESENTE,NO,NO,3
3398,10544,10545,2017,1,0,-0.221176,-78.520687,PICHINCHA,QUITO,QUITO,URBANA,2017-05-14,08:07:00,8,DOMINGO,7,MAYO,5,NO,"CONDUCE BAJO LA INFLUENCIA DE ALCOHOL, SUSTANCIAS ESTUPEFACIENTES O PSICOTROPICAS Y/O MEDICAMENTOS.",ROZAMIENTOS,MOTOCICLETA,1,0,0,0,0,0,0,0,1,0,0,0,0,2,18,MUJER,LESIONADO,PASAJERO,NO,NO,0
3399,10549,10550,2017,2,0,-0.273393,-78.515797,PICHINCHA,QUITO,QUITO,URBANA,2017-05-14,09:30:00,9,DOMINGO,7,MAYO,5,NO,NO CEDER EL DERECHO DE VIA O PREFERENCIA DE PASO AL PEATON.,ATROPELLOS,NO IDENTIFICADO,0,0,0,0,0,0,0,0,0,1,0,0,0,1,68,HOMBRE,LESIONADO,PEATON,NO,NO,0
3400,10551,10552,2017,1,0,-0.154921,-78.503537,PICHINCHA,QUITO,QUITO,URBANA,2017-05-14,10:50:00,10,DOMINGO,7,MAYO,5,NO,"CASO FORTUITO O FUERZA MAYOR (EXPLOSION DE NEUMATICO NUEVO, DERRUMBE, INUNDACION, CAIDA DE PUENTE, ARBOL, PRESENCIA INTEMPESTIVA E IMPREVISTA DE SEMOVIENTES EN LA VIA, ETC.).",OTROS,CAMION,0,0,0,2,0,0,0,0,0,0,0,0,0,2,43,HOMBRE,LESIONADO,CONDUCTOR PRESENTE,NO,NO,0
3401,10553,10554,2017,1,0,-0.297768,-78.485405,PICHINCHA,QUITO,CONOCOTO,RURAL,2017-05-14,11:51:00,11,DOMINGO,7,MAYO,5,NO,CONDUCIR VEHICULO SUPERANDO LOS LIMITES MAXIMOS DE VELOCIDAD.,CHOQUE POSTERIOR,AUTOMOVIL,1,0,0,0,0,0,0,0,0,0,0,0,1,2,34,MUJER,LESIONADO,CONDUCTOR PRESENTE,NO,NO,3
3402,10558,10559,2017,1,0,-0.209795,-78.404284,PICHINCHA,QUITO,TUMBACO,RURAL,2017-05-14,12:55:00,12,DOMINGO,7,MAYO,5,NO,NO MANTENER LA DISTANCIA PRUDENCIAL CON RESPECTO AL VEHICULO QUE LE ANTECEDE.,CHOQUE POSTERIOR,CAMIONETA,1,0,0,0,1,0,0,0,0,0,0,0,0,2,51,MUJER,LESIONADO,PASAJERO,NO,NO,3
3403,10563,10564,2017,0,0,-0.139547,-78.473708,PICHINCHA,QUITO,QUITO,URBANA,2017-05-14,14:00:00,14,DOMINGO,7,MAYO,5,NO,"NO RESPETAR LAS SENIALES REGLAMENTARIAS DE TRANSITO. (PARE, CEDA EL PASO, LUZ ROJA DEL SEMAFORO, ETC).",COLISION,AUTOMOVIL,2,0,0,0,0,0,0,0,0,0,0,0,1,3,49,HOMBRE,ILESO,CONDUCTOR PRESENTE,NO,NO,0
3404,10564,10565,2017,0,0,-0.140439,-78.477904,PICHINCHA,QUITO,QUITO,URBANA,2017-05-14,15:00:00,15,DOMINGO,7,MAYO,5,NO,NO GUARDAR LA DISTANCIA LATERAL MINIMA DE SEGURIDAD ENTRE VEHICULOS.,COLISION,CAMIONETA,0,0,0,0,2,0,0,0,0,0,0,0,1,3,28,HOMBRE,ILESO,CONDUCTOR PRESENTE,NO,NO,0
3405,10565,10566,2017,0,0,-0.239082,-78.523432,PICHINCHA,QUITO,QUITO,URBANA,2017-05-14,15:00:00,15,DOMINGO,7,MAYO,5,NO,NO GUARDAR LA DISTANCIA LATERAL MINIMA DE SEGURIDAD ENTRE VEHICULOS.,ROZAMIENTOS,AUTOMOVIL,1,0,0,0,0,0,0,0,0,0,0,0,1,2,33,HOMBRE,ILESO,CONDUCTOR PRESENTE,NO,NO,0
3406,10567,10568,2017,0,0,-0.207732,-78.497071,PICHINCHA,QUITO,QUITO,RURAL,2017-05-14,15:38:00,15,DOMINGO,7,MAYO,5,NO,BAJARSE O SUBIRSE DE VEHICULOS EN MOVIMIENTO SIN TOMAR LAS PRECAUCIONES DEBIDAS.,CAIDA DE PASAJERO,BUS,0,0,1,0,0,0,0,0,0,0,0,0,0,1,32,HOMBRE,ILESO,CONDUCTOR PRESENTE,NO,NO,3
3407,10574,10575,2017,0,0,0.047801,-78.215519,PICHINCHA,PEDRO MONCAYO,TABACUNDO,URBANA,2017-05-14,17:49:00,17,DOMINGO,7,MAYO,5,NO,"NO RESPETAR LAS SENIALES REGLAMENTARIAS DE TRANSITO. (PARE, CEDA EL PASO, LUZ ROJA DEL SEMAFORO, ETC).",CHOQUE LATERAL,BUS,1,0,1,0,1,0,0,0,0,0,0,0,0,3,-1,MUJER,ILESO,CONDUCTOR PRESENTE,NO,NO,0
3408,10578,10579,2017,1,0,-0.190554,-78.502033,PICHINCHA,QUITO,QUITO,URBANA,2017-05-14,19:55:00,19,DOMINGO,7,MAYO,5,NO,"NO RESPETAR LAS SENIALES REGLAMENTARIAS DE TRANSITO. (PARE, CEDA EL PASO, LUZ ROJA DEL SEMAFORO, ETC).",CHOQUE LATERAL,VEHICULO DEPORTIVO UTILITARIO,1,0,0,0,0,0,0,0,0,0,0,0,1,2,32,MUJER,LESIONADO,PASAJERO,NO,NO,0
3409,10580,10581,2017,1,0,-0.245571,-78.503992,PICHINCHA,QUITO,QUITO,URBANA,2017-05-14,20:25:00,20,DOMINGO,7,MAYO,5,NO,CONDUCIR VEHICULO SUPERANDO LOS LIMITES MAXIMOS DE VELOCIDAD.,PERDIDA DE PISTA,MOTOCICLETA,0,0,0,0,0,0,0,0,1,0,0,0,0,1,29,HOMBRE,LESIONADO,CONDUCTOR PRESENTE,NO,NO,0
3410,10583,10584,2017,0,0,-0.343459,-78.560436,PICHINCHA,QUITO,QUITO,URBANA,2017-05-14,20:50:00,20,DOMINGO,7,MAYO,5,NO,"NO RESPETAR LAS SENIALES REGLAMENTARIAS DE TRANSITO. (PARE, CEDA EL PASO, LUZ ROJA DEL SEMAFORO, ETC).",CHOQUE LATERAL,AUTOMOVIL,1,0,0,0,0,0,0,0,0,1,0,0,0,2,50,HOMBRE,ILESO,CONDUCTOR PRESENTE,NO,NO,0
3411,10585,10586,2017,2,0,-0.540956,-78.583625,PICHINCHA,MEJIA,MACHACHI,RURAL,2017-05-14,22:15:00,22,DOMINGO,7,MAYO,5,NO,NO MANTENER LA DISTANCIA PRUDENCIAL CON RESPECTO AL VEHICULO QUE LE ANTECEDE.,CHOQUE POSTERIOR,CAMION,1,0,0,1,0,0,0,0,0,0,0,0,0,2,30,MUJER,LESIONADO,PASAJERO,NO,NO,3
3412,10586,10587,2017,0,0,-0.085001,-78.515178,PICHINCHA,QUITO,QUITO,URBANA,2017-05-14,22:15:00,22,DOMINGO,7,MAYO,5,NO,NO GUARDAR LA DISTANCIA LATERAL MINIMA DE SEGURIDAD ENTRE VEHICULOS.,ROZAMIENTOS,AUTOMOVIL,2,0,0,0,0,0,0,0,0,0,0,0,0,2,40,HOMBRE,ILESO,CONDUCTOR PRESENTE,NO,NO,0
3413,10587,10588,2017,0,0,0.129438,-78.192877,PICHINCHA,PEDRO MONCAYO,TUPIGACHI,URBANA,2017-05-14,22:30:00,22,DOMINGO,7,MAYO,5,NO,"NO RESPETAR LAS SENIALES REGLAMENTARIAS DE TRANSITO. (PARE, CEDA EL PASO, LUZ ROJA DEL SEMAFORO, ETC).",CHOQUE LATERAL,AUTOMOVIL,1,0,0,0,0,0,0,0,0,0,0,0,1,2,-1,NO IDENTIFICADO,NO IDENTIFICADO,CONDUCTOR AUSENTE,NO,NO,2
3414,10588,10589,2017,0,0,0.045699,-78.191651,PICHINCHA,PEDRO MONCAYO,TABACUNDO,URBANA,2017-05-14,22:30:00,22,DOMINGO,7,MAYO,5,NO,NO GUARDAR LA DISTANCIA LATERAL MINIMA DE SEGURIDAD ENTRE VEHICULOS.,CHOQUE LATERAL,CAMIONETA,0,0,0,0,2,0,0,0,0,0,0,0,0,2,-1,HOMBRE,ILESO,CONDUCTOR PRESENTE,NO,NO,0
3415,10589,10590,2017,1,0,-0.172527,-78.487882,PICHINCHA,QUITO,QUITO,URBANA,2017-05-14,22:30:00,22,DOMINGO,7,MAYO,5,NO,NO CEDER EL DERECHO DE VIA O PREFERENCIA DE PASO AL PEATON.,ATROPELLOS,NO IDENTIFICADO,0,0,0,0,0,0,0,0,0,1,0,0,0,1,55,MUJER,LESIONADO,PEATON,NO,NO,0
3416,10590,10591,2017,1,0,-0.263441,-78.488023,PICHINCHA,QUITO,CONOCOTO,URBANA,2017-05-14,22:45:00,22,DOMINGO,7,MAYO,5,NO,NO CEDER EL DERECHO DE VIA O PREFERENCIA DE PASO AL PEATON.,ATROPELLOS,NO IDENTIFICADO,0,0,0,0,0,0,0,0,0,1,0,0,0,1,38,HOMBRE,LESIONADO,PEATON,NO,NO,0
3417,10611,10612,2017,0,0,-0.210739,-78.421093,PICHINCHA,QUITO,TUMBACO,RURAL,2017-05-15,00:10:00,0,LUNES,1,MAYO,5,NO,"CONDUCIR EN ESTADO DE SOMNOLENCIA O MALAS CONDICIONES FISICAS (SUENIO, CANSANCIO Y FATIGA).",ESTRELLAMIENTOS,AUTOMOVIL,1,0,0,0,0,0,0,0,0,0,0,0,0,1,37,HOMBRE,ILESO,CONDUCTOR PRESENTE,NO,NO,3
3418,10615,10616,2017,3,0,-0.119451,-78.506659,PICHINCHA,QUITO,QUITO,URBANA,2017-05-15,03:10:00,3,LUNES,1,MAYO,5,NO,"CONDUCE BAJO LA INFLUENCIA DE ALCOHOL, SUSTANCIAS ESTUPEFACIENTES O PSICOTROPICAS Y/O MEDICAMENTOS.",CHOQUE POSTERIOR,AUTOMOVIL,2,0,0,0,0,0,0,0,0,0,0,0,0,2,47,HOMBRE,LESIONADO,CONDUCTOR PRESENTE,NO,NO,0
3419,10618,10619,2017,0,0,-0.327124,-78.550467,PICHINCHA,QUITO,QUITO,URBANA,2017-05-15,07:10:00,7,LUNES,1,MAYO,5,NO,NO CEDER EL DERECHO DE VIA O PREFERENCIA DE PASO AL PEATON.,ATROPELLOS,AUTOMOVIL,1,0,0,0,0,0,0,0,0,0,0,0,0,1,59,HOMBRE,ILESO,CONDUCTOR PRESENTE,NO,NO,0
3420,10619,10620,2017,1,0,-0.244666,-78.510971,PICHINCHA,QUITO,QUITO,URBANA,2017-05-15,07:15:00,7,LUNES,1,MAYO,5,NO,NO CEDER EL DERECHO DE VIA O PREFERENCIA DE PASO AL PEATON.,ATROPELLOS,NO IDENTIFICADO,0,0,0,0,0,0,0,0,0,1,0,0,0,1,74,MUJER,LESIONADO,PEATON,NO,NO,0
3421,10620,10621,2017,0,0,-0.452699,-78.753735,PICHINCHA,MEJIA,MANUEL CORNEJO ASTORGA,RURAL,2017-05-15,07:20:00,7,LUNES,1,MAYO,5,NO,"CONDUCIR DESATENTO A LAS CONDICIONES DE TRANSITO (CELULAR, PANTALLAS DE VIDEO, COMIDA, MAQUILLAJE O CUALQUIER OTRO ELEMENTO DISTRACTOR).",PERDIDA DE PISTA,VEHICULO DEPORTIVO UTILITARIO,0,0,0,0,0,0,0,0,0,0,0,0,1,1,44,HOMBRE,ILESO,CONDUCTOR PRESENTE,NO,NO,3
3422,10621,10622,2017,1,0,-0.275824,-78.501786,PICHINCHA,QUITO,CONOCOTO,RURAL,2017-05-15,07:40:00,7,LUNES,1,MAYO,5,NO,"CONDUCIR DESATENTO A LAS CONDICIONES DE TRANSITO (CELULAR, PANTALLAS DE VIDEO, COMIDA, MAQUILLAJE O CUALQUIER OTRO ELEMENTO DISTRACTOR).",ESTRELLAMIENTOS,AUTOMOVIL,1,0,0,0,0,0,0,0,0,1,0,0,0,2,32,MUJER,LESIONADO,PASAJERO,NO,NO,3
3423,10622,10623,2017,0,0,-0.215978,-78.443835,PICHINCHA,QUITO,CUMBAYA,RURAL,2017-05-15,08:05:00,8,LUNES,1,MAYO,5,NO,NO CEDER EL DERECHO DE VIA O PREFERENCIA DE PASO A VEHICULOS.,CHOQUE LATERAL,AUTOMOVIL,2,0,0,0,0,0,0,0,0,0,0,0,0,2,24,MUJER,ILESO,CONDUCTOR PRESENTE,NO,NO,3
3424,10623,10624,2017,0,0,-0.445372,-78.556757,PICHINCHA,MEJIA,ALOAG,RURAL,2017-05-15,08:30:00,8,LUNES,1,MAYO,5,NO,"CONDUCE BAJO LA INFLUENCIA DE ALCOHOL, SUSTANCIAS ESTUPEFACIENTES O PSICOTROPICAS Y/O MEDICAMENTOS.",CHOQUE POSTERIOR,CAMIONETA,0,0,0,1,1,0,0,0,0,0,0,0,0,2,46,HOMBRE,ILESO,CONDUCTOR PRESENTE,NO,NO,3
3425,10625,10626,2017,0,0,-0.251319,-78.521366,PICHINCHA,QUITO,QUITO,URBANA,2017-05-15,08:52:00,8,LUNES,1,MAYO,5,NO,NO TRANSITAR POR LAS ACERAS O ZONAS DE SEGURIDAD DESTINADAS PARA EL EFECTO.,ATROPELLOS,BUS,0,0,1,0,0,0,0,0,0,0,0,0,0,1,37,HOMBRE,ILESO,CONDUCTOR PRESENTE,NO,NO,0
3426,10626,10627,2017,0,0,-0.243996,-78.502201,PICHINCHA,QUITO,QUITO,URBANA,2017-05-15,09:00:00,9,LUNES,1,MAYO,5,NO,"CONDUCIR DESATENTO A LAS CONDICIONES DE TRANSITO (CELULAR, PANTALLAS DE VIDEO, COMIDA, MAQUILLAJE O CUALQUIER OTRO ELEMENTO DISTRACTOR).",ESTRELLAMIENTOS,NO IDENTIFICADO,0,0,0,0,0,0,0,0,0,1,0,0,0,1,-1,NO IDENTIFICADO,NO IDENTIFICADO,CONDUCTOR AUSENTE,NO,NO,2
3427,10630,10631,2017,0,0,-0.262921,-78.557301,PICHINCHA,QUITO,QUITO,URBANA,2017-05-15,11:27:00,11,LUNES,1,MAYO,5,NO,CONDUCIR VEHICULO SUPERANDO LOS LIMITES MAXIMOS DE VELOCIDAD.,ESTRELLAMIENTOS,CAMIONETA,0,0,0,0,1,0,0,0,0,0,0,0,0,1,24,HOMBRE,ILESO,CONDUCTOR PRESENTE,NO,NO,0
3428,10632,10633,2017,0,0,-0.501371,-78.572763,PICHINCHA,MEJIA,ALOASI,RURAL,2017-05-15,11:45:00,11,LUNES,1,MAYO,5,NO,"CONDUCIR DESATENTO A LAS CONDICIONES DE TRANSITO (CELULAR, PANTALLAS DE VIDEO, COMIDA, MAQUILLAJE O CUALQUIER OTRO ELEMENTO DISTRACTOR).",CHOQUE POSTERIOR,AUTOMOVIL,1,0,0,1,0,0,0,0,0,0,0,0,0,2,41,HOMBRE,ILESO,CONDUCTOR PRESENTE,NO,NO,3
3429,10635,10636,2017,1,0,-0.270629,-78.528475,PICHINCHA,QUITO,QUITO,URBANA,2017-05-15,13:12:00,13,LUNES,1,MAYO,5,NO,"CONDUCIR DESATENTO A LAS CONDICIONES DE TRANSITO (CELULAR, PANTALLAS DE VIDEO, COMIDA, MAQUILLAJE O CUALQUIER OTRO ELEMENTO DISTRACTOR).",CHOQUE POSTERIOR,MOTOCICLETA,0,0,0,0,0,0,0,0,1,1,0,0,0,2,26,HOMBRE,LESIONADO,CONDUCTOR PRESENTE,NO,NO,0
3430,10636,10637,2017,0,0,-0.214984,-78.506095,PICHINCHA,QUITO,QUITO,URBANA,2017-05-15,13:15:00,13,LUNES,1,MAYO,5,NO,NO CEDER EL DERECHO DE VIA O PREFERENCIA DE PASO AL PEATON.,ATROPELLOS,NO IDENTIFICADO,0,0,0,0,0,0,0,0,0,1,0,0,0,1,9,MUJER,ILESO,PEATON,NO,NO,0
3431,10637,10638,2017,0,0,-0.226921,-78.517825,PICHINCHA,QUITO,QUITO,URBANA,2017-05-15,13:20:00,13,LUNES,1,MAYO,5,NO,"CONDUCE BAJO LA INFLUENCIA DE ALCOHOL, SUSTANCIAS ESTUPEFACIENTES O PSICOTROPICAS Y/O MEDICAMENTOS.",ESTRELLAMIENTOS,AUTOMOVIL,2,0,0,0,0,0,0,0,0,0,0,0,0,2,29,HOMBRE,ILESO,CONDUCTOR PRESENTE,NO,NO,0
3432,10642,10643,2017,0,0,-0.163609,-78.474205,PICHINCHA,QUITO,QUITO,URBANA,2017-05-15,14:00:00,14,LUNES,1,MAYO,5,NO,NO CEDER EL DERECHO DE VIA O PREFERENCIA DE PASO AL PEATON.,ATROPELLOS,BUS,0,0,1,0,0,0,0,0,0,0,0,0,0,1,21,HOMBRE,ILESO,CONDUCTOR PRESENTE,NO,NO,0
3433,10645,10646,2017,1,0,-0.208094,-78.376655,PICHINCHA,QUITO,TUMBACO,RURAL,2017-05-15,14:48:00,14,LUNES,1,MAYO,5,NO,NO CEDER EL DERECHO DE VIA O PREFERENCIA DE PASO AL PEATON.,ATROPELLOS,NO IDENTIFICADO,0,0,0,0,0,0,0,0,0,1,0,0,0,1,13,MUJER,LESIONADO,PEATON,NO,NO,3
3434,10647,10648,2017,0,0,-0.207401,-78.512541,PICHINCHA,QUITO,QUITO,URBANA,2017-05-15,15:25:00,15,LUNES,1,MAYO,5,NO,REALIZAR CAMBIO BRUSCO O INDEBIDO DE CARRIL.,VOLCAMIENTOS,CAMIONETA,0,0,0,0,1,0,0,0,0,0,0,0,0,1,33,MUJER,ILESO,PASAJERO,NO,NO,0
3435,10648,10649,2017,0,0,-0.262066,-78.541179,PICHINCHA,QUITO,QUITO,URBANA,2017-05-15,15:30:00,15,LUNES,1,MAYO,5,NO,"ADELANTAR O REBASAR A OTRO VEHICULO EN MOVIMIENTO EN ZONAS O SITIOS PELIGROSOS TALES COMO: CURVAS, PUENTES, TUNELES, PENDIENTES, ETC.",COLISION,VEHICULO DEPORTIVO UTILITARIO,2,0,0,0,0,0,0,0,0,0,0,0,1,3,25,HOMBRE,ILESO,CONDUCTOR PRESENTE,NO,NO,0
3436,10652,10653,2017,0,0,-0.209843,-78.486775,PICHINCHA,QUITO,QUITO,URBANA,2017-05-15,16:15:00,16,LUNES,1,MAYO,5,NO,"CONDUCE BAJO LA INFLUENCIA DE ALCOHOL, SUSTANCIAS ESTUPEFACIENTES O PSICOTROPICAS Y/O MEDICAMENTOS.",CHOQUE POSTERIOR,AUTOMOVIL,2,0,0,0,0,0,0,0,0,0,0,0,0,2,18,HOMBRE,ILESO,CONDUCTOR PRESENTE,NO,NO,0
3437,10653,10654,2017,0,0,-0.193786,-78.494206,PICHINCHA,QUITO,QUITO,URBANA,2017-05-15,16:52:00,16,LUNES,1,MAYO,5,NO,NO CEDER EL DERECHO DE VIA O PREFERENCIA DE PASO A VEHICULOS.,CHOQUE LATERAL,AUTOMOVIL,2,0,0,0,0,0,0,0,0,0,0,0,0,2,25,HOMBRE,ILESO,CONDUCTOR PRESENTE,NO,NO,0
3438,10654,10655,2017,1,0,-0.169243,-78.476241,PICHINCHA,QUITO,QUITO,URBANA,2017-05-15,17:03:00,17,LUNES,1,MAYO,5,NO,NO CEDER EL DERECHO DE VIA O PREFERENCIA DE PASO AL PEATON.,ATROPELLOS,FURGONETA,0,0,0,0,0,0,0,1,0,0,0,0,0,1,41,HOMBRE,LESIONADO,PEATON,NO,NO,0
3439,10655,10656,2017,1,0,-0.204651,-78.490451,PICHINCHA,QUITO,QUITO,URBANA,2017-05-15,17:10:00,17,LUNES,1,MAYO,5,NO,BAJARSE O SUBIRSE DE VEHICULOS EN MOVIMIENTO SIN TOMAR LAS PRECAUCIONES DEBIDAS.,CAIDA DE PASAJERO,NO IDENTIFICADO,0,0,0,0,0,0,0,0,0,1,0,0,0,1,45,MUJER,LESIONADO,PASAJERO,NO,NO,0
3440,10658,10659,2017,1,0,-0.261381,-78.540601,PICHINCHA,QUITO,QUITO,URBANA,2017-05-15,18:45:00,18,LUNES,1,MAYO,5,NO,NO CEDER EL DERECHO DE VIA O PREFERENCIA DE PASO AL PEATON.,ATROPELLOS,NO IDENTIFICADO,0,0,0,0,0,0,0,0,0,1,0,0,0,1,7,HOMBRE,LESIONADO,PEATON,NO,NO,0
3441,10663,10664,2017,0,1,-0.256772,-78.542845,PICHINCHA,QUITO,QUITO,URBANA,2017-05-15,19:45:00,19,LUNES,1,MAYO,5,NO,NO TRANSITAR POR LAS ACERAS O ZONAS DE SEGURIDAD DESTINADAS PARA EL EFECTO.,ATROPELLOS,BUS,0,0,1,0,0,0,0,0,0,0,0,0,0,1,46,MUJER,FALLECIDO,PEATON,NO,NO,0
3442,10665,10666,2017,0,0,-0.183738,-78.495237,PICHINCHA,QUITO,QUITO,URBANA,2017-05-15,20:00:00,20,LUNES,1,MAYO,5,NO,NO MANTENER LA DISTANCIA PRUDENCIAL CON RESPECTO AL VEHICULO QUE LE ANTECEDE.,COLISION,CAMIONETA,2,0,0,0,1,0,0,0,0,0,0,0,0,3,42,HOMBRE,ILESO,CONDUCTOR PRESENTE,NO,NO,0
3443,10667,10668,2017,0,0,-0.119451,-78.506659,PICHINCHA,QUITO,QUITO,URBANA,2017-05-15,23:00:00,23,LUNES,1,MAYO,5,NO,"NO RESPETAR LAS SENIALES REGLAMENTARIAS DE TRANSITO. (PARE, CEDA EL PASO, LUZ ROJA DEL SEMAFORO, ETC).",CHOQUE LATERAL,AUTOMOVIL,2,0,0,0,0,0,0,0,0,0,0,0,0,2,43,HOMBRE,ILESO,CONDUCTOR PRESENTE,NO,NO,0
3444,10668,10669,2017,1,0,-0.239636,-78.493133,PICHINCHA,QUITO,QUITO,URBANA,2017-05-15,23:35:00,23,LUNES,1,MAYO,5,NO,NO TRANSITAR POR LAS ACERAS O ZONAS DE SEGURIDAD DESTINADAS PARA EL EFECTO.,ATROPELLOS,NO IDENTIFICADO,0,0,0,0,0,0,0,0,0,1,0,0,0,1,38,HOMBRE,LESIONADO,PEATON,NO,NO,0
3445,10690,10691,2017,0,0,-0.093989,-78.470921,PICHINCHA,QUITO,QUITO,URBANA,2017-05-16,02:50:00,2,MARTES,2,MAYO,5,NO,"CONDUCIR EN ESTADO DE SOMNOLENCIA O MALAS CONDICIONES FISICAS (SUENIO, CANSANCIO Y FATIGA).",ESTRELLAMIENTOS,AUTOMOVIL,1,0,0,0,0,0,0,0,0,0,0,0,0,1,22,HOMBRE,ILESO,CONDUCTOR PRESENTE,NO,NO,0