,Unnamed: 0,ID,ANIO,LESIONADOS,FALLECIDOS,LATITUD_Y,LONGITUD_X,PROVINCIA,CANTON,PARROQUIA,ZONA,FECHA,HORA,PERIODO_2,DIA_1,DIA_2,MES_1,MES_2,FERIADO,CAUSA_PROBABLE,TIPO_DE_SINIESTRO,TIPO_DE_VEHICULO_1,AUTOMOVIL,BICICLETA,BUS,CAMION,CAMIONETA,EMERGENCIAS,ESPECIAL,FURGONETA,MOTOCICLETA,NO_IDENTIFICADO,SCOOTER_ELECTRICO,TRICIMOTO,VEHICULO_DEPORTIVO_UTILITARIO,SUMA_DE_VEHICULOS,EDAD_1,SEXO_1,CONDICION_1,PARTICIPANTE_1,CASCO_1,CINTURON_1,KMeans_Cluster
3446,10695,10696,2017,1,0,-0.196311,-78.512741,PICHINCHA,QUITO,QUITO,URBANA,2017-05-16,07:00:00,7,MARTES,2,MAYO,5,NO,CONDUCIR VEHICULO SUPERANDO LOS LIMITES MAXIMOS DE VELOCIDAD.,PERDIDA DE PISTA,MOTOCICLETA,0,0,0,0,0,0,0,0,1,0,0,0,0,1,24,HOMBRE,LESIONADO,CONDUCTOR PRESENTE,NO,NO,0
3447,10696,10697,2017,1,0,-0.292724,-78.476486,PICHINCHA,QUITO,CONOCOTO,RURAL,2017-05-16,07:03:00,7,MARTES,2,MAYO,5,NO,NO CEDER EL DERECHO DE VIA O PREFERENCIA DE PASO AL PEATON.,ATROPELLOS,AUTOMOVIL,1,0,0,0,0,0,0,0,0,0,0,0,0,1,8,HOMBRE,LESIONADO,PEATON,NO,NO,3
3448,10700,10701,2017,2,0,-0.065868,-78.451746,PICHINCHA,QUITO,CALDERON (CARAPUNGO),RURAL,2017-05-16,08:00:00,8,MARTES,2,MAYO,5,NO,DEJAR O RECOGER PASAJEROS EN LUGARES NO PERMITIDOS.,CAIDA DE PASAJERO,NO IDENTIFICADO,0,0,0,0,0,0,0,0,0,1,0,0,0,1,35,HOMBRE,LESIONADO,PASAJERO,NO,NO,3
3449,10702,10703,2017,0,0,-0.220407,-78.522365,PICHINCHA,QUITO,QUITO,URBANA,2017-05-16,08:40:00,8,MARTES,2,MAYO,5,NO,NO TRANSITAR POR LAS ACERAS O ZONAS DE SEGURIDAD DESTINADAS PARA EL EFECTO.,ATROPELLOS,CAMION,0,0,0,1,0,0,0,0,0,0,0,0,0,1,35,HOMBRE,ILESO,CONDUCTOR PRESENTE,NO,NO,0
3450,10707,10708,2017,0,1,-0.096125,-78.289971,PICHINCHA,QUITO,EL QUINCHE,RURAL,2017-05-16,10:50:00,10,MARTES,2,MAYO,5,NO,NO MANTENER LA DISTANCIA PRUDENCIAL CON RESPECTO AL VEHICULO QUE LE ANTECEDE.,ESTRELLAMIENTOS,MOTOCICLETA,0,0,0,0,0,0,1,0,1,0,0,0,0,2,28,HOMBRE,FALLECIDO,CONDUCTOR PRESENTE,NO,NO,3
3451,10708,10709,2017,1,0,-0.164114,-78.471675,PICHINCHA,QUITO,QUITO,URBANA,2017-05-16,11:10:00,11,MARTES,2,MAYO,5,NO,"CONDUCIR DESATENTO A LAS CONDICIONES DE TRANSITO (CELULAR, PANTALLAS DE VIDEO, COMIDA, MAQUILLAJE O CUALQUIER OTRO ELEMENTO DISTRACTOR).",PERDIDA DE PISTA,NO IDENTIFICADO,0,0,0,0,0,0,0,0,0,1,0,0,0,1,24,HOMBRE,LESIONADO,CONDUCTOR PRESENTE,NO,NO,0
3452,10709,10710,2017,0,0,-0.190709,-78.480868,PICHINCHA,QUITO,QUITO,URBANA,2017-05-16,11:20:00,11,MARTES,2,MAYO,5,NO,REALIZAR CAMBIO BRUSCO O INDEBIDO DE CARRIL.,ESTRELLAMIENTOS,VEHICULO DEPORTIVO UTILITARIO,0,0,0,0,0,0,0,0,0,0,0,0,1,1,29,MUJER,ILESO,CONDUCTOR PRESENTE,NO,NO,0
3453,10711,10712,2017,0,0,-0.248281,-78.530909,PICHINCHA,QUITO,QUITO,URBANA,2017-05-16,12:05:00,12,MARTES,2,MAYO,5,NO,NO CEDER EL DERECHO DE VIA O PREFERENCIA DE PASO AL PEATON.,ATROPELLOS,CAMIONETA,0,0,0,0,1,0,0,0,0,0,0,0,0,1,40,HOMBRE,ILESO,CONDUCTOR PRESENTE,NO,NO,0
3454,10713,10714,2017,4,0,-0.204592,-78.455985,PICHINCHA,QUITO,QUITO,RURAL,2017-05-16,12:20:00,12,MARTES,2,MAYO,5,NO,CONDUCIR VEHICULO SUPERANDO LOS LIMITES MAXIMOS DE VELOCIDAD.,VOLCAMIENTOS,FURGONETA,0,0,0,0,0,0,0,1,0,0,0,0,0,1,39,HOMBRE,LESIONADO,CONDUCTOR PRESENTE,NO,NO,3
3455,10714,10715,2017,1,0,-0.187606,-78.487592,PICHINCHA,QUITO,QUITO,URBANA,2017-05-16,12:30:00,12,MARTES,2,MAYO,5,NO,"CONDUCIR DESATENTO A LAS CONDICIONES DE TRANSITO (CELULAR, PANTALLAS DE VIDEO, COMIDA, MAQUILLAJE O CUALQUIER OTRO ELEMENTO DISTRACTOR).",ESTRELLAMIENTOS,NO IDENTIFICADO,0,0,0,0,0,0,0,0,0,1,0,0,0,1,33,HOMBRE,LESIONADO,PEATON,NO,NO,0
3456,10715,10716,2017,0,0,-0.318557,-78.549265,PICHINCHA,QUITO,QUITO,URBANA,2017-05-16,12:54:00,12,MARTES,2,MAYO,5,NO,NO GUARDAR LA DISTANCIA LATERAL MINIMA DE SEGURIDAD ENTRE VEHICULOS.,ROZAMIENTOS,BUS,0,0,2,0,0,0,0,0,0,0,0,0,0,2,34,HOMBRE,ILESO,CONDUCTOR PRESENTE,NO,NO,0
3457,10717,10718,2017,1,0,-0.198633,-78.465036,PICHINCHA,QUITO,QUITO,URBANA,2017-05-16,13:14:00,13,MARTES,2,MAYO,5,NO,REALIZAR CAMBIO BRUSCO O INDEBIDO DE CARRIL.,PERDIDA DE PISTA,NO IDENTIFICADO,0,0,0,0,0,0,0,0,0,1,0,0,0,1,57,HOMBRE,LESIONADO,PASAJERO,NO,NO,0
3458,10721,10722,2017,1,0,-0.098729,-78.452475,PICHINCHA,QUITO,CALDERON (CARAPUNGO),RURAL,2017-05-16,14:10:00,14,MARTES,2,MAYO,5,NO,"NO RESPETAR LAS SENIALES REGLAMENTARIAS DE TRANSITO. (PARE, CEDA EL PASO, LUZ ROJA DEL SEMAFORO, ETC).",CHOQUE LATERAL,MOTOCICLETA,0,0,0,0,0,0,0,0,1,1,0,0,0,2,29,HOMBRE,LESIONADO,CONDUCTOR PRESENTE,NO,NO,3
3459,10723,10724,2017,1,0,-0.172408,-78.494043,PICHINCHA,QUITO,QUITO,URBANA,2017-05-16,14:40:00,14,MARTES,2,MAYO,5,NO,NO CEDER EL DERECHO DE VIA O PREFERENCIA DE PASO AL PEATON.,ATROPELLOS,MOTOCICLETA,0,0,0,0,0,0,0,0,1,0,0,0,0,1,34,MUJER,LESIONADO,PEATON,NO,NO,0
3460,10724,10725,2017,1,0,-0.197511,-78.500475,PICHINCHA,QUITO,QUITO,URBANA,2017-05-16,14:50:00,14,MARTES,2,MAYO,5,NO,REALIZAR CAMBIO BRUSCO O INDEBIDO DE CARRIL.,ATROPELLOS,MOTOCICLETA,0,0,0,0,0,0,0,0,1,0,0,0,0,1,18,MUJER,LESIONADO,PEATON,NO,NO,0
3461,10726,10727,2017,1,0,-0.300505,-78.438733,PICHINCHA,QUITO,ALANGASI,RURAL,2017-05-16,15:57:00,15,MARTES,2,MAYO,5,NO,DEJAR O RECOGER PASAJEROS EN LUGARES NO PERMITIDOS.,CAIDA DE PASAJERO,NO IDENTIFICADO,0,0,0,0,0,0,0,0,0,1,0,0,0,1,9,HOMBRE,LESIONADO,PASAJERO,NO,NO,3
3462,10733,10734,2017,0,0,-0.094231,-78.388083,PICHINCHA,QUITO,CALDERON (CARAPUNGO),RURAL,2017-05-16,17:50:00,17,MARTES,2,MAYO,5,NO,REALIZAR CAMBIO BRUSCO O INDEBIDO DE CARRIL.,PERDIDA DE PISTA,VEHICULO DEPORTIVO UTILITARIO,2,0,0,0,0,0,0,0,0,0,0,0,1,3,59,MUJER,ILESO,CONDUCTOR PRESENTE,NO,NO,3
3463,10734,10735,2017,1,0,0.082121,-78.192877,PICHINCHA,PEDRO MONCAYO,TUPIGACHI,URBANA,2017-05-16,18:00:00,18,MARTES,2,MAYO,5,NO,"CONDUCIR DESATENTO A LAS CONDICIONES DE TRANSITO (CELULAR, PANTALLAS DE VIDEO, COMIDA, MAQUILLAJE O CUALQUIER OTRO ELEMENTO DISTRACTOR).",ATROPELLOS,NO IDENTIFICADO,0,0,0,0,0,0,0,0,0,1,0,0,0,1,10,HOMBRE,LESIONADO,PEATON,NO,NO,0
3464,10736,10737,2017,0,0,-0.198079,-78.495918,PICHINCHA,QUITO,QUITO,URBANA,2017-05-16,18:25:00,18,MARTES,2,MAYO,5,NO,NO CEDER EL DERECHO DE VIA O PREFERENCIA DE PASO A VEHICULOS.,CHOQUE LATERAL,AUTOMOVIL,1,0,0,0,0,0,0,0,0,0,0,0,1,2,27,HOMBRE,ILESO,CONDUCTOR PRESENTE,NO,NO,0
3465,10740,10741,2017,1,0,-0.119551,-78.506659,PICHINCHA,QUITO,QUITO,URBANA,2017-05-16,18:50:00,18,MARTES,2,MAYO,5,NO,NO CEDER EL DERECHO DE VIA O PREFERENCIA DE PASO AL PEATON.,ATROPELLOS,NO IDENTIFICADO,0,0,0,0,0,0,0,0,0,1,0,0,0,1,56,HOMBRE,LESIONADO,PEATON,NO,NO,0
3466,10743,10744,2017,1,0,-0.249045,-78.512119,PICHINCHA,QUITO,QUITO,URBANA,2017-05-16,19:15:00,19,MARTES,2,MAYO,5,NO,NO TRANSITAR POR LAS ACERAS O ZONAS DE SEGURIDAD DESTINADAS PARA EL EFECTO.,ATROPELLOS,NO IDENTIFICADO,0,0,0,0,0,0,0,0,0,1,0,0,0,1,36,MUJER,LESIONADO,PEATON,NO,NO,0
3467,10744,10745,2017,0,0,-0.206735,-78.380875,PICHINCHA,QUITO,TUMBACO,RURAL,2017-05-16,19:30:00,19,MARTES,2,MAYO,5,NO,NO CEDER EL DERECHO DE VIA O PREFERENCIA DE PASO A VEHICULOS.,CHOQUE LATERAL,CAMIONETA,0,0,0,0,1,0,0,0,1,0,0,0,0,2,39,HOMBRE,ILESO,CONDUCTOR PRESENTE,NO,NO,3
3468,10745,10746,2017,1,0,-0.257776,-78.485401,PICHINCHA,QUITO,CONOCOTO,URBANA,2017-05-16,20:00:00,20,MARTES,2,MAYO,5,NO,NO CEDER EL DERECHO DE VIA O PREFERENCIA DE PASO AL PEATON.,ATROPELLOS,NO IDENTIFICADO,0,0,0,0,0,0,0,0,0,1,0,0,0,1,26,HOMBRE,LESIONADO,PEATON,NO,NO,0
3469,10747,10748,2017,0,0,-0.207231,-78.508592,PICHINCHA,QUITO,QUITO,URBANA,2017-05-16,20:30:00,20,MARTES,2,MAYO,5,NO,NO MANTENER LA DISTANCIA PRUDENCIAL CON RESPECTO AL VEHICULO QUE LE ANTECEDE.,CHOQUE POSTERIOR,AUTOMOVIL,1,0,0,0,0,0,0,0,0,1,0,0,0,2,28,HOMBRE,ILESO,CONDUCTOR PRESENTE,NO,NO,0
3470,10767,10768,2017,0,0,-0.173892,-78.454546,PICHINCHA,QUITO,QUITO,URBANA,2017-05-17,02:45:00,2,MIERCOLES,3,MAYO,5,NO,"CONDUCIR EN ESTADO DE SOMNOLENCIA O MALAS CONDICIONES FISICAS (SUENIO, CANSANCIO Y FATIGA).",PERDIDA DE PISTA,VEHICULO DEPORTIVO UTILITARIO,0,0,0,0,0,0,0,0,0,0,0,0,1,1,27,HOMBRE,ILESO,CONDUCTOR PRESENTE,NO,NO,0
3471,10769,10770,2017,0,0,-0.529201,-78.579967,PICHINCHA,MEJIA,MACHACHI,RURAL,2017-05-17,05:50:00,5,MIERCOLES,3,MAYO,5,NO,"CONDUCIR DESATENTO A LAS CONDICIONES DE TRANSITO (CELULAR, PANTALLAS DE VIDEO, COMIDA, MAQUILLAJE O CUALQUIER OTRO ELEMENTO DISTRACTOR).",ESTRELLAMIENTOS,VEHICULO DEPORTIVO UTILITARIO,0,0,0,0,0,0,0,0,0,0,0,0,1,1,43,HOMBRE,ILESO,CONDUCTOR PRESENTE,NO,NO,3
3472,10771,10772,2017,1,0,-0.103479,-78.509386,PICHINCHA,QUITO,QUITO,URBANA,2017-05-17,06:15:00,6,MIERCOLES,3,MAYO,5,NO,CONDUCIR VEHICULO SUPERANDO LOS LIMITES MAXIMOS DE VELOCIDAD.,PERDIDA DE PISTA,MOTOCICLETA,0,0,0,0,0,0,0,0,1,0,0,0,0,1,24,HOMBRE,LESIONADO,CONDUCTOR PRESENTE,NO,NO,0
3473,10772,10773,2017,1,0,-0.154263,-78.501783,PICHINCHA,QUITO,QUITO,URBANA,2017-05-17,07:10:00,7,MIERCOLES,3,MAYO,5,NO,NO CEDER EL DERECHO DE VIA O PREFERENCIA DE PASO AL PEATON.,ATROPELLOS,NO IDENTIFICADO,0,0,0,0,0,0,0,0,0,1,0,0,0,1,6,HOMBRE,LESIONADO,PEATON,NO,NO,0
3474,10773,10774,2017,1,0,-0.270509,-78.528644,PICHINCHA,QUITO,QUITO,URBANA,2017-05-17,08:00:00,8,MIERCOLES,3,MAYO,5,NO,NO CEDER EL DERECHO DE VIA O PREFERENCIA DE PASO AL PEATON.,ATROPELLOS,NO IDENTIFICADO,0,0,0,0,0,0,0,0,0,1,0,0,0,1,75,HOMBRE,LESIONADO,PEATON,NO,NO,0
3475,10775,10776,2017,0,0,-0.206862,-78.434574,PICHINCHA,QUITO,CUMBAYA,RURAL,2017-05-17,09:01:00,9,MIERCOLES,3,MAYO,5,NO,"CONDUCIR EN ESTADO DE SOMNOLENCIA O MALAS CONDICIONES FISICAS (SUENIO, CANSANCIO Y FATIGA).",ESTRELLAMIENTOS,VEHICULO DEPORTIVO UTILITARIO,0,0,0,0,0,0,0,0,0,0,0,0,1,1,26,MUJER,ILESO,CONDUCTOR PRESENTE,NO,NO,3
3476,10776,10777,2017,1,0,-0.140051,-78.475891,PICHINCHA,QUITO,QUITO,URBANA,2017-05-17,09:05:00,9,MIERCOLES,3,MAYO,5,NO,REALIZAR CAMBIO BRUSCO O INDEBIDO DE CARRIL.,CHOQUE POSTERIOR,VEHICULO DEPORTIVO UTILITARIO,0,0,0,0,0,0,0,0,1,0,0,0,1,2,26,MUJER,LESIONADO,PASAJERO,NO,NO,0
3477,10777,10778,2017,0,0,-0.193705,-78.483038,PICHINCHA,QUITO,QUITO,URBANA,2017-05-17,09:10:00,9,MIERCOLES,3,MAYO,5,NO,NO CEDER EL DERECHO DE VIA O PREFERENCIA DE PASO A VEHICULOS.,CHOQUE LATERAL,AUTOMOVIL,2,0,0,0,0,0,0,0,0,0,0,0,0,2,66,HOMBRE,ILESO,CONDUCTOR PRESENTE,NO,NO,0
3478,10778,10779,2017,0,0,-0.211001,-78.498388,PICHINCHA,QUITO,QUITO,URBANA,2017-05-17,10:20:00,10,MIERCOLES,3,MAYO,5,NO,NO GUARDAR LA DISTANCIA LATERAL MINIMA DE SEGURIDAD ENTRE VEHICULOS.,ROZAMIENTOS,AUTOMOVIL,1,0,1,0,0,0,0,0,0,0,0,0,0,2,37,MUJER,ILESO,CONDUCTOR PRESENTE,NO,NO,0
3479,10781,10782,2017,0,0,-0.202734,-78.484984,PICHINCHA,QUITO,QUITO,URBANA,2017-05-17,10:40:00,10,MIERCOLES,3,MAYO,5,NO,NO MANTENER LA DISTANCIA PRUDENCIAL CON RESPECTO AL VEHICULO QUE LE ANTECEDE.,CHOQUE POSTERIOR,BUS,1,0,1,0,0,0,0,0,1,0,0,0,0,3,40,HOMBRE,ILESO,CONDUCTOR PRESENTE,NO,NO,0
3480,10782,10783,2017,1,0,-0.219429,-78.520717,PICHINCHA,QUITO,QUITO,URBANA,2017-05-17,11:10:00,11,MIERCOLES,3,MAYO,5,NO,BAJARSE O SUBIRSE DE VEHICULOS EN MOVIMIENTO SIN TOMAR LAS PRECAUCIONES DEBIDAS.,CAIDA DE PASAJERO,BUS,0,0,1,0,0,0,0,0,0,0,0,0,0,1,84,MUJER,LESIONADO,PASAJERO,NO,NO,0
3481,10783,10784,2017,1,0,-0.122089,-78.464874,PICHINCHA,QUITO,QUITO,URBANA,2017-05-17,11:30:00,11,MIERCOLES,3,MAYO,5,NO,"NO RESPETAR LAS SENIALES REGLAMENTARIAS DE TRANSITO. (PARE, CEDA EL PASO, LUZ ROJA DEL SEMAFORO, ETC).",CHOQUE LATERAL,MOTOCICLETA,1,0,0,0,0,0,0,0,1,0,0,0,0,2,12,MUJER,LESIONADO,PASAJERO,NO,NO,0
3482,10789,10790,2017,0,0,-0.287133,-78.455773,PICHINCHA,QUITO,ALANGASI,RURAL,2017-05-17,13:13:00,13,MIERCOLES,3,MAYO,5,NO,NO GUARDAR LA DISTANCIA LATERAL MINIMA DE SEGURIDAD ENTRE VEHICULOS.,ROZAMIENTOS,CAMION,0,0,0,1,0,0,0,1,0,0,0,0,0,2,62,HOMBRE,ILESO,CONDUCTOR PRESENTE,NO,NO,3
3483,10791,10792,2017,1,0,-0.172254,-78.490117,PICHINCHA,QUITO,QUITO,URBANA,2017-05-17,13:25:00,13,MIERCOLES,3,MAYO,5,NO,REALIZAR CAMBIO BRUSCO O INDEBIDO DE CARRIL.,PERDIDA DE PISTA,MOTOCICLETA,0,0,0,0,0,0,0,0,1,0,0,0,0,1,30,HOMBRE,LESIONADO,CONDUCTOR PRESENTE,NO,NO,0
3484,10795,10796,2017,0,0,-0.069226,-78.461414,PICHINCHA,QUITO,POMASQUI,URBANA,2017-05-17,14:20:00,14,MIERCOLES,3,MAYO,5,NO,NO CEDER EL DERECHO DE VIA O PREFERENCIA DE PASO A VEHICULOS.,CHOQUE LATERAL,AUTOMOVIL,1,0,0,1,0,0,0,0,0,0,0,0,0,2,68,HOMBRE,ILESO,CONDUCTOR PRESENTE,NO,NO,0
3485,10797,10798,2017,1,0,-0.109235,-78.489061,PICHINCHA,QUITO,QUITO,URBANA,2017-05-17,14:35:00,14,MIERCOLES,3,MAYO,5,NO,BAJARSE O SUBIRSE DE VEHICULOS EN MOVIMIENTO SIN TOMAR LAS PRECAUCIONES DEBIDAS.,CAIDA DE PASAJERO,BUS,0,0,1,0,0,0,0,0,0,0,0,0,0,1,64,MUJER,LESIONADO,PASAJERO,NO,NO,0
3486,10800,10801,2017,1,0,-0.158161,-78.439262,PICHINCHA,QUITO,NAYON,RURAL,2017-05-17,15:30:00,15,MIERCOLES,3,MAYO,5,NO,"CASO FORTUITO O FUERZA MAYOR (EXPLOSION DE NEUMATICO NUEVO, DERRUMBE, INUNDACION, CAIDA DE PUENTE, ARBOL, PRESENCIA INTEMPESTIVA E IMPREVISTA DE SEMOVIENTES EN LA VIA, ETC.).",OTROS,MOTOCICLETA,0,0,0,0,0,0,0,0,1,0,0,0,0,1,55,HOMBRE,LESIONADO,CONDUCTOR PRESENTE,NO,NO,3
3487,10801,10802,2017,1,0,-0.107553,-78.491262,PICHINCHA,QUITO,QUITO,URBANA,2017-05-17,15:35:00,15,MIERCOLES,3,MAYO,5,NO,NO CEDER EL DERECHO DE VIA O PREFERENCIA DE PASO AL PEATON.,ATROPELLOS,NO IDENTIFICADO,0,0,0,0,0,0,0,0,0,1,0,0,0,1,34,HOMBRE,LESIONADO,PEATON,NO,NO,0
3488,10803,10804,2017,0,0,-0.182204,-78.478691,PICHINCHA,QUITO,QUITO,URBANA,2017-05-17,16:30:00,16,MIERCOLES,3,MAYO,5,NO,"CONDUCE BAJO LA INFLUENCIA DE ALCOHOL, SUSTANCIAS ESTUPEFACIENTES O PSICOTROPICAS Y/O MEDICAMENTOS.",ESTRELLAMIENTOS,VEHICULO DEPORTIVO UTILITARIO,0,0,0,0,0,0,0,0,0,0,0,0,1,1,31,HOMBRE,ILESO,CONDUCTOR PRESENTE,NO,NO,0
3489,10804,10805,2017,1,0,-0.116714,-78.501802,PICHINCHA,QUITO,QUITO,URBANA,2017-05-17,17:00:00,17,MIERCOLES,3,MAYO,5,NO,NO TRANSITAR POR LAS ACERAS O ZONAS DE SEGURIDAD DESTINADAS PARA EL EFECTO.,ATROPELLOS,NO IDENTIFICADO,0,0,0,0,0,0,0,0,0,1,0,0,0,1,4,HOMBRE,LESIONADO,PEATON,NO,NO,0
3490,10808,10809,2017,2,0,-0.108378,-78.491148,PICHINCHA,QUITO,QUITO,URBANA,2017-05-17,18:55:00,18,MIERCOLES,3,MAYO,5,NO,"NO RESPETAR LAS SENIALES REGLAMENTARIAS DE TRANSITO. (PARE, CEDA EL PASO, LUZ ROJA DEL SEMAFORO, ETC).",CHOQUE LATERAL,MOTOCICLETA,0,0,0,0,0,0,0,0,1,1,0,0,0,2,27,HOMBRE,LESIONADO,CONDUCTOR PRESENTE,NO,NO,0
3491,10810,10811,2017,4,0,-0.151955,-78.476471,PICHINCHA,QUITO,QUITO,URBANA,2017-05-17,20:30:00,20,MIERCOLES,3,MAYO,5,NO,"CONDUCE BAJO LA INFLUENCIA DE ALCOHOL, SUSTANCIAS ESTUPEFACIENTES O PSICOTROPICAS Y/O MEDICAMENTOS.",ESTRELLAMIENTOS,AUTOMOVIL,1,0,0,0,0,0,0,0,0,0,0,0,0,1,40,HOMBRE,LESIONADO,CONDUCTOR PRESENTE,NO,NO,0
3492,10812,10813,2017,0,0,-0.185691,-78.482505,PICHINCHA,QUITO,QUITO,URBANA,2017-05-17,20:40:00,20,MIERCOLES,3,MAYO,5,NO,NO MANTENER LA DISTANCIA PRUDENCIAL CON RESPECTO AL VEHICULO QUE LE ANTECEDE.,CHOQUE POSTERIOR,BUS,0,0,1,0,0,0,0,0,0,0,0,0,1,2,39,HOMBRE,ILESO,CONDUCTOR PRESENTE,NO,NO,0
3493,10813,10814,2017,0,0,-0.263992,-78.523687,PICHINCHA,QUITO,QUITO,URBANA,2017-05-17,21:20:00,21,MIERCOLES,3,MAYO,5,NO,REALIZAR CAMBIO BRUSCO O INDEBIDO DE CARRIL.,ESTRELLAMIENTOS,CAMIONETA,0,0,0,0,1,0,0,0,0,0,0,0,0,1,35,HOMBRE,ILESO,CONDUCTOR PRESENTE,NO,NO,0
3494,10814,10815,2017,0,0,-0.215935,-78.335512,PICHINCHA,QUITO,PIFO,URBANA,2017-05-17,21:25:00,21,MIERCOLES,3,MAYO,5,NO,"CONDUCE BAJO LA INFLUENCIA DE ALCOHOL, SUSTANCIAS ESTUPEFACIENTES O PSICOTROPICAS Y/O MEDICAMENTOS.",COLISION,BUS,2,0,1,0,0,0,0,0,0,0,0,0,1,4,39,HOMBRE,ILESO,CONDUCTOR PRESENTE,NO,NO,0
3495,10815,10816,2017,1,0,-0.160268,-78.473612,PICHINCHA,QUITO,QUITO,URBANA,2017-05-17,21:30:00,21,MIERCOLES,3,MAYO,5,NO,"PEATON TRANSITA BAJO INFLUENCIA DE ALCOHOL, SUSTANCIAS ESTUPEFACIENTES O PSICOTROPICAS Y/O MEDICAMENTOS.",CAIDA DE PASAJERO,AUTOMOVIL,1,0,0,0,0,0,0,0,0,0,0,0,0,1,55,HOMBRE,LESIONADO,PEATON,NO,NO,0
3496,10834,10835,2017,1,0,-0.315013,-78.558315,PICHINCHA,QUITO,QUITO,URBANA,2017-05-18,06:00:00,6,JUEVES,4,MAYO,5,NO,"CONDUCIR DESATENTO A LAS CONDICIONES DE TRANSITO (CELULAR, PANTALLAS DE VIDEO, COMIDA, MAQUILLAJE O CUALQUIER OTRO ELEMENTO DISTRACTOR).",CHOQUE POSTERIOR,FURGONETA,0,0,0,0,0,0,0,1,1,0,0,0,0,2,27,HOMBRE,LESIONADO,CONDUCTOR PRESENTE,NO,NO,0
3497,10835,10836,2017,0,0,-0.126492,-78.473878,PICHINCHA,QUITO,QUITO,URBANA,2017-05-18,06:15:00,6,JUEVES,4,MAYO,5,NO,NO CEDER EL DERECHO DE VIA O PREFERENCIA DE PASO A VEHICULOS.,CHOQUE LATERAL,VEHICULO DEPORTIVO UTILITARIO,1,0,0,0,0,0,0,0,0,0,0,0,1,2,55,HOMBRE,ILESO,CONDUCTOR PRESENTE,NO,NO,0
3498,10836,10837,2017,1,0,-0.217383,-78.400384,PICHINCHA,QUITO,TUMBACO,RURAL,2017-05-18,06:50:00,6,JUEVES,4,MAYO,5,NO,NO MANTENER LA DISTANCIA PRUDENCIAL CON RESPECTO AL VEHICULO QUE LE ANTECEDE.,CHOQUE POSTERIOR,CAMIONETA,0,0,0,0,1,0,0,0,1,0,0,0,0,2,38,HOMBRE,LESIONADO,CONDUCTOR PRESENTE,NO,NO,3
3499,10837,10838,2017,0,0,-0.302497,-78.559042,PICHINCHA,QUITO,QUITO,URBANA,2017-05-18,07:00:00,7,JUEVES,4,MAYO,5,NO,"NO RESPETAR LAS SENIALES REGLAMENTARIAS DE TRANSITO. (PARE, CEDA EL PASO, LUZ ROJA DEL SEMAFORO, ETC).",CHOQUE LATERAL,AUTOMOVIL,1,0,0,0,0,0,0,1,0,0,0,0,0,2,30,MUJER,ILESO,CONDUCTOR PRESENTE,NO,NO,0
3500,10838,10839,2017,0,0,-0.131336,-78.468168,PICHINCHA,QUITO,QUITO,URBANA,2017-05-18,07:20:00,7,JUEVES,4,MAYO,5,NO,DEJAR O RECOGER PASAJEROS EN LUGARES NO PERMITIDOS.,CHOQUE LATERAL,BUS,1,0,1,0,0,0,0,0,0,0,0,0,0,2,41,HOMBRE,ILESO,CONDUCTOR PRESENTE,NO,NO,0
3501,10839,10840,2017,0,0,-0.260341,-78.338808,PICHINCHA,QUITO,PIFO,RURAL,2017-05-18,07:30:00,7,JUEVES,4,MAYO,5,NO,"PRESENCIA DE AGENTES EXTERNOS EN LA VIA (AGUA, ACEITE, PIEDRA, LASTRE, ESCOMBROS, MADEROS, ETC.).",PERDIDA DE PISTA,MOTOCICLETA,0,0,0,0,0,0,0,0,1,0,0,0,0,1,40,MUJER,ILESO,CONDUCTOR PRESENTE,NO,NO,3
3502,10845,10846,2017,0,0,-0.292253,-78.544063,PICHINCHA,QUITO,QUITO,URBANA,2017-05-18,08:20:00,8,JUEVES,4,MAYO,5,NO,NO GUARDAR LA DISTANCIA LATERAL MINIMA DE SEGURIDAD ENTRE VEHICULOS.,ROZAMIENTOS,AUTOMOVIL,1,0,0,0,0,0,0,0,0,0,0,0,1,2,24,HOMBRE,ILESO,CONDUCTOR PRESENTE,NO,NO,0
3503,10846,10847,2017,1,0,-0.108255,-78.461339,PICHINCHA,QUITO,CALDERON (CARAPUNGO),RURAL,2017-05-18,08:25:00,8,JUEVES,4,MAYO,5,NO,"PEATON TRANSITA BAJO INFLUENCIA DE ALCOHOL, SUSTANCIAS ESTUPEFACIENTES O PSICOTROPICAS Y/O MEDICAMENTOS.",ATROPELLOS,AUTOMOVIL,1,0,0,0,0,0,0,0,0,0,0,0,0,1,30,HOMBRE,LESIONADO,PEATON,NO,NO,3
3504,10856,10857,2017,0,0,-0.169343,-78.484403,PICHINCHA,QUITO,QUITO,URBANA,2017-05-18,12:30:00,12,JUEVES,4,MAYO,5,NO,NO GUARDAR LA DISTANCIA LATERAL MINIMA DE SEGURIDAD ENTRE VEHICULOS.,ROZAMIENTOS,VEHICULO DEPORTIVO UTILITARIO,0,0,0,0,0,0,0,0,0,0,0,0,2,2,41,HOMBRE,ILESO,CONDUCTOR PRESENTE,NO,NO,0
3505,10861,10862,2017,0,1,-0.469956,-78.585274,PICHINCHA,MEJIA,ALOAG,RURAL,2017-05-18,14:30:00,14,JUEVES,4,MAYO,5,NO,NO CEDER EL DERECHO DE VIA O PREFERENCIA DE PASO AL PEATON.,ATROPELLOS,BUS,0,0,1,0,0,0,0,0,0,0,0,0,0,1,74,HOMBRE,FALLECIDO,PASAJERO,NO,NO,3