,Unnamed: 0,ID,ANIO,LESIONADOS,FALLECIDOS,LATITUD_Y,LONGITUD_X,PROVINCIA,CANTON,PARROQUIA,ZONA,FECHA,HORA,PERIODO_2,DIA_1,DIA_2,MES_1,MES_2,FERIADO,CAUSA_PROBABLE,TIPO_DE_SINIESTRO,TIPO_DE_VEHICULO_1,AUTOMOVIL,BICICLETA,BUS,CAMION,CAMIONETA,EMERGENCIAS,ESPECIAL,FURGONETA,MOTOCICLETA,NO_IDENTIFICADO,SCOOTER_ELECTRICO,TRICIMOTO,VEHICULO_DEPORTIVO_UTILITARIO,SUMA_DE_VEHICULOS,EDAD_1,SEXO_1,CONDICION_1,PARTICIPANTE_1,CASCO_1,CINTURON_1,KMeans_Cluster
3506,10862,10863,2017,0,0,-0.103761,-78.452387,PICHINCHA,QUITO,CALDERON (CARAPUNGO),RURAL,2017-05-18,14:45:00,14,JUEVES,4,MAYO,5,NO,NO CEDER EL DERECHO DE VIA O PREFERENCIA DE PASO A VEHICULOS.,CHOQUE LATERAL,AUTOMOVIL,1,0,0,1,0,0,0,0,0,0,0,0,0,2,44,HOMBRE,ILESO,CONDUCTOR PRESENTE,NO,NO,3
3507,10863,10864,2017,1,0,-0.200001,-78.485067,PICHINCHA,QUITO,QUITO,URBANA,2017-05-18,15:00:00,15,JUEVES,4,MAYO,5,NO,NO CEDER EL DERECHO DE VIA O PREFERENCIA DE PASO AL PEATON.,ATROPELLOS,BUS,0,0,1,0,0,0,0,0,0,0,0,0,0,1,25,MUJER,LESIONADO,PEATON,NO,NO,0
3508,10864,10865,2017,0,0,-0.200785,-78.496872,PICHINCHA,QUITO,QUITO,URBANA,2017-05-18,15:28:00,15,JUEVES,4,MAYO,5,NO,REALIZAR CAMBIO BRUSCO O INDEBIDO DE CARRIL.,ESTRELLAMIENTOS,FURGONETA,0,0,0,0,0,0,0,1,0,0,0,0,0,1,43,HOMBRE,ILESO,CONDUCTOR PRESENTE,NO,NO,0
3509,10865,10866,2017,1,0,-0.152193,-78.464571,PICHINCHA,QUITO,QUITO,URBANA,2017-05-18,15:55:00,15,JUEVES,4,MAYO,5,NO,NO CEDER EL DERECHO DE VIA O PREFERENCIA DE PASO A VEHICULOS.,CHOQUE LATERAL,VEHICULO DEPORTIVO UTILITARIO,0,0,0,0,0,0,0,0,1,0,0,0,1,2,25,HOMBRE,LESIONADO,CONDUCTOR PRESENTE,NO,NO,0
3510,10866,10867,2017,0,0,-0.213591,-78.497511,PICHINCHA,QUITO,QUITO,URBANA,2017-05-18,17:15:00,17,JUEVES,4,MAYO,5,NO,"NO RESPETAR LAS SENIALES REGLAMENTARIAS DE TRANSITO. (PARE, CEDA EL PASO, LUZ ROJA DEL SEMAFORO, ETC).",CHOQUE LATERAL,AUTOMOVIL,1,0,0,0,1,0,0,0,0,0,0,0,0,2,32,HOMBRE,ILESO,CONDUCTOR PRESENTE,NO,NO,0
3511,10868,10869,2017,1,0,-0.144216,-78.487921,PICHINCHA,QUITO,QUITO,URBANA,2017-05-18,18:20:00,18,JUEVES,4,MAYO,5,NO,NO CEDER EL DERECHO DE VIA O PREFERENCIA DE PASO AL PEATON.,ATROPELLOS,NO IDENTIFICADO,0,0,0,0,0,0,0,0,0,1,0,0,0,1,14,HOMBRE,LESIONADO,PEATON,NO,NO,0
3512,10869,10870,2017,0,0,-0.151712,-78.477231,PICHINCHA,QUITO,QUITO,URBANA,2017-05-18,19:10:00,19,JUEVES,4,MAYO,5,NO,REALIZAR CAMBIO BRUSCO O INDEBIDO DE CARRIL.,CHOQUE POSTERIOR,VEHICULO DEPORTIVO UTILITARIO,1,0,0,0,0,0,0,0,0,0,0,0,1,2,38,HOMBRE,ILESO,CONDUCTOR PRESENTE,NO,NO,0
3513,10870,10871,2017,0,0,-0.171128,-78.490332,PICHINCHA,QUITO,QUITO,URBANA,2017-05-18,19:30:00,19,JUEVES,4,MAYO,5,NO,"NO RESPETAR LAS SENIALES REGLAMENTARIAS DE TRANSITO. (PARE, CEDA EL PASO, LUZ ROJA DEL SEMAFORO, ETC).",CHOQUE LATERAL,VEHICULO DEPORTIVO UTILITARIO,0,0,0,0,0,0,0,0,0,0,0,0,2,2,-1,HOMBRE,ILESO,CONDUCTOR PRESENTE,NO,NO,0
3514,10872,10873,2017,5,0,-0.323392,-78.376264,PICHINCHA,QUITO,PINTAG,RURAL,2017-05-18,20:20:00,20,JUEVES,4,MAYO,5,NO,REALIZAR CAMBIO BRUSCO O INDEBIDO DE CARRIL.,VOLCAMIENTOS,AUTOMOVIL,1,0,0,0,0,0,0,0,0,0,0,0,0,1,30,MUJER,LESIONADO,PASAJERO,NO,NO,3
3515,10873,10874,2017,0,0,-0.243955,-78.502207,PICHINCHA,QUITO,QUITO,URBANA,2017-05-18,20:50:00,20,JUEVES,4,MAYO,5,NO,"CONDUCE BAJO LA INFLUENCIA DE ALCOHOL, SUSTANCIAS ESTUPEFACIENTES O PSICOTROPICAS Y/O MEDICAMENTOS.",CHOQUE LATERAL,AUTOMOVIL,1,0,0,0,0,0,0,0,1,0,0,0,0,2,35,HOMBRE,ILESO,CONDUCTOR PRESENTE,NO,NO,0
3516,10876,10877,2017,1,0,-0.162831,-78.486035,PICHINCHA,QUITO,QUITO,URBANA,2017-05-18,23:35:00,23,JUEVES,4,MAYO,5,NO,BAJARSE O SUBIRSE DE VEHICULOS EN MOVIMIENTO SIN TOMAR LAS PRECAUCIONES DEBIDAS.,CAIDA DE PASAJERO,NO IDENTIFICADO,0,0,0,0,0,0,0,0,0,1,0,0,0,1,33,HOMBRE,LESIONADO,PASAJERO,NO,NO,0
3517,10892,10893,2017,1,1,-0.498535,-78.571992,PICHINCHA,MEJIA,MACHACHI,RURAL,2017-05-19,03:10:00,3,VIERNES,5,MAYO,5,NO,CONDUCIR EN SENTIDO CONTRARIO A LA VIA NORMAL DE CIRCULACION.,CHOQUE FRONTAL,AUTOMOVIL,2,0,0,0,0,0,0,0,0,0,0,0,0,2,25,HOMBRE,FALLECIDO,PASAJERO,NO,NO,3
3518,10896,10897,2017,0,0,-0.285853,-78.437042,PICHINCHA,QUITO,ALANGASI,RURAL,2017-05-19,05:05:00,5,VIERNES,5,MAYO,5,NO,"NO RESPETAR LAS SENIALES REGLAMENTARIAS DE TRANSITO. (PARE, CEDA EL PASO, LUZ ROJA DEL SEMAFORO, ETC).",COLISION,CAMION,2,0,0,1,0,0,0,0,0,0,0,0,0,3,35,HOMBRE,ILESO,CONDUCTOR PRESENTE,NO,NO,3
3519,10898,10899,2017,0,0,-0.214643,-78.516701,PICHINCHA,QUITO,QUITO,URBANA,2017-05-19,05:35:00,5,VIERNES,5,MAYO,5,NO,"CONDUCIR EN ESTADO DE SOMNOLENCIA O MALAS CONDICIONES FISICAS (SUENIO, CANSANCIO Y FATIGA).",ESTRELLAMIENTOS,CAMIONETA,0,0,0,0,1,0,0,0,0,0,0,0,0,1,22,HOMBRE,ILESO,CONDUCTOR PRESENTE,NO,NO,0
3520,10899,10900,2017,1,0,-0.263721,-78.487811,PICHINCHA,QUITO,CONOCOTO,RURAL,2017-05-19,05:45:00,5,VIERNES,5,MAYO,5,NO,NO CEDER EL DERECHO DE VIA O PREFERENCIA DE PASO A VEHICULOS.,CHOQUE LATERAL,MOTOCICLETA,0,0,0,0,0,0,0,0,1,1,0,0,0,2,44,HOMBRE,LESIONADO,CONDUCTOR PRESENTE,NO,NO,3
3521,10900,10901,2017,0,0,-0.145935,-78.493201,PICHINCHA,QUITO,QUITO,URBANA,2017-05-19,06:50:00,6,VIERNES,5,MAYO,5,NO,"NO RESPETAR LAS SENIALES REGLAMENTARIAS DE TRANSITO. (PARE, CEDA EL PASO, LUZ ROJA DEL SEMAFORO, ETC).",CHOQUE LATERAL,AUTOMOVIL,2,0,0,0,0,0,0,0,0,0,0,0,0,2,60,HOMBRE,ILESO,CONDUCTOR PRESENTE,NO,NO,0
3522,10901,10902,2017,0,0,-0.142041,-78.443217,PICHINCHA,QUITO,LLANO CHICO,RURAL,2017-05-19,07:10:00,7,VIERNES,5,MAYO,5,NO,NO MANTENER LA DISTANCIA PRUDENCIAL CON RESPECTO AL VEHICULO QUE LE ANTECEDE.,COLISION,VEHICULO DEPORTIVO UTILITARIO,0,0,0,0,1,0,0,0,0,0,0,0,3,4,48,HOMBRE,ILESO,CONDUCTOR PRESENTE,NO,NO,3
3523,10903,10904,2017,1,0,-0.180302,-78.504371,PICHINCHA,QUITO,QUITO,URBANA,2017-05-19,08:15:00,8,VIERNES,5,MAYO,5,NO,NO MANTENER LA DISTANCIA PRUDENCIAL CON RESPECTO AL VEHICULO QUE LE ANTECEDE.,COLISION,AUTOMOVIL,3,0,0,0,0,0,0,0,0,0,0,0,0,3,75,HOMBRE,LESIONADO,CONDUCTOR PRESENTE,NO,NO,0
3524,10904,10905,2017,0,0,-0.157391,-78.485062,PICHINCHA,QUITO,QUITO,URBANA,2017-05-19,08:15:00,8,VIERNES,5,MAYO,5,NO,NO CEDER EL DERECHO DE VIA O PREFERENCIA DE PASO A VEHICULOS.,CHOQUE LATERAL,AUTOMOVIL,2,0,0,0,0,0,0,0,0,0,0,0,0,2,44,HOMBRE,ILESO,CONDUCTOR PRESENTE,NO,NO,0
3525,10905,10906,2017,0,0,-0.237541,-78.484837,PICHINCHA,QUITO,QUITO,URBANA,2017-05-19,08:20:00,8,VIERNES,5,MAYO,5,NO,NO GUARDAR LA DISTANCIA LATERAL MINIMA DE SEGURIDAD ENTRE VEHICULOS.,ROZAMIENTOS,BUS,1,0,1,0,0,0,0,0,0,0,0,0,0,2,56,HOMBRE,ILESO,CONDUCTOR PRESENTE,NO,NO,0
3526,10912,10913,2017,2,0,-0.149479,-78.467579,PICHINCHA,QUITO,QUITO,URBANA,2017-05-19,11:40:00,11,VIERNES,5,MAYO,5,NO,"CONDUCIR DESATENTO A LAS CONDICIONES DE TRANSITO (CELULAR, PANTALLAS DE VIDEO, COMIDA, MAQUILLAJE O CUALQUIER OTRO ELEMENTO DISTRACTOR).",ESTRELLAMIENTOS,AUTOMOVIL,1,0,0,0,1,0,0,0,0,0,0,0,0,2,31,HOMBRE,LESIONADO,CONDUCTOR PRESENTE,NO,NO,0
3527,10913,10914,2017,0,0,-0.182114,-78.478824,PICHINCHA,QUITO,QUITO,URBANA,2017-05-19,12:00:00,12,VIERNES,5,MAYO,5,NO,NO MANTENER LA DISTANCIA PRUDENCIAL CON RESPECTO AL VEHICULO QUE LE ANTECEDE.,CHOQUE POSTERIOR,VEHICULO DEPORTIVO UTILITARIO,1,0,0,0,0,0,0,0,0,0,0,0,1,2,44,MUJER,ILESO,CONDUCTOR PRESENTE,NO,NO,0
3528,10914,10915,2017,1,0,-0.004931,-78.446437,PICHINCHA,QUITO,SAN ANTONIO (QUITO),RURAL,2017-05-19,12:15:00,12,VIERNES,5,MAYO,5,NO,NO CEDER EL DERECHO DE VIA O PREFERENCIA DE PASO A VEHICULOS.,CHOQUE LATERAL,VEHICULO DEPORTIVO UTILITARIO,0,0,0,0,0,0,0,0,1,0,0,0,1,2,52,HOMBRE,LESIONADO,CONDUCTOR PRESENTE,NO,NO,3
3529,10918,10919,2017,0,0,-0.278156,-78.549238,PICHINCHA,QUITO,QUITO,URBANA,2017-05-19,13:20:00,13,VIERNES,5,MAYO,5,NO,"NO RESPETAR LAS SENIALES REGLAMENTARIAS DE TRANSITO. (PARE, CEDA EL PASO, LUZ ROJA DEL SEMAFORO, ETC).",CHOQUE LATERAL,AUTOMOVIL,1,0,0,0,1,0,0,0,0,0,0,0,0,2,52,HOMBRE,ILESO,CONDUCTOR PRESENTE,NO,NO,0
3530,10919,10920,2017,0,0,-0.186677,-78.495863,PICHINCHA,QUITO,QUITO,URBANA,2017-05-19,13:30:00,13,VIERNES,5,MAYO,5,NO,NO GUARDAR LA DISTANCIA LATERAL MINIMA DE SEGURIDAD ENTRE VEHICULOS.,ROZAMIENTOS,AUTOMOVIL,2,0,0,0,0,0,0,0,0,0,0,0,0,2,22,MUJER,ILESO,CONDUCTOR PRESENTE,NO,NO,0
3531,10921,10922,2017,0,0,-0.091751,-78.441816,PICHINCHA,QUITO,CALDERON (CARAPUNGO),RURAL,2017-05-19,14:15:00,14,VIERNES,5,MAYO,5,NO,NO MANTENER LA DISTANCIA PRUDENCIAL CON RESPECTO AL VEHICULO QUE LE ANTECEDE.,CHOQUE POSTERIOR,AUTOMOVIL,1,0,0,0,0,0,0,0,1,0,0,0,0,2,32,MUJER,ILESO,CONDUCTOR PRESENTE,NO,NO,3
3532,10922,10923,2017,0,0,-0.191203,-78.488355,PICHINCHA,QUITO,QUITO,URBANA,2017-05-19,14:20:00,14,VIERNES,5,MAYO,5,NO,REALIZAR CAMBIO BRUSCO O INDEBIDO DE CARRIL.,ESTRELLAMIENTOS,VEHICULO DEPORTIVO UTILITARIO,0,0,0,0,0,0,0,0,0,1,0,0,1,2,-1,NO IDENTIFICADO,NO IDENTIFICADO,CONDUCTOR AUSENTE,NO,NO,2
3533,10924,10925,2017,1,0,-0.298233,-78.445595,PICHINCHA,QUITO,ALANGASI,RURAL,2017-05-19,14:40:00,14,VIERNES,5,MAYO,5,NO,NO CEDER EL DERECHO DE VIA O PREFERENCIA DE PASO AL PEATON.,ATROPELLOS,CAMIONETA,0,0,0,0,1,0,0,0,0,0,0,0,0,1,47,MUJER,LESIONADO,PEATON,NO,NO,3
3534,10926,10927,2017,0,0,-0.208786,-78.495576,PICHINCHA,QUITO,QUITO,URBANA,2017-05-19,16:15:00,16,VIERNES,5,MAYO,5,NO,NO CEDER EL DERECHO DE VIA O PREFERENCIA DE PASO AL PEATON.,ATROPELLOS,BUS,0,0,1,0,0,0,0,0,0,0,0,0,0,1,47,HOMBRE,ILESO,CONDUCTOR PRESENTE,NO,NO,0
3535,10927,10928,2017,1,0,-0.192906,-78.485393,PICHINCHA,QUITO,QUITO,URBANA,2017-05-19,16:20:00,16,VIERNES,5,MAYO,5,NO,NO CEDER EL DERECHO DE VIA O PREFERENCIA DE PASO AL PEATON.,ATROPELLOS,MOTOCICLETA,0,0,0,0,0,0,0,0,1,0,0,0,0,1,24,HOMBRE,LESIONADO,PEATON,NO,NO,0
3536,10928,10929,2017,0,0,-0.297871,-78.447337,PICHINCHA,QUITO,ALANGASI,RURAL,2017-05-19,16:30:00,16,VIERNES,5,MAYO,5,NO,NO GUARDAR LA DISTANCIA LATERAL MINIMA DE SEGURIDAD ENTRE VEHICULOS.,ROZAMIENTOS,AUTOMOVIL,1,0,0,1,0,0,0,0,0,0,0,0,0,2,44,HOMBRE,ILESO,CONDUCTOR PRESENTE,NO,NO,3
3537,10933,10934,2017,0,0,-0.146812,-78.497215,PICHINCHA,QUITO,QUITO,URBANA,2017-05-19,17:15:00,17,VIERNES,5,MAYO,5,NO,"NO RESPETAR LAS SENIALES REGLAMENTARIAS DE TRANSITO. (PARE, CEDA EL PASO, LUZ ROJA DEL SEMAFORO, ETC).",CHOQUE LATERAL,VEHICULO DEPORTIVO UTILITARIO,0,0,0,0,0,0,0,0,0,0,0,0,2,2,74,HOMBRE,ILESO,CONDUCTOR PRESENTE,NO,NO,0
3538,10934,10935,2017,0,1,-0.265216,-78.487152,PICHINCHA,QUITO,CONOCOTO,URBANA,2017-05-19,18:00:00,18,VIERNES,5,MAYO,5,NO,NO TRANSITAR POR LAS ACERAS O ZONAS DE SEGURIDAD DESTINADAS PARA EL EFECTO.,ATROPELLOS,AUTOMOVIL,1,0,0,0,0,0,0,0,0,0,0,0,0,1,31,MUJER,FALLECIDO,PEATON,NO,NO,0
3539,10936,10937,2017,0,0,-0.164325,-78.483438,PICHINCHA,QUITO,QUITO,URBANA,2017-05-19,18:15:00,18,VIERNES,5,MAYO,5,NO,"NO RESPETAR LAS SENIALES REGLAMENTARIAS DE TRANSITO. (PARE, CEDA EL PASO, LUZ ROJA DEL SEMAFORO, ETC).",CHOQUE LATERAL,AUTOMOVIL,2,0,0,0,0,0,0,0,0,0,0,0,0,2,44,HOMBRE,ILESO,CONDUCTOR PRESENTE,NO,NO,0
3540,10938,10939,2017,0,0,-0.299457,-78.559075,PICHINCHA,QUITO,QUITO,URBANA,2017-05-19,18:50:00,18,VIERNES,5,MAYO,5,NO,NO GUARDAR LA DISTANCIA LATERAL MINIMA DE SEGURIDAD ENTRE VEHICULOS.,ROZAMIENTOS,AUTOMOVIL,1,0,0,0,0,0,0,0,1,0,0,0,0,2,22,HOMBRE,ILESO,CONDUCTOR PRESENTE,NO,NO,0
3541,10941,10942,2017,0,0,-0.220811,-78.517301,PICHINCHA,QUITO,QUITO,URBANA,2017-05-19,19:05:00,19,VIERNES,5,MAYO,5,NO,NO MANTENER LA DISTANCIA PRUDENCIAL CON RESPECTO AL VEHICULO QUE LE ANTECEDE.,COLISION,BUS,2,0,1,0,0,0,0,0,1,0,0,0,0,4,33,HOMBRE,ILESO,CONDUCTOR PRESENTE,NO,NO,0
3542,10942,10943,2017,1,0,-0.332421,-78.560438,PICHINCHA,QUITO,QUITO,URBANA,2017-05-19,19:13:00,19,VIERNES,5,MAYO,5,NO,BAJARSE O SUBIRSE DE VEHICULOS EN MOVIMIENTO SIN TOMAR LAS PRECAUCIONES DEBIDAS.,CAIDA DE PASAJERO,NO IDENTIFICADO,0,0,0,0,0,0,0,0,0,1,0,0,0,1,12,HOMBRE,LESIONADO,PASAJERO,NO,NO,0
3543,10944,10945,2017,2,0,-0.282865,-78.534304,PICHINCHA,QUITO,QUITO,URBANA,2017-05-19,19:38:00,19,VIERNES,5,MAYO,5,NO,"CONDUCE BAJO LA INFLUENCIA DE ALCOHOL, SUSTANCIAS ESTUPEFACIENTES O PSICOTROPICAS Y/O MEDICAMENTOS.",CHOQUE LATERAL,AUTOMOVIL,1,0,1,0,0,0,0,0,0,0,0,0,0,2,42,HOMBRE,LESIONADO,CONDUCTOR PRESENTE,NO,NO,0
3544,10945,10946,2017,0,0,-0.096164,-78.468848,PICHINCHA,QUITO,QUITO,URBANA,2017-05-19,20:00:00,20,VIERNES,5,MAYO,5,NO,NO MANTENER LA DISTANCIA PRUDENCIAL CON RESPECTO AL VEHICULO QUE LE ANTECEDE.,CHOQUE POSTERIOR,CAMIONETA,1,0,0,0,1,0,0,0,0,0,0,0,0,2,65,HOMBRE,ILESO,CONDUCTOR PRESENTE,NO,NO,0
3545,10946,10947,2017,0,0,-0.159011,-78.483728,PICHINCHA,QUITO,QUITO,URBANA,2017-05-19,20:00:00,20,VIERNES,5,MAYO,5,NO,NO MANTENER LA DISTANCIA PRUDENCIAL CON RESPECTO AL VEHICULO QUE LE ANTECEDE.,CHOQUE POSTERIOR,MOTOCICLETA,0,0,0,0,0,0,0,0,1,0,0,0,1,2,27,HOMBRE,ILESO,CONDUCTOR PRESENTE,NO,NO,0
3546,10947,10948,2017,1,0,-0.118095,-78.455421,PICHINCHA,QUITO,QUITO,RURAL,2017-05-19,20:25:00,20,VIERNES,5,MAYO,5,NO,DEJAR O RECOGER PASAJEROS EN LUGARES NO PERMITIDOS.,CAIDA DE PASAJERO,BUS,0,0,1,0,0,0,0,0,0,0,0,0,0,1,9,MUJER,LESIONADO,PASAJERO,NO,NO,3
3547,10948,10949,2017,0,0,-0.254545,-78.503788,PICHINCHA,QUITO,QUITO,URBANA,2017-05-19,20:35:00,20,VIERNES,5,MAYO,5,NO,NO MANTENER LA DISTANCIA PRUDENCIAL CON RESPECTO AL VEHICULO QUE LE ANTECEDE.,CHOQUE POSTERIOR,AUTOMOVIL,2,0,0,0,0,0,0,0,0,0,0,0,0,2,39,HOMBRE,ILESO,CONDUCTOR PRESENTE,NO,NO,0
3548,10949,10950,2017,1,0,-0.214266,-78.516434,PICHINCHA,QUITO,QUITO,RURAL,2017-05-19,20:40:00,20,VIERNES,5,MAYO,5,NO,CONDUCIR VEHICULO SUPERANDO LOS LIMITES MAXIMOS DE VELOCIDAD.,ESTRELLAMIENTOS,CAMIONETA,0,0,0,0,1,0,0,0,0,0,0,0,0,1,80,HOMBRE,LESIONADO,CONDUCTOR PRESENTE,NO,NO,3
3549,10951,10952,2017,1,0,-0.209192,-78.424372,PICHINCHA,QUITO,CUMBAYA,RURAL,2017-05-19,20:55:00,20,VIERNES,5,MAYO,5,NO,"CONDUCIR DESATENTO A LAS CONDICIONES DE TRANSITO (CELULAR, PANTALLAS DE VIDEO, COMIDA, MAQUILLAJE O CUALQUIER OTRO ELEMENTO DISTRACTOR).",PERDIDA DE PISTA,MOTOCICLETA,0,0,0,0,0,0,0,0,1,0,0,0,0,1,53,HOMBRE,LESIONADO,CONDUCTOR PRESENTE,NO,NO,3
3550,10953,10954,2017,0,0,-0.142691,-78.492242,PICHINCHA,QUITO,QUITO,URBANA,2017-05-19,21:10:00,21,VIERNES,5,MAYO,5,NO,"CONDUCE BAJO LA INFLUENCIA DE ALCOHOL, SUSTANCIAS ESTUPEFACIENTES O PSICOTROPICAS Y/O MEDICAMENTOS.",ESTRELLAMIENTOS,VEHICULO DEPORTIVO UTILITARIO,0,0,0,0,0,0,0,0,0,0,0,0,1,1,52,HOMBRE,ILESO,CONDUCTOR PRESENTE,NO,NO,0
3551,10956,10957,2017,2,0,-0.210724,-78.501042,PICHINCHA,QUITO,QUITO,URBANA,2017-05-19,21:40:00,21,VIERNES,5,MAYO,5,NO,REALIZAR CAMBIO BRUSCO O INDEBIDO DE CARRIL.,ESTRELLAMIENTOS,MOTOCICLETA,1,0,0,0,0,0,0,0,1,0,0,0,0,2,30,HOMBRE,LESIONADO,CONDUCTOR PRESENTE,NO,NO,0
3552,10957,10958,2017,0,0,-0.299371,-78.559098,PICHINCHA,QUITO,QUITO,URBANA,2017-05-19,22:12:00,22,VIERNES,5,MAYO,5,NO,"NO RESPETAR LAS SENIALES REGLAMENTARIAS DE TRANSITO. (PARE, CEDA EL PASO, LUZ ROJA DEL SEMAFORO, ETC).",CHOQUE LATERAL,AUTOMOVIL,1,0,0,0,0,0,0,0,0,1,0,0,0,2,27,MUJER,ILESO,CONDUCTOR PRESENTE,NO,NO,0
3553,10960,10961,2017,0,0,-0.208157,-78.496363,PICHINCHA,QUITO,QUITO,URBANA,2017-05-19,22:55:00,22,VIERNES,5,MAYO,5,NO,"CONDUCE BAJO LA INFLUENCIA DE ALCOHOL, SUSTANCIAS ESTUPEFACIENTES O PSICOTROPICAS Y/O MEDICAMENTOS.",CHOQUE POSTERIOR,CAMIONETA,1,0,0,0,1,0,0,0,0,0,0,0,0,2,25,HOMBRE,ILESO,CONDUCTOR PRESENTE,NO,NO,0
3554,10961,10962,2017,1,0,0.045584,-78.215267,PICHINCHA,PEDRO MONCAYO,TABACUNDO,URBANA,2017-05-19,23:00:00,23,VIERNES,5,MAYO,5,NO,NO GUARDAR LA DISTANCIA LATERAL MINIMA DE SEGURIDAD ENTRE VEHICULOS.,CHOQUE LATERAL,MOTOCICLETA,0,0,0,0,2,0,0,0,1,0,0,0,0,3,34,HOMBRE,LESIONADO,CONDUCTOR PRESENTE,NO,NO,0
3555,10962,10963,2017,1,0,-0.154025,-78.497403,PICHINCHA,QUITO,QUITO,URBANA,2017-05-19,23:00:00,23,VIERNES,5,MAYO,5,NO,DEJAR O RECOGER PASAJEROS EN LUGARES NO PERMITIDOS.,CAIDA DE PASAJERO,NO IDENTIFICADO,0,0,0,0,0,0,0,0,0,1,0,0,0,1,34,HOMBRE,LESIONADO,PASAJERO,NO,NO,0
3556,10963,10964,2017,0,0,-0.164463,-78.482741,PICHINCHA,QUITO,QUITO,URBANA,2017-05-19,23:25:00,23,VIERNES,5,MAYO,5,NO,"CONDUCIR DESATENTO A LAS CONDICIONES DE TRANSITO (CELULAR, PANTALLAS DE VIDEO, COMIDA, MAQUILLAJE O CUALQUIER OTRO ELEMENTO DISTRACTOR).",ESTRELLAMIENTOS,AUTOMOVIL,1,0,0,0,0,0,0,0,0,0,0,0,0,1,-1,NO IDENTIFICADO,NO IDENTIFICADO,CONDUCTOR AUSENTE,NO,NO,2
3557,10978,10979,2017,2,0,-0.209981,-78.491468,PICHINCHA,QUITO,QUITO,URBANA,2017-05-20,00:22:00,0,SABADO,6,MAYO,5,NO,"CONDUCIR EN ESTADO DE SOMNOLENCIA O MALAS CONDICIONES FISICAS (SUENIO, CANSANCIO Y FATIGA).",CHOQUE POSTERIOR,AUTOMOVIL,1,0,0,0,0,0,0,0,1,0,0,0,0,2,22,MUJER,LESIONADO,PASAJERO,NO,NO,0
3558,10979,10980,2017,2,0,-0.288068,-78.528373,PICHINCHA,QUITO,QUITO,URBANA,2017-05-20,00:30:00,0,SABADO,6,MAYO,5,NO,"CONDUCE BAJO LA INFLUENCIA DE ALCOHOL, SUSTANCIAS ESTUPEFACIENTES O PSICOTROPICAS Y/O MEDICAMENTOS.",ESTRELLAMIENTOS,AUTOMOVIL,1,0,0,0,0,0,0,0,0,0,0,0,0,1,21,MUJER,LESIONADO,PASAJERO,NO,NO,0
3559,10980,10981,2017,0,0,-0.118599,-78.516713,PICHINCHA,QUITO,QUITO,RURAL,2017-05-20,01:40:00,1,SABADO,6,MAYO,5,NO,"CONDUCIR EN ESTADO DE SOMNOLENCIA O MALAS CONDICIONES FISICAS (SUENIO, CANSANCIO Y FATIGA).",VOLCAMIENTOS,AUTOMOVIL,1,0,0,0,0,0,0,0,0,0,0,0,0,1,20,HOMBRE,ILESO,CONDUCTOR PRESENTE,NO,NO,3
3560,10981,10982,2017,0,0,-0.237587,-78.484667,PICHINCHA,QUITO,QUITO,URBANA,2017-05-20,01:50:00,1,SABADO,6,MAYO,5,NO,"CONDUCIR EN ESTADO DE SOMNOLENCIA O MALAS CONDICIONES FISICAS (SUENIO, CANSANCIO Y FATIGA).",VOLCAMIENTOS,FURGONETA,0,0,0,0,0,0,0,1,0,0,0,0,0,1,-1,NO IDENTIFICADO,NO IDENTIFICADO,CONDUCTOR AUSENTE,NO,NO,2
3561,10983,10984,2017,1,0,-0.100622,-78.472207,PICHINCHA,QUITO,QUITO,URBANA,2017-05-20,02:30:00,2,SABADO,6,MAYO,5,NO,CONDUCIR VEHICULO SUPERANDO LOS LIMITES MAXIMOS DE VELOCIDAD.,CHOQUE LATERAL,AUTOMOVIL,2,0,0,0,0,0,0,0,0,0,0,0,0,2,42,HOMBRE,LESIONADO,CONDUCTOR PRESENTE,NO,NO,0
3562,10986,10987,2017,0,0,-0.169313,-78.476272,PICHINCHA,QUITO,QUITO,URBANA,2017-05-20,03:20:00,3,SABADO,6,MAYO,5,NO,"CONDUCE BAJO LA INFLUENCIA DE ALCOHOL, SUSTANCIAS ESTUPEFACIENTES O PSICOTROPICAS Y/O MEDICAMENTOS.",CHOQUE LATERAL,AUTOMOVIL,2,0,0,0,0,0,0,0,0,0,0,0,0,2,23,HOMBRE,ILESO,CONDUCTOR PRESENTE,NO,NO,0
3563,10987,10988,2017,1,0,-0.247141,-78.475845,PICHINCHA,QUITO,QUITO,URBANA,2017-05-20,03:24:00,3,SABADO,6,MAYO,5,NO,CONDUCIR VEHICULO SUPERANDO LOS LIMITES MAXIMOS DE VELOCIDAD.,ESTRELLAMIENTOS,NO IDENTIFICADO,0,0,0,0,0,0,0,0,0,1,0,0,0,1,28,MUJER,LESIONADO,PASAJERO,NO,NO,0
3564,10988,10989,2017,0,0,-0.171246,-78.470635,PICHINCHA,QUITO,QUITO,URBANA,2017-05-20,03:30:00,3,SABADO,6,MAYO,5,NO,"CONDUCIR EN ESTADO DE SOMNOLENCIA O MALAS CONDICIONES FISICAS (SUENIO, CANSANCIO Y FATIGA).",ESTRELLAMIENTOS,AUTOMOVIL,1,0,0,0,0,0,0,0,0,0,0,0,0,1,-1,NO IDENTIFICADO,NO IDENTIFICADO,CONDUCTOR AUSENTE,NO,NO,2