,Unnamed: 0,ID,ANIO,LESIONADOS,FALLECIDOS,LATITUD_Y,LONGITUD_X,PROVINCIA,CANTON,PARROQUIA,ZONA,FECHA,HORA,PERIODO_2,DIA_1,DIA_2,MES_1,MES_2,FERIADO,CAUSA_PROBABLE,TIPO_DE_SINIESTRO,TIPO_DE_VEHICULO_1,AUTOMOVIL,BICICLETA,BUS,CAMION,CAMIONETA,EMERGENCIAS,ESPECIAL,FURGONETA,MOTOCICLETA,NO_IDENTIFICADO,SCOOTER_ELECTRICO,TRICIMOTO,VEHICULO_DEPORTIVO_UTILITARIO,SUMA_DE_VEHICULOS,EDAD_1,SEXO_1,CONDICION_1,PARTICIPANTE_1,CASCO_1,CINTURON_1,KMeans_Cluster
3565,10992,10993,2017,0,0,-0.205131,-78.447632,PICHINCHA,QUITO,CUMBAYA,RURAL,2017-05-20,04:20:00,4,SABADO,6,MAYO,5,NO,"MAL ESTACIONADO - EL CONDUCTOR QUE DETENGA O ESTACIONE VEHICULOS EN SITIOS O ZONAS QUE ENTRANIEN PELIGRO, TALES COMO ZONA DE SEGURIDAD, CURVAS, PUENTES, TUNELES, PENDIENTES.",ESTRELLAMIENTOS,AUTOMOVIL,2,0,0,0,0,0,0,0,0,0,0,0,0,2,39,HOMBRE,ILESO,CONDUCTOR PRESENTE,NO,NO,3
3566,10994,10995,2017,0,0,-0.221829,-78.489385,PICHINCHA,QUITO,QUITO,URBANA,2017-05-20,05:30:00,5,SABADO,6,MAYO,5,NO,"CONDUCIR EN ESTADO DE SOMNOLENCIA O MALAS CONDICIONES FISICAS (SUENIO, CANSANCIO Y FATIGA).",ESTRELLAMIENTOS,FURGONETA,0,0,0,0,0,0,0,1,0,0,0,0,0,1,-1,NO IDENTIFICADO,NO IDENTIFICADO,CONDUCTOR AUSENTE,NO,NO,2
3567,10998,10999,2017,0,0,-0.268648,-78.533327,PICHINCHA,QUITO,QUITO,URBANA,2017-05-20,07:00:00,7,SABADO,6,MAYO,5,NO,"CONDUCIR DESATENTO A LAS CONDICIONES DE TRANSITO (CELULAR, PANTALLAS DE VIDEO, COMIDA, MAQUILLAJE O CUALQUIER OTRO ELEMENTO DISTRACTOR).",PERDIDA DE PISTA,MOTOCICLETA,0,0,0,0,0,0,0,0,1,0,0,0,0,1,-1,NO IDENTIFICADO,NO IDENTIFICADO,CONDUCTOR AUSENTE,NO,NO,2
3568,11000,11001,2017,0,0,-0.189085,-78.511758,PICHINCHA,QUITO,QUITO,URBANA,2017-05-20,08:00:00,8,SABADO,6,MAYO,5,NO,NO MANTENER LA DISTANCIA PRUDENCIAL CON RESPECTO AL VEHICULO QUE LE ANTECEDE.,CHOQUE POSTERIOR,VEHICULO DEPORTIVO UTILITARIO,0,0,0,0,0,0,0,0,0,0,0,0,2,2,43,MUJER,ILESO,CONDUCTOR PRESENTE,NO,NO,0
3569,11001,11002,2017,0,0,-0.302189,-78.533289,PICHINCHA,QUITO,QUITO,URBANA,2017-05-20,08:15:00,8,SABADO,6,MAYO,5,NO,NO MANTENER LA DISTANCIA PRUDENCIAL CON RESPECTO AL VEHICULO QUE LE ANTECEDE.,CHOQUE POSTERIOR,AUTOMOVIL,1,0,0,0,0,0,0,0,0,1,0,0,0,2,60,HOMBRE,ILESO,CONDUCTOR PRESENTE,NO,NO,0
3570,11002,11003,2017,0,0,-0.196669,-78.466599,PICHINCHA,QUITO,QUITO,URBANA,2017-05-20,08:30:00,8,SABADO,6,MAYO,5,NO,NO MANTENER LA DISTANCIA PRUDENCIAL CON RESPECTO AL VEHICULO QUE LE ANTECEDE.,CHOQUE POSTERIOR,MOTOCICLETA,0,0,0,0,0,0,0,0,1,1,0,0,0,2,33,HOMBRE,ILESO,CONDUCTOR PRESENTE,NO,NO,0
3571,11003,11004,2017,1,0,-0.323221,-78.441072,PICHINCHA,RUMINIAHUI,SANGOLQUI,URBANA,2017-05-20,09:00:00,9,SABADO,6,MAYO,5,NO,NO MANTENER LA DISTANCIA PRUDENCIAL CON RESPECTO AL VEHICULO QUE LE ANTECEDE.,ESTRELLAMIENTOS,AUTOMOVIL,1,0,0,0,0,0,0,0,0,0,0,0,0,1,35,MUJER,LESIONADO,CONDUCTOR PRESENTE,NO,NO,0
3572,11004,11005,2017,1,0,-0.115371,-78.490724,PICHINCHA,QUITO,QUITO,URBANA,2017-05-20,09:10:00,9,SABADO,6,MAYO,5,NO,NO CEDER EL DERECHO DE VIA O PREFERENCIA DE PASO AL PEATON.,ATROPELLOS,AUTOMOVIL,1,0,0,0,0,0,0,0,0,0,0,0,0,1,22,MUJER,LESIONADO,PEATON,NO,NO,0
3573,11006,11007,2017,1,0,-0.327284,-78.550355,PICHINCHA,QUITO,QUITO,URBANA,2017-05-20,09:50:00,9,SABADO,6,MAYO,5,NO,NO CEDER EL DERECHO DE VIA O PREFERENCIA DE PASO AL PEATON.,ARROLLAMIENTOS,NO IDENTIFICADO,0,0,0,0,0,0,0,0,0,1,0,0,0,1,21,MUJER,LESIONADO,PEATON,NO,NO,0
3574,11007,11008,2017,1,0,-0.184611,-78.344977,PICHINCHA,QUITO,TABABELA,RURAL,2017-05-20,10:40:00,10,SABADO,6,MAYO,5,NO,NO GUARDAR LA DISTANCIA LATERAL MINIMA DE SEGURIDAD ENTRE VEHICULOS.,ROZAMIENTOS,BICICLETA,0,1,0,0,0,0,0,0,0,1,0,0,0,2,52,HOMBRE,LESIONADO,CONDUCTOR PRESENTE,NO,NO,3
3575,11008,11009,2017,1,0,-0.286581,-78.549902,PICHINCHA,QUITO,QUITO,URBANA,2017-05-20,10:50:00,10,SABADO,6,MAYO,5,NO,NO CEDER EL DERECHO DE VIA O PREFERENCIA DE PASO AL PEATON.,ATROPELLOS,NO IDENTIFICADO,0,0,0,0,0,0,0,0,0,1,0,0,0,1,12,HOMBRE,LESIONADO,PEATON,NO,NO,0
3576,11009,11010,2017,0,0,-0.338484,-78.561391,PICHINCHA,QUITO,QUITO,URBANA,2017-05-20,11:00:00,11,SABADO,6,MAYO,5,NO,"NO RESPETAR LAS SENIALES REGLAMENTARIAS DE TRANSITO. (PARE, CEDA EL PASO, LUZ ROJA DEL SEMAFORO, ETC).",CHOQUE LATERAL,MOTOCICLETA,0,0,0,0,0,0,0,0,1,1,0,0,0,2,29,HOMBRE,ILESO,CONDUCTOR PRESENTE,NO,NO,0
3577,11010,11011,2017,0,0,-0.122237,-78.495545,PICHINCHA,QUITO,QUITO,URBANA,2017-05-20,11:15:00,11,SABADO,6,MAYO,5,NO,"NO RESPETAR LAS SENIALES REGLAMENTARIAS DE TRANSITO. (PARE, CEDA EL PASO, LUZ ROJA DEL SEMAFORO, ETC).",COLISION,CAMIONETA,1,0,1,0,1,0,0,0,0,0,0,0,0,3,70,HOMBRE,ILESO,CONDUCTOR PRESENTE,NO,NO,0
3578,11012,11013,2017,0,6,0.043301,-78.448598,PICHINCHA,QUITO,SAN ANTONIO (QUITO),RURAL,2017-05-20,12:30:00,12,SABADO,6,MAYO,5,NO,"CONDUCE BAJO LA INFLUENCIA DE ALCOHOL, SUSTANCIAS ESTUPEFACIENTES O PSICOTROPICAS Y/O MEDICAMENTOS.",CHOQUE FRONTAL,ESPECIAL,1,0,0,0,0,0,1,0,0,0,0,0,0,2,51,MUJER,FALLECIDO,PASAJERO,NO,NO,3
3579,11014,11015,2017,1,0,-0.295604,-78.561141,PICHINCHA,QUITO,QUITO,URBANA,2017-05-20,12:50:00,12,SABADO,6,MAYO,5,NO,"NO RESPETAR LAS SENIALES REGLAMENTARIAS DE TRANSITO. (PARE, CEDA EL PASO, LUZ ROJA DEL SEMAFORO, ETC).",ATROPELLOS,MOTOCICLETA,0,0,0,0,0,0,0,0,1,0,0,0,0,1,8,MUJER,LESIONADO,PEATON,NO,NO,0
3580,11017,11018,2017,0,0,-0.108255,-78.461339,PICHINCHA,QUITO,CALDERON (CARAPUNGO),RURAL,2017-05-20,13:33:00,13,SABADO,6,MAYO,5,NO,"CONDUCIR DESATENTO A LAS CONDICIONES DE TRANSITO (CELULAR, PANTALLAS DE VIDEO, COMIDA, MAQUILLAJE O CUALQUIER OTRO ELEMENTO DISTRACTOR).",COLISION,AUTOMOVIL,2,0,0,1,0,0,0,0,0,0,0,0,1,4,50,HOMBRE,ILESO,CONDUCTOR PRESENTE,NO,NO,3
3581,11018,11019,2017,1,0,-0.135951,-78.312025,PICHINCHA,QUITO,CHECA (CHILPA),RURAL,2017-05-20,13:40:00,13,SABADO,6,MAYO,5,NO,REALIZAR CAMBIO BRUSCO O INDEBIDO DE CARRIL.,PERDIDA DE PISTA,MOTOCICLETA,0,0,0,0,0,0,0,0,1,0,0,0,0,1,23,HOMBRE,LESIONADO,PASAJERO,NO,NO,3
3582,11024,11025,2017,0,0,-0.286229,-78.563741,PICHINCHA,QUITO,QUITO,URBANA,2017-05-20,16:05:00,16,SABADO,6,MAYO,5,NO,NO TRANSITAR POR LAS ACERAS O ZONAS DE SEGURIDAD DESTINADAS PARA EL EFECTO.,ATROPELLOS,AUTOMOVIL,1,0,0,0,0,0,0,0,0,0,0,0,0,1,72,HOMBRE,ILESO,CONDUCTOR PRESENTE,NO,NO,0
3583,11026,11027,2017,1,0,-0.074413,-78.461781,PICHINCHA,QUITO,QUITO,URBANA,2017-05-20,18:05:00,18,SABADO,6,MAYO,5,NO,NO CEDER EL DERECHO DE VIA O PREFERENCIA DE PASO AL PEATON.,ARROLLAMIENTOS,CAMIONETA,0,0,0,0,1,0,0,0,0,0,0,0,0,1,75,MUJER,LESIONADO,PEATON,NO,NO,0
3584,11029,11030,2017,1,0,-0.091585,-78.439052,PICHINCHA,QUITO,CALDERON (CARAPUNGO),RURAL,2017-05-20,18:30:00,18,SABADO,6,MAYO,5,NO,NO CEDER EL DERECHO DE VIA O PREFERENCIA DE PASO AL PEATON.,ATROPELLOS,MOTOCICLETA,0,0,0,0,0,0,0,0,1,0,0,0,0,1,65,MUJER,LESIONADO,PEATON,NO,NO,3
3585,11031,11032,2017,1,0,-0.102257,-78.412055,PICHINCHA,QUITO,CALDERON (CARAPUNGO),RURAL,2017-05-20,18:50:00,18,SABADO,6,MAYO,5,NO,NO MANTENER LA DISTANCIA PRUDENCIAL CON RESPECTO AL VEHICULO QUE LE ANTECEDE.,ESTRELLAMIENTOS,MOTOCICLETA,0,0,0,0,0,0,0,0,1,0,0,0,0,1,20,HOMBRE,LESIONADO,PASAJERO,NO,NO,3
3586,11033,11034,2017,0,0,-0.303387,-78.547845,PICHINCHA,QUITO,QUITO,URBANA,2017-05-20,20:00:00,20,SABADO,6,MAYO,5,NO,"CONDUCE BAJO LA INFLUENCIA DE ALCOHOL, SUSTANCIAS ESTUPEFACIENTES O PSICOTROPICAS Y/O MEDICAMENTOS.",CHOQUE POSTERIOR,AUTOMOVIL,2,0,0,0,0,0,0,0,0,0,0,0,0,2,44,HOMBRE,ILESO,CONDUCTOR PRESENTE,NO,NO,0
3587,11036,11037,2017,5,0,-0.204444,-78.449444,PICHINCHA,QUITO,CUMBAYA,RURAL,2017-05-20,20:45:00,20,SABADO,6,MAYO,5,NO,REALIZAR CAMBIO BRUSCO O INDEBIDO DE CARRIL.,CHOQUE FRONTAL,VEHICULO DEPORTIVO UTILITARIO,0,0,0,0,0,0,0,0,0,0,0,0,2,2,11,HOMBRE,LESIONADO,PASAJERO,NO,NO,3
3588,11039,11040,2017,3,0,-0.229464,-78.522935,PICHINCHA,QUITO,QUITO,URBANA,2017-05-20,21:20:00,21,SABADO,6,MAYO,5,NO,CONDUCIR VEHICULO SUPERANDO LOS LIMITES MAXIMOS DE VELOCIDAD.,VOLCAMIENTOS,NO IDENTIFICADO,0,0,0,0,0,0,0,0,0,1,0,0,0,1,18,HOMBRE,LESIONADO,PASAJERO,NO,NO,0
3589,11041,11042,2017,0,0,-0.108255,-78.461339,PICHINCHA,QUITO,CALDERON (CARAPUNGO),RURAL,2017-05-20,21:50:00,21,SABADO,6,MAYO,5,NO,CONDUCIR VEHICULO SUPERANDO LOS LIMITES MAXIMOS DE VELOCIDAD.,ESTRELLAMIENTOS,AUTOMOVIL,1,0,0,0,0,0,0,0,0,0,0,0,0,1,34,HOMBRE,ILESO,CONDUCTOR PRESENTE,NO,NO,3
3590,11042,11043,2017,0,0,-0.091585,-78.439052,PICHINCHA,QUITO,CALDERON (CARAPUNGO),RURAL,2017-05-20,21:50:00,21,SABADO,6,MAYO,5,NO,NO CEDER EL DERECHO DE VIA O PREFERENCIA DE PASO A VEHICULOS.,CHOQUE LATERAL,FURGONETA,1,0,0,0,0,0,0,1,0,0,0,0,0,2,50,HOMBRE,ILESO,CONDUCTOR PRESENTE,NO,NO,3
3591,11044,11045,2017,1,0,-0.262691,-78.487292,PICHINCHA,QUITO,CONOCOTO,URBANA,2017-05-20,22:00:00,22,SABADO,6,MAYO,5,NO,NO TRANSITAR POR LAS ACERAS O ZONAS DE SEGURIDAD DESTINADAS PARA EL EFECTO.,ATROPELLOS,NO IDENTIFICADO,0,0,0,0,0,0,0,0,0,1,0,0,0,1,25,HOMBRE,LESIONADO,PEATON,NO,NO,0
3592,11086,11087,2017,4,0,-0.151955,-78.476471,PICHINCHA,QUITO,QUITO,URBANA,2017-05-21,01:05:00,1,DOMINGO,7,MAYO,5,NO,CONDUCIR VEHICULO SUPERANDO LOS LIMITES MAXIMOS DE VELOCIDAD.,CHOQUE LATERAL,AUTOMOVIL,1,0,0,0,1,0,0,0,0,0,0,0,0,2,26,HOMBRE,LESIONADO,PASAJERO,NO,NO,0
3593,11088,11089,2017,1,0,-0.245967,-78.520334,PICHINCHA,QUITO,QUITO,URBANA,2017-05-21,01:45:00,1,DOMINGO,7,MAYO,5,NO,"PEATON TRANSITA BAJO INFLUENCIA DE ALCOHOL, SUSTANCIAS ESTUPEFACIENTES O PSICOTROPICAS Y/O MEDICAMENTOS.",ATROPELLOS,NO IDENTIFICADO,0,0,0,0,0,0,0,0,0,1,0,0,0,1,27,HOMBRE,LESIONADO,PEATON,NO,NO,0
3594,11093,11094,2017,2,0,-0.112189,-78.504802,PICHINCHA,QUITO,QUITO,URBANA,2017-05-21,04:00:00,4,DOMINGO,7,MAYO,5,NO,"CONDUCIR EN ESTADO DE SOMNOLENCIA O MALAS CONDICIONES FISICAS (SUENIO, CANSANCIO Y FATIGA).",PERDIDA DE PISTA,AUTOMOVIL,1,0,0,0,0,0,0,0,0,0,0,0,0,1,25,HOMBRE,LESIONADO,CONDUCTOR PRESENTE,NO,NO,0
3595,11094,11095,2017,0,0,-0.123273,-78.426645,PICHINCHA,QUITO,CALDERON (CARAPUNGO),RURAL,2017-05-21,04:10:00,4,DOMINGO,7,MAYO,5,NO,"CONDUCIR EN ESTADO DE SOMNOLENCIA O MALAS CONDICIONES FISICAS (SUENIO, CANSANCIO Y FATIGA).",ESTRELLAMIENTOS,AUTOMOVIL,1,0,0,0,0,0,0,0,0,0,0,0,0,1,30,HOMBRE,ILESO,CONDUCTOR PRESENTE,NO,NO,3
3596,11099,11100,2017,0,0,-0.174335,-78.480627,PICHINCHA,QUITO,QUITO,URBANA,2017-05-21,05:15:00,5,DOMINGO,7,MAYO,5,NO,"CONDUCE BAJO LA INFLUENCIA DE ALCOHOL, SUSTANCIAS ESTUPEFACIENTES O PSICOTROPICAS Y/O MEDICAMENTOS.",ESTRELLAMIENTOS,AUTOMOVIL,1,0,0,0,0,0,0,0,0,0,0,0,0,1,-1,NO IDENTIFICADO,NO IDENTIFICADO,CONDUCTOR AUSENTE,NO,NO,2
3597,11106,11107,2017,1,0,-0.102365,-78.490629,PICHINCHA,QUITO,QUITO,URBANA,2017-05-21,06:40:00,6,DOMINGO,7,MAYO,5,NO,CONDUCIR VEHICULO SUPERANDO LOS LIMITES MAXIMOS DE VELOCIDAD.,PERDIDA DE PISTA,NO IDENTIFICADO,0,0,0,0,0,0,0,0,0,1,0,0,0,1,40,HOMBRE,LESIONADO,CONDUCTOR PRESENTE,NO,NO,0
3598,11107,11108,2017,1,0,-0.328479,-78.522294,PICHINCHA,QUITO,QUITO,URBANA,2017-05-21,07:50:00,7,DOMINGO,7,MAYO,5,NO,NO CEDER EL DERECHO DE VIA O PREFERENCIA DE PASO A VEHICULOS.,CHOQUE LATERAL,MOTOCICLETA,1,0,0,0,0,0,0,0,1,0,0,0,0,2,29,HOMBRE,LESIONADO,CONDUCTOR PRESENTE,NO,NO,0
3599,11109,11110,2017,1,0,-0.221176,-78.520687,PICHINCHA,QUITO,QUITO,URBANA,2017-05-21,08:00:00,8,DOMINGO,7,MAYO,5,NO,"CONDUCE BAJO LA INFLUENCIA DE ALCOHOL, SUSTANCIAS ESTUPEFACIENTES O PSICOTROPICAS Y/O MEDICAMENTOS.",COLISION,VEHICULO DEPORTIVO UTILITARIO,0,0,1,0,0,0,0,0,1,0,0,0,1,3,39,HOMBRE,LESIONADO,CONDUCTOR PRESENTE,NO,NO,0
3600,11120,11121,2017,2,0,-0.143292,-78.475325,PICHINCHA,QUITO,QUITO,URBANA,2017-05-21,11:15:00,11,DOMINGO,7,MAYO,5,NO,REALIZAR CAMBIO BRUSCO O INDEBIDO DE CARRIL.,ATROPELLOS,MOTOCICLETA,0,0,0,0,0,0,0,0,1,0,0,0,0,1,28,HOMBRE,LESIONADO,CONDUCTOR PRESENTE,NO,NO,0
3601,11121,11122,2017,1,0,-0.115381,-78.490774,PICHINCHA,QUITO,QUITO,URBANA,2017-05-21,11:40:00,11,DOMINGO,7,MAYO,5,NO,NO CEDER EL DERECHO DE VIA O PREFERENCIA DE PASO AL PEATON.,ATROPELLOS,NO IDENTIFICADO,0,0,0,0,0,0,0,0,0,1,0,0,0,1,33,HOMBRE,LESIONADO,PEATON,NO,NO,0
3602,11122,11123,2017,0,0,-0.217037,-78.518615,PICHINCHA,QUITO,QUITO,URBANA,2017-05-21,12:06:00,12,DOMINGO,7,MAYO,5,NO,NO MANTENER LA DISTANCIA PRUDENCIAL CON RESPECTO AL VEHICULO QUE LE ANTECEDE.,CHOQUE POSTERIOR,MOTOCICLETA,0,0,0,0,0,0,0,0,1,1,0,0,0,2,22,HOMBRE,ILESO,CONDUCTOR PRESENTE,NO,NO,0
3603,11123,11124,2017,0,0,-0.279175,-78.542778,PICHINCHA,QUITO,QUITO,URBANA,2017-05-21,12:10:00,12,DOMINGO,7,MAYO,5,NO,"NO RESPETAR LAS SENIALES REGLAMENTARIAS DE TRANSITO. (PARE, CEDA EL PASO, LUZ ROJA DEL SEMAFORO, ETC).",CHOQUE LATERAL,VEHICULO DEPORTIVO UTILITARIO,1,0,0,0,0,0,0,0,0,0,0,0,1,2,40,HOMBRE,ILESO,CONDUCTOR PRESENTE,NO,NO,0
3604,11130,11131,2017,1,0,-0.119183,-78.516739,PICHINCHA,QUITO,QUITO,RURAL,2017-05-21,14:30:00,14,DOMINGO,7,MAYO,5,NO,REALIZAR CAMBIO BRUSCO O INDEBIDO DE CARRIL.,CHOQUE FRONTAL,MOTOCICLETA,0,0,0,1,0,0,0,0,1,0,0,0,0,2,25,HOMBRE,LESIONADO,CONDUCTOR PRESENTE,NO,NO,3
3605,11132,11133,2017,0,0,-0.100763,-78.412744,PICHINCHA,QUITO,CALDERON (CARAPUNGO),RURAL,2017-05-21,14:50:00,14,DOMINGO,7,MAYO,5,NO,NO MANTENER LA DISTANCIA PRUDENCIAL CON RESPECTO AL VEHICULO QUE LE ANTECEDE.,ESTRELLAMIENTOS,AUTOMOVIL,2,0,0,0,0,0,0,0,0,0,0,0,0,2,28,MUJER,ILESO,CONDUCTOR PRESENTE,NO,NO,3
3606,11133,11134,2017,1,0,-0.289546,-78.444936,PICHINCHA,QUITO,ALANGASI,RURAL,2017-05-21,15:50:00,15,DOMINGO,7,MAYO,5,NO,NO CEDER EL DERECHO DE VIA O PREFERENCIA DE PASO AL PEATON.,ATROPELLOS,NO IDENTIFICADO,0,0,0,0,0,0,0,0,0,1,0,0,0,1,10,MUJER,LESIONADO,PEATON,NO,NO,3
3607,11138,11139,2017,2,0,0.010551,-78.561981,PICHINCHA,QUITO,CALACALI,URBANA,2017-05-21,17:50:00,17,DOMINGO,7,MAYO,5,NO,CONDUCIR EN SENTIDO CONTRARIO A LA VIA NORMAL DE CIRCULACION.,CHOQUE FRONTAL,VEHICULO DEPORTIVO UTILITARIO,0,0,0,0,1,0,0,0,0,0,0,0,1,2,70,HOMBRE,LESIONADO,PASAJERO,NO,NO,0
3608,11141,11142,2017,0,0,-0.235201,-78.496041,PICHINCHA,QUITO,QUITO,URBANA,2017-05-21,19:30:00,19,DOMINGO,7,MAYO,5,NO,"CONDUCIR DESATENTO A LAS CONDICIONES DE TRANSITO (CELULAR, PANTALLAS DE VIDEO, COMIDA, MAQUILLAJE O CUALQUIER OTRO ELEMENTO DISTRACTOR).",ESTRELLAMIENTOS,CAMIONETA,0,0,0,0,1,0,0,0,0,0,0,0,0,1,-1,NO IDENTIFICADO,NO IDENTIFICADO,CONDUCTOR AUSENTE,NO,NO,2
3609,11142,11143,2017,1,0,-0.291298,-78.536546,PICHINCHA,QUITO,QUITO,URBANA,2017-05-21,19:30:00,19,DOMINGO,7,MAYO,5,NO,NO CEDER EL DERECHO DE VIA O PREFERENCIA DE PASO AL PEATON.,ATROPELLOS,NO IDENTIFICADO,0,0,0,0,0,0,0,0,0,1,0,0,0,1,56,HOMBRE,LESIONADO,PEATON,NO,NO,0
3610,11143,11144,2017,1,0,-0.290281,-78.538717,PICHINCHA,QUITO,QUITO,URBANA,2017-05-21,19:40:00,19,DOMINGO,7,MAYO,5,NO,NO CEDER EL DERECHO DE VIA O PREFERENCIA DE PASO AL PEATON.,ATROPELLOS,NO IDENTIFICADO,0,0,0,0,0,0,0,0,0,1,0,0,0,1,55,HOMBRE,LESIONADO,PEATON,NO,NO,0
3611,11145,11146,2017,1,0,-0.000173,-78.447581,PICHINCHA,QUITO,SAN ANTONIO (QUITO),RURAL,2017-05-21,20:20:00,20,DOMINGO,7,MAYO,5,NO,NO CEDER EL DERECHO DE VIA O PREFERENCIA DE PASO AL PEATON.,ATROPELLOS,AUTOMOVIL,1,0,0,0,0,0,0,0,0,0,0,0,0,1,32,HOMBRE,LESIONADO,PEATON,NO,NO,3
3612,11146,11147,2017,1,0,-0.244831,-78.514223,PICHINCHA,QUITO,QUITO,URBANA,2017-05-21,20:28:00,20,DOMINGO,7,MAYO,5,NO,"NO RESPETAR LAS SENIALES REGLAMENTARIAS DE TRANSITO. (PARE, CEDA EL PASO, LUZ ROJA DEL SEMAFORO, ETC).",CHOQUE LATERAL,MOTOCICLETA,1,0,0,0,0,0,0,0,1,0,0,0,0,2,33,HOMBRE,LESIONADO,CONDUCTOR PRESENTE,NO,NO,0
3613,11175,11176,2017,0,0,-0.216388,-78.504444,PICHINCHA,QUITO,QUITO,URBANA,2017-05-22,01:35:00,1,LUNES,1,MAYO,5,NO,"CONDUCIR EN ESTADO DE SOMNOLENCIA O MALAS CONDICIONES FISICAS (SUENIO, CANSANCIO Y FATIGA).",VOLCAMIENTOS,AUTOMOVIL,1,0,0,0,0,0,0,0,0,0,0,0,0,1,-1,NO IDENTIFICADO,NO IDENTIFICADO,CONDUCTOR AUSENTE,NO,NO,2
3614,11176,11177,2017,0,0,-0.161241,-78.495668,PICHINCHA,QUITO,QUITO,URBANA,2017-05-22,04:00:00,4,LUNES,1,MAYO,5,NO,"CONDUCE BAJO LA INFLUENCIA DE ALCOHOL, SUSTANCIAS ESTUPEFACIENTES O PSICOTROPICAS Y/O MEDICAMENTOS.",ESTRELLAMIENTOS,AUTOMOVIL,1,0,0,0,0,0,0,0,0,0,0,0,0,1,31,HOMBRE,ILESO,CONDUCTOR PRESENTE,NO,NO,0
3615,11179,11180,2017,0,0,-0.284303,-78.559331,PICHINCHA,QUITO,QUITO,URBANA,2017-05-22,06:10:00,6,LUNES,1,MAYO,5,NO,"NO RESPETAR LAS SENIALES REGLAMENTARIAS DE TRANSITO. (PARE, CEDA EL PASO, LUZ ROJA DEL SEMAFORO, ETC).",CHOQUE LATERAL,VEHICULO DEPORTIVO UTILITARIO,1,0,0,0,1,0,0,0,0,0,0,0,1,3,32,HOMBRE,ILESO,CONDUCTOR PRESENTE,NO,NO,0
3616,11180,11181,2017,1,0,-0.242475,-78.497488,PICHINCHA,QUITO,QUITO,URBANA,2017-05-22,06:15:00,6,LUNES,1,MAYO,5,NO,NO MANTENER LA DISTANCIA PRUDENCIAL CON RESPECTO AL VEHICULO QUE LE ANTECEDE.,COLISION,VEHICULO DEPORTIVO UTILITARIO,2,0,0,0,0,0,0,0,0,0,0,0,2,4,57,MUJER,LESIONADO,PASAJERO,NO,NO,0
3617,11187,11188,2017,1,0,-0.228306,-78.431083,PICHINCHA,QUITO,TUMBACO,RURAL,2017-05-22,09:50:00,9,LUNES,1,MAYO,5,NO,NO GUARDAR LA DISTANCIA LATERAL MINIMA DE SEGURIDAD ENTRE VEHICULOS.,ROZAMIENTOS,FURGONETA,1,0,0,0,0,0,0,1,0,0,0,0,0,2,22,HOMBRE,LESIONADO,CONDUCTOR PRESENTE,NO,NO,3
3618,11188,11189,2017,0,0,-0.239808,-78.522753,PICHINCHA,QUITO,QUITO,URBANA,2017-05-22,10:05:00,10,LUNES,1,MAYO,5,NO,NO CEDER EL DERECHO DE VIA O PREFERENCIA DE PASO A VEHICULOS.,CHOQUE LATERAL,MOTOCICLETA,0,0,0,0,0,0,0,0,2,0,0,0,0,2,22,HOMBRE,ILESO,CONDUCTOR PRESENTE,NO,NO,0
3619,11194,11195,2017,0,0,-0.170831,-78.482941,PICHINCHA,QUITO,QUITO,URBANA,2017-05-22,13:00:00,13,LUNES,1,MAYO,5,NO,"CONDUCIR DESATENTO A LAS CONDICIONES DE TRANSITO (CELULAR, PANTALLAS DE VIDEO, COMIDA, MAQUILLAJE O CUALQUIER OTRO ELEMENTO DISTRACTOR).",ESTRELLAMIENTOS,VEHICULO DEPORTIVO UTILITARIO,0,0,0,0,0,0,0,0,0,1,0,0,1,2,-1,NO IDENTIFICADO,NO IDENTIFICADO,CONDUCTOR AUSENTE,NO,NO,2
3620,11195,11196,2017,1,0,-0.123984,-78.485867,PICHINCHA,QUITO,QUITO,URBANA,2017-05-22,13:10:00,13,LUNES,1,MAYO,5,NO,"CONDUCIR DESATENTO A LAS CONDICIONES DE TRANSITO (CELULAR, PANTALLAS DE VIDEO, COMIDA, MAQUILLAJE O CUALQUIER OTRO ELEMENTO DISTRACTOR).",CHOQUE LATERAL,MOTOCICLETA,1,0,0,0,0,0,0,0,1,0,0,0,0,2,30,HOMBRE,LESIONADO,CONDUCTOR PRESENTE,NO,NO,0
3621,11197,11198,2017,0,0,-0.223444,-78.507916,PICHINCHA,QUITO,QUITO,URBANA,2017-05-22,13:30:00,13,LUNES,1,MAYO,5,NO,NO GUARDAR LA DISTANCIA LATERAL MINIMA DE SEGURIDAD ENTRE VEHICULOS.,ROZAMIENTOS,VEHICULO DEPORTIVO UTILITARIO,0,0,1,0,0,0,0,0,0,0,0,0,1,2,60,HOMBRE,ILESO,CONDUCTOR PRESENTE,NO,NO,0
3622,11202,11203,2017,0,0,-0.254358,-78.522307,PICHINCHA,QUITO,QUITO,URBANA,2017-05-22,14:20:00,14,LUNES,1,MAYO,5,NO,NO MANTENER LA DISTANCIA PRUDENCIAL CON RESPECTO AL VEHICULO QUE LE ANTECEDE.,CHOQUE POSTERIOR,AUTOMOVIL,1,0,0,0,0,0,0,0,0,0,0,0,1,2,45,HOMBRE,ILESO,CONDUCTOR PRESENTE,NO,NO,0
3623,11203,11204,2017,4,1,-0.336168,-78.897779,PICHINCHA,MEJIA,MANUEL CORNEJO ASTORGA,RURAL,2017-05-22,14:30:00,14,LUNES,1,MAYO,5,NO,CONDUCIR EN SENTIDO CONTRARIO A LA VIA NORMAL DE CIRCULACION.,CHOQUE FRONTAL,BUS,0,0,1,1,0,0,0,0,0,0,0,0,0,2,40,HOMBRE,FALLECIDO,CONDUCTOR PRESENTE,NO,NO,3