,Unnamed: 0,ID,ANIO,LESIONADOS,FALLECIDOS,LATITUD_Y,LONGITUD_X,PROVINCIA,CANTON,PARROQUIA,ZONA,FECHA,HORA,PERIODO_2,DIA_1,DIA_2,MES_1,MES_2,FERIADO,CAUSA_PROBABLE,TIPO_DE_SINIESTRO,TIPO_DE_VEHICULO_1,AUTOMOVIL,BICICLETA,BUS,CAMION,CAMIONETA,EMERGENCIAS,ESPECIAL,FURGONETA,MOTOCICLETA,NO_IDENTIFICADO,SCOOTER_ELECTRICO,TRICIMOTO,VEHICULO_DEPORTIVO_UTILITARIO,SUMA_DE_VEHICULOS,EDAD_1,SEXO_1,CONDICION_1,PARTICIPANTE_1,CASCO_1,CINTURON_1,KMeans_Cluster
3624,11204,11205,2017,1,0,-0.250157,-78.516969,PICHINCHA,QUITO,QUITO,URBANA,2017-05-22,14:45:00,14,LUNES,1,MAYO,5,NO,DEJAR O RECOGER PASAJEROS EN LUGARES NO PERMITIDOS.,CAIDA DE PASAJERO,NO IDENTIFICADO,0,0,0,0,0,0,0,0,0,1,0,0,0,1,20,MUJER,LESIONADO,PASAJERO,NO,NO,0
3625,11205,11206,2017,0,0,-0.189165,-78.490435,PICHINCHA,QUITO,QUITO,URBANA,2017-05-22,14:50:00,14,LUNES,1,MAYO,5,NO,NO TRANSITAR POR LAS ACERAS O ZONAS DE SEGURIDAD DESTINADAS PARA EL EFECTO.,CAIDA DE PASAJERO,VEHICULO DEPORTIVO UTILITARIO,0,0,0,0,0,0,0,0,0,0,0,0,1,1,36,MUJER,ILESO,CONDUCTOR PRESENTE,NO,NO,0
3626,11209,11210,2017,0,0,-0.110762,-78.482493,PICHINCHA,QUITO,QUITO,URBANA,2017-05-22,15:50:00,15,LUNES,1,MAYO,5,NO,"NO RESPETAR LAS SENIALES REGLAMENTARIAS DE TRANSITO. (PARE, CEDA EL PASO, LUZ ROJA DEL SEMAFORO, ETC).",ESTRELLAMIENTOS,AUTOMOVIL,2,0,0,0,0,0,0,0,0,0,0,0,0,2,30,MUJER,ILESO,CONDUCTOR PRESENTE,NO,NO,0
3627,11215,11216,2017,0,0,-0.283288,-78.529288,PICHINCHA,QUITO,QUITO,URBANA,2017-05-22,17:15:00,17,LUNES,1,MAYO,5,NO,REALIZAR CAMBIO BRUSCO O INDEBIDO DE CARRIL.,CHOQUE FRONTAL,AUTOMOVIL,1,0,0,0,1,0,0,0,0,0,0,0,0,2,22,HOMBRE,ILESO,CONDUCTOR PRESENTE,NO,NO,0
3628,11216,11217,2017,2,0,-0.283576,-78.535479,PICHINCHA,QUITO,QUITO,URBANA,2017-05-22,17:25:00,17,LUNES,1,MAYO,5,NO,NO CEDER EL DERECHO DE VIA O PREFERENCIA DE PASO AL PEATON.,ATROPELLOS,MOTOCICLETA,0,0,0,0,0,0,0,0,1,0,0,0,0,1,31,HOMBRE,LESIONADO,CONDUCTOR PRESENTE,NO,NO,0
3629,11217,11218,2017,0,0,-0.232011,-78.523463,PICHINCHA,QUITO,QUITO,URBANA,2017-05-22,17:30:00,17,LUNES,1,MAYO,5,NO,"NO RESPETAR LAS SENIALES REGLAMENTARIAS DE TRANSITO. (PARE, CEDA EL PASO, LUZ ROJA DEL SEMAFORO, ETC).",ESTRELLAMIENTOS,CAMION,0,0,0,1,0,0,0,0,0,0,0,0,0,1,-1,NO IDENTIFICADO,NO IDENTIFICADO,CONDUCTOR AUSENTE,NO,NO,2
3630,11220,11221,2017,0,0,-0.163273,-78.462799,PICHINCHA,QUITO,QUITO,URBANA,2017-05-22,18:40:00,18,LUNES,1,MAYO,5,NO,NO GUARDAR LA DISTANCIA LATERAL MINIMA DE SEGURIDAD ENTRE VEHICULOS.,ROZAMIENTOS,VEHICULO DEPORTIVO UTILITARIO,0,0,1,0,0,0,0,0,0,0,0,0,1,2,48,HOMBRE,ILESO,CONDUCTOR PRESENTE,NO,NO,0
3631,11221,11222,2017,0,0,-0.112218,-78.504802,PICHINCHA,QUITO,QUITO,URBANA,2017-05-22,19:00:00,19,LUNES,1,MAYO,5,NO,"CONDUCIR DESATENTO A LAS CONDICIONES DE TRANSITO (CELULAR, PANTALLAS DE VIDEO, COMIDA, MAQUILLAJE O CUALQUIER OTRO ELEMENTO DISTRACTOR).",CHOQUE POSTERIOR,AUTOMOVIL,2,0,0,0,0,0,0,0,0,0,0,0,0,2,51,HOMBRE,ILESO,CONDUCTOR PRESENTE,NO,NO,0
3632,11223,11224,2017,2,0,-0.337955,-78.575296,PICHINCHA,QUITO,QUITO,URBANA,2017-05-22,19:15:00,19,LUNES,1,MAYO,5,NO,REALIZAR CAMBIO BRUSCO O INDEBIDO DE CARRIL.,CHOQUE FRONTAL,AUTOMOVIL,1,0,0,1,0,0,0,0,0,0,0,0,0,2,5,HOMBRE,LESIONADO,PASAJERO,NO,NO,0
3633,11225,11226,2017,0,0,-0.304167,-78.542831,PICHINCHA,QUITO,QUITO,URBANA,2017-05-22,19:45:00,19,LUNES,1,MAYO,5,NO,CONDUCIR VEHICULO SUPERANDO LOS LIMITES MAXIMOS DE VELOCIDAD.,PERDIDA DE PISTA,MOTOCICLETA,0,0,0,0,0,0,0,0,1,0,0,0,0,1,25,HOMBRE,ILESO,CONDUCTOR PRESENTE,NO,NO,0
3634,11226,11227,2017,0,0,-0.129361,-78.466493,PICHINCHA,QUITO,QUITO,URBANA,2017-05-22,20:00:00,20,LUNES,1,MAYO,5,NO,"NO RESPETAR LAS SENIALES REGLAMENTARIAS DE TRANSITO. (PARE, CEDA EL PASO, LUZ ROJA DEL SEMAFORO, ETC).",CHOQUE LATERAL,AUTOMOVIL,1,0,0,0,0,0,0,1,0,0,0,0,0,2,48,HOMBRE,ILESO,CONDUCTOR PRESENTE,NO,NO,0
3635,11249,11250,2017,0,0,-0.384115,-78.532257,PICHINCHA,MEJIA,CUTUGLAHUA,RURAL,2017-05-23,05:50:00,5,MARTES,2,MAYO,5,NO,NO GUARDAR LA DISTANCIA LATERAL MINIMA DE SEGURIDAD ENTRE VEHICULOS.,VOLCAMIENTOS,CAMIONETA,0,0,0,0,1,0,0,0,0,0,0,0,0,1,-1,NO IDENTIFICADO,NO IDENTIFICADO,CONDUCTOR AUSENTE,NO,NO,2
3636,11250,11251,2017,0,1,-0.279077,-78.532379,PICHINCHA,QUITO,QUITO,URBANA,2017-05-23,06:25:00,6,MARTES,2,MAYO,5,NO,NO CEDER EL DERECHO DE VIA O PREFERENCIA DE PASO AL PEATON.,ATROPELLOS,BUS,0,0,1,0,0,0,0,0,0,0,0,0,0,1,82,HOMBRE,FALLECIDO,PEATON,NO,NO,0
3637,11252,11253,2017,0,0,-0.259752,-78.540266,PICHINCHA,QUITO,QUITO,URBANA,2017-05-23,07:15:00,7,MARTES,2,MAYO,5,NO,NO CEDER EL DERECHO DE VIA O PREFERENCIA DE PASO A VEHICULOS.,CHOQUE LATERAL,FURGONETA,1,0,0,0,0,0,0,1,0,0,0,0,0,2,58,HOMBRE,ILESO,CONDUCTOR PRESENTE,NO,NO,0
3638,11253,11254,2017,1,0,-0.239915,-78.493059,PICHINCHA,QUITO,QUITO,URBANA,2017-05-23,07:35:00,7,MARTES,2,MAYO,5,NO,NO CEDER EL DERECHO DE VIA O PREFERENCIA DE PASO AL PEATON.,ATROPELLOS,NO IDENTIFICADO,0,0,0,0,0,0,0,0,0,1,0,0,0,1,23,MUJER,LESIONADO,PEATON,NO,NO,0
3639,11254,11255,2017,1,0,-0.282706,-78.554325,PICHINCHA,QUITO,QUITO,URBANA,2017-05-23,08:05:00,8,MARTES,2,MAYO,5,NO,"NO RESPETAR LAS SENIALES REGLAMENTARIAS DE TRANSITO. (PARE, CEDA EL PASO, LUZ ROJA DEL SEMAFORO, ETC).",CHOQUE LATERAL,CAMIONETA,0,0,0,0,1,0,0,0,1,0,0,0,0,2,30,HOMBRE,LESIONADO,CONDUCTOR PRESENTE,NO,NO,0
3640,11256,11257,2017,2,0,-0.383985,-78.819692,PICHINCHA,MEJIA,MANUEL CORNEJO ASTORGA,RURAL,2017-05-23,09:00:00,9,MARTES,2,MAYO,5,NO,CONDUCIR EN SENTIDO CONTRARIO A LA VIA NORMAL DE CIRCULACION.,CHOQUE FRONTAL,AUTOMOVIL,2,0,0,0,0,0,0,0,0,0,0,0,0,2,48,MUJER,LESIONADO,CONDUCTOR PRESENTE,NO,NO,3
3641,11257,11258,2017,2,0,-0.151809,-78.497991,PICHINCHA,QUITO,QUITO,URBANA,2017-05-23,09:10:00,9,MARTES,2,MAYO,5,NO,"NO RESPETAR LAS SENIALES REGLAMENTARIAS DE TRANSITO. (PARE, CEDA EL PASO, LUZ ROJA DEL SEMAFORO, ETC).",CHOQUE LATERAL,CAMIONETA,0,0,0,0,1,0,0,0,1,0,0,0,0,2,22,HOMBRE,LESIONADO,PASAJERO,NO,NO,0
3642,11258,11259,2017,0,0,-0.203644,-78.490504,PICHINCHA,QUITO,QUITO,URBANA,2017-05-23,09:40:00,9,MARTES,2,MAYO,5,NO,"CONDUCIR DESATENTO A LAS CONDICIONES DE TRANSITO (CELULAR, PANTALLAS DE VIDEO, COMIDA, MAQUILLAJE O CUALQUIER OTRO ELEMENTO DISTRACTOR).",ESTRELLAMIENTOS,VEHICULO DEPORTIVO UTILITARIO,0,0,0,0,0,0,0,0,0,0,0,0,3,3,27,MUJER,ILESO,CONDUCTOR PRESENTE,NO,NO,0
3643,11260,11261,2017,1,0,-0.154453,-78.474363,PICHINCHA,QUITO,QUITO,URBANA,2017-05-23,10:30:00,10,MARTES,2,MAYO,5,NO,NO CEDER EL DERECHO DE VIA O PREFERENCIA DE PASO AL PEATON.,ATROPELLOS,MOTOCICLETA,0,0,0,0,0,0,0,0,1,0,0,0,0,1,25,MUJER,LESIONADO,PEATON,NO,NO,0
3644,11262,11263,2017,1,0,-0.172212,-78.490216,PICHINCHA,QUITO,QUITO,URBANA,2017-05-23,11:05:00,11,MARTES,2,MAYO,5,NO,BAJARSE O SUBIRSE DE VEHICULOS EN MOVIMIENTO SIN TOMAR LAS PRECAUCIONES DEBIDAS.,CAIDA DE PASAJERO,NO IDENTIFICADO,0,0,0,0,0,0,0,0,0,1,0,0,0,1,59,MUJER,LESIONADO,PASAJERO,NO,NO,0
3645,11265,11266,2017,1,0,-0.140017,-78.501191,PICHINCHA,QUITO,QUITO,URBANA,2017-05-23,12:20:00,12,MARTES,2,MAYO,5,NO,NO CEDER EL DERECHO DE VIA O PREFERENCIA DE PASO AL PEATON.,ATROPELLOS,NO IDENTIFICADO,0,0,0,0,0,0,0,0,0,1,0,0,0,1,65,MUJER,LESIONADO,PEATON,NO,NO,0
3646,11267,11268,2017,0,0,-0.209605,-78.501459,PICHINCHA,QUITO,QUITO,URBANA,2017-05-23,12:55:00,12,MARTES,2,MAYO,5,NO,REALIZAR CAMBIO BRUSCO O INDEBIDO DE CARRIL.,VOLCAMIENTOS,VEHICULO DEPORTIVO UTILITARIO,1,0,0,0,0,0,0,0,1,0,0,0,1,3,63,HOMBRE,ILESO,CONDUCTOR PRESENTE,NO,NO,0
3647,11268,11269,2017,0,0,-0.169861,-78.490291,PICHINCHA,QUITO,QUITO,URBANA,2017-05-23,13:30:00,13,MARTES,2,MAYO,5,NO,NO MANTENER LA DISTANCIA PRUDENCIAL CON RESPECTO AL VEHICULO QUE LE ANTECEDE.,CHOQUE POSTERIOR,AUTOMOVIL,1,0,0,0,0,0,0,0,0,0,0,0,1,2,46,HOMBRE,ILESO,CONDUCTOR PRESENTE,NO,NO,0
3648,11269,11270,2017,0,0,-0.208002,-78.490274,PICHINCHA,QUITO,QUITO,URBANA,2017-05-23,13:55:00,13,MARTES,2,MAYO,5,NO,NO GUARDAR LA DISTANCIA LATERAL MINIMA DE SEGURIDAD ENTRE VEHICULOS.,ROZAMIENTOS,AUTOMOVIL,1,0,0,0,1,0,0,0,0,0,0,0,0,2,57,HOMBRE,ILESO,CONDUCTOR PRESENTE,NO,NO,0
3649,11270,11271,2017,1,0,-0.172253,-78.490174,PICHINCHA,QUITO,QUITO,URBANA,2017-05-23,14:00:00,14,MARTES,2,MAYO,5,NO,NO TRANSITAR POR LAS ACERAS O ZONAS DE SEGURIDAD DESTINADAS PARA EL EFECTO.,ATROPELLOS,AUTOMOVIL,1,0,0,0,0,0,0,0,0,0,0,0,0,1,22,MUJER,LESIONADO,PEATON,NO,NO,0
3650,11271,11272,2017,0,0,-0.250324,-78.525291,PICHINCHA,QUITO,QUITO,URBANA,2017-05-23,14:05:00,14,MARTES,2,MAYO,5,NO,NO CEDER EL DERECHO DE VIA O PREFERENCIA DE PASO A VEHICULOS.,CHOQUE LATERAL,VEHICULO DEPORTIVO UTILITARIO,0,0,0,0,1,0,0,0,0,0,0,0,1,2,38,MUJER,ILESO,CONDUCTOR PRESENTE,NO,NO,0
3651,11273,11274,2017,0,0,-0.188988,-78.452525,PICHINCHA,QUITO,NAYON,RURAL,2017-05-23,14:45:00,14,MARTES,2,MAYO,5,NO,"CASO FORTUITO O FUERZA MAYOR (EXPLOSION DE NEUMATICO NUEVO, DERRUMBE, INUNDACION, CAIDA DE PUENTE, ARBOL, PRESENCIA INTEMPESTIVA E IMPREVISTA DE SEMOVIENTES EN LA VIA, ETC.).",OTROS,AUTOMOVIL,1,0,0,0,0,0,0,0,0,1,0,0,0,2,35,MUJER,ILESO,CONDUCTOR PRESENTE,NO,NO,3
3652,11275,11276,2017,1,0,-0.203709,-78.502071,PICHINCHA,QUITO,QUITO,URBANA,2017-05-23,15:10:00,15,MARTES,2,MAYO,5,NO,"NO RESPETAR LAS SENIALES REGLAMENTARIAS DE TRANSITO. (PARE, CEDA EL PASO, LUZ ROJA DEL SEMAFORO, ETC).",CHOQUE LATERAL,MOTOCICLETA,1,0,0,0,0,0,0,0,1,0,0,0,0,2,38,HOMBRE,LESIONADO,CONDUCTOR PRESENTE,NO,NO,0
3653,11277,11278,2017,0,0,-0.181981,-78.505461,PICHINCHA,QUITO,QUITO,URBANA,2017-05-23,15:40:00,15,MARTES,2,MAYO,5,NO,"CONDUCE BAJO LA INFLUENCIA DE ALCOHOL, SUSTANCIAS ESTUPEFACIENTES O PSICOTROPICAS Y/O MEDICAMENTOS.",ESTRELLAMIENTOS,AUTOMOVIL,1,0,0,0,0,0,0,0,0,0,0,0,1,2,22,HOMBRE,ILESO,CONDUCTOR PRESENTE,NO,NO,0
3654,11279,11280,2017,0,0,-0.094305,-78.481905,PICHINCHA,QUITO,QUITO,URBANA,2017-05-23,16:30:00,16,MARTES,2,MAYO,5,NO,NO GUARDAR LA DISTANCIA LATERAL MINIMA DE SEGURIDAD ENTRE VEHICULOS.,ROZAMIENTOS,AUTOMOVIL,2,0,0,0,0,0,0,0,0,0,0,0,0,2,22,MUJER,ILESO,CONDUCTOR PRESENTE,NO,NO,0
3655,11283,11284,2017,0,0,-0.242771,-78.318113,PICHINCHA,QUITO,PIFO,RURAL,2017-05-23,17:30:00,17,MARTES,2,MAYO,5,NO,"CONDUCIR DESATENTO A LAS CONDICIONES DE TRANSITO (CELULAR, PANTALLAS DE VIDEO, COMIDA, MAQUILLAJE O CUALQUIER OTRO ELEMENTO DISTRACTOR).",CHOQUE POSTERIOR,MOTOCICLETA,1,0,0,0,0,0,0,0,1,0,0,0,0,2,33,HOMBRE,ILESO,CONDUCTOR PRESENTE,NO,NO,3
3656,11287,11288,2017,1,0,-0.286559,-78.537388,PICHINCHA,QUITO,QUITO,URBANA,2017-05-23,19:00:00,19,MARTES,2,MAYO,5,NO,NO CEDER EL DERECHO DE VIA O PREFERENCIA DE PASO AL PEATON.,ATROPELLOS,NO IDENTIFICADO,0,0,0,0,0,0,0,0,0,1,0,0,0,1,63,MUJER,LESIONADO,PEATON,NO,NO,0
3657,11289,11290,2017,1,0,-0.201504,-78.475379,PICHINCHA,QUITO,QUITO,URBANA,2017-05-23,19:45:00,19,MARTES,2,MAYO,5,NO,"PRESENCIA DE AGENTES EXTERNOS EN LA VIA (AGUA, ACEITE, PIEDRA, LASTRE, ESCOMBROS, MADEROS, ETC.).",PERDIDA DE PISTA,MOTOCICLETA,0,0,0,0,0,0,0,0,1,0,0,0,0,1,35,HOMBRE,LESIONADO,CONDUCTOR PRESENTE,NO,NO,0
3658,11293,11294,2017,0,0,-0.278811,-78.558781,PICHINCHA,QUITO,QUITO,URBANA,2017-05-23,22:10:00,22,MARTES,2,MAYO,5,NO,"CONDUCIR EN ESTADO DE SOMNOLENCIA O MALAS CONDICIONES FISICAS (SUENIO, CANSANCIO Y FATIGA).",CHOQUE POSTERIOR,AUTOMOVIL,1,0,1,0,0,0,0,0,0,0,0,0,0,2,31,HOMBRE,ILESO,CONDUCTOR PRESENTE,NO,NO,0
3659,11319,11320,2017,1,0,-0.160629,-78.469815,PICHINCHA,QUITO,QUITO,URBANA,2017-05-24,05:00:00,5,MIERCOLES,3,MAYO,5,NO,"NO RESPETAR LAS SENIALES REGLAMENTARIAS DE TRANSITO. (PARE, CEDA EL PASO, LUZ ROJA DEL SEMAFORO, ETC).",ATROPELLOS,NO IDENTIFICADO,0,0,0,0,0,0,0,0,0,1,0,0,0,1,60,HOMBRE,LESIONADO,PEATON,NO,NO,0
3660,11321,11322,2017,0,0,-0.237561,-78.484045,PICHINCHA,QUITO,QUITO,URBANA,2017-05-24,06:25:00,6,MIERCOLES,3,MAYO,5,NO,NO CEDER EL DERECHO DE VIA O PREFERENCIA DE PASO A VEHICULOS.,CHOQUE LATERAL,BUS,1,0,1,0,0,0,0,0,0,0,0,0,0,2,28,HOMBRE,ILESO,CONDUCTOR PRESENTE,NO,NO,0
3661,11323,11324,2017,1,0,-0.101046,-78.520641,PICHINCHA,QUITO,QUITO,RURAL,2017-05-24,07:05:00,7,MIERCOLES,3,MAYO,5,NO,NO TRANSITAR POR LAS ACERAS O ZONAS DE SEGURIDAD DESTINADAS PARA EL EFECTO.,ATROPELLOS,AUTOMOVIL,1,0,0,0,0,0,0,0,0,0,0,0,0,1,14,HOMBRE,LESIONADO,PEATON,NO,NO,3
3662,11324,11325,2017,1,0,-0.115998,-78.479371,PICHINCHA,QUITO,QUITO,URBANA,2017-05-24,07:30:00,7,MIERCOLES,3,MAYO,5,NO,NO MANTENER LA DISTANCIA PRUDENCIAL CON RESPECTO AL VEHICULO QUE LE ANTECEDE.,CHOQUE POSTERIOR,AUTOMOVIL,1,0,0,0,0,0,0,0,1,0,0,0,0,2,19,MUJER,LESIONADO,PASAJERO,NO,NO,0
3663,11325,11326,2017,1,0,-0.217891,-78.485251,PICHINCHA,QUITO,QUITO,URBANA,2017-05-24,07:31:00,7,MIERCOLES,3,MAYO,5,NO,"FALLA MECANICA EN LOS SISTEMAS Y/O NEUMATICOS (SISTEMA DE FRENOS, DIRECCION, ELECTRONICO O MECANICO).",PERDIDA DE PISTA,NO IDENTIFICADO,0,0,0,0,0,0,0,0,0,1,0,0,0,1,49,MUJER,LESIONADO,PASAJERO,NO,NO,0
3664,11329,11330,2017,2,0,-0.180302,-78.504371,PICHINCHA,QUITO,QUITO,URBANA,2017-05-24,08:17:00,8,MIERCOLES,3,MAYO,5,NO,NO MANTENER LA DISTANCIA PRUDENCIAL CON RESPECTO AL VEHICULO QUE LE ANTECEDE.,CHOQUE POSTERIOR,AUTOMOVIL,2,0,0,0,0,0,0,0,0,0,0,0,0,2,44,MUJER,LESIONADO,PASAJERO,NO,NO,0
3665,11331,11332,2017,1,0,-0.244653,-78.522478,PICHINCHA,QUITO,QUITO,URBANA,2017-05-24,09:24:00,9,MIERCOLES,3,MAYO,5,NO,"NO RESPETAR LAS SENIALES REGLAMENTARIAS DE TRANSITO. (PARE, CEDA EL PASO, LUZ ROJA DEL SEMAFORO, ETC).",CHOQUE LATERAL,CAMIONETA,0,0,0,0,2,0,0,0,0,0,0,0,0,2,43,MUJER,LESIONADO,PASAJERO,NO,NO,0
3666,11333,11334,2017,1,0,-0.189193,-78.483327,PICHINCHA,QUITO,QUITO,URBANA,2017-05-24,09:39:00,9,MIERCOLES,3,MAYO,5,NO,CONDUCIR VEHICULO SUPERANDO LOS LIMITES MAXIMOS DE VELOCIDAD.,PERDIDA DE PISTA,VEHICULO DEPORTIVO UTILITARIO,0,0,0,0,0,0,0,0,1,0,0,0,1,2,32,HOMBRE,LESIONADO,CONDUCTOR PRESENTE,NO,NO,0
3667,11337,11338,2017,1,0,-0.198238,-78.495827,PICHINCHA,QUITO,QUITO,URBANA,2017-05-24,10:58:00,10,MIERCOLES,3,MAYO,5,NO,PEATON QUE CRUZA LA CALZADA SIN RESPETAR LA SENIALIZACION EXISTENTE (SEMAFOROS O SENIALES MANUALES).,ATROPELLOS,AUTOMOVIL,1,0,0,0,0,0,0,0,0,0,0,0,0,1,21,HOMBRE,LESIONADO,PEATON,NO,NO,0
3668,11340,11341,2017,0,0,-0.104491,-78.453781,PICHINCHA,QUITO,CALDERON (CARAPUNGO),RURAL,2017-05-24,11:30:00,11,MIERCOLES,3,MAYO,5,NO,NO CEDER EL DERECHO DE VIA O PREFERENCIA DE PASO A VEHICULOS.,CHOQUE LATERAL,BUS,0,0,2,0,0,0,0,0,0,0,0,0,0,2,31,HOMBRE,ILESO,CONDUCTOR PRESENTE,NO,NO,3
3669,11350,11351,2017,0,0,-0.179864,-78.494368,PICHINCHA,QUITO,QUITO,URBANA,2017-05-24,13:00:00,13,MIERCOLES,3,MAYO,5,NO,NO CEDER EL DERECHO DE VIA O PREFERENCIA DE PASO A VEHICULOS.,CHOQUE LATERAL,CAMIONETA,0,0,0,0,1,0,0,0,0,1,0,0,0,2,50,HOMBRE,ILESO,CONDUCTOR PRESENTE,NO,NO,0
3670,11354,11355,2017,0,0,-0.195766,-78.505827,PICHINCHA,QUITO,QUITO,URBANA,2017-05-24,13:30:00,13,MIERCOLES,3,MAYO,5,NO,NO MANTENER LA DISTANCIA PRUDENCIAL CON RESPECTO AL VEHICULO QUE LE ANTECEDE.,CHOQUE POSTERIOR,AUTOMOVIL,1,0,0,0,1,0,0,0,0,0,0,0,0,2,63,HOMBRE,ILESO,CONDUCTOR PRESENTE,NO,NO,0
3671,11356,11357,2017,0,0,-0.124697,-78.491797,PICHINCHA,QUITO,QUITO,URBANA,2017-05-24,13:50:00,13,MIERCOLES,3,MAYO,5,NO,"CONDUCE BAJO LA INFLUENCIA DE ALCOHOL, SUSTANCIAS ESTUPEFACIENTES O PSICOTROPICAS Y/O MEDICAMENTOS.",ESTRELLAMIENTOS,AUTOMOVIL,1,0,0,0,0,0,0,0,0,0,0,0,1,2,34,MUJER,ILESO,CONDUCTOR PRESENTE,NO,NO,0
3672,11358,11359,2017,0,0,-0.266113,-78.553678,PICHINCHA,QUITO,QUITO,URBANA,2017-05-24,15:00:00,15,MIERCOLES,3,MAYO,5,NO,CONDUCIR VEHICULO SUPERANDO LOS LIMITES MAXIMOS DE VELOCIDAD.,PERDIDA DE PISTA,MOTOCICLETA,0,0,0,0,0,0,0,0,1,0,0,0,0,1,33,HOMBRE,ILESO,CONDUCTOR PRESENTE,NO,NO,0
3673,11359,11360,2017,0,0,-0.269618,-78.536666,PICHINCHA,QUITO,QUITO,URBANA,2017-05-24,15:00:00,15,MIERCOLES,3,MAYO,5,NO,REALIZAR CAMBIO BRUSCO O INDEBIDO DE CARRIL.,ESTRELLAMIENTOS,AUTOMOVIL,1,0,0,0,0,0,0,0,0,1,0,0,0,2,-1,NO IDENTIFICADO,NO IDENTIFICADO,CONDUCTOR AUSENTE,NO,NO,2
3674,11360,11361,2017,1,0,-0.276498,-78.552331,PICHINCHA,QUITO,QUITO,URBANA,2017-05-24,15:00:00,15,MIERCOLES,3,MAYO,5,NO,BAJARSE O SUBIRSE DE VEHICULOS EN MOVIMIENTO SIN TOMAR LAS PRECAUCIONES DEBIDAS.,CAIDA DE PASAJERO,BUS,0,0,1,0,0,0,0,0,0,0,0,0,0,1,10,HOMBRE,LESIONADO,PEATON,NO,NO,0
3675,11363,11364,2017,1,0,-0.197981,-78.495835,PICHINCHA,QUITO,QUITO,URBANA,2017-05-24,18:28:00,18,MIERCOLES,3,MAYO,5,NO,PEATON QUE CRUZA LA CALZADA SIN RESPETAR LA SENIALIZACION EXISTENTE (SEMAFOROS O SENIALES MANUALES).,ATROPELLOS,MOTOCICLETA,0,0,0,0,0,0,0,0,1,0,0,0,0,1,32,HOMBRE,LESIONADO,PEATON,NO,NO,0
3676,11378,11379,2017,1,0,-0.266638,-78.538123,PICHINCHA,QUITO,QUITO,URBANA,2017-05-25,00:00:00,0,JUEVES,4,MAYO,5,SI,CONDUCIR VEHICULO SUPERANDO LOS LIMITES MAXIMOS DE VELOCIDAD.,PERDIDA DE PISTA,MOTOCICLETA,0,0,0,0,0,0,0,0,1,0,0,0,0,1,19,HOMBRE,LESIONADO,PASAJERO,NO,NO,0
3677,11379,11380,2017,0,0,-0.450865,-78.559811,PICHINCHA,MEJIA,ALOAG,RURAL,2017-05-25,00:15:00,0,JUEVES,4,MAYO,5,SI,"CONDUCE BAJO LA INFLUENCIA DE ALCOHOL, SUSTANCIAS ESTUPEFACIENTES O PSICOTROPICAS Y/O MEDICAMENTOS.",CHOQUE POSTERIOR,BUS,0,0,1,0,1,0,0,0,0,0,0,0,0,2,40,HOMBRE,ILESO,CONDUCTOR PRESENTE,NO,NO,3
3678,11380,11381,2017,0,0,-0.129704,-78.309058,PICHINCHA,QUITO,CHECA (CHILPA),RURAL,2017-05-25,01:10:00,1,JUEVES,4,MAYO,5,SI,NO MANTENER LA DISTANCIA PRUDENCIAL CON RESPECTO AL VEHICULO QUE LE ANTECEDE.,CHOQUE POSTERIOR,VEHICULO DEPORTIVO UTILITARIO,0,0,0,1,0,0,0,0,0,0,0,0,1,2,-1,NO IDENTIFICADO,NO IDENTIFICADO,CONDUCTOR AUSENTE,NO,NO,2
3679,11381,11382,2017,0,0,-0.199767,-78.428809,PICHINCHA,QUITO,CUMBAYA,RURAL,2017-05-25,02:25:00,2,JUEVES,4,MAYO,5,SI,"CONDUCIR EN ESTADO DE SOMNOLENCIA O MALAS CONDICIONES FISICAS (SUENIO, CANSANCIO Y FATIGA).",VOLCAMIENTOS,VEHICULO DEPORTIVO UTILITARIO,0,0,0,0,0,0,0,0,0,0,0,0,1,1,-1,NO IDENTIFICADO,NO IDENTIFICADO,CONDUCTOR AUSENTE,NO,NO,2
3680,11385,11386,2017,1,0,-0.155589,-78.498175,PICHINCHA,QUITO,QUITO,URBANA,2017-05-25,06:45:00,6,JUEVES,4,MAYO,5,SI,REALIZAR CAMBIO BRUSCO O INDEBIDO DE CARRIL.,ESTRELLAMIENTOS,MOTOCICLETA,0,0,0,0,1,0,0,0,1,0,0,0,0,2,22,HOMBRE,LESIONADO,CONDUCTOR PRESENTE,NO,NO,0
3681,11386,11387,2017,3,0,-0.268545,-78.527651,PICHINCHA,QUITO,QUITO,URBANA,2017-05-25,06:57:00,6,JUEVES,4,MAYO,5,SI,CONDUCIR VEHICULO SUPERANDO LOS LIMITES MAXIMOS DE VELOCIDAD.,PERDIDA DE PISTA,MOTOCICLETA,0,0,0,0,0,0,0,0,1,0,0,0,0,1,26,MUJER,LESIONADO,CONDUCTOR PRESENTE,NO,NO,0
3682,11389,11390,2017,0,0,0.046183,-78.219841,PICHINCHA,PEDRO MONCAYO,TABACUNDO,RURAL,2017-05-25,08:10:00,8,JUEVES,4,MAYO,5,SI,"NO RESPETAR LAS SENIALES REGLAMENTARIAS DE TRANSITO. (PARE, CEDA EL PASO, LUZ ROJA DEL SEMAFORO, ETC).",CHOQUE POSTERIOR,AUTOMOVIL,1,0,0,0,1,0,0,0,0,0,0,0,0,2,-1,HOMBRE,ILESO,CONDUCTOR PRESENTE,NO,NO,3