,Unnamed: 0,ID,ANIO,LESIONADOS,FALLECIDOS,LATITUD_Y,LONGITUD_X,PROVINCIA,CANTON,PARROQUIA,ZONA,FECHA,HORA,PERIODO_2,DIA_1,DIA_2,MES_1,MES_2,FERIADO,CAUSA_PROBABLE,TIPO_DE_SINIESTRO,TIPO_DE_VEHICULO_1,AUTOMOVIL,BICICLETA,BUS,CAMION,CAMIONETA,EMERGENCIAS,ESPECIAL,FURGONETA,MOTOCICLETA,NO_IDENTIFICADO,SCOOTER_ELECTRICO,TRICIMOTO,VEHICULO_DEPORTIVO_UTILITARIO,SUMA_DE_VEHICULOS,EDAD_1,SEXO_1,CONDICION_1,PARTICIPANTE_1,CASCO_1,CINTURON_1,KMeans_Cluster
3683,11390,11391,2017,1,0,-0.209254,-78.424683,PICHINCHA,QUITO,CUMBAYA,RURAL,2017-05-25,08:30:00,8,JUEVES,4,MAYO,5,SI,"PRESENCIA DE AGENTES EXTERNOS EN LA VIA (AGUA, ACEITE, PIEDRA, LASTRE, ESCOMBROS, MADEROS, ETC.).",PERDIDA DE PISTA,MOTOCICLETA,0,0,0,0,0,0,0,0,1,0,0,0,0,1,29,HOMBRE,LESIONADO,CONDUCTOR PRESENTE,NO,NO,3
3684,11393,11394,2017,1,0,-0.239082,-78.523432,PICHINCHA,QUITO,QUITO,URBANA,2017-05-25,09:45:00,9,JUEVES,4,MAYO,5,SI,"NO RESPETAR LAS SENIALES REGLAMENTARIAS DE TRANSITO. (PARE, CEDA EL PASO, LUZ ROJA DEL SEMAFORO, ETC).",ATROPELLOS,BUS,0,0,1,0,0,0,0,0,0,0,0,0,0,1,84,HOMBRE,LESIONADO,PEATON,NO,NO,0
3685,11394,11395,2017,1,0,-0.234057,-78.514289,PICHINCHA,QUITO,QUITO,URBANA,2017-05-25,10:15:00,10,JUEVES,4,MAYO,5,SI,"ADELANTAR O REBASAR A OTRO VEHICULO EN MOVIMIENTO EN ZONAS O SITIOS PELIGROSOS TALES COMO: CURVAS, PUENTES, TUNELES, PENDIENTES, ETC.",ESTRELLAMIENTOS,AUTOMOVIL,2,0,0,0,0,0,0,0,0,0,0,0,0,2,1,MUJER,LESIONADO,PASAJERO,NO,NO,0
3686,11397,11398,2017,2,0,-0.192308,-78.511898,PICHINCHA,QUITO,QUITO,URBANA,2017-05-25,11:00:00,11,JUEVES,4,MAYO,5,SI,"CONDUCIR DESATENTO A LAS CONDICIONES DE TRANSITO (CELULAR, PANTALLAS DE VIDEO, COMIDA, MAQUILLAJE O CUALQUIER OTRO ELEMENTO DISTRACTOR).",CHOQUE FRONTAL,MOTOCICLETA,1,0,0,0,0,0,0,0,1,0,0,0,0,2,34,HOMBRE,LESIONADO,CONDUCTOR PRESENTE,NO,NO,0
3687,11398,11399,2017,0,0,-0.163387,-78.475307,PICHINCHA,QUITO,QUITO,URBANA,2017-05-25,11:30:00,11,JUEVES,4,MAYO,5,SI,BAJARSE O SUBIRSE DE VEHICULOS EN MOVIMIENTO SIN TOMAR LAS PRECAUCIONES DEBIDAS.,CAIDA DE PASAJERO,NO IDENTIFICADO,0,0,0,0,0,0,0,0,0,1,0,0,0,1,18,MUJER,ILESO,PASAJERO,NO,NO,0
3688,11401,11402,2017,0,0,-0.183461,-78.482152,PICHINCHA,QUITO,QUITO,URBANA,2017-05-25,12:45:00,12,JUEVES,4,MAYO,5,SI,NO CEDER EL DERECHO DE VIA O PREFERENCIA DE PASO A VEHICULOS.,CHOQUE LATERAL,AUTOMOVIL,1,0,0,1,0,0,0,0,0,0,0,0,0,2,34,MUJER,ILESO,CONDUCTOR PRESENTE,NO,NO,0
3689,11402,11403,2017,1,0,-0.091219,-78.474682,PICHINCHA,QUITO,QUITO,URBANA,2017-05-25,13:30:00,13,JUEVES,4,MAYO,5,SI,PEATON QUE CRUZA LA CALZADA SIN RESPETAR LA SENIALIZACION EXISTENTE (SEMAFOROS O SENIALES MANUALES).,ATROPELLOS,AUTOMOVIL,1,0,0,0,0,0,0,0,0,0,0,0,0,1,34,MUJER,LESIONADO,PEATON,NO,NO,0
3690,11405,11406,2017,0,0,-0.165242,-78.468279,PICHINCHA,QUITO,QUITO,URBANA,2017-05-25,15:09:00,15,JUEVES,4,MAYO,5,SI,NO MANTENER LA DISTANCIA PRUDENCIAL CON RESPECTO AL VEHICULO QUE LE ANTECEDE.,CHOQUE POSTERIOR,AUTOMOVIL,1,0,0,0,0,0,0,0,0,1,0,0,0,2,18,HOMBRE,ILESO,CONDUCTOR PRESENTE,NO,NO,0
3691,11407,11408,2017,0,0,-0.209768,-78.493099,PICHINCHA,QUITO,QUITO,URBANA,2017-05-25,16:30:00,16,JUEVES,4,MAYO,5,SI,NO GUARDAR LA DISTANCIA LATERAL MINIMA DE SEGURIDAD ENTRE VEHICULOS.,ROZAMIENTOS,AUTOMOVIL,2,0,0,0,0,0,0,0,0,0,0,0,0,2,30,MUJER,ILESO,CONDUCTOR PRESENTE,NO,NO,0
3692,11410,11411,2017,0,0,-0.238862,-78.523679,PICHINCHA,QUITO,QUITO,URBANA,2017-05-25,18:00:00,18,JUEVES,4,MAYO,5,SI,NO GUARDAR LA DISTANCIA LATERAL MINIMA DE SEGURIDAD ENTRE VEHICULOS.,ROZAMIENTOS,AUTOMOVIL,1,0,1,0,0,0,0,0,0,0,0,0,0,2,65,HOMBRE,ILESO,CONDUCTOR PRESENTE,NO,NO,0
3693,11414,11415,2017,1,0,-0.283233,-78.536508,PICHINCHA,QUITO,QUITO,URBANA,2017-05-25,18:50:00,18,JUEVES,4,MAYO,5,SI,"NO RESPETAR LAS SENIALES REGLAMENTARIAS DE TRANSITO. (PARE, CEDA EL PASO, LUZ ROJA DEL SEMAFORO, ETC).",ATROPELLOS,AUTOMOVIL,1,0,0,0,0,0,0,0,0,0,0,0,0,1,45,HOMBRE,LESIONADO,PEATON,NO,NO,0
3694,11422,11423,2017,3,0,-0.164005,-78.464419,PICHINCHA,QUITO,QUITO,URBANA,2017-05-25,22:25:00,22,JUEVES,4,MAYO,5,SI,NO CEDER EL DERECHO DE VIA O PREFERENCIA DE PASO A VEHICULOS.,CHOQUE LATERAL,CAMION,1,0,0,1,0,0,0,0,0,0,0,0,0,2,23,HOMBRE,LESIONADO,PASAJERO,NO,NO,0
3695,11439,11440,2017,5,0,-0.202063,-78.486434,PICHINCHA,QUITO,QUITO,URBANA,2017-05-26,00:15:00,0,VIERNES,5,MAYO,5,SI,"CONDUCE BAJO LA INFLUENCIA DE ALCOHOL, SUSTANCIAS ESTUPEFACIENTES O PSICOTROPICAS Y/O MEDICAMENTOS.",ESTRELLAMIENTOS,AUTOMOVIL,2,0,0,0,0,0,0,0,0,0,0,0,0,2,20,HOMBRE,LESIONADO,PASAJERO,NO,NO,0
3696,11440,11441,2017,1,0,-0.218241,-78.402686,PICHINCHA,QUITO,TUMBACO,RURAL,2017-05-26,00:20:00,0,VIERNES,5,MAYO,5,SI,CONDUCIR VEHICULO SUPERANDO LOS LIMITES MAXIMOS DE VELOCIDAD.,ESTRELLAMIENTOS,VEHICULO DEPORTIVO UTILITARIO,0,0,0,0,0,0,0,0,0,0,0,0,1,1,32,HOMBRE,LESIONADO,CONDUCTOR PRESENTE,NO,NO,3
3697,11443,11444,2017,0,0,-0.190709,-78.480868,PICHINCHA,QUITO,QUITO,URBANA,2017-05-26,01:15:00,1,VIERNES,5,MAYO,5,SI,"CONDUCIR EN ESTADO DE SOMNOLENCIA O MALAS CONDICIONES FISICAS (SUENIO, CANSANCIO Y FATIGA).",ESTRELLAMIENTOS,VEHICULO DEPORTIVO UTILITARIO,0,0,0,0,0,0,0,0,0,0,0,0,1,1,21,MUJER,ILESO,CONDUCTOR PRESENTE,NO,NO,0
3698,11445,11446,2017,0,0,-0.235055,-78.510522,PICHINCHA,QUITO,QUITO,URBANA,2017-05-26,02:40:00,2,VIERNES,5,MAYO,5,SI,"CONDUCE BAJO LA INFLUENCIA DE ALCOHOL, SUSTANCIAS ESTUPEFACIENTES O PSICOTROPICAS Y/O MEDICAMENTOS.",ESTRELLAMIENTOS,VEHICULO DEPORTIVO UTILITARIO,0,0,0,0,0,0,0,0,0,0,0,0,1,1,-1,NO IDENTIFICADO,NO IDENTIFICADO,CONDUCTOR AUSENTE,NO,NO,2
3699,11447,11448,2017,0,0,-0.100622,-78.472207,PICHINCHA,QUITO,QUITO,URBANA,2017-05-26,03:58:00,3,VIERNES,5,MAYO,5,SI,"CONDUCIR EN ESTADO DE SOMNOLENCIA O MALAS CONDICIONES FISICAS (SUENIO, CANSANCIO Y FATIGA).",ESTRELLAMIENTOS,AUTOMOVIL,1,0,0,0,0,0,0,0,0,0,0,0,0,1,-1,NO IDENTIFICADO,NO IDENTIFICADO,CONDUCTOR AUSENTE,NO,NO,2
3700,11450,11451,2017,0,0,-0.120424,-78.415686,PICHINCHA,QUITO,CALDERON (CARAPUNGO),RURAL,2017-05-26,05:15:00,5,VIERNES,5,MAYO,5,SI,"CONDUCE BAJO LA INFLUENCIA DE ALCOHOL, SUSTANCIAS ESTUPEFACIENTES O PSICOTROPICAS Y/O MEDICAMENTOS.",ESTRELLAMIENTOS,AUTOMOVIL,3,0,0,0,1,0,0,0,0,0,0,0,0,4,29,HOMBRE,ILESO,CONDUCTOR PRESENTE,NO,NO,3
3701,11453,11454,2017,0,0,-0.188478,-78.447371,PICHINCHA,QUITO,NAYON,RURAL,2017-05-26,06:20:00,6,VIERNES,5,MAYO,5,SI,CONDUCIR VEHICULO SUPERANDO LOS LIMITES MAXIMOS DE VELOCIDAD.,PERDIDA DE PISTA,AUTOMOVIL,1,0,0,0,0,0,0,0,0,0,0,0,0,1,33,MUJER,ILESO,CONDUCTOR PRESENTE,NO,NO,3
3702,11455,11456,2017,0,0,-0.134522,-78.474166,PICHINCHA,QUITO,QUITO,URBANA,2017-05-26,06:40:00,6,VIERNES,5,MAYO,5,SI,"CONDUCE BAJO LA INFLUENCIA DE ALCOHOL, SUSTANCIAS ESTUPEFACIENTES O PSICOTROPICAS Y/O MEDICAMENTOS.",ESTRELLAMIENTOS,AUTOMOVIL,1,0,0,0,0,0,0,0,0,0,0,0,0,1,-1,NO IDENTIFICADO,NO IDENTIFICADO,CONDUCTOR AUSENTE,NO,NO,2
3703,11456,11457,2017,0,0,-0.296974,-78.552919,PICHINCHA,QUITO,QUITO,URBANA,2017-05-26,06:44:00,6,VIERNES,5,MAYO,5,SI,"NO RESPETAR LAS SENIALES REGLAMENTARIAS DE TRANSITO. (PARE, CEDA EL PASO, LUZ ROJA DEL SEMAFORO, ETC).",CHOQUE LATERAL,BUS,1,0,1,0,0,0,0,0,0,0,0,0,0,2,37,HOMBRE,ILESO,CONDUCTOR PRESENTE,NO,NO,0
3704,11457,11458,2017,0,0,-0.101471,-78.469149,PICHINCHA,QUITO,QUITO,URBANA,2017-05-26,06:50:00,6,VIERNES,5,MAYO,5,SI,NO MANTENER LA DISTANCIA PRUDENCIAL CON RESPECTO AL VEHICULO QUE LE ANTECEDE.,CHOQUE POSTERIOR,AUTOMOVIL,1,0,1,0,0,0,0,0,0,0,0,0,0,2,50,HOMBRE,ILESO,CONDUCTOR PRESENTE,NO,NO,0
3705,11458,11459,2017,0,0,-0.190589,-78.480948,PICHINCHA,QUITO,QUITO,URBANA,2017-05-26,07:30:00,7,VIERNES,5,MAYO,5,SI,REALIZAR CAMBIO BRUSCO O INDEBIDO DE CARRIL.,PERDIDA DE PISTA,MOTOCICLETA,0,0,0,0,0,0,0,0,1,0,0,0,0,1,35,HOMBRE,ILESO,CONDUCTOR PRESENTE,NO,NO,0
3706,11462,11463,2017,0,0,-0.160312,-78.466911,PICHINCHA,QUITO,QUITO,URBANA,2017-05-26,08:30:00,8,VIERNES,5,MAYO,5,SI,NO MANTENER LA DISTANCIA PRUDENCIAL CON RESPECTO AL VEHICULO QUE LE ANTECEDE.,CHOQUE POSTERIOR,AUTOMOVIL,1,0,0,0,0,0,0,0,0,0,0,0,1,2,69,HOMBRE,ILESO,CONDUCTOR PRESENTE,NO,NO,0
3707,11464,11465,2017,0,0,-0.100716,-78.469321,PICHINCHA,QUITO,QUITO,URBANA,2017-05-26,09:10:00,9,VIERNES,5,MAYO,5,SI,"NO RESPETAR LAS SENIALES REGLAMENTARIAS DE TRANSITO. (PARE, CEDA EL PASO, LUZ ROJA DEL SEMAFORO, ETC).",CHOQUE LATERAL,AUTOMOVIL,1,0,0,0,0,0,0,0,0,1,0,0,0,2,27,HOMBRE,ILESO,CONDUCTOR PRESENTE,NO,NO,0
3708,11466,11467,2017,1,0,-0.217945,-78.520893,PICHINCHA,QUITO,QUITO,URBANA,2017-05-26,11:05:00,11,VIERNES,5,MAYO,5,SI,"NO RESPETAR LAS SENIALES REGLAMENTARIAS DE TRANSITO. (PARE, CEDA EL PASO, LUZ ROJA DEL SEMAFORO, ETC).",ATROPELLOS,CAMIONETA,0,0,0,0,1,0,0,0,0,0,0,0,0,1,84,HOMBRE,LESIONADO,PEATON,NO,NO,0
3709,11467,11468,2017,0,0,-0.192338,-78.481304,PICHINCHA,QUITO,QUITO,URBANA,2017-05-26,11:10:00,11,VIERNES,5,MAYO,5,SI,NO CEDER EL DERECHO DE VIA O PREFERENCIA DE PASO A VEHICULOS.,CHOQUE LATERAL,AUTOMOVIL,1,0,0,0,0,0,0,0,0,0,0,0,1,2,74,HOMBRE,ILESO,CONDUCTOR PRESENTE,NO,NO,0
3710,11470,11471,2017,1,0,-0.228504,-78.514452,PICHINCHA,QUITO,QUITO,URBANA,2017-05-26,12:25:00,12,VIERNES,5,MAYO,5,SI,NO GUARDAR LA DISTANCIA LATERAL MINIMA DE SEGURIDAD ENTRE VEHICULOS.,ROZAMIENTOS,MOTOCICLETA,0,0,0,0,0,0,0,1,1,0,0,0,0,2,36,HOMBRE,LESIONADO,CONDUCTOR PRESENTE,NO,NO,0
3711,11472,11473,2017,0,0,-0.171508,-78.485574,PICHINCHA,QUITO,QUITO,URBANA,2017-05-26,13:10:00,13,VIERNES,5,MAYO,5,SI,NO CEDER EL DERECHO DE VIA O PREFERENCIA DE PASO A VEHICULOS.,CHOQUE LATERAL,FURGONETA,1,0,0,0,0,0,0,1,0,0,0,0,0,2,38,HOMBRE,ILESO,CONDUCTOR PRESENTE,NO,NO,0
3712,11478,11479,2017,0,0,-0.214703,-78.503339,PICHINCHA,QUITO,QUITO,URBANA,2017-05-26,15:35:00,15,VIERNES,5,MAYO,5,SI,"NO RESPETAR LAS SENIALES REGLAMENTARIAS DE TRANSITO. (PARE, CEDA EL PASO, LUZ ROJA DEL SEMAFORO, ETC).",CHOQUE LATERAL,CAMIONETA,0,0,1,0,1,0,0,0,0,0,0,0,0,2,32,HOMBRE,ILESO,CONDUCTOR PRESENTE,NO,NO,0
3713,11480,11481,2017,1,0,-0.272834,-78.523846,PICHINCHA,QUITO,QUITO,URBANA,2017-05-26,15:50:00,15,VIERNES,5,MAYO,5,SI,PEATON QUE CRUZA LA CALZADA SIN RESPETAR LA SENIALIZACION EXISTENTE (SEMAFOROS O SENIALES MANUALES).,ATROPELLOS,CAMIONETA,0,0,0,0,1,0,0,0,0,0,0,0,0,1,4,HOMBRE,LESIONADO,PEATON,NO,NO,0
3714,11481,11482,2017,1,0,-0.111792,-78.507035,PICHINCHA,QUITO,QUITO,URBANA,2017-05-26,16:10:00,16,VIERNES,5,MAYO,5,SI,NO CEDER EL DERECHO DE VIA O PREFERENCIA DE PASO AL PEATON.,ATROPELLOS,NO IDENTIFICADO,0,0,0,0,0,0,0,0,0,1,0,0,0,1,78,MUJER,LESIONADO,PEATON,NO,NO,0
3715,11485,11486,2017,1,0,-0.128839,-78.513591,PICHINCHA,QUITO,QUITO,URBANA,2017-05-26,17:00:00,17,VIERNES,5,MAYO,5,SI,NO CEDER EL DERECHO DE VIA O PREFERENCIA DE PASO AL PEATON.,ATROPELLOS,BUS,0,0,1,0,0,0,0,0,0,0,0,0,0,1,60,HOMBRE,LESIONADO,PEATON,NO,NO,0
3716,11486,11487,2017,0,0,-0.163571,-78.474767,PICHINCHA,QUITO,QUITO,URBANA,2017-05-26,17:25:00,17,VIERNES,5,MAYO,5,SI,NO GUARDAR LA DISTANCIA LATERAL MINIMA DE SEGURIDAD ENTRE VEHICULOS.,ROZAMIENTOS,AUTOMOVIL,1,0,1,0,0,0,0,0,0,0,0,0,0,2,29,HOMBRE,ILESO,CONDUCTOR PRESENTE,NO,NO,0
3717,11490,11491,2017,0,0,-0.282279,-78.543503,PICHINCHA,QUITO,QUITO,URBANA,2017-05-26,18:10:00,18,VIERNES,5,MAYO,5,SI,NO GUARDAR LA DISTANCIA LATERAL MINIMA DE SEGURIDAD ENTRE VEHICULOS.,ROZAMIENTOS,AUTOMOVIL,1,0,0,0,0,0,0,0,0,1,0,0,0,2,24,MUJER,ILESO,CONDUCTOR PRESENTE,NO,NO,0
3718,11491,11492,2017,0,0,-0.171508,-78.485574,PICHINCHA,QUITO,QUITO,URBANA,2017-05-26,18:15:00,18,VIERNES,5,MAYO,5,SI,"NO RESPETAR LAS SENIALES REGLAMENTARIAS DE TRANSITO. (PARE, CEDA EL PASO, LUZ ROJA DEL SEMAFORO, ETC).",CHOQUE LATERAL,AUTOMOVIL,2,0,0,0,0,0,0,0,0,0,0,0,0,2,28,HOMBRE,ILESO,CONDUCTOR PRESENTE,NO,NO,0
3719,11492,11493,2017,0,0,-0.115644,-78.436281,PICHINCHA,QUITO,CALDERON (CARAPUNGO),RURAL,2017-05-26,18:35:00,18,VIERNES,5,MAYO,5,SI,"CONDUCE BAJO LA INFLUENCIA DE ALCOHOL, SUSTANCIAS ESTUPEFACIENTES O PSICOTROPICAS Y/O MEDICAMENTOS.",COLISION,AUTOMOVIL,2,0,0,0,1,0,0,0,0,0,0,0,0,3,25,HOMBRE,ILESO,CONDUCTOR PRESENTE,NO,NO,3
3720,11495,11496,2017,2,0,-0.281511,-78.543038,PICHINCHA,QUITO,QUITO,URBANA,2017-05-26,19:20:00,19,VIERNES,5,MAYO,5,SI,CONDUCIR VEHICULO SUPERANDO LOS LIMITES MAXIMOS DE VELOCIDAD.,PERDIDA DE PISTA,MOTOCICLETA,0,0,0,0,0,0,0,0,1,0,0,0,0,1,57,MUJER,LESIONADO,PASAJERO,NO,NO,0
3721,11505,11506,2017,0,0,-0.302971,-78.551259,PICHINCHA,QUITO,QUITO,URBANA,2017-05-26,21:50:00,21,VIERNES,5,MAYO,5,SI,NO CEDER EL DERECHO DE VIA O PREFERENCIA DE PASO A VEHICULOS.,CHOQUE LATERAL,MOTOCICLETA,0,0,0,0,0,0,0,0,1,1,0,0,0,2,42,HOMBRE,ILESO,CONDUCTOR PRESENTE,NO,NO,0
3722,11507,11508,2017,1,0,-0.143641,-78.500108,PICHINCHA,QUITO,QUITO,URBANA,2017-05-26,22:30:00,22,VIERNES,5,MAYO,5,SI,REALIZAR CAMBIO BRUSCO O INDEBIDO DE CARRIL.,PERDIDA DE PISTA,MOTOCICLETA,0,0,0,0,0,0,0,0,1,0,0,0,0,1,39,HOMBRE,LESIONADO,CONDUCTOR PRESENTE,NO,NO,0
3723,11542,11543,2017,0,0,-0.201789,-78.437785,PICHINCHA,QUITO,CUMBAYA,RURAL,2017-05-27,03:00:00,3,SABADO,6,MAYO,5,SI,"CONDUCIR EN ESTADO DE SOMNOLENCIA O MALAS CONDICIONES FISICAS (SUENIO, CANSANCIO Y FATIGA).",PERDIDA DE PISTA,CAMIONETA,0,0,0,0,1,0,0,0,0,0,0,0,0,1,22,HOMBRE,ILESO,CONDUCTOR PRESENTE,NO,NO,3
3724,11543,11544,2017,1,0,-0.142178,-78.500536,PICHINCHA,QUITO,QUITO,URBANA,2017-05-27,03:15:00,3,SABADO,6,MAYO,5,SI,"CONDUCIR EN ESTADO DE SOMNOLENCIA O MALAS CONDICIONES FISICAS (SUENIO, CANSANCIO Y FATIGA).",CHOQUE POSTERIOR,MOTOCICLETA,0,0,0,0,0,0,0,0,1,1,0,0,0,2,27,MUJER,LESIONADO,CONDUCTOR PRESENTE,NO,NO,0
3725,11545,11546,2017,0,0,-0.055537,-78.455026,PICHINCHA,QUITO,POMASQUI,URBANA,2017-05-27,05:00:00,5,SABADO,6,MAYO,5,SI,NO MANTENER LA DISTANCIA PRUDENCIAL CON RESPECTO AL VEHICULO QUE LE ANTECEDE.,ESTRELLAMIENTOS,CAMION,0,0,0,1,0,0,0,0,0,0,0,0,0,1,66,HOMBRE,ILESO,CONDUCTOR PRESENTE,NO,NO,0
3726,11547,11548,2017,0,0,-0.204872,-78.485408,PICHINCHA,QUITO,QUITO,URBANA,2017-05-27,05:50:00,5,SABADO,6,MAYO,5,SI,"ADELANTAR O REBASAR A OTRO VEHICULO EN MOVIMIENTO EN ZONAS O SITIOS PELIGROSOS TALES COMO: CURVAS, PUENTES, TUNELES, PENDIENTES, ETC.",PERDIDA DE PISTA,VEHICULO DEPORTIVO UTILITARIO,0,0,0,0,0,0,0,0,0,0,0,0,1,1,-1,NO IDENTIFICADO,NO IDENTIFICADO,CONDUCTOR AUSENTE,NO,NO,2
3727,11550,11551,2017,0,0,-0.189501,-78.511979,PICHINCHA,QUITO,QUITO,URBANA,2017-05-27,07:20:00,7,SABADO,6,MAYO,5,SI,NO MANTENER LA DISTANCIA PRUDENCIAL CON RESPECTO AL VEHICULO QUE LE ANTECEDE.,CHOQUE POSTERIOR,AUTOMOVIL,1,0,0,0,0,0,0,0,0,1,0,0,0,2,35,HOMBRE,ILESO,CONDUCTOR PRESENTE,NO,NO,0
3728,11552,11553,2017,0,0,-0.091585,-78.439052,PICHINCHA,QUITO,CALDERON (CARAPUNGO),RURAL,2017-05-27,08:05:00,8,SABADO,6,MAYO,5,SI,"CONDUCE BAJO LA INFLUENCIA DE ALCOHOL, SUSTANCIAS ESTUPEFACIENTES O PSICOTROPICAS Y/O MEDICAMENTOS.",CHOQUE LATERAL,MOTOCICLETA,1,0,0,0,0,0,0,0,1,0,0,0,0,2,34,HOMBRE,ILESO,CONDUCTOR PRESENTE,NO,NO,3
3729,11553,11554,2017,0,0,-0.285303,-78.533121,PICHINCHA,QUITO,QUITO,URBANA,2017-05-27,08:20:00,8,SABADO,6,MAYO,5,SI,"NO RESPETAR LAS SENIALES REGLAMENTARIAS DE TRANSITO. (PARE, CEDA EL PASO, LUZ ROJA DEL SEMAFORO, ETC).",CHOQUE LATERAL,AUTOMOVIL,1,0,0,0,0,0,0,0,0,1,0,0,0,2,42,HOMBRE,ILESO,CONDUCTOR PRESENTE,NO,NO,0
3730,11554,11555,2017,0,0,-0.206438,-78.370261,PICHINCHA,QUITO,PUEMBO,RURAL,2017-05-27,08:25:00,8,SABADO,6,MAYO,5,SI,DANIOS MECANICOS PREVISIBLES.,ESTRELLAMIENTOS,VEHICULO DEPORTIVO UTILITARIO,0,0,0,0,0,0,0,0,0,0,0,0,2,2,36,HOMBRE,ILESO,CONDUCTOR PRESENTE,NO,NO,3
3731,11561,11562,2017,1,0,-0.131228,-78.457816,PICHINCHA,QUITO,QUITO,URBANA,2017-05-27,11:37:00,11,SABADO,6,MAYO,5,SI,CONDUCIR VEHICULO SUPERANDO LOS LIMITES MAXIMOS DE VELOCIDAD.,PERDIDA DE PISTA,AUTOMOVIL,1,0,0,0,0,0,0,0,1,0,0,0,0,2,37,HOMBRE,LESIONADO,CONDUCTOR PRESENTE,NO,NO,0
3732,11565,11566,2017,1,0,-0.099083,-78.421844,PICHINCHA,QUITO,CALDERON (CARAPUNGO),RURAL,2017-05-27,13:00:00,13,SABADO,6,MAYO,5,SI,REALIZAR CAMBIO BRUSCO O INDEBIDO DE CARRIL.,PERDIDA DE PISTA,MOTOCICLETA,1,0,0,0,0,0,0,0,1,0,0,0,0,2,20,MUJER,LESIONADO,PASAJERO,NO,NO,3
3733,11567,11568,2017,0,0,-0.289448,-78.561819,PICHINCHA,QUITO,QUITO,URBANA,2017-05-27,13:30:00,13,SABADO,6,MAYO,5,SI,NO MANTENER LA DISTANCIA PRUDENCIAL CON RESPECTO AL VEHICULO QUE LE ANTECEDE.,CHOQUE POSTERIOR,BICICLETA,0,1,0,0,0,0,0,0,0,1,0,0,0,2,14,HOMBRE,ILESO,CONDUCTOR PRESENTE,NO,NO,0
3734,11573,11574,2017,1,0,-0.209473,-78.424956,PICHINCHA,QUITO,CUMBAYA,RURAL,2017-05-27,15:45:00,15,SABADO,6,MAYO,5,SI,NO CEDER EL DERECHO DE VIA O PREFERENCIA DE PASO A VEHICULOS.,CHOQUE LATERAL,AUTOMOVIL,1,0,0,0,0,0,0,0,0,1,0,0,0,2,37,MUJER,LESIONADO,PASAJERO,NO,NO,3
3735,11574,11575,2017,0,0,-0.126245,-78.480937,PICHINCHA,QUITO,QUITO,URBANA,2017-05-27,16:00:00,16,SABADO,6,MAYO,5,SI,REALIZAR CAMBIO BRUSCO O INDEBIDO DE CARRIL.,ESTRELLAMIENTOS,AUTOMOVIL,2,0,0,0,0,0,0,0,1,0,0,0,0,3,58,HOMBRE,ILESO,CONDUCTOR PRESENTE,NO,NO,0
3736,11575,11576,2017,0,0,-0.208801,-78.495593,PICHINCHA,QUITO,QUITO,URBANA,2017-05-27,16:00:00,16,SABADO,6,MAYO,5,SI,NO MANTENER LA DISTANCIA PRUDENCIAL CON RESPECTO AL VEHICULO QUE LE ANTECEDE.,CHOQUE POSTERIOR,AUTOMOVIL,2,0,0,0,0,0,0,0,0,0,0,0,0,2,30,MUJER,ILESO,CONDUCTOR PRESENTE,NO,NO,0
3737,11577,11578,2017,0,0,-0.232624,-78.503782,PICHINCHA,QUITO,QUITO,URBANA,2017-05-27,17:10:00,17,SABADO,6,MAYO,5,SI,NO MANTENER LA DISTANCIA PRUDENCIAL CON RESPECTO AL VEHICULO QUE LE ANTECEDE.,CHOQUE POSTERIOR,VEHICULO DEPORTIVO UTILITARIO,0,0,1,0,0,0,0,0,0,0,0,0,1,2,39,HOMBRE,ILESO,CONDUCTOR PRESENTE,NO,NO,0
3738,11581,11582,2017,0,0,-0.303766,-78.542681,PICHINCHA,QUITO,QUITO,URBANA,2017-05-27,18:35:00,18,SABADO,6,MAYO,5,SI,"CONDUCIR DESATENTO A LAS CONDICIONES DE TRANSITO (CELULAR, PANTALLAS DE VIDEO, COMIDA, MAQUILLAJE O CUALQUIER OTRO ELEMENTO DISTRACTOR).",ESTRELLAMIENTOS,AUTOMOVIL,1,0,0,0,0,0,0,0,0,1,0,0,0,2,-1,NO IDENTIFICADO,ILESO,CONDUCTOR PRESENTE,NO,NO,2
3739,11585,11586,2017,1,0,-0.118095,-78.455421,PICHINCHA,QUITO,QUITO,RURAL,2017-05-27,19:50:00,19,SABADO,6,MAYO,5,SI,BAJARSE O SUBIRSE DE VEHICULOS EN MOVIMIENTO SIN TOMAR LAS PRECAUCIONES DEBIDAS.,CAIDA DE PASAJERO,NO IDENTIFICADO,0,0,0,0,0,0,0,0,0,1,0,0,0,1,35,HOMBRE,LESIONADO,PASAJERO,NO,NO,3
3740,11594,11595,2017,1,0,-0.338377,-78.549676,PICHINCHA,QUITO,QUITO,URBANA,2017-05-27,22:50:00,22,SABADO,6,MAYO,5,SI,NO CEDER EL DERECHO DE VIA O PREFERENCIA DE PASO AL PEATON.,ATROPELLOS,NO IDENTIFICADO,0,0,0,0,0,0,0,0,0,1,0,0,0,1,53,HOMBRE,LESIONADO,PEATON,NO,NO,0
3741,11599,11600,2017,1,0,-0.125876,-78.444289,PICHINCHA,QUITO,LLANO CHICO,RURAL,2017-05-27,23:30:00,23,SABADO,6,MAYO,5,SI,NO TRANSITAR POR LAS ACERAS O ZONAS DE SEGURIDAD DESTINADAS PARA EL EFECTO.,ATROPELLOS,NO IDENTIFICADO,0,0,0,0,0,0,0,0,0,1,0,0,0,1,22,HOMBRE,LESIONADO,PEATON,NO,NO,3