,Unnamed: 0,ID,ANIO,LESIONADOS,FALLECIDOS,LATITUD_Y,LONGITUD_X,PROVINCIA,CANTON,PARROQUIA,ZONA,FECHA,HORA,PERIODO_2,DIA_1,DIA_2,MES_1,MES_2,FERIADO,CAUSA_PROBABLE,TIPO_DE_SINIESTRO,TIPO_DE_VEHICULO_1,AUTOMOVIL,BICICLETA,BUS,CAMION,CAMIONETA,EMERGENCIAS,ESPECIAL,FURGONETA,MOTOCICLETA,NO_IDENTIFICADO,SCOOTER_ELECTRICO,TRICIMOTO,VEHICULO_DEPORTIVO_UTILITARIO,SUMA_DE_VEHICULOS,EDAD_1,SEXO_1,CONDICION_1,PARTICIPANTE_1,CASCO_1,CINTURON_1,KMeans_Cluster
3742,11626,11627,2017,1,0,-0.152022,-78.464577,PICHINCHA,QUITO,QUITO,URBANA,2017-05-28,01:45:00,1,DOMINGO,7,MAYO,5,SI,NO CEDER EL DERECHO DE VIA O PREFERENCIA DE PASO A VEHICULOS.,ROZAMIENTOS,AUTOMOVIL,1,0,0,0,0,0,0,0,0,1,0,0,0,2,35,MUJER,LESIONADO,PASAJERO,NO,NO,0
3743,11628,11629,2017,1,0,-0.277624,-78.531251,PICHINCHA,QUITO,QUITO,URBANA,2017-05-28,01:50:00,1,DOMINGO,7,MAYO,5,SI,"CONDUCIR EN ESTADO DE SOMNOLENCIA O MALAS CONDICIONES FISICAS (SUENIO, CANSANCIO Y FATIGA).",PERDIDA DE PISTA,MOTOCICLETA,0,0,0,0,0,0,0,0,1,0,0,0,0,1,47,HOMBRE,LESIONADO,PASAJERO,NO,NO,0
3744,11629,11630,2017,0,0,-0.119451,-78.506659,PICHINCHA,QUITO,QUITO,URBANA,2017-05-28,02:00:00,2,DOMINGO,7,MAYO,5,SI,"CONDUCIR EN ESTADO DE SOMNOLENCIA O MALAS CONDICIONES FISICAS (SUENIO, CANSANCIO Y FATIGA).",ESTRELLAMIENTOS,AUTOMOVIL,1,0,0,0,0,0,0,0,0,0,0,0,0,1,-1,NO IDENTIFICADO,NO IDENTIFICADO,CONDUCTOR AUSENTE,NO,NO,2
3745,11632,11633,2017,0,0,-0.196058,-78.482951,PICHINCHA,QUITO,QUITO,URBANA,2017-05-28,02:50:00,2,DOMINGO,7,MAYO,5,SI,"CONDUCIR EN ESTADO DE SOMNOLENCIA O MALAS CONDICIONES FISICAS (SUENIO, CANSANCIO Y FATIGA).",ESTRELLAMIENTOS,VEHICULO DEPORTIVO UTILITARIO,0,0,0,0,0,0,0,0,0,0,0,0,1,1,-1,NO IDENTIFICADO,NO IDENTIFICADO,CONDUCTOR AUSENTE,NO,NO,2
3746,11633,11634,2017,0,2,-0.142041,-78.443217,PICHINCHA,QUITO,LLANO CHICO,URBANA,2017-05-28,02:50:00,2,DOMINGO,7,MAYO,5,SI,CONDUCIR VEHICULO SUPERANDO LOS LIMITES MAXIMOS DE VELOCIDAD.,PERDIDA DE PISTA,MOTOCICLETA,0,0,0,0,0,0,0,0,1,0,0,0,0,1,27,HOMBRE,FALLECIDO,CONDUCTOR PRESENTE,NO,NO,0
3747,11634,11635,2017,0,0,-0.247893,-78.507836,PICHINCHA,QUITO,QUITO,URBANA,2017-05-28,03:50:00,3,DOMINGO,7,MAYO,5,SI,"NO RESPETAR LAS SENIALES REGLAMENTARIAS DE TRANSITO. (PARE, CEDA EL PASO, LUZ ROJA DEL SEMAFORO, ETC).",CHOQUE LATERAL,AUTOMOVIL,2,0,0,0,0,0,0,0,0,0,0,0,0,2,45,HOMBRE,ILESO,CONDUCTOR PRESENTE,NO,NO,0
3748,11639,11640,2017,5,0,-0.297758,-78.531034,PICHINCHA,QUITO,QUITO,URBANA,2017-05-28,06:00:00,6,DOMINGO,7,MAYO,5,SI,"CONDUCE BAJO LA INFLUENCIA DE ALCOHOL, SUSTANCIAS ESTUPEFACIENTES O PSICOTROPICAS Y/O MEDICAMENTOS.",VOLCAMIENTOS,AUTOMOVIL,1,0,0,0,0,0,0,0,0,0,0,0,0,1,39,HOMBRE,LESIONADO,CONDUCTOR PRESENTE,NO,NO,0
3749,11640,11641,2017,0,0,-0.217778,-78.491401,PICHINCHA,QUITO,QUITO,URBANA,2017-05-28,06:29:00,6,DOMINGO,7,MAYO,5,SI,NO MANTENER LA DISTANCIA PRUDENCIAL CON RESPECTO AL VEHICULO QUE LE ANTECEDE.,CHOQUE POSTERIOR,AUTOMOVIL,1,0,0,0,0,0,0,0,0,1,0,0,0,2,45,HOMBRE,ILESO,CONDUCTOR PRESENTE,NO,NO,0
3750,11643,11644,2017,1,0,-0.117486,-78.479796,PICHINCHA,QUITO,QUITO,URBANA,2017-05-28,07:10:00,7,DOMINGO,7,MAYO,5,SI,"CONDUCE BAJO LA INFLUENCIA DE ALCOHOL, SUSTANCIAS ESTUPEFACIENTES O PSICOTROPICAS Y/O MEDICAMENTOS.",ESTRELLAMIENTOS,MOTOCICLETA,1,0,0,0,0,0,0,0,1,0,0,0,0,2,50,MUJER,LESIONADO,PASAJERO,NO,NO,0
3751,11647,11648,2017,1,0,-0.209795,-78.404284,PICHINCHA,QUITO,TUMBACO,RURAL,2017-05-28,09:00:00,9,DOMINGO,7,MAYO,5,SI,CONDUCIR VEHICULO SUPERANDO LOS LIMITES MAXIMOS DE VELOCIDAD.,PERDIDA DE PISTA,MOTOCICLETA,0,0,0,0,0,0,0,0,1,0,0,0,0,1,39,HOMBRE,LESIONADO,CONDUCTOR PRESENTE,NO,NO,3
3752,11648,11649,2017,0,0,-0.213881,-78.442931,PICHINCHA,QUITO,CUMBAYA,RURAL,2017-05-28,10:05:00,10,DOMINGO,7,MAYO,5,SI,CONDUCIR VEHICULO SUPERANDO LOS LIMITES MAXIMOS DE VELOCIDAD.,PERDIDA DE PISTA,AUTOMOVIL,1,0,0,0,0,0,0,0,0,0,0,0,0,1,-1,NO IDENTIFICADO,NO IDENTIFICADO,CONDUCTOR AUSENTE,NO,NO,2
3753,11650,11651,2017,0,0,-0.112205,-78.504665,PICHINCHA,QUITO,QUITO,URBANA,2017-05-28,10:50:00,10,DOMINGO,7,MAYO,5,SI,"CONDUCE BAJO LA INFLUENCIA DE ALCOHOL, SUSTANCIAS ESTUPEFACIENTES O PSICOTROPICAS Y/O MEDICAMENTOS.",ESTRELLAMIENTOS,AUTOMOVIL,2,0,0,0,0,0,0,0,0,0,0,0,0,2,28,HOMBRE,ILESO,CONDUCTOR PRESENTE,NO,NO,0
3754,11654,11655,2017,0,0,-0.178427,-78.478082,PICHINCHA,QUITO,QUITO,URBANA,2017-05-28,12:58:00,12,DOMINGO,7,MAYO,5,SI,NO MANTENER LA DISTANCIA PRUDENCIAL CON RESPECTO AL VEHICULO QUE LE ANTECEDE.,CHOQUE POSTERIOR,AUTOMOVIL,1,0,0,0,0,0,0,0,0,0,0,0,1,2,42,MUJER,ILESO,CONDUCTOR PRESENTE,NO,NO,0
3755,11659,11660,2017,1,0,-0.318209,-78.553809,PICHINCHA,QUITO,QUITO,URBANA,2017-05-28,14:05:00,14,DOMINGO,7,MAYO,5,SI,NO CEDER EL DERECHO DE VIA O PREFERENCIA DE PASO AL PEATON.,ATROPELLOS,AUTOMOVIL,1,0,0,0,0,0,0,0,0,0,0,0,0,1,22,MUJER,LESIONADO,PEATON,NO,NO,0
3756,11664,11665,2017,0,0,-0.244478,-78.533662,PICHINCHA,QUITO,QUITO,URBANA,2017-05-28,14:50:00,14,DOMINGO,7,MAYO,5,SI,NO CEDER EL DERECHO DE VIA O PREFERENCIA DE PASO AL PEATON.,ATROPELLOS,BUS,0,0,1,0,0,0,0,0,0,0,0,0,0,1,60,HOMBRE,ILESO,CONDUCTOR PRESENTE,NO,NO,0
3757,11667,11668,2017,0,0,-0.163192,-78.495443,PICHINCHA,QUITO,QUITO,URBANA,2017-05-28,15:00:00,15,DOMINGO,7,MAYO,5,SI,NO MANTENER LA DISTANCIA PRUDENCIAL CON RESPECTO AL VEHICULO QUE LE ANTECEDE.,COLISION,AUTOMOVIL,2,0,0,0,1,0,0,0,0,0,0,0,0,3,28,HOMBRE,ILESO,CONDUCTOR PRESENTE,NO,NO,0
3758,11686,11687,2017,1,0,-0.266918,-78.551319,PICHINCHA,QUITO,QUITO,URBANA,2017-05-28,20:20:00,20,DOMINGO,7,MAYO,5,SI,"CONDUCE BAJO LA INFLUENCIA DE ALCOHOL, SUSTANCIAS ESTUPEFACIENTES O PSICOTROPICAS Y/O MEDICAMENTOS.",CHOQUE LATERAL,AUTOMOVIL,1,0,0,0,0,0,0,0,1,0,0,0,0,2,30,HOMBRE,LESIONADO,CONDUCTOR PRESENTE,NO,NO,0
3759,11694,11695,2017,0,1,-0.050783,-78.305598,PICHINCHA,QUITO,GUAYLLABAMBA,RURAL,2017-05-28,22:50:00,22,DOMINGO,7,MAYO,5,SI,BAJARSE O SUBIRSE DE VEHICULOS EN MOVIMIENTO SIN TOMAR LAS PRECAUCIONES DEBIDAS.,ATROPELLOS,CAMIONETA,0,0,0,0,1,0,0,0,0,0,0,0,1,2,17,HOMBRE,FALLECIDO,CONDUCTOR PRESENTE,NO,NO,3
3760,11710,11711,2017,1,0,-0.249714,-78.517205,PICHINCHA,QUITO,QUITO,URBANA,2017-05-29,06:45:00,6,LUNES,1,MAYO,5,NO,NO CEDER EL DERECHO DE VIA O PREFERENCIA DE PASO AL PEATON.,ATROPELLOS,NO IDENTIFICADO,0,0,0,0,0,0,0,0,0,1,0,0,0,1,78,HOMBRE,LESIONADO,PEATON,NO,NO,0
3761,11712,11713,2017,1,0,-0.292153,-78.543983,PICHINCHA,QUITO,QUITO,URBANA,2017-05-29,07:00:00,7,LUNES,1,MAYO,5,NO,NO CEDER EL DERECHO DE VIA O PREFERENCIA DE PASO AL PEATON.,ATROPELLOS,NO IDENTIFICADO,0,0,0,0,0,0,0,0,0,1,0,0,0,1,14,MUJER,LESIONADO,PEATON,NO,NO,0
3762,11714,11715,2017,1,0,-0.377356,-78.509429,PICHINCHA,QUITO,AMAGUANIA,URBANA,2017-05-29,07:40:00,7,LUNES,1,MAYO,5,NO,NO CEDER EL DERECHO DE VIA O PREFERENCIA DE PASO AL PEATON.,ATROPELLOS,AUTOMOVIL,1,0,0,0,0,0,0,0,0,0,0,0,0,1,19,HOMBRE,LESIONADO,PEATON,NO,NO,0
3763,11715,11716,2017,0,0,-0.237734,-78.509298,PICHINCHA,QUITO,QUITO,URBANA,2017-05-29,07:45:00,7,LUNES,1,MAYO,5,NO,"NO RESPETAR LAS SENIALES REGLAMENTARIAS DE TRANSITO. (PARE, CEDA EL PASO, LUZ ROJA DEL SEMAFORO, ETC).",CHOQUE LATERAL,AUTOMOVIL,1,0,0,0,0,0,0,0,0,0,0,0,1,2,33,HOMBRE,ILESO,CONDUCTOR PRESENTE,NO,NO,0
3764,11716,11717,2017,1,0,-0.147888,-78.465881,PICHINCHA,QUITO,QUITO,URBANA,2017-05-29,07:50:00,7,LUNES,1,MAYO,5,NO,CONDUCIR VEHICULO SUPERANDO LOS LIMITES MAXIMOS DE VELOCIDAD.,PERDIDA DE PISTA,NO IDENTIFICADO,0,0,0,0,0,0,0,0,0,1,0,0,0,1,27,HOMBRE,LESIONADO,CONDUCTOR PRESENTE,NO,NO,0
3765,11719,11720,2017,1,0,-0.175549,-78.488216,PICHINCHA,QUITO,QUITO,URBANA,2017-05-29,08:30:00,8,LUNES,1,MAYO,5,NO,"NO RESPETAR LAS SENIALES REGLAMENTARIAS DE TRANSITO. (PARE, CEDA EL PASO, LUZ ROJA DEL SEMAFORO, ETC).",CHOQUE LATERAL,CAMIONETA,1,0,0,0,1,0,0,0,0,0,0,0,0,2,45,MUJER,LESIONADO,PASAJERO,NO,NO,0
3766,11720,11721,2017,0,0,-0.241248,-78.534643,PICHINCHA,QUITO,QUITO,URBANA,2017-05-29,09:05:00,9,LUNES,1,MAYO,5,NO,NO CEDER EL DERECHO DE VIA O PREFERENCIA DE PASO AL PEATON.,ATROPELLOS,NO IDENTIFICADO,0,0,0,0,0,0,0,0,0,1,0,0,0,1,63,HOMBRE,ILESO,PEATON,NO,NO,0
3767,11722,11723,2017,0,0,-0.323661,-78.556475,PICHINCHA,QUITO,QUITO,URBANA,2017-05-29,09:33:00,9,LUNES,1,MAYO,5,NO,"NO RESPETAR LAS SENIALES REGLAMENTARIAS DE TRANSITO. (PARE, CEDA EL PASO, LUZ ROJA DEL SEMAFORO, ETC).",CHOQUE LATERAL,MOTOCICLETA,0,0,0,0,0,0,0,0,1,1,0,0,0,2,25,HOMBRE,ILESO,CONDUCTOR PRESENTE,NO,NO,0
3768,11723,11724,2017,1,0,-0.227324,-78.450086,PICHINCHA,QUITO,CUMBAYA,RURAL,2017-05-29,09:45:00,9,LUNES,1,MAYO,5,NO,"PRESENCIA DE AGENTES EXTERNOS EN LA VIA (AGUA, ACEITE, PIEDRA, LASTRE, ESCOMBROS, MADEROS, ETC.).",PERDIDA DE PISTA,MOTOCICLETA,0,0,0,0,0,0,0,0,1,0,0,0,0,1,36,HOMBRE,LESIONADO,CONDUCTOR PRESENTE,NO,NO,3
3769,11724,11725,2017,0,0,-0.109264,-78.457451,PICHINCHA,QUITO,CALDERON (CARAPUNGO),RURAL,2017-05-29,09:50:00,9,LUNES,1,MAYO,5,NO,"NO RESPETAR LAS SENIALES REGLAMENTARIAS DE TRANSITO. (PARE, CEDA EL PASO, LUZ ROJA DEL SEMAFORO, ETC).",CHOQUE LATERAL,AUTOMOVIL,2,0,0,0,0,0,0,0,0,0,0,0,0,2,61,HOMBRE,ILESO,CONDUCTOR PRESENTE,NO,NO,3
3770,11726,11727,2017,0,0,-0.175162,-78.488089,PICHINCHA,QUITO,QUITO,URBANA,2017-05-29,11:24:00,11,LUNES,1,MAYO,5,NO,NO MANTENER LA DISTANCIA PRUDENCIAL CON RESPECTO AL VEHICULO QUE LE ANTECEDE.,CHOQUE POSTERIOR,BUS,0,0,2,0,0,0,0,0,0,0,0,0,0,2,25,HOMBRE,ILESO,CONDUCTOR PRESENTE,NO,NO,0
3771,11735,11736,2017,0,0,-0.127286,-78.498456,PICHINCHA,QUITO,QUITO,URBANA,2017-05-29,13:40:00,13,LUNES,1,MAYO,5,NO,REALIZAR CAMBIO BRUSCO O INDEBIDO DE CARRIL.,CHOQUE POSTERIOR,AUTOMOVIL,2,0,0,0,0,0,0,0,0,0,0,0,0,2,40,HOMBRE,ILESO,CONDUCTOR PRESENTE,NO,NO,0
3772,11736,11737,2017,1,0,0.016881,-78.477661,PICHINCHA,QUITO,SAN ANTONIO (QUITO),URBANA,2017-05-29,13:45:00,13,LUNES,1,MAYO,5,NO,NO CEDER EL DERECHO DE VIA O PREFERENCIA DE PASO AL PEATON.,ATROPELLOS,CAMION,0,0,0,1,0,0,0,0,0,0,0,0,0,1,88,MUJER,LESIONADO,PEATON,NO,NO,0
3773,11741,11742,2017,0,0,-0.281061,-78.516408,PICHINCHA,QUITO,QUITO,URBANA,2017-05-29,15:03:00,15,LUNES,1,MAYO,5,NO,CONDUCIR VEHICULO SUPERANDO LOS LIMITES MAXIMOS DE VELOCIDAD.,ESTRELLAMIENTOS,FURGONETA,0,0,0,0,0,0,0,1,0,1,0,0,0,2,27,HOMBRE,ILESO,CONDUCTOR PRESENTE,NO,NO,0
3774,11743,11744,2017,0,0,-0.167381,-78.480961,PICHINCHA,QUITO,QUITO,URBANA,2017-05-29,15:56:00,15,LUNES,1,MAYO,5,NO,NO MANTENER LA DISTANCIA PRUDENCIAL CON RESPECTO AL VEHICULO QUE LE ANTECEDE.,CHOQUE POSTERIOR,AUTOMOVIL,2,0,0,0,0,0,0,0,0,0,0,0,0,2,23,HOMBRE,ILESO,CONDUCTOR PRESENTE,NO,NO,0
3775,11745,11746,2017,1,0,-0.242463,-78.482784,PICHINCHA,QUITO,QUITO,URBANA,2017-05-29,16:50:00,16,LUNES,1,MAYO,5,NO,"ADELANTAR O REBASAR A OTRO VEHICULO EN MOVIMIENTO EN ZONAS O SITIOS PELIGROSOS TALES COMO: CURVAS, PUENTES, TUNELES, PENDIENTES, ETC.",ESTRELLAMIENTOS,FURGONETA,0,0,0,0,0,0,0,2,0,0,0,0,0,2,61,HOMBRE,LESIONADO,CONDUCTOR PRESENTE,NO,NO,0
3776,11746,11747,2017,1,0,-0.258418,-78.544605,PICHINCHA,QUITO,QUITO,URBANA,2017-05-29,17:00:00,17,LUNES,1,MAYO,5,NO,BAJARSE O SUBIRSE DE VEHICULOS EN MOVIMIENTO SIN TOMAR LAS PRECAUCIONES DEBIDAS.,CAIDA DE PASAJERO,NO IDENTIFICADO,0,0,0,0,0,0,0,0,0,1,0,0,0,1,51,MUJER,LESIONADO,PASAJERO,NO,NO,0
3777,11747,11748,2017,0,0,-0.181835,-78.480329,PICHINCHA,QUITO,QUITO,URBANA,2017-05-29,17:18:00,17,LUNES,1,MAYO,5,NO,"CONDUCIR DESATENTO A LAS CONDICIONES DE TRANSITO (CELULAR, PANTALLAS DE VIDEO, COMIDA, MAQUILLAJE O CUALQUIER OTRO ELEMENTO DISTRACTOR).",CHOQUE POSTERIOR,VEHICULO DEPORTIVO UTILITARIO,0,0,0,0,0,0,0,0,0,0,0,0,2,2,37,MUJER,ILESO,CONDUCTOR PRESENTE,NO,NO,0
3778,11748,11749,2017,3,0,-0.260613,-78.546297,PICHINCHA,QUITO,QUITO,URBANA,2017-05-29,17:35:00,17,LUNES,1,MAYO,5,NO,BAJARSE O SUBIRSE DE VEHICULOS EN MOVIMIENTO SIN TOMAR LAS PRECAUCIONES DEBIDAS.,CAIDA DE PASAJERO,BUS,0,0,1,0,0,0,0,0,0,0,0,0,0,1,46,MUJER,LESIONADO,PASAJERO,NO,NO,0
3779,11749,11750,2017,0,0,-0.289682,-78.550045,PICHINCHA,QUITO,QUITO,URBANA,2017-05-29,18:10:00,18,LUNES,1,MAYO,5,NO,"CONDUCIR DESATENTO A LAS CONDICIONES DE TRANSITO (CELULAR, PANTALLAS DE VIDEO, COMIDA, MAQUILLAJE O CUALQUIER OTRO ELEMENTO DISTRACTOR).",PERDIDA DE PISTA,NO IDENTIFICADO,0,0,0,0,0,0,0,0,0,1,0,0,0,1,-1,NO IDENTIFICADO,NO IDENTIFICADO,CONDUCTOR AUSENTE,NO,NO,2
3780,11750,11751,2017,1,0,-0.090791,-78.474606,PICHINCHA,QUITO,QUITO,URBANA,2017-05-29,18:20:00,18,LUNES,1,MAYO,5,NO,CONDUCIR VEHICULO SUPERANDO LOS LIMITES MAXIMOS DE VELOCIDAD.,CAIDA DE PASAJERO,NO IDENTIFICADO,0,0,0,0,0,0,0,0,0,1,0,0,0,1,27,MUJER,LESIONADO,PASAJERO,NO,NO,0
3781,11754,11755,2017,0,0,-0.282012,-78.543268,PICHINCHA,QUITO,QUITO,URBANA,2017-05-29,19:58:00,19,LUNES,1,MAYO,5,NO,NO CEDER EL DERECHO DE VIA O PREFERENCIA DE PASO A VEHICULOS.,CHOQUE LATERAL,AUTOMOVIL,2,0,0,0,0,0,0,0,0,0,0,0,0,2,48,HOMBRE,ILESO,CONDUCTOR PRESENTE,NO,NO,0
3782,11755,11756,2017,0,0,-0.265947,-78.538763,PICHINCHA,QUITO,QUITO,URBANA,2017-05-29,21:30:00,21,LUNES,1,MAYO,5,NO,"NO RESPETAR LAS SENIALES REGLAMENTARIAS DE TRANSITO. (PARE, CEDA EL PASO, LUZ ROJA DEL SEMAFORO, ETC).",CHOQUE LATERAL,AUTOMOVIL,1,0,0,0,0,0,0,0,0,1,0,0,0,2,35,HOMBRE,ILESO,CONDUCTOR PRESENTE,NO,NO,0
3783,11758,11759,2017,0,0,-0.162346,-78.485742,PICHINCHA,QUITO,QUITO,URBANA,2017-05-29,23:55:00,23,LUNES,1,MAYO,5,NO,"CONDUCIR EN ESTADO DE SOMNOLENCIA O MALAS CONDICIONES FISICAS (SUENIO, CANSANCIO Y FATIGA).",PERDIDA DE PISTA,VEHICULO DEPORTIVO UTILITARIO,0,0,0,0,0,0,0,0,0,0,0,0,1,1,-1,NO IDENTIFICADO,NO IDENTIFICADO,CONDUCTOR AUSENTE,NO,NO,2
3784,11781,11782,2017,0,0,-0.248923,-78.532104,PICHINCHA,QUITO,QUITO,URBANA,2017-05-30,01:10:00,1,MARTES,2,MAYO,5,NO,"CONDUCE BAJO LA INFLUENCIA DE ALCOHOL, SUSTANCIAS ESTUPEFACIENTES O PSICOTROPICAS Y/O MEDICAMENTOS.",ESTRELLAMIENTOS,AUTOMOVIL,2,0,0,0,0,0,0,0,0,0,0,0,0,2,30,HOMBRE,ILESO,CONDUCTOR PRESENTE,NO,NO,0
3785,11785,11786,2017,0,0,-0.227142,-78.499728,PICHINCHA,QUITO,QUITO,URBANA,2017-05-30,07:00:00,7,MARTES,2,MAYO,5,NO,NO CEDER EL DERECHO DE VIA O PREFERENCIA DE PASO A VEHICULOS.,CHOQUE LATERAL,AUTOMOVIL,2,0,0,0,0,0,0,0,0,0,0,0,0,2,48,HOMBRE,ILESO,CONDUCTOR PRESENTE,NO,NO,0
3786,11786,11787,2017,1,0,-0.123006,-78.493841,PICHINCHA,QUITO,QUITO,URBANA,2017-05-30,07:10:00,7,MARTES,2,MAYO,5,NO,"CASO FORTUITO O FUERZA MAYOR (EXPLOSION DE NEUMATICO NUEVO, DERRUMBE, INUNDACION, CAIDA DE PUENTE, ARBOL, PRESENCIA INTEMPESTIVA E IMPREVISTA DE SEMOVIENTES EN LA VIA, ETC.).",OTROS,NO IDENTIFICADO,0,0,0,0,0,0,0,0,0,1,0,0,0,1,32,HOMBRE,LESIONADO,PASAJERO,NO,NO,0
3787,11787,11788,2017,1,0,-0.172251,-78.490165,PICHINCHA,QUITO,QUITO,URBANA,2017-05-30,07:15:00,7,MARTES,2,MAYO,5,NO,CONDUCIR VEHICULO SUPERANDO LOS LIMITES MAXIMOS DE VELOCIDAD.,CAIDA DE PASAJERO,NO IDENTIFICADO,0,0,0,0,0,0,0,0,0,1,0,0,0,1,41,MUJER,LESIONADO,PASAJERO,NO,NO,0
3788,11788,11789,2017,1,0,-0.079384,-78.449099,PICHINCHA,QUITO,CALDERON (CARAPUNGO),URBANA,2017-05-30,07:20:00,7,MARTES,2,MAYO,5,NO,REALIZAR CAMBIO BRUSCO O INDEBIDO DE CARRIL.,CHOQUE FRONTAL,MOTOCICLETA,1,0,0,0,0,0,0,0,1,0,0,0,0,2,53,HOMBRE,LESIONADO,CONDUCTOR PRESENTE,NO,NO,0
3789,11789,11790,2017,0,0,-0.255381,-78.549175,PICHINCHA,QUITO,QUITO,URBANA,2017-05-30,07:25:00,7,MARTES,2,MAYO,5,NO,"NO RESPETAR LAS SENIALES REGLAMENTARIAS DE TRANSITO. (PARE, CEDA EL PASO, LUZ ROJA DEL SEMAFORO, ETC).",CHOQUE LATERAL,AUTOMOVIL,2,0,0,0,0,0,0,0,0,0,0,0,0,2,20,HOMBRE,ILESO,CONDUCTOR PRESENTE,NO,NO,0
3790,11790,11791,2017,0,0,-0.214853,-78.406375,PICHINCHA,QUITO,TUMBACO,URBANA,2017-05-30,07:42:00,7,MARTES,2,MAYO,5,NO,NO CEDER EL DERECHO DE VIA O PREFERENCIA DE PASO A VEHICULOS.,CHOQUE LATERAL,CAMIONETA,0,0,0,0,2,0,0,0,0,0,0,0,0,2,25,MUJER,ILESO,CONDUCTOR PRESENTE,NO,NO,0
3791,11791,11792,2017,1,0,-0.185435,-78.490973,PICHINCHA,QUITO,QUITO,URBANA,2017-05-30,07:45:00,7,MARTES,2,MAYO,5,NO,NO CEDER EL DERECHO DE VIA O PREFERENCIA DE PASO AL PEATON.,ATROPELLOS,BUS,0,0,1,0,0,0,0,0,0,0,0,0,0,1,8,HOMBRE,LESIONADO,PEATON,NO,NO,0
3792,11792,11793,2017,0,0,-0.221996,-78.508263,PICHINCHA,QUITO,QUITO,URBANA,2017-05-30,07:47:00,7,MARTES,2,MAYO,5,NO,NO CEDER EL DERECHO DE VIA O PREFERENCIA DE PASO A VEHICULOS.,CHOQUE LATERAL,VEHICULO DEPORTIVO UTILITARIO,1,0,0,0,0,0,0,0,0,0,0,0,1,2,57,HOMBRE,ILESO,CONDUCTOR PRESENTE,NO,NO,0
3793,11793,11794,2017,0,0,-0.447981,-78.662565,PICHINCHA,MEJIA,ALOAG,RURAL,2017-05-30,07:50:00,7,MARTES,2,MAYO,5,NO,REALIZAR CAMBIO BRUSCO O INDEBIDO DE CARRIL.,PERDIDA DE PISTA,CAMIONETA,0,0,0,0,1,0,0,0,0,0,0,0,1,2,46,MUJER,ILESO,CONDUCTOR PRESENTE,NO,NO,3
3794,11795,11796,2017,1,0,-0.153396,-78.484496,PICHINCHA,QUITO,QUITO,URBANA,2017-05-30,08:00:00,8,MARTES,2,MAYO,5,NO,PEATON QUE CRUZA LA CALZADA SIN RESPETAR LA SENIALIZACION EXISTENTE (SEMAFOROS O SENIALES MANUALES).,ATROPELLOS,AUTOMOVIL,1,0,0,0,0,0,0,0,0,0,0,0,0,1,27,MUJER,LESIONADO,PEATON,NO,NO,0
3795,11799,11800,2017,0,0,-0.214643,-78.516701,PICHINCHA,QUITO,QUITO,URBANA,2017-05-30,08:45:00,8,MARTES,2,MAYO,5,NO,"NO RESPETAR LAS SENIALES REGLAMENTARIAS DE TRANSITO. (PARE, CEDA EL PASO, LUZ ROJA DEL SEMAFORO, ETC).",CHOQUE LATERAL,FURGONETA,0,0,0,0,0,0,0,1,0,1,0,0,0,2,27,HOMBRE,ILESO,CONDUCTOR PRESENTE,NO,NO,0
3796,11800,11801,2017,1,0,-0.194185,-78.492291,PICHINCHA,QUITO,QUITO,URBANA,2017-05-30,09:15:00,9,MARTES,2,MAYO,5,NO,NO GUARDAR LA DISTANCIA LATERAL MINIMA DE SEGURIDAD ENTRE VEHICULOS.,ROZAMIENTOS,MOTOCICLETA,0,0,0,0,0,0,0,0,1,1,0,0,0,2,22,HOMBRE,LESIONADO,CONDUCTOR PRESENTE,NO,NO,0
3797,11801,11802,2017,0,0,-0.120424,-78.415686,PICHINCHA,QUITO,CALDERON (CARAPUNGO),RURAL,2017-05-30,10:30:00,10,MARTES,2,MAYO,5,NO,NO CEDER EL DERECHO DE VIA O PREFERENCIA DE PASO A VEHICULOS.,CHOQUE LATERAL,AUTOMOVIL,1,0,0,0,0,0,0,0,0,1,0,0,0,2,29,HOMBRE,ILESO,CONDUCTOR PRESENTE,NO,NO,3
3798,11802,11803,2017,0,1,-0.375496,-78.506023,PICHINCHA,QUITO,AMAGUANIA,RURAL,2017-05-30,11:15:00,11,MARTES,2,MAYO,5,NO,NO TRANSITAR POR LAS ACERAS O ZONAS DE SEGURIDAD DESTINADAS PARA EL EFECTO.,ATROPELLOS,FURGONETA,0,0,0,0,0,0,0,1,0,0,0,0,0,1,3,MUJER,FALLECIDO,PEATON,NO,NO,3
3799,11803,11804,2017,0,0,-0.238213,-78.484807,PICHINCHA,QUITO,QUITO,URBANA,2017-05-30,11:15:00,11,MARTES,2,MAYO,5,NO,CONDUCIR VEHICULO SUPERANDO LOS LIMITES MAXIMOS DE VELOCIDAD.,VOLCAMIENTOS,CAMIONETA,0,0,0,0,1,0,0,0,0,0,0,0,0,1,22,HOMBRE,ILESO,CONDUCTOR PRESENTE,NO,NO,0
3800,11804,11805,2017,0,0,-0.214703,-78.503339,PICHINCHA,QUITO,QUITO,URBANA,2017-05-30,11:15:00,11,MARTES,2,MAYO,5,NO,NO GUARDAR LA DISTANCIA LATERAL MINIMA DE SEGURIDAD ENTRE VEHICULOS.,ROZAMIENTOS,AUTOMOVIL,1,0,1,0,0,0,0,0,0,0,0,0,0,2,29,HOMBRE,ILESO,CONDUCTOR PRESENTE,NO,NO,0