,Unnamed: 0,ID,ANIO,LESIONADOS,FALLECIDOS,LATITUD_Y,LONGITUD_X,PROVINCIA,CANTON,PARROQUIA,ZONA,FECHA,HORA,PERIODO_2,DIA_1,DIA_2,MES_1,MES_2,FERIADO,CAUSA_PROBABLE,TIPO_DE_SINIESTRO,TIPO_DE_VEHICULO_1,AUTOMOVIL,BICICLETA,BUS,CAMION,CAMIONETA,EMERGENCIAS,ESPECIAL,FURGONETA,MOTOCICLETA,NO_IDENTIFICADO,SCOOTER_ELECTRICO,TRICIMOTO,VEHICULO_DEPORTIVO_UTILITARIO,SUMA_DE_VEHICULOS,EDAD_1,SEXO_1,CONDICION_1,PARTICIPANTE_1,CASCO_1,CINTURON_1,KMeans_Cluster
3801,11805,11806,2017,0,0,-0.180577,-78.486482,PICHINCHA,QUITO,QUITO,URBANA,2017-05-30,11:45:00,11,MARTES,2,MAYO,5,NO,NO MANTENER LA DISTANCIA PRUDENCIAL CON RESPECTO AL VEHICULO QUE LE ANTECEDE.,CHOQUE POSTERIOR,VEHICULO DEPORTIVO UTILITARIO,0,0,0,0,0,0,0,0,0,0,0,0,2,2,35,MUJER,ILESO,CONDUCTOR PRESENTE,NO,NO,0
3802,11806,11807,2017,0,0,-0.237528,-78.509126,PICHINCHA,QUITO,QUITO,URBANA,2017-05-30,11:55:00,11,MARTES,2,MAYO,5,NO,NO GUARDAR LA DISTANCIA LATERAL MINIMA DE SEGURIDAD ENTRE VEHICULOS.,ROZAMIENTOS,BUS,1,0,1,0,0,0,0,0,0,0,0,0,0,2,37,HOMBRE,ILESO,CONDUCTOR PRESENTE,NO,NO,0
3803,11808,11809,2017,0,0,-0.247731,-78.518048,PICHINCHA,QUITO,QUITO,URBANA,2017-05-30,12:40:00,12,MARTES,2,MAYO,5,NO,"NO RESPETAR LAS SENIALES REGLAMENTARIAS DE TRANSITO. (PARE, CEDA EL PASO, LUZ ROJA DEL SEMAFORO, ETC).",ATROPELLOS,VEHICULO DEPORTIVO UTILITARIO,0,0,0,0,0,0,0,0,0,0,0,0,1,1,22,MUJER,ILESO,CONDUCTOR PRESENTE,NO,NO,0
3804,11816,11817,2017,0,0,-0.174679,-78.501114,PICHINCHA,QUITO,QUITO,URBANA,2017-05-30,13:10:00,13,MARTES,2,MAYO,5,NO,NO GUARDAR LA DISTANCIA LATERAL MINIMA DE SEGURIDAD ENTRE VEHICULOS.,ROZAMIENTOS,MOTOCICLETA,0,0,0,0,0,0,0,0,1,1,0,0,0,2,23,HOMBRE,ILESO,CONDUCTOR PRESENTE,NO,NO,0
3805,11819,11820,2017,0,0,-0.178624,-78.489002,PICHINCHA,QUITO,QUITO,URBANA,2017-05-30,14:19:00,14,MARTES,2,MAYO,5,NO,NO MANTENER LA DISTANCIA PRUDENCIAL CON RESPECTO AL VEHICULO QUE LE ANTECEDE.,COLISION,VEHICULO DEPORTIVO UTILITARIO,1,0,0,0,0,0,0,0,0,0,0,0,2,3,27,HOMBRE,ILESO,CONDUCTOR PRESENTE,NO,NO,0
3806,11823,11824,2017,0,0,-0.196669,-78.466599,PICHINCHA,QUITO,QUITO,URBANA,2017-05-30,16:17:00,16,MARTES,2,MAYO,5,NO,NO GUARDAR LA DISTANCIA LATERAL MINIMA DE SEGURIDAD ENTRE VEHICULOS.,ROZAMIENTOS,AUTOMOVIL,2,0,0,0,0,0,0,0,0,0,0,0,0,2,19,HOMBRE,ILESO,CONDUCTOR PRESENTE,NO,NO,0
3807,11824,11825,2017,0,0,-0.443075,-78.696409,PICHINCHA,MEJIA,ALOAG,RURAL,2017-05-30,16:30:00,16,MARTES,2,MAYO,5,NO,"CONDICIONES AMBIENTALES Y/O ATMOSFERICAS (NIEBLA, NEBLINA, GRANIZO, LLUVIA).",ESTRELLAMIENTOS,AUTOMOVIL,2,0,0,0,0,0,0,0,0,0,0,0,0,2,-1,HOMBRE,ILESO,CONDUCTOR PRESENTE,NO,SI,3
3808,11826,11827,2017,0,0,-0.195771,-78.484198,PICHINCHA,QUITO,QUITO,URBANA,2017-05-30,16:45:00,16,MARTES,2,MAYO,5,NO,"NO RESPETAR LAS SENIALES REGLAMENTARIAS DE TRANSITO. (PARE, CEDA EL PASO, LUZ ROJA DEL SEMAFORO, ETC).",CHOQUE LATERAL,AUTOMOVIL,2,0,0,0,0,0,0,0,0,0,0,0,0,2,21,HOMBRE,ILESO,CONDUCTOR PRESENTE,NO,NO,0
3809,11828,11829,2017,1,0,-0.270497,-78.551778,PICHINCHA,QUITO,QUITO,URBANA,2017-05-30,17:00:00,17,MARTES,2,MAYO,5,NO,"CONDUCIR DESATENTO A LAS CONDICIONES DE TRANSITO (CELULAR, PANTALLAS DE VIDEO, COMIDA, MAQUILLAJE O CUALQUIER OTRO ELEMENTO DISTRACTOR).",ESTRELLAMIENTOS,MOTOCICLETA,1,0,0,0,0,0,0,0,1,0,0,0,0,2,22,HOMBRE,LESIONADO,CONDUCTOR PRESENTE,NO,NO,0
3810,11829,11830,2017,0,0,-0.188061,-78.476838,PICHINCHA,QUITO,QUITO,URBANA,2017-05-30,17:45:00,17,MARTES,2,MAYO,5,NO,NO MANTENER LA DISTANCIA PRUDENCIAL CON RESPECTO AL VEHICULO QUE LE ANTECEDE.,CHOQUE POSTERIOR,VEHICULO DEPORTIVO UTILITARIO,0,0,0,0,0,0,0,0,0,1,0,0,1,2,29,MUJER,ILESO,CONDUCTOR PRESENTE,NO,NO,0
3811,11830,11831,2017,1,0,-0.116945,-78.486503,PICHINCHA,QUITO,QUITO,URBANA,2017-05-30,18:20:00,18,MARTES,2,MAYO,5,NO,NO CEDER EL DERECHO DE VIA O PREFERENCIA DE PASO AL PEATON.,ATROPELLOS,AUTOMOVIL,1,0,0,0,0,0,0,0,0,0,0,0,0,1,13,MUJER,LESIONADO,PEATON,NO,NO,0
3812,11831,11832,2017,0,0,-0.309753,-78.552531,PICHINCHA,QUITO,QUITO,URBANA,2017-05-30,18:40:00,18,MARTES,2,MAYO,5,NO,NO CEDER EL DERECHO DE VIA O PREFERENCIA DE PASO A VEHICULOS.,CHOQUE LATERAL,MOTOCICLETA,0,0,0,0,0,0,0,0,1,1,0,0,0,2,38,HOMBRE,ILESO,CONDUCTOR PRESENTE,NO,NO,0
3813,11832,11833,2017,0,0,-0.120424,-78.415686,PICHINCHA,QUITO,CALDERON (CARAPUNGO),RURAL,2017-05-30,18:55:00,18,MARTES,2,MAYO,5,NO,CONDUCIR VEHICULO SUPERANDO LOS LIMITES MAXIMOS DE VELOCIDAD.,ESTRELLAMIENTOS,AUTOMOVIL,1,0,0,0,0,0,0,0,0,0,0,0,0,1,29,HOMBRE,ILESO,CONDUCTOR PRESENTE,NO,NO,3
3814,11833,11834,2017,1,0,-0.001035,-78.508974,PICHINCHA,QUITO,CALACALI,RURAL,2017-05-30,19:30:00,19,MARTES,2,MAYO,5,NO,DEJAR O RECOGER PASAJEROS EN LUGARES NO PERMITIDOS.,CAIDA DE PASAJERO,AUTOMOVIL,1,0,1,0,0,0,0,0,0,0,0,0,0,2,48,HOMBRE,LESIONADO,CONDUCTOR PRESENTE,NO,SI,3
3815,11837,11838,2017,0,0,-0.109264,-78.474251,PICHINCHA,QUITO,QUITO,URBANA,2017-05-30,20:20:00,20,MARTES,2,MAYO,5,NO,NO GUARDAR LA DISTANCIA LATERAL MINIMA DE SEGURIDAD ENTRE VEHICULOS.,ROZAMIENTOS,VEHICULO DEPORTIVO UTILITARIO,0,0,0,0,0,0,0,0,0,1,0,0,1,2,43,HOMBRE,ILESO,CONDUCTOR PRESENTE,NO,NO,0
3816,11839,11840,2017,1,0,-0.091585,-78.439052,PICHINCHA,QUITO,CALDERON (CARAPUNGO),RURAL,2017-05-30,21:23:00,21,MARTES,2,MAYO,5,NO,"NO RESPETAR LAS SENIALES REGLAMENTARIAS DE TRANSITO. (PARE, CEDA EL PASO, LUZ ROJA DEL SEMAFORO, ETC).",CHOQUE LATERAL,MOTOCICLETA,0,0,0,0,0,0,0,0,1,1,0,0,0,2,2,HOMBRE,LESIONADO,PASAJERO,NO,NO,3
3817,11842,11843,2017,1,0,-0.169369,-78.490148,PICHINCHA,QUITO,QUITO,URBANA,2017-05-30,21:45:00,21,MARTES,2,MAYO,5,NO,CONDUCIR VEHICULO SUPERANDO LOS LIMITES MAXIMOS DE VELOCIDAD.,PERDIDA DE PISTA,AUTOMOVIL,1,0,0,0,0,0,0,0,0,0,0,0,0,1,18,MUJER,LESIONADO,CONDUCTOR PRESENTE,NO,NO,0
3818,11868,11869,2017,3,0,-0.203003,-78.487345,PICHINCHA,QUITO,QUITO,URBANA,2017-05-31,00:45:00,0,MIERCOLES,3,MAYO,5,NO,"CONDUCE BAJO LA INFLUENCIA DE ALCOHOL, SUSTANCIAS ESTUPEFACIENTES O PSICOTROPICAS Y/O MEDICAMENTOS.",CHOQUE LATERAL,AUTOMOVIL,1,0,0,1,0,0,0,0,0,0,0,0,0,2,21,HOMBRE,LESIONADO,CONDUCTOR PRESENTE,NO,NO,0
3819,11871,11872,2017,1,0,-0.172246,-78.490189,PICHINCHA,QUITO,QUITO,URBANA,2017-05-31,06:30:00,6,MIERCOLES,3,MAYO,5,NO,REALIZAR CAMBIO BRUSCO O INDEBIDO DE CARRIL.,CHOQUE LATERAL,AUTOMOVIL,1,0,0,0,0,0,0,0,0,1,0,0,0,2,29,HOMBRE,LESIONADO,CONDUCTOR PRESENTE,NO,NO,0
3820,11873,11874,2017,1,0,-0.108907,-78.422317,PICHINCHA,QUITO,CALDERON (CARAPUNGO),RURAL,2017-05-31,06:50:00,6,MIERCOLES,3,MAYO,5,NO,CONDUCIR VEHICULO SUPERANDO LOS LIMITES MAXIMOS DE VELOCIDAD.,PERDIDA DE PISTA,NO IDENTIFICADO,0,0,0,0,0,0,0,0,0,1,0,0,0,1,67,HOMBRE,LESIONADO,PASAJERO,NO,NO,3
3821,11874,11875,2017,1,0,-0.195237,-78.494313,PICHINCHA,QUITO,QUITO,URBANA,2017-05-31,06:50:00,6,MIERCOLES,3,MAYO,5,NO,REALIZAR CAMBIO BRUSCO O INDEBIDO DE CARRIL.,ESTRELLAMIENTOS,AUTOMOVIL,1,0,0,1,0,0,0,0,0,0,0,0,0,2,10,HOMBRE,LESIONADO,PASAJERO,NO,NO,0
3822,11875,11876,2017,1,0,-0.212824,-78.402686,PICHINCHA,QUITO,TUMBACO,RURAL,2017-05-31,07:05:00,7,MIERCOLES,3,MAYO,5,NO,NO MANTENER LA DISTANCIA PRUDENCIAL CON RESPECTO AL VEHICULO QUE LE ANTECEDE.,CHOQUE POSTERIOR,AUTOMOVIL,1,0,0,0,0,0,0,0,0,1,0,0,0,2,25,MUJER,LESIONADO,PEATON,NO,NO,3
3823,11878,11879,2017,0,0,-0.133635,-78.497699,PICHINCHA,QUITO,QUITO,URBANA,2017-05-31,08:00:00,8,MIERCOLES,3,MAYO,5,NO,NO CEDER EL DERECHO DE VIA O PREFERENCIA DE PASO A VEHICULOS.,CHOQUE LATERAL,AUTOMOVIL,1,0,0,0,0,0,0,0,0,1,0,0,0,2,23,HOMBRE,ILESO,CONDUCTOR PRESENTE,NO,NO,0
3824,11879,11880,2017,1,0,-0.122302,-78.485078,PICHINCHA,QUITO,QUITO,URBANA,2017-05-31,08:00:00,8,MIERCOLES,3,MAYO,5,NO,NO CEDER EL DERECHO DE VIA O PREFERENCIA DE PASO A VEHICULOS.,CHOQUE LATERAL,CAMIONETA,1,0,0,0,1,0,0,0,1,0,0,0,0,3,27,MUJER,LESIONADO,CONDUCTOR PRESENTE,NO,NO,0
3825,11884,11885,2017,0,0,-0.243197,-78.532915,PICHINCHA,QUITO,QUITO,URBANA,2017-05-31,10:30:00,10,MIERCOLES,3,MAYO,5,NO,NO MANTENER LA DISTANCIA PRUDENCIAL CON RESPECTO AL VEHICULO QUE LE ANTECEDE.,CHOQUE POSTERIOR,VEHICULO DEPORTIVO UTILITARIO,0,0,0,0,0,0,0,0,1,0,0,0,1,2,54,HOMBRE,ILESO,CONDUCTOR PRESENTE,NO,NO,0
3826,11892,11893,2017,0,0,-0.171497,-78.490692,PICHINCHA,QUITO,QUITO,URBANA,2017-05-31,12:20:00,12,MIERCOLES,3,MAYO,5,NO,NO GUARDAR LA DISTANCIA LATERAL MINIMA DE SEGURIDAD ENTRE VEHICULOS.,ROZAMIENTOS,VEHICULO DEPORTIVO UTILITARIO,0,0,0,0,0,0,0,1,0,0,0,0,1,2,44,MUJER,ILESO,CONDUCTOR PRESENTE,NO,NO,0
3827,11896,11897,2017,1,0,-0.204627,-78.498746,PICHINCHA,QUITO,QUITO,URBANA,2017-05-31,14:10:00,14,MIERCOLES,3,MAYO,5,NO,BAJARSE O SUBIRSE DE VEHICULOS EN MOVIMIENTO SIN TOMAR LAS PRECAUCIONES DEBIDAS.,CAIDA DE PASAJERO,BUS,0,0,1,0,0,0,0,0,0,0,0,0,0,1,33,MUJER,LESIONADO,PASAJERO,NO,NO,0
3828,11899,11900,2017,1,0,-0.303734,-78.542772,PICHINCHA,QUITO,QUITO,URBANA,2017-05-31,14:20:00,14,MIERCOLES,3,MAYO,5,NO,NO CEDER EL DERECHO DE VIA O PREFERENCIA DE PASO AL PEATON.,ATROPELLOS,BUS,0,0,1,0,0,0,0,0,0,0,0,0,0,1,17,HOMBRE,LESIONADO,PEATON,NO,NO,0
3829,11900,11901,2017,1,0,-0.254868,-78.516553,PICHINCHA,QUITO,QUITO,URBANA,2017-05-31,14:30:00,14,MIERCOLES,3,MAYO,5,NO,NO CEDER EL DERECHO DE VIA O PREFERENCIA DE PASO AL PEATON.,ATROPELLOS,CAMIONETA,0,0,0,0,1,0,0,0,0,0,0,0,0,1,9,HOMBRE,LESIONADO,PEATON,NO,NO,0
3830,11901,11902,2017,0,0,-0.208325,-78.406051,PICHINCHA,QUITO,TUMBACO,URBANA,2017-05-31,15:20:00,15,MIERCOLES,3,MAYO,5,NO,"NO RESPETAR LAS SENIALES REGLAMENTARIAS DE TRANSITO. (PARE, CEDA EL PASO, LUZ ROJA DEL SEMAFORO, ETC).",CHOQUE LATERAL,VEHICULO DEPORTIVO UTILITARIO,1,0,0,0,0,0,0,0,0,0,0,0,1,2,32,HOMBRE,ILESO,CONDUCTOR PRESENTE,NO,NO,0
3831,11902,11903,2017,1,0,-0.246068,-78.518553,PICHINCHA,QUITO,QUITO,URBANA,2017-05-31,15:30:00,15,MIERCOLES,3,MAYO,5,NO,CONDUCIR VEHICULO SUPERANDO LOS LIMITES MAXIMOS DE VELOCIDAD.,CAIDA DE PASAJERO,BUS,0,0,1,0,0,0,0,0,0,0,0,0,0,1,49,MUJER,LESIONADO,PASAJERO,NO,NO,0
3832,11904,11905,2017,0,0,-0.144205,-78.500079,PICHINCHA,QUITO,QUITO,URBANA,2017-05-31,15:50:00,15,MIERCOLES,3,MAYO,5,NO,NO GUARDAR LA DISTANCIA LATERAL MINIMA DE SEGURIDAD ENTRE VEHICULOS.,ROZAMIENTOS,AUTOMOVIL,2,0,0,0,0,0,0,0,0,0,0,0,0,2,30,HOMBRE,ILESO,CONDUCTOR PRESENTE,NO,NO,0
3833,11906,11907,2017,1,0,-0.253047,-78.554168,PICHINCHA,QUITO,QUITO,RURAL,2017-05-31,16:56:00,16,MIERCOLES,3,MAYO,5,NO,NO TRANSITAR POR LAS ACERAS O ZONAS DE SEGURIDAD DESTINADAS PARA EL EFECTO.,CHOQUE LATERAL,BICICLETA,0,1,0,0,0,0,0,0,0,1,0,0,0,2,14,HOMBRE,LESIONADO,CONDUCTOR PRESENTE,NO,NO,3
3834,11907,11908,2017,1,0,-0.212824,-78.402686,PICHINCHA,QUITO,TUMBACO,RURAL,2017-05-31,17:43:00,17,MIERCOLES,3,MAYO,5,NO,"NO RESPETAR LAS SENIALES REGLAMENTARIAS DE TRANSITO. (PARE, CEDA EL PASO, LUZ ROJA DEL SEMAFORO, ETC).",ATROPELLOS,NO IDENTIFICADO,0,0,0,0,0,0,0,0,0,1,0,0,0,1,29,MUJER,LESIONADO,PEATON,NO,NO,3
3835,11908,11909,2017,0,0,-0.217884,-78.513075,PICHINCHA,QUITO,QUITO,URBANA,2017-05-31,17:45:00,17,MIERCOLES,3,MAYO,5,NO,NO MANTENER LA DISTANCIA PRUDENCIAL CON RESPECTO AL VEHICULO QUE LE ANTECEDE.,CHOQUE POSTERIOR,AUTOMOVIL,2,0,0,0,0,0,0,0,0,0,0,0,0,2,36,HOMBRE,ILESO,CONDUCTOR PRESENTE,NO,NO,0
3836,11910,11911,2017,0,0,-0.188552,-78.491969,PICHINCHA,QUITO,QUITO,URBANA,2017-05-31,18:40:00,18,MIERCOLES,3,MAYO,5,NO,NO GUARDAR LA DISTANCIA LATERAL MINIMA DE SEGURIDAD ENTRE VEHICULOS.,ROZAMIENTOS,AUTOMOVIL,1,0,0,0,0,0,0,0,0,1,0,0,0,2,53,HOMBRE,ILESO,CONDUCTOR PRESENTE,NO,NO,0
3837,11911,11912,2017,0,0,-0.241297,-78.535281,PICHINCHA,QUITO,QUITO,URBANA,2017-05-31,19:00:00,19,MIERCOLES,3,MAYO,5,NO,DEJAR O RECOGER PASAJEROS EN LUGARES NO PERMITIDOS.,CAIDA DE PASAJERO,NO IDENTIFICADO,0,0,0,0,0,0,0,0,0,1,0,0,0,1,16,MUJER,ILESO,PASAJERO,NO,NO,0
3838,11915,11916,2017,1,0,-0.261406,-78.540547,PICHINCHA,QUITO,QUITO,URBANA,2017-05-31,21:30:00,21,MIERCOLES,3,MAYO,5,NO,"NO RESPETAR LAS SENIALES REGLAMENTARIAS DE TRANSITO. (PARE, CEDA EL PASO, LUZ ROJA DEL SEMAFORO, ETC).",CHOQUE POSTERIOR,MOTOCICLETA,0,0,0,0,0,0,0,0,1,1,0,0,0,2,30,HOMBRE,LESIONADO,CONDUCTOR PRESENTE,NO,NO,0
3839,11918,11919,2017,2,2,-0.242246,-78.482784,PICHINCHA,QUITO,QUITO,URBANA,2017-05-31,22:00:00,22,MIERCOLES,3,MAYO,5,NO,"CONDUCE BAJO LA INFLUENCIA DE ALCOHOL, SUSTANCIAS ESTUPEFACIENTES O PSICOTROPICAS Y/O MEDICAMENTOS.",VOLCAMIENTOS,AUTOMOVIL,1,0,0,0,0,0,0,0,0,0,0,0,1,2,25,HOMBRE,FALLECIDO,PASAJERO,NO,NO,0
3840,11919,11920,2017,3,0,-0.246068,-78.518553,PICHINCHA,QUITO,QUITO,URBANA,2017-05-31,22:02:00,22,MIERCOLES,3,MAYO,5,NO,CONDUCIR VEHICULO SUPERANDO LOS LIMITES MAXIMOS DE VELOCIDAD.,VOLCAMIENTOS,CAMIONETA,0,0,0,0,1,0,0,0,1,0,0,0,0,2,31,MUJER,LESIONADO,PASAJERO,NO,NO,0
3841,11921,11922,2017,0,0,-0.199638,-78.492479,PICHINCHA,QUITO,QUITO,URBANA,2017-05-31,23:30:00,23,MIERCOLES,3,MAYO,5,NO,CONDUCIR VEHICULO SUPERANDO LOS LIMITES MAXIMOS DE VELOCIDAD.,VOLCAMIENTOS,MOTOCICLETA,1,0,0,0,0,0,0,0,1,0,0,0,0,2,28,HOMBRE,ILESO,CONDUCTOR PRESENTE,NO,NO,0
3842,11931,11932,2017,0,0,-0.066409,-78.466426,PICHINCHA,QUITO,POMASQUI,URBANA,2017-06-01,02:35:00,2,JUEVES,4,JUNIO,6,NO,CONDUCIR VEHICULO SUPERANDO LOS LIMITES MAXIMOS DE VELOCIDAD.,ESTRELLAMIENTOS,AUTOMOVIL,1,0,0,0,0,0,0,0,0,0,0,0,0,1,26,HOMBRE,ILESO,CONDUCTOR PRESENTE,NO,NO,0
3843,11935,11936,2017,1,0,-0.129112,-78.498255,PICHINCHA,QUITO,QUITO,URBANA,2017-06-01,06:03:00,6,JUEVES,4,JUNIO,6,NO,"CONDICIONES AMBIENTALES Y/O ATMOSFERICAS (NIEBLA, NEBLINA, GRANIZO, LLUVIA).",PERDIDA DE PISTA,MOTOCICLETA,0,0,0,0,0,0,0,0,1,0,0,0,0,1,38,HOMBRE,LESIONADO,CONDUCTOR PRESENTE,NO,NO,0
3844,11936,11937,2017,1,0,-0.094321,-78.437227,PICHINCHA,QUITO,CALDERON (CARAPUNGO),RURAL,2017-06-01,06:20:00,6,JUEVES,4,JUNIO,6,NO,NO TRANSITAR POR LAS ACERAS O ZONAS DE SEGURIDAD DESTINADAS PARA EL EFECTO.,ATROPELLOS,VEHICULO DEPORTIVO UTILITARIO,0,0,0,0,0,0,0,0,0,0,0,0,1,1,69,MUJER,LESIONADO,PEATON,NO,NO,3
3845,11939,11940,2017,0,0,-0.317898,-78.535609,PICHINCHA,QUITO,QUITO,URBANA,2017-06-01,07:05:00,7,JUEVES,4,JUNIO,6,NO,"CONDUCIR DESATENTO A LAS CONDICIONES DE TRANSITO (CELULAR, PANTALLAS DE VIDEO, COMIDA, MAQUILLAJE O CUALQUIER OTRO ELEMENTO DISTRACTOR).",ESTRELLAMIENTOS,BUS,0,0,1,0,0,0,0,0,0,0,0,0,0,1,-1,NO IDENTIFICADO,NO IDENTIFICADO,CONDUCTOR AUSENTE,NO,NO,2
3846,11940,11941,2017,1,0,-0.257853,-78.541696,PICHINCHA,QUITO,QUITO,URBANA,2017-06-01,08:00:00,8,JUEVES,4,JUNIO,6,NO,NO CEDER EL DERECHO DE VIA O PREFERENCIA DE PASO AL PEATON.,ATROPELLOS,NO IDENTIFICADO,0,0,0,0,0,0,0,0,0,1,0,0,0,1,29,MUJER,LESIONADO,PEATON,NO,NO,0
3847,11941,11942,2017,0,0,-0.214084,-78.405961,PICHINCHA,QUITO,TUMBACO,RURAL,2017-06-01,08:25:00,8,JUEVES,4,JUNIO,6,NO,NO GUARDAR LA DISTANCIA LATERAL MINIMA DE SEGURIDAD ENTRE VEHICULOS.,ROZAMIENTOS,FURGONETA,0,0,0,1,0,0,0,1,0,0,0,0,0,2,67,HOMBRE,ILESO,CONDUCTOR PRESENTE,NO,NO,3
3848,11943,11944,2017,0,0,-0.099083,-78.421844,PICHINCHA,QUITO,CALDERON (CARAPUNGO),RURAL,2017-06-01,08:48:00,8,JUEVES,4,JUNIO,6,NO,NO MANTENER LA DISTANCIA PRUDENCIAL CON RESPECTO AL VEHICULO QUE LE ANTECEDE.,CHOQUE POSTERIOR,VEHICULO DEPORTIVO UTILITARIO,0,0,0,0,1,0,0,0,0,0,0,0,1,2,34,MUJER,ILESO,CONDUCTOR PRESENTE,NO,NO,3
3849,11945,11946,2017,1,0,-0.206438,-78.370261,PICHINCHA,QUITO,PUEMBO,RURAL,2017-06-01,09:14:00,9,JUEVES,4,JUNIO,6,NO,CONDUCIR VEHICULO SUPERANDO LOS LIMITES MAXIMOS DE VELOCIDAD.,PERDIDA DE PISTA,MOTOCICLETA,0,0,0,0,0,0,0,0,1,0,0,0,0,1,31,HOMBRE,LESIONADO,CONDUCTOR PRESENTE,NO,NO,3
3850,11949,11950,2017,0,0,-0.169313,-78.476272,PICHINCHA,QUITO,QUITO,URBANA,2017-06-01,13:05:00,13,JUEVES,4,JUNIO,6,NO,NO GUARDAR LA DISTANCIA LATERAL MINIMA DE SEGURIDAD ENTRE VEHICULOS.,ROZAMIENTOS,CAMIONETA,0,0,0,0,1,0,0,0,0,0,0,0,1,2,39,HOMBRE,ILESO,CONDUCTOR PRESENTE,NO,NO,0
3851,11950,11951,2017,0,0,-0.212884,-78.402686,PICHINCHA,QUITO,TUMBACO,RURAL,2017-06-01,13:10:00,13,JUEVES,4,JUNIO,6,NO,NO MANTENER LA DISTANCIA PRUDENCIAL CON RESPECTO AL VEHICULO QUE LE ANTECEDE.,CHOQUE POSTERIOR,CAMIONETA,1,0,0,0,1,0,0,0,0,0,0,0,0,2,48,HOMBRE,ILESO,CONDUCTOR PRESENTE,NO,NO,3
3852,11952,11953,2017,1,0,-0.212846,-78.487297,PICHINCHA,QUITO,QUITO,URBANA,2017-06-01,14:00:00,14,JUEVES,4,JUNIO,6,NO,NO TRANSITAR POR LAS ACERAS O ZONAS DE SEGURIDAD DESTINADAS PARA EL EFECTO.,ATROPELLOS,AUTOMOVIL,1,0,0,0,0,0,0,0,0,0,0,0,0,1,17,MUJER,LESIONADO,PEATON,NO,NO,0
3853,11953,11954,2017,1,0,-0.121179,-78.480316,PICHINCHA,QUITO,QUITO,URBANA,2017-06-01,14:18:00,14,JUEVES,4,JUNIO,6,NO,BAJARSE O SUBIRSE DE VEHICULOS EN MOVIMIENTO SIN TOMAR LAS PRECAUCIONES DEBIDAS.,CAIDA DE PASAJERO,NO IDENTIFICADO,0,0,0,0,0,0,0,0,0,1,0,0,0,1,58,MUJER,LESIONADO,PASAJERO,NO,NO,0
3854,11954,11955,2017,1,0,-0.185434,-78.490972,PICHINCHA,QUITO,QUITO,URBANA,2017-06-01,14:50:00,14,JUEVES,4,JUNIO,6,NO,DANIOS MECANICOS PREVISIBLES.,ESTRELLAMIENTOS,CAMION,0,0,0,1,0,0,0,0,0,0,0,0,0,1,27,HOMBRE,LESIONADO,PEATON,NO,NO,0
3855,11958,11959,2017,1,0,-0.175491,-78.477426,PICHINCHA,QUITO,QUITO,URBANA,2017-06-01,16:40:00,16,JUEVES,4,JUNIO,6,NO,NO CEDER EL DERECHO DE VIA O PREFERENCIA DE PASO AL PEATON.,ATROPELLOS,VEHICULO DEPORTIVO UTILITARIO,0,0,0,0,0,0,0,0,0,0,0,0,1,1,61,MUJER,LESIONADO,PEATON,NO,NO,0
3856,11960,11961,2017,1,0,-0.325109,-78.550366,PICHINCHA,QUITO,QUITO,URBANA,2017-06-01,17:30:00,17,JUEVES,4,JUNIO,6,NO,NO CEDER EL DERECHO DE VIA O PREFERENCIA DE PASO AL PEATON.,ATROPELLOS,AUTOMOVIL,1,0,0,0,0,0,0,0,0,0,0,0,0,1,11,MUJER,LESIONADO,PEATON,NO,NO,0
3857,11961,11962,2017,1,0,-0.116011,-78.479444,PICHINCHA,QUITO,QUITO,URBANA,2017-06-01,17:35:00,17,JUEVES,4,JUNIO,6,NO,"NO RESPETAR LAS SENIALES REGLAMENTARIAS DE TRANSITO. (PARE, CEDA EL PASO, LUZ ROJA DEL SEMAFORO, ETC).",CHOQUE LATERAL,MOTOCICLETA,1,0,0,0,0,0,0,0,1,0,0,0,0,2,27,HOMBRE,LESIONADO,CONDUCTOR PRESENTE,NO,NO,0
3858,11962,11963,2017,1,0,-0.244867,-78.542656,PICHINCHA,QUITO,QUITO,URBANA,2017-06-01,18:20:00,18,JUEVES,4,JUNIO,6,NO,NO CEDER EL DERECHO DE VIA O PREFERENCIA DE PASO AL PEATON.,ARROLLAMIENTOS,AUTOMOVIL,1,0,0,0,0,0,0,0,0,0,0,0,0,1,6,HOMBRE,LESIONADO,PEATON,NO,NO,0
3859,11963,11964,2017,0,0,-0.212527,-78.496995,PICHINCHA,QUITO,QUITO,URBANA,2017-06-01,18:30:00,18,JUEVES,4,JUNIO,6,NO,NO CEDER EL DERECHO DE VIA O PREFERENCIA DE PASO AL PEATON.,ATROPELLOS,NO IDENTIFICADO,0,0,0,0,0,0,0,0,0,1,0,0,0,1,25,HOMBRE,ILESO,PEATON,NO,NO,0
3860,11964,11965,2017,0,0,-0.208873,-78.503537,PICHINCHA,QUITO,QUITO,URBANA,2017-06-01,18:30:00,18,JUEVES,4,JUNIO,6,NO,NO CEDER EL DERECHO DE VIA O PREFERENCIA DE PASO A VEHICULOS.,CHOQUE LATERAL,AUTOMOVIL,1,0,0,0,0,0,0,0,0,1,0,0,0,2,25,MUJER,ILESO,CONDUCTOR PRESENTE,NO,NO,0
3861,11968,11969,2017,0,0,-0.290418,-78.446089,PICHINCHA,QUITO,ALANGASI,RURAL,2017-06-01,20:10:00,20,JUEVES,4,JUNIO,6,NO,REALIZAR CAMBIO BRUSCO O INDEBIDO DE CARRIL.,ESTRELLAMIENTOS,AUTOMOVIL,1,0,0,0,0,0,0,0,0,1,0,0,0,2,39,HOMBRE,ILESO,CONDUCTOR PRESENTE,NO,NO,3