,Unnamed: 0,ID,ANIO,LESIONADOS,FALLECIDOS,LATITUD_Y,LONGITUD_X,PROVINCIA,CANTON,PARROQUIA,ZONA,FECHA,HORA,PERIODO_2,DIA_1,DIA_2,MES_1,MES_2,FERIADO,CAUSA_PROBABLE,TIPO_DE_SINIESTRO,TIPO_DE_VEHICULO_1,AUTOMOVIL,BICICLETA,BUS,CAMION,CAMIONETA,EMERGENCIAS,ESPECIAL,FURGONETA,MOTOCICLETA,NO_IDENTIFICADO,SCOOTER_ELECTRICO,TRICIMOTO,VEHICULO_DEPORTIVO_UTILITARIO,SUMA_DE_VEHICULOS,EDAD_1,SEXO_1,CONDICION_1,PARTICIPANTE_1,CASCO_1,CINTURON_1,KMeans_Cluster
3862,11969,11970,2017,0,0,-0.247146,-78.535093,PICHINCHA,QUITO,QUITO,URBANA,2017-06-01,20:15:00,20,JUEVES,4,JUNIO,6,NO,NO GUARDAR LA DISTANCIA LATERAL MINIMA DE SEGURIDAD ENTRE VEHICULOS.,ROZAMIENTOS,CAMIONETA,1,0,0,0,1,0,0,0,0,0,0,0,0,2,71,HOMBRE,ILESO,CONDUCTOR PRESENTE,NO,NO,0
3863,11971,11972,2017,0,0,-0.171151,-78.485574,PICHINCHA,QUITO,QUITO,URBANA,2017-06-01,20:42:00,20,JUEVES,4,JUNIO,6,NO,NO CEDER EL DERECHO DE VIA O PREFERENCIA DE PASO A VEHICULOS.,CHOQUE LATERAL,VEHICULO DEPORTIVO UTILITARIO,1,0,0,0,0,0,0,0,0,0,0,0,1,2,38,HOMBRE,ILESO,CONDUCTOR PRESENTE,NO,NO,0
3864,11973,11974,2017,0,0,-0.267229,-78.527199,PICHINCHA,QUITO,QUITO,URBANA,2017-06-01,21:15:00,21,JUEVES,4,JUNIO,6,NO,"NO RESPETAR LAS SENIALES REGLAMENTARIAS DE TRANSITO. (PARE, CEDA EL PASO, LUZ ROJA DEL SEMAFORO, ETC).",CHOQUE LATERAL,AUTOMOVIL,1,0,1,0,0,0,0,0,0,0,0,0,0,2,30,MUJER,ILESO,CONDUCTOR PRESENTE,NO,NO,0
3865,11974,11975,2017,1,0,-0.267229,-78.527199,PICHINCHA,QUITO,QUITO,URBANA,2017-06-01,22:00:00,22,JUEVES,4,JUNIO,6,NO,NO TRANSITAR POR LAS ACERAS O ZONAS DE SEGURIDAD DESTINADAS PARA EL EFECTO.,ATROPELLOS,BUS,0,0,1,0,0,0,0,0,0,0,0,0,0,1,17,HOMBRE,LESIONADO,PEATON,NO,NO,0
3866,11992,11993,2017,1,0,-0.091585,-78.439052,PICHINCHA,QUITO,CALDERON (CARAPUNGO),RURAL,2017-06-02,00:30:00,0,VIERNES,5,JUNIO,6,NO,"CONDUCE BAJO LA INFLUENCIA DE ALCOHOL, SUSTANCIAS ESTUPEFACIENTES O PSICOTROPICAS Y/O MEDICAMENTOS.",CHOQUE FRONTAL,VEHICULO DEPORTIVO UTILITARIO,0,0,0,0,0,0,0,0,1,0,0,0,1,2,25,HOMBRE,LESIONADO,CONDUCTOR PRESENTE,NO,NO,3
3867,11996,11997,2017,1,0,-0.181249,-78.505204,PICHINCHA,QUITO,QUITO,URBANA,2017-06-02,06:00:00,6,VIERNES,5,JUNIO,6,NO,CONDUCIR VEHICULO SUPERANDO LOS LIMITES MAXIMOS DE VELOCIDAD.,CAIDA DE PASAJERO,NO IDENTIFICADO,0,0,0,0,0,0,0,0,0,1,0,0,0,1,38,MUJER,LESIONADO,PASAJERO,NO,NO,0
3868,11998,11999,2017,0,0,-0.196047,-78.466538,PICHINCHA,QUITO,QUITO,URBANA,2017-06-02,06:40:00,6,VIERNES,5,JUNIO,6,NO,NO MANTENER LA DISTANCIA PRUDENCIAL CON RESPECTO AL VEHICULO QUE LE ANTECEDE.,COLISION,CAMIONETA,2,0,0,0,1,0,0,0,0,0,0,0,0,3,44,MUJER,ILESO,CONDUCTOR PRESENTE,NO,NO,0
3869,12001,12002,2017,7,0,-0.141491,-78.495693,PICHINCHA,QUITO,QUITO,URBANA,2017-06-02,07:20:00,7,VIERNES,5,JUNIO,6,NO,"NO RESPETAR LAS SENIALES REGLAMENTARIAS DE TRANSITO. (PARE, CEDA EL PASO, LUZ ROJA DEL SEMAFORO, ETC).",CHOQUE LATERAL,AUTOMOVIL,1,0,0,0,0,0,0,1,0,0,0,0,0,2,49,MUJER,LESIONADO,CONDUCTOR PRESENTE,NO,NO,0
3870,12002,12003,2017,1,0,-0.094521,-78.481712,PICHINCHA,QUITO,QUITO,URBANA,2017-06-02,07:40:00,7,VIERNES,5,JUNIO,6,NO,NO MANTENER LA DISTANCIA PRUDENCIAL CON RESPECTO AL VEHICULO QUE LE ANTECEDE.,CHOQUE POSTERIOR,AUTOMOVIL,2,0,0,0,0,0,0,0,0,0,0,0,0,2,34,MUJER,LESIONADO,PASAJERO,NO,NO,0
3871,12009,12010,2017,0,0,-0.107591,-78.391704,PICHINCHA,QUITO,CALDERON (CARAPUNGO),RURAL,2017-06-02,09:30:00,9,VIERNES,5,JUNIO,6,NO,CONDUCIR VEHICULO SUPERANDO LOS LIMITES MAXIMOS DE VELOCIDAD.,VOLCAMIENTOS,CAMION,0,0,0,1,0,0,0,0,0,0,0,0,0,1,55,HOMBRE,ILESO,CONDUCTOR PRESENTE,NO,NO,3
3872,12011,12012,2017,0,0,-0.099083,-78.421844,PICHINCHA,QUITO,CALDERON (CARAPUNGO),URBANA,2017-06-02,10:00:00,10,VIERNES,5,JUNIO,6,NO,"NO RESPETAR LAS SENIALES REGLAMENTARIAS DE TRANSITO. (PARE, CEDA EL PASO, LUZ ROJA DEL SEMAFORO, ETC).",ESTRELLAMIENTOS,FURGONETA,0,0,0,0,0,0,0,1,0,0,0,0,1,2,38,HOMBRE,ILESO,CONDUCTOR PRESENTE,NO,NO,0
3873,12012,12013,2017,0,1,-0.263891,-78.487764,PICHINCHA,QUITO,CONOCOTO,RURAL,2017-06-02,11:10:00,11,VIERNES,5,JUNIO,6,NO,NO CEDER EL DERECHO DE VIA O PREFERENCIA DE PASO AL PEATON.,ATROPELLOS,BUS,0,0,1,0,0,0,0,0,0,0,0,0,0,1,-1,NO IDENTIFICADO,FALLECIDO,PEATON,NO,NO,3
3874,12015,12016,2017,0,0,-0.182116,-78.478826,PICHINCHA,QUITO,QUITO,URBANA,2017-06-02,12:00:00,12,VIERNES,5,JUNIO,6,NO,NO CEDER EL DERECHO DE VIA O PREFERENCIA DE PASO A VEHICULOS.,CHOQUE LATERAL,AUTOMOVIL,1,0,0,0,0,0,0,0,0,1,0,0,0,2,60,HOMBRE,ILESO,CONDUCTOR PRESENTE,NO,NO,0
3875,12016,12017,2017,1,0,-0.296543,-78.454131,PICHINCHA,QUITO,ALANGASI,RURAL,2017-06-02,12:22:00,12,VIERNES,5,JUNIO,6,NO,NO CEDER EL DERECHO DE VIA O PREFERENCIA DE PASO AL PEATON.,ATROPELLOS,NO IDENTIFICADO,0,0,0,0,0,0,0,0,0,1,0,0,0,1,62,MUJER,LESIONADO,PEATON,NO,NO,3
3876,12017,12018,2017,0,0,-0.262745,-78.530531,PICHINCHA,QUITO,QUITO,URBANA,2017-06-02,12:22:00,12,VIERNES,5,JUNIO,6,NO,PEATON QUE CRUZA LA CALZADA SIN RESPETAR LA SENIALIZACION EXISTENTE (SEMAFOROS O SENIALES MANUALES).,ATROPELLOS,FURGONETA,0,0,0,0,0,0,0,1,0,0,0,0,0,1,41,HOMBRE,ILESO,CONDUCTOR PRESENTE,NO,NO,0
3877,12021,12022,2017,0,0,-0.175924,-78.485669,PICHINCHA,QUITO,QUITO,URBANA,2017-06-02,12:45:00,12,VIERNES,5,JUNIO,6,NO,NO MANTENER LA DISTANCIA PRUDENCIAL CON RESPECTO AL VEHICULO QUE LE ANTECEDE.,CHOQUE POSTERIOR,CAMIONETA,1,0,0,0,1,0,0,0,0,0,0,0,0,2,43,MUJER,ILESO,CONDUCTOR PRESENTE,NO,NO,0
3878,12023,12024,2017,1,0,-0.143444,-78.496248,PICHINCHA,QUITO,QUITO,URBANA,2017-06-02,15:10:00,15,VIERNES,5,JUNIO,6,NO,NO GUARDAR LA DISTANCIA LATERAL MINIMA DE SEGURIDAD ENTRE VEHICULOS.,ROZAMIENTOS,AUTOMOVIL,1,0,0,0,0,0,0,0,1,0,0,0,0,2,40,HOMBRE,LESIONADO,CONDUCTOR PRESENTE,NO,NO,0
3879,12027,12028,2017,0,0,-0.190618,-78.506649,PICHINCHA,QUITO,QUITO,URBANA,2017-06-02,15:55:00,15,VIERNES,5,JUNIO,6,NO,REALIZAR CAMBIO BRUSCO O INDEBIDO DE CARRIL.,ESTRELLAMIENTOS,AUTOMOVIL,1,0,0,0,0,0,0,0,0,0,0,0,0,1,23,HOMBRE,ILESO,CONDUCTOR PRESENTE,NO,NO,0
3880,12029,12030,2017,0,1,-0.129332,-78.494021,PICHINCHA,QUITO,QUITO,URBANA,2017-06-02,16:54:00,16,VIERNES,5,JUNIO,6,NO,PEATON QUE CRUZA LA CALZADA SIN RESPETAR LA SENIALIZACION EXISTENTE (SEMAFOROS O SENIALES MANUALES).,ATROPELLOS,BUS,0,0,1,0,0,0,0,0,0,0,0,0,0,1,73,MUJER,FALLECIDO,PEATON,NO,NO,0
3881,12030,12031,2017,1,0,-0.303034,-78.490541,PICHINCHA,QUITO,CONOCOTO,RURAL,2017-06-02,17:15:00,17,VIERNES,5,JUNIO,6,NO,"CONDUCIR DESATENTO A LAS CONDICIONES DE TRANSITO (CELULAR, PANTALLAS DE VIDEO, COMIDA, MAQUILLAJE O CUALQUIER OTRO ELEMENTO DISTRACTOR).",ESTRELLAMIENTOS,CAMIONETA,0,0,0,0,1,0,0,0,0,0,0,0,0,1,21,HOMBRE,LESIONADO,PEATON,NO,NO,3
3882,12033,12034,2017,1,0,-0.170676,-78.476424,PICHINCHA,QUITO,QUITO,URBANA,2017-06-02,18:30:00,18,VIERNES,5,JUNIO,6,NO,"NO RESPETAR LAS SENIALES REGLAMENTARIAS DE TRANSITO. (PARE, CEDA EL PASO, LUZ ROJA DEL SEMAFORO, ETC).",CHOQUE LATERAL,MOTOCICLETA,0,0,0,0,0,0,0,0,1,1,0,0,0,2,32,HOMBRE,LESIONADO,CONDUCTOR PRESENTE,NO,NO,0
3883,12034,12035,2017,1,0,-0.259484,-78.539933,PICHINCHA,QUITO,QUITO,URBANA,2017-06-02,18:40:00,18,VIERNES,5,JUNIO,6,NO,NO CEDER EL DERECHO DE VIA O PREFERENCIA DE PASO AL PEATON.,ATROPELLOS,NO IDENTIFICADO,0,0,0,0,0,0,0,0,0,1,0,0,0,1,11,MUJER,LESIONADO,PEATON,NO,NO,0
3884,12036,12037,2017,0,0,-0.257051,-78.529503,PICHINCHA,QUITO,QUITO,URBANA,2017-06-02,19:00:00,19,VIERNES,5,JUNIO,6,NO,PEATON QUE CRUZA LA CALZADA SIN RESPETAR LA SENIALIZACION EXISTENTE (SEMAFOROS O SENIALES MANUALES).,ATROPELLOS,AUTOMOVIL,1,0,0,0,0,0,0,0,0,0,0,0,0,1,31,HOMBRE,ILESO,CONDUCTOR PRESENTE,NO,NO,0
3885,12037,12038,2017,0,0,-0.439873,-78.743217,PICHINCHA,MEJIA,MANUEL CORNEJO ASTORGA,RURAL,2017-06-02,19:15:00,19,VIERNES,5,JUNIO,6,NO,"CONDICIONES AMBIENTALES Y/O ATMOSFERICAS (NIEBLA, NEBLINA, GRANIZO, LLUVIA).",PERDIDA DE PISTA,ESPECIAL,0,0,0,0,0,0,1,0,0,1,0,0,0,2,38,HOMBRE,ILESO,CONDUCTOR PRESENTE,NO,NO,3
3886,12039,12040,2017,0,0,-0.457631,-78.755831,PICHINCHA,MEJIA,MANUEL CORNEJO ASTORGA,RURAL,2017-06-02,19:40:00,19,VIERNES,5,JUNIO,6,NO,"CONDICIONES AMBIENTALES Y/O ATMOSFERICAS (NIEBLA, NEBLINA, GRANIZO, LLUVIA).",CHOQUE LATERAL,CAMION,1,0,0,1,0,0,0,0,0,0,0,0,0,2,27,HOMBRE,ILESO,CONDUCTOR PRESENTE,NO,NO,3
3887,12045,12046,2017,0,0,-0.233331,-78.490789,PICHINCHA,QUITO,QUITO,URBANA,2017-06-02,20:47:00,20,VIERNES,5,JUNIO,6,NO,NO TRANSITAR POR LAS ACERAS O ZONAS DE SEGURIDAD DESTINADAS PARA EL EFECTO.,ATROPELLOS,NO IDENTIFICADO,0,0,0,0,0,0,0,0,0,1,0,0,0,1,37,HOMBRE,ILESO,PEATON,NO,NO,0
3888,12046,12047,2017,1,0,-0.258896,-78.526282,PICHINCHA,QUITO,QUITO,URBANA,2017-06-02,20:50:00,20,VIERNES,5,JUNIO,6,NO,DEJAR O RECOGER PASAJEROS EN LUGARES NO PERMITIDOS.,CAIDA DE PASAJERO,NO IDENTIFICADO,0,0,0,0,0,0,0,0,0,1,0,0,0,1,47,HOMBRE,LESIONADO,PASAJERO,NO,NO,0
3889,12048,12049,2017,1,0,-0.299015,-78.531528,PICHINCHA,QUITO,QUITO,URBANA,2017-06-02,21:20:00,21,VIERNES,5,JUNIO,6,NO,CONDUCIR VEHICULO SUPERANDO LOS LIMITES MAXIMOS DE VELOCIDAD.,PERDIDA DE PISTA,NO IDENTIFICADO,0,0,0,0,0,0,0,0,0,1,0,0,0,1,23,HOMBRE,LESIONADO,CONDUCTOR PRESENTE,NO,NO,0
3890,12049,12050,2017,0,0,-0.296072,-78.454241,PICHINCHA,QUITO,ALANGASI,RURAL,2017-06-02,22:00:00,22,VIERNES,5,JUNIO,6,NO,"CONDUCE BAJO LA INFLUENCIA DE ALCOHOL, SUSTANCIAS ESTUPEFACIENTES O PSICOTROPICAS Y/O MEDICAMENTOS.",ESTRELLAMIENTOS,VEHICULO DEPORTIVO UTILITARIO,2,0,0,0,0,0,0,0,0,0,0,0,1,3,64,HOMBRE,ILESO,CONDUCTOR PRESENTE,NO,NO,3
3891,12050,12051,2017,0,0,-0.210503,-78.511771,PICHINCHA,QUITO,QUITO,URBANA,2017-06-02,22:00:00,22,VIERNES,5,JUNIO,6,NO,"CONDUCE BAJO LA INFLUENCIA DE ALCOHOL, SUSTANCIAS ESTUPEFACIENTES O PSICOTROPICAS Y/O MEDICAMENTOS.",CHOQUE LATERAL,AUTOMOVIL,2,0,0,0,0,0,0,0,0,0,0,0,0,2,32,MUJER,ILESO,CONDUCTOR PRESENTE,NO,NO,0
3892,12057,12058,2017,1,0,-0.112189,-78.504802,PICHINCHA,QUITO,QUITO,URBANA,2017-06-02,23:33:00,23,VIERNES,5,JUNIO,6,NO,CONDUCIR VEHICULO SUPERANDO LOS LIMITES MAXIMOS DE VELOCIDAD.,PERDIDA DE PISTA,MOTOCICLETA,0,0,0,0,0,0,0,0,1,0,0,0,0,1,20,HOMBRE,LESIONADO,PASAJERO,NO,NO,0
3893,12069,12070,2017,0,1,-0.441641,-78.555222,PICHINCHA,MEJIA,ALOAG,RURAL,2017-06-03,00:00:00,0,SABADO,6,JUNIO,6,NO,"CONDUCIR DESATENTO A LAS CONDICIONES DE TRANSITO (CELULAR, PANTALLAS DE VIDEO, COMIDA, MAQUILLAJE O CUALQUIER OTRO ELEMENTO DISTRACTOR).",ATROPELLOS,NO IDENTIFICADO,0,0,0,0,0,0,0,0,0,1,0,0,0,1,32,HOMBRE,FALLECIDO,PEATON,NO,NO,3
3894,12071,12072,2017,0,0,-0.204576,-78.490444,PICHINCHA,QUITO,QUITO,URBANA,2017-06-03,00:05:00,0,SABADO,6,JUNIO,6,NO,"CONDUCIR EN ESTADO DE SOMNOLENCIA O MALAS CONDICIONES FISICAS (SUENIO, CANSANCIO Y FATIGA).",ESTRELLAMIENTOS,AUTOMOVIL,1,0,0,0,0,0,0,0,0,0,0,0,0,1,-1,NO IDENTIFICADO,NO IDENTIFICADO,CONDUCTOR AUSENTE,NO,NO,2
3895,12072,12073,2017,0,0,-0.187048,-78.479674,PICHINCHA,QUITO,QUITO,URBANA,2017-06-03,00:25:00,0,SABADO,6,JUNIO,6,NO,"CONDUCE BAJO LA INFLUENCIA DE ALCOHOL, SUSTANCIAS ESTUPEFACIENTES O PSICOTROPICAS Y/O MEDICAMENTOS.",CHOQUE POSTERIOR,VEHICULO DEPORTIVO UTILITARIO,0,0,0,0,0,0,0,0,0,0,0,0,2,2,34,HOMBRE,ILESO,CONDUCTOR PRESENTE,NO,NO,0
3896,12075,12076,2017,0,0,-0.310611,-78.546248,PICHINCHA,QUITO,QUITO,URBANA,2017-06-03,00:45:00,0,SABADO,6,JUNIO,6,NO,NO MANTENER LA DISTANCIA PRUDENCIAL CON RESPECTO AL VEHICULO QUE LE ANTECEDE.,CHOQUE POSTERIOR,VEHICULO DEPORTIVO UTILITARIO,1,0,0,0,0,0,0,0,0,0,0,0,1,2,50,HOMBRE,ILESO,CONDUCTOR PRESENTE,NO,NO,0
3897,12078,12079,2017,0,0,-0.271192,-78.551861,PICHINCHA,QUITO,QUITO,URBANA,2017-06-03,02:05:00,2,SABADO,6,JUNIO,6,NO,"CONDUCIR EN ESTADO DE SOMNOLENCIA O MALAS CONDICIONES FISICAS (SUENIO, CANSANCIO Y FATIGA).",PERDIDA DE PISTA,MOTOCICLETA,0,0,0,0,0,0,0,0,1,0,0,0,0,1,-1,NO IDENTIFICADO,NO IDENTIFICADO,CONDUCTOR AUSENTE,NO,NO,2
3898,12082,12083,2017,0,0,-0.509078,-78.563769,PICHINCHA,MEJIA,MACHACHI,RURAL,2017-06-03,02:15:00,2,SABADO,6,JUNIO,6,NO,CONDUCIR VEHICULO SUPERANDO LOS LIMITES MAXIMOS DE VELOCIDAD.,ESTRELLAMIENTOS,CAMION,0,0,0,1,0,0,0,0,0,0,0,0,0,1,-1,NO IDENTIFICADO,NO IDENTIFICADO,CONDUCTOR AUSENTE,NO,NO,2
3899,12083,12084,2017,1,0,-0.151938,-78.464448,PICHINCHA,QUITO,QUITO,URBANA,2017-06-03,02:15:00,2,SABADO,6,JUNIO,6,NO,"CONDUCIR EN ESTADO DE SOMNOLENCIA O MALAS CONDICIONES FISICAS (SUENIO, CANSANCIO Y FATIGA).",PERDIDA DE PISTA,NO IDENTIFICADO,0,0,0,0,0,0,0,0,0,1,0,0,0,1,33,MUJER,LESIONADO,PASAJERO,NO,NO,0
3900,12084,12085,2017,0,0,-0.176371,-78.495323,PICHINCHA,QUITO,QUITO,URBANA,2017-06-03,02:50:00,2,SABADO,6,JUNIO,6,NO,"CONDUCIR EN ESTADO DE SOMNOLENCIA O MALAS CONDICIONES FISICAS (SUENIO, CANSANCIO Y FATIGA).",ESTRELLAMIENTOS,AUTOMOVIL,1,0,0,0,0,0,0,0,0,0,0,0,0,1,-1,NO IDENTIFICADO,NO IDENTIFICADO,CONDUCTOR AUSENTE,NO,NO,2
3901,12087,12088,2017,0,0,-0.212824,-78.402686,PICHINCHA,QUITO,TUMBACO,RURAL,2017-06-03,03:35:00,3,SABADO,6,JUNIO,6,NO,"CONDUCIR EN ESTADO DE SOMNOLENCIA O MALAS CONDICIONES FISICAS (SUENIO, CANSANCIO Y FATIGA).",PERDIDA DE PISTA,VEHICULO DEPORTIVO UTILITARIO,0,0,0,0,0,0,0,0,0,0,0,0,1,1,41,HOMBRE,ILESO,CONDUCTOR PRESENTE,NO,NO,3
3902,12088,12089,2017,0,0,-0.093293,-78.328392,PICHINCHA,QUITO,EL QUINCHE,RURAL,2017-06-03,04:10:00,4,SABADO,6,JUNIO,6,NO,CONDUCIR VEHICULO SUPERANDO LOS LIMITES MAXIMOS DE VELOCIDAD.,PERDIDA DE PISTA,AUTOMOVIL,1,0,0,0,0,0,0,0,0,0,0,0,0,1,19,MUJER,ILESO,PASAJERO,NO,NO,3
3903,12089,12090,2017,0,0,-0.153716,-78.467157,PICHINCHA,QUITO,QUITO,URBANA,2017-06-03,04:40:00,4,SABADO,6,JUNIO,6,NO,"CONDUCIR EN ESTADO DE SOMNOLENCIA O MALAS CONDICIONES FISICAS (SUENIO, CANSANCIO Y FATIGA).",PERDIDA DE PISTA,AUTOMOVIL,1,0,0,0,0,0,0,0,0,0,0,0,0,1,69,HOMBRE,ILESO,CONDUCTOR PRESENTE,NO,NO,0
3904,12092,12093,2017,0,2,-0.120238,-78.480202,PICHINCHA,QUITO,QUITO,URBANA,2017-06-03,05:00:00,5,SABADO,6,JUNIO,6,NO,CONDUCIR VEHICULO SUPERANDO LOS LIMITES MAXIMOS DE VELOCIDAD.,CHOQUE FRONTAL,MOTOCICLETA,0,0,0,0,0,0,0,0,1,1,0,0,0,2,23,HOMBRE,FALLECIDO,CONDUCTOR PRESENTE,NO,NO,0
3905,12095,12096,2017,0,0,-0.199391,-78.490711,PICHINCHA,QUITO,QUITO,URBANA,2017-06-03,07:00:00,7,SABADO,6,JUNIO,6,NO,"NO RESPETAR LAS SENIALES REGLAMENTARIAS DE TRANSITO. (PARE, CEDA EL PASO, LUZ ROJA DEL SEMAFORO, ETC).",CHOQUE LATERAL,AUTOMOVIL,2,0,0,0,0,0,0,0,0,0,0,0,0,2,44,HOMBRE,ILESO,CONDUCTOR PRESENTE,NO,NO,0
3906,12097,12098,2017,1,0,-0.280556,-78.534931,PICHINCHA,QUITO,QUITO,URBANA,2017-06-03,07:55:00,7,SABADO,6,JUNIO,6,NO,"CONDUCIR DESATENTO A LAS CONDICIONES DE TRANSITO (CELULAR, PANTALLAS DE VIDEO, COMIDA, MAQUILLAJE O CUALQUIER OTRO ELEMENTO DISTRACTOR).",ATROPELLOS,AUTOMOVIL,1,0,0,0,0,0,0,0,0,0,0,0,0,1,66,MUJER,LESIONADO,PEATON,NO,NO,0
3907,12101,12102,2017,1,0,-0.202759,-78.440071,PICHINCHA,QUITO,CUMBAYA,RURAL,2017-06-03,09:40:00,9,SABADO,6,JUNIO,6,NO,BAJARSE O SUBIRSE DE VEHICULOS EN MOVIMIENTO SIN TOMAR LAS PRECAUCIONES DEBIDAS.,CAIDA DE PASAJERO,BUS,0,0,1,0,0,0,0,0,0,0,0,0,0,1,9,MUJER,LESIONADO,PASAJERO,NO,NO,3
3908,12102,12103,2017,1,0,-0.286473,-78.549947,PICHINCHA,QUITO,QUITO,URBANA,2017-06-03,10:00:00,10,SABADO,6,JUNIO,6,NO,BAJARSE O SUBIRSE DE VEHICULOS EN MOVIMIENTO SIN TOMAR LAS PRECAUCIONES DEBIDAS.,OTROS,BUS,0,0,1,0,0,0,0,0,0,0,0,0,0,1,49,MUJER,LESIONADO,PASAJERO,NO,NO,0
3909,12106,12107,2017,2,0,-0.147119,-78.492163,PICHINCHA,QUITO,QUITO,URBANA,2017-06-03,11:00:00,11,SABADO,6,JUNIO,6,NO,NO CEDER EL DERECHO DE VIA O PREFERENCIA DE PASO A VEHICULOS.,CHOQUE LATERAL,AUTOMOVIL,2,0,0,0,0,0,0,0,0,0,0,0,0,2,5,HOMBRE,LESIONADO,PASAJERO,NO,NO,0
3910,12109,12110,2017,0,0,-0.048323,-78.285557,PICHINCHA,CAYAMBE,SANTA ROSA DE CUZUBAMBA,RURAL,2017-06-03,13:00:00,13,SABADO,6,JUNIO,6,NO,NO MANTENER LA DISTANCIA PRUDENCIAL CON RESPECTO AL VEHICULO QUE LE ANTECEDE.,COLISION,BUS,0,0,1,0,0,0,0,0,0,0,0,0,1,2,50,MUJER,ILESO,CONDUCTOR PRESENTE,NO,NO,3
3911,12110,12111,2017,0,0,-0.208326,-78.520929,PICHINCHA,QUITO,QUITO,URBANA,2017-06-03,13:30:00,13,SABADO,6,JUNIO,6,NO,NO CEDER EL DERECHO DE VIA O PREFERENCIA DE PASO A VEHICULOS.,CHOQUE LATERAL,AUTOMOVIL,1,0,0,0,0,0,0,0,0,1,0,0,0,2,35,HOMBRE,ILESO,CONDUCTOR PRESENTE,NO,NO,0
3912,12111,12112,2017,0,0,-0.196299,-78.484687,PICHINCHA,QUITO,QUITO,URBANA,2017-06-03,13:45:00,13,SABADO,6,JUNIO,6,NO,"NO RESPETAR LAS SENIALES REGLAMENTARIAS DE TRANSITO. (PARE, CEDA EL PASO, LUZ ROJA DEL SEMAFORO, ETC).",CHOQUE LATERAL,VEHICULO DEPORTIVO UTILITARIO,0,0,0,0,0,0,0,0,0,0,0,0,2,2,61,HOMBRE,ILESO,CONDUCTOR PRESENTE,NO,NO,0
3913,12114,12115,2017,0,0,-0.176601,-78.480913,PICHINCHA,QUITO,QUITO,URBANA,2017-06-03,14:08:00,14,SABADO,6,JUNIO,6,NO,NO GUARDAR LA DISTANCIA LATERAL MINIMA DE SEGURIDAD ENTRE VEHICULOS.,ROZAMIENTOS,AUTOMOVIL,2,0,0,0,0,0,0,0,0,0,0,0,0,2,41,MUJER,ILESO,CONDUCTOR PRESENTE,NO,NO,0
3914,12115,12116,2017,0,0,-0.177136,-78.478028,PICHINCHA,QUITO,QUITO,URBANA,2017-06-03,14:10:00,14,SABADO,6,JUNIO,6,NO,"NO RESPETAR LAS SENIALES REGLAMENTARIAS DE TRANSITO. (PARE, CEDA EL PASO, LUZ ROJA DEL SEMAFORO, ETC).",ESTRELLAMIENTOS,AUTOMOVIL,1,0,0,0,0,0,0,0,0,1,0,0,0,2,31,HOMBRE,ILESO,CONDUCTOR PRESENTE,NO,NO,0
3915,12118,12119,2017,1,0,-0.209176,-78.512913,PICHINCHA,QUITO,QUITO,URBANA,2017-06-03,15:50:00,15,SABADO,6,JUNIO,6,NO,"CONDUCE BAJO LA INFLUENCIA DE ALCOHOL, SUSTANCIAS ESTUPEFACIENTES O PSICOTROPICAS Y/O MEDICAMENTOS.",ESTRELLAMIENTOS,MOTOCICLETA,1,0,0,0,0,0,0,0,1,0,0,0,0,2,28,HOMBRE,LESIONADO,CONDUCTOR PRESENTE,NO,NO,0
3916,12119,12120,2017,1,0,-0.093351,-78.404123,PICHINCHA,QUITO,CALDERON (CARAPUNGO),RURAL,2017-06-03,16:07:00,16,SABADO,6,JUNIO,6,NO,"CASO FORTUITO O FUERZA MAYOR (EXPLOSION DE NEUMATICO NUEVO, DERRUMBE, INUNDACION, CAIDA DE PUENTE, ARBOL, PRESENCIA INTEMPESTIVA E IMPREVISTA DE SEMOVIENTES EN LA VIA, ETC.).",ATROPELLOS,NO IDENTIFICADO,0,0,0,0,0,0,0,0,0,1,0,0,0,1,23,HOMBRE,LESIONADO,PEATON,NO,NO,3
3917,12120,12121,2017,1,0,-0.283634,-78.535666,PICHINCHA,QUITO,QUITO,URBANA,2017-06-03,16:13:00,16,SABADO,6,JUNIO,6,NO,NO CEDER EL DERECHO DE VIA O PREFERENCIA DE PASO AL PEATON.,ARROLLAMIENTOS,BUS,0,0,1,0,0,0,0,0,0,0,0,0,0,1,67,HOMBRE,LESIONADO,PEATON,NO,NO,0
3918,12121,12122,2017,0,0,-0.305679,-78.547047,PICHINCHA,QUITO,QUITO,URBANA,2017-06-03,16:30:00,16,SABADO,6,JUNIO,6,NO,REALIZAR CAMBIO BRUSCO O INDEBIDO DE CARRIL.,PERDIDA DE PISTA,AUTOMOVIL,1,0,0,0,0,0,0,0,0,0,0,0,0,1,-1,NO IDENTIFICADO,NO IDENTIFICADO,CONDUCTOR AUSENTE,NO,NO,2
3919,12123,12124,2017,0,0,-0.283652,-78.543665,PICHINCHA,QUITO,QUITO,URBANA,2017-06-03,16:45:00,16,SABADO,6,JUNIO,6,NO,NO MANTENER LA DISTANCIA PRUDENCIAL CON RESPECTO AL VEHICULO QUE LE ANTECEDE.,CHOQUE POSTERIOR,FURGONETA,0,0,0,0,0,0,0,1,0,0,0,0,1,2,30,HOMBRE,ILESO,CONDUCTOR PRESENTE,NO,NO,0
3920,12127,12128,2017,1,0,-0.214643,-78.516701,PICHINCHA,QUITO,QUITO,URBANA,2017-06-03,17:40:00,17,SABADO,6,JUNIO,6,NO,CONDUCIR VEHICULO SUPERANDO LOS LIMITES MAXIMOS DE VELOCIDAD.,PERDIDA DE PISTA,MOTOCICLETA,0,0,0,0,0,0,0,0,1,0,0,0,0,1,7,MUJER,LESIONADO,PASAJERO,NO,NO,0