,Unnamed: 0,ID,ANIO,LESIONADOS,FALLECIDOS,LATITUD_Y,LONGITUD_X,PROVINCIA,CANTON,PARROQUIA,ZONA,FECHA,HORA,PERIODO_2,DIA_1,DIA_2,MES_1,MES_2,FERIADO,CAUSA_PROBABLE,TIPO_DE_SINIESTRO,TIPO_DE_VEHICULO_1,AUTOMOVIL,BICICLETA,BUS,CAMION,CAMIONETA,EMERGENCIAS,ESPECIAL,FURGONETA,MOTOCICLETA,NO_IDENTIFICADO,SCOOTER_ELECTRICO,TRICIMOTO,VEHICULO_DEPORTIVO_UTILITARIO,SUMA_DE_VEHICULOS,EDAD_1,SEXO_1,CONDICION_1,PARTICIPANTE_1,CASCO_1,CINTURON_1,KMeans_Cluster
3921,12128,12129,2017,0,0,-0.306429,-78.566561,PICHINCHA,QUITO,QUITO,URBANA,2017-06-03,18:15:00,18,SABADO,6,JUNIO,6,NO,"CONDUCE BAJO LA INFLUENCIA DE ALCOHOL, SUSTANCIAS ESTUPEFACIENTES O PSICOTROPICAS Y/O MEDICAMENTOS.",CHOQUE FRONTAL,AUTOMOVIL,1,0,0,1,0,0,0,0,0,0,0,0,0,2,30,HOMBRE,ILESO,CONDUCTOR PRESENTE,NO,NO,0
3922,12130,12131,2017,1,0,-0.282181,-78.544961,PICHINCHA,QUITO,QUITO,URBANA,2017-06-03,19:05:00,19,SABADO,6,JUNIO,6,NO,"CONDUCE BAJO LA INFLUENCIA DE ALCOHOL, SUSTANCIAS ESTUPEFACIENTES O PSICOTROPICAS Y/O MEDICAMENTOS.",VOLCAMIENTOS,AUTOMOVIL,2,0,0,0,0,0,0,0,0,0,0,0,0,2,41,HOMBRE,LESIONADO,CONDUCTOR PRESENTE,NO,NO,0
3923,12131,12132,2017,0,0,-0.093341,-78.476351,PICHINCHA,QUITO,QUITO,URBANA,2017-06-03,19:23:00,19,SABADO,6,JUNIO,6,NO,"CONDUCIR DESATENTO A LAS CONDICIONES DE TRANSITO (CELULAR, PANTALLAS DE VIDEO, COMIDA, MAQUILLAJE O CUALQUIER OTRO ELEMENTO DISTRACTOR).",ESTRELLAMIENTOS,AUTOMOVIL,1,0,0,0,0,0,0,0,0,0,0,0,0,1,28,HOMBRE,ILESO,CONDUCTOR PRESENTE,NO,NO,0
3924,12134,12135,2017,1,1,-0.121285,-78.480084,PICHINCHA,QUITO,QUITO,URBANA,2017-06-03,19:32:00,19,SABADO,6,JUNIO,6,NO,CONDUCIR VEHICULO SUPERANDO LOS LIMITES MAXIMOS DE VELOCIDAD.,CHOQUE LATERAL,VEHICULO DEPORTIVO UTILITARIO,0,0,0,0,0,0,0,0,1,0,0,0,1,2,26,HOMBRE,FALLECIDO,CONDUCTOR PRESENTE,NO,NO,0
3925,12138,12139,2017,0,0,-0.043964,-78.285635,PICHINCHA,CAYAMBE,SANTA ROSA DE CUZUBAMBA,RURAL,2017-06-03,21:00:00,21,SABADO,6,JUNIO,6,NO,NO GUARDAR LA DISTANCIA LATERAL MINIMA DE SEGURIDAD ENTRE VEHICULOS.,CHOQUE LATERAL,CAMION,0,0,0,1,1,0,0,0,0,0,0,0,0,2,20,HOMBRE,ILESO,CONDUCTOR PRESENTE,NO,NO,3
3926,12140,12141,2017,0,0,-0.257332,-78.532951,PICHINCHA,QUITO,QUITO,URBANA,2017-06-03,21:00:00,21,SABADO,6,JUNIO,6,NO,REALIZAR CAMBIO BRUSCO O INDEBIDO DE CARRIL.,ESTRELLAMIENTOS,AUTOMOVIL,3,0,0,0,0,0,0,0,0,0,0,0,0,3,30,MUJER,ILESO,CONDUCTOR PRESENTE,NO,NO,0
3927,12143,12144,2017,0,0,-0.299095,-78.458439,PICHINCHA,RUMINIAHUI,SANGOLQUI,URBANA,2017-06-03,21:40:00,21,SABADO,6,JUNIO,6,NO,"CONDUCE BAJO LA INFLUENCIA DE ALCOHOL, SUSTANCIAS ESTUPEFACIENTES O PSICOTROPICAS Y/O MEDICAMENTOS.",COLISION,CAMIONETA,2,0,0,0,1,0,0,0,0,0,0,0,0,3,57,HOMBRE,ILESO,CONDUCTOR PRESENTE,NO,NO,0
3928,12145,12146,2017,0,0,-0.091585,-78.439052,PICHINCHA,QUITO,CALDERON (CARAPUNGO),RURAL,2017-06-03,22:05:00,22,SABADO,6,JUNIO,6,NO,"CONDUCIR EN ESTADO DE SOMNOLENCIA O MALAS CONDICIONES FISICAS (SUENIO, CANSANCIO Y FATIGA).",ESTRELLAMIENTOS,AUTOMOVIL,1,0,0,0,0,0,0,0,0,0,0,0,0,1,-1,NO IDENTIFICADO,NO IDENTIFICADO,CONDUCTOR AUSENTE,NO,NO,2
3929,12147,12148,2017,0,0,-0.249423,-78.531144,PICHINCHA,QUITO,QUITO,URBANA,2017-06-03,22:50:00,22,SABADO,6,JUNIO,6,NO,CONDUCIR VEHICULO SUPERANDO LOS LIMITES MAXIMOS DE VELOCIDAD.,PERDIDA DE PISTA,MOTOCICLETA,0,0,0,0,0,0,0,0,1,0,0,0,0,1,30,HOMBRE,ILESO,CONDUCTOR PRESENTE,NO,NO,0
3930,12151,12152,2017,1,0,-0.226436,-78.512965,PICHINCHA,QUITO,QUITO,URBANA,2017-06-03,23:20:00,23,SABADO,6,JUNIO,6,NO,"CONDUCE BAJO LA INFLUENCIA DE ALCOHOL, SUSTANCIAS ESTUPEFACIENTES O PSICOTROPICAS Y/O MEDICAMENTOS.",ESTRELLAMIENTOS,CAMIONETA,1,0,0,0,1,0,0,0,0,0,0,0,0,2,33,MUJER,LESIONADO,PASAJERO,NO,NO,0
3931,12153,12154,2017,1,0,-0.304714,-78.416503,PICHINCHA,QUITO,ALANGASI,RURAL,2017-06-03,23:40:00,23,SABADO,6,JUNIO,6,NO,NO TRANSITAR POR LAS ACERAS O ZONAS DE SEGURIDAD DESTINADAS PARA EL EFECTO.,ATROPELLOS,NO IDENTIFICADO,0,0,0,0,0,0,0,0,0,1,0,0,0,1,26,HOMBRE,LESIONADO,PEATON,NO,NO,3
3932,12178,12179,2017,0,0,-0.282706,-78.554325,PICHINCHA,QUITO,QUITO,URBANA,2017-06-04,02:30:00,2,DOMINGO,7,JUNIO,6,NO,"CONDUCIR EN ESTADO DE SOMNOLENCIA O MALAS CONDICIONES FISICAS (SUENIO, CANSANCIO Y FATIGA).",ESTRELLAMIENTOS,VEHICULO DEPORTIVO UTILITARIO,0,0,0,0,0,0,0,0,0,0,0,0,1,1,-1,NO IDENTIFICADO,NO IDENTIFICADO,CONDUCTOR AUSENTE,NO,NO,2
3933,12180,12181,2017,0,1,-0.437566,-78.704576,PICHINCHA,MEJIA,ALOAG,RURAL,2017-06-04,02:50:00,2,DOMINGO,7,JUNIO,6,NO,CONDUCIR VEHICULO SUPERANDO LOS LIMITES MAXIMOS DE VELOCIDAD.,ESTRELLAMIENTOS,AUTOMOVIL,1,0,0,0,0,0,0,0,0,0,0,0,0,1,37,HOMBRE,FALLECIDO,PASAJERO,NO,NO,3
3934,12185,12186,2017,0,0,-0.517036,-78.580333,PICHINCHA,MEJIA,ALOASI,RURAL,2017-06-04,03:20:00,3,DOMINGO,7,JUNIO,6,NO,CONDUCIR VEHICULO SUPERANDO LOS LIMITES MAXIMOS DE VELOCIDAD.,ESTRELLAMIENTOS,CAMION,0,0,0,1,0,0,0,0,0,0,0,0,0,1,-1,NO IDENTIFICADO,NO IDENTIFICADO,CONDUCTOR AUSENTE,NO,NO,2
3935,12187,12188,2017,1,0,-0.129461,-78.476388,PICHINCHA,QUITO,QUITO,URBANA,2017-06-04,04:15:00,4,DOMINGO,7,JUNIO,6,NO,"CONDUCIR EN ESTADO DE SOMNOLENCIA O MALAS CONDICIONES FISICAS (SUENIO, CANSANCIO Y FATIGA).",PERDIDA DE PISTA,MOTOCICLETA,0,0,0,0,0,0,0,0,1,0,0,0,0,1,25,HOMBRE,LESIONADO,PASAJERO,NO,NO,0
3936,12190,12191,2017,0,0,-0.113801,-78.415512,PICHINCHA,QUITO,CALDERON (CARAPUNGO),URBANA,2017-06-04,05:45:00,5,DOMINGO,7,JUNIO,6,NO,REALIZAR CAMBIO BRUSCO O INDEBIDO DE CARRIL.,ESTRELLAMIENTOS,AUTOMOVIL,1,0,0,0,0,0,0,0,0,0,0,0,0,1,-1,NO IDENTIFICADO,NO IDENTIFICADO,CONDUCTOR AUSENTE,NO,NO,2
3937,12193,12194,2017,1,0,-0.096232,-78.467523,PICHINCHA,QUITO,QUITO,URBANA,2017-06-04,07:10:00,7,DOMINGO,7,JUNIO,6,NO,"CONDUCIR DESATENTO A LAS CONDICIONES DE TRANSITO (CELULAR, PANTALLAS DE VIDEO, COMIDA, MAQUILLAJE O CUALQUIER OTRO ELEMENTO DISTRACTOR).",COLISION,FURGONETA,0,0,1,0,0,0,0,1,0,0,0,0,1,3,62,HOMBRE,LESIONADO,CONDUCTOR PRESENTE,NO,NO,0
3938,12196,12197,2017,1,0,-0.219462,-78.506968,PICHINCHA,QUITO,QUITO,URBANA,2017-06-04,08:40:00,8,DOMINGO,7,JUNIO,6,NO,"CONDUCIR DESATENTO A LAS CONDICIONES DE TRANSITO (CELULAR, PANTALLAS DE VIDEO, COMIDA, MAQUILLAJE O CUALQUIER OTRO ELEMENTO DISTRACTOR).",ATROPELLOS,NO IDENTIFICADO,0,0,0,0,0,0,0,0,0,1,0,0,0,1,18,HOMBRE,LESIONADO,PEATON,NO,NO,0
3939,12198,12199,2017,1,0,-0.278212,-78.511761,PICHINCHA,QUITO,QUITO,URBANA,2017-06-04,09:30:00,9,DOMINGO,7,JUNIO,6,NO,NO CEDER EL DERECHO DE VIA O PREFERENCIA DE PASO AL PEATON.,ATROPELLOS,AUTOMOVIL,1,0,0,0,0,0,0,0,0,0,0,0,0,1,7,HOMBRE,LESIONADO,PEATON,NO,NO,0
3940,12200,12201,2017,1,0,-0.196213,-78.481154,PICHINCHA,QUITO,QUITO,URBANA,2017-06-04,10:00:00,10,DOMINGO,7,JUNIO,6,NO,NO CEDER EL DERECHO DE VIA O PREFERENCIA DE PASO AL PEATON.,ATROPELLOS,NO IDENTIFICADO,0,0,0,0,0,0,0,0,0,1,0,0,0,1,20,HOMBRE,LESIONADO,PEATON,NO,NO,0
3941,12203,12204,2017,1,0,-0.090879,-78.475827,PICHINCHA,QUITO,QUITO,URBANA,2017-06-04,10:40:00,10,DOMINGO,7,JUNIO,6,NO,"CONDUCIR DESATENTO A LAS CONDICIONES DE TRANSITO (CELULAR, PANTALLAS DE VIDEO, COMIDA, MAQUILLAJE O CUALQUIER OTRO ELEMENTO DISTRACTOR).",CHOQUE POSTERIOR,MOTOCICLETA,0,0,0,0,0,0,0,0,1,0,0,0,1,2,23,MUJER,LESIONADO,PEATON,NO,NO,0
3942,12205,12206,2017,3,1,-0.221348,-78.396647,PICHINCHA,QUITO,TUMBACO,RURAL,2017-06-04,11:25:00,11,DOMINGO,7,JUNIO,6,NO,NO CEDER EL DERECHO DE VIA O PREFERENCIA DE PASO A VEHICULOS.,CHOQUE LATERAL,AUTOMOVIL,1,0,0,0,0,0,0,1,0,0,0,0,0,2,40,MUJER,FALLECIDO,PASAJERO,NO,NO,3
3943,12206,12207,2017,0,0,-0.229787,-78.485515,PICHINCHA,QUITO,QUITO,URBANA,2017-06-04,12:00:00,12,DOMINGO,7,JUNIO,6,NO,CONDUCIR VEHICULO SUPERANDO LOS LIMITES MAXIMOS DE VELOCIDAD.,PERDIDA DE PISTA,MOTOCICLETA,0,0,0,0,0,0,0,0,1,0,0,0,0,1,28,HOMBRE,ILESO,CONDUCTOR PRESENTE,NO,NO,0
3944,12207,12208,2017,0,1,-0.073581,-78.478706,PICHINCHA,QUITO,POMASQUI,URBANA,2017-06-04,12:25:00,12,DOMINGO,7,JUNIO,6,NO,NO TRANSITAR POR LAS ACERAS O ZONAS DE SEGURIDAD DESTINADAS PARA EL EFECTO.,ATROPELLOS,AUTOMOVIL,1,0,0,0,0,0,0,0,0,0,0,0,0,1,26,MUJER,FALLECIDO,PEATON,NO,NO,0
3945,12212,12213,2017,1,0,-0.299015,-78.531528,PICHINCHA,QUITO,QUITO,URBANA,2017-06-04,16:00:00,16,DOMINGO,7,JUNIO,6,NO,CONDUCIR VEHICULO SUPERANDO LOS LIMITES MAXIMOS DE VELOCIDAD.,PERDIDA DE PISTA,NO IDENTIFICADO,0,0,0,0,0,0,0,0,0,1,0,0,0,1,20,HOMBRE,LESIONADO,PASAJERO,NO,NO,0
3946,12217,12218,2017,0,0,-0.286756,-78.541558,PICHINCHA,QUITO,QUITO,URBANA,2017-06-04,16:45:00,16,DOMINGO,7,JUNIO,6,NO,NO MANTENER LA DISTANCIA PRUDENCIAL CON RESPECTO AL VEHICULO QUE LE ANTECEDE.,CHOQUE POSTERIOR,BUS,0,0,2,0,0,0,0,0,0,0,0,0,0,2,45,HOMBRE,ILESO,CONDUCTOR PRESENTE,NO,NO,0
3947,12220,12221,2017,1,0,-0.125732,-78.448052,PICHINCHA,QUITO,LLANO CHICO,RURAL,2017-06-04,17:00:00,17,DOMINGO,7,JUNIO,6,NO,NO TRANSITAR POR LAS ACERAS O ZONAS DE SEGURIDAD DESTINADAS PARA EL EFECTO.,ATROPELLOS,NO IDENTIFICADO,0,0,0,0,0,0,0,0,0,1,0,0,0,1,77,HOMBRE,LESIONADO,PEATON,NO,NO,3
3948,12221,12222,2017,1,0,-0.177161,-78.479503,PICHINCHA,QUITO,QUITO,URBANA,2017-06-04,17:30:00,17,DOMINGO,7,JUNIO,6,NO,BAJARSE O SUBIRSE DE VEHICULOS EN MOVIMIENTO SIN TOMAR LAS PRECAUCIONES DEBIDAS.,CAIDA DE PASAJERO,NO IDENTIFICADO,0,0,0,0,0,0,0,0,0,1,0,0,0,1,31,HOMBRE,LESIONADO,PASAJERO,NO,NO,0
3949,12222,12223,2017,1,0,-0.328481,-78.545082,PICHINCHA,QUITO,QUITO,URBANA,2017-06-04,18:00:00,18,DOMINGO,7,JUNIO,6,NO,NO CEDER EL DERECHO DE VIA O PREFERENCIA DE PASO AL PEATON.,ATROPELLOS,NO IDENTIFICADO,0,0,0,0,0,0,0,0,0,1,0,0,0,1,30,HOMBRE,LESIONADO,PEATON,NO,NO,0
3950,12227,12228,2017,0,0,-0.227324,-78.450086,PICHINCHA,QUITO,CUMBAYA,RURAL,2017-06-04,20:05:00,20,DOMINGO,7,JUNIO,6,NO,CONDUCIR VEHICULO SUPERANDO LOS LIMITES MAXIMOS DE VELOCIDAD.,PERDIDA DE PISTA,AUTOMOVIL,1,0,0,0,0,0,0,0,0,0,0,0,0,1,21,HOMBRE,ILESO,CONDUCTOR PRESENTE,NO,NO,3
3951,12231,12232,2017,0,0,-0.083871,-78.443608,PICHINCHA,QUITO,CALDERON (CARAPUNGO),RURAL,2017-06-04,21:30:00,21,DOMINGO,7,JUNIO,6,NO,NO MANTENER LA DISTANCIA PRUDENCIAL CON RESPECTO AL VEHICULO QUE LE ANTECEDE.,CHOQUE POSTERIOR,CAMIONETA,0,0,0,0,1,0,0,0,0,1,0,0,0,2,54,HOMBRE,ILESO,CONDUCTOR PRESENTE,NO,NO,3
3952,12254,12255,2017,3,0,-0.206301,-78.510969,PICHINCHA,QUITO,QUITO,URBANA,2017-06-05,01:40:00,1,LUNES,1,JUNIO,6,NO,"CONDUCE BAJO LA INFLUENCIA DE ALCOHOL, SUSTANCIAS ESTUPEFACIENTES O PSICOTROPICAS Y/O MEDICAMENTOS.",CHOQUE POSTERIOR,VEHICULO DEPORTIVO UTILITARIO,1,0,0,0,0,0,0,0,0,0,0,0,1,2,30,MUJER,LESIONADO,PASAJERO,NO,NO,0
3953,12256,12257,2017,0,0,-0.108791,-78.455529,PICHINCHA,QUITO,CALDERON (CARAPUNGO),RURAL,2017-06-05,06:50:00,6,LUNES,1,JUNIO,6,NO,NO GUARDAR LA DISTANCIA LATERAL MINIMA DE SEGURIDAD ENTRE VEHICULOS.,ROZAMIENTOS,CAMIONETA,1,0,0,0,1,0,0,0,0,0,0,0,0,2,60,HOMBRE,ILESO,CONDUCTOR PRESENTE,NO,NO,3
3954,12260,12261,2017,1,0,-0.282873,-78.544223,PICHINCHA,QUITO,QUITO,URBANA,2017-06-05,07:55:00,7,LUNES,1,JUNIO,6,NO,NO MANTENER LA DISTANCIA PRUDENCIAL CON RESPECTO AL VEHICULO QUE LE ANTECEDE.,CHOQUE POSTERIOR,MOTOCICLETA,1,0,0,0,0,0,0,0,1,0,0,0,0,2,36,HOMBRE,LESIONADO,CONDUCTOR PRESENTE,NO,NO,0
3955,12262,12263,2017,0,1,0.135349,-78.029254,PICHINCHA,CAYAMBE,OLMEDO (PESILLO),RURAL,2017-06-05,08:40:00,8,LUNES,1,JUNIO,6,NO,"CONDUCIR DESATENTO A LAS CONDICIONES DE TRANSITO (CELULAR, PANTALLAS DE VIDEO, COMIDA, MAQUILLAJE O CUALQUIER OTRO ELEMENTO DISTRACTOR).",ATROPELLOS,BUS,0,0,1,0,0,0,0,0,0,0,0,0,0,1,73,HOMBRE,FALLECIDO,PEATON,NO,NO,3
3956,12263,12264,2017,0,0,-0.190255,-78.485001,PICHINCHA,QUITO,QUITO,URBANA,2017-06-05,08:40:00,8,LUNES,1,JUNIO,6,NO,REALIZAR CAMBIO BRUSCO O INDEBIDO DE CARRIL.,CHOQUE POSTERIOR,AUTOMOVIL,1,0,0,0,0,0,0,0,0,1,0,0,0,2,35,HOMBRE,ILESO,CONDUCTOR PRESENTE,NO,NO,0
3957,12265,12266,2017,0,1,-0.405634,-78.546652,PICHINCHA,MEJIA,TAMBILLO (MEJIA),RURAL,2017-06-05,10:45:00,10,LUNES,1,JUNIO,6,NO,NO TRANSITAR POR LAS ACERAS O ZONAS DE SEGURIDAD DESTINADAS PARA EL EFECTO.,ATROPELLOS,NO IDENTIFICADO,0,0,0,0,0,0,0,0,0,1,0,0,0,1,74,MUJER,FALLECIDO,PEATON,NO,NO,3
3958,12266,12267,2017,0,0,-0.204678,-78.502341,PICHINCHA,QUITO,QUITO,URBANA,2017-06-05,11:05:00,11,LUNES,1,JUNIO,6,NO,"NO RESPETAR LAS SENIALES REGLAMENTARIAS DE TRANSITO. (PARE, CEDA EL PASO, LUZ ROJA DEL SEMAFORO, ETC).",CHOQUE LATERAL,AUTOMOVIL,2,0,0,0,0,0,0,0,0,0,0,0,0,2,45,HOMBRE,ILESO,CONDUCTOR PRESENTE,NO,NO,0
3959,12267,12268,2017,0,0,-0.291973,-78.464235,PICHINCHA,QUITO,CONOCOTO,URBANA,2017-06-05,12:10:00,12,LUNES,1,JUNIO,6,NO,CONDUCIR VEHICULO SUPERANDO LOS LIMITES MAXIMOS DE VELOCIDAD.,PERDIDA DE PISTA,VEHICULO DEPORTIVO UTILITARIO,0,0,0,0,0,0,0,0,0,0,0,0,1,1,-1,NO IDENTIFICADO,NO IDENTIFICADO,CONDUCTOR AUSENTE,NO,NO,2
3960,12268,12269,2017,1,0,-0.247146,-78.535093,PICHINCHA,QUITO,QUITO,URBANA,2017-06-05,12:15:00,12,LUNES,1,JUNIO,6,NO,NO CEDER EL DERECHO DE VIA O PREFERENCIA DE PASO A VEHICULOS.,CHOQUE LATERAL,CAMIONETA,0,0,1,0,1,0,0,0,0,0,0,0,0,2,42,MUJER,LESIONADO,PASAJERO,NO,NO,0
3961,12271,12272,2017,0,0,-0.129727,-78.468447,PICHINCHA,QUITO,QUITO,URBANA,2017-06-05,13:58:00,13,LUNES,1,JUNIO,6,NO,NO CEDER EL DERECHO DE VIA O PREFERENCIA DE PASO A VEHICULOS.,CHOQUE LATERAL,VEHICULO DEPORTIVO UTILITARIO,1,0,0,0,0,0,0,0,0,0,0,0,1,2,23,MUJER,ILESO,CONDUCTOR PRESENTE,NO,NO,0
3962,12273,12274,2017,1,0,-0.199767,-78.428809,PICHINCHA,QUITO,CUMBAYA,RURAL,2017-06-05,14:03:00,14,LUNES,1,JUNIO,6,NO,BAJARSE O SUBIRSE DE VEHICULOS EN MOVIMIENTO SIN TOMAR LAS PRECAUCIONES DEBIDAS.,CAIDA DE PASAJERO,BUS,0,0,1,0,0,0,0,0,0,0,0,0,0,1,14,MUJER,LESIONADO,PASAJERO,NO,NO,3
3963,12277,12278,2017,0,0,-0.243457,-78.496872,PICHINCHA,QUITO,QUITO,URBANA,2017-06-05,15:03:00,15,LUNES,1,JUNIO,6,NO,NO CEDER EL DERECHO DE VIA O PREFERENCIA DE PASO A VEHICULOS.,CHOQUE LATERAL,AUTOMOVIL,1,0,0,0,0,0,0,1,0,0,0,0,0,2,74,HOMBRE,ILESO,CONDUCTOR PRESENTE,NO,NO,0
3964,12278,12279,2017,1,0,-0.193926,-78.468092,PICHINCHA,QUITO,QUITO,RURAL,2017-06-05,15:15:00,15,LUNES,1,JUNIO,6,NO,NO MANTENER LA DISTANCIA PRUDENCIAL CON RESPECTO AL VEHICULO QUE LE ANTECEDE.,CHOQUE POSTERIOR,VEHICULO DEPORTIVO UTILITARIO,1,0,0,0,0,0,0,0,0,0,0,0,1,2,60,MUJER,LESIONADO,CONDUCTOR PRESENTE,NO,NO,3
3965,12282,12283,2017,0,0,-0.189391,-78.489874,PICHINCHA,QUITO,QUITO,URBANA,2017-06-05,17:00:00,17,LUNES,1,JUNIO,6,NO,"CONDUCIR DESATENTO A LAS CONDICIONES DE TRANSITO (CELULAR, PANTALLAS DE VIDEO, COMIDA, MAQUILLAJE O CUALQUIER OTRO ELEMENTO DISTRACTOR).",ESTRELLAMIENTOS,AUTOMOVIL,1,0,0,0,0,0,0,0,0,1,0,0,0,2,28,MUJER,ILESO,CONDUCTOR PRESENTE,NO,NO,0
3966,12283,12284,2017,0,0,-0.197058,-78.483519,PICHINCHA,QUITO,QUITO,URBANA,2017-06-05,17:10:00,17,LUNES,1,JUNIO,6,NO,"NO RESPETAR LAS SENIALES REGLAMENTARIAS DE TRANSITO. (PARE, CEDA EL PASO, LUZ ROJA DEL SEMAFORO, ETC).",CHOQUE POSTERIOR,MOTOCICLETA,0,0,0,0,0,0,0,0,1,1,0,0,0,2,25,HOMBRE,ILESO,CONDUCTOR PRESENTE,NO,NO,0
3967,12284,12285,2017,0,0,-0.213135,-78.503387,PICHINCHA,QUITO,QUITO,URBANA,2017-06-05,17:20:00,17,LUNES,1,JUNIO,6,NO,NO CEDER EL DERECHO DE VIA O PREFERENCIA DE PASO A VEHICULOS.,CHOQUE LATERAL,MOTOCICLETA,1,0,0,0,0,0,0,0,1,0,0,0,0,2,32,HOMBRE,ILESO,CONDUCTOR PRESENTE,NO,NO,0
3968,12288,12289,2017,0,0,-0.109135,-78.458851,PICHINCHA,QUITO,CALDERON (CARAPUNGO),RURAL,2017-06-05,18:55:00,18,LUNES,1,JUNIO,6,NO,NO CEDER EL DERECHO DE VIA O PREFERENCIA DE PASO A VEHICULOS.,CHOQUE LATERAL,VEHICULO DEPORTIVO UTILITARIO,1,0,0,0,0,0,0,0,0,0,0,0,1,2,38,HOMBRE,ILESO,CONDUCTOR PRESENTE,NO,NO,3
3969,12289,12290,2017,1,0,-0.209383,-78.401767,PICHINCHA,QUITO,TUMBACO,RURAL,2017-06-05,19:15:00,19,LUNES,1,JUNIO,6,NO,"NO RESPETAR LAS SENIALES REGLAMENTARIAS DE TRANSITO. (PARE, CEDA EL PASO, LUZ ROJA DEL SEMAFORO, ETC).",CHOQUE LATERAL,AUTOMOVIL,1,0,0,0,0,0,0,0,1,0,0,0,0,2,25,HOMBRE,LESIONADO,CONDUCTOR PRESENTE,NO,NO,3
3970,12293,12294,2017,0,0,-0.215687,-78.403971,PICHINCHA,QUITO,TUMBACO,RURAL,2017-06-05,20:20:00,20,LUNES,1,JUNIO,6,NO,DEJAR O RECOGER PASAJEROS EN LUGARES NO PERMITIDOS.,CAIDA DE PASAJERO,NO IDENTIFICADO,0,0,0,0,0,0,0,0,0,1,0,0,0,1,32,HOMBRE,ILESO,PASAJERO,NO,NO,3
3971,12294,12295,2017,0,0,-0.237667,-78.484685,PICHINCHA,QUITO,QUITO,URBANA,2017-06-05,20:20:00,20,LUNES,1,JUNIO,6,NO,"CONDUCIR DESATENTO A LAS CONDICIONES DE TRANSITO (CELULAR, PANTALLAS DE VIDEO, COMIDA, MAQUILLAJE O CUALQUIER OTRO ELEMENTO DISTRACTOR).",CHOQUE POSTERIOR,CAMIONETA,1,0,0,0,1,0,0,0,0,0,0,0,0,2,39,HOMBRE,ILESO,CONDUCTOR PRESENTE,NO,NO,0
3972,12295,12296,2017,2,0,-0.292724,-78.476486,PICHINCHA,QUITO,CONOCOTO,RURAL,2017-06-05,20:40:00,20,LUNES,1,JUNIO,6,NO,"NO RESPETAR LAS SENIALES REGLAMENTARIAS DE TRANSITO. (PARE, CEDA EL PASO, LUZ ROJA DEL SEMAFORO, ETC).",CHOQUE LATERAL,VEHICULO DEPORTIVO UTILITARIO,0,0,0,0,0,0,0,0,0,1,0,0,1,2,32,MUJER,LESIONADO,CONDUCTOR PRESENTE,NO,NO,3
3973,12298,12299,2017,0,0,-0.107651,-78.447316,PICHINCHA,QUITO,CALDERON (CARAPUNGO),RURAL,2017-06-05,21:40:00,21,LUNES,1,JUNIO,6,NO,"NO RESPETAR LAS SENIALES REGLAMENTARIAS DE TRANSITO. (PARE, CEDA EL PASO, LUZ ROJA DEL SEMAFORO, ETC).",CHOQUE LATERAL,FURGONETA,0,0,0,0,0,0,0,1,0,1,0,0,0,2,29,HOMBRE,ILESO,CONDUCTOR PRESENTE,NO,NO,3
3974,12314,12315,2017,0,0,-0.215928,-78.394843,PICHINCHA,QUITO,TUMBACO,RURAL,2017-06-06,03:20:00,3,MARTES,2,JUNIO,6,NO,"CONDUCIR EN ESTADO DE SOMNOLENCIA O MALAS CONDICIONES FISICAS (SUENIO, CANSANCIO Y FATIGA).",PERDIDA DE PISTA,AUTOMOVIL,1,0,0,0,0,0,0,0,0,0,0,0,0,1,-1,NO IDENTIFICADO,NO IDENTIFICADO,CONDUCTOR AUSENTE,NO,NO,2
3975,12315,12316,2017,0,0,-0.465423,-78.565091,PICHINCHA,MEJIA,ALOAG,RURAL,2017-06-06,05:45:00,5,MARTES,2,JUNIO,6,NO,NO MANTENER LA DISTANCIA PRUDENCIAL CON RESPECTO AL VEHICULO QUE LE ANTECEDE.,CHOQUE POSTERIOR,CAMION,0,0,0,2,0,0,0,0,0,0,0,0,0,2,45,HOMBRE,ILESO,CONDUCTOR PRESENTE,NO,NO,3
3976,12317,12318,2017,0,0,-0.291818,-78.558438,PICHINCHA,QUITO,QUITO,URBANA,2017-06-06,06:14:00,6,MARTES,2,JUNIO,6,NO,"CONDUCIR DESATENTO A LAS CONDICIONES DE TRANSITO (CELULAR, PANTALLAS DE VIDEO, COMIDA, MAQUILLAJE O CUALQUIER OTRO ELEMENTO DISTRACTOR).",CHOQUE POSTERIOR,AUTOMOVIL,1,0,0,0,1,0,0,0,0,0,0,0,0,2,48,MUJER,ILESO,CONDUCTOR PRESENTE,NO,NO,0
3977,12318,12319,2017,0,0,-0.292321,-78.475883,PICHINCHA,QUITO,CONOCOTO,RURAL,2017-06-06,07:05:00,7,MARTES,2,JUNIO,6,NO,NO CEDER EL DERECHO DE VIA O PREFERENCIA DE PASO A VEHICULOS.,CHOQUE LATERAL,AUTOMOVIL,2,0,0,0,0,0,0,0,0,0,0,0,0,2,36,HOMBRE,ILESO,CONDUCTOR PRESENTE,NO,NO,3
3978,12319,12320,2017,1,0,-0.161867,-78.321359,PICHINCHA,QUITO,YARUQUI,RURAL,2017-06-06,07:15:00,7,MARTES,2,JUNIO,6,NO,DEJAR O RECOGER PASAJEROS EN LUGARES NO PERMITIDOS.,CAIDA DE PASAJERO,BUS,0,0,1,0,0,0,0,0,0,0,0,0,0,1,59,HOMBRE,LESIONADO,PASAJERO,NO,NO,3