,Unnamed: 0,ID,ANIO,LESIONADOS,FALLECIDOS,LATITUD_Y,LONGITUD_X,PROVINCIA,CANTON,PARROQUIA,ZONA,FECHA,HORA,PERIODO_2,DIA_1,DIA_2,MES_1,MES_2,FERIADO,CAUSA_PROBABLE,TIPO_DE_SINIESTRO,TIPO_DE_VEHICULO_1,AUTOMOVIL,BICICLETA,BUS,CAMION,CAMIONETA,EMERGENCIAS,ESPECIAL,FURGONETA,MOTOCICLETA,NO_IDENTIFICADO,SCOOTER_ELECTRICO,TRICIMOTO,VEHICULO_DEPORTIVO_UTILITARIO,SUMA_DE_VEHICULOS,EDAD_1,SEXO_1,CONDICION_1,PARTICIPANTE_1,CASCO_1,CINTURON_1,KMeans_Cluster
3979,12321,12322,2017,1,0,0.045619,-78.211992,PICHINCHA,PEDRO MONCAYO,TABACUNDO,URBANA,2017-06-06,07:45:00,7,MARTES,2,JUNIO,6,NO,"NO RESPETAR LAS SENIALES REGLAMENTARIAS DE TRANSITO. (PARE, CEDA EL PASO, LUZ ROJA DEL SEMAFORO, ETC).",ATROPELLOS,AUTOMOVIL,1,0,0,0,0,0,0,0,0,0,0,0,0,1,8,MUJER,LESIONADO,PEATON,NO,NO,0
3980,12323,12324,2017,0,0,-0.236993,-78.527919,PICHINCHA,QUITO,QUITO,URBANA,2017-06-06,08:20:00,8,MARTES,2,JUNIO,6,NO,NO MANTENER LA DISTANCIA PRUDENCIAL CON RESPECTO AL VEHICULO QUE LE ANTECEDE.,CHOQUE POSTERIOR,MOTOCICLETA,0,0,0,0,0,0,0,0,2,0,0,0,0,2,29,HOMBRE,ILESO,CONDUCTOR PRESENTE,NO,NO,0
3981,12324,12325,2017,0,0,-0.157399,-78.477096,PICHINCHA,QUITO,QUITO,URBANA,2017-06-06,09:20:00,9,MARTES,2,JUNIO,6,NO,BAJARSE O SUBIRSE DE VEHICULOS EN MOVIMIENTO SIN TOMAR LAS PRECAUCIONES DEBIDAS.,CAIDA DE PASAJERO,BUS,0,0,1,0,0,0,0,0,0,0,0,0,0,1,22,HOMBRE,ILESO,CONDUCTOR PRESENTE,NO,NO,0
3982,12326,12327,2017,1,0,-0.166183,-78.468514,PICHINCHA,QUITO,QUITO,URBANA,2017-06-06,10:02:00,10,MARTES,2,JUNIO,6,NO,NO TRANSITAR POR LAS ACERAS O ZONAS DE SEGURIDAD DESTINADAS PARA EL EFECTO.,ATROPELLOS,CAMIONETA,0,0,0,0,1,0,0,0,0,0,0,0,0,1,37,HOMBRE,LESIONADO,PEATON,NO,NO,0
3983,12327,12328,2017,1,0,-0.256174,-78.552026,PICHINCHA,QUITO,QUITO,URBANA,2017-06-06,10:03:00,10,MARTES,2,JUNIO,6,NO,NO CEDER EL DERECHO DE VIA O PREFERENCIA DE PASO AL PEATON.,ATROPELLOS,AUTOMOVIL,1,0,0,0,0,0,0,0,0,0,0,0,0,1,25,MUJER,LESIONADO,PEATON,NO,NO,0
3984,12328,12329,2017,0,0,-0.170175,-78.479921,PICHINCHA,QUITO,QUITO,URBANA,2017-06-06,10:20:00,10,MARTES,2,JUNIO,6,NO,NO GUARDAR LA DISTANCIA LATERAL MINIMA DE SEGURIDAD ENTRE VEHICULOS.,ROZAMIENTOS,AUTOMOVIL,1,0,0,0,0,0,0,0,0,1,0,0,0,2,19,HOMBRE,ILESO,CONDUCTOR PRESENTE,NO,NO,0
3985,12329,12330,2017,1,0,-0.160525,-78.470927,PICHINCHA,QUITO,QUITO,URBANA,2017-06-06,10:30:00,10,MARTES,2,JUNIO,6,NO,"NO RESPETAR LAS SENIALES REGLAMENTARIAS DE TRANSITO. (PARE, CEDA EL PASO, LUZ ROJA DEL SEMAFORO, ETC).",CHOQUE LATERAL,AUTOMOVIL,1,0,0,0,1,0,0,0,0,0,0,0,0,2,28,HOMBRE,LESIONADO,CONDUCTOR PRESENTE,NO,NO,0
3986,12331,12332,2017,1,0,-0.196669,-78.466599,PICHINCHA,QUITO,QUITO,URBANA,2017-06-06,10:55:00,10,MARTES,2,JUNIO,6,NO,NO CEDER EL DERECHO DE VIA O PREFERENCIA DE PASO A VEHICULOS.,CHOQUE LATERAL,MOTOCICLETA,0,0,1,0,0,0,0,0,1,0,0,0,0,2,28,HOMBRE,LESIONADO,CONDUCTOR PRESENTE,NO,NO,0
3987,12332,12333,2017,1,0,-0.127828,-78.469197,PICHINCHA,QUITO,QUITO,URBANA,2017-06-06,11:05:00,11,MARTES,2,JUNIO,6,NO,"NO RESPETAR LAS SENIALES REGLAMENTARIAS DE TRANSITO. (PARE, CEDA EL PASO, LUZ ROJA DEL SEMAFORO, ETC).",ATROPELLOS,FURGONETA,1,0,0,0,0,0,0,1,0,0,0,0,0,2,47,MUJER,LESIONADO,PEATON,NO,NO,0
3988,12333,12334,2017,1,0,-0.221739,-78.518333,PICHINCHA,QUITO,QUITO,URBANA,2017-06-06,11:25:00,11,MARTES,2,JUNIO,6,NO,NO CEDER EL DERECHO DE VIA O PREFERENCIA DE PASO AL PEATON.,ATROPELLOS,AUTOMOVIL,1,0,0,0,0,0,0,0,0,0,0,0,0,1,91,HOMBRE,LESIONADO,PEATON,NO,NO,0
3989,12339,12340,2017,2,0,-0.241942,-78.442344,PICHINCHA,QUITO,GUANGOPOLO,URBANA,2017-06-06,13:15:00,13,MARTES,2,JUNIO,6,NO,NO MANTENER LA DISTANCIA PRUDENCIAL CON RESPECTO AL VEHICULO QUE LE ANTECEDE.,PERDIDA DE PISTA,VEHICULO DEPORTIVO UTILITARIO,1,0,0,1,0,0,0,0,0,0,0,0,1,3,28,HOMBRE,LESIONADO,CONDUCTOR PRESENTE,NO,NO,0
3990,12342,12343,2017,1,0,-0.171632,-78.484776,PICHINCHA,QUITO,QUITO,URBANA,2017-06-06,13:50:00,13,MARTES,2,JUNIO,6,NO,"CONDUCIR DESATENTO A LAS CONDICIONES DE TRANSITO (CELULAR, PANTALLAS DE VIDEO, COMIDA, MAQUILLAJE O CUALQUIER OTRO ELEMENTO DISTRACTOR).",CHOQUE POSTERIOR,AUTOMOVIL,1,0,0,0,0,0,0,0,0,0,0,0,1,2,8,HOMBRE,LESIONADO,PASAJERO,NO,NO,0
3991,12343,12344,2017,0,0,-0.257944,-78.529847,PICHINCHA,QUITO,QUITO,URBANA,2017-06-06,13:55:00,13,MARTES,2,JUNIO,6,NO,REALIZAR CAMBIO BRUSCO O INDEBIDO DE CARRIL.,ATROPELLOS,NO IDENTIFICADO,0,0,0,0,0,0,0,0,0,1,0,0,0,1,27,HOMBRE,ILESO,PEATON,NO,NO,0
3992,12345,12346,2017,0,0,-0.283419,-78.543781,PICHINCHA,QUITO,QUITO,URBANA,2017-06-06,14:07:00,14,MARTES,2,JUNIO,6,NO,NO GUARDAR LA DISTANCIA LATERAL MINIMA DE SEGURIDAD ENTRE VEHICULOS.,ROZAMIENTOS,BUS,0,0,2,0,0,0,0,0,0,0,0,0,0,2,28,HOMBRE,ILESO,CONDUCTOR PRESENTE,NO,NO,0
3993,12349,12350,2017,0,0,-0.159714,-78.477272,PICHINCHA,QUITO,QUITO,URBANA,2017-06-06,15:15:00,15,MARTES,2,JUNIO,6,NO,"CONDUCIR DESATENTO A LAS CONDICIONES DE TRANSITO (CELULAR, PANTALLAS DE VIDEO, COMIDA, MAQUILLAJE O CUALQUIER OTRO ELEMENTO DISTRACTOR).",ESTRELLAMIENTOS,VEHICULO DEPORTIVO UTILITARIO,0,0,0,0,0,0,0,1,0,0,0,0,1,2,57,MUJER,ILESO,CONDUCTOR PRESENTE,NO,NO,0
3994,12350,12351,2017,0,0,-0.109403,-78.458464,PICHINCHA,QUITO,CALDERON (CARAPUNGO),RURAL,2017-06-06,15:30:00,15,MARTES,2,JUNIO,6,NO,NO GUARDAR LA DISTANCIA LATERAL MINIMA DE SEGURIDAD ENTRE VEHICULOS.,ROZAMIENTOS,FURGONETA,0,0,0,0,0,0,0,1,0,1,0,0,0,2,22,HOMBRE,ILESO,CONDUCTOR PRESENTE,NO,NO,3
3995,12351,12352,2017,0,0,-0.093261,-78.288116,PICHINCHA,QUITO,EL QUINCHE,RURAL,2017-06-06,15:50:00,15,MARTES,2,JUNIO,6,NO,NO MANTENER LA DISTANCIA PRUDENCIAL CON RESPECTO AL VEHICULO QUE LE ANTECEDE.,CHOQUE POSTERIOR,CAMION,1,0,0,1,0,0,0,0,0,0,0,0,0,2,44,HOMBRE,ILESO,CONDUCTOR PRESENTE,NO,NO,3
3996,12355,12356,2017,0,0,-0.147345,-78.493129,PICHINCHA,QUITO,QUITO,URBANA,2017-06-06,16:10:00,16,MARTES,2,JUNIO,6,NO,"NO RESPETAR LAS SENIALES REGLAMENTARIAS DE TRANSITO. (PARE, CEDA EL PASO, LUZ ROJA DEL SEMAFORO, ETC).",CHOQUE LATERAL,MOTOCICLETA,0,0,0,0,0,0,0,0,1,1,0,0,0,2,21,HOMBRE,ILESO,CONDUCTOR PRESENTE,NO,NO,0
3997,12359,12360,2017,1,0,-0.239054,-78.510443,PICHINCHA,QUITO,QUITO,URBANA,2017-06-06,17:40:00,17,MARTES,2,JUNIO,6,NO,NO CEDER EL DERECHO DE VIA O PREFERENCIA DE PASO AL PEATON.,ATROPELLOS,NO IDENTIFICADO,0,0,0,0,0,0,0,0,0,1,0,0,0,1,25,HOMBRE,LESIONADO,PEATON,NO,NO,0
3998,12360,12361,2017,1,0,-0.224177,-78.507383,PICHINCHA,QUITO,QUITO,URBANA,2017-06-06,18:15:00,18,MARTES,2,JUNIO,6,NO,NO CEDER EL DERECHO DE VIA O PREFERENCIA DE PASO AL PEATON.,ATROPELLOS,NO IDENTIFICADO,0,0,0,0,0,0,0,0,0,1,0,0,0,1,75,HOMBRE,LESIONADO,PEATON,NO,NO,0
3999,12362,12363,2017,2,0,-0.138561,-78.482436,PICHINCHA,QUITO,QUITO,URBANA,2017-06-06,19:10:00,19,MARTES,2,JUNIO,6,NO,NO MANTENER LA DISTANCIA PRUDENCIAL CON RESPECTO AL VEHICULO QUE LE ANTECEDE.,CHOQUE POSTERIOR,MOTOCICLETA,1,0,0,0,0,0,0,0,1,0,0,0,0,2,24,HOMBRE,LESIONADO,CONDUCTOR PRESENTE,NO,NO,0
4000,12365,12366,2017,0,0,-0.206931,-78.425899,PICHINCHA,QUITO,CUMBAYA,RURAL,2017-06-06,20:30:00,20,MARTES,2,JUNIO,6,NO,NO CEDER EL DERECHO DE VIA O PREFERENCIA DE PASO A VEHICULOS.,CHOQUE LATERAL,CAMIONETA,1,0,0,0,1,0,0,0,0,0,0,0,0,2,55,HOMBRE,ILESO,CONDUCTOR PRESENTE,NO,NO,3
4001,12381,12382,2017,0,0,-0.297729,-78.550296,PICHINCHA,QUITO,QUITO,URBANA,2017-06-07,03:30:00,3,MIERCOLES,3,JUNIO,6,NO,"CONDUCIR EN ESTADO DE SOMNOLENCIA O MALAS CONDICIONES FISICAS (SUENIO, CANSANCIO Y FATIGA).",ESTRELLAMIENTOS,AUTOMOVIL,1,0,0,0,0,0,0,0,0,0,0,0,0,1,-1,NO IDENTIFICADO,NO IDENTIFICADO,CONDUCTOR AUSENTE,NO,NO,2
4002,12383,12384,2017,0,0,-0.219366,-78.510932,PICHINCHA,QUITO,QUITO,URBANA,2017-06-07,05:55:00,5,MIERCOLES,3,JUNIO,6,NO,"NO RESPETAR LAS SENIALES REGLAMENTARIAS DE TRANSITO. (PARE, CEDA EL PASO, LUZ ROJA DEL SEMAFORO, ETC).",CHOQUE LATERAL,VEHICULO DEPORTIVO UTILITARIO,0,0,0,0,1,0,0,0,0,0,0,0,1,2,42,HOMBRE,ILESO,CONDUCTOR PRESENTE,NO,NO,0
4003,12385,12386,2017,1,0,-0.204792,-78.486926,PICHINCHA,QUITO,QUITO,URBANA,2017-06-07,06:40:00,6,MIERCOLES,3,JUNIO,6,NO,"NO RESPETAR LAS SENIALES REGLAMENTARIAS DE TRANSITO. (PARE, CEDA EL PASO, LUZ ROJA DEL SEMAFORO, ETC).",CHOQUE LATERAL,CAMIONETA,1,0,0,0,1,0,0,0,0,0,0,0,0,2,50,MUJER,LESIONADO,CONDUCTOR PRESENTE,NO,NO,0
4004,12386,12387,2017,0,0,-0.258156,-78.331945,PICHINCHA,QUITO,PIFO,URBANA,2017-06-07,07:00:00,7,MIERCOLES,3,JUNIO,6,NO,DANIOS MECANICOS PREVISIBLES.,CHOQUE LATERAL,AUTOMOVIL,1,0,0,0,1,0,0,0,0,0,0,0,0,2,23,HOMBRE,ILESO,CONDUCTOR PRESENTE,NO,NO,0
4005,12388,12389,2017,0,0,-0.172505,-78.487721,PICHINCHA,QUITO,QUITO,URBANA,2017-06-07,07:37:00,7,MIERCOLES,3,JUNIO,6,NO,NO MANTENER LA DISTANCIA PRUDENCIAL CON RESPECTO AL VEHICULO QUE LE ANTECEDE.,CHOQUE POSTERIOR,MOTOCICLETA,0,0,0,0,0,0,0,0,1,0,0,0,1,2,57,HOMBRE,ILESO,CONDUCTOR PRESENTE,NO,NO,0
4006,12389,12390,2017,0,0,-0.154927,-78.476996,PICHINCHA,QUITO,QUITO,URBANA,2017-06-07,07:42:00,7,MIERCOLES,3,JUNIO,6,NO,NO GUARDAR LA DISTANCIA LATERAL MINIMA DE SEGURIDAD ENTRE VEHICULOS.,ROZAMIENTOS,BUS,1,0,1,0,0,0,0,0,0,0,0,0,0,2,33,HOMBRE,ILESO,CONDUCTOR PRESENTE,NO,NO,0
4007,12393,12394,2017,0,0,-0.016088,-78.495761,PICHINCHA,QUITO,CALACALI,URBANA,2017-06-07,09:43:00,9,MIERCOLES,3,JUNIO,6,NO,NO CEDER EL DERECHO DE VIA O PREFERENCIA DE PASO A VEHICULOS.,CHOQUE LATERAL,CAMIONETA,0,0,0,0,1,0,0,0,0,0,0,0,1,2,47,HOMBRE,ILESO,CONDUCTOR PRESENTE,NO,NO,0
4008,12396,12397,2017,0,0,-0.221176,-78.520687,PICHINCHA,QUITO,QUITO,URBANA,2017-06-07,11:32:00,11,MIERCOLES,3,JUNIO,6,NO,BAJARSE O SUBIRSE DE VEHICULOS EN MOVIMIENTO SIN TOMAR LAS PRECAUCIONES DEBIDAS.,CAIDA DE PASAJERO,BUS,0,0,1,0,0,0,0,0,0,0,0,0,0,1,25,MUJER,ILESO,CONDUCTOR PRESENTE,NO,NO,0
4009,12397,12398,2017,0,0,-0.181981,-78.505461,PICHINCHA,QUITO,QUITO,URBANA,2017-06-07,11:40:00,11,MIERCOLES,3,JUNIO,6,NO,DANIOS MECANICOS PREVISIBLES.,ESTRELLAMIENTOS,CAMION,2,0,0,1,1,0,0,0,0,0,0,0,0,4,59,HOMBRE,ILESO,CONDUCTOR PRESENTE,NO,NO,0
4010,12399,12400,2017,0,1,-0.304464,-78.540006,PICHINCHA,QUITO,QUITO,URBANA,2017-06-07,12:40:00,12,MIERCOLES,3,JUNIO,6,NO,CONDUCIR EN SENTIDO CONTRARIO A LA VIA NORMAL DE CIRCULACION.,CHOQUE FRONTAL,FURGONETA,0,1,0,0,0,0,0,2,0,0,0,0,0,3,30,HOMBRE,FALLECIDO,CONDUCTOR PRESENTE,NO,NO,0
4011,12401,12402,2017,0,0,-0.106577,-78.499443,PICHINCHA,QUITO,QUITO,URBANA,2017-06-07,13:20:00,13,MIERCOLES,3,JUNIO,6,NO,"NO RESPETAR LAS SENIALES REGLAMENTARIAS DE TRANSITO. (PARE, CEDA EL PASO, LUZ ROJA DEL SEMAFORO, ETC).",CHOQUE LATERAL,VEHICULO DEPORTIVO UTILITARIO,1,0,0,0,0,0,0,0,0,0,0,0,1,2,45,MUJER,ILESO,CONDUCTOR PRESENTE,NO,NO,0
4012,12402,12403,2017,1,0,-0.144697,-78.473961,PICHINCHA,QUITO,QUITO,URBANA,2017-06-07,13:30:00,13,MIERCOLES,3,JUNIO,6,NO,NO TRANSITAR POR LAS ACERAS O ZONAS DE SEGURIDAD DESTINADAS PARA EL EFECTO.,ATROPELLOS,VEHICULO DEPORTIVO UTILITARIO,0,0,0,0,0,0,0,0,0,0,0,0,1,1,76,HOMBRE,LESIONADO,PEATON,NO,NO,0
4013,12406,12407,2017,0,0,-0.212824,-78.402686,PICHINCHA,QUITO,TUMBACO,RURAL,2017-06-07,13:55:00,13,MIERCOLES,3,JUNIO,6,NO,"NO RESPETAR LAS SENIALES REGLAMENTARIAS DE TRANSITO. (PARE, CEDA EL PASO, LUZ ROJA DEL SEMAFORO, ETC).",CHOQUE LATERAL,AUTOMOVIL,2,0,0,0,0,0,0,0,0,0,0,0,0,2,44,MUJER,ILESO,CONDUCTOR PRESENTE,NO,NO,3
4014,12407,12408,2017,0,0,-0.159835,-78.487856,PICHINCHA,QUITO,QUITO,URBANA,2017-06-07,15:05:00,15,MIERCOLES,3,JUNIO,6,NO,NO CEDER EL DERECHO DE VIA O PREFERENCIA DE PASO A VEHICULOS.,CHOQUE LATERAL,VEHICULO DEPORTIVO UTILITARIO,1,0,0,0,0,0,0,0,0,0,0,0,1,2,71,HOMBRE,ILESO,CONDUCTOR PRESENTE,NO,NO,0
4015,12408,12409,2017,0,0,-0.190017,-78.488168,PICHINCHA,QUITO,QUITO,URBANA,2017-06-07,15:15:00,15,MIERCOLES,3,JUNIO,6,NO,"CONDUCIR DESATENTO A LAS CONDICIONES DE TRANSITO (CELULAR, PANTALLAS DE VIDEO, COMIDA, MAQUILLAJE O CUALQUIER OTRO ELEMENTO DISTRACTOR).",CHOQUE POSTERIOR,BICICLETA,1,1,0,0,0,0,0,0,0,0,0,0,0,2,28,HOMBRE,ILESO,CONDUCTOR PRESENTE,NO,NO,0
4016,12409,12410,2017,0,0,-0.175707,-78.485624,PICHINCHA,QUITO,QUITO,URBANA,2017-06-07,15:20:00,15,MIERCOLES,3,JUNIO,6,NO,NO MANTENER LA DISTANCIA PRUDENCIAL CON RESPECTO AL VEHICULO QUE LE ANTECEDE.,CHOQUE POSTERIOR,MOTOCICLETA,0,0,0,0,0,0,0,0,1,1,0,0,0,2,28,HOMBRE,ILESO,CONDUCTOR PRESENTE,NO,NO,0
4017,12411,12412,2017,0,0,-0.173016,-78.485037,PICHINCHA,QUITO,QUITO,URBANA,2017-06-07,15:32:00,15,MIERCOLES,3,JUNIO,6,NO,NO MANTENER LA DISTANCIA PRUDENCIAL CON RESPECTO AL VEHICULO QUE LE ANTECEDE.,CHOQUE POSTERIOR,AUTOMOVIL,2,0,0,0,0,0,0,0,0,0,0,0,0,2,32,HOMBRE,ILESO,CONDUCTOR PRESENTE,NO,NO,0
4018,12412,12413,2017,0,0,-0.186786,-78.495461,PICHINCHA,QUITO,QUITO,URBANA,2017-06-07,16:15:00,16,MIERCOLES,3,JUNIO,6,NO,NO CEDER EL DERECHO DE VIA O PREFERENCIA DE PASO A VEHICULOS.,CHOQUE LATERAL,AUTOMOVIL,1,0,0,0,0,0,0,0,1,0,0,0,0,2,74,MUJER,ILESO,CONDUCTOR PRESENTE,NO,NO,0
4019,12415,12416,2017,0,0,-0.219624,-78.499091,PICHINCHA,QUITO,QUITO,RURAL,2017-06-07,16:40:00,16,MIERCOLES,3,JUNIO,6,NO,NO CEDER EL DERECHO DE VIA O PREFERENCIA DE PASO A VEHICULOS.,ROZAMIENTOS,VEHICULO DEPORTIVO UTILITARIO,0,0,0,0,0,0,0,0,0,1,0,0,1,2,35,HOMBRE,ILESO,CONDUCTOR PRESENTE,NO,NO,3
4020,12416,12417,2017,0,0,-0.338304,-78.549273,PICHINCHA,QUITO,QUITO,URBANA,2017-06-07,16:52:00,16,MIERCOLES,3,JUNIO,6,NO,NO CEDER EL DERECHO DE VIA O PREFERENCIA DE PASO A VEHICULOS.,CHOQUE LATERAL,CAMIONETA,1,0,0,0,1,0,0,0,0,0,0,0,0,2,64,HOMBRE,ILESO,CONDUCTOR PRESENTE,NO,NO,0
4021,12421,12422,2017,0,0,-0.315061,-78.558299,PICHINCHA,QUITO,QUITO,URBANA,2017-06-07,18:10:00,18,MIERCOLES,3,JUNIO,6,NO,NO TRANSITAR POR LAS ACERAS O ZONAS DE SEGURIDAD DESTINADAS PARA EL EFECTO.,ATROPELLOS,AUTOMOVIL,1,0,0,0,0,0,0,0,0,0,0,0,0,1,30,HOMBRE,ILESO,CONDUCTOR PRESENTE,NO,NO,0
4022,12423,12424,2017,0,0,-0.276936,-78.547061,PICHINCHA,QUITO,QUITO,URBANA,2017-06-07,18:40:00,18,MIERCOLES,3,JUNIO,6,NO,NO CEDER EL DERECHO DE VIA O PREFERENCIA DE PASO AL PEATON.,ATROPELLOS,AUTOMOVIL,1,0,0,0,0,0,0,0,0,0,0,0,0,1,43,HOMBRE,ILESO,CONDUCTOR PRESENTE,NO,NO,0
4023,12426,12427,2017,0,0,-0.154594,-78.497351,PICHINCHA,QUITO,QUITO,URBANA,2017-06-07,19:30:00,19,MIERCOLES,3,JUNIO,6,NO,NO GUARDAR LA DISTANCIA LATERAL MINIMA DE SEGURIDAD ENTRE VEHICULOS.,ROZAMIENTOS,AUTOMOVIL,1,0,0,0,0,0,0,0,0,1,0,0,0,2,52,HOMBRE,ILESO,CONDUCTOR PRESENTE,NO,NO,0
4024,12427,12428,2017,0,0,-0.144572,-78.506986,PICHINCHA,QUITO,QUITO,URBANA,2017-06-07,20:25:00,20,MIERCOLES,3,JUNIO,6,NO,REALIZAR CAMBIO BRUSCO O INDEBIDO DE CARRIL.,ESTRELLAMIENTOS,AUTOMOVIL,1,0,0,0,0,0,0,0,0,0,0,0,0,1,60,HOMBRE,ILESO,CONDUCTOR PRESENTE,NO,NO,0
4025,12446,12447,2017,0,0,-0.081949,-78.438448,PICHINCHA,QUITO,CALDERON (CARAPUNGO),RURAL,2017-06-08,00:45:00,0,JUEVES,4,JUNIO,6,NO,"CONDUCIR EN ESTADO DE SOMNOLENCIA O MALAS CONDICIONES FISICAS (SUENIO, CANSANCIO Y FATIGA).",ESTRELLAMIENTOS,CAMIONETA,0,0,0,0,1,0,0,0,0,0,0,0,0,1,-1,NO IDENTIFICADO,NO IDENTIFICADO,CONDUCTOR AUSENTE,NO,NO,2
4026,12447,12448,2017,0,0,-0.274944,-78.540305,PICHINCHA,QUITO,QUITO,URBANA,2017-06-08,01:00:00,1,JUEVES,4,JUNIO,6,NO,"CONDUCIR EN ESTADO DE SOMNOLENCIA O MALAS CONDICIONES FISICAS (SUENIO, CANSANCIO Y FATIGA).",ESTRELLAMIENTOS,AUTOMOVIL,1,0,0,0,0,0,0,0,0,0,0,0,0,1,25,HOMBRE,ILESO,CONDUCTOR PRESENTE,NO,NO,0
4027,12448,12449,2017,1,0,-0.096589,-78.469601,PICHINCHA,QUITO,QUITO,URBANA,2017-06-08,05:45:00,5,JUEVES,4,JUNIO,6,NO,REALIZAR CAMBIO BRUSCO O INDEBIDO DE CARRIL.,PERDIDA DE PISTA,MOTOCICLETA,0,0,0,0,0,0,0,0,1,1,0,0,0,2,26,HOMBRE,LESIONADO,CONDUCTOR PRESENTE,NO,NO,0
4028,12449,12450,2017,0,0,-0.163076,-78.463131,PICHINCHA,QUITO,QUITO,URBANA,2017-06-08,07:00:00,7,JUEVES,4,JUNIO,6,NO,NO GUARDAR LA DISTANCIA LATERAL MINIMA DE SEGURIDAD ENTRE VEHICULOS.,ROZAMIENTOS,BUS,0,0,1,0,0,0,0,1,0,0,0,0,0,2,56,HOMBRE,ILESO,CONDUCTOR PRESENTE,NO,NO,0
4029,12450,12451,2017,0,0,-0.237767,-78.484541,PICHINCHA,QUITO,QUITO,URBANA,2017-06-08,07:00:00,7,JUEVES,4,JUNIO,6,NO,NO GUARDAR LA DISTANCIA LATERAL MINIMA DE SEGURIDAD ENTRE VEHICULOS.,ROZAMIENTOS,AUTOMOVIL,1,0,0,1,0,0,0,0,0,0,0,0,0,2,37,HOMBRE,ILESO,CONDUCTOR PRESENTE,NO,NO,0
4030,12451,12452,2017,1,0,-0.211782,-78.510574,PICHINCHA,QUITO,QUITO,URBANA,2017-06-08,07:05:00,7,JUEVES,4,JUNIO,6,NO,NO CEDER EL DERECHO DE VIA O PREFERENCIA DE PASO AL PEATON.,ATROPELLOS,NO IDENTIFICADO,0,0,0,0,0,0,0,0,0,1,0,0,0,1,23,MUJER,LESIONADO,PEATON,NO,NO,0
4031,12456,12457,2017,0,0,-0.214665,-78.503349,PICHINCHA,QUITO,QUITO,URBANA,2017-06-08,07:55:00,7,JUEVES,4,JUNIO,6,NO,"CONDUCIR DESATENTO A LAS CONDICIONES DE TRANSITO (CELULAR, PANTALLAS DE VIDEO, COMIDA, MAQUILLAJE O CUALQUIER OTRO ELEMENTO DISTRACTOR).",ROZAMIENTOS,VEHICULO DEPORTIVO UTILITARIO,0,0,1,0,0,0,0,0,0,0,0,0,1,2,29,HOMBRE,ILESO,CONDUCTOR PRESENTE,NO,NO,0
4032,12457,12458,2017,0,0,-0.280872,-78.548709,PICHINCHA,QUITO,QUITO,URBANA,2017-06-08,07:58:00,7,JUEVES,4,JUNIO,6,NO,"NO RESPETAR LAS SENIALES REGLAMENTARIAS DE TRANSITO. (PARE, CEDA EL PASO, LUZ ROJA DEL SEMAFORO, ETC).",CHOQUE LATERAL,AUTOMOVIL,1,0,0,0,0,0,0,0,0,1,0,0,0,2,29,HOMBRE,ILESO,CONDUCTOR PRESENTE,NO,NO,0
4033,12458,12459,2017,0,0,-0.169061,-78.485211,PICHINCHA,QUITO,QUITO,URBANA,2017-06-08,08:00:00,8,JUEVES,4,JUNIO,6,NO,"NO RESPETAR LAS SENIALES REGLAMENTARIAS DE TRANSITO. (PARE, CEDA EL PASO, LUZ ROJA DEL SEMAFORO, ETC).",CHOQUE LATERAL,AUTOMOVIL,2,0,0,0,0,0,0,0,0,0,0,0,0,2,27,MUJER,ILESO,CONDUCTOR PRESENTE,NO,NO,0
4034,12461,12462,2017,0,0,-0.206903,-78.502924,PICHINCHA,QUITO,QUITO,URBANA,2017-06-08,10:00:00,10,JUEVES,4,JUNIO,6,NO,"CONDUCIR DESATENTO A LAS CONDICIONES DE TRANSITO (CELULAR, PANTALLAS DE VIDEO, COMIDA, MAQUILLAJE O CUALQUIER OTRO ELEMENTO DISTRACTOR).",ROZAMIENTOS,AUTOMOVIL,2,0,0,0,0,0,0,0,0,0,0,0,0,2,45,HOMBRE,ILESO,CONDUCTOR PRESENTE,NO,NO,0
4035,12462,12463,2017,1,0,-0.295604,-78.561141,PICHINCHA,QUITO,QUITO,URBANA,2017-06-08,10:40:00,10,JUEVES,4,JUNIO,6,NO,NO CEDER EL DERECHO DE VIA O PREFERENCIA DE PASO AL PEATON.,ATROPELLOS,NO IDENTIFICADO,0,0,0,0,0,0,0,0,0,1,0,0,0,1,7,HOMBRE,LESIONADO,PEATON,NO,NO,0
4036,12465,12466,2017,0,0,-0.254205,-78.484058,PICHINCHA,QUITO,QUITO,RURAL,2017-06-08,11:20:00,11,JUEVES,4,JUNIO,6,NO,REALIZAR CAMBIO BRUSCO O INDEBIDO DE CARRIL.,ESTRELLAMIENTOS,NO IDENTIFICADO,0,0,0,0,0,0,0,0,0,1,0,0,0,1,-1,NO IDENTIFICADO,NO IDENTIFICADO,CONDUCTOR AUSENTE,NO,NO,2
4037,12466,12467,2017,1,0,-0.109369,-78.458375,PICHINCHA,QUITO,CALDERON (CARAPUNGO),RURAL,2017-06-08,12:00:00,12,JUEVES,4,JUNIO,6,NO,NO CEDER EL DERECHO DE VIA O PREFERENCIA DE PASO A VEHICULOS.,CHOQUE LATERAL,CAMIONETA,0,0,0,0,1,0,0,1,0,0,0,0,0,2,70,HOMBRE,LESIONADO,PASAJERO,NO,NO,3