,Unnamed: 0,ID,ANIO,LESIONADOS,FALLECIDOS,LATITUD_Y,LONGITUD_X,PROVINCIA,CANTON,PARROQUIA,ZONA,FECHA,HORA,PERIODO_2,DIA_1,DIA_2,MES_1,MES_2,FERIADO,CAUSA_PROBABLE,TIPO_DE_SINIESTRO,TIPO_DE_VEHICULO_1,AUTOMOVIL,BICICLETA,BUS,CAMION,CAMIONETA,EMERGENCIAS,ESPECIAL,FURGONETA,MOTOCICLETA,NO_IDENTIFICADO,SCOOTER_ELECTRICO,TRICIMOTO,VEHICULO_DEPORTIVO_UTILITARIO,SUMA_DE_VEHICULOS,EDAD_1,SEXO_1,CONDICION_1,PARTICIPANTE_1,CASCO_1,CINTURON_1,KMeans_Cluster
4038,12468,12469,2017,0,0,-0.103713,-78.424574,PICHINCHA,QUITO,CALDERON (CARAPUNGO),RURAL,2017-06-08,12:24:00,12,JUEVES,4,JUNIO,6,NO,NO GUARDAR LA DISTANCIA LATERAL MINIMA DE SEGURIDAD ENTRE VEHICULOS.,ROZAMIENTOS,CAMIONETA,0,0,0,0,2,0,0,0,0,0,0,0,0,2,58,HOMBRE,ILESO,CONDUCTOR PRESENTE,NO,NO,3
4039,12469,12470,2017,1,0,-0.215377,-78.515878,PICHINCHA,QUITO,QUITO,URBANA,2017-06-08,12:35:00,12,JUEVES,4,JUNIO,6,NO,NO CEDER EL DERECHO DE VIA O PREFERENCIA DE PASO AL PEATON.,ATROPELLOS,CAMIONETA,0,0,0,0,1,0,0,0,0,0,0,0,0,1,7,HOMBRE,LESIONADO,PEATON,NO,NO,0
4040,12470,12471,2017,1,0,-0.292281,-78.535649,PICHINCHA,QUITO,QUITO,URBANA,2017-06-08,12:55:00,12,JUEVES,4,JUNIO,6,NO,NO CEDER EL DERECHO DE VIA O PREFERENCIA DE PASO AL PEATON.,ATROPELLOS,NO IDENTIFICADO,0,0,0,0,0,0,0,0,0,1,0,0,0,1,11,HOMBRE,LESIONADO,PEATON,NO,NO,0
4041,12475,12476,2017,0,0,-0.268554,-78.530359,PICHINCHA,QUITO,QUITO,URBANA,2017-06-08,14:20:00,14,JUEVES,4,JUNIO,6,NO,REALIZAR CAMBIO BRUSCO O INDEBIDO DE CARRIL.,ESTRELLAMIENTOS,AUTOMOVIL,1,0,0,0,0,0,0,0,0,1,0,0,0,2,48,HOMBRE,ILESO,CONDUCTOR PRESENTE,NO,NO,0
4042,12479,12480,2017,0,0,-0.094265,-78.481791,PICHINCHA,QUITO,QUITO,URBANA,2017-06-08,16:25:00,16,JUEVES,4,JUNIO,6,NO,NO MANTENER LA DISTANCIA PRUDENCIAL CON RESPECTO AL VEHICULO QUE LE ANTECEDE.,COLISION,AUTOMOVIL,1,0,0,1,0,0,0,1,0,0,0,0,0,3,30,HOMBRE,ILESO,CONDUCTOR PRESENTE,NO,NO,0
4043,12481,12482,2017,1,0,-0.208668,-78.495494,PICHINCHA,QUITO,QUITO,URBANA,2017-06-08,17:25:00,17,JUEVES,4,JUNIO,6,NO,REALIZAR CAMBIO BRUSCO O INDEBIDO DE CARRIL.,PERDIDA DE PISTA,MOTOCICLETA,0,0,0,0,0,0,0,0,1,0,0,0,0,1,26,HOMBRE,LESIONADO,CONDUCTOR PRESENTE,NO,NO,0
4044,12484,12485,2017,0,0,-0.207456,-78.501292,PICHINCHA,QUITO,QUITO,URBANA,2017-06-08,18:25:00,18,JUEVES,4,JUNIO,6,NO,"CONDUCIR DESATENTO A LAS CONDICIONES DE TRANSITO (CELULAR, PANTALLAS DE VIDEO, COMIDA, MAQUILLAJE O CUALQUIER OTRO ELEMENTO DISTRACTOR).",COLISION,FURGONETA,2,0,0,0,0,0,0,1,0,0,0,0,0,3,59,HOMBRE,ILESO,CONDUCTOR PRESENTE,NO,NO,0
4045,12485,12486,2017,0,0,-0.165154,-78.478889,PICHINCHA,QUITO,QUITO,URBANA,2017-06-08,18:30:00,18,JUEVES,4,JUNIO,6,NO,"CONDUCIR DESATENTO A LAS CONDICIONES DE TRANSITO (CELULAR, PANTALLAS DE VIDEO, COMIDA, MAQUILLAJE O CUALQUIER OTRO ELEMENTO DISTRACTOR).",CHOQUE POSTERIOR,CAMIONETA,1,0,0,0,1,0,0,0,0,0,0,0,0,2,28,HOMBRE,ILESO,CONDUCTOR PRESENTE,NO,NO,0
4046,12486,12487,2017,1,0,-0.113511,-78.496832,PICHINCHA,QUITO,QUITO,URBANA,2017-06-08,18:40:00,18,JUEVES,4,JUNIO,6,NO,NO CEDER EL DERECHO DE VIA O PREFERENCIA DE PASO AL PEATON.,ATROPELLOS,AUTOMOVIL,1,0,0,0,0,0,0,0,0,0,0,0,0,1,9,HOMBRE,LESIONADO,PEATON,NO,NO,0
4047,12487,12488,2017,0,0,-0.333072,-78.546113,PICHINCHA,QUITO,QUITO,URBANA,2017-06-08,18:55:00,18,JUEVES,4,JUNIO,6,NO,"NO RESPETAR LAS SENIALES REGLAMENTARIAS DE TRANSITO. (PARE, CEDA EL PASO, LUZ ROJA DEL SEMAFORO, ETC).",CHOQUE LATERAL,AUTOMOVIL,1,0,0,0,0,0,0,0,1,0,0,0,0,2,27,HOMBRE,ILESO,CONDUCTOR PRESENTE,NO,NO,0
4048,12488,12489,2017,0,0,-0.197805,-78.466615,PICHINCHA,QUITO,QUITO,RURAL,2017-06-08,19:00:00,19,JUEVES,4,JUNIO,6,NO,NO GUARDAR LA DISTANCIA LATERAL MINIMA DE SEGURIDAD ENTRE VEHICULOS.,ROZAMIENTOS,VEHICULO DEPORTIVO UTILITARIO,1,0,0,0,0,0,0,0,0,0,0,0,1,2,34,HOMBRE,ILESO,CONDUCTOR PRESENTE,NO,NO,3
4049,12489,12490,2017,0,0,-0.291131,-78.524158,PICHINCHA,QUITO,QUITO,RURAL,2017-06-08,19:05:00,19,JUEVES,4,JUNIO,6,NO,CONDUCIR VEHICULO SUPERANDO LOS LIMITES MAXIMOS DE VELOCIDAD.,ESTRELLAMIENTOS,CAMION,0,0,0,1,0,0,0,0,0,0,0,0,0,1,58,HOMBRE,ILESO,CONDUCTOR PRESENTE,NO,NO,3
4050,12490,12491,2017,1,0,-0.232992,-78.508861,PICHINCHA,QUITO,QUITO,URBANA,2017-06-08,19:28:00,19,JUEVES,4,JUNIO,6,NO,NO TRANSITAR POR LAS ACERAS O ZONAS DE SEGURIDAD DESTINADAS PARA EL EFECTO.,ATROPELLOS,NO IDENTIFICADO,0,0,0,0,0,0,0,0,0,1,0,0,0,1,22,HOMBRE,LESIONADO,PEATON,NO,NO,0
4051,12493,12494,2017,1,0,-0.211147,-78.482527,PICHINCHA,QUITO,QUITO,URBANA,2017-06-08,19:50:00,19,JUEVES,4,JUNIO,6,NO,NO CEDER EL DERECHO DE VIA O PREFERENCIA DE PASO A VEHICULOS.,CHOQUE LATERAL,AUTOMOVIL,1,1,0,0,0,0,0,0,0,0,0,0,0,2,56,HOMBRE,LESIONADO,CONDUCTOR PRESENTE,NO,NO,0
4052,12494,12495,2017,0,0,-0.303767,-78.542641,PICHINCHA,QUITO,QUITO,URBANA,2017-06-08,19:50:00,19,JUEVES,4,JUNIO,6,NO,NO MANTENER LA DISTANCIA PRUDENCIAL CON RESPECTO AL VEHICULO QUE LE ANTECEDE.,CHOQUE POSTERIOR,AUTOMOVIL,2,0,0,0,0,0,0,0,0,0,0,0,0,2,35,HOMBRE,ILESO,CONDUCTOR PRESENTE,NO,NO,0
4053,12495,12496,2017,0,0,-0.253239,-78.492643,PICHINCHA,QUITO,QUITO,RURAL,2017-06-08,20:30:00,20,JUEVES,4,JUNIO,6,NO,"NO RESPETAR LAS SENIALES REGLAMENTARIAS DE TRANSITO. (PARE, CEDA EL PASO, LUZ ROJA DEL SEMAFORO, ETC).",CHOQUE LATERAL,BUS,1,0,1,0,0,0,0,0,0,0,0,0,0,2,32,HOMBRE,ILESO,CONDUCTOR PRESENTE,NO,NO,3
4054,12498,12499,2017,0,0,-0.202902,-78.491045,PICHINCHA,QUITO,QUITO,URBANA,2017-06-08,21:30:00,21,JUEVES,4,JUNIO,6,NO,"CONDUCIR DESATENTO A LAS CONDICIONES DE TRANSITO (CELULAR, PANTALLAS DE VIDEO, COMIDA, MAQUILLAJE O CUALQUIER OTRO ELEMENTO DISTRACTOR).",ESTRELLAMIENTOS,VEHICULO DEPORTIVO UTILITARIO,0,0,0,0,0,0,0,0,0,1,0,0,1,2,-1,NO IDENTIFICADO,NO IDENTIFICADO,CONDUCTOR AUSENTE,NO,NO,2
4055,12502,12503,2017,0,0,-0.197896,-78.487472,PICHINCHA,QUITO,QUITO,URBANA,2017-06-08,22:20:00,22,JUEVES,4,JUNIO,6,NO,REALIZAR CAMBIO BRUSCO O INDEBIDO DE CARRIL.,ESTRELLAMIENTOS,AUTOMOVIL,1,0,0,0,0,0,0,0,0,0,0,0,0,1,-1,NO IDENTIFICADO,NO IDENTIFICADO,CONDUCTOR AUSENTE,NO,NO,2
4056,12504,12505,2017,0,2,0.031107,-78.680169,PICHINCHA,QUITO,NONO,RURAL,2017-06-08,23:00:00,23,JUEVES,4,JUNIO,6,NO,CONDUCIR VEHICULO SUPERANDO LOS LIMITES MAXIMOS DE VELOCIDAD.,PERDIDA DE PISTA,VEHICULO DEPORTIVO UTILITARIO,0,0,0,0,0,0,0,0,0,0,0,0,1,1,57,HOMBRE,FALLECIDO,PASAJERO,NO,NO,3
4057,12505,12506,2017,0,0,-0.277541,-78.531024,PICHINCHA,QUITO,QUITO,URBANA,2017-06-08,23:00:00,23,JUEVES,4,JUNIO,6,NO,"CONDUCIR DESATENTO A LAS CONDICIONES DE TRANSITO (CELULAR, PANTALLAS DE VIDEO, COMIDA, MAQUILLAJE O CUALQUIER OTRO ELEMENTO DISTRACTOR).",CHOQUE LATERAL,CAMION,1,0,0,1,0,0,0,0,0,0,0,0,0,2,45,HOMBRE,ILESO,CONDUCTOR PRESENTE,NO,NO,0
4058,12521,12522,2017,1,0,-0.186963,-78.479626,PICHINCHA,QUITO,QUITO,URBANA,2017-06-09,00:00:00,0,VIERNES,5,JUNIO,6,NO,CONDUCIR VEHICULO SUPERANDO LOS LIMITES MAXIMOS DE VELOCIDAD.,PERDIDA DE PISTA,NO IDENTIFICADO,0,0,0,0,0,0,0,0,0,1,0,0,0,1,29,MUJER,LESIONADO,PASAJERO,NO,NO,0
4059,12522,12523,2017,0,0,-0.304167,-78.542831,PICHINCHA,QUITO,QUITO,URBANA,2017-06-09,00:02:00,0,VIERNES,5,JUNIO,6,NO,"CONDUCIR EN ESTADO DE SOMNOLENCIA O MALAS CONDICIONES FISICAS (SUENIO, CANSANCIO Y FATIGA).",ESTRELLAMIENTOS,AUTOMOVIL,2,0,0,0,0,0,0,0,0,0,0,0,0,2,-1,NO IDENTIFICADO,NO IDENTIFICADO,CONDUCTOR AUSENTE,NO,NO,2
4060,12523,12524,2017,0,0,-0.282706,-78.554325,PICHINCHA,QUITO,QUITO,URBANA,2017-06-09,00:05:00,0,VIERNES,5,JUNIO,6,NO,"NO RESPETAR LAS SENIALES REGLAMENTARIAS DE TRANSITO. (PARE, CEDA EL PASO, LUZ ROJA DEL SEMAFORO, ETC).",CHOQUE LATERAL,VEHICULO DEPORTIVO UTILITARIO,1,0,0,0,0,0,0,0,0,0,0,0,1,2,42,HOMBRE,ILESO,CONDUCTOR PRESENTE,NO,NO,0
4061,12524,12525,2017,1,0,-0.137645,-78.501298,PICHINCHA,QUITO,QUITO,URBANA,2017-06-09,00:17:00,0,VIERNES,5,JUNIO,6,NO,"CONDUCIR EN ESTADO DE SOMNOLENCIA O MALAS CONDICIONES FISICAS (SUENIO, CANSANCIO Y FATIGA).",ESTRELLAMIENTOS,AUTOMOVIL,1,0,0,0,0,0,0,0,0,0,0,0,0,1,22,HOMBRE,LESIONADO,PEATON,NO,NO,0
4062,12525,12526,2017,0,0,-0.190589,-78.480948,PICHINCHA,QUITO,QUITO,URBANA,2017-06-09,00:25:00,0,VIERNES,5,JUNIO,6,NO,"CONDUCIR EN ESTADO DE SOMNOLENCIA O MALAS CONDICIONES FISICAS (SUENIO, CANSANCIO Y FATIGA).",ESTRELLAMIENTOS,NO IDENTIFICADO,0,0,0,0,0,0,0,0,0,1,0,0,0,1,-1,NO IDENTIFICADO,NO IDENTIFICADO,CONDUCTOR AUSENTE,NO,NO,2
4063,12526,12527,2017,0,0,-0.207385,-78.487149,PICHINCHA,QUITO,QUITO,URBANA,2017-06-09,01:32:00,1,VIERNES,5,JUNIO,6,NO,"CONDUCIR EN ESTADO DE SOMNOLENCIA O MALAS CONDICIONES FISICAS (SUENIO, CANSANCIO Y FATIGA).",ESTRELLAMIENTOS,AUTOMOVIL,1,0,0,0,0,0,0,0,0,0,0,0,0,1,-1,NO IDENTIFICADO,NO IDENTIFICADO,CONDUCTOR AUSENTE,NO,NO,2
4064,12527,12528,2017,0,0,-0.299201,-78.479644,PICHINCHA,QUITO,CONOCOTO,RURAL,2017-06-09,02:00:00,2,VIERNES,5,JUNIO,6,NO,"CONDUCIR EN ESTADO DE SOMNOLENCIA O MALAS CONDICIONES FISICAS (SUENIO, CANSANCIO Y FATIGA).",ESTRELLAMIENTOS,AUTOMOVIL,1,0,0,0,0,0,0,0,0,1,0,0,0,2,41,HOMBRE,ILESO,CONDUCTOR PRESENTE,NO,NO,3
4065,12528,12529,2017,1,0,-0.106567,-78.476473,PICHINCHA,QUITO,QUITO,URBANA,2017-06-09,02:15:00,2,VIERNES,5,JUNIO,6,NO,"NO RESPETAR LAS SENIALES REGLAMENTARIAS DE TRANSITO. (PARE, CEDA EL PASO, LUZ ROJA DEL SEMAFORO, ETC).",CHOQUE LATERAL,MOTOCICLETA,0,0,0,0,0,0,0,0,1,1,0,0,0,2,22,HOMBRE,LESIONADO,CONDUCTOR PRESENTE,NO,NO,0
4066,12529,12530,2017,0,0,-0.445334,-78.556723,PICHINCHA,MEJIA,ALOAG,RURAL,2017-06-09,05:00:00,5,VIERNES,5,JUNIO,6,NO,NO GUARDAR LA DISTANCIA LATERAL MINIMA DE SEGURIDAD ENTRE VEHICULOS.,CHOQUE LATERAL,AUTOMOVIL,1,0,0,0,1,0,0,0,0,0,0,0,0,2,25,HOMBRE,ILESO,CONDUCTOR PRESENTE,NO,NO,3
4067,12530,12531,2017,0,0,-0.283551,-78.535583,PICHINCHA,QUITO,QUITO,URBANA,2017-06-09,05:00:00,5,VIERNES,5,JUNIO,6,NO,NO CEDER EL DERECHO DE VIA O PREFERENCIA DE PASO A VEHICULOS.,CHOQUE LATERAL,MOTOCICLETA,0,0,0,0,0,0,0,0,1,0,0,0,1,2,26,HOMBRE,ILESO,CONDUCTOR PRESENTE,NO,NO,0
4068,12531,12532,2017,1,1,-0.494289,-78.571117,PICHINCHA,MEJIA,MACHACHI,RURAL,2017-06-09,05:30:00,5,VIERNES,5,JUNIO,6,NO,NO GUARDAR LA DISTANCIA LATERAL MINIMA DE SEGURIDAD ENTRE VEHICULOS.,CHOQUE LATERAL,CAMION,0,0,0,2,0,0,0,0,0,0,0,0,0,2,-1,HOMBRE,FALLECIDO,PASAJERO,NO,NO,3
4069,12532,12533,2017,1,0,-0.185452,-78.498414,PICHINCHA,QUITO,QUITO,URBANA,2017-06-09,06:25:00,6,VIERNES,5,JUNIO,6,NO,CONDUCIR VEHICULO SUPERANDO LOS LIMITES MAXIMOS DE VELOCIDAD.,PERDIDA DE PISTA,MOTOCICLETA,0,0,0,0,0,0,0,0,1,0,0,0,0,1,53,HOMBRE,LESIONADO,CONDUCTOR PRESENTE,NO,NO,0
4070,12536,12537,2017,1,0,-0.133305,-78.494008,PICHINCHA,QUITO,QUITO,URBANA,2017-06-09,07:35:00,7,VIERNES,5,JUNIO,6,NO,NO CEDER EL DERECHO DE VIA O PREFERENCIA DE PASO AL PEATON.,ATROPELLOS,NO IDENTIFICADO,0,0,0,0,0,0,0,0,0,1,0,0,0,1,44,MUJER,LESIONADO,PEATON,NO,NO,0
4071,12537,12538,2017,0,0,-0.180866,-78.478482,PICHINCHA,QUITO,QUITO,URBANA,2017-06-09,07:50:00,7,VIERNES,5,JUNIO,6,NO,NO CEDER EL DERECHO DE VIA O PREFERENCIA DE PASO AL PEATON.,ATROPELLOS,NO IDENTIFICADO,0,0,0,0,0,0,0,0,0,1,0,0,0,1,11,MUJER,ILESO,PEATON,NO,NO,0
4072,12538,12539,2017,1,0,-0.096681,-78.469779,PICHINCHA,QUITO,QUITO,URBANA,2017-06-09,07:50:00,7,VIERNES,5,JUNIO,6,NO,BAJARSE O SUBIRSE DE VEHICULOS EN MOVIMIENTO SIN TOMAR LAS PRECAUCIONES DEBIDAS.,CAIDA DE PASAJERO,NO IDENTIFICADO,0,0,0,0,0,0,0,0,0,1,0,0,0,1,31,HOMBRE,LESIONADO,PASAJERO,NO,NO,0
4073,12543,12544,2017,0,0,-0.224519,-78.518588,PICHINCHA,QUITO,QUITO,URBANA,2017-06-09,09:30:00,9,VIERNES,5,JUNIO,6,NO,REALIZAR CAMBIO BRUSCO O INDEBIDO DE CARRIL.,ESTRELLAMIENTOS,AUTOMOVIL,1,0,0,0,1,0,0,0,0,0,0,0,0,2,36,HOMBRE,ILESO,CONDUCTOR PRESENTE,NO,NO,0
4074,12544,12545,2017,0,0,-0.196391,-78.493156,PICHINCHA,QUITO,QUITO,URBANA,2017-06-09,10:10:00,10,VIERNES,5,JUNIO,6,NO,NO GUARDAR LA DISTANCIA LATERAL MINIMA DE SEGURIDAD ENTRE VEHICULOS.,ROZAMIENTOS,MOTOCICLETA,1,0,0,0,0,0,0,0,1,0,0,0,0,2,34,HOMBRE,ILESO,CONDUCTOR PRESENTE,NO,NO,0
4075,12545,12546,2017,1,0,-0.255525,-78.522531,PICHINCHA,QUITO,QUITO,URBANA,2017-06-09,10:17:00,10,VIERNES,5,JUNIO,6,NO,"CONDUCE BAJO LA INFLUENCIA DE ALCOHOL, SUSTANCIAS ESTUPEFACIENTES O PSICOTROPICAS Y/O MEDICAMENTOS.",ROZAMIENTOS,AUTOMOVIL,1,0,1,0,0,0,0,0,0,0,0,0,0,2,40,HOMBRE,LESIONADO,CONDUCTOR PRESENTE,NO,NO,0
4076,12548,12549,2017,0,0,-0.156084,-78.470139,PICHINCHA,QUITO,QUITO,URBANA,2017-06-09,11:40:00,11,VIERNES,5,JUNIO,6,NO,"CONDUCIR DESATENTO A LAS CONDICIONES DE TRANSITO (CELULAR, PANTALLAS DE VIDEO, COMIDA, MAQUILLAJE O CUALQUIER OTRO ELEMENTO DISTRACTOR).",PERDIDA DE PISTA,AUTOMOVIL,2,0,0,0,0,0,0,0,0,0,0,0,0,2,37,MUJER,ILESO,CONDUCTOR PRESENTE,NO,NO,0
4077,12550,12551,2017,0,0,-0.170875,-78.476317,PICHINCHA,QUITO,QUITO,URBANA,2017-06-09,12:10:00,12,VIERNES,5,JUNIO,6,NO,NO CEDER EL DERECHO DE VIA O PREFERENCIA DE PASO A VEHICULOS.,CHOQUE LATERAL,VEHICULO DEPORTIVO UTILITARIO,0,1,0,0,0,0,0,0,0,0,0,0,1,2,42,MUJER,ILESO,CONDUCTOR PRESENTE,NO,NO,0
4078,12551,12552,2017,1,0,-0.088884,-78.439915,PICHINCHA,QUITO,CALDERON (CARAPUNGO),RURAL,2017-06-09,12:13:00,12,VIERNES,5,JUNIO,6,NO,"NO RESPETAR LAS SENIALES REGLAMENTARIAS DE TRANSITO. (PARE, CEDA EL PASO, LUZ ROJA DEL SEMAFORO, ETC).",CHOQUE LATERAL,AUTOMOVIL,1,0,0,0,0,0,0,0,1,0,0,0,0,2,23,HOMBRE,LESIONADO,CONDUCTOR PRESENTE,NO,NO,3
4079,12552,12553,2017,2,0,-0.309844,-78.563861,PICHINCHA,QUITO,QUITO,URBANA,2017-06-09,12:40:00,12,VIERNES,5,JUNIO,6,NO,NO CEDER EL DERECHO DE VIA O PREFERENCIA DE PASO AL PEATON.,ATROPELLOS,NO IDENTIFICADO,0,0,0,0,0,0,0,0,0,1,0,0,0,1,7,HOMBRE,LESIONADO,PEATON,NO,NO,0
4080,12558,12559,2017,0,0,-0.161977,-78.483181,PICHINCHA,QUITO,QUITO,URBANA,2017-06-09,14:40:00,14,VIERNES,5,JUNIO,6,NO,NO CEDER EL DERECHO DE VIA O PREFERENCIA DE PASO AL PEATON.,ATROPELLOS,NO IDENTIFICADO,0,0,0,0,0,0,0,0,0,1,0,0,0,1,69,HOMBRE,ILESO,PEATON,NO,NO,0
4081,12559,12560,2017,0,0,-0.177163,-78.479505,PICHINCHA,QUITO,QUITO,URBANA,2017-06-09,15:10:00,15,VIERNES,5,JUNIO,6,NO,NO GUARDAR LA DISTANCIA LATERAL MINIMA DE SEGURIDAD ENTRE VEHICULOS.,ROZAMIENTOS,AUTOMOVIL,1,0,0,0,0,0,0,0,0,0,0,0,1,2,40,HOMBRE,ILESO,CONDUCTOR PRESENTE,NO,NO,0
4082,12560,12561,2017,0,0,-0.355609,-78.548711,PICHINCHA,QUITO,QUITO,URBANA,2017-06-09,15:12:00,15,VIERNES,5,JUNIO,6,NO,NO GUARDAR LA DISTANCIA LATERAL MINIMA DE SEGURIDAD ENTRE VEHICULOS.,ROZAMIENTOS,AUTOMOVIL,1,0,1,0,0,0,0,0,0,0,0,0,0,2,33,HOMBRE,ILESO,CONDUCTOR PRESENTE,NO,NO,0
4083,12561,12562,2017,0,0,0.055851,-78.681797,PICHINCHA,QUITO,NANEGALITO,RURAL,2017-06-09,15:22:00,15,VIERNES,5,JUNIO,6,NO,"CONDICIONES AMBIENTALES Y/O ATMOSFERICAS (NIEBLA, NEBLINA, GRANIZO, LLUVIA).",CHOQUE FRONTAL,VEHICULO DEPORTIVO UTILITARIO,0,0,0,0,1,0,0,0,0,0,0,0,1,2,24,HOMBRE,ILESO,PASAJERO,NO,NO,3
4084,12562,12563,2017,0,0,-0.274321,-78.544261,PICHINCHA,QUITO,QUITO,URBANA,2017-06-09,15:30:00,15,VIERNES,5,JUNIO,6,NO,NO MANTENER LA DISTANCIA PRUDENCIAL CON RESPECTO AL VEHICULO QUE LE ANTECEDE.,CHOQUE POSTERIOR,MOTOCICLETA,1,0,0,0,0,0,0,0,1,0,0,0,0,2,27,HOMBRE,ILESO,CONDUCTOR PRESENTE,NO,NO,0
4085,12563,12564,2017,0,0,-0.300231,-78.450936,PICHINCHA,QUITO,ALANGASI,RURAL,2017-06-09,15:35:00,15,VIERNES,5,JUNIO,6,NO,"NO RESPETAR LAS SENIALES REGLAMENTARIAS DE TRANSITO. (PARE, CEDA EL PASO, LUZ ROJA DEL SEMAFORO, ETC).",CHOQUE LATERAL,VEHICULO DEPORTIVO UTILITARIO,0,0,0,0,0,0,0,0,0,0,0,0,2,2,30,HOMBRE,ILESO,CONDUCTOR PRESENTE,NO,NO,3
4086,12565,12566,2017,2,0,-0.094265,-78.481791,PICHINCHA,QUITO,QUITO,URBANA,2017-06-09,15:55:00,15,VIERNES,5,JUNIO,6,NO,CONDUCIR VEHICULO SUPERANDO LOS LIMITES MAXIMOS DE VELOCIDAD.,PERDIDA DE PISTA,MOTOCICLETA,0,0,0,0,0,0,0,0,1,0,0,0,0,1,33,HOMBRE,LESIONADO,CONDUCTOR PRESENTE,NO,NO,0
4087,12566,12567,2017,1,0,-0.240466,-78.407492,PICHINCHA,QUITO,TUMBACO,RURAL,2017-06-09,16:00:00,16,VIERNES,5,JUNIO,6,NO,NO MANTENER LA DISTANCIA PRUDENCIAL CON RESPECTO AL VEHICULO QUE LE ANTECEDE.,CHOQUE POSTERIOR,NO IDENTIFICADO,0,0,0,0,0,0,0,0,0,2,0,0,0,2,30,HOMBRE,LESIONADO,CONDUCTOR PRESENTE,NO,NO,3
4088,12567,12568,2017,0,0,-0.198663,-78.465597,PICHINCHA,QUITO,QUITO,URBANA,2017-06-09,16:20:00,16,VIERNES,5,JUNIO,6,NO,NO CEDER EL DERECHO DE VIA O PREFERENCIA DE PASO A VEHICULOS.,CHOQUE LATERAL,AUTOMOVIL,1,0,0,0,0,0,0,0,1,0,0,0,0,2,24,HOMBRE,ILESO,CONDUCTOR PRESENTE,NO,NO,0
4089,12568,12569,2017,0,0,-0.222889,-78.508113,PICHINCHA,QUITO,QUITO,URBANA,2017-06-09,16:30:00,16,VIERNES,5,JUNIO,6,NO,REALIZAR CAMBIO BRUSCO O INDEBIDO DE CARRIL.,ESTRELLAMIENTOS,BUS,0,0,1,0,0,0,0,0,0,0,0,0,0,1,-1,NO IDENTIFICADO,NO IDENTIFICADO,CONDUCTOR AUSENTE,NO,NO,2
4090,12572,12573,2017,0,0,-0.159774,-78.490108,PICHINCHA,QUITO,QUITO,URBANA,2017-06-09,16:50:00,16,VIERNES,5,JUNIO,6,NO,"NO RESPETAR LAS SENIALES REGLAMENTARIAS DE TRANSITO. (PARE, CEDA EL PASO, LUZ ROJA DEL SEMAFORO, ETC).",CHOQUE LATERAL,AUTOMOVIL,2,0,0,0,0,0,0,0,0,0,0,0,0,2,23,HOMBRE,ILESO,CONDUCTOR PRESENTE,NO,NO,0
4091,12573,12574,2017,1,0,-0.327868,-78.544481,PICHINCHA,QUITO,QUITO,URBANA,2017-06-09,17:00:00,17,VIERNES,5,JUNIO,6,NO,"NO RESPETAR LAS SENIALES REGLAMENTARIAS DE TRANSITO. (PARE, CEDA EL PASO, LUZ ROJA DEL SEMAFORO, ETC).",CHOQUE LATERAL,FURGONETA,0,0,0,0,1,0,0,1,0,0,0,0,0,2,25,MUJER,LESIONADO,CONDUCTOR PRESENTE,NO,NO,0
4092,12576,12577,2017,3,0,-0.129197,-78.502316,PICHINCHA,QUITO,QUITO,URBANA,2017-06-09,17:15:00,17,VIERNES,5,JUNIO,6,NO,CONDUCIR VEHICULO SUPERANDO LOS LIMITES MAXIMOS DE VELOCIDAD.,COLISION,CAMIONETA,2,0,0,0,2,0,0,0,0,0,0,0,0,4,29,MUJER,LESIONADO,PASAJERO,NO,NO,0
4093,12577,12578,2017,0,0,-0.238322,-78.482564,PICHINCHA,QUITO,QUITO,URBANA,2017-06-09,17:15:00,17,VIERNES,5,JUNIO,6,NO,NO CEDER EL DERECHO DE VIA O PREFERENCIA DE PASO A VEHICULOS.,CHOQUE LATERAL,VEHICULO DEPORTIVO UTILITARIO,0,0,0,0,1,0,0,0,0,0,0,0,1,2,34,MUJER,ILESO,CONDUCTOR PRESENTE,NO,NO,0
4094,12589,12590,2017,0,0,-0.133517,-78.501781,PICHINCHA,QUITO,QUITO,URBANA,2017-06-09,19:30:00,19,VIERNES,5,JUNIO,6,NO,"CONDUCIR DESATENTO A LAS CONDICIONES DE TRANSITO (CELULAR, PANTALLAS DE VIDEO, COMIDA, MAQUILLAJE O CUALQUIER OTRO ELEMENTO DISTRACTOR).",ESTRELLAMIENTOS,AUTOMOVIL,1,0,0,0,0,0,0,0,1,0,0,0,0,2,47,HOMBRE,ILESO,CONDUCTOR PRESENTE,NO,NO,0
4095,12591,12592,2017,5,0,-0.106567,-78.476473,PICHINCHA,QUITO,QUITO,URBANA,2017-06-09,19:45:00,19,VIERNES,5,JUNIO,6,NO,CONDUCIR VEHICULO SUPERANDO LOS LIMITES MAXIMOS DE VELOCIDAD.,COLISION,AUTOMOVIL,1,0,0,0,1,0,0,1,0,0,0,0,0,3,23,HOMBRE,LESIONADO,PASAJERO,NO,NO,0
4096,12592,12593,2017,1,0,-0.346031,-78.444331,PICHINCHA,RUMINIAHUI,SANGOLQUI,URBANA,2017-06-09,20:15:00,20,VIERNES,5,JUNIO,6,NO,"CONDUCE BAJO LA INFLUENCIA DE ALCOHOL, SUSTANCIAS ESTUPEFACIENTES O PSICOTROPICAS Y/O MEDICAMENTOS.",CHOQUE LATERAL,VEHICULO DEPORTIVO UTILITARIO,0,0,1,0,0,0,0,0,0,0,0,0,1,2,36,HOMBRE,LESIONADO,PASAJERO,NO,NO,0