,Unnamed: 0,ID,ANIO,LESIONADOS,FALLECIDOS,LATITUD_Y,LONGITUD_X,PROVINCIA,CANTON,PARROQUIA,ZONA,FECHA,HORA,PERIODO_2,DIA_1,DIA_2,MES_1,MES_2,FERIADO,CAUSA_PROBABLE,TIPO_DE_SINIESTRO,TIPO_DE_VEHICULO_1,AUTOMOVIL,BICICLETA,BUS,CAMION,CAMIONETA,EMERGENCIAS,ESPECIAL,FURGONETA,MOTOCICLETA,NO_IDENTIFICADO,SCOOTER_ELECTRICO,TRICIMOTO,VEHICULO_DEPORTIVO_UTILITARIO,SUMA_DE_VEHICULOS,EDAD_1,SEXO_1,CONDICION_1,PARTICIPANTE_1,CASCO_1,CINTURON_1,KMeans_Cluster
4155,12804,12805,2017,1,0,-0.317898,-78.535609,PICHINCHA,QUITO,QUITO,URBANA,2017-06-11,18:45:00,18,DOMINGO,7,JUNIO,6,NO,REALIZAR CAMBIO BRUSCO O INDEBIDO DE CARRIL.,CHOQUE FRONTAL,AUTOMOVIL,1,1,0,0,0,0,0,0,0,0,0,0,0,2,13,HOMBRE,LESIONADO,CONDUCTOR PRESENTE,NO,NO,0
4156,12806,12807,2017,1,0,-0.404057,-78.538791,PICHINCHA,MEJIA,TAMBILLO (MEJIA),URBANA,2017-06-11,19:00:00,19,DOMINGO,7,JUNIO,6,NO,"CONDICIONES AMBIENTALES Y/O ATMOSFERICAS (NIEBLA, NEBLINA, GRANIZO, LLUVIA).",CHOQUE LATERAL,MOTOCICLETA,0,0,1,0,0,0,0,0,1,0,0,0,0,2,18,HOMBRE,LESIONADO,CONDUCTOR PRESENTE,NO,NO,0
4157,12809,12810,2017,0,0,-0.383767,-78.532541,PICHINCHA,MEJIA,CUTUGLAHUA,RURAL,2017-06-11,20:40:00,20,DOMINGO,7,JUNIO,6,NO,"CONDICIONES AMBIENTALES Y/O ATMOSFERICAS (NIEBLA, NEBLINA, GRANIZO, LLUVIA).",PERDIDA DE PISTA,AUTOMOVIL,1,0,0,0,0,0,0,0,0,0,0,0,0,1,51,HOMBRE,ILESO,CONDUCTOR PRESENTE,NO,NO,3
4158,12811,12812,2017,1,0,-0.251341,-78.521401,PICHINCHA,QUITO,QUITO,URBANA,2017-06-11,21:45:00,21,DOMINGO,7,JUNIO,6,NO,CONDUCIR VEHICULO SUPERANDO LOS LIMITES MAXIMOS DE VELOCIDAD.,PERDIDA DE PISTA,NO IDENTIFICADO,0,0,0,0,0,0,0,0,0,1,0,0,0,1,62,HOMBRE,LESIONADO,PASAJERO,NO,NO,0
4159,12841,12842,2017,1,0,-0.233407,-78.530223,PICHINCHA,QUITO,QUITO,URBANA,2017-06-12,00:01:00,0,LUNES,1,JUNIO,6,NO,"CONDUCIR EN ESTADO DE SOMNOLENCIA O MALAS CONDICIONES FISICAS (SUENIO, CANSANCIO Y FATIGA).",ESTRELLAMIENTOS,AUTOMOVIL,1,0,0,0,0,0,0,0,0,0,0,0,0,1,29,HOMBRE,LESIONADO,PASAJERO,NO,NO,0
4160,12843,12844,2017,1,0,-0.099934,-78.455175,PICHINCHA,QUITO,CALDERON (CARAPUNGO),URBANA,2017-06-12,00:25:00,0,LUNES,1,JUNIO,6,NO,"CONDUCIR EN ESTADO DE SOMNOLENCIA O MALAS CONDICIONES FISICAS (SUENIO, CANSANCIO Y FATIGA).",ESTRELLAMIENTOS,FURGONETA,0,0,0,0,0,0,0,1,0,0,0,0,0,1,51,HOMBRE,LESIONADO,CONDUCTOR PRESENTE,NO,NO,0
4161,12844,12845,2017,0,0,-0.188521,-78.448241,PICHINCHA,QUITO,NAYON,RURAL,2017-06-12,00:50:00,0,LUNES,1,JUNIO,6,NO,CONDUCIR VEHICULO SUPERANDO LOS LIMITES MAXIMOS DE VELOCIDAD.,PERDIDA DE PISTA,CAMION,0,0,0,1,0,0,0,0,0,0,0,0,0,1,-1,NO IDENTIFICADO,NO IDENTIFICADO,CONDUCTOR AUSENTE,NO,NO,2
4162,12846,12847,2017,0,0,-0.087473,-78.397047,PICHINCHA,QUITO,CALDERON (CARAPUNGO),RURAL,2017-06-12,02:15:00,2,LUNES,1,JUNIO,6,NO,CONDUCIR VEHICULO SUPERANDO LOS LIMITES MAXIMOS DE VELOCIDAD.,ESTRELLAMIENTOS,AUTOMOVIL,1,0,0,0,0,0,0,0,0,0,0,0,0,1,-1,NO IDENTIFICADO,NO IDENTIFICADO,CONDUCTOR AUSENTE,NO,NO,2
4163,12849,12850,2017,0,0,-0.125309,-78.464291,PICHINCHA,QUITO,QUITO,URBANA,2017-06-12,04:25:00,4,LUNES,1,JUNIO,6,NO,"CONDUCIR EN ESTADO DE SOMNOLENCIA O MALAS CONDICIONES FISICAS (SUENIO, CANSANCIO Y FATIGA).",ESTRELLAMIENTOS,AUTOMOVIL,1,0,0,0,0,0,0,0,0,0,0,0,0,1,-1,NO IDENTIFICADO,NO IDENTIFICADO,CONDUCTOR AUSENTE,NO,NO,2
4164,12852,12853,2017,0,0,-0.196112,-78.466715,PICHINCHA,QUITO,QUITO,RURAL,2017-06-12,05:50:00,5,LUNES,1,JUNIO,6,NO,NO MANTENER LA DISTANCIA PRUDENCIAL CON RESPECTO AL VEHICULO QUE LE ANTECEDE.,COLISION,AUTOMOVIL,3,0,0,0,0,0,0,1,0,0,0,0,0,4,36,HOMBRE,ILESO,CONDUCTOR PRESENTE,NO,NO,3
4165,12855,12856,2017,0,0,-0.164708,-78.468105,PICHINCHA,QUITO,QUITO,URBANA,2017-06-12,07:00:00,7,LUNES,1,JUNIO,6,NO,"NO RESPETAR LAS SENIALES REGLAMENTARIAS DE TRANSITO. (PARE, CEDA EL PASO, LUZ ROJA DEL SEMAFORO, ETC).",CHOQUE LATERAL,BUS,1,0,1,0,0,0,0,0,0,0,0,0,0,2,39,HOMBRE,ILESO,CONDUCTOR PRESENTE,NO,NO,0
4166,12856,12857,2017,0,0,-0.189551,-78.498479,PICHINCHA,QUITO,QUITO,URBANA,2017-06-12,07:05:00,7,LUNES,1,JUNIO,6,NO,"NO RESPETAR LAS SENIALES REGLAMENTARIAS DE TRANSITO. (PARE, CEDA EL PASO, LUZ ROJA DEL SEMAFORO, ETC).",CHOQUE LATERAL,FURGONETA,0,0,0,0,0,0,0,2,0,0,0,0,0,2,72,HOMBRE,ILESO,CONDUCTOR PRESENTE,NO,NO,0
4167,12859,12860,2017,1,0,-0.185722,-78.510243,PICHINCHA,QUITO,QUITO,URBANA,2017-06-12,07:40:00,7,LUNES,1,JUNIO,6,NO,"CONDICIONES AMBIENTALES Y/O ATMOSFERICAS (NIEBLA, NEBLINA, GRANIZO, LLUVIA).",PERDIDA DE PISTA,MOTOCICLETA,0,0,0,0,0,0,0,0,1,0,0,0,0,1,23,HOMBRE,LESIONADO,CONDUCTOR PRESENTE,NO,NO,0
4168,12861,12862,2017,1,0,-0.280982,-78.516477,PICHINCHA,QUITO,QUITO,RURAL,2017-06-12,07:50:00,7,LUNES,1,JUNIO,6,NO,CONDUCIR VEHICULO SUPERANDO LOS LIMITES MAXIMOS DE VELOCIDAD.,ESTRELLAMIENTOS,CAMIONETA,0,0,0,0,1,0,0,0,0,0,0,0,0,1,34,MUJER,LESIONADO,CONDUCTOR PRESENTE,NO,NO,3
4169,12863,12864,2017,0,0,-0.292724,-78.476486,PICHINCHA,QUITO,CONOCOTO,RURAL,2017-06-12,08:10:00,8,LUNES,1,JUNIO,6,NO,"NO RESPETAR LAS SENIALES REGLAMENTARIAS DE TRANSITO. (PARE, CEDA EL PASO, LUZ ROJA DEL SEMAFORO, ETC).",CHOQUE LATERAL,VEHICULO DEPORTIVO UTILITARIO,1,0,0,0,0,0,0,0,0,0,0,0,1,2,59,MUJER,ILESO,CONDUCTOR PRESENTE,NO,NO,3
4170,12865,12866,2017,0,0,-0.171155,-78.490339,PICHINCHA,QUITO,QUITO,URBANA,2017-06-12,08:44:00,8,LUNES,1,JUNIO,6,NO,"CONDUCIR DESATENTO A LAS CONDICIONES DE TRANSITO (CELULAR, PANTALLAS DE VIDEO, COMIDA, MAQUILLAJE O CUALQUIER OTRO ELEMENTO DISTRACTOR).",CHOQUE POSTERIOR,AUTOMOVIL,1,0,1,0,0,0,0,0,0,0,0,0,0,2,72,HOMBRE,ILESO,CONDUCTOR PRESENTE,NO,NO,0
4171,12867,12868,2017,1,0,-0.264587,-78.546611,PICHINCHA,QUITO,QUITO,URBANA,2017-06-12,11:00:00,11,LUNES,1,JUNIO,6,NO,NO TRANSITAR POR LAS ACERAS O ZONAS DE SEGURIDAD DESTINADAS PARA EL EFECTO.,ATROPELLOS,NO IDENTIFICADO,0,0,0,0,0,0,0,0,0,1,0,0,0,1,20,MUJER,LESIONADO,PEATON,NO,NO,0
4172,12868,12869,2017,0,0,-0.287232,-78.439466,PICHINCHA,QUITO,ALANGASI,RURAL,2017-06-12,11:15:00,11,LUNES,1,JUNIO,6,NO,BAJARSE O SUBIRSE DE VEHICULOS EN MOVIMIENTO SIN TOMAR LAS PRECAUCIONES DEBIDAS.,CAIDA DE PASAJERO,BUS,0,0,1,0,0,0,0,0,0,0,0,0,0,1,41,HOMBRE,ILESO,CONDUCTOR PRESENTE,NO,NO,3
4173,12869,12870,2017,1,0,-0.201321,-78.497469,PICHINCHA,QUITO,QUITO,URBANA,2017-06-12,11:25:00,11,LUNES,1,JUNIO,6,NO,NO TRANSITAR POR LAS ACERAS O ZONAS DE SEGURIDAD DESTINADAS PARA EL EFECTO.,ATROPELLOS,MOTOCICLETA,0,0,0,0,0,0,0,0,1,0,0,0,0,1,75,HOMBRE,LESIONADO,PEATON,NO,NO,0
4174,12870,12871,2017,1,0,-0.190933,-78.480366,PICHINCHA,QUITO,QUITO,RURAL,2017-06-12,11:32:00,11,LUNES,1,JUNIO,6,NO,CONDUCIR VEHICULO SUPERANDO LOS LIMITES MAXIMOS DE VELOCIDAD.,PERDIDA DE PISTA,MOTOCICLETA,0,0,0,0,0,0,0,0,1,0,0,0,0,1,39,HOMBRE,LESIONADO,CONDUCTOR PRESENTE,NO,NO,3
4175,12873,12874,2017,0,0,-0.209009,-78.505987,PICHINCHA,QUITO,QUITO,URBANA,2017-06-12,12:20:00,12,LUNES,1,JUNIO,6,NO,"NO RESPETAR LAS SENIALES REGLAMENTARIAS DE TRANSITO. (PARE, CEDA EL PASO, LUZ ROJA DEL SEMAFORO, ETC).",CHOQUE LATERAL,VEHICULO DEPORTIVO UTILITARIO,1,0,0,0,0,0,0,0,0,0,0,0,1,2,56,MUJER,ILESO,CONDUCTOR PRESENTE,NO,NO,0
4176,12877,12878,2017,1,0,-0.231578,-78.523838,PICHINCHA,QUITO,QUITO,URBANA,2017-06-12,13:20:00,13,LUNES,1,JUNIO,6,NO,"CONDUCIR DESATENTO A LAS CONDICIONES DE TRANSITO (CELULAR, PANTALLAS DE VIDEO, COMIDA, MAQUILLAJE O CUALQUIER OTRO ELEMENTO DISTRACTOR).",PERDIDA DE PISTA,MOTOCICLETA,0,0,0,0,0,0,0,0,1,0,0,0,0,1,20,HOMBRE,LESIONADO,CONDUCTOR PRESENTE,NO,NO,0
4177,12878,12879,2017,0,0,-0.193746,-78.485111,PICHINCHA,QUITO,QUITO,URBANA,2017-06-12,13:20:00,13,LUNES,1,JUNIO,6,NO,"NO RESPETAR LAS SENIALES REGLAMENTARIAS DE TRANSITO. (PARE, CEDA EL PASO, LUZ ROJA DEL SEMAFORO, ETC).",CHOQUE LATERAL,AUTOMOVIL,2,0,0,0,0,0,0,0,0,0,0,0,0,2,37,HOMBRE,ILESO,CONDUCTOR PRESENTE,NO,NO,0
4178,12879,12880,2017,1,0,-0.262793,-78.548752,PICHINCHA,QUITO,QUITO,URBANA,2017-06-12,13:30:00,13,LUNES,1,JUNIO,6,NO,NO CEDER EL DERECHO DE VIA O PREFERENCIA DE PASO AL PEATON.,ATROPELLOS,MOTOCICLETA,0,0,0,0,0,0,0,0,1,0,0,0,0,1,67,MUJER,LESIONADO,PEATON,NO,NO,0
4179,12884,12885,2017,0,0,-0.261572,-78.530809,PICHINCHA,QUITO,QUITO,URBANA,2017-06-12,14:05:00,14,LUNES,1,JUNIO,6,NO,NO GUARDAR LA DISTANCIA LATERAL MINIMA DE SEGURIDAD ENTRE VEHICULOS.,ROZAMIENTOS,MOTOCICLETA,0,0,0,0,0,0,0,0,1,1,0,0,0,2,27,HOMBRE,ILESO,CONDUCTOR PRESENTE,NO,NO,0
4180,12885,12886,2017,1,0,-0.209265,-78.425101,PICHINCHA,QUITO,CUMBAYA,RURAL,2017-06-12,15:05:00,15,LUNES,1,JUNIO,6,NO,"PRESENCIA DE AGENTES EXTERNOS EN LA VIA (AGUA, ACEITE, PIEDRA, LASTRE, ESCOMBROS, MADEROS, ETC.).",PERDIDA DE PISTA,MOTOCICLETA,0,0,0,0,0,0,0,0,1,0,0,0,0,1,54,HOMBRE,LESIONADO,CONDUCTOR PRESENTE,NO,NO,3
4181,12887,12888,2017,0,0,-0.163407,-78.475166,PICHINCHA,QUITO,QUITO,URBANA,2017-06-12,15:17:00,15,LUNES,1,JUNIO,6,NO,NO MANTENER LA DISTANCIA PRUDENCIAL CON RESPECTO AL VEHICULO QUE LE ANTECEDE.,CHOQUE POSTERIOR,AUTOMOVIL,2,0,0,0,0,0,0,0,0,0,0,0,0,2,46,HOMBRE,ILESO,CONDUCTOR PRESENTE,NO,NO,0
4182,12891,12892,2017,0,0,-0.033731,-78.446066,PICHINCHA,QUITO,POMASQUI,RURAL,2017-06-12,16:00:00,16,LUNES,1,JUNIO,6,NO,"NO RESPETAR LAS SENIALES REGLAMENTARIAS DE TRANSITO. (PARE, CEDA EL PASO, LUZ ROJA DEL SEMAFORO, ETC).",CHOQUE LATERAL,VEHICULO DEPORTIVO UTILITARIO,0,0,0,0,0,0,0,0,0,0,0,0,2,2,55,HOMBRE,ILESO,CONDUCTOR PRESENTE,NO,NO,3
4183,12892,12893,2017,0,0,-0.159835,-78.487856,PICHINCHA,QUITO,QUITO,URBANA,2017-06-12,16:20:00,16,LUNES,1,JUNIO,6,NO,REALIZAR CAMBIO BRUSCO O INDEBIDO DE CARRIL.,PERDIDA DE PISTA,MOTOCICLETA,0,0,0,0,0,0,0,0,1,0,0,0,0,1,30,HOMBRE,ILESO,CONDUCTOR PRESENTE,NO,NO,0
4184,12895,12896,2017,0,0,-0.201378,-78.488128,PICHINCHA,QUITO,QUITO,URBANA,2017-06-12,17:15:00,17,LUNES,1,JUNIO,6,NO,NO GUARDAR LA DISTANCIA LATERAL MINIMA DE SEGURIDAD ENTRE VEHICULOS.,ROZAMIENTOS,BUS,0,0,2,0,0,0,0,0,0,0,0,0,0,2,28,HOMBRE,ILESO,CONDUCTOR PRESENTE,NO,NO,0
4185,12898,12899,2017,1,0,-0.091594,-78.472878,PICHINCHA,QUITO,QUITO,URBANA,2017-06-12,18:05:00,18,LUNES,1,JUNIO,6,NO,NO CEDER EL DERECHO DE VIA O PREFERENCIA DE PASO AL PEATON.,ATROPELLOS,NO IDENTIFICADO,0,0,0,0,0,0,0,0,0,1,0,0,0,1,17,MUJER,LESIONADO,PEATON,NO,NO,0
4186,12899,12900,2017,1,0,-0.249488,-78.517301,PICHINCHA,QUITO,QUITO,URBANA,2017-06-12,18:18:00,18,LUNES,1,JUNIO,6,NO,NO CEDER EL DERECHO DE VIA O PREFERENCIA DE PASO AL PEATON.,ATROPELLOS,NO IDENTIFICADO,0,0,0,0,0,0,0,0,0,1,0,0,0,1,16,HOMBRE,LESIONADO,PEATON,NO,NO,0
4187,12903,12904,2017,0,0,-0.179445,-78.481426,PICHINCHA,QUITO,QUITO,URBANA,2017-06-12,19:15:00,19,LUNES,1,JUNIO,6,NO,"NO RESPETAR LAS SENIALES REGLAMENTARIAS DE TRANSITO. (PARE, CEDA EL PASO, LUZ ROJA DEL SEMAFORO, ETC).",CHOQUE LATERAL,VEHICULO DEPORTIVO UTILITARIO,0,0,0,0,0,0,0,0,0,1,0,0,1,2,65,HOMBRE,ILESO,CONDUCTOR PRESENTE,NO,NO,0
4188,12905,12906,2017,1,0,-0.211326,-78.512022,PICHINCHA,QUITO,QUITO,URBANA,2017-06-12,19:20:00,19,LUNES,1,JUNIO,6,NO,REALIZAR CAMBIO BRUSCO O INDEBIDO DE CARRIL.,ESTRELLAMIENTOS,AUTOMOVIL,1,0,0,0,0,0,0,0,0,0,0,0,0,1,55,HOMBRE,LESIONADO,CONDUCTOR PRESENTE,NO,NO,0
4189,12907,12908,2017,1,0,-0.205543,-78.499916,PICHINCHA,QUITO,QUITO,URBANA,2017-06-12,19:25:00,19,LUNES,1,JUNIO,6,NO,DEJAR O RECOGER PASAJEROS EN LUGARES NO PERMITIDOS.,CAIDA DE PASAJERO,NO IDENTIFICADO,0,0,0,0,0,0,0,0,0,1,0,0,0,1,54,MUJER,LESIONADO,PASAJERO,NO,NO,0
4190,12908,12909,2017,0,0,-0.206931,-78.425899,PICHINCHA,QUITO,CUMBAYA,RURAL,2017-06-12,19:30:00,19,LUNES,1,JUNIO,6,NO,NO GUARDAR LA DISTANCIA LATERAL MINIMA DE SEGURIDAD ENTRE VEHICULOS.,ROZAMIENTOS,MOTOCICLETA,0,0,0,0,0,0,0,0,1,1,0,0,0,2,35,HOMBRE,ILESO,CONDUCTOR PRESENTE,NO,NO,3
4191,12909,12910,2017,1,0,-0.082505,-78.418596,PICHINCHA,QUITO,CALDERON (CARAPUNGO),RURAL,2017-06-12,19:40:00,19,LUNES,1,JUNIO,6,NO,NO CEDER EL DERECHO DE VIA O PREFERENCIA DE PASO A VEHICULOS.,CHOQUE LATERAL,MOTOCICLETA,0,0,0,0,0,0,0,0,1,1,0,0,0,2,28,MUJER,LESIONADO,PASAJERO,NO,NO,3
4192,12911,12912,2017,0,0,-0.128678,-78.471107,PICHINCHA,QUITO,QUITO,URBANA,2017-06-12,20:07:00,20,LUNES,1,JUNIO,6,NO,NO MANTENER LA DISTANCIA PRUDENCIAL CON RESPECTO AL VEHICULO QUE LE ANTECEDE.,CHOQUE POSTERIOR,AUTOMOVIL,1,0,0,0,0,0,0,0,0,1,0,0,0,2,23,HOMBRE,ILESO,CONDUCTOR PRESENTE,NO,NO,0
4193,12912,12913,2017,0,0,-0.091585,-78.439052,PICHINCHA,QUITO,CALDERON (CARAPUNGO),RURAL,2017-06-12,20:40:00,20,LUNES,1,JUNIO,6,NO,"CONDUCE BAJO LA INFLUENCIA DE ALCOHOL, SUSTANCIAS ESTUPEFACIENTES O PSICOTROPICAS Y/O MEDICAMENTOS.",CHOQUE POSTERIOR,AUTOMOVIL,2,0,0,0,0,0,0,0,0,0,0,0,0,2,58,HOMBRE,ILESO,CONDUCTOR PRESENTE,NO,NO,3
4194,12914,12915,2017,1,0,-0.287051,-78.531139,PICHINCHA,QUITO,QUITO,URBANA,2017-06-12,22:10:00,22,LUNES,1,JUNIO,6,NO,"CONDUCIR DESATENTO A LAS CONDICIONES DE TRANSITO (CELULAR, PANTALLAS DE VIDEO, COMIDA, MAQUILLAJE O CUALQUIER OTRO ELEMENTO DISTRACTOR).",ATROPELLOS,NO IDENTIFICADO,0,0,0,0,0,0,0,0,0,1,0,0,0,1,20,MUJER,LESIONADO,PEATON,NO,NO,0
4195,12915,12916,2017,0,0,-0.264726,-78.521889,PICHINCHA,QUITO,QUITO,URBANA,2017-06-12,22:45:00,22,LUNES,1,JUNIO,6,NO,"CONDUCIR DESATENTO A LAS CONDICIONES DE TRANSITO (CELULAR, PANTALLAS DE VIDEO, COMIDA, MAQUILLAJE O CUALQUIER OTRO ELEMENTO DISTRACTOR).",ESTRELLAMIENTOS,NO IDENTIFICADO,0,0,0,0,0,0,0,0,0,1,0,0,0,1,-1,NO IDENTIFICADO,NO IDENTIFICADO,CONDUCTOR AUSENTE,NO,NO,2
4196,12916,12917,2017,0,0,-0.019001,-78.453854,PICHINCHA,QUITO,SAN ANTONIO (QUITO),RURAL,2017-06-12,22:45:00,22,LUNES,1,JUNIO,6,NO,CONDUCIR VEHICULO SUPERANDO LOS LIMITES MAXIMOS DE VELOCIDAD.,COLISION,AUTOMOVIL,3,0,0,0,1,0,0,0,0,0,0,0,0,4,46,HOMBRE,ILESO,CONDUCTOR PRESENTE,NO,NO,3
4197,12931,12932,2017,0,0,-0.175722,-78.485501,PICHINCHA,QUITO,QUITO,URBANA,2017-06-13,00:35:00,0,MARTES,2,JUNIO,6,NO,"NO RESPETAR LAS SENIALES REGLAMENTARIAS DE TRANSITO. (PARE, CEDA EL PASO, LUZ ROJA DEL SEMAFORO, ETC).",CHOQUE LATERAL,AUTOMOVIL,2,0,0,0,0,0,0,0,0,0,0,0,0,2,38,HOMBRE,ILESO,CONDUCTOR PRESENTE,NO,NO,0
4198,12933,12934,2017,1,0,-0.000263,-78.507285,PICHINCHA,QUITO,CALACALI,RURAL,2017-06-13,03:05:00,3,MARTES,2,JUNIO,6,NO,CONDUCIR VEHICULO SUPERANDO LOS LIMITES MAXIMOS DE VELOCIDAD.,PERDIDA DE PISTA,AUTOMOVIL,1,0,0,0,0,0,0,0,0,0,0,0,0,1,48,MUJER,LESIONADO,PASAJERO,NO,NO,3
4199,12935,12936,2017,0,0,-0.091345,-78.390815,PICHINCHA,QUITO,CALDERON (CARAPUNGO),RURAL,2017-06-13,05:45:00,5,MARTES,2,JUNIO,6,NO,"CONDICIONES AMBIENTALES Y/O ATMOSFERICAS (NIEBLA, NEBLINA, GRANIZO, LLUVIA).",PERDIDA DE PISTA,AUTOMOVIL,1,0,0,0,0,0,0,0,0,0,0,0,0,1,39,MUJER,ILESO,CONDUCTOR PRESENTE,NO,NO,3
4200,12936,12937,2017,0,0,-0.441261,-78.554998,PICHINCHA,MEJIA,ALOAG,RURAL,2017-06-13,06:45:00,6,MARTES,2,JUNIO,6,NO,NO MANTENER LA DISTANCIA PRUDENCIAL CON RESPECTO AL VEHICULO QUE LE ANTECEDE.,COLISION,BUS,0,0,1,0,1,0,0,0,0,0,0,0,1,3,44,HOMBRE,ILESO,PASAJERO,NO,NO,3
4201,12937,12938,2017,2,0,-0.441369,-78.555039,PICHINCHA,MEJIA,ALOAG,RURAL,2017-06-13,06:45:01,6,MARTES,2,JUNIO,6,NO,NO GUARDAR LA DISTANCIA LATERAL MINIMA DE SEGURIDAD ENTRE VEHICULOS.,CHOQUE LATERAL,CAMION,0,0,0,2,0,0,0,0,0,0,0,0,0,2,46,HOMBRE,LESIONADO,CONDUCTOR PRESENTE,NO,NO,3
4202,12938,12939,2017,0,0,-0.262764,-78.537991,PICHINCHA,QUITO,QUITO,URBANA,2017-06-13,07:15:00,7,MARTES,2,JUNIO,6,NO,NO GUARDAR LA DISTANCIA LATERAL MINIMA DE SEGURIDAD ENTRE VEHICULOS.,ROZAMIENTOS,AUTOMOVIL,2,0,0,0,0,0,0,0,0,0,0,0,0,2,40,HOMBRE,ILESO,CONDUCTOR PRESENTE,NO,NO,0
4203,12939,12940,2017,0,0,-0.140365,-78.501467,PICHINCHA,QUITO,QUITO,URBANA,2017-06-13,07:30:00,7,MARTES,2,JUNIO,6,NO,NO CEDER EL DERECHO DE VIA O PREFERENCIA DE PASO A VEHICULOS.,CHOQUE LATERAL,AUTOMOVIL,2,0,0,0,0,0,0,0,0,0,0,0,0,2,33,HOMBRE,ILESO,CONDUCTOR PRESENTE,NO,NO,0
4204,12943,12944,2017,1,0,-0.194369,-78.511251,PICHINCHA,QUITO,QUITO,URBANA,2017-06-13,07:50:00,7,MARTES,2,JUNIO,6,NO,NO CEDER EL DERECHO DE VIA O PREFERENCIA DE PASO AL PEATON.,ATROPELLOS,NO IDENTIFICADO,0,0,0,0,0,0,0,0,0,1,0,0,0,1,55,HOMBRE,LESIONADO,PEATON,NO,NO,0
4205,12946,12947,2017,1,0,-0.138171,-78.493318,PICHINCHA,QUITO,QUITO,URBANA,2017-06-13,08:12:00,8,MARTES,2,JUNIO,6,NO,NO CEDER EL DERECHO DE VIA O PREFERENCIA DE PASO AL PEATON.,ATROPELLOS,MOTOCICLETA,0,0,0,0,0,0,0,0,1,0,0,0,0,1,77,MUJER,LESIONADO,PEATON,NO,NO,0
4206,12947,12948,2017,0,0,-0.191414,-78.486699,PICHINCHA,QUITO,QUITO,URBANA,2017-06-13,09:10:00,9,MARTES,2,JUNIO,6,NO,NO MANTENER LA DISTANCIA PRUDENCIAL CON RESPECTO AL VEHICULO QUE LE ANTECEDE.,CHOQUE POSTERIOR,AUTOMOVIL,2,0,0,0,0,0,0,0,0,0,0,0,0,2,26,HOMBRE,ILESO,CONDUCTOR PRESENTE,NO,NO,0
4207,12949,12950,2017,0,0,-0.209719,-78.503822,PICHINCHA,QUITO,QUITO,URBANA,2017-06-13,09:30:00,9,MARTES,2,JUNIO,6,NO,NO GUARDAR LA DISTANCIA LATERAL MINIMA DE SEGURIDAD ENTRE VEHICULOS.,ROZAMIENTOS,AUTOMOVIL,1,0,0,1,0,0,0,0,0,0,0,0,0,2,39,HOMBRE,ILESO,CONDUCTOR PRESENTE,NO,NO,0
4208,12950,12951,2017,0,0,-0.192289,-78.460784,PICHINCHA,QUITO,QUITO,RURAL,2017-06-13,10:58:00,10,MARTES,2,JUNIO,6,NO,CONDUCIR EN SENTIDO CONTRARIO A LA VIA NORMAL DE CIRCULACION.,CHOQUE FRONTAL,AUTOMOVIL,1,0,0,0,0,0,0,0,0,1,0,0,0,2,66,HOMBRE,ILESO,CONDUCTOR PRESENTE,NO,NO,3
4209,12951,12952,2017,0,0,-0.200543,-78.510933,PICHINCHA,QUITO,QUITO,URBANA,2017-06-13,11:10:00,11,MARTES,2,JUNIO,6,NO,"CONDUCIR DESATENTO A LAS CONDICIONES DE TRANSITO (CELULAR, PANTALLAS DE VIDEO, COMIDA, MAQUILLAJE O CUALQUIER OTRO ELEMENTO DISTRACTOR).",ESTRELLAMIENTOS,VEHICULO DEPORTIVO UTILITARIO,0,0,0,0,0,0,0,0,0,0,0,0,1,1,60,HOMBRE,ILESO,CONDUCTOR PRESENTE,NO,NO,0
4210,12953,12954,2017,1,0,-0.258152,-78.521911,PICHINCHA,QUITO,QUITO,URBANA,2017-06-13,12:20:00,12,MARTES,2,JUNIO,6,NO,CONDUCIR VEHICULO SUPERANDO LOS LIMITES MAXIMOS DE VELOCIDAD.,PERDIDA DE PISTA,MOTOCICLETA,0,0,0,0,0,0,0,0,1,0,0,0,0,1,23,HOMBRE,LESIONADO,CONDUCTOR PRESENTE,NO,NO,0
4211,12956,12957,2017,0,0,-0.198608,-78.484378,PICHINCHA,QUITO,QUITO,URBANA,2017-06-13,14:20:00,14,MARTES,2,JUNIO,6,NO,NO MANTENER LA DISTANCIA PRUDENCIAL CON RESPECTO AL VEHICULO QUE LE ANTECEDE.,CHOQUE POSTERIOR,AUTOMOVIL,1,0,0,0,0,0,0,0,0,1,0,0,0,2,41,HOMBRE,ILESO,CONDUCTOR PRESENTE,NO,NO,0
4212,12957,12958,2017,0,0,-0.207729,-78.497165,PICHINCHA,QUITO,QUITO,URBANA,2017-06-13,14:20:00,14,MARTES,2,JUNIO,6,NO,NO GUARDAR LA DISTANCIA LATERAL MINIMA DE SEGURIDAD ENTRE VEHICULOS.,ROZAMIENTOS,BUS,1,0,1,0,0,0,0,0,0,0,0,0,0,2,24,HOMBRE,ILESO,CONDUCTOR PRESENTE,NO,NO,0
4213,12958,12959,2017,0,0,-0.094218,-78.481195,PICHINCHA,QUITO,QUITO,URBANA,2017-06-13,14:35:00,14,MARTES,2,JUNIO,6,NO,"NO RESPETAR LAS SENIALES REGLAMENTARIAS DE TRANSITO. (PARE, CEDA EL PASO, LUZ ROJA DEL SEMAFORO, ETC).",CHOQUE LATERAL,CAMIONETA,0,0,0,0,1,0,0,0,0,1,0,0,0,2,34,HOMBRE,ILESO,CONDUCTOR PRESENTE,NO,NO,0