,Unnamed: 0,ID,ANIO,LESIONADOS,FALLECIDOS,LATITUD_Y,LONGITUD_X,PROVINCIA,CANTON,PARROQUIA,ZONA,FECHA,HORA,PERIODO_2,DIA_1,DIA_2,MES_1,MES_2,FERIADO,CAUSA_PROBABLE,TIPO_DE_SINIESTRO,TIPO_DE_VEHICULO_1,AUTOMOVIL,BICICLETA,BUS,CAMION,CAMIONETA,EMERGENCIAS,ESPECIAL,FURGONETA,MOTOCICLETA,NO_IDENTIFICADO,SCOOTER_ELECTRICO,TRICIMOTO,VEHICULO_DEPORTIVO_UTILITARIO,SUMA_DE_VEHICULOS,EDAD_1,SEXO_1,CONDICION_1,PARTICIPANTE_1,CASCO_1,CINTURON_1,KMeans_Cluster
4214,12959,12960,2017,1,0,-0.242681,-78.497364,PICHINCHA,QUITO,QUITO,URBANA,2017-06-13,14:50:00,14,MARTES,2,JUNIO,6,NO,BAJARSE O SUBIRSE DE VEHICULOS EN MOVIMIENTO SIN TOMAR LAS PRECAUCIONES DEBIDAS.,CAIDA DE PASAJERO,NO IDENTIFICADO,0,0,0,0,0,0,0,0,0,1,0,0,0,1,63,MUJER,LESIONADO,PASAJERO,NO,NO,0
4215,12960,12961,2017,0,0,-0.218661,-78.510411,PICHINCHA,QUITO,QUITO,URBANA,2017-06-13,14:57:00,14,MARTES,2,JUNIO,6,NO,"NO RESPETAR LAS SENIALES REGLAMENTARIAS DE TRANSITO. (PARE, CEDA EL PASO, LUZ ROJA DEL SEMAFORO, ETC).",ATROPELLOS,BUS,0,0,1,0,0,0,0,0,0,0,0,0,0,1,51,HOMBRE,ILESO,CONDUCTOR PRESENTE,NO,NO,0
4216,12962,12963,2017,1,0,-0.213277,-78.482536,PICHINCHA,QUITO,QUITO,URBANA,2017-06-13,15:45:00,15,MARTES,2,JUNIO,6,NO,NO CEDER EL DERECHO DE VIA O PREFERENCIA DE PASO A VEHICULOS.,CHOQUE LATERAL,MOTOCICLETA,1,0,0,0,0,0,0,0,1,0,0,0,0,2,37,HOMBRE,LESIONADO,CONDUCTOR PRESENTE,NO,NO,0
4217,12963,12964,2017,2,0,-0.148735,-78.454812,PICHINCHA,QUITO,QUITO,URBANA,2017-06-13,15:48:00,15,MARTES,2,JUNIO,6,NO,"CONDUCIR DESATENTO A LAS CONDICIONES DE TRANSITO (CELULAR, PANTALLAS DE VIDEO, COMIDA, MAQUILLAJE O CUALQUIER OTRO ELEMENTO DISTRACTOR).",ESTRELLAMIENTOS,VEHICULO DEPORTIVO UTILITARIO,0,0,0,0,0,0,0,0,0,0,0,0,1,1,53,HOMBRE,LESIONADO,CONDUCTOR PRESENTE,NO,NO,0
4218,12964,12965,2017,0,0,-0.221373,-78.396639,PICHINCHA,QUITO,TUMBACO,RURAL,2017-06-13,15:53:00,15,MARTES,2,JUNIO,6,NO,NO CEDER EL DERECHO DE VIA O PREFERENCIA DE PASO A VEHICULOS.,CHOQUE LATERAL,VEHICULO DEPORTIVO UTILITARIO,0,0,0,0,0,0,0,0,0,1,0,0,1,2,57,HOMBRE,ILESO,CONDUCTOR PRESENTE,NO,NO,3
4219,12966,12967,2017,1,0,-0.404834,-78.544451,PICHINCHA,MEJIA,TAMBILLO (MEJIA),RURAL,2017-06-13,16:00:00,16,MARTES,2,JUNIO,6,NO,"CONDUCIR DESATENTO A LAS CONDICIONES DE TRANSITO (CELULAR, PANTALLAS DE VIDEO, COMIDA, MAQUILLAJE O CUALQUIER OTRO ELEMENTO DISTRACTOR).",ATROPELLOS,BUS,0,0,1,0,0,0,0,0,0,0,0,0,0,1,20,MUJER,LESIONADO,PEATON,NO,NO,3
4220,12975,12976,2017,1,0,-0.328044,-78.538584,PICHINCHA,QUITO,QUITO,URBANA,2017-06-13,20:00:00,20,MARTES,2,JUNIO,6,NO,NO TRANSITAR POR LAS ACERAS O ZONAS DE SEGURIDAD DESTINADAS PARA EL EFECTO.,ATROPELLOS,NO IDENTIFICADO,0,0,0,0,0,0,0,0,0,1,0,0,0,1,3,HOMBRE,LESIONADO,PEATON,NO,NO,0
4221,12978,12979,2017,1,0,-0.106567,-78.476473,PICHINCHA,QUITO,QUITO,URBANA,2017-06-13,20:30:00,20,MARTES,2,JUNIO,6,NO,CONDUCIR VEHICULO SUPERANDO LOS LIMITES MAXIMOS DE VELOCIDAD.,PERDIDA DE PISTA,MOTOCICLETA,0,0,0,0,0,0,0,0,1,0,0,0,0,1,40,HOMBRE,LESIONADO,CONDUCTOR PRESENTE,NO,NO,0
4222,12979,12980,2017,2,0,-0.141457,-78.483041,PICHINCHA,QUITO,QUITO,URBANA,2017-06-13,20:55:00,20,MARTES,2,JUNIO,6,NO,"CONDUCE BAJO LA INFLUENCIA DE ALCOHOL, SUSTANCIAS ESTUPEFACIENTES O PSICOTROPICAS Y/O MEDICAMENTOS.",CHOQUE LATERAL,VEHICULO DEPORTIVO UTILITARIO,1,0,0,0,0,0,0,0,0,0,0,0,1,2,33,HOMBRE,LESIONADO,PASAJERO,NO,NO,0
4223,13005,13006,2017,0,0,-0.112226,-78.474231,PICHINCHA,QUITO,QUITO,URBANA,2017-06-14,03:43:00,3,MIERCOLES,3,JUNIO,6,NO,"CONDUCIR EN ESTADO DE SOMNOLENCIA O MALAS CONDICIONES FISICAS (SUENIO, CANSANCIO Y FATIGA).",ESTRELLAMIENTOS,AUTOMOVIL,1,0,0,0,0,0,0,0,0,0,0,0,0,1,-1,NO IDENTIFICADO,NO IDENTIFICADO,CONDUCTOR AUSENTE,NO,NO,2
4224,13006,13007,2017,1,0,-0.224383,-78.496888,PICHINCHA,QUITO,QUITO,URBANA,2017-06-14,04:10:00,4,MIERCOLES,3,JUNIO,6,NO,"CONDUCIR EN ESTADO DE SOMNOLENCIA O MALAS CONDICIONES FISICAS (SUENIO, CANSANCIO Y FATIGA).",ESTRELLAMIENTOS,CAMIONETA,0,0,0,0,1,0,0,0,0,0,0,0,0,1,29,HOMBRE,LESIONADO,CONDUCTOR PRESENTE,NO,NO,0
4225,13012,13013,2017,0,0,-0.125876,-78.444289,PICHINCHA,QUITO,LLANO CHICO,URBANA,2017-06-14,07:30:00,7,MIERCOLES,3,JUNIO,6,NO,NO MANTENER LA DISTANCIA PRUDENCIAL CON RESPECTO AL VEHICULO QUE LE ANTECEDE.,COLISION,BUS,1,0,1,0,1,0,0,0,0,0,0,0,0,3,25,HOMBRE,ILESO,CONDUCTOR PRESENTE,NO,NO,0
4226,13013,13014,2017,0,0,-0.317872,-78.534864,PICHINCHA,QUITO,QUITO,URBANA,2017-06-14,07:30:00,7,MIERCOLES,3,JUNIO,6,NO,"NO RESPETAR LAS SENIALES REGLAMENTARIAS DE TRANSITO. (PARE, CEDA EL PASO, LUZ ROJA DEL SEMAFORO, ETC).",CHOQUE LATERAL,AUTOMOVIL,1,0,0,0,0,0,0,1,0,0,0,0,0,2,30,HOMBRE,ILESO,CONDUCTOR PRESENTE,NO,NO,0
4227,13017,13018,2017,0,0,-0.269333,-78.529381,PICHINCHA,QUITO,QUITO,URBANA,2017-06-14,08:35:00,8,MIERCOLES,3,JUNIO,6,NO,NO GUARDAR LA DISTANCIA LATERAL MINIMA DE SEGURIDAD ENTRE VEHICULOS.,ROZAMIENTOS,CAMIONETA,1,0,0,0,1,0,0,0,0,0,0,0,0,2,38,HOMBRE,ILESO,CONDUCTOR PRESENTE,NO,NO,0
4228,13021,13022,2017,2,0,-0.302646,-78.553937,PICHINCHA,QUITO,QUITO,URBANA,2017-06-14,10:03:00,10,MIERCOLES,3,JUNIO,6,NO,NO CEDER EL DERECHO DE VIA O PREFERENCIA DE PASO AL PEATON.,ATROPELLOS,NO IDENTIFICADO,0,0,0,0,0,0,0,0,0,1,0,0,0,1,52,MUJER,LESIONADO,PEATON,NO,NO,0
4229,13024,13025,2017,1,0,-0.194733,-78.493603,PICHINCHA,QUITO,QUITO,URBANA,2017-06-14,11:00:00,11,MIERCOLES,3,JUNIO,6,NO,NO MANTENER LA DISTANCIA PRUDENCIAL CON RESPECTO AL VEHICULO QUE LE ANTECEDE.,CHOQUE POSTERIOR,MOTOCICLETA,0,0,0,0,0,0,0,0,1,1,0,0,0,2,36,HOMBRE,LESIONADO,CONDUCTOR PRESENTE,NO,NO,0
4230,13025,13026,2017,0,0,-0.240161,-78.531331,PICHINCHA,QUITO,QUITO,URBANA,2017-06-14,11:25:00,11,MIERCOLES,3,JUNIO,6,NO,"CONDUCIR DESATENTO A LAS CONDICIONES DE TRANSITO (CELULAR, PANTALLAS DE VIDEO, COMIDA, MAQUILLAJE O CUALQUIER OTRO ELEMENTO DISTRACTOR).",ROZAMIENTOS,BUS,1,0,1,0,0,0,0,0,0,0,0,0,0,2,43,HOMBRE,ILESO,CONDUCTOR PRESENTE,NO,NO,0
4231,13026,13027,2017,0,0,-0.250821,-78.540523,PICHINCHA,QUITO,QUITO,URBANA,2017-06-14,11:55:00,11,MIERCOLES,3,JUNIO,6,NO,"CONDUCIR DESATENTO A LAS CONDICIONES DE TRANSITO (CELULAR, PANTALLAS DE VIDEO, COMIDA, MAQUILLAJE O CUALQUIER OTRO ELEMENTO DISTRACTOR).",ESTRELLAMIENTOS,FURGONETA,0,0,0,0,0,0,0,1,0,1,0,0,0,2,-1,NO IDENTIFICADO,NO IDENTIFICADO,CONDUCTOR AUSENTE,NO,NO,2
4232,13027,13028,2017,1,0,-0.172498,-78.487861,PICHINCHA,QUITO,QUITO,URBANA,2017-06-14,12:00:00,12,MIERCOLES,3,JUNIO,6,NO,NO CEDER EL DERECHO DE VIA O PREFERENCIA DE PASO AL PEATON.,ATROPELLOS,AUTOMOVIL,1,0,0,0,0,0,0,0,0,0,0,0,0,1,56,MUJER,LESIONADO,PEATON,NO,NO,0
4233,13029,13030,2017,0,0,-0.217302,-78.399421,PICHINCHA,QUITO,TUMBACO,URBANA,2017-06-14,12:45:00,12,MIERCOLES,3,JUNIO,6,NO,"CONDUCIR DESATENTO A LAS CONDICIONES DE TRANSITO (CELULAR, PANTALLAS DE VIDEO, COMIDA, MAQUILLAJE O CUALQUIER OTRO ELEMENTO DISTRACTOR).",CHOQUE POSTERIOR,AUTOMOVIL,1,0,0,0,1,0,0,0,0,0,0,0,0,2,47,HOMBRE,ILESO,CONDUCTOR PRESENTE,NO,NO,0
4234,13031,13032,2017,1,0,-0.208844,-78.335604,PICHINCHA,QUITO,YARUQUI,RURAL,2017-06-14,13:55:00,13,MIERCOLES,3,JUNIO,6,NO,"FALLA MECANICA EN LOS SISTEMAS Y/O NEUMATICOS (SISTEMA DE FRENOS, DIRECCION, ELECTRONICO O MECANICO).",PERDIDA DE PISTA,MOTOCICLETA,0,0,0,0,0,0,0,0,1,0,0,0,0,1,30,HOMBRE,LESIONADO,CONDUCTOR PRESENTE,NO,NO,3
4235,13032,13033,2017,1,0,-0.271433,-78.536991,PICHINCHA,QUITO,QUITO,URBANA,2017-06-14,14:00:00,14,MIERCOLES,3,JUNIO,6,NO,NO CEDER EL DERECHO DE VIA O PREFERENCIA DE PASO A VEHICULOS.,CHOQUE LATERAL,NO IDENTIFICADO,0,0,0,0,0,0,0,0,0,2,0,0,0,2,10,MUJER,LESIONADO,PASAJERO,NO,NO,0
4236,13034,13035,2017,1,0,-0.143074,-78.453803,PICHINCHA,QUITO,QUITO,URBANA,2017-06-14,14:35:00,14,MIERCOLES,3,JUNIO,6,NO,NO CEDER EL DERECHO DE VIA O PREFERENCIA DE PASO AL PEATON.,ARROLLAMIENTOS,NO IDENTIFICADO,0,0,0,0,0,0,0,0,0,1,0,0,0,1,14,MUJER,LESIONADO,PEATON,NO,NO,0
4237,13035,13036,2017,0,0,-0.318674,-78.553884,PICHINCHA,QUITO,QUITO,URBANA,2017-06-14,15:45:00,15,MIERCOLES,3,JUNIO,6,NO,NO GUARDAR LA DISTANCIA LATERAL MINIMA DE SEGURIDAD ENTRE VEHICULOS.,ROZAMIENTOS,MOTOCICLETA,0,0,0,0,0,0,0,0,1,1,0,0,0,2,20,HOMBRE,ILESO,CONDUCTOR PRESENTE,NO,NO,0
4238,13037,13038,2017,0,0,-0.258441,-78.533971,PICHINCHA,QUITO,QUITO,URBANA,2017-06-14,17:00:00,17,MIERCOLES,3,JUNIO,6,NO,NO MANTENER LA DISTANCIA PRUDENCIAL CON RESPECTO AL VEHICULO QUE LE ANTECEDE.,CHOQUE POSTERIOR,MOTOCICLETA,0,0,1,0,0,0,0,0,1,0,0,0,0,2,22,HOMBRE,ILESO,CONDUCTOR PRESENTE,NO,NO,0
4239,13038,13039,2017,0,0,-0.208521,-78.523842,PICHINCHA,QUITO,QUITO,URBANA,2017-06-14,17:45:00,17,MIERCOLES,3,JUNIO,6,NO,"CONDUCE BAJO LA INFLUENCIA DE ALCOHOL, SUSTANCIAS ESTUPEFACIENTES O PSICOTROPICAS Y/O MEDICAMENTOS.",CHOQUE LATERAL,AUTOMOVIL,2,0,0,0,0,0,0,0,0,0,0,0,0,2,39,HOMBRE,ILESO,CONDUCTOR PRESENTE,NO,NO,0
4240,13040,13041,2017,1,0,-0.130281,-78.471115,PICHINCHA,QUITO,QUITO,URBANA,2017-06-14,18:05:00,18,MIERCOLES,3,JUNIO,6,NO,NO TRANSITAR POR LAS ACERAS O ZONAS DE SEGURIDAD DESTINADAS PARA EL EFECTO.,ATROPELLOS,AUTOMOVIL,1,0,0,0,0,0,0,0,0,0,0,0,0,1,6,HOMBRE,LESIONADO,PEATON,NO,NO,0
4241,13043,13044,2017,1,0,-0.197154,-78.489795,PICHINCHA,QUITO,QUITO,URBANA,2017-06-14,18:55:00,18,MIERCOLES,3,JUNIO,6,NO,NO MANTENER LA DISTANCIA PRUDENCIAL CON RESPECTO AL VEHICULO QUE LE ANTECEDE.,CHOQUE POSTERIOR,AUTOMOVIL,1,1,0,0,0,0,0,0,0,0,0,0,0,2,18,HOMBRE,LESIONADO,CONDUCTOR PRESENTE,NO,NO,0
4242,13046,13047,2017,1,0,-0.099083,-78.421844,PICHINCHA,QUITO,CALDERON (CARAPUNGO),RURAL,2017-06-14,19:30:00,19,MIERCOLES,3,JUNIO,6,NO,"CONDUCE BAJO LA INFLUENCIA DE ALCOHOL, SUSTANCIAS ESTUPEFACIENTES O PSICOTROPICAS Y/O MEDICAMENTOS.",ATROPELLOS,AUTOMOVIL,1,0,0,0,0,0,0,0,0,0,0,0,0,1,38,HOMBRE,LESIONADO,PEATON,NO,NO,3
4243,13048,13049,2017,0,0,-0.128629,-78.471109,PICHINCHA,QUITO,QUITO,URBANA,2017-06-14,20:30:00,20,MIERCOLES,3,JUNIO,6,NO,NO MANTENER LA DISTANCIA PRUDENCIAL CON RESPECTO AL VEHICULO QUE LE ANTECEDE.,CHOQUE POSTERIOR,AUTOMOVIL,1,0,0,0,0,0,0,0,0,1,0,0,0,2,49,HOMBRE,ILESO,CONDUCTOR PRESENTE,NO,NO,0
4244,13063,13064,2017,0,0,-0.091914,-78.390077,PICHINCHA,QUITO,CALDERON (CARAPUNGO),RURAL,2017-06-15,04:00:00,4,JUEVES,4,JUNIO,6,NO,CONDUCIR VEHICULO SUPERANDO LOS LIMITES MAXIMOS DE VELOCIDAD.,PERDIDA DE PISTA,CAMIONETA,0,0,0,0,1,0,0,0,0,0,0,0,0,1,31,HOMBRE,ILESO,CONDUCTOR PRESENTE,NO,NO,3
4245,13064,13065,2017,1,0,-0.112552,-78.448241,PICHINCHA,QUITO,CALDERON (CARAPUNGO),RURAL,2017-06-15,05:25:00,5,JUEVES,4,JUNIO,6,NO,NO GUARDAR LA DISTANCIA LATERAL MINIMA DE SEGURIDAD ENTRE VEHICULOS.,ROZAMIENTOS,MOTOCICLETA,0,0,0,0,0,0,0,1,1,0,0,0,0,2,47,HOMBRE,LESIONADO,CONDUCTOR PRESENTE,NO,NO,3
4246,13070,13071,2017,0,0,-0.213586,-78.497508,PICHINCHA,QUITO,QUITO,URBANA,2017-06-15,08:15:00,8,JUEVES,4,JUNIO,6,NO,"NO RESPETAR LAS SENIALES REGLAMENTARIAS DE TRANSITO. (PARE, CEDA EL PASO, LUZ ROJA DEL SEMAFORO, ETC).",CHOQUE LATERAL,BUS,1,0,1,0,0,0,0,0,0,0,0,0,0,2,30,HOMBRE,ILESO,CONDUCTOR PRESENTE,NO,NO,0
4247,13072,13073,2017,0,0,-0.202981,-78.487362,PICHINCHA,QUITO,QUITO,URBANA,2017-06-15,08:33:00,8,JUEVES,4,JUNIO,6,NO,"NO RESPETAR LAS SENIALES REGLAMENTARIAS DE TRANSITO. (PARE, CEDA EL PASO, LUZ ROJA DEL SEMAFORO, ETC).",CHOQUE LATERAL,VEHICULO DEPORTIVO UTILITARIO,1,0,0,0,0,0,0,0,0,0,0,0,1,2,29,HOMBRE,ILESO,CONDUCTOR PRESENTE,NO,NO,0
4248,13073,13074,2017,1,0,-0.355057,-78.549323,PICHINCHA,QUITO,QUITO,URBANA,2017-06-15,09:23:00,9,JUEVES,4,JUNIO,6,NO,NO MANTENER LA DISTANCIA PRUDENCIAL CON RESPECTO AL VEHICULO QUE LE ANTECEDE.,CHOQUE POSTERIOR,BUS,0,0,1,1,0,0,0,0,0,0,0,0,0,2,15,MUJER,LESIONADO,PASAJERO,NO,NO,0
4249,13074,13075,2017,1,0,-0.149678,-78.490334,PICHINCHA,QUITO,QUITO,URBANA,2017-06-15,09:30:00,9,JUEVES,4,JUNIO,6,NO,"CONDUCIR DESATENTO A LAS CONDICIONES DE TRANSITO (CELULAR, PANTALLAS DE VIDEO, COMIDA, MAQUILLAJE O CUALQUIER OTRO ELEMENTO DISTRACTOR).",COLISION,AUTOMOVIL,1,0,1,1,0,0,0,0,0,0,0,0,0,3,38,HOMBRE,LESIONADO,CONDUCTOR PRESENTE,NO,NO,0
4250,13075,13076,2017,1,0,-0.276981,-78.557221,PICHINCHA,QUITO,QUITO,URBANA,2017-06-15,09:45:00,9,JUEVES,4,JUNIO,6,NO,CONDUCIR VEHICULO SUPERANDO LOS LIMITES MAXIMOS DE VELOCIDAD.,PERDIDA DE PISTA,BUS,0,0,1,0,0,0,0,0,1,0,0,0,0,2,27,HOMBRE,LESIONADO,CONDUCTOR PRESENTE,NO,NO,0
4251,13077,13078,2017,1,0,-0.078844,-78.573216,PICHINCHA,QUITO,NONO,RURAL,2017-06-15,10:50:00,10,JUEVES,4,JUNIO,6,NO,CONDUCIR VEHICULO SUPERANDO LOS LIMITES MAXIMOS DE VELOCIDAD.,PERDIDA DE PISTA,MOTOCICLETA,0,0,0,0,0,0,0,0,1,0,0,0,0,1,29,HOMBRE,LESIONADO,CONDUCTOR PRESENTE,NO,NO,3
4252,13080,13081,2017,0,0,-0.237608,-78.483821,PICHINCHA,QUITO,QUITO,URBANA,2017-06-15,11:30:00,11,JUEVES,4,JUNIO,6,NO,NO MANTENER LA DISTANCIA PRUDENCIAL CON RESPECTO AL VEHICULO QUE LE ANTECEDE.,CHOQUE POSTERIOR,CAMIONETA,1,0,0,0,1,0,0,0,0,0,0,0,0,2,50,HOMBRE,ILESO,CONDUCTOR PRESENTE,NO,NO,0
4253,13085,13086,2017,1,0,-0.148942,-78.489523,PICHINCHA,QUITO,QUITO,URBANA,2017-06-15,13:15:00,13,JUEVES,4,JUNIO,6,NO,NO GUARDAR LA DISTANCIA LATERAL MINIMA DE SEGURIDAD ENTRE VEHICULOS.,ROZAMIENTOS,MOTOCICLETA,0,0,0,0,0,0,0,0,1,1,0,0,0,2,28,HOMBRE,LESIONADO,CONDUCTOR PRESENTE,NO,NO,0
4254,13086,13087,2017,0,0,-0.252749,-78.543351,PICHINCHA,QUITO,QUITO,URBANA,2017-06-15,13:25:00,13,JUEVES,4,JUNIO,6,NO,REALIZAR CAMBIO BRUSCO O INDEBIDO DE CARRIL.,CHOQUE POSTERIOR,AUTOMOVIL,1,0,0,0,0,0,0,0,0,1,0,0,0,2,40,HOMBRE,ILESO,CONDUCTOR PRESENTE,NO,NO,0
4255,13087,13088,2017,1,0,-0.195179,-78.508186,PICHINCHA,QUITO,QUITO,URBANA,2017-06-15,13:45:00,13,JUEVES,4,JUNIO,6,NO,NO CEDER EL DERECHO DE VIA O PREFERENCIA DE PASO A VEHICULOS.,CHOQUE LATERAL,VEHICULO DEPORTIVO UTILITARIO,0,0,0,0,1,0,0,0,0,0,0,0,1,2,42,MUJER,LESIONADO,PASAJERO,NO,NO,0
4256,13089,13090,2017,2,0,-0.196669,-78.466599,PICHINCHA,QUITO,QUITO,URBANA,2017-06-15,14:00:00,14,JUEVES,4,JUNIO,6,NO,CONDUCIR VEHICULO SUPERANDO LOS LIMITES MAXIMOS DE VELOCIDAD.,COLISION,AUTOMOVIL,1,0,0,0,1,0,0,1,0,0,0,0,1,4,39,MUJER,LESIONADO,CONDUCTOR PRESENTE,NO,NO,0
4257,13093,13094,2017,0,0,-0.569941,-78.592937,PICHINCHA,MEJIA,MACHACHI,RURAL,2017-06-15,15:10:00,15,JUEVES,4,JUNIO,6,NO,NO MANTENER LA DISTANCIA PRUDENCIAL CON RESPECTO AL VEHICULO QUE LE ANTECEDE.,ESTRELLAMIENTOS,CAMIONETA,0,0,0,0,1,0,0,0,0,0,0,0,0,1,18,HOMBRE,ILESO,CONDUCTOR PRESENTE,NO,NO,3
4258,13095,13096,2017,1,0,-0.106431,-78.302649,PICHINCHA,QUITO,EL QUINCHE,RURAL,2017-06-15,16:20:00,16,JUEVES,4,JUNIO,6,NO,"CONDUCE BAJO LA INFLUENCIA DE ALCOHOL, SUSTANCIAS ESTUPEFACIENTES O PSICOTROPICAS Y/O MEDICAMENTOS.",CHOQUE LATERAL,MOTOCICLETA,1,0,0,0,0,0,0,0,2,0,0,0,0,3,57,MUJER,LESIONADO,PASAJERO,NO,NO,3
4259,13096,13097,2017,2,0,-0.169156,-78.326144,PICHINCHA,QUITO,YARUQUI,RURAL,2017-06-15,16:40:00,16,JUEVES,4,JUNIO,6,NO,NO GUARDAR LA DISTANCIA LATERAL MINIMA DE SEGURIDAD ENTRE VEHICULOS.,CHOQUE LATERAL,MOTOCICLETA,0,0,0,0,0,0,0,0,1,0,0,0,0,1,29,MUJER,LESIONADO,PASAJERO,NO,NO,3
4260,13101,13102,2017,0,0,-0.334717,-78.550263,PICHINCHA,QUITO,QUITO,URBANA,2017-06-15,17:20:00,17,JUEVES,4,JUNIO,6,NO,"CONDUCIR DESATENTO A LAS CONDICIONES DE TRANSITO (CELULAR, PANTALLAS DE VIDEO, COMIDA, MAQUILLAJE O CUALQUIER OTRO ELEMENTO DISTRACTOR).",ESTRELLAMIENTOS,MOTOCICLETA,0,0,0,0,0,0,0,0,1,0,0,0,0,1,28,HOMBRE,ILESO,CONDUCTOR PRESENTE,NO,NO,0
4261,13102,13103,2017,0,0,-0.217301,-78.399434,PICHINCHA,QUITO,TUMBACO,RURAL,2017-06-15,17:35:00,17,JUEVES,4,JUNIO,6,NO,NO MANTENER LA DISTANCIA PRUDENCIAL CON RESPECTO AL VEHICULO QUE LE ANTECEDE.,CHOQUE POSTERIOR,BUS,1,0,1,0,0,0,0,0,0,0,0,0,0,2,40,HOMBRE,ILESO,CONDUCTOR PRESENTE,NO,NO,3
4262,13104,13105,2017,0,0,-0.228039,-78.486471,PICHINCHA,QUITO,QUITO,URBANA,2017-06-15,17:53:00,17,JUEVES,4,JUNIO,6,NO,"CONDUCE BAJO LA INFLUENCIA DE ALCOHOL, SUSTANCIAS ESTUPEFACIENTES O PSICOTROPICAS Y/O MEDICAMENTOS.",CHOQUE POSTERIOR,AUTOMOVIL,1,0,0,0,0,0,0,0,0,0,0,0,1,2,29,HOMBRE,ILESO,CONDUCTOR PRESENTE,NO,NO,0
4263,13108,13109,2017,0,0,-0.216029,-78.512611,PICHINCHA,QUITO,QUITO,URBANA,2017-06-15,19:20:00,19,JUEVES,4,JUNIO,6,NO,"CONDUCIR DESATENTO A LAS CONDICIONES DE TRANSITO (CELULAR, PANTALLAS DE VIDEO, COMIDA, MAQUILLAJE O CUALQUIER OTRO ELEMENTO DISTRACTOR).",ESTRELLAMIENTOS,CAMIONETA,0,0,0,0,1,0,0,0,0,0,0,0,0,1,-1,NO IDENTIFICADO,NO IDENTIFICADO,CONDUCTOR AUSENTE,NO,NO,2
4264,13109,13110,2017,0,0,-0.285677,-78.454915,PICHINCHA,QUITO,ALANGASI,RURAL,2017-06-15,20:20:00,20,JUEVES,4,JUNIO,6,NO,NO CEDER EL DERECHO DE VIA O PREFERENCIA DE PASO A VEHICULOS.,CHOQUE LATERAL,AUTOMOVIL,2,0,0,0,0,0,0,0,0,0,0,0,0,2,35,HOMBRE,ILESO,CONDUCTOR PRESENTE,NO,NO,3
4265,13110,13111,2017,1,0,-0.226789,-78.521886,PICHINCHA,QUITO,QUITO,URBANA,2017-06-15,20:20:00,20,JUEVES,4,JUNIO,6,NO,NO CEDER EL DERECHO DE VIA O PREFERENCIA DE PASO AL PEATON.,ATROPELLOS,NO IDENTIFICADO,0,0,0,0,0,0,0,0,0,1,0,0,0,1,51,HOMBRE,LESIONADO,PEATON,NO,NO,0
4266,13116,13117,2017,0,0,-0.506604,-78.566841,PICHINCHA,MEJIA,MACHACHI,RURAL,2017-06-15,21:45:00,21,JUEVES,4,JUNIO,6,NO,REALIZAR CAMBIO BRUSCO O INDEBIDO DE CARRIL.,CHOQUE FRONTAL,CAMION,0,0,0,1,0,0,0,0,0,0,0,0,1,2,42,HOMBRE,ILESO,CONDUCTOR PRESENTE,NO,NO,3
4267,13117,13118,2017,0,0,-0.242336,-78.512782,PICHINCHA,QUITO,QUITO,URBANA,2017-06-15,22:20:00,22,JUEVES,4,JUNIO,6,NO,NO GUARDAR LA DISTANCIA LATERAL MINIMA DE SEGURIDAD ENTRE VEHICULOS.,ROZAMIENTOS,MOTOCICLETA,0,0,0,0,0,0,0,0,1,1,0,0,0,2,43,HOMBRE,ILESO,CONDUCTOR PRESENTE,NO,NO,0
4268,13118,13119,2017,0,0,-0.146129,-78.491399,PICHINCHA,QUITO,QUITO,URBANA,2017-06-15,23:00:00,23,JUEVES,4,JUNIO,6,NO,"NO RESPETAR LAS SENIALES REGLAMENTARIAS DE TRANSITO. (PARE, CEDA EL PASO, LUZ ROJA DEL SEMAFORO, ETC).",CHOQUE LATERAL,AUTOMOVIL,2,0,0,0,0,0,0,0,0,0,0,0,0,2,20,HOMBRE,ILESO,CONDUCTOR PRESENTE,NO,NO,0
4269,13119,13120,2017,0,0,-0.207453,-78.501301,PICHINCHA,QUITO,QUITO,URBANA,2017-06-15,23:57:00,23,JUEVES,4,JUNIO,6,NO,"NO RESPETAR LAS SENIALES REGLAMENTARIAS DE TRANSITO. (PARE, CEDA EL PASO, LUZ ROJA DEL SEMAFORO, ETC).",CHOQUE LATERAL,VEHICULO DEPORTIVO UTILITARIO,1,0,0,0,0,0,0,0,0,0,0,0,1,2,49,HOMBRE,ILESO,CONDUCTOR PRESENTE,NO,NO,0
4270,13137,13138,2017,0,0,-0.250403,-78.516929,PICHINCHA,QUITO,QUITO,URBANA,2017-06-16,01:20:00,1,VIERNES,5,JUNIO,6,NO,"CONDUCIR EN ESTADO DE SOMNOLENCIA O MALAS CONDICIONES FISICAS (SUENIO, CANSANCIO Y FATIGA).",ESTRELLAMIENTOS,VEHICULO DEPORTIVO UTILITARIO,0,0,0,0,0,0,0,0,0,0,0,0,1,1,-1,NO IDENTIFICADO,NO IDENTIFICADO,CONDUCTOR AUSENTE,NO,NO,2
4271,13141,13142,2017,1,0,-0.163636,-78.474211,PICHINCHA,QUITO,QUITO,URBANA,2017-06-16,03:45:00,3,VIERNES,5,JUNIO,6,NO,"CONDUCIR EN ESTADO DE SOMNOLENCIA O MALAS CONDICIONES FISICAS (SUENIO, CANSANCIO Y FATIGA).",ESTRELLAMIENTOS,VEHICULO DEPORTIVO UTILITARIO,0,0,0,0,0,0,0,0,0,0,0,0,1,1,20,MUJER,LESIONADO,PASAJERO,NO,NO,0