,Unnamed: 0,ID,ANIO,LESIONADOS,FALLECIDOS,LATITUD_Y,LONGITUD_X,PROVINCIA,CANTON,PARROQUIA,ZONA,FECHA,HORA,PERIODO_2,DIA_1,DIA_2,MES_1,MES_2,FERIADO,CAUSA_PROBABLE,TIPO_DE_SINIESTRO,TIPO_DE_VEHICULO_1,AUTOMOVIL,BICICLETA,BUS,CAMION,CAMIONETA,EMERGENCIAS,ESPECIAL,FURGONETA,MOTOCICLETA,NO_IDENTIFICADO,SCOOTER_ELECTRICO,TRICIMOTO,VEHICULO_DEPORTIVO_UTILITARIO,SUMA_DE_VEHICULOS,EDAD_1,SEXO_1,CONDICION_1,PARTICIPANTE_1,CASCO_1,CINTURON_1,KMeans_Cluster
4272,13142,13143,2017,0,0,-0.108255,-78.461339,PICHINCHA,QUITO,CALDERON (CARAPUNGO),RURAL,2017-06-16,04:25:00,4,VIERNES,5,JUNIO,6,NO,REALIZAR CAMBIO BRUSCO O INDEBIDO DE CARRIL.,CHOQUE FRONTAL,CAMIONETA,1,0,0,0,1,0,0,0,0,0,0,0,0,2,37,HOMBRE,ILESO,CONDUCTOR PRESENTE,NO,NO,3
4273,13144,13145,2017,1,0,-0.185856,-78.477867,PICHINCHA,QUITO,QUITO,URBANA,2017-06-16,05:55:00,5,VIERNES,5,JUNIO,6,NO,NO MANTENER LA DISTANCIA PRUDENCIAL CON RESPECTO AL VEHICULO QUE LE ANTECEDE.,CHOQUE POSTERIOR,MOTOCICLETA,0,0,0,0,0,0,0,0,1,1,0,0,0,2,23,HOMBRE,LESIONADO,CONDUCTOR PRESENTE,NO,NO,0
4274,13147,13148,2017,1,0,-0.243471,-78.530591,PICHINCHA,QUITO,QUITO,URBANA,2017-06-16,06:20:00,6,VIERNES,5,JUNIO,6,NO,"NO RESPETAR LAS SENIALES REGLAMENTARIAS DE TRANSITO. (PARE, CEDA EL PASO, LUZ ROJA DEL SEMAFORO, ETC).",CHOQUE LATERAL,MOTOCICLETA,0,0,0,0,0,0,0,0,1,1,0,0,0,2,30,MUJER,LESIONADO,CONDUCTOR PRESENTE,NO,NO,0
4275,13150,13151,2017,0,0,-0.224335,-78.515275,PICHINCHA,QUITO,QUITO,URBANA,2017-06-16,07:57:00,7,VIERNES,5,JUNIO,6,NO,NO GUARDAR LA DISTANCIA LATERAL MINIMA DE SEGURIDAD ENTRE VEHICULOS.,ROZAMIENTOS,FURGONETA,1,0,0,0,0,0,0,1,0,0,0,0,0,2,40,MUJER,ILESO,CONDUCTOR PRESENTE,NO,NO,0
4276,13152,13153,2017,1,0,-0.214883,-78.433737,PICHINCHA,QUITO,CUMBAYA,RURAL,2017-06-16,08:30:00,8,VIERNES,5,JUNIO,6,NO,"CONDUCE BAJO LA INFLUENCIA DE ALCOHOL, SUSTANCIAS ESTUPEFACIENTES O PSICOTROPICAS Y/O MEDICAMENTOS.",CHOQUE LATERAL,VEHICULO DEPORTIVO UTILITARIO,0,0,0,0,0,0,0,0,1,0,0,0,1,2,29,HOMBRE,LESIONADO,CONDUCTOR PRESENTE,NO,NO,3
4277,13154,13155,2017,0,0,-0.250102,-78.532464,PICHINCHA,QUITO,QUITO,URBANA,2017-06-16,10:05:00,10,VIERNES,5,JUNIO,6,NO,"NO RESPETAR LAS SENIALES REGLAMENTARIAS DE TRANSITO. (PARE, CEDA EL PASO, LUZ ROJA DEL SEMAFORO, ETC).",CHOQUE LATERAL,FURGONETA,0,0,0,0,0,0,0,1,1,0,0,0,0,2,66,HOMBRE,ILESO,CONDUCTOR PRESENTE,NO,NO,0
4278,13158,13159,2017,1,0,-0.292051,-78.448264,PICHINCHA,QUITO,ALANGASI,RURAL,2017-06-16,10:50:00,10,VIERNES,5,JUNIO,6,NO,"CASO FORTUITO O FUERZA MAYOR (EXPLOSION DE NEUMATICO NUEVO, DERRUMBE, INUNDACION, CAIDA DE PUENTE, ARBOL, PRESENCIA INTEMPESTIVA E IMPREVISTA DE SEMOVIENTES EN LA VIA, ETC.).",PERDIDA DE PISTA,BICICLETA,0,1,0,0,0,0,0,0,0,0,0,0,0,1,27,HOMBRE,LESIONADO,CONDUCTOR PRESENTE,NO,NO,3
4279,13161,13162,2017,1,0,-0.143811,-78.492001,PICHINCHA,QUITO,QUITO,URBANA,2017-06-16,12:45:00,12,VIERNES,5,JUNIO,6,NO,NO CEDER EL DERECHO DE VIA O PREFERENCIA DE PASO AL PEATON.,ATROPELLOS,AUTOMOVIL,1,0,0,0,0,0,0,0,0,0,0,0,0,1,69,MUJER,LESIONADO,PEATON,NO,NO,0
4280,13162,13163,2017,0,0,-0.223018,-78.511784,PICHINCHA,QUITO,QUITO,URBANA,2017-06-16,12:45:00,12,VIERNES,5,JUNIO,6,NO,NO CEDER EL DERECHO DE VIA O PREFERENCIA DE PASO A VEHICULOS.,CHOQUE LATERAL,BUS,0,0,1,0,0,0,0,0,0,0,0,0,1,2,45,HOMBRE,ILESO,CONDUCTOR PRESENTE,NO,NO,0
4281,13164,13165,2017,0,0,-0.216512,-78.400686,PICHINCHA,QUITO,TUMBACO,RURAL,2017-06-16,13:00:00,13,VIERNES,5,JUNIO,6,NO,REALIZAR CAMBIO BRUSCO O INDEBIDO DE CARRIL.,ESTRELLAMIENTOS,AUTOMOVIL,1,0,0,0,0,0,0,0,0,1,0,0,0,2,42,MUJER,ILESO,CONDUCTOR PRESENTE,NO,NO,3
4282,13165,13166,2017,0,0,-0.140846,-78.496473,PICHINCHA,QUITO,QUITO,URBANA,2017-06-16,13:45:00,13,VIERNES,5,JUNIO,6,NO,NO MANTENER LA DISTANCIA PRUDENCIAL CON RESPECTO AL VEHICULO QUE LE ANTECEDE.,CHOQUE POSTERIOR,AUTOMOVIL,1,0,0,0,0,0,0,0,0,1,0,0,0,2,49,HOMBRE,ILESO,CONDUCTOR PRESENTE,NO,NO,0
4283,13166,13167,2017,0,0,-0.167381,-78.470961,PICHINCHA,QUITO,QUITO,URBANA,2017-06-16,14:10:00,14,VIERNES,5,JUNIO,6,NO,NO CEDER EL DERECHO DE VIA O PREFERENCIA DE PASO A VEHICULOS.,CHOQUE LATERAL,AUTOMOVIL,2,0,0,0,0,0,0,0,0,0,0,0,0,2,21,MUJER,ILESO,CONDUCTOR PRESENTE,NO,NO,0
4284,13167,13168,2017,0,0,-0.087395,-78.467248,PICHINCHA,QUITO,QUITO,URBANA,2017-06-16,14:53:00,14,VIERNES,5,JUNIO,6,NO,CONDUCIR VEHICULO SUPERANDO LOS LIMITES MAXIMOS DE VELOCIDAD.,PERDIDA DE PISTA,AUTOMOVIL,1,0,0,0,0,0,0,0,0,0,0,0,0,1,-1,NO IDENTIFICADO,NO IDENTIFICADO,CONDUCTOR AUSENTE,NO,NO,2
4285,13172,13173,2017,0,0,-0.205311,-78.430594,PICHINCHA,QUITO,CUMBAYA,RURAL,2017-06-16,16:22:00,16,VIERNES,5,JUNIO,6,NO,NO MANTENER LA DISTANCIA PRUDENCIAL CON RESPECTO AL VEHICULO QUE LE ANTECEDE.,CHOQUE POSTERIOR,CAMIONETA,1,0,0,0,1,0,0,0,0,0,0,0,0,2,23,HOMBRE,ILESO,CONDUCTOR PRESENTE,NO,NO,3
4286,13174,13175,2017,0,0,-0.225455,-78.522621,PICHINCHA,QUITO,QUITO,URBANA,2017-06-16,16:55:00,16,VIERNES,5,JUNIO,6,NO,"CONDUCE BAJO LA INFLUENCIA DE ALCOHOL, SUSTANCIAS ESTUPEFACIENTES O PSICOTROPICAS Y/O MEDICAMENTOS.",CHOQUE POSTERIOR,VEHICULO DEPORTIVO UTILITARIO,0,0,0,0,0,0,0,1,0,0,0,0,1,2,68,HOMBRE,ILESO,CONDUCTOR PRESENTE,NO,NO,0
4287,13179,13180,2017,0,0,-0.293562,-78.478928,PICHINCHA,QUITO,CONOCOTO,RURAL,2017-06-16,17:50:00,17,VIERNES,5,JUNIO,6,NO,NO MANTENER LA DISTANCIA PRUDENCIAL CON RESPECTO AL VEHICULO QUE LE ANTECEDE.,CHOQUE POSTERIOR,FURGONETA,0,0,1,0,0,0,0,1,0,0,0,0,0,2,48,HOMBRE,ILESO,CONDUCTOR PRESENTE,NO,NO,3
4288,13180,13181,2017,0,0,-0.245396,-78.533881,PICHINCHA,QUITO,QUITO,URBANA,2017-06-16,18:09:00,18,VIERNES,5,JUNIO,6,NO,BAJARSE O SUBIRSE DE VEHICULOS EN MOVIMIENTO SIN TOMAR LAS PRECAUCIONES DEBIDAS.,CAIDA DE PASAJERO,BUS,0,0,1,0,0,0,0,0,0,0,0,0,0,1,73,HOMBRE,ILESO,CONDUCTOR PRESENTE,NO,NO,0
4289,13184,13185,2017,0,0,-0.204421,-78.492727,PICHINCHA,QUITO,QUITO,URBANA,2017-06-16,18:30:00,18,VIERNES,5,JUNIO,6,NO,"CONDUCE BAJO LA INFLUENCIA DE ALCOHOL, SUSTANCIAS ESTUPEFACIENTES O PSICOTROPICAS Y/O MEDICAMENTOS.",CHOQUE POSTERIOR,AUTOMOVIL,1,0,0,0,0,0,0,0,0,0,0,0,1,2,30,HOMBRE,ILESO,CONDUCTOR PRESENTE,NO,NO,0
4290,13186,13187,2017,0,0,-0.279165,-78.542854,PICHINCHA,QUITO,QUITO,URBANA,2017-06-16,19:00:00,19,VIERNES,5,JUNIO,6,NO,NO CEDER EL DERECHO DE VIA O PREFERENCIA DE PASO AL PEATON.,ATROPELLOS,AUTOMOVIL,1,0,0,0,0,0,0,0,0,0,0,0,0,1,25,HOMBRE,ILESO,CONDUCTOR PRESENTE,NO,NO,0
4291,13194,13195,2017,1,0,-0.132181,-78.311705,PICHINCHA,QUITO,CHECA (CHILPA),RURAL,2017-06-16,20:00:00,20,VIERNES,5,JUNIO,6,NO,NO CEDER EL DERECHO DE VIA O PREFERENCIA DE PASO AL PEATON.,ATROPELLOS,NO IDENTIFICADO,0,0,0,0,0,0,0,0,0,1,0,0,0,1,54,HOMBRE,LESIONADO,PEATON,NO,NO,3
4292,13195,13196,2017,0,0,-0.198977,-78.494031,PICHINCHA,QUITO,QUITO,URBANA,2017-06-16,20:00:00,20,VIERNES,5,JUNIO,6,NO,"CONDUCE BAJO LA INFLUENCIA DE ALCOHOL, SUSTANCIAS ESTUPEFACIENTES O PSICOTROPICAS Y/O MEDICAMENTOS.",CHOQUE FRONTAL,AUTOMOVIL,2,0,0,0,0,0,0,0,0,0,0,0,1,3,20,HOMBRE,ILESO,CONDUCTOR PRESENTE,NO,NO,0
4293,13196,13197,2017,1,0,-0.206463,-78.512244,PICHINCHA,QUITO,QUITO,URBANA,2017-06-16,20:00:00,20,VIERNES,5,JUNIO,6,NO,CONDUCIR VEHICULO SUPERANDO LOS LIMITES MAXIMOS DE VELOCIDAD.,PERDIDA DE PISTA,MOTOCICLETA,0,0,0,0,0,0,0,0,1,0,0,0,0,1,22,HOMBRE,LESIONADO,CONDUCTOR PRESENTE,NO,NO,0
4294,13198,13199,2017,0,0,-0.256174,-78.552026,PICHINCHA,QUITO,QUITO,URBANA,2017-06-16,20:50:00,20,VIERNES,5,JUNIO,6,NO,NO TRANSITAR POR LAS ACERAS O ZONAS DE SEGURIDAD DESTINADAS PARA EL EFECTO.,ATROPELLOS,AUTOMOVIL,1,0,0,0,0,0,0,0,0,0,0,0,0,1,25,HOMBRE,ILESO,CONDUCTOR PRESENTE,NO,NO,0
4295,13199,13200,2017,0,0,-0.108403,-78.452702,PICHINCHA,QUITO,CALDERON (CARAPUNGO),RURAL,2017-06-16,21:05:00,21,VIERNES,5,JUNIO,6,NO,"NO RESPETAR LAS SENIALES REGLAMENTARIAS DE TRANSITO. (PARE, CEDA EL PASO, LUZ ROJA DEL SEMAFORO, ETC).",CHOQUE LATERAL,AUTOMOVIL,2,0,0,0,0,0,0,0,0,0,0,0,0,2,40,HOMBRE,ILESO,CONDUCTOR PRESENTE,NO,NO,3
4296,13200,13201,2017,1,0,-0.205545,-78.499946,PICHINCHA,QUITO,QUITO,URBANA,2017-06-16,21:20:00,21,VIERNES,5,JUNIO,6,NO,"NO RESPETAR LAS SENIALES REGLAMENTARIAS DE TRANSITO. (PARE, CEDA EL PASO, LUZ ROJA DEL SEMAFORO, ETC).",CHOQUE LATERAL,MOTOCICLETA,0,0,0,0,0,0,0,0,1,1,0,0,0,2,57,HOMBRE,LESIONADO,PASAJERO,NO,NO,0
4297,13202,13203,2017,1,0,-0.086473,-78.423111,PICHINCHA,QUITO,CALDERON (CARAPUNGO),RURAL,2017-06-16,21:45:00,21,VIERNES,5,JUNIO,6,NO,REALIZAR CAMBIO BRUSCO O INDEBIDO DE CARRIL.,PERDIDA DE PISTA,AUTOMOVIL,1,0,0,0,0,0,0,0,0,0,0,0,0,1,32,HOMBRE,LESIONADO,PEATON,NO,NO,3
4298,13204,13205,2017,0,0,-0.176124,-78.454876,PICHINCHA,QUITO,QUITO,URBANA,2017-06-16,23:15:00,23,VIERNES,5,JUNIO,6,NO,REALIZAR CAMBIO BRUSCO O INDEBIDO DE CARRIL.,ESTRELLAMIENTOS,AUTOMOVIL,1,0,0,0,0,0,0,0,0,0,0,0,0,1,-1,NO IDENTIFICADO,NO IDENTIFICADO,CONDUCTOR AUSENTE,NO,NO,2
4299,13205,13206,2017,1,0,-0.441864,-78.555231,PICHINCHA,MEJIA,ALOAG,RURAL,2017-06-16,23:30:00,23,VIERNES,5,JUNIO,6,NO,NO MANTENER LA DISTANCIA PRUDENCIAL CON RESPECTO AL VEHICULO QUE LE ANTECEDE.,PERDIDA DE PISTA,MOTOCICLETA,0,0,0,0,0,0,0,0,1,0,0,0,0,1,26,HOMBRE,LESIONADO,CONDUCTOR PRESENTE,NO,NO,3
4300,13207,13208,2017,0,0,-0.236171,-78.566913,PICHINCHA,QUITO,LLOA,URBANA,2017-06-16,23:45:00,23,VIERNES,5,JUNIO,6,NO,"CONDUCIR EN ESTADO DE SOMNOLENCIA O MALAS CONDICIONES FISICAS (SUENIO, CANSANCIO Y FATIGA).",ESTRELLAMIENTOS,CAMIONETA,0,0,0,0,1,0,0,0,0,0,0,0,0,1,-1,NO IDENTIFICADO,NO IDENTIFICADO,CONDUCTOR AUSENTE,NO,NO,2
4301,13221,13222,2017,0,0,-0.249141,-78.536518,PICHINCHA,QUITO,QUITO,URBANA,2017-06-17,00:45:00,0,SABADO,6,JUNIO,6,NO,"PEATON TRANSITA BAJO INFLUENCIA DE ALCOHOL, SUSTANCIAS ESTUPEFACIENTES O PSICOTROPICAS Y/O MEDICAMENTOS.",ATROPELLOS,NO IDENTIFICADO,0,0,0,0,0,0,0,0,0,1,0,0,0,1,38,MUJER,ILESO,PEATON,NO,NO,0
4302,13224,13225,2017,1,0,-0.091585,-78.439052,PICHINCHA,QUITO,CALDERON (CARAPUNGO),RURAL,2017-06-17,01:10:00,1,SABADO,6,JUNIO,6,NO,"CONDUCE BAJO LA INFLUENCIA DE ALCOHOL, SUSTANCIAS ESTUPEFACIENTES O PSICOTROPICAS Y/O MEDICAMENTOS.",CHOQUE LATERAL,AUTOMOVIL,1,0,0,0,0,0,0,0,1,0,0,0,0,2,23,HOMBRE,LESIONADO,CONDUCTOR PRESENTE,NO,NO,3
4303,13225,13226,2017,0,0,-0.217937,-78.519461,PICHINCHA,QUITO,QUITO,URBANA,2017-06-17,01:27:00,1,SABADO,6,JUNIO,6,NO,"CONDUCIR EN ESTADO DE SOMNOLENCIA O MALAS CONDICIONES FISICAS (SUENIO, CANSANCIO Y FATIGA).",PERDIDA DE PISTA,AUTOMOVIL,1,0,0,0,0,0,0,0,0,0,0,0,0,1,76,HOMBRE,ILESO,CONDUCTOR PRESENTE,NO,NO,0
4304,13228,13229,2017,0,0,-0.284269,-78.518971,PICHINCHA,QUITO,QUITO,URBANA,2017-06-17,01:40:00,1,SABADO,6,JUNIO,6,NO,"CONDUCIR EN ESTADO DE SOMNOLENCIA O MALAS CONDICIONES FISICAS (SUENIO, CANSANCIO Y FATIGA).",PERDIDA DE PISTA,AUTOMOVIL,1,0,0,0,0,0,0,0,0,0,0,0,0,1,-1,NO IDENTIFICADO,NO IDENTIFICADO,CONDUCTOR AUSENTE,NO,NO,2
4305,13229,13230,2017,0,0,-0.226562,-78.490071,PICHINCHA,QUITO,QUITO,RURAL,2017-06-17,02:35:00,2,SABADO,6,JUNIO,6,NO,"NO RESPETAR LAS SENIALES REGLAMENTARIAS DE TRANSITO. (PARE, CEDA EL PASO, LUZ ROJA DEL SEMAFORO, ETC).",CHOQUE LATERAL,VEHICULO DEPORTIVO UTILITARIO,1,0,0,0,0,0,0,0,0,0,0,0,1,2,30,HOMBRE,ILESO,CONDUCTOR PRESENTE,NO,NO,3
4306,13236,13237,2017,0,0,-0.204802,-78.376946,PICHINCHA,QUITO,TUMBACO,RURAL,2017-06-17,03:25:00,3,SABADO,6,JUNIO,6,NO,"CONDUCE BAJO LA INFLUENCIA DE ALCOHOL, SUSTANCIAS ESTUPEFACIENTES O PSICOTROPICAS Y/O MEDICAMENTOS.",CHOQUE POSTERIOR,AUTOMOVIL,2,0,0,0,0,0,0,0,0,0,0,0,0,2,31,HOMBRE,ILESO,CONDUCTOR PRESENTE,NO,NO,3
4307,13237,13238,2017,1,0,-0.252168,-78.539221,PICHINCHA,QUITO,QUITO,URBANA,2017-06-17,03:40:00,3,SABADO,6,JUNIO,6,NO,NO MANTENER LA DISTANCIA PRUDENCIAL CON RESPECTO AL VEHICULO QUE LE ANTECEDE.,COLISION,AUTOMOVIL,3,0,0,0,0,0,0,0,0,0,0,0,0,3,16,MUJER,LESIONADO,PASAJERO,NO,NO,0
4308,13239,13240,2017,1,0,-0.171846,-78.487749,PICHINCHA,QUITO,QUITO,URBANA,2017-06-17,04:00:00,4,SABADO,6,JUNIO,6,NO,"CONDUCIR EN ESTADO DE SOMNOLENCIA O MALAS CONDICIONES FISICAS (SUENIO, CANSANCIO Y FATIGA).",ESTRELLAMIENTOS,CAMIONETA,0,0,0,0,1,0,0,0,0,0,0,0,0,1,28,HOMBRE,LESIONADO,PASAJERO,NO,NO,0
4309,13240,13241,2017,1,0,-0.199767,-78.428809,PICHINCHA,QUITO,CUMBAYA,RURAL,2017-06-17,04:20:00,4,SABADO,6,JUNIO,6,NO,NO TRANSITAR POR LAS ACERAS O ZONAS DE SEGURIDAD DESTINADAS PARA EL EFECTO.,ATROPELLOS,NO IDENTIFICADO,0,0,0,0,0,0,0,0,0,1,0,0,0,1,35,HOMBRE,LESIONADO,PEATON,NO,NO,3
4310,13245,13246,2017,0,0,-0.144582,-78.491951,PICHINCHA,QUITO,QUITO,URBANA,2017-06-17,05:40:00,5,SABADO,6,JUNIO,6,NO,"CONDUCIR DESATENTO A LAS CONDICIONES DE TRANSITO (CELULAR, PANTALLAS DE VIDEO, COMIDA, MAQUILLAJE O CUALQUIER OTRO ELEMENTO DISTRACTOR).",ESTRELLAMIENTOS,VEHICULO DEPORTIVO UTILITARIO,0,0,0,0,0,0,0,0,0,0,0,0,1,1,37,HOMBRE,ILESO,CONDUCTOR PRESENTE,NO,NO,0
4311,13247,13248,2017,1,0,-0.141439,-78.482942,PICHINCHA,QUITO,QUITO,URBANA,2017-06-17,05:50:00,5,SABADO,6,JUNIO,6,NO,CONDUCIR VEHICULO SUPERANDO LOS LIMITES MAXIMOS DE VELOCIDAD.,PERDIDA DE PISTA,MOTOCICLETA,0,0,0,0,0,0,0,0,1,0,0,0,0,1,43,HOMBRE,LESIONADO,CONDUCTOR PRESENTE,NO,NO,0
4312,13248,13249,2017,1,0,-0.282732,-78.543201,PICHINCHA,QUITO,QUITO,URBANA,2017-06-17,05:50:00,5,SABADO,6,JUNIO,6,NO,NO CEDER EL DERECHO DE VIA O PREFERENCIA DE PASO AL PEATON.,ATROPELLOS,CAMIONETA,0,0,0,0,1,0,0,0,0,0,0,0,0,1,19,MUJER,LESIONADO,PEATON,NO,NO,0
4313,13249,13250,2017,0,0,-0.126171,-78.516697,PICHINCHA,QUITO,QUITO,URBANA,2017-06-17,06:10:00,6,SABADO,6,JUNIO,6,NO,"CONDUCIR DESATENTO A LAS CONDICIONES DE TRANSITO (CELULAR, PANTALLAS DE VIDEO, COMIDA, MAQUILLAJE O CUALQUIER OTRO ELEMENTO DISTRACTOR).",ESTRELLAMIENTOS,NO IDENTIFICADO,0,0,0,0,0,0,0,0,0,1,0,0,0,1,-1,NO IDENTIFICADO,NO IDENTIFICADO,CONDUCTOR AUSENTE,NO,NO,2
4314,13252,13253,2017,2,0,-0.159225,-78.473424,PICHINCHA,QUITO,QUITO,URBANA,2017-06-17,08:45:00,8,SABADO,6,JUNIO,6,NO,NO CEDER EL DERECHO DE VIA O PREFERENCIA DE PASO A VEHICULOS.,CHOQUE LATERAL,VEHICULO DEPORTIVO UTILITARIO,0,0,0,0,0,0,0,0,1,0,0,0,1,2,41,MUJER,LESIONADO,PASAJERO,NO,NO,0
4315,13254,13255,2017,0,0,-0.108042,-78.428754,PICHINCHA,QUITO,CALDERON (CARAPUNGO),URBANA,2017-06-17,09:05:00,9,SABADO,6,JUNIO,6,NO,"CONDUCIR DESATENTO A LAS CONDICIONES DE TRANSITO (CELULAR, PANTALLAS DE VIDEO, COMIDA, MAQUILLAJE O CUALQUIER OTRO ELEMENTO DISTRACTOR).",ESTRELLAMIENTOS,AUTOMOVIL,1,0,0,0,0,0,0,0,0,0,0,0,0,1,-1,NO IDENTIFICADO,NO IDENTIFICADO,CONDUCTOR AUSENTE,NO,NO,2
4316,13255,13256,2017,0,0,-0.425691,-78.551791,PICHINCHA,MEJIA,TAMBILLO (MEJIA),RURAL,2017-06-17,09:30:00,9,SABADO,6,JUNIO,6,NO,NO MANTENER LA DISTANCIA PRUDENCIAL CON RESPECTO AL VEHICULO QUE LE ANTECEDE.,CHOQUE POSTERIOR,AUTOMOVIL,2,0,0,0,0,0,0,0,0,0,0,0,0,2,26,HOMBRE,ILESO,CONDUCTOR PRESENTE,NO,NO,3
4317,13258,13259,2017,0,0,-0.396041,-78.537442,PICHINCHA,MEJIA,UYUMBICHO,RURAL,2017-06-17,10:00:00,10,SABADO,6,JUNIO,6,NO,NO MANTENER LA DISTANCIA PRUDENCIAL CON RESPECTO AL VEHICULO QUE LE ANTECEDE.,CHOQUE POSTERIOR,VEHICULO DEPORTIVO UTILITARIO,0,0,1,0,0,0,0,0,0,0,0,0,1,2,57,HOMBRE,ILESO,CONDUCTOR PRESENTE,NO,NO,3
4318,13259,13260,2017,0,0,-0.117372,-78.499275,PICHINCHA,QUITO,QUITO,URBANA,2017-06-17,10:00:00,10,SABADO,6,JUNIO,6,NO,CONDUCIR EN SENTIDO CONTRARIO A LA VIA NORMAL DE CIRCULACION.,CHOQUE FRONTAL,AUTOMOVIL,1,0,0,0,0,0,0,0,0,1,0,0,0,2,35,MUJER,ILESO,CONDUCTOR PRESENTE,NO,NO,0
4319,13260,13261,2017,3,0,-0.208246,-78.513031,PICHINCHA,QUITO,QUITO,URBANA,2017-06-17,10:14:00,10,SABADO,6,JUNIO,6,NO,"NO RESPETAR LAS SENIALES REGLAMENTARIAS DE TRANSITO. (PARE, CEDA EL PASO, LUZ ROJA DEL SEMAFORO, ETC).",ATROPELLOS,MOTOCICLETA,0,0,0,0,0,0,0,0,1,0,0,0,0,1,27,HOMBRE,LESIONADO,CONDUCTOR PRESENTE,NO,NO,0
4320,13262,13263,2017,1,0,-0.282384,-78.543689,PICHINCHA,QUITO,QUITO,URBANA,2017-06-17,11:15:00,11,SABADO,6,JUNIO,6,NO,"NO RESPETAR LAS SENIALES REGLAMENTARIAS DE TRANSITO. (PARE, CEDA EL PASO, LUZ ROJA DEL SEMAFORO, ETC).",CHOQUE LATERAL,MOTOCICLETA,0,0,0,0,0,0,0,0,1,1,0,0,0,2,26,HOMBRE,LESIONADO,PASAJERO,NO,NO,0
4321,13269,13270,2017,0,0,-0.221767,-78.516018,PICHINCHA,QUITO,QUITO,URBANA,2017-06-17,14:45:00,14,SABADO,6,JUNIO,6,NO,NO GUARDAR LA DISTANCIA LATERAL MINIMA DE SEGURIDAD ENTRE VEHICULOS.,ROZAMIENTOS,BUS,0,0,1,0,0,0,0,0,0,0,0,0,1,2,54,HOMBRE,ILESO,CONDUCTOR PRESENTE,NO,NO,0
4322,13270,13271,2017,0,0,-0.232254,-78.505317,PICHINCHA,QUITO,QUITO,URBANA,2017-06-17,14:50:00,14,SABADO,6,JUNIO,6,NO,NO GUARDAR LA DISTANCIA LATERAL MINIMA DE SEGURIDAD ENTRE VEHICULOS.,ROZAMIENTOS,CAMIONETA,1,0,0,0,1,0,0,0,0,0,0,0,0,2,22,HOMBRE,ILESO,CONDUCTOR PRESENTE,NO,NO,0
4323,13272,13273,2017,0,0,-0.190285,-78.454454,PICHINCHA,QUITO,QUITO,RURAL,2017-06-17,15:50:00,15,SABADO,6,JUNIO,6,NO,CONDUCIR VEHICULO SUPERANDO LOS LIMITES MAXIMOS DE VELOCIDAD.,PERDIDA DE PISTA,CAMIONETA,0,0,0,0,1,0,0,0,0,0,0,0,0,1,59,HOMBRE,ILESO,CONDUCTOR PRESENTE,NO,NO,3
4324,13274,13275,2017,0,0,-0.065598,-78.363743,PICHINCHA,QUITO,GUAYLLABAMBA,RURAL,2017-06-17,16:00:00,16,SABADO,6,JUNIO,6,NO,NO GUARDAR LA DISTANCIA LATERAL MINIMA DE SEGURIDAD ENTRE VEHICULOS.,CHOQUE LATERAL,MOTOCICLETA,0,0,0,0,1,0,0,0,1,0,0,0,0,2,64,HOMBRE,ILESO,CONDUCTOR PRESENTE,NO,NO,3
4325,13276,13277,2017,1,0,-0.347496,-78.460568,PICHINCHA,RUMINIAHUI,SANGOLQUI,URBANA,2017-06-17,17:00:00,17,SABADO,6,JUNIO,6,NO,NO MANTENER LA DISTANCIA PRUDENCIAL CON RESPECTO AL VEHICULO QUE LE ANTECEDE.,CHOQUE LATERAL,AUTOMOVIL,1,0,0,0,0,0,0,0,0,1,0,0,0,2,32,HOMBRE,LESIONADO,CONDUCTOR PRESENTE,NO,NO,0
4326,13277,13278,2017,0,0,-0.115511,-78.497065,PICHINCHA,QUITO,QUITO,URBANA,2017-06-17,17:20:00,17,SABADO,6,JUNIO,6,NO,"CONDUCIR DESATENTO A LAS CONDICIONES DE TRANSITO (CELULAR, PANTALLAS DE VIDEO, COMIDA, MAQUILLAJE O CUALQUIER OTRO ELEMENTO DISTRACTOR).",ESTRELLAMIENTOS,CAMIONETA,1,0,0,0,1,0,0,0,0,0,0,0,0,2,47,MUJER,ILESO,CONDUCTOR PRESENTE,NO,NO,0
4327,13278,13279,2017,0,0,-0.102171,-78.490962,PICHINCHA,QUITO,QUITO,URBANA,2017-06-17,17:25:00,17,SABADO,6,JUNIO,6,NO,NO MANTENER LA DISTANCIA PRUDENCIAL CON RESPECTO AL VEHICULO QUE LE ANTECEDE.,CHOQUE POSTERIOR,VEHICULO DEPORTIVO UTILITARIO,0,0,0,0,0,0,0,0,1,0,0,0,1,2,51,MUJER,ILESO,CONDUCTOR PRESENTE,NO,NO,0
4328,13281,13282,2017,1,0,-0.186052,-78.497137,PICHINCHA,QUITO,QUITO,URBANA,2017-06-17,17:50:00,17,SABADO,6,JUNIO,6,NO,REALIZAR CAMBIO BRUSCO O INDEBIDO DE CARRIL.,PERDIDA DE PISTA,MOTOCICLETA,0,0,0,0,0,0,0,0,1,0,0,0,0,1,28,HOMBRE,LESIONADO,CONDUCTOR PRESENTE,NO,NO,0
4329,13284,13285,2017,4,0,-0.224383,-78.496888,PICHINCHA,QUITO,QUITO,URBANA,2017-06-17,18:20:00,18,SABADO,6,JUNIO,6,NO,"ADELANTAR O REBASAR A OTRO VEHICULO EN MOVIMIENTO EN ZONAS O SITIOS PELIGROSOS TALES COMO: CURVAS, PUENTES, TUNELES, PENDIENTES, ETC.",CHOQUE FRONTAL,AUTOMOVIL,2,0,0,0,0,0,0,0,0,0,0,0,0,2,28,MUJER,LESIONADO,CONDUCTOR PRESENTE,NO,NO,0