,Unnamed: 0,ID,ANIO,LESIONADOS,FALLECIDOS,LATITUD_Y,LONGITUD_X,PROVINCIA,CANTON,PARROQUIA,ZONA,FECHA,HORA,PERIODO_2,DIA_1,DIA_2,MES_1,MES_2,FERIADO,CAUSA_PROBABLE,TIPO_DE_SINIESTRO,TIPO_DE_VEHICULO_1,AUTOMOVIL,BICICLETA,BUS,CAMION,CAMIONETA,EMERGENCIAS,ESPECIAL,FURGONETA,MOTOCICLETA,NO_IDENTIFICADO,SCOOTER_ELECTRICO,TRICIMOTO,VEHICULO_DEPORTIVO_UTILITARIO,SUMA_DE_VEHICULOS,EDAD_1,SEXO_1,CONDICION_1,PARTICIPANTE_1,CASCO_1,CINTURON_1,KMeans_Cluster
4330,13286,13287,2017,0,0,-0.211986,-78.522447,PICHINCHA,QUITO,QUITO,URBANA,2017-06-17,18:25:00,18,SABADO,6,JUNIO,6,NO,"NO RESPETAR LAS SENIALES REGLAMENTARIAS DE TRANSITO. (PARE, CEDA EL PASO, LUZ ROJA DEL SEMAFORO, ETC).",CHOQUE LATERAL,BUS,0,0,1,0,0,0,0,0,0,1,0,0,0,2,33,HOMBRE,ILESO,CONDUCTOR PRESENTE,NO,NO,0
4331,13288,13289,2017,0,0,-0.091685,-78.439052,PICHINCHA,QUITO,CALDERON (CARAPUNGO),RURAL,2017-06-17,18:45:00,18,SABADO,6,JUNIO,6,NO,NO CEDER EL DERECHO DE VIA O PREFERENCIA DE PASO A VEHICULOS.,CHOQUE LATERAL,AUTOMOVIL,2,0,0,0,0,0,0,0,0,0,0,0,0,2,24,HOMBRE,ILESO,CONDUCTOR PRESENTE,NO,NO,3
4332,13290,13291,2017,1,0,-0.113215,-78.478989,PICHINCHA,QUITO,QUITO,URBANA,2017-06-17,18:55:00,18,SABADO,6,JUNIO,6,NO,NO CEDER EL DERECHO DE VIA O PREFERENCIA DE PASO AL PEATON.,ATROPELLOS,NO IDENTIFICADO,0,0,0,0,0,0,0,0,0,1,0,0,0,1,73,HOMBRE,LESIONADO,PEATON,NO,NO,0
4333,13291,13292,2017,0,0,-0.212824,-78.402686,PICHINCHA,QUITO,TUMBACO,RURAL,2017-06-17,19:00:00,19,SABADO,6,JUNIO,6,NO,"CONDUCE BAJO LA INFLUENCIA DE ALCOHOL, SUSTANCIAS ESTUPEFACIENTES O PSICOTROPICAS Y/O MEDICAMENTOS.",CHOQUE LATERAL,AUTOMOVIL,1,0,0,0,0,0,0,0,0,0,0,0,1,2,30,HOMBRE,ILESO,CONDUCTOR PRESENTE,NO,NO,3
4334,13296,13297,2017,0,0,-0.162931,-78.486035,PICHINCHA,QUITO,QUITO,URBANA,2017-06-17,19:50:00,19,SABADO,6,JUNIO,6,NO,"CONDUCIR DESATENTO A LAS CONDICIONES DE TRANSITO (CELULAR, PANTALLAS DE VIDEO, COMIDA, MAQUILLAJE O CUALQUIER OTRO ELEMENTO DISTRACTOR).",ATROPELLOS,NO IDENTIFICADO,0,0,0,0,0,0,0,0,0,1,0,0,0,1,68,MUJER,ILESO,PEATON,NO,NO,0
4335,13300,13301,2017,1,0,-0.125486,-78.480646,PICHINCHA,QUITO,QUITO,URBANA,2017-06-17,20:25:00,20,SABADO,6,JUNIO,6,NO,NO CEDER EL DERECHO DE VIA O PREFERENCIA DE PASO AL PEATON.,ATROPELLOS,NO IDENTIFICADO,0,0,0,0,0,0,0,0,0,1,0,0,0,1,25,MUJER,LESIONADO,PEATON,NO,NO,0
4336,13301,13302,2017,0,0,-0.301665,-78.574795,PICHINCHA,QUITO,QUITO,URBANA,2017-06-17,20:30:00,20,SABADO,6,JUNIO,6,NO,"CONDUCE BAJO LA INFLUENCIA DE ALCOHOL, SUSTANCIAS ESTUPEFACIENTES O PSICOTROPICAS Y/O MEDICAMENTOS.",ESTRELLAMIENTOS,AUTOMOVIL,1,0,0,0,0,0,0,0,0,0,0,0,0,1,25,HOMBRE,ILESO,CONDUCTOR PRESENTE,NO,NO,0
4337,13302,13303,2017,1,0,-0.299432,-78.559038,PICHINCHA,QUITO,QUITO,URBANA,2017-06-17,20:38:00,20,SABADO,6,JUNIO,6,NO,"CONDUCE BAJO LA INFLUENCIA DE ALCOHOL, SUSTANCIAS ESTUPEFACIENTES O PSICOTROPICAS Y/O MEDICAMENTOS.",ATROPELLOS,AUTOMOVIL,1,0,0,0,0,0,0,0,0,0,0,0,0,1,44,HOMBRE,LESIONADO,PEATON,NO,NO,0
4338,13303,13304,2017,0,0,-0.238771,-78.531742,PICHINCHA,QUITO,QUITO,URBANA,2017-06-17,20:40:00,20,SABADO,6,JUNIO,6,NO,"NO RESPETAR LAS SENIALES REGLAMENTARIAS DE TRANSITO. (PARE, CEDA EL PASO, LUZ ROJA DEL SEMAFORO, ETC).",CHOQUE LATERAL,AUTOMOVIL,1,0,0,0,0,0,0,0,0,1,0,0,0,2,30,HOMBRE,ILESO,CONDUCTOR PRESENTE,NO,NO,0
4339,13304,13305,2017,0,0,-0.175149,-78.487453,PICHINCHA,QUITO,QUITO,URBANA,2017-06-17,20:40:00,20,SABADO,6,JUNIO,6,NO,"NO RESPETAR LAS SENIALES REGLAMENTARIAS DE TRANSITO. (PARE, CEDA EL PASO, LUZ ROJA DEL SEMAFORO, ETC).",CHOQUE LATERAL,AUTOMOVIL,2,0,0,0,0,0,0,0,0,0,0,0,0,2,23,HOMBRE,ILESO,CONDUCTOR PRESENTE,NO,NO,0
4340,13309,13310,2017,0,0,-0.239332,-78.532134,PICHINCHA,QUITO,QUITO,URBANA,2017-06-17,22:00:00,22,SABADO,6,JUNIO,6,NO,"NO RESPETAR LAS SENIALES REGLAMENTARIAS DE TRANSITO. (PARE, CEDA EL PASO, LUZ ROJA DEL SEMAFORO, ETC).",CHOQUE LATERAL,AUTOMOVIL,1,0,0,0,0,0,0,0,0,0,0,0,1,2,45,HOMBRE,ILESO,CONDUCTOR PRESENTE,NO,NO,0
4341,13310,13311,2017,0,0,-0.175149,-78.487453,PICHINCHA,QUITO,QUITO,URBANA,2017-06-17,22:05:00,22,SABADO,6,JUNIO,6,NO,"CONDUCE BAJO LA INFLUENCIA DE ALCOHOL, SUSTANCIAS ESTUPEFACIENTES O PSICOTROPICAS Y/O MEDICAMENTOS.",CHOQUE LATERAL,AUTOMOVIL,1,0,0,0,0,0,0,0,0,0,0,0,1,2,31,HOMBRE,ILESO,CONDUCTOR PRESENTE,NO,NO,0
4342,13313,13314,2017,0,0,-0.186351,-78.495134,PICHINCHA,QUITO,QUITO,URBANA,2017-06-17,23:20:00,23,SABADO,6,JUNIO,6,NO,"NO RESPETAR LAS SENIALES REGLAMENTARIAS DE TRANSITO. (PARE, CEDA EL PASO, LUZ ROJA DEL SEMAFORO, ETC).",CHOQUE LATERAL,MOTOCICLETA,0,0,0,0,0,0,0,0,1,1,0,0,0,2,26,HOMBRE,ILESO,CONDUCTOR PRESENTE,NO,NO,0
4343,13340,13341,2017,0,0,-0.254622,-78.520994,PICHINCHA,QUITO,QUITO,URBANA,2017-06-18,00:00:00,0,DOMINGO,7,JUNIO,6,NO,NO MANTENER LA DISTANCIA PRUDENCIAL CON RESPECTO AL VEHICULO QUE LE ANTECEDE.,CHOQUE POSTERIOR,AUTOMOVIL,2,0,0,0,0,0,0,0,0,0,0,0,0,2,60,HOMBRE,ILESO,CONDUCTOR PRESENTE,NO,NO,0
4344,13341,13342,2017,0,0,-0.144193,-78.469558,PICHINCHA,QUITO,QUITO,URBANA,2017-06-18,00:00:00,0,DOMINGO,7,JUNIO,6,NO,"CONDUCE BAJO LA INFLUENCIA DE ALCOHOL, SUSTANCIAS ESTUPEFACIENTES O PSICOTROPICAS Y/O MEDICAMENTOS.",ESTRELLAMIENTOS,CAMIONETA,0,0,0,0,1,0,0,0,0,0,0,0,1,2,27,HOMBRE,ILESO,CONDUCTOR PRESENTE,NO,NO,0
4345,13342,13343,2017,1,0,-0.154284,-78.473712,PICHINCHA,QUITO,QUITO,URBANA,2017-06-18,00:05:00,0,DOMINGO,7,JUNIO,6,NO,NO CEDER EL DERECHO DE VIA O PREFERENCIA DE PASO AL PEATON.,ATROPELLOS,MOTOCICLETA,0,0,0,0,0,0,0,0,1,0,0,0,0,1,39,HOMBRE,LESIONADO,CONDUCTOR PRESENTE,NO,NO,0
4346,13343,13344,2017,0,0,-0.203655,-78.500667,PICHINCHA,QUITO,QUITO,URBANA,2017-06-18,00:30:00,0,DOMINGO,7,JUNIO,6,NO,"NO RESPETAR LAS SENIALES REGLAMENTARIAS DE TRANSITO. (PARE, CEDA EL PASO, LUZ ROJA DEL SEMAFORO, ETC).",CHOQUE LATERAL,VEHICULO DEPORTIVO UTILITARIO,1,0,0,0,0,0,0,0,0,0,0,0,1,2,-1,NO IDENTIFICADO,NO IDENTIFICADO,CONDUCTOR AUSENTE,NO,NO,2
4347,13344,13345,2017,2,0,-0.331361,-78.435158,PICHINCHA,RUMINIAHUI,SANGOLQUI,URBANA,2017-06-18,00:40:00,0,DOMINGO,7,JUNIO,6,NO,"CONDUCE BAJO LA INFLUENCIA DE ALCOHOL, SUSTANCIAS ESTUPEFACIENTES O PSICOTROPICAS Y/O MEDICAMENTOS.",CHOQUE POSTERIOR,CAMION,0,0,0,1,0,0,0,0,0,0,0,0,1,2,56,MUJER,LESIONADO,PEATON,NO,NO,0
4348,13346,13347,2017,1,0,-0.212824,-78.402686,PICHINCHA,QUITO,TUMBACO,RURAL,2017-06-18,01:00:00,1,DOMINGO,7,JUNIO,6,NO,"CONDUCE BAJO LA INFLUENCIA DE ALCOHOL, SUSTANCIAS ESTUPEFACIENTES O PSICOTROPICAS Y/O MEDICAMENTOS.",CHOQUE FRONTAL,CAMIONETA,1,0,0,0,1,0,0,0,0,0,0,0,0,2,25,HOMBRE,LESIONADO,PASAJERO,NO,NO,3
4349,13347,13348,2017,0,0,-0.048723,-78.339466,PICHINCHA,QUITO,GUAYLLABAMBA,RURAL,2017-06-18,01:15:00,1,DOMINGO,7,JUNIO,6,NO,CONDUCIR VEHICULO SUPERANDO LOS LIMITES MAXIMOS DE VELOCIDAD.,ESTRELLAMIENTOS,CAMIONETA,0,0,0,0,1,0,0,0,0,0,0,0,0,1,-1,NO IDENTIFICADO,NO IDENTIFICADO,CONDUCTOR AUSENTE,NO,NO,2
4350,13349,13350,2017,0,0,-0.254686,-78.504316,PICHINCHA,QUITO,QUITO,URBANA,2017-06-18,01:50:00,1,DOMINGO,7,JUNIO,6,NO,CONDUCIR VEHICULO SUPERANDO LOS LIMITES MAXIMOS DE VELOCIDAD.,PERDIDA DE PISTA,CAMION,0,0,0,1,0,0,0,0,0,0,0,0,0,1,-1,NO IDENTIFICADO,NO IDENTIFICADO,CONDUCTOR AUSENTE,NO,NO,2
4351,13355,13356,2017,1,0,-0.295604,-78.561141,PICHINCHA,QUITO,QUITO,URBANA,2017-06-18,03:50:00,3,DOMINGO,7,JUNIO,6,NO,"CONDUCE BAJO LA INFLUENCIA DE ALCOHOL, SUSTANCIAS ESTUPEFACIENTES O PSICOTROPICAS Y/O MEDICAMENTOS.",ESTRELLAMIENTOS,MOTOCICLETA,0,0,0,0,0,0,0,0,1,0,0,0,1,2,24,HOMBRE,LESIONADO,CONDUCTOR PRESENTE,NO,NO,0
4352,13356,13357,2017,0,0,-0.298558,-78.481039,PICHINCHA,QUITO,CONOCOTO,RURAL,2017-06-18,03:55:00,3,DOMINGO,7,JUNIO,6,NO,"CONDUCIR EN ESTADO DE SOMNOLENCIA O MALAS CONDICIONES FISICAS (SUENIO, CANSANCIO Y FATIGA).",ESTRELLAMIENTOS,CAMIONETA,0,0,0,0,1,0,0,0,0,0,0,0,0,1,-1,NO IDENTIFICADO,NO IDENTIFICADO,CONDUCTOR AUSENTE,NO,NO,2
4353,13358,13359,2017,2,0,-0.018695,-78.452611,PICHINCHA,QUITO,SAN ANTONIO (QUITO),URBANA,2017-06-18,04:10:00,4,DOMINGO,7,JUNIO,6,NO,"CONDICIONES AMBIENTALES Y/O ATMOSFERICAS (NIEBLA, NEBLINA, GRANIZO, LLUVIA).",ESTRELLAMIENTOS,AUTOMOVIL,1,0,0,0,0,0,0,0,0,0,0,0,0,1,30,HOMBRE,LESIONADO,CONDUCTOR PRESENTE,NO,NO,0
4354,13362,13363,2017,2,0,-0.184013,-78.509392,PICHINCHA,QUITO,QUITO,URBANA,2017-06-18,05:45:00,5,DOMINGO,7,JUNIO,6,NO,"CONDUCE BAJO LA INFLUENCIA DE ALCOHOL, SUSTANCIAS ESTUPEFACIENTES O PSICOTROPICAS Y/O MEDICAMENTOS.",PERDIDA DE PISTA,MOTOCICLETA,0,0,0,0,0,0,0,0,1,0,0,0,0,1,-1,HOMBRE,LESIONADO,CONDUCTOR PRESENTE,NO,NO,0
4355,13371,13372,2017,0,0,-0.006166,-78.444379,PICHINCHA,QUITO,SAN ANTONIO (QUITO),RURAL,2017-06-18,07:45:00,7,DOMINGO,7,JUNIO,6,NO,REALIZAR CAMBIO BRUSCO O INDEBIDO DE CARRIL.,ESTRELLAMIENTOS,AUTOMOVIL,2,0,0,0,0,0,0,0,0,0,0,0,0,2,34,HOMBRE,ILESO,CONDUCTOR PRESENTE,NO,NO,3
4356,13372,13373,2017,0,0,-0.206451,-78.512129,PICHINCHA,QUITO,QUITO,URBANA,2017-06-18,07:50:00,7,DOMINGO,7,JUNIO,6,NO,"CASO FORTUITO O FUERZA MAYOR (EXPLOSION DE NEUMATICO NUEVO, DERRUMBE, INUNDACION, CAIDA DE PUENTE, ARBOL, PRESENCIA INTEMPESTIVA E IMPREVISTA DE SEMOVIENTES EN LA VIA, ETC.).",OTROS,CAMION,2,0,1,1,0,0,0,0,0,0,0,0,0,4,42,HOMBRE,ILESO,CONDUCTOR PRESENTE,NO,NO,0
4357,13373,13374,2017,1,0,-0.376682,-78.504736,PICHINCHA,QUITO,AMAGUANIA,URBANA,2017-06-18,07:50:00,7,DOMINGO,7,JUNIO,6,NO,NO CEDER EL DERECHO DE VIA O PREFERENCIA DE PASO A VEHICULOS.,CHOQUE LATERAL,MOTOCICLETA,0,0,0,0,0,0,0,0,1,1,0,0,0,2,30,MUJER,LESIONADO,CONDUCTOR PRESENTE,NO,NO,0
4358,13374,13375,2017,1,0,-0.098885,-78.470687,PICHINCHA,QUITO,QUITO,URBANA,2017-06-18,08:10:00,8,DOMINGO,7,JUNIO,6,NO,REALIZAR CAMBIO BRUSCO O INDEBIDO DE CARRIL.,PERDIDA DE PISTA,MOTOCICLETA,0,0,0,0,0,0,0,0,1,0,0,0,0,1,26,HOMBRE,LESIONADO,PASAJERO,NO,NO,0
4359,13375,13376,2017,2,0,-0.142012,-78.496384,PICHINCHA,QUITO,QUITO,URBANA,2017-06-18,08:50:00,8,DOMINGO,7,JUNIO,6,NO,"NO RESPETAR LAS SENIALES REGLAMENTARIAS DE TRANSITO. (PARE, CEDA EL PASO, LUZ ROJA DEL SEMAFORO, ETC).",CHOQUE LATERAL,MOTOCICLETA,0,0,0,0,0,0,0,0,1,0,0,0,1,2,37,HOMBRE,LESIONADO,CONDUCTOR PRESENTE,NO,NO,0
4360,13376,13377,2017,0,0,-0.318599,-78.472483,PICHINCHA,QUITO,CONOCOTO,RURAL,2017-06-18,09:00:00,9,DOMINGO,7,JUNIO,6,NO,REALIZAR CAMBIO BRUSCO O INDEBIDO DE CARRIL.,ESTRELLAMIENTOS,CAMIONETA,0,0,0,0,1,0,0,0,0,0,0,0,0,1,-1,NO IDENTIFICADO,NO IDENTIFICADO,CONDUCTOR AUSENTE,NO,NO,2
4361,13378,13379,2017,0,0,-0.256733,-78.542807,PICHINCHA,QUITO,QUITO,URBANA,2017-06-18,10:00:00,10,DOMINGO,7,JUNIO,6,NO,REALIZAR CAMBIO BRUSCO O INDEBIDO DE CARRIL.,ESTRELLAMIENTOS,CAMIONETA,0,0,0,0,1,0,0,0,0,0,0,0,0,1,-1,NO IDENTIFICADO,NO IDENTIFICADO,CONDUCTOR AUSENTE,NO,NO,2
4362,13379,13380,2017,0,0,-0.092349,-78.451178,PICHINCHA,QUITO,CALDERON (CARAPUNGO),URBANA,2017-06-18,10:20:00,10,DOMINGO,7,JUNIO,6,NO,"CONDUCIR DESATENTO A LAS CONDICIONES DE TRANSITO (CELULAR, PANTALLAS DE VIDEO, COMIDA, MAQUILLAJE O CUALQUIER OTRO ELEMENTO DISTRACTOR).",ESTRELLAMIENTOS,CAMIONETA,1,0,0,0,1,0,0,0,0,0,0,0,0,2,-1,NO IDENTIFICADO,NO IDENTIFICADO,CONDUCTOR AUSENTE,NO,NO,2
4363,13386,13387,2017,0,0,-0.264834,-78.515041,PICHINCHA,QUITO,QUITO,URBANA,2017-06-18,12:30:00,12,DOMINGO,7,JUNIO,6,NO,NO GUARDAR LA DISTANCIA LATERAL MINIMA DE SEGURIDAD ENTRE VEHICULOS.,ROZAMIENTOS,AUTOMOVIL,1,0,0,0,0,0,0,0,0,1,0,0,0,2,55,HOMBRE,ILESO,CONDUCTOR PRESENTE,NO,NO,0
4364,13388,13389,2017,0,0,-0.269927,-78.535201,PICHINCHA,QUITO,QUITO,URBANA,2017-06-18,13:10:00,13,DOMINGO,7,JUNIO,6,NO,NO GUARDAR LA DISTANCIA LATERAL MINIMA DE SEGURIDAD ENTRE VEHICULOS.,ROZAMIENTOS,BUS,0,0,2,0,0,0,0,0,0,0,0,0,0,2,24,HOMBRE,ILESO,CONDUCTOR PRESENTE,NO,NO,0
4365,13389,13390,2017,1,0,-0.113028,-78.296111,PICHINCHA,QUITO,EL QUINCHE,RURAL,2017-06-18,13:45:00,13,DOMINGO,7,JUNIO,6,NO,"CONDUCIR DESATENTO A LAS CONDICIONES DE TRANSITO (CELULAR, PANTALLAS DE VIDEO, COMIDA, MAQUILLAJE O CUALQUIER OTRO ELEMENTO DISTRACTOR).",ATROPELLOS,NO IDENTIFICADO,0,0,0,0,0,0,0,0,0,1,0,0,0,1,73,HOMBRE,LESIONADO,PEATON,NO,NO,3
4366,13390,13391,2017,0,0,-0.284632,-78.532759,PICHINCHA,QUITO,QUITO,URBANA,2017-06-18,14:05:00,14,DOMINGO,7,JUNIO,6,NO,CONDUCIR VEHICULO SUPERANDO LOS LIMITES MAXIMOS DE VELOCIDAD.,PERDIDA DE PISTA,AUTOMOVIL,1,0,0,0,0,0,0,0,0,0,0,0,0,1,-1,NO IDENTIFICADO,NO IDENTIFICADO,CONDUCTOR AUSENTE,NO,NO,2
4367,13394,13395,2017,1,0,-0.114432,-78.495088,PICHINCHA,QUITO,QUITO,URBANA,2017-06-18,14:50:00,14,DOMINGO,7,JUNIO,6,NO,NO CEDER EL DERECHO DE VIA O PREFERENCIA DE PASO AL PEATON.,ATROPELLOS,VEHICULO DEPORTIVO UTILITARIO,0,0,0,0,0,0,0,0,0,0,0,0,1,1,48,MUJER,LESIONADO,PEATON,NO,NO,0
4368,13396,13397,2017,0,0,-0.297048,-78.534113,PICHINCHA,QUITO,QUITO,URBANA,2017-06-18,15:30:00,15,DOMINGO,7,JUNIO,6,NO,"CONDUCIR DESATENTO A LAS CONDICIONES DE TRANSITO (CELULAR, PANTALLAS DE VIDEO, COMIDA, MAQUILLAJE O CUALQUIER OTRO ELEMENTO DISTRACTOR).",PERDIDA DE PISTA,MOTOCICLETA,0,0,0,0,0,0,0,0,1,0,0,0,0,1,32,HOMBRE,ILESO,CONDUCTOR PRESENTE,NO,NO,0
4369,13397,13398,2017,0,0,-0.440431,-78.554683,PICHINCHA,MEJIA,ALOAG,RURAL,2017-06-18,15:50:00,15,DOMINGO,7,JUNIO,6,NO,NO MANTENER LA DISTANCIA PRUDENCIAL CON RESPECTO AL VEHICULO QUE LE ANTECEDE.,CHOQUE POSTERIOR,CAMION,1,0,0,1,0,0,0,0,0,0,0,0,0,2,35,HOMBRE,ILESO,CONDUCTOR PRESENTE,NO,NO,3
4370,13402,13403,2017,1,0,-0.091426,-78.524885,PICHINCHA,QUITO,QUITO,URBANA,2017-06-18,16:50:00,16,DOMINGO,7,JUNIO,6,NO,BAJARSE O SUBIRSE DE VEHICULOS EN MOVIMIENTO SIN TOMAR LAS PRECAUCIONES DEBIDAS.,CAIDA DE PASAJERO,NO IDENTIFICADO,0,0,0,0,0,0,0,0,0,1,0,0,0,1,24,HOMBRE,LESIONADO,PASAJERO,NO,NO,0
4371,13406,13407,2017,1,0,-0.100622,-78.472207,PICHINCHA,QUITO,QUITO,URBANA,2017-06-18,18:22:00,18,DOMINGO,7,JUNIO,6,NO,NO CEDER EL DERECHO DE VIA O PREFERENCIA DE PASO AL PEATON.,ATROPELLOS,NO IDENTIFICADO,0,0,0,0,0,0,0,0,0,1,0,0,0,1,27,HOMBRE,LESIONADO,PEATON,NO,NO,0
4372,13407,13408,2017,0,0,-0.292724,-78.476486,PICHINCHA,QUITO,CONOCOTO,RURAL,2017-06-18,18:30:00,18,DOMINGO,7,JUNIO,6,NO,"CONDUCE BAJO LA INFLUENCIA DE ALCOHOL, SUSTANCIAS ESTUPEFACIENTES O PSICOTROPICAS Y/O MEDICAMENTOS.",ESTRELLAMIENTOS,AUTOMOVIL,1,0,0,0,0,0,0,0,0,0,0,0,0,1,34,HOMBRE,ILESO,CONDUCTOR PRESENTE,NO,NO,3
4373,13408,13409,2017,1,0,-0.262722,-78.531061,PICHINCHA,QUITO,QUITO,URBANA,2017-06-18,18:37:00,18,DOMINGO,7,JUNIO,6,NO,NO TRANSITAR POR LAS ACERAS O ZONAS DE SEGURIDAD DESTINADAS PARA EL EFECTO.,ATROPELLOS,NO IDENTIFICADO,0,0,0,0,0,0,0,0,0,1,0,0,0,1,40,MUJER,LESIONADO,PEATON,NO,NO,0
4374,13409,13410,2017,0,0,-0.234352,-78.523831,PICHINCHA,QUITO,QUITO,URBANA,2017-06-18,18:43:00,18,DOMINGO,7,JUNIO,6,NO,NO CEDER EL DERECHO DE VIA O PREFERENCIA DE PASO AL PEATON.,ATROPELLOS,NO IDENTIFICADO,0,0,0,0,0,0,0,0,0,1,0,0,0,1,38,MUJER,ILESO,PEATON,NO,NO,0
4375,13412,13413,2017,1,0,-0.509947,-78.564214,PICHINCHA,MEJIA,MACHACHI,RURAL,2017-06-18,19:50:00,19,DOMINGO,7,JUNIO,6,NO,NO MANTENER LA DISTANCIA PRUDENCIAL CON RESPECTO AL VEHICULO QUE LE ANTECEDE.,CHOQUE FRONTAL,MOTOCICLETA,0,0,0,1,0,0,0,0,1,0,0,0,0,2,35,HOMBRE,LESIONADO,CONDUCTOR PRESENTE,NO,NO,3
4376,13413,13414,2017,1,0,-0.105429,-78.496488,PICHINCHA,QUITO,QUITO,URBANA,2017-06-18,19:55:00,19,DOMINGO,7,JUNIO,6,NO,NO CEDER EL DERECHO DE VIA O PREFERENCIA DE PASO AL PEATON.,ATROPELLOS,NO IDENTIFICADO,0,0,0,0,0,0,0,0,0,1,0,0,0,1,22,HOMBRE,LESIONADO,PEATON,NO,NO,0
4377,13420,13421,2017,0,0,-0.121478,-78.510657,PICHINCHA,QUITO,QUITO,URBANA,2017-06-18,21:22:00,21,DOMINGO,7,JUNIO,6,NO,"CONDUCIR DESATENTO A LAS CONDICIONES DE TRANSITO (CELULAR, PANTALLAS DE VIDEO, COMIDA, MAQUILLAJE O CUALQUIER OTRO ELEMENTO DISTRACTOR).",CHOQUE POSTERIOR,MOTOCICLETA,0,0,0,0,0,0,0,0,1,1,0,0,0,2,30,HOMBRE,ILESO,CONDUCTOR PRESENTE,NO,NO,0
4378,13421,13422,2017,0,0,-0.282706,-78.554325,PICHINCHA,QUITO,QUITO,URBANA,2017-06-18,21:30:00,21,DOMINGO,7,JUNIO,6,NO,"CONDUCE BAJO LA INFLUENCIA DE ALCOHOL, SUSTANCIAS ESTUPEFACIENTES O PSICOTROPICAS Y/O MEDICAMENTOS.",ESTRELLAMIENTOS,AUTOMOVIL,1,0,0,0,0,0,0,0,0,0,0,0,0,1,59,HOMBRE,ILESO,CONDUCTOR PRESENTE,NO,NO,0
4379,13461,13462,2017,0,0,-0.232889,-78.524501,PICHINCHA,QUITO,QUITO,URBANA,2017-06-19,04:35:00,4,LUNES,1,JUNIO,6,NO,"NO RESPETAR LAS SENIALES REGLAMENTARIAS DE TRANSITO. (PARE, CEDA EL PASO, LUZ ROJA DEL SEMAFORO, ETC).",CHOQUE LATERAL,VEHICULO DEPORTIVO UTILITARIO,1,0,0,0,0,0,0,0,0,0,0,0,1,2,24,MUJER,ILESO,CONDUCTOR PRESENTE,NO,NO,0
4380,13462,13463,2017,1,0,-0.395353,-78.526771,PICHINCHA,MEJIA,UYUMBICHO,RURAL,2017-06-19,05:20:00,5,LUNES,1,JUNIO,6,NO,NO MANTENER LA DISTANCIA PRUDENCIAL CON RESPECTO AL VEHICULO QUE LE ANTECEDE.,CHOQUE POSTERIOR,CAMION,0,0,1,1,0,0,0,0,0,0,0,0,0,2,53,HOMBRE,LESIONADO,CONDUCTOR PRESENTE,NO,NO,3
4381,13463,13464,2017,1,0,-0.085931,-78.422117,PICHINCHA,QUITO,CALDERON (CARAPUNGO),RURAL,2017-06-19,05:45:00,5,LUNES,1,JUNIO,6,NO,"NO RESPETAR LAS SENIALES REGLAMENTARIAS DE TRANSITO. (PARE, CEDA EL PASO, LUZ ROJA DEL SEMAFORO, ETC).",CHOQUE LATERAL,AUTOMOVIL,1,0,0,1,0,0,0,0,0,0,0,0,0,2,30,MUJER,LESIONADO,CONDUCTOR PRESENTE,NO,NO,3
4382,13465,13466,2017,0,0,-0.321381,-78.442323,PICHINCHA,RUMINIAHUI,SANGOLQUI,URBANA,2017-06-19,06:45:00,6,LUNES,1,JUNIO,6,NO,NO MANTENER LA DISTANCIA PRUDENCIAL CON RESPECTO AL VEHICULO QUE LE ANTECEDE.,ATROPELLOS,CAMIONETA,0,0,0,0,1,0,0,0,0,0,0,0,0,1,76,HOMBRE,ILESO,CONDUCTOR PRESENTE,NO,NO,0
4383,13466,13467,2017,1,0,-0.239578,-78.530744,PICHINCHA,QUITO,QUITO,URBANA,2017-06-19,07:08:00,7,LUNES,1,JUNIO,6,NO,NO CEDER EL DERECHO DE VIA O PREFERENCIA DE PASO AL PEATON.,ATROPELLOS,NO IDENTIFICADO,0,0,0,0,0,0,0,0,0,1,0,0,0,1,74,MUJER,LESIONADO,PEATON,NO,NO,0
4384,13469,13470,2017,0,0,-0.235573,-78.509421,PICHINCHA,QUITO,QUITO,URBANA,2017-06-19,07:45:00,7,LUNES,1,JUNIO,6,NO,NO MANTENER LA DISTANCIA PRUDENCIAL CON RESPECTO AL VEHICULO QUE LE ANTECEDE.,CHOQUE POSTERIOR,BUS,0,0,2,0,0,0,0,0,0,0,0,0,0,2,65,HOMBRE,ILESO,CONDUCTOR PRESENTE,NO,NO,0
4385,13475,13476,2017,0,0,-0.187808,-78.444336,PICHINCHA,QUITO,NAYON,RURAL,2017-06-19,08:50:00,8,LUNES,1,JUNIO,6,NO,NO GUARDAR LA DISTANCIA LATERAL MINIMA DE SEGURIDAD ENTRE VEHICULOS.,ROZAMIENTOS,AUTOMOVIL,2,0,0,0,0,0,0,0,0,0,0,0,0,2,23,HOMBRE,ILESO,CONDUCTOR PRESENTE,NO,NO,3
4386,13476,13477,2017,1,0,-0.292724,-78.476486,PICHINCHA,QUITO,CONOCOTO,RURAL,2017-06-19,09:15:00,9,LUNES,1,JUNIO,6,NO,"NO RESPETAR LAS SENIALES REGLAMENTARIAS DE TRANSITO. (PARE, CEDA EL PASO, LUZ ROJA DEL SEMAFORO, ETC).",CHOQUE LATERAL,FURGONETA,0,0,1,0,0,0,0,1,0,0,0,0,0,2,45,HOMBRE,LESIONADO,CONDUCTOR PRESENTE,NO,NO,3