,Unnamed: 0,ID,ANIO,LESIONADOS,FALLECIDOS,LATITUD_Y,LONGITUD_X,PROVINCIA,CANTON,PARROQUIA,ZONA,FECHA,HORA,PERIODO_2,DIA_1,DIA_2,MES_1,MES_2,FERIADO,CAUSA_PROBABLE,TIPO_DE_SINIESTRO,TIPO_DE_VEHICULO_1,AUTOMOVIL,BICICLETA,BUS,CAMION,CAMIONETA,EMERGENCIAS,ESPECIAL,FURGONETA,MOTOCICLETA,NO_IDENTIFICADO,SCOOTER_ELECTRICO,TRICIMOTO,VEHICULO_DEPORTIVO_UTILITARIO,SUMA_DE_VEHICULOS,EDAD_1,SEXO_1,CONDICION_1,PARTICIPANTE_1,CASCO_1,CINTURON_1,KMeans_Cluster
4387,13479,13480,2017,2,0,-0.099083,-78.421844,PICHINCHA,QUITO,CALDERON (CARAPUNGO),RURAL,2017-06-19,10:30:00,10,LUNES,1,JUNIO,6,NO,"NO RESPETAR LAS SENIALES REGLAMENTARIAS DE TRANSITO. (PARE, CEDA EL PASO, LUZ ROJA DEL SEMAFORO, ETC).",CHOQUE LATERAL,AUTOMOVIL,1,0,0,0,0,0,0,0,1,0,0,0,0,2,25,MUJER,LESIONADO,PASAJERO,NO,NO,3
4388,13480,13481,2017,0,0,-0.327727,-78.438019,PICHINCHA,RUMINIAHUI,SANGOLQUI,URBANA,2017-06-19,10:42:00,10,LUNES,1,JUNIO,6,NO,CONDUCIR VEHICULO SUPERANDO LOS LIMITES MAXIMOS DE VELOCIDAD.,ESTRELLAMIENTOS,VEHICULO DEPORTIVO UTILITARIO,0,0,0,0,0,0,0,0,0,0,0,0,1,1,25,HOMBRE,ILESO,CONDUCTOR PRESENTE,NO,NO,0
4389,13481,13482,2017,1,0,-0.283152,-78.554531,PICHINCHA,QUITO,QUITO,URBANA,2017-06-19,10:45:00,10,LUNES,1,JUNIO,6,NO,"NO RESPETAR LAS SENIALES REGLAMENTARIAS DE TRANSITO. (PARE, CEDA EL PASO, LUZ ROJA DEL SEMAFORO, ETC).",ATROPELLOS,CAMIONETA,0,0,0,0,1,0,0,0,0,0,0,0,0,1,51,MUJER,LESIONADO,PEATON,NO,NO,0
4390,13482,13483,2017,0,0,-0.186786,-78.495461,PICHINCHA,QUITO,QUITO,URBANA,2017-06-19,11:40:00,11,LUNES,1,JUNIO,6,NO,"CONDUCIR DESATENTO A LAS CONDICIONES DE TRANSITO (CELULAR, PANTALLAS DE VIDEO, COMIDA, MAQUILLAJE O CUALQUIER OTRO ELEMENTO DISTRACTOR).",ESTRELLAMIENTOS,MOTOCICLETA,0,0,0,0,1,0,0,0,1,0,0,0,0,2,27,HOMBRE,ILESO,CONDUCTOR PRESENTE,NO,NO,0
4391,13486,13487,2017,1,0,-0.279175,-78.542778,PICHINCHA,QUITO,QUITO,URBANA,2017-06-19,13:30:00,13,LUNES,1,JUNIO,6,NO,NO CEDER EL DERECHO DE VIA O PREFERENCIA DE PASO AL PEATON.,ARROLLAMIENTOS,VEHICULO DEPORTIVO UTILITARIO,0,0,0,0,0,0,0,0,0,0,0,0,1,1,53,HOMBRE,LESIONADO,PEATON,NO,NO,0
4392,13487,13488,2017,0,0,-0.291531,-78.484954,PICHINCHA,QUITO,CONOCOTO,RURAL,2017-06-19,13:35:00,13,LUNES,1,JUNIO,6,NO,"NO RESPETAR LAS SENIALES REGLAMENTARIAS DE TRANSITO. (PARE, CEDA EL PASO, LUZ ROJA DEL SEMAFORO, ETC).",CHOQUE LATERAL,VEHICULO DEPORTIVO UTILITARIO,0,0,0,0,0,0,0,0,0,1,0,0,1,2,31,MUJER,ILESO,CONDUCTOR PRESENTE,NO,NO,3
4393,13489,13490,2017,0,0,-0.156804,-78.496783,PICHINCHA,QUITO,QUITO,URBANA,2017-06-19,14:00:00,14,LUNES,1,JUNIO,6,NO,"CONDUCIR DESATENTO A LAS CONDICIONES DE TRANSITO (CELULAR, PANTALLAS DE VIDEO, COMIDA, MAQUILLAJE O CUALQUIER OTRO ELEMENTO DISTRACTOR).",COLISION,AUTOMOVIL,2,0,0,0,0,0,0,0,0,0,0,0,1,3,50,HOMBRE,ILESO,CONDUCTOR PRESENTE,NO,NO,0
4394,13495,13496,2017,1,0,-0.143444,-78.496248,PICHINCHA,QUITO,QUITO,URBANA,2017-06-19,15:40:00,15,LUNES,1,JUNIO,6,NO,NO CEDER EL DERECHO DE VIA O PREFERENCIA DE PASO AL PEATON.,ATROPELLOS,MOTOCICLETA,0,0,0,0,0,0,0,0,1,0,0,0,0,1,60,MUJER,LESIONADO,PEATON,NO,NO,0
4395,13497,13498,2017,0,0,-0.119382,-78.506566,PICHINCHA,QUITO,QUITO,URBANA,2017-06-19,16:00:00,16,LUNES,1,JUNIO,6,NO,NO GUARDAR LA DISTANCIA LATERAL MINIMA DE SEGURIDAD ENTRE VEHICULOS.,ROZAMIENTOS,AUTOMOVIL,1,0,0,0,0,0,0,0,0,1,0,0,0,2,40,MUJER,ILESO,CONDUCTOR PRESENTE,NO,NO,0
4396,13500,13501,2017,1,0,-0.451526,-78.592143,PICHINCHA,MEJIA,ALOAG,RURAL,2017-06-19,16:20:00,16,LUNES,1,JUNIO,6,NO,NO MANTENER LA DISTANCIA PRUDENCIAL CON RESPECTO AL VEHICULO QUE LE ANTECEDE.,PERDIDA DE PISTA,NO IDENTIFICADO,0,0,0,0,0,0,0,0,0,1,0,0,0,1,45,MUJER,LESIONADO,PASAJERO,NO,NO,3
4397,13501,13502,2017,1,0,-0.232716,-78.503774,PICHINCHA,QUITO,QUITO,URBANA,2017-06-19,17:14:00,17,LUNES,1,JUNIO,6,NO,"NO RESPETAR LAS SENIALES REGLAMENTARIAS DE TRANSITO. (PARE, CEDA EL PASO, LUZ ROJA DEL SEMAFORO, ETC).",CHOQUE LATERAL,BUS,0,0,1,0,0,0,0,0,1,0,0,0,0,2,27,HOMBRE,LESIONADO,CONDUCTOR PRESENTE,NO,NO,0
4398,13504,13505,2017,1,0,-0.086624,-78.423361,PICHINCHA,QUITO,CALDERON (CARAPUNGO),RURAL,2017-06-19,18:00:00,18,LUNES,1,JUNIO,6,NO,BAJARSE O SUBIRSE DE VEHICULOS EN MOVIMIENTO SIN TOMAR LAS PRECAUCIONES DEBIDAS.,CAIDA DE PASAJERO,NO IDENTIFICADO,0,0,0,0,0,0,0,0,0,1,0,0,0,1,80,MUJER,LESIONADO,PASAJERO,NO,NO,3
4399,13505,13506,2017,1,0,-0.172945,-78.401577,PICHINCHA,QUITO,TUMBACO,RURAL,2017-06-19,18:30:00,18,LUNES,1,JUNIO,6,NO,NO CEDER EL DERECHO DE VIA O PREFERENCIA DE PASO AL PEATON.,ATROPELLOS,NO IDENTIFICADO,0,0,0,0,0,0,0,0,0,1,0,0,0,1,22,HOMBRE,LESIONADO,PEATON,NO,NO,3
4400,13512,13513,2017,0,0,-0.131201,-78.475832,PICHINCHA,QUITO,QUITO,URBANA,2017-06-19,20:30:00,20,LUNES,1,JUNIO,6,NO,"NO RESPETAR LAS SENIALES REGLAMENTARIAS DE TRANSITO. (PARE, CEDA EL PASO, LUZ ROJA DEL SEMAFORO, ETC).",CHOQUE LATERAL,AUTOMOVIL,1,0,0,0,0,0,0,0,0,1,0,0,0,2,71,HOMBRE,ILESO,CONDUCTOR PRESENTE,NO,NO,0
4401,13517,13518,2017,0,1,-0.134901,-78.312013,PICHINCHA,QUITO,CHECA (CHILPA),RURAL,2017-06-19,21:58:00,21,LUNES,1,JUNIO,6,NO,NO CEDER EL DERECHO DE VIA O PREFERENCIA DE PASO AL PEATON.,ATROPELLOS,NO IDENTIFICADO,0,0,0,0,0,0,0,0,0,1,0,0,0,1,18,HOMBRE,FALLECIDO,PEATON,NO,NO,3
4402,13518,13519,2017,1,0,-0.206438,-78.370261,PICHINCHA,QUITO,PUEMBO,RURAL,2017-06-19,22:20:00,22,LUNES,1,JUNIO,6,NO,NO TRANSITAR POR LAS ACERAS O ZONAS DE SEGURIDAD DESTINADAS PARA EL EFECTO.,ATROPELLOS,NO IDENTIFICADO,0,0,0,0,0,0,0,0,0,1,0,0,0,1,44,HOMBRE,LESIONADO,PEATON,NO,NO,3
4403,13541,13542,2017,4,0,-0.206438,-78.370261,PICHINCHA,QUITO,PUEMBO,RURAL,2017-06-20,06:40:00,6,MARTES,2,JUNIO,6,NO,REALIZAR CAMBIO BRUSCO O INDEBIDO DE CARRIL.,CHOQUE FRONTAL,BUS,0,0,2,0,0,0,0,0,0,0,0,0,0,2,39,HOMBRE,LESIONADO,CONDUCTOR PRESENTE,NO,NO,3
4404,13544,13545,2017,0,0,-0.188919,-78.482605,PICHINCHA,QUITO,QUITO,URBANA,2017-06-20,07:04:00,7,MARTES,2,JUNIO,6,NO,"CONDUCIR DESATENTO A LAS CONDICIONES DE TRANSITO (CELULAR, PANTALLAS DE VIDEO, COMIDA, MAQUILLAJE O CUALQUIER OTRO ELEMENTO DISTRACTOR).",CHOQUE POSTERIOR,AUTOMOVIL,1,0,0,0,0,0,0,0,0,1,0,0,0,2,24,MUJER,ILESO,CONDUCTOR PRESENTE,NO,NO,0
4405,13545,13546,2017,1,0,-0.171846,-78.487749,PICHINCHA,QUITO,QUITO,URBANA,2017-06-20,07:10:00,7,MARTES,2,JUNIO,6,NO,NO CEDER EL DERECHO DE VIA O PREFERENCIA DE PASO A VEHICULOS.,ATROPELLOS,AUTOMOVIL,1,0,0,0,0,0,0,0,0,0,0,0,0,1,18,MUJER,LESIONADO,PEATON,NO,NO,0
4406,13547,13548,2017,0,0,-0.141674,-78.443576,PICHINCHA,QUITO,LLANO CHICO,RURAL,2017-06-20,08:17:00,8,MARTES,2,JUNIO,6,NO,CONDUCIR VEHICULO SUPERANDO LOS LIMITES MAXIMOS DE VELOCIDAD.,ESTRELLAMIENTOS,AUTOMOVIL,1,0,0,0,0,0,0,0,0,0,0,0,0,1,-1,NO IDENTIFICADO,NO IDENTIFICADO,CONDUCTOR AUSENTE,NO,NO,2
4407,13550,13551,2017,1,0,-0.100622,-78.472207,PICHINCHA,QUITO,QUITO,URBANA,2017-06-20,09:10:00,9,MARTES,2,JUNIO,6,NO,NO MANTENER LA DISTANCIA PRUDENCIAL CON RESPECTO AL VEHICULO QUE LE ANTECEDE.,COLISION,VEHICULO DEPORTIVO UTILITARIO,3,0,0,0,0,0,0,0,0,0,0,0,1,4,30,MUJER,LESIONADO,PASAJERO,NO,NO,0
4408,13554,13555,2017,0,0,-0.200525,-78.499327,PICHINCHA,QUITO,QUITO,URBANA,2017-06-20,10:35:00,10,MARTES,2,JUNIO,6,NO,"CONDUCIR DESATENTO A LAS CONDICIONES DE TRANSITO (CELULAR, PANTALLAS DE VIDEO, COMIDA, MAQUILLAJE O CUALQUIER OTRO ELEMENTO DISTRACTOR).",CHOQUE POSTERIOR,VEHICULO DEPORTIVO UTILITARIO,0,0,0,0,0,0,0,0,0,0,0,0,2,2,30,MUJER,ILESO,CONDUCTOR PRESENTE,NO,NO,0
4409,13556,13557,2017,1,0,-0.247661,-78.517661,PICHINCHA,QUITO,QUITO,URBANA,2017-06-20,12:00:00,12,MARTES,2,JUNIO,6,NO,NO MANTENER LA DISTANCIA PRUDENCIAL CON RESPECTO AL VEHICULO QUE LE ANTECEDE.,CHOQUE POSTERIOR,MOTOCICLETA,0,0,0,0,0,0,0,0,1,1,0,0,0,2,45,HOMBRE,LESIONADO,CONDUCTOR PRESENTE,NO,NO,0
4410,13557,13558,2017,0,0,-0.091454,-78.472827,PICHINCHA,QUITO,QUITO,URBANA,2017-06-20,12:27:00,12,MARTES,2,JUNIO,6,NO,NO MANTENER LA DISTANCIA PRUDENCIAL CON RESPECTO AL VEHICULO QUE LE ANTECEDE.,CHOQUE POSTERIOR,VEHICULO DEPORTIVO UTILITARIO,0,0,1,0,0,0,0,0,0,0,0,0,1,2,34,HOMBRE,ILESO,CONDUCTOR PRESENTE,NO,NO,0
4411,13559,13560,2017,0,0,-0.299474,-78.558714,PICHINCHA,QUITO,QUITO,URBANA,2017-06-20,13:10:00,13,MARTES,2,JUNIO,6,NO,NO GUARDAR LA DISTANCIA LATERAL MINIMA DE SEGURIDAD ENTRE VEHICULOS.,ROZAMIENTOS,BUS,0,0,2,0,0,0,0,0,0,0,0,0,0,2,45,HOMBRE,ILESO,CONDUCTOR PRESENTE,NO,NO,0
4412,13560,13561,2017,0,0,-0.165889,-78.468421,PICHINCHA,QUITO,QUITO,URBANA,2017-06-20,13:16:00,13,MARTES,2,JUNIO,6,NO,NO MANTENER LA DISTANCIA PRUDENCIAL CON RESPECTO AL VEHICULO QUE LE ANTECEDE.,CHOQUE POSTERIOR,CAMION,0,0,0,1,0,0,0,0,0,0,0,0,1,2,40,HOMBRE,ILESO,CONDUCTOR PRESENTE,NO,NO,0
4413,13562,13563,2017,0,0,-0.212422,-78.387961,PICHINCHA,QUITO,TUMBACO,RURAL,2017-06-20,14:00:00,14,MARTES,2,JUNIO,6,NO,"NO RESPETAR LAS SENIALES REGLAMENTARIAS DE TRANSITO. (PARE, CEDA EL PASO, LUZ ROJA DEL SEMAFORO, ETC).",CHOQUE LATERAL,VEHICULO DEPORTIVO UTILITARIO,0,0,0,0,0,0,0,0,0,0,0,0,2,2,73,HOMBRE,ILESO,CONDUCTOR PRESENTE,NO,NO,3
4414,13567,13568,2017,0,0,-0.105583,-78.499743,PICHINCHA,QUITO,QUITO,URBANA,2017-06-20,15:20:00,15,MARTES,2,JUNIO,6,NO,"CONDUCIR DESATENTO A LAS CONDICIONES DE TRANSITO (CELULAR, PANTALLAS DE VIDEO, COMIDA, MAQUILLAJE O CUALQUIER OTRO ELEMENTO DISTRACTOR).",ESTRELLAMIENTOS,AUTOMOVIL,1,0,0,0,0,0,0,0,0,1,0,0,0,2,-1,NO IDENTIFICADO,NO IDENTIFICADO,CONDUCTOR AUSENTE,NO,NO,2
4415,13568,13569,2017,0,0,-0.067798,-78.372518,PICHINCHA,QUITO,GUAYLLABAMBA,RURAL,2017-06-20,15:30:00,15,MARTES,2,JUNIO,6,NO,NO GUARDAR LA DISTANCIA LATERAL MINIMA DE SEGURIDAD ENTRE VEHICULOS.,CHOQUE LATERAL,CAMION,0,0,0,1,1,0,0,0,0,0,0,0,0,2,50,HOMBRE,ILESO,CONDUCTOR PRESENTE,NO,NO,3
4416,13571,13572,2017,0,0,-0.297826,-78.455876,PICHINCHA,QUITO,ALANGASI,RURAL,2017-06-20,16:30:00,16,MARTES,2,JUNIO,6,NO,"NO RESPETAR LAS SENIALES REGLAMENTARIAS DE TRANSITO. (PARE, CEDA EL PASO, LUZ ROJA DEL SEMAFORO, ETC).",CHOQUE LATERAL,AUTOMOVIL,1,0,0,0,1,0,0,0,0,0,0,0,0,2,52,MUJER,ILESO,CONDUCTOR PRESENTE,NO,NO,3
4417,13574,13575,2017,1,0,-0.138257,-78.424325,PICHINCHA,QUITO,LLANO CHICO,RURAL,2017-06-20,17:20:00,17,MARTES,2,JUNIO,6,NO,BAJARSE O SUBIRSE DE VEHICULOS EN MOVIMIENTO SIN TOMAR LAS PRECAUCIONES DEBIDAS.,CAIDA DE PASAJERO,NO IDENTIFICADO,0,0,0,0,0,0,0,0,0,1,0,0,0,1,78,HOMBRE,LESIONADO,PASAJERO,NO,NO,3
4418,13577,13578,2017,0,0,-0.164784,-78.468117,PICHINCHA,QUITO,QUITO,URBANA,2017-06-20,18:04:00,18,MARTES,2,JUNIO,6,NO,REALIZAR CAMBIO BRUSCO O INDEBIDO DE CARRIL.,COLISION,AUTOMOVIL,4,0,0,0,0,0,0,0,0,0,0,0,0,4,29,HOMBRE,ILESO,CONDUCTOR PRESENTE,NO,NO,0
4419,13579,13580,2017,1,0,-0.237909,-78.529145,PICHINCHA,QUITO,QUITO,URBANA,2017-06-20,19:20:00,19,MARTES,2,JUNIO,6,NO,"NO RESPETAR LAS SENIALES REGLAMENTARIAS DE TRANSITO. (PARE, CEDA EL PASO, LUZ ROJA DEL SEMAFORO, ETC).",CHOQUE LATERAL,MOTOCICLETA,0,0,0,0,0,0,0,0,1,1,0,0,0,2,32,HOMBRE,LESIONADO,CONDUCTOR PRESENTE,NO,NO,0
4420,13580,13581,2017,1,0,-0.171128,-78.490332,PICHINCHA,QUITO,QUITO,URBANA,2017-06-20,19:23:00,19,MARTES,2,JUNIO,6,NO,"CONDUCIR DESATENTO A LAS CONDICIONES DE TRANSITO (CELULAR, PANTALLAS DE VIDEO, COMIDA, MAQUILLAJE O CUALQUIER OTRO ELEMENTO DISTRACTOR).",COLISION,BUS,0,0,1,0,0,0,0,0,0,0,0,0,2,3,64,MUJER,LESIONADO,CONDUCTOR PRESENTE,NO,NO,0
4421,13582,13583,2017,0,0,-0.230418,-78.513135,PICHINCHA,QUITO,QUITO,URBANA,2017-06-20,19:40:00,19,MARTES,2,JUNIO,6,NO,"CONDUCIR DESATENTO A LAS CONDICIONES DE TRANSITO (CELULAR, PANTALLAS DE VIDEO, COMIDA, MAQUILLAJE O CUALQUIER OTRO ELEMENTO DISTRACTOR).",ESTRELLAMIENTOS,AUTOMOVIL,1,0,0,0,0,0,0,0,0,0,0,0,0,1,-1,NO IDENTIFICADO,NO IDENTIFICADO,CONDUCTOR AUSENTE,NO,NO,2
4422,13587,13588,2017,0,0,-0.096046,-78.440081,PICHINCHA,QUITO,CALDERON (CARAPUNGO),RURAL,2017-06-20,22:15:00,22,MARTES,2,JUNIO,6,NO,"CONDUCE BAJO LA INFLUENCIA DE ALCOHOL, SUSTANCIAS ESTUPEFACIENTES O PSICOTROPICAS Y/O MEDICAMENTOS.",CHOQUE POSTERIOR,AUTOMOVIL,2,0,0,0,0,0,0,0,0,0,0,0,0,2,44,HOMBRE,ILESO,CONDUCTOR PRESENTE,NO,NO,3
4423,13588,13589,2017,0,0,-0.271125,-78.551998,PICHINCHA,QUITO,QUITO,URBANA,2017-06-20,22:30:00,22,MARTES,2,JUNIO,6,NO,"CONDUCIR EN ESTADO DE SOMNOLENCIA O MALAS CONDICIONES FISICAS (SUENIO, CANSANCIO Y FATIGA).",COLISION,AUTOMOVIL,2,0,0,0,1,0,0,0,0,0,0,0,0,3,20,HOMBRE,ILESO,CONDUCTOR PRESENTE,NO,NO,0
4424,13600,13601,2017,2,0,-0.295604,-78.561141,PICHINCHA,QUITO,QUITO,URBANA,2017-06-21,01:15:00,1,MIERCOLES,3,JUNIO,6,NO,"CONDUCIR EN ESTADO DE SOMNOLENCIA O MALAS CONDICIONES FISICAS (SUENIO, CANSANCIO Y FATIGA).",ESTRELLAMIENTOS,NO IDENTIFICADO,0,0,0,0,0,0,0,0,0,1,0,0,0,1,28,MUJER,LESIONADO,PASAJERO,NO,NO,0
4425,13603,13604,2017,0,0,-0.092703,-78.391756,PICHINCHA,QUITO,CALDERON (CARAPUNGO),RURAL,2017-06-21,05:45:00,5,MIERCOLES,3,JUNIO,6,NO,CONDUCIR VEHICULO SUPERANDO LOS LIMITES MAXIMOS DE VELOCIDAD.,PERDIDA DE PISTA,AUTOMOVIL,1,0,0,0,0,0,0,0,0,0,0,0,0,1,-1,NO IDENTIFICADO,NO IDENTIFICADO,CONDUCTOR AUSENTE,NO,NO,2
4426,13604,13605,2017,1,0,-0.053821,-78.328413,PICHINCHA,QUITO,GUAYLLABAMBA,RURAL,2017-06-21,05:50:00,5,MIERCOLES,3,JUNIO,6,NO,"CONDUCIR DESATENTO A LAS CONDICIONES DE TRANSITO (CELULAR, PANTALLAS DE VIDEO, COMIDA, MAQUILLAJE O CUALQUIER OTRO ELEMENTO DISTRACTOR).",ATROPELLOS,MOTOCICLETA,0,0,0,0,0,0,0,0,1,0,0,0,0,1,81,HOMBRE,LESIONADO,PEATON,NO,NO,3
4427,13606,13607,2017,1,0,-0.156069,-78.439391,PICHINCHA,QUITO,NAYON,RURAL,2017-06-21,06:25:00,6,MIERCOLES,3,JUNIO,6,NO,NO MANTENER LA DISTANCIA PRUDENCIAL CON RESPECTO AL VEHICULO QUE LE ANTECEDE.,COLISION,FURGONETA,1,0,1,0,0,0,0,1,0,0,0,0,0,3,29,MUJER,LESIONADO,CONDUCTOR PRESENTE,NO,NO,3
4428,13608,13609,2017,0,0,-0.126731,-78.491913,PICHINCHA,QUITO,QUITO,URBANA,2017-06-21,07:00:00,7,MIERCOLES,3,JUNIO,6,NO,NO GUARDAR LA DISTANCIA LATERAL MINIMA DE SEGURIDAD ENTRE VEHICULOS.,ROZAMIENTOS,CAMIONETA,0,0,0,0,1,0,0,0,0,1,0,0,0,2,37,HOMBRE,ILESO,CONDUCTOR PRESENTE,NO,NO,0
4429,13610,13611,2017,1,0,-0.197278,-78.489709,PICHINCHA,QUITO,QUITO,URBANA,2017-06-21,08:35:00,8,MIERCOLES,3,JUNIO,6,NO,NO GUARDAR LA DISTANCIA LATERAL MINIMA DE SEGURIDAD ENTRE VEHICULOS.,ROZAMIENTOS,BICICLETA,0,1,0,0,0,0,0,0,0,1,0,0,0,2,34,MUJER,LESIONADO,CONDUCTOR PRESENTE,NO,NO,0
4430,13611,13612,2017,0,0,-0.152197,-78.464913,PICHINCHA,QUITO,QUITO,URBANA,2017-06-21,08:40:00,8,MIERCOLES,3,JUNIO,6,NO,NO GUARDAR LA DISTANCIA LATERAL MINIMA DE SEGURIDAD ENTRE VEHICULOS.,ROZAMIENTOS,AUTOMOVIL,1,0,0,0,0,0,0,0,0,1,0,0,0,2,44,HOMBRE,ILESO,CONDUCTOR PRESENTE,NO,NO,0
4431,13612,13613,2017,1,0,-0.461589,-78.593381,PICHINCHA,MEJIA,ALOAG,RURAL,2017-06-21,09:15:00,9,MIERCOLES,3,JUNIO,6,NO,CONDUCIR VEHICULO SUPERANDO LOS LIMITES MAXIMOS DE VELOCIDAD.,PERDIDA DE PISTA,MOTOCICLETA,0,0,0,0,0,0,0,0,1,0,0,0,0,1,28,HOMBRE,LESIONADO,CONDUCTOR PRESENTE,NO,NO,3
4432,13614,13615,2017,0,0,-0.267835,-78.561237,PICHINCHA,QUITO,QUITO,URBANA,2017-06-21,09:50:00,9,MIERCOLES,3,JUNIO,6,NO,"ADELANTAR O REBASAR A OTRO VEHICULO EN MOVIMIENTO EN ZONAS O SITIOS PELIGROSOS TALES COMO: CURVAS, PUENTES, TUNELES, PENDIENTES, ETC.",PERDIDA DE PISTA,MOTOCICLETA,0,0,0,0,0,0,0,0,1,0,0,0,0,1,45,HOMBRE,ILESO,CONDUCTOR PRESENTE,NO,NO,0
4433,13615,13616,2017,0,0,-0.219563,-78.512237,PICHINCHA,QUITO,QUITO,URBANA,2017-06-21,11:57:00,11,MIERCOLES,3,JUNIO,6,NO,REALIZAR CAMBIO BRUSCO O INDEBIDO DE CARRIL.,ESTRELLAMIENTOS,AUTOMOVIL,1,0,0,0,0,0,0,0,1,0,0,0,0,2,20,HOMBRE,ILESO,CONDUCTOR PRESENTE,NO,NO,0
4434,13617,13618,2017,1,0,-0.200785,-78.496721,PICHINCHA,QUITO,QUITO,URBANA,2017-06-21,12:55:00,12,MIERCOLES,3,JUNIO,6,NO,NO CEDER EL DERECHO DE VIA O PREFERENCIA DE PASO A VEHICULOS.,ATROPELLOS,NO IDENTIFICADO,0,0,0,0,0,0,0,0,0,1,0,0,0,1,42,MUJER,LESIONADO,PEATON,NO,NO,0
4435,13619,13620,2017,0,0,-0.099083,-78.421844,PICHINCHA,QUITO,CALDERON (CARAPUNGO),RURAL,2017-06-21,13:30:00,13,MIERCOLES,3,JUNIO,6,NO,"CONDUCIR DESATENTO A LAS CONDICIONES DE TRANSITO (CELULAR, PANTALLAS DE VIDEO, COMIDA, MAQUILLAJE O CUALQUIER OTRO ELEMENTO DISTRACTOR).",ESTRELLAMIENTOS,VEHICULO DEPORTIVO UTILITARIO,1,0,0,0,0,0,0,0,0,0,0,0,1,2,33,HOMBRE,ILESO,CONDUCTOR PRESENTE,NO,NO,3
4436,13623,13624,2017,1,0,0.082121,-78.192877,PICHINCHA,PEDRO MONCAYO,TUPIGACHI,URBANA,2017-06-21,14:00:00,14,MIERCOLES,3,JUNIO,6,NO,"CONDICIONES AMBIENTALES Y/O ATMOSFERICAS (NIEBLA, NEBLINA, GRANIZO, LLUVIA).",PERDIDA DE PISTA,NO IDENTIFICADO,0,0,0,0,0,0,0,0,0,1,0,0,0,1,20,HOMBRE,LESIONADO,CONDUCTOR PRESENTE,NO,NO,0
4437,13626,13627,2017,0,0,-0.128297,-78.488055,PICHINCHA,QUITO,QUITO,URBANA,2017-06-21,14:15:00,14,MIERCOLES,3,JUNIO,6,NO,"NO RESPETAR LAS SENIALES REGLAMENTARIAS DE TRANSITO. (PARE, CEDA EL PASO, LUZ ROJA DEL SEMAFORO, ETC).",CHOQUE LATERAL,AUTOMOVIL,1,0,0,0,0,0,0,0,0,1,0,0,0,2,55,MUJER,ILESO,CONDUCTOR PRESENTE,NO,NO,0
4438,13627,13628,2017,0,0,-0.349395,-78.552689,PICHINCHA,QUITO,QUITO,URBANA,2017-06-21,14:20:00,14,MIERCOLES,3,JUNIO,6,NO,"MAL ESTACIONADO - EL CONDUCTOR QUE DETENGA O ESTACIONE VEHICULOS EN SITIOS O ZONAS QUE ENTRANIEN PELIGRO, TALES COMO ZONA DE SEGURIDAD, CURVAS, PUENTES, TUNELES, PENDIENTES.",ESTRELLAMIENTOS,AUTOMOVIL,1,0,0,0,0,0,0,0,0,1,0,0,0,2,-1,NO IDENTIFICADO,NO IDENTIFICADO,CONDUCTOR AUSENTE,NO,NO,2
4439,13630,13631,2017,0,0,-0.331114,-78.550647,PICHINCHA,QUITO,QUITO,URBANA,2017-06-21,15:30:00,15,MIERCOLES,3,JUNIO,6,NO,NO GUARDAR LA DISTANCIA LATERAL MINIMA DE SEGURIDAD ENTRE VEHICULOS.,ROZAMIENTOS,AUTOMOVIL,1,0,0,0,0,0,0,0,0,0,0,0,1,2,33,HOMBRE,ILESO,CONDUCTOR PRESENTE,NO,NO,0
4440,13632,13633,2017,0,0,-0.185381,-78.491064,PICHINCHA,QUITO,QUITO,URBANA,2017-06-21,16:10:00,16,MIERCOLES,3,JUNIO,6,NO,NO GUARDAR LA DISTANCIA LATERAL MINIMA DE SEGURIDAD ENTRE VEHICULOS.,ROZAMIENTOS,AUTOMOVIL,2,0,0,0,0,0,0,0,0,0,0,0,0,2,38,HOMBRE,ILESO,CONDUCTOR PRESENTE,NO,NO,0
4441,13634,13635,2017,0,0,-0.246211,-78.491118,PICHINCHA,QUITO,QUITO,URBANA,2017-06-21,17:30:00,17,MIERCOLES,3,JUNIO,6,NO,"CONDUCIR DESATENTO A LAS CONDICIONES DE TRANSITO (CELULAR, PANTALLAS DE VIDEO, COMIDA, MAQUILLAJE O CUALQUIER OTRO ELEMENTO DISTRACTOR).",ESTRELLAMIENTOS,AUTOMOVIL,1,0,0,0,0,0,0,0,0,0,0,0,0,1,-1,NO IDENTIFICADO,NO IDENTIFICADO,CONDUCTOR AUSENTE,NO,NO,2
4442,13636,13637,2017,0,0,-0.322133,-78.549879,PICHINCHA,QUITO,QUITO,URBANA,2017-06-21,19:10:00,19,MIERCOLES,3,JUNIO,6,NO,NO MANTENER LA DISTANCIA PRUDENCIAL CON RESPECTO AL VEHICULO QUE LE ANTECEDE.,CHOQUE POSTERIOR,BUS,1,0,1,0,0,0,0,0,0,0,0,0,0,2,25,HOMBRE,ILESO,CONDUCTOR PRESENTE,NO,NO,0
4443,13638,13639,2017,0,0,-0.154035,-78.469653,PICHINCHA,QUITO,QUITO,URBANA,2017-06-21,19:20:00,19,MIERCOLES,3,JUNIO,6,NO,"CONDUCIR DESATENTO A LAS CONDICIONES DE TRANSITO (CELULAR, PANTALLAS DE VIDEO, COMIDA, MAQUILLAJE O CUALQUIER OTRO ELEMENTO DISTRACTOR).",ESTRELLAMIENTOS,AUTOMOVIL,1,0,0,0,0,0,0,0,0,1,0,0,0,2,59,HOMBRE,ILESO,CONDUCTOR PRESENTE,NO,NO,0