,Unnamed: 0,ID,ANIO,LESIONADOS,FALLECIDOS,LATITUD_Y,LONGITUD_X,PROVINCIA,CANTON,PARROQUIA,ZONA,FECHA,HORA,PERIODO_2,DIA_1,DIA_2,MES_1,MES_2,FERIADO,CAUSA_PROBABLE,TIPO_DE_SINIESTRO,TIPO_DE_VEHICULO_1,AUTOMOVIL,BICICLETA,BUS,CAMION,CAMIONETA,EMERGENCIAS,ESPECIAL,FURGONETA,MOTOCICLETA,NO_IDENTIFICADO,SCOOTER_ELECTRICO,TRICIMOTO,VEHICULO_DEPORTIVO_UTILITARIO,SUMA_DE_VEHICULOS,EDAD_1,SEXO_1,CONDICION_1,PARTICIPANTE_1,CASCO_1,CINTURON_1,KMeans_Cluster
4501,13839,13840,2017,1,0,-0.162346,-78.485742,PICHINCHA,QUITO,QUITO,URBANA,2017-06-24,08:25:00,8,SABADO,6,JUNIO,6,NO,NO CEDER EL DERECHO DE VIA O PREFERENCIA DE PASO AL PEATON.,ATROPELLOS,NO IDENTIFICADO,0,0,0,0,0,0,0,0,0,1,0,0,0,1,49,HOMBRE,LESIONADO,PEATON,NO,NO,0
4502,13840,13841,2017,2,0,-0.118871,-78.473142,PICHINCHA,QUITO,QUITO,URBANA,2017-06-24,09:00:00,9,SABADO,6,JUNIO,6,NO,"NO RESPETAR LAS SENIALES REGLAMENTARIAS DE TRANSITO. (PARE, CEDA EL PASO, LUZ ROJA DEL SEMAFORO, ETC).",CHOQUE LATERAL,CAMIONETA,1,0,0,0,1,0,0,0,0,0,0,0,0,2,31,MUJER,LESIONADO,PASAJERO,NO,NO,0
4503,13843,13844,2017,1,0,-0.246106,-78.520731,PICHINCHA,QUITO,QUITO,URBANA,2017-06-24,09:50:00,9,SABADO,6,JUNIO,6,NO,"CONDUCIR DESATENTO A LAS CONDICIONES DE TRANSITO (CELULAR, PANTALLAS DE VIDEO, COMIDA, MAQUILLAJE O CUALQUIER OTRO ELEMENTO DISTRACTOR).",CAIDA DE PASAJERO,BUS,0,0,1,0,0,0,0,0,0,0,0,0,0,1,37,MUJER,LESIONADO,PASAJERO,NO,NO,0
4504,13844,13845,2017,0,0,-0.157651,-78.480056,PICHINCHA,QUITO,QUITO,URBANA,2017-06-24,10:10:00,10,SABADO,6,JUNIO,6,NO,"NO RESPETAR LAS SENIALES REGLAMENTARIAS DE TRANSITO. (PARE, CEDA EL PASO, LUZ ROJA DEL SEMAFORO, ETC).",CHOQUE LATERAL,AUTOMOVIL,2,0,0,0,0,0,0,0,0,0,0,0,0,2,31,HOMBRE,ILESO,CONDUCTOR PRESENTE,NO,NO,0
4505,13847,13848,2017,0,0,-0.218386,-78.512391,PICHINCHA,QUITO,QUITO,URBANA,2017-06-24,11:32:00,11,SABADO,6,JUNIO,6,NO,"NO RESPETAR LAS SENIALES REGLAMENTARIAS DE TRANSITO. (PARE, CEDA EL PASO, LUZ ROJA DEL SEMAFORO, ETC).",CHOQUE LATERAL,AUTOMOVIL,1,0,0,0,1,0,0,0,0,0,0,0,0,2,30,HOMBRE,ILESO,CONDUCTOR PRESENTE,NO,NO,0
4506,13848,13849,2017,0,0,-0.330076,-78.450947,PICHINCHA,RUMINIAHUI,SANGOLQUI,URBANA,2017-06-24,12:00:00,12,SABADO,6,JUNIO,6,NO,DANIOS MECANICOS PREVISIBLES.,PERDIDA DE PISTA,AUTOMOVIL,1,0,0,0,0,0,0,0,0,0,0,0,0,1,34,HOMBRE,ILESO,CONDUCTOR PRESENTE,NO,NO,0
4507,13849,13850,2017,1,0,-0.288411,-78.532193,PICHINCHA,QUITO,QUITO,URBANA,2017-06-24,12:00:00,12,SABADO,6,JUNIO,6,NO,NO CEDER EL DERECHO DE VIA O PREFERENCIA DE PASO AL PEATON.,ATROPELLOS,CAMIONETA,0,0,0,0,1,0,0,0,0,0,0,0,0,1,11,HOMBRE,LESIONADO,PEATON,NO,NO,0
4508,13850,13851,2017,0,1,-0.237736,-78.484325,PICHINCHA,QUITO,QUITO,URBANA,2017-06-24,12:18:00,12,SABADO,6,JUNIO,6,NO,CONDUCIR VEHICULO SUPERANDO LOS LIMITES MAXIMOS DE VELOCIDAD.,ESTRELLAMIENTOS,AUTOMOVIL,1,0,0,0,0,0,0,0,0,0,0,0,0,1,20,MUJER,FALLECIDO,CONDUCTOR PRESENTE,NO,NO,0
4509,13851,13852,2017,1,0,-0.141342,-78.509251,PICHINCHA,QUITO,QUITO,URBANA,2017-06-24,12:30:00,12,SABADO,6,JUNIO,6,NO,"NO RESPETAR LAS SENIALES REGLAMENTARIAS DE TRANSITO. (PARE, CEDA EL PASO, LUZ ROJA DEL SEMAFORO, ETC).",ATROPELLOS,NO IDENTIFICADO,0,0,0,0,0,0,0,0,0,1,0,0,0,1,60,HOMBRE,LESIONADO,PEATON,NO,NO,0
4510,13852,13853,2017,0,0,-0.186819,-78.495675,PICHINCHA,QUITO,QUITO,URBANA,2017-06-24,13:15:00,13,SABADO,6,JUNIO,6,NO,REALIZAR CAMBIO BRUSCO O INDEBIDO DE CARRIL.,PERDIDA DE PISTA,MOTOCICLETA,0,0,0,0,0,0,0,0,1,0,0,0,0,1,22,HOMBRE,ILESO,CONDUCTOR PRESENTE,NO,NO,0
4511,13853,13854,2017,0,0,-0.234341,-78.523828,PICHINCHA,QUITO,QUITO,URBANA,2017-06-24,13:20:00,13,SABADO,6,JUNIO,6,NO,NO CEDER EL DERECHO DE VIA O PREFERENCIA DE PASO A VEHICULOS.,CHOQUE LATERAL,MOTOCICLETA,0,0,0,0,0,0,0,0,1,1,0,0,0,2,36,HOMBRE,ILESO,CONDUCTOR PRESENTE,NO,NO,0
4512,13861,13862,2017,4,0,-0.295476,-78.550931,PICHINCHA,QUITO,QUITO,URBANA,2017-06-24,16:00:00,16,SABADO,6,JUNIO,6,NO,CONDUCIR VEHICULO SUPERANDO LOS LIMITES MAXIMOS DE VELOCIDAD.,ESTRELLAMIENTOS,VEHICULO DEPORTIVO UTILITARIO,0,0,0,0,0,0,0,0,0,0,0,0,1,1,43,MUJER,LESIONADO,CONDUCTOR PRESENTE,NO,NO,0
4513,13864,13865,2017,0,0,-0.176591,-78.481028,PICHINCHA,QUITO,QUITO,URBANA,2017-06-24,17:19:00,17,SABADO,6,JUNIO,6,NO,NO MANTENER LA DISTANCIA PRUDENCIAL CON RESPECTO AL VEHICULO QUE LE ANTECEDE.,CHOQUE POSTERIOR,AUTOMOVIL,1,0,0,0,0,0,0,0,0,1,0,0,0,2,35,MUJER,ILESO,CONDUCTOR PRESENTE,NO,NO,0
4514,13867,13868,2017,1,0,-0.115697,-78.494415,PICHINCHA,QUITO,QUITO,URBANA,2017-06-24,17:55:00,17,SABADO,6,JUNIO,6,NO,NO TRANSITAR POR LAS ACERAS O ZONAS DE SEGURIDAD DESTINADAS PARA EL EFECTO.,ATROPELLOS,CAMIONETA,0,0,0,0,1,0,0,0,0,0,0,0,0,1,3,HOMBRE,LESIONADO,PEATON,NO,NO,0
4515,13870,13871,2017,0,0,-0.113421,-78.447813,PICHINCHA,QUITO,CALDERON (CARAPUNGO),RURAL,2017-06-24,18:45:00,18,SABADO,6,JUNIO,6,NO,NO GUARDAR LA DISTANCIA LATERAL MINIMA DE SEGURIDAD ENTRE VEHICULOS.,ROZAMIENTOS,VEHICULO DEPORTIVO UTILITARIO,1,0,0,0,0,0,0,0,0,0,0,0,1,2,35,HOMBRE,ILESO,CONDUCTOR PRESENTE,NO,NO,3
4516,13873,13874,2017,2,0,-0.085244,-78.468184,PICHINCHA,QUITO,QUITO,URBANA,2017-06-24,21:00:00,21,SABADO,6,JUNIO,6,NO,"CONDUCE BAJO LA INFLUENCIA DE ALCOHOL, SUSTANCIAS ESTUPEFACIENTES O PSICOTROPICAS Y/O MEDICAMENTOS.",CHOQUE LATERAL,MOTOCICLETA,1,0,0,0,0,0,0,0,1,0,0,0,0,2,26,HOMBRE,LESIONADO,CONDUCTOR PRESENTE,NO,NO,0
4517,13875,13876,2017,0,1,-0.441641,-78.555147,PICHINCHA,MEJIA,ALOAG,RURAL,2017-06-24,21:25:00,21,SABADO,6,JUNIO,6,NO,NO MANTENER LA DISTANCIA PRUDENCIAL CON RESPECTO AL VEHICULO QUE LE ANTECEDE.,ATROPELLOS,NO IDENTIFICADO,0,0,0,0,0,0,0,0,0,1,0,0,0,1,19,HOMBRE,FALLECIDO,PEATON,NO,NO,3
4518,13877,13878,2017,1,0,-0.501448,-78.572635,PICHINCHA,MEJIA,MACHACHI,RURAL,2017-06-24,22:15:00,22,SABADO,6,JUNIO,6,NO,"CONDUCIR DESATENTO A LAS CONDICIONES DE TRANSITO (CELULAR, PANTALLAS DE VIDEO, COMIDA, MAQUILLAJE O CUALQUIER OTRO ELEMENTO DISTRACTOR).",ATROPELLOS,NO IDENTIFICADO,0,0,0,0,0,0,0,0,0,1,0,0,0,1,33,HOMBRE,LESIONADO,PEATON,NO,NO,3
4519,13878,13879,2017,1,0,-0.233482,-78.513925,PICHINCHA,QUITO,QUITO,URBANA,2017-06-24,22:40:00,22,SABADO,6,JUNIO,6,NO,"CONDUCIR EN ESTADO DE SOMNOLENCIA O MALAS CONDICIONES FISICAS (SUENIO, CANSANCIO Y FATIGA).",ESTRELLAMIENTOS,AUTOMOVIL,1,0,0,0,0,0,0,0,0,0,0,0,0,1,49,HOMBRE,LESIONADO,CONDUCTOR PRESENTE,NO,NO,0
4520,13879,13880,2017,1,0,-0.211842,-78.388507,PICHINCHA,QUITO,TUMBACO,RURAL,2017-06-24,23:00:00,23,SABADO,6,JUNIO,6,NO,CONDUCIR VEHICULO SUPERANDO LOS LIMITES MAXIMOS DE VELOCIDAD.,ESTRELLAMIENTOS,AUTOMOVIL,1,0,0,0,0,0,0,0,0,0,0,0,0,1,37,HOMBRE,LESIONADO,CONDUCTOR PRESENTE,NO,NO,3
4521,13902,13903,2017,0,0,-0.197813,-78.466483,PICHINCHA,QUITO,QUITO,URBANA,2017-06-25,00:05:00,0,DOMINGO,7,JUNIO,6,NO,"CONDUCIR EN ESTADO DE SOMNOLENCIA O MALAS CONDICIONES FISICAS (SUENIO, CANSANCIO Y FATIGA).",ESTRELLAMIENTOS,VEHICULO DEPORTIVO UTILITARIO,0,0,0,0,0,0,0,0,0,0,0,0,1,1,-1,NO IDENTIFICADO,NO IDENTIFICADO,CONDUCTOR AUSENTE,NO,NO,2
4522,13903,13904,2017,1,0,-0.048825,-78.342553,PICHINCHA,QUITO,GUAYLLABAMBA,RURAL,2017-06-25,00:45:00,0,DOMINGO,7,JUNIO,6,NO,CONDUCIR VEHICULO SUPERANDO LOS LIMITES MAXIMOS DE VELOCIDAD.,PERDIDA DE PISTA,CAMION,0,0,0,1,0,0,0,0,0,0,0,0,0,1,27,HOMBRE,LESIONADO,PASAJERO,NO,NO,3
4523,13904,13905,2017,0,0,-0.207888,-78.497277,PICHINCHA,QUITO,QUITO,URBANA,2017-06-25,01:00:00,1,DOMINGO,7,JUNIO,6,NO,"CONDUCE BAJO LA INFLUENCIA DE ALCOHOL, SUSTANCIAS ESTUPEFACIENTES O PSICOTROPICAS Y/O MEDICAMENTOS.",COLISION,VEHICULO DEPORTIVO UTILITARIO,3,0,0,0,0,0,0,0,0,0,0,0,1,4,37,HOMBRE,ILESO,CONDUCTOR PRESENTE,NO,NO,0
4524,13907,13908,2017,0,0,-0.300791,-78.458018,PICHINCHA,RUMINIAHUI,SANGOLQUI,URBANA,2017-06-25,01:40:00,1,DOMINGO,7,JUNIO,6,NO,NO MANTENER LA DISTANCIA PRUDENCIAL CON RESPECTO AL VEHICULO QUE LE ANTECEDE.,COLISION,ESPECIAL,0,0,0,1,0,0,1,0,0,0,0,0,1,3,53,HOMBRE,ILESO,CONDUCTOR PRESENTE,NO,NO,0
4525,13912,13913,2017,0,0,-0.214276,-78.442661,PICHINCHA,QUITO,CUMBAYA,RURAL,2017-06-25,02:40:00,2,DOMINGO,7,JUNIO,6,NO,"CONDUCIR EN ESTADO DE SOMNOLENCIA O MALAS CONDICIONES FISICAS (SUENIO, CANSANCIO Y FATIGA).",ESTRELLAMIENTOS,CAMIONETA,0,0,0,0,1,0,0,0,0,0,0,0,0,1,43,HOMBRE,ILESO,CONDUCTOR PRESENTE,NO,NO,3
4526,13913,13914,2017,0,0,-0.300202,-78.460415,PICHINCHA,RUMINIAHUI,SANGOLQUI,URBANA,2017-06-25,02:45:00,2,DOMINGO,7,JUNIO,6,NO,CONDUCIR VEHICULO SUPERANDO LOS LIMITES MAXIMOS DE VELOCIDAD.,ESTRELLAMIENTOS,VEHICULO DEPORTIVO UTILITARIO,0,0,0,0,0,0,0,0,0,0,0,0,1,1,-1,NO IDENTIFICADO,NO IDENTIFICADO,CONDUCTOR AUSENTE,NO,NO,2
4527,13918,13919,2017,0,0,-0.131553,-78.469171,PICHINCHA,QUITO,QUITO,URBANA,2017-06-25,03:30:00,3,DOMINGO,7,JUNIO,6,NO,"CONDUCIR EN ESTADO DE SOMNOLENCIA O MALAS CONDICIONES FISICAS (SUENIO, CANSANCIO Y FATIGA).",ESTRELLAMIENTOS,AUTOMOVIL,1,0,0,0,0,0,0,0,0,0,0,0,0,1,-1,NO IDENTIFICADO,NO IDENTIFICADO,CONDUCTOR AUSENTE,NO,NO,2
4528,13930,13931,2017,1,0,-0.015204,-78.319401,PICHINCHA,PEDRO MONCAYO,TOCACHI,RURAL,2017-06-25,05:40:00,5,DOMINGO,7,JUNIO,6,NO,"CONDUCE BAJO LA INFLUENCIA DE ALCOHOL, SUSTANCIAS ESTUPEFACIENTES O PSICOTROPICAS Y/O MEDICAMENTOS.",COLISION,AUTOMOVIL,2,0,0,0,1,0,0,0,0,0,0,0,0,3,28,HOMBRE,LESIONADO,PASAJERO,NO,NO,3
4529,13935,13936,2017,2,0,-0.321391,-78.371731,PICHINCHA,QUITO,LA MERCED,RURAL,2017-06-25,06:45:00,6,DOMINGO,7,JUNIO,6,NO,CONDUCIR VEHICULO SUPERANDO LOS LIMITES MAXIMOS DE VELOCIDAD.,VOLCAMIENTOS,AUTOMOVIL,1,0,0,0,0,0,0,0,0,0,0,0,0,1,41,MUJER,LESIONADO,PASAJERO,NO,NO,3
4530,13938,13939,2017,0,0,-0.107199,-78.461842,PICHINCHA,QUITO,QUITO,RURAL,2017-06-25,07:35:00,7,DOMINGO,7,JUNIO,6,NO,"CONDUCIR DESATENTO A LAS CONDICIONES DE TRANSITO (CELULAR, PANTALLAS DE VIDEO, COMIDA, MAQUILLAJE O CUALQUIER OTRO ELEMENTO DISTRACTOR).",ESTRELLAMIENTOS,FURGONETA,0,0,0,0,0,0,0,1,0,0,0,0,0,1,-1,NO IDENTIFICADO,NO IDENTIFICADO,CONDUCTOR AUSENTE,NO,NO,2
4531,13939,13940,2017,2,0,-0.230673,-78.510201,PICHINCHA,QUITO,QUITO,URBANA,2017-06-25,08:25:00,8,DOMINGO,7,JUNIO,6,NO,NO MANTENER LA DISTANCIA PRUDENCIAL CON RESPECTO AL VEHICULO QUE LE ANTECEDE.,CHOQUE POSTERIOR,AUTOMOVIL,1,0,0,0,0,0,0,0,1,0,0,0,0,2,22,HOMBRE,LESIONADO,PASAJERO,NO,NO,0
4532,13940,13941,2017,0,0,-0.294427,-78.476892,PICHINCHA,QUITO,CONOCOTO,RURAL,2017-06-25,08:35:00,8,DOMINGO,7,JUNIO,6,NO,"NO RESPETAR LAS SENIALES REGLAMENTARIAS DE TRANSITO. (PARE, CEDA EL PASO, LUZ ROJA DEL SEMAFORO, ETC).",CHOQUE LATERAL,FURGONETA,1,0,0,0,0,0,0,1,0,0,0,0,0,2,60,MUJER,ILESO,CONDUCTOR PRESENTE,NO,NO,3
4533,13943,13944,2017,1,0,-0.277645,-78.557638,PICHINCHA,QUITO,QUITO,URBANA,2017-06-25,10:58:00,10,DOMINGO,7,JUNIO,6,NO,"CONDUCIR DESATENTO A LAS CONDICIONES DE TRANSITO (CELULAR, PANTALLAS DE VIDEO, COMIDA, MAQUILLAJE O CUALQUIER OTRO ELEMENTO DISTRACTOR).",CHOQUE POSTERIOR,MOTOCICLETA,0,0,0,0,0,0,0,0,1,1,0,0,0,2,33,MUJER,LESIONADO,PASAJERO,NO,NO,0
4534,13946,13947,2017,0,0,-0.064124,-78.429709,PICHINCHA,QUITO,CALDERON (CARAPUNGO),RURAL,2017-06-25,13:00:00,13,DOMINGO,7,JUNIO,6,NO,"CONDUCE BAJO LA INFLUENCIA DE ALCOHOL, SUSTANCIAS ESTUPEFACIENTES O PSICOTROPICAS Y/O MEDICAMENTOS.",ESTRELLAMIENTOS,FURGONETA,1,0,0,0,0,0,0,1,0,0,0,0,0,2,21,HOMBRE,ILESO,CONDUCTOR PRESENTE,NO,NO,3
4535,13947,13948,2017,0,0,-0.289913,-78.537629,PICHINCHA,QUITO,QUITO,URBANA,2017-06-25,13:00:00,13,DOMINGO,7,JUNIO,6,NO,"NO RESPETAR LAS SENIALES REGLAMENTARIAS DE TRANSITO. (PARE, CEDA EL PASO, LUZ ROJA DEL SEMAFORO, ETC).",CHOQUE LATERAL,CAMION,1,0,0,1,0,0,0,0,0,0,0,0,0,2,59,HOMBRE,ILESO,CONDUCTOR PRESENTE,NO,NO,0
4536,13948,13949,2017,1,0,-0.139611,-78.473846,PICHINCHA,QUITO,QUITO,URBANA,2017-06-25,13:30:00,13,DOMINGO,7,JUNIO,6,NO,NO CEDER EL DERECHO DE VIA O PREFERENCIA DE PASO AL PEATON.,ATROPELLOS,MOTOCICLETA,0,0,0,0,0,0,0,0,1,0,0,0,0,1,50,HOMBRE,LESIONADO,PEATON,NO,NO,0
4537,13951,13952,2017,0,0,-0.256587,-78.516645,PICHINCHA,QUITO,QUITO,URBANA,2017-06-25,14:20:00,14,DOMINGO,7,JUNIO,6,NO,"CONDUCIR DESATENTO A LAS CONDICIONES DE TRANSITO (CELULAR, PANTALLAS DE VIDEO, COMIDA, MAQUILLAJE O CUALQUIER OTRO ELEMENTO DISTRACTOR).",ESTRELLAMIENTOS,CAMIONETA,0,0,0,0,2,0,0,0,0,0,0,0,0,2,-1,NO IDENTIFICADO,NO IDENTIFICADO,CONDUCTOR AUSENTE,NO,NO,2
4538,13956,13957,2017,1,0,-0.175107,-78.358155,PICHINCHA,QUITO,PUEMBO,RURAL,2017-06-25,16:38:00,16,DOMINGO,7,JUNIO,6,NO,NO MANTENER LA DISTANCIA PRUDENCIAL CON RESPECTO AL VEHICULO QUE LE ANTECEDE.,CHOQUE POSTERIOR,NO IDENTIFICADO,0,0,0,0,0,0,0,0,0,2,0,0,0,2,-1,MUJER,LESIONADO,PASAJERO,NO,NO,3
4539,13957,13958,2017,1,0,-0.167927,-78.371184,PICHINCHA,QUITO,PUEMBO,RURAL,2017-06-25,18:22:00,18,DOMINGO,7,JUNIO,6,NO,BAJARSE O SUBIRSE DE VEHICULOS EN MOVIMIENTO SIN TOMAR LAS PRECAUCIONES DEBIDAS.,CAIDA DE PASAJERO,BUS,0,0,1,0,0,0,0,0,0,0,0,0,0,1,36,MUJER,LESIONADO,CONDUCTOR PRESENTE,NO,NO,3
4540,13958,13959,2017,1,0,-0.318843,-78.547558,PICHINCHA,QUITO,QUITO,URBANA,2017-06-25,19:00:00,19,DOMINGO,7,JUNIO,6,NO,NO CEDER EL DERECHO DE VIA O PREFERENCIA DE PASO AL PEATON.,ATROPELLOS,NO IDENTIFICADO,0,0,0,0,0,0,0,0,0,1,0,0,0,1,34,MUJER,LESIONADO,PEATON,NO,NO,0
4541,13962,13963,2017,0,0,-0.354367,-78.551674,PICHINCHA,QUITO,QUITO,URBANA,2017-06-25,19:30:00,19,DOMINGO,7,JUNIO,6,NO,REALIZAR CAMBIO BRUSCO O INDEBIDO DE CARRIL.,ESTRELLAMIENTOS,AUTOMOVIL,1,0,0,0,0,0,0,0,0,1,0,0,0,2,50,HOMBRE,ILESO,CONDUCTOR PRESENTE,NO,NO,0
4542,13964,13965,2017,0,0,-0.167985,-78.479393,PICHINCHA,QUITO,QUITO,URBANA,2017-06-25,20:20:00,20,DOMINGO,7,JUNIO,6,NO,"CONDUCE BAJO LA INFLUENCIA DE ALCOHOL, SUSTANCIAS ESTUPEFACIENTES O PSICOTROPICAS Y/O MEDICAMENTOS.",ROZAMIENTOS,AUTOMOVIL,2,0,0,0,0,0,0,0,0,0,0,0,0,2,50,HOMBRE,ILESO,CONDUCTOR PRESENTE,NO,NO,0
4543,13966,13967,2017,0,0,-0.294301,-78.464289,PICHINCHA,QUITO,CONOCOTO,RURAL,2017-06-25,21:23:00,21,DOMINGO,7,JUNIO,6,NO,"PRESENCIA DE AGENTES EXTERNOS EN LA VIA (AGUA, ACEITE, PIEDRA, LASTRE, ESCOMBROS, MADEROS, ETC.).",ESTRELLAMIENTOS,AUTOMOVIL,1,0,0,0,0,0,0,0,0,1,0,0,0,2,35,HOMBRE,ILESO,CONDUCTOR PRESENTE,NO,NO,3
4544,13970,13971,2017,0,1,-0.287232,-78.439466,PICHINCHA,QUITO,ALANGASI,RURAL,2017-06-25,23:20:00,23,DOMINGO,7,JUNIO,6,NO,CONDUCIR VEHICULO SUPERANDO LOS LIMITES MAXIMOS DE VELOCIDAD.,PERDIDA DE PISTA,MOTOCICLETA,0,0,0,0,0,0,0,0,1,0,0,0,0,1,18,HOMBRE,FALLECIDO,CONDUCTOR PRESENTE,NO,NO,3
4545,14011,14012,2017,1,0,-0.292928,-78.484898,PICHINCHA,QUITO,CONOCOTO,URBANA,2017-06-26,04:50:00,4,LUNES,1,JUNIO,6,NO,"CONDUCIR EN ESTADO DE SOMNOLENCIA O MALAS CONDICIONES FISICAS (SUENIO, CANSANCIO Y FATIGA).",ESTRELLAMIENTOS,VEHICULO DEPORTIVO UTILITARIO,0,0,0,0,0,0,0,0,0,0,0,0,1,1,35,HOMBRE,LESIONADO,PASAJERO,NO,NO,0
4546,14012,14013,2017,0,1,-0.372271,-78.487435,PICHINCHA,QUITO,AMAGUANIA,RURAL,2017-06-26,05:21:00,5,LUNES,1,JUNIO,6,NO,NO CEDER EL DERECHO DE VIA O PREFERENCIA DE PASO AL PEATON.,ATROPELLOS,NO IDENTIFICADO,0,0,0,0,0,0,0,0,0,1,0,0,0,1,30,HOMBRE,FALLECIDO,PEATON,NO,NO,3
4547,14014,14015,2017,0,0,-0.094321,-78.437227,PICHINCHA,QUITO,CALDERON (CARAPUNGO),RURAL,2017-06-26,07:30:00,7,LUNES,1,JUNIO,6,NO,NO GUARDAR LA DISTANCIA LATERAL MINIMA DE SEGURIDAD ENTRE VEHICULOS.,ROZAMIENTOS,AUTOMOVIL,1,0,0,1,0,0,0,0,0,0,0,0,0,2,35,HOMBRE,ILESO,CONDUCTOR PRESENTE,NO,NO,3
4548,14015,14016,2017,0,0,-0.204592,-78.455985,PICHINCHA,QUITO,QUITO,RURAL,2017-06-26,07:55:00,7,LUNES,1,JUNIO,6,NO,NO MANTENER LA DISTANCIA PRUDENCIAL CON RESPECTO AL VEHICULO QUE LE ANTECEDE.,COLISION,AUTOMOVIL,3,0,0,0,0,0,0,0,0,0,0,0,0,3,31,MUJER,ILESO,CONDUCTOR PRESENTE,NO,NO,3
4549,14018,14019,2017,0,0,-0.203655,-78.500667,PICHINCHA,QUITO,QUITO,URBANA,2017-06-26,09:00:00,9,LUNES,1,JUNIO,6,NO,NO GUARDAR LA DISTANCIA LATERAL MINIMA DE SEGURIDAD ENTRE VEHICULOS.,ROZAMIENTOS,BUS,1,0,1,0,0,0,0,0,0,0,0,0,1,3,62,HOMBRE,ILESO,CONDUCTOR PRESENTE,NO,NO,0
4550,14020,14021,2017,0,0,-0.273707,-78.537301,PICHINCHA,QUITO,QUITO,URBANA,2017-06-26,10:15:00,10,LUNES,1,JUNIO,6,NO,NO MANTENER LA DISTANCIA PRUDENCIAL CON RESPECTO AL VEHICULO QUE LE ANTECEDE.,CHOQUE POSTERIOR,AUTOMOVIL,1,0,0,0,0,0,0,0,0,1,0,0,0,2,42,HOMBRE,ILESO,CONDUCTOR PRESENTE,NO,NO,0
4551,14021,14022,2017,1,0,-0.237117,-78.522067,PICHINCHA,QUITO,QUITO,URBANA,2017-06-26,10:50:00,10,LUNES,1,JUNIO,6,NO,"NO RESPETAR LAS SENIALES REGLAMENTARIAS DE TRANSITO. (PARE, CEDA EL PASO, LUZ ROJA DEL SEMAFORO, ETC).",CHOQUE LATERAL,MOTOCICLETA,1,0,0,0,0,0,0,0,1,0,0,0,0,2,58,HOMBRE,LESIONADO,CONDUCTOR PRESENTE,NO,NO,0
4552,14022,14023,2017,0,0,-0.318555,-78.549271,PICHINCHA,QUITO,QUITO,URBANA,2017-06-26,11:11:00,11,LUNES,1,JUNIO,6,NO,"NO RESPETAR LAS SENIALES REGLAMENTARIAS DE TRANSITO. (PARE, CEDA EL PASO, LUZ ROJA DEL SEMAFORO, ETC).",CHOQUE LATERAL,AUTOMOVIL,1,0,0,0,0,0,0,0,0,1,0,0,0,2,36,HOMBRE,ILESO,CONDUCTOR PRESENTE,NO,NO,0
4553,14023,14024,2017,0,0,-0.099361,-78.445236,PICHINCHA,QUITO,CALDERON (CARAPUNGO),RURAL,2017-06-26,11:49:00,11,LUNES,1,JUNIO,6,NO,NO MANTENER LA DISTANCIA PRUDENCIAL CON RESPECTO AL VEHICULO QUE LE ANTECEDE.,CHOQUE POSTERIOR,AUTOMOVIL,1,0,0,0,1,0,0,0,0,0,0,0,0,2,37,HOMBRE,ILESO,CONDUCTOR PRESENTE,NO,NO,3
4554,14024,14025,2017,0,0,-0.188854,-78.482785,PICHINCHA,QUITO,QUITO,URBANA,2017-06-26,12:06:00,12,LUNES,1,JUNIO,6,NO,NO MANTENER LA DISTANCIA PRUDENCIAL CON RESPECTO AL VEHICULO QUE LE ANTECEDE.,CHOQUE POSTERIOR,AUTOMOVIL,1,1,0,0,0,0,0,0,0,0,0,0,0,2,40,HOMBRE,ILESO,CONDUCTOR PRESENTE,NO,NO,0
4555,14029,14030,2017,0,0,-0.247813,-78.507398,PICHINCHA,QUITO,QUITO,URBANA,2017-06-26,14:20:00,14,LUNES,1,JUNIO,6,NO,NO MANTENER LA DISTANCIA PRUDENCIAL CON RESPECTO AL VEHICULO QUE LE ANTECEDE.,CHOQUE POSTERIOR,AUTOMOVIL,2,0,0,0,0,0,0,0,0,0,0,0,0,2,29,HOMBRE,ILESO,CONDUCTOR PRESENTE,NO,NO,0
4556,14030,14031,2017,0,0,-0.189757,-78.488828,PICHINCHA,QUITO,QUITO,URBANA,2017-06-26,14:25:00,14,LUNES,1,JUNIO,6,NO,"CONDUCIR DESATENTO A LAS CONDICIONES DE TRANSITO (CELULAR, PANTALLAS DE VIDEO, COMIDA, MAQUILLAJE O CUALQUIER OTRO ELEMENTO DISTRACTOR).",ESTRELLAMIENTOS,VEHICULO DEPORTIVO UTILITARIO,0,0,0,0,0,0,0,0,0,1,0,0,1,2,29,HOMBRE,ILESO,CONDUCTOR PRESENTE,NO,NO,0
4557,14031,14032,2017,1,0,-0.241713,-78.532411,PICHINCHA,QUITO,QUITO,URBANA,2017-06-26,15:40:00,15,LUNES,1,JUNIO,6,NO,"NO RESPETAR LAS SENIALES REGLAMENTARIAS DE TRANSITO. (PARE, CEDA EL PASO, LUZ ROJA DEL SEMAFORO, ETC).",CHOQUE LATERAL,BUS,0,0,1,0,0,0,0,0,1,0,0,0,0,2,41,HOMBRE,LESIONADO,CONDUCTOR PRESENTE,NO,NO,0
4558,14034,14035,2017,0,0,-0.170391,-78.484726,PICHINCHA,QUITO,QUITO,URBANA,2017-06-26,16:00:00,16,LUNES,1,JUNIO,6,NO,NO GUARDAR LA DISTANCIA LATERAL MINIMA DE SEGURIDAD ENTRE VEHICULOS.,ROZAMIENTOS,VEHICULO DEPORTIVO UTILITARIO,0,0,1,0,0,0,0,0,0,0,0,0,1,2,52,HOMBRE,ILESO,CONDUCTOR PRESENTE,NO,NO,0