,Unnamed: 0,ID,ANIO,LESIONADOS,FALLECIDOS,LATITUD_Y,LONGITUD_X,PROVINCIA,CANTON,PARROQUIA,ZONA,FECHA,HORA,PERIODO_2,DIA_1,DIA_2,MES_1,MES_2,FERIADO,CAUSA_PROBABLE,TIPO_DE_SINIESTRO,TIPO_DE_VEHICULO_1,AUTOMOVIL,BICICLETA,BUS,CAMION,CAMIONETA,EMERGENCIAS,ESPECIAL,FURGONETA,MOTOCICLETA,NO_IDENTIFICADO,SCOOTER_ELECTRICO,TRICIMOTO,VEHICULO_DEPORTIVO_UTILITARIO,SUMA_DE_VEHICULOS,EDAD_1,SEXO_1,CONDICION_1,PARTICIPANTE_1,CASCO_1,CINTURON_1,KMeans_Cluster
4559,14036,14037,2017,0,0,-0.199767,-78.428809,PICHINCHA,QUITO,CUMBAYA,RURAL,2017-06-26,17:00:00,17,LUNES,1,JUNIO,6,NO,NO GUARDAR LA DISTANCIA LATERAL MINIMA DE SEGURIDAD ENTRE VEHICULOS.,ROZAMIENTOS,BUS,1,0,1,0,0,0,0,0,0,0,0,0,0,2,33,HOMBRE,ILESO,CONDUCTOR PRESENTE,NO,NO,3
4560,14037,14038,2017,0,0,-0.198111,-78.495988,PICHINCHA,QUITO,QUITO,URBANA,2017-06-26,17:28:00,17,LUNES,1,JUNIO,6,NO,NO GUARDAR LA DISTANCIA LATERAL MINIMA DE SEGURIDAD ENTRE VEHICULOS.,ROZAMIENTOS,AUTOMOVIL,1,0,0,0,0,0,0,0,1,0,0,0,0,2,27,HOMBRE,ILESO,CONDUCTOR PRESENTE,NO,NO,0
4561,14038,14039,2017,1,0,-0.176075,-78.485021,PICHINCHA,QUITO,QUITO,URBANA,2017-06-26,17:30:00,17,LUNES,1,JUNIO,6,NO,NO GUARDAR LA DISTANCIA LATERAL MINIMA DE SEGURIDAD ENTRE VEHICULOS.,ROZAMIENTOS,BICICLETA,0,1,1,0,0,0,0,0,0,0,0,0,0,2,34,HOMBRE,LESIONADO,CONDUCTOR PRESENTE,NO,NO,0
4562,14039,14040,2017,1,0,-0.203996,-78.376954,PICHINCHA,QUITO,TUMBACO,RURAL,2017-06-26,18:05:00,18,LUNES,1,JUNIO,6,NO,NO TRANSITAR POR LAS ACERAS O ZONAS DE SEGURIDAD DESTINADAS PARA EL EFECTO.,ATROPELLOS,NO IDENTIFICADO,0,0,0,0,0,0,0,0,0,1,0,0,0,1,21,HOMBRE,LESIONADO,PEATON,NO,NO,3
4563,14040,14041,2017,0,0,-0.260622,-78.546342,PICHINCHA,QUITO,QUITO,URBANA,2017-06-26,18:37:00,18,LUNES,1,JUNIO,6,NO,NO MANTENER LA DISTANCIA PRUDENCIAL CON RESPECTO AL VEHICULO QUE LE ANTECEDE.,CHOQUE POSTERIOR,AUTOMOVIL,2,0,0,0,0,0,0,0,0,0,0,0,0,2,58,MUJER,ILESO,CONDUCTOR PRESENTE,NO,NO,0
4564,14041,14042,2017,1,0,-0.234469,-78.445152,PICHINCHA,QUITO,CUMBAYA,URBANA,2017-06-26,19:00:00,19,LUNES,1,JUNIO,6,NO,NO CEDER EL DERECHO DE VIA O PREFERENCIA DE PASO AL PEATON.,ATROPELLOS,NO IDENTIFICADO,0,0,0,0,0,0,0,0,0,1,0,0,0,1,8,HOMBRE,LESIONADO,PEATON,NO,NO,0
4565,14042,14043,2017,1,0,-0.303763,-78.542644,PICHINCHA,QUITO,QUITO,URBANA,2017-06-26,19:00:00,19,LUNES,1,JUNIO,6,NO,NO GUARDAR LA DISTANCIA LATERAL MINIMA DE SEGURIDAD ENTRE VEHICULOS.,ROZAMIENTOS,MOTOCICLETA,0,0,0,0,0,0,0,0,1,1,0,0,0,2,27,HOMBRE,LESIONADO,CONDUCTOR PRESENTE,NO,NO,0
4566,14043,14044,2017,0,0,-0.220041,-78.511475,PICHINCHA,QUITO,QUITO,URBANA,2017-06-26,19:05:00,19,LUNES,1,JUNIO,6,NO,DEJAR O RECOGER PASAJEROS EN LUGARES NO PERMITIDOS.,CAIDA DE PASAJERO,AUTOMOVIL,1,0,0,0,0,0,0,0,0,0,0,0,0,1,50,MUJER,ILESO,CONDUCTOR PRESENTE,NO,NO,0
4567,14047,14048,2017,0,0,-0.182196,-78.490084,PICHINCHA,QUITO,QUITO,URBANA,2017-06-26,21:16:00,21,LUNES,1,JUNIO,6,NO,"CONDUCIR EN ESTADO DE SOMNOLENCIA O MALAS CONDICIONES FISICAS (SUENIO, CANSANCIO Y FATIGA).",VOLCAMIENTOS,CAMIONETA,0,0,0,0,1,0,0,0,0,0,0,0,0,1,-1,NO IDENTIFICADO,NO IDENTIFICADO,CONDUCTOR AUSENTE,NO,NO,2
4568,14050,14051,2017,1,0,-0.298771,-78.547256,PICHINCHA,QUITO,QUITO,URBANA,2017-06-26,21:50:00,21,LUNES,1,JUNIO,6,NO,NO CEDER EL DERECHO DE VIA O PREFERENCIA DE PASO A VEHICULOS.,CHOQUE LATERAL,AUTOMOVIL,2,0,0,0,0,0,0,0,0,0,0,0,0,2,47,HOMBRE,LESIONADO,PASAJERO,NO,NO,0
4569,14052,14053,2017,0,0,-0.224455,-78.337201,PICHINCHA,QUITO,PIFO,RURAL,2017-06-26,22:15:00,22,LUNES,1,JUNIO,6,NO,"CONDUCIR EN ESTADO DE SOMNOLENCIA O MALAS CONDICIONES FISICAS (SUENIO, CANSANCIO Y FATIGA).",ESTRELLAMIENTOS,VEHICULO DEPORTIVO UTILITARIO,0,0,0,0,1,0,0,0,0,0,0,0,1,2,20,HOMBRE,ILESO,CONDUCTOR PRESENTE,NO,NO,3
4570,14054,14055,2017,0,0,-0.294554,-78.451493,PICHINCHA,QUITO,ALANGASI,RURAL,2017-06-26,22:45:00,22,LUNES,1,JUNIO,6,NO,"NO RESPETAR LAS SENIALES REGLAMENTARIAS DE TRANSITO. (PARE, CEDA EL PASO, LUZ ROJA DEL SEMAFORO, ETC).",CHOQUE LATERAL,AUTOMOVIL,1,0,0,0,0,0,0,0,0,0,0,0,1,2,22,HOMBRE,ILESO,CONDUCTOR PRESENTE,NO,NO,3
4571,14075,14076,2017,0,0,-0.196047,-78.466538,PICHINCHA,QUITO,QUITO,RURAL,2017-06-27,03:12:00,3,MARTES,2,JUNIO,6,NO,"CONDUCIR EN ESTADO DE SOMNOLENCIA O MALAS CONDICIONES FISICAS (SUENIO, CANSANCIO Y FATIGA).",PERDIDA DE PISTA,CAMION,0,0,0,1,0,0,0,0,0,0,0,0,0,1,62,HOMBRE,ILESO,CONDUCTOR PRESENTE,NO,NO,3
4572,14077,14078,2017,0,0,-0.291512,-78.523327,PICHINCHA,QUITO,QUITO,URBANA,2017-06-27,06:20:00,6,MARTES,2,JUNIO,6,NO,"CONDUCIR DESATENTO A LAS CONDICIONES DE TRANSITO (CELULAR, PANTALLAS DE VIDEO, COMIDA, MAQUILLAJE O CUALQUIER OTRO ELEMENTO DISTRACTOR).",ESTRELLAMIENTOS,NO IDENTIFICADO,0,0,0,0,0,0,0,0,0,1,0,0,0,1,-1,NO IDENTIFICADO,NO IDENTIFICADO,CONDUCTOR AUSENTE,NO,NO,2
4573,14078,14079,2017,0,0,-0.292005,-78.476511,PICHINCHA,QUITO,CONOCOTO,RURAL,2017-06-27,06:47:00,6,MARTES,2,JUNIO,6,NO,"NO RESPETAR LAS SENIALES REGLAMENTARIAS DE TRANSITO. (PARE, CEDA EL PASO, LUZ ROJA DEL SEMAFORO, ETC).",CHOQUE LATERAL,FURGONETA,1,0,0,0,0,0,0,1,0,0,0,0,0,2,34,MUJER,ILESO,CONDUCTOR PRESENTE,NO,NO,3
4574,14080,14081,2017,0,0,-0.137151,-78.499273,PICHINCHA,QUITO,QUITO,URBANA,2017-06-27,07:20:00,7,MARTES,2,JUNIO,6,NO,"NO RESPETAR LAS SENIALES REGLAMENTARIAS DE TRANSITO. (PARE, CEDA EL PASO, LUZ ROJA DEL SEMAFORO, ETC).",CHOQUE LATERAL,AUTOMOVIL,1,0,0,0,1,0,0,0,0,0,0,0,0,2,41,MUJER,ILESO,CONDUCTOR PRESENTE,NO,NO,0
4575,14081,14082,2017,1,0,-0.065703,-78.463248,PICHINCHA,QUITO,POMASQUI,URBANA,2017-06-27,07:30:00,7,MARTES,2,JUNIO,6,NO,CONDUCIR VEHICULO SUPERANDO LOS LIMITES MAXIMOS DE VELOCIDAD.,ESTRELLAMIENTOS,MOTOCICLETA,0,0,0,1,0,0,0,0,1,0,0,0,0,2,43,HOMBRE,LESIONADO,CONDUCTOR PRESENTE,NO,NO,0
4576,14085,14086,2017,0,0,-0.180331,-78.487931,PICHINCHA,QUITO,QUITO,URBANA,2017-06-27,09:53:00,9,MARTES,2,JUNIO,6,NO,NO CEDER EL DERECHO DE VIA O PREFERENCIA DE PASO A VEHICULOS.,CHOQUE LATERAL,AUTOMOVIL,2,0,0,0,0,0,0,0,0,0,0,0,0,2,48,HOMBRE,ILESO,CONDUCTOR PRESENTE,NO,NO,0
4577,14087,14088,2017,0,0,-0.229421,-78.512614,PICHINCHA,QUITO,QUITO,URBANA,2017-06-27,10:00:00,10,MARTES,2,JUNIO,6,NO,"NO RESPETAR LAS SENIALES REGLAMENTARIAS DE TRANSITO. (PARE, CEDA EL PASO, LUZ ROJA DEL SEMAFORO, ETC).",CHOQUE LATERAL,CAMIONETA,1,0,0,0,1,0,0,0,0,0,0,0,0,2,35,HOMBRE,ILESO,CONDUCTOR PRESENTE,NO,NO,0
4578,14089,14090,2017,0,0,-0.100481,-78.470028,PICHINCHA,QUITO,QUITO,URBANA,2017-06-27,11:40:00,11,MARTES,2,JUNIO,6,NO,NO CEDER EL DERECHO DE VIA O PREFERENCIA DE PASO AL PEATON.,ATROPELLOS,BUS,0,0,1,0,0,0,0,0,0,0,0,0,0,1,66,HOMBRE,ILESO,CONDUCTOR PRESENTE,NO,NO,0
4579,14090,14091,2017,0,0,-0.202065,-78.497811,PICHINCHA,QUITO,QUITO,URBANA,2017-06-27,11:45:00,11,MARTES,2,JUNIO,6,NO,"CONDUCIR DESATENTO A LAS CONDICIONES DE TRANSITO (CELULAR, PANTALLAS DE VIDEO, COMIDA, MAQUILLAJE O CUALQUIER OTRO ELEMENTO DISTRACTOR).",ESTRELLAMIENTOS,MOTOCICLETA,0,0,0,0,0,0,0,0,1,1,0,0,0,2,-1,NO IDENTIFICADO,NO IDENTIFICADO,CONDUCTOR AUSENTE,NO,NO,2
4580,14093,14094,2017,0,0,-0.232146,-78.494303,PICHINCHA,QUITO,QUITO,URBANA,2017-06-27,13:00:00,13,MARTES,2,JUNIO,6,NO,NO GUARDAR LA DISTANCIA LATERAL MINIMA DE SEGURIDAD ENTRE VEHICULOS.,ROZAMIENTOS,CAMIONETA,0,0,0,0,1,0,0,0,0,1,0,0,0,2,23,MUJER,ILESO,CONDUCTOR PRESENTE,NO,NO,0
4581,14096,14097,2017,1,0,-0.165977,-78.468635,PICHINCHA,QUITO,QUITO,URBANA,2017-06-27,14:55:00,14,MARTES,2,JUNIO,6,NO,"NO RESPETAR LAS SENIALES REGLAMENTARIAS DE TRANSITO. (PARE, CEDA EL PASO, LUZ ROJA DEL SEMAFORO, ETC).",ARROLLAMIENTOS,VEHICULO DEPORTIVO UTILITARIO,0,0,0,0,0,0,0,0,0,0,0,0,1,1,25,MUJER,LESIONADO,PEATON,NO,NO,0
4582,14097,14098,2017,1,0,-0.282369,-78.561091,PICHINCHA,QUITO,QUITO,URBANA,2017-06-27,15:00:00,15,MARTES,2,JUNIO,6,NO,NO CEDER EL DERECHO DE VIA O PREFERENCIA DE PASO AL PEATON.,ATROPELLOS,NO IDENTIFICADO,0,0,0,0,0,0,0,0,0,1,0,0,0,1,13,MUJER,LESIONADO,PEATON,NO,NO,0
4583,14099,14100,2017,0,0,-0.096017,-78.474579,PICHINCHA,QUITO,QUITO,URBANA,2017-06-27,16:10:00,16,MARTES,2,JUNIO,6,NO,"NO RESPETAR LAS SENIALES REGLAMENTARIAS DE TRANSITO. (PARE, CEDA EL PASO, LUZ ROJA DEL SEMAFORO, ETC).",CHOQUE LATERAL,AUTOMOVIL,2,0,0,0,0,0,0,0,0,0,0,0,0,2,40,MUJER,ILESO,CONDUCTOR PRESENTE,NO,NO,0
4584,14103,14104,2017,0,0,-0.161461,-78.487356,PICHINCHA,QUITO,QUITO,URBANA,2017-06-27,17:30:00,17,MARTES,2,JUNIO,6,NO,NO MANTENER LA DISTANCIA PRUDENCIAL CON RESPECTO AL VEHICULO QUE LE ANTECEDE.,COLISION,CAMIONETA,0,0,0,0,1,0,0,1,0,0,0,0,1,3,65,HOMBRE,ILESO,CONDUCTOR PRESENTE,NO,NO,0
4585,14106,14107,2017,1,0,-0.129369,-78.481353,PICHINCHA,QUITO,QUITO,URBANA,2017-06-27,19:00:00,19,MARTES,2,JUNIO,6,NO,NO TRANSITAR POR LAS ACERAS O ZONAS DE SEGURIDAD DESTINADAS PARA EL EFECTO.,ATROPELLOS,VEHICULO DEPORTIVO UTILITARIO,0,0,0,0,0,0,0,0,0,0,0,0,1,1,12,HOMBRE,LESIONADO,PEATON,NO,NO,0
4586,14110,14111,2017,0,0,-0.105384,-78.497732,PICHINCHA,QUITO,QUITO,URBANA,2017-06-27,20:35:00,20,MARTES,2,JUNIO,6,NO,NO MANTENER LA DISTANCIA PRUDENCIAL CON RESPECTO AL VEHICULO QUE LE ANTECEDE.,CHOQUE POSTERIOR,CAMIONETA,1,0,0,0,1,0,0,0,0,0,0,0,0,2,50,HOMBRE,ILESO,CONDUCTOR PRESENTE,NO,NO,0
4587,14132,14133,2017,1,0,-0.190285,-78.454454,PICHINCHA,QUITO,QUITO,RURAL,2017-06-28,06:13:00,6,MIERCOLES,3,JUNIO,6,NO,CONDUCIR VEHICULO SUPERANDO LOS LIMITES MAXIMOS DE VELOCIDAD.,PERDIDA DE PISTA,MOTOCICLETA,0,0,0,0,0,0,0,0,1,0,0,0,0,1,43,HOMBRE,LESIONADO,CONDUCTOR PRESENTE,NO,NO,3
4588,14136,14137,2017,0,0,-0.156985,-78.471581,PICHINCHA,QUITO,QUITO,URBANA,2017-06-28,07:30:00,7,MIERCOLES,3,JUNIO,6,NO,NO CEDER EL DERECHO DE VIA O PREFERENCIA DE PASO A VEHICULOS.,CHOQUE LATERAL,AUTOMOVIL,1,0,0,0,0,0,0,0,0,1,0,0,0,2,29,HOMBRE,ILESO,CONDUCTOR PRESENTE,NO,NO,0
4589,14137,14138,2017,0,0,-0.210768,-78.500894,PICHINCHA,QUITO,QUITO,URBANA,2017-06-28,07:38:00,7,MIERCOLES,3,JUNIO,6,NO,"CONDUCIR DESATENTO A LAS CONDICIONES DE TRANSITO (CELULAR, PANTALLAS DE VIDEO, COMIDA, MAQUILLAJE O CUALQUIER OTRO ELEMENTO DISTRACTOR).",ESTRELLAMIENTOS,MOTOCICLETA,0,0,0,0,0,0,0,0,1,0,0,0,0,1,21,HOMBRE,ILESO,CONDUCTOR PRESENTE,NO,NO,0
4590,14138,14139,2017,0,0,-0.202989,-78.458403,PICHINCHA,QUITO,QUITO,RURAL,2017-06-28,09:10:00,9,MIERCOLES,3,JUNIO,6,NO,CONDUCIR VEHICULO SUPERANDO LOS LIMITES MAXIMOS DE VELOCIDAD.,PERDIDA DE PISTA,CAMIONETA,0,0,0,0,1,0,0,0,0,0,0,0,0,1,22,HOMBRE,ILESO,CONDUCTOR PRESENTE,NO,NO,3
4591,14140,14141,2017,0,0,-0.211824,-78.508049,PICHINCHA,QUITO,QUITO,URBANA,2017-06-28,10:30:00,10,MIERCOLES,3,JUNIO,6,NO,"NO RESPETAR LAS SENIALES REGLAMENTARIAS DE TRANSITO. (PARE, CEDA EL PASO, LUZ ROJA DEL SEMAFORO, ETC).",CHOQUE LATERAL,AUTOMOVIL,1,0,0,0,0,0,0,0,0,1,0,0,0,2,55,HOMBRE,ILESO,CONDUCTOR PRESENTE,NO,NO,0
4592,14142,14143,2017,0,0,-0.185701,-78.480301,PICHINCHA,QUITO,QUITO,URBANA,2017-06-28,11:20:00,11,MIERCOLES,3,JUNIO,6,NO,"CONDUCIR DESATENTO A LAS CONDICIONES DE TRANSITO (CELULAR, PANTALLAS DE VIDEO, COMIDA, MAQUILLAJE O CUALQUIER OTRO ELEMENTO DISTRACTOR).",CHOQUE POSTERIOR,AUTOMOVIL,2,0,0,0,0,0,0,0,0,0,0,0,0,2,35,HOMBRE,ILESO,CONDUCTOR PRESENTE,NO,NO,0
4593,14144,14145,2017,1,0,-0.173858,-78.491056,PICHINCHA,QUITO,QUITO,URBANA,2017-06-28,11:30:00,11,MIERCOLES,3,JUNIO,6,NO,REALIZAR CAMBIO BRUSCO O INDEBIDO DE CARRIL.,PERDIDA DE PISTA,MOTOCICLETA,0,0,0,0,0,0,0,0,1,0,0,0,0,1,25,HOMBRE,LESIONADO,CONDUCTOR PRESENTE,NO,NO,0
4594,14145,14146,2017,0,0,-0.174894,-78.501179,PICHINCHA,QUITO,QUITO,URBANA,2017-06-28,12:05:00,12,MIERCOLES,3,JUNIO,6,NO,CONDUCIR VEHICULO SUPERANDO LOS LIMITES MAXIMOS DE VELOCIDAD.,COLISION,AUTOMOVIL,2,0,0,0,0,0,0,0,1,0,0,0,0,3,26,HOMBRE,ILESO,CONDUCTOR PRESENTE,NO,NO,0
4595,14146,14147,2017,0,0,-0.174894,-78.501179,PICHINCHA,QUITO,QUITO,URBANA,2017-06-28,12:05:00,12,MIERCOLES,3,JUNIO,6,NO,NO CEDER EL DERECHO DE VIA O PREFERENCIA DE PASO A VEHICULOS.,CHOQUE LATERAL,FURGONETA,0,0,0,0,0,0,0,1,1,0,0,0,0,2,34,HOMBRE,ILESO,CONDUCTOR PRESENTE,NO,NO,0
4596,14147,14148,2017,0,0,-0.172715,-78.496049,PICHINCHA,QUITO,QUITO,URBANA,2017-06-28,12:10:00,12,MIERCOLES,3,JUNIO,6,NO,NO CEDER EL DERECHO DE VIA O PREFERENCIA DE PASO A VEHICULOS.,CHOQUE LATERAL,AUTOMOVIL,2,0,0,0,0,0,0,0,0,0,0,0,0,2,54,HOMBRE,ILESO,CONDUCTOR PRESENTE,NO,NO,0
4597,14150,14151,2017,1,0,-0.195547,-78.482783,PICHINCHA,QUITO,QUITO,URBANA,2017-06-28,12:35:00,12,MIERCOLES,3,JUNIO,6,NO,"NO RESPETAR LAS SENIALES REGLAMENTARIAS DE TRANSITO. (PARE, CEDA EL PASO, LUZ ROJA DEL SEMAFORO, ETC).",ATROPELLOS,NO IDENTIFICADO,0,0,0,0,0,0,0,0,0,1,0,0,0,1,20,HOMBRE,LESIONADO,PEATON,NO,NO,0
4598,14151,14152,2017,0,0,-0.315483,-78.553533,PICHINCHA,QUITO,QUITO,URBANA,2017-06-28,12:35:00,12,MIERCOLES,3,JUNIO,6,NO,"NO RESPETAR LAS SENIALES REGLAMENTARIAS DE TRANSITO. (PARE, CEDA EL PASO, LUZ ROJA DEL SEMAFORO, ETC).",CHOQUE LATERAL,AUTOMOVIL,1,0,0,0,0,0,0,0,0,0,0,0,1,2,37,HOMBRE,ILESO,CONDUCTOR PRESENTE,NO,NO,0
4599,14153,14154,2017,0,0,-0.162691,-78.487292,PICHINCHA,QUITO,QUITO,URBANA,2017-06-28,13:05:00,13,MIERCOLES,3,JUNIO,6,NO,NO CEDER EL DERECHO DE VIA O PREFERENCIA DE PASO AL PEATON.,ATROPELLOS,NO IDENTIFICADO,0,0,0,0,0,0,0,0,0,1,0,0,0,1,21,MUJER,ILESO,PEATON,NO,NO,0
4600,14154,14155,2017,0,0,-0.161461,-78.487356,PICHINCHA,QUITO,QUITO,URBANA,2017-06-28,13:30:00,13,MIERCOLES,3,JUNIO,6,NO,"NO RESPETAR LAS SENIALES REGLAMENTARIAS DE TRANSITO. (PARE, CEDA EL PASO, LUZ ROJA DEL SEMAFORO, ETC).",CHOQUE LATERAL,VEHICULO DEPORTIVO UTILITARIO,0,0,0,0,0,0,0,1,0,0,0,0,1,2,28,MUJER,ILESO,CONDUCTOR PRESENTE,NO,NO,0
4601,14155,14156,2017,0,0,-0.190426,-78.482617,PICHINCHA,QUITO,QUITO,URBANA,2017-06-28,13:40:00,13,MIERCOLES,3,JUNIO,6,NO,NO GUARDAR LA DISTANCIA LATERAL MINIMA DE SEGURIDAD ENTRE VEHICULOS.,ROZAMIENTOS,VEHICULO DEPORTIVO UTILITARIO,0,0,0,0,0,0,1,0,0,0,0,0,1,2,45,MUJER,ILESO,CONDUCTOR PRESENTE,NO,NO,0
4602,14156,14157,2017,0,0,-0.181537,-78.481949,PICHINCHA,QUITO,QUITO,URBANA,2017-06-28,14:20:00,14,MIERCOLES,3,JUNIO,6,NO,"CONDUCIR DESATENTO A LAS CONDICIONES DE TRANSITO (CELULAR, PANTALLAS DE VIDEO, COMIDA, MAQUILLAJE O CUALQUIER OTRO ELEMENTO DISTRACTOR).",ESTRELLAMIENTOS,VEHICULO DEPORTIVO UTILITARIO,2,0,0,0,0,0,0,0,0,0,0,0,2,4,27,MUJER,ILESO,CONDUCTOR PRESENTE,NO,NO,0
4603,14157,14158,2017,0,0,-0.225936,-78.497879,PICHINCHA,QUITO,QUITO,URBANA,2017-06-28,14:30:00,14,MIERCOLES,3,JUNIO,6,NO,NO MANTENER LA DISTANCIA PRUDENCIAL CON RESPECTO AL VEHICULO QUE LE ANTECEDE.,CHOQUE POSTERIOR,VEHICULO DEPORTIVO UTILITARIO,0,0,0,0,1,0,0,0,0,0,0,0,1,2,20,HOMBRE,ILESO,CONDUCTOR PRESENTE,NO,NO,0
4604,14159,14160,2017,0,0,-0.234913,-78.519409,PICHINCHA,QUITO,QUITO,URBANA,2017-06-28,15:00:00,15,MIERCOLES,3,JUNIO,6,NO,CONDUCIR VEHICULO SUPERANDO LOS LIMITES MAXIMOS DE VELOCIDAD.,PERDIDA DE PISTA,MOTOCICLETA,0,0,0,0,0,0,0,0,1,0,0,0,0,1,-1,NO IDENTIFICADO,NO IDENTIFICADO,CONDUCTOR AUSENTE,NO,NO,2
4605,14160,14161,2017,1,0,-0.102246,-78.463297,PICHINCHA,QUITO,QUITO,URBANA,2017-06-28,15:05:00,15,MIERCOLES,3,JUNIO,6,NO,NO TRANSITAR POR LAS ACERAS O ZONAS DE SEGURIDAD DESTINADAS PARA EL EFECTO.,ATROPELLOS,CAMIONETA,0,0,0,0,1,0,0,0,0,0,0,0,0,1,47,MUJER,LESIONADO,PEATON,NO,NO,0
4606,14161,14162,2017,0,0,-0.118364,-78.497116,PICHINCHA,QUITO,QUITO,URBANA,2017-06-28,15:33:00,15,MIERCOLES,3,JUNIO,6,NO,NO CEDER EL DERECHO DE VIA O PREFERENCIA DE PASO AL PEATON.,ATROPELLOS,NO IDENTIFICADO,0,0,0,0,0,0,0,0,0,1,0,0,0,1,37,HOMBRE,ILESO,PEATON,NO,NO,0
4607,14164,14165,2017,1,0,-0.163125,-78.474791,PICHINCHA,QUITO,QUITO,URBANA,2017-06-28,16:00:00,16,MIERCOLES,3,JUNIO,6,NO,NO CEDER EL DERECHO DE VIA O PREFERENCIA DE PASO AL PEATON.,ATROPELLOS,NO IDENTIFICADO,0,0,0,0,0,0,0,0,0,1,0,0,0,1,21,HOMBRE,LESIONADO,PEATON,NO,NO,0
4608,14165,14166,2017,0,0,-0.217716,-78.436251,PICHINCHA,QUITO,CUMBAYA,RURAL,2017-06-28,16:20:00,16,MIERCOLES,3,JUNIO,6,NO,CONDUCIR VEHICULO SUPERANDO LOS LIMITES MAXIMOS DE VELOCIDAD.,CHOQUE POSTERIOR,VEHICULO DEPORTIVO UTILITARIO,1,0,0,0,0,0,0,0,0,0,0,0,1,2,33,HOMBRE,ILESO,CONDUCTOR PRESENTE,NO,NO,3
4609,14167,14168,2017,0,0,-0.256772,-78.542845,PICHINCHA,QUITO,QUITO,RURAL,2017-06-28,16:50:00,16,MIERCOLES,3,JUNIO,6,NO,"CONDUCIR DESATENTO A LAS CONDICIONES DE TRANSITO (CELULAR, PANTALLAS DE VIDEO, COMIDA, MAQUILLAJE O CUALQUIER OTRO ELEMENTO DISTRACTOR).",ESTRELLAMIENTOS,BUS,0,0,1,0,0,0,0,0,1,0,0,0,0,2,50,HOMBRE,ILESO,CONDUCTOR PRESENTE,NO,NO,3
4610,14172,14173,2017,3,0,-0.140936,-78.460084,PICHINCHA,QUITO,QUITO,RURAL,2017-06-28,18:20:00,18,MIERCOLES,3,JUNIO,6,NO,CONDUCIR VEHICULO SUPERANDO LOS LIMITES MAXIMOS DE VELOCIDAD.,CHOQUE LATERAL,AUTOMOVIL,1,0,0,0,0,0,0,0,1,0,0,0,0,2,45,HOMBRE,LESIONADO,CONDUCTOR PRESENTE,NO,NO,3
4611,14178,14179,2017,5,0,-0.299877,-78.542315,PICHINCHA,QUITO,QUITO,URBANA,2017-06-28,20:15:00,20,MIERCOLES,3,JUNIO,6,NO,CONDUCIR VEHICULO SUPERANDO LOS LIMITES MAXIMOS DE VELOCIDAD.,CHOQUE LATERAL,BUS,1,0,1,0,0,0,0,0,0,0,0,0,0,2,41,HOMBRE,LESIONADO,CONDUCTOR PRESENTE,NO,NO,0
4612,14179,14180,2017,26,7,-0.108077,-79.006766,PICHINCHA,SAN MIGUEL DE LOS BANCOS,SAN MIGUEL DE LOS BANCOS,RURAL,2017-06-28,20:45:00,20,MIERCOLES,3,JUNIO,6,NO,NO MANTENER LA DISTANCIA PRUDENCIAL CON RESPECTO AL VEHICULO QUE LE ANTECEDE.,PERDIDA DE PISTA,BUS,0,0,1,0,0,0,0,0,0,0,0,0,0,1,-1,MUJER,FALLECIDO,PASAJERO,NO,NO,3
4613,14181,14182,2017,1,0,-0.118321,-78.491831,PICHINCHA,QUITO,QUITO,URBANA,2017-06-28,20:50:00,20,MIERCOLES,3,JUNIO,6,NO,"NO RESPETAR LAS SENIALES REGLAMENTARIAS DE TRANSITO. (PARE, CEDA EL PASO, LUZ ROJA DEL SEMAFORO, ETC).",CHOQUE LATERAL,MOTOCICLETA,0,0,0,0,0,0,0,0,1,1,0,0,0,2,29,HOMBRE,LESIONADO,CONDUCTOR PRESENTE,NO,NO,0
4614,14184,14185,2017,0,0,-0.096272,-78.419434,PICHINCHA,QUITO,CALDERON (CARAPUNGO),RURAL,2017-06-28,22:50:00,22,MIERCOLES,3,JUNIO,6,NO,"CONDUCE BAJO LA INFLUENCIA DE ALCOHOL, SUSTANCIAS ESTUPEFACIENTES O PSICOTROPICAS Y/O MEDICAMENTOS.",ROZAMIENTOS,CAMIONETA,1,0,0,0,1,0,0,0,0,0,0,0,0,2,49,HOMBRE,ILESO,CONDUCTOR PRESENTE,NO,NO,3
4615,14198,14199,2017,2,0,-0.380456,-78.504571,PICHINCHA,QUITO,AMAGUANIA,URBANA,2017-06-29,01:30:00,1,JUEVES,4,JUNIO,6,NO,NO MANTENER LA DISTANCIA PRUDENCIAL CON RESPECTO AL VEHICULO QUE LE ANTECEDE.,COLISION,CAMION,0,0,0,3,0,0,0,0,0,0,0,0,0,3,41,MUJER,LESIONADO,PASAJERO,NO,NO,0
4616,14199,14200,2017,0,0,-0.204715,-78.482607,PICHINCHA,QUITO,QUITO,URBANA,2017-06-29,01:45:00,1,JUEVES,4,JUNIO,6,NO,"CONDUCE BAJO LA INFLUENCIA DE ALCOHOL, SUSTANCIAS ESTUPEFACIENTES O PSICOTROPICAS Y/O MEDICAMENTOS.",CHOQUE LATERAL,AUTOMOVIL,2,0,0,0,0,0,0,0,0,0,0,0,0,2,37,HOMBRE,ILESO,CONDUCTOR PRESENTE,NO,NO,0
4617,14200,14201,2017,0,0,-0.254686,-78.504316,PICHINCHA,QUITO,QUITO,URBANA,2017-06-29,02:45:00,2,JUEVES,4,JUNIO,6,NO,"CONDUCIR EN ESTADO DE SOMNOLENCIA O MALAS CONDICIONES FISICAS (SUENIO, CANSANCIO Y FATIGA).",ESTRELLAMIENTOS,AUTOMOVIL,1,0,0,0,0,0,0,0,0,0,0,0,0,1,-1,NO IDENTIFICADO,NO IDENTIFICADO,CONDUCTOR AUSENTE,NO,NO,2