,Unnamed: 0,ID,ANIO,LESIONADOS,FALLECIDOS,LATITUD_Y,LONGITUD_X,PROVINCIA,CANTON,PARROQUIA,ZONA,FECHA,HORA,PERIODO_2,DIA_1,DIA_2,MES_1,MES_2,FERIADO,CAUSA_PROBABLE,TIPO_DE_SINIESTRO,TIPO_DE_VEHICULO_1,AUTOMOVIL,BICICLETA,BUS,CAMION,CAMIONETA,EMERGENCIAS,ESPECIAL,FURGONETA,MOTOCICLETA,NO_IDENTIFICADO,SCOOTER_ELECTRICO,TRICIMOTO,VEHICULO_DEPORTIVO_UTILITARIO,SUMA_DE_VEHICULOS,EDAD_1,SEXO_1,CONDICION_1,PARTICIPANTE_1,CASCO_1,CINTURON_1,KMeans_Cluster
4618,14202,14203,2017,1,0,-0.166302,-78.486907,PICHINCHA,QUITO,QUITO,URBANA,2017-06-29,03:00:00,3,JUEVES,4,JUNIO,6,NO,"CONDUCE BAJO LA INFLUENCIA DE ALCOHOL, SUSTANCIAS ESTUPEFACIENTES O PSICOTROPICAS Y/O MEDICAMENTOS.",PERDIDA DE PISTA,MOTOCICLETA,0,0,0,0,0,0,0,0,1,0,0,0,0,1,30,HOMBRE,LESIONADO,CONDUCTOR PRESENTE,NO,NO,0
4619,14204,14205,2017,0,0,-0.210801,-78.503231,PICHINCHA,QUITO,QUITO,URBANA,2017-06-29,06:20:00,6,JUEVES,4,JUNIO,6,NO,"NO RESPETAR LAS SENIALES REGLAMENTARIAS DE TRANSITO. (PARE, CEDA EL PASO, LUZ ROJA DEL SEMAFORO, ETC).",CHOQUE LATERAL,CAMIONETA,1,0,0,0,1,0,0,0,0,0,0,0,0,2,41,HOMBRE,ILESO,CONDUCTOR PRESENTE,NO,NO,0
4620,14205,14206,2017,1,0,-0.269632,-78.528768,PICHINCHA,QUITO,QUITO,URBANA,2017-06-29,06:20:00,6,JUEVES,4,JUNIO,6,NO,"NO RESPETAR LAS SENIALES REGLAMENTARIAS DE TRANSITO. (PARE, CEDA EL PASO, LUZ ROJA DEL SEMAFORO, ETC).",ATROPELLOS,BUS,0,0,1,0,0,0,0,0,0,0,0,0,0,1,38,MUJER,LESIONADO,PEATON,NO,NO,0
4621,14213,14214,2017,0,0,-0.199767,-78.428809,PICHINCHA,QUITO,CUMBAYA,RURAL,2017-06-29,07:35:00,7,JUEVES,4,JUNIO,6,NO,"NO RESPETAR LAS SENIALES REGLAMENTARIAS DE TRANSITO. (PARE, CEDA EL PASO, LUZ ROJA DEL SEMAFORO, ETC).",CHOQUE LATERAL,CAMIONETA,0,0,0,0,1,0,0,0,0,0,0,0,1,2,37,HOMBRE,ILESO,CONDUCTOR PRESENTE,NO,NO,3
4622,14221,14222,2017,2,0,-0.352902,-78.555201,PICHINCHA,QUITO,QUITO,URBANA,2017-06-29,12:45:00,12,JUEVES,4,JUNIO,6,NO,"CONDUCIR DESATENTO A LAS CONDICIONES DE TRANSITO (CELULAR, PANTALLAS DE VIDEO, COMIDA, MAQUILLAJE O CUALQUIER OTRO ELEMENTO DISTRACTOR).",ESTRELLAMIENTOS,FURGONETA,0,0,0,0,0,0,0,1,0,0,0,0,0,1,27,MUJER,LESIONADO,PEATON,NO,NO,0
4623,14222,14223,2017,2,0,-0.267116,-78.551277,PICHINCHA,QUITO,QUITO,URBANA,2017-06-29,13:10:00,13,JUEVES,4,JUNIO,6,NO,NO CEDER EL DERECHO DE VIA O PREFERENCIA DE PASO AL PEATON.,ATROPELLOS,BUS,0,0,1,0,0,0,0,0,0,0,0,0,0,1,12,HOMBRE,LESIONADO,PEATON,NO,NO,0
4624,14226,14227,2017,1,0,-0.193107,-78.500729,PICHINCHA,QUITO,QUITO,URBANA,2017-06-29,16:10:00,16,JUEVES,4,JUNIO,6,NO,NO TRANSITAR POR LAS ACERAS O ZONAS DE SEGURIDAD DESTINADAS PARA EL EFECTO.,ATROPELLOS,AUTOMOVIL,1,0,0,0,0,0,0,0,0,0,0,0,0,1,11,HOMBRE,LESIONADO,PEATON,NO,NO,0
4625,14227,14228,2017,1,0,-0.153716,-78.467157,PICHINCHA,QUITO,QUITO,URBANA,2017-06-29,16:40:00,16,JUEVES,4,JUNIO,6,NO,"NO RESPETAR LAS SENIALES REGLAMENTARIAS DE TRANSITO. (PARE, CEDA EL PASO, LUZ ROJA DEL SEMAFORO, ETC).",ATROPELLOS,NO IDENTIFICADO,0,0,0,0,0,0,0,0,0,1,0,0,0,1,34,HOMBRE,LESIONADO,PEATON,NO,NO,0
4626,14228,14229,2017,1,0,-0.128073,-78.501831,PICHINCHA,QUITO,QUITO,URBANA,2017-06-29,17:20:00,17,JUEVES,4,JUNIO,6,NO,"NO RESPETAR LAS SENIALES REGLAMENTARIAS DE TRANSITO. (PARE, CEDA EL PASO, LUZ ROJA DEL SEMAFORO, ETC).",CHOQUE LATERAL,MOTOCICLETA,1,0,0,0,0,0,0,0,1,0,0,0,0,2,19,HOMBRE,LESIONADO,CONDUCTOR PRESENTE,NO,NO,0
4627,14231,14232,2017,0,0,-0.215635,-78.504111,PICHINCHA,QUITO,QUITO,URBANA,2017-06-29,18:12:00,18,JUEVES,4,JUNIO,6,NO,NO GUARDAR LA DISTANCIA LATERAL MINIMA DE SEGURIDAD ENTRE VEHICULOS.,ROZAMIENTOS,AUTOMOVIL,1,0,0,0,0,0,0,0,0,1,0,0,0,2,35,MUJER,ILESO,CONDUCTOR PRESENTE,NO,NO,0
4628,14232,14233,2017,0,0,-0.517761,-78.572134,PICHINCHA,MEJIA,MACHACHI,RURAL,2017-06-29,18:40:00,18,JUEVES,4,JUNIO,6,NO,CONDUCIR VEHICULO SUPERANDO LOS LIMITES MAXIMOS DE VELOCIDAD.,ESTRELLAMIENTOS,CAMION,0,0,0,1,0,0,0,0,0,0,0,0,0,1,50,HOMBRE,ILESO,CONDUCTOR PRESENTE,NO,NO,3
4629,14233,14234,2017,1,0,-0.157406,-78.485005,PICHINCHA,QUITO,QUITO,URBANA,2017-06-29,19:05:00,19,JUEVES,4,JUNIO,6,NO,NO CEDER EL DERECHO DE VIA O PREFERENCIA DE PASO A VEHICULOS.,CHOQUE LATERAL,MOTOCICLETA,0,0,0,0,0,0,0,0,1,1,0,0,0,2,35,HOMBRE,LESIONADO,CONDUCTOR PRESENTE,NO,NO,0
4630,14234,14235,2017,2,0,-0.097059,-78.441603,PICHINCHA,QUITO,CALDERON (CARAPUNGO),RURAL,2017-06-29,19:05:00,19,JUEVES,4,JUNIO,6,NO,"CONDUCE BAJO LA INFLUENCIA DE ALCOHOL, SUSTANCIAS ESTUPEFACIENTES O PSICOTROPICAS Y/O MEDICAMENTOS.",CHOQUE LATERAL,AUTOMOVIL,1,0,0,0,2,0,0,0,0,0,0,0,0,3,40,HOMBRE,LESIONADO,PASAJERO,NO,NO,3
4631,14236,14237,2017,0,0,-0.216776,-78.436983,PICHINCHA,QUITO,CUMBAYA,RURAL,2017-06-29,20:05:00,20,JUEVES,4,JUNIO,6,NO,NO MANTENER LA DISTANCIA PRUDENCIAL CON RESPECTO AL VEHICULO QUE LE ANTECEDE.,CHOQUE POSTERIOR,VEHICULO DEPORTIVO UTILITARIO,1,0,0,0,0,0,0,0,0,0,0,0,1,2,21,MUJER,ILESO,CONDUCTOR PRESENTE,NO,NO,3
4632,14241,14242,2017,0,0,-0.263621,-78.524648,PICHINCHA,QUITO,QUITO,URBANA,2017-06-29,21:10:00,21,JUEVES,4,JUNIO,6,NO,NO RESPETAR LAS SENIALES MANUALES DEL AGENTE DE TRANSITO.,CHOQUE LATERAL,AUTOMOVIL,1,0,0,0,1,0,0,0,0,0,0,0,0,2,23,HOMBRE,ILESO,CONDUCTOR PRESENTE,NO,NO,0
4633,14243,14244,2017,0,0,-0.294454,-78.451447,PICHINCHA,QUITO,ALANGASI,RURAL,2017-06-29,22:10:00,22,JUEVES,4,JUNIO,6,NO,NO MANTENER LA DISTANCIA PRUDENCIAL CON RESPECTO AL VEHICULO QUE LE ANTECEDE.,CHOQUE POSTERIOR,AUTOMOVIL,2,0,0,0,0,0,0,0,0,1,0,0,0,3,35,MUJER,ILESO,CONDUCTOR PRESENTE,NO,NO,3
4634,14244,14245,2017,0,0,-0.296931,-78.453821,PICHINCHA,QUITO,ALANGASI,RURAL,2017-06-29,22:10:00,22,JUEVES,4,JUNIO,6,NO,"CONDUCE BAJO LA INFLUENCIA DE ALCOHOL, SUSTANCIAS ESTUPEFACIENTES O PSICOTROPICAS Y/O MEDICAMENTOS.",CHOQUE LATERAL,AUTOMOVIL,1,0,0,0,0,0,0,0,0,0,0,0,1,2,49,HOMBRE,ILESO,CONDUCTOR PRESENTE,NO,NO,3
4635,14260,14261,2017,1,0,-0.331971,-78.873947,PICHINCHA,MEJIA,MANUEL CORNEJO ASTORGA,RURAL,2017-06-30,03:40:00,3,VIERNES,5,JUNIO,6,NO,NO MANTENER LA DISTANCIA PRUDENCIAL CON RESPECTO AL VEHICULO QUE LE ANTECEDE.,COLISION,BUS,0,0,1,2,1,0,0,0,0,0,0,0,0,4,34,HOMBRE,LESIONADO,CONDUCTOR PRESENTE,NO,NO,3
4636,14261,14262,2017,0,0,-0.118301,-78.491569,PICHINCHA,QUITO,QUITO,URBANA,2017-06-30,03:40:00,3,VIERNES,5,JUNIO,6,NO,"CONDUCIR EN ESTADO DE SOMNOLENCIA O MALAS CONDICIONES FISICAS (SUENIO, CANSANCIO Y FATIGA).",ESTRELLAMIENTOS,VEHICULO DEPORTIVO UTILITARIO,0,0,0,0,0,0,0,0,0,0,0,0,1,1,-1,NO IDENTIFICADO,NO IDENTIFICADO,CONDUCTOR AUSENTE,NO,NO,2
4637,14262,14263,2017,0,0,-0.162823,-78.478596,PICHINCHA,QUITO,QUITO,URBANA,2017-06-30,05:30:00,5,VIERNES,5,JUNIO,6,NO,CONDUCIR VEHICULO SUPERANDO LOS LIMITES MAXIMOS DE VELOCIDAD.,VOLCAMIENTOS,AUTOMOVIL,1,0,0,0,0,0,0,0,0,0,0,0,0,1,-1,NO IDENTIFICADO,NO IDENTIFICADO,CONDUCTOR AUSENTE,NO,NO,2
4638,14263,14264,2017,1,0,-0.212824,-78.402686,PICHINCHA,QUITO,TUMBACO,RURAL,2017-06-30,07:37:00,7,VIERNES,5,JUNIO,6,NO,NO CEDER EL DERECHO DE VIA O PREFERENCIA DE PASO AL PEATON.,ATROPELLOS,NO IDENTIFICADO,0,0,0,0,0,0,0,0,0,1,0,0,0,1,71,MUJER,LESIONADO,PEATON,NO,NO,3
4639,14264,14265,2017,1,0,0.055762,-78.139423,PICHINCHA,CAYAMBE,CAYAMBE,URBANA,2017-06-30,08:15:00,8,VIERNES,5,JUNIO,6,NO,"CONDUCE BAJO LA INFLUENCIA DE ALCOHOL, SUSTANCIAS ESTUPEFACIENTES O PSICOTROPICAS Y/O MEDICAMENTOS.",ATROPELLOS,AUTOMOVIL,1,0,0,0,0,0,0,0,0,0,0,0,0,1,45,MUJER,LESIONADO,PEATON,NO,NO,0
4640,14265,14266,2017,0,0,-0.198128,-78.495899,PICHINCHA,QUITO,QUITO,URBANA,2017-06-30,08:25:00,8,VIERNES,5,JUNIO,6,NO,NO MANTENER LA DISTANCIA PRUDENCIAL CON RESPECTO AL VEHICULO QUE LE ANTECEDE.,COLISION,AUTOMOVIL,3,0,0,0,0,0,0,0,0,0,0,0,0,3,28,HOMBRE,ILESO,CONDUCTOR PRESENTE,NO,NO,0
4641,14268,14269,2017,0,0,-0.169296,-78.476348,PICHINCHA,QUITO,QUITO,URBANA,2017-06-30,11:35:00,11,VIERNES,5,JUNIO,6,NO,"CONDUCIR DESATENTO A LAS CONDICIONES DE TRANSITO (CELULAR, PANTALLAS DE VIDEO, COMIDA, MAQUILLAJE O CUALQUIER OTRO ELEMENTO DISTRACTOR).",CHOQUE POSTERIOR,VEHICULO DEPORTIVO UTILITARIO,0,0,0,0,0,0,0,0,0,1,0,0,1,2,32,MUJER,ILESO,CONDUCTOR PRESENTE,NO,NO,0
4642,14270,14271,2017,1,0,-0.285382,-78.536795,PICHINCHA,QUITO,QUITO,URBANA,2017-06-30,12:50:00,12,VIERNES,5,JUNIO,6,NO,NO CEDER EL DERECHO DE VIA O PREFERENCIA DE PASO AL PEATON.,ATROPELLOS,NO IDENTIFICADO,0,0,0,0,0,0,0,0,0,1,0,0,0,1,64,HOMBRE,LESIONADO,PEATON,NO,NO,0
4643,14271,14272,2017,0,0,-0.239004,-78.523381,PICHINCHA,QUITO,QUITO,URBANA,2017-06-30,12:50:00,12,VIERNES,5,JUNIO,6,NO,NO MANTENER LA DISTANCIA PRUDENCIAL CON RESPECTO AL VEHICULO QUE LE ANTECEDE.,CHOQUE POSTERIOR,VEHICULO DEPORTIVO UTILITARIO,0,0,0,0,0,0,0,0,0,1,0,0,1,2,36,HOMBRE,ILESO,CONDUCTOR PRESENTE,NO,NO,0
4644,14274,14275,2017,1,0,-0.185623,-78.343085,PICHINCHA,QUITO,TABABELA,RURAL,2017-06-30,13:40:00,13,VIERNES,5,JUNIO,6,NO,NO MANTENER LA DISTANCIA PRUDENCIAL CON RESPECTO AL VEHICULO QUE LE ANTECEDE.,CHOQUE POSTERIOR,BICICLETA,0,1,1,0,0,0,0,0,0,0,0,0,0,2,51,HOMBRE,LESIONADO,CONDUCTOR PRESENTE,NO,NO,3
4645,14276,14277,2017,1,0,-0.267368,-78.467059,PICHINCHA,QUITO,CONOCOTO,RURAL,2017-06-30,14:35:00,14,VIERNES,5,JUNIO,6,NO,"NO RESPETAR LAS SENIALES REGLAMENTARIAS DE TRANSITO. (PARE, CEDA EL PASO, LUZ ROJA DEL SEMAFORO, ETC).",ATROPELLOS,AUTOMOVIL,1,0,0,0,0,0,0,0,0,0,0,0,0,1,16,HOMBRE,LESIONADO,PEATON,NO,NO,3
4646,14277,14278,2017,3,0,-0.240163,-78.534053,PICHINCHA,QUITO,QUITO,URBANA,2017-06-30,15:28:00,15,VIERNES,5,JUNIO,6,NO,NO MANTENER LA DISTANCIA PRUDENCIAL CON RESPECTO AL VEHICULO QUE LE ANTECEDE.,CHOQUE POSTERIOR,AUTOMOVIL,2,0,0,0,0,0,0,0,0,0,0,0,0,2,38,MUJER,LESIONADO,PASAJERO,NO,NO,0
4647,14279,14280,2017,0,0,-0.247267,-78.535198,PICHINCHA,QUITO,QUITO,URBANA,2017-06-30,15:40:00,15,VIERNES,5,JUNIO,6,NO,NO GUARDAR LA DISTANCIA LATERAL MINIMA DE SEGURIDAD ENTRE VEHICULOS.,ROZAMIENTOS,FURGONETA,0,0,0,0,0,0,0,1,0,0,0,0,1,2,29,HOMBRE,ILESO,CONDUCTOR PRESENTE,NO,NO,0
4648,14281,14282,2017,1,0,-0.327991,-78.542373,PICHINCHA,QUITO,QUITO,URBANA,2017-06-30,15:45:00,15,VIERNES,5,JUNIO,6,NO,NO CEDER EL DERECHO DE VIA O PREFERENCIA DE PASO AL PEATON.,ATROPELLOS,NO IDENTIFICADO,0,0,0,0,0,0,0,0,0,1,0,0,0,1,6,HOMBRE,LESIONADO,PEATON,NO,NO,0
4649,14282,14283,2017,1,0,-0.240278,-78.490139,PICHINCHA,QUITO,QUITO,URBANA,2017-06-30,16:00:00,16,VIERNES,5,JUNIO,6,NO,NO CEDER EL DERECHO DE VIA O PREFERENCIA DE PASO AL PEATON.,ATROPELLOS,NO IDENTIFICADO,0,0,0,0,0,0,0,0,0,1,0,0,0,1,71,HOMBRE,LESIONADO,PEATON,NO,NO,0
4650,14283,14284,2017,0,0,-0.259635,-78.530405,PICHINCHA,QUITO,QUITO,URBANA,2017-06-30,16:10:00,16,VIERNES,5,JUNIO,6,NO,NO GUARDAR LA DISTANCIA LATERAL MINIMA DE SEGURIDAD ENTRE VEHICULOS.,ROZAMIENTOS,AUTOMOVIL,1,0,0,0,0,0,0,0,0,0,0,0,1,2,47,HOMBRE,ILESO,CONDUCTOR PRESENTE,NO,NO,0
4651,14288,14289,2017,0,0,-0.092569,-78.454721,PICHINCHA,QUITO,CALDERON (CARAPUNGO),URBANA,2017-06-30,17:25:00,17,VIERNES,5,JUNIO,6,NO,"NO RESPETAR LAS SENIALES REGLAMENTARIAS DE TRANSITO. (PARE, CEDA EL PASO, LUZ ROJA DEL SEMAFORO, ETC).",CHOQUE LATERAL,VEHICULO DEPORTIVO UTILITARIO,0,0,0,0,0,0,0,0,0,1,0,0,1,2,54,HOMBRE,ILESO,CONDUCTOR PRESENTE,NO,NO,0
4652,14293,14294,2017,0,0,-0.016301,-78.477648,PICHINCHA,QUITO,CALACALI,URBANA,2017-06-30,18:25:00,18,VIERNES,5,JUNIO,6,NO,NO CEDER EL DERECHO DE VIA O PREFERENCIA DE PASO AL PEATON.,ATROPELLOS,NO IDENTIFICADO,0,0,0,0,0,0,0,0,0,1,0,0,0,1,42,HOMBRE,ILESO,PEATON,NO,NO,0
4653,14294,14295,2017,0,0,-0.182136,-78.478799,PICHINCHA,QUITO,QUITO,URBANA,2017-06-30,18:30:00,18,VIERNES,5,JUNIO,6,NO,"NO RESPETAR LAS SENIALES REGLAMENTARIAS DE TRANSITO. (PARE, CEDA EL PASO, LUZ ROJA DEL SEMAFORO, ETC).",CHOQUE LATERAL,VEHICULO DEPORTIVO UTILITARIO,1,0,0,0,0,0,0,0,0,0,0,0,1,2,38,HOMBRE,ILESO,CONDUCTOR PRESENTE,NO,NO,0
4654,14295,14296,2017,3,0,-0.292724,-78.476486,PICHINCHA,QUITO,CONOCOTO,RURAL,2017-06-30,18:50:00,18,VIERNES,5,JUNIO,6,NO,DEJAR O RECOGER PASAJEROS EN LUGARES NO PERMITIDOS.,CAIDA DE PASAJERO,BUS,0,0,1,0,0,0,0,0,0,0,0,0,0,1,1,HOMBRE,LESIONADO,PASAJERO,NO,NO,3
4655,14296,14297,2017,0,0,-0.292168,-78.543986,PICHINCHA,QUITO,QUITO,URBANA,2017-06-30,18:55:00,18,VIERNES,5,JUNIO,6,NO,"NO RESPETAR LAS SENIALES REGLAMENTARIAS DE TRANSITO. (PARE, CEDA EL PASO, LUZ ROJA DEL SEMAFORO, ETC).",CHOQUE LATERAL,AUTOMOVIL,1,0,0,0,1,0,0,0,0,0,0,0,0,2,53,HOMBRE,ILESO,CONDUCTOR PRESENTE,NO,NO,0
4656,14297,14298,2017,0,0,-0.154662,-78.488817,PICHINCHA,QUITO,QUITO,URBANA,2017-06-30,19:03:00,19,VIERNES,5,JUNIO,6,NO,NO MANTENER LA DISTANCIA PRUDENCIAL CON RESPECTO AL VEHICULO QUE LE ANTECEDE.,CHOQUE POSTERIOR,AUTOMOVIL,1,0,1,0,0,0,0,0,0,0,0,0,0,2,25,HOMBRE,ILESO,CONDUCTOR PRESENTE,NO,NO,0
4657,14300,14301,2017,1,0,-0.240227,-78.526957,PICHINCHA,QUITO,QUITO,URBANA,2017-06-30,20:10:00,20,VIERNES,5,JUNIO,6,NO,"NO RESPETAR LAS SENIALES REGLAMENTARIAS DE TRANSITO. (PARE, CEDA EL PASO, LUZ ROJA DEL SEMAFORO, ETC).",CHOQUE LATERAL,MOTOCICLETA,0,0,0,0,0,0,0,0,1,1,0,0,0,2,25,HOMBRE,LESIONADO,CONDUCTOR PRESENTE,NO,NO,0
4658,14301,14302,2017,0,0,-0.168512,-78.325924,PICHINCHA,QUITO,YARUQUI,RURAL,2017-06-30,20:30:00,20,VIERNES,5,JUNIO,6,NO,"CONDUCE BAJO LA INFLUENCIA DE ALCOHOL, SUSTANCIAS ESTUPEFACIENTES O PSICOTROPICAS Y/O MEDICAMENTOS.",COLISION,AUTOMOVIL,2,0,0,0,1,0,0,0,0,0,0,0,0,3,39,HOMBRE,ILESO,CONDUCTOR PRESENTE,NO,NO,3
4659,14303,14304,2017,1,0,-0.111705,-78.507641,PICHINCHA,QUITO,QUITO,URBANA,2017-06-30,21:00:00,21,VIERNES,5,JUNIO,6,NO,CONDUCIR EN SENTIDO CONTRARIO A LA VIA NORMAL DE CIRCULACION.,CHOQUE FRONTAL,BUS,0,0,1,0,0,0,0,0,1,0,0,0,0,2,39,HOMBRE,LESIONADO,CONDUCTOR PRESENTE,NO,NO,0
4660,14305,14306,2017,1,0,-0.208498,-78.485714,PICHINCHA,QUITO,QUITO,URBANA,2017-06-30,21:25:00,21,VIERNES,5,JUNIO,6,NO,"PEATON TRANSITA BAJO INFLUENCIA DE ALCOHOL, SUSTANCIAS ESTUPEFACIENTES O PSICOTROPICAS Y/O MEDICAMENTOS.",ATROPELLOS,BUS,0,0,1,0,0,0,0,0,0,0,0,0,0,1,26,HOMBRE,LESIONADO,PEATON,NO,NO,0
4661,14309,14310,2017,0,0,-0.176062,-78.483762,PICHINCHA,QUITO,QUITO,URBANA,2017-06-30,22:25:00,22,VIERNES,5,JUNIO,6,NO,"CONDUCE BAJO LA INFLUENCIA DE ALCOHOL, SUSTANCIAS ESTUPEFACIENTES O PSICOTROPICAS Y/O MEDICAMENTOS.",ESTRELLAMIENTOS,VEHICULO DEPORTIVO UTILITARIO,0,0,0,0,1,0,0,0,0,0,0,0,1,2,43,HOMBRE,ILESO,CONDUCTOR PRESENTE,NO,NO,0
4662,14323,14324,2017,0,1,-0.157391,-78.485062,PICHINCHA,QUITO,QUITO,URBANA,2017-07-01,00:45:00,0,SABADO,6,JULIO,7,NO,CONDUCIR VEHICULO SUPERANDO LOS LIMITES MAXIMOS DE VELOCIDAD.,ARROLLAMIENTOS,FURGONETA,0,0,0,0,0,0,0,1,0,0,0,0,0,1,18,HOMBRE,FALLECIDO,PEATON,NO,NO,0
4663,14327,14328,2017,0,0,-0.111743,-78.478795,PICHINCHA,QUITO,QUITO,URBANA,2017-07-01,01:35:00,1,SABADO,6,JULIO,7,NO,"CONDUCIR EN ESTADO DE SOMNOLENCIA O MALAS CONDICIONES FISICAS (SUENIO, CANSANCIO Y FATIGA).",ESTRELLAMIENTOS,AUTOMOVIL,1,0,0,0,0,0,0,0,0,0,0,0,0,1,-1,NO IDENTIFICADO,NO IDENTIFICADO,CONDUCTOR AUSENTE,NO,NO,2
4664,14329,14330,2017,0,0,-0.278934,-78.555665,PICHINCHA,QUITO,QUITO,URBANA,2017-07-01,02:40:00,2,SABADO,6,JULIO,7,NO,"NO RESPETAR LAS SENIALES REGLAMENTARIAS DE TRANSITO. (PARE, CEDA EL PASO, LUZ ROJA DEL SEMAFORO, ETC).",CHOQUE LATERAL,VEHICULO DEPORTIVO UTILITARIO,0,0,0,0,0,0,0,0,0,1,0,0,1,2,36,HOMBRE,ILESO,CONDUCTOR PRESENTE,NO,NO,0
4665,14331,14332,2017,0,0,-0.115888,-78.459686,PICHINCHA,QUITO,QUITO,RURAL,2017-07-01,03:10:00,3,SABADO,6,JULIO,7,NO,"CONDUCE BAJO LA INFLUENCIA DE ALCOHOL, SUSTANCIAS ESTUPEFACIENTES O PSICOTROPICAS Y/O MEDICAMENTOS.",ROZAMIENTOS,VEHICULO DEPORTIVO UTILITARIO,1,0,0,0,0,0,0,0,0,0,0,0,1,2,28,HOMBRE,ILESO,CONDUCTOR PRESENTE,NO,NO,3
4666,14332,14333,2017,0,1,-0.292286,-78.534826,PICHINCHA,QUITO,QUITO,URBANA,2017-07-01,03:26:00,3,SABADO,6,JULIO,7,NO,CONDUCIR VEHICULO SUPERANDO LOS LIMITES MAXIMOS DE VELOCIDAD.,PERDIDA DE PISTA,MOTOCICLETA,0,0,0,0,0,0,0,0,1,0,0,0,0,1,28,HOMBRE,FALLECIDO,CONDUCTOR PRESENTE,NO,NO,0
4667,14333,14334,2017,0,0,-0.126554,-78.494003,PICHINCHA,QUITO,QUITO,URBANA,2017-07-01,03:30:00,3,SABADO,6,JULIO,7,NO,"CONDUCE BAJO LA INFLUENCIA DE ALCOHOL, SUSTANCIAS ESTUPEFACIENTES O PSICOTROPICAS Y/O MEDICAMENTOS.",CHOQUE LATERAL,AUTOMOVIL,2,0,0,0,0,0,0,0,0,0,0,0,0,2,22,HOMBRE,ILESO,CONDUCTOR PRESENTE,NO,NO,0
4668,14339,14340,2017,0,0,-0.204592,-78.455985,PICHINCHA,QUITO,QUITO,RURAL,2017-07-01,07:25:00,7,SABADO,6,JULIO,7,NO,CONDUCIR VEHICULO SUPERANDO LOS LIMITES MAXIMOS DE VELOCIDAD.,PERDIDA DE PISTA,AUTOMOVIL,1,0,0,0,0,0,0,0,0,0,0,0,0,1,-1,NO IDENTIFICADO,NO IDENTIFICADO,CONDUCTOR AUSENTE,NO,NO,2
4669,14341,14342,2017,1,0,-0.246122,-78.520731,PICHINCHA,QUITO,QUITO,URBANA,2017-07-01,07:50:00,7,SABADO,6,JULIO,7,NO,NO GUARDAR LA DISTANCIA LATERAL MINIMA DE SEGURIDAD ENTRE VEHICULOS.,ROZAMIENTOS,NO IDENTIFICADO,0,0,0,0,0,0,0,0,0,2,0,0,0,2,34,MUJER,LESIONADO,PASAJERO,NO,NO,0
4670,14344,14345,2017,0,0,-0.273202,-78.552353,PICHINCHA,QUITO,QUITO,URBANA,2017-07-01,08:45:00,8,SABADO,6,JULIO,7,NO,"CONDUCE BAJO LA INFLUENCIA DE ALCOHOL, SUSTANCIAS ESTUPEFACIENTES O PSICOTROPICAS Y/O MEDICAMENTOS.",COLISION,AUTOMOVIL,2,0,0,0,1,0,0,0,0,0,0,0,0,3,48,HOMBRE,ILESO,CONDUCTOR PRESENTE,NO,NO,0
4671,14345,14346,2017,0,1,-0.126471,-78.478019,PICHINCHA,QUITO,QUITO,URBANA,2017-07-01,08:50:00,8,SABADO,6,JULIO,7,NO,"NO RESPETAR LAS SENIALES REGLAMENTARIAS DE TRANSITO. (PARE, CEDA EL PASO, LUZ ROJA DEL SEMAFORO, ETC).",VOLCAMIENTOS,AUTOMOVIL,1,0,0,0,0,0,0,0,1,0,0,0,0,2,29,HOMBRE,FALLECIDO,CONDUCTOR PRESENTE,NO,NO,0
4672,14346,14347,2017,1,0,-0.235984,-78.528073,PICHINCHA,QUITO,QUITO,URBANA,2017-07-01,09:00:00,9,SABADO,6,JULIO,7,NO,BAJARSE O SUBIRSE DE VEHICULOS EN MOVIMIENTO SIN TOMAR LAS PRECAUCIONES DEBIDAS.,CAIDA DE PASAJERO,NO IDENTIFICADO,0,0,0,0,0,0,0,0,0,1,0,0,0,1,34,HOMBRE,LESIONADO,PASAJERO,NO,NO,0
4673,14347,14348,2017,0,0,-0.153666,-78.467181,PICHINCHA,QUITO,QUITO,URBANA,2017-07-01,09:10:00,9,SABADO,6,JULIO,7,NO,NO TRANSITAR POR LAS ACERAS O ZONAS DE SEGURIDAD DESTINADAS PARA EL EFECTO.,ATROPELLOS,AUTOMOVIL,1,0,0,0,0,0,0,0,0,0,0,0,0,1,33,HOMBRE,ILESO,CONDUCTOR PRESENTE,NO,NO,0
4674,14349,14350,2017,0,0,-0.166952,-78.486293,PICHINCHA,QUITO,QUITO,URBANA,2017-07-01,10:10:00,10,SABADO,6,JULIO,7,NO,"NO RESPETAR LAS SENIALES REGLAMENTARIAS DE TRANSITO. (PARE, CEDA EL PASO, LUZ ROJA DEL SEMAFORO, ETC).",CHOQUE LATERAL,AUTOMOVIL,2,0,0,0,0,0,0,0,0,0,0,0,0,2,49,MUJER,ILESO,CONDUCTOR PRESENTE,NO,NO,0
4675,14352,14353,2017,0,0,-0.249962,-78.527255,PICHINCHA,QUITO,QUITO,URBANA,2017-07-01,10:20:00,10,SABADO,6,JULIO,7,NO,NO CEDER EL DERECHO DE VIA O PREFERENCIA DE PASO AL PEATON.,ATROPELLOS,AUTOMOVIL,1,0,0,0,0,0,0,0,0,0,0,0,0,1,29,HOMBRE,ILESO,CONDUCTOR PRESENTE,NO,NO,0