,Unnamed: 0,ID,ANIO,LESIONADOS,FALLECIDOS,LATITUD_Y,LONGITUD_X,PROVINCIA,CANTON,PARROQUIA,ZONA,FECHA,HORA,PERIODO_2,DIA_1,DIA_2,MES_1,MES_2,FERIADO,CAUSA_PROBABLE,TIPO_DE_SINIESTRO,TIPO_DE_VEHICULO_1,AUTOMOVIL,BICICLETA,BUS,CAMION,CAMIONETA,EMERGENCIAS,ESPECIAL,FURGONETA,MOTOCICLETA,NO_IDENTIFICADO,SCOOTER_ELECTRICO,TRICIMOTO,VEHICULO_DEPORTIVO_UTILITARIO,SUMA_DE_VEHICULOS,EDAD_1,SEXO_1,CONDICION_1,PARTICIPANTE_1,CASCO_1,CINTURON_1,KMeans_Cluster
4676,14354,14355,2017,0,0,-0.214643,-78.516701,PICHINCHA,QUITO,QUITO,URBANA,2017-07-01,10:35:00,10,SABADO,6,JULIO,7,NO,REALIZAR CAMBIO BRUSCO O INDEBIDO DE CARRIL.,PERDIDA DE PISTA,MOTOCICLETA,0,0,0,0,0,0,0,0,1,0,0,0,0,1,40,HOMBRE,ILESO,CONDUCTOR PRESENTE,NO,NO,0
4677,14355,14356,2017,1,0,-0.245281,-78.537564,PICHINCHA,QUITO,QUITO,URBANA,2017-07-01,10:45:00,10,SABADO,6,JULIO,7,NO,DEJAR O RECOGER PASAJEROS EN LUGARES NO PERMITIDOS.,CAIDA DE PASAJERO,NO IDENTIFICADO,0,0,0,0,0,0,0,0,0,1,0,0,0,1,13,HOMBRE,LESIONADO,PASAJERO,NO,NO,0
4678,14359,14360,2017,1,0,-0.127286,-78.498456,PICHINCHA,QUITO,QUITO,URBANA,2017-07-01,12:10:00,12,SABADO,6,JULIO,7,NO,NO CEDER EL DERECHO DE VIA O PREFERENCIA DE PASO AL PEATON.,ATROPELLOS,NO IDENTIFICADO,0,0,0,0,0,0,0,0,0,1,0,0,0,1,26,HOMBRE,LESIONADO,PEATON,NO,NO,0
4679,14360,14361,2017,1,0,-0.295604,-78.561141,PICHINCHA,QUITO,QUITO,URBANA,2017-07-01,12:15:00,12,SABADO,6,JULIO,7,NO,"NO RESPETAR LAS SENIALES REGLAMENTARIAS DE TRANSITO. (PARE, CEDA EL PASO, LUZ ROJA DEL SEMAFORO, ETC).",CHOQUE LATERAL,MOTOCICLETA,0,0,0,0,0,0,0,0,1,1,0,0,0,2,24,MUJER,LESIONADO,PASAJERO,NO,NO,0
4680,14368,14369,2017,7,0,0.027572,-78.143491,PICHINCHA,CAYAMBE,CAYAMBE,URBANA,2017-07-01,16:30:00,16,SABADO,6,JULIO,7,NO,"CONDUCIR DESATENTO A LAS CONDICIONES DE TRANSITO (CELULAR, PANTALLAS DE VIDEO, COMIDA, MAQUILLAJE O CUALQUIER OTRO ELEMENTO DISTRACTOR).",OTROS,AUTOMOVIL,1,0,0,0,1,0,0,0,0,0,0,0,0,2,37,MUJER,LESIONADO,PEATON,NO,NO,0
4681,14369,14370,2017,0,0,-0.244831,-78.514223,PICHINCHA,QUITO,QUITO,URBANA,2017-07-01,16:45:00,16,SABADO,6,JULIO,7,NO,"NO RESPETAR LAS SENIALES REGLAMENTARIAS DE TRANSITO. (PARE, CEDA EL PASO, LUZ ROJA DEL SEMAFORO, ETC).",ATROPELLOS,VEHICULO DEPORTIVO UTILITARIO,0,0,0,0,0,0,0,0,0,0,0,0,1,1,28,HOMBRE,ILESO,CONDUCTOR PRESENTE,NO,NO,0
4682,14371,14372,2017,1,0,-0.288068,-78.528373,PICHINCHA,QUITO,QUITO,URBANA,2017-07-01,18:00:00,18,SABADO,6,JULIO,7,NO,NO CEDER EL DERECHO DE VIA O PREFERENCIA DE PASO AL PEATON.,ATROPELLOS,NO IDENTIFICADO,0,0,0,0,0,0,0,0,0,1,0,0,0,1,42,HOMBRE,LESIONADO,PEATON,NO,NO,0
4683,14372,14373,2017,0,0,-0.144708,-78.474749,PICHINCHA,QUITO,QUITO,URBANA,2017-07-01,18:15:00,18,SABADO,6,JULIO,7,NO,"NO RESPETAR LAS SENIALES REGLAMENTARIAS DE TRANSITO. (PARE, CEDA EL PASO, LUZ ROJA DEL SEMAFORO, ETC).",CHOQUE LATERAL,FURGONETA,0,0,1,0,0,0,0,1,0,0,0,0,0,2,38,HOMBRE,ILESO,CONDUCTOR PRESENTE,NO,NO,0
4684,14373,14374,2017,0,0,-0.217755,-78.491296,PICHINCHA,QUITO,QUITO,URBANA,2017-07-01,18:45:00,18,SABADO,6,JULIO,7,NO,NO GUARDAR LA DISTANCIA LATERAL MINIMA DE SEGURIDAD ENTRE VEHICULOS.,ROZAMIENTOS,VEHICULO DEPORTIVO UTILITARIO,0,0,0,0,0,0,0,0,0,1,0,0,1,2,49,MUJER,ILESO,CONDUCTOR PRESENTE,NO,NO,0
4685,14376,14377,2017,1,0,-0.279175,-78.542778,PICHINCHA,QUITO,QUITO,URBANA,2017-07-01,19:10:00,19,SABADO,6,JULIO,7,NO,"CONDUCIR DESATENTO A LAS CONDICIONES DE TRANSITO (CELULAR, PANTALLAS DE VIDEO, COMIDA, MAQUILLAJE O CUALQUIER OTRO ELEMENTO DISTRACTOR).",PERDIDA DE PISTA,VEHICULO DEPORTIVO UTILITARIO,0,0,0,0,0,0,0,0,0,0,0,0,1,1,50,HOMBRE,LESIONADO,PEATON,NO,NO,0
4686,14378,14379,2017,1,0,-0.291199,-78.545843,PICHINCHA,QUITO,QUITO,URBANA,2017-07-01,19:35:00,19,SABADO,6,JULIO,7,NO,"NO RESPETAR LAS SENIALES REGLAMENTARIAS DE TRANSITO. (PARE, CEDA EL PASO, LUZ ROJA DEL SEMAFORO, ETC).",CHOQUE LATERAL,AUTOMOVIL,1,0,0,0,0,0,0,1,0,0,0,0,0,2,43,HOMBRE,LESIONADO,CONDUCTOR PRESENTE,NO,NO,0
4687,14382,14383,2017,0,0,-0.092503,-78.434123,PICHINCHA,QUITO,CALDERON (CARAPUNGO),RURAL,2017-07-01,20:25:00,20,SABADO,6,JULIO,7,NO,NO GUARDAR LA DISTANCIA LATERAL MINIMA DE SEGURIDAD ENTRE VEHICULOS.,ROZAMIENTOS,AUTOMOVIL,1,0,0,0,0,0,0,0,0,1,0,0,0,2,35,HOMBRE,ILESO,CONDUCTOR PRESENTE,NO,NO,3
4688,14385,14386,2017,2,0,-0.209989,-78.515658,PICHINCHA,QUITO,QUITO,URBANA,2017-07-01,21:35:00,21,SABADO,6,JULIO,7,NO,"CONDUCIR EN ESTADO DE SOMNOLENCIA O MALAS CONDICIONES FISICAS (SUENIO, CANSANCIO Y FATIGA).",PERDIDA DE PISTA,VEHICULO DEPORTIVO UTILITARIO,0,0,0,0,0,0,0,0,0,0,0,0,1,1,31,MUJER,LESIONADO,CONDUCTOR PRESENTE,NO,NO,0
4689,14388,14389,2017,0,0,-0.133554,-78.501956,PICHINCHA,QUITO,QUITO,URBANA,2017-07-01,22:05:00,22,SABADO,6,JULIO,7,NO,"CONDUCIR EN ESTADO DE SOMNOLENCIA O MALAS CONDICIONES FISICAS (SUENIO, CANSANCIO Y FATIGA).",ESTRELLAMIENTOS,VEHICULO DEPORTIVO UTILITARIO,0,0,0,0,0,0,0,0,0,0,0,0,1,1,32,HOMBRE,ILESO,CONDUCTOR PRESENTE,NO,NO,0
4690,14389,14390,2017,0,0,-0.286003,-78.539343,PICHINCHA,QUITO,QUITO,URBANA,2017-07-01,22:25:00,22,SABADO,6,JULIO,7,NO,NO GUARDAR LA DISTANCIA LATERAL MINIMA DE SEGURIDAD ENTRE VEHICULOS.,ROZAMIENTOS,AUTOMOVIL,1,0,0,0,0,0,0,0,0,1,0,0,0,2,27,HOMBRE,ILESO,CONDUCTOR PRESENTE,NO,NO,0
4691,14391,14392,2017,1,0,-0.174894,-78.501169,PICHINCHA,QUITO,QUITO,URBANA,2017-07-01,22:45:00,22,SABADO,6,JULIO,7,NO,"CONDUCE BAJO LA INFLUENCIA DE ALCOHOL, SUSTANCIAS ESTUPEFACIENTES O PSICOTROPICAS Y/O MEDICAMENTOS.",COLISION,AUTOMOVIL,1,0,0,0,0,0,0,0,0,0,0,0,2,3,16,MUJER,LESIONADO,PASAJERO,NO,NO,0
4692,14392,14393,2017,2,1,-0.271991,-78.529167,PICHINCHA,QUITO,QUITO,URBANA,2017-07-01,23:00:00,23,SABADO,6,JULIO,7,NO,CONDUCIR VEHICULO SUPERANDO LOS LIMITES MAXIMOS DE VELOCIDAD.,VOLCAMIENTOS,MOTOCICLETA,0,0,0,0,0,0,0,0,1,0,0,0,0,1,34,HOMBRE,FALLECIDO,PASAJERO,NO,NO,0
4693,14411,14412,2017,1,0,-0.210558,-78.386186,PICHINCHA,QUITO,TUMBACO,RURAL,2017-07-02,00:15:00,0,DOMINGO,7,JULIO,7,NO,NO TRANSITAR POR LAS ACERAS O ZONAS DE SEGURIDAD DESTINADAS PARA EL EFECTO.,ATROPELLOS,NO IDENTIFICADO,0,0,0,0,0,0,0,0,0,1,0,0,0,1,30,HOMBRE,LESIONADO,PEATON,NO,NO,3
4694,14413,14414,2017,3,0,-0.091585,-78.439052,PICHINCHA,QUITO,CALDERON (CARAPUNGO),RURAL,2017-07-02,01:05:00,1,DOMINGO,7,JULIO,7,NO,"NO RESPETAR LAS SENIALES REGLAMENTARIAS DE TRANSITO. (PARE, CEDA EL PASO, LUZ ROJA DEL SEMAFORO, ETC).",CHOQUE LATERAL,AUTOMOVIL,2,0,0,0,0,0,0,0,0,0,0,0,0,2,34,MUJER,LESIONADO,PASAJERO,NO,NO,3
4695,14422,14423,2017,0,0,-0.321394,-78.442312,PICHINCHA,RUMINIAHUI,SANGOLQUI,URBANA,2017-07-02,02:30:00,2,DOMINGO,7,JULIO,7,NO,"CONDUCIR DESATENTO A LAS CONDICIONES DE TRANSITO (CELULAR, PANTALLAS DE VIDEO, COMIDA, MAQUILLAJE O CUALQUIER OTRO ELEMENTO DISTRACTOR).",PERDIDA DE PISTA,VEHICULO DEPORTIVO UTILITARIO,0,0,0,0,0,0,0,0,0,0,0,0,1,1,-1,NO IDENTIFICADO,NO IDENTIFICADO,CONDUCTOR AUSENTE,NO,NO,2
4696,14425,14426,2017,1,0,-0.103147,-78.494084,PICHINCHA,QUITO,QUITO,URBANA,2017-07-02,02:30:00,2,DOMINGO,7,JULIO,7,NO,"CONDUCIR EN ESTADO DE SOMNOLENCIA O MALAS CONDICIONES FISICAS (SUENIO, CANSANCIO Y FATIGA).",PERDIDA DE PISTA,MOTOCICLETA,0,0,0,0,0,0,0,0,1,0,0,0,0,1,22,HOMBRE,LESIONADO,CONDUCTOR PRESENTE,NO,NO,0
4697,14427,14428,2017,0,1,-0.252601,-78.301437,PICHINCHA,QUITO,PIFO,RURAL,2017-07-02,03:15:00,3,DOMINGO,7,JULIO,7,NO,CONDUCIR VEHICULO SUPERANDO LOS LIMITES MAXIMOS DE VELOCIDAD.,ATROPELLOS,NO IDENTIFICADO,0,0,0,0,0,0,0,0,0,1,0,0,0,1,55,HOMBRE,FALLECIDO,PEATON,NO,NO,3
4698,14439,14440,2017,0,0,-0.286657,-78.568501,PICHINCHA,QUITO,QUITO,URBANA,2017-07-02,07:00:00,7,DOMINGO,7,JULIO,7,NO,"NO RESPETAR LAS SENIALES REGLAMENTARIAS DE TRANSITO. (PARE, CEDA EL PASO, LUZ ROJA DEL SEMAFORO, ETC).",CHOQUE LATERAL,AUTOMOVIL,1,0,0,0,0,0,0,0,0,1,0,0,0,2,52,MUJER,ILESO,CONDUCTOR PRESENTE,NO,NO,0
4699,14443,14444,2017,2,0,-0.310986,-78.564638,PICHINCHA,QUITO,QUITO,URBANA,2017-07-02,08:20:00,8,DOMINGO,7,JULIO,7,NO,CONDUCIR VEHICULO SUPERANDO LOS LIMITES MAXIMOS DE VELOCIDAD.,PERDIDA DE PISTA,NO IDENTIFICADO,0,0,0,0,0,0,0,0,0,1,0,0,0,1,19,MUJER,LESIONADO,PASAJERO,NO,NO,0
4700,14445,14446,2017,0,0,-0.247737,-78.580183,PICHINCHA,QUITO,LLOA,URBANA,2017-07-02,10:05:00,10,DOMINGO,7,JULIO,7,NO,REALIZAR CAMBIO BRUSCO O INDEBIDO DE CARRIL.,CHOQUE FRONTAL,AUTOMOVIL,1,0,0,0,1,0,0,0,0,0,0,0,0,2,24,MUJER,ILESO,CONDUCTOR PRESENTE,NO,NO,0
4701,14447,14448,2017,0,0,0.009698,-78.208647,PICHINCHA,CAYAMBE,CANGAHUA,RURAL,2017-07-02,11:00:00,11,DOMINGO,7,JULIO,7,NO,NO MANTENER LA DISTANCIA PRUDENCIAL CON RESPECTO AL VEHICULO QUE LE ANTECEDE.,VOLCAMIENTOS,CAMION,0,0,0,1,0,0,0,0,0,0,0,0,0,1,44,HOMBRE,ILESO,CONDUCTOR PRESENTE,NO,NO,3
4702,14448,14449,2017,0,0,-0.171497,-78.490692,PICHINCHA,QUITO,QUITO,URBANA,2017-07-02,11:10:00,11,DOMINGO,7,JULIO,7,NO,"CONDUCIR DESATENTO A LAS CONDICIONES DE TRANSITO (CELULAR, PANTALLAS DE VIDEO, COMIDA, MAQUILLAJE O CUALQUIER OTRO ELEMENTO DISTRACTOR).",ESTRELLAMIENTOS,AUTOMOVIL,1,0,0,0,0,0,0,0,0,0,0,0,0,1,80,HOMBRE,ILESO,CONDUCTOR PRESENTE,NO,NO,0
4703,14449,14450,2017,1,0,-0.206422,-78.512145,PICHINCHA,QUITO,QUITO,URBANA,2017-07-02,11:47:00,11,DOMINGO,7,JULIO,7,NO,NO CEDER EL DERECHO DE VIA O PREFERENCIA DE PASO A VEHICULOS.,CHOQUE LATERAL,MOTOCICLETA,0,0,0,0,0,0,0,0,1,1,0,0,0,2,20,HOMBRE,LESIONADO,CONDUCTOR PRESENTE,NO,NO,0
4704,14452,14453,2017,1,0,-0.273825,-78.510216,PICHINCHA,QUITO,QUITO,URBANA,2017-07-02,12:25:00,12,DOMINGO,7,JULIO,7,NO,CONDUCIR VEHICULO SUPERANDO LOS LIMITES MAXIMOS DE VELOCIDAD.,PERDIDA DE PISTA,MOTOCICLETA,0,0,0,0,0,0,0,0,1,0,0,0,0,1,19,HOMBRE,LESIONADO,CONDUCTOR PRESENTE,NO,NO,0
4705,14454,14455,2017,0,0,-0.219124,-78.520584,PICHINCHA,QUITO,QUITO,URBANA,2017-07-02,12:37:00,12,DOMINGO,7,JULIO,7,NO,NO GUARDAR LA DISTANCIA LATERAL MINIMA DE SEGURIDAD ENTRE VEHICULOS.,ROZAMIENTOS,VEHICULO DEPORTIVO UTILITARIO,0,0,1,0,0,0,0,0,0,0,0,0,1,2,27,HOMBRE,ILESO,CONDUCTOR PRESENTE,NO,NO,0
4706,14456,14457,2017,0,0,-0.186642,-78.495821,PICHINCHA,QUITO,QUITO,URBANA,2017-07-02,13:00:00,13,DOMINGO,7,JULIO,7,NO,NO CEDER EL DERECHO DE VIA O PREFERENCIA DE PASO A VEHICULOS.,CHOQUE LATERAL,FURGONETA,1,0,0,0,0,0,0,1,0,0,0,0,0,2,39,HOMBRE,ILESO,CONDUCTOR PRESENTE,NO,NO,0
4707,14461,14462,2017,0,0,-0.467611,-78.565581,PICHINCHA,MEJIA,MACHACHI,RURAL,2017-07-02,14:50:00,14,DOMINGO,7,JULIO,7,NO,"CONDUCE BAJO LA INFLUENCIA DE ALCOHOL, SUSTANCIAS ESTUPEFACIENTES O PSICOTROPICAS Y/O MEDICAMENTOS.",OTROS,CAMION,0,0,0,1,0,0,0,0,0,0,0,0,0,1,33,HOMBRE,ILESO,CONDUCTOR PRESENTE,NO,NO,3
4708,14465,14466,2017,0,0,-0.177891,-78.454939,PICHINCHA,QUITO,QUITO,URBANA,2017-07-02,15:55:00,15,DOMINGO,7,JULIO,7,NO,"FALLA MECANICA EN LOS SISTEMAS Y/O NEUMATICOS (SISTEMA DE FRENOS, DIRECCION, ELECTRONICO O MECANICO).",PERDIDA DE PISTA,BUS,0,0,1,0,0,0,0,0,0,0,0,0,0,1,-1,NO IDENTIFICADO,NO IDENTIFICADO,CONDUCTOR AUSENTE,NO,NO,2
4709,14467,14468,2017,0,0,-0.203469,-78.503011,PICHINCHA,QUITO,QUITO,URBANA,2017-07-02,16:30:00,16,DOMINGO,7,JULIO,7,NO,"CONDUCE BAJO LA INFLUENCIA DE ALCOHOL, SUSTANCIAS ESTUPEFACIENTES O PSICOTROPICAS Y/O MEDICAMENTOS.",CHOQUE LATERAL,AUTOMOVIL,2,0,0,0,0,0,0,0,0,0,0,0,0,2,40,HOMBRE,ILESO,CONDUCTOR PRESENTE,NO,NO,0
4710,14468,14469,2017,1,0,-0.311518,-78.565012,PICHINCHA,QUITO,QUITO,URBANA,2017-07-02,16:55:00,16,DOMINGO,7,JULIO,7,NO,NO CEDER EL DERECHO DE VIA O PREFERENCIA DE PASO AL PEATON.,ARROLLAMIENTOS,NO IDENTIFICADO,0,0,0,0,0,0,0,0,0,1,0,0,0,1,47,HOMBRE,LESIONADO,PEATON,NO,NO,0
4711,14469,14470,2017,1,0,-0.311518,-78.565012,PICHINCHA,QUITO,QUITO,URBANA,2017-07-02,17:00:00,17,DOMINGO,7,JULIO,7,NO,"CONDUCIR DESATENTO A LAS CONDICIONES DE TRANSITO (CELULAR, PANTALLAS DE VIDEO, COMIDA, MAQUILLAJE O CUALQUIER OTRO ELEMENTO DISTRACTOR).",CHOQUE LATERAL,MOTOCICLETA,0,0,0,0,0,0,0,0,1,1,0,0,0,2,40,HOMBRE,LESIONADO,CONDUCTOR PRESENTE,NO,NO,0
4712,14471,14472,2017,1,0,-0.510655,-78.574703,PICHINCHA,MEJIA,MACHACHI,RURAL,2017-07-02,17:45:00,17,DOMINGO,7,JULIO,7,NO,NO TRANSITAR POR LAS ACERAS O ZONAS DE SEGURIDAD DESTINADAS PARA EL EFECTO.,ATROPELLOS,VEHICULO DEPORTIVO UTILITARIO,0,0,0,0,0,0,0,0,0,0,0,0,1,1,61,HOMBRE,LESIONADO,PEATON,NO,NO,3
4713,14476,14477,2017,0,0,-0.092061,-78.455636,PICHINCHA,QUITO,CALDERON (CARAPUNGO),RURAL,2017-07-02,19:15:00,19,DOMINGO,7,JULIO,7,NO,"CONDUCE BAJO LA INFLUENCIA DE ALCOHOL, SUSTANCIAS ESTUPEFACIENTES O PSICOTROPICAS Y/O MEDICAMENTOS.",ESTRELLAMIENTOS,AUTOMOVIL,1,0,0,0,0,0,0,0,1,0,0,0,0,2,27,HOMBRE,ILESO,CONDUCTOR PRESENTE,NO,NO,3
4714,14478,14479,2017,0,0,-0.127503,-78.466232,PICHINCHA,QUITO,QUITO,URBANA,2017-07-02,19:40:00,19,DOMINGO,7,JULIO,7,NO,"CONDUCE BAJO LA INFLUENCIA DE ALCOHOL, SUSTANCIAS ESTUPEFACIENTES O PSICOTROPICAS Y/O MEDICAMENTOS.",ESTRELLAMIENTOS,CAMIONETA,0,0,0,0,1,0,0,0,0,0,0,0,0,1,50,HOMBRE,ILESO,CONDUCTOR PRESENTE,NO,NO,0
4715,14504,14505,2017,1,0,0.006047,-78.218542,PICHINCHA,CAYAMBE,CANGAHUA,RURAL,2017-07-03,00:45:00,0,LUNES,1,JULIO,7,NO,NO MANTENER LA DISTANCIA PRUDENCIAL CON RESPECTO AL VEHICULO QUE LE ANTECEDE.,PERDIDA DE PISTA,VEHICULO DEPORTIVO UTILITARIO,0,0,0,0,0,0,0,0,0,0,0,0,1,1,22,HOMBRE,LESIONADO,CONDUCTOR PRESENTE,NO,NO,3
4716,14506,14507,2017,2,0,-0.222228,-78.521846,PICHINCHA,QUITO,QUITO,URBANA,2017-07-03,01:25:00,1,LUNES,1,JULIO,7,NO,"CONDUCIR EN ESTADO DE SOMNOLENCIA O MALAS CONDICIONES FISICAS (SUENIO, CANSANCIO Y FATIGA).",CHOQUE POSTERIOR,MOTOCICLETA,0,0,0,0,0,0,0,0,1,1,0,0,0,2,22,HOMBRE,LESIONADO,PASAJERO,NO,NO,0
4717,14508,14509,2017,1,0,-0.121124,-78.441886,PICHINCHA,QUITO,CALDERON (CARAPUNGO),RURAL,2017-07-03,05:30:00,5,LUNES,1,JULIO,7,NO,CONDUCIR VEHICULO SUPERANDO LOS LIMITES MAXIMOS DE VELOCIDAD.,PERDIDA DE PISTA,AUTOMOVIL,1,0,0,0,0,0,0,0,0,0,0,0,0,1,28,MUJER,LESIONADO,CONDUCTOR PRESENTE,NO,NO,3
4718,14509,14510,2017,0,0,-0.100181,-78.471675,PICHINCHA,QUITO,QUITO,RURAL,2017-07-03,05:40:00,5,LUNES,1,JULIO,7,NO,REALIZAR CAMBIO BRUSCO O INDEBIDO DE CARRIL.,ESTRELLAMIENTOS,AUTOMOVIL,1,0,0,0,0,0,0,0,0,0,0,0,2,3,45,HOMBRE,ILESO,CONDUCTOR PRESENTE,NO,NO,3
4719,14511,14512,2017,1,0,-0.128426,-78.487462,PICHINCHA,QUITO,QUITO,URBANA,2017-07-03,05:45:00,5,LUNES,1,JULIO,7,NO,"NO RESPETAR LAS SENIALES REGLAMENTARIAS DE TRANSITO. (PARE, CEDA EL PASO, LUZ ROJA DEL SEMAFORO, ETC).",CHOQUE LATERAL,AUTOMOVIL,1,0,0,0,0,0,0,0,0,1,0,0,0,2,37,MUJER,LESIONADO,PASAJERO,NO,NO,0
4720,14514,14515,2017,1,0,-0.254256,-78.515617,PICHINCHA,QUITO,QUITO,URBANA,2017-07-03,07:00:00,7,LUNES,1,JULIO,7,NO,NO TRANSITAR POR LAS ACERAS O ZONAS DE SEGURIDAD DESTINADAS PARA EL EFECTO.,ATROPELLOS,VEHICULO DEPORTIVO UTILITARIO,0,0,0,0,0,0,0,0,0,0,0,0,1,1,10,MUJER,LESIONADO,PEATON,NO,NO,0
4721,14517,14518,2017,0,1,-0.032431,-78.272259,PICHINCHA,CAYAMBE,SANTA ROSA DE CUZUBAMBA,RURAL,2017-07-03,07:25:00,7,LUNES,1,JULIO,7,NO,NO MANTENER LA DISTANCIA PRUDENCIAL CON RESPECTO AL VEHICULO QUE LE ANTECEDE.,PERDIDA DE PISTA,CAMION,0,0,0,1,0,0,0,0,0,0,0,0,0,1,35,HOMBRE,FALLECIDO,CONDUCTOR PRESENTE,NO,NO,3
4722,14519,14520,2017,0,0,-0.202405,-78.492023,PICHINCHA,QUITO,QUITO,URBANA,2017-07-03,08:15:00,8,LUNES,1,JULIO,7,NO,"NO RESPETAR LAS SENIALES REGLAMENTARIAS DE TRANSITO. (PARE, CEDA EL PASO, LUZ ROJA DEL SEMAFORO, ETC).",CHOQUE LATERAL,VEHICULO DEPORTIVO UTILITARIO,1,0,0,0,0,0,0,0,0,0,0,0,1,2,19,HOMBRE,ILESO,CONDUCTOR PRESENTE,NO,NO,0
4723,14520,14521,2017,0,0,-0.218442,-78.388626,PICHINCHA,QUITO,TUMBACO,RURAL,2017-07-03,08:20:00,8,LUNES,1,JULIO,7,NO,NO MANTENER LA DISTANCIA PRUDENCIAL CON RESPECTO AL VEHICULO QUE LE ANTECEDE.,CHOQUE POSTERIOR,AUTOMOVIL,2,0,0,0,0,0,0,0,0,0,0,0,0,2,-1,NO IDENTIFICADO,NO IDENTIFICADO,CONDUCTOR AUSENTE,NO,NO,2
4724,14521,14522,2017,1,0,-0.188475,-78.492143,PICHINCHA,QUITO,QUITO,URBANA,2017-07-03,08:31:00,8,LUNES,1,JULIO,7,NO,NO CEDER EL DERECHO DE VIA O PREFERENCIA DE PASO AL PEATON.,ATROPELLOS,MOTOCICLETA,0,0,0,0,0,0,0,0,1,0,0,0,0,1,39,MUJER,LESIONADO,PEATON,NO,NO,0
4725,14523,14524,2017,0,0,-0.156069,-78.439391,PICHINCHA,QUITO,NAYON,RURAL,2017-07-03,08:40:00,8,LUNES,1,JULIO,7,NO,"CASO FORTUITO O FUERZA MAYOR (EXPLOSION DE NEUMATICO NUEVO, DERRUMBE, INUNDACION, CAIDA DE PUENTE, ARBOL, PRESENCIA INTEMPESTIVA E IMPREVISTA DE SEMOVIENTES EN LA VIA, ETC.).",CHOQUE LATERAL,FURGONETA,0,0,0,0,0,0,0,1,0,0,0,0,1,2,18,HOMBRE,ILESO,CONDUCTOR PRESENTE,NO,NO,3
4726,14524,14525,2017,0,0,-0.197371,-78.506161,PICHINCHA,QUITO,QUITO,URBANA,2017-07-03,09:00:00,9,LUNES,1,JULIO,7,NO,NO CEDER EL DERECHO DE VIA O PREFERENCIA DE PASO A VEHICULOS.,CHOQUE LATERAL,AUTOMOVIL,2,0,0,0,0,0,0,0,0,0,0,0,0,2,32,HOMBRE,ILESO,CONDUCTOR PRESENTE,NO,NO,0
4727,14525,14526,2017,1,0,-0.191657,-78.490808,PICHINCHA,QUITO,QUITO,URBANA,2017-07-03,09:10:00,9,LUNES,1,JULIO,7,NO,"NO RESPETAR LAS SENIALES REGLAMENTARIAS DE TRANSITO. (PARE, CEDA EL PASO, LUZ ROJA DEL SEMAFORO, ETC).",CHOQUE LATERAL,MOTOCICLETA,1,0,0,0,0,0,0,0,1,0,0,0,0,2,26,HOMBRE,LESIONADO,CONDUCTOR PRESENTE,NO,NO,0
4728,14526,14527,2017,2,1,-0.267229,-78.527199,PICHINCHA,QUITO,QUITO,URBANA,2017-07-03,09:30:00,9,LUNES,1,JULIO,7,NO,CONDUCIR VEHICULO SUPERANDO LOS LIMITES MAXIMOS DE VELOCIDAD.,ATROPELLOS,AUTOMOVIL,1,0,0,0,0,0,0,0,0,0,0,0,0,1,41,HOMBRE,FALLECIDO,PEATON,NO,NO,0
4729,14527,14528,2017,0,0,-0.244627,-78.519067,PICHINCHA,QUITO,QUITO,URBANA,2017-07-03,09:30:00,9,LUNES,1,JULIO,7,NO,"CONDUCIR DESATENTO A LAS CONDICIONES DE TRANSITO (CELULAR, PANTALLAS DE VIDEO, COMIDA, MAQUILLAJE O CUALQUIER OTRO ELEMENTO DISTRACTOR).",ESTRELLAMIENTOS,VEHICULO DEPORTIVO UTILITARIO,0,0,0,0,0,0,0,0,0,1,0,0,1,2,-1,NO IDENTIFICADO,NO IDENTIFICADO,CONDUCTOR AUSENTE,NO,NO,2
4730,14530,14531,2017,1,0,-0.348357,-78.479878,PICHINCHA,QUITO,AMAGUANIA,RURAL,2017-07-03,10:45:00,10,LUNES,1,JULIO,7,NO,REALIZAR CAMBIO BRUSCO O INDEBIDO DE CARRIL.,CHOQUE FRONTAL,CAMIONETA,0,0,0,0,1,0,0,0,1,0,0,0,0,2,43,HOMBRE,LESIONADO,CONDUCTOR PRESENTE,NO,NO,3
4731,14540,14541,2017,0,0,-0.250881,-78.521185,PICHINCHA,QUITO,QUITO,URBANA,2017-07-03,14:30:00,14,LUNES,1,JULIO,7,NO,"NO RESPETAR LAS SENIALES REGLAMENTARIAS DE TRANSITO. (PARE, CEDA EL PASO, LUZ ROJA DEL SEMAFORO, ETC).",CHOQUE LATERAL,AUTOMOVIL,1,0,0,0,1,0,0,0,0,0,0,0,0,2,73,MUJER,ILESO,CONDUCTOR PRESENTE,NO,NO,0
4732,14543,14544,2017,2,0,-0.183821,-78.495021,PICHINCHA,QUITO,QUITO,URBANA,2017-07-03,15:00:00,15,LUNES,1,JULIO,7,NO,NO CEDER EL DERECHO DE VIA O PREFERENCIA DE PASO AL PEATON.,ATROPELLOS,VEHICULO DEPORTIVO UTILITARIO,0,0,0,0,0,0,0,0,0,0,0,0,1,1,85,HOMBRE,LESIONADO,CONDUCTOR PRESENTE,NO,NO,0
4733,14547,14548,2017,0,0,-0.206487,-78.499324,PICHINCHA,QUITO,QUITO,URBANA,2017-07-03,15:26:00,15,LUNES,1,JULIO,7,NO,NO GUARDAR LA DISTANCIA LATERAL MINIMA DE SEGURIDAD ENTRE VEHICULOS.,ROZAMIENTOS,AUTOMOVIL,1,0,1,0,0,0,0,0,0,0,0,0,0,2,27,HOMBRE,ILESO,CONDUCTOR PRESENTE,NO,NO,0