,Unnamed: 0,ID,ANIO,LESIONADOS,FALLECIDOS,LATITUD_Y,LONGITUD_X,PROVINCIA,CANTON,PARROQUIA,ZONA,FECHA,HORA,PERIODO_2,DIA_1,DIA_2,MES_1,MES_2,FERIADO,CAUSA_PROBABLE,TIPO_DE_SINIESTRO,TIPO_DE_VEHICULO_1,AUTOMOVIL,BICICLETA,BUS,CAMION,CAMIONETA,EMERGENCIAS,ESPECIAL,FURGONETA,MOTOCICLETA,NO_IDENTIFICADO,SCOOTER_ELECTRICO,TRICIMOTO,VEHICULO_DEPORTIVO_UTILITARIO,SUMA_DE_VEHICULOS,EDAD_1,SEXO_1,CONDICION_1,PARTICIPANTE_1,CASCO_1,CINTURON_1,KMeans_Cluster
4791,14746,14747,2017,1,0,-0.176893,-78.478111,PICHINCHA,QUITO,QUITO,URBANA,2017-07-06,10:00:00,10,JUEVES,4,JULIO,7,NO,NO CEDER EL DERECHO DE VIA O PREFERENCIA DE PASO AL PEATON.,ATROPELLOS,AUTOMOVIL,1,0,0,0,0,0,0,0,0,0,0,0,0,1,37,MUJER,LESIONADO,PEATON,NO,NO,0
4792,14751,14752,2017,0,0,-0.155854,-78.488672,PICHINCHA,QUITO,QUITO,URBANA,2017-07-06,11:51:00,11,JUEVES,4,JULIO,7,NO,"CONDUCIR DESATENTO A LAS CONDICIONES DE TRANSITO (CELULAR, PANTALLAS DE VIDEO, COMIDA, MAQUILLAJE O CUALQUIER OTRO ELEMENTO DISTRACTOR).",CHOQUE POSTERIOR,AUTOMOVIL,2,0,0,0,0,0,0,0,0,0,0,0,0,2,26,HOMBRE,ILESO,CONDUCTOR PRESENTE,NO,NO,0
4793,14756,14757,2017,0,0,-0.196669,-78.466599,PICHINCHA,QUITO,QUITO,RURAL,2017-07-06,12:40:00,12,JUEVES,4,JULIO,7,NO,NO CEDER EL DERECHO DE VIA O PREFERENCIA DE PASO A VEHICULOS.,CHOQUE LATERAL,AUTOMOVIL,1,0,0,0,0,0,0,0,0,0,0,0,1,2,18,MUJER,ILESO,CONDUCTOR PRESENTE,NO,NO,3
4794,14761,14762,2017,0,0,-0.264383,-78.549927,PICHINCHA,QUITO,QUITO,URBANA,2017-07-06,13:20:00,13,JUEVES,4,JULIO,7,NO,"NO RESPETAR LAS SENIALES REGLAMENTARIAS DE TRANSITO. (PARE, CEDA EL PASO, LUZ ROJA DEL SEMAFORO, ETC).",CHOQUE LATERAL,AUTOMOVIL,2,0,0,0,0,0,0,0,0,0,0,0,0,2,23,HOMBRE,ILESO,CONDUCTOR PRESENTE,NO,NO,0
4795,14762,14763,2017,0,0,-0.188884,-78.482796,PICHINCHA,QUITO,QUITO,URBANA,2017-07-06,13:28:00,13,JUEVES,4,JULIO,7,NO,NO GUARDAR LA DISTANCIA LATERAL MINIMA DE SEGURIDAD ENTRE VEHICULOS.,ROZAMIENTOS,AUTOMOVIL,1,0,0,0,0,0,0,0,0,0,0,0,1,2,34,HOMBRE,ILESO,CONDUCTOR PRESENTE,NO,NO,0
4796,14764,14765,2017,1,0,-0.045968,-78.339786,PICHINCHA,QUITO,GUAYLLABAMBA,RURAL,2017-07-06,14:15:00,14,JUEVES,4,JULIO,7,NO,NO GUARDAR LA DISTANCIA LATERAL MINIMA DE SEGURIDAD ENTRE VEHICULOS.,CHOQUE LATERAL,CAMION,1,0,0,1,0,0,0,0,0,0,0,0,0,2,74,HOMBRE,LESIONADO,CONDUCTOR PRESENTE,NO,NO,3
4797,14766,14767,2017,1,0,-0.235055,-78.510522,PICHINCHA,QUITO,QUITO,URBANA,2017-07-06,14:40:00,14,JUEVES,4,JULIO,7,NO,CONDUCIR EN SENTIDO CONTRARIO A LA VIA NORMAL DE CIRCULACION.,CHOQUE FRONTAL,MOTOCICLETA,0,0,1,0,0,0,0,0,1,0,0,0,0,2,34,HOMBRE,LESIONADO,CONDUCTOR PRESENTE,NO,NO,0
4798,14769,14770,2017,2,0,-0.158036,-78.446359,PICHINCHA,QUITO,NAYON,RURAL,2017-07-06,14:50:00,14,JUEVES,4,JULIO,7,NO,NO MANTENER LA DISTANCIA PRUDENCIAL CON RESPECTO AL VEHICULO QUE LE ANTECEDE.,CHOQUE POSTERIOR,AUTOMOVIL,1,0,0,1,0,0,0,0,0,0,0,0,0,2,58,HOMBRE,LESIONADO,CONDUCTOR PRESENTE,NO,NO,3
4799,14770,14771,2017,0,0,-0.190372,-78.338541,PICHINCHA,QUITO,TABABELA,RURAL,2017-07-06,15:05:00,15,JUEVES,4,JULIO,7,NO,CONDUCIR VEHICULO SUPERANDO LOS LIMITES MAXIMOS DE VELOCIDAD.,CHOQUE POSTERIOR,VEHICULO DEPORTIVO UTILITARIO,0,0,0,0,0,0,0,0,0,0,0,0,2,2,27,MUJER,ILESO,CONDUCTOR PRESENTE,NO,NO,3
4800,14771,14772,2017,0,0,-0.355055,-78.549323,PICHINCHA,QUITO,QUITO,URBANA,2017-07-06,16:00:00,16,JUEVES,4,JULIO,7,NO,"CONDUCE BAJO LA INFLUENCIA DE ALCOHOL, SUSTANCIAS ESTUPEFACIENTES O PSICOTROPICAS Y/O MEDICAMENTOS.",CHOQUE LATERAL,AUTOMOVIL,2,0,0,0,0,0,0,0,0,0,0,0,0,2,33,HOMBRE,ILESO,CONDUCTOR PRESENTE,NO,NO,0
4801,14772,14773,2017,1,0,-0.188211,-78.516441,PICHINCHA,QUITO,QUITO,URBANA,2017-07-06,17:21:00,17,JUEVES,4,JULIO,7,NO,REALIZAR CAMBIO BRUSCO O INDEBIDO DE CARRIL.,PERDIDA DE PISTA,MOTOCICLETA,0,0,0,0,0,0,0,0,1,0,0,0,0,1,28,HOMBRE,LESIONADO,CONDUCTOR PRESENTE,NO,NO,0
4802,14773,14774,2017,1,0,-0.263315,-78.513527,PICHINCHA,QUITO,QUITO,URBANA,2017-07-06,18:30:00,18,JUEVES,4,JULIO,7,NO,REALIZAR CAMBIO BRUSCO O INDEBIDO DE CARRIL.,ESTRELLAMIENTOS,MOTOCICLETA,0,0,0,0,0,0,0,0,1,0,0,0,0,1,20,HOMBRE,LESIONADO,CONDUCTOR PRESENTE,NO,NO,0
4803,14774,14775,2017,0,0,-0.317135,-78.563084,PICHINCHA,QUITO,QUITO,URBANA,2017-07-06,18:30:00,18,JUEVES,4,JULIO,7,NO,NO GUARDAR LA DISTANCIA LATERAL MINIMA DE SEGURIDAD ENTRE VEHICULOS.,ROZAMIENTOS,AUTOMOVIL,1,0,0,0,0,0,0,0,0,1,0,0,0,2,35,MUJER,ILESO,CONDUCTOR PRESENTE,NO,NO,0
4804,14777,14778,2017,0,0,-0.176589,-78.480972,PICHINCHA,QUITO,QUITO,URBANA,2017-07-06,18:53:00,18,JUEVES,4,JULIO,7,NO,NO GUARDAR LA DISTANCIA LATERAL MINIMA DE SEGURIDAD ENTRE VEHICULOS.,ROZAMIENTOS,BUS,0,0,2,0,0,0,0,0,0,0,0,0,0,2,38,HOMBRE,ILESO,CONDUCTOR PRESENTE,NO,NO,0
4805,14779,14780,2017,0,0,-0.198163,-78.486606,PICHINCHA,QUITO,QUITO,URBANA,2017-07-06,19:55:00,19,JUEVES,4,JULIO,7,NO,"NO RESPETAR LAS SENIALES REGLAMENTARIAS DE TRANSITO. (PARE, CEDA EL PASO, LUZ ROJA DEL SEMAFORO, ETC).",CHOQUE LATERAL,AUTOMOVIL,2,0,0,0,0,0,0,0,0,0,0,0,0,2,52,HOMBRE,ILESO,CONDUCTOR PRESENTE,NO,NO,0
4806,14781,14782,2017,0,0,-0.100495,-78.463822,PICHINCHA,QUITO,QUITO,RURAL,2017-07-06,20:10:00,20,JUEVES,4,JULIO,7,NO,NO MANTENER LA DISTANCIA PRUDENCIAL CON RESPECTO AL VEHICULO QUE LE ANTECEDE.,CHOQUE POSTERIOR,AUTOMOVIL,1,0,1,0,0,0,0,0,0,0,0,0,0,2,40,HOMBRE,ILESO,CONDUCTOR PRESENTE,NO,NO,3
4807,14782,14783,2017,0,0,-0.106567,-78.476473,PICHINCHA,QUITO,QUITO,URBANA,2017-07-06,20:15:00,20,JUEVES,4,JULIO,7,NO,"CONDUCE BAJO LA INFLUENCIA DE ALCOHOL, SUSTANCIAS ESTUPEFACIENTES O PSICOTROPICAS Y/O MEDICAMENTOS.",CHOQUE POSTERIOR,AUTOMOVIL,1,0,0,0,0,0,0,0,0,0,0,0,1,2,44,HOMBRE,ILESO,CONDUCTOR PRESENTE,NO,NO,0
4808,14784,14785,2017,0,0,-0.254686,-78.504316,PICHINCHA,QUITO,QUITO,URBANA,2017-07-06,21:00:00,21,JUEVES,4,JULIO,7,NO,NO GUARDAR LA DISTANCIA LATERAL MINIMA DE SEGURIDAD ENTRE VEHICULOS.,CHOQUE POSTERIOR,CAMIONETA,0,0,0,0,1,0,0,0,0,1,0,0,0,2,57,HOMBRE,ILESO,CONDUCTOR PRESENTE,NO,NO,0
4809,14785,14786,2017,1,1,-0.188475,-78.492143,PICHINCHA,QUITO,QUITO,URBANA,2017-07-06,22:35:00,22,JUEVES,4,JULIO,7,NO,CONDUCIR VEHICULO SUPERANDO LOS LIMITES MAXIMOS DE VELOCIDAD.,CHOQUE POSTERIOR,MOTOCICLETA,1,0,0,0,0,0,0,0,1,0,0,0,0,2,27,HOMBRE,FALLECIDO,PASAJERO,NO,NO,0
4810,14786,14787,2017,1,0,-0.207053,-78.507032,PICHINCHA,QUITO,QUITO,URBANA,2017-07-06,23:00:00,23,JUEVES,4,JULIO,7,NO,"NO RESPETAR LAS SENIALES REGLAMENTARIAS DE TRANSITO. (PARE, CEDA EL PASO, LUZ ROJA DEL SEMAFORO, ETC).",CHOQUE LATERAL,AUTOMOVIL,1,0,0,0,0,0,0,0,0,1,0,0,0,2,26,MUJER,LESIONADO,PASAJERO,NO,NO,0
4811,14787,14788,2017,0,0,-0.208894,-78.485269,PICHINCHA,QUITO,QUITO,URBANA,2017-07-06,23:45:00,23,JUEVES,4,JULIO,7,NO,"CONDUCIR EN ESTADO DE SOMNOLENCIA O MALAS CONDICIONES FISICAS (SUENIO, CANSANCIO Y FATIGA).",ESTRELLAMIENTOS,AUTOMOVIL,1,0,0,0,0,0,0,0,0,0,0,0,0,1,-1,NO IDENTIFICADO,NO IDENTIFICADO,CONDUCTOR AUSENTE,NO,NO,2
4812,14814,14815,2017,0,0,-0.060806,-78.604441,PICHINCHA,QUITO,NONO,RURAL,2017-07-07,00:01:00,0,VIERNES,5,JULIO,7,NO,"CONDUCIR EN ESTADO DE SOMNOLENCIA O MALAS CONDICIONES FISICAS (SUENIO, CANSANCIO Y FATIGA).",ESTRELLAMIENTOS,VEHICULO DEPORTIVO UTILITARIO,0,0,0,0,0,0,0,0,1,0,0,0,1,2,-1,NO IDENTIFICADO,NO IDENTIFICADO,CONDUCTOR AUSENTE,NO,NO,2
4813,14815,14816,2017,1,0,-0.256163,-78.517562,PICHINCHA,QUITO,QUITO,URBANA,2017-07-07,00:05:00,0,VIERNES,5,JULIO,7,NO,"CONDUCIR EN ESTADO DE SOMNOLENCIA O MALAS CONDICIONES FISICAS (SUENIO, CANSANCIO Y FATIGA).",PERDIDA DE PISTA,NO IDENTIFICADO,0,0,0,0,0,0,0,0,0,1,0,0,0,1,21,HOMBRE,LESIONADO,PASAJERO,NO,NO,0
4814,14820,14821,2017,0,0,-0.099794,-78.445735,PICHINCHA,QUITO,CALDERON (CARAPUNGO),RURAL,2017-07-07,06:10:00,6,VIERNES,5,JULIO,7,NO,NO MANTENER LA DISTANCIA PRUDENCIAL CON RESPECTO AL VEHICULO QUE LE ANTECEDE.,CHOQUE POSTERIOR,CAMIONETA,1,0,0,0,1,0,0,0,0,0,0,0,0,2,24,HOMBRE,ILESO,CONDUCTOR PRESENTE,NO,NO,3
4815,14821,14822,2017,0,0,-0.249051,-78.529551,PICHINCHA,QUITO,QUITO,URBANA,2017-07-07,06:30:00,6,VIERNES,5,JULIO,7,NO,"NO RESPETAR LAS SENIALES REGLAMENTARIAS DE TRANSITO. (PARE, CEDA EL PASO, LUZ ROJA DEL SEMAFORO, ETC).",CHOQUE LATERAL,AUTOMOVIL,1,0,0,0,0,0,0,0,0,0,0,0,1,2,52,HOMBRE,ILESO,CONDUCTOR PRESENTE,NO,NO,0
4816,14828,14829,2017,2,0,-0.292724,-78.476486,PICHINCHA,QUITO,CONOCOTO,RURAL,2017-07-07,08:00:00,8,VIERNES,5,JULIO,7,NO,"NO RESPETAR LAS SENIALES REGLAMENTARIAS DE TRANSITO. (PARE, CEDA EL PASO, LUZ ROJA DEL SEMAFORO, ETC).",CHOQUE LATERAL,AUTOMOVIL,1,0,1,0,0,0,0,0,0,0,0,0,0,2,70,MUJER,LESIONADO,PASAJERO,NO,NO,3
4817,14831,14832,2017,0,0,-0.154035,-78.469653,PICHINCHA,QUITO,QUITO,URBANA,2017-07-07,08:40:00,8,VIERNES,5,JULIO,7,NO,"NO RESPETAR LAS SENIALES REGLAMENTARIAS DE TRANSITO. (PARE, CEDA EL PASO, LUZ ROJA DEL SEMAFORO, ETC).",CHOQUE LATERAL,MOTOCICLETA,1,0,0,0,0,0,0,0,1,0,0,0,0,2,47,HOMBRE,ILESO,CONDUCTOR PRESENTE,NO,NO,0
4818,14837,14838,2017,1,0,-0.236791,-78.507766,PICHINCHA,QUITO,QUITO,URBANA,2017-07-07,11:00:00,11,VIERNES,5,JULIO,7,NO,CONDUCIR VEHICULO SUPERANDO LOS LIMITES MAXIMOS DE VELOCIDAD.,PERDIDA DE PISTA,MOTOCICLETA,0,0,0,0,0,0,0,0,1,0,0,0,0,1,22,HOMBRE,LESIONADO,PASAJERO,NO,NO,0
4819,14839,14840,2017,0,0,-0.103816,-78.502181,PICHINCHA,QUITO,QUITO,URBANA,2017-07-07,11:30:00,11,VIERNES,5,JULIO,7,NO,REALIZAR CAMBIO BRUSCO O INDEBIDO DE CARRIL.,PERDIDA DE PISTA,MOTOCICLETA,0,0,0,0,0,0,0,0,1,0,0,0,0,1,24,HOMBRE,ILESO,CONDUCTOR PRESENTE,NO,NO,0
4820,14844,14845,2017,0,0,-0.230177,-78.512933,PICHINCHA,QUITO,QUITO,URBANA,2017-07-07,12:41:00,12,VIERNES,5,JULIO,7,NO,"NO RESPETAR LAS SENIALES REGLAMENTARIAS DE TRANSITO. (PARE, CEDA EL PASO, LUZ ROJA DEL SEMAFORO, ETC).",CHOQUE LATERAL,VEHICULO DEPORTIVO UTILITARIO,0,0,0,0,0,0,0,0,1,0,0,0,1,2,38,MUJER,ILESO,CONDUCTOR PRESENTE,NO,NO,0
4821,14847,14848,2017,0,0,-0.236393,-78.508359,PICHINCHA,QUITO,QUITO,URBANA,2017-07-07,12:53:00,12,VIERNES,5,JULIO,7,NO,NO GUARDAR LA DISTANCIA LATERAL MINIMA DE SEGURIDAD ENTRE VEHICULOS.,ROZAMIENTOS,BUS,1,0,1,0,0,0,0,0,0,0,0,0,0,2,25,HOMBRE,ILESO,CONDUCTOR PRESENTE,NO,NO,0
4822,14848,14849,2017,1,0,-0.235851,-78.330431,PICHINCHA,QUITO,PIFO,URBANA,2017-07-07,13:00:00,13,VIERNES,5,JULIO,7,NO,CONDUCIR VEHICULO SUPERANDO LOS LIMITES MAXIMOS DE VELOCIDAD.,PERDIDA DE PISTA,MOTOCICLETA,0,0,0,0,0,0,0,0,1,0,0,0,0,1,35,HOMBRE,LESIONADO,CONDUCTOR PRESENTE,NO,NO,0
4823,14849,14850,2017,0,0,-0.268534,-78.551576,PICHINCHA,QUITO,QUITO,URBANA,2017-07-07,13:40:00,13,VIERNES,5,JULIO,7,NO,NO CEDER EL DERECHO DE VIA O PREFERENCIA DE PASO A VEHICULOS.,CHOQUE LATERAL,CAMION,1,0,0,1,0,0,0,0,0,0,0,0,0,2,59,HOMBRE,ILESO,CONDUCTOR PRESENTE,NO,NO,0
4824,14850,14851,2017,2,0,-0.094521,-78.481712,PICHINCHA,QUITO,QUITO,URBANA,2017-07-07,14:50:00,14,VIERNES,5,JULIO,7,NO,NO MANTENER LA DISTANCIA PRUDENCIAL CON RESPECTO AL VEHICULO QUE LE ANTECEDE.,CHOQUE POSTERIOR,MOTOCICLETA,1,0,0,0,0,0,0,0,1,0,0,0,0,2,23,HOMBRE,LESIONADO,CONDUCTOR PRESENTE,NO,NO,0
4825,14851,14852,2017,0,0,-0.198139,-78.512333,PICHINCHA,QUITO,QUITO,URBANA,2017-07-07,15:30:00,15,VIERNES,5,JULIO,7,NO,NO MANTENER LA DISTANCIA PRUDENCIAL CON RESPECTO AL VEHICULO QUE LE ANTECEDE.,CHOQUE POSTERIOR,VEHICULO DEPORTIVO UTILITARIO,0,0,0,0,1,0,0,0,0,0,0,0,1,2,31,HOMBRE,ILESO,CONDUCTOR PRESENTE,NO,NO,0
4826,14855,14856,2017,0,0,-0.199529,-78.454328,PICHINCHA,QUITO,CUMBAYA,RURAL,2017-07-07,16:42:00,16,VIERNES,5,JULIO,7,NO,NO MANTENER LA DISTANCIA PRUDENCIAL CON RESPECTO AL VEHICULO QUE LE ANTECEDE.,CHOQUE POSTERIOR,CAMIONETA,1,0,0,0,1,0,0,0,0,0,0,0,0,2,-1,NO IDENTIFICADO,NO IDENTIFICADO,CONDUCTOR AUSENTE,NO,NO,2
4827,14857,14858,2017,1,0,-0.136812,-78.473598,PICHINCHA,QUITO,QUITO,URBANA,2017-07-07,17:40:00,17,VIERNES,5,JULIO,7,NO,"CONDUCIR DESATENTO A LAS CONDICIONES DE TRANSITO (CELULAR, PANTALLAS DE VIDEO, COMIDA, MAQUILLAJE O CUALQUIER OTRO ELEMENTO DISTRACTOR).",PERDIDA DE PISTA,MOTOCICLETA,0,0,0,0,0,0,0,0,1,0,0,0,0,1,44,HOMBRE,LESIONADO,CONDUCTOR PRESENTE,NO,NO,0
4828,14859,14860,2017,0,0,-0.195591,-78.484201,PICHINCHA,QUITO,QUITO,URBANA,2017-07-07,18:00:00,18,VIERNES,5,JULIO,7,NO,"NO RESPETAR LAS SENIALES REGLAMENTARIAS DE TRANSITO. (PARE, CEDA EL PASO, LUZ ROJA DEL SEMAFORO, ETC).",CHOQUE LATERAL,MOTOCICLETA,1,0,0,0,0,0,0,0,1,0,0,0,0,2,26,HOMBRE,ILESO,CONDUCTOR PRESENTE,NO,NO,0
4829,14860,14861,2017,0,0,-0.208429,-78.500195,PICHINCHA,QUITO,QUITO,URBANA,2017-07-07,18:06:00,18,VIERNES,5,JULIO,7,NO,NO TRANSITAR POR LAS ACERAS O ZONAS DE SEGURIDAD DESTINADAS PARA EL EFECTO.,ATROPELLOS,MOTOCICLETA,0,0,0,0,0,0,0,0,1,0,0,0,0,1,22,HOMBRE,ILESO,CONDUCTOR PRESENTE,NO,NO,0
4830,14862,14863,2017,0,1,-0.282741,-78.470383,PICHINCHA,QUITO,CONOCOTO,URBANA,2017-07-07,19:00:00,19,VIERNES,5,JULIO,7,NO,CONDUCIR VEHICULO SUPERANDO LOS LIMITES MAXIMOS DE VELOCIDAD.,ARROLLAMIENTOS,VEHICULO DEPORTIVO UTILITARIO,0,0,0,0,0,0,0,0,0,0,0,0,1,1,58,HOMBRE,FALLECIDO,PEATON,NO,NO,0
4831,14863,14864,2017,0,0,-0.109413,-78.458369,PICHINCHA,QUITO,CALDERON (CARAPUNGO),RURAL,2017-07-07,19:20:00,19,VIERNES,5,JULIO,7,NO,NO GUARDAR LA DISTANCIA LATERAL MINIMA DE SEGURIDAD ENTRE VEHICULOS.,ROZAMIENTOS,CAMION,1,0,0,1,0,0,0,0,0,0,0,0,0,2,24,HOMBRE,ILESO,CONDUCTOR PRESENTE,NO,NO,3
4832,14865,14866,2017,2,0,-0.172505,-78.499715,PICHINCHA,QUITO,QUITO,URBANA,2017-07-07,19:45:00,19,VIERNES,5,JULIO,7,NO,"NO RESPETAR LAS SENIALES REGLAMENTARIAS DE TRANSITO. (PARE, CEDA EL PASO, LUZ ROJA DEL SEMAFORO, ETC).",CHOQUE LATERAL,AUTOMOVIL,1,0,0,0,0,0,0,0,1,0,0,0,0,2,20,HOMBRE,LESIONADO,PASAJERO,NO,NO,0
4833,14866,14867,2017,1,0,-0.174894,-78.501169,PICHINCHA,QUITO,QUITO,URBANA,2017-07-07,20:10:00,20,VIERNES,5,JULIO,7,NO,NO CEDER EL DERECHO DE VIA O PREFERENCIA DE PASO A VEHICULOS.,CHOQUE LATERAL,AUTOMOVIL,1,0,0,0,0,0,0,0,1,0,0,0,0,2,21,HOMBRE,LESIONADO,CONDUCTOR PRESENTE,NO,NO,0
4834,14867,14868,2017,2,0,0.082121,-78.192877,PICHINCHA,PEDRO MONCAYO,TUPIGACHI,RURAL,2017-07-07,20:22:00,20,VIERNES,5,JULIO,7,NO,NO RESPETAR LAS SENIALES MANUALES DEL AGENTE DE TRANSITO.,ATROPELLOS,AUTOMOVIL,1,0,0,0,0,0,0,0,0,0,0,0,0,1,12,MUJER,LESIONADO,PEATON,NO,NO,3
4835,14868,14869,2017,1,0,-0.176932,-78.488542,PICHINCHA,QUITO,QUITO,URBANA,2017-07-07,20:40:00,20,VIERNES,5,JULIO,7,NO,NO CEDER EL DERECHO DE VIA O PREFERENCIA DE PASO AL PEATON.,ARROLLAMIENTOS,AUTOMOVIL,1,0,0,0,0,0,0,0,0,0,0,0,0,1,47,MUJER,LESIONADO,PEATON,NO,NO,0
4836,14875,14876,2017,0,0,-0.263621,-78.524648,PICHINCHA,QUITO,QUITO,URBANA,2017-07-07,22:55:00,22,VIERNES,5,JULIO,7,NO,"CONDUCIR EN ESTADO DE SOMNOLENCIA O MALAS CONDICIONES FISICAS (SUENIO, CANSANCIO Y FATIGA).",ESTRELLAMIENTOS,VEHICULO DEPORTIVO UTILITARIO,0,0,0,0,0,0,0,0,0,0,0,0,1,1,64,HOMBRE,ILESO,CONDUCTOR PRESENTE,NO,NO,0
4837,14876,14877,2017,1,0,-0.153548,-78.474829,PICHINCHA,QUITO,QUITO,URBANA,2017-07-07,23:15:00,23,VIERNES,5,JULIO,7,NO,"NO RESPETAR LAS SENIALES REGLAMENTARIAS DE TRANSITO. (PARE, CEDA EL PASO, LUZ ROJA DEL SEMAFORO, ETC).",CHOQUE LATERAL,CAMIONETA,0,0,0,0,1,0,0,0,1,0,0,0,0,2,27,HOMBRE,LESIONADO,CONDUCTOR PRESENTE,NO,NO,0
4838,14878,14879,2017,1,0,-0.232254,-78.505317,PICHINCHA,QUITO,QUITO,URBANA,2017-07-07,23:48:00,23,VIERNES,5,JULIO,7,NO,CONDUCIR VEHICULO SUPERANDO LOS LIMITES MAXIMOS DE VELOCIDAD.,PERDIDA DE PISTA,AUTOMOVIL,1,0,0,0,0,0,0,0,0,0,0,0,0,1,22,HOMBRE,LESIONADO,PASAJERO,NO,NO,0
4839,14900,14901,2017,0,0,-0.164021,-78.472014,PICHINCHA,QUITO,QUITO,URBANA,2017-07-08,01:45:00,1,SABADO,6,JULIO,7,NO,"CONDUCIR EN ESTADO DE SOMNOLENCIA O MALAS CONDICIONES FISICAS (SUENIO, CANSANCIO Y FATIGA).",PERDIDA DE PISTA,AUTOMOVIL,1,0,0,0,0,0,0,0,0,0,0,0,0,1,-1,NO IDENTIFICADO,NO IDENTIFICADO,CONDUCTOR AUSENTE,NO,NO,2
4840,14901,14902,2017,0,0,-0.189085,-78.511758,PICHINCHA,QUITO,QUITO,URBANA,2017-07-08,02:00:00,2,SABADO,6,JULIO,7,NO,"CONDUCIR EN ESTADO DE SOMNOLENCIA O MALAS CONDICIONES FISICAS (SUENIO, CANSANCIO Y FATIGA).",ESTRELLAMIENTOS,CAMION,0,0,0,1,0,0,0,0,0,0,0,0,0,1,-1,NO IDENTIFICADO,NO IDENTIFICADO,CONDUCTOR AUSENTE,NO,NO,2
4841,14902,14903,2017,0,0,-0.049377,-78.456215,PICHINCHA,QUITO,POMASQUI,URBANA,2017-07-08,02:05:00,2,SABADO,6,JULIO,7,NO,NO MANTENER LA DISTANCIA PRUDENCIAL CON RESPECTO AL VEHICULO QUE LE ANTECEDE.,CHOQUE POSTERIOR,AUTOMOVIL,1,0,0,0,0,0,0,0,0,0,0,0,1,2,23,HOMBRE,ILESO,CONDUCTOR PRESENTE,NO,NO,0
4842,14903,14904,2017,0,0,-0.163073,-78.462599,PICHINCHA,QUITO,QUITO,RURAL,2017-07-08,02:15:00,2,SABADO,6,JULIO,7,NO,"CONDUCIR EN ESTADO DE SOMNOLENCIA O MALAS CONDICIONES FISICAS (SUENIO, CANSANCIO Y FATIGA).",VOLCAMIENTOS,AUTOMOVIL,1,0,0,0,0,0,0,0,0,0,0,0,0,1,-1,NO IDENTIFICADO,NO IDENTIFICADO,CONDUCTOR AUSENTE,NO,NO,2
4843,14904,14905,2017,0,0,-0.207713,-78.497117,PICHINCHA,QUITO,QUITO,URBANA,2017-07-08,02:30:00,2,SABADO,6,JULIO,7,NO,NO MANTENER LA DISTANCIA PRUDENCIAL CON RESPECTO AL VEHICULO QUE LE ANTECEDE.,CHOQUE POSTERIOR,CAMIONETA,1,0,0,0,1,0,0,0,0,0,0,0,0,2,49,HOMBRE,ILESO,CONDUCTOR PRESENTE,NO,NO,0
4844,14907,14908,2017,1,0,-0.192474,-78.451954,PICHINCHA,QUITO,NAYON,RURAL,2017-07-08,03:20:00,3,SABADO,6,JULIO,7,NO,"CONDUCIR EN ESTADO DE SOMNOLENCIA O MALAS CONDICIONES FISICAS (SUENIO, CANSANCIO Y FATIGA).",VOLCAMIENTOS,AUTOMOVIL,1,0,0,0,0,0,0,0,0,0,0,0,0,1,36,MUJER,LESIONADO,CONDUCTOR PRESENTE,NO,NO,3
4845,14908,14909,2017,0,0,-0.258369,-78.552404,PICHINCHA,QUITO,QUITO,URBANA,2017-07-08,03:45:00,3,SABADO,6,JULIO,7,NO,"CONDUCIR EN ESTADO DE SOMNOLENCIA O MALAS CONDICIONES FISICAS (SUENIO, CANSANCIO Y FATIGA).",ESTRELLAMIENTOS,VEHICULO DEPORTIVO UTILITARIO,0,0,0,0,0,0,0,0,0,0,0,0,1,1,-1,NO IDENTIFICADO,NO IDENTIFICADO,CONDUCTOR AUSENTE,NO,NO,2
4846,14909,14910,2017,0,0,-0.501578,-78.572655,PICHINCHA,MEJIA,MACHACHI,RURAL,2017-07-08,04:35:00,4,SABADO,6,JULIO,7,NO,NO MANTENER LA DISTANCIA PRUDENCIAL CON RESPECTO AL VEHICULO QUE LE ANTECEDE.,CHOQUE POSTERIOR,CAMION,0,0,0,2,0,0,0,0,0,0,0,0,0,2,48,HOMBRE,ILESO,CONDUCTOR PRESENTE,NO,NO,3
4847,14910,14911,2017,0,0,-0.264263,-78.550014,PICHINCHA,QUITO,QUITO,URBANA,2017-07-08,04:40:00,4,SABADO,6,JULIO,7,NO,"CONDUCIR EN ESTADO DE SOMNOLENCIA O MALAS CONDICIONES FISICAS (SUENIO, CANSANCIO Y FATIGA).",ESTRELLAMIENTOS,AUTOMOVIL,1,0,0,0,0,0,0,0,0,0,0,0,0,1,-1,NO IDENTIFICADO,NO IDENTIFICADO,CONDUCTOR AUSENTE,NO,NO,2
4848,14913,14914,2017,0,0,-0.169382,-78.490163,PICHINCHA,QUITO,QUITO,URBANA,2017-07-08,05:20:00,5,SABADO,6,JULIO,7,NO,"CONDUCIR EN ESTADO DE SOMNOLENCIA O MALAS CONDICIONES FISICAS (SUENIO, CANSANCIO Y FATIGA).",ESTRELLAMIENTOS,AUTOMOVIL,1,0,0,0,0,0,0,0,0,0,0,0,0,1,-1,NO IDENTIFICADO,NO IDENTIFICADO,CONDUCTOR AUSENTE,NO,NO,2
4849,14915,14916,2017,0,0,-0.220423,-78.513024,PICHINCHA,QUITO,QUITO,URBANA,2017-07-08,05:30:00,5,SABADO,6,JULIO,7,NO,"CONDUCIR EN ESTADO DE SOMNOLENCIA O MALAS CONDICIONES FISICAS (SUENIO, CANSANCIO Y FATIGA).",ESTRELLAMIENTOS,AUTOMOVIL,1,0,0,0,0,0,0,0,0,0,0,0,0,1,38,MUJER,ILESO,CONDUCTOR PRESENTE,NO,NO,0