,Unnamed: 0,ID,ANIO,LESIONADOS,FALLECIDOS,LATITUD_Y,LONGITUD_X,PROVINCIA,CANTON,PARROQUIA,ZONA,FECHA,HORA,PERIODO_2,DIA_1,DIA_2,MES_1,MES_2,FERIADO,CAUSA_PROBABLE,TIPO_DE_SINIESTRO,TIPO_DE_VEHICULO_1,AUTOMOVIL,BICICLETA,BUS,CAMION,CAMIONETA,EMERGENCIAS,ESPECIAL,FURGONETA,MOTOCICLETA,NO_IDENTIFICADO,SCOOTER_ELECTRICO,TRICIMOTO,VEHICULO_DEPORTIVO_UTILITARIO,SUMA_DE_VEHICULOS,EDAD_1,SEXO_1,CONDICION_1,PARTICIPANTE_1,CASCO_1,CINTURON_1,KMeans_Cluster
4850,14917,14918,2017,0,1,-0.057882,-78.455649,PICHINCHA,QUITO,POMASQUI,URBANA,2017-07-08,06:30:00,6,SABADO,6,JULIO,7,NO,NO CEDER EL DERECHO DE VIA O PREFERENCIA DE PASO AL PEATON.,ATROPELLOS,AUTOMOVIL,1,0,0,0,0,0,0,0,0,0,0,0,0,1,19,HOMBRE,FALLECIDO,PEATON,NO,NO,0
4851,14921,14922,2017,0,0,-0.239865,-78.511671,PICHINCHA,QUITO,QUITO,URBANA,2017-07-08,07:05:00,7,SABADO,6,JULIO,7,NO,"NO RESPETAR LAS SENIALES REGLAMENTARIAS DE TRANSITO. (PARE, CEDA EL PASO, LUZ ROJA DEL SEMAFORO, ETC).",CHOQUE LATERAL,AUTOMOVIL,2,0,0,0,0,0,0,0,0,0,0,0,0,2,60,HOMBRE,ILESO,CONDUCTOR PRESENTE,NO,NO,0
4852,14925,14926,2017,0,0,-0.177802,-78.488934,PICHINCHA,QUITO,QUITO,URBANA,2017-07-08,08:05:00,8,SABADO,6,JULIO,7,NO,"NO RESPETAR LAS SENIALES REGLAMENTARIAS DE TRANSITO. (PARE, CEDA EL PASO, LUZ ROJA DEL SEMAFORO, ETC).",CHOQUE LATERAL,MOTOCICLETA,0,0,0,0,0,0,0,0,1,1,0,0,0,2,22,HOMBRE,ILESO,CONDUCTOR PRESENTE,NO,NO,0
4853,14926,14927,2017,1,0,-0.109124,-78.296386,PICHINCHA,QUITO,EL QUINCHE,RURAL,2017-07-08,08:15:00,8,SABADO,6,JULIO,7,NO,"CONDUCIR DESATENTO A LAS CONDICIONES DE TRANSITO (CELULAR, PANTALLAS DE VIDEO, COMIDA, MAQUILLAJE O CUALQUIER OTRO ELEMENTO DISTRACTOR).",ATROPELLOS,NO IDENTIFICADO,0,0,0,0,0,0,0,0,0,1,0,0,0,1,61,HOMBRE,LESIONADO,PEATON,NO,NO,3
4854,14927,14928,2017,0,0,-0.204454,-78.500313,PICHINCHA,QUITO,QUITO,URBANA,2017-07-08,08:20:00,8,SABADO,6,JULIO,7,NO,NO GUARDAR LA DISTANCIA LATERAL MINIMA DE SEGURIDAD ENTRE VEHICULOS.,ROZAMIENTOS,AUTOMOVIL,1,0,1,0,0,0,0,0,0,0,0,0,0,2,28,HOMBRE,ILESO,CONDUCTOR PRESENTE,NO,NO,0
4855,14929,14930,2017,0,0,-0.228484,-78.527336,PICHINCHA,QUITO,QUITO,URBANA,2017-07-08,08:40:00,8,SABADO,6,JULIO,7,NO,"CONDUCIR DESATENTO A LAS CONDICIONES DE TRANSITO (CELULAR, PANTALLAS DE VIDEO, COMIDA, MAQUILLAJE O CUALQUIER OTRO ELEMENTO DISTRACTOR).",ESTRELLAMIENTOS,AUTOMOVIL,1,0,0,0,0,0,0,0,0,1,0,0,0,2,36,HOMBRE,ILESO,CONDUCTOR PRESENTE,NO,NO,0
4856,14930,14931,2017,0,0,-0.169299,-78.476381,PICHINCHA,QUITO,QUITO,URBANA,2017-07-08,08:45:00,8,SABADO,6,JULIO,7,NO,NO CEDER EL DERECHO DE VIA O PREFERENCIA DE PASO A VEHICULOS.,CHOQUE LATERAL,AUTOMOVIL,1,0,0,0,0,0,0,0,0,1,0,0,0,2,45,HOMBRE,ILESO,CONDUCTOR PRESENTE,NO,NO,0
4857,14931,14932,2017,0,0,-0.291871,-78.558463,PICHINCHA,QUITO,QUITO,URBANA,2017-07-08,09:08:00,9,SABADO,6,JULIO,7,NO,"NO RESPETAR LAS SENIALES REGLAMENTARIAS DE TRANSITO. (PARE, CEDA EL PASO, LUZ ROJA DEL SEMAFORO, ETC).",CHOQUE LATERAL,AUTOMOVIL,2,0,0,0,0,0,0,0,0,0,0,0,0,2,35,HOMBRE,ILESO,CONDUCTOR PRESENTE,NO,NO,0
4858,14932,14933,2017,1,0,-0.115381,-78.490774,PICHINCHA,QUITO,QUITO,URBANA,2017-07-08,09:20:00,9,SABADO,6,JULIO,7,NO,NO TRANSITAR POR LAS ACERAS O ZONAS DE SEGURIDAD DESTINADAS PARA EL EFECTO.,ATROPELLOS,MOTOCICLETA,0,0,0,0,0,0,0,0,1,0,0,0,0,1,67,HOMBRE,LESIONADO,PEATON,NO,NO,0
4859,14934,14935,2017,0,0,-0.204843,-78.477237,PICHINCHA,QUITO,QUITO,URBANA,2017-07-08,09:30:00,9,SABADO,6,JULIO,7,NO,"FALLA MECANICA EN LOS SISTEMAS Y/O NEUMATICOS (SISTEMA DE FRENOS, DIRECCION, ELECTRONICO O MECANICO).",ESTRELLAMIENTOS,BUS,1,0,1,0,0,0,0,0,0,0,0,0,0,2,18,HOMBRE,ILESO,CONDUCTOR PRESENTE,NO,NO,0
4860,14935,14936,2017,1,0,-0.210667,-78.377179,PICHINCHA,QUITO,TUMBACO,RURAL,2017-07-08,09:45:00,9,SABADO,6,JULIO,7,NO,"CASO FORTUITO O FUERZA MAYOR (EXPLOSION DE NEUMATICO NUEVO, DERRUMBE, INUNDACION, CAIDA DE PUENTE, ARBOL, PRESENCIA INTEMPESTIVA E IMPREVISTA DE SEMOVIENTES EN LA VIA, ETC.).",PERDIDA DE PISTA,MOTOCICLETA,0,0,0,0,0,0,0,0,1,0,0,0,0,1,27,HOMBRE,LESIONADO,CONDUCTOR PRESENTE,NO,NO,3
4861,14937,14938,2017,0,0,-0.218757,-78.411914,PICHINCHA,QUITO,TUMBACO,URBANA,2017-07-08,10:35:00,10,SABADO,6,JULIO,7,NO,NO CEDER EL DERECHO DE VIA O PREFERENCIA DE PASO A VEHICULOS.,CHOQUE LATERAL,VEHICULO DEPORTIVO UTILITARIO,1,0,0,0,0,0,0,0,0,0,0,0,1,2,33,MUJER,ILESO,CONDUCTOR PRESENTE,NO,NO,0
4862,14938,14939,2017,1,0,-0.342057,-78.548941,PICHINCHA,QUITO,QUITO,URBANA,2017-07-08,10:40:00,10,SABADO,6,JULIO,7,NO,NO TRANSITAR POR LAS ACERAS O ZONAS DE SEGURIDAD DESTINADAS PARA EL EFECTO.,ATROPELLOS,CAMIONETA,0,0,0,0,1,0,0,0,0,0,0,0,0,1,15,MUJER,LESIONADO,PEATON,NO,NO,0
4863,14940,14941,2017,1,0,-0.254925,-78.515191,PICHINCHA,QUITO,QUITO,URBANA,2017-07-08,11:20:00,11,SABADO,6,JULIO,7,NO,"CONDUCE BAJO LA INFLUENCIA DE ALCOHOL, SUSTANCIAS ESTUPEFACIENTES O PSICOTROPICAS Y/O MEDICAMENTOS.",ESTRELLAMIENTOS,CAMIONETA,1,0,0,0,2,0,0,0,0,0,0,0,0,3,59,MUJER,LESIONADO,PASAJERO,NO,NO,0
4864,14945,14946,2017,0,0,-0.192308,-78.496791,PICHINCHA,QUITO,QUITO,URBANA,2017-07-08,12:32:00,12,SABADO,6,JULIO,7,NO,"NO RESPETAR LAS SENIALES REGLAMENTARIAS DE TRANSITO. (PARE, CEDA EL PASO, LUZ ROJA DEL SEMAFORO, ETC).",CHOQUE LATERAL,AUTOMOVIL,2,0,0,0,0,0,0,0,0,0,0,0,0,2,42,HOMBRE,ILESO,CONDUCTOR PRESENTE,NO,NO,0
4865,14946,14947,2017,0,0,-0.273825,-78.510216,PICHINCHA,QUITO,QUITO,URBANA,2017-07-08,12:37:00,12,SABADO,6,JULIO,7,NO,NO MANTENER LA DISTANCIA PRUDENCIAL CON RESPECTO AL VEHICULO QUE LE ANTECEDE.,CHOQUE POSTERIOR,CAMION,0,0,0,1,0,0,0,1,0,0,0,0,0,2,55,HOMBRE,ILESO,CONDUCTOR PRESENTE,NO,NO,0
4866,14949,14950,2017,1,0,-0.267286,-78.527086,PICHINCHA,QUITO,QUITO,URBANA,2017-07-08,14:00:00,14,SABADO,6,JULIO,7,NO,NO CEDER EL DERECHO DE VIA O PREFERENCIA DE PASO AL PEATON.,ATROPELLOS,AUTOMOVIL,1,0,0,0,0,0,0,0,0,0,0,0,0,1,10,MUJER,LESIONADO,PEATON,NO,NO,0
4867,14956,14957,2017,0,0,-0.198962,-78.496353,PICHINCHA,QUITO,QUITO,URBANA,2017-07-08,17:00:00,17,SABADO,6,JULIO,7,NO,"NO RESPETAR LAS SENIALES REGLAMENTARIAS DE TRANSITO. (PARE, CEDA EL PASO, LUZ ROJA DEL SEMAFORO, ETC).",CHOQUE LATERAL,VEHICULO DEPORTIVO UTILITARIO,0,0,0,0,1,0,0,0,0,0,0,0,1,2,35,HOMBRE,ILESO,CONDUCTOR PRESENTE,NO,NO,0
4868,14958,14959,2017,1,0,-0.105373,-78.462381,PICHINCHA,QUITO,QUITO,RURAL,2017-07-08,17:20:00,17,SABADO,6,JULIO,7,NO,"NO RESPETAR LAS SENIALES REGLAMENTARIAS DE TRANSITO. (PARE, CEDA EL PASO, LUZ ROJA DEL SEMAFORO, ETC).",CHOQUE LATERAL,MOTOCICLETA,0,0,0,0,0,0,0,0,1,1,0,0,0,2,30,HOMBRE,LESIONADO,CONDUCTOR PRESENTE,NO,NO,3
4869,14960,14961,2017,0,0,-0.111421,-78.491363,PICHINCHA,QUITO,QUITO,URBANA,2017-07-08,18:00:00,18,SABADO,6,JULIO,7,NO,"NO RESPETAR LAS SENIALES REGLAMENTARIAS DE TRANSITO. (PARE, CEDA EL PASO, LUZ ROJA DEL SEMAFORO, ETC).",CHOQUE LATERAL,AUTOMOVIL,1,0,0,0,0,0,0,0,0,0,0,0,1,2,36,MUJER,ILESO,CONDUCTOR PRESENTE,NO,NO,0
4870,14964,14965,2017,2,0,-0.159946,-78.474919,PICHINCHA,QUITO,QUITO,URBANA,2017-07-08,19:50:00,19,SABADO,6,JULIO,7,NO,NO CEDER EL DERECHO DE VIA O PREFERENCIA DE PASO A VEHICULOS.,CHOQUE LATERAL,CAMIONETA,0,0,0,0,1,0,0,0,1,0,0,0,0,2,25,MUJER,LESIONADO,PASAJERO,NO,NO,0
4871,14968,14969,2017,1,0,-0.255497,-78.541508,PICHINCHA,QUITO,QUITO,URBANA,2017-07-08,22:40:00,22,SABADO,6,JULIO,7,NO,NO TRANSITAR POR LAS ACERAS O ZONAS DE SEGURIDAD DESTINADAS PARA EL EFECTO.,ATROPELLOS,NO IDENTIFICADO,0,0,0,0,0,0,0,0,0,1,0,0,0,1,48,HOMBRE,LESIONADO,PEATON,NO,NO,0
4872,14969,14970,2017,0,0,-0.293907,-78.547974,PICHINCHA,QUITO,QUITO,URBANA,2017-07-08,22:53:00,22,SABADO,6,JULIO,7,NO,"CONDUCE BAJO LA INFLUENCIA DE ALCOHOL, SUSTANCIAS ESTUPEFACIENTES O PSICOTROPICAS Y/O MEDICAMENTOS.",ESTRELLAMIENTOS,AUTOMOVIL,2,0,0,0,0,0,0,0,0,0,0,0,0,2,34,HOMBRE,ILESO,CONDUCTOR PRESENTE,NO,NO,0
4873,14970,14971,2017,1,0,-0.213667,-78.390583,PICHINCHA,QUITO,TUMBACO,RURAL,2017-07-08,23:00:00,23,SABADO,6,JULIO,7,NO,"CONDUCE BAJO LA INFLUENCIA DE ALCOHOL, SUSTANCIAS ESTUPEFACIENTES O PSICOTROPICAS Y/O MEDICAMENTOS.",ESTRELLAMIENTOS,VEHICULO DEPORTIVO UTILITARIO,3,0,0,0,0,0,0,0,0,0,0,0,1,4,32,HOMBRE,LESIONADO,CONDUCTOR PRESENTE,NO,NO,3
4874,14972,14973,2017,3,0,-0.281321,-78.494625,PICHINCHA,QUITO,CONOCOTO,RURAL,2017-07-08,23:20:00,23,SABADO,6,JULIO,7,NO,"CONDUCE BAJO LA INFLUENCIA DE ALCOHOL, SUSTANCIAS ESTUPEFACIENTES O PSICOTROPICAS Y/O MEDICAMENTOS.",COLISION,AUTOMOVIL,3,0,0,0,0,0,0,0,0,0,0,0,0,3,28,HOMBRE,LESIONADO,CONDUCTOR PRESENTE,NO,NO,3
4875,14974,14975,2017,1,0,-0.116023,-78.479518,PICHINCHA,QUITO,QUITO,URBANA,2017-07-08,23:59:00,23,SABADO,6,JULIO,7,NO,"NO RESPETAR LAS SENIALES REGLAMENTARIAS DE TRANSITO. (PARE, CEDA EL PASO, LUZ ROJA DEL SEMAFORO, ETC).",ATROPELLOS,NO IDENTIFICADO,0,0,0,0,0,0,0,0,0,1,0,0,0,1,19,HOMBRE,LESIONADO,PEATON,NO,NO,0
4876,14998,14999,2017,3,1,-0.055531,-78.455019,PICHINCHA,QUITO,POMASQUI,URBANA,2017-07-09,01:10:00,1,DOMINGO,7,JULIO,7,NO,"CONDUCIR DESATENTO A LAS CONDICIONES DE TRANSITO (CELULAR, PANTALLAS DE VIDEO, COMIDA, MAQUILLAJE O CUALQUIER OTRO ELEMENTO DISTRACTOR).",OTROS,MOTOCICLETA,0,0,0,0,0,0,0,0,1,0,0,0,0,1,-1,HOMBRE,FALLECIDO,PEATON,NO,NO,0
4877,14999,15000,2017,0,0,-0.093091,-78.479288,PICHINCHA,QUITO,QUITO,URBANA,2017-07-09,01:15:00,1,DOMINGO,7,JULIO,7,NO,"NO RESPETAR LAS SENIALES REGLAMENTARIAS DE TRANSITO. (PARE, CEDA EL PASO, LUZ ROJA DEL SEMAFORO, ETC).",CHOQUE LATERAL,AUTOMOVIL,1,0,0,0,0,0,0,0,0,1,0,0,0,2,24,HOMBRE,ILESO,CONDUCTOR PRESENTE,NO,NO,0
4878,15000,15001,2017,1,0,-0.204411,-78.424698,PICHINCHA,QUITO,CUMBAYA,URBANA,2017-07-09,02:50:00,2,DOMINGO,7,JULIO,7,NO,"NO RESPETAR LAS SENIALES REGLAMENTARIAS DE TRANSITO. (PARE, CEDA EL PASO, LUZ ROJA DEL SEMAFORO, ETC).",CHOQUE LATERAL,AUTOMOVIL,1,0,0,0,0,0,0,0,1,0,0,0,0,2,32,HOMBRE,LESIONADO,PASAJERO,NO,NO,0
4879,15007,15008,2017,1,0,-0.161268,-78.495828,PICHINCHA,QUITO,QUITO,URBANA,2017-07-09,04:43:00,4,DOMINGO,7,JULIO,7,NO,CONDUCIR VEHICULO SUPERANDO LOS LIMITES MAXIMOS DE VELOCIDAD.,PERDIDA DE PISTA,AUTOMOVIL,1,0,0,0,0,0,0,0,0,0,0,0,0,1,23,MUJER,LESIONADO,PASAJERO,NO,NO,0
4880,15011,15012,2017,0,1,-0.013245,-78.235824,PICHINCHA,CAYAMBE,OTON,RURAL,2017-07-09,05:50:00,5,DOMINGO,7,JULIO,7,NO,REALIZAR CAMBIO BRUSCO O INDEBIDO DE CARRIL.,CHOQUE FRONTAL,MOTOCICLETA,1,0,0,0,0,0,0,0,1,0,0,0,0,2,22,HOMBRE,FALLECIDO,CONDUCTOR PRESENTE,NO,NO,3
4881,15012,15013,2017,0,0,-0.092508,-78.434124,PICHINCHA,QUITO,CALDERON (CARAPUNGO),RURAL,2017-07-09,06:15:00,6,DOMINGO,7,JULIO,7,NO,"NO RESPETAR LAS SENIALES REGLAMENTARIAS DE TRANSITO. (PARE, CEDA EL PASO, LUZ ROJA DEL SEMAFORO, ETC).",CHOQUE LATERAL,MOTOCICLETA,0,0,0,0,0,0,0,0,1,1,0,0,0,2,23,HOMBRE,ILESO,CONDUCTOR PRESENTE,NO,NO,3
4882,15015,15016,2017,0,2,-0.140769,-78.470154,PICHINCHA,QUITO,QUITO,URBANA,2017-07-09,06:55:00,6,DOMINGO,7,JULIO,7,NO,CONDUCIR VEHICULO SUPERANDO LOS LIMITES MAXIMOS DE VELOCIDAD.,ATROPELLOS,AUTOMOVIL,1,0,0,0,0,0,0,0,0,0,0,0,0,1,32,HOMBRE,FALLECIDO,CONDUCTOR PRESENTE,NO,NO,0
4883,15018,15019,2017,0,0,-0.245332,-78.519419,PICHINCHA,QUITO,QUITO,URBANA,2017-07-09,08:30:00,8,DOMINGO,7,JULIO,7,NO,NO GUARDAR LA DISTANCIA LATERAL MINIMA DE SEGURIDAD ENTRE VEHICULOS.,ROZAMIENTOS,CAMION,1,0,0,1,0,0,0,0,0,0,0,0,0,2,21,HOMBRE,ILESO,CONDUCTOR PRESENTE,NO,NO,0
4884,15024,15025,2017,0,0,-0.217732,-78.408641,PICHINCHA,QUITO,TUMBACO,RURAL,2017-07-09,09:55:00,9,DOMINGO,7,JULIO,7,NO,NO CEDER EL DERECHO DE VIA O PREFERENCIA DE PASO A VEHICULOS.,CHOQUE POSTERIOR,AUTOMOVIL,1,0,0,0,1,0,0,0,0,0,0,0,0,2,28,MUJER,ILESO,CONDUCTOR PRESENTE,NO,NO,3
4885,15026,15027,2017,1,0,-0.091585,-78.439052,PICHINCHA,QUITO,CALDERON (CARAPUNGO),RURAL,2017-07-09,10:10:00,10,DOMINGO,7,JULIO,7,NO,NO CEDER EL DERECHO DE VIA O PREFERENCIA DE PASO AL PEATON.,ATROPELLOS,NO IDENTIFICADO,0,0,0,0,0,0,0,0,0,1,0,0,0,1,65,HOMBRE,LESIONADO,PEATON,NO,NO,3
4886,15028,15029,2017,0,0,-0.199767,-78.428809,PICHINCHA,QUITO,CUMBAYA,RURAL,2017-07-09,11:00:00,11,DOMINGO,7,JULIO,7,NO,"CONDUCE BAJO LA INFLUENCIA DE ALCOHOL, SUSTANCIAS ESTUPEFACIENTES O PSICOTROPICAS Y/O MEDICAMENTOS.",PERDIDA DE PISTA,AUTOMOVIL,1,0,0,0,0,0,0,0,0,0,0,0,0,1,27,HOMBRE,ILESO,CONDUCTOR PRESENTE,NO,NO,3
4887,15032,15033,2017,0,0,-0.278813,-78.564616,PICHINCHA,QUITO,QUITO,URBANA,2017-07-09,12:27:00,12,DOMINGO,7,JULIO,7,NO,REALIZAR CAMBIO BRUSCO O INDEBIDO DE CARRIL.,ESTRELLAMIENTOS,BUS,0,0,1,0,0,0,0,0,0,0,0,0,0,1,69,HOMBRE,ILESO,CONDUCTOR PRESENTE,NO,NO,0
4888,15036,15037,2017,1,0,-0.289517,-78.538401,PICHINCHA,QUITO,QUITO,URBANA,2017-07-09,14:00:00,14,DOMINGO,7,JULIO,7,NO,NO MANTENER LA DISTANCIA PRUDENCIAL CON RESPECTO AL VEHICULO QUE LE ANTECEDE.,CHOQUE POSTERIOR,MOTOCICLETA,0,0,1,0,0,0,0,0,1,0,0,0,0,2,29,HOMBRE,LESIONADO,CONDUCTOR PRESENTE,NO,NO,0
4889,15037,15038,2017,3,0,-0.158696,-78.496244,PICHINCHA,QUITO,QUITO,URBANA,2017-07-09,14:50:00,14,DOMINGO,7,JULIO,7,NO,"CONDUCIR DESATENTO A LAS CONDICIONES DE TRANSITO (CELULAR, PANTALLAS DE VIDEO, COMIDA, MAQUILLAJE O CUALQUIER OTRO ELEMENTO DISTRACTOR).",COLISION,VEHICULO DEPORTIVO UTILITARIO,1,0,0,0,0,0,0,0,0,0,0,0,2,3,37,MUJER,LESIONADO,CONDUCTOR PRESENTE,NO,NO,0
4890,15039,15040,2017,0,0,-0.104107,-78.496888,PICHINCHA,QUITO,QUITO,RURAL,2017-07-09,15:10:00,15,DOMINGO,7,JULIO,7,NO,REALIZAR CAMBIO BRUSCO O INDEBIDO DE CARRIL.,ESTRELLAMIENTOS,CAMIONETA,0,0,0,0,1,0,0,0,0,1,0,0,0,2,38,MUJER,ILESO,CONDUCTOR PRESENTE,NO,NO,3
4891,15040,15041,2017,0,0,-0.221777,-78.417377,PICHINCHA,QUITO,TUMBACO,RURAL,2017-07-09,15:15:00,15,DOMINGO,7,JULIO,7,NO,CONDUCIR VEHICULO SUPERANDO LOS LIMITES MAXIMOS DE VELOCIDAD.,VOLCAMIENTOS,MOTOCICLETA,0,0,0,0,0,0,0,0,1,0,0,0,0,1,28,HOMBRE,ILESO,CONDUCTOR PRESENTE,NO,NO,3
4892,15041,15042,2017,0,0,-0.224383,-78.496888,PICHINCHA,QUITO,QUITO,URBANA,2017-07-09,15:15:00,15,DOMINGO,7,JULIO,7,NO,NO MANTENER LA DISTANCIA PRUDENCIAL CON RESPECTO AL VEHICULO QUE LE ANTECEDE.,COLISION,VEHICULO DEPORTIVO UTILITARIO,2,0,0,0,0,0,0,0,0,0,0,0,1,3,24,HOMBRE,ILESO,CONDUCTOR PRESENTE,NO,NO,0
4893,15046,15047,2017,2,0,-0.218431,-78.485381,PICHINCHA,QUITO,QUITO,URBANA,2017-07-09,17:20:00,17,DOMINGO,7,JULIO,7,NO,"CONDUCE BAJO LA INFLUENCIA DE ALCOHOL, SUSTANCIAS ESTUPEFACIENTES O PSICOTROPICAS Y/O MEDICAMENTOS.",CHOQUE LATERAL,VEHICULO DEPORTIVO UTILITARIO,1,0,0,0,0,0,0,0,0,0,0,0,1,2,37,HOMBRE,LESIONADO,CONDUCTOR PRESENTE,NO,NO,0
4894,15047,15048,2017,0,1,0.082121,-78.192877,PICHINCHA,PEDRO MONCAYO,TUPIGACHI,RURAL,2017-07-09,17:35:00,17,DOMINGO,7,JULIO,7,NO,"CONDUCE BAJO LA INFLUENCIA DE ALCOHOL, SUSTANCIAS ESTUPEFACIENTES O PSICOTROPICAS Y/O MEDICAMENTOS.",PERDIDA DE PISTA,MOTOCICLETA,0,0,0,0,0,0,0,0,1,0,0,0,0,1,51,HOMBRE,FALLECIDO,CONDUCTOR PRESENTE,NO,NO,3
4895,15056,15057,2017,0,0,-0.290559,-78.566054,PICHINCHA,QUITO,QUITO,URBANA,2017-07-09,20:00:00,20,DOMINGO,7,JULIO,7,NO,"CONDUCE BAJO LA INFLUENCIA DE ALCOHOL, SUSTANCIAS ESTUPEFACIENTES O PSICOTROPICAS Y/O MEDICAMENTOS.",CHOQUE LATERAL,AUTOMOVIL,1,0,0,0,1,0,0,0,0,0,0,0,1,3,26,HOMBRE,ILESO,CONDUCTOR PRESENTE,NO,NO,0
4896,15057,15058,2017,0,0,-0.169058,-78.485896,PICHINCHA,QUITO,QUITO,URBANA,2017-07-09,20:18:00,20,DOMINGO,7,JULIO,7,NO,REALIZAR CAMBIO BRUSCO O INDEBIDO DE CARRIL.,ESTRELLAMIENTOS,VEHICULO DEPORTIVO UTILITARIO,0,0,0,0,0,0,0,0,0,0,0,0,2,2,57,MUJER,ILESO,CONDUCTOR PRESENTE,NO,NO,0
4897,15059,15060,2017,1,0,-0.275336,-78.554069,PICHINCHA,QUITO,QUITO,URBANA,2017-07-09,20:50:00,20,DOMINGO,7,JULIO,7,NO,"NO RESPETAR LAS SENIALES REGLAMENTARIAS DE TRANSITO. (PARE, CEDA EL PASO, LUZ ROJA DEL SEMAFORO, ETC).",CHOQUE LATERAL,MOTOCICLETA,0,0,0,0,0,0,0,0,1,1,0,0,0,2,36,HOMBRE,LESIONADO,CONDUCTOR PRESENTE,NO,NO,0
4898,15065,15066,2017,0,0,-0.183641,-78.332576,PICHINCHA,QUITO,YARUQUI,RURAL,2017-07-09,23:10:00,23,DOMINGO,7,JULIO,7,NO,NO MANTENER LA DISTANCIA PRUDENCIAL CON RESPECTO AL VEHICULO QUE LE ANTECEDE.,CHOQUE POSTERIOR,VEHICULO DEPORTIVO UTILITARIO,0,0,0,0,0,0,0,0,0,0,0,0,1,1,-1,NO IDENTIFICADO,NO IDENTIFICADO,CONDUCTOR AUSENTE,NO,NO,2
4899,15094,15095,2017,1,0,-0.092391,-78.433885,PICHINCHA,QUITO,CALDERON (CARAPUNGO),RURAL,2017-07-10,00:25:00,0,LUNES,1,JULIO,7,NO,"PEATON TRANSITA BAJO INFLUENCIA DE ALCOHOL, SUSTANCIAS ESTUPEFACIENTES O PSICOTROPICAS Y/O MEDICAMENTOS.",ATROPELLOS,NO IDENTIFICADO,0,0,0,0,0,0,0,0,0,1,0,0,0,1,-1,HOMBRE,LESIONADO,PEATON,NO,NO,3
4900,15097,15098,2017,0,0,-0.089881,-78.517157,PICHINCHA,QUITO,QUITO,URBANA,2017-07-10,01:50:00,1,LUNES,1,JULIO,7,NO,"CONDUCIR EN ESTADO DE SOMNOLENCIA O MALAS CONDICIONES FISICAS (SUENIO, CANSANCIO Y FATIGA).",ESTRELLAMIENTOS,CAMIONETA,0,0,0,0,1,0,0,0,0,1,0,0,0,2,-1,NO IDENTIFICADO,NO IDENTIFICADO,CONDUCTOR AUSENTE,NO,NO,2
4901,15099,15100,2017,0,0,-0.092465,-78.487901,PICHINCHA,QUITO,QUITO,URBANA,2017-07-10,05:05:00,5,LUNES,1,JULIO,7,NO,"CONDUCIR EN ESTADO DE SOMNOLENCIA O MALAS CONDICIONES FISICAS (SUENIO, CANSANCIO Y FATIGA).",ESTRELLAMIENTOS,AUTOMOVIL,1,0,0,0,0,0,0,0,0,0,0,0,0,1,-1,NO IDENTIFICADO,NO IDENTIFICADO,CONDUCTOR AUSENTE,NO,NO,2
4902,15100,15101,2017,1,0,-0.220556,-78.393037,PICHINCHA,QUITO,TUMBACO,RURAL,2017-07-10,05:10:00,5,LUNES,1,JULIO,7,NO,CONDUCIR VEHICULO SUPERANDO LOS LIMITES MAXIMOS DE VELOCIDAD.,PERDIDA DE PISTA,MOTOCICLETA,0,0,0,0,0,0,0,0,1,0,0,0,0,1,25,HOMBRE,LESIONADO,PASAJERO,NO,NO,3
4903,15101,15102,2017,0,0,-0.308006,-78.559416,PICHINCHA,QUITO,QUITO,URBANA,2017-07-10,06:50:00,6,LUNES,1,JULIO,7,NO,NO GUARDAR LA DISTANCIA LATERAL MINIMA DE SEGURIDAD ENTRE VEHICULOS.,ROZAMIENTOS,AUTOMOVIL,2,0,0,0,0,0,0,0,0,0,0,0,0,2,38,HOMBRE,ILESO,CONDUCTOR PRESENTE,NO,NO,0
4904,15102,15103,2017,0,0,-0.271125,-78.551998,PICHINCHA,QUITO,QUITO,URBANA,2017-07-10,07:00:00,7,LUNES,1,JULIO,7,NO,"NO RESPETAR LAS SENIALES REGLAMENTARIAS DE TRANSITO. (PARE, CEDA EL PASO, LUZ ROJA DEL SEMAFORO, ETC).",CHOQUE LATERAL,FURGONETA,0,0,0,0,0,0,0,1,1,0,0,0,0,2,69,HOMBRE,ILESO,CONDUCTOR PRESENTE,NO,NO,0
4905,15104,15105,2017,0,0,-0.108606,-78.454378,PICHINCHA,QUITO,CALDERON (CARAPUNGO),RURAL,2017-07-10,07:40:00,7,LUNES,1,JULIO,7,NO,NO MANTENER LA DISTANCIA PRUDENCIAL CON RESPECTO AL VEHICULO QUE LE ANTECEDE.,CHOQUE POSTERIOR,BUS,0,0,2,0,0,0,0,0,0,0,0,0,0,2,31,HOMBRE,ILESO,CONDUCTOR PRESENTE,NO,NO,3
4906,15105,15106,2017,0,0,-0.156524,-78.491271,PICHINCHA,QUITO,QUITO,URBANA,2017-07-10,07:45:00,7,LUNES,1,JULIO,7,NO,"CONDUCIR DESATENTO A LAS CONDICIONES DE TRANSITO (CELULAR, PANTALLAS DE VIDEO, COMIDA, MAQUILLAJE O CUALQUIER OTRO ELEMENTO DISTRACTOR).",ROZAMIENTOS,AUTOMOVIL,1,0,1,0,0,0,0,0,0,0,0,0,0,2,42,HOMBRE,ILESO,CONDUCTOR PRESENTE,NO,NO,0