,Unnamed: 0,ID,ANIO,LESIONADOS,FALLECIDOS,LATITUD_Y,LONGITUD_X,PROVINCIA,CANTON,PARROQUIA,ZONA,FECHA,HORA,PERIODO_2,DIA_1,DIA_2,MES_1,MES_2,FERIADO,CAUSA_PROBABLE,TIPO_DE_SINIESTRO,TIPO_DE_VEHICULO_1,AUTOMOVIL,BICICLETA,BUS,CAMION,CAMIONETA,EMERGENCIAS,ESPECIAL,FURGONETA,MOTOCICLETA,NO_IDENTIFICADO,SCOOTER_ELECTRICO,TRICIMOTO,VEHICULO_DEPORTIVO_UTILITARIO,SUMA_DE_VEHICULOS,EDAD_1,SEXO_1,CONDICION_1,PARTICIPANTE_1,CASCO_1,CINTURON_1,KMeans_Cluster
4907,15111,15112,2017,0,0,-0.214764,-78.488352,PICHINCHA,QUITO,QUITO,URBANA,2017-07-10,09:10:00,9,LUNES,1,JULIO,7,NO,"NO RESPETAR LAS SENIALES REGLAMENTARIAS DE TRANSITO. (PARE, CEDA EL PASO, LUZ ROJA DEL SEMAFORO, ETC).",CHOQUE LATERAL,FURGONETA,1,0,0,0,0,0,0,1,0,0,0,0,0,2,43,HOMBRE,ILESO,CONDUCTOR PRESENTE,NO,NO,0
4908,15112,15113,2017,0,0,-0.283327,-78.470226,PICHINCHA,QUITO,CONOCOTO,RURAL,2017-07-10,09:20:00,9,LUNES,1,JULIO,7,NO,"NO RESPETAR LAS SENIALES REGLAMENTARIAS DE TRANSITO. (PARE, CEDA EL PASO, LUZ ROJA DEL SEMAFORO, ETC).",CHOQUE LATERAL,AUTOMOVIL,1,0,0,0,1,0,0,0,0,0,0,0,0,2,60,MUJER,ILESO,CONDUCTOR PRESENTE,NO,NO,3
4909,15113,15114,2017,1,0,-0.111368,-78.500491,PICHINCHA,QUITO,QUITO,URBANA,2017-07-10,10:05:00,10,LUNES,1,JULIO,7,NO,"NO RESPETAR LAS SENIALES REGLAMENTARIAS DE TRANSITO. (PARE, CEDA EL PASO, LUZ ROJA DEL SEMAFORO, ETC).",CHOQUE LATERAL,FURGONETA,1,0,0,0,0,0,0,1,0,0,0,0,0,2,27,HOMBRE,LESIONADO,CONDUCTOR PRESENTE,NO,NO,0
4910,15114,15115,2017,0,0,-0.328456,-78.549299,PICHINCHA,QUITO,QUITO,URBANA,2017-07-10,10:30:00,10,LUNES,1,JULIO,7,NO,CONDUCIR VEHICULO SUPERANDO LOS LIMITES MAXIMOS DE VELOCIDAD.,ESTRELLAMIENTOS,NO IDENTIFICADO,0,0,0,0,0,0,0,0,0,1,0,0,0,1,-1,NO IDENTIFICADO,NO IDENTIFICADO,CONDUCTOR AUSENTE,NO,NO,2
4911,15115,15116,2017,1,0,-0.201311,-78.499601,PICHINCHA,QUITO,QUITO,URBANA,2017-07-10,10:50:00,10,LUNES,1,JULIO,7,NO,BAJARSE O SUBIRSE DE VEHICULOS EN MOVIMIENTO SIN TOMAR LAS PRECAUCIONES DEBIDAS.,CAIDA DE PASAJERO,BUS,0,0,1,0,0,0,0,0,0,0,0,0,0,1,62,MUJER,LESIONADO,PASAJERO,NO,NO,0
4912,15117,15118,2017,1,0,-0.172498,-78.487861,PICHINCHA,QUITO,QUITO,URBANA,2017-07-10,11:05:00,11,LUNES,1,JULIO,7,NO,NO CEDER EL DERECHO DE VIA O PREFERENCIA DE PASO AL PEATON.,ATROPELLOS,VEHICULO DEPORTIVO UTILITARIO,0,0,0,0,0,0,0,0,0,0,0,0,1,1,53,HOMBRE,LESIONADO,PEATON,NO,NO,0
4913,15119,15120,2017,0,0,-0.085157,-78.398558,PICHINCHA,QUITO,CALDERON (CARAPUNGO),RURAL,2017-07-10,11:20:00,11,LUNES,1,JULIO,7,NO,"CONDUCIR DESATENTO A LAS CONDICIONES DE TRANSITO (CELULAR, PANTALLAS DE VIDEO, COMIDA, MAQUILLAJE O CUALQUIER OTRO ELEMENTO DISTRACTOR).",COLISION,AUTOMOVIL,1,0,0,0,2,0,0,0,0,0,0,0,1,4,57,HOMBRE,ILESO,CONDUCTOR PRESENTE,NO,NO,3
4914,15120,15121,2017,0,0,-0.289407,-78.538575,PICHINCHA,QUITO,QUITO,URBANA,2017-07-10,11:30:00,11,LUNES,1,JULIO,7,NO,NO GUARDAR LA DISTANCIA LATERAL MINIMA DE SEGURIDAD ENTRE VEHICULOS.,ROZAMIENTOS,BUS,0,0,1,0,0,0,0,0,0,0,0,0,1,2,33,HOMBRE,ILESO,CONDUCTOR PRESENTE,NO,NO,0
4915,15122,15123,2017,1,0,-0.162687,-78.487329,PICHINCHA,QUITO,QUITO,URBANA,2017-07-10,12:25:00,12,LUNES,1,JULIO,7,NO,REALIZAR CAMBIO BRUSCO O INDEBIDO DE CARRIL.,PERDIDA DE PISTA,MOTOCICLETA,0,0,0,0,0,0,0,0,1,0,0,0,0,1,30,HOMBRE,LESIONADO,CONDUCTOR PRESENTE,NO,NO,0
4916,15124,15125,2017,0,0,-0.227009,-78.488569,PICHINCHA,QUITO,QUITO,URBANA,2017-07-10,13:00:00,13,LUNES,1,JULIO,7,NO,REALIZAR CAMBIO BRUSCO O INDEBIDO DE CARRIL.,ESTRELLAMIENTOS,AUTOMOVIL,1,0,0,0,0,0,0,0,0,0,0,0,0,1,20,HOMBRE,ILESO,CONDUCTOR PRESENTE,NO,NO,0
4917,15126,15127,2017,0,0,-0.176557,-78.481141,PICHINCHA,QUITO,QUITO,URBANA,2017-07-10,13:26:00,13,LUNES,1,JULIO,7,NO,"CONDUCIR DESATENTO A LAS CONDICIONES DE TRANSITO (CELULAR, PANTALLAS DE VIDEO, COMIDA, MAQUILLAJE O CUALQUIER OTRO ELEMENTO DISTRACTOR).",CHOQUE POSTERIOR,VEHICULO DEPORTIVO UTILITARIO,1,0,0,0,0,0,0,0,0,0,0,0,1,2,25,MUJER,ILESO,CONDUCTOR PRESENTE,NO,NO,0
4918,15127,15128,2017,1,0,-0.235391,-78.509861,PICHINCHA,QUITO,QUITO,URBANA,2017-07-10,13:50:00,13,LUNES,1,JULIO,7,NO,REALIZAR CAMBIO BRUSCO O INDEBIDO DE CARRIL.,PERDIDA DE PISTA,MOTOCICLETA,0,0,0,0,0,0,0,0,1,0,0,0,0,1,24,HOMBRE,LESIONADO,CONDUCTOR PRESENTE,NO,NO,0
4919,15135,15136,2017,0,0,-0.171718,-78.484162,PICHINCHA,QUITO,QUITO,URBANA,2017-07-10,15:35:00,15,LUNES,1,JULIO,7,NO,REALIZAR CAMBIO BRUSCO O INDEBIDO DE CARRIL.,ESTRELLAMIENTOS,VEHICULO DEPORTIVO UTILITARIO,0,0,0,0,0,0,0,0,0,0,0,0,2,2,30,MUJER,ILESO,CONDUCTOR PRESENTE,NO,NO,0
4920,15140,15141,2017,0,0,-0.256772,-78.542845,PICHINCHA,QUITO,QUITO,URBANA,2017-07-10,16:30:00,16,LUNES,1,JULIO,7,NO,NO CEDER EL DERECHO DE VIA O PREFERENCIA DE PASO AL PEATON.,ATROPELLOS,NO IDENTIFICADO,0,0,0,0,0,0,0,0,0,1,0,0,0,1,54,MUJER,ILESO,PEATON,NO,NO,0
4921,15141,15142,2017,1,0,-0.251171,-78.506136,PICHINCHA,QUITO,QUITO,URBANA,2017-07-10,17:00:00,17,LUNES,1,JULIO,7,NO,NO CEDER EL DERECHO DE VIA O PREFERENCIA DE PASO AL PEATON.,ATROPELLOS,NO IDENTIFICADO,0,0,0,0,0,0,0,0,0,1,0,0,0,1,13,HOMBRE,LESIONADO,PEATON,NO,NO,0
4922,15142,15143,2017,0,0,-0.101147,-78.452491,PICHINCHA,QUITO,CALDERON (CARAPUNGO),RURAL,2017-07-10,17:25:00,17,LUNES,1,JULIO,7,NO,"NO RESPETAR LAS SENIALES REGLAMENTARIAS DE TRANSITO. (PARE, CEDA EL PASO, LUZ ROJA DEL SEMAFORO, ETC).",CHOQUE LATERAL,VEHICULO DEPORTIVO UTILITARIO,1,0,0,0,0,0,0,0,0,0,0,0,1,2,50,HOMBRE,ILESO,CONDUCTOR PRESENTE,NO,NO,3
4923,15143,15144,2017,2,0,-0.299022,-78.531384,PICHINCHA,QUITO,QUITO,URBANA,2017-07-10,17:30:00,17,LUNES,1,JULIO,7,NO,"NO RESPETAR LAS SENIALES REGLAMENTARIAS DE TRANSITO. (PARE, CEDA EL PASO, LUZ ROJA DEL SEMAFORO, ETC).",CHOQUE LATERAL,MOTOCICLETA,1,0,0,0,0,0,0,0,1,0,0,0,0,2,27,HOMBRE,LESIONADO,CONDUCTOR PRESENTE,NO,NO,0
4924,15149,15150,2017,0,0,-0.129267,-78.511832,PICHINCHA,QUITO,QUITO,URBANA,2017-07-10,18:40:00,18,LUNES,1,JULIO,7,NO,"CONDUCIR DESATENTO A LAS CONDICIONES DE TRANSITO (CELULAR, PANTALLAS DE VIDEO, COMIDA, MAQUILLAJE O CUALQUIER OTRO ELEMENTO DISTRACTOR).",ESTRELLAMIENTOS,CAMIONETA,0,0,0,0,1,0,0,0,0,1,0,0,0,2,48,HOMBRE,ILESO,CONDUCTOR PRESENTE,NO,NO,0
4925,15150,15151,2017,1,0,-0.096326,-78.419363,PICHINCHA,QUITO,CALDERON (CARAPUNGO),RURAL,2017-07-10,20:30:00,20,LUNES,1,JULIO,7,NO,"NO RESPETAR LAS SENIALES REGLAMENTARIAS DE TRANSITO. (PARE, CEDA EL PASO, LUZ ROJA DEL SEMAFORO, ETC).",ATROPELLOS,NO IDENTIFICADO,0,0,0,0,0,0,0,0,0,1,0,0,0,1,70,MUJER,LESIONADO,PEATON,NO,NO,3
4926,15151,15152,2017,1,0,-0.102826,-78.425803,PICHINCHA,QUITO,CALDERON (CARAPUNGO),RURAL,2017-07-10,20:30:00,20,LUNES,1,JULIO,7,NO,NO CEDER EL DERECHO DE VIA O PREFERENCIA DE PASO AL PEATON.,ATROPELLOS,MOTOCICLETA,0,0,0,0,0,0,0,0,1,0,0,0,0,1,72,HOMBRE,LESIONADO,PEATON,NO,NO,3
4927,15153,15154,2017,0,0,-0.174751,-78.493185,PICHINCHA,QUITO,QUITO,URBANA,2017-07-10,21:40:00,21,LUNES,1,JULIO,7,NO,"CONDUCIR DESATENTO A LAS CONDICIONES DE TRANSITO (CELULAR, PANTALLAS DE VIDEO, COMIDA, MAQUILLAJE O CUALQUIER OTRO ELEMENTO DISTRACTOR).",PERDIDA DE PISTA,MOTOCICLETA,0,0,0,0,0,0,0,0,1,0,0,0,0,1,64,HOMBRE,ILESO,CONDUCTOR PRESENTE,NO,NO,0
4928,15154,15155,2017,1,0,-0.105373,-78.462381,PICHINCHA,QUITO,QUITO,URBANA,2017-07-10,21:45:00,21,LUNES,1,JULIO,7,NO,CONDUCIR VEHICULO SUPERANDO LOS LIMITES MAXIMOS DE VELOCIDAD.,PERDIDA DE PISTA,MOTOCICLETA,0,0,0,0,0,0,0,0,1,0,0,0,0,1,20,HOMBRE,LESIONADO,CONDUCTOR PRESENTE,NO,NO,0
4929,15155,15156,2017,0,0,-0.226034,-78.338808,PICHINCHA,QUITO,PIFO,RURAL,2017-07-10,22:50:00,22,LUNES,1,JULIO,7,NO,"NO RESPETAR LAS SENIALES REGLAMENTARIAS DE TRANSITO. (PARE, CEDA EL PASO, LUZ ROJA DEL SEMAFORO, ETC).",CHOQUE LATERAL,AUTOMOVIL,2,0,0,0,0,0,0,0,0,0,0,0,0,2,23,HOMBRE,ILESO,CONDUCTOR PRESENTE,NO,NO,3
4930,15156,15157,2017,0,0,-0.318195,-78.553728,PICHINCHA,QUITO,QUITO,URBANA,2017-07-10,23:20:00,23,LUNES,1,JULIO,7,NO,"NO RESPETAR LAS SENIALES REGLAMENTARIAS DE TRANSITO. (PARE, CEDA EL PASO, LUZ ROJA DEL SEMAFORO, ETC).",CHOQUE LATERAL,MOTOCICLETA,0,0,0,0,0,0,0,0,1,1,0,0,0,2,26,HOMBRE,ILESO,CONDUCTOR PRESENTE,NO,NO,0
4931,15157,15158,2017,0,0,-0.135961,-78.358368,PICHINCHA,QUITO,TABABELA,URBANA,2017-07-10,23:30:00,23,LUNES,1,JULIO,7,NO,"CONDUCIR DESATENTO A LAS CONDICIONES DE TRANSITO (CELULAR, PANTALLAS DE VIDEO, COMIDA, MAQUILLAJE O CUALQUIER OTRO ELEMENTO DISTRACTOR).",CHOQUE LATERAL,CAMION,0,0,0,1,1,0,0,0,0,0,0,0,0,2,25,HOMBRE,ILESO,CONDUCTOR PRESENTE,NO,NO,0
4932,15169,15170,2017,1,0,-0.291844,-78.558452,PICHINCHA,QUITO,QUITO,URBANA,2017-07-11,00:10:00,0,MARTES,2,JULIO,7,NO,"NO RESPETAR LAS SENIALES REGLAMENTARIAS DE TRANSITO. (PARE, CEDA EL PASO, LUZ ROJA DEL SEMAFORO, ETC).",CHOQUE LATERAL,FURGONETA,1,0,0,0,0,0,0,1,0,0,0,0,0,2,39,MUJER,LESIONADO,PASAJERO,NO,NO,0
4933,15170,15171,2017,0,0,-0.198032,-78.496057,PICHINCHA,QUITO,QUITO,URBANA,2017-07-11,00:25:00,0,MARTES,2,JULIO,7,NO,"CONDUCIR EN ESTADO DE SOMNOLENCIA O MALAS CONDICIONES FISICAS (SUENIO, CANSANCIO Y FATIGA).",ESTRELLAMIENTOS,NO IDENTIFICADO,0,0,0,0,0,0,0,0,0,1,0,0,0,1,-1,NO IDENTIFICADO,NO IDENTIFICADO,CONDUCTOR AUSENTE,NO,NO,2
4934,15176,15177,2017,0,0,-0.269397,-78.547278,PICHINCHA,QUITO,QUITO,URBANA,2017-07-11,07:00:00,7,MARTES,2,JULIO,7,NO,"NO RESPETAR LAS SENIALES REGLAMENTARIAS DE TRANSITO. (PARE, CEDA EL PASO, LUZ ROJA DEL SEMAFORO, ETC).",CHOQUE LATERAL,CAMIONETA,0,0,0,0,1,0,0,0,0,0,0,0,1,2,59,HOMBRE,ILESO,CONDUCTOR PRESENTE,NO,NO,0
4935,15178,15179,2017,0,0,-0.215223,-78.405555,PICHINCHA,QUITO,TUMBACO,RURAL,2017-07-11,07:19:00,7,MARTES,2,JULIO,7,NO,NO MANTENER LA DISTANCIA PRUDENCIAL CON RESPECTO AL VEHICULO QUE LE ANTECEDE.,CHOQUE POSTERIOR,CAMIONETA,1,0,0,0,1,0,0,0,0,0,0,0,0,2,67,MUJER,ILESO,CONDUCTOR PRESENTE,NO,NO,3
4936,15180,15181,2017,1,0,-0.165977,-78.468635,PICHINCHA,QUITO,QUITO,URBANA,2017-07-11,07:35:00,7,MARTES,2,JULIO,7,NO,NO CEDER EL DERECHO DE VIA O PREFERENCIA DE PASO AL PEATON.,ATROPELLOS,AUTOMOVIL,1,0,0,0,0,0,0,0,0,0,0,0,0,1,33,MUJER,LESIONADO,PEATON,NO,NO,0
4937,15182,15183,2017,0,0,-0.172471,-78.476664,PICHINCHA,QUITO,QUITO,URBANA,2017-07-11,07:42:00,7,MARTES,2,JULIO,7,NO,"NO RESPETAR LAS SENIALES REGLAMENTARIAS DE TRANSITO. (PARE, CEDA EL PASO, LUZ ROJA DEL SEMAFORO, ETC).",CHOQUE LATERAL,VEHICULO DEPORTIVO UTILITARIO,1,0,0,0,0,0,0,0,0,0,0,0,1,2,28,HOMBRE,ILESO,CONDUCTOR PRESENTE,NO,NO,0
4938,15186,15187,2017,0,0,-0.171291,-78.470751,PICHINCHA,QUITO,QUITO,URBANA,2017-07-11,09:20:00,9,MARTES,2,JULIO,7,NO,REALIZAR CAMBIO BRUSCO O INDEBIDO DE CARRIL.,CHOQUE POSTERIOR,VEHICULO DEPORTIVO UTILITARIO,1,0,0,0,0,0,0,0,0,0,0,0,1,2,67,HOMBRE,ILESO,CONDUCTOR PRESENTE,NO,NO,0
4939,15188,15189,2017,1,0,-0.166183,-78.468514,PICHINCHA,QUITO,QUITO,URBANA,2017-07-11,09:43:00,9,MARTES,2,JULIO,7,NO,"NO RESPETAR LAS SENIALES REGLAMENTARIAS DE TRANSITO. (PARE, CEDA EL PASO, LUZ ROJA DEL SEMAFORO, ETC).",ATROPELLOS,NO IDENTIFICADO,0,0,0,0,0,0,0,0,0,1,0,0,0,1,27,HOMBRE,LESIONADO,PEATON,NO,NO,0
4940,15190,15191,2017,0,0,-0.108255,-78.461391,PICHINCHA,QUITO,QUITO,URBANA,2017-07-11,10:46:00,10,MARTES,2,JULIO,7,NO,NO MANTENER LA DISTANCIA PRUDENCIAL CON RESPECTO AL VEHICULO QUE LE ANTECEDE.,COLISION,AUTOMOVIL,2,0,0,0,0,0,0,0,0,1,0,0,1,4,36,HOMBRE,ILESO,CONDUCTOR PRESENTE,NO,NO,0
4941,15191,15192,2017,0,0,-0.108255,-78.461391,PICHINCHA,QUITO,QUITO,RURAL,2017-07-11,10:49:00,10,MARTES,2,JULIO,7,NO,NO MANTENER LA DISTANCIA PRUDENCIAL CON RESPECTO AL VEHICULO QUE LE ANTECEDE.,CHOQUE POSTERIOR,CAMIONETA,1,0,0,0,1,0,0,0,0,0,0,0,0,2,25,HOMBRE,ILESO,CONDUCTOR PRESENTE,NO,NO,3
4942,15192,15193,2017,0,0,-0.108255,-78.461391,PICHINCHA,QUITO,QUITO,RURAL,2017-07-11,10:50:00,10,MARTES,2,JULIO,7,NO,"CONDUCIR DESATENTO A LAS CONDICIONES DE TRANSITO (CELULAR, PANTALLAS DE VIDEO, COMIDA, MAQUILLAJE O CUALQUIER OTRO ELEMENTO DISTRACTOR).",ESTRELLAMIENTOS,CAMIONETA,0,0,0,0,1,0,0,0,0,0,0,0,0,1,38,HOMBRE,ILESO,CONDUCTOR PRESENTE,NO,NO,3
4943,15193,15194,2017,0,0,-0.101536,-78.448741,PICHINCHA,QUITO,CALDERON (CARAPUNGO),RURAL,2017-07-11,11:00:00,11,MARTES,2,JULIO,7,NO,NO MANTENER LA DISTANCIA PRUDENCIAL CON RESPECTO AL VEHICULO QUE LE ANTECEDE.,CHOQUE POSTERIOR,AUTOMOVIL,2,0,0,0,0,0,0,0,0,0,0,0,0,2,55,HOMBRE,ILESO,CONDUCTOR PRESENTE,NO,NO,3
4944,15194,15195,2017,0,0,-0.289171,-78.539048,PICHINCHA,QUITO,QUITO,URBANA,2017-07-11,11:05:00,11,MARTES,2,JULIO,7,NO,"CONDUCIR DESATENTO A LAS CONDICIONES DE TRANSITO (CELULAR, PANTALLAS DE VIDEO, COMIDA, MAQUILLAJE O CUALQUIER OTRO ELEMENTO DISTRACTOR).",CHOQUE POSTERIOR,AUTOMOVIL,2,0,0,0,0,0,0,0,0,0,0,0,0,2,36,HOMBRE,ILESO,CONDUCTOR PRESENTE,NO,NO,0
4945,15196,15197,2017,0,0,-0.153396,-78.484496,PICHINCHA,QUITO,QUITO,URBANA,2017-07-11,12:20:00,12,MARTES,2,JULIO,7,NO,"CONDUCIR DESATENTO A LAS CONDICIONES DE TRANSITO (CELULAR, PANTALLAS DE VIDEO, COMIDA, MAQUILLAJE O CUALQUIER OTRO ELEMENTO DISTRACTOR).",ESTRELLAMIENTOS,CAMION,0,0,0,1,0,0,0,0,0,0,0,0,0,1,47,HOMBRE,ILESO,CONDUCTOR PRESENTE,NO,NO,0
4946,15197,15198,2017,1,0,-0.184775,-78.477134,PICHINCHA,QUITO,QUITO,URBANA,2017-07-11,13:30:00,13,MARTES,2,JULIO,7,NO,CONDUCIR VEHICULO SUPERANDO LOS LIMITES MAXIMOS DE VELOCIDAD.,PERDIDA DE PISTA,MOTOCICLETA,0,0,0,0,0,0,0,0,1,0,0,0,0,1,50,MUJER,LESIONADO,CONDUCTOR PRESENTE,NO,NO,0
4947,15198,15199,2017,1,0,-0.116011,-78.479444,PICHINCHA,QUITO,QUITO,URBANA,2017-07-11,13:30:00,13,MARTES,2,JULIO,7,NO,NO TRANSITAR POR LAS ACERAS O ZONAS DE SEGURIDAD DESTINADAS PARA EL EFECTO.,ATROPELLOS,NO IDENTIFICADO,0,0,0,0,0,0,0,0,0,1,0,0,0,1,82,HOMBRE,LESIONADO,PEATON,NO,NO,0
4948,15200,15201,2017,1,0,-0.201149,-78.488775,PICHINCHA,QUITO,QUITO,URBANA,2017-07-11,14:20:00,14,MARTES,2,JULIO,7,NO,"NO RESPETAR LAS SENIALES REGLAMENTARIAS DE TRANSITO. (PARE, CEDA EL PASO, LUZ ROJA DEL SEMAFORO, ETC).",CHOQUE LATERAL,MOTOCICLETA,0,0,0,0,0,0,0,0,1,1,0,0,0,2,21,HOMBRE,LESIONADO,CONDUCTOR PRESENTE,NO,NO,0
4949,15206,15207,2017,0,0,-0.186839,-78.479605,PICHINCHA,QUITO,QUITO,URBANA,2017-07-11,16:20:00,16,MARTES,2,JULIO,7,NO,NO GUARDAR LA DISTANCIA LATERAL MINIMA DE SEGURIDAD ENTRE VEHICULOS.,ROZAMIENTOS,VEHICULO DEPORTIVO UTILITARIO,0,0,0,0,0,0,0,1,0,0,0,0,1,2,56,MUJER,ILESO,CONDUCTOR PRESENTE,NO,NO,0
4950,15207,15208,2017,0,0,-0.115405,-78.295068,PICHINCHA,QUITO,EL QUINCHE,RURAL,2017-07-11,16:45:00,16,MARTES,2,JULIO,7,NO,"CONDUCIR DESATENTO A LAS CONDICIONES DE TRANSITO (CELULAR, PANTALLAS DE VIDEO, COMIDA, MAQUILLAJE O CUALQUIER OTRO ELEMENTO DISTRACTOR).",COLISION,AUTOMOVIL,1,0,1,0,0,0,0,0,0,0,0,0,0,2,74,HOMBRE,ILESO,CONDUCTOR PRESENTE,NO,NO,3
4951,15208,15209,2017,1,0,-0.116769,-78.473429,PICHINCHA,QUITO,QUITO,URBANA,2017-07-11,16:48:00,16,MARTES,2,JULIO,7,NO,"NO RESPETAR LAS SENIALES REGLAMENTARIAS DE TRANSITO. (PARE, CEDA EL PASO, LUZ ROJA DEL SEMAFORO, ETC).",CHOQUE LATERAL,MOTOCICLETA,0,0,0,0,0,0,0,0,1,1,0,0,0,2,47,HOMBRE,LESIONADO,CONDUCTOR PRESENTE,NO,NO,0
4952,15209,15210,2017,1,0,-0.088884,-78.439915,PICHINCHA,QUITO,CALDERON (CARAPUNGO),RURAL,2017-07-11,16:55:00,16,MARTES,2,JULIO,7,NO,NO CEDER EL DERECHO DE VIA O PREFERENCIA DE PASO AL PEATON.,ATROPELLOS,NO IDENTIFICADO,0,0,0,0,0,0,0,0,0,1,0,0,0,1,-1,HOMBRE,LESIONADO,PEATON,NO,NO,3
4953,15211,15212,2017,1,0,-0.212946,-78.500014,PICHINCHA,QUITO,QUITO,URBANA,2017-07-11,17:30:00,17,MARTES,2,JULIO,7,NO,NO CEDER EL DERECHO DE VIA O PREFERENCIA DE PASO A VEHICULOS.,CHOQUE LATERAL,AUTOMOVIL,1,0,0,0,0,0,0,0,1,0,0,0,0,2,45,HOMBRE,LESIONADO,CONDUCTOR PRESENTE,NO,NO,0
4954,15213,15214,2017,1,0,-0.147951,-78.469082,PICHINCHA,QUITO,QUITO,URBANA,2017-07-11,18:00:00,18,MARTES,2,JULIO,7,NO,BAJARSE O SUBIRSE DE VEHICULOS EN MOVIMIENTO SIN TOMAR LAS PRECAUCIONES DEBIDAS.,ARROLLAMIENTOS,BUS,0,0,1,0,0,0,0,0,0,0,0,0,0,1,75,MUJER,LESIONADO,PEATON,NO,NO,0
4955,15214,15215,2017,0,0,-0.193393,-78.486401,PICHINCHA,QUITO,QUITO,URBANA,2017-07-11,18:03:00,18,MARTES,2,JULIO,7,NO,"NO RESPETAR LAS SENIALES REGLAMENTARIAS DE TRANSITO. (PARE, CEDA EL PASO, LUZ ROJA DEL SEMAFORO, ETC).",CHOQUE LATERAL,AUTOMOVIL,1,0,0,0,0,0,0,0,0,1,0,0,0,2,30,HOMBRE,ILESO,CONDUCTOR PRESENTE,NO,NO,0
4956,15215,15216,2017,1,0,-0.195529,-78.506743,PICHINCHA,QUITO,QUITO,URBANA,2017-07-11,18:06:00,18,MARTES,2,JULIO,7,NO,NO CEDER EL DERECHO DE VIA O PREFERENCIA DE PASO A VEHICULOS.,CHOQUE LATERAL,VEHICULO DEPORTIVO UTILITARIO,0,0,0,0,0,0,0,0,1,0,0,0,1,2,34,HOMBRE,LESIONADO,CONDUCTOR PRESENTE,NO,NO,0
4957,15217,15218,2017,1,0,-0.210558,-78.386186,PICHINCHA,QUITO,TUMBACO,RURAL,2017-07-11,18:10:00,18,MARTES,2,JULIO,7,NO,NO TRANSITAR POR LAS ACERAS O ZONAS DE SEGURIDAD DESTINADAS PARA EL EFECTO.,ATROPELLOS,AUTOMOVIL,1,0,0,0,0,0,0,0,0,0,0,0,0,1,79,HOMBRE,LESIONADO,PEATON,NO,NO,3
4958,15219,15220,2017,1,0,-0.236171,-78.526913,PICHINCHA,QUITO,QUITO,URBANA,2017-07-11,19:30:00,19,MARTES,2,JULIO,7,NO,NO MANTENER LA DISTANCIA PRUDENCIAL CON RESPECTO AL VEHICULO QUE LE ANTECEDE.,CHOQUE POSTERIOR,MOTOCICLETA,0,0,0,0,1,0,0,0,1,0,0,0,0,2,34,HOMBRE,LESIONADO,CONDUCTOR PRESENTE,NO,NO,0
4959,15220,15221,2017,0,0,-0.114905,-78.469211,PICHINCHA,QUITO,QUITO,URBANA,2017-07-11,19:30:00,19,MARTES,2,JULIO,7,NO,NO CEDER EL DERECHO DE VIA O PREFERENCIA DE PASO A VEHICULOS.,CHOQUE LATERAL,AUTOMOVIL,2,0,0,0,0,0,0,0,0,0,0,0,0,2,63,HOMBRE,ILESO,CONDUCTOR PRESENTE,NO,NO,0
4960,15221,15222,2017,0,0,-0.208179,-78.496391,PICHINCHA,QUITO,QUITO,URBANA,2017-07-11,19:46:00,19,MARTES,2,JULIO,7,NO,NO MANTENER LA DISTANCIA PRUDENCIAL CON RESPECTO AL VEHICULO QUE LE ANTECEDE.,CHOQUE POSTERIOR,AUTOMOVIL,2,0,0,0,0,0,0,0,0,0,0,0,0,2,-1,MUJER,ILESO,CONDUCTOR PRESENTE,NO,NO,0
4961,15223,15224,2017,1,0,-0.158773,-78.500447,PICHINCHA,QUITO,QUITO,URBANA,2017-07-11,20:45:00,20,MARTES,2,JULIO,7,NO,NO CEDER EL DERECHO DE VIA O PREFERENCIA DE PASO AL PEATON.,ATROPELLOS,NO IDENTIFICADO,0,0,0,0,0,0,0,0,0,1,0,0,0,1,73,MUJER,LESIONADO,PEATON,NO,NO,0
4962,15249,15250,2017,1,0,-0.212824,-78.402686,PICHINCHA,QUITO,TUMBACO,RURAL,2017-07-12,00:10:00,0,MIERCOLES,3,JULIO,7,NO,"CONDUCIR EN ESTADO DE SOMNOLENCIA O MALAS CONDICIONES FISICAS (SUENIO, CANSANCIO Y FATIGA).",PERDIDA DE PISTA,VEHICULO DEPORTIVO UTILITARIO,0,0,0,0,0,0,0,0,0,0,0,0,1,1,26,HOMBRE,LESIONADO,CONDUCTOR PRESENTE,NO,NO,3
4963,15253,15254,2017,0,0,-0.005069,-78.227648,PICHINCHA,CAYAMBE,CANGAHUA,RURAL,2017-07-12,06:00:00,6,MIERCOLES,3,JULIO,7,NO,"CONDUCIR DESATENTO A LAS CONDICIONES DE TRANSITO (CELULAR, PANTALLAS DE VIDEO, COMIDA, MAQUILLAJE O CUALQUIER OTRO ELEMENTO DISTRACTOR).",CHOQUE LATERAL,AUTOMOVIL,1,0,1,0,0,0,0,0,0,0,0,0,0,2,36,HOMBRE,ILESO,CONDUCTOR PRESENTE,NO,NO,3