,Unnamed: 0,ID,ANIO,LESIONADOS,FALLECIDOS,LATITUD_Y,LONGITUD_X,PROVINCIA,CANTON,PARROQUIA,ZONA,FECHA,HORA,PERIODO_2,DIA_1,DIA_2,MES_1,MES_2,FERIADO,CAUSA_PROBABLE,TIPO_DE_SINIESTRO,TIPO_DE_VEHICULO_1,AUTOMOVIL,BICICLETA,BUS,CAMION,CAMIONETA,EMERGENCIAS,ESPECIAL,FURGONETA,MOTOCICLETA,NO_IDENTIFICADO,SCOOTER_ELECTRICO,TRICIMOTO,VEHICULO_DEPORTIVO_UTILITARIO,SUMA_DE_VEHICULOS,EDAD_1,SEXO_1,CONDICION_1,PARTICIPANTE_1,CASCO_1,CINTURON_1,KMeans_Cluster
4964,15259,15260,2017,0,0,-0.232716,-78.503774,PICHINCHA,QUITO,QUITO,URBANA,2017-07-12,09:50:00,9,MIERCOLES,3,JULIO,7,NO,NO GUARDAR LA DISTANCIA LATERAL MINIMA DE SEGURIDAD ENTRE VEHICULOS.,ROZAMIENTOS,FURGONETA,0,0,0,0,1,0,0,1,0,0,0,0,0,2,25,HOMBRE,ILESO,CONDUCTOR PRESENTE,NO,NO,0
4965,15260,15261,2017,0,0,-0.194164,-78.482011,PICHINCHA,QUITO,QUITO,URBANA,2017-07-12,11:09:00,11,MIERCOLES,3,JULIO,7,NO,NO CEDER EL DERECHO DE VIA O PREFERENCIA DE PASO A VEHICULOS.,CHOQUE LATERAL,AUTOMOVIL,1,0,0,0,0,0,0,0,0,0,0,0,1,2,32,HOMBRE,ILESO,CONDUCTOR PRESENTE,NO,NO,0
4966,15265,15266,2017,1,0,-0.198128,-78.495899,PICHINCHA,QUITO,QUITO,URBANA,2017-07-12,13:22:00,13,MIERCOLES,3,JULIO,7,NO,REALIZAR CAMBIO BRUSCO O INDEBIDO DE CARRIL.,ARROLLAMIENTOS,BICICLETA,0,1,0,0,0,0,0,0,0,0,0,0,0,1,29,MUJER,LESIONADO,PEATON,NO,NO,0
4967,15266,15267,2017,1,0,-0.214643,-78.506701,PICHINCHA,QUITO,QUITO,URBANA,2017-07-12,14:15:00,14,MIERCOLES,3,JULIO,7,NO,"NO RESPETAR LAS SENIALES REGLAMENTARIAS DE TRANSITO. (PARE, CEDA EL PASO, LUZ ROJA DEL SEMAFORO, ETC).",CHOQUE LATERAL,AUTOMOVIL,1,0,0,0,0,0,0,0,1,0,0,0,0,2,26,HOMBRE,LESIONADO,CONDUCTOR PRESENTE,NO,NO,0
4968,15268,15269,2017,0,0,-0.210605,-78.461486,PICHINCHA,QUITO,QUITO,RURAL,2017-07-12,15:00:00,15,MIERCOLES,3,JULIO,7,NO,REALIZAR CAMBIO BRUSCO O INDEBIDO DE CARRIL.,ESTRELLAMIENTOS,VEHICULO DEPORTIVO UTILITARIO,0,0,0,0,0,0,0,0,0,1,0,0,1,2,23,HOMBRE,ILESO,CONDUCTOR PRESENTE,NO,NO,3
4969,15271,15272,2017,0,0,-0.175965,-78.485539,PICHINCHA,QUITO,QUITO,URBANA,2017-07-12,16:30:00,16,MIERCOLES,3,JULIO,7,NO,NO MANTENER LA DISTANCIA PRUDENCIAL CON RESPECTO AL VEHICULO QUE LE ANTECEDE.,CHOQUE POSTERIOR,AUTOMOVIL,1,0,0,0,0,0,0,0,1,0,0,0,0,2,28,HOMBRE,ILESO,CONDUCTOR PRESENTE,NO,NO,0
4970,15273,15274,2017,1,0,-0.119451,-78.506659,PICHINCHA,QUITO,QUITO,URBANA,2017-07-12,16:45:00,16,MIERCOLES,3,JULIO,7,NO,"CONDUCIR DESATENTO A LAS CONDICIONES DE TRANSITO (CELULAR, PANTALLAS DE VIDEO, COMIDA, MAQUILLAJE O CUALQUIER OTRO ELEMENTO DISTRACTOR).",CHOQUE POSTERIOR,MOTOCICLETA,0,0,0,0,0,0,0,0,1,1,0,0,0,2,21,MUJER,LESIONADO,PASAJERO,NO,NO,0
4971,15275,15276,2017,1,0,-0.189858,-78.470321,PICHINCHA,QUITO,QUITO,URBANA,2017-07-12,17:10:00,17,MIERCOLES,3,JULIO,7,NO,NO TRANSITAR POR LAS ACERAS O ZONAS DE SEGURIDAD DESTINADAS PARA EL EFECTO.,ATROPELLOS,VEHICULO DEPORTIVO UTILITARIO,0,0,0,0,0,0,0,0,0,0,0,0,1,1,4,MUJER,LESIONADO,PEATON,NO,NO,0
4972,15277,15278,2017,1,0,-0.088088,-78.476231,PICHINCHA,QUITO,QUITO,URBANA,2017-07-12,17:45:00,17,MIERCOLES,3,JULIO,7,NO,"NO RESPETAR LAS SENIALES REGLAMENTARIAS DE TRANSITO. (PARE, CEDA EL PASO, LUZ ROJA DEL SEMAFORO, ETC).",CHOQUE LATERAL,VEHICULO DEPORTIVO UTILITARIO,1,0,0,0,0,0,0,0,0,0,0,0,1,2,46,MUJER,LESIONADO,CONDUCTOR PRESENTE,NO,NO,0
4973,15278,15279,2017,0,0,-0.110836,-78.491387,PICHINCHA,QUITO,QUITO,URBANA,2017-07-12,17:45:00,17,MIERCOLES,3,JULIO,7,NO,"NO RESPETAR LAS SENIALES REGLAMENTARIAS DE TRANSITO. (PARE, CEDA EL PASO, LUZ ROJA DEL SEMAFORO, ETC).",CHOQUE LATERAL,FURGONETA,1,0,0,0,0,0,0,1,0,0,0,0,0,2,27,HOMBRE,ILESO,CONDUCTOR PRESENTE,NO,NO,0
4974,15282,15283,2017,0,0,-0.254638,-78.522355,PICHINCHA,QUITO,QUITO,URBANA,2017-07-12,18:34:00,18,MIERCOLES,3,JULIO,7,NO,CONDUCIR VEHICULO SUPERANDO LOS LIMITES MAXIMOS DE VELOCIDAD.,CAIDA DE PASAJERO,BUS,0,0,1,0,0,0,0,0,0,0,0,0,0,1,35,HOMBRE,ILESO,CONDUCTOR PRESENTE,NO,NO,0
4975,15283,15284,2017,2,0,-0.224383,-78.496888,PICHINCHA,QUITO,QUITO,URBANA,2017-07-12,19:20:00,19,MIERCOLES,3,JULIO,7,NO,NO TRANSITAR POR LAS ACERAS O ZONAS DE SEGURIDAD DESTINADAS PARA EL EFECTO.,ATROPELLOS,AUTOMOVIL,1,0,0,0,0,0,0,0,0,0,0,0,0,1,24,MUJER,LESIONADO,PEATON,NO,NO,0
4976,15284,15285,2017,1,0,-0.263053,-78.507339,PICHINCHA,QUITO,QUITO,URBANA,2017-07-12,19:45:00,19,MIERCOLES,3,JULIO,7,NO,NO TRANSITAR POR LAS ACERAS O ZONAS DE SEGURIDAD DESTINADAS PARA EL EFECTO.,ATROPELLOS,NO IDENTIFICADO,0,0,0,0,0,0,0,0,0,1,0,0,0,1,50,HOMBRE,LESIONADO,PEATON,NO,NO,0
4977,15285,15286,2017,0,0,-0.091585,-78.439052,PICHINCHA,QUITO,CALDERON (CARAPUNGO),RURAL,2017-07-12,20:20:00,20,MIERCOLES,3,JULIO,7,NO,"NO RESPETAR LAS SENIALES REGLAMENTARIAS DE TRANSITO. (PARE, CEDA EL PASO, LUZ ROJA DEL SEMAFORO, ETC).",CHOQUE LATERAL,AUTOMOVIL,2,0,0,0,0,0,0,0,0,0,0,0,0,2,26,HOMBRE,ILESO,CONDUCTOR PRESENTE,NO,NO,3
4978,15286,15287,2017,1,0,-0.213234,-78.510152,PICHINCHA,QUITO,QUITO,URBANA,2017-07-12,20:20:00,20,MIERCOLES,3,JULIO,7,NO,NO CEDER EL DERECHO DE VIA O PREFERENCIA DE PASO AL PEATON.,ATROPELLOS,MOTOCICLETA,0,0,0,0,0,0,0,0,1,0,0,0,0,1,27,MUJER,LESIONADO,PEATON,NO,NO,0
4979,15287,15288,2017,1,0,-0.224383,-78.496888,PICHINCHA,QUITO,QUITO,URBANA,2017-07-12,20:30:00,20,MIERCOLES,3,JULIO,7,NO,"CONDUCE BAJO LA INFLUENCIA DE ALCOHOL, SUSTANCIAS ESTUPEFACIENTES O PSICOTROPICAS Y/O MEDICAMENTOS.",ESTRELLAMIENTOS,BUS,0,0,1,0,1,0,0,0,1,0,0,0,0,3,54,MUJER,LESIONADO,PASAJERO,NO,NO,0
4980,15289,15290,2017,1,0,-0.023711,-78.522067,PICHINCHA,QUITO,CALACALI,URBANA,2017-07-12,21:30:00,21,MIERCOLES,3,JULIO,7,NO,NO CEDER EL DERECHO DE VIA O PREFERENCIA DE PASO A VEHICULOS.,CHOQUE LATERAL,BICICLETA,0,1,0,0,0,0,0,0,0,1,0,0,0,2,22,HOMBRE,LESIONADO,CONDUCTOR PRESENTE,NO,NO,0
4981,15291,15292,2017,1,0,-0.114641,-78.497485,PICHINCHA,QUITO,QUITO,URBANA,2017-07-12,22:05:00,22,MIERCOLES,3,JULIO,7,NO,"NO RESPETAR LAS SENIALES REGLAMENTARIAS DE TRANSITO. (PARE, CEDA EL PASO, LUZ ROJA DEL SEMAFORO, ETC).",CHOQUE LATERAL,MOTOCICLETA,0,0,0,0,0,0,0,0,1,1,0,0,0,2,19,HOMBRE,LESIONADO,PASAJERO,NO,NO,0
4982,15319,15320,2017,0,0,-0.089473,-78.402952,PICHINCHA,QUITO,CALDERON (CARAPUNGO),RURAL,2017-07-13,04:30:00,4,JUEVES,4,JULIO,7,NO,CONDUCIR VEHICULO SUPERANDO LOS LIMITES MAXIMOS DE VELOCIDAD.,VOLCAMIENTOS,AUTOMOVIL,1,0,0,0,0,0,0,0,0,0,0,0,0,1,-1,NO IDENTIFICADO,NO IDENTIFICADO,CONDUCTOR AUSENTE,NO,NO,2
4983,15320,15321,2017,1,0,-0.208758,-78.495594,PICHINCHA,QUITO,QUITO,URBANA,2017-07-13,05:35:00,5,JUEVES,4,JULIO,7,NO,"CONDUCIR DESATENTO A LAS CONDICIONES DE TRANSITO (CELULAR, PANTALLAS DE VIDEO, COMIDA, MAQUILLAJE O CUALQUIER OTRO ELEMENTO DISTRACTOR).",ESTRELLAMIENTOS,AUTOMOVIL,1,0,0,0,0,0,0,0,0,0,0,0,0,1,18,HOMBRE,LESIONADO,PASAJERO,NO,NO,0
4984,15321,15322,2017,0,0,-0.112977,-78.446116,PICHINCHA,QUITO,CALDERON (CARAPUNGO),RURAL,2017-07-13,06:20:00,6,JUEVES,4,JULIO,7,NO,"CONDUCE BAJO LA INFLUENCIA DE ALCOHOL, SUSTANCIAS ESTUPEFACIENTES O PSICOTROPICAS Y/O MEDICAMENTOS.",ESTRELLAMIENTOS,VEHICULO DEPORTIVO UTILITARIO,3,0,0,0,0,0,0,0,0,0,0,0,1,4,36,HOMBRE,ILESO,CONDUCTOR PRESENTE,NO,NO,3
4985,15322,15323,2017,0,0,-0.191372,-78.480874,PICHINCHA,QUITO,QUITO,URBANA,2017-07-13,06:25:00,6,JUEVES,4,JULIO,7,NO,NO CEDER EL DERECHO DE VIA O PREFERENCIA DE PASO A VEHICULOS.,CHOQUE LATERAL,MOTOCICLETA,0,0,1,0,0,0,0,0,1,0,0,0,0,2,38,HOMBRE,ILESO,CONDUCTOR PRESENTE,NO,NO,0
4986,15324,15325,2017,2,0,-0.107668,-78.489223,PICHINCHA,QUITO,QUITO,URBANA,2017-07-13,07:00:00,7,JUEVES,4,JULIO,7,NO,NO GUARDAR LA DISTANCIA LATERAL MINIMA DE SEGURIDAD ENTRE VEHICULOS.,ROZAMIENTOS,AUTOMOVIL,1,0,0,0,0,0,0,0,0,1,0,0,0,2,61,HOMBRE,LESIONADO,CONDUCTOR PRESENTE,NO,NO,0
4987,15326,15327,2017,1,0,-0.371057,-78.484891,PICHINCHA,QUITO,AMAGUANIA,URBANA,2017-07-13,08:00:00,8,JUEVES,4,JULIO,7,NO,"ADELANTAR O REBASAR A OTRO VEHICULO EN MOVIMIENTO EN ZONAS O SITIOS PELIGROSOS TALES COMO: CURVAS, PUENTES, TUNELES, PENDIENTES, ETC.",CHOQUE FRONTAL,MOTOCICLETA,0,0,0,0,0,0,0,0,1,0,0,0,1,2,21,HOMBRE,LESIONADO,CONDUCTOR PRESENTE,NO,NO,0
4988,15330,15331,2017,1,0,-0.052634,-78.454084,PICHINCHA,QUITO,POMASQUI,RURAL,2017-07-13,09:40:00,9,JUEVES,4,JULIO,7,NO,"CONDUCIR DESATENTO A LAS CONDICIONES DE TRANSITO (CELULAR, PANTALLAS DE VIDEO, COMIDA, MAQUILLAJE O CUALQUIER OTRO ELEMENTO DISTRACTOR).",ATROPELLOS,NO IDENTIFICADO,0,0,0,0,0,0,0,0,0,1,0,0,0,1,9,MUJER,LESIONADO,PEATON,NO,NO,3
4989,15332,15333,2017,1,0,-0.232881,-78.524489,PICHINCHA,QUITO,QUITO,URBANA,2017-07-13,10:00:00,10,JUEVES,4,JULIO,7,NO,BAJARSE O SUBIRSE DE VEHICULOS EN MOVIMIENTO SIN TOMAR LAS PRECAUCIONES DEBIDAS.,CAIDA DE PASAJERO,NO IDENTIFICADO,0,0,0,0,0,0,0,0,0,1,0,0,0,1,39,HOMBRE,LESIONADO,PASAJERO,NO,NO,0
4990,15338,15339,2017,1,0,-0.215223,-78.405555,PICHINCHA,QUITO,TUMBACO,RURAL,2017-07-13,12:00:00,12,JUEVES,4,JULIO,7,NO,"NO RESPETAR LAS SENIALES REGLAMENTARIAS DE TRANSITO. (PARE, CEDA EL PASO, LUZ ROJA DEL SEMAFORO, ETC).",ATROPELLOS,NO IDENTIFICADO,0,0,0,0,0,0,0,0,0,1,0,0,0,1,13,HOMBRE,LESIONADO,PEATON,NO,NO,3
4991,15343,15344,2017,0,0,-0.231119,-78.513469,PICHINCHA,QUITO,QUITO,URBANA,2017-07-13,14:15:00,14,JUEVES,4,JULIO,7,NO,NO MANTENER LA DISTANCIA PRUDENCIAL CON RESPECTO AL VEHICULO QUE LE ANTECEDE.,CHOQUE POSTERIOR,MOTOCICLETA,0,0,0,0,0,0,0,0,1,1,0,0,0,2,35,HOMBRE,ILESO,CONDUCTOR PRESENTE,NO,NO,0
4992,15344,15345,2017,1,0,-0.083572,-78.525038,PICHINCHA,QUITO,QUITO,URBANA,2017-07-13,14:30:00,14,JUEVES,4,JULIO,7,NO,NO TRANSITAR POR LAS ACERAS O ZONAS DE SEGURIDAD DESTINADAS PARA EL EFECTO.,ATROPELLOS,NO IDENTIFICADO,0,0,0,0,0,0,0,0,0,1,0,0,0,1,4,MUJER,LESIONADO,PEATON,NO,NO,0
4993,15347,15348,2017,2,0,-0.239808,-78.522753,PICHINCHA,QUITO,QUITO,URBANA,2017-07-13,15:51:00,15,JUEVES,4,JULIO,7,NO,"CONDUCIR DESATENTO A LAS CONDICIONES DE TRANSITO (CELULAR, PANTALLAS DE VIDEO, COMIDA, MAQUILLAJE O CUALQUIER OTRO ELEMENTO DISTRACTOR).",COLISION,AUTOMOVIL,1,0,2,0,0,0,0,1,0,0,0,0,0,4,25,HOMBRE,LESIONADO,CONDUCTOR PRESENTE,NO,NO,0
4994,15349,15350,2017,1,0,-0.215594,-78.404756,PICHINCHA,QUITO,TUMBACO,RURAL,2017-07-13,17:00:00,17,JUEVES,4,JULIO,7,NO,NO CEDER EL DERECHO DE VIA O PREFERENCIA DE PASO AL PEATON.,ATROPELLOS,MOTOCICLETA,0,0,0,0,0,0,0,0,1,0,0,0,0,1,12,HOMBRE,LESIONADO,PEATON,NO,NO,3
4995,15353,15354,2017,1,0,-0.291131,-78.524158,PICHINCHA,QUITO,QUITO,URBANA,2017-07-13,18:20:00,18,JUEVES,4,JULIO,7,NO,CONDUCIR VEHICULO SUPERANDO LOS LIMITES MAXIMOS DE VELOCIDAD.,PERDIDA DE PISTA,MOTOCICLETA,0,0,0,0,0,0,0,0,1,0,0,0,0,1,46,HOMBRE,LESIONADO,CONDUCTOR PRESENTE,NO,NO,0
4996,15355,15356,2017,1,0,-0.307923,-78.545151,PICHINCHA,QUITO,QUITO,URBANA,2017-07-13,19:10:00,19,JUEVES,4,JULIO,7,NO,NO TRANSITAR POR LAS ACERAS O ZONAS DE SEGURIDAD DESTINADAS PARA EL EFECTO.,ATROPELLOS,NO IDENTIFICADO,0,0,0,0,0,0,0,0,0,1,0,0,0,1,22,MUJER,LESIONADO,PEATON,NO,NO,0
4997,15357,15358,2017,1,0,-0.162831,-78.486035,PICHINCHA,QUITO,QUITO,URBANA,2017-07-13,19:13:00,19,JUEVES,4,JULIO,7,NO,"NO RESPETAR LAS SENIALES REGLAMENTARIAS DE TRANSITO. (PARE, CEDA EL PASO, LUZ ROJA DEL SEMAFORO, ETC).",ATROPELLOS,NO IDENTIFICADO,0,0,0,0,0,0,0,0,0,1,0,0,0,1,21,HOMBRE,LESIONADO,PEATON,NO,NO,0
4998,15358,15359,2017,4,1,-0.262674,-78.538052,PICHINCHA,QUITO,QUITO,URBANA,2017-07-13,19:50:00,19,JUEVES,4,JULIO,7,NO,CONDUCIR VEHICULO SUPERANDO LOS LIMITES MAXIMOS DE VELOCIDAD.,COLISION,VEHICULO DEPORTIVO UTILITARIO,2,0,0,0,0,0,0,0,0,0,0,0,1,3,1,MUJER,FALLECIDO,PASAJERO,NO,NO,0
4999,15359,15360,2017,1,0,-0.299348,-78.542062,PICHINCHA,QUITO,QUITO,URBANA,2017-07-13,20:00:00,20,JUEVES,4,JULIO,7,NO,BAJARSE O SUBIRSE DE VEHICULOS EN MOVIMIENTO SIN TOMAR LAS PRECAUCIONES DEBIDAS.,CAIDA DE PASAJERO,NO IDENTIFICADO,0,0,0,0,0,0,0,0,0,1,0,0,0,1,38,MUJER,LESIONADO,PASAJERO,NO,NO,0
5000,15384,15385,2017,0,1,-0.224383,-78.496888,PICHINCHA,QUITO,QUITO,URBANA,2017-07-14,00:40:00,0,VIERNES,5,JULIO,7,NO,CONDUCIR VEHICULO SUPERANDO LOS LIMITES MAXIMOS DE VELOCIDAD.,CHOQUE FRONTAL,MOTOCICLETA,1,0,0,0,0,0,0,0,1,0,0,0,0,2,-1,HOMBRE,FALLECIDO,CONDUCTOR PRESENTE,NO,NO,0
5001,15386,15387,2017,0,0,-0.271079,-78.542819,PICHINCHA,QUITO,QUITO,URBANA,2017-07-14,02:30:00,2,VIERNES,5,JULIO,7,NO,"CONDUCIR EN ESTADO DE SOMNOLENCIA O MALAS CONDICIONES FISICAS (SUENIO, CANSANCIO Y FATIGA).",ESTRELLAMIENTOS,AUTOMOVIL,1,0,0,0,0,0,0,0,0,0,0,0,0,1,-1,NO IDENTIFICADO,NO IDENTIFICADO,CONDUCTOR AUSENTE,NO,NO,2
5002,15387,15388,2017,0,1,-0.275124,-78.489952,PICHINCHA,QUITO,CONOCOTO,URBANA,2017-07-14,03:20:00,3,VIERNES,5,JULIO,7,NO,CONDUCIR VEHICULO SUPERANDO LOS LIMITES MAXIMOS DE VELOCIDAD.,VOLCAMIENTOS,VEHICULO DEPORTIVO UTILITARIO,0,0,0,0,0,0,0,0,0,0,0,0,1,1,23,HOMBRE,FALLECIDO,PASAJERO,NO,NO,0
5003,15388,15389,2017,1,0,-0.126245,-78.480937,PICHINCHA,QUITO,QUITO,URBANA,2017-07-14,04:10:00,4,VIERNES,5,JULIO,7,NO,NO MANTENER LA DISTANCIA PRUDENCIAL CON RESPECTO AL VEHICULO QUE LE ANTECEDE.,CHOQUE POSTERIOR,BICICLETA,0,1,0,0,0,0,0,0,0,1,0,0,0,2,45,HOMBRE,LESIONADO,CONDUCTOR PRESENTE,NO,NO,0
5004,15392,15393,2017,0,0,-0.181981,-78.505461,PICHINCHA,QUITO,QUITO,URBANA,2017-07-14,07:10:00,7,VIERNES,5,JULIO,7,NO,"NO RESPETAR LAS SENIALES REGLAMENTARIAS DE TRANSITO. (PARE, CEDA EL PASO, LUZ ROJA DEL SEMAFORO, ETC).",CHOQUE LATERAL,AUTOMOVIL,2,0,0,0,0,0,0,0,0,0,0,0,0,2,49,HOMBRE,ILESO,CONDUCTOR PRESENTE,NO,NO,0
5005,15393,15394,2017,0,1,-0.247549,-78.534432,PICHINCHA,QUITO,QUITO,URBANA,2017-07-14,07:15:00,7,VIERNES,5,JULIO,7,NO,NO CEDER EL DERECHO DE VIA O PREFERENCIA DE PASO AL PEATON.,ATROPELLOS,NO IDENTIFICADO,0,0,0,0,0,0,0,0,0,1,0,0,0,1,82,MUJER,FALLECIDO,PEATON,NO,NO,0
5006,15394,15395,2017,0,0,-0.099083,-78.421844,PICHINCHA,QUITO,CALDERON (CARAPUNGO),RURAL,2017-07-14,07:50:00,7,VIERNES,5,JULIO,7,NO,"NO RESPETAR LAS SENIALES REGLAMENTARIAS DE TRANSITO. (PARE, CEDA EL PASO, LUZ ROJA DEL SEMAFORO, ETC).",CHOQUE LATERAL,VEHICULO DEPORTIVO UTILITARIO,1,0,0,0,0,0,0,0,0,0,0,0,1,2,35,MUJER,ILESO,CONDUCTOR PRESENTE,NO,NO,3
5007,15395,15396,2017,0,0,-0.247549,-78.534432,PICHINCHA,QUITO,QUITO,URBANA,2017-07-14,08:30:00,8,VIERNES,5,JULIO,7,NO,BAJARSE O SUBIRSE DE VEHICULOS EN MOVIMIENTO SIN TOMAR LAS PRECAUCIONES DEBIDAS.,CAIDA DE PASAJERO,NO IDENTIFICADO,0,0,0,0,0,0,0,0,0,1,0,0,0,1,56,MUJER,ILESO,PASAJERO,NO,NO,0
5008,15397,15398,2017,1,0,-0.315101,-78.559598,PICHINCHA,QUITO,QUITO,URBANA,2017-07-14,09:00:00,9,VIERNES,5,JULIO,7,NO,NO GUARDAR LA DISTANCIA LATERAL MINIMA DE SEGURIDAD ENTRE VEHICULOS.,ROZAMIENTOS,BUS,0,0,1,0,0,0,0,0,1,0,0,0,0,2,30,HOMBRE,LESIONADO,CONDUCTOR PRESENTE,NO,NO,0
5009,15398,15399,2017,3,0,-0.140421,-78.493864,PICHINCHA,QUITO,QUITO,URBANA,2017-07-14,09:30:00,9,VIERNES,5,JULIO,7,NO,"NO RESPETAR LAS SENIALES REGLAMENTARIAS DE TRANSITO. (PARE, CEDA EL PASO, LUZ ROJA DEL SEMAFORO, ETC).",CHOQUE LATERAL,VEHICULO DEPORTIVO UTILITARIO,1,0,0,0,0,0,0,0,0,0,0,0,1,2,48,MUJER,LESIONADO,CONDUCTOR PRESENTE,NO,NO,0
5010,15401,15402,2017,0,0,-0.099796,-78.445735,PICHINCHA,QUITO,CALDERON (CARAPUNGO),RURAL,2017-07-14,11:01:00,11,VIERNES,5,JULIO,7,NO,NO MANTENER LA DISTANCIA PRUDENCIAL CON RESPECTO AL VEHICULO QUE LE ANTECEDE.,CHOQUE POSTERIOR,AUTOMOVIL,1,0,0,0,0,0,0,1,0,0,0,0,0,2,26,HOMBRE,ILESO,CONDUCTOR PRESENTE,NO,NO,3
5011,15402,15403,2017,0,0,-0.091421,-78.472934,PICHINCHA,QUITO,QUITO,URBANA,2017-07-14,12:00:00,12,VIERNES,5,JULIO,7,NO,NO MANTENER LA DISTANCIA PRUDENCIAL CON RESPECTO AL VEHICULO QUE LE ANTECEDE.,CHOQUE POSTERIOR,AUTOMOVIL,1,0,0,0,0,0,0,0,0,1,0,0,0,2,50,MUJER,ILESO,CONDUCTOR PRESENTE,NO,NO,0
5012,15403,15404,2017,0,0,-0.214114,-78.503021,PICHINCHA,QUITO,QUITO,URBANA,2017-07-14,12:15:00,12,VIERNES,5,JULIO,7,NO,NO GUARDAR LA DISTANCIA LATERAL MINIMA DE SEGURIDAD ENTRE VEHICULOS.,ROZAMIENTOS,MOTOCICLETA,1,0,0,0,0,0,0,0,1,0,0,0,0,2,30,HOMBRE,ILESO,CONDUCTOR PRESENTE,NO,NO,0
5013,15405,15406,2017,0,0,-0.088281,-78.469325,PICHINCHA,QUITO,QUITO,URBANA,2017-07-14,13:30:00,13,VIERNES,5,JULIO,7,NO,REALIZAR CAMBIO BRUSCO O INDEBIDO DE CARRIL.,ESTRELLAMIENTOS,BUS,0,0,1,0,0,0,0,1,1,0,0,0,1,4,28,HOMBRE,ILESO,CONDUCTOR PRESENTE,NO,NO,0
5014,15407,15408,2017,0,1,-0.292268,-78.464037,PICHINCHA,QUITO,CONOCOTO,URBANA,2017-07-14,13:50:00,13,VIERNES,5,JULIO,7,NO,CONDUCIR VEHICULO SUPERANDO LOS LIMITES MAXIMOS DE VELOCIDAD.,PERDIDA DE PISTA,MOTOCICLETA,0,0,0,0,0,0,0,0,1,0,0,0,0,1,-1,HOMBRE,FALLECIDO,CONDUCTOR PRESENTE,NO,NO,0
5015,15408,15409,2017,0,0,-0.190933,-78.480366,PICHINCHA,QUITO,QUITO,URBANA,2017-07-14,13:50:00,13,VIERNES,5,JULIO,7,NO,REALIZAR CAMBIO BRUSCO O INDEBIDO DE CARRIL.,CHOQUE FRONTAL,MOTOCICLETA,1,0,0,0,0,0,0,0,1,0,0,0,0,2,22,HOMBRE,ILESO,CONDUCTOR PRESENTE,NO,NO,0
5016,15409,15410,2017,1,0,-0.138062,-78.479903,PICHINCHA,QUITO,QUITO,URBANA,2017-07-14,14:04:00,14,VIERNES,5,JULIO,7,NO,"NO RESPETAR LAS SENIALES REGLAMENTARIAS DE TRANSITO. (PARE, CEDA EL PASO, LUZ ROJA DEL SEMAFORO, ETC).",CHOQUE LATERAL,MOTOCICLETA,0,0,0,0,0,0,0,0,1,1,0,0,0,2,22,HOMBRE,LESIONADO,CONDUCTOR PRESENTE,NO,NO,0
5017,15410,15411,2017,0,0,-0.212491,-78.491289,PICHINCHA,QUITO,QUITO,URBANA,2017-07-14,14:07:00,14,VIERNES,5,JULIO,7,NO,NO MANTENER LA DISTANCIA PRUDENCIAL CON RESPECTO AL VEHICULO QUE LE ANTECEDE.,COLISION,VEHICULO DEPORTIVO UTILITARIO,1,0,0,0,1,0,0,0,0,0,0,0,1,3,35,HOMBRE,ILESO,CONDUCTOR PRESENTE,NO,NO,0
5018,15414,15415,2017,1,0,-0.188963,-78.512736,PICHINCHA,QUITO,QUITO,URBANA,2017-07-14,15:30:00,15,VIERNES,5,JULIO,7,NO,BAJARSE O SUBIRSE DE VEHICULOS EN MOVIMIENTO SIN TOMAR LAS PRECAUCIONES DEBIDAS.,CAIDA DE PASAJERO,NO IDENTIFICADO,0,0,0,0,0,0,0,0,0,1,0,0,0,1,83,HOMBRE,LESIONADO,PASAJERO,NO,NO,0
5019,15415,15416,2017,0,0,-0.180591,-78.490769,PICHINCHA,QUITO,QUITO,URBANA,2017-07-14,16:20:00,16,VIERNES,5,JULIO,7,NO,NO MANTENER LA DISTANCIA PRUDENCIAL CON RESPECTO AL VEHICULO QUE LE ANTECEDE.,CHOQUE POSTERIOR,MOTOCICLETA,0,0,0,0,0,0,0,0,1,1,0,0,0,2,28,HOMBRE,ILESO,CONDUCTOR PRESENTE,NO,NO,0
5020,15416,15417,2017,0,0,-0.213466,-78.502752,PICHINCHA,QUITO,QUITO,URBANA,2017-07-14,16:25:00,16,VIERNES,5,JULIO,7,NO,NO TRANSITAR POR LAS ACERAS O ZONAS DE SEGURIDAD DESTINADAS PARA EL EFECTO.,ATROPELLOS,CAMIONETA,0,0,0,0,1,0,0,0,0,0,0,0,0,1,32,MUJER,ILESO,CONDUCTOR PRESENTE,NO,NO,0
5021,15417,15418,2017,1,0,-0.207131,-78.506227,PICHINCHA,QUITO,QUITO,URBANA,2017-07-14,16:35:00,16,VIERNES,5,JULIO,7,NO,"NO RESPETAR LAS SENIALES REGLAMENTARIAS DE TRANSITO. (PARE, CEDA EL PASO, LUZ ROJA DEL SEMAFORO, ETC).",CHOQUE LATERAL,AUTOMOVIL,1,0,0,0,0,0,0,0,1,0,0,0,0,2,31,HOMBRE,LESIONADO,CONDUCTOR PRESENTE,NO,NO,0
5022,15425,15426,2017,0,0,-0.254638,-78.522355,PICHINCHA,QUITO,QUITO,URBANA,2017-07-14,18:43:00,18,VIERNES,5,JULIO,7,NO,"NO RESPETAR LAS SENIALES REGLAMENTARIAS DE TRANSITO. (PARE, CEDA EL PASO, LUZ ROJA DEL SEMAFORO, ETC).",CHOQUE LATERAL,VEHICULO DEPORTIVO UTILITARIO,0,0,1,0,0,0,0,0,0,0,0,0,1,2,59,HOMBRE,ILESO,CONDUCTOR PRESENTE,NO,NO,0