,Unnamed: 0,ID,ANIO,LESIONADOS,FALLECIDOS,LATITUD_Y,LONGITUD_X,PROVINCIA,CANTON,PARROQUIA,ZONA,FECHA,HORA,PERIODO_2,DIA_1,DIA_2,MES_1,MES_2,FERIADO,CAUSA_PROBABLE,TIPO_DE_SINIESTRO,TIPO_DE_VEHICULO_1,AUTOMOVIL,BICICLETA,BUS,CAMION,CAMIONETA,EMERGENCIAS,ESPECIAL,FURGONETA,MOTOCICLETA,NO_IDENTIFICADO,SCOOTER_ELECTRICO,TRICIMOTO,VEHICULO_DEPORTIVO_UTILITARIO,SUMA_DE_VEHICULOS,EDAD_1,SEXO_1,CONDICION_1,PARTICIPANTE_1,CASCO_1,CINTURON_1,KMeans_Cluster
5081,15613,15614,2017,1,0,-0.277624,-78.531251,PICHINCHA,QUITO,QUITO,URBANA,2017-07-16,22:45:00,22,DOMINGO,7,JULIO,7,NO,NO GUARDAR LA DISTANCIA LATERAL MINIMA DE SEGURIDAD ENTRE VEHICULOS.,ROZAMIENTOS,MOTOCICLETA,0,0,0,0,0,0,0,0,1,1,0,0,0,2,23,HOMBRE,LESIONADO,CONDUCTOR PRESENTE,NO,NO,0
5082,15614,15615,2017,0,0,-0.123551,-78.486589,PICHINCHA,QUITO,QUITO,URBANA,2017-07-16,23:20:00,23,DOMINGO,7,JULIO,7,NO,"CONDUCIR EN ESTADO DE SOMNOLENCIA O MALAS CONDICIONES FISICAS (SUENIO, CANSANCIO Y FATIGA).",PERDIDA DE PISTA,VEHICULO DEPORTIVO UTILITARIO,0,0,0,0,0,0,0,0,0,0,0,0,1,1,23,HOMBRE,ILESO,CONDUCTOR PRESENTE,NO,NO,0
5083,15615,15616,2017,0,0,-0.136991,-78.312449,PICHINCHA,QUITO,CHECA (CHILPA),RURAL,2017-07-16,23:40:00,23,DOMINGO,7,JULIO,7,NO,CONDUCIR VEHICULO SUPERANDO LOS LIMITES MAXIMOS DE VELOCIDAD.,PERDIDA DE PISTA,AUTOMOVIL,1,0,0,0,0,0,0,0,0,0,0,0,0,1,-1,NO IDENTIFICADO,NO IDENTIFICADO,CONDUCTOR AUSENTE,NO,NO,2
5084,15646,15647,2017,0,1,0.000208,-78.223035,PICHINCHA,CAYAMBE,CANGAHUA,RURAL,2017-07-17,05:45:00,5,LUNES,1,JULIO,7,NO,NO CEDER EL DERECHO DE VIA O PREFERENCIA DE PASO AL PEATON.,ATROPELLOS,NO IDENTIFICADO,0,0,0,0,0,0,0,0,0,1,0,0,0,1,55,HOMBRE,FALLECIDO,PEATON,NO,NO,3
5085,15650,15651,2017,1,0,-0.123933,-78.477016,PICHINCHA,QUITO,QUITO,URBANA,2017-07-17,07:50:00,7,LUNES,1,JULIO,7,NO,NO CEDER EL DERECHO DE VIA O PREFERENCIA DE PASO AL PEATON.,ATROPELLOS,NO IDENTIFICADO,0,0,0,0,0,0,0,0,0,1,0,0,0,1,51,HOMBRE,LESIONADO,PEATON,NO,NO,0
5086,15651,15652,2017,1,0,-0.123984,-78.485867,PICHINCHA,QUITO,QUITO,URBANA,2017-07-17,08:20:00,8,LUNES,1,JULIO,7,NO,"NO RESPETAR LAS SENIALES REGLAMENTARIAS DE TRANSITO. (PARE, CEDA EL PASO, LUZ ROJA DEL SEMAFORO, ETC).",CHOQUE LATERAL,MOTOCICLETA,1,0,0,0,0,0,0,0,1,0,0,0,0,2,36,HOMBRE,LESIONADO,CONDUCTOR PRESENTE,NO,NO,0
5087,15652,15653,2017,1,0,-0.282706,-78.554325,PICHINCHA,QUITO,QUITO,URBANA,2017-07-17,08:25:00,8,LUNES,1,JULIO,7,NO,CONDUCIR VEHICULO SUPERANDO LOS LIMITES MAXIMOS DE VELOCIDAD.,PERDIDA DE PISTA,MOTOCICLETA,0,0,0,0,0,0,0,0,1,0,0,0,0,1,24,HOMBRE,LESIONADO,CONDUCTOR PRESENTE,NO,NO,0
5088,15654,15655,2017,0,0,-0.213297,-78.405548,PICHINCHA,QUITO,TUMBACO,RURAL,2017-07-17,08:45:00,8,LUNES,1,JULIO,7,NO,"NO RESPETAR LAS SENIALES REGLAMENTARIAS DE TRANSITO. (PARE, CEDA EL PASO, LUZ ROJA DEL SEMAFORO, ETC).",CHOQUE LATERAL,VEHICULO DEPORTIVO UTILITARIO,2,0,0,0,0,0,0,0,0,0,0,0,1,3,60,MUJER,ILESO,CONDUCTOR PRESENTE,NO,NO,3
5089,15656,15657,2017,0,0,-0.203083,-78.489499,PICHINCHA,QUITO,QUITO,URBANA,2017-07-17,09:15:00,9,LUNES,1,JULIO,7,NO,"NO RESPETAR LAS SENIALES REGLAMENTARIAS DE TRANSITO. (PARE, CEDA EL PASO, LUZ ROJA DEL SEMAFORO, ETC).",CHOQUE LATERAL,AUTOMOVIL,2,0,0,0,0,0,0,0,0,0,0,0,0,2,21,MUJER,ILESO,CONDUCTOR PRESENTE,NO,NO,0
5090,15657,15658,2017,1,0,-0.227354,-78.512873,PICHINCHA,QUITO,QUITO,URBANA,2017-07-17,09:45:00,9,LUNES,1,JULIO,7,NO,"NO RESPETAR LAS SENIALES REGLAMENTARIAS DE TRANSITO. (PARE, CEDA EL PASO, LUZ ROJA DEL SEMAFORO, ETC).",ATROPELLOS,VEHICULO DEPORTIVO UTILITARIO,0,0,0,0,0,0,0,0,0,0,0,0,1,1,14,MUJER,LESIONADO,PEATON,NO,NO,0
5091,15659,15660,2017,2,0,-0.204719,-78.502295,PICHINCHA,QUITO,QUITO,URBANA,2017-07-17,09:55:00,9,LUNES,1,JULIO,7,NO,NO CEDER EL DERECHO DE VIA O PREFERENCIA DE PASO AL PEATON.,ATROPELLOS,AUTOMOVIL,1,0,0,0,0,0,0,0,0,0,0,0,0,1,83,HOMBRE,LESIONADO,PEATON,NO,NO,0
5092,15664,15665,2017,0,0,-0.210681,-78.494094,PICHINCHA,QUITO,QUITO,URBANA,2017-07-17,12:05:00,12,LUNES,1,JULIO,7,NO,NO GUARDAR LA DISTANCIA LATERAL MINIMA DE SEGURIDAD ENTRE VEHICULOS.,ROZAMIENTOS,AUTOMOVIL,1,0,0,1,0,0,0,0,0,0,0,0,0,2,67,HOMBRE,ILESO,CONDUCTOR PRESENTE,NO,NO,0
5093,15665,15666,2017,0,0,-0.101157,-78.490588,PICHINCHA,QUITO,QUITO,URBANA,2017-07-17,12:35:00,12,LUNES,1,JULIO,7,NO,DANIOS MECANICOS PREVISIBLES.,OTROS,AUTOMOVIL,1,0,0,0,0,0,0,0,0,0,0,0,0,1,28,HOMBRE,ILESO,CONDUCTOR PRESENTE,NO,NO,0
5094,15666,15667,2017,0,0,-0.241955,-78.529236,PICHINCHA,QUITO,QUITO,URBANA,2017-07-17,12:35:00,12,LUNES,1,JULIO,7,NO,"NO RESPETAR LAS SENIALES REGLAMENTARIAS DE TRANSITO. (PARE, CEDA EL PASO, LUZ ROJA DEL SEMAFORO, ETC).",CHOQUE LATERAL,CAMIONETA,0,0,0,0,1,0,0,1,0,0,0,0,1,3,56,HOMBRE,ILESO,CONDUCTOR PRESENTE,NO,NO,0
5095,15671,15672,2017,1,0,-0.186642,-78.495821,PICHINCHA,QUITO,QUITO,URBANA,2017-07-17,13:50:00,13,LUNES,1,JULIO,7,NO,NO CEDER EL DERECHO DE VIA O PREFERENCIA DE PASO AL PEATON.,ATROPELLOS,MOTOCICLETA,0,0,0,0,0,0,0,0,1,0,0,0,0,1,38,MUJER,LESIONADO,PEATON,NO,NO,0
5096,15675,15676,2017,1,0,-0.328502,-78.539625,PICHINCHA,QUITO,QUITO,URBANA,2017-07-17,15:10:00,15,LUNES,1,JULIO,7,NO,"CONDUCIR DESATENTO A LAS CONDICIONES DE TRANSITO (CELULAR, PANTALLAS DE VIDEO, COMIDA, MAQUILLAJE O CUALQUIER OTRO ELEMENTO DISTRACTOR).",PERDIDA DE PISTA,NO IDENTIFICADO,0,0,0,0,0,0,0,0,0,1,0,0,0,1,23,HOMBRE,LESIONADO,CONDUCTOR PRESENTE,NO,NO,0
5097,15676,15677,2017,1,0,0.044991,-78.161975,PICHINCHA,CAYAMBE,CAYAMBE,URBANA,2017-07-17,15:25:00,15,LUNES,1,JULIO,7,NO,NO GUARDAR LA DISTANCIA LATERAL MINIMA DE SEGURIDAD ENTRE VEHICULOS.,CHOQUE LATERAL,MOTOCICLETA,0,0,0,1,0,0,0,0,1,0,0,0,0,2,27,HOMBRE,LESIONADO,CONDUCTOR PRESENTE,NO,NO,0
5098,15679,15680,2017,1,0,-0.110991,-78.489839,PICHINCHA,QUITO,QUITO,URBANA,2017-07-17,16:30:00,16,LUNES,1,JULIO,7,NO,CONDUCIR VEHICULO SUPERANDO LOS LIMITES MAXIMOS DE VELOCIDAD.,PERDIDA DE PISTA,MOTOCICLETA,0,0,0,0,0,0,0,0,1,0,0,0,0,1,33,HOMBRE,LESIONADO,CONDUCTOR PRESENTE,NO,NO,0
5099,15680,15681,2017,0,0,-0.295604,-78.561141,PICHINCHA,QUITO,QUITO,URBANA,2017-07-17,17:00:00,17,LUNES,1,JULIO,7,NO,"CONDUCIR DESATENTO A LAS CONDICIONES DE TRANSITO (CELULAR, PANTALLAS DE VIDEO, COMIDA, MAQUILLAJE O CUALQUIER OTRO ELEMENTO DISTRACTOR).",ESTRELLAMIENTOS,AUTOMOVIL,1,0,0,0,0,0,0,0,0,0,0,0,0,1,-1,NO IDENTIFICADO,NO IDENTIFICADO,CONDUCTOR AUSENTE,NO,NO,2
5100,15683,15684,2017,0,0,-0.208044,-78.490139,PICHINCHA,QUITO,QUITO,URBANA,2017-07-17,17:40:00,17,LUNES,1,JULIO,7,NO,"NO RESPETAR LAS SENIALES REGLAMENTARIAS DE TRANSITO. (PARE, CEDA EL PASO, LUZ ROJA DEL SEMAFORO, ETC).",CHOQUE LATERAL,CAMIONETA,0,0,1,0,1,0,0,0,0,0,0,0,0,2,27,HOMBRE,ILESO,CONDUCTOR PRESENTE,NO,NO,0
5101,15684,15685,2017,0,0,-0.243301,-78.519933,PICHINCHA,QUITO,QUITO,URBANA,2017-07-17,17:49:00,17,LUNES,1,JULIO,7,NO,NO CEDER EL DERECHO DE VIA O PREFERENCIA DE PASO A VEHICULOS.,CHOQUE LATERAL,AUTOMOVIL,1,0,0,0,0,0,0,0,1,0,0,0,0,2,25,MUJER,ILESO,CONDUCTOR PRESENTE,NO,NO,0
5102,15685,15686,2017,1,0,-0.194523,-78.502469,PICHINCHA,QUITO,QUITO,URBANA,2017-07-17,18:10:00,18,LUNES,1,JULIO,7,NO,"NO RESPETAR LAS SENIALES REGLAMENTARIAS DE TRANSITO. (PARE, CEDA EL PASO, LUZ ROJA DEL SEMAFORO, ETC).",CHOQUE LATERAL,AUTOMOVIL,1,0,0,0,0,0,0,0,1,0,0,0,0,2,20,HOMBRE,LESIONADO,CONDUCTOR PRESENTE,NO,NO,0
5103,15687,15688,2017,1,0,-0.243216,-78.519909,PICHINCHA,QUITO,QUITO,URBANA,2017-07-17,18:20:00,18,LUNES,1,JULIO,7,NO,NO CEDER EL DERECHO DE VIA O PREFERENCIA DE PASO AL PEATON.,ATROPELLOS,NO IDENTIFICADO,0,0,0,0,0,0,0,0,0,1,0,0,0,1,43,HOMBRE,LESIONADO,PEATON,NO,NO,0
5104,15688,15689,2017,1,0,-0.213903,-78.457316,PICHINCHA,QUITO,CUMBAYA,RURAL,2017-07-17,18:33:00,18,LUNES,1,JULIO,7,NO,CONDUCIR VEHICULO SUPERANDO LOS LIMITES MAXIMOS DE VELOCIDAD.,CHOQUE POSTERIOR,MOTOCICLETA,0,0,0,0,0,0,0,1,1,0,0,0,0,2,32,HOMBRE,LESIONADO,CONDUCTOR PRESENTE,NO,NO,3
5105,15691,15692,2017,1,0,-0.128112,-78.498255,PICHINCHA,QUITO,QUITO,URBANA,2017-07-17,19:00:00,19,LUNES,1,JULIO,7,NO,NO CEDER EL DERECHO DE VIA O PREFERENCIA DE PASO AL PEATON.,ATROPELLOS,NO IDENTIFICADO,0,0,0,0,0,0,0,0,0,1,0,0,0,1,25,HOMBRE,LESIONADO,PEATON,NO,NO,0
5106,15693,15694,2017,1,0,-0.299056,-78.531361,PICHINCHA,QUITO,QUITO,URBANA,2017-07-17,19:20:00,19,LUNES,1,JULIO,7,NO,NO TRANSITAR POR LAS ACERAS O ZONAS DE SEGURIDAD DESTINADAS PARA EL EFECTO.,ATROPELLOS,MOTOCICLETA,0,0,1,0,0,0,0,0,1,0,0,0,0,2,60,MUJER,LESIONADO,PEATON,NO,NO,0
5107,15696,15697,2017,0,0,-0.242681,-78.497364,PICHINCHA,QUITO,QUITO,URBANA,2017-07-17,19:30:00,19,LUNES,1,JULIO,7,NO,"CONDUCE BAJO LA INFLUENCIA DE ALCOHOL, SUSTANCIAS ESTUPEFACIENTES O PSICOTROPICAS Y/O MEDICAMENTOS.",CHOQUE LATERAL,AUTOMOVIL,1,0,0,0,0,0,0,0,0,0,0,0,1,2,18,HOMBRE,ILESO,CONDUCTOR PRESENTE,NO,NO,0
5108,15700,15701,2017,0,0,-0.101606,-78.448713,PICHINCHA,QUITO,CALDERON (CARAPUNGO),RURAL,2017-07-17,20:20:00,20,LUNES,1,JULIO,7,NO,NO GUARDAR LA DISTANCIA LATERAL MINIMA DE SEGURIDAD ENTRE VEHICULOS.,ROZAMIENTOS,MOTOCICLETA,0,0,0,0,0,0,0,0,1,1,0,0,0,2,-1,NO IDENTIFICADO,NO IDENTIFICADO,CONDUCTOR AUSENTE,NO,NO,2
5109,15701,15702,2017,0,0,-0.188841,-78.482739,PICHINCHA,QUITO,QUITO,URBANA,2017-07-17,21:15:00,21,LUNES,1,JULIO,7,NO,"NO RESPETAR LAS SENIALES REGLAMENTARIAS DE TRANSITO. (PARE, CEDA EL PASO, LUZ ROJA DEL SEMAFORO, ETC).",CHOQUE LATERAL,AUTOMOVIL,1,0,0,0,1,0,0,0,0,0,0,0,0,2,21,HOMBRE,ILESO,CONDUCTOR PRESENTE,NO,NO,0
5110,15703,15704,2017,2,0,-0.193149,-78.485905,PICHINCHA,QUITO,QUITO,URBANA,2017-07-17,22:00:00,22,LUNES,1,JULIO,7,NO,"CONDUCE BAJO LA INFLUENCIA DE ALCOHOL, SUSTANCIAS ESTUPEFACIENTES O PSICOTROPICAS Y/O MEDICAMENTOS.",CHOQUE POSTERIOR,AUTOMOVIL,1,0,0,0,0,0,0,0,1,0,0,0,0,2,25,MUJER,LESIONADO,PASAJERO,NO,NO,0
5111,15720,15721,2017,1,0,-0.316054,-78.548804,PICHINCHA,QUITO,QUITO,URBANA,2017-07-18,06:15:00,6,MARTES,2,JULIO,7,NO,REALIZAR CAMBIO BRUSCO O INDEBIDO DE CARRIL.,PERDIDA DE PISTA,MOTOCICLETA,0,0,0,0,0,0,0,0,1,0,0,0,0,1,31,HOMBRE,LESIONADO,CONDUCTOR PRESENTE,NO,NO,0
5112,15722,15723,2017,0,1,-0.303766,-78.542681,PICHINCHA,QUITO,QUITO,URBANA,2017-07-18,06:55:00,6,MARTES,2,JULIO,7,NO,"NO RESPETAR LAS SENIALES REGLAMENTARIAS DE TRANSITO. (PARE, CEDA EL PASO, LUZ ROJA DEL SEMAFORO, ETC).",CHOQUE LATERAL,BUS,0,0,1,0,0,0,0,0,1,0,0,0,0,2,24,HOMBRE,FALLECIDO,CONDUCTOR PRESENTE,NO,NO,0
5113,15726,15727,2017,2,0,-0.205819,-78.499217,PICHINCHA,QUITO,QUITO,URBANA,2017-07-18,08:30:00,8,MARTES,2,JULIO,7,NO,BAJARSE O SUBIRSE DE VEHICULOS EN MOVIMIENTO SIN TOMAR LAS PRECAUCIONES DEBIDAS.,CAIDA DE PASAJERO,BUS,0,0,1,0,0,0,0,0,0,0,0,0,0,1,41,MUJER,LESIONADO,PASAJERO,NO,NO,0
5114,15728,15729,2017,0,0,-0.188802,-78.482681,PICHINCHA,QUITO,QUITO,URBANA,2017-07-18,09:05:00,9,MARTES,2,JULIO,7,NO,NO MANTENER LA DISTANCIA PRUDENCIAL CON RESPECTO AL VEHICULO QUE LE ANTECEDE.,CHOQUE POSTERIOR,VEHICULO DEPORTIVO UTILITARIO,0,0,0,0,0,0,0,0,0,0,0,0,2,2,55,HOMBRE,ILESO,CONDUCTOR PRESENTE,NO,NO,0
5115,15729,15730,2017,2,0,-0.206396,-78.499434,PICHINCHA,QUITO,QUITO,URBANA,2017-07-18,09:28:00,9,MARTES,2,JULIO,7,NO,"CONDUCIR DESATENTO A LAS CONDICIONES DE TRANSITO (CELULAR, PANTALLAS DE VIDEO, COMIDA, MAQUILLAJE O CUALQUIER OTRO ELEMENTO DISTRACTOR).",ESTRELLAMIENTOS,AUTOMOVIL,1,0,0,0,0,0,0,0,0,0,0,0,0,1,6,MUJER,LESIONADO,PASAJERO,NO,NO,0
5116,15731,15732,2017,0,0,-0.235087,-78.525574,PICHINCHA,QUITO,QUITO,URBANA,2017-07-18,10:00:00,10,MARTES,2,JULIO,7,NO,"CONDUCIR DESATENTO A LAS CONDICIONES DE TRANSITO (CELULAR, PANTALLAS DE VIDEO, COMIDA, MAQUILLAJE O CUALQUIER OTRO ELEMENTO DISTRACTOR).",CHOQUE POSTERIOR,AUTOMOVIL,1,0,0,0,0,0,0,0,1,0,0,0,0,2,45,HOMBRE,ILESO,CONDUCTOR PRESENTE,NO,NO,0
5117,15732,15733,2017,0,0,-0.207305,-78.497847,PICHINCHA,QUITO,QUITO,URBANA,2017-07-18,10:27:00,10,MARTES,2,JULIO,7,NO,NO TRANSITAR POR LAS ACERAS O ZONAS DE SEGURIDAD DESTINADAS PARA EL EFECTO.,ATROPELLOS,AUTOMOVIL,1,0,0,0,0,0,0,0,0,0,0,0,0,1,24,MUJER,ILESO,CONDUCTOR PRESENTE,NO,NO,0
5118,15735,15736,2017,0,0,-0.187475,-78.487658,PICHINCHA,QUITO,QUITO,URBANA,2017-07-18,11:15:00,11,MARTES,2,JULIO,7,NO,"NO RESPETAR LAS SENIALES REGLAMENTARIAS DE TRANSITO. (PARE, CEDA EL PASO, LUZ ROJA DEL SEMAFORO, ETC).",CHOQUE LATERAL,BUS,0,0,1,0,0,0,0,0,0,0,0,0,1,2,35,HOMBRE,ILESO,CONDUCTOR PRESENTE,NO,NO,0
5119,15738,15739,2017,0,0,-0.089256,-78.452475,PICHINCHA,QUITO,CALDERON (CARAPUNGO),RURAL,2017-07-18,12:45:00,12,MARTES,2,JULIO,7,NO,NO GUARDAR LA DISTANCIA LATERAL MINIMA DE SEGURIDAD ENTRE VEHICULOS.,ROZAMIENTOS,FURGONETA,0,0,1,0,0,0,0,1,0,0,0,0,0,2,36,HOMBRE,ILESO,CONDUCTOR PRESENTE,NO,NO,3
5120,15740,15741,2017,4,0,-0.234231,-78.489577,PICHINCHA,QUITO,QUITO,URBANA,2017-07-18,13:05:00,13,MARTES,2,JULIO,7,NO,CONDUCIR VEHICULO SUPERANDO LOS LIMITES MAXIMOS DE VELOCIDAD.,COLISION,CAMIONETA,0,0,0,0,1,0,0,0,0,0,0,0,2,3,12,HOMBRE,LESIONADO,PASAJERO,NO,NO,0
5121,15741,15742,2017,1,0,-0.282703,-78.558265,PICHINCHA,QUITO,QUITO,URBANA,2017-07-18,13:50:00,13,MARTES,2,JULIO,7,NO,BAJARSE O SUBIRSE DE VEHICULOS EN MOVIMIENTO SIN TOMAR LAS PRECAUCIONES DEBIDAS.,CAIDA DE PASAJERO,NO IDENTIFICADO,0,0,0,0,0,0,0,0,0,1,0,0,0,1,5,HOMBRE,LESIONADO,PASAJERO,NO,NO,0
5122,15743,15744,2017,0,0,-0.128207,-78.469671,PICHINCHA,QUITO,QUITO,URBANA,2017-07-18,14:00:00,14,MARTES,2,JULIO,7,NO,NO CEDER EL DERECHO DE VIA O PREFERENCIA DE PASO A VEHICULOS.,CHOQUE LATERAL,AUTOMOVIL,1,0,1,0,0,0,0,0,0,0,0,0,0,2,27,HOMBRE,ILESO,CONDUCTOR PRESENTE,NO,NO,0
5123,15745,15746,2017,1,0,-0.124358,-78.483052,PICHINCHA,QUITO,QUITO,URBANA,2017-07-18,14:15:00,14,MARTES,2,JULIO,7,NO,"NO RESPETAR LAS SENIALES REGLAMENTARIAS DE TRANSITO. (PARE, CEDA EL PASO, LUZ ROJA DEL SEMAFORO, ETC).",CHOQUE LATERAL,FURGONETA,1,0,0,0,0,0,0,1,0,0,0,0,0,2,37,HOMBRE,LESIONADO,CONDUCTOR PRESENTE,NO,NO,0
5124,15746,15747,2017,1,0,-0.118302,-78.491831,PICHINCHA,QUITO,QUITO,URBANA,2017-07-18,14:20:00,14,MARTES,2,JULIO,7,NO,"NO RESPETAR LAS SENIALES REGLAMENTARIAS DE TRANSITO. (PARE, CEDA EL PASO, LUZ ROJA DEL SEMAFORO, ETC).",CHOQUE LATERAL,VEHICULO DEPORTIVO UTILITARIO,0,0,0,0,0,0,0,0,0,1,0,0,1,2,30,MUJER,LESIONADO,CONDUCTOR PRESENTE,NO,NO,0
5125,15747,15748,2017,1,0,-0.172656,-78.487005,PICHINCHA,QUITO,QUITO,URBANA,2017-07-18,14:35:00,14,MARTES,2,JULIO,7,NO,NO CEDER EL DERECHO DE VIA O PREFERENCIA DE PASO AL PEATON.,ATROPELLOS,NO IDENTIFICADO,0,0,0,0,0,0,0,0,0,1,0,0,0,1,25,MUJER,LESIONADO,PEATON,NO,NO,0
5126,15750,15751,2017,1,0,-0.257051,-78.529503,PICHINCHA,QUITO,QUITO,URBANA,2017-07-18,15:35:00,15,MARTES,2,JULIO,7,NO,NO CEDER EL DERECHO DE VIA O PREFERENCIA DE PASO AL PEATON.,ATROPELLOS,CAMIONETA,0,0,0,0,1,0,0,0,0,0,0,0,0,1,13,MUJER,LESIONADO,PEATON,NO,NO,0
5127,15751,15752,2017,3,0,-0.281942,-78.471053,PICHINCHA,QUITO,CONOCOTO,URBANA,2017-07-18,15:45:00,15,MARTES,2,JULIO,7,NO,"CONDUCIR DESATENTO A LAS CONDICIONES DE TRANSITO (CELULAR, PANTALLAS DE VIDEO, COMIDA, MAQUILLAJE O CUALQUIER OTRO ELEMENTO DISTRACTOR).",OTROS,BUS,0,0,2,0,0,0,0,0,0,0,0,0,0,2,36,HOMBRE,LESIONADO,PASAJERO,NO,NO,0
5128,15754,15755,2017,0,0,-0.272976,-78.547148,PICHINCHA,QUITO,QUITO,URBANA,2017-07-18,16:00:00,16,MARTES,2,JULIO,7,NO,REALIZAR CAMBIO BRUSCO O INDEBIDO DE CARRIL.,CHOQUE FRONTAL,AUTOMOVIL,1,0,0,0,0,0,0,0,0,1,0,0,0,2,37,HOMBRE,ILESO,CONDUCTOR PRESENTE,NO,NO,0
5129,15755,15756,2017,0,0,-0.203021,-78.439759,PICHINCHA,QUITO,CUMBAYA,RURAL,2017-07-18,16:00:00,16,MARTES,2,JULIO,7,NO,"NO RESPETAR LAS SENIALES REGLAMENTARIAS DE TRANSITO. (PARE, CEDA EL PASO, LUZ ROJA DEL SEMAFORO, ETC).",CHOQUE LATERAL,MOTOCICLETA,0,0,0,0,0,0,0,1,1,0,0,0,0,2,27,HOMBRE,ILESO,CONDUCTOR PRESENTE,NO,NO,3
5130,15762,15763,2017,1,0,-0.112715,-78.448632,PICHINCHA,QUITO,CALDERON (CARAPUNGO),RURAL,2017-07-18,18:25:00,18,MARTES,2,JULIO,7,NO,"CONDUCE BAJO LA INFLUENCIA DE ALCOHOL, SUSTANCIAS ESTUPEFACIENTES O PSICOTROPICAS Y/O MEDICAMENTOS.",CHOQUE LATERAL,AUTOMOVIL,2,0,0,0,0,0,0,0,0,0,0,0,0,2,36,HOMBRE,LESIONADO,CONDUCTOR PRESENTE,NO,NO,3
5131,15763,15764,2017,0,0,-0.096232,-78.467523,PICHINCHA,QUITO,QUITO,URBANA,2017-07-18,19:25:00,19,MARTES,2,JULIO,7,NO,NO CEDER EL DERECHO DE VIA O PREFERENCIA DE PASO A VEHICULOS.,CHOQUE LATERAL,AUTOMOVIL,1,0,0,0,0,0,0,0,1,0,0,0,0,2,30,HOMBRE,ILESO,CONDUCTOR PRESENTE,NO,NO,0
5132,15764,15765,2017,1,0,-0.181014,-78.505747,PICHINCHA,QUITO,QUITO,URBANA,2017-07-18,20:20:00,20,MARTES,2,JULIO,7,NO,"NO RESPETAR LAS SENIALES REGLAMENTARIAS DE TRANSITO. (PARE, CEDA EL PASO, LUZ ROJA DEL SEMAFORO, ETC).",CHOQUE LATERAL,MOTOCICLETA,0,0,0,0,1,0,0,0,1,0,0,0,0,2,26,HOMBRE,LESIONADO,CONDUCTOR PRESENTE,NO,NO,0
5133,15765,15766,2017,0,0,-0.198175,-78.499926,PICHINCHA,QUITO,QUITO,URBANA,2017-07-18,20:25:00,20,MARTES,2,JULIO,7,NO,"CONDUCIR DESATENTO A LAS CONDICIONES DE TRANSITO (CELULAR, PANTALLAS DE VIDEO, COMIDA, MAQUILLAJE O CUALQUIER OTRO ELEMENTO DISTRACTOR).",ESTRELLAMIENTOS,VEHICULO DEPORTIVO UTILITARIO,0,0,0,0,0,0,0,0,0,0,0,0,1,1,24,HOMBRE,ILESO,CONDUCTOR PRESENTE,NO,NO,0
5134,15766,15767,2017,1,0,-0.263984,-78.535197,PICHINCHA,QUITO,QUITO,URBANA,2017-07-18,20:40:00,20,MARTES,2,JULIO,7,NO,NO CEDER EL DERECHO DE VIA O PREFERENCIA DE PASO AL PEATON.,ATROPELLOS,CAMIONETA,0,0,0,0,1,0,0,0,0,0,0,0,0,1,9,HOMBRE,LESIONADO,PEATON,NO,NO,0
5135,15787,15788,2017,1,0,-0.264243,-78.549948,PICHINCHA,QUITO,QUITO,URBANA,2017-07-19,00:35:00,0,MIERCOLES,3,JULIO,7,NO,"CONDUCIR EN ESTADO DE SOMNOLENCIA O MALAS CONDICIONES FISICAS (SUENIO, CANSANCIO Y FATIGA).",PERDIDA DE PISTA,MOTOCICLETA,0,0,0,0,0,0,0,0,1,0,0,0,0,1,38,HOMBRE,LESIONADO,CONDUCTOR PRESENTE,NO,NO,0
5136,15790,15791,2017,0,0,-0.127766,-78.460826,PICHINCHA,QUITO,QUITO,URBANA,2017-07-19,01:55:00,1,MIERCOLES,3,JULIO,7,NO,"CONDUCIR EN ESTADO DE SOMNOLENCIA O MALAS CONDICIONES FISICAS (SUENIO, CANSANCIO Y FATIGA).",PERDIDA DE PISTA,AUTOMOVIL,1,0,0,0,0,0,0,0,0,0,0,0,0,1,-1,NO IDENTIFICADO,NO IDENTIFICADO,CONDUCTOR AUSENTE,NO,NO,2
5137,15792,15793,2017,1,0,-0.115689,-78.445178,PICHINCHA,QUITO,CALDERON (CARAPUNGO),RURAL,2017-07-19,06:30:00,6,MIERCOLES,3,JULIO,7,NO,"NO RESPETAR LAS SENIALES REGLAMENTARIAS DE TRANSITO. (PARE, CEDA EL PASO, LUZ ROJA DEL SEMAFORO, ETC).",CHOQUE LATERAL,MOTOCICLETA,0,0,0,0,0,0,0,0,1,1,0,0,0,2,26,HOMBRE,LESIONADO,CONDUCTOR PRESENTE,NO,NO,3
5138,15793,15794,2017,0,0,-0.216091,-78.495094,PICHINCHA,QUITO,QUITO,URBANA,2017-07-19,06:56:00,6,MIERCOLES,3,JULIO,7,NO,NO CEDER EL DERECHO DE VIA O PREFERENCIA DE PASO A VEHICULOS.,CHOQUE LATERAL,AUTOMOVIL,1,0,0,0,1,0,0,0,0,0,0,0,0,2,50,HOMBRE,ILESO,CONDUCTOR PRESENTE,NO,NO,0