,Unnamed: 0,ID,ANIO,LESIONADOS,FALLECIDOS,LATITUD_Y,LONGITUD_X,PROVINCIA,CANTON,PARROQUIA,ZONA,FECHA,HORA,PERIODO_2,DIA_1,DIA_2,MES_1,MES_2,FERIADO,CAUSA_PROBABLE,TIPO_DE_SINIESTRO,TIPO_DE_VEHICULO_1,AUTOMOVIL,BICICLETA,BUS,CAMION,CAMIONETA,EMERGENCIAS,ESPECIAL,FURGONETA,MOTOCICLETA,NO_IDENTIFICADO,SCOOTER_ELECTRICO,TRICIMOTO,VEHICULO_DEPORTIVO_UTILITARIO,SUMA_DE_VEHICULOS,EDAD_1,SEXO_1,CONDICION_1,PARTICIPANTE_1,CASCO_1,CINTURON_1,KMeans_Cluster
5139,15797,15798,2017,1,0,-0.150936,-78.493852,PICHINCHA,QUITO,QUITO,URBANA,2017-07-19,08:30:00,8,MIERCOLES,3,JULIO,7,NO,"NO RESPETAR LAS SENIALES REGLAMENTARIAS DE TRANSITO. (PARE, CEDA EL PASO, LUZ ROJA DEL SEMAFORO, ETC).",CHOQUE LATERAL,MOTOCICLETA,0,0,0,0,0,0,0,0,1,1,0,0,0,2,25,HOMBRE,LESIONADO,CONDUCTOR PRESENTE,NO,NO,0
5140,15799,15800,2017,0,0,-0.185764,-78.477797,PICHINCHA,QUITO,QUITO,URBANA,2017-07-19,09:09:00,9,MIERCOLES,3,JULIO,7,NO,"NO RESPETAR LAS SENIALES REGLAMENTARIAS DE TRANSITO. (PARE, CEDA EL PASO, LUZ ROJA DEL SEMAFORO, ETC).",CHOQUE LATERAL,AUTOMOVIL,1,0,0,0,0,0,0,0,0,0,0,0,1,2,29,HOMBRE,ILESO,CONDUCTOR PRESENTE,NO,NO,0
5141,15801,15802,2017,1,0,-0.165772,-78.467373,PICHINCHA,QUITO,QUITO,URBANA,2017-07-19,09:40:00,9,MIERCOLES,3,JULIO,7,NO,NO CEDER EL DERECHO DE VIA O PREFERENCIA DE PASO A VEHICULOS.,CHOQUE LATERAL,FURGONETA,0,0,0,0,1,0,0,1,0,0,0,0,0,2,66,HOMBRE,LESIONADO,CONDUCTOR PRESENTE,NO,NO,0
5142,15804,15805,2017,0,0,-0.110654,-78.478881,PICHINCHA,QUITO,QUITO,URBANA,2017-07-19,11:30:00,11,MIERCOLES,3,JULIO,7,NO,NO MANTENER LA DISTANCIA PRUDENCIAL CON RESPECTO AL VEHICULO QUE LE ANTECEDE.,CHOQUE POSTERIOR,CAMION,0,0,0,1,0,0,0,0,0,0,0,0,1,2,33,HOMBRE,ILESO,CONDUCTOR PRESENTE,NO,NO,0
5143,15805,15806,2017,1,0,-0.176941,-78.480663,PICHINCHA,QUITO,QUITO,URBANA,2017-07-19,12:10:00,12,MIERCOLES,3,JULIO,7,NO,"NO RESPETAR LAS SENIALES REGLAMENTARIAS DE TRANSITO. (PARE, CEDA EL PASO, LUZ ROJA DEL SEMAFORO, ETC).",CHOQUE LATERAL,MOTOCICLETA,0,0,0,0,0,0,0,0,1,0,0,0,1,2,50,HOMBRE,LESIONADO,CONDUCTOR PRESENTE,NO,NO,0
5144,15808,15809,2017,1,1,-0.239578,-78.530744,PICHINCHA,QUITO,QUITO,URBANA,2017-07-19,14:12:00,14,MIERCOLES,3,JULIO,7,NO,"NO RESPETAR LAS SENIALES REGLAMENTARIAS DE TRANSITO. (PARE, CEDA EL PASO, LUZ ROJA DEL SEMAFORO, ETC).",CHOQUE LATERAL,MOTOCICLETA,0,0,0,0,0,0,0,0,1,1,0,0,0,2,28,HOMBRE,FALLECIDO,CONDUCTOR PRESENTE,NO,NO,0
5145,15809,15810,2017,1,0,-0.176941,-78.480663,PICHINCHA,QUITO,QUITO,URBANA,2017-07-19,14:20:00,14,MIERCOLES,3,JULIO,7,NO,NO CEDER EL DERECHO DE VIA O PREFERENCIA DE PASO AL PEATON.,ATROPELLOS,VEHICULO DEPORTIVO UTILITARIO,0,0,0,0,0,0,0,0,0,0,0,0,1,1,13,HOMBRE,LESIONADO,PEATON,NO,NO,0
5146,15810,15811,2017,1,0,-0.103576,-78.490194,PICHINCHA,QUITO,QUITO,URBANA,2017-07-19,14:46:00,14,MIERCOLES,3,JULIO,7,NO,NO CEDER EL DERECHO DE VIA O PREFERENCIA DE PASO AL PEATON.,ARROLLAMIENTOS,NO IDENTIFICADO,0,0,0,0,0,0,0,0,0,1,0,0,0,1,24,HOMBRE,LESIONADO,PEATON,NO,NO,0
5147,15812,15813,2017,1,0,-0.163125,-78.474781,PICHINCHA,QUITO,QUITO,URBANA,2017-07-19,16:20:00,16,MIERCOLES,3,JULIO,7,NO,NO CEDER EL DERECHO DE VIA O PREFERENCIA DE PASO AL PEATON.,ATROPELLOS,AUTOMOVIL,1,0,0,0,0,0,0,0,0,0,0,0,0,1,34,MUJER,LESIONADO,PEATON,NO,NO,0
5148,15813,15814,2017,1,0,-0.125147,-78.290433,PICHINCHA,QUITO,EL QUINCHE,RURAL,2017-07-19,16:25:00,16,MIERCOLES,3,JULIO,7,NO,NO CEDER EL DERECHO DE VIA O PREFERENCIA DE PASO AL PEATON.,ATROPELLOS,NO IDENTIFICADO,0,0,0,0,0,0,0,0,0,1,0,0,0,1,8,HOMBRE,LESIONADO,PEATON,NO,NO,3
5149,15814,15815,2017,1,0,0.045751,-78.185822,PICHINCHA,PEDRO MONCAYO,TABACUNDO,URBANA,2017-07-19,16:30:00,16,MIERCOLES,3,JULIO,7,NO,REALIZAR CAMBIO BRUSCO O INDEBIDO DE CARRIL.,CHOQUE FRONTAL,MOTOCICLETA,0,0,0,0,1,0,0,0,1,0,0,0,0,2,17,HOMBRE,LESIONADO,CONDUCTOR PRESENTE,NO,NO,0
5150,15818,15819,2017,0,0,-0.289981,-78.451972,PICHINCHA,QUITO,ALANGASI,RURAL,2017-07-19,17:30:00,17,MIERCOLES,3,JULIO,7,NO,CONDUCIR VEHICULO SUPERANDO LOS LIMITES MAXIMOS DE VELOCIDAD.,ESTRELLAMIENTOS,NO IDENTIFICADO,0,0,0,0,0,0,0,0,0,1,0,0,0,1,-1,NO IDENTIFICADO,NO IDENTIFICADO,CONDUCTOR AUSENTE,NO,NO,2
5151,15819,15820,2017,0,0,-0.186423,-78.488225,PICHINCHA,QUITO,QUITO,URBANA,2017-07-19,17:55:00,17,MIERCOLES,3,JULIO,7,NO,"NO RESPETAR LAS SENIALES REGLAMENTARIAS DE TRANSITO. (PARE, CEDA EL PASO, LUZ ROJA DEL SEMAFORO, ETC).",CHOQUE LATERAL,AUTOMOVIL,2,0,0,0,0,0,0,0,0,0,0,0,0,2,28,HOMBRE,ILESO,CONDUCTOR PRESENTE,NO,NO,0
5152,15820,15821,2017,0,0,-0.183548,-78.490503,PICHINCHA,QUITO,QUITO,URBANA,2017-07-19,17:55:00,17,MIERCOLES,3,JULIO,7,NO,NO GUARDAR LA DISTANCIA LATERAL MINIMA DE SEGURIDAD ENTRE VEHICULOS.,ROZAMIENTOS,MOTOCICLETA,1,0,0,0,0,0,0,0,1,0,0,0,0,2,28,HOMBRE,ILESO,CONDUCTOR PRESENTE,NO,NO,0
5153,15827,15828,2017,1,0,-0.203635,-78.496791,PICHINCHA,QUITO,QUITO,URBANA,2017-07-19,18:30:00,18,MIERCOLES,3,JULIO,7,NO,"NO RESPETAR LAS SENIALES REGLAMENTARIAS DE TRANSITO. (PARE, CEDA EL PASO, LUZ ROJA DEL SEMAFORO, ETC).",CHOQUE LATERAL,AUTOMOVIL,1,0,0,0,1,0,0,0,0,0,0,0,0,2,36,MUJER,LESIONADO,CONDUCTOR PRESENTE,NO,NO,0
5154,15832,15833,2017,0,0,-0.106767,-78.441933,PICHINCHA,QUITO,CALDERON (CARAPUNGO),RURAL,2017-07-19,20:00:00,20,MIERCOLES,3,JULIO,7,NO,"CONDUCIR DESATENTO A LAS CONDICIONES DE TRANSITO (CELULAR, PANTALLAS DE VIDEO, COMIDA, MAQUILLAJE O CUALQUIER OTRO ELEMENTO DISTRACTOR).",COLISION,VEHICULO DEPORTIVO UTILITARIO,0,0,1,0,1,0,0,0,0,0,0,0,1,3,35,HOMBRE,ILESO,CONDUCTOR PRESENTE,NO,NO,3
5155,15833,15834,2017,0,0,-0.142041,-78.443217,PICHINCHA,QUITO,LLANO CHICO,URBANA,2017-07-19,20:15:00,20,MIERCOLES,3,JULIO,7,NO,NO MANTENER LA DISTANCIA PRUDENCIAL CON RESPECTO AL VEHICULO QUE LE ANTECEDE.,CHOQUE POSTERIOR,CAMION,0,0,0,1,0,0,0,0,0,0,0,0,1,2,24,HOMBRE,ILESO,CONDUCTOR PRESENTE,NO,NO,0
5156,15834,15835,2017,1,0,0.021999,-78.157439,PICHINCHA,CAYAMBE,CAYAMBE,URBANA,2017-07-19,20:20:00,20,MIERCOLES,3,JULIO,7,NO,NO CEDER EL DERECHO DE VIA O PREFERENCIA DE PASO AL PEATON.,ATROPELLOS,MOTOCICLETA,0,0,0,0,0,0,0,0,1,0,0,0,0,1,0,MUJER,LESIONADO,PEATON,NO,NO,0
5157,15837,15838,2017,0,0,-0.181788,-78.475452,PICHINCHA,QUITO,QUITO,URBANA,2017-07-19,20:45:00,20,MIERCOLES,3,JULIO,7,NO,"CONDUCIR DESATENTO A LAS CONDICIONES DE TRANSITO (CELULAR, PANTALLAS DE VIDEO, COMIDA, MAQUILLAJE O CUALQUIER OTRO ELEMENTO DISTRACTOR).",ESTRELLAMIENTOS,VEHICULO DEPORTIVO UTILITARIO,0,0,0,0,0,0,0,0,0,1,0,0,1,2,20,MUJER,ILESO,CONDUCTOR PRESENTE,NO,NO,0
5158,15839,15840,2017,0,1,-0.363812,-78.435161,PICHINCHA,RUMINIAHUI,SANGOLQUI,URBANA,2017-07-19,21:45:00,21,MIERCOLES,3,JULIO,7,NO,"CONDUCE BAJO LA INFLUENCIA DE ALCOHOL, SUSTANCIAS ESTUPEFACIENTES O PSICOTROPICAS Y/O MEDICAMENTOS.",OTROS,NO IDENTIFICADO,0,0,0,0,0,0,0,0,0,1,0,0,0,1,38,HOMBRE,FALLECIDO,CONDUCTOR PRESENTE,NO,NO,0
5159,15840,15841,2017,1,0,-0.123589,-78.498716,PICHINCHA,QUITO,QUITO,URBANA,2017-07-19,22:10:00,22,MIERCOLES,3,JULIO,7,NO,NO TRANSITAR POR LAS ACERAS O ZONAS DE SEGURIDAD DESTINADAS PARA EL EFECTO.,ATROPELLOS,NO IDENTIFICADO,0,0,0,0,0,0,0,0,0,1,0,0,0,1,37,HOMBRE,LESIONADO,PEATON,NO,NO,0
5160,15843,15844,2017,0,0,-0.262355,-78.542642,PICHINCHA,QUITO,QUITO,URBANA,2017-07-19,22:55:00,22,MIERCOLES,3,JULIO,7,NO,CONDUCIR EN SENTIDO CONTRARIO A LA VIA NORMAL DE CIRCULACION.,CHOQUE FRONTAL,AUTOMOVIL,1,0,0,0,0,0,0,0,0,1,0,0,0,2,21,HOMBRE,ILESO,CONDUCTOR PRESENTE,NO,NO,0
5161,15869,15870,2017,0,0,-0.327991,-78.542373,PICHINCHA,QUITO,QUITO,URBANA,2017-07-20,03:00:00,3,JUEVES,4,JULIO,7,NO,"CONDUCIR EN ESTADO DE SOMNOLENCIA O MALAS CONDICIONES FISICAS (SUENIO, CANSANCIO Y FATIGA).",ESTRELLAMIENTOS,AUTOMOVIL,1,0,0,0,0,0,0,0,0,0,0,0,0,1,-1,NO IDENTIFICADO,NO IDENTIFICADO,CONDUCTOR AUSENTE,NO,NO,2
5162,15871,15872,2017,0,0,-0.199929,-78.482771,PICHINCHA,QUITO,QUITO,URBANA,2017-07-20,04:50:00,4,JUEVES,4,JULIO,7,NO,"CONDUCIR EN ESTADO DE SOMNOLENCIA O MALAS CONDICIONES FISICAS (SUENIO, CANSANCIO Y FATIGA).",ESTRELLAMIENTOS,VEHICULO DEPORTIVO UTILITARIO,0,0,0,0,0,0,0,0,0,0,0,0,1,1,-1,NO IDENTIFICADO,NO IDENTIFICADO,CONDUCTOR AUSENTE,NO,NO,2
5163,15875,15876,2017,1,0,-0.239808,-78.522753,PICHINCHA,QUITO,QUITO,URBANA,2017-07-20,07:45:00,7,JUEVES,4,JULIO,7,NO,CONDUCIR VEHICULO SUPERANDO LOS LIMITES MAXIMOS DE VELOCIDAD.,CAIDA DE PASAJERO,BUS,0,0,1,0,0,0,0,0,0,0,0,0,0,1,52,MUJER,LESIONADO,PASAJERO,NO,NO,0
5164,15877,15878,2017,0,0,-0.094518,-78.472933,PICHINCHA,QUITO,QUITO,URBANA,2017-07-20,08:30:00,8,JUEVES,4,JULIO,7,NO,"NO RESPETAR LAS SENIALES REGLAMENTARIAS DE TRANSITO. (PARE, CEDA EL PASO, LUZ ROJA DEL SEMAFORO, ETC).",CHOQUE LATERAL,VEHICULO DEPORTIVO UTILITARIO,1,0,0,0,0,0,0,0,0,0,0,0,1,2,56,HOMBRE,ILESO,CONDUCTOR PRESENTE,NO,NO,0
5165,15880,15881,2017,0,0,-0.227698,-78.500298,PICHINCHA,QUITO,QUITO,URBANA,2017-07-20,09:05:00,9,JUEVES,4,JULIO,7,NO,"CONDUCE BAJO LA INFLUENCIA DE ALCOHOL, SUSTANCIAS ESTUPEFACIENTES O PSICOTROPICAS Y/O MEDICAMENTOS.",COLISION,CAMIONETA,2,0,0,0,1,0,0,0,0,0,0,0,0,3,46,HOMBRE,ILESO,CONDUCTOR PRESENTE,NO,NO,0
5166,15882,15883,2017,0,0,-0.304799,-78.521687,PICHINCHA,QUITO,QUITO,URBANA,2017-07-20,09:30:00,9,JUEVES,4,JULIO,7,NO,CONDUCIR VEHICULO SUPERANDO LOS LIMITES MAXIMOS DE VELOCIDAD.,ESTRELLAMIENTOS,AUTOMOVIL,1,0,1,1,0,0,0,0,0,0,0,0,0,3,52,HOMBRE,ILESO,CONDUCTOR PRESENTE,NO,NO,0
5167,15883,15884,2017,2,0,-0.086408,-78.427084,PICHINCHA,QUITO,CALDERON (CARAPUNGO),RURAL,2017-07-20,09:35:00,9,JUEVES,4,JULIO,7,NO,NO CEDER EL DERECHO DE VIA O PREFERENCIA DE PASO A VEHICULOS.,CHOQUE LATERAL,AUTOMOVIL,1,0,0,0,0,0,0,0,0,0,0,0,1,2,44,HOMBRE,LESIONADO,CONDUCTOR PRESENTE,NO,NO,3
5168,15884,15885,2017,1,0,-0.166541,-78.483991,PICHINCHA,QUITO,QUITO,URBANA,2017-07-20,09:50:00,9,JUEVES,4,JULIO,7,NO,NO CEDER EL DERECHO DE VIA O PREFERENCIA DE PASO AL PEATON.,ATROPELLOS,CAMIONETA,0,0,0,0,1,0,0,0,0,0,0,0,0,1,72,HOMBRE,LESIONADO,PEATON,NO,NO,0
5169,15886,15887,2017,0,0,-0.112226,-78.474231,PICHINCHA,QUITO,QUITO,URBANA,2017-07-20,10:40:00,10,JUEVES,4,JULIO,7,NO,"CONDUCIR DESATENTO A LAS CONDICIONES DE TRANSITO (CELULAR, PANTALLAS DE VIDEO, COMIDA, MAQUILLAJE O CUALQUIER OTRO ELEMENTO DISTRACTOR).",COLISION,AUTOMOVIL,2,0,0,0,0,0,0,0,0,1,0,0,0,3,22,MUJER,ILESO,CONDUCTOR PRESENTE,NO,NO,0
5170,15887,15888,2017,0,0,-0.110985,-78.474101,PICHINCHA,QUITO,QUITO,URBANA,2017-07-20,10:50:00,10,JUEVES,4,JULIO,7,NO,REALIZAR CAMBIO BRUSCO O INDEBIDO DE CARRIL.,ESTRELLAMIENTOS,CAMION,0,0,0,1,0,0,0,0,0,0,0,0,0,1,46,HOMBRE,ILESO,CONDUCTOR PRESENTE,NO,NO,0
5171,15888,15889,2017,0,0,-0.112658,-78.494335,PICHINCHA,QUITO,QUITO,URBANA,2017-07-20,11:15:00,11,JUEVES,4,JULIO,7,NO,NO MANTENER LA DISTANCIA PRUDENCIAL CON RESPECTO AL VEHICULO QUE LE ANTECEDE.,CHOQUE POSTERIOR,CAMIONETA,0,0,0,0,1,0,0,0,0,1,0,0,0,2,40,HOMBRE,ILESO,CONDUCTOR PRESENTE,NO,NO,0
5172,15890,15891,2017,1,0,-0.177172,-78.479417,PICHINCHA,QUITO,QUITO,URBANA,2017-07-20,12:30:00,12,JUEVES,4,JULIO,7,NO,BAJARSE O SUBIRSE DE VEHICULOS EN MOVIMIENTO SIN TOMAR LAS PRECAUCIONES DEBIDAS.,CAIDA DE PASAJERO,BUS,0,0,1,0,0,0,0,0,0,0,0,0,0,1,52,MUJER,LESIONADO,PASAJERO,NO,NO,0
5173,15892,15893,2017,0,0,-0.221114,-78.520767,PICHINCHA,QUITO,QUITO,URBANA,2017-07-20,12:55:00,12,JUEVES,4,JULIO,7,NO,NO GUARDAR LA DISTANCIA LATERAL MINIMA DE SEGURIDAD ENTRE VEHICULOS.,ROZAMIENTOS,AUTOMOVIL,1,0,0,0,0,0,1,0,0,0,0,0,0,2,30,HOMBRE,ILESO,CONDUCTOR PRESENTE,NO,NO,0
5174,15897,15898,2017,0,0,-0.102365,-78.490629,PICHINCHA,QUITO,QUITO,URBANA,2017-07-20,13:55:00,13,JUEVES,4,JULIO,7,NO,NO GUARDAR LA DISTANCIA LATERAL MINIMA DE SEGURIDAD ENTRE VEHICULOS.,ROZAMIENTOS,MOTOCICLETA,0,0,0,0,1,0,0,0,1,0,0,0,0,2,21,HOMBRE,ILESO,CONDUCTOR PRESENTE,NO,NO,0
5175,15899,15900,2017,1,0,-0.208844,-78.335604,PICHINCHA,QUITO,YARUQUI,URBANA,2017-07-20,14:00:00,14,JUEVES,4,JULIO,7,NO,CONDUCIR VEHICULO SUPERANDO LOS LIMITES MAXIMOS DE VELOCIDAD.,PERDIDA DE PISTA,MOTOCICLETA,0,0,0,0,0,0,0,0,1,0,0,0,0,1,44,HOMBRE,LESIONADO,CONDUCTOR PRESENTE,NO,NO,0
5176,15903,15904,2017,1,0,-0.258224,-78.534619,PICHINCHA,QUITO,QUITO,URBANA,2017-07-20,16:05:00,16,JUEVES,4,JULIO,7,NO,NO TRANSITAR POR LAS ACERAS O ZONAS DE SEGURIDAD DESTINADAS PARA EL EFECTO.,ATROPELLOS,NO IDENTIFICADO,0,0,0,0,0,0,0,0,0,1,0,0,0,1,9,HOMBRE,LESIONADO,PEATON,NO,NO,0
5177,15904,15905,2017,0,0,-0.195707,-78.492906,PICHINCHA,QUITO,QUITO,URBANA,2017-07-20,17:00:00,17,JUEVES,4,JULIO,7,NO,NO GUARDAR LA DISTANCIA LATERAL MINIMA DE SEGURIDAD ENTRE VEHICULOS.,ROZAMIENTOS,AUTOMOVIL,2,0,0,0,0,0,0,0,0,0,0,0,0,2,31,HOMBRE,ILESO,CONDUCTOR PRESENTE,NO,NO,0
5178,15905,15906,2017,0,0,-0.212158,-78.493057,PICHINCHA,QUITO,QUITO,URBANA,2017-07-20,17:20:00,17,JUEVES,4,JULIO,7,NO,NO GUARDAR LA DISTANCIA LATERAL MINIMA DE SEGURIDAD ENTRE VEHICULOS.,ROZAMIENTOS,VEHICULO DEPORTIVO UTILITARIO,0,0,0,0,0,0,0,0,0,0,0,0,2,2,36,HOMBRE,ILESO,CONDUCTOR PRESENTE,NO,NO,0
5179,15907,15908,2017,0,0,-0.227402,-78.507171,PICHINCHA,QUITO,QUITO,URBANA,2017-07-20,17:55:00,17,JUEVES,4,JULIO,7,NO,NO GUARDAR LA DISTANCIA LATERAL MINIMA DE SEGURIDAD ENTRE VEHICULOS.,ROZAMIENTOS,BUS,0,0,2,0,0,0,0,0,0,0,0,0,0,2,27,HOMBRE,ILESO,CONDUCTOR PRESENTE,NO,NO,0
5180,15909,15910,2017,2,0,-0.187635,-78.491684,PICHINCHA,QUITO,QUITO,URBANA,2017-07-20,18:54:00,18,JUEVES,4,JULIO,7,NO,"NO RESPETAR LAS SENIALES REGLAMENTARIAS DE TRANSITO. (PARE, CEDA EL PASO, LUZ ROJA DEL SEMAFORO, ETC).",ATROPELLOS,BUS,0,0,1,0,0,0,0,0,0,0,0,0,0,1,17,HOMBRE,LESIONADO,PEATON,NO,NO,0
5181,15911,15912,2017,2,0,-0.121236,-78.480158,PICHINCHA,QUITO,QUITO,URBANA,2017-07-20,19:40:00,19,JUEVES,4,JULIO,7,NO,NO CEDER EL DERECHO DE VIA O PREFERENCIA DE PASO AL PEATON.,ATROPELLOS,MOTOCICLETA,0,0,0,0,0,0,0,0,1,0,0,0,0,1,25,HOMBRE,LESIONADO,CONDUCTOR PRESENTE,NO,NO,0
5182,15912,15913,2017,0,0,-0.196149,-78.499515,PICHINCHA,QUITO,QUITO,URBANA,2017-07-20,19:45:00,19,JUEVES,4,JULIO,7,NO,NO GUARDAR LA DISTANCIA LATERAL MINIMA DE SEGURIDAD ENTRE VEHICULOS.,ROZAMIENTOS,BUS,1,0,1,0,0,0,0,0,0,0,0,0,0,2,25,HOMBRE,ILESO,CONDUCTOR PRESENTE,NO,NO,0
5183,15917,15918,2017,0,0,-0.039488,-78.333456,PICHINCHA,QUITO,GUAYLLABAMBA,RURAL,2017-07-20,22:20:00,22,JUEVES,4,JULIO,7,NO,REALIZAR CAMBIO BRUSCO O INDEBIDO DE CARRIL.,CHOQUE FRONTAL,AUTOMOVIL,2,0,0,0,0,0,0,0,0,0,0,0,0,2,46,HOMBRE,ILESO,CONDUCTOR PRESENTE,NO,NO,3
5184,15938,15939,2017,1,0,-0.260613,-78.546297,PICHINCHA,QUITO,QUITO,URBANA,2017-07-21,00:44:00,0,VIERNES,5,JULIO,7,NO,"CONDUCIR EN ESTADO DE SOMNOLENCIA O MALAS CONDICIONES FISICAS (SUENIO, CANSANCIO Y FATIGA).",PERDIDA DE PISTA,MOTOCICLETA,0,0,0,0,0,0,0,0,1,0,0,0,0,1,23,HOMBRE,LESIONADO,PASAJERO,NO,NO,0
5185,15941,15942,2017,1,0,-0.243037,-78.535335,PICHINCHA,QUITO,QUITO,URBANA,2017-07-21,02:00:00,2,VIERNES,5,JULIO,7,NO,NO TRANSITAR POR LAS ACERAS O ZONAS DE SEGURIDAD DESTINADAS PARA EL EFECTO.,ATROPELLOS,NO IDENTIFICADO,0,0,0,0,0,0,0,0,0,1,0,0,0,1,42,HOMBRE,LESIONADO,PEATON,NO,NO,0
5186,15942,15943,2017,0,0,-0.302681,-78.455652,PICHINCHA,RUMINIAHUI,SANGOLQUI,URBANA,2017-07-21,02:50:00,2,VIERNES,5,JULIO,7,NO,CONDUCIR VEHICULO SUPERANDO LOS LIMITES MAXIMOS DE VELOCIDAD.,OTROS,VEHICULO DEPORTIVO UTILITARIO,0,0,0,0,0,0,0,0,0,0,0,0,1,1,-1,NO IDENTIFICADO,NO IDENTIFICADO,CONDUCTOR AUSENTE,NO,NO,2
5187,15943,15944,2017,0,0,-0.262249,-78.547972,PICHINCHA,QUITO,QUITO,URBANA,2017-07-21,05:30:00,5,VIERNES,5,JULIO,7,NO,"CONDUCIR DESATENTO A LAS CONDICIONES DE TRANSITO (CELULAR, PANTALLAS DE VIDEO, COMIDA, MAQUILLAJE O CUALQUIER OTRO ELEMENTO DISTRACTOR).",CHOQUE POSTERIOR,AUTOMOVIL,1,0,0,0,0,0,0,0,0,0,0,0,1,2,21,HOMBRE,ILESO,CONDUCTOR PRESENTE,NO,NO,0
5188,15944,15945,2017,0,0,-0.176648,-78.480909,PICHINCHA,QUITO,QUITO,URBANA,2017-07-21,06:00:00,6,VIERNES,5,JULIO,7,NO,"CONDUCIR DESATENTO A LAS CONDICIONES DE TRANSITO (CELULAR, PANTALLAS DE VIDEO, COMIDA, MAQUILLAJE O CUALQUIER OTRO ELEMENTO DISTRACTOR).",ESTRELLAMIENTOS,AUTOMOVIL,1,0,0,0,0,0,0,0,0,0,0,0,0,1,-1,NO IDENTIFICADO,NO IDENTIFICADO,CONDUCTOR AUSENTE,NO,NO,2
5189,15946,15947,2017,0,0,-0.144628,-78.499897,PICHINCHA,QUITO,QUITO,URBANA,2017-07-21,06:20:00,6,VIERNES,5,JULIO,7,NO,NO GUARDAR LA DISTANCIA LATERAL MINIMA DE SEGURIDAD ENTRE VEHICULOS.,ROZAMIENTOS,BUS,0,0,1,0,0,0,0,0,0,1,0,0,0,2,25,HOMBRE,ILESO,CONDUCTOR PRESENTE,NO,NO,0
5190,15947,15948,2017,0,0,-0.105583,-78.499743,PICHINCHA,QUITO,QUITO,URBANA,2017-07-21,07:03:00,7,VIERNES,5,JULIO,7,NO,"CONDUCIR DESATENTO A LAS CONDICIONES DE TRANSITO (CELULAR, PANTALLAS DE VIDEO, COMIDA, MAQUILLAJE O CUALQUIER OTRO ELEMENTO DISTRACTOR).",CHOQUE POSTERIOR,CAMION,1,0,0,1,0,0,0,0,0,0,0,0,0,2,30,HOMBRE,ILESO,CONDUCTOR PRESENTE,NO,NO,0
5191,15948,15949,2017,1,0,0.100213,-78.188543,PICHINCHA,PEDRO MONCAYO,TUPIGACHI,RURAL,2017-07-21,07:20:00,7,VIERNES,5,JULIO,7,NO,NO MANTENER LA DISTANCIA PRUDENCIAL CON RESPECTO AL VEHICULO QUE LE ANTECEDE.,CHOQUE POSTERIOR,CAMIONETA,0,0,0,1,1,0,0,0,0,0,0,0,0,2,53,HOMBRE,LESIONADO,CONDUCTOR PRESENTE,NO,NO,3
5192,15949,15950,2017,6,0,-0.163294,-78.462564,PICHINCHA,QUITO,QUITO,URBANA,2017-07-21,07:45:00,7,VIERNES,5,JULIO,7,NO,CONDUCIR VEHICULO SUPERANDO LOS LIMITES MAXIMOS DE VELOCIDAD.,ESTRELLAMIENTOS,FURGONETA,0,0,0,0,0,0,0,2,0,0,0,0,0,2,25,HOMBRE,LESIONADO,PASAJERO,NO,NO,0
5193,15953,15954,2017,1,0,-0.288425,-78.543992,PICHINCHA,QUITO,QUITO,URBANA,2017-07-21,11:40:00,11,VIERNES,5,JULIO,7,NO,NO CEDER EL DERECHO DE VIA O PREFERENCIA DE PASO AL PEATON.,ATROPELLOS,NO IDENTIFICADO,0,0,0,0,0,0,0,0,0,1,0,0,0,1,17,MUJER,LESIONADO,PEATON,NO,NO,0
5194,15957,15958,2017,0,0,-0.167488,-78.470953,PICHINCHA,QUITO,QUITO,URBANA,2017-07-21,13:20:00,13,VIERNES,5,JULIO,7,NO,NO MANTENER LA DISTANCIA PRUDENCIAL CON RESPECTO AL VEHICULO QUE LE ANTECEDE.,CHOQUE POSTERIOR,BUS,1,0,1,0,0,0,0,0,0,0,0,0,0,2,29,HOMBRE,ILESO,CONDUCTOR PRESENTE,NO,NO,0
5195,15958,15959,2017,0,0,-0.105583,-78.499743,PICHINCHA,QUITO,QUITO,URBANA,2017-07-21,13:20:00,13,VIERNES,5,JULIO,7,NO,"CONDUCIR DESATENTO A LAS CONDICIONES DE TRANSITO (CELULAR, PANTALLAS DE VIDEO, COMIDA, MAQUILLAJE O CUALQUIER OTRO ELEMENTO DISTRACTOR).",ESTRELLAMIENTOS,NO IDENTIFICADO,0,0,0,0,0,0,0,0,0,1,0,0,0,1,-1,NO IDENTIFICADO,NO IDENTIFICADO,CONDUCTOR AUSENTE,NO,NO,2
5196,15959,15960,2017,0,0,-0.162212,-78.498049,PICHINCHA,QUITO,QUITO,URBANA,2017-07-21,14:00:00,14,VIERNES,5,JULIO,7,NO,NO MANTENER LA DISTANCIA PRUDENCIAL CON RESPECTO AL VEHICULO QUE LE ANTECEDE.,CHOQUE POSTERIOR,AUTOMOVIL,1,0,0,0,0,0,0,0,1,0,0,0,0,2,24,HOMBRE,ILESO,CONDUCTOR PRESENTE,NO,NO,0
5197,15960,15961,2017,0,0,-0.105384,-78.497732,PICHINCHA,QUITO,QUITO,URBANA,2017-07-21,14:10:00,14,VIERNES,5,JULIO,7,NO,"NO RESPETAR LAS SENIALES REGLAMENTARIAS DE TRANSITO. (PARE, CEDA EL PASO, LUZ ROJA DEL SEMAFORO, ETC).",CHOQUE LATERAL,AUTOMOVIL,1,0,0,0,0,0,0,0,1,0,0,0,0,2,78,HOMBRE,ILESO,CONDUCTOR PRESENTE,NO,NO,0