,Unnamed: 0,ID,ANIO,LESIONADOS,FALLECIDOS,LATITUD_Y,LONGITUD_X,PROVINCIA,CANTON,PARROQUIA,ZONA,FECHA,HORA,PERIODO_2,DIA_1,DIA_2,MES_1,MES_2,FERIADO,CAUSA_PROBABLE,TIPO_DE_SINIESTRO,TIPO_DE_VEHICULO_1,AUTOMOVIL,BICICLETA,BUS,CAMION,CAMIONETA,EMERGENCIAS,ESPECIAL,FURGONETA,MOTOCICLETA,NO_IDENTIFICADO,SCOOTER_ELECTRICO,TRICIMOTO,VEHICULO_DEPORTIVO_UTILITARIO,SUMA_DE_VEHICULOS,EDAD_1,SEXO_1,CONDICION_1,PARTICIPANTE_1,CASCO_1,CINTURON_1,KMeans_Cluster
5256,16129,16130,2017,0,0,-0.212491,-78.491283,PICHINCHA,QUITO,QUITO,URBANA,2017-07-23,05:20:00,5,DOMINGO,7,JULIO,7,NO,"CONDUCIR EN ESTADO DE SOMNOLENCIA O MALAS CONDICIONES FISICAS (SUENIO, CANSANCIO Y FATIGA).",ESTRELLAMIENTOS,AUTOMOVIL,1,0,0,0,0,0,0,0,0,0,0,0,0,1,-1,NO IDENTIFICADO,NO IDENTIFICADO,CONDUCTOR AUSENTE,NO,NO,2
5257,16135,16136,2017,0,0,-0.217496,-78.384812,PICHINCHA,QUITO,TUMBACO,RURAL,2017-07-23,07:45:00,7,DOMINGO,7,JULIO,7,NO,CONDUCIR VEHICULO SUPERANDO LOS LIMITES MAXIMOS DE VELOCIDAD.,ESTRELLAMIENTOS,AUTOMOVIL,1,0,0,0,0,0,0,0,0,0,0,0,0,1,-1,NO IDENTIFICADO,NO IDENTIFICADO,CONDUCTOR AUSENTE,NO,NO,2
5258,16137,16138,2017,0,0,-0.091585,-78.439052,PICHINCHA,QUITO,CALDERON (CARAPUNGO),RURAL,2017-07-23,08:10:00,8,DOMINGO,7,JULIO,7,NO,NO GUARDAR LA DISTANCIA LATERAL MINIMA DE SEGURIDAD ENTRE VEHICULOS.,ROZAMIENTOS,AUTOMOVIL,1,0,0,0,1,0,0,0,0,0,0,0,0,2,35,HOMBRE,ILESO,CONDUCTOR PRESENTE,NO,NO,3
5259,16138,16139,2017,0,0,-0.178427,-78.478082,PICHINCHA,QUITO,QUITO,URBANA,2017-07-23,08:30:00,8,DOMINGO,7,JULIO,7,NO,"CONDUCIR DESATENTO A LAS CONDICIONES DE TRANSITO (CELULAR, PANTALLAS DE VIDEO, COMIDA, MAQUILLAJE O CUALQUIER OTRO ELEMENTO DISTRACTOR).",ESTRELLAMIENTOS,AUTOMOVIL,1,0,0,0,0,0,0,0,0,0,0,0,0,1,35,HOMBRE,ILESO,CONDUCTOR PRESENTE,NO,NO,0
5260,16139,16140,2017,4,0,-0.177802,-78.488934,PICHINCHA,QUITO,QUITO,URBANA,2017-07-23,08:35:00,8,DOMINGO,7,JULIO,7,NO,NO MANTENER LA DISTANCIA PRUDENCIAL CON RESPECTO AL VEHICULO QUE LE ANTECEDE.,CHOQUE POSTERIOR,FURGONETA,0,0,0,0,0,0,0,1,0,1,0,0,0,2,44,MUJER,LESIONADO,CONDUCTOR PRESENTE,NO,NO,0
5261,16140,16141,2017,1,0,-0.252259,-78.539108,PICHINCHA,QUITO,QUITO,URBANA,2017-07-23,08:45:00,8,DOMINGO,7,JULIO,7,NO,NO CEDER EL DERECHO DE VIA O PREFERENCIA DE PASO AL PEATON.,ATROPELLOS,NO IDENTIFICADO,0,0,0,0,0,0,0,0,0,1,0,0,0,1,81,HOMBRE,LESIONADO,PEATON,NO,NO,0
5262,16142,16143,2017,0,0,-0.469325,-78.584831,PICHINCHA,MEJIA,ALOAG,RURAL,2017-07-23,09:50:00,9,DOMINGO,7,JULIO,7,NO,"CONDUCIR DESATENTO A LAS CONDICIONES DE TRANSITO (CELULAR, PANTALLAS DE VIDEO, COMIDA, MAQUILLAJE O CUALQUIER OTRO ELEMENTO DISTRACTOR).",OTROS,VEHICULO DEPORTIVO UTILITARIO,0,0,0,0,0,0,0,0,0,0,0,0,1,1,25,HOMBRE,ILESO,CONDUCTOR PRESENTE,NO,NO,3
5263,16144,16145,2017,0,0,-0.206531,-78.499334,PICHINCHA,QUITO,QUITO,URBANA,2017-07-23,13:30:00,13,DOMINGO,7,JULIO,7,NO,NO GUARDAR LA DISTANCIA LATERAL MINIMA DE SEGURIDAD ENTRE VEHICULOS.,ROZAMIENTOS,AUTOMOVIL,1,0,0,0,0,0,0,0,0,1,0,0,0,2,38,HOMBRE,ILESO,CONDUCTOR PRESENTE,NO,NO,0
5264,16145,16146,2017,1,0,-0.286581,-78.549902,PICHINCHA,QUITO,QUITO,URBANA,2017-07-23,13:50:00,13,DOMINGO,7,JULIO,7,NO,CONDUCIR VEHICULO SUPERANDO LOS LIMITES MAXIMOS DE VELOCIDAD.,PERDIDA DE PISTA,MOTOCICLETA,0,0,0,0,0,0,0,0,1,0,0,0,0,1,28,HOMBRE,LESIONADO,CONDUCTOR PRESENTE,NO,NO,0
5265,16149,16150,2017,0,0,-0.287011,-78.467711,PICHINCHA,QUITO,CONOCOTO,URBANA,2017-07-23,16:00:00,16,DOMINGO,7,JULIO,7,NO,"CONDUCIR DESATENTO A LAS CONDICIONES DE TRANSITO (CELULAR, PANTALLAS DE VIDEO, COMIDA, MAQUILLAJE O CUALQUIER OTRO ELEMENTO DISTRACTOR).",OTROS,VEHICULO DEPORTIVO UTILITARIO,0,0,0,0,0,0,0,0,0,0,0,0,1,1,59,MUJER,ILESO,CONDUCTOR PRESENTE,NO,NO,0
5266,16152,16153,2017,0,0,-0.104616,-78.427874,PICHINCHA,QUITO,CALDERON (CARAPUNGO),RURAL,2017-07-23,17:10:00,17,DOMINGO,7,JULIO,7,NO,"CONDUCE BAJO LA INFLUENCIA DE ALCOHOL, SUSTANCIAS ESTUPEFACIENTES O PSICOTROPICAS Y/O MEDICAMENTOS.",COLISION,VEHICULO DEPORTIVO UTILITARIO,2,0,0,0,1,0,0,0,0,0,0,0,1,4,32,HOMBRE,ILESO,CONDUCTOR PRESENTE,NO,NO,3
5267,16158,16159,2017,5,1,0.082121,-78.192877,PICHINCHA,PEDRO MONCAYO,TUPIGACHI,RURAL,2017-07-23,19:21:00,19,DOMINGO,7,JULIO,7,NO,"NO RESPETAR LAS SENIALES REGLAMENTARIAS DE TRANSITO. (PARE, CEDA EL PASO, LUZ ROJA DEL SEMAFORO, ETC).",CHOQUE FRONTAL,AUTOMOVIL,2,0,0,0,0,0,0,0,0,0,0,0,0,2,29,HOMBRE,FALLECIDO,CONDUCTOR PRESENTE,NO,NO,3
5268,16162,16163,2017,0,0,-0.099781,-78.445765,PICHINCHA,QUITO,CALDERON (CARAPUNGO),RURAL,2017-07-23,20:25:00,20,DOMINGO,7,JULIO,7,NO,CONDUCIR EN SENTIDO CONTRARIO A LA VIA NORMAL DE CIRCULACION.,CHOQUE FRONTAL,VEHICULO DEPORTIVO UTILITARIO,0,0,1,0,0,0,0,0,0,0,0,0,1,2,34,HOMBRE,ILESO,CONDUCTOR PRESENTE,NO,NO,3
5269,16202,16203,2017,0,0,-0.365915,-78.551354,PICHINCHA,MEJIA,CUTUGLAHUA,RURAL,2017-07-24,02:50:00,2,LUNES,1,JULIO,7,NO,"CONDUCIR DESATENTO A LAS CONDICIONES DE TRANSITO (CELULAR, PANTALLAS DE VIDEO, COMIDA, MAQUILLAJE O CUALQUIER OTRO ELEMENTO DISTRACTOR).",OTROS,AUTOMOVIL,1,0,0,0,0,0,0,0,0,0,0,0,0,1,23,NO IDENTIFICADO,ILESO,CONDUCTOR PRESENTE,NO,NO,3
5270,16207,16208,2017,0,0,-0.171508,-78.485574,PICHINCHA,QUITO,QUITO,URBANA,2017-07-24,06:50:00,6,LUNES,1,JULIO,7,NO,NO CEDER EL DERECHO DE VIA O PREFERENCIA DE PASO A VEHICULOS.,CHOQUE LATERAL,AUTOMOVIL,1,0,0,0,0,0,0,0,0,0,0,0,1,2,59,HOMBRE,ILESO,CONDUCTOR PRESENTE,NO,NO,0
5271,16209,16210,2017,1,0,-0.303766,-78.542681,PICHINCHA,QUITO,QUITO,URBANA,2017-07-24,07:15:00,7,LUNES,1,JULIO,7,NO,CONDUCIR VEHICULO SUPERANDO LOS LIMITES MAXIMOS DE VELOCIDAD.,VOLCAMIENTOS,MOTOCICLETA,0,0,0,0,0,0,0,0,1,0,0,0,0,1,48,HOMBRE,LESIONADO,CONDUCTOR PRESENTE,NO,NO,0
5272,16210,16211,2017,0,0,-0.276434,-78.552487,PICHINCHA,QUITO,QUITO,URBANA,2017-07-24,07:25:00,7,LUNES,1,JULIO,7,NO,NO MANTENER LA DISTANCIA PRUDENCIAL CON RESPECTO AL VEHICULO QUE LE ANTECEDE.,CHOQUE POSTERIOR,CAMION,1,0,0,1,0,0,0,0,0,0,0,0,0,2,39,HOMBRE,ILESO,CONDUCTOR PRESENTE,NO,NO,0
5273,16212,16213,2017,0,0,-0.238301,-78.511212,PICHINCHA,QUITO,QUITO,URBANA,2017-07-24,07:30:00,7,LUNES,1,JULIO,7,NO,"CONDUCIR DESATENTO A LAS CONDICIONES DE TRANSITO (CELULAR, PANTALLAS DE VIDEO, COMIDA, MAQUILLAJE O CUALQUIER OTRO ELEMENTO DISTRACTOR).",ESTRELLAMIENTOS,AUTOMOVIL,1,0,0,0,0,0,0,0,0,1,0,0,0,2,30,HOMBRE,ILESO,CONDUCTOR PRESENTE,NO,NO,0
5274,16213,16214,2017,0,0,-0.197631,-78.500218,PICHINCHA,QUITO,QUITO,URBANA,2017-07-24,07:45:00,7,LUNES,1,JULIO,7,NO,NO GUARDAR LA DISTANCIA LATERAL MINIMA DE SEGURIDAD ENTRE VEHICULOS.,ROZAMIENTOS,AUTOMOVIL,1,0,1,0,0,0,0,0,0,0,0,0,0,2,42,MUJER,ILESO,CONDUCTOR PRESENTE,NO,NO,0
5275,16214,16215,2017,2,0,-0.244435,-78.482091,PICHINCHA,QUITO,QUITO,URBANA,2017-07-24,08:05:00,8,LUNES,1,JULIO,7,NO,CONDUCIR VEHICULO SUPERANDO LOS LIMITES MAXIMOS DE VELOCIDAD.,PERDIDA DE PISTA,AUTOMOVIL,2,0,0,0,0,0,0,0,0,0,0,0,0,2,47,HOMBRE,LESIONADO,CONDUCTOR PRESENTE,NO,NO,0
5276,16217,16218,2017,0,0,-0.242446,-78.512715,PICHINCHA,QUITO,QUITO,URBANA,2017-07-24,08:40:00,8,LUNES,1,JULIO,7,NO,NO GUARDAR LA DISTANCIA LATERAL MINIMA DE SEGURIDAD ENTRE VEHICULOS.,ROZAMIENTOS,BUS,1,0,1,0,0,0,0,0,0,0,0,0,0,2,32,HOMBRE,ILESO,CONDUCTOR PRESENTE,NO,NO,0
5277,16218,16219,2017,0,1,-0.355609,-78.548711,PICHINCHA,QUITO,QUITO,URBANA,2017-07-24,08:50:00,8,LUNES,1,JULIO,7,NO,NO TRANSITAR POR LAS ACERAS O ZONAS DE SEGURIDAD DESTINADAS PARA EL EFECTO.,ATROPELLOS,AUTOMOVIL,1,0,0,0,0,0,0,0,0,0,0,0,0,1,1,HOMBRE,FALLECIDO,PEATON,NO,NO,0
5278,16220,16221,2017,0,0,-0.161461,-78.487356,PICHINCHA,QUITO,QUITO,URBANA,2017-07-24,09:00:00,9,LUNES,1,JULIO,7,NO,"NO RESPETAR LAS SENIALES REGLAMENTARIAS DE TRANSITO. (PARE, CEDA EL PASO, LUZ ROJA DEL SEMAFORO, ETC).",CHOQUE LATERAL,AUTOMOVIL,1,0,0,0,0,0,0,0,0,0,0,0,1,2,45,MUJER,ILESO,CONDUCTOR PRESENTE,NO,NO,0
5279,16223,16224,2017,1,0,-0.243301,-78.519931,PICHINCHA,QUITO,QUITO,URBANA,2017-07-24,09:50:00,9,LUNES,1,JULIO,7,NO,NO CEDER EL DERECHO DE VIA O PREFERENCIA DE PASO AL PEATON.,ATROPELLOS,NO IDENTIFICADO,0,0,0,0,0,0,0,0,0,1,0,0,0,1,78,MUJER,LESIONADO,PEATON,NO,NO,0
5280,16225,16226,2017,1,0,-0.175095,-78.488308,PICHINCHA,QUITO,QUITO,URBANA,2017-07-24,10:45:00,10,LUNES,1,JULIO,7,NO,NO CEDER EL DERECHO DE VIA O PREFERENCIA DE PASO AL PEATON.,ATROPELLOS,CAMION,0,0,0,1,0,0,0,0,0,0,0,0,0,1,61,HOMBRE,LESIONADO,PEATON,NO,NO,0
5281,16228,16229,2017,1,0,-0.218701,-78.510415,PICHINCHA,QUITO,QUITO,URBANA,2017-07-24,12:40:00,12,LUNES,1,JULIO,7,NO,NO CEDER EL DERECHO DE VIA O PREFERENCIA DE PASO A VEHICULOS.,CHOQUE LATERAL,AUTOMOVIL,1,0,0,0,1,0,0,0,0,0,0,0,0,2,44,HOMBRE,LESIONADO,CONDUCTOR PRESENTE,NO,NO,0
5282,16229,16230,2017,0,0,-0.171284,-78.490224,PICHINCHA,QUITO,QUITO,URBANA,2017-07-24,12:50:00,12,LUNES,1,JULIO,7,NO,"NO RESPETAR LAS SENIALES REGLAMENTARIAS DE TRANSITO. (PARE, CEDA EL PASO, LUZ ROJA DEL SEMAFORO, ETC).",CHOQUE LATERAL,VEHICULO DEPORTIVO UTILITARIO,1,0,0,0,0,0,0,0,0,0,0,0,1,2,23,MUJER,ILESO,CONDUCTOR PRESENTE,NO,NO,0
5283,16230,16231,2017,1,0,-0.274321,-78.544261,PICHINCHA,QUITO,QUITO,URBANA,2017-07-24,13:40:00,13,LUNES,1,JULIO,7,NO,NO CEDER EL DERECHO DE VIA O PREFERENCIA DE PASO AL PEATON.,ATROPELLOS,NO IDENTIFICADO,0,0,0,0,0,0,0,0,0,1,0,0,0,1,78,HOMBRE,LESIONADO,PEATON,NO,NO,0
5284,16232,16233,2017,1,0,-0.228285,-78.507518,PICHINCHA,QUITO,QUITO,URBANA,2017-07-24,14:20:00,14,LUNES,1,JULIO,7,NO,"NO RESPETAR LAS SENIALES REGLAMENTARIAS DE TRANSITO. (PARE, CEDA EL PASO, LUZ ROJA DEL SEMAFORO, ETC).",CHOQUE LATERAL,AUTOMOVIL,1,0,0,0,0,0,0,0,1,0,0,0,0,2,38,HOMBRE,LESIONADO,CONDUCTOR PRESENTE,NO,NO,0
5285,16238,16239,2017,1,0,-0.165922,-78.468421,PICHINCHA,QUITO,QUITO,URBANA,2017-07-24,17:25:00,17,LUNES,1,JULIO,7,NO,NO CEDER EL DERECHO DE VIA O PREFERENCIA DE PASO AL PEATON.,ATROPELLOS,AUTOMOVIL,1,0,0,0,0,0,0,0,0,0,0,0,0,1,33,HOMBRE,LESIONADO,PEATON,NO,NO,0
5286,16239,16240,2017,0,0,-0.185722,-78.510267,PICHINCHA,QUITO,QUITO,URBANA,2017-07-24,17:55:00,17,LUNES,1,JULIO,7,NO,NO MANTENER LA DISTANCIA PRUDENCIAL CON RESPECTO AL VEHICULO QUE LE ANTECEDE.,CHOQUE POSTERIOR,AUTOMOVIL,1,0,1,0,0,0,0,0,0,0,0,0,0,2,16,HOMBRE,ILESO,CONDUCTOR PRESENTE,NO,NO,0
5287,16240,16241,2017,0,0,-0.509285,-78.566325,PICHINCHA,MEJIA,MACHACHI,RURAL,2017-07-24,18:10:00,18,LUNES,1,JULIO,7,NO,NO GUARDAR LA DISTANCIA LATERAL MINIMA DE SEGURIDAD ENTRE VEHICULOS.,CHOQUE LATERAL,BUS,0,0,1,0,0,0,0,0,0,0,0,0,1,2,23,NO IDENTIFICADO,ILESO,CONDUCTOR PRESENTE,NO,NO,3
5288,16241,16242,2017,0,0,-0.043951,-78.284983,PICHINCHA,CAYAMBE,SANTA ROSA DE CUZUBAMBA,RURAL,2017-07-24,18:20:00,18,LUNES,1,JULIO,7,NO,NO GUARDAR LA DISTANCIA LATERAL MINIMA DE SEGURIDAD ENTRE VEHICULOS.,CHOQUE LATERAL,AUTOMOVIL,1,0,0,0,1,0,0,0,0,0,0,0,0,2,26,HOMBRE,ILESO,CONDUCTOR PRESENTE,NO,NO,3
5289,16243,16244,2017,0,0,-0.175517,-78.488397,PICHINCHA,QUITO,QUITO,URBANA,2017-07-24,18:48:00,18,LUNES,1,JULIO,7,NO,"CONDUCIR DESATENTO A LAS CONDICIONES DE TRANSITO (CELULAR, PANTALLAS DE VIDEO, COMIDA, MAQUILLAJE O CUALQUIER OTRO ELEMENTO DISTRACTOR).",COLISION,AUTOMOVIL,2,0,0,0,0,0,0,0,0,0,0,0,1,3,28,HOMBRE,ILESO,CONDUCTOR PRESENTE,NO,NO,0
5290,16248,16249,2017,1,0,-0.191729,-78.493359,PICHINCHA,QUITO,QUITO,URBANA,2017-07-24,21:10:00,21,LUNES,1,JULIO,7,NO,"NO RESPETAR LAS SENIALES REGLAMENTARIAS DE TRANSITO. (PARE, CEDA EL PASO, LUZ ROJA DEL SEMAFORO, ETC).",CHOQUE LATERAL,MOTOCICLETA,1,0,0,0,0,0,0,0,1,0,0,0,0,2,25,HOMBRE,LESIONADO,CONDUCTOR PRESENTE,NO,NO,0
5291,16251,16252,2017,0,0,-0.184352,-78.480789,PICHINCHA,QUITO,QUITO,URBANA,2017-07-24,22:45:00,22,LUNES,1,JULIO,7,NO,"CONDUCIR DESATENTO A LAS CONDICIONES DE TRANSITO (CELULAR, PANTALLAS DE VIDEO, COMIDA, MAQUILLAJE O CUALQUIER OTRO ELEMENTO DISTRACTOR).",ESTRELLAMIENTOS,AUTOMOVIL,1,0,0,0,0,0,0,0,0,0,0,0,0,1,28,HOMBRE,ILESO,CONDUCTOR PRESENTE,NO,NO,0
5292,16252,16253,2017,0,0,-0.243922,-78.539909,PICHINCHA,QUITO,QUITO,URBANA,2017-07-24,23:30:00,23,LUNES,1,JULIO,7,NO,"CONDUCIR DESATENTO A LAS CONDICIONES DE TRANSITO (CELULAR, PANTALLAS DE VIDEO, COMIDA, MAQUILLAJE O CUALQUIER OTRO ELEMENTO DISTRACTOR).",ESTRELLAMIENTOS,AUTOMOVIL,1,0,0,0,0,0,0,0,0,0,0,0,0,1,-1,NO IDENTIFICADO,NO IDENTIFICADO,CONDUCTOR AUSENTE,NO,NO,2
5293,16277,16278,2017,1,0,0.045776,-78.211751,PICHINCHA,PEDRO MONCAYO,TABACUNDO,URBANA,2017-07-25,05:35:00,5,MARTES,2,JULIO,7,NO,REALIZAR CAMBIO BRUSCO O INDEBIDO DE CARRIL.,CHOQUE FRONTAL,BUS,1,0,1,0,0,0,0,0,0,0,0,0,0,2,25,HOMBRE,LESIONADO,CONDUCTOR PRESENTE,NO,NO,0
5294,16280,16281,2017,2,0,-0.243628,-78.485199,PICHINCHA,QUITO,QUITO,URBANA,2017-07-25,06:50:00,6,MARTES,2,JULIO,7,NO,NO TRANSITAR POR LAS ACERAS O ZONAS DE SEGURIDAD DESTINADAS PARA EL EFECTO.,ATROPELLOS,MOTOCICLETA,0,0,0,0,0,0,0,0,1,0,0,0,0,1,41,HOMBRE,LESIONADO,PEATON,NO,NO,0
5295,16282,16283,2017,1,0,-0.112004,-78.514327,PICHINCHA,QUITO,QUITO,RURAL,2017-07-25,07:00:00,7,MARTES,2,JULIO,7,NO,NO TRANSITAR POR LAS ACERAS O ZONAS DE SEGURIDAD DESTINADAS PARA EL EFECTO.,ATROPELLOS,AUTOMOVIL,1,0,0,0,0,0,0,0,0,0,0,0,0,1,59,HOMBRE,LESIONADO,PEATON,NO,NO,3
5296,16284,16285,2017,0,0,-0.161461,-78.487356,PICHINCHA,QUITO,QUITO,URBANA,2017-07-25,07:45:00,7,MARTES,2,JULIO,7,NO,"NO RESPETAR LAS SENIALES REGLAMENTARIAS DE TRANSITO. (PARE, CEDA EL PASO, LUZ ROJA DEL SEMAFORO, ETC).",CHOQUE LATERAL,VEHICULO DEPORTIVO UTILITARIO,0,0,0,0,0,0,0,0,0,0,0,0,2,2,25,MUJER,ILESO,CONDUCTOR PRESENTE,NO,NO,0
5297,16288,16289,2017,1,0,-0.152193,-78.464571,PICHINCHA,QUITO,QUITO,URBANA,2017-07-25,08:10:00,8,MARTES,2,JULIO,7,NO,REALIZAR CAMBIO BRUSCO O INDEBIDO DE CARRIL.,PERDIDA DE PISTA,AUTOMOVIL,1,0,0,0,0,0,0,0,0,0,0,0,0,1,25,MUJER,LESIONADO,CONDUCTOR PRESENTE,NO,NO,0
5298,16289,16290,2017,0,0,-0.112004,-78.514327,PICHINCHA,QUITO,QUITO,URBANA,2017-07-25,08:10:00,8,MARTES,2,JULIO,7,NO,"CONDUCIR DESATENTO A LAS CONDICIONES DE TRANSITO (CELULAR, PANTALLAS DE VIDEO, COMIDA, MAQUILLAJE O CUALQUIER OTRO ELEMENTO DISTRACTOR).",PERDIDA DE PISTA,BUS,0,0,1,0,0,0,0,0,0,0,0,0,0,1,22,HOMBRE,ILESO,CONDUCTOR PRESENTE,NO,NO,0
5299,16292,16293,2017,0,0,-0.175711,-78.485621,PICHINCHA,QUITO,QUITO,URBANA,2017-07-25,08:54:00,8,MARTES,2,JULIO,7,NO,NO MANTENER LA DISTANCIA PRUDENCIAL CON RESPECTO AL VEHICULO QUE LE ANTECEDE.,CHOQUE POSTERIOR,AUTOMOVIL,2,0,0,0,0,0,0,0,0,0,0,0,0,2,48,HOMBRE,ILESO,CONDUCTOR PRESENTE,NO,NO,0
5300,16294,16295,2017,1,0,-0.283806,-78.560044,PICHINCHA,QUITO,QUITO,URBANA,2017-07-25,09:20:00,9,MARTES,2,JULIO,7,NO,"NO RESPETAR LAS SENIALES REGLAMENTARIAS DE TRANSITO. (PARE, CEDA EL PASO, LUZ ROJA DEL SEMAFORO, ETC).",CHOQUE LATERAL,AUTOMOVIL,2,0,0,0,0,0,0,0,0,0,0,0,0,2,39,MUJER,LESIONADO,PASAJERO,NO,NO,0
5301,16295,16296,2017,0,0,-0.188466,-78.499692,PICHINCHA,QUITO,QUITO,URBANA,2017-07-25,09:38:00,9,MARTES,2,JULIO,7,NO,NO CEDER EL DERECHO DE VIA O PREFERENCIA DE PASO A VEHICULOS.,CHOQUE LATERAL,AUTOMOVIL,1,0,0,0,0,0,0,0,0,0,0,0,1,2,22,HOMBRE,ILESO,CONDUCTOR PRESENTE,NO,NO,0
5302,16296,16297,2017,0,0,-0.171593,-78.484949,PICHINCHA,QUITO,QUITO,URBANA,2017-07-25,10:39:00,10,MARTES,2,JULIO,7,NO,NO GUARDAR LA DISTANCIA LATERAL MINIMA DE SEGURIDAD ENTRE VEHICULOS.,ROZAMIENTOS,CAMIONETA,0,0,0,0,1,0,0,0,0,0,0,0,1,2,29,HOMBRE,ILESO,CONDUCTOR PRESENTE,NO,NO,0
5303,16297,16298,2017,1,0,-0.175517,-78.488397,PICHINCHA,QUITO,QUITO,URBANA,2017-07-25,11:05:00,11,MARTES,2,JULIO,7,NO,REALIZAR CAMBIO BRUSCO O INDEBIDO DE CARRIL.,ESTRELLAMIENTOS,AUTOMOVIL,1,0,0,0,0,0,0,0,0,0,0,0,0,1,26,HOMBRE,LESIONADO,CONDUCTOR PRESENTE,NO,NO,0
5304,16299,16300,2017,1,0,-0.201341,-78.495726,PICHINCHA,QUITO,QUITO,URBANA,2017-07-25,12:00:00,12,MARTES,2,JULIO,7,NO,NO CEDER EL DERECHO DE VIA O PREFERENCIA DE PASO AL PEATON.,ATROPELLOS,NO IDENTIFICADO,0,0,0,0,0,0,0,0,0,1,0,0,0,1,45,MUJER,LESIONADO,PEATON,NO,NO,0
5305,16301,16302,2017,0,0,-0.112004,-78.514327,PICHINCHA,QUITO,QUITO,URBANA,2017-07-25,13:25:00,13,MARTES,2,JULIO,7,NO,CONDUCIR VEHICULO SUPERANDO LOS LIMITES MAXIMOS DE VELOCIDAD.,PERDIDA DE PISTA,CAMION,0,0,0,1,0,0,0,0,0,0,0,0,0,1,-1,NO IDENTIFICADO,NO IDENTIFICADO,CONDUCTOR AUSENTE,NO,NO,2
5306,16303,16304,2017,1,0,-0.274514,-78.526805,PICHINCHA,QUITO,QUITO,URBANA,2017-07-25,13:30:00,13,MARTES,2,JULIO,7,NO,NO CEDER EL DERECHO DE VIA O PREFERENCIA DE PASO AL PEATON.,ATROPELLOS,BUS,0,0,1,0,0,0,0,0,0,0,0,0,0,1,33,MUJER,LESIONADO,PEATON,NO,NO,0
5307,16304,16305,2017,0,0,-0.269951,-78.528064,PICHINCHA,QUITO,QUITO,URBANA,2017-07-25,13:40:00,13,MARTES,2,JULIO,7,NO,NO MANTENER LA DISTANCIA PRUDENCIAL CON RESPECTO AL VEHICULO QUE LE ANTECEDE.,CHOQUE POSTERIOR,BUS,1,0,1,0,0,0,0,0,0,0,0,0,0,2,37,HOMBRE,ILESO,CONDUCTOR PRESENTE,NO,NO,0
5308,16305,16306,2017,1,0,-0.278454,-78.552583,PICHINCHA,QUITO,QUITO,URBANA,2017-07-25,13:50:00,13,MARTES,2,JULIO,7,NO,BAJARSE O SUBIRSE DE VEHICULOS EN MOVIMIENTO SIN TOMAR LAS PRECAUCIONES DEBIDAS.,CAIDA DE PASAJERO,NO IDENTIFICADO,0,0,0,0,0,0,0,0,0,1,0,0,0,1,74,HOMBRE,LESIONADO,PASAJERO,NO,NO,0
5309,16310,16311,2017,1,0,-0.221176,-78.520687,PICHINCHA,QUITO,QUITO,URBANA,2017-07-25,15:10:00,15,MARTES,2,JULIO,7,NO,NO CEDER EL DERECHO DE VIA O PREFERENCIA DE PASO AL PEATON.,ATROPELLOS,NO IDENTIFICADO,0,0,0,0,0,0,0,0,0,1,0,0,0,1,29,HOMBRE,LESIONADO,PEATON,NO,NO,0
5310,16312,16313,2017,0,0,-0.214851,-78.406372,PICHINCHA,QUITO,TUMBACO,RURAL,2017-07-25,15:45:00,15,MARTES,2,JULIO,7,NO,"CONDUCIR DESATENTO A LAS CONDICIONES DE TRANSITO (CELULAR, PANTALLAS DE VIDEO, COMIDA, MAQUILLAJE O CUALQUIER OTRO ELEMENTO DISTRACTOR).",CHOQUE POSTERIOR,CAMIONETA,1,0,0,0,1,0,0,0,0,0,0,0,0,2,60,HOMBRE,ILESO,CONDUCTOR PRESENTE,NO,NO,3
5311,16314,16315,2017,0,0,-0.199767,-78.428809,PICHINCHA,QUITO,CUMBAYA,RURAL,2017-07-25,16:10:00,16,MARTES,2,JULIO,7,NO,NO CEDER EL DERECHO DE VIA O PREFERENCIA DE PASO A VEHICULOS.,CHOQUE LATERAL,AUTOMOVIL,1,0,0,1,0,0,0,0,0,0,0,0,0,2,80,HOMBRE,ILESO,CONDUCTOR PRESENTE,NO,NO,3
5312,16316,16317,2017,1,0,-0.279161,-78.542889,PICHINCHA,QUITO,QUITO,URBANA,2017-07-25,17:20:00,17,MARTES,2,JULIO,7,NO,"CONDUCE BAJO LA INFLUENCIA DE ALCOHOL, SUSTANCIAS ESTUPEFACIENTES O PSICOTROPICAS Y/O MEDICAMENTOS.",ATROPELLOS,CAMIONETA,0,0,0,0,1,0,0,0,0,0,0,0,0,1,28,MUJER,LESIONADO,PEATON,NO,NO,0
5313,16321,16322,2017,1,0,-0.128693,-78.471214,PICHINCHA,QUITO,QUITO,URBANA,2017-07-25,19:06:00,19,MARTES,2,JULIO,7,NO,NO TRANSITAR POR LAS ACERAS O ZONAS DE SEGURIDAD DESTINADAS PARA EL EFECTO.,ATROPELLOS,NO IDENTIFICADO,0,0,0,0,0,0,0,0,0,1,0,0,0,1,18,HOMBRE,LESIONADO,PEATON,NO,NO,0