,Unnamed: 0,ID,ANIO,LESIONADOS,FALLECIDOS,LATITUD_Y,LONGITUD_X,PROVINCIA,CANTON,PARROQUIA,ZONA,FECHA,HORA,PERIODO_2,DIA_1,DIA_2,MES_1,MES_2,FERIADO,CAUSA_PROBABLE,TIPO_DE_SINIESTRO,TIPO_DE_VEHICULO_1,AUTOMOVIL,BICICLETA,BUS,CAMION,CAMIONETA,EMERGENCIAS,ESPECIAL,FURGONETA,MOTOCICLETA,NO_IDENTIFICADO,SCOOTER_ELECTRICO,TRICIMOTO,VEHICULO_DEPORTIVO_UTILITARIO,SUMA_DE_VEHICULOS,EDAD_1,SEXO_1,CONDICION_1,PARTICIPANTE_1,CASCO_1,CINTURON_1,KMeans_Cluster
5374,16489,16490,2017,1,0,-0.293001,-78.486516,PICHINCHA,QUITO,CONOCOTO,RURAL,2017-07-28,09:10:00,9,VIERNES,5,JULIO,7,NO,"CONDUCE BAJO LA INFLUENCIA DE ALCOHOL, SUSTANCIAS ESTUPEFACIENTES O PSICOTROPICAS Y/O MEDICAMENTOS.",ESTRELLAMIENTOS,MOTOCICLETA,0,0,0,0,0,0,1,0,1,0,0,0,0,2,19,HOMBRE,LESIONADO,CONDUCTOR PRESENTE,NO,NO,3
5375,16493,16494,2017,1,0,-0.252369,-78.531939,PICHINCHA,QUITO,QUITO,URBANA,2017-07-28,10:35:00,10,VIERNES,5,JULIO,7,NO,"NO RESPETAR LAS SENIALES REGLAMENTARIAS DE TRANSITO. (PARE, CEDA EL PASO, LUZ ROJA DEL SEMAFORO, ETC).",CHOQUE LATERAL,BUS,0,0,1,0,0,0,0,0,1,0,0,0,0,2,30,HOMBRE,LESIONADO,CONDUCTOR PRESENTE,NO,NO,0
5376,16494,16495,2017,0,0,-0.319741,-78.549451,PICHINCHA,QUITO,QUITO,URBANA,2017-07-28,10:45:00,10,VIERNES,5,JULIO,7,NO,"CONDUCE BAJO LA INFLUENCIA DE ALCOHOL, SUSTANCIAS ESTUPEFACIENTES O PSICOTROPICAS Y/O MEDICAMENTOS.",ESTRELLAMIENTOS,CAMIONETA,0,0,0,0,1,0,0,0,0,0,0,0,0,1,25,HOMBRE,ILESO,CONDUCTOR PRESENTE,NO,NO,0
5377,16495,16496,2017,0,0,-0.292005,-78.476511,PICHINCHA,QUITO,CONOCOTO,RURAL,2017-07-28,11:15:00,11,VIERNES,5,JULIO,7,NO,NO CEDER EL DERECHO DE VIA O PREFERENCIA DE PASO A VEHICULOS.,CHOQUE LATERAL,AUTOMOVIL,1,0,0,0,0,0,0,1,0,0,0,0,0,2,31,MUJER,ILESO,CONDUCTOR PRESENTE,NO,NO,3
5378,16497,16498,2017,1,0,-0.240991,-78.531973,PICHINCHA,QUITO,QUITO,URBANA,2017-07-28,14:00:00,14,VIERNES,5,JULIO,7,NO,"CONDUCIR DESATENTO A LAS CONDICIONES DE TRANSITO (CELULAR, PANTALLAS DE VIDEO, COMIDA, MAQUILLAJE O CUALQUIER OTRO ELEMENTO DISTRACTOR).",ESTRELLAMIENTOS,AUTOMOVIL,1,0,0,0,0,0,0,0,0,0,0,0,0,1,33,MUJER,LESIONADO,PASAJERO,NO,NO,0
5379,16498,16499,2017,0,1,-0.290948,-78.474697,PICHINCHA,QUITO,CONOCOTO,URBANA,2017-07-28,14:10:00,14,VIERNES,5,JULIO,7,NO,NO CEDER EL DERECHO DE VIA O PREFERENCIA DE PASO AL PEATON.,ATROPELLOS,NO IDENTIFICADO,0,0,0,0,0,0,0,0,0,1,0,0,0,1,1,MUJER,FALLECIDO,PEATON,NO,NO,0
5380,16499,16500,2017,0,0,-0.206931,-78.425899,PICHINCHA,QUITO,CUMBAYA,RURAL,2017-07-28,14:10:00,14,VIERNES,5,JULIO,7,NO,"CONDUCIR DESATENTO A LAS CONDICIONES DE TRANSITO (CELULAR, PANTALLAS DE VIDEO, COMIDA, MAQUILLAJE O CUALQUIER OTRO ELEMENTO DISTRACTOR).",ESTRELLAMIENTOS,VEHICULO DEPORTIVO UTILITARIO,0,0,0,0,0,0,0,0,0,0,0,0,1,1,59,MUJER,ILESO,CONDUCTOR PRESENTE,NO,NO,3
5381,16500,16501,2017,0,0,-0.148511,-78.477445,PICHINCHA,QUITO,QUITO,URBANA,2017-07-28,14:27:00,14,VIERNES,5,JULIO,7,NO,"CONDUCE BAJO LA INFLUENCIA DE ALCOHOL, SUSTANCIAS ESTUPEFACIENTES O PSICOTROPICAS Y/O MEDICAMENTOS.",COLISION,VEHICULO DEPORTIVO UTILITARIO,1,0,0,0,0,0,0,0,0,1,0,0,1,3,39,HOMBRE,ILESO,CONDUCTOR PRESENTE,NO,NO,0
5382,16502,16503,2017,0,0,-0.099083,-78.421844,PICHINCHA,QUITO,CALDERON (CARAPUNGO),RURAL,2017-07-28,15:10:00,15,VIERNES,5,JULIO,7,NO,NO MANTENER LA DISTANCIA PRUDENCIAL CON RESPECTO AL VEHICULO QUE LE ANTECEDE.,CHOQUE POSTERIOR,MOTOCICLETA,0,0,0,0,0,0,0,0,1,1,0,0,0,2,20,HOMBRE,ILESO,CONDUCTOR PRESENTE,NO,NO,3
5383,16503,16504,2017,0,0,-0.204592,-78.455985,PICHINCHA,QUITO,QUITO,URBANA,2017-07-28,15:55:00,15,VIERNES,5,JULIO,7,NO,NO MANTENER LA DISTANCIA PRUDENCIAL CON RESPECTO AL VEHICULO QUE LE ANTECEDE.,COLISION,CAMIONETA,1,0,0,2,1,0,0,0,0,0,0,0,0,4,34,HOMBRE,ILESO,CONDUCTOR PRESENTE,NO,NO,0
5384,16505,16506,2017,0,0,0.047861,-78.221916,PICHINCHA,PEDRO MONCAYO,TABACUNDO,URBANA,2017-07-28,16:10:00,16,VIERNES,5,JULIO,7,NO,"NO RESPETAR LAS SENIALES REGLAMENTARIAS DE TRANSITO. (PARE, CEDA EL PASO, LUZ ROJA DEL SEMAFORO, ETC).",CHOQUE POSTERIOR,AUTOMOVIL,2,0,0,0,0,0,0,0,0,0,0,0,0,2,-1,HOMBRE,ILESO,CONDUCTOR PRESENTE,NO,NO,0
5385,16510,16511,2017,0,0,-0.215509,-78.404781,PICHINCHA,QUITO,TUMBACO,RURAL,2017-07-28,18:20:00,18,VIERNES,5,JULIO,7,NO,NO MANTENER LA DISTANCIA PRUDENCIAL CON RESPECTO AL VEHICULO QUE LE ANTECEDE.,ROZAMIENTOS,AUTOMOVIL,1,0,0,0,0,0,0,0,0,0,0,0,1,2,29,HOMBRE,ILESO,CONDUCTOR PRESENTE,NO,NO,3
5386,16511,16512,2017,0,0,-0.378933,-78.552326,PICHINCHA,MEJIA,CUTUGLAHUA,RURAL,2017-07-28,18:45:00,18,VIERNES,5,JULIO,7,NO,"CONDUCE BAJO LA INFLUENCIA DE ALCOHOL, SUSTANCIAS ESTUPEFACIENTES O PSICOTROPICAS Y/O MEDICAMENTOS.",COLISION,CAMION,0,0,1,2,0,0,0,0,0,0,0,0,0,3,41,HOMBRE,ILESO,CONDUCTOR PRESENTE,NO,NO,3
5387,16512,16513,2017,0,0,-0.292812,-78.542352,PICHINCHA,QUITO,QUITO,URBANA,2017-07-28,19:00:00,19,VIERNES,5,JULIO,7,NO,NO CEDER EL DERECHO DE VIA O PREFERENCIA DE PASO A VEHICULOS.,CHOQUE LATERAL,AUTOMOVIL,2,0,0,0,0,0,0,1,0,0,0,0,0,3,31,MUJER,ILESO,CONDUCTOR PRESENTE,NO,NO,0
5388,16513,16514,2017,1,0,-0.240731,-78.511859,PICHINCHA,QUITO,QUITO,URBANA,2017-07-28,19:15:00,19,VIERNES,5,JULIO,7,NO,NO CEDER EL DERECHO DE VIA O PREFERENCIA DE PASO AL PEATON.,ATROPELLOS,BUS,0,0,1,0,0,0,0,0,0,0,0,0,0,1,58,HOMBRE,LESIONADO,PEATON,NO,NO,0
5389,16517,16518,2017,0,0,-0.180956,-78.490481,PICHINCHA,QUITO,QUITO,URBANA,2017-07-28,19:30:00,19,VIERNES,5,JULIO,7,NO,NO GUARDAR LA DISTANCIA LATERAL MINIMA DE SEGURIDAD ENTRE VEHICULOS.,ROZAMIENTOS,VEHICULO DEPORTIVO UTILITARIO,1,0,0,0,0,0,0,0,0,0,0,0,1,2,47,HOMBRE,ILESO,CONDUCTOR PRESENTE,NO,NO,0
5390,16519,16520,2017,0,0,-0.304106,-78.414589,PICHINCHA,QUITO,ALANGASI,RURAL,2017-07-28,20:00:00,20,VIERNES,5,JULIO,7,NO,NO MANTENER LA DISTANCIA PRUDENCIAL CON RESPECTO AL VEHICULO QUE LE ANTECEDE.,CHOQUE POSTERIOR,AUTOMOVIL,1,0,0,0,0,0,0,0,0,0,0,0,1,2,27,HOMBRE,ILESO,CONDUCTOR PRESENTE,NO,NO,3
5391,16520,16521,2017,0,0,0.089857,-78.152858,PICHINCHA,CAYAMBE,SAN JOSE DE AYORA,URBANA,2017-07-28,20:30:00,20,VIERNES,5,JULIO,7,NO,"CASO FORTUITO O FUERZA MAYOR (EXPLOSION DE NEUMATICO NUEVO, DERRUMBE, INUNDACION, CAIDA DE PUENTE, ARBOL, PRESENCIA INTEMPESTIVA E IMPREVISTA DE SEMOVIENTES EN LA VIA, ETC.).",OTROS,BUS,0,0,1,0,0,0,0,0,0,0,0,0,0,1,25,HOMBRE,ILESO,CONDUCTOR PRESENTE,NO,NO,0
5392,16521,16522,2017,0,0,-0.148497,-78.498391,PICHINCHA,QUITO,QUITO,URBANA,2017-07-28,20:49:00,20,VIERNES,5,JULIO,7,NO,"CONDUCE BAJO LA INFLUENCIA DE ALCOHOL, SUSTANCIAS ESTUPEFACIENTES O PSICOTROPICAS Y/O MEDICAMENTOS.",CHOQUE POSTERIOR,AUTOMOVIL,2,0,0,0,0,0,0,0,0,0,0,0,0,2,37,HOMBRE,ILESO,CONDUCTOR PRESENTE,NO,NO,0
5393,16526,16527,2017,1,0,-0.331642,-78.555122,PICHINCHA,QUITO,QUITO,URBANA,2017-07-28,21:45:00,21,VIERNES,5,JULIO,7,NO,"NO RESPETAR LAS SENIALES REGLAMENTARIAS DE TRANSITO. (PARE, CEDA EL PASO, LUZ ROJA DEL SEMAFORO, ETC).",ARROLLAMIENTOS,NO IDENTIFICADO,0,0,0,0,0,0,0,0,0,1,0,0,0,1,47,HOMBRE,LESIONADO,PEATON,NO,NO,0
5394,16527,16528,2017,0,0,-0.236127,-78.526454,PICHINCHA,QUITO,QUITO,URBANA,2017-07-28,21:50:00,21,VIERNES,5,JULIO,7,NO,"CONDUCIR DESATENTO A LAS CONDICIONES DE TRANSITO (CELULAR, PANTALLAS DE VIDEO, COMIDA, MAQUILLAJE O CUALQUIER OTRO ELEMENTO DISTRACTOR).",COLISION,AUTOMOVIL,2,0,0,0,0,0,0,0,0,0,0,0,1,3,36,HOMBRE,ILESO,CONDUCTOR PRESENTE,NO,NO,0
5395,16531,16532,2017,1,0,-0.272141,-78.257501,PICHINCHA,QUITO,PIFO,URBANA,2017-07-28,22:30:00,22,VIERNES,5,JULIO,7,NO,CONDUCIR VEHICULO SUPERANDO LOS LIMITES MAXIMOS DE VELOCIDAD.,PERDIDA DE PISTA,CAMIONETA,0,0,0,0,1,0,0,0,0,0,0,0,0,1,37,HOMBRE,LESIONADO,CONDUCTOR PRESENTE,NO,NO,0
5396,16532,16533,2017,2,0,0.127671,-78.188852,PICHINCHA,PEDRO MONCAYO,TUPIGACHI,URBANA,2017-07-28,22:40:00,22,VIERNES,5,JULIO,7,NO,"CONDUCE BAJO LA INFLUENCIA DE ALCOHOL, SUSTANCIAS ESTUPEFACIENTES O PSICOTROPICAS Y/O MEDICAMENTOS.",ATROPELLOS,MOTOCICLETA,0,0,0,0,0,0,0,0,1,0,0,0,0,1,24,HOMBRE,LESIONADO,PEATON,NO,NO,0
5397,16561,16562,2017,0,0,-0.144229,-78.469533,PICHINCHA,QUITO,QUITO,URBANA,2017-07-29,02:00:00,2,SABADO,6,JULIO,7,NO,"NO RESPETAR LAS SENIALES REGLAMENTARIAS DE TRANSITO. (PARE, CEDA EL PASO, LUZ ROJA DEL SEMAFORO, ETC).",CHOQUE LATERAL,AUTOMOVIL,2,0,0,0,0,0,0,0,0,0,0,0,0,2,67,HOMBRE,ILESO,CONDUCTOR PRESENTE,NO,NO,0
5398,16562,16563,2017,1,0,-0.164319,-78.483607,PICHINCHA,QUITO,QUITO,URBANA,2017-07-29,02:10:00,2,SABADO,6,JULIO,7,NO,NO MANTENER LA DISTANCIA PRUDENCIAL CON RESPECTO AL VEHICULO QUE LE ANTECEDE.,CHOQUE POSTERIOR,MOTOCICLETA,0,0,0,0,0,0,0,0,1,1,0,0,0,2,23,HOMBRE,LESIONADO,CONDUCTOR PRESENTE,NO,NO,0
5399,16564,16565,2017,0,0,-0.204569,-78.495231,PICHINCHA,QUITO,QUITO,URBANA,2017-07-29,02:40:00,2,SABADO,6,JULIO,7,NO,"NO RESPETAR LAS SENIALES REGLAMENTARIAS DE TRANSITO. (PARE, CEDA EL PASO, LUZ ROJA DEL SEMAFORO, ETC).",ESTRELLAMIENTOS,AUTOMOVIL,1,0,0,0,0,0,0,0,0,0,0,0,1,2,52,HOMBRE,ILESO,CONDUCTOR PRESENTE,NO,NO,0
5400,16565,16566,2017,3,0,-0.161241,-78.495668,PICHINCHA,QUITO,QUITO,URBANA,2017-07-29,03:10:00,3,SABADO,6,JULIO,7,NO,NO MANTENER LA DISTANCIA PRUDENCIAL CON RESPECTO AL VEHICULO QUE LE ANTECEDE.,CHOQUE POSTERIOR,MOTOCICLETA,0,0,0,0,0,0,0,0,1,1,0,0,0,2,31,HOMBRE,LESIONADO,CONDUCTOR PRESENTE,NO,NO,0
5401,16566,16567,2017,1,0,-0.289109,-78.466322,PICHINCHA,QUITO,CONOCOTO,URBANA,2017-07-29,03:30:00,3,SABADO,6,JULIO,7,NO,CONDUCIR VEHICULO SUPERANDO LOS LIMITES MAXIMOS DE VELOCIDAD.,PERDIDA DE PISTA,AUTOMOVIL,1,0,0,0,0,0,0,0,0,0,0,0,0,1,24,HOMBRE,LESIONADO,CONDUCTOR PRESENTE,NO,NO,0
5402,16567,16568,2017,2,0,-0.312504,-78.945753,PICHINCHA,MEJIA,MANUEL CORNEJO ASTORGA,RURAL,2017-07-29,03:45:00,3,SABADO,6,JULIO,7,NO,NO GUARDAR LA DISTANCIA LATERAL MINIMA DE SEGURIDAD ENTRE VEHICULOS.,CHOQUE LATERAL,AUTOMOVIL,1,0,0,1,0,0,0,0,0,0,0,0,0,2,35,MUJER,LESIONADO,CONDUCTOR PRESENTE,NO,NO,3
5403,16568,16569,2017,0,0,-0.098486,-78.483236,PICHINCHA,QUITO,QUITO,URBANA,2017-07-29,04:00:00,4,SABADO,6,JULIO,7,NO,"CONDUCIR EN ESTADO DE SOMNOLENCIA O MALAS CONDICIONES FISICAS (SUENIO, CANSANCIO Y FATIGA).",PERDIDA DE PISTA,CAMIONETA,0,0,0,0,1,0,0,0,0,0,0,0,0,1,-1,NO IDENTIFICADO,NO IDENTIFICADO,CONDUCTOR AUSENTE,NO,NO,2
5404,16569,16570,2017,0,0,-0.057921,-78.455615,PICHINCHA,QUITO,POMASQUI,URBANA,2017-07-29,04:15:00,4,SABADO,6,JULIO,7,NO,"CONDUCIR DESATENTO A LAS CONDICIONES DE TRANSITO (CELULAR, PANTALLAS DE VIDEO, COMIDA, MAQUILLAJE O CUALQUIER OTRO ELEMENTO DISTRACTOR).",CHOQUE POSTERIOR,AUTOMOVIL,1,0,0,0,0,0,0,0,0,0,0,0,0,1,-1,NO IDENTIFICADO,NO IDENTIFICADO,CONDUCTOR AUSENTE,NO,NO,2
5405,16571,16572,2017,2,0,-0.295476,-78.555093,PICHINCHA,QUITO,QUITO,URBANA,2017-07-29,04:45:00,4,SABADO,6,JULIO,7,NO,"NO RESPETAR LAS SENIALES REGLAMENTARIAS DE TRANSITO. (PARE, CEDA EL PASO, LUZ ROJA DEL SEMAFORO, ETC).",CHOQUE LATERAL,AUTOMOVIL,2,0,0,0,0,0,0,0,0,0,0,0,0,2,57,HOMBRE,LESIONADO,CONDUCTOR PRESENTE,NO,NO,0
5406,16574,16575,2017,0,0,-0.164319,-78.483607,PICHINCHA,QUITO,QUITO,URBANA,2017-07-29,06:00:00,6,SABADO,6,JULIO,7,NO,NO MANTENER LA DISTANCIA PRUDENCIAL CON RESPECTO AL VEHICULO QUE LE ANTECEDE.,CHOQUE POSTERIOR,AUTOMOVIL,1,0,0,0,0,0,0,0,0,0,0,0,1,2,39,HOMBRE,ILESO,CONDUCTOR PRESENTE,NO,NO,0
5407,16575,16576,2017,0,0,-0.251462,-78.444403,PICHINCHA,QUITO,GUANGOPOLO,URBANA,2017-07-29,06:50:00,6,SABADO,6,JULIO,7,NO,CONDUCIR VEHICULO SUPERANDO LOS LIMITES MAXIMOS DE VELOCIDAD.,PERDIDA DE PISTA,AUTOMOVIL,1,0,0,0,0,0,0,0,0,0,0,0,0,1,44,HOMBRE,ILESO,CONDUCTOR PRESENTE,NO,NO,0
5408,16576,16577,2017,1,0,-0.175149,-78.487453,PICHINCHA,QUITO,QUITO,URBANA,2017-07-29,08:10:00,8,SABADO,6,JULIO,7,NO,"NO RESPETAR LAS SENIALES REGLAMENTARIAS DE TRANSITO. (PARE, CEDA EL PASO, LUZ ROJA DEL SEMAFORO, ETC).",CHOQUE LATERAL,MOTOCICLETA,0,0,0,0,0,0,0,0,1,1,0,0,0,2,35,HOMBRE,LESIONADO,CONDUCTOR PRESENTE,NO,NO,0
5409,16579,16580,2017,1,0,-0.262075,-78.537374,PICHINCHA,QUITO,QUITO,URBANA,2017-07-29,09:15:00,9,SABADO,6,JULIO,7,NO,NO CEDER EL DERECHO DE VIA O PREFERENCIA DE PASO AL PEATON.,ATROPELLOS,NO IDENTIFICADO,0,0,0,0,0,0,0,0,0,1,0,0,0,1,78,HOMBRE,LESIONADO,PEATON,NO,NO,0
5410,16580,16581,2017,0,0,-0.223501,-78.515777,PICHINCHA,QUITO,QUITO,URBANA,2017-07-29,09:40:00,9,SABADO,6,JULIO,7,NO,"NO RESPETAR LAS SENIALES REGLAMENTARIAS DE TRANSITO. (PARE, CEDA EL PASO, LUZ ROJA DEL SEMAFORO, ETC).",CHOQUE LATERAL,AUTOMOVIL,2,0,0,0,0,0,0,0,0,0,0,0,0,2,67,HOMBRE,ILESO,CONDUCTOR PRESENTE,NO,NO,0
5411,16583,16584,2017,0,0,-0.093565,-78.479751,PICHINCHA,QUITO,QUITO,URBANA,2017-07-29,10:05:00,10,SABADO,6,JULIO,7,NO,NO MANTENER LA DISTANCIA PRUDENCIAL CON RESPECTO AL VEHICULO QUE LE ANTECEDE.,CHOQUE POSTERIOR,VEHICULO DEPORTIVO UTILITARIO,0,0,0,0,0,0,0,1,0,0,0,0,1,2,45,MUJER,ILESO,CONDUCTOR PRESENTE,NO,NO,0
5412,16586,16587,2017,0,0,-0.237657,-78.509228,PICHINCHA,QUITO,QUITO,URBANA,2017-07-29,10:30:00,10,SABADO,6,JULIO,7,NO,NO CEDER EL DERECHO DE VIA O PREFERENCIA DE PASO A VEHICULOS.,CHOQUE LATERAL,MOTOCICLETA,0,0,0,0,0,0,0,0,1,1,0,0,0,2,32,HOMBRE,ILESO,CONDUCTOR PRESENTE,NO,NO,0
5413,16589,16590,2017,1,0,-0.268728,-78.528474,PICHINCHA,QUITO,QUITO,URBANA,2017-07-29,12:50:00,12,SABADO,6,JULIO,7,NO,NO CEDER EL DERECHO DE VIA O PREFERENCIA DE PASO AL PEATON.,ATROPELLOS,AUTOMOVIL,1,0,0,0,0,0,0,0,0,0,0,0,0,1,7,MUJER,LESIONADO,PEATON,NO,NO,0
5414,16590,16591,2017,0,0,-0.192101,-78.488368,PICHINCHA,QUITO,QUITO,URBANA,2017-07-29,13:00:00,13,SABADO,6,JULIO,7,NO,NO CEDER EL DERECHO DE VIA O PREFERENCIA DE PASO A VEHICULOS.,CHOQUE LATERAL,AUTOMOVIL,2,0,0,0,0,0,0,0,0,0,0,0,0,2,47,HOMBRE,ILESO,CONDUCTOR PRESENTE,NO,NO,0
5415,16593,16594,2017,0,0,-0.098993,-78.478996,PICHINCHA,QUITO,QUITO,URBANA,2017-07-29,13:35:00,13,SABADO,6,JULIO,7,NO,NO MANTENER LA DISTANCIA PRUDENCIAL CON RESPECTO AL VEHICULO QUE LE ANTECEDE.,CHOQUE POSTERIOR,AUTOMOVIL,1,0,0,0,0,0,0,0,0,1,0,0,0,2,60,HOMBRE,ILESO,CONDUCTOR PRESENTE,NO,NO,0
5416,16594,16595,2017,1,0,-0.120611,-78.464099,PICHINCHA,QUITO,QUITO,URBANA,2017-07-29,14:00:00,14,SABADO,6,JULIO,7,NO,NO GUARDAR LA DISTANCIA LATERAL MINIMA DE SEGURIDAD ENTRE VEHICULOS.,ROZAMIENTOS,MOTOCICLETA,0,0,0,0,0,0,0,0,1,1,0,0,0,2,16,MUJER,LESIONADO,PASAJERO,NO,NO,0
5417,16595,16596,2017,1,0,-0.222591,-78.350693,PICHINCHA,QUITO,PIFO,RURAL,2017-07-29,15:00:00,15,SABADO,6,JULIO,7,NO,NO TRANSITAR POR LAS ACERAS O ZONAS DE SEGURIDAD DESTINADAS PARA EL EFECTO.,ATROPELLOS,VEHICULO DEPORTIVO UTILITARIO,0,0,0,0,0,0,0,0,0,0,0,0,1,1,4,HOMBRE,LESIONADO,PEATON,NO,NO,3
5418,16596,16597,2017,0,0,-0.103201,-78.451547,PICHINCHA,QUITO,CALDERON (CARAPUNGO),RURAL,2017-07-29,15:20:00,15,SABADO,6,JULIO,7,NO,NO GUARDAR LA DISTANCIA LATERAL MINIMA DE SEGURIDAD ENTRE VEHICULOS.,ROZAMIENTOS,CAMIONETA,1,0,0,0,1,0,0,0,0,0,0,0,0,2,51,HOMBRE,ILESO,CONDUCTOR PRESENTE,NO,NO,3
5419,16597,16598,2017,0,0,-0.114496,-78.495885,PICHINCHA,QUITO,QUITO,URBANA,2017-07-29,15:30:00,15,SABADO,6,JULIO,7,NO,"CONDUCE BAJO LA INFLUENCIA DE ALCOHOL, SUSTANCIAS ESTUPEFACIENTES O PSICOTROPICAS Y/O MEDICAMENTOS.",CHOQUE LATERAL,AUTOMOVIL,2,0,0,0,0,0,0,0,0,0,0,0,0,2,47,HOMBRE,ILESO,CONDUCTOR PRESENTE,NO,NO,0
5420,16599,16600,2017,1,0,-0.082938,-78.508851,PICHINCHA,QUITO,QUITO,URBANA,2017-07-29,16:05:00,16,SABADO,6,JULIO,7,NO,"CONDUCIR DESATENTO A LAS CONDICIONES DE TRANSITO (CELULAR, PANTALLAS DE VIDEO, COMIDA, MAQUILLAJE O CUALQUIER OTRO ELEMENTO DISTRACTOR).",CAIDA DE PASAJERO,NO IDENTIFICADO,0,0,0,0,0,0,0,0,0,1,0,0,0,1,22,MUJER,LESIONADO,PASAJERO,NO,NO,0
5421,16600,16601,2017,0,0,-0.084163,-78.418921,PICHINCHA,QUITO,CALDERON (CARAPUNGO),RURAL,2017-07-29,16:25:00,16,SABADO,6,JULIO,7,NO,NO GUARDAR LA DISTANCIA LATERAL MINIMA DE SEGURIDAD ENTRE VEHICULOS.,ROZAMIENTOS,FURGONETA,1,0,0,0,0,0,0,1,0,0,0,0,0,2,34,MUJER,ILESO,CONDUCTOR PRESENTE,NO,NO,3
5422,16603,16604,2017,0,0,-0.000687,-78.453088,PICHINCHA,QUITO,SAN ANTONIO (QUITO),URBANA,2017-07-29,17:15:00,17,SABADO,6,JULIO,7,NO,"CONDUCE BAJO LA INFLUENCIA DE ALCOHOL, SUSTANCIAS ESTUPEFACIENTES O PSICOTROPICAS Y/O MEDICAMENTOS.",CHOQUE LATERAL,AUTOMOVIL,2,0,0,0,0,0,0,0,0,0,0,0,1,3,33,MUJER,ILESO,PASAJERO,NO,NO,0
5423,16607,16608,2017,1,0,-0.144672,-78.483282,PICHINCHA,QUITO,QUITO,URBANA,2017-07-29,17:55:00,17,SABADO,6,JULIO,7,NO,NO CEDER EL DERECHO DE VIA O PREFERENCIA DE PASO AL PEATON.,ATROPELLOS,NO IDENTIFICADO,0,0,0,0,0,0,0,0,0,1,0,0,0,1,37,HOMBRE,LESIONADO,PEATON,NO,NO,0
5424,16608,16609,2017,0,0,-0.234803,-78.529433,PICHINCHA,QUITO,QUITO,URBANA,2017-07-29,18:25:00,18,SABADO,6,JULIO,7,NO,"CONDUCE BAJO LA INFLUENCIA DE ALCOHOL, SUSTANCIAS ESTUPEFACIENTES O PSICOTROPICAS Y/O MEDICAMENTOS.",CHOQUE LATERAL,AUTOMOVIL,2,0,0,0,0,0,0,0,0,0,0,0,0,2,38,HOMBRE,ILESO,CONDUCTOR PRESENTE,NO,NO,0
5425,16609,16610,2017,1,0,-0.222034,-78.508205,PICHINCHA,QUITO,QUITO,URBANA,2017-07-29,19:10:00,19,SABADO,6,JULIO,7,NO,"NO RESPETAR LAS SENIALES REGLAMENTARIAS DE TRANSITO. (PARE, CEDA EL PASO, LUZ ROJA DEL SEMAFORO, ETC).",ATROPELLOS,NO IDENTIFICADO,0,0,0,0,0,0,0,0,0,1,0,0,0,1,55,HOMBRE,LESIONADO,PEATON,NO,NO,0
5426,16610,16611,2017,0,0,-0.206312,-78.505971,PICHINCHA,QUITO,QUITO,URBANA,2017-07-29,19:15:00,19,SABADO,6,JULIO,7,NO,"CONDUCIR DESATENTO A LAS CONDICIONES DE TRANSITO (CELULAR, PANTALLAS DE VIDEO, COMIDA, MAQUILLAJE O CUALQUIER OTRO ELEMENTO DISTRACTOR).",ESTRELLAMIENTOS,AUTOMOVIL,1,0,0,0,0,0,0,0,0,0,0,0,0,1,-1,NO IDENTIFICADO,NO IDENTIFICADO,CONDUCTOR AUSENTE,NO,NO,2
5427,16614,16615,2017,1,0,-0.308739,-78.413464,PICHINCHA,QUITO,ALANGASI,RURAL,2017-07-29,20:00:00,20,SABADO,6,JULIO,7,NO,BAJARSE O SUBIRSE DE VEHICULOS EN MOVIMIENTO SIN TOMAR LAS PRECAUCIONES DEBIDAS.,CAIDA DE PASAJERO,NO IDENTIFICADO,0,0,0,0,0,0,0,0,0,1,0,0,0,1,19,HOMBRE,LESIONADO,PASAJERO,NO,NO,3
5428,16616,16617,2017,1,0,-0.343421,-78.562592,PICHINCHA,QUITO,QUITO,URBANA,2017-07-29,21:00:00,21,SABADO,6,JULIO,7,NO,"CONDUCE BAJO LA INFLUENCIA DE ALCOHOL, SUSTANCIAS ESTUPEFACIENTES O PSICOTROPICAS Y/O MEDICAMENTOS.",ATROPELLOS,VEHICULO DEPORTIVO UTILITARIO,0,0,0,0,0,0,0,0,0,0,0,0,1,1,31,MUJER,LESIONADO,PEATON,NO,NO,0
5429,16618,16619,2017,1,0,-0.128839,-78.513591,PICHINCHA,QUITO,QUITO,URBANA,2017-07-29,21:40:00,21,SABADO,6,JULIO,7,NO,NO TRANSITAR POR LAS ACERAS O ZONAS DE SEGURIDAD DESTINADAS PARA EL EFECTO.,ATROPELLOS,NO IDENTIFICADO,0,0,0,0,0,0,0,0,0,1,0,0,0,1,22,MUJER,LESIONADO,PEATON,NO,NO,0
5430,16619,16620,2017,1,0,-0.314051,-78.550091,PICHINCHA,QUITO,QUITO,URBANA,2017-07-29,21:50:00,21,SABADO,6,JULIO,7,NO,CONDUCIR VEHICULO SUPERANDO LOS LIMITES MAXIMOS DE VELOCIDAD.,PERDIDA DE PISTA,NO IDENTIFICADO,0,0,0,0,0,0,0,0,0,1,0,0,0,1,18,HOMBRE,LESIONADO,CONDUCTOR PRESENTE,NO,NO,0