,Unnamed: 0,ID,ANIO,LESIONADOS,FALLECIDOS,LATITUD_Y,LONGITUD_X,PROVINCIA,CANTON,PARROQUIA,ZONA,FECHA,HORA,PERIODO_2,DIA_1,DIA_2,MES_1,MES_2,FERIADO,CAUSA_PROBABLE,TIPO_DE_SINIESTRO,TIPO_DE_VEHICULO_1,AUTOMOVIL,BICICLETA,BUS,CAMION,CAMIONETA,EMERGENCIAS,ESPECIAL,FURGONETA,MOTOCICLETA,NO_IDENTIFICADO,SCOOTER_ELECTRICO,TRICIMOTO,VEHICULO_DEPORTIVO_UTILITARIO,SUMA_DE_VEHICULOS,EDAD_1,SEXO_1,CONDICION_1,PARTICIPANTE_1,CASCO_1,CINTURON_1,KMeans_Cluster
5489,16849,16850,2017,1,0,-0.260613,-78.546297,PICHINCHA,QUITO,QUITO,URBANA,2017-08-01,15:58:00,15,MARTES,2,AGOSTO,8,NO,NO TRANSITAR POR LAS ACERAS O ZONAS DE SEGURIDAD DESTINADAS PARA EL EFECTO.,ATROPELLOS,MOTOCICLETA,0,0,0,0,0,0,0,0,1,0,0,0,0,1,36,HOMBRE,LESIONADO,PEATON,NO,NO,0
5490,16850,16851,2017,0,0,-0.166823,-78.479177,PICHINCHA,QUITO,QUITO,URBANA,2017-08-01,16:04:00,16,MARTES,2,AGOSTO,8,NO,NO GUARDAR LA DISTANCIA LATERAL MINIMA DE SEGURIDAD ENTRE VEHICULOS.,ROZAMIENTOS,MOTOCICLETA,0,0,0,0,0,0,0,0,1,1,0,0,0,2,29,HOMBRE,ILESO,CONDUCTOR PRESENTE,NO,NO,0
5491,16856,16857,2017,1,0,-0.295878,-78.556329,PICHINCHA,QUITO,QUITO,URBANA,2017-08-01,17:15:00,17,MARTES,2,AGOSTO,8,NO,NO CEDER EL DERECHO DE VIA O PREFERENCIA DE PASO A VEHICULOS.,CHOQUE LATERAL,AUTOMOVIL,1,1,0,0,0,0,0,0,0,0,0,0,0,2,24,HOMBRE,LESIONADO,CONDUCTOR PRESENTE,NO,NO,0
5492,16857,16858,2017,3,0,-0.262764,-78.537991,PICHINCHA,QUITO,QUITO,URBANA,2017-08-01,17:30:00,17,MARTES,2,AGOSTO,8,NO,"NO RESPETAR LAS SENIALES REGLAMENTARIAS DE TRANSITO. (PARE, CEDA EL PASO, LUZ ROJA DEL SEMAFORO, ETC).",CHOQUE LATERAL,CAMIONETA,1,0,0,0,1,0,0,0,0,0,0,0,0,2,33,HOMBRE,LESIONADO,CONDUCTOR PRESENTE,NO,NO,0
5493,16859,16860,2017,1,0,-0.169241,-78.476337,PICHINCHA,QUITO,QUITO,URBANA,2017-08-01,18:02:00,18,MARTES,2,AGOSTO,8,NO,NO MANTENER LA DISTANCIA PRUDENCIAL CON RESPECTO AL VEHICULO QUE LE ANTECEDE.,CHOQUE POSTERIOR,AUTOMOVIL,2,0,0,0,0,0,0,0,0,0,0,0,0,2,23,MUJER,LESIONADO,PASAJERO,NO,NO,0
5494,16861,16862,2017,1,0,-0.176888,-78.480953,PICHINCHA,QUITO,QUITO,URBANA,2017-08-01,18:20:00,18,MARTES,2,AGOSTO,8,NO,BAJARSE O SUBIRSE DE VEHICULOS EN MOVIMIENTO SIN TOMAR LAS PRECAUCIONES DEBIDAS.,CAIDA DE PASAJERO,BUS,0,0,1,0,0,0,0,0,0,0,0,0,0,1,52,MUJER,LESIONADO,PASAJERO,NO,NO,0
5495,16863,16864,2017,0,0,-0.169227,-78.484491,PICHINCHA,QUITO,QUITO,URBANA,2017-08-01,18:41:00,18,MARTES,2,AGOSTO,8,NO,NO GUARDAR LA DISTANCIA LATERAL MINIMA DE SEGURIDAD ENTRE VEHICULOS.,ROZAMIENTOS,AUTOMOVIL,1,0,0,0,0,0,0,0,0,0,0,0,1,2,29,HOMBRE,ILESO,CONDUCTOR PRESENTE,NO,NO,0
5496,16875,16876,2017,1,0,-0.286581,-78.549902,PICHINCHA,QUITO,QUITO,URBANA,2017-08-01,20:25:00,20,MARTES,2,AGOSTO,8,NO,BAJARSE O SUBIRSE DE VEHICULOS EN MOVIMIENTO SIN TOMAR LAS PRECAUCIONES DEBIDAS.,CAIDA DE PASAJERO,NO IDENTIFICADO,0,0,0,0,0,0,0,0,0,1,0,0,0,1,56,MUJER,LESIONADO,PASAJERO,NO,NO,0
5497,16879,16880,2017,0,1,-0.571518,-78.594092,PICHINCHA,MEJIA,ALOASI,RURAL,2017-08-01,21:45:00,21,MARTES,2,AGOSTO,8,NO,"CONDUCIR DESATENTO A LAS CONDICIONES DE TRANSITO (CELULAR, PANTALLAS DE VIDEO, COMIDA, MAQUILLAJE O CUALQUIER OTRO ELEMENTO DISTRACTOR).",ATROPELLOS,NO IDENTIFICADO,0,0,0,0,0,0,0,0,0,1,0,0,0,1,58,HOMBRE,FALLECIDO,PASAJERO,NO,NO,3
5498,16883,16884,2017,0,0,-0.208721,-78.495654,PICHINCHA,QUITO,QUITO,URBANA,2017-08-02,00:03:00,0,MIERCOLES,3,AGOSTO,8,NO,"CONDUCE BAJO LA INFLUENCIA DE ALCOHOL, SUSTANCIAS ESTUPEFACIENTES O PSICOTROPICAS Y/O MEDICAMENTOS.",CHOQUE LATERAL,AUTOMOVIL,1,0,0,0,1,0,0,0,0,0,0,0,0,2,21,HOMBRE,ILESO,CONDUCTOR PRESENTE,NO,NO,0
5499,16885,16886,2017,0,0,-0.267231,-78.486736,PICHINCHA,QUITO,CONOCOTO,URBANA,2017-08-02,02:00:00,2,MIERCOLES,3,AGOSTO,8,NO,"CONDUCIR DESATENTO A LAS CONDICIONES DE TRANSITO (CELULAR, PANTALLAS DE VIDEO, COMIDA, MAQUILLAJE O CUALQUIER OTRO ELEMENTO DISTRACTOR).",PERDIDA DE PISTA,AUTOMOVIL,1,0,0,0,0,0,0,0,0,0,0,0,0,1,-1,NO IDENTIFICADO,NO IDENTIFICADO,CONDUCTOR AUSENTE,NO,NO,2
5500,16886,16887,2017,0,0,-0.528933,-78.579879,PICHINCHA,MEJIA,MACHACHI,RURAL,2017-08-02,04:20:00,4,MIERCOLES,3,AGOSTO,8,NO,"CONDUCIR DESATENTO A LAS CONDICIONES DE TRANSITO (CELULAR, PANTALLAS DE VIDEO, COMIDA, MAQUILLAJE O CUALQUIER OTRO ELEMENTO DISTRACTOR).",ESTRELLAMIENTOS,CAMION,0,0,0,1,0,0,0,0,0,0,0,0,0,1,-1,NO IDENTIFICADO,NO IDENTIFICADO,CONDUCTOR AUSENTE,NO,NO,2
5501,16888,16889,2017,0,0,-0.122532,-78.515649,PICHINCHA,QUITO,QUITO,URBANA,2017-08-02,06:15:00,6,MIERCOLES,3,AGOSTO,8,NO,CONDUCIR EN SENTIDO CONTRARIO A LA VIA NORMAL DE CIRCULACION.,CHOQUE FRONTAL,BUS,0,0,1,0,1,0,0,0,0,0,0,0,0,2,30,HOMBRE,ILESO,CONDUCTOR PRESENTE,NO,NO,0
5502,16890,16891,2017,1,0,-0.254907,-78.512302,PICHINCHA,QUITO,QUITO,URBANA,2017-08-02,06:30:00,6,MIERCOLES,3,AGOSTO,8,NO,BAJARSE O SUBIRSE DE VEHICULOS EN MOVIMIENTO SIN TOMAR LAS PRECAUCIONES DEBIDAS.,CAIDA DE PASAJERO,CAMION,0,0,0,1,0,0,0,0,0,0,0,0,0,1,29,HOMBRE,LESIONADO,PASAJERO,NO,NO,0
5503,16892,16893,2017,0,0,-0.164965,-78.471771,PICHINCHA,QUITO,QUITO,URBANA,2017-08-02,07:20:00,7,MIERCOLES,3,AGOSTO,8,NO,REALIZAR CAMBIO BRUSCO O INDEBIDO DE CARRIL.,CHOQUE FRONTAL,BUS,0,0,2,0,0,0,0,0,0,0,0,0,0,2,65,HOMBRE,ILESO,CONDUCTOR PRESENTE,NO,NO,0
5504,16894,16895,2017,0,0,-0.292724,-78.476486,PICHINCHA,QUITO,CONOCOTO,RURAL,2017-08-02,07:45:00,7,MIERCOLES,3,AGOSTO,8,NO,NO MANTENER LA DISTANCIA PRUDENCIAL CON RESPECTO AL VEHICULO QUE LE ANTECEDE.,CHOQUE POSTERIOR,VEHICULO DEPORTIVO UTILITARIO,0,0,1,1,0,0,0,0,0,0,0,0,1,3,35,HOMBRE,ILESO,CONDUCTOR PRESENTE,NO,NO,3
5505,16899,16900,2017,0,0,-0.144229,-78.469533,PICHINCHA,QUITO,QUITO,URBANA,2017-08-02,08:24:00,8,MIERCOLES,3,AGOSTO,8,NO,"CONDUCIR DESATENTO A LAS CONDICIONES DE TRANSITO (CELULAR, PANTALLAS DE VIDEO, COMIDA, MAQUILLAJE O CUALQUIER OTRO ELEMENTO DISTRACTOR).",COLISION,AUTOMOVIL,2,0,0,0,0,0,0,1,0,0,0,0,1,4,34,HOMBRE,ILESO,CONDUCTOR PRESENTE,NO,NO,0
5506,16901,16902,2017,0,0,-0.161461,-78.487356,PICHINCHA,QUITO,QUITO,URBANA,2017-08-02,09:20:00,9,MIERCOLES,3,AGOSTO,8,NO,"NO RESPETAR LAS SENIALES REGLAMENTARIAS DE TRANSITO. (PARE, CEDA EL PASO, LUZ ROJA DEL SEMAFORO, ETC).",CHOQUE LATERAL,AUTOMOVIL,1,0,0,0,0,0,0,0,0,1,0,0,0,2,33,HOMBRE,ILESO,CONDUCTOR PRESENTE,NO,NO,0
5507,16906,16907,2017,0,1,-0.113421,-78.495251,PICHINCHA,QUITO,QUITO,URBANA,2017-08-02,10:10:00,10,MIERCOLES,3,AGOSTO,8,NO,"PEATON TRANSITA BAJO INFLUENCIA DE ALCOHOL, SUSTANCIAS ESTUPEFACIENTES O PSICOTROPICAS Y/O MEDICAMENTOS.",ARROLLAMIENTOS,BUS,0,0,1,0,0,0,0,0,0,0,0,0,0,1,36,HOMBRE,FALLECIDO,PEATON,NO,NO,0
5508,16910,16911,2017,0,0,-0.241571,-78.485792,PICHINCHA,QUITO,QUITO,URBANA,2017-08-02,11:15:00,11,MIERCOLES,3,AGOSTO,8,NO,NO GUARDAR LA DISTANCIA LATERAL MINIMA DE SEGURIDAD ENTRE VEHICULOS.,ROZAMIENTOS,AUTOMOVIL,1,0,0,0,0,0,0,0,0,1,0,0,0,2,20,HOMBRE,ILESO,CONDUCTOR PRESENTE,NO,NO,0
5509,16911,16912,2017,1,0,-0.238213,-78.484807,PICHINCHA,QUITO,QUITO,URBANA,2017-08-02,11:40:00,11,MIERCOLES,3,AGOSTO,8,NO,NO TRANSITAR POR LAS ACERAS O ZONAS DE SEGURIDAD DESTINADAS PARA EL EFECTO.,ATROPELLOS,AUTOMOVIL,1,0,0,0,0,0,0,0,0,0,0,0,0,1,70,HOMBRE,LESIONADO,PEATON,NO,NO,0
5510,16917,16918,2017,0,0,-0.319594,-78.570859,PICHINCHA,QUITO,QUITO,URBANA,2017-08-02,12:40:00,12,MIERCOLES,3,AGOSTO,8,NO,"CONDUCIR DESATENTO A LAS CONDICIONES DE TRANSITO (CELULAR, PANTALLAS DE VIDEO, COMIDA, MAQUILLAJE O CUALQUIER OTRO ELEMENTO DISTRACTOR).",ESTRELLAMIENTOS,MOTOCICLETA,0,0,0,0,0,0,0,0,1,1,0,0,0,2,40,HOMBRE,ILESO,CONDUCTOR PRESENTE,NO,NO,0
5511,16920,16921,2017,1,0,-0.288083,-78.541487,PICHINCHA,QUITO,QUITO,URBANA,2017-08-02,13:10:00,13,MIERCOLES,3,AGOSTO,8,NO,"CONDUCE BAJO LA INFLUENCIA DE ALCOHOL, SUSTANCIAS ESTUPEFACIENTES O PSICOTROPICAS Y/O MEDICAMENTOS.",ESTRELLAMIENTOS,AUTOMOVIL,2,0,0,0,0,0,0,0,0,0,0,0,0,2,35,HOMBRE,LESIONADO,CONDUCTOR PRESENTE,NO,NO,0
5512,16921,16922,2017,1,0,-0.176648,-78.480991,PICHINCHA,QUITO,QUITO,URBANA,2017-08-02,13:15:00,13,MIERCOLES,3,AGOSTO,8,NO,NO MANTENER LA DISTANCIA PRUDENCIAL CON RESPECTO AL VEHICULO QUE LE ANTECEDE.,CHOQUE POSTERIOR,MOTOCICLETA,1,0,1,0,0,0,0,0,1,0,0,0,0,3,27,HOMBRE,LESIONADO,CONDUCTOR PRESENTE,NO,NO,0
5513,16923,16924,2017,0,0,-0.206518,-78.494387,PICHINCHA,QUITO,QUITO,URBANA,2017-08-02,13:25:00,13,MIERCOLES,3,AGOSTO,8,NO,NO CEDER EL DERECHO DE VIA O PREFERENCIA DE PASO A VEHICULOS.,CHOQUE LATERAL,VEHICULO DEPORTIVO UTILITARIO,0,0,0,0,0,0,0,0,1,0,0,0,1,2,32,HOMBRE,ILESO,CONDUCTOR PRESENTE,NO,NO,0
5514,16926,16927,2017,0,1,-0.366283,-78.835643,PICHINCHA,MEJIA,MANUEL CORNEJO ASTORGA,RURAL,2017-08-02,14:20:00,14,MIERCOLES,3,AGOSTO,8,NO,"CONDUCIR DESATENTO A LAS CONDICIONES DE TRANSITO (CELULAR, PANTALLAS DE VIDEO, COMIDA, MAQUILLAJE O CUALQUIER OTRO ELEMENTO DISTRACTOR).",PERDIDA DE PISTA,CAMION,0,0,0,1,0,0,0,0,0,0,0,0,0,1,41,HOMBRE,FALLECIDO,CONDUCTOR PRESENTE,NO,NO,3
5515,16931,16932,2017,0,0,-0.102345,-78.491311,PICHINCHA,QUITO,QUITO,URBANA,2017-08-02,15:25:00,15,MIERCOLES,3,AGOSTO,8,NO,NO GUARDAR LA DISTANCIA LATERAL MINIMA DE SEGURIDAD ENTRE VEHICULOS.,ROZAMIENTOS,AUTOMOVIL,1,0,0,0,0,0,0,0,0,0,0,0,1,2,35,MUJER,ILESO,CONDUCTOR PRESENTE,NO,NO,0
5516,16933,16934,2017,0,0,-0.288083,-78.541487,PICHINCHA,QUITO,QUITO,URBANA,2017-08-02,16:00:00,16,MIERCOLES,3,AGOSTO,8,NO,NO CEDER EL DERECHO DE VIA O PREFERENCIA DE PASO A VEHICULOS.,CHOQUE LATERAL,AUTOMOVIL,2,0,0,0,0,0,0,0,0,0,0,0,0,2,65,HOMBRE,ILESO,CONDUCTOR PRESENTE,NO,NO,0
5517,16934,16935,2017,0,0,-0.103687,-78.424607,PICHINCHA,QUITO,CALDERON (CARAPUNGO),RURAL,2017-08-02,16:07:00,16,MIERCOLES,3,AGOSTO,8,NO,NO GUARDAR LA DISTANCIA LATERAL MINIMA DE SEGURIDAD ENTRE VEHICULOS.,ROZAMIENTOS,BUS,0,0,2,0,0,0,0,0,0,0,0,0,0,2,27,HOMBRE,ILESO,CONDUCTOR PRESENTE,NO,NO,3
5518,16936,16937,2017,0,0,-0.188041,-78.481493,PICHINCHA,QUITO,QUITO,URBANA,2017-08-02,17:00:00,17,MIERCOLES,3,AGOSTO,8,NO,"NO RESPETAR LAS SENIALES REGLAMENTARIAS DE TRANSITO. (PARE, CEDA EL PASO, LUZ ROJA DEL SEMAFORO, ETC).",CHOQUE LATERAL,AUTOMOVIL,1,0,0,0,0,0,0,0,0,1,0,0,0,2,24,MUJER,ILESO,CONDUCTOR PRESENTE,NO,NO,0
5519,16938,16939,2017,0,0,-0.125876,-78.444289,PICHINCHA,QUITO,LLANO CHICO,RURAL,2017-08-02,17:25:00,17,MIERCOLES,3,AGOSTO,8,NO,NO GUARDAR LA DISTANCIA LATERAL MINIMA DE SEGURIDAD ENTRE VEHICULOS.,ROZAMIENTOS,AUTOMOVIL,1,0,0,0,0,0,0,0,1,0,0,0,0,2,36,HOMBRE,ILESO,CONDUCTOR PRESENTE,NO,NO,3
5520,16940,16941,2017,0,0,-0.178606,-78.486011,PICHINCHA,QUITO,QUITO,URBANA,2017-08-02,18:15:00,18,MIERCOLES,3,AGOSTO,8,NO,NO MANTENER LA DISTANCIA PRUDENCIAL CON RESPECTO AL VEHICULO QUE LE ANTECEDE.,CHOQUE POSTERIOR,BUS,1,0,1,0,0,0,0,0,0,0,0,0,0,2,50,HOMBRE,ILESO,CONDUCTOR PRESENTE,NO,NO,0
5521,16941,16942,2017,2,0,-0.171258,-78.486751,PICHINCHA,QUITO,QUITO,URBANA,2017-08-02,19:00:00,19,MIERCOLES,3,AGOSTO,8,NO,NO CEDER EL DERECHO DE VIA O PREFERENCIA DE PASO AL PEATON.,ATROPELLOS,MOTOCICLETA,1,0,0,0,0,0,0,0,1,0,0,0,0,2,-1,HOMBRE,LESIONADO,CONDUCTOR PRESENTE,SI,NO,0
5522,16945,16946,2017,2,0,-0.120823,-78.495581,PICHINCHA,QUITO,QUITO,URBANA,2017-08-02,20:20:00,20,MIERCOLES,3,AGOSTO,8,NO,NO CEDER EL DERECHO DE VIA O PREFERENCIA DE PASO A VEHICULOS.,CHOQUE LATERAL,AUTOMOVIL,1,0,0,0,1,0,0,0,0,0,0,0,0,2,21,HOMBRE,LESIONADO,CONDUCTOR PRESENTE,NO,NO,0
5523,16947,16948,2017,1,0,-0.518302,-78.575854,PICHINCHA,MEJIA,MACHACHI,RURAL,2017-08-02,21:00:00,21,MIERCOLES,3,AGOSTO,8,NO,NO CEDER EL DERECHO DE VIA O PREFERENCIA DE PASO AL PEATON.,ATROPELLOS,MOTOCICLETA,0,0,0,0,0,0,0,0,1,0,0,0,0,1,27,MUJER,LESIONADO,PEATON,NO,NO,3
5524,16950,16951,2017,0,0,-0.254562,-78.534401,PICHINCHA,QUITO,QUITO,URBANA,2017-08-02,22:00:00,22,MIERCOLES,3,AGOSTO,8,NO,"CONDUCE BAJO LA INFLUENCIA DE ALCOHOL, SUSTANCIAS ESTUPEFACIENTES O PSICOTROPICAS Y/O MEDICAMENTOS.",ESTRELLAMIENTOS,VEHICULO DEPORTIVO UTILITARIO,0,0,0,0,0,0,0,0,1,0,0,0,1,2,35,HOMBRE,ILESO,CONDUCTOR PRESENTE,NO,NO,0
5525,16951,16952,2017,2,0,-0.154521,-78.476971,PICHINCHA,QUITO,QUITO,URBANA,2017-08-02,22:15:00,22,MIERCOLES,3,AGOSTO,8,NO,"CONDUCE BAJO LA INFLUENCIA DE ALCOHOL, SUSTANCIAS ESTUPEFACIENTES O PSICOTROPICAS Y/O MEDICAMENTOS.",ESTRELLAMIENTOS,AUTOMOVIL,4,0,0,0,0,0,0,0,0,0,0,0,0,4,22,HOMBRE,LESIONADO,CONDUCTOR PRESENTE,NO,NO,0
5526,16953,16954,2017,2,0,-0.099083,-78.421844,PICHINCHA,QUITO,CALDERON (CARAPUNGO),RURAL,2017-08-02,22:30:00,22,MIERCOLES,3,AGOSTO,8,NO,"CONDUCE BAJO LA INFLUENCIA DE ALCOHOL, SUSTANCIAS ESTUPEFACIENTES O PSICOTROPICAS Y/O MEDICAMENTOS.",CHOQUE LATERAL,VEHICULO DEPORTIVO UTILITARIO,0,0,0,0,0,0,0,0,1,0,0,0,1,2,28,HOMBRE,LESIONADO,PASAJERO,NO,NO,3
5527,16954,16955,2017,2,0,0.014018,-78.470296,PICHINCHA,QUITO,SAN ANTONIO (QUITO),URBANA,2017-08-02,22:45:00,22,MIERCOLES,3,AGOSTO,8,NO,"CONDUCE BAJO LA INFLUENCIA DE ALCOHOL, SUSTANCIAS ESTUPEFACIENTES O PSICOTROPICAS Y/O MEDICAMENTOS.",CHOQUE FRONTAL,AUTOMOVIL,1,0,0,1,0,0,0,0,0,0,0,0,0,2,63,HOMBRE,LESIONADO,CONDUCTOR PRESENTE,NO,NO,0
5528,16957,16958,2017,0,0,-0.201482,-78.492103,PICHINCHA,QUITO,QUITO,URBANA,2017-08-03,01:35:00,1,JUEVES,4,AGOSTO,8,NO,"NO RESPETAR LAS SENIALES REGLAMENTARIAS DE TRANSITO. (PARE, CEDA EL PASO, LUZ ROJA DEL SEMAFORO, ETC).",CHOQUE LATERAL,AUTOMOVIL,2,0,0,0,0,0,0,0,0,0,0,0,0,2,48,HOMBRE,ILESO,CONDUCTOR PRESENTE,NO,NO,0
5529,16958,16959,2017,0,0,-0.202429,-78.480877,PICHINCHA,QUITO,QUITO,URBANA,2017-08-03,02:30:00,2,JUEVES,4,AGOSTO,8,NO,"CONDUCIR EN ESTADO DE SOMNOLENCIA O MALAS CONDICIONES FISICAS (SUENIO, CANSANCIO Y FATIGA).",ESTRELLAMIENTOS,VEHICULO DEPORTIVO UTILITARIO,0,0,0,0,0,0,0,0,0,0,0,0,1,1,53,HOMBRE,ILESO,CONDUCTOR PRESENTE,NO,NO,0
5530,16965,16966,2017,4,0,-0.371542,-78.485999,PICHINCHA,QUITO,AMAGUANIA,URBANA,2017-08-03,06:10:00,6,JUEVES,4,AGOSTO,8,NO,DANIOS MECANICOS PREVISIBLES.,CHOQUE LATERAL,CAMION,0,0,1,2,0,0,0,0,0,0,0,0,0,3,33,MUJER,LESIONADO,PASAJERO,NO,NO,0
5531,16966,16967,2017,0,0,-0.297681,-78.559281,PICHINCHA,QUITO,QUITO,URBANA,2017-08-03,06:30:00,6,JUEVES,4,AGOSTO,8,NO,"CONDUCE BAJO LA INFLUENCIA DE ALCOHOL, SUSTANCIAS ESTUPEFACIENTES O PSICOTROPICAS Y/O MEDICAMENTOS.",CHOQUE LATERAL,AUTOMOVIL,2,0,0,0,0,0,0,0,0,0,0,0,0,2,35,HOMBRE,ILESO,CONDUCTOR PRESENTE,NO,NO,0
5532,16967,16968,2017,0,0,-0.190134,-78.450444,PICHINCHA,QUITO,NAYON,RURAL,2017-08-03,06:40:00,6,JUEVES,4,AGOSTO,8,NO,CONDUCIR VEHICULO SUPERANDO LOS LIMITES MAXIMOS DE VELOCIDAD.,CHOQUE POSTERIOR,CAMIONETA,0,0,0,1,1,0,0,0,0,0,0,0,0,2,39,HOMBRE,ILESO,CONDUCTOR PRESENTE,NO,NO,3
5533,16969,16970,2017,0,0,-0.096888,-78.469775,PICHINCHA,QUITO,QUITO,URBANA,2017-08-03,07:35:00,7,JUEVES,4,AGOSTO,8,NO,"NO RESPETAR LAS SENIALES REGLAMENTARIAS DE TRANSITO. (PARE, CEDA EL PASO, LUZ ROJA DEL SEMAFORO, ETC).",CHOQUE LATERAL,AUTOMOVIL,2,0,0,0,0,0,0,0,0,0,0,0,0,2,53,MUJER,ILESO,CONDUCTOR PRESENTE,NO,NO,0
5534,16971,16972,2017,2,0,-0.190369,-78.484933,PICHINCHA,QUITO,QUITO,URBANA,2017-08-03,08:05:00,8,JUEVES,4,AGOSTO,8,NO,CONDUCIR VEHICULO SUPERANDO LOS LIMITES MAXIMOS DE VELOCIDAD.,CHOQUE POSTERIOR,AUTOMOVIL,2,0,0,0,0,0,0,0,0,0,0,0,0,2,69,MUJER,LESIONADO,PASAJERO,NO,NO,0
5535,16972,16973,2017,0,0,-0.075112,-78.462915,PICHINCHA,QUITO,QUITO,URBANA,2017-08-03,08:15:00,8,JUEVES,4,AGOSTO,8,NO,"CONDUCIR DESATENTO A LAS CONDICIONES DE TRANSITO (CELULAR, PANTALLAS DE VIDEO, COMIDA, MAQUILLAJE O CUALQUIER OTRO ELEMENTO DISTRACTOR).",CHOQUE POSTERIOR,MOTOCICLETA,0,0,0,0,0,0,0,0,1,1,0,0,0,2,24,HOMBRE,ILESO,CONDUCTOR PRESENTE,NO,NO,0
5536,16975,16976,2017,0,0,-0.201667,-78.476303,PICHINCHA,QUITO,QUITO,URBANA,2017-08-03,09:30:00,9,JUEVES,4,AGOSTO,8,NO,"CONDUCIR DESATENTO A LAS CONDICIONES DE TRANSITO (CELULAR, PANTALLAS DE VIDEO, COMIDA, MAQUILLAJE O CUALQUIER OTRO ELEMENTO DISTRACTOR).",PERDIDA DE PISTA,CAMION,0,0,0,1,0,0,0,0,0,0,0,0,0,1,70,HOMBRE,ILESO,CONDUCTOR PRESENTE,NO,SI,0
5537,16978,16979,2017,1,0,-0.185775,-78.482516,PICHINCHA,QUITO,QUITO,URBANA,2017-08-03,10:28:00,10,JUEVES,4,AGOSTO,8,NO,NO CEDER EL DERECHO DE VIA O PREFERENCIA DE PASO AL PEATON.,ATROPELLOS,NO IDENTIFICADO,0,0,0,0,0,0,0,0,0,1,0,0,0,1,30,HOMBRE,LESIONADO,PEATON,NO,NO,0
5538,16982,16983,2017,0,0,-0.232254,-78.505317,PICHINCHA,QUITO,QUITO,URBANA,2017-08-03,11:05:00,11,JUEVES,4,AGOSTO,8,NO,NO MANTENER LA DISTANCIA PRUDENCIAL CON RESPECTO AL VEHICULO QUE LE ANTECEDE.,CHOQUE POSTERIOR,AUTOMOVIL,1,0,0,0,0,0,0,0,0,1,0,0,0,2,32,HOMBRE,ILESO,CONDUCTOR PRESENTE,NO,NO,0
5539,16989,16990,2017,0,0,-0.208845,-78.491637,PICHINCHA,QUITO,QUITO,URBANA,2017-08-03,13:00:00,13,JUEVES,4,AGOSTO,8,NO,NO GUARDAR LA DISTANCIA LATERAL MINIMA DE SEGURIDAD ENTRE VEHICULOS.,ROZAMIENTOS,VEHICULO DEPORTIVO UTILITARIO,0,0,1,0,0,0,0,0,0,0,0,0,1,2,38,HOMBRE,ILESO,CONDUCTOR PRESENTE,NO,NO,0
5540,16997,16998,2017,0,0,-0.030905,-78.452975,PICHINCHA,QUITO,SAN ANTONIO (QUITO),URBANA,2017-08-03,15:10:00,15,JUEVES,4,AGOSTO,8,NO,DANIOS MECANICOS PREVISIBLES.,ESTRELLAMIENTOS,CAMIONETA,1,0,0,0,1,0,0,0,0,0,0,0,0,2,52,HOMBRE,ILESO,CONDUCTOR PRESENTE,NO,NO,0
5541,17006,17007,2017,1,0,-0.214643,-78.516701,PICHINCHA,QUITO,QUITO,URBANA,2017-08-03,16:40:00,16,JUEVES,4,AGOSTO,8,NO,NO TRANSITAR POR LAS ACERAS O ZONAS DE SEGURIDAD DESTINADAS PARA EL EFECTO.,ATROPELLOS,AUTOMOVIL,1,0,0,0,0,0,0,0,0,0,0,0,0,1,5,HOMBRE,LESIONADO,PEATON,NO,NO,0
5542,17010,17011,2017,1,0,-0.142041,-78.443217,PICHINCHA,QUITO,LLANO CHICO,RURAL,2017-08-03,17:20:00,17,JUEVES,4,AGOSTO,8,NO,CONDUCIR VEHICULO SUPERANDO LOS LIMITES MAXIMOS DE VELOCIDAD.,ESTRELLAMIENTOS,MOTOCICLETA,1,0,0,0,0,0,0,0,1,0,0,0,0,2,23,HOMBRE,LESIONADO,CONDUCTOR PRESENTE,NO,NO,3
5543,17012,17013,2017,0,0,-0.273323,-78.538385,PICHINCHA,QUITO,QUITO,URBANA,2017-08-03,18:00:00,18,JUEVES,4,AGOSTO,8,NO,NO MANTENER LA DISTANCIA PRUDENCIAL CON RESPECTO AL VEHICULO QUE LE ANTECEDE.,CHOQUE POSTERIOR,VEHICULO DEPORTIVO UTILITARIO,1,0,0,0,0,0,0,0,0,0,0,0,1,2,35,MUJER,ILESO,CONDUCTOR PRESENTE,NO,NO,0
5544,17013,17014,2017,0,0,-0.177307,-78.479535,PICHINCHA,QUITO,QUITO,URBANA,2017-08-03,18:05:00,18,JUEVES,4,AGOSTO,8,NO,NO GUARDAR LA DISTANCIA LATERAL MINIMA DE SEGURIDAD ENTRE VEHICULOS.,ROZAMIENTOS,AUTOMOVIL,1,0,0,0,0,0,0,0,0,1,0,0,0,2,21,MUJER,ILESO,CONDUCTOR PRESENTE,NO,NO,0
5545,17015,17016,2017,0,0,-0.242681,-78.497364,PICHINCHA,QUITO,QUITO,URBANA,2017-08-03,18:25:00,18,JUEVES,4,AGOSTO,8,NO,NO CEDER EL DERECHO DE VIA O PREFERENCIA DE PASO A VEHICULOS.,CHOQUE LATERAL,CAMIONETA,0,0,0,0,1,0,0,0,0,0,0,0,1,2,57,HOMBRE,ILESO,CONDUCTOR PRESENTE,NO,NO,0