,Unnamed: 0,ID,ANIO,LESIONADOS,FALLECIDOS,LATITUD_Y,LONGITUD_X,PROVINCIA,CANTON,PARROQUIA,ZONA,FECHA,HORA,PERIODO_2,DIA_1,DIA_2,MES_1,MES_2,FERIADO,CAUSA_PROBABLE,TIPO_DE_SINIESTRO,TIPO_DE_VEHICULO_1,AUTOMOVIL,BICICLETA,BUS,CAMION,CAMIONETA,EMERGENCIAS,ESPECIAL,FURGONETA,MOTOCICLETA,NO_IDENTIFICADO,SCOOTER_ELECTRICO,TRICIMOTO,VEHICULO_DEPORTIVO_UTILITARIO,SUMA_DE_VEHICULOS,EDAD_1,SEXO_1,CONDICION_1,PARTICIPANTE_1,CASCO_1,CINTURON_1,KMeans_Cluster
5546,17021,17022,2017,1,0,-0.089366,-78.469371,PICHINCHA,QUITO,QUITO,URBANA,2017-08-03,19:50:00,19,JUEVES,4,AGOSTO,8,NO,NO CEDER EL DERECHO DE VIA O PREFERENCIA DE PASO AL PEATON.,ATROPELLOS,NO IDENTIFICADO,0,0,0,0,0,0,0,0,0,1,0,0,0,1,38,MUJER,LESIONADO,PEATON,NO,NO,0
5547,17023,17024,2017,1,0,-0.148497,-78.498391,PICHINCHA,QUITO,QUITO,URBANA,2017-08-03,20:10:00,20,JUEVES,4,AGOSTO,8,NO,CONDUCIR VEHICULO SUPERANDO LOS LIMITES MAXIMOS DE VELOCIDAD.,CHOQUE POSTERIOR,AUTOMOVIL,1,0,0,0,0,0,0,0,0,1,0,0,0,2,42,HOMBRE,LESIONADO,CONDUCTOR PRESENTE,NO,NO,0
5548,17027,17028,2017,1,0,-0.091585,-78.439052,PICHINCHA,QUITO,CALDERON (CARAPUNGO),RURAL,2017-08-03,22:15:00,22,JUEVES,4,AGOSTO,8,NO,NO CEDER EL DERECHO DE VIA O PREFERENCIA DE PASO AL PEATON.,ATROPELLOS,VEHICULO DEPORTIVO UTILITARIO,0,0,0,0,0,0,0,0,0,0,0,0,1,1,29,MUJER,LESIONADO,PEATON,NO,NO,3
5549,17028,17029,2017,1,0,-0.129369,-78.481353,PICHINCHA,QUITO,QUITO,URBANA,2017-08-03,22:35:00,22,JUEVES,4,AGOSTO,8,NO,"NO RESPETAR LAS SENIALES REGLAMENTARIAS DE TRANSITO. (PARE, CEDA EL PASO, LUZ ROJA DEL SEMAFORO, ETC).",CHOQUE LATERAL,VEHICULO DEPORTIVO UTILITARIO,0,0,0,0,0,0,0,0,1,0,0,0,1,2,23,HOMBRE,LESIONADO,CONDUCTOR PRESENTE,NO,NO,0
5550,17030,17031,2017,0,0,-0.094321,-78.437227,PICHINCHA,QUITO,CALDERON (CARAPUNGO),RURAL,2017-08-03,23:30:00,23,JUEVES,4,AGOSTO,8,NO,"CONDUCE BAJO LA INFLUENCIA DE ALCOHOL, SUSTANCIAS ESTUPEFACIENTES O PSICOTROPICAS Y/O MEDICAMENTOS.",CHOQUE LATERAL,AUTOMOVIL,2,0,0,0,0,0,0,0,0,0,0,0,0,2,28,HOMBRE,ILESO,CONDUCTOR PRESENTE,NO,NO,3
5551,17033,17034,2017,1,0,-0.120476,-78.493981,PICHINCHA,QUITO,QUITO,URBANA,2017-08-04,00:35:00,0,VIERNES,5,AGOSTO,8,NO,"CONDUCIR EN ESTADO DE SOMNOLENCIA O MALAS CONDICIONES FISICAS (SUENIO, CANSANCIO Y FATIGA).",CAIDA DE PASAJERO,MOTOCICLETA,0,0,0,0,0,0,0,0,1,0,0,0,0,1,30,MUJER,LESIONADO,PASAJERO,NO,NO,0
5552,17035,17036,2017,0,0,-0.258418,-78.544605,PICHINCHA,QUITO,QUITO,URBANA,2017-08-04,01:25:00,1,VIERNES,5,AGOSTO,8,NO,"CONDUCE BAJO LA INFLUENCIA DE ALCOHOL, SUSTANCIAS ESTUPEFACIENTES O PSICOTROPICAS Y/O MEDICAMENTOS.",ESTRELLAMIENTOS,AUTOMOVIL,1,0,0,0,0,0,0,0,0,0,0,0,0,1,29,HOMBRE,ILESO,CONDUCTOR PRESENTE,NO,NO,0
5553,17040,17041,2017,0,0,-0.194699,-78.477717,PICHINCHA,QUITO,QUITO,URBANA,2017-08-04,03:30:00,3,VIERNES,5,AGOSTO,8,NO,"CONDUCIR EN ESTADO DE SOMNOLENCIA O MALAS CONDICIONES FISICAS (SUENIO, CANSANCIO Y FATIGA).",ESTRELLAMIENTOS,NO IDENTIFICADO,0,0,0,0,0,0,0,0,0,1,0,0,0,1,-1,NO IDENTIFICADO,NO IDENTIFICADO,CONDUCTOR AUSENTE,NO,NO,2
5554,17045,17046,2017,1,0,-0.162831,-78.486035,PICHINCHA,QUITO,QUITO,URBANA,2017-08-04,05:55:00,5,VIERNES,5,AGOSTO,8,NO,NO CEDER EL DERECHO DE VIA O PREFERENCIA DE PASO AL PEATON.,ATROPELLOS,CAMIONETA,0,0,0,0,1,0,0,0,0,0,0,0,0,1,55,HOMBRE,LESIONADO,PEATON,NO,NO,0
5555,17046,17047,2017,2,0,-0.203083,-78.489499,PICHINCHA,QUITO,QUITO,URBANA,2017-08-04,05:58:00,5,VIERNES,5,AGOSTO,8,NO,"NO RESPETAR LAS SENIALES REGLAMENTARIAS DE TRANSITO. (PARE, CEDA EL PASO, LUZ ROJA DEL SEMAFORO, ETC).",CHOQUE LATERAL,VEHICULO DEPORTIVO UTILITARIO,0,0,0,0,1,0,0,0,0,0,0,0,1,2,58,MUJER,LESIONADO,CONDUCTOR PRESENTE,NO,NO,0
5556,17049,17050,2017,1,0,-0.173016,-78.485037,PICHINCHA,QUITO,QUITO,URBANA,2017-08-04,06:46:00,6,VIERNES,5,AGOSTO,8,NO,"NO RESPETAR LAS SENIALES REGLAMENTARIAS DE TRANSITO. (PARE, CEDA EL PASO, LUZ ROJA DEL SEMAFORO, ETC).",CHOQUE LATERAL,AUTOMOVIL,1,0,0,0,0,0,0,0,0,0,0,0,1,2,27,MUJER,LESIONADO,CONDUCTOR PRESENTE,NO,NO,0
5557,17053,17054,2017,0,1,-0.162346,-78.485742,PICHINCHA,QUITO,QUITO,URBANA,2017-08-04,07:43:00,7,VIERNES,5,AGOSTO,8,NO,NO TRANSITAR POR LAS ACERAS O ZONAS DE SEGURIDAD DESTINADAS PARA EL EFECTO.,ATROPELLOS,BUS,0,0,1,0,0,0,0,0,0,0,0,0,0,1,62,HOMBRE,FALLECIDO,PEATON,NO,NO,0
5558,17054,17055,2017,1,0,0.040178,-78.148556,PICHINCHA,CAYAMBE,CAYAMBE,URBANA,2017-08-04,07:45:00,7,VIERNES,5,AGOSTO,8,NO,"CONDUCIR DESATENTO A LAS CONDICIONES DE TRANSITO (CELULAR, PANTALLAS DE VIDEO, COMIDA, MAQUILLAJE O CUALQUIER OTRO ELEMENTO DISTRACTOR).",COLISION,AUTOMOVIL,1,0,0,0,2,0,0,0,0,0,0,0,0,3,51,MUJER,LESIONADO,CONDUCTOR PRESENTE,NO,NO,0
5559,17056,17057,2017,0,0,-0.141134,-78.482523,PICHINCHA,QUITO,QUITO,URBANA,2017-08-04,08:10:00,8,VIERNES,5,AGOSTO,8,NO,"NO RESPETAR LAS SENIALES REGLAMENTARIAS DE TRANSITO. (PARE, CEDA EL PASO, LUZ ROJA DEL SEMAFORO, ETC).",CHOQUE LATERAL,MOTOCICLETA,1,0,0,0,0,0,0,0,1,0,0,0,0,2,20,HOMBRE,ILESO,CONDUCTOR PRESENTE,NO,NO,0
5560,17062,17063,2017,1,0,-0.218481,-78.506777,PICHINCHA,QUITO,QUITO,URBANA,2017-08-04,09:55:00,9,VIERNES,5,AGOSTO,8,NO,BAJARSE O SUBIRSE DE VEHICULOS EN MOVIMIENTO SIN TOMAR LAS PRECAUCIONES DEBIDAS.,CAIDA DE PASAJERO,BUS,0,0,1,0,0,0,0,0,0,0,0,0,0,1,39,MUJER,LESIONADO,PASAJERO,NO,NO,0
5561,17064,17065,2017,1,0,-0.254166,-78.522221,PICHINCHA,QUITO,QUITO,URBANA,2017-08-04,10:50:00,10,VIERNES,5,AGOSTO,8,NO,"NO RESPETAR LAS SENIALES REGLAMENTARIAS DE TRANSITO. (PARE, CEDA EL PASO, LUZ ROJA DEL SEMAFORO, ETC).",CHOQUE LATERAL,AUTOMOVIL,1,0,0,0,0,0,0,0,1,0,0,0,0,2,24,HOMBRE,LESIONADO,CONDUCTOR PRESENTE,NO,NO,0
5562,17067,17068,2017,0,0,-0.164803,-78.468017,PICHINCHA,QUITO,QUITO,URBANA,2017-08-04,12:08:00,12,VIERNES,5,AGOSTO,8,NO,NO MANTENER LA DISTANCIA PRUDENCIAL CON RESPECTO AL VEHICULO QUE LE ANTECEDE.,CHOQUE POSTERIOR,CAMIONETA,1,0,0,0,1,0,0,0,0,0,0,0,0,2,45,HOMBRE,ILESO,CONDUCTOR PRESENTE,NO,NO,0
5563,17071,17072,2017,0,0,-0.167911,-78.479393,PICHINCHA,QUITO,QUITO,URBANA,2017-08-04,12:50:00,12,VIERNES,5,AGOSTO,8,NO,NO GUARDAR LA DISTANCIA LATERAL MINIMA DE SEGURIDAD ENTRE VEHICULOS.,ROZAMIENTOS,BUS,0,0,1,0,0,0,0,0,0,0,0,0,1,2,23,HOMBRE,ILESO,CONDUCTOR PRESENTE,NO,NO,0
5564,17078,17079,2017,0,0,-0.099941,-78.469365,PICHINCHA,QUITO,QUITO,URBANA,2017-08-04,15:27:00,15,VIERNES,5,AGOSTO,8,NO,"NO RESPETAR LAS SENIALES REGLAMENTARIAS DE TRANSITO. (PARE, CEDA EL PASO, LUZ ROJA DEL SEMAFORO, ETC).",CHOQUE LATERAL,AUTOMOVIL,1,0,0,0,0,0,0,0,0,1,0,0,0,2,27,HOMBRE,ILESO,CONDUCTOR PRESENTE,NO,NO,0
5565,17081,17082,2017,1,0,-0.091585,-78.439052,PICHINCHA,QUITO,CALDERON (CARAPUNGO),RURAL,2017-08-04,16:29:00,16,VIERNES,5,AGOSTO,8,NO,NO CEDER EL DERECHO DE VIA O PREFERENCIA DE PASO AL PEATON.,ATROPELLOS,CAMIONETA,0,0,0,0,1,0,0,0,0,0,0,0,0,1,23,MUJER,LESIONADO,PEATON,NO,NO,3
5566,17083,17084,2017,0,0,-0.206438,-78.370261,PICHINCHA,QUITO,PUEMBO,RURAL,2017-08-04,16:40:00,16,VIERNES,5,AGOSTO,8,NO,CONDUCIR VEHICULO SUPERANDO LOS LIMITES MAXIMOS DE VELOCIDAD.,PERDIDA DE PISTA,CAMIONETA,0,0,0,0,1,0,0,0,0,0,0,0,0,1,26,HOMBRE,ILESO,CONDUCTOR PRESENTE,NO,NO,3
5567,17084,17085,2017,1,0,-0.161951,-78.483184,PICHINCHA,QUITO,QUITO,URBANA,2017-08-04,16:55:00,16,VIERNES,5,AGOSTO,8,NO,NO CEDER EL DERECHO DE VIA O PREFERENCIA DE PASO AL PEATON.,ATROPELLOS,NO IDENTIFICADO,0,0,0,0,0,0,0,0,0,1,0,0,0,1,58,HOMBRE,LESIONADO,PEATON,NO,NO,0
5568,17086,17087,2017,0,0,-0.158928,-78.483775,PICHINCHA,QUITO,QUITO,URBANA,2017-08-04,17:00:00,17,VIERNES,5,AGOSTO,8,NO,"CONDUCE BAJO LA INFLUENCIA DE ALCOHOL, SUSTANCIAS ESTUPEFACIENTES O PSICOTROPICAS Y/O MEDICAMENTOS.",CHOQUE POSTERIOR,AUTOMOVIL,1,0,0,0,0,0,0,0,1,0,0,0,0,2,-1,HOMBRE,ILESO,CONDUCTOR PRESENTE,NO,SI,0
5569,17089,17090,2017,0,0,-0.189983,-78.484753,PICHINCHA,QUITO,QUITO,URBANA,2017-08-04,17:25:00,17,VIERNES,5,AGOSTO,8,NO,"NO RESPETAR LAS SENIALES REGLAMENTARIAS DE TRANSITO. (PARE, CEDA EL PASO, LUZ ROJA DEL SEMAFORO, ETC).",CHOQUE LATERAL,AUTOMOVIL,1,0,0,0,0,0,0,0,0,1,0,0,0,2,35,MUJER,ILESO,CONDUCTOR PRESENTE,NO,NO,0
5570,17093,17094,2017,1,0,-0.187808,-78.444336,PICHINCHA,QUITO,NAYON,RURAL,2017-08-04,17:50:00,17,VIERNES,5,AGOSTO,8,NO,"CONDUCIR DESATENTO A LAS CONDICIONES DE TRANSITO (CELULAR, PANTALLAS DE VIDEO, COMIDA, MAQUILLAJE O CUALQUIER OTRO ELEMENTO DISTRACTOR).",CHOQUE POSTERIOR,MOTOCICLETA,1,0,0,0,0,0,0,0,1,0,0,0,0,2,31,HOMBRE,LESIONADO,CONDUCTOR PRESENTE,NO,NO,3
5571,17094,17095,2017,1,0,-0.216506,-78.515038,PICHINCHA,QUITO,QUITO,URBANA,2017-08-04,17:55:00,17,VIERNES,5,AGOSTO,8,NO,NO CEDER EL DERECHO DE VIA O PREFERENCIA DE PASO AL PEATON.,ATROPELLOS,NO IDENTIFICADO,0,0,0,0,0,0,0,0,0,1,0,0,0,1,38,HOMBRE,LESIONADO,PEATON,NO,NO,0
5572,17097,17098,2017,1,0,-0.204358,-78.490011,PICHINCHA,QUITO,QUITO,URBANA,2017-08-04,18:45:00,18,VIERNES,5,AGOSTO,8,NO,NO CEDER EL DERECHO DE VIA O PREFERENCIA DE PASO A VEHICULOS.,CHOQUE LATERAL,AUTOMOVIL,1,0,1,0,0,0,0,0,0,0,0,0,0,2,44,MUJER,LESIONADO,CONDUCTOR PRESENTE,NO,NO,0
5573,17098,17099,2017,0,0,-0.098177,-78.514055,PICHINCHA,QUITO,QUITO,URBANA,2017-08-04,19:00:00,19,VIERNES,5,AGOSTO,8,NO,NO GUARDAR LA DISTANCIA LATERAL MINIMA DE SEGURIDAD ENTRE VEHICULOS.,ROZAMIENTOS,MOTOCICLETA,0,0,0,0,0,0,0,0,1,1,0,0,0,2,28,HOMBRE,ILESO,CONDUCTOR PRESENTE,NO,NO,0
5574,17099,17100,2017,0,0,-0.227347,-78.507134,PICHINCHA,QUITO,QUITO,URBANA,2017-08-04,19:00:00,19,VIERNES,5,AGOSTO,8,NO,"NO RESPETAR LAS SENIALES REGLAMENTARIAS DE TRANSITO. (PARE, CEDA EL PASO, LUZ ROJA DEL SEMAFORO, ETC).",CHOQUE LATERAL,BUS,0,0,1,0,0,0,0,0,0,0,0,0,1,2,27,HOMBRE,ILESO,CONDUCTOR PRESENTE,NO,NO,0
5575,17103,17104,2017,0,0,-0.280886,-78.491775,PICHINCHA,QUITO,CONOCOTO,RURAL,2017-08-04,19:40:00,19,VIERNES,5,AGOSTO,8,NO,REALIZAR CAMBIO BRUSCO O INDEBIDO DE CARRIL.,CHOQUE FRONTAL,AUTOMOVIL,1,0,0,0,0,0,0,0,0,1,0,0,0,2,33,MUJER,ILESO,CONDUCTOR PRESENTE,NO,NO,3
5576,17106,17107,2017,0,0,-0.185636,-78.482605,PICHINCHA,QUITO,QUITO,URBANA,2017-08-04,20:00:00,20,VIERNES,5,AGOSTO,8,NO,NO MANTENER LA DISTANCIA PRUDENCIAL CON RESPECTO AL VEHICULO QUE LE ANTECEDE.,CHOQUE POSTERIOR,VEHICULO DEPORTIVO UTILITARIO,0,0,0,0,0,0,0,0,0,1,0,0,1,2,26,HOMBRE,ILESO,CONDUCTOR PRESENTE,NO,NO,0
5577,17107,17108,2017,0,0,-0.176748,-78.493729,PICHINCHA,QUITO,QUITO,URBANA,2017-08-04,20:25:00,20,VIERNES,5,AGOSTO,8,NO,CONDUCIR VEHICULO SUPERANDO LOS LIMITES MAXIMOS DE VELOCIDAD.,ESTRELLAMIENTOS,AUTOMOVIL,1,0,0,0,0,0,0,0,0,0,0,0,0,1,-1,NO IDENTIFICADO,NO IDENTIFICADO,CONDUCTOR AUSENTE,NO,NO,2
5578,17108,17109,2017,0,0,-0.142041,-78.443217,PICHINCHA,QUITO,LLANO CHICO,RURAL,2017-08-04,20:40:00,20,VIERNES,5,AGOSTO,8,NO,NO MANTENER LA DISTANCIA PRUDENCIAL CON RESPECTO AL VEHICULO QUE LE ANTECEDE.,COLISION,VEHICULO DEPORTIVO UTILITARIO,0,0,0,0,0,0,0,0,0,0,0,0,3,3,25,HOMBRE,ILESO,CONDUCTOR PRESENTE,NO,NO,3
5579,17111,17112,2017,0,0,-0.205827,-78.509201,PICHINCHA,QUITO,QUITO,URBANA,2017-08-04,21:00:00,21,VIERNES,5,AGOSTO,8,NO,NO GUARDAR LA DISTANCIA LATERAL MINIMA DE SEGURIDAD ENTRE VEHICULOS.,ROZAMIENTOS,AUTOMOVIL,2,0,0,0,0,0,0,0,0,0,0,0,0,2,32,HOMBRE,ILESO,CONDUCTOR PRESENTE,NO,NO,0
5580,17112,17113,2017,1,0,-0.203601,-78.483057,PICHINCHA,QUITO,QUITO,URBANA,2017-08-04,21:15:00,21,VIERNES,5,AGOSTO,8,NO,"PEATON TRANSITA BAJO INFLUENCIA DE ALCOHOL, SUSTANCIAS ESTUPEFACIENTES O PSICOTROPICAS Y/O MEDICAMENTOS.",ATROPELLOS,AUTOMOVIL,1,0,0,0,0,0,0,0,0,0,0,0,0,1,26,HOMBRE,LESIONADO,PEATON,NO,NO,0
5581,17115,17116,2017,0,0,-0.295425,-78.554987,PICHINCHA,QUITO,QUITO,URBANA,2017-08-04,22:20:00,22,VIERNES,5,AGOSTO,8,NO,"CONDUCIR DESATENTO A LAS CONDICIONES DE TRANSITO (CELULAR, PANTALLAS DE VIDEO, COMIDA, MAQUILLAJE O CUALQUIER OTRO ELEMENTO DISTRACTOR).",CHOQUE POSTERIOR,AUTOMOVIL,2,0,0,0,0,0,0,0,0,0,0,0,0,2,37,HOMBRE,ILESO,CONDUCTOR PRESENTE,NO,NO,0
5582,17121,17122,2017,0,0,-0.228641,-78.500652,PICHINCHA,QUITO,QUITO,URBANA,2017-08-05,00:20:00,0,SABADO,6,AGOSTO,8,NO,"CONDUCIR EN ESTADO DE SOMNOLENCIA O MALAS CONDICIONES FISICAS (SUENIO, CANSANCIO Y FATIGA).",CHOQUE POSTERIOR,AUTOMOVIL,1,0,0,0,0,0,0,0,0,1,0,0,0,2,28,HOMBRE,ILESO,CONDUCTOR PRESENTE,NO,NO,0
5583,17122,17123,2017,3,0,-0.199767,-78.428809,PICHINCHA,QUITO,CUMBAYA,RURAL,2017-08-05,00:45:00,0,SABADO,6,AGOSTO,8,NO,CONDUCIR VEHICULO SUPERANDO LOS LIMITES MAXIMOS DE VELOCIDAD.,PERDIDA DE PISTA,VEHICULO DEPORTIVO UTILITARIO,0,0,0,0,0,0,0,0,0,0,0,0,1,1,25,HOMBRE,LESIONADO,PASAJERO,NO,NO,3
5584,17123,17124,2017,0,0,-0.109374,-78.504265,PICHINCHA,QUITO,QUITO,URBANA,2017-08-05,01:30:00,1,SABADO,6,AGOSTO,8,NO,"CONDUCIR EN ESTADO DE SOMNOLENCIA O MALAS CONDICIONES FISICAS (SUENIO, CANSANCIO Y FATIGA).",ESTRELLAMIENTOS,AUTOMOVIL,1,0,0,0,0,0,0,0,0,0,0,0,0,1,31,MUJER,ILESO,CONDUCTOR PRESENTE,NO,NO,0
5585,17124,17125,2017,3,0,-0.247981,-78.526081,PICHINCHA,QUITO,QUITO,URBANA,2017-08-05,01:30:00,1,SABADO,6,AGOSTO,8,NO,"CONDUCE BAJO LA INFLUENCIA DE ALCOHOL, SUSTANCIAS ESTUPEFACIENTES O PSICOTROPICAS Y/O MEDICAMENTOS.",COLISION,AUTOMOVIL,3,0,0,0,0,0,0,0,0,0,0,0,1,4,37,HOMBRE,LESIONADO,CONDUCTOR PRESENTE,NO,NO,0
5586,17130,17131,2017,0,0,-0.091273,-78.473221,PICHINCHA,QUITO,QUITO,URBANA,2017-08-05,02:20:00,2,SABADO,6,AGOSTO,8,NO,"CONDUCIR EN ESTADO DE SOMNOLENCIA O MALAS CONDICIONES FISICAS (SUENIO, CANSANCIO Y FATIGA).",ESTRELLAMIENTOS,NO IDENTIFICADO,0,0,0,0,0,0,0,0,0,1,0,0,0,1,-1,NO IDENTIFICADO,NO IDENTIFICADO,CONDUCTOR AUSENTE,NO,NO,2
5587,17134,17135,2017,0,0,-0.340118,-78.434044,PICHINCHA,RUMINIAHUI,SANGOLQUI,URBANA,2017-08-05,03:18:00,3,SABADO,6,AGOSTO,8,NO,CONDUCIR VEHICULO SUPERANDO LOS LIMITES MAXIMOS DE VELOCIDAD.,PERDIDA DE PISTA,AUTOMOVIL,1,0,0,0,0,0,0,0,0,0,0,0,0,1,28,MUJER,ILESO,CONDUCTOR PRESENTE,NO,NO,0
5588,17136,17137,2017,0,0,-0.263991,-78.487764,PICHINCHA,QUITO,CONOCOTO,RURAL,2017-08-05,03:25:00,3,SABADO,6,AGOSTO,8,NO,"CONDUCIR EN ESTADO DE SOMNOLENCIA O MALAS CONDICIONES FISICAS (SUENIO, CANSANCIO Y FATIGA).",ESTRELLAMIENTOS,AUTOMOVIL,1,0,0,0,0,0,0,0,0,0,0,0,0,1,-1,NO IDENTIFICADO,NO IDENTIFICADO,CONDUCTOR AUSENTE,NO,NO,2
5589,17141,17142,2017,0,0,-0.166501,-78.466877,PICHINCHA,QUITO,QUITO,URBANA,2017-08-05,04:30:00,4,SABADO,6,AGOSTO,8,NO,"CONDUCIR EN ESTADO DE SOMNOLENCIA O MALAS CONDICIONES FISICAS (SUENIO, CANSANCIO Y FATIGA).",ESTRELLAMIENTOS,VEHICULO DEPORTIVO UTILITARIO,0,0,0,0,0,0,0,0,0,1,0,0,1,2,-1,NO IDENTIFICADO,NO IDENTIFICADO,CONDUCTOR AUSENTE,NO,NO,2
5590,17142,17143,2017,0,0,-0.116769,-78.473429,PICHINCHA,QUITO,QUITO,URBANA,2017-08-05,04:50:00,4,SABADO,6,AGOSTO,8,NO,"CONDUCE BAJO LA INFLUENCIA DE ALCOHOL, SUSTANCIAS ESTUPEFACIENTES O PSICOTROPICAS Y/O MEDICAMENTOS.",CHOQUE POSTERIOR,AUTOMOVIL,2,0,0,0,0,0,0,0,0,0,0,0,0,2,-1,NO IDENTIFICADO,NO IDENTIFICADO,CONDUCTOR AUSENTE,NO,NO,2
5591,17145,17146,2017,0,0,-0.228641,-78.500652,PICHINCHA,QUITO,QUITO,URBANA,2017-08-05,05:10:00,5,SABADO,6,AGOSTO,8,NO,CONDUCIR VEHICULO SUPERANDO LOS LIMITES MAXIMOS DE VELOCIDAD.,VOLCAMIENTOS,VEHICULO DEPORTIVO UTILITARIO,0,0,0,1,0,0,0,0,0,0,0,0,1,2,25,HOMBRE,ILESO,CONDUCTOR PRESENTE,NO,NO,0
5592,17148,17149,2017,1,0,-0.106321,-78.484828,PICHINCHA,QUITO,QUITO,URBANA,2017-08-05,05:45:00,5,SABADO,6,AGOSTO,8,NO,NO CEDER EL DERECHO DE VIA O PREFERENCIA DE PASO AL PEATON.,ATROPELLOS,NO IDENTIFICADO,0,0,0,0,0,0,0,0,0,1,0,0,0,1,28,HOMBRE,LESIONADO,PEATON,NO,NO,0
5593,17150,17151,2017,1,0,-0.232466,-78.532669,PICHINCHA,QUITO,QUITO,URBANA,2017-08-05,05:50:00,5,SABADO,6,AGOSTO,8,NO,NO CEDER EL DERECHO DE VIA O PREFERENCIA DE PASO AL PEATON.,ATROPELLOS,NO IDENTIFICADO,0,0,0,0,0,0,0,0,0,1,0,0,0,1,58,MUJER,LESIONADO,PEATON,NO,NO,0
5594,17156,17157,2017,1,0,-0.233479,-78.508629,PICHINCHA,QUITO,QUITO,URBANA,2017-08-05,07:15:00,7,SABADO,6,AGOSTO,8,NO,CONDUCIR VEHICULO SUPERANDO LOS LIMITES MAXIMOS DE VELOCIDAD.,PERDIDA DE PISTA,MOTOCICLETA,0,0,0,0,0,0,0,0,1,0,0,0,0,1,35,HOMBRE,LESIONADO,CONDUCTOR PRESENTE,NO,NO,0
5595,17157,17158,2017,1,0,-0.084638,-78.436797,PICHINCHA,QUITO,CALDERON (CARAPUNGO),RURAL,2017-08-05,08:00:00,8,SABADO,6,AGOSTO,8,NO,"NO RESPETAR LAS SENIALES REGLAMENTARIAS DE TRANSITO. (PARE, CEDA EL PASO, LUZ ROJA DEL SEMAFORO, ETC).",CHOQUE LATERAL,NO IDENTIFICADO,0,0,0,0,0,0,0,0,0,2,0,0,0,2,24,HOMBRE,LESIONADO,PASAJERO,NO,NO,3
5596,17164,17165,2017,0,0,-0.175166,-78.487456,PICHINCHA,QUITO,QUITO,URBANA,2017-08-05,11:05:00,11,SABADO,6,AGOSTO,8,NO,"NO RESPETAR LAS SENIALES REGLAMENTARIAS DE TRANSITO. (PARE, CEDA EL PASO, LUZ ROJA DEL SEMAFORO, ETC).",CHOQUE LATERAL,AUTOMOVIL,2,0,0,0,0,0,0,0,0,0,0,0,0,2,52,HOMBRE,ILESO,CONDUCTOR PRESENTE,NO,NO,0
5597,17166,17167,2017,0,0,-0.096017,-78.474593,PICHINCHA,QUITO,QUITO,URBANA,2017-08-05,11:20:00,11,SABADO,6,AGOSTO,8,NO,NO GUARDAR LA DISTANCIA LATERAL MINIMA DE SEGURIDAD ENTRE VEHICULOS.,ROZAMIENTOS,CAMION,1,0,0,1,0,0,0,0,0,0,0,0,0,2,45,HOMBRE,ILESO,CONDUCTOR PRESENTE,NO,NO,0
5598,17169,17170,2017,1,0,-0.282703,-78.558265,PICHINCHA,QUITO,QUITO,URBANA,2017-08-05,12:23:00,12,SABADO,6,AGOSTO,8,NO,NO CEDER EL DERECHO DE VIA O PREFERENCIA DE PASO AL PEATON.,ATROPELLOS,AUTOMOVIL,1,0,0,0,0,0,0,0,0,0,0,0,0,1,12,MUJER,LESIONADO,PEATON,NO,NO,0
5599,17170,17171,2017,0,1,-0.263312,-78.488037,PICHINCHA,QUITO,CONOCOTO,URBANA,2017-08-05,13:10:00,13,SABADO,6,AGOSTO,8,NO,NO CEDER EL DERECHO DE VIA O PREFERENCIA DE PASO AL PEATON.,ATROPELLOS,NO IDENTIFICADO,0,0,0,0,0,0,0,0,0,1,0,0,0,1,87,MUJER,FALLECIDO,PEATON,NO,NO,0
5600,17177,17178,2017,0,0,-0.220707,-78.519523,PICHINCHA,QUITO,QUITO,URBANA,2017-08-05,14:50:00,14,SABADO,6,AGOSTO,8,NO,"CONDUCIR DESATENTO A LAS CONDICIONES DE TRANSITO (CELULAR, PANTALLAS DE VIDEO, COMIDA, MAQUILLAJE O CUALQUIER OTRO ELEMENTO DISTRACTOR).",CHOQUE POSTERIOR,AUTOMOVIL,1,0,0,0,0,0,0,0,0,0,0,0,1,2,33,HOMBRE,ILESO,CONDUCTOR PRESENTE,NO,NO,0
5601,17180,17181,2017,0,0,-0.105284,-78.497732,PICHINCHA,QUITO,QUITO,URBANA,2017-08-05,15:15:00,15,SABADO,6,AGOSTO,8,NO,"NO RESPETAR LAS SENIALES REGLAMENTARIAS DE TRANSITO. (PARE, CEDA EL PASO, LUZ ROJA DEL SEMAFORO, ETC).",CHOQUE LATERAL,MOTOCICLETA,0,0,0,0,0,0,0,0,1,1,0,0,0,2,26,MUJER,ILESO,CONDUCTOR PRESENTE,NO,NO,0
5602,17181,17182,2017,0,0,-0.328767,-78.535004,PICHINCHA,QUITO,QUITO,URBANA,2017-08-05,15:20:00,15,SABADO,6,AGOSTO,8,NO,CONDUCIR VEHICULO SUPERANDO LOS LIMITES MAXIMOS DE VELOCIDAD.,VOLCAMIENTOS,MOTOCICLETA,0,0,0,0,0,0,0,0,1,0,0,0,0,1,38,HOMBRE,ILESO,CONDUCTOR PRESENTE,NO,NO,0
5603,17185,17186,2017,0,0,-0.098644,-78.489845,PICHINCHA,QUITO,QUITO,URBANA,2017-08-05,16:30:00,16,SABADO,6,AGOSTO,8,NO,"CONDUCE BAJO LA INFLUENCIA DE ALCOHOL, SUSTANCIAS ESTUPEFACIENTES O PSICOTROPICAS Y/O MEDICAMENTOS.",COLISION,CAMIONETA,1,0,0,1,1,0,0,0,0,0,0,0,1,4,44,HOMBRE,ILESO,CONDUCTOR PRESENTE,NO,NO,0