,Unnamed: 0,ID,ANIO,LESIONADOS,FALLECIDOS,LATITUD_Y,LONGITUD_X,PROVINCIA,CANTON,PARROQUIA,ZONA,FECHA,HORA,PERIODO_2,DIA_1,DIA_2,MES_1,MES_2,FERIADO,CAUSA_PROBABLE,TIPO_DE_SINIESTRO,TIPO_DE_VEHICULO_1,AUTOMOVIL,BICICLETA,BUS,CAMION,CAMIONETA,EMERGENCIAS,ESPECIAL,FURGONETA,MOTOCICLETA,NO_IDENTIFICADO,SCOOTER_ELECTRICO,TRICIMOTO,VEHICULO_DEPORTIVO_UTILITARIO,SUMA_DE_VEHICULOS,EDAD_1,SEXO_1,CONDICION_1,PARTICIPANTE_1,CASCO_1,CINTURON_1,KMeans_Cluster
5604,17186,17187,2017,0,0,-0.148471,-78.498271,PICHINCHA,QUITO,QUITO,URBANA,2017-08-05,16:30:00,16,SABADO,6,AGOSTO,8,NO,"NO RESPETAR LAS SENIALES REGLAMENTARIAS DE TRANSITO. (PARE, CEDA EL PASO, LUZ ROJA DEL SEMAFORO, ETC).",CHOQUE LATERAL,MOTOCICLETA,1,0,0,0,0,0,0,0,1,0,0,0,0,2,35,HOMBRE,ILESO,CONDUCTOR PRESENTE,NO,NO,0
5605,17187,17188,2017,0,0,-0.291844,-78.558452,PICHINCHA,QUITO,QUITO,URBANA,2017-08-05,16:30:00,16,SABADO,6,AGOSTO,8,NO,"NO RESPETAR LAS SENIALES REGLAMENTARIAS DE TRANSITO. (PARE, CEDA EL PASO, LUZ ROJA DEL SEMAFORO, ETC).",CHOQUE LATERAL,AUTOMOVIL,2,0,0,0,0,0,0,0,0,0,0,0,0,2,40,HOMBRE,ILESO,CONDUCTOR PRESENTE,NO,NO,0
5606,17196,17197,2017,0,0,-0.305208,-78.521702,PICHINCHA,QUITO,QUITO,URBANA,2017-08-05,18:00:00,18,SABADO,6,AGOSTO,8,NO,REALIZAR CAMBIO BRUSCO O INDEBIDO DE CARRIL.,ESTRELLAMIENTOS,MOTOCICLETA,0,0,0,0,0,0,0,0,1,0,0,0,0,1,-1,HOMBRE,ILESO,CONDUCTOR PRESENTE,SI,NO,0
5607,17199,17200,2017,0,0,-0.210064,-78.505472,PICHINCHA,QUITO,QUITO,URBANA,2017-08-05,18:20:00,18,SABADO,6,AGOSTO,8,NO,"CONDUCE BAJO LA INFLUENCIA DE ALCOHOL, SUSTANCIAS ESTUPEFACIENTES O PSICOTROPICAS Y/O MEDICAMENTOS.",CHOQUE LATERAL,AUTOMOVIL,2,0,0,0,0,0,0,0,0,0,0,0,0,2,35,HOMBRE,ILESO,CONDUCTOR PRESENTE,NO,NO,0
5608,17201,17202,2017,1,0,-0.204741,-78.482486,PICHINCHA,QUITO,QUITO,URBANA,2017-08-05,18:35:00,18,SABADO,6,AGOSTO,8,NO,NO CEDER EL DERECHO DE VIA O PREFERENCIA DE PASO A VEHICULOS.,CHOQUE LATERAL,VEHICULO DEPORTIVO UTILITARIO,0,0,0,0,0,0,0,0,1,0,0,0,1,2,41,HOMBRE,LESIONADO,CONDUCTOR PRESENTE,NO,NO,0
5609,17203,17204,2017,2,0,-0.328479,-78.522294,PICHINCHA,QUITO,QUITO,URBANA,2017-08-05,19:00:00,19,SABADO,6,AGOSTO,8,NO,CONDUCIR VEHICULO SUPERANDO LOS LIMITES MAXIMOS DE VELOCIDAD.,PERDIDA DE PISTA,CAMIONETA,0,0,0,0,1,0,0,0,0,0,0,0,0,1,60,MUJER,LESIONADO,PASAJERO,NO,NO,0
5610,17210,17211,2017,0,0,-0.198175,-78.499269,PICHINCHA,QUITO,QUITO,URBANA,2017-08-05,20:20:00,20,SABADO,6,AGOSTO,8,NO,NO GUARDAR LA DISTANCIA LATERAL MINIMA DE SEGURIDAD ENTRE VEHICULOS.,ROZAMIENTOS,AUTOMOVIL,1,0,0,0,0,0,0,0,0,1,0,0,0,2,35,HOMBRE,ILESO,CONDUCTOR PRESENTE,NO,NO,0
5611,17212,17213,2017,0,1,-0.217795,-78.491319,PICHINCHA,QUITO,QUITO,URBANA,2017-08-05,20:30:00,20,SABADO,6,AGOSTO,8,NO,CONDUCIR EN SENTIDO CONTRARIO A LA VIA NORMAL DE CIRCULACION.,CHOQUE FRONTAL,MOTOCICLETA,1,0,0,0,0,0,0,0,1,0,0,0,0,2,56,HOMBRE,FALLECIDO,CONDUCTOR PRESENTE,NO,NO,0
5612,17213,17214,2017,1,0,-0.288194,-78.532982,PICHINCHA,QUITO,QUITO,URBANA,2017-08-05,20:45:00,20,SABADO,6,AGOSTO,8,NO,"CONDUCIR DESATENTO A LAS CONDICIONES DE TRANSITO (CELULAR, PANTALLAS DE VIDEO, COMIDA, MAQUILLAJE O CUALQUIER OTRO ELEMENTO DISTRACTOR).",PERDIDA DE PISTA,MOTOCICLETA,0,0,0,0,0,0,0,0,1,0,0,0,0,1,24,HOMBRE,LESIONADO,CONDUCTOR PRESENTE,NO,NO,0
5613,17215,17216,2017,0,0,-0.049421,-78.456121,PICHINCHA,QUITO,POMASQUI,URBANA,2017-08-05,21:30:00,21,SABADO,6,AGOSTO,8,NO,"CONDUCE BAJO LA INFLUENCIA DE ALCOHOL, SUSTANCIAS ESTUPEFACIENTES O PSICOTROPICAS Y/O MEDICAMENTOS.",CHOQUE LATERAL,MOTOCICLETA,0,0,0,0,0,0,0,0,1,0,0,0,0,1,-1,NO IDENTIFICADO,NO IDENTIFICADO,CONDUCTOR AUSENTE,NO,NO,2
5614,17218,17219,2017,0,0,-0.117726,-78.483771,PICHINCHA,QUITO,QUITO,URBANA,2017-08-05,22:00:00,22,SABADO,6,AGOSTO,8,NO,"CONDUCE BAJO LA INFLUENCIA DE ALCOHOL, SUSTANCIAS ESTUPEFACIENTES O PSICOTROPICAS Y/O MEDICAMENTOS.",CHOQUE LATERAL,AUTOMOVIL,1,0,0,0,0,0,0,0,0,0,0,0,0,1,0,HOMBRE,ILESO,PEATON,NO,NO,0
5615,17223,17224,2017,1,0,-0.267885,-78.527319,PICHINCHA,QUITO,QUITO,URBANA,2017-08-05,22:30:00,22,SABADO,6,AGOSTO,8,NO,"NO RESPETAR LAS SENIALES REGLAMENTARIAS DE TRANSITO. (PARE, CEDA EL PASO, LUZ ROJA DEL SEMAFORO, ETC).",CHOQUE LATERAL,BUS,0,0,1,0,0,0,0,0,1,0,0,0,0,2,34,HOMBRE,LESIONADO,CONDUCTOR PRESENTE,NO,NO,0
5616,17224,17225,2017,0,0,-0.226486,-78.226486,PICHINCHA,QUITO,PIFO,RURAL,2017-08-05,22:50:00,22,SABADO,6,AGOSTO,8,NO,CONDUCIR VEHICULO SUPERANDO LOS LIMITES MAXIMOS DE VELOCIDAD.,CHOQUE POSTERIOR,VEHICULO DEPORTIVO UTILITARIO,0,0,0,0,0,0,0,0,0,1,0,0,1,2,21,HOMBRE,ILESO,CONDUCTOR PRESENTE,NO,NO,3
5617,17226,17227,2017,1,0,-0.302975,-78.551262,PICHINCHA,QUITO,QUITO,URBANA,2017-08-06,00:56:00,0,DOMINGO,7,AGOSTO,8,NO,"CONDUCIR EN ESTADO DE SOMNOLENCIA O MALAS CONDICIONES FISICAS (SUENIO, CANSANCIO Y FATIGA).",PERDIDA DE PISTA,MOTOCICLETA,0,0,0,0,0,0,0,0,1,0,0,0,0,1,30,HOMBRE,LESIONADO,CONDUCTOR PRESENTE,NO,NO,0
5618,17230,17231,2017,0,0,-0.068494,-78.424164,PICHINCHA,QUITO,CALDERON (CARAPUNGO),RURAL,2017-08-06,01:40:00,1,DOMINGO,7,AGOSTO,8,NO,"CONDUCIR EN ESTADO DE SOMNOLENCIA O MALAS CONDICIONES FISICAS (SUENIO, CANSANCIO Y FATIGA).",ESTRELLAMIENTOS,CAMIONETA,0,0,0,0,1,0,0,0,0,0,0,0,0,1,-1,NO IDENTIFICADO,NO IDENTIFICADO,CONDUCTOR AUSENTE,NO,NO,2
5619,17232,17233,2017,0,0,-0.209795,-78.404284,PICHINCHA,QUITO,TUMBACO,RURAL,2017-08-06,01:50:00,1,DOMINGO,7,AGOSTO,8,NO,"CONDUCE BAJO LA INFLUENCIA DE ALCOHOL, SUSTANCIAS ESTUPEFACIENTES O PSICOTROPICAS Y/O MEDICAMENTOS.",CHOQUE LATERAL,AUTOMOVIL,2,0,0,0,0,0,0,0,0,0,0,0,0,2,40,HOMBRE,ILESO,CONDUCTOR PRESENTE,NO,NO,3
5620,17236,17237,2017,1,0,-0.150393,-78.453592,PICHINCHA,QUITO,QUITO,RURAL,2017-08-06,02:25:00,2,DOMINGO,7,AGOSTO,8,NO,CONDUCIR VEHICULO SUPERANDO LOS LIMITES MAXIMOS DE VELOCIDAD.,PERDIDA DE PISTA,VEHICULO DEPORTIVO UTILITARIO,1,0,0,0,0,0,0,0,0,0,0,0,1,2,29,MUJER,LESIONADO,PASAJERO,NO,NO,3
5621,17238,17239,2017,2,0,-0.298794,-78.547167,PICHINCHA,QUITO,QUITO,URBANA,2017-08-06,03:00:00,3,DOMINGO,7,AGOSTO,8,NO,NO TRANSITAR POR LAS ACERAS O ZONAS DE SEGURIDAD DESTINADAS PARA EL EFECTO.,ATROPELLOS,NO IDENTIFICADO,0,0,0,0,0,0,0,0,0,1,0,0,0,1,26,HOMBRE,LESIONADO,PEATON,NO,NO,0
5622,17241,17242,2017,0,0,-0.128565,-78.415306,PICHINCHA,QUITO,CALDERON (CARAPUNGO),RURAL,2017-08-06,03:15:00,3,DOMINGO,7,AGOSTO,8,NO,"CONDUCIR EN ESTADO DE SOMNOLENCIA O MALAS CONDICIONES FISICAS (SUENIO, CANSANCIO Y FATIGA).",ESTRELLAMIENTOS,AUTOMOVIL,1,0,0,0,0,0,0,0,0,1,0,0,0,2,37,HOMBRE,ILESO,CONDUCTOR PRESENTE,NO,NO,3
5623,17245,17246,2017,0,0,-0.280473,-78.525052,PICHINCHA,QUITO,QUITO,URBANA,2017-08-06,05:10:00,5,DOMINGO,7,AGOSTO,8,NO,"CONDUCIR EN ESTADO DE SOMNOLENCIA O MALAS CONDICIONES FISICAS (SUENIO, CANSANCIO Y FATIGA).",ESTRELLAMIENTOS,AUTOMOVIL,1,0,0,0,0,0,0,0,0,0,0,0,0,1,-1,NO IDENTIFICADO,NO IDENTIFICADO,CONDUCTOR AUSENTE,NO,NO,2
5624,17250,17251,2017,0,0,-0.213651,-78.508426,PICHINCHA,QUITO,QUITO,URBANA,2017-08-06,05:50:00,5,DOMINGO,7,AGOSTO,8,NO,"CONDUCIR EN ESTADO DE SOMNOLENCIA O MALAS CONDICIONES FISICAS (SUENIO, CANSANCIO Y FATIGA).",ESTRELLAMIENTOS,AUTOMOVIL,1,0,0,0,0,0,0,0,0,0,0,0,0,1,-1,NO IDENTIFICADO,NO IDENTIFICADO,CONDUCTOR AUSENTE,NO,NO,2
5625,17256,17257,2017,2,0,-0.133601,-78.501838,PICHINCHA,QUITO,QUITO,URBANA,2017-08-06,06:30:00,6,DOMINGO,7,AGOSTO,8,NO,CONDUCIR VEHICULO SUPERANDO LOS LIMITES MAXIMOS DE VELOCIDAD.,ESTRELLAMIENTOS,VEHICULO DEPORTIVO UTILITARIO,0,0,0,0,1,0,0,0,0,0,0,0,1,2,48,HOMBRE,LESIONADO,CONDUCTOR PRESENTE,NO,NO,0
5626,17262,17263,2017,1,0,-0.201667,-78.476303,PICHINCHA,QUITO,QUITO,URBANA,2017-08-06,08:13:00,8,DOMINGO,7,AGOSTO,8,NO,CONDUCIR VEHICULO SUPERANDO LOS LIMITES MAXIMOS DE VELOCIDAD.,PERDIDA DE PISTA,VEHICULO DEPORTIVO UTILITARIO,0,0,0,0,0,0,0,0,0,0,0,0,1,1,26,HOMBRE,LESIONADO,CONDUCTOR PRESENTE,NO,NO,0
5627,17265,17266,2017,0,0,-0.251137,-78.534081,PICHINCHA,QUITO,QUITO,URBANA,2017-08-06,08:35:00,8,DOMINGO,7,AGOSTO,8,NO,"NO RESPETAR LAS SENIALES REGLAMENTARIAS DE TRANSITO. (PARE, CEDA EL PASO, LUZ ROJA DEL SEMAFORO, ETC).",CHOQUE LATERAL,MOTOCICLETA,1,0,0,0,0,0,0,0,1,0,0,0,0,2,34,HOMBRE,ILESO,CONDUCTOR PRESENTE,NO,NO,0
5628,17267,17268,2017,2,0,-0.150393,-78.453592,PICHINCHA,QUITO,QUITO,URBANA,2017-08-06,10:50:00,10,DOMINGO,7,AGOSTO,8,NO,CONDUCIR VEHICULO SUPERANDO LOS LIMITES MAXIMOS DE VELOCIDAD.,PERDIDA DE PISTA,MOTOCICLETA,0,0,0,0,0,0,0,0,1,0,0,0,0,1,23,HOMBRE,LESIONADO,CONDUCTOR PRESENTE,NO,NO,0
5629,17276,17277,2017,0,1,-0.323661,-78.556475,PICHINCHA,QUITO,QUITO,URBANA,2017-08-06,15:32:00,15,DOMINGO,7,AGOSTO,8,NO,NO CEDER EL DERECHO DE VIA O PREFERENCIA DE PASO AL PEATON.,ATROPELLOS,NO IDENTIFICADO,0,0,0,0,0,0,0,0,0,1,0,0,0,1,73,HOMBRE,FALLECIDO,PEATON,NO,NO,0
5630,17277,17278,2017,0,0,-0.096629,-78.404502,PICHINCHA,QUITO,CALDERON (CARAPUNGO),RURAL,2017-08-06,16:00:00,16,DOMINGO,7,AGOSTO,8,NO,"CONDUCIR DESATENTO A LAS CONDICIONES DE TRANSITO (CELULAR, PANTALLAS DE VIDEO, COMIDA, MAQUILLAJE O CUALQUIER OTRO ELEMENTO DISTRACTOR).",COLISION,AUTOMOVIL,1,0,0,0,0,0,0,0,0,0,0,0,0,1,40,HOMBRE,ILESO,CONDUCTOR PRESENTE,NO,NO,3
5631,17288,17289,2017,1,0,-0.273684,-78.520571,PICHINCHA,QUITO,QUITO,URBANA,2017-08-06,17:15:00,17,DOMINGO,7,AGOSTO,8,NO,"NO RESPETAR LAS SENIALES REGLAMENTARIAS DE TRANSITO. (PARE, CEDA EL PASO, LUZ ROJA DEL SEMAFORO, ETC).",ATROPELLOS,NO IDENTIFICADO,0,0,0,0,0,0,0,0,0,1,0,0,0,1,9,HOMBRE,LESIONADO,PEATON,NO,NO,0
5632,17289,17290,2017,1,0,-0.225286,-78.515005,PICHINCHA,QUITO,QUITO,URBANA,2017-08-06,17:20:00,17,DOMINGO,7,AGOSTO,8,NO,NO TRANSITAR POR LAS ACERAS O ZONAS DE SEGURIDAD DESTINADAS PARA EL EFECTO.,ATROPELLOS,AUTOMOVIL,1,0,0,0,0,0,0,0,0,0,0,0,0,1,14,MUJER,LESIONADO,PEATON,NO,NO,0
5633,17291,17292,2017,2,0,-0.216446,-78.525713,PICHINCHA,QUITO,QUITO,URBANA,2017-08-06,17:30:00,17,DOMINGO,7,AGOSTO,8,NO,"CONDUCIR DESATENTO A LAS CONDICIONES DE TRANSITO (CELULAR, PANTALLAS DE VIDEO, COMIDA, MAQUILLAJE O CUALQUIER OTRO ELEMENTO DISTRACTOR).",ATROPELLOS,AUTOMOVIL,1,0,0,0,0,0,0,0,0,0,0,0,0,1,1,HOMBRE,LESIONADO,PEATON,NO,NO,0
5634,17296,17297,2017,1,0,-0.211756,-78.385334,PICHINCHA,QUITO,TUMBACO,RURAL,2017-08-06,19:15:00,19,DOMINGO,7,AGOSTO,8,NO,CONDUCIR VEHICULO SUPERANDO LOS LIMITES MAXIMOS DE VELOCIDAD.,PERDIDA DE PISTA,MOTOCICLETA,0,0,0,0,0,0,0,0,1,0,0,0,0,1,26,HOMBRE,LESIONADO,PASAJERO,NO,NO,3
5635,17301,17302,2017,2,1,-0.197677,-78.500203,PICHINCHA,QUITO,QUITO,URBANA,2017-08-06,20:14:00,20,DOMINGO,7,AGOSTO,8,NO,"NO RESPETAR LAS SENIALES REGLAMENTARIAS DE TRANSITO. (PARE, CEDA EL PASO, LUZ ROJA DEL SEMAFORO, ETC).",CHOQUE LATERAL,MOTOCICLETA,0,0,0,0,0,0,0,0,2,0,0,0,0,2,26,HOMBRE,FALLECIDO,CONDUCTOR PRESENTE,NO,NO,0
5636,17311,17312,2017,0,0,-0.198855,-78.436693,PICHINCHA,QUITO,CUMBAYA,RURAL,2017-08-06,22:00:00,22,DOMINGO,7,AGOSTO,8,NO,NO CEDER EL DERECHO DE VIA O PREFERENCIA DE PASO A VEHICULOS.,CHOQUE LATERAL,CAMIONETA,0,0,0,0,2,0,0,0,0,0,0,0,0,2,24,HOMBRE,ILESO,CONDUCTOR PRESENTE,NO,NO,3
5637,17313,17314,2017,0,1,-0.213774,-78.334084,PICHINCHA,QUITO,PIFO,URBANA,2017-08-06,22:45:00,22,DOMINGO,7,AGOSTO,8,NO,NO CEDER EL DERECHO DE VIA O PREFERENCIA DE PASO AL PEATON.,ARROLLAMIENTOS,NO IDENTIFICADO,0,0,0,0,0,0,0,0,0,1,0,0,0,1,70,HOMBRE,FALLECIDO,PEATON,NO,NO,0
5638,17318,17319,2017,8,0,-0.437525,-78.704237,PICHINCHA,MEJIA,ALOAG,RURAL,2017-08-07,00:45:00,0,LUNES,1,AGOSTO,8,NO,"CONDUCIR DESATENTO A LAS CONDICIONES DE TRANSITO (CELULAR, PANTALLAS DE VIDEO, COMIDA, MAQUILLAJE O CUALQUIER OTRO ELEMENTO DISTRACTOR).",ESTRELLAMIENTOS,BUS,0,0,1,0,0,0,0,0,0,0,0,0,0,1,23,MUJER,LESIONADO,PASAJERO,NO,NO,3
5639,17327,17328,2017,0,0,-0.106257,-78.462227,PICHINCHA,QUITO,QUITO,RURAL,2017-08-07,08:22:00,8,LUNES,1,AGOSTO,8,NO,NO GUARDAR LA DISTANCIA LATERAL MINIMA DE SEGURIDAD ENTRE VEHICULOS.,ROZAMIENTOS,AUTOMOVIL,1,0,0,1,0,0,0,0,0,0,0,0,0,2,41,MUJER,ILESO,CONDUCTOR PRESENTE,NO,NO,3
5640,17338,17339,2017,0,0,-0.118791,-78.464018,PICHINCHA,QUITO,QUITO,URBANA,2017-08-07,11:05:00,11,LUNES,1,AGOSTO,8,NO,"CONDUCIR DESATENTO A LAS CONDICIONES DE TRANSITO (CELULAR, PANTALLAS DE VIDEO, COMIDA, MAQUILLAJE O CUALQUIER OTRO ELEMENTO DISTRACTOR).",ESTRELLAMIENTOS,NO IDENTIFICADO,0,0,0,0,0,0,0,0,0,1,0,0,0,1,-1,NO IDENTIFICADO,NO IDENTIFICADO,CONDUCTOR AUSENTE,NO,NO,2
5641,17339,17340,2017,1,0,-0.459571,-78.597118,PICHINCHA,MEJIA,ALOAG,RURAL,2017-08-07,11:20:00,11,LUNES,1,AGOSTO,8,NO,NO GUARDAR LA DISTANCIA LATERAL MINIMA DE SEGURIDAD ENTRE VEHICULOS.,CHOQUE LATERAL,CAMION,0,0,0,1,1,0,0,0,0,0,0,0,0,2,46,HOMBRE,LESIONADO,CONDUCTOR PRESENTE,NO,NO,3
5642,17342,17343,2017,1,0,-0.175523,-78.488366,PICHINCHA,QUITO,QUITO,URBANA,2017-08-07,12:00:00,12,LUNES,1,AGOSTO,8,NO,NO CEDER EL DERECHO DE VIA O PREFERENCIA DE PASO AL PEATON.,ATROPELLOS,NO IDENTIFICADO,0,0,0,0,0,0,0,0,0,1,0,0,0,1,20,MUJER,LESIONADO,PEATON,NO,NO,0
5643,17344,17345,2017,0,0,-0.177282,-78.359537,PICHINCHA,QUITO,PUEMBO,RURAL,2017-08-07,12:20:00,12,LUNES,1,AGOSTO,8,NO,"NO RESPETAR LAS SENIALES REGLAMENTARIAS DE TRANSITO. (PARE, CEDA EL PASO, LUZ ROJA DEL SEMAFORO, ETC).",CHOQUE LATERAL,VEHICULO DEPORTIVO UTILITARIO,1,0,0,0,0,0,0,0,0,0,0,0,1,2,70,HOMBRE,ILESO,CONDUCTOR PRESENTE,NO,NO,3
5644,17345,17346,2017,1,0,-0.117995,-78.506546,PICHINCHA,QUITO,QUITO,URBANA,2017-08-07,12:50:00,12,LUNES,1,AGOSTO,8,NO,NO MANTENER LA DISTANCIA PRUDENCIAL CON RESPECTO AL VEHICULO QUE LE ANTECEDE.,CHOQUE POSTERIOR,CAMIONETA,1,0,0,0,1,0,0,0,0,0,0,0,0,2,33,MUJER,LESIONADO,PASAJERO,NO,NO,0
5645,17346,17347,2017,1,0,-0.174794,-78.491591,PICHINCHA,QUITO,QUITO,URBANA,2017-08-07,12:59:00,12,LUNES,1,AGOSTO,8,NO,BAJARSE O SUBIRSE DE VEHICULOS EN MOVIMIENTO SIN TOMAR LAS PRECAUCIONES DEBIDAS.,CAIDA DE PASAJERO,NO IDENTIFICADO,0,0,0,0,0,0,0,0,0,1,0,0,0,1,21,HOMBRE,LESIONADO,PASAJERO,NO,NO,0
5646,17350,17351,2017,0,0,-0.273707,-78.537301,PICHINCHA,QUITO,QUITO,URBANA,2017-08-07,13:40:00,13,LUNES,1,AGOSTO,8,NO,NO GUARDAR LA DISTANCIA LATERAL MINIMA DE SEGURIDAD ENTRE VEHICULOS.,ROZAMIENTOS,CAMIONETA,1,0,0,0,1,0,0,0,0,0,0,0,0,2,26,HOMBRE,ILESO,CONDUCTOR PRESENTE,NO,NO,0
5647,17351,17352,2017,0,0,-0.119451,-78.506659,PICHINCHA,QUITO,QUITO,URBANA,2017-08-07,14:40:00,14,LUNES,1,AGOSTO,8,NO,"NO RESPETAR LAS SENIALES REGLAMENTARIAS DE TRANSITO. (PARE, CEDA EL PASO, LUZ ROJA DEL SEMAFORO, ETC).",CHOQUE LATERAL,MOTOCICLETA,1,0,0,0,0,0,0,0,2,0,0,0,0,3,21,HOMBRE,ILESO,CONDUCTOR PRESENTE,NO,NO,0
5648,17352,17353,2017,1,0,-0.116659,-78.474228,PICHINCHA,QUITO,QUITO,URBANA,2017-08-07,14:45:00,14,LUNES,1,AGOSTO,8,NO,"CONDUCE BAJO LA INFLUENCIA DE ALCOHOL, SUSTANCIAS ESTUPEFACIENTES O PSICOTROPICAS Y/O MEDICAMENTOS.",CHOQUE LATERAL,MOTOCICLETA,1,0,0,0,0,0,0,0,1,0,0,0,0,2,50,HOMBRE,LESIONADO,CONDUCTOR PRESENTE,NO,NO,0
5649,17356,17357,2017,1,0,-0.158331,-78.482512,PICHINCHA,QUITO,QUITO,URBANA,2017-08-07,16:10:00,16,LUNES,1,AGOSTO,8,NO,"NO RESPETAR LAS SENIALES REGLAMENTARIAS DE TRANSITO. (PARE, CEDA EL PASO, LUZ ROJA DEL SEMAFORO, ETC).",CHOQUE LATERAL,MOTOCICLETA,0,0,0,0,0,0,0,0,1,1,0,0,0,2,25,HOMBRE,LESIONADO,CONDUCTOR PRESENTE,NO,NO,0
5650,17361,17362,2017,1,0,-0.162802,-78.319516,PICHINCHA,QUITO,YARUQUI,RURAL,2017-08-07,17:57:00,17,LUNES,1,AGOSTO,8,NO,NO CEDER EL DERECHO DE VIA O PREFERENCIA DE PASO AL PEATON.,ATROPELLOS,NO IDENTIFICADO,0,0,0,0,0,0,0,0,0,1,0,0,0,1,29,MUJER,LESIONADO,PEATON,NO,NO,3
5651,17367,17368,2017,1,0,-0.117893,-78.358046,PICHINCHA,QUITO,TABABELA,RURAL,2017-08-07,19:30:00,19,LUNES,1,AGOSTO,8,NO,NO CEDER EL DERECHO DE VIA O PREFERENCIA DE PASO A VEHICULOS.,CHOQUE LATERAL,AUTOMOVIL,1,0,0,0,0,0,0,0,1,0,0,0,0,2,20,HOMBRE,LESIONADO,CONDUCTOR PRESENTE,NO,NO,3
5652,17374,17375,2017,0,0,-0.304063,-78.559177,PICHINCHA,QUITO,QUITO,URBANA,2017-08-08,00:33:00,0,MARTES,2,AGOSTO,8,NO,"CONDUCE BAJO LA INFLUENCIA DE ALCOHOL, SUSTANCIAS ESTUPEFACIENTES O PSICOTROPICAS Y/O MEDICAMENTOS.",CHOQUE POSTERIOR,AUTOMOVIL,2,0,0,0,0,0,0,0,0,0,0,0,0,2,22,HOMBRE,ILESO,CONDUCTOR PRESENTE,NO,NO,0
5653,17378,17379,2017,1,0,-0.081889,-78.408694,PICHINCHA,QUITO,CALDERON (CARAPUNGO),URBANA,2017-08-08,04:50:00,4,MARTES,2,AGOSTO,8,NO,"CONDUCIR EN ESTADO DE SOMNOLENCIA O MALAS CONDICIONES FISICAS (SUENIO, CANSANCIO Y FATIGA).",ESTRELLAMIENTOS,CAMIONETA,0,0,0,0,1,0,0,0,0,0,0,0,0,1,39,HOMBRE,LESIONADO,CONDUCTOR PRESENTE,NO,NO,0
5654,17379,17380,2017,0,0,-0.297278,-78.567182,PICHINCHA,QUITO,QUITO,URBANA,2017-08-08,05:21:00,5,MARTES,2,AGOSTO,8,NO,"CONDUCIR DESATENTO A LAS CONDICIONES DE TRANSITO (CELULAR, PANTALLAS DE VIDEO, COMIDA, MAQUILLAJE O CUALQUIER OTRO ELEMENTO DISTRACTOR).",CHOQUE LATERAL,BUS,1,0,1,0,0,0,0,0,0,0,0,0,0,2,45,HOMBRE,ILESO,CONDUCTOR PRESENTE,NO,NO,0
5655,17385,17386,2017,0,0,-0.254205,-78.484058,PICHINCHA,QUITO,QUITO,URBANA,2017-08-08,07:30:00,7,MARTES,2,AGOSTO,8,NO,REALIZAR CAMBIO BRUSCO O INDEBIDO DE CARRIL.,ESTRELLAMIENTOS,AUTOMOVIL,1,0,0,0,0,0,0,0,0,0,0,0,0,1,-1,NO IDENTIFICADO,NO IDENTIFICADO,CONDUCTOR AUSENTE,NO,NO,2
5656,17389,17390,2017,0,0,-0.365913,-78.475381,PICHINCHA,RUMINIAHUI,SANGOLQUI,URBANA,2017-08-08,09:15:00,9,MARTES,2,AGOSTO,8,NO,"CONDUCIR DESATENTO A LAS CONDICIONES DE TRANSITO (CELULAR, PANTALLAS DE VIDEO, COMIDA, MAQUILLAJE O CUALQUIER OTRO ELEMENTO DISTRACTOR).",CHOQUE LATERAL,CAMION,1,0,0,1,0,0,0,0,0,0,0,0,0,2,45,HOMBRE,ILESO,CONDUCTOR PRESENTE,NO,NO,0
5657,17390,17391,2017,1,0,-0.309001,-78.562881,PICHINCHA,QUITO,QUITO,URBANA,2017-08-08,09:47:00,9,MARTES,2,AGOSTO,8,NO,NO TRANSITAR POR LAS ACERAS O ZONAS DE SEGURIDAD DESTINADAS PARA EL EFECTO.,ATROPELLOS,NO IDENTIFICADO,0,0,0,0,0,0,0,0,0,1,0,0,0,1,14,HOMBRE,LESIONADO,PEATON,NO,NO,0
5658,17391,17392,2017,1,0,-0.185435,-78.490973,PICHINCHA,QUITO,QUITO,URBANA,2017-08-08,10:00:00,10,MARTES,2,AGOSTO,8,NO,NO CEDER EL DERECHO DE VIA O PREFERENCIA DE PASO AL PEATON.,ATROPELLOS,BUS,0,0,1,0,0,0,0,0,0,0,0,0,0,1,42,HOMBRE,LESIONADO,PEATON,NO,NO,0
5659,17392,17393,2017,0,0,-0.100622,-78.472207,PICHINCHA,QUITO,QUITO,URBANA,2017-08-08,10:15:00,10,MARTES,2,AGOSTO,8,NO,"CONDUCIR DESATENTO A LAS CONDICIONES DE TRANSITO (CELULAR, PANTALLAS DE VIDEO, COMIDA, MAQUILLAJE O CUALQUIER OTRO ELEMENTO DISTRACTOR).",CHOQUE POSTERIOR,AUTOMOVIL,1,0,0,0,1,0,0,0,0,0,0,0,0,2,60,HOMBRE,ILESO,CONDUCTOR PRESENTE,NO,NO,0
5660,17393,17394,2017,1,0,-0.187894,-78.491709,PICHINCHA,QUITO,QUITO,URBANA,2017-08-08,10:45:00,10,MARTES,2,AGOSTO,8,NO,NO TRANSITAR POR LAS ACERAS O ZONAS DE SEGURIDAD DESTINADAS PARA EL EFECTO.,ATROPELLOS,AUTOMOVIL,1,0,0,0,0,0,0,0,0,0,0,0,0,1,90,HOMBRE,LESIONADO,PEATON,NO,NO,0
5661,17395,17396,2017,1,0,-0.105583,-78.499743,PICHINCHA,QUITO,QUITO,RURAL,2017-08-08,11:20:00,11,MARTES,2,AGOSTO,8,NO,"NO RESPETAR LAS SENIALES REGLAMENTARIAS DE TRANSITO. (PARE, CEDA EL PASO, LUZ ROJA DEL SEMAFORO, ETC).",CHOQUE LATERAL,AUTOMOVIL,2,0,0,0,0,0,0,0,0,0,0,0,0,2,27,MUJER,LESIONADO,CONDUCTOR PRESENTE,NO,NO,3