,Unnamed: 0,ID,ANIO,LESIONADOS,FALLECIDOS,LATITUD_Y,LONGITUD_X,PROVINCIA,CANTON,PARROQUIA,ZONA,FECHA,HORA,PERIODO_2,DIA_1,DIA_2,MES_1,MES_2,FERIADO,CAUSA_PROBABLE,TIPO_DE_SINIESTRO,TIPO_DE_VEHICULO_1,AUTOMOVIL,BICICLETA,BUS,CAMION,CAMIONETA,EMERGENCIAS,ESPECIAL,FURGONETA,MOTOCICLETA,NO_IDENTIFICADO,SCOOTER_ELECTRICO,TRICIMOTO,VEHICULO_DEPORTIVO_UTILITARIO,SUMA_DE_VEHICULOS,EDAD_1,SEXO_1,CONDICION_1,PARTICIPANTE_1,CASCO_1,CINTURON_1,KMeans_Cluster
5662,17396,17397,2017,0,0,-0.174635,-78.485345,PICHINCHA,QUITO,QUITO,URBANA,2017-08-08,11:55:00,11,MARTES,2,AGOSTO,8,NO,"NO RESPETAR LAS SENIALES REGLAMENTARIAS DE TRANSITO. (PARE, CEDA EL PASO, LUZ ROJA DEL SEMAFORO, ETC).",CHOQUE LATERAL,CAMIONETA,0,0,0,0,1,0,0,0,0,0,0,0,1,2,40,HOMBRE,ILESO,CONDUCTOR PRESENTE,NO,NO,0
5663,17398,17399,2017,0,0,-0.193041,-78.490251,PICHINCHA,QUITO,QUITO,URBANA,2017-08-08,12:20:00,12,MARTES,2,AGOSTO,8,NO,"NO RESPETAR LAS SENIALES REGLAMENTARIAS DE TRANSITO. (PARE, CEDA EL PASO, LUZ ROJA DEL SEMAFORO, ETC).",CHOQUE LATERAL,AUTOMOVIL,1,0,0,0,0,0,0,0,0,1,0,0,0,2,31,HOMBRE,ILESO,CONDUCTOR PRESENTE,NO,NO,0
5664,17399,17400,2017,1,0,-0.179484,-78.481435,PICHINCHA,QUITO,QUITO,URBANA,2017-08-08,12:40:00,12,MARTES,2,AGOSTO,8,NO,"CONDUCIR DESATENTO A LAS CONDICIONES DE TRANSITO (CELULAR, PANTALLAS DE VIDEO, COMIDA, MAQUILLAJE O CUALQUIER OTRO ELEMENTO DISTRACTOR).",COLISION,AUTOMOVIL,2,0,0,0,0,0,0,0,0,0,0,0,2,4,80,MUJER,LESIONADO,CONDUCTOR PRESENTE,NO,NO,0
5665,17400,17401,2017,1,0,-0.197253,-78.489843,PICHINCHA,QUITO,QUITO,URBANA,2017-08-08,12:50:00,12,MARTES,2,AGOSTO,8,NO,"NO RESPETAR LAS SENIALES REGLAMENTARIAS DE TRANSITO. (PARE, CEDA EL PASO, LUZ ROJA DEL SEMAFORO, ETC).",CHOQUE LATERAL,AUTOMOVIL,1,0,0,0,0,0,0,0,1,0,0,0,0,2,51,HOMBRE,LESIONADO,CONDUCTOR PRESENTE,NO,NO,0
5666,17402,17403,2017,0,0,-0.175709,-78.485621,PICHINCHA,QUITO,QUITO,URBANA,2017-08-08,12:54:00,12,MARTES,2,AGOSTO,8,NO,NO MANTENER LA DISTANCIA PRUDENCIAL CON RESPECTO AL VEHICULO QUE LE ANTECEDE.,CHOQUE POSTERIOR,CAMIONETA,1,0,0,0,1,0,0,0,0,0,0,0,0,2,55,HOMBRE,ILESO,CONDUCTOR PRESENTE,NO,NO,0
5667,17403,17404,2017,0,0,-0.452386,-78.591642,PICHINCHA,MEJIA,ALOAG,RURAL,2017-08-08,13:15:00,13,MARTES,2,AGOSTO,8,NO,CONDUCIR VEHICULO SUPERANDO LOS LIMITES MAXIMOS DE VELOCIDAD.,PERDIDA DE PISTA,CAMION,0,0,0,2,1,0,0,0,0,0,0,0,1,4,56,HOMBRE,ILESO,CONDUCTOR PRESENTE,NO,NO,3
5668,17405,17406,2017,0,0,-0.116011,-78.479444,PICHINCHA,QUITO,QUITO,RURAL,2017-08-08,13:45:00,13,MARTES,2,AGOSTO,8,NO,"CONDUCIR DESATENTO A LAS CONDICIONES DE TRANSITO (CELULAR, PANTALLAS DE VIDEO, COMIDA, MAQUILLAJE O CUALQUIER OTRO ELEMENTO DISTRACTOR).",COLISION,AUTOMOVIL,3,0,0,0,0,0,0,0,0,0,0,0,1,4,30,HOMBRE,ILESO,CONDUCTOR PRESENTE,NO,NO,3
5669,17408,17409,2017,1,0,-0.175523,-78.488366,PICHINCHA,QUITO,QUITO,URBANA,2017-08-08,14:30:00,14,MARTES,2,AGOSTO,8,NO,NO CEDER EL DERECHO DE VIA O PREFERENCIA DE PASO AL PEATON.,ATROPELLOS,CAMIONETA,0,0,0,0,1,0,0,0,0,0,0,0,0,1,43,HOMBRE,LESIONADO,PEATON,NO,NO,0
5670,17412,17413,2017,0,0,-0.223154,-78.512842,PICHINCHA,QUITO,QUITO,URBANA,2017-08-08,16:40:00,16,MARTES,2,AGOSTO,8,NO,NO CEDER EL DERECHO DE VIA O PREFERENCIA DE PASO A VEHICULOS.,CHOQUE LATERAL,BUS,1,0,1,0,0,0,0,0,0,0,0,0,0,2,46,HOMBRE,ILESO,CONDUCTOR PRESENTE,NO,NO,0
5671,17413,17414,2017,1,0,-0.159777,-78.480489,PICHINCHA,QUITO,QUITO,URBANA,2017-08-08,17:50:00,17,MARTES,2,AGOSTO,8,NO,"NO RESPETAR LAS SENIALES REGLAMENTARIAS DE TRANSITO. (PARE, CEDA EL PASO, LUZ ROJA DEL SEMAFORO, ETC).",CHOQUE LATERAL,VEHICULO DEPORTIVO UTILITARIO,1,0,0,0,0,0,0,0,0,0,0,0,1,2,39,MUJER,LESIONADO,PASAJERO,NO,NO,0
5672,17417,17418,2017,0,0,-0.219304,-78.383374,PICHINCHA,QUITO,TUMBACO,RURAL,2017-08-08,18:15:00,18,MARTES,2,AGOSTO,8,NO,"CONDUCE BAJO LA INFLUENCIA DE ALCOHOL, SUSTANCIAS ESTUPEFACIENTES O PSICOTROPICAS Y/O MEDICAMENTOS.",CHOQUE LATERAL,FURGONETA,0,0,0,0,0,0,0,1,0,0,0,0,1,2,28,HOMBRE,ILESO,CONDUCTOR PRESENTE,NO,NO,3
5673,17419,17420,2017,0,0,-0.120424,-78.415686,PICHINCHA,QUITO,CALDERON (CARAPUNGO),RURAL,2017-08-08,21:30:00,21,MARTES,2,AGOSTO,8,NO,"NO RESPETAR LAS SENIALES REGLAMENTARIAS DE TRANSITO. (PARE, CEDA EL PASO, LUZ ROJA DEL SEMAFORO, ETC).",CHOQUE LATERAL,MOTOCICLETA,1,0,0,0,0,0,0,0,1,0,0,0,0,2,21,HOMBRE,ILESO,CONDUCTOR PRESENTE,NO,NO,3
5674,17420,17421,2017,0,0,0.047507,-78.217828,PICHINCHA,PEDRO MONCAYO,TABACUNDO,URBANA,2017-08-08,22:30:00,22,MARTES,2,AGOSTO,8,NO,"NO RESPETAR LAS SENIALES REGLAMENTARIAS DE TRANSITO. (PARE, CEDA EL PASO, LUZ ROJA DEL SEMAFORO, ETC).",CHOQUE LATERAL,BUS,1,0,1,0,0,0,0,0,0,0,0,0,0,2,-1,HOMBRE,ILESO,CONDUCTOR PRESENTE,NO,NO,0
5675,17421,17422,2017,0,0,-0.272603,-78.336771,PICHINCHA,QUITO,PIFO,URBANA,2017-08-09,00:00:00,0,MIERCOLES,3,AGOSTO,8,NO,"CONDUCIR DESATENTO A LAS CONDICIONES DE TRANSITO (CELULAR, PANTALLAS DE VIDEO, COMIDA, MAQUILLAJE O CUALQUIER OTRO ELEMENTO DISTRACTOR).",ESTRELLAMIENTOS,VEHICULO DEPORTIVO UTILITARIO,0,0,0,0,0,0,0,0,0,0,0,0,1,1,-1,NO IDENTIFICADO,NO IDENTIFICADO,CONDUCTOR AUSENTE,NO,NO,2
5676,17424,17425,2017,4,0,0.010572,-78.564555,PICHINCHA,QUITO,CALACALI,RURAL,2017-08-09,04:00:00,4,MIERCOLES,3,AGOSTO,8,NO,"CONDUCIR DESATENTO A LAS CONDICIONES DE TRANSITO (CELULAR, PANTALLAS DE VIDEO, COMIDA, MAQUILLAJE O CUALQUIER OTRO ELEMENTO DISTRACTOR).",CHOQUE FRONTAL,AUTOMOVIL,2,0,0,0,0,0,0,0,0,0,0,0,0,2,27,HOMBRE,LESIONADO,PASAJERO,NO,NO,3
5677,17425,17426,2017,1,0,-0.237667,-78.484685,PICHINCHA,QUITO,QUITO,URBANA,2017-08-09,06:40:00,6,MIERCOLES,3,AGOSTO,8,NO,CONDUCIR VEHICULO SUPERANDO LOS LIMITES MAXIMOS DE VELOCIDAD.,COLISION,AUTOMOVIL,1,0,0,0,0,0,0,0,0,0,0,0,0,1,58,HOMBRE,LESIONADO,CONDUCTOR PRESENTE,NO,SI,0
5678,17427,17428,2017,0,1,-0.426441,-78.551886,PICHINCHA,MEJIA,TAMBILLO (MEJIA),RURAL,2017-08-09,06:45:00,6,MIERCOLES,3,AGOSTO,8,NO,NO CEDER EL DERECHO DE VIA O PREFERENCIA DE PASO AL PEATON.,ATROPELLOS,CAMION,0,0,0,1,0,0,0,0,0,0,0,0,0,1,24,MUJER,FALLECIDO,PEATON,NO,NO,3
5679,17429,17430,2017,0,0,-0.093565,-78.479751,PICHINCHA,QUITO,QUITO,URBANA,2017-08-09,07:40:00,7,MIERCOLES,3,AGOSTO,8,NO,"CONDUCE BAJO LA INFLUENCIA DE ALCOHOL, SUSTANCIAS ESTUPEFACIENTES O PSICOTROPICAS Y/O MEDICAMENTOS.",COLISION,VEHICULO DEPORTIVO UTILITARIO,3,0,0,0,0,0,0,0,0,0,0,0,1,4,40,HOMBRE,ILESO,CONDUCTOR PRESENTE,NO,NO,0
5680,17433,17434,2017,1,0,-0.292724,-78.476486,PICHINCHA,QUITO,CONOCOTO,RURAL,2017-08-09,09:17:00,9,MIERCOLES,3,AGOSTO,8,NO,"CONDUCIR DESATENTO A LAS CONDICIONES DE TRANSITO (CELULAR, PANTALLAS DE VIDEO, COMIDA, MAQUILLAJE O CUALQUIER OTRO ELEMENTO DISTRACTOR).",COLISION,AUTOMOVIL,1,0,0,0,1,0,0,1,0,0,0,0,0,3,33,MUJER,LESIONADO,PASAJERO,NO,NO,3
5681,17435,17436,2017,0,0,-0.144216,-78.469414,PICHINCHA,QUITO,QUITO,URBANA,2017-08-09,09:55:00,9,MIERCOLES,3,AGOSTO,8,NO,NO MANTENER LA DISTANCIA PRUDENCIAL CON RESPECTO AL VEHICULO QUE LE ANTECEDE.,CHOQUE POSTERIOR,MOTOCICLETA,0,0,0,0,0,0,0,0,1,1,0,0,0,2,20,HOMBRE,ILESO,CONDUCTOR PRESENTE,NO,NO,0
5682,17438,17439,2017,1,0,-0.189334,-78.489888,PICHINCHA,QUITO,QUITO,URBANA,2017-08-09,10:45:00,10,MIERCOLES,3,AGOSTO,8,NO,NO CEDER EL DERECHO DE VIA O PREFERENCIA DE PASO AL PEATON.,ATROPELLOS,NO IDENTIFICADO,0,0,0,0,0,0,0,0,0,1,0,0,0,1,66,MUJER,LESIONADO,PEATON,NO,NO,0
5683,17439,17440,2017,1,0,-0.258418,-78.544605,PICHINCHA,QUITO,QUITO,URBANA,2017-08-09,11:30:00,11,MIERCOLES,3,AGOSTO,8,NO,NO CEDER EL DERECHO DE VIA O PREFERENCIA DE PASO A VEHICULOS.,CHOQUE LATERAL,CAMIONETA,0,1,0,0,1,0,0,0,0,0,0,0,0,2,14,HOMBRE,LESIONADO,CONDUCTOR PRESENTE,NO,NO,0
5684,17440,17441,2017,0,0,-0.115381,-78.490774,PICHINCHA,QUITO,QUITO,URBANA,2017-08-09,11:45:00,11,MIERCOLES,3,AGOSTO,8,NO,"CONDUCIR DESATENTO A LAS CONDICIONES DE TRANSITO (CELULAR, PANTALLAS DE VIDEO, COMIDA, MAQUILLAJE O CUALQUIER OTRO ELEMENTO DISTRACTOR).",ESTRELLAMIENTOS,FURGONETA,0,0,0,0,0,0,0,1,0,1,0,0,0,2,54,HOMBRE,ILESO,CONDUCTOR PRESENTE,NO,NO,0
5685,17441,17442,2017,1,0,-0.208542,-78.495699,PICHINCHA,QUITO,QUITO,URBANA,2017-08-09,11:45:00,11,MIERCOLES,3,AGOSTO,8,NO,"NO RESPETAR LAS SENIALES REGLAMENTARIAS DE TRANSITO. (PARE, CEDA EL PASO, LUZ ROJA DEL SEMAFORO, ETC).",CHOQUE LATERAL,AUTOMOVIL,1,0,0,0,0,0,0,0,1,0,0,0,0,2,24,HOMBRE,LESIONADO,CONDUCTOR PRESENTE,NO,NO,0
5686,17442,17443,2017,0,0,-0.065274,-78.457138,PICHINCHA,QUITO,POMASQUI,URBANA,2017-08-09,11:59:00,11,MIERCOLES,3,AGOSTO,8,NO,CONDUCIR VEHICULO SUPERANDO LOS LIMITES MAXIMOS DE VELOCIDAD.,ESTRELLAMIENTOS,AUTOMOVIL,1,0,0,0,0,0,0,0,0,0,0,0,0,1,-1,NO IDENTIFICADO,NO IDENTIFICADO,CONDUCTOR AUSENTE,NO,NO,2
5687,17445,17446,2017,0,0,-0.195641,-78.484241,PICHINCHA,QUITO,QUITO,URBANA,2017-08-09,14:10:00,14,MIERCOLES,3,AGOSTO,8,NO,NO GUARDAR LA DISTANCIA LATERAL MINIMA DE SEGURIDAD ENTRE VEHICULOS.,ROZAMIENTOS,AUTOMOVIL,1,0,0,0,0,0,0,0,0,1,0,0,0,2,34,HOMBRE,ILESO,CONDUCTOR PRESENTE,NO,NO,0
5688,17448,17449,2017,0,0,-0.176588,-78.481024,PICHINCHA,QUITO,QUITO,URBANA,2017-08-09,15:04:00,15,MIERCOLES,3,AGOSTO,8,NO,NO GUARDAR LA DISTANCIA LATERAL MINIMA DE SEGURIDAD ENTRE VEHICULOS.,ROZAMIENTOS,AUTOMOVIL,2,0,0,0,0,0,0,0,0,0,0,0,0,2,29,HOMBRE,ILESO,CONDUCTOR PRESENTE,NO,NO,0
5689,17450,17451,2017,0,0,-0.125714,-78.500374,PICHINCHA,QUITO,QUITO,URBANA,2017-08-09,15:40:00,15,MIERCOLES,3,AGOSTO,8,NO,"NO RESPETAR LAS SENIALES REGLAMENTARIAS DE TRANSITO. (PARE, CEDA EL PASO, LUZ ROJA DEL SEMAFORO, ETC).",CHOQUE LATERAL,VEHICULO DEPORTIVO UTILITARIO,1,0,0,0,0,0,0,0,0,0,0,0,1,2,43,HOMBRE,ILESO,CONDUCTOR PRESENTE,NO,NO,0
5690,17454,17455,2017,1,0,-0.208758,-78.495594,PICHINCHA,QUITO,QUITO,URBANA,2017-08-09,16:27:00,16,MIERCOLES,3,AGOSTO,8,NO,"NO RESPETAR LAS SENIALES REGLAMENTARIAS DE TRANSITO. (PARE, CEDA EL PASO, LUZ ROJA DEL SEMAFORO, ETC).",CHOQUE LATERAL,AUTOMOVIL,1,0,1,0,0,0,0,0,0,0,0,0,0,2,45,MUJER,LESIONADO,PASAJERO,NO,NO,0
5691,17457,17458,2017,1,0,-0.515165,-78.575738,PICHINCHA,MEJIA,MACHACHI,RURAL,2017-08-09,17:30:00,17,MIERCOLES,3,AGOSTO,8,NO,NO TRANSITAR POR LAS ACERAS O ZONAS DE SEGURIDAD DESTINADAS PARA EL EFECTO.,ATROPELLOS,BUS,0,0,2,0,0,0,0,0,0,1,0,0,0,3,-1,NO IDENTIFICADO,LESIONADO,CONDUCTOR PRESENTE,NO,NO,3
5692,17461,17462,2017,0,0,-0.141457,-78.483041,PICHINCHA,QUITO,QUITO,URBANA,2017-08-09,18:05:00,18,MIERCOLES,3,AGOSTO,8,NO,"NO RESPETAR LAS SENIALES REGLAMENTARIAS DE TRANSITO. (PARE, CEDA EL PASO, LUZ ROJA DEL SEMAFORO, ETC).",CHOQUE LATERAL,VEHICULO DEPORTIVO UTILITARIO,1,0,0,0,0,0,0,0,0,0,0,0,1,2,47,HOMBRE,ILESO,CONDUCTOR PRESENTE,NO,NO,0
5693,17465,17466,2017,0,0,-0.080894,-78.431195,PICHINCHA,QUITO,CALDERON (CARAPUNGO),RURAL,2017-08-09,19:27:00,19,MIERCOLES,3,AGOSTO,8,NO,"NO RESPETAR LAS SENIALES REGLAMENTARIAS DE TRANSITO. (PARE, CEDA EL PASO, LUZ ROJA DEL SEMAFORO, ETC).",CHOQUE LATERAL,AUTOMOVIL,2,0,0,0,0,0,0,0,0,0,0,0,0,2,40,HOMBRE,ILESO,CONDUCTOR PRESENTE,NO,NO,3
5694,17466,17467,2017,1,0,0.021245,-78.507401,PICHINCHA,QUITO,CALACALI,URBANA,2017-08-09,20:00:00,20,MIERCOLES,3,AGOSTO,8,NO,NO CEDER EL DERECHO DE VIA O PREFERENCIA DE PASO AL PEATON.,ATROPELLOS,AUTOMOVIL,1,0,0,0,0,0,0,0,0,0,0,0,0,1,70,MUJER,LESIONADO,PEATON,NO,NO,0
5695,17468,17469,2017,1,0,-0.154259,-78.472925,PICHINCHA,QUITO,QUITO,URBANA,2017-08-09,21:05:00,21,MIERCOLES,3,AGOSTO,8,NO,"NO RESPETAR LAS SENIALES REGLAMENTARIAS DE TRANSITO. (PARE, CEDA EL PASO, LUZ ROJA DEL SEMAFORO, ETC).",CHOQUE LATERAL,MOTOCICLETA,0,0,0,0,0,0,0,0,1,1,0,0,0,2,28,HOMBRE,LESIONADO,CONDUCTOR PRESENTE,NO,NO,0
5696,17473,17474,2017,0,1,-0.204406,-78.455977,PICHINCHA,QUITO,QUITO,URBANA,2017-08-09,23:45:00,23,MIERCOLES,3,AGOSTO,8,NO,NO TRANSITAR POR LAS ACERAS O ZONAS DE SEGURIDAD DESTINADAS PARA EL EFECTO.,ATROPELLOS,NO IDENTIFICADO,0,0,0,0,0,0,0,0,0,1,0,0,0,1,-1,HOMBRE,FALLECIDO,PEATON,NO,NO,0
5697,17474,17475,2017,0,0,-0.177282,-78.359537,PICHINCHA,QUITO,PUEMBO,RURAL,2017-08-10,00:58:00,0,JUEVES,4,AGOSTO,8,NO,"CONDUCIR EN ESTADO DE SOMNOLENCIA O MALAS CONDICIONES FISICAS (SUENIO, CANSANCIO Y FATIGA).",ESTRELLAMIENTOS,VEHICULO DEPORTIVO UTILITARIO,0,0,0,0,0,0,0,0,0,0,0,0,1,1,-1,NO IDENTIFICADO,NO IDENTIFICADO,CONDUCTOR AUSENTE,NO,NO,2
5698,17476,17477,2017,0,0,-0.125876,-78.444289,PICHINCHA,QUITO,LLANO CHICO,RURAL,2017-08-10,01:00:00,1,JUEVES,4,AGOSTO,8,NO,"CONDUCE BAJO LA INFLUENCIA DE ALCOHOL, SUSTANCIAS ESTUPEFACIENTES O PSICOTROPICAS Y/O MEDICAMENTOS.",ESTRELLAMIENTOS,AUTOMOVIL,1,0,0,0,0,0,0,0,0,0,0,0,0,1,20,HOMBRE,ILESO,CONDUCTOR PRESENTE,NO,NO,3
5699,17479,17480,2017,0,0,-0.122935,-78.480532,PICHINCHA,QUITO,QUITO,URBANA,2017-08-10,03:55:00,3,JUEVES,4,AGOSTO,8,NO,"CONDUCE BAJO LA INFLUENCIA DE ALCOHOL, SUSTANCIAS ESTUPEFACIENTES O PSICOTROPICAS Y/O MEDICAMENTOS.",CHOQUE POSTERIOR,AUTOMOVIL,2,0,0,0,1,0,0,0,0,0,0,0,0,3,29,HOMBRE,ILESO,CONDUCTOR PRESENTE,NO,NO,0
5700,17480,17481,2017,0,0,-0.186642,-78.495821,PICHINCHA,QUITO,QUITO,URBANA,2017-08-10,04:30:00,4,JUEVES,4,AGOSTO,8,NO,"CONDUCIR EN ESTADO DE SOMNOLENCIA O MALAS CONDICIONES FISICAS (SUENIO, CANSANCIO Y FATIGA).",ESTRELLAMIENTOS,AUTOMOVIL,1,0,0,0,0,0,0,0,0,0,0,0,0,1,-1,NO IDENTIFICADO,NO IDENTIFICADO,CONDUCTOR AUSENTE,NO,NO,2
5701,17487,17488,2017,1,0,-0.204802,-78.376946,PICHINCHA,QUITO,TUMBACO,RURAL,2017-08-10,07:30:00,7,JUEVES,4,AGOSTO,8,NO,NO TRANSITAR POR LAS ACERAS O ZONAS DE SEGURIDAD DESTINADAS PARA EL EFECTO.,ATROPELLOS,AUTOMOVIL,1,0,0,0,0,0,0,0,0,0,0,0,0,1,10,HOMBRE,LESIONADO,PEATON,NO,NO,3
5702,17489,17490,2017,1,0,-0.105384,-78.497732,PICHINCHA,QUITO,QUITO,URBANA,2017-08-10,07:40:00,7,JUEVES,4,AGOSTO,8,NO,"CONDUCE BAJO LA INFLUENCIA DE ALCOHOL, SUSTANCIAS ESTUPEFACIENTES O PSICOTROPICAS Y/O MEDICAMENTOS.",CHOQUE LATERAL,MOTOCICLETA,0,0,1,0,0,0,0,0,1,0,0,0,0,2,33,HOMBRE,LESIONADO,CONDUCTOR PRESENTE,NO,NO,0
5703,17491,17492,2017,2,0,-0.105373,-78.462381,PICHINCHA,QUITO,QUITO,RURAL,2017-08-10,08:45:00,8,JUEVES,4,AGOSTO,8,NO,"CONDUCIR DESATENTO A LAS CONDICIONES DE TRANSITO (CELULAR, PANTALLAS DE VIDEO, COMIDA, MAQUILLAJE O CUALQUIER OTRO ELEMENTO DISTRACTOR).",COLISION,MOTOCICLETA,0,0,0,0,0,0,0,0,1,0,0,0,0,1,32,HOMBRE,LESIONADO,CONDUCTOR PRESENTE,SI,NO,3
5704,17494,17495,2017,1,0,-0.239808,-78.522753,PICHINCHA,QUITO,QUITO,URBANA,2017-08-10,10:00:00,10,JUEVES,4,AGOSTO,8,NO,"NO RESPETAR LAS SENIALES REGLAMENTARIAS DE TRANSITO. (PARE, CEDA EL PASO, LUZ ROJA DEL SEMAFORO, ETC).",ATROPELLOS,AUTOMOVIL,1,0,0,0,0,0,0,0,0,0,0,0,0,1,75,HOMBRE,LESIONADO,PEATON,NO,NO,0
5705,17498,17499,2017,1,0,-0.189078,-78.511772,PICHINCHA,QUITO,QUITO,URBANA,2017-08-10,11:00:00,11,JUEVES,4,AGOSTO,8,NO,NO MANTENER LA DISTANCIA PRUDENCIAL CON RESPECTO AL VEHICULO QUE LE ANTECEDE.,CHOQUE POSTERIOR,CAMION,0,0,0,1,1,0,0,0,0,0,0,0,0,2,46,HOMBRE,LESIONADO,CONDUCTOR PRESENTE,NO,SI,0
5706,17500,17501,2017,1,0,-0.193886,-78.498536,PICHINCHA,QUITO,QUITO,URBANA,2017-08-10,11:15:00,11,JUEVES,4,AGOSTO,8,NO,NO CEDER EL DERECHO DE VIA O PREFERENCIA DE PASO AL PEATON.,ATROPELLOS,NO IDENTIFICADO,0,0,0,0,0,0,0,0,0,1,0,0,0,1,28,HOMBRE,LESIONADO,PEATON,NO,NO,0
5707,17501,17502,2017,1,0,-0.159771,-78.487804,PICHINCHA,QUITO,QUITO,URBANA,2017-08-10,11:41:00,11,JUEVES,4,AGOSTO,8,NO,NO CEDER EL DERECHO DE VIA O PREFERENCIA DE PASO AL PEATON.,ATROPELLOS,MOTOCICLETA,0,0,0,0,0,0,0,0,1,0,0,0,0,1,4,HOMBRE,LESIONADO,PEATON,NO,NO,0
5708,17502,17503,2017,0,0,-0.300619,-78.478676,PICHINCHA,QUITO,CONOCOTO,RURAL,2017-08-10,12:40:00,12,JUEVES,4,AGOSTO,8,NO,"CASO FORTUITO O FUERZA MAYOR (EXPLOSION DE NEUMATICO NUEVO, DERRUMBE, INUNDACION, CAIDA DE PUENTE, ARBOL, PRESENCIA INTEMPESTIVA E IMPREVISTA DE SEMOVIENTES EN LA VIA, ETC.).",ESTRELLAMIENTOS,FURGONETA,0,0,0,0,0,0,0,1,0,0,0,0,0,1,31,HOMBRE,ILESO,CONDUCTOR PRESENTE,NO,NO,3
5709,17510,17511,2017,0,0,-0.094321,-78.437227,PICHINCHA,QUITO,CALDERON (CARAPUNGO),RURAL,2017-08-10,14:00:00,14,JUEVES,4,AGOSTO,8,NO,NO GUARDAR LA DISTANCIA LATERAL MINIMA DE SEGURIDAD ENTRE VEHICULOS.,ROZAMIENTOS,AUTOMOVIL,2,0,0,0,0,0,0,0,0,0,0,0,0,2,37,HOMBRE,ILESO,CONDUCTOR PRESENTE,NO,NO,3
5710,17513,17514,2017,1,0,-0.130849,-78.310319,PICHINCHA,QUITO,CHECA (CHILPA),RURAL,2017-08-10,15:00:00,15,JUEVES,4,AGOSTO,8,NO,CONDUCIR VEHICULO SUPERANDO LOS LIMITES MAXIMOS DE VELOCIDAD.,PERDIDA DE PISTA,MOTOCICLETA,0,0,0,0,1,0,0,0,1,0,0,0,0,2,27,HOMBRE,LESIONADO,CONDUCTOR PRESENTE,SI,NO,3
5711,17516,17517,2017,0,0,-0.207732,-78.497163,PICHINCHA,QUITO,QUITO,URBANA,2017-08-10,15:45:00,15,JUEVES,4,AGOSTO,8,NO,NO GUARDAR LA DISTANCIA LATERAL MINIMA DE SEGURIDAD ENTRE VEHICULOS.,ROZAMIENTOS,AUTOMOVIL,2,0,0,0,0,0,0,0,0,0,0,0,0,2,43,HOMBRE,ILESO,CONDUCTOR PRESENTE,NO,NO,0
5712,17524,17525,2017,0,0,-0.254599,-78.522348,PICHINCHA,QUITO,QUITO,URBANA,2017-08-10,17:50:00,17,JUEVES,4,AGOSTO,8,NO,"NO RESPETAR LAS SENIALES REGLAMENTARIAS DE TRANSITO. (PARE, CEDA EL PASO, LUZ ROJA DEL SEMAFORO, ETC).",CHOQUE LATERAL,CAMION,1,0,0,1,0,0,0,0,0,0,0,0,0,2,41,HOMBRE,ILESO,CONDUCTOR PRESENTE,NO,NO,0
5713,17527,17528,2017,0,0,-0.237896,-78.535345,PICHINCHA,QUITO,QUITO,URBANA,2017-08-10,19:20:00,19,JUEVES,4,AGOSTO,8,NO,NO MANTENER LA DISTANCIA PRUDENCIAL CON RESPECTO AL VEHICULO QUE LE ANTECEDE.,CHOQUE POSTERIOR,AUTOMOVIL,1,0,0,0,0,0,0,0,0,1,0,0,0,2,33,MUJER,ILESO,CONDUCTOR PRESENTE,NO,NO,0
5714,17529,17530,2017,0,1,-0.559932,-78.589213,PICHINCHA,MEJIA,MACHACHI,RURAL,2017-08-10,20:00:00,20,JUEVES,4,AGOSTO,8,NO,"CONDUCIR DESATENTO A LAS CONDICIONES DE TRANSITO (CELULAR, PANTALLAS DE VIDEO, COMIDA, MAQUILLAJE O CUALQUIER OTRO ELEMENTO DISTRACTOR).",ATROPELLOS,NO IDENTIFICADO,0,0,0,0,0,0,0,0,0,1,0,0,0,1,31,HOMBRE,FALLECIDO,PEATON,NO,NO,3
5715,17531,17532,2017,0,0,-0.199767,-78.428809,PICHINCHA,QUITO,CUMBAYA,RURAL,2017-08-10,21:10:00,21,JUEVES,4,AGOSTO,8,NO,NO MANTENER LA DISTANCIA PRUDENCIAL CON RESPECTO AL VEHICULO QUE LE ANTECEDE.,CHOQUE POSTERIOR,MOTOCICLETA,0,0,0,0,0,0,0,0,1,0,0,0,1,2,22,HOMBRE,ILESO,CONDUCTOR PRESENTE,NO,NO,3
5716,17532,17533,2017,1,0,-0.560042,-78.589252,PICHINCHA,MEJIA,MACHACHI,RURAL,2017-08-10,21:30:00,21,JUEVES,4,AGOSTO,8,NO,"CONDUCIR DESATENTO A LAS CONDICIONES DE TRANSITO (CELULAR, PANTALLAS DE VIDEO, COMIDA, MAQUILLAJE O CUALQUIER OTRO ELEMENTO DISTRACTOR).",COLISION,AUTOMOVIL,2,0,0,0,0,0,0,0,0,0,0,0,1,3,68,MUJER,LESIONADO,PASAJERO,NO,NO,3
5717,17534,17535,2017,0,1,-0.092503,-78.434123,PICHINCHA,QUITO,CALDERON (CARAPUNGO),RURAL,2017-08-10,22:00:00,22,JUEVES,4,AGOSTO,8,NO,NO CEDER EL DERECHO DE VIA O PREFERENCIA DE PASO AL PEATON.,ATROPELLOS,NO IDENTIFICADO,0,0,0,0,0,0,0,0,0,1,0,0,0,1,18,MUJER,FALLECIDO,PEATON,NO,NO,3