,Unnamed: 0,ID,ANIO,LESIONADOS,FALLECIDOS,LATITUD_Y,LONGITUD_X,PROVINCIA,CANTON,PARROQUIA,ZONA,FECHA,HORA,PERIODO_2,DIA_1,DIA_2,MES_1,MES_2,FERIADO,CAUSA_PROBABLE,TIPO_DE_SINIESTRO,TIPO_DE_VEHICULO_1,AUTOMOVIL,BICICLETA,BUS,CAMION,CAMIONETA,EMERGENCIAS,ESPECIAL,FURGONETA,MOTOCICLETA,NO_IDENTIFICADO,SCOOTER_ELECTRICO,TRICIMOTO,VEHICULO_DEPORTIVO_UTILITARIO,SUMA_DE_VEHICULOS,EDAD_1,SEXO_1,CONDICION_1,PARTICIPANTE_1,CASCO_1,CINTURON_1,KMeans_Cluster
5774,17743,17744,2017,1,0,-0.206535,-78.512281,PICHINCHA,QUITO,QUITO,URBANA,2017-08-13,11:45:00,11,DOMINGO,7,AGOSTO,8,NO,"CONDUCIR DESATENTO A LAS CONDICIONES DE TRANSITO (CELULAR, PANTALLAS DE VIDEO, COMIDA, MAQUILLAJE O CUALQUIER OTRO ELEMENTO DISTRACTOR).",ATROPELLOS,AUTOMOVIL,1,0,0,0,0,0,0,0,0,0,0,0,0,1,63,MUJER,LESIONADO,PEATON,NO,NO,0
5775,17746,17747,2017,0,0,-0.332361,-78.558151,PICHINCHA,QUITO,QUITO,URBANA,2017-08-13,13:03:00,13,DOMINGO,7,AGOSTO,8,NO,CONDUCIR VEHICULO SUPERANDO LOS LIMITES MAXIMOS DE VELOCIDAD.,ESTRELLAMIENTOS,NO IDENTIFICADO,0,0,0,0,0,0,0,0,0,1,0,0,0,1,-1,NO IDENTIFICADO,NO IDENTIFICADO,CONDUCTOR AUSENTE,NO,NO,2
5776,17748,17749,2017,0,1,-0.338721,-78.554079,PICHINCHA,QUITO,QUITO,URBANA,2017-08-13,13:16:00,13,DOMINGO,7,AGOSTO,8,NO,CONDUCIR VEHICULO SUPERANDO LOS LIMITES MAXIMOS DE VELOCIDAD.,PERDIDA DE PISTA,NO IDENTIFICADO,0,0,0,0,0,0,0,0,0,1,0,0,0,1,23,HOMBRE,FALLECIDO,CONDUCTOR PRESENTE,NO,NO,0
5777,17752,17753,2017,3,0,-0.099239,-78.406967,PICHINCHA,QUITO,CALDERON (CARAPUNGO),RURAL,2017-08-13,14:15:00,14,DOMINGO,7,AGOSTO,8,NO,DANIOS MECANICOS PREVISIBLES.,COLISION,VEHICULO DEPORTIVO UTILITARIO,1,0,1,0,0,0,0,0,0,0,0,0,2,4,92,MUJER,LESIONADO,PASAJERO,NO,NO,3
5778,17761,17762,2017,0,0,-0.126245,-78.480937,PICHINCHA,QUITO,QUITO,URBANA,2017-08-13,16:30:00,16,DOMINGO,7,AGOSTO,8,NO,"CONDUCIR DESATENTO A LAS CONDICIONES DE TRANSITO (CELULAR, PANTALLAS DE VIDEO, COMIDA, MAQUILLAJE O CUALQUIER OTRO ELEMENTO DISTRACTOR).",CHOQUE POSTERIOR,AUTOMOVIL,2,0,0,0,0,0,0,0,0,0,0,0,0,2,30,HOMBRE,ILESO,CONDUCTOR PRESENTE,NO,NO,0
5779,17762,17763,2017,1,0,-0.222068,-78.384087,PICHINCHA,QUITO,TUMBACO,RURAL,2017-08-13,16:30:00,16,DOMINGO,7,AGOSTO,8,NO,"NO RESPETAR LAS SENIALES REGLAMENTARIAS DE TRANSITO. (PARE, CEDA EL PASO, LUZ ROJA DEL SEMAFORO, ETC).",CHOQUE LATERAL,VEHICULO DEPORTIVO UTILITARIO,0,0,0,0,0,0,0,0,1,0,0,0,1,2,50,HOMBRE,LESIONADO,CONDUCTOR PRESENTE,NO,NO,3
5780,17766,17767,2017,0,1,-0.130062,-78.498155,PICHINCHA,QUITO,QUITO,URBANA,2017-08-13,17:10:00,17,DOMINGO,7,AGOSTO,8,NO,"NO RESPETAR LAS SENIALES REGLAMENTARIAS DE TRANSITO. (PARE, CEDA EL PASO, LUZ ROJA DEL SEMAFORO, ETC).",CHOQUE LATERAL,MOTOCICLETA,1,0,0,0,0,0,0,0,1,0,0,0,0,2,53,HOMBRE,FALLECIDO,CONDUCTOR PRESENTE,NO,NO,0
5781,17775,17776,2017,1,0,-0.461505,-78.565774,PICHINCHA,MEJIA,ALOAG,RURAL,2017-08-13,18:50:00,18,DOMINGO,7,AGOSTO,8,NO,NO CEDER EL DERECHO DE VIA O PREFERENCIA DE PASO AL PEATON.,ATROPELLOS,NO IDENTIFICADO,0,0,0,0,0,0,0,0,0,1,0,0,0,1,72,HOMBRE,LESIONADO,PEATON,NO,NO,3
5782,17778,17779,2017,1,0,-0.209537,-78.509322,PICHINCHA,QUITO,QUITO,URBANA,2017-08-13,19:30:00,19,DOMINGO,7,AGOSTO,8,NO,"NO RESPETAR LAS SENIALES REGLAMENTARIAS DE TRANSITO. (PARE, CEDA EL PASO, LUZ ROJA DEL SEMAFORO, ETC).",CHOQUE LATERAL,MOTOCICLETA,1,0,0,0,0,0,0,0,1,0,0,0,0,2,38,HOMBRE,LESIONADO,CONDUCTOR PRESENTE,NO,NO,0
5783,17788,17789,2017,1,0,-0.315101,-78.562421,PICHINCHA,QUITO,QUITO,URBANA,2017-08-13,20:50:00,20,DOMINGO,7,AGOSTO,8,NO,NO CEDER EL DERECHO DE VIA O PREFERENCIA DE PASO AL PEATON.,ATROPELLOS,NO IDENTIFICADO,0,0,0,0,0,0,0,0,0,1,0,0,0,1,18,HOMBRE,LESIONADO,PEATON,NO,NO,0
5784,17792,17793,2017,0,0,-0.099226,-78.489775,PICHINCHA,QUITO,QUITO,URBANA,2017-08-14,00:00:00,0,LUNES,1,AGOSTO,8,NO,"CONDUCIR DESATENTO A LAS CONDICIONES DE TRANSITO (CELULAR, PANTALLAS DE VIDEO, COMIDA, MAQUILLAJE O CUALQUIER OTRO ELEMENTO DISTRACTOR).",ESTRELLAMIENTOS,AUTOMOVIL,2,0,0,0,0,0,0,0,0,0,0,0,0,2,22,HOMBRE,ILESO,CONDUCTOR PRESENTE,NO,SI,0
5785,17801,17802,2017,1,0,-0.206451,-78.512129,PICHINCHA,QUITO,QUITO,URBANA,2017-08-14,07:04:00,7,LUNES,1,AGOSTO,8,NO,NO CEDER EL DERECHO DE VIA O PREFERENCIA DE PASO AL PEATON.,ATROPELLOS,AUTOMOVIL,1,0,0,0,0,0,0,0,0,0,0,0,0,1,43,HOMBRE,LESIONADO,PEATON,NO,NO,0
5786,17802,17803,2017,0,0,-0.293646,-78.539922,PICHINCHA,QUITO,QUITO,URBANA,2017-08-14,07:20:00,7,LUNES,1,AGOSTO,8,NO,NO GUARDAR LA DISTANCIA LATERAL MINIMA DE SEGURIDAD ENTRE VEHICULOS.,ROZAMIENTOS,BUS,1,0,1,0,0,0,0,0,0,0,0,0,0,2,49,HOMBRE,ILESO,CONDUCTOR PRESENTE,NO,NO,0
5787,17803,17804,2017,0,0,-0.126989,-78.493871,PICHINCHA,QUITO,QUITO,URBANA,2017-08-14,07:40:00,7,LUNES,1,AGOSTO,8,NO,NO CEDER EL DERECHO DE VIA O PREFERENCIA DE PASO A VEHICULOS.,CHOQUE LATERAL,MOTOCICLETA,1,0,0,0,0,0,0,0,1,0,0,0,0,2,34,HOMBRE,ILESO,CONDUCTOR PRESENTE,NO,NO,0
5788,17804,17805,2017,1,0,-0.101534,-78.523159,PICHINCHA,QUITO,QUITO,URBANA,2017-08-14,07:45:00,7,LUNES,1,AGOSTO,8,NO,BAJARSE O SUBIRSE DE VEHICULOS EN MOVIMIENTO SIN TOMAR LAS PRECAUCIONES DEBIDAS.,CAIDA DE PASAJERO,CAMIONETA,0,0,0,0,1,0,0,0,0,0,0,0,0,1,51,HOMBRE,LESIONADO,CONDUCTOR PRESENTE,NO,NO,0
5789,17807,17808,2017,1,0,-0.212491,-78.491283,PICHINCHA,QUITO,QUITO,URBANA,2017-08-14,08:18:00,8,LUNES,1,AGOSTO,8,NO,"NO RESPETAR LAS SENIALES REGLAMENTARIAS DE TRANSITO. (PARE, CEDA EL PASO, LUZ ROJA DEL SEMAFORO, ETC).",CHOQUE LATERAL,VEHICULO DEPORTIVO UTILITARIO,0,1,0,0,0,0,0,0,0,0,0,0,1,2,26,HOMBRE,LESIONADO,CONDUCTOR PRESENTE,NO,NO,0
5790,17808,17809,2017,0,0,-0.223222,-78.514143,PICHINCHA,QUITO,QUITO,URBANA,2017-08-14,08:50:00,8,LUNES,1,AGOSTO,8,NO,NO GUARDAR LA DISTANCIA LATERAL MINIMA DE SEGURIDAD ENTRE VEHICULOS.,ROZAMIENTOS,AUTOMOVIL,2,0,0,0,0,0,0,0,0,0,0,0,0,2,36,HOMBRE,ILESO,CONDUCTOR PRESENTE,NO,NO,0
5791,17809,17810,2017,0,0,-0.188521,-78.448241,PICHINCHA,QUITO,NAYON,RURAL,2017-08-14,09:10:00,9,LUNES,1,AGOSTO,8,NO,"CONDUCIR DESATENTO A LAS CONDICIONES DE TRANSITO (CELULAR, PANTALLAS DE VIDEO, COMIDA, MAQUILLAJE O CUALQUIER OTRO ELEMENTO DISTRACTOR).",CHOQUE POSTERIOR,BUS,1,0,1,0,0,0,0,0,0,0,0,0,0,2,30,HOMBRE,ILESO,CONDUCTOR PRESENTE,NO,NO,3
5792,17810,17811,2017,0,0,-0.163073,-78.462599,PICHINCHA,QUITO,QUITO,URBANA,2017-08-14,09:15:00,9,LUNES,1,AGOSTO,8,NO,NO MANTENER LA DISTANCIA PRUDENCIAL CON RESPECTO AL VEHICULO QUE LE ANTECEDE.,COLISION,FURGONETA,2,0,0,0,1,0,0,1,0,0,0,0,0,4,22,HOMBRE,ILESO,CONDUCTOR PRESENTE,NO,NO,0
5793,17815,17816,2017,1,1,-0.250891,-78.537964,PICHINCHA,QUITO,QUITO,URBANA,2017-08-14,10:50:00,10,LUNES,1,AGOSTO,8,NO,CONDUCIR VEHICULO SUPERANDO LOS LIMITES MAXIMOS DE VELOCIDAD.,ATROPELLOS,MOTOCICLETA,0,0,0,0,0,0,0,0,1,0,0,0,0,1,65,MUJER,FALLECIDO,PEATON,NO,NO,0
5794,17817,17818,2017,1,0,-0.206622,-78.482109,PICHINCHA,QUITO,QUITO,URBANA,2017-08-14,11:38:00,11,LUNES,1,AGOSTO,8,NO,"NO RESPETAR LAS SENIALES REGLAMENTARIAS DE TRANSITO. (PARE, CEDA EL PASO, LUZ ROJA DEL SEMAFORO, ETC).",ATROPELLOS,AUTOMOVIL,1,0,0,0,0,0,0,0,0,0,0,0,0,1,71,MUJER,LESIONADO,PEATON,NO,NO,0
5795,17820,17821,2017,1,0,-0.171497,-78.490692,PICHINCHA,QUITO,QUITO,URBANA,2017-08-14,12:05:00,12,LUNES,1,AGOSTO,8,NO,REALIZAR CAMBIO BRUSCO O INDEBIDO DE CARRIL.,ESTRELLAMIENTOS,AUTOMOVIL,1,0,0,0,0,0,0,0,0,0,0,0,0,1,34,MUJER,LESIONADO,PASAJERO,NO,NO,0
5796,17829,17830,2017,1,0,-0.094521,-78.481712,PICHINCHA,QUITO,QUITO,URBANA,2017-08-14,13:25:00,13,LUNES,1,AGOSTO,8,NO,NO MANTENER LA DISTANCIA PRUDENCIAL CON RESPECTO AL VEHICULO QUE LE ANTECEDE.,CHOQUE POSTERIOR,MOTOCICLETA,0,0,0,0,0,0,0,0,1,1,0,0,0,2,28,HOMBRE,LESIONADO,CONDUCTOR PRESENTE,NO,NO,0
5797,17832,17833,2017,0,0,-0.197808,-78.439037,PICHINCHA,QUITO,CUMBAYA,RURAL,2017-08-14,14:10:00,14,LUNES,1,AGOSTO,8,NO,NO CEDER EL DERECHO DE VIA O PREFERENCIA DE PASO A VEHICULOS.,CHOQUE LATERAL,MOTOCICLETA,0,0,0,0,0,0,0,0,2,0,0,0,1,3,40,HOMBRE,ILESO,CONDUCTOR PRESENTE,NO,NO,3
5798,17833,17834,2017,0,0,0.005358,-78.301291,PICHINCHA,PEDRO MONCAYO,TOCACHI,RURAL,2017-08-14,15:00:00,15,LUNES,1,AGOSTO,8,NO,NO GUARDAR LA DISTANCIA LATERAL MINIMA DE SEGURIDAD ENTRE VEHICULOS.,CHOQUE LATERAL,CAMION,0,0,0,1,0,0,0,0,1,0,0,0,0,2,43,HOMBRE,ILESO,CONDUCTOR PRESENTE,NO,SI,3
5799,17839,17840,2017,0,0,-0.110907,-78.431806,PICHINCHA,QUITO,CALDERON (CARAPUNGO),RURAL,2017-08-14,16:20:00,16,LUNES,1,AGOSTO,8,NO,"CONDUCIR DESATENTO A LAS CONDICIONES DE TRANSITO (CELULAR, PANTALLAS DE VIDEO, COMIDA, MAQUILLAJE O CUALQUIER OTRO ELEMENTO DISTRACTOR).",ESTRELLAMIENTOS,VEHICULO DEPORTIVO UTILITARIO,2,0,0,0,0,0,0,0,0,0,0,0,1,3,0,NO IDENTIFICADO,NO IDENTIFICADO,CONDUCTOR AUSENTE,NO,NO,2
5800,17844,17845,2017,0,0,-0.104643,-78.453801,PICHINCHA,QUITO,CALDERON (CARAPUNGO),RURAL,2017-08-14,17:10:00,17,LUNES,1,AGOSTO,8,NO,NO MANTENER LA DISTANCIA PRUDENCIAL CON RESPECTO AL VEHICULO QUE LE ANTECEDE.,CHOQUE POSTERIOR,BUS,0,0,1,0,0,0,0,1,0,0,0,0,0,2,45,HOMBRE,ILESO,CONDUCTOR PRESENTE,NO,NO,3
5801,17847,17848,2017,1,0,-0.153396,-78.484496,PICHINCHA,QUITO,QUITO,URBANA,2017-08-14,18:00:00,18,LUNES,1,AGOSTO,8,NO,"NO RESPETAR LAS SENIALES REGLAMENTARIAS DE TRANSITO. (PARE, CEDA EL PASO, LUZ ROJA DEL SEMAFORO, ETC).",ATROPELLOS,AUTOMOVIL,1,0,0,0,0,0,0,0,0,0,0,0,0,1,29,MUJER,LESIONADO,PEATON,NO,NO,0
5802,17849,17850,2017,1,0,-0.171171,-78.490285,PICHINCHA,QUITO,QUITO,URBANA,2017-08-14,18:30:00,18,LUNES,1,AGOSTO,8,NO,"NO RESPETAR LAS SENIALES REGLAMENTARIAS DE TRANSITO. (PARE, CEDA EL PASO, LUZ ROJA DEL SEMAFORO, ETC).",CHOQUE LATERAL,VEHICULO DEPORTIVO UTILITARIO,1,0,0,0,0,0,0,0,0,0,0,0,1,2,34,MUJER,LESIONADO,CONDUCTOR PRESENTE,NO,NO,0
5803,17854,17855,2017,0,1,-0.397061,-78.529858,PICHINCHA,MEJIA,UYUMBICHO,URBANA,2017-08-14,21:10:00,21,LUNES,1,AGOSTO,8,NO,"CONDUCIR DESATENTO A LAS CONDICIONES DE TRANSITO (CELULAR, PANTALLAS DE VIDEO, COMIDA, MAQUILLAJE O CUALQUIER OTRO ELEMENTO DISTRACTOR).",ATROPELLOS,NO IDENTIFICADO,0,0,0,0,0,0,0,0,0,1,0,0,0,1,10,MUJER,FALLECIDO,PEATON,NO,NO,0
5804,17855,17856,2017,0,0,-0.327284,-78.550355,PICHINCHA,QUITO,QUITO,URBANA,2017-08-14,21:30:00,21,LUNES,1,AGOSTO,8,NO,NO GUARDAR LA DISTANCIA LATERAL MINIMA DE SEGURIDAD ENTRE VEHICULOS.,ROZAMIENTOS,AUTOMOVIL,1,0,0,0,0,0,0,0,0,1,0,0,0,2,42,MUJER,ILESO,CONDUCTOR PRESENTE,NO,NO,0
5805,17858,17859,2017,0,0,-0.245348,-78.516708,PICHINCHA,QUITO,QUITO,URBANA,2017-08-15,01:30:00,1,MARTES,2,AGOSTO,8,NO,"CONDUCIR EN ESTADO DE SOMNOLENCIA O MALAS CONDICIONES FISICAS (SUENIO, CANSANCIO Y FATIGA).",ESTRELLAMIENTOS,AUTOMOVIL,1,0,0,0,0,0,0,0,0,0,0,0,0,1,50,HOMBRE,ILESO,CONDUCTOR PRESENTE,NO,NO,0
5806,17861,17862,2017,0,0,-0.263053,-78.507339,PICHINCHA,QUITO,QUITO,URBANA,2017-08-15,06:40:00,6,MARTES,2,AGOSTO,8,NO,NO MANTENER LA DISTANCIA PRUDENCIAL CON RESPECTO AL VEHICULO QUE LE ANTECEDE.,COLISION,AUTOMOVIL,2,0,0,0,0,0,1,0,0,0,0,0,0,3,35,HOMBRE,ILESO,CONDUCTOR PRESENTE,NO,NO,0
5807,17864,17865,2017,0,1,-0.256772,-78.542845,PICHINCHA,QUITO,QUITO,URBANA,2017-08-15,07:34:00,7,MARTES,2,AGOSTO,8,NO,NO CEDER EL DERECHO DE VIA O PREFERENCIA DE PASO AL PEATON.,ARROLLAMIENTOS,BUS,0,0,1,0,0,0,0,0,0,0,0,0,0,1,83,MUJER,FALLECIDO,PEATON,NO,NO,0
5808,17865,17866,2017,1,0,-0.263621,-78.524648,PICHINCHA,QUITO,QUITO,URBANA,2017-08-15,07:55:00,7,MARTES,2,AGOSTO,8,NO,NO TRANSITAR POR LAS ACERAS O ZONAS DE SEGURIDAD DESTINADAS PARA EL EFECTO.,ATROPELLOS,AUTOMOVIL,1,0,0,0,0,0,0,0,0,0,0,0,0,1,27,MUJER,LESIONADO,PEATON,NO,NO,0
5809,17866,17867,2017,0,0,-0.159718,-78.483293,PICHINCHA,QUITO,QUITO,URBANA,2017-08-15,08:00:00,8,MARTES,2,AGOSTO,8,NO,NO GUARDAR LA DISTANCIA LATERAL MINIMA DE SEGURIDAD ENTRE VEHICULOS.,ROZAMIENTOS,AUTOMOVIL,1,0,0,0,0,0,0,0,0,1,0,0,0,2,27,HOMBRE,ILESO,CONDUCTOR PRESENTE,NO,NO,0
5810,17867,17868,2017,3,0,-0.227117,-78.506847,PICHINCHA,QUITO,QUITO,URBANA,2017-08-15,08:20:00,8,MARTES,2,AGOSTO,8,NO,NO CEDER EL DERECHO DE VIA O PREFERENCIA DE PASO A VEHICULOS.,CHOQUE LATERAL,NO IDENTIFICADO,0,0,0,0,0,0,0,0,0,1,0,0,0,1,-1,NO IDENTIFICADO,LESIONADO,CONDUCTOR PRESENTE,NO,NO,2
5811,17877,17878,2017,1,0,-0.256772,-78.542845,PICHINCHA,QUITO,QUITO,URBANA,2017-08-15,10:57:00,10,MARTES,2,AGOSTO,8,NO,"NO RESPETAR LAS SENIALES REGLAMENTARIAS DE TRANSITO. (PARE, CEDA EL PASO, LUZ ROJA DEL SEMAFORO, ETC).",ATROPELLOS,AUTOMOVIL,1,0,0,0,0,0,0,0,0,0,0,0,0,1,14,HOMBRE,LESIONADO,PEATON,NO,NO,0
5812,17878,17879,2017,1,0,-0.203827,-78.502028,PICHINCHA,QUITO,QUITO,URBANA,2017-08-15,11:20:00,11,MARTES,2,AGOSTO,8,NO,NO CEDER EL DERECHO DE VIA O PREFERENCIA DE PASO AL PEATON.,ATROPELLOS,NO IDENTIFICADO,0,0,0,0,0,0,0,0,0,1,0,0,0,1,20,MUJER,LESIONADO,PEATON,NO,NO,0
5813,17879,17880,2017,1,0,-0.129461,-78.476388,PICHINCHA,QUITO,QUITO,URBANA,2017-08-15,11:20:00,11,MARTES,2,AGOSTO,8,NO,"CONDUCIR DESATENTO A LAS CONDICIONES DE TRANSITO (CELULAR, PANTALLAS DE VIDEO, COMIDA, MAQUILLAJE O CUALQUIER OTRO ELEMENTO DISTRACTOR).",CHOQUE POSTERIOR,VEHICULO DEPORTIVO UTILITARIO,1,0,0,0,0,0,0,0,0,0,0,0,1,2,73,HOMBRE,LESIONADO,CONDUCTOR PRESENTE,NO,NO,0
5814,17882,17883,2017,0,0,-0.301688,-78.474782,PICHINCHA,QUITO,CONOCOTO,RURAL,2017-08-15,12:05:00,12,MARTES,2,AGOSTO,8,NO,"CONDUCIR DESATENTO A LAS CONDICIONES DE TRANSITO (CELULAR, PANTALLAS DE VIDEO, COMIDA, MAQUILLAJE O CUALQUIER OTRO ELEMENTO DISTRACTOR).",ESTRELLAMIENTOS,AUTOMOVIL,1,0,0,0,0,0,0,0,0,1,0,0,0,2,36,HOMBRE,ILESO,CONDUCTOR PRESENTE,NO,NO,3
5815,17885,17886,2017,0,0,-0.165696,-78.489118,PICHINCHA,QUITO,QUITO,URBANA,2017-08-15,12:45:00,12,MARTES,2,AGOSTO,8,NO,REALIZAR CAMBIO BRUSCO O INDEBIDO DE CARRIL.,ESTRELLAMIENTOS,MOTOCICLETA,0,0,0,0,0,0,0,0,1,1,0,0,0,2,24,HOMBRE,ILESO,CONDUCTOR PRESENTE,NO,NO,0
5816,17892,17893,2017,0,0,-0.166302,-78.486907,PICHINCHA,QUITO,QUITO,URBANA,2017-08-15,14:15:00,14,MARTES,2,AGOSTO,8,NO,NO GUARDAR LA DISTANCIA LATERAL MINIMA DE SEGURIDAD ENTRE VEHICULOS.,ROZAMIENTOS,AUTOMOVIL,1,0,0,0,0,0,0,0,0,1,0,0,0,2,35,HOMBRE,ILESO,CONDUCTOR PRESENTE,NO,NO,0
5817,17895,17896,2017,0,0,-0.208923,-78.485211,PICHINCHA,QUITO,QUITO,URBANA,2017-08-15,15:25:00,15,MARTES,2,AGOSTO,8,NO,REALIZAR CAMBIO BRUSCO O INDEBIDO DE CARRIL.,ESTRELLAMIENTOS,AUTOMOVIL,1,0,0,0,0,0,0,0,0,1,0,0,0,2,35,MUJER,ILESO,CONDUCTOR PRESENTE,NO,NO,0
5818,17896,17897,2017,0,0,-0.227324,-78.450086,PICHINCHA,QUITO,CUMBAYA,RURAL,2017-08-15,15:25:00,15,MARTES,2,AGOSTO,8,NO,CONDUCIR VEHICULO SUPERANDO LOS LIMITES MAXIMOS DE VELOCIDAD.,PERDIDA DE PISTA,VEHICULO DEPORTIVO UTILITARIO,1,0,0,0,0,0,0,0,0,0,0,0,1,2,54,MUJER,ILESO,CONDUCTOR PRESENTE,NO,NO,3
5819,17897,17898,2017,1,0,-0.193647,-78.483031,PICHINCHA,QUITO,QUITO,URBANA,2017-08-15,15:30:00,15,MARTES,2,AGOSTO,8,NO,CONDUCIR VEHICULO SUPERANDO LOS LIMITES MAXIMOS DE VELOCIDAD.,PERDIDA DE PISTA,MOTOCICLETA,0,0,0,0,0,0,0,0,1,0,0,0,0,1,30,HOMBRE,LESIONADO,CONDUCTOR PRESENTE,NO,NO,0
5820,17900,17901,2017,0,0,-0.289191,-78.541771,PICHINCHA,QUITO,QUITO,URBANA,2017-08-15,16:30:00,16,MARTES,2,AGOSTO,8,NO,"NO RESPETAR LAS SENIALES REGLAMENTARIAS DE TRANSITO. (PARE, CEDA EL PASO, LUZ ROJA DEL SEMAFORO, ETC).",CHOQUE LATERAL,AUTOMOVIL,1,0,0,0,1,0,0,0,0,0,0,0,0,2,70,HOMBRE,ILESO,CONDUCTOR PRESENTE,NO,NO,0
5821,17904,17905,2017,0,0,-0.182191,-78.474942,PICHINCHA,QUITO,QUITO,URBANA,2017-08-15,17:11:00,17,MARTES,2,AGOSTO,8,NO,"NO RESPETAR LAS SENIALES REGLAMENTARIAS DE TRANSITO. (PARE, CEDA EL PASO, LUZ ROJA DEL SEMAFORO, ETC).",CHOQUE LATERAL,VEHICULO DEPORTIVO UTILITARIO,0,0,0,0,0,0,0,0,0,0,0,0,2,2,36,HOMBRE,ILESO,CONDUCTOR PRESENTE,NO,NO,0
5822,17908,17909,2017,0,0,-0.246546,-78.481459,PICHINCHA,QUITO,QUITO,URBANA,2017-08-15,18:30:00,18,MARTES,2,AGOSTO,8,NO,NO MANTENER LA DISTANCIA PRUDENCIAL CON RESPECTO AL VEHICULO QUE LE ANTECEDE.,COLISION,CAMIONETA,3,0,0,0,1,0,0,0,0,0,0,0,0,4,57,HOMBRE,ILESO,CONDUCTOR PRESENTE,NO,NO,0
5823,17909,17910,2017,0,0,-0.246546,-78.481459,PICHINCHA,QUITO,QUITO,URBANA,2017-08-15,18:31:00,18,MARTES,2,AGOSTO,8,NO,NO MANTENER LA DISTANCIA PRUDENCIAL CON RESPECTO AL VEHICULO QUE LE ANTECEDE.,COLISION,CAMIONETA,1,0,0,0,2,0,0,0,0,0,0,0,0,3,25,HOMBRE,ILESO,CONDUCTOR PRESENTE,NO,NO,0
5824,17910,17911,2017,1,0,-0.223576,-78.510911,PICHINCHA,QUITO,QUITO,URBANA,2017-08-15,18:55:00,18,MARTES,2,AGOSTO,8,NO,NO CEDER EL DERECHO DE VIA O PREFERENCIA DE PASO AL PEATON.,ATROPELLOS,NO IDENTIFICADO,0,0,0,0,0,0,0,0,0,1,0,0,0,1,59,HOMBRE,LESIONADO,PEATON,NO,NO,0
5825,17911,17912,2017,0,0,-0.198274,-78.463917,PICHINCHA,QUITO,QUITO,URBANA,2017-08-15,18:57:00,18,MARTES,2,AGOSTO,8,NO,NO MANTENER LA DISTANCIA PRUDENCIAL CON RESPECTO AL VEHICULO QUE LE ANTECEDE.,COLISION,AUTOMOVIL,1,0,0,0,1,0,0,0,0,0,0,0,1,3,62,HOMBRE,ILESO,CONDUCTOR PRESENTE,NO,NO,0
5826,17915,17916,2017,0,1,-0.112551,-78.297112,PICHINCHA,QUITO,EL QUINCHE,RURAL,2017-08-15,19:50:00,19,MARTES,2,AGOSTO,8,NO,NO CEDER EL DERECHO DE VIA O PREFERENCIA DE PASO AL PEATON.,ATROPELLOS,NO IDENTIFICADO,0,0,0,0,0,0,0,0,0,1,0,0,0,1,84,HOMBRE,FALLECIDO,PEATON,NO,NO,3
5827,17919,17920,2017,0,0,-0.113663,-78.474506,PICHINCHA,QUITO,QUITO,URBANA,2017-08-15,20:05:00,20,MARTES,2,AGOSTO,8,NO,CONDUCIR VEHICULO SUPERANDO LOS LIMITES MAXIMOS DE VELOCIDAD.,VOLCAMIENTOS,CAMIONETA,0,0,0,0,1,0,0,0,0,0,0,0,0,1,-1,NO IDENTIFICADO,NO IDENTIFICADO,CONDUCTOR AUSENTE,NO,NO,2
5828,17920,17921,2017,0,0,-0.247341,-78.495724,PICHINCHA,QUITO,QUITO,URBANA,2017-08-15,20:10:00,20,MARTES,2,AGOSTO,8,NO,NO CEDER EL DERECHO DE VIA O PREFERENCIA DE PASO A VEHICULOS.,CHOQUE LATERAL,AUTOMOVIL,2,0,0,0,0,0,0,0,0,0,0,0,0,2,46,HOMBRE,ILESO,CONDUCTOR PRESENTE,NO,NO,0
5829,17927,17928,2017,1,0,-0.213448,-78.502726,PICHINCHA,QUITO,QUITO,URBANA,2017-08-16,07:03:00,7,MIERCOLES,3,AGOSTO,8,NO,NO TRANSITAR POR LAS ACERAS O ZONAS DE SEGURIDAD DESTINADAS PARA EL EFECTO.,ATROPELLOS,BUS,0,0,1,0,0,0,0,0,0,0,0,0,0,1,34,HOMBRE,LESIONADO,PEATON,NO,NO,0
5830,17931,17932,2017,1,0,-0.101208,-78.448001,PICHINCHA,QUITO,CALDERON (CARAPUNGO),RURAL,2017-08-16,07:25:00,7,MIERCOLES,3,AGOSTO,8,NO,"NO RESPETAR LAS SENIALES REGLAMENTARIAS DE TRANSITO. (PARE, CEDA EL PASO, LUZ ROJA DEL SEMAFORO, ETC).",CHOQUE LATERAL,MOTOCICLETA,1,0,0,0,0,0,0,0,1,0,0,0,0,2,37,HOMBRE,LESIONADO,CONDUCTOR PRESENTE,NO,NO,3
5831,17933,17934,2017,3,0,-0.119451,-78.506659,PICHINCHA,QUITO,QUITO,URBANA,2017-08-16,07:35:00,7,MIERCOLES,3,AGOSTO,8,NO,"NO RESPETAR LAS SENIALES REGLAMENTARIAS DE TRANSITO. (PARE, CEDA EL PASO, LUZ ROJA DEL SEMAFORO, ETC).",ATROPELLOS,MOTOCICLETA,0,0,0,0,0,0,0,0,1,0,0,0,0,1,51,HOMBRE,LESIONADO,CONDUCTOR PRESENTE,NO,NO,0
5832,17935,17936,2017,3,1,0.006285,-78.117721,PICHINCHA,CAYAMBE,CAYAMBE,URBANA,2017-08-16,07:45:00,7,MIERCOLES,3,AGOSTO,8,NO,CONDUCIR VEHICULO SUPERANDO LOS LIMITES MAXIMOS DE VELOCIDAD.,PERDIDA DE PISTA,CAMION,0,0,0,1,0,0,0,0,0,0,0,0,0,1,25,MUJER,FALLECIDO,PASAJERO,NO,NO,0