,Unnamed: 0,ID,ANIO,LESIONADOS,FALLECIDOS,LATITUD_Y,LONGITUD_X,PROVINCIA,CANTON,PARROQUIA,ZONA,FECHA,HORA,PERIODO_2,DIA_1,DIA_2,MES_1,MES_2,FERIADO,CAUSA_PROBABLE,TIPO_DE_SINIESTRO,TIPO_DE_VEHICULO_1,AUTOMOVIL,BICICLETA,BUS,CAMION,CAMIONETA,EMERGENCIAS,ESPECIAL,FURGONETA,MOTOCICLETA,NO_IDENTIFICADO,SCOOTER_ELECTRICO,TRICIMOTO,VEHICULO_DEPORTIVO_UTILITARIO,SUMA_DE_VEHICULOS,EDAD_1,SEXO_1,CONDICION_1,PARTICIPANTE_1,CASCO_1,CINTURON_1,KMeans_Cluster
5891,18148,18149,2017,0,1,-0.227324,-78.450086,PICHINCHA,QUITO,CUMBAYA,RURAL,2017-08-19,04:15:00,4,SABADO,6,AGOSTO,8,NO,"CONDUCE BAJO LA INFLUENCIA DE ALCOHOL, SUSTANCIAS ESTUPEFACIENTES O PSICOTROPICAS Y/O MEDICAMENTOS.",PERDIDA DE PISTA,CAMIONETA,0,0,0,0,1,0,0,0,0,0,0,0,0,1,27,HOMBRE,FALLECIDO,PASAJERO,NO,NO,3
5892,18151,18152,2017,0,0,-0.174718,-78.472143,PICHINCHA,QUITO,QUITO,URBANA,2017-08-19,04:35:00,4,SABADO,6,AGOSTO,8,NO,"CONDUCIR EN ESTADO DE SOMNOLENCIA O MALAS CONDICIONES FISICAS (SUENIO, CANSANCIO Y FATIGA).",ESTRELLAMIENTOS,AUTOMOVIL,1,0,0,0,0,0,0,0,0,0,0,0,0,1,-1,NO IDENTIFICADO,NO IDENTIFICADO,CONDUCTOR AUSENTE,NO,NO,2
5893,18159,18160,2017,0,0,-0.242475,-78.497488,PICHINCHA,QUITO,QUITO,URBANA,2017-08-19,06:00:00,6,SABADO,6,AGOSTO,8,NO,CONDUCIR VEHICULO SUPERANDO LOS LIMITES MAXIMOS DE VELOCIDAD.,PERDIDA DE PISTA,AUTOMOVIL,1,0,0,0,0,0,0,0,0,0,0,0,0,1,-1,NO IDENTIFICADO,NO IDENTIFICADO,CONDUCTOR AUSENTE,NO,NO,2
5894,18162,18163,2017,0,0,-0.271431,-78.526501,PICHINCHA,QUITO,QUITO,URBANA,2017-08-19,07:10:00,7,SABADO,6,AGOSTO,8,NO,"NO RESPETAR LAS SENIALES REGLAMENTARIAS DE TRANSITO. (PARE, CEDA EL PASO, LUZ ROJA DEL SEMAFORO, ETC).",CHOQUE LATERAL,AUTOMOVIL,2,0,0,0,0,0,0,0,0,0,0,0,0,2,29,HOMBRE,ILESO,CONDUCTOR PRESENTE,NO,NO,0
5895,18165,18166,2017,0,0,-0.172665,-78.475245,PICHINCHA,QUITO,QUITO,URBANA,2017-08-19,07:30:00,7,SABADO,6,AGOSTO,8,NO,"NO RESPETAR LAS SENIALES REGLAMENTARIAS DE TRANSITO. (PARE, CEDA EL PASO, LUZ ROJA DEL SEMAFORO, ETC).",CHOQUE LATERAL,CAMIONETA,0,0,0,0,1,0,0,0,0,0,0,0,1,2,27,HOMBRE,ILESO,CONDUCTOR PRESENTE,NO,NO,0
5896,18173,18174,2017,0,1,-0.096435,-78.436334,PICHINCHA,QUITO,CALDERON (CARAPUNGO),RURAL,2017-08-19,10:30:00,10,SABADO,6,AGOSTO,8,NO,NO TRANSITAR POR LAS ACERAS O ZONAS DE SEGURIDAD DESTINADAS PARA EL EFECTO.,ARROLLAMIENTOS,MOTOCICLETA,0,0,0,0,0,0,0,0,1,0,0,0,0,1,-1,HOMBRE,FALLECIDO,CONDUCTOR PRESENTE,SI,NO,3
5897,18177,18178,2017,0,0,-0.163261,-78.475421,PICHINCHA,QUITO,QUITO,URBANA,2017-08-19,11:45:00,11,SABADO,6,AGOSTO,8,NO,NO GUARDAR LA DISTANCIA LATERAL MINIMA DE SEGURIDAD ENTRE VEHICULOS.,ROZAMIENTOS,CAMIONETA,0,0,1,0,1,0,0,0,0,0,0,0,0,2,36,HOMBRE,ILESO,CONDUCTOR PRESENTE,NO,NO,0
5898,18181,18182,2017,1,0,-0.117402,-78.499261,PICHINCHA,QUITO,QUITO,URBANA,2017-08-19,12:40:00,12,SABADO,6,AGOSTO,8,NO,NO CEDER EL DERECHO DE VIA O PREFERENCIA DE PASO AL PEATON.,ATROPELLOS,NO IDENTIFICADO,0,0,0,0,0,0,0,0,0,1,0,0,0,1,19,MUJER,LESIONADO,PEATON,NO,NO,0
5899,18182,18183,2017,1,1,-0.105102,-78.490818,PICHINCHA,QUITO,QUITO,RURAL,2017-08-19,13:00:00,13,SABADO,6,AGOSTO,8,NO,"CONDUCE BAJO LA INFLUENCIA DE ALCOHOL, SUSTANCIAS ESTUPEFACIENTES O PSICOTROPICAS Y/O MEDICAMENTOS.",ESTRELLAMIENTOS,AUTOMOVIL,2,0,0,0,0,0,0,0,0,0,0,0,0,2,67,MUJER,FALLECIDO,PASAJERO,NO,NO,3
5900,18187,18188,2017,0,0,-0.288901,-78.538232,PICHINCHA,QUITO,QUITO,URBANA,2017-08-19,14:00:00,14,SABADO,6,AGOSTO,8,NO,NO GUARDAR LA DISTANCIA LATERAL MINIMA DE SEGURIDAD ENTRE VEHICULOS.,ROZAMIENTOS,FURGONETA,1,0,0,0,0,0,0,1,0,0,0,0,0,2,47,HOMBRE,ILESO,CONDUCTOR PRESENTE,NO,NO,0
5901,18188,18189,2017,3,0,-0.232484,-78.493231,PICHINCHA,QUITO,QUITO,URBANA,2017-08-19,14:10:00,14,SABADO,6,AGOSTO,8,NO,NO MANTENER LA DISTANCIA PRUDENCIAL CON RESPECTO AL VEHICULO QUE LE ANTECEDE.,COLISION,VEHICULO DEPORTIVO UTILITARIO,2,0,0,0,0,0,0,0,0,0,0,0,1,3,18,HOMBRE,LESIONADO,PASAJERO,NO,NO,0
5902,18189,18190,2017,1,0,-0.200249,-78.490974,PICHINCHA,QUITO,QUITO,URBANA,2017-08-19,14:20:00,14,SABADO,6,AGOSTO,8,NO,NO CEDER EL DERECHO DE VIA O PREFERENCIA DE PASO AL PEATON.,ATROPELLOS,NO IDENTIFICADO,0,0,0,0,0,0,0,0,0,1,0,0,0,1,25,MUJER,LESIONADO,PEATON,NO,NO,0
5903,18192,18193,2017,0,0,-0.272987,-78.547114,PICHINCHA,QUITO,QUITO,URBANA,2017-08-19,14:40:00,14,SABADO,6,AGOSTO,8,NO,CONDUCIR EN SENTIDO CONTRARIO A LA VIA NORMAL DE CIRCULACION.,CHOQUE FRONTAL,MOTOCICLETA,0,0,0,0,0,0,0,0,1,1,0,0,0,2,26,HOMBRE,ILESO,CONDUCTOR PRESENTE,NO,NO,0
5904,18193,18194,2017,1,0,-0.085624,-78.473374,PICHINCHA,QUITO,QUITO,URBANA,2017-08-19,14:50:00,14,SABADO,6,AGOSTO,8,NO,"NO RESPETAR LAS SENIALES REGLAMENTARIAS DE TRANSITO. (PARE, CEDA EL PASO, LUZ ROJA DEL SEMAFORO, ETC).",CHOQUE LATERAL,AUTOMOVIL,1,1,0,0,0,0,0,0,0,0,0,0,0,2,26,HOMBRE,LESIONADO,CONDUCTOR PRESENTE,NO,NO,0
5905,18195,18196,2017,0,0,-0.250271,-78.512863,PICHINCHA,QUITO,QUITO,URBANA,2017-08-19,15:15:00,15,SABADO,6,AGOSTO,8,NO,"CONDUCIR DESATENTO A LAS CONDICIONES DE TRANSITO (CELULAR, PANTALLAS DE VIDEO, COMIDA, MAQUILLAJE O CUALQUIER OTRO ELEMENTO DISTRACTOR).",ESTRELLAMIENTOS,CAMIONETA,0,0,0,0,1,0,0,0,0,0,0,0,0,1,27,MUJER,ILESO,CONDUCTOR PRESENTE,NO,NO,0
5906,18197,18198,2017,1,0,-0.207568,-78.503121,PICHINCHA,QUITO,QUITO,URBANA,2017-08-19,15:20:00,15,SABADO,6,AGOSTO,8,NO,"CONDUCE BAJO LA INFLUENCIA DE ALCOHOL, SUSTANCIAS ESTUPEFACIENTES O PSICOTROPICAS Y/O MEDICAMENTOS.",CHOQUE LATERAL,CAMIONETA,1,0,0,0,1,0,0,0,0,0,0,0,0,2,37,MUJER,LESIONADO,CONDUCTOR PRESENTE,NO,NO,0
5907,18212,18213,2017,0,0,-0.204592,-78.455985,PICHINCHA,QUITO,QUITO,RURAL,2017-08-19,18:00:00,18,SABADO,6,AGOSTO,8,NO,CONDUCIR VEHICULO SUPERANDO LOS LIMITES MAXIMOS DE VELOCIDAD.,PERDIDA DE PISTA,CAMIONETA,0,0,0,0,1,0,0,0,0,0,0,0,0,1,40,MUJER,ILESO,CONDUCTOR PRESENTE,NO,NO,3
5908,18221,18222,2017,0,0,-0.175791,-78.455003,PICHINCHA,QUITO,QUITO,URBANA,2017-08-19,19:20:00,19,SABADO,6,AGOSTO,8,NO,NO MANTENER LA DISTANCIA PRUDENCIAL CON RESPECTO AL VEHICULO QUE LE ANTECEDE.,CHOQUE POSTERIOR,VEHICULO DEPORTIVO UTILITARIO,0,0,0,0,0,0,0,0,0,0,0,0,2,2,21,MUJER,ILESO,CONDUCTOR PRESENTE,NO,NO,0
5909,18225,18226,2017,0,0,-0.203601,-78.483057,PICHINCHA,QUITO,QUITO,URBANA,2017-08-19,20:42:00,20,SABADO,6,AGOSTO,8,NO,"CONDUCE BAJO LA INFLUENCIA DE ALCOHOL, SUSTANCIAS ESTUPEFACIENTES O PSICOTROPICAS Y/O MEDICAMENTOS.",CHOQUE POSTERIOR,AUTOMOVIL,1,0,0,0,0,0,0,0,0,0,0,0,1,2,31,HOMBRE,ILESO,CONDUCTOR PRESENTE,NO,NO,0
5910,18232,18233,2017,0,1,-0.105384,-78.497732,PICHINCHA,QUITO,QUITO,URBANA,2017-08-19,22:30:00,22,SABADO,6,AGOSTO,8,NO,"NO RESPETAR LAS SENIALES REGLAMENTARIAS DE TRANSITO. (PARE, CEDA EL PASO, LUZ ROJA DEL SEMAFORO, ETC).",CHOQUE LATERAL,AUTOMOVIL,1,0,0,0,0,0,0,0,1,0,0,0,0,2,22,HOMBRE,FALLECIDO,CONDUCTOR PRESENTE,NO,NO,0
5911,18235,18236,2017,0,1,0.065375,-78.123877,PICHINCHA,CAYAMBE,SAN JOSE DE AYORA,RURAL,2017-08-19,23:30:00,23,SABADO,6,AGOSTO,8,NO,"CONDUCIR DESATENTO A LAS CONDICIONES DE TRANSITO (CELULAR, PANTALLAS DE VIDEO, COMIDA, MAQUILLAJE O CUALQUIER OTRO ELEMENTO DISTRACTOR).",ESTRELLAMIENTOS,MOTOCICLETA,0,0,0,0,0,0,0,0,1,0,0,0,0,1,-1,NO IDENTIFICADO,FALLECIDO,CONDUCTOR PRESENTE,NO,NO,3
5912,18244,18245,2017,0,0,-0.215397,-78.490727,PICHINCHA,QUITO,QUITO,URBANA,2017-08-20,01:50:00,1,DOMINGO,7,AGOSTO,8,NO,"CONDUCIR EN ESTADO DE SOMNOLENCIA O MALAS CONDICIONES FISICAS (SUENIO, CANSANCIO Y FATIGA).",PERDIDA DE PISTA,AUTOMOVIL,1,0,0,0,0,0,0,0,0,0,0,0,0,1,-1,NO IDENTIFICADO,NO IDENTIFICADO,CONDUCTOR AUSENTE,NO,NO,2
5913,18245,18246,2017,0,0,-0.142198,-78.492327,PICHINCHA,QUITO,QUITO,URBANA,2017-08-20,02:20:00,2,DOMINGO,7,AGOSTO,8,NO,"CONDUCIR EN ESTADO DE SOMNOLENCIA O MALAS CONDICIONES FISICAS (SUENIO, CANSANCIO Y FATIGA).",ESTRELLAMIENTOS,NO IDENTIFICADO,0,0,0,0,0,0,0,0,0,1,0,0,0,1,-1,NO IDENTIFICADO,NO IDENTIFICADO,CONDUCTOR AUSENTE,NO,NO,2
5914,18255,18256,2017,0,0,-0.230268,-78.501479,PICHINCHA,QUITO,QUITO,URBANA,2017-08-20,03:35:00,3,DOMINGO,7,AGOSTO,8,NO,"CONDUCIR EN ESTADO DE SOMNOLENCIA O MALAS CONDICIONES FISICAS (SUENIO, CANSANCIO Y FATIGA).",PERDIDA DE PISTA,AUTOMOVIL,1,0,0,0,0,0,0,0,0,0,0,0,0,1,-1,NO IDENTIFICADO,NO IDENTIFICADO,CONDUCTOR AUSENTE,NO,NO,2
5915,18260,18261,2017,1,0,-0.450509,-78.559627,PICHINCHA,MEJIA,ALOAG,RURAL,2017-08-20,04:30:00,4,DOMINGO,7,AGOSTO,8,NO,"CONDUCIR DESATENTO A LAS CONDICIONES DE TRANSITO (CELULAR, PANTALLAS DE VIDEO, COMIDA, MAQUILLAJE O CUALQUIER OTRO ELEMENTO DISTRACTOR).",CHOQUE POSTERIOR,CAMIONETA,1,0,0,0,1,0,0,0,0,0,0,0,0,2,31,HOMBRE,LESIONADO,CONDUCTOR PRESENTE,NO,NO,3
5916,18261,18262,2017,1,0,-0.212824,-78.402686,PICHINCHA,QUITO,TUMBACO,RURAL,2017-08-20,04:30:00,4,DOMINGO,7,AGOSTO,8,NO,"CONDUCE BAJO LA INFLUENCIA DE ALCOHOL, SUSTANCIAS ESTUPEFACIENTES O PSICOTROPICAS Y/O MEDICAMENTOS.",PERDIDA DE PISTA,VEHICULO DEPORTIVO UTILITARIO,0,0,0,0,0,0,0,0,0,0,0,0,1,1,25,MUJER,LESIONADO,PASAJERO,NO,NO,3
5917,18262,18263,2017,0,0,-0.084163,-78.418921,PICHINCHA,QUITO,CALDERON (CARAPUNGO),URBANA,2017-08-20,04:40:00,4,DOMINGO,7,AGOSTO,8,NO,"CONDUCIR EN ESTADO DE SOMNOLENCIA O MALAS CONDICIONES FISICAS (SUENIO, CANSANCIO Y FATIGA).",PERDIDA DE PISTA,AUTOMOVIL,1,0,0,0,0,0,0,0,0,0,0,0,0,1,28,HOMBRE,ILESO,CONDUCTOR PRESENTE,NO,NO,0
5918,18271,18272,2017,1,0,-0.096232,-78.467523,PICHINCHA,QUITO,QUITO,URBANA,2017-08-20,07:00:00,7,DOMINGO,7,AGOSTO,8,NO,REALIZAR CAMBIO BRUSCO O INDEBIDO DE CARRIL.,ESTRELLAMIENTOS,AUTOMOVIL,1,0,0,0,1,0,0,0,0,0,0,0,1,3,41,MUJER,LESIONADO,CONDUCTOR PRESENTE,NO,NO,0
5919,18272,18273,2017,2,0,0.028286,-78.145985,PICHINCHA,CAYAMBE,CAYAMBE,URBANA,2017-08-20,07:37:00,7,DOMINGO,7,AGOSTO,8,NO,"CONDUCE BAJO LA INFLUENCIA DE ALCOHOL, SUSTANCIAS ESTUPEFACIENTES O PSICOTROPICAS Y/O MEDICAMENTOS.",ATROPELLOS,AUTOMOVIL,1,0,0,0,0,0,0,0,0,1,0,0,0,2,32,HOMBRE,LESIONADO,PEATON,NO,NO,0
5920,18273,18274,2017,0,0,-0.237734,-78.509298,PICHINCHA,QUITO,QUITO,URBANA,2017-08-20,07:50:00,7,DOMINGO,7,AGOSTO,8,NO,REALIZAR CAMBIO BRUSCO O INDEBIDO DE CARRIL.,ESTRELLAMIENTOS,VEHICULO DEPORTIVO UTILITARIO,0,0,0,0,0,0,0,0,0,0,0,0,1,1,-1,NO IDENTIFICADO,NO IDENTIFICADO,CONDUCTOR AUSENTE,NO,NO,2
5921,18277,18278,2017,0,0,-0.084163,-78.418921,PICHINCHA,QUITO,CALDERON (CARAPUNGO),RURAL,2017-08-20,08:40:00,8,DOMINGO,7,AGOSTO,8,NO,NO GUARDAR LA DISTANCIA LATERAL MINIMA DE SEGURIDAD ENTRE VEHICULOS.,ROZAMIENTOS,AUTOMOVIL,2,0,0,0,0,0,0,0,0,0,0,0,0,2,19,HOMBRE,ILESO,CONDUCTOR PRESENTE,NO,NO,3
5922,18278,18279,2017,1,0,-0.447388,-78.651175,PICHINCHA,MEJIA,ALOAG,RURAL,2017-08-20,08:45:00,8,DOMINGO,7,AGOSTO,8,NO,"CONDUCIR DESATENTO A LAS CONDICIONES DE TRANSITO (CELULAR, PANTALLAS DE VIDEO, COMIDA, MAQUILLAJE O CUALQUIER OTRO ELEMENTO DISTRACTOR).",CHOQUE FRONTAL,CAMION,0,0,0,1,0,0,0,0,0,1,0,0,0,2,56,MUJER,LESIONADO,PASAJERO,NO,NO,3
5923,18280,18281,2017,0,0,-0.044085,-78.337971,PICHINCHA,QUITO,GUAYLLABAMBA,RURAL,2017-08-20,09:20:00,9,DOMINGO,7,AGOSTO,8,NO,CONDUCIR VEHICULO SUPERANDO LOS LIMITES MAXIMOS DE VELOCIDAD.,PERDIDA DE PISTA,VEHICULO DEPORTIVO UTILITARIO,0,0,0,0,0,0,0,0,0,0,0,0,1,1,-1,NO IDENTIFICADO,NO IDENTIFICADO,CONDUCTOR AUSENTE,NO,NO,2
5924,18282,18283,2017,0,0,-0.137645,-78.501298,PICHINCHA,QUITO,QUITO,URBANA,2017-08-20,09:40:00,9,DOMINGO,7,AGOSTO,8,NO,"CONDUCIR DESATENTO A LAS CONDICIONES DE TRANSITO (CELULAR, PANTALLAS DE VIDEO, COMIDA, MAQUILLAJE O CUALQUIER OTRO ELEMENTO DISTRACTOR).",ESTRELLAMIENTOS,CAMIONETA,0,0,0,0,1,0,0,0,0,0,0,0,0,1,-1,NO IDENTIFICADO,NO IDENTIFICADO,CONDUCTOR AUSENTE,NO,NO,2
5925,18289,18290,2017,1,0,-0.275931,-78.530267,PICHINCHA,QUITO,QUITO,URBANA,2017-08-20,11:00:00,11,DOMINGO,7,AGOSTO,8,NO,NO CEDER EL DERECHO DE VIA O PREFERENCIA DE PASO AL PEATON.,ATROPELLOS,AUTOMOVIL,1,0,0,0,0,0,0,0,0,0,0,0,0,1,52,MUJER,LESIONADO,PEATON,NO,NO,0
5926,18293,18294,2017,0,0,-0.276724,-78.556058,PICHINCHA,QUITO,QUITO,URBANA,2017-08-20,11:45:00,11,DOMINGO,7,AGOSTO,8,NO,"NO RESPETAR LAS SENIALES REGLAMENTARIAS DE TRANSITO. (PARE, CEDA EL PASO, LUZ ROJA DEL SEMAFORO, ETC).",CHOQUE LATERAL,AUTOMOVIL,1,0,0,0,0,0,0,0,0,1,0,0,0,2,64,HOMBRE,ILESO,CONDUCTOR PRESENTE,NO,NO,0
5927,18296,18297,2017,2,0,-0.190042,-78.488129,PICHINCHA,QUITO,QUITO,URBANA,2017-08-20,12:09:00,12,DOMINGO,7,AGOSTO,8,NO,"NO RESPETAR LAS SENIALES REGLAMENTARIAS DE TRANSITO. (PARE, CEDA EL PASO, LUZ ROJA DEL SEMAFORO, ETC).",CHOQUE LATERAL,AUTOMOVIL,2,0,0,0,0,0,0,0,0,0,0,0,0,2,12,MUJER,LESIONADO,PASAJERO,NO,NO,0
5928,18298,18299,2017,1,0,-0.113663,-78.474506,PICHINCHA,QUITO,QUITO,URBANA,2017-08-20,12:30:00,12,DOMINGO,7,AGOSTO,8,NO,CONDUCIR VEHICULO SUPERANDO LOS LIMITES MAXIMOS DE VELOCIDAD.,PERDIDA DE PISTA,MOTOCICLETA,0,0,0,0,0,0,0,0,1,0,0,0,0,1,31,HOMBRE,LESIONADO,CONDUCTOR PRESENTE,NO,NO,0
5929,18300,18301,2017,1,0,-0.089881,-78.517157,PICHINCHA,QUITO,QUITO,URBANA,2017-08-20,13:00:00,13,DOMINGO,7,AGOSTO,8,NO,NO CEDER EL DERECHO DE VIA O PREFERENCIA DE PASO A VEHICULOS.,CHOQUE LATERAL,CAMIONETA,0,1,0,0,1,0,0,0,0,0,0,0,0,2,12,HOMBRE,LESIONADO,CONDUCTOR PRESENTE,NO,NO,0
5930,18301,18302,2017,1,0,-0.217662,-78.518864,PICHINCHA,QUITO,QUITO,URBANA,2017-08-20,13:14:00,13,DOMINGO,7,AGOSTO,8,NO,NO CEDER EL DERECHO DE VIA O PREFERENCIA DE PASO AL PEATON.,ATROPELLOS,VEHICULO DEPORTIVO UTILITARIO,0,0,0,0,0,0,0,0,0,0,0,0,1,1,5,HOMBRE,LESIONADO,PEATON,NO,NO,0
5931,18313,18314,2017,1,0,-0.451824,-78.658831,PICHINCHA,MEJIA,ALOAG,RURAL,2017-08-20,17:40:00,17,DOMINGO,7,AGOSTO,8,NO,CONDUCIR VEHICULO SUPERANDO LOS LIMITES MAXIMOS DE VELOCIDAD.,VOLCAMIENTOS,VEHICULO DEPORTIVO UTILITARIO,0,0,0,0,0,0,0,0,0,1,0,0,1,2,37,MUJER,LESIONADO,PASAJERO,NO,NO,3
5932,18320,18321,2017,2,0,-0.275231,-78.552645,PICHINCHA,QUITO,QUITO,URBANA,2017-08-20,19:15:00,19,DOMINGO,7,AGOSTO,8,NO,"NO RESPETAR LAS SENIALES REGLAMENTARIAS DE TRANSITO. (PARE, CEDA EL PASO, LUZ ROJA DEL SEMAFORO, ETC).",CHOQUE LATERAL,CAMIONETA,1,0,0,0,1,0,0,0,0,0,0,0,0,2,26,HOMBRE,LESIONADO,CONDUCTOR PRESENTE,NO,NO,0
5933,18323,18324,2017,0,0,-0.255045,-78.525959,PICHINCHA,QUITO,QUITO,URBANA,2017-08-20,19:50:00,19,DOMINGO,7,AGOSTO,8,NO,"NO RESPETAR LAS SENIALES REGLAMENTARIAS DE TRANSITO. (PARE, CEDA EL PASO, LUZ ROJA DEL SEMAFORO, ETC).",CHOQUE LATERAL,MOTOCICLETA,0,0,0,0,0,0,0,0,1,1,0,0,0,2,44,HOMBRE,ILESO,CONDUCTOR PRESENTE,NO,NO,0
5934,18325,18326,2017,1,0,-0.065424,-78.418386,PICHINCHA,QUITO,CALDERON (CARAPUNGO),RURAL,2017-08-20,20:05:00,20,DOMINGO,7,AGOSTO,8,NO,BAJARSE O SUBIRSE DE VEHICULOS EN MOVIMIENTO SIN TOMAR LAS PRECAUCIONES DEBIDAS.,CAIDA DE PASAJERO,NO IDENTIFICADO,0,0,0,0,0,0,0,0,0,1,0,0,0,1,31,MUJER,LESIONADO,PASAJERO,NO,NO,3
5935,18331,18332,2017,1,0,-0.174287,-78.493456,PICHINCHA,QUITO,QUITO,URBANA,2017-08-20,22:40:00,22,DOMINGO,7,AGOSTO,8,NO,REALIZAR CAMBIO BRUSCO O INDEBIDO DE CARRIL.,PERDIDA DE PISTA,MOTOCICLETA,0,0,0,0,0,0,0,0,1,0,0,0,0,1,41,HOMBRE,LESIONADO,CONDUCTOR PRESENTE,NO,NO,0
5936,18332,18333,2017,2,0,-0.137645,-78.501298,PICHINCHA,QUITO,QUITO,URBANA,2017-08-20,22:50:00,22,DOMINGO,7,AGOSTO,8,NO,"CONDUCE BAJO LA INFLUENCIA DE ALCOHOL, SUSTANCIAS ESTUPEFACIENTES O PSICOTROPICAS Y/O MEDICAMENTOS.",ATROPELLOS,AUTOMOVIL,1,0,0,0,0,0,0,0,0,0,0,0,0,1,11,MUJER,LESIONADO,PEATON,NO,NO,0
5937,18335,18336,2017,0,0,-0.196047,-78.466538,PICHINCHA,QUITO,QUITO,URBANA,2017-08-21,01:20:00,1,LUNES,1,AGOSTO,8,NO,"CONDUCIR EN ESTADO DE SOMNOLENCIA O MALAS CONDICIONES FISICAS (SUENIO, CANSANCIO Y FATIGA).",PERDIDA DE PISTA,VEHICULO DEPORTIVO UTILITARIO,0,0,0,0,0,0,0,0,0,0,0,0,1,1,-1,NO IDENTIFICADO,NO IDENTIFICADO,CONDUCTOR AUSENTE,NO,NO,2
5938,18336,18337,2017,1,0,-0.121215,-78.480213,PICHINCHA,QUITO,QUITO,URBANA,2017-08-21,01:40:00,1,LUNES,1,AGOSTO,8,NO,"CONDUCIR EN ESTADO DE SOMNOLENCIA O MALAS CONDICIONES FISICAS (SUENIO, CANSANCIO Y FATIGA).",ESTRELLAMIENTOS,FURGONETA,0,0,0,0,0,0,0,1,0,0,0,0,0,1,44,MUJER,LESIONADO,PASAJERO,NO,NO,0
5939,18337,18338,2017,0,0,-0.275231,-78.552645,PICHINCHA,QUITO,QUITO,URBANA,2017-08-21,02:45:00,2,LUNES,1,AGOSTO,8,NO,"CONDUCIR EN ESTADO DE SOMNOLENCIA O MALAS CONDICIONES FISICAS (SUENIO, CANSANCIO Y FATIGA).",ESTRELLAMIENTOS,NO IDENTIFICADO,0,0,0,0,0,0,0,0,0,1,0,0,0,1,-1,NO IDENTIFICADO,NO IDENTIFICADO,CONDUCTOR AUSENTE,NO,NO,2
5940,18339,18340,2017,1,0,-0.280841,-78.548733,PICHINCHA,QUITO,QUITO,URBANA,2017-08-21,05:40:00,5,LUNES,1,AGOSTO,8,NO,"NO RESPETAR LAS SENIALES REGLAMENTARIAS DE TRANSITO. (PARE, CEDA EL PASO, LUZ ROJA DEL SEMAFORO, ETC).",CHOQUE LATERAL,MOTOCICLETA,0,0,0,0,0,0,0,0,1,1,0,0,0,2,24,HOMBRE,LESIONADO,CONDUCTOR PRESENTE,NO,NO,0
5941,18343,18344,2017,1,0,-0.172505,-78.487772,PICHINCHA,QUITO,QUITO,URBANA,2017-08-21,06:50:00,6,LUNES,1,AGOSTO,8,NO,NO MANTENER LA DISTANCIA PRUDENCIAL CON RESPECTO AL VEHICULO QUE LE ANTECEDE.,CHOQUE POSTERIOR,MOTOCICLETA,0,0,0,0,0,0,0,0,1,1,0,0,0,2,20,HOMBRE,LESIONADO,CONDUCTOR PRESENTE,NO,NO,0
5942,18347,18348,2017,0,1,-0.328615,-78.527102,PICHINCHA,QUITO,QUITO,URBANA,2017-08-21,07:30:00,7,LUNES,1,AGOSTO,8,NO,CONDUCIR VEHICULO SUPERANDO LOS LIMITES MAXIMOS DE VELOCIDAD.,ESTRELLAMIENTOS,BICICLETA,0,1,0,0,0,0,0,0,0,0,0,0,0,1,42,HOMBRE,FALLECIDO,CONDUCTOR PRESENTE,NO,NO,0
5943,18351,18352,2017,1,0,-0.214003,-78.404028,PICHINCHA,QUITO,TUMBACO,RURAL,2017-08-21,08:18:00,8,LUNES,1,AGOSTO,8,NO,NO CEDER EL DERECHO DE VIA O PREFERENCIA DE PASO A VEHICULOS.,CHOQUE LATERAL,VEHICULO DEPORTIVO UTILITARIO,0,0,1,0,0,0,0,0,0,0,0,0,1,2,59,HOMBRE,LESIONADO,PASAJERO,NO,NO,3
5944,18355,18356,2017,1,0,-0.120238,-78.480202,PICHINCHA,QUITO,QUITO,URBANA,2017-08-21,09:10:00,9,LUNES,1,AGOSTO,8,NO,NO TRANSITAR POR LAS ACERAS O ZONAS DE SEGURIDAD DESTINADAS PARA EL EFECTO.,ATROPELLOS,AUTOMOVIL,1,0,0,0,0,0,0,0,0,0,0,0,0,1,45,HOMBRE,LESIONADO,PEATON,NO,NO,0
5945,18357,18358,2017,0,0,-0.264875,-78.544664,PICHINCHA,QUITO,QUITO,URBANA,2017-08-21,09:50:00,9,LUNES,1,AGOSTO,8,NO,"NO RESPETAR LAS SENIALES REGLAMENTARIAS DE TRANSITO. (PARE, CEDA EL PASO, LUZ ROJA DEL SEMAFORO, ETC).",CHOQUE LATERAL,CAMIONETA,0,0,0,0,2,0,0,0,0,0,0,0,0,2,66,HOMBRE,ILESO,CONDUCTOR PRESENTE,NO,NO,0
5946,18359,18360,2017,0,0,-0.166428,-78.486747,PICHINCHA,QUITO,QUITO,URBANA,2017-08-21,11:00:00,11,LUNES,1,AGOSTO,8,NO,"NO RESPETAR LAS SENIALES REGLAMENTARIAS DE TRANSITO. (PARE, CEDA EL PASO, LUZ ROJA DEL SEMAFORO, ETC).",CHOQUE LATERAL,VEHICULO DEPORTIVO UTILITARIO,0,0,0,0,0,0,0,0,0,0,0,0,2,2,63,MUJER,ILESO,CONDUCTOR PRESENTE,NO,NO,0