,Unnamed: 0,ID,ANIO,LESIONADOS,FALLECIDOS,LATITUD_Y,LONGITUD_X,PROVINCIA,CANTON,PARROQUIA,ZONA,FECHA,HORA,PERIODO_2,DIA_1,DIA_2,MES_1,MES_2,FERIADO,CAUSA_PROBABLE,TIPO_DE_SINIESTRO,TIPO_DE_VEHICULO_1,AUTOMOVIL,BICICLETA,BUS,CAMION,CAMIONETA,EMERGENCIAS,ESPECIAL,FURGONETA,MOTOCICLETA,NO_IDENTIFICADO,SCOOTER_ELECTRICO,TRICIMOTO,VEHICULO_DEPORTIVO_UTILITARIO,SUMA_DE_VEHICULOS,EDAD_1,SEXO_1,CONDICION_1,PARTICIPANTE_1,CASCO_1,CINTURON_1,KMeans_Cluster
5947,18361,18362,2017,1,0,-0.158634,-78.487987,PICHINCHA,QUITO,QUITO,URBANA,2017-08-21,11:20:00,11,LUNES,1,AGOSTO,8,NO,BAJARSE O SUBIRSE DE VEHICULOS EN MOVIMIENTO SIN TOMAR LAS PRECAUCIONES DEBIDAS.,CAIDA DE PASAJERO,BUS,0,0,1,0,0,0,0,0,0,0,0,0,0,1,58,MUJER,LESIONADO,PASAJERO,NO,NO,0
5948,18362,18363,2017,1,0,-0.375819,-78.504942,PICHINCHA,QUITO,AMAGUANIA,RURAL,2017-08-21,12:00:00,12,LUNES,1,AGOSTO,8,NO,NO CEDER EL DERECHO DE VIA O PREFERENCIA DE PASO A VEHICULOS.,ATROPELLOS,NO IDENTIFICADO,0,0,0,0,0,0,0,0,0,1,0,0,0,1,31,MUJER,LESIONADO,PEATON,NO,NO,3
5949,18364,18365,2017,1,0,-0.194746,-78.477616,PICHINCHA,QUITO,QUITO,URBANA,2017-08-21,12:40:00,12,LUNES,1,AGOSTO,8,NO,NO MANTENER LA DISTANCIA PRUDENCIAL CON RESPECTO AL VEHICULO QUE LE ANTECEDE.,CHOQUE POSTERIOR,MOTOCICLETA,1,0,0,0,0,0,0,0,1,0,0,0,0,2,43,HOMBRE,LESIONADO,CONDUCTOR PRESENTE,NO,NO,0
5950,18367,18368,2017,1,0,-0.176888,-78.480953,PICHINCHA,QUITO,QUITO,URBANA,2017-08-21,13:30:00,13,LUNES,1,AGOSTO,8,NO,"NO RESPETAR LAS SENIALES REGLAMENTARIAS DE TRANSITO. (PARE, CEDA EL PASO, LUZ ROJA DEL SEMAFORO, ETC).",ATROPELLOS,VEHICULO DEPORTIVO UTILITARIO,0,0,0,0,0,0,0,0,0,0,0,0,1,1,67,HOMBRE,LESIONADO,PEATON,NO,NO,0
5951,18369,18370,2017,1,0,-0.172505,-78.487772,PICHINCHA,QUITO,QUITO,URBANA,2017-08-21,14:00:00,14,LUNES,1,AGOSTO,8,NO,NO CEDER EL DERECHO DE VIA O PREFERENCIA DE PASO AL PEATON.,ARROLLAMIENTOS,NO IDENTIFICADO,0,0,0,0,0,0,0,0,0,1,0,0,0,1,33,HOMBRE,LESIONADO,PEATON,NO,NO,0
5952,18370,18371,2017,0,0,-0.213957,-78.489688,PICHINCHA,QUITO,QUITO,URBANA,2017-08-21,14:38:00,14,LUNES,1,AGOSTO,8,NO,NO GUARDAR LA DISTANCIA LATERAL MINIMA DE SEGURIDAD ENTRE VEHICULOS.,ROZAMIENTOS,AUTOMOVIL,2,0,0,0,0,0,0,0,0,0,0,0,0,2,52,HOMBRE,ILESO,CONDUCTOR PRESENTE,NO,NO,0
5953,18374,18375,2017,2,0,-0.179231,-78.514768,PICHINCHA,QUITO,QUITO,RURAL,2017-08-21,15:00:00,15,LUNES,1,AGOSTO,8,NO,NO GUARDAR LA DISTANCIA LATERAL MINIMA DE SEGURIDAD ENTRE VEHICULOS.,ROZAMIENTOS,AUTOMOVIL,3,0,0,0,0,0,0,0,0,0,0,0,0,3,67,HOMBRE,LESIONADO,CONDUCTOR PRESENTE,NO,SI,3
5954,18378,18379,2017,0,0,-0.105583,-78.499743,PICHINCHA,QUITO,QUITO,URBANA,2017-08-21,16:05:00,16,LUNES,1,AGOSTO,8,NO,"CONDUCE BAJO LA INFLUENCIA DE ALCOHOL, SUSTANCIAS ESTUPEFACIENTES O PSICOTROPICAS Y/O MEDICAMENTOS.",CHOQUE POSTERIOR,AUTOMOVIL,1,0,0,0,0,0,0,0,0,0,0,0,1,2,46,HOMBRE,ILESO,CONDUCTOR PRESENTE,NO,NO,0
5955,18380,18381,2017,0,0,-0.159348,-78.496216,PICHINCHA,QUITO,QUITO,URBANA,2017-08-21,16:25:00,16,LUNES,1,AGOSTO,8,NO,"CONDUCIR DESATENTO A LAS CONDICIONES DE TRANSITO (CELULAR, PANTALLAS DE VIDEO, COMIDA, MAQUILLAJE O CUALQUIER OTRO ELEMENTO DISTRACTOR).",COLISION,VEHICULO DEPORTIVO UTILITARIO,2,0,0,0,0,0,0,0,0,0,0,0,1,3,34,MUJER,ILESO,CONDUCTOR PRESENTE,NO,NO,0
5956,18382,18383,2017,0,0,-0.197723,-78.425079,PICHINCHA,QUITO,CUMBAYA,RURAL,2017-08-21,17:45:00,17,LUNES,1,AGOSTO,8,NO,NO MANTENER LA DISTANCIA PRUDENCIAL CON RESPECTO AL VEHICULO QUE LE ANTECEDE.,CHOQUE POSTERIOR,VEHICULO DEPORTIVO UTILITARIO,1,0,0,0,0,0,0,0,0,0,0,0,1,2,41,MUJER,ILESO,CONDUCTOR PRESENTE,NO,NO,3
5957,18385,18386,2017,0,0,-0.317898,-78.535609,PICHINCHA,QUITO,QUITO,URBANA,2017-08-21,18:03:00,18,LUNES,1,AGOSTO,8,NO,REALIZAR CAMBIO BRUSCO O INDEBIDO DE CARRIL.,ESTRELLAMIENTOS,CAMION,0,0,0,1,0,0,0,0,0,0,0,0,0,1,43,HOMBRE,ILESO,CONDUCTOR PRESENTE,NO,NO,0
5958,18388,18389,2017,1,0,-0.089264,-78.515182,PICHINCHA,QUITO,QUITO,URBANA,2017-08-21,18:59:00,18,LUNES,1,AGOSTO,8,NO,"NO RESPETAR LAS SENIALES REGLAMENTARIAS DE TRANSITO. (PARE, CEDA EL PASO, LUZ ROJA DEL SEMAFORO, ETC).",CHOQUE LATERAL,AUTOMOVIL,1,0,0,0,0,0,0,0,1,0,0,0,0,2,25,HOMBRE,LESIONADO,PASAJERO,NO,NO,0
5959,18400,18401,2017,1,0,-0.243671,-78.485361,PICHINCHA,QUITO,QUITO,URBANA,2017-08-21,22:20:00,22,LUNES,1,AGOSTO,8,NO,NO TRANSITAR POR LAS ACERAS O ZONAS DE SEGURIDAD DESTINADAS PARA EL EFECTO.,ATROPELLOS,NO IDENTIFICADO,0,0,0,0,0,0,0,0,0,1,0,0,0,1,30,HOMBRE,LESIONADO,PEATON,NO,NO,0
5960,18405,18406,2017,0,0,-0.281885,-78.557721,PICHINCHA,QUITO,QUITO,URBANA,2017-08-22,02:35:00,2,MARTES,2,AGOSTO,8,NO,"CONDUCE BAJO LA INFLUENCIA DE ALCOHOL, SUSTANCIAS ESTUPEFACIENTES O PSICOTROPICAS Y/O MEDICAMENTOS.",CHOQUE LATERAL,CAMIONETA,1,0,0,0,1,0,0,0,0,0,0,0,0,2,27,HOMBRE,ILESO,CONDUCTOR PRESENTE,NO,NO,0
5961,18411,18412,2017,0,0,-0.209306,-78.492372,PICHINCHA,QUITO,QUITO,URBANA,2017-08-22,07:10:00,7,MARTES,2,AGOSTO,8,NO,"NO RESPETAR LAS SENIALES REGLAMENTARIAS DE TRANSITO. (PARE, CEDA EL PASO, LUZ ROJA DEL SEMAFORO, ETC).",CHOQUE LATERAL,AUTOMOVIL,2,0,0,0,0,0,0,0,0,0,0,0,0,2,35,HOMBRE,ILESO,CONDUCTOR PRESENTE,NO,NO,0
5962,18413,18414,2017,1,0,-0.138561,-78.482436,PICHINCHA,QUITO,QUITO,URBANA,2017-08-22,08:00:00,8,MARTES,2,AGOSTO,8,NO,NO TRANSITAR POR LAS ACERAS O ZONAS DE SEGURIDAD DESTINADAS PARA EL EFECTO.,ATROPELLOS,AUTOMOVIL,1,0,0,0,0,0,0,0,0,0,0,0,0,1,67,HOMBRE,LESIONADO,PEATON,NO,NO,0
5963,18414,18415,2017,2,0,-0.215465,-78.507664,PICHINCHA,QUITO,QUITO,URBANA,2017-08-22,08:10:00,8,MARTES,2,AGOSTO,8,NO,NO CEDER EL DERECHO DE VIA O PREFERENCIA DE PASO A VEHICULOS.,CHOQUE LATERAL,AUTOMOVIL,1,0,0,0,0,0,0,0,1,0,0,0,0,2,31,MUJER,LESIONADO,PASAJERO,NO,NO,0
5964,18415,18416,2017,1,0,-0.136172,-78.470287,PICHINCHA,QUITO,QUITO,URBANA,2017-08-22,08:15:00,8,MARTES,2,AGOSTO,8,NO,NO CEDER EL DERECHO DE VIA O PREFERENCIA DE PASO AL PEATON.,ATROPELLOS,AUTOMOVIL,1,0,0,0,0,0,0,0,0,0,0,0,0,1,13,HOMBRE,LESIONADO,PEATON,NO,NO,0
5965,18420,18421,2017,1,0,-0.186376,-78.495734,PICHINCHA,QUITO,QUITO,URBANA,2017-08-22,09:40:00,9,MARTES,2,AGOSTO,8,NO,NO CEDER EL DERECHO DE VIA O PREFERENCIA DE PASO AL PEATON.,ATROPELLOS,VEHICULO DEPORTIVO UTILITARIO,0,0,0,0,0,0,0,0,0,0,0,0,1,1,27,MUJER,LESIONADO,PEATON,NO,NO,0
5966,18425,18426,2017,0,0,-0.206438,-78.370261,PICHINCHA,QUITO,PUEMBO,RURAL,2017-08-22,12:45:00,12,MARTES,2,AGOSTO,8,NO,NO GUARDAR LA DISTANCIA LATERAL MINIMA DE SEGURIDAD ENTRE VEHICULOS.,ROZAMIENTOS,CAMION,0,0,1,1,0,0,0,0,0,0,0,0,0,2,47,HOMBRE,ILESO,CONDUCTOR PRESENTE,NO,NO,3
5967,18429,18430,2017,0,0,-0.176209,-78.479385,PICHINCHA,QUITO,QUITO,URBANA,2017-08-22,13:35:00,13,MARTES,2,AGOSTO,8,NO,NO MANTENER LA DISTANCIA PRUDENCIAL CON RESPECTO AL VEHICULO QUE LE ANTECEDE.,CHOQUE POSTERIOR,VEHICULO DEPORTIVO UTILITARIO,0,0,0,0,0,0,0,0,0,0,0,0,2,2,32,HOMBRE,ILESO,CONDUCTOR PRESENTE,NO,NO,0
5968,18430,18431,2017,1,0,-0.189901,-78.476554,PICHINCHA,QUITO,QUITO,RURAL,2017-08-22,13:40:00,13,MARTES,2,AGOSTO,8,NO,NO MANTENER LA DISTANCIA PRUDENCIAL CON RESPECTO AL VEHICULO QUE LE ANTECEDE.,CHOQUE POSTERIOR,MOTOCICLETA,0,0,0,0,0,0,0,0,1,1,0,0,0,2,24,HOMBRE,LESIONADO,CONDUCTOR PRESENTE,NO,NO,3
5969,18440,18441,2017,1,0,-0.387238,-78.530433,PICHINCHA,MEJIA,UYUMBICHO,RURAL,2017-08-22,17:00:00,17,MARTES,2,AGOSTO,8,NO,NO CEDER EL DERECHO DE VIA O PREFERENCIA DE PASO AL PEATON.,ATROPELLOS,VEHICULO DEPORTIVO UTILITARIO,0,0,0,0,0,0,0,0,0,0,0,0,1,1,31,HOMBRE,LESIONADO,PEATON,NO,NO,3
5970,18446,18447,2017,1,0,-0.318256,-78.557591,PICHINCHA,QUITO,QUITO,URBANA,2017-08-22,18:30:00,18,MARTES,2,AGOSTO,8,NO,BAJARSE O SUBIRSE DE VEHICULOS EN MOVIMIENTO SIN TOMAR LAS PRECAUCIONES DEBIDAS.,CAIDA DE PASAJERO,NO IDENTIFICADO,0,0,0,0,0,0,0,0,0,1,0,0,0,1,21,HOMBRE,LESIONADO,PASAJERO,NO,NO,0
5971,18447,18448,2017,0,0,-0.187427,-78.494273,PICHINCHA,QUITO,QUITO,URBANA,2017-08-22,18:30:00,18,MARTES,2,AGOSTO,8,NO,CONDUCIR VEHICULO SUPERANDO LOS LIMITES MAXIMOS DE VELOCIDAD.,PERDIDA DE PISTA,CAMIONETA,0,0,0,0,1,0,0,0,0,0,0,0,0,1,48,HOMBRE,ILESO,CONDUCTOR PRESENTE,NO,NO,0
5972,18452,18453,2017,1,0,-0.091581,-78.439052,PICHINCHA,QUITO,CALDERON (CARAPUNGO),RURAL,2017-08-22,20:10:00,20,MARTES,2,AGOSTO,8,NO,NO CEDER EL DERECHO DE VIA O PREFERENCIA DE PASO AL PEATON.,ATROPELLOS,FURGONETA,0,0,0,0,0,0,0,1,0,0,0,0,0,1,57,HOMBRE,LESIONADO,PEATON,NO,NO,3
5973,18468,18469,2017,1,0,-0.126906,-78.494004,PICHINCHA,QUITO,QUITO,URBANA,2017-08-23,07:20:00,7,MIERCOLES,3,AGOSTO,8,NO,NO CEDER EL DERECHO DE VIA O PREFERENCIA DE PASO A VEHICULOS.,CHOQUE LATERAL,MOTOCICLETA,0,0,0,0,0,0,0,0,1,0,0,0,1,2,34,HOMBRE,LESIONADO,CONDUCTOR PRESENTE,NO,NO,0
5974,18469,18470,2017,1,0,-0.084069,-78.418729,PICHINCHA,QUITO,CALDERON (CARAPUNGO),RURAL,2017-08-23,07:50:00,7,MIERCOLES,3,AGOSTO,8,NO,"NO RESPETAR LAS SENIALES REGLAMENTARIAS DE TRANSITO. (PARE, CEDA EL PASO, LUZ ROJA DEL SEMAFORO, ETC).",CHOQUE LATERAL,VEHICULO DEPORTIVO UTILITARIO,0,0,0,0,0,0,0,0,1,0,0,0,1,2,22,HOMBRE,LESIONADO,CONDUCTOR PRESENTE,NO,NO,3
5975,18471,18472,2017,1,0,-0.286581,-78.549902,PICHINCHA,QUITO,QUITO,URBANA,2017-08-23,08:00:00,8,MIERCOLES,3,AGOSTO,8,NO,BAJARSE O SUBIRSE DE VEHICULOS EN MOVIMIENTO SIN TOMAR LAS PRECAUCIONES DEBIDAS.,CAIDA DE PASAJERO,BUS,0,0,1,0,0,0,0,0,0,0,0,0,0,1,46,MUJER,LESIONADO,PASAJERO,NO,NO,0
5976,18472,18473,2017,1,0,-0.181437,-78.481832,PICHINCHA,QUITO,QUITO,URBANA,2017-08-23,08:10:00,8,MIERCOLES,3,AGOSTO,8,NO,NO CEDER EL DERECHO DE VIA O PREFERENCIA DE PASO AL PEATON.,ATROPELLOS,NO IDENTIFICADO,0,0,0,0,0,0,0,0,0,1,0,0,0,1,68,HOMBRE,LESIONADO,PEATON,NO,NO,0
5977,18473,18474,2017,1,0,-0.263621,-78.524648,PICHINCHA,QUITO,QUITO,URBANA,2017-08-23,08:45:00,8,MIERCOLES,3,AGOSTO,8,NO,BAJARSE O SUBIRSE DE VEHICULOS EN MOVIMIENTO SIN TOMAR LAS PRECAUCIONES DEBIDAS.,CAIDA DE PASAJERO,BUS,0,0,1,0,0,0,0,0,0,0,0,0,0,1,30,MUJER,LESIONADO,PASAJERO,NO,NO,0
5978,18474,18475,2017,1,0,-0.172244,-78.490174,PICHINCHA,QUITO,QUITO,URBANA,2017-08-23,10:03:00,10,MIERCOLES,3,AGOSTO,8,NO,NO CEDER EL DERECHO DE VIA O PREFERENCIA DE PASO AL PEATON.,ATROPELLOS,NO IDENTIFICADO,0,0,0,0,0,0,0,0,0,1,0,0,0,1,67,HOMBRE,LESIONADO,PEATON,NO,NO,0
5979,18477,18478,2017,1,0,-0.318912,-78.536159,PICHINCHA,QUITO,QUITO,URBANA,2017-08-23,11:50:00,11,MIERCOLES,3,AGOSTO,8,NO,"NO RESPETAR LAS SENIALES REGLAMENTARIAS DE TRANSITO. (PARE, CEDA EL PASO, LUZ ROJA DEL SEMAFORO, ETC).",CHOQUE LATERAL,BICICLETA,0,1,0,0,0,0,0,0,0,1,0,0,0,2,10,MUJER,LESIONADO,CONDUCTOR PRESENTE,NO,NO,0
5980,18479,18480,2017,0,0,-0.175455,-78.499413,PICHINCHA,QUITO,QUITO,URBANA,2017-08-23,12:00:00,12,MIERCOLES,3,AGOSTO,8,NO,NO GUARDAR LA DISTANCIA LATERAL MINIMA DE SEGURIDAD ENTRE VEHICULOS.,ROZAMIENTOS,AUTOMOVIL,1,0,0,0,0,0,0,0,0,1,0,0,0,2,28,MUJER,ILESO,CONDUCTOR PRESENTE,NO,NO,0
5981,18484,18485,2017,1,0,0.011377,-78.469004,PICHINCHA,QUITO,SAN ANTONIO (QUITO),URBANA,2017-08-23,13:53:00,13,MIERCOLES,3,AGOSTO,8,NO,"CONDUCIR DESATENTO A LAS CONDICIONES DE TRANSITO (CELULAR, PANTALLAS DE VIDEO, COMIDA, MAQUILLAJE O CUALQUIER OTRO ELEMENTO DISTRACTOR).",CHOQUE LATERAL,MOTOCICLETA,0,0,0,0,0,0,0,0,2,0,0,0,0,2,30,MUJER,LESIONADO,CONDUCTOR PRESENTE,NO,NO,0
5982,18485,18486,2017,1,0,-0.200525,-78.499327,PICHINCHA,QUITO,QUITO,URBANA,2017-08-23,14:30:00,14,MIERCOLES,3,AGOSTO,8,NO,NO CEDER EL DERECHO DE VIA O PREFERENCIA DE PASO AL PEATON.,ATROPELLOS,MOTOCICLETA,1,0,0,0,0,0,0,0,1,0,0,0,0,2,23,HOMBRE,LESIONADO,CONDUCTOR PRESENTE,SI,NO,0
5983,18487,18488,2017,1,0,-0.200525,-78.499327,PICHINCHA,QUITO,QUITO,RURAL,2017-08-23,14:40:00,14,MIERCOLES,3,AGOSTO,8,NO,NO CEDER EL DERECHO DE VIA O PREFERENCIA DE PASO A VEHICULOS.,CHOQUE LATERAL,MOTOCICLETA,0,0,0,0,0,0,0,0,1,1,0,0,0,2,19,HOMBRE,LESIONADO,CONDUCTOR PRESENTE,NO,NO,3
5984,18488,18489,2017,2,0,-0.167416,-78.482518,PICHINCHA,QUITO,QUITO,URBANA,2017-08-23,14:52:00,14,MIERCOLES,3,AGOSTO,8,NO,"NO RESPETAR LAS SENIALES REGLAMENTARIAS DE TRANSITO. (PARE, CEDA EL PASO, LUZ ROJA DEL SEMAFORO, ETC).",CHOQUE LATERAL,AUTOMOVIL,1,0,0,0,2,0,0,0,0,0,0,0,0,3,19,HOMBRE,LESIONADO,CONDUCTOR PRESENTE,NO,NO,0
5985,18493,18494,2017,0,0,-0.456336,-78.755518,PICHINCHA,MEJIA,MANUEL CORNEJO ASTORGA,RURAL,2017-08-23,16:00:00,16,MIERCOLES,3,AGOSTO,8,NO,"CONDUCIR DESATENTO A LAS CONDICIONES DE TRANSITO (CELULAR, PANTALLAS DE VIDEO, COMIDA, MAQUILLAJE O CUALQUIER OTRO ELEMENTO DISTRACTOR).",CHOQUE LATERAL,VEHICULO DEPORTIVO UTILITARIO,0,0,0,1,0,0,0,0,0,0,0,0,1,2,38,HOMBRE,ILESO,CONDUCTOR PRESENTE,NO,NO,3
5986,18497,18498,2017,0,0,-0.140846,-78.496473,PICHINCHA,QUITO,QUITO,URBANA,2017-08-23,17:20:00,17,MIERCOLES,3,AGOSTO,8,NO,"CONDUCE BAJO LA INFLUENCIA DE ALCOHOL, SUSTANCIAS ESTUPEFACIENTES O PSICOTROPICAS Y/O MEDICAMENTOS.",ROZAMIENTOS,AUTOMOVIL,1,0,1,0,1,0,0,0,0,0,0,0,0,3,51,HOMBRE,ILESO,CONDUCTOR PRESENTE,NO,NO,0
5987,18500,18501,2017,1,0,-0.256174,-78.552026,PICHINCHA,QUITO,QUITO,URBANA,2017-08-23,17:35:00,17,MIERCOLES,3,AGOSTO,8,NO,BAJARSE O SUBIRSE DE VEHICULOS EN MOVIMIENTO SIN TOMAR LAS PRECAUCIONES DEBIDAS.,CAIDA DE PASAJERO,BUS,0,0,1,0,0,0,0,0,0,0,0,0,0,1,71,MUJER,LESIONADO,PASAJERO,NO,NO,0
5988,18505,18506,2017,1,0,-0.062211,-78.432685,PICHINCHA,QUITO,CALDERON (CARAPUNGO),RURAL,2017-08-23,18:40:00,18,MIERCOLES,3,AGOSTO,8,NO,CONDUCIR VEHICULO SUPERANDO LOS LIMITES MAXIMOS DE VELOCIDAD.,PERDIDA DE PISTA,AUTOMOVIL,1,0,0,0,0,0,0,0,1,0,0,0,0,2,-1,HOMBRE,LESIONADO,CONDUCTOR PRESENTE,SI,NO,3
5989,18507,18508,2017,1,0,-0.282595,-78.470666,PICHINCHA,QUITO,CONOCOTO,RURAL,2017-08-23,19:05:00,19,MIERCOLES,3,AGOSTO,8,NO,NO CEDER EL DERECHO DE VIA O PREFERENCIA DE PASO AL PEATON.,ATROPELLOS,NO IDENTIFICADO,0,0,0,0,0,0,0,0,0,1,0,0,0,1,76,MUJER,LESIONADO,PEATON,NO,NO,3
5990,18510,18511,2017,2,0,-0.006014,-78.452997,PICHINCHA,QUITO,SAN ANTONIO (QUITO),URBANA,2017-08-23,19:30:00,19,MIERCOLES,3,AGOSTO,8,NO,CONDUCIR VEHICULO SUPERANDO LOS LIMITES MAXIMOS DE VELOCIDAD.,PERDIDA DE PISTA,NO IDENTIFICADO,0,0,0,0,0,0,0,0,0,2,0,0,0,2,-1,NO IDENTIFICADO,LESIONADO,CONDUCTOR PRESENTE,NO,NO,2
5991,18516,18517,2017,1,0,-0.289587,-78.538588,PICHINCHA,QUITO,QUITO,URBANA,2017-08-23,20:50:00,20,MIERCOLES,3,AGOSTO,8,NO,"NO RESPETAR LAS SENIALES REGLAMENTARIAS DE TRANSITO. (PARE, CEDA EL PASO, LUZ ROJA DEL SEMAFORO, ETC).",CHOQUE LATERAL,MOTOCICLETA,1,0,0,0,0,0,0,0,1,0,0,0,0,2,19,HOMBRE,LESIONADO,CONDUCTOR PRESENTE,NO,NO,0
5992,18519,18520,2017,0,0,-0.094321,-78.437227,PICHINCHA,QUITO,CALDERON (CARAPUNGO),RURAL,2017-08-23,23:15:00,23,MIERCOLES,3,AGOSTO,8,NO,"CONDUCE BAJO LA INFLUENCIA DE ALCOHOL, SUSTANCIAS ESTUPEFACIENTES O PSICOTROPICAS Y/O MEDICAMENTOS.",CHOQUE POSTERIOR,AUTOMOVIL,2,0,0,0,0,0,0,0,0,0,0,0,0,2,57,HOMBRE,ILESO,CONDUCTOR PRESENTE,NO,NO,3
5993,18523,18524,2017,0,0,-0.081601,-78.502712,PICHINCHA,QUITO,QUITO,URBANA,2017-08-24,01:18:00,1,JUEVES,4,AGOSTO,8,NO,"CONDUCIR EN ESTADO DE SOMNOLENCIA O MALAS CONDICIONES FISICAS (SUENIO, CANSANCIO Y FATIGA).",ESTRELLAMIENTOS,NO IDENTIFICADO,0,0,0,0,0,0,0,0,0,1,0,0,0,1,-1,NO IDENTIFICADO,NO IDENTIFICADO,CONDUCTOR AUSENTE,NO,NO,2
5994,18525,18526,2017,0,0,-0.224383,-78.496888,PICHINCHA,QUITO,QUITO,URBANA,2017-08-24,02:50:00,2,JUEVES,4,AGOSTO,8,NO,"CONDUCIR EN ESTADO DE SOMNOLENCIA O MALAS CONDICIONES FISICAS (SUENIO, CANSANCIO Y FATIGA).",ESTRELLAMIENTOS,AUTOMOVIL,1,0,0,0,0,0,0,0,0,0,0,0,0,1,24,HOMBRE,ILESO,CONDUCTOR PRESENTE,NO,NO,0
5995,18527,18528,2017,0,0,-0.143249,-78.495209,PICHINCHA,QUITO,QUITO,URBANA,2017-08-24,03:18:00,3,JUEVES,4,AGOSTO,8,NO,"NO RESPETAR LAS SENIALES REGLAMENTARIAS DE TRANSITO. (PARE, CEDA EL PASO, LUZ ROJA DEL SEMAFORO, ETC).",CHOQUE LATERAL,AUTOMOVIL,2,0,0,0,0,0,0,0,0,0,0,0,0,2,40,HOMBRE,ILESO,CONDUCTOR PRESENTE,NO,NO,0
5996,18528,18529,2017,1,0,-0.230021,-78.501174,PICHINCHA,QUITO,QUITO,URBANA,2017-08-24,03:45:00,3,JUEVES,4,AGOSTO,8,NO,"CONDUCIR EN ESTADO DE SOMNOLENCIA O MALAS CONDICIONES FISICAS (SUENIO, CANSANCIO Y FATIGA).",CHOQUE POSTERIOR,MOTOCICLETA,0,0,0,0,0,0,0,0,1,1,0,0,0,2,24,HOMBRE,LESIONADO,CONDUCTOR PRESENTE,NO,NO,0
5997,18533,18534,2017,1,0,-0.116011,-78.479444,PICHINCHA,QUITO,QUITO,URBANA,2017-08-24,06:45:00,6,JUEVES,4,AGOSTO,8,NO,NO TRANSITAR POR LAS ACERAS O ZONAS DE SEGURIDAD DESTINADAS PARA EL EFECTO.,ATROPELLOS,NO IDENTIFICADO,0,0,0,0,0,0,0,0,0,1,0,0,0,1,51,HOMBRE,LESIONADO,PEATON,NO,NO,0
5998,18534,18535,2017,0,1,-0.325397,-78.550251,PICHINCHA,QUITO,QUITO,URBANA,2017-08-24,07:00:00,7,JUEVES,4,AGOSTO,8,NO,NO CEDER EL DERECHO DE VIA O PREFERENCIA DE PASO AL PEATON.,ATROPELLOS,NO IDENTIFICADO,0,0,0,0,0,0,0,0,0,1,0,0,0,1,78,MUJER,FALLECIDO,PEATON,NO,NO,0
5999,18535,18536,2017,1,0,-0.325397,-78.550251,PICHINCHA,QUITO,QUITO,URBANA,2017-08-24,07:05:00,7,JUEVES,4,AGOSTO,8,NO,NO CEDER EL DERECHO DE VIA O PREFERENCIA DE PASO AL PEATON.,ATROPELLOS,NO IDENTIFICADO,0,0,0,0,0,0,0,0,0,1,0,0,0,1,77,MUJER,LESIONADO,PEATON,NO,NO,0
6000,18536,18537,2017,0,0,-0.199979,-78.485105,PICHINCHA,QUITO,QUITO,URBANA,2017-08-24,07:15:00,7,JUEVES,4,AGOSTO,8,NO,"CONDUCIR DESATENTO A LAS CONDICIONES DE TRANSITO (CELULAR, PANTALLAS DE VIDEO, COMIDA, MAQUILLAJE O CUALQUIER OTRO ELEMENTO DISTRACTOR).",ESTRELLAMIENTOS,AUTOMOVIL,1,0,0,0,0,0,0,0,0,0,0,0,0,1,-1,NO IDENTIFICADO,NO IDENTIFICADO,CONDUCTOR AUSENTE,NO,NO,2
6001,18540,18541,2017,0,0,-0.164784,-78.468117,PICHINCHA,QUITO,QUITO,URBANA,2017-08-24,08:12:00,8,JUEVES,4,AGOSTO,8,NO,NO MANTENER LA DISTANCIA PRUDENCIAL CON RESPECTO AL VEHICULO QUE LE ANTECEDE.,CHOQUE POSTERIOR,VEHICULO DEPORTIVO UTILITARIO,0,0,0,0,0,0,0,1,0,0,0,0,1,2,37,MUJER,ILESO,CONDUCTOR PRESENTE,NO,NO,0
6002,18544,18545,2017,0,0,-0.001574,-78.439994,PICHINCHA,QUITO,SAN ANTONIO (QUITO),RURAL,2017-08-24,09:20:00,9,JUEVES,4,AGOSTO,8,NO,REALIZAR CAMBIO BRUSCO O INDEBIDO DE CARRIL.,ESTRELLAMIENTOS,CAMIONETA,0,0,0,0,1,0,0,0,0,0,0,0,0,1,-1,NO IDENTIFICADO,NO IDENTIFICADO,CONDUCTOR AUSENTE,NO,NO,2
6003,18546,18547,2017,0,0,-0.118095,-78.455421,PICHINCHA,QUITO,QUITO,RURAL,2017-08-24,09:40:00,9,JUEVES,4,AGOSTO,8,NO,"CONDUCE BAJO LA INFLUENCIA DE ALCOHOL, SUSTANCIAS ESTUPEFACIENTES O PSICOTROPICAS Y/O MEDICAMENTOS.",CHOQUE POSTERIOR,AUTOMOVIL,1,0,0,1,0,0,0,0,0,0,0,0,0,2,24,HOMBRE,ILESO,CONDUCTOR PRESENTE,NO,NO,3
6004,18550,18551,2017,0,0,-0.214033,-78.516227,PICHINCHA,QUITO,QUITO,URBANA,2017-08-24,11:10:00,11,JUEVES,4,AGOSTO,8,NO,NO GUARDAR LA DISTANCIA LATERAL MINIMA DE SEGURIDAD ENTRE VEHICULOS.,ROZAMIENTOS,BUS,0,0,2,0,0,0,0,0,0,0,0,0,0,2,35,HOMBRE,ILESO,CONDUCTOR PRESENTE,NO,NO,0
6005,18553,18554,2017,1,0,-0.157607,-78.446294,PICHINCHA,QUITO,NAYON,RURAL,2017-08-24,12:40:00,12,JUEVES,4,AGOSTO,8,NO,"NO RESPETAR LAS SENIALES REGLAMENTARIAS DE TRANSITO. (PARE, CEDA EL PASO, LUZ ROJA DEL SEMAFORO, ETC).",CHOQUE LATERAL,AUTOMOVIL,1,0,1,0,0,0,0,0,0,0,0,0,0,2,34,HOMBRE,LESIONADO,CONDUCTOR PRESENTE,NO,NO,3