,Unnamed: 0,ID,ANIO,LESIONADOS,FALLECIDOS,LATITUD_Y,LONGITUD_X,PROVINCIA,CANTON,PARROQUIA,ZONA,FECHA,HORA,PERIODO_2,DIA_1,DIA_2,MES_1,MES_2,FERIADO,CAUSA_PROBABLE,TIPO_DE_SINIESTRO,TIPO_DE_VEHICULO_1,AUTOMOVIL,BICICLETA,BUS,CAMION,CAMIONETA,EMERGENCIAS,ESPECIAL,FURGONETA,MOTOCICLETA,NO_IDENTIFICADO,SCOOTER_ELECTRICO,TRICIMOTO,VEHICULO_DEPORTIVO_UTILITARIO,SUMA_DE_VEHICULOS,EDAD_1,SEXO_1,CONDICION_1,PARTICIPANTE_1,CASCO_1,CINTURON_1,KMeans_Cluster
6006,18555,18556,2017,0,0,-0.065216,-78.362523,PICHINCHA,QUITO,GUAYLLABAMBA,RURAL,2017-08-24,13:30:00,13,JUEVES,4,AGOSTO,8,NO,NO CEDER EL DERECHO DE VIA O PREFERENCIA DE PASO A VEHICULOS.,CHOQUE LATERAL,CAMIONETA,0,0,0,0,1,0,0,1,0,0,0,0,0,2,20,HOMBRE,ILESO,CONDUCTOR PRESENTE,NO,NO,3
6007,18559,18560,2017,1,0,-0.252141,-78.566383,PICHINCHA,QUITO,QUITO,URBANA,2017-08-24,14:55:00,14,JUEVES,4,AGOSTO,8,NO,NO CEDER EL DERECHO DE VIA O PREFERENCIA DE PASO AL PEATON.,ATROPELLOS,NO IDENTIFICADO,0,0,0,0,0,0,0,0,0,1,0,0,0,1,10,HOMBRE,LESIONADO,PEATON,NO,NO,0
6008,18563,18564,2017,0,0,-0.129369,-78.481353,PICHINCHA,QUITO,QUITO,URBANA,2017-08-24,15:45:00,15,JUEVES,4,AGOSTO,8,NO,"NO RESPETAR LAS SENIALES REGLAMENTARIAS DE TRANSITO. (PARE, CEDA EL PASO, LUZ ROJA DEL SEMAFORO, ETC).",CHOQUE LATERAL,VEHICULO DEPORTIVO UTILITARIO,1,0,0,0,0,0,0,0,0,0,0,0,1,2,68,MUJER,ILESO,CONDUCTOR PRESENTE,NO,NO,0
6009,18565,18566,2017,0,0,-0.268701,-78.550906,PICHINCHA,QUITO,QUITO,URBANA,2017-08-24,16:03:00,16,JUEVES,4,AGOSTO,8,NO,NO CEDER EL DERECHO DE VIA O PREFERENCIA DE PASO A VEHICULOS.,CHOQUE LATERAL,MOTOCICLETA,0,0,0,0,0,0,0,0,1,1,0,0,0,2,19,HOMBRE,ILESO,CONDUCTOR PRESENTE,NO,NO,0
6010,18566,18567,2017,0,0,-0.270999,-78.536501,PICHINCHA,QUITO,QUITO,URBANA,2017-08-24,16:06:00,16,JUEVES,4,AGOSTO,8,NO,NO MANTENER LA DISTANCIA PRUDENCIAL CON RESPECTO AL VEHICULO QUE LE ANTECEDE.,CHOQUE POSTERIOR,CAMIONETA,0,0,0,0,2,0,0,0,0,0,0,0,0,2,33,HOMBRE,ILESO,CONDUCTOR PRESENTE,NO,NO,0
6011,18568,18569,2017,1,0,-0.117417,-78.497556,PICHINCHA,QUITO,QUITO,URBANA,2017-08-24,17:30:00,17,JUEVES,4,AGOSTO,8,NO,NO CEDER EL DERECHO DE VIA O PREFERENCIA DE PASO AL PEATON.,ATROPELLOS,VEHICULO DEPORTIVO UTILITARIO,0,0,0,0,0,0,0,0,0,0,0,0,1,1,16,HOMBRE,LESIONADO,PEATON,NO,NO,0
6012,18571,18572,2017,0,0,-0.160515,-78.470943,PICHINCHA,QUITO,QUITO,URBANA,2017-08-24,17:50:00,17,JUEVES,4,AGOSTO,8,NO,"NO RESPETAR LAS SENIALES REGLAMENTARIAS DE TRANSITO. (PARE, CEDA EL PASO, LUZ ROJA DEL SEMAFORO, ETC).",CHOQUE LATERAL,BUS,1,0,1,0,0,0,0,0,0,0,0,0,0,2,46,HOMBRE,ILESO,CONDUCTOR PRESENTE,NO,NO,0
6013,18582,18583,2017,0,0,-0.212873,-78.517551,PICHINCHA,QUITO,QUITO,URBANA,2017-08-24,21:30:00,21,JUEVES,4,AGOSTO,8,NO,NO MANTENER LA DISTANCIA PRUDENCIAL CON RESPECTO AL VEHICULO QUE LE ANTECEDE.,CHOQUE POSTERIOR,AUTOMOVIL,2,0,0,0,0,0,0,0,1,0,0,0,0,3,49,HOMBRE,ILESO,CONDUCTOR PRESENTE,NO,NO,0
6014,18585,18586,2017,0,0,-0.158221,-78.437741,PICHINCHA,QUITO,NAYON,URBANA,2017-08-24,23:15:00,23,JUEVES,4,AGOSTO,8,NO,"CONDUCE BAJO LA INFLUENCIA DE ALCOHOL, SUSTANCIAS ESTUPEFACIENTES O PSICOTROPICAS Y/O MEDICAMENTOS.",CHOQUE LATERAL,MOTOCICLETA,1,0,0,0,0,0,0,0,1,0,0,0,0,2,18,HOMBRE,ILESO,CONDUCTOR PRESENTE,NO,NO,0
6015,18590,18591,2017,0,0,-0.158045,-78.469229,PICHINCHA,QUITO,QUITO,URBANA,2017-08-25,00:15:00,0,VIERNES,5,AGOSTO,8,NO,"CONDUCIR EN ESTADO DE SOMNOLENCIA O MALAS CONDICIONES FISICAS (SUENIO, CANSANCIO Y FATIGA).",ESTRELLAMIENTOS,CAMIONETA,0,0,0,0,1,0,0,0,0,0,0,0,0,1,-1,NO IDENTIFICADO,NO IDENTIFICADO,CONDUCTOR AUSENTE,NO,NO,2
6016,18598,18599,2017,3,0,-0.186043,-78.334808,PICHINCHA,QUITO,TABABELA,URBANA,2017-08-25,06:00:00,6,VIERNES,5,AGOSTO,8,NO,NO CEDER EL DERECHO DE VIA O PREFERENCIA DE PASO AL PEATON.,ATROPELLOS,NO IDENTIFICADO,0,0,0,0,0,0,0,0,0,1,0,0,0,1,31,MUJER,LESIONADO,PEATON,NO,NO,0
6017,18599,18600,2017,1,0,-0.232802,-78.540347,PICHINCHA,QUITO,QUITO,URBANA,2017-08-25,06:20:00,6,VIERNES,5,AGOSTO,8,NO,NO CEDER EL DERECHO DE VIA O PREFERENCIA DE PASO AL PEATON.,ATROPELLOS,AUTOMOVIL,1,0,0,1,0,0,0,0,0,0,0,0,0,2,39,HOMBRE,LESIONADO,CONDUCTOR PRESENTE,NO,SI,0
6018,18602,18603,2017,0,0,-0.196669,-78.466599,PICHINCHA,QUITO,QUITO,RURAL,2017-08-25,06:47:00,6,VIERNES,5,AGOSTO,8,NO,NO CEDER EL DERECHO DE VIA O PREFERENCIA DE PASO A VEHICULOS.,CHOQUE LATERAL,CAMIONETA,1,0,0,0,1,0,0,0,0,0,0,0,0,2,60,HOMBRE,ILESO,CONDUCTOR PRESENTE,NO,NO,3
6019,18603,18604,2017,0,0,-0.299432,-78.559038,PICHINCHA,QUITO,QUITO,URBANA,2017-08-25,07:15:00,7,VIERNES,5,AGOSTO,8,NO,"NO RESPETAR LAS SENIALES REGLAMENTARIAS DE TRANSITO. (PARE, CEDA EL PASO, LUZ ROJA DEL SEMAFORO, ETC).",CHOQUE LATERAL,CAMION,0,0,0,1,0,0,0,0,0,0,0,0,1,2,29,HOMBRE,ILESO,CONDUCTOR PRESENTE,NO,NO,0
6020,18604,18605,2017,1,0,-0.283026,-78.554749,PICHINCHA,QUITO,QUITO,URBANA,2017-08-25,07:15:00,7,VIERNES,5,AGOSTO,8,NO,"NO RESPETAR LAS SENIALES REGLAMENTARIAS DE TRANSITO. (PARE, CEDA EL PASO, LUZ ROJA DEL SEMAFORO, ETC).",ATROPELLOS,MOTOCICLETA,0,0,0,0,0,0,0,0,1,0,0,0,0,1,20,MUJER,LESIONADO,PEATON,NO,NO,0
6021,18607,18608,2017,1,0,-0.100622,-78.472207,PICHINCHA,QUITO,QUITO,URBANA,2017-08-25,07:30:00,7,VIERNES,5,AGOSTO,8,NO,NO TRANSITAR POR LAS ACERAS O ZONAS DE SEGURIDAD DESTINADAS PARA EL EFECTO.,ATROPELLOS,NO IDENTIFICADO,0,0,0,0,0,0,0,0,0,1,0,0,0,1,35,HOMBRE,LESIONADO,PEATON,NO,NO,0
6022,18608,18609,2017,1,0,-0.281321,-78.494625,PICHINCHA,QUITO,CONOCOTO,RURAL,2017-08-25,07:30:00,7,VIERNES,5,AGOSTO,8,NO,REALIZAR CAMBIO BRUSCO O INDEBIDO DE CARRIL.,ESTRELLAMIENTOS,AUTOMOVIL,1,0,0,0,0,0,0,0,0,0,0,0,1,2,31,HOMBRE,LESIONADO,PEATON,NO,NO,3
6023,18610,18611,2017,1,0,-0.091273,-78.473221,PICHINCHA,QUITO,QUITO,URBANA,2017-08-25,07:55:00,7,VIERNES,5,AGOSTO,8,NO,NO MANTENER LA DISTANCIA PRUDENCIAL CON RESPECTO AL VEHICULO QUE LE ANTECEDE.,CHOQUE POSTERIOR,MOTOCICLETA,1,0,0,0,0,0,0,0,1,0,0,0,0,2,46,HOMBRE,LESIONADO,CONDUCTOR PRESENTE,NO,NO,0
6024,18611,18612,2017,0,0,-0.253108,-78.537515,PICHINCHA,QUITO,QUITO,URBANA,2017-08-25,08:27:00,8,VIERNES,5,AGOSTO,8,NO,"NO RESPETAR LAS SENIALES REGLAMENTARIAS DE TRANSITO. (PARE, CEDA EL PASO, LUZ ROJA DEL SEMAFORO, ETC).",CHOQUE LATERAL,CAMIONETA,2,0,0,0,1,0,0,0,0,0,0,0,0,3,29,HOMBRE,ILESO,CONDUCTOR PRESENTE,NO,NO,0
6025,18613,18614,2017,0,0,-0.196669,-78.466599,PICHINCHA,QUITO,QUITO,RURAL,2017-08-25,08:30:00,8,VIERNES,5,AGOSTO,8,NO,CONDUCIR VEHICULO SUPERANDO LOS LIMITES MAXIMOS DE VELOCIDAD.,ESTRELLAMIENTOS,AUTOMOVIL,1,0,0,0,1,0,0,0,0,0,0,0,0,2,40,HOMBRE,ILESO,CONDUCTOR PRESENTE,NO,NO,3
6026,18614,18615,2017,1,0,-0.161461,-78.487356,PICHINCHA,QUITO,QUITO,URBANA,2017-08-25,08:30:00,8,VIERNES,5,AGOSTO,8,NO,"NO RESPETAR LAS SENIALES REGLAMENTARIAS DE TRANSITO. (PARE, CEDA EL PASO, LUZ ROJA DEL SEMAFORO, ETC).",CHOQUE LATERAL,MOTOCICLETA,0,0,0,0,0,0,0,0,1,0,0,0,1,2,26,HOMBRE,LESIONADO,CONDUCTOR PRESENTE,NO,NO,0
6027,18617,18618,2017,3,0,-0.172151,-78.491143,PICHINCHA,QUITO,QUITO,URBANA,2017-08-25,09:10:00,9,VIERNES,5,AGOSTO,8,NO,"NO RESPETAR LAS SENIALES REGLAMENTARIAS DE TRANSITO. (PARE, CEDA EL PASO, LUZ ROJA DEL SEMAFORO, ETC).",CHOQUE LATERAL,MOTOCICLETA,0,0,0,0,0,0,0,0,1,1,0,0,0,2,26,HOMBRE,LESIONADO,CONDUCTOR PRESENTE,NO,NO,0
6028,18619,18620,2017,1,0,-0.252526,-78.523092,PICHINCHA,QUITO,QUITO,URBANA,2017-08-25,09:30:00,9,VIERNES,5,AGOSTO,8,NO,NO CEDER EL DERECHO DE VIA O PREFERENCIA DE PASO AL PEATON.,ATROPELLOS,CAMIONETA,0,0,0,0,1,0,0,0,0,0,0,0,0,1,55,HOMBRE,LESIONADO,CONDUCTOR PRESENTE,NO,NO,0
6029,18623,18624,2017,0,0,-0.238726,-78.518937,PICHINCHA,QUITO,QUITO,URBANA,2017-08-25,10:15:00,10,VIERNES,5,AGOSTO,8,NO,"CONDUCIR DESATENTO A LAS CONDICIONES DE TRANSITO (CELULAR, PANTALLAS DE VIDEO, COMIDA, MAQUILLAJE O CUALQUIER OTRO ELEMENTO DISTRACTOR).",CHOQUE POSTERIOR,AUTOMOVIL,1,0,0,0,0,0,0,1,0,0,0,0,0,2,38,HOMBRE,ILESO,CONDUCTOR PRESENTE,NO,NO,0
6030,18627,18628,2017,1,0,-0.154927,-78.476996,PICHINCHA,QUITO,QUITO,URBANA,2017-08-25,11:30:00,11,VIERNES,5,AGOSTO,8,NO,"CONDUCIR DESATENTO A LAS CONDICIONES DE TRANSITO (CELULAR, PANTALLAS DE VIDEO, COMIDA, MAQUILLAJE O CUALQUIER OTRO ELEMENTO DISTRACTOR).",COLISION,VEHICULO DEPORTIVO UTILITARIO,0,0,0,1,0,0,0,0,1,0,0,0,1,3,28,HOMBRE,LESIONADO,CONDUCTOR PRESENTE,NO,NO,0
6031,18628,18629,2017,0,0,-0.196047,-78.466538,PICHINCHA,QUITO,QUITO,URBANA,2017-08-25,12:50:00,12,VIERNES,5,AGOSTO,8,NO,NO MANTENER LA DISTANCIA PRUDENCIAL CON RESPECTO AL VEHICULO QUE LE ANTECEDE.,COLISION,AUTOMOVIL,2,0,0,0,0,0,0,0,0,0,0,0,2,4,22,HOMBRE,ILESO,CONDUCTOR PRESENTE,NO,NO,0
6032,18630,18631,2017,1,0,-0.186151,-78.487448,PICHINCHA,QUITO,QUITO,URBANA,2017-08-25,13:20:00,13,VIERNES,5,AGOSTO,8,NO,NO MANTENER LA DISTANCIA PRUDENCIAL CON RESPECTO AL VEHICULO QUE LE ANTECEDE.,COLISION,AUTOMOVIL,2,0,0,0,0,0,0,0,0,1,0,0,1,4,35,MUJER,LESIONADO,CONDUCTOR PRESENTE,NO,NO,0
6033,18632,18633,2017,1,0,-0.206824,-78.511864,PICHINCHA,QUITO,QUITO,URBANA,2017-08-25,14:00:00,14,VIERNES,5,AGOSTO,8,NO,CONDUCIR VEHICULO SUPERANDO LOS LIMITES MAXIMOS DE VELOCIDAD.,PERDIDA DE PISTA,ESPECIAL,0,0,0,0,0,0,1,0,0,0,0,0,0,1,28,MUJER,LESIONADO,PEATON,NO,NO,0
6034,18636,18637,2017,1,0,-0.201693,-78.483017,PICHINCHA,QUITO,QUITO,URBANA,2017-08-25,16:20:00,16,VIERNES,5,AGOSTO,8,NO,BAJARSE O SUBIRSE DE VEHICULOS EN MOVIMIENTO SIN TOMAR LAS PRECAUCIONES DEBIDAS.,CAIDA DE PASAJERO,NO IDENTIFICADO,0,0,0,0,0,0,0,0,0,1,0,0,0,1,45,MUJER,LESIONADO,PASAJERO,NO,NO,0
6035,18638,18639,2017,0,0,-0.051332,-78.316569,PICHINCHA,QUITO,GUAYLLABAMBA,RURAL,2017-08-25,17:00:00,17,VIERNES,5,AGOSTO,8,NO,CONDUCIR VEHICULO SUPERANDO LOS LIMITES MAXIMOS DE VELOCIDAD.,PERDIDA DE PISTA,CAMIONETA,0,0,0,0,1,0,0,0,0,0,0,0,0,1,20,HOMBRE,ILESO,CONDUCTOR PRESENTE,NO,NO,3
6036,18640,18641,2017,0,0,-0.177733,-78.486661,PICHINCHA,QUITO,QUITO,URBANA,2017-08-25,17:30:00,17,VIERNES,5,AGOSTO,8,NO,REALIZAR CAMBIO BRUSCO O INDEBIDO DE CARRIL.,ESTRELLAMIENTOS,AUTOMOVIL,2,0,0,0,0,0,0,0,0,0,0,0,0,2,69,HOMBRE,ILESO,CONDUCTOR PRESENTE,NO,NO,0
6037,18641,18642,2017,0,0,-0.201041,-78.428846,PICHINCHA,QUITO,CUMBAYA,RURAL,2017-08-25,17:35:00,17,VIERNES,5,AGOSTO,8,NO,NO GUARDAR LA DISTANCIA LATERAL MINIMA DE SEGURIDAD ENTRE VEHICULOS.,ROZAMIENTOS,AUTOMOVIL,1,0,0,0,1,0,0,0,0,0,0,0,0,2,50,HOMBRE,ILESO,CONDUCTOR PRESENTE,NO,NO,3
6038,18642,18643,2017,1,0,-0.232962,-78.496809,PICHINCHA,QUITO,QUITO,URBANA,2017-08-25,17:50:00,17,VIERNES,5,AGOSTO,8,NO,NO TRANSITAR POR LAS ACERAS O ZONAS DE SEGURIDAD DESTINADAS PARA EL EFECTO.,ATROPELLOS,NO IDENTIFICADO,0,0,0,0,0,0,0,0,0,1,0,0,0,1,2,MUJER,LESIONADO,PEATON,NO,NO,0
6039,18646,18647,2017,0,0,-0.292724,-78.476486,PICHINCHA,QUITO,CONOCOTO,RURAL,2017-08-25,18:10:00,18,VIERNES,5,AGOSTO,8,NO,"NO RESPETAR LAS SENIALES REGLAMENTARIAS DE TRANSITO. (PARE, CEDA EL PASO, LUZ ROJA DEL SEMAFORO, ETC).",CHOQUE LATERAL,CAMIONETA,0,0,0,0,1,0,0,1,0,0,0,0,0,2,44,HOMBRE,ILESO,CONDUCTOR PRESENTE,NO,NO,3
6040,18647,18648,2017,1,0,-0.176101,-78.496575,PICHINCHA,QUITO,QUITO,URBANA,2017-08-25,18:13:00,18,VIERNES,5,AGOSTO,8,NO,NO CEDER EL DERECHO DE VIA O PREFERENCIA DE PASO AL PEATON.,ATROPELLOS,MOTOCICLETA,0,0,0,0,0,0,0,0,1,0,0,0,0,1,24,MUJER,LESIONADO,PEATON,NO,NO,0
6041,18648,18649,2017,0,0,-0.105771,-78.486761,PICHINCHA,QUITO,QUITO,URBANA,2017-08-25,18:20:00,18,VIERNES,5,AGOSTO,8,NO,REALIZAR CAMBIO BRUSCO O INDEBIDO DE CARRIL.,ESTRELLAMIENTOS,VEHICULO DEPORTIVO UTILITARIO,0,0,0,0,0,0,0,0,0,1,0,0,1,2,-1,NO IDENTIFICADO,NO IDENTIFICADO,CONDUCTOR AUSENTE,NO,NO,2
6042,18651,18652,2017,0,0,-0.202492,-78.494008,PICHINCHA,QUITO,QUITO,URBANA,2017-08-25,18:52:00,18,VIERNES,5,AGOSTO,8,NO,NO GUARDAR LA DISTANCIA LATERAL MINIMA DE SEGURIDAD ENTRE VEHICULOS.,ROZAMIENTOS,CAMIONETA,0,0,0,0,2,0,0,0,0,0,0,0,0,2,40,HOMBRE,ILESO,CONDUCTOR PRESENTE,NO,NO,0
6043,18652,18653,2017,0,0,-0.120617,-78.509028,PICHINCHA,QUITO,QUITO,URBANA,2017-08-25,18:55:00,18,VIERNES,5,AGOSTO,8,NO,NO GUARDAR LA DISTANCIA LATERAL MINIMA DE SEGURIDAD ENTRE VEHICULOS.,ROZAMIENTOS,CAMIONETA,1,0,0,0,1,0,0,0,0,0,0,0,0,2,27,HOMBRE,ILESO,CONDUCTOR PRESENTE,NO,NO,0
6044,18656,18657,2017,1,0,-0.088884,-78.439915,PICHINCHA,QUITO,CALDERON (CARAPUNGO),URBANA,2017-08-25,20:30:00,20,VIERNES,5,AGOSTO,8,NO,BAJARSE O SUBIRSE DE VEHICULOS EN MOVIMIENTO SIN TOMAR LAS PRECAUCIONES DEBIDAS.,CAIDA DE PASAJERO,NO IDENTIFICADO,0,0,0,0,0,0,0,0,0,1,0,0,0,1,67,MUJER,LESIONADO,PASAJERO,NO,NO,0
6045,18659,18660,2017,0,0,-0.113555,-78.497601,PICHINCHA,QUITO,QUITO,URBANA,2017-08-25,21:25:00,21,VIERNES,5,AGOSTO,8,NO,"NO RESPETAR LAS SENIALES REGLAMENTARIAS DE TRANSITO. (PARE, CEDA EL PASO, LUZ ROJA DEL SEMAFORO, ETC).",CHOQUE LATERAL,CAMION,1,0,0,1,0,0,0,0,0,0,0,0,0,2,37,HOMBRE,ILESO,CONDUCTOR PRESENTE,NO,NO,0
6046,18664,18665,2017,1,0,-0.183934,-78.490608,PICHINCHA,QUITO,QUITO,URBANA,2017-08-25,22:30:00,22,VIERNES,5,AGOSTO,8,NO,"CONDUCE BAJO LA INFLUENCIA DE ALCOHOL, SUSTANCIAS ESTUPEFACIENTES O PSICOTROPICAS Y/O MEDICAMENTOS.",COLISION,AUTOMOVIL,1,0,0,0,0,0,0,0,1,0,0,0,1,3,37,HOMBRE,LESIONADO,CONDUCTOR PRESENTE,NO,NO,0
6047,18666,18667,2017,0,0,-0.132567,-78.494589,PICHINCHA,QUITO,QUITO,URBANA,2017-08-25,22:50:00,22,VIERNES,5,AGOSTO,8,NO,"CONDUCIR EN ESTADO DE SOMNOLENCIA O MALAS CONDICIONES FISICAS (SUENIO, CANSANCIO Y FATIGA).",ESTRELLAMIENTOS,NO IDENTIFICADO,0,0,0,0,0,0,0,0,0,1,0,0,0,1,-1,NO IDENTIFICADO,NO IDENTIFICADO,CONDUCTOR AUSENTE,NO,NO,2
6048,18668,18669,2017,0,0,-0.129314,-78.481389,PICHINCHA,QUITO,QUITO,URBANA,2017-08-26,00:15:00,0,SABADO,6,AGOSTO,8,NO,"CONDUCIR DESATENTO A LAS CONDICIONES DE TRANSITO (CELULAR, PANTALLAS DE VIDEO, COMIDA, MAQUILLAJE O CUALQUIER OTRO ELEMENTO DISTRACTOR).",CHOQUE POSTERIOR,AUTOMOVIL,1,0,0,0,0,0,0,0,0,1,0,0,0,2,-1,NO IDENTIFICADO,NO IDENTIFICADO,CONDUCTOR AUSENTE,NO,NO,2
6049,18669,18670,2017,0,0,-0.256462,-78.538424,PICHINCHA,QUITO,QUITO,URBANA,2017-08-26,00:40:00,0,SABADO,6,AGOSTO,8,NO,"CONDUCIR EN ESTADO DE SOMNOLENCIA O MALAS CONDICIONES FISICAS (SUENIO, CANSANCIO Y FATIGA).",ESTRELLAMIENTOS,NO IDENTIFICADO,0,0,0,0,0,0,0,0,0,1,0,0,0,1,-1,NO IDENTIFICADO,NO IDENTIFICADO,CONDUCTOR AUSENTE,NO,NO,2
6050,18670,18671,2017,0,0,-0.211894,-78.457695,PICHINCHA,QUITO,QUITO,RURAL,2017-08-26,00:40:00,0,SABADO,6,AGOSTO,8,NO,"CONDUCIR EN ESTADO DE SOMNOLENCIA O MALAS CONDICIONES FISICAS (SUENIO, CANSANCIO Y FATIGA).",ESTRELLAMIENTOS,AUTOMOVIL,1,0,0,0,0,0,0,0,0,0,0,0,0,1,52,HOMBRE,ILESO,CONDUCTOR PRESENTE,NO,NO,3
6051,18671,18672,2017,0,0,-0.208721,-78.509607,PICHINCHA,QUITO,QUITO,URBANA,2017-08-26,01:00:00,1,SABADO,6,AGOSTO,8,NO,"CONDUCE BAJO LA INFLUENCIA DE ALCOHOL, SUSTANCIAS ESTUPEFACIENTES O PSICOTROPICAS Y/O MEDICAMENTOS.",ESTRELLAMIENTOS,MOTOCICLETA,0,0,0,0,0,0,0,0,1,1,0,0,0,2,-1,NO IDENTIFICADO,NO IDENTIFICADO,CONDUCTOR AUSENTE,NO,NO,2
6052,18673,18674,2017,0,0,-0.144216,-78.469414,PICHINCHA,QUITO,QUITO,URBANA,2017-08-26,01:20:00,1,SABADO,6,AGOSTO,8,NO,"CONDUCE BAJO LA INFLUENCIA DE ALCOHOL, SUSTANCIAS ESTUPEFACIENTES O PSICOTROPICAS Y/O MEDICAMENTOS.",CHOQUE LATERAL,AUTOMOVIL,2,0,0,0,0,0,0,0,0,0,0,0,0,2,26,HOMBRE,ILESO,CONDUCTOR PRESENTE,NO,NO,0
6053,18674,18675,2017,0,1,-0.137646,-78.581298,PICHINCHA,QUITO,NONO,URBANA,2017-08-26,01:36:00,1,SABADO,6,AGOSTO,8,NO,NO TRANSITAR POR LAS ACERAS O ZONAS DE SEGURIDAD DESTINADAS PARA EL EFECTO.,ATROPELLOS,NO IDENTIFICADO,0,0,0,0,0,0,0,0,0,1,0,0,0,1,54,HOMBRE,FALLECIDO,PEATON,NO,NO,0
6054,18675,18676,2017,0,0,-0.133554,-78.501956,PICHINCHA,QUITO,QUITO,URBANA,2017-08-26,01:50:00,1,SABADO,6,AGOSTO,8,NO,"CONDUCIR EN ESTADO DE SOMNOLENCIA O MALAS CONDICIONES FISICAS (SUENIO, CANSANCIO Y FATIGA).",ESTRELLAMIENTOS,ESPECIAL,0,0,0,0,0,0,1,0,0,0,0,0,0,1,-1,NO IDENTIFICADO,NO IDENTIFICADO,CONDUCTOR AUSENTE,NO,NO,2
6055,18677,18678,2017,0,0,-0.201667,-78.476303,PICHINCHA,QUITO,QUITO,URBANA,2017-08-26,02:20:00,2,SABADO,6,AGOSTO,8,NO,"CONDUCE BAJO LA INFLUENCIA DE ALCOHOL, SUSTANCIAS ESTUPEFACIENTES O PSICOTROPICAS Y/O MEDICAMENTOS.",ESTRELLAMIENTOS,AUTOMOVIL,1,0,0,0,0,0,0,0,0,0,0,0,0,1,26,HOMBRE,ILESO,CONDUCTOR PRESENTE,NO,NO,0
6056,18678,18679,2017,1,0,-0.104218,-78.512481,PICHINCHA,QUITO,QUITO,URBANA,2017-08-26,02:39:00,2,SABADO,6,AGOSTO,8,NO,"CONDUCIR EN ESTADO DE SOMNOLENCIA O MALAS CONDICIONES FISICAS (SUENIO, CANSANCIO Y FATIGA).",ESTRELLAMIENTOS,AUTOMOVIL,1,0,0,0,0,0,0,0,0,0,0,0,0,1,52,HOMBRE,LESIONADO,PASAJERO,NO,NO,0
6057,18683,18684,2017,1,0,-0.212824,-78.402686,PICHINCHA,QUITO,TUMBACO,RURAL,2017-08-26,03:45:00,3,SABADO,6,AGOSTO,8,NO,NO TRANSITAR POR LAS ACERAS O ZONAS DE SEGURIDAD DESTINADAS PARA EL EFECTO.,ATROPELLOS,NO IDENTIFICADO,0,0,0,0,0,0,0,0,0,1,0,0,0,1,38,HOMBRE,LESIONADO,PEATON,NO,NO,3
6058,18684,18685,2017,1,0,-0.247251,-78.534943,PICHINCHA,QUITO,QUITO,URBANA,2017-08-26,04:20:00,4,SABADO,6,AGOSTO,8,NO,REALIZAR CAMBIO BRUSCO O INDEBIDO DE CARRIL.,CHOQUE POSTERIOR,MOTOCICLETA,0,0,0,0,0,0,0,0,1,1,0,0,0,2,23,HOMBRE,LESIONADO,CONDUCTOR PRESENTE,NO,NO,0
6059,18689,18690,2017,0,0,-0.169297,-78.476251,PICHINCHA,QUITO,QUITO,URBANA,2017-08-26,07:00:00,7,SABADO,6,AGOSTO,8,NO,"CONDUCIR DESATENTO A LAS CONDICIONES DE TRANSITO (CELULAR, PANTALLAS DE VIDEO, COMIDA, MAQUILLAJE O CUALQUIER OTRO ELEMENTO DISTRACTOR).",CHOQUE POSTERIOR,AUTOMOVIL,2,0,0,0,0,0,0,0,0,0,0,0,0,2,38,HOMBRE,ILESO,CONDUCTOR PRESENTE,NO,NO,0
6060,18692,18693,2017,1,0,-0.111245,-78.478941,PICHINCHA,QUITO,QUITO,URBANA,2017-08-26,07:45:00,7,SABADO,6,AGOSTO,8,NO,"CONDUCE BAJO LA INFLUENCIA DE ALCOHOL, SUSTANCIAS ESTUPEFACIENTES O PSICOTROPICAS Y/O MEDICAMENTOS.",COLISION,VEHICULO DEPORTIVO UTILITARIO,0,0,0,0,0,0,0,1,0,0,0,0,2,3,38,MUJER,LESIONADO,PASAJERO,NO,NO,0
6061,18693,18694,2017,1,0,-0.123564,-78.503311,PICHINCHA,QUITO,QUITO,URBANA,2017-08-26,08:20:00,8,SABADO,6,AGOSTO,8,NO,NO TRANSITAR POR LAS ACERAS O ZONAS DE SEGURIDAD DESTINADAS PARA EL EFECTO.,ATROPELLOS,NO IDENTIFICADO,0,0,0,0,0,0,0,0,0,1,0,0,0,1,36,HOMBRE,LESIONADO,PEATON,NO,NO,0
6062,18694,18695,2017,1,0,-0.170135,-78.479875,PICHINCHA,QUITO,QUITO,URBANA,2017-08-26,08:50:00,8,SABADO,6,AGOSTO,8,NO,"CONDUCE BAJO LA INFLUENCIA DE ALCOHOL, SUSTANCIAS ESTUPEFACIENTES O PSICOTROPICAS Y/O MEDICAMENTOS.",CHOQUE LATERAL,CAMIONETA,0,0,1,0,1,0,0,0,0,0,0,0,0,2,28,MUJER,LESIONADO,PASAJERO,NO,NO,0
6063,18695,18696,2017,0,0,-0.299432,-78.559038,PICHINCHA,QUITO,QUITO,URBANA,2017-08-26,09:16:00,9,SABADO,6,AGOSTO,8,NO,NO MANTENER LA DISTANCIA PRUDENCIAL CON RESPECTO AL VEHICULO QUE LE ANTECEDE.,CHOQUE POSTERIOR,AUTOMOVIL,1,0,0,0,0,0,0,0,0,1,0,0,0,2,28,MUJER,ILESO,CONDUCTOR PRESENTE,NO,NO,0