,Unnamed: 0,ID,ANIO,LESIONADOS,FALLECIDOS,LATITUD_Y,LONGITUD_X,PROVINCIA,CANTON,PARROQUIA,ZONA,FECHA,HORA,PERIODO_2,DIA_1,DIA_2,MES_1,MES_2,FERIADO,CAUSA_PROBABLE,TIPO_DE_SINIESTRO,TIPO_DE_VEHICULO_1,AUTOMOVIL,BICICLETA,BUS,CAMION,CAMIONETA,EMERGENCIAS,ESPECIAL,FURGONETA,MOTOCICLETA,NO_IDENTIFICADO,SCOOTER_ELECTRICO,TRICIMOTO,VEHICULO_DEPORTIVO_UTILITARIO,SUMA_DE_VEHICULOS,EDAD_1,SEXO_1,CONDICION_1,PARTICIPANTE_1,CASCO_1,CINTURON_1,KMeans_Cluster
6064,18698,18699,2017,1,0,-0.244418,-78.431292,PICHINCHA,QUITO,GUANGOPOLO,URBANA,2017-08-26,09:40:00,9,SABADO,6,AGOSTO,8,NO,"CONDICIONES AMBIENTALES Y/O ATMOSFERICAS (NIEBLA, NEBLINA, GRANIZO, LLUVIA).",PERDIDA DE PISTA,CAMION,0,0,0,1,0,0,0,0,0,0,0,0,0,1,46,MUJER,LESIONADO,CONDUCTOR PRESENTE,NO,NO,0
6065,18700,18701,2017,0,0,-0.161628,-78.409941,PICHINCHA,QUITO,TUMBACO,URBANA,2017-08-26,10:40:00,10,SABADO,6,AGOSTO,8,NO,NO CEDER EL DERECHO DE VIA O PREFERENCIA DE PASO A VEHICULOS.,CHOQUE LATERAL,AUTOMOVIL,1,0,0,0,0,0,0,0,0,0,0,0,1,2,68,HOMBRE,ILESO,CONDUCTOR PRESENTE,NO,NO,0
6066,18702,18703,2017,0,0,-0.140855,-78.479931,PICHINCHA,QUITO,QUITO,URBANA,2017-08-26,11:59:00,11,SABADO,6,AGOSTO,8,NO,"NO RESPETAR LAS SENIALES REGLAMENTARIAS DE TRANSITO. (PARE, CEDA EL PASO, LUZ ROJA DEL SEMAFORO, ETC).",CHOQUE LATERAL,AUTOMOVIL,1,0,0,0,0,0,0,0,0,1,0,0,0,2,54,HOMBRE,ILESO,CONDUCTOR PRESENTE,NO,NO,0
6067,18704,18705,2017,1,0,-0.101884,-78.491351,PICHINCHA,QUITO,QUITO,URBANA,2017-08-26,12:53:00,12,SABADO,6,AGOSTO,8,NO,NO CEDER EL DERECHO DE VIA O PREFERENCIA DE PASO A VEHICULOS.,CHOQUE LATERAL,MOTOCICLETA,0,0,0,0,0,0,0,0,1,1,0,0,0,2,12,MUJER,LESIONADO,PASAJERO,NO,NO,0
6068,18708,18709,2017,0,0,-0.124496,-78.467687,PICHINCHA,QUITO,QUITO,URBANA,2017-08-26,13:50:00,13,SABADO,6,AGOSTO,8,NO,"NO RESPETAR LAS SENIALES REGLAMENTARIAS DE TRANSITO. (PARE, CEDA EL PASO, LUZ ROJA DEL SEMAFORO, ETC).",CHOQUE LATERAL,CAMIONETA,0,0,0,0,1,0,0,0,0,0,0,0,1,2,45,HOMBRE,ILESO,CONDUCTOR PRESENTE,NO,NO,0
6069,18711,18712,2017,0,0,-0.279145,-78.542895,PICHINCHA,QUITO,QUITO,URBANA,2017-08-26,14:40:00,14,SABADO,6,AGOSTO,8,NO,"CONDUCIR DESATENTO A LAS CONDICIONES DE TRANSITO (CELULAR, PANTALLAS DE VIDEO, COMIDA, MAQUILLAJE O CUALQUIER OTRO ELEMENTO DISTRACTOR).",ESTRELLAMIENTOS,AUTOMOVIL,1,0,0,0,0,0,0,0,0,0,0,0,1,2,32,HOMBRE,ILESO,CONDUCTOR PRESENTE,NO,NO,0
6070,18717,18718,2017,0,0,-0.268421,-78.546684,PICHINCHA,QUITO,QUITO,URBANA,2017-08-26,15:30:00,15,SABADO,6,AGOSTO,8,NO,NO GUARDAR LA DISTANCIA LATERAL MINIMA DE SEGURIDAD ENTRE VEHICULOS.,ROZAMIENTOS,AUTOMOVIL,1,0,0,0,0,0,0,0,0,1,0,0,0,2,-1,NO IDENTIFICADO,NO IDENTIFICADO,CONDUCTOR AUSENTE,NO,NO,2
6071,18719,18720,2017,3,0,-0.452763,-78.753757,PICHINCHA,MEJIA,MANUEL CORNEJO ASTORGA,RURAL,2017-08-26,16:30:00,16,SABADO,6,AGOSTO,8,NO,"CONDUCIR DESATENTO A LAS CONDICIONES DE TRANSITO (CELULAR, PANTALLAS DE VIDEO, COMIDA, MAQUILLAJE O CUALQUIER OTRO ELEMENTO DISTRACTOR).",CHOQUE FRONTAL,AUTOMOVIL,1,0,0,0,0,0,0,0,0,0,0,0,1,2,42,HOMBRE,LESIONADO,CONDUCTOR PRESENTE,NO,NO,3
6072,18720,18721,2017,0,0,-0.449359,-78.638502,PICHINCHA,MEJIA,ALOAG,RURAL,2017-08-26,16:30:00,16,SABADO,6,AGOSTO,8,NO,"PRESENCIA DE AGENTES EXTERNOS EN LA VIA (AGUA, ACEITE, PIEDRA, LASTRE, ESCOMBROS, MADEROS, ETC.).",CHOQUE LATERAL,VEHICULO DEPORTIVO UTILITARIO,0,0,0,0,1,0,0,0,0,0,0,0,1,2,58,MUJER,ILESO,CONDUCTOR PRESENTE,NO,NO,3
6073,18724,18725,2017,1,0,-0.124195,-78.470854,PICHINCHA,QUITO,QUITO,URBANA,2017-08-26,17:49:00,17,SABADO,6,AGOSTO,8,NO,NO CEDER EL DERECHO DE VIA O PREFERENCIA DE PASO AL PEATON.,ATROPELLOS,NO IDENTIFICADO,0,0,0,0,0,0,0,0,0,1,0,0,0,1,20,MUJER,LESIONADO,PEATON,NO,NO,0
6074,18728,18729,2017,0,0,-0.232011,-78.523463,PICHINCHA,QUITO,QUITO,URBANA,2017-08-26,18:30:00,18,SABADO,6,AGOSTO,8,NO,"CONDUCE BAJO LA INFLUENCIA DE ALCOHOL, SUSTANCIAS ESTUPEFACIENTES O PSICOTROPICAS Y/O MEDICAMENTOS.",CHOQUE POSTERIOR,FURGONETA,1,0,0,0,0,0,0,1,0,0,0,0,0,2,30,HOMBRE,ILESO,CONDUCTOR PRESENTE,NO,NO,0
6075,18729,18730,2017,0,0,-0.340787,-78.550035,PICHINCHA,QUITO,QUITO,URBANA,2017-08-26,18:35:00,18,SABADO,6,AGOSTO,8,NO,NO CEDER EL DERECHO DE VIA O PREFERENCIA DE PASO A VEHICULOS.,CHOQUE LATERAL,AUTOMOVIL,2,0,0,0,0,0,0,0,0,0,0,0,0,2,39,HOMBRE,ILESO,CONDUCTOR PRESENTE,NO,NO,0
6076,18730,18731,2017,1,0,-0.163073,-78.462599,PICHINCHA,QUITO,QUITO,URBANA,2017-08-26,18:50:00,18,SABADO,6,AGOSTO,8,NO,"CONDUCE BAJO LA INFLUENCIA DE ALCOHOL, SUSTANCIAS ESTUPEFACIENTES O PSICOTROPICAS Y/O MEDICAMENTOS.",CHOQUE LATERAL,CAMIONETA,0,0,0,0,1,0,0,0,1,0,0,0,0,2,24,HOMBRE,LESIONADO,CONDUCTOR PRESENTE,NO,NO,0
6077,18740,18741,2017,0,0,-0.125216,-78.467027,PICHINCHA,QUITO,QUITO,URBANA,2017-08-26,19:47:00,19,SABADO,6,AGOSTO,8,NO,"NO RESPETAR LAS SENIALES REGLAMENTARIAS DE TRANSITO. (PARE, CEDA EL PASO, LUZ ROJA DEL SEMAFORO, ETC).",CHOQUE LATERAL,MOTOCICLETA,1,0,0,0,0,0,0,0,1,0,0,0,0,2,24,HOMBRE,ILESO,CONDUCTOR PRESENTE,NO,NO,0
6078,18742,18743,2017,0,0,-0.120424,-78.415686,PICHINCHA,QUITO,CALDERON (CARAPUNGO),RURAL,2017-08-26,20:00:00,20,SABADO,6,AGOSTO,8,NO,"CONDUCE BAJO LA INFLUENCIA DE ALCOHOL, SUSTANCIAS ESTUPEFACIENTES O PSICOTROPICAS Y/O MEDICAMENTOS.",CHOQUE LATERAL,AUTOMOVIL,2,0,0,0,0,0,0,0,0,0,0,0,0,2,60,HOMBRE,ILESO,CONDUCTOR PRESENTE,NO,NO,3
6079,18743,18744,2017,0,0,-0.500941,-78.572532,PICHINCHA,MEJIA,MACHACHI,RURAL,2017-08-26,20:10:00,20,SABADO,6,AGOSTO,8,NO,"CONDUCE BAJO LA INFLUENCIA DE ALCOHOL, SUSTANCIAS ESTUPEFACIENTES O PSICOTROPICAS Y/O MEDICAMENTOS.",ESTRELLAMIENTOS,NO IDENTIFICADO,0,0,0,0,0,0,0,0,0,1,0,0,0,1,-1,NO IDENTIFICADO,NO IDENTIFICADO,CONDUCTOR AUSENTE,NO,NO,2
6080,18747,18748,2017,0,0,-0.253739,-78.540301,PICHINCHA,QUITO,QUITO,URBANA,2017-08-26,21:00:00,21,SABADO,6,AGOSTO,8,NO,"CONDUCE BAJO LA INFLUENCIA DE ALCOHOL, SUSTANCIAS ESTUPEFACIENTES O PSICOTROPICAS Y/O MEDICAMENTOS.",CHOQUE LATERAL,MOTOCICLETA,0,0,0,0,0,0,0,0,1,0,0,0,0,1,30,HOMBRE,ILESO,CONDUCTOR PRESENTE,SI,NO,0
6081,18748,18749,2017,0,0,-0.291069,-78.545923,PICHINCHA,QUITO,QUITO,URBANA,2017-08-26,21:00:00,21,SABADO,6,AGOSTO,8,NO,"CONDUCE BAJO LA INFLUENCIA DE ALCOHOL, SUSTANCIAS ESTUPEFACIENTES O PSICOTROPICAS Y/O MEDICAMENTOS.",COLISION,CAMIONETA,1,0,0,0,1,0,0,0,0,0,0,0,0,2,29,HOMBRE,ILESO,CONDUCTOR PRESENTE,NO,NO,0
6082,18749,18750,2017,1,0,-0.249954,-78.535211,PICHINCHA,QUITO,QUITO,URBANA,2017-08-26,21:00:00,21,SABADO,6,AGOSTO,8,NO,NO CEDER EL DERECHO DE VIA O PREFERENCIA DE PASO AL PEATON.,ATROPELLOS,AUTOMOVIL,2,0,0,0,0,0,0,0,0,1,0,0,0,3,33,HOMBRE,LESIONADO,CONDUCTOR PRESENTE,NO,NO,0
6083,18751,18752,2017,0,0,-0.088082,-78.426144,PICHINCHA,QUITO,CALDERON (CARAPUNGO),RURAL,2017-08-26,21:15:00,21,SABADO,6,AGOSTO,8,NO,NO GUARDAR LA DISTANCIA LATERAL MINIMA DE SEGURIDAD ENTRE VEHICULOS.,ROZAMIENTOS,CAMIONETA,0,0,0,0,1,0,0,0,0,1,0,0,0,2,30,HOMBRE,ILESO,CONDUCTOR PRESENTE,NO,NO,3
6084,18755,18756,2017,1,0,-0.105384,-78.497732,PICHINCHA,QUITO,QUITO,URBANA,2017-08-26,22:35:00,22,SABADO,6,AGOSTO,8,NO,"NO RESPETAR LAS SENIALES REGLAMENTARIAS DE TRANSITO. (PARE, CEDA EL PASO, LUZ ROJA DEL SEMAFORO, ETC).",CHOQUE LATERAL,MOTOCICLETA,0,0,0,0,0,0,0,0,1,1,0,0,0,2,24,HOMBRE,LESIONADO,PASAJERO,NO,NO,0
6085,18756,18757,2017,4,2,0.004117,-78.177111,PICHINCHA,CAYAMBE,CANGAHUA,URBANA,2017-08-26,23:00:00,23,SABADO,6,AGOSTO,8,NO,"CONDUCE BAJO LA INFLUENCIA DE ALCOHOL, SUSTANCIAS ESTUPEFACIENTES O PSICOTROPICAS Y/O MEDICAMENTOS.",CHOQUE FRONTAL,AUTOMOVIL,1,0,1,0,0,0,0,0,0,0,0,0,0,2,29,MUJER,FALLECIDO,PASAJERO,NO,NO,0
6086,18766,18767,2017,1,0,-0.262988,-78.526234,PICHINCHA,QUITO,QUITO,URBANA,2017-08-27,02:15:00,2,DOMINGO,7,AGOSTO,8,NO,REALIZAR CAMBIO BRUSCO O INDEBIDO DE CARRIL.,PERDIDA DE PISTA,NO IDENTIFICADO,0,0,0,0,0,0,0,0,0,1,0,0,0,1,19,MUJER,LESIONADO,PASAJERO,NO,NO,0
6087,18770,18771,2017,1,0,-0.271991,-78.529167,PICHINCHA,QUITO,QUITO,URBANA,2017-08-27,02:50:00,2,DOMINGO,7,AGOSTO,8,NO,NO TRANSITAR POR LAS ACERAS O ZONAS DE SEGURIDAD DESTINADAS PARA EL EFECTO.,ATROPELLOS,NO IDENTIFICADO,0,0,0,0,0,0,0,0,0,1,0,0,0,1,20,HOMBRE,LESIONADO,PEATON,NO,NO,0
6088,18775,18776,2017,0,0,-0.355609,-78.548711,PICHINCHA,QUITO,QUITO,URBANA,2017-08-27,03:00:00,3,DOMINGO,7,AGOSTO,8,NO,"CONDUCIR EN ESTADO DE SOMNOLENCIA O MALAS CONDICIONES FISICAS (SUENIO, CANSANCIO Y FATIGA).",ESTRELLAMIENTOS,FURGONETA,0,0,0,0,0,0,0,1,0,0,0,0,0,1,-1,NO IDENTIFICADO,NO IDENTIFICADO,CONDUCTOR AUSENTE,NO,NO,2
6089,18777,18778,2017,0,0,-0.119717,-78.502436,PICHINCHA,QUITO,QUITO,URBANA,2017-08-27,03:15:00,3,DOMINGO,7,AGOSTO,8,NO,"CONDUCIR EN ESTADO DE SOMNOLENCIA O MALAS CONDICIONES FISICAS (SUENIO, CANSANCIO Y FATIGA).",ESTRELLAMIENTOS,AUTOMOVIL,1,0,0,0,0,0,0,0,0,0,0,0,0,1,-1,NO IDENTIFICADO,NO IDENTIFICADO,CONDUCTOR AUSENTE,NO,NO,2
6090,18779,18780,2017,0,0,-0.197194,-78.489666,PICHINCHA,QUITO,QUITO,URBANA,2017-08-27,03:20:00,3,DOMINGO,7,AGOSTO,8,NO,"NO RESPETAR LAS SENIALES REGLAMENTARIAS DE TRANSITO. (PARE, CEDA EL PASO, LUZ ROJA DEL SEMAFORO, ETC).",CHOQUE LATERAL,AUTOMOVIL,2,0,0,0,0,0,0,0,0,0,0,0,0,2,55,HOMBRE,ILESO,CONDUCTOR PRESENTE,NO,NO,0
6091,18782,18783,2017,0,0,-0.177282,-78.359537,PICHINCHA,QUITO,PUEMBO,RURAL,2017-08-27,03:45:00,3,DOMINGO,7,AGOSTO,8,NO,"CONDUCIR EN ESTADO DE SOMNOLENCIA O MALAS CONDICIONES FISICAS (SUENIO, CANSANCIO Y FATIGA).",ESTRELLAMIENTOS,NO IDENTIFICADO,0,0,0,0,0,0,0,0,0,1,0,0,0,1,-1,NO IDENTIFICADO,NO IDENTIFICADO,CONDUCTOR AUSENTE,NO,NO,2
6092,18790,18791,2017,0,0,-0.122959,-78.466882,PICHINCHA,QUITO,QUITO,URBANA,2017-08-27,05:30:00,5,DOMINGO,7,AGOSTO,8,NO,CONDUCIR VEHICULO SUPERANDO LOS LIMITES MAXIMOS DE VELOCIDAD.,ESTRELLAMIENTOS,AUTOMOVIL,1,0,0,0,0,0,0,0,0,0,0,0,0,1,-1,HOMBRE,ILESO,CONDUCTOR PRESENTE,NO,SI,0
6093,18791,18792,2017,0,0,-0.198719,-78.484402,PICHINCHA,QUITO,QUITO,URBANA,2017-08-27,05:30:00,5,DOMINGO,7,AGOSTO,8,NO,"NO RESPETAR LAS SENIALES REGLAMENTARIAS DE TRANSITO. (PARE, CEDA EL PASO, LUZ ROJA DEL SEMAFORO, ETC).",CHOQUE LATERAL,CAMION,0,0,0,1,0,0,0,0,0,0,0,0,0,1,33,HOMBRE,ILESO,CONDUCTOR PRESENTE,NO,NO,0
6094,18796,18797,2017,0,1,-0.206438,-78.370261,PICHINCHA,QUITO,PUEMBO,RURAL,2017-08-27,06:05:00,6,DOMINGO,7,AGOSTO,8,NO,CONDUCIR VEHICULO SUPERANDO LOS LIMITES MAXIMOS DE VELOCIDAD.,PERDIDA DE PISTA,MOTOCICLETA,0,0,0,0,0,0,0,0,1,0,0,0,0,1,20,HOMBRE,FALLECIDO,CONDUCTOR PRESENTE,NO,NO,3
6095,18808,18809,2017,0,0,-0.215393,-78.490727,PICHINCHA,QUITO,QUITO,URBANA,2017-08-27,07:25:00,7,DOMINGO,7,AGOSTO,8,NO,"CONDUCIR DESATENTO A LAS CONDICIONES DE TRANSITO (CELULAR, PANTALLAS DE VIDEO, COMIDA, MAQUILLAJE O CUALQUIER OTRO ELEMENTO DISTRACTOR).",PERDIDA DE PISTA,AUTOMOVIL,2,0,0,0,0,0,0,0,0,0,0,0,0,2,51,MUJER,ILESO,CONDUCTOR PRESENTE,NO,NO,0
6096,18809,18810,2017,0,0,-0.247737,-78.580183,PICHINCHA,QUITO,LLOA,URBANA,2017-08-27,07:40:00,7,DOMINGO,7,AGOSTO,8,NO,"CONDUCE BAJO LA INFLUENCIA DE ALCOHOL, SUSTANCIAS ESTUPEFACIENTES O PSICOTROPICAS Y/O MEDICAMENTOS.",CHOQUE LATERAL,AUTOMOVIL,1,0,0,0,0,0,0,0,0,0,0,0,1,2,26,HOMBRE,ILESO,CONDUCTOR PRESENTE,NO,NO,0
6097,18812,18813,2017,0,0,-0.258418,-78.544605,PICHINCHA,QUITO,QUITO,URBANA,2017-08-27,09:40:00,9,DOMINGO,7,AGOSTO,8,NO,"NO RESPETAR LAS SENIALES REGLAMENTARIAS DE TRANSITO. (PARE, CEDA EL PASO, LUZ ROJA DEL SEMAFORO, ETC).",CHOQUE LATERAL,VEHICULO DEPORTIVO UTILITARIO,0,0,0,0,1,0,0,0,0,0,0,0,1,2,53,HOMBRE,ILESO,CONDUCTOR PRESENTE,NO,NO,0
6098,18817,18818,2017,0,0,-0.217217,-78.485193,PICHINCHA,QUITO,QUITO,URBANA,2017-08-27,10:30:00,10,DOMINGO,7,AGOSTO,8,NO,NO GUARDAR LA DISTANCIA LATERAL MINIMA DE SEGURIDAD ENTRE VEHICULOS.,ROZAMIENTOS,CAMIONETA,1,0,0,0,1,0,0,0,0,0,0,0,0,2,-1,HOMBRE,ILESO,CONDUCTOR PRESENTE,SI,NO,0
6099,18821,18822,2017,0,0,-0.239978,-78.511309,PICHINCHA,QUITO,QUITO,URBANA,2017-08-27,11:00:00,11,DOMINGO,7,AGOSTO,8,NO,NO GUARDAR LA DISTANCIA LATERAL MINIMA DE SEGURIDAD ENTRE VEHICULOS.,ROZAMIENTOS,MOTOCICLETA,0,0,0,0,0,0,0,0,1,1,0,0,0,2,-1,NO IDENTIFICADO,NO IDENTIFICADO,CONDUCTOR AUSENTE,NO,NO,2
6100,18826,18827,2017,1,0,-0.244721,-78.506068,PICHINCHA,QUITO,QUITO,URBANA,2017-08-27,12:15:00,12,DOMINGO,7,AGOSTO,8,NO,CONDUCIR VEHICULO SUPERANDO LOS LIMITES MAXIMOS DE VELOCIDAD.,PERDIDA DE PISTA,MOTOCICLETA,0,0,0,0,0,0,0,0,1,0,0,0,0,1,24,HOMBRE,LESIONADO,CONDUCTOR PRESENTE,NO,NO,0
6101,18828,18829,2017,1,0,-0.186811,-78.479488,PICHINCHA,QUITO,QUITO,URBANA,2017-08-27,13:05:00,13,DOMINGO,7,AGOSTO,8,NO,REALIZAR CAMBIO BRUSCO O INDEBIDO DE CARRIL.,PERDIDA DE PISTA,MOTOCICLETA,0,0,0,0,0,0,0,0,1,0,0,0,0,1,29,HOMBRE,LESIONADO,CONDUCTOR PRESENTE,NO,NO,0
6102,18835,18836,2017,0,0,-0.186811,-78.479488,PICHINCHA,QUITO,QUITO,URBANA,2017-08-27,15:40:00,15,DOMINGO,7,AGOSTO,8,NO,NO GUARDAR LA DISTANCIA LATERAL MINIMA DE SEGURIDAD ENTRE VEHICULOS.,ROZAMIENTOS,MOTOCICLETA,0,0,0,0,0,0,0,0,1,1,0,0,0,2,56,HOMBRE,ILESO,CONDUCTOR PRESENTE,NO,NO,0
6103,18839,18840,2017,0,0,-0.237909,-78.529145,PICHINCHA,QUITO,QUITO,URBANA,2017-08-27,17:05:00,17,DOMINGO,7,AGOSTO,8,NO,"CONDUCIR DESATENTO A LAS CONDICIONES DE TRANSITO (CELULAR, PANTALLAS DE VIDEO, COMIDA, MAQUILLAJE O CUALQUIER OTRO ELEMENTO DISTRACTOR).",CHOQUE POSTERIOR,MOTOCICLETA,0,0,0,0,0,0,0,0,1,1,0,0,0,2,21,HOMBRE,ILESO,CONDUCTOR PRESENTE,NO,NO,0
6104,18844,18845,2017,0,0,-0.440624,-78.626096,PICHINCHA,MEJIA,ALOAG,RURAL,2017-08-27,18:05:00,18,DOMINGO,7,AGOSTO,8,NO,"CONDUCIR DESATENTO A LAS CONDICIONES DE TRANSITO (CELULAR, PANTALLAS DE VIDEO, COMIDA, MAQUILLAJE O CUALQUIER OTRO ELEMENTO DISTRACTOR).",ESTRELLAMIENTOS,VEHICULO DEPORTIVO UTILITARIO,0,0,0,0,0,0,0,0,0,0,0,0,1,1,25,HOMBRE,ILESO,CONDUCTOR PRESENTE,NO,NO,3
6105,18847,18848,2017,0,0,-0.446793,-78.599896,PICHINCHA,MEJIA,ALOAG,RURAL,2017-08-27,18:30:00,18,DOMINGO,7,AGOSTO,8,NO,NO GUARDAR LA DISTANCIA LATERAL MINIMA DE SEGURIDAD ENTRE VEHICULOS.,CHOQUE LATERAL,CAMION,2,0,0,1,0,0,0,0,0,0,0,0,0,3,33,HOMBRE,ILESO,CONDUCTOR PRESENTE,NO,NO,3
6106,18848,18849,2017,0,1,-0.129724,-78.309086,PICHINCHA,QUITO,CHECA (CHILPA),RURAL,2017-08-27,18:30:00,18,DOMINGO,7,AGOSTO,8,NO,CONDUCIR VEHICULO SUPERANDO LOS LIMITES MAXIMOS DE VELOCIDAD.,PERDIDA DE PISTA,AUTOMOVIL,1,0,0,0,0,0,0,0,0,0,0,0,0,1,28,HOMBRE,FALLECIDO,CONDUCTOR PRESENTE,NO,NO,3
6107,18858,18859,2017,0,0,-0.435861,-78.621011,PICHINCHA,MEJIA,ALOAG,RURAL,2017-08-27,20:15:00,20,DOMINGO,7,AGOSTO,8,NO,"CONDUCIR DESATENTO A LAS CONDICIONES DE TRANSITO (CELULAR, PANTALLAS DE VIDEO, COMIDA, MAQUILLAJE O CUALQUIER OTRO ELEMENTO DISTRACTOR).",ESTRELLAMIENTOS,VEHICULO DEPORTIVO UTILITARIO,1,0,0,0,0,0,0,0,0,0,0,0,1,2,26,MUJER,ILESO,CONDUCTOR PRESENTE,NO,NO,3
6108,18874,18875,2017,11,0,-0.088014,-78.396949,PICHINCHA,QUITO,CALDERON (CARAPUNGO),RURAL,2017-08-28,06:00:00,6,LUNES,1,AGOSTO,8,NO,CONDUCIR VEHICULO SUPERANDO LOS LIMITES MAXIMOS DE VELOCIDAD.,PERDIDA DE PISTA,VEHICULO DEPORTIVO UTILITARIO,0,0,0,0,1,0,0,0,0,0,0,0,1,2,18,MUJER,LESIONADO,PASAJERO,NO,NO,3
6109,18881,18882,2017,0,0,-0.199767,-78.428809,PICHINCHA,QUITO,CUMBAYA,RURAL,2017-08-28,08:45:00,8,LUNES,1,AGOSTO,8,NO,NO GUARDAR LA DISTANCIA LATERAL MINIMA DE SEGURIDAD ENTRE VEHICULOS.,ROZAMIENTOS,BUS,1,0,1,0,0,0,0,0,0,0,0,0,0,2,31,HOMBRE,ILESO,CONDUCTOR PRESENTE,NO,NO,3
6110,18883,18884,2017,1,0,-0.194744,-78.509589,PICHINCHA,QUITO,QUITO,URBANA,2017-08-28,08:55:00,8,LUNES,1,AGOSTO,8,NO,NO CEDER EL DERECHO DE VIA O PREFERENCIA DE PASO A VEHICULOS.,CHOQUE LATERAL,VEHICULO DEPORTIVO UTILITARIO,1,0,0,0,0,0,0,0,0,0,0,0,1,2,58,HOMBRE,LESIONADO,CONDUCTOR PRESENTE,NO,NO,0
6111,18884,18885,2017,1,0,-0.279126,-78.558722,PICHINCHA,QUITO,QUITO,URBANA,2017-08-28,08:59:00,8,LUNES,1,AGOSTO,8,NO,NO CEDER EL DERECHO DE VIA O PREFERENCIA DE PASO AL PEATON.,ATROPELLOS,NO IDENTIFICADO,0,0,0,0,0,0,0,0,0,1,0,0,0,1,33,MUJER,LESIONADO,PEATON,NO,NO,0
6112,18885,18886,2017,0,0,-0.170233,-78.479892,PICHINCHA,QUITO,QUITO,URBANA,2017-08-28,09:40:00,9,LUNES,1,AGOSTO,8,NO,NO GUARDAR LA DISTANCIA LATERAL MINIMA DE SEGURIDAD ENTRE VEHICULOS.,ROZAMIENTOS,VEHICULO DEPORTIVO UTILITARIO,1,0,0,0,0,0,0,0,0,0,0,0,1,2,61,HOMBRE,ILESO,CONDUCTOR PRESENTE,NO,NO,0
6113,18889,18890,2017,1,0,-0.243301,-78.519933,PICHINCHA,QUITO,QUITO,URBANA,2017-08-28,10:45:00,10,LUNES,1,AGOSTO,8,NO,NO CEDER EL DERECHO DE VIA O PREFERENCIA DE PASO AL PEATON.,ATROPELLOS,AUTOMOVIL,1,0,0,0,0,0,0,0,0,0,0,0,0,1,65,MUJER,LESIONADO,PEATON,NO,NO,0
6114,18890,18891,2017,0,0,-0.175523,-78.488366,PICHINCHA,QUITO,QUITO,URBANA,2017-08-28,10:50:00,10,LUNES,1,AGOSTO,8,NO,NO GUARDAR LA DISTANCIA LATERAL MINIMA DE SEGURIDAD ENTRE VEHICULOS.,ROZAMIENTOS,AUTOMOVIL,1,0,1,0,0,0,0,0,0,0,0,0,0,2,63,HOMBRE,ILESO,CONDUCTOR PRESENTE,NO,NO,0
6115,18891,18892,2017,2,0,-0.128601,-78.362477,PICHINCHA,QUITO,TABABELA,RURAL,2017-08-28,11:23:00,11,LUNES,1,AGOSTO,8,NO,CONDUCIR VEHICULO SUPERANDO LOS LIMITES MAXIMOS DE VELOCIDAD.,PERDIDA DE PISTA,AUTOMOVIL,1,0,0,0,0,0,0,0,0,0,0,0,1,2,47,HOMBRE,LESIONADO,CONDUCTOR PRESENTE,NO,NO,3
6116,18892,18893,2017,1,0,-0.243301,-78.519933,PICHINCHA,QUITO,QUITO,URBANA,2017-08-28,11:25:00,11,LUNES,1,AGOSTO,8,NO,NO CEDER EL DERECHO DE VIA O PREFERENCIA DE PASO AL PEATON.,ATROPELLOS,MOTOCICLETA,0,0,0,0,0,0,0,0,1,0,0,0,0,1,44,MUJER,LESIONADO,PEATON,NO,NO,0
6117,18898,18899,2017,0,0,-0.144204,-78.500066,PICHINCHA,QUITO,QUITO,URBANA,2017-08-28,12:42:00,12,LUNES,1,AGOSTO,8,NO,NO GUARDAR LA DISTANCIA LATERAL MINIMA DE SEGURIDAD ENTRE VEHICULOS.,ROZAMIENTOS,AUTOMOVIL,1,0,0,0,1,0,0,0,0,0,0,0,0,2,29,HOMBRE,ILESO,CONDUCTOR PRESENTE,NO,NO,0
6118,18900,18901,2017,1,0,-0.137886,-78.469894,PICHINCHA,QUITO,QUITO,URBANA,2017-08-28,13:45:00,13,LUNES,1,AGOSTO,8,NO,NO CEDER EL DERECHO DE VIA O PREFERENCIA DE PASO AL PEATON.,ATROPELLOS,NO IDENTIFICADO,0,0,0,0,0,0,0,0,0,1,0,0,0,1,64,MUJER,LESIONADO,PEATON,NO,NO,0
6119,18901,18902,2017,0,0,-0.099427,-78.445231,PICHINCHA,QUITO,CALDERON (CARAPUNGO),RURAL,2017-08-28,13:50:00,13,LUNES,1,AGOSTO,8,NO,NO MANTENER LA DISTANCIA PRUDENCIAL CON RESPECTO AL VEHICULO QUE LE ANTECEDE.,CHOQUE POSTERIOR,VEHICULO DEPORTIVO UTILITARIO,0,0,0,0,1,0,0,0,0,0,0,0,1,2,27,MUJER,ILESO,CONDUCTOR PRESENTE,NO,NO,3
6120,18904,18905,2017,0,0,-0.257332,-78.532951,PICHINCHA,QUITO,QUITO,URBANA,2017-08-28,14:00:00,14,LUNES,1,AGOSTO,8,NO,NO MANTENER LA DISTANCIA PRUDENCIAL CON RESPECTO AL VEHICULO QUE LE ANTECEDE.,CHOQUE POSTERIOR,AUTOMOVIL,2,0,0,0,0,0,0,0,0,0,0,0,0,2,35,HOMBRE,ILESO,CONDUCTOR PRESENTE,NO,NO,0
6121,18907,18908,2017,0,0,-0.212824,-78.402686,PICHINCHA,QUITO,TUMBACO,RURAL,2017-08-28,14:45:00,14,LUNES,1,AGOSTO,8,NO,REALIZAR CAMBIO BRUSCO O INDEBIDO DE CARRIL.,ESTRELLAMIENTOS,AUTOMOVIL,1,0,0,0,0,0,0,0,0,1,0,0,0,2,55,HOMBRE,ILESO,CONDUCTOR PRESENTE,NO,NO,3