,Unnamed: 0,ID,ANIO,LESIONADOS,FALLECIDOS,LATITUD_Y,LONGITUD_X,PROVINCIA,CANTON,PARROQUIA,ZONA,FECHA,HORA,PERIODO_2,DIA_1,DIA_2,MES_1,MES_2,FERIADO,CAUSA_PROBABLE,TIPO_DE_SINIESTRO,TIPO_DE_VEHICULO_1,AUTOMOVIL,BICICLETA,BUS,CAMION,CAMIONETA,EMERGENCIAS,ESPECIAL,FURGONETA,MOTOCICLETA,NO_IDENTIFICADO,SCOOTER_ELECTRICO,TRICIMOTO,VEHICULO_DEPORTIVO_UTILITARIO,SUMA_DE_VEHICULOS,EDAD_1,SEXO_1,CONDICION_1,PARTICIPANTE_1,CASCO_1,CINTURON_1,KMeans_Cluster
6122,18908,18909,2017,1,0,-0.129285,-78.481343,PICHINCHA,QUITO,QUITO,URBANA,2017-08-28,15:25:00,15,LUNES,1,AGOSTO,8,NO,NO TRANSITAR POR LAS ACERAS O ZONAS DE SEGURIDAD DESTINADAS PARA EL EFECTO.,ATROPELLOS,AUTOMOVIL,1,0,0,0,0,0,0,0,0,0,0,0,0,1,12,MUJER,LESIONADO,PEATON,NO,NO,0
6123,18911,18912,2017,2,0,-0.152986,-78.480881,PICHINCHA,QUITO,QUITO,URBANA,2017-08-28,16:15:00,16,LUNES,1,AGOSTO,8,NO,"CONDUCIR DESATENTO A LAS CONDICIONES DE TRANSITO (CELULAR, PANTALLAS DE VIDEO, COMIDA, MAQUILLAJE O CUALQUIER OTRO ELEMENTO DISTRACTOR).",PERDIDA DE PISTA,AUTOMOVIL,1,0,0,0,0,0,0,0,0,0,0,0,0,1,35,MUJER,LESIONADO,CONDUCTOR PRESENTE,NO,NO,0
6124,18912,18913,2017,0,0,-0.448361,-78.642581,PICHINCHA,MEJIA,ALOAG,RURAL,2017-08-28,16:20:00,16,LUNES,1,AGOSTO,8,NO,"CONDUCIR DESATENTO A LAS CONDICIONES DE TRANSITO (CELULAR, PANTALLAS DE VIDEO, COMIDA, MAQUILLAJE O CUALQUIER OTRO ELEMENTO DISTRACTOR).",CHOQUE FRONTAL,CAMIONETA,0,0,0,1,1,0,0,0,0,0,0,0,0,2,52,HOMBRE,ILESO,CONDUCTOR PRESENTE,NO,NO,3
6125,18915,18916,2017,0,0,-0.161461,-78.487356,PICHINCHA,QUITO,QUITO,URBANA,2017-08-28,16:35:00,16,LUNES,1,AGOSTO,8,NO,"NO RESPETAR LAS SENIALES REGLAMENTARIAS DE TRANSITO. (PARE, CEDA EL PASO, LUZ ROJA DEL SEMAFORO, ETC).",CHOQUE LATERAL,AUTOMOVIL,1,0,1,0,0,0,0,0,0,0,0,0,0,2,45,MUJER,ILESO,CONDUCTOR PRESENTE,NO,NO,0
6126,18920,18921,2017,0,0,-0.175523,-78.488366,PICHINCHA,QUITO,QUITO,URBANA,2017-08-28,18:23:00,18,LUNES,1,AGOSTO,8,NO,"NO RESPETAR LAS SENIALES REGLAMENTARIAS DE TRANSITO. (PARE, CEDA EL PASO, LUZ ROJA DEL SEMAFORO, ETC).",CHOQUE LATERAL,AUTOMOVIL,1,0,0,0,0,0,0,0,1,0,0,0,0,2,24,HOMBRE,ILESO,CONDUCTOR PRESENTE,NO,NO,0
6127,18930,18931,2017,0,0,-0.118364,-78.497116,PICHINCHA,QUITO,QUITO,URBANA,2017-08-28,21:00:00,21,LUNES,1,AGOSTO,8,NO,"CONDUCE BAJO LA INFLUENCIA DE ALCOHOL, SUSTANCIAS ESTUPEFACIENTES O PSICOTROPICAS Y/O MEDICAMENTOS.",CHOQUE POSTERIOR,AUTOMOVIL,2,0,0,0,0,0,0,0,0,0,0,0,0,2,26,HOMBRE,ILESO,CONDUCTOR PRESENTE,NO,NO,0
6128,18932,18933,2017,0,0,-0.215657,-78.514527,PICHINCHA,QUITO,QUITO,URBANA,2017-08-28,21:35:00,21,LUNES,1,AGOSTO,8,NO,"CONDUCIR DESATENTO A LAS CONDICIONES DE TRANSITO (CELULAR, PANTALLAS DE VIDEO, COMIDA, MAQUILLAJE O CUALQUIER OTRO ELEMENTO DISTRACTOR).",ESTRELLAMIENTOS,CAMIONETA,0,0,0,0,1,0,0,0,0,0,0,0,0,1,25,HOMBRE,ILESO,CONDUCTOR PRESENTE,NO,NO,0
6129,18935,18936,2017,1,0,-0.112553,-78.448846,PICHINCHA,QUITO,CALDERON (CARAPUNGO),RURAL,2017-08-28,22:05:00,22,LUNES,1,AGOSTO,8,NO,REALIZAR CAMBIO BRUSCO O INDEBIDO DE CARRIL.,PERDIDA DE PISTA,MOTOCICLETA,0,0,0,0,0,0,0,0,1,0,0,0,0,1,24,HOMBRE,LESIONADO,CONDUCTOR PRESENTE,NO,NO,3
6130,18941,18942,2017,0,0,-0.425758,-78.551793,PICHINCHA,MEJIA,TAMBILLO (MEJIA),RURAL,2017-08-29,06:10:00,6,MARTES,2,AGOSTO,8,NO,"CONDUCIR DESATENTO A LAS CONDICIONES DE TRANSITO (CELULAR, PANTALLAS DE VIDEO, COMIDA, MAQUILLAJE O CUALQUIER OTRO ELEMENTO DISTRACTOR).",PERDIDA DE PISTA,BUS,0,0,1,0,0,0,0,0,0,0,0,0,0,1,39,HOMBRE,ILESO,CONDUCTOR PRESENTE,NO,NO,3
6131,18944,18945,2017,2,0,-0.216691,-78.513195,PICHINCHA,QUITO,QUITO,URBANA,2017-08-29,06:25:00,6,MARTES,2,AGOSTO,8,NO,"NO RESPETAR LAS SENIALES REGLAMENTARIAS DE TRANSITO. (PARE, CEDA EL PASO, LUZ ROJA DEL SEMAFORO, ETC).",CHOQUE LATERAL,VEHICULO DEPORTIVO UTILITARIO,0,0,1,0,0,0,0,0,0,0,0,0,1,2,3,HOMBRE,LESIONADO,PASAJERO,NO,NO,0
6132,18945,18946,2017,3,0,-0.196669,-78.466599,PICHINCHA,QUITO,QUITO,URBANA,2017-08-29,06:50:00,6,MARTES,2,AGOSTO,8,NO,CONDUCIR VEHICULO SUPERANDO LOS LIMITES MAXIMOS DE VELOCIDAD.,PERDIDA DE PISTA,CAMIONETA,1,0,0,0,1,0,0,0,0,0,0,0,0,2,40,MUJER,LESIONADO,CONDUCTOR PRESENTE,NO,NO,0
6133,18946,18947,2017,6,0,-0.204661,-78.455865,PICHINCHA,QUITO,CUMBAYA,URBANA,2017-08-29,07:05:00,7,MARTES,2,AGOSTO,8,NO,CONDUCIR VEHICULO SUPERANDO LOS LIMITES MAXIMOS DE VELOCIDAD.,PERDIDA DE PISTA,VEHICULO DEPORTIVO UTILITARIO,0,0,0,0,0,0,0,0,0,0,0,0,2,2,35,MUJER,LESIONADO,CONDUCTOR PRESENTE,NO,NO,0
6134,18949,18950,2017,1,0,-0.159011,-78.483728,PICHINCHA,QUITO,QUITO,URBANA,2017-08-29,07:24:00,7,MARTES,2,AGOSTO,8,NO,NO CEDER EL DERECHO DE VIA O PREFERENCIA DE PASO AL PEATON.,ATROPELLOS,NO IDENTIFICADO,0,0,0,0,0,0,0,0,0,1,0,0,0,1,79,MUJER,LESIONADO,PEATON,NO,NO,0
6135,18951,18952,2017,0,0,-0.099083,-78.421844,PICHINCHA,QUITO,CALDERON (CARAPUNGO),RURAL,2017-08-29,07:29:00,7,MARTES,2,AGOSTO,8,NO,NO MANTENER LA DISTANCIA PRUDENCIAL CON RESPECTO AL VEHICULO QUE LE ANTECEDE.,CHOQUE POSTERIOR,CAMIONETA,0,0,0,0,1,0,0,1,0,0,0,0,0,2,54,HOMBRE,ILESO,CONDUCTOR PRESENTE,NO,NO,3
6136,18952,18953,2017,0,0,-0.208714,-78.445069,PICHINCHA,QUITO,CUMBAYA,RURAL,2017-08-29,07:36:00,7,MARTES,2,AGOSTO,8,NO,CONDUCIR VEHICULO SUPERANDO LOS LIMITES MAXIMOS DE VELOCIDAD.,PERDIDA DE PISTA,CAMIONETA,0,0,0,0,1,0,0,0,0,0,0,0,0,1,36,MUJER,ILESO,CONDUCTOR PRESENTE,NO,NO,3
6137,18954,18955,2017,1,0,-0.291181,-78.541981,PICHINCHA,QUITO,QUITO,URBANA,2017-08-29,07:50:00,7,MARTES,2,AGOSTO,8,NO,"NO RESPETAR LAS SENIALES REGLAMENTARIAS DE TRANSITO. (PARE, CEDA EL PASO, LUZ ROJA DEL SEMAFORO, ETC).",CHOQUE LATERAL,MOTOCICLETA,1,0,0,0,0,0,0,0,1,0,0,0,0,2,37,HOMBRE,LESIONADO,CONDUCTOR PRESENTE,NO,NO,0
6138,18955,18956,2017,0,0,-0.185856,-78.477867,PICHINCHA,QUITO,QUITO,URBANA,2017-08-29,08:00:00,8,MARTES,2,AGOSTO,8,NO,"CONDUCIR DESATENTO A LAS CONDICIONES DE TRANSITO (CELULAR, PANTALLAS DE VIDEO, COMIDA, MAQUILLAJE O CUALQUIER OTRO ELEMENTO DISTRACTOR).",COLISION,AUTOMOVIL,3,0,0,0,0,0,0,0,0,0,0,0,0,3,23,HOMBRE,ILESO,CONDUCTOR PRESENTE,NO,NO,0
6139,18957,18958,2017,1,0,-0.188532,-78.492028,PICHINCHA,QUITO,QUITO,URBANA,2017-08-29,08:18:00,8,MARTES,2,AGOSTO,8,NO,NO MANTENER LA DISTANCIA PRUDENCIAL CON RESPECTO AL VEHICULO QUE LE ANTECEDE.,CHOQUE POSTERIOR,MOTOCICLETA,0,0,0,0,0,0,0,0,1,0,0,0,1,2,30,HOMBRE,LESIONADO,CONDUCTOR PRESENTE,NO,NO,0
6140,18958,18959,2017,0,0,-0.212751,-78.489001,PICHINCHA,QUITO,QUITO,URBANA,2017-08-29,08:27:00,8,MARTES,2,AGOSTO,8,NO,"CONDUCIR DESATENTO A LAS CONDICIONES DE TRANSITO (CELULAR, PANTALLAS DE VIDEO, COMIDA, MAQUILLAJE O CUALQUIER OTRO ELEMENTO DISTRACTOR).",ESTRELLAMIENTOS,AUTOMOVIL,1,0,0,0,0,0,0,0,0,0,0,0,0,1,37,HOMBRE,ILESO,CONDUCTOR PRESENTE,NO,NO,0
6141,18964,18965,2017,0,0,-0.189757,-78.488828,PICHINCHA,QUITO,QUITO,URBANA,2017-08-29,10:35:00,10,MARTES,2,AGOSTO,8,NO,"NO RESPETAR LAS SENIALES REGLAMENTARIAS DE TRANSITO. (PARE, CEDA EL PASO, LUZ ROJA DEL SEMAFORO, ETC).",CHOQUE LATERAL,AUTOMOVIL,1,0,0,0,0,0,0,0,0,0,0,0,1,2,48,HOMBRE,ILESO,CONDUCTOR PRESENTE,NO,NO,0
6142,18966,18967,2017,0,0,-0.156323,-78.491302,PICHINCHA,QUITO,QUITO,URBANA,2017-08-29,11:05:00,11,MARTES,2,AGOSTO,8,NO,NO GUARDAR LA DISTANCIA LATERAL MINIMA DE SEGURIDAD ENTRE VEHICULOS.,ROZAMIENTOS,VEHICULO DEPORTIVO UTILITARIO,0,0,1,0,0,0,0,0,0,0,0,0,1,2,36,MUJER,ILESO,CONDUCTOR PRESENTE,NO,NO,0
6143,18967,18968,2017,1,0,-0.249285,-78.517389,PICHINCHA,QUITO,QUITO,URBANA,2017-08-29,12:05:00,12,MARTES,2,AGOSTO,8,NO,NO CEDER EL DERECHO DE VIA O PREFERENCIA DE PASO AL PEATON.,ARROLLAMIENTOS,CAMIONETA,0,0,0,0,1,0,0,0,0,0,0,0,0,1,25,MUJER,LESIONADO,PEATON,NO,NO,0
6144,18968,18969,2017,0,0,-0.237436,-78.487272,PICHINCHA,QUITO,QUITO,URBANA,2017-08-29,12:40:00,12,MARTES,2,AGOSTO,8,NO,NO MANTENER LA DISTANCIA PRUDENCIAL CON RESPECTO AL VEHICULO QUE LE ANTECEDE.,COLISION,ESPECIAL,2,0,0,0,0,0,1,0,0,0,0,0,1,4,29,HOMBRE,ILESO,CONDUCTOR PRESENTE,NO,NO,0
6145,18971,18972,2017,1,0,-0.206463,-78.512244,PICHINCHA,QUITO,QUITO,URBANA,2017-08-29,13:00:00,13,MARTES,2,AGOSTO,8,NO,NO MANTENER LA DISTANCIA PRUDENCIAL CON RESPECTO AL VEHICULO QUE LE ANTECEDE.,CHOQUE POSTERIOR,BUS,0,0,1,0,0,0,0,0,1,0,0,0,0,2,25,HOMBRE,LESIONADO,CONDUCTOR PRESENTE,NO,NO,0
6146,18972,18973,2017,2,0,-0.278798,-78.557514,PICHINCHA,QUITO,QUITO,URBANA,2017-08-29,13:06:00,13,MARTES,2,AGOSTO,8,NO,NO CEDER EL DERECHO DE VIA O PREFERENCIA DE PASO AL PEATON.,ATROPELLOS,AUTOMOVIL,1,0,0,0,0,0,0,0,0,0,0,0,0,1,40,MUJER,LESIONADO,PEATON,NO,NO,0
6147,18976,18977,2017,0,0,-0.328479,-78.522294,PICHINCHA,QUITO,QUITO,URBANA,2017-08-29,13:52:00,13,MARTES,2,AGOSTO,8,NO,CONDUCIR VEHICULO SUPERANDO LOS LIMITES MAXIMOS DE VELOCIDAD.,PERDIDA DE PISTA,CAMIONETA,0,0,0,0,1,0,0,0,0,0,0,0,0,1,64,HOMBRE,ILESO,CONDUCTOR PRESENTE,NO,NO,0
6148,18977,18978,2017,0,0,-0.237436,-78.487272,PICHINCHA,QUITO,QUITO,URBANA,2017-08-29,13:59:00,13,MARTES,2,AGOSTO,8,NO,CONDUCIR VEHICULO SUPERANDO LOS LIMITES MAXIMOS DE VELOCIDAD.,PERDIDA DE PISTA,CAMIONETA,0,0,0,0,1,0,0,0,0,0,0,0,0,1,36,HOMBRE,ILESO,CONDUCTOR PRESENTE,NO,NO,0
6149,18979,18980,2017,0,0,-0.170794,-78.475987,PICHINCHA,QUITO,QUITO,URBANA,2017-08-29,14:30:00,14,MARTES,2,AGOSTO,8,NO,REALIZAR CAMBIO BRUSCO O INDEBIDO DE CARRIL.,PERDIDA DE PISTA,CAMION,1,0,0,1,0,0,0,0,0,0,0,0,0,2,28,HOMBRE,ILESO,CONDUCTOR PRESENTE,NO,SI,0
6150,18980,18981,2017,0,0,-0.205131,-78.447632,PICHINCHA,QUITO,CUMBAYA,RURAL,2017-08-29,14:30:00,14,MARTES,2,AGOSTO,8,NO,"CONDUCIR DESATENTO A LAS CONDICIONES DE TRANSITO (CELULAR, PANTALLAS DE VIDEO, COMIDA, MAQUILLAJE O CUALQUIER OTRO ELEMENTO DISTRACTOR).",COLISION,MOTOCICLETA,0,0,0,0,0,0,0,0,1,0,0,0,0,1,34,HOMBRE,ILESO,CONDUCTOR PRESENTE,NO,NO,3
6151,18988,18989,2017,0,0,-0.252168,-78.539221,PICHINCHA,QUITO,QUITO,URBANA,2017-08-29,17:10:00,17,MARTES,2,AGOSTO,8,NO,NO GUARDAR LA DISTANCIA LATERAL MINIMA DE SEGURIDAD ENTRE VEHICULOS.,ROZAMIENTOS,BUS,0,0,2,0,0,0,0,0,0,0,0,0,0,2,40,HOMBRE,ILESO,CONDUCTOR PRESENTE,NO,NO,0
6152,18989,18990,2017,1,0,-0.226486,-78.339567,PICHINCHA,QUITO,PIFO,RURAL,2017-08-29,17:30:00,17,MARTES,2,AGOSTO,8,NO,NO MANTENER LA DISTANCIA PRUDENCIAL CON RESPECTO AL VEHICULO QUE LE ANTECEDE.,COLISION,CAMION,0,0,0,1,0,0,0,0,1,0,0,0,1,3,68,MUJER,LESIONADO,PASAJERO,NO,NO,3
6153,18990,18991,2017,1,0,-0.126572,-78.495448,PICHINCHA,QUITO,QUITO,URBANA,2017-08-29,17:42:00,17,MARTES,2,AGOSTO,8,NO,NO CEDER EL DERECHO DE VIA O PREFERENCIA DE PASO A VEHICULOS.,CHOQUE LATERAL,MOTOCICLETA,1,0,0,0,0,0,0,0,1,0,0,0,0,2,37,HOMBRE,LESIONADO,CONDUCTOR PRESENTE,NO,NO,0
6154,18992,18993,2017,0,0,-0.161546,-78.485642,PICHINCHA,QUITO,QUITO,URBANA,2017-08-29,18:00:00,18,MARTES,2,AGOSTO,8,NO,"CONDUCIR DESATENTO A LAS CONDICIONES DE TRANSITO (CELULAR, PANTALLAS DE VIDEO, COMIDA, MAQUILLAJE O CUALQUIER OTRO ELEMENTO DISTRACTOR).",ESTRELLAMIENTOS,CAMION,1,0,0,1,0,0,0,0,0,0,0,0,0,2,47,HOMBRE,ILESO,CONDUCTOR PRESENTE,NO,NO,0
6155,18998,18999,2017,0,0,-0.105384,-78.497732,PICHINCHA,QUITO,QUITO,URBANA,2017-08-29,19:40:00,19,MARTES,2,AGOSTO,8,NO,CONDUCIR VEHICULO SUPERANDO LOS LIMITES MAXIMOS DE VELOCIDAD.,PERDIDA DE PISTA,MOTOCICLETA,0,0,0,0,0,0,0,0,1,0,0,0,0,1,27,HOMBRE,ILESO,CONDUCTOR PRESENTE,NO,NO,0
6156,18999,19000,2017,0,0,-0.232254,-78.505317,PICHINCHA,QUITO,QUITO,URBANA,2017-08-29,20:00:00,20,MARTES,2,AGOSTO,8,NO,NO CEDER EL DERECHO DE VIA O PREFERENCIA DE PASO A VEHICULOS.,CHOQUE LATERAL,AUTOMOVIL,1,0,0,0,0,0,0,0,0,0,0,0,1,2,37,MUJER,ILESO,CONDUCTOR PRESENTE,NO,NO,0
6157,19003,19004,2017,0,0,-0.128839,-78.513591,PICHINCHA,QUITO,QUITO,URBANA,2017-08-29,23:10:00,23,MARTES,2,AGOSTO,8,NO,"ADELANTAR O REBASAR A OTRO VEHICULO EN MOVIMIENTO EN ZONAS O SITIOS PELIGROSOS TALES COMO: CURVAS, PUENTES, TUNELES, PENDIENTES, ETC.",CHOQUE FRONTAL,AUTOMOVIL,2,0,0,0,0,0,0,0,0,0,0,0,0,2,18,HOMBRE,ILESO,CONDUCTOR PRESENTE,NO,NO,0
6158,19016,19017,2017,0,0,-0.186811,-78.479488,PICHINCHA,QUITO,QUITO,URBANA,2017-08-30,08:01:00,8,MIERCOLES,3,AGOSTO,8,NO,"NO RESPETAR LAS SENIALES REGLAMENTARIAS DE TRANSITO. (PARE, CEDA EL PASO, LUZ ROJA DEL SEMAFORO, ETC).",CHOQUE LATERAL,AUTOMOVIL,2,0,0,0,0,0,0,0,0,0,0,0,0,2,44,HOMBRE,ILESO,CONDUCTOR PRESENTE,NO,NO,0
6159,19018,19019,2017,0,0,-0.175842,-78.485517,PICHINCHA,QUITO,QUITO,URBANA,2017-08-30,08:12:00,8,MIERCOLES,3,AGOSTO,8,NO,"NO RESPETAR LAS SENIALES REGLAMENTARIAS DE TRANSITO. (PARE, CEDA EL PASO, LUZ ROJA DEL SEMAFORO, ETC).",CHOQUE LATERAL,AUTOMOVIL,2,0,0,0,0,0,0,0,0,0,0,0,0,2,40,MUJER,ILESO,CONDUCTOR PRESENTE,NO,NO,0
6160,19019,19020,2017,1,0,-0.195547,-78.482783,PICHINCHA,QUITO,QUITO,URBANA,2017-08-30,08:15:00,8,MIERCOLES,3,AGOSTO,8,NO,"NO RESPETAR LAS SENIALES REGLAMENTARIAS DE TRANSITO. (PARE, CEDA EL PASO, LUZ ROJA DEL SEMAFORO, ETC).",ATROPELLOS,BUS,0,0,1,0,0,0,0,0,0,0,0,0,0,1,54,HOMBRE,LESIONADO,PEATON,NO,NO,0
6161,19022,19023,2017,1,0,-0.142781,-78.492364,PICHINCHA,QUITO,QUITO,URBANA,2017-08-30,08:40:00,8,MIERCOLES,3,AGOSTO,8,NO,"NO RESPETAR LAS SENIALES REGLAMENTARIAS DE TRANSITO. (PARE, CEDA EL PASO, LUZ ROJA DEL SEMAFORO, ETC).",CHOQUE LATERAL,MOTOCICLETA,1,0,0,0,0,0,0,0,1,0,0,0,0,2,28,HOMBRE,LESIONADO,CONDUCTOR PRESENTE,NO,NO,0
6162,19024,19025,2017,1,0,-0.307792,-78.544327,PICHINCHA,QUITO,QUITO,URBANA,2017-08-30,09:40:00,9,MIERCOLES,3,AGOSTO,8,NO,"CONDUCIR DESATENTO A LAS CONDICIONES DE TRANSITO (CELULAR, PANTALLAS DE VIDEO, COMIDA, MAQUILLAJE O CUALQUIER OTRO ELEMENTO DISTRACTOR).",ATROPELLOS,MOTOCICLETA,0,0,0,0,1,0,0,0,1,0,0,0,0,2,-1,HOMBRE,LESIONADO,CONDUCTOR PRESENTE,SI,NO,0
6163,19028,19029,2017,3,0,-0.111151,-78.494061,PICHINCHA,QUITO,QUITO,URBANA,2017-08-30,10:15:00,10,MIERCOLES,3,AGOSTO,8,NO,"NO RESPETAR LAS SENIALES REGLAMENTARIAS DE TRANSITO. (PARE, CEDA EL PASO, LUZ ROJA DEL SEMAFORO, ETC).",CHOQUE LATERAL,BUS,1,0,1,0,0,0,0,0,0,0,0,0,0,2,24,HOMBRE,LESIONADO,CONDUCTOR PRESENTE,NO,NO,0
6164,19033,19034,2017,0,0,-0.209101,-78.365448,PICHINCHA,QUITO,PUEMBO,RURAL,2017-08-30,12:25:00,12,MIERCOLES,3,AGOSTO,8,NO,NO CEDER EL DERECHO DE VIA O PREFERENCIA DE PASO A VEHICULOS.,CHOQUE LATERAL,AUTOMOVIL,1,0,0,0,1,0,0,0,0,0,0,0,0,2,32,HOMBRE,ILESO,CONDUCTOR PRESENTE,NO,NO,3
6165,19038,19039,2017,1,0,-0.128358,-78.502565,PICHINCHA,QUITO,QUITO,URBANA,2017-08-30,14:50:00,14,MIERCOLES,3,AGOSTO,8,NO,"CONDUCIR DESATENTO A LAS CONDICIONES DE TRANSITO (CELULAR, PANTALLAS DE VIDEO, COMIDA, MAQUILLAJE O CUALQUIER OTRO ELEMENTO DISTRACTOR).",CHOQUE POSTERIOR,MOTOCICLETA,1,0,0,0,0,0,0,0,1,0,0,0,0,2,32,HOMBRE,LESIONADO,CONDUCTOR PRESENTE,NO,NO,0
6166,19041,19042,2017,0,0,-0.181614,-78.486655,PICHINCHA,QUITO,QUITO,URBANA,2017-08-30,16:15:00,16,MIERCOLES,3,AGOSTO,8,NO,NO CEDER EL DERECHO DE VIA O PREFERENCIA DE PASO A VEHICULOS.,CHOQUE LATERAL,VEHICULO DEPORTIVO UTILITARIO,0,0,0,0,0,0,0,0,0,0,0,0,2,2,48,HOMBRE,ILESO,CONDUCTOR PRESENTE,NO,NO,0
6167,19046,19047,2017,0,0,-0.280923,-78.548852,PICHINCHA,QUITO,QUITO,URBANA,2017-08-30,17:45:00,17,MIERCOLES,3,AGOSTO,8,NO,"CONDUCIR DESATENTO A LAS CONDICIONES DE TRANSITO (CELULAR, PANTALLAS DE VIDEO, COMIDA, MAQUILLAJE O CUALQUIER OTRO ELEMENTO DISTRACTOR).",CHOQUE POSTERIOR,BUS,0,0,1,1,0,0,0,0,0,0,0,0,0,2,30,HOMBRE,ILESO,CONDUCTOR PRESENTE,NO,NO,0
6168,19047,19048,2017,1,0,-0.266703,-78.554026,PICHINCHA,QUITO,QUITO,URBANA,2017-08-30,18:15:00,18,MIERCOLES,3,AGOSTO,8,NO,NO MANTENER LA DISTANCIA PRUDENCIAL CON RESPECTO AL VEHICULO QUE LE ANTECEDE.,CHOQUE POSTERIOR,BICICLETA,0,1,0,0,0,0,0,0,0,1,0,0,0,2,23,HOMBRE,LESIONADO,CONDUCTOR PRESENTE,NO,NO,0
6169,19048,19049,2017,0,0,-0.203851,-78.482927,PICHINCHA,QUITO,QUITO,URBANA,2017-08-30,18:20:00,18,MIERCOLES,3,AGOSTO,8,NO,"NO RESPETAR LAS SENIALES REGLAMENTARIAS DE TRANSITO. (PARE, CEDA EL PASO, LUZ ROJA DEL SEMAFORO, ETC).",CHOQUE LATERAL,AUTOMOVIL,1,0,0,0,0,0,0,0,0,0,0,0,1,2,44,HOMBRE,ILESO,CONDUCTOR PRESENTE,NO,NO,0
6170,19049,19050,2017,1,0,-0.126718,-78.473394,PICHINCHA,QUITO,QUITO,URBANA,2017-08-30,18:30:00,18,MIERCOLES,3,AGOSTO,8,NO,NO CEDER EL DERECHO DE VIA O PREFERENCIA DE PASO AL PEATON.,ATROPELLOS,NO IDENTIFICADO,0,0,0,0,0,0,0,0,0,1,0,0,0,1,15,HOMBRE,LESIONADO,PEATON,NO,NO,0
6171,19051,19052,2017,0,0,-0.224088,-78.496725,PICHINCHA,QUITO,QUITO,URBANA,2017-08-30,18:55:00,18,MIERCOLES,3,AGOSTO,8,NO,NO MANTENER LA DISTANCIA PRUDENCIAL CON RESPECTO AL VEHICULO QUE LE ANTECEDE.,CHOQUE POSTERIOR,AUTOMOVIL,2,0,0,0,0,0,0,0,0,0,0,0,0,2,45,HOMBRE,ILESO,CONDUCTOR PRESENTE,NO,NO,0
6172,19052,19053,2017,1,0,-0.278867,-78.544575,PICHINCHA,QUITO,QUITO,URBANA,2017-08-30,19:00:00,19,MIERCOLES,3,AGOSTO,8,NO,NO TRANSITAR POR LAS ACERAS O ZONAS DE SEGURIDAD DESTINADAS PARA EL EFECTO.,ATROPELLOS,FURGONETA,0,0,0,0,0,0,0,1,0,0,0,0,0,1,32,HOMBRE,LESIONADO,PEATON,NO,NO,0
6173,19053,19054,2017,2,0,-0.252991,-78.509633,PICHINCHA,QUITO,QUITO,URBANA,2017-08-30,19:00:00,19,MIERCOLES,3,AGOSTO,8,NO,"CONDUCE BAJO LA INFLUENCIA DE ALCOHOL, SUSTANCIAS ESTUPEFACIENTES O PSICOTROPICAS Y/O MEDICAMENTOS.",CHOQUE FRONTAL,AUTOMOVIL,1,0,1,0,0,0,0,0,0,0,0,0,0,2,1,HOMBRE,LESIONADO,PASAJERO,NO,NO,0
6174,19057,19058,2017,1,0,-0.161608,-78.490029,PICHINCHA,QUITO,QUITO,URBANA,2017-08-30,19:40:00,19,MIERCOLES,3,AGOSTO,8,NO,NO CEDER EL DERECHO DE VIA O PREFERENCIA DE PASO A VEHICULOS.,CHOQUE LATERAL,AUTOMOVIL,1,0,0,0,0,0,0,0,1,0,0,0,0,2,23,HOMBRE,LESIONADO,CONDUCTOR PRESENTE,NO,NO,0
6175,19058,19059,2017,2,0,-0.254585,-78.517951,PICHINCHA,QUITO,QUITO,URBANA,2017-08-30,20:10:00,20,MIERCOLES,3,AGOSTO,8,NO,NO CEDER EL DERECHO DE VIA O PREFERENCIA DE PASO AL PEATON.,ATROPELLOS,NO IDENTIFICADO,0,0,0,0,0,0,0,0,0,1,0,0,0,1,26,HOMBRE,LESIONADO,PEATON,NO,NO,0
6176,19062,19063,2017,1,0,-0.117262,-78.463152,PICHINCHA,QUITO,QUITO,URBANA,2017-08-30,21:30:00,21,MIERCOLES,3,AGOSTO,8,NO,"NO RESPETAR LAS SENIALES REGLAMENTARIAS DE TRANSITO. (PARE, CEDA EL PASO, LUZ ROJA DEL SEMAFORO, ETC).",CHOQUE LATERAL,AUTOMOVIL,1,0,0,0,0,0,0,0,1,0,0,0,0,2,26,HOMBRE,LESIONADO,CONDUCTOR PRESENTE,NO,NO,0
6177,19063,19064,2017,0,0,-0.091585,-78.439052,PICHINCHA,QUITO,CALDERON (CARAPUNGO),RURAL,2017-08-30,21:35:00,21,MIERCOLES,3,AGOSTO,8,NO,"CONDUCE BAJO LA INFLUENCIA DE ALCOHOL, SUSTANCIAS ESTUPEFACIENTES O PSICOTROPICAS Y/O MEDICAMENTOS.",CHOQUE FRONTAL,MOTOCICLETA,1,0,0,0,0,0,0,0,1,0,0,0,0,2,29,HOMBRE,ILESO,CONDUCTOR PRESENTE,NO,NO,3
6178,19067,19068,2017,0,2,-0.236171,-78.526913,PICHINCHA,QUITO,QUITO,URBANA,2017-08-30,23:40:00,23,MIERCOLES,3,AGOSTO,8,NO,CONDUCIR VEHICULO SUPERANDO LOS LIMITES MAXIMOS DE VELOCIDAD.,ESTRELLAMIENTOS,CAMIONETA,0,0,0,0,1,0,0,0,0,0,0,0,0,1,16,HOMBRE,FALLECIDO,PASAJERO,NO,NO,0