,Unnamed: 0,ID,ANIO,LESIONADOS,FALLECIDOS,LATITUD_Y,LONGITUD_X,PROVINCIA,CANTON,PARROQUIA,ZONA,FECHA,HORA,PERIODO_2,DIA_1,DIA_2,MES_1,MES_2,FERIADO,CAUSA_PROBABLE,TIPO_DE_SINIESTRO,TIPO_DE_VEHICULO_1,AUTOMOVIL,BICICLETA,BUS,CAMION,CAMIONETA,EMERGENCIAS,ESPECIAL,FURGONETA,MOTOCICLETA,NO_IDENTIFICADO,SCOOTER_ELECTRICO,TRICIMOTO,VEHICULO_DEPORTIVO_UTILITARIO,SUMA_DE_VEHICULOS,EDAD_1,SEXO_1,CONDICION_1,PARTICIPANTE_1,CASCO_1,CINTURON_1,KMeans_Cluster
6179,19069,19070,2017,0,0,-0.268406,-78.543693,PICHINCHA,QUITO,QUITO,URBANA,2017-08-31,01:00:00,1,JUEVES,4,AGOSTO,8,NO,CONDUCIR EN SENTIDO CONTRARIO A LA VIA NORMAL DE CIRCULACION.,CHOQUE FRONTAL,MOTOCICLETA,0,0,0,0,0,0,0,0,1,1,0,0,0,2,39,HOMBRE,ILESO,CONDUCTOR PRESENTE,NO,NO,0
6180,19072,19073,2017,1,0,-0.289913,-78.537629,PICHINCHA,QUITO,QUITO,URBANA,2017-08-31,06:05:00,6,JUEVES,4,AGOSTO,8,NO,NO CEDER EL DERECHO DE VIA O PREFERENCIA DE PASO AL PEATON.,ATROPELLOS,NO IDENTIFICADO,0,0,0,0,0,0,0,0,0,1,0,0,0,1,50,MUJER,LESIONADO,PEATON,NO,NO,0
6181,19073,19074,2017,0,0,-0.338935,-78.550353,PICHINCHA,QUITO,QUITO,URBANA,2017-08-31,06:50:00,6,JUEVES,4,AGOSTO,8,NO,NO MANTENER LA DISTANCIA PRUDENCIAL CON RESPECTO AL VEHICULO QUE LE ANTECEDE.,CHOQUE POSTERIOR,CAMION,1,0,0,1,0,0,0,0,0,0,0,0,0,2,55,HOMBRE,ILESO,CONDUCTOR PRESENTE,NO,NO,0
6182,19075,19076,2017,1,0,-0.172498,-78.487861,PICHINCHA,QUITO,QUITO,URBANA,2017-08-31,07:50:00,7,JUEVES,4,AGOSTO,8,NO,NO MANTENER LA DISTANCIA PRUDENCIAL CON RESPECTO AL VEHICULO QUE LE ANTECEDE.,CHOQUE POSTERIOR,MOTOCICLETA,1,0,0,0,0,0,0,0,1,0,0,0,0,2,27,HOMBRE,LESIONADO,CONDUCTOR PRESENTE,NO,NO,0
6183,19076,19077,2017,1,0,-0.242622,-78.518839,PICHINCHA,QUITO,QUITO,URBANA,2017-08-31,07:50:00,7,JUEVES,4,AGOSTO,8,NO,REALIZAR CAMBIO BRUSCO O INDEBIDO DE CARRIL.,PERDIDA DE PISTA,MOTOCICLETA,0,0,0,0,0,0,0,0,1,0,0,0,0,1,22,HOMBRE,LESIONADO,CONDUCTOR PRESENTE,NO,NO,0
6184,19079,19080,2017,0,1,-0.033731,-78.446066,PICHINCHA,QUITO,POMASQUI,RURAL,2017-08-31,08:25:00,8,JUEVES,4,AGOSTO,8,NO,"CONDUCIR DESATENTO A LAS CONDICIONES DE TRANSITO (CELULAR, PANTALLAS DE VIDEO, COMIDA, MAQUILLAJE O CUALQUIER OTRO ELEMENTO DISTRACTOR).",ESTRELLAMIENTOS,CAMION,0,0,0,1,0,0,0,0,1,0,0,0,0,2,35,HOMBRE,FALLECIDO,CONDUCTOR PRESENTE,NO,NO,3
6185,19084,19085,2017,1,0,-0.307516,-78.551834,PICHINCHA,QUITO,QUITO,URBANA,2017-08-31,12:45:00,12,JUEVES,4,AGOSTO,8,NO,NO TRANSITAR POR LAS ACERAS O ZONAS DE SEGURIDAD DESTINADAS PARA EL EFECTO.,ATROPELLOS,AUTOMOVIL,1,0,0,0,0,0,0,0,0,0,0,0,0,1,11,HOMBRE,LESIONADO,PEATON,NO,NO,0
6186,19086,19087,2017,0,0,-0.161208,-78.495838,PICHINCHA,QUITO,QUITO,URBANA,2017-08-31,13:55:00,13,JUEVES,4,AGOSTO,8,NO,NO CEDER EL DERECHO DE VIA O PREFERENCIA DE PASO A VEHICULOS.,CHOQUE LATERAL,AUTOMOVIL,1,0,0,0,0,0,0,0,0,0,0,0,1,2,21,MUJER,ILESO,CONDUCTOR PRESENTE,NO,NO,0
6187,19090,19091,2017,0,0,-0.122993,-78.493774,PICHINCHA,QUITO,QUITO,URBANA,2017-08-31,14:30:00,14,JUEVES,4,AGOSTO,8,NO,NO CEDER EL DERECHO DE VIA O PREFERENCIA DE PASO A VEHICULOS.,CHOQUE LATERAL,AUTOMOVIL,2,0,0,0,0,0,0,0,0,0,0,0,0,2,30,HOMBRE,ILESO,CONDUCTOR PRESENTE,NO,NO,0
6188,19091,19092,2017,1,0,-0.292724,-78.476486,PICHINCHA,QUITO,CONOCOTO,RURAL,2017-08-31,14:35:00,14,JUEVES,4,AGOSTO,8,NO,"NO RESPETAR LAS SENIALES REGLAMENTARIAS DE TRANSITO. (PARE, CEDA EL PASO, LUZ ROJA DEL SEMAFORO, ETC).",CHOQUE LATERAL,MOTOCICLETA,1,0,0,0,0,0,0,0,1,0,0,0,0,2,32,HOMBRE,LESIONADO,CONDUCTOR PRESENTE,NO,NO,3
6189,19092,19093,2017,1,0,-0.295604,-78.561141,PICHINCHA,QUITO,QUITO,URBANA,2017-08-31,15:15:00,15,JUEVES,4,AGOSTO,8,NO,"NO RESPETAR LAS SENIALES REGLAMENTARIAS DE TRANSITO. (PARE, CEDA EL PASO, LUZ ROJA DEL SEMAFORO, ETC).",ATROPELLOS,AUTOMOVIL,1,0,0,0,0,0,0,0,0,0,0,0,0,1,58,MUJER,LESIONADO,PEATON,NO,NO,0
6190,19102,19103,2017,1,0,-0.158694,-78.496029,PICHINCHA,QUITO,QUITO,URBANA,2017-08-31,19:30:00,19,JUEVES,4,AGOSTO,8,NO,"CONDUCIR DESATENTO A LAS CONDICIONES DE TRANSITO (CELULAR, PANTALLAS DE VIDEO, COMIDA, MAQUILLAJE O CUALQUIER OTRO ELEMENTO DISTRACTOR).",CHOQUE POSTERIOR,BICICLETA,0,1,0,0,0,0,0,0,0,1,0,0,0,2,34,HOMBRE,LESIONADO,CONDUCTOR PRESENTE,NO,NO,0
6191,19104,19105,2017,1,0,-0.289568,-78.476283,PICHINCHA,QUITO,CONOCOTO,RURAL,2017-08-31,19:40:00,19,JUEVES,4,AGOSTO,8,NO,"CONDUCIR DESATENTO A LAS CONDICIONES DE TRANSITO (CELULAR, PANTALLAS DE VIDEO, COMIDA, MAQUILLAJE O CUALQUIER OTRO ELEMENTO DISTRACTOR).",CHOQUE POSTERIOR,AUTOMOVIL,1,0,0,0,0,0,0,0,0,1,0,0,0,2,25,HOMBRE,LESIONADO,CONDUCTOR PRESENTE,NO,NO,3
6192,19106,19107,2017,0,0,-0.096046,-78.440081,PICHINCHA,QUITO,CALDERON (CARAPUNGO),RURAL,2017-08-31,20:00:00,20,JUEVES,4,AGOSTO,8,NO,"CONDUCIR DESATENTO A LAS CONDICIONES DE TRANSITO (CELULAR, PANTALLAS DE VIDEO, COMIDA, MAQUILLAJE O CUALQUIER OTRO ELEMENTO DISTRACTOR).",CHOQUE POSTERIOR,AUTOMOVIL,1,0,0,0,0,0,0,0,0,0,0,0,1,2,22,HOMBRE,ILESO,CONDUCTOR PRESENTE,NO,NO,3
6193,19107,19108,2017,0,0,-0.253579,-78.518891,PICHINCHA,QUITO,QUITO,URBANA,2017-08-31,20:00:00,20,JUEVES,4,AGOSTO,8,NO,NO GUARDAR LA DISTANCIA LATERAL MINIMA DE SEGURIDAD ENTRE VEHICULOS.,ROZAMIENTOS,AUTOMOVIL,1,0,0,0,0,0,0,0,0,1,0,0,0,2,36,HOMBRE,ILESO,CONDUCTOR PRESENTE,NO,NO,0
6194,19109,19110,2017,1,0,-0.275805,-78.552611,PICHINCHA,QUITO,QUITO,URBANA,2017-08-31,20:15:00,20,JUEVES,4,AGOSTO,8,NO,"NO RESPETAR LAS SENIALES REGLAMENTARIAS DE TRANSITO. (PARE, CEDA EL PASO, LUZ ROJA DEL SEMAFORO, ETC).",CHOQUE LATERAL,AUTOMOVIL,1,0,0,0,0,0,0,0,0,1,0,0,0,2,40,MUJER,LESIONADO,CONDUCTOR PRESENTE,NO,NO,0
6195,19111,19112,2017,0,0,-0.260613,-78.546297,PICHINCHA,QUITO,QUITO,URBANA,2017-08-31,20:40:00,20,JUEVES,4,AGOSTO,8,NO,"CONDUCE BAJO LA INFLUENCIA DE ALCOHOL, SUSTANCIAS ESTUPEFACIENTES O PSICOTROPICAS Y/O MEDICAMENTOS.",CHOQUE POSTERIOR,VEHICULO DEPORTIVO UTILITARIO,0,0,0,0,1,0,0,0,0,0,0,0,1,2,32,HOMBRE,ILESO,CONDUCTOR PRESENTE,NO,NO,0
6196,19112,19113,2017,0,0,-0.248381,-78.533049,PICHINCHA,QUITO,QUITO,URBANA,2017-08-31,21:10:00,21,JUEVES,4,AGOSTO,8,NO,"CONDUCE BAJO LA INFLUENCIA DE ALCOHOL, SUSTANCIAS ESTUPEFACIENTES O PSICOTROPICAS Y/O MEDICAMENTOS.",CHOQUE POSTERIOR,VEHICULO DEPORTIVO UTILITARIO,1,0,0,0,0,0,0,0,0,0,0,0,1,2,36,HOMBRE,ILESO,CONDUCTOR PRESENTE,NO,NO,0
6197,19115,19116,2017,0,0,-0.288901,-78.538232,PICHINCHA,QUITO,QUITO,URBANA,2017-08-31,23:00:00,23,JUEVES,4,AGOSTO,8,NO,"CONDUCIR EN ESTADO DE SOMNOLENCIA O MALAS CONDICIONES FISICAS (SUENIO, CANSANCIO Y FATIGA).",PERDIDA DE PISTA,AUTOMOVIL,1,0,0,0,0,0,0,0,0,0,0,0,0,1,-1,NO IDENTIFICADO,NO IDENTIFICADO,CONDUCTOR AUSENTE,NO,NO,2
6198,19117,19118,2017,0,0,-0.116247,-78.487341,PICHINCHA,QUITO,QUITO,URBANA,2017-08-31,23:20:00,23,JUEVES,4,AGOSTO,8,NO,"CONDUCE BAJO LA INFLUENCIA DE ALCOHOL, SUSTANCIAS ESTUPEFACIENTES O PSICOTROPICAS Y/O MEDICAMENTOS.",CHOQUE LATERAL,AUTOMOVIL,1,0,0,0,0,0,0,0,0,0,0,0,1,2,30,HOMBRE,ILESO,CONDUCTOR PRESENTE,NO,NO,0
6199,19118,19119,2017,0,0,-0.169891,-78.487171,PICHINCHA,QUITO,QUITO,URBANA,2017-08-31,23:50:00,23,JUEVES,4,AGOSTO,8,NO,"CONDUCIR EN ESTADO DE SOMNOLENCIA O MALAS CONDICIONES FISICAS (SUENIO, CANSANCIO Y FATIGA).",PERDIDA DE PISTA,AUTOMOVIL,1,0,0,0,0,0,0,0,0,0,0,0,0,1,-1,NO IDENTIFICADO,NO IDENTIFICADO,CONDUCTOR AUSENTE,NO,NO,2
6200,19122,19123,2017,0,0,-0.163609,-78.474205,PICHINCHA,QUITO,QUITO,URBANA,2017-09-01,02:15:00,2,VIERNES,5,SEPTIEMBRE,9,NO,"CONDUCIR EN ESTADO DE SOMNOLENCIA O MALAS CONDICIONES FISICAS (SUENIO, CANSANCIO Y FATIGA).",ESTRELLAMIENTOS,AUTOMOVIL,1,0,0,0,0,0,0,0,0,0,0,0,0,1,-1,NO IDENTIFICADO,NO IDENTIFICADO,CONDUCTOR AUSENTE,NO,NO,2
6201,19123,19124,2017,1,0,-0.202097,-78.486351,PICHINCHA,QUITO,QUITO,URBANA,2017-09-01,02:25:00,2,VIERNES,5,SEPTIEMBRE,9,NO,NO CEDER EL DERECHO DE VIA O PREFERENCIA DE PASO AL PEATON.,ATROPELLOS,NO IDENTIFICADO,0,0,0,0,0,0,0,0,0,1,0,0,0,1,60,HOMBRE,LESIONADO,PEATON,NO,NO,0
6202,19126,19127,2017,0,0,-0.263504,-78.506361,PICHINCHA,QUITO,QUITO,URBANA,2017-09-01,04:30:00,4,VIERNES,5,SEPTIEMBRE,9,NO,"CONDUCIR EN ESTADO DE SOMNOLENCIA O MALAS CONDICIONES FISICAS (SUENIO, CANSANCIO Y FATIGA).",PERDIDA DE PISTA,CAMIONETA,0,0,0,0,1,0,0,0,0,0,0,0,0,1,41,HOMBRE,ILESO,CONDUCTOR PRESENTE,NO,NO,0
6203,19127,19128,2017,2,0,-0.264263,-78.550014,PICHINCHA,QUITO,QUITO,URBANA,2017-09-01,05:40:00,5,VIERNES,5,SEPTIEMBRE,9,NO,"NO RESPETAR LAS SENIALES REGLAMENTARIAS DE TRANSITO. (PARE, CEDA EL PASO, LUZ ROJA DEL SEMAFORO, ETC).",ATROPELLOS,MOTOCICLETA,0,0,0,0,0,0,0,0,1,0,0,0,0,1,41,HOMBRE,LESIONADO,CONDUCTOR PRESENTE,NO,NO,0
6204,19128,19129,2017,0,0,-0.325457,-78.418312,PICHINCHA,QUITO,ALANGASI,URBANA,2017-09-01,06:00:00,6,VIERNES,5,SEPTIEMBRE,9,NO,CONDUCIR VEHICULO SUPERANDO LOS LIMITES MAXIMOS DE VELOCIDAD.,PERDIDA DE PISTA,CAMIONETA,0,0,0,0,1,0,0,0,0,0,0,0,0,1,-1,NO IDENTIFICADO,NO IDENTIFICADO,CONDUCTOR AUSENTE,NO,NO,2
6205,19130,19131,2017,1,0,-0.299391,-78.544282,PICHINCHA,QUITO,QUITO,URBANA,2017-09-01,06:05:00,6,VIERNES,5,SEPTIEMBRE,9,NO,"NO RESPETAR LAS SENIALES REGLAMENTARIAS DE TRANSITO. (PARE, CEDA EL PASO, LUZ ROJA DEL SEMAFORO, ETC).",CHOQUE LATERAL,MOTOCICLETA,0,0,0,0,0,0,0,0,1,1,0,0,0,2,22,HOMBRE,LESIONADO,CONDUCTOR PRESENTE,NO,NO,0
6206,19131,19132,2017,1,0,-0.150393,-78.453592,PICHINCHA,QUITO,QUITO,URBANA,2017-09-01,07:45:00,7,VIERNES,5,SEPTIEMBRE,9,NO,CONDUCIR VEHICULO SUPERANDO LOS LIMITES MAXIMOS DE VELOCIDAD.,CHOQUE POSTERIOR,MOTOCICLETA,0,0,0,0,0,0,0,0,1,0,0,0,1,2,34,HOMBRE,LESIONADO,CONDUCTOR PRESENTE,NO,NO,0
6207,19132,19133,2017,0,0,-0.171446,-78.473788,PICHINCHA,QUITO,QUITO,URBANA,2017-09-01,07:55:00,7,VIERNES,5,SEPTIEMBRE,9,NO,"NO RESPETAR LAS SENIALES REGLAMENTARIAS DE TRANSITO. (PARE, CEDA EL PASO, LUZ ROJA DEL SEMAFORO, ETC).",CHOQUE LATERAL,AUTOMOVIL,2,0,0,0,0,0,0,0,0,0,0,0,0,2,31,MUJER,ILESO,CONDUCTOR PRESENTE,NO,NO,0
6208,19134,19135,2017,0,0,-0.238213,-78.484807,PICHINCHA,QUITO,QUITO,URBANA,2017-09-01,08:39:00,8,VIERNES,5,SEPTIEMBRE,9,NO,NO MANTENER LA DISTANCIA PRUDENCIAL CON RESPECTO AL VEHICULO QUE LE ANTECEDE.,CHOQUE POSTERIOR,FURGONETA,0,0,0,0,0,0,0,1,0,0,0,0,1,2,40,MUJER,ILESO,CONDUCTOR PRESENTE,NO,NO,0
6209,19135,19136,2017,0,0,-0.299535,-78.558719,PICHINCHA,QUITO,QUITO,URBANA,2017-09-01,08:40:00,8,VIERNES,5,SEPTIEMBRE,9,NO,NO GUARDAR LA DISTANCIA LATERAL MINIMA DE SEGURIDAD ENTRE VEHICULOS.,ROZAMIENTOS,MOTOCICLETA,0,0,0,0,0,0,0,0,1,0,0,0,1,2,35,HOMBRE,ILESO,CONDUCTOR PRESENTE,NO,NO,0
6210,19138,19139,2017,0,0,-0.097492,-78.476169,PICHINCHA,QUITO,QUITO,URBANA,2017-09-01,12:15:00,12,VIERNES,5,SEPTIEMBRE,9,NO,NO CEDER EL DERECHO DE VIA O PREFERENCIA DE PASO AL PEATON.,ATROPELLOS,AUTOMOVIL,1,0,0,0,0,0,0,0,0,0,0,0,0,1,19,HOMBRE,ILESO,CONDUCTOR PRESENTE,NO,NO,0
6211,19140,19141,2017,0,0,-0.279776,-78.472249,PICHINCHA,QUITO,CONOCOTO,RURAL,2017-09-01,12:40:00,12,VIERNES,5,SEPTIEMBRE,9,NO,PESO Y VOLUMEN - NO CUMPLIR CON LAS NORMAS DE SEGURIDAD NECESARIAS AL TRANSPORTAR CARGAS.,ESTRELLAMIENTOS,CAMION,0,0,0,1,0,0,0,0,0,0,0,0,0,1,33,HOMBRE,ILESO,CONDUCTOR PRESENTE,NO,NO,3
6212,19141,19142,2017,1,0,-0.116434,-78.498021,PICHINCHA,QUITO,QUITO,URBANA,2017-09-01,12:50:00,12,VIERNES,5,SEPTIEMBRE,9,NO,BAJARSE O SUBIRSE DE VEHICULOS EN MOVIMIENTO SIN TOMAR LAS PRECAUCIONES DEBIDAS.,CAIDA DE PASAJERO,NO IDENTIFICADO,0,0,0,0,0,0,0,0,0,1,0,0,0,1,13,MUJER,LESIONADO,PASAJERO,NO,NO,0
6213,19143,19144,2017,1,0,-0.148168,-78.496919,PICHINCHA,QUITO,QUITO,URBANA,2017-09-01,13:10:00,13,VIERNES,5,SEPTIEMBRE,9,NO,NO CEDER EL DERECHO DE VIA O PREFERENCIA DE PASO A VEHICULOS.,CHOQUE LATERAL,AUTOMOVIL,2,0,0,0,0,0,0,0,0,0,0,0,0,2,24,HOMBRE,LESIONADO,CONDUCTOR PRESENTE,NO,NO,0
6214,19146,19147,2017,1,0,-0.171497,-78.490692,PICHINCHA,QUITO,QUITO,URBANA,2017-09-01,14:00:00,14,VIERNES,5,SEPTIEMBRE,9,NO,"CONDUCIR DESATENTO A LAS CONDICIONES DE TRANSITO (CELULAR, PANTALLAS DE VIDEO, COMIDA, MAQUILLAJE O CUALQUIER OTRO ELEMENTO DISTRACTOR).",COLISION,AUTOMOVIL,1,0,0,0,0,0,0,0,1,0,0,0,1,3,31,HOMBRE,LESIONADO,CONDUCTOR PRESENTE,NO,NO,0
6215,19148,19149,2017,0,0,-0.096378,-78.511462,PICHINCHA,QUITO,QUITO,URBANA,2017-09-01,15:40:00,15,VIERNES,5,SEPTIEMBRE,9,NO,REALIZAR CAMBIO BRUSCO O INDEBIDO DE CARRIL.,ESTRELLAMIENTOS,AUTOMOVIL,1,0,0,0,0,0,0,0,0,1,0,0,0,2,-1,NO IDENTIFICADO,NO IDENTIFICADO,CONDUCTOR AUSENTE,NO,NO,2
6216,19149,19150,2017,0,1,-0.203401,-78.488067,PICHINCHA,QUITO,QUITO,URBANA,2017-09-01,15:40:00,15,VIERNES,5,SEPTIEMBRE,9,NO,CONDUCIR VEHICULO SUPERANDO LOS LIMITES MAXIMOS DE VELOCIDAD.,ATROPELLOS,MOTOCICLETA,0,0,0,0,0,0,0,0,1,0,0,0,0,1,62,MUJER,FALLECIDO,PEATON,NO,NO,0
6217,19150,19151,2017,1,0,-0.307181,-78.551295,PICHINCHA,QUITO,QUITO,URBANA,2017-09-01,15:50:00,15,VIERNES,5,SEPTIEMBRE,9,NO,NO CEDER EL DERECHO DE VIA O PREFERENCIA DE PASO AL PEATON.,ATROPELLOS,NO IDENTIFICADO,0,0,0,0,0,0,0,0,0,1,0,0,0,1,7,HOMBRE,LESIONADO,PEATON,NO,NO,0
6218,19152,19153,2017,1,0,-0.199051,-78.487045,PICHINCHA,QUITO,QUITO,URBANA,2017-09-01,16:30:00,16,VIERNES,5,SEPTIEMBRE,9,NO,"NO RESPETAR LAS SENIALES REGLAMENTARIAS DE TRANSITO. (PARE, CEDA EL PASO, LUZ ROJA DEL SEMAFORO, ETC).",CHOQUE LATERAL,VEHICULO DEPORTIVO UTILITARIO,0,0,0,0,0,0,0,0,0,1,0,0,1,2,74,MUJER,LESIONADO,PASAJERO,NO,NO,0
6219,19153,19154,2017,2,0,-0.251319,-78.521366,PICHINCHA,QUITO,QUITO,URBANA,2017-09-01,16:35:00,16,VIERNES,5,SEPTIEMBRE,9,NO,NO CEDER EL DERECHO DE VIA O PREFERENCIA DE PASO AL PEATON.,ATROPELLOS,BUS,0,0,1,0,0,0,0,0,0,0,0,0,0,1,33,MUJER,LESIONADO,PEATON,NO,NO,0
6220,19156,19157,2017,0,0,-0.202885,-78.487305,PICHINCHA,QUITO,QUITO,URBANA,2017-09-01,16:55:00,16,VIERNES,5,SEPTIEMBRE,9,NO,NO MANTENER LA DISTANCIA PRUDENCIAL CON RESPECTO AL VEHICULO QUE LE ANTECEDE.,CHOQUE POSTERIOR,AUTOMOVIL,2,0,0,0,0,0,0,0,0,0,0,0,0,2,43,MUJER,ILESO,CONDUCTOR PRESENTE,NO,NO,0
6221,19157,19158,2017,1,0,-0.076717,-78.467894,PICHINCHA,QUITO,QUITO,URBANA,2017-09-01,17:20:00,17,VIERNES,5,SEPTIEMBRE,9,NO,"FALLA MECANICA EN LOS SISTEMAS Y/O NEUMATICOS (SISTEMA DE FRENOS, DIRECCION, ELECTRONICO O MECANICO).",ESTRELLAMIENTOS,CAMION,0,0,0,1,0,0,0,0,0,0,0,0,0,1,65,HOMBRE,LESIONADO,PEATON,NO,NO,0
6222,19162,19163,2017,0,1,-0.009645,-78.184774,PICHINCHA,CAYAMBE,CANGAHUA,URBANA,2017-09-01,18:20:00,18,VIERNES,5,SEPTIEMBRE,9,NO,REALIZAR CAMBIO BRUSCO O INDEBIDO DE CARRIL.,CHOQUE FRONTAL,NO IDENTIFICADO,0,0,0,0,0,0,0,0,0,1,0,0,0,1,-1,HOMBRE,FALLECIDO,CONDUCTOR PRESENTE,NO,NO,0
6223,19165,19166,2017,0,0,-0.118095,-78.455421,PICHINCHA,QUITO,QUITO,URBANA,2017-09-01,19:00:00,19,VIERNES,5,SEPTIEMBRE,9,NO,REALIZAR CAMBIO BRUSCO O INDEBIDO DE CARRIL.,ESTRELLAMIENTOS,AUTOMOVIL,1,0,0,0,0,0,0,0,0,0,0,0,0,1,-1,NO IDENTIFICADO,NO IDENTIFICADO,CONDUCTOR AUSENTE,NO,NO,2
6224,19167,19168,2017,0,1,0.025782,-78.277427,PICHINCHA,PEDRO MONCAYO,TOCACHI,URBANA,2017-09-01,19:15:00,19,VIERNES,5,SEPTIEMBRE,9,NO,NO CEDER EL DERECHO DE VIA O PREFERENCIA DE PASO AL PEATON.,ATROPELLOS,NO IDENTIFICADO,0,0,0,0,0,0,0,0,0,1,0,0,0,1,14,MUJER,FALLECIDO,PEATON,NO,NO,0
6225,19168,19169,2017,0,0,-0.299621,-78.524243,PICHINCHA,QUITO,QUITO,URBANA,2017-09-01,19:30:00,19,VIERNES,5,SEPTIEMBRE,9,NO,CONDUCIR VEHICULO SUPERANDO LOS LIMITES MAXIMOS DE VELOCIDAD.,PERDIDA DE PISTA,AUTOMOVIL,1,0,0,0,0,0,0,0,0,0,0,0,0,1,-1,NO IDENTIFICADO,NO IDENTIFICADO,CONDUCTOR AUSENTE,NO,NO,2
6226,19172,19173,2017,1,0,-0.156859,-78.488827,PICHINCHA,QUITO,QUITO,URBANA,2017-09-01,20:00:00,20,VIERNES,5,SEPTIEMBRE,9,NO,NO MANTENER LA DISTANCIA PRUDENCIAL CON RESPECTO AL VEHICULO QUE LE ANTECEDE.,CHOQUE POSTERIOR,VEHICULO DEPORTIVO UTILITARIO,0,0,0,0,0,0,0,0,1,0,0,0,1,2,28,HOMBRE,LESIONADO,CONDUCTOR PRESENTE,NO,NO,0
6227,19175,19176,2017,1,0,-0.234057,-78.514289,PICHINCHA,QUITO,QUITO,URBANA,2017-09-01,20:50:00,20,VIERNES,5,SEPTIEMBRE,9,NO,NO CEDER EL DERECHO DE VIA O PREFERENCIA DE PASO A VEHICULOS.,CHOQUE LATERAL,NO IDENTIFICADO,0,0,0,0,0,0,0,0,0,2,0,0,0,2,19,HOMBRE,LESIONADO,CONDUCTOR PRESENTE,NO,NO,0
6228,19179,19180,2017,1,0,-0.237667,-78.484685,PICHINCHA,QUITO,QUITO,URBANA,2017-09-01,21:30:00,21,VIERNES,5,SEPTIEMBRE,9,NO,NO TRANSITAR POR LAS ACERAS O ZONAS DE SEGURIDAD DESTINADAS PARA EL EFECTO.,ATROPELLOS,NO IDENTIFICADO,0,0,0,0,0,0,0,0,0,1,0,0,0,1,65,HOMBRE,LESIONADO,PEATON,NO,NO,0
6229,19181,19182,2017,0,0,-0.099083,-78.421844,PICHINCHA,QUITO,CALDERON (CARAPUNGO),RURAL,2017-09-01,22:20:00,22,VIERNES,5,SEPTIEMBRE,9,NO,"CONDUCIR DESATENTO A LAS CONDICIONES DE TRANSITO (CELULAR, PANTALLAS DE VIDEO, COMIDA, MAQUILLAJE O CUALQUIER OTRO ELEMENTO DISTRACTOR).",ESTRELLAMIENTOS,AUTOMOVIL,1,0,0,0,0,0,0,0,0,0,0,0,1,2,26,HOMBRE,ILESO,CONDUCTOR PRESENTE,NO,NO,3
6230,19182,19183,2017,0,0,-0.240382,-78.511621,PICHINCHA,QUITO,QUITO,URBANA,2017-09-01,22:30:00,22,VIERNES,5,SEPTIEMBRE,9,NO,"CONDUCE BAJO LA INFLUENCIA DE ALCOHOL, SUSTANCIAS ESTUPEFACIENTES O PSICOTROPICAS Y/O MEDICAMENTOS.",CHOQUE LATERAL,AUTOMOVIL,2,0,0,0,0,0,0,0,0,0,0,0,0,2,75,HOMBRE,ILESO,CONDUCTOR PRESENTE,NO,NO,0
6231,19183,19184,2017,0,0,-0.194988,-78.508636,PICHINCHA,QUITO,QUITO,URBANA,2017-09-01,22:40:00,22,VIERNES,5,SEPTIEMBRE,9,NO,"CONDUCE BAJO LA INFLUENCIA DE ALCOHOL, SUSTANCIAS ESTUPEFACIENTES O PSICOTROPICAS Y/O MEDICAMENTOS.",CHOQUE LATERAL,AUTOMOVIL,2,0,0,0,0,0,0,0,0,0,0,0,0,2,38,HOMBRE,ILESO,CONDUCTOR PRESENTE,NO,NO,0
6232,19184,19185,2017,1,0,-0.093341,-78.476351,PICHINCHA,QUITO,QUITO,URBANA,2017-09-01,23:00:00,23,VIERNES,5,SEPTIEMBRE,9,NO,CONDUCIR VEHICULO SUPERANDO LOS LIMITES MAXIMOS DE VELOCIDAD.,ESTRELLAMIENTOS,MOTOCICLETA,0,0,0,0,0,0,0,0,1,0,0,0,0,1,37,HOMBRE,LESIONADO,CONDUCTOR PRESENTE,NO,NO,0
6233,19185,19186,2017,1,0,-0.254686,-78.504316,PICHINCHA,QUITO,QUITO,URBANA,2017-09-01,23:20:00,23,VIERNES,5,SEPTIEMBRE,9,NO,NO TRANSITAR POR LAS ACERAS O ZONAS DE SEGURIDAD DESTINADAS PARA EL EFECTO.,ATROPELLOS,NO IDENTIFICADO,0,0,0,0,0,0,0,0,0,1,0,0,0,1,40,HOMBRE,LESIONADO,PEATON,NO,NO,0
6234,19186,19187,2017,0,0,-0.142705,-78.492413,PICHINCHA,QUITO,QUITO,URBANA,2017-09-01,23:30:00,23,VIERNES,5,SEPTIEMBRE,9,NO,"CONDUCIR EN ESTADO DE SOMNOLENCIA O MALAS CONDICIONES FISICAS (SUENIO, CANSANCIO Y FATIGA).",ESTRELLAMIENTOS,AUTOMOVIL,1,0,0,0,0,0,0,0,0,0,0,0,0,1,-1,NO IDENTIFICADO,NO IDENTIFICADO,CONDUCTOR AUSENTE,NO,NO,2
6235,19188,19189,2017,0,0,-0.214852,-78.406348,PICHINCHA,QUITO,TUMBACO,RURAL,2017-09-01,23:59:00,23,VIERNES,5,SEPTIEMBRE,9,NO,NO CEDER EL DERECHO DE VIA O PREFERENCIA DE PASO A VEHICULOS.,CHOQUE LATERAL,MOTOCICLETA,0,0,0,0,0,0,0,0,1,1,0,0,0,2,28,HOMBRE,ILESO,CONDUCTOR PRESENTE,NO,NO,3
6236,19215,19216,2017,0,0,-0.176181,-78.496179,PICHINCHA,QUITO,QUITO,URBANA,2017-09-02,00:10:00,0,SABADO,6,SEPTIEMBRE,9,NO,"CONDUCE BAJO LA INFLUENCIA DE ALCOHOL, SUSTANCIAS ESTUPEFACIENTES O PSICOTROPICAS Y/O MEDICAMENTOS.",ESTRELLAMIENTOS,VEHICULO DEPORTIVO UTILITARIO,1,0,0,0,0,0,0,0,0,0,0,0,1,2,38,HOMBRE,ILESO,CONDUCTOR PRESENTE,NO,NO,0