,Unnamed: 0,ID,ANIO,LESIONADOS,FALLECIDOS,LATITUD_Y,LONGITUD_X,PROVINCIA,CANTON,PARROQUIA,ZONA,FECHA,HORA,PERIODO_2,DIA_1,DIA_2,MES_1,MES_2,FERIADO,CAUSA_PROBABLE,TIPO_DE_SINIESTRO,TIPO_DE_VEHICULO_1,AUTOMOVIL,BICICLETA,BUS,CAMION,CAMIONETA,EMERGENCIAS,ESPECIAL,FURGONETA,MOTOCICLETA,NO_IDENTIFICADO,SCOOTER_ELECTRICO,TRICIMOTO,VEHICULO_DEPORTIVO_UTILITARIO,SUMA_DE_VEHICULOS,EDAD_1,SEXO_1,CONDICION_1,PARTICIPANTE_1,CASCO_1,CINTURON_1,KMeans_Cluster
6293,19424,19425,2017,1,0,-0.146158,-78.491289,PICHINCHA,QUITO,QUITO,URBANA,2017-09-04,15:00:00,15,LUNES,1,SEPTIEMBRE,9,NO,NO GUARDAR LA DISTANCIA LATERAL MINIMA DE SEGURIDAD ENTRE VEHICULOS.,ROZAMIENTOS,NO IDENTIFICADO,0,0,0,0,0,0,0,0,0,2,0,0,0,2,2,HOMBRE,LESIONADO,PASAJERO,NO,NO,0
6294,19425,19426,2017,0,0,-0.174566,-78.485451,PICHINCHA,QUITO,QUITO,URBANA,2017-09-04,15:15:00,15,LUNES,1,SEPTIEMBRE,9,NO,NO CEDER EL DERECHO DE VIA O PREFERENCIA DE PASO A VEHICULOS.,CHOQUE LATERAL,AUTOMOVIL,2,0,0,0,0,0,0,0,0,0,0,0,0,2,28,MUJER,ILESO,CONDUCTOR PRESENTE,NO,NO,0
6295,19426,19427,2017,0,0,-0.171446,-78.473788,PICHINCHA,QUITO,QUITO,URBANA,2017-09-04,15:20:00,15,LUNES,1,SEPTIEMBRE,9,NO,"NO RESPETAR LAS SENIALES REGLAMENTARIAS DE TRANSITO. (PARE, CEDA EL PASO, LUZ ROJA DEL SEMAFORO, ETC).",CHOQUE LATERAL,AUTOMOVIL,2,0,0,0,0,0,0,0,0,0,0,0,0,2,48,HOMBRE,ILESO,CONDUCTOR PRESENTE,NO,NO,0
6296,19428,19429,2017,5,0,0.009071,-78.552399,PICHINCHA,QUITO,CALACALI,RURAL,2017-09-04,16:15:00,16,LUNES,1,SEPTIEMBRE,9,NO,"CONDUCIR DESATENTO A LAS CONDICIONES DE TRANSITO (CELULAR, PANTALLAS DE VIDEO, COMIDA, MAQUILLAJE O CUALQUIER OTRO ELEMENTO DISTRACTOR).",CHOQUE FRONTAL,AUTOMOVIL,1,0,0,1,0,0,0,0,0,0,0,0,0,2,26,HOMBRE,LESIONADO,CONDUCTOR PRESENTE,NO,NO,3
6297,19429,19430,2017,1,0,-0.346711,-78.548646,PICHINCHA,QUITO,QUITO,URBANA,2017-09-04,16:25:00,16,LUNES,1,SEPTIEMBRE,9,NO,"NO RESPETAR LAS SENIALES REGLAMENTARIAS DE TRANSITO. (PARE, CEDA EL PASO, LUZ ROJA DEL SEMAFORO, ETC).",CHOQUE LATERAL,MOTOCICLETA,0,0,0,0,0,0,0,0,1,1,0,0,0,2,24,HOMBRE,LESIONADO,CONDUCTOR PRESENTE,NO,NO,0
6298,19431,19432,2017,0,0,-0.121932,-78.491603,PICHINCHA,QUITO,QUITO,URBANA,2017-09-04,16:50:00,16,LUNES,1,SEPTIEMBRE,9,NO,NO GUARDAR LA DISTANCIA LATERAL MINIMA DE SEGURIDAD ENTRE VEHICULOS.,ROZAMIENTOS,VEHICULO DEPORTIVO UTILITARIO,0,0,0,0,0,0,0,0,0,1,0,0,1,2,35,HOMBRE,ILESO,CONDUCTOR PRESENTE,NO,NO,0
6299,19432,19433,2017,0,0,-0.328479,-78.522294,PICHINCHA,QUITO,QUITO,URBANA,2017-09-04,16:50:00,16,LUNES,1,SEPTIEMBRE,9,NO,CONDUCIR VEHICULO SUPERANDO LOS LIMITES MAXIMOS DE VELOCIDAD.,PERDIDA DE PISTA,AUTOMOVIL,1,0,0,0,1,0,0,0,0,0,0,0,0,2,40,HOMBRE,ILESO,CONDUCTOR PRESENTE,NO,NO,0
6300,19433,19434,2017,0,0,-0.175332,-78.487493,PICHINCHA,QUITO,QUITO,URBANA,2017-09-04,17:02:00,17,LUNES,1,SEPTIEMBRE,9,NO,NO GUARDAR LA DISTANCIA LATERAL MINIMA DE SEGURIDAD ENTRE VEHICULOS.,ROZAMIENTOS,VEHICULO DEPORTIVO UTILITARIO,0,0,0,0,0,0,0,0,0,0,0,0,2,2,50,MUJER,ILESO,CONDUCTOR PRESENTE,NO,NO,0
6301,19437,19438,2017,1,0,-0.191097,-78.486025,PICHINCHA,QUITO,QUITO,URBANA,2017-09-04,18:10:00,18,LUNES,1,SEPTIEMBRE,9,NO,NO CEDER EL DERECHO DE VIA O PREFERENCIA DE PASO AL PEATON.,ATROPELLOS,MOTOCICLETA,0,0,0,0,0,0,0,0,1,0,0,0,0,1,21,HOMBRE,LESIONADO,PEATON,NO,NO,0
6302,19438,19439,2017,1,0,-0.215594,-78.404756,PICHINCHA,QUITO,TUMBACO,RURAL,2017-09-04,18:13:00,18,LUNES,1,SEPTIEMBRE,9,NO,NO TRANSITAR POR LAS ACERAS O ZONAS DE SEGURIDAD DESTINADAS PARA EL EFECTO.,ARROLLAMIENTOS,VEHICULO DEPORTIVO UTILITARIO,0,0,0,0,0,0,0,0,0,0,0,0,1,1,14,HOMBRE,LESIONADO,PEATON,NO,NO,3
6303,19439,19440,2017,0,0,-0.219587,-78.513389,PICHINCHA,QUITO,QUITO,URBANA,2017-09-04,18:15:00,18,LUNES,1,SEPTIEMBRE,9,NO,"NO RESPETAR LAS SENIALES REGLAMENTARIAS DE TRANSITO. (PARE, CEDA EL PASO, LUZ ROJA DEL SEMAFORO, ETC).",CHOQUE LATERAL,BICICLETA,0,1,0,0,0,0,0,0,0,1,0,0,0,2,20,HOMBRE,ILESO,CONDUCTOR PRESENTE,NO,NO,0
6304,19449,19450,2017,1,0,-0.190514,-78.508914,PICHINCHA,QUITO,QUITO,URBANA,2017-09-04,22:20:00,22,LUNES,1,SEPTIEMBRE,9,NO,CONDUCIR VEHICULO SUPERANDO LOS LIMITES MAXIMOS DE VELOCIDAD.,PERDIDA DE PISTA,NO IDENTIFICADO,0,0,0,0,0,0,0,0,0,1,0,0,0,1,30,HOMBRE,LESIONADO,PASAJERO,NO,NO,0
6305,19450,19451,2017,1,0,-0.091585,-78.439052,PICHINCHA,QUITO,CALDERON (CARAPUNGO),RURAL,2017-09-04,22:30:00,22,LUNES,1,SEPTIEMBRE,9,NO,"PEATON TRANSITA BAJO INFLUENCIA DE ALCOHOL, SUSTANCIAS ESTUPEFACIENTES O PSICOTROPICAS Y/O MEDICAMENTOS.",ATROPELLOS,AUTOMOVIL,1,0,0,0,0,0,0,0,0,0,0,0,0,1,40,HOMBRE,LESIONADO,PEATON,NO,NO,3
6306,19466,19467,2017,0,0,-0.328479,-78.522294,PICHINCHA,QUITO,QUITO,URBANA,2017-09-05,03:00:00,3,MARTES,2,SEPTIEMBRE,9,NO,"CONDUCIR EN ESTADO DE SOMNOLENCIA O MALAS CONDICIONES FISICAS (SUENIO, CANSANCIO Y FATIGA).",PERDIDA DE PISTA,CAMION,0,0,0,1,0,0,0,0,0,0,0,0,0,1,56,HOMBRE,ILESO,CONDUCTOR PRESENTE,NO,NO,0
6307,19467,19468,2017,2,0,-0.373609,-78.489741,PICHINCHA,QUITO,AMAGUANIA,URBANA,2017-09-05,03:05:00,3,MARTES,2,SEPTIEMBRE,9,NO,"CONDUCIR DESATENTO A LAS CONDICIONES DE TRANSITO (CELULAR, PANTALLAS DE VIDEO, COMIDA, MAQUILLAJE O CUALQUIER OTRO ELEMENTO DISTRACTOR).",ESTRELLAMIENTOS,BUS,0,0,1,0,0,0,0,0,0,0,0,0,0,1,22,HOMBRE,LESIONADO,PASAJERO,NO,NO,0
6308,19468,19469,2017,0,0,-0.362816,-78.437873,PICHINCHA,RUMINIAHUI,SANGOLQUI,URBANA,2017-09-05,03:25:00,3,MARTES,2,SEPTIEMBRE,9,NO,CONDUCIR VEHICULO SUPERANDO LOS LIMITES MAXIMOS DE VELOCIDAD.,ESTRELLAMIENTOS,VEHICULO DEPORTIVO UTILITARIO,0,0,0,0,0,0,0,0,0,0,0,0,1,1,28,HOMBRE,ILESO,CONDUCTOR PRESENTE,NO,NO,0
6309,19469,19470,2017,0,0,-0.250501,-78.525277,PICHINCHA,QUITO,QUITO,URBANA,2017-09-05,05:45:00,5,MARTES,2,SEPTIEMBRE,9,NO,"NO RESPETAR LAS SENIALES REGLAMENTARIAS DE TRANSITO. (PARE, CEDA EL PASO, LUZ ROJA DEL SEMAFORO, ETC).",CHOQUE LATERAL,AUTOMOVIL,2,0,0,0,0,0,0,0,0,0,0,0,0,2,29,HOMBRE,ILESO,CONDUCTOR PRESENTE,NO,NO,0
6310,19470,19471,2017,0,0,-0.247683,-78.583241,PICHINCHA,QUITO,LLOA,RURAL,2017-09-05,06:55:00,6,MARTES,2,SEPTIEMBRE,9,NO,REALIZAR CAMBIO BRUSCO O INDEBIDO DE CARRIL.,CHOQUE FRONTAL,CAMION,1,0,0,1,0,0,0,0,0,0,0,0,0,2,29,HOMBRE,ILESO,CONDUCTOR PRESENTE,NO,NO,3
6311,19474,19475,2017,1,0,-0.300637,-78.453915,PICHINCHA,QUITO,ALANGASI,RURAL,2017-09-05,09:00:00,9,MARTES,2,SEPTIEMBRE,9,NO,REALIZAR CAMBIO BRUSCO O INDEBIDO DE CARRIL.,CHOQUE FRONTAL,AUTOMOVIL,2,0,0,0,0,0,0,0,0,0,0,0,1,3,67,MUJER,LESIONADO,PASAJERO,NO,NO,3
6312,19475,19476,2017,0,0,-0.292724,-78.476486,PICHINCHA,QUITO,CONOCOTO,RURAL,2017-09-05,09:10:00,9,MARTES,2,SEPTIEMBRE,9,NO,NO GUARDAR LA DISTANCIA LATERAL MINIMA DE SEGURIDAD ENTRE VEHICULOS.,ROZAMIENTOS,VEHICULO DEPORTIVO UTILITARIO,0,0,0,0,0,0,0,0,0,1,0,0,1,2,40,MUJER,ILESO,CONDUCTOR PRESENTE,NO,NO,3
6313,19477,19478,2017,1,1,-0.067964,-78.399418,PICHINCHA,QUITO,CALDERON (CARAPUNGO),RURAL,2017-09-05,09:42:00,9,MARTES,2,SEPTIEMBRE,9,NO,CONDUCIR VEHICULO SUPERANDO LOS LIMITES MAXIMOS DE VELOCIDAD.,VOLCAMIENTOS,CAMION,0,0,0,1,0,0,0,0,0,0,0,0,0,1,26,HOMBRE,FALLECIDO,PASAJERO,NO,NO,3
6314,19479,19480,2017,0,0,-0.187408,-78.487668,PICHINCHA,QUITO,QUITO,URBANA,2017-09-05,10:00:00,10,MARTES,2,SEPTIEMBRE,9,NO,"CONDUCIR DESATENTO A LAS CONDICIONES DE TRANSITO (CELULAR, PANTALLAS DE VIDEO, COMIDA, MAQUILLAJE O CUALQUIER OTRO ELEMENTO DISTRACTOR).",COLISION,CAMION,0,0,0,1,0,0,0,0,0,0,0,0,2,3,52,HOMBRE,ILESO,CONDUCTOR PRESENTE,NO,NO,0
6315,19481,19482,2017,0,0,-0.178603,-78.479667,PICHINCHA,QUITO,QUITO,URBANA,2017-09-05,10:25:00,10,MARTES,2,SEPTIEMBRE,9,NO,NO MANTENER LA DISTANCIA PRUDENCIAL CON RESPECTO AL VEHICULO QUE LE ANTECEDE.,CHOQUE POSTERIOR,MOTOCICLETA,0,0,0,0,1,0,0,0,1,0,0,0,0,2,29,HOMBRE,ILESO,CONDUCTOR PRESENTE,NO,NO,0
6316,19486,19487,2017,1,0,-0.274866,-78.536374,PICHINCHA,QUITO,QUITO,URBANA,2017-09-05,11:20:00,11,MARTES,2,SEPTIEMBRE,9,NO,NO CEDER EL DERECHO DE VIA O PREFERENCIA DE PASO A VEHICULOS.,CHOQUE LATERAL,MOTOCICLETA,0,1,0,0,0,0,0,0,1,0,0,0,0,2,7,HOMBRE,LESIONADO,PASAJERO,NO,NO,0
6317,19487,19488,2017,0,0,-0.175166,-78.487456,PICHINCHA,QUITO,QUITO,URBANA,2017-09-05,11:35:00,11,MARTES,2,SEPTIEMBRE,9,NO,NO GUARDAR LA DISTANCIA LATERAL MINIMA DE SEGURIDAD ENTRE VEHICULOS.,ROZAMIENTOS,VEHICULO DEPORTIVO UTILITARIO,0,0,0,0,0,0,0,0,1,0,0,0,1,2,27,HOMBRE,ILESO,CONDUCTOR PRESENTE,NO,NO,0
6318,19489,19490,2017,0,0,-0.298284,-78.480918,PICHINCHA,QUITO,CONOCOTO,RURAL,2017-09-05,11:45:00,11,MARTES,2,SEPTIEMBRE,9,NO,NO MANTENER LA DISTANCIA PRUDENCIAL CON RESPECTO AL VEHICULO QUE LE ANTECEDE.,CHOQUE POSTERIOR,AUTOMOVIL,1,0,1,0,0,0,0,0,0,0,0,0,0,2,55,HOMBRE,ILESO,CONDUCTOR PRESENTE,NO,NO,3
6319,19490,19491,2017,0,0,-0.094315,-78.443354,PICHINCHA,QUITO,CALDERON (CARAPUNGO),RURAL,2017-09-05,12:08:00,12,MARTES,2,SEPTIEMBRE,9,NO,NO MANTENER LA DISTANCIA PRUDENCIAL CON RESPECTO AL VEHICULO QUE LE ANTECEDE.,CHOQUE POSTERIOR,AUTOMOVIL,2,0,0,0,0,0,0,0,0,0,0,0,0,2,37,HOMBRE,ILESO,CONDUCTOR PRESENTE,NO,NO,3
6320,19492,19493,2017,0,0,-0.189886,-78.469921,PICHINCHA,QUITO,QUITO,RURAL,2017-09-05,13:14:00,13,MARTES,2,SEPTIEMBRE,9,NO,"NO RESPETAR LAS SENIALES REGLAMENTARIAS DE TRANSITO. (PARE, CEDA EL PASO, LUZ ROJA DEL SEMAFORO, ETC).",CHOQUE LATERAL,CAMIONETA,1,0,0,0,1,0,0,0,0,0,0,0,0,2,21,HOMBRE,ILESO,CONDUCTOR PRESENTE,NO,NO,3
6321,19493,19494,2017,2,0,-0.328021,-78.540467,PICHINCHA,QUITO,QUITO,URBANA,2017-09-05,13:15:00,13,MARTES,2,SEPTIEMBRE,9,NO,CONDUCIR VEHICULO SUPERANDO LOS LIMITES MAXIMOS DE VELOCIDAD.,PERDIDA DE PISTA,MOTOCICLETA,0,0,0,0,0,0,0,0,1,0,0,0,0,1,1,HOMBRE,LESIONADO,PASAJERO,NO,NO,0
6322,19496,19497,2017,0,0,-0.260063,-78.522912,PICHINCHA,QUITO,QUITO,URBANA,2017-09-05,15:21:00,15,MARTES,2,SEPTIEMBRE,9,NO,NO GUARDAR LA DISTANCIA LATERAL MINIMA DE SEGURIDAD ENTRE VEHICULOS.,ROZAMIENTOS,BUS,0,0,2,0,0,0,0,0,0,0,0,0,0,2,40,HOMBRE,ILESO,CONDUCTOR PRESENTE,NO,NO,0
6323,19498,19499,2017,1,0,-0.104185,-78.453523,PICHINCHA,QUITO,CALDERON (CARAPUNGO),RURAL,2017-09-05,16:10:00,16,MARTES,2,SEPTIEMBRE,9,NO,NO CEDER EL DERECHO DE VIA O PREFERENCIA DE PASO AL PEATON.,ATROPELLOS,BUS,0,0,1,0,0,0,0,0,0,0,0,0,0,1,6,HOMBRE,LESIONADO,CONDUCTOR PRESENTE,NO,NO,3
6324,19500,19501,2017,0,0,-0.086866,-78.289103,PICHINCHA,CAYAMBE,ASCAZUBI,RURAL,2017-09-05,17:10:00,17,MARTES,2,SEPTIEMBRE,9,NO,"NO RESPETAR LAS SENIALES REGLAMENTARIAS DE TRANSITO. (PARE, CEDA EL PASO, LUZ ROJA DEL SEMAFORO, ETC).",CHOQUE LATERAL,VEHICULO DEPORTIVO UTILITARIO,0,0,0,1,0,0,0,0,0,0,0,0,1,2,52,HOMBRE,ILESO,CONDUCTOR PRESENTE,NO,NO,3
6325,19501,19502,2017,0,0,-0.217348,-78.515111,PICHINCHA,QUITO,QUITO,URBANA,2017-09-05,17:50:00,17,MARTES,2,SEPTIEMBRE,9,NO,"NO RESPETAR LAS SENIALES REGLAMENTARIAS DE TRANSITO. (PARE, CEDA EL PASO, LUZ ROJA DEL SEMAFORO, ETC).",CHOQUE LATERAL,VEHICULO DEPORTIVO UTILITARIO,1,0,0,0,0,0,0,0,0,0,0,0,1,2,48,HOMBRE,ILESO,CONDUCTOR PRESENTE,NO,NO,0
6326,19504,19505,2017,0,0,-0.156691,-78.478755,PICHINCHA,QUITO,QUITO,URBANA,2017-09-05,18:40:00,18,MARTES,2,SEPTIEMBRE,9,NO,NO GUARDAR LA DISTANCIA LATERAL MINIMA DE SEGURIDAD ENTRE VEHICULOS.,ROZAMIENTOS,FURGONETA,1,0,0,0,0,0,0,1,0,0,0,0,0,2,26,HOMBRE,ILESO,CONDUCTOR PRESENTE,NO,NO,0
6327,19506,19507,2017,0,0,-0.246809,-78.533389,PICHINCHA,QUITO,QUITO,URBANA,2017-09-05,19:15:00,19,MARTES,2,SEPTIEMBRE,9,NO,"CONDUCE BAJO LA INFLUENCIA DE ALCOHOL, SUSTANCIAS ESTUPEFACIENTES O PSICOTROPICAS Y/O MEDICAMENTOS.",CHOQUE LATERAL,AUTOMOVIL,1,0,0,0,0,0,0,0,0,0,0,0,1,2,26,HOMBRE,ILESO,CONDUCTOR PRESENTE,NO,NO,0
6328,19509,19510,2017,0,0,-0.205687,-78.524696,PICHINCHA,QUITO,QUITO,URBANA,2017-09-05,19:40:00,19,MARTES,2,SEPTIEMBRE,9,NO,"CONDUCIR DESATENTO A LAS CONDICIONES DE TRANSITO (CELULAR, PANTALLAS DE VIDEO, COMIDA, MAQUILLAJE O CUALQUIER OTRO ELEMENTO DISTRACTOR).",ESTRELLAMIENTOS,AUTOMOVIL,1,0,0,0,0,0,0,0,0,0,0,0,0,1,-1,NO IDENTIFICADO,NO IDENTIFICADO,CONDUCTOR AUSENTE,NO,NO,2
6329,19511,19512,2017,1,0,-0.104823,-78.471028,PICHINCHA,QUITO,QUITO,URBANA,2017-09-05,20:25:00,20,MARTES,2,SEPTIEMBRE,9,NO,"CONDUCE BAJO LA INFLUENCIA DE ALCOHOL, SUSTANCIAS ESTUPEFACIENTES O PSICOTROPICAS Y/O MEDICAMENTOS.",PERDIDA DE PISTA,VEHICULO DEPORTIVO UTILITARIO,0,0,0,0,0,0,0,0,0,0,0,0,1,1,22,HOMBRE,LESIONADO,PASAJERO,NO,NO,0
6330,19512,19513,2017,4,0,-0.133554,-78.501956,PICHINCHA,QUITO,QUITO,URBANA,2017-09-05,21:15:00,21,MARTES,2,SEPTIEMBRE,9,NO,"CONDUCE BAJO LA INFLUENCIA DE ALCOHOL, SUSTANCIAS ESTUPEFACIENTES O PSICOTROPICAS Y/O MEDICAMENTOS.",ESTRELLAMIENTOS,AUTOMOVIL,1,0,0,0,0,0,0,0,0,0,0,0,0,1,41,HOMBRE,LESIONADO,CONDUCTOR PRESENTE,NO,NO,0
6331,19515,19516,2017,0,0,-0.213448,-78.502726,PICHINCHA,QUITO,QUITO,URBANA,2017-09-05,22:00:00,22,MARTES,2,SEPTIEMBRE,9,NO,"NO RESPETAR LAS SENIALES REGLAMENTARIAS DE TRANSITO. (PARE, CEDA EL PASO, LUZ ROJA DEL SEMAFORO, ETC).",CHOQUE LATERAL,AUTOMOVIL,1,0,0,0,1,0,0,0,0,0,0,0,0,2,20,HOMBRE,ILESO,CONDUCTOR PRESENTE,NO,NO,0
6332,19516,19517,2017,2,0,-0.091585,-78.439052,PICHINCHA,QUITO,CALDERON (CARAPUNGO),RURAL,2017-09-05,22:00:00,22,MARTES,2,SEPTIEMBRE,9,NO,NO TRANSITAR POR LAS ACERAS O ZONAS DE SEGURIDAD DESTINADAS PARA EL EFECTO.,ATROPELLOS,NO IDENTIFICADO,0,0,0,0,0,0,0,0,0,1,0,0,0,1,32,MUJER,LESIONADO,PEATON,NO,NO,3
6333,19517,19518,2017,0,0,-0.096232,-78.467523,PICHINCHA,QUITO,QUITO,URBANA,2017-09-05,22:50:00,22,MARTES,2,SEPTIEMBRE,9,NO,"CONDUCE BAJO LA INFLUENCIA DE ALCOHOL, SUSTANCIAS ESTUPEFACIENTES O PSICOTROPICAS Y/O MEDICAMENTOS.",CHOQUE POSTERIOR,AUTOMOVIL,1,0,0,0,0,0,0,0,0,0,0,0,1,2,31,HOMBRE,ILESO,CONDUCTOR PRESENTE,NO,NO,0
6334,19534,19535,2017,2,0,-0.175722,-78.485501,PICHINCHA,QUITO,QUITO,URBANA,2017-09-06,00:01:00,0,MIERCOLES,3,SEPTIEMBRE,9,NO,"CONDUCE BAJO LA INFLUENCIA DE ALCOHOL, SUSTANCIAS ESTUPEFACIENTES O PSICOTROPICAS Y/O MEDICAMENTOS.",CHOQUE LATERAL,AUTOMOVIL,1,0,0,0,1,0,0,0,0,0,0,0,0,2,33,HOMBRE,LESIONADO,PASAJERO,NO,NO,0
6335,19537,19538,2017,0,0,-0.095869,-78.452344,PICHINCHA,QUITO,CALDERON (CARAPUNGO),RURAL,2017-09-06,06:10:00,6,MIERCOLES,3,SEPTIEMBRE,9,NO,"NO RESPETAR LAS SENIALES REGLAMENTARIAS DE TRANSITO. (PARE, CEDA EL PASO, LUZ ROJA DEL SEMAFORO, ETC).",CHOQUE LATERAL,AUTOMOVIL,2,0,0,0,0,0,0,0,0,0,0,0,0,2,36,MUJER,ILESO,CONDUCTOR PRESENTE,NO,NO,3
6336,19538,19539,2017,2,0,-0.242475,-78.497488,PICHINCHA,QUITO,QUITO,URBANA,2017-09-06,06:30:00,6,MIERCOLES,3,SEPTIEMBRE,9,NO,CONDUCIR VEHICULO SUPERANDO LOS LIMITES MAXIMOS DE VELOCIDAD.,PERDIDA DE PISTA,ESPECIAL,0,0,0,0,0,0,1,0,0,0,0,0,0,1,19,MUJER,LESIONADO,PASAJERO,NO,NO,0
6337,19539,19540,2017,0,0,-0.304714,-78.416503,PICHINCHA,QUITO,ALANGASI,RURAL,2017-09-06,06:40:00,6,MIERCOLES,3,SEPTIEMBRE,9,NO,NO CEDER EL DERECHO DE VIA O PREFERENCIA DE PASO A VEHICULOS.,CHOQUE LATERAL,CAMIONETA,0,0,0,0,1,0,0,0,0,0,0,0,1,2,34,HOMBRE,ILESO,CONDUCTOR PRESENTE,NO,NO,3
6338,19540,19541,2017,1,0,-0.366313,-78.437403,PICHINCHA,RUMINIAHUI,SANGOLQUI,URBANA,2017-09-06,06:55:00,6,MIERCOLES,3,SEPTIEMBRE,9,NO,"CONDUCIR DESATENTO A LAS CONDICIONES DE TRANSITO (CELULAR, PANTALLAS DE VIDEO, COMIDA, MAQUILLAJE O CUALQUIER OTRO ELEMENTO DISTRACTOR).",ESTRELLAMIENTOS,AUTOMOVIL,2,0,0,0,0,0,0,0,0,0,0,0,0,2,50,MUJER,LESIONADO,CONDUCTOR PRESENTE,NO,NO,0
6339,19541,19542,2017,2,0,-0.308006,-78.559416,PICHINCHA,QUITO,QUITO,URBANA,2017-09-06,06:55:00,6,MIERCOLES,3,SEPTIEMBRE,9,NO,NO CEDER EL DERECHO DE VIA O PREFERENCIA DE PASO A VEHICULOS.,CHOQUE LATERAL,AUTOMOVIL,1,0,0,0,0,0,0,0,1,0,0,0,0,2,9,HOMBRE,LESIONADO,PASAJERO,NO,NO,0
6340,19543,19544,2017,0,0,-0.133554,-78.501956,PICHINCHA,QUITO,QUITO,URBANA,2017-09-06,07:46:00,7,MIERCOLES,3,SEPTIEMBRE,9,NO,NO GUARDAR LA DISTANCIA LATERAL MINIMA DE SEGURIDAD ENTRE VEHICULOS.,ROZAMIENTOS,AUTOMOVIL,1,0,0,0,0,0,0,0,0,0,0,0,1,2,23,HOMBRE,ILESO,CONDUCTOR PRESENTE,NO,NO,0
6341,19544,19545,2017,1,0,-0.165481,-78.323831,PICHINCHA,QUITO,YARUQUI,RURAL,2017-09-06,08:00:00,8,MIERCOLES,3,SEPTIEMBRE,9,NO,NO GUARDAR LA DISTANCIA LATERAL MINIMA DE SEGURIDAD ENTRE VEHICULOS.,CHOQUE LATERAL,MOTOCICLETA,0,0,0,0,0,0,0,0,1,1,0,0,0,2,25,HOMBRE,LESIONADO,CONDUCTOR PRESENTE,NO,NO,3
6342,19548,19549,2017,1,0,-0.204105,-78.490003,PICHINCHA,QUITO,QUITO,URBANA,2017-09-06,10:05:00,10,MIERCOLES,3,SEPTIEMBRE,9,NO,"NO RESPETAR LAS SENIALES REGLAMENTARIAS DE TRANSITO. (PARE, CEDA EL PASO, LUZ ROJA DEL SEMAFORO, ETC).",CHOQUE LATERAL,BUS,0,0,1,0,0,0,0,0,0,1,0,0,0,2,13,HOMBRE,LESIONADO,CONDUCTOR PRESENTE,NO,NO,0
6343,19551,19552,2017,1,0,-0.136812,-78.473598,PICHINCHA,QUITO,QUITO,URBANA,2017-09-06,10:35:00,10,MIERCOLES,3,SEPTIEMBRE,9,NO,NO CEDER EL DERECHO DE VIA O PREFERENCIA DE PASO AL PEATON.,ATROPELLOS,CAMIONETA,0,0,0,0,1,0,0,0,0,0,0,0,0,1,80,MUJER,LESIONADO,PEATON,NO,NO,0
6344,19555,19556,2017,1,0,-0.271358,-78.535029,PICHINCHA,QUITO,QUITO,URBANA,2017-09-06,11:15:00,11,MIERCOLES,3,SEPTIEMBRE,9,NO,NO CEDER EL DERECHO DE VIA O PREFERENCIA DE PASO AL PEATON.,ATROPELLOS,NO IDENTIFICADO,0,0,0,0,0,0,0,0,0,1,0,0,0,1,66,MUJER,LESIONADO,PEATON,NO,NO,0
6345,19556,19557,2017,0,0,-0.209306,-78.492372,PICHINCHA,QUITO,QUITO,URBANA,2017-09-06,11:55:00,11,MIERCOLES,3,SEPTIEMBRE,9,NO,"NO RESPETAR LAS SENIALES REGLAMENTARIAS DE TRANSITO. (PARE, CEDA EL PASO, LUZ ROJA DEL SEMAFORO, ETC).",CHOQUE LATERAL,AUTOMOVIL,1,0,0,0,1,0,0,0,0,0,0,0,0,2,60,HOMBRE,ILESO,CONDUCTOR PRESENTE,NO,NO,0
6346,19557,19558,2017,0,0,-0.099083,-78.421844,PICHINCHA,QUITO,CALDERON (CARAPUNGO),RURAL,2017-09-06,11:59:00,11,MIERCOLES,3,SEPTIEMBRE,9,NO,"CONDUCIR DESATENTO A LAS CONDICIONES DE TRANSITO (CELULAR, PANTALLAS DE VIDEO, COMIDA, MAQUILLAJE O CUALQUIER OTRO ELEMENTO DISTRACTOR).",CHOQUE POSTERIOR,AUTOMOVIL,1,0,0,0,1,0,0,0,0,0,0,0,0,2,25,HOMBRE,ILESO,CONDUCTOR PRESENTE,NO,NO,3
6347,19558,19559,2017,0,0,-0.283277,-78.543728,PICHINCHA,QUITO,QUITO,URBANA,2017-09-06,12:25:00,12,MIERCOLES,3,SEPTIEMBRE,9,NO,"NO RESPETAR LAS SENIALES REGLAMENTARIAS DE TRANSITO. (PARE, CEDA EL PASO, LUZ ROJA DEL SEMAFORO, ETC).",CHOQUE LATERAL,BUS,1,0,1,0,0,0,0,0,0,0,0,0,0,2,33,HOMBRE,ILESO,CONDUCTOR PRESENTE,NO,NO,0
6348,19559,19560,2017,0,0,-0.177422,-78.485943,PICHINCHA,QUITO,QUITO,URBANA,2017-09-06,12:30:00,12,MIERCOLES,3,SEPTIEMBRE,9,NO,"CONDUCIR DESATENTO A LAS CONDICIONES DE TRANSITO (CELULAR, PANTALLAS DE VIDEO, COMIDA, MAQUILLAJE O CUALQUIER OTRO ELEMENTO DISTRACTOR).",CHOQUE POSTERIOR,VEHICULO DEPORTIVO UTILITARIO,1,0,0,0,0,0,0,0,0,0,0,0,1,2,32,HOMBRE,ILESO,CONDUCTOR PRESENTE,NO,NO,0