,Unnamed: 0,ID,ANIO,LESIONADOS,FALLECIDOS,LATITUD_Y,LONGITUD_X,PROVINCIA,CANTON,PARROQUIA,ZONA,FECHA,HORA,PERIODO_2,DIA_1,DIA_2,MES_1,MES_2,FERIADO,CAUSA_PROBABLE,TIPO_DE_SINIESTRO,TIPO_DE_VEHICULO_1,AUTOMOVIL,BICICLETA,BUS,CAMION,CAMIONETA,EMERGENCIAS,ESPECIAL,FURGONETA,MOTOCICLETA,NO_IDENTIFICADO,SCOOTER_ELECTRICO,TRICIMOTO,VEHICULO_DEPORTIVO_UTILITARIO,SUMA_DE_VEHICULOS,EDAD_1,SEXO_1,CONDICION_1,PARTICIPANTE_1,CASCO_1,CINTURON_1,KMeans_Cluster
6349,19560,19561,2017,0,0,-0.176542,-78.481017,PICHINCHA,QUITO,QUITO,URBANA,2017-09-06,13:12:00,13,MIERCOLES,3,SEPTIEMBRE,9,NO,"NO RESPETAR LAS SENIALES REGLAMENTARIAS DE TRANSITO. (PARE, CEDA EL PASO, LUZ ROJA DEL SEMAFORO, ETC).",CHOQUE LATERAL,VEHICULO DEPORTIVO UTILITARIO,0,0,0,0,1,0,0,0,0,0,0,0,1,2,35,HOMBRE,ILESO,CONDUCTOR PRESENTE,NO,NO,0
6350,19562,19563,2017,1,0,-0.200481,-78.470028,PICHINCHA,QUITO,QUITO,URBANA,2017-09-06,14:20:00,14,MIERCOLES,3,SEPTIEMBRE,9,NO,BAJARSE O SUBIRSE DE VEHICULOS EN MOVIMIENTO SIN TOMAR LAS PRECAUCIONES DEBIDAS.,CAIDA DE PASAJERO,BUS,0,0,1,0,0,0,0,0,0,0,0,0,0,1,73,HOMBRE,LESIONADO,PASAJERO,NO,NO,0
6351,19563,19564,2017,0,1,-0.249961,-78.537201,PICHINCHA,QUITO,QUITO,URBANA,2017-09-06,14:38:00,14,MIERCOLES,3,SEPTIEMBRE,9,NO,"CASO FORTUITO O FUERZA MAYOR (EXPLOSION DE NEUMATICO NUEVO, DERRUMBE, INUNDACION, CAIDA DE PUENTE, ARBOL, PRESENCIA INTEMPESTIVA E IMPREVISTA DE SEMOVIENTES EN LA VIA, ETC.).",ATROPELLOS,BUS,0,0,1,0,0,0,0,0,0,0,0,0,0,1,49,HOMBRE,FALLECIDO,PEATON,NO,NO,0
6352,19564,19565,2017,0,0,-0.212909,-78.406352,PICHINCHA,QUITO,TUMBACO,URBANA,2017-09-06,14:40:00,14,MIERCOLES,3,SEPTIEMBRE,9,NO,NO GUARDAR LA DISTANCIA LATERAL MINIMA DE SEGURIDAD ENTRE VEHICULOS.,ROZAMIENTOS,VEHICULO DEPORTIVO UTILITARIO,1,0,0,0,0,0,0,0,0,0,0,0,1,2,22,HOMBRE,ILESO,CONDUCTOR PRESENTE,NO,NO,0
6353,19566,19567,2017,2,0,-0.256119,-78.544645,PICHINCHA,QUITO,QUITO,URBANA,2017-09-06,15:40:00,15,MIERCOLES,3,SEPTIEMBRE,9,NO,NO TRANSITAR POR LAS ACERAS O ZONAS DE SEGURIDAD DESTINADAS PARA EL EFECTO.,ATROPELLOS,AUTOMOVIL,1,0,0,0,0,0,0,0,0,0,0,0,0,1,4,HOMBRE,LESIONADO,PEATON,NO,NO,0
6354,19572,19573,2017,1,0,-0.105754,-78.503506,PICHINCHA,QUITO,QUITO,URBANA,2017-09-06,17:35:00,17,MIERCOLES,3,SEPTIEMBRE,9,NO,"NO RESPETAR LAS SENIALES REGLAMENTARIAS DE TRANSITO. (PARE, CEDA EL PASO, LUZ ROJA DEL SEMAFORO, ETC).",ATROPELLOS,FURGONETA,0,0,0,0,0,0,0,1,0,0,0,0,0,1,26,MUJER,LESIONADO,PEATON,NO,NO,0
6355,19574,19575,2017,0,0,-0.179915,-78.492833,PICHINCHA,QUITO,QUITO,URBANA,2017-09-06,18:30:00,18,MIERCOLES,3,SEPTIEMBRE,9,NO,"NO RESPETAR LAS SENIALES REGLAMENTARIAS DE TRANSITO. (PARE, CEDA EL PASO, LUZ ROJA DEL SEMAFORO, ETC).",CHOQUE LATERAL,MOTOCICLETA,0,0,0,0,0,0,0,0,1,1,0,0,0,2,29,HOMBRE,ILESO,CONDUCTOR PRESENTE,NO,NO,0
6356,19577,19578,2017,1,0,-0.300042,-78.560832,PICHINCHA,QUITO,QUITO,URBANA,2017-09-06,19:30:00,19,MIERCOLES,3,SEPTIEMBRE,9,NO,CONDUCIR VEHICULO SUPERANDO LOS LIMITES MAXIMOS DE VELOCIDAD.,PERDIDA DE PISTA,MOTOCICLETA,0,0,0,0,0,0,0,0,1,0,0,0,0,1,10,MUJER,LESIONADO,PASAJERO,NO,NO,0
6357,19580,19581,2017,0,0,-0.084083,-78.435472,PICHINCHA,QUITO,CALDERON (CARAPUNGO),RURAL,2017-09-06,20:18:00,20,MIERCOLES,3,SEPTIEMBRE,9,NO,CONDUCIR VEHICULO SUPERANDO LOS LIMITES MAXIMOS DE VELOCIDAD.,PERDIDA DE PISTA,AUTOMOVIL,1,0,0,0,0,0,0,0,0,0,0,0,0,1,-1,NO IDENTIFICADO,NO IDENTIFICADO,CONDUCTOR AUSENTE,NO,NO,2
6358,19583,19584,2017,0,0,-0.204159,-78.445392,PICHINCHA,QUITO,CUMBAYA,RURAL,2017-09-06,23:35:00,23,MIERCOLES,3,SEPTIEMBRE,9,NO,"CONDUCIR EN ESTADO DE SOMNOLENCIA O MALAS CONDICIONES FISICAS (SUENIO, CANSANCIO Y FATIGA).",ESTRELLAMIENTOS,AUTOMOVIL,1,0,0,0,0,0,0,0,0,0,0,0,0,1,-1,NO IDENTIFICADO,NO IDENTIFICADO,CONDUCTOR AUSENTE,NO,NO,2
6359,19606,19607,2017,0,1,-0.258972,-78.529889,PICHINCHA,QUITO,QUITO,URBANA,2017-09-07,00:35:00,0,JUEVES,4,SEPTIEMBRE,9,NO,"CONDUCE BAJO LA INFLUENCIA DE ALCOHOL, SUSTANCIAS ESTUPEFACIENTES O PSICOTROPICAS Y/O MEDICAMENTOS.",PERDIDA DE PISTA,MOTOCICLETA,0,0,0,0,0,0,0,0,1,0,0,0,0,1,30,MUJER,FALLECIDO,PASAJERO,NO,NO,0
6360,19613,19614,2017,0,1,-0.260594,-78.295045,PICHINCHA,QUITO,PIFO,RURAL,2017-09-07,06:00:00,6,JUEVES,4,SEPTIEMBRE,9,NO,"FALLA MECANICA EN LOS SISTEMAS Y/O NEUMATICOS (SISTEMA DE FRENOS, DIRECCION, ELECTRONICO O MECANICO).",VOLCAMIENTOS,CAMION,0,0,0,1,0,0,0,0,0,0,0,0,0,1,52,HOMBRE,FALLECIDO,CONDUCTOR PRESENTE,NO,NO,3
6361,19614,19615,2017,1,0,-0.141244,-78.481941,PICHINCHA,QUITO,QUITO,URBANA,2017-09-07,06:50:00,6,JUEVES,4,SEPTIEMBRE,9,NO,"NO RESPETAR LAS SENIALES REGLAMENTARIAS DE TRANSITO. (PARE, CEDA EL PASO, LUZ ROJA DEL SEMAFORO, ETC).",CHOQUE LATERAL,MOTOCICLETA,0,0,0,0,0,0,0,1,1,0,0,0,0,2,28,HOMBRE,LESIONADO,CONDUCTOR PRESENTE,NO,NO,0
6362,19615,19616,2017,0,0,-0.105384,-78.497732,PICHINCHA,QUITO,QUITO,URBANA,2017-09-07,07:15:00,7,JUEVES,4,SEPTIEMBRE,9,NO,"CONDUCIR DESATENTO A LAS CONDICIONES DE TRANSITO (CELULAR, PANTALLAS DE VIDEO, COMIDA, MAQUILLAJE O CUALQUIER OTRO ELEMENTO DISTRACTOR).",CHOQUE POSTERIOR,AUTOMOVIL,1,0,0,0,0,0,0,0,1,0,0,0,0,2,31,HOMBRE,ILESO,CONDUCTOR PRESENTE,NO,NO,0
6363,19616,19617,2017,2,0,-0.294427,-78.476892,PICHINCHA,QUITO,CONOCOTO,RURAL,2017-09-07,07:20:00,7,JUEVES,4,SEPTIEMBRE,9,NO,CONDUCIR VEHICULO SUPERANDO LOS LIMITES MAXIMOS DE VELOCIDAD.,CHOQUE LATERAL,AUTOMOVIL,1,0,0,0,0,0,0,1,0,0,0,0,0,2,26,HOMBRE,LESIONADO,CONDUCTOR PRESENTE,NO,NO,3
6364,19617,19618,2017,1,0,-0.063521,-78.368754,PICHINCHA,QUITO,GUAYLLABAMBA,URBANA,2017-09-07,07:30:00,7,JUEVES,4,SEPTIEMBRE,9,NO,"NO RESPETAR LAS SENIALES REGLAMENTARIAS DE TRANSITO. (PARE, CEDA EL PASO, LUZ ROJA DEL SEMAFORO, ETC).",CHOQUE LATERAL,CAMION,0,0,0,2,0,0,0,0,0,0,0,0,0,2,30,MUJER,LESIONADO,PASAJERO,NO,NO,0
6365,19618,19619,2017,0,0,-0.168849,-78.486406,PICHINCHA,QUITO,QUITO,URBANA,2017-09-07,07:30:00,7,JUEVES,4,SEPTIEMBRE,9,NO,REALIZAR CAMBIO BRUSCO O INDEBIDO DE CARRIL.,ESTRELLAMIENTOS,AUTOMOVIL,1,0,0,0,0,0,0,0,0,1,0,0,0,2,44,MUJER,ILESO,CONDUCTOR PRESENTE,NO,NO,0
6366,19620,19621,2017,0,0,-0.150077,-78.474638,PICHINCHA,QUITO,QUITO,URBANA,2017-09-07,08:00:00,8,JUEVES,4,SEPTIEMBRE,9,NO,"NO RESPETAR LAS SENIALES REGLAMENTARIAS DE TRANSITO. (PARE, CEDA EL PASO, LUZ ROJA DEL SEMAFORO, ETC).",CHOQUE LATERAL,MOTOCICLETA,0,0,0,0,0,0,0,0,1,1,0,0,0,2,24,HOMBRE,ILESO,CONDUCTOR PRESENTE,NO,NO,0
6367,19622,19623,2017,0,0,-0.098885,-78.470687,PICHINCHA,QUITO,QUITO,RURAL,2017-09-07,08:07:00,8,JUEVES,4,SEPTIEMBRE,9,NO,CONDUCIR VEHICULO SUPERANDO LOS LIMITES MAXIMOS DE VELOCIDAD.,COLISION,AUTOMOVIL,2,0,0,0,0,0,0,1,0,0,0,0,0,3,21,HOMBRE,ILESO,CONDUCTOR PRESENTE,NO,NO,3
6368,19623,19624,2017,1,0,-0.135719,-78.482163,PICHINCHA,QUITO,QUITO,URBANA,2017-09-07,08:15:00,8,JUEVES,4,SEPTIEMBRE,9,NO,NO TRANSITAR POR LAS ACERAS O ZONAS DE SEGURIDAD DESTINADAS PARA EL EFECTO.,ATROPELLOS,NO IDENTIFICADO,0,0,0,0,0,0,0,0,0,1,0,0,0,1,37,MUJER,LESIONADO,PEATON,NO,NO,0
6369,19625,19626,2017,0,0,-0.110925,-78.481241,PICHINCHA,QUITO,QUITO,URBANA,2017-09-07,09:25:00,9,JUEVES,4,SEPTIEMBRE,9,NO,REALIZAR CAMBIO BRUSCO O INDEBIDO DE CARRIL.,ESTRELLAMIENTOS,AUTOMOVIL,1,0,0,0,0,0,0,0,0,0,0,0,0,1,-1,NO IDENTIFICADO,NO IDENTIFICADO,CONDUCTOR AUSENTE,NO,NO,2
6370,19626,19627,2017,2,0,-0.242071,-78.521024,PICHINCHA,QUITO,QUITO,URBANA,2017-09-07,09:30:00,9,JUEVES,4,SEPTIEMBRE,9,NO,"NO RESPETAR LAS SENIALES REGLAMENTARIAS DE TRANSITO. (PARE, CEDA EL PASO, LUZ ROJA DEL SEMAFORO, ETC).",CHOQUE LATERAL,AUTOMOVIL,1,0,0,0,0,0,0,0,0,1,0,0,0,2,46,HOMBRE,LESIONADO,CONDUCTOR PRESENTE,NO,NO,0
6371,19628,19629,2017,1,0,-0.167082,-78.489473,PICHINCHA,QUITO,QUITO,URBANA,2017-09-07,09:37:00,9,JUEVES,4,SEPTIEMBRE,9,NO,NO CEDER EL DERECHO DE VIA O PREFERENCIA DE PASO AL PEATON.,ATROPELLOS,NO IDENTIFICADO,0,0,0,0,0,0,0,0,0,1,0,0,0,1,61,HOMBRE,LESIONADO,PEATON,NO,NO,0
6372,19629,19630,2017,0,0,-0.196123,-78.495036,PICHINCHA,QUITO,QUITO,URBANA,2017-09-07,10:00:00,10,JUEVES,4,SEPTIEMBRE,9,NO,"NO RESPETAR LAS SENIALES REGLAMENTARIAS DE TRANSITO. (PARE, CEDA EL PASO, LUZ ROJA DEL SEMAFORO, ETC).",CHOQUE LATERAL,AUTOMOVIL,2,0,0,0,0,0,0,0,0,0,0,0,0,2,25,HOMBRE,ILESO,CONDUCTOR PRESENTE,NO,NO,0
6373,19630,19631,2017,0,0,-0.187413,-78.487583,PICHINCHA,QUITO,QUITO,URBANA,2017-09-07,11:25:00,11,JUEVES,4,SEPTIEMBRE,9,NO,"NO RESPETAR LAS SENIALES REGLAMENTARIAS DE TRANSITO. (PARE, CEDA EL PASO, LUZ ROJA DEL SEMAFORO, ETC).",CHOQUE LATERAL,AUTOMOVIL,2,0,0,0,0,0,0,0,0,0,0,0,0,2,41,HOMBRE,ILESO,CONDUCTOR PRESENTE,NO,NO,0
6374,19633,19634,2017,2,0,0.041014,-78.244246,PICHINCHA,PEDRO MONCAYO,LA ESPERANZA (PEDRO MONCAYO),URBANA,2017-09-07,12:00:00,12,JUEVES,4,SEPTIEMBRE,9,NO,NO MANTENER LA DISTANCIA PRUDENCIAL CON RESPECTO AL VEHICULO QUE LE ANTECEDE.,CHOQUE POSTERIOR,VEHICULO DEPORTIVO UTILITARIO,1,0,0,0,0,0,0,0,0,0,0,0,1,2,0,NO IDENTIFICADO,LESIONADO,PEATON,NO,NO,0
6375,19634,19635,2017,0,0,-0.186376,-78.495734,PICHINCHA,QUITO,QUITO,URBANA,2017-09-07,12:05:00,12,JUEVES,4,SEPTIEMBRE,9,NO,"NO RESPETAR LAS SENIALES REGLAMENTARIAS DE TRANSITO. (PARE, CEDA EL PASO, LUZ ROJA DEL SEMAFORO, ETC).",CHOQUE LATERAL,AUTOMOVIL,2,0,0,0,0,0,0,0,0,0,0,0,0,2,33,HOMBRE,ILESO,CONDUCTOR PRESENTE,NO,NO,0
6376,19636,19637,2017,1,0,-0.092378,-78.499123,PICHINCHA,QUITO,QUITO,URBANA,2017-09-07,13:00:00,13,JUEVES,4,SEPTIEMBRE,9,NO,NO CEDER EL DERECHO DE VIA O PREFERENCIA DE PASO AL PEATON.,ATROPELLOS,AUTOMOVIL,1,0,0,0,0,0,0,0,0,0,0,0,0,1,10,HOMBRE,LESIONADO,PEATON,NO,NO,0
6377,19642,19643,2017,1,0,-0.241598,-78.532357,PICHINCHA,QUITO,QUITO,URBANA,2017-09-07,15:48:00,15,JUEVES,4,SEPTIEMBRE,9,NO,CONDUCIR VEHICULO SUPERANDO LOS LIMITES MAXIMOS DE VELOCIDAD.,CAIDA DE PASAJERO,BUS,0,0,1,0,0,0,0,0,0,0,0,0,0,1,7,MUJER,LESIONADO,PASAJERO,NO,NO,0
6378,19643,19644,2017,0,0,-0.238213,-78.464807,PICHINCHA,QUITO,QUITO,URBANA,2017-09-07,16:10:00,16,JUEVES,4,SEPTIEMBRE,9,NO,NO CEDER EL DERECHO DE VIA O PREFERENCIA DE PASO A VEHICULOS.,CHOQUE LATERAL,ESPECIAL,1,0,0,0,0,0,1,0,0,0,0,0,0,2,30,HOMBRE,ILESO,CONDUCTOR PRESENTE,NO,NO,0
6379,19644,19645,2017,1,0,-0.146514,-78.464571,PICHINCHA,QUITO,QUITO,URBANA,2017-09-07,16:20:00,16,JUEVES,4,SEPTIEMBRE,9,NO,NO CEDER EL DERECHO DE VIA O PREFERENCIA DE PASO AL PEATON.,ATROPELLOS,NO IDENTIFICADO,0,0,0,0,0,0,0,0,0,1,0,0,0,1,8,HOMBRE,LESIONADO,PEATON,NO,NO,0
6380,19646,19647,2017,1,0,-0.289305,-78.538485,PICHINCHA,QUITO,QUITO,URBANA,2017-09-07,17:20:00,17,JUEVES,4,SEPTIEMBRE,9,NO,NO CEDER EL DERECHO DE VIA O PREFERENCIA DE PASO AL PEATON.,ATROPELLOS,NO IDENTIFICADO,0,0,0,0,0,0,0,0,0,1,0,0,0,1,23,HOMBRE,LESIONADO,PEATON,NO,NO,0
6381,19648,19649,2017,0,0,-0.067662,-78.433364,PICHINCHA,QUITO,CALDERON (CARAPUNGO),RURAL,2017-09-07,17:30:00,17,JUEVES,4,SEPTIEMBRE,9,NO,"CONDUCE BAJO LA INFLUENCIA DE ALCOHOL, SUSTANCIAS ESTUPEFACIENTES O PSICOTROPICAS Y/O MEDICAMENTOS.",CHOQUE FRONTAL,AUTOMOVIL,2,0,0,0,0,0,0,0,0,0,0,0,0,2,37,HOMBRE,ILESO,CONDUCTOR PRESENTE,NO,NO,3
6382,19650,19651,2017,0,1,-0.277641,-78.554805,PICHINCHA,QUITO,QUITO,URBANA,2017-09-07,18:25:00,18,JUEVES,4,SEPTIEMBRE,9,NO,NO CEDER EL DERECHO DE VIA O PREFERENCIA DE PASO AL PEATON.,ATROPELLOS,CAMIONETA,0,0,0,0,1,0,0,0,0,0,0,0,0,1,89,MUJER,FALLECIDO,PEATON,NO,NO,0
6383,19656,19657,2017,1,0,-0.227116,-78.506847,PICHINCHA,QUITO,QUITO,URBANA,2017-09-07,19:40:00,19,JUEVES,4,SEPTIEMBRE,9,NO,NO CEDER EL DERECHO DE VIA O PREFERENCIA DE PASO AL PEATON.,ATROPELLOS,BUS,0,0,1,0,0,0,0,0,0,0,0,0,0,1,25,MUJER,LESIONADO,PEATON,NO,NO,0
6384,19657,19658,2017,0,0,-0.332815,-78.550344,PICHINCHA,QUITO,QUITO,URBANA,2017-09-07,20:15:00,20,JUEVES,4,SEPTIEMBRE,9,NO,"CONDUCE BAJO LA INFLUENCIA DE ALCOHOL, SUSTANCIAS ESTUPEFACIENTES O PSICOTROPICAS Y/O MEDICAMENTOS.",COLISION,CAMIONETA,2,0,0,0,1,0,0,0,0,0,0,0,0,3,28,HOMBRE,ILESO,CONDUCTOR PRESENTE,NO,NO,0
6385,19661,19662,2017,0,0,-0.207453,-78.501301,PICHINCHA,QUITO,QUITO,URBANA,2017-09-07,21:44:00,21,JUEVES,4,SEPTIEMBRE,9,NO,"NO RESPETAR LAS SENIALES REGLAMENTARIAS DE TRANSITO. (PARE, CEDA EL PASO, LUZ ROJA DEL SEMAFORO, ETC).",CHOQUE LATERAL,AUTOMOVIL,2,0,0,0,0,0,0,0,0,0,0,0,0,2,26,HOMBRE,ILESO,CONDUCTOR PRESENTE,NO,NO,0
6386,19663,19664,2017,0,0,-0.100436,-78.517799,PICHINCHA,QUITO,QUITO,URBANA,2017-09-07,22:00:00,22,JUEVES,4,SEPTIEMBRE,9,NO,"CONDUCIR DESATENTO A LAS CONDICIONES DE TRANSITO (CELULAR, PANTALLAS DE VIDEO, COMIDA, MAQUILLAJE O CUALQUIER OTRO ELEMENTO DISTRACTOR).",ESTRELLAMIENTOS,AUTOMOVIL,1,0,0,0,0,0,0,0,0,0,0,0,0,1,-1,NO IDENTIFICADO,NO IDENTIFICADO,CONDUCTOR AUSENTE,NO,NO,2
6387,19683,19684,2017,0,0,-0.246169,-78.513432,PICHINCHA,QUITO,QUITO,URBANA,2017-09-08,00:40:00,0,VIERNES,5,SEPTIEMBRE,9,NO,"CONDUCIR EN ESTADO DE SOMNOLENCIA O MALAS CONDICIONES FISICAS (SUENIO, CANSANCIO Y FATIGA).",ESTRELLAMIENTOS,NO IDENTIFICADO,0,0,0,0,0,0,0,0,0,1,0,0,0,1,-1,NO IDENTIFICADO,NO IDENTIFICADO,CONDUCTOR AUSENTE,NO,NO,2
6388,19684,19685,2017,2,0,-0.196249,-78.500871,PICHINCHA,QUITO,QUITO,URBANA,2017-09-08,00:50:00,0,VIERNES,5,SEPTIEMBRE,9,NO,"CONDUCE BAJO LA INFLUENCIA DE ALCOHOL, SUSTANCIAS ESTUPEFACIENTES O PSICOTROPICAS Y/O MEDICAMENTOS.",CHOQUE LATERAL,AUTOMOVIL,2,0,0,0,0,0,0,0,0,0,0,0,0,2,19,HOMBRE,LESIONADO,CONDUCTOR PRESENTE,NO,NO,0
6389,19685,19686,2017,0,0,-0.497571,-78.571971,PICHINCHA,MEJIA,ALOAG,RURAL,2017-09-08,01:00:00,1,VIERNES,5,SEPTIEMBRE,9,NO,"NO RESPETAR LAS SENIALES REGLAMENTARIAS DE TRANSITO. (PARE, CEDA EL PASO, LUZ ROJA DEL SEMAFORO, ETC).",CHOQUE LATERAL,CAMION,0,0,0,2,0,0,0,0,0,0,0,0,0,2,29,HOMBRE,ILESO,CONDUCTOR PRESENTE,NO,NO,3
6390,19686,19687,2017,0,0,-0.205822,-78.494909,PICHINCHA,QUITO,QUITO,URBANA,2017-09-08,01:20:00,1,VIERNES,5,SEPTIEMBRE,9,NO,"CONDUCIR EN ESTADO DE SOMNOLENCIA O MALAS CONDICIONES FISICAS (SUENIO, CANSANCIO Y FATIGA).",ESTRELLAMIENTOS,AUTOMOVIL,1,0,0,0,0,0,0,0,0,0,0,0,0,1,54,HOMBRE,ILESO,CONDUCTOR PRESENTE,NO,NO,0
6391,19688,19689,2017,0,0,-0.206438,-78.370261,PICHINCHA,QUITO,PUEMBO,RURAL,2017-09-08,01:35:00,1,VIERNES,5,SEPTIEMBRE,9,NO,NO GUARDAR LA DISTANCIA LATERAL MINIMA DE SEGURIDAD ENTRE VEHICULOS.,ROZAMIENTOS,AUTOMOVIL,1,0,0,0,0,0,0,0,0,1,0,0,0,2,36,HOMBRE,ILESO,CONDUCTOR PRESENTE,NO,NO,3
6392,19689,19690,2017,0,0,-0.199978,-78.485104,PICHINCHA,QUITO,QUITO,URBANA,2017-09-08,02:50:00,2,VIERNES,5,SEPTIEMBRE,9,NO,"CONDUCIR EN ESTADO DE SOMNOLENCIA O MALAS CONDICIONES FISICAS (SUENIO, CANSANCIO Y FATIGA).",PERDIDA DE PISTA,VEHICULO DEPORTIVO UTILITARIO,0,0,0,0,0,0,0,0,0,0,0,0,1,1,-1,NO IDENTIFICADO,NO IDENTIFICADO,CONDUCTOR AUSENTE,NO,NO,2
6393,19691,19692,2017,0,0,-0.181537,-78.481949,PICHINCHA,QUITO,QUITO,URBANA,2017-09-08,04:05:00,4,VIERNES,5,SEPTIEMBRE,9,NO,"CONDUCIR EN ESTADO DE SOMNOLENCIA O MALAS CONDICIONES FISICAS (SUENIO, CANSANCIO Y FATIGA).",ESTRELLAMIENTOS,VEHICULO DEPORTIVO UTILITARIO,0,0,0,0,0,0,0,0,0,0,0,0,1,1,-1,NO IDENTIFICADO,NO IDENTIFICADO,CONDUCTOR AUSENTE,NO,NO,2
6394,19692,19693,2017,0,0,-0.289258,-78.538371,PICHINCHA,QUITO,QUITO,URBANA,2017-09-08,04:05:00,4,VIERNES,5,SEPTIEMBRE,9,NO,"CONDUCIR EN ESTADO DE SOMNOLENCIA O MALAS CONDICIONES FISICAS (SUENIO, CANSANCIO Y FATIGA).",PERDIDA DE PISTA,AUTOMOVIL,1,0,0,0,0,0,0,0,0,0,0,0,0,1,-1,NO IDENTIFICADO,NO IDENTIFICADO,CONDUCTOR AUSENTE,NO,NO,2
6395,19693,19694,2017,0,0,-0.146771,-78.498904,PICHINCHA,QUITO,QUITO,URBANA,2017-09-08,04:30:00,4,VIERNES,5,SEPTIEMBRE,9,NO,"CONDUCIR EN ESTADO DE SOMNOLENCIA O MALAS CONDICIONES FISICAS (SUENIO, CANSANCIO Y FATIGA).",ESTRELLAMIENTOS,AUTOMOVIL,1,0,0,0,0,0,0,0,0,0,0,0,0,1,-1,NO IDENTIFICADO,NO IDENTIFICADO,CONDUCTOR AUSENTE,NO,NO,2
6396,19696,19697,2017,1,0,-0.253756,-78.534327,PICHINCHA,QUITO,QUITO,URBANA,2017-09-08,06:30:00,6,VIERNES,5,SEPTIEMBRE,9,NO,NO CEDER EL DERECHO DE VIA O PREFERENCIA DE PASO AL PEATON.,ATROPELLOS,NO IDENTIFICADO,0,0,0,0,0,0,0,0,0,1,0,0,0,1,41,MUJER,LESIONADO,PEATON,NO,NO,0
6397,19697,19698,2017,0,0,-0.206202,-78.500814,PICHINCHA,QUITO,QUITO,URBANA,2017-09-08,06:35:00,6,VIERNES,5,SEPTIEMBRE,9,NO,"NO RESPETAR LAS SENIALES REGLAMENTARIAS DE TRANSITO. (PARE, CEDA EL PASO, LUZ ROJA DEL SEMAFORO, ETC).",CHOQUE LATERAL,AUTOMOVIL,2,0,0,0,0,0,0,0,0,0,0,0,0,2,38,MUJER,ILESO,CONDUCTOR PRESENTE,NO,NO,0
6398,19699,19700,2017,1,0,-0.127286,-78.498454,PICHINCHA,QUITO,QUITO,URBANA,2017-09-08,07:35:00,7,VIERNES,5,SEPTIEMBRE,9,NO,NO TRANSITAR POR LAS ACERAS O ZONAS DE SEGURIDAD DESTINADAS PARA EL EFECTO.,ATROPELLOS,AUTOMOVIL,1,0,0,0,0,0,0,0,0,0,0,0,0,1,52,MUJER,LESIONADO,PEATON,NO,NO,0
6399,19700,19701,2017,0,0,-0.184352,-78.480789,PICHINCHA,QUITO,QUITO,URBANA,2017-09-08,07:58:00,7,VIERNES,5,SEPTIEMBRE,9,NO,"NO RESPETAR LAS SENIALES REGLAMENTARIAS DE TRANSITO. (PARE, CEDA EL PASO, LUZ ROJA DEL SEMAFORO, ETC).",CHOQUE LATERAL,VEHICULO DEPORTIVO UTILITARIO,0,0,0,0,0,0,0,0,0,0,0,0,2,2,30,HOMBRE,ILESO,CONDUCTOR PRESENTE,NO,NO,0
6400,19704,19705,2017,1,0,-0.291871,-78.558463,PICHINCHA,QUITO,QUITO,URBANA,2017-09-08,08:50:00,8,VIERNES,5,SEPTIEMBRE,9,NO,NO CEDER EL DERECHO DE VIA O PREFERENCIA DE PASO AL PEATON.,ATROPELLOS,NO IDENTIFICADO,0,0,0,0,0,0,0,0,0,1,0,0,0,1,19,HOMBRE,LESIONADO,PEATON,NO,NO,0
6401,19705,19706,2017,1,0,-0.252561,-78.523092,PICHINCHA,QUITO,QUITO,URBANA,2017-09-08,10:25:00,10,VIERNES,5,SEPTIEMBRE,9,NO,NO CEDER EL DERECHO DE VIA O PREFERENCIA DE PASO AL PEATON.,ATROPELLOS,BUS,0,0,1,0,0,0,0,0,0,0,0,0,0,1,89,HOMBRE,LESIONADO,PEATON,NO,NO,0
6402,19706,19707,2017,2,0,-0.273707,-78.537301,PICHINCHA,QUITO,QUITO,URBANA,2017-09-08,11:40:00,11,VIERNES,5,SEPTIEMBRE,9,NO,"CONDUCE BAJO LA INFLUENCIA DE ALCOHOL, SUSTANCIAS ESTUPEFACIENTES O PSICOTROPICAS Y/O MEDICAMENTOS.",ATROPELLOS,MOTOCICLETA,0,0,0,0,0,0,0,0,1,0,0,0,0,1,21,HOMBRE,LESIONADO,CONDUCTOR PRESENTE,NO,NO,0
6403,19708,19709,2017,0,0,-0.199767,-78.428809,PICHINCHA,QUITO,CUMBAYA,RURAL,2017-09-08,12:40:00,12,VIERNES,5,SEPTIEMBRE,9,NO,NO GUARDAR LA DISTANCIA LATERAL MINIMA DE SEGURIDAD ENTRE VEHICULOS.,ROZAMIENTOS,BUS,0,0,1,0,0,0,0,0,0,0,0,0,1,2,34,HOMBRE,ILESO,CONDUCTOR PRESENTE,NO,NO,3
6404,19709,19710,2017,1,0,-0.282896,-78.544207,PICHINCHA,QUITO,QUITO,URBANA,2017-09-08,13:01:00,13,VIERNES,5,SEPTIEMBRE,9,NO,NO CEDER EL DERECHO DE VIA O PREFERENCIA DE PASO AL PEATON.,ATROPELLOS,NO IDENTIFICADO,0,0,0,0,0,0,0,0,0,1,0,0,0,1,64,MUJER,LESIONADO,PEATON,NO,NO,0
6405,19710,19711,2017,0,0,-0.161461,-78.487356,PICHINCHA,QUITO,QUITO,URBANA,2017-09-08,13:20:00,13,VIERNES,5,SEPTIEMBRE,9,NO,"NO RESPETAR LAS SENIALES REGLAMENTARIAS DE TRANSITO. (PARE, CEDA EL PASO, LUZ ROJA DEL SEMAFORO, ETC).",CHOQUE LATERAL,AUTOMOVIL,1,0,1,0,0,0,0,0,0,0,0,0,0,2,67,HOMBRE,ILESO,CONDUCTOR PRESENTE,NO,NO,0
6406,19711,19712,2017,1,0,-0.199767,-78.428809,PICHINCHA,QUITO,CUMBAYA,RURAL,2017-09-08,14:00:00,14,VIERNES,5,SEPTIEMBRE,9,NO,NO CEDER EL DERECHO DE VIA O PREFERENCIA DE PASO A VEHICULOS.,CHOQUE LATERAL,MOTOCICLETA,0,0,0,0,0,0,0,0,1,1,0,0,0,2,34,HOMBRE,LESIONADO,CONDUCTOR PRESENTE,NO,NO,3