,Unnamed: 0,ID,ANIO,LESIONADOS,FALLECIDOS,LATITUD_Y,LONGITUD_X,PROVINCIA,CANTON,PARROQUIA,ZONA,FECHA,HORA,PERIODO_2,DIA_1,DIA_2,MES_1,MES_2,FERIADO,CAUSA_PROBABLE,TIPO_DE_SINIESTRO,TIPO_DE_VEHICULO_1,AUTOMOVIL,BICICLETA,BUS,CAMION,CAMIONETA,EMERGENCIAS,ESPECIAL,FURGONETA,MOTOCICLETA,NO_IDENTIFICADO,SCOOTER_ELECTRICO,TRICIMOTO,VEHICULO_DEPORTIVO_UTILITARIO,SUMA_DE_VEHICULOS,EDAD_1,SEXO_1,CONDICION_1,PARTICIPANTE_1,CASCO_1,CINTURON_1,KMeans_Cluster
6407,19712,19713,2017,0,0,-0.140051,-78.475891,PICHINCHA,QUITO,QUITO,URBANA,2017-09-08,14:30:00,14,VIERNES,5,SEPTIEMBRE,9,NO,REALIZAR CAMBIO BRUSCO O INDEBIDO DE CARRIL.,ESTRELLAMIENTOS,VEHICULO DEPORTIVO UTILITARIO,0,0,0,0,0,0,0,0,0,1,0,0,1,2,67,HOMBRE,ILESO,CONDUCTOR PRESENTE,NO,NO,0
6408,19713,19714,2017,0,0,-0.182196,-78.490084,PICHINCHA,QUITO,QUITO,URBANA,2017-09-08,14:30:00,14,VIERNES,5,SEPTIEMBRE,9,NO,NO MANTENER LA DISTANCIA PRUDENCIAL CON RESPECTO AL VEHICULO QUE LE ANTECEDE.,CHOQUE POSTERIOR,VEHICULO DEPORTIVO UTILITARIO,0,0,0,0,0,0,0,0,0,1,0,0,1,2,29,HOMBRE,ILESO,CONDUCTOR PRESENTE,NO,NO,0
6409,19715,19716,2017,1,0,-0.261054,-78.545404,PICHINCHA,QUITO,QUITO,URBANA,2017-09-08,15:05:00,15,VIERNES,5,SEPTIEMBRE,9,NO,NO CEDER EL DERECHO DE VIA O PREFERENCIA DE PASO AL PEATON.,ATROPELLOS,CAMIONETA,0,0,0,0,1,0,0,0,0,0,0,0,0,1,6,HOMBRE,LESIONADO,PEATON,NO,NO,0
6410,19716,19717,2017,0,0,-0.214664,-78.503362,PICHINCHA,QUITO,QUITO,URBANA,2017-09-08,15:10:00,15,VIERNES,5,SEPTIEMBRE,9,NO,"CONDUCIR DESATENTO A LAS CONDICIONES DE TRANSITO (CELULAR, PANTALLAS DE VIDEO, COMIDA, MAQUILLAJE O CUALQUIER OTRO ELEMENTO DISTRACTOR).",CHOQUE LATERAL,BUS,1,0,1,0,0,0,0,0,0,0,0,0,0,2,40,HOMBRE,ILESO,CONDUCTOR PRESENTE,NO,NO,0
6411,19717,19718,2017,1,0,-0.170794,-78.475987,PICHINCHA,QUITO,QUITO,URBANA,2017-09-08,15:30:00,15,VIERNES,5,SEPTIEMBRE,9,NO,NO CEDER EL DERECHO DE VIA O PREFERENCIA DE PASO AL PEATON.,ARROLLAMIENTOS,BUS,0,0,1,0,0,0,0,0,0,0,0,0,0,1,57,MUJER,LESIONADO,PEATON,NO,NO,0
6412,19718,19719,2017,2,0,-0.149641,-78.492776,PICHINCHA,QUITO,QUITO,URBANA,2017-09-08,15:40:00,15,VIERNES,5,SEPTIEMBRE,9,NO,NO CEDER EL DERECHO DE VIA O PREFERENCIA DE PASO A VEHICULOS.,CHOQUE LATERAL,MOTOCICLETA,0,0,0,0,0,0,0,0,1,1,0,0,0,2,42,HOMBRE,LESIONADO,CONDUCTOR PRESENTE,NO,NO,0
6413,19719,19720,2017,0,0,-0.176715,-78.493866,PICHINCHA,QUITO,QUITO,URBANA,2017-09-08,17:20:00,17,VIERNES,5,SEPTIEMBRE,9,NO,NO MANTENER LA DISTANCIA PRUDENCIAL CON RESPECTO AL VEHICULO QUE LE ANTECEDE.,COLISION,VEHICULO DEPORTIVO UTILITARIO,0,0,0,0,2,0,0,0,0,0,0,0,2,4,34,HOMBRE,ILESO,CONDUCTOR PRESENTE,NO,NO,0
6414,19722,19723,2017,1,0,-0.226306,-78.528303,PICHINCHA,QUITO,QUITO,URBANA,2017-09-08,18:00:00,18,VIERNES,5,SEPTIEMBRE,9,NO,NO CEDER EL DERECHO DE VIA O PREFERENCIA DE PASO AL PEATON.,ATROPELLOS,AUTOMOVIL,1,0,0,0,0,0,0,0,0,0,0,0,0,1,80,HOMBRE,LESIONADO,PEATON,NO,NO,0
6415,19723,19724,2017,0,0,-0.185808,-78.488489,PICHINCHA,QUITO,QUITO,URBANA,2017-09-08,18:19:00,18,VIERNES,5,SEPTIEMBRE,9,NO,"CONDUCE BAJO LA INFLUENCIA DE ALCOHOL, SUSTANCIAS ESTUPEFACIENTES O PSICOTROPICAS Y/O MEDICAMENTOS.",CHOQUE POSTERIOR,VEHICULO DEPORTIVO UTILITARIO,0,0,0,0,0,0,0,0,0,0,0,0,2,2,38,MUJER,ILESO,CONDUCTOR PRESENTE,NO,NO,0
6416,19725,19726,2017,0,0,-0.163287,-78.489651,PICHINCHA,QUITO,QUITO,URBANA,2017-09-08,19:00:00,19,VIERNES,5,SEPTIEMBRE,9,NO,"CONDUCIR DESATENTO A LAS CONDICIONES DE TRANSITO (CELULAR, PANTALLAS DE VIDEO, COMIDA, MAQUILLAJE O CUALQUIER OTRO ELEMENTO DISTRACTOR).",CHOQUE POSTERIOR,AUTOMOVIL,2,0,0,0,0,0,0,0,0,0,0,0,0,2,27,HOMBRE,ILESO,CONDUCTOR PRESENTE,NO,NO,0
6417,19726,19727,2017,1,0,-0.275061,-78.540335,PICHINCHA,QUITO,QUITO,URBANA,2017-09-08,19:00:00,19,VIERNES,5,SEPTIEMBRE,9,NO,NO CEDER EL DERECHO DE VIA O PREFERENCIA DE PASO AL PEATON.,ATROPELLOS,NO IDENTIFICADO,0,0,0,0,0,0,0,0,0,1,0,0,0,1,26,HOMBRE,LESIONADO,PEATON,NO,NO,0
6418,19728,19729,2017,0,0,-0.196047,-78.466538,PICHINCHA,QUITO,QUITO,URBANA,2017-09-08,19:20:00,19,VIERNES,5,SEPTIEMBRE,9,NO,NO MANTENER LA DISTANCIA PRUDENCIAL CON RESPECTO AL VEHICULO QUE LE ANTECEDE.,COLISION,AUTOMOVIL,2,0,0,0,1,0,0,0,0,0,0,0,0,3,27,HOMBRE,ILESO,CONDUCTOR PRESENTE,NO,NO,0
6419,19737,19738,2017,0,0,-0.288954,-78.442927,PICHINCHA,QUITO,ALANGASI,RURAL,2017-09-08,20:50:00,20,VIERNES,5,SEPTIEMBRE,9,NO,CONDUCIR VEHICULO SUPERANDO LOS LIMITES MAXIMOS DE VELOCIDAD.,VOLCAMIENTOS,VEHICULO DEPORTIVO UTILITARIO,0,0,0,0,0,0,0,0,0,0,0,0,1,1,-1,NO IDENTIFICADO,NO IDENTIFICADO,CONDUCTOR AUSENTE,NO,NO,2
6420,19739,19740,2017,0,0,-0.463469,-78.593443,PICHINCHA,MEJIA,ALOAG,RURAL,2017-09-08,21:15:00,21,VIERNES,5,SEPTIEMBRE,9,NO,"PRESENCIA DE AGENTES EXTERNOS EN LA VIA (AGUA, ACEITE, PIEDRA, LASTRE, ESCOMBROS, MADEROS, ETC.).",CHOQUE FRONTAL,AUTOMOVIL,2,0,0,0,0,0,0,0,0,0,0,0,0,2,28,HOMBRE,ILESO,CONDUCTOR PRESENTE,NO,NO,3
6421,19741,19742,2017,0,0,-0.252561,-78.523092,PICHINCHA,QUITO,QUITO,URBANA,2017-09-08,21:20:00,21,VIERNES,5,SEPTIEMBRE,9,NO,REALIZAR CAMBIO BRUSCO O INDEBIDO DE CARRIL.,PERDIDA DE PISTA,MOTOCICLETA,0,0,0,0,0,0,0,0,1,0,0,0,0,1,34,HOMBRE,ILESO,CONDUCTOR PRESENTE,NO,NO,0
6422,19742,19743,2017,1,0,0.045123,-78.225942,PICHINCHA,PEDRO MONCAYO,TABACUNDO,URBANA,2017-09-08,22:00:00,22,VIERNES,5,SEPTIEMBRE,9,NO,NO CEDER EL DERECHO DE VIA O PREFERENCIA DE PASO AL PEATON.,ATROPELLOS,NO IDENTIFICADO,0,0,0,0,0,0,0,0,0,1,0,0,0,1,24,HOMBRE,LESIONADO,PEATON,NO,NO,0
6423,19745,19746,2017,0,0,-0.269849,-78.541501,PICHINCHA,QUITO,QUITO,URBANA,2017-09-08,22:20:00,22,VIERNES,5,SEPTIEMBRE,9,NO,NO GUARDAR LA DISTANCIA LATERAL MINIMA DE SEGURIDAD ENTRE VEHICULOS.,ROZAMIENTOS,FURGONETA,0,0,0,0,0,0,0,1,0,1,0,0,0,2,67,HOMBRE,ILESO,CONDUCTOR PRESENTE,NO,NO,0
6424,19746,19747,2017,0,1,-0.277636,-78.557628,PICHINCHA,QUITO,QUITO,URBANA,2017-09-08,22:20:00,22,VIERNES,5,SEPTIEMBRE,9,NO,CONDUCIR VEHICULO SUPERANDO LOS LIMITES MAXIMOS DE VELOCIDAD.,CHOQUE FRONTAL,AUTOMOVIL,1,0,0,0,0,0,0,0,0,1,0,0,0,2,47,HOMBRE,FALLECIDO,CONDUCTOR PRESENTE,NO,NO,0
6425,19749,19750,2017,0,0,-0.312381,-78.563696,PICHINCHA,QUITO,QUITO,URBANA,2017-09-08,23:30:00,23,VIERNES,5,SEPTIEMBRE,9,NO,"CONDUCE BAJO LA INFLUENCIA DE ALCOHOL, SUSTANCIAS ESTUPEFACIENTES O PSICOTROPICAS Y/O MEDICAMENTOS.",CHOQUE LATERAL,AUTOMOVIL,2,0,0,0,0,0,0,0,0,0,0,0,0,2,45,HOMBRE,ILESO,CONDUCTOR PRESENTE,NO,NO,0
6426,19772,19773,2017,1,0,-0.215551,-78.380479,PICHINCHA,QUITO,TUMBACO,RURAL,2017-09-09,00:15:00,0,SABADO,6,SEPTIEMBRE,9,NO,"CONDUCE BAJO LA INFLUENCIA DE ALCOHOL, SUSTANCIAS ESTUPEFACIENTES O PSICOTROPICAS Y/O MEDICAMENTOS.",CHOQUE LATERAL,AUTOMOVIL,1,0,0,0,1,0,0,0,0,0,0,0,0,2,39,MUJER,LESIONADO,CONDUCTOR PRESENTE,NO,NO,3
6427,19774,19775,2017,0,0,-0.274089,-78.512451,PICHINCHA,QUITO,QUITO,URBANA,2017-09-09,01:50:00,1,SABADO,6,SEPTIEMBRE,9,NO,"CONDUCE BAJO LA INFLUENCIA DE ALCOHOL, SUSTANCIAS ESTUPEFACIENTES O PSICOTROPICAS Y/O MEDICAMENTOS.",ESTRELLAMIENTOS,AUTOMOVIL,2,0,0,0,0,0,0,0,0,0,0,0,0,2,22,HOMBRE,ILESO,CONDUCTOR PRESENTE,NO,NO,0
6428,19775,19776,2017,0,0,-0.280556,-78.533493,PICHINCHA,QUITO,QUITO,URBANA,2017-09-09,02:00:00,2,SABADO,6,SEPTIEMBRE,9,NO,"CONDUCIR EN ESTADO DE SOMNOLENCIA O MALAS CONDICIONES FISICAS (SUENIO, CANSANCIO Y FATIGA).",ESTRELLAMIENTOS,AUTOMOVIL,2,0,0,0,0,0,0,0,1,0,0,0,0,3,24,HOMBRE,ILESO,CONDUCTOR PRESENTE,NO,NO,0
6429,19777,19778,2017,0,0,-0.242475,-78.497488,PICHINCHA,QUITO,QUITO,URBANA,2017-09-09,02:15:00,2,SABADO,6,SEPTIEMBRE,9,NO,"CONDUCIR EN ESTADO DE SOMNOLENCIA O MALAS CONDICIONES FISICAS (SUENIO, CANSANCIO Y FATIGA).",ESTRELLAMIENTOS,AUTOMOVIL,1,0,0,0,0,0,0,0,0,0,0,0,0,1,-1,NO IDENTIFICADO,NO IDENTIFICADO,CONDUCTOR AUSENTE,NO,NO,2
6430,19778,19779,2017,0,0,-0.237685,-78.484591,PICHINCHA,QUITO,QUITO,URBANA,2017-09-09,02:20:00,2,SABADO,6,SEPTIEMBRE,9,NO,CONDUCIR VEHICULO SUPERANDO LOS LIMITES MAXIMOS DE VELOCIDAD.,PERDIDA DE PISTA,FURGONETA,0,0,0,0,0,0,0,1,0,0,0,0,0,1,-1,NO IDENTIFICADO,NO IDENTIFICADO,CONDUCTOR AUSENTE,NO,NO,2
6431,19783,19784,2017,0,0,-0.150913,-78.501405,PICHINCHA,QUITO,QUITO,URBANA,2017-09-09,03:25:00,3,SABADO,6,SEPTIEMBRE,9,NO,"CONDUCIR EN ESTADO DE SOMNOLENCIA O MALAS CONDICIONES FISICAS (SUENIO, CANSANCIO Y FATIGA).",ESTRELLAMIENTOS,AUTOMOVIL,1,0,0,0,0,0,0,0,0,0,0,0,0,1,-1,NO IDENTIFICADO,NO IDENTIFICADO,CONDUCTOR AUSENTE,NO,NO,2
6432,19785,19786,2017,0,0,-0.263601,-78.524685,PICHINCHA,QUITO,QUITO,URBANA,2017-09-09,03:40:00,3,SABADO,6,SEPTIEMBRE,9,NO,"CONDUCE BAJO LA INFLUENCIA DE ALCOHOL, SUSTANCIAS ESTUPEFACIENTES O PSICOTROPICAS Y/O MEDICAMENTOS.",CHOQUE POSTERIOR,VEHICULO DEPORTIVO UTILITARIO,1,0,0,0,0,0,0,0,0,0,0,0,1,2,28,HOMBRE,ILESO,CONDUCTOR PRESENTE,NO,NO,0
6433,19787,19788,2017,2,0,-0.199767,-78.428809,PICHINCHA,QUITO,CUMBAYA,RURAL,2017-09-09,03:58:00,3,SABADO,6,SEPTIEMBRE,9,NO,CONDUCIR VEHICULO SUPERANDO LOS LIMITES MAXIMOS DE VELOCIDAD.,ESTRELLAMIENTOS,AUTOMOVIL,1,0,0,0,0,0,0,0,0,0,0,0,0,1,25,HOMBRE,LESIONADO,CONDUCTOR PRESENTE,NO,NO,3
6434,19788,19789,2017,0,0,-0.223301,-78.487751,PICHINCHA,QUITO,QUITO,URBANA,2017-09-09,04:00:00,4,SABADO,6,SEPTIEMBRE,9,NO,"CONDUCIR EN ESTADO DE SOMNOLENCIA O MALAS CONDICIONES FISICAS (SUENIO, CANSANCIO Y FATIGA).",PERDIDA DE PISTA,AUTOMOVIL,1,0,0,0,0,0,0,0,0,0,0,0,0,1,30,HOMBRE,ILESO,CONDUCTOR PRESENTE,NO,NO,0
6435,19791,19792,2017,0,0,-0.259631,-78.521486,PICHINCHA,QUITO,QUITO,URBANA,2017-09-09,05:10:00,5,SABADO,6,SEPTIEMBRE,9,NO,CONDUCIR VEHICULO SUPERANDO LOS LIMITES MAXIMOS DE VELOCIDAD.,PERDIDA DE PISTA,VEHICULO DEPORTIVO UTILITARIO,0,0,0,0,0,0,0,0,0,0,0,0,1,1,-1,NO IDENTIFICADO,NO IDENTIFICADO,CONDUCTOR AUSENTE,NO,NO,2
6436,19793,19794,2017,0,0,-0.105373,-78.462381,PICHINCHA,QUITO,QUITO,URBANA,2017-09-09,06:10:00,6,SABADO,6,SEPTIEMBRE,9,NO,CONDUCIR VEHICULO SUPERANDO LOS LIMITES MAXIMOS DE VELOCIDAD.,ESTRELLAMIENTOS,AUTOMOVIL,1,0,0,0,0,0,0,0,0,0,0,0,0,1,-1,NO IDENTIFICADO,NO IDENTIFICADO,CONDUCTOR AUSENTE,NO,NO,2
6437,19796,19797,2017,1,0,-0.142041,-78.443217,PICHINCHA,QUITO,LLANO CHICO,URBANA,2017-09-09,07:35:00,7,SABADO,6,SEPTIEMBRE,9,NO,CONDUCIR VEHICULO SUPERANDO LOS LIMITES MAXIMOS DE VELOCIDAD.,PERDIDA DE PISTA,NO IDENTIFICADO,0,0,0,0,0,0,0,0,0,1,0,0,0,1,20,HOMBRE,LESIONADO,CONDUCTOR PRESENTE,NO,NO,0
6438,19798,19799,2017,0,0,-0.242361,-78.512715,PICHINCHA,QUITO,QUITO,URBANA,2017-09-09,09:04:00,9,SABADO,6,SEPTIEMBRE,9,NO,"NO RESPETAR LAS SENIALES REGLAMENTARIAS DE TRANSITO. (PARE, CEDA EL PASO, LUZ ROJA DEL SEMAFORO, ETC).",CHOQUE LATERAL,VEHICULO DEPORTIVO UTILITARIO,0,0,0,0,0,0,0,0,0,0,0,0,2,2,42,HOMBRE,ILESO,CONDUCTOR PRESENTE,NO,NO,0
6439,19800,19801,2017,0,0,-0.220305,-78.520673,PICHINCHA,QUITO,QUITO,URBANA,2017-09-09,09:45:00,9,SABADO,6,SEPTIEMBRE,9,NO,NO MANTENER LA DISTANCIA PRUDENCIAL CON RESPECTO AL VEHICULO QUE LE ANTECEDE.,CHOQUE POSTERIOR,AUTOMOVIL,2,0,0,0,0,0,0,0,0,0,0,0,0,2,26,HOMBRE,ILESO,CONDUCTOR PRESENTE,NO,NO,0
6440,19801,19802,2017,1,0,-0.196669,-78.466599,PICHINCHA,QUITO,QUITO,RURAL,2017-09-09,10:20:00,10,SABADO,6,SEPTIEMBRE,9,NO,CONDUCIR VEHICULO SUPERANDO LOS LIMITES MAXIMOS DE VELOCIDAD.,CHOQUE LATERAL,VEHICULO DEPORTIVO UTILITARIO,0,0,0,0,0,0,0,0,1,0,0,0,1,2,29,HOMBRE,LESIONADO,CONDUCTOR PRESENTE,NO,NO,3
6441,19803,19804,2017,0,0,-0.260013,-78.546297,PICHINCHA,QUITO,QUITO,URBANA,2017-09-09,11:40:00,11,SABADO,6,SEPTIEMBRE,9,NO,NO GUARDAR LA DISTANCIA LATERAL MINIMA DE SEGURIDAD ENTRE VEHICULOS.,ROZAMIENTOS,AUTOMOVIL,2,0,0,0,0,0,0,0,0,0,0,0,0,2,45,HOMBRE,ILESO,CONDUCTOR PRESENTE,NO,NO,0
6442,19807,19808,2017,0,0,-0.161546,-78.485642,PICHINCHA,QUITO,QUITO,URBANA,2017-09-09,12:00:00,12,SABADO,6,SEPTIEMBRE,9,NO,"NO RESPETAR LAS SENIALES REGLAMENTARIAS DE TRANSITO. (PARE, CEDA EL PASO, LUZ ROJA DEL SEMAFORO, ETC).",CHOQUE LATERAL,CAMIONETA,0,0,0,0,1,0,0,0,0,1,0,0,0,2,46,MUJER,ILESO,CONDUCTOR PRESENTE,NO,NO,0
6443,19809,19810,2017,0,0,-0.128838,-78.472739,PICHINCHA,QUITO,QUITO,URBANA,2017-09-09,12:58:00,12,SABADO,6,SEPTIEMBRE,9,NO,NO GUARDAR LA DISTANCIA LATERAL MINIMA DE SEGURIDAD ENTRE VEHICULOS.,ROZAMIENTOS,AUTOMOVIL,1,0,0,0,0,0,0,0,0,1,0,0,0,2,25,HOMBRE,ILESO,CONDUCTOR PRESENTE,NO,NO,0
6444,19810,19811,2017,1,0,0.127104,-78.080554,PICHINCHA,CAYAMBE,OLMEDO (PESILLO),URBANA,2017-09-09,13:00:00,13,SABADO,6,SEPTIEMBRE,9,NO,"NO RESPETAR LAS SENIALES REGLAMENTARIAS DE TRANSITO. (PARE, CEDA EL PASO, LUZ ROJA DEL SEMAFORO, ETC).",CHOQUE LATERAL,CAMIONETA,0,0,0,0,1,0,0,0,0,1,0,0,0,2,35,HOMBRE,LESIONADO,CONDUCTOR PRESENTE,NO,NO,0
6445,19811,19812,2017,1,0,-0.404526,-78.544915,PICHINCHA,MEJIA,TAMBILLO (MEJIA),RURAL,2017-09-09,13:15:00,13,SABADO,6,SEPTIEMBRE,9,NO,"CONDUCIR DESATENTO A LAS CONDICIONES DE TRANSITO (CELULAR, PANTALLAS DE VIDEO, COMIDA, MAQUILLAJE O CUALQUIER OTRO ELEMENTO DISTRACTOR).",ATROPELLOS,BUS,0,0,1,0,0,0,0,0,0,0,0,0,0,1,95,HOMBRE,LESIONADO,PEATON,NO,NO,3
6446,19813,19814,2017,4,0,-0.089185,-78.428042,PICHINCHA,QUITO,CALDERON (CARAPUNGO),RURAL,2017-09-09,14:00:00,14,SABADO,6,SEPTIEMBRE,9,NO,"NO RESPETAR LAS SENIALES REGLAMENTARIAS DE TRANSITO. (PARE, CEDA EL PASO, LUZ ROJA DEL SEMAFORO, ETC).",CHOQUE LATERAL,AUTOMOVIL,1,0,0,0,0,0,0,0,0,0,0,0,1,2,19,HOMBRE,LESIONADO,CONDUCTOR PRESENTE,NO,NO,3
6447,19815,19816,2017,1,0,-0.127286,-78.498456,PICHINCHA,QUITO,QUITO,URBANA,2017-09-09,15:13:00,15,SABADO,6,SEPTIEMBRE,9,NO,NO CEDER EL DERECHO DE VIA O PREFERENCIA DE PASO AL PEATON.,ATROPELLOS,AUTOMOVIL,1,0,0,0,0,0,0,0,0,0,0,0,0,1,33,HOMBRE,LESIONADO,PEATON,NO,NO,0
6448,19816,19817,2017,2,0,-0.162271,-78.481593,PICHINCHA,QUITO,QUITO,URBANA,2017-09-09,15:15:00,15,SABADO,6,SEPTIEMBRE,9,NO,"NO RESPETAR LAS SENIALES REGLAMENTARIAS DE TRANSITO. (PARE, CEDA EL PASO, LUZ ROJA DEL SEMAFORO, ETC).",CHOQUE LATERAL,AUTOMOVIL,2,0,0,0,0,0,0,0,0,0,0,0,0,2,74,MUJER,LESIONADO,PASAJERO,NO,NO,0
6449,19817,19818,2017,0,0,-0.161208,-78.495838,PICHINCHA,QUITO,QUITO,URBANA,2017-09-09,15:38:00,15,SABADO,6,SEPTIEMBRE,9,NO,"NO RESPETAR LAS SENIALES REGLAMENTARIAS DE TRANSITO. (PARE, CEDA EL PASO, LUZ ROJA DEL SEMAFORO, ETC).",CHOQUE LATERAL,AUTOMOVIL,1,0,0,0,0,0,0,0,0,1,0,0,0,2,25,MUJER,ILESO,CONDUCTOR PRESENTE,NO,NO,0
6450,19822,19823,2017,2,0,-0.065942,-78.416251,PICHINCHA,QUITO,CALDERON (CARAPUNGO),RURAL,2017-09-09,17:30:00,17,SABADO,6,SEPTIEMBRE,9,NO,"CONDUCE BAJO LA INFLUENCIA DE ALCOHOL, SUSTANCIAS ESTUPEFACIENTES O PSICOTROPICAS Y/O MEDICAMENTOS.",PERDIDA DE PISTA,CAMIONETA,0,0,0,0,1,0,0,0,0,0,0,0,0,1,9,HOMBRE,LESIONADO,PASAJERO,NO,NO,3
6451,19824,19825,2017,0,1,-0.212824,-78.402686,PICHINCHA,QUITO,TUMBACO,RURAL,2017-09-09,18:05:00,18,SABADO,6,SEPTIEMBRE,9,NO,CONDUCIR VEHICULO SUPERANDO LOS LIMITES MAXIMOS DE VELOCIDAD.,CHOQUE LATERAL,VEHICULO DEPORTIVO UTILITARIO,0,0,0,0,0,0,0,0,1,0,0,0,1,2,25,HOMBRE,FALLECIDO,CONDUCTOR PRESENTE,NO,NO,3
6452,19827,19828,2017,1,0,-0.101046,-78.520641,PICHINCHA,QUITO,QUITO,URBANA,2017-09-09,19:00:00,19,SABADO,6,SEPTIEMBRE,9,NO,"CONDUCE BAJO LA INFLUENCIA DE ALCOHOL, SUSTANCIAS ESTUPEFACIENTES O PSICOTROPICAS Y/O MEDICAMENTOS.",ATROPELLOS,CAMIONETA,0,0,0,0,1,0,0,0,0,0,0,0,0,1,24,MUJER,LESIONADO,PEATON,NO,NO,0
6453,19828,19829,2017,0,0,-0.150393,-78.453592,PICHINCHA,QUITO,QUITO,URBANA,2017-09-09,19:05:00,19,SABADO,6,SEPTIEMBRE,9,NO,NO MANTENER LA DISTANCIA PRUDENCIAL CON RESPECTO AL VEHICULO QUE LE ANTECEDE.,CHOQUE POSTERIOR,CAMION,1,0,0,1,0,0,0,0,0,0,0,0,0,2,38,HOMBRE,ILESO,CONDUCTOR PRESENTE,NO,NO,0
6454,19829,19830,2017,5,0,-0.064334,-78.429354,PICHINCHA,QUITO,CALDERON (CARAPUNGO),RURAL,2017-09-09,19:10:00,19,SABADO,6,SEPTIEMBRE,9,NO,"CONDUCE BAJO LA INFLUENCIA DE ALCOHOL, SUSTANCIAS ESTUPEFACIENTES O PSICOTROPICAS Y/O MEDICAMENTOS.",ATROPELLOS,MOTOCICLETA,0,0,0,0,0,0,0,0,1,0,0,0,0,1,73,MUJER,LESIONADO,PEATON,NO,NO,3
6455,19835,19836,2017,0,0,-0.208721,-78.495654,PICHINCHA,QUITO,QUITO,URBANA,2017-09-09,20:00:00,20,SABADO,6,SEPTIEMBRE,9,NO,"CONDUCE BAJO LA INFLUENCIA DE ALCOHOL, SUSTANCIAS ESTUPEFACIENTES O PSICOTROPICAS Y/O MEDICAMENTOS.",CHOQUE LATERAL,MOTOCICLETA,0,0,0,0,0,0,0,0,1,0,0,0,1,2,37,HOMBRE,ILESO,CONDUCTOR PRESENTE,NO,NO,0
6456,19837,19838,2017,0,0,-0.237474,-78.484642,PICHINCHA,QUITO,QUITO,URBANA,2017-09-09,20:15:00,20,SABADO,6,SEPTIEMBRE,9,NO,NO MANTENER LA DISTANCIA PRUDENCIAL CON RESPECTO AL VEHICULO QUE LE ANTECEDE.,ESTRELLAMIENTOS,AUTOMOVIL,2,0,0,0,0,0,0,0,0,0,0,0,1,3,40,MUJER,ILESO,CONDUCTOR PRESENTE,NO,NO,0
6457,19839,19840,2017,0,0,0.044271,-78.156173,PICHINCHA,CAYAMBE,CAYAMBE,URBANA,2017-09-09,20:30:00,20,SABADO,6,SEPTIEMBRE,9,NO,"CONDUCE BAJO LA INFLUENCIA DE ALCOHOL, SUSTANCIAS ESTUPEFACIENTES O PSICOTROPICAS Y/O MEDICAMENTOS.",CHOQUE POSTERIOR,AUTOMOVIL,1,0,0,1,0,0,0,0,0,0,0,0,0,2,-1,HOMBRE,ILESO,CONDUCTOR PRESENTE,NO,SI,0
6458,19841,19842,2017,0,0,-0.154471,-78.476286,PICHINCHA,QUITO,QUITO,URBANA,2017-09-09,20:30:00,20,SABADO,6,SEPTIEMBRE,9,NO,NO MANTENER LA DISTANCIA PRUDENCIAL CON RESPECTO AL VEHICULO QUE LE ANTECEDE.,COLISION,AUTOMOVIL,2,0,0,0,0,0,0,0,0,0,0,0,1,3,30,HOMBRE,ILESO,CONDUCTOR PRESENTE,NO,NO,0
6459,19842,19843,2017,0,0,-0.121637,-78.489402,PICHINCHA,QUITO,QUITO,URBANA,2017-09-09,20:35:00,20,SABADO,6,SEPTIEMBRE,9,NO,"CONDUCE BAJO LA INFLUENCIA DE ALCOHOL, SUSTANCIAS ESTUPEFACIENTES O PSICOTROPICAS Y/O MEDICAMENTOS.",ROZAMIENTOS,AUTOMOVIL,2,0,0,0,0,0,0,0,0,0,0,0,0,2,26,HOMBRE,ILESO,CONDUCTOR PRESENTE,NO,NO,0
6460,19843,19844,2017,1,0,-0.243255,-78.508901,PICHINCHA,QUITO,QUITO,URBANA,2017-09-09,21:09:00,21,SABADO,6,SEPTIEMBRE,9,NO,"CONDUCE BAJO LA INFLUENCIA DE ALCOHOL, SUSTANCIAS ESTUPEFACIENTES O PSICOTROPICAS Y/O MEDICAMENTOS.",ATROPELLOS,MOTOCICLETA,0,0,0,0,0,0,0,0,1,0,0,0,0,1,34,HOMBRE,LESIONADO,CONDUCTOR PRESENTE,NO,NO,0
6461,19844,19845,2017,0,0,-0.309341,-78.455766,PICHINCHA,RUMINIAHUI,SANGOLQUI,URBANA,2017-09-09,21:30:00,21,SABADO,6,SEPTIEMBRE,9,NO,"CONDUCE BAJO LA INFLUENCIA DE ALCOHOL, SUSTANCIAS ESTUPEFACIENTES O PSICOTROPICAS Y/O MEDICAMENTOS.",CHOQUE POSTERIOR,CAMIONETA,1,0,0,0,1,0,0,0,0,0,0,0,0,2,51,HOMBRE,ILESO,CONDUCTOR PRESENTE,NO,NO,0
6462,19846,19847,2017,0,0,-0.100622,-78.472207,PICHINCHA,QUITO,QUITO,URBANA,2017-09-09,21:35:00,21,SABADO,6,SEPTIEMBRE,9,NO,"CONDUCE BAJO LA INFLUENCIA DE ALCOHOL, SUSTANCIAS ESTUPEFACIENTES O PSICOTROPICAS Y/O MEDICAMENTOS.",CHOQUE LATERAL,AUTOMOVIL,2,0,0,0,0,0,0,0,0,0,0,0,0,2,33,HOMBRE,ILESO,CONDUCTOR PRESENTE,NO,NO,0
6463,19848,19849,2017,0,0,-0.233586,-78.513961,PICHINCHA,QUITO,QUITO,URBANA,2017-09-09,22:00:00,22,SABADO,6,SEPTIEMBRE,9,NO,REALIZAR CAMBIO BRUSCO O INDEBIDO DE CARRIL.,ESTRELLAMIENTOS,AUTOMOVIL,2,0,0,0,0,0,0,0,0,0,0,0,0,2,38,MUJER,ILESO,CONDUCTOR PRESENTE,NO,NO,0