,Unnamed: 0,ID,ANIO,LESIONADOS,FALLECIDOS,LATITUD_Y,LONGITUD_X,PROVINCIA,CANTON,PARROQUIA,ZONA,FECHA,HORA,PERIODO_2,DIA_1,DIA_2,MES_1,MES_2,FERIADO,CAUSA_PROBABLE,TIPO_DE_SINIESTRO,TIPO_DE_VEHICULO_1,AUTOMOVIL,BICICLETA,BUS,CAMION,CAMIONETA,EMERGENCIAS,ESPECIAL,FURGONETA,MOTOCICLETA,NO_IDENTIFICADO,SCOOTER_ELECTRICO,TRICIMOTO,VEHICULO_DEPORTIVO_UTILITARIO,SUMA_DE_VEHICULOS,EDAD_1,SEXO_1,CONDICION_1,PARTICIPANTE_1,CASCO_1,CINTURON_1,KMeans_Cluster
6464,19849,19850,2017,1,0,-0.119451,-78.506659,PICHINCHA,QUITO,QUITO,URBANA,2017-09-09,22:48:00,22,SABADO,6,SEPTIEMBRE,9,NO,"NO RESPETAR LAS SENIALES REGLAMENTARIAS DE TRANSITO. (PARE, CEDA EL PASO, LUZ ROJA DEL SEMAFORO, ETC).",CHOQUE LATERAL,MOTOCICLETA,0,0,0,0,0,0,0,0,1,1,0,0,0,2,38,HOMBRE,LESIONADO,CONDUCTOR PRESENTE,NO,NO,0
6465,19853,19854,2017,2,0,-0.258972,-78.529889,PICHINCHA,QUITO,QUITO,URBANA,2017-09-09,23:45:00,23,SABADO,6,SEPTIEMBRE,9,NO,CONDUCIR VEHICULO SUPERANDO LOS LIMITES MAXIMOS DE VELOCIDAD.,ESTRELLAMIENTOS,AUTOMOVIL,1,0,0,0,0,0,0,0,0,0,0,0,0,1,25,MUJER,LESIONADO,PASAJERO,NO,NO,0
6466,19889,19890,2017,3,0,-0.246621,-78.522271,PICHINCHA,QUITO,QUITO,URBANA,2017-09-10,01:50:00,1,DOMINGO,7,SEPTIEMBRE,9,NO,"CONDUCE BAJO LA INFLUENCIA DE ALCOHOL, SUSTANCIAS ESTUPEFACIENTES O PSICOTROPICAS Y/O MEDICAMENTOS.",ESTRELLAMIENTOS,AUTOMOVIL,3,0,0,0,0,0,0,0,0,0,0,0,0,3,57,HOMBRE,LESIONADO,PEATON,NO,NO,0
6467,19891,19892,2017,2,0,-0.094998,-78.443626,PICHINCHA,QUITO,CALDERON (CARAPUNGO),RURAL,2017-09-10,02:30:00,2,DOMINGO,7,SEPTIEMBRE,9,NO,NO TRANSITAR POR LAS ACERAS O ZONAS DE SEGURIDAD DESTINADAS PARA EL EFECTO.,ATROPELLOS,NO IDENTIFICADO,0,0,0,0,0,0,0,0,0,1,0,0,0,1,1,MUJER,LESIONADO,PEATON,NO,NO,3
6468,19892,19893,2017,3,0,-0.087594,-78.425103,PICHINCHA,QUITO,CALDERON (CARAPUNGO),RURAL,2017-09-10,02:30:00,2,DOMINGO,7,SEPTIEMBRE,9,NO,"CONDUCE BAJO LA INFLUENCIA DE ALCOHOL, SUSTANCIAS ESTUPEFACIENTES O PSICOTROPICAS Y/O MEDICAMENTOS.",COLISION,AUTOMOVIL,4,0,0,0,0,0,0,0,0,0,0,0,0,4,45,HOMBRE,LESIONADO,PASAJERO,NO,NO,3
6469,19895,19896,2017,0,0,-0.164531,-78.478773,PICHINCHA,QUITO,QUITO,URBANA,2017-09-10,02:50:00,2,DOMINGO,7,SEPTIEMBRE,9,NO,"CONDUCE BAJO LA INFLUENCIA DE ALCOHOL, SUSTANCIAS ESTUPEFACIENTES O PSICOTROPICAS Y/O MEDICAMENTOS.",CHOQUE POSTERIOR,AUTOMOVIL,1,0,0,0,0,0,0,0,0,0,0,0,1,2,34,HOMBRE,ILESO,CONDUCTOR PRESENTE,NO,NO,0
6470,19896,19897,2017,0,0,-0.328239,-78.538128,PICHINCHA,QUITO,QUITO,URBANA,2017-09-10,02:50:00,2,DOMINGO,7,SEPTIEMBRE,9,NO,"CONDUCIR EN ESTADO DE SOMNOLENCIA O MALAS CONDICIONES FISICAS (SUENIO, CANSANCIO Y FATIGA).",ESTRELLAMIENTOS,AUTOMOVIL,1,0,0,0,0,0,0,0,0,0,0,0,0,1,-1,NO IDENTIFICADO,NO IDENTIFICADO,CONDUCTOR AUSENTE,NO,NO,2
6471,19899,19900,2017,2,0,-0.127071,-78.524554,PICHINCHA,QUITO,QUITO,URBANA,2017-09-10,03:15:00,3,DOMINGO,7,SEPTIEMBRE,9,NO,"CONDUCE BAJO LA INFLUENCIA DE ALCOHOL, SUSTANCIAS ESTUPEFACIENTES O PSICOTROPICAS Y/O MEDICAMENTOS.",CHOQUE LATERAL,AUTOMOVIL,1,0,0,0,0,0,0,0,1,0,0,0,0,2,20,MUJER,LESIONADO,PASAJERO,NO,NO,0
6472,19900,19901,2017,3,0,-0.100481,-78.470028,PICHINCHA,QUITO,QUITO,URBANA,2017-09-10,03:40:00,3,DOMINGO,7,SEPTIEMBRE,9,NO,CONDUCIR VEHICULO SUPERANDO LOS LIMITES MAXIMOS DE VELOCIDAD.,ESTRELLAMIENTOS,AUTOMOVIL,2,0,0,0,0,0,0,0,0,1,0,0,0,3,23,MUJER,LESIONADO,PASAJERO,NO,NO,0
6473,19901,19902,2017,0,0,-0.154618,-78.497349,PICHINCHA,QUITO,QUITO,URBANA,2017-09-10,03:45:00,3,DOMINGO,7,SEPTIEMBRE,9,NO,"CONDUCIR EN ESTADO DE SOMNOLENCIA O MALAS CONDICIONES FISICAS (SUENIO, CANSANCIO Y FATIGA).",ESTRELLAMIENTOS,AUTOMOVIL,1,0,0,0,0,0,0,0,0,0,0,0,0,1,27,MUJER,ILESO,CONDUCTOR PRESENTE,NO,NO,0
6474,19903,19904,2017,1,0,-0.142041,-78.443217,PICHINCHA,QUITO,LLANO CHICO,RURAL,2017-09-10,04:10:00,4,DOMINGO,7,SEPTIEMBRE,9,NO,CONDUCIR VEHICULO SUPERANDO LOS LIMITES MAXIMOS DE VELOCIDAD.,PERDIDA DE PISTA,VEHICULO DEPORTIVO UTILITARIO,0,0,0,0,0,0,0,0,0,0,0,0,1,1,26,HOMBRE,LESIONADO,PASAJERO,NO,NO,3
6475,19906,19907,2017,2,0,-0.083245,-78.483724,PICHINCHA,QUITO,QUITO,URBANA,2017-09-10,04:45:00,4,DOMINGO,7,SEPTIEMBRE,9,NO,CONDUCIR VEHICULO SUPERANDO LOS LIMITES MAXIMOS DE VELOCIDAD.,PERDIDA DE PISTA,AUTOMOVIL,1,0,0,0,0,0,0,0,0,0,0,0,0,1,19,HOMBRE,LESIONADO,PASAJERO,NO,NO,0
6476,19908,19909,2017,1,0,-0.224592,-78.396554,PICHINCHA,QUITO,TUMBACO,RURAL,2017-09-10,04:50:00,4,DOMINGO,7,SEPTIEMBRE,9,NO,"CONDUCIR EN ESTADO DE SOMNOLENCIA O MALAS CONDICIONES FISICAS (SUENIO, CANSANCIO Y FATIGA).",ATROPELLOS,AUTOMOVIL,1,0,0,0,0,0,0,0,0,0,0,0,0,1,52,MUJER,LESIONADO,PEATON,NO,NO,3
6477,19913,19914,2017,0,0,-0.227466,-78.507356,PICHINCHA,QUITO,QUITO,URBANA,2017-09-10,05:30:00,5,DOMINGO,7,SEPTIEMBRE,9,NO,REALIZAR CAMBIO BRUSCO O INDEBIDO DE CARRIL.,ESTRELLAMIENTOS,BUS,1,0,1,0,0,0,0,0,0,0,0,0,0,2,25,HOMBRE,ILESO,CONDUCTOR PRESENTE,NO,NO,0
6478,19914,19915,2017,1,1,0.044443,-78.157921,PICHINCHA,CAYAMBE,CAYAMBE,URBANA,2017-09-10,06:00:00,6,DOMINGO,7,SEPTIEMBRE,9,NO,"CONDUCE BAJO LA INFLUENCIA DE ALCOHOL, SUSTANCIAS ESTUPEFACIENTES O PSICOTROPICAS Y/O MEDICAMENTOS.",PERDIDA DE PISTA,MOTOCICLETA,0,0,0,0,0,0,0,0,1,0,0,0,0,1,30,HOMBRE,FALLECIDO,CONDUCTOR PRESENTE,NO,SI,0
6479,19917,19918,2017,1,0,-0.127071,-78.524254,PICHINCHA,QUITO,QUITO,URBANA,2017-09-10,06:00:00,6,DOMINGO,7,SEPTIEMBRE,9,NO,NO CEDER EL DERECHO DE VIA O PREFERENCIA DE PASO AL PEATON.,ATROPELLOS,NO IDENTIFICADO,0,0,0,0,0,0,0,0,0,1,0,0,0,1,48,HOMBRE,LESIONADO,PEATON,NO,NO,0
6480,19918,19919,2017,2,0,-0.100622,-78.472207,PICHINCHA,QUITO,QUITO,URBANA,2017-09-10,06:45:00,6,DOMINGO,7,SEPTIEMBRE,9,NO,"CONDUCE BAJO LA INFLUENCIA DE ALCOHOL, SUSTANCIAS ESTUPEFACIENTES O PSICOTROPICAS Y/O MEDICAMENTOS.",CHOQUE LATERAL,AUTOMOVIL,2,0,0,0,0,0,0,0,0,0,0,0,0,2,7,HOMBRE,LESIONADO,PASAJERO,NO,NO,0
6481,19926,19927,2017,1,0,-0.206537,-78.428388,PICHINCHA,QUITO,CUMBAYA,RURAL,2017-09-10,12:35:00,12,DOMINGO,7,SEPTIEMBRE,9,NO,NO CEDER EL DERECHO DE VIA O PREFERENCIA DE PASO AL PEATON.,ATROPELLOS,AUTOMOVIL,1,0,0,0,0,0,0,0,0,0,0,0,0,1,70,MUJER,LESIONADO,PEATON,NO,NO,3
6482,19928,19929,2017,1,0,-0.096005,-78.466668,PICHINCHA,QUITO,QUITO,URBANA,2017-09-10,13:00:00,13,DOMINGO,7,SEPTIEMBRE,9,NO,"CONDUCE BAJO LA INFLUENCIA DE ALCOHOL, SUSTANCIAS ESTUPEFACIENTES O PSICOTROPICAS Y/O MEDICAMENTOS.",CHOQUE LATERAL,AUTOMOVIL,2,0,0,0,0,0,0,0,0,0,0,0,0,2,25,MUJER,LESIONADO,PASAJERO,NO,NO,0
6483,19929,19930,2017,0,0,-0.118644,-78.494035,PICHINCHA,QUITO,QUITO,URBANA,2017-09-10,13:15:00,13,DOMINGO,7,SEPTIEMBRE,9,NO,REALIZAR CAMBIO BRUSCO O INDEBIDO DE CARRIL.,ESTRELLAMIENTOS,VEHICULO DEPORTIVO UTILITARIO,1,0,0,0,0,0,0,0,0,0,0,0,1,2,-1,NO IDENTIFICADO,NO IDENTIFICADO,CONDUCTOR AUSENTE,NO,NO,2
6484,19932,19933,2017,0,0,-0.085894,-78.510717,PICHINCHA,QUITO,QUITO,URBANA,2017-09-10,14:00:00,14,DOMINGO,7,SEPTIEMBRE,9,NO,"CONDUCIR DESATENTO A LAS CONDICIONES DE TRANSITO (CELULAR, PANTALLAS DE VIDEO, COMIDA, MAQUILLAJE O CUALQUIER OTRO ELEMENTO DISTRACTOR).",ESTRELLAMIENTOS,FURGONETA,0,0,0,0,0,0,0,1,0,0,0,0,0,1,-1,NO IDENTIFICADO,NO IDENTIFICADO,CONDUCTOR AUSENTE,NO,NO,2
6485,19935,19936,2017,0,0,-0.242071,-78.521024,PICHINCHA,QUITO,QUITO,URBANA,2017-09-10,14:30:00,14,DOMINGO,7,SEPTIEMBRE,9,NO,NO CEDER EL DERECHO DE VIA O PREFERENCIA DE PASO A VEHICULOS.,CHOQUE LATERAL,BICICLETA,0,1,0,0,0,0,0,0,0,1,0,0,0,2,25,HOMBRE,ILESO,CONDUCTOR PRESENTE,NO,NO,0
6486,19937,19938,2017,1,0,-0.308946,-78.562583,PICHINCHA,QUITO,QUITO,URBANA,2017-09-10,15:50:00,15,DOMINGO,7,SEPTIEMBRE,9,NO,"CONDUCE BAJO LA INFLUENCIA DE ALCOHOL, SUSTANCIAS ESTUPEFACIENTES O PSICOTROPICAS Y/O MEDICAMENTOS.",CHOQUE LATERAL,MOTOCICLETA,1,0,0,0,0,0,0,0,1,0,0,0,0,2,23,HOMBRE,LESIONADO,CONDUCTOR PRESENTE,NO,NO,0
6487,19938,19939,2017,1,0,-0.237287,-78.484528,PICHINCHA,QUITO,QUITO,URBANA,2017-09-10,15:50:00,15,DOMINGO,7,SEPTIEMBRE,9,NO,BAJARSE O SUBIRSE DE VEHICULOS EN MOVIMIENTO SIN TOMAR LAS PRECAUCIONES DEBIDAS.,CAIDA DE PASAJERO,BUS,0,0,1,0,0,0,0,0,0,0,0,0,0,1,40,HOMBRE,LESIONADO,PASAJERO,NO,NO,0
6488,19940,19941,2017,0,0,-0.411232,-78.799972,PICHINCHA,MEJIA,MANUEL CORNEJO ASTORGA,RURAL,2017-09-10,16:45:00,16,DOMINGO,7,SEPTIEMBRE,9,NO,CONDUCIR VEHICULO SUPERANDO LOS LIMITES MAXIMOS DE VELOCIDAD.,ESTRELLAMIENTOS,CAMION,0,0,0,1,0,0,0,0,0,0,0,0,0,1,32,HOMBRE,ILESO,CONDUCTOR PRESENTE,NO,NO,3
6489,19941,19942,2017,0,0,-0.455881,-78.576751,PICHINCHA,MEJIA,ALOAG,RURAL,2017-09-10,17:00:00,17,DOMINGO,7,SEPTIEMBRE,9,NO,"CONDUCIR DESATENTO A LAS CONDICIONES DE TRANSITO (CELULAR, PANTALLAS DE VIDEO, COMIDA, MAQUILLAJE O CUALQUIER OTRO ELEMENTO DISTRACTOR).",ESTRELLAMIENTOS,CAMION,0,0,0,1,0,0,0,0,0,0,0,0,0,1,48,HOMBRE,ILESO,CONDUCTOR PRESENTE,NO,NO,3
6490,19945,19946,2017,1,0,-0.111762,-78.478916,PICHINCHA,QUITO,QUITO,URBANA,2017-09-10,18:05:00,18,DOMINGO,7,SEPTIEMBRE,9,NO,"NO RESPETAR LAS SENIALES REGLAMENTARIAS DE TRANSITO. (PARE, CEDA EL PASO, LUZ ROJA DEL SEMAFORO, ETC).",CHOQUE LATERAL,AUTOMOVIL,1,0,0,0,0,0,0,0,0,1,0,0,0,2,31,MUJER,LESIONADO,PEATON,NO,NO,0
6491,19946,19947,2017,0,0,-0.379581,-78.552211,PICHINCHA,MEJIA,CUTUGLAHUA,RURAL,2017-09-10,18:20:00,18,DOMINGO,7,SEPTIEMBRE,9,NO,"NO RESPETAR LAS SENIALES REGLAMENTARIAS DE TRANSITO. (PARE, CEDA EL PASO, LUZ ROJA DEL SEMAFORO, ETC).",CHOQUE LATERAL,VEHICULO DEPORTIVO UTILITARIO,0,0,0,0,1,0,0,0,0,0,0,0,1,2,46,HOMBRE,ILESO,CONDUCTOR PRESENTE,NO,NO,3
6492,19949,19950,2017,1,0,-0.279239,-78.552753,PICHINCHA,QUITO,QUITO,URBANA,2017-09-10,21:15:00,21,DOMINGO,7,SEPTIEMBRE,9,NO,NO TRANSITAR POR LAS ACERAS O ZONAS DE SEGURIDAD DESTINADAS PARA EL EFECTO.,ATROPELLOS,AUTOMOVIL,1,0,0,0,0,0,0,0,0,0,0,0,0,1,48,MUJER,LESIONADO,PEATON,NO,NO,0
6493,19952,19953,2017,0,1,-0.021806,-78.452331,PICHINCHA,QUITO,SAN ANTONIO (QUITO),URBANA,2017-09-10,22:30:00,22,DOMINGO,7,SEPTIEMBRE,9,NO,CONDUCIR VEHICULO SUPERANDO LOS LIMITES MAXIMOS DE VELOCIDAD.,PERDIDA DE PISTA,MOTOCICLETA,0,0,0,0,0,0,0,0,1,0,0,0,0,1,31,HOMBRE,FALLECIDO,CONDUCTOR PRESENTE,NO,NO,0
6494,19953,19954,2017,0,0,-0.331421,-78.871667,PICHINCHA,MEJIA,MANUEL CORNEJO ASTORGA,RURAL,2017-09-10,22:40:00,22,DOMINGO,7,SEPTIEMBRE,9,NO,"PRESENCIA DE AGENTES EXTERNOS EN LA VIA (AGUA, ACEITE, PIEDRA, LASTRE, ESCOMBROS, MADEROS, ETC.).",ESTRELLAMIENTOS,AUTOMOVIL,1,0,0,0,0,0,0,0,0,0,0,0,0,1,50,HOMBRE,ILESO,CONDUCTOR PRESENTE,NO,NO,3
6495,19955,19956,2017,1,0,-0.329516,-78.428337,PICHINCHA,RUMINIAHUI,SANGOLQUI,URBANA,2017-09-10,23:00:00,23,DOMINGO,7,SEPTIEMBRE,9,NO,"CONDUCIR DESATENTO A LAS CONDICIONES DE TRANSITO (CELULAR, PANTALLAS DE VIDEO, COMIDA, MAQUILLAJE O CUALQUIER OTRO ELEMENTO DISTRACTOR).",ESTRELLAMIENTOS,MOTOCICLETA,0,0,0,1,0,0,0,0,1,0,0,0,0,2,30,HOMBRE,LESIONADO,PASAJERO,NO,NO,0
6496,19980,19981,2017,0,0,-0.091585,-78.439052,PICHINCHA,QUITO,CALDERON (CARAPUNGO),RURAL,2017-09-11,06:40:00,6,LUNES,1,SEPTIEMBRE,9,NO,NO GUARDAR LA DISTANCIA LATERAL MINIMA DE SEGURIDAD ENTRE VEHICULOS.,ROZAMIENTOS,AUTOMOVIL,2,0,0,0,0,0,0,0,0,0,0,0,0,2,39,HOMBRE,ILESO,CONDUCTOR PRESENTE,NO,NO,3
6497,19982,19983,2017,1,0,-0.268899,-78.543258,PICHINCHA,QUITO,QUITO,URBANA,2017-09-11,06:45:00,6,LUNES,1,SEPTIEMBRE,9,NO,"NO RESPETAR LAS SENIALES REGLAMENTARIAS DE TRANSITO. (PARE, CEDA EL PASO, LUZ ROJA DEL SEMAFORO, ETC).",ATROPELLOS,NO IDENTIFICADO,0,0,0,0,0,0,0,0,0,1,0,0,0,1,10,HOMBRE,LESIONADO,PEATON,NO,NO,0
6498,19985,19986,2017,0,0,-0.322117,-78.520524,PICHINCHA,QUITO,QUITO,URBANA,2017-09-11,07:10:00,7,LUNES,1,SEPTIEMBRE,9,NO,CONDUCIR VEHICULO SUPERANDO LOS LIMITES MAXIMOS DE VELOCIDAD.,CHOQUE POSTERIOR,CAMIONETA,1,0,0,0,1,0,0,0,0,0,0,0,0,2,39,HOMBRE,ILESO,CONDUCTOR PRESENTE,NO,NO,0
6499,19987,19988,2017,1,0,-0.314198,-78.534601,PICHINCHA,QUITO,QUITO,URBANA,2017-09-11,07:40:00,7,LUNES,1,SEPTIEMBRE,9,NO,CONDUCIR VEHICULO SUPERANDO LOS LIMITES MAXIMOS DE VELOCIDAD.,PERDIDA DE PISTA,MOTOCICLETA,0,0,0,0,0,0,0,0,1,0,0,0,0,1,24,HOMBRE,LESIONADO,CONDUCTOR PRESENTE,NO,NO,0
6500,19989,19990,2017,1,0,-0.247131,-78.532411,PICHINCHA,QUITO,QUITO,URBANA,2017-09-11,08:20:00,8,LUNES,1,SEPTIEMBRE,9,NO,NO CEDER EL DERECHO DE VIA O PREFERENCIA DE PASO AL PEATON.,ATROPELLOS,AUTOMOVIL,1,0,0,0,0,0,0,0,0,0,0,0,0,1,87,MUJER,LESIONADO,PEATON,NO,NO,0
6501,19990,19991,2017,0,2,-0.196143,-78.499643,PICHINCHA,QUITO,QUITO,URBANA,2017-09-11,08:52:00,8,LUNES,1,SEPTIEMBRE,9,NO,"FALLA MECANICA EN LOS SISTEMAS Y/O NEUMATICOS (SISTEMA DE FRENOS, DIRECCION, ELECTRONICO O MECANICO).",ATROPELLOS,BUS,0,0,3,0,0,0,0,0,0,0,0,0,0,3,34,MUJER,FALLECIDO,PEATON,NO,NO,0
6502,19991,19992,2017,2,0,-0.188521,-78.448241,PICHINCHA,QUITO,NAYON,RURAL,2017-09-11,09:15:00,9,LUNES,1,SEPTIEMBRE,9,NO,REALIZAR CAMBIO BRUSCO O INDEBIDO DE CARRIL.,CHOQUE FRONTAL,AUTOMOVIL,1,0,0,0,0,0,0,0,0,0,0,0,1,2,21,HOMBRE,LESIONADO,CONDUCTOR PRESENTE,NO,NO,3
6503,19994,19995,2017,1,0,-0.206537,-78.428388,PICHINCHA,QUITO,CUMBAYA,RURAL,2017-09-11,10:00:00,10,LUNES,1,SEPTIEMBRE,9,NO,NO CEDER EL DERECHO DE VIA O PREFERENCIA DE PASO AL PEATON.,ATROPELLOS,AUTOMOVIL,1,0,0,0,0,0,0,0,0,0,0,0,0,1,30,MUJER,LESIONADO,PEATON,NO,NO,3
6504,19995,19996,2017,0,0,-0.135533,-78.461737,PICHINCHA,QUITO,QUITO,URBANA,2017-09-11,10:05:00,10,LUNES,1,SEPTIEMBRE,9,NO,NO GUARDAR LA DISTANCIA LATERAL MINIMA DE SEGURIDAD ENTRE VEHICULOS.,ROZAMIENTOS,CAMIONETA,0,0,0,0,1,0,0,0,0,1,0,0,0,2,27,HOMBRE,ILESO,CONDUCTOR PRESENTE,NO,NO,0
6505,19999,20000,2017,0,0,-0.153171,-78.466254,PICHINCHA,QUITO,QUITO,URBANA,2017-09-11,11:50:00,11,LUNES,1,SEPTIEMBRE,9,NO,NO CEDER EL DERECHO DE VIA O PREFERENCIA DE PASO A VEHICULOS.,CHOQUE LATERAL,BUS,0,0,1,0,1,0,0,0,0,0,0,0,0,2,43,HOMBRE,ILESO,CONDUCTOR PRESENTE,NO,NO,0
6506,20000,20001,2017,1,0,-0.195969,-78.495101,PICHINCHA,QUITO,QUITO,URBANA,2017-09-11,12:48:00,12,LUNES,1,SEPTIEMBRE,9,NO,NO CEDER EL DERECHO DE VIA O PREFERENCIA DE PASO AL PEATON.,ATROPELLOS,AUTOMOVIL,1,0,0,0,0,0,0,0,0,0,0,0,0,1,38,HOMBRE,LESIONADO,PEATON,NO,NO,0
6507,20004,20005,2017,2,0,-0.294781,-78.455381,PICHINCHA,QUITO,ALANGASI,RURAL,2017-09-11,13:45:00,13,LUNES,1,SEPTIEMBRE,9,NO,"NO RESPETAR LAS SENIALES REGLAMENTARIAS DE TRANSITO. (PARE, CEDA EL PASO, LUZ ROJA DEL SEMAFORO, ETC).",CHOQUE LATERAL,VEHICULO DEPORTIVO UTILITARIO,0,0,0,0,0,0,0,0,0,1,0,0,1,2,52,HOMBRE,LESIONADO,CONDUCTOR PRESENTE,NO,NO,3
6508,20007,20008,2017,1,0,-0.282595,-78.470366,PICHINCHA,QUITO,CONOCOTO,RURAL,2017-09-11,14:35:00,14,LUNES,1,SEPTIEMBRE,9,NO,NO CEDER EL DERECHO DE VIA O PREFERENCIA DE PASO AL PEATON.,ARROLLAMIENTOS,NO IDENTIFICADO,0,0,0,0,0,0,0,0,0,1,0,0,0,1,66,HOMBRE,LESIONADO,PEATON,NO,NO,3
6509,20010,20011,2017,1,0,-0.280955,-78.548788,PICHINCHA,QUITO,QUITO,URBANA,2017-09-11,15:35:00,15,LUNES,1,SEPTIEMBRE,9,NO,"NO RESPETAR LAS SENIALES REGLAMENTARIAS DE TRANSITO. (PARE, CEDA EL PASO, LUZ ROJA DEL SEMAFORO, ETC).",ATROPELLOS,NO IDENTIFICADO,0,0,0,0,0,0,0,0,0,1,0,0,0,1,46,HOMBRE,LESIONADO,PEATON,NO,NO,0
6510,20016,20017,2017,1,0,-0.234342,-78.495075,PICHINCHA,QUITO,QUITO,URBANA,2017-09-11,18:28:00,18,LUNES,1,SEPTIEMBRE,9,NO,"CONDUCIR DESATENTO A LAS CONDICIONES DE TRANSITO (CELULAR, PANTALLAS DE VIDEO, COMIDA, MAQUILLAJE O CUALQUIER OTRO ELEMENTO DISTRACTOR).",ATROPELLOS,AUTOMOVIL,1,0,0,0,0,0,0,0,0,0,0,0,0,1,84,MUJER,LESIONADO,PEATON,NO,NO,0
6511,20017,20018,2017,1,0,-0.197163,-78.497918,PICHINCHA,QUITO,QUITO,URBANA,2017-09-11,18:55:00,18,LUNES,1,SEPTIEMBRE,9,NO,CONDUCIR VEHICULO SUPERANDO LOS LIMITES MAXIMOS DE VELOCIDAD.,PERDIDA DE PISTA,MOTOCICLETA,0,0,0,0,0,0,0,0,1,0,0,0,0,1,27,HOMBRE,LESIONADO,CONDUCTOR PRESENTE,NO,NO,0
6512,20020,20021,2017,2,0,-0.190654,-78.499639,PICHINCHA,QUITO,QUITO,URBANA,2017-09-11,20:20:00,20,LUNES,1,SEPTIEMBRE,9,NO,"NO RESPETAR LAS SENIALES REGLAMENTARIAS DE TRANSITO. (PARE, CEDA EL PASO, LUZ ROJA DEL SEMAFORO, ETC).",ATROPELLOS,MOTOCICLETA,0,0,0,0,0,0,0,0,1,0,0,0,0,1,21,HOMBRE,LESIONADO,CONDUCTOR PRESENTE,NO,NO,0
6513,20021,20022,2017,1,0,-0.133782,-78.470819,PICHINCHA,QUITO,QUITO,URBANA,2017-09-11,21:15:00,21,LUNES,1,SEPTIEMBRE,9,NO,"CONDUCIR DESATENTO A LAS CONDICIONES DE TRANSITO (CELULAR, PANTALLAS DE VIDEO, COMIDA, MAQUILLAJE O CUALQUIER OTRO ELEMENTO DISTRACTOR).",ESTRELLAMIENTOS,MOTOCICLETA,0,0,0,0,0,0,0,0,1,1,0,0,0,2,28,HOMBRE,LESIONADO,CONDUCTOR PRESENTE,NO,NO,0
6514,20022,20023,2017,0,0,-0.242475,-78.497488,PICHINCHA,QUITO,QUITO,RURAL,2017-09-11,22:20:00,22,LUNES,1,SEPTIEMBRE,9,NO,"CONDUCE BAJO LA INFLUENCIA DE ALCOHOL, SUSTANCIAS ESTUPEFACIENTES O PSICOTROPICAS Y/O MEDICAMENTOS.",CHOQUE POSTERIOR,MOTOCICLETA,0,0,0,0,0,0,0,0,1,0,0,0,1,2,40,HOMBRE,ILESO,CONDUCTOR PRESENTE,NO,NO,3
6515,20023,20024,2017,0,0,-0.062343,-78.375083,PICHINCHA,QUITO,GUAYLLABAMBA,RURAL,2017-09-11,22:30:00,22,LUNES,1,SEPTIEMBRE,9,NO,CONDUCIR VEHICULO SUPERANDO LOS LIMITES MAXIMOS DE VELOCIDAD.,PERDIDA DE PISTA,AUTOMOVIL,1,0,0,0,0,0,0,0,0,0,0,0,0,1,26,HOMBRE,ILESO,CONDUCTOR PRESENTE,NO,NO,3
6516,20044,20045,2017,0,0,-0.100667,-78.484465,PICHINCHA,QUITO,QUITO,URBANA,2017-09-12,00:50:00,0,MARTES,2,SEPTIEMBRE,9,NO,"NO RESPETAR LAS SENIALES REGLAMENTARIAS DE TRANSITO. (PARE, CEDA EL PASO, LUZ ROJA DEL SEMAFORO, ETC).",CHOQUE LATERAL,MOTOCICLETA,0,0,0,0,0,0,0,0,1,1,0,0,0,2,30,HOMBRE,ILESO,CONDUCTOR PRESENTE,NO,NO,0
6517,20046,20047,2017,1,0,-0.390954,-78.540352,PICHINCHA,MEJIA,CUTUGLAHUA,RURAL,2017-09-12,03:10:00,3,MARTES,2,SEPTIEMBRE,9,NO,CONDUCIR VEHICULO SUPERANDO LOS LIMITES MAXIMOS DE VELOCIDAD.,ESTRELLAMIENTOS,CAMION,0,0,0,1,0,0,0,0,0,0,0,0,0,1,39,HOMBRE,LESIONADO,PASAJERO,NO,NO,3
6518,20049,20050,2017,0,0,-0.437279,-78.623011,PICHINCHA,MEJIA,ALOAG,RURAL,2017-09-12,05:40:00,5,MARTES,2,SEPTIEMBRE,9,NO,CONDUCIR VEHICULO SUPERANDO LOS LIMITES MAXIMOS DE VELOCIDAD.,ESTRELLAMIENTOS,NO IDENTIFICADO,0,0,0,0,0,0,0,0,0,1,0,0,0,1,-1,NO IDENTIFICADO,NO IDENTIFICADO,CONDUCTOR AUSENTE,NO,NO,2
6519,20051,20052,2017,0,0,-0.123889,-78.485799,PICHINCHA,QUITO,QUITO,URBANA,2017-09-12,06:20:00,6,MARTES,2,SEPTIEMBRE,9,NO,NO CEDER EL DERECHO DE VIA O PREFERENCIA DE PASO A VEHICULOS.,CHOQUE LATERAL,CAMIONETA,0,0,0,0,2,0,0,0,0,0,0,0,0,2,26,HOMBRE,ILESO,CONDUCTOR PRESENTE,NO,NO,0
6520,20052,20053,2017,2,1,-0.412634,-78.422124,PICHINCHA,RUMINIAHUI,RUMIPAMBA (RUMINIAHUI),RURAL,2017-09-12,07:00:00,7,MARTES,2,SEPTIEMBRE,9,NO,CONDUCIR VEHICULO SUPERANDO LOS LIMITES MAXIMOS DE VELOCIDAD.,PERDIDA DE PISTA,VEHICULO DEPORTIVO UTILITARIO,0,0,0,0,0,0,0,0,0,0,0,0,1,1,16,MUJER,FALLECIDO,PASAJERO,NO,NO,3