,Unnamed: 0,ID,ANIO,LESIONADOS,FALLECIDOS,LATITUD_Y,LONGITUD_X,PROVINCIA,CANTON,PARROQUIA,ZONA,FECHA,HORA,PERIODO_2,DIA_1,DIA_2,MES_1,MES_2,FERIADO,CAUSA_PROBABLE,TIPO_DE_SINIESTRO,TIPO_DE_VEHICULO_1,AUTOMOVIL,BICICLETA,BUS,CAMION,CAMIONETA,EMERGENCIAS,ESPECIAL,FURGONETA,MOTOCICLETA,NO_IDENTIFICADO,SCOOTER_ELECTRICO,TRICIMOTO,VEHICULO_DEPORTIVO_UTILITARIO,SUMA_DE_VEHICULOS,EDAD_1,SEXO_1,CONDICION_1,PARTICIPANTE_1,CASCO_1,CINTURON_1,KMeans_Cluster
6577,20228,20229,2017,0,0,-0.311601,-78.551796,PICHINCHA,QUITO,QUITO,URBANA,2017-09-14,15:45:00,15,JUEVES,4,SEPTIEMBRE,9,NO,"NO RESPETAR LAS SENIALES REGLAMENTARIAS DE TRANSITO. (PARE, CEDA EL PASO, LUZ ROJA DEL SEMAFORO, ETC).",CHOQUE LATERAL,AUTOMOVIL,1,0,0,0,0,0,0,0,0,0,0,0,1,2,39,HOMBRE,ILESO,CONDUCTOR PRESENTE,NO,NO,0
6578,20233,20234,2017,1,0,-0.214674,-78.505828,PICHINCHA,QUITO,QUITO,URBANA,2017-09-14,17:50:00,17,JUEVES,4,SEPTIEMBRE,9,NO,NO CEDER EL DERECHO DE VIA O PREFERENCIA DE PASO AL PEATON.,ATROPELLOS,VEHICULO DEPORTIVO UTILITARIO,0,0,0,0,0,0,0,0,0,0,0,0,1,1,75,HOMBRE,LESIONADO,PEATON,NO,NO,0
6579,20234,20235,2017,0,0,-0.036221,-78.281121,PICHINCHA,CAYAMBE,SANTA ROSA DE CUZUBAMBA,RURAL,2017-09-14,18:10:00,18,JUEVES,4,SEPTIEMBRE,9,NO,CONDUCIR VEHICULO SUPERANDO LOS LIMITES MAXIMOS DE VELOCIDAD.,VOLCAMIENTOS,CAMIONETA,0,0,0,0,1,0,0,0,0,0,0,0,0,1,-1,NO IDENTIFICADO,NO IDENTIFICADO,CONDUCTOR AUSENTE,NO,NO,2
6580,20236,20237,2017,1,0,-0.113718,-78.492223,PICHINCHA,QUITO,QUITO,URBANA,2017-09-14,18:37:00,18,JUEVES,4,SEPTIEMBRE,9,NO,"NO RESPETAR LAS SENIALES REGLAMENTARIAS DE TRANSITO. (PARE, CEDA EL PASO, LUZ ROJA DEL SEMAFORO, ETC).",ATROPELLOS,NO IDENTIFICADO,0,0,0,0,0,0,0,0,0,1,0,0,0,1,6,HOMBRE,LESIONADO,PEATON,NO,NO,0
6581,20238,20239,2017,1,0,-0.292724,-78.476486,PICHINCHA,QUITO,CONOCOTO,RURAL,2017-09-14,18:40:00,18,JUEVES,4,SEPTIEMBRE,9,NO,NO CEDER EL DERECHO DE VIA O PREFERENCIA DE PASO AL PEATON.,ATROPELLOS,NO IDENTIFICADO,0,0,0,0,0,0,0,0,0,1,0,0,0,1,12,MUJER,LESIONADO,PEATON,NO,NO,3
6582,20239,20240,2017,0,1,-0.318256,-78.557591,PICHINCHA,QUITO,QUITO,URBANA,2017-09-14,18:50:00,18,JUEVES,4,SEPTIEMBRE,9,NO,"NO RESPETAR LAS SENIALES REGLAMENTARIAS DE TRANSITO. (PARE, CEDA EL PASO, LUZ ROJA DEL SEMAFORO, ETC).",ATROPELLOS,NO IDENTIFICADO,0,0,0,0,0,0,0,0,0,1,0,0,0,1,39,HOMBRE,FALLECIDO,PEATON,NO,NO,0
6583,20240,20241,2017,0,0,-0.356372,-78.467738,PICHINCHA,RUMINIAHUI,SANGOLQUI,URBANA,2017-09-14,19:00:00,19,JUEVES,4,SEPTIEMBRE,9,NO,"CONDUCIR DESATENTO A LAS CONDICIONES DE TRANSITO (CELULAR, PANTALLAS DE VIDEO, COMIDA, MAQUILLAJE O CUALQUIER OTRO ELEMENTO DISTRACTOR).",CHOQUE POSTERIOR,ESPECIAL,0,0,0,1,0,0,1,0,0,0,0,0,0,2,42,HOMBRE,ILESO,CONDUCTOR PRESENTE,NO,NO,0
6584,20241,20242,2017,0,0,-0.207385,-78.487149,PICHINCHA,QUITO,QUITO,URBANA,2017-09-14,19:00:00,19,JUEVES,4,SEPTIEMBRE,9,NO,NO GUARDAR LA DISTANCIA LATERAL MINIMA DE SEGURIDAD ENTRE VEHICULOS.,ROZAMIENTOS,AUTOMOVIL,2,0,0,0,0,0,0,0,0,0,0,0,0,2,26,HOMBRE,ILESO,CONDUCTOR PRESENTE,NO,NO,0
6585,20242,20243,2017,4,0,0.012396,-78.561851,PICHINCHA,QUITO,CALACALI,RURAL,2017-09-14,19:20:00,19,JUEVES,4,SEPTIEMBRE,9,NO,CONDUCIR VEHICULO SUPERANDO LOS LIMITES MAXIMOS DE VELOCIDAD.,PERDIDA DE PISTA,CAMION,0,0,0,1,0,0,0,0,0,0,0,0,1,2,64,MUJER,LESIONADO,PASAJERO,NO,NO,3
6586,20249,20250,2017,0,0,-0.262411,-78.518082,PICHINCHA,QUITO,QUITO,URBANA,2017-09-14,21:45:00,21,JUEVES,4,SEPTIEMBRE,9,NO,"CONDUCE BAJO LA INFLUENCIA DE ALCOHOL, SUSTANCIAS ESTUPEFACIENTES O PSICOTROPICAS Y/O MEDICAMENTOS.",CHOQUE LATERAL,AUTOMOVIL,2,0,0,0,0,0,0,0,0,0,0,0,0,2,34,HOMBRE,ILESO,CONDUCTOR PRESENTE,NO,NO,0
6587,20252,20253,2017,2,0,-0.129369,-78.481353,PICHINCHA,QUITO,QUITO,URBANA,2017-09-14,23:05:00,23,JUEVES,4,SEPTIEMBRE,9,NO,"CONDUCE BAJO LA INFLUENCIA DE ALCOHOL, SUSTANCIAS ESTUPEFACIENTES O PSICOTROPICAS Y/O MEDICAMENTOS.",CHOQUE POSTERIOR,AUTOMOVIL,2,0,0,0,0,0,0,0,0,0,0,0,0,2,34,HOMBRE,LESIONADO,CONDUCTOR PRESENTE,NO,NO,0
6588,20276,20277,2017,0,0,-0.210403,-78.482344,PICHINCHA,QUITO,QUITO,URBANA,2017-09-15,01:00:00,1,VIERNES,5,SEPTIEMBRE,9,NO,"CONDUCE BAJO LA INFLUENCIA DE ALCOHOL, SUSTANCIAS ESTUPEFACIENTES O PSICOTROPICAS Y/O MEDICAMENTOS.",ESTRELLAMIENTOS,VEHICULO DEPORTIVO UTILITARIO,0,0,0,0,0,0,0,0,0,0,0,0,1,1,19,HOMBRE,ILESO,CONDUCTOR PRESENTE,NO,NO,0
6589,20279,20280,2017,0,0,-0.210318,-78.494181,PICHINCHA,QUITO,QUITO,URBANA,2017-09-15,02:50:00,2,VIERNES,5,SEPTIEMBRE,9,NO,"CONDUCIR EN ESTADO DE SOMNOLENCIA O MALAS CONDICIONES FISICAS (SUENIO, CANSANCIO Y FATIGA).",ESTRELLAMIENTOS,CAMIONETA,0,0,0,0,1,0,0,0,0,0,0,0,0,1,-1,NO IDENTIFICADO,NO IDENTIFICADO,CONDUCTOR AUSENTE,NO,NO,2
6590,20281,20282,2017,0,0,-0.195572,-78.484141,PICHINCHA,QUITO,QUITO,URBANA,2017-09-15,06:10:00,6,VIERNES,5,SEPTIEMBRE,9,NO,"NO RESPETAR LAS SENIALES REGLAMENTARIAS DE TRANSITO. (PARE, CEDA EL PASO, LUZ ROJA DEL SEMAFORO, ETC).",CHOQUE LATERAL,MOTOCICLETA,0,0,0,0,1,0,0,0,1,0,0,0,0,2,27,HOMBRE,ILESO,CONDUCTOR PRESENTE,NO,NO,0
6591,20283,20284,2017,2,0,-0.239808,-78.522753,PICHINCHA,QUITO,QUITO,URBANA,2017-09-15,06:40:00,6,VIERNES,5,SEPTIEMBRE,9,NO,NO CEDER EL DERECHO DE VIA O PREFERENCIA DE PASO AL PEATON.,ATROPELLOS,MOTOCICLETA,0,0,0,0,0,0,0,0,1,0,0,0,0,1,26,HOMBRE,LESIONADO,CONDUCTOR PRESENTE,NO,NO,0
6592,20286,20287,2017,1,0,-0.099083,-78.421844,PICHINCHA,QUITO,CALDERON (CARAPUNGO),RURAL,2017-09-15,07:40:00,7,VIERNES,5,SEPTIEMBRE,9,NO,NO TRANSITAR POR LAS ACERAS O ZONAS DE SEGURIDAD DESTINADAS PARA EL EFECTO.,ATROPELLOS,NO IDENTIFICADO,0,0,0,0,0,0,0,0,0,1,0,0,0,1,22,HOMBRE,LESIONADO,PEATON,NO,NO,3
6593,20289,20290,2017,1,0,-0.323869,-78.550108,PICHINCHA,QUITO,QUITO,URBANA,2017-09-15,08:55:00,8,VIERNES,5,SEPTIEMBRE,9,NO,NO GUARDAR LA DISTANCIA LATERAL MINIMA DE SEGURIDAD ENTRE VEHICULOS.,ROZAMIENTOS,CAMIONETA,0,0,0,0,1,0,0,0,1,0,0,0,0,2,25,HOMBRE,LESIONADO,CONDUCTOR PRESENTE,NO,NO,0
6594,20297,20298,2017,1,0,-0.218235,-78.511113,PICHINCHA,QUITO,QUITO,URBANA,2017-09-15,12:45:00,12,VIERNES,5,SEPTIEMBRE,9,NO,NO CEDER EL DERECHO DE VIA O PREFERENCIA DE PASO AL PEATON.,ATROPELLOS,AUTOMOVIL,1,0,0,0,0,0,0,0,0,0,0,0,0,1,77,HOMBRE,LESIONADO,PEATON,NO,NO,0
6595,20298,20299,2017,0,0,-0.181522,-78.486436,PICHINCHA,QUITO,QUITO,URBANA,2017-09-15,12:45:00,12,VIERNES,5,SEPTIEMBRE,9,NO,"NO RESPETAR LAS SENIALES REGLAMENTARIAS DE TRANSITO. (PARE, CEDA EL PASO, LUZ ROJA DEL SEMAFORO, ETC).",CHOQUE LATERAL,VEHICULO DEPORTIVO UTILITARIO,0,0,0,0,0,0,0,0,0,0,0,0,2,2,56,HOMBRE,ILESO,CONDUCTOR PRESENTE,NO,NO,0
6596,20299,20300,2017,1,0,-0.235827,-78.515048,PICHINCHA,QUITO,QUITO,URBANA,2017-09-15,12:45:00,12,VIERNES,5,SEPTIEMBRE,9,NO,NO CEDER EL DERECHO DE VIA O PREFERENCIA DE PASO AL PEATON.,ATROPELLOS,AUTOMOVIL,1,0,0,0,0,0,0,0,0,0,0,0,0,1,6,HOMBRE,LESIONADO,PEATON,NO,NO,0
6597,20301,20302,2017,0,0,-0.180349,-78.487886,PICHINCHA,QUITO,QUITO,URBANA,2017-09-15,13:30:00,13,VIERNES,5,SEPTIEMBRE,9,NO,"NO RESPETAR LAS SENIALES REGLAMENTARIAS DE TRANSITO. (PARE, CEDA EL PASO, LUZ ROJA DEL SEMAFORO, ETC).",CHOQUE LATERAL,MOTOCICLETA,0,0,0,0,0,0,0,0,1,0,0,0,1,2,28,HOMBRE,ILESO,CONDUCTOR PRESENTE,NO,NO,0
6598,20302,20303,2017,0,0,-0.243922,-78.539909,PICHINCHA,QUITO,QUITO,URBANA,2017-09-15,13:40:00,13,VIERNES,5,SEPTIEMBRE,9,NO,"CONDUCE BAJO LA INFLUENCIA DE ALCOHOL, SUSTANCIAS ESTUPEFACIENTES O PSICOTROPICAS Y/O MEDICAMENTOS.",CHOQUE LATERAL,AUTOMOVIL,1,0,0,0,1,0,0,0,0,0,0,0,0,2,48,HOMBRE,ILESO,CONDUCTOR PRESENTE,NO,NO,0
6599,20304,20305,2017,0,0,-0.195289,-78.436076,PICHINCHA,QUITO,CUMBAYA,RURAL,2017-09-15,14:30:00,14,VIERNES,5,SEPTIEMBRE,9,NO,"NO RESPETAR LAS SENIALES REGLAMENTARIAS DE TRANSITO. (PARE, CEDA EL PASO, LUZ ROJA DEL SEMAFORO, ETC).",CHOQUE LATERAL,CAMIONETA,1,0,0,0,1,0,0,0,0,0,0,0,0,2,63,HOMBRE,ILESO,CONDUCTOR PRESENTE,NO,NO,3
6600,20305,20306,2017,0,0,-0.241405,-78.529871,PICHINCHA,QUITO,QUITO,URBANA,2017-09-15,15:00:00,15,VIERNES,5,SEPTIEMBRE,9,NO,NO GUARDAR LA DISTANCIA LATERAL MINIMA DE SEGURIDAD ENTRE VEHICULOS.,ROZAMIENTOS,MOTOCICLETA,0,0,0,0,0,0,0,0,1,1,0,0,0,2,31,HOMBRE,ILESO,CONDUCTOR PRESENTE,NO,NO,0
6601,20306,20307,2017,1,0,-0.127232,-78.488721,PICHINCHA,QUITO,QUITO,URBANA,2017-09-15,15:30:00,15,VIERNES,5,SEPTIEMBRE,9,NO,"NO RESPETAR LAS SENIALES REGLAMENTARIAS DE TRANSITO. (PARE, CEDA EL PASO, LUZ ROJA DEL SEMAFORO, ETC).",CHOQUE LATERAL,BICICLETA,0,1,0,0,0,0,0,0,0,0,0,0,1,2,-1,HOMBRE,LESIONADO,CONDUCTOR PRESENTE,NO,NO,0
6602,20307,20308,2017,0,0,-0.161576,-78.495648,PICHINCHA,QUITO,QUITO,URBANA,2017-09-15,15:45:00,15,VIERNES,5,SEPTIEMBRE,9,NO,NO MANTENER LA DISTANCIA PRUDENCIAL CON RESPECTO AL VEHICULO QUE LE ANTECEDE.,CHOQUE POSTERIOR,VEHICULO DEPORTIVO UTILITARIO,0,0,0,0,0,0,0,0,0,1,0,0,1,2,33,MUJER,ILESO,CONDUCTOR PRESENTE,NO,NO,0
6603,20308,20309,2017,0,0,-0.295751,-78.523749,PICHINCHA,QUITO,QUITO,URBANA,2017-09-15,15:50:00,15,VIERNES,5,SEPTIEMBRE,9,NO,NO MANTENER LA DISTANCIA PRUDENCIAL CON RESPECTO AL VEHICULO QUE LE ANTECEDE.,COLISION,AUTOMOVIL,2,0,0,1,0,0,0,0,0,0,0,0,0,3,32,HOMBRE,ILESO,CONDUCTOR PRESENTE,NO,NO,0
6604,20316,20317,2017,0,0,-0.114598,-78.479422,PICHINCHA,QUITO,QUITO,RURAL,2017-09-15,17:00:00,17,VIERNES,5,SEPTIEMBRE,9,NO,NO GUARDAR LA DISTANCIA LATERAL MINIMA DE SEGURIDAD ENTRE VEHICULOS.,ROZAMIENTOS,AUTOMOVIL,1,0,1,0,0,0,0,0,0,0,0,0,0,2,45,HOMBRE,ILESO,CONDUCTOR PRESENTE,NO,NO,3
6605,20319,20320,2017,1,0,-0.260613,-78.546297,PICHINCHA,QUITO,QUITO,URBANA,2017-09-15,17:45:00,17,VIERNES,5,SEPTIEMBRE,9,NO,CONDUCIR VEHICULO SUPERANDO LOS LIMITES MAXIMOS DE VELOCIDAD.,PERDIDA DE PISTA,MOTOCICLETA,0,0,0,0,0,0,0,0,1,0,0,0,0,1,20,HOMBRE,LESIONADO,CONDUCTOR PRESENTE,NO,NO,0
6606,20321,20322,2017,1,0,-0.250226,-78.516996,PICHINCHA,QUITO,QUITO,URBANA,2017-09-15,18:15:00,18,VIERNES,5,SEPTIEMBRE,9,NO,NO CEDER EL DERECHO DE VIA O PREFERENCIA DE PASO AL PEATON.,ATROPELLOS,NO IDENTIFICADO,0,0,0,0,0,0,0,0,0,1,0,0,0,1,15,HOMBRE,LESIONADO,PEATON,NO,NO,0
6607,20322,20323,2017,0,0,-0.180591,-78.490769,PICHINCHA,QUITO,QUITO,URBANA,2017-09-15,18:15:00,18,VIERNES,5,SEPTIEMBRE,9,NO,"NO RESPETAR LAS SENIALES REGLAMENTARIAS DE TRANSITO. (PARE, CEDA EL PASO, LUZ ROJA DEL SEMAFORO, ETC).",CHOQUE LATERAL,AUTOMOVIL,2,0,0,0,0,0,0,0,0,0,0,0,0,2,30,HOMBRE,ILESO,CONDUCTOR PRESENTE,NO,NO,0
6608,20329,20330,2017,1,0,-0.268611,-78.540053,PICHINCHA,QUITO,QUITO,URBANA,2017-09-15,20:10:00,20,VIERNES,5,SEPTIEMBRE,9,NO,"NO RESPETAR LAS SENIALES REGLAMENTARIAS DE TRANSITO. (PARE, CEDA EL PASO, LUZ ROJA DEL SEMAFORO, ETC).",CHOQUE LATERAL,VEHICULO DEPORTIVO UTILITARIO,0,0,0,0,0,0,0,0,0,1,0,0,1,2,18,HOMBRE,LESIONADO,PASAJERO,NO,NO,0
6609,20352,20353,2017,0,0,-0.003685,-78.453007,PICHINCHA,QUITO,SAN ANTONIO (QUITO),URBANA,2017-09-16,00:30:00,0,SABADO,6,SEPTIEMBRE,9,NO,"FALLA MECANICA EN LOS SISTEMAS Y/O NEUMATICOS (SISTEMA DE FRENOS, DIRECCION, ELECTRONICO O MECANICO).",PERDIDA DE PISTA,CAMIONETA,0,0,0,0,1,0,0,0,0,0,0,0,0,1,30,HOMBRE,ILESO,CONDUCTOR PRESENTE,NO,NO,0
6610,20353,20354,2017,0,0,-0.052634,-78.450841,PICHINCHA,QUITO,POMASQUI,RURAL,2017-09-16,00:30:00,0,SABADO,6,SEPTIEMBRE,9,NO,"CONDUCE BAJO LA INFLUENCIA DE ALCOHOL, SUSTANCIAS ESTUPEFACIENTES O PSICOTROPICAS Y/O MEDICAMENTOS.",CHOQUE POSTERIOR,CAMIONETA,1,0,0,0,1,0,0,0,0,0,0,0,0,2,32,HOMBRE,ILESO,CONDUCTOR PRESENTE,NO,NO,3
6611,20356,20357,2017,0,0,-0.212824,-78.402686,PICHINCHA,QUITO,TUMBACO,RURAL,2017-09-16,01:50:00,1,SABADO,6,SEPTIEMBRE,9,NO,"CONDUCIR EN ESTADO DE SOMNOLENCIA O MALAS CONDICIONES FISICAS (SUENIO, CANSANCIO Y FATIGA).",ESTRELLAMIENTOS,VEHICULO DEPORTIVO UTILITARIO,0,0,0,0,0,0,0,0,0,0,0,0,1,1,33,HOMBRE,ILESO,CONDUCTOR PRESENTE,NO,NO,3
6612,20361,20362,2017,0,0,0.024741,-78.153881,PICHINCHA,CAYAMBE,CAYAMBE,URBANA,2017-09-16,02:45:00,2,SABADO,6,SEPTIEMBRE,9,NO,CONDUCIR VEHICULO SUPERANDO LOS LIMITES MAXIMOS DE VELOCIDAD.,ESTRELLAMIENTOS,CAMIONETA,1,0,0,0,1,0,0,0,0,0,0,0,0,2,38,HOMBRE,ILESO,CONDUCTOR PRESENTE,NO,NO,0
6613,20368,20369,2017,1,0,-0.161184,-78.495683,PICHINCHA,QUITO,QUITO,URBANA,2017-09-16,06:10:00,6,SABADO,6,SEPTIEMBRE,9,NO,NO TRANSITAR POR LAS ACERAS O ZONAS DE SEGURIDAD DESTINADAS PARA EL EFECTO.,ATROPELLOS,NO IDENTIFICADO,0,0,0,0,0,0,0,0,0,1,0,0,0,1,35,HOMBRE,LESIONADO,PEATON,NO,NO,0
6614,20369,20370,2017,1,0,-0.245326,-78.534069,PICHINCHA,QUITO,QUITO,URBANA,2017-09-16,06:50:00,6,SABADO,6,SEPTIEMBRE,9,NO,"CONDUCE BAJO LA INFLUENCIA DE ALCOHOL, SUSTANCIAS ESTUPEFACIENTES O PSICOTROPICAS Y/O MEDICAMENTOS.",ESTRELLAMIENTOS,CAMIONETA,0,0,0,0,1,0,0,0,0,0,0,0,0,1,38,HOMBRE,LESIONADO,CONDUCTOR PRESENTE,NO,NO,0
6615,20372,20373,2017,0,0,-0.251137,-78.534081,PICHINCHA,QUITO,QUITO,URBANA,2017-09-16,08:00:00,8,SABADO,6,SEPTIEMBRE,9,NO,CONDUCIR VEHICULO SUPERANDO LOS LIMITES MAXIMOS DE VELOCIDAD.,ESTRELLAMIENTOS,VEHICULO DEPORTIVO UTILITARIO,0,0,0,0,0,0,0,0,0,0,0,0,1,1,-1,NO IDENTIFICADO,NO IDENTIFICADO,CONDUCTOR AUSENTE,NO,NO,2
6616,20373,20374,2017,0,0,-0.233382,-78.484319,PICHINCHA,QUITO,QUITO,URBANA,2017-09-16,08:20:00,8,SABADO,6,SEPTIEMBRE,9,NO,NO MANTENER LA DISTANCIA PRUDENCIAL CON RESPECTO AL VEHICULO QUE LE ANTECEDE.,CHOQUE POSTERIOR,AUTOMOVIL,2,0,0,0,0,0,0,0,0,0,0,0,0,2,29,HOMBRE,ILESO,CONDUCTOR PRESENTE,NO,NO,0
6617,20376,20377,2017,2,0,-0.243922,-78.539909,PICHINCHA,QUITO,QUITO,URBANA,2017-09-16,08:45:00,8,SABADO,6,SEPTIEMBRE,9,NO,NO CEDER EL DERECHO DE VIA O PREFERENCIA DE PASO AL PEATON.,ATROPELLOS,NO IDENTIFICADO,0,0,0,0,0,0,0,0,0,1,0,0,0,1,13,MUJER,LESIONADO,PEATON,NO,NO,0
6618,20377,20378,2017,0,0,-0.095957,-78.453628,PICHINCHA,QUITO,CALDERON (CARAPUNGO),RURAL,2017-09-16,09:20:00,9,SABADO,6,SEPTIEMBRE,9,NO,NO CEDER EL DERECHO DE VIA O PREFERENCIA DE PASO A VEHICULOS.,CHOQUE LATERAL,FURGONETA,1,0,0,0,0,0,0,1,0,0,0,0,0,2,37,HOMBRE,ILESO,CONDUCTOR PRESENTE,NO,NO,3
6619,20378,20379,2017,0,0,-0.093042,-78.479275,PICHINCHA,QUITO,QUITO,URBANA,2017-09-16,10:00:00,10,SABADO,6,SEPTIEMBRE,9,NO,NO MANTENER LA DISTANCIA PRUDENCIAL CON RESPECTO AL VEHICULO QUE LE ANTECEDE.,CHOQUE POSTERIOR,VEHICULO DEPORTIVO UTILITARIO,0,0,1,0,0,0,0,0,0,0,0,0,1,2,39,MUJER,ILESO,CONDUCTOR PRESENTE,NO,NO,0
6620,20379,20380,2017,0,0,-0.318191,-78.553739,PICHINCHA,QUITO,QUITO,URBANA,2017-09-16,10:15:00,10,SABADO,6,SEPTIEMBRE,9,NO,NO GUARDAR LA DISTANCIA LATERAL MINIMA DE SEGURIDAD ENTRE VEHICULOS.,ROZAMIENTOS,AUTOMOVIL,1,0,1,0,0,0,0,0,0,0,0,0,0,2,42,HOMBRE,ILESO,CONDUCTOR PRESENTE,NO,NO,0
6621,20385,20386,2017,0,0,-0.215551,-78.380479,PICHINCHA,QUITO,TUMBACO,URBANA,2017-09-16,12:20:00,12,SABADO,6,SEPTIEMBRE,9,NO,REALIZAR CAMBIO BRUSCO O INDEBIDO DE CARRIL.,CHOQUE FRONTAL,AUTOMOVIL,2,0,0,0,0,0,0,0,0,0,0,0,0,2,23,MUJER,ILESO,CONDUCTOR PRESENTE,NO,NO,0
6622,20386,20387,2017,0,0,-0.190514,-78.508914,PICHINCHA,QUITO,QUITO,URBANA,2017-09-16,12:35:00,12,SABADO,6,SEPTIEMBRE,9,NO,"CONDUCIR DESATENTO A LAS CONDICIONES DE TRANSITO (CELULAR, PANTALLAS DE VIDEO, COMIDA, MAQUILLAJE O CUALQUIER OTRO ELEMENTO DISTRACTOR).",CHOQUE POSTERIOR,AUTOMOVIL,1,0,0,0,0,0,0,0,0,1,0,0,0,2,33,HOMBRE,ILESO,CONDUCTOR PRESENTE,NO,NO,0
6623,20389,20390,2017,0,0,-0.283421,-78.543793,PICHINCHA,QUITO,QUITO,URBANA,2017-09-16,13:30:00,13,SABADO,6,SEPTIEMBRE,9,NO,"CONDUCIR DESATENTO A LAS CONDICIONES DE TRANSITO (CELULAR, PANTALLAS DE VIDEO, COMIDA, MAQUILLAJE O CUALQUIER OTRO ELEMENTO DISTRACTOR).",CHOQUE POSTERIOR,AUTOMOVIL,2,0,0,0,0,0,0,0,0,0,0,0,0,2,31,HOMBRE,ILESO,CONDUCTOR PRESENTE,NO,NO,0
6624,20391,20392,2017,0,0,-0.203654,-78.500684,PICHINCHA,QUITO,QUITO,URBANA,2017-09-16,13:45:00,13,SABADO,6,SEPTIEMBRE,9,NO,NO GUARDAR LA DISTANCIA LATERAL MINIMA DE SEGURIDAD ENTRE VEHICULOS.,ROZAMIENTOS,AUTOMOVIL,1,0,1,0,0,0,0,0,0,0,0,0,0,2,35,HOMBRE,ILESO,CONDUCTOR PRESENTE,NO,NO,0
6625,20392,20393,2017,0,0,-0.235975,-78.527051,PICHINCHA,QUITO,QUITO,URBANA,2017-09-16,13:46:00,13,SABADO,6,SEPTIEMBRE,9,NO,"CONDUCIR DESATENTO A LAS CONDICIONES DE TRANSITO (CELULAR, PANTALLAS DE VIDEO, COMIDA, MAQUILLAJE O CUALQUIER OTRO ELEMENTO DISTRACTOR).",CHOQUE POSTERIOR,BUS,0,0,1,0,0,0,0,0,0,0,0,0,1,2,32,HOMBRE,ILESO,CONDUCTOR PRESENTE,NO,NO,0
6626,20393,20394,2017,0,0,-0.266075,-78.553735,PICHINCHA,QUITO,QUITO,URBANA,2017-09-16,14:20:00,14,SABADO,6,SEPTIEMBRE,9,NO,REALIZAR CAMBIO BRUSCO O INDEBIDO DE CARRIL.,CHOQUE FRONTAL,AUTOMOVIL,2,0,0,0,0,0,0,0,0,0,0,0,0,2,27,HOMBRE,ILESO,CONDUCTOR PRESENTE,NO,NO,0
6627,20401,20402,2017,0,0,-0.148351,-78.481401,PICHINCHA,QUITO,QUITO,URBANA,2017-09-16,17:00:00,17,SABADO,6,SEPTIEMBRE,9,NO,"CONDUCE BAJO LA INFLUENCIA DE ALCOHOL, SUSTANCIAS ESTUPEFACIENTES O PSICOTROPICAS Y/O MEDICAMENTOS.",ESTRELLAMIENTOS,VEHICULO DEPORTIVO UTILITARIO,3,0,0,0,0,0,0,0,0,0,0,0,1,4,37,HOMBRE,ILESO,CONDUCTOR PRESENTE,NO,NO,0
6628,20402,20403,2017,1,0,-0.439061,-78.613591,PICHINCHA,MEJIA,ALOAG,RURAL,2017-09-16,17:20:00,17,SABADO,6,SEPTIEMBRE,9,NO,"NO RESPETAR LAS SENIALES REGLAMENTARIAS DE TRANSITO. (PARE, CEDA EL PASO, LUZ ROJA DEL SEMAFORO, ETC).",CHOQUE LATERAL,CAMION,0,0,0,1,0,0,0,0,0,1,0,0,0,2,38,MUJER,LESIONADO,PASAJERO,NO,NO,3
6629,20408,20409,2017,0,0,-0.089963,-78.440543,PICHINCHA,QUITO,CALDERON (CARAPUNGO),URBANA,2017-09-16,18:35:00,18,SABADO,6,SEPTIEMBRE,9,NO,"NO RESPETAR LAS SENIALES REGLAMENTARIAS DE TRANSITO. (PARE, CEDA EL PASO, LUZ ROJA DEL SEMAFORO, ETC).",CHOQUE LATERAL,AUTOMOVIL,1,0,0,0,0,0,0,0,1,0,0,0,0,2,55,HOMBRE,ILESO,CONDUCTOR PRESENTE,NO,NO,0
6630,20410,20411,2017,2,0,-0.221168,-78.511341,PICHINCHA,QUITO,QUITO,RURAL,2017-09-16,18:50:00,18,SABADO,6,SEPTIEMBRE,9,NO,"CONDUCIR DESATENTO A LAS CONDICIONES DE TRANSITO (CELULAR, PANTALLAS DE VIDEO, COMIDA, MAQUILLAJE O CUALQUIER OTRO ELEMENTO DISTRACTOR).",ESTRELLAMIENTOS,VEHICULO DEPORTIVO UTILITARIO,0,0,0,0,0,0,0,0,0,0,0,0,1,1,2,MUJER,LESIONADO,PEATON,NO,NO,3
6631,20411,20412,2017,1,0,-0.204926,-78.490841,PICHINCHA,QUITO,QUITO,URBANA,2017-09-16,19:00:00,19,SABADO,6,SEPTIEMBRE,9,NO,"NO RESPETAR LAS SENIALES REGLAMENTARIAS DE TRANSITO. (PARE, CEDA EL PASO, LUZ ROJA DEL SEMAFORO, ETC).",CHOQUE LATERAL,NO IDENTIFICADO,0,0,0,0,0,0,0,0,0,2,0,0,0,2,21,HOMBRE,LESIONADO,PASAJERO,NO,NO,0
6632,20415,20416,2017,1,0,-0.102309,-78.489611,PICHINCHA,QUITO,QUITO,URBANA,2017-09-16,19:10:00,19,SABADO,6,SEPTIEMBRE,9,NO,CONDUCIR VEHICULO SUPERANDO LOS LIMITES MAXIMOS DE VELOCIDAD.,ESTRELLAMIENTOS,NO IDENTIFICADO,0,0,0,0,0,0,0,0,0,1,0,0,0,1,35,MUJER,LESIONADO,PASAJERO,NO,NO,0
6633,20422,20423,2017,1,0,-0.176925,-78.488537,PICHINCHA,QUITO,QUITO,URBANA,2017-09-16,22:10:00,22,SABADO,6,SEPTIEMBRE,9,NO,"PEATON TRANSITA BAJO INFLUENCIA DE ALCOHOL, SUSTANCIAS ESTUPEFACIENTES O PSICOTROPICAS Y/O MEDICAMENTOS.",ATROPELLOS,MOTOCICLETA,0,0,0,0,0,0,0,0,1,0,0,0,0,1,37,HOMBRE,LESIONADO,PEATON,NO,NO,0