,Unnamed: 0,ID,ANIO,LESIONADOS,FALLECIDOS,LATITUD_Y,LONGITUD_X,PROVINCIA,CANTON,PARROQUIA,ZONA,FECHA,HORA,PERIODO_2,DIA_1,DIA_2,MES_1,MES_2,FERIADO,CAUSA_PROBABLE,TIPO_DE_SINIESTRO,TIPO_DE_VEHICULO_1,AUTOMOVIL,BICICLETA,BUS,CAMION,CAMIONETA,EMERGENCIAS,ESPECIAL,FURGONETA,MOTOCICLETA,NO_IDENTIFICADO,SCOOTER_ELECTRICO,TRICIMOTO,VEHICULO_DEPORTIVO_UTILITARIO,SUMA_DE_VEHICULOS,EDAD_1,SEXO_1,CONDICION_1,PARTICIPANTE_1,CASCO_1,CINTURON_1,KMeans_Cluster
6690,20661,20662,2017,0,0,-0.081657,-78.473288,PICHINCHA,QUITO,QUITO,URBANA,2017-09-19,23:30:00,23,MARTES,2,SEPTIEMBRE,9,NO,"CONDUCIR EN ESTADO DE SOMNOLENCIA O MALAS CONDICIONES FISICAS (SUENIO, CANSANCIO Y FATIGA).",ESTRELLAMIENTOS,VEHICULO DEPORTIVO UTILITARIO,0,0,0,0,0,0,0,0,0,0,0,0,1,1,-1,NO IDENTIFICADO,NO IDENTIFICADO,CONDUCTOR AUSENTE,NO,NO,2
6691,20678,20679,2017,0,1,-0.166259,-78.486838,PICHINCHA,QUITO,QUITO,URBANA,2017-09-20,00:20:00,0,MIERCOLES,3,SEPTIEMBRE,9,NO,"CONDUCIR EN ESTADO DE SOMNOLENCIA O MALAS CONDICIONES FISICAS (SUENIO, CANSANCIO Y FATIGA).",PERDIDA DE PISTA,MOTOCICLETA,0,0,0,0,0,0,0,0,1,0,0,0,0,1,27,HOMBRE,FALLECIDO,PASAJERO,NO,NO,0
6692,20682,20683,2017,0,0,-0.199767,-78.428809,PICHINCHA,QUITO,CUMBAYA,RURAL,2017-09-20,06:30:00,6,MIERCOLES,3,SEPTIEMBRE,9,NO,"CONDUCIR DESATENTO A LAS CONDICIONES DE TRANSITO (CELULAR, PANTALLAS DE VIDEO, COMIDA, MAQUILLAJE O CUALQUIER OTRO ELEMENTO DISTRACTOR).",ESTRELLAMIENTOS,VEHICULO DEPORTIVO UTILITARIO,0,0,0,0,0,0,0,0,0,0,0,0,1,1,49,MUJER,ILESO,CONDUCTOR PRESENTE,NO,NO,3
6693,20683,20684,2017,1,0,-0.109354,-78.298351,PICHINCHA,QUITO,EL QUINCHE,RURAL,2017-09-20,06:33:00,6,MIERCOLES,3,SEPTIEMBRE,9,NO,NO TRANSITAR POR LAS ACERAS O ZONAS DE SEGURIDAD DESTINADAS PARA EL EFECTO.,ATROPELLOS,VEHICULO DEPORTIVO UTILITARIO,0,0,0,0,0,0,0,0,0,0,0,0,1,1,19,HOMBRE,LESIONADO,PEATON,NO,NO,3
6694,20685,20686,2017,0,0,-0.237492,-78.484551,PICHINCHA,QUITO,QUITO,URBANA,2017-09-20,07:12:00,7,MIERCOLES,3,SEPTIEMBRE,9,NO,NO MANTENER LA DISTANCIA PRUDENCIAL CON RESPECTO AL VEHICULO QUE LE ANTECEDE.,CHOQUE POSTERIOR,AUTOMOVIL,1,0,1,0,0,0,0,0,0,0,0,0,0,2,50,HOMBRE,ILESO,CONDUCTOR PRESENTE,NO,NO,0
6695,20688,20689,2017,0,0,-0.199767,-78.428809,PICHINCHA,QUITO,CUMBAYA,RURAL,2017-09-20,09:15:00,9,MIERCOLES,3,SEPTIEMBRE,9,NO,"CONDUCIR DESATENTO A LAS CONDICIONES DE TRANSITO (CELULAR, PANTALLAS DE VIDEO, COMIDA, MAQUILLAJE O CUALQUIER OTRO ELEMENTO DISTRACTOR).",COLISION,VEHICULO DEPORTIVO UTILITARIO,0,0,0,0,1,0,0,0,0,0,0,0,2,3,53,HOMBRE,ILESO,CONDUCTOR PRESENTE,NO,NO,3
6696,20689,20690,2017,1,0,-0.172638,-78.471243,PICHINCHA,QUITO,QUITO,URBANA,2017-09-20,09:20:00,9,MIERCOLES,3,SEPTIEMBRE,9,NO,NO MANTENER LA DISTANCIA PRUDENCIAL CON RESPECTO AL VEHICULO QUE LE ANTECEDE.,CHOQUE POSTERIOR,BUS,1,0,1,0,0,0,0,0,0,0,0,0,0,2,33,MUJER,LESIONADO,PASAJERO,NO,NO,0
6697,20690,20691,2017,1,0,-0.309654,-78.552922,PICHINCHA,QUITO,QUITO,URBANA,2017-09-20,09:45:00,9,MIERCOLES,3,SEPTIEMBRE,9,NO,NO CEDER EL DERECHO DE VIA O PREFERENCIA DE PASO AL PEATON.,ATROPELLOS,BUS,0,0,1,0,0,0,0,0,0,0,0,0,0,1,61,HOMBRE,LESIONADO,PEATON,NO,NO,0
6698,20691,20692,2017,0,0,-0.331895,-78.547751,PICHINCHA,QUITO,QUITO,URBANA,2017-09-20,09:50:00,9,MIERCOLES,3,SEPTIEMBRE,9,NO,"CONDUCE BAJO LA INFLUENCIA DE ALCOHOL, SUSTANCIAS ESTUPEFACIENTES O PSICOTROPICAS Y/O MEDICAMENTOS.",CHOQUE LATERAL,AUTOMOVIL,1,0,0,1,0,0,0,0,0,0,0,0,0,2,37,HOMBRE,ILESO,CONDUCTOR PRESENTE,NO,NO,0
6699,20692,20693,2017,1,0,-0.189757,-78.488281,PICHINCHA,QUITO,QUITO,URBANA,2017-09-20,09:50:00,9,MIERCOLES,3,SEPTIEMBRE,9,NO,NO CEDER EL DERECHO DE VIA O PREFERENCIA DE PASO AL PEATON.,ATROPELLOS,AUTOMOVIL,1,0,0,0,0,0,0,0,0,0,0,0,0,1,64,HOMBRE,LESIONADO,PEATON,NO,NO,0
6700,20697,20698,2017,0,0,-0.102776,-78.473748,PICHINCHA,QUITO,QUITO,URBANA,2017-09-20,13:30:00,13,MIERCOLES,3,SEPTIEMBRE,9,NO,NO MANTENER LA DISTANCIA PRUDENCIAL CON RESPECTO AL VEHICULO QUE LE ANTECEDE.,COLISION,AUTOMOVIL,3,0,0,0,0,0,0,0,0,0,0,0,0,3,35,HOMBRE,ILESO,CONDUCTOR PRESENTE,NO,NO,0
6701,20700,20701,2017,0,0,-0.164052,-78.471665,PICHINCHA,QUITO,QUITO,URBANA,2017-09-20,16:20:00,16,MIERCOLES,3,SEPTIEMBRE,9,NO,"CONDUCIR DESATENTO A LAS CONDICIONES DE TRANSITO (CELULAR, PANTALLAS DE VIDEO, COMIDA, MAQUILLAJE O CUALQUIER OTRO ELEMENTO DISTRACTOR).",CHOQUE POSTERIOR,AUTOMOVIL,2,0,0,0,0,0,0,0,0,0,0,0,0,2,54,MUJER,ILESO,CONDUCTOR PRESENTE,NO,NO,0
6702,20703,20704,2017,1,0,-0.157391,-78.485062,PICHINCHA,QUITO,QUITO,URBANA,2017-09-20,17:25:00,17,MIERCOLES,3,SEPTIEMBRE,9,NO,CONDUCIR VEHICULO SUPERANDO LOS LIMITES MAXIMOS DE VELOCIDAD.,PERDIDA DE PISTA,MOTOCICLETA,0,0,0,0,0,0,0,0,1,0,0,0,0,1,33,HOMBRE,LESIONADO,CONDUCTOR PRESENTE,NO,NO,0
6703,20704,20705,2017,0,0,-0.299342,-78.559103,PICHINCHA,QUITO,QUITO,URBANA,2017-09-20,17:50:00,17,MIERCOLES,3,SEPTIEMBRE,9,NO,"NO RESPETAR LAS SENIALES REGLAMENTARIAS DE TRANSITO. (PARE, CEDA EL PASO, LUZ ROJA DEL SEMAFORO, ETC).",CHOQUE LATERAL,AUTOMOVIL,1,0,0,1,0,0,0,0,0,0,0,0,0,2,30,HOMBRE,ILESO,CONDUCTOR PRESENTE,NO,NO,0
6704,20705,20706,2017,1,0,-0.000371,-78.533055,PICHINCHA,QUITO,CALACALI,RURAL,2017-09-20,18:10:00,18,MIERCOLES,3,SEPTIEMBRE,9,NO,NO GUARDAR LA DISTANCIA LATERAL MINIMA DE SEGURIDAD ENTRE VEHICULOS.,CHOQUE LATERAL,MOTOCICLETA,0,0,0,0,1,0,0,0,1,0,0,0,0,2,42,HOMBRE,LESIONADO,CONDUCTOR PRESENTE,NO,NO,3
6705,20711,20712,2017,0,0,-0.095152,-78.453091,PICHINCHA,QUITO,CALDERON (CARAPUNGO),RURAL,2017-09-20,22:25:00,22,MIERCOLES,3,SEPTIEMBRE,9,NO,"CONDUCIR EN ESTADO DE SOMNOLENCIA O MALAS CONDICIONES FISICAS (SUENIO, CANSANCIO Y FATIGA).",ESTRELLAMIENTOS,AUTOMOVIL,1,0,0,0,0,0,0,0,0,1,0,0,0,2,48,HOMBRE,ILESO,CONDUCTOR PRESENTE,NO,NO,3
6706,20732,20733,2017,2,0,-0.290965,-78.567131,PICHINCHA,QUITO,QUITO,URBANA,2017-09-21,00:07:00,0,JUEVES,4,SEPTIEMBRE,9,NO,NO TRANSITAR POR LAS ACERAS O ZONAS DE SEGURIDAD DESTINADAS PARA EL EFECTO.,ATROPELLOS,NO IDENTIFICADO,0,0,0,0,0,0,0,0,0,1,0,0,0,1,26,HOMBRE,LESIONADO,PEATON,NO,NO,0
6707,20734,20735,2017,1,0,-0.129369,-78.481353,PICHINCHA,QUITO,QUITO,URBANA,2017-09-21,00:15:00,0,JUEVES,4,SEPTIEMBRE,9,NO,"CONDUCIR EN ESTADO DE SOMNOLENCIA O MALAS CONDICIONES FISICAS (SUENIO, CANSANCIO Y FATIGA).",CHOQUE POSTERIOR,AUTOMOVIL,1,0,0,0,0,0,0,0,0,1,0,0,0,2,53,MUJER,LESIONADO,PASAJERO,NO,NO,0
6708,20736,20737,2017,0,0,-0.239471,-78.334097,PICHINCHA,QUITO,PIFO,URBANA,2017-09-21,01:00:00,1,JUEVES,4,SEPTIEMBRE,9,NO,"CONDUCIR DESATENTO A LAS CONDICIONES DE TRANSITO (CELULAR, PANTALLAS DE VIDEO, COMIDA, MAQUILLAJE O CUALQUIER OTRO ELEMENTO DISTRACTOR).",PERDIDA DE PISTA,CAMION,0,0,0,1,0,0,0,0,0,0,0,0,0,1,-1,NO IDENTIFICADO,NO IDENTIFICADO,CONDUCTOR AUSENTE,NO,NO,2
6709,20738,20739,2017,0,0,-0.223576,-78.510911,PICHINCHA,QUITO,QUITO,URBANA,2017-09-21,02:00:00,2,JUEVES,4,SEPTIEMBRE,9,NO,"CONDUCIR EN ESTADO DE SOMNOLENCIA O MALAS CONDICIONES FISICAS (SUENIO, CANSANCIO Y FATIGA).",ESTRELLAMIENTOS,AUTOMOVIL,1,0,0,0,0,0,0,0,0,0,0,0,0,1,-1,NO IDENTIFICADO,NO IDENTIFICADO,CONDUCTOR AUSENTE,NO,NO,2
6710,20739,20740,2017,1,0,-0.141429,-78.482885,PICHINCHA,QUITO,QUITO,URBANA,2017-09-21,02:20:00,2,JUEVES,4,SEPTIEMBRE,9,NO,"CONDUCIR EN ESTADO DE SOMNOLENCIA O MALAS CONDICIONES FISICAS (SUENIO, CANSANCIO Y FATIGA).",ESTRELLAMIENTOS,VEHICULO DEPORTIVO UTILITARIO,0,0,0,0,0,0,0,0,0,0,0,0,1,1,26,HOMBRE,LESIONADO,PASAJERO,NO,NO,0
6711,20740,20741,2017,0,0,-0.198684,-78.500504,PICHINCHA,QUITO,QUITO,URBANA,2017-09-21,03:50:00,3,JUEVES,4,SEPTIEMBRE,9,NO,"CONDUCIR EN ESTADO DE SOMNOLENCIA O MALAS CONDICIONES FISICAS (SUENIO, CANSANCIO Y FATIGA).",ESTRELLAMIENTOS,AUTOMOVIL,1,0,0,0,0,0,0,0,0,0,0,0,0,1,-1,NO IDENTIFICADO,NO IDENTIFICADO,CONDUCTOR AUSENTE,NO,NO,2
6712,20741,20742,2017,0,0,-0.219644,-78.518361,PICHINCHA,QUITO,QUITO,URBANA,2017-09-21,04:50:00,4,JUEVES,4,SEPTIEMBRE,9,NO,"NO RESPETAR LAS SENIALES REGLAMENTARIAS DE TRANSITO. (PARE, CEDA EL PASO, LUZ ROJA DEL SEMAFORO, ETC).",CHOQUE LATERAL,AUTOMOVIL,1,0,0,0,0,0,0,0,0,1,0,0,0,2,24,HOMBRE,ILESO,CONDUCTOR PRESENTE,NO,NO,0
6713,20743,20744,2017,1,0,-0.260041,-78.539328,PICHINCHA,QUITO,QUITO,URBANA,2017-09-21,05:55:00,5,JUEVES,4,SEPTIEMBRE,9,NO,"NO RESPETAR LAS SENIALES REGLAMENTARIAS DE TRANSITO. (PARE, CEDA EL PASO, LUZ ROJA DEL SEMAFORO, ETC).",CHOQUE LATERAL,AUTOMOVIL,1,0,0,0,0,0,0,0,1,0,0,0,0,2,28,HOMBRE,LESIONADO,CONDUCTOR PRESENTE,NO,NO,0
6714,20746,20747,2017,1,0,-0.292724,-78.476486,PICHINCHA,QUITO,CONOCOTO,URBANA,2017-09-21,06:55:00,6,JUEVES,4,SEPTIEMBRE,9,NO,NO CEDER EL DERECHO DE VIA O PREFERENCIA DE PASO AL PEATON.,ATROPELLOS,AUTOMOVIL,1,0,0,0,0,0,0,0,0,0,0,0,0,1,14,MUJER,LESIONADO,PEATON,NO,NO,0
6715,20747,20748,2017,1,0,-0.179484,-78.481435,PICHINCHA,QUITO,QUITO,URBANA,2017-09-21,07:15:00,7,JUEVES,4,SEPTIEMBRE,9,NO,"CONDUCE BAJO LA INFLUENCIA DE ALCOHOL, SUSTANCIAS ESTUPEFACIENTES O PSICOTROPICAS Y/O MEDICAMENTOS.",CHOQUE LATERAL,VEHICULO DEPORTIVO UTILITARIO,0,0,0,0,0,0,0,0,1,0,0,0,1,2,27,HOMBRE,LESIONADO,CONDUCTOR PRESENTE,NO,NO,0
6716,20748,20749,2017,2,0,-0.212891,-78.488362,PICHINCHA,QUITO,QUITO,URBANA,2017-09-21,07:25:00,7,JUEVES,4,SEPTIEMBRE,9,NO,NO MANTENER LA DISTANCIA PRUDENCIAL CON RESPECTO AL VEHICULO QUE LE ANTECEDE.,COLISION,AUTOMOVIL,1,0,0,0,0,0,0,0,0,0,0,0,3,4,35,MUJER,LESIONADO,CONDUCTOR PRESENTE,NO,NO,0
6717,20750,20751,2017,1,0,-0.144229,-78.469533,PICHINCHA,QUITO,QUITO,URBANA,2017-09-21,07:45:00,7,JUEVES,4,SEPTIEMBRE,9,NO,NO CEDER EL DERECHO DE VIA O PREFERENCIA DE PASO AL PEATON.,ATROPELLOS,NO IDENTIFICADO,0,0,0,0,0,0,0,0,0,1,0,0,0,1,3,HOMBRE,LESIONADO,PEATON,NO,NO,0
6718,20753,20754,2017,1,0,-0.252259,-78.539108,PICHINCHA,QUITO,QUITO,URBANA,2017-09-21,08:45:00,8,JUEVES,4,SEPTIEMBRE,9,NO,NO CEDER EL DERECHO DE VIA O PREFERENCIA DE PASO AL PEATON.,ATROPELLOS,AUTOMOVIL,1,0,0,0,0,0,0,0,0,0,0,0,0,1,7,MUJER,LESIONADO,PEATON,NO,NO,0
6719,20755,20756,2017,0,0,-0.126991,-78.493835,PICHINCHA,QUITO,QUITO,URBANA,2017-09-21,09:55:00,9,JUEVES,4,SEPTIEMBRE,9,NO,"NO RESPETAR LAS SENIALES REGLAMENTARIAS DE TRANSITO. (PARE, CEDA EL PASO, LUZ ROJA DEL SEMAFORO, ETC).",CHOQUE LATERAL,FURGONETA,0,0,0,0,0,0,0,1,1,0,0,0,0,2,36,HOMBRE,ILESO,CONDUCTOR PRESENTE,NO,NO,0
6720,20757,20758,2017,1,0,-0.204715,-78.482607,PICHINCHA,QUITO,QUITO,URBANA,2017-09-21,11:16:00,11,JUEVES,4,SEPTIEMBRE,9,NO,"CONDUCIR DESATENTO A LAS CONDICIONES DE TRANSITO (CELULAR, PANTALLAS DE VIDEO, COMIDA, MAQUILLAJE O CUALQUIER OTRO ELEMENTO DISTRACTOR).",ESTRELLAMIENTOS,MOTOCICLETA,0,0,0,0,0,0,1,0,1,0,0,0,0,2,23,MUJER,LESIONADO,PASAJERO,NO,NO,0
6721,20759,20760,2017,0,1,-0.388779,-78.534182,PICHINCHA,MEJIA,UYUMBICHO,RURAL,2017-09-21,12:00:00,12,JUEVES,4,SEPTIEMBRE,9,NO,DEJAR O RECOGER PASAJEROS EN LUGARES NO PERMITIDOS.,CAIDA DE PASAJERO,CAMIONETA,0,0,0,0,1,0,0,0,1,0,0,0,0,2,34,HOMBRE,FALLECIDO,CONDUCTOR PRESENTE,NO,SI,3
6722,20762,20763,2017,0,0,-0.290261,-78.475697,PICHINCHA,QUITO,CONOCOTO,URBANA,2017-09-21,13:45:00,13,JUEVES,4,SEPTIEMBRE,9,NO,REALIZAR CAMBIO BRUSCO O INDEBIDO DE CARRIL.,ESTRELLAMIENTOS,AUTOMOVIL,1,0,0,0,0,0,0,0,0,1,0,0,0,2,31,HOMBRE,ILESO,CONDUCTOR PRESENTE,NO,NO,0
6723,20764,20765,2017,0,0,-0.221043,-78.508904,PICHINCHA,QUITO,QUITO,URBANA,2017-09-21,14:20:00,14,JUEVES,4,SEPTIEMBRE,9,NO,NO GUARDAR LA DISTANCIA LATERAL MINIMA DE SEGURIDAD ENTRE VEHICULOS.,ROZAMIENTOS,AUTOMOVIL,1,0,1,0,0,0,0,0,0,0,0,0,0,2,37,MUJER,ILESO,CONDUCTOR PRESENTE,NO,NO,0
6724,20766,20767,2017,4,0,-0.154618,-78.497349,PICHINCHA,QUITO,QUITO,URBANA,2017-09-21,14:30:00,14,JUEVES,4,SEPTIEMBRE,9,NO,"NO RESPETAR LAS SENIALES REGLAMENTARIAS DE TRANSITO. (PARE, CEDA EL PASO, LUZ ROJA DEL SEMAFORO, ETC).",CHOQUE LATERAL,AUTOMOVIL,3,0,0,0,0,0,0,0,0,0,0,0,0,3,27,HOMBRE,LESIONADO,CONDUCTOR PRESENTE,NO,NO,0
6725,20767,20768,2017,2,0,-0.089881,-78.517157,PICHINCHA,QUITO,QUITO,URBANA,2017-09-21,14:50:00,14,JUEVES,4,SEPTIEMBRE,9,NO,CONDUCIR VEHICULO SUPERANDO LOS LIMITES MAXIMOS DE VELOCIDAD.,VOLCAMIENTOS,CAMIONETA,0,0,0,0,2,0,0,0,0,0,0,0,0,2,38,HOMBRE,LESIONADO,PEATON,NO,NO,0
6726,20769,20770,2017,0,0,-0.166388,-78.486771,PICHINCHA,QUITO,QUITO,URBANA,2017-09-21,15:50:00,15,JUEVES,4,SEPTIEMBRE,9,NO,NO GUARDAR LA DISTANCIA LATERAL MINIMA DE SEGURIDAD ENTRE VEHICULOS.,ROZAMIENTOS,AUTOMOVIL,2,0,0,0,0,0,0,0,0,0,0,0,0,2,19,HOMBRE,ILESO,CONDUCTOR PRESENTE,NO,NO,0
6727,20771,20772,2017,1,0,-0.299348,-78.542072,PICHINCHA,QUITO,QUITO,URBANA,2017-09-21,17:50:00,17,JUEVES,4,SEPTIEMBRE,9,NO,NO MANTENER LA DISTANCIA PRUDENCIAL CON RESPECTO AL VEHICULO QUE LE ANTECEDE.,CHOQUE POSTERIOR,MOTOCICLETA,1,0,0,0,0,0,0,0,1,0,0,0,0,2,23,HOMBRE,LESIONADO,CONDUCTOR PRESENTE,NO,NO,0
6728,20773,20774,2017,1,0,-0.206361,-78.428531,PICHINCHA,QUITO,CUMBAYA,RURAL,2017-09-21,18:45:00,18,JUEVES,4,SEPTIEMBRE,9,NO,NO TRANSITAR POR LAS ACERAS O ZONAS DE SEGURIDAD DESTINADAS PARA EL EFECTO.,ATROPELLOS,NO IDENTIFICADO,0,0,0,0,0,0,0,0,0,1,0,0,0,1,21,HOMBRE,LESIONADO,PEATON,NO,NO,3
6729,20774,20775,2017,2,0,-0.215783,-78.387234,PICHINCHA,QUITO,TUMBACO,RURAL,2017-09-21,19:00:00,19,JUEVES,4,SEPTIEMBRE,9,NO,NO CEDER EL DERECHO DE VIA O PREFERENCIA DE PASO A VEHICULOS.,CHOQUE LATERAL,VEHICULO DEPORTIVO UTILITARIO,0,0,0,0,0,0,0,0,1,0,0,0,1,2,41,MUJER,LESIONADO,PASAJERO,NO,NO,3
6730,20779,20780,2017,2,0,-0.144708,-78.474749,PICHINCHA,QUITO,QUITO,URBANA,2017-09-21,19:50:00,19,JUEVES,4,SEPTIEMBRE,9,NO,NO GUARDAR LA DISTANCIA LATERAL MINIMA DE SEGURIDAD ENTRE VEHICULOS.,ROZAMIENTOS,AUTOMOVIL,1,0,0,0,0,0,0,0,1,0,0,0,0,2,25,HOMBRE,LESIONADO,PASAJERO,NO,NO,0
6731,20781,20782,2017,1,0,-0.098762,-78.499469,PICHINCHA,QUITO,QUITO,URBANA,2017-09-21,20:10:00,20,JUEVES,4,SEPTIEMBRE,9,NO,BAJARSE O SUBIRSE DE VEHICULOS EN MOVIMIENTO SIN TOMAR LAS PRECAUCIONES DEBIDAS.,CAIDA DE PASAJERO,BUS,0,0,1,0,0,0,0,0,0,0,0,0,0,1,51,MUJER,LESIONADO,PASAJERO,NO,NO,0
6732,20782,20783,2017,0,0,-0.238301,-78.511212,PICHINCHA,QUITO,QUITO,URBANA,2017-09-21,20:10:00,20,JUEVES,4,SEPTIEMBRE,9,NO,"NO RESPETAR LAS SENIALES REGLAMENTARIAS DE TRANSITO. (PARE, CEDA EL PASO, LUZ ROJA DEL SEMAFORO, ETC).",CHOQUE LATERAL,CAMIONETA,0,0,0,0,1,0,0,0,0,1,0,0,0,2,43,MUJER,ILESO,CONDUCTOR PRESENTE,NO,NO,0
6733,20784,20785,2017,0,0,-0.120476,-78.493981,PICHINCHA,QUITO,QUITO,URBANA,2017-09-21,20:15:00,20,JUEVES,4,SEPTIEMBRE,9,NO,"NO RESPETAR LAS SENIALES REGLAMENTARIAS DE TRANSITO. (PARE, CEDA EL PASO, LUZ ROJA DEL SEMAFORO, ETC).",CHOQUE LATERAL,AUTOMOVIL,2,0,0,0,0,0,0,0,0,0,0,0,0,2,37,HOMBRE,ILESO,CONDUCTOR PRESENTE,NO,NO,0
6734,20785,20786,2017,0,0,-0.150099,-78.454811,PICHINCHA,QUITO,QUITO,URBANA,2017-09-21,20:40:00,20,JUEVES,4,SEPTIEMBRE,9,NO,CONDUCIR VEHICULO SUPERANDO LOS LIMITES MAXIMOS DE VELOCIDAD.,PERDIDA DE PISTA,AUTOMOVIL,1,0,0,0,0,0,0,0,0,0,0,0,0,1,-1,NO IDENTIFICADO,NO IDENTIFICADO,CONDUCTOR AUSENTE,NO,NO,2
6735,20787,20788,2017,0,0,-0.298794,-78.547167,PICHINCHA,QUITO,QUITO,URBANA,2017-09-21,21:25:00,21,JUEVES,4,SEPTIEMBRE,9,NO,CONDUCIR VEHICULO SUPERANDO LOS LIMITES MAXIMOS DE VELOCIDAD.,PERDIDA DE PISTA,AUTOMOVIL,1,0,0,0,0,0,0,0,0,0,0,0,0,1,-1,NO IDENTIFICADO,NO IDENTIFICADO,CONDUCTOR AUSENTE,NO,NO,2
6736,20789,20790,2017,0,0,-0.188211,-78.516441,PICHINCHA,QUITO,QUITO,URBANA,2017-09-21,22:00:00,22,JUEVES,4,SEPTIEMBRE,9,NO,"CONDUCE BAJO LA INFLUENCIA DE ALCOHOL, SUSTANCIAS ESTUPEFACIENTES O PSICOTROPICAS Y/O MEDICAMENTOS.",CHOQUE LATERAL,AUTOMOVIL,2,0,0,0,0,0,0,0,0,0,0,0,0,2,41,HOMBRE,ILESO,CONDUCTOR PRESENTE,NO,NO,0
6737,20792,20793,2017,3,0,-0.182313,-78.489987,PICHINCHA,QUITO,QUITO,URBANA,2017-09-21,23:25:00,23,JUEVES,4,SEPTIEMBRE,9,NO,"CONDUCE BAJO LA INFLUENCIA DE ALCOHOL, SUSTANCIAS ESTUPEFACIENTES O PSICOTROPICAS Y/O MEDICAMENTOS.",ESTRELLAMIENTOS,AUTOMOVIL,4,0,0,0,0,0,0,0,0,0,0,0,0,4,21,HOMBRE,LESIONADO,CONDUCTOR PRESENTE,NO,NO,0
6738,20815,20816,2017,0,0,-0.202993,-78.499089,PICHINCHA,QUITO,QUITO,URBANA,2017-09-22,02:40:00,2,VIERNES,5,SEPTIEMBRE,9,NO,"CONDUCIR EN ESTADO DE SOMNOLENCIA O MALAS CONDICIONES FISICAS (SUENIO, CANSANCIO Y FATIGA).",ESTRELLAMIENTOS,AUTOMOVIL,1,0,0,0,0,0,0,0,0,0,0,0,0,1,-1,NO IDENTIFICADO,NO IDENTIFICADO,CONDUCTOR AUSENTE,NO,NO,2
6739,20818,20819,2017,0,0,-0.120618,-78.509027,PICHINCHA,QUITO,QUITO,URBANA,2017-09-22,06:30:00,6,VIERNES,5,SEPTIEMBRE,9,NO,"CONDUCIR DESATENTO A LAS CONDICIONES DE TRANSITO (CELULAR, PANTALLAS DE VIDEO, COMIDA, MAQUILLAJE O CUALQUIER OTRO ELEMENTO DISTRACTOR).",CHOQUE POSTERIOR,AUTOMOVIL,2,0,0,0,0,0,0,0,0,0,0,0,0,2,39,MUJER,ILESO,CONDUCTOR PRESENTE,NO,NO,0
6740,20820,20821,2017,0,0,-0.242029,-78.520966,PICHINCHA,QUITO,QUITO,URBANA,2017-09-22,07:02:00,7,VIERNES,5,SEPTIEMBRE,9,NO,"NO RESPETAR LAS SENIALES REGLAMENTARIAS DE TRANSITO. (PARE, CEDA EL PASO, LUZ ROJA DEL SEMAFORO, ETC).",CHOQUE LATERAL,AUTOMOVIL,2,0,0,0,0,0,0,0,0,0,0,0,0,2,32,HOMBRE,ILESO,CONDUCTOR PRESENTE,NO,NO,0
6741,20821,20822,2017,0,0,-0.212824,-78.402686,PICHINCHA,QUITO,TUMBACO,RURAL,2017-09-22,07:20:00,7,VIERNES,5,SEPTIEMBRE,9,NO,"NO RESPETAR LAS SENIALES REGLAMENTARIAS DE TRANSITO. (PARE, CEDA EL PASO, LUZ ROJA DEL SEMAFORO, ETC).",CHOQUE LATERAL,AUTOMOVIL,2,0,0,0,0,0,0,0,0,0,0,0,0,2,31,HOMBRE,ILESO,CONDUCTOR PRESENTE,NO,NO,3
6742,20825,20826,2017,0,0,-0.094582,-78.452999,PICHINCHA,QUITO,CALDERON (CARAPUNGO),RURAL,2017-09-22,08:30:00,8,VIERNES,5,SEPTIEMBRE,9,NO,"NO RESPETAR LAS SENIALES REGLAMENTARIAS DE TRANSITO. (PARE, CEDA EL PASO, LUZ ROJA DEL SEMAFORO, ETC).",CHOQUE LATERAL,AUTOMOVIL,1,0,0,0,0,0,0,1,0,0,0,0,0,2,48,HOMBRE,ILESO,CONDUCTOR PRESENTE,NO,NO,3
6743,20826,20827,2017,0,0,-0.161952,-78.483185,PICHINCHA,QUITO,QUITO,URBANA,2017-09-22,08:48:00,8,VIERNES,5,SEPTIEMBRE,9,NO,NO GUARDAR LA DISTANCIA LATERAL MINIMA DE SEGURIDAD ENTRE VEHICULOS.,ROZAMIENTOS,BUS,1,0,1,0,0,0,0,0,0,0,0,0,0,2,49,HOMBRE,ILESO,CONDUCTOR PRESENTE,NO,NO,0
6744,20832,20833,2017,0,0,-0.187474,-78.478279,PICHINCHA,QUITO,QUITO,URBANA,2017-09-22,10:30:00,10,VIERNES,5,SEPTIEMBRE,9,NO,NO GUARDAR LA DISTANCIA LATERAL MINIMA DE SEGURIDAD ENTRE VEHICULOS.,ROZAMIENTOS,VEHICULO DEPORTIVO UTILITARIO,0,0,0,0,0,0,0,0,0,1,0,0,1,2,-1,NO IDENTIFICADO,NO IDENTIFICADO,CONDUCTOR AUSENTE,NO,NO,2
6745,20834,20835,2017,0,0,-0.203635,-78.496791,PICHINCHA,QUITO,QUITO,URBANA,2017-09-22,11:30:00,11,VIERNES,5,SEPTIEMBRE,9,NO,"NO RESPETAR LAS SENIALES REGLAMENTARIAS DE TRANSITO. (PARE, CEDA EL PASO, LUZ ROJA DEL SEMAFORO, ETC).",CHOQUE LATERAL,VEHICULO DEPORTIVO UTILITARIO,1,0,0,0,0,0,0,0,0,0,0,0,1,2,32,MUJER,ILESO,CONDUCTOR PRESENTE,NO,NO,0
6746,20835,20836,2017,1,0,-0.004594,-78.443701,PICHINCHA,QUITO,SAN ANTONIO (QUITO),RURAL,2017-09-22,11:30:00,11,VIERNES,5,SEPTIEMBRE,9,NO,"NO RESPETAR LAS SENIALES REGLAMENTARIAS DE TRANSITO. (PARE, CEDA EL PASO, LUZ ROJA DEL SEMAFORO, ETC).",ATROPELLOS,AUTOMOVIL,1,0,0,0,0,0,0,0,0,0,0,0,0,1,70,MUJER,LESIONADO,PEATON,NO,NO,3