,Unnamed: 0,ID,ANIO,LESIONADOS,FALLECIDOS,LATITUD_Y,LONGITUD_X,PROVINCIA,CANTON,PARROQUIA,ZONA,FECHA,HORA,PERIODO_2,DIA_1,DIA_2,MES_1,MES_2,FERIADO,CAUSA_PROBABLE,TIPO_DE_SINIESTRO,TIPO_DE_VEHICULO_1,AUTOMOVIL,BICICLETA,BUS,CAMION,CAMIONETA,EMERGENCIAS,ESPECIAL,FURGONETA,MOTOCICLETA,NO_IDENTIFICADO,SCOOTER_ELECTRICO,TRICIMOTO,VEHICULO_DEPORTIVO_UTILITARIO,SUMA_DE_VEHICULOS,EDAD_1,SEXO_1,CONDICION_1,PARTICIPANTE_1,CASCO_1,CINTURON_1,KMeans_Cluster
6747,20836,20837,2017,1,0,-0.211998,-78.502981,PICHINCHA,QUITO,QUITO,URBANA,2017-09-22,11:35:00,11,VIERNES,5,SEPTIEMBRE,9,NO,NO CEDER EL DERECHO DE VIA O PREFERENCIA DE PASO AL PEATON.,ATROPELLOS,AUTOMOVIL,1,0,0,0,0,0,0,0,0,0,0,0,0,1,28,MUJER,LESIONADO,PEATON,NO,NO,0
6748,20839,20840,2017,1,0,-0.157135,-78.485433,PICHINCHA,QUITO,QUITO,URBANA,2017-09-22,12:15:00,12,VIERNES,5,SEPTIEMBRE,9,NO,NO CEDER EL DERECHO DE VIA O PREFERENCIA DE PASO AL PEATON.,ATROPELLOS,NO IDENTIFICADO,0,0,0,0,0,0,0,0,0,1,0,0,0,1,24,HOMBRE,LESIONADO,PEATON,NO,NO,0
6749,20840,20841,2017,2,0,-0.318256,-78.557591,PICHINCHA,QUITO,QUITO,URBANA,2017-09-22,12:40:00,12,VIERNES,5,SEPTIEMBRE,9,NO,"NO RESPETAR LAS SENIALES REGLAMENTARIAS DE TRANSITO. (PARE, CEDA EL PASO, LUZ ROJA DEL SEMAFORO, ETC).",ATROPELLOS,MOTOCICLETA,0,0,0,0,0,0,0,0,1,0,0,0,0,1,66,HOMBRE,LESIONADO,PEATON,NO,NO,0
6750,20842,20843,2017,0,0,-0.170177,-78.479921,PICHINCHA,QUITO,QUITO,URBANA,2017-09-22,13:10:00,13,VIERNES,5,SEPTIEMBRE,9,NO,NO GUARDAR LA DISTANCIA LATERAL MINIMA DE SEGURIDAD ENTRE VEHICULOS.,ROZAMIENTOS,VEHICULO DEPORTIVO UTILITARIO,0,0,0,0,0,0,0,0,1,0,0,0,1,2,60,HOMBRE,ILESO,CONDUCTOR PRESENTE,NO,NO,0
6751,20843,20844,2017,1,0,-0.189165,-78.490435,PICHINCHA,QUITO,QUITO,URBANA,2017-09-22,13:15:00,13,VIERNES,5,SEPTIEMBRE,9,NO,NO CEDER EL DERECHO DE VIA O PREFERENCIA DE PASO AL PEATON.,ATROPELLOS,AUTOMOVIL,1,0,0,0,0,0,0,0,0,0,0,0,0,1,28,MUJER,LESIONADO,PEATON,NO,NO,0
6752,20846,20847,2017,0,0,-0.114384,-78.494586,PICHINCHA,QUITO,QUITO,URBANA,2017-09-22,13:35:00,13,VIERNES,5,SEPTIEMBRE,9,NO,"NO RESPETAR LAS SENIALES REGLAMENTARIAS DE TRANSITO. (PARE, CEDA EL PASO, LUZ ROJA DEL SEMAFORO, ETC).",CHOQUE LATERAL,AUTOMOVIL,2,0,0,0,0,0,0,0,0,0,0,0,0,2,28,HOMBRE,ILESO,CONDUCTOR PRESENTE,NO,NO,0
6753,20851,20852,2017,1,0,-0.242405,-78.521401,PICHINCHA,QUITO,QUITO,URBANA,2017-09-22,15:00:00,15,VIERNES,5,SEPTIEMBRE,9,NO,REALIZAR CAMBIO BRUSCO O INDEBIDO DE CARRIL.,ESTRELLAMIENTOS,FURGONETA,0,0,0,0,0,0,0,1,1,0,0,0,0,2,28,HOMBRE,LESIONADO,CONDUCTOR PRESENTE,NO,NO,0
6754,20853,20854,2017,0,0,-0.387386,-78.515927,PICHINCHA,QUITO,AMAGUANIA,URBANA,2017-09-22,15:40:00,15,VIERNES,5,SEPTIEMBRE,9,NO,NO MANTENER LA DISTANCIA PRUDENCIAL CON RESPECTO AL VEHICULO QUE LE ANTECEDE.,CHOQUE POSTERIOR,CAMION,0,0,0,2,0,0,0,0,0,0,0,0,0,2,24,HOMBRE,ILESO,CONDUCTOR PRESENTE,NO,NO,0
6755,20854,20855,2017,1,0,-0.153527,-78.469551,PICHINCHA,QUITO,QUITO,URBANA,2017-09-22,16:00:00,16,VIERNES,5,SEPTIEMBRE,9,NO,NO CEDER EL DERECHO DE VIA O PREFERENCIA DE PASO AL PEATON.,ATROPELLOS,NO IDENTIFICADO,0,0,0,0,0,0,0,0,0,1,0,0,0,1,15,MUJER,LESIONADO,PEATON,NO,NO,0
6756,20855,20856,2017,1,0,-0.189939,-78.496903,PICHINCHA,QUITO,QUITO,URBANA,2017-09-22,16:10:00,16,VIERNES,5,SEPTIEMBRE,9,NO,NO CEDER EL DERECHO DE VIA O PREFERENCIA DE PASO AL PEATON.,ATROPELLOS,NO IDENTIFICADO,0,0,0,0,0,0,0,0,0,1,0,0,0,1,25,HOMBRE,LESIONADO,PEATON,NO,NO,0
6757,20856,20857,2017,1,0,-0.188941,-78.491003,PICHINCHA,QUITO,QUITO,URBANA,2017-09-22,16:19:00,16,VIERNES,5,SEPTIEMBRE,9,NO,NO CEDER EL DERECHO DE VIA O PREFERENCIA DE PASO AL PEATON.,ATROPELLOS,AUTOMOVIL,1,0,0,0,0,0,0,0,0,0,0,0,0,1,21,MUJER,LESIONADO,PEATON,NO,NO,0
6758,20857,20858,2017,0,0,-0.215223,-78.405555,PICHINCHA,QUITO,TUMBACO,RURAL,2017-09-22,16:25:00,16,VIERNES,5,SEPTIEMBRE,9,NO,NO MANTENER LA DISTANCIA PRUDENCIAL CON RESPECTO AL VEHICULO QUE LE ANTECEDE.,CHOQUE POSTERIOR,VEHICULO DEPORTIVO UTILITARIO,0,0,1,0,0,0,0,0,0,0,0,0,1,2,52,MUJER,ILESO,CONDUCTOR PRESENTE,NO,NO,3
6759,20858,20859,2017,3,0,-0.256679,-78.504548,PICHINCHA,QUITO,QUITO,URBANA,2017-09-22,16:35:00,16,VIERNES,5,SEPTIEMBRE,9,NO,NO CEDER EL DERECHO DE VIA O PREFERENCIA DE PASO A VEHICULOS.,CHOQUE LATERAL,CAMIONETA,1,0,0,0,1,0,0,0,0,0,0,0,0,2,10,MUJER,LESIONADO,PASAJERO,NO,NO,0
6760,20859,20860,2017,1,0,-0.246798,-78.517662,PICHINCHA,QUITO,QUITO,URBANA,2017-09-22,16:50:00,16,VIERNES,5,SEPTIEMBRE,9,NO,"NO RESPETAR LAS SENIALES REGLAMENTARIAS DE TRANSITO. (PARE, CEDA EL PASO, LUZ ROJA DEL SEMAFORO, ETC).",CHOQUE LATERAL,AUTOMOVIL,1,0,0,0,0,0,0,0,0,1,0,0,0,2,12,MUJER,LESIONADO,PASAJERO,NO,NO,0
6761,20864,20865,2017,1,0,-0.165603,-78.487106,PICHINCHA,QUITO,QUITO,URBANA,2017-09-22,18:00:00,18,VIERNES,5,SEPTIEMBRE,9,NO,"PRESENCIA DE AGENTES EXTERNOS EN LA VIA (AGUA, ACEITE, PIEDRA, LASTRE, ESCOMBROS, MADEROS, ETC.).",PERDIDA DE PISTA,BICICLETA,0,1,0,0,0,0,0,0,0,0,0,0,0,1,25,HOMBRE,LESIONADO,CONDUCTOR PRESENTE,NO,NO,0
6762,20865,20866,2017,0,0,-0.103712,-78.424571,PICHINCHA,QUITO,CALDERON (CARAPUNGO),RURAL,2017-09-22,18:00:00,18,VIERNES,5,SEPTIEMBRE,9,NO,"CONDUCE BAJO LA INFLUENCIA DE ALCOHOL, SUSTANCIAS ESTUPEFACIENTES O PSICOTROPICAS Y/O MEDICAMENTOS.",CHOQUE POSTERIOR,CAMIONETA,1,0,0,0,1,0,0,0,0,0,0,0,0,2,33,HOMBRE,ILESO,CONDUCTOR PRESENTE,NO,NO,3
6763,20868,20869,2017,1,0,-0.118644,-78.494035,PICHINCHA,QUITO,QUITO,URBANA,2017-09-22,19:25:00,19,VIERNES,5,SEPTIEMBRE,9,NO,NO CEDER EL DERECHO DE VIA O PREFERENCIA DE PASO AL PEATON.,ATROPELLOS,NO IDENTIFICADO,0,0,0,0,0,0,0,0,0,1,0,0,0,1,15,HOMBRE,LESIONADO,PEATON,NO,NO,0
6764,20874,20875,2017,0,0,-0.105779,-78.462379,PICHINCHA,QUITO,QUITO,RURAL,2017-09-22,23:05:00,23,VIERNES,5,SEPTIEMBRE,9,NO,"CONDUCE BAJO LA INFLUENCIA DE ALCOHOL, SUSTANCIAS ESTUPEFACIENTES O PSICOTROPICAS Y/O MEDICAMENTOS.",COLISION,BUS,0,0,1,0,0,0,0,1,0,0,0,0,1,3,38,HOMBRE,ILESO,CONDUCTOR PRESENTE,NO,NO,3
6765,20875,20876,2017,0,0,-0.176925,-78.488537,PICHINCHA,QUITO,QUITO,URBANA,2017-09-22,23:15:00,23,VIERNES,5,SEPTIEMBRE,9,NO,REALIZAR CAMBIO BRUSCO O INDEBIDO DE CARRIL.,ESTRELLAMIENTOS,NO IDENTIFICADO,0,0,0,0,0,0,0,0,0,1,0,0,0,1,-1,NO IDENTIFICADO,NO IDENTIFICADO,CONDUCTOR AUSENTE,NO,NO,2
6766,20877,20878,2017,2,0,-0.121385,-78.484826,PICHINCHA,QUITO,QUITO,URBANA,2017-09-22,23:33:00,23,VIERNES,5,SEPTIEMBRE,9,NO,"CONDUCE BAJO LA INFLUENCIA DE ALCOHOL, SUSTANCIAS ESTUPEFACIENTES O PSICOTROPICAS Y/O MEDICAMENTOS.",ESTRELLAMIENTOS,AUTOMOVIL,1,0,0,0,0,0,0,0,0,0,0,0,0,1,21,HOMBRE,LESIONADO,PASAJERO,NO,NO,0
6767,20878,20879,2017,1,0,-0.204872,-78.485408,PICHINCHA,QUITO,QUITO,URBANA,2017-09-22,23:35:00,23,VIERNES,5,SEPTIEMBRE,9,NO,"CONDUCIR DESATENTO A LAS CONDICIONES DE TRANSITO (CELULAR, PANTALLAS DE VIDEO, COMIDA, MAQUILLAJE O CUALQUIER OTRO ELEMENTO DISTRACTOR).",CHOQUE LATERAL,MOTOCICLETA,0,0,0,0,0,0,0,1,1,1,0,0,0,3,35,HOMBRE,LESIONADO,CONDUCTOR PRESENTE,NO,NO,0
6768,20879,20880,2017,1,0,-0.151809,-78.497911,PICHINCHA,QUITO,QUITO,URBANA,2017-09-22,23:45:00,23,VIERNES,5,SEPTIEMBRE,9,NO,NO TRANSITAR POR LAS ACERAS O ZONAS DE SEGURIDAD DESTINADAS PARA EL EFECTO.,ATROPELLOS,AUTOMOVIL,1,0,0,0,0,0,0,0,0,0,0,0,0,1,20,HOMBRE,LESIONADO,PEATON,NO,NO,0
6769,20905,20906,2017,0,0,-0.237734,-78.509298,PICHINCHA,QUITO,QUITO,URBANA,2017-09-23,01:30:00,1,SABADO,6,SEPTIEMBRE,9,NO,"CONDUCIR EN ESTADO DE SOMNOLENCIA O MALAS CONDICIONES FISICAS (SUENIO, CANSANCIO Y FATIGA).",PERDIDA DE PISTA,MOTOCICLETA,0,0,0,0,0,0,0,0,1,0,0,0,0,1,27,HOMBRE,ILESO,CONDUCTOR PRESENTE,NO,NO,0
6770,20906,20907,2017,1,0,-0.331642,-78.555122,PICHINCHA,QUITO,QUITO,URBANA,2017-09-23,02:15:00,2,SABADO,6,SEPTIEMBRE,9,NO,NO TRANSITAR POR LAS ACERAS O ZONAS DE SEGURIDAD DESTINADAS PARA EL EFECTO.,ATROPELLOS,AUTOMOVIL,1,0,0,0,0,0,0,0,0,0,0,0,0,1,55,HOMBRE,LESIONADO,PEATON,NO,NO,0
6771,20907,20908,2017,0,1,-0.304714,-78.416503,PICHINCHA,QUITO,ALANGASI,RURAL,2017-09-23,02:30:00,2,SABADO,6,SEPTIEMBRE,9,NO,NO CEDER EL DERECHO DE VIA O PREFERENCIA DE PASO AL PEATON.,ATROPELLOS,NO IDENTIFICADO,0,0,0,0,0,0,0,0,0,1,0,0,0,1,23,HOMBRE,FALLECIDO,PEATON,NO,NO,3
6772,20911,20912,2017,0,0,-0.079348,-78.424542,PICHINCHA,QUITO,CALDERON (CARAPUNGO),RURAL,2017-09-23,02:55:00,2,SABADO,6,SEPTIEMBRE,9,NO,"CONDUCIR EN ESTADO DE SOMNOLENCIA O MALAS CONDICIONES FISICAS (SUENIO, CANSANCIO Y FATIGA).",ESTRELLAMIENTOS,NO IDENTIFICADO,0,0,0,0,0,0,0,0,0,1,0,0,0,1,-1,NO IDENTIFICADO,NO IDENTIFICADO,CONDUCTOR AUSENTE,NO,NO,2
6773,20912,20913,2017,0,0,-0.262814,-78.538043,PICHINCHA,QUITO,QUITO,URBANA,2017-09-23,03:10:00,3,SABADO,6,SEPTIEMBRE,9,NO,"CONDUCIR EN ESTADO DE SOMNOLENCIA O MALAS CONDICIONES FISICAS (SUENIO, CANSANCIO Y FATIGA).",PERDIDA DE PISTA,MOTOCICLETA,0,0,0,0,0,0,0,0,1,0,0,0,0,1,34,HOMBRE,ILESO,CONDUCTOR PRESENTE,NO,NO,0
6774,20916,20917,2017,1,0,-0.003641,-78.439385,PICHINCHA,QUITO,SAN ANTONIO (QUITO),RURAL,2017-09-23,04:10:00,4,SABADO,6,SEPTIEMBRE,9,NO,CONDUCIR VEHICULO SUPERANDO LOS LIMITES MAXIMOS DE VELOCIDAD.,PERDIDA DE PISTA,NO IDENTIFICADO,0,0,0,0,0,0,0,0,0,1,0,0,0,1,17,HOMBRE,LESIONADO,PASAJERO,NO,NO,3
6775,20917,20918,2017,1,0,-0.154618,-78.497349,PICHINCHA,QUITO,QUITO,URBANA,2017-09-23,04:30:00,4,SABADO,6,SEPTIEMBRE,9,NO,"CONDUCIR EN ESTADO DE SOMNOLENCIA O MALAS CONDICIONES FISICAS (SUENIO, CANSANCIO Y FATIGA).",ESTRELLAMIENTOS,AUTOMOVIL,1,0,0,0,0,0,0,0,0,0,0,0,0,1,52,MUJER,LESIONADO,PEATON,NO,NO,0
6776,20918,20919,2017,0,0,-0.154618,-78.497349,PICHINCHA,QUITO,QUITO,URBANA,2017-09-23,05:06:00,5,SABADO,6,SEPTIEMBRE,9,NO,"NO RESPETAR LAS SENIALES REGLAMENTARIAS DE TRANSITO. (PARE, CEDA EL PASO, LUZ ROJA DEL SEMAFORO, ETC).",CHOQUE LATERAL,VEHICULO DEPORTIVO UTILITARIO,0,0,0,0,0,0,0,0,0,0,0,0,2,2,40,HOMBRE,ILESO,CONDUCTOR PRESENTE,NO,NO,0
6777,20920,20921,2017,0,1,-0.234829,-78.497364,PICHINCHA,QUITO,QUITO,URBANA,2017-09-23,05:35:00,5,SABADO,6,SEPTIEMBRE,9,NO,CONDUCIR VEHICULO SUPERANDO LOS LIMITES MAXIMOS DE VELOCIDAD.,PERDIDA DE PISTA,MOTOCICLETA,0,0,0,0,0,0,0,0,1,0,0,0,0,1,31,HOMBRE,FALLECIDO,CONDUCTOR PRESENTE,NO,NO,0
6778,20923,20924,2017,0,0,-0.090762,-78.409524,PICHINCHA,QUITO,CALDERON (CARAPUNGO),RURAL,2017-09-23,06:15:00,6,SABADO,6,SEPTIEMBRE,9,NO,NO MANTENER LA DISTANCIA PRUDENCIAL CON RESPECTO AL VEHICULO QUE LE ANTECEDE.,CHOQUE POSTERIOR,CAMION,0,0,0,2,0,0,0,0,0,0,0,0,0,2,37,HOMBRE,ILESO,CONDUCTOR PRESENTE,NO,NO,3
6779,20925,20926,2017,1,0,-0.198247,-78.496155,PICHINCHA,QUITO,QUITO,URBANA,2017-09-23,07:15:00,7,SABADO,6,SEPTIEMBRE,9,NO,NO CEDER EL DERECHO DE VIA O PREFERENCIA DE PASO AL PEATON.,ATROPELLOS,NO IDENTIFICADO,0,0,0,0,0,0,0,0,0,1,0,0,0,1,21,MUJER,LESIONADO,PEATON,NO,NO,0
6780,20926,20927,2017,0,0,-0.269198,-78.464852,PICHINCHA,QUITO,CONOCOTO,RURAL,2017-09-23,07:45:00,7,SABADO,6,SEPTIEMBRE,9,NO,"CONDUCIR DESATENTO A LAS CONDICIONES DE TRANSITO (CELULAR, PANTALLAS DE VIDEO, COMIDA, MAQUILLAJE O CUALQUIER OTRO ELEMENTO DISTRACTOR).",CHOQUE LATERAL,CAMIONETA,1,0,0,0,1,0,0,0,0,0,0,0,0,2,39,HOMBRE,ILESO,CONDUCTOR PRESENTE,NO,NO,3
6781,20928,20929,2017,0,1,-0.404251,-78.539873,PICHINCHA,MEJIA,TAMBILLO (MEJIA),RURAL,2017-09-23,08:00:00,8,SABADO,6,SEPTIEMBRE,9,NO,"NO RESPETAR LAS SENIALES REGLAMENTARIAS DE TRANSITO. (PARE, CEDA EL PASO, LUZ ROJA DEL SEMAFORO, ETC).",CHOQUE LATERAL,MOTOCICLETA,0,0,0,0,0,0,0,0,1,1,0,0,0,2,24,HOMBRE,FALLECIDO,CONDUCTOR PRESENTE,NO,NO,3
6782,20931,20932,2017,0,0,-0.107668,-78.489223,PICHINCHA,QUITO,QUITO,URBANA,2017-09-23,09:35:00,9,SABADO,6,SEPTIEMBRE,9,NO,NO CEDER EL DERECHO DE VIA O PREFERENCIA DE PASO A VEHICULOS.,CHOQUE LATERAL,MOTOCICLETA,0,0,0,0,0,0,0,0,1,1,0,0,0,2,23,HOMBRE,ILESO,CONDUCTOR PRESENTE,NO,NO,0
6783,20933,20934,2017,0,0,-0.232432,-78.486229,PICHINCHA,QUITO,QUITO,URBANA,2017-09-23,09:45:00,9,SABADO,6,SEPTIEMBRE,9,NO,CONDUCIR VEHICULO SUPERANDO LOS LIMITES MAXIMOS DE VELOCIDAD.,PERDIDA DE PISTA,CAMION,1,0,0,1,0,0,0,0,0,0,0,0,0,2,46,HOMBRE,ILESO,CONDUCTOR PRESENTE,NO,NO,0
6784,20935,20936,2017,0,0,-0.172743,-78.496033,PICHINCHA,QUITO,QUITO,URBANA,2017-09-23,10:00:00,10,SABADO,6,SEPTIEMBRE,9,NO,"NO RESPETAR LAS SENIALES REGLAMENTARIAS DE TRANSITO. (PARE, CEDA EL PASO, LUZ ROJA DEL SEMAFORO, ETC).",CHOQUE LATERAL,AUTOMOVIL,1,0,0,0,0,0,0,0,0,1,0,0,0,2,32,MUJER,ILESO,CONDUCTOR PRESENTE,NO,NO,0
6785,20936,20937,2017,1,0,-0.191729,-78.493359,PICHINCHA,QUITO,QUITO,URBANA,2017-09-23,10:17:00,10,SABADO,6,SEPTIEMBRE,9,NO,"NO RESPETAR LAS SENIALES REGLAMENTARIAS DE TRANSITO. (PARE, CEDA EL PASO, LUZ ROJA DEL SEMAFORO, ETC).",ATROPELLOS,VEHICULO DEPORTIVO UTILITARIO,0,0,0,0,0,0,0,0,0,0,0,0,1,1,75,MUJER,LESIONADO,PEATON,NO,NO,0
6786,20937,20938,2017,0,0,-0.199776,-78.428809,PICHINCHA,QUITO,CUMBAYA,RURAL,2017-09-23,10:30:00,10,SABADO,6,SEPTIEMBRE,9,NO,"CONDUCIR DESATENTO A LAS CONDICIONES DE TRANSITO (CELULAR, PANTALLAS DE VIDEO, COMIDA, MAQUILLAJE O CUALQUIER OTRO ELEMENTO DISTRACTOR).",COLISION,VEHICULO DEPORTIVO UTILITARIO,0,0,0,0,1,0,0,0,0,0,0,0,3,4,65,HOMBRE,ILESO,CONDUCTOR PRESENTE,NO,NO,3
6787,20938,20939,2017,0,0,-0.196939,-78.430798,PICHINCHA,QUITO,CUMBAYA,RURAL,2017-09-23,10:38:00,10,SABADO,6,SEPTIEMBRE,9,NO,"NO RESPETAR LAS SENIALES REGLAMENTARIAS DE TRANSITO. (PARE, CEDA EL PASO, LUZ ROJA DEL SEMAFORO, ETC).",CHOQUE LATERAL,VEHICULO DEPORTIVO UTILITARIO,0,0,0,0,1,0,0,0,0,0,0,0,1,2,27,MUJER,ILESO,CONDUCTOR PRESENTE,NO,NO,3
6788,20939,20940,2017,0,0,-0.135484,-78.486585,PICHINCHA,QUITO,QUITO,URBANA,2017-09-23,11:00:00,11,SABADO,6,SEPTIEMBRE,9,NO,NO CEDER EL DERECHO DE VIA O PREFERENCIA DE PASO A VEHICULOS.,CHOQUE LATERAL,AUTOMOVIL,2,0,0,0,0,0,0,0,0,0,0,0,0,2,70,HOMBRE,ILESO,CONDUCTOR PRESENTE,NO,NO,0
6789,20941,20942,2017,0,0,-0.255108,-78.536995,PICHINCHA,QUITO,QUITO,URBANA,2017-09-23,12:20:00,12,SABADO,6,SEPTIEMBRE,9,NO,NO MANTENER LA DISTANCIA PRUDENCIAL CON RESPECTO AL VEHICULO QUE LE ANTECEDE.,CHOQUE POSTERIOR,AUTOMOVIL,1,0,0,0,0,0,0,0,0,1,0,0,0,2,31,HOMBRE,ILESO,CONDUCTOR PRESENTE,NO,NO,0
6790,20944,20945,2017,0,0,-0.237734,-78.509298,PICHINCHA,QUITO,QUITO,URBANA,2017-09-23,13:42:00,13,SABADO,6,SEPTIEMBRE,9,NO,"NO RESPETAR LAS SENIALES REGLAMENTARIAS DE TRANSITO. (PARE, CEDA EL PASO, LUZ ROJA DEL SEMAFORO, ETC).",CHOQUE LATERAL,VEHICULO DEPORTIVO UTILITARIO,0,0,0,0,0,0,0,0,0,1,0,0,1,2,32,MUJER,ILESO,CONDUCTOR PRESENTE,NO,NO,0
6791,20948,20949,2017,0,0,-0.135719,-78.482163,PICHINCHA,QUITO,QUITO,URBANA,2017-09-23,14:10:00,14,SABADO,6,SEPTIEMBRE,9,NO,NO MANTENER LA DISTANCIA PRUDENCIAL CON RESPECTO AL VEHICULO QUE LE ANTECEDE.,CHOQUE POSTERIOR,AUTOMOVIL,1,0,0,0,0,0,0,0,0,1,0,0,0,2,36,HOMBRE,ILESO,CONDUCTOR PRESENTE,NO,NO,0
6792,20949,20950,2017,1,0,-0.307057,-78.551774,PICHINCHA,QUITO,QUITO,URBANA,2017-09-23,14:10:00,14,SABADO,6,SEPTIEMBRE,9,NO,NO CEDER EL DERECHO DE VIA O PREFERENCIA DE PASO A VEHICULOS.,CHOQUE LATERAL,MOTOCICLETA,0,0,0,0,0,0,0,0,1,1,0,0,0,2,29,HOMBRE,LESIONADO,PASAJERO,NO,NO,0
6793,20950,20951,2017,2,0,-0.098243,-78.447901,PICHINCHA,QUITO,CALDERON (CARAPUNGO),RURAL,2017-09-23,14:15:00,14,SABADO,6,SEPTIEMBRE,9,NO,NO MANTENER LA DISTANCIA PRUDENCIAL CON RESPECTO AL VEHICULO QUE LE ANTECEDE.,CHOQUE POSTERIOR,MOTOCICLETA,0,0,0,0,0,0,0,0,1,1,0,0,0,2,31,HOMBRE,LESIONADO,CONDUCTOR PRESENTE,NO,NO,3
6794,20955,20956,2017,1,0,-0.340225,-78.434003,PICHINCHA,RUMINIAHUI,SANGOLQUI,URBANA,2017-09-23,15:30:00,15,SABADO,6,SEPTIEMBRE,9,NO,NO TRANSITAR POR LAS ACERAS O ZONAS DE SEGURIDAD DESTINADAS PARA EL EFECTO.,ATROPELLOS,AUTOMOVIL,1,0,0,0,0,0,0,0,0,0,0,0,0,1,7,HOMBRE,LESIONADO,PEATON,NO,NO,0
6795,20957,20958,2017,4,0,-0.210739,-78.421093,PICHINCHA,QUITO,TUMBACO,RURAL,2017-09-23,16:00:00,16,SABADO,6,SEPTIEMBRE,9,NO,"CONDUCE BAJO LA INFLUENCIA DE ALCOHOL, SUSTANCIAS ESTUPEFACIENTES O PSICOTROPICAS Y/O MEDICAMENTOS.",CHOQUE FRONTAL,AUTOMOVIL,2,0,0,0,0,0,0,0,0,0,0,0,0,2,47,HOMBRE,LESIONADO,CONDUCTOR PRESENTE,NO,NO,3
6796,20958,20959,2017,0,0,-0.206401,-78.485588,PICHINCHA,QUITO,QUITO,URBANA,2017-09-23,16:07:00,16,SABADO,6,SEPTIEMBRE,9,NO,NO CEDER EL DERECHO DE VIA O PREFERENCIA DE PASO A VEHICULOS.,CHOQUE LATERAL,AUTOMOVIL,2,0,0,0,0,0,0,0,0,0,0,0,0,2,53,HOMBRE,ILESO,CONDUCTOR PRESENTE,NO,NO,0
6797,20960,20961,2017,0,0,-0.299273,-78.544264,PICHINCHA,QUITO,QUITO,URBANA,2017-09-23,16:30:00,16,SABADO,6,SEPTIEMBRE,9,NO,"CONDUCE BAJO LA INFLUENCIA DE ALCOHOL, SUSTANCIAS ESTUPEFACIENTES O PSICOTROPICAS Y/O MEDICAMENTOS.",COLISION,AUTOMOVIL,2,0,0,0,0,0,0,0,0,0,0,0,1,3,30,HOMBRE,ILESO,CONDUCTOR PRESENTE,NO,NO,0
6798,20961,20962,2017,0,0,-0.218912,-78.511672,PICHINCHA,QUITO,QUITO,RURAL,2017-09-23,17:00:00,17,SABADO,6,SEPTIEMBRE,9,NO,"NO RESPETAR LAS SENIALES REGLAMENTARIAS DE TRANSITO. (PARE, CEDA EL PASO, LUZ ROJA DEL SEMAFORO, ETC).",CHOQUE LATERAL,CAMIONETA,0,0,0,0,1,0,0,0,0,1,0,0,0,2,36,HOMBRE,ILESO,CONDUCTOR PRESENTE,NO,NO,3
6799,20962,20963,2017,1,1,-0.530463,-78.449054,PICHINCHA,MEJIA,MACHACHI,RURAL,2017-09-23,18:00:00,18,SABADO,6,SEPTIEMBRE,9,NO,CONDUCIR VEHICULO SUPERANDO LOS LIMITES MAXIMOS DE VELOCIDAD.,PERDIDA DE PISTA,CAMION,0,0,0,1,0,0,0,0,0,0,0,0,0,1,24,MUJER,FALLECIDO,PASAJERO,NO,NO,3
6800,20963,20964,2017,0,0,-0.057362,-78.455255,PICHINCHA,QUITO,POMASQUI,URBANA,2017-09-23,18:00:00,18,SABADO,6,SEPTIEMBRE,9,NO,"CONDUCE BAJO LA INFLUENCIA DE ALCOHOL, SUSTANCIAS ESTUPEFACIENTES O PSICOTROPICAS Y/O MEDICAMENTOS.",COLISION,CAMIONETA,2,0,0,0,2,0,0,0,0,0,0,0,0,4,50,HOMBRE,ILESO,CONDUCTOR PRESENTE,NO,NO,0
6801,20965,20966,2017,1,0,-0.189173,-78.448126,PICHINCHA,QUITO,NAYON,RURAL,2017-09-23,18:44:00,18,SABADO,6,SEPTIEMBRE,9,NO,"NO RESPETAR LAS SENIALES REGLAMENTARIAS DE TRANSITO. (PARE, CEDA EL PASO, LUZ ROJA DEL SEMAFORO, ETC).",ARROLLAMIENTOS,CAMIONETA,0,0,0,0,1,0,0,0,0,0,0,0,0,1,69,MUJER,LESIONADO,PEATON,NO,NO,3
6802,20968,20969,2017,0,0,-0.148497,-78.498391,PICHINCHA,QUITO,QUITO,URBANA,2017-09-23,19:15:00,19,SABADO,6,SEPTIEMBRE,9,NO,NO GUARDAR LA DISTANCIA LATERAL MINIMA DE SEGURIDAD ENTRE VEHICULOS.,ROZAMIENTOS,VEHICULO DEPORTIVO UTILITARIO,0,0,0,0,0,0,0,0,0,1,0,0,1,2,53,MUJER,ILESO,CONDUCTOR PRESENTE,NO,NO,0
6803,20969,20970,2017,0,0,-0.289679,-78.542208,PICHINCHA,QUITO,QUITO,URBANA,2017-09-23,19:20:00,19,SABADO,6,SEPTIEMBRE,9,NO,"CONDUCE BAJO LA INFLUENCIA DE ALCOHOL, SUSTANCIAS ESTUPEFACIENTES O PSICOTROPICAS Y/O MEDICAMENTOS.",ESTRELLAMIENTOS,CAMION,0,0,0,1,0,0,0,0,0,0,0,0,0,1,38,HOMBRE,ILESO,CONDUCTOR PRESENTE,NO,NO,0
6804,20972,20973,2017,1,0,-0.319911,-78.485692,PICHINCHA,QUITO,CONOCOTO,RURAL,2017-09-23,19:30:00,19,SABADO,6,SEPTIEMBRE,9,NO,REALIZAR CAMBIO BRUSCO O INDEBIDO DE CARRIL.,ESTRELLAMIENTOS,FURGONETA,0,0,0,0,0,0,0,1,0,1,0,0,0,2,22,HOMBRE,LESIONADO,PEATON,NO,NO,3