,Unnamed: 0,ID,ANIO,LESIONADOS,FALLECIDOS,LATITUD_Y,LONGITUD_X,PROVINCIA,CANTON,PARROQUIA,ZONA,FECHA,HORA,PERIODO_2,DIA_1,DIA_2,MES_1,MES_2,FERIADO,CAUSA_PROBABLE,TIPO_DE_SINIESTRO,TIPO_DE_VEHICULO_1,AUTOMOVIL,BICICLETA,BUS,CAMION,CAMIONETA,EMERGENCIAS,ESPECIAL,FURGONETA,MOTOCICLETA,NO_IDENTIFICADO,SCOOTER_ELECTRICO,TRICIMOTO,VEHICULO_DEPORTIVO_UTILITARIO,SUMA_DE_VEHICULOS,EDAD_1,SEXO_1,CONDICION_1,PARTICIPANTE_1,CASCO_1,CINTURON_1,KMeans_Cluster
6805,20979,20980,2017,0,0,-0.237474,-78.484642,PICHINCHA,QUITO,QUITO,URBANA,2017-09-23,22:30:00,22,SABADO,6,SEPTIEMBRE,9,NO,CONDUCIR VEHICULO SUPERANDO LOS LIMITES MAXIMOS DE VELOCIDAD.,PERDIDA DE PISTA,VEHICULO DEPORTIVO UTILITARIO,0,0,0,0,0,0,0,0,0,0,0,0,1,1,-1,NO IDENTIFICADO,NO IDENTIFICADO,CONDUCTOR AUSENTE,NO,NO,2
6806,20980,20981,2017,2,0,-0.279964,-78.557372,PICHINCHA,QUITO,QUITO,URBANA,2017-09-23,22:40:00,22,SABADO,6,SEPTIEMBRE,9,NO,"NO RESPETAR LAS SENIALES REGLAMENTARIAS DE TRANSITO. (PARE, CEDA EL PASO, LUZ ROJA DEL SEMAFORO, ETC).",CHOQUE LATERAL,MOTOCICLETA,0,0,0,0,0,0,0,0,1,1,0,0,0,2,23,HOMBRE,LESIONADO,CONDUCTOR PRESENTE,NO,NO,0
6807,20984,20985,2017,1,0,-0.112906,-78.494742,PICHINCHA,QUITO,QUITO,URBANA,2017-09-23,23:30:00,23,SABADO,6,SEPTIEMBRE,9,NO,CONDUCIR VEHICULO SUPERANDO LOS LIMITES MAXIMOS DE VELOCIDAD.,PERDIDA DE PISTA,NO IDENTIFICADO,0,0,0,0,0,0,0,0,0,1,0,0,0,1,40,HOMBRE,LESIONADO,PASAJERO,NO,NO,0
6808,20985,20986,2017,0,0,-0.282663,-78.517424,PICHINCHA,QUITO,QUITO,URBANA,2017-09-23,23:50:00,23,SABADO,6,SEPTIEMBRE,9,NO,CONDUCIR VEHICULO SUPERANDO LOS LIMITES MAXIMOS DE VELOCIDAD.,ESTRELLAMIENTOS,AUTOMOVIL,1,0,0,0,0,0,0,0,0,0,0,0,0,1,-1,NO IDENTIFICADO,NO IDENTIFICADO,CONDUCTOR AUSENTE,NO,NO,2
6809,21013,21014,2017,0,0,-0.129285,-78.481343,PICHINCHA,QUITO,QUITO,URBANA,2017-09-24,01:35:00,1,DOMINGO,7,SEPTIEMBRE,9,NO,"CONDUCE BAJO LA INFLUENCIA DE ALCOHOL, SUSTANCIAS ESTUPEFACIENTES O PSICOTROPICAS Y/O MEDICAMENTOS.",CHOQUE LATERAL,VEHICULO DEPORTIVO UTILITARIO,1,0,0,0,0,0,0,0,0,0,0,0,1,2,20,HOMBRE,ILESO,CONDUCTOR PRESENTE,NO,NO,0
6810,21015,21016,2017,2,0,-0.056241,-78.454928,PICHINCHA,QUITO,POMASQUI,URBANA,2017-09-24,02:25:00,2,DOMINGO,7,SEPTIEMBRE,9,NO,NO TRANSITAR POR LAS ACERAS O ZONAS DE SEGURIDAD DESTINADAS PARA EL EFECTO.,ATROPELLOS,MOTOCICLETA,0,0,0,0,0,0,0,0,1,0,0,0,0,1,25,HOMBRE,LESIONADO,CONDUCTOR PRESENTE,NO,NO,0
6811,21020,21021,2017,0,0,-0.191475,-78.480908,PICHINCHA,QUITO,QUITO,URBANA,2017-09-24,03:15:00,3,DOMINGO,7,SEPTIEMBRE,9,NO,"CONDUCIR EN ESTADO DE SOMNOLENCIA O MALAS CONDICIONES FISICAS (SUENIO, CANSANCIO Y FATIGA).",ESTRELLAMIENTOS,AUTOMOVIL,1,0,0,0,0,0,0,0,0,0,0,0,0,1,-1,NO IDENTIFICADO,NO IDENTIFICADO,CONDUCTOR AUSENTE,NO,NO,2
6812,21022,21023,2017,2,1,-0.173318,-78.411676,PICHINCHA,QUITO,TUMBACO,RURAL,2017-09-24,03:30:00,3,DOMINGO,7,SEPTIEMBRE,9,NO,CONDUCIR VEHICULO SUPERANDO LOS LIMITES MAXIMOS DE VELOCIDAD.,VOLCAMIENTOS,AUTOMOVIL,1,0,0,0,0,0,0,0,0,0,0,0,0,1,19,HOMBRE,FALLECIDO,CONDUCTOR PRESENTE,NO,NO,3
6813,21023,21024,2017,2,0,-0.253032,-78.539738,PICHINCHA,QUITO,QUITO,URBANA,2017-09-24,03:30:00,3,DOMINGO,7,SEPTIEMBRE,9,NO,"CONDUCE BAJO LA INFLUENCIA DE ALCOHOL, SUSTANCIAS ESTUPEFACIENTES O PSICOTROPICAS Y/O MEDICAMENTOS.",CHOQUE POSTERIOR,CAMIONETA,0,0,0,0,1,0,0,1,0,0,0,0,0,2,31,HOMBRE,LESIONADO,CONDUCTOR PRESENTE,NO,NO,0
6814,21024,21025,2017,0,0,-0.510765,-78.574723,PICHINCHA,MEJIA,MACHACHI,RURAL,2017-09-24,03:35:00,3,DOMINGO,7,SEPTIEMBRE,9,NO,"CONDUCIR DESATENTO A LAS CONDICIONES DE TRANSITO (CELULAR, PANTALLAS DE VIDEO, COMIDA, MAQUILLAJE O CUALQUIER OTRO ELEMENTO DISTRACTOR).",ESTRELLAMIENTOS,CAMION,0,0,0,1,0,0,0,0,0,0,0,0,0,1,42,NO IDENTIFICADO,ILESO,CONDUCTOR PRESENTE,NO,NO,3
6815,21025,21026,2017,0,0,-0.297031,-78.538149,PICHINCHA,QUITO,QUITO,URBANA,2017-09-24,03:40:00,3,DOMINGO,7,SEPTIEMBRE,9,NO,"CONDUCIR EN ESTADO DE SOMNOLENCIA O MALAS CONDICIONES FISICAS (SUENIO, CANSANCIO Y FATIGA).",ESTRELLAMIENTOS,AUTOMOVIL,1,0,0,0,0,0,0,0,0,0,0,0,0,1,-1,NO IDENTIFICADO,NO IDENTIFICADO,CONDUCTOR AUSENTE,NO,NO,2
6816,21030,21031,2017,0,0,-0.125724,-78.483451,PICHINCHA,QUITO,QUITO,URBANA,2017-09-24,04:50:00,4,DOMINGO,7,SEPTIEMBRE,9,NO,"CONDUCIR EN ESTADO DE SOMNOLENCIA O MALAS CONDICIONES FISICAS (SUENIO, CANSANCIO Y FATIGA).",ESTRELLAMIENTOS,AUTOMOVIL,1,0,0,0,0,0,0,0,0,0,0,0,0,1,-1,NO IDENTIFICADO,NO IDENTIFICADO,CONDUCTOR AUSENTE,NO,NO,2
6817,21032,21033,2017,1,0,-0.171497,-78.490692,PICHINCHA,QUITO,QUITO,URBANA,2017-09-24,05:55:00,5,DOMINGO,7,SEPTIEMBRE,9,NO,CONDUCIR VEHICULO SUPERANDO LOS LIMITES MAXIMOS DE VELOCIDAD.,PERDIDA DE PISTA,MOTOCICLETA,0,0,0,0,0,0,0,0,1,0,0,0,0,1,21,HOMBRE,LESIONADO,CONDUCTOR PRESENTE,NO,NO,0
6818,21036,21037,2017,0,0,-0.260015,-78.509946,PICHINCHA,QUITO,QUITO,URBANA,2017-09-24,07:15:00,7,DOMINGO,7,SEPTIEMBRE,9,NO,"CONDUCIR DESATENTO A LAS CONDICIONES DE TRANSITO (CELULAR, PANTALLAS DE VIDEO, COMIDA, MAQUILLAJE O CUALQUIER OTRO ELEMENTO DISTRACTOR).",ESTRELLAMIENTOS,AUTOMOVIL,1,0,0,0,0,0,0,0,0,0,0,0,0,1,-1,NO IDENTIFICADO,NO IDENTIFICADO,CONDUCTOR AUSENTE,NO,NO,2
6819,21038,21039,2017,0,0,-0.249298,-78.520761,PICHINCHA,QUITO,QUITO,URBANA,2017-09-24,08:15:00,8,DOMINGO,7,SEPTIEMBRE,9,NO,NO MANTENER LA DISTANCIA PRUDENCIAL CON RESPECTO AL VEHICULO QUE LE ANTECEDE.,CHOQUE POSTERIOR,VEHICULO DEPORTIVO UTILITARIO,0,0,0,0,0,0,0,0,0,1,0,0,1,2,37,HOMBRE,ILESO,CONDUCTOR PRESENTE,NO,NO,0
6820,21040,21041,2017,0,0,-0.197283,-78.473398,PICHINCHA,QUITO,QUITO,URBANA,2017-09-24,11:00:00,11,DOMINGO,7,SEPTIEMBRE,9,NO,REALIZAR CAMBIO BRUSCO O INDEBIDO DE CARRIL.,ESTRELLAMIENTOS,VEHICULO DEPORTIVO UTILITARIO,0,0,0,0,0,0,0,0,0,1,0,0,1,2,55,HOMBRE,ILESO,CONDUCTOR PRESENTE,NO,NO,0
6821,21054,21055,2017,0,0,-0.325523,-78.456738,PICHINCHA,RUMINIAHUI,SANGOLQUI,URBANA,2017-09-24,16:30:00,16,DOMINGO,7,SEPTIEMBRE,9,NO,"CONDUCIR DESATENTO A LAS CONDICIONES DE TRANSITO (CELULAR, PANTALLAS DE VIDEO, COMIDA, MAQUILLAJE O CUALQUIER OTRO ELEMENTO DISTRACTOR).",ESTRELLAMIENTOS,VEHICULO DEPORTIVO UTILITARIO,0,0,0,0,0,0,0,0,0,0,0,0,1,1,33,HOMBRE,ILESO,CONDUCTOR PRESENTE,NO,NO,0
6822,21057,21058,2017,0,0,-0.292882,-78.542349,PICHINCHA,QUITO,QUITO,URBANA,2017-09-24,17:41:00,17,DOMINGO,7,SEPTIEMBRE,9,NO,"NO RESPETAR LAS SENIALES REGLAMENTARIAS DE TRANSITO. (PARE, CEDA EL PASO, LUZ ROJA DEL SEMAFORO, ETC).",CHOQUE LATERAL,AUTOMOVIL,1,0,0,0,1,0,0,0,0,0,0,0,0,2,32,HOMBRE,ILESO,CONDUCTOR PRESENTE,NO,NO,0
6823,21058,21059,2017,0,0,-0.331642,-78.555122,PICHINCHA,QUITO,QUITO,URBANA,2017-09-24,18:23:00,18,DOMINGO,7,SEPTIEMBRE,9,NO,REALIZAR CAMBIO BRUSCO O INDEBIDO DE CARRIL.,ESTRELLAMIENTOS,MOTOCICLETA,0,0,0,0,0,0,0,0,1,1,0,0,0,2,23,HOMBRE,ILESO,CONDUCTOR PRESENTE,NO,NO,0
6824,21072,21073,2017,1,0,-0.381564,-78.505426,PICHINCHA,QUITO,AMAGUANIA,URBANA,2017-09-24,23:30:00,23,DOMINGO,7,SEPTIEMBRE,9,NO,"CONDUCIR DESATENTO A LAS CONDICIONES DE TRANSITO (CELULAR, PANTALLAS DE VIDEO, COMIDA, MAQUILLAJE O CUALQUIER OTRO ELEMENTO DISTRACTOR).",ATROPELLOS,NO IDENTIFICADO,0,0,0,0,0,0,0,0,0,1,0,0,0,1,24,HOMBRE,LESIONADO,PEATON,NO,NO,0
6825,21112,21113,2017,0,0,-0.182136,-78.478799,PICHINCHA,QUITO,QUITO,URBANA,2017-09-25,07:10:00,7,LUNES,1,SEPTIEMBRE,9,NO,"CONDUCIR DESATENTO A LAS CONDICIONES DE TRANSITO (CELULAR, PANTALLAS DE VIDEO, COMIDA, MAQUILLAJE O CUALQUIER OTRO ELEMENTO DISTRACTOR).",COLISION,AUTOMOVIL,3,0,0,0,0,0,0,0,0,0,0,0,0,3,56,HOMBRE,ILESO,CONDUCTOR PRESENTE,NO,NO,0
6826,21113,21114,2017,0,0,-0.494303,-78.571106,PICHINCHA,MEJIA,MACHACHI,RURAL,2017-09-25,07:30:00,7,LUNES,1,SEPTIEMBRE,9,NO,"CONDUCIR DESATENTO A LAS CONDICIONES DE TRANSITO (CELULAR, PANTALLAS DE VIDEO, COMIDA, MAQUILLAJE O CUALQUIER OTRO ELEMENTO DISTRACTOR).",ESTRELLAMIENTOS,VEHICULO DEPORTIVO UTILITARIO,0,0,0,0,1,0,0,0,0,0,0,0,1,2,38,HOMBRE,ILESO,CONDUCTOR PRESENTE,NO,NO,3
6827,21115,21116,2017,1,0,-0.084308,-78.503791,PICHINCHA,QUITO,QUITO,URBANA,2017-09-25,08:30:00,8,LUNES,1,SEPTIEMBRE,9,NO,"NO RESPETAR LAS SENIALES REGLAMENTARIAS DE TRANSITO. (PARE, CEDA EL PASO, LUZ ROJA DEL SEMAFORO, ETC).",CHOQUE LATERAL,AUTOMOVIL,1,0,0,0,0,0,0,1,0,0,0,0,0,2,46,HOMBRE,LESIONADO,CONDUCTOR PRESENTE,NO,NO,0
6828,21117,21118,2017,0,0,-0.217619,-78.499243,PICHINCHA,QUITO,QUITO,URBANA,2017-09-25,08:50:00,8,LUNES,1,SEPTIEMBRE,9,NO,"ADELANTAR O REBASAR A OTRO VEHICULO EN MOVIMIENTO EN ZONAS O SITIOS PELIGROSOS TALES COMO: CURVAS, PUENTES, TUNELES, PENDIENTES, ETC.",CHOQUE FRONTAL,AUTOMOVIL,2,0,0,0,0,0,0,0,0,0,0,0,0,2,75,HOMBRE,ILESO,CONDUCTOR PRESENTE,NO,NO,0
6829,21119,21120,2017,0,0,-0.083047,-78.416946,PICHINCHA,QUITO,CALDERON (CARAPUNGO),RURAL,2017-09-25,09:50:00,9,LUNES,1,SEPTIEMBRE,9,NO,"NO RESPETAR LAS SENIALES REGLAMENTARIAS DE TRANSITO. (PARE, CEDA EL PASO, LUZ ROJA DEL SEMAFORO, ETC).",CHOQUE LATERAL,MOTOCICLETA,0,0,0,0,0,0,0,0,1,1,0,0,0,2,22,HOMBRE,ILESO,CONDUCTOR PRESENTE,NO,NO,3
6830,21120,21121,2017,0,0,-0.161546,-78.485642,PICHINCHA,QUITO,QUITO,URBANA,2017-09-25,10:00:00,10,LUNES,1,SEPTIEMBRE,9,NO,NO CEDER EL DERECHO DE VIA O PREFERENCIA DE PASO A VEHICULOS.,CHOQUE LATERAL,MOTOCICLETA,0,0,0,0,0,0,0,0,1,1,0,0,0,2,32,HOMBRE,ILESO,CONDUCTOR PRESENTE,NO,NO,0
6831,21123,21124,2017,0,0,-0.298251,-78.455571,PICHINCHA,QUITO,ALANGASI,RURAL,2017-09-25,11:25:00,11,LUNES,1,SEPTIEMBRE,9,NO,"NO RESPETAR LAS SENIALES REGLAMENTARIAS DE TRANSITO. (PARE, CEDA EL PASO, LUZ ROJA DEL SEMAFORO, ETC).",CHOQUE LATERAL,CAMIONETA,0,0,0,0,1,0,0,0,0,0,0,0,1,2,46,HOMBRE,ILESO,CONDUCTOR PRESENTE,NO,NO,3
6832,21128,21129,2017,1,0,-0.124548,-78.499193,PICHINCHA,QUITO,QUITO,URBANA,2017-09-25,12:32:00,12,LUNES,1,SEPTIEMBRE,9,NO,NO CEDER EL DERECHO DE VIA O PREFERENCIA DE PASO AL PEATON.,ATROPELLOS,AUTOMOVIL,1,0,0,0,0,0,0,0,0,0,0,0,0,1,34,MUJER,LESIONADO,PEATON,NO,NO,0
6833,21129,21130,2017,0,0,-0.362963,-78.531376,PICHINCHA,MEJIA,CUTUGLAHUA,RURAL,2017-09-25,13:00:00,13,LUNES,1,SEPTIEMBRE,9,NO,CONDUCIR VEHICULO SUPERANDO LOS LIMITES MAXIMOS DE VELOCIDAD.,ESTRELLAMIENTOS,CAMIONETA,1,0,0,1,2,0,0,0,0,0,0,0,0,4,24,HOMBRE,ILESO,CONDUCTOR PRESENTE,NO,NO,3
6834,21131,21132,2017,0,0,-0.216388,-78.504444,PICHINCHA,QUITO,QUITO,URBANA,2017-09-25,13:55:00,13,LUNES,1,SEPTIEMBRE,9,NO,NO GUARDAR LA DISTANCIA LATERAL MINIMA DE SEGURIDAD ENTRE VEHICULOS.,ROZAMIENTOS,AUTOMOVIL,1,0,1,0,0,0,0,0,0,0,0,0,0,2,35,MUJER,ILESO,CONDUCTOR PRESENTE,NO,NO,0
6835,21135,21136,2017,0,0,-0.091234,-78.402872,PICHINCHA,QUITO,CALDERON (CARAPUNGO),RURAL,2017-09-25,14:50:00,14,LUNES,1,SEPTIEMBRE,9,NO,CONDUCIR VEHICULO SUPERANDO LOS LIMITES MAXIMOS DE VELOCIDAD.,ESTRELLAMIENTOS,AUTOMOVIL,1,0,0,0,0,0,0,0,0,0,0,0,0,1,34,HOMBRE,ILESO,CONDUCTOR PRESENTE,NO,NO,3
6836,21136,21137,2017,1,0,-0.186583,-78.495638,PICHINCHA,QUITO,QUITO,URBANA,2017-09-25,15:08:00,15,LUNES,1,SEPTIEMBRE,9,NO,NO RESPETAR LAS SENIALES MANUALES DEL AGENTE DE TRANSITO.,CHOQUE LATERAL,MOTOCICLETA,0,0,0,0,0,0,0,0,1,1,0,0,0,2,44,HOMBRE,LESIONADO,CONDUCTOR PRESENTE,NO,NO,0
6837,21139,21140,2017,1,0,-0.161689,-78.320647,PICHINCHA,QUITO,YARUQUI,RURAL,2017-09-25,16:50:00,16,LUNES,1,SEPTIEMBRE,9,NO,NO MANTENER LA DISTANCIA PRUDENCIAL CON RESPECTO AL VEHICULO QUE LE ANTECEDE.,CHOQUE POSTERIOR,MOTOCICLETA,1,0,0,0,0,0,0,0,1,0,0,0,0,2,2,HOMBRE,LESIONADO,PASAJERO,NO,NO,3
6838,21140,21141,2017,0,0,-0.138945,-78.504056,PICHINCHA,QUITO,QUITO,URBANA,2017-09-25,17:10:00,17,LUNES,1,SEPTIEMBRE,9,NO,REALIZAR CAMBIO BRUSCO O INDEBIDO DE CARRIL.,ESTRELLAMIENTOS,AUTOMOVIL,1,0,0,0,0,0,0,0,0,1,0,0,0,2,37,HOMBRE,ILESO,CONDUCTOR PRESENTE,NO,NO,0
6839,21143,21144,2017,0,0,-0.227351,-78.507132,PICHINCHA,QUITO,QUITO,URBANA,2017-09-25,17:35:00,17,LUNES,1,SEPTIEMBRE,9,NO,NO GUARDAR LA DISTANCIA LATERAL MINIMA DE SEGURIDAD ENTRE VEHICULOS.,ROZAMIENTOS,AUTOMOVIL,1,0,0,0,1,0,0,0,0,0,0,0,0,2,25,HOMBRE,ILESO,CONDUCTOR PRESENTE,NO,NO,0
6840,21145,21146,2017,1,0,-0.230017,-78.484662,PICHINCHA,QUITO,QUITO,URBANA,2017-09-25,17:42:00,17,LUNES,1,SEPTIEMBRE,9,NO,NO CEDER EL DERECHO DE VIA O PREFERENCIA DE PASO A VEHICULOS.,CHOQUE LATERAL,MOTOCICLETA,0,0,0,0,0,0,0,0,1,0,0,0,1,2,21,HOMBRE,LESIONADO,CONDUCTOR PRESENTE,NO,NO,0
6841,21146,21147,2017,0,0,-0.189012,-78.447938,PICHINCHA,QUITO,NAYON,RURAL,2017-09-25,18:00:00,18,LUNES,1,SEPTIEMBRE,9,NO,NO MANTENER LA DISTANCIA PRUDENCIAL CON RESPECTO AL VEHICULO QUE LE ANTECEDE.,CHOQUE POSTERIOR,BUS,1,0,1,0,0,0,0,0,0,0,0,0,0,2,36,HOMBRE,ILESO,CONDUCTOR PRESENTE,NO,NO,3
6842,21152,21153,2017,0,0,-0.129285,-78.481343,PICHINCHA,QUITO,QUITO,URBANA,2017-09-25,20:45:00,20,LUNES,1,SEPTIEMBRE,9,NO,"NO RESPETAR LAS SENIALES REGLAMENTARIAS DE TRANSITO. (PARE, CEDA EL PASO, LUZ ROJA DEL SEMAFORO, ETC).",CHOQUE LATERAL,AUTOMOVIL,2,0,0,0,0,0,0,0,0,0,0,0,0,2,57,MUJER,ILESO,CONDUCTOR PRESENTE,NO,NO,0
6843,21153,21154,2017,0,0,-0.101492,-78.468991,PICHINCHA,QUITO,QUITO,URBANA,2017-09-25,21:23:00,21,LUNES,1,SEPTIEMBRE,9,NO,REALIZAR CAMBIO BRUSCO O INDEBIDO DE CARRIL.,ESTRELLAMIENTOS,AUTOMOVIL,1,0,0,0,0,0,0,0,0,0,0,0,0,1,-1,NO IDENTIFICADO,NO IDENTIFICADO,CONDUCTOR AUSENTE,NO,NO,2
6844,21155,21156,2017,0,0,-0.091391,-78.469442,PICHINCHA,QUITO,QUITO,URBANA,2017-09-25,22:00:00,22,LUNES,1,SEPTIEMBRE,9,NO,NO CEDER EL DERECHO DE VIA O PREFERENCIA DE PASO A VEHICULOS.,CHOQUE LATERAL,AUTOMOVIL,2,0,0,0,0,0,0,0,0,0,0,0,0,2,29,MUJER,ILESO,CONDUCTOR PRESENTE,NO,NO,0
6845,21173,21174,2017,6,0,-0.157497,-78.503561,PICHINCHA,QUITO,QUITO,URBANA,2017-09-26,06:10:00,6,MARTES,2,SEPTIEMBRE,9,NO,NO CEDER EL DERECHO DE VIA O PREFERENCIA DE PASO A VEHICULOS.,CHOQUE LATERAL,CAMIONETA,0,0,0,0,1,0,0,1,0,0,0,0,0,2,-1,HOMBRE,LESIONADO,PASAJERO,NO,NO,0
6846,21174,21175,2017,0,0,-0.333289,-78.443089,PICHINCHA,RUMINIAHUI,SANGOLQUI,URBANA,2017-09-26,06:30:00,6,MARTES,2,SEPTIEMBRE,9,NO,CONDUCIR VEHICULO SUPERANDO LOS LIMITES MAXIMOS DE VELOCIDAD.,CHOQUE LATERAL,AUTOMOVIL,2,0,0,0,0,0,0,0,0,0,0,0,0,2,45,HOMBRE,ILESO,CONDUCTOR PRESENTE,NO,NO,0
6847,21175,21176,2017,0,0,-0.213591,-78.497504,PICHINCHA,QUITO,QUITO,URBANA,2017-09-26,06:35:00,6,MARTES,2,SEPTIEMBRE,9,NO,"NO RESPETAR LAS SENIALES REGLAMENTARIAS DE TRANSITO. (PARE, CEDA EL PASO, LUZ ROJA DEL SEMAFORO, ETC).",CHOQUE LATERAL,AUTOMOVIL,2,0,0,0,0,0,0,0,0,0,0,0,0,2,30,HOMBRE,ILESO,CONDUCTOR PRESENTE,NO,NO,0
6848,21176,21177,2017,1,0,-0.203101,-78.458421,PICHINCHA,QUITO,QUITO,RURAL,2017-09-26,06:50:00,6,MARTES,2,SEPTIEMBRE,9,NO,CONDUCIR VEHICULO SUPERANDO LOS LIMITES MAXIMOS DE VELOCIDAD.,VOLCAMIENTOS,MOTOCICLETA,0,0,0,0,0,0,0,0,1,0,0,0,0,1,23,HOMBRE,LESIONADO,CONDUCTOR PRESENTE,NO,NO,3
6849,21177,21178,2017,2,0,-0.187427,-78.494273,PICHINCHA,QUITO,QUITO,URBANA,2017-09-26,07:00:00,7,MARTES,2,SEPTIEMBRE,9,NO,CONDUCIR VEHICULO SUPERANDO LOS LIMITES MAXIMOS DE VELOCIDAD.,PERDIDA DE PISTA,MOTOCICLETA,0,0,0,0,0,0,0,0,1,0,0,0,0,1,23,HOMBRE,LESIONADO,CONDUCTOR PRESENTE,NO,NO,0
6850,21179,21180,2017,0,0,-0.154927,-78.476996,PICHINCHA,QUITO,QUITO,URBANA,2017-09-26,07:25:00,7,MARTES,2,SEPTIEMBRE,9,NO,"CONDUCIR DESATENTO A LAS CONDICIONES DE TRANSITO (CELULAR, PANTALLAS DE VIDEO, COMIDA, MAQUILLAJE O CUALQUIER OTRO ELEMENTO DISTRACTOR).",COLISION,VEHICULO DEPORTIVO UTILITARIO,2,0,0,0,0,0,0,0,0,0,0,0,1,3,50,HOMBRE,ILESO,CONDUCTOR PRESENTE,NO,NO,0
6851,21186,21187,2017,0,0,-0.169167,-78.476225,PICHINCHA,QUITO,QUITO,URBANA,2017-09-26,10:00:00,10,MARTES,2,SEPTIEMBRE,9,NO,NO GUARDAR LA DISTANCIA LATERAL MINIMA DE SEGURIDAD ENTRE VEHICULOS.,ROZAMIENTOS,CAMIONETA,0,0,0,0,1,0,0,0,0,1,0,0,0,2,35,HOMBRE,ILESO,CONDUCTOR PRESENTE,NO,NO,0
6852,21190,21191,2017,0,0,-0.224964,-78.514538,PICHINCHA,QUITO,QUITO,URBANA,2017-09-26,11:50:00,11,MARTES,2,SEPTIEMBRE,9,NO,NO GUARDAR LA DISTANCIA LATERAL MINIMA DE SEGURIDAD ENTRE VEHICULOS.,ROZAMIENTOS,AUTOMOVIL,1,0,0,0,0,0,0,1,0,0,0,0,0,2,33,HOMBRE,ILESO,CONDUCTOR PRESENTE,NO,NO,0
6853,21192,21193,2017,1,0,-0.188701,-78.500128,PICHINCHA,QUITO,QUITO,URBANA,2017-09-26,13:25:00,13,MARTES,2,SEPTIEMBRE,9,NO,NO CEDER EL DERECHO DE VIA O PREFERENCIA DE PASO AL PEATON.,ATROPELLOS,NO IDENTIFICADO,0,0,0,0,0,0,0,0,0,1,0,0,0,1,59,HOMBRE,LESIONADO,PEATON,NO,NO,0
6854,21193,21194,2017,0,0,-0.167381,-78.470961,PICHINCHA,QUITO,QUITO,URBANA,2017-09-26,13:39:00,13,MARTES,2,SEPTIEMBRE,9,NO,NO MANTENER LA DISTANCIA PRUDENCIAL CON RESPECTO AL VEHICULO QUE LE ANTECEDE.,CHOQUE POSTERIOR,AUTOMOVIL,2,0,0,0,0,0,0,0,0,0,0,0,0,2,29,HOMBRE,ILESO,CONDUCTOR PRESENTE,NO,NO,0
6855,21195,21196,2017,0,0,-0.191015,-78.508034,PICHINCHA,QUITO,QUITO,URBANA,2017-09-26,14:05:00,14,MARTES,2,SEPTIEMBRE,9,NO,NO CEDER EL DERECHO DE VIA O PREFERENCIA DE PASO A VEHICULOS.,CHOQUE LATERAL,AUTOMOVIL,1,0,0,0,0,0,0,1,0,0,0,0,0,2,74,HOMBRE,ILESO,CONDUCTOR PRESENTE,NO,NO,0
6856,21196,21197,2017,1,0,-0.157598,-78.484453,PICHINCHA,QUITO,QUITO,URBANA,2017-09-26,14:10:00,14,MARTES,2,SEPTIEMBRE,9,NO,NO CEDER EL DERECHO DE VIA O PREFERENCIA DE PASO AL PEATON.,ATROPELLOS,NO IDENTIFICADO,0,0,0,0,0,0,0,0,0,1,0,0,0,1,-1,NO IDENTIFICADO,LESIONADO,CONDUCTOR PRESENTE,NO,NO,0
6857,21197,21198,2017,0,0,-0.203355,-78.498191,PICHINCHA,QUITO,QUITO,URBANA,2017-09-26,14:15:00,14,MARTES,2,SEPTIEMBRE,9,NO,"NO RESPETAR LAS SENIALES REGLAMENTARIAS DE TRANSITO. (PARE, CEDA EL PASO, LUZ ROJA DEL SEMAFORO, ETC).",CHOQUE LATERAL,AUTOMOVIL,2,0,0,0,0,0,0,0,0,0,0,0,0,2,34,HOMBRE,ILESO,CONDUCTOR PRESENTE,NO,NO,0
6858,21199,21200,2017,0,0,-0.196125,-78.495452,PICHINCHA,QUITO,QUITO,URBANA,2017-09-26,15:05:00,15,MARTES,2,SEPTIEMBRE,9,NO,"CONDUCIR DESATENTO A LAS CONDICIONES DE TRANSITO (CELULAR, PANTALLAS DE VIDEO, COMIDA, MAQUILLAJE O CUALQUIER OTRO ELEMENTO DISTRACTOR).",CHOQUE POSTERIOR,AUTOMOVIL,2,0,0,0,0,0,0,0,0,0,0,0,0,2,53,HOMBRE,ILESO,CONDUCTOR PRESENTE,NO,NO,0
6859,21205,21206,2017,1,0,-0.204361,-78.484481,PICHINCHA,QUITO,QUITO,URBANA,2017-09-26,17:30:00,17,MARTES,2,SEPTIEMBRE,9,NO,NO CEDER EL DERECHO DE VIA O PREFERENCIA DE PASO A VEHICULOS.,CHOQUE LATERAL,AUTOMOVIL,1,0,0,0,0,0,0,0,1,0,0,0,0,2,15,HOMBRE,LESIONADO,PASAJERO,NO,NO,0
6860,21206,21207,2017,1,0,-0.302476,-78.536395,PICHINCHA,QUITO,QUITO,URBANA,2017-09-26,17:35:00,17,MARTES,2,SEPTIEMBRE,9,NO,BAJARSE O SUBIRSE DE VEHICULOS EN MOVIMIENTO SIN TOMAR LAS PRECAUCIONES DEBIDAS.,CAIDA DE PASAJERO,NO IDENTIFICADO,0,0,0,0,0,0,0,0,0,1,0,0,0,1,6,HOMBRE,LESIONADO,PASAJERO,NO,NO,0
6861,21209,21210,2017,0,0,-0.224281,-78.507288,PICHINCHA,QUITO,QUITO,URBANA,2017-09-26,20:10:00,20,MARTES,2,SEPTIEMBRE,9,NO,NO GUARDAR LA DISTANCIA LATERAL MINIMA DE SEGURIDAD ENTRE VEHICULOS.,ROZAMIENTOS,AUTOMOVIL,1,0,1,0,0,0,0,0,0,0,0,0,0,2,30,HOMBRE,ILESO,CONDUCTOR PRESENTE,NO,NO,0