,Unnamed: 0,ID,ANIO,LESIONADOS,FALLECIDOS,LATITUD_Y,LONGITUD_X,PROVINCIA,CANTON,PARROQUIA,ZONA,FECHA,HORA,PERIODO_2,DIA_1,DIA_2,MES_1,MES_2,FERIADO,CAUSA_PROBABLE,TIPO_DE_SINIESTRO,TIPO_DE_VEHICULO_1,AUTOMOVIL,BICICLETA,BUS,CAMION,CAMIONETA,EMERGENCIAS,ESPECIAL,FURGONETA,MOTOCICLETA,NO_IDENTIFICADO,SCOOTER_ELECTRICO,TRICIMOTO,VEHICULO_DEPORTIVO_UTILITARIO,SUMA_DE_VEHICULOS,EDAD_1,SEXO_1,CONDICION_1,PARTICIPANTE_1,CASCO_1,CINTURON_1,KMeans_Cluster
6862,21211,21212,2017,0,0,-0.111757,-78.441645,PICHINCHA,QUITO,CALDERON (CARAPUNGO),RURAL,2017-09-26,21:20:00,21,MARTES,2,SEPTIEMBRE,9,NO,"CONDUCE BAJO LA INFLUENCIA DE ALCOHOL, SUSTANCIAS ESTUPEFACIENTES O PSICOTROPICAS Y/O MEDICAMENTOS.",CHOQUE POSTERIOR,CAMION,1,0,0,1,0,0,0,0,0,0,0,0,0,2,24,HOMBRE,ILESO,CONDUCTOR PRESENTE,NO,NO,3
6863,21235,21236,2017,1,0,-0.157426,-78.484969,PICHINCHA,QUITO,QUITO,URBANA,2017-09-27,00:40:00,0,MIERCOLES,3,SEPTIEMBRE,9,NO,"CONDUCE BAJO LA INFLUENCIA DE ALCOHOL, SUSTANCIAS ESTUPEFACIENTES O PSICOTROPICAS Y/O MEDICAMENTOS.",CHOQUE LATERAL,AUTOMOVIL,2,0,0,0,0,0,0,0,0,0,0,0,0,2,34,HOMBRE,LESIONADO,CONDUCTOR PRESENTE,NO,NO,0
6864,21236,21237,2017,0,0,-0.214703,-78.503339,PICHINCHA,QUITO,QUITO,URBANA,2017-09-27,02:10:00,2,MIERCOLES,3,SEPTIEMBRE,9,NO,"NO RESPETAR LAS SENIALES REGLAMENTARIAS DE TRANSITO. (PARE, CEDA EL PASO, LUZ ROJA DEL SEMAFORO, ETC).",CHOQUE LATERAL,CAMION,1,0,0,1,0,0,0,0,0,0,0,0,0,2,24,HOMBRE,ILESO,CONDUCTOR PRESENTE,NO,NO,0
6865,21240,21241,2017,0,0,-0.158361,-78.474442,PICHINCHA,QUITO,QUITO,URBANA,2017-09-27,07:00:00,7,MIERCOLES,3,SEPTIEMBRE,9,NO,NO GUARDAR LA DISTANCIA LATERAL MINIMA DE SEGURIDAD ENTRE VEHICULOS.,ROZAMIENTOS,AUTOMOVIL,1,0,0,0,0,0,0,0,0,1,0,0,0,2,20,HOMBRE,ILESO,CONDUCTOR PRESENTE,NO,NO,0
6866,21241,21242,2017,1,0,-0.304167,-78.542831,PICHINCHA,QUITO,QUITO,URBANA,2017-09-27,07:00:00,7,MIERCOLES,3,SEPTIEMBRE,9,NO,NO GUARDAR LA DISTANCIA LATERAL MINIMA DE SEGURIDAD ENTRE VEHICULOS.,ROZAMIENTOS,MOTOCICLETA,0,0,0,0,0,0,0,0,1,1,0,0,0,2,24,HOMBRE,LESIONADO,CONDUCTOR PRESENTE,NO,NO,0
6867,21250,21251,2017,1,0,-0.182395,-78.331739,PICHINCHA,QUITO,YARUQUI,RURAL,2017-09-27,10:00:00,10,MIERCOLES,3,SEPTIEMBRE,9,NO,NO TRANSITAR POR LAS ACERAS O ZONAS DE SEGURIDAD DESTINADAS PARA EL EFECTO.,ATROPELLOS,CAMIONETA,0,0,0,0,1,0,0,0,0,0,0,0,0,1,33,MUJER,LESIONADO,CONDUCTOR PRESENTE,NO,NO,3
6868,21252,21253,2017,0,0,-0.211666,-78.498731,PICHINCHA,QUITO,QUITO,URBANA,2017-09-27,10:30:00,10,MIERCOLES,3,SEPTIEMBRE,9,NO,NO GUARDAR LA DISTANCIA LATERAL MINIMA DE SEGURIDAD ENTRE VEHICULOS.,ROZAMIENTOS,VEHICULO DEPORTIVO UTILITARIO,0,0,0,0,0,0,0,0,0,1,0,0,1,2,52,MUJER,ILESO,CONDUCTOR PRESENTE,NO,NO,0
6869,21253,21254,2017,0,0,-0.164712,-78.468109,PICHINCHA,QUITO,QUITO,URBANA,2017-09-27,10:44:00,10,MIERCOLES,3,SEPTIEMBRE,9,NO,NO GUARDAR LA DISTANCIA LATERAL MINIMA DE SEGURIDAD ENTRE VEHICULOS.,ROZAMIENTOS,VEHICULO DEPORTIVO UTILITARIO,1,0,0,0,0,0,0,0,0,0,0,0,1,2,54,MUJER,ILESO,CONDUCTOR PRESENTE,NO,NO,0
6870,21255,21256,2017,0,0,-0.273202,-78.552353,PICHINCHA,QUITO,QUITO,URBANA,2017-09-27,12:25:00,12,MIERCOLES,3,SEPTIEMBRE,9,NO,"NO RESPETAR LAS SENIALES REGLAMENTARIAS DE TRANSITO. (PARE, CEDA EL PASO, LUZ ROJA DEL SEMAFORO, ETC).",CHOQUE LATERAL,MOTOCICLETA,0,0,0,1,0,0,0,0,1,0,0,0,0,2,24,HOMBRE,ILESO,CONDUCTOR PRESENTE,NO,NO,0
6871,21258,21259,2017,3,0,-0.224383,-78.496888,PICHINCHA,QUITO,QUITO,URBANA,2017-09-27,13:10:00,13,MIERCOLES,3,SEPTIEMBRE,9,NO,CONDUCIR VEHICULO SUPERANDO LOS LIMITES MAXIMOS DE VELOCIDAD.,CHOQUE POSTERIOR,AUTOMOVIL,1,0,0,0,0,0,0,0,0,1,0,0,0,2,34,MUJER,LESIONADO,CONDUCTOR PRESENTE,NO,NO,0
6872,21259,21260,2017,0,0,-0.240312,-78.510731,PICHINCHA,QUITO,QUITO,URBANA,2017-09-27,13:40:00,13,MIERCOLES,3,SEPTIEMBRE,9,NO,"CONDUCIR DESATENTO A LAS CONDICIONES DE TRANSITO (CELULAR, PANTALLAS DE VIDEO, COMIDA, MAQUILLAJE O CUALQUIER OTRO ELEMENTO DISTRACTOR).",ESTRELLAMIENTOS,AUTOMOVIL,1,0,0,0,0,0,0,0,0,1,0,0,0,2,39,MUJER,ILESO,CONDUCTOR PRESENTE,NO,NO,0
6873,21262,21263,2017,1,0,-0.211446,-78.501233,PICHINCHA,QUITO,QUITO,URBANA,2017-09-27,14:25:00,14,MIERCOLES,3,SEPTIEMBRE,9,NO,NO CEDER EL DERECHO DE VIA O PREFERENCIA DE PASO AL PEATON.,ATROPELLOS,BUS,0,0,1,0,0,0,0,0,0,0,0,0,0,1,87,HOMBRE,LESIONADO,PEATON,NO,NO,0
6874,21264,21265,2017,1,0,-0.154681,-78.477643,PICHINCHA,QUITO,QUITO,URBANA,2017-09-27,14:45:00,14,MIERCOLES,3,SEPTIEMBRE,9,NO,NO CEDER EL DERECHO DE VIA O PREFERENCIA DE PASO A VEHICULOS.,CHOQUE LATERAL,MOTOCICLETA,0,0,0,0,1,0,0,0,1,0,0,0,0,2,33,HOMBRE,LESIONADO,CONDUCTOR PRESENTE,NO,NO,0
6875,21266,21267,2017,1,0,-0.150952,-78.470271,PICHINCHA,QUITO,QUITO,URBANA,2017-09-27,15:40:00,15,MIERCOLES,3,SEPTIEMBRE,9,NO,NO CEDER EL DERECHO DE VIA O PREFERENCIA DE PASO A VEHICULOS.,CHOQUE LATERAL,BICICLETA,0,1,0,0,0,0,0,0,0,1,0,0,0,2,33,HOMBRE,LESIONADO,CONDUCTOR PRESENTE,NO,NO,0
6876,21267,21268,2017,0,0,-0.200662,-78.497019,PICHINCHA,QUITO,QUITO,RURAL,2017-09-27,15:45:00,15,MIERCOLES,3,SEPTIEMBRE,9,NO,NO MANTENER LA DISTANCIA PRUDENCIAL CON RESPECTO AL VEHICULO QUE LE ANTECEDE.,CHOQUE POSTERIOR,CAMIONETA,0,0,1,0,1,0,0,0,0,0,0,0,0,2,84,HOMBRE,ILESO,CONDUCTOR PRESENTE,NO,NO,3
6877,21268,21269,2017,0,0,-0.164361,-78.470394,PICHINCHA,QUITO,QUITO,URBANA,2017-09-27,16:00:00,16,MIERCOLES,3,SEPTIEMBRE,9,NO,"CONDUCIR DESATENTO A LAS CONDICIONES DE TRANSITO (CELULAR, PANTALLAS DE VIDEO, COMIDA, MAQUILLAJE O CUALQUIER OTRO ELEMENTO DISTRACTOR).",CHOQUE POSTERIOR,AUTOMOVIL,1,0,1,0,0,0,0,0,0,0,0,0,0,2,23,HOMBRE,ILESO,CONDUCTOR PRESENTE,NO,NO,0
6878,21269,21270,2017,1,0,-0.108538,-78.472741,PICHINCHA,QUITO,QUITO,URBANA,2017-09-27,16:35:00,16,MIERCOLES,3,SEPTIEMBRE,9,NO,BAJARSE O SUBIRSE DE VEHICULOS EN MOVIMIENTO SIN TOMAR LAS PRECAUCIONES DEBIDAS.,CAIDA DE PASAJERO,BUS,0,0,1,0,0,0,0,0,0,0,0,0,0,1,56,MUJER,LESIONADO,PASAJERO,NO,NO,0
6879,21272,21273,2017,0,0,-0.196656,-78.489482,PICHINCHA,QUITO,QUITO,URBANA,2017-09-27,17:24:00,17,MIERCOLES,3,SEPTIEMBRE,9,NO,"NO RESPETAR LAS SENIALES REGLAMENTARIAS DE TRANSITO. (PARE, CEDA EL PASO, LUZ ROJA DEL SEMAFORO, ETC).",CHOQUE LATERAL,MOTOCICLETA,0,0,0,0,0,0,0,0,1,1,0,0,0,2,40,MUJER,ILESO,CONDUCTOR PRESENTE,NO,NO,0
6880,21275,21276,2017,0,0,-0.516715,-78.567447,PICHINCHA,MEJIA,MACHACHI,RURAL,2017-09-27,18:30:00,18,MIERCOLES,3,SEPTIEMBRE,9,NO,REALIZAR CAMBIO BRUSCO O INDEBIDO DE CARRIL.,CHOQUE FRONTAL,VEHICULO DEPORTIVO UTILITARIO,0,0,0,0,1,0,0,0,0,0,0,0,1,2,28,HOMBRE,ILESO,CONDUCTOR PRESENTE,NO,NO,3
6881,21292,21293,2017,0,0,-0.237667,-78.484685,PICHINCHA,QUITO,QUITO,URBANA,2017-09-28,00:27:00,0,JUEVES,4,SEPTIEMBRE,9,NO,"CONDUCIR EN ESTADO DE SOMNOLENCIA O MALAS CONDICIONES FISICAS (SUENIO, CANSANCIO Y FATIGA).",ESTRELLAMIENTOS,VEHICULO DEPORTIVO UTILITARIO,0,0,0,0,0,0,0,0,0,0,0,0,1,1,27,MUJER,ILESO,CONDUCTOR PRESENTE,NO,NO,0
6882,21294,21295,2017,0,1,-0.000885,-78.508615,PICHINCHA,QUITO,CALACALI,RURAL,2017-09-28,04:20:00,4,JUEVES,4,SEPTIEMBRE,9,NO,REALIZAR CAMBIO BRUSCO O INDEBIDO DE CARRIL.,CHOQUE FRONTAL,MOTOCICLETA,0,0,0,0,0,0,0,0,1,0,0,0,0,1,42,HOMBRE,FALLECIDO,CONDUCTOR PRESENTE,NO,NO,3
6883,21297,21298,2017,1,0,-0.081601,-78.502712,PICHINCHA,QUITO,QUITO,URBANA,2017-09-28,06:18:00,6,JUEVES,4,SEPTIEMBRE,9,NO,BAJARSE O SUBIRSE DE VEHICULOS EN MOVIMIENTO SIN TOMAR LAS PRECAUCIONES DEBIDAS.,CAIDA DE PASAJERO,NO IDENTIFICADO,0,0,0,0,0,0,0,0,0,1,0,0,0,1,16,MUJER,LESIONADO,PASAJERO,NO,NO,0
6884,21298,21299,2017,0,0,-0.186153,-78.335174,PICHINCHA,QUITO,TABABELA,RURAL,2017-09-28,06:20:00,6,JUEVES,4,SEPTIEMBRE,9,NO,NO GUARDAR LA DISTANCIA LATERAL MINIMA DE SEGURIDAD ENTRE VEHICULOS.,ROZAMIENTOS,CAMION,1,0,0,1,0,0,0,0,0,0,0,0,0,2,49,HOMBRE,ILESO,CONDUCTOR PRESENTE,NO,NO,3
6885,21299,21300,2017,0,0,-0.208883,-78.503547,PICHINCHA,QUITO,QUITO,URBANA,2017-09-28,06:45:00,6,JUEVES,4,SEPTIEMBRE,9,NO,"NO RESPETAR LAS SENIALES REGLAMENTARIAS DE TRANSITO. (PARE, CEDA EL PASO, LUZ ROJA DEL SEMAFORO, ETC).",CHOQUE LATERAL,MOTOCICLETA,0,0,0,0,0,0,0,0,1,1,0,0,0,2,43,HOMBRE,ILESO,CONDUCTOR PRESENTE,NO,NO,0
6886,21300,21301,2017,1,0,-0.209795,-78.404284,PICHINCHA,QUITO,TUMBACO,RURAL,2017-09-28,07:20:00,7,JUEVES,4,SEPTIEMBRE,9,NO,CONDUCIR VEHICULO SUPERANDO LOS LIMITES MAXIMOS DE VELOCIDAD.,PERDIDA DE PISTA,MOTOCICLETA,0,0,0,0,0,0,0,0,1,0,0,0,0,1,34,HOMBRE,LESIONADO,CONDUCTOR PRESENTE,NO,NO,3
6887,21304,21305,2017,0,0,-0.105568,-78.497653,PICHINCHA,QUITO,QUITO,URBANA,2017-09-28,09:10:00,9,JUEVES,4,SEPTIEMBRE,9,NO,NO MANTENER LA DISTANCIA PRUDENCIAL CON RESPECTO AL VEHICULO QUE LE ANTECEDE.,COLISION,VEHICULO DEPORTIVO UTILITARIO,0,0,0,1,0,0,0,1,0,0,0,0,1,3,47,HOMBRE,ILESO,CONDUCTOR PRESENTE,NO,NO,0
6888,21305,21306,2017,1,0,-0.212824,-78.402686,PICHINCHA,QUITO,TUMBACO,URBANA,2017-09-28,09:10:00,9,JUEVES,4,SEPTIEMBRE,9,NO,NO CEDER EL DERECHO DE VIA O PREFERENCIA DE PASO AL PEATON.,ATROPELLOS,AUTOMOVIL,1,0,0,0,0,0,0,0,0,0,0,0,0,1,28,HOMBRE,LESIONADO,PEATON,NO,NO,0
6889,21310,21311,2017,1,0,-0.249954,-78.535211,PICHINCHA,QUITO,QUITO,URBANA,2017-09-28,11:32:00,11,JUEVES,4,SEPTIEMBRE,9,NO,NO MANTENER LA DISTANCIA PRUDENCIAL CON RESPECTO AL VEHICULO QUE LE ANTECEDE.,CHOQUE POSTERIOR,MOTOCICLETA,0,0,0,0,1,0,0,0,1,0,0,0,0,2,23,HOMBRE,LESIONADO,CONDUCTOR PRESENTE,NO,NO,0
6890,21316,21317,2017,0,0,-0.190021,-78.488162,PICHINCHA,QUITO,QUITO,URBANA,2017-09-28,13:12:00,13,JUEVES,4,SEPTIEMBRE,9,NO,NO GUARDAR LA DISTANCIA LATERAL MINIMA DE SEGURIDAD ENTRE VEHICULOS.,ROZAMIENTOS,BUS,0,0,1,0,0,0,0,0,0,0,0,0,1,2,38,HOMBRE,ILESO,CONDUCTOR PRESENTE,NO,NO,0
6891,21319,21320,2017,0,0,-0.265281,-78.547073,PICHINCHA,QUITO,QUITO,URBANA,2017-09-28,14:30:00,14,JUEVES,4,SEPTIEMBRE,9,NO,REALIZAR CAMBIO BRUSCO O INDEBIDO DE CARRIL.,CHOQUE FRONTAL,MOTOCICLETA,0,0,0,0,0,0,0,0,1,1,0,0,0,2,27,HOMBRE,ILESO,CONDUCTOR PRESENTE,NO,NO,0
6892,21320,21321,2017,1,0,-0.254185,-78.522285,PICHINCHA,QUITO,QUITO,URBANA,2017-09-28,14:45:00,14,JUEVES,4,SEPTIEMBRE,9,NO,"NO RESPETAR LAS SENIALES REGLAMENTARIAS DE TRANSITO. (PARE, CEDA EL PASO, LUZ ROJA DEL SEMAFORO, ETC).",CHOQUE LATERAL,VEHICULO DEPORTIVO UTILITARIO,0,0,0,0,0,0,0,0,1,0,0,0,1,2,26,HOMBRE,LESIONADO,CONDUCTOR PRESENTE,NO,NO,0
6893,21321,21322,2017,1,0,-0.203829,-78.488976,PICHINCHA,QUITO,QUITO,URBANA,2017-09-28,15:20:00,15,JUEVES,4,SEPTIEMBRE,9,NO,"NO RESPETAR LAS SENIALES REGLAMENTARIAS DE TRANSITO. (PARE, CEDA EL PASO, LUZ ROJA DEL SEMAFORO, ETC).",CHOQUE LATERAL,AUTOMOVIL,1,0,0,0,0,0,0,0,1,0,0,0,0,2,41,HOMBRE,LESIONADO,CONDUCTOR PRESENTE,NO,NO,0
6894,21322,21323,2017,1,0,-0.130289,-78.471087,PICHINCHA,QUITO,QUITO,URBANA,2017-09-28,16:00:00,16,JUEVES,4,SEPTIEMBRE,9,NO,REALIZAR CAMBIO BRUSCO O INDEBIDO DE CARRIL.,PERDIDA DE PISTA,MOTOCICLETA,0,0,0,0,0,0,0,0,1,0,0,0,0,1,48,HOMBRE,LESIONADO,CONDUCTOR PRESENTE,NO,NO,0
6895,21323,21324,2017,0,0,-0.163244,-78.462982,PICHINCHA,QUITO,QUITO,URBANA,2017-09-28,16:20:00,16,JUEVES,4,SEPTIEMBRE,9,NO,NO GUARDAR LA DISTANCIA LATERAL MINIMA DE SEGURIDAD ENTRE VEHICULOS.,ROZAMIENTOS,AUTOMOVIL,1,0,0,1,0,0,0,0,0,0,0,0,0,2,29,HOMBRE,ILESO,CONDUCTOR PRESENTE,NO,NO,0
6896,21325,21326,2017,0,0,-0.211147,-78.482527,PICHINCHA,QUITO,QUITO,URBANA,2017-09-28,16:40:00,16,JUEVES,4,SEPTIEMBRE,9,NO,CONDUCIR VEHICULO SUPERANDO LOS LIMITES MAXIMOS DE VELOCIDAD.,PERDIDA DE PISTA,VEHICULO DEPORTIVO UTILITARIO,2,0,0,0,0,0,0,0,0,0,0,0,1,3,47,HOMBRE,ILESO,CONDUCTOR PRESENTE,NO,NO,0
6897,21326,21327,2017,2,0,-0.161499,-78.495616,PICHINCHA,QUITO,QUITO,URBANA,2017-09-28,16:40:00,16,JUEVES,4,SEPTIEMBRE,9,NO,"CONDUCE BAJO LA INFLUENCIA DE ALCOHOL, SUSTANCIAS ESTUPEFACIENTES O PSICOTROPICAS Y/O MEDICAMENTOS.",ESTRELLAMIENTOS,VEHICULO DEPORTIVO UTILITARIO,0,0,1,0,0,0,0,0,0,0,0,0,1,2,40,HOMBRE,LESIONADO,PEATON,NO,NO,0
6898,21330,21331,2017,0,0,-0.232484,-78.493231,PICHINCHA,QUITO,QUITO,URBANA,2017-09-28,17:26:00,17,JUEVES,4,SEPTIEMBRE,9,NO,NO CEDER EL DERECHO DE VIA O PREFERENCIA DE PASO A VEHICULOS.,CHOQUE LATERAL,AUTOMOVIL,2,0,0,0,0,0,0,0,0,0,0,0,0,2,20,HOMBRE,ILESO,CONDUCTOR PRESENTE,NO,NO,0
6899,21332,21333,2017,2,0,0.002552,-78.498868,PICHINCHA,QUITO,CALACALI,URBANA,2017-09-28,17:52:00,17,JUEVES,4,SEPTIEMBRE,9,NO,CONDUCIR VEHICULO SUPERANDO LOS LIMITES MAXIMOS DE VELOCIDAD.,ESTRELLAMIENTOS,CAMION,0,0,0,1,0,0,0,0,0,0,0,0,0,1,37,MUJER,LESIONADO,PASAJERO,NO,NO,0
6900,21333,21334,2017,1,0,-0.436331,-78.619782,PICHINCHA,MEJIA,ALOAG,RURAL,2017-09-28,18:20:00,18,JUEVES,4,SEPTIEMBRE,9,NO,CONDUCIR VEHICULO SUPERANDO LOS LIMITES MAXIMOS DE VELOCIDAD.,PERDIDA DE PISTA,VEHICULO DEPORTIVO UTILITARIO,0,0,0,0,0,0,0,0,0,0,0,0,1,1,46,HOMBRE,LESIONADO,CONDUCTOR PRESENTE,NO,NO,3
6901,21335,21336,2017,1,0,-0.292724,-78.476486,PICHINCHA,QUITO,CONOCOTO,RURAL,2017-09-28,18:50:00,18,JUEVES,4,SEPTIEMBRE,9,NO,BAJARSE O SUBIRSE DE VEHICULOS EN MOVIMIENTO SIN TOMAR LAS PRECAUCIONES DEBIDAS.,CAIDA DE PASAJERO,NO IDENTIFICADO,0,0,0,0,0,0,0,0,0,1,0,0,0,1,65,MUJER,LESIONADO,PASAJERO,NO,NO,3
6902,21337,21338,2017,0,0,-0.211399,-78.405596,PICHINCHA,QUITO,TUMBACO,RURAL,2017-09-28,20:20:00,20,JUEVES,4,SEPTIEMBRE,9,NO,"NO RESPETAR LAS SENIALES REGLAMENTARIAS DE TRANSITO. (PARE, CEDA EL PASO, LUZ ROJA DEL SEMAFORO, ETC).",CHOQUE LATERAL,AUTOMOVIL,2,0,0,0,0,0,0,0,0,0,0,0,0,2,40,MUJER,ILESO,CONDUCTOR PRESENTE,NO,NO,3
6903,21340,21341,2017,0,0,-0.099784,-78.407549,PICHINCHA,QUITO,CALDERON (CARAPUNGO),RURAL,2017-09-28,21:10:00,21,JUEVES,4,SEPTIEMBRE,9,NO,CONDUCIR VEHICULO SUPERANDO LOS LIMITES MAXIMOS DE VELOCIDAD.,ESTRELLAMIENTOS,BUS,0,0,1,0,0,0,0,0,0,0,0,0,0,1,41,HOMBRE,ILESO,CONDUCTOR PRESENTE,NO,NO,3
6904,21341,21342,2017,0,1,-0.404994,-78.546515,PICHINCHA,MEJIA,TAMBILLO (MEJIA),RURAL,2017-09-28,21:20:00,21,JUEVES,4,SEPTIEMBRE,9,NO,NO TRANSITAR POR LAS ACERAS O ZONAS DE SEGURIDAD DESTINADAS PARA EL EFECTO.,ATROPELLOS,AUTOMOVIL,1,0,0,0,0,0,0,0,0,0,0,0,0,1,50,HOMBRE,FALLECIDO,PEATON,NO,NO,3
6905,21342,21343,2017,0,0,-0.168468,-78.469449,PICHINCHA,QUITO,QUITO,URBANA,2017-09-28,21:25:00,21,JUEVES,4,SEPTIEMBRE,9,NO,"CONDUCE BAJO LA INFLUENCIA DE ALCOHOL, SUSTANCIAS ESTUPEFACIENTES O PSICOTROPICAS Y/O MEDICAMENTOS.",COLISION,VEHICULO DEPORTIVO UTILITARIO,2,0,0,0,0,0,0,0,0,0,0,0,1,3,25,HOMBRE,ILESO,CONDUCTOR PRESENTE,NO,NO,0
6906,21343,21344,2017,0,0,-0.131468,-78.463319,PICHINCHA,QUITO,QUITO,URBANA,2017-09-28,21:30:00,21,JUEVES,4,SEPTIEMBRE,9,NO,"NO RESPETAR LAS SENIALES REGLAMENTARIAS DE TRANSITO. (PARE, CEDA EL PASO, LUZ ROJA DEL SEMAFORO, ETC).",CHOQUE LATERAL,AUTOMOVIL,1,0,0,0,0,0,0,0,0,1,0,0,0,2,21,HOMBRE,ILESO,CONDUCTOR PRESENTE,NO,NO,0
6907,21345,21346,2017,0,0,-0.280556,-78.533493,PICHINCHA,QUITO,QUITO,URBANA,2017-09-28,22:30:00,22,JUEVES,4,SEPTIEMBRE,9,NO,"CONDUCIR EN ESTADO DE SOMNOLENCIA O MALAS CONDICIONES FISICAS (SUENIO, CANSANCIO Y FATIGA).",ESTRELLAMIENTOS,AUTOMOVIL,1,0,0,0,0,0,0,0,0,0,0,0,0,1,-1,NO IDENTIFICADO,NO IDENTIFICADO,CONDUCTOR AUSENTE,NO,NO,2
6908,21347,21348,2017,2,0,-0.290284,-78.465474,PICHINCHA,QUITO,CONOCOTO,URBANA,2017-09-28,23:30:00,23,JUEVES,4,SEPTIEMBRE,9,NO,CONDUCIR VEHICULO SUPERANDO LOS LIMITES MAXIMOS DE VELOCIDAD.,PERDIDA DE PISTA,MOTOCICLETA,0,0,0,0,0,0,0,0,1,0,0,0,0,1,22,HOMBRE,LESIONADO,CONDUCTOR PRESENTE,NO,NO,0
6909,21348,21349,2017,2,0,-0.206987,-78.512503,PICHINCHA,QUITO,QUITO,URBANA,2017-09-28,23:30:00,23,JUEVES,4,SEPTIEMBRE,9,NO,CONDUCIR VEHICULO SUPERANDO LOS LIMITES MAXIMOS DE VELOCIDAD.,PERDIDA DE PISTA,AUTOMOVIL,1,0,0,0,0,0,0,0,0,0,0,0,0,1,30,MUJER,LESIONADO,PASAJERO,NO,NO,0
6910,21363,21364,2017,0,0,-0.187842,-78.498401,PICHINCHA,QUITO,QUITO,URBANA,2017-09-29,00:25:00,0,VIERNES,5,SEPTIEMBRE,9,NO,"NO RESPETAR LAS SENIALES REGLAMENTARIAS DE TRANSITO. (PARE, CEDA EL PASO, LUZ ROJA DEL SEMAFORO, ETC).",CHOQUE LATERAL,AUTOMOVIL,1,0,0,0,0,0,1,0,0,0,0,0,0,2,24,HOMBRE,ILESO,CONDUCTOR PRESENTE,NO,NO,0
6911,21364,21365,2017,0,0,-0.142674,-78.492272,PICHINCHA,QUITO,QUITO,URBANA,2017-09-29,01:05:00,1,VIERNES,5,SEPTIEMBRE,9,NO,"CONDUCIR EN ESTADO DE SOMNOLENCIA O MALAS CONDICIONES FISICAS (SUENIO, CANSANCIO Y FATIGA).",ESTRELLAMIENTOS,AUTOMOVIL,1,0,0,0,0,0,0,0,0,0,0,0,0,1,-1,NO IDENTIFICADO,NO IDENTIFICADO,CONDUCTOR AUSENTE,NO,NO,2
6912,21370,21371,2017,2,0,-0.283152,-78.554531,PICHINCHA,QUITO,QUITO,URBANA,2017-09-29,06:54:00,6,VIERNES,5,SEPTIEMBRE,9,NO,NO MANTENER LA DISTANCIA PRUDENCIAL CON RESPECTO AL VEHICULO QUE LE ANTECEDE.,CHOQUE POSTERIOR,BUS,1,0,1,0,0,0,0,0,0,0,0,0,0,2,54,MUJER,LESIONADO,CONDUCTOR PRESENTE,NO,NO,0
6913,21376,21377,2017,0,0,-0.243683,-78.519542,PICHINCHA,QUITO,QUITO,URBANA,2017-09-29,10:00:00,10,VIERNES,5,SEPTIEMBRE,9,NO,REALIZAR CAMBIO BRUSCO O INDEBIDO DE CARRIL.,ESTRELLAMIENTOS,AUTOMOVIL,1,0,0,0,0,0,0,0,0,1,0,0,0,2,-1,NO IDENTIFICADO,NO IDENTIFICADO,CONDUCTOR AUSENTE,NO,NO,2
6914,21377,21378,2017,1,0,-0.150393,-78.453592,PICHINCHA,QUITO,QUITO,URBANA,2017-09-29,10:28:00,10,VIERNES,5,SEPTIEMBRE,9,NO,NO CEDER EL DERECHO DE VIA O PREFERENCIA DE PASO A VEHICULOS.,CHOQUE LATERAL,MOTOCICLETA,0,0,0,0,0,0,0,1,1,0,0,0,0,2,61,HOMBRE,LESIONADO,CONDUCTOR PRESENTE,NO,NO,0
6915,21378,21379,2017,1,0,-0.164361,-78.470394,PICHINCHA,QUITO,QUITO,URBANA,2017-09-29,10:30:00,10,VIERNES,5,SEPTIEMBRE,9,NO,NO CEDER EL DERECHO DE VIA O PREFERENCIA DE PASO A VEHICULOS.,CHOQUE LATERAL,AUTOMOVIL,1,0,0,0,0,0,0,0,1,0,0,0,0,2,28,HOMBRE,LESIONADO,CONDUCTOR PRESENTE,NO,NO,0
6916,21379,21380,2017,1,0,-0.161979,-78.485919,PICHINCHA,QUITO,QUITO,URBANA,2017-09-29,11:00:00,11,VIERNES,5,SEPTIEMBRE,9,NO,NO MANTENER LA DISTANCIA PRUDENCIAL CON RESPECTO AL VEHICULO QUE LE ANTECEDE.,CHOQUE POSTERIOR,MOTOCICLETA,0,0,0,0,0,0,0,0,1,1,0,0,0,2,25,HOMBRE,LESIONADO,CONDUCTOR PRESENTE,NO,NO,0
6917,21380,21381,2017,0,0,-0.091585,-78.439052,PICHINCHA,QUITO,CALDERON (CARAPUNGO),URBANA,2017-09-29,11:00:00,11,VIERNES,5,SEPTIEMBRE,9,NO,REALIZAR CAMBIO BRUSCO O INDEBIDO DE CARRIL.,ESTRELLAMIENTOS,MOTOCICLETA,1,0,0,0,0,0,0,0,1,0,0,0,0,2,21,HOMBRE,ILESO,CONDUCTOR PRESENTE,NO,NO,0
6918,21382,21383,2017,1,0,-0.233763,-78.509791,PICHINCHA,QUITO,QUITO,URBANA,2017-09-29,12:15:00,12,VIERNES,5,SEPTIEMBRE,9,NO,NO CEDER EL DERECHO DE VIA O PREFERENCIA DE PASO AL PEATON.,ATROPELLOS,NO IDENTIFICADO,0,0,0,0,0,0,0,0,0,1,0,0,0,1,69,MUJER,LESIONADO,PEATON,NO,NO,0
6919,21383,21384,2017,0,0,-0.242475,-78.497488,PICHINCHA,QUITO,QUITO,URBANA,2017-09-29,12:30:00,12,VIERNES,5,SEPTIEMBRE,9,NO,"CONDUCE BAJO LA INFLUENCIA DE ALCOHOL, SUSTANCIAS ESTUPEFACIENTES O PSICOTROPICAS Y/O MEDICAMENTOS.",CHOQUE LATERAL,VEHICULO DEPORTIVO UTILITARIO,0,0,0,1,0,0,0,0,0,0,0,0,1,2,19,MUJER,ILESO,CONDUCTOR PRESENTE,NO,NO,0