,Unnamed: 0,ID,ANIO,LESIONADOS,FALLECIDOS,LATITUD_Y,LONGITUD_X,PROVINCIA,CANTON,PARROQUIA,ZONA,FECHA,HORA,PERIODO_2,DIA_1,DIA_2,MES_1,MES_2,FERIADO,CAUSA_PROBABLE,TIPO_DE_SINIESTRO,TIPO_DE_VEHICULO_1,AUTOMOVIL,BICICLETA,BUS,CAMION,CAMIONETA,EMERGENCIAS,ESPECIAL,FURGONETA,MOTOCICLETA,NO_IDENTIFICADO,SCOOTER_ELECTRICO,TRICIMOTO,VEHICULO_DEPORTIVO_UTILITARIO,SUMA_DE_VEHICULOS,EDAD_1,SEXO_1,CONDICION_1,PARTICIPANTE_1,CASCO_1,CINTURON_1,KMeans_Cluster
6920,21387,21388,2017,2,0,-0.185623,-78.343085,PICHINCHA,QUITO,TABABELA,RURAL,2017-09-29,15:00:00,15,VIERNES,5,SEPTIEMBRE,9,NO,CONDUCIR VEHICULO SUPERANDO LOS LIMITES MAXIMOS DE VELOCIDAD.,PERDIDA DE PISTA,VEHICULO DEPORTIVO UTILITARIO,0,0,0,0,0,0,0,0,0,0,0,0,1,1,30,HOMBRE,LESIONADO,CONDUCTOR PRESENTE,NO,NO,3
6921,21388,21389,2017,0,0,-0.205767,-78.371337,PICHINCHA,QUITO,TUMBACO,RURAL,2017-09-29,15:15:00,15,VIERNES,5,SEPTIEMBRE,9,NO,NO CEDER EL DERECHO DE VIA O PREFERENCIA DE PASO A VEHICULOS.,CHOQUE LATERAL,CAMION,1,0,0,1,0,0,0,0,0,0,0,0,0,2,34,HOMBRE,ILESO,CONDUCTOR PRESENTE,NO,NO,3
6922,21389,21390,2017,1,0,-0.286247,-78.518925,PICHINCHA,QUITO,QUITO,URBANA,2017-09-29,15:17:00,15,VIERNES,5,SEPTIEMBRE,9,NO,NO TRANSITAR POR LAS ACERAS O ZONAS DE SEGURIDAD DESTINADAS PARA EL EFECTO.,ATROPELLOS,NO IDENTIFICADO,0,0,0,0,0,0,0,0,0,1,0,0,0,1,50,HOMBRE,LESIONADO,PEATON,NO,NO,0
6923,21390,21391,2017,1,0,-0.135724,-78.482111,PICHINCHA,QUITO,QUITO,URBANA,2017-09-29,15:50:00,15,VIERNES,5,SEPTIEMBRE,9,NO,NO CEDER EL DERECHO DE VIA O PREFERENCIA DE PASO AL PEATON.,ATROPELLOS,NO IDENTIFICADO,0,0,0,0,0,0,0,0,0,1,0,0,0,1,13,HOMBRE,LESIONADO,PEATON,NO,NO,0
6924,21391,21392,2017,0,0,-0.232624,-78.503782,PICHINCHA,QUITO,QUITO,URBANA,2017-09-29,15:50:00,15,VIERNES,5,SEPTIEMBRE,9,NO,CONDUCIR VEHICULO SUPERANDO LOS LIMITES MAXIMOS DE VELOCIDAD.,PERDIDA DE PISTA,AUTOMOVIL,1,0,0,0,0,0,0,0,0,0,0,0,0,1,25,HOMBRE,ILESO,CONDUCTOR PRESENTE,NO,NO,0
6925,21392,21393,2017,0,0,-0.441471,-78.555114,PICHINCHA,MEJIA,ALOAG,RURAL,2017-09-29,16:00:00,16,VIERNES,5,SEPTIEMBRE,9,NO,"NO RESPETAR LAS SENIALES REGLAMENTARIAS DE TRANSITO. (PARE, CEDA EL PASO, LUZ ROJA DEL SEMAFORO, ETC).",CHOQUE LATERAL,AUTOMOVIL,1,0,0,0,0,0,0,0,1,0,0,0,0,2,38,HOMBRE,ILESO,CONDUCTOR PRESENTE,NO,SI,3
6926,21396,21397,2017,0,0,-0.188842,-78.454438,PICHINCHA,QUITO,QUITO,RURAL,2017-09-29,16:20:00,16,VIERNES,5,SEPTIEMBRE,9,NO,"CONDUCIR DESATENTO A LAS CONDICIONES DE TRANSITO (CELULAR, PANTALLAS DE VIDEO, COMIDA, MAQUILLAJE O CUALQUIER OTRO ELEMENTO DISTRACTOR).",COLISION,CAMION,1,0,0,1,0,0,0,0,0,1,0,0,0,3,19,MUJER,ILESO,CONDUCTOR PRESENTE,NO,NO,3
6927,21397,21398,2017,1,0,-0.267229,-78.527199,PICHINCHA,QUITO,QUITO,URBANA,2017-09-29,16:30:00,16,VIERNES,5,SEPTIEMBRE,9,NO,REALIZAR CAMBIO BRUSCO O INDEBIDO DE CARRIL.,PERDIDA DE PISTA,MOTOCICLETA,0,0,0,0,0,0,0,0,1,0,0,0,0,1,29,HOMBRE,LESIONADO,CONDUCTOR PRESENTE,NO,NO,0
6928,21398,21399,2017,0,0,-0.187478,-78.478281,PICHINCHA,QUITO,QUITO,URBANA,2017-09-29,16:35:00,16,VIERNES,5,SEPTIEMBRE,9,NO,"CONDUCE BAJO LA INFLUENCIA DE ALCOHOL, SUSTANCIAS ESTUPEFACIENTES O PSICOTROPICAS Y/O MEDICAMENTOS.",CHOQUE POSTERIOR,AUTOMOVIL,1,0,0,0,1,0,0,0,0,0,0,0,0,2,20,HOMBRE,ILESO,CONDUCTOR PRESENTE,NO,NO,0
6929,21399,21400,2017,0,0,-0.234814,-78.497348,PICHINCHA,QUITO,QUITO,RURAL,2017-09-29,17:10:00,17,VIERNES,5,SEPTIEMBRE,9,NO,"CONDUCIR DESATENTO A LAS CONDICIONES DE TRANSITO (CELULAR, PANTALLAS DE VIDEO, COMIDA, MAQUILLAJE O CUALQUIER OTRO ELEMENTO DISTRACTOR).",PERDIDA DE PISTA,VEHICULO DEPORTIVO UTILITARIO,0,0,0,0,0,0,0,0,0,0,0,0,1,1,42,MUJER,ILESO,CONDUCTOR PRESENTE,NO,NO,3
6930,21400,21401,2017,0,0,-0.244798,-78.470309,PICHINCHA,QUITO,QUITO,URBANA,2017-09-29,17:15:00,17,VIERNES,5,SEPTIEMBRE,9,NO,CONDUCIR VEHICULO SUPERANDO LOS LIMITES MAXIMOS DE VELOCIDAD.,PERDIDA DE PISTA,AUTOMOVIL,1,0,0,0,0,0,0,0,0,0,0,0,0,1,29,HOMBRE,ILESO,CONDUCTOR PRESENTE,NO,NO,0
6931,21404,21405,2017,0,0,-0.427567,-78.788381,PICHINCHA,MEJIA,MANUEL CORNEJO ASTORGA,RURAL,2017-09-29,18:00:00,18,VIERNES,5,SEPTIEMBRE,9,NO,"CONDICIONES AMBIENTALES Y/O ATMOSFERICAS (NIEBLA, NEBLINA, GRANIZO, LLUVIA).",ROZAMIENTOS,AUTOMOVIL,1,0,0,0,0,0,0,0,0,0,0,0,0,1,26,HOMBRE,ILESO,CONDUCTOR PRESENTE,NO,NO,3
6932,21406,21407,2017,0,0,-0.268717,-78.473321,PICHINCHA,QUITO,CONOCOTO,URBANA,2017-09-29,19:10:00,19,VIERNES,5,SEPTIEMBRE,9,NO,NO GUARDAR LA DISTANCIA LATERAL MINIMA DE SEGURIDAD ENTRE VEHICULOS.,ROZAMIENTOS,BUS,1,0,1,0,0,0,0,0,0,0,0,0,0,2,32,HOMBRE,ILESO,CONDUCTOR PRESENTE,NO,NO,0
6933,21412,21413,2017,1,0,0.073646,-78.124271,PICHINCHA,CAYAMBE,SAN JOSE DE AYORA,URBANA,2017-09-29,19:30:00,19,VIERNES,5,SEPTIEMBRE,9,NO,"NO RESPETAR LAS SENIALES REGLAMENTARIAS DE TRANSITO. (PARE, CEDA EL PASO, LUZ ROJA DEL SEMAFORO, ETC).",CHOQUE LATERAL,MOTOCICLETA,0,0,0,0,0,0,0,0,2,0,0,0,0,2,31,HOMBRE,LESIONADO,CONDUCTOR PRESENTE,NO,NO,0
6934,21419,21420,2017,0,0,-0.203897,-78.490943,PICHINCHA,QUITO,QUITO,URBANA,2017-09-29,21:35:00,21,VIERNES,5,SEPTIEMBRE,9,NO,"CONDUCE BAJO LA INFLUENCIA DE ALCOHOL, SUSTANCIAS ESTUPEFACIENTES O PSICOTROPICAS Y/O MEDICAMENTOS.",COLISION,VEHICULO DEPORTIVO UTILITARIO,2,0,0,0,0,0,0,0,0,0,0,0,1,3,29,HOMBRE,ILESO,CONDUCTOR PRESENTE,NO,NO,0
6935,21421,21422,2017,0,0,-0.304063,-78.559177,PICHINCHA,QUITO,QUITO,URBANA,2017-09-29,23:10:00,23,VIERNES,5,SEPTIEMBRE,9,NO,"CONDUCE BAJO LA INFLUENCIA DE ALCOHOL, SUSTANCIAS ESTUPEFACIENTES O PSICOTROPICAS Y/O MEDICAMENTOS.",ESTRELLAMIENTOS,CAMION,1,0,0,1,0,0,0,0,0,0,0,0,0,2,41,HOMBRE,ILESO,CONDUCTOR PRESENTE,NO,NO,0
6936,21423,21424,2017,0,0,-0.100181,-78.471675,PICHINCHA,QUITO,QUITO,URBANA,2017-09-29,23:24:00,23,VIERNES,5,SEPTIEMBRE,9,NO,CONDUCIR VEHICULO SUPERANDO LOS LIMITES MAXIMOS DE VELOCIDAD.,VOLCAMIENTOS,AUTOMOVIL,1,0,0,0,0,0,0,0,0,0,0,0,0,1,-1,NO IDENTIFICADO,NO IDENTIFICADO,CONDUCTOR AUSENTE,NO,NO,2
6937,21425,21426,2017,0,1,-0.085049,-78.472352,PICHINCHA,QUITO,QUITO,URBANA,2017-09-29,23:30:00,23,VIERNES,5,SEPTIEMBRE,9,NO,NO TRANSITAR POR LAS ACERAS O ZONAS DE SEGURIDAD DESTINADAS PARA EL EFECTO.,ATROPELLOS,NO IDENTIFICADO,0,0,0,0,0,0,0,0,0,1,0,0,0,1,78,MUJER,FALLECIDO,PEATON,NO,NO,0
6938,21426,21427,2017,3,0,-0.236711,-78.526913,PICHINCHA,QUITO,QUITO,URBANA,2017-09-29,23:30:00,23,VIERNES,5,SEPTIEMBRE,9,NO,"CONDUCE BAJO LA INFLUENCIA DE ALCOHOL, SUSTANCIAS ESTUPEFACIENTES O PSICOTROPICAS Y/O MEDICAMENTOS.",CHOQUE FRONTAL,AUTOMOVIL,2,0,0,0,0,0,0,0,0,0,0,0,0,2,73,MUJER,LESIONADO,PASAJERO,NO,NO,0
6939,21443,21444,2017,1,0,-0.111705,-78.507641,PICHINCHA,QUITO,QUITO,URBANA,2017-09-30,00:18:00,0,SABADO,6,SEPTIEMBRE,9,NO,"CONDUCIR EN ESTADO DE SOMNOLENCIA O MALAS CONDICIONES FISICAS (SUENIO, CANSANCIO Y FATIGA).",ESTRELLAMIENTOS,AUTOMOVIL,1,0,0,0,0,0,0,0,0,0,0,0,0,1,60,HOMBRE,LESIONADO,PASAJERO,NO,NO,0
6940,21444,21445,2017,2,0,-0.116014,-78.479591,PICHINCHA,QUITO,QUITO,URBANA,2017-09-30,00:25:00,0,SABADO,6,SEPTIEMBRE,9,NO,"CONDUCE BAJO LA INFLUENCIA DE ALCOHOL, SUSTANCIAS ESTUPEFACIENTES O PSICOTROPICAS Y/O MEDICAMENTOS.",ESTRELLAMIENTOS,AUTOMOVIL,1,0,0,0,0,0,0,0,0,0,0,0,0,1,19,HOMBRE,LESIONADO,PEATON,NO,NO,0
6941,21445,21446,2017,0,0,-0.190121,-78.338252,PICHINCHA,QUITO,TABABELA,RURAL,2017-09-30,00:30:00,0,SABADO,6,SEPTIEMBRE,9,NO,"CONDICIONES AMBIENTALES Y/O ATMOSFERICAS (NIEBLA, NEBLINA, GRANIZO, LLUVIA).",PERDIDA DE PISTA,VEHICULO DEPORTIVO UTILITARIO,0,0,0,0,0,0,0,0,0,0,0,0,1,1,32,HOMBRE,ILESO,CONDUCTOR PRESENTE,NO,NO,3
6942,21454,21455,2017,0,0,-0.147062,-78.490021,PICHINCHA,QUITO,QUITO,URBANA,2017-09-30,02:15:00,2,SABADO,6,SEPTIEMBRE,9,NO,"CONDUCE BAJO LA INFLUENCIA DE ALCOHOL, SUSTANCIAS ESTUPEFACIENTES O PSICOTROPICAS Y/O MEDICAMENTOS.",ESTRELLAMIENTOS,AUTOMOVIL,1,0,0,0,0,0,0,0,0,0,0,0,0,1,29,MUJER,ILESO,CONDUCTOR PRESENTE,NO,NO,0
6943,21457,21458,2017,1,0,-0.206438,-78.370261,PICHINCHA,QUITO,PUEMBO,RURAL,2017-09-30,03:42:00,3,SABADO,6,SEPTIEMBRE,9,NO,"CONDUCE BAJO LA INFLUENCIA DE ALCOHOL, SUSTANCIAS ESTUPEFACIENTES O PSICOTROPICAS Y/O MEDICAMENTOS.",PERDIDA DE PISTA,AUTOMOVIL,2,0,0,0,0,0,0,0,0,0,0,0,0,2,40,HOMBRE,LESIONADO,CONDUCTOR PRESENTE,NO,NO,3
6944,21458,21459,2017,1,0,-0.105384,-78.497732,PICHINCHA,QUITO,QUITO,URBANA,2017-09-30,03:50:00,3,SABADO,6,SEPTIEMBRE,9,NO,"NO RESPETAR LAS SENIALES REGLAMENTARIAS DE TRANSITO. (PARE, CEDA EL PASO, LUZ ROJA DEL SEMAFORO, ETC).",CHOQUE LATERAL,AUTOMOVIL,1,0,0,0,0,0,0,0,1,0,0,0,0,2,27,HOMBRE,LESIONADO,CONDUCTOR PRESENTE,NO,NO,0
6945,21460,21461,2017,1,0,-0.230418,-78.513135,PICHINCHA,QUITO,QUITO,URBANA,2017-09-30,05:40:00,5,SABADO,6,SEPTIEMBRE,9,NO,REALIZAR CAMBIO BRUSCO O INDEBIDO DE CARRIL.,PERDIDA DE PISTA,MOTOCICLETA,0,0,0,0,0,0,0,0,1,0,0,0,0,1,24,HOMBRE,LESIONADO,CONDUCTOR PRESENTE,NO,NO,0
6946,21461,21462,2017,0,0,-0.183589,-78.490511,PICHINCHA,QUITO,QUITO,URBANA,2017-09-30,05:45:00,5,SABADO,6,SEPTIEMBRE,9,NO,"CONDUCIR EN ESTADO DE SOMNOLENCIA O MALAS CONDICIONES FISICAS (SUENIO, CANSANCIO Y FATIGA).",ESTRELLAMIENTOS,NO IDENTIFICADO,0,0,0,0,0,0,0,0,0,1,0,0,0,1,-1,NO IDENTIFICADO,NO IDENTIFICADO,CONDUCTOR AUSENTE,NO,NO,2
6947,21463,21464,2017,0,0,-0.370422,-78.373721,PICHINCHA,QUITO,PINTAG,RURAL,2017-09-30,07:10:00,7,SABADO,6,SEPTIEMBRE,9,NO,CONDUCIR VEHICULO SUPERANDO LOS LIMITES MAXIMOS DE VELOCIDAD.,ESTRELLAMIENTOS,CAMION,0,0,0,1,0,0,0,0,0,0,0,0,0,1,-1,NO IDENTIFICADO,NO IDENTIFICADO,CONDUCTOR AUSENTE,NO,NO,2
6948,21464,21465,2017,1,0,-0.089832,-78.476221,PICHINCHA,QUITO,QUITO,URBANA,2017-09-30,07:25:00,7,SABADO,6,SEPTIEMBRE,9,NO,NO CEDER EL DERECHO DE VIA O PREFERENCIA DE PASO AL PEATON.,ATROPELLOS,NO IDENTIFICADO,0,0,0,0,0,0,0,0,0,1,0,0,0,1,40,MUJER,LESIONADO,PEATON,NO,NO,0
6949,21465,21466,2017,0,0,-0.209399,-78.488047,PICHINCHA,QUITO,QUITO,URBANA,2017-09-30,07:45:00,7,SABADO,6,SEPTIEMBRE,9,NO,"CONDUCE BAJO LA INFLUENCIA DE ALCOHOL, SUSTANCIAS ESTUPEFACIENTES O PSICOTROPICAS Y/O MEDICAMENTOS.",ESTRELLAMIENTOS,AUTOMOVIL,1,0,0,0,0,0,0,0,0,0,0,0,0,1,55,HOMBRE,ILESO,CONDUCTOR PRESENTE,NO,NO,0
6950,21469,21470,2017,0,0,-0.464395,-78.592638,PICHINCHA,MEJIA,ALOAG,RURAL,2017-09-30,10:05:00,10,SABADO,6,SEPTIEMBRE,9,NO,REALIZAR CAMBIO BRUSCO O INDEBIDO DE CARRIL.,CHOQUE FRONTAL,CAMIONETA,1,0,0,0,1,0,0,0,0,0,0,0,0,2,42,HOMBRE,ILESO,CONDUCTOR PRESENTE,NO,NO,3
6951,21471,21472,2017,1,0,-0.097992,-78.470302,PICHINCHA,QUITO,QUITO,URBANA,2017-09-30,10:30:00,10,SABADO,6,SEPTIEMBRE,9,NO,"CONDUCIR DESATENTO A LAS CONDICIONES DE TRANSITO (CELULAR, PANTALLAS DE VIDEO, COMIDA, MAQUILLAJE O CUALQUIER OTRO ELEMENTO DISTRACTOR).",ESTRELLAMIENTOS,AUTOMOVIL,1,0,0,0,0,0,0,0,0,0,0,0,0,1,26,HOMBRE,LESIONADO,CONDUCTOR PRESENTE,NO,NO,0
6952,21474,21475,2017,1,0,-0.159336,-78.477377,PICHINCHA,QUITO,QUITO,URBANA,2017-09-30,11:00:00,11,SABADO,6,SEPTIEMBRE,9,NO,CONDUCIR VEHICULO SUPERANDO LOS LIMITES MAXIMOS DE VELOCIDAD.,PERDIDA DE PISTA,MOTOCICLETA,0,0,0,0,0,0,0,0,1,0,0,0,0,1,37,HOMBRE,LESIONADO,CONDUCTOR PRESENTE,NO,NO,0
6953,21475,21476,2017,2,0,-0.196669,-78.466599,PICHINCHA,QUITO,QUITO,URBANA,2017-09-30,11:45:00,11,SABADO,6,SEPTIEMBRE,9,NO,"CONDUCE BAJO LA INFLUENCIA DE ALCOHOL, SUSTANCIAS ESTUPEFACIENTES O PSICOTROPICAS Y/O MEDICAMENTOS.",PERDIDA DE PISTA,CAMIONETA,0,0,0,0,1,0,0,1,0,0,0,0,0,2,47,HOMBRE,LESIONADO,CONDUCTOR PRESENTE,NO,NO,0
6954,21484,21485,2017,1,0,-0.204895,-78.499033,PICHINCHA,QUITO,QUITO,URBANA,2017-09-30,17:18:00,17,SABADO,6,SEPTIEMBRE,9,NO,CONDUCIR VEHICULO SUPERANDO LOS LIMITES MAXIMOS DE VELOCIDAD.,PERDIDA DE PISTA,NO IDENTIFICADO,0,0,0,0,0,0,0,0,0,1,0,0,0,1,35,HOMBRE,LESIONADO,CONDUCTOR PRESENTE,NO,NO,0
6955,21487,21488,2017,0,0,-0.086244,-78.390812,PICHINCHA,QUITO,CALDERON (CARAPUNGO),RURAL,2017-09-30,18:20:00,18,SABADO,6,SEPTIEMBRE,9,NO,"CONDICIONES AMBIENTALES Y/O ATMOSFERICAS (NIEBLA, NEBLINA, GRANIZO, LLUVIA).",PERDIDA DE PISTA,CAMIONETA,0,0,0,0,1,0,0,0,0,0,0,0,0,1,26,HOMBRE,ILESO,CONDUCTOR PRESENTE,NO,NO,3
6956,21492,21493,2017,1,0,-0.289522,-78.538473,PICHINCHA,QUITO,QUITO,URBANA,2017-09-30,21:00:00,21,SABADO,6,SEPTIEMBRE,9,NO,NO CEDER EL DERECHO DE VIA O PREFERENCIA DE PASO AL PEATON.,ATROPELLOS,NO IDENTIFICADO,0,0,0,0,0,0,0,0,0,1,0,0,0,1,28,HOMBRE,LESIONADO,PEATON,NO,NO,0
6957,21493,21494,2017,3,0,-0.292882,-78.542349,PICHINCHA,QUITO,QUITO,URBANA,2017-09-30,21:25:00,21,SABADO,6,SEPTIEMBRE,9,NO,"CONDUCE BAJO LA INFLUENCIA DE ALCOHOL, SUSTANCIAS ESTUPEFACIENTES O PSICOTROPICAS Y/O MEDICAMENTOS.",CHOQUE LATERAL,CAMIONETA,0,0,0,1,1,0,0,0,0,0,0,0,0,2,38,HOMBRE,LESIONADO,CONDUCTOR PRESENTE,NO,NO,0
6958,21495,21496,2017,0,0,-0.133854,-78.470718,PICHINCHA,QUITO,QUITO,URBANA,2017-09-30,21:45:00,21,SABADO,6,SEPTIEMBRE,9,NO,"CONDUCE BAJO LA INFLUENCIA DE ALCOHOL, SUSTANCIAS ESTUPEFACIENTES O PSICOTROPICAS Y/O MEDICAMENTOS.",CHOQUE LATERAL,AUTOMOVIL,2,0,0,0,0,0,0,0,0,0,0,0,0,2,24,HOMBRE,ILESO,CONDUCTOR PRESENTE,NO,NO,0
6959,21496,21497,2017,1,0,-0.277815,-78.483125,PICHINCHA,QUITO,CONOCOTO,URBANA,2017-09-30,21:50:00,21,SABADO,6,SEPTIEMBRE,9,NO,NO MANTENER LA DISTANCIA PRUDENCIAL CON RESPECTO AL VEHICULO QUE LE ANTECEDE.,COLISION,MOTOCICLETA,2,0,0,0,0,0,0,0,1,0,0,0,0,3,19,HOMBRE,LESIONADO,PASAJERO,NO,NO,0
6960,21502,21503,2017,0,0,-0.111364,-78.489754,PICHINCHA,QUITO,QUITO,URBANA,2017-09-30,23:40:00,23,SABADO,6,SEPTIEMBRE,9,NO,"CONDUCE BAJO LA INFLUENCIA DE ALCOHOL, SUSTANCIAS ESTUPEFACIENTES O PSICOTROPICAS Y/O MEDICAMENTOS.",ESTRELLAMIENTOS,AUTOMOVIL,1,0,0,0,0,0,0,0,0,0,0,0,0,1,46,HOMBRE,ILESO,CONDUCTOR PRESENTE,NO,NO,0
6961,21532,21533,2017,0,0,-0.207514,-78.484661,PICHINCHA,QUITO,QUITO,URBANA,2017-10-01,00:10:00,0,DOMINGO,7,OCTUBRE,10,NO,"NO RESPETAR LAS SENIALES REGLAMENTARIAS DE TRANSITO. (PARE, CEDA EL PASO, LUZ ROJA DEL SEMAFORO, ETC).",CHOQUE LATERAL,FURGONETA,0,0,0,0,0,0,0,1,0,0,0,0,1,2,29,HOMBRE,ILESO,CONDUCTOR PRESENTE,NO,NO,0
6962,21537,21538,2017,1,0,-0.243671,-78.485361,PICHINCHA,QUITO,QUITO,URBANA,2017-10-01,01:30:00,1,DOMINGO,7,OCTUBRE,10,NO,"PEATON TRANSITA BAJO INFLUENCIA DE ALCOHOL, SUSTANCIAS ESTUPEFACIENTES O PSICOTROPICAS Y/O MEDICAMENTOS.",ATROPELLOS,BUS,0,0,1,0,0,0,0,0,0,0,0,0,0,1,43,MUJER,LESIONADO,PASAJERO,NO,NO,0
6963,21538,21539,2017,2,0,-0.268032,-78.539401,PICHINCHA,QUITO,QUITO,URBANA,2017-10-01,01:30:00,1,DOMINGO,7,OCTUBRE,10,NO,"CONDUCIR EN ESTADO DE SOMNOLENCIA O MALAS CONDICIONES FISICAS (SUENIO, CANSANCIO Y FATIGA).",CHOQUE LATERAL,AUTOMOVIL,1,0,0,0,0,0,0,0,0,0,0,0,0,1,57,HOMBRE,LESIONADO,CONDUCTOR PRESENTE,NO,NO,0
6964,21539,21540,2017,0,0,-0.289587,-78.538588,PICHINCHA,QUITO,QUITO,URBANA,2017-10-01,01:30:00,1,DOMINGO,7,OCTUBRE,10,NO,"NO RESPETAR LAS SENIALES REGLAMENTARIAS DE TRANSITO. (PARE, CEDA EL PASO, LUZ ROJA DEL SEMAFORO, ETC).",CHOQUE LATERAL,AUTOMOVIL,2,0,0,0,0,0,0,0,0,0,0,0,0,2,38,HOMBRE,ILESO,CONDUCTOR PRESENTE,NO,NO,0
6965,21543,21544,2017,3,0,-0.153141,-78.496841,PICHINCHA,QUITO,QUITO,URBANA,2017-10-01,02:20:00,2,DOMINGO,7,OCTUBRE,10,NO,NO CEDER EL DERECHO DE VIA O PREFERENCIA DE PASO A VEHICULOS.,CHOQUE LATERAL,VEHICULO DEPORTIVO UTILITARIO,0,0,0,0,1,0,0,0,0,0,0,0,1,2,28,HOMBRE,LESIONADO,CONDUCTOR PRESENTE,NO,NO,0
6966,21545,21546,2017,0,0,-0.271991,-78.529167,PICHINCHA,QUITO,QUITO,URBANA,2017-10-01,03:00:00,3,DOMINGO,7,OCTUBRE,10,NO,"CONDUCIR EN ESTADO DE SOMNOLENCIA O MALAS CONDICIONES FISICAS (SUENIO, CANSANCIO Y FATIGA).",ESTRELLAMIENTOS,CAMIONETA,0,0,0,0,1,0,0,0,0,0,0,0,0,1,47,HOMBRE,ILESO,CONDUCTOR PRESENTE,NO,NO,0
6967,21547,21548,2017,0,0,-0.204581,-78.377786,PICHINCHA,QUITO,TUMBACO,Rural,2017-10-01,03:15:00,3,DOMINGO,7,OCTUBRE,10,NO,"CONDUCE BAJO LA INFLUENCIA DE ALCOHOL, SUSTANCIAS ESTUPEFACIENTES O PSICOTROPICAS Y/O MEDICAMENTOS.",ESTRELLAMIENTOS,MOTOCICLETA,1,0,0,0,0,0,0,0,1,0,0,0,0,2,31,MUJER,ILESO,PASAJERO,NO,NO,0
6968,21548,21549,2017,0,0,-0.167651,-78.495857,PICHINCHA,QUITO,QUITO,URBANA,2017-10-01,03:15:00,3,DOMINGO,7,OCTUBRE,10,NO,"CONDUCE BAJO LA INFLUENCIA DE ALCOHOL, SUSTANCIAS ESTUPEFACIENTES O PSICOTROPICAS Y/O MEDICAMENTOS.",CHOQUE LATERAL,AUTOMOVIL,1,0,0,0,0,0,0,0,0,0,0,0,0,1,29,HOMBRE,ILESO,CONDUCTOR PRESENTE,NO,NO,0
6969,21551,21552,2017,0,0,-0.151904,-78.476514,PICHINCHA,QUITO,QUITO,URBANA,2017-10-01,03:20:00,3,DOMINGO,7,OCTUBRE,10,NO,"CONDUCIR EN ESTADO DE SOMNOLENCIA O MALAS CONDICIONES FISICAS (SUENIO, CANSANCIO Y FATIGA).",CHOQUE LATERAL,AUTOMOVIL,1,0,0,0,0,0,0,0,0,1,0,0,0,2,38,HOMBRE,ILESO,CONDUCTOR PRESENTE,NO,NO,0
6970,21559,21560,2017,0,0,-0.116059,-78.487409,PICHINCHA,QUITO,QUITO,URBANA,2017-10-01,04:50:00,4,DOMINGO,7,OCTUBRE,10,NO,"CONDUCIR EN ESTADO DE SOMNOLENCIA O MALAS CONDICIONES FISICAS (SUENIO, CANSANCIO Y FATIGA).",ESTRELLAMIENTOS,MOTOCICLETA,0,0,0,0,0,0,0,0,1,1,0,0,0,2,21,HOMBRE,ILESO,CONDUCTOR PRESENTE,NO,NO,0
6971,21563,21564,2017,1,0,-0.402391,-78.534211,PICHINCHA,MEJIA,TAMBILLO (MEJIA),Rural,2017-10-01,05:30:00,5,DOMINGO,7,OCTUBRE,10,NO,"CONDUCIR DESATENTO A LAS CONDICIONES DE TRANSITO (CELULAR, PANTALLAS DE VIDEO, COMIDA, MAQUILLAJE O CUALQUIER OTRO ELEMENTO DISTRACTOR).",CHOQUE FRONTAL,AUTOMOVIL,1,0,0,0,1,0,0,0,0,0,0,0,0,2,49,MUJER,LESIONADO,PASAJERO,NO,NO,0
6972,21565,21566,2017,2,0,-0.161184,-78.495683,PICHINCHA,QUITO,QUITO,URBANA,2017-10-01,06:02:00,6,DOMINGO,7,OCTUBRE,10,NO,REALIZAR CAMBIO BRUSCO O INDEBIDO DE CARRIL.,ESTRELLAMIENTOS,AUTOMOVIL,1,0,0,0,0,0,0,0,0,0,0,0,0,1,24,HOMBRE,LESIONADO,PASAJERO,NO,NO,0
6973,21566,21567,2017,0,1,-0.234035,-78.523476,PICHINCHA,QUITO,QUITO,URBANA,2017-10-01,06:05:00,6,DOMINGO,7,OCTUBRE,10,NO,CONDUCIR VEHICULO SUPERANDO LOS LIMITES MAXIMOS DE VELOCIDAD.,CHOQUE LATERAL,MOTOCICLETA,0,0,0,0,0,0,0,0,1,1,0,0,0,2,29,HOMBRE,FALLECIDO,CONDUCTOR PRESENTE,NO,NO,0
6974,21573,21574,2017,1,0,-0.220511,-78.506976,PICHINCHA,QUITO,QUITO,URBANA,2017-10-01,07:10:00,7,DOMINGO,7,OCTUBRE,10,NO,"CONDUCE BAJO LA INFLUENCIA DE ALCOHOL, SUSTANCIAS ESTUPEFACIENTES O PSICOTROPICAS Y/O MEDICAMENTOS.",CHOQUE POSTERIOR,AUTOMOVIL,1,0,0,0,1,0,0,0,0,0,0,0,0,2,15,MUJER,LESIONADO,PASAJERO,NO,NO,0
6975,21577,21578,2017,0,0,-0.178588,-78.461964,PICHINCHA,QUITO,QUITO,URBANA,2017-10-01,09:00:00,9,DOMINGO,7,OCTUBRE,10,NO,CONDUCIR VEHICULO SUPERANDO LOS LIMITES MAXIMOS DE VELOCIDAD.,PERDIDA DE PISTA,BICICLETA,0,1,0,0,0,0,0,0,0,0,0,0,0,1,35,HOMBRE,ILESO,CONDUCTOR PRESENTE,NO,NO,0
6976,21578,21579,2017,0,0,-0.107137,-78.494631,PICHINCHA,QUITO,QUITO,URBANA,2017-10-01,10:10:00,10,DOMINGO,7,OCTUBRE,10,NO,"CONDUCIR DESATENTO A LAS CONDICIONES DE TRANSITO (CELULAR, PANTALLAS DE VIDEO, COMIDA, MAQUILLAJE O CUALQUIER OTRO ELEMENTO DISTRACTOR).",CHOQUE POSTERIOR,AUTOMOVIL,1,0,0,0,0,0,0,0,0,1,0,0,0,2,56,HOMBRE,ILESO,CONDUCTOR PRESENTE,NO,NO,0