,Unnamed: 0,ID,ANIO,LESIONADOS,FALLECIDOS,LATITUD_Y,LONGITUD_X,PROVINCIA,CANTON,PARROQUIA,ZONA,FECHA,HORA,PERIODO_2,DIA_1,DIA_2,MES_1,MES_2,FERIADO,CAUSA_PROBABLE,TIPO_DE_SINIESTRO,TIPO_DE_VEHICULO_1,AUTOMOVIL,BICICLETA,BUS,CAMION,CAMIONETA,EMERGENCIAS,ESPECIAL,FURGONETA,MOTOCICLETA,NO_IDENTIFICADO,SCOOTER_ELECTRICO,TRICIMOTO,VEHICULO_DEPORTIVO_UTILITARIO,SUMA_DE_VEHICULOS,EDAD_1,SEXO_1,CONDICION_1,PARTICIPANTE_1,CASCO_1,CINTURON_1,KMeans_Cluster
6977,21579,21580,2017,0,0,-0.206631,-78.519121,PICHINCHA,QUITO,QUITO,URBANA,2017-10-01,10:40:00,10,DOMINGO,7,OCTUBRE,10,NO,"CONDUCIR DESATENTO A LAS CONDICIONES DE TRANSITO (CELULAR, PANTALLAS DE VIDEO, COMIDA, MAQUILLAJE O CUALQUIER OTRO ELEMENTO DISTRACTOR).",ESTRELLAMIENTOS,AUTOMOVIL,1,0,0,0,0,0,0,0,0,0,0,0,0,1,-1,NO IDENTIFICADO,NO IDENTIFICADO,CONDUCTOR AUSENTE,NO,NO,2
6978,21588,21589,2017,1,0,-0.301001,-78.556479,PICHINCHA,QUITO,QUITO,URBANA,2017-10-01,14:10:00,14,DOMINGO,7,OCTUBRE,10,NO,NO CEDER EL DERECHO DE VIA O PREFERENCIA DE PASO AL PEATON.,ATROPELLOS,BUS,0,0,1,0,0,0,0,0,0,0,0,0,0,1,39,HOMBRE,LESIONADO,PEATON,NO,NO,0
6979,21589,21590,2017,0,0,-0.459721,-78.758627,PICHINCHA,MEJIA,MANUEL CORNEJO ASTORGA,Rural,2017-10-01,14:15:00,14,DOMINGO,7,OCTUBRE,10,NO,"PRESENCIA DE AGENTES EXTERNOS EN LA VIA (AGUA, ACEITE, PIEDRA, LASTRE, ESCOMBROS, MADEROS, ETC.).",PERDIDA DE PISTA,BUS,1,0,1,0,0,0,0,0,0,0,0,0,0,2,32,HOMBRE,ILESO,CONDUCTOR PRESENTE,NO,NO,0
6980,21593,21594,2017,4,0,-0.196669,-78.466599,PICHINCHA,QUITO,QUITO,URBANA,2017-10-01,16:00:00,16,DOMINGO,7,OCTUBRE,10,NO,"NO RESPETAR LAS SENIALES REGLAMENTARIAS DE TRANSITO. (PARE, CEDA EL PASO, LUZ ROJA DEL SEMAFORO, ETC).",CHOQUE LATERAL,CAMIONETA,0,0,0,0,2,0,0,0,0,0,0,0,0,2,3,HOMBRE,LESIONADO,PASAJERO,NO,NO,0
6981,21598,21599,2017,0,0,-0.294427,-78.476892,PICHINCHA,QUITO,CONOCOTO,Rural,2017-10-01,17:15:00,17,DOMINGO,7,OCTUBRE,10,NO,NO CEDER EL DERECHO DE VIA O PREFERENCIA DE PASO A VEHICULOS.,CHOQUE LATERAL,VEHICULO DEPORTIVO UTILITARIO,1,0,0,0,0,0,0,0,0,0,0,0,1,2,70,HOMBRE,ILESO,CONDUCTOR PRESENTE,NO,NO,0
6982,21601,21602,2017,0,0,-0.134021,-78.463309,PICHINCHA,QUITO,QUITO,URBANA,2017-10-01,18:00:00,18,DOMINGO,7,OCTUBRE,10,NO,"NO RESPETAR LAS SENIALES REGLAMENTARIAS DE TRANSITO. (PARE, CEDA EL PASO, LUZ ROJA DEL SEMAFORO, ETC).",CHOQUE LATERAL,CAMION,1,0,0,1,0,0,0,0,0,0,0,0,0,2,52,MUJER,ILESO,PASAJERO,NO,NO,0
6983,21602,21603,2017,1,0,-0.443985,-78.767485,PICHINCHA,MEJIA,MANUEL CORNEJO ASTORGA,Rural,2017-10-01,18:00:00,18,DOMINGO,7,OCTUBRE,10,NO,"PRESENCIA DE AGENTES EXTERNOS EN LA VIA (AGUA, ACEITE, PIEDRA, LASTRE, ESCOMBROS, MADEROS, ETC.).",PERDIDA DE PISTA,AUTOMOVIL,1,0,0,0,0,0,0,0,1,0,0,0,0,2,35,HOMBRE,LESIONADO,CONDUCTOR PRESENTE,NO,NO,0
6984,21603,21604,2017,0,0,-0.242463,-78.482784,PICHINCHA,QUITO,QUITO,URBANA,2017-10-01,18:15:00,18,DOMINGO,7,OCTUBRE,10,NO,NO MANTENER LA DISTANCIA PRUDENCIAL CON RESPECTO AL VEHICULO QUE LE ANTECEDE.,CHOQUE POSTERIOR,VEHICULO DEPORTIVO UTILITARIO,1,0,0,0,0,0,0,0,0,0,0,0,2,3,35,MUJER,ILESO,CONDUCTOR PRESENTE,NO,NO,0
6985,21609,21610,2017,2,0,-0.243784,-78.502067,PICHINCHA,QUITO,QUITO,URBANA,2017-10-01,19:30:00,19,DOMINGO,7,OCTUBRE,10,NO,CONDUCIR VEHICULO SUPERANDO LOS LIMITES MAXIMOS DE VELOCIDAD.,PERDIDA DE PISTA,VEHICULO DEPORTIVO UTILITARIO,0,0,0,1,0,0,0,0,0,0,0,0,1,2,50,HOMBRE,LESIONADO,CONDUCTOR PRESENTE,NO,NO,0
6986,21610,21611,2017,0,0,-0.194299,-78.459645,PICHINCHA,QUITO,QUITO,URBANA,2017-10-01,19:30:00,19,DOMINGO,7,OCTUBRE,10,NO,CONDUCIR VEHICULO SUPERANDO LOS LIMITES MAXIMOS DE VELOCIDAD.,PERDIDA DE PISTA,NO IDENTIFICADO,0,0,0,0,0,0,0,0,0,1,0,0,0,1,-1,NO IDENTIFICADO,NO IDENTIFICADO,CONDUCTOR AUSENTE,NO,NO,2
6987,21611,21612,2017,0,0,-0.447694,-78.638017,PICHINCHA,MEJIA,ALOAG,Rural,2017-10-01,19:30:00,19,DOMINGO,7,OCTUBRE,10,NO,"PRESENCIA DE AGENTES EXTERNOS EN LA VIA (AGUA, ACEITE, PIEDRA, LASTRE, ESCOMBROS, MADEROS, ETC.).",PERDIDA DE PISTA,VEHICULO DEPORTIVO UTILITARIO,0,0,0,0,0,0,0,0,0,0,0,0,1,1,58,HOMBRE,ILESO,CONDUCTOR PRESENTE,NO,NO,0
6988,21613,21614,2017,0,0,-0.196669,-78.466599,PICHINCHA,QUITO,QUITO,Rural,2017-10-01,20:55:00,20,DOMINGO,7,OCTUBRE,10,NO,CONDUCIR VEHICULO SUPERANDO LOS LIMITES MAXIMOS DE VELOCIDAD.,VOLCAMIENTOS,CAMIONETA,0,0,0,0,1,0,0,0,0,0,0,0,0,1,25,HOMBRE,ILESO,CONDUCTOR PRESENTE,NO,NO,0
6989,21615,21616,2017,1,0,-0.355609,-78.548711,PICHINCHA,QUITO,QUITO,URBANA,2017-10-01,21:40:00,21,DOMINGO,7,OCTUBRE,10,NO,NO CEDER EL DERECHO DE VIA O PREFERENCIA DE PASO AL PEATON.,ATROPELLOS,NO IDENTIFICADO,0,0,0,0,0,0,0,0,0,1,0,0,0,1,38,HOMBRE,LESIONADO,PEATON,NO,NO,0
6990,21616,21617,2017,0,0,-0.120424,-78.425686,PICHINCHA,QUITO,CALDERON (CARAPUNGO),Rural,2017-10-01,22:00:00,22,DOMINGO,7,OCTUBRE,10,NO,"CONDUCE BAJO LA INFLUENCIA DE ALCOHOL, SUSTANCIAS ESTUPEFACIENTES O PSICOTROPICAS Y/O MEDICAMENTOS.",CHOQUE POSTERIOR,CAMIONETA,0,0,0,0,1,0,0,0,0,0,0,0,1,2,29,HOMBRE,ILESO,CONDUCTOR PRESENTE,NO,NO,0
6991,21652,21653,2017,0,0,-0.175234,-78.500971,PICHINCHA,QUITO,QUITO,URBANA,2017-10-02,03:50:00,3,LUNES,1,OCTUBRE,10,NO,"CONDUCIR EN ESTADO DE SOMNOLENCIA O MALAS CONDICIONES FISICAS (SUENIO, CANSANCIO Y FATIGA).",ESTRELLAMIENTOS,FURGONETA,0,0,0,0,0,0,0,1,0,0,0,0,0,1,56,MUJER,ILESO,CONDUCTOR PRESENTE,NO,NO,0
6992,21653,21654,2017,1,0,-0.351431,-78.557501,PICHINCHA,QUITO,QUITO,URBANA,2017-10-02,06:20:00,6,LUNES,1,OCTUBRE,10,NO,NO MANTENER LA DISTANCIA PRUDENCIAL CON RESPECTO AL VEHICULO QUE LE ANTECEDE.,CHOQUE POSTERIOR,MOTOCICLETA,0,0,0,0,0,0,0,0,1,1,0,0,0,2,57,HOMBRE,LESIONADO,CONDUCTOR PRESENTE,NO,NO,0
6993,21654,21655,2017,0,0,-0.231141,-78.503901,PICHINCHA,QUITO,QUITO,URBANA,2017-10-02,06:50:00,6,LUNES,1,OCTUBRE,10,NO,"CONDUCIR DESATENTO A LAS CONDICIONES DE TRANSITO (CELULAR, PANTALLAS DE VIDEO, COMIDA, MAQUILLAJE O CUALQUIER OTRO ELEMENTO DISTRACTOR).",COLISION,VEHICULO DEPORTIVO UTILITARIO,2,0,0,0,1,0,0,0,0,0,0,0,1,4,25,MUJER,ILESO,CONDUCTOR PRESENTE,NO,NO,0
6994,21655,21656,2017,0,0,-0.172131,-78.491311,PICHINCHA,QUITO,QUITO,URBANA,2017-10-02,08:45:00,8,LUNES,1,OCTUBRE,10,NO,"NO RESPETAR LAS SENIALES REGLAMENTARIAS DE TRANSITO. (PARE, CEDA EL PASO, LUZ ROJA DEL SEMAFORO, ETC).",CHOQUE LATERAL,AUTOMOVIL,1,0,1,0,0,0,0,0,0,0,0,0,0,2,25,HOMBRE,ILESO,CONDUCTOR PRESENTE,NO,NO,0
6995,21656,21657,2017,1,0,-0.200615,-78.495371,PICHINCHA,QUITO,QUITO,URBANA,2017-10-02,08:45:00,8,LUNES,1,OCTUBRE,10,NO,"NO RESPETAR LAS SENIALES REGLAMENTARIAS DE TRANSITO. (PARE, CEDA EL PASO, LUZ ROJA DEL SEMAFORO, ETC).",CHOQUE LATERAL,VEHICULO DEPORTIVO UTILITARIO,1,0,0,0,0,0,0,0,0,0,0,0,1,2,57,MUJER,LESIONADO,PASAJERO,NO,NO,0
6996,21662,21663,2017,0,0,-0.181754,-78.480217,PICHINCHA,QUITO,QUITO,URBANA,2017-10-02,11:47:00,11,LUNES,1,OCTUBRE,10,NO,NO GUARDAR LA DISTANCIA LATERAL MINIMA DE SEGURIDAD ENTRE VEHICULOS.,ROZAMIENTOS,FURGONETA,1,0,0,0,0,0,0,1,0,0,0,0,0,2,29,HOMBRE,ILESO,CONDUCTOR PRESENTE,NO,NO,0
6997,21664,21665,2017,1,0,-0.172212,-78.490169,PICHINCHA,QUITO,QUITO,URBANA,2017-10-02,12:00:00,12,LUNES,1,OCTUBRE,10,NO,NO CEDER EL DERECHO DE VIA O PREFERENCIA DE PASO AL PEATON.,ATROPELLOS,CAMIONETA,1,0,0,0,1,0,0,0,0,0,0,0,0,2,57,MUJER,LESIONADO,PASAJERO,NO,NO,0
6998,21665,21666,2017,0,0,-0.268242,-78.546497,PICHINCHA,QUITO,QUITO,URBANA,2017-10-02,12:00:00,12,LUNES,1,OCTUBRE,10,NO,"CONDUCIR DESATENTO A LAS CONDICIONES DE TRANSITO (CELULAR, PANTALLAS DE VIDEO, COMIDA, MAQUILLAJE O CUALQUIER OTRO ELEMENTO DISTRACTOR).",CHOQUE POSTERIOR,NO IDENTIFICADO,0,0,0,0,0,0,0,0,0,1,0,0,0,1,-1,NO IDENTIFICADO,NO IDENTIFICADO,CONDUCTOR AUSENTE,NO,NO,2
6999,21669,21670,2017,0,0,-0.188478,-78.492119,PICHINCHA,QUITO,QUITO,URBANA,2017-10-02,12:55:00,12,LUNES,1,OCTUBRE,10,NO,NO GUARDAR LA DISTANCIA LATERAL MINIMA DE SEGURIDAD ENTRE VEHICULOS.,ROZAMIENTOS,BUS,0,0,2,0,0,0,0,0,0,0,0,0,0,2,26,HOMBRE,ILESO,CONDUCTOR PRESENTE,NO,NO,0
7000,21671,21672,2017,0,0,-0.206536,-78.493269,PICHINCHA,QUITO,QUITO,URBANA,2017-10-02,13:15:00,13,LUNES,1,OCTUBRE,10,NO,NO MANTENER LA DISTANCIA PRUDENCIAL CON RESPECTO AL VEHICULO QUE LE ANTECEDE.,CHOQUE POSTERIOR,AUTOMOVIL,2,0,0,0,0,0,0,0,0,0,0,0,0,2,66,HOMBRE,ILESO,CONDUCTOR PRESENTE,NO,NO,0
7001,21672,21673,2017,1,0,-0.304464,-78.540006,PICHINCHA,QUITO,QUITO,URBANA,2017-10-02,13:15:00,13,LUNES,1,OCTUBRE,10,NO,NO CEDER EL DERECHO DE VIA O PREFERENCIA DE PASO AL PEATON.,ATROPELLOS,AUTOMOVIL,1,0,0,0,0,0,0,0,0,0,0,0,0,1,8,MUJER,LESIONADO,PEATON,NO,NO,0
7002,21673,21674,2017,1,0,-0.172764,-78.486405,PICHINCHA,QUITO,QUITO,URBANA,2017-10-02,13:28:00,13,LUNES,1,OCTUBRE,10,NO,NO CEDER EL DERECHO DE VIA O PREFERENCIA DE PASO AL PEATON.,ATROPELLOS,NO IDENTIFICADO,0,0,0,0,0,0,0,0,0,1,0,0,0,1,59,MUJER,LESIONADO,PEATON,NO,NO,0
7003,21674,21675,2017,0,0,-0.243879,-78.495892,PICHINCHA,QUITO,QUITO,URBANA,2017-10-02,13:40:00,13,LUNES,1,OCTUBRE,10,NO,"CONDUCE BAJO LA INFLUENCIA DE ALCOHOL, SUSTANCIAS ESTUPEFACIENTES O PSICOTROPICAS Y/O MEDICAMENTOS.",CHOQUE POSTERIOR,AUTOMOVIL,2,0,0,0,0,0,0,0,0,0,0,0,0,2,40,HOMBRE,ILESO,CONDUCTOR PRESENTE,NO,NO,0
7004,21676,21677,2017,1,0,-0.239767,-78.510836,PICHINCHA,QUITO,QUITO,URBANA,2017-10-02,14:00:00,14,LUNES,1,OCTUBRE,10,NO,NO CEDER EL DERECHO DE VIA O PREFERENCIA DE PASO A VEHICULOS.,ATROPELLOS,AUTOMOVIL,1,0,0,0,0,0,0,0,0,0,0,0,0,1,81,MUJER,LESIONADO,PEATON,NO,NO,0
7005,21677,21678,2017,1,0,-0.125876,-78.444289,PICHINCHA,QUITO,LLANO CHICO,Rural,2017-10-02,14:05:00,14,LUNES,1,OCTUBRE,10,NO,NO CEDER EL DERECHO DE VIA O PREFERENCIA DE PASO AL PEATON.,ATROPELLOS,NO IDENTIFICADO,0,0,0,0,0,0,0,0,0,1,0,0,0,1,43,HOMBRE,LESIONADO,PEATON,NO,NO,0
7006,21678,21679,2017,0,0,-0.140421,-78.493864,PICHINCHA,QUITO,QUITO,URBANA,2017-10-02,14:30:00,14,LUNES,1,OCTUBRE,10,NO,NO GUARDAR LA DISTANCIA LATERAL MINIMA DE SEGURIDAD ENTRE VEHICULOS.,ROZAMIENTOS,VEHICULO DEPORTIVO UTILITARIO,0,0,0,0,0,0,0,0,0,1,0,0,1,2,70,HOMBRE,ILESO,CONDUCTOR PRESENTE,NO,NO,0
7007,21685,21686,2017,2,0,-0.449107,-78.638271,PICHINCHA,MEJIA,ALOAG,Rural,2017-10-02,17:45:00,17,LUNES,1,OCTUBRE,10,NO,"CONDUCIR DESATENTO A LAS CONDICIONES DE TRANSITO (CELULAR, PANTALLAS DE VIDEO, COMIDA, MAQUILLAJE O CUALQUIER OTRO ELEMENTO DISTRACTOR).",VOLCAMIENTOS,CAMION,0,0,0,1,0,0,0,0,0,0,0,0,0,1,44,HOMBRE,LESIONADO,PASAJERO,NO,NO,0
7008,21688,21689,2017,1,0,-0.089711,-78.476392,PICHINCHA,QUITO,QUITO,URBANA,2017-10-02,18:15:00,18,LUNES,1,OCTUBRE,10,NO,"CONDUCE BAJO LA INFLUENCIA DE ALCOHOL, SUSTANCIAS ESTUPEFACIENTES O PSICOTROPICAS Y/O MEDICAMENTOS.",ATROPELLOS,VEHICULO DEPORTIVO UTILITARIO,0,0,0,0,0,0,0,0,0,0,0,0,1,1,30,MUJER,LESIONADO,PEATON,NO,NO,0
7009,21689,21690,2017,2,0,-0.106586,-78.479109,PICHINCHA,QUITO,QUITO,URBANA,2017-10-02,18:15:00,18,LUNES,1,OCTUBRE,10,NO,"NO RESPETAR LAS SENIALES REGLAMENTARIAS DE TRANSITO. (PARE, CEDA EL PASO, LUZ ROJA DEL SEMAFORO, ETC).",CHOQUE LATERAL,MOTOCICLETA,1,0,0,0,0,0,0,0,1,0,0,0,0,2,25,HOMBRE,LESIONADO,CONDUCTOR PRESENTE,NO,NO,0
7010,21690,21691,2017,1,0,-0.261533,-78.544355,PICHINCHA,QUITO,QUITO,URBANA,2017-10-02,18:40:00,18,LUNES,1,OCTUBRE,10,NO,NO TRANSITAR POR LAS ACERAS O ZONAS DE SEGURIDAD DESTINADAS PARA EL EFECTO.,ATROPELLOS,MOTOCICLETA,0,0,0,0,0,0,0,0,1,0,0,0,0,1,70,HOMBRE,LESIONADO,PEATON,NO,NO,0
7011,21691,21692,2017,1,0,-0.256772,-78.542845,PICHINCHA,QUITO,QUITO,URBANA,2017-10-02,18:45:00,18,LUNES,1,OCTUBRE,10,NO,BAJARSE O SUBIRSE DE VEHICULOS EN MOVIMIENTO SIN TOMAR LAS PRECAUCIONES DEBIDAS.,CAIDA DE PASAJERO,MOTOCICLETA,0,0,0,0,0,0,0,0,1,0,0,0,0,1,30,HOMBRE,LESIONADO,CONDUCTOR PRESENTE,NO,NO,0
7012,21698,21699,2017,0,0,-0.149022,-78.476483,PICHINCHA,QUITO,QUITO,URBANA,2017-10-02,21:00:00,21,LUNES,1,OCTUBRE,10,NO,CONDUCIR VEHICULO SUPERANDO LOS LIMITES MAXIMOS DE VELOCIDAD.,PERDIDA DE PISTA,MOTOCICLETA,0,0,0,0,0,0,0,0,1,0,0,0,0,1,20,HOMBRE,ILESO,CONDUCTOR PRESENTE,NO,NO,0
7013,21699,21700,2017,0,0,-0.091585,-78.439052,PICHINCHA,QUITO,CALDERON (CARAPUNGO),Rural,2017-10-02,21:00:00,21,LUNES,1,OCTUBRE,10,NO,NO MANTENER LA DISTANCIA PRUDENCIAL CON RESPECTO AL VEHICULO QUE LE ANTECEDE.,CHOQUE POSTERIOR,AUTOMOVIL,1,0,1,0,0,0,0,0,0,0,0,0,0,2,62,HOMBRE,ILESO,CONDUCTOR PRESENTE,NO,NO,0
7014,21702,21703,2017,0,0,-0.124306,-78.455151,PICHINCHA,QUITO,LLANO CHICO,Rural,2017-10-02,21:16:00,21,LUNES,1,OCTUBRE,10,NO,"NO RESPETAR LAS SENIALES REGLAMENTARIAS DE TRANSITO. (PARE, CEDA EL PASO, LUZ ROJA DEL SEMAFORO, ETC).",CHOQUE LATERAL,FURGONETA,1,0,0,0,0,0,0,1,0,0,0,0,0,2,37,HOMBRE,ILESO,CONDUCTOR PRESENTE,NO,NO,0
7015,21703,21704,2017,0,0,-0.328239,-78.538128,PICHINCHA,QUITO,QUITO,URBANA,2017-10-02,22:00:00,22,LUNES,1,OCTUBRE,10,NO,"CONDUCE BAJO LA INFLUENCIA DE ALCOHOL, SUSTANCIAS ESTUPEFACIENTES O PSICOTROPICAS Y/O MEDICAMENTOS.",CHOQUE LATERAL,AUTOMOVIL,1,0,0,0,1,0,0,0,0,0,0,0,0,2,44,HOMBRE,ILESO,CONDUCTOR PRESENTE,NO,NO,0
7016,21724,21725,2017,0,0,-0.221954,-78.508211,PICHINCHA,QUITO,QUITO,URBANA,2017-10-03,00:50:00,0,MARTES,2,OCTUBRE,10,NO,"CONDUCIR EN ESTADO DE SOMNOLENCIA O MALAS CONDICIONES FISICAS (SUENIO, CANSANCIO Y FATIGA).",PERDIDA DE PISTA,AUTOMOVIL,1,0,0,0,0,0,0,0,0,0,0,0,0,1,23,HOMBRE,ILESO,CONDUCTOR PRESENTE,NO,NO,0
7017,21725,21726,2017,0,1,-0.328831,-78.560625,PICHINCHA,QUITO,QUITO,URBANA,2017-10-03,05:20:00,5,MARTES,2,OCTUBRE,10,NO,CONDUCIR VEHICULO SUPERANDO LOS LIMITES MAXIMOS DE VELOCIDAD.,ESTRELLAMIENTOS,AUTOMOVIL,1,0,0,0,0,0,0,0,0,0,0,0,0,1,44,HOMBRE,FALLECIDO,CONDUCTOR PRESENTE,NO,NO,0
7018,21726,21727,2017,1,0,-0.142736,-78.473006,PICHINCHA,QUITO,QUITO,URBANA,2017-10-03,06:55:00,6,MARTES,2,OCTUBRE,10,NO,NO CEDER EL DERECHO DE VIA O PREFERENCIA DE PASO A VEHICULOS.,CHOQUE LATERAL,BICICLETA,0,1,0,0,0,0,0,0,0,0,0,0,1,2,53,HOMBRE,LESIONADO,CONDUCTOR PRESENTE,NO,NO,0
7019,21727,21728,2017,0,0,-0.128839,-78.513591,PICHINCHA,QUITO,QUITO,URBANA,2017-10-03,07:00:00,7,MARTES,2,OCTUBRE,10,NO,"CONDUCIR DESATENTO A LAS CONDICIONES DE TRANSITO (CELULAR, PANTALLAS DE VIDEO, COMIDA, MAQUILLAJE O CUALQUIER OTRO ELEMENTO DISTRACTOR).",ESTRELLAMIENTOS,CAMIONETA,0,0,0,0,1,0,0,0,0,0,0,0,0,1,62,HOMBRE,ILESO,CONDUCTOR PRESENTE,NO,NO,0
7020,21728,21729,2017,0,0,-0.206592,-78.487818,PICHINCHA,QUITO,QUITO,URBANA,2017-10-03,07:58:00,7,MARTES,2,OCTUBRE,10,NO,NO GUARDAR LA DISTANCIA LATERAL MINIMA DE SEGURIDAD ENTRE VEHICULOS.,ROZAMIENTOS,BUS,0,0,2,0,0,0,0,0,0,0,0,0,0,2,35,HOMBRE,ILESO,CONDUCTOR PRESENTE,NO,NO,0
7021,21731,21732,2017,1,0,-0.245523,-78.522508,PICHINCHA,QUITO,QUITO,URBANA,2017-10-03,09:30:00,9,MARTES,2,OCTUBRE,10,NO,"NO RESPETAR LAS SENIALES REGLAMENTARIAS DE TRANSITO. (PARE, CEDA EL PASO, LUZ ROJA DEL SEMAFORO, ETC).",CHOQUE LATERAL,AUTOMOVIL,2,0,0,0,0,0,0,0,0,0,0,0,0,2,34,HOMBRE,LESIONADO,CONDUCTOR PRESENTE,NO,NO,0
7022,21732,21733,2017,0,0,-0.200785,-78.496872,PICHINCHA,QUITO,QUITO,URBANA,2017-10-03,10:21:00,10,MARTES,2,OCTUBRE,10,NO,NO CEDER EL DERECHO DE VIA O PREFERENCIA DE PASO A VEHICULOS.,CHOQUE LATERAL,AUTOMOVIL,1,0,0,0,0,0,0,0,0,1,0,0,0,2,63,HOMBRE,ILESO,CONDUCTOR PRESENTE,NO,NO,0
7023,21733,21734,2017,1,0,-0.229067,-78.500734,PICHINCHA,QUITO,QUITO,URBANA,2017-10-03,11:00:00,11,MARTES,2,OCTUBRE,10,NO,"CONDUCIR DESATENTO A LAS CONDICIONES DE TRANSITO (CELULAR, PANTALLAS DE VIDEO, COMIDA, MAQUILLAJE O CUALQUIER OTRO ELEMENTO DISTRACTOR).",CHOQUE POSTERIOR,MOTOCICLETA,1,0,0,0,0,0,0,0,1,0,0,0,0,2,32,HOMBRE,LESIONADO,CONDUCTOR PRESENTE,NO,NO,0
7024,21736,21737,2017,0,0,-0.105373,-78.462381,PICHINCHA,QUITO,QUITO,Rural,2017-10-03,13:26:00,13,MARTES,2,OCTUBRE,10,NO,REALIZAR CAMBIO BRUSCO O INDEBIDO DE CARRIL.,ESTRELLAMIENTOS,CAMION,0,0,0,1,0,0,0,0,0,0,0,0,0,1,45,HOMBRE,ILESO,CONDUCTOR PRESENTE,NO,NO,0
7025,21737,21738,2017,0,0,-0.196942,-78.495616,PICHINCHA,QUITO,QUITO,URBANA,2017-10-03,13:34:00,13,MARTES,2,OCTUBRE,10,NO,NO GUARDAR LA DISTANCIA LATERAL MINIMA DE SEGURIDAD ENTRE VEHICULOS.,ROZAMIENTOS,AUTOMOVIL,1,0,0,0,0,0,0,0,0,0,0,0,1,2,45,HOMBRE,ILESO,CONDUCTOR PRESENTE,NO,NO,0
7026,21738,21739,2017,0,0,-0.291319,-78.559416,PICHINCHA,QUITO,QUITO,URBANA,2017-10-03,14:15:00,14,MARTES,2,OCTUBRE,10,NO,"NO RESPETAR LAS SENIALES REGLAMENTARIAS DE TRANSITO. (PARE, CEDA EL PASO, LUZ ROJA DEL SEMAFORO, ETC).",CHOQUE LATERAL,FURGONETA,0,0,0,0,1,0,0,1,0,0,0,0,0,2,41,HOMBRE,ILESO,CONDUCTOR PRESENTE,NO,NO,0
7027,21739,21740,2017,1,0,-0.064334,-78.429354,PICHINCHA,QUITO,CALDERON (CARAPUNGO),Rural,2017-10-03,14:40:00,14,MARTES,2,OCTUBRE,10,NO,NO CEDER EL DERECHO DE VIA O PREFERENCIA DE PASO AL PEATON.,ATROPELLOS,CAMIONETA,0,0,0,0,1,0,0,0,0,0,0,0,0,1,70,MUJER,LESIONADO,PEATON,NO,NO,0
7028,21741,21742,2017,1,0,-0.292253,-78.544063,PICHINCHA,QUITO,QUITO,URBANA,2017-10-03,14:55:00,14,MARTES,2,OCTUBRE,10,NO,"NO RESPETAR LAS SENIALES REGLAMENTARIAS DE TRANSITO. (PARE, CEDA EL PASO, LUZ ROJA DEL SEMAFORO, ETC).",CHOQUE LATERAL,CAMIONETA,0,0,0,0,1,0,0,0,1,0,0,0,0,2,50,HOMBRE,LESIONADO,PASAJERO,NO,NO,0
7029,21742,21743,2017,0,0,-0.199767,-78.428809,PICHINCHA,QUITO,CUMBAYA,Rural,2017-10-03,15:05:00,15,MARTES,2,OCTUBRE,10,NO,NO MANTENER LA DISTANCIA PRUDENCIAL CON RESPECTO AL VEHICULO QUE LE ANTECEDE.,CHOQUE POSTERIOR,VEHICULO DEPORTIVO UTILITARIO,0,0,0,0,1,0,0,0,0,0,0,0,1,2,21,HOMBRE,ILESO,CONDUCTOR PRESENTE,NO,NO,0
7030,21745,21746,2017,0,0,-0.282706,-78.554325,PICHINCHA,QUITO,QUITO,URBANA,2017-10-03,16:30:00,16,MARTES,2,OCTUBRE,10,NO,NO CEDER EL DERECHO DE VIA O PREFERENCIA DE PASO A VEHICULOS.,CHOQUE LATERAL,AUTOMOVIL,1,0,0,0,0,0,0,0,1,0,0,0,0,2,35,HOMBRE,ILESO,CONDUCTOR PRESENTE,NO,NO,0
7031,21747,21748,2017,0,0,-0.267996,-78.550618,PICHINCHA,QUITO,QUITO,URBANA,2017-10-03,17:05:00,17,MARTES,2,OCTUBRE,10,NO,"CONDUCE BAJO LA INFLUENCIA DE ALCOHOL, SUSTANCIAS ESTUPEFACIENTES O PSICOTROPICAS Y/O MEDICAMENTOS.",CHOQUE LATERAL,AUTOMOVIL,2,0,0,0,0,0,0,0,0,0,0,0,0,2,32,HOMBRE,ILESO,CONDUCTOR PRESENTE,NO,NO,0
7032,21749,21750,2017,0,0,-0.181765,-78.475517,PICHINCHA,QUITO,QUITO,URBANA,2017-10-03,17:50:00,17,MARTES,2,OCTUBRE,10,NO,NO MANTENER LA DISTANCIA PRUDENCIAL CON RESPECTO AL VEHICULO QUE LE ANTECEDE.,COLISION,AUTOMOVIL,3,0,0,0,0,0,0,0,0,0,0,0,1,4,28,HOMBRE,ILESO,CONDUCTOR PRESENTE,NO,NO,0
7033,21750,21751,2017,0,0,-0.203708,-78.500801,PICHINCHA,QUITO,QUITO,URBANA,2017-10-03,17:50:00,17,MARTES,2,OCTUBRE,10,NO,NO CEDER EL DERECHO DE VIA O PREFERENCIA DE PASO A VEHICULOS.,CHOQUE LATERAL,BUS,0,0,1,0,1,0,0,0,0,0,0,0,0,2,47,HOMBRE,ILESO,CONDUCTOR PRESENTE,NO,NO,0
7034,21752,21753,2017,1,0,-0.255497,-78.541508,PICHINCHA,QUITO,QUITO,URBANA,2017-10-03,18:55:00,18,MARTES,2,OCTUBRE,10,NO,NO MANTENER LA DISTANCIA PRUDENCIAL CON RESPECTO AL VEHICULO QUE LE ANTECEDE.,CHOQUE POSTERIOR,MOTOCICLETA,0,0,0,0,0,0,0,0,1,0,0,0,1,2,31,MUJER,LESIONADO,PASAJERO,NO,NO,0