,Unnamed: 0,ID,ANIO,LESIONADOS,FALLECIDOS,LATITUD_Y,LONGITUD_X,PROVINCIA,CANTON,PARROQUIA,ZONA,FECHA,HORA,PERIODO_2,DIA_1,DIA_2,MES_1,MES_2,FERIADO,CAUSA_PROBABLE,TIPO_DE_SINIESTRO,TIPO_DE_VEHICULO_1,AUTOMOVIL,BICICLETA,BUS,CAMION,CAMIONETA,EMERGENCIAS,ESPECIAL,FURGONETA,MOTOCICLETA,NO_IDENTIFICADO,SCOOTER_ELECTRICO,TRICIMOTO,VEHICULO_DEPORTIVO_UTILITARIO,SUMA_DE_VEHICULOS,EDAD_1,SEXO_1,CONDICION_1,PARTICIPANTE_1,CASCO_1,CINTURON_1,KMeans_Cluster
7092,21879,21880,2017,2,0,-0.119435,-78.506714,PICHINCHA,QUITO,QUITO,URBANA,2017-10-05,09:00:00,9,JUEVES,4,OCTUBRE,10,NO,"CONDUCIR DESATENTO A LAS CONDICIONES DE TRANSITO (CELULAR, PANTALLAS DE VIDEO, COMIDA, MAQUILLAJE O CUALQUIER OTRO ELEMENTO DISTRACTOR).",CHOQUE POSTERIOR,MOTOCICLETA,0,0,0,0,0,0,0,0,1,1,0,0,0,2,30,HOMBRE,LESIONADO,CONDUCTOR PRESENTE,NO,NO,0
7093,21880,21881,2017,0,0,-0.166201,-78.486638,PICHINCHA,QUITO,QUITO,URBANA,2017-10-05,09:05:00,9,JUEVES,4,OCTUBRE,10,NO,NO CEDER EL DERECHO DE VIA O PREFERENCIA DE PASO A VEHICULOS.,CHOQUE LATERAL,AUTOMOVIL,2,0,0,0,0,0,0,0,0,0,0,0,0,2,48,HOMBRE,ILESO,CONDUCTOR PRESENTE,NO,NO,0
7094,21881,21882,2017,1,0,-0.279657,-78.556192,PICHINCHA,QUITO,QUITO,URBANA,2017-10-05,09:20:00,9,JUEVES,4,OCTUBRE,10,NO,"NO RESPETAR LAS SENIALES REGLAMENTARIAS DE TRANSITO. (PARE, CEDA EL PASO, LUZ ROJA DEL SEMAFORO, ETC).",CHOQUE LATERAL,MOTOCICLETA,0,1,0,0,0,0,0,0,1,0,0,0,0,2,73,HOMBRE,LESIONADO,CONDUCTOR PRESENTE,NO,NO,0
7095,21883,21884,2017,0,1,-0.517527,-78.576431,PICHINCHA,MEJIA,MACHACHI,Rural,2017-10-05,09:35:00,9,JUEVES,4,OCTUBRE,10,NO,NO TRANSITAR POR LAS ACERAS O ZONAS DE SEGURIDAD DESTINADAS PARA EL EFECTO.,ATROPELLOS,AUTOMOVIL,1,0,0,0,0,0,0,0,0,0,0,0,1,2,29,HOMBRE,FALLECIDO,CONDUCTOR PRESENTE,NO,SI,3
7096,21885,21886,2017,0,0,-0.167214,-78.488829,PICHINCHA,QUITO,QUITO,URBANA,2017-10-05,10:28:00,10,JUEVES,4,OCTUBRE,10,NO,"NO RESPETAR LAS SENIALES REGLAMENTARIAS DE TRANSITO. (PARE, CEDA EL PASO, LUZ ROJA DEL SEMAFORO, ETC).",CHOQUE LATERAL,VEHICULO DEPORTIVO UTILITARIO,0,0,0,0,0,0,0,1,0,0,0,0,1,2,27,MUJER,ILESO,CONDUCTOR PRESENTE,NO,NO,0
7097,21886,21887,2017,0,0,-0.191214,-78.486196,PICHINCHA,QUITO,QUITO,URBANA,2017-10-05,10:45:00,10,JUEVES,4,OCTUBRE,10,NO,"NO RESPETAR LAS SENIALES REGLAMENTARIAS DE TRANSITO. (PARE, CEDA EL PASO, LUZ ROJA DEL SEMAFORO, ETC).",CHOQUE LATERAL,VEHICULO DEPORTIVO UTILITARIO,1,0,0,0,0,0,0,0,0,0,0,0,1,2,40,MUJER,ILESO,CONDUCTOR PRESENTE,NO,NO,0
7098,21888,21889,2017,2,0,-0.246821,-78.534871,PICHINCHA,QUITO,QUITO,URBANA,2017-10-05,11:40:00,11,JUEVES,4,OCTUBRE,10,NO,"CONDUCIR DESATENTO A LAS CONDICIONES DE TRANSITO (CELULAR, PANTALLAS DE VIDEO, COMIDA, MAQUILLAJE O CUALQUIER OTRO ELEMENTO DISTRACTOR).",ESTRELLAMIENTOS,MOTOCICLETA,2,0,0,0,0,0,0,0,1,0,0,0,0,3,32,HOMBRE,LESIONADO,CONDUCTOR PRESENTE,NO,NO,0
7099,21897,21898,2017,1,0,-0.188102,-78.476863,PICHINCHA,QUITO,QUITO,URBANA,2017-10-05,15:45:00,15,JUEVES,4,OCTUBRE,10,NO,CONDUCIR VEHICULO SUPERANDO LOS LIMITES MAXIMOS DE VELOCIDAD.,PERDIDA DE PISTA,MOTOCICLETA,0,0,0,0,0,0,0,0,1,0,0,0,0,1,32,HOMBRE,LESIONADO,CONDUCTOR PRESENTE,NO,NO,0
7100,21899,21900,2017,0,0,-0.127811,-78.444082,PICHINCHA,QUITO,LLANO CHICO,Rural,2017-10-05,17:00:00,17,JUEVES,4,OCTUBRE,10,NO,"NO RESPETAR LAS SENIALES REGLAMENTARIAS DE TRANSITO. (PARE, CEDA EL PASO, LUZ ROJA DEL SEMAFORO, ETC).",CHOQUE LATERAL,VEHICULO DEPORTIVO UTILITARIO,0,0,0,0,1,0,0,0,0,0,0,0,1,2,42,MUJER,ILESO,CONDUCTOR PRESENTE,NO,NO,0
7101,21900,21901,2017,0,0,-0.142178,-78.500536,PICHINCHA,QUITO,QUITO,URBANA,2017-10-05,17:05:00,17,JUEVES,4,OCTUBRE,10,NO,"CONDUCE BAJO LA INFLUENCIA DE ALCOHOL, SUSTANCIAS ESTUPEFACIENTES O PSICOTROPICAS Y/O MEDICAMENTOS.",CHOQUE POSTERIOR,AUTOMOVIL,1,0,0,0,1,0,0,0,0,0,0,0,0,2,29,HOMBRE,ILESO,CONDUCTOR PRESENTE,NO,NO,0
7102,21901,21902,2017,0,0,-0.206438,-78.370261,PICHINCHA,QUITO,PUEMBO,Rural,2017-10-05,17:09:00,17,JUEVES,4,OCTUBRE,10,NO,REALIZAR CAMBIO BRUSCO O INDEBIDO DE CARRIL.,CHOQUE FRONTAL,CAMIONETA,1,0,0,0,1,0,0,0,0,0,0,0,0,2,28,HOMBRE,ILESO,CONDUCTOR PRESENTE,NO,NO,0
7103,21903,21904,2017,0,1,-0.129197,-78.502316,PICHINCHA,QUITO,QUITO,URBANA,2017-10-05,17:15:00,17,JUEVES,4,OCTUBRE,10,NO,CONDUCIR VEHICULO SUPERANDO LOS LIMITES MAXIMOS DE VELOCIDAD.,VOLCAMIENTOS,MOTOCICLETA,0,0,1,0,0,0,0,0,1,0,0,0,0,2,40,HOMBRE,FALLECIDO,CONDUCTOR PRESENTE,NO,NO,0
7104,21904,21905,2017,0,0,-0.175536,-78.488291,PICHINCHA,QUITO,QUITO,URBANA,2017-10-05,17:30:00,17,JUEVES,4,OCTUBRE,10,NO,"NO RESPETAR LAS SENIALES REGLAMENTARIAS DE TRANSITO. (PARE, CEDA EL PASO, LUZ ROJA DEL SEMAFORO, ETC).",CHOQUE LATERAL,AUTOMOVIL,2,0,0,0,0,0,0,0,0,0,0,0,0,2,38,HOMBRE,ILESO,CONDUCTOR PRESENTE,NO,NO,0
7105,21908,21909,2017,0,0,-0.270271,-78.537439,PICHINCHA,QUITO,QUITO,URBANA,2017-10-05,18:30:00,18,JUEVES,4,OCTUBRE,10,NO,REALIZAR CAMBIO BRUSCO O INDEBIDO DE CARRIL.,ESTRELLAMIENTOS,AUTOMOVIL,1,0,0,0,0,0,0,0,0,0,0,0,0,1,-1,NO IDENTIFICADO,NO IDENTIFICADO,CONDUCTOR AUSENTE,NO,NO,2
7106,21911,21912,2017,2,0,-0.121216,-78.480213,PICHINCHA,QUITO,QUITO,URBANA,2017-10-05,19:40:00,19,JUEVES,4,OCTUBRE,10,NO,"PEATON TRANSITA BAJO INFLUENCIA DE ALCOHOL, SUSTANCIAS ESTUPEFACIENTES O PSICOTROPICAS Y/O MEDICAMENTOS.",ATROPELLOS,MOTOCICLETA,0,0,0,0,0,0,0,0,1,0,0,0,0,1,26,HOMBRE,LESIONADO,CONDUCTOR PRESENTE,NO,NO,0
7107,21913,21914,2017,0,0,-0.185049,-78.509861,PICHINCHA,QUITO,QUITO,URBANA,2017-10-05,23:15:00,23,JUEVES,4,OCTUBRE,10,NO,"CONDUCE BAJO LA INFLUENCIA DE ALCOHOL, SUSTANCIAS ESTUPEFACIENTES O PSICOTROPICAS Y/O MEDICAMENTOS.",CHOQUE POSTERIOR,AUTOMOVIL,2,0,0,0,0,0,0,0,0,0,0,0,0,2,26,HOMBRE,ILESO,CONDUCTOR PRESENTE,NO,NO,0
7108,21932,21933,2017,2,0,-0.111743,-78.478795,PICHINCHA,QUITO,QUITO,URBANA,2017-10-06,00:20:00,0,VIERNES,5,OCTUBRE,10,NO,"CONDUCIR EN ESTADO DE SOMNOLENCIA O MALAS CONDICIONES FISICAS (SUENIO, CANSANCIO Y FATIGA).",ESTRELLAMIENTOS,AUTOMOVIL,1,0,0,0,0,0,0,0,0,0,0,0,0,1,23,HOMBRE,LESIONADO,PASAJERO,NO,NO,0
7109,21934,21935,2017,0,0,-0.107253,-78.489843,PICHINCHA,QUITO,QUITO,URBANA,2017-10-06,01:05:00,1,VIERNES,5,OCTUBRE,10,NO,"CONDUCE BAJO LA INFLUENCIA DE ALCOHOL, SUSTANCIAS ESTUPEFACIENTES O PSICOTROPICAS Y/O MEDICAMENTOS.",CHOQUE LATERAL,AUTOMOVIL,2,0,0,0,0,0,0,0,0,0,0,0,0,2,48,HOMBRE,ILESO,CONDUCTOR PRESENTE,NO,NO,0
7110,21935,21936,2017,1,0,-0.203959,-78.459461,PICHINCHA,QUITO,QUITO,Rural,2017-10-06,01:10:00,1,VIERNES,5,OCTUBRE,10,NO,NO MANTENER LA DISTANCIA PRUDENCIAL CON RESPECTO AL VEHICULO QUE LE ANTECEDE.,CHOQUE POSTERIOR,MOTOCICLETA,0,0,0,0,0,0,0,0,1,1,0,0,0,2,35,HOMBRE,LESIONADO,CONDUCTOR PRESENTE,NO,NO,0
7111,21938,21939,2017,0,0,-0.247441,-78.535163,PICHINCHA,QUITO,QUITO,URBANA,2017-10-06,04:15:00,4,VIERNES,5,OCTUBRE,10,NO,"CONDUCIR EN ESTADO DE SOMNOLENCIA O MALAS CONDICIONES FISICAS (SUENIO, CANSANCIO Y FATIGA).",ESTRELLAMIENTOS,AUTOMOVIL,1,0,0,0,0,0,0,0,0,0,0,0,0,1,-1,NO IDENTIFICADO,NO IDENTIFICADO,CONDUCTOR AUSENTE,NO,NO,2
7112,21940,21941,2017,1,0,-0.294518,-78.478425,PICHINCHA,QUITO,CONOCOTO,Rural,2017-10-06,06:38:00,6,VIERNES,5,OCTUBRE,10,NO,NO CEDER EL DERECHO DE VIA O PREFERENCIA DE PASO A VEHICULOS.,CHOQUE LATERAL,CAMIONETA,0,0,0,0,1,0,0,0,1,0,0,0,0,2,33,HOMBRE,LESIONADO,CONDUCTOR PRESENTE,NO,NO,0
7113,21941,21942,2017,1,0,-0.127442,-78.511843,PICHINCHA,QUITO,QUITO,URBANA,2017-10-06,07:30:00,7,VIERNES,5,OCTUBRE,10,NO,NO CEDER EL DERECHO DE VIA O PREFERENCIA DE PASO AL PEATON.,ATROPELLOS,NO IDENTIFICADO,0,0,0,0,0,0,0,0,0,1,0,0,0,1,25,MUJER,LESIONADO,PEATON,NO,NO,0
7114,21945,21946,2017,0,0,-0.292692,-78.550788,PICHINCHA,QUITO,QUITO,URBANA,2017-10-06,08:15:00,8,VIERNES,5,OCTUBRE,10,NO,"NO RESPETAR LAS SENIALES REGLAMENTARIAS DE TRANSITO. (PARE, CEDA EL PASO, LUZ ROJA DEL SEMAFORO, ETC).",CHOQUE LATERAL,CAMION,1,0,0,1,0,0,0,0,0,0,0,0,0,2,38,HOMBRE,ILESO,CONDUCTOR PRESENTE,NO,NO,0
7115,21949,21950,2017,1,0,-0.328831,-78.560625,PICHINCHA,QUITO,QUITO,URBANA,2017-10-06,09:10:00,9,VIERNES,5,OCTUBRE,10,NO,BAJARSE O SUBIRSE DE VEHICULOS EN MOVIMIENTO SIN TOMAR LAS PRECAUCIONES DEBIDAS.,CAIDA DE PASAJERO,BUS,0,0,1,0,0,0,0,0,0,0,0,0,0,1,5,MUJER,LESIONADO,PASAJERO,NO,NO,0
7116,21952,21953,2017,2,0,-0.190527,-78.502054,PICHINCHA,QUITO,QUITO,URBANA,2017-10-06,10:00:00,10,VIERNES,5,OCTUBRE,10,NO,NO CEDER EL DERECHO DE VIA O PREFERENCIA DE PASO AL PEATON.,ATROPELLOS,NO IDENTIFICADO,0,0,0,0,0,0,0,0,0,1,0,0,0,1,58,MUJER,LESIONADO,PEATON,NO,NO,0
7117,21953,21954,2017,1,0,-0.147472,-78.465519,PICHINCHA,QUITO,QUITO,URBANA,2017-10-06,10:20:00,10,VIERNES,5,OCTUBRE,10,NO,NO CEDER EL DERECHO DE VIA O PREFERENCIA DE PASO A VEHICULOS.,ATROPELLOS,AUTOMOVIL,1,0,0,0,0,0,0,0,0,0,0,0,0,1,13,HOMBRE,LESIONADO,PEATON,NO,NO,0
7118,21954,21955,2017,1,0,-0.273309,-78.568203,PICHINCHA,QUITO,QUITO,URBANA,2017-10-06,10:25:00,10,VIERNES,5,OCTUBRE,10,NO,NO TRANSITAR POR LAS ACERAS O ZONAS DE SEGURIDAD DESTINADAS PARA EL EFECTO.,ATROPELLOS,CAMIONETA,0,0,0,0,1,0,0,0,0,0,0,0,0,1,69,MUJER,LESIONADO,PEATON,NO,NO,0
7119,21957,21958,2017,0,0,-0.140789,-78.496464,PICHINCHA,QUITO,QUITO,URBANA,2017-10-06,11:50:00,11,VIERNES,5,OCTUBRE,10,NO,"NO RESPETAR LAS SENIALES REGLAMENTARIAS DE TRANSITO. (PARE, CEDA EL PASO, LUZ ROJA DEL SEMAFORO, ETC).",CHOQUE LATERAL,MOTOCICLETA,0,0,0,0,0,0,0,0,1,1,0,0,0,2,29,HOMBRE,ILESO,CONDUCTOR PRESENTE,NO,NO,0
7120,21958,21959,2017,0,0,-0.204881,-78.376946,PICHINCHA,QUITO,TUMBACO,Rural,2017-10-06,12:00:00,12,VIERNES,5,OCTUBRE,10,NO,NO GUARDAR LA DISTANCIA LATERAL MINIMA DE SEGURIDAD ENTRE VEHICULOS.,ROZAMIENTOS,AUTOMOVIL,1,0,0,0,0,0,0,0,0,1,0,0,0,2,24,HOMBRE,ILESO,CONDUCTOR PRESENTE,NO,NO,0
7121,21959,21960,2017,1,0,-0.144711,-78.474664,PICHINCHA,QUITO,QUITO,URBANA,2017-10-06,12:10:00,12,VIERNES,5,OCTUBRE,10,NO,NO TRANSITAR POR LAS ACERAS O ZONAS DE SEGURIDAD DESTINADAS PARA EL EFECTO.,ATROPELLOS,AUTOMOVIL,1,0,0,0,0,0,0,0,0,0,0,0,0,1,46,HOMBRE,LESIONADO,PEATON,NO,NO,0
7122,21961,21962,2017,1,0,-0.291547,-78.527054,PICHINCHA,QUITO,QUITO,URBANA,2017-10-06,12:50:00,12,VIERNES,5,OCTUBRE,10,NO,NO CEDER EL DERECHO DE VIA O PREFERENCIA DE PASO AL PEATON.,ATROPELLOS,MOTOCICLETA,0,0,0,0,0,0,0,0,1,0,0,0,0,1,8,MUJER,LESIONADO,PEATON,NO,NO,0
7123,21965,21966,2017,0,0,-0.223301,-78.487751,PICHINCHA,QUITO,QUITO,URBANA,2017-10-06,13:50:00,13,VIERNES,5,OCTUBRE,10,NO,CONDUCIR VEHICULO SUPERANDO LOS LIMITES MAXIMOS DE VELOCIDAD.,COLISION,VEHICULO DEPORTIVO UTILITARIO,1,0,0,0,0,0,0,0,0,0,0,0,2,3,41,HOMBRE,ILESO,CONDUCTOR PRESENTE,NO,NO,0
7124,21966,21967,2017,0,0,-0.109421,-78.458401,PICHINCHA,QUITO,CALDERON (CARAPUNGO),URBANA,2017-10-06,14:00:00,14,VIERNES,5,OCTUBRE,10,NO,NO MANTENER LA DISTANCIA PRUDENCIAL CON RESPECTO AL VEHICULO QUE LE ANTECEDE.,CHOQUE POSTERIOR,CAMION,0,0,0,1,0,0,0,0,0,0,0,0,0,1,-1,HOMBRE,ILESO,CONDUCTOR PRESENTE,NO,SI,0
7125,21968,21969,2017,1,0,-0.188312,-78.490747,PICHINCHA,QUITO,QUITO,URBANA,2017-10-06,14:33:00,14,VIERNES,5,OCTUBRE,10,NO,NO TRANSITAR POR LAS ACERAS O ZONAS DE SEGURIDAD DESTINADAS PARA EL EFECTO.,ATROPELLOS,AUTOMOVIL,1,0,0,0,0,0,0,0,0,0,0,0,0,1,35,MUJER,LESIONADO,PEATON,NO,NO,0
7126,21969,21970,2017,0,0,-0.247003,-78.520033,PICHINCHA,QUITO,QUITO,URBANA,2017-10-06,14:55:00,14,VIERNES,5,OCTUBRE,10,NO,"CONDUCIR DESATENTO A LAS CONDICIONES DE TRANSITO (CELULAR, PANTALLAS DE VIDEO, COMIDA, MAQUILLAJE O CUALQUIER OTRO ELEMENTO DISTRACTOR).",COLISION,BUS,2,0,1,0,0,0,0,0,0,0,0,0,0,3,35,HOMBRE,ILESO,CONDUCTOR PRESENTE,NO,NO,0
7127,21970,21971,2017,0,0,-0.236123,-78.526764,PICHINCHA,QUITO,QUITO,URBANA,2017-10-06,15:10:00,15,VIERNES,5,OCTUBRE,10,NO,NO MANTENER LA DISTANCIA PRUDENCIAL CON RESPECTO AL VEHICULO QUE LE ANTECEDE.,CHOQUE POSTERIOR,AUTOMOVIL,2,0,0,0,0,0,0,0,0,0,0,0,0,2,30,HOMBRE,ILESO,CONDUCTOR PRESENTE,NO,NO,0
7128,21975,21976,2017,0,0,-0.090122,-78.393721,PICHINCHA,QUITO,CALDERON (CARAPUNGO),Rural,2017-10-06,17:00:00,17,VIERNES,5,OCTUBRE,10,NO,"CONDICIONES AMBIENTALES Y/O ATMOSFERICAS (NIEBLA, NEBLINA, GRANIZO, LLUVIA).",PERDIDA DE PISTA,AUTOMOVIL,1,0,0,1,0,0,0,0,0,0,0,0,0,2,46,HOMBRE,ILESO,CONDUCTOR PRESENTE,NO,NO,0
7129,21978,21979,2017,0,0,-0.119451,-78.506659,PICHINCHA,QUITO,QUITO,URBANA,2017-10-06,17:07:00,17,VIERNES,5,OCTUBRE,10,NO,NO MANTENER LA DISTANCIA PRUDENCIAL CON RESPECTO AL VEHICULO QUE LE ANTECEDE.,CHOQUE POSTERIOR,AUTOMOVIL,2,0,0,0,0,0,0,0,0,0,0,0,0,2,44,HOMBRE,ILESO,CONDUCTOR PRESENTE,NO,NO,0
7130,21982,21983,2017,1,0,-0.162823,-78.486051,PICHINCHA,QUITO,QUITO,URBANA,2017-10-06,18:30:00,18,VIERNES,5,OCTUBRE,10,NO,BAJARSE O SUBIRSE DE VEHICULOS EN MOVIMIENTO SIN TOMAR LAS PRECAUCIONES DEBIDAS.,CAIDA DE PASAJERO,AUTOMOVIL,1,0,0,0,0,0,0,0,1,0,0,0,0,2,22,HOMBRE,LESIONADO,CONDUCTOR PRESENTE,NO,NO,0
7131,21984,21985,2017,1,0,-0.282813,-78.470617,PICHINCHA,QUITO,CONOCOTO,URBANA,2017-10-06,19:00:00,19,VIERNES,5,OCTUBRE,10,NO,"CONDICIONES AMBIENTALES Y/O ATMOSFERICAS (NIEBLA, NEBLINA, GRANIZO, LLUVIA).",ATROPELLOS,NO IDENTIFICADO,0,0,0,0,0,0,0,0,0,1,0,0,0,1,37,HOMBRE,LESIONADO,PEATON,NO,NO,0
7132,21986,21987,2017,0,0,-0.150393,-78.453592,PICHINCHA,QUITO,QUITO,URBANA,2017-10-06,19:17:00,19,VIERNES,5,OCTUBRE,10,NO,REALIZAR CAMBIO BRUSCO O INDEBIDO DE CARRIL.,PERDIDA DE PISTA,AUTOMOVIL,1,0,0,0,0,0,0,0,0,0,0,0,0,1,38,HOMBRE,ILESO,CONDUCTOR PRESENTE,NO,NO,0
7133,21987,21988,2017,1,0,-0.289305,-78.538485,PICHINCHA,QUITO,QUITO,URBANA,2017-10-06,19:25:00,19,VIERNES,5,OCTUBRE,10,NO,NO CEDER EL DERECHO DE VIA O PREFERENCIA DE PASO AL PEATON.,ATROPELLOS,NO IDENTIFICADO,0,0,0,0,0,0,0,0,0,1,0,0,0,1,26,HOMBRE,LESIONADO,PEATON,NO,NO,0
7134,21988,21989,2017,1,0,-0.289305,-78.538485,PICHINCHA,QUITO,QUITO,URBANA,2017-10-06,19:52:00,19,VIERNES,5,OCTUBRE,10,NO,NO TRANSITAR POR LAS ACERAS O ZONAS DE SEGURIDAD DESTINADAS PARA EL EFECTO.,ATROPELLOS,AUTOMOVIL,1,0,0,0,0,0,0,0,0,0,0,0,0,1,62,HOMBRE,LESIONADO,PEATON,NO,NO,0
7135,21990,21991,2017,0,0,-0.393238,-78.812345,PICHINCHA,MEJIA,MANUEL CORNEJO ASTORGA,Rural,2017-10-06,20:30:00,20,VIERNES,5,OCTUBRE,10,NO,"CONDUCIR DESATENTO A LAS CONDICIONES DE TRANSITO (CELULAR, PANTALLAS DE VIDEO, COMIDA, MAQUILLAJE O CUALQUIER OTRO ELEMENTO DISTRACTOR).",PERDIDA DE PISTA,VEHICULO DEPORTIVO UTILITARIO,0,0,0,1,0,0,0,0,0,0,0,0,1,2,44,HOMBRE,ILESO,CONDUCTOR PRESENTE,NO,NO,0
7136,21991,21992,2017,0,0,-0.239333,-78.330911,PICHINCHA,QUITO,PIFO,URBANA,2017-10-06,20:48:00,20,VIERNES,5,OCTUBRE,10,NO,NO MANTENER LA DISTANCIA PRUDENCIAL CON RESPECTO AL VEHICULO QUE LE ANTECEDE.,ESTRELLAMIENTOS,CAMION,0,0,0,1,0,0,0,0,0,0,0,0,0,1,41,HOMBRE,ILESO,CONDUCTOR PRESENTE,NO,NO,0
7137,21992,21993,2017,1,0,-0.127201,-78.471433,PICHINCHA,QUITO,QUITO,URBANA,2017-10-06,21:14:00,21,VIERNES,5,OCTUBRE,10,NO,CONDUCIR VEHICULO SUPERANDO LOS LIMITES MAXIMOS DE VELOCIDAD.,PERDIDA DE PISTA,NO IDENTIFICADO,0,0,0,0,0,0,0,0,0,1,0,0,0,1,21,HOMBRE,LESIONADO,PASAJERO,NO,NO,0
7138,21993,21994,2017,0,0,-0.057898,-78.455615,PICHINCHA,QUITO,POMASQUI,URBANA,2017-10-06,21:20:00,21,VIERNES,5,OCTUBRE,10,NO,CONDUCIR VEHICULO SUPERANDO LOS LIMITES MAXIMOS DE VELOCIDAD.,COLISION,AUTOMOVIL,4,0,0,0,0,0,0,0,0,0,0,0,0,4,53,HOMBRE,ILESO,CONDUCTOR PRESENTE,NO,NO,0
7139,21996,21997,2017,1,0,-0.015519,-78.436791,PICHINCHA,QUITO,SAN ANTONIO (QUITO),Rural,2017-10-06,22:20:00,22,VIERNES,5,OCTUBRE,10,NO,"CONDUCE BAJO LA INFLUENCIA DE ALCOHOL, SUSTANCIAS ESTUPEFACIENTES O PSICOTROPICAS Y/O MEDICAMENTOS.",CHOQUE POSTERIOR,BUS,1,0,1,0,0,0,0,0,0,0,0,0,0,2,35,MUJER,LESIONADO,PASAJERO,NO,NO,0
7140,21998,21999,2017,0,0,-0.133593,-78.497705,PICHINCHA,QUITO,QUITO,URBANA,2017-10-06,23:50:00,23,VIERNES,5,OCTUBRE,10,NO,NO MANTENER LA DISTANCIA PRUDENCIAL CON RESPECTO AL VEHICULO QUE LE ANTECEDE.,CHOQUE POSTERIOR,AUTOMOVIL,2,0,0,0,0,0,0,0,0,0,0,0,0,2,48,HOMBRE,ILESO,CONDUCTOR PRESENTE,NO,NO,0
7141,22016,22017,2017,0,0,-0.133769,-78.470611,PICHINCHA,QUITO,QUITO,URBANA,2017-10-07,01:21:00,1,SABADO,6,OCTUBRE,10,NO,"CONDUCIR EN ESTADO DE SOMNOLENCIA O MALAS CONDICIONES FISICAS (SUENIO, CANSANCIO Y FATIGA).",ESTRELLAMIENTOS,AUTOMOVIL,1,0,0,0,0,0,0,0,0,0,0,0,0,1,-1,NO IDENTIFICADO,NO IDENTIFICADO,CONDUCTOR AUSENTE,NO,NO,2
7142,22019,22020,2017,0,0,-0.263504,-78.506361,PICHINCHA,QUITO,QUITO,URBANA,2017-10-07,02:45:00,2,SABADO,6,OCTUBRE,10,NO,CONDUCIR VEHICULO SUPERANDO LOS LIMITES MAXIMOS DE VELOCIDAD.,VOLCAMIENTOS,AUTOMOVIL,1,0,0,0,0,0,0,0,0,0,0,0,0,1,36,HOMBRE,ILESO,CONDUCTOR PRESENTE,NO,NO,0
7143,22020,22021,2017,0,1,-0.289454,-78.465953,PICHINCHA,QUITO,CONOCOTO,URBANA,2017-10-07,02:45:00,2,SABADO,6,OCTUBRE,10,NO,CONDUCIR VEHICULO SUPERANDO LOS LIMITES MAXIMOS DE VELOCIDAD.,ESTRELLAMIENTOS,VEHICULO DEPORTIVO UTILITARIO,0,0,0,0,0,0,0,0,0,0,0,0,1,1,-1,NO IDENTIFICADO,FALLECIDO,CONDUCTOR PRESENTE,NO,NO,0
7144,22026,22027,2017,0,0,-0.176715,-78.493866,PICHINCHA,QUITO,QUITO,URBANA,2017-10-07,04:10:00,4,SABADO,6,OCTUBRE,10,NO,"CONDUCE BAJO LA INFLUENCIA DE ALCOHOL, SUSTANCIAS ESTUPEFACIENTES O PSICOTROPICAS Y/O MEDICAMENTOS.",CHOQUE LATERAL,AUTOMOVIL,2,0,0,0,0,0,0,0,0,0,0,0,0,2,33,HOMBRE,ILESO,CONDUCTOR PRESENTE,NO,NO,0
7145,22028,22029,2017,0,0,-0.226807,-78.490454,PICHINCHA,QUITO,QUITO,URBANA,2017-10-07,04:27:00,4,SABADO,6,OCTUBRE,10,NO,"CONDUCIR EN ESTADO DE SOMNOLENCIA O MALAS CONDICIONES FISICAS (SUENIO, CANSANCIO Y FATIGA).",ESTRELLAMIENTOS,VEHICULO DEPORTIVO UTILITARIO,0,0,0,0,0,0,0,0,0,0,0,0,1,1,33,MUJER,ILESO,CONDUCTOR PRESENTE,NO,NO,0
7146,22030,22031,2017,1,0,-0.438621,-78.553993,PICHINCHA,MEJIA,ALOAG,Rural,2017-10-07,04:45:00,4,SABADO,6,OCTUBRE,10,NO,"CONDUCIR DESATENTO A LAS CONDICIONES DE TRANSITO (CELULAR, PANTALLAS DE VIDEO, COMIDA, MAQUILLAJE O CUALQUIER OTRO ELEMENTO DISTRACTOR).",ESTRELLAMIENTOS,VEHICULO DEPORTIVO UTILITARIO,0,0,0,0,0,0,0,0,0,0,0,0,1,1,33,HOMBRE,LESIONADO,CONDUCTOR PRESENTE,NO,NO,3
7147,22033,22034,2017,0,0,-0.052928,-78.322722,PICHINCHA,QUITO,GUAYLLABAMBA,Rural,2017-10-07,05:10:00,5,SABADO,6,OCTUBRE,10,NO,"CONDICIONES AMBIENTALES Y/O ATMOSFERICAS (NIEBLA, NEBLINA, GRANIZO, LLUVIA).",ESTRELLAMIENTOS,AUTOMOVIL,1,0,0,0,0,0,0,0,0,0,0,0,0,1,41,HOMBRE,ILESO,CONDUCTOR PRESENTE,NO,NO,0
7148,22036,22037,2017,0,0,-0.217381,-78.521501,PICHINCHA,QUITO,QUITO,URBANA,2017-10-07,07:10:00,7,SABADO,6,OCTUBRE,10,NO,REALIZAR CAMBIO BRUSCO O INDEBIDO DE CARRIL.,ESTRELLAMIENTOS,BUS,0,0,1,0,1,0,0,0,0,0,0,0,0,2,32,HOMBRE,ILESO,CONDUCTOR PRESENTE,NO,NO,0