,Unnamed: 0,ID,ANIO,LESIONADOS,FALLECIDOS,LATITUD_Y,LONGITUD_X,PROVINCIA,CANTON,PARROQUIA,ZONA,FECHA,HORA,PERIODO_2,DIA_1,DIA_2,MES_1,MES_2,FERIADO,CAUSA_PROBABLE,TIPO_DE_SINIESTRO,TIPO_DE_VEHICULO_1,AUTOMOVIL,BICICLETA,BUS,CAMION,CAMIONETA,EMERGENCIAS,ESPECIAL,FURGONETA,MOTOCICLETA,NO_IDENTIFICADO,SCOOTER_ELECTRICO,TRICIMOTO,VEHICULO_DEPORTIVO_UTILITARIO,SUMA_DE_VEHICULOS,EDAD_1,SEXO_1,CONDICION_1,PARTICIPANTE_1,CASCO_1,CINTURON_1,KMeans_Cluster
7149,22037,22038,2017,2,0,-0.327067,-78.394269,PICHINCHA,QUITO,LA MERCED,URBANA,2017-10-07,07:30:00,7,SABADO,6,OCTUBRE,10,NO,NO TRANSITAR POR LAS ACERAS O ZONAS DE SEGURIDAD DESTINADAS PARA EL EFECTO.,ATROPELLOS,NO IDENTIFICADO,0,0,0,0,0,0,0,0,0,1,0,0,0,1,37,HOMBRE,LESIONADO,PEATON,NO,NO,0
7150,22038,22039,2017,0,0,-0.129357,-78.481279,PICHINCHA,QUITO,QUITO,URBANA,2017-10-07,07:45:00,7,SABADO,6,OCTUBRE,10,NO,"CONDUCE BAJO LA INFLUENCIA DE ALCOHOL, SUSTANCIAS ESTUPEFACIENTES O PSICOTROPICAS Y/O MEDICAMENTOS.",CHOQUE LATERAL,FURGONETA,0,0,0,0,1,0,0,1,0,0,0,0,0,2,29,HOMBRE,ILESO,CONDUCTOR PRESENTE,NO,NO,0
7151,22039,22040,2017,1,0,-0.248663,-78.583179,PICHINCHA,QUITO,LLOA,Rural,2017-10-07,08:05:00,8,SABADO,6,OCTUBRE,10,NO,CONDUCIR VEHICULO SUPERANDO LOS LIMITES MAXIMOS DE VELOCIDAD.,PERDIDA DE PISTA,MOTOCICLETA,0,0,0,0,0,0,0,0,1,0,0,0,0,1,19,HOMBRE,LESIONADO,CONDUCTOR PRESENTE,NO,NO,0
7152,22042,22043,2017,1,0,-0.453911,-78.561353,PICHINCHA,MEJIA,ALOAG,Rural,2017-10-07,10:15:00,10,SABADO,6,OCTUBRE,10,NO,"CONDUCIR DESATENTO A LAS CONDICIONES DE TRANSITO (CELULAR, PANTALLAS DE VIDEO, COMIDA, MAQUILLAJE O CUALQUIER OTRO ELEMENTO DISTRACTOR).",CHOQUE LATERAL,CAMION,1,0,0,1,0,0,0,0,0,0,0,0,0,2,29,HOMBRE,LESIONADO,CONDUCTOR PRESENTE,NO,NO,0
7153,22043,22044,2017,0,1,0.048651,-78.221285,PICHINCHA,PEDRO MONCAYO,TABACUNDO,URBANA,2017-10-07,10:30:00,10,SABADO,6,OCTUBRE,10,NO,"NO RESPETAR LAS SENIALES REGLAMENTARIAS DE TRANSITO. (PARE, CEDA EL PASO, LUZ ROJA DEL SEMAFORO, ETC).",OTROS,BUS,0,0,1,0,0,0,0,0,0,0,0,0,0,1,-1,HOMBRE,FALLECIDO,PASAJERO,NO,NO,0
7154,22044,22045,2017,5,0,-0.246446,-78.490863,PICHINCHA,QUITO,QUITO,URBANA,2017-10-07,10:40:00,10,SABADO,6,OCTUBRE,10,NO,NO MANTENER LA DISTANCIA PRUDENCIAL CON RESPECTO AL VEHICULO QUE LE ANTECEDE.,CHOQUE POSTERIOR,CAMIONETA,2,0,0,0,1,0,0,0,0,0,0,0,1,4,21,MUJER,LESIONADO,PASAJERO,NO,NO,0
7155,22045,22046,2017,2,0,-0.246147,-78.529477,PICHINCHA,QUITO,QUITO,URBANA,2017-10-07,10:50:00,10,SABADO,6,OCTUBRE,10,NO,"NO RESPETAR LAS SENIALES REGLAMENTARIAS DE TRANSITO. (PARE, CEDA EL PASO, LUZ ROJA DEL SEMAFORO, ETC).",CHOQUE LATERAL,MOTOCICLETA,0,0,0,0,0,0,0,0,1,1,0,0,0,2,3,MUJER,LESIONADO,PASAJERO,NO,NO,0
7156,22047,22048,2017,0,0,-0.205257,-78.399525,PICHINCHA,QUITO,TUMBACO,URBANA,2017-10-07,11:45:00,11,SABADO,6,OCTUBRE,10,NO,"CONDUCIR DESATENTO A LAS CONDICIONES DE TRANSITO (CELULAR, PANTALLAS DE VIDEO, COMIDA, MAQUILLAJE O CUALQUIER OTRO ELEMENTO DISTRACTOR).",ESTRELLAMIENTOS,NO IDENTIFICADO,0,0,0,0,0,0,0,0,0,1,0,0,0,1,-1,NO IDENTIFICADO,NO IDENTIFICADO,CONDUCTOR AUSENTE,NO,NO,2
7157,22049,22050,2017,1,0,-0.299105,-78.454971,PICHINCHA,QUITO,ALANGASI,Rural,2017-10-07,13:45:00,13,SABADO,6,OCTUBRE,10,NO,"NO RESPETAR LAS SENIALES REGLAMENTARIAS DE TRANSITO. (PARE, CEDA EL PASO, LUZ ROJA DEL SEMAFORO, ETC).",CHOQUE LATERAL,VEHICULO DEPORTIVO UTILITARIO,1,0,0,0,0,0,0,0,0,0,0,0,1,2,65,HOMBRE,LESIONADO,CONDUCTOR PRESENTE,NO,NO,0
7158,22051,22052,2017,2,0,-0.310589,-78.546306,PICHINCHA,QUITO,QUITO,URBANA,2017-10-07,14:15:00,14,SABADO,6,OCTUBRE,10,NO,NO CEDER EL DERECHO DE VIA O PREFERENCIA DE PASO A VEHICULOS.,CHOQUE LATERAL,AUTOMOVIL,1,0,0,0,0,0,0,0,1,0,0,0,0,2,26,MUJER,LESIONADO,PASAJERO,NO,NO,0
7159,22053,22054,2017,1,0,-0.293646,-78.535992,PICHINCHA,QUITO,QUITO,URBANA,2017-10-07,14:40:00,14,SABADO,6,OCTUBRE,10,NO,REALIZAR CAMBIO BRUSCO O INDEBIDO DE CARRIL.,PERDIDA DE PISTA,MOTOCICLETA,0,0,0,0,0,0,0,0,1,0,0,0,0,1,47,HOMBRE,LESIONADO,CONDUCTOR PRESENTE,NO,NO,0
7160,22056,22057,2017,1,0,-0.096378,-78.511462,PICHINCHA,QUITO,QUITO,URBANA,2017-10-07,15:35:00,15,SABADO,6,OCTUBRE,10,NO,NO CEDER EL DERECHO DE VIA O PREFERENCIA DE PASO AL PEATON.,ATROPELLOS,AUTOMOVIL,1,0,0,0,1,0,0,0,0,0,0,0,0,2,57,HOMBRE,LESIONADO,CONDUCTOR PRESENTE,NO,NO,0
7161,22062,22063,2017,0,0,-0.280642,-78.559821,PICHINCHA,QUITO,QUITO,URBANA,2017-10-07,16:45:00,16,SABADO,6,OCTUBRE,10,NO,"CONDUCIR DESATENTO A LAS CONDICIONES DE TRANSITO (CELULAR, PANTALLAS DE VIDEO, COMIDA, MAQUILLAJE O CUALQUIER OTRO ELEMENTO DISTRACTOR).",ESTRELLAMIENTOS,AUTOMOVIL,1,0,0,0,0,0,0,0,0,0,0,0,0,1,-1,NO IDENTIFICADO,NO IDENTIFICADO,CONDUCTOR AUSENTE,NO,NO,2
7162,22067,22068,2017,0,0,-0.202233,-78.433211,PICHINCHA,QUITO,CUMBAYA,Rural,2017-10-07,18:15:00,18,SABADO,6,OCTUBRE,10,NO,"CONDUCE BAJO LA INFLUENCIA DE ALCOHOL, SUSTANCIAS ESTUPEFACIENTES O PSICOTROPICAS Y/O MEDICAMENTOS.",CHOQUE LATERAL,VEHICULO DEPORTIVO UTILITARIO,1,0,0,0,0,0,0,0,0,0,0,0,1,2,40,HOMBRE,ILESO,CONDUCTOR PRESENTE,NO,NO,0
7163,22074,22075,2017,0,0,-0.341022,-78.553906,PICHINCHA,QUITO,QUITO,URBANA,2017-10-07,19:10:00,19,SABADO,6,OCTUBRE,10,NO,REALIZAR CAMBIO BRUSCO O INDEBIDO DE CARRIL.,CHOQUE FRONTAL,MOTOCICLETA,0,0,0,0,0,0,0,0,1,1,0,0,0,2,48,MUJER,ILESO,CONDUCTOR PRESENTE,NO,NO,0
7164,22076,22077,2017,1,0,-0.159277,-78.503414,PICHINCHA,QUITO,QUITO,URBANA,2017-10-07,19:35:00,19,SABADO,6,OCTUBRE,10,NO,"NO RESPETAR LAS SENIALES REGLAMENTARIAS DE TRANSITO. (PARE, CEDA EL PASO, LUZ ROJA DEL SEMAFORO, ETC).",CHOQUE LATERAL,MOTOCICLETA,1,0,0,0,0,0,0,0,1,0,0,0,0,2,22,HOMBRE,LESIONADO,PASAJERO,NO,NO,0
7165,22082,22083,2017,1,0,-0.108255,-78.461339,PICHINCHA,QUITO,CALDERON (CARAPUNGO),Rural,2017-10-07,21:00:00,21,SABADO,6,OCTUBRE,10,NO,"CONDUCE BAJO LA INFLUENCIA DE ALCOHOL, SUSTANCIAS ESTUPEFACIENTES O PSICOTROPICAS Y/O MEDICAMENTOS.",ATROPELLOS,VEHICULO DEPORTIVO UTILITARIO,0,0,0,0,0,0,0,0,0,0,0,0,1,1,-1,NO IDENTIFICADO,LESIONADO,CONDUCTOR PRESENTE,NO,NO,2
7166,22083,22084,2017,0,0,-0.361617,-78.546364,PICHINCHA,MEJIA,CUTUGLAHUA,Rural,2017-10-07,21:00:00,21,SABADO,6,OCTUBRE,10,NO,NO MANTENER LA DISTANCIA PRUDENCIAL CON RESPECTO AL VEHICULO QUE LE ANTECEDE.,PERDIDA DE PISTA,AUTOMOVIL,2,0,0,0,0,0,0,0,0,0,0,0,0,2,26,HOMBRE,ILESO,CONDUCTOR PRESENTE,NO,NO,0
7167,22084,22085,2017,0,0,-0.051021,-78.346202,PICHINCHA,QUITO,GUAYLLABAMBA,Rural,2017-10-07,21:04:00,21,SABADO,6,OCTUBRE,10,NO,"ADELANTAR O REBASAR A OTRO VEHICULO EN MOVIMIENTO EN ZONAS O SITIOS PELIGROSOS TALES COMO: CURVAS, PUENTES, TUNELES, PENDIENTES, ETC.",CHOQUE FRONTAL,AUTOMOVIL,2,0,0,0,0,0,0,0,0,0,0,0,0,2,49,HOMBRE,ILESO,CONDUCTOR PRESENTE,NO,NO,0
7168,22085,22086,2017,2,0,-0.209293,-78.387592,PICHINCHA,QUITO,TUMBACO,Rural,2017-10-07,21:15:00,21,SABADO,6,OCTUBRE,10,NO,CONDUCIR EN SENTIDO CONTRARIO A LA VIA NORMAL DE CIRCULACION.,CHOQUE FRONTAL,AUTOMOVIL,1,0,0,0,0,0,0,0,0,0,0,0,1,2,30,HOMBRE,LESIONADO,PASAJERO,NO,NO,0
7169,22086,22087,2017,0,0,-0.287928,-78.565911,PICHINCHA,QUITO,QUITO,URBANA,2017-10-07,21:20:00,21,SABADO,6,OCTUBRE,10,NO,NO MANTENER LA DISTANCIA PRUDENCIAL CON RESPECTO AL VEHICULO QUE LE ANTECEDE.,CHOQUE POSTERIOR,AUTOMOVIL,1,0,0,0,0,0,0,0,0,1,0,0,0,2,36,HOMBRE,ILESO,CONDUCTOR PRESENTE,NO,NO,0
7170,22090,22091,2017,0,0,-0.175165,-78.485403,PICHINCHA,QUITO,QUITO,URBANA,2017-10-07,22:20:00,22,SABADO,6,OCTUBRE,10,NO,"CONDUCE BAJO LA INFLUENCIA DE ALCOHOL, SUSTANCIAS ESTUPEFACIENTES O PSICOTROPICAS Y/O MEDICAMENTOS.",CHOQUE LATERAL,AUTOMOVIL,2,0,0,0,0,0,0,0,0,0,0,0,0,2,29,HOMBRE,ILESO,CONDUCTOR PRESENTE,NO,NO,0
7171,22118,22119,2017,0,0,-0.108245,-78.451358,PICHINCHA,QUITO,CALDERON (CARAPUNGO),Rural,2017-10-08,00:40:00,0,DOMINGO,7,OCTUBRE,10,NO,"CONDUCIR EN ESTADO DE SOMNOLENCIA O MALAS CONDICIONES FISICAS (SUENIO, CANSANCIO Y FATIGA).",ESTRELLAMIENTOS,AUTOMOVIL,1,0,0,0,0,0,0,0,0,0,0,0,0,1,-1,NO IDENTIFICADO,NO IDENTIFICADO,CONDUCTOR AUSENTE,NO,NO,2
7172,22119,22120,2017,1,0,-0.199767,-78.428809,PICHINCHA,QUITO,CUMBAYA,Rural,2017-10-08,00:40:00,0,DOMINGO,7,OCTUBRE,10,NO,"CONDUCIR EN ESTADO DE SOMNOLENCIA O MALAS CONDICIONES FISICAS (SUENIO, CANSANCIO Y FATIGA).",VOLCAMIENTOS,CAMIONETA,0,0,0,0,1,0,0,0,0,0,0,0,0,1,22,HOMBRE,LESIONADO,CONDUCTOR PRESENTE,NO,NO,0
7173,22126,22127,2017,0,0,-0.258774,-78.525495,PICHINCHA,QUITO,QUITO,URBANA,2017-10-08,03:55:00,3,DOMINGO,7,OCTUBRE,10,NO,"CONDUCIR EN ESTADO DE SOMNOLENCIA O MALAS CONDICIONES FISICAS (SUENIO, CANSANCIO Y FATIGA).",ESTRELLAMIENTOS,VEHICULO DEPORTIVO UTILITARIO,0,0,0,0,0,0,0,0,0,0,0,0,1,1,-1,NO IDENTIFICADO,NO IDENTIFICADO,CONDUCTOR AUSENTE,NO,NO,2
7174,22127,22128,2017,1,0,-0.485149,-78.569171,PICHINCHA,MEJIA,MACHACHI,Rural,2017-10-08,04:00:00,4,DOMINGO,7,OCTUBRE,10,NO,"CONDUCIR DESATENTO A LAS CONDICIONES DE TRANSITO (CELULAR, PANTALLAS DE VIDEO, COMIDA, MAQUILLAJE O CUALQUIER OTRO ELEMENTO DISTRACTOR).",PERDIDA DE PISTA,VEHICULO DEPORTIVO UTILITARIO,0,0,0,0,0,0,0,0,0,0,0,0,1,1,36,HOMBRE,LESIONADO,PASAJERO,NO,NO,0
7175,22128,22129,2017,1,0,-0.212824,-78.402686,PICHINCHA,QUITO,TUMBACO,Rural,2017-10-08,04:20:00,4,DOMINGO,7,OCTUBRE,10,NO,"CONDUCE BAJO LA INFLUENCIA DE ALCOHOL, SUSTANCIAS ESTUPEFACIENTES O PSICOTROPICAS Y/O MEDICAMENTOS.",ESTRELLAMIENTOS,AUTOMOVIL,2,0,0,0,0,0,0,0,0,0,0,0,0,2,10,MUJER,LESIONADO,PASAJERO,NO,NO,0
7176,22129,22130,2017,0,0,-0.263133,-78.545535,PICHINCHA,QUITO,QUITO,URBANA,2017-10-08,04:27:00,4,DOMINGO,7,OCTUBRE,10,NO,"CONDUCIR EN ESTADO DE SOMNOLENCIA O MALAS CONDICIONES FISICAS (SUENIO, CANSANCIO Y FATIGA).",VOLCAMIENTOS,AUTOMOVIL,1,0,0,0,0,0,0,0,0,0,0,0,0,1,-1,NO IDENTIFICADO,NO IDENTIFICADO,CONDUCTOR AUSENTE,NO,NO,2
7177,22131,22132,2017,1,0,-0.206438,-78.370261,PICHINCHA,QUITO,PUEMBO,Rural,2017-10-08,06:20:00,6,DOMINGO,7,OCTUBRE,10,NO,NO TRANSITAR POR LAS ACERAS O ZONAS DE SEGURIDAD DESTINADAS PARA EL EFECTO.,ATROPELLOS,NO IDENTIFICADO,0,0,0,0,0,0,0,0,0,1,0,0,0,1,37,HOMBRE,LESIONADO,PEATON,NO,NO,0
7178,22133,22134,2017,1,0,-0.156719,-78.498581,PICHINCHA,QUITO,QUITO,URBANA,2017-10-08,06:30:00,6,DOMINGO,7,OCTUBRE,10,NO,NO MANTENER LA DISTANCIA PRUDENCIAL CON RESPECTO AL VEHICULO QUE LE ANTECEDE.,CHOQUE POSTERIOR,MOTOCICLETA,0,0,0,0,0,0,0,0,1,1,0,0,0,2,22,HOMBRE,LESIONADO,CONDUCTOR PRESENTE,NO,NO,0
7179,22137,22138,2017,0,0,-0.206438,-78.370261,PICHINCHA,QUITO,PUEMBO,Rural,2017-10-08,07:30:00,7,DOMINGO,7,OCTUBRE,10,NO,"CONDUCE BAJO LA INFLUENCIA DE ALCOHOL, SUSTANCIAS ESTUPEFACIENTES O PSICOTROPICAS Y/O MEDICAMENTOS.",ROZAMIENTOS,AUTOMOVIL,1,0,0,0,1,0,0,0,0,0,0,0,0,2,17,HOMBRE,ILESO,CONDUCTOR PRESENTE,NO,NO,0
7180,22141,22142,2017,0,0,-0.281901,-78.516915,PICHINCHA,QUITO,QUITO,URBANA,2017-10-08,09:00:00,9,DOMINGO,7,OCTUBRE,10,NO,NO MANTENER LA DISTANCIA PRUDENCIAL CON RESPECTO AL VEHICULO QUE LE ANTECEDE.,CHOQUE POSTERIOR,CAMIONETA,1,0,0,0,1,0,0,0,0,0,0,0,0,2,63,HOMBRE,ILESO,CONDUCTOR PRESENTE,NO,NO,0
7181,22142,22143,2017,1,0,-0.282706,-78.554325,PICHINCHA,QUITO,QUITO,URBANA,2017-10-08,09:30:00,9,DOMINGO,7,OCTUBRE,10,NO,BAJARSE O SUBIRSE DE VEHICULOS EN MOVIMIENTO SIN TOMAR LAS PRECAUCIONES DEBIDAS.,CAIDA DE PASAJERO,NO IDENTIFICADO,0,0,0,0,0,0,0,0,0,1,0,0,0,1,69,MUJER,LESIONADO,PASAJERO,NO,NO,0
7182,22143,22144,2017,1,0,-0.260475,-78.512301,PICHINCHA,QUITO,QUITO,URBANA,2017-10-08,09:30:00,9,DOMINGO,7,OCTUBRE,10,NO,NO CEDER EL DERECHO DE VIA O PREFERENCIA DE PASO AL PEATON.,ATROPELLOS,NO IDENTIFICADO,0,0,0,0,0,0,0,0,0,1,0,0,0,1,89,HOMBRE,LESIONADO,PEATON,NO,NO,0
7183,22148,22149,2017,1,0,-0.222238,-78.509811,PICHINCHA,QUITO,QUITO,URBANA,2017-10-08,10:25:00,10,DOMINGO,7,OCTUBRE,10,NO,NO CEDER EL DERECHO DE VIA O PREFERENCIA DE PASO AL PEATON.,ATROPELLOS,NO IDENTIFICADO,0,0,0,0,0,0,0,0,0,1,0,0,0,1,81,MUJER,LESIONADO,PEATON,NO,NO,0
7184,22153,22154,2017,4,0,0.056127,-78.681102,PICHINCHA,QUITO,NANEGALITO,URBANA,2017-10-08,13:10:00,13,DOMINGO,7,OCTUBRE,10,NO,"CONDUCE BAJO LA INFLUENCIA DE ALCOHOL, SUSTANCIAS ESTUPEFACIENTES O PSICOTROPICAS Y/O MEDICAMENTOS.",PERDIDA DE PISTA,CAMIONETA,0,0,0,0,1,0,0,0,0,0,0,0,0,1,41,HOMBRE,LESIONADO,PASAJERO,NO,NO,0
7185,22154,22155,2017,1,0,-0.128678,-78.471107,PICHINCHA,QUITO,QUITO,URBANA,2017-10-08,13:20:00,13,DOMINGO,7,OCTUBRE,10,NO,NO CEDER EL DERECHO DE VIA O PREFERENCIA DE PASO A VEHICULOS.,CHOQUE LATERAL,MOTOCICLETA,0,0,0,0,0,0,0,0,1,0,0,0,1,2,30,MUJER,LESIONADO,PASAJERO,NO,NO,0
7186,22156,22157,2017,1,0,-0.134712,-78.458899,PICHINCHA,QUITO,QUITO,URBANA,2017-10-08,13:50:00,13,DOMINGO,7,OCTUBRE,10,NO,NO CEDER EL DERECHO DE VIA O PREFERENCIA DE PASO AL PEATON.,ATROPELLOS,NO IDENTIFICADO,0,0,0,0,0,0,0,0,0,1,0,0,0,1,6,HOMBRE,LESIONADO,PEATON,NO,NO,0
7187,22158,22159,2017,1,0,-0.254686,-78.504316,PICHINCHA,QUITO,QUITO,URBANA,2017-10-08,14:50:00,14,DOMINGO,7,OCTUBRE,10,NO,"CASO FORTUITO O FUERZA MAYOR (EXPLOSION DE NEUMATICO NUEVO, DERRUMBE, INUNDACION, CAIDA DE PUENTE, ARBOL, PRESENCIA INTEMPESTIVA E IMPREVISTA DE SEMOVIENTES EN LA VIA, ETC.).",CAIDA DE PASAJERO,NO IDENTIFICADO,0,0,0,0,0,0,0,0,0,1,0,0,0,1,16,MUJER,LESIONADO,PASAJERO,NO,NO,0
7188,22159,22160,2017,2,0,-0.214698,-78.503449,PICHINCHA,QUITO,QUITO,URBANA,2017-10-08,14:55:00,14,DOMINGO,7,OCTUBRE,10,NO,"NO RESPETAR LAS SENIALES REGLAMENTARIAS DE TRANSITO. (PARE, CEDA EL PASO, LUZ ROJA DEL SEMAFORO, ETC).",CHOQUE LATERAL,VEHICULO DEPORTIVO UTILITARIO,0,0,0,0,0,0,0,0,1,0,0,0,1,2,32,MUJER,LESIONADO,PASAJERO,NO,NO,0
7189,22161,22162,2017,0,0,-0.249198,-78.531602,PICHINCHA,QUITO,QUITO,URBANA,2017-10-08,15:15:00,15,DOMINGO,7,OCTUBRE,10,NO,NO MANTENER LA DISTANCIA PRUDENCIAL CON RESPECTO AL VEHICULO QUE LE ANTECEDE.,CHOQUE POSTERIOR,VEHICULO DEPORTIVO UTILITARIO,0,0,0,0,0,0,0,0,0,1,0,0,1,2,67,HOMBRE,ILESO,CONDUCTOR PRESENTE,NO,NO,0
7190,22162,22163,2017,1,0,-0.514212,-78.565385,PICHINCHA,MEJIA,MACHACHI,Rural,2017-10-08,15:20:00,15,DOMINGO,7,OCTUBRE,10,NO,"CONDUCIR DESATENTO A LAS CONDICIONES DE TRANSITO (CELULAR, PANTALLAS DE VIDEO, COMIDA, MAQUILLAJE O CUALQUIER OTRO ELEMENTO DISTRACTOR).",CHOQUE LATERAL,CAMION,0,0,0,1,0,0,0,0,0,1,0,0,0,2,29,MUJER,LESIONADO,PASAJERO,NO,NO,0
7191,22163,22164,2017,1,0,-0.145086,-78.494266,PICHINCHA,QUITO,QUITO,URBANA,2017-10-08,15:45:00,15,DOMINGO,7,OCTUBRE,10,NO,"NO RESPETAR LAS SENIALES REGLAMENTARIAS DE TRANSITO. (PARE, CEDA EL PASO, LUZ ROJA DEL SEMAFORO, ETC).",CHOQUE LATERAL,AUTOMOVIL,1,0,0,0,0,0,0,0,0,1,0,0,0,2,20,MUJER,LESIONADO,PASAJERO,NO,NO,0
7192,22164,22165,2017,0,0,-0.196047,-78.466538,PICHINCHA,QUITO,QUITO,URBANA,2017-10-08,15:45:00,15,DOMINGO,7,OCTUBRE,10,NO,CONDUCIR VEHICULO SUPERANDO LOS LIMITES MAXIMOS DE VELOCIDAD.,VOLCAMIENTOS,CAMIONETA,1,0,0,0,1,0,0,0,0,0,0,0,0,2,44,HOMBRE,ILESO,CONDUCTOR PRESENTE,NO,NO,0
7193,22168,22169,2017,2,0,-0.262161,-78.548079,PICHINCHA,QUITO,QUITO,URBANA,2017-10-08,16:45:00,16,DOMINGO,7,OCTUBRE,10,NO,"NO RESPETAR LAS SENIALES REGLAMENTARIAS DE TRANSITO. (PARE, CEDA EL PASO, LUZ ROJA DEL SEMAFORO, ETC).",CHOQUE LATERAL,AUTOMOVIL,1,0,1,0,0,0,0,0,0,0,0,0,0,2,35,HOMBRE,LESIONADO,CONDUCTOR PRESENTE,NO,NO,0
7194,22170,22171,2017,7,0,-0.262722,-78.538106,PICHINCHA,QUITO,QUITO,URBANA,2017-10-08,17:23:00,17,DOMINGO,7,OCTUBRE,10,NO,"NO RESPETAR LAS SENIALES REGLAMENTARIAS DE TRANSITO. (PARE, CEDA EL PASO, LUZ ROJA DEL SEMAFORO, ETC).",CHOQUE LATERAL,CAMIONETA,0,0,0,0,1,0,0,1,0,0,0,0,0,2,54,HOMBRE,LESIONADO,CONDUCTOR PRESENTE,NO,NO,0
7195,22171,22172,2017,1,0,-0.157325,-78.439203,PICHINCHA,QUITO,NAYON,URBANA,2017-10-08,17:35:00,17,DOMINGO,7,OCTUBRE,10,NO,BAJARSE O SUBIRSE DE VEHICULOS EN MOVIMIENTO SIN TOMAR LAS PRECAUCIONES DEBIDAS.,CAIDA DE PASAJERO,NO IDENTIFICADO,0,0,0,0,0,0,0,0,0,1,0,0,0,1,18,MUJER,LESIONADO,PASAJERO,NO,NO,0
7196,22178,22179,2017,1,0,-0.233331,-78.490789,PICHINCHA,QUITO,QUITO,URBANA,2017-10-08,19:05:00,19,DOMINGO,7,OCTUBRE,10,NO,NO CEDER EL DERECHO DE VIA O PREFERENCIA DE PASO AL PEATON.,ATROPELLOS,NO IDENTIFICADO,0,0,0,0,0,0,0,0,0,1,0,0,0,1,33,MUJER,LESIONADO,PEATON,NO,NO,0
7197,22179,22180,2017,2,0,-0.323661,-78.556475,PICHINCHA,QUITO,QUITO,URBANA,2017-10-08,19:05:00,19,DOMINGO,7,OCTUBRE,10,NO,NO CEDER EL DERECHO DE VIA O PREFERENCIA DE PASO A VEHICULOS.,CHOQUE LATERAL,AUTOMOVIL,2,0,0,0,0,0,0,0,0,0,0,0,0,2,9,HOMBRE,LESIONADO,PASAJERO,NO,NO,0
7198,22186,22187,2017,2,2,-0.138257,-78.424325,PICHINCHA,QUITO,LLANO CHICO,Rural,2017-10-08,21:10:00,21,DOMINGO,7,OCTUBRE,10,NO,NO CEDER EL DERECHO DE VIA O PREFERENCIA DE PASO AL PEATON.,ARROLLAMIENTOS,MOTOCICLETA,1,0,0,0,0,0,0,0,1,0,0,0,0,2,28,HOMBRE,FALLECIDO,CONDUCTOR PRESENTE,NO,NO,0
7199,22221,22222,2017,0,0,-0.247959,-78.547936,PICHINCHA,QUITO,QUITO,URBANA,2017-10-09,00:46:00,0,LUNES,1,OCTUBRE,10,NO,"CONDUCIR EN ESTADO DE SOMNOLENCIA O MALAS CONDICIONES FISICAS (SUENIO, CANSANCIO Y FATIGA).",ESTRELLAMIENTOS,AUTOMOVIL,1,0,0,0,0,0,0,0,0,0,0,0,0,1,-1,NO IDENTIFICADO,NO IDENTIFICADO,CONDUCTOR AUSENTE,NO,NO,2
7200,22224,22225,2017,0,0,-0.088883,-78.396671,PICHINCHA,QUITO,CALDERON (CARAPUNGO),Rural,2017-10-09,06:00:00,6,LUNES,1,OCTUBRE,10,NO,"CONDUCIR DESATENTO A LAS CONDICIONES DE TRANSITO (CELULAR, PANTALLAS DE VIDEO, COMIDA, MAQUILLAJE O CUALQUIER OTRO ELEMENTO DISTRACTOR).",PERDIDA DE PISTA,CAMIONETA,0,0,0,0,1,0,0,0,0,0,0,0,0,1,-1,NO IDENTIFICADO,NO IDENTIFICADO,CONDUCTOR AUSENTE,NO,NO,2
7201,22229,22230,2017,1,0,-0.198114,-78.512338,PICHINCHA,QUITO,QUITO,URBANA,2017-10-09,09:45:00,9,LUNES,1,OCTUBRE,10,NO,CONDUCIR VEHICULO SUPERANDO LOS LIMITES MAXIMOS DE VELOCIDAD.,VOLCAMIENTOS,MOTOCICLETA,0,0,0,0,0,0,0,0,1,0,0,0,0,1,34,HOMBRE,LESIONADO,CONDUCTOR PRESENTE,NO,NO,0
7202,22230,22231,2017,1,0,-0.328239,-78.538128,PICHINCHA,QUITO,QUITO,URBANA,2017-10-09,10:00:00,10,LUNES,1,OCTUBRE,10,NO,NO CEDER EL DERECHO DE VIA O PREFERENCIA DE PASO AL PEATON.,ATROPELLOS,CAMIONETA,0,0,0,0,1,0,0,0,0,0,0,0,0,1,17,MUJER,LESIONADO,PEATON,NO,NO,0
7203,22231,22232,2017,1,0,-0.232006,-78.486863,PICHINCHA,QUITO,QUITO,URBANA,2017-10-09,10:10:00,10,LUNES,1,OCTUBRE,10,NO,REALIZAR CAMBIO BRUSCO O INDEBIDO DE CARRIL.,ESTRELLAMIENTOS,CAMIONETA,0,0,0,0,1,0,0,0,0,0,0,0,0,1,61,HOMBRE,LESIONADO,CONDUCTOR PRESENTE,NO,NO,0
7204,22232,22233,2017,0,0,-0.278382,-78.552581,PICHINCHA,QUITO,QUITO,URBANA,2017-10-09,10:10:00,10,LUNES,1,OCTUBRE,10,NO,NO MANTENER LA DISTANCIA PRUDENCIAL CON RESPECTO AL VEHICULO QUE LE ANTECEDE.,CHOQUE POSTERIOR,AUTOMOVIL,1,0,0,0,0,0,0,0,0,1,0,0,0,2,31,HOMBRE,ILESO,CONDUCTOR PRESENTE,NO,NO,0
7205,22234,22235,2017,0,0,-0.305953,-78.470254,PICHINCHA,QUITO,CONOCOTO,Rural,2017-10-09,12:22:00,12,LUNES,1,OCTUBRE,10,NO,"CONDUCIR DESATENTO A LAS CONDICIONES DE TRANSITO (CELULAR, PANTALLAS DE VIDEO, COMIDA, MAQUILLAJE O CUALQUIER OTRO ELEMENTO DISTRACTOR).",CHOQUE POSTERIOR,AUTOMOVIL,2,0,0,0,0,0,0,0,0,0,0,0,0,2,50,HOMBRE,ILESO,CONDUCTOR PRESENTE,NO,NO,0