,Unnamed: 0,ID,ANIO,LESIONADOS,FALLECIDOS,LATITUD_Y,LONGITUD_X,PROVINCIA,CANTON,PARROQUIA,ZONA,FECHA,HORA,PERIODO_2,DIA_1,DIA_2,MES_1,MES_2,FERIADO,CAUSA_PROBABLE,TIPO_DE_SINIESTRO,TIPO_DE_VEHICULO_1,AUTOMOVIL,BICICLETA,BUS,CAMION,CAMIONETA,EMERGENCIAS,ESPECIAL,FURGONETA,MOTOCICLETA,NO_IDENTIFICADO,SCOOTER_ELECTRICO,TRICIMOTO,VEHICULO_DEPORTIVO_UTILITARIO,SUMA_DE_VEHICULOS,EDAD_1,SEXO_1,CONDICION_1,PARTICIPANTE_1,CASCO_1,CINTURON_1,KMeans_Cluster
7206,22235,22236,2017,0,0,-0.202114,-78.486481,PICHINCHA,QUITO,QUITO,URBANA,2017-10-09,12:45:00,12,LUNES,1,OCTUBRE,10,NO,NO CEDER EL DERECHO DE VIA O PREFERENCIA DE PASO A VEHICULOS.,CHOQUE LATERAL,CAMIONETA,1,0,0,0,1,0,0,0,0,0,0,0,0,2,20,HOMBRE,ILESO,CONDUCTOR PRESENTE,NO,NO,0
7207,22237,22238,2017,0,0,-0.305953,-78.470254,PICHINCHA,QUITO,CONOCOTO,Rural,2017-10-09,13:27:00,13,LUNES,1,OCTUBRE,10,NO,"NO RESPETAR LAS SENIALES REGLAMENTARIAS DE TRANSITO. (PARE, CEDA EL PASO, LUZ ROJA DEL SEMAFORO, ETC).",CHOQUE LATERAL,AUTOMOVIL,1,0,0,0,0,0,0,0,0,1,0,0,0,2,27,HOMBRE,ILESO,CONDUCTOR PRESENTE,NO,NO,0
7208,22239,22240,2017,1,0,-0.094518,-78.472933,PICHINCHA,QUITO,QUITO,URBANA,2017-10-09,14:10:00,14,LUNES,1,OCTUBRE,10,NO,"NO RESPETAR LAS SENIALES REGLAMENTARIAS DE TRANSITO. (PARE, CEDA EL PASO, LUZ ROJA DEL SEMAFORO, ETC).",CHOQUE LATERAL,VEHICULO DEPORTIVO UTILITARIO,0,0,0,0,0,0,0,0,1,0,0,0,1,2,35,HOMBRE,LESIONADO,CONDUCTOR PRESENTE,NO,NO,0
7209,22240,22241,2017,0,0,-0.204719,-78.502295,PICHINCHA,QUITO,QUITO,URBANA,2017-10-09,14:15:00,14,LUNES,1,OCTUBRE,10,NO,REALIZAR CAMBIO BRUSCO O INDEBIDO DE CARRIL.,ESTRELLAMIENTOS,VEHICULO DEPORTIVO UTILITARIO,0,0,0,0,0,0,0,0,0,1,0,0,1,2,28,HOMBRE,ILESO,CONDUCTOR PRESENTE,NO,NO,0
7210,22243,22244,2017,1,0,-0.106577,-78.499443,PICHINCHA,QUITO,QUITO,URBANA,2017-10-09,14:30:00,14,LUNES,1,OCTUBRE,10,NO,"NO RESPETAR LAS SENIALES REGLAMENTARIAS DE TRANSITO. (PARE, CEDA EL PASO, LUZ ROJA DEL SEMAFORO, ETC).",CHOQUE LATERAL,CAMIONETA,1,0,0,0,1,0,0,0,0,0,0,0,0,2,32,HOMBRE,LESIONADO,PASAJERO,NO,NO,0
7211,22244,22245,2017,0,0,-0.290965,-78.567131,PICHINCHA,QUITO,QUITO,URBANA,2017-10-09,15:00:00,15,LUNES,1,OCTUBRE,10,NO,NO CEDER EL DERECHO DE VIA O PREFERENCIA DE PASO A VEHICULOS.,CHOQUE LATERAL,MOTOCICLETA,0,0,0,1,0,0,0,0,1,0,0,0,0,2,22,HOMBRE,ILESO,CONDUCTOR PRESENTE,NO,NO,0
7212,22247,22248,2017,0,0,-0.191772,-78.497721,PICHINCHA,QUITO,QUITO,URBANA,2017-10-09,16:45:00,16,LUNES,1,OCTUBRE,10,NO,NO CEDER EL DERECHO DE VIA O PREFERENCIA DE PASO A VEHICULOS.,CHOQUE LATERAL,VEHICULO DEPORTIVO UTILITARIO,1,0,0,0,0,0,0,0,0,0,0,0,1,2,53,MUJER,ILESO,CONDUCTOR PRESENTE,NO,NO,0
7213,22250,22251,2017,0,0,-0.246862,-78.529497,PICHINCHA,QUITO,QUITO,URBANA,2017-10-09,17:15:00,17,LUNES,1,OCTUBRE,10,NO,NO MANTENER LA DISTANCIA PRUDENCIAL CON RESPECTO AL VEHICULO QUE LE ANTECEDE.,CHOQUE POSTERIOR,VEHICULO DEPORTIVO UTILITARIO,0,0,0,0,1,0,0,0,0,0,0,0,1,2,32,HOMBRE,ILESO,CONDUCTOR PRESENTE,NO,NO,0
7214,22251,22252,2017,1,0,0.024477,-78.628323,PICHINCHA,QUITO,NONO,Rural,2017-10-09,18:15:00,18,LUNES,1,OCTUBRE,10,NO,"CONDUCE BAJO LA INFLUENCIA DE ALCOHOL, SUSTANCIAS ESTUPEFACIENTES O PSICOTROPICAS Y/O MEDICAMENTOS.",CHOQUE FRONTAL,VEHICULO DEPORTIVO UTILITARIO,0,0,0,0,0,0,0,0,1,0,0,0,1,2,27,MUJER,LESIONADO,PASAJERO,NO,NO,0
7215,22254,22255,2017,0,0,-0.064378,-78.373045,PICHINCHA,QUITO,GUAYLLABAMBA,Rural,2017-10-09,20:15:00,20,LUNES,1,OCTUBRE,10,NO,"CONDUCIR DESATENTO A LAS CONDICIONES DE TRANSITO (CELULAR, PANTALLAS DE VIDEO, COMIDA, MAQUILLAJE O CUALQUIER OTRO ELEMENTO DISTRACTOR).",ESTRELLAMIENTOS,AUTOMOVIL,1,0,0,0,0,0,0,0,0,0,0,0,0,1,22,HOMBRE,ILESO,CONDUCTOR PRESENTE,NO,NO,0
7216,22258,22259,2017,0,0,-0.238306,-78.529597,PICHINCHA,QUITO,QUITO,URBANA,2017-10-09,22:15:00,22,LUNES,1,OCTUBRE,10,NO,"CONDUCE BAJO LA INFLUENCIA DE ALCOHOL, SUSTANCIAS ESTUPEFACIENTES O PSICOTROPICAS Y/O MEDICAMENTOS.",COLISION,AUTOMOVIL,4,0,0,0,0,0,0,0,0,0,0,0,0,4,17,HOMBRE,ILESO,CONDUCTOR PRESENTE,NO,NO,0
7217,22280,22281,2017,0,0,-0.245278,-78.498167,PICHINCHA,QUITO,QUITO,URBANA,2017-10-10,06:20:00,6,MARTES,2,OCTUBRE,10,NO,"CONDUCIR DESATENTO A LAS CONDICIONES DE TRANSITO (CELULAR, PANTALLAS DE VIDEO, COMIDA, MAQUILLAJE O CUALQUIER OTRO ELEMENTO DISTRACTOR).",COLISION,AUTOMOVIL,3,0,0,0,0,0,0,0,0,0,0,0,0,3,37,HOMBRE,ILESO,CONDUCTOR PRESENTE,NO,NO,0
7218,22281,22282,2017,1,0,-0.212824,-78.402696,PICHINCHA,QUITO,TUMBACO,Rural,2017-10-10,06:20:00,6,MARTES,2,OCTUBRE,10,NO,"NO RESPETAR LAS SENIALES REGLAMENTARIAS DE TRANSITO. (PARE, CEDA EL PASO, LUZ ROJA DEL SEMAFORO, ETC).",CHOQUE LATERAL,BICICLETA,0,1,0,0,0,0,0,0,0,1,0,0,0,2,20,HOMBRE,LESIONADO,CONDUCTOR PRESENTE,NO,NO,0
7219,22282,22283,2017,0,0,-0.091585,-78.439052,PICHINCHA,QUITO,CALDERON (CARAPUNGO),Rural,2017-10-10,07:00:00,7,MARTES,2,OCTUBRE,10,NO,"NO RESPETAR LAS SENIALES REGLAMENTARIAS DE TRANSITO. (PARE, CEDA EL PASO, LUZ ROJA DEL SEMAFORO, ETC).",CHOQUE LATERAL,AUTOMOVIL,2,0,0,0,0,0,0,0,0,0,0,0,0,2,35,HOMBRE,ILESO,CONDUCTOR PRESENTE,NO,NO,0
7220,22288,22289,2017,0,0,-0.245278,-78.498167,PICHINCHA,QUITO,QUITO,URBANA,2017-10-10,07:55:00,7,MARTES,2,OCTUBRE,10,NO,CONDUCIR VEHICULO SUPERANDO LOS LIMITES MAXIMOS DE VELOCIDAD.,PERDIDA DE PISTA,AUTOMOVIL,1,0,0,0,0,0,0,0,0,0,0,0,0,1,68,HOMBRE,ILESO,CONDUCTOR PRESENTE,NO,NO,0
7221,22289,22290,2017,0,0,-0.089137,-78.428043,PICHINCHA,QUITO,CALDERON (CARAPUNGO),Rural,2017-10-10,08:00:00,8,MARTES,2,OCTUBRE,10,NO,"NO RESPETAR LAS SENIALES REGLAMENTARIAS DE TRANSITO. (PARE, CEDA EL PASO, LUZ ROJA DEL SEMAFORO, ETC).",CHOQUE LATERAL,VEHICULO DEPORTIVO UTILITARIO,0,0,0,0,1,0,0,0,0,0,0,0,1,2,36,MUJER,ILESO,CONDUCTOR PRESENTE,NO,NO,0
7222,22290,22291,2017,0,0,-0.107388,-78.297514,PICHINCHA,QUITO,EL QUINCHE,Rural,2017-10-10,08:10:00,8,MARTES,2,OCTUBRE,10,NO,"ADELANTAR O REBASAR A OTRO VEHICULO EN MOVIMIENTO EN ZONAS O SITIOS PELIGROSOS TALES COMO: CURVAS, PUENTES, TUNELES, PENDIENTES, ETC.",CHOQUE FRONTAL,AUTOMOVIL,2,0,0,0,0,0,0,0,0,0,0,0,0,2,45,HOMBRE,ILESO,CONDUCTOR PRESENTE,NO,NO,0
7223,22291,22292,2017,0,0,-0.142041,-78.443217,PICHINCHA,QUITO,LLANO CHICO,Rural,2017-10-10,08:20:00,8,MARTES,2,OCTUBRE,10,NO,NO CEDER EL DERECHO DE VIA O PREFERENCIA DE PASO A VEHICULOS.,COLISION,AUTOMOVIL,3,0,0,0,0,0,0,0,0,0,0,0,0,3,27,HOMBRE,ILESO,CONDUCTOR PRESENTE,NO,NO,0
7224,22294,22295,2017,0,1,-0.105401,-78.475676,PICHINCHA,QUITO,QUITO,URBANA,2017-10-10,08:40:00,8,MARTES,2,OCTUBRE,10,NO,NO TRANSITAR POR LAS ACERAS O ZONAS DE SEGURIDAD DESTINADAS PARA EL EFECTO.,ATROPELLOS,AUTOMOVIL,1,0,0,0,0,0,0,0,0,0,0,0,0,1,71,HOMBRE,FALLECIDO,PEATON,NO,NO,0
7225,22300,22301,2017,0,0,-0.169103,-78.485188,PICHINCHA,QUITO,QUITO,URBANA,2017-10-10,10:20:00,10,MARTES,2,OCTUBRE,10,NO,"CONDUCIR DESATENTO A LAS CONDICIONES DE TRANSITO (CELULAR, PANTALLAS DE VIDEO, COMIDA, MAQUILLAJE O CUALQUIER OTRO ELEMENTO DISTRACTOR).",CHOQUE POSTERIOR,VEHICULO DEPORTIVO UTILITARIO,0,0,0,0,0,0,0,0,0,1,0,0,1,2,44,MUJER,ILESO,CONDUCTOR PRESENTE,NO,NO,0
7226,22301,22302,2017,2,0,-0.204406,-78.500442,PICHINCHA,QUITO,QUITO,URBANA,2017-10-10,10:21:00,10,MARTES,2,OCTUBRE,10,NO,BAJARSE O SUBIRSE DE VEHICULOS EN MOVIMIENTO SIN TOMAR LAS PRECAUCIONES DEBIDAS.,CAIDA DE PASAJERO,BUS,0,0,1,0,0,0,0,0,0,0,0,0,0,1,20,MUJER,LESIONADO,PASAJERO,NO,NO,0
7227,22302,22303,2017,1,0,-0.176062,-78.483762,PICHINCHA,QUITO,QUITO,URBANA,2017-10-10,10:30:00,10,MARTES,2,OCTUBRE,10,NO,NO CEDER EL DERECHO DE VIA O PREFERENCIA DE PASO AL PEATON.,ATROPELLOS,BUS,0,0,1,0,0,0,0,0,0,0,0,0,0,1,53,HOMBRE,LESIONADO,PEATON,NO,NO,0
7228,22306,22307,2017,0,0,-0.091585,-78.439052,PICHINCHA,QUITO,CALDERON (CARAPUNGO),Rural,2017-10-10,12:20:00,12,MARTES,2,OCTUBRE,10,NO,NO GUARDAR LA DISTANCIA LATERAL MINIMA DE SEGURIDAD ENTRE VEHICULOS.,ROZAMIENTOS,AUTOMOVIL,2,0,0,0,0,0,0,0,0,0,0,0,0,2,50,HOMBRE,ILESO,CONDUCTOR PRESENTE,NO,NO,0
7229,22308,22309,2017,1,0,-0.286451,-78.537724,PICHINCHA,QUITO,QUITO,URBANA,2017-10-10,12:40:00,12,MARTES,2,OCTUBRE,10,NO,NO CEDER EL DERECHO DE VIA O PREFERENCIA DE PASO AL PEATON.,ATROPELLOS,VEHICULO DEPORTIVO UTILITARIO,0,0,0,0,0,0,0,0,0,0,0,0,1,1,79,HOMBRE,LESIONADO,PEATON,NO,NO,0
7230,22309,22310,2017,0,0,-0.176588,-78.480976,PICHINCHA,QUITO,QUITO,URBANA,2017-10-10,12:40:00,12,MARTES,2,OCTUBRE,10,NO,NO GUARDAR LA DISTANCIA LATERAL MINIMA DE SEGURIDAD ENTRE VEHICULOS.,ROZAMIENTOS,BUS,1,0,1,0,0,0,0,0,0,0,0,0,0,2,39,HOMBRE,ILESO,CONDUCTOR PRESENTE,NO,NO,0
7231,22317,22318,2017,0,0,-0.188521,-78.448241,PICHINCHA,QUITO,NAYON,Rural,2017-10-10,14:20:00,14,MARTES,2,OCTUBRE,10,NO,"CONDUCE BAJO LA INFLUENCIA DE ALCOHOL, SUSTANCIAS ESTUPEFACIENTES O PSICOTROPICAS Y/O MEDICAMENTOS.",CHOQUE FRONTAL,AUTOMOVIL,1,0,0,0,1,0,0,0,0,0,0,0,2,4,27,HOMBRE,ILESO,CONDUCTOR PRESENTE,NO,NO,0
7232,22318,22319,2017,0,0,-0.242463,-78.482784,PICHINCHA,QUITO,QUITO,Rural,2017-10-10,14:20:00,14,MARTES,2,OCTUBRE,10,NO,CONDUCIR VEHICULO SUPERANDO LOS LIMITES MAXIMOS DE VELOCIDAD.,VOLCAMIENTOS,AUTOMOVIL,1,0,0,0,0,0,0,0,0,0,0,0,0,1,-1,NO IDENTIFICADO,NO IDENTIFICADO,CONDUCTOR AUSENTE,NO,NO,2
7233,22321,22322,2017,0,0,-0.202618,-78.501253,PICHINCHA,QUITO,QUITO,URBANA,2017-10-10,15:20:00,15,MARTES,2,OCTUBRE,10,NO,"NO RESPETAR LAS SENIALES REGLAMENTARIAS DE TRANSITO. (PARE, CEDA EL PASO, LUZ ROJA DEL SEMAFORO, ETC).",CHOQUE LATERAL,AUTOMOVIL,2,0,0,0,0,0,0,0,0,0,0,0,0,2,85,MUJER,ILESO,CONDUCTOR PRESENTE,NO,NO,0
7234,22322,22323,2017,0,0,-0.215733,-78.495266,PICHINCHA,QUITO,QUITO,URBANA,2017-10-10,15:35:00,15,MARTES,2,OCTUBRE,10,NO,REALIZAR CAMBIO BRUSCO O INDEBIDO DE CARRIL.,ESTRELLAMIENTOS,NO IDENTIFICADO,0,0,0,0,0,0,0,0,0,1,0,0,0,1,-1,NO IDENTIFICADO,NO IDENTIFICADO,CONDUCTOR AUSENTE,NO,NO,2
7235,22324,22325,2017,1,0,-0.282438,-78.543773,PICHINCHA,QUITO,QUITO,URBANA,2017-10-10,15:50:00,15,MARTES,2,OCTUBRE,10,NO,"CONDUCIR DESATENTO A LAS CONDICIONES DE TRANSITO (CELULAR, PANTALLAS DE VIDEO, COMIDA, MAQUILLAJE O CUALQUIER OTRO ELEMENTO DISTRACTOR).",CHOQUE POSTERIOR,NO IDENTIFICADO,0,0,0,0,0,0,0,0,0,1,0,0,0,1,23,MUJER,LESIONADO,PEATON,NO,NO,0
7236,22325,22326,2017,0,0,-0.128678,-78.471107,PICHINCHA,QUITO,QUITO,URBANA,2017-10-10,15:50:00,15,MARTES,2,OCTUBRE,10,NO,"CONDUCE BAJO LA INFLUENCIA DE ALCOHOL, SUSTANCIAS ESTUPEFACIENTES O PSICOTROPICAS Y/O MEDICAMENTOS.",CHOQUE POSTERIOR,CAMION,0,0,0,1,0,0,0,0,1,0,0,0,0,2,40,HOMBRE,ILESO,CONDUCTOR PRESENTE,NO,NO,0
7237,22326,22327,2017,1,0,-0.165846,-78.324021,PICHINCHA,QUITO,YARUQUI,Rural,2017-10-10,15:50:00,15,MARTES,2,OCTUBRE,10,NO,NO CEDER EL DERECHO DE VIA O PREFERENCIA DE PASO AL PEATON.,ATROPELLOS,CAMION,1,0,0,1,0,0,0,0,0,0,0,0,0,2,45,MUJER,LESIONADO,CONDUCTOR PRESENTE,NO,NO,0
7238,22331,22332,2017,1,0,-0.197808,-78.439037,PICHINCHA,QUITO,CUMBAYA,Rural,2017-10-10,18:30:00,18,MARTES,2,OCTUBRE,10,NO,CONDUCIR VEHICULO SUPERANDO LOS LIMITES MAXIMOS DE VELOCIDAD.,ESTRELLAMIENTOS,CAMION,0,0,0,1,0,0,0,0,0,0,0,0,0,1,26,MUJER,LESIONADO,PEATON,NO,NO,0
7239,22334,22335,2017,0,0,-0.221216,-78.522799,PICHINCHA,QUITO,QUITO,URBANA,2017-10-10,18:35:00,18,MARTES,2,OCTUBRE,10,NO,"NO RESPETAR LAS SENIALES REGLAMENTARIAS DE TRANSITO. (PARE, CEDA EL PASO, LUZ ROJA DEL SEMAFORO, ETC).",CHOQUE LATERAL,AUTOMOVIL,1,0,1,0,0,0,0,0,0,0,0,0,0,2,29,HOMBRE,ILESO,CONDUCTOR PRESENTE,NO,NO,0
7240,22338,22339,2017,0,0,-0.175517,-78.488397,PICHINCHA,QUITO,QUITO,URBANA,2017-10-10,19:30:00,19,MARTES,2,OCTUBRE,10,NO,"CONDUCIR DESATENTO A LAS CONDICIONES DE TRANSITO (CELULAR, PANTALLAS DE VIDEO, COMIDA, MAQUILLAJE O CUALQUIER OTRO ELEMENTO DISTRACTOR).",CHOQUE POSTERIOR,AUTOMOVIL,2,0,0,0,0,0,0,0,0,0,0,0,0,2,0,NO IDENTIFICADO,NO IDENTIFICADO,CONDUCTOR AUSENTE,NO,NO,2
7241,22340,22341,2017,0,0,-0.175517,-78.488397,PICHINCHA,QUITO,QUITO,URBANA,2017-10-10,19:34:00,19,MARTES,2,OCTUBRE,10,NO,"CONDUCE BAJO LA INFLUENCIA DE ALCOHOL, SUSTANCIAS ESTUPEFACIENTES O PSICOTROPICAS Y/O MEDICAMENTOS.",CHOQUE POSTERIOR,AUTOMOVIL,2,0,0,0,0,0,0,0,0,0,0,0,0,2,39,HOMBRE,ILESO,CONDUCTOR PRESENTE,NO,NO,0
7242,22341,22342,2017,0,0,-0.175066,-78.488276,PICHINCHA,QUITO,QUITO,URBANA,2017-10-10,20:10:00,20,MARTES,2,OCTUBRE,10,NO,NO CEDER EL DERECHO DE VIA O PREFERENCIA DE PASO A VEHICULOS.,CHOQUE LATERAL,BUS,1,0,1,0,0,0,0,0,0,0,0,0,0,2,67,HOMBRE,ILESO,CONDUCTOR PRESENTE,NO,NO,0
7243,22342,22343,2017,0,0,-0.254238,-78.536066,PICHINCHA,QUITO,QUITO,URBANA,2017-10-10,20:30:00,20,MARTES,2,OCTUBRE,10,NO,NO MANTENER LA DISTANCIA PRUDENCIAL CON RESPECTO AL VEHICULO QUE LE ANTECEDE.,CHOQUE POSTERIOR,VEHICULO DEPORTIVO UTILITARIO,0,0,0,0,0,0,0,0,0,1,0,0,1,2,45,HOMBRE,ILESO,CONDUCTOR PRESENTE,NO,NO,0
7244,22343,22344,2017,0,0,-0.214483,-78.499615,PICHINCHA,QUITO,QUITO,URBANA,2017-10-10,21:30:00,21,MARTES,2,OCTUBRE,10,NO,"NO RESPETAR LAS SENIALES REGLAMENTARIAS DE TRANSITO. (PARE, CEDA EL PASO, LUZ ROJA DEL SEMAFORO, ETC).",CHOQUE LATERAL,AUTOMOVIL,2,0,0,0,0,0,0,0,0,0,0,0,0,2,27,HOMBRE,ILESO,CONDUCTOR PRESENTE,NO,NO,0
7245,22344,22345,2017,0,0,-0.286361,-78.537185,PICHINCHA,QUITO,QUITO,URBANA,2017-10-10,21:50:00,21,MARTES,2,OCTUBRE,10,NO,NO GUARDAR LA DISTANCIA LATERAL MINIMA DE SEGURIDAD ENTRE VEHICULOS.,ROZAMIENTOS,MOTOCICLETA,0,0,0,0,0,0,0,0,1,1,0,0,0,2,21,HOMBRE,ILESO,CONDUCTOR PRESENTE,NO,NO,0
7246,22348,22349,2017,1,0,-0.134574,-78.478047,PICHINCHA,QUITO,QUITO,URBANA,2017-10-10,22:30:00,22,MARTES,2,OCTUBRE,10,NO,"CONDUCE BAJO LA INFLUENCIA DE ALCOHOL, SUSTANCIAS ESTUPEFACIENTES O PSICOTROPICAS Y/O MEDICAMENTOS.",PERDIDA DE PISTA,NO IDENTIFICADO,0,0,0,0,0,0,0,0,0,1,0,0,0,1,32,HOMBRE,LESIONADO,CONDUCTOR PRESENTE,NO,NO,0
7247,22349,22350,2017,0,0,-0.308121,-78.544687,PICHINCHA,QUITO,QUITO,URBANA,2017-10-10,23:00:00,23,MARTES,2,OCTUBRE,10,NO,"NO RESPETAR LAS SENIALES REGLAMENTARIAS DE TRANSITO. (PARE, CEDA EL PASO, LUZ ROJA DEL SEMAFORO, ETC).",CHOQUE LATERAL,AUTOMOVIL,1,0,1,0,0,0,0,0,0,0,0,0,0,2,25,HOMBRE,ILESO,CONDUCTOR PRESENTE,NO,NO,0
7248,22350,22351,2017,0,0,-0.129427,-78.476427,PICHINCHA,QUITO,QUITO,URBANA,2017-10-10,23:40:00,23,MARTES,2,OCTUBRE,10,NO,"NO RESPETAR LAS SENIALES REGLAMENTARIAS DE TRANSITO. (PARE, CEDA EL PASO, LUZ ROJA DEL SEMAFORO, ETC).",CHOQUE LATERAL,AUTOMOVIL,1,0,0,0,1,0,0,0,0,0,0,0,0,2,33,HOMBRE,ILESO,CONDUCTOR PRESENTE,NO,NO,0
7249,22368,22369,2017,1,0,-0.157092,-78.466351,PICHINCHA,QUITO,QUITO,URBANA,2017-10-11,00:30:00,0,MIERCOLES,3,OCTUBRE,10,NO,NO TRANSITAR POR LAS ACERAS O ZONAS DE SEGURIDAD DESTINADAS PARA EL EFECTO.,ATROPELLOS,AUTOMOVIL,1,0,0,0,0,0,0,0,0,0,0,0,0,1,19,MUJER,LESIONADO,PEATON,NO,NO,0
7250,22370,22371,2017,0,0,-0.131633,-78.498802,PICHINCHA,QUITO,QUITO,URBANA,2017-10-11,07:15:00,7,MIERCOLES,3,OCTUBRE,10,NO,"NO RESPETAR LAS SENIALES REGLAMENTARIAS DE TRANSITO. (PARE, CEDA EL PASO, LUZ ROJA DEL SEMAFORO, ETC).",CHOQUE LATERAL,VEHICULO DEPORTIVO UTILITARIO,1,0,0,0,0,0,0,0,0,0,0,0,1,2,46,MUJER,ILESO,CONDUCTOR PRESENTE,NO,NO,0
7251,22371,22372,2017,0,0,-0.108522,-78.454015,PICHINCHA,QUITO,CALDERON (CARAPUNGO),Rural,2017-10-11,08:00:00,8,MIERCOLES,3,OCTUBRE,10,NO,NO GUARDAR LA DISTANCIA LATERAL MINIMA DE SEGURIDAD ENTRE VEHICULOS.,ROZAMIENTOS,BUS,0,0,2,0,0,0,0,0,0,0,0,0,0,2,28,HOMBRE,ILESO,CONDUCTOR PRESENTE,NO,NO,0
7252,22372,22373,2017,0,0,-0.240588,-78.512631,PICHINCHA,QUITO,QUITO,URBANA,2017-10-11,08:05:00,8,MIERCOLES,3,OCTUBRE,10,NO,"CONDUCIR DESATENTO A LAS CONDICIONES DE TRANSITO (CELULAR, PANTALLAS DE VIDEO, COMIDA, MAQUILLAJE O CUALQUIER OTRO ELEMENTO DISTRACTOR).",ESTRELLAMIENTOS,CAMIONETA,0,0,0,0,1,0,0,0,0,0,0,0,0,1,35,HOMBRE,ILESO,CONDUCTOR PRESENTE,NO,NO,0
7253,22376,22377,2017,0,0,-0.160916,-78.476616,PICHINCHA,QUITO,QUITO,URBANA,2017-10-11,09:45:00,9,MIERCOLES,3,OCTUBRE,10,NO,"NO RESPETAR LAS SENIALES REGLAMENTARIAS DE TRANSITO. (PARE, CEDA EL PASO, LUZ ROJA DEL SEMAFORO, ETC).",CHOQUE LATERAL,FURGONETA,0,0,0,0,0,0,0,1,0,1,0,0,0,2,32,HOMBRE,ILESO,CONDUCTOR PRESENTE,NO,NO,0
7254,22377,22378,2017,0,0,-0.206005,-78.500591,PICHINCHA,QUITO,QUITO,URBANA,2017-10-11,10:40:00,10,MIERCOLES,3,OCTUBRE,10,NO,"NO RESPETAR LAS SENIALES REGLAMENTARIAS DE TRANSITO. (PARE, CEDA EL PASO, LUZ ROJA DEL SEMAFORO, ETC).",CHOQUE LATERAL,AUTOMOVIL,1,0,0,0,0,0,0,0,0,1,0,0,0,2,29,MUJER,ILESO,CONDUCTOR PRESENTE,NO,NO,0
7255,22378,22379,2017,1,0,-0.127347,-78.498001,PICHINCHA,QUITO,QUITO,URBANA,2017-10-11,12:06:00,12,MIERCOLES,3,OCTUBRE,10,NO,NO CEDER EL DERECHO DE VIA O PREFERENCIA DE PASO AL PEATON.,ATROPELLOS,NO IDENTIFICADO,0,0,0,0,0,0,0,0,0,1,0,0,0,1,17,HOMBRE,LESIONADO,PEATON,NO,NO,0
7256,22380,22381,2017,1,0,-0.113342,-78.432464,PICHINCHA,QUITO,CALDERON (CARAPUNGO),Rural,2017-10-11,12:30:00,12,MIERCOLES,3,OCTUBRE,10,NO,"NO RESPETAR LAS SENIALES REGLAMENTARIAS DE TRANSITO. (PARE, CEDA EL PASO, LUZ ROJA DEL SEMAFORO, ETC).",CHOQUE LATERAL,MOTOCICLETA,0,0,0,0,0,0,0,0,1,1,0,0,0,2,22,HOMBRE,LESIONADO,CONDUCTOR PRESENTE,NO,NO,0
7257,22383,22384,2017,5,0,-0.121426,-78.484793,PICHINCHA,QUITO,QUITO,URBANA,2017-10-11,13:30:00,13,MIERCOLES,3,OCTUBRE,10,NO,REALIZAR CAMBIO BRUSCO O INDEBIDO DE CARRIL.,CHOQUE FRONTAL,CAMIONETA,0,0,0,1,1,0,0,0,0,1,0,0,0,3,35,HOMBRE,LESIONADO,CONDUCTOR PRESENTE,NO,NO,0
7258,22385,22386,2017,1,0,-0.253473,-78.517521,PICHINCHA,QUITO,QUITO,URBANA,2017-10-11,13:35:00,13,MIERCOLES,3,OCTUBRE,10,NO,BAJARSE O SUBIRSE DE VEHICULOS EN MOVIMIENTO SIN TOMAR LAS PRECAUCIONES DEBIDAS.,CAIDA DE PASAJERO,NO IDENTIFICADO,0,0,0,0,0,0,0,0,0,1,0,0,0,1,18,HOMBRE,LESIONADO,PASAJERO,NO,NO,0
7259,22388,22389,2017,0,0,-0.203423,-78.483064,PICHINCHA,QUITO,QUITO,URBANA,2017-10-11,16:00:00,16,MIERCOLES,3,OCTUBRE,10,NO,"NO RESPETAR LAS SENIALES REGLAMENTARIAS DE TRANSITO. (PARE, CEDA EL PASO, LUZ ROJA DEL SEMAFORO, ETC).",CHOQUE LATERAL,VEHICULO DEPORTIVO UTILITARIO,1,0,0,0,0,0,0,0,0,0,0,0,1,2,66,HOMBRE,ILESO,CONDUCTOR PRESENTE,NO,NO,0
7260,22389,22390,2017,0,0,-0.205831,-78.482701,PICHINCHA,QUITO,QUITO,URBANA,2017-10-11,16:15:00,16,MIERCOLES,3,OCTUBRE,10,NO,NO GUARDAR LA DISTANCIA LATERAL MINIMA DE SEGURIDAD ENTRE VEHICULOS.,ROZAMIENTOS,VEHICULO DEPORTIVO UTILITARIO,0,0,0,0,0,0,0,0,0,1,0,0,1,2,59,MUJER,ILESO,CONDUCTOR PRESENTE,NO,NO,0
7261,22392,22393,2017,0,0,-0.100649,-78.472001,PICHINCHA,QUITO,QUITO,URBANA,2017-10-11,17:00:00,17,MIERCOLES,3,OCTUBRE,10,NO,"CONDUCIR DESATENTO A LAS CONDICIONES DE TRANSITO (CELULAR, PANTALLAS DE VIDEO, COMIDA, MAQUILLAJE O CUALQUIER OTRO ELEMENTO DISTRACTOR).",ESTRELLAMIENTOS,VEHICULO DEPORTIVO UTILITARIO,0,0,0,0,0,0,0,0,0,0,0,0,1,1,38,HOMBRE,ILESO,CONDUCTOR PRESENTE,NO,NO,0