,Unnamed: 0,ID,ANIO,LESIONADOS,FALLECIDOS,LATITUD_Y,LONGITUD_X,PROVINCIA,CANTON,PARROQUIA,ZONA,FECHA,HORA,PERIODO_2,DIA_1,DIA_2,MES_1,MES_2,FERIADO,CAUSA_PROBABLE,TIPO_DE_SINIESTRO,TIPO_DE_VEHICULO_1,AUTOMOVIL,BICICLETA,BUS,CAMION,CAMIONETA,EMERGENCIAS,ESPECIAL,FURGONETA,MOTOCICLETA,NO_IDENTIFICADO,SCOOTER_ELECTRICO,TRICIMOTO,VEHICULO_DEPORTIVO_UTILITARIO,SUMA_DE_VEHICULOS,EDAD_1,SEXO_1,CONDICION_1,PARTICIPANTE_1,CASCO_1,CINTURON_1,KMeans_Cluster
7262,22393,22394,2017,1,0,-0.517431,-78.576537,PICHINCHA,MEJIA,ALOASI,Rural,2017-10-11,17:15:00,17,MIERCOLES,3,OCTUBRE,10,NO,NO MANTENER LA DISTANCIA PRUDENCIAL CON RESPECTO AL VEHICULO QUE LE ANTECEDE.,ATROPELLOS,CAMION,0,0,0,1,0,0,0,0,0,0,0,0,0,1,77,MUJER,LESIONADO,PEATON,NO,NO,0
7263,22394,22395,2017,0,0,-0.181813,-78.480455,PICHINCHA,QUITO,QUITO,URBANA,2017-10-11,17:40:00,17,MIERCOLES,3,OCTUBRE,10,NO,NO MANTENER LA DISTANCIA PRUDENCIAL CON RESPECTO AL VEHICULO QUE LE ANTECEDE.,CHOQUE POSTERIOR,AUTOMOVIL,1,0,0,0,0,0,0,0,0,1,0,0,0,2,31,HOMBRE,ILESO,CONDUCTOR PRESENTE,NO,NO,0
7264,22395,22396,2017,0,0,-0.203731,-78.494856,PICHINCHA,QUITO,QUITO,URBANA,2017-10-11,18:15:00,18,MIERCOLES,3,OCTUBRE,10,NO,"NO RESPETAR LAS SENIALES REGLAMENTARIAS DE TRANSITO. (PARE, CEDA EL PASO, LUZ ROJA DEL SEMAFORO, ETC).",CHOQUE LATERAL,MOTOCICLETA,1,0,0,0,0,0,0,0,1,0,0,0,0,2,26,HOMBRE,ILESO,CONDUCTOR PRESENTE,NO,NO,0
7265,22400,22401,2017,0,0,-0.273789,-78.538551,PICHINCHA,QUITO,QUITO,URBANA,2017-10-11,19:00:00,19,MIERCOLES,3,OCTUBRE,10,NO,REALIZAR CAMBIO BRUSCO O INDEBIDO DE CARRIL.,ESTRELLAMIENTOS,VEHICULO DEPORTIVO UTILITARIO,0,0,0,0,0,0,0,0,0,1,0,0,1,2,38,HOMBRE,ILESO,CONDUCTOR PRESENTE,NO,NO,0
7266,22403,22404,2017,13,0,-0.320085,-78.374635,PICHINCHA,QUITO,LA MERCED,URBANA,2017-10-11,19:47:00,19,MIERCOLES,3,OCTUBRE,10,NO,CONDUCIR VEHICULO SUPERANDO LOS LIMITES MAXIMOS DE VELOCIDAD.,PERDIDA DE PISTA,VEHICULO DEPORTIVO UTILITARIO,0,0,0,0,0,0,0,0,0,0,0,0,1,1,35,HOMBRE,LESIONADO,PASAJERO,NO,NO,0
7267,22419,22420,2017,0,0,-0.203054,-78.487289,PICHINCHA,QUITO,QUITO,URBANA,2017-10-12,05:40:00,5,JUEVES,4,OCTUBRE,10,NO,"NO RESPETAR LAS SENIALES REGLAMENTARIAS DE TRANSITO. (PARE, CEDA EL PASO, LUZ ROJA DEL SEMAFORO, ETC).",CHOQUE LATERAL,AUTOMOVIL,1,0,1,0,0,0,0,0,0,0,0,0,0,2,43,HOMBRE,ILESO,CONDUCTOR PRESENTE,NO,NO,0
7268,22421,22422,2017,1,0,-0.177222,-78.487279,PICHINCHA,QUITO,QUITO,URBANA,2017-10-12,06:50:00,6,JUEVES,4,OCTUBRE,10,NO,NO CEDER EL DERECHO DE VIA O PREFERENCIA DE PASO A VEHICULOS.,CHOQUE LATERAL,AUTOMOVIL,2,0,0,0,0,0,0,0,0,0,0,0,0,2,63,MUJER,LESIONADO,CONDUCTOR PRESENTE,NO,NO,0
7269,22422,22423,2017,0,0,-0.247363,-78.535263,PICHINCHA,QUITO,QUITO,URBANA,2017-10-12,06:50:00,6,JUEVES,4,OCTUBRE,10,NO,"CONDUCE BAJO LA INFLUENCIA DE ALCOHOL, SUSTANCIAS ESTUPEFACIENTES O PSICOTROPICAS Y/O MEDICAMENTOS.",ESTRELLAMIENTOS,AUTOMOVIL,1,0,0,0,0,0,0,0,0,0,0,0,0,1,39,HOMBRE,ILESO,CONDUCTOR PRESENTE,NO,NO,0
7270,22423,22424,2017,1,0,-0.214292,-78.516414,PICHINCHA,QUITO,QUITO,URBANA,2017-10-12,07:00:00,7,JUEVES,4,OCTUBRE,10,NO,NO TRANSITAR POR LAS ACERAS O ZONAS DE SEGURIDAD DESTINADAS PARA EL EFECTO.,ATROPELLOS,CAMION,0,0,0,2,1,0,0,0,0,0,0,0,0,3,33,MUJER,LESIONADO,PASAJERO,NO,NO,0
7271,22430,22431,2017,0,0,-0.241145,-78.527719,PICHINCHA,QUITO,QUITO,URBANA,2017-10-12,08:25:00,8,JUEVES,4,OCTUBRE,10,NO,"NO RESPETAR LAS SENIALES REGLAMENTARIAS DE TRANSITO. (PARE, CEDA EL PASO, LUZ ROJA DEL SEMAFORO, ETC).",CHOQUE LATERAL,AUTOMOVIL,1,0,0,0,0,0,0,0,0,0,0,0,0,1,-1,HOMBRE,ILESO,CONDUCTOR PRESENTE,NO,NO,0
7272,22432,22433,2017,1,0,-0.175018,-78.501217,PICHINCHA,QUITO,QUITO,URBANA,2017-10-12,10:00:00,10,JUEVES,4,OCTUBRE,10,NO,NO CEDER EL DERECHO DE VIA O PREFERENCIA DE PASO A VEHICULOS.,CHOQUE LATERAL,NO IDENTIFICADO,0,0,0,0,0,0,0,0,0,2,0,0,0,2,28,MUJER,LESIONADO,CONDUCTOR PRESENTE,NO,NO,0
7273,22435,22436,2017,1,0,-0.294683,-78.520108,PICHINCHA,QUITO,QUITO,URBANA,2017-10-12,10:40:00,10,JUEVES,4,OCTUBRE,10,NO,NO TRANSITAR POR LAS ACERAS O ZONAS DE SEGURIDAD DESTINADAS PARA EL EFECTO.,ATROPELLOS,NO IDENTIFICADO,0,0,0,0,0,0,0,0,0,1,0,0,0,1,39,HOMBRE,LESIONADO,PEATON,NO,NO,0
7274,22437,22438,2017,1,0,-0.206301,-78.428633,PICHINCHA,QUITO,CUMBAYA,URBANA,2017-10-12,12:00:00,12,JUEVES,4,OCTUBRE,10,NO,NO CEDER EL DERECHO DE VIA O PREFERENCIA DE PASO AL PEATON.,ATROPELLOS,NO IDENTIFICADO,0,0,0,0,0,0,0,0,0,1,0,0,0,1,78,HOMBRE,LESIONADO,PEATON,NO,NO,0
7275,22438,22439,2017,1,0,-0.140684,-78.472301,PICHINCHA,QUITO,QUITO,URBANA,2017-10-12,12:30:00,12,JUEVES,4,OCTUBRE,10,NO,NO CEDER EL DERECHO DE VIA O PREFERENCIA DE PASO AL PEATON.,ATROPELLOS,CAMIONETA,0,0,0,0,1,0,0,0,0,0,0,0,0,1,61,MUJER,LESIONADO,PEATON,NO,NO,0
7276,22440,22441,2017,0,0,-0.179838,-78.474214,PICHINCHA,QUITO,QUITO,URBANA,2017-10-12,12:40:00,12,JUEVES,4,OCTUBRE,10,NO,NO GUARDAR LA DISTANCIA LATERAL MINIMA DE SEGURIDAD ENTRE VEHICULOS.,ROZAMIENTOS,AUTOMOVIL,1,0,0,0,0,0,0,1,0,0,0,0,0,2,34,HOMBRE,ILESO,CONDUCTOR PRESENTE,NO,NO,0
7277,22442,22443,2017,1,0,-0.174396,-78.492957,PICHINCHA,QUITO,QUITO,URBANA,2017-10-12,13:40:00,13,JUEVES,4,OCTUBRE,10,NO,NO CEDER EL DERECHO DE VIA O PREFERENCIA DE PASO AL PEATON.,ATROPELLOS,NO IDENTIFICADO,0,0,0,0,0,0,0,0,0,1,0,0,0,1,18,MUJER,LESIONADO,PEATON,NO,NO,0
7278,22447,22448,2017,1,0,-0.181608,-78.486687,PICHINCHA,QUITO,QUITO,URBANA,2017-10-12,15:05:00,15,JUEVES,4,OCTUBRE,10,NO,"CONDUCIR DESATENTO A LAS CONDICIONES DE TRANSITO (CELULAR, PANTALLAS DE VIDEO, COMIDA, MAQUILLAJE O CUALQUIER OTRO ELEMENTO DISTRACTOR).",ESTRELLAMIENTOS,BICICLETA,0,1,0,0,0,0,0,0,0,0,0,0,0,1,37,HOMBRE,LESIONADO,CONDUCTOR PRESENTE,NO,NO,0
7279,22452,22453,2017,0,0,-0.092038,-78.454701,PICHINCHA,QUITO,CALDERON (CARAPUNGO),URBANA,2017-10-12,16:31:00,16,JUEVES,4,OCTUBRE,10,NO,"CONDUCE BAJO LA INFLUENCIA DE ALCOHOL, SUSTANCIAS ESTUPEFACIENTES O PSICOTROPICAS Y/O MEDICAMENTOS.",CHOQUE FRONTAL,ESPECIAL,1,0,0,0,0,0,1,0,0,0,0,0,0,2,58,HOMBRE,ILESO,CONDUCTOR PRESENTE,NO,NO,0
7280,22453,22454,2017,0,1,-0.129331,-78.494112,PICHINCHA,QUITO,QUITO,URBANA,2017-10-12,16:35:00,16,JUEVES,4,OCTUBRE,10,NO,NO CEDER EL DERECHO DE VIA O PREFERENCIA DE PASO AL PEATON.,ATROPELLOS,NO IDENTIFICADO,0,0,0,0,0,0,0,0,0,1,0,0,0,1,62,HOMBRE,FALLECIDO,PEATON,NO,NO,0
7281,22454,22455,2017,0,0,-0.372347,-78.551831,PICHINCHA,MEJIA,CUTUGLAHUA,Rural,2017-10-12,16:45:00,16,JUEVES,4,OCTUBRE,10,NO,"CONDUCIR DESATENTO A LAS CONDICIONES DE TRANSITO (CELULAR, PANTALLAS DE VIDEO, COMIDA, MAQUILLAJE O CUALQUIER OTRO ELEMENTO DISTRACTOR).",CHOQUE LATERAL,CAMION,0,0,0,1,0,0,0,0,0,1,0,0,0,2,30,HOMBRE,ILESO,CONDUCTOR PRESENTE,NO,NO,0
7282,22455,22456,2017,0,0,-0.261317,-78.544912,PICHINCHA,QUITO,QUITO,URBANA,2017-10-12,18:15:00,18,JUEVES,4,OCTUBRE,10,NO,NO CEDER EL DERECHO DE VIA O PREFERENCIA DE PASO A VEHICULOS.,CHOQUE LATERAL,MOTOCICLETA,0,0,0,0,0,0,0,0,1,1,0,0,0,2,25,HOMBRE,ILESO,CONDUCTOR PRESENTE,NO,NO,0
7283,22456,22457,2017,1,0,-0.303791,-78.542741,PICHINCHA,QUITO,QUITO,URBANA,2017-10-12,18:30:00,18,JUEVES,4,OCTUBRE,10,NO,NO CEDER EL DERECHO DE VIA O PREFERENCIA DE PASO AL PEATON.,ATROPELLOS,AUTOMOVIL,2,0,0,0,0,0,0,0,0,0,0,0,0,2,21,HOMBRE,LESIONADO,CONDUCTOR PRESENTE,NO,NO,0
7284,22460,22461,2017,0,0,-0.170852,-78.476301,PICHINCHA,QUITO,QUITO,URBANA,2017-10-12,23:05:00,23,JUEVES,4,OCTUBRE,10,NO,"CONDUCE BAJO LA INFLUENCIA DE ALCOHOL, SUSTANCIAS ESTUPEFACIENTES O PSICOTROPICAS Y/O MEDICAMENTOS.",CHOQUE LATERAL,AUTOMOVIL,1,0,0,0,0,0,0,0,0,0,0,0,1,2,21,MUJER,ILESO,CONDUCTOR PRESENTE,NO,NO,0
7285,22479,22480,2017,0,1,-0.142041,-78.443217,PICHINCHA,QUITO,LLANO CHICO,URBANA,2017-10-13,03:00:00,3,VIERNES,5,OCTUBRE,10,NO,NO TRANSITAR POR LAS ACERAS O ZONAS DE SEGURIDAD DESTINADAS PARA EL EFECTO.,ATROPELLOS,NO IDENTIFICADO,0,0,0,0,0,0,0,0,0,1,0,0,0,1,29,HOMBRE,FALLECIDO,PEATON,NO,NO,0
7286,22480,22481,2017,0,0,-0.199767,-78.428809,PICHINCHA,QUITO,CUMBAYA,Rural,2017-10-13,03:30:00,3,VIERNES,5,OCTUBRE,10,NO,"CONDUCIR EN ESTADO DE SOMNOLENCIA O MALAS CONDICIONES FISICAS (SUENIO, CANSANCIO Y FATIGA).",VOLCAMIENTOS,AUTOMOVIL,1,0,0,0,0,0,0,0,0,0,0,0,0,1,-1,NO IDENTIFICADO,NO IDENTIFICADO,CONDUCTOR AUSENTE,NO,NO,2
7287,22483,22484,2017,0,0,-0.242893,-78.526686,PICHINCHA,QUITO,QUITO,URBANA,2017-10-13,05:45:00,5,VIERNES,5,OCTUBRE,10,NO,"CONDUCIR DESATENTO A LAS CONDICIONES DE TRANSITO (CELULAR, PANTALLAS DE VIDEO, COMIDA, MAQUILLAJE O CUALQUIER OTRO ELEMENTO DISTRACTOR).",ESTRELLAMIENTOS,AUTOMOVIL,1,0,0,0,0,0,0,0,0,0,0,0,0,1,38,HOMBRE,ILESO,CONDUCTOR PRESENTE,NO,NO,0
7288,22485,22486,2017,3,0,-0.338377,-78.549676,PICHINCHA,QUITO,QUITO,URBANA,2017-10-13,06:55:00,6,VIERNES,5,OCTUBRE,10,NO,NO CEDER EL DERECHO DE VIA O PREFERENCIA DE PASO AL PEATON.,ATROPELLOS,MOTOCICLETA,0,0,0,0,0,0,0,0,1,0,0,0,0,1,9,HOMBRE,LESIONADO,PEATON,NO,NO,0
7289,22486,22487,2017,1,0,-0.166301,-78.485821,PICHINCHA,QUITO,QUITO,URBANA,2017-10-13,07:10:00,7,VIERNES,5,OCTUBRE,10,NO,BAJARSE O SUBIRSE DE VEHICULOS EN MOVIMIENTO SIN TOMAR LAS PRECAUCIONES DEBIDAS.,CAIDA DE PASAJERO,NO IDENTIFICADO,0,0,0,0,0,0,0,0,0,1,0,0,0,1,30,HOMBRE,LESIONADO,PASAJERO,NO,NO,0
7290,22487,22488,2017,1,0,-0.236171,-78.526913,PICHINCHA,QUITO,QUITO,URBANA,2017-10-13,07:25:00,7,VIERNES,5,OCTUBRE,10,NO,NO CEDER EL DERECHO DE VIA O PREFERENCIA DE PASO AL PEATON.,ATROPELLOS,NO IDENTIFICADO,0,0,0,0,0,0,0,0,0,1,0,0,0,1,32,MUJER,LESIONADO,PEATON,NO,NO,0
7291,22488,22489,2017,0,0,-0.227173,-78.506942,PICHINCHA,QUITO,QUITO,URBANA,2017-10-13,07:25:00,7,VIERNES,5,OCTUBRE,10,NO,NO GUARDAR LA DISTANCIA LATERAL MINIMA DE SEGURIDAD ENTRE VEHICULOS.,ROZAMIENTOS,BUS,0,0,2,0,0,0,0,0,0,0,0,0,0,2,21,HOMBRE,ILESO,CONDUCTOR PRESENTE,NO,NO,0
7292,22493,22494,2017,0,0,-0.213051,-78.488583,PICHINCHA,QUITO,QUITO,URBANA,2017-10-13,11:10:00,11,VIERNES,5,OCTUBRE,10,NO,NO CEDER EL DERECHO DE VIA O PREFERENCIA DE PASO A VEHICULOS.,CHOQUE LATERAL,CAMIONETA,0,0,1,0,1,0,0,0,0,0,0,0,0,2,70,HOMBRE,ILESO,CONDUCTOR PRESENTE,NO,NO,0
7293,22494,22495,2017,0,0,-0.204133,-78.501128,PICHINCHA,QUITO,QUITO,URBANA,2017-10-13,11:30:00,11,VIERNES,5,OCTUBRE,10,NO,"NO RESPETAR LAS SENIALES REGLAMENTARIAS DE TRANSITO. (PARE, CEDA EL PASO, LUZ ROJA DEL SEMAFORO, ETC).",CHOQUE LATERAL,BUS,0,0,1,0,0,0,0,0,0,0,0,0,1,2,21,HOMBRE,ILESO,CONDUCTOR PRESENTE,NO,NO,0
7294,22495,22496,2017,1,0,-0.267451,-78.542615,PICHINCHA,QUITO,QUITO,URBANA,2017-10-13,12:38:00,12,VIERNES,5,OCTUBRE,10,NO,BAJARSE O SUBIRSE DE VEHICULOS EN MOVIMIENTO SIN TOMAR LAS PRECAUCIONES DEBIDAS.,CAIDA DE PASAJERO,NO IDENTIFICADO,0,0,0,0,0,0,0,0,0,1,0,0,0,1,77,MUJER,LESIONADO,PASAJERO,NO,NO,0
7295,22498,22499,2017,0,0,-0.204701,-78.482619,PICHINCHA,QUITO,QUITO,URBANA,2017-10-13,13:20:00,13,VIERNES,5,OCTUBRE,10,NO,"CONDUCIR DESATENTO A LAS CONDICIONES DE TRANSITO (CELULAR, PANTALLAS DE VIDEO, COMIDA, MAQUILLAJE O CUALQUIER OTRO ELEMENTO DISTRACTOR).",ESTRELLAMIENTOS,AUTOMOVIL,1,0,1,0,0,0,0,0,0,0,0,0,0,2,63,MUJER,ILESO,CONDUCTOR PRESENTE,NO,NO,0
7296,22500,22501,2017,1,0,-0.263386,-78.510584,PICHINCHA,QUITO,QUITO,URBANA,2017-10-13,13:30:00,13,VIERNES,5,OCTUBRE,10,NO,NO MANTENER LA DISTANCIA PRUDENCIAL CON RESPECTO AL VEHICULO QUE LE ANTECEDE.,CHOQUE POSTERIOR,MOTOCICLETA,1,0,0,0,0,0,0,0,1,0,0,0,0,2,35,HOMBRE,LESIONADO,CONDUCTOR PRESENTE,NO,NO,0
7297,22503,22504,2017,0,0,-0.244435,-78.482091,PICHINCHA,QUITO,QUITO,Rural,2017-10-13,14:10:00,14,VIERNES,5,OCTUBRE,10,NO,CONDUCIR VEHICULO SUPERANDO LOS LIMITES MAXIMOS DE VELOCIDAD.,PERDIDA DE PISTA,VEHICULO DEPORTIVO UTILITARIO,0,0,0,0,0,0,0,0,0,0,0,0,1,1,19,MUJER,ILESO,CONDUCTOR PRESENTE,NO,NO,0
7298,22505,22506,2017,0,0,-0.213115,-78.496262,PICHINCHA,QUITO,QUITO,URBANA,2017-10-13,14:35:00,14,VIERNES,5,OCTUBRE,10,NO,NO GUARDAR LA DISTANCIA LATERAL MINIMA DE SEGURIDAD ENTRE VEHICULOS.,ROZAMIENTOS,AUTOMOVIL,1,0,1,0,0,0,0,0,0,0,0,0,0,2,69,HOMBRE,ILESO,CONDUCTOR PRESENTE,NO,NO,0
7299,22506,22507,2017,0,0,-0.176717,-78.480528,PICHINCHA,QUITO,QUITO,URBANA,2017-10-13,14:45:00,14,VIERNES,5,OCTUBRE,10,NO,"NO RESPETAR LAS SENIALES REGLAMENTARIAS DE TRANSITO. (PARE, CEDA EL PASO, LUZ ROJA DEL SEMAFORO, ETC).",CHOQUE LATERAL,MOTOCICLETA,0,0,0,0,1,0,0,0,1,0,0,0,0,2,22,HOMBRE,ILESO,CONDUCTOR PRESENTE,NO,NO,0
7300,22507,22508,2017,1,0,-0.379603,-78.552265,PICHINCHA,MEJIA,CUTUGLAHUA,Rural,2017-10-13,14:50:00,14,VIERNES,5,OCTUBRE,10,NO,NO MANTENER LA DISTANCIA PRUDENCIAL CON RESPECTO AL VEHICULO QUE LE ANTECEDE.,ATROPELLOS,AUTOMOVIL,1,0,0,0,0,0,0,0,0,0,0,0,0,1,44,MUJER,LESIONADO,PEATON,NO,NO,0
7301,22508,22509,2017,0,0,-0.162038,-78.495508,PICHINCHA,QUITO,QUITO,URBANA,2017-10-13,14:55:00,14,VIERNES,5,OCTUBRE,10,NO,"CONDUCIR DESATENTO A LAS CONDICIONES DE TRANSITO (CELULAR, PANTALLAS DE VIDEO, COMIDA, MAQUILLAJE O CUALQUIER OTRO ELEMENTO DISTRACTOR).",CHOQUE POSTERIOR,VEHICULO DEPORTIVO UTILITARIO,1,0,0,0,0,0,0,0,0,0,0,0,1,2,70,HOMBRE,ILESO,CONDUCTOR PRESENTE,NO,NO,0
7302,22510,22511,2017,0,0,-0.068477,-78.372793,PICHINCHA,QUITO,GUAYLLABAMBA,Rural,2017-10-13,15:55:00,15,VIERNES,5,OCTUBRE,10,NO,"CONDICIONES AMBIENTALES Y/O ATMOSFERICAS (NIEBLA, NEBLINA, GRANIZO, LLUVIA).",PERDIDA DE PISTA,AUTOMOVIL,1,0,0,0,0,0,0,0,0,0,0,0,0,1,26,HOMBRE,ILESO,CONDUCTOR PRESENTE,NO,NO,0
7303,22513,22514,2017,1,0,-0.202103,-78.486509,PICHINCHA,QUITO,QUITO,URBANA,2017-10-13,17:30:00,17,VIERNES,5,OCTUBRE,10,NO,BAJARSE O SUBIRSE DE VEHICULOS EN MOVIMIENTO SIN TOMAR LAS PRECAUCIONES DEBIDAS.,CAIDA DE PASAJERO,BUS,0,0,1,0,0,0,0,0,0,0,0,0,0,1,29,MUJER,LESIONADO,PASAJERO,NO,NO,0
7304,22514,22515,2017,0,0,-0.200603,-78.481869,PICHINCHA,QUITO,QUITO,URBANA,2017-10-13,17:40:00,17,VIERNES,5,OCTUBRE,10,NO,"NO RESPETAR LAS SENIALES REGLAMENTARIAS DE TRANSITO. (PARE, CEDA EL PASO, LUZ ROJA DEL SEMAFORO, ETC).",CHOQUE LATERAL,CAMIONETA,0,0,0,0,1,0,0,0,0,1,0,0,0,2,39,HOMBRE,ILESO,CONDUCTOR PRESENTE,NO,NO,0
7305,22515,22516,2017,3,0,-0.122966,-78.496155,PICHINCHA,QUITO,QUITO,URBANA,2017-10-13,18:10:00,18,VIERNES,5,OCTUBRE,10,NO,NO CEDER EL DERECHO DE VIA O PREFERENCIA DE PASO A VEHICULOS.,CHOQUE LATERAL,AUTOMOVIL,2,0,0,0,0,0,0,0,0,0,0,0,0,2,50,MUJER,LESIONADO,PASAJERO,NO,NO,0
7306,22519,22520,2017,0,0,-0.187808,-78.444336,PICHINCHA,QUITO,NAYON,Rural,2017-10-13,20:20:00,20,VIERNES,5,OCTUBRE,10,NO,NO MANTENER LA DISTANCIA PRUDENCIAL CON RESPECTO AL VEHICULO QUE LE ANTECEDE.,CHOQUE POSTERIOR,BUS,1,0,1,0,0,0,0,0,0,0,0,0,0,2,44,HOMBRE,ILESO,CONDUCTOR PRESENTE,NO,NO,0
7307,22521,22522,2017,0,0,-0.412542,-78.802006,PICHINCHA,MEJIA,MANUEL CORNEJO ASTORGA,Rural,2017-10-13,21:00:00,21,VIERNES,5,OCTUBRE,10,NO,NO MANTENER LA DISTANCIA PRUDENCIAL CON RESPECTO AL VEHICULO QUE LE ANTECEDE.,COLISION,CAMION,0,0,0,2,1,0,0,0,0,0,0,0,0,3,51,HOMBRE,ILESO,CONDUCTOR PRESENTE,NO,NO,0
7308,22522,22523,2017,0,0,-0.310606,-78.546242,PICHINCHA,QUITO,QUITO,URBANA,2017-10-13,21:30:00,21,VIERNES,5,OCTUBRE,10,NO,"CONDUCE BAJO LA INFLUENCIA DE ALCOHOL, SUSTANCIAS ESTUPEFACIENTES O PSICOTROPICAS Y/O MEDICAMENTOS.",VOLCAMIENTOS,AUTOMOVIL,2,0,0,0,0,0,0,0,0,0,0,0,0,2,39,HOMBRE,ILESO,CONDUCTOR PRESENTE,NO,NO,0
7309,22525,22526,2017,1,0,-0.199767,-78.428809,PICHINCHA,QUITO,CUMBAYA,Rural,2017-10-13,22:17:00,22,VIERNES,5,OCTUBRE,10,NO,"CONDUCE BAJO LA INFLUENCIA DE ALCOHOL, SUSTANCIAS ESTUPEFACIENTES O PSICOTROPICAS Y/O MEDICAMENTOS.",ATROPELLOS,AUTOMOVIL,1,0,0,0,0,0,0,0,0,0,0,0,0,1,22,HOMBRE,LESIONADO,PEATON,NO,NO,0
7310,22526,22527,2017,0,0,-0.203223,-78.458612,PICHINCHA,QUITO,QUITO,Rural,2017-10-13,22:50:00,22,VIERNES,5,OCTUBRE,10,NO,"CONDUCE BAJO LA INFLUENCIA DE ALCOHOL, SUSTANCIAS ESTUPEFACIENTES O PSICOTROPICAS Y/O MEDICAMENTOS.",CHOQUE POSTERIOR,VEHICULO DEPORTIVO UTILITARIO,1,0,0,0,0,0,0,0,0,0,0,0,1,2,38,HOMBRE,ILESO,CONDUCTOR PRESENTE,NO,NO,0
7311,22527,22528,2017,1,0,-0.118618,-78.493991,PICHINCHA,QUITO,QUITO,URBANA,2017-10-13,23:17:00,23,VIERNES,5,OCTUBRE,10,NO,NO CEDER EL DERECHO DE VIA O PREFERENCIA DE PASO AL PEATON.,ATROPELLOS,NO IDENTIFICADO,0,0,0,0,0,0,0,0,0,1,0,0,0,1,23,HOMBRE,LESIONADO,PEATON,NO,NO,0
7312,22528,22529,2017,0,0,-0.093091,-78.479288,PICHINCHA,QUITO,QUITO,URBANA,2017-10-13,23:25:00,23,VIERNES,5,OCTUBRE,10,NO,"CONDUCIR EN ESTADO DE SOMNOLENCIA O MALAS CONDICIONES FISICAS (SUENIO, CANSANCIO Y FATIGA).",ESTRELLAMIENTOS,VEHICULO DEPORTIVO UTILITARIO,0,0,0,0,0,0,0,0,0,0,0,0,1,1,-1,NO IDENTIFICADO,NO IDENTIFICADO,CONDUCTOR AUSENTE,NO,NO,2
7313,22555,22556,2017,0,0,-0.285961,-78.440097,PICHINCHA,QUITO,ALANGASI,Rural,2017-10-14,00:57:00,0,SABADO,6,OCTUBRE,10,NO,"CONDUCE BAJO LA INFLUENCIA DE ALCOHOL, SUSTANCIAS ESTUPEFACIENTES O PSICOTROPICAS Y/O MEDICAMENTOS.",CHOQUE LATERAL,CAMIONETA,0,0,0,0,1,0,0,0,0,0,0,0,1,2,26,HOMBRE,ILESO,CONDUCTOR PRESENTE,NO,NO,0
7314,22563,22564,2017,0,0,-0.227441,-78.522396,PICHINCHA,QUITO,QUITO,URBANA,2017-10-14,04:44:00,4,SABADO,6,OCTUBRE,10,NO,"CONDUCIR EN ESTADO DE SOMNOLENCIA O MALAS CONDICIONES FISICAS (SUENIO, CANSANCIO Y FATIGA).",ESTRELLAMIENTOS,AUTOMOVIL,1,0,0,0,0,0,0,0,0,0,0,0,0,1,-1,NO IDENTIFICADO,NO IDENTIFICADO,CONDUCTOR AUSENTE,NO,NO,2
7315,22564,22565,2017,1,0,-0.297308,-78.535307,PICHINCHA,QUITO,QUITO,URBANA,2017-10-14,05:00:00,5,SABADO,6,OCTUBRE,10,NO,"CONDUCIR EN ESTADO DE SOMNOLENCIA O MALAS CONDICIONES FISICAS (SUENIO, CANSANCIO Y FATIGA).",ESTRELLAMIENTOS,MOTOCICLETA,0,0,0,0,0,0,0,0,1,0,0,0,0,1,26,HOMBRE,LESIONADO,PASAJERO,NO,NO,0
7316,22566,22567,2017,3,0,-0.196669,-78.466599,PICHINCHA,QUITO,QUITO,URBANA,2017-10-14,06:00:00,6,SABADO,6,OCTUBRE,10,NO,CONDUCIR VEHICULO SUPERANDO LOS LIMITES MAXIMOS DE VELOCIDAD.,COLISION,AUTOMOVIL,3,0,0,0,0,0,0,0,0,0,0,0,1,4,31,HOMBRE,LESIONADO,CONDUCTOR PRESENTE,NO,NO,0
7317,22569,22570,2017,0,0,-0.277624,-78.531251,PICHINCHA,QUITO,QUITO,URBANA,2017-10-14,06:30:00,6,SABADO,6,OCTUBRE,10,NO,"NO RESPETAR LAS SENIALES REGLAMENTARIAS DE TRANSITO. (PARE, CEDA EL PASO, LUZ ROJA DEL SEMAFORO, ETC).",CHOQUE LATERAL,BUS,1,0,1,0,0,0,0,0,0,0,0,0,0,2,40,HOMBRE,ILESO,CONDUCTOR PRESENTE,NO,NO,0
7318,22570,22571,2017,0,0,-0.165522,-78.476861,PICHINCHA,QUITO,QUITO,URBANA,2017-10-14,07:00:00,7,SABADO,6,OCTUBRE,10,NO,"NO RESPETAR LAS SENIALES REGLAMENTARIAS DE TRANSITO. (PARE, CEDA EL PASO, LUZ ROJA DEL SEMAFORO, ETC).",CHOQUE LATERAL,AUTOMOVIL,2,0,0,0,0,0,0,0,0,0,0,0,0,2,57,HOMBRE,ILESO,CONDUCTOR PRESENTE,NO,NO,0
7319,22573,22574,2017,0,0,-0.278741,-78.480656,PICHINCHA,QUITO,CONOCOTO,URBANA,2017-10-14,07:55:00,7,SABADO,6,OCTUBRE,10,NO,NO MANTENER LA DISTANCIA PRUDENCIAL CON RESPECTO AL VEHICULO QUE LE ANTECEDE.,COLISION,VEHICULO DEPORTIVO UTILITARIO,0,0,0,1,0,0,0,0,0,0,0,0,2,3,67,MUJER,ILESO,CONDUCTOR PRESENTE,NO,NO,0