,Unnamed: 0,ID,ANIO,LESIONADOS,FALLECIDOS,LATITUD_Y,LONGITUD_X,PROVINCIA,CANTON,PARROQUIA,ZONA,FECHA,HORA,PERIODO_2,DIA_1,DIA_2,MES_1,MES_2,FERIADO,CAUSA_PROBABLE,TIPO_DE_SINIESTRO,TIPO_DE_VEHICULO_1,AUTOMOVIL,BICICLETA,BUS,CAMION,CAMIONETA,EMERGENCIAS,ESPECIAL,FURGONETA,MOTOCICLETA,NO_IDENTIFICADO,SCOOTER_ELECTRICO,TRICIMOTO,VEHICULO_DEPORTIVO_UTILITARIO,SUMA_DE_VEHICULOS,EDAD_1,SEXO_1,CONDICION_1,PARTICIPANTE_1,CASCO_1,CINTURON_1,KMeans_Cluster
7377,22773,22774,2017,0,0,-0.227936,-78.507185,PICHINCHA,QUITO,QUITO,URBANA,2017-10-16,12:10:00,12,LUNES,1,OCTUBRE,10,NO,NO GUARDAR LA DISTANCIA LATERAL MINIMA DE SEGURIDAD ENTRE VEHICULOS.,ROZAMIENTOS,BUS,0,0,2,0,0,0,0,0,0,0,0,0,0,2,30,HOMBRE,ILESO,CONDUCTOR PRESENTE,NO,NO,0
7378,22777,22778,2017,1,0,-0.273538,-78.538597,PICHINCHA,QUITO,QUITO,URBANA,2017-10-16,13:20:00,13,LUNES,1,OCTUBRE,10,NO,BAJARSE O SUBIRSE DE VEHICULOS EN MOVIMIENTO SIN TOMAR LAS PRECAUCIONES DEBIDAS.,CAIDA DE PASAJERO,NO IDENTIFICADO,0,0,0,0,0,0,0,0,0,1,0,0,0,1,11,MUJER,LESIONADO,PASAJERO,NO,NO,0
7379,22778,22779,2017,1,0,-0.156998,-78.485084,PICHINCHA,QUITO,QUITO,URBANA,2017-10-16,13:55:00,13,LUNES,1,OCTUBRE,10,NO,NO GUARDAR LA DISTANCIA LATERAL MINIMA DE SEGURIDAD ENTRE VEHICULOS.,ROZAMIENTOS,MOTOCICLETA,0,0,0,0,0,0,0,0,1,1,0,0,0,2,29,HOMBRE,LESIONADO,CONDUCTOR PRESENTE,NO,NO,0
7380,22780,22781,2017,1,0,-0.182997,-78.503721,PICHINCHA,QUITO,QUITO,URBANA,2017-10-16,14:45:00,14,LUNES,1,OCTUBRE,10,NO,BAJARSE O SUBIRSE DE VEHICULOS EN MOVIMIENTO SIN TOMAR LAS PRECAUCIONES DEBIDAS.,CAIDA DE PASAJERO,NO IDENTIFICADO,0,0,0,0,0,0,0,0,0,1,0,0,0,1,3,HOMBRE,LESIONADO,PASAJERO,NO,NO,0
7381,22782,22783,2017,0,0,-0.212268,-78.387663,PICHINCHA,QUITO,TUMBACO,Rural,2017-10-16,15:00:00,15,LUNES,1,OCTUBRE,10,NO,NO GUARDAR LA DISTANCIA LATERAL MINIMA DE SEGURIDAD ENTRE VEHICULOS.,ROZAMIENTOS,BUS,0,0,1,0,0,0,0,0,0,1,0,0,0,2,31,HOMBRE,ILESO,CONDUCTOR PRESENTE,NO,NO,0
7382,22789,22790,2017,1,0,-0.163058,-78.475467,PICHINCHA,QUITO,QUITO,URBANA,2017-10-16,16:10:00,16,LUNES,1,OCTUBRE,10,NO,NO CEDER EL DERECHO DE VIA O PREFERENCIA DE PASO AL PEATON.,ATROPELLOS,NO IDENTIFICADO,0,0,0,0,0,0,0,0,0,1,0,0,0,1,57,HOMBRE,LESIONADO,PEATON,NO,NO,0
7383,22791,22792,2017,0,0,-0.175917,-78.485636,PICHINCHA,QUITO,QUITO,URBANA,2017-10-16,16:50:00,16,LUNES,1,OCTUBRE,10,NO,NO GUARDAR LA DISTANCIA LATERAL MINIMA DE SEGURIDAD ENTRE VEHICULOS.,ROZAMIENTOS,BUS,1,0,1,0,0,0,0,0,0,0,0,0,0,2,29,HOMBRE,ILESO,CONDUCTOR PRESENTE,NO,NO,0
7384,22792,22793,2017,1,0,-0.097891,-78.483413,PICHINCHA,QUITO,QUITO,URBANA,2017-10-16,17:08:00,17,LUNES,1,OCTUBRE,10,NO,"PRESENCIA DE AGENTES EXTERNOS EN LA VIA (AGUA, ACEITE, PIEDRA, LASTRE, ESCOMBROS, MADEROS, ETC.).",PERDIDA DE PISTA,BICICLETA,0,1,0,0,0,0,0,0,0,0,0,0,0,1,38,HOMBRE,LESIONADO,CONDUCTOR PRESENTE,NO,NO,0
7385,22794,22795,2017,1,0,-0.137962,-78.479417,PICHINCHA,QUITO,QUITO,URBANA,2017-10-16,17:55:00,17,LUNES,1,OCTUBRE,10,NO,NO CEDER EL DERECHO DE VIA O PREFERENCIA DE PASO AL PEATON.,ATROPELLOS,NO IDENTIFICADO,0,0,0,0,0,0,0,0,0,1,0,0,0,1,60,HOMBRE,LESIONADO,PEATON,NO,NO,0
7386,22795,22796,2017,1,0,-0.109781,-78.488891,PICHINCHA,QUITO,QUITO,URBANA,2017-10-16,18:10:00,18,LUNES,1,OCTUBRE,10,NO,BAJARSE O SUBIRSE DE VEHICULOS EN MOVIMIENTO SIN TOMAR LAS PRECAUCIONES DEBIDAS.,CAIDA DE PASAJERO,BUS,0,0,1,0,0,0,0,0,0,0,0,0,0,1,79,HOMBRE,LESIONADO,PASAJERO,NO,NO,0
7387,22796,22797,2017,1,0,-0.206005,-78.509323,PICHINCHA,QUITO,QUITO,URBANA,2017-10-16,18:20:00,18,LUNES,1,OCTUBRE,10,NO,"CONDUCIR DESATENTO A LAS CONDICIONES DE TRANSITO (CELULAR, PANTALLAS DE VIDEO, COMIDA, MAQUILLAJE O CUALQUIER OTRO ELEMENTO DISTRACTOR).",ESTRELLAMIENTOS,BICICLETA,0,1,0,0,0,0,0,0,0,1,0,0,0,2,32,HOMBRE,LESIONADO,CONDUCTOR PRESENTE,NO,NO,0
7388,22797,22798,2017,1,0,-0.153303,-78.484482,PICHINCHA,QUITO,QUITO,URBANA,2017-10-16,18:35:00,18,LUNES,1,OCTUBRE,10,NO,NO CEDER EL DERECHO DE VIA O PREFERENCIA DE PASO AL PEATON.,ATROPELLOS,NO IDENTIFICADO,0,0,0,0,0,0,0,0,0,1,0,0,0,1,27,HOMBRE,LESIONADO,PEATON,NO,NO,0
7389,22799,22800,2017,1,0,-0.091585,-78.439052,PICHINCHA,QUITO,CALDERON (CARAPUNGO),Rural,2017-10-16,18:50:00,18,LUNES,1,OCTUBRE,10,NO,NO CEDER EL DERECHO DE VIA O PREFERENCIA DE PASO AL PEATON.,ATROPELLOS,NO IDENTIFICADO,0,0,0,0,0,0,0,0,0,1,0,0,0,1,83,HOMBRE,LESIONADO,PEATON,NO,NO,0
7390,22804,22805,2017,3,0,-0.148491,-78.498422,PICHINCHA,QUITO,QUITO,URBANA,2017-10-16,19:45:00,19,LUNES,1,OCTUBRE,10,NO,"CONDUCE BAJO LA INFLUENCIA DE ALCOHOL, SUSTANCIAS ESTUPEFACIENTES O PSICOTROPICAS Y/O MEDICAMENTOS.",COLISION,AUTOMOVIL,3,0,1,0,0,0,0,0,0,0,0,0,0,4,36,HOMBRE,LESIONADO,CONDUCTOR PRESENTE,NO,NO,0
7391,22806,22807,2017,2,0,-0.121091,-78.480142,PICHINCHA,QUITO,QUITO,URBANA,2017-10-16,20:45:00,20,LUNES,1,OCTUBRE,10,NO,NO MANTENER LA DISTANCIA PRUDENCIAL CON RESPECTO AL VEHICULO QUE LE ANTECEDE.,CHOQUE POSTERIOR,AUTOMOVIL,1,0,0,0,0,0,0,0,0,1,0,0,0,2,21,HOMBRE,LESIONADO,PASAJERO,NO,NO,0
7392,22836,22837,2017,0,0,-0.422711,-78.551371,PICHINCHA,MEJIA,TAMBILLO (MEJIA),Rural,2017-10-17,00:20:00,0,MARTES,2,OCTUBRE,10,NO,"CONDUCIR DESATENTO A LAS CONDICIONES DE TRANSITO (CELULAR, PANTALLAS DE VIDEO, COMIDA, MAQUILLAJE O CUALQUIER OTRO ELEMENTO DISTRACTOR).",PERDIDA DE PISTA,VEHICULO DEPORTIVO UTILITARIO,0,0,0,0,0,0,0,0,0,0,0,0,1,1,-1,NO IDENTIFICADO,NO IDENTIFICADO,CONDUCTOR AUSENTE,NO,NO,2
7393,22837,22838,2017,0,0,-0.322273,-78.540628,PICHINCHA,QUITO,QUITO,URBANA,2017-10-17,00:40:00,0,MARTES,2,OCTUBRE,10,NO,"CONDUCE BAJO LA INFLUENCIA DE ALCOHOL, SUSTANCIAS ESTUPEFACIENTES O PSICOTROPICAS Y/O MEDICAMENTOS.",CHOQUE LATERAL,AUTOMOVIL,2,0,0,0,0,0,0,0,0,0,0,0,0,2,22,HOMBRE,ILESO,CONDUCTOR PRESENTE,NO,NO,0
7394,22843,22844,2017,0,0,-0.285559,-78.543247,PICHINCHA,QUITO,QUITO,URBANA,2017-10-17,06:10:00,6,MARTES,2,OCTUBRE,10,NO,"NO RESPETAR LAS SENIALES REGLAMENTARIAS DE TRANSITO. (PARE, CEDA EL PASO, LUZ ROJA DEL SEMAFORO, ETC).",CHOQUE LATERAL,BUS,1,0,1,0,0,0,0,0,0,0,0,0,0,2,45,HOMBRE,ILESO,CONDUCTOR PRESENTE,NO,NO,0
7395,22844,22845,2017,0,0,-0.105583,-78.499743,PICHINCHA,QUITO,QUITO,URBANA,2017-10-17,06:33:00,6,MARTES,2,OCTUBRE,10,NO,"NO RESPETAR LAS SENIALES REGLAMENTARIAS DE TRANSITO. (PARE, CEDA EL PASO, LUZ ROJA DEL SEMAFORO, ETC).",CHOQUE LATERAL,AUTOMOVIL,2,0,0,0,0,0,0,0,0,0,0,0,0,2,61,HOMBRE,ILESO,CONDUCTOR PRESENTE,NO,NO,0
7396,22845,22846,2017,1,0,-0.162847,-78.478474,PICHINCHA,QUITO,QUITO,URBANA,2017-10-17,07:00:00,7,MARTES,2,OCTUBRE,10,NO,NO CEDER EL DERECHO DE VIA O PREFERENCIA DE PASO AL PEATON.,ATROPELLOS,NO IDENTIFICADO,0,0,0,0,0,0,0,0,0,1,0,0,0,1,12,MUJER,LESIONADO,PEATON,NO,NO,0
7397,22846,22847,2017,1,0,-0.318475,-78.565367,PICHINCHA,QUITO,QUITO,URBANA,2017-10-17,07:00:00,7,MARTES,2,OCTUBRE,10,NO,NO CEDER EL DERECHO DE VIA O PREFERENCIA DE PASO AL PEATON.,ATROPELLOS,NO IDENTIFICADO,0,0,0,0,0,0,0,0,0,1,0,0,0,1,42,MUJER,LESIONADO,PEATON,NO,NO,0
7398,22847,22848,2017,0,0,-0.273523,-78.536921,PICHINCHA,QUITO,QUITO,URBANA,2017-10-17,07:15:00,7,MARTES,2,OCTUBRE,10,NO,NO CEDER EL DERECHO DE VIA O PREFERENCIA DE PASO A VEHICULOS.,CHOQUE LATERAL,BUS,0,0,1,0,0,0,1,0,0,0,0,0,0,2,30,HOMBRE,ILESO,CONDUCTOR PRESENTE,NO,NO,0
7399,22848,22849,2017,0,0,-0.198684,-78.500504,PICHINCHA,QUITO,QUITO,URBANA,2017-10-17,07:29:00,7,MARTES,2,OCTUBRE,10,NO,NO GUARDAR LA DISTANCIA LATERAL MINIMA DE SEGURIDAD ENTRE VEHICULOS.,ROZAMIENTOS,AUTOMOVIL,1,0,1,0,0,0,0,0,0,0,0,0,0,2,43,HOMBRE,ILESO,CONDUCTOR PRESENTE,NO,NO,0
7400,22849,22850,2017,0,0,-0.336681,-78.501945,PICHINCHA,QUITO,AMAGUANIA,URBANA,2017-10-17,07:30:00,7,MARTES,2,OCTUBRE,10,NO,NO GUARDAR LA DISTANCIA LATERAL MINIMA DE SEGURIDAD ENTRE VEHICULOS.,ROZAMIENTOS,AUTOMOVIL,1,0,0,0,1,0,0,0,0,0,0,0,0,2,66,HOMBRE,ILESO,CONDUCTOR PRESENTE,NO,NO,0
7401,22851,22852,2017,1,0,-0.160268,-78.473612,PICHINCHA,QUITO,QUITO,URBANA,2017-10-17,08:30:00,8,MARTES,2,OCTUBRE,10,NO,NO CEDER EL DERECHO DE VIA O PREFERENCIA DE PASO AL PEATON.,ATROPELLOS,VEHICULO DEPORTIVO UTILITARIO,0,0,0,0,0,0,0,0,0,0,0,0,1,1,8,MUJER,LESIONADO,PEATON,NO,NO,0
7402,22852,22853,2017,1,0,-0.196705,-78.489415,PICHINCHA,QUITO,QUITO,URBANA,2017-10-17,08:42:00,8,MARTES,2,OCTUBRE,10,NO,NO CEDER EL DERECHO DE VIA O PREFERENCIA DE PASO AL PEATON.,ATROPELLOS,MOTOCICLETA,0,0,0,0,0,0,0,0,1,0,0,0,0,1,55,MUJER,LESIONADO,PEATON,NO,NO,0
7403,22853,22854,2017,0,0,-0.291821,-78.558431,PICHINCHA,QUITO,QUITO,URBANA,2017-10-17,09:20:00,9,MARTES,2,OCTUBRE,10,NO,NO GUARDAR LA DISTANCIA LATERAL MINIMA DE SEGURIDAD ENTRE VEHICULOS.,ROZAMIENTOS,AUTOMOVIL,1,0,1,0,0,0,0,0,0,0,0,0,0,2,23,HOMBRE,ILESO,CONDUCTOR PRESENTE,NO,NO,0
7404,22854,22855,2017,0,0,-0.187487,-78.448101,PICHINCHA,QUITO,NAYON,URBANA,2017-10-17,09:28:00,9,MARTES,2,OCTUBRE,10,NO,"CONDUCIR DESATENTO A LAS CONDICIONES DE TRANSITO (CELULAR, PANTALLAS DE VIDEO, COMIDA, MAQUILLAJE O CUALQUIER OTRO ELEMENTO DISTRACTOR).",ESTRELLAMIENTOS,AUTOMOVIL,1,0,0,0,1,0,0,0,0,0,0,0,0,2,29,HOMBRE,ILESO,CONDUCTOR PRESENTE,NO,NO,0
7405,22855,22856,2017,0,0,-0.278721,-78.546319,PICHINCHA,QUITO,QUITO,URBANA,2017-10-17,09:40:00,9,MARTES,2,OCTUBRE,10,NO,"NO RESPETAR LAS SENIALES REGLAMENTARIAS DE TRANSITO. (PARE, CEDA EL PASO, LUZ ROJA DEL SEMAFORO, ETC).",CHOQUE LATERAL,AUTOMOVIL,1,0,1,0,0,0,0,0,0,0,0,0,0,2,39,HOMBRE,ILESO,CONDUCTOR PRESENTE,NO,NO,0
7406,22859,22860,2017,0,0,-0.128693,-78.471214,PICHINCHA,QUITO,QUITO,URBANA,2017-10-17,11:00:00,11,MARTES,2,OCTUBRE,10,NO,"NO RESPETAR LAS SENIALES REGLAMENTARIAS DE TRANSITO. (PARE, CEDA EL PASO, LUZ ROJA DEL SEMAFORO, ETC).",CHOQUE LATERAL,CAMION,1,0,0,1,0,0,0,0,0,0,0,0,0,2,46,HOMBRE,ILESO,CONDUCTOR PRESENTE,NO,NO,0
7407,22861,22862,2017,1,0,-0.292255,-78.559697,PICHINCHA,QUITO,QUITO,URBANA,2017-10-17,12:05:00,12,MARTES,2,OCTUBRE,10,NO,NO MANTENER LA DISTANCIA PRUDENCIAL CON RESPECTO AL VEHICULO QUE LE ANTECEDE.,CHOQUE POSTERIOR,MOTOCICLETA,0,0,0,0,0,0,0,0,1,1,0,0,0,2,22,HOMBRE,LESIONADO,CONDUCTOR PRESENTE,NO,NO,0
7408,22862,22863,2017,0,0,-0.207732,-78.497071,PICHINCHA,QUITO,QUITO,URBANA,2017-10-17,12:30:00,12,MARTES,2,OCTUBRE,10,NO,NO GUARDAR LA DISTANCIA LATERAL MINIMA DE SEGURIDAD ENTRE VEHICULOS.,ROZAMIENTOS,CAMIONETA,0,0,1,0,1,0,0,0,0,0,0,0,0,2,32,HOMBRE,ILESO,CONDUCTOR PRESENTE,NO,NO,0
7409,22863,22864,2017,1,0,-0.207936,-78.506474,PICHINCHA,QUITO,QUITO,URBANA,2017-10-17,13:20:00,13,MARTES,2,OCTUBRE,10,NO,NO CEDER EL DERECHO DE VIA O PREFERENCIA DE PASO AL PEATON.,ATROPELLOS,AUTOMOVIL,1,0,0,0,0,0,0,0,0,0,0,0,0,1,12,HOMBRE,LESIONADO,PEATON,NO,NO,0
7410,22867,22868,2017,1,0,-0.112906,-78.494742,PICHINCHA,QUITO,QUITO,URBANA,2017-10-17,16:15:00,16,MARTES,2,OCTUBRE,10,NO,NO CEDER EL DERECHO DE VIA O PREFERENCIA DE PASO AL PEATON.,ATROPELLOS,NO IDENTIFICADO,0,0,0,0,0,0,0,0,0,1,0,0,0,1,59,MUJER,LESIONADO,PEATON,NO,NO,0
7411,22868,22869,2017,1,0,-0.196705,-78.489415,PICHINCHA,QUITO,QUITO,URBANA,2017-10-17,16:30:00,16,MARTES,2,OCTUBRE,10,NO,NO CEDER EL DERECHO DE VIA O PREFERENCIA DE PASO AL PEATON.,ATROPELLOS,NO IDENTIFICADO,0,0,0,0,0,0,0,0,0,1,0,0,0,1,34,MUJER,LESIONADO,PEATON,NO,NO,0
7412,22869,22870,2017,0,0,-0.324278,-78.417053,PICHINCHA,QUITO,ALANGASI,Rural,2017-10-17,17:10:00,17,MARTES,2,OCTUBRE,10,NO,CONDUCIR VEHICULO SUPERANDO LOS LIMITES MAXIMOS DE VELOCIDAD.,PERDIDA DE PISTA,MOTOCICLETA,0,0,0,0,0,0,0,0,1,0,0,0,0,1,40,MUJER,ILESO,CONDUCTOR PRESENTE,NO,NO,0
7413,22870,22871,2017,0,0,-0.179729,-78.479932,PICHINCHA,QUITO,QUITO,URBANA,2017-10-17,17:50:00,17,MARTES,2,OCTUBRE,10,NO,"NO RESPETAR LAS SENIALES REGLAMENTARIAS DE TRANSITO. (PARE, CEDA EL PASO, LUZ ROJA DEL SEMAFORO, ETC).",CHOQUE LATERAL,VEHICULO DEPORTIVO UTILITARIO,1,0,0,0,0,0,0,0,0,0,0,0,1,2,37,HOMBRE,ILESO,CONDUCTOR PRESENTE,NO,NO,0
7414,22871,22872,2017,0,0,-0.196705,-78.489415,PICHINCHA,QUITO,QUITO,URBANA,2017-10-17,18:15:00,18,MARTES,2,OCTUBRE,10,NO,"NO RESPETAR LAS SENIALES REGLAMENTARIAS DE TRANSITO. (PARE, CEDA EL PASO, LUZ ROJA DEL SEMAFORO, ETC).",CHOQUE LATERAL,AUTOMOVIL,1,0,1,0,0,0,0,0,0,0,0,0,0,2,27,MUJER,ILESO,CONDUCTOR PRESENTE,NO,NO,0
7415,22872,22873,2017,1,0,-0.121179,-78.480316,PICHINCHA,QUITO,QUITO,URBANA,2017-10-17,18:20:00,18,MARTES,2,OCTUBRE,10,NO,NO CEDER EL DERECHO DE VIA O PREFERENCIA DE PASO AL PEATON.,ATROPELLOS,NO IDENTIFICADO,0,0,0,0,0,0,0,0,0,1,0,0,0,1,49,HOMBRE,LESIONADO,PEATON,NO,NO,0
7416,22874,22875,2017,0,0,-0.206202,-78.500814,PICHINCHA,QUITO,QUITO,URBANA,2017-10-17,18:30:00,18,MARTES,2,OCTUBRE,10,NO,"NO RESPETAR LAS SENIALES REGLAMENTARIAS DE TRANSITO. (PARE, CEDA EL PASO, LUZ ROJA DEL SEMAFORO, ETC).",CHOQUE LATERAL,VEHICULO DEPORTIVO UTILITARIO,0,0,0,0,0,0,0,0,0,1,0,0,1,2,59,HOMBRE,ILESO,CONDUCTOR PRESENTE,NO,NO,0
7417,22875,22876,2017,0,0,-0.252005,-78.538893,PICHINCHA,QUITO,QUITO,URBANA,2017-10-17,18:30:00,18,MARTES,2,OCTUBRE,10,NO,"NO RESPETAR LAS SENIALES REGLAMENTARIAS DE TRANSITO. (PARE, CEDA EL PASO, LUZ ROJA DEL SEMAFORO, ETC).",CHOQUE LATERAL,MOTOCICLETA,0,0,0,0,0,0,0,1,1,0,0,0,0,2,40,HOMBRE,ILESO,CONDUCTOR PRESENTE,NO,NO,0
7418,22876,22877,2017,1,0,-0.322273,-78.540628,PICHINCHA,QUITO,QUITO,URBANA,2017-10-17,18:40:00,18,MARTES,2,OCTUBRE,10,NO,NO CEDER EL DERECHO DE VIA O PREFERENCIA DE PASO AL PEATON.,ATROPELLOS,AUTOMOVIL,1,0,0,0,0,0,0,0,0,0,0,0,0,1,9,MUJER,LESIONADO,PEATON,NO,NO,0
7419,22880,22881,2017,0,0,-0.089161,-78.466571,PICHINCHA,QUITO,QUITO,URBANA,2017-10-17,21:00:00,21,MARTES,2,OCTUBRE,10,NO,NO CEDER EL DERECHO DE VIA O PREFERENCIA DE PASO A VEHICULOS.,CHOQUE LATERAL,AUTOMOVIL,2,0,0,0,0,0,0,0,0,0,0,0,0,2,40,HOMBRE,ILESO,CONDUCTOR PRESENTE,NO,NO,0
7420,22881,22882,2017,1,0,-0.290281,-78.538717,PICHINCHA,QUITO,QUITO,URBANA,2017-10-17,21:30:00,21,MARTES,2,OCTUBRE,10,NO,BAJARSE O SUBIRSE DE VEHICULOS EN MOVIMIENTO SIN TOMAR LAS PRECAUCIONES DEBIDAS.,CAIDA DE PASAJERO,MOTOCICLETA,0,0,0,0,0,0,0,0,1,0,0,0,0,1,20,MUJER,LESIONADO,PASAJERO,NO,NO,0
7421,22882,22883,2017,1,0,-0.302091,-78.554906,PICHINCHA,QUITO,QUITO,URBANA,2017-10-17,23:00:00,23,MARTES,2,OCTUBRE,10,NO,NO MANTENER LA DISTANCIA PRUDENCIAL CON RESPECTO AL VEHICULO QUE LE ANTECEDE.,CHOQUE POSTERIOR,MOTOCICLETA,0,0,0,0,0,0,0,0,1,1,0,0,0,2,27,HOMBRE,LESIONADO,CONDUCTOR PRESENTE,NO,NO,0
7422,22898,22899,2017,0,0,-0.114179,-78.488304,PICHINCHA,QUITO,QUITO,URBANA,2017-10-18,00:50:00,0,MIERCOLES,3,OCTUBRE,10,NO,"CONDUCE BAJO LA INFLUENCIA DE ALCOHOL, SUSTANCIAS ESTUPEFACIENTES O PSICOTROPICAS Y/O MEDICAMENTOS.",ESTRELLAMIENTOS,CAMIONETA,0,0,0,0,1,0,0,0,0,0,0,0,0,1,31,HOMBRE,ILESO,CONDUCTOR PRESENTE,NO,NO,0
7423,22900,22901,2017,1,0,-0.144507,-78.500119,PICHINCHA,QUITO,QUITO,URBANA,2017-10-18,04:27:00,4,MIERCOLES,3,OCTUBRE,10,NO,"CONDUCIR EN ESTADO DE SOMNOLENCIA O MALAS CONDICIONES FISICAS (SUENIO, CANSANCIO Y FATIGA).",ESTRELLAMIENTOS,AUTOMOVIL,1,0,0,0,0,0,0,0,0,0,0,0,0,1,39,HOMBRE,LESIONADO,CONDUCTOR PRESENTE,NO,NO,0
7424,22901,22902,2017,0,0,-0.472362,-78.566584,PICHINCHA,MEJIA,ALOAG,Rural,2017-10-18,05:30:00,5,MIERCOLES,3,OCTUBRE,10,NO,NO MANTENER LA DISTANCIA PRUDENCIAL CON RESPECTO AL VEHICULO QUE LE ANTECEDE.,CHOQUE POSTERIOR,CAMIONETA,0,0,0,0,2,0,0,0,0,0,0,0,0,2,63,HOMBRE,ILESO,CONDUCTOR PRESENTE,NO,NO,0
7425,22902,22903,2017,1,0,-0.182196,-78.490084,PICHINCHA,QUITO,QUITO,URBANA,2017-10-18,06:10:00,6,MIERCOLES,3,OCTUBRE,10,NO,"NO RESPETAR LAS SENIALES REGLAMENTARIAS DE TRANSITO. (PARE, CEDA EL PASO, LUZ ROJA DEL SEMAFORO, ETC).",CHOQUE LATERAL,BICICLETA,0,1,1,0,0,0,0,0,0,0,0,0,0,2,35,MUJER,LESIONADO,CONDUCTOR PRESENTE,NO,NO,0
7426,22903,22904,2017,0,0,-0.222891,-78.508141,PICHINCHA,QUITO,QUITO,URBANA,2017-10-18,06:50:00,6,MIERCOLES,3,OCTUBRE,10,NO,NO GUARDAR LA DISTANCIA LATERAL MINIMA DE SEGURIDAD ENTRE VEHICULOS.,ROZAMIENTOS,VEHICULO DEPORTIVO UTILITARIO,1,0,0,0,0,0,0,0,0,0,0,0,1,2,44,HOMBRE,ILESO,CONDUCTOR PRESENTE,NO,NO,0
7427,22904,22905,2017,0,0,-0.292724,-78.476486,PICHINCHA,QUITO,CONOCOTO,Rural,2017-10-18,07:17:00,7,MIERCOLES,3,OCTUBRE,10,NO,"CONDUCIR DESATENTO A LAS CONDICIONES DE TRANSITO (CELULAR, PANTALLAS DE VIDEO, COMIDA, MAQUILLAJE O CUALQUIER OTRO ELEMENTO DISTRACTOR).",CHOQUE POSTERIOR,VEHICULO DEPORTIVO UTILITARIO,1,0,0,0,0,0,0,0,0,0,0,0,1,2,41,HOMBRE,ILESO,CONDUCTOR PRESENTE,NO,NO,0
7428,22905,22906,2017,0,0,-0.105102,-78.490818,PICHINCHA,QUITO,QUITO,URBANA,2017-10-18,07:21:00,7,MIERCOLES,3,OCTUBRE,10,NO,NO CEDER EL DERECHO DE VIA O PREFERENCIA DE PASO A VEHICULOS.,CHOQUE LATERAL,AUTOMOVIL,2,0,0,0,0,0,0,0,0,0,0,0,0,2,19,HOMBRE,ILESO,CONDUCTOR PRESENTE,NO,NO,0
7429,22906,22907,2017,0,0,-0.205806,-78.499241,PICHINCHA,QUITO,QUITO,URBANA,2017-10-18,07:40:00,7,MIERCOLES,3,OCTUBRE,10,NO,"CONDUCIR DESATENTO A LAS CONDICIONES DE TRANSITO (CELULAR, PANTALLAS DE VIDEO, COMIDA, MAQUILLAJE O CUALQUIER OTRO ELEMENTO DISTRACTOR).",CHOQUE LATERAL,MOTOCICLETA,1,0,0,0,0,0,0,0,1,0,0,0,0,2,20,HOMBRE,ILESO,CONDUCTOR PRESENTE,NO,NO,0
7430,22908,22909,2017,0,0,-0.120424,-78.415686,PICHINCHA,QUITO,CALDERON (CARAPUNGO),Rural,2017-10-18,08:00:00,8,MIERCOLES,3,OCTUBRE,10,NO,NO MANTENER LA DISTANCIA PRUDENCIAL CON RESPECTO AL VEHICULO QUE LE ANTECEDE.,CHOQUE POSTERIOR,VEHICULO DEPORTIVO UTILITARIO,0,0,0,0,0,0,0,0,0,0,0,0,1,1,31,HOMBRE,ILESO,CONDUCTOR PRESENTE,NO,NO,0
7431,22909,22910,2017,0,0,-0.209302,-78.492346,PICHINCHA,QUITO,QUITO,Rural,2017-10-18,08:00:00,8,MIERCOLES,3,OCTUBRE,10,NO,NO MANTENER LA DISTANCIA PRUDENCIAL CON RESPECTO AL VEHICULO QUE LE ANTECEDE.,CHOQUE POSTERIOR,AUTOMOVIL,1,0,0,0,1,0,0,0,0,0,0,0,0,2,48,HOMBRE,ILESO,CONDUCTOR PRESENTE,NO,NO,0
7432,22914,22915,2017,0,0,-0.208498,-78.485714,PICHINCHA,QUITO,QUITO,URBANA,2017-10-18,08:30:00,8,MIERCOLES,3,OCTUBRE,10,NO,NO CEDER EL DERECHO DE VIA O PREFERENCIA DE PASO A VEHICULOS.,CHOQUE LATERAL,AUTOMOVIL,1,0,0,0,0,0,0,0,0,0,0,0,1,2,35,MUJER,ILESO,CONDUCTOR PRESENTE,NO,NO,0
7433,22920,22921,2017,1,0,-0.175884,-78.485889,PICHINCHA,QUITO,QUITO,URBANA,2017-10-18,09:30:00,9,MIERCOLES,3,OCTUBRE,10,NO,"CONDUCIR DESATENTO A LAS CONDICIONES DE TRANSITO (CELULAR, PANTALLAS DE VIDEO, COMIDA, MAQUILLAJE O CUALQUIER OTRO ELEMENTO DISTRACTOR).",CHOQUE POSTERIOR,AUTOMOVIL,1,0,0,0,0,0,0,0,0,1,0,0,0,2,42,MUJER,LESIONADO,CONDUCTOR PRESENTE,NO,NO,0
7434,22923,22924,2017,1,0,-0.210128,-78.416981,PICHINCHA,QUITO,TUMBACO,Rural,2017-10-18,12:20:00,12,MIERCOLES,3,OCTUBRE,10,NO,BAJARSE O SUBIRSE DE VEHICULOS EN MOVIMIENTO SIN TOMAR LAS PRECAUCIONES DEBIDAS.,CAIDA DE PASAJERO,NO IDENTIFICADO,0,0,0,0,0,0,0,0,0,1,0,0,0,1,63,MUJER,LESIONADO,PASAJERO,NO,NO,0