,Unnamed: 0,ID,ANIO,LESIONADOS,FALLECIDOS,LATITUD_Y,LONGITUD_X,PROVINCIA,CANTON,PARROQUIA,ZONA,FECHA,HORA,PERIODO_2,DIA_1,DIA_2,MES_1,MES_2,FERIADO,CAUSA_PROBABLE,TIPO_DE_SINIESTRO,TIPO_DE_VEHICULO_1,AUTOMOVIL,BICICLETA,BUS,CAMION,CAMIONETA,EMERGENCIAS,ESPECIAL,FURGONETA,MOTOCICLETA,NO_IDENTIFICADO,SCOOTER_ELECTRICO,TRICIMOTO,VEHICULO_DEPORTIVO_UTILITARIO,SUMA_DE_VEHICULOS,EDAD_1,SEXO_1,CONDICION_1,PARTICIPANTE_1,CASCO_1,CINTURON_1,KMeans_Cluster
7435,22924,22925,2017,0,0,-0.190028,-78.484391,PICHINCHA,QUITO,QUITO,URBANA,2017-10-18,13:30:00,13,MIERCOLES,3,OCTUBRE,10,NO,NO GUARDAR LA DISTANCIA LATERAL MINIMA DE SEGURIDAD ENTRE VEHICULOS.,ROZAMIENTOS,AUTOMOVIL,1,0,1,0,0,0,0,0,0,0,0,0,0,2,30,HOMBRE,ILESO,CONDUCTOR PRESENTE,NO,NO,0
7436,22928,22929,2017,0,0,-0.259286,-78.506721,PICHINCHA,QUITO,QUITO,URBANA,2017-10-18,14:40:00,14,MIERCOLES,3,OCTUBRE,10,NO,"CONDUCE BAJO LA INFLUENCIA DE ALCOHOL, SUSTANCIAS ESTUPEFACIENTES O PSICOTROPICAS Y/O MEDICAMENTOS.",ESTRELLAMIENTOS,AUTOMOVIL,2,0,0,0,0,0,0,0,0,0,0,0,0,2,28,HOMBRE,ILESO,CONDUCTOR PRESENTE,NO,NO,0
7437,22929,22930,2017,0,0,-0.254024,-78.504102,PICHINCHA,QUITO,QUITO,URBANA,2017-10-18,14:57:00,14,MIERCOLES,3,OCTUBRE,10,NO,CONDUCIR VEHICULO SUPERANDO LOS LIMITES MAXIMOS DE VELOCIDAD.,PERDIDA DE PISTA,AUTOMOVIL,1,0,0,0,0,0,0,0,0,0,0,0,0,1,25,HOMBRE,ILESO,CONDUCTOR PRESENTE,NO,NO,0
7438,22933,22934,2017,0,0,-0.199767,-78.428809,PICHINCHA,QUITO,CUMBAYA,Rural,2017-10-18,16:00:00,16,MIERCOLES,3,OCTUBRE,10,NO,REALIZAR CAMBIO BRUSCO O INDEBIDO DE CARRIL.,ESTRELLAMIENTOS,VEHICULO DEPORTIVO UTILITARIO,0,0,0,0,0,0,0,0,0,1,0,0,1,2,37,HOMBRE,ILESO,CONDUCTOR PRESENTE,NO,NO,0
7439,22935,22936,2017,0,0,-0.220632,-78.507931,PICHINCHA,QUITO,QUITO,URBANA,2017-10-18,16:45:00,16,MIERCOLES,3,OCTUBRE,10,NO,"NO RESPETAR LAS SENIALES REGLAMENTARIAS DE TRANSITO. (PARE, CEDA EL PASO, LUZ ROJA DEL SEMAFORO, ETC).",CHOQUE LATERAL,AUTOMOVIL,1,0,0,0,0,0,0,0,0,0,0,0,1,2,42,HOMBRE,ILESO,CONDUCTOR PRESENTE,NO,NO,0
7440,22936,22937,2017,0,0,-0.166823,-78.479177,PICHINCHA,QUITO,QUITO,URBANA,2017-10-18,16:55:00,16,MIERCOLES,3,OCTUBRE,10,NO,REALIZAR CAMBIO BRUSCO O INDEBIDO DE CARRIL.,ESTRELLAMIENTOS,VEHICULO DEPORTIVO UTILITARIO,0,0,0,0,0,0,0,0,0,0,0,0,2,2,74,MUJER,ILESO,CONDUCTOR PRESENTE,NO,NO,0
7441,22937,22938,2017,0,0,-0.318256,-78.557591,PICHINCHA,QUITO,QUITO,URBANA,2017-10-18,17:10:00,17,MIERCOLES,3,OCTUBRE,10,NO,"NO RESPETAR LAS SENIALES REGLAMENTARIAS DE TRANSITO. (PARE, CEDA EL PASO, LUZ ROJA DEL SEMAFORO, ETC).",CHOQUE LATERAL,VEHICULO DEPORTIVO UTILITARIO,0,0,0,0,0,0,0,0,1,0,0,0,1,2,45,HOMBRE,ILESO,CONDUCTOR PRESENTE,NO,NO,0
7442,22967,22968,2017,1,0,-0.188327,-78.511582,PICHINCHA,QUITO,QUITO,URBANA,2017-10-19,01:15:00,1,JUEVES,4,OCTUBRE,10,NO,"NO RESPETAR LAS SENIALES REGLAMENTARIAS DE TRANSITO. (PARE, CEDA EL PASO, LUZ ROJA DEL SEMAFORO, ETC).",CHOQUE LATERAL,MOTOCICLETA,0,0,0,0,0,0,0,0,1,1,0,0,0,2,23,HOMBRE,LESIONADO,CONDUCTOR PRESENTE,NO,NO,0
7443,22968,22969,2017,0,0,-0.163536,-78.474979,PICHINCHA,QUITO,QUITO,URBANA,2017-10-19,02:00:00,2,JUEVES,4,OCTUBRE,10,NO,"CONDUCIR EN ESTADO DE SOMNOLENCIA O MALAS CONDICIONES FISICAS (SUENIO, CANSANCIO Y FATIGA).",ESTRELLAMIENTOS,AUTOMOVIL,1,0,0,0,0,0,0,0,0,0,0,0,0,1,49,MUJER,ILESO,CONDUCTOR PRESENTE,NO,NO,0
7444,22972,22973,2017,0,0,-0.256119,-78.544645,PICHINCHA,QUITO,QUITO,URBANA,2017-10-19,07:00:00,7,JUEVES,4,OCTUBRE,10,NO,"CONDUCIR DESATENTO A LAS CONDICIONES DE TRANSITO (CELULAR, PANTALLAS DE VIDEO, COMIDA, MAQUILLAJE O CUALQUIER OTRO ELEMENTO DISTRACTOR).",ESTRELLAMIENTOS,AUTOMOVIL,1,0,0,0,0,0,0,0,0,0,0,0,0,1,-1,NO IDENTIFICADO,NO IDENTIFICADO,CONDUCTOR AUSENTE,NO,NO,2
7445,22973,22974,2017,0,0,-0.203601,-78.483057,PICHINCHA,QUITO,QUITO,URBANA,2017-10-19,07:30:00,7,JUEVES,4,OCTUBRE,10,NO,NO CEDER EL DERECHO DE VIA O PREFERENCIA DE PASO A VEHICULOS.,CHOQUE LATERAL,VEHICULO DEPORTIVO UTILITARIO,0,0,0,0,0,0,0,0,0,0,0,0,3,3,46,HOMBRE,ILESO,CONDUCTOR PRESENTE,NO,NO,0
7446,22974,22975,2017,1,0,-0.154457,-78.476966,PICHINCHA,QUITO,QUITO,URBANA,2017-10-19,07:42:00,7,JUEVES,4,OCTUBRE,10,NO,BAJARSE O SUBIRSE DE VEHICULOS EN MOVIMIENTO SIN TOMAR LAS PRECAUCIONES DEBIDAS.,CAIDA DE PASAJERO,NO IDENTIFICADO,0,0,0,0,0,0,0,0,0,1,0,0,0,1,72,MUJER,LESIONADO,PASAJERO,NO,NO,0
7447,22976,22977,2017,0,0,-0.196097,-78.494981,PICHINCHA,QUITO,QUITO,URBANA,2017-10-19,08:35:00,8,JUEVES,4,OCTUBRE,10,NO,"NO RESPETAR LAS SENIALES REGLAMENTARIAS DE TRANSITO. (PARE, CEDA EL PASO, LUZ ROJA DEL SEMAFORO, ETC).",CHOQUE LATERAL,AUTOMOVIL,1,0,0,0,0,0,0,0,0,1,0,0,0,2,46,MUJER,ILESO,CONDUCTOR PRESENTE,NO,NO,0
7448,22978,22979,2017,0,0,-0.206418,-78.499553,PICHINCHA,QUITO,QUITO,URBANA,2017-10-19,10:00:00,10,JUEVES,4,OCTUBRE,10,NO,NO GUARDAR LA DISTANCIA LATERAL MINIMA DE SEGURIDAD ENTRE VEHICULOS.,ROZAMIENTOS,CAMION,1,0,0,1,0,0,0,0,0,0,0,0,0,2,28,HOMBRE,ILESO,CONDUCTOR PRESENTE,NO,NO,0
7449,22979,22980,2017,0,0,-0.146272,-78.475036,PICHINCHA,QUITO,QUITO,URBANA,2017-10-19,10:45:00,10,JUEVES,4,OCTUBRE,10,NO,REALIZAR CAMBIO BRUSCO O INDEBIDO DE CARRIL.,ESTRELLAMIENTOS,MOTOCICLETA,0,0,0,0,0,0,0,0,1,1,0,0,0,2,19,HOMBRE,ILESO,CONDUCTOR PRESENTE,NO,NO,0
7450,22980,22981,2017,0,0,-0.197171,-78.497881,PICHINCHA,QUITO,QUITO,URBANA,2017-10-19,10:50:00,10,JUEVES,4,OCTUBRE,10,NO,NO RESPETAR LAS SENIALES MANUALES DEL AGENTE DE TRANSITO.,CHOQUE LATERAL,VEHICULO DEPORTIVO UTILITARIO,0,0,1,0,0,0,0,0,0,0,0,0,1,2,47,HOMBRE,ILESO,CONDUCTOR PRESENTE,NO,NO,0
7451,22981,22982,2017,0,0,-0.280982,-78.516477,PICHINCHA,QUITO,QUITO,URBANA,2017-10-19,10:55:00,10,JUEVES,4,OCTUBRE,10,NO,NO MANTENER LA DISTANCIA PRUDENCIAL CON RESPECTO AL VEHICULO QUE LE ANTECEDE.,COLISION,CAMIONETA,0,0,0,0,2,0,0,0,0,0,0,0,1,3,51,HOMBRE,ILESO,CONDUCTOR PRESENTE,NO,NO,0
7452,22982,22983,2017,1,0,-0.262756,-78.523091,PICHINCHA,QUITO,QUITO,URBANA,2017-10-19,11:10:00,11,JUEVES,4,OCTUBRE,10,NO,NO CEDER EL DERECHO DE VIA O PREFERENCIA DE PASO AL PEATON.,ATROPELLOS,AUTOMOVIL,1,0,0,0,0,0,0,0,0,0,0,0,0,1,22,MUJER,LESIONADO,PEATON,NO,NO,0
7453,22983,22984,2017,1,0,-0.258481,-78.544761,PICHINCHA,QUITO,QUITO,URBANA,2017-10-19,11:30:00,11,JUEVES,4,OCTUBRE,10,NO,"NO RESPETAR LAS SENIALES REGLAMENTARIAS DE TRANSITO. (PARE, CEDA EL PASO, LUZ ROJA DEL SEMAFORO, ETC).",CHOQUE LATERAL,CAMIONETA,0,0,1,0,1,0,0,0,0,0,0,0,0,2,21,MUJER,LESIONADO,PASAJERO,NO,NO,0
7454,22986,22987,2017,0,0,-0.193733,-78.482963,PICHINCHA,QUITO,QUITO,URBANA,2017-10-19,12:50:00,12,JUEVES,4,OCTUBRE,10,NO,"NO RESPETAR LAS SENIALES REGLAMENTARIAS DE TRANSITO. (PARE, CEDA EL PASO, LUZ ROJA DEL SEMAFORO, ETC).",CHOQUE LATERAL,VEHICULO DEPORTIVO UTILITARIO,1,0,0,0,0,0,0,0,0,0,0,0,1,2,28,MUJER,ILESO,CONDUCTOR PRESENTE,NO,NO,0
7455,22988,22989,2017,1,0,-0.215594,-78.404756,PICHINCHA,QUITO,TUMBACO,Rural,2017-10-19,13:40:00,13,JUEVES,4,OCTUBRE,10,NO,NO CEDER EL DERECHO DE VIA O PREFERENCIA DE PASO AL PEATON.,ATROPELLOS,AUTOMOVIL,1,0,0,0,0,0,0,0,0,0,0,0,0,1,11,MUJER,LESIONADO,PEATON,NO,NO,0
7456,22989,22990,2017,0,0,-0.161571,-78.487532,PICHINCHA,QUITO,QUITO,URBANA,2017-10-19,13:50:00,13,JUEVES,4,OCTUBRE,10,NO,NO GUARDAR LA DISTANCIA LATERAL MINIMA DE SEGURIDAD ENTRE VEHICULOS.,ROZAMIENTOS,VEHICULO DEPORTIVO UTILITARIO,0,0,0,0,0,0,0,0,0,1,0,0,1,2,54,HOMBRE,ILESO,CONDUCTOR PRESENTE,NO,NO,0
7457,22993,22994,2017,0,0,-0.292724,-78.476486,PICHINCHA,QUITO,CONOCOTO,Rural,2017-10-19,15:45:00,15,JUEVES,4,OCTUBRE,10,NO,REALIZAR CAMBIO BRUSCO O INDEBIDO DE CARRIL.,ESTRELLAMIENTOS,AUTOMOVIL,2,0,0,0,0,0,0,0,0,0,0,0,0,2,21,MUJER,ILESO,CONDUCTOR PRESENTE,NO,NO,0
7458,22995,22996,2017,1,0,-0.098412,-78.421256,PICHINCHA,QUITO,CALDERON (CARAPUNGO),Rural,2017-10-19,17:00:00,17,JUEVES,4,OCTUBRE,10,NO,NO CEDER EL DERECHO DE VIA O PREFERENCIA DE PASO AL PEATON.,ATROPELLOS,NO IDENTIFICADO,0,0,0,0,0,0,0,0,0,1,0,0,0,1,9,MUJER,LESIONADO,PEATON,NO,NO,0
7459,22998,22999,2017,0,0,-0.214883,-78.433737,PICHINCHA,QUITO,CUMBAYA,Rural,2017-10-19,17:55:00,17,JUEVES,4,OCTUBRE,10,NO,"NO RESPETAR LAS SENIALES REGLAMENTARIAS DE TRANSITO. (PARE, CEDA EL PASO, LUZ ROJA DEL SEMAFORO, ETC).",CHOQUE LATERAL,VEHICULO DEPORTIVO UTILITARIO,0,0,0,0,0,0,0,0,0,0,0,0,2,2,19,HOMBRE,ILESO,CONDUCTOR PRESENTE,NO,NO,0
7460,23003,23004,2017,2,0,-0.328479,-78.522294,PICHINCHA,QUITO,QUITO,URBANA,2017-10-19,20:10:00,20,JUEVES,4,OCTUBRE,10,NO,NO MANTENER LA DISTANCIA PRUDENCIAL CON RESPECTO AL VEHICULO QUE LE ANTECEDE.,CHOQUE POSTERIOR,MOTOCICLETA,0,0,0,0,0,0,1,0,1,0,0,0,0,2,27,HOMBRE,LESIONADO,CONDUCTOR PRESENTE,NO,NO,0
7461,23005,23006,2017,1,0,-0.334717,-78.550263,PICHINCHA,QUITO,QUITO,URBANA,2017-10-19,20:30:00,20,JUEVES,4,OCTUBRE,10,NO,NO CEDER EL DERECHO DE VIA O PREFERENCIA DE PASO AL PEATON.,ATROPELLOS,BUS,0,0,1,0,0,0,0,0,0,0,0,0,0,1,22,HOMBRE,LESIONADO,PEATON,NO,NO,0
7462,23006,23007,2017,0,0,-0.198155,-78.496021,PICHINCHA,QUITO,QUITO,URBANA,2017-10-19,22:00:00,22,JUEVES,4,OCTUBRE,10,NO,NO GUARDAR LA DISTANCIA LATERAL MINIMA DE SEGURIDAD ENTRE VEHICULOS.,ROZAMIENTOS,BUS,0,0,1,0,0,0,0,0,0,0,0,0,1,2,40,HOMBRE,ILESO,CONDUCTOR PRESENTE,NO,NO,0
7463,23010,23011,2017,0,0,-0.260629,-78.546185,PICHINCHA,QUITO,QUITO,URBANA,2017-10-19,23:30:00,23,JUEVES,4,OCTUBRE,10,NO,NO CEDER EL DERECHO DE VIA O PREFERENCIA DE PASO A VEHICULOS.,CHOQUE LATERAL,AUTOMOVIL,1,0,0,0,0,0,0,0,0,1,0,0,0,2,30,HOMBRE,ILESO,CONDUCTOR PRESENTE,NO,NO,0
7464,23024,23025,2017,0,0,-0.215393,-78.490727,PICHINCHA,QUITO,QUITO,URBANA,2017-10-20,00:40:00,0,VIERNES,5,OCTUBRE,10,NO,"CONDUCIR EN ESTADO DE SOMNOLENCIA O MALAS CONDICIONES FISICAS (SUENIO, CANSANCIO Y FATIGA).",ESTRELLAMIENTOS,AUTOMOVIL,1,0,0,0,0,0,0,0,0,0,0,0,0,1,-1,NO IDENTIFICADO,NO IDENTIFICADO,CONDUCTOR AUSENTE,NO,NO,2
7465,23025,23026,2017,0,0,-0.183516,-78.490489,PICHINCHA,QUITO,QUITO,URBANA,2017-10-20,00:55:00,0,VIERNES,5,OCTUBRE,10,NO,"CONDUCIR EN ESTADO DE SOMNOLENCIA O MALAS CONDICIONES FISICAS (SUENIO, CANSANCIO Y FATIGA).",ESTRELLAMIENTOS,AUTOMOVIL,1,0,0,0,0,0,0,0,0,0,0,0,0,1,40,MUJER,ILESO,CONDUCTOR PRESENTE,NO,NO,0
7466,23026,23027,2017,1,0,-0.377768,-78.552395,PICHINCHA,MEJIA,CUTUGLAHUA,Rural,2017-10-20,01:00:00,1,VIERNES,5,OCTUBRE,10,NO,"CONDUCIR DESATENTO A LAS CONDICIONES DE TRANSITO (CELULAR, PANTALLAS DE VIDEO, COMIDA, MAQUILLAJE O CUALQUIER OTRO ELEMENTO DISTRACTOR).",CHOQUE FRONTAL,AUTOMOVIL,2,0,0,0,0,0,0,0,0,0,0,0,0,2,24,HOMBRE,LESIONADO,PASAJERO,NO,NO,0
7467,23030,23031,2017,0,0,-0.292724,-78.476486,PICHINCHA,QUITO,CONOCOTO,Rural,2017-10-20,04:15:00,4,VIERNES,5,OCTUBRE,10,NO,"NO RESPETAR LAS SENIALES REGLAMENTARIAS DE TRANSITO. (PARE, CEDA EL PASO, LUZ ROJA DEL SEMAFORO, ETC).",CHOQUE LATERAL,AUTOMOVIL,2,0,0,0,0,0,0,0,0,0,0,0,0,2,30,HOMBRE,ILESO,CONDUCTOR PRESENTE,NO,NO,0
7468,23032,23033,2017,0,0,-0.210112,-78.493811,PICHINCHA,QUITO,QUITO,URBANA,2017-10-20,06:05:00,6,VIERNES,5,OCTUBRE,10,NO,NO GUARDAR LA DISTANCIA LATERAL MINIMA DE SEGURIDAD ENTRE VEHICULOS.,ROZAMIENTOS,BUS,1,0,1,0,0,0,0,0,0,0,0,0,0,2,38,HOMBRE,ILESO,CONDUCTOR PRESENTE,NO,NO,0
7469,23034,23035,2017,1,0,-0.100553,-78.472156,PICHINCHA,QUITO,QUITO,URBANA,2017-10-20,06:30:00,6,VIERNES,5,OCTUBRE,10,NO,NO CEDER EL DERECHO DE VIA O PREFERENCIA DE PASO AL PEATON.,ATROPELLOS,MOTOCICLETA,0,0,0,0,0,0,0,0,1,0,0,0,0,1,60,HOMBRE,LESIONADO,PEATON,NO,NO,0
7470,23036,23037,2017,0,0,-0.204719,-78.502295,PICHINCHA,QUITO,QUITO,URBANA,2017-10-20,06:42:00,6,VIERNES,5,OCTUBRE,10,NO,NO MANTENER LA DISTANCIA PRUDENCIAL CON RESPECTO AL VEHICULO QUE LE ANTECEDE.,COLISION,VEHICULO DEPORTIVO UTILITARIO,1,0,0,0,0,0,0,0,0,0,0,0,2,3,75,HOMBRE,ILESO,CONDUCTOR PRESENTE,NO,NO,0
7471,23037,23038,2017,1,0,-0.265504,-78.541456,PICHINCHA,QUITO,QUITO,URBANA,2017-10-20,06:50:00,6,VIERNES,5,OCTUBRE,10,NO,NO CEDER EL DERECHO DE VIA O PREFERENCIA DE PASO AL PEATON.,ATROPELLOS,NO IDENTIFICADO,0,0,0,0,0,0,0,0,0,1,0,0,0,1,17,MUJER,LESIONADO,PEATON,NO,NO,0
7472,23039,23040,2017,2,0,-0.161499,-78.495616,PICHINCHA,QUITO,QUITO,URBANA,2017-10-20,07:00:00,7,VIERNES,5,OCTUBRE,10,NO,CONDUCIR VEHICULO SUPERANDO LOS LIMITES MAXIMOS DE VELOCIDAD.,PERDIDA DE PISTA,MOTOCICLETA,0,0,0,0,0,0,0,0,1,0,0,0,0,1,28,HOMBRE,LESIONADO,CONDUCTOR PRESENTE,NO,NO,0
7473,23041,23042,2017,1,0,-0.261733,-78.538438,PICHINCHA,QUITO,QUITO,URBANA,2017-10-20,07:10:00,7,VIERNES,5,OCTUBRE,10,NO,NO CEDER EL DERECHO DE VIA O PREFERENCIA DE PASO AL PEATON.,ATROPELLOS,NO IDENTIFICADO,0,0,0,0,0,0,0,0,0,1,0,0,0,1,46,MUJER,LESIONADO,PEATON,NO,NO,0
7474,23042,23043,2017,2,0,-0.214274,-78.491198,PICHINCHA,QUITO,QUITO,URBANA,2017-10-20,07:40:00,7,VIERNES,5,OCTUBRE,10,NO,REALIZAR CAMBIO BRUSCO O INDEBIDO DE CARRIL.,ESTRELLAMIENTOS,VEHICULO DEPORTIVO UTILITARIO,0,0,0,0,0,0,0,0,0,0,0,0,1,1,71,HOMBRE,LESIONADO,CONDUCTOR PRESENTE,NO,NO,0
7475,23043,23044,2017,0,0,-0.186376,-78.495734,PICHINCHA,QUITO,QUITO,URBANA,2017-10-20,07:45:00,7,VIERNES,5,OCTUBRE,10,NO,"NO RESPETAR LAS SENIALES REGLAMENTARIAS DE TRANSITO. (PARE, CEDA EL PASO, LUZ ROJA DEL SEMAFORO, ETC).",CHOQUE LATERAL,AUTOMOVIL,1,0,0,0,0,0,0,0,0,1,0,0,0,2,33,HOMBRE,ILESO,CONDUCTOR PRESENTE,NO,NO,0
7476,23045,23046,2017,1,0,-0.168331,-78.473131,PICHINCHA,QUITO,QUITO,URBANA,2017-10-20,07:55:00,7,VIERNES,5,OCTUBRE,10,NO,NO CEDER EL DERECHO DE VIA O PREFERENCIA DE PASO AL PEATON.,ATROPELLOS,NO IDENTIFICADO,0,0,0,0,0,0,0,0,0,1,0,0,0,1,76,HOMBRE,LESIONADO,PEATON,NO,NO,0
7477,23046,23047,2017,0,0,-0.163294,-78.462564,PICHINCHA,QUITO,QUITO,URBANA,2017-10-20,08:10:00,8,VIERNES,5,OCTUBRE,10,NO,NO GUARDAR LA DISTANCIA LATERAL MINIMA DE SEGURIDAD ENTRE VEHICULOS.,ROZAMIENTOS,AUTOMOVIL,1,0,0,0,0,0,0,0,0,1,0,0,0,2,27,MUJER,ILESO,CONDUCTOR PRESENTE,NO,NO,0
7478,23047,23048,2017,1,0,-0.170676,-78.476424,PICHINCHA,QUITO,QUITO,URBANA,2017-10-20,09:35:00,9,VIERNES,5,OCTUBRE,10,NO,BAJARSE O SUBIRSE DE VEHICULOS EN MOVIMIENTO SIN TOMAR LAS PRECAUCIONES DEBIDAS.,CAIDA DE PASAJERO,NO IDENTIFICADO,0,0,0,0,0,0,0,0,0,1,0,0,0,1,76,HOMBRE,LESIONADO,PASAJERO,NO,NO,0
7479,23048,23049,2017,0,0,-0.159614,-78.477324,PICHINCHA,QUITO,QUITO,URBANA,2017-10-20,09:50:00,9,VIERNES,5,OCTUBRE,10,NO,NO GUARDAR LA DISTANCIA LATERAL MINIMA DE SEGURIDAD ENTRE VEHICULOS.,ROZAMIENTOS,AUTOMOVIL,2,0,0,0,0,0,0,0,0,0,0,0,0,2,37,MUJER,ILESO,CONDUCTOR PRESENTE,NO,NO,0
7480,23050,23051,2017,1,0,-0.221954,-78.508211,PICHINCHA,QUITO,QUITO,URBANA,2017-10-20,10:38:00,10,VIERNES,5,OCTUBRE,10,NO,NO CEDER EL DERECHO DE VIA O PREFERENCIA DE PASO AL PEATON.,ATROPELLOS,AUTOMOVIL,1,0,0,0,0,0,0,0,0,0,0,0,0,1,65,HOMBRE,LESIONADO,PEATON,NO,NO,0
7481,23051,23052,2017,1,0,-0.156616,-78.466161,PICHINCHA,QUITO,QUITO,URBANA,2017-10-20,10:40:00,10,VIERNES,5,OCTUBRE,10,NO,"NO RESPETAR LAS SENIALES REGLAMENTARIAS DE TRANSITO. (PARE, CEDA EL PASO, LUZ ROJA DEL SEMAFORO, ETC).",CHOQUE LATERAL,MOTOCICLETA,1,0,0,0,0,0,0,0,1,0,0,0,0,2,19,HOMBRE,LESIONADO,CONDUCTOR PRESENTE,NO,NO,0
7482,23052,23053,2017,1,0,-0.282706,-78.554325,PICHINCHA,QUITO,QUITO,URBANA,2017-10-20,10:45:00,10,VIERNES,5,OCTUBRE,10,NO,"CONDUCIR DESATENTO A LAS CONDICIONES DE TRANSITO (CELULAR, PANTALLAS DE VIDEO, COMIDA, MAQUILLAJE O CUALQUIER OTRO ELEMENTO DISTRACTOR).",CHOQUE POSTERIOR,AUTOMOVIL,2,0,0,0,0,0,0,0,0,0,0,0,0,2,26,MUJER,LESIONADO,PASAJERO,NO,NO,0
7483,23053,23054,2017,0,0,-0.202518,-78.481221,PICHINCHA,QUITO,QUITO,URBANA,2017-10-20,11:20:00,11,VIERNES,5,OCTUBRE,10,NO,NO GUARDAR LA DISTANCIA LATERAL MINIMA DE SEGURIDAD ENTRE VEHICULOS.,ROZAMIENTOS,VEHICULO DEPORTIVO UTILITARIO,0,0,0,0,0,0,0,0,0,1,0,0,1,2,51,HOMBRE,ILESO,CONDUCTOR PRESENTE,NO,NO,0
7484,23057,23058,2017,0,0,-0.188909,-78.498874,PICHINCHA,QUITO,QUITO,URBANA,2017-10-20,12:15:00,12,VIERNES,5,OCTUBRE,10,NO,"NO RESPETAR LAS SENIALES REGLAMENTARIAS DE TRANSITO. (PARE, CEDA EL PASO, LUZ ROJA DEL SEMAFORO, ETC).",CHOQUE LATERAL,CAMIONETA,1,0,0,0,1,0,0,0,0,0,0,0,0,2,51,HOMBRE,ILESO,CONDUCTOR PRESENTE,NO,NO,0
7485,23059,23060,2017,0,0,-0.115461,-78.489541,PICHINCHA,QUITO,QUITO,URBANA,2017-10-20,12:40:00,12,VIERNES,5,OCTUBRE,10,NO,NO GUARDAR LA DISTANCIA LATERAL MINIMA DE SEGURIDAD ENTRE VEHICULOS.,ROZAMIENTOS,FURGONETA,0,0,0,0,0,0,0,1,0,0,0,0,1,2,34,HOMBRE,ILESO,CONDUCTOR PRESENTE,NO,NO,0
7486,23061,23062,2017,0,0,-0.111929,-78.297343,PICHINCHA,QUITO,EL QUINCHE,Rural,2017-10-20,13:15:00,13,VIERNES,5,OCTUBRE,10,NO,"CONDUCIR DESATENTO A LAS CONDICIONES DE TRANSITO (CELULAR, PANTALLAS DE VIDEO, COMIDA, MAQUILLAJE O CUALQUIER OTRO ELEMENTO DISTRACTOR).",PERDIDA DE PISTA,CAMION,0,0,0,2,0,0,0,0,0,0,0,0,0,2,38,HOMBRE,ILESO,PEATON,NO,NO,0
7487,23063,23064,2017,0,0,-0.191414,-78.486699,PICHINCHA,QUITO,QUITO,URBANA,2017-10-20,13:40:00,13,VIERNES,5,OCTUBRE,10,NO,"CONDUCIR DESATENTO A LAS CONDICIONES DE TRANSITO (CELULAR, PANTALLAS DE VIDEO, COMIDA, MAQUILLAJE O CUALQUIER OTRO ELEMENTO DISTRACTOR).",CHOQUE POSTERIOR,ESPECIAL,0,0,0,0,0,0,1,0,0,0,0,0,0,1,40,MUJER,ILESO,CONDUCTOR PRESENTE,NO,NO,0
7488,23064,23065,2017,1,0,0.057531,-78.142655,PICHINCHA,CAYAMBE,CAYAMBE,URBANA,2017-10-20,13:40:00,13,VIERNES,5,OCTUBRE,10,NO,NO TRANSITAR POR LAS ACERAS O ZONAS DE SEGURIDAD DESTINADAS PARA EL EFECTO.,ATROPELLOS,VEHICULO DEPORTIVO UTILITARIO,0,0,0,0,0,0,0,1,0,0,0,0,1,2,40,MUJER,LESIONADO,CONDUCTOR PRESENTE,NO,NO,0
7489,23066,23067,2017,0,0,-0.186376,-78.495734,PICHINCHA,QUITO,QUITO,URBANA,2017-10-20,14:15:00,14,VIERNES,5,OCTUBRE,10,NO,"NO RESPETAR LAS SENIALES REGLAMENTARIAS DE TRANSITO. (PARE, CEDA EL PASO, LUZ ROJA DEL SEMAFORO, ETC).",CHOQUE LATERAL,AUTOMOVIL,1,0,0,0,0,0,0,0,0,1,0,0,0,2,56,HOMBRE,ILESO,CONDUCTOR PRESENTE,NO,NO,0
7490,23070,23071,2017,1,0,-0.297056,-78.564216,PICHINCHA,QUITO,QUITO,URBANA,2017-10-20,16:07:00,16,VIERNES,5,OCTUBRE,10,NO,"NO RESPETAR LAS SENIALES REGLAMENTARIAS DE TRANSITO. (PARE, CEDA EL PASO, LUZ ROJA DEL SEMAFORO, ETC).",CHOQUE LATERAL,MOTOCICLETA,1,0,0,0,0,0,0,0,1,0,0,0,0,2,27,HOMBRE,LESIONADO,CONDUCTOR PRESENTE,NO,NO,0
7491,23072,23073,2017,0,0,-0.104609,-78.491622,PICHINCHA,QUITO,QUITO,URBANA,2017-10-20,16:41:00,16,VIERNES,5,OCTUBRE,10,NO,NO GUARDAR LA DISTANCIA LATERAL MINIMA DE SEGURIDAD ENTRE VEHICULOS.,ROZAMIENTOS,AUTOMOVIL,2,0,0,0,0,0,0,0,0,0,0,0,0,2,53,MUJER,ILESO,CONDUCTOR PRESENTE,NO,NO,0
7492,23074,23075,2017,1,0,-0.247754,-78.518038,PICHINCHA,QUITO,QUITO,URBANA,2017-10-20,17:20:00,17,VIERNES,5,OCTUBRE,10,NO,NO CEDER EL DERECHO DE VIA O PREFERENCIA DE PASO AL PEATON.,ATROPELLOS,BUS,0,0,1,0,0,0,0,0,0,0,0,0,0,1,54,MUJER,LESIONADO,PEATON,NO,NO,0