,Unnamed: 0,ID,ANIO,LESIONADOS,FALLECIDOS,LATITUD_Y,LONGITUD_X,PROVINCIA,CANTON,PARROQUIA,ZONA,FECHA,HORA,PERIODO_2,DIA_1,DIA_2,MES_1,MES_2,FERIADO,CAUSA_PROBABLE,TIPO_DE_SINIESTRO,TIPO_DE_VEHICULO_1,AUTOMOVIL,BICICLETA,BUS,CAMION,CAMIONETA,EMERGENCIAS,ESPECIAL,FURGONETA,MOTOCICLETA,NO_IDENTIFICADO,SCOOTER_ELECTRICO,TRICIMOTO,VEHICULO_DEPORTIVO_UTILITARIO,SUMA_DE_VEHICULOS,EDAD_1,SEXO_1,CONDICION_1,PARTICIPANTE_1,CASCO_1,CINTURON_1,KMeans_Cluster
7493,23075,23076,2017,7,0,-0.199767,-78.428809,PICHINCHA,QUITO,CUMBAYA,Rural,2017-10-20,18:00:00,18,VIERNES,5,OCTUBRE,10,NO,CONDUCIR VEHICULO SUPERANDO LOS LIMITES MAXIMOS DE VELOCIDAD.,COLISION,CAMIONETA,3,0,0,0,1,0,0,0,0,0,0,0,0,4,21,HOMBRE,LESIONADO,CONDUCTOR PRESENTE,NO,NO,0
7494,23076,23077,2017,0,0,-0.196684,-78.483816,PICHINCHA,QUITO,QUITO,URBANA,2017-10-20,18:30:00,18,VIERNES,5,OCTUBRE,10,NO,"CONDUCIR DESATENTO A LAS CONDICIONES DE TRANSITO (CELULAR, PANTALLAS DE VIDEO, COMIDA, MAQUILLAJE O CUALQUIER OTRO ELEMENTO DISTRACTOR).",CHOQUE POSTERIOR,AUTOMOVIL,1,0,0,0,0,0,0,0,0,1,0,0,0,2,38,MUJER,ILESO,CONDUCTOR PRESENTE,NO,NO,0
7495,23077,23078,2017,1,0,-0.305648,-78.497581,PICHINCHA,QUITO,CONOCOTO,Rural,2017-10-20,18:30:00,18,VIERNES,5,OCTUBRE,10,NO,NO CEDER EL DERECHO DE VIA O PREFERENCIA DE PASO AL PEATON.,ATROPELLOS,NO IDENTIFICADO,0,0,0,0,0,0,0,0,0,1,0,0,0,1,24,MUJER,LESIONADO,PEATON,NO,NO,0
7496,23079,23080,2017,0,0,-0.098993,-78.478996,PICHINCHA,QUITO,QUITO,URBANA,2017-10-20,19:00:00,19,VIERNES,5,OCTUBRE,10,NO,"NO RESPETAR LAS SENIALES REGLAMENTARIAS DE TRANSITO. (PARE, CEDA EL PASO, LUZ ROJA DEL SEMAFORO, ETC).",CHOQUE LATERAL,AUTOMOVIL,2,0,0,0,0,0,0,0,0,0,0,0,0,2,28,HOMBRE,ILESO,CONDUCTOR PRESENTE,NO,NO,0
7497,23080,23081,2017,1,0,-0.126921,-78.468921,PICHINCHA,QUITO,QUITO,URBANA,2017-10-20,19:10:00,19,VIERNES,5,OCTUBRE,10,NO,NO CEDER EL DERECHO DE VIA O PREFERENCIA DE PASO AL PEATON.,ARROLLAMIENTOS,NO IDENTIFICADO,0,0,0,0,0,0,0,0,0,1,0,0,0,1,29,MUJER,LESIONADO,PEATON,NO,NO,0
7498,23081,23082,2017,0,0,-0.186376,-78.495734,PICHINCHA,QUITO,QUITO,URBANA,2017-10-20,19:15:00,19,VIERNES,5,OCTUBRE,10,NO,NO CEDER EL DERECHO DE VIA O PREFERENCIA DE PASO A VEHICULOS.,CHOQUE LATERAL,AUTOMOVIL,2,0,0,0,0,0,0,0,0,0,0,0,0,2,71,HOMBRE,ILESO,CONDUCTOR PRESENTE,NO,NO,0
7499,23082,23083,2017,0,0,-0.158294,-78.446293,PICHINCHA,QUITO,NAYON,URBANA,2017-10-20,19:15:00,19,VIERNES,5,OCTUBRE,10,NO,NO MANTENER LA DISTANCIA PRUDENCIAL CON RESPECTO AL VEHICULO QUE LE ANTECEDE.,CHOQUE POSTERIOR,VEHICULO DEPORTIVO UTILITARIO,0,0,1,0,0,0,0,0,0,0,0,0,1,2,44,HOMBRE,ILESO,CONDUCTOR PRESENTE,NO,NO,0
7500,23088,23089,2017,0,1,-0.102631,-78.489147,PICHINCHA,QUITO,QUITO,URBANA,2017-10-20,21:30:00,21,VIERNES,5,OCTUBRE,10,NO,CONDUCIR VEHICULO SUPERANDO LOS LIMITES MAXIMOS DE VELOCIDAD.,ESTRELLAMIENTOS,AUTOMOVIL,1,0,0,0,0,0,0,0,0,1,0,0,0,2,32,HOMBRE,FALLECIDO,PASAJERO,NO,NO,0
7501,23109,23110,2017,1,0,-0.248204,-78.535702,PICHINCHA,QUITO,QUITO,URBANA,2017-10-21,00:10:00,0,SABADO,6,OCTUBRE,10,NO,"CONDUCE BAJO LA INFLUENCIA DE ALCOHOL, SUSTANCIAS ESTUPEFACIENTES O PSICOTROPICAS Y/O MEDICAMENTOS.",CHOQUE POSTERIOR,MOTOCICLETA,0,0,0,0,0,0,0,0,2,0,0,0,0,2,43,HOMBRE,LESIONADO,CONDUCTOR PRESENTE,NO,NO,0
7502,23110,23111,2017,1,0,-0.096378,-78.511462,PICHINCHA,QUITO,QUITO,URBANA,2017-10-21,00:15:00,0,SABADO,6,OCTUBRE,10,NO,"CONDUCIR EN ESTADO DE SOMNOLENCIA O MALAS CONDICIONES FISICAS (SUENIO, CANSANCIO Y FATIGA).",PERDIDA DE PISTA,MOTOCICLETA,0,0,0,0,0,0,0,0,1,0,0,0,0,1,33,HOMBRE,LESIONADO,CONDUCTOR PRESENTE,NO,NO,0
7503,23111,23112,2017,0,0,-0.170256,-78.479786,PICHINCHA,QUITO,QUITO,URBANA,2017-10-21,00:30:00,0,SABADO,6,OCTUBRE,10,NO,NO MANTENER LA DISTANCIA PRUDENCIAL CON RESPECTO AL VEHICULO QUE LE ANTECEDE.,CHOQUE POSTERIOR,AUTOMOVIL,2,0,0,0,0,0,0,0,0,0,0,0,0,2,23,HOMBRE,ILESO,CONDUCTOR PRESENTE,NO,NO,0
7504,23114,23115,2017,0,0,-0.254554,-78.530844,PICHINCHA,QUITO,QUITO,URBANA,2017-10-21,01:40:00,1,SABADO,6,OCTUBRE,10,NO,"CONDUCIR EN ESTADO DE SOMNOLENCIA O MALAS CONDICIONES FISICAS (SUENIO, CANSANCIO Y FATIGA).",ESTRELLAMIENTOS,VEHICULO DEPORTIVO UTILITARIO,0,0,0,1,0,0,0,0,0,0,0,0,1,2,26,HOMBRE,ILESO,CONDUCTOR PRESENTE,NO,NO,0
7505,23120,23121,2017,0,0,-0.177377,-78.473465,PICHINCHA,QUITO,QUITO,URBANA,2017-10-21,03:20:00,3,SABADO,6,OCTUBRE,10,NO,"CONDUCIR EN ESTADO DE SOMNOLENCIA O MALAS CONDICIONES FISICAS (SUENIO, CANSANCIO Y FATIGA).",ESTRELLAMIENTOS,VEHICULO DEPORTIVO UTILITARIO,0,0,0,0,0,0,0,0,0,0,0,0,1,1,-1,NO IDENTIFICADO,NO IDENTIFICADO,CONDUCTOR AUSENTE,NO,NO,2
7506,23124,23125,2017,1,0,-0.230418,-78.513135,PICHINCHA,QUITO,QUITO,URBANA,2017-10-21,03:58:00,3,SABADO,6,OCTUBRE,10,NO,"CONDUCIR EN ESTADO DE SOMNOLENCIA O MALAS CONDICIONES FISICAS (SUENIO, CANSANCIO Y FATIGA).",PERDIDA DE PISTA,MOTOCICLETA,0,0,0,0,0,0,0,0,1,0,0,0,0,1,30,HOMBRE,LESIONADO,CONDUCTOR PRESENTE,NO,NO,0
7507,23129,23130,2017,0,0,-0.092359,-78.412871,PICHINCHA,QUITO,CALDERON (CARAPUNGO),Rural,2017-10-21,06:00:00,6,SABADO,6,OCTUBRE,10,NO,"CONDUCIR DESATENTO A LAS CONDICIONES DE TRANSITO (CELULAR, PANTALLAS DE VIDEO, COMIDA, MAQUILLAJE O CUALQUIER OTRO ELEMENTO DISTRACTOR).",PERDIDA DE PISTA,AUTOMOVIL,1,0,0,0,0,0,0,0,0,0,0,0,0,1,-1,NO IDENTIFICADO,NO IDENTIFICADO,CONDUCTOR AUSENTE,NO,NO,2
7508,23130,23131,2017,0,0,-0.061083,-78.425722,PICHINCHA,QUITO,CALDERON (CARAPUNGO),Rural,2017-10-21,06:15:00,6,SABADO,6,OCTUBRE,10,NO,REALIZAR CAMBIO BRUSCO O INDEBIDO DE CARRIL.,ESTRELLAMIENTOS,AUTOMOVIL,1,0,0,0,0,0,0,0,0,0,0,0,0,1,-1,NO IDENTIFICADO,NO IDENTIFICADO,CONDUCTOR AUSENTE,NO,NO,2
7509,23132,23133,2017,1,0,-0.201667,-78.476303,PICHINCHA,QUITO,QUITO,URBANA,2017-10-21,07:00:00,7,SABADO,6,OCTUBRE,10,NO,REALIZAR CAMBIO BRUSCO O INDEBIDO DE CARRIL.,ESTRELLAMIENTOS,VEHICULO DEPORTIVO UTILITARIO,0,0,0,0,0,0,0,0,0,0,0,0,1,1,27,MUJER,LESIONADO,CONDUCTOR PRESENTE,NO,NO,0
7510,23133,23134,2017,1,0,-0.201887,-78.431161,PICHINCHA,QUITO,CUMBAYA,Rural,2017-10-21,07:31:00,7,SABADO,6,OCTUBRE,10,NO,NO TRANSITAR POR LAS ACERAS O ZONAS DE SEGURIDAD DESTINADAS PARA EL EFECTO.,ATROPELLOS,NO IDENTIFICADO,0,0,0,0,0,0,0,0,0,1,0,0,0,1,8,HOMBRE,LESIONADO,PEATON,NO,NO,0
7511,23136,23137,2017,1,0,-0.191657,-78.490808,PICHINCHA,QUITO,QUITO,URBANA,2017-10-21,09:05:00,9,SABADO,6,OCTUBRE,10,NO,"NO RESPETAR LAS SENIALES REGLAMENTARIAS DE TRANSITO. (PARE, CEDA EL PASO, LUZ ROJA DEL SEMAFORO, ETC).",CHOQUE LATERAL,CAMIONETA,0,0,0,1,1,0,0,0,0,0,0,0,0,2,62,HOMBRE,LESIONADO,CONDUCTOR PRESENTE,NO,NO,0
7512,23140,23141,2017,1,0,-0.215633,-78.504108,PICHINCHA,QUITO,QUITO,URBANA,2017-10-21,09:58:00,9,SABADO,6,OCTUBRE,10,NO,NO GUARDAR LA DISTANCIA LATERAL MINIMA DE SEGURIDAD ENTRE VEHICULOS.,ROZAMIENTOS,NO IDENTIFICADO,0,0,0,0,0,0,0,0,0,2,0,0,0,2,18,MUJER,LESIONADO,PASAJERO,NO,NO,0
7513,23145,23146,2017,0,0,-0.296116,-78.558944,PICHINCHA,QUITO,QUITO,URBANA,2017-10-21,11:00:00,11,SABADO,6,OCTUBRE,10,NO,"NO RESPETAR LAS SENIALES REGLAMENTARIAS DE TRANSITO. (PARE, CEDA EL PASO, LUZ ROJA DEL SEMAFORO, ETC).",CHOQUE LATERAL,AUTOMOVIL,1,0,0,0,0,0,0,0,0,1,0,0,0,2,27,HOMBRE,ILESO,CONDUCTOR PRESENTE,NO,NO,0
7514,23153,23154,2017,1,0,-0.296881,-78.558729,PICHINCHA,QUITO,QUITO,URBANA,2017-10-21,12:40:00,12,SABADO,6,OCTUBRE,10,NO,NO GUARDAR LA DISTANCIA LATERAL MINIMA DE SEGURIDAD ENTRE VEHICULOS.,ROZAMIENTOS,BICICLETA,0,1,0,0,0,0,0,0,0,1,0,0,0,2,-1,HOMBRE,LESIONADO,CONDUCTOR PRESENTE,NO,NO,0
7515,23155,23156,2017,1,0,-0.199767,-78.428809,PICHINCHA,QUITO,CUMBAYA,Rural,2017-10-21,13:30:00,13,SABADO,6,OCTUBRE,10,NO,NO CEDER EL DERECHO DE VIA O PREFERENCIA DE PASO A VEHICULOS.,CHOQUE LATERAL,AUTOMOVIL,1,0,0,0,0,0,0,0,1,0,0,0,0,2,35,MUJER,LESIONADO,PASAJERO,NO,NO,0
7516,23158,23159,2017,0,0,-0.199941,-78.432326,PICHINCHA,QUITO,CUMBAYA,Rural,2017-10-21,14:30:00,14,SABADO,6,OCTUBRE,10,NO,REALIZAR CAMBIO BRUSCO O INDEBIDO DE CARRIL.,CHOQUE LATERAL,AUTOMOVIL,1,0,0,0,0,0,0,0,1,0,0,0,0,2,19,HOMBRE,ILESO,CONDUCTOR PRESENTE,NO,NO,0
7517,23160,23161,2017,1,0,-0.269036,-78.536004,PICHINCHA,QUITO,QUITO,URBANA,2017-10-21,15:20:00,15,SABADO,6,OCTUBRE,10,NO,NO CEDER EL DERECHO DE VIA O PREFERENCIA DE PASO AL PEATON.,ATROPELLOS,AUTOMOVIL,1,0,0,0,0,0,0,0,0,0,0,0,0,1,32,MUJER,LESIONADO,PEATON,NO,NO,0
7518,23161,23162,2017,0,0,-0.448116,-78.661917,PICHINCHA,MEJIA,ALOAG,Rural,2017-10-21,16:30:00,16,SABADO,6,OCTUBRE,10,NO,"PRESENCIA DE AGENTES EXTERNOS EN LA VIA (AGUA, ACEITE, PIEDRA, LASTRE, ESCOMBROS, MADEROS, ETC.).",PERDIDA DE PISTA,AUTOMOVIL,1,0,0,0,1,0,0,0,0,0,0,0,0,2,62,HOMBRE,ILESO,CONDUCTOR PRESENTE,NO,NO,0
7519,23167,23168,2017,0,0,-0.233058,-78.524151,PICHINCHA,QUITO,QUITO,URBANA,2017-10-21,18:45:00,18,SABADO,6,OCTUBRE,10,NO,NO GUARDAR LA DISTANCIA LATERAL MINIMA DE SEGURIDAD ENTRE VEHICULOS.,ROZAMIENTOS,VEHICULO DEPORTIVO UTILITARIO,0,0,0,0,0,0,0,0,1,0,0,0,1,2,45,HOMBRE,ILESO,CONDUCTOR PRESENTE,NO,NO,0
7520,23173,23174,2017,0,0,-0.104533,-78.453781,PICHINCHA,QUITO,CALDERON (CARAPUNGO),Rural,2017-10-21,20:40:00,20,SABADO,6,OCTUBRE,10,NO,"NO RESPETAR LAS SENIALES REGLAMENTARIAS DE TRANSITO. (PARE, CEDA EL PASO, LUZ ROJA DEL SEMAFORO, ETC).",CHOQUE LATERAL,CAMIONETA,0,0,0,0,1,0,0,0,0,1,0,0,0,2,48,HOMBRE,ILESO,CONDUCTOR PRESENTE,NO,NO,0
7521,23176,23177,2017,0,0,0.049699,-78.145644,PICHINCHA,CAYAMBE,CAYAMBE,URBANA,2017-10-21,21:20:00,21,SABADO,6,OCTUBRE,10,NO,"CONDUCE BAJO LA INFLUENCIA DE ALCOHOL, SUSTANCIAS ESTUPEFACIENTES O PSICOTROPICAS Y/O MEDICAMENTOS.",CHOQUE POSTERIOR,CAMION,1,0,0,1,0,0,0,0,0,0,0,0,0,2,35,HOMBRE,ILESO,CONDUCTOR PRESENTE,NO,NO,0
7522,23178,23179,2017,1,0,-0.245755,-78.516155,PICHINCHA,QUITO,QUITO,URBANA,2017-10-21,21:40:00,21,SABADO,6,OCTUBRE,10,NO,CONDUCIR VEHICULO SUPERANDO LOS LIMITES MAXIMOS DE VELOCIDAD.,PERDIDA DE PISTA,MOTOCICLETA,0,0,0,0,1,0,0,0,1,0,0,0,0,2,18,HOMBRE,LESIONADO,CONDUCTOR PRESENTE,NO,NO,0
7523,23183,23184,2017,2,0,-0.116014,-78.479591,PICHINCHA,QUITO,QUITO,URBANA,2017-10-21,23:50:00,23,SABADO,6,OCTUBRE,10,NO,NO CEDER EL DERECHO DE VIA O PREFERENCIA DE PASO AL PEATON.,ATROPELLOS,NO IDENTIFICADO,0,0,0,0,0,0,0,0,0,1,0,0,0,1,28,MUJER,LESIONADO,PEATON,NO,NO,0
7524,23184,23185,2017,1,0,-0.202052,-78.486464,PICHINCHA,QUITO,QUITO,URBANA,2017-10-21,23:51:00,23,SABADO,6,OCTUBRE,10,NO,"CONDUCE BAJO LA INFLUENCIA DE ALCOHOL, SUSTANCIAS ESTUPEFACIENTES O PSICOTROPICAS Y/O MEDICAMENTOS.",CHOQUE LATERAL,VEHICULO DEPORTIVO UTILITARIO,0,0,0,0,0,0,0,0,1,0,0,0,1,2,24,HOMBRE,LESIONADO,CONDUCTOR PRESENTE,NO,NO,0
7525,23214,23215,2017,0,0,-0.214651,-78.500491,PICHINCHA,QUITO,QUITO,URBANA,2017-10-22,01:01:00,1,DOMINGO,7,OCTUBRE,10,NO,"CONDUCE BAJO LA INFLUENCIA DE ALCOHOL, SUSTANCIAS ESTUPEFACIENTES O PSICOTROPICAS Y/O MEDICAMENTOS.",ESTRELLAMIENTOS,AUTOMOVIL,1,0,0,0,0,0,0,0,0,0,0,0,0,1,26,HOMBRE,ILESO,CONDUCTOR PRESENTE,NO,NO,0
7526,23215,23216,2017,1,0,0.042951,-78.138253,PICHINCHA,CAYAMBE,CAYAMBE,URBANA,2017-10-22,02:00:00,2,DOMINGO,7,OCTUBRE,10,NO,"CONDUCE BAJO LA INFLUENCIA DE ALCOHOL, SUSTANCIAS ESTUPEFACIENTES O PSICOTROPICAS Y/O MEDICAMENTOS.",PERDIDA DE PISTA,AUTOMOVIL,1,0,0,0,0,0,0,0,0,0,0,0,0,1,22,HOMBRE,LESIONADO,PASAJERO,NO,NO,0
7527,23218,23219,2017,1,0,-0.204444,-78.449444,PICHINCHA,QUITO,CUMBAYA,Rural,2017-10-22,03:40:00,3,DOMINGO,7,OCTUBRE,10,NO,"CONDUCIR EN ESTADO DE SOMNOLENCIA O MALAS CONDICIONES FISICAS (SUENIO, CANSANCIO Y FATIGA).",PERDIDA DE PISTA,MOTOCICLETA,0,0,0,0,0,0,0,0,1,0,0,0,0,1,35,HOMBRE,LESIONADO,CONDUCTOR PRESENTE,NO,NO,0
7528,23219,23220,2017,1,0,-0.129197,-78.502316,PICHINCHA,QUITO,QUITO,URBANA,2017-10-22,03:50:00,3,DOMINGO,7,OCTUBRE,10,NO,"CONDUCIR EN ESTADO DE SOMNOLENCIA O MALAS CONDICIONES FISICAS (SUENIO, CANSANCIO Y FATIGA).",ESTRELLAMIENTOS,MOTOCICLETA,0,0,0,0,0,0,0,0,1,0,0,0,0,1,45,HOMBRE,LESIONADO,CONDUCTOR PRESENTE,NO,NO,0
7529,23225,23226,2017,0,0,-0.324812,-78.476004,PICHINCHA,QUITO,CONOCOTO,Rural,2017-10-22,05:40:00,5,DOMINGO,7,OCTUBRE,10,NO,"CONDUCIR EN ESTADO DE SOMNOLENCIA O MALAS CONDICIONES FISICAS (SUENIO, CANSANCIO Y FATIGA).",ESTRELLAMIENTOS,AUTOMOVIL,1,0,0,0,0,0,0,0,0,0,0,0,0,1,-1,NO IDENTIFICADO,NO IDENTIFICADO,CONDUCTOR AUSENTE,NO,NO,2
7530,23231,23232,2017,2,0,-0.299164,-78.479653,PICHINCHA,QUITO,CONOCOTO,Rural,2017-10-22,09:00:00,9,DOMINGO,7,OCTUBRE,10,NO,"NO RESPETAR LAS SENIALES REGLAMENTARIAS DE TRANSITO. (PARE, CEDA EL PASO, LUZ ROJA DEL SEMAFORO, ETC).",CHOQUE LATERAL,MOTOCICLETA,0,0,0,0,0,0,0,0,1,1,0,0,0,2,22,HOMBRE,LESIONADO,CONDUCTOR PRESENTE,NO,NO,0
7531,23236,23237,2017,1,0,0.045997,-78.201883,PICHINCHA,PEDRO MONCAYO,TABACUNDO,URBANA,2017-10-22,11:00:00,11,DOMINGO,7,OCTUBRE,10,NO,"CONDUCE BAJO LA INFLUENCIA DE ALCOHOL, SUSTANCIAS ESTUPEFACIENTES O PSICOTROPICAS Y/O MEDICAMENTOS.",CAIDA DE PASAJERO,BUS,0,0,1,0,0,0,0,0,0,0,0,0,0,1,35,HOMBRE,LESIONADO,PEATON,NO,NO,0
7532,23237,23238,2017,1,0,-0.289057,-78.561903,PICHINCHA,QUITO,QUITO,URBANA,2017-10-22,11:15:00,11,DOMINGO,7,OCTUBRE,10,NO,"CONDUCE BAJO LA INFLUENCIA DE ALCOHOL, SUSTANCIAS ESTUPEFACIENTES O PSICOTROPICAS Y/O MEDICAMENTOS.",CHOQUE LATERAL,AUTOMOVIL,1,0,1,0,0,0,0,1,0,0,0,0,0,3,32,MUJER,LESIONADO,PASAJERO,NO,NO,0
7533,23238,23239,2017,0,0,-0.195652,-78.484196,PICHINCHA,QUITO,QUITO,URBANA,2017-10-22,11:50:00,11,DOMINGO,7,OCTUBRE,10,NO,"NO RESPETAR LAS SENIALES REGLAMENTARIAS DE TRANSITO. (PARE, CEDA EL PASO, LUZ ROJA DEL SEMAFORO, ETC).",CHOQUE LATERAL,MOTOCICLETA,0,0,0,0,0,0,0,0,1,1,0,0,0,2,23,HOMBRE,ILESO,CONDUCTOR PRESENTE,NO,NO,0
7534,23239,23240,2017,1,0,-0.216851,-78.402099,PICHINCHA,QUITO,TUMBACO,URBANA,2017-10-22,11:50:00,11,DOMINGO,7,OCTUBRE,10,NO,NO CEDER EL DERECHO DE VIA O PREFERENCIA DE PASO AL PEATON.,ATROPELLOS,AUTOMOVIL,1,0,0,0,0,0,0,0,0,0,0,0,0,1,36,HOMBRE,LESIONADO,PEATON,NO,NO,0
7535,23241,23242,2017,1,0,-0.091585,-78.439052,PICHINCHA,QUITO,CALDERON (CARAPUNGO),URBANA,2017-10-22,12:25:00,12,DOMINGO,7,OCTUBRE,10,NO,NO CEDER EL DERECHO DE VIA O PREFERENCIA DE PASO AL PEATON.,ATROPELLOS,VEHICULO DEPORTIVO UTILITARIO,0,0,0,0,0,0,0,0,0,0,0,0,1,1,6,HOMBRE,LESIONADO,PEATON,NO,NO,0
7536,23243,23244,2017,0,0,-0.250527,-78.495111,PICHINCHA,QUITO,QUITO,URBANA,2017-10-22,12:35:00,12,DOMINGO,7,OCTUBRE,10,NO,NO MANTENER LA DISTANCIA PRUDENCIAL CON RESPECTO AL VEHICULO QUE LE ANTECEDE.,CHOQUE POSTERIOR,VEHICULO DEPORTIVO UTILITARIO,1,0,0,0,0,0,0,0,0,0,0,0,1,2,37,HOMBRE,ILESO,CONDUCTOR PRESENTE,NO,NO,0
7537,23246,23247,2017,0,0,-0.023089,-78.333201,PICHINCHA,PEDRO MONCAYO,TOCACHI,Rural,2017-10-22,13:30:00,13,DOMINGO,7,OCTUBRE,10,NO,"CONDUCIR DESATENTO A LAS CONDICIONES DE TRANSITO (CELULAR, PANTALLAS DE VIDEO, COMIDA, MAQUILLAJE O CUALQUIER OTRO ELEMENTO DISTRACTOR).",ESTRELLAMIENTOS,AUTOMOVIL,1,0,0,0,0,0,0,0,0,0,0,0,0,1,41,HOMBRE,ILESO,CONDUCTOR PRESENTE,NO,NO,0
7538,23249,23250,2017,1,0,-0.313761,-78.546196,PICHINCHA,QUITO,QUITO,URBANA,2017-10-22,14:20:00,14,DOMINGO,7,OCTUBRE,10,NO,CONDUCIR VEHICULO SUPERANDO LOS LIMITES MAXIMOS DE VELOCIDAD.,PERDIDA DE PISTA,MOTOCICLETA,0,0,0,0,0,0,0,0,1,0,0,0,0,1,24,HOMBRE,LESIONADO,PASAJERO,NO,NO,0
7539,23251,23252,2017,1,0,-0.204592,-78.455985,PICHINCHA,QUITO,QUITO,Rural,2017-10-22,14:40:00,14,DOMINGO,7,OCTUBRE,10,NO,CONDUCIR VEHICULO SUPERANDO LOS LIMITES MAXIMOS DE VELOCIDAD.,PERDIDA DE PISTA,MOTOCICLETA,0,0,0,0,0,0,0,0,1,0,0,0,0,1,25,HOMBRE,LESIONADO,CONDUCTOR PRESENTE,NO,NO,0
7540,23252,23253,2017,1,0,-0.111478,-78.489835,PICHINCHA,QUITO,QUITO,URBANA,2017-10-22,15:00:00,15,DOMINGO,7,OCTUBRE,10,NO,PEATON QUE CRUZA LA CALZADA SIN RESPETAR LA SENIALIZACION EXISTENTE (SEMAFOROS O SENIALES MANUALES).,ATROPELLOS,CAMIONETA,0,0,0,0,1,0,0,0,0,0,0,0,0,1,18,MUJER,LESIONADO,PEATON,NO,NO,0
7541,23253,23254,2017,0,0,-0.102323,-78.491301,PICHINCHA,QUITO,QUITO,URBANA,2017-10-22,15:15:00,15,DOMINGO,7,OCTUBRE,10,NO,CONDUCIR EN SENTIDO CONTRARIO A LA VIA NORMAL DE CIRCULACION.,CHOQUE FRONTAL,VEHICULO DEPORTIVO UTILITARIO,0,0,0,0,0,0,0,0,0,1,0,0,1,2,35,HOMBRE,ILESO,CONDUCTOR PRESENTE,NO,NO,0
7542,23254,23255,2017,1,0,-0.089711,-78.476392,PICHINCHA,QUITO,QUITO,URBANA,2017-10-22,15:25:00,15,DOMINGO,7,OCTUBRE,10,NO,NO CEDER EL DERECHO DE VIA O PREFERENCIA DE PASO AL PEATON.,ATROPELLOS,NO IDENTIFICADO,0,0,0,0,0,0,0,0,0,1,0,0,0,1,27,MUJER,LESIONADO,PEATON,NO,NO,0
7543,23258,23259,2017,0,0,-0.303416,-78.460915,PICHINCHA,RUMINIAHUI,SANGOLQUI,URBANA,2017-10-22,19:00:00,19,DOMINGO,7,OCTUBRE,10,NO,"CONDUCE BAJO LA INFLUENCIA DE ALCOHOL, SUSTANCIAS ESTUPEFACIENTES O PSICOTROPICAS Y/O MEDICAMENTOS.",CHOQUE POSTERIOR,CAMION,1,0,0,1,0,0,0,0,0,0,0,0,0,2,21,HOMBRE,ILESO,CONDUCTOR PRESENTE,NO,NO,0
7544,23259,23260,2017,0,0,0.008933,-78.183489,PICHINCHA,PEDRO MONCAYO,TABACUNDO,URBANA,2017-10-22,19:30:00,19,DOMINGO,7,OCTUBRE,10,NO,"CONDUCIR DESATENTO A LAS CONDICIONES DE TRANSITO (CELULAR, PANTALLAS DE VIDEO, COMIDA, MAQUILLAJE O CUALQUIER OTRO ELEMENTO DISTRACTOR).",ATROPELLOS,AUTOMOVIL,1,0,0,0,0,0,0,0,0,0,0,0,0,1,85,HOMBRE,ILESO,PEATON,NO,NO,0
7545,23261,23262,2017,5,0,-0.066342,-78.466319,PICHINCHA,QUITO,POMASQUI,URBANA,2017-10-22,20:00:00,20,DOMINGO,7,OCTUBRE,10,NO,NO MANTENER LA DISTANCIA PRUDENCIAL CON RESPECTO AL VEHICULO QUE LE ANTECEDE.,CHOQUE POSTERIOR,CAMION,0,0,0,1,1,0,0,0,0,0,0,0,0,2,75,MUJER,LESIONADO,PASAJERO,NO,NO,0
7546,23265,23266,2017,0,0,-0.207749,-78.497074,PICHINCHA,QUITO,QUITO,URBANA,2017-10-22,21:15:00,21,DOMINGO,7,OCTUBRE,10,NO,"NO RESPETAR LAS SENIALES REGLAMENTARIAS DE TRANSITO. (PARE, CEDA EL PASO, LUZ ROJA DEL SEMAFORO, ETC).",CHOQUE LATERAL,AUTOMOVIL,1,0,0,0,0,0,0,0,0,1,0,0,0,2,27,HOMBRE,ILESO,CONDUCTOR PRESENTE,NO,NO,0
7547,23268,23269,2017,1,0,-0.313761,-78.546196,PICHINCHA,QUITO,QUITO,URBANA,2017-10-22,23:10:00,23,DOMINGO,7,OCTUBRE,10,NO,CONDUCIR VEHICULO SUPERANDO LOS LIMITES MAXIMOS DE VELOCIDAD.,PERDIDA DE PISTA,MOTOCICLETA,0,0,0,0,0,0,0,0,1,0,0,0,0,1,32,HOMBRE,LESIONADO,CONDUCTOR PRESENTE,NO,NO,0
7548,23300,23301,2017,0,0,-0.250601,-78.534014,PICHINCHA,QUITO,QUITO,URBANA,2017-10-23,04:50:00,4,LUNES,1,OCTUBRE,10,NO,"CONDUCIR EN ESTADO DE SOMNOLENCIA O MALAS CONDICIONES FISICAS (SUENIO, CANSANCIO Y FATIGA).",ESTRELLAMIENTOS,NO IDENTIFICADO,0,0,0,0,0,0,0,0,0,1,0,0,0,1,-1,NO IDENTIFICADO,NO IDENTIFICADO,CONDUCTOR AUSENTE,NO,NO,2
7549,23301,23302,2017,0,0,-0.208452,-78.493998,PICHINCHA,QUITO,QUITO,URBANA,2017-10-23,06:18:00,6,LUNES,1,OCTUBRE,10,NO,"NO RESPETAR LAS SENIALES REGLAMENTARIAS DE TRANSITO. (PARE, CEDA EL PASO, LUZ ROJA DEL SEMAFORO, ETC).",CHOQUE LATERAL,AUTOMOVIL,2,0,0,0,0,0,0,0,0,0,0,0,0,2,29,HOMBRE,ILESO,CONDUCTOR PRESENTE,NO,NO,0
7550,23302,23303,2017,0,0,-0.169083,-78.466577,PICHINCHA,QUITO,QUITO,URBANA,2017-10-23,06:35:00,6,LUNES,1,OCTUBRE,10,NO,NO GUARDAR LA DISTANCIA LATERAL MINIMA DE SEGURIDAD ENTRE VEHICULOS.,ROZAMIENTOS,AUTOMOVIL,2,0,0,0,0,0,0,0,0,0,0,0,0,2,39,HOMBRE,ILESO,CONDUCTOR PRESENTE,NO,NO,0