,Unnamed: 0,ID,ANIO,LESIONADOS,FALLECIDOS,LATITUD_Y,LONGITUD_X,PROVINCIA,CANTON,PARROQUIA,ZONA,FECHA,HORA,PERIODO_2,DIA_1,DIA_2,MES_1,MES_2,FERIADO,CAUSA_PROBABLE,TIPO_DE_SINIESTRO,TIPO_DE_VEHICULO_1,AUTOMOVIL,BICICLETA,BUS,CAMION,CAMIONETA,EMERGENCIAS,ESPECIAL,FURGONETA,MOTOCICLETA,NO_IDENTIFICADO,SCOOTER_ELECTRICO,TRICIMOTO,VEHICULO_DEPORTIVO_UTILITARIO,SUMA_DE_VEHICULOS,EDAD_1,SEXO_1,CONDICION_1,PARTICIPANTE_1,CASCO_1,CINTURON_1,KMeans_Cluster
7723,23798,23799,2017,0,0,-0.163383,-78.475651,PICHINCHA,QUITO,QUITO,URBANA,2017-10-29,12:30:00,12,DOMINGO,7,OCTUBRE,10,NO,"CONDUCE BAJO LA INFLUENCIA DE ALCOHOL, SUSTANCIAS ESTUPEFACIENTES O PSICOTROPICAS Y/O MEDICAMENTOS.",CHOQUE POSTERIOR,NO IDENTIFICADO,0,0,0,0,0,0,0,0,0,1,0,0,0,1,58,HOMBRE,ILESO,CONDUCTOR PRESENTE,NO,NO,0
7724,23803,23804,2017,0,0,-0.260069,-78.522906,PICHINCHA,QUITO,QUITO,URBANA,2017-10-29,13:15:00,13,DOMINGO,7,OCTUBRE,10,NO,NO GUARDAR LA DISTANCIA LATERAL MINIMA DE SEGURIDAD ENTRE VEHICULOS.,ROZAMIENTOS,BUS,1,0,1,0,0,0,0,0,0,0,0,0,0,2,32,HOMBRE,ILESO,CONDUCTOR PRESENTE,NO,NO,0
7725,23805,23806,2017,0,0,-0.239665,-78.492958,PICHINCHA,QUITO,QUITO,URBANA,2017-10-29,14:50:00,14,DOMINGO,7,OCTUBRE,10,NO,CONDUCIR VEHICULO SUPERANDO LOS LIMITES MAXIMOS DE VELOCIDAD.,ESTRELLAMIENTOS,AUTOMOVIL,1,0,0,0,0,0,0,0,0,0,0,0,0,1,-1,NO IDENTIFICADO,NO IDENTIFICADO,CONDUCTOR AUSENTE,NO,NO,2
7726,23806,23807,2017,1,0,-0.252087,-78.504112,PICHINCHA,QUITO,QUITO,URBANA,2017-10-29,15:05:00,15,DOMINGO,7,OCTUBRE,10,NO,PEATON QUE CRUZA LA CALZADA SIN RESPETAR LA SENIALIZACION EXISTENTE (SEMAFOROS O SENIALES MANUALES).,ATROPELLOS,NO IDENTIFICADO,0,0,0,0,0,0,0,0,0,1,0,0,0,1,38,MUJER,LESIONADO,PEATON,NO,NO,0
7727,23807,23808,2017,0,0,-0.277431,-78.522499,PICHINCHA,QUITO,QUITO,URBANA,2017-10-29,15:20:00,15,DOMINGO,7,OCTUBRE,10,NO,NO GUARDAR LA DISTANCIA LATERAL MINIMA DE SEGURIDAD ENTRE VEHICULOS.,ROZAMIENTOS,AUTOMOVIL,1,0,0,0,0,0,0,0,0,1,0,0,0,2,35,HOMBRE,ILESO,CONDUCTOR PRESENTE,NO,NO,0
7728,23808,23809,2017,1,0,-0.342554,-78.451795,PICHINCHA,RUMINIAHUI,SANGOLQUI,URBANA,2017-10-29,15:50:00,15,DOMINGO,7,OCTUBRE,10,NO,"ADELANTAR O REBASAR A OTRO VEHICULO EN MOVIMIENTO EN ZONAS O SITIOS PELIGROSOS TALES COMO: CURVAS, PUENTES, TUNELES, PENDIENTES, ETC.",CHOQUE FRONTAL,BUS,1,0,1,0,0,0,0,0,0,0,0,0,0,2,24,HOMBRE,LESIONADO,CONDUCTOR PRESENTE,NO,NO,0
7729,23812,23813,2017,0,0,-0.088884,-78.439915,PICHINCHA,QUITO,CALDERON (CARAPUNGO),Rural,2017-10-29,18:40:00,18,DOMINGO,7,OCTUBRE,10,NO,"CONDUCIR DESATENTO A LAS CONDICIONES DE TRANSITO (CELULAR, PANTALLAS DE VIDEO, COMIDA, MAQUILLAJE O CUALQUIER OTRO ELEMENTO DISTRACTOR).",ESTRELLAMIENTOS,AUTOMOVIL,1,0,0,0,0,0,0,0,0,0,0,0,0,1,-1,NO IDENTIFICADO,NO IDENTIFICADO,CONDUCTOR AUSENTE,NO,NO,2
7730,23813,23814,2017,1,0,-0.188792,-78.482681,PICHINCHA,QUITO,QUITO,URBANA,2017-10-29,18:45:00,18,DOMINGO,7,OCTUBRE,10,NO,NO CEDER EL DERECHO DE VIA O PREFERENCIA DE PASO AL PEATON.,ATROPELLOS,AUTOMOVIL,1,0,0,0,0,0,0,0,0,0,0,0,0,1,9,HOMBRE,LESIONADO,PEATON,NO,NO,0
7731,23816,23817,2017,0,0,-0.242772,-78.532735,PICHINCHA,QUITO,QUITO,URBANA,2017-10-29,19:00:00,19,DOMINGO,7,OCTUBRE,10,NO,REALIZAR CAMBIO BRUSCO O INDEBIDO DE CARRIL.,ESTRELLAMIENTOS,AUTOMOVIL,1,0,0,0,0,0,0,0,0,0,0,0,0,1,-1,NO IDENTIFICADO,NO IDENTIFICADO,CONDUCTOR AUSENTE,NO,NO,2
7732,23817,23818,2017,0,0,-0.020004,-78.330259,PICHINCHA,PEDRO MONCAYO,TOCACHI,Rural,2017-10-29,19:20:00,19,DOMINGO,7,OCTUBRE,10,NO,"CONDUCIR DESATENTO A LAS CONDICIONES DE TRANSITO (CELULAR, PANTALLAS DE VIDEO, COMIDA, MAQUILLAJE O CUALQUIER OTRO ELEMENTO DISTRACTOR).",PERDIDA DE PISTA,AUTOMOVIL,1,0,0,0,0,0,0,0,0,0,0,0,0,1,19,HOMBRE,ILESO,CONDUCTOR PRESENTE,NO,NO,0
7733,23819,23820,2017,0,0,-0.092874,-78.391521,PICHINCHA,QUITO,CALDERON (CARAPUNGO),Rural,2017-10-29,20:55:00,20,DOMINGO,7,OCTUBRE,10,NO,"CONDUCIR DESATENTO A LAS CONDICIONES DE TRANSITO (CELULAR, PANTALLAS DE VIDEO, COMIDA, MAQUILLAJE O CUALQUIER OTRO ELEMENTO DISTRACTOR).",PERDIDA DE PISTA,CAMIONETA,0,0,0,0,1,0,0,0,0,0,0,0,0,1,30,HOMBRE,ILESO,CONDUCTOR PRESENTE,NO,NO,0
7734,23847,23848,2017,1,0,-0.055527,-78.455078,PICHINCHA,QUITO,POMASQUI,URBANA,2017-10-30,01:45:00,1,LUNES,1,OCTUBRE,10,NO,NO TRANSITAR POR LAS ACERAS O ZONAS DE SEGURIDAD DESTINADAS PARA EL EFECTO.,ESTRELLAMIENTOS,CAMIONETA,0,0,0,0,1,0,0,0,0,0,0,0,0,1,24,HOMBRE,LESIONADO,CONDUCTOR PRESENTE,NO,NO,0
7735,23849,23850,2017,1,0,-0.291871,-78.558463,PICHINCHA,QUITO,QUITO,URBANA,2017-10-30,06:15:00,6,LUNES,1,OCTUBRE,10,NO,"NO RESPETAR LAS SENIALES REGLAMENTARIAS DE TRANSITO. (PARE, CEDA EL PASO, LUZ ROJA DEL SEMAFORO, ETC).",CHOQUE LATERAL,VEHICULO DEPORTIVO UTILITARIO,0,0,0,0,0,0,0,0,1,0,0,0,1,2,20,HOMBRE,LESIONADO,CONDUCTOR PRESENTE,NO,NO,0
7736,23850,23851,2017,0,0,-0.208624,-78.492864,PICHINCHA,QUITO,QUITO,URBANA,2017-10-30,06:55:00,6,LUNES,1,OCTUBRE,10,NO,NO CEDER EL DERECHO DE VIA O PREFERENCIA DE PASO A VEHICULOS.,CHOQUE LATERAL,AUTOMOVIL,2,0,0,0,0,0,0,0,0,0,0,0,0,2,22,HOMBRE,ILESO,CONDUCTOR PRESENTE,NO,NO,0
7737,23852,23853,2017,1,0,-0.183461,-78.482152,PICHINCHA,QUITO,QUITO,URBANA,2017-10-30,08:00:00,8,LUNES,1,OCTUBRE,10,NO,"NO RESPETAR LAS SENIALES REGLAMENTARIAS DE TRANSITO. (PARE, CEDA EL PASO, LUZ ROJA DEL SEMAFORO, ETC).",CHOQUE LATERAL,AUTOMOVIL,1,0,0,0,0,0,0,0,1,0,0,0,0,2,28,MUJER,LESIONADO,CONDUCTOR PRESENTE,NO,NO,0
7738,23853,23854,2017,0,0,-0.211681,-78.503537,PICHINCHA,QUITO,QUITO,URBANA,2017-10-30,08:15:00,8,LUNES,1,OCTUBRE,10,NO,"NO RESPETAR LAS SENIALES REGLAMENTARIAS DE TRANSITO. (PARE, CEDA EL PASO, LUZ ROJA DEL SEMAFORO, ETC).",CHOQUE LATERAL,AUTOMOVIL,1,0,0,0,0,0,0,0,0,0,0,0,1,2,29,HOMBRE,ILESO,CONDUCTOR PRESENTE,NO,NO,0
7739,23855,23856,2017,0,0,-0.199979,-78.456912,PICHINCHA,QUITO,QUITO,Rural,2017-10-30,09:45:00,9,LUNES,1,OCTUBRE,10,NO,"NO RESPETAR LAS SENIALES REGLAMENTARIAS DE TRANSITO. (PARE, CEDA EL PASO, LUZ ROJA DEL SEMAFORO, ETC).",CHOQUE LATERAL,VEHICULO DEPORTIVO UTILITARIO,1,0,0,0,0,0,0,0,0,0,0,0,1,2,20,HOMBRE,ILESO,CONDUCTOR PRESENTE,NO,NO,0
7740,23856,23857,2017,0,0,-0.162831,-78.586035,PICHINCHA,QUITO,LLOA,URBANA,2017-10-30,09:50:00,9,LUNES,1,OCTUBRE,10,NO,NO MANTENER LA DISTANCIA PRUDENCIAL CON RESPECTO AL VEHICULO QUE LE ANTECEDE.,CHOQUE POSTERIOR,AUTOMOVIL,2,0,0,0,0,0,0,0,0,0,0,0,0,2,62,HOMBRE,ILESO,CONDUCTOR PRESENTE,NO,NO,0
7741,23858,23859,2017,1,0,-0.276068,-78.520238,PICHINCHA,QUITO,QUITO,URBANA,2017-10-30,10:00:00,10,LUNES,1,OCTUBRE,10,NO,"NO RESPETAR LAS SENIALES REGLAMENTARIAS DE TRANSITO. (PARE, CEDA EL PASO, LUZ ROJA DEL SEMAFORO, ETC).",CHOQUE LATERAL,MOTOCICLETA,0,0,1,0,0,0,0,0,1,0,0,0,0,2,37,HOMBRE,LESIONADO,CONDUCTOR PRESENTE,NO,NO,0
7742,23859,23860,2017,1,0,-0.271571,-78.528881,PICHINCHA,QUITO,QUITO,URBANA,2017-10-30,10:20:00,10,LUNES,1,OCTUBRE,10,NO,NO CEDER EL DERECHO DE VIA O PREFERENCIA DE PASO AL PEATON.,ATROPELLOS,NO IDENTIFICADO,0,0,0,0,0,0,0,0,0,1,0,0,0,1,44,HOMBRE,LESIONADO,PEATON,NO,NO,0
7743,23865,23866,2017,0,0,-0.177282,-78.359537,PICHINCHA,QUITO,PUEMBO,Rural,2017-10-30,11:45:00,11,LUNES,1,OCTUBRE,10,NO,REALIZAR CAMBIO BRUSCO O INDEBIDO DE CARRIL.,ESTRELLAMIENTOS,CAMION,0,0,0,1,0,0,0,0,0,0,0,0,0,1,22,HOMBRE,ILESO,CONDUCTOR PRESENTE,NO,NO,0
7744,23866,23867,2017,0,0,-0.216614,-78.504895,PICHINCHA,QUITO,QUITO,URBANA,2017-10-30,11:50:00,11,LUNES,1,OCTUBRE,10,NO,"NO RESPETAR LAS SENIALES REGLAMENTARIAS DE TRANSITO. (PARE, CEDA EL PASO, LUZ ROJA DEL SEMAFORO, ETC).",CHOQUE LATERAL,VEHICULO DEPORTIVO UTILITARIO,0,0,1,0,0,0,0,0,0,0,0,0,1,2,42,HOMBRE,ILESO,CONDUCTOR PRESENTE,NO,NO,0
7745,23868,23869,2017,1,0,-0.287386,-78.566125,PICHINCHA,QUITO,QUITO,URBANA,2017-10-30,12:20:00,12,LUNES,1,OCTUBRE,10,NO,"CONDUCE BAJO LA INFLUENCIA DE ALCOHOL, SUSTANCIAS ESTUPEFACIENTES O PSICOTROPICAS Y/O MEDICAMENTOS.",ATROPELLOS,AUTOMOVIL,1,0,0,0,0,0,0,0,0,0,0,0,0,1,75,MUJER,LESIONADO,PEATON,NO,NO,0
7746,23870,23871,2017,1,0,-0.279995,-78.523941,PICHINCHA,QUITO,QUITO,URBANA,2017-10-30,12:45:00,12,LUNES,1,OCTUBRE,10,NO,NO GUARDAR LA DISTANCIA LATERAL MINIMA DE SEGURIDAD ENTRE VEHICULOS.,ROZAMIENTOS,CAMION,1,0,0,1,0,0,0,0,0,0,0,0,0,2,26,HOMBRE,LESIONADO,PEATON,NO,NO,0
7747,23871,23872,2017,1,0,-0.251319,-78.521366,PICHINCHA,QUITO,QUITO,URBANA,2017-10-30,13:15:00,13,LUNES,1,OCTUBRE,10,NO,"CONDUCE BAJO LA INFLUENCIA DE ALCOHOL, SUSTANCIAS ESTUPEFACIENTES O PSICOTROPICAS Y/O MEDICAMENTOS.",ATROPELLOS,AUTOMOVIL,1,0,0,0,0,0,0,0,0,0,0,0,0,1,67,MUJER,LESIONADO,PEATON,NO,NO,0
7748,23874,23875,2017,0,0,-0.091585,-78.439052,PICHINCHA,QUITO,CALDERON (CARAPUNGO),Rural,2017-10-30,13:30:00,13,LUNES,1,OCTUBRE,10,NO,"NO RESPETAR LAS SENIALES REGLAMENTARIAS DE TRANSITO. (PARE, CEDA EL PASO, LUZ ROJA DEL SEMAFORO, ETC).",CHOQUE LATERAL,AUTOMOVIL,2,0,0,0,0,0,0,0,0,0,0,0,0,2,35,HOMBRE,ILESO,CONDUCTOR PRESENTE,NO,NO,0
7749,23875,23876,2017,2,0,-0.337955,-78.575296,PICHINCHA,QUITO,QUITO,URBANA,2017-10-30,14:50:00,14,LUNES,1,OCTUBRE,10,NO,REALIZAR CAMBIO BRUSCO O INDEBIDO DE CARRIL.,PERDIDA DE PISTA,BICICLETA,0,1,0,0,0,0,0,0,0,0,0,0,0,1,-1,HOMBRE,LESIONADO,CONDUCTOR PRESENTE,NO,NO,0
7750,23876,23877,2017,0,0,-0.162088,-78.473967,PICHINCHA,QUITO,QUITO,URBANA,2017-10-30,15:05:00,15,LUNES,1,OCTUBRE,10,NO,"NO RESPETAR LAS SENIALES REGLAMENTARIAS DE TRANSITO. (PARE, CEDA EL PASO, LUZ ROJA DEL SEMAFORO, ETC).",CHOQUE LATERAL,CAMIONETA,0,0,0,0,1,0,0,0,0,1,0,0,0,2,56,HOMBRE,ILESO,CONDUCTOR PRESENTE,NO,NO,0
7751,23878,23879,2017,0,0,-0.247251,-78.569271,PICHINCHA,QUITO,QUITO,Rural,2017-10-30,16:20:00,16,LUNES,1,OCTUBRE,10,NO,NO CEDER EL DERECHO DE VIA O PREFERENCIA DE PASO A VEHICULOS.,CHOQUE LATERAL,VEHICULO DEPORTIVO UTILITARIO,0,0,0,0,0,0,0,0,0,1,0,0,1,2,61,HOMBRE,ILESO,CONDUCTOR PRESENTE,NO,NO,0
7752,23880,23881,2017,0,0,-0.219832,-78.510211,PICHINCHA,QUITO,QUITO,URBANA,2017-10-30,16:55:00,16,LUNES,1,OCTUBRE,10,NO,NO GUARDAR LA DISTANCIA LATERAL MINIMA DE SEGURIDAD ENTRE VEHICULOS.,ROZAMIENTOS,VEHICULO DEPORTIVO UTILITARIO,0,0,1,0,0,0,0,0,0,0,0,0,1,2,53,HOMBRE,ILESO,CONDUCTOR PRESENTE,NO,NO,0
7753,23882,23883,2017,2,0,-0.231141,-78.503901,PICHINCHA,QUITO,QUITO,URBANA,2017-10-30,18:50:00,18,LUNES,1,OCTUBRE,10,NO,"PEATON TRANSITA BAJO INFLUENCIA DE ALCOHOL, SUSTANCIAS ESTUPEFACIENTES O PSICOTROPICAS Y/O MEDICAMENTOS.",ATROPELLOS,AUTOMOVIL,1,0,0,0,0,0,0,0,0,0,0,0,0,1,45,MUJER,LESIONADO,CONDUCTOR PRESENTE,NO,NO,0
7754,23886,23887,2017,0,0,-0.188478,-78.447371,PICHINCHA,QUITO,NAYON,Rural,2017-10-30,20:10:00,20,LUNES,1,OCTUBRE,10,NO,"CONDUCE BAJO LA INFLUENCIA DE ALCOHOL, SUSTANCIAS ESTUPEFACIENTES O PSICOTROPICAS Y/O MEDICAMENTOS.",CHOQUE POSTERIOR,AUTOMOVIL,1,0,1,0,0,0,0,0,0,0,0,0,0,2,23,HOMBRE,ILESO,CONDUCTOR PRESENTE,NO,NO,0
7755,23887,23888,2017,0,0,-0.108255,-78.461339,PICHINCHA,QUITO,CALDERON (CARAPUNGO),Rural,2017-10-30,21:15:00,21,LUNES,1,OCTUBRE,10,NO,CONDUCIR VEHICULO SUPERANDO LOS LIMITES MAXIMOS DE VELOCIDAD.,PERDIDA DE PISTA,AUTOMOVIL,1,0,0,0,0,0,0,0,0,0,0,0,0,1,36,HOMBRE,ILESO,CONDUCTOR PRESENTE,NO,NO,0
7756,23888,23889,2017,0,0,-0.237847,-78.528901,PICHINCHA,QUITO,QUITO,URBANA,2017-10-30,21:50:00,21,LUNES,1,OCTUBRE,10,NO,NO MANTENER LA DISTANCIA PRUDENCIAL CON RESPECTO AL VEHICULO QUE LE ANTECEDE.,CHOQUE POSTERIOR,AUTOMOVIL,2,0,0,0,0,0,0,0,0,0,0,0,0,2,22,HOMBRE,ILESO,CONDUCTOR PRESENTE,NO,NO,0
7757,23899,23900,2017,1,0,-0.175511,-78.488431,PICHINCHA,QUITO,QUITO,URBANA,2017-10-31,00:40:00,0,MARTES,2,OCTUBRE,10,NO,NO GUARDAR LA DISTANCIA LATERAL MINIMA DE SEGURIDAD ENTRE VEHICULOS.,ROZAMIENTOS,MOTOCICLETA,1,0,0,0,0,0,0,0,1,0,0,0,0,2,27,HOMBRE,LESIONADO,CONDUCTOR PRESENTE,NO,NO,0
7758,23900,23901,2017,0,0,-0.101114,-78.408837,PICHINCHA,QUITO,CALDERON (CARAPUNGO),Rural,2017-10-31,00:50:00,0,MARTES,2,OCTUBRE,10,NO,"CONDUCIR DESATENTO A LAS CONDICIONES DE TRANSITO (CELULAR, PANTALLAS DE VIDEO, COMIDA, MAQUILLAJE O CUALQUIER OTRO ELEMENTO DISTRACTOR).",ESTRELLAMIENTOS,CAMIONETA,0,0,0,0,1,0,0,0,0,0,0,0,0,1,-1,NO IDENTIFICADO,NO IDENTIFICADO,CONDUCTOR AUSENTE,NO,NO,2
7759,23901,23902,2017,0,0,-0.069701,-78.469959,PICHINCHA,QUITO,POMASQUI,URBANA,2017-10-31,01:45:00,1,MARTES,2,OCTUBRE,10,NO,"CONDUCIR DESATENTO A LAS CONDICIONES DE TRANSITO (CELULAR, PANTALLAS DE VIDEO, COMIDA, MAQUILLAJE O CUALQUIER OTRO ELEMENTO DISTRACTOR).",ESTRELLAMIENTOS,AUTOMOVIL,1,0,0,0,0,0,0,0,0,0,0,0,0,1,44,HOMBRE,ILESO,CONDUCTOR PRESENTE,NO,NO,0
7760,23903,23904,2017,1,0,-0.253771,-78.540291,PICHINCHA,QUITO,QUITO,URBANA,2017-10-31,06:40:00,6,MARTES,2,OCTUBRE,10,NO,NO CEDER EL DERECHO DE VIA O PREFERENCIA DE PASO AL PEATON.,ATROPELLOS,BUS,0,0,2,0,0,0,0,0,0,0,0,0,0,2,27,HOMBRE,LESIONADO,CONDUCTOR PRESENTE,NO,NO,0
7761,23906,23907,2017,0,1,-0.099083,-78.421844,PICHINCHA,QUITO,CALDERON (CARAPUNGO),Rural,2017-10-31,06:50:00,6,MARTES,2,OCTUBRE,10,NO,PEATON QUE CRUZA LA CALZADA SIN RESPETAR LA SENIALIZACION EXISTENTE (SEMAFOROS O SENIALES MANUALES).,ATROPELLOS,CAMIONETA,1,0,0,0,1,0,0,0,0,0,0,0,0,2,59,HOMBRE,FALLECIDO,CONDUCTOR PRESENTE,NO,NO,0
7762,23908,23909,2017,3,0,-0.286205,-78.558251,PICHINCHA,QUITO,QUITO,URBANA,2017-10-31,07:00:00,7,MARTES,2,OCTUBRE,10,NO,"NO RESPETAR LAS SENIALES REGLAMENTARIAS DE TRANSITO. (PARE, CEDA EL PASO, LUZ ROJA DEL SEMAFORO, ETC).",CHOQUE LATERAL,CAMIONETA,0,0,0,1,1,0,0,0,0,0,0,0,0,2,32,HOMBRE,LESIONADO,CONDUCTOR PRESENTE,NO,NO,0
7763,23912,23913,2017,1,0,-0.153303,-78.484482,PICHINCHA,QUITO,QUITO,URBANA,2017-10-31,07:38:00,7,MARTES,2,OCTUBRE,10,NO,NO CEDER EL DERECHO DE VIA O PREFERENCIA DE PASO AL PEATON.,ATROPELLOS,MOTOCICLETA,0,0,0,0,0,0,0,0,1,0,0,0,0,1,21,MUJER,LESIONADO,PEATON,NO,NO,0
7764,23915,23916,2017,0,0,-0.279539,-78.558061,PICHINCHA,QUITO,QUITO,URBANA,2017-10-31,10:00:00,10,MARTES,2,OCTUBRE,10,NO,"NO RESPETAR LAS SENIALES REGLAMENTARIAS DE TRANSITO. (PARE, CEDA EL PASO, LUZ ROJA DEL SEMAFORO, ETC).",CHOQUE LATERAL,AUTOMOVIL,2,0,0,0,0,0,0,0,0,0,0,0,0,2,33,HOMBRE,ILESO,CONDUCTOR PRESENTE,NO,NO,0
7765,23916,23917,2017,0,0,-0.160924,-78.476596,PICHINCHA,QUITO,QUITO,URBANA,2017-10-31,10:10:00,10,MARTES,2,OCTUBRE,10,NO,NO MANTENER LA DISTANCIA PRUDENCIAL CON RESPECTO AL VEHICULO QUE LE ANTECEDE.,CHOQUE POSTERIOR,AUTOMOVIL,2,0,0,0,0,0,0,0,0,0,0,0,0,2,32,HOMBRE,ILESO,CONDUCTOR PRESENTE,NO,NO,0
7766,23918,23919,2017,1,0,-0.099083,-78.421844,PICHINCHA,QUITO,CALDERON (CARAPUNGO),Rural,2017-10-31,10:40:00,10,MARTES,2,OCTUBRE,10,NO,NO TRANSITAR POR LAS ACERAS O ZONAS DE SEGURIDAD DESTINADAS PARA EL EFECTO.,ATROPELLOS,FURGONETA,0,0,0,0,0,0,0,1,0,0,0,0,0,1,3,HOMBRE,LESIONADO,PEATON,NO,NO,0
7767,23921,23922,2017,1,0,-0.198581,-78.490388,PICHINCHA,QUITO,QUITO,URBANA,2017-10-31,12:00:00,12,MARTES,2,OCTUBRE,10,NO,NO CEDER EL DERECHO DE VIA O PREFERENCIA DE PASO AL PEATON.,ATROPELLOS,AUTOMOVIL,1,0,0,0,0,0,0,0,0,0,0,0,0,1,39,MUJER,LESIONADO,PEATON,NO,NO,0
7768,23923,23924,2017,1,0,-0.302735,-78.567104,PICHINCHA,QUITO,QUITO,URBANA,2017-10-31,12:45:00,12,MARTES,2,OCTUBRE,10,NO,NO CEDER EL DERECHO DE VIA O PREFERENCIA DE PASO AL PEATON.,ATROPELLOS,NO IDENTIFICADO,0,0,0,0,0,0,0,0,0,1,0,0,0,1,13,HOMBRE,LESIONADO,PEATON,NO,NO,0
7769,23924,23925,2017,0,0,-0.210277,-78.462091,PICHINCHA,QUITO,QUITO,URBANA,2017-10-31,13:50:00,13,MARTES,2,OCTUBRE,10,NO,CONDUCIR VEHICULO SUPERANDO LOS LIMITES MAXIMOS DE VELOCIDAD.,PERDIDA DE PISTA,AUTOMOVIL,1,0,0,0,0,0,0,0,0,0,0,0,0,1,25,HOMBRE,ILESO,CONDUCTOR PRESENTE,NO,NO,0
7770,23925,23926,2017,0,0,-0.175511,-78.488431,PICHINCHA,QUITO,QUITO,URBANA,2017-10-31,14:00:00,14,MARTES,2,OCTUBRE,10,NO,NO GUARDAR LA DISTANCIA LATERAL MINIMA DE SEGURIDAD ENTRE VEHICULOS.,ROZAMIENTOS,AUTOMOVIL,1,0,0,0,0,0,0,0,1,0,0,0,0,2,65,MUJER,ILESO,CONDUCTOR PRESENTE,NO,NO,0
7771,23929,23930,2017,1,0,-0.227354,-78.512853,PICHINCHA,QUITO,QUITO,URBANA,2017-10-31,15:00:00,15,MARTES,2,OCTUBRE,10,NO,PEATON QUE CRUZA LA CALZADA SIN RESPETAR LA SENIALIZACION EXISTENTE (SEMAFOROS O SENIALES MANUALES).,ATROPELLOS,CAMIONETA,0,0,0,0,1,0,0,0,0,0,0,0,0,1,11,HOMBRE,LESIONADO,PEATON,NO,NO,0
7772,23930,23931,2017,0,0,-0.105384,-78.497732,PICHINCHA,QUITO,QUITO,URBANA,2017-10-31,15:10:00,15,MARTES,2,OCTUBRE,10,NO,NO MANTENER LA DISTANCIA PRUDENCIAL CON RESPECTO AL VEHICULO QUE LE ANTECEDE.,CHOQUE POSTERIOR,MOTOCICLETA,0,0,0,0,1,0,0,0,1,0,0,0,0,2,19,HOMBRE,ILESO,CONDUCTOR PRESENTE,NO,NO,0
7773,23933,23934,2017,1,0,-0.114586,-78.496763,PICHINCHA,QUITO,QUITO,URBANA,2017-10-31,17:10:00,17,MARTES,2,OCTUBRE,10,NO,PEATON QUE CRUZA LA CALZADA SIN RESPETAR LA SENIALIZACION EXISTENTE (SEMAFOROS O SENIALES MANUALES).,ATROPELLOS,CAMIONETA,0,0,0,0,1,0,0,0,0,0,0,0,0,1,71,MUJER,LESIONADO,PEATON,NO,NO,0
7774,23937,23938,2017,1,0,-0.139547,-78.473708,PICHINCHA,QUITO,QUITO,URBANA,2017-10-31,18:00:00,18,MARTES,2,OCTUBRE,10,NO,"NO RESPETAR LAS SENIALES REGLAMENTARIAS DE TRANSITO. (PARE, CEDA EL PASO, LUZ ROJA DEL SEMAFORO, ETC).",CHOQUE LATERAL,MOTOCICLETA,1,0,0,0,0,0,0,0,1,0,0,0,0,2,30,HOMBRE,LESIONADO,CONDUCTOR PRESENTE,NO,NO,0
7775,23939,23940,2017,0,0,-0.196241,-78.509965,PICHINCHA,QUITO,QUITO,URBANA,2017-10-31,18:30:00,18,MARTES,2,OCTUBRE,10,NO,"CONDUCIR DESATENTO A LAS CONDICIONES DE TRANSITO (CELULAR, PANTALLAS DE VIDEO, COMIDA, MAQUILLAJE O CUALQUIER OTRO ELEMENTO DISTRACTOR).",ESTRELLAMIENTOS,VEHICULO DEPORTIVO UTILITARIO,0,0,0,0,0,0,0,0,0,0,0,0,1,1,-1,NO IDENTIFICADO,NO IDENTIFICADO,CONDUCTOR AUSENTE,NO,NO,2
7776,23940,23941,2017,0,0,-0.183611,-78.501838,PICHINCHA,QUITO,QUITO,URBANA,2017-10-31,19:35:00,19,MARTES,2,OCTUBRE,10,NO,"CONDUCIR DESATENTO A LAS CONDICIONES DE TRANSITO (CELULAR, PANTALLAS DE VIDEO, COMIDA, MAQUILLAJE O CUALQUIER OTRO ELEMENTO DISTRACTOR).",ESTRELLAMIENTOS,AUTOMOVIL,1,0,0,0,0,0,0,0,0,0,0,0,0,1,43,MUJER,ILESO,CONDUCTOR PRESENTE,NO,NO,0
7777,23941,23942,2017,1,0,-0.188854,-78.482785,PICHINCHA,QUITO,QUITO,URBANA,2017-10-31,19:40:00,19,MARTES,2,OCTUBRE,10,NO,NO CEDER EL DERECHO DE VIA O PREFERENCIA DE PASO AL PEATON.,ATROPELLOS,NO IDENTIFICADO,0,0,0,0,0,0,0,0,0,1,0,0,0,1,24,HOMBRE,LESIONADO,PEATON,NO,NO,0
7778,23942,23943,2017,1,0,-0.240027,-78.511279,PICHINCHA,QUITO,QUITO,URBANA,2017-10-31,19:45:00,19,MARTES,2,OCTUBRE,10,NO,"PEATON TRANSITA BAJO INFLUENCIA DE ALCOHOL, SUSTANCIAS ESTUPEFACIENTES O PSICOTROPICAS Y/O MEDICAMENTOS.",ATROPELLOS,NO IDENTIFICADO,0,0,0,0,0,0,0,0,0,1,0,0,0,1,47,HOMBRE,LESIONADO,PEATON,NO,NO,0
7779,23944,23945,2017,4,0,-0.292724,-78.476486,PICHINCHA,QUITO,CONOCOTO,Rural,2017-10-31,20:50:00,20,MARTES,2,OCTUBRE,10,NO,"CONDUCE BAJO LA INFLUENCIA DE ALCOHOL, SUSTANCIAS ESTUPEFACIENTES O PSICOTROPICAS Y/O MEDICAMENTOS.",CHOQUE LATERAL,AUTOMOVIL,2,0,0,0,0,0,0,0,0,0,0,0,0,2,1,HOMBRE,LESIONADO,PASAJERO,NO,NO,0