,Unnamed: 0,ID,ANIO,LESIONADOS,FALLECIDOS,LATITUD_Y,LONGITUD_X,PROVINCIA,CANTON,PARROQUIA,ZONA,FECHA,HORA,PERIODO_2,DIA_1,DIA_2,MES_1,MES_2,FERIADO,CAUSA_PROBABLE,TIPO_DE_SINIESTRO,TIPO_DE_VEHICULO_1,AUTOMOVIL,BICICLETA,BUS,CAMION,CAMIONETA,EMERGENCIAS,ESPECIAL,FURGONETA,MOTOCICLETA,NO_IDENTIFICADO,SCOOTER_ELECTRICO,TRICIMOTO,VEHICULO_DEPORTIVO_UTILITARIO,SUMA_DE_VEHICULOS,EDAD_1,SEXO_1,CONDICION_1,PARTICIPANTE_1,CASCO_1,CINTURON_1,KMeans_Cluster
8060,24899,24900,2017,1,0,-0.228672,-78.512867,PICHINCHA,QUITO,QUITO,URBANA,2017-11-12,18:45:00,18,DOMINGO,7,NOVIEMBRE,11,NO,NO CEDER EL DERECHO DE VIA O PREFERENCIA DE PASO AL PEATON.,ATROPELLOS,NO IDENTIFICADO,0,0,0,0,0,0,0,0,0,1,0,0,0,1,60,HOMBRE,LESIONADO,PEATON,NO,NO,0
8061,24902,24903,2017,0,0,-0.212824,-78.402686,PICHINCHA,QUITO,TUMBACO,RURAL,2017-11-12,19:20:00,19,DOMINGO,7,NOVIEMBRE,11,NO,CONDUCIR VEHICULO SUPERANDO LOS LIMITES MAXIMOS DE VELOCIDAD.,ESTRELLAMIENTOS,AUTOMOVIL,1,0,0,0,0,0,0,0,0,0,0,0,0,1,-1,NO IDENTIFICADO,NO IDENTIFICADO,CONDUCTOR AUSENTE,NO,NO,2
8062,24903,24904,2017,0,0,-0.224553,-78.407785,PICHINCHA,QUITO,TUMBACO,RURAL,2017-11-12,19:20:00,19,DOMINGO,7,NOVIEMBRE,11,NO,NO CEDER EL DERECHO DE VIA O PREFERENCIA DE PASO A VEHICULOS.,CHOQUE LATERAL,CAMIONETA,1,0,0,0,1,0,0,0,0,0,0,0,0,2,33,HOMBRE,ILESO,CONDUCTOR PRESENTE,NO,NO,3
8063,24905,24906,2017,1,0,-0.259909,-78.550548,PICHINCHA,QUITO,QUITO,URBANA,2017-11-12,19:50:00,19,DOMINGO,7,NOVIEMBRE,11,NO,NO CEDER EL DERECHO DE VIA O PREFERENCIA DE PASO A VEHICULOS.,CHOQUE LATERAL,VEHICULO DEPORTIVO UTILITARIO,0,1,0,0,0,0,0,0,0,0,0,0,1,2,29,HOMBRE,LESIONADO,CONDUCTOR PRESENTE,NO,NO,0
8064,24912,24913,2017,0,1,-0.120424,-78.415686,PICHINCHA,QUITO,CALDERON (CARAPUNGO),RURAL,2017-11-12,23:00:00,23,DOMINGO,7,NOVIEMBRE,11,NO,NO TRANSITAR POR LAS ACERAS O ZONAS DE SEGURIDAD DESTINADAS PARA EL EFECTO.,ATROPELLOS,NO IDENTIFICADO,0,0,0,0,0,0,0,0,0,1,0,0,0,1,60,HOMBRE,FALLECIDO,PEATON,NO,NO,3
8065,24931,24932,2017,0,0,-0.454161,-78.561477,PICHINCHA,MEJIA,ALOAG,RURAL,2017-11-13,05:30:00,5,LUNES,1,NOVIEMBRE,11,NO,"CASO FORTUITO O FUERZA MAYOR (EXPLOSION DE NEUMATICO NUEVO, DERRUMBE, INUNDACION, CAIDA DE PUENTE, ARBOL, PRESENCIA INTEMPESTIVA E IMPREVISTA DE SEMOVIENTES EN LA VIA, ETC.).",ATROPELLOS,AUTOMOVIL,3,0,0,0,0,0,0,0,0,0,0,0,0,3,-1,HOMBRE,ILESO,CONDUCTOR PRESENTE,NO,SI,3
8066,24934,24935,2017,0,0,-0.261533,-78.544351,PICHINCHA,QUITO,QUITO,URBANA,2017-11-13,07:25:00,7,LUNES,1,NOVIEMBRE,11,NO,NO MANTENER LA DISTANCIA PRUDENCIAL CON RESPECTO AL VEHICULO QUE LE ANTECEDE.,CHOQUE POSTERIOR,MOTOCICLETA,0,0,0,0,0,0,0,0,1,1,0,0,0,2,31,HOMBRE,ILESO,CONDUCTOR PRESENTE,NO,NO,0
8067,24935,24936,2017,1,0,-0.206463,-78.512244,PICHINCHA,QUITO,QUITO,URBANA,2017-11-13,08:05:00,8,LUNES,1,NOVIEMBRE,11,NO,REALIZAR CAMBIO BRUSCO O INDEBIDO DE CARRIL.,CHOQUE FRONTAL,CAMIONETA,0,0,0,0,1,0,0,0,0,0,0,0,1,2,82,HOMBRE,LESIONADO,CONDUCTOR PRESENTE,NO,NO,0
8068,24936,24937,2017,1,0,-0.241955,-78.529236,PICHINCHA,QUITO,QUITO,URBANA,2017-11-13,08:05:00,8,LUNES,1,NOVIEMBRE,11,NO,"NO RESPETAR LAS SENIALES REGLAMENTARIAS DE TRANSITO. (PARE, CEDA EL PASO, LUZ ROJA DEL SEMAFORO, ETC).",CHOQUE LATERAL,AUTOMOVIL,2,0,0,0,0,0,0,0,0,0,0,0,0,2,25,MUJER,LESIONADO,PASAJERO,NO,NO,0
8069,24937,24938,2017,0,0,-0.198688,-78.484311,PICHINCHA,QUITO,QUITO,URBANA,2017-11-13,09:26:00,9,LUNES,1,NOVIEMBRE,11,NO,"CONDUCIR DESATENTO A LAS CONDICIONES DE TRANSITO (CELULAR, PANTALLAS DE VIDEO, COMIDA, MAQUILLAJE O CUALQUIER OTRO ELEMENTO DISTRACTOR).",COLISION,AUTOMOVIL,2,0,0,0,1,0,0,0,0,0,0,0,0,3,39,HOMBRE,ILESO,CONDUCTOR PRESENTE,NO,NO,0
8070,24940,24941,2017,0,0,-0.202971,-78.504471,PICHINCHA,QUITO,QUITO,URBANA,2017-11-13,09:43:00,9,LUNES,1,NOVIEMBRE,11,NO,"CONDUCIR DESATENTO A LAS CONDICIONES DE TRANSITO (CELULAR, PANTALLAS DE VIDEO, COMIDA, MAQUILLAJE O CUALQUIER OTRO ELEMENTO DISTRACTOR).",CHOQUE POSTERIOR,VEHICULO DEPORTIVO UTILITARIO,0,0,1,0,0,0,0,0,0,0,0,0,1,2,53,HOMBRE,ILESO,CONDUCTOR PRESENTE,NO,NO,0
8071,24945,24946,2017,0,0,-0.170535,-78.478033,PICHINCHA,QUITO,QUITO,URBANA,2017-11-13,10:40:00,10,LUNES,1,NOVIEMBRE,11,NO,NO GUARDAR LA DISTANCIA LATERAL MINIMA DE SEGURIDAD ENTRE VEHICULOS.,ROZAMIENTOS,AUTOMOVIL,1,0,0,0,0,0,0,0,0,0,0,0,0,1,36,HOMBRE,ILESO,CONDUCTOR PRESENTE,NO,NO,0
8072,24947,24948,2017,1,0,-0.101046,-78.520641,PICHINCHA,QUITO,QUITO,URBANA,2017-11-13,12:15:00,12,LUNES,1,NOVIEMBRE,11,NO,CONDUCIR VEHICULO SUPERANDO LOS LIMITES MAXIMOS DE VELOCIDAD.,PERDIDA DE PISTA,MOTOCICLETA,0,0,0,0,0,0,0,0,1,0,0,0,0,1,25,HOMBRE,LESIONADO,CONDUCTOR PRESENTE,NO,NO,0
8073,24956,24957,2017,1,0,-0.210801,-78.503231,PICHINCHA,QUITO,QUITO,URBANA,2017-11-13,13:40:00,13,LUNES,1,NOVIEMBRE,11,NO,NO CEDER EL DERECHO DE VIA O PREFERENCIA DE PASO AL PEATON.,ATROPELLOS,MOTOCICLETA,0,0,0,0,0,0,0,0,1,0,0,0,0,1,44,MUJER,LESIONADO,PEATON,NO,NO,0
8074,24958,24959,2017,1,0,-0.237587,-78.484667,PICHINCHA,QUITO,QUITO,URBANA,2017-11-13,14:03:00,14,LUNES,1,NOVIEMBRE,11,NO,NO TRANSITAR POR LAS ACERAS O ZONAS DE SEGURIDAD DESTINADAS PARA EL EFECTO.,ATROPELLOS,NO IDENTIFICADO,0,0,0,0,0,0,0,0,0,1,0,0,0,1,28,HOMBRE,LESIONADO,PEATON,NO,NO,0
8075,24959,24960,2017,1,0,-0.187689,-78.509695,PICHINCHA,QUITO,QUITO,URBANA,2017-11-13,14:10:00,14,LUNES,1,NOVIEMBRE,11,NO,BAJARSE O SUBIRSE DE VEHICULOS EN MOVIMIENTO SIN TOMAR LAS PRECAUCIONES DEBIDAS.,CAIDA DE PASAJERO,BUS,0,0,1,0,0,0,0,0,0,0,0,0,0,1,44,HOMBRE,LESIONADO,PASAJERO,NO,NO,0
8076,24963,24964,2017,0,0,-0.180302,-78.504371,PICHINCHA,QUITO,QUITO,URBANA,2017-11-13,14:35:00,14,LUNES,1,NOVIEMBRE,11,NO,"CONDUCIR DESATENTO A LAS CONDICIONES DE TRANSITO (CELULAR, PANTALLAS DE VIDEO, COMIDA, MAQUILLAJE O CUALQUIER OTRO ELEMENTO DISTRACTOR).",COLISION,VEHICULO DEPORTIVO UTILITARIO,1,0,0,0,0,0,0,0,0,0,0,0,1,2,39,HOMBRE,ILESO,CONDUCTOR PRESENTE,NO,NO,0
8077,24965,24966,2017,1,0,-0.212824,-78.402682,PICHINCHA,QUITO,TUMBACO,RURAL,2017-11-13,15:40:00,15,LUNES,1,NOVIEMBRE,11,NO,REALIZAR CAMBIO BRUSCO O INDEBIDO DE CARRIL.,PERDIDA DE PISTA,MOTOCICLETA,0,0,0,0,0,0,0,0,1,0,0,0,0,1,32,HOMBRE,LESIONADO,CONDUCTOR PRESENTE,NO,NO,3
8078,24966,24967,2017,1,0,-0.109124,-78.296386,PICHINCHA,QUITO,EL QUINCHE,RURAL,2017-11-13,16:15:00,16,LUNES,1,NOVIEMBRE,11,NO,NO CEDER EL DERECHO DE VIA O PREFERENCIA DE PASO A VEHICULOS.,CHOQUE LATERAL,CAMION,0,0,0,2,0,0,0,0,0,0,0,0,0,2,41,MUJER,LESIONADO,PEATON,NO,NO,3
8079,24967,24968,2017,0,0,-0.206202,-78.500814,PICHINCHA,QUITO,QUITO,URBANA,2017-11-13,16:27:00,16,LUNES,1,NOVIEMBRE,11,NO,"NO RESPETAR LAS SENIALES REGLAMENTARIAS DE TRANSITO. (PARE, CEDA EL PASO, LUZ ROJA DEL SEMAFORO, ETC).",CHOQUE LATERAL,VEHICULO DEPORTIVO UTILITARIO,0,0,1,0,0,0,0,0,0,0,0,0,1,2,58,MUJER,ILESO,CONDUCTOR PRESENTE,NO,NO,0
8080,24970,24971,2017,0,0,-0.227226,-78.507031,PICHINCHA,QUITO,QUITO,URBANA,2017-11-13,17:05:00,17,LUNES,1,NOVIEMBRE,11,NO,NO GUARDAR LA DISTANCIA LATERAL MINIMA DE SEGURIDAD ENTRE VEHICULOS.,ROZAMIENTOS,BUS,0,0,1,0,0,0,0,0,0,0,0,0,1,2,32,HOMBRE,ILESO,CONDUCTOR PRESENTE,NO,NO,0
8081,24973,24974,2017,1,0,-0.451964,-78.591825,PICHINCHA,MEJIA,ALOAG,RURAL,2017-11-13,18:15:00,18,LUNES,1,NOVIEMBRE,11,NO,"CONDUCIR DESATENTO A LAS CONDICIONES DE TRANSITO (CELULAR, PANTALLAS DE VIDEO, COMIDA, MAQUILLAJE O CUALQUIER OTRO ELEMENTO DISTRACTOR).",CHOQUE LATERAL,VEHICULO DEPORTIVO UTILITARIO,0,0,0,0,0,0,0,0,0,1,0,0,1,2,23,HOMBRE,LESIONADO,CONDUCTOR PRESENTE,NO,NO,3
8082,24975,24976,2017,3,0,-0.204041,-78.458081,PICHINCHA,QUITO,QUITO,RURAL,2017-11-13,19:10:00,19,LUNES,1,NOVIEMBRE,11,NO,CONDUCIR VEHICULO SUPERANDO LOS LIMITES MAXIMOS DE VELOCIDAD.,CHOQUE LATERAL,AUTOMOVIL,1,0,0,0,0,0,0,0,1,0,0,0,0,2,80,MUJER,LESIONADO,CONDUCTOR PRESENTE,NO,NO,3
8083,24978,24979,2017,0,0,-0.146502,-78.464574,PICHINCHA,QUITO,QUITO,URBANA,2017-11-13,20:10:00,20,LUNES,1,NOVIEMBRE,11,NO,NO GUARDAR LA DISTANCIA LATERAL MINIMA DE SEGURIDAD ENTRE VEHICULOS.,ROZAMIENTOS,VEHICULO DEPORTIVO UTILITARIO,0,0,0,0,0,0,0,0,0,0,0,0,1,1,32,MUJER,ILESO,CONDUCTOR PRESENTE,NO,NO,0
8084,25000,25001,2017,3,0,-0.230871,-78.504294,PICHINCHA,QUITO,QUITO,URBANA,2017-11-14,05:55:00,5,MARTES,2,NOVIEMBRE,11,NO,CONDUCIR VEHICULO SUPERANDO LOS LIMITES MAXIMOS DE VELOCIDAD.,PERDIDA DE PISTA,AUTOMOVIL,2,0,0,0,0,0,0,0,1,0,0,0,0,3,67,HOMBRE,LESIONADO,CONDUCTOR PRESENTE,NO,NO,0
8085,25002,25003,2017,0,0,-0.104571,-78.453658,PICHINCHA,QUITO,CALDERON (CARAPUNGO),RURAL,2017-11-14,06:10:00,6,MARTES,2,NOVIEMBRE,11,NO,NO MANTENER LA DISTANCIA PRUDENCIAL CON RESPECTO AL VEHICULO QUE LE ANTECEDE.,CHOQUE POSTERIOR,AUTOMOVIL,2,0,0,0,0,0,0,0,0,0,0,0,0,2,49,HOMBRE,ILESO,CONDUCTOR PRESENTE,NO,NO,3
8086,25004,25005,2017,0,0,-0.237471,-78.484505,PICHINCHA,QUITO,QUITO,URBANA,2017-11-14,07:35:00,7,MARTES,2,NOVIEMBRE,11,NO,NO MANTENER LA DISTANCIA PRUDENCIAL CON RESPECTO AL VEHICULO QUE LE ANTECEDE.,CHOQUE POSTERIOR,AUTOMOVIL,1,0,1,0,0,0,0,0,0,0,0,0,0,2,35,HOMBRE,ILESO,CONDUCTOR PRESENTE,NO,NO,0
8087,25006,25007,2017,0,0,-0.231604,-78.503497,PICHINCHA,QUITO,QUITO,URBANA,2017-11-14,07:45:00,7,MARTES,2,NOVIEMBRE,11,NO,NO GUARDAR LA DISTANCIA LATERAL MINIMA DE SEGURIDAD ENTRE VEHICULOS.,ROZAMIENTOS,BUS,1,0,1,0,0,0,0,0,0,0,0,0,0,2,55,HOMBRE,ILESO,CONDUCTOR PRESENTE,NO,NO,0
8088,25009,25010,2017,1,0,-0.194385,-78.494521,PICHINCHA,QUITO,QUITO,URBANA,2017-11-14,08:10:00,8,MARTES,2,NOVIEMBRE,11,NO,"NO RESPETAR LAS SENIALES REGLAMENTARIAS DE TRANSITO. (PARE, CEDA EL PASO, LUZ ROJA DEL SEMAFORO, ETC).",CHOQUE LATERAL,NO IDENTIFICADO,0,0,0,0,0,0,0,0,0,1,0,0,0,1,30,MUJER,LESIONADO,PASAJERO,NO,NO,0
8089,25011,25012,2017,1,0,-0.213067,-78.488791,PICHINCHA,QUITO,QUITO,URBANA,2017-11-14,08:29:00,8,MARTES,2,NOVIEMBRE,11,NO,NO TRANSITAR POR LAS ACERAS O ZONAS DE SEGURIDAD DESTINADAS PARA EL EFECTO.,ATROPELLOS,MOTOCICLETA,0,0,0,0,0,0,0,0,1,0,0,0,0,1,22,MUJER,LESIONADO,PEATON,NO,NO,0
8090,25012,25013,2017,1,0,-0.283174,-78.543956,PICHINCHA,QUITO,QUITO,URBANA,2017-11-14,08:30:00,8,MARTES,2,NOVIEMBRE,11,NO,NO GUARDAR LA DISTANCIA LATERAL MINIMA DE SEGURIDAD ENTRE VEHICULOS.,ROZAMIENTOS,MOTOCICLETA,0,0,0,0,0,0,0,0,1,0,0,0,0,1,19,HOMBRE,LESIONADO,CONDUCTOR PRESENTE,NO,NO,0
8091,25014,25015,2017,1,0,-0.231481,-78.523798,PICHINCHA,QUITO,QUITO,URBANA,2017-11-14,08:55:00,8,MARTES,2,NOVIEMBRE,11,NO,NO GUARDAR LA DISTANCIA LATERAL MINIMA DE SEGURIDAD ENTRE VEHICULOS.,ROZAMIENTOS,VEHICULO DEPORTIVO UTILITARIO,0,0,0,0,1,0,0,0,0,0,0,0,1,2,35,HOMBRE,LESIONADO,CONDUCTOR PRESENTE,NO,NO,0
8092,25016,25017,2017,2,0,-0.202611,-78.503322,PICHINCHA,QUITO,QUITO,URBANA,2017-11-14,10:02:00,10,MARTES,2,NOVIEMBRE,11,NO,"NO RESPETAR LAS SENIALES REGLAMENTARIAS DE TRANSITO. (PARE, CEDA EL PASO, LUZ ROJA DEL SEMAFORO, ETC).",CHOQUE LATERAL,MOTOCICLETA,0,1,0,0,0,0,0,0,1,0,0,0,0,2,45,HOMBRE,LESIONADO,CONDUCTOR PRESENTE,NO,NO,0
8093,25017,25018,2017,0,0,-0.243971,-78.539931,PICHINCHA,QUITO,QUITO,URBANA,2017-11-14,10:15:00,10,MARTES,2,NOVIEMBRE,11,NO,NO GUARDAR LA DISTANCIA LATERAL MINIMA DE SEGURIDAD ENTRE VEHICULOS.,ROZAMIENTOS,AUTOMOVIL,2,0,0,0,0,0,0,0,0,0,0,0,0,2,66,HOMBRE,ILESO,CONDUCTOR PRESENTE,NO,NO,0
8094,25020,25021,2017,1,0,-0.162396,-78.481023,PICHINCHA,QUITO,QUITO,URBANA,2017-11-14,11:30:00,11,MARTES,2,NOVIEMBRE,11,NO,"NO RESPETAR LAS SENIALES REGLAMENTARIAS DE TRANSITO. (PARE, CEDA EL PASO, LUZ ROJA DEL SEMAFORO, ETC).",CHOQUE LATERAL,MOTOCICLETA,0,0,0,0,0,0,0,0,1,0,0,0,0,1,32,HOMBRE,LESIONADO,CONDUCTOR PRESENTE,NO,NO,0
8095,25022,25023,2017,1,0,-0.219563,-78.512237,PICHINCHA,QUITO,QUITO,URBANA,2017-11-14,12:40:00,12,MARTES,2,NOVIEMBRE,11,NO,NO CEDER EL DERECHO DE VIA O PREFERENCIA DE PASO AL PEATON.,ATROPELLOS,CAMIONETA,0,0,0,0,1,0,0,0,0,0,0,0,0,1,11,MUJER,LESIONADO,PEATON,NO,NO,0
8096,25025,25026,2017,0,0,-0.244775,-78.515861,PICHINCHA,QUITO,QUITO,URBANA,2017-11-14,13:40:00,13,MARTES,2,NOVIEMBRE,11,NO,"NO RESPETAR LAS SENIALES REGLAMENTARIAS DE TRANSITO. (PARE, CEDA EL PASO, LUZ ROJA DEL SEMAFORO, ETC).",CHOQUE LATERAL,AUTOMOVIL,2,0,0,0,0,0,0,0,0,0,0,0,0,2,36,HOMBRE,ILESO,CONDUCTOR PRESENTE,NO,NO,0
8097,25026,25027,2017,0,0,-0.154021,-78.476841,PICHINCHA,QUITO,QUITO,URBANA,2017-11-14,14:15:00,14,MARTES,2,NOVIEMBRE,11,NO,"NO RESPETAR LAS SENIALES REGLAMENTARIAS DE TRANSITO. (PARE, CEDA EL PASO, LUZ ROJA DEL SEMAFORO, ETC).",CHOQUE LATERAL,AUTOMOVIL,1,0,1,0,0,0,0,0,0,0,0,0,0,2,27,MUJER,ILESO,CONDUCTOR PRESENTE,NO,NO,0
8098,25027,25028,2017,0,0,-0.294301,-78.464289,PICHINCHA,QUITO,CONOCOTO,RURAL,2017-11-14,14:32:00,14,MARTES,2,NOVIEMBRE,11,NO,"CONDUCIR DESATENTO A LAS CONDICIONES DE TRANSITO (CELULAR, PANTALLAS DE VIDEO, COMIDA, MAQUILLAJE O CUALQUIER OTRO ELEMENTO DISTRACTOR).",ESTRELLAMIENTOS,AUTOMOVIL,1,0,0,0,0,0,0,0,0,0,0,0,0,1,54,HOMBRE,ILESO,CONDUCTOR PRESENTE,NO,NO,3
8099,25029,25030,2017,1,0,-0.171593,-78.478521,PICHINCHA,QUITO,QUITO,URBANA,2017-11-14,15:17:00,15,MARTES,2,NOVIEMBRE,11,NO,NO CEDER EL DERECHO DE VIA O PREFERENCIA DE PASO AL PEATON.,ARROLLAMIENTOS,AUTOMOVIL,1,0,0,0,0,0,0,0,0,0,0,0,0,1,34,HOMBRE,LESIONADO,PEATON,NO,NO,0
8100,25034,25035,2017,1,0,-0.272384,-78.523758,PICHINCHA,QUITO,QUITO,URBANA,2017-11-14,17:00:00,17,MARTES,2,NOVIEMBRE,11,NO,BAJARSE O SUBIRSE DE VEHICULOS EN MOVIMIENTO SIN TOMAR LAS PRECAUCIONES DEBIDAS.,CAIDA DE PASAJERO,NO IDENTIFICADO,0,0,0,0,0,0,0,0,0,1,0,0,0,1,50,HOMBRE,LESIONADO,PASAJERO,NO,NO,0
8101,25036,25037,2017,0,0,-0.128773,-78.487371,PICHINCHA,QUITO,QUITO,URBANA,2017-11-14,17:20:00,17,MARTES,2,NOVIEMBRE,11,NO,NO CEDER EL DERECHO DE VIA O PREFERENCIA DE PASO A VEHICULOS.,CHOQUE LATERAL,BUS,1,0,1,0,0,0,0,0,0,0,0,0,0,2,45,HOMBRE,ILESO,CONDUCTOR PRESENTE,NO,NO,0
8102,25037,25038,2017,2,0,-0.203851,-78.458392,PICHINCHA,QUITO,QUITO,RURAL,2017-11-14,17:35:00,17,MARTES,2,NOVIEMBRE,11,NO,CONDUCIR VEHICULO SUPERANDO LOS LIMITES MAXIMOS DE VELOCIDAD.,PERDIDA DE PISTA,VEHICULO DEPORTIVO UTILITARIO,0,0,0,0,0,0,0,0,0,0,0,0,1,1,75,MUJER,LESIONADO,PASAJERO,NO,NO,3
8103,25038,25039,2017,1,0,-0.245326,-78.534069,PICHINCHA,QUITO,QUITO,URBANA,2017-11-14,17:47:00,17,MARTES,2,NOVIEMBRE,11,NO,NO CEDER EL DERECHO DE VIA O PREFERENCIA DE PASO AL PEATON.,ATROPELLOS,NO IDENTIFICADO,0,0,0,0,0,0,0,0,0,1,0,0,0,1,51,MUJER,LESIONADO,PEATON,NO,NO,0
8104,25042,25043,2017,1,0,-0.275535,-78.551011,PICHINCHA,QUITO,QUITO,URBANA,2017-11-14,18:18:00,18,MARTES,2,NOVIEMBRE,11,NO,NO CEDER EL DERECHO DE VIA O PREFERENCIA DE PASO AL PEATON.,ATROPELLOS,NO IDENTIFICADO,0,0,0,0,0,0,0,0,0,1,0,0,0,1,13,MUJER,LESIONADO,PEATON,NO,NO,0
8105,25047,25048,2017,0,0,-0.243535,-78.539101,PICHINCHA,QUITO,QUITO,URBANA,2017-11-14,19:30:00,19,MARTES,2,NOVIEMBRE,11,NO,NO GUARDAR LA DISTANCIA LATERAL MINIMA DE SEGURIDAD ENTRE VEHICULOS.,ROZAMIENTOS,AUTOMOVIL,1,0,1,0,0,0,0,0,0,0,0,0,0,2,25,HOMBRE,ILESO,CONDUCTOR PRESENTE,NO,NO,0
8106,25051,25052,2017,0,0,-0.268298,-78.539478,PICHINCHA,QUITO,QUITO,URBANA,2017-11-14,21:00:00,21,MARTES,2,NOVIEMBRE,11,NO,NO MANTENER LA DISTANCIA PRUDENCIAL CON RESPECTO AL VEHICULO QUE LE ANTECEDE.,CHOQUE POSTERIOR,AUTOMOVIL,1,0,0,0,0,0,0,0,0,0,0,0,0,1,29,HOMBRE,ILESO,CONDUCTOR PRESENTE,NO,NO,0
8107,25053,25054,2017,0,0,-0.082505,-78.418596,PICHINCHA,QUITO,CALDERON (CARAPUNGO),RURAL,2017-11-14,22:10:00,22,MARTES,2,NOVIEMBRE,11,NO,"NO RESPETAR LAS SENIALES REGLAMENTARIAS DE TRANSITO. (PARE, CEDA EL PASO, LUZ ROJA DEL SEMAFORO, ETC).",CHOQUE LATERAL,VEHICULO DEPORTIVO UTILITARIO,0,0,1,0,0,0,0,0,0,0,0,0,1,2,47,HOMBRE,ILESO,CONDUCTOR PRESENTE,NO,NO,3
8108,25069,25070,2017,0,0,-0.069069,-78.372956,PICHINCHA,QUITO,CALDERON (CARAPUNGO),RURAL,2017-11-15,00:30:00,0,MIERCOLES,3,NOVIEMBRE,11,NO,"CONDUCIR DESATENTO A LAS CONDICIONES DE TRANSITO (CELULAR, PANTALLAS DE VIDEO, COMIDA, MAQUILLAJE O CUALQUIER OTRO ELEMENTO DISTRACTOR).",PERDIDA DE PISTA,CAMIONETA,0,0,0,0,1,0,0,0,0,0,0,0,0,1,44,HOMBRE,ILESO,CONDUCTOR PRESENTE,NO,NO,3
8109,25070,25071,2017,0,0,-0.157378,-78.485054,PICHINCHA,QUITO,QUITO,URBANA,2017-11-15,00:55:00,0,MIERCOLES,3,NOVIEMBRE,11,NO,NO CEDER EL DERECHO DE VIA O PREFERENCIA DE PASO A VEHICULOS.,CHOQUE LATERAL,AUTOMOVIL,1,0,0,0,0,0,0,0,0,0,0,0,0,1,35,HOMBRE,ILESO,CONDUCTOR PRESENTE,NO,NO,0
8110,25073,25074,2017,0,0,-0.199001,-78.496274,PICHINCHA,QUITO,QUITO,URBANA,2017-11-15,05:20:00,5,MIERCOLES,3,NOVIEMBRE,11,NO,"CONDUCIR DESATENTO A LAS CONDICIONES DE TRANSITO (CELULAR, PANTALLAS DE VIDEO, COMIDA, MAQUILLAJE O CUALQUIER OTRO ELEMENTO DISTRACTOR).",ESTRELLAMIENTOS,AUTOMOVIL,1,0,0,0,0,0,0,0,0,0,0,0,0,1,-1,NO IDENTIFICADO,NO IDENTIFICADO,CONDUCTOR AUSENTE,NO,NO,2
8111,25074,25075,2017,0,0,-0.201754,-78.429169,PICHINCHA,QUITO,CUMBAYA,RURAL,2017-11-15,05:54:00,5,MIERCOLES,3,NOVIEMBRE,11,NO,"CONDUCIR DESATENTO A LAS CONDICIONES DE TRANSITO (CELULAR, PANTALLAS DE VIDEO, COMIDA, MAQUILLAJE O CUALQUIER OTRO ELEMENTO DISTRACTOR).",CHOQUE LATERAL,CAMIONETA,0,0,0,0,1,0,0,0,0,0,0,0,1,2,45,HOMBRE,ILESO,CONDUCTOR PRESENTE,NO,NO,3
8112,25077,25078,2017,1,0,-0.104008,-78.495022,PICHINCHA,QUITO,QUITO,URBANA,2017-11-15,07:09:00,7,MIERCOLES,3,NOVIEMBRE,11,NO,PEATON QUE CRUZA LA CALZADA SIN RESPETAR LA SENIALIZACION EXISTENTE (SEMAFOROS O SENIALES MANUALES).,ATROPELLOS,NO IDENTIFICADO,0,0,0,0,0,0,0,0,0,1,0,0,0,1,14,HOMBRE,LESIONADO,PEATON,NO,NO,0
8113,25079,25080,2017,0,0,-0.175166,-78.487456,PICHINCHA,QUITO,QUITO,URBANA,2017-11-15,07:30:00,7,MIERCOLES,3,NOVIEMBRE,11,NO,"NO RESPETAR LAS SENIALES REGLAMENTARIAS DE TRANSITO. (PARE, CEDA EL PASO, LUZ ROJA DEL SEMAFORO, ETC).",CHOQUE LATERAL,VEHICULO DEPORTIVO UTILITARIO,0,0,0,0,1,0,0,0,0,0,0,0,1,2,28,HOMBRE,ILESO,CONDUCTOR PRESENTE,NO,NO,0
8114,25082,25083,2017,3,0,-0.105373,-78.462381,PICHINCHA,QUITO,QUITO,RURAL,2017-11-15,07:50:00,7,MIERCOLES,3,NOVIEMBRE,11,NO,"CONDUCIR DESATENTO A LAS CONDICIONES DE TRANSITO (CELULAR, PANTALLAS DE VIDEO, COMIDA, MAQUILLAJE O CUALQUIER OTRO ELEMENTO DISTRACTOR).",COLISION,CAMIONETA,0,0,0,0,1,0,0,0,2,0,0,0,1,4,25,HOMBRE,LESIONADO,CONDUCTOR PRESENTE,NO,NO,3
8115,25083,25084,2017,1,0,-0.306872,-78.553484,PICHINCHA,QUITO,QUITO,URBANA,2017-11-15,08:20:00,8,MIERCOLES,3,NOVIEMBRE,11,NO,NO CEDER EL DERECHO DE VIA O PREFERENCIA DE PASO AL PEATON.,ATROPELLOS,AUTOMOVIL,1,0,0,0,0,0,0,0,0,0,0,0,0,1,71,MUJER,LESIONADO,PEATON,NO,NO,0
8116,25084,25085,2017,1,0,-0.170155,-78.479768,PICHINCHA,QUITO,QUITO,URBANA,2017-11-15,08:40:00,8,MIERCOLES,3,NOVIEMBRE,11,NO,NO CEDER EL DERECHO DE VIA O PREFERENCIA DE PASO AL PEATON.,ATROPELLOS,NO IDENTIFICADO,0,0,0,0,0,0,0,0,0,1,0,0,0,1,20,MUJER,LESIONADO,PEATON,NO,NO,0