,Unnamed: 0,ID,ANIO,LESIONADOS,FALLECIDOS,LATITUD_Y,LONGITUD_X,PROVINCIA,CANTON,PARROQUIA,ZONA,FECHA,HORA,PERIODO_2,DIA_1,DIA_2,MES_1,MES_2,FERIADO,CAUSA_PROBABLE,TIPO_DE_SINIESTRO,TIPO_DE_VEHICULO_1,AUTOMOVIL,BICICLETA,BUS,CAMION,CAMIONETA,EMERGENCIAS,ESPECIAL,FURGONETA,MOTOCICLETA,NO_IDENTIFICADO,SCOOTER_ELECTRICO,TRICIMOTO,VEHICULO_DEPORTIVO_UTILITARIO,SUMA_DE_VEHICULOS,EDAD_1,SEXO_1,CONDICION_1,PARTICIPANTE_1,CASCO_1,CINTURON_1,KMeans_Cluster
8117,25085,25086,2017,0,0,-0.224587,-78.515533,PICHINCHA,QUITO,QUITO,URBANA,2017-11-15,08:56:00,8,MIERCOLES,3,NOVIEMBRE,11,NO,"NO RESPETAR LAS SENIALES REGLAMENTARIAS DE TRANSITO. (PARE, CEDA EL PASO, LUZ ROJA DEL SEMAFORO, ETC).",CHOQUE LATERAL,CAMIONETA,0,0,0,0,1,0,0,0,0,0,0,0,1,2,32,HOMBRE,ILESO,CONDUCTOR PRESENTE,NO,NO,0
8118,25089,25090,2017,0,0,-0.133769,-78.470611,PICHINCHA,QUITO,QUITO,URBANA,2017-11-15,11:00:00,11,MIERCOLES,3,NOVIEMBRE,11,NO,"CONDUCIR DESATENTO A LAS CONDICIONES DE TRANSITO (CELULAR, PANTALLAS DE VIDEO, COMIDA, MAQUILLAJE O CUALQUIER OTRO ELEMENTO DISTRACTOR).",COLISION,AUTOMOVIL,2,0,0,1,0,0,0,0,0,0,0,0,0,3,39,HOMBRE,ILESO,CONDUCTOR PRESENTE,NO,NO,0
8119,25090,25091,2017,1,0,-0.290643,-78.545658,PICHINCHA,QUITO,QUITO,URBANA,2017-11-15,11:00:00,11,MIERCOLES,3,NOVIEMBRE,11,NO,NO CEDER EL DERECHO DE VIA O PREFERENCIA DE PASO AL PEATON.,ATROPELLOS,AUTOMOVIL,1,0,0,0,0,0,0,0,0,0,0,0,0,1,26,MUJER,LESIONADO,PEATON,NO,NO,0
8120,25092,25093,2017,0,0,-0.123551,-78.426711,PICHINCHA,QUITO,CALDERON (CARAPUNGO),RURAL,2017-11-15,11:40:00,11,MIERCOLES,3,NOVIEMBRE,11,NO,"NO RESPETAR LAS SENIALES REGLAMENTARIAS DE TRANSITO. (PARE, CEDA EL PASO, LUZ ROJA DEL SEMAFORO, ETC).",CHOQUE LATERAL,AUTOMOVIL,2,0,0,0,0,0,0,0,0,0,0,0,0,2,25,HOMBRE,ILESO,CONDUCTOR PRESENTE,NO,NO,3
8121,25093,25094,2017,0,0,-0.212328,-78.426698,PICHINCHA,QUITO,CUMBAYA,RURAL,2017-11-15,12:40:00,12,MIERCOLES,3,NOVIEMBRE,11,NO,"NO RESPETAR LAS SENIALES REGLAMENTARIAS DE TRANSITO. (PARE, CEDA EL PASO, LUZ ROJA DEL SEMAFORO, ETC).",CHOQUE LATERAL,VEHICULO DEPORTIVO UTILITARIO,1,0,0,0,0,0,0,0,0,0,0,0,1,2,51,MUJER,ILESO,CONDUCTOR PRESENTE,NO,NO,3
8122,25094,25095,2017,0,0,-0.123251,-78.488149,PICHINCHA,QUITO,QUITO,URBANA,2017-11-15,13:25:00,13,MIERCOLES,3,NOVIEMBRE,11,NO,NO MANTENER LA DISTANCIA PRUDENCIAL CON RESPECTO AL VEHICULO QUE LE ANTECEDE.,CHOQUE POSTERIOR,VEHICULO DEPORTIVO UTILITARIO,1,0,0,0,0,0,0,0,0,0,0,0,1,2,57,HOMBRE,ILESO,CONDUCTOR PRESENTE,NO,NO,0
8123,25098,25099,2017,0,0,-0.247893,-78.507836,PICHINCHA,QUITO,QUITO,URBANA,2017-11-15,14:40:00,14,MIERCOLES,3,NOVIEMBRE,11,NO,NO GUARDAR LA DISTANCIA LATERAL MINIMA DE SEGURIDAD ENTRE VEHICULOS.,ROZAMIENTOS,CAMION,0,0,0,1,1,0,0,0,0,0,0,0,0,2,59,HOMBRE,ILESO,CONDUCTOR PRESENTE,NO,NO,0
8124,25100,25101,2017,1,0,-0.194218,-78.482038,PICHINCHA,QUITO,QUITO,URBANA,2017-11-15,15:20:00,15,MIERCOLES,3,NOVIEMBRE,11,NO,NO CEDER EL DERECHO DE VIA O PREFERENCIA DE PASO AL PEATON.,ATROPELLOS,VEHICULO DEPORTIVO UTILITARIO,0,0,0,0,0,0,0,0,0,0,0,0,1,1,27,HOMBRE,LESIONADO,PEATON,NO,NO,0
8125,25104,25105,2017,0,0,-0.097654,-78.469194,PICHINCHA,QUITO,QUITO,URBANA,2017-11-15,16:19:00,16,MIERCOLES,3,NOVIEMBRE,11,NO,NO GUARDAR LA DISTANCIA LATERAL MINIMA DE SEGURIDAD ENTRE VEHICULOS.,ROZAMIENTOS,AUTOMOVIL,2,0,0,0,0,0,0,0,0,0,0,0,0,2,36,HOMBRE,ILESO,CONDUCTOR PRESENTE,NO,NO,0
8126,25105,25106,2017,0,0,-0.142041,-78.443217,PICHINCHA,QUITO,LLANO CHICO,RURAL,2017-11-15,16:50:00,16,MIERCOLES,3,NOVIEMBRE,11,NO,NO CEDER EL DERECHO DE VIA O PREFERENCIA DE PASO A VEHICULOS.,CHOQUE LATERAL,CAMION,0,0,0,1,0,0,0,0,0,0,0,0,1,2,22,HOMBRE,ILESO,CONDUCTOR PRESENTE,NO,NO,3
8127,25106,25107,2017,0,0,-0.254686,-78.504316,PICHINCHA,QUITO,QUITO,URBANA,2017-11-15,17:15:00,17,MIERCOLES,3,NOVIEMBRE,11,NO,"CONDUCE BAJO LA INFLUENCIA DE ALCOHOL, SUSTANCIAS ESTUPEFACIENTES O PSICOTROPICAS Y/O MEDICAMENTOS.",CHOQUE LATERAL,CAMION,1,0,0,1,0,0,0,0,0,0,0,0,0,2,29,HOMBRE,ILESO,CONDUCTOR PRESENTE,NO,NO,0
8128,25108,25109,2017,0,0,-0.297481,-78.470012,PICHINCHA,QUITO,CONOCOTO,RURAL,2017-11-15,18:10:00,18,MIERCOLES,3,NOVIEMBRE,11,NO,"NO RESPETAR LAS SENIALES REGLAMENTARIAS DE TRANSITO. (PARE, CEDA EL PASO, LUZ ROJA DEL SEMAFORO, ETC).",CHOQUE LATERAL,AUTOMOVIL,1,0,0,0,0,0,0,0,0,0,0,0,0,1,28,HOMBRE,ILESO,CONDUCTOR PRESENTE,NO,NO,3
8129,25111,25112,2017,1,0,-0.241176,-78.518583,PICHINCHA,QUITO,QUITO,URBANA,2017-11-15,19:00:00,19,MIERCOLES,3,NOVIEMBRE,11,NO,"NO RESPETAR LAS SENIALES REGLAMENTARIAS DE TRANSITO. (PARE, CEDA EL PASO, LUZ ROJA DEL SEMAFORO, ETC).",CHOQUE LATERAL,AUTOMOVIL,1,0,0,0,0,0,0,0,1,0,0,0,0,2,26,HOMBRE,LESIONADO,CONDUCTOR PRESENTE,NO,NO,0
8130,25112,25113,2017,0,0,-0.119451,-78.506659,PICHINCHA,QUITO,QUITO,URBANA,2017-11-15,19:20:00,19,MIERCOLES,3,NOVIEMBRE,11,NO,"CONDUCIR DESATENTO A LAS CONDICIONES DE TRANSITO (CELULAR, PANTALLAS DE VIDEO, COMIDA, MAQUILLAJE O CUALQUIER OTRO ELEMENTO DISTRACTOR).",CHOQUE POSTERIOR,VEHICULO DEPORTIVO UTILITARIO,1,0,0,0,0,0,0,0,0,0,0,0,1,2,28,HOMBRE,ILESO,CONDUCTOR PRESENTE,NO,NO,0
8131,25113,25114,2017,0,0,-0.183844,-78.487068,PICHINCHA,QUITO,QUITO,URBANA,2017-11-15,19:35:00,19,MIERCOLES,3,NOVIEMBRE,11,NO,"NO RESPETAR LAS SENIALES REGLAMENTARIAS DE TRANSITO. (PARE, CEDA EL PASO, LUZ ROJA DEL SEMAFORO, ETC).",CHOQUE LATERAL,AUTOMOVIL,1,0,0,0,0,0,0,0,0,0,0,0,0,1,24,HOMBRE,ILESO,CONDUCTOR PRESENTE,NO,NO,0
8132,25136,25137,2017,0,0,-0.449125,-78.747811,PICHINCHA,MEJIA,MANUEL CORNEJO ASTORGA,RURAL,2017-11-16,05:00:00,5,JUEVES,4,NOVIEMBRE,11,NO,"CONDUCIR DESATENTO A LAS CONDICIONES DE TRANSITO (CELULAR, PANTALLAS DE VIDEO, COMIDA, MAQUILLAJE O CUALQUIER OTRO ELEMENTO DISTRACTOR).",ESTRELLAMIENTOS,AUTOMOVIL,1,0,0,0,0,0,0,0,0,0,0,0,0,1,22,HOMBRE,ILESO,CONDUCTOR PRESENTE,NO,NO,3
8133,25137,25138,2017,1,0,-0.291791,-78.398738,PICHINCHA,QUITO,LA MERCED,RURAL,2017-11-16,06:35:00,6,JUEVES,4,NOVIEMBRE,11,NO,PEATON QUE CRUZA LA CALZADA SIN RESPETAR LA SENIALIZACION EXISTENTE (SEMAFOROS O SENIALES MANUALES).,ATROPELLOS,AUTOMOVIL,1,0,0,0,0,0,0,0,0,0,0,0,0,1,27,HOMBRE,LESIONADO,PEATON,NO,NO,3
8134,25138,25139,2017,1,0,-0.187345,-78.502802,PICHINCHA,QUITO,QUITO,URBANA,2017-11-16,06:35:00,6,JUEVES,4,NOVIEMBRE,11,NO,NO CEDER EL DERECHO DE VIA O PREFERENCIA DE PASO A VEHICULOS.,CHOQUE LATERAL,AUTOMOVIL,2,0,0,0,0,0,0,0,0,0,0,0,0,2,37,HOMBRE,LESIONADO,CONDUCTOR PRESENTE,NO,NO,0
8135,25140,25141,2017,0,0,-0.236435,-78.528441,PICHINCHA,QUITO,QUITO,URBANA,2017-11-16,07:23:00,7,JUEVES,4,NOVIEMBRE,11,NO,NO MANTENER LA DISTANCIA PRUDENCIAL CON RESPECTO AL VEHICULO QUE LE ANTECEDE.,CHOQUE POSTERIOR,AUTOMOVIL,2,0,0,0,0,0,0,0,0,0,0,0,0,2,26,HOMBRE,ILESO,CONDUCTOR PRESENTE,NO,NO,0
8136,25141,25142,2017,1,0,-0.133668,-78.501945,PICHINCHA,QUITO,QUITO,URBANA,2017-11-16,07:50:00,7,JUEVES,4,NOVIEMBRE,11,NO,NO GUARDAR LA DISTANCIA LATERAL MINIMA DE SEGURIDAD ENTRE VEHICULOS.,ROZAMIENTOS,MOTOCICLETA,0,0,0,0,0,0,0,0,1,0,0,0,0,1,35,MUJER,LESIONADO,CONDUCTOR PRESENTE,NO,NO,0
8137,25143,25144,2017,1,0,-0.210739,-78.421093,PICHINCHA,QUITO,TUMBACO,RURAL,2017-11-16,08:10:00,8,JUEVES,4,NOVIEMBRE,11,NO,BAJARSE O SUBIRSE DE VEHICULOS EN MOVIMIENTO SIN TOMAR LAS PRECAUCIONES DEBIDAS.,CAIDA DE PASAJERO,NO IDENTIFICADO,0,0,0,0,0,0,0,0,0,1,0,0,0,1,73,MUJER,LESIONADO,PASAJERO,NO,NO,3
8138,25144,25145,2017,1,0,-0.204627,-78.498746,PICHINCHA,QUITO,QUITO,URBANA,2017-11-16,08:14:00,8,JUEVES,4,NOVIEMBRE,11,NO,"NO RESPETAR LAS SENIALES REGLAMENTARIAS DE TRANSITO. (PARE, CEDA EL PASO, LUZ ROJA DEL SEMAFORO, ETC).",ATROPELLOS,BUS,0,0,1,0,0,0,0,0,0,0,0,0,0,1,26,HOMBRE,LESIONADO,PEATON,NO,NO,0
8139,25146,25147,2017,0,0,-0.181747,-78.475843,PICHINCHA,QUITO,QUITO,URBANA,2017-11-16,08:30:00,8,JUEVES,4,NOVIEMBRE,11,NO,"NO RESPETAR LAS SENIALES REGLAMENTARIAS DE TRANSITO. (PARE, CEDA EL PASO, LUZ ROJA DEL SEMAFORO, ETC).",CHOQUE LATERAL,AUTOMOVIL,1,0,0,0,0,0,0,0,0,0,0,0,1,2,44,HOMBRE,ILESO,CONDUCTOR PRESENTE,NO,NO,0
8140,25147,25148,2017,0,0,-0.207095,-78.507006,PICHINCHA,QUITO,QUITO,URBANA,2017-11-16,08:35:00,8,JUEVES,4,NOVIEMBRE,11,NO,"NO RESPETAR LAS SENIALES REGLAMENTARIAS DE TRANSITO. (PARE, CEDA EL PASO, LUZ ROJA DEL SEMAFORO, ETC).",CHOQUE LATERAL,MOTOCICLETA,0,0,0,0,0,0,0,0,1,0,0,0,0,1,41,HOMBRE,ILESO,CONDUCTOR PRESENTE,NO,NO,0
8141,25152,25153,2017,1,0,-0.282864,-78.543231,PICHINCHA,QUITO,QUITO,URBANA,2017-11-16,11:20:00,11,JUEVES,4,NOVIEMBRE,11,NO,NO CEDER EL DERECHO DE VIA O PREFERENCIA DE PASO AL PEATON.,ATROPELLOS,NO IDENTIFICADO,0,0,0,0,0,0,0,0,0,1,0,0,0,1,45,MUJER,LESIONADO,PEATON,NO,NO,0
8142,25160,25161,2017,1,0,-0.156069,-78.439391,PICHINCHA,QUITO,NAYON,RURAL,2017-11-16,13:00:00,13,JUEVES,4,NOVIEMBRE,11,NO,NO CEDER EL DERECHO DE VIA O PREFERENCIA DE PASO AL PEATON.,ATROPELLOS,VEHICULO DEPORTIVO UTILITARIO,0,0,0,0,0,0,0,0,0,0,0,0,1,1,11,MUJER,LESIONADO,PEATON,NO,NO,3
8143,25162,25163,2017,2,0,-0.172621,-78.482078,PICHINCHA,QUITO,QUITO,URBANA,2017-11-16,13:35:00,13,JUEVES,4,NOVIEMBRE,11,NO,"NO RESPETAR LAS SENIALES REGLAMENTARIAS DE TRANSITO. (PARE, CEDA EL PASO, LUZ ROJA DEL SEMAFORO, ETC).",CHOQUE LATERAL,MOTOCICLETA,0,0,0,0,0,0,0,0,2,0,0,0,0,2,52,HOMBRE,LESIONADO,CONDUCTOR PRESENTE,NO,NO,0
8144,25163,25164,2017,0,0,-0.193659,-78.483136,PICHINCHA,QUITO,QUITO,URBANA,2017-11-16,14:00:00,14,JUEVES,4,NOVIEMBRE,11,NO,NO GUARDAR LA DISTANCIA LATERAL MINIMA DE SEGURIDAD ENTRE VEHICULOS.,ROZAMIENTOS,AUTOMOVIL,1,0,0,0,0,0,0,0,0,0,0,0,1,2,18,HOMBRE,ILESO,CONDUCTOR PRESENTE,NO,NO,0
8145,25164,25165,2017,1,0,-0.251319,-78.521366,PICHINCHA,QUITO,QUITO,URBANA,2017-11-16,14:05:00,14,JUEVES,4,NOVIEMBRE,11,NO,PEATON QUE CRUZA LA CALZADA SIN RESPETAR LA SENIALIZACION EXISTENTE (SEMAFOROS O SENIALES MANUALES).,ATROPELLOS,VEHICULO DEPORTIVO UTILITARIO,0,0,0,0,0,0,0,0,0,0,0,0,1,1,23,HOMBRE,LESIONADO,PEATON,NO,NO,0
8146,25167,25168,2017,1,0,-0.174278,-78.493456,PICHINCHA,QUITO,QUITO,URBANA,2017-11-16,15:20:00,15,JUEVES,4,NOVIEMBRE,11,NO,REALIZAR CAMBIO BRUSCO O INDEBIDO DE CARRIL.,PERDIDA DE PISTA,BICICLETA,0,1,0,0,0,0,0,0,0,0,0,0,0,1,26,HOMBRE,LESIONADO,CONDUCTOR PRESENTE,NO,NO,0
8147,25169,25170,2017,0,0,-0.514091,-78.569325,PICHINCHA,MEJIA,MACHACHI,RURAL,2017-11-16,15:50:00,15,JUEVES,4,NOVIEMBRE,11,NO,"CONDUCIR DESATENTO A LAS CONDICIONES DE TRANSITO (CELULAR, PANTALLAS DE VIDEO, COMIDA, MAQUILLAJE O CUALQUIER OTRO ELEMENTO DISTRACTOR).",ROZAMIENTOS,AUTOMOVIL,1,0,0,0,1,0,0,0,0,0,0,0,0,2,61,HOMBRE,ILESO,CONDUCTOR PRESENTE,NO,NO,3
8148,25172,25173,2017,1,0,-0.190082,-78.488029,PICHINCHA,QUITO,QUITO,URBANA,2017-11-16,16:30:00,16,JUEVES,4,NOVIEMBRE,11,NO,NO CEDER EL DERECHO DE VIA O PREFERENCIA DE PASO AL PEATON.,ATROPELLOS,MOTOCICLETA,0,0,0,0,0,0,0,0,1,0,0,0,0,1,62,MUJER,LESIONADO,PEATON,NO,NO,0
8149,25174,25175,2017,0,0,-0.180556,-78.486519,PICHINCHA,QUITO,QUITO,URBANA,2017-11-16,18:20:00,18,JUEVES,4,NOVIEMBRE,11,NO,"NO RESPETAR LAS SENIALES REGLAMENTARIAS DE TRANSITO. (PARE, CEDA EL PASO, LUZ ROJA DEL SEMAFORO, ETC).",CHOQUE LATERAL,VEHICULO DEPORTIVO UTILITARIO,0,0,0,0,0,0,0,0,0,0,0,0,1,1,25,MUJER,ILESO,CONDUCTOR PRESENTE,NO,NO,0
8150,25176,25177,2017,0,0,-0.181747,-78.475843,PICHINCHA,QUITO,QUITO,URBANA,2017-11-16,19:25:00,19,JUEVES,4,NOVIEMBRE,11,NO,"CONDUCIR EN ESTADO DE SOMNOLENCIA O MALAS CONDICIONES FISICAS (SUENIO, CANSANCIO Y FATIGA).",CHOQUE POSTERIOR,VEHICULO DEPORTIVO UTILITARIO,1,0,0,0,0,0,0,0,0,0,0,0,1,2,21,MUJER,ILESO,CONDUCTOR PRESENTE,NO,NO,0
8151,25178,25179,2017,1,0,-0.214698,-78.503449,PICHINCHA,QUITO,QUITO,URBANA,2017-11-16,20:05:00,20,JUEVES,4,NOVIEMBRE,11,NO,"NO RESPETAR LAS SENIALES REGLAMENTARIAS DE TRANSITO. (PARE, CEDA EL PASO, LUZ ROJA DEL SEMAFORO, ETC).",CHOQUE LATERAL,AUTOMOVIL,1,0,0,0,0,0,0,0,1,0,0,0,0,2,27,HOMBRE,LESIONADO,CONDUCTOR PRESENTE,NO,NO,0
8152,25179,25180,2017,1,0,-0.206221,-78.482109,PICHINCHA,QUITO,QUITO,URBANA,2017-11-16,20:50:00,20,JUEVES,4,NOVIEMBRE,11,NO,"NO RESPETAR LAS SENIALES REGLAMENTARIAS DE TRANSITO. (PARE, CEDA EL PASO, LUZ ROJA DEL SEMAFORO, ETC).",CHOQUE LATERAL,CAMIONETA,1,0,0,0,1,0,0,0,0,0,0,0,0,2,54,MUJER,LESIONADO,PASAJERO,NO,NO,0
8153,25180,25181,2017,1,0,-0.193094,-78.510979,PICHINCHA,QUITO,QUITO,URBANA,2017-11-16,21:35:00,21,JUEVES,4,NOVIEMBRE,11,NO,REALIZAR CAMBIO BRUSCO O INDEBIDO DE CARRIL.,CHOQUE FRONTAL,MOTOCICLETA,0,0,0,0,0,0,0,0,1,0,0,0,0,1,20,MUJER,LESIONADO,PASAJERO,NO,NO,0
8154,25181,25182,2017,0,0,-0.285811,-78.549902,PICHINCHA,QUITO,QUITO,URBANA,2017-11-16,22:00:00,22,JUEVES,4,NOVIEMBRE,11,NO,"CONDUCIR EN ESTADO DE SOMNOLENCIA O MALAS CONDICIONES FISICAS (SUENIO, CANSANCIO Y FATIGA).",ESTRELLAMIENTOS,CAMIONETA,0,0,0,0,1,0,0,0,0,0,0,0,0,1,-1,NO IDENTIFICADO,NO IDENTIFICADO,CONDUCTOR AUSENTE,NO,NO,2
8155,25182,25183,2017,0,0,-0.100341,-78.455348,PICHINCHA,QUITO,CALDERON (CARAPUNGO),RURAL,2017-11-16,22:10:00,22,JUEVES,4,NOVIEMBRE,11,NO,"CONDUCIR EN ESTADO DE SOMNOLENCIA O MALAS CONDICIONES FISICAS (SUENIO, CANSANCIO Y FATIGA).",ESTRELLAMIENTOS,AUTOMOVIL,1,0,0,0,0,0,0,0,0,0,0,0,0,1,-1,NO IDENTIFICADO,NO IDENTIFICADO,CONDUCTOR AUSENTE,NO,NO,2
8156,25203,25204,2017,0,0,-0.091585,-78.439052,PICHINCHA,QUITO,CALDERON (CARAPUNGO),RURAL,2017-11-17,01:45:00,1,VIERNES,5,NOVIEMBRE,11,NO,"CONDUCE BAJO LA INFLUENCIA DE ALCOHOL, SUSTANCIAS ESTUPEFACIENTES O PSICOTROPICAS Y/O MEDICAMENTOS.",ROZAMIENTOS,AUTOMOVIL,2,0,0,0,0,0,0,0,0,0,0,0,0,2,33,HOMBRE,ILESO,CONDUCTOR PRESENTE,NO,NO,3
8157,25206,25207,2017,0,0,-0.188521,-78.448241,PICHINCHA,QUITO,NAYON,RURAL,2017-11-17,03:15:00,3,VIERNES,5,NOVIEMBRE,11,NO,"CONDUCIR EN ESTADO DE SOMNOLENCIA O MALAS CONDICIONES FISICAS (SUENIO, CANSANCIO Y FATIGA).",PERDIDA DE PISTA,VEHICULO DEPORTIVO UTILITARIO,0,0,0,0,0,0,0,0,0,0,0,0,1,1,56,MUJER,ILESO,CONDUCTOR PRESENTE,NO,NO,3
8158,25207,25208,2017,0,0,-0.088926,-78.289791,PICHINCHA,CAYAMBE,ASCAZUBI,RURAL,2017-11-17,05:45:00,5,VIERNES,5,NOVIEMBRE,11,NO,"CONDUCIR DESATENTO A LAS CONDICIONES DE TRANSITO (CELULAR, PANTALLAS DE VIDEO, COMIDA, MAQUILLAJE O CUALQUIER OTRO ELEMENTO DISTRACTOR).",ESTRELLAMIENTOS,CAMIONETA,0,0,0,0,1,0,0,0,0,0,0,0,0,1,42,HOMBRE,ILESO,CONDUCTOR PRESENTE,NO,NO,3
8159,25208,25209,2017,1,0,-0.133554,-78.501956,PICHINCHA,QUITO,QUITO,URBANA,2017-11-17,07:00:00,7,VIERNES,5,NOVIEMBRE,11,NO,CONDUCIR VEHICULO SUPERANDO LOS LIMITES MAXIMOS DE VELOCIDAD.,ESTRELLAMIENTOS,MOTOCICLETA,0,0,0,0,0,0,0,0,1,0,0,0,0,1,26,HOMBRE,LESIONADO,CONDUCTOR PRESENTE,NO,NO,0
8160,25209,25210,2017,0,0,-0.251319,-78.521366,PICHINCHA,QUITO,QUITO,URBANA,2017-11-17,07:00:00,7,VIERNES,5,NOVIEMBRE,11,NO,BAJARSE O SUBIRSE DE VEHICULOS EN MOVIMIENTO SIN TOMAR LAS PRECAUCIONES DEBIDAS.,CAIDA DE PASAJERO,BUS,0,0,1,0,0,0,0,0,0,0,0,0,0,1,38,HOMBRE,ILESO,CONDUCTOR PRESENTE,NO,NO,0
8161,25211,25212,2017,0,0,-0.326037,-78.556054,PICHINCHA,QUITO,QUITO,URBANA,2017-11-17,07:58:00,7,VIERNES,5,NOVIEMBRE,11,NO,"NO RESPETAR LAS SENIALES REGLAMENTARIAS DE TRANSITO. (PARE, CEDA EL PASO, LUZ ROJA DEL SEMAFORO, ETC).",CHOQUE LATERAL,AUTOMOVIL,1,0,0,0,1,0,0,0,0,0,0,0,0,2,61,HOMBRE,ILESO,CONDUCTOR PRESENTE,NO,NO,0
8162,25212,25213,2017,0,0,-0.320395,-78.557079,PICHINCHA,QUITO,QUITO,URBANA,2017-11-17,08:00:00,8,VIERNES,5,NOVIEMBRE,11,NO,NO GUARDAR LA DISTANCIA LATERAL MINIMA DE SEGURIDAD ENTRE VEHICULOS.,ROZAMIENTOS,AUTOMOVIL,1,0,1,0,0,0,0,0,0,0,0,0,0,2,32,HOMBRE,ILESO,CONDUCTOR PRESENTE,NO,NO,0
8163,25214,25215,2017,0,0,-0.254688,-78.503906,PICHINCHA,QUITO,QUITO,URBANA,2017-11-17,08:30:00,8,VIERNES,5,NOVIEMBRE,11,NO,NO CEDER EL DERECHO DE VIA O PREFERENCIA DE PASO A VEHICULOS.,CHOQUE LATERAL,CAMIONETA,0,0,0,0,1,0,0,0,0,1,0,0,0,2,45,HOMBRE,ILESO,CONDUCTOR PRESENTE,NO,NO,0
8164,25217,25218,2017,2,0,-0.320395,-78.557079,PICHINCHA,QUITO,QUITO,URBANA,2017-11-17,09:20:00,9,VIERNES,5,NOVIEMBRE,11,NO,CONDUCIR VEHICULO SUPERANDO LOS LIMITES MAXIMOS DE VELOCIDAD.,PERDIDA DE PISTA,NO IDENTIFICADO,0,0,0,0,0,0,0,0,0,1,0,0,0,1,21,HOMBRE,LESIONADO,CONDUCTOR PRESENTE,NO,NO,0
8165,25225,25226,2017,1,0,-0.249665,-78.524131,PICHINCHA,QUITO,QUITO,URBANA,2017-11-17,11:50:00,11,VIERNES,5,NOVIEMBRE,11,NO,NO MANTENER LA DISTANCIA PRUDENCIAL CON RESPECTO AL VEHICULO QUE LE ANTECEDE.,CHOQUE POSTERIOR,MOTOCICLETA,0,0,0,0,0,0,0,0,1,0,0,0,0,1,19,HOMBRE,LESIONADO,CONDUCTOR PRESENTE,NO,NO,0
8166,25229,25230,2017,1,0,-0.290281,-78.538717,PICHINCHA,QUITO,QUITO,URBANA,2017-11-17,12:50:00,12,VIERNES,5,NOVIEMBRE,11,NO,CONDUCIR VEHICULO SUPERANDO LOS LIMITES MAXIMOS DE VELOCIDAD.,PERDIDA DE PISTA,CAMIONETA,0,0,0,0,1,0,0,0,0,0,0,0,1,2,26,MUJER,LESIONADO,CONDUCTOR PRESENTE,NO,NO,0
8167,25230,25231,2017,0,0,-0.590977,-78.600983,PICHINCHA,MEJIA,ALOASI,RURAL,2017-11-17,13:00:00,13,VIERNES,5,NOVIEMBRE,11,NO,"CONDUCIR DESATENTO A LAS CONDICIONES DE TRANSITO (CELULAR, PANTALLAS DE VIDEO, COMIDA, MAQUILLAJE O CUALQUIER OTRO ELEMENTO DISTRACTOR).",PERDIDA DE PISTA,CAMION,0,0,0,1,0,0,0,0,0,0,0,0,0,1,43,HOMBRE,ILESO,CONDUCTOR PRESENTE,NO,NO,3
8168,25232,25233,2017,1,0,-0.232484,-78.493231,PICHINCHA,QUITO,QUITO,URBANA,2017-11-17,14:00:00,14,VIERNES,5,NOVIEMBRE,11,NO,CONDUCIR VEHICULO SUPERANDO LOS LIMITES MAXIMOS DE VELOCIDAD.,CHOQUE POSTERIOR,MOTOCICLETA,0,0,0,0,0,0,0,0,1,0,0,0,0,1,46,HOMBRE,LESIONADO,CONDUCTOR PRESENTE,NO,NO,0
8169,25234,25235,2017,0,0,-0.205341,-78.495679,PICHINCHA,QUITO,QUITO,URBANA,2017-11-17,14:40:00,14,VIERNES,5,NOVIEMBRE,11,NO,"CONDUCE BAJO LA INFLUENCIA DE ALCOHOL, SUSTANCIAS ESTUPEFACIENTES O PSICOTROPICAS Y/O MEDICAMENTOS.",CHOQUE POSTERIOR,VEHICULO DEPORTIVO UTILITARIO,2,0,0,0,0,0,0,0,0,0,0,0,1,3,65,HOMBRE,ILESO,CONDUCTOR PRESENTE,NO,NO,0
8170,25239,25240,2017,1,0,-0.109351,-78.458267,PICHINCHA,QUITO,CALDERON (CARAPUNGO),RURAL,2017-11-17,15:50:00,15,VIERNES,5,NOVIEMBRE,11,NO,NO CEDER EL DERECHO DE VIA O PREFERENCIA DE PASO A VEHICULOS.,CHOQUE LATERAL,MOTOCICLETA,1,0,0,0,0,0,0,0,1,0,0,0,0,2,26,HOMBRE,LESIONADO,CONDUCTOR PRESENTE,NO,NO,3
8171,25241,25242,2017,1,0,-0.277641,-78.554805,PICHINCHA,QUITO,QUITO,URBANA,2017-11-17,17:26:00,17,VIERNES,5,NOVIEMBRE,11,NO,NO CEDER EL DERECHO DE VIA O PREFERENCIA DE PASO AL PEATON.,ATROPELLOS,NO IDENTIFICADO,0,0,0,0,0,0,0,0,0,1,0,0,0,1,13,HOMBRE,LESIONADO,PEATON,NO,NO,0
8172,25242,25243,2017,0,0,-0.175484,-78.481435,PICHINCHA,QUITO,QUITO,URBANA,2017-11-17,17:50:00,17,VIERNES,5,NOVIEMBRE,11,NO,"NO RESPETAR LAS SENIALES REGLAMENTARIAS DE TRANSITO. (PARE, CEDA EL PASO, LUZ ROJA DEL SEMAFORO, ETC).",CHOQUE LATERAL,CAMIONETA,0,0,0,0,1,0,0,0,1,0,0,0,0,2,29,HOMBRE,ILESO,CONDUCTOR PRESENTE,NO,NO,0