,Unnamed: 0,ID,ANIO,LESIONADOS,FALLECIDOS,LATITUD_Y,LONGITUD_X,PROVINCIA,CANTON,PARROQUIA,ZONA,FECHA,HORA,PERIODO_2,DIA_1,DIA_2,MES_1,MES_2,FERIADO,CAUSA_PROBABLE,TIPO_DE_SINIESTRO,TIPO_DE_VEHICULO_1,AUTOMOVIL,BICICLETA,BUS,CAMION,CAMIONETA,EMERGENCIAS,ESPECIAL,FURGONETA,MOTOCICLETA,NO_IDENTIFICADO,SCOOTER_ELECTRICO,TRICIMOTO,VEHICULO_DEPORTIVO_UTILITARIO,SUMA_DE_VEHICULOS,EDAD_1,SEXO_1,CONDICION_1,PARTICIPANTE_1,CASCO_1,CINTURON_1,KMeans_Cluster
8173,25243,25244,2017,1,0,-0.201667,-78.476303,PICHINCHA,QUITO,QUITO,URBANA,2017-11-17,17:50:00,17,VIERNES,5,NOVIEMBRE,11,NO,"NO RESPETAR LAS SENIALES REGLAMENTARIAS DE TRANSITO. (PARE, CEDA EL PASO, LUZ ROJA DEL SEMAFORO, ETC).",CHOQUE LATERAL,MOTOCICLETA,1,0,0,0,0,0,0,0,1,0,0,0,0,2,25,HOMBRE,LESIONADO,CONDUCTOR PRESENTE,NO,NO,0
8174,25246,25247,2017,0,0,-0.264321,-78.550061,PICHINCHA,QUITO,QUITO,URBANA,2017-11-17,19:00:00,19,VIERNES,5,NOVIEMBRE,11,NO,"CONDUCE BAJO LA INFLUENCIA DE ALCOHOL, SUSTANCIAS ESTUPEFACIENTES O PSICOTROPICAS Y/O MEDICAMENTOS.",CHOQUE LATERAL,AUTOMOVIL,2,0,0,0,0,0,0,0,0,0,0,0,0,2,29,HOMBRE,ILESO,CONDUCTOR PRESENTE,NO,NO,0
8175,25247,25248,2017,1,0,-0.212824,-78.402686,PICHINCHA,QUITO,TUMBACO,RURAL,2017-11-17,19:00:00,19,VIERNES,5,NOVIEMBRE,11,NO,"NO RESPETAR LAS SENIALES REGLAMENTARIAS DE TRANSITO. (PARE, CEDA EL PASO, LUZ ROJA DEL SEMAFORO, ETC).",CHOQUE LATERAL,MOTOCICLETA,0,0,0,0,0,0,0,0,1,0,0,0,0,1,40,HOMBRE,LESIONADO,PASAJERO,NO,NO,3
8176,25248,25249,2017,0,0,-0.197424,-78.507222,PICHINCHA,QUITO,QUITO,URBANA,2017-11-17,19:10:00,19,VIERNES,5,NOVIEMBRE,11,NO,NO GUARDAR LA DISTANCIA LATERAL MINIMA DE SEGURIDAD ENTRE VEHICULOS.,ROZAMIENTOS,AUTOMOVIL,1,0,0,0,0,0,0,0,0,1,0,0,0,2,34,HOMBRE,ILESO,CONDUCTOR PRESENTE,NO,NO,0
8177,25251,25252,2017,0,0,-0.088884,-78.439915,PICHINCHA,QUITO,CALDERON (CARAPUNGO),RURAL,2017-11-17,20:25:00,20,VIERNES,5,NOVIEMBRE,11,NO,"CONDUCE BAJO LA INFLUENCIA DE ALCOHOL, SUSTANCIAS ESTUPEFACIENTES O PSICOTROPICAS Y/O MEDICAMENTOS.",ROZAMIENTOS,AUTOMOVIL,1,0,0,0,1,0,0,0,0,0,0,0,0,2,32,MUJER,ILESO,CONDUCTOR PRESENTE,NO,NO,3
8178,25252,25253,2017,1,0,-0.171446,-78.473788,PICHINCHA,QUITO,QUITO,URBANA,2017-11-17,21:00:00,21,VIERNES,5,NOVIEMBRE,11,NO,"CONDUCIR DESATENTO A LAS CONDICIONES DE TRANSITO (CELULAR, PANTALLAS DE VIDEO, COMIDA, MAQUILLAJE O CUALQUIER OTRO ELEMENTO DISTRACTOR).",CHOQUE LATERAL,AUTOMOVIL,2,0,0,0,0,0,0,0,0,0,0,0,0,2,18,MUJER,LESIONADO,PASAJERO,NO,NO,0
8179,25257,25258,2017,0,0,-0.284269,-78.518971,PICHINCHA,QUITO,QUITO,URBANA,2017-11-17,22:00:00,22,VIERNES,5,NOVIEMBRE,11,NO,CONDUCIR VEHICULO SUPERANDO LOS LIMITES MAXIMOS DE VELOCIDAD.,VOLCAMIENTOS,VEHICULO DEPORTIVO UTILITARIO,0,0,0,0,0,0,0,0,0,0,0,0,1,1,-1,NO IDENTIFICADO,NO IDENTIFICADO,CONDUCTOR AUSENTE,NO,NO,2
8180,25258,25259,2017,0,0,-0.212522,-78.502125,PICHINCHA,QUITO,QUITO,URBANA,2017-11-17,22:10:00,22,VIERNES,5,NOVIEMBRE,11,NO,"NO RESPETAR LAS SENIALES REGLAMENTARIAS DE TRANSITO. (PARE, CEDA EL PASO, LUZ ROJA DEL SEMAFORO, ETC).",CHOQUE LATERAL,AUTOMOVIL,1,0,0,0,0,0,0,0,0,1,0,0,0,2,26,HOMBRE,ILESO,CONDUCTOR PRESENTE,NO,NO,0
8181,25260,25261,2017,0,0,-0.247228,-78.527768,PICHINCHA,QUITO,QUITO,URBANA,2017-11-17,22:40:00,22,VIERNES,5,NOVIEMBRE,11,NO,NO GUARDAR LA DISTANCIA LATERAL MINIMA DE SEGURIDAD ENTRE VEHICULOS.,ROZAMIENTOS,AUTOMOVIL,2,0,0,0,0,0,0,0,0,0,0,0,0,2,32,HOMBRE,ILESO,CONDUCTOR PRESENTE,NO,NO,0
8182,25265,25266,2017,0,0,-0.279641,-78.474926,PICHINCHA,QUITO,CONOCOTO,URBANA,2017-11-17,23:45:00,23,VIERNES,5,NOVIEMBRE,11,NO,"CONDUCIR DESATENTO A LAS CONDICIONES DE TRANSITO (CELULAR, PANTALLAS DE VIDEO, COMIDA, MAQUILLAJE O CUALQUIER OTRO ELEMENTO DISTRACTOR).",VOLCAMIENTOS,VEHICULO DEPORTIVO UTILITARIO,0,0,0,1,0,0,0,0,0,0,0,0,1,2,20,HOMBRE,ILESO,CONDUCTOR PRESENTE,NO,NO,0
8183,25284,25285,2017,0,0,-0.148339,-78.498316,PICHINCHA,QUITO,QUITO,URBANA,2017-11-18,00:05:00,0,SABADO,6,NOVIEMBRE,11,NO,"CONDUCIR EN ESTADO DE SOMNOLENCIA O MALAS CONDICIONES FISICAS (SUENIO, CANSANCIO Y FATIGA).",CHOQUE LATERAL,CAMIONETA,0,0,0,0,2,0,0,0,0,0,0,0,0,2,-1,NO IDENTIFICADO,NO IDENTIFICADO,CONDUCTOR AUSENTE,NO,NO,2
8184,25286,25287,2017,0,0,-0.330913,-78.383731,PICHINCHA,QUITO,PINTAG,URBANA,2017-11-18,00:15:00,0,SABADO,6,NOVIEMBRE,11,NO,"CONDUCE BAJO LA INFLUENCIA DE ALCOHOL, SUSTANCIAS ESTUPEFACIENTES O PSICOTROPICAS Y/O MEDICAMENTOS.",OTROS,AUTOMOVIL,1,0,0,0,0,0,0,0,0,0,0,0,0,1,25,HOMBRE,ILESO,CONDUCTOR PRESENTE,NO,NO,0
8185,25287,25288,2017,1,0,-0.121216,-78.480213,PICHINCHA,QUITO,QUITO,URBANA,2017-11-18,00:30:00,0,SABADO,6,NOVIEMBRE,11,NO,CONDUCIR VEHICULO SUPERANDO LOS LIMITES MAXIMOS DE VELOCIDAD.,PERDIDA DE PISTA,NO IDENTIFICADO,0,0,0,0,0,0,0,0,0,1,0,0,0,1,21,HOMBRE,LESIONADO,PASAJERO,NO,NO,0
8186,25289,25290,2017,0,0,-0.350499,-78.549407,PICHINCHA,QUITO,QUITO,URBANA,2017-11-18,02:05:00,2,SABADO,6,NOVIEMBRE,11,NO,"CONDUCE BAJO LA INFLUENCIA DE ALCOHOL, SUSTANCIAS ESTUPEFACIENTES O PSICOTROPICAS Y/O MEDICAMENTOS.",CHOQUE POSTERIOR,CAMIONETA,1,0,0,0,1,0,0,0,0,0,0,0,0,2,27,HOMBRE,ILESO,CONDUCTOR PRESENTE,NO,NO,0
8187,25291,25292,2017,1,0,-0.246102,-78.530807,PICHINCHA,QUITO,QUITO,URBANA,2017-11-18,02:30:00,2,SABADO,6,NOVIEMBRE,11,NO,NO MANTENER LA DISTANCIA PRUDENCIAL CON RESPECTO AL VEHICULO QUE LE ANTECEDE.,CHOQUE POSTERIOR,CAMION,0,0,0,1,0,0,0,0,0,1,0,0,0,2,26,HOMBRE,LESIONADO,CONDUCTOR PRESENTE,NO,NO,0
8188,25294,25295,2017,4,1,-0.445091,-78.632297,PICHINCHA,MEJIA,ALOAG,RURAL,2017-11-18,03:45:00,3,SABADO,6,NOVIEMBRE,11,NO,"CONDUCE BAJO LA INFLUENCIA DE ALCOHOL, SUSTANCIAS ESTUPEFACIENTES O PSICOTROPICAS Y/O MEDICAMENTOS.",PERDIDA DE PISTA,AUTOMOVIL,1,0,0,0,0,0,0,0,0,0,0,0,0,1,27,HOMBRE,FALLECIDO,PASAJERO,NO,NO,3
8189,25298,25299,2017,1,0,-0.133724,-78.497191,PICHINCHA,QUITO,QUITO,URBANA,2017-11-18,05:15:00,5,SABADO,6,NOVIEMBRE,11,NO,CONDUCIR VEHICULO SUPERANDO LOS LIMITES MAXIMOS DE VELOCIDAD.,ESTRELLAMIENTOS,MOTOCICLETA,0,0,0,0,0,0,0,0,1,0,0,0,0,1,24,HOMBRE,LESIONADO,PASAJERO,NO,NO,0
8190,25306,25307,2017,1,0,-0.129388,-78.481402,PICHINCHA,QUITO,QUITO,URBANA,2017-11-18,08:35:00,8,SABADO,6,NOVIEMBRE,11,NO,NO GUARDAR LA DISTANCIA LATERAL MINIMA DE SEGURIDAD ENTRE VEHICULOS.,ROZAMIENTOS,NO IDENTIFICADO,0,0,0,0,0,0,0,0,0,1,0,0,0,1,25,HOMBRE,LESIONADO,PASAJERO,NO,NO,0
8191,25308,25309,2017,4,0,0.003255,-78.496137,PICHINCHA,QUITO,CALACALI,URBANA,2017-11-18,10:35:00,10,SABADO,6,NOVIEMBRE,11,NO,"CONDUCIR DESATENTO A LAS CONDICIONES DE TRANSITO (CELULAR, PANTALLAS DE VIDEO, COMIDA, MAQUILLAJE O CUALQUIER OTRO ELEMENTO DISTRACTOR).",CHOQUE FRONTAL,VEHICULO DEPORTIVO UTILITARIO,0,0,0,0,0,0,0,0,0,1,0,0,1,2,62,MUJER,LESIONADO,PASAJERO,NO,NO,0
8192,25309,25310,2017,0,0,-0.111006,-78.480681,PICHINCHA,QUITO,QUITO,URBANA,2017-11-18,11:10:00,11,SABADO,6,NOVIEMBRE,11,NO,"NO RESPETAR LAS SENIALES REGLAMENTARIAS DE TRANSITO. (PARE, CEDA EL PASO, LUZ ROJA DEL SEMAFORO, ETC).",CHOQUE LATERAL,AUTOMOVIL,1,0,0,0,0,0,0,0,0,0,0,0,1,2,32,HOMBRE,ILESO,CONDUCTOR PRESENTE,NO,NO,0
8193,25310,25311,2017,1,0,-0.226707,-78.490398,PICHINCHA,QUITO,QUITO,URBANA,2017-11-18,11:15:00,11,SABADO,6,NOVIEMBRE,11,NO,BAJARSE O SUBIRSE DE VEHICULOS EN MOVIMIENTO SIN TOMAR LAS PRECAUCIONES DEBIDAS.,CAIDA DE PASAJERO,BUS,0,0,1,0,0,0,0,0,0,0,0,0,0,1,50,MUJER,LESIONADO,PASAJERO,NO,NO,0
8194,25313,25314,2017,0,0,-0.199767,-78.428809,PICHINCHA,QUITO,CUMBAYA,RURAL,2017-11-18,12:15:00,12,SABADO,6,NOVIEMBRE,11,NO,"NO RESPETAR LAS SENIALES REGLAMENTARIAS DE TRANSITO. (PARE, CEDA EL PASO, LUZ ROJA DEL SEMAFORO, ETC).",CHOQUE LATERAL,VEHICULO DEPORTIVO UTILITARIO,1,0,0,0,0,0,0,0,0,0,0,0,1,2,57,MUJER,ILESO,CONDUCTOR PRESENTE,NO,NO,3
8195,25315,25316,2017,1,0,-0.129197,-78.502316,PICHINCHA,QUITO,QUITO,URBANA,2017-11-18,12:30:00,12,SABADO,6,NOVIEMBRE,11,NO,NO MANTENER LA DISTANCIA PRUDENCIAL CON RESPECTO AL VEHICULO QUE LE ANTECEDE.,CHOQUE POSTERIOR,MOTOCICLETA,0,0,0,0,0,0,0,0,1,0,0,0,0,1,30,HOMBRE,LESIONADO,CONDUCTOR PRESENTE,NO,NO,0
8196,25319,25320,2017,5,0,-0.001721,-78.176206,PICHINCHA,CAYAMBE,CANGAHUA,URBANA,2017-11-18,14:00:00,14,SABADO,6,NOVIEMBRE,11,NO,DANIOS MECANICOS PREVISIBLES.,CAIDA DE PASAJERO,BUS,0,0,1,0,0,0,0,0,0,0,0,0,0,1,58,MUJER,LESIONADO,PASAJERO,NO,NO,0
8197,25320,25321,2017,1,0,-0.272471,-78.542739,PICHINCHA,QUITO,QUITO,URBANA,2017-11-18,14:15:00,14,SABADO,6,NOVIEMBRE,11,NO,NO CEDER EL DERECHO DE VIA O PREFERENCIA DE PASO AL PEATON.,ATROPELLOS,NO IDENTIFICADO,0,0,0,0,0,0,0,0,0,1,0,0,0,1,76,HOMBRE,LESIONADO,PEATON,NO,NO,0
8198,25321,25322,2017,0,0,-0.099083,-78.421844,PICHINCHA,QUITO,CALDERON (CARAPUNGO),RURAL,2017-11-18,14:42:00,14,SABADO,6,NOVIEMBRE,11,NO,NO GUARDAR LA DISTANCIA LATERAL MINIMA DE SEGURIDAD ENTRE VEHICULOS.,ROZAMIENTOS,CAMION,1,0,0,1,0,0,0,0,0,0,0,0,0,2,43,HOMBRE,ILESO,CONDUCTOR PRESENTE,NO,NO,3
8199,25322,25323,2017,0,0,-0.179618,-78.514176,PICHINCHA,QUITO,QUITO,URBANA,2017-11-18,15:00:00,15,SABADO,6,NOVIEMBRE,11,NO,NO CEDER EL DERECHO DE VIA O PREFERENCIA DE PASO A VEHICULOS.,CHOQUE LATERAL,VEHICULO DEPORTIVO UTILITARIO,2,0,0,0,0,0,0,0,0,0,0,0,1,3,29,HOMBRE,ILESO,CONDUCTOR PRESENTE,NO,NO,0
8200,25331,25332,2017,1,0,-0.156026,-78.470181,PICHINCHA,QUITO,QUITO,URBANA,2017-11-18,17:59:00,17,SABADO,6,NOVIEMBRE,11,NO,NO CEDER EL DERECHO DE VIA O PREFERENCIA DE PASO A VEHICULOS.,CHOQUE LATERAL,AUTOMOVIL,1,0,0,0,1,0,0,0,0,0,0,0,0,2,35,MUJER,LESIONADO,PASAJERO,NO,NO,0
8201,25333,25334,2017,1,0,-0.135719,-78.482163,PICHINCHA,QUITO,QUITO,URBANA,2017-11-18,18:30:00,18,SABADO,6,NOVIEMBRE,11,NO,NO CEDER EL DERECHO DE VIA O PREFERENCIA DE PASO AL PEATON.,ATROPELLOS,NO IDENTIFICADO,0,0,0,0,0,0,0,0,0,1,0,0,0,1,38,HOMBRE,LESIONADO,PEATON,NO,NO,0
8202,25337,25338,2017,1,0,-0.212824,-78.402686,PICHINCHA,QUITO,TUMBACO,RURAL,2017-11-18,21:10:00,21,SABADO,6,NOVIEMBRE,11,NO,NO TRANSITAR POR LAS ACERAS O ZONAS DE SEGURIDAD DESTINADAS PARA EL EFECTO.,ATROPELLOS,NO IDENTIFICADO,0,0,0,0,0,0,0,0,0,1,0,0,0,1,30,MUJER,LESIONADO,PEATON,NO,NO,3
8203,25339,25340,2017,2,0,-0.258418,-78.544605,PICHINCHA,QUITO,QUITO,URBANA,2017-11-18,21:25:00,21,SABADO,6,NOVIEMBRE,11,NO,NO MANTENER LA DISTANCIA PRUDENCIAL CON RESPECTO AL VEHICULO QUE LE ANTECEDE.,CHOQUE POSTERIOR,NO IDENTIFICADO,0,0,0,0,0,0,0,0,0,1,0,0,0,1,22,HOMBRE,LESIONADO,CONDUCTOR PRESENTE,NO,NO,0
8204,25343,25344,2017,1,0,-0.133724,-78.497191,PICHINCHA,QUITO,QUITO,URBANA,2017-11-18,23:45:00,23,SABADO,6,NOVIEMBRE,11,NO,NO TRANSITAR POR LAS ACERAS O ZONAS DE SEGURIDAD DESTINADAS PARA EL EFECTO.,ATROPELLOS,NO IDENTIFICADO,0,0,0,0,0,0,0,0,0,1,0,0,0,1,28,HOMBRE,LESIONADO,PEATON,NO,NO,0
8205,25378,25379,2017,0,0,-0.209101,-78.364481,PICHINCHA,QUITO,PUEMBO,RURAL,2017-11-19,00:20:00,0,DOMINGO,7,NOVIEMBRE,11,NO,CONDUCIR VEHICULO SUPERANDO LOS LIMITES MAXIMOS DE VELOCIDAD.,PERDIDA DE PISTA,CAMIONETA,0,0,0,0,1,0,0,0,0,0,0,0,0,1,-1,NO IDENTIFICADO,NO IDENTIFICADO,CONDUCTOR AUSENTE,NO,NO,2
8206,25380,25381,2017,0,0,-0.119451,-78.506659,PICHINCHA,QUITO,QUITO,URBANA,2017-11-19,00:30:00,0,DOMINGO,7,NOVIEMBRE,11,NO,"CONDUCIR EN ESTADO DE SOMNOLENCIA O MALAS CONDICIONES FISICAS (SUENIO, CANSANCIO Y FATIGA).",ESTRELLAMIENTOS,VEHICULO DEPORTIVO UTILITARIO,0,0,0,0,0,0,0,0,0,0,0,0,1,1,-1,NO IDENTIFICADO,NO IDENTIFICADO,CONDUCTOR AUSENTE,NO,NO,2
8207,25384,25385,2017,1,0,-0.096681,-78.469779,PICHINCHA,QUITO,QUITO,URBANA,2017-11-19,02:05:00,2,DOMINGO,7,NOVIEMBRE,11,NO,"CONDUCIR EN ESTADO DE SOMNOLENCIA O MALAS CONDICIONES FISICAS (SUENIO, CANSANCIO Y FATIGA).",CHOQUE LATERAL,AUTOMOVIL,2,0,0,0,0,0,0,0,0,0,0,0,0,2,41,HOMBRE,LESIONADO,CONDUCTOR PRESENTE,NO,NO,0
8208,25385,25386,2017,0,0,-0.104445,-78.453571,PICHINCHA,QUITO,CALDERON (CARAPUNGO),RURAL,2017-11-19,02:05:00,2,DOMINGO,7,NOVIEMBRE,11,NO,"CONDUCIR EN ESTADO DE SOMNOLENCIA O MALAS CONDICIONES FISICAS (SUENIO, CANSANCIO Y FATIGA).",ESTRELLAMIENTOS,AUTOMOVIL,1,0,0,0,0,0,0,0,0,0,0,0,0,1,-1,NO IDENTIFICADO,NO IDENTIFICADO,CONDUCTOR AUSENTE,NO,NO,2
8209,25386,25387,2017,0,0,-0.242475,-78.497488,PICHINCHA,QUITO,QUITO,URBANA,2017-11-19,02:20:00,2,DOMINGO,7,NOVIEMBRE,11,NO,"CONDUCIR EN ESTADO DE SOMNOLENCIA O MALAS CONDICIONES FISICAS (SUENIO, CANSANCIO Y FATIGA).",PERDIDA DE PISTA,VEHICULO DEPORTIVO UTILITARIO,0,0,0,0,0,0,0,0,0,0,0,0,1,1,31,HOMBRE,ILESO,CONDUCTOR PRESENTE,NO,NO,0
8210,25387,25388,2017,0,0,-0.254229,-78.530881,PICHINCHA,QUITO,QUITO,URBANA,2017-11-19,02:30:00,2,DOMINGO,7,NOVIEMBRE,11,NO,"CONDUCIR EN ESTADO DE SOMNOLENCIA O MALAS CONDICIONES FISICAS (SUENIO, CANSANCIO Y FATIGA).",ESTRELLAMIENTOS,AUTOMOVIL,1,0,0,0,0,0,0,0,0,0,0,0,0,1,-1,NO IDENTIFICADO,NO IDENTIFICADO,CONDUCTOR AUSENTE,NO,NO,2
8211,25389,25390,2017,4,0,-0.190933,-78.480366,PICHINCHA,QUITO,QUITO,RURAL,2017-11-19,02:55:00,2,DOMINGO,7,NOVIEMBRE,11,NO,CONDUCIR VEHICULO SUPERANDO LOS LIMITES MAXIMOS DE VELOCIDAD.,PERDIDA DE PISTA,VEHICULO DEPORTIVO UTILITARIO,0,0,0,0,0,0,0,0,0,0,0,0,1,1,35,HOMBRE,LESIONADO,PASAJERO,NO,NO,3
8212,25390,25391,2017,0,0,-0.207205,-78.494919,PICHINCHA,QUITO,QUITO,URBANA,2017-11-19,03:40:00,3,DOMINGO,7,NOVIEMBRE,11,NO,"NO RESPETAR LAS SENIALES REGLAMENTARIAS DE TRANSITO. (PARE, CEDA EL PASO, LUZ ROJA DEL SEMAFORO, ETC).",CHOQUE LATERAL,AUTOMOVIL,2,0,0,0,0,0,0,0,0,0,0,0,0,2,43,HOMBRE,ILESO,CONDUCTOR PRESENTE,NO,NO,0
8213,25392,25393,2017,0,0,-0.108629,-78.454011,PICHINCHA,QUITO,CALDERON (CARAPUNGO),RURAL,2017-11-19,03:50:00,3,DOMINGO,7,NOVIEMBRE,11,NO,"CONDUCIR EN ESTADO DE SOMNOLENCIA O MALAS CONDICIONES FISICAS (SUENIO, CANSANCIO Y FATIGA).",ESTRELLAMIENTOS,CAMION,0,0,0,1,0,0,0,0,0,0,0,0,0,1,-1,NO IDENTIFICADO,NO IDENTIFICADO,CONDUCTOR AUSENTE,NO,NO,2
8214,25393,25394,2017,0,0,-0.190265,-78.481543,PICHINCHA,QUITO,QUITO,URBANA,2017-11-19,05:18:00,5,DOMINGO,7,NOVIEMBRE,11,NO,"CONDUCIR EN ESTADO DE SOMNOLENCIA O MALAS CONDICIONES FISICAS (SUENIO, CANSANCIO Y FATIGA).",ESTRELLAMIENTOS,VEHICULO DEPORTIVO UTILITARIO,0,0,0,0,0,0,0,0,0,0,0,0,1,1,-1,NO IDENTIFICADO,NO IDENTIFICADO,CONDUCTOR AUSENTE,NO,NO,2
8215,25400,25401,2017,0,0,-0.287051,-78.531139,PICHINCHA,QUITO,QUITO,URBANA,2017-11-19,09:00:00,9,DOMINGO,7,NOVIEMBRE,11,NO,CONDUCIR EN SENTIDO CONTRARIO A LA VIA NORMAL DE CIRCULACION.,CHOQUE FRONTAL,AUTOMOVIL,1,0,0,0,0,0,0,0,0,0,0,0,0,1,36,HOMBRE,ILESO,CONDUCTOR PRESENTE,NO,NO,0
8216,25401,25402,2017,1,0,-0.089881,-78.517157,PICHINCHA,QUITO,QUITO,URBANA,2017-11-19,09:00:00,9,DOMINGO,7,NOVIEMBRE,11,NO,"CONDUCE BAJO LA INFLUENCIA DE ALCOHOL, SUSTANCIAS ESTUPEFACIENTES O PSICOTROPICAS Y/O MEDICAMENTOS.",ATROPELLOS,AUTOMOVIL,1,0,0,0,0,0,0,0,0,0,0,0,0,1,8,HOMBRE,LESIONADO,PEATON,NO,NO,0
8217,25402,25403,2017,0,0,-0.088884,-78.439915,PICHINCHA,QUITO,CALDERON (CARAPUNGO),RURAL,2017-11-19,10:05:00,10,DOMINGO,7,NOVIEMBRE,11,NO,NO MANTENER LA DISTANCIA PRUDENCIAL CON RESPECTO AL VEHICULO QUE LE ANTECEDE.,CHOQUE POSTERIOR,VEHICULO DEPORTIVO UTILITARIO,0,0,0,0,0,0,0,0,0,0,0,0,1,1,49,HOMBRE,ILESO,CONDUCTOR PRESENTE,NO,NO,3
8218,25406,25407,2017,1,0,-0.287051,-78.531139,PICHINCHA,QUITO,QUITO,URBANA,2017-11-19,13:53:00,13,DOMINGO,7,NOVIEMBRE,11,NO,"CONDUCIR DESATENTO A LAS CONDICIONES DE TRANSITO (CELULAR, PANTALLAS DE VIDEO, COMIDA, MAQUILLAJE O CUALQUIER OTRO ELEMENTO DISTRACTOR).",ESTRELLAMIENTOS,AUTOMOVIL,2,0,0,1,0,0,0,0,0,0,0,0,0,3,17,MUJER,LESIONADO,PASAJERO,NO,NO,0
8219,25407,25408,2017,0,0,-0.237369,-78.484618,PICHINCHA,QUITO,QUITO,URBANA,2017-11-19,14:00:00,14,DOMINGO,7,NOVIEMBRE,11,NO,"CONDUCE BAJO LA INFLUENCIA DE ALCOHOL, SUSTANCIAS ESTUPEFACIENTES O PSICOTROPICAS Y/O MEDICAMENTOS.",ESTRELLAMIENTOS,AUTOMOVIL,1,0,0,0,0,0,0,0,0,0,0,0,0,1,29,HOMBRE,ILESO,CONDUCTOR PRESENTE,NO,NO,0
8220,25411,25412,2017,2,0,-0.284524,-78.525027,PICHINCHA,QUITO,QUITO,RURAL,2017-11-19,15:30:00,15,DOMINGO,7,NOVIEMBRE,11,NO,CONDUCIR EN SENTIDO CONTRARIO A LA VIA NORMAL DE CIRCULACION.,CHOQUE FRONTAL,MOTOCICLETA,0,0,0,0,0,0,0,0,1,0,0,0,1,2,18,HOMBRE,LESIONADO,CONDUCTOR PRESENTE,NO,NO,3
8221,25412,25413,2017,1,0,-0.218331,-78.521441,PICHINCHA,QUITO,QUITO,URBANA,2017-11-19,15:45:00,15,DOMINGO,7,NOVIEMBRE,11,NO,NO CEDER EL DERECHO DE VIA O PREFERENCIA DE PASO AL PEATON.,ATROPELLOS,NO IDENTIFICADO,0,0,0,0,0,0,0,0,0,1,0,0,0,1,6,HOMBRE,LESIONADO,PEATON,NO,NO,0
8222,25415,25416,2017,0,0,-0.102962,-78.425589,PICHINCHA,QUITO,CALDERON (CARAPUNGO),RURAL,2017-11-19,16:15:00,16,DOMINGO,7,NOVIEMBRE,11,NO,"NO RESPETAR LAS SENIALES REGLAMENTARIAS DE TRANSITO. (PARE, CEDA EL PASO, LUZ ROJA DEL SEMAFORO, ETC).",CHOQUE LATERAL,BUS,0,0,2,0,0,0,0,0,0,0,0,0,0,2,22,HOMBRE,ILESO,CONDUCTOR PRESENTE,NO,NO,3
8223,25417,25418,2017,0,0,-0.256733,-78.542807,PICHINCHA,QUITO,QUITO,URBANA,2017-11-19,16:30:00,16,DOMINGO,7,NOVIEMBRE,11,NO,"CONDUCE BAJO LA INFLUENCIA DE ALCOHOL, SUSTANCIAS ESTUPEFACIENTES O PSICOTROPICAS Y/O MEDICAMENTOS.",CHOQUE POSTERIOR,AUTOMOVIL,1,0,0,0,0,0,0,0,0,0,0,0,1,2,32,HOMBRE,ILESO,CONDUCTOR PRESENTE,NO,NO,0
8224,25418,25419,2017,0,0,-0.228655,-78.500415,PICHINCHA,QUITO,QUITO,RURAL,2017-11-19,16:40:00,16,DOMINGO,7,NOVIEMBRE,11,NO,REALIZAR CAMBIO BRUSCO O INDEBIDO DE CARRIL.,ESTRELLAMIENTOS,AUTOMOVIL,1,0,0,0,0,0,0,0,0,1,0,0,0,2,39,HOMBRE,ILESO,CONDUCTOR PRESENTE,NO,NO,3
8225,25424,25425,2017,0,0,-0.253812,-78.507234,PICHINCHA,QUITO,QUITO,URBANA,2017-11-19,18:10:00,18,DOMINGO,7,NOVIEMBRE,11,NO,REALIZAR CAMBIO BRUSCO O INDEBIDO DE CARRIL.,CHOQUE FRONTAL,AUTOMOVIL,1,0,0,0,0,0,0,0,0,1,0,0,0,2,50,HOMBRE,ILESO,CONDUCTOR PRESENTE,NO,NO,0
8226,25428,25429,2017,1,0,-0.210533,-78.382613,PICHINCHA,QUITO,TUMBACO,RURAL,2017-11-19,20:00:00,20,DOMINGO,7,NOVIEMBRE,11,NO,NO CEDER EL DERECHO DE VIA O PREFERENCIA DE PASO A VEHICULOS.,CHOQUE LATERAL,MOTOCICLETA,1,0,0,0,0,0,0,0,1,0,0,0,0,2,28,HOMBRE,LESIONADO,CONDUCTOR PRESENTE,NO,NO,3
8227,25433,25434,2017,0,0,-0.109351,-78.458267,PICHINCHA,QUITO,CALDERON (CARAPUNGO),RURAL,2017-11-19,21:05:00,21,DOMINGO,7,NOVIEMBRE,11,NO,NO MANTENER LA DISTANCIA PRUDENCIAL CON RESPECTO AL VEHICULO QUE LE ANTECEDE.,CHOQUE POSTERIOR,AUTOMOVIL,2,0,0,0,0,0,0,0,0,0,0,0,0,2,26,HOMBRE,ILESO,CONDUCTOR PRESENTE,NO,NO,3
8228,25475,25476,2017,1,1,-0.468336,-78.565739,PICHINCHA,MEJIA,MACHACHI,RURAL,2017-11-20,03:00:00,3,LUNES,1,NOVIEMBRE,11,NO,"CONDUCIR DESATENTO A LAS CONDICIONES DE TRANSITO (CELULAR, PANTALLAS DE VIDEO, COMIDA, MAQUILLAJE O CUALQUIER OTRO ELEMENTO DISTRACTOR).",CHOQUE FRONTAL,MOTOCICLETA,0,0,0,1,0,0,0,0,1,0,0,0,0,2,22,HOMBRE,FALLECIDO,CONDUCTOR PRESENTE,NO,NO,3
8229,25476,25477,2017,1,0,-0.159771,-78.487804,PICHINCHA,QUITO,QUITO,URBANA,2017-11-20,04:45:00,4,LUNES,1,NOVIEMBRE,11,NO,"NO RESPETAR LAS SENIALES REGLAMENTARIAS DE TRANSITO. (PARE, CEDA EL PASO, LUZ ROJA DEL SEMAFORO, ETC).",CHOQUE LATERAL,FURGONETA,0,0,0,0,0,0,0,1,0,0,0,0,0,1,20,MUJER,LESIONADO,PASAJERO,NO,NO,0