,Unnamed: 0,ID,ANIO,LESIONADOS,FALLECIDOS,LATITUD_Y,LONGITUD_X,PROVINCIA,CANTON,PARROQUIA,ZONA,FECHA,HORA,PERIODO_2,DIA_1,DIA_2,MES_1,MES_2,FERIADO,CAUSA_PROBABLE,TIPO_DE_SINIESTRO,TIPO_DE_VEHICULO_1,AUTOMOVIL,BICICLETA,BUS,CAMION,CAMIONETA,EMERGENCIAS,ESPECIAL,FURGONETA,MOTOCICLETA,NO_IDENTIFICADO,SCOOTER_ELECTRICO,TRICIMOTO,VEHICULO_DEPORTIVO_UTILITARIO,SUMA_DE_VEHICULOS,EDAD_1,SEXO_1,CONDICION_1,PARTICIPANTE_1,CASCO_1,CINTURON_1,KMeans_Cluster
8230,25477,25478,2017,2,0,-0.153141,-78.496841,PICHINCHA,QUITO,QUITO,URBANA,2017-11-20,06:47:00,6,LUNES,1,NOVIEMBRE,11,NO,"CONDUCIR DESATENTO A LAS CONDICIONES DE TRANSITO (CELULAR, PANTALLAS DE VIDEO, COMIDA, MAQUILLAJE O CUALQUIER OTRO ELEMENTO DISTRACTOR).",CHOQUE POSTERIOR,AUTOMOVIL,1,0,0,0,1,0,0,0,0,0,0,0,0,2,76,HOMBRE,LESIONADO,CONDUCTOR PRESENTE,NO,NO,0
8231,25481,25482,2017,1,0,-0.172242,-78.490209,PICHINCHA,QUITO,QUITO,URBANA,2017-11-20,10:00:00,10,LUNES,1,NOVIEMBRE,11,NO,CONDUCIR VEHICULO SUPERANDO LOS LIMITES MAXIMOS DE VELOCIDAD.,PERDIDA DE PISTA,AUTOMOVIL,1,0,0,0,0,0,0,0,0,0,0,0,0,1,33,MUJER,LESIONADO,CONDUCTOR PRESENTE,NO,NO,0
8232,25483,25484,2017,3,0,-0.154462,-78.476013,PICHINCHA,QUITO,QUITO,URBANA,2017-11-20,10:30:00,10,LUNES,1,NOVIEMBRE,11,NO,"NO RESPETAR LAS SENIALES REGLAMENTARIAS DE TRANSITO. (PARE, CEDA EL PASO, LUZ ROJA DEL SEMAFORO, ETC).",CHOQUE LATERAL,CAMIONETA,1,0,0,0,1,0,0,0,0,0,0,0,0,2,33,MUJER,LESIONADO,CONDUCTOR PRESENTE,NO,NO,0
8233,25484,25485,2017,0,0,-0.085894,-78.510717,PICHINCHA,QUITO,QUITO,URBANA,2017-11-20,11:10:00,11,LUNES,1,NOVIEMBRE,11,NO,"NO RESPETAR LAS SENIALES REGLAMENTARIAS DE TRANSITO. (PARE, CEDA EL PASO, LUZ ROJA DEL SEMAFORO, ETC).",CHOQUE LATERAL,CAMIONETA,1,0,0,0,1,0,0,0,0,0,0,0,0,2,65,HOMBRE,ILESO,CONDUCTOR PRESENTE,NO,NO,0
8234,25490,25491,2017,1,0,-0.228358,-78.507139,PICHINCHA,QUITO,QUITO,URBANA,2017-11-20,13:30:00,13,LUNES,1,NOVIEMBRE,11,NO,BAJARSE O SUBIRSE DE VEHICULOS EN MOVIMIENTO SIN TOMAR LAS PRECAUCIONES DEBIDAS.,CAIDA DE PASAJERO,BUS,0,0,1,0,0,0,0,0,0,0,0,0,0,1,42,HOMBRE,LESIONADO,PASAJERO,NO,NO,0
8235,25491,25492,2017,0,0,0.006452,-78.581593,PICHINCHA,QUITO,CALACALI,RURAL,2017-11-20,13:35:00,13,LUNES,1,NOVIEMBRE,11,NO,"CONDICIONES AMBIENTALES Y/O ATMOSFERICAS (NIEBLA, NEBLINA, GRANIZO, LLUVIA).",CHOQUE FRONTAL,CAMION,0,0,0,1,0,0,0,0,0,0,0,0,1,2,35,HOMBRE,ILESO,CONDUCTOR PRESENTE,NO,NO,3
8236,25492,25493,2017,2,0,-0.299621,-78.524243,PICHINCHA,QUITO,QUITO,URBANA,2017-11-20,13:35:00,13,LUNES,1,NOVIEMBRE,11,NO,"CONDUCIR DESATENTO A LAS CONDICIONES DE TRANSITO (CELULAR, PANTALLAS DE VIDEO, COMIDA, MAQUILLAJE O CUALQUIER OTRO ELEMENTO DISTRACTOR).",ESTRELLAMIENTOS,AUTOMOVIL,1,0,0,0,0,0,0,0,0,0,0,0,0,1,34,HOMBRE,LESIONADO,PASAJERO,NO,NO,0
8237,25493,25494,2017,1,0,-0.218399,-78.512366,PICHINCHA,QUITO,QUITO,URBANA,2017-11-20,13:55:00,13,LUNES,1,NOVIEMBRE,11,NO,PEATON QUE CRUZA LA CALZADA SIN RESPETAR LA SENIALIZACION EXISTENTE (SEMAFOROS O SENIALES MANUALES).,ATROPELLOS,AUTOMOVIL,1,0,0,0,0,0,0,0,0,0,0,0,0,1,28,MUJER,LESIONADO,PEATON,NO,NO,0
8238,25494,25495,2017,0,0,-0.209401,-78.502032,PICHINCHA,QUITO,QUITO,URBANA,2017-11-20,13:55:00,13,LUNES,1,NOVIEMBRE,11,NO,NO GUARDAR LA DISTANCIA LATERAL MINIMA DE SEGURIDAD ENTRE VEHICULOS.,ROZAMIENTOS,AUTOMOVIL,1,0,1,0,0,0,0,0,0,0,0,0,0,2,33,HOMBRE,ILESO,CONDUCTOR PRESENTE,NO,NO,0
8239,25497,25498,2017,1,0,-0.204249,-78.494008,PICHINCHA,QUITO,QUITO,URBANA,2017-11-20,14:10:00,14,LUNES,1,NOVIEMBRE,11,NO,NO CEDER EL DERECHO DE VIA O PREFERENCIA DE PASO A VEHICULOS.,ATROPELLOS,NO IDENTIFICADO,0,0,0,0,0,0,0,0,0,1,0,0,0,1,20,MUJER,LESIONADO,PEATON,NO,NO,0
8240,25498,25499,2017,0,0,-0.203424,-78.482884,PICHINCHA,QUITO,QUITO,URBANA,2017-11-20,14:30:00,14,LUNES,1,NOVIEMBRE,11,NO,"NO RESPETAR LAS SENIALES REGLAMENTARIAS DE TRANSITO. (PARE, CEDA EL PASO, LUZ ROJA DEL SEMAFORO, ETC).",CHOQUE LATERAL,FURGONETA,0,0,0,0,1,0,0,1,0,0,0,0,0,2,30,HOMBRE,ILESO,CONDUCTOR PRESENTE,NO,NO,0
8241,25499,25500,2017,1,0,-0.229877,-78.523107,PICHINCHA,QUITO,QUITO,URBANA,2017-11-20,14:50:00,14,LUNES,1,NOVIEMBRE,11,NO,CONDUCIR VEHICULO SUPERANDO LOS LIMITES MAXIMOS DE VELOCIDAD.,ESTRELLAMIENTOS,BUS,0,0,1,0,0,0,0,0,1,0,0,0,0,2,27,MUJER,LESIONADO,CONDUCTOR PRESENTE,NO,NO,0
8242,25502,25503,2017,2,0,-0.341991,-78.479506,PICHINCHA,QUITO,AMAGUANIA,RURAL,2017-11-20,15:55:00,15,LUNES,1,NOVIEMBRE,11,NO,"NO RESPETAR LAS SENIALES REGLAMENTARIAS DE TRANSITO. (PARE, CEDA EL PASO, LUZ ROJA DEL SEMAFORO, ETC).",CHOQUE LATERAL,CAMION,0,0,0,1,0,0,0,0,1,0,0,0,0,2,26,HOMBRE,LESIONADO,PASAJERO,NO,NO,3
8243,25508,25509,2017,0,0,-0.206926,-78.496696,PICHINCHA,QUITO,QUITO,URBANA,2017-11-20,17:00:00,17,LUNES,1,NOVIEMBRE,11,NO,NO GUARDAR LA DISTANCIA LATERAL MINIMA DE SEGURIDAD ENTRE VEHICULOS.,ROZAMIENTOS,AUTOMOVIL,2,0,0,0,0,0,0,0,0,0,0,0,0,2,55,HOMBRE,ILESO,CONDUCTOR PRESENTE,NO,NO,0
8244,25509,25510,2017,0,0,-0.203732,-78.510533,PICHINCHA,QUITO,QUITO,URBANA,2017-11-20,17:20:00,17,LUNES,1,NOVIEMBRE,11,NO,"CONDUCIR DESATENTO A LAS CONDICIONES DE TRANSITO (CELULAR, PANTALLAS DE VIDEO, COMIDA, MAQUILLAJE O CUALQUIER OTRO ELEMENTO DISTRACTOR).",ESTRELLAMIENTOS,AUTOMOVIL,2,0,0,0,0,0,0,0,0,0,0,0,0,2,31,HOMBRE,ILESO,CONDUCTOR PRESENTE,NO,NO,0
8245,25510,25511,2017,1,0,-0.255169,-78.554391,PICHINCHA,QUITO,QUITO,URBANA,2017-11-20,17:40:00,17,LUNES,1,NOVIEMBRE,11,NO,"NO RESPETAR LAS SENIALES REGLAMENTARIAS DE TRANSITO. (PARE, CEDA EL PASO, LUZ ROJA DEL SEMAFORO, ETC).",CHOQUE LATERAL,BUS,0,0,2,0,0,0,0,0,0,0,0,0,0,2,61,MUJER,LESIONADO,PASAJERO,NO,NO,0
8246,25513,25514,2017,0,0,-0.210801,-78.503231,PICHINCHA,QUITO,QUITO,URBANA,2017-11-20,18:20:00,18,LUNES,1,NOVIEMBRE,11,NO,"NO RESPETAR LAS SENIALES REGLAMENTARIAS DE TRANSITO. (PARE, CEDA EL PASO, LUZ ROJA DEL SEMAFORO, ETC).",CHOQUE LATERAL,VEHICULO DEPORTIVO UTILITARIO,1,0,0,0,0,0,0,0,0,0,0,0,1,2,52,MUJER,ILESO,CONDUCTOR PRESENTE,NO,NO,0
8247,25514,25515,2017,1,0,-0.004169,-78.452903,PICHINCHA,QUITO,SAN ANTONIO (QUITO),RURAL,2017-11-20,18:30:00,18,LUNES,1,NOVIEMBRE,11,NO,"NO RESPETAR LAS SENIALES REGLAMENTARIAS DE TRANSITO. (PARE, CEDA EL PASO, LUZ ROJA DEL SEMAFORO, ETC).",CHOQUE LATERAL,CAMIONETA,1,0,0,0,1,0,0,0,0,0,0,0,0,2,43,MUJER,LESIONADO,PASAJERO,NO,NO,3
8248,25515,25516,2017,1,0,-0.172951,-78.480394,PICHINCHA,QUITO,QUITO,URBANA,2017-11-20,19:00:00,19,LUNES,1,NOVIEMBRE,11,NO,NO CEDER EL DERECHO DE VIA O PREFERENCIA DE PASO AL PEATON.,ATROPELLOS,AUTOMOVIL,1,0,0,0,0,0,0,0,0,0,0,0,0,1,37,MUJER,LESIONADO,PEATON,NO,NO,0
8249,25520,25521,2017,0,0,-0.262203,-78.547992,PICHINCHA,QUITO,QUITO,URBANA,2017-11-20,23:00:00,23,LUNES,1,NOVIEMBRE,11,NO,"NO RESPETAR LAS SENIALES REGLAMENTARIAS DE TRANSITO. (PARE, CEDA EL PASO, LUZ ROJA DEL SEMAFORO, ETC).",CHOQUE LATERAL,FURGONETA,0,0,0,0,0,0,0,1,0,0,0,0,1,2,37,HOMBRE,ILESO,CONDUCTOR PRESENTE,NO,NO,0
8250,25542,25543,2017,0,0,-0.142705,-78.492413,PICHINCHA,QUITO,QUITO,URBANA,2017-11-21,05:00:00,5,MARTES,2,NOVIEMBRE,11,NO,"CONDUCIR EN ESTADO DE SOMNOLENCIA O MALAS CONDICIONES FISICAS (SUENIO, CANSANCIO Y FATIGA).",ESTRELLAMIENTOS,AUTOMOVIL,1,0,0,0,0,0,0,0,0,0,0,0,0,1,45,HOMBRE,ILESO,CONDUCTOR PRESENTE,NO,NO,0
8251,25543,25544,2017,1,0,-0.298771,-78.547256,PICHINCHA,QUITO,QUITO,URBANA,2017-11-21,06:15:00,6,MARTES,2,NOVIEMBRE,11,NO,"NO RESPETAR LAS SENIALES REGLAMENTARIAS DE TRANSITO. (PARE, CEDA EL PASO, LUZ ROJA DEL SEMAFORO, ETC).",CHOQUE LATERAL,MOTOCICLETA,0,0,0,0,0,0,0,0,1,0,0,0,0,1,27,HOMBRE,LESIONADO,CONDUCTOR PRESENTE,NO,NO,0
8252,25545,25546,2017,1,0,-0.236171,-78.526913,PICHINCHA,QUITO,QUITO,URBANA,2017-11-21,07:30:00,7,MARTES,2,NOVIEMBRE,11,NO,BAJARSE O SUBIRSE DE VEHICULOS EN MOVIMIENTO SIN TOMAR LAS PRECAUCIONES DEBIDAS.,CAIDA DE PASAJERO,NO IDENTIFICADO,0,0,0,0,0,0,0,0,0,1,0,0,0,1,67,MUJER,LESIONADO,PASAJERO,NO,NO,0
8253,25546,25547,2017,0,0,-0.081373,-78.388667,PICHINCHA,QUITO,CALDERON (CARAPUNGO),RURAL,2017-11-21,07:45:00,7,MARTES,2,NOVIEMBRE,11,NO,"CONDUCIR DESATENTO A LAS CONDICIONES DE TRANSITO (CELULAR, PANTALLAS DE VIDEO, COMIDA, MAQUILLAJE O CUALQUIER OTRO ELEMENTO DISTRACTOR).",PERDIDA DE PISTA,AUTOMOVIL,1,0,0,0,0,0,0,0,0,0,0,0,0,1,42,HOMBRE,ILESO,CONDUCTOR PRESENTE,NO,NO,3
8254,25547,25548,2017,2,0,-0.230418,-78.513135,PICHINCHA,QUITO,QUITO,URBANA,2017-11-21,07:45:00,7,MARTES,2,NOVIEMBRE,11,NO,PEATON QUE CRUZA LA CALZADA SIN RESPETAR LA SENIALIZACION EXISTENTE (SEMAFOROS O SENIALES MANUALES).,ATROPELLOS,MOTOCICLETA,0,0,0,0,0,0,0,0,1,0,0,0,0,1,25,HOMBRE,LESIONADO,CONDUCTOR PRESENTE,NO,NO,0
8255,25550,25551,2017,0,0,-0.301655,-78.429687,PICHINCHA,QUITO,ALANGASI,URBANA,2017-11-21,08:00:00,8,MARTES,2,NOVIEMBRE,11,NO,NO MANTENER LA DISTANCIA PRUDENCIAL CON RESPECTO AL VEHICULO QUE LE ANTECEDE.,CHOQUE POSTERIOR,AUTOMOVIL,2,0,0,0,0,0,0,0,0,0,0,0,0,2,26,MUJER,ILESO,CONDUCTOR PRESENTE,NO,NO,0
8256,25552,25553,2017,0,0,-0.292724,-78.476486,PICHINCHA,QUITO,CONOCOTO,RURAL,2017-11-21,08:40:00,8,MARTES,2,NOVIEMBRE,11,NO,"NO RESPETAR LAS SENIALES REGLAMENTARIAS DE TRANSITO. (PARE, CEDA EL PASO, LUZ ROJA DEL SEMAFORO, ETC).",CHOQUE LATERAL,BUS,0,0,1,1,0,0,0,0,0,0,0,0,1,3,30,HOMBRE,ILESO,CONDUCTOR PRESENTE,NO,NO,3
8257,25553,25554,2017,1,0,-0.209356,-78.384907,PICHINCHA,QUITO,TUMBACO,RURAL,2017-11-21,09:15:00,9,MARTES,2,NOVIEMBRE,11,NO,NO CEDER EL DERECHO DE VIA O PREFERENCIA DE PASO A VEHICULOS.,CHOQUE LATERAL,MOTOCICLETA,1,0,0,0,0,0,0,0,1,0,0,0,0,2,22,HOMBRE,LESIONADO,CONDUCTOR PRESENTE,NO,NO,3
8258,25555,25556,2017,0,0,-0.162261,-78.481613,PICHINCHA,QUITO,QUITO,URBANA,2017-11-21,10:00:00,10,MARTES,2,NOVIEMBRE,11,NO,NO GUARDAR LA DISTANCIA LATERAL MINIMA DE SEGURIDAD ENTRE VEHICULOS.,ROZAMIENTOS,AUTOMOVIL,2,0,0,0,0,0,0,0,0,0,0,0,0,2,22,HOMBRE,ILESO,CONDUCTOR PRESENTE,NO,NO,0
8259,25557,25558,2017,0,0,-0.208736,-78.496291,PICHINCHA,QUITO,QUITO,URBANA,2017-11-21,10:48:00,10,MARTES,2,NOVIEMBRE,11,NO,"CONDUCIR DESATENTO A LAS CONDICIONES DE TRANSITO (CELULAR, PANTALLAS DE VIDEO, COMIDA, MAQUILLAJE O CUALQUIER OTRO ELEMENTO DISTRACTOR).",ESTRELLAMIENTOS,BUS,1,0,1,0,0,0,0,0,0,0,0,0,0,2,43,HOMBRE,ILESO,CONDUCTOR PRESENTE,NO,NO,0
8260,25558,25559,2017,1,0,-0.137721,-78.478419,PICHINCHA,QUITO,QUITO,URBANA,2017-11-21,11:30:00,11,MARTES,2,NOVIEMBRE,11,NO,"NO RESPETAR LAS SENIALES REGLAMENTARIAS DE TRANSITO. (PARE, CEDA EL PASO, LUZ ROJA DEL SEMAFORO, ETC).",CHOQUE LATERAL,VEHICULO DEPORTIVO UTILITARIO,1,0,0,0,0,0,0,0,0,0,0,0,1,2,32,MUJER,LESIONADO,CONDUCTOR PRESENTE,NO,NO,0
8261,25559,25560,2017,1,0,-0.256733,-78.542807,PICHINCHA,QUITO,QUITO,URBANA,2017-11-21,11:30:00,11,MARTES,2,NOVIEMBRE,11,NO,BAJARSE O SUBIRSE DE VEHICULOS EN MOVIMIENTO SIN TOMAR LAS PRECAUCIONES DEBIDAS.,CAIDA DE PASAJERO,NO IDENTIFICADO,0,0,0,0,0,0,0,0,0,1,0,0,0,1,53,MUJER,LESIONADO,PASAJERO,NO,NO,0
8262,25562,25563,2017,0,0,-0.141057,-78.500978,PICHINCHA,QUITO,QUITO,URBANA,2017-11-21,12:00:00,12,MARTES,2,NOVIEMBRE,11,NO,NO CEDER EL DERECHO DE VIA O PREFERENCIA DE PASO A VEHICULOS.,CHOQUE LATERAL,VEHICULO DEPORTIVO UTILITARIO,0,0,0,0,0,0,0,0,0,0,0,0,1,1,25,HOMBRE,ILESO,CONDUCTOR PRESENTE,NO,NO,0
8263,25569,25570,2017,0,0,-0.150438,-78.484261,PICHINCHA,QUITO,QUITO,URBANA,2017-11-21,15:50:00,15,MARTES,2,NOVIEMBRE,11,NO,"CONDUCIR DESATENTO A LAS CONDICIONES DE TRANSITO (CELULAR, PANTALLAS DE VIDEO, COMIDA, MAQUILLAJE O CUALQUIER OTRO ELEMENTO DISTRACTOR).",CHOQUE LATERAL,CAMIONETA,0,0,0,0,1,0,0,0,0,0,0,0,1,2,45,HOMBRE,ILESO,CONDUCTOR PRESENTE,NO,NO,0
8264,25570,25571,2017,2,0,-0.162697,-78.479295,PICHINCHA,QUITO,QUITO,URBANA,2017-11-21,15:50:00,15,MARTES,2,NOVIEMBRE,11,NO,"NO RESPETAR LAS SENIALES REGLAMENTARIAS DE TRANSITO. (PARE, CEDA EL PASO, LUZ ROJA DEL SEMAFORO, ETC).",CHOQUE LATERAL,VEHICULO DEPORTIVO UTILITARIO,1,0,0,0,0,0,0,0,0,0,0,0,1,2,1,MUJER,LESIONADO,PASAJERO,NO,NO,0
8265,25572,25573,2017,1,0,-0.093759,-78.436234,PICHINCHA,QUITO,CALDERON (CARAPUNGO),RURAL,2017-11-21,16:45:00,16,MARTES,2,NOVIEMBRE,11,NO,NO CEDER EL DERECHO DE VIA O PREFERENCIA DE PASO AL PEATON.,ATROPELLOS,NO IDENTIFICADO,0,0,0,0,0,0,0,0,0,1,0,0,0,1,65,MUJER,LESIONADO,PEATON,NO,NO,3
8266,25574,25575,2017,0,0,-0.207161,-78.490857,PICHINCHA,QUITO,QUITO,URBANA,2017-11-21,17:10:00,17,MARTES,2,NOVIEMBRE,11,NO,"NO RESPETAR LAS SENIALES REGLAMENTARIAS DE TRANSITO. (PARE, CEDA EL PASO, LUZ ROJA DEL SEMAFORO, ETC).",CHOQUE LATERAL,AUTOMOVIL,2,0,0,0,0,0,0,0,0,0,0,0,0,2,48,HOMBRE,ILESO,CONDUCTOR PRESENTE,NO,NO,0
8267,25576,25577,2017,0,0,-0.175579,-78.487537,PICHINCHA,QUITO,QUITO,URBANA,2017-11-21,18:30:00,18,MARTES,2,NOVIEMBRE,11,NO,NO CEDER EL DERECHO DE VIA O PREFERENCIA DE PASO A VEHICULOS.,CHOQUE LATERAL,AUTOMOVIL,1,0,0,0,0,0,0,0,0,0,0,0,1,2,39,HOMBRE,ILESO,CONDUCTOR PRESENTE,NO,NO,0
8268,25577,25578,2017,1,0,-0.207732,-78.497071,PICHINCHA,QUITO,QUITO,URBANA,2017-11-21,18:30:00,18,MARTES,2,NOVIEMBRE,11,NO,NO CEDER EL DERECHO DE VIA O PREFERENCIA DE PASO AL PEATON.,ARROLLAMIENTOS,BUS,0,0,1,0,0,0,0,0,0,0,0,0,0,1,60,MUJER,LESIONADO,PEATON,NO,NO,0
8269,25578,25579,2017,0,0,-0.222833,-78.521546,PICHINCHA,QUITO,QUITO,URBANA,2017-11-21,18:45:00,18,MARTES,2,NOVIEMBRE,11,NO,"CONDUCIR DESATENTO A LAS CONDICIONES DE TRANSITO (CELULAR, PANTALLAS DE VIDEO, COMIDA, MAQUILLAJE O CUALQUIER OTRO ELEMENTO DISTRACTOR).",ESTRELLAMIENTOS,CAMION,0,0,0,1,0,0,0,0,0,0,0,0,0,1,-1,NO IDENTIFICADO,NO IDENTIFICADO,CONDUCTOR AUSENTE,NO,NO,2
8270,25581,25582,2017,0,0,-0.137645,-78.501298,PICHINCHA,QUITO,QUITO,URBANA,2017-11-21,19:30:00,19,MARTES,2,NOVIEMBRE,11,NO,"CONDUCIR DESATENTO A LAS CONDICIONES DE TRANSITO (CELULAR, PANTALLAS DE VIDEO, COMIDA, MAQUILLAJE O CUALQUIER OTRO ELEMENTO DISTRACTOR).",ESTRELLAMIENTOS,AUTOMOVIL,1,0,0,0,0,0,0,0,2,0,0,0,0,3,37,HOMBRE,ILESO,CONDUCTOR PRESENTE,NO,NO,0
8271,25582,25583,2017,0,0,-0.450003,-78.559366,PICHINCHA,MEJIA,ALOAG,RURAL,2017-11-21,20:40:00,20,MARTES,2,NOVIEMBRE,11,NO,"CONDUCIR DESATENTO A LAS CONDICIONES DE TRANSITO (CELULAR, PANTALLAS DE VIDEO, COMIDA, MAQUILLAJE O CUALQUIER OTRO ELEMENTO DISTRACTOR).",CHOQUE POSTERIOR,VEHICULO DEPORTIVO UTILITARIO,0,0,0,0,1,0,0,0,0,0,0,0,1,2,38,HOMBRE,ILESO,CONDUCTOR PRESENTE,NO,NO,3
8272,25585,25586,2017,0,0,-0.328279,-78.522294,PICHINCHA,QUITO,QUITO,URBANA,2017-11-21,22:15:00,22,MARTES,2,NOVIEMBRE,11,NO,CONDUCIR VEHICULO SUPERANDO LOS LIMITES MAXIMOS DE VELOCIDAD.,PERDIDA DE PISTA,AUTOMOVIL,1,0,0,0,0,0,0,0,0,0,0,0,0,1,23,MUJER,ILESO,CONDUCTOR PRESENTE,NO,NO,0
8273,25586,25587,2017,1,0,-0.140846,-78.496773,PICHINCHA,QUITO,QUITO,URBANA,2017-11-21,22:25:00,22,MARTES,2,NOVIEMBRE,11,NO,"NO RESPETAR LAS SENIALES REGLAMENTARIAS DE TRANSITO. (PARE, CEDA EL PASO, LUZ ROJA DEL SEMAFORO, ETC).",CHOQUE LATERAL,AUTOMOVIL,1,0,0,0,0,0,0,0,1,0,0,0,0,2,23,HOMBRE,LESIONADO,CONDUCTOR PRESENTE,NO,NO,0
8274,25587,25588,2017,0,0,-0.117431,-78.478795,PICHINCHA,QUITO,QUITO,URBANA,2017-11-21,22:30:00,22,MARTES,2,NOVIEMBRE,11,NO,REALIZAR CAMBIO BRUSCO O INDEBIDO DE CARRIL.,ESTRELLAMIENTOS,AUTOMOVIL,1,0,0,0,0,0,0,0,0,0,0,0,0,1,23,HOMBRE,ILESO,CONDUCTOR PRESENTE,NO,NO,0
8275,25608,25609,2017,1,0,-0.172697,-78.342661,PICHINCHA,QUITO,TABABELA,RURAL,2017-11-22,00:00:00,0,MIERCOLES,3,NOVIEMBRE,11,NO,"CONDUCIR DESATENTO A LAS CONDICIONES DE TRANSITO (CELULAR, PANTALLAS DE VIDEO, COMIDA, MAQUILLAJE O CUALQUIER OTRO ELEMENTO DISTRACTOR).",ATROPELLOS,AUTOMOVIL,1,0,0,0,0,0,0,0,0,0,0,0,0,1,14,HOMBRE,LESIONADO,PEATON,NO,NO,3
8276,25611,25612,2017,0,0,-0.186731,-78.490133,PICHINCHA,QUITO,QUITO,URBANA,2017-11-22,01:40:00,1,MIERCOLES,3,NOVIEMBRE,11,NO,"CONDUCIR EN ESTADO DE SOMNOLENCIA O MALAS CONDICIONES FISICAS (SUENIO, CANSANCIO Y FATIGA).",ESTRELLAMIENTOS,AUTOMOVIL,1,0,0,0,0,0,0,0,0,0,0,0,0,1,-1,NO IDENTIFICADO,NO IDENTIFICADO,CONDUCTOR AUSENTE,NO,NO,2
8277,25614,25615,2017,1,0,-0.203988,-78.479581,PICHINCHA,QUITO,QUITO,RURAL,2017-11-22,06:30:00,6,MIERCOLES,3,NOVIEMBRE,11,NO,NO MANTENER LA DISTANCIA PRUDENCIAL CON RESPECTO AL VEHICULO QUE LE ANTECEDE.,CHOQUE POSTERIOR,AUTOMOVIL,1,0,0,0,0,0,0,0,0,0,0,0,0,1,18,MUJER,LESIONADO,PASAJERO,NO,NO,3
8278,25615,25616,2017,0,0,-0.306332,-78.559391,PICHINCHA,QUITO,QUITO,URBANA,2017-11-22,07:00:00,7,MIERCOLES,3,NOVIEMBRE,11,NO,"CONDUCIR DESATENTO A LAS CONDICIONES DE TRANSITO (CELULAR, PANTALLAS DE VIDEO, COMIDA, MAQUILLAJE O CUALQUIER OTRO ELEMENTO DISTRACTOR).",CHOQUE POSTERIOR,AUTOMOVIL,1,0,0,0,0,0,0,0,0,0,0,0,0,1,59,HOMBRE,ILESO,CONDUCTOR PRESENTE,NO,NO,0
8279,25617,25618,2017,2,0,-0.260015,-78.509946,PICHINCHA,QUITO,QUITO,URBANA,2017-11-22,07:15:00,7,MIERCOLES,3,NOVIEMBRE,11,NO,NO CEDER EL DERECHO DE VIA O PREFERENCIA DE PASO AL PEATON.,ATROPELLOS,CAMIONETA,0,0,0,0,1,0,0,0,0,0,0,0,0,1,70,HOMBRE,LESIONADO,PEATON,NO,NO,0
8280,25618,25619,2017,1,0,0.031771,-78.149349,PICHINCHA,CAYAMBE,CAYAMBE,URBANA,2017-11-22,07:30:00,7,MIERCOLES,3,NOVIEMBRE,11,NO,"CONDUCIR DESATENTO A LAS CONDICIONES DE TRANSITO (CELULAR, PANTALLAS DE VIDEO, COMIDA, MAQUILLAJE O CUALQUIER OTRO ELEMENTO DISTRACTOR).",CHOQUE LATERAL,ESPECIAL,0,0,0,0,0,0,1,0,1,0,0,0,0,2,27,HOMBRE,LESIONADO,CONDUCTOR PRESENTE,NO,NO,0
8281,25619,25620,2017,0,0,-0.185884,-78.453561,PICHINCHA,QUITO,NAYON,RURAL,2017-11-22,07:40:00,7,MIERCOLES,3,NOVIEMBRE,11,NO,NO MANTENER LA DISTANCIA PRUDENCIAL CON RESPECTO AL VEHICULO QUE LE ANTECEDE.,COLISION,AUTOMOVIL,2,0,0,0,0,0,0,0,0,0,0,0,0,2,28,HOMBRE,ILESO,CONDUCTOR PRESENTE,NO,NO,3
8282,25620,25621,2017,0,0,-0.150393,-78.453592,PICHINCHA,QUITO,QUITO,URBANA,2017-11-22,07:45:00,7,MIERCOLES,3,NOVIEMBRE,11,NO,NO MANTENER LA DISTANCIA PRUDENCIAL CON RESPECTO AL VEHICULO QUE LE ANTECEDE.,CHOQUE POSTERIOR,AUTOMOVIL,1,0,0,0,1,0,0,0,0,0,0,0,0,2,30,HOMBRE,ILESO,CONDUCTOR PRESENTE,NO,NO,0
8283,25623,25624,2017,1,0,-0.135719,-78.482163,PICHINCHA,QUITO,QUITO,URBANA,2017-11-22,08:25:00,8,MIERCOLES,3,NOVIEMBRE,11,NO,PEATON QUE CRUZA LA CALZADA SIN RESPETAR LA SENIALIZACION EXISTENTE (SEMAFOROS O SENIALES MANUALES).,ATROPELLOS,MOTOCICLETA,0,0,0,0,0,0,0,0,1,0,0,0,0,1,72,HOMBRE,LESIONADO,PEATON,NO,NO,0
8284,25625,25626,2017,1,0,-0.228084,-78.515622,PICHINCHA,QUITO,QUITO,URBANA,2017-11-22,08:50:00,8,MIERCOLES,3,NOVIEMBRE,11,NO,NO CEDER EL DERECHO DE VIA O PREFERENCIA DE PASO AL PEATON.,ATROPELLOS,AUTOMOVIL,1,0,0,0,0,0,0,0,0,0,0,0,0,1,3,MUJER,LESIONADO,PEATON,NO,NO,0
8285,25627,25628,2017,0,0,-0.168932,-78.486501,PICHINCHA,QUITO,QUITO,URBANA,2017-11-22,09:28:00,9,MIERCOLES,3,NOVIEMBRE,11,NO,"NO RESPETAR LAS SENIALES REGLAMENTARIAS DE TRANSITO. (PARE, CEDA EL PASO, LUZ ROJA DEL SEMAFORO, ETC).",CHOQUE LATERAL,AUTOMOVIL,1,0,0,0,0,0,0,0,0,0,0,0,1,2,62,HOMBRE,ILESO,CONDUCTOR PRESENTE,NO,NO,0