,Unnamed: 0,ID,ANIO,LESIONADOS,FALLECIDOS,LATITUD_Y,LONGITUD_X,PROVINCIA,CANTON,PARROQUIA,ZONA,FECHA,HORA,PERIODO_2,DIA_1,DIA_2,MES_1,MES_2,FERIADO,CAUSA_PROBABLE,TIPO_DE_SINIESTRO,TIPO_DE_VEHICULO_1,AUTOMOVIL,BICICLETA,BUS,CAMION,CAMIONETA,EMERGENCIAS,ESPECIAL,FURGONETA,MOTOCICLETA,NO_IDENTIFICADO,SCOOTER_ELECTRICO,TRICIMOTO,VEHICULO_DEPORTIVO_UTILITARIO,SUMA_DE_VEHICULOS,EDAD_1,SEXO_1,CONDICION_1,PARTICIPANTE_1,CASCO_1,CINTURON_1,KMeans_Cluster
8455,26129,26130,2017,1,0,-0.242108,-78.494925,PICHINCHA,QUITO,QUITO,URBANA,2017-11-28,13:15:00,13,MARTES,2,NOVIEMBRE,11,NO,"CONDUCIR DESATENTO A LAS CONDICIONES DE TRANSITO (CELULAR, PANTALLAS DE VIDEO, COMIDA, MAQUILLAJE O CUALQUIER OTRO ELEMENTO DISTRACTOR).",CHOQUE POSTERIOR,MOTOCICLETA,0,0,0,0,0,0,0,1,1,0,0,0,0,2,45,HOMBRE,LESIONADO,CONDUCTOR PRESENTE,NO,NO,0
8456,26133,26134,2017,0,0,-0.209101,-78.365448,PICHINCHA,QUITO,PUEMBO,RURAL,2017-11-28,14:30:00,14,MARTES,2,NOVIEMBRE,11,NO,NO MANTENER LA DISTANCIA PRUDENCIAL CON RESPECTO AL VEHICULO QUE LE ANTECEDE.,CHOQUE POSTERIOR,VEHICULO DEPORTIVO UTILITARIO,1,0,0,0,0,0,0,0,0,0,0,0,1,2,39,HOMBRE,ILESO,CONDUCTOR PRESENTE,NO,NO,3
8457,26136,26137,2017,0,0,-0.222919,-78.511655,PICHINCHA,QUITO,QUITO,URBANA,2017-11-28,15:05:00,15,MARTES,2,NOVIEMBRE,11,NO,NO RESPETAR LAS SENIALES MANUALES DEL AGENTE DE TRANSITO.,CHOQUE LATERAL,AUTOMOVIL,2,0,0,0,0,0,0,0,0,0,0,0,0,2,25,HOMBRE,ILESO,CONDUCTOR PRESENTE,NO,NO,0
8458,26140,26141,2017,0,0,-0.164781,-78.468089,PICHINCHA,QUITO,QUITO,URBANA,2017-11-28,16:00:00,16,MARTES,2,NOVIEMBRE,11,NO,NO GUARDAR LA DISTANCIA LATERAL MINIMA DE SEGURIDAD ENTRE VEHICULOS.,ROZAMIENTOS,BUS,0,0,2,0,0,0,0,0,0,0,0,0,0,2,33,HOMBRE,ILESO,CONDUCTOR PRESENTE,NO,NO,0
8459,26141,26142,2017,1,0,-0.292724,-78.476486,PICHINCHA,QUITO,CONOCOTO,RURAL,2017-11-28,17:00:00,17,MARTES,2,NOVIEMBRE,11,NO,NO CEDER EL DERECHO DE VIA O PREFERENCIA DE PASO AL PEATON.,ATROPELLOS,AUTOMOVIL,1,0,0,0,0,0,0,0,0,0,0,0,0,1,13,MUJER,LESIONADO,PEATON,NO,NO,3
8460,26142,26143,2017,6,0,-0.344901,-78.452461,PICHINCHA,RUMINIAHUI,SANGOLQUI,URBANA,2017-11-28,17:15:00,17,MARTES,2,NOVIEMBRE,11,NO,"CONDUCE BAJO LA INFLUENCIA DE ALCOHOL, SUSTANCIAS ESTUPEFACIENTES O PSICOTROPICAS Y/O MEDICAMENTOS.",CHOQUE FRONTAL,AUTOMOVIL,2,0,0,0,0,0,0,0,0,0,0,0,0,2,24,MUJER,LESIONADO,PASAJERO,NO,NO,0
8461,26146,26147,2017,0,0,-0.155631,-78.487667,PICHINCHA,QUITO,QUITO,URBANA,2017-11-28,18:34:00,18,MARTES,2,NOVIEMBRE,11,NO,NO GUARDAR LA DISTANCIA LATERAL MINIMA DE SEGURIDAD ENTRE VEHICULOS.,ROZAMIENTOS,CAMION,0,0,0,1,0,0,0,0,0,0,0,0,1,2,48,HOMBRE,ILESO,CONDUCTOR PRESENTE,NO,NO,0
8462,26148,26149,2017,1,0,-0.217795,-78.491319,PICHINCHA,QUITO,QUITO,URBANA,2017-11-28,18:50:00,18,MARTES,2,NOVIEMBRE,11,NO,"NO RESPETAR LAS SENIALES REGLAMENTARIAS DE TRANSITO. (PARE, CEDA EL PASO, LUZ ROJA DEL SEMAFORO, ETC).",CHOQUE LATERAL,AUTOMOVIL,1,0,0,0,0,0,0,0,0,0,0,0,1,2,29,MUJER,LESIONADO,PASAJERO,NO,NO,0
8463,26151,26152,2017,1,0,-0.238306,-78.529597,PICHINCHA,QUITO,QUITO,URBANA,2017-11-28,20:10:00,20,MARTES,2,NOVIEMBRE,11,NO,NO CEDER EL DERECHO DE VIA O PREFERENCIA DE PASO AL PEATON.,ATROPELLOS,NO IDENTIFICADO,0,0,0,0,0,0,0,0,0,1,0,0,0,1,34,HOMBRE,LESIONADO,PEATON,NO,NO,0
8464,26152,26153,2017,0,0,-0.153751,-78.487914,PICHINCHA,QUITO,QUITO,URBANA,2017-11-28,20:15:00,20,MARTES,2,NOVIEMBRE,11,NO,"NO RESPETAR LAS SENIALES REGLAMENTARIAS DE TRANSITO. (PARE, CEDA EL PASO, LUZ ROJA DEL SEMAFORO, ETC).",CHOQUE LATERAL,AUTOMOVIL,2,0,0,0,0,0,0,0,0,0,0,0,0,2,42,HOMBRE,ILESO,CONDUCTOR PRESENTE,NO,NO,0
8465,26155,26156,2017,2,0,-0.326371,-78.557436,PICHINCHA,QUITO,QUITO,URBANA,2017-11-28,21:45:00,21,MARTES,2,NOVIEMBRE,11,NO,NO GUARDAR LA DISTANCIA LATERAL MINIMA DE SEGURIDAD ENTRE VEHICULOS.,ROZAMIENTOS,MOTOCICLETA,0,0,0,0,0,0,0,0,1,0,0,0,0,1,24,HOMBRE,LESIONADO,CONDUCTOR PRESENTE,NO,NO,0
8466,26158,26159,2017,0,0,-0.206138,-78.483123,PICHINCHA,QUITO,QUITO,URBANA,2017-11-28,23:50:00,23,MARTES,2,NOVIEMBRE,11,NO,"NO RESPETAR LAS SENIALES REGLAMENTARIAS DE TRANSITO. (PARE, CEDA EL PASO, LUZ ROJA DEL SEMAFORO, ETC).",CHOQUE LATERAL,AUTOMOVIL,1,0,0,0,0,0,0,1,0,0,0,0,0,2,35,HOMBRE,ILESO,CONDUCTOR PRESENTE,NO,NO,0
8467,26176,26177,2017,1,0,-0.175511,-78.488431,PICHINCHA,QUITO,QUITO,URBANA,2017-11-29,00:20:00,0,MIERCOLES,3,NOVIEMBRE,11,NO,"CONDUCIR EN ESTADO DE SOMNOLENCIA O MALAS CONDICIONES FISICAS (SUENIO, CANSANCIO Y FATIGA).",PERDIDA DE PISTA,MOTOCICLETA,0,0,0,0,0,0,0,0,1,0,0,0,0,1,27,HOMBRE,LESIONADO,CONDUCTOR PRESENTE,NO,NO,0
8468,26178,26179,2017,1,0,-0.237653,-78.484311,PICHINCHA,QUITO,QUITO,URBANA,2017-11-29,05:30:00,5,MIERCOLES,3,NOVIEMBRE,11,NO,NO TRANSITAR POR LAS ACERAS O ZONAS DE SEGURIDAD DESTINADAS PARA EL EFECTO.,ATROPELLOS,CAMION,0,0,0,1,0,0,0,0,0,0,0,0,0,1,25,HOMBRE,LESIONADO,PEATON,NO,NO,0
8469,26181,26182,2017,1,0,-0.171457,-78.485614,PICHINCHA,QUITO,QUITO,URBANA,2017-11-29,07:00:00,7,MIERCOLES,3,NOVIEMBRE,11,NO,NO MANTENER LA DISTANCIA PRUDENCIAL CON RESPECTO AL VEHICULO QUE LE ANTECEDE.,CHOQUE POSTERIOR,AUTOMOVIL,1,0,0,0,0,0,0,0,0,0,0,0,0,1,39,MUJER,LESIONADO,CONDUCTOR PRESENTE,NO,NO,0
8470,26189,26190,2017,1,0,-0.187698,-78.502132,PICHINCHA,QUITO,QUITO,URBANA,2017-11-29,10:20:00,10,MIERCOLES,3,NOVIEMBRE,11,NO,NO CEDER EL DERECHO DE VIA O PREFERENCIA DE PASO A VEHICULOS.,CHOQUE LATERAL,MOTOCICLETA,0,0,0,0,1,0,0,0,1,0,0,0,0,2,37,HOMBRE,LESIONADO,CONDUCTOR PRESENTE,NO,NO,0
8471,26190,26191,2017,1,0,-0.088456,-78.512235,PICHINCHA,QUITO,QUITO,URBANA,2017-11-29,11:13:00,11,MIERCOLES,3,NOVIEMBRE,11,NO,NO CEDER EL DERECHO DE VIA O PREFERENCIA DE PASO AL PEATON.,ATROPELLOS,NO IDENTIFICADO,0,0,0,0,0,0,0,0,0,1,0,0,0,1,74,HOMBRE,LESIONADO,PEATON,NO,NO,0
8472,26192,26193,2017,0,0,-0.292724,-78.476486,PICHINCHA,QUITO,CONOCOTO,RURAL,2017-11-29,13:20:00,13,MIERCOLES,3,NOVIEMBRE,11,NO,"NO RESPETAR LAS SENIALES REGLAMENTARIAS DE TRANSITO. (PARE, CEDA EL PASO, LUZ ROJA DEL SEMAFORO, ETC).",CHOQUE LATERAL,CAMION,1,0,0,1,0,0,0,0,0,0,0,0,0,2,25,HOMBRE,ILESO,CONDUCTOR PRESENTE,NO,NO,3
8473,26193,26194,2017,0,0,-0.178778,-78.486924,PICHINCHA,QUITO,QUITO,URBANA,2017-11-29,13:29:00,13,MIERCOLES,3,NOVIEMBRE,11,NO,"NO RESPETAR LAS SENIALES REGLAMENTARIAS DE TRANSITO. (PARE, CEDA EL PASO, LUZ ROJA DEL SEMAFORO, ETC).",CHOQUE LATERAL,AUTOMOVIL,1,0,0,0,0,0,0,1,0,0,0,0,0,2,45,HOMBRE,ILESO,CONDUCTOR PRESENTE,NO,NO,0
8474,26194,26195,2017,0,0,-0.243778,-78.509759,PICHINCHA,QUITO,QUITO,URBANA,2017-11-29,13:45:00,13,MIERCOLES,3,NOVIEMBRE,11,NO,NO GUARDAR LA DISTANCIA LATERAL MINIMA DE SEGURIDAD ENTRE VEHICULOS.,ROZAMIENTOS,MOTOCICLETA,0,0,0,0,0,0,0,0,1,0,0,0,0,1,22,HOMBRE,ILESO,CONDUCTOR PRESENTE,NO,NO,0
8475,26196,26197,2017,0,0,-0.248361,-78.528189,PICHINCHA,QUITO,QUITO,URBANA,2017-11-29,14:35:00,14,MIERCOLES,3,NOVIEMBRE,11,NO,"NO RESPETAR LAS SENIALES REGLAMENTARIAS DE TRANSITO. (PARE, CEDA EL PASO, LUZ ROJA DEL SEMAFORO, ETC).",CHOQUE LATERAL,AUTOMOVIL,2,0,0,0,0,0,0,0,0,0,0,0,0,2,28,HOMBRE,ILESO,CONDUCTOR PRESENTE,NO,NO,0
8476,26198,26199,2017,1,0,-0.164052,-78.471665,PICHINCHA,QUITO,QUITO,URBANA,2017-11-29,15:15:00,15,MIERCOLES,3,NOVIEMBRE,11,NO,NO CEDER EL DERECHO DE VIA O PREFERENCIA DE PASO AL PEATON.,ATROPELLOS,NO IDENTIFICADO,0,0,0,0,0,0,0,0,0,1,0,0,0,1,39,MUJER,LESIONADO,PEATON,NO,NO,0
8477,26199,26200,2017,1,0,-0.213234,-78.510152,PICHINCHA,QUITO,QUITO,URBANA,2017-11-29,15:33:00,15,MIERCOLES,3,NOVIEMBRE,11,NO,NO CEDER EL DERECHO DE VIA O PREFERENCIA DE PASO AL PEATON.,ARROLLAMIENTOS,VEHICULO DEPORTIVO UTILITARIO,0,0,0,0,0,0,0,0,0,0,0,0,1,1,49,MUJER,LESIONADO,PEATON,NO,NO,0
8478,26200,26201,2017,1,0,-0.110591,-78.478637,PICHINCHA,QUITO,QUITO,URBANA,2017-11-29,15:45:00,15,MIERCOLES,3,NOVIEMBRE,11,NO,CONDUCIR VEHICULO SUPERANDO LOS LIMITES MAXIMOS DE VELOCIDAD.,PERDIDA DE PISTA,MOTOCICLETA,0,0,0,0,0,0,0,0,1,0,0,0,0,1,23,MUJER,LESIONADO,CONDUCTOR PRESENTE,NO,NO,0
8479,26203,26204,2017,0,0,-0.171294,-78.480108,PICHINCHA,QUITO,QUITO,URBANA,2017-11-29,16:00:00,16,MIERCOLES,3,NOVIEMBRE,11,NO,"NO RESPETAR LAS SENIALES REGLAMENTARIAS DE TRANSITO. (PARE, CEDA EL PASO, LUZ ROJA DEL SEMAFORO, ETC).",CHOQUE LATERAL,MOTOCICLETA,1,0,0,0,0,0,0,0,1,0,0,0,0,2,27,HOMBRE,ILESO,CONDUCTOR PRESENTE,NO,NO,0
8480,26204,26205,2017,1,0,-0.165603,-78.487106,PICHINCHA,QUITO,QUITO,URBANA,2017-11-29,16:35:00,16,MIERCOLES,3,NOVIEMBRE,11,NO,CONDUCIR VEHICULO SUPERANDO LOS LIMITES MAXIMOS DE VELOCIDAD.,PERDIDA DE PISTA,NO IDENTIFICADO,0,0,0,0,0,0,0,0,0,1,0,0,0,1,26,HOMBRE,LESIONADO,CONDUCTOR PRESENTE,NO,NO,0
8481,26207,26208,2017,0,0,-0.202103,-78.486509,PICHINCHA,QUITO,QUITO,URBANA,2017-11-29,17:07:00,17,MIERCOLES,3,NOVIEMBRE,11,NO,"NO RESPETAR LAS SENIALES REGLAMENTARIAS DE TRANSITO. (PARE, CEDA EL PASO, LUZ ROJA DEL SEMAFORO, ETC).",CHOQUE LATERAL,MOTOCICLETA,0,0,0,0,0,0,0,0,1,0,0,0,0,1,21,HOMBRE,ILESO,CONDUCTOR PRESENTE,NO,NO,0
8482,26210,26211,2017,1,0,-0.332341,-78.560161,PICHINCHA,QUITO,QUITO,URBANA,2017-11-29,21:30:00,21,MIERCOLES,3,NOVIEMBRE,11,NO,CONDUCIR VEHICULO SUPERANDO LOS LIMITES MAXIMOS DE VELOCIDAD.,PERDIDA DE PISTA,MOTOCICLETA,0,0,0,0,0,0,0,0,1,0,0,0,0,1,20,HOMBRE,LESIONADO,PASAJERO,NO,NO,0
8483,26212,26213,2017,1,0,-0.105373,-78.462381,PICHINCHA,QUITO,QUITO,RURAL,2017-11-29,21:55:00,21,MIERCOLES,3,NOVIEMBRE,11,NO,NO GUARDAR LA DISTANCIA LATERAL MINIMA DE SEGURIDAD ENTRE VEHICULOS.,ROZAMIENTOS,MOTOCICLETA,0,0,0,0,0,0,0,0,1,0,0,0,0,1,29,HOMBRE,LESIONADO,CONDUCTOR PRESENTE,NO,NO,3
8484,26213,26214,2017,0,0,-0.262722,-78.538106,PICHINCHA,QUITO,QUITO,URBANA,2017-11-29,22:15:00,22,MIERCOLES,3,NOVIEMBRE,11,NO,BAJARSE O SUBIRSE DE VEHICULOS EN MOVIMIENTO SIN TOMAR LAS PRECAUCIONES DEBIDAS.,CAIDA DE PASAJERO,BUS,0,0,1,0,0,0,0,0,0,0,0,0,0,1,32,HOMBRE,ILESO,CONDUCTOR PRESENTE,NO,NO,0
8485,26214,26215,2017,0,0,-0.310003,-78.443475,PICHINCHA,RUMINIAHUI,SANGOLQUI,URBANA,2017-11-29,23:45:00,23,MIERCOLES,3,NOVIEMBRE,11,NO,NO MANTENER LA DISTANCIA PRUDENCIAL CON RESPECTO AL VEHICULO QUE LE ANTECEDE.,CHOQUE POSTERIOR,AUTOMOVIL,1,0,0,1,0,0,0,0,0,0,0,0,0,2,48,HOMBRE,ILESO,CONDUCTOR PRESENTE,NO,NO,0
8486,26215,26216,2017,0,0,-0.164281,-78.483481,PICHINCHA,QUITO,QUITO,URBANA,2017-11-29,23:52:00,23,MIERCOLES,3,NOVIEMBRE,11,NO,"CONDUCIR EN ESTADO DE SOMNOLENCIA O MALAS CONDICIONES FISICAS (SUENIO, CANSANCIO Y FATIGA).",ESTRELLAMIENTOS,NO IDENTIFICADO,0,0,0,0,0,0,0,0,0,1,0,0,0,1,-1,NO IDENTIFICADO,NO IDENTIFICADO,CONDUCTOR AUSENTE,NO,NO,2
8487,26232,26233,2017,1,0,-0.180103,-78.489285,PICHINCHA,QUITO,QUITO,URBANA,2017-11-30,00:10:00,0,JUEVES,4,NOVIEMBRE,11,NO,NO TRANSITAR POR LAS ACERAS O ZONAS DE SEGURIDAD DESTINADAS PARA EL EFECTO.,ATROPELLOS,AUTOMOVIL,1,0,0,0,0,0,0,0,0,0,0,0,0,1,38,MUJER,LESIONADO,PEATON,NO,NO,0
8488,26233,26234,2017,0,0,-0.187388,-78.479629,PICHINCHA,QUITO,QUITO,URBANA,2017-11-30,00:46:00,0,JUEVES,4,NOVIEMBRE,11,NO,"CONDUCIR EN ESTADO DE SOMNOLENCIA O MALAS CONDICIONES FISICAS (SUENIO, CANSANCIO Y FATIGA).",ESTRELLAMIENTOS,AUTOMOVIL,1,0,0,0,0,0,0,0,0,0,0,0,0,1,-1,NO IDENTIFICADO,NO IDENTIFICADO,CONDUCTOR AUSENTE,NO,NO,2
8489,26234,26235,2017,0,0,-0.308113,-78.561892,PICHINCHA,QUITO,QUITO,URBANA,2017-11-30,02:40:00,2,JUEVES,4,NOVIEMBRE,11,NO,"CONDUCIR EN ESTADO DE SOMNOLENCIA O MALAS CONDICIONES FISICAS (SUENIO, CANSANCIO Y FATIGA).",ESTRELLAMIENTOS,CAMIONETA,0,0,0,0,1,0,0,0,0,0,0,0,0,1,46,HOMBRE,ILESO,CONDUCTOR PRESENTE,NO,NO,0
8490,26240,26241,2017,1,0,-0.138929,-78.493171,PICHINCHA,QUITO,QUITO,URBANA,2017-11-30,06:52:00,6,JUEVES,4,NOVIEMBRE,11,NO,NO CEDER EL DERECHO DE VIA O PREFERENCIA DE PASO AL PEATON.,ATROPELLOS,MOTOCICLETA,0,0,0,0,0,0,0,0,1,0,0,0,0,1,67,MUJER,LESIONADO,PEATON,NO,NO,0
8491,26244,26245,2017,1,0,-0.184855,-78.492951,PICHINCHA,QUITO,QUITO,URBANA,2017-11-30,08:10:00,8,JUEVES,4,NOVIEMBRE,11,NO,NO CEDER EL DERECHO DE VIA O PREFERENCIA DE PASO AL PEATON.,ATROPELLOS,NO IDENTIFICADO,0,0,0,0,0,0,0,0,0,1,0,0,0,1,19,MUJER,LESIONADO,PEATON,NO,NO,0
8492,26247,26248,2017,1,0,-0.208813,-78.501128,PICHINCHA,QUITO,QUITO,URBANA,2017-11-30,08:57:00,8,JUEVES,4,NOVIEMBRE,11,NO,"CONDUCE BAJO LA INFLUENCIA DE ALCOHOL, SUSTANCIAS ESTUPEFACIENTES O PSICOTROPICAS Y/O MEDICAMENTOS.",ATROPELLOS,MOTOCICLETA,0,0,0,0,0,0,0,0,1,0,0,0,0,1,74,MUJER,LESIONADO,PEATON,NO,NO,0
8493,26248,26249,2017,0,0,-0.115222,-78.494481,PICHINCHA,QUITO,QUITO,URBANA,2017-11-30,09:24:00,9,JUEVES,4,NOVIEMBRE,11,NO,NO CEDER EL DERECHO DE VIA O PREFERENCIA DE PASO A VEHICULOS.,CHOQUE LATERAL,AUTOMOVIL,1,0,1,0,0,0,0,0,0,0,0,0,0,2,56,MUJER,ILESO,CONDUCTOR PRESENTE,NO,NO,0
8494,26250,26251,2017,1,0,-0.269971,-78.528031,PICHINCHA,QUITO,QUITO,URBANA,2017-11-30,10:50:00,10,JUEVES,4,NOVIEMBRE,11,NO,NO MANTENER LA DISTANCIA PRUDENCIAL CON RESPECTO AL VEHICULO QUE LE ANTECEDE.,CHOQUE POSTERIOR,BUS,0,0,2,0,0,0,0,0,0,0,0,0,0,2,40,MUJER,LESIONADO,PASAJERO,NO,NO,0
8495,26252,26253,2017,1,0,-0.220673,-78.508895,PICHINCHA,QUITO,QUITO,URBANA,2017-11-30,12:15:00,12,JUEVES,4,NOVIEMBRE,11,NO,NO TRANSITAR POR LAS ACERAS O ZONAS DE SEGURIDAD DESTINADAS PARA EL EFECTO.,ATROPELLOS,CAMIONETA,0,0,0,0,1,0,0,0,0,0,0,0,0,1,1,HOMBRE,LESIONADO,PEATON,NO,NO,0
8496,26253,26254,2017,0,0,-0.170571,-78.478339,PICHINCHA,QUITO,QUITO,URBANA,2017-11-30,13:00:00,13,JUEVES,4,NOVIEMBRE,11,NO,"NO RESPETAR LAS SENIALES REGLAMENTARIAS DE TRANSITO. (PARE, CEDA EL PASO, LUZ ROJA DEL SEMAFORO, ETC).",CHOQUE LATERAL,AUTOMOVIL,2,0,0,0,0,0,0,0,0,0,0,0,0,2,35,HOMBRE,ILESO,CONDUCTOR PRESENTE,NO,NO,0
8497,26257,26258,2017,1,0,-0.107343,-78.492479,PICHINCHA,QUITO,QUITO,URBANA,2017-11-30,14:50:00,14,JUEVES,4,NOVIEMBRE,11,NO,PEATON QUE CRUZA LA CALZADA SIN RESPETAR LA SENIALIZACION EXISTENTE (SEMAFOROS O SENIALES MANUALES).,ARROLLAMIENTOS,AUTOMOVIL,1,0,0,0,0,0,0,0,0,0,0,0,0,1,25,MUJER,LESIONADO,PEATON,NO,NO,0
8498,26258,26259,2017,0,0,-0.172638,-78.472431,PICHINCHA,QUITO,QUITO,URBANA,2017-11-30,15:08:00,15,JUEVES,4,NOVIEMBRE,11,NO,NO GUARDAR LA DISTANCIA LATERAL MINIMA DE SEGURIDAD ENTRE VEHICULOS.,ROZAMIENTOS,VEHICULO DEPORTIVO UTILITARIO,1,0,0,0,0,0,0,0,0,0,0,0,1,2,38,MUJER,ILESO,CONDUCTOR PRESENTE,NO,NO,0
8499,26259,26260,2017,1,0,-0.179696,-78.506368,PICHINCHA,QUITO,QUITO,URBANA,2017-11-30,15:20:00,15,JUEVES,4,NOVIEMBRE,11,NO,CONDUCIR VEHICULO SUPERANDO LOS LIMITES MAXIMOS DE VELOCIDAD.,PERDIDA DE PISTA,NO IDENTIFICADO,0,0,0,0,0,0,0,0,0,1,0,0,0,1,18,MUJER,LESIONADO,PASAJERO,NO,NO,0
8500,26260,26261,2017,0,0,-0.100502,-78.509261,PICHINCHA,QUITO,QUITO,URBANA,2017-11-30,15:40:00,15,JUEVES,4,NOVIEMBRE,11,NO,"CONDUCIR DESATENTO A LAS CONDICIONES DE TRANSITO (CELULAR, PANTALLAS DE VIDEO, COMIDA, MAQUILLAJE O CUALQUIER OTRO ELEMENTO DISTRACTOR).",ESTRELLAMIENTOS,AUTOMOVIL,1,0,0,0,0,0,0,0,0,0,0,0,0,1,-1,NO IDENTIFICADO,NO IDENTIFICADO,CONDUCTOR AUSENTE,NO,NO,2
8501,26263,26264,2017,0,0,-0.199541,-78.488101,PICHINCHA,QUITO,QUITO,URBANA,2017-11-30,16:20:00,16,JUEVES,4,NOVIEMBRE,11,NO,"NO RESPETAR LAS SENIALES REGLAMENTARIAS DE TRANSITO. (PARE, CEDA EL PASO, LUZ ROJA DEL SEMAFORO, ETC).",CHOQUE LATERAL,CAMIONETA,0,0,0,0,1,0,0,0,1,0,0,0,0,2,55,HOMBRE,ILESO,CONDUCTOR PRESENTE,NO,NO,0
8502,26266,26267,2017,0,0,-0.177067,-78.492319,PICHINCHA,QUITO,QUITO,URBANA,2017-11-30,16:45:00,16,JUEVES,4,NOVIEMBRE,11,NO,NO MANTENER LA DISTANCIA PRUDENCIAL CON RESPECTO AL VEHICULO QUE LE ANTECEDE.,CHOQUE POSTERIOR,VEHICULO DEPORTIVO UTILITARIO,0,0,0,0,0,0,0,0,0,0,0,0,2,2,41,MUJER,ILESO,CONDUCTOR PRESENTE,NO,NO,0
8503,26269,26270,2017,1,0,-0.141696,-78.474989,PICHINCHA,QUITO,QUITO,URBANA,2017-11-30,18:00:00,18,JUEVES,4,NOVIEMBRE,11,NO,"NO RESPETAR LAS SENIALES REGLAMENTARIAS DE TRANSITO. (PARE, CEDA EL PASO, LUZ ROJA DEL SEMAFORO, ETC).",CHOQUE LATERAL,AUTOMOVIL,2,0,0,0,0,0,0,0,0,0,0,0,0,2,29,HOMBRE,LESIONADO,CONDUCTOR PRESENTE,NO,NO,0
8504,26273,26274,2017,1,0,-0.133721,-78.497687,PICHINCHA,QUITO,QUITO,URBANA,2017-11-30,19:57:00,19,JUEVES,4,NOVIEMBRE,11,NO,NO CEDER EL DERECHO DE VIA O PREFERENCIA DE PASO AL PEATON.,ATROPELLOS,NO IDENTIFICADO,0,0,0,0,0,0,0,0,0,1,0,0,0,1,30,HOMBRE,LESIONADO,PEATON,NO,NO,0
8505,26274,26275,2017,0,0,-0.305953,-78.470254,PICHINCHA,QUITO,CONOCOTO,RURAL,2017-11-30,20:10:00,20,JUEVES,4,NOVIEMBRE,11,NO,"CONDUCE BAJO LA INFLUENCIA DE ALCOHOL, SUSTANCIAS ESTUPEFACIENTES O PSICOTROPICAS Y/O MEDICAMENTOS.",CHOQUE POSTERIOR,AUTOMOVIL,2,0,0,0,0,0,0,0,0,0,0,0,0,2,31,HOMBRE,ILESO,CONDUCTOR PRESENTE,NO,NO,3
8506,26294,26295,2017,0,0,-0.156778,-78.485165,PICHINCHA,QUITO,QUITO,URBANA,2017-12-01,01:45:00,1,VIERNES,5,DICIEMBRE,12,NO,"CONDUCIR EN ESTADO DE SOMNOLENCIA O MALAS CONDICIONES FISICAS (SUENIO, CANSANCIO Y FATIGA).",ESTRELLAMIENTOS,AUTOMOVIL,1,0,0,0,0,0,0,0,0,0,0,0,0,1,-1,NO IDENTIFICADO,NO IDENTIFICADO,CONDUCTOR AUSENTE,NO,NO,2
8507,26295,26296,2017,0,0,-0.101873,-78.490497,PICHINCHA,QUITO,QUITO,URBANA,2017-12-01,02:30:00,2,VIERNES,5,DICIEMBRE,12,NO,"CONDUCIR EN ESTADO DE SOMNOLENCIA O MALAS CONDICIONES FISICAS (SUENIO, CANSANCIO Y FATIGA).",ESTRELLAMIENTOS,AUTOMOVIL,1,0,0,0,0,0,0,0,0,0,0,0,0,1,35,HOMBRE,ILESO,CONDUCTOR PRESENTE,NO,NO,0
8508,26296,26297,2017,0,0,-0.209795,-78.404284,PICHINCHA,QUITO,TUMBACO,RURAL,2017-12-01,02:50:00,2,VIERNES,5,DICIEMBRE,12,NO,"CONDUCIR EN ESTADO DE SOMNOLENCIA O MALAS CONDICIONES FISICAS (SUENIO, CANSANCIO Y FATIGA).",ESTRELLAMIENTOS,AUTOMOVIL,1,0,0,0,0,0,0,0,0,0,0,0,0,1,44,HOMBRE,ILESO,CONDUCTOR PRESENTE,NO,NO,3
8509,26298,26299,2017,5,0,-0.123984,-78.485867,PICHINCHA,QUITO,QUITO,URBANA,2017-12-01,03:00:00,3,VIERNES,5,DICIEMBRE,12,NO,"CONDUCIR EN ESTADO DE SOMNOLENCIA O MALAS CONDICIONES FISICAS (SUENIO, CANSANCIO Y FATIGA).",ESTRELLAMIENTOS,BUS,1,0,1,0,0,0,0,0,0,0,0,0,0,2,53,HOMBRE,LESIONADO,CONDUCTOR PRESENTE,NO,NO,0
8510,26300,26301,2017,1,0,-0.101371,-78.490719,PICHINCHA,QUITO,QUITO,URBANA,2017-12-01,03:03:00,3,VIERNES,5,DICIEMBRE,12,SI,"CONDUCIR DESATENTO A LAS CONDICIONES DE TRANSITO (CELULAR, PANTALLAS DE VIDEO, COMIDA, MAQUILLAJE O CUALQUIER OTRO ELEMENTO DISTRACTOR).",PERDIDA DE PISTA,AUTOMOVIL,1,0,0,0,0,0,0,0,0,0,0,0,0,1,22,MUJER,LESIONADO,CONDUCTOR PRESENTE,NO,NO,0
8511,26301,26302,2017,1,0,-0.168085,-78.495761,PICHINCHA,QUITO,QUITO,URBANA,2017-12-01,04:20:00,4,VIERNES,5,DICIEMBRE,12,NO,NO MANTENER LA DISTANCIA PRUDENCIAL CON RESPECTO AL VEHICULO QUE LE ANTECEDE.,CHOQUE POSTERIOR,CAMION,0,0,0,1,0,0,0,0,0,0,0,0,0,1,21,HOMBRE,LESIONADO,PASAJERO,NO,NO,0