,Unnamed: 0,ID,ANIO,LESIONADOS,FALLECIDOS,LATITUD_Y,LONGITUD_X,PROVINCIA,CANTON,PARROQUIA,ZONA,FECHA,HORA,PERIODO_2,DIA_1,DIA_2,MES_1,MES_2,FERIADO,CAUSA_PROBABLE,TIPO_DE_SINIESTRO,TIPO_DE_VEHICULO_1,AUTOMOVIL,BICICLETA,BUS,CAMION,CAMIONETA,EMERGENCIAS,ESPECIAL,FURGONETA,MOTOCICLETA,NO_IDENTIFICADO,SCOOTER_ELECTRICO,TRICIMOTO,VEHICULO_DEPORTIVO_UTILITARIO,SUMA_DE_VEHICULOS,EDAD_1,SEXO_1,CONDICION_1,PARTICIPANTE_1,CASCO_1,CINTURON_1,KMeans_Cluster
8512,26303,26304,2017,1,0,-0.104544,-78.423161,PICHINCHA,QUITO,CALDERON (CARAPUNGO),RURAL,2017-12-01,05:30:00,5,VIERNES,5,DICIEMBRE,12,NO,"NO RESPETAR LAS SENIALES REGLAMENTARIAS DE TRANSITO. (PARE, CEDA EL PASO, LUZ ROJA DEL SEMAFORO, ETC).",CHOQUE LATERAL,MOTOCICLETA,0,0,0,0,0,0,0,0,1,0,0,0,0,1,30,HOMBRE,LESIONADO,CONDUCTOR PRESENTE,NO,NO,3
8513,26304,26305,2017,0,0,-0.441321,-78.699624,PICHINCHA,MEJIA,ALOAG,RURAL,2017-12-01,05:40:00,5,VIERNES,5,DICIEMBRE,12,SI,"CONDICIONES AMBIENTALES Y/O ATMOSFERICAS (NIEBLA, NEBLINA, GRANIZO, LLUVIA).",CHOQUE FRONTAL,AUTOMOVIL,2,0,0,0,0,0,0,0,0,0,0,0,0,2,55,HOMBRE,ILESO,CONDUCTOR PRESENTE,NO,NO,3
8514,26306,26307,2017,2,0,-0.222563,-78.513543,PICHINCHA,QUITO,QUITO,URBANA,2017-12-01,05:45:00,5,VIERNES,5,DICIEMBRE,12,NO,"NO RESPETAR LAS SENIALES REGLAMENTARIAS DE TRANSITO. (PARE, CEDA EL PASO, LUZ ROJA DEL SEMAFORO, ETC).",CHOQUE LATERAL,AUTOMOVIL,2,0,0,0,0,0,0,0,0,0,0,0,0,2,43,MUJER,LESIONADO,PASAJERO,NO,NO,0
8515,26307,26308,2017,1,0,-0.093091,-78.479288,PICHINCHA,QUITO,QUITO,URBANA,2017-12-01,05:55:00,5,VIERNES,5,DICIEMBRE,12,NO,NO CEDER EL DERECHO DE VIA O PREFERENCIA DE PASO AL PEATON.,ATROPELLOS,NO IDENTIFICADO,0,0,0,0,0,0,0,0,0,1,0,0,0,1,35,HOMBRE,LESIONADO,PEATON,NO,NO,0
8516,26310,26311,2017,0,0,-0.214703,-78.503339,PICHINCHA,QUITO,QUITO,URBANA,2017-12-01,06:17:00,6,VIERNES,5,DICIEMBRE,12,NO,"CONDUCIR DESATENTO A LAS CONDICIONES DE TRANSITO (CELULAR, PANTALLAS DE VIDEO, COMIDA, MAQUILLAJE O CUALQUIER OTRO ELEMENTO DISTRACTOR).",CHOQUE POSTERIOR,CAMIONETA,0,0,0,0,1,0,0,0,1,0,0,0,0,2,48,HOMBRE,ILESO,CONDUCTOR PRESENTE,NO,NO,0
8517,26311,26312,2017,0,0,-0.090149,-78.403408,PICHINCHA,QUITO,CALDERON (CARAPUNGO),RURAL,2017-12-01,06:20:00,6,VIERNES,5,DICIEMBRE,12,SI,"CONDUCIR DESATENTO A LAS CONDICIONES DE TRANSITO (CELULAR, PANTALLAS DE VIDEO, COMIDA, MAQUILLAJE O CUALQUIER OTRO ELEMENTO DISTRACTOR).",PERDIDA DE PISTA,CAMIONETA,0,0,0,0,1,0,0,0,0,0,0,0,0,1,63,HOMBRE,ILESO,CONDUCTOR PRESENTE,NO,NO,3
8518,26312,26313,2017,0,0,-0.187345,-78.502802,PICHINCHA,QUITO,QUITO,URBANA,2017-12-01,06:25:00,6,VIERNES,5,DICIEMBRE,12,NO,"NO RESPETAR LAS SENIALES REGLAMENTARIAS DE TRANSITO. (PARE, CEDA EL PASO, LUZ ROJA DEL SEMAFORO, ETC).",CHOQUE LATERAL,VEHICULO DEPORTIVO UTILITARIO,1,0,1,0,0,0,0,0,0,0,0,0,1,3,41,HOMBRE,ILESO,CONDUCTOR PRESENTE,NO,NO,0
8519,26314,26315,2017,0,0,-0.202619,-78.438153,PICHINCHA,QUITO,CUMBAYA,RURAL,2017-12-01,06:30:00,6,VIERNES,5,DICIEMBRE,12,NO,NO CEDER EL DERECHO DE VIA O PREFERENCIA DE PASO A VEHICULOS.,CHOQUE LATERAL,CAMION,0,0,0,1,0,0,0,0,0,0,0,0,1,2,41,HOMBRE,ILESO,CONDUCTOR PRESENTE,NO,NO,3
8520,26315,26316,2017,0,0,-0.109235,-78.489061,PICHINCHA,QUITO,QUITO,URBANA,2017-12-01,06:35:00,6,VIERNES,5,DICIEMBRE,12,NO,"NO RESPETAR LAS SENIALES REGLAMENTARIAS DE TRANSITO. (PARE, CEDA EL PASO, LUZ ROJA DEL SEMAFORO, ETC).",CHOQUE LATERAL,AUTOMOVIL,2,0,0,0,0,0,0,0,0,0,0,0,0,2,37,MUJER,ILESO,CONDUCTOR PRESENTE,NO,NO,0
8521,26317,26318,2017,0,0,-0.243993,-78.519465,PICHINCHA,QUITO,QUITO,URBANA,2017-12-01,06:55:00,6,VIERNES,5,DICIEMBRE,12,NO,"NO RESPETAR LAS SENIALES REGLAMENTARIAS DE TRANSITO. (PARE, CEDA EL PASO, LUZ ROJA DEL SEMAFORO, ETC).",CHOQUE LATERAL,AUTOMOVIL,2,0,0,0,0,0,0,0,0,0,0,0,0,2,48,HOMBRE,ILESO,CONDUCTOR PRESENTE,NO,NO,0
8522,26318,26319,2017,0,1,-0.219624,-78.499909,PICHINCHA,QUITO,QUITO,RURAL,2017-12-01,07:00:00,7,VIERNES,5,DICIEMBRE,12,NO,CONDUCIR VEHICULO SUPERANDO LOS LIMITES MAXIMOS DE VELOCIDAD.,VOLCAMIENTOS,ESPECIAL,0,0,0,0,0,0,1,0,0,0,0,0,0,1,56,HOMBRE,FALLECIDO,CONDUCTOR PRESENTE,NO,NO,3
8523,26319,26320,2017,0,0,-0.255295,-78.505611,PICHINCHA,QUITO,QUITO,URBANA,2017-12-01,07:15:00,7,VIERNES,5,DICIEMBRE,12,NO,"NO RESPETAR LAS SENIALES REGLAMENTARIAS DE TRANSITO. (PARE, CEDA EL PASO, LUZ ROJA DEL SEMAFORO, ETC).",CHOQUE LATERAL,AUTOMOVIL,2,0,0,0,0,0,0,0,0,0,0,0,0,2,32,HOMBRE,ILESO,CONDUCTOR PRESENTE,NO,NO,0
8524,26322,26323,2017,2,0,-0.163073,-78.462591,PICHINCHA,QUITO,QUITO,URBANA,2017-12-01,07:50:00,7,VIERNES,5,DICIEMBRE,12,NO,"CONDUCIR DESATENTO A LAS CONDICIONES DE TRANSITO (CELULAR, PANTALLAS DE VIDEO, COMIDA, MAQUILLAJE O CUALQUIER OTRO ELEMENTO DISTRACTOR).",COLISION,AUTOMOVIL,2,0,1,0,0,0,0,1,0,0,0,0,0,4,37,MUJER,LESIONADO,PASAJERO,NO,NO,0
8525,26325,26326,2017,0,0,-0.194191,-78.481992,PICHINCHA,QUITO,QUITO,URBANA,2017-12-01,09:48:00,9,VIERNES,5,DICIEMBRE,12,NO,NO GUARDAR LA DISTANCIA LATERAL MINIMA DE SEGURIDAD ENTRE VEHICULOS.,ROZAMIENTOS,BUS,0,0,1,0,0,0,0,0,0,0,0,0,1,2,42,HOMBRE,ILESO,CONDUCTOR PRESENTE,NO,NO,0
8526,26326,26327,2017,0,0,-0.276157,-78.552913,PICHINCHA,QUITO,QUITO,URBANA,2017-12-01,11:00:00,11,VIERNES,5,DICIEMBRE,12,NO,"CONDUCIR DESATENTO A LAS CONDICIONES DE TRANSITO (CELULAR, PANTALLAS DE VIDEO, COMIDA, MAQUILLAJE O CUALQUIER OTRO ELEMENTO DISTRACTOR).",COLISION,CAMION,0,0,1,1,0,0,0,0,1,0,0,0,0,3,45,HOMBRE,ILESO,CONDUCTOR PRESENTE,NO,NO,0
8527,26328,26329,2017,0,0,-0.179067,-78.491304,PICHINCHA,QUITO,QUITO,URBANA,2017-12-01,11:30:00,11,VIERNES,5,DICIEMBRE,12,NO,"NO RESPETAR LAS SENIALES REGLAMENTARIAS DE TRANSITO. (PARE, CEDA EL PASO, LUZ ROJA DEL SEMAFORO, ETC).",CHOQUE LATERAL,AUTOMOVIL,1,1,0,0,0,0,0,0,0,0,0,0,0,2,38,HOMBRE,ILESO,CONDUCTOR PRESENTE,NO,NO,0
8528,26332,26333,2017,1,0,-0.101181,-78.509721,PICHINCHA,QUITO,QUITO,URBANA,2017-12-01,12:15:00,12,VIERNES,5,DICIEMBRE,12,NO,NO CEDER EL DERECHO DE VIA O PREFERENCIA DE PASO AL PEATON.,ARROLLAMIENTOS,NO IDENTIFICADO,0,0,0,0,0,0,0,0,0,1,0,0,0,1,4,HOMBRE,LESIONADO,PEATON,NO,NO,0
8529,26335,26336,2017,0,0,-0.177431,-78.477857,PICHINCHA,QUITO,QUITO,URBANA,2017-12-01,14:00:00,14,VIERNES,5,DICIEMBRE,12,NO,"NO RESPETAR LAS SENIALES REGLAMENTARIAS DE TRANSITO. (PARE, CEDA EL PASO, LUZ ROJA DEL SEMAFORO, ETC).",CHOQUE LATERAL,FURGONETA,1,0,0,0,0,0,0,1,0,0,0,0,0,2,23,HOMBRE,ILESO,CONDUCTOR PRESENTE,NO,NO,0
8530,26347,26348,2017,0,0,-0.210476,-78.446084,PICHINCHA,QUITO,CUMBAYA,RURAL,2017-12-01,17:30:00,17,VIERNES,5,DICIEMBRE,12,NO,"NO RESPETAR LAS SENIALES REGLAMENTARIAS DE TRANSITO. (PARE, CEDA EL PASO, LUZ ROJA DEL SEMAFORO, ETC).",CHOQUE LATERAL,MOTOCICLETA,1,0,0,0,0,0,0,0,1,0,0,0,0,2,0,NO IDENTIFICADO,NO IDENTIFICADO,CONDUCTOR AUSENTE,NO,NO,2
8531,26349,26350,2017,1,0,-0.175511,-78.488431,PICHINCHA,QUITO,QUITO,URBANA,2017-12-01,17:45:00,17,VIERNES,5,DICIEMBRE,12,NO,PEATON QUE CRUZA LA CALZADA SIN RESPETAR LA SENIALIZACION EXISTENTE (SEMAFOROS O SENIALES MANUALES).,ATROPELLOS,MOTOCICLETA,0,0,0,0,0,0,0,0,1,0,0,0,0,1,38,HOMBRE,LESIONADO,PEATON,NO,NO,0
8532,26350,26351,2017,1,0,-0.263991,-78.487764,PICHINCHA,QUITO,CONOCOTO,RURAL,2017-12-01,18:00:00,18,VIERNES,5,DICIEMBRE,12,NO,NO CEDER EL DERECHO DE VIA O PREFERENCIA DE PASO AL PEATON.,ATROPELLOS,BUS,0,0,1,0,0,0,0,0,0,0,0,0,0,1,73,HOMBRE,LESIONADO,PEATON,NO,NO,3
8533,26351,26352,2017,0,0,-0.241709,-78.522615,PICHINCHA,QUITO,QUITO,URBANA,2017-12-01,18:00:00,18,VIERNES,5,DICIEMBRE,12,NO,NO GUARDAR LA DISTANCIA LATERAL MINIMA DE SEGURIDAD ENTRE VEHICULOS.,ROZAMIENTOS,VEHICULO DEPORTIVO UTILITARIO,0,0,0,1,0,0,0,0,0,0,0,0,1,2,29,MUJER,ILESO,CONDUCTOR PRESENTE,NO,NO,0
8534,26353,26354,2017,1,0,-0.100659,-78.472109,PICHINCHA,QUITO,QUITO,URBANA,2017-12-01,18:25:00,18,VIERNES,5,DICIEMBRE,12,NO,NO TRANSITAR POR LAS ACERAS O ZONAS DE SEGURIDAD DESTINADAS PARA EL EFECTO.,ATROPELLOS,NO IDENTIFICADO,0,0,0,0,0,0,0,0,0,1,0,0,0,1,69,HOMBRE,LESIONADO,PEATON,NO,NO,0
8535,26354,26355,2017,2,0,-0.093579,-78.508575,PICHINCHA,QUITO,QUITO,URBANA,2017-12-01,19:05:00,19,VIERNES,5,DICIEMBRE,12,NO,"CONDUCIR DESATENTO A LAS CONDICIONES DE TRANSITO (CELULAR, PANTALLAS DE VIDEO, COMIDA, MAQUILLAJE O CUALQUIER OTRO ELEMENTO DISTRACTOR).",PERDIDA DE PISTA,NO IDENTIFICADO,0,0,0,0,0,0,0,0,0,1,0,0,0,1,25,HOMBRE,LESIONADO,CONDUCTOR PRESENTE,NO,NO,0
8536,26357,26358,2017,0,0,-0.156998,-78.485084,PICHINCHA,QUITO,QUITO,URBANA,2017-12-01,19:30:00,19,VIERNES,5,DICIEMBRE,12,NO,REALIZAR CAMBIO BRUSCO O INDEBIDO DE CARRIL.,ESTRELLAMIENTOS,VEHICULO DEPORTIVO UTILITARIO,0,0,0,0,0,0,0,0,0,0,0,0,1,1,-1,NO IDENTIFICADO,NO IDENTIFICADO,CONDUCTOR AUSENTE,NO,NO,2
8537,26358,26359,2017,0,0,-0.120424,-78.415686,PICHINCHA,QUITO,CALDERON (CARAPUNGO),RURAL,2017-12-01,19:50:00,19,VIERNES,5,DICIEMBRE,12,NO,NO MANTENER LA DISTANCIA PRUDENCIAL CON RESPECTO AL VEHICULO QUE LE ANTECEDE.,COLISION,CAMIONETA,1,0,0,0,1,0,0,0,0,0,0,0,0,2,54,HOMBRE,ILESO,CONDUCTOR PRESENTE,NO,NO,3
8538,26361,26362,2017,1,0,-0.154132,-78.469639,PICHINCHA,QUITO,QUITO,URBANA,2017-12-01,20:55:00,20,VIERNES,5,DICIEMBRE,12,NO,"PEATON TRANSITA BAJO INFLUENCIA DE ALCOHOL, SUSTANCIAS ESTUPEFACIENTES O PSICOTROPICAS Y/O MEDICAMENTOS.",ATROPELLOS,VEHICULO DEPORTIVO UTILITARIO,0,0,0,0,0,0,0,0,0,0,0,0,1,1,20,HOMBRE,LESIONADO,PEATON,NO,NO,0
8539,26362,26363,2017,0,0,-0.206931,-78.425899,PICHINCHA,QUITO,CUMBAYA,RURAL,2017-12-01,20:55:00,20,VIERNES,5,DICIEMBRE,12,NO,NO MANTENER LA DISTANCIA PRUDENCIAL CON RESPECTO AL VEHICULO QUE LE ANTECEDE.,CHOQUE POSTERIOR,BUS,1,0,1,0,0,0,0,0,0,0,0,0,0,2,26,HOMBRE,ILESO,CONDUCTOR PRESENTE,NO,NO,3
8540,26364,26365,2017,0,0,-0.151955,-78.476471,PICHINCHA,QUITO,QUITO,URBANA,2017-12-01,21:10:00,21,VIERNES,5,DICIEMBRE,12,NO,NO MANTENER LA DISTANCIA PRUDENCIAL CON RESPECTO AL VEHICULO QUE LE ANTECEDE.,COLISION,AUTOMOVIL,1,0,0,0,0,0,0,0,0,0,0,0,0,1,33,HOMBRE,ILESO,CONDUCTOR PRESENTE,NO,NO,0
8541,26365,26366,2017,0,0,-0.213418,-78.454136,PICHINCHA,QUITO,CUMBAYA,RURAL,2017-12-01,21:15:00,21,VIERNES,5,DICIEMBRE,12,NO,"CONDICIONES AMBIENTALES Y/O ATMOSFERICAS (NIEBLA, NEBLINA, GRANIZO, LLUVIA).",VOLCAMIENTOS,VEHICULO DEPORTIVO UTILITARIO,0,0,0,0,0,0,0,0,0,0,0,0,1,1,45,MUJER,ILESO,CONDUCTOR PRESENTE,NO,NO,3
8542,26367,26368,2017,1,0,-0.282706,-78.554325,PICHINCHA,QUITO,QUITO,URBANA,2017-12-01,21:30:00,21,VIERNES,5,DICIEMBRE,12,NO,REALIZAR CAMBIO BRUSCO O INDEBIDO DE CARRIL.,PERDIDA DE PISTA,MOTOCICLETA,0,0,0,0,0,0,0,0,1,0,0,0,0,1,55,HOMBRE,LESIONADO,CONDUCTOR PRESENTE,NO,NO,0
8543,26368,26369,2017,0,0,-0.201311,-78.499601,PICHINCHA,QUITO,QUITO,URBANA,2017-12-01,22:00:00,22,VIERNES,5,DICIEMBRE,12,NO,"CONDUCIR DESATENTO A LAS CONDICIONES DE TRANSITO (CELULAR, PANTALLAS DE VIDEO, COMIDA, MAQUILLAJE O CUALQUIER OTRO ELEMENTO DISTRACTOR).",ATROPELLOS,MOTOCICLETA,0,0,0,0,0,0,0,0,1,0,0,0,0,1,34,HOMBRE,ILESO,CONDUCTOR PRESENTE,NO,NO,0
8544,26370,26371,2017,0,0,-0.280603,-78.564386,PICHINCHA,QUITO,QUITO,URBANA,2017-12-01,22:45:00,22,VIERNES,5,DICIEMBRE,12,NO,"NO RESPETAR LAS SENIALES REGLAMENTARIAS DE TRANSITO. (PARE, CEDA EL PASO, LUZ ROJA DEL SEMAFORO, ETC).",CHOQUE LATERAL,AUTOMOVIL,1,0,0,0,0,0,0,0,0,0,0,0,0,1,28,MUJER,ILESO,CONDUCTOR PRESENTE,NO,NO,0
8545,26390,26391,2017,0,0,-0.243671,-78.485361,PICHINCHA,QUITO,QUITO,URBANA,2017-12-02,00:05:00,0,SABADO,6,DICIEMBRE,12,NO,"CONDUCIR EN ESTADO DE SOMNOLENCIA O MALAS CONDICIONES FISICAS (SUENIO, CANSANCIO Y FATIGA).",ESTRELLAMIENTOS,AUTOMOVIL,1,0,0,0,0,0,0,0,0,0,0,0,0,1,25,HOMBRE,ILESO,CONDUCTOR PRESENTE,NO,NO,0
8546,26391,26392,2017,0,0,-0.100553,-78.574126,PICHINCHA,QUITO,NONO,URBANA,2017-12-02,00:10:00,0,SABADO,6,DICIEMBRE,12,NO,NO MANTENER LA DISTANCIA PRUDENCIAL CON RESPECTO AL VEHICULO QUE LE ANTECEDE.,COLISION,FURGONETA,3,0,0,0,0,0,0,1,0,0,0,0,0,4,33,HOMBRE,ILESO,CONDUCTOR PRESENTE,NO,NO,0
8547,26392,26393,2017,1,0,-0.199784,-78.433965,PICHINCHA,QUITO,CUMBAYA,RURAL,2017-12-02,01:00:00,1,SABADO,6,DICIEMBRE,12,NO,NO TRANSITAR POR LAS ACERAS O ZONAS DE SEGURIDAD DESTINADAS PARA EL EFECTO.,ATROPELLOS,NO IDENTIFICADO,0,0,0,0,0,0,0,0,0,1,0,0,0,1,25,HOMBRE,LESIONADO,PEATON,NO,NO,3
8548,26394,26395,2017,1,0,-0.198145,-78.495947,PICHINCHA,QUITO,QUITO,URBANA,2017-12-02,01:40:00,1,SABADO,6,DICIEMBRE,12,NO,NO CEDER EL DERECHO DE VIA O PREFERENCIA DE PASO AL PEATON.,ATROPELLOS,NO IDENTIFICADO,0,0,0,0,0,0,0,0,0,1,0,0,0,1,27,HOMBRE,LESIONADO,PEATON,NO,NO,0
8549,26395,26396,2017,0,1,-0.272977,-78.529361,PICHINCHA,QUITO,QUITO,URBANA,2017-12-02,01:40:00,1,SABADO,6,DICIEMBRE,12,NO,NO CEDER EL DERECHO DE VIA O PREFERENCIA DE PASO AL PEATON.,ATROPELLOS,NO IDENTIFICADO,0,0,0,0,0,0,0,0,0,1,0,0,0,1,50,HOMBRE,FALLECIDO,PEATON,NO,NO,0
8550,26397,26398,2017,2,0,-0.058714,-78.359141,PICHINCHA,QUITO,GUAYLLABAMBA,RURAL,2017-12-02,01:45:00,1,SABADO,6,DICIEMBRE,12,SI,"CONDUCE BAJO LA INFLUENCIA DE ALCOHOL, SUSTANCIAS ESTUPEFACIENTES O PSICOTROPICAS Y/O MEDICAMENTOS.",VOLCAMIENTOS,MOTOCICLETA,0,0,0,0,0,0,0,0,1,0,0,0,0,1,29,HOMBRE,LESIONADO,PASAJERO,NO,NO,3
8551,26401,26402,2017,0,0,-0.219813,-78.520376,PICHINCHA,QUITO,QUITO,URBANA,2017-12-02,02:00:00,2,SABADO,6,DICIEMBRE,12,NO,NO MANTENER LA DISTANCIA PRUDENCIAL CON RESPECTO AL VEHICULO QUE LE ANTECEDE.,CHOQUE POSTERIOR,AUTOMOVIL,1,0,0,0,0,0,0,0,0,0,0,0,0,1,25,MUJER,ILESO,CONDUCTOR PRESENTE,NO,NO,0
8552,26403,26404,2017,0,0,-0.115548,-78.474521,PICHINCHA,QUITO,QUITO,URBANA,2017-12-02,02:10:00,2,SABADO,6,DICIEMBRE,12,NO,"CONDUCIR EN ESTADO DE SOMNOLENCIA O MALAS CONDICIONES FISICAS (SUENIO, CANSANCIO Y FATIGA).",ESTRELLAMIENTOS,VEHICULO DEPORTIVO UTILITARIO,0,0,0,0,0,0,0,0,0,0,0,0,1,1,-1,NO IDENTIFICADO,NO IDENTIFICADO,CONDUCTOR AUSENTE,NO,NO,2
8553,26407,26408,2017,1,0,-0.181537,-78.481949,PICHINCHA,QUITO,QUITO,URBANA,2017-12-02,02:58:00,2,SABADO,6,DICIEMBRE,12,NO,NO TRANSITAR POR LAS ACERAS O ZONAS DE SEGURIDAD DESTINADAS PARA EL EFECTO.,ATROPELLOS,NO IDENTIFICADO,0,0,0,0,0,0,0,0,0,1,0,0,0,1,24,MUJER,LESIONADO,PEATON,NO,NO,0
8554,26408,26409,2017,0,0,-0.182174,-78.490011,PICHINCHA,QUITO,QUITO,URBANA,2017-12-02,03:00:00,3,SABADO,6,DICIEMBRE,12,NO,CONDUCIR VEHICULO SUPERANDO LOS LIMITES MAXIMOS DE VELOCIDAD.,PERDIDA DE PISTA,AUTOMOVIL,1,0,0,0,0,0,0,0,0,1,0,0,0,2,-1,HOMBRE,ILESO,CONDUCTOR PRESENTE,NO,NO,0
8555,26410,26411,2017,0,0,-0.451931,-78.591833,PICHINCHA,MEJIA,ALOAG,RURAL,2017-12-02,03:00:00,3,SABADO,6,DICIEMBRE,12,SI,"CONDUCIR DESATENTO A LAS CONDICIONES DE TRANSITO (CELULAR, PANTALLAS DE VIDEO, COMIDA, MAQUILLAJE O CUALQUIER OTRO ELEMENTO DISTRACTOR).",CHOQUE FRONTAL,MOTOCICLETA,0,0,0,0,0,0,0,0,1,0,0,0,0,1,26,HOMBRE,ILESO,CONDUCTOR PRESENTE,NO,NO,3
8556,26412,26413,2017,0,0,-0.138561,-78.482436,PICHINCHA,QUITO,QUITO,URBANA,2017-12-02,03:20:00,3,SABADO,6,DICIEMBRE,12,NO,"CONDUCIR EN ESTADO DE SOMNOLENCIA O MALAS CONDICIONES FISICAS (SUENIO, CANSANCIO Y FATIGA).",ESTRELLAMIENTOS,AUTOMOVIL,1,0,0,0,0,0,0,0,0,0,0,0,0,1,-1,NO IDENTIFICADO,NO IDENTIFICADO,CONDUCTOR AUSENTE,NO,NO,2
8557,26413,26414,2017,0,0,-0.190134,-78.454044,PICHINCHA,QUITO,NAYON,URBANA,2017-12-02,03:26:00,3,SABADO,6,DICIEMBRE,12,NO,"CONDUCIR EN ESTADO DE SOMNOLENCIA O MALAS CONDICIONES FISICAS (SUENIO, CANSANCIO Y FATIGA).",ESTRELLAMIENTOS,CAMIONETA,0,0,0,0,1,0,0,0,0,0,0,0,0,1,-1,NO IDENTIFICADO,NO IDENTIFICADO,CONDUCTOR AUSENTE,NO,NO,2
8558,26414,26415,2017,0,0,-0.189551,-78.510824,PICHINCHA,QUITO,QUITO,URBANA,2017-12-02,03:30:00,3,SABADO,6,DICIEMBRE,12,NO,"CONDUCIR EN ESTADO DE SOMNOLENCIA O MALAS CONDICIONES FISICAS (SUENIO, CANSANCIO Y FATIGA).",ESTRELLAMIENTOS,AUTOMOVIL,2,0,0,0,0,0,0,0,0,0,0,0,0,2,-1,NO IDENTIFICADO,NO IDENTIFICADO,CONDUCTOR AUSENTE,NO,NO,2
8559,26416,26417,2017,0,1,-0.462881,-78.569249,PICHINCHA,MEJIA,ALOAG,RURAL,2017-12-02,03:40:00,3,SABADO,6,DICIEMBRE,12,SI,"CONDUCIR DESATENTO A LAS CONDICIONES DE TRANSITO (CELULAR, PANTALLAS DE VIDEO, COMIDA, MAQUILLAJE O CUALQUIER OTRO ELEMENTO DISTRACTOR).",ARROLLAMIENTOS,NO IDENTIFICADO,0,0,0,0,0,0,0,0,0,1,0,0,0,1,36,HOMBRE,FALLECIDO,PEATON,NO,NO,3
8560,26417,26418,2017,1,0,-0.091585,-78.439052,PICHINCHA,QUITO,CALDERON (CARAPUNGO),RURAL,2017-12-02,03:43:00,3,SABADO,6,DICIEMBRE,12,NO,NO CEDER EL DERECHO DE VIA O PREFERENCIA DE PASO A VEHICULOS.,CHOQUE LATERAL,AUTOMOVIL,1,0,0,1,0,0,0,0,0,0,0,0,0,2,29,MUJER,LESIONADO,PASAJERO,NO,NO,3
8561,26418,26419,2017,0,0,-0.220556,-78.393037,PICHINCHA,QUITO,TUMBACO,RURAL,2017-12-02,03:45:00,3,SABADO,6,DICIEMBRE,12,NO,"CONDICIONES AMBIENTALES Y/O ATMOSFERICAS (NIEBLA, NEBLINA, GRANIZO, LLUVIA).",ESTRELLAMIENTOS,CAMION,0,0,0,2,0,0,0,0,0,0,0,0,0,2,52,HOMBRE,ILESO,CONDUCTOR PRESENTE,NO,NO,3
8562,26424,26425,2017,0,0,-0.113663,-78.474506,PICHINCHA,QUITO,QUITO,URBANA,2017-12-02,05:00:00,5,SABADO,6,DICIEMBRE,12,NO,"CONDUCIR EN ESTADO DE SOMNOLENCIA O MALAS CONDICIONES FISICAS (SUENIO, CANSANCIO Y FATIGA).",ESTRELLAMIENTOS,AUTOMOVIL,1,0,0,0,0,0,0,0,0,0,0,0,0,1,49,HOMBRE,ILESO,CONDUCTOR PRESENTE,NO,NO,0
8563,26425,26426,2017,1,0,-0.249508,-78.531694,PICHINCHA,QUITO,QUITO,URBANA,2017-12-02,05:00:00,5,SABADO,6,DICIEMBRE,12,NO,"CONDICIONES AMBIENTALES Y/O ATMOSFERICAS (NIEBLA, NEBLINA, GRANIZO, LLUVIA).",PERDIDA DE PISTA,AUTOMOVIL,1,0,0,0,0,0,0,0,0,0,0,0,0,1,21,HOMBRE,LESIONADO,PASAJERO,NO,NO,0
8564,26426,26427,2017,3,0,-0.242463,-78.482784,PICHINCHA,QUITO,QUITO,URBANA,2017-12-02,05:10:00,5,SABADO,6,DICIEMBRE,12,NO,CONDUCIR VEHICULO SUPERANDO LOS LIMITES MAXIMOS DE VELOCIDAD.,PERDIDA DE PISTA,AUTOMOVIL,1,0,0,0,0,0,0,0,0,0,0,0,1,2,27,MUJER,LESIONADO,CONDUCTOR PRESENTE,NO,NO,0
8565,26427,26428,2017,3,0,-0.203601,-78.483057,PICHINCHA,QUITO,QUITO,URBANA,2017-12-02,05:45:00,5,SABADO,6,DICIEMBRE,12,NO,"NO RESPETAR LAS SENIALES REGLAMENTARIAS DE TRANSITO. (PARE, CEDA EL PASO, LUZ ROJA DEL SEMAFORO, ETC).",CHOQUE LATERAL,AUTOMOVIL,1,0,0,0,0,0,0,0,0,0,0,0,0,1,53,HOMBRE,LESIONADO,CONDUCTOR PRESENTE,NO,NO,0
8566,26428,26429,2017,0,0,-0.121626,-78.493929,PICHINCHA,QUITO,QUITO,URBANA,2017-12-02,06:00:00,6,SABADO,6,DICIEMBRE,12,NO,CONDUCIR VEHICULO SUPERANDO LOS LIMITES MAXIMOS DE VELOCIDAD.,ESTRELLAMIENTOS,AUTOMOVIL,1,0,0,0,0,0,0,0,0,0,0,0,0,1,-1,NO IDENTIFICADO,NO IDENTIFICADO,CONDUCTOR AUSENTE,NO,NO,2
8567,26429,26430,2017,0,0,-0.177348,-78.473569,PICHINCHA,QUITO,QUITO,URBANA,2017-12-02,06:00:00,6,SABADO,6,DICIEMBRE,12,NO,"CONDUCIR DESATENTO A LAS CONDICIONES DE TRANSITO (CELULAR, PANTALLAS DE VIDEO, COMIDA, MAQUILLAJE O CUALQUIER OTRO ELEMENTO DISTRACTOR).",ESTRELLAMIENTOS,AUTOMOVIL,1,0,0,0,0,0,0,0,0,0,0,0,0,1,-1,NO IDENTIFICADO,NO IDENTIFICADO,CONDUCTOR AUSENTE,NO,NO,2
8568,26431,26432,2017,0,0,-0.190613,-78.454618,PICHINCHA,QUITO,QUITO,RURAL,2017-12-02,06:20:00,6,SABADO,6,DICIEMBRE,12,NO,CONDUCIR VEHICULO SUPERANDO LOS LIMITES MAXIMOS DE VELOCIDAD.,PERDIDA DE PISTA,VEHICULO DEPORTIVO UTILITARIO,1,0,0,0,1,0,0,0,0,0,0,0,1,3,31,HOMBRE,ILESO,CONDUCTOR PRESENTE,NO,NO,3