,Unnamed: 0,ID,ANIO,LESIONADOS,FALLECIDOS,LATITUD_Y,LONGITUD_X,PROVINCIA,CANTON,PARROQUIA,ZONA,FECHA,HORA,PERIODO_2,DIA_1,DIA_2,MES_1,MES_2,FERIADO,CAUSA_PROBABLE,TIPO_DE_SINIESTRO,TIPO_DE_VEHICULO_1,AUTOMOVIL,BICICLETA,BUS,CAMION,CAMIONETA,EMERGENCIAS,ESPECIAL,FURGONETA,MOTOCICLETA,NO_IDENTIFICADO,SCOOTER_ELECTRICO,TRICIMOTO,VEHICULO_DEPORTIVO_UTILITARIO,SUMA_DE_VEHICULOS,EDAD_1,SEXO_1,CONDICION_1,PARTICIPANTE_1,CASCO_1,CINTURON_1,KMeans_Cluster
8569,26433,26434,2017,1,0,-0.151724,-78.497913,PICHINCHA,QUITO,QUITO,URBANA,2017-12-02,07:10:00,7,SABADO,6,DICIEMBRE,12,NO,CONDUCIR VEHICULO SUPERANDO LOS LIMITES MAXIMOS DE VELOCIDAD.,PERDIDA DE PISTA,MOTOCICLETA,0,0,0,0,0,0,0,0,1,0,0,0,0,1,26,HOMBRE,LESIONADO,CONDUCTOR PRESENTE,NO,NO,0
8570,26434,26435,2017,0,0,-0.204592,-78.455985,PICHINCHA,QUITO,QUITO,RURAL,2017-12-02,07:10:00,7,SABADO,6,DICIEMBRE,12,NO,CONDUCIR VEHICULO SUPERANDO LOS LIMITES MAXIMOS DE VELOCIDAD.,ESTRELLAMIENTOS,CAMIONETA,0,0,0,0,1,0,0,0,0,0,0,0,0,1,24,HOMBRE,ILESO,CONDUCTOR PRESENTE,NO,NO,3
8571,26436,26437,2017,0,0,-0.279539,-78.580611,PICHINCHA,QUITO,QUITO,URBANA,2017-12-02,08:55:00,8,SABADO,6,DICIEMBRE,12,NO,"NO RESPETAR LAS SENIALES REGLAMENTARIAS DE TRANSITO. (PARE, CEDA EL PASO, LUZ ROJA DEL SEMAFORO, ETC).",CHOQUE LATERAL,AUTOMOVIL,2,0,0,0,0,0,0,0,0,0,0,0,0,2,44,HOMBRE,ILESO,CONDUCTOR PRESENTE,NO,NO,0
8572,26440,26441,2017,0,0,-0.304799,-78.521687,PICHINCHA,QUITO,QUITO,URBANA,2017-12-02,10:10:00,10,SABADO,6,DICIEMBRE,12,NO,NO CEDER EL DERECHO DE VIA O PREFERENCIA DE PASO A VEHICULOS.,CHOQUE LATERAL,BUS,0,0,1,0,0,0,0,0,0,0,0,0,1,2,53,HOMBRE,ILESO,CONDUCTOR PRESENTE,NO,NO,0
8573,26441,26442,2017,0,0,-0.310589,-78.546306,PICHINCHA,QUITO,QUITO,URBANA,2017-12-02,10:30:00,10,SABADO,6,DICIEMBRE,12,NO,REALIZAR CAMBIO BRUSCO O INDEBIDO DE CARRIL.,ESTRELLAMIENTOS,BUS,0,0,2,0,0,0,0,0,0,0,0,0,0,2,37,HOMBRE,ILESO,CONDUCTOR PRESENTE,NO,NO,0
8574,26442,26443,2017,0,0,0.007461,-78.466129,PICHINCHA,QUITO,SAN ANTONIO (QUITO),RURAL,2017-12-02,10:30:00,10,SABADO,6,DICIEMBRE,12,SI,DANIOS MECANICOS PREVISIBLES.,CHOQUE POSTERIOR,NO IDENTIFICADO,0,0,0,0,0,0,0,0,0,1,0,0,0,1,-1,NO IDENTIFICADO,NO IDENTIFICADO,CONDUCTOR AUSENTE,NO,NO,2
8575,26446,26447,2017,1,0,-0.175534,-78.488304,PICHINCHA,QUITO,QUITO,URBANA,2017-12-02,12:28:00,12,SABADO,6,DICIEMBRE,12,NO,"NO RESPETAR LAS SENIALES REGLAMENTARIAS DE TRANSITO. (PARE, CEDA EL PASO, LUZ ROJA DEL SEMAFORO, ETC).",CHOQUE LATERAL,CAMION,0,0,0,1,0,0,0,0,1,0,0,0,0,2,40,HOMBRE,LESIONADO,CONDUCTOR PRESENTE,NO,NO,0
8576,26456,26457,2017,0,0,-0.175341,-78.487491,PICHINCHA,QUITO,QUITO,URBANA,2017-12-02,15:10:00,15,SABADO,6,DICIEMBRE,12,NO,"NO RESPETAR LAS SENIALES REGLAMENTARIAS DE TRANSITO. (PARE, CEDA EL PASO, LUZ ROJA DEL SEMAFORO, ETC).",CHOQUE LATERAL,AUTOMOVIL,2,0,0,0,0,0,0,0,0,0,0,0,0,2,24,HOMBRE,ILESO,CONDUCTOR PRESENTE,NO,NO,0
8577,26458,26459,2017,1,0,-0.208736,-78.495629,PICHINCHA,QUITO,QUITO,URBANA,2017-12-02,15:25:00,15,SABADO,6,DICIEMBRE,12,NO,REALIZAR CAMBIO BRUSCO O INDEBIDO DE CARRIL.,PERDIDA DE PISTA,MOTOCICLETA,0,0,0,0,0,0,0,0,1,0,0,0,0,1,18,HOMBRE,LESIONADO,CONDUCTOR PRESENTE,NO,NO,0
8578,26466,26467,2017,2,0,-0.128701,-78.493882,PICHINCHA,QUITO,QUITO,URBANA,2017-12-02,17:30:00,17,SABADO,6,DICIEMBRE,12,NO,"CONDUCE BAJO LA INFLUENCIA DE ALCOHOL, SUSTANCIAS ESTUPEFACIENTES O PSICOTROPICAS Y/O MEDICAMENTOS.",PERDIDA DE PISTA,AUTOMOVIL,1,0,0,0,0,0,0,0,0,0,0,0,0,1,32,HOMBRE,LESIONADO,CONDUCTOR PRESENTE,NO,NO,0
8579,26468,26469,2017,0,0,-0.108251,-78.461339,PICHINCHA,QUITO,CALDERON (CARAPUNGO),RURAL,2017-12-02,18:10:00,18,SABADO,6,DICIEMBRE,12,NO,CONDUCIR VEHICULO SUPERANDO LOS LIMITES MAXIMOS DE VELOCIDAD.,VOLCAMIENTOS,AUTOMOVIL,1,0,0,0,0,0,0,0,0,0,0,0,0,1,32,HOMBRE,ILESO,CONDUCTOR PRESENTE,NO,NO,3
8580,26469,26470,2017,1,0,-0.202551,-78.438167,PICHINCHA,QUITO,CUMBAYA,URBANA,2017-12-02,18:10:00,18,SABADO,6,DICIEMBRE,12,NO,NO CEDER EL DERECHO DE VIA O PREFERENCIA DE PASO AL PEATON.,ATROPELLOS,AUTOMOVIL,1,0,0,0,0,0,0,0,0,0,0,0,0,1,-1,NO IDENTIFICADO,LESIONADO,CONDUCTOR PRESENTE,NO,NO,2
8581,26471,26472,2017,1,0,-0.346003,-78.437177,PICHINCHA,RUMINIAHUI,SANGOLQUI,URBANA,2017-12-02,18:40:00,18,SABADO,6,DICIEMBRE,12,SI,"CONDUCIR DESATENTO A LAS CONDICIONES DE TRANSITO (CELULAR, PANTALLAS DE VIDEO, COMIDA, MAQUILLAJE O CUALQUIER OTRO ELEMENTO DISTRACTOR).",CHOQUE LATERAL,MOTOCICLETA,0,0,0,0,0,0,0,0,2,0,0,0,0,2,35,HOMBRE,LESIONADO,CONDUCTOR PRESENTE,NO,NO,0
8582,26473,26474,2017,1,0,-0.088884,-78.439915,PICHINCHA,QUITO,CALDERON (CARAPUNGO),RURAL,2017-12-02,19:00:00,19,SABADO,6,DICIEMBRE,12,NO,"CONDUCIR DESATENTO A LAS CONDICIONES DE TRANSITO (CELULAR, PANTALLAS DE VIDEO, COMIDA, MAQUILLAJE O CUALQUIER OTRO ELEMENTO DISTRACTOR).",ATROPELLOS,BUS,0,0,1,0,0,0,0,0,0,0,0,0,1,2,26,HOMBRE,LESIONADO,CONDUCTOR PRESENTE,NO,NO,3
8583,26475,26476,2017,0,0,-0.199767,-78.428809,PICHINCHA,QUITO,CUMBAYA,RURAL,2017-12-02,19:05:00,19,SABADO,6,DICIEMBRE,12,NO,"NO RESPETAR LAS SENIALES REGLAMENTARIAS DE TRANSITO. (PARE, CEDA EL PASO, LUZ ROJA DEL SEMAFORO, ETC).",CHOQUE LATERAL,AUTOMOVIL,1,0,0,0,0,0,0,0,1,0,0,0,0,2,32,HOMBRE,ILESO,CONDUCTOR PRESENTE,NO,NO,3
8584,26476,26477,2017,0,0,-0.169281,-78.476217,PICHINCHA,QUITO,QUITO,URBANA,2017-12-02,19:20:00,19,SABADO,6,DICIEMBRE,12,NO,"CONDUCE BAJO LA INFLUENCIA DE ALCOHOL, SUSTANCIAS ESTUPEFACIENTES O PSICOTROPICAS Y/O MEDICAMENTOS.",CHOQUE LATERAL,VEHICULO DEPORTIVO UTILITARIO,1,0,0,0,0,0,0,0,0,0,0,0,1,2,35,HOMBRE,ILESO,CONDUCTOR PRESENTE,NO,NO,0
8585,26478,26479,2017,1,0,-0.181432,-78.481931,PICHINCHA,QUITO,QUITO,URBANA,2017-12-02,19:50:00,19,SABADO,6,DICIEMBRE,12,NO,PEATON QUE CRUZA LA CALZADA SIN RESPETAR LA SENIALIZACION EXISTENTE (SEMAFOROS O SENIALES MANUALES).,ATROPELLOS,AUTOMOVIL,1,0,0,0,0,0,0,0,0,0,0,0,0,1,28,MUJER,LESIONADO,PEATON,NO,NO,0
8586,26490,26491,2017,1,1,-0.240062,-78.330742,PICHINCHA,QUITO,PIFO,URBANA,2017-12-02,22:40:00,22,SABADO,6,DICIEMBRE,12,SI,"CONDUCIR DESATENTO A LAS CONDICIONES DE TRANSITO (CELULAR, PANTALLAS DE VIDEO, COMIDA, MAQUILLAJE O CUALQUIER OTRO ELEMENTO DISTRACTOR).",PERDIDA DE PISTA,MOTOCICLETA,0,0,0,0,0,0,0,0,1,0,0,0,0,1,25,HOMBRE,FALLECIDO,CONDUCTOR PRESENTE,NO,NO,0
8587,26492,26493,2017,0,0,-0.500346,-78.572411,PICHINCHA,MEJIA,MACHACHI,RURAL,2017-12-02,23:20:00,23,SABADO,6,DICIEMBRE,12,SI,"CONDUCE BAJO LA INFLUENCIA DE ALCOHOL, SUSTANCIAS ESTUPEFACIENTES O PSICOTROPICAS Y/O MEDICAMENTOS.",CHOQUE LATERAL,AUTOMOVIL,2,0,0,0,0,0,0,0,0,0,0,0,0,2,54,HOMBRE,ILESO,CONDUCTOR PRESENTE,NO,NO,3
8588,26495,26496,2017,0,0,-0.232704,-78.524398,PICHINCHA,QUITO,QUITO,URBANA,2017-12-02,23:50:00,23,SABADO,6,DICIEMBRE,12,NO,NO MANTENER LA DISTANCIA PRUDENCIAL CON RESPECTO AL VEHICULO QUE LE ANTECEDE.,CHOQUE POSTERIOR,VEHICULO DEPORTIVO UTILITARIO,1,0,0,0,0,0,0,0,0,0,0,0,1,2,27,HOMBRE,ILESO,CONDUCTOR PRESENTE,NO,NO,0
8589,26521,26522,2017,0,0,-0.238213,-78.484807,PICHINCHA,QUITO,QUITO,RURAL,2017-12-03,00:34:00,0,DOMINGO,7,DICIEMBRE,12,NO,"CONDUCIR EN ESTADO DE SOMNOLENCIA O MALAS CONDICIONES FISICAS (SUENIO, CANSANCIO Y FATIGA).",PERDIDA DE PISTA,VEHICULO DEPORTIVO UTILITARIO,0,0,0,0,0,0,0,0,0,0,0,0,1,1,-1,NO IDENTIFICADO,NO IDENTIFICADO,CONDUCTOR AUSENTE,NO,NO,2
8590,26522,26523,2017,0,0,-0.030951,-78.453029,PICHINCHA,QUITO,SAN ANTONIO (QUITO),URBANA,2017-12-03,01:00:00,1,DOMINGO,7,DICIEMBRE,12,SI,"CONDUCIR DESATENTO A LAS CONDICIONES DE TRANSITO (CELULAR, PANTALLAS DE VIDEO, COMIDA, MAQUILLAJE O CUALQUIER OTRO ELEMENTO DISTRACTOR).",CHOQUE LATERAL,AUTOMOVIL,2,0,0,0,0,0,0,0,0,0,0,0,0,2,24,HOMBRE,ILESO,CONDUCTOR PRESENTE,NO,NO,0
8591,26538,26539,2017,0,0,-0.082424,-78.292772,PICHINCHA,CAYAMBE,ASCAZUBI,RURAL,2017-12-03,04:50:00,4,DOMINGO,7,DICIEMBRE,12,SI,"CONDUCE BAJO LA INFLUENCIA DE ALCOHOL, SUSTANCIAS ESTUPEFACIENTES O PSICOTROPICAS Y/O MEDICAMENTOS.",CHOQUE LATERAL,CAMIONETA,0,0,0,0,2,0,0,0,0,0,0,0,0,2,45,HOMBRE,ILESO,CONDUCTOR PRESENTE,NO,NO,3
8592,26540,26541,2017,0,0,-0.091454,-78.472827,PICHINCHA,QUITO,QUITO,URBANA,2017-12-03,05:00:00,5,DOMINGO,7,DICIEMBRE,12,NO,REALIZAR CAMBIO BRUSCO O INDEBIDO DE CARRIL.,PERDIDA DE PISTA,CAMIONETA,0,0,0,0,1,0,0,0,0,0,0,0,0,1,-1,NO IDENTIFICADO,NO IDENTIFICADO,CONDUCTOR AUSENTE,NO,NO,2
8593,26545,26546,2017,0,0,-0.199767,-78.428809,PICHINCHA,QUITO,CUMBAYA,RURAL,2017-12-03,07:15:00,7,DOMINGO,7,DICIEMBRE,12,NO,"CONDUCE BAJO LA INFLUENCIA DE ALCOHOL, SUSTANCIAS ESTUPEFACIENTES O PSICOTROPICAS Y/O MEDICAMENTOS.",CHOQUE LATERAL,AUTOMOVIL,1,0,0,0,0,0,0,0,0,0,0,0,0,1,-1,HOMBRE,ILESO,CONDUCTOR PRESENTE,NO,SI,3
8594,26547,26548,2017,0,1,-0.196311,-78.512741,PICHINCHA,QUITO,QUITO,URBANA,2017-12-03,07:40:00,7,DOMINGO,7,DICIEMBRE,12,NO,CONDUCIR VEHICULO SUPERANDO LOS LIMITES MAXIMOS DE VELOCIDAD.,ESTRELLAMIENTOS,FURGONETA,0,0,0,0,0,0,0,1,0,0,0,0,0,1,33,HOMBRE,FALLECIDO,PASAJERO,NO,NO,0
8595,26548,26549,2017,2,0,-0.142041,-78.443217,PICHINCHA,QUITO,LLANO CHICO,RURAL,2017-12-03,07:45:00,7,DOMINGO,7,DICIEMBRE,12,NO,CONDUCIR VEHICULO SUPERANDO LOS LIMITES MAXIMOS DE VELOCIDAD.,PERDIDA DE PISTA,AUTOMOVIL,1,0,0,0,0,0,0,0,0,0,0,0,0,1,30,HOMBRE,LESIONADO,PASAJERO,NO,NO,3
8596,26551,26552,2017,1,0,-0.091585,-78.439052,PICHINCHA,QUITO,CALDERON (CARAPUNGO),RURAL,2017-12-03,08:30:00,8,DOMINGO,7,DICIEMBRE,12,NO,NO CEDER EL DERECHO DE VIA O PREFERENCIA DE PASO A VEHICULOS.,CHOQUE LATERAL,CAMIONETA,0,0,0,0,1,0,0,0,0,0,0,0,0,1,20,MUJER,LESIONADO,PEATON,NO,NO,3
8597,26552,26553,2017,0,1,0.018328,-78.162352,PICHINCHA,CAYAMBE,CAYAMBE,URBANA,2017-12-03,08:30:00,8,DOMINGO,7,DICIEMBRE,12,SI,NO TRANSITAR POR LAS ACERAS O ZONAS DE SEGURIDAD DESTINADAS PARA EL EFECTO.,ATROPELLOS,CAMIONETA,0,0,0,0,1,0,0,0,1,0,0,0,0,2,67,HOMBRE,FALLECIDO,CONDUCTOR PRESENTE,NO,NO,0
8598,26554,26555,2017,1,0,-0.064334,-78.429354,PICHINCHA,QUITO,CALDERON (CARAPUNGO),RURAL,2017-12-03,09:29:00,9,DOMINGO,7,DICIEMBRE,12,NO,"CONDUCE BAJO LA INFLUENCIA DE ALCOHOL, SUSTANCIAS ESTUPEFACIENTES O PSICOTROPICAS Y/O MEDICAMENTOS.",CHOQUE LATERAL,MOTOCICLETA,1,0,0,0,0,0,0,0,1,0,0,0,0,2,26,HOMBRE,LESIONADO,CONDUCTOR PRESENTE,NO,NO,3
8599,26556,26557,2017,0,0,-0.219469,-78.506959,PICHINCHA,QUITO,QUITO,URBANA,2017-12-03,11:01:00,11,DOMINGO,7,DICIEMBRE,12,NO,NO MANTENER LA DISTANCIA PRUDENCIAL CON RESPECTO AL VEHICULO QUE LE ANTECEDE.,CHOQUE POSTERIOR,VEHICULO DEPORTIVO UTILITARIO,1,0,0,0,0,0,0,0,0,0,0,0,1,2,24,HOMBRE,ILESO,CONDUCTOR PRESENTE,NO,NO,0
8600,26557,26558,2017,1,0,-0.080777,-78.417913,PICHINCHA,QUITO,CALDERON (CARAPUNGO),RURAL,2017-12-03,11:05:00,11,DOMINGO,7,DICIEMBRE,12,NO,"PEATON TRANSITA BAJO INFLUENCIA DE ALCOHOL, SUSTANCIAS ESTUPEFACIENTES O PSICOTROPICAS Y/O MEDICAMENTOS.",ATROPELLOS,AUTOMOVIL,1,0,0,0,1,0,0,0,0,0,0,0,0,2,37,HOMBRE,LESIONADO,CONDUCTOR PRESENTE,NO,NO,3
8601,26560,26561,2017,2,0,-0.263535,-78.541083,PICHINCHA,QUITO,QUITO,URBANA,2017-12-03,11:25:00,11,DOMINGO,7,DICIEMBRE,12,NO,REALIZAR CAMBIO BRUSCO O INDEBIDO DE CARRIL.,ESTRELLAMIENTOS,MOTOCICLETA,1,0,0,0,0,0,0,0,1,0,0,0,0,2,21,HOMBRE,LESIONADO,CONDUCTOR PRESENTE,NO,NO,0
8602,26561,26562,2017,1,0,-0.128191,-78.464541,PICHINCHA,QUITO,QUITO,URBANA,2017-12-03,11:40:00,11,DOMINGO,7,DICIEMBRE,12,NO,NO CEDER EL DERECHO DE VIA O PREFERENCIA DE PASO AL PEATON.,ATROPELLOS,AUTOMOVIL,1,0,0,0,0,0,0,0,0,0,0,0,0,1,37,MUJER,LESIONADO,PEATON,NO,NO,0
8603,26562,26563,2017,1,0,-0.172251,-78.490146,PICHINCHA,QUITO,QUITO,URBANA,2017-12-03,12:00:00,12,DOMINGO,7,DICIEMBRE,12,NO,CONDUCIR VEHICULO SUPERANDO LOS LIMITES MAXIMOS DE VELOCIDAD.,PERDIDA DE PISTA,MOTOCICLETA,0,0,0,0,0,0,0,0,1,0,0,0,0,1,24,MUJER,LESIONADO,PASAJERO,NO,NO,0
8604,26563,26564,2017,0,0,-0.239541,-78.512481,PICHINCHA,QUITO,QUITO,URBANA,2017-12-03,12:10:00,12,DOMINGO,7,DICIEMBRE,12,NO,NO GUARDAR LA DISTANCIA LATERAL MINIMA DE SEGURIDAD ENTRE VEHICULOS.,ROZAMIENTOS,AUTOMOVIL,2,0,0,0,0,0,0,0,0,0,0,0,0,2,35,HOMBRE,ILESO,CONDUCTOR PRESENTE,NO,NO,0
8605,26564,26565,2017,1,0,-0.273309,-78.568203,PICHINCHA,QUITO,QUITO,URBANA,2017-12-03,12:40:00,12,DOMINGO,7,DICIEMBRE,12,NO,NO CEDER EL DERECHO DE VIA O PREFERENCIA DE PASO AL PEATON.,ATROPELLOS,NO IDENTIFICADO,0,0,0,0,0,0,0,0,0,1,0,0,0,1,15,HOMBRE,LESIONADO,PEATON,NO,NO,0
8606,26567,26568,2017,0,0,-0.205371,-78.487855,PICHINCHA,QUITO,QUITO,URBANA,2017-12-03,13:43:00,13,DOMINGO,7,DICIEMBRE,12,NO,"NO RESPETAR LAS SENIALES REGLAMENTARIAS DE TRANSITO. (PARE, CEDA EL PASO, LUZ ROJA DEL SEMAFORO, ETC).",CHOQUE LATERAL,VEHICULO DEPORTIVO UTILITARIO,1,0,0,0,0,0,0,0,0,0,0,0,1,2,35,HOMBRE,ILESO,CONDUCTOR PRESENTE,NO,NO,0
8607,26568,26569,2017,0,0,-0.131612,-78.487066,PICHINCHA,QUITO,QUITO,URBANA,2017-12-03,14:00:00,14,DOMINGO,7,DICIEMBRE,12,NO,REALIZAR CAMBIO BRUSCO O INDEBIDO DE CARRIL.,ESTRELLAMIENTOS,VEHICULO DEPORTIVO UTILITARIO,1,0,0,0,0,0,0,0,0,0,0,0,1,2,43,HOMBRE,ILESO,CONDUCTOR PRESENTE,NO,NO,0
8608,26573,26574,2017,2,1,-0.206523,-78.512161,PICHINCHA,QUITO,QUITO,URBANA,2017-12-03,17:20:00,17,DOMINGO,7,DICIEMBRE,12,NO,CONDUCIR VEHICULO SUPERANDO LOS LIMITES MAXIMOS DE VELOCIDAD.,ESTRELLAMIENTOS,AUTOMOVIL,2,0,0,0,0,0,0,0,0,0,0,0,0,2,91,HOMBRE,FALLECIDO,PASAJERO,NO,NO,0
8609,26575,26576,2017,0,0,-0.107832,-78.298701,PICHINCHA,QUITO,EL QUINCHE,RURAL,2017-12-03,17:30:00,17,DOMINGO,7,DICIEMBRE,12,SI,"CONDUCIR DESATENTO A LAS CONDICIONES DE TRANSITO (CELULAR, PANTALLAS DE VIDEO, COMIDA, MAQUILLAJE O CUALQUIER OTRO ELEMENTO DISTRACTOR).",PERDIDA DE PISTA,AUTOMOVIL,1,0,0,0,0,0,0,0,0,0,0,0,0,1,-1,HOMBRE,ILESO,CONDUCTOR PRESENTE,NO,NO,3
8610,26578,26579,2017,1,0,-0.327284,-78.550355,PICHINCHA,QUITO,QUITO,URBANA,2017-12-03,18:40:00,18,DOMINGO,7,DICIEMBRE,12,NO,NO CEDER EL DERECHO DE VIA O PREFERENCIA DE PASO AL PEATON.,ATROPELLOS,NO IDENTIFICADO,0,0,0,0,0,0,0,0,0,1,0,0,0,1,13,MUJER,LESIONADO,PEATON,NO,NO,0
8611,26579,26580,2017,1,0,-0.091585,-78.439052,PICHINCHA,QUITO,CALDERON (CARAPUNGO),RURAL,2017-12-03,18:55:00,18,DOMINGO,7,DICIEMBRE,12,NO,"NO RESPETAR LAS SENIALES REGLAMENTARIAS DE TRANSITO. (PARE, CEDA EL PASO, LUZ ROJA DEL SEMAFORO, ETC).",CHOQUE LATERAL,MOTOCICLETA,1,0,0,0,0,0,0,0,1,0,0,0,0,2,38,HOMBRE,LESIONADO,CONDUCTOR PRESENTE,NO,NO,3
8612,26580,26581,2017,1,0,-0.204802,-78.376946,PICHINCHA,QUITO,TUMBACO,RURAL,2017-12-03,19:10:00,19,DOMINGO,7,DICIEMBRE,12,NO,"CONDUCIR DESATENTO A LAS CONDICIONES DE TRANSITO (CELULAR, PANTALLAS DE VIDEO, COMIDA, MAQUILLAJE O CUALQUIER OTRO ELEMENTO DISTRACTOR).",PERDIDA DE PISTA,BICICLETA,0,1,0,0,0,0,0,0,0,0,0,0,0,1,69,HOMBRE,LESIONADO,CONDUCTOR PRESENTE,NO,NO,3
8613,26581,26582,2017,0,0,-0.254229,-78.530881,PICHINCHA,QUITO,QUITO,URBANA,2017-12-03,19:15:00,19,DOMINGO,7,DICIEMBRE,12,NO,"NO RESPETAR LAS SENIALES REGLAMENTARIAS DE TRANSITO. (PARE, CEDA EL PASO, LUZ ROJA DEL SEMAFORO, ETC).",CHOQUE LATERAL,VEHICULO DEPORTIVO UTILITARIO,1,0,0,0,0,0,0,0,0,0,0,0,1,2,80,HOMBRE,ILESO,CONDUCTOR PRESENTE,NO,NO,0
8614,26582,26583,2017,0,1,0.046041,-78.208431,PICHINCHA,PEDRO MONCAYO,TABACUNDO,URBANA,2017-12-03,19:20:00,19,DOMINGO,7,DICIEMBRE,12,SI,"CONDUCIR DESATENTO A LAS CONDICIONES DE TRANSITO (CELULAR, PANTALLAS DE VIDEO, COMIDA, MAQUILLAJE O CUALQUIER OTRO ELEMENTO DISTRACTOR).",ATROPELLOS,CAMIONETA,0,0,0,0,1,0,0,0,0,0,0,0,0,1,31,HOMBRE,FALLECIDO,PEATON,NO,NO,0
8615,26585,26586,2017,2,0,-0.252032,-78.534151,PICHINCHA,QUITO,QUITO,URBANA,2017-12-03,20:00:00,20,DOMINGO,7,DICIEMBRE,12,NO,CONDUCIR EN SENTIDO CONTRARIO A LA VIA NORMAL DE CIRCULACION.,CHOQUE FRONTAL,VEHICULO DEPORTIVO UTILITARIO,0,0,0,0,0,0,0,0,0,0,0,0,2,2,26,MUJER,LESIONADO,PEATON,NO,NO,0
8616,26588,26589,2017,1,0,-0.073818,-78.575584,PICHINCHA,QUITO,NONO,RURAL,2017-12-03,20:30:00,20,DOMINGO,7,DICIEMBRE,12,NO,"CONDICIONES AMBIENTALES Y/O ATMOSFERICAS (NIEBLA, NEBLINA, GRANIZO, LLUVIA).",ESTRELLAMIENTOS,NO IDENTIFICADO,0,0,0,0,0,0,0,0,0,1,0,0,0,1,18,HOMBRE,LESIONADO,PASAJERO,NO,NO,3
8617,26590,26591,2017,0,0,-0.268701,-78.540032,PICHINCHA,QUITO,QUITO,URBANA,2017-12-03,22:00:00,22,DOMINGO,7,DICIEMBRE,12,NO,"CONDUCIR DESATENTO A LAS CONDICIONES DE TRANSITO (CELULAR, PANTALLAS DE VIDEO, COMIDA, MAQUILLAJE O CUALQUIER OTRO ELEMENTO DISTRACTOR).",ESTRELLAMIENTOS,AUTOMOVIL,2,0,0,0,0,0,0,0,0,0,0,0,0,2,30,HOMBRE,ILESO,CONDUCTOR PRESENTE,NO,NO,0
8618,26614,26615,2017,1,0,-0.175721,-78.486831,PICHINCHA,QUITO,QUITO,URBANA,2017-12-04,00:30:00,0,LUNES,1,DICIEMBRE,12,NO,"NO RESPETAR LAS SENIALES REGLAMENTARIAS DE TRANSITO. (PARE, CEDA EL PASO, LUZ ROJA DEL SEMAFORO, ETC).",CHOQUE LATERAL,AUTOMOVIL,1,0,0,0,0,0,0,0,0,0,0,0,0,1,55,MUJER,LESIONADO,CONDUCTOR PRESENTE,NO,NO,0
8619,26615,26616,2017,1,0,-0.083788,-78.477756,PICHINCHA,QUITO,QUITO,RURAL,2017-12-04,01:00:00,1,LUNES,1,DICIEMBRE,12,NO,NO CEDER EL DERECHO DE VIA O PREFERENCIA DE PASO AL PEATON.,ATROPELLOS,AUTOMOVIL,1,0,0,0,0,0,0,0,0,0,0,0,0,1,19,MUJER,LESIONADO,PEATON,NO,NO,3
8620,26616,26617,2017,1,0,-0.389482,-78.534635,PICHINCHA,MEJIA,UYUMBICHO,RURAL,2017-12-04,02:30:00,2,LUNES,1,DICIEMBRE,12,SI,"CONDUCIR DESATENTO A LAS CONDICIONES DE TRANSITO (CELULAR, PANTALLAS DE VIDEO, COMIDA, MAQUILLAJE O CUALQUIER OTRO ELEMENTO DISTRACTOR).",CHOQUE FRONTAL,AUTOMOVIL,2,0,0,0,0,0,0,0,0,0,0,0,0,2,24,HOMBRE,LESIONADO,CONDUCTOR PRESENTE,NO,NO,3
8621,26618,26619,2017,0,0,-0.093287,-78.476301,PICHINCHA,QUITO,QUITO,URBANA,2017-12-04,05:30:00,5,LUNES,1,DICIEMBRE,12,NO,"CONDUCIR EN ESTADO DE SOMNOLENCIA O MALAS CONDICIONES FISICAS (SUENIO, CANSANCIO Y FATIGA).",ESTRELLAMIENTOS,VEHICULO DEPORTIVO UTILITARIO,0,0,0,0,0,0,0,0,0,0,0,0,1,1,35,HOMBRE,ILESO,CONDUCTOR PRESENTE,NO,NO,0
8622,26619,26620,2017,0,0,-0.254271,-78.531238,PICHINCHA,QUITO,QUITO,URBANA,2017-12-04,06:00:00,6,LUNES,1,DICIEMBRE,12,NO,NO GUARDAR LA DISTANCIA LATERAL MINIMA DE SEGURIDAD ENTRE VEHICULOS.,ROZAMIENTOS,BUS,0,0,1,0,1,0,0,0,0,0,0,0,0,2,48,HOMBRE,ILESO,CONDUCTOR PRESENTE,NO,NO,0
8623,26620,26621,2017,0,0,-0.116011,-78.479444,PICHINCHA,QUITO,QUITO,URBANA,2017-12-04,07:15:00,7,LUNES,1,DICIEMBRE,12,NO,"CONDUCIR DESATENTO A LAS CONDICIONES DE TRANSITO (CELULAR, PANTALLAS DE VIDEO, COMIDA, MAQUILLAJE O CUALQUIER OTRO ELEMENTO DISTRACTOR).",ESTRELLAMIENTOS,CAMION,0,0,0,1,0,0,0,0,0,0,0,0,0,1,37,HOMBRE,ILESO,CONDUCTOR PRESENTE,NO,NO,0
8624,26621,26622,2017,0,0,-0.298278,-78.567719,PICHINCHA,QUITO,QUITO,URBANA,2017-12-04,07:56:00,7,LUNES,1,DICIEMBRE,12,NO,"CONDUCE BAJO LA INFLUENCIA DE ALCOHOL, SUSTANCIAS ESTUPEFACIENTES O PSICOTROPICAS Y/O MEDICAMENTOS.",CHOQUE LATERAL,AUTOMOVIL,1,0,0,0,0,0,0,1,0,0,0,0,0,2,24,HOMBRE,ILESO,CONDUCTOR PRESENTE,NO,NO,0