,Unnamed: 0,ID,ANIO,LESIONADOS,FALLECIDOS,LATITUD_Y,LONGITUD_X,PROVINCIA,CANTON,PARROQUIA,ZONA,FECHA,HORA,PERIODO_2,DIA_1,DIA_2,MES_1,MES_2,FERIADO,CAUSA_PROBABLE,TIPO_DE_SINIESTRO,TIPO_DE_VEHICULO_1,AUTOMOVIL,BICICLETA,BUS,CAMION,CAMIONETA,EMERGENCIAS,ESPECIAL,FURGONETA,MOTOCICLETA,NO_IDENTIFICADO,SCOOTER_ELECTRICO,TRICIMOTO,VEHICULO_DEPORTIVO_UTILITARIO,SUMA_DE_VEHICULOS,EDAD_1,SEXO_1,CONDICION_1,PARTICIPANTE_1,CASCO_1,CINTURON_1,KMeans_Cluster
8737,26895,26896,2017,0,0,-0.197165,-78.497956,PICHINCHA,QUITO,QUITO,URBANA,2017-12-07,13:50:00,13,JUEVES,4,DICIEMBRE,12,NO,NO GUARDAR LA DISTANCIA LATERAL MINIMA DE SEGURIDAD ENTRE VEHICULOS.,ROZAMIENTOS,BUS,0,0,1,0,0,0,0,0,0,0,0,0,1,2,38,HOMBRE,ILESO,CONDUCTOR PRESENTE,NO,NO,0
8738,26896,26897,2017,0,0,-0.221176,-78.520687,PICHINCHA,QUITO,QUITO,URBANA,2017-12-07,14:10:00,14,JUEVES,4,DICIEMBRE,12,NO,"CONDUCE BAJO LA INFLUENCIA DE ALCOHOL, SUSTANCIAS ESTUPEFACIENTES O PSICOTROPICAS Y/O MEDICAMENTOS.",CHOQUE POSTERIOR,CAMIONETA,0,0,0,0,1,0,0,1,0,0,0,0,0,2,55,HOMBRE,ILESO,CONDUCTOR PRESENTE,NO,NO,0
8739,26897,26898,2017,0,0,-0.222501,-78.523833,PICHINCHA,QUITO,QUITO,URBANA,2017-12-07,14:50:00,14,JUEVES,4,DICIEMBRE,12,NO,NO TRANSITAR POR LAS ACERAS O ZONAS DE SEGURIDAD DESTINADAS PARA EL EFECTO.,ATROPELLOS,CAMIONETA,0,0,0,0,1,0,0,0,0,0,0,0,0,1,33,HOMBRE,ILESO,CONDUCTOR PRESENTE,NO,NO,0
8740,26900,26901,2017,1,0,-0.276932,-78.542314,PICHINCHA,QUITO,QUITO,URBANA,2017-12-07,16:08:00,16,JUEVES,4,DICIEMBRE,12,NO,NO CEDER EL DERECHO DE VIA O PREFERENCIA DE PASO AL PEATON.,ATROPELLOS,NO IDENTIFICADO,0,0,0,0,0,0,0,0,0,1,0,0,0,1,45,MUJER,LESIONADO,PEATON,NO,NO,0
8741,26906,26907,2017,1,0,-0.291131,-78.524158,PICHINCHA,QUITO,QUITO,URBANA,2017-12-07,18:00:00,18,JUEVES,4,DICIEMBRE,12,NO,CONDUCIR VEHICULO SUPERANDO LOS LIMITES MAXIMOS DE VELOCIDAD.,ESTRELLAMIENTOS,VEHICULO DEPORTIVO UTILITARIO,0,0,0,0,0,0,0,0,0,0,0,0,1,1,20,HOMBRE,LESIONADO,CONDUCTOR PRESENTE,NO,NO,0
8742,26909,26910,2017,1,0,-0.279841,-78.560151,PICHINCHA,QUITO,QUITO,URBANA,2017-12-07,18:40:00,18,JUEVES,4,DICIEMBRE,12,NO,NO TRANSITAR POR LAS ACERAS O ZONAS DE SEGURIDAD DESTINADAS PARA EL EFECTO.,ATROPELLOS,MOTOCICLETA,0,0,0,0,0,0,0,0,1,0,0,0,0,1,72,HOMBRE,LESIONADO,PEATON,NO,NO,0
8743,26910,26911,2017,0,0,-0.211122,-78.482781,PICHINCHA,QUITO,QUITO,URBANA,2017-12-07,18:40:00,18,JUEVES,4,DICIEMBRE,12,NO,"CONDUCIR DESATENTO A LAS CONDICIONES DE TRANSITO (CELULAR, PANTALLAS DE VIDEO, COMIDA, MAQUILLAJE O CUALQUIER OTRO ELEMENTO DISTRACTOR).",CHOQUE POSTERIOR,VEHICULO DEPORTIVO UTILITARIO,0,0,1,0,0,0,0,0,0,0,0,0,1,2,33,HOMBRE,ILESO,CONDUCTOR PRESENTE,NO,NO,0
8744,26911,26912,2017,1,0,-0.318942,-78.563439,PICHINCHA,QUITO,QUITO,URBANA,2017-12-07,18:50:00,18,JUEVES,4,DICIEMBRE,12,NO,NO CEDER EL DERECHO DE VIA O PREFERENCIA DE PASO AL PEATON.,ATROPELLOS,NO IDENTIFICADO,0,0,0,0,0,0,0,0,0,1,0,0,0,1,24,MUJER,LESIONADO,PEATON,NO,NO,0
8745,26913,26914,2017,1,0,-0.148696,-78.454794,PICHINCHA,QUITO,QUITO,URBANA,2017-12-07,19:30:00,19,JUEVES,4,DICIEMBRE,12,NO,NO CEDER EL DERECHO DE VIA O PREFERENCIA DE PASO AL PEATON.,ATROPELLOS,NO IDENTIFICADO,0,0,0,0,0,0,0,0,0,1,0,0,0,1,7,HOMBRE,LESIONADO,PEATON,NO,NO,0
8746,26914,26915,2017,1,0,-0.100042,-78.422715,PICHINCHA,QUITO,CALDERON (CARAPUNGO),URBANA,2017-12-07,19:30:00,19,JUEVES,4,DICIEMBRE,12,NO,NO CEDER EL DERECHO DE VIA O PREFERENCIA DE PASO AL PEATON.,ATROPELLOS,MOTOCICLETA,0,0,0,0,0,0,0,0,1,0,0,0,0,1,13,MUJER,LESIONADO,PEATON,NO,NO,0
8747,26915,26916,2017,0,0,-0.107553,-78.490981,PICHINCHA,QUITO,QUITO,URBANA,2017-12-07,19:40:00,19,JUEVES,4,DICIEMBRE,12,NO,"NO RESPETAR LAS SENIALES REGLAMENTARIAS DE TRANSITO. (PARE, CEDA EL PASO, LUZ ROJA DEL SEMAFORO, ETC).",CHOQUE LATERAL,AUTOMOVIL,1,0,0,0,0,0,0,0,0,0,0,0,0,1,59,MUJER,ILESO,PEATON,NO,NO,0
8748,26917,26918,2017,1,0,-0.273933,-78.564355,PICHINCHA,QUITO,QUITO,URBANA,2017-12-07,19:50:00,19,JUEVES,4,DICIEMBRE,12,NO,BAJARSE O SUBIRSE DE VEHICULOS EN MOVIMIENTO SIN TOMAR LAS PRECAUCIONES DEBIDAS.,CAIDA DE PASAJERO,NO IDENTIFICADO,0,0,0,0,0,0,0,0,0,1,0,0,0,1,22,HOMBRE,LESIONADO,PASAJERO,NO,NO,0
8749,26919,26920,2017,0,0,-0.237663,-78.484539,PICHINCHA,QUITO,QUITO,URBANA,2017-12-07,20:15:00,20,JUEVES,4,DICIEMBRE,12,NO,NO GUARDAR LA DISTANCIA LATERAL MINIMA DE SEGURIDAD ENTRE VEHICULOS.,ROZAMIENTOS,AUTOMOVIL,1,0,0,0,0,0,0,1,0,0,0,0,0,2,23,HOMBRE,ILESO,CONDUCTOR PRESENTE,NO,NO,0
8750,26922,26923,2017,1,1,-0.281792,-78.534407,PICHINCHA,QUITO,QUITO,URBANA,2017-12-07,21:30:00,21,JUEVES,4,DICIEMBRE,12,NO,CONDUCIR VEHICULO SUPERANDO LOS LIMITES MAXIMOS DE VELOCIDAD.,ESTRELLAMIENTOS,MOTOCICLETA,1,0,0,0,0,0,0,0,1,0,0,0,0,2,22,HOMBRE,FALLECIDO,PASAJERO,NO,NO,0
8751,26923,26924,2017,0,0,-0.212824,-78.402686,PICHINCHA,QUITO,TUMBACO,RURAL,2017-12-07,22:00:00,22,JUEVES,4,DICIEMBRE,12,NO,"CONDUCE BAJO LA INFLUENCIA DE ALCOHOL, SUSTANCIAS ESTUPEFACIENTES O PSICOTROPICAS Y/O MEDICAMENTOS.",CHOQUE POSTERIOR,AUTOMOVIL,1,0,0,0,0,0,0,0,0,0,0,0,1,2,42,HOMBRE,ILESO,CONDUCTOR PRESENTE,NO,NO,3
8752,26924,26925,2017,0,0,-0.159772,-78.487867,PICHINCHA,QUITO,QUITO,URBANA,2017-12-07,22:15:00,22,JUEVES,4,DICIEMBRE,12,NO,"NO RESPETAR LAS SENIALES REGLAMENTARIAS DE TRANSITO. (PARE, CEDA EL PASO, LUZ ROJA DEL SEMAFORO, ETC).",CHOQUE LATERAL,CAMION,0,0,0,1,0,0,0,0,1,0,0,0,0,2,39,HOMBRE,ILESO,CONDUCTOR PRESENTE,NO,NO,0
8753,26951,26952,2017,0,0,-0.021318,-78.330868,PICHINCHA,PEDRO MONCAYO,TOCACHI,RURAL,2017-12-08,01:45:00,1,VIERNES,5,DICIEMBRE,12,SI,"CONDUCIR DESATENTO A LAS CONDICIONES DE TRANSITO (CELULAR, PANTALLAS DE VIDEO, COMIDA, MAQUILLAJE O CUALQUIER OTRO ELEMENTO DISTRACTOR).",ESTRELLAMIENTOS,AUTOMOVIL,1,0,0,0,0,0,0,0,0,0,0,0,0,1,-1,NO IDENTIFICADO,NO IDENTIFICADO,CONDUCTOR AUSENTE,NO,NO,2
8754,26952,26953,2017,0,0,-0.164331,-78.483418,PICHINCHA,QUITO,QUITO,URBANA,2017-12-08,02:00:00,2,VIERNES,5,DICIEMBRE,12,NO,"CONDUCIR EN ESTADO DE SOMNOLENCIA O MALAS CONDICIONES FISICAS (SUENIO, CANSANCIO Y FATIGA).",CHOQUE POSTERIOR,AUTOMOVIL,2,0,0,0,0,0,0,0,0,0,0,0,0,2,35,HOMBRE,ILESO,CONDUCTOR PRESENTE,NO,NO,0
8755,26954,26955,2017,0,0,-0.264263,-78.550014,PICHINCHA,QUITO,QUITO,URBANA,2017-12-08,04:00:00,4,VIERNES,5,DICIEMBRE,12,NO,"CONDUCIR EN ESTADO DE SOMNOLENCIA O MALAS CONDICIONES FISICAS (SUENIO, CANSANCIO Y FATIGA).",ESTRELLAMIENTOS,AUTOMOVIL,1,0,0,0,0,0,0,0,0,0,0,0,0,1,23,HOMBRE,ILESO,CONDUCTOR PRESENTE,NO,NO,0
8756,26955,26956,2017,0,0,-0.096771,-78.444357,PICHINCHA,QUITO,CALDERON (CARAPUNGO),RURAL,2017-12-08,04:40:00,4,VIERNES,5,DICIEMBRE,12,NO,"CONDUCIR EN ESTADO DE SOMNOLENCIA O MALAS CONDICIONES FISICAS (SUENIO, CANSANCIO Y FATIGA).",ESTRELLAMIENTOS,AUTOMOVIL,1,0,0,0,0,0,0,0,0,0,0,0,0,1,-1,NO IDENTIFICADO,NO IDENTIFICADO,CONDUCTOR AUSENTE,NO,NO,2
8757,26964,26965,2017,0,0,-0.176695,-78.493953,PICHINCHA,QUITO,QUITO,RURAL,2017-12-08,09:57:00,9,VIERNES,5,DICIEMBRE,12,NO,NO CEDER EL DERECHO DE VIA O PREFERENCIA DE PASO A VEHICULOS.,CHOQUE LATERAL,AUTOMOVIL,1,0,0,0,0,0,0,0,0,0,0,0,1,2,20,HOMBRE,ILESO,CONDUCTOR PRESENTE,NO,NO,3
8758,26965,26966,2017,0,0,-0.153551,-78.467087,PICHINCHA,QUITO,QUITO,URBANA,2017-12-08,10:18:00,10,VIERNES,5,DICIEMBRE,12,NO,NO GUARDAR LA DISTANCIA LATERAL MINIMA DE SEGURIDAD ENTRE VEHICULOS.,ROZAMIENTOS,AUTOMOVIL,1,0,0,0,0,0,0,0,0,0,0,0,1,2,48,HOMBRE,ILESO,CONDUCTOR PRESENTE,NO,NO,0
8759,26967,26968,2017,0,0,-0.263294,-78.462564,PICHINCHA,QUITO,CONOCOTO,URBANA,2017-12-08,10:33:00,10,VIERNES,5,DICIEMBRE,12,NO,NO MANTENER LA DISTANCIA PRUDENCIAL CON RESPECTO AL VEHICULO QUE LE ANTECEDE.,CHOQUE POSTERIOR,VEHICULO DEPORTIVO UTILITARIO,0,0,0,0,0,0,0,0,0,0,0,0,2,2,79,MUJER,ILESO,CONDUCTOR PRESENTE,NO,NO,0
8760,26970,26971,2017,0,0,-0.219832,-78.510211,PICHINCHA,QUITO,QUITO,URBANA,2017-12-08,12:09:00,12,VIERNES,5,DICIEMBRE,12,NO,"NO RESPETAR LAS SENIALES REGLAMENTARIAS DE TRANSITO. (PARE, CEDA EL PASO, LUZ ROJA DEL SEMAFORO, ETC).",CHOQUE LATERAL,AUTOMOVIL,1,0,0,0,0,0,0,0,1,0,0,0,0,2,47,HOMBRE,ILESO,CONDUCTOR PRESENTE,NO,NO,0
8761,26973,26974,2017,0,0,-0.202543,-78.494032,PICHINCHA,QUITO,QUITO,URBANA,2017-12-08,13:00:00,13,VIERNES,5,DICIEMBRE,12,NO,REALIZAR CAMBIO BRUSCO O INDEBIDO DE CARRIL.,ESTRELLAMIENTOS,AUTOMOVIL,2,0,0,0,0,0,0,0,0,0,0,0,0,2,0,NO IDENTIFICADO,NO IDENTIFICADO,CONDUCTOR AUSENTE,NO,NO,2
8762,26979,26980,2017,1,0,-0.089881,-78.517157,PICHINCHA,QUITO,QUITO,RURAL,2017-12-08,14:15:00,14,VIERNES,5,DICIEMBRE,12,NO,CONDUCIR VEHICULO SUPERANDO LOS LIMITES MAXIMOS DE VELOCIDAD.,PERDIDA DE PISTA,MOTOCICLETA,0,0,0,0,0,0,0,0,1,0,0,0,0,1,19,HOMBRE,LESIONADO,CONDUCTOR PRESENTE,NO,NO,3
8763,26985,26986,2017,1,0,-0.109117,-78.488759,PICHINCHA,QUITO,QUITO,URBANA,2017-12-08,17:02:00,17,VIERNES,5,DICIEMBRE,12,NO,"CONDUCE BAJO LA INFLUENCIA DE ALCOHOL, SUSTANCIAS ESTUPEFACIENTES O PSICOTROPICAS Y/O MEDICAMENTOS.",ATROPELLOS,FURGONETA,0,0,0,0,0,0,0,1,0,0,0,0,0,1,51,HOMBRE,LESIONADO,PEATON,NO,NO,0
8764,26986,26987,2017,0,0,-0.126486,-78.477887,PICHINCHA,QUITO,QUITO,URBANA,2017-12-08,17:20:00,17,VIERNES,5,DICIEMBRE,12,NO,"CONDUCIR DESATENTO A LAS CONDICIONES DE TRANSITO (CELULAR, PANTALLAS DE VIDEO, COMIDA, MAQUILLAJE O CUALQUIER OTRO ELEMENTO DISTRACTOR).",CHOQUE POSTERIOR,AUTOMOVIL,2,0,0,0,0,0,0,0,0,0,0,0,0,2,40,MUJER,ILESO,CONDUCTOR PRESENTE,NO,NO,0
8765,26988,26989,2017,1,0,-0.114075,-78.490483,PICHINCHA,QUITO,QUITO,URBANA,2017-12-08,17:40:00,17,VIERNES,5,DICIEMBRE,12,NO,NO CEDER EL DERECHO DE VIA O PREFERENCIA DE PASO AL PEATON.,ATROPELLOS,NO IDENTIFICADO,0,0,0,0,0,0,0,0,0,1,0,0,0,1,62,HOMBRE,LESIONADO,PEATON,NO,NO,0
8766,26989,26990,2017,1,0,-0.137645,-78.501289,PICHINCHA,QUITO,QUITO,URBANA,2017-12-08,17:48:00,17,VIERNES,5,DICIEMBRE,12,NO,BAJARSE O SUBIRSE DE VEHICULOS EN MOVIMIENTO SIN TOMAR LAS PRECAUCIONES DEBIDAS.,CAIDA DE PASAJERO,BUS,0,0,1,0,0,0,0,0,0,0,0,0,0,1,68,MUJER,LESIONADO,PASAJERO,NO,NO,0
8767,26990,26991,2017,3,0,-0.451856,-78.658776,PICHINCHA,MEJIA,ALOAG,RURAL,2017-12-08,18:00:00,18,VIERNES,5,DICIEMBRE,12,SI,"CONDUCIR DESATENTO A LAS CONDICIONES DE TRANSITO (CELULAR, PANTALLAS DE VIDEO, COMIDA, MAQUILLAJE O CUALQUIER OTRO ELEMENTO DISTRACTOR).",CHOQUE LATERAL,AUTOMOVIL,2,0,0,0,0,0,0,0,0,0,0,0,0,2,50,MUJER,LESIONADO,PASAJERO,NO,NO,3
8768,26994,26995,2017,0,0,-0.190026,-78.484381,PICHINCHA,QUITO,QUITO,URBANA,2017-12-08,18:44:00,18,VIERNES,5,DICIEMBRE,12,NO,"CONDUCIR DESATENTO A LAS CONDICIONES DE TRANSITO (CELULAR, PANTALLAS DE VIDEO, COMIDA, MAQUILLAJE O CUALQUIER OTRO ELEMENTO DISTRACTOR).",CHOQUE POSTERIOR,VEHICULO DEPORTIVO UTILITARIO,0,0,0,1,0,0,0,0,0,0,0,0,1,2,39,MUJER,ILESO,CONDUCTOR PRESENTE,NO,NO,0
8769,26997,26998,2017,0,0,-0.263053,-78.507339,PICHINCHA,QUITO,QUITO,URBANA,2017-12-08,19:25:00,19,VIERNES,5,DICIEMBRE,12,NO,NO GUARDAR LA DISTANCIA LATERAL MINIMA DE SEGURIDAD ENTRE VEHICULOS.,ROZAMIENTOS,ESPECIAL,2,0,0,0,0,0,1,0,0,0,0,0,0,3,37,HOMBRE,ILESO,CONDUCTOR PRESENTE,NO,NO,0
8770,26998,26999,2017,1,0,-0.094321,-78.437227,PICHINCHA,QUITO,CALDERON (CARAPUNGO),RURAL,2017-12-08,19:30:00,19,VIERNES,5,DICIEMBRE,12,NO,NO CEDER EL DERECHO DE VIA O PREFERENCIA DE PASO AL PEATON.,ATROPELLOS,NO IDENTIFICADO,0,0,0,0,0,0,0,0,0,1,0,0,0,1,7,MUJER,LESIONADO,PEATON,NO,NO,3
8771,27002,27003,2017,1,0,-0.226306,-78.528303,PICHINCHA,QUITO,QUITO,URBANA,2017-12-08,20:30:00,20,VIERNES,5,DICIEMBRE,12,NO,NO CEDER EL DERECHO DE VIA O PREFERENCIA DE PASO AL PEATON.,ATROPELLOS,NO IDENTIFICADO,0,0,0,0,0,0,0,0,0,1,0,0,0,1,22,HOMBRE,LESIONADO,PEATON,NO,NO,0
8772,27003,27004,2017,0,0,-0.206518,-78.494387,PICHINCHA,QUITO,QUITO,URBANA,2017-12-08,21:20:00,21,VIERNES,5,DICIEMBRE,12,NO,"NO RESPETAR LAS SENIALES REGLAMENTARIAS DE TRANSITO. (PARE, CEDA EL PASO, LUZ ROJA DEL SEMAFORO, ETC).",CHOQUE LATERAL,VEHICULO DEPORTIVO UTILITARIO,1,0,0,0,0,0,0,0,0,0,0,0,1,2,26,HOMBRE,ILESO,CONDUCTOR PRESENTE,NO,NO,0
8773,27007,27008,2017,0,0,-0.471361,-78.566315,PICHINCHA,MEJIA,MACHACHI,RURAL,2017-12-08,21:40:00,21,VIERNES,5,DICIEMBRE,12,SI,"CONDUCIR DESATENTO A LAS CONDICIONES DE TRANSITO (CELULAR, PANTALLAS DE VIDEO, COMIDA, MAQUILLAJE O CUALQUIER OTRO ELEMENTO DISTRACTOR).",CHOQUE POSTERIOR,AUTOMOVIL,2,0,0,0,0,0,0,0,0,0,0,0,0,2,33,HOMBRE,ILESO,CONDUCTOR PRESENTE,NO,NO,3
8774,27032,27033,2017,0,0,-0.154356,-78.472915,PICHINCHA,QUITO,QUITO,URBANA,2017-12-09,00:15:00,0,SABADO,6,DICIEMBRE,12,NO,"CONDUCIR EN ESTADO DE SOMNOLENCIA O MALAS CONDICIONES FISICAS (SUENIO, CANSANCIO Y FATIGA).",ESTRELLAMIENTOS,AUTOMOVIL,1,0,0,0,0,0,0,0,0,0,0,0,0,1,-1,NO IDENTIFICADO,NO IDENTIFICADO,CONDUCTOR AUSENTE,NO,NO,2
8775,27034,27035,2017,0,1,-0.273825,-78.510216,PICHINCHA,QUITO,QUITO,URBANA,2017-12-09,00:30:00,0,SABADO,6,DICIEMBRE,12,NO,NO TRANSITAR POR LAS ACERAS O ZONAS DE SEGURIDAD DESTINADAS PARA EL EFECTO.,ATROPELLOS,NO IDENTIFICADO,0,0,0,0,0,0,0,0,0,1,0,0,0,1,27,HOMBRE,FALLECIDO,PEATON,NO,NO,0
8776,27037,27038,2017,1,0,-0.115963,-78.479605,PICHINCHA,QUITO,QUITO,URBANA,2017-12-09,01:45:00,1,SABADO,6,DICIEMBRE,12,NO,"PEATON TRANSITA BAJO INFLUENCIA DE ALCOHOL, SUSTANCIAS ESTUPEFACIENTES O PSICOTROPICAS Y/O MEDICAMENTOS.",ATROPELLOS,VEHICULO DEPORTIVO UTILITARIO,0,0,0,0,0,0,0,0,0,0,0,0,1,1,28,HOMBRE,LESIONADO,PEATON,NO,NO,0
8777,27038,27039,2017,0,0,-0.111478,-78.489835,PICHINCHA,QUITO,QUITO,URBANA,2017-12-09,02:10:00,2,SABADO,6,DICIEMBRE,12,NO,"CONDUCIR EN ESTADO DE SOMNOLENCIA O MALAS CONDICIONES FISICAS (SUENIO, CANSANCIO Y FATIGA).",ESTRELLAMIENTOS,AUTOMOVIL,1,0,0,0,0,0,0,0,0,0,0,0,0,1,-1,NO IDENTIFICADO,NO IDENTIFICADO,CONDUCTOR AUSENTE,NO,NO,2
8778,27039,27040,2017,1,0,-0.185938,-78.509936,PICHINCHA,QUITO,QUITO,URBANA,2017-12-09,02:30:00,2,SABADO,6,DICIEMBRE,12,NO,NO TRANSITAR POR LAS ACERAS O ZONAS DE SEGURIDAD DESTINADAS PARA EL EFECTO.,ARROLLAMIENTOS,AUTOMOVIL,1,0,0,0,0,0,0,0,0,0,0,0,0,1,37,HOMBRE,LESIONADO,PEATON,NO,NO,0
8779,27040,27041,2017,0,0,-0.176141,-78.477597,PICHINCHA,QUITO,QUITO,URBANA,2017-12-09,02:50:00,2,SABADO,6,DICIEMBRE,12,NO,"CONDUCIR EN ESTADO DE SOMNOLENCIA O MALAS CONDICIONES FISICAS (SUENIO, CANSANCIO Y FATIGA).",PERDIDA DE PISTA,VEHICULO DEPORTIVO UTILITARIO,0,0,0,0,0,0,0,0,0,0,0,0,1,1,-1,NO IDENTIFICADO,NO IDENTIFICADO,CONDUCTOR AUSENTE,NO,NO,2
8780,27042,27043,2017,0,1,-0.004594,-78.443771,PICHINCHA,QUITO,SAN ANTONIO (QUITO),RURAL,2017-12-09,04:00:00,4,SABADO,6,DICIEMBRE,12,NO,CONDUCIR VEHICULO SUPERANDO LOS LIMITES MAXIMOS DE VELOCIDAD.,VOLCAMIENTOS,MOTOCICLETA,0,0,0,0,0,0,0,0,1,1,0,0,0,2,24,HOMBRE,FALLECIDO,PASAJERO,NO,NO,3
8781,27050,27051,2017,1,0,-0.287061,-78.554325,PICHINCHA,QUITO,QUITO,URBANA,2017-12-09,05:00:00,5,SABADO,6,DICIEMBRE,12,NO,CONDUCIR VEHICULO SUPERANDO LOS LIMITES MAXIMOS DE VELOCIDAD.,PERDIDA DE PISTA,NO IDENTIFICADO,0,0,0,0,0,0,0,0,0,1,0,0,0,1,20,HOMBRE,LESIONADO,PASAJERO,NO,NO,0
8782,27053,27054,2017,0,0,-0.310557,-78.546206,PICHINCHA,QUITO,QUITO,URBANA,2017-12-09,06:15:00,6,SABADO,6,DICIEMBRE,12,NO,NO MANTENER LA DISTANCIA PRUDENCIAL CON RESPECTO AL VEHICULO QUE LE ANTECEDE.,CHOQUE POSTERIOR,CAMION,1,0,0,1,0,0,0,0,0,0,0,0,0,2,54,MUJER,ILESO,CONDUCTOR PRESENTE,NO,NO,0
8783,27055,27056,2017,0,0,-0.453906,-78.754821,PICHINCHA,MEJIA,MANUEL CORNEJO ASTORGA,RURAL,2017-12-09,07:00:00,7,SABADO,6,DICIEMBRE,12,SI,"CONDUCIR DESATENTO A LAS CONDICIONES DE TRANSITO (CELULAR, PANTALLAS DE VIDEO, COMIDA, MAQUILLAJE O CUALQUIER OTRO ELEMENTO DISTRACTOR).",CHOQUE POSTERIOR,CAMION,0,0,0,2,1,0,0,0,0,0,0,0,0,3,66,HOMBRE,ILESO,CONDUCTOR PRESENTE,NO,NO,3
8784,27057,27058,2017,0,0,-0.204787,-78.506736,PICHINCHA,QUITO,QUITO,URBANA,2017-12-09,08:00:00,8,SABADO,6,DICIEMBRE,12,NO,"CONDUCIR DESATENTO A LAS CONDICIONES DE TRANSITO (CELULAR, PANTALLAS DE VIDEO, COMIDA, MAQUILLAJE O CUALQUIER OTRO ELEMENTO DISTRACTOR).",ESTRELLAMIENTOS,AUTOMOVIL,1,0,0,0,0,0,0,0,0,0,0,0,0,1,66,HOMBRE,ILESO,CONDUCTOR PRESENTE,NO,NO,0
8785,27058,27059,2017,0,0,-0.083888,-78.433999,PICHINCHA,QUITO,CALDERON (CARAPUNGO),RURAL,2017-12-09,08:05:00,8,SABADO,6,DICIEMBRE,12,NO,REALIZAR CAMBIO BRUSCO O INDEBIDO DE CARRIL.,ESTRELLAMIENTOS,AUTOMOVIL,1,0,0,0,0,0,0,0,0,0,0,0,0,1,50,HOMBRE,ILESO,CONDUCTOR PRESENTE,NO,NO,3
8786,27059,27060,2017,0,0,-0.277334,-78.546535,PICHINCHA,QUITO,QUITO,URBANA,2017-12-09,08:40:00,8,SABADO,6,DICIEMBRE,12,NO,"CONDUCE BAJO LA INFLUENCIA DE ALCOHOL, SUSTANCIAS ESTUPEFACIENTES O PSICOTROPICAS Y/O MEDICAMENTOS.",ESTRELLAMIENTOS,CAMIONETA,0,0,0,1,1,0,0,0,0,0,0,0,0,2,31,HOMBRE,ILESO,CONDUCTOR PRESENTE,NO,SI,0
8787,27061,27062,2017,0,0,-0.207268,-78.520633,PICHINCHA,QUITO,QUITO,URBANA,2017-12-09,08:50:00,8,SABADO,6,DICIEMBRE,12,NO,"CONDUCE BAJO LA INFLUENCIA DE ALCOHOL, SUSTANCIAS ESTUPEFACIENTES O PSICOTROPICAS Y/O MEDICAMENTOS.",CHOQUE POSTERIOR,AUTOMOVIL,2,0,0,0,0,0,0,0,0,0,0,0,0,2,53,HOMBRE,ILESO,CONDUCTOR PRESENTE,NO,NO,0
8788,27062,27063,2017,0,0,-0.464838,-78.577859,PICHINCHA,MEJIA,ALOAG,RURAL,2017-12-09,09:00:00,9,SABADO,6,DICIEMBRE,12,SI,"CONDUCIR DESATENTO A LAS CONDICIONES DE TRANSITO (CELULAR, PANTALLAS DE VIDEO, COMIDA, MAQUILLAJE O CUALQUIER OTRO ELEMENTO DISTRACTOR).",PERDIDA DE PISTA,VEHICULO DEPORTIVO UTILITARIO,0,0,0,0,0,0,0,0,0,0,0,0,1,1,32,HOMBRE,ILESO,CONDUCTOR PRESENTE,NO,NO,3
8789,27064,27065,2017,0,0,-0.466951,-78.587096,PICHINCHA,MEJIA,ALOAG,RURAL,2017-12-09,09:20:00,9,SABADO,6,DICIEMBRE,12,SI,"CONDUCIR DESATENTO A LAS CONDICIONES DE TRANSITO (CELULAR, PANTALLAS DE VIDEO, COMIDA, MAQUILLAJE O CUALQUIER OTRO ELEMENTO DISTRACTOR).",CHOQUE FRONTAL,VEHICULO DEPORTIVO UTILITARIO,0,0,0,0,0,0,0,0,0,0,0,0,2,2,38,HOMBRE,ILESO,CONDUCTOR PRESENTE,NO,NO,3
8790,27067,27068,2017,0,0,-0.145621,-78.491635,PICHINCHA,QUITO,QUITO,URBANA,2017-12-09,10:00:00,10,SABADO,6,DICIEMBRE,12,NO,NO MANTENER LA DISTANCIA PRUDENCIAL CON RESPECTO AL VEHICULO QUE LE ANTECEDE.,CHOQUE POSTERIOR,AUTOMOVIL,1,0,0,0,0,0,0,0,0,0,0,0,0,1,63,HOMBRE,ILESO,CONDUCTOR PRESENTE,NO,NO,0
8791,27068,27069,2017,1,0,-0.164687,-78.468089,PICHINCHA,QUITO,QUITO,URBANA,2017-12-09,11:00:00,11,SABADO,6,DICIEMBRE,12,NO,NO CEDER EL DERECHO DE VIA O PREFERENCIA DE PASO AL PEATON.,ATROPELLOS,NO IDENTIFICADO,0,0,0,0,0,0,0,0,0,1,0,0,0,1,49,HOMBRE,LESIONADO,PEATON,NO,NO,0
8792,27070,27071,2017,0,0,-0.210875,-78.482517,PICHINCHA,QUITO,QUITO,URBANA,2017-12-09,11:15:00,11,SABADO,6,DICIEMBRE,12,NO,CONDUCIR VEHICULO SUPERANDO LOS LIMITES MAXIMOS DE VELOCIDAD.,PERDIDA DE PISTA,AUTOMOVIL,1,0,0,0,0,0,0,0,0,0,0,0,0,1,-1,NO IDENTIFICADO,NO IDENTIFICADO,CONDUCTOR AUSENTE,NO,NO,2
8793,27072,27073,2017,1,1,0.001839,-78.500905,PICHINCHA,QUITO,CALACALI,RURAL,2017-12-09,11:50:00,11,SABADO,6,DICIEMBRE,12,NO,NO MANTENER LA DISTANCIA PRUDENCIAL CON RESPECTO AL VEHICULO QUE LE ANTECEDE.,CHOQUE POSTERIOR,MOTOCICLETA,0,0,0,0,0,0,0,0,1,0,0,0,0,1,19,HOMBRE,FALLECIDO,PASAJERO,NO,NO,3