,Unnamed: 0,ID,ANIO,LESIONADOS,FALLECIDOS,LATITUD_Y,LONGITUD_X,PROVINCIA,CANTON,PARROQUIA,ZONA,FECHA,HORA,PERIODO_2,DIA_1,DIA_2,MES_1,MES_2,FERIADO,CAUSA_PROBABLE,TIPO_DE_SINIESTRO,TIPO_DE_VEHICULO_1,AUTOMOVIL,BICICLETA,BUS,CAMION,CAMIONETA,EMERGENCIAS,ESPECIAL,FURGONETA,MOTOCICLETA,NO_IDENTIFICADO,SCOOTER_ELECTRICO,TRICIMOTO,VEHICULO_DEPORTIVO_UTILITARIO,SUMA_DE_VEHICULOS,EDAD_1,SEXO_1,CONDICION_1,PARTICIPANTE_1,CASCO_1,CINTURON_1,KMeans_Cluster
8794,27074,27075,2017,0,0,-0.221631,-78.519827,PICHINCHA,QUITO,QUITO,URBANA,2017-12-09,13:00:00,13,SABADO,6,DICIEMBRE,12,NO,NO GUARDAR LA DISTANCIA LATERAL MINIMA DE SEGURIDAD ENTRE VEHICULOS.,ROZAMIENTOS,BUS,1,0,1,0,0,0,0,0,0,0,0,0,0,2,33,HOMBRE,ILESO,CONDUCTOR PRESENTE,NO,NO,0
8795,27078,27079,2017,1,0,-0.209795,-78.404284,PICHINCHA,QUITO,TUMBACO,RURAL,2017-12-09,13:50:00,13,SABADO,6,DICIEMBRE,12,NO,BAJARSE O SUBIRSE DE VEHICULOS EN MOVIMIENTO SIN TOMAR LAS PRECAUCIONES DEBIDAS.,CAIDA DE PASAJERO,CAMION,0,0,0,1,0,0,0,0,0,0,0,0,0,1,9,MUJER,LESIONADO,PASAJERO,NO,NO,3
8796,27082,27083,2017,1,0,-0.117173,-78.503392,PICHINCHA,QUITO,QUITO,URBANA,2017-12-09,14:20:00,14,SABADO,6,DICIEMBRE,12,NO,"FALLA MECANICA EN LOS SISTEMAS Y/O NEUMATICOS (SISTEMA DE FRENOS, DIRECCION, ELECTRONICO O MECANICO).",ATROPELLOS,CAMION,0,0,0,1,0,0,0,0,0,0,0,0,0,1,31,HOMBRE,LESIONADO,CONDUCTOR PRESENTE,NO,NO,0
8797,27083,27084,2017,1,0,-0.140125,-78.485771,PICHINCHA,QUITO,QUITO,URBANA,2017-12-09,14:40:00,14,SABADO,6,DICIEMBRE,12,NO,NO GUARDAR LA DISTANCIA LATERAL MINIMA DE SEGURIDAD ENTRE VEHICULOS.,ESTRELLAMIENTOS,MOTOCICLETA,0,0,0,0,0,0,0,0,1,0,0,0,2,3,19,HOMBRE,LESIONADO,CONDUCTOR PRESENTE,NO,NO,0
8798,27087,27088,2017,1,0,-0.355609,-78.548711,PICHINCHA,QUITO,QUITO,URBANA,2017-12-09,16:30:00,16,SABADO,6,DICIEMBRE,12,NO,NO MANTENER LA DISTANCIA PRUDENCIAL CON RESPECTO AL VEHICULO QUE LE ANTECEDE.,CHOQUE POSTERIOR,NO IDENTIFICADO,0,0,0,0,0,0,0,0,0,1,0,0,0,1,27,HOMBRE,LESIONADO,PASAJERO,NO,NO,0
8799,27090,27091,2017,0,0,-0.176431,-78.495356,PICHINCHA,QUITO,QUITO,URBANA,2017-12-09,17:00:00,17,SABADO,6,DICIEMBRE,12,NO,"NO RESPETAR LAS SENIALES REGLAMENTARIAS DE TRANSITO. (PARE, CEDA EL PASO, LUZ ROJA DEL SEMAFORO, ETC).",CHOQUE LATERAL,MOTOCICLETA,0,0,0,0,0,0,0,0,1,0,0,0,0,1,37,HOMBRE,ILESO,CONDUCTOR PRESENTE,NO,NO,0
8800,27091,27092,2017,0,0,-0.227324,-78.450086,PICHINCHA,QUITO,CUMBAYA,RURAL,2017-12-09,17:15:00,17,SABADO,6,DICIEMBRE,12,NO,NO CEDER EL DERECHO DE VIA O PREFERENCIA DE PASO A VEHICULOS.,CHOQUE LATERAL,AUTOMOVIL,2,0,0,0,0,0,0,0,0,0,0,0,0,2,48,HOMBRE,ILESO,CONDUCTOR PRESENTE,NO,NO,3
8801,27094,27095,2017,1,0,-0.237653,-78.484311,PICHINCHA,QUITO,QUITO,URBANA,2017-12-09,18:25:00,18,SABADO,6,DICIEMBRE,12,NO,CONDUCIR VEHICULO SUPERANDO LOS LIMITES MAXIMOS DE VELOCIDAD.,CHOQUE POSTERIOR,MOTOCICLETA,1,0,0,0,0,0,0,0,1,0,0,0,0,2,38,HOMBRE,LESIONADO,CONDUCTOR PRESENTE,NO,NO,0
8802,27105,27106,2017,0,0,-0.257496,-78.529222,PICHINCHA,QUITO,QUITO,URBANA,2017-12-09,20:30:00,20,SABADO,6,DICIEMBRE,12,NO,"CONDUCIR DESATENTO A LAS CONDICIONES DE TRANSITO (CELULAR, PANTALLAS DE VIDEO, COMIDA, MAQUILLAJE O CUALQUIER OTRO ELEMENTO DISTRACTOR).",ESTRELLAMIENTOS,AUTOMOVIL,1,0,0,0,0,0,0,0,0,0,0,0,0,1,19,HOMBRE,ILESO,CONDUCTOR PRESENTE,NO,NO,0
8803,27111,27112,2017,1,0,-0.237847,-78.528901,PICHINCHA,QUITO,QUITO,URBANA,2017-12-09,22:15:00,22,SABADO,6,DICIEMBRE,12,NO,"NO RESPETAR LAS SENIALES REGLAMENTARIAS DE TRANSITO. (PARE, CEDA EL PASO, LUZ ROJA DEL SEMAFORO, ETC).",CHOQUE LATERAL,AUTOMOVIL,1,0,0,0,0,0,0,0,1,0,0,0,0,2,26,HOMBRE,LESIONADO,CONDUCTOR PRESENTE,NO,NO,0
8804,27114,27115,2017,0,0,-0.256119,-78.544645,PICHINCHA,QUITO,QUITO,URBANA,2017-12-09,22:45:00,22,SABADO,6,DICIEMBRE,12,NO,REALIZAR CAMBIO BRUSCO O INDEBIDO DE CARRIL.,ESTRELLAMIENTOS,AUTOMOVIL,2,0,0,0,0,0,0,0,0,0,0,0,0,2,-1,NO IDENTIFICADO,NO IDENTIFICADO,CONDUCTOR AUSENTE,NO,NO,2
8805,27116,27117,2017,0,0,-0.187808,-78.444336,PICHINCHA,QUITO,NAYON,RURAL,2017-12-09,23:30:00,23,SABADO,6,DICIEMBRE,12,NO,"CONDUCE BAJO LA INFLUENCIA DE ALCOHOL, SUSTANCIAS ESTUPEFACIENTES O PSICOTROPICAS Y/O MEDICAMENTOS.",COLISION,AUTOMOVIL,2,0,0,0,0,0,0,0,0,0,0,0,1,3,35,HOMBRE,ILESO,CONDUCTOR PRESENTE,NO,NO,3
8806,27117,27118,2017,1,0,-0.242475,-78.497488,PICHINCHA,QUITO,QUITO,URBANA,2017-12-09,23:45:00,23,SABADO,6,DICIEMBRE,12,NO,BAJARSE O SUBIRSE DE VEHICULOS EN MOVIMIENTO SIN TOMAR LAS PRECAUCIONES DEBIDAS.,CAIDA DE PASAJERO,NO IDENTIFICADO,0,0,0,0,0,0,0,0,0,1,0,0,0,1,22,HOMBRE,LESIONADO,PASAJERO,NO,NO,0
8807,27142,27143,2017,0,0,-0.227324,-78.450086,PICHINCHA,QUITO,CUMBAYA,RURAL,2017-12-10,00:45:00,0,DOMINGO,7,DICIEMBRE,12,NO,"CONDUCIR EN ESTADO DE SOMNOLENCIA O MALAS CONDICIONES FISICAS (SUENIO, CANSANCIO Y FATIGA).",ESTRELLAMIENTOS,AUTOMOVIL,2,0,0,0,0,0,0,0,0,0,0,0,0,2,28,MUJER,ILESO,CONDUCTOR PRESENTE,NO,NO,3
8808,27146,27147,2017,1,0,-0.278804,-78.480398,PICHINCHA,QUITO,CONOCOTO,URBANA,2017-12-10,02:15:00,2,DOMINGO,7,DICIEMBRE,12,SI,"CONDUCIR DESATENTO A LAS CONDICIONES DE TRANSITO (CELULAR, PANTALLAS DE VIDEO, COMIDA, MAQUILLAJE O CUALQUIER OTRO ELEMENTO DISTRACTOR).",PERDIDA DE PISTA,AUTOMOVIL,1,0,0,0,0,0,0,0,0,0,0,0,0,1,25,HOMBRE,LESIONADO,CONDUCTOR PRESENTE,NO,NO,0
8809,27151,27152,2017,2,0,-0.295604,-78.561141,PICHINCHA,QUITO,QUITO,URBANA,2017-12-10,03:00:00,3,DOMINGO,7,DICIEMBRE,12,NO,"CONDUCIR EN ESTADO DE SOMNOLENCIA O MALAS CONDICIONES FISICAS (SUENIO, CANSANCIO Y FATIGA).",COLISION,ESPECIAL,0,0,0,0,0,0,1,0,0,0,0,0,0,1,-1,HOMBRE,LESIONADO,CONDUCTOR PRESENTE,NO,NO,0
8810,27156,27157,2017,1,0,-0.104643,-78.453801,PICHINCHA,QUITO,CALDERON (CARAPUNGO),RURAL,2017-12-10,05:15:00,5,DOMINGO,7,DICIEMBRE,12,NO,"NO RESPETAR LAS SENIALES REGLAMENTARIAS DE TRANSITO. (PARE, CEDA EL PASO, LUZ ROJA DEL SEMAFORO, ETC).",CHOQUE LATERAL,MOTOCICLETA,1,0,0,0,0,0,0,0,1,0,0,0,0,2,34,HOMBRE,LESIONADO,CONDUCTOR PRESENTE,NO,NO,3
8811,27158,27159,2017,0,0,-0.142041,-78.443217,PICHINCHA,QUITO,LLANO CHICO,URBANA,2017-12-10,06:35:00,6,DOMINGO,7,DICIEMBRE,12,NO,CONDUCIR VEHICULO SUPERANDO LOS LIMITES MAXIMOS DE VELOCIDAD.,PERDIDA DE PISTA,AUTOMOVIL,1,0,0,0,0,0,0,0,0,0,0,0,0,1,-1,NO IDENTIFICADO,NO IDENTIFICADO,CONDUCTOR AUSENTE,NO,NO,2
8812,27160,27161,2017,2,1,-0.501497,-78.572721,PICHINCHA,MEJIA,ALOASI,RURAL,2017-12-10,07:45:00,7,DOMINGO,7,DICIEMBRE,12,SI,"CONDUCIR DESATENTO A LAS CONDICIONES DE TRANSITO (CELULAR, PANTALLAS DE VIDEO, COMIDA, MAQUILLAJE O CUALQUIER OTRO ELEMENTO DISTRACTOR).",CHOQUE LATERAL,CAMIONETA,0,0,0,0,2,0,0,0,0,0,0,0,0,2,55,HOMBRE,FALLECIDO,PASAJERO,NO,NO,3
8813,27162,27163,2017,0,0,-0.083348,-78.467135,PICHINCHA,QUITO,QUITO,URBANA,2017-12-10,08:05:00,8,DOMINGO,7,DICIEMBRE,12,NO,REALIZAR CAMBIO BRUSCO O INDEBIDO DE CARRIL.,ESTRELLAMIENTOS,AUTOMOVIL,1,0,0,0,0,0,0,0,0,0,0,0,0,1,-1,NO IDENTIFICADO,NO IDENTIFICADO,CONDUCTOR AUSENTE,NO,NO,2
8814,27163,27164,2017,0,0,-0.298166,-78.548548,PICHINCHA,QUITO,QUITO,URBANA,2017-12-10,08:35:00,8,DOMINGO,7,DICIEMBRE,12,NO,NO MANTENER LA DISTANCIA PRUDENCIAL CON RESPECTO AL VEHICULO QUE LE ANTECEDE.,CHOQUE POSTERIOR,VEHICULO DEPORTIVO UTILITARIO,1,0,0,0,0,0,0,0,0,0,0,0,1,2,35,HOMBRE,ILESO,CONDUCTOR PRESENTE,NO,NO,0
8815,27165,27166,2017,2,0,-0.172258,-78.490161,PICHINCHA,QUITO,QUITO,URBANA,2017-12-10,08:47:00,8,DOMINGO,7,DICIEMBRE,12,NO,NO CEDER EL DERECHO DE VIA O PREFERENCIA DE PASO AL PEATON.,ATROPELLOS,NO IDENTIFICADO,0,0,0,0,0,0,0,0,0,1,0,0,0,1,56,MUJER,LESIONADO,PEATON,NO,NO,0
8816,27169,27170,2017,0,0,-0.099945,-78.469372,PICHINCHA,QUITO,QUITO,URBANA,2017-12-10,10:50:00,10,DOMINGO,7,DICIEMBRE,12,NO,NO MANTENER LA DISTANCIA PRUDENCIAL CON RESPECTO AL VEHICULO QUE LE ANTECEDE.,CHOQUE POSTERIOR,MOTOCICLETA,1,0,0,0,0,0,0,0,1,0,0,0,0,2,29,HOMBRE,ILESO,CONDUCTOR PRESENTE,NO,NO,0
8817,27170,27171,2017,1,0,-0.109124,-78.296386,PICHINCHA,QUITO,EL QUINCHE,RURAL,2017-12-10,11:10:00,11,DOMINGO,7,DICIEMBRE,12,NO,NO CEDER EL DERECHO DE VIA O PREFERENCIA DE PASO AL PEATON.,ATROPELLOS,BUS,0,0,1,0,0,0,0,0,0,0,0,0,0,1,17,MUJER,LESIONADO,PEATON,NO,NO,3
8818,27172,27173,2017,1,0,-0.292724,-78.476486,PICHINCHA,QUITO,CONOCOTO,URBANA,2017-12-10,11:55:00,11,DOMINGO,7,DICIEMBRE,12,NO,NO CEDER EL DERECHO DE VIA O PREFERENCIA DE PASO AL PEATON.,ATROPELLOS,CAMIONETA,0,0,0,0,1,0,0,0,0,0,0,0,0,1,40,HOMBRE,LESIONADO,PEATON,NO,NO,0
8819,27174,27175,2017,0,0,-0.353211,-78.535861,PICHINCHA,QUITO,QUITO,URBANA,2017-12-10,12:35:00,12,DOMINGO,7,DICIEMBRE,12,NO,"CONDUCE BAJO LA INFLUENCIA DE ALCOHOL, SUSTANCIAS ESTUPEFACIENTES O PSICOTROPICAS Y/O MEDICAMENTOS.",CHOQUE LATERAL,VEHICULO DEPORTIVO UTILITARIO,1,0,0,0,0,0,0,0,0,0,0,0,1,2,59,HOMBRE,ILESO,CONDUCTOR PRESENTE,NO,NO,0
8820,27176,27177,2017,1,0,-0.207268,-78.520631,PICHINCHA,QUITO,QUITO,URBANA,2017-12-10,14:00:00,14,DOMINGO,7,DICIEMBRE,12,NO,"CONDUCIR DESATENTO A LAS CONDICIONES DE TRANSITO (CELULAR, PANTALLAS DE VIDEO, COMIDA, MAQUILLAJE O CUALQUIER OTRO ELEMENTO DISTRACTOR).",PERDIDA DE PISTA,MOTOCICLETA,0,0,0,0,0,0,0,0,1,0,0,0,0,1,23,HOMBRE,LESIONADO,CONDUCTOR PRESENTE,NO,NO,0
8821,27185,27186,2017,1,0,-0.115506,-78.483211,PICHINCHA,QUITO,QUITO,URBANA,2017-12-10,15:55:00,15,DOMINGO,7,DICIEMBRE,12,NO,NO GUARDAR LA DISTANCIA LATERAL MINIMA DE SEGURIDAD ENTRE VEHICULOS.,PERDIDA DE PISTA,BICICLETA,0,1,0,0,0,0,0,0,0,0,0,0,0,1,29,HOMBRE,LESIONADO,CONDUCTOR PRESENTE,NO,NO,0
8822,27186,27187,2017,0,0,-0.212578,-78.588172,PICHINCHA,QUITO,LLOA,URBANA,2017-12-10,16:10:00,16,DOMINGO,7,DICIEMBRE,12,NO,CONDUCIR EN SENTIDO CONTRARIO A LA VIA NORMAL DE CIRCULACION.,CHOQUE FRONTAL,VEHICULO DEPORTIVO UTILITARIO,0,0,0,0,0,0,0,0,0,0,0,0,1,1,28,MUJER,ILESO,CONDUCTOR PRESENTE,NO,NO,0
8823,27187,27188,2017,1,0,0.045439,-78.216657,PICHINCHA,PEDRO MONCAYO,TABACUNDO,URBANA,2017-12-10,16:40:00,16,DOMINGO,7,DICIEMBRE,12,SI,"CONDUCIR DESATENTO A LAS CONDICIONES DE TRANSITO (CELULAR, PANTALLAS DE VIDEO, COMIDA, MAQUILLAJE O CUALQUIER OTRO ELEMENTO DISTRACTOR).",ATROPELLOS,MOTOCICLETA,0,0,0,0,0,0,0,0,1,0,0,0,0,1,58,HOMBRE,LESIONADO,PEATON,NO,NO,0
8824,27188,27189,2017,0,0,-0.294301,-78.464289,PICHINCHA,QUITO,CONOCOTO,URBANA,2017-12-10,16:45:00,16,DOMINGO,7,DICIEMBRE,12,NO,NO TRANSITAR POR LAS ACERAS O ZONAS DE SEGURIDAD DESTINADAS PARA EL EFECTO.,ATROPELLOS,VEHICULO DEPORTIVO UTILITARIO,0,0,0,0,0,0,0,0,0,0,0,0,1,1,42,MUJER,ILESO,CONDUCTOR PRESENTE,NO,NO,0
8825,27194,27195,2017,1,0,-0.260389,-78.495444,PICHINCHA,QUITO,CONOCOTO,RURAL,2017-12-10,19:35:00,19,DOMINGO,7,DICIEMBRE,12,NO,"CONDUCE BAJO LA INFLUENCIA DE ALCOHOL, SUSTANCIAS ESTUPEFACIENTES O PSICOTROPICAS Y/O MEDICAMENTOS.",CHOQUE FRONTAL,MOTOCICLETA,1,0,0,0,0,0,0,0,1,0,0,0,0,2,40,HOMBRE,LESIONADO,CONDUCTOR PRESENTE,NO,NO,3
8826,27196,27197,2017,1,0,-0.128839,-78.513591,PICHINCHA,QUITO,QUITO,URBANA,2017-12-10,20:30:00,20,DOMINGO,7,DICIEMBRE,12,NO,REALIZAR CAMBIO BRUSCO O INDEBIDO DE CARRIL.,ESTRELLAMIENTOS,FURGONETA,0,0,0,0,0,0,0,1,0,0,0,0,0,1,34,HOMBRE,LESIONADO,PASAJERO,NO,NO,0
8827,27200,27201,2017,0,0,-0.100481,-78.470028,PICHINCHA,QUITO,QUITO,URBANA,2017-12-10,22:00:00,22,DOMINGO,7,DICIEMBRE,12,NO,CONDUCIR VEHICULO SUPERANDO LOS LIMITES MAXIMOS DE VELOCIDAD.,ESTRELLAMIENTOS,AUTOMOVIL,1,0,0,0,0,0,0,0,0,0,0,0,0,1,-1,NO IDENTIFICADO,NO IDENTIFICADO,CONDUCTOR AUSENTE,NO,NO,2
8828,27202,27203,2017,0,0,-0.426687,-78.551895,PICHINCHA,MEJIA,TAMBILLO (MEJIA),RURAL,2017-12-10,22:20:00,22,DOMINGO,7,DICIEMBRE,12,SI,NO MANTENER LA DISTANCIA PRUDENCIAL CON RESPECTO AL VEHICULO QUE LE ANTECEDE.,COLISION,CAMION,2,0,0,2,0,0,0,0,0,0,0,0,0,4,30,HOMBRE,ILESO,CONDUCTOR PRESENTE,NO,NO,3
8829,27204,27205,2017,1,0,-0.141457,-78.483041,PICHINCHA,QUITO,QUITO,URBANA,2017-12-10,22:30:00,22,DOMINGO,7,DICIEMBRE,12,NO,PEATON QUE CRUZA LA CALZADA SIN RESPETAR LA SENIALIZACION EXISTENTE (SEMAFOROS O SENIALES MANUALES).,ATROPELLOS,NO IDENTIFICADO,0,0,0,0,0,0,0,0,0,1,0,0,0,1,56,MUJER,LESIONADO,PEATON,NO,NO,0
8830,27233,27234,2017,0,1,-0.293168,-78.544599,PICHINCHA,QUITO,QUITO,URBANA,2017-12-11,01:00:00,1,LUNES,1,DICIEMBRE,12,NO,CONDUCIR VEHICULO SUPERANDO LOS LIMITES MAXIMOS DE VELOCIDAD.,PERDIDA DE PISTA,MOTOCICLETA,0,0,0,0,0,0,0,0,1,0,0,0,0,1,29,HOMBRE,FALLECIDO,CONDUCTOR PRESENTE,NO,NO,0
8831,27238,27239,2017,3,0,-0.250815,-78.516538,PICHINCHA,QUITO,QUITO,URBANA,2017-12-11,05:30:00,5,LUNES,1,DICIEMBRE,12,NO,REALIZAR CAMBIO BRUSCO O INDEBIDO DE CARRIL.,CHOQUE FRONTAL,CAMIONETA,0,0,0,0,1,0,0,0,0,0,0,0,0,1,-1,HOMBRE,LESIONADO,CONDUCTOR PRESENTE,NO,NO,0
8832,27239,27240,2017,0,0,-0.028158,-78.332491,PICHINCHA,QUITO,GUAYLLABAMBA,RURAL,2017-12-11,05:30:00,5,LUNES,1,DICIEMBRE,12,SI,"CONDUCIR DESATENTO A LAS CONDICIONES DE TRANSITO (CELULAR, PANTALLAS DE VIDEO, COMIDA, MAQUILLAJE O CUALQUIER OTRO ELEMENTO DISTRACTOR).",PERDIDA DE PISTA,MOTOCICLETA,0,0,1,0,0,0,0,0,1,0,0,0,0,2,-1,NO IDENTIFICADO,NO IDENTIFICADO,CONDUCTOR AUSENTE,NO,NO,2
8833,27244,27245,2017,1,0,-0.148115,-78.440616,PICHINCHA,QUITO,ZAMBIZA,URBANA,2017-12-11,07:16:00,7,LUNES,1,DICIEMBRE,12,NO,CONDUCIR VEHICULO SUPERANDO LOS LIMITES MAXIMOS DE VELOCIDAD.,VOLCAMIENTOS,AUTOMOVIL,1,0,0,0,0,0,0,0,0,0,0,0,0,1,20,MUJER,LESIONADO,CONDUCTOR PRESENTE,NO,NO,0
8834,27246,27247,2017,0,0,-0.275791,-78.549505,PICHINCHA,QUITO,QUITO,URBANA,2017-12-11,07:40:00,7,LUNES,1,DICIEMBRE,12,NO,NO CEDER EL DERECHO DE VIA O PREFERENCIA DE PASO A VEHICULOS.,CHOQUE LATERAL,VEHICULO DEPORTIVO UTILITARIO,0,0,0,0,0,0,0,0,0,0,0,0,2,2,44,MUJER,ILESO,CONDUCTOR PRESENTE,NO,NO,0
8835,27248,27249,2017,1,0,-0.187808,-78.444336,PICHINCHA,QUITO,NAYON,RURAL,2017-12-11,07:54:00,7,LUNES,1,DICIEMBRE,12,NO,NO CEDER EL DERECHO DE VIA O PREFERENCIA DE PASO A VEHICULOS.,CHOQUE LATERAL,MOTOCICLETA,0,0,0,0,0,0,0,0,1,0,0,0,1,2,35,HOMBRE,LESIONADO,CONDUCTOR PRESENTE,NO,NO,3
8836,27249,27250,2017,1,0,-0.084308,-78.503791,PICHINCHA,QUITO,QUITO,URBANA,2017-12-11,08:10:00,8,LUNES,1,DICIEMBRE,12,NO,NO CEDER EL DERECHO DE VIA O PREFERENCIA DE PASO AL PEATON.,ATROPELLOS,NO IDENTIFICADO,0,0,0,0,0,0,0,0,0,1,0,0,0,1,32,HOMBRE,LESIONADO,PEATON,NO,NO,0
8837,27250,27251,2017,1,0,-0.166445,-78.487132,PICHINCHA,QUITO,QUITO,URBANA,2017-12-11,08:17:00,8,LUNES,1,DICIEMBRE,12,NO,CONDUCIR VEHICULO SUPERANDO LOS LIMITES MAXIMOS DE VELOCIDAD.,PERDIDA DE PISTA,MOTOCICLETA,0,0,0,0,0,0,0,0,1,0,0,0,0,1,31,HOMBRE,LESIONADO,CONDUCTOR PRESENTE,NO,NO,0
8838,27251,27252,2017,1,0,-0.107744,-78.298974,PICHINCHA,QUITO,EL QUINCHE,RURAL,2017-12-11,08:30:00,8,LUNES,1,DICIEMBRE,12,SI,"CONDUCIR DESATENTO A LAS CONDICIONES DE TRANSITO (CELULAR, PANTALLAS DE VIDEO, COMIDA, MAQUILLAJE O CUALQUIER OTRO ELEMENTO DISTRACTOR).",CHOQUE LATERAL,CAMIONETA,0,0,0,0,1,0,0,0,0,1,0,0,0,2,21,HOMBRE,LESIONADO,PASAJERO,NO,NO,3
8839,27254,27255,2017,0,0,-0.194699,-78.477717,PICHINCHA,QUITO,QUITO,URBANA,2017-12-11,09:20:00,9,LUNES,1,DICIEMBRE,12,NO,"NO RESPETAR LAS SENIALES REGLAMENTARIAS DE TRANSITO. (PARE, CEDA EL PASO, LUZ ROJA DEL SEMAFORO, ETC).",CHOQUE LATERAL,AUTOMOVIL,2,0,0,0,0,0,0,0,0,0,0,0,0,2,70,HOMBRE,ILESO,CONDUCTOR PRESENTE,NO,NO,0
8840,27257,27258,2017,1,0,-0.204229,-78.505757,PICHINCHA,QUITO,QUITO,URBANA,2017-12-11,11:09:00,11,LUNES,1,DICIEMBRE,12,NO,NO CEDER EL DERECHO DE VIA O PREFERENCIA DE PASO AL PEATON.,ATROPELLOS,NO IDENTIFICADO,0,0,0,0,0,0,0,0,0,1,0,0,0,1,58,MUJER,LESIONADO,PEATON,NO,NO,0
8841,27259,27260,2017,2,0,-0.290531,-78.475064,PICHINCHA,QUITO,CONOCOTO,RURAL,2017-12-11,12:10:00,12,LUNES,1,DICIEMBRE,12,NO,CONDUCIR EN SENTIDO CONTRARIO A LA VIA NORMAL DE CIRCULACION.,CHOQUE FRONTAL,VEHICULO DEPORTIVO UTILITARIO,1,0,0,0,0,0,0,0,0,0,0,0,1,2,5,HOMBRE,LESIONADO,PASAJERO,NO,NO,3
8842,27263,27264,2017,0,0,-0.191411,-78.486559,PICHINCHA,QUITO,QUITO,URBANA,2017-12-11,13:45:00,13,LUNES,1,DICIEMBRE,12,NO,NO MANTENER LA DISTANCIA PRUDENCIAL CON RESPECTO AL VEHICULO QUE LE ANTECEDE.,CHOQUE POSTERIOR,AUTOMOVIL,2,0,0,0,0,0,0,0,0,0,0,0,0,2,37,HOMBRE,ILESO,CONDUCTOR PRESENTE,NO,NO,0
8843,27268,27269,2017,2,0,-0.206438,-78.370261,PICHINCHA,QUITO,PUEMBO,RURAL,2017-12-11,17:00:00,17,LUNES,1,DICIEMBRE,12,NO,"ADELANTAR O REBASAR A OTRO VEHICULO EN MOVIMIENTO EN ZONAS O SITIOS PELIGROSOS TALES COMO: CURVAS, PUENTES, TUNELES, PENDIENTES, ETC.",CHOQUE FRONTAL,MOTOCICLETA,0,0,0,0,0,0,0,0,1,0,0,0,0,1,9,MUJER,LESIONADO,PEATON,NO,NO,3
8844,27271,27272,2017,1,0,-0.222563,-78.513543,PICHINCHA,QUITO,QUITO,URBANA,2017-12-11,17:08:00,17,LUNES,1,DICIEMBRE,12,NO,PEATON QUE CRUZA LA CALZADA SIN RESPETAR LA SENIALIZACION EXISTENTE (SEMAFOROS O SENIALES MANUALES).,ATROPELLOS,AUTOMOVIL,1,0,0,0,0,0,0,0,0,0,0,0,0,1,7,MUJER,LESIONADO,PEATON,NO,NO,0
8845,27272,27273,2017,0,0,-0.160349,-78.476793,PICHINCHA,QUITO,QUITO,URBANA,2017-12-11,17:10:00,17,LUNES,1,DICIEMBRE,12,NO,"CONDUCE BAJO LA INFLUENCIA DE ALCOHOL, SUSTANCIAS ESTUPEFACIENTES O PSICOTROPICAS Y/O MEDICAMENTOS.",CHOQUE LATERAL,AUTOMOVIL,2,0,0,0,0,0,0,0,0,0,0,0,0,2,33,HOMBRE,ILESO,CONDUCTOR PRESENTE,NO,NO,0
8846,27276,27277,2017,0,0,-0.211181,-78.414018,PICHINCHA,QUITO,TUMBACO,RURAL,2017-12-11,19:15:00,19,LUNES,1,DICIEMBRE,12,NO,NO GUARDAR LA DISTANCIA LATERAL MINIMA DE SEGURIDAD ENTRE VEHICULOS.,ROZAMIENTOS,AUTOMOVIL,1,0,0,0,0,0,0,0,0,0,0,0,0,1,29,HOMBRE,ILESO,CONDUCTOR PRESENTE,NO,NO,3
8847,27278,27279,2017,1,0,-0.103479,-78.509386,PICHINCHA,QUITO,QUITO,URBANA,2017-12-11,19:35:00,19,LUNES,1,DICIEMBRE,12,NO,NO CEDER EL DERECHO DE VIA O PREFERENCIA DE PASO AL PEATON.,ATROPELLOS,NO IDENTIFICADO,0,0,0,0,0,0,0,0,0,1,0,0,0,1,14,HOMBRE,LESIONADO,PEATON,NO,NO,0
8848,27279,27280,2017,0,0,-0.225863,-78.504703,PICHINCHA,QUITO,QUITO,URBANA,2017-12-11,19:45:00,19,LUNES,1,DICIEMBRE,12,NO,"NO RESPETAR LAS SENIALES REGLAMENTARIAS DE TRANSITO. (PARE, CEDA EL PASO, LUZ ROJA DEL SEMAFORO, ETC).",CHOQUE LATERAL,AUTOMOVIL,1,0,0,0,1,0,0,0,0,0,0,0,0,2,0,NO IDENTIFICADO,NO IDENTIFICADO,CONDUCTOR AUSENTE,NO,NO,2
8849,27305,27306,2017,4,0,-0.133554,-78.501956,PICHINCHA,QUITO,QUITO,URBANA,2017-12-12,05:30:00,5,MARTES,2,DICIEMBRE,12,NO,"NO RESPETAR LAS SENIALES REGLAMENTARIAS DE TRANSITO. (PARE, CEDA EL PASO, LUZ ROJA DEL SEMAFORO, ETC).",CHOQUE LATERAL,CAMION,0,0,0,2,0,0,0,0,0,0,0,0,0,2,31,HOMBRE,LESIONADO,CONDUCTOR PRESENTE,NO,NO,0
8850,27307,27308,2017,2,0,-0.167397,-78.482571,PICHINCHA,QUITO,QUITO,URBANA,2017-12-12,06:30:00,6,MARTES,2,DICIEMBRE,12,NO,"CONDUCIR DESATENTO A LAS CONDICIONES DE TRANSITO (CELULAR, PANTALLAS DE VIDEO, COMIDA, MAQUILLAJE O CUALQUIER OTRO ELEMENTO DISTRACTOR).",PERDIDA DE PISTA,MOTOCICLETA,0,0,0,0,0,0,0,0,1,0,0,0,0,1,26,HOMBRE,LESIONADO,CONDUCTOR PRESENTE,NO,NO,0