,Unnamed: 0,ID,ANIO,LESIONADOS,FALLECIDOS,LATITUD_Y,LONGITUD_X,PROVINCIA,CANTON,PARROQUIA,ZONA,FECHA,HORA,PERIODO_2,DIA_1,DIA_2,MES_1,MES_2,FERIADO,CAUSA_PROBABLE,TIPO_DE_SINIESTRO,TIPO_DE_VEHICULO_1,AUTOMOVIL,BICICLETA,BUS,CAMION,CAMIONETA,EMERGENCIAS,ESPECIAL,FURGONETA,MOTOCICLETA,NO_IDENTIFICADO,SCOOTER_ELECTRICO,TRICIMOTO,VEHICULO_DEPORTIVO_UTILITARIO,SUMA_DE_VEHICULOS,EDAD_1,SEXO_1,CONDICION_1,PARTICIPANTE_1,CASCO_1,CINTURON_1,KMeans_Cluster
8851,27308,27309,2017,1,0,-0.278454,-78.552583,PICHINCHA,QUITO,QUITO,URBANA,2017-12-12,06:50:00,6,MARTES,2,DICIEMBRE,12,NO,PEATON QUE CRUZA LA CALZADA SIN RESPETAR LA SENIALIZACION EXISTENTE (SEMAFOROS O SENIALES MANUALES).,ATROPELLOS,BUS,0,0,1,0,0,0,0,0,0,0,0,0,0,1,89,HOMBRE,LESIONADO,PEATON,NO,NO,0
8852,27309,27310,2017,1,0,-0.177194,-78.487172,PICHINCHA,QUITO,QUITO,URBANA,2017-12-12,07:10:00,7,MARTES,2,DICIEMBRE,12,NO,"NO RESPETAR LAS SENIALES REGLAMENTARIAS DE TRANSITO. (PARE, CEDA EL PASO, LUZ ROJA DEL SEMAFORO, ETC).",CHOQUE LATERAL,CAMIONETA,1,0,0,0,1,0,0,0,0,0,0,0,0,2,34,MUJER,LESIONADO,PASAJERO,NO,NO,0
8853,27310,27311,2017,0,0,-0.327999,-78.542174,PICHINCHA,QUITO,QUITO,URBANA,2017-12-12,07:15:00,7,MARTES,2,DICIEMBRE,12,NO,NO CEDER EL DERECHO DE VIA O PREFERENCIA DE PASO A VEHICULOS.,CHOQUE LATERAL,CAMIONETA,1,0,0,0,1,0,0,0,0,0,0,0,0,2,63,HOMBRE,ILESO,CONDUCTOR PRESENTE,NO,NO,0
8854,27312,27313,2017,0,0,-0.140234,-78.473861,PICHINCHA,QUITO,QUITO,URBANA,2017-12-12,07:30:00,7,MARTES,2,DICIEMBRE,12,NO,REALIZAR CAMBIO BRUSCO O INDEBIDO DE CARRIL.,CHOQUE FRONTAL,AUTOMOVIL,1,0,0,0,0,0,0,0,1,0,0,0,0,2,30,HOMBRE,ILESO,CONDUCTOR PRESENTE,NO,NO,0
8855,27315,27316,2017,0,0,-0.083892,-78.467131,PICHINCHA,QUITO,QUITO,URBANA,2017-12-12,08:30:00,8,MARTES,2,DICIEMBRE,12,NO,"NO RESPETAR LAS SENIALES REGLAMENTARIAS DE TRANSITO. (PARE, CEDA EL PASO, LUZ ROJA DEL SEMAFORO, ETC).",CHOQUE LATERAL,AUTOMOVIL,1,0,0,0,0,0,0,0,1,0,0,0,0,2,52,HOMBRE,ILESO,CONDUCTOR PRESENTE,NO,NO,0
8856,27316,27317,2017,0,0,-0.113663,-78.474506,PICHINCHA,QUITO,QUITO,URBANA,2017-12-12,08:50:00,8,MARTES,2,DICIEMBRE,12,NO,NO MANTENER LA DISTANCIA PRUDENCIAL CON RESPECTO AL VEHICULO QUE LE ANTECEDE.,CHOQUE POSTERIOR,AUTOMOVIL,2,0,0,0,0,0,0,0,0,0,0,0,0,2,30,HOMBRE,ILESO,CONDUCTOR PRESENTE,NO,NO,0
8857,27318,27319,2017,0,1,-0.157264,-78.481009,PICHINCHA,QUITO,QUITO,URBANA,2017-12-12,10:05:00,10,MARTES,2,DICIEMBRE,12,NO,NO GUARDAR LA DISTANCIA LATERAL MINIMA DE SEGURIDAD ENTRE VEHICULOS.,ROZAMIENTOS,CAMION,0,1,0,1,0,0,0,0,0,0,0,0,0,2,22,HOMBRE,FALLECIDO,CONDUCTOR PRESENTE,NO,NO,0
8858,27328,27329,2017,0,0,-0.199638,-78.492479,PICHINCHA,QUITO,QUITO,URBANA,2017-12-12,15:20:00,15,MARTES,2,DICIEMBRE,12,NO,"NO RESPETAR LAS SENIALES REGLAMENTARIAS DE TRANSITO. (PARE, CEDA EL PASO, LUZ ROJA DEL SEMAFORO, ETC).",CHOQUE LATERAL,AUTOMOVIL,1,0,0,0,1,0,0,0,0,0,0,0,0,2,51,HOMBRE,ILESO,CONDUCTOR PRESENTE,NO,NO,0
8859,27332,27333,2017,0,0,-0.311219,-78.546686,PICHINCHA,QUITO,QUITO,URBANA,2017-12-12,16:18:00,16,MARTES,2,DICIEMBRE,12,NO,NO CEDER EL DERECHO DE VIA O PREFERENCIA DE PASO A VEHICULOS.,CHOQUE LATERAL,CAMION,0,0,0,1,0,0,0,0,0,0,0,0,0,1,39,HOMBRE,ILESO,CONDUCTOR PRESENTE,NO,NO,0
8860,27334,27335,2017,1,0,-0.241459,-78.532168,PICHINCHA,QUITO,QUITO,URBANA,2017-12-12,16:45:00,16,MARTES,2,DICIEMBRE,12,NO,NO CEDER EL DERECHO DE VIA O PREFERENCIA DE PASO AL PEATON.,ATROPELLOS,AUTOMOVIL,1,0,0,0,0,0,0,0,0,0,0,0,0,1,44,HOMBRE,LESIONADO,PEATON,NO,NO,0
8861,27335,27336,2017,0,0,-0.242061,-78.521046,PICHINCHA,QUITO,QUITO,URBANA,2017-12-12,17:15:00,17,MARTES,2,DICIEMBRE,12,NO,NO GUARDAR LA DISTANCIA LATERAL MINIMA DE SEGURIDAD ENTRE VEHICULOS.,ROZAMIENTOS,CAMION,1,0,0,1,0,0,0,0,0,0,0,0,0,2,33,HOMBRE,ILESO,CONDUCTOR PRESENTE,NO,NO,0
8862,27337,27338,2017,0,0,-0.108747,-78.455521,PICHINCHA,QUITO,CALDERON (CARAPUNGO),RURAL,2017-12-12,17:20:00,17,MARTES,2,DICIEMBRE,12,NO,NO GUARDAR LA DISTANCIA LATERAL MINIMA DE SEGURIDAD ENTRE VEHICULOS.,ROZAMIENTOS,BUS,1,0,1,0,0,0,0,0,0,0,0,0,0,2,39,HOMBRE,ILESO,CONDUCTOR PRESENTE,NO,NO,3
8863,27338,27339,2017,2,0,-0.185842,-78.479396,PICHINCHA,QUITO,QUITO,URBANA,2017-12-12,18:05:00,18,MARTES,2,DICIEMBRE,12,NO,CONDUCIR VEHICULO SUPERANDO LOS LIMITES MAXIMOS DE VELOCIDAD.,VOLCAMIENTOS,NO IDENTIFICADO,0,0,0,0,0,0,0,0,0,1,0,0,0,1,26,HOMBRE,LESIONADO,PASAJERO,NO,NO,0
8864,27340,27341,2017,0,0,-0.411665,-78.546106,PICHINCHA,MEJIA,TAMBILLO (MEJIA),URBANA,2017-12-12,19:36:00,19,MARTES,2,DICIEMBRE,12,SI,"CONDUCIR DESATENTO A LAS CONDICIONES DE TRANSITO (CELULAR, PANTALLAS DE VIDEO, COMIDA, MAQUILLAJE O CUALQUIER OTRO ELEMENTO DISTRACTOR).",CHOQUE LATERAL,CAMION,0,0,0,2,0,0,0,0,0,0,0,0,0,2,21,HOMBRE,ILESO,CONDUCTOR PRESENTE,NO,NO,0
8865,27343,27344,2017,0,0,-0.140234,-78.473861,PICHINCHA,QUITO,QUITO,URBANA,2017-12-12,21:00:00,21,MARTES,2,DICIEMBRE,12,NO,"CONDUCIR DESATENTO A LAS CONDICIONES DE TRANSITO (CELULAR, PANTALLAS DE VIDEO, COMIDA, MAQUILLAJE O CUALQUIER OTRO ELEMENTO DISTRACTOR).",CHOQUE POSTERIOR,AUTOMOVIL,1,0,0,0,0,0,0,0,0,0,0,0,0,1,18,HOMBRE,ILESO,CONDUCTOR PRESENTE,NO,NO,0
8866,27345,27346,2017,0,0,-0.346031,-78.444328,PICHINCHA,RUMINIAHUI,SANGOLQUI,URBANA,2017-12-12,21:30:00,21,MARTES,2,DICIEMBRE,12,SI,NO MANTENER LA DISTANCIA PRUDENCIAL CON RESPECTO AL VEHICULO QUE LE ANTECEDE.,COLISION,AUTOMOVIL,3,0,0,0,0,0,0,0,0,0,0,0,0,3,71,HOMBRE,ILESO,CONDUCTOR PRESENTE,NO,NO,0
8867,27363,27364,2017,0,0,-0.043651,-78.336224,PICHINCHA,QUITO,GUAYLLABAMBA,RURAL,2017-12-13,05:30:00,5,MIERCOLES,3,DICIEMBRE,12,SI,"CONDUCIR DESATENTO A LAS CONDICIONES DE TRANSITO (CELULAR, PANTALLAS DE VIDEO, COMIDA, MAQUILLAJE O CUALQUIER OTRO ELEMENTO DISTRACTOR).",CHOQUE LATERAL,MOTOCICLETA,1,0,0,0,0,0,0,0,2,0,0,0,0,3,33,HOMBRE,ILESO,CONDUCTOR PRESENTE,NO,NO,3
8868,27364,27365,2017,1,0,-0.089759,-78.446554,PICHINCHA,QUITO,CALDERON (CARAPUNGO),URBANA,2017-12-13,06:08:00,6,MIERCOLES,3,DICIEMBRE,12,NO,BAJARSE O SUBIRSE DE VEHICULOS EN MOVIMIENTO SIN TOMAR LAS PRECAUCIONES DEBIDAS.,CAIDA DE PASAJERO,BUS,0,0,1,0,0,0,0,0,0,0,0,0,0,1,55,HOMBRE,LESIONADO,PASAJERO,NO,NO,0
8869,27366,27367,2017,0,0,-0.275777,-78.553507,PICHINCHA,QUITO,QUITO,URBANA,2017-12-13,06:45:00,6,MIERCOLES,3,DICIEMBRE,12,NO,"CONDUCE BAJO LA INFLUENCIA DE ALCOHOL, SUSTANCIAS ESTUPEFACIENTES O PSICOTROPICAS Y/O MEDICAMENTOS.",CHOQUE LATERAL,AUTOMOVIL,2,0,0,0,0,0,0,0,0,0,0,0,0,2,32,HOMBRE,ILESO,CONDUCTOR PRESENTE,NO,NO,0
8870,27367,27368,2017,1,0,-0.120424,-78.415686,PICHINCHA,QUITO,CALDERON (CARAPUNGO),RURAL,2017-12-13,06:55:00,6,MIERCOLES,3,DICIEMBRE,12,NO,PEATON QUE CRUZA LA CALZADA SIN RESPETAR LA SENIALIZACION EXISTENTE (SEMAFOROS O SENIALES MANUALES).,ATROPELLOS,AUTOMOVIL,1,0,0,0,0,0,0,0,0,0,0,0,0,1,52,MUJER,LESIONADO,PEATON,NO,NO,3
8871,27368,27369,2017,0,0,-0.203491,-78.458775,PICHINCHA,QUITO,QUITO,RURAL,2017-12-13,07:10:00,7,MIERCOLES,3,DICIEMBRE,12,NO,"CONDUCIR DESATENTO A LAS CONDICIONES DE TRANSITO (CELULAR, PANTALLAS DE VIDEO, COMIDA, MAQUILLAJE O CUALQUIER OTRO ELEMENTO DISTRACTOR).",COLISION,CAMIONETA,0,0,0,0,2,0,0,0,0,1,0,0,0,3,60,HOMBRE,ILESO,CONDUCTOR PRESENTE,NO,NO,3
8872,27369,27370,2017,1,0,-0.076123,-78.445353,PICHINCHA,QUITO,CALDERON (CARAPUNGO),RURAL,2017-12-13,07:30:00,7,MIERCOLES,3,DICIEMBRE,12,NO,NO CEDER EL DERECHO DE VIA O PREFERENCIA DE PASO A VEHICULOS.,CHOQUE LATERAL,MOTOCICLETA,0,0,0,0,0,0,0,0,1,0,0,0,0,1,19,HOMBRE,LESIONADO,CONDUCTOR PRESENTE,NO,NO,3
8873,27370,27371,2017,1,0,-0.232615,-78.503695,PICHINCHA,QUITO,QUITO,URBANA,2017-12-13,08:15:00,8,MIERCOLES,3,DICIEMBRE,12,NO,NO MANTENER LA DISTANCIA PRUDENCIAL CON RESPECTO AL VEHICULO QUE LE ANTECEDE.,COLISION,VEHICULO DEPORTIVO UTILITARIO,0,0,0,0,0,0,0,0,1,0,0,0,1,2,28,HOMBRE,LESIONADO,CONDUCTOR PRESENTE,NO,NO,0
8874,27372,27373,2017,1,0,-0.214643,-78.516701,PICHINCHA,QUITO,QUITO,URBANA,2017-12-13,08:30:00,8,MIERCOLES,3,DICIEMBRE,12,NO,PEATON QUE CRUZA LA CALZADA SIN RESPETAR LA SENIALIZACION EXISTENTE (SEMAFOROS O SENIALES MANUALES).,ATROPELLOS,AUTOMOVIL,1,0,0,0,0,0,0,0,0,0,0,0,0,1,30,MUJER,LESIONADO,PEATON,NO,NO,0
8875,27373,27374,2017,1,0,-0.214087,-78.503065,PICHINCHA,QUITO,QUITO,URBANA,2017-12-13,08:48:00,8,MIERCOLES,3,DICIEMBRE,12,NO,NO CEDER EL DERECHO DE VIA O PREFERENCIA DE PASO AL PEATON.,ATROPELLOS,BUS,0,0,1,0,0,0,0,0,0,0,0,0,0,1,16,HOMBRE,LESIONADO,PEATON,NO,NO,0
8876,27374,27375,2017,0,0,-0.203601,-78.483057,PICHINCHA,QUITO,QUITO,URBANA,2017-12-13,09:14:00,9,MIERCOLES,3,DICIEMBRE,12,NO,NO CEDER EL DERECHO DE VIA O PREFERENCIA DE PASO A VEHICULOS.,CHOQUE LATERAL,BUS,0,0,1,0,0,0,0,1,0,0,0,0,0,2,25,HOMBRE,ILESO,CONDUCTOR PRESENTE,NO,NO,0
8877,27379,27380,2017,1,0,-0.129369,-78.481353,PICHINCHA,QUITO,QUITO,URBANA,2017-12-13,10:55:00,10,MIERCOLES,3,DICIEMBRE,12,NO,NO TRANSITAR POR LAS ACERAS O ZONAS DE SEGURIDAD DESTINADAS PARA EL EFECTO.,ATROPELLOS,NO IDENTIFICADO,0,0,0,0,0,0,0,0,0,1,0,0,0,1,37,HOMBRE,LESIONADO,PEATON,NO,NO,0
8878,27380,27381,2017,0,0,-0.104118,-78.497753,PICHINCHA,QUITO,QUITO,URBANA,2017-12-13,11:05:00,11,MIERCOLES,3,DICIEMBRE,12,NO,NO GUARDAR LA DISTANCIA LATERAL MINIMA DE SEGURIDAD ENTRE VEHICULOS.,ROZAMIENTOS,AUTOMOVIL,1,0,0,0,0,0,0,0,0,0,0,0,0,1,30,MUJER,ILESO,CONDUCTOR PRESENTE,NO,NO,0
8879,27385,27386,2017,0,0,-0.122327,-78.497485,PICHINCHA,QUITO,QUITO,URBANA,2017-12-13,12:30:00,12,MIERCOLES,3,DICIEMBRE,12,NO,"CONDUCIR DESATENTO A LAS CONDICIONES DE TRANSITO (CELULAR, PANTALLAS DE VIDEO, COMIDA, MAQUILLAJE O CUALQUIER OTRO ELEMENTO DISTRACTOR).",ESTRELLAMIENTOS,NO IDENTIFICADO,0,0,0,0,0,0,0,0,0,1,0,0,0,1,-1,NO IDENTIFICADO,NO IDENTIFICADO,CONDUCTOR AUSENTE,NO,NO,2
8880,27386,27387,2017,0,0,-0.188711,-78.496435,PICHINCHA,QUITO,QUITO,URBANA,2017-12-13,12:57:00,12,MIERCOLES,3,DICIEMBRE,12,NO,"NO RESPETAR LAS SENIALES REGLAMENTARIAS DE TRANSITO. (PARE, CEDA EL PASO, LUZ ROJA DEL SEMAFORO, ETC).",CHOQUE LATERAL,AUTOMOVIL,1,0,0,0,0,0,0,0,0,0,0,0,0,1,28,HOMBRE,ILESO,CONDUCTOR PRESENTE,NO,NO,0
8881,27388,27389,2017,0,0,-0.122188,-78.498965,PICHINCHA,QUITO,QUITO,URBANA,2017-12-13,13:20:00,13,MIERCOLES,3,DICIEMBRE,12,NO,"CONDUCIR DESATENTO A LAS CONDICIONES DE TRANSITO (CELULAR, PANTALLAS DE VIDEO, COMIDA, MAQUILLAJE O CUALQUIER OTRO ELEMENTO DISTRACTOR).",ESTRELLAMIENTOS,NO IDENTIFICADO,0,0,0,0,0,0,0,0,0,1,0,0,0,1,-1,NO IDENTIFICADO,NO IDENTIFICADO,CONDUCTOR AUSENTE,NO,NO,2
8882,27390,27391,2017,0,0,-0.094631,-78.482043,PICHINCHA,QUITO,QUITO,URBANA,2017-12-13,13:50:00,13,MIERCOLES,3,DICIEMBRE,12,NO,NO CEDER EL DERECHO DE VIA O PREFERENCIA DE PASO A VEHICULOS.,CHOQUE LATERAL,AUTOMOVIL,1,0,0,0,0,0,0,0,1,0,0,0,0,2,21,MUJER,ILESO,CONDUCTOR PRESENTE,NO,NO,0
8883,27392,27393,2017,1,0,-0.187327,-78.505347,PICHINCHA,QUITO,QUITO,URBANA,2017-12-13,15:10:00,15,MIERCOLES,3,DICIEMBRE,12,NO,NO TRANSITAR POR LAS ACERAS O ZONAS DE SEGURIDAD DESTINADAS PARA EL EFECTO.,ATROPELLOS,MOTOCICLETA,0,0,0,0,0,0,0,0,1,0,0,0,1,2,41,MUJER,LESIONADO,CONDUCTOR PRESENTE,SI,NO,0
8884,27394,27395,2017,1,0,-0.169343,-78.484403,PICHINCHA,QUITO,QUITO,URBANA,2017-12-13,15:45:00,15,MIERCOLES,3,DICIEMBRE,12,NO,NO CEDER EL DERECHO DE VIA O PREFERENCIA DE PASO AL PEATON.,ATROPELLOS,FURGONETA,0,0,0,0,0,0,0,1,0,0,0,0,0,1,29,MUJER,LESIONADO,PEATON,NO,NO,0
8885,27395,27396,2017,0,0,-0.169191,-78.476161,PICHINCHA,QUITO,QUITO,URBANA,2017-12-13,15:55:00,15,MIERCOLES,3,DICIEMBRE,12,NO,NO MANTENER LA DISTANCIA PRUDENCIAL CON RESPECTO AL VEHICULO QUE LE ANTECEDE.,CHOQUE POSTERIOR,AUTOMOVIL,1,0,0,0,0,0,0,0,0,0,0,0,1,2,42,HOMBRE,ILESO,CONDUCTOR PRESENTE,NO,NO,0
8886,27399,27400,2017,1,0,-0.149641,-78.492776,PICHINCHA,QUITO,QUITO,URBANA,2017-12-13,18:40:00,18,MIERCOLES,3,DICIEMBRE,12,NO,"NO RESPETAR LAS SENIALES REGLAMENTARIAS DE TRANSITO. (PARE, CEDA EL PASO, LUZ ROJA DEL SEMAFORO, ETC).",CHOQUE LATERAL,MOTOCICLETA,0,0,0,0,0,0,0,0,1,0,0,0,0,1,67,MUJER,LESIONADO,PEATON,NO,NO,0
8887,27403,27404,2017,1,0,-0.175941,-78.485654,PICHINCHA,QUITO,QUITO,URBANA,2017-12-13,20:07:00,20,MIERCOLES,3,DICIEMBRE,12,NO,NO CEDER EL DERECHO DE VIA O PREFERENCIA DE PASO AL PEATON.,ATROPELLOS,NO IDENTIFICADO,0,0,0,0,0,0,0,0,0,1,0,0,0,1,38,MUJER,LESIONADO,PEATON,NO,NO,0
8888,27422,27423,2017,0,0,-0.323661,-78.556475,PICHINCHA,QUITO,QUITO,URBANA,2017-12-14,00:00:00,0,JUEVES,4,DICIEMBRE,12,NO,"CONDUCIR EN ESTADO DE SOMNOLENCIA O MALAS CONDICIONES FISICAS (SUENIO, CANSANCIO Y FATIGA).",CHOQUE POSTERIOR,BUS,1,0,1,0,0,0,0,0,0,0,0,0,0,2,38,HOMBRE,ILESO,CONDUCTOR PRESENTE,NO,NO,0
8889,27427,27428,2017,2,0,-0.246269,-78.534319,PICHINCHA,QUITO,QUITO,URBANA,2017-12-14,06:30:00,6,JUEVES,4,DICIEMBRE,12,NO,"NO RESPETAR LAS SENIALES REGLAMENTARIAS DE TRANSITO. (PARE, CEDA EL PASO, LUZ ROJA DEL SEMAFORO, ETC).",CHOQUE LATERAL,AUTOMOVIL,2,0,0,0,0,0,0,0,0,0,0,0,0,2,15,HOMBRE,LESIONADO,PASAJERO,NO,NO,0
8890,27428,27429,2017,0,0,-0.438424,-78.711476,PICHINCHA,MEJIA,ALOAG,RURAL,2017-12-14,06:31:00,6,JUEVES,4,DICIEMBRE,12,SI,"CONDUCIR DESATENTO A LAS CONDICIONES DE TRANSITO (CELULAR, PANTALLAS DE VIDEO, COMIDA, MAQUILLAJE O CUALQUIER OTRO ELEMENTO DISTRACTOR).",CHOQUE FRONTAL,CAMIONETA,0,0,0,0,2,0,0,0,0,0,0,0,0,2,48,HOMBRE,ILESO,CONDUCTOR PRESENTE,NO,NO,3
8891,27430,27431,2017,1,0,-0.146929,-78.480688,PICHINCHA,QUITO,QUITO,URBANA,2017-12-14,07:10:00,7,JUEVES,4,DICIEMBRE,12,NO,NO CEDER EL DERECHO DE VIA O PREFERENCIA DE PASO AL PEATON.,ATROPELLOS,NO IDENTIFICADO,0,0,0,0,0,0,0,0,0,1,0,0,0,1,27,MUJER,LESIONADO,PEATON,NO,NO,0
8892,27431,27432,2017,1,0,-0.286321,-78.563763,PICHINCHA,QUITO,QUITO,URBANA,2017-12-14,07:30:00,7,JUEVES,4,DICIEMBRE,12,NO,NO CEDER EL DERECHO DE VIA O PREFERENCIA DE PASO AL PEATON.,ATROPELLOS,VEHICULO DEPORTIVO UTILITARIO,0,0,0,0,0,0,0,0,0,0,0,0,1,1,53,HOMBRE,LESIONADO,PEATON,NO,NO,0
8893,27433,27434,2017,0,0,-0.449787,-78.648544,PICHINCHA,MEJIA,ALOAG,RURAL,2017-12-14,09:00:00,9,JUEVES,4,DICIEMBRE,12,SI,"CONDUCIR DESATENTO A LAS CONDICIONES DE TRANSITO (CELULAR, PANTALLAS DE VIDEO, COMIDA, MAQUILLAJE O CUALQUIER OTRO ELEMENTO DISTRACTOR).",CHOQUE LATERAL,CAMION,0,0,0,2,0,0,0,0,0,0,0,0,1,3,53,HOMBRE,ILESO,CONDUCTOR PRESENTE,NO,NO,3
8894,27438,27439,2017,0,0,-0.164255,-78.483596,PICHINCHA,QUITO,QUITO,URBANA,2017-12-14,12:00:00,12,JUEVES,4,DICIEMBRE,12,NO,"NO RESPETAR LAS SENIALES REGLAMENTARIAS DE TRANSITO. (PARE, CEDA EL PASO, LUZ ROJA DEL SEMAFORO, ETC).",CHOQUE LATERAL,FURGONETA,1,0,0,0,0,0,0,1,0,0,0,0,0,2,50,HOMBRE,ILESO,CONDUCTOR PRESENTE,NO,NO,0
8895,27439,27440,2017,1,0,-0.232716,-78.503774,PICHINCHA,QUITO,QUITO,URBANA,2017-12-14,12:05:00,12,JUEVES,4,DICIEMBRE,12,NO,BAJARSE O SUBIRSE DE VEHICULOS EN MOVIMIENTO SIN TOMAR LAS PRECAUCIONES DEBIDAS.,CAIDA DE PASAJERO,NO IDENTIFICADO,0,0,0,0,0,0,0,0,0,1,0,0,0,1,14,HOMBRE,LESIONADO,PASAJERO,NO,NO,0
8896,27441,27442,2017,0,0,-0.282876,-78.544334,PICHINCHA,QUITO,QUITO,URBANA,2017-12-14,12:45:00,12,JUEVES,4,DICIEMBRE,12,NO,"CONDUCIR DESATENTO A LAS CONDICIONES DE TRANSITO (CELULAR, PANTALLAS DE VIDEO, COMIDA, MAQUILLAJE O CUALQUIER OTRO ELEMENTO DISTRACTOR).",CHOQUE POSTERIOR,AUTOMOVIL,1,0,0,0,0,0,0,0,0,1,0,0,0,2,40,MUJER,ILESO,CONDUCTOR PRESENTE,NO,NO,0
8897,27443,27444,2017,3,0,-0.272109,-78.527469,PICHINCHA,QUITO,QUITO,URBANA,2017-12-14,13:30:00,13,JUEVES,4,DICIEMBRE,12,NO,"NO RESPETAR LAS SENIALES REGLAMENTARIAS DE TRANSITO. (PARE, CEDA EL PASO, LUZ ROJA DEL SEMAFORO, ETC).",CHOQUE LATERAL,AUTOMOVIL,2,0,0,0,0,0,0,0,0,0,0,0,0,2,11,HOMBRE,LESIONADO,PASAJERO,NO,NO,0
8898,27447,27448,2017,1,0,-0.128701,-78.493882,PICHINCHA,QUITO,QUITO,URBANA,2017-12-14,14:35:00,14,JUEVES,4,DICIEMBRE,12,NO,"PRESENCIA DE AGENTES EXTERNOS EN LA VIA (AGUA, ACEITE, PIEDRA, LASTRE, ESCOMBROS, MADEROS, ETC.).",PERDIDA DE PISTA,BICICLETA,0,1,0,0,0,0,0,0,0,0,0,0,0,1,22,HOMBRE,LESIONADO,CONDUCTOR PRESENTE,NO,NO,0
8899,27448,27449,2017,0,0,-0.290281,-78.538717,PICHINCHA,QUITO,QUITO,URBANA,2017-12-14,14:40:00,14,JUEVES,4,DICIEMBRE,12,NO,NO CEDER EL DERECHO DE VIA O PREFERENCIA DE PASO A VEHICULOS.,CHOQUE LATERAL,CAMIONETA,0,0,0,0,1,0,1,0,0,0,0,0,0,2,30,HOMBRE,ILESO,CONDUCTOR PRESENTE,NO,NO,0
8900,27449,27450,2017,0,0,-0.164801,-78.468071,PICHINCHA,QUITO,QUITO,URBANA,2017-12-14,14:40:00,14,JUEVES,4,DICIEMBRE,12,NO,NO GUARDAR LA DISTANCIA LATERAL MINIMA DE SEGURIDAD ENTRE VEHICULOS.,ROZAMIENTOS,ESPECIAL,0,0,0,0,0,0,1,1,0,0,0,0,0,2,66,HOMBRE,ILESO,CONDUCTOR PRESENTE,NO,NO,0
8901,27450,27451,2017,0,0,-0.205025,-78.491254,PICHINCHA,QUITO,QUITO,URBANA,2017-12-14,14:40:00,14,JUEVES,4,DICIEMBRE,12,NO,"NO RESPETAR LAS SENIALES REGLAMENTARIAS DE TRANSITO. (PARE, CEDA EL PASO, LUZ ROJA DEL SEMAFORO, ETC).",CHOQUE LATERAL,CAMION,1,0,0,1,0,0,0,0,0,0,0,0,0,2,32,HOMBRE,ILESO,CONDUCTOR PRESENTE,NO,NO,0
8902,27451,27452,2017,1,0,-0.257273,-78.520159,PICHINCHA,QUITO,QUITO,URBANA,2017-12-14,16:00:00,16,JUEVES,4,DICIEMBRE,12,NO,CONDUCIR EN SENTIDO CONTRARIO A LA VIA NORMAL DE CIRCULACION.,CHOQUE FRONTAL,MOTOCICLETA,0,0,0,0,0,0,0,0,1,0,0,0,0,1,39,HOMBRE,LESIONADO,CONDUCTOR PRESENTE,NO,NO,0
8903,27452,27453,2017,0,0,-0.196669,-78.466599,PICHINCHA,QUITO,QUITO,URBANA,2017-12-14,16:25:00,16,JUEVES,4,DICIEMBRE,12,NO,NO MANTENER LA DISTANCIA PRUDENCIAL CON RESPECTO AL VEHICULO QUE LE ANTECEDE.,COLISION,CAMIONETA,1,0,0,0,2,0,0,0,0,0,0,0,0,3,39,HOMBRE,ILESO,CONDUCTOR PRESENTE,NO,NO,0
8904,27453,27454,2017,0,0,-0.204373,-78.500517,PICHINCHA,QUITO,QUITO,URBANA,2017-12-14,16:52:00,16,JUEVES,4,DICIEMBRE,12,NO,NO MANTENER LA DISTANCIA PRUDENCIAL CON RESPECTO AL VEHICULO QUE LE ANTECEDE.,CHOQUE POSTERIOR,AUTOMOVIL,2,0,0,0,0,0,0,0,0,0,0,0,0,2,45,HOMBRE,ILESO,CONDUCTOR PRESENTE,NO,NO,0
8905,27454,27455,2017,1,0,-0.154291,-78.473778,PICHINCHA,QUITO,QUITO,URBANA,2017-12-14,17:00:00,17,JUEVES,4,DICIEMBRE,12,NO,"PEATON TRANSITA BAJO INFLUENCIA DE ALCOHOL, SUSTANCIAS ESTUPEFACIENTES O PSICOTROPICAS Y/O MEDICAMENTOS.",CAIDA DE PASAJERO,NO IDENTIFICADO,0,0,0,0,0,0,0,0,0,1,0,0,0,1,40,HOMBRE,LESIONADO,PASAJERO,NO,NO,0
8906,27457,27458,2017,0,0,-0.285961,-78.440971,PICHINCHA,QUITO,ALANGASI,RURAL,2017-12-14,18:55:00,18,JUEVES,4,DICIEMBRE,12,NO,CONDUCIR VEHICULO SUPERANDO LOS LIMITES MAXIMOS DE VELOCIDAD.,ESTRELLAMIENTOS,AUTOMOVIL,1,0,0,0,0,0,0,0,0,0,0,0,0,1,36,HOMBRE,ILESO,CONDUCTOR PRESENTE,NO,NO,3
8907,27458,27459,2017,1,0,-0.151663,-78.464341,PICHINCHA,QUITO,QUITO,RURAL,2017-12-14,19:05:00,19,JUEVES,4,DICIEMBRE,12,NO,CONDUCIR VEHICULO SUPERANDO LOS LIMITES MAXIMOS DE VELOCIDAD.,CAIDA DE PASAJERO,BUS,0,0,1,0,0,0,0,0,0,0,0,0,0,1,22,MUJER,LESIONADO,PASAJERO,NO,NO,3