,Unnamed: 0,ID,ANIO,LESIONADOS,FALLECIDOS,LATITUD_Y,LONGITUD_X,PROVINCIA,CANTON,PARROQUIA,ZONA,FECHA,HORA,PERIODO_2,DIA_1,DIA_2,MES_1,MES_2,FERIADO,CAUSA_PROBABLE,TIPO_DE_SINIESTRO,TIPO_DE_VEHICULO_1,AUTOMOVIL,BICICLETA,BUS,CAMION,CAMIONETA,EMERGENCIAS,ESPECIAL,FURGONETA,MOTOCICLETA,NO_IDENTIFICADO,SCOOTER_ELECTRICO,TRICIMOTO,VEHICULO_DEPORTIVO_UTILITARIO,SUMA_DE_VEHICULOS,EDAD_1,SEXO_1,CONDICION_1,PARTICIPANTE_1,CASCO_1,CINTURON_1,KMeans_Cluster
8908,27459,27460,2017,1,0,-0.275327,-78.535791,PICHINCHA,QUITO,QUITO,URBANA,2017-12-14,19:10:00,19,JUEVES,4,DICIEMBRE,12,NO,NO CEDER EL DERECHO DE VIA O PREFERENCIA DE PASO AL PEATON.,ATROPELLOS,CAMIONETA,0,0,0,0,1,0,0,0,0,0,0,0,0,1,87,HOMBRE,LESIONADO,PEATON,NO,NO,0
8909,27461,27462,2017,0,0,-0.105401,-78.475676,PICHINCHA,QUITO,QUITO,URBANA,2017-12-14,20:30:00,20,JUEVES,4,DICIEMBRE,12,NO,"CONDUCE BAJO LA INFLUENCIA DE ALCOHOL, SUSTANCIAS ESTUPEFACIENTES O PSICOTROPICAS Y/O MEDICAMENTOS.",CHOQUE POSTERIOR,AUTOMOVIL,2,0,0,0,0,0,0,0,0,0,0,0,0,2,24,HOMBRE,ILESO,CONDUCTOR PRESENTE,NO,NO,0
8910,27464,27465,2017,1,0,-0.156804,-78.496783,PICHINCHA,QUITO,QUITO,URBANA,2017-12-14,21:30:00,21,JUEVES,4,DICIEMBRE,12,NO,"PEATON TRANSITA BAJO INFLUENCIA DE ALCOHOL, SUSTANCIAS ESTUPEFACIENTES O PSICOTROPICAS Y/O MEDICAMENTOS.",ATROPELLOS,NO IDENTIFICADO,0,0,0,0,0,0,0,0,0,1,0,0,0,1,20,HOMBRE,LESIONADO,PEATON,NO,NO,0
8911,27465,27466,2017,0,0,-0.284632,-78.532759,PICHINCHA,QUITO,QUITO,URBANA,2017-12-14,21:50:00,21,JUEVES,4,DICIEMBRE,12,NO,NO CEDER EL DERECHO DE VIA O PREFERENCIA DE PASO A VEHICULOS.,CHOQUE LATERAL,CAMIONETA,1,0,0,0,1,0,0,0,0,0,0,0,0,2,30,HOMBRE,ILESO,CONDUCTOR PRESENTE,NO,NO,0
8912,27468,27469,2017,1,0,-0.463401,-78.571582,PICHINCHA,MEJIA,ALOAG,URBANA,2017-12-14,23:15:00,23,JUEVES,4,DICIEMBRE,12,SI,"CONDUCIR DESATENTO A LAS CONDICIONES DE TRANSITO (CELULAR, PANTALLAS DE VIDEO, COMIDA, MAQUILLAJE O CUALQUIER OTRO ELEMENTO DISTRACTOR).",ESTRELLAMIENTOS,CAMION,0,0,0,2,0,0,0,0,0,0,0,0,0,2,30,HOMBRE,LESIONADO,PASAJERO,NO,NO,0
8913,27471,27472,2017,0,0,-0.212824,-78.402686,PICHINCHA,QUITO,TUMBACO,URBANA,2017-12-14,23:45:00,23,JUEVES,4,DICIEMBRE,12,NO,"CONDUCIR EN ESTADO DE SOMNOLENCIA O MALAS CONDICIONES FISICAS (SUENIO, CANSANCIO Y FATIGA).",ESTRELLAMIENTOS,CAMIONETA,0,0,0,0,1,0,0,0,0,0,0,0,0,1,40,MUJER,ILESO,CONDUCTOR PRESENTE,NO,NO,0
8914,27489,27490,2017,2,0,-0.299621,-78.524243,PICHINCHA,QUITO,QUITO,URBANA,2017-12-15,00:55:00,0,VIERNES,5,DICIEMBRE,12,NO,CONDUCIR VEHICULO SUPERANDO LOS LIMITES MAXIMOS DE VELOCIDAD.,ESTRELLAMIENTOS,MOTOCICLETA,1,0,0,0,0,0,0,0,1,0,0,0,0,2,35,HOMBRE,LESIONADO,PASAJERO,NO,NO,0
8915,27490,27491,2017,3,0,-0.126486,-78.477887,PICHINCHA,QUITO,QUITO,URBANA,2017-12-15,02:00:00,2,VIERNES,5,DICIEMBRE,12,NO,"CONDUCE BAJO LA INFLUENCIA DE ALCOHOL, SUSTANCIAS ESTUPEFACIENTES O PSICOTROPICAS Y/O MEDICAMENTOS.",CHOQUE LATERAL,VEHICULO DEPORTIVO UTILITARIO,0,0,0,0,0,0,0,0,0,0,0,0,2,2,31,HOMBRE,LESIONADO,CONDUCTOR PRESENTE,NO,NO,0
8916,27491,27492,2017,0,0,-0.218371,-78.521493,PICHINCHA,QUITO,QUITO,URBANA,2017-12-15,02:00:00,2,VIERNES,5,DICIEMBRE,12,NO,NO GUARDAR LA DISTANCIA LATERAL MINIMA DE SEGURIDAD ENTRE VEHICULOS.,ROZAMIENTOS,CAMIONETA,0,0,0,0,1,0,0,0,0,0,0,0,0,1,51,HOMBRE,ILESO,CONDUCTOR PRESENTE,NO,NO,0
8917,27493,27494,2017,3,0,-0.176075,-78.485021,PICHINCHA,QUITO,QUITO,URBANA,2017-12-15,02:50:00,2,VIERNES,5,DICIEMBRE,12,NO,"NO RESPETAR LAS SENIALES REGLAMENTARIAS DE TRANSITO. (PARE, CEDA EL PASO, LUZ ROJA DEL SEMAFORO, ETC).",CHOQUE LATERAL,AUTOMOVIL,2,0,0,0,0,0,0,0,0,0,0,0,0,2,26,MUJER,LESIONADO,PASAJERO,NO,NO,0
8918,27494,27495,2017,0,0,-0.102218,-78.491328,PICHINCHA,QUITO,QUITO,URBANA,2017-12-15,03:30:00,3,VIERNES,5,DICIEMBRE,12,NO,"CONDUCIR EN ESTADO DE SOMNOLENCIA O MALAS CONDICIONES FISICAS (SUENIO, CANSANCIO Y FATIGA).",PERDIDA DE PISTA,CAMION,0,0,0,2,0,0,0,0,0,0,0,0,0,2,52,HOMBRE,ILESO,CONDUCTOR PRESENTE,NO,NO,0
8919,27497,27498,2017,0,0,-0.100887,-78.480978,PICHINCHA,QUITO,QUITO,URBANA,2017-12-15,05:27:00,5,VIERNES,5,DICIEMBRE,12,NO,"CONDUCIR EN ESTADO DE SOMNOLENCIA O MALAS CONDICIONES FISICAS (SUENIO, CANSANCIO Y FATIGA).",ESTRELLAMIENTOS,VEHICULO DEPORTIVO UTILITARIO,0,0,0,0,0,0,0,0,0,0,0,0,1,1,35,HOMBRE,ILESO,CONDUCTOR PRESENTE,NO,NO,0
8920,27498,27499,2017,1,0,-0.181406,-78.505089,PICHINCHA,QUITO,QUITO,URBANA,2017-12-15,05:50:00,5,VIERNES,5,DICIEMBRE,12,NO,CONDUCIR VEHICULO SUPERANDO LOS LIMITES MAXIMOS DE VELOCIDAD.,PERDIDA DE PISTA,VEHICULO DEPORTIVO UTILITARIO,0,0,0,0,0,0,0,0,0,0,0,0,1,1,27,MUJER,LESIONADO,CONDUCTOR PRESENTE,NO,NO,0
8921,27499,27500,2017,0,0,-0.190371,-78.484867,PICHINCHA,QUITO,QUITO,URBANA,2017-12-15,07:10:00,7,VIERNES,5,DICIEMBRE,12,NO,"NO RESPETAR LAS SENIALES REGLAMENTARIAS DE TRANSITO. (PARE, CEDA EL PASO, LUZ ROJA DEL SEMAFORO, ETC).",CHOQUE LATERAL,AUTOMOVIL,2,0,0,0,0,0,0,0,0,0,0,0,0,2,28,HOMBRE,ILESO,CONDUCTOR PRESENTE,NO,NO,0
8922,27500,27501,2017,0,0,-0.196481,-78.503071,PICHINCHA,QUITO,QUITO,URBANA,2017-12-15,07:55:00,7,VIERNES,5,DICIEMBRE,12,NO,NO GUARDAR LA DISTANCIA LATERAL MINIMA DE SEGURIDAD ENTRE VEHICULOS.,ROZAMIENTOS,AUTOMOVIL,1,0,0,0,0,0,0,0,0,0,0,0,0,1,66,HOMBRE,ILESO,CONDUCTOR PRESENTE,NO,NO,0
8923,27511,27512,2017,1,0,-0.188003,-78.491954,PICHINCHA,QUITO,QUITO,URBANA,2017-12-15,11:14:00,11,VIERNES,5,DICIEMBRE,12,NO,NO TRANSITAR POR LAS ACERAS O ZONAS DE SEGURIDAD DESTINADAS PARA EL EFECTO.,ATROPELLOS,BUS,0,0,1,0,0,0,0,0,0,0,0,0,0,1,21,MUJER,LESIONADO,PEATON,NO,NO,0
8924,27513,27514,2017,0,0,-0.190172,-78.498241,PICHINCHA,QUITO,QUITO,URBANA,2017-12-15,13:00:00,13,VIERNES,5,DICIEMBRE,12,NO,"CONDUCIR DESATENTO A LAS CONDICIONES DE TRANSITO (CELULAR, PANTALLAS DE VIDEO, COMIDA, MAQUILLAJE O CUALQUIER OTRO ELEMENTO DISTRACTOR).",ESTRELLAMIENTOS,MOTOCICLETA,0,0,0,0,0,0,0,0,1,0,0,0,0,1,-1,HOMBRE,ILESO,CONDUCTOR PRESENTE,NO,NO,0
8925,27515,27516,2017,1,0,-0.333031,-78.543153,PICHINCHA,QUITO,QUITO,URBANA,2017-12-15,13:10:00,13,VIERNES,5,DICIEMBRE,12,NO,"CONDUCIR DESATENTO A LAS CONDICIONES DE TRANSITO (CELULAR, PANTALLAS DE VIDEO, COMIDA, MAQUILLAJE O CUALQUIER OTRO ELEMENTO DISTRACTOR).",ESTRELLAMIENTOS,AUTOMOVIL,2,0,0,0,0,0,0,0,0,0,0,0,0,2,30,MUJER,LESIONADO,PEATON,NO,NO,0
8926,27519,27520,2017,2,0,-0.198855,-78.436693,PICHINCHA,QUITO,CUMBAYA,RURAL,2017-12-15,13:48:00,13,VIERNES,5,DICIEMBRE,12,NO,CONDUCIR VEHICULO SUPERANDO LOS LIMITES MAXIMOS DE VELOCIDAD.,PERDIDA DE PISTA,MOTOCICLETA,0,0,0,0,0,0,0,0,1,0,0,0,0,1,22,HOMBRE,LESIONADO,CONDUCTOR PRESENTE,NO,NO,3
8927,27526,27527,2017,0,0,-0.103311,-78.424162,PICHINCHA,QUITO,CALDERON (CARAPUNGO),RURAL,2017-12-15,16:20:00,16,VIERNES,5,DICIEMBRE,12,NO,NO GUARDAR LA DISTANCIA LATERAL MINIMA DE SEGURIDAD ENTRE VEHICULOS.,ROZAMIENTOS,CAMIONETA,0,0,1,0,1,0,0,0,0,0,0,0,0,2,49,HOMBRE,ILESO,CONDUCTOR PRESENTE,NO,NO,3
8928,27527,27528,2017,2,0,-0.274574,-78.510902,PICHINCHA,QUITO,QUITO,URBANA,2017-12-15,16:45:00,16,VIERNES,5,DICIEMBRE,12,NO,NO CEDER EL DERECHO DE VIA O PREFERENCIA DE PASO A VEHICULOS.,CHOQUE LATERAL,AUTOMOVIL,1,0,0,0,1,0,0,0,0,0,0,0,0,2,29,HOMBRE,LESIONADO,CONDUCTOR PRESENTE,NO,NO,0
8929,27528,27529,2017,1,0,-0.166151,-78.438775,PICHINCHA,QUITO,NAYON,RURAL,2017-12-15,17:10:00,17,VIERNES,5,DICIEMBRE,12,NO,NO TRANSITAR POR LAS ACERAS O ZONAS DE SEGURIDAD DESTINADAS PARA EL EFECTO.,ATROPELLOS,NO IDENTIFICADO,0,0,0,0,0,0,0,0,0,1,0,0,0,1,10,HOMBRE,LESIONADO,PEATON,NO,NO,3
8930,27530,27531,2017,1,0,-0.268545,-78.527651,PICHINCHA,QUITO,QUITO,URBANA,2017-12-15,17:27:00,17,VIERNES,5,DICIEMBRE,12,NO,NO CEDER EL DERECHO DE VIA O PREFERENCIA DE PASO AL PEATON.,ATROPELLOS,NO IDENTIFICADO,0,0,0,0,0,0,0,0,0,1,0,0,0,1,31,MUJER,LESIONADO,PEATON,NO,NO,0
8931,27531,27532,2017,1,0,-0.183796,-78.502598,PICHINCHA,QUITO,QUITO,URBANA,2017-12-15,17:35:00,17,VIERNES,5,DICIEMBRE,12,NO,NO MANTENER LA DISTANCIA PRUDENCIAL CON RESPECTO AL VEHICULO QUE LE ANTECEDE.,CHOQUE POSTERIOR,MOTOCICLETA,0,0,0,0,0,0,0,0,1,0,0,0,0,1,45,HOMBRE,LESIONADO,CONDUCTOR PRESENTE,NO,NO,0
8932,27532,27533,2017,0,0,-0.237604,-78.484842,PICHINCHA,QUITO,QUITO,URBANA,2017-12-15,17:52:00,17,VIERNES,5,DICIEMBRE,12,NO,NO GUARDAR LA DISTANCIA LATERAL MINIMA DE SEGURIDAD ENTRE VEHICULOS.,ROZAMIENTOS,AUTOMOVIL,2,0,0,0,0,0,0,0,0,0,0,0,0,2,42,HOMBRE,ILESO,CONDUCTOR PRESENTE,NO,NO,0
8933,27537,27538,2017,0,1,-0.289587,-78.538588,PICHINCHA,QUITO,QUITO,URBANA,2017-12-15,20:00:00,20,VIERNES,5,DICIEMBRE,12,NO,PEATON QUE CRUZA LA CALZADA SIN RESPETAR LA SENIALIZACION EXISTENTE (SEMAFOROS O SENIALES MANUALES).,ARROLLAMIENTOS,VEHICULO DEPORTIVO UTILITARIO,0,0,0,0,0,0,0,0,0,0,0,0,2,2,55,MUJER,FALLECIDO,CONDUCTOR PRESENTE,NO,NO,0
8934,27542,27543,2017,0,0,-0.224087,-78.507253,PICHINCHA,QUITO,QUITO,URBANA,2017-12-15,22:00:00,22,VIERNES,5,DICIEMBRE,12,NO,CONDUCIR VEHICULO SUPERANDO LOS LIMITES MAXIMOS DE VELOCIDAD.,PERDIDA DE PISTA,AUTOMOVIL,1,0,0,0,0,0,0,0,0,0,0,0,0,1,-1,NO IDENTIFICADO,NO IDENTIFICADO,CONDUCTOR AUSENTE,NO,NO,2
8935,27543,27544,2017,0,0,-0.123011,-78.493947,PICHINCHA,QUITO,QUITO,URBANA,2017-12-15,22:00:00,22,VIERNES,5,DICIEMBRE,12,NO,"CONDUCE BAJO LA INFLUENCIA DE ALCOHOL, SUSTANCIAS ESTUPEFACIENTES O PSICOTROPICAS Y/O MEDICAMENTOS.",ESTRELLAMIENTOS,AUTOMOVIL,1,0,0,0,1,0,0,0,0,0,0,0,0,2,26,HOMBRE,ILESO,CONDUCTOR PRESENTE,NO,NO,0
8936,27544,27545,2017,1,0,-0.286559,-78.537388,PICHINCHA,QUITO,QUITO,URBANA,2017-12-15,22:45:00,22,VIERNES,5,DICIEMBRE,12,NO,NO TRANSITAR POR LAS ACERAS O ZONAS DE SEGURIDAD DESTINADAS PARA EL EFECTO.,ATROPELLOS,CAMIONETA,0,0,0,0,1,0,0,0,0,0,0,0,0,1,58,HOMBRE,LESIONADO,PEATON,NO,NO,0
8937,27572,27573,2017,0,0,-0.198735,-78.487789,PICHINCHA,QUITO,QUITO,URBANA,2017-12-16,00:40:00,0,SABADO,6,DICIEMBRE,12,NO,"CONDUCIR EN ESTADO DE SOMNOLENCIA O MALAS CONDICIONES FISICAS (SUENIO, CANSANCIO Y FATIGA).",ESTRELLAMIENTOS,VEHICULO DEPORTIVO UTILITARIO,0,0,0,0,0,0,0,0,0,1,0,0,2,3,37,HOMBRE,ILESO,CONDUCTOR PRESENTE,NO,NO,0
8938,27574,27575,2017,0,0,-0.182204,-78.487745,PICHINCHA,QUITO,QUITO,URBANA,2017-12-16,01:25:00,1,SABADO,6,DICIEMBRE,12,NO,"CONDUCIR EN ESTADO DE SOMNOLENCIA O MALAS CONDICIONES FISICAS (SUENIO, CANSANCIO Y FATIGA).",PERDIDA DE PISTA,AUTOMOVIL,1,0,0,0,0,0,0,0,0,0,0,0,0,1,-1,NO IDENTIFICADO,NO IDENTIFICADO,CONDUCTOR AUSENTE,NO,NO,2
8939,27576,27577,2017,0,0,-0.192585,-78.488514,PICHINCHA,QUITO,QUITO,URBANA,2017-12-16,01:35:00,1,SABADO,6,DICIEMBRE,12,NO,"CONDUCE BAJO LA INFLUENCIA DE ALCOHOL, SUSTANCIAS ESTUPEFACIENTES O PSICOTROPICAS Y/O MEDICAMENTOS.",CHOQUE LATERAL,AUTOMOVIL,2,0,0,0,0,0,0,0,0,0,0,0,0,2,23,HOMBRE,ILESO,CONDUCTOR PRESENTE,NO,NO,0
8940,27579,27580,2017,2,0,-0.226486,-78.339567,PICHINCHA,QUITO,PIFO,RURAL,2017-12-16,02:00:00,2,SABADO,6,DICIEMBRE,12,NO,NO TRANSITAR POR LAS ACERAS O ZONAS DE SEGURIDAD DESTINADAS PARA EL EFECTO.,ATROPELLOS,VEHICULO DEPORTIVO UTILITARIO,0,0,0,0,0,0,0,0,0,0,0,0,1,1,29,HOMBRE,LESIONADO,CONDUCTOR PRESENTE,NO,NO,3
8941,27580,27581,2017,1,1,-0.156069,-78.439391,PICHINCHA,QUITO,NAYON,RURAL,2017-12-16,02:15:00,2,SABADO,6,DICIEMBRE,12,NO,CONDUCIR VEHICULO SUPERANDO LOS LIMITES MAXIMOS DE VELOCIDAD.,PERDIDA DE PISTA,VEHICULO DEPORTIVO UTILITARIO,0,0,0,0,0,0,0,0,0,0,0,0,1,1,22,HOMBRE,FALLECIDO,CONDUCTOR PRESENTE,NO,NO,3
8942,27581,27582,2017,0,0,-0.247859,-78.526124,PICHINCHA,QUITO,QUITO,URBANA,2017-12-16,02:15:00,2,SABADO,6,DICIEMBRE,12,NO,"CONDUCIR EN ESTADO DE SOMNOLENCIA O MALAS CONDICIONES FISICAS (SUENIO, CANSANCIO Y FATIGA).",PERDIDA DE PISTA,MOTOCICLETA,0,0,0,0,0,0,0,0,1,0,0,0,0,1,25,HOMBRE,ILESO,CONDUCTOR PRESENTE,NO,NO,0
8943,27586,27587,2017,1,1,-0.128502,-78.470874,PICHINCHA,QUITO,QUITO,URBANA,2017-12-16,02:40:00,2,SABADO,6,DICIEMBRE,12,NO,"CONDUCIR EN ESTADO DE SOMNOLENCIA O MALAS CONDICIONES FISICAS (SUENIO, CANSANCIO Y FATIGA).",ESTRELLAMIENTOS,VEHICULO DEPORTIVO UTILITARIO,1,0,0,0,0,0,0,0,0,0,0,0,1,2,46,HOMBRE,FALLECIDO,CONDUCTOR PRESENTE,NO,NO,0
8944,27594,27595,2017,1,0,-0.181537,-78.481949,PICHINCHA,QUITO,QUITO,URBANA,2017-12-16,03:21:00,3,SABADO,6,DICIEMBRE,12,NO,"NO RESPETAR LAS SENIALES REGLAMENTARIAS DE TRANSITO. (PARE, CEDA EL PASO, LUZ ROJA DEL SEMAFORO, ETC).",CHOQUE LATERAL,MOTOCICLETA,0,0,0,0,0,0,0,0,1,1,0,0,0,2,23,HOMBRE,LESIONADO,CONDUCTOR PRESENTE,NO,NO,0
8945,27595,27596,2017,1,0,-0.241375,-78.517633,PICHINCHA,QUITO,QUITO,URBANA,2017-12-16,03:35:00,3,SABADO,6,DICIEMBRE,12,NO,CONDUCIR VEHICULO SUPERANDO LOS LIMITES MAXIMOS DE VELOCIDAD.,PERDIDA DE PISTA,NO IDENTIFICADO,0,0,0,0,0,0,0,0,0,1,0,0,0,1,30,HOMBRE,LESIONADO,PASAJERO,NO,NO,0
8946,27596,27597,2017,0,0,-0.206536,-78.493269,PICHINCHA,QUITO,QUITO,URBANA,2017-12-16,04:20:00,4,SABADO,6,DICIEMBRE,12,NO,"CONDUCIR EN ESTADO DE SOMNOLENCIA O MALAS CONDICIONES FISICAS (SUENIO, CANSANCIO Y FATIGA).",ESTRELLAMIENTOS,AUTOMOVIL,1,0,0,0,0,0,0,0,0,0,0,0,0,1,-1,NO IDENTIFICADO,NO IDENTIFICADO,CONDUCTOR AUSENTE,NO,NO,2
8947,27597,27598,2017,0,0,-0.198102,-78.336482,PICHINCHA,QUITO,TABABELA,RURAL,2017-12-16,04:45:00,4,SABADO,6,DICIEMBRE,12,SI,"CONDUCE BAJO LA INFLUENCIA DE ALCOHOL, SUSTANCIAS ESTUPEFACIENTES O PSICOTROPICAS Y/O MEDICAMENTOS.",ESTRELLAMIENTOS,VEHICULO DEPORTIVO UTILITARIO,0,0,0,0,0,0,0,0,0,0,0,0,2,2,45,HOMBRE,ILESO,CONDUCTOR PRESENTE,NO,NO,3
8948,27598,27599,2017,0,0,-0.104624,-78.491611,PICHINCHA,QUITO,QUITO,URBANA,2017-12-16,05:10:00,5,SABADO,6,DICIEMBRE,12,NO,"CONDUCE BAJO LA INFLUENCIA DE ALCOHOL, SUSTANCIAS ESTUPEFACIENTES O PSICOTROPICAS Y/O MEDICAMENTOS.",ESTRELLAMIENTOS,AUTOMOVIL,1,0,0,0,0,0,0,0,0,0,0,0,0,1,47,HOMBRE,ILESO,CONDUCTOR PRESENTE,NO,NO,0
8949,27599,27600,2017,1,0,-0.129112,-78.498255,PICHINCHA,QUITO,QUITO,URBANA,2017-12-16,06:30:00,6,SABADO,6,DICIEMBRE,12,NO,"CONDUCE BAJO LA INFLUENCIA DE ALCOHOL, SUSTANCIAS ESTUPEFACIENTES O PSICOTROPICAS Y/O MEDICAMENTOS.",CHOQUE LATERAL,CAMIONETA,0,0,0,0,2,0,0,0,0,0,0,0,0,2,28,MUJER,LESIONADO,PASAJERO,NO,NO,0
8950,27600,27601,2017,1,0,-0.117173,-78.503392,PICHINCHA,QUITO,QUITO,URBANA,2017-12-16,06:35:00,6,SABADO,6,DICIEMBRE,12,NO,NO TRANSITAR POR LAS ACERAS O ZONAS DE SEGURIDAD DESTINADAS PARA EL EFECTO.,ATROPELLOS,AUTOMOVIL,1,0,0,0,0,0,0,0,0,0,0,0,0,1,32,MUJER,LESIONADO,PEATON,NO,NO,0
8951,27602,27603,2017,1,0,-0.111478,-78.489835,PICHINCHA,QUITO,QUITO,URBANA,2017-12-16,06:45:00,6,SABADO,6,DICIEMBRE,12,NO,NO CEDER EL DERECHO DE VIA O PREFERENCIA DE PASO AL PEATON.,ATROPELLOS,NO IDENTIFICADO,0,0,0,0,0,0,0,0,0,1,0,0,0,1,61,MUJER,LESIONADO,PEATON,NO,NO,0
8952,27603,27604,2017,0,0,-0.111478,-78.489835,PICHINCHA,QUITO,QUITO,URBANA,2017-12-16,06:45:00,6,SABADO,6,DICIEMBRE,12,NO,"CONDUCE BAJO LA INFLUENCIA DE ALCOHOL, SUSTANCIAS ESTUPEFACIENTES O PSICOTROPICAS Y/O MEDICAMENTOS.",CHOQUE POSTERIOR,CAMIONETA,0,0,0,0,1,0,0,0,1,0,0,0,0,2,31,HOMBRE,ILESO,CONDUCTOR PRESENTE,NO,NO,0
8953,27605,27606,2017,0,0,-0.288326,-78.489146,PICHINCHA,QUITO,CONOCOTO,RURAL,2017-12-16,07:00:00,7,SABADO,6,DICIEMBRE,12,NO,"CONDUCIR DESATENTO A LAS CONDICIONES DE TRANSITO (CELULAR, PANTALLAS DE VIDEO, COMIDA, MAQUILLAJE O CUALQUIER OTRO ELEMENTO DISTRACTOR).",ESTRELLAMIENTOS,CAMIONETA,0,0,0,0,1,0,0,0,0,0,0,0,0,1,-1,NO IDENTIFICADO,NO IDENTIFICADO,CONDUCTOR AUSENTE,NO,NO,2
8954,27607,27608,2017,1,0,-0.079201,-78.472963,PICHINCHA,QUITO,QUITO,URBANA,2017-12-16,08:30:00,8,SABADO,6,DICIEMBRE,12,NO,NO CEDER EL DERECHO DE VIA O PREFERENCIA DE PASO AL PEATON.,ATROPELLOS,VEHICULO DEPORTIVO UTILITARIO,0,0,0,0,0,0,0,0,0,0,0,0,1,1,7,MUJER,LESIONADO,PEATON,NO,NO,0
8955,27608,27609,2017,0,0,-0.259361,-78.465616,PICHINCHA,QUITO,CONOCOTO,URBANA,2017-12-16,08:30:00,8,SABADO,6,DICIEMBRE,12,NO,"CONDUCE BAJO LA INFLUENCIA DE ALCOHOL, SUSTANCIAS ESTUPEFACIENTES O PSICOTROPICAS Y/O MEDICAMENTOS.",ESTRELLAMIENTOS,AUTOMOVIL,1,0,0,0,1,0,0,0,0,0,0,0,0,2,32,HOMBRE,ILESO,CONDUCTOR PRESENTE,NO,NO,0
8956,27609,27610,2017,0,0,-0.273421,-78.556666,PICHINCHA,QUITO,QUITO,URBANA,2017-12-16,09:20:00,9,SABADO,6,DICIEMBRE,12,NO,NO GUARDAR LA DISTANCIA LATERAL MINIMA DE SEGURIDAD ENTRE VEHICULOS.,ROZAMIENTOS,AUTOMOVIL,1,0,1,0,0,0,0,0,0,0,0,0,0,2,38,HOMBRE,ILESO,CONDUCTOR PRESENTE,NO,NO,0
8957,27610,27611,2017,1,0,-0.186443,-78.488225,PICHINCHA,QUITO,QUITO,URBANA,2017-12-16,09:30:00,9,SABADO,6,DICIEMBRE,12,NO,NO CEDER EL DERECHO DE VIA O PREFERENCIA DE PASO AL PEATON.,ARROLLAMIENTOS,NO IDENTIFICADO,0,0,0,0,0,0,0,0,0,1,0,0,0,1,19,MUJER,LESIONADO,PEATON,NO,NO,0
8958,27615,27616,2017,0,0,-0.111478,-78.489835,PICHINCHA,QUITO,QUITO,URBANA,2017-12-16,10:00:00,10,SABADO,6,DICIEMBRE,12,NO,NO GUARDAR LA DISTANCIA LATERAL MINIMA DE SEGURIDAD ENTRE VEHICULOS.,ROZAMIENTOS,CAMION,0,0,0,1,0,0,0,0,0,0,0,0,1,2,30,HOMBRE,ILESO,CONDUCTOR PRESENTE,NO,NO,0
8959,27617,27618,2017,0,0,-0.168344,-78.489104,PICHINCHA,QUITO,QUITO,URBANA,2017-12-16,10:10:00,10,SABADO,6,DICIEMBRE,12,NO,NO MANTENER LA DISTANCIA PRUDENCIAL CON RESPECTO AL VEHICULO QUE LE ANTECEDE.,CHOQUE POSTERIOR,AUTOMOVIL,1,0,0,0,0,0,0,0,0,0,0,0,0,1,71,HOMBRE,ILESO,CONDUCTOR PRESENTE,NO,NO,0
8960,27620,27621,2017,1,0,-0.123743,-78.502111,PICHINCHA,QUITO,QUITO,URBANA,2017-12-16,11:20:00,11,SABADO,6,DICIEMBRE,12,NO,NO CEDER EL DERECHO DE VIA O PREFERENCIA DE PASO AL PEATON.,ATROPELLOS,NO IDENTIFICADO,0,0,0,0,0,0,0,0,0,1,0,0,0,1,81,MUJER,LESIONADO,PEATON,NO,NO,0
8961,27621,27622,2017,0,0,-0.091585,-78.439052,PICHINCHA,QUITO,CALDERON (CARAPUNGO),RURAL,2017-12-16,12:20:00,12,SABADO,6,DICIEMBRE,12,NO,"CONDUCE BAJO LA INFLUENCIA DE ALCOHOL, SUSTANCIAS ESTUPEFACIENTES O PSICOTROPICAS Y/O MEDICAMENTOS.",CHOQUE LATERAL,VEHICULO DEPORTIVO UTILITARIO,1,0,0,0,0,0,0,0,0,0,0,0,1,2,53,HOMBRE,ILESO,CONDUCTOR PRESENTE,NO,NO,3
8962,27622,27623,2017,1,0,-0.203857,-78.488945,PICHINCHA,QUITO,QUITO,RURAL,2017-12-16,12:30:00,12,SABADO,6,DICIEMBRE,12,NO,NO CEDER EL DERECHO DE VIA O PREFERENCIA DE PASO AL PEATON.,ATROPELLOS,VEHICULO DEPORTIVO UTILITARIO,1,0,0,0,0,0,0,0,0,0,0,0,1,2,0,NO IDENTIFICADO,LESIONADO,PEATON,NO,NO,3
8963,27624,27625,2017,1,0,-0.116011,-78.479444,PICHINCHA,QUITO,QUITO,URBANA,2017-12-16,12:40:00,12,SABADO,6,DICIEMBRE,12,NO,"NO RESPETAR LAS SENIALES REGLAMENTARIAS DE TRANSITO. (PARE, CEDA EL PASO, LUZ ROJA DEL SEMAFORO, ETC).",CHOQUE LATERAL,VEHICULO DEPORTIVO UTILITARIO,2,0,0,0,0,0,0,0,0,0,0,0,1,3,39,HOMBRE,LESIONADO,CONDUCTOR PRESENTE,NO,NO,0
8964,27628,27629,2017,1,0,-0.246607,-78.484416,PICHINCHA,QUITO,QUITO,URBANA,2017-12-16,13:40:00,13,SABADO,6,DICIEMBRE,12,SI,"CONDUCIR DESATENTO A LAS CONDICIONES DE TRANSITO (CELULAR, PANTALLAS DE VIDEO, COMIDA, MAQUILLAJE O CUALQUIER OTRO ELEMENTO DISTRACTOR).",COLISION,AUTOMOVIL,2,0,0,0,0,0,0,0,0,0,0,0,1,3,41,MUJER,LESIONADO,CONDUCTOR PRESENTE,NO,NO,0