,Unnamed: 0,ID,ANIO,LESIONADOS,FALLECIDOS,LATITUD_Y,LONGITUD_X,PROVINCIA,CANTON,PARROQUIA,ZONA,FECHA,HORA,PERIODO_2,DIA_1,DIA_2,MES_1,MES_2,FERIADO,CAUSA_PROBABLE,TIPO_DE_SINIESTRO,TIPO_DE_VEHICULO_1,AUTOMOVIL,BICICLETA,BUS,CAMION,CAMIONETA,EMERGENCIAS,ESPECIAL,FURGONETA,MOTOCICLETA,NO_IDENTIFICADO,SCOOTER_ELECTRICO,TRICIMOTO,VEHICULO_DEPORTIVO_UTILITARIO,SUMA_DE_VEHICULOS,EDAD_1,SEXO_1,CONDICION_1,PARTICIPANTE_1,CASCO_1,CINTURON_1,KMeans_Cluster
9078,27995,27996,2017,1,0,-0.121293,-78.498845,PICHINCHA,QUITO,QUITO,URBANA,2017-12-20,13:35:00,13,MIERCOLES,3,DICIEMBRE,12,NO,"NO RESPETAR LAS SENIALES REGLAMENTARIAS DE TRANSITO. (PARE, CEDA EL PASO, LUZ ROJA DEL SEMAFORO, ETC).",CHOQUE LATERAL,MOTOCICLETA,0,0,0,0,0,0,0,0,1,0,0,0,0,1,35,HOMBRE,LESIONADO,CONDUCTOR PRESENTE,NO,NO,0
9079,27996,27997,2017,2,0,-0.244939,-78.514111,PICHINCHA,QUITO,QUITO,URBANA,2017-12-20,14:15:00,14,MIERCOLES,3,DICIEMBRE,12,NO,CONDUCIR VEHICULO SUPERANDO LOS LIMITES MAXIMOS DE VELOCIDAD.,ESTRELLAMIENTOS,VEHICULO DEPORTIVO UTILITARIO,0,0,0,0,0,0,0,0,0,0,0,0,1,1,21,MUJER,LESIONADO,CONDUCTOR PRESENTE,NO,NO,0
9080,27998,27999,2017,0,0,-0.201475,-78.428447,PICHINCHA,QUITO,CUMBAYA,RURAL,2017-12-20,15:00:00,15,MIERCOLES,3,DICIEMBRE,12,NO,"CONDUCIR DESATENTO A LAS CONDICIONES DE TRANSITO (CELULAR, PANTALLAS DE VIDEO, COMIDA, MAQUILLAJE O CUALQUIER OTRO ELEMENTO DISTRACTOR).",CHOQUE POSTERIOR,VEHICULO DEPORTIVO UTILITARIO,0,0,0,0,0,0,0,0,0,0,0,0,2,2,37,HOMBRE,ILESO,CONDUCTOR PRESENTE,NO,NO,3
9081,27999,28000,2017,0,0,-0.164731,-78.468145,PICHINCHA,QUITO,QUITO,URBANA,2017-12-20,15:00:00,15,MIERCOLES,3,DICIEMBRE,12,NO,"NO RESPETAR LAS SENIALES REGLAMENTARIAS DE TRANSITO. (PARE, CEDA EL PASO, LUZ ROJA DEL SEMAFORO, ETC).",CHOQUE LATERAL,AUTOMOVIL,2,0,0,0,0,0,0,0,0,0,0,0,0,2,38,HOMBRE,ILESO,CONDUCTOR PRESENTE,NO,NO,0
9082,28001,28002,2017,0,0,-0.156616,-78.466161,PICHINCHA,QUITO,QUITO,URBANA,2017-12-20,15:30:00,15,MIERCOLES,3,DICIEMBRE,12,NO,NO GUARDAR LA DISTANCIA LATERAL MINIMA DE SEGURIDAD ENTRE VEHICULOS.,ROZAMIENTOS,CAMION,0,0,0,1,0,0,0,0,0,0,0,0,0,1,23,HOMBRE,ILESO,CONDUCTOR PRESENTE,NO,NO,0
9083,28002,28003,2017,1,0,-0.226794,-78.514158,PICHINCHA,QUITO,QUITO,URBANA,2017-12-20,15:45:00,15,MIERCOLES,3,DICIEMBRE,12,NO,PEATON QUE CRUZA LA CALZADA SIN RESPETAR LA SENIALIZACION EXISTENTE (SEMAFOROS O SENIALES MANUALES).,ATROPELLOS,AUTOMOVIL,1,0,0,0,0,0,0,0,0,0,0,0,0,1,6,HOMBRE,LESIONADO,PEATON,NO,NO,0
9084,28003,28004,2017,1,0,-0.222889,-78.508113,PICHINCHA,QUITO,QUITO,URBANA,2017-12-20,15:50:00,15,MIERCOLES,3,DICIEMBRE,12,NO,NO CEDER EL DERECHO DE VIA O PREFERENCIA DE PASO AL PEATON.,ARROLLAMIENTOS,VEHICULO DEPORTIVO UTILITARIO,0,0,0,0,0,0,0,0,0,0,0,0,1,1,7,HOMBRE,LESIONADO,PEATON,NO,NO,0
9085,28006,28007,2017,1,0,-0.240163,-78.530042,PICHINCHA,QUITO,QUITO,URBANA,2017-12-20,18:15:00,18,MIERCOLES,3,DICIEMBRE,12,NO,NO CEDER EL DERECHO DE VIA O PREFERENCIA DE PASO AL PEATON.,ATROPELLOS,MOTOCICLETA,0,0,0,0,0,0,0,0,1,0,0,0,0,1,62,HOMBRE,LESIONADO,PEATON,NO,NO,0
9086,28007,28008,2017,1,0,-0.223332,-78.505075,PICHINCHA,QUITO,QUITO,URBANA,2017-12-20,18:30:00,18,MIERCOLES,3,DICIEMBRE,12,NO,NO CEDER EL DERECHO DE VIA O PREFERENCIA DE PASO AL PEATON.,ATROPELLOS,NO IDENTIFICADO,0,0,0,0,0,0,0,0,0,1,0,0,0,1,7,HOMBRE,LESIONADO,PEATON,NO,NO,0
9087,28008,28009,2017,0,0,-0.190082,-78.488029,PICHINCHA,QUITO,QUITO,URBANA,2017-12-20,18:40:00,18,MIERCOLES,3,DICIEMBRE,12,NO,REALIZAR CAMBIO BRUSCO O INDEBIDO DE CARRIL.,PERDIDA DE PISTA,MOTOCICLETA,0,0,0,0,0,0,0,0,1,0,0,0,0,1,34,HOMBRE,ILESO,CONDUCTOR PRESENTE,NO,NO,0
9088,28011,28012,2017,0,0,-0.123087,-78.493768,PICHINCHA,QUITO,QUITO,URBANA,2017-12-20,19:30:00,19,MIERCOLES,3,DICIEMBRE,12,NO,"CONDUCIR DESATENTO A LAS CONDICIONES DE TRANSITO (CELULAR, PANTALLAS DE VIDEO, COMIDA, MAQUILLAJE O CUALQUIER OTRO ELEMENTO DISTRACTOR).",CHOQUE POSTERIOR,VEHICULO DEPORTIVO UTILITARIO,1,0,0,0,0,0,0,0,0,0,0,0,1,2,30,HOMBRE,ILESO,CONDUCTOR PRESENTE,NO,NO,0
9089,28012,28013,2017,0,0,-0.116014,-78.479591,PICHINCHA,QUITO,QUITO,URBANA,2017-12-20,19:30:00,19,MIERCOLES,3,DICIEMBRE,12,NO,"NO RESPETAR LAS SENIALES REGLAMENTARIAS DE TRANSITO. (PARE, CEDA EL PASO, LUZ ROJA DEL SEMAFORO, ETC).",CHOQUE LATERAL,CAMIONETA,1,0,0,0,1,0,0,0,0,0,0,0,0,2,24,HOMBRE,ILESO,CONDUCTOR PRESENTE,NO,NO,0
9090,28013,28014,2017,1,0,-0.308177,-78.561889,PICHINCHA,QUITO,QUITO,URBANA,2017-12-20,19:47:00,19,MIERCOLES,3,DICIEMBRE,12,NO,NO CEDER EL DERECHO DE VIA O PREFERENCIA DE PASO AL PEATON.,ATROPELLOS,AUTOMOVIL,1,0,0,0,0,0,0,0,0,0,0,0,0,1,30,HOMBRE,LESIONADO,PEATON,NO,NO,0
9091,28015,28016,2017,1,0,-0.120082,-78.490469,PICHINCHA,QUITO,QUITO,URBANA,2017-12-20,21:44:00,21,MIERCOLES,3,DICIEMBRE,12,NO,NO TRANSITAR POR LAS ACERAS O ZONAS DE SEGURIDAD DESTINADAS PARA EL EFECTO.,ATROPELLOS,NO IDENTIFICADO,0,0,0,0,0,0,0,0,0,1,0,0,0,1,73,MUJER,LESIONADO,PEATON,NO,NO,0
9092,28017,28018,2017,0,0,-0.177282,-78.359537,PICHINCHA,QUITO,PUEMBO,RURAL,2017-12-20,22:15:00,22,MIERCOLES,3,DICIEMBRE,12,NO,CONDUCIR VEHICULO SUPERANDO LOS LIMITES MAXIMOS DE VELOCIDAD.,ESTRELLAMIENTOS,AUTOMOVIL,1,0,0,0,0,0,0,0,0,0,0,0,0,1,25,HOMBRE,ILESO,CONDUCTOR PRESENTE,NO,NO,3
9093,28019,28020,2017,0,0,-0.206931,-78.425899,PICHINCHA,QUITO,CUMBAYA,RURAL,2017-12-20,22:40:00,22,MIERCOLES,3,DICIEMBRE,12,NO,CONDUCIR VEHICULO SUPERANDO LOS LIMITES MAXIMOS DE VELOCIDAD.,PERDIDA DE PISTA,VEHICULO DEPORTIVO UTILITARIO,0,0,0,0,0,0,0,0,0,0,0,0,1,1,19,MUJER,ILESO,CONDUCTOR PRESENTE,NO,NO,3
9094,28038,28039,2017,1,0,-0.443234,-78.669765,PICHINCHA,MEJIA,ALOAG,RURAL,2017-12-21,00:40:00,0,JUEVES,4,DICIEMBRE,12,SI,"CONDUCIR DESATENTO A LAS CONDICIONES DE TRANSITO (CELULAR, PANTALLAS DE VIDEO, COMIDA, MAQUILLAJE O CUALQUIER OTRO ELEMENTO DISTRACTOR).",CHOQUE LATERAL,CAMION,0,0,0,2,0,0,0,0,0,0,0,0,0,2,34,HOMBRE,LESIONADO,CONDUCTOR PRESENTE,NO,NO,3
9095,28039,28040,2017,0,0,-0.245326,-78.534069,PICHINCHA,QUITO,QUITO,URBANA,2017-12-21,01:20:00,1,JUEVES,4,DICIEMBRE,12,NO,"CONDUCIR EN ESTADO DE SOMNOLENCIA O MALAS CONDICIONES FISICAS (SUENIO, CANSANCIO Y FATIGA).",CHOQUE LATERAL,AUTOMOVIL,3,0,0,0,0,0,0,0,0,0,0,0,0,3,33,HOMBRE,ILESO,CONDUCTOR PRESENTE,NO,NO,0
9096,28040,28041,2017,0,0,-0.077895,-78.410491,PICHINCHA,QUITO,CALDERON (CARAPUNGO),RURAL,2017-12-21,01:55:00,1,JUEVES,4,DICIEMBRE,12,NO,"CONDUCIR EN ESTADO DE SOMNOLENCIA O MALAS CONDICIONES FISICAS (SUENIO, CANSANCIO Y FATIGA).",VOLCAMIENTOS,AUTOMOVIL,1,0,0,0,0,0,0,0,0,0,0,0,0,1,-1,NO IDENTIFICADO,NO IDENTIFICADO,CONDUCTOR AUSENTE,NO,NO,2
9097,28041,28042,2017,3,0,-0.237542,-78.484291,PICHINCHA,QUITO,QUITO,URBANA,2017-12-21,02:25:00,2,JUEVES,4,DICIEMBRE,12,NO,"CONDUCIR EN ESTADO DE SOMNOLENCIA O MALAS CONDICIONES FISICAS (SUENIO, CANSANCIO Y FATIGA).",CHOQUE POSTERIOR,VEHICULO DEPORTIVO UTILITARIO,1,0,0,0,0,0,0,0,0,0,0,0,1,2,16,HOMBRE,LESIONADO,PASAJERO,NO,NO,0
9098,28044,28045,2017,0,0,-0.056257,-78.454866,PICHINCHA,QUITO,POMASQUI,URBANA,2017-12-21,04:20:00,4,JUEVES,4,DICIEMBRE,12,SI,"CONDUCIR DESATENTO A LAS CONDICIONES DE TRANSITO (CELULAR, PANTALLAS DE VIDEO, COMIDA, MAQUILLAJE O CUALQUIER OTRO ELEMENTO DISTRACTOR).",PERDIDA DE PISTA,VEHICULO DEPORTIVO UTILITARIO,0,0,0,0,0,0,0,0,0,0,0,0,1,1,-1,NO IDENTIFICADO,NO IDENTIFICADO,CONDUCTOR AUSENTE,NO,NO,2
9099,28046,28047,2017,0,0,-0.100622,-78.472207,PICHINCHA,QUITO,QUITO,URBANA,2017-12-21,05:45:00,5,JUEVES,4,DICIEMBRE,12,NO,"CONDUCE BAJO LA INFLUENCIA DE ALCOHOL, SUSTANCIAS ESTUPEFACIENTES O PSICOTROPICAS Y/O MEDICAMENTOS.",CHOQUE LATERAL,AUTOMOVIL,2,0,0,0,0,0,0,0,0,0,0,0,0,2,30,HOMBRE,ILESO,CONDUCTOR PRESENTE,NO,NO,0
9100,28049,28050,2017,0,0,-0.181614,-78.486655,PICHINCHA,QUITO,QUITO,URBANA,2017-12-21,07:05:00,7,JUEVES,4,DICIEMBRE,12,NO,CONDUCIR EN SENTIDO CONTRARIO A LA VIA NORMAL DE CIRCULACION.,CHOQUE FRONTAL,AUTOMOVIL,1,1,0,0,0,0,0,0,0,0,0,0,0,2,39,HOMBRE,ILESO,CONDUCTOR PRESENTE,NO,NO,0
9101,28051,28052,2017,8,0,-0.245705,-78.519529,PICHINCHA,QUITO,QUITO,URBANA,2017-12-21,07:35:00,7,JUEVES,4,DICIEMBRE,12,NO,"CONDUCE BAJO LA INFLUENCIA DE ALCOHOL, SUSTANCIAS ESTUPEFACIENTES O PSICOTROPICAS Y/O MEDICAMENTOS.",CHOQUE LATERAL,BUS,0,0,3,0,0,0,0,0,0,0,0,0,0,3,34,MUJER,LESIONADO,PASAJERO,NO,NO,0
9102,28053,28054,2017,0,0,-0.206664,-78.500979,PICHINCHA,QUITO,QUITO,URBANA,2017-12-21,08:00:00,8,JUEVES,4,DICIEMBRE,12,NO,"NO RESPETAR LAS SENIALES REGLAMENTARIAS DE TRANSITO. (PARE, CEDA EL PASO, LUZ ROJA DEL SEMAFORO, ETC).",CHOQUE LATERAL,VEHICULO DEPORTIVO UTILITARIO,2,0,0,0,0,0,0,0,0,0,0,0,1,3,26,HOMBRE,ILESO,CONDUCTOR PRESENTE,NO,NO,0
9103,28055,28056,2017,0,0,-0.159929,-78.465516,PICHINCHA,QUITO,QUITO,URBANA,2017-12-21,08:03:00,8,JUEVES,4,DICIEMBRE,12,NO,NO GUARDAR LA DISTANCIA LATERAL MINIMA DE SEGURIDAD ENTRE VEHICULOS.,ROZAMIENTOS,FURGONETA,1,0,0,0,0,0,0,1,0,0,0,0,0,2,29,HOMBRE,ILESO,CONDUCTOR PRESENTE,NO,NO,0
9104,28058,28059,2017,0,0,-0.199767,-78.428809,PICHINCHA,QUITO,CUMBAYA,RURAL,2017-12-21,08:35:00,8,JUEVES,4,DICIEMBRE,12,NO,CONDUCIR VEHICULO SUPERANDO LOS LIMITES MAXIMOS DE VELOCIDAD.,ESTRELLAMIENTOS,VEHICULO DEPORTIVO UTILITARIO,0,0,0,0,0,0,0,0,0,0,0,0,1,1,45,HOMBRE,ILESO,CONDUCTOR PRESENTE,NO,NO,3
9105,28060,28061,2017,1,0,-0.196193,-78.499505,PICHINCHA,QUITO,QUITO,URBANA,2017-12-21,08:55:00,8,JUEVES,4,DICIEMBRE,12,NO,BAJARSE O SUBIRSE DE VEHICULOS EN MOVIMIENTO SIN TOMAR LAS PRECAUCIONES DEBIDAS.,CAIDA DE PASAJERO,NO IDENTIFICADO,0,0,0,0,0,0,0,0,0,1,0,0,0,1,44,HOMBRE,LESIONADO,PASAJERO,NO,NO,0
9106,28061,28062,2017,1,0,-0.135484,-78.486585,PICHINCHA,QUITO,QUITO,URBANA,2017-12-21,09:10:00,9,JUEVES,4,DICIEMBRE,12,NO,"NO RESPETAR LAS SENIALES REGLAMENTARIAS DE TRANSITO. (PARE, CEDA EL PASO, LUZ ROJA DEL SEMAFORO, ETC).",CHOQUE LATERAL,MOTOCICLETA,1,0,0,0,0,0,0,0,1,0,0,0,0,2,25,HOMBRE,LESIONADO,CONDUCTOR PRESENTE,NO,NO,0
9107,28064,28065,2017,1,0,-0.243607,-78.505302,PICHINCHA,QUITO,QUITO,URBANA,2017-12-21,11:30:00,11,JUEVES,4,DICIEMBRE,12,NO,NO CEDER EL DERECHO DE VIA O PREFERENCIA DE PASO AL PEATON.,ATROPELLOS,NO IDENTIFICADO,0,0,0,0,0,0,0,0,0,1,0,0,0,1,5,HOMBRE,LESIONADO,PEATON,NO,NO,0
9108,28066,28067,2017,0,0,-0.175538,-78.480812,PICHINCHA,QUITO,QUITO,URBANA,2017-12-21,12:21:00,12,JUEVES,4,DICIEMBRE,12,NO,"NO RESPETAR LAS SENIALES REGLAMENTARIAS DE TRANSITO. (PARE, CEDA EL PASO, LUZ ROJA DEL SEMAFORO, ETC).",CHOQUE LATERAL,BUS,0,0,1,0,0,0,0,0,0,0,0,0,1,2,23,HOMBRE,ILESO,CONDUCTOR PRESENTE,NO,NO,0
9109,28067,28068,2017,1,0,-0.303012,-78.551249,PICHINCHA,QUITO,QUITO,URBANA,2017-12-21,12:30:00,12,JUEVES,4,DICIEMBRE,12,NO,"NO RESPETAR LAS SENIALES REGLAMENTARIAS DE TRANSITO. (PARE, CEDA EL PASO, LUZ ROJA DEL SEMAFORO, ETC).",CHOQUE LATERAL,MOTOCICLETA,0,0,0,0,0,0,0,0,1,0,0,0,0,1,24,HOMBRE,LESIONADO,CONDUCTOR PRESENTE,NO,NO,0
9110,28068,28069,2017,0,0,-0.208645,-78.501729,PICHINCHA,QUITO,QUITO,URBANA,2017-12-21,13:00:00,13,JUEVES,4,DICIEMBRE,12,NO,"NO RESPETAR LAS SENIALES REGLAMENTARIAS DE TRANSITO. (PARE, CEDA EL PASO, LUZ ROJA DEL SEMAFORO, ETC).",CHOQUE LATERAL,NO IDENTIFICADO,0,0,0,0,0,0,0,0,0,2,0,0,0,2,14,HOMBRE,ILESO,PASAJERO,NO,NO,0
9111,28070,28071,2017,0,0,-0.171284,-78.490223,PICHINCHA,QUITO,QUITO,URBANA,2017-12-21,14:00:00,14,JUEVES,4,DICIEMBRE,12,NO,NO TRANSITAR POR LAS ACERAS O ZONAS DE SEGURIDAD DESTINADAS PARA EL EFECTO.,ATROPELLOS,BUS,0,0,1,0,0,0,0,0,0,0,0,0,0,1,57,HOMBRE,ILESO,CONDUCTOR PRESENTE,NO,NO,0
9112,28072,28073,2017,0,0,-0.176865,-78.481067,PICHINCHA,QUITO,QUITO,URBANA,2017-12-21,14:43:00,14,JUEVES,4,DICIEMBRE,12,NO,PEATON QUE CRUZA LA CALZADA SIN RESPETAR LA SENIALIZACION EXISTENTE (SEMAFOROS O SENIALES MANUALES).,ATROPELLOS,AUTOMOVIL,1,0,0,0,0,0,0,0,0,0,0,0,0,1,45,HOMBRE,ILESO,CONDUCTOR PRESENTE,NO,NO,0
9113,28073,28074,2017,1,0,-0.084328,-78.464893,PICHINCHA,QUITO,QUITO,URBANA,2017-12-21,14:45:00,14,JUEVES,4,DICIEMBRE,12,NO,NO CEDER EL DERECHO DE VIA O PREFERENCIA DE PASO AL PEATON.,ATROPELLOS,AUTOMOVIL,1,0,0,0,0,0,0,0,0,0,0,0,0,1,57,MUJER,LESIONADO,PEATON,NO,NO,0
9114,28075,28076,2017,0,0,-0.157461,-78.485067,PICHINCHA,QUITO,QUITO,URBANA,2017-12-21,16:50:00,16,JUEVES,4,DICIEMBRE,12,NO,"NO RESPETAR LAS SENIALES REGLAMENTARIAS DE TRANSITO. (PARE, CEDA EL PASO, LUZ ROJA DEL SEMAFORO, ETC).",CHOQUE LATERAL,AUTOMOVIL,1,0,0,0,0,0,0,0,1,0,0,0,0,2,42,HOMBRE,ILESO,CONDUCTOR PRESENTE,NO,NO,0
9115,28077,28078,2017,1,0,-0.088841,-78.439915,PICHINCHA,QUITO,CALDERON (CARAPUNGO),URBANA,2017-12-21,17:00:00,17,JUEVES,4,DICIEMBRE,12,NO,"CONDUCE BAJO LA INFLUENCIA DE ALCOHOL, SUSTANCIAS ESTUPEFACIENTES O PSICOTROPICAS Y/O MEDICAMENTOS.",CHOQUE LATERAL,MOTOCICLETA,0,0,0,0,0,0,0,0,1,0,0,0,1,2,34,HOMBRE,LESIONADO,CONDUCTOR PRESENTE,NO,NO,0
9116,28079,28080,2017,1,0,-0.067478,-78.452399,PICHINCHA,QUITO,CALDERON (CARAPUNGO),RURAL,2017-12-21,17:30:00,17,JUEVES,4,DICIEMBRE,12,NO,NO CEDER EL DERECHO DE VIA O PREFERENCIA DE PASO AL PEATON.,ATROPELLOS,BUS,0,0,1,0,0,0,0,0,0,0,0,0,0,1,7,HOMBRE,LESIONADO,PEATON,NO,NO,3
9117,28080,28081,2017,0,0,-0.250731,-78.507066,PICHINCHA,QUITO,QUITO,URBANA,2017-12-21,17:50:00,17,JUEVES,4,DICIEMBRE,12,NO,REALIZAR CAMBIO BRUSCO O INDEBIDO DE CARRIL.,ESTRELLAMIENTOS,ESPECIAL,0,0,0,0,0,0,1,0,0,0,0,0,0,1,48,HOMBRE,ILESO,CONDUCTOR PRESENTE,NO,NO,0
9118,28081,28082,2017,1,0,-0.239082,-78.523432,PICHINCHA,QUITO,QUITO,URBANA,2017-12-21,17:55:00,17,JUEVES,4,DICIEMBRE,12,NO,NO CEDER EL DERECHO DE VIA O PREFERENCIA DE PASO AL PEATON.,ATROPELLOS,NO IDENTIFICADO,0,0,0,0,0,0,0,0,0,1,0,0,0,1,46,HOMBRE,LESIONADO,PEATON,NO,NO,0
9119,28083,28084,2017,1,0,-0.104037,-78.424841,PICHINCHA,QUITO,CALDERON (CARAPUNGO),RURAL,2017-12-21,18:10:00,18,JUEVES,4,DICIEMBRE,12,NO,NO CEDER EL DERECHO DE VIA O PREFERENCIA DE PASO AL PEATON.,ATROPELLOS,NO IDENTIFICADO,0,0,0,0,0,0,0,0,0,1,0,0,0,1,27,HOMBRE,LESIONADO,PEATON,NO,NO,3
9120,28084,28085,2017,1,0,-0.254256,-78.515617,PICHINCHA,QUITO,QUITO,URBANA,2017-12-21,18:25:00,18,JUEVES,4,DICIEMBRE,12,NO,NO CEDER EL DERECHO DE VIA O PREFERENCIA DE PASO AL PEATON.,ATROPELLOS,NO IDENTIFICADO,0,0,0,0,0,0,0,0,0,1,0,0,0,1,11,MUJER,LESIONADO,PEATON,NO,NO,0
9121,28087,28088,2017,0,0,-0.202961,-78.504451,PICHINCHA,QUITO,QUITO,URBANA,2017-12-21,19:05:00,19,JUEVES,4,DICIEMBRE,12,NO,NO CEDER EL DERECHO DE VIA O PREFERENCIA DE PASO A VEHICULOS.,CHOQUE LATERAL,AUTOMOVIL,2,0,0,0,0,0,0,0,0,0,0,0,0,2,52,HOMBRE,ILESO,CONDUCTOR PRESENTE,NO,NO,0
9122,28090,28091,2017,0,0,-0.108255,-78.461339,PICHINCHA,QUITO,CALDERON (CARAPUNGO),RURAL,2017-12-21,20:30:00,20,JUEVES,4,DICIEMBRE,12,NO,NO MANTENER LA DISTANCIA PRUDENCIAL CON RESPECTO AL VEHICULO QUE LE ANTECEDE.,CHOQUE POSTERIOR,MOTOCICLETA,0,0,0,0,0,0,0,0,1,0,0,0,0,1,-1,NO IDENTIFICADO,NO IDENTIFICADO,CONDUCTOR AUSENTE,NO,NO,2
9123,28092,28093,2017,2,0,-0.488332,-78.569836,PICHINCHA,MEJIA,MACHACHI,RURAL,2017-12-21,20:50:00,20,JUEVES,4,DICIEMBRE,12,SI,"CONDUCIR DESATENTO A LAS CONDICIONES DE TRANSITO (CELULAR, PANTALLAS DE VIDEO, COMIDA, MAQUILLAJE O CUALQUIER OTRO ELEMENTO DISTRACTOR).",CHOQUE LATERAL,MOTOCICLETA,0,0,0,0,0,0,0,0,2,0,0,0,0,2,27,HOMBRE,LESIONADO,PASAJERO,NO,NO,3
9124,28094,28095,2017,1,0,-0.135131,-78.467655,PICHINCHA,QUITO,QUITO,URBANA,2017-12-21,21:10:00,21,JUEVES,4,DICIEMBRE,12,NO,"NO RESPETAR LAS SENIALES REGLAMENTARIAS DE TRANSITO. (PARE, CEDA EL PASO, LUZ ROJA DEL SEMAFORO, ETC).",CHOQUE LATERAL,MOTOCICLETA,0,0,0,0,0,0,0,0,1,0,0,0,0,1,35,HOMBRE,LESIONADO,CONDUCTOR PRESENTE,NO,NO,0
9125,28095,28096,2017,0,0,-0.243344,-78.519991,PICHINCHA,QUITO,QUITO,URBANA,2017-12-21,21:15:00,21,JUEVES,4,DICIEMBRE,12,NO,NO CEDER EL DERECHO DE VIA O PREFERENCIA DE PASO A VEHICULOS.,CHOQUE LATERAL,MOTOCICLETA,0,0,0,0,0,0,0,0,1,0,0,0,0,1,25,HOMBRE,ILESO,CONDUCTOR PRESENTE,NO,NO,0
9126,28099,28100,2017,0,0,-0.249073,-78.520651,PICHINCHA,QUITO,QUITO,URBANA,2017-12-21,23:00:00,23,JUEVES,4,DICIEMBRE,12,NO,"NO RESPETAR LAS SENIALES REGLAMENTARIAS DE TRANSITO. (PARE, CEDA EL PASO, LUZ ROJA DEL SEMAFORO, ETC).",CHOQUE LATERAL,AUTOMOVIL,1,0,0,0,0,0,0,0,1,0,0,0,0,2,30,HOMBRE,ILESO,CONDUCTOR PRESENTE,NO,NO,0
9127,28119,28120,2017,0,1,-0.102171,-78.490962,PICHINCHA,QUITO,QUITO,URBANA,2017-12-22,00:50:00,0,VIERNES,5,DICIEMBRE,12,SI,NO TRANSITAR POR LAS ACERAS O ZONAS DE SEGURIDAD DESTINADAS PARA EL EFECTO.,ATROPELLOS,NO IDENTIFICADO,0,0,0,0,0,0,0,0,0,1,0,0,0,1,25,HOMBRE,FALLECIDO,PEATON,NO,NO,0
9128,28123,28124,2017,1,0,-0.129197,-78.502316,PICHINCHA,QUITO,QUITO,URBANA,2017-12-22,01:25:00,1,VIERNES,5,DICIEMBRE,12,SI,"CONDUCE BAJO LA INFLUENCIA DE ALCOHOL, SUSTANCIAS ESTUPEFACIENTES O PSICOTROPICAS Y/O MEDICAMENTOS.",PERDIDA DE PISTA,AUTOMOVIL,1,0,0,0,0,0,0,0,0,0,0,0,0,1,26,HOMBRE,LESIONADO,PASAJERO,NO,NO,0
9129,28124,28125,2017,0,0,-0.154505,-78.476825,PICHINCHA,QUITO,QUITO,URBANA,2017-12-22,02:45:00,2,VIERNES,5,DICIEMBRE,12,SI,"CONDUCIR EN ESTADO DE SOMNOLENCIA O MALAS CONDICIONES FISICAS (SUENIO, CANSANCIO Y FATIGA).",ESTRELLAMIENTOS,AUTOMOVIL,1,0,0,0,0,0,0,0,0,0,0,0,0,1,-1,NO IDENTIFICADO,NO IDENTIFICADO,CONDUCTOR AUSENTE,NO,NO,2
9130,28125,28126,2017,0,0,-0.067793,-78.467853,PICHINCHA,QUITO,POMASQUI,URBANA,2017-12-22,03:45:00,3,VIERNES,5,DICIEMBRE,12,SI,"CONDUCIR DESATENTO A LAS CONDICIONES DE TRANSITO (CELULAR, PANTALLAS DE VIDEO, COMIDA, MAQUILLAJE O CUALQUIER OTRO ELEMENTO DISTRACTOR).",PERDIDA DE PISTA,VEHICULO DEPORTIVO UTILITARIO,0,0,0,0,0,0,0,0,0,0,0,0,1,1,46,HOMBRE,ILESO,CONDUCTOR PRESENTE,NO,NO,0
9131,28128,28129,2017,1,0,-0.291844,-78.558452,PICHINCHA,QUITO,QUITO,URBANA,2017-12-22,05:48:00,5,VIERNES,5,DICIEMBRE,12,SI,NO CEDER EL DERECHO DE VIA O PREFERENCIA DE PASO AL PEATON.,ATROPELLOS,NO IDENTIFICADO,0,0,0,0,0,0,0,0,0,1,0,0,0,1,35,MUJER,LESIONADO,PEATON,NO,NO,0
9132,28129,28130,2017,0,0,-0.277571,-78.531347,PICHINCHA,QUITO,QUITO,URBANA,2017-12-22,07:10:00,7,VIERNES,5,DICIEMBRE,12,SI,NO GUARDAR LA DISTANCIA LATERAL MINIMA DE SEGURIDAD ENTRE VEHICULOS.,ROZAMIENTOS,FURGONETA,0,0,1,0,0,0,0,1,0,0,0,0,0,2,45,HOMBRE,ILESO,CONDUCTOR PRESENTE,NO,NO,0
9133,28132,28133,2017,2,0,-0.160328,-78.496938,PICHINCHA,QUITO,QUITO,URBANA,2017-12-22,07:55:00,7,VIERNES,5,DICIEMBRE,12,SI,NO CEDER EL DERECHO DE VIA O PREFERENCIA DE PASO A VEHICULOS.,CHOQUE LATERAL,AUTOMOVIL,2,0,0,0,0,0,0,0,0,0,0,0,0,2,73,HOMBRE,LESIONADO,CONDUCTOR PRESENTE,NO,NO,0
9134,28133,28134,2017,1,0,-0.154521,-78.476971,PICHINCHA,QUITO,QUITO,URBANA,2017-12-22,08:00:00,8,VIERNES,5,DICIEMBRE,12,SI,PEATON QUE CRUZA LA CALZADA SIN RESPETAR LA SENIALIZACION EXISTENTE (SEMAFOROS O SENIALES MANUALES).,ATROPELLOS,NO IDENTIFICADO,0,0,0,0,0,0,0,0,0,1,0,0,0,1,46,HOMBRE,LESIONADO,PEATON,NO,NO,0