,Unnamed: 0,ID,ANIO,LESIONADOS,FALLECIDOS,LATITUD_Y,LONGITUD_X,PROVINCIA,CANTON,PARROQUIA,ZONA,FECHA,HORA,PERIODO_2,DIA_1,DIA_2,MES_1,MES_2,FERIADO,CAUSA_PROBABLE,TIPO_DE_SINIESTRO,TIPO_DE_VEHICULO_1,AUTOMOVIL,BICICLETA,BUS,CAMION,CAMIONETA,EMERGENCIAS,ESPECIAL,FURGONETA,MOTOCICLETA,NO_IDENTIFICADO,SCOOTER_ELECTRICO,TRICIMOTO,VEHICULO_DEPORTIVO_UTILITARIO,SUMA_DE_VEHICULOS,EDAD_1,SEXO_1,CONDICION_1,PARTICIPANTE_1,CASCO_1,CINTURON_1,KMeans_Cluster
9135,28136,28137,2017,0,0,-0.203748,-78.500641,PICHINCHA,QUITO,QUITO,URBANA,2017-12-22,09:02:00,9,VIERNES,5,DICIEMBRE,12,SI,"NO RESPETAR LAS SENIALES REGLAMENTARIAS DE TRANSITO. (PARE, CEDA EL PASO, LUZ ROJA DEL SEMAFORO, ETC).",CHOQUE LATERAL,BUS,0,0,1,0,1,0,0,0,0,0,0,0,0,2,39,HOMBRE,ILESO,CONDUCTOR PRESENTE,NO,NO,0
9136,28137,28138,2017,1,0,-0.104643,-78.453801,PICHINCHA,QUITO,CALDERON (CARAPUNGO),RURAL,2017-12-22,09:10:00,9,VIERNES,5,DICIEMBRE,12,SI,NO CEDER EL DERECHO DE VIA O PREFERENCIA DE PASO AL PEATON.,ATROPELLOS,AUTOMOVIL,1,0,0,0,0,0,0,0,0,0,0,0,0,1,57,HOMBRE,LESIONADO,PEATON,NO,NO,3
9137,28138,28139,2017,1,0,-0.268564,-78.551576,PICHINCHA,QUITO,QUITO,URBANA,2017-12-22,09:45:00,9,VIERNES,5,DICIEMBRE,12,SI,CONDUCIR VEHICULO SUPERANDO LOS LIMITES MAXIMOS DE VELOCIDAD.,PERDIDA DE PISTA,MOTOCICLETA,0,0,0,0,0,0,0,0,1,0,0,0,0,1,34,HOMBRE,LESIONADO,CONDUCTOR PRESENTE,NO,NO,0
9138,28143,28144,2017,1,0,-0.160924,-78.476596,PICHINCHA,QUITO,QUITO,URBANA,2017-12-22,12:10:00,12,VIERNES,5,DICIEMBRE,12,SI,"NO RESPETAR LAS SENIALES REGLAMENTARIAS DE TRANSITO. (PARE, CEDA EL PASO, LUZ ROJA DEL SEMAFORO, ETC).",CHOQUE LATERAL,AUTOMOVIL,1,0,0,0,0,0,0,0,1,0,0,0,0,2,38,HOMBRE,LESIONADO,CONDUCTOR PRESENTE,NO,NO,0
9139,28146,28147,2017,0,0,-0.441291,-78.725091,PICHINCHA,MEJIA,MANUEL CORNEJO ASTORGA,RURAL,2017-12-22,13:30:00,13,VIERNES,5,DICIEMBRE,12,SI,"CONDUCIR DESATENTO A LAS CONDICIONES DE TRANSITO (CELULAR, PANTALLAS DE VIDEO, COMIDA, MAQUILLAJE O CUALQUIER OTRO ELEMENTO DISTRACTOR).",CHOQUE LATERAL,CAMIONETA,0,0,0,0,2,0,0,0,0,0,0,0,0,2,35,HOMBRE,ILESO,CONDUCTOR PRESENTE,NO,NO,3
9140,28147,28148,2017,0,0,-0.303401,-78.547821,PICHINCHA,QUITO,QUITO,URBANA,2017-12-22,13:50:00,13,VIERNES,5,DICIEMBRE,12,SI,NO GUARDAR LA DISTANCIA LATERAL MINIMA DE SEGURIDAD ENTRE VEHICULOS.,ROZAMIENTOS,CAMIONETA,0,0,1,0,1,0,0,0,0,0,0,0,0,2,28,HOMBRE,ILESO,CONDUCTOR PRESENTE,NO,NO,0
9141,28148,28149,2017,0,0,-0.234165,-78.508846,PICHINCHA,QUITO,QUITO,URBANA,2017-12-22,14:35:00,14,VIERNES,5,DICIEMBRE,12,SI,"NO RESPETAR LAS SENIALES REGLAMENTARIAS DE TRANSITO. (PARE, CEDA EL PASO, LUZ ROJA DEL SEMAFORO, ETC).",CHOQUE LATERAL,MOTOCICLETA,1,0,0,0,0,0,0,0,1,0,0,0,0,2,19,HOMBRE,ILESO,CONDUCTOR PRESENTE,NO,NO,0
9142,28149,28150,2017,1,0,-0.126168,-78.480927,PICHINCHA,QUITO,QUITO,URBANA,2017-12-22,14:45:00,14,VIERNES,5,DICIEMBRE,12,SI,BAJARSE O SUBIRSE DE VEHICULOS EN MOVIMIENTO SIN TOMAR LAS PRECAUCIONES DEBIDAS.,CAIDA DE PASAJERO,NO IDENTIFICADO,0,0,0,0,0,0,0,0,0,1,0,0,0,1,50,MUJER,LESIONADO,PASAJERO,NO,NO,0
9143,28150,28151,2017,0,0,-0.191132,-78.478105,PICHINCHA,QUITO,QUITO,URBANA,2017-12-22,15:00:00,15,VIERNES,5,DICIEMBRE,12,SI,CONDUCIR VEHICULO SUPERANDO LOS LIMITES MAXIMOS DE VELOCIDAD.,PERDIDA DE PISTA,AUTOMOVIL,1,0,0,0,0,0,0,0,0,0,0,0,0,1,54,MUJER,ILESO,CONDUCTOR PRESENTE,NO,NO,0
9144,28152,28153,2017,0,0,-0.141429,-78.482885,PICHINCHA,QUITO,QUITO,URBANA,2017-12-22,16:10:00,16,VIERNES,5,DICIEMBRE,12,SI,NO CEDER EL DERECHO DE VIA O PREFERENCIA DE PASO A VEHICULOS.,CHOQUE LATERAL,AUTOMOVIL,2,0,0,0,0,0,0,0,0,0,0,0,0,2,35,MUJER,ILESO,CONDUCTOR PRESENTE,NO,NO,0
9145,28156,28157,2017,1,0,-0.331718,-78.434758,PICHINCHA,RUMINIAHUI,SANGOLQUI,URBANA,2017-12-22,16:40:00,16,VIERNES,5,DICIEMBRE,12,SI,CONDUCIR VEHICULO SUPERANDO LOS LIMITES MAXIMOS DE VELOCIDAD.,ATROPELLOS,CAMIONETA,0,0,0,0,1,0,0,0,0,0,0,0,0,1,13,MUJER,LESIONADO,PEATON,NO,NO,0
9146,28159,28160,2017,0,0,-0.100553,-78.472165,PICHINCHA,QUITO,QUITO,URBANA,2017-12-22,17:05:00,17,VIERNES,5,DICIEMBRE,12,SI,"NO RESPETAR LAS SENIALES REGLAMENTARIAS DE TRANSITO. (PARE, CEDA EL PASO, LUZ ROJA DEL SEMAFORO, ETC).",CHOQUE LATERAL,AUTOMOVIL,1,0,0,0,1,0,0,0,0,0,0,0,0,2,47,MUJER,ILESO,CONDUCTOR PRESENTE,NO,NO,0
9147,28160,28161,2017,0,0,-0.105384,-78.497732,PICHINCHA,QUITO,QUITO,URBANA,2017-12-22,17:10:00,17,VIERNES,5,DICIEMBRE,12,SI,"CONDUCIR DESATENTO A LAS CONDICIONES DE TRANSITO (CELULAR, PANTALLAS DE VIDEO, COMIDA, MAQUILLAJE O CUALQUIER OTRO ELEMENTO DISTRACTOR).",CHOQUE POSTERIOR,CAMIONETA,0,0,0,0,2,0,0,0,0,0,0,0,0,2,70,HOMBRE,ILESO,CONDUCTOR PRESENTE,NO,NO,0
9148,28161,28162,2017,0,0,-0.129285,-78.481343,PICHINCHA,QUITO,QUITO,URBANA,2017-12-22,17:15:00,17,VIERNES,5,DICIEMBRE,12,SI,"CONDUCE BAJO LA INFLUENCIA DE ALCOHOL, SUSTANCIAS ESTUPEFACIENTES O PSICOTROPICAS Y/O MEDICAMENTOS.",COLISION,AUTOMOVIL,1,0,0,0,1,0,0,0,0,0,0,0,1,3,26,HOMBRE,ILESO,CONDUCTOR PRESENTE,NO,NO,0
9149,28162,28163,2017,1,0,-0.196669,-78.466599,PICHINCHA,QUITO,QUITO,URBANA,2017-12-22,17:30:00,17,VIERNES,5,DICIEMBRE,12,SI,CONDUCIR VEHICULO SUPERANDO LOS LIMITES MAXIMOS DE VELOCIDAD.,PERDIDA DE PISTA,MOTOCICLETA,0,0,0,0,0,0,0,0,1,0,0,0,0,1,26,HOMBRE,LESIONADO,CONDUCTOR PRESENTE,NO,NO,0
9150,28163,28164,2017,1,0,-0.215829,-78.516287,PICHINCHA,QUITO,QUITO,URBANA,2017-12-22,17:30:00,17,VIERNES,5,DICIEMBRE,12,SI,NO CEDER EL DERECHO DE VIA O PREFERENCIA DE PASO AL PEATON.,ATROPELLOS,VEHICULO DEPORTIVO UTILITARIO,0,0,0,0,0,0,0,0,0,0,0,0,1,1,28,MUJER,LESIONADO,CONDUCTOR PRESENTE,NO,NO,0
9151,28164,28165,2017,0,0,-0.104968,-78.490378,PICHINCHA,QUITO,QUITO,URBANA,2017-12-22,18:20:00,18,VIERNES,5,DICIEMBRE,12,SI,"CONDUCE BAJO LA INFLUENCIA DE ALCOHOL, SUSTANCIAS ESTUPEFACIENTES O PSICOTROPICAS Y/O MEDICAMENTOS.",CHOQUE FRONTAL,CAMIONETA,1,0,0,0,1,0,0,0,0,0,0,0,0,2,30,HOMBRE,ILESO,CONDUCTOR PRESENTE,NO,NO,0
9152,28165,28166,2017,1,0,-0.318581,-78.549284,PICHINCHA,QUITO,QUITO,URBANA,2017-12-22,18:39:00,18,VIERNES,5,DICIEMBRE,12,SI,"NO RESPETAR LAS SENIALES REGLAMENTARIAS DE TRANSITO. (PARE, CEDA EL PASO, LUZ ROJA DEL SEMAFORO, ETC).",CHOQUE LATERAL,MOTOCICLETA,0,0,0,0,0,0,0,0,1,0,0,0,0,1,25,HOMBRE,LESIONADO,CONDUCTOR PRESENTE,NO,NO,0
9153,28166,28167,2017,1,0,-0.207915,-78.499997,PICHINCHA,QUITO,QUITO,URBANA,2017-12-22,19:00:00,19,VIERNES,5,DICIEMBRE,12,SI,"PEATON TRANSITA BAJO INFLUENCIA DE ALCOHOL, SUSTANCIAS ESTUPEFACIENTES O PSICOTROPICAS Y/O MEDICAMENTOS.",ATROPELLOS,BUS,0,0,1,0,0,0,0,0,0,0,0,0,0,1,20,HOMBRE,LESIONADO,PEATON,NO,NO,0
9154,28169,28170,2017,0,0,-0.207401,-78.487161,PICHINCHA,QUITO,QUITO,URBANA,2017-12-22,19:21:00,19,VIERNES,5,DICIEMBRE,12,SI,"NO RESPETAR LAS SENIALES REGLAMENTARIAS DE TRANSITO. (PARE, CEDA EL PASO, LUZ ROJA DEL SEMAFORO, ETC).",CHOQUE LATERAL,BUS,0,0,1,0,0,0,0,0,0,0,0,0,1,2,34,HOMBRE,ILESO,CONDUCTOR PRESENTE,NO,NO,0
9155,28171,28172,2017,0,0,-0.175112,-78.462915,PICHINCHA,QUITO,QUITO,URBANA,2017-12-22,19:30:00,19,VIERNES,5,DICIEMBRE,12,SI,"CONDUCE BAJO LA INFLUENCIA DE ALCOHOL, SUSTANCIAS ESTUPEFACIENTES O PSICOTROPICAS Y/O MEDICAMENTOS.",ESTRELLAMIENTOS,VEHICULO DEPORTIVO UTILITARIO,0,0,0,0,1,0,0,0,0,0,0,0,1,2,34,MUJER,ILESO,CONDUCTOR PRESENTE,NO,NO,0
9156,28172,28173,2017,0,0,-0.176834,-78.481057,PICHINCHA,QUITO,QUITO,URBANA,2017-12-22,19:50:00,19,VIERNES,5,DICIEMBRE,12,SI,NO MANTENER LA DISTANCIA PRUDENCIAL CON RESPECTO AL VEHICULO QUE LE ANTECEDE.,CHOQUE POSTERIOR,MOTOCICLETA,0,0,0,0,0,0,0,0,1,0,0,0,0,1,48,HOMBRE,ILESO,CONDUCTOR PRESENTE,NO,NO,0
9157,28173,28174,2017,1,0,-0.119591,-78.492763,PICHINCHA,QUITO,QUITO,URBANA,2017-12-22,20:30:00,20,VIERNES,5,DICIEMBRE,12,SI,NO GUARDAR LA DISTANCIA LATERAL MINIMA DE SEGURIDAD ENTRE VEHICULOS.,ROZAMIENTOS,CAMIONETA,0,0,0,0,1,0,0,0,0,0,0,0,0,1,-1,HOMBRE,LESIONADO,CONDUCTOR PRESENTE,NO,NO,0
9158,28174,28175,2017,0,0,-0.089334,-78.391392,PICHINCHA,QUITO,CALDERON (CARAPUNGO),RURAL,2017-12-22,20:30:00,20,VIERNES,5,DICIEMBRE,12,SI,"CONDUCIR DESATENTO A LAS CONDICIONES DE TRANSITO (CELULAR, PANTALLAS DE VIDEO, COMIDA, MAQUILLAJE O CUALQUIER OTRO ELEMENTO DISTRACTOR).",PERDIDA DE PISTA,MOTOCICLETA,0,0,0,0,0,0,0,0,1,0,0,0,0,1,18,HOMBRE,ILESO,CONDUCTOR PRESENTE,NO,NO,3
9159,28175,28176,2017,1,0,-0.256184,-78.539427,PICHINCHA,QUITO,QUITO,URBANA,2017-12-22,20:40:00,20,VIERNES,5,DICIEMBRE,12,SI,REALIZAR CAMBIO BRUSCO O INDEBIDO DE CARRIL.,CHOQUE FRONTAL,MOTOCICLETA,1,0,0,0,0,0,0,0,1,0,0,0,0,2,40,HOMBRE,LESIONADO,PASAJERO,NO,NO,0
9160,28176,28177,2017,1,0,-0.257611,-78.517731,PICHINCHA,QUITO,QUITO,URBANA,2017-12-22,21:00:00,21,VIERNES,5,DICIEMBRE,12,SI,"PEATON TRANSITA BAJO INFLUENCIA DE ALCOHOL, SUSTANCIAS ESTUPEFACIENTES O PSICOTROPICAS Y/O MEDICAMENTOS.",ARROLLAMIENTOS,NO IDENTIFICADO,0,0,0,0,0,0,0,0,0,1,0,0,0,1,51,HOMBRE,LESIONADO,PEATON,NO,NO,0
9161,28177,28178,2017,1,0,-0.276484,-78.552341,PICHINCHA,QUITO,QUITO,URBANA,2017-12-22,21:00:00,21,VIERNES,5,DICIEMBRE,12,SI,NO CEDER EL DERECHO DE VIA O PREFERENCIA DE PASO AL PEATON.,ATROPELLOS,NO IDENTIFICADO,0,0,0,0,0,0,0,0,0,1,0,0,0,1,10,HOMBRE,LESIONADO,PEATON,NO,NO,0
9162,28184,28185,2017,1,0,-0.279223,-78.556831,PICHINCHA,QUITO,QUITO,URBANA,2017-12-22,23:00:00,23,VIERNES,5,DICIEMBRE,12,SI,"NO RESPETAR LAS SENIALES REGLAMENTARIAS DE TRANSITO. (PARE, CEDA EL PASO, LUZ ROJA DEL SEMAFORO, ETC).",CHOQUE LATERAL,MOTOCICLETA,0,0,0,0,0,0,0,0,1,0,0,0,0,1,23,HOMBRE,LESIONADO,CONDUCTOR PRESENTE,NO,NO,0
9163,28185,28186,2017,0,0,-0.181537,-78.481949,PICHINCHA,QUITO,QUITO,URBANA,2017-12-22,23:25:00,23,VIERNES,5,DICIEMBRE,12,SI,"NO RESPETAR LAS SENIALES REGLAMENTARIAS DE TRANSITO. (PARE, CEDA EL PASO, LUZ ROJA DEL SEMAFORO, ETC).",CHOQUE LATERAL,AUTOMOVIL,1,0,0,0,0,0,0,0,0,0,0,0,0,1,27,HOMBRE,ILESO,CONDUCTOR PRESENTE,NO,NO,0
9164,28212,28213,2017,0,0,-0.224001,-78.516113,PICHINCHA,QUITO,QUITO,URBANA,2017-12-23,01:30:00,1,SABADO,6,DICIEMBRE,12,SI,"CONDUCE BAJO LA INFLUENCIA DE ALCOHOL, SUSTANCIAS ESTUPEFACIENTES O PSICOTROPICAS Y/O MEDICAMENTOS.",ESTRELLAMIENTOS,AUTOMOVIL,2,0,0,0,0,0,0,0,0,0,0,0,0,2,23,HOMBRE,ILESO,CONDUCTOR PRESENTE,NO,NO,0
9165,28217,28218,2017,0,0,-0.116011,-78.479444,PICHINCHA,QUITO,QUITO,URBANA,2017-12-23,02:10:00,2,SABADO,6,DICIEMBRE,12,SI,"CONDUCIR EN ESTADO DE SOMNOLENCIA O MALAS CONDICIONES FISICAS (SUENIO, CANSANCIO Y FATIGA).",ESTRELLAMIENTOS,CAMIONETA,0,0,0,0,1,0,0,0,0,0,0,0,0,1,-1,NO IDENTIFICADO,NO IDENTIFICADO,CONDUCTOR AUSENTE,NO,NO,2
9166,28218,28219,2017,0,0,-0.237685,-78.484591,PICHINCHA,QUITO,QUITO,URBANA,2017-12-23,02:12:00,2,SABADO,6,DICIEMBRE,12,SI,"CONDUCIR EN ESTADO DE SOMNOLENCIA O MALAS CONDICIONES FISICAS (SUENIO, CANSANCIO Y FATIGA).",PERDIDA DE PISTA,MOTOCICLETA,0,0,0,0,0,0,0,0,1,0,0,0,0,1,45,HOMBRE,ILESO,CONDUCTOR PRESENTE,NO,NO,0
9167,28219,28220,2017,0,0,-0.212824,-78.402686,PICHINCHA,QUITO,TUMBACO,RURAL,2017-12-23,02:20:00,2,SABADO,6,DICIEMBRE,12,SI,"CONDUCIR DESATENTO A LAS CONDICIONES DE TRANSITO (CELULAR, PANTALLAS DE VIDEO, COMIDA, MAQUILLAJE O CUALQUIER OTRO ELEMENTO DISTRACTOR).",CHOQUE POSTERIOR,AUTOMOVIL,1,0,0,0,0,0,0,0,0,0,0,0,1,2,31,MUJER,ILESO,CONDUCTOR PRESENTE,NO,NO,3
9168,28220,28221,2017,0,0,-0.205501,-78.491986,PICHINCHA,QUITO,QUITO,URBANA,2017-12-23,02:30:00,2,SABADO,6,DICIEMBRE,12,SI,"CONDUCE BAJO LA INFLUENCIA DE ALCOHOL, SUSTANCIAS ESTUPEFACIENTES O PSICOTROPICAS Y/O MEDICAMENTOS.",PERDIDA DE PISTA,AUTOMOVIL,1,0,0,0,1,0,0,0,0,0,0,0,0,2,43,HOMBRE,ILESO,CONDUCTOR PRESENTE,NO,NO,0
9169,28222,28223,2017,3,0,0.005035,-78.174396,PICHINCHA,CAYAMBE,CANGAHUA,URBANA,2017-12-23,02:46:00,2,SABADO,6,DICIEMBRE,12,SI,"CONDUCIR DESATENTO A LAS CONDICIONES DE TRANSITO (CELULAR, PANTALLAS DE VIDEO, COMIDA, MAQUILLAJE O CUALQUIER OTRO ELEMENTO DISTRACTOR).",PERDIDA DE PISTA,CAMION,0,0,0,1,0,0,0,0,0,0,0,0,0,1,42,HOMBRE,LESIONADO,CONDUCTOR PRESENTE,NO,NO,0
9170,28223,28224,2017,0,0,-0.206931,-78.425899,PICHINCHA,QUITO,CUMBAYA,RURAL,2017-12-23,03:00:00,3,SABADO,6,DICIEMBRE,12,SI,"CONDUCIR EN ESTADO DE SOMNOLENCIA O MALAS CONDICIONES FISICAS (SUENIO, CANSANCIO Y FATIGA).",PERDIDA DE PISTA,VEHICULO DEPORTIVO UTILITARIO,0,0,0,0,0,0,0,0,0,0,0,0,1,1,30,HOMBRE,ILESO,CONDUCTOR PRESENTE,NO,NO,3
9171,28224,28225,2017,1,0,-0.277334,-78.546535,PICHINCHA,QUITO,QUITO,URBANA,2017-12-23,03:25:00,3,SABADO,6,DICIEMBRE,12,SI,NO TRANSITAR POR LAS ACERAS O ZONAS DE SEGURIDAD DESTINADAS PARA EL EFECTO.,ATROPELLOS,NO IDENTIFICADO,0,0,0,0,0,0,0,0,0,1,0,0,0,1,35,HOMBRE,LESIONADO,PEATON,NO,NO,0
9172,28225,28226,2017,0,0,-0.157092,-78.466394,PICHINCHA,QUITO,QUITO,URBANA,2017-12-23,03:30:00,3,SABADO,6,DICIEMBRE,12,SI,"CONDUCIR EN ESTADO DE SOMNOLENCIA O MALAS CONDICIONES FISICAS (SUENIO, CANSANCIO Y FATIGA).",VOLCAMIENTOS,AUTOMOVIL,1,0,0,0,0,0,0,0,0,0,0,0,0,1,-1,NO IDENTIFICADO,NO IDENTIFICADO,CONDUCTOR AUSENTE,NO,NO,2
9173,28226,28227,2017,0,0,-0.210536,-78.504042,PICHINCHA,QUITO,QUITO,URBANA,2017-12-23,03:40:00,3,SABADO,6,DICIEMBRE,12,SI,"CONDUCE BAJO LA INFLUENCIA DE ALCOHOL, SUSTANCIAS ESTUPEFACIENTES O PSICOTROPICAS Y/O MEDICAMENTOS.",CHOQUE LATERAL,AUTOMOVIL,2,0,0,0,0,0,0,0,0,0,0,0,0,2,24,HOMBRE,ILESO,CONDUCTOR PRESENTE,NO,NO,0
9174,28229,28230,2017,0,0,-0.282595,-78.470666,PICHINCHA,QUITO,CONOCOTO,RURAL,2017-12-23,04:05:00,4,SABADO,6,DICIEMBRE,12,SI,"CONDUCE BAJO LA INFLUENCIA DE ALCOHOL, SUSTANCIAS ESTUPEFACIENTES O PSICOTROPICAS Y/O MEDICAMENTOS.",CHOQUE LATERAL,AUTOMOVIL,2,0,0,0,0,0,0,0,0,0,0,0,0,2,27,HOMBRE,ILESO,CONDUCTOR PRESENTE,NO,NO,3
9175,28231,28232,2017,0,1,-0.106694,-78.481991,PICHINCHA,QUITO,QUITO,URBANA,2017-12-23,04:15:00,4,SABADO,6,DICIEMBRE,12,SI,"CONDUCIR EN ESTADO DE SOMNOLENCIA O MALAS CONDICIONES FISICAS (SUENIO, CANSANCIO Y FATIGA).",PERDIDA DE PISTA,MOTOCICLETA,0,0,0,0,0,0,0,0,1,0,0,0,0,1,28,HOMBRE,FALLECIDO,CONDUCTOR PRESENTE,NO,NO,0
9176,28232,28233,2017,0,0,-0.202603,-78.481182,PICHINCHA,QUITO,QUITO,URBANA,2017-12-23,04:35:00,4,SABADO,6,DICIEMBRE,12,SI,"CONDUCIR EN ESTADO DE SOMNOLENCIA O MALAS CONDICIONES FISICAS (SUENIO, CANSANCIO Y FATIGA).",ESTRELLAMIENTOS,VEHICULO DEPORTIVO UTILITARIO,0,0,0,0,0,0,0,0,0,0,0,0,1,1,63,HOMBRE,ILESO,CONDUCTOR PRESENTE,NO,NO,0
9177,28234,28235,2017,2,0,-0.232992,-78.508861,PICHINCHA,QUITO,QUITO,URBANA,2017-12-23,05:55:00,5,SABADO,6,DICIEMBRE,12,SI,REALIZAR CAMBIO BRUSCO O INDEBIDO DE CARRIL.,CHOQUE FRONTAL,AUTOMOVIL,1,0,0,0,0,0,0,0,0,0,0,0,1,2,62,HOMBRE,LESIONADO,CONDUCTOR PRESENTE,NO,NO,0
9178,28243,28244,2017,1,0,-0.104134,-78.494764,PICHINCHA,QUITO,QUITO,URBANA,2017-12-23,08:58:00,8,SABADO,6,DICIEMBRE,12,SI,REALIZAR CAMBIO BRUSCO O INDEBIDO DE CARRIL.,PERDIDA DE PISTA,MOTOCICLETA,0,0,0,0,0,0,0,0,1,0,0,0,0,1,24,HOMBRE,LESIONADO,CONDUCTOR PRESENTE,NO,NO,0
9179,28245,28246,2017,1,0,-0.212824,-78.402686,PICHINCHA,QUITO,TUMBACO,RURAL,2017-12-23,09:10:00,9,SABADO,6,DICIEMBRE,12,SI,CONDUCIR VEHICULO SUPERANDO LOS LIMITES MAXIMOS DE VELOCIDAD.,PERDIDA DE PISTA,AUTOMOVIL,1,0,0,0,0,0,0,0,0,0,0,0,0,1,42,HOMBRE,LESIONADO,PEATON,NO,NO,3
9180,28247,28248,2017,0,0,-0.279531,-78.475724,PICHINCHA,QUITO,CONOCOTO,RURAL,2017-12-23,09:20:00,9,SABADO,6,DICIEMBRE,12,SI,"NO RESPETAR LAS SENIALES REGLAMENTARIAS DE TRANSITO. (PARE, CEDA EL PASO, LUZ ROJA DEL SEMAFORO, ETC).",CHOQUE LATERAL,CAMION,0,0,0,2,0,0,0,0,0,0,0,0,0,2,60,HOMBRE,ILESO,CONDUCTOR PRESENTE,NO,NO,3
9181,28248,28249,2017,2,0,0.096788,-78.189254,PICHINCHA,PEDRO MONCAYO,TUPIGACHI,RURAL,2017-12-23,09:20:00,9,SABADO,6,DICIEMBRE,12,SI,"CONDUCIR DESATENTO A LAS CONDICIONES DE TRANSITO (CELULAR, PANTALLAS DE VIDEO, COMIDA, MAQUILLAJE O CUALQUIER OTRO ELEMENTO DISTRACTOR).",CHOQUE FRONTAL,AUTOMOVIL,3,0,0,0,0,0,0,0,0,0,0,0,0,3,-1,NO IDENTIFICADO,LESIONADO,CONDUCTOR PRESENTE,NO,NO,2
9182,28250,28251,2017,1,0,-0.213886,-78.503635,PICHINCHA,QUITO,QUITO,URBANA,2017-12-23,10:00:00,10,SABADO,6,DICIEMBRE,12,SI,BAJARSE O SUBIRSE DE VEHICULOS EN MOVIMIENTO SIN TOMAR LAS PRECAUCIONES DEBIDAS.,CAIDA DE PASAJERO,NO IDENTIFICADO,0,0,0,0,0,0,0,0,0,1,0,0,0,1,70,MUJER,LESIONADO,PASAJERO,NO,NO,0
9183,28251,28252,2017,0,0,-0.118095,-78.455421,PICHINCHA,QUITO,QUITO,RURAL,2017-12-23,10:05:00,10,SABADO,6,DICIEMBRE,12,SI,NO CEDER EL DERECHO DE VIA O PREFERENCIA DE PASO A VEHICULOS.,CHOQUE LATERAL,AUTOMOVIL,2,0,0,0,0,0,0,0,0,0,0,0,0,2,21,HOMBRE,ILESO,CONDUCTOR PRESENTE,NO,NO,3
9184,28253,28254,2017,0,0,-0.280706,-78.554325,PICHINCHA,QUITO,QUITO,URBANA,2017-12-23,10:25:00,10,SABADO,6,DICIEMBRE,12,SI,"NO RESPETAR LAS SENIALES REGLAMENTARIAS DE TRANSITO. (PARE, CEDA EL PASO, LUZ ROJA DEL SEMAFORO, ETC).",CHOQUE LATERAL,ESPECIAL,1,0,0,0,0,0,1,0,0,0,0,0,0,2,70,HOMBRE,ILESO,CONDUCTOR PRESENTE,NO,NO,0
9185,28255,28256,2017,0,0,-0.190807,-78.427174,PICHINCHA,QUITO,CUMBAYA,RURAL,2017-12-23,11:30:00,11,SABADO,6,DICIEMBRE,12,SI,REALIZAR CAMBIO BRUSCO O INDEBIDO DE CARRIL.,PERDIDA DE PISTA,CAMIONETA,0,0,0,0,1,0,0,0,0,0,0,0,0,1,22,MUJER,ILESO,CONDUCTOR PRESENTE,NO,NO,3
9186,28258,28259,2017,1,0,-0.132068,-78.475268,PICHINCHA,QUITO,QUITO,URBANA,2017-12-23,13:00:00,13,SABADO,6,DICIEMBRE,12,SI,PEATON QUE CRUZA LA CALZADA SIN RESPETAR LA SENIALIZACION EXISTENTE (SEMAFOROS O SENIALES MANUALES).,ATROPELLOS,VEHICULO DEPORTIVO UTILITARIO,0,0,0,0,0,0,0,0,0,0,0,0,1,1,30,HOMBRE,LESIONADO,PEATON,NO,NO,0
9187,28259,28260,2017,1,0,-0.280706,-78.554325,PICHINCHA,QUITO,QUITO,URBANA,2017-12-23,13:15:00,13,SABADO,6,DICIEMBRE,12,SI,BAJARSE O SUBIRSE DE VEHICULOS EN MOVIMIENTO SIN TOMAR LAS PRECAUCIONES DEBIDAS.,CAIDA DE PASAJERO,NO IDENTIFICADO,0,0,0,0,0,0,0,0,0,1,0,0,0,1,26,HOMBRE,LESIONADO,PASAJERO,NO,NO,0
9188,28262,28263,2017,0,0,-0.093711,-78.436333,PICHINCHA,QUITO,CALDERON (CARAPUNGO),RURAL,2017-12-23,14:45:00,14,SABADO,6,DICIEMBRE,12,SI,NO MANTENER LA DISTANCIA PRUDENCIAL CON RESPECTO AL VEHICULO QUE LE ANTECEDE.,CHOQUE POSTERIOR,AUTOMOVIL,1,0,0,0,0,0,0,0,0,0,0,0,0,1,65,HOMBRE,ILESO,CONDUCTOR PRESENTE,NO,NO,3
9189,28263,28264,2017,1,0,-0.172333,-78.490187,PICHINCHA,QUITO,QUITO,URBANA,2017-12-23,14:50:00,14,SABADO,6,DICIEMBRE,12,SI,NO MANTENER LA DISTANCIA PRUDENCIAL CON RESPECTO AL VEHICULO QUE LE ANTECEDE.,CHOQUE POSTERIOR,BICICLETA,0,1,0,0,0,0,0,0,0,0,0,0,0,1,29,HOMBRE,LESIONADO,CONDUCTOR PRESENTE,NO,NO,0
9190,28268,28269,2017,2,0,-0.449092,-78.642979,PICHINCHA,MEJIA,ALOAG,RURAL,2017-12-23,16:45:00,16,SABADO,6,DICIEMBRE,12,SI,"CONDUCIR DESATENTO A LAS CONDICIONES DE TRANSITO (CELULAR, PANTALLAS DE VIDEO, COMIDA, MAQUILLAJE O CUALQUIER OTRO ELEMENTO DISTRACTOR).",CHOQUE FRONTAL,VEHICULO DEPORTIVO UTILITARIO,0,0,0,0,0,0,0,0,0,0,0,0,2,2,36,HOMBRE,LESIONADO,PASAJERO,NO,NO,3