,Unnamed: 0,ID,ANIO,LESIONADOS,FALLECIDOS,LATITUD_Y,LONGITUD_X,PROVINCIA,CANTON,PARROQUIA,ZONA,FECHA,HORA,PERIODO_2,DIA_1,DIA_2,MES_1,MES_2,FERIADO,CAUSA_PROBABLE,TIPO_DE_SINIESTRO,TIPO_DE_VEHICULO_1,AUTOMOVIL,BICICLETA,BUS,CAMION,CAMIONETA,EMERGENCIAS,ESPECIAL,FURGONETA,MOTOCICLETA,NO_IDENTIFICADO,SCOOTER_ELECTRICO,TRICIMOTO,VEHICULO_DEPORTIVO_UTILITARIO,SUMA_DE_VEHICULOS,EDAD_1,SEXO_1,CONDICION_1,PARTICIPANTE_1,CASCO_1,CINTURON_1,KMeans_Cluster
9191,28270,28271,2017,1,0,-0.232881,-78.524489,PICHINCHA,QUITO,QUITO,URBANA,2017-12-23,17:00:00,17,SABADO,6,DICIEMBRE,12,SI,NO TRANSITAR POR LAS ACERAS O ZONAS DE SEGURIDAD DESTINADAS PARA EL EFECTO.,ATROPELLOS,AUTOMOVIL,2,0,0,0,0,0,0,0,0,0,0,0,0,2,79,HOMBRE,LESIONADO,CONDUCTOR PRESENTE,NO,NO,0
9192,28272,28273,2017,1,0,-0.061441,-78.406696,PICHINCHA,QUITO,CALDERON (CARAPUNGO),RURAL,2017-12-23,17:03:00,17,SABADO,6,DICIEMBRE,12,SI,CONDUCIR VEHICULO SUPERANDO LOS LIMITES MAXIMOS DE VELOCIDAD.,PERDIDA DE PISTA,CAMIONETA,0,0,0,0,1,0,0,0,0,0,0,0,0,1,50,HOMBRE,LESIONADO,CONDUCTOR PRESENTE,NO,NO,3
9193,28276,28277,2017,1,0,-0.150746,-78.432869,PICHINCHA,QUITO,ZAMBIZA,RURAL,2017-12-23,18:35:00,18,SABADO,6,DICIEMBRE,12,SI,NO CEDER EL DERECHO DE VIA O PREFERENCIA DE PASO AL PEATON.,ATROPELLOS,NO IDENTIFICADO,0,0,0,0,0,0,0,0,0,1,0,0,0,1,10,HOMBRE,LESIONADO,PEATON,NO,NO,3
9194,28277,28278,2017,0,0,-0.292031,-78.477733,PICHINCHA,QUITO,CONOCOTO,RURAL,2017-12-23,18:45:00,18,SABADO,6,DICIEMBRE,12,SI,"NO RESPETAR LAS SENIALES REGLAMENTARIAS DE TRANSITO. (PARE, CEDA EL PASO, LUZ ROJA DEL SEMAFORO, ETC).",CHOQUE LATERAL,AUTOMOVIL,1,0,0,0,0,0,0,0,0,0,0,0,0,1,40,HOMBRE,ILESO,CONDUCTOR PRESENTE,NO,NO,3
9195,28280,28281,2017,0,0,-0.084163,-78.418921,PICHINCHA,QUITO,CALDERON (CARAPUNGO),RURAL,2017-12-23,19:20:00,19,SABADO,6,DICIEMBRE,12,SI,"CONDUCIR DESATENTO A LAS CONDICIONES DE TRANSITO (CELULAR, PANTALLAS DE VIDEO, COMIDA, MAQUILLAJE O CUALQUIER OTRO ELEMENTO DISTRACTOR).",CHOQUE POSTERIOR,AUTOMOVIL,1,0,0,0,0,0,0,0,1,0,0,0,0,2,48,HOMBRE,ILESO,CONDUCTOR PRESENTE,NO,NO,3
9196,28291,28292,2017,1,0,-0.196691,-78.465991,PICHINCHA,QUITO,QUITO,RURAL,2017-12-23,22:05:00,22,SABADO,6,DICIEMBRE,12,SI,CONDUCIR VEHICULO SUPERANDO LOS LIMITES MAXIMOS DE VELOCIDAD.,CHOQUE POSTERIOR,AUTOMOVIL,2,0,0,0,0,0,0,0,0,0,0,0,0,2,32,HOMBRE,LESIONADO,CONDUCTOR PRESENTE,NO,NO,3
9197,28294,28295,2017,3,0,-0.112189,-78.504802,PICHINCHA,QUITO,QUITO,URBANA,2017-12-23,22:35:00,22,SABADO,6,DICIEMBRE,12,SI,"CONDUCE BAJO LA INFLUENCIA DE ALCOHOL, SUSTANCIAS ESTUPEFACIENTES O PSICOTROPICAS Y/O MEDICAMENTOS.",ESTRELLAMIENTOS,AUTOMOVIL,1,0,0,0,0,0,0,0,1,0,0,0,0,2,20,HOMBRE,LESIONADO,PEATON,NO,NO,0
9198,28295,28296,2017,0,0,-0.236431,-78.528458,PICHINCHA,QUITO,QUITO,URBANA,2017-12-23,23:30:00,23,SABADO,6,DICIEMBRE,12,SI,NO GUARDAR LA DISTANCIA LATERAL MINIMA DE SEGURIDAD ENTRE VEHICULOS.,ROZAMIENTOS,AUTOMOVIL,1,0,0,0,0,0,0,0,0,0,0,0,0,1,28,HOMBRE,ILESO,CONDUCTOR PRESENTE,NO,NO,0
9199,28336,28337,2017,0,0,-0.501411,-78.549835,PICHINCHA,MEJIA,MACHACHI,RURAL,2017-12-24,00:10:00,0,DOMINGO,7,DICIEMBRE,12,SI,"CONDUCIR DESATENTO A LAS CONDICIONES DE TRANSITO (CELULAR, PANTALLAS DE VIDEO, COMIDA, MAQUILLAJE O CUALQUIER OTRO ELEMENTO DISTRACTOR).",PERDIDA DE PISTA,VEHICULO DEPORTIVO UTILITARIO,0,0,0,0,0,0,0,0,0,0,0,0,1,1,17,HOMBRE,ILESO,PASAJERO,NO,NO,3
9200,28339,28340,2017,1,0,-0.276235,-78.552751,PICHINCHA,QUITO,QUITO,URBANA,2017-12-24,00:35:00,0,DOMINGO,7,DICIEMBRE,12,SI,NO TRANSITAR POR LAS ACERAS O ZONAS DE SEGURIDAD DESTINADAS PARA EL EFECTO.,ATROPELLOS,NO IDENTIFICADO,0,0,0,0,0,0,0,0,0,1,0,0,0,1,21,HOMBRE,LESIONADO,CONDUCTOR PRESENTE,NO,NO,0
9201,28345,28346,2017,0,0,-0.276235,-78.552751,PICHINCHA,QUITO,QUITO,URBANA,2017-12-24,02:40:00,2,DOMINGO,7,DICIEMBRE,12,SI,"CONDUCIR EN ESTADO DE SOMNOLENCIA O MALAS CONDICIONES FISICAS (SUENIO, CANSANCIO Y FATIGA).",ESTRELLAMIENTOS,AUTOMOVIL,1,0,0,0,0,0,0,0,0,0,0,0,0,1,-1,NO IDENTIFICADO,NO IDENTIFICADO,CONDUCTOR AUSENTE,NO,NO,2
9202,28348,28349,2017,0,0,-0.188521,-78.448241,PICHINCHA,QUITO,NAYON,RURAL,2017-12-24,03:00:00,3,DOMINGO,7,DICIEMBRE,12,SI,"CONDUCIR EN ESTADO DE SOMNOLENCIA O MALAS CONDICIONES FISICAS (SUENIO, CANSANCIO Y FATIGA).",ESTRELLAMIENTOS,AUTOMOVIL,1,0,0,0,0,0,0,0,0,0,0,0,0,1,46,HOMBRE,ILESO,CONDUCTOR PRESENTE,NO,NO,3
9203,28351,28352,2017,0,0,-0.284683,-78.469347,PICHINCHA,QUITO,CONOCOTO,URBANA,2017-12-24,03:50:00,3,DOMINGO,7,DICIEMBRE,12,SI,CONDUCIR VEHICULO SUPERANDO LOS LIMITES MAXIMOS DE VELOCIDAD.,PERDIDA DE PISTA,AUTOMOVIL,1,0,0,0,0,0,0,0,0,0,0,0,0,1,49,MUJER,ILESO,CONDUCTOR PRESENTE,NO,NO,0
9204,28353,28354,2017,4,0,-0.494243,-78.571201,PICHINCHA,MEJIA,ALOAG,RURAL,2017-12-24,04:30:00,4,DOMINGO,7,DICIEMBRE,12,SI,"CONDUCIR DESATENTO A LAS CONDICIONES DE TRANSITO (CELULAR, PANTALLAS DE VIDEO, COMIDA, MAQUILLAJE O CUALQUIER OTRO ELEMENTO DISTRACTOR).",CHOQUE LATERAL,VEHICULO DEPORTIVO UTILITARIO,0,0,0,0,0,0,0,0,0,0,0,0,2,2,34,HOMBRE,LESIONADO,CONDUCTOR PRESENTE,NO,NO,3
9205,28354,28355,2017,0,0,-0.240223,-78.531309,PICHINCHA,QUITO,QUITO,URBANA,2017-12-24,05:00:00,5,DOMINGO,7,DICIEMBRE,12,SI,"CONDUCE BAJO LA INFLUENCIA DE ALCOHOL, SUSTANCIAS ESTUPEFACIENTES O PSICOTROPICAS Y/O MEDICAMENTOS.",CHOQUE FRONTAL,CAMIONETA,0,0,0,0,2,0,0,0,0,0,0,0,0,2,30,HOMBRE,ILESO,CONDUCTOR PRESENTE,NO,NO,0
9206,28366,28367,2017,1,0,-0.168022,-78.479411,PICHINCHA,QUITO,QUITO,URBANA,2017-12-24,10:45:00,10,DOMINGO,7,DICIEMBRE,12,SI,NO CEDER EL DERECHO DE VIA O PREFERENCIA DE PASO AL PEATON.,ATROPELLOS,NO IDENTIFICADO,0,0,0,0,0,0,0,0,0,1,0,0,0,1,70,MUJER,LESIONADO,PEATON,NO,NO,0
9207,28367,28368,2017,0,0,-0.233806,-78.484301,PICHINCHA,QUITO,QUITO,URBANA,2017-12-24,10:55:00,10,DOMINGO,7,DICIEMBRE,12,SI,REALIZAR CAMBIO BRUSCO O INDEBIDO DE CARRIL.,CHOQUE LATERAL,AUTOMOVIL,1,0,0,0,0,0,0,0,0,0,0,0,0,1,57,HOMBRE,ILESO,CONDUCTOR PRESENTE,NO,NO,0
9208,28368,28369,2017,0,0,-0.366177,-78.550763,PICHINCHA,MEJIA,CUTUGLAHUA,RURAL,2017-12-24,11:00:00,11,DOMINGO,7,DICIEMBRE,12,SI,NO MANTENER LA DISTANCIA PRUDENCIAL CON RESPECTO AL VEHICULO QUE LE ANTECEDE.,COLISION,CAMION,1,0,0,2,0,0,0,0,0,0,0,0,0,3,48,MUJER,ILESO,CONDUCTOR PRESENTE,NO,NO,3
9209,28369,28370,2017,1,0,-0.281792,-78.534407,PICHINCHA,QUITO,QUITO,URBANA,2017-12-24,11:17:00,11,DOMINGO,7,DICIEMBRE,12,SI,"CONDUCIR DESATENTO A LAS CONDICIONES DE TRANSITO (CELULAR, PANTALLAS DE VIDEO, COMIDA, MAQUILLAJE O CUALQUIER OTRO ELEMENTO DISTRACTOR).",ATROPELLOS,BUS,0,0,1,0,0,0,0,0,0,0,0,0,0,1,31,MUJER,LESIONADO,PEATON,NO,NO,0
9210,28370,28371,2017,1,0,-0.233609,-78.508734,PICHINCHA,QUITO,QUITO,URBANA,2017-12-24,11:20:00,11,DOMINGO,7,DICIEMBRE,12,SI,REALIZAR CAMBIO BRUSCO O INDEBIDO DE CARRIL.,PERDIDA DE PISTA,MOTOCICLETA,0,0,0,0,0,0,0,0,1,0,0,0,0,1,28,HOMBRE,LESIONADO,CONDUCTOR PRESENTE,NO,NO,0
9211,28374,28375,2017,0,0,-0.249671,-78.517263,PICHINCHA,QUITO,QUITO,URBANA,2017-12-24,12:20:00,12,DOMINGO,7,DICIEMBRE,12,SI,NO GUARDAR LA DISTANCIA LATERAL MINIMA DE SEGURIDAD ENTRE VEHICULOS.,ROZAMIENTOS,BUS,0,0,2,0,0,0,0,0,0,0,0,0,0,2,31,HOMBRE,ILESO,CONDUCTOR PRESENTE,NO,NO,0
9212,28376,28377,2017,0,0,-0.123011,-78.493947,PICHINCHA,QUITO,QUITO,URBANA,2017-12-24,13:00:00,13,DOMINGO,7,DICIEMBRE,12,SI,"CONDUCE BAJO LA INFLUENCIA DE ALCOHOL, SUSTANCIAS ESTUPEFACIENTES O PSICOTROPICAS Y/O MEDICAMENTOS.",CHOQUE POSTERIOR,CAMIONETA,0,0,0,0,1,0,0,0,0,0,0,0,1,2,31,HOMBRE,ILESO,CONDUCTOR PRESENTE,NO,NO,0
9213,28379,28380,2017,1,0,-0.123372,-78.482652,PICHINCHA,QUITO,QUITO,URBANA,2017-12-24,13:25:00,13,DOMINGO,7,DICIEMBRE,12,SI,"CONDUCIR DESATENTO A LAS CONDICIONES DE TRANSITO (CELULAR, PANTALLAS DE VIDEO, COMIDA, MAQUILLAJE O CUALQUIER OTRO ELEMENTO DISTRACTOR).",CHOQUE LATERAL,MOTOCICLETA,1,0,0,0,0,0,0,0,1,0,0,0,0,2,24,HOMBRE,LESIONADO,CONDUCTOR PRESENTE,NO,NO,0
9214,28383,28384,2017,0,0,-0.200444,-78.499306,PICHINCHA,QUITO,QUITO,URBANA,2017-12-24,13:45:00,13,DOMINGO,7,DICIEMBRE,12,SI,"NO RESPETAR LAS SENIALES REGLAMENTARIAS DE TRANSITO. (PARE, CEDA EL PASO, LUZ ROJA DEL SEMAFORO, ETC).",CHOQUE LATERAL,MOTOCICLETA,0,0,0,0,0,0,0,0,1,0,0,0,1,2,36,HOMBRE,ILESO,CONDUCTOR PRESENTE,NO,NO,0
9215,28384,28385,2017,0,0,-0.249381,-78.520679,PICHINCHA,QUITO,QUITO,URBANA,2017-12-24,13:55:00,13,DOMINGO,7,DICIEMBRE,12,SI,NO GUARDAR LA DISTANCIA LATERAL MINIMA DE SEGURIDAD ENTRE VEHICULOS.,ROZAMIENTOS,BUS,1,0,1,0,0,0,0,0,0,0,0,0,0,2,40,HOMBRE,ILESO,CONDUCTOR PRESENTE,NO,NO,0
9216,28385,28386,2017,0,0,-0.207053,-78.507032,PICHINCHA,QUITO,QUITO,URBANA,2017-12-24,14:05:00,14,DOMINGO,7,DICIEMBRE,12,SI,"NO RESPETAR LAS SENIALES REGLAMENTARIAS DE TRANSITO. (PARE, CEDA EL PASO, LUZ ROJA DEL SEMAFORO, ETC).",CHOQUE LATERAL,AUTOMOVIL,2,0,0,0,0,0,0,0,0,0,0,0,0,2,60,HOMBRE,ILESO,CONDUCTOR PRESENTE,NO,NO,0
9217,28386,28387,2017,2,0,-0.292882,-78.542349,PICHINCHA,QUITO,QUITO,URBANA,2017-12-24,14:22:00,14,DOMINGO,7,DICIEMBRE,12,SI,"NO RESPETAR LAS SENIALES REGLAMENTARIAS DE TRANSITO. (PARE, CEDA EL PASO, LUZ ROJA DEL SEMAFORO, ETC).",CHOQUE LATERAL,AUTOMOVIL,1,0,0,0,0,0,0,0,0,0,0,0,1,2,1,HOMBRE,LESIONADO,PASAJERO,NO,NO,0
9218,28388,28389,2017,0,0,-0.324444,-78.449413,PICHINCHA,RUMINIAHUI,SANGOLQUI,URBANA,2017-12-24,15:30:00,15,DOMINGO,7,DICIEMBRE,12,SI,"CONDUCE BAJO LA INFLUENCIA DE ALCOHOL, SUSTANCIAS ESTUPEFACIENTES O PSICOTROPICAS Y/O MEDICAMENTOS.",CHOQUE POSTERIOR,AUTOMOVIL,2,0,0,0,0,0,0,0,0,0,0,0,0,2,54,HOMBRE,ILESO,CONDUCTOR PRESENTE,NO,NO,0
9219,28389,28390,2017,0,0,-0.190645,-78.469954,PICHINCHA,QUITO,QUITO,RURAL,2017-12-24,15:50:00,15,DOMINGO,7,DICIEMBRE,12,SI,REALIZAR CAMBIO BRUSCO O INDEBIDO DE CARRIL.,ESTRELLAMIENTOS,AUTOMOVIL,1,0,0,0,0,0,0,0,0,0,0,0,0,1,-1,NO IDENTIFICADO,NO IDENTIFICADO,CONDUCTOR AUSENTE,NO,NO,2
9220,28390,28391,2017,1,0,0.024198,-78.644099,PICHINCHA,QUITO,NONO,RURAL,2017-12-24,16:15:00,16,DOMINGO,7,DICIEMBRE,12,SI,"CONDUCIR DESATENTO A LAS CONDICIONES DE TRANSITO (CELULAR, PANTALLAS DE VIDEO, COMIDA, MAQUILLAJE O CUALQUIER OTRO ELEMENTO DISTRACTOR).",PERDIDA DE PISTA,NO IDENTIFICADO,0,0,0,0,0,0,0,0,0,1,0,0,0,1,24,HOMBRE,LESIONADO,PASAJERO,NO,NO,3
9221,28395,28396,2017,1,0,-0.214643,-78.516701,PICHINCHA,QUITO,QUITO,URBANA,2017-12-24,18:54:00,18,DOMINGO,7,DICIEMBRE,12,SI,"CONDUCE BAJO LA INFLUENCIA DE ALCOHOL, SUSTANCIAS ESTUPEFACIENTES O PSICOTROPICAS Y/O MEDICAMENTOS.",CHOQUE LATERAL,MOTOCICLETA,0,0,1,0,0,0,0,0,1,0,0,0,0,2,23,MUJER,LESIONADO,PASAJERO,NO,NO,0
9222,28403,28404,2017,0,0,-0.153684,-78.467693,PICHINCHA,QUITO,QUITO,URBANA,2017-12-24,21:20:00,21,DOMINGO,7,DICIEMBRE,12,SI,"NO RESPETAR LAS SENIALES REGLAMENTARIAS DE TRANSITO. (PARE, CEDA EL PASO, LUZ ROJA DEL SEMAFORO, ETC).",CHOQUE LATERAL,AUTOMOVIL,1,0,0,0,0,0,0,0,0,0,0,0,0,1,61,HOMBRE,ILESO,CONDUCTOR PRESENTE,NO,NO,0
9223,28404,28405,2017,0,0,-0.242463,-78.482784,PICHINCHA,QUITO,QUITO,URBANA,2017-12-24,21:30:00,21,DOMINGO,7,DICIEMBRE,12,SI,CONDUCIR VEHICULO SUPERANDO LOS LIMITES MAXIMOS DE VELOCIDAD.,PERDIDA DE PISTA,AUTOMOVIL,1,0,0,0,0,0,0,0,0,0,0,0,0,1,24,HOMBRE,ILESO,CONDUCTOR PRESENTE,NO,NO,0
9224,28405,28406,2017,0,0,-0.250988,-78.516602,PICHINCHA,QUITO,QUITO,URBANA,2017-12-24,21:45:00,21,DOMINGO,7,DICIEMBRE,12,SI,"NO RESPETAR LAS SENIALES REGLAMENTARIAS DE TRANSITO. (PARE, CEDA EL PASO, LUZ ROJA DEL SEMAFORO, ETC).",CHOQUE LATERAL,AUTOMOVIL,2,0,0,0,0,0,0,0,0,0,0,0,0,2,26,HOMBRE,ILESO,CONDUCTOR PRESENTE,NO,NO,0
9225,28409,28410,2017,0,0,-0.191786,-78.493239,PICHINCHA,QUITO,QUITO,URBANA,2017-12-24,23:30:00,23,DOMINGO,7,DICIEMBRE,12,SI,"NO RESPETAR LAS SENIALES REGLAMENTARIAS DE TRANSITO. (PARE, CEDA EL PASO, LUZ ROJA DEL SEMAFORO, ETC).",CHOQUE LATERAL,CAMIONETA,1,0,0,0,1,0,0,0,0,0,0,0,0,2,27,HOMBRE,ILESO,CONDUCTOR PRESENTE,NO,NO,0
9226,28445,28446,2017,1,0,-0.025541,-78.261465,PICHINCHA,CAYAMBE,OTON,RURAL,2017-12-25,00:50:00,0,LUNES,1,DICIEMBRE,12,SI,"CONDUCIR DESATENTO A LAS CONDICIONES DE TRANSITO (CELULAR, PANTALLAS DE VIDEO, COMIDA, MAQUILLAJE O CUALQUIER OTRO ELEMENTO DISTRACTOR).",PERDIDA DE PISTA,CAMIONETA,0,0,0,0,1,0,0,0,0,0,0,0,0,1,48,HOMBRE,LESIONADO,PASAJERO,NO,NO,3
9227,28447,28448,2017,0,0,-0.108629,-78.454011,PICHINCHA,QUITO,CALDERON (CARAPUNGO),RURAL,2017-12-25,01:15:00,1,LUNES,1,DICIEMBRE,12,SI,"CONDUCIR EN ESTADO DE SOMNOLENCIA O MALAS CONDICIONES FISICAS (SUENIO, CANSANCIO Y FATIGA).",CHOQUE POSTERIOR,AUTOMOVIL,1,0,0,0,0,0,0,0,0,0,0,0,0,1,29,HOMBRE,ILESO,CONDUCTOR PRESENTE,NO,NO,3
9228,28451,28452,2017,0,0,-0.188951,-78.511774,PICHINCHA,QUITO,QUITO,URBANA,2017-12-25,02:40:00,2,LUNES,1,DICIEMBRE,12,SI,"CONDUCIR EN ESTADO DE SOMNOLENCIA O MALAS CONDICIONES FISICAS (SUENIO, CANSANCIO Y FATIGA).",PERDIDA DE PISTA,VEHICULO DEPORTIVO UTILITARIO,0,0,0,0,0,0,0,0,0,0,0,0,1,1,-1,NO IDENTIFICADO,NO IDENTIFICADO,CONDUCTOR AUSENTE,NO,NO,2
9229,28453,28454,2017,0,0,-0.099166,-78.514251,PICHINCHA,QUITO,QUITO,URBANA,2017-12-25,03:30:00,3,LUNES,1,DICIEMBRE,12,SI,"CONDUCIR EN ESTADO DE SOMNOLENCIA O MALAS CONDICIONES FISICAS (SUENIO, CANSANCIO Y FATIGA).",VOLCAMIENTOS,AUTOMOVIL,1,0,0,0,0,0,0,0,0,0,0,0,0,1,35,HOMBRE,ILESO,CONDUCTOR PRESENTE,NO,NO,0
9230,28455,28456,2017,0,0,-0.158066,-78.446231,PICHINCHA,QUITO,NAYON,URBANA,2017-12-25,04:07:00,4,LUNES,1,DICIEMBRE,12,SI,CONDUCIR VEHICULO SUPERANDO LOS LIMITES MAXIMOS DE VELOCIDAD.,PERDIDA DE PISTA,AUTOMOVIL,1,0,0,0,0,0,0,0,0,0,0,0,0,1,21,HOMBRE,ILESO,CONDUCTOR PRESENTE,NO,NO,0
9231,28460,28461,2017,1,0,-0.184991,-78.509955,PICHINCHA,QUITO,QUITO,URBANA,2017-12-25,06:25:00,6,LUNES,1,DICIEMBRE,12,SI,NO MANTENER LA DISTANCIA PRUDENCIAL CON RESPECTO AL VEHICULO QUE LE ANTECEDE.,CHOQUE POSTERIOR,VEHICULO DEPORTIVO UTILITARIO,0,0,1,0,0,0,0,0,0,0,0,0,1,2,25,HOMBRE,LESIONADO,PASAJERO,NO,NO,0
9232,28468,28469,2017,1,0,-0.122003,-78.478979,PICHINCHA,QUITO,QUITO,URBANA,2017-12-25,09:20:00,9,LUNES,1,DICIEMBRE,12,SI,NO TRANSITAR POR LAS ACERAS O ZONAS DE SEGURIDAD DESTINADAS PARA EL EFECTO.,ATROPELLOS,NO IDENTIFICADO,0,0,0,0,0,0,0,0,0,2,0,0,0,2,52,MUJER,LESIONADO,PEATON,NO,NO,0
9233,28471,28472,2017,0,0,-0.000541,-78.513761,PICHINCHA,QUITO,CALACALI,RURAL,2017-12-25,10:05:00,10,LUNES,1,DICIEMBRE,12,SI,NO TRANSITAR POR LAS ACERAS O ZONAS DE SEGURIDAD DESTINADAS PARA EL EFECTO.,ATROPELLOS,VEHICULO DEPORTIVO UTILITARIO,0,0,0,0,0,0,0,0,0,0,0,0,1,1,25,MUJER,ILESO,CONDUCTOR PRESENTE,NO,NO,3
9234,28472,28473,2017,0,0,-0.204444,-78.449444,PICHINCHA,QUITO,CUMBAYA,RURAL,2017-12-25,10:20:00,10,LUNES,1,DICIEMBRE,12,SI,"CONDICIONES AMBIENTALES Y/O ATMOSFERICAS (NIEBLA, NEBLINA, GRANIZO, LLUVIA).",PERDIDA DE PISTA,MOTOCICLETA,0,0,0,0,0,0,0,0,1,0,0,0,1,2,31,HOMBRE,ILESO,CONDUCTOR PRESENTE,NO,NO,3
9235,28473,28474,2017,0,0,-0.278218,-78.558766,PICHINCHA,QUITO,QUITO,URBANA,2017-12-25,11:00:00,11,LUNES,1,DICIEMBRE,12,SI,NO CEDER EL DERECHO DE VIA O PREFERENCIA DE PASO A VEHICULOS.,CHOQUE LATERAL,AUTOMOVIL,1,0,0,0,0,0,0,0,0,0,0,0,0,1,38,HOMBRE,ILESO,CONDUCTOR PRESENTE,NO,NO,0
9236,28474,28475,2017,0,0,-0.209009,-78.505987,PICHINCHA,QUITO,QUITO,URBANA,2017-12-25,11:30:00,11,LUNES,1,DICIEMBRE,12,SI,"NO RESPETAR LAS SENIALES REGLAMENTARIAS DE TRANSITO. (PARE, CEDA EL PASO, LUZ ROJA DEL SEMAFORO, ETC).",CHOQUE LATERAL,AUTOMOVIL,1,0,0,0,0,0,0,0,0,0,0,0,0,1,37,HOMBRE,ILESO,CONDUCTOR PRESENTE,NO,NO,0
9237,28477,28478,2017,1,0,-0.194988,-78.508636,PICHINCHA,QUITO,QUITO,URBANA,2017-12-25,13:30:00,13,LUNES,1,DICIEMBRE,12,SI,"CONDUCE BAJO LA INFLUENCIA DE ALCOHOL, SUSTANCIAS ESTUPEFACIENTES O PSICOTROPICAS Y/O MEDICAMENTOS.",CHOQUE LATERAL,VEHICULO DEPORTIVO UTILITARIO,0,0,0,0,0,0,0,0,0,0,0,0,2,2,36,MUJER,LESIONADO,CONDUCTOR PRESENTE,NO,NO,0
9238,28479,28480,2017,2,0,-0.043393,-78.284554,PICHINCHA,CAYAMBE,SANTA ROSA DE CUZUBAMBA,RURAL,2017-12-25,15:20:00,15,LUNES,1,DICIEMBRE,12,SI,"CONDUCE BAJO LA INFLUENCIA DE ALCOHOL, SUSTANCIAS ESTUPEFACIENTES O PSICOTROPICAS Y/O MEDICAMENTOS.",CHOQUE FRONTAL,CAMIONETA,0,0,0,0,2,0,0,0,0,0,0,0,0,2,60,HOMBRE,LESIONADO,PASAJERO,NO,NO,3
9239,28486,28487,2017,1,0,-0.193698,-78.483083,PICHINCHA,QUITO,QUITO,URBANA,2017-12-25,19:00:00,19,LUNES,1,DICIEMBRE,12,SI,"CONDUCIR DESATENTO A LAS CONDICIONES DE TRANSITO (CELULAR, PANTALLAS DE VIDEO, COMIDA, MAQUILLAJE O CUALQUIER OTRO ELEMENTO DISTRACTOR).",ESTRELLAMIENTOS,NO IDENTIFICADO,0,0,0,0,0,0,0,0,0,2,0,0,0,2,32,MUJER,LESIONADO,CONDUCTOR PRESENTE,NO,NO,0
9240,28487,28488,2017,0,0,-0.264263,-78.550014,PICHINCHA,QUITO,QUITO,URBANA,2017-12-25,19:30:00,19,LUNES,1,DICIEMBRE,12,SI,"CONDUCIR DESATENTO A LAS CONDICIONES DE TRANSITO (CELULAR, PANTALLAS DE VIDEO, COMIDA, MAQUILLAJE O CUALQUIER OTRO ELEMENTO DISTRACTOR).",CHOQUE POSTERIOR,AUTOMOVIL,2,0,0,0,0,0,0,0,0,0,0,0,0,2,24,MUJER,ILESO,CONDUCTOR PRESENTE,NO,NO,0
9241,28488,28489,2017,0,0,-0.210903,-78.417461,PICHINCHA,QUITO,TUMBACO,RURAL,2017-12-25,19:30:00,19,LUNES,1,DICIEMBRE,12,SI,CONDUCIR VEHICULO SUPERANDO LOS LIMITES MAXIMOS DE VELOCIDAD.,PERDIDA DE PISTA,AUTOMOVIL,1,0,0,0,0,0,0,0,0,0,0,0,0,1,25,HOMBRE,ILESO,CONDUCTOR PRESENTE,NO,NO,3
9242,28495,28496,2017,0,0,-0.238213,-78.484807,PICHINCHA,QUITO,QUITO,URBANA,2017-12-25,21:00:00,21,LUNES,1,DICIEMBRE,12,SI,CONDUCIR VEHICULO SUPERANDO LOS LIMITES MAXIMOS DE VELOCIDAD.,PERDIDA DE PISTA,AUTOMOVIL,2,0,0,0,0,0,0,0,0,0,0,0,0,2,37,HOMBRE,ILESO,CONDUCTOR PRESENTE,NO,SI,0
9243,28502,28503,2017,1,0,-0.177271,-78.510726,PICHINCHA,QUITO,QUITO,URBANA,2017-12-25,22:30:00,22,LUNES,1,DICIEMBRE,12,SI,NO CEDER EL DERECHO DE VIA O PREFERENCIA DE PASO AL PEATON.,ATROPELLOS,NO IDENTIFICADO,0,0,0,0,0,0,0,0,0,1,0,0,0,1,20,HOMBRE,LESIONADO,PEATON,NO,NO,0
9244,28504,28505,2017,3,0,-0.204719,-78.502295,PICHINCHA,QUITO,QUITO,URBANA,2017-12-25,23:03:00,23,LUNES,1,DICIEMBRE,12,SI,"NO RESPETAR LAS SENIALES REGLAMENTARIAS DE TRANSITO. (PARE, CEDA EL PASO, LUZ ROJA DEL SEMAFORO, ETC).",CHOQUE LATERAL,MOTOCICLETA,0,0,0,0,0,0,0,0,1,1,0,0,0,2,8,MUJER,LESIONADO,PASAJERO,NO,NO,0
9245,28505,28506,2017,3,0,-0.281861,-78.491239,PICHINCHA,QUITO,CONOCOTO,RURAL,2017-12-25,23:50:00,23,LUNES,1,DICIEMBRE,12,SI,CONDUCIR VEHICULO SUPERANDO LOS LIMITES MAXIMOS DE VELOCIDAD.,ESTRELLAMIENTOS,AUTOMOVIL,1,0,0,0,0,0,0,0,0,0,0,0,0,1,42,HOMBRE,LESIONADO,PASAJERO,NO,NO,3
9246,28528,28529,2017,0,0,-0.280955,-78.548788,PICHINCHA,QUITO,QUITO,URBANA,2017-12-26,05:10:00,5,MARTES,2,DICIEMBRE,12,NO,"NO RESPETAR LAS SENIALES REGLAMENTARIAS DE TRANSITO. (PARE, CEDA EL PASO, LUZ ROJA DEL SEMAFORO, ETC).",CHOQUE LATERAL,AUTOMOVIL,1,0,0,0,0,0,0,0,0,0,0,0,0,1,42,HOMBRE,ILESO,CONDUCTOR PRESENTE,NO,NO,0
9247,28531,28532,2017,1,0,-0.238846,-78.525903,PICHINCHA,QUITO,QUITO,URBANA,2017-12-26,05:50:00,5,MARTES,2,DICIEMBRE,12,NO,NO CEDER EL DERECHO DE VIA O PREFERENCIA DE PASO AL PEATON.,ATROPELLOS,VEHICULO DEPORTIVO UTILITARIO,0,0,0,0,0,0,0,0,0,0,0,0,1,1,27,MUJER,LESIONADO,PEATON,NO,NO,0