,Unnamed: 0,ID,ANIO,LESIONADOS,FALLECIDOS,LATITUD_Y,LONGITUD_X,PROVINCIA,CANTON,PARROQUIA,ZONA,FECHA,HORA,PERIODO_2,DIA_1,DIA_2,MES_1,MES_2,FERIADO,CAUSA_PROBABLE,TIPO_DE_SINIESTRO,TIPO_DE_VEHICULO_1,AUTOMOVIL,BICICLETA,BUS,CAMION,CAMIONETA,EMERGENCIAS,ESPECIAL,FURGONETA,MOTOCICLETA,NO_IDENTIFICADO,SCOOTER_ELECTRICO,TRICIMOTO,VEHICULO_DEPORTIVO_UTILITARIO,SUMA_DE_VEHICULOS,EDAD_1,SEXO_1,CONDICION_1,PARTICIPANTE_1,CASCO_1,CINTURON_1,KMeans_Cluster
9304,28688,28689,2017,0,0,-0.088884,-78.439915,PICHINCHA,QUITO,CALDERON (CARAPUNGO),RURAL,2017-12-28,20:50:00,20,JUEVES,4,DICIEMBRE,12,NO,"CONDUCE BAJO LA INFLUENCIA DE ALCOHOL, SUSTANCIAS ESTUPEFACIENTES O PSICOTROPICAS Y/O MEDICAMENTOS.",CHOQUE POSTERIOR,CAMIONETA,1,0,0,0,1,0,0,0,0,0,0,0,0,2,35,HOMBRE,ILESO,CONDUCTOR PRESENTE,NO,NO,3
9305,28692,28693,2017,0,0,-0.163294,-78.462564,PICHINCHA,QUITO,QUITO,URBANA,2017-12-28,21:50:00,21,JUEVES,4,DICIEMBRE,12,NO,"CONDUCIR EN ESTADO DE SOMNOLENCIA O MALAS CONDICIONES FISICAS (SUENIO, CANSANCIO Y FATIGA).",PERDIDA DE PISTA,CAMIONETA,0,0,0,0,1,0,0,0,0,0,0,0,1,2,63,HOMBRE,ILESO,CONDUCTOR PRESENTE,NO,NO,0
9306,28695,28696,2017,1,0,-0.212328,-78.426698,PICHINCHA,QUITO,CUMBAYA,RURAL,2017-12-28,23:00:00,23,JUEVES,4,DICIEMBRE,12,NO,"CONDUCE BAJO LA INFLUENCIA DE ALCOHOL, SUSTANCIAS ESTUPEFACIENTES O PSICOTROPICAS Y/O MEDICAMENTOS.",CHOQUE POSTERIOR,AUTOMOVIL,2,0,0,0,0,0,0,0,0,0,0,0,0,2,25,HOMBRE,LESIONADO,CONDUCTOR PRESENTE,NO,NO,3
9307,28696,28697,2017,0,0,-0.333644,-78.555995,PICHINCHA,QUITO,QUITO,URBANA,2017-12-28,23:10:00,23,JUEVES,4,DICIEMBRE,12,NO,"CONDUCIR EN ESTADO DE SOMNOLENCIA O MALAS CONDICIONES FISICAS (SUENIO, CANSANCIO Y FATIGA).",ESTRELLAMIENTOS,NO IDENTIFICADO,0,0,0,0,0,0,0,0,0,1,0,0,0,1,-1,NO IDENTIFICADO,NO IDENTIFICADO,CONDUCTOR AUSENTE,NO,NO,2
9308,28706,28707,2017,0,0,-0.225646,-78.520239,PICHINCHA,QUITO,QUITO,URBANA,2017-12-29,00:05:00,0,VIERNES,5,DICIEMBRE,12,SI,"NO RESPETAR LAS SENIALES REGLAMENTARIAS DE TRANSITO. (PARE, CEDA EL PASO, LUZ ROJA DEL SEMAFORO, ETC).",CHOQUE LATERAL,AUTOMOVIL,2,0,0,0,0,0,0,0,0,0,0,0,0,2,26,HOMBRE,ILESO,CONDUCTOR PRESENTE,NO,NO,0
9309,28708,28709,2017,0,0,-0.330097,-78.550611,PICHINCHA,QUITO,QUITO,URBANA,2017-12-29,00:25:00,0,VIERNES,5,DICIEMBRE,12,SI,"CONDUCIR EN ESTADO DE SOMNOLENCIA O MALAS CONDICIONES FISICAS (SUENIO, CANSANCIO Y FATIGA).",PERDIDA DE PISTA,FURGONETA,0,0,0,0,0,0,0,1,0,0,0,0,0,1,-1,NO IDENTIFICADO,NO IDENTIFICADO,CONDUCTOR AUSENTE,NO,NO,2
9310,28710,28711,2017,0,0,-0.206512,-78.512029,PICHINCHA,QUITO,QUITO,URBANA,2017-12-29,00:30:00,0,VIERNES,5,DICIEMBRE,12,SI,NO MANTENER LA DISTANCIA PRUDENCIAL CON RESPECTO AL VEHICULO QUE LE ANTECEDE.,CHOQUE POSTERIOR,AUTOMOVIL,1,0,0,0,0,0,0,0,0,0,0,0,0,1,70,HOMBRE,ILESO,CONDUCTOR PRESENTE,NO,NO,0
9311,28711,28712,2017,0,0,-0.182313,-78.489987,PICHINCHA,QUITO,QUITO,URBANA,2017-12-29,01:21:00,1,VIERNES,5,DICIEMBRE,12,SI,"CONDUCIR EN ESTADO DE SOMNOLENCIA O MALAS CONDICIONES FISICAS (SUENIO, CANSANCIO Y FATIGA).",VOLCAMIENTOS,AUTOMOVIL,1,0,0,0,0,0,0,0,0,0,0,0,0,1,-1,NO IDENTIFICADO,NO IDENTIFICADO,CONDUCTOR AUSENTE,NO,NO,2
9312,28716,28717,2017,14,2,-0.453351,-78.592212,PICHINCHA,MEJIA,ALOAG,RURAL,2017-12-29,03:50:00,3,VIERNES,5,DICIEMBRE,12,SI,"CONDUCIR DESATENTO A LAS CONDICIONES DE TRANSITO (CELULAR, PANTALLAS DE VIDEO, COMIDA, MAQUILLAJE O CUALQUIER OTRO ELEMENTO DISTRACTOR).",CHOQUE LATERAL,BUS,0,0,3,0,0,0,0,0,0,0,0,0,0,3,34,HOMBRE,FALLECIDO,CONDUCTOR PRESENTE,NO,NO,3
9313,28723,28724,2017,1,0,-0.254554,-78.530844,PICHINCHA,QUITO,QUITO,URBANA,2017-12-29,09:50:00,9,VIERNES,5,DICIEMBRE,12,SI,PEATON QUE CRUZA LA CALZADA SIN RESPETAR LA SENIALIZACION EXISTENTE (SEMAFOROS O SENIALES MANUALES).,ATROPELLOS,BUS,0,0,1,0,0,0,0,0,0,0,0,0,0,1,31,HOMBRE,LESIONADO,PEATON,NO,NO,0
9314,28725,28726,2017,1,0,-0.285559,-78.543247,PICHINCHA,QUITO,QUITO,URBANA,2017-12-29,11:10:00,11,VIERNES,5,DICIEMBRE,12,SI,"CONDUCIR DESATENTO A LAS CONDICIONES DE TRANSITO (CELULAR, PANTALLAS DE VIDEO, COMIDA, MAQUILLAJE O CUALQUIER OTRO ELEMENTO DISTRACTOR).",PERDIDA DE PISTA,NO IDENTIFICADO,0,0,0,0,0,0,0,0,0,1,0,0,0,1,20,MUJER,LESIONADO,PASAJERO,NO,NO,0
9315,28726,28727,2017,0,0,-0.239531,-78.530785,PICHINCHA,QUITO,QUITO,URBANA,2017-12-29,12:20:00,12,VIERNES,5,DICIEMBRE,12,SI,"NO RESPETAR LAS SENIALES REGLAMENTARIAS DE TRANSITO. (PARE, CEDA EL PASO, LUZ ROJA DEL SEMAFORO, ETC).",CHOQUE LATERAL,AUTOMOVIL,2,0,0,0,0,0,0,0,0,0,0,0,0,2,52,HOMBRE,ILESO,CONDUCTOR PRESENTE,NO,NO,0
9316,28727,28728,2017,1,0,-0.211421,-78.501451,PICHINCHA,QUITO,QUITO,URBANA,2017-12-29,12:30:00,12,VIERNES,5,DICIEMBRE,12,SI,NO CEDER EL DERECHO DE VIA O PREFERENCIA DE PASO AL PEATON.,ATROPELLOS,NO IDENTIFICADO,0,0,0,0,0,0,0,0,0,1,0,0,0,1,49,MUJER,LESIONADO,PEATON,NO,NO,0
9317,28731,28732,2017,0,0,-0.082061,-78.387293,PICHINCHA,QUITO,CALDERON (CARAPUNGO),RURAL,2017-12-29,16:50:00,16,VIERNES,5,DICIEMBRE,12,SI,"CONDICIONES AMBIENTALES Y/O ATMOSFERICAS (NIEBLA, NEBLINA, GRANIZO, LLUVIA).",PERDIDA DE PISTA,AUTOMOVIL,1,0,0,0,0,0,0,0,0,0,0,0,0,1,42,HOMBRE,ILESO,CONDUCTOR PRESENTE,NO,NO,3
9318,28736,28737,2017,1,0,0.021623,-78.614745,PICHINCHA,QUITO,NONO,RURAL,2017-12-29,18:00:00,18,VIERNES,5,DICIEMBRE,12,SI,"CONDUCIR DESATENTO A LAS CONDICIONES DE TRANSITO (CELULAR, PANTALLAS DE VIDEO, COMIDA, MAQUILLAJE O CUALQUIER OTRO ELEMENTO DISTRACTOR).",CHOQUE FRONTAL,BUS,0,0,1,0,1,0,0,0,0,0,0,0,0,2,37,HOMBRE,LESIONADO,CONDUCTOR PRESENTE,NO,NO,3
9319,28739,28740,2017,1,0,-0.151091,-78.484153,PICHINCHA,QUITO,QUITO,URBANA,2017-12-29,18:29:00,18,VIERNES,5,DICIEMBRE,12,SI,"CONDUCE BAJO LA INFLUENCIA DE ALCOHOL, SUSTANCIAS ESTUPEFACIENTES O PSICOTROPICAS Y/O MEDICAMENTOS.",CHOQUE LATERAL,MOTOCICLETA,0,0,0,0,0,0,0,0,1,0,0,0,1,2,31,HOMBRE,LESIONADO,CONDUCTOR PRESENTE,NO,NO,0
9320,28746,28747,2017,0,0,-0.140341,-78.477365,PICHINCHA,QUITO,QUITO,URBANA,2017-12-29,20:10:00,20,VIERNES,5,DICIEMBRE,12,SI,"CONDUCE BAJO LA INFLUENCIA DE ALCOHOL, SUSTANCIAS ESTUPEFACIENTES O PSICOTROPICAS Y/O MEDICAMENTOS.",ESTRELLAMIENTOS,CAMIONETA,1,0,0,0,1,0,0,0,0,0,0,0,0,2,39,HOMBRE,ILESO,CONDUCTOR PRESENTE,NO,NO,0
9321,28749,28750,2017,1,0,-0.344929,-78.548639,PICHINCHA,QUITO,QUITO,URBANA,2017-12-29,21:00:00,21,VIERNES,5,DICIEMBRE,12,SI,NO CEDER EL DERECHO DE VIA O PREFERENCIA DE PASO AL PEATON.,ATROPELLOS,NO IDENTIFICADO,0,0,0,0,0,0,0,0,0,1,0,0,0,1,24,HOMBRE,LESIONADO,PEATON,NO,NO,0
9322,28753,28754,2017,1,0,-0.256163,-78.517562,PICHINCHA,QUITO,QUITO,URBANA,2017-12-29,21:30:00,21,VIERNES,5,DICIEMBRE,12,SI,"CONDUCIR DESATENTO A LAS CONDICIONES DE TRANSITO (CELULAR, PANTALLAS DE VIDEO, COMIDA, MAQUILLAJE O CUALQUIER OTRO ELEMENTO DISTRACTOR).",ESTRELLAMIENTOS,AUTOMOVIL,1,0,0,0,0,0,0,0,0,0,0,0,0,1,40,HOMBRE,LESIONADO,PASAJERO,NO,NO,0
9323,28757,28758,2017,0,1,-0.318988,-78.550648,PICHINCHA,QUITO,QUITO,URBANA,2017-12-29,22:00:00,22,VIERNES,5,DICIEMBRE,12,SI,NO CEDER EL DERECHO DE VIA O PREFERENCIA DE PASO AL PEATON.,ARROLLAMIENTOS,NO IDENTIFICADO,0,0,0,0,0,0,0,0,0,1,0,0,0,1,20,HOMBRE,FALLECIDO,PEATON,NO,NO,0
9324,28758,28759,2017,1,0,-0.291844,-78.558452,PICHINCHA,QUITO,QUITO,URBANA,2017-12-29,22:10:00,22,VIERNES,5,DICIEMBRE,12,SI,NO TRANSITAR POR LAS ACERAS O ZONAS DE SEGURIDAD DESTINADAS PARA EL EFECTO.,ATROPELLOS,AUTOMOVIL,1,0,0,0,0,0,0,0,0,0,0,0,0,1,24,MUJER,LESIONADO,PEATON,NO,NO,0
9325,28761,28762,2017,0,0,-0.177085,-78.487861,PICHINCHA,QUITO,QUITO,URBANA,2017-12-29,22:25:00,22,VIERNES,5,DICIEMBRE,12,SI,"NO RESPETAR LAS SENIALES REGLAMENTARIAS DE TRANSITO. (PARE, CEDA EL PASO, LUZ ROJA DEL SEMAFORO, ETC).",CHOQUE LATERAL,VEHICULO DEPORTIVO UTILITARIO,0,0,0,0,0,0,0,0,0,0,0,0,2,2,60,HOMBRE,ILESO,CONDUCTOR PRESENTE,NO,NO,0
9326,28762,28763,2017,0,0,-0.287951,-78.540849,PICHINCHA,QUITO,QUITO,URBANA,2017-12-29,22:30:00,22,VIERNES,5,DICIEMBRE,12,SI,"CONDUCE BAJO LA INFLUENCIA DE ALCOHOL, SUSTANCIAS ESTUPEFACIENTES O PSICOTROPICAS Y/O MEDICAMENTOS.",ROZAMIENTOS,AUTOMOVIL,2,0,0,0,0,0,0,0,0,0,0,0,0,2,40,HOMBRE,ILESO,CONDUCTOR PRESENTE,NO,NO,0
9327,28763,28764,2017,0,0,-0.204911,-78.506695,PICHINCHA,QUITO,QUITO,URBANA,2017-12-29,22:45:00,22,VIERNES,5,DICIEMBRE,12,SI,NO CEDER EL DERECHO DE VIA O PREFERENCIA DE PASO A VEHICULOS.,CHOQUE LATERAL,AUTOMOVIL,1,0,0,0,0,0,0,0,0,0,0,0,1,2,48,HOMBRE,ILESO,CONDUCTOR PRESENTE,NO,NO,0
9328,28795,28796,2017,2,0,-0.111743,-78.478795,PICHINCHA,QUITO,QUITO,URBANA,2017-12-30,00:20:00,0,SABADO,6,DICIEMBRE,12,SI,"NO RESPETAR LAS SENIALES REGLAMENTARIAS DE TRANSITO. (PARE, CEDA EL PASO, LUZ ROJA DEL SEMAFORO, ETC).",CHOQUE LATERAL,CAMIONETA,0,0,0,0,1,0,0,0,0,0,0,0,0,1,45,HOMBRE,LESIONADO,CONDUCTOR PRESENTE,NO,NO,0
9329,28799,28800,2017,1,0,0.005371,-78.173519,PICHINCHA,CAYAMBE,CAYAMBE,RURAL,2017-12-30,01:30:00,1,SABADO,6,DICIEMBRE,12,SI,"CONDUCE BAJO LA INFLUENCIA DE ALCOHOL, SUSTANCIAS ESTUPEFACIENTES O PSICOTROPICAS Y/O MEDICAMENTOS.",PERDIDA DE PISTA,NO IDENTIFICADO,0,0,0,0,0,0,0,0,0,1,0,0,0,1,27,HOMBRE,LESIONADO,CONDUCTOR PRESENTE,NO,NO,3
9330,28800,28801,2017,1,0,-0.153303,-78.484482,PICHINCHA,QUITO,QUITO,URBANA,2017-12-30,02:00:00,2,SABADO,6,DICIEMBRE,12,SI,CONDUCIR VEHICULO SUPERANDO LOS LIMITES MAXIMOS DE VELOCIDAD.,CAIDA DE PASAJERO,NO IDENTIFICADO,0,0,0,0,0,0,0,0,0,1,0,0,0,1,27,MUJER,LESIONADO,PASAJERO,NO,NO,0
9331,28801,28802,2017,0,0,-0.101864,-78.509993,PICHINCHA,QUITO,QUITO,URBANA,2017-12-30,02:10:00,2,SABADO,6,DICIEMBRE,12,SI,CONDUCIR EN SENTIDO CONTRARIO A LA VIA NORMAL DE CIRCULACION.,CHOQUE FRONTAL,MOTOCICLETA,0,0,0,0,0,0,0,0,1,0,0,0,0,1,55,HOMBRE,ILESO,CONDUCTOR PRESENTE,NO,NO,0
9332,28802,28803,2017,2,0,0.025925,-78.278938,PICHINCHA,PEDRO MONCAYO,TOCACHI,RURAL,2017-12-30,02:30:00,2,SABADO,6,DICIEMBRE,12,SI,"CONDUCE BAJO LA INFLUENCIA DE ALCOHOL, SUSTANCIAS ESTUPEFACIENTES O PSICOTROPICAS Y/O MEDICAMENTOS.",CHOQUE FRONTAL,VEHICULO DEPORTIVO UTILITARIO,0,0,0,0,0,0,0,0,0,0,0,0,2,2,34,MUJER,LESIONADO,PASAJERO,NO,NO,3
9333,28806,28807,2017,0,0,-0.101875,-78.490497,PICHINCHA,QUITO,QUITO,URBANA,2017-12-30,03:00:00,3,SABADO,6,DICIEMBRE,12,SI,"CONDUCIR EN ESTADO DE SOMNOLENCIA O MALAS CONDICIONES FISICAS (SUENIO, CANSANCIO Y FATIGA).",ESTRELLAMIENTOS,AUTOMOVIL,1,0,0,0,0,0,0,0,0,0,0,0,0,1,-1,NO IDENTIFICADO,NO IDENTIFICADO,CONDUCTOR AUSENTE,NO,NO,2
9334,28818,28819,2017,0,0,-0.102591,-78.482101,PICHINCHA,QUITO,QUITO,URBANA,2017-12-30,09:08:00,9,SABADO,6,DICIEMBRE,12,SI,NO CEDER EL DERECHO DE VIA O PREFERENCIA DE PASO A VEHICULOS.,CHOQUE LATERAL,AUTOMOVIL,2,0,0,0,0,0,0,0,0,0,0,0,0,2,21,HOMBRE,ILESO,CONDUCTOR PRESENTE,NO,NO,0
9335,28819,28820,2017,1,0,-0.254686,-78.504316,PICHINCHA,QUITO,QUITO,URBANA,2017-12-30,09:25:00,9,SABADO,6,DICIEMBRE,12,SI,CONDUCIR VEHICULO SUPERANDO LOS LIMITES MAXIMOS DE VELOCIDAD.,PERDIDA DE PISTA,MOTOCICLETA,0,0,0,0,0,0,0,0,1,0,0,0,0,1,26,HOMBRE,LESIONADO,PASAJERO,NO,NO,0
9336,28821,28822,2017,2,0,-0.172251,-78.490141,PICHINCHA,QUITO,QUITO,URBANA,2017-12-30,10:15:00,10,SABADO,6,DICIEMBRE,12,SI,NO MANTENER LA DISTANCIA PRUDENCIAL CON RESPECTO AL VEHICULO QUE LE ANTECEDE.,CHOQUE POSTERIOR,AUTOMOVIL,1,0,0,0,0,0,0,0,0,0,0,0,0,1,56,HOMBRE,LESIONADO,CONDUCTOR PRESENTE,NO,NO,0
9337,28824,28825,2017,1,0,-0.214643,-78.516701,PICHINCHA,QUITO,QUITO,URBANA,2017-12-30,11:20:00,11,SABADO,6,DICIEMBRE,12,SI,BAJARSE O SUBIRSE DE VEHICULOS EN MOVIMIENTO SIN TOMAR LAS PRECAUCIONES DEBIDAS.,CAIDA DE PASAJERO,NO IDENTIFICADO,0,0,0,0,0,0,0,0,0,1,0,0,0,1,57,HOMBRE,LESIONADO,PASAJERO,NO,NO,0
9338,28826,28827,2017,2,0,-0.290269,-78.524053,PICHINCHA,QUITO,QUITO,URBANA,2017-12-30,12:00:00,12,SABADO,6,DICIEMBRE,12,SI,CONDUCIR VEHICULO SUPERANDO LOS LIMITES MAXIMOS DE VELOCIDAD.,PERDIDA DE PISTA,CAMIONETA,0,0,0,0,1,0,0,0,0,0,0,0,0,1,39,MUJER,LESIONADO,CONDUCTOR PRESENTE,NO,SI,0
9339,28831,28832,2017,0,0,-0.371371,-78.551638,PICHINCHA,MEJIA,CUTUGLAHUA,RURAL,2017-12-30,12:30:00,12,SABADO,6,DICIEMBRE,12,SI,NO GUARDAR LA DISTANCIA LATERAL MINIMA DE SEGURIDAD ENTRE VEHICULOS.,ROZAMIENTOS,CAMION,0,0,0,1,0,0,0,0,0,0,0,0,0,1,47,HOMBRE,ILESO,CONDUCTOR PRESENTE,NO,NO,3
9340,28833,28834,2017,0,0,-0.186443,-78.488225,PICHINCHA,QUITO,QUITO,URBANA,2017-12-30,13:10:00,13,SABADO,6,DICIEMBRE,12,SI,REALIZAR CAMBIO BRUSCO O INDEBIDO DE CARRIL.,PERDIDA DE PISTA,MOTOCICLETA,0,0,0,0,0,0,0,0,1,0,0,0,0,1,28,HOMBRE,ILESO,CONDUCTOR PRESENTE,NO,NO,0
9341,28836,28837,2017,0,0,0.012353,-78.561873,PICHINCHA,QUITO,CALACALI,RURAL,2017-12-30,15:45:00,15,SABADO,6,DICIEMBRE,12,SI,"CONDUCIR DESATENTO A LAS CONDICIONES DE TRANSITO (CELULAR, PANTALLAS DE VIDEO, COMIDA, MAQUILLAJE O CUALQUIER OTRO ELEMENTO DISTRACTOR).",CHOQUE LATERAL,VEHICULO DEPORTIVO UTILITARIO,0,0,0,0,0,0,0,0,0,0,0,0,2,2,74,HOMBRE,ILESO,PASAJERO,NO,NO,3
9342,28845,28846,2017,0,0,-0.237369,-78.486181,PICHINCHA,QUITO,QUITO,URBANA,2017-12-30,20:00:00,20,SABADO,6,DICIEMBRE,12,SI,CONDUCIR VEHICULO SUPERANDO LOS LIMITES MAXIMOS DE VELOCIDAD.,PERDIDA DE PISTA,CAMIONETA,0,0,0,0,1,0,0,0,0,0,0,0,0,1,-1,NO IDENTIFICADO,NO IDENTIFICADO,CONDUCTOR AUSENTE,NO,NO,2
9343,28848,28849,2017,0,1,-0.083512,-78.466862,PICHINCHA,QUITO,QUITO,URBANA,2017-12-30,20:25:00,20,SABADO,6,DICIEMBRE,12,SI,CONDUCIR VEHICULO SUPERANDO LOS LIMITES MAXIMOS DE VELOCIDAD.,PERDIDA DE PISTA,MOTOCICLETA,0,0,0,0,0,0,0,0,1,0,0,0,0,1,21,HOMBRE,FALLECIDO,CONDUCTOR PRESENTE,NO,NO,0
9344,28852,28853,2017,2,0,-0.105373,-78.462381,PICHINCHA,QUITO,QUITO,RURAL,2017-12-30,22:30:00,22,SABADO,6,DICIEMBRE,12,SI,"CONDUCIR DESATENTO A LAS CONDICIONES DE TRANSITO (CELULAR, PANTALLAS DE VIDEO, COMIDA, MAQUILLAJE O CUALQUIER OTRO ELEMENTO DISTRACTOR).",CHOQUE POSTERIOR,MOTOCICLETA,0,0,0,0,0,0,0,0,1,0,0,0,0,1,40,HOMBRE,LESIONADO,CONDUCTOR PRESENTE,NO,NO,3
9345,28853,28854,2017,1,0,-0.109351,-78.458267,PICHINCHA,QUITO,CALDERON (CARAPUNGO),RURAL,2017-12-30,23:00:00,23,SABADO,6,DICIEMBRE,12,SI,REALIZAR CAMBIO BRUSCO O INDEBIDO DE CARRIL.,PERDIDA DE PISTA,MOTOCICLETA,0,0,0,0,0,0,0,0,1,0,0,0,0,1,27,HOMBRE,LESIONADO,CONDUCTOR PRESENTE,NO,NO,3
9346,28887,28888,2017,0,0,-0.202921,-78.481918,PICHINCHA,QUITO,QUITO,URBANA,2017-12-31,01:00:00,1,DOMINGO,7,DICIEMBRE,12,SI,NO CEDER EL DERECHO DE VIA O PREFERENCIA DE PASO A VEHICULOS.,CHOQUE LATERAL,AUTOMOVIL,2,0,0,0,0,0,0,0,0,0,0,0,0,2,26,MUJER,ILESO,CONDUCTOR PRESENTE,NO,NO,0
9347,28889,28890,2017,0,0,-0.124026,-78.467467,PICHINCHA,QUITO,QUITO,URBANA,2017-12-31,02:15:00,2,DOMINGO,7,DICIEMBRE,12,SI,NO TRANSITAR POR LAS ACERAS O ZONAS DE SEGURIDAD DESTINADAS PARA EL EFECTO.,ATROPELLOS,VEHICULO DEPORTIVO UTILITARIO,0,0,0,0,0,0,0,0,0,0,0,0,1,1,27,HOMBRE,ILESO,CONDUCTOR PRESENTE,NO,NO,0
9348,28892,28893,2017,0,0,-0.312884,-78.457326,PICHINCHA,RUMINIAHUI,SANGOLQUI,URBANA,2017-12-31,02:40:00,2,DOMINGO,7,DICIEMBRE,12,SI,"CONDUCIR DESATENTO A LAS CONDICIONES DE TRANSITO (CELULAR, PANTALLAS DE VIDEO, COMIDA, MAQUILLAJE O CUALQUIER OTRO ELEMENTO DISTRACTOR).",ESTRELLAMIENTOS,AUTOMOVIL,1,0,0,0,0,0,0,0,0,0,0,0,0,1,-1,NO IDENTIFICADO,NO IDENTIFICADO,CONDUCTOR AUSENTE,NO,NO,2
9349,28893,28894,2017,0,0,-0.196669,-78.466599,PICHINCHA,QUITO,QUITO,URBANA,2017-12-31,03:25:00,3,DOMINGO,7,DICIEMBRE,12,SI,"CONDUCE BAJO LA INFLUENCIA DE ALCOHOL, SUSTANCIAS ESTUPEFACIENTES O PSICOTROPICAS Y/O MEDICAMENTOS.",ESTRELLAMIENTOS,AUTOMOVIL,1,0,0,0,1,0,0,0,0,0,0,0,0,2,19,HOMBRE,ILESO,CONDUCTOR PRESENTE,NO,NO,0
9350,28897,28898,2017,0,1,-0.250051,-78.538893,PICHINCHA,QUITO,QUITO,URBANA,2017-12-31,06:20:00,6,DOMINGO,7,DICIEMBRE,12,SI,"CONDUCE BAJO LA INFLUENCIA DE ALCOHOL, SUSTANCIAS ESTUPEFACIENTES O PSICOTROPICAS Y/O MEDICAMENTOS.",CHOQUE LATERAL,MOTOCICLETA,1,0,0,0,0,0,0,0,1,0,0,0,0,2,66,HOMBRE,FALLECIDO,PEATON,NO,NO,0
9351,28904,28905,2017,0,0,-0.205354,-78.500514,PICHINCHA,QUITO,QUITO,URBANA,2017-12-31,11:20:00,11,DOMINGO,7,DICIEMBRE,12,SI,"CONDUCIR DESATENTO A LAS CONDICIONES DE TRANSITO (CELULAR, PANTALLAS DE VIDEO, COMIDA, MAQUILLAJE O CUALQUIER OTRO ELEMENTO DISTRACTOR).",ESTRELLAMIENTOS,AUTOMOVIL,1,0,0,0,0,0,0,0,0,0,0,0,1,2,18,MUJER,ILESO,CONDUCTOR PRESENTE,NO,NO,0
9352,28905,28906,2017,1,0,-0.297795,-78.547063,PICHINCHA,QUITO,QUITO,URBANA,2017-12-31,11:26:00,11,DOMINGO,7,DICIEMBRE,12,SI,BAJARSE O SUBIRSE DE VEHICULOS EN MOVIMIENTO SIN TOMAR LAS PRECAUCIONES DEBIDAS.,CAIDA DE PASAJERO,BUS,0,0,1,0,0,0,0,0,0,0,0,0,0,1,46,MUJER,LESIONADO,PASAJERO,NO,NO,0
9353,28907,28908,2017,1,0,-0.103479,-78.509386,PICHINCHA,QUITO,QUITO,URBANA,2017-12-31,14:10:00,14,DOMINGO,7,DICIEMBRE,12,SI,"PEATON TRANSITA BAJO INFLUENCIA DE ALCOHOL, SUSTANCIAS ESTUPEFACIENTES O PSICOTROPICAS Y/O MEDICAMENTOS.",ATROPELLOS,BUS,0,0,1,0,0,0,0,0,0,0,0,0,0,1,30,HOMBRE,LESIONADO,PEATON,NO,NO,0
9354,28908,28909,2017,0,0,-0.094067,-78.498811,PICHINCHA,QUITO,QUITO,URBANA,2017-12-31,14:25:00,14,DOMINGO,7,DICIEMBRE,12,SI,NO GUARDAR LA DISTANCIA LATERAL MINIMA DE SEGURIDAD ENTRE VEHICULOS.,ROZAMIENTOS,AUTOMOVIL,2,0,0,0,0,0,0,0,0,0,0,0,0,2,-1,NO IDENTIFICADO,NO IDENTIFICADO,CONDUCTOR AUSENTE,NO,NO,2
9355,28909,28910,2017,1,0,-0.217821,-78.491471,PICHINCHA,QUITO,QUITO,URBANA,2017-12-31,15:00:00,15,DOMINGO,7,DICIEMBRE,12,SI,CONDUCIR VEHICULO SUPERANDO LOS LIMITES MAXIMOS DE VELOCIDAD.,PERDIDA DE PISTA,MOTOCICLETA,0,0,0,0,0,0,0,0,1,0,0,0,0,1,27,HOMBRE,LESIONADO,CONDUCTOR PRESENTE,NO,NO,0
9356,28916,28917,2017,0,0,-0.527369,-78.579421,PICHINCHA,MEJIA,MACHACHI,RURAL,2017-12-31,17:09:00,17,DOMINGO,7,DICIEMBRE,12,SI,"CONDUCIR DESATENTO A LAS CONDICIONES DE TRANSITO (CELULAR, PANTALLAS DE VIDEO, COMIDA, MAQUILLAJE O CUALQUIER OTRO ELEMENTO DISTRACTOR).",CHOQUE FRONTAL,BUS,0,0,1,1,1,0,0,0,0,0,0,0,0,3,60,HOMBRE,ILESO,CONDUCTOR PRESENTE,NO,NO,3
9357,28920,28921,2017,2,0,-0.252665,-78.519385,PICHINCHA,QUITO,QUITO,URBANA,2017-12-31,18:45:00,18,DOMINGO,7,DICIEMBRE,12,SI,"CONDUCIR DESATENTO A LAS CONDICIONES DE TRANSITO (CELULAR, PANTALLAS DE VIDEO, COMIDA, MAQUILLAJE O CUALQUIER OTRO ELEMENTO DISTRACTOR).",ESTRELLAMIENTOS,AUTOMOVIL,1,0,0,0,0,0,0,0,0,0,0,0,0,1,26,HOMBRE,LESIONADO,CONDUCTOR PRESENTE,NO,NO,0
9358,28921,28922,2017,0,3,-0.237269,-78.484618,PICHINCHA,QUITO,QUITO,URBANA,2017-12-31,18:50:00,18,DOMINGO,7,DICIEMBRE,12,SI,NO TRANSITAR POR LAS ACERAS O ZONAS DE SEGURIDAD DESTINADAS PARA EL EFECTO.,ATROPELLOS,AUTOMOVIL,1,0,0,0,0,0,0,0,0,0,0,0,0,1,31,HOMBRE,FALLECIDO,PEATON,NO,NO,0
9359,28929,28930,2017,0,0,-0.168468,-78.469449,PICHINCHA,QUITO,QUITO,URBANA,2017-12-31,21:03:00,21,DOMINGO,7,DICIEMBRE,12,SI,"CONDUCE BAJO LA INFLUENCIA DE ALCOHOL, SUSTANCIAS ESTUPEFACIENTES O PSICOTROPICAS Y/O MEDICAMENTOS.",PERDIDA DE PISTA,AUTOMOVIL,1,0,0,0,0,0,0,0,0,0,0,0,0,1,23,HOMBRE,ILESO,CONDUCTOR PRESENTE,NO,NO,0