,Unnamed: 0,ID,ANIO,LESIONADOS,FALLECIDOS,LATITUD_Y,LONGITUD_X,PROVINCIA,CANTON,PARROQUIA,ZONA,FECHA,HORA,PERIODO_2,DIA_1,DIA_2,MES_1,MES_2,FERIADO,CAUSA_PROBABLE,TIPO_DE_SINIESTRO,TIPO_DE_VEHICULO_1,AUTOMOVIL,BICICLETA,BUS,CAMION,CAMIONETA,EMERGENCIAS,ESPECIAL,FURGONETA,MOTOCICLETA,NO_IDENTIFICADO,SCOOTER_ELECTRICO,TRICIMOTO,VEHICULO_DEPORTIVO_UTILITARIO,SUMA_DE_VEHICULOS,EDAD_1,SEXO_1,CONDICION_1,PARTICIPANTE_1,CASCO_1,CINTURON_1,KMeans_Cluster
9360,28931,28932,2017,0,0,-0.164784,-78.468117,PICHINCHA,QUITO,QUITO,URBANA,2017-12-31,22:50:00,22,DOMINGO,7,DICIEMBRE,12,SI,"CONDUCIR DESATENTO A LAS CONDICIONES DE TRANSITO (CELULAR, PANTALLAS DE VIDEO, COMIDA, MAQUILLAJE O CUALQUIER OTRO ELEMENTO DISTRACTOR).",ESTRELLAMIENTOS,VEHICULO DEPORTIVO UTILITARIO,0,0,0,0,0,0,0,0,0,0,0,0,1,1,38,HOMBRE,ILESO,CONDUCTOR PRESENTE,NO,NO,0
9361,28933,28934,2017,1,0,-0.295878,-78.556329,PICHINCHA,QUITO,QUITO,URBANA,2017-12-31,23:45:00,23,DOMINGO,7,DICIEMBRE,12,SI,NO TRANSITAR POR LAS ACERAS O ZONAS DE SEGURIDAD DESTINADAS PARA EL EFECTO.,ATROPELLOS,NO IDENTIFICADO,0,0,0,0,0,0,0,0,0,1,0,0,0,1,22,HOMBRE,LESIONADO,PEATON,NO,NO,0
9362,28936,28937,2017,2,0,-0.267361,-78.558379,PICHINCHA,QUITO,QUITO,URBANA,2017-12-31,23:56:00,23,DOMINGO,7,DICIEMBRE,12,SI,NO TRANSITAR POR LAS ACERAS O ZONAS DE SEGURIDAD DESTINADAS PARA EL EFECTO.,ATROPELLOS,NO IDENTIFICADO,0,0,0,0,0,0,0,0,0,1,0,0,0,1,17,HOMBRE,LESIONADO,PEATON,NO,NO,0
9363,28968,28969,2018,1,0,-0.273323,-78.538385,PICHINCHA,QUITO,QUITO,URBANA,2018-01-01,00:20:00,0,LUNES,1,ENERO,1,SI,NO CEDER EL DERECHO DE VIA O PREFERENCIA DE PASO AL PEATON.,ATROPELLOS,NO IDENTIFICADO,0,0,0,0,0,0,0,0,0,1,0,0,0,1,10,HOMBRE,LESIONADO,PEATON,NO,NO,0
9364,28974,28975,2018,0,0,-0.239881,-78.330881,PICHINCHA,QUITO,PIFO,URBANA,2018-01-01,02:00:00,2,LUNES,1,ENERO,1,SI,"CONDUCIR DESATENTO A LAS CONDICIONES DE TRANSITO (CELULAR, PANTALLAS DE VIDEO, COMIDA, MAQUILLAJE O CUALQUIER OTRO ELEMENTO DISTRACTOR).",ESTRELLAMIENTOS,CAMIONETA,0,0,0,0,1,0,0,0,0,0,0,0,0,1,34,MUJER,ILESO,CONDUCTOR PRESENTE,NO,NO,0
9365,28976,28977,2018,1,0,-0.172257,-78.490131,PICHINCHA,QUITO,QUITO,URBANA,2018-01-01,02:15:00,2,LUNES,1,ENERO,1,SI,NO CEDER EL DERECHO DE VIA O PREFERENCIA DE PASO AL PEATON.,ATROPELLOS,NO IDENTIFICADO,0,0,0,0,0,0,0,0,0,1,0,0,0,1,61,HOMBRE,LESIONADO,PEATON,NO,NO,0
9366,28979,28980,2018,0,0,-0.187531,-78.487611,PICHINCHA,QUITO,QUITO,URBANA,2018-01-01,02:50:00,2,LUNES,1,ENERO,1,SI,"CONDICIONES AMBIENTALES Y/O ATMOSFERICAS (NIEBLA, NEBLINA, GRANIZO, LLUVIA).",ESTRELLAMIENTOS,AUTOMOVIL,1,0,0,0,0,0,0,0,0,0,0,0,0,1,85,HOMBRE,ILESO,CONDUCTOR PRESENTE,NO,NO,0
9367,28988,28989,2018,0,0,-0.099083,-78.421844,PICHINCHA,QUITO,CALDERON (CARAPUNGO),URBANA,2018-01-01,04:10:00,4,LUNES,1,ENERO,1,SI,"CONDICIONES AMBIENTALES Y/O ATMOSFERICAS (NIEBLA, NEBLINA, GRANIZO, LLUVIA).",ESTRELLAMIENTOS,AUTOMOVIL,1,0,0,0,0,0,0,0,0,0,0,0,0,1,-1,NO IDENTIFICADO,NO IDENTIFICADO,CONDUCTOR AUSENTE,NO,NO,2
9368,28990,28991,2018,1,0,-0.094631,-78.482043,PICHINCHA,QUITO,QUITO,URBANA,2018-01-01,04:25:00,4,LUNES,1,ENERO,1,SI,"CONDICIONES AMBIENTALES Y/O ATMOSFERICAS (NIEBLA, NEBLINA, GRANIZO, LLUVIA).",VOLCAMIENTOS,AUTOMOVIL,1,0,0,0,0,0,0,0,0,0,0,0,0,1,-1,HOMBRE,LESIONADO,PASAJERO,NO,NO,0
9369,28996,28997,2018,0,0,-0.175091,-78.488134,PICHINCHA,QUITO,QUITO,URBANA,2018-01-01,05:26:00,5,LUNES,1,ENERO,1,SI,"CONDUCE BAJO LA INFLUENCIA DE ALCOHOL, SUSTANCIAS ESTUPEFACIENTES O PSICOTROPICAS Y/O MEDICAMENTOS.",CHOQUE POSTERIOR,AUTOMOVIL,2,0,0,0,0,0,0,0,0,0,0,0,0,2,32,HOMBRE,ILESO,CONDUCTOR PRESENTE,NO,NO,0
9370,29000,29001,2018,0,0,-0.464871,-78.578052,PICHINCHA,MEJIA,ALOAG,RURAL,2018-01-01,05:30:00,5,LUNES,1,ENERO,1,SI,"CONDUCIR DESATENTO A LAS CONDICIONES DE TRANSITO (CELULAR, PANTALLAS DE VIDEO, COMIDA, MAQUILLAJE O CUALQUIER OTRO ELEMENTO DISTRACTOR).",ESTRELLAMIENTOS,CAMIONETA,0,0,0,0,1,0,0,0,0,0,0,0,0,1,-1,NO IDENTIFICADO,NO IDENTIFICADO,CONDUCTOR AUSENTE,NO,NO,2
9371,29008,29009,2018,0,0,-0.206676,-78.460137,PICHINCHA,QUITO,QUITO,URBANA,2018-01-01,06:30:00,6,LUNES,1,ENERO,1,SI,"CONDICIONES AMBIENTALES Y/O ATMOSFERICAS (NIEBLA, NEBLINA, GRANIZO, LLUVIA).",CHOQUE LATERAL,AUTOMOVIL,2,0,0,0,0,0,0,0,0,0,0,0,0,2,25,HOMBRE,ILESO,CONDUCTOR PRESENTE,NO,NO,0
9372,29009,29010,2018,0,0,-0.292724,-78.476486,PICHINCHA,QUITO,CONOCOTO,URBANA,2018-01-01,06:48:00,6,LUNES,1,ENERO,1,SI,"CONDICIONES AMBIENTALES Y/O ATMOSFERICAS (NIEBLA, NEBLINA, GRANIZO, LLUVIA).",ESTRELLAMIENTOS,MOTOCICLETA,0,0,0,0,0,0,0,0,1,0,0,0,0,1,-1,NO IDENTIFICADO,NO IDENTIFICADO,CONDUCTOR AUSENTE,NO,NO,2
9373,29018,29019,2018,0,0,-0.204095,-78.458081,PICHINCHA,QUITO,QUITO,URBANA,2018-01-01,08:50:00,8,LUNES,1,ENERO,1,SI,"CONDICIONES AMBIENTALES Y/O ATMOSFERICAS (NIEBLA, NEBLINA, GRANIZO, LLUVIA).",ESTRELLAMIENTOS,CAMIONETA,0,0,0,0,1,0,0,0,0,0,0,0,0,1,35,HOMBRE,ILESO,CONDUCTOR PRESENTE,NO,NO,0
9374,29022,29023,2018,0,0,-0.279161,-78.542889,PICHINCHA,QUITO,QUITO,URBANA,2018-01-01,10:15:00,10,LUNES,1,ENERO,1,SI,"MAL ESTACIONADO - EL CONDUCTOR QUE DETENGA O ESTACIONE VEHICULOS EN SITIOS O ZONAS QUE ENTRANIEN PELIGRO, TALES COMO ZONA DE SEGURIDAD, CURVAS, PUENTES, TUNELES, PENDIENTES.",ESTRELLAMIENTOS,BUS,0,0,1,0,0,0,0,0,0,0,0,0,0,1,25,HOMBRE,ILESO,CONDUCTOR PRESENTE,NO,NO,0
9375,29027,29028,2018,0,0,-0.196047,-78.466538,PICHINCHA,QUITO,QUITO,URBANA,2018-01-01,11:13:00,11,LUNES,1,ENERO,1,SI,"CONDICIONES AMBIENTALES Y/O ATMOSFERICAS (NIEBLA, NEBLINA, GRANIZO, LLUVIA).",ESTRELLAMIENTOS,AUTOMOVIL,1,0,0,0,0,0,0,0,0,0,0,0,0,1,51,HOMBRE,ILESO,CONDUCTOR PRESENTE,NO,NO,0
9376,29031,29032,2018,0,0,-0.196669,-78.466599,PICHINCHA,QUITO,QUITO,URBANA,2018-01-01,12:10:00,12,LUNES,1,ENERO,1,SI,"CONDICIONES AMBIENTALES Y/O ATMOSFERICAS (NIEBLA, NEBLINA, GRANIZO, LLUVIA).",ESTRELLAMIENTOS,AUTOMOVIL,1,0,0,0,0,0,0,0,0,0,0,0,0,1,-1,NO IDENTIFICADO,NO IDENTIFICADO,CONDUCTOR AUSENTE,NO,NO,2
9377,29033,29034,2018,1,0,-0.517295,-78.581387,PICHINCHA,MEJIA,ALOASI,RURAL,2018-01-01,12:45:00,12,LUNES,1,ENERO,1,SI,"CONDUCIR DESATENTO A LAS CONDICIONES DE TRANSITO (CELULAR, PANTALLAS DE VIDEO, COMIDA, MAQUILLAJE O CUALQUIER OTRO ELEMENTO DISTRACTOR).",PERDIDA DE PISTA,AUTOMOVIL,1,0,0,0,0,0,0,0,0,0,0,0,0,1,49,HOMBRE,LESIONADO,PEATON,NO,NO,3
9378,29034,29035,2018,1,0,-0.441563,-78.555115,PICHINCHA,MEJIA,ALOAG,RURAL,2018-01-01,13:10:00,13,LUNES,1,ENERO,1,SI,"CONDUCIR DESATENTO A LAS CONDICIONES DE TRANSITO (CELULAR, PANTALLAS DE VIDEO, COMIDA, MAQUILLAJE O CUALQUIER OTRO ELEMENTO DISTRACTOR).",CHOQUE POSTERIOR,MOTOCICLETA,0,0,0,0,0,0,0,0,1,0,0,0,0,1,28,HOMBRE,LESIONADO,CONDUCTOR PRESENTE,NO,NO,3
9379,29036,29037,2018,1,0,-0.077254,-78.379741,PICHINCHA,QUITO,CALDERON (CARAPUNGO),RURAL,2018-01-01,13:20:00,13,LUNES,1,ENERO,1,SI,"CONDICIONES AMBIENTALES Y/O ATMOSFERICAS (NIEBLA, NEBLINA, GRANIZO, LLUVIA).",PERDIDA DE PISTA,VEHICULO DEPORTIVO UTILITARIO,0,0,0,0,0,0,0,0,0,0,0,0,1,1,31,MUJER,LESIONADO,CONDUCTOR PRESENTE,NO,NO,3
9380,29040,29041,2018,0,0,-0.224383,-78.496888,PICHINCHA,QUITO,QUITO,URBANA,2018-01-01,14:00:00,14,LUNES,1,ENERO,1,SI,"CONDICIONES AMBIENTALES Y/O ATMOSFERICAS (NIEBLA, NEBLINA, GRANIZO, LLUVIA).",ESTRELLAMIENTOS,AUTOMOVIL,1,0,0,0,0,0,0,0,0,0,0,0,0,1,-1,NO IDENTIFICADO,NO IDENTIFICADO,CONDUCTOR AUSENTE,NO,NO,2
9381,29045,29046,2018,0,0,-0.128678,-78.471107,PICHINCHA,QUITO,QUITO,URBANA,2018-01-01,15:48:00,15,LUNES,1,ENERO,1,SI,"CONDUCE BAJO LA INFLUENCIA DE ALCOHOL, SUSTANCIAS ESTUPEFACIENTES O PSICOTROPICAS Y/O MEDICAMENTOS.",ESTRELLAMIENTOS,AUTOMOVIL,2,0,0,0,0,0,0,0,0,0,0,0,0,2,35,HOMBRE,ILESO,CONDUCTOR PRESENTE,NO,NO,0
9382,29057,29058,2018,0,1,-0.554731,-78.587933,PICHINCHA,MEJIA,ALOASI,RURAL,2018-01-01,19:30:00,19,LUNES,1,ENERO,1,SI,"CONDUCIR DESATENTO A LAS CONDICIONES DE TRANSITO (CELULAR, PANTALLAS DE VIDEO, COMIDA, MAQUILLAJE O CUALQUIER OTRO ELEMENTO DISTRACTOR).",ATROPELLOS,NO IDENTIFICADO,0,0,0,0,0,0,0,0,0,1,0,0,0,1,32,HOMBRE,FALLECIDO,PEATON,NO,NO,3
9383,29063,29064,2018,0,0,-0.232711,-78.503685,PICHINCHA,QUITO,QUITO,URBANA,2018-01-01,20:15:00,20,LUNES,1,ENERO,1,SI,NO CEDER EL DERECHO DE VIA O PREFERENCIA DE PASO A VEHICULOS.,CHOQUE LATERAL,MOTOCICLETA,1,0,0,0,0,0,0,0,1,0,0,0,0,2,47,HOMBRE,ILESO,CONDUCTOR PRESENTE,NO,NO,0
9384,29068,29069,2018,0,1,-0.089185,-78.428042,PICHINCHA,QUITO,CALDERON (CARAPUNGO),URBANA,2018-01-01,21:00:00,21,LUNES,1,ENERO,1,SI,NO CEDER EL DERECHO DE VIA O PREFERENCIA DE PASO AL PEATON.,ATROPELLOS,NO IDENTIFICADO,0,0,0,0,0,0,0,0,0,1,0,0,0,1,44,HOMBRE,FALLECIDO,PEATON,NO,NO,0
9385,29069,29070,2018,0,0,-0.551181,-78.586781,PICHINCHA,MEJIA,MACHACHI,RURAL,2018-01-01,21:20:00,21,LUNES,1,ENERO,1,SI,"CONDUCIR DESATENTO A LAS CONDICIONES DE TRANSITO (CELULAR, PANTALLAS DE VIDEO, COMIDA, MAQUILLAJE O CUALQUIER OTRO ELEMENTO DISTRACTOR).",COLISION,CAMIONETA,1,0,1,0,1,0,0,0,0,0,0,0,1,4,21,HOMBRE,ILESO,CONDUCTOR PRESENTE,NO,NO,3
9386,29071,29072,2018,1,0,-0.131271,-78.497981,PICHINCHA,QUITO,QUITO,URBANA,2018-01-01,21:30:00,21,LUNES,1,ENERO,1,SI,DEJAR O RECOGER PASAJEROS EN LUGARES NO PERMITIDOS.,CAIDA DE PASAJERO,NO IDENTIFICADO,0,0,0,0,0,0,0,0,0,1,0,0,0,1,35,HOMBRE,LESIONADO,PASAJERO,NO,NO,0
9387,29079,29080,2018,1,0,-0.150289,-78.453334,PICHINCHA,QUITO,QUITO,URBANA,2018-01-02,05:20:00,5,MARTES,2,ENERO,1,NO,CONDUCIR VEHICULO SUPERANDO LOS LIMITES MAXIMOS DE VELOCIDAD.,VOLCAMIENTOS,MOTOCICLETA,0,0,0,0,0,0,0,0,1,0,0,0,0,1,22,HOMBRE,LESIONADO,PASAJERO,NO,NO,0
9388,29080,29081,2018,1,0,-0.212491,-78.491283,PICHINCHA,QUITO,QUITO,URBANA,2018-01-02,07:14:00,7,MARTES,2,ENERO,1,NO,NO CEDER EL DERECHO DE VIA O PREFERENCIA DE PASO AL PEATON.,ATROPELLOS,NO IDENTIFICADO,0,0,0,0,0,0,0,0,0,1,0,0,0,1,23,HOMBRE,LESIONADO,PEATON,NO,NO,0
9389,29082,29083,2018,0,0,-0.169321,-78.484394,PICHINCHA,QUITO,QUITO,URBANA,2018-01-02,08:20:00,8,MARTES,2,ENERO,1,NO,NO GUARDAR LA DISTANCIA LATERAL MINIMA DE SEGURIDAD ENTRE VEHICULOS.,ROZAMIENTOS,AUTOMOVIL,1,0,1,0,0,0,0,0,0,0,0,0,0,2,40,HOMBRE,ILESO,CONDUCTOR PRESENTE,NO,NO,0
9390,29084,29085,2018,0,0,-0.199051,-78.487045,PICHINCHA,QUITO,QUITO,URBANA,2018-01-02,08:35:00,8,MARTES,2,ENERO,1,NO,"NO RESPETAR LAS SENIALES REGLAMENTARIAS DE TRANSITO. (PARE, CEDA EL PASO, LUZ ROJA DEL SEMAFORO, ETC).",CHOQUE LATERAL,AUTOMOVIL,2,0,0,0,0,0,0,0,0,0,0,0,0,2,47,HOMBRE,ILESO,CONDUCTOR PRESENTE,NO,NO,0
9391,29091,29092,2018,1,0,-0.207429,-78.482066,PICHINCHA,QUITO,QUITO,URBANA,2018-01-02,11:05:00,11,MARTES,2,ENERO,1,NO,"CONDUCIR DESATENTO A LAS CONDICIONES DE TRANSITO (CELULAR, PANTALLAS DE VIDEO, COMIDA, MAQUILLAJE O CUALQUIER OTRO ELEMENTO DISTRACTOR).",OTROS,MOTOCICLETA,0,0,0,0,0,0,0,0,1,0,0,0,0,1,27,HOMBRE,LESIONADO,CONDUCTOR PRESENTE,NO,NO,0
9392,29093,29094,2018,1,0,-0.516049,-78.576621,PICHINCHA,MEJIA,ALOASI,RURAL,2018-01-02,11:30:00,11,MARTES,2,ENERO,1,NO,NO MANTENER LA DISTANCIA PRUDENCIAL CON RESPECTO AL VEHICULO QUE LE ANTECEDE.,CAIDA DE PASAJERO,BUS,0,0,1,0,0,0,0,0,0,0,0,0,0,1,48,HOMBRE,LESIONADO,PASAJERO,NO,NO,3
9393,29094,29095,2018,0,0,-0.238084,-78.509479,PICHINCHA,QUITO,QUITO,URBANA,2018-01-02,11:40:00,11,MARTES,2,ENERO,1,NO,CONDUCIR VEHICULO SUPERANDO LOS LIMITES MAXIMOS DE VELOCIDAD.,ESTRELLAMIENTOS,AUTOMOVIL,1,0,0,0,0,0,0,0,0,0,0,0,0,1,-1,NO IDENTIFICADO,NO IDENTIFICADO,CONDUCTOR AUSENTE,NO,NO,2
9394,29097,29098,2018,0,0,-0.162346,-78.485742,PICHINCHA,QUITO,QUITO,URBANA,2018-01-02,12:08:00,12,MARTES,2,ENERO,1,NO,NO GUARDAR LA DISTANCIA LATERAL MINIMA DE SEGURIDAD ENTRE VEHICULOS.,ROZAMIENTOS,BUS,0,0,2,0,0,0,0,0,0,0,0,0,0,2,48,HOMBRE,ILESO,CONDUCTOR PRESENTE,NO,NO,0
9395,29101,29102,2018,1,0,-0.490416,-78.570311,PICHINCHA,MEJIA,MACHACHI,RURAL,2018-01-02,14:20:00,14,MARTES,2,ENERO,1,NO,NO GUARDAR LA DISTANCIA LATERAL MINIMA DE SEGURIDAD ENTRE VEHICULOS.,CHOQUE LATERAL,MOTOCICLETA,0,0,0,1,0,0,0,0,1,0,0,0,0,2,33,HOMBRE,LESIONADO,CONDUCTOR PRESENTE,NO,NO,3
9396,29107,29108,2018,0,0,-0.197826,-78.466466,PICHINCHA,QUITO,QUITO,URBANA,2018-01-02,16:50:00,16,MARTES,2,ENERO,1,NO,"PRESENCIA DE AGENTES EXTERNOS EN LA VIA (AGUA, ACEITE, PIEDRA, LASTRE, ESCOMBROS, MADEROS, ETC.).",CHOQUE LATERAL,AUTOMOVIL,2,0,0,0,0,0,0,0,0,0,0,0,0,2,27,HOMBRE,ILESO,CONDUCTOR PRESENTE,NO,NO,0
9397,29110,29111,2018,1,0,-0.209101,-78.365448,PICHINCHA,QUITO,PUEMBO,URBANA,2018-01-02,17:05:00,17,MARTES,2,ENERO,1,NO,"CONDUCIR EN ESTADO DE SOMNOLENCIA O MALAS CONDICIONES FISICAS (SUENIO, CANSANCIO Y FATIGA).",VOLCAMIENTOS,AUTOMOVIL,1,0,0,0,0,0,0,0,0,0,0,0,0,1,84,HOMBRE,LESIONADO,CONDUCTOR PRESENTE,NO,NO,0
9398,29111,29112,2018,0,0,-0.215551,-78.380479,PICHINCHA,QUITO,TUMBACO,URBANA,2018-01-02,17:15:00,17,MARTES,2,ENERO,1,NO,CONDUCIR VEHICULO SUPERANDO LOS LIMITES MAXIMOS DE VELOCIDAD.,CHOQUE LATERAL,CAMIONETA,1,0,0,0,1,0,0,0,0,0,0,0,0,2,28,MUJER,ILESO,CONDUCTOR PRESENTE,NO,NO,0
9399,29112,29113,2018,0,0,-0.201841,-78.457131,PICHINCHA,QUITO,QUITO,URBANA,2018-01-02,17:15:00,17,MARTES,2,ENERO,1,NO,"NO RESPETAR LAS SENIALES REGLAMENTARIAS DE TRANSITO. (PARE, CEDA EL PASO, LUZ ROJA DEL SEMAFORO, ETC).",CHOQUE LATERAL,AUTOMOVIL,2,0,0,0,0,0,0,0,0,0,0,0,0,2,28,HOMBRE,ILESO,CONDUCTOR PRESENTE,NO,NO,0
9400,29114,29115,2018,0,0,-0.207792,-78.499951,PICHINCHA,QUITO,QUITO,URBANA,2018-01-02,17:52:00,17,MARTES,2,ENERO,1,NO,"NO RESPETAR LAS SENIALES REGLAMENTARIAS DE TRANSITO. (PARE, CEDA EL PASO, LUZ ROJA DEL SEMAFORO, ETC).",CHOQUE LATERAL,AUTOMOVIL,2,0,0,0,0,0,0,0,0,0,0,0,0,2,68,MUJER,ILESO,CONDUCTOR PRESENTE,NO,NO,0
9401,29115,29116,2018,1,0,-0.268534,-78.551576,PICHINCHA,QUITO,QUITO,URBANA,2018-01-02,18:10:00,18,MARTES,2,ENERO,1,NO,NO CEDER EL DERECHO DE VIA O PREFERENCIA DE PASO AL PEATON.,ATROPELLOS,NO IDENTIFICADO,0,0,0,0,0,0,0,0,0,1,0,0,0,1,33,HOMBRE,LESIONADO,PEATON,NO,NO,0
9402,29118,29119,2018,0,0,-0.144598,-78.491934,PICHINCHA,QUITO,QUITO,URBANA,2018-01-02,19:30:00,19,MARTES,2,ENERO,1,NO,NO GUARDAR LA DISTANCIA LATERAL MINIMA DE SEGURIDAD ENTRE VEHICULOS.,ROZAMIENTOS,AUTOMOVIL,2,0,0,0,0,0,0,0,0,0,0,0,0,2,46,HOMBRE,ILESO,CONDUCTOR PRESENTE,NO,NO,0
9403,29119,29120,2018,0,0,-0.118095,-78.455421,PICHINCHA,QUITO,QUITO,URBANA,2018-01-02,20:10:00,20,MARTES,2,ENERO,1,NO,"CONDUCE BAJO LA INFLUENCIA DE ALCOHOL, SUSTANCIAS ESTUPEFACIENTES O PSICOTROPICAS Y/O MEDICAMENTOS.",CHOQUE LATERAL,AUTOMOVIL,1,0,0,0,0,0,0,1,0,0,0,0,0,2,59,HOMBRE,ILESO,CONDUCTOR PRESENTE,NO,NO,0
9404,29120,29121,2018,1,0,-0.247142,-78.526388,PICHINCHA,QUITO,QUITO,URBANA,2018-01-02,20:25:00,20,MARTES,2,ENERO,1,NO,NO CEDER EL DERECHO DE VIA O PREFERENCIA DE PASO AL PEATON.,ATROPELLOS,NO IDENTIFICADO,0,0,0,0,0,0,0,0,0,1,0,0,0,1,58,HOMBRE,LESIONADO,PEATON,NO,NO,0
9405,29122,29123,2018,0,0,-0.301132,-78.521206,PICHINCHA,QUITO,QUITO,URBANA,2018-01-02,20:35:00,20,MARTES,2,ENERO,1,NO,BAJARSE O SUBIRSE DE VEHICULOS EN MOVIMIENTO SIN TOMAR LAS PRECAUCIONES DEBIDAS.,CAIDA DE PASAJERO,AUTOMOVIL,1,0,0,0,0,0,0,0,0,0,0,0,0,1,33,MUJER,ILESO,PASAJERO,NO,NO,0
9406,29123,29124,2018,0,0,-0.101208,-78.448001,PICHINCHA,QUITO,CALDERON (CARAPUNGO),URBANA,2018-01-02,20:40:00,20,MARTES,2,ENERO,1,NO,"CONDUCE BAJO LA INFLUENCIA DE ALCOHOL, SUSTANCIAS ESTUPEFACIENTES O PSICOTROPICAS Y/O MEDICAMENTOS.",CHOQUE POSTERIOR,AUTOMOVIL,2,0,0,0,0,0,0,0,0,0,0,0,0,2,47,HOMBRE,ILESO,CONDUCTOR PRESENTE,NO,NO,0
9407,29124,29125,2018,0,0,-0.255567,-78.511883,PICHINCHA,QUITO,QUITO,URBANA,2018-01-02,20:45:00,20,MARTES,2,ENERO,1,NO,"CONDUCE BAJO LA INFLUENCIA DE ALCOHOL, SUSTANCIAS ESTUPEFACIENTES O PSICOTROPICAS Y/O MEDICAMENTOS.",CHOQUE LATERAL,AUTOMOVIL,2,0,0,0,0,0,0,0,0,0,0,0,0,2,27,HOMBRE,ILESO,CONDUCTOR PRESENTE,NO,NO,0
9408,29127,29128,2018,1,0,-0.167794,-78.487392,PICHINCHA,QUITO,QUITO,URBANA,2018-01-02,21:45:00,21,MARTES,2,ENERO,1,NO,NO CEDER EL DERECHO DE VIA O PREFERENCIA DE PASO AL PEATON.,ATROPELLOS,NO IDENTIFICADO,0,0,0,0,0,0,0,0,0,1,0,0,0,1,36,HOMBRE,LESIONADO,PEATON,NO,NO,0
9409,29128,29129,2018,0,0,-0.202348,-78.375059,PICHINCHA,QUITO,TUMBACO,URBANA,2018-01-02,22:10:00,22,MARTES,2,ENERO,1,NO,CONDUCIR VEHICULO SUPERANDO LOS LIMITES MAXIMOS DE VELOCIDAD.,ESTRELLAMIENTOS,AUTOMOVIL,1,0,0,0,0,0,0,0,0,0,0,0,0,1,-1,NO IDENTIFICADO,NO IDENTIFICADO,CONDUCTOR AUSENTE,NO,NO,2
9410,29130,29131,2018,0,0,-0.304141,-78.454204,PICHINCHA,RUMINIAHUI,SANGOLQUI,URBANA,2018-01-03,01:30:00,1,MIERCOLES,3,ENERO,1,NO,"CONDUCIR EN ESTADO DE SOMNOLENCIA O MALAS CONDICIONES FISICAS (SUENIO, CANSANCIO Y FATIGA).",ESTRELLAMIENTOS,VEHICULO DEPORTIVO UTILITARIO,0,0,0,0,0,0,0,0,0,0,0,0,1,1,28,HOMBRE,ILESO,CONDUCTOR PRESENTE,NO,NO,0
9411,29131,29132,2018,0,0,-0.311021,-78.558628,PICHINCHA,QUITO,QUITO,URBANA,2018-01-03,02:20:00,2,MIERCOLES,3,ENERO,1,NO,CONDUCIR VEHICULO SUPERANDO LOS LIMITES MAXIMOS DE VELOCIDAD.,ESTRELLAMIENTOS,CAMION,0,0,0,1,0,0,0,0,0,0,0,0,0,1,-1,NO IDENTIFICADO,NO IDENTIFICADO,CONDUCTOR AUSENTE,NO,NO,2
9412,29133,29134,2018,1,0,-0.200785,-78.496872,PICHINCHA,QUITO,QUITO,URBANA,2018-01-03,04:15:00,4,MIERCOLES,3,ENERO,1,NO,"CONDUCE BAJO LA INFLUENCIA DE ALCOHOL, SUSTANCIAS ESTUPEFACIENTES O PSICOTROPICAS Y/O MEDICAMENTOS.",CHOQUE LATERAL,AUTOMOVIL,2,0,0,0,0,0,0,0,0,0,0,0,0,2,65,HOMBRE,LESIONADO,CONDUCTOR PRESENTE,NO,NO,0
9413,29138,29139,2018,1,0,-0.201667,-78.476303,PICHINCHA,QUITO,QUITO,URBANA,2018-01-03,06:50:00,6,MIERCOLES,3,ENERO,1,NO,"ADELANTAR O REBASAR A OTRO VEHICULO EN MOVIMIENTO EN ZONAS O SITIOS PELIGROSOS TALES COMO: CURVAS, PUENTES, TUNELES, PENDIENTES, ETC.",CHOQUE FRONTAL,AUTOMOVIL,2,0,0,0,0,0,0,0,0,0,0,0,0,2,22,HOMBRE,LESIONADO,CONDUCTOR PRESENTE,NO,NO,0
9414,29140,29141,2018,1,0,-0.172311,-78.490189,PICHINCHA,QUITO,QUITO,URBANA,2018-01-03,07:15:00,7,MIERCOLES,3,ENERO,1,NO,CONDUCIR VEHICULO SUPERANDO LOS LIMITES MAXIMOS DE VELOCIDAD.,ATROPELLOS,NO IDENTIFICADO,0,0,0,0,0,0,0,0,0,1,0,0,0,1,58,HOMBRE,LESIONADO,PEATON,NO,NO,0
9415,29141,29142,2018,1,0,-0.156719,-78.498581,PICHINCHA,QUITO,QUITO,URBANA,2018-01-03,07:30:00,7,MIERCOLES,3,ENERO,1,NO,NO MANTENER LA DISTANCIA PRUDENCIAL CON RESPECTO AL VEHICULO QUE LE ANTECEDE.,COLISION,AUTOMOVIL,3,0,0,0,0,0,0,0,0,0,0,0,0,3,45,HOMBRE,LESIONADO,CONDUCTOR PRESENTE,NO,NO,0
9416,29142,29143,2018,1,0,-0.163471,-78.474805,PICHINCHA,QUITO,QUITO,URBANA,2018-01-03,07:40:00,7,MIERCOLES,3,ENERO,1,NO,BAJARSE O SUBIRSE DE VEHICULOS EN MOVIMIENTO SIN TOMAR LAS PRECAUCIONES DEBIDAS.,OTROS,BUS,0,0,1,0,0,0,0,0,0,0,0,0,0,1,37,HOMBRE,LESIONADO,PASAJERO,NO,NO,0