,Unnamed: 0,ID,ANIO,LESIONADOS,FALLECIDOS,LATITUD_Y,LONGITUD_X,PROVINCIA,CANTON,PARROQUIA,ZONA,FECHA,HORA,PERIODO_2,DIA_1,DIA_2,MES_1,MES_2,FERIADO,CAUSA_PROBABLE,TIPO_DE_SINIESTRO,TIPO_DE_VEHICULO_1,AUTOMOVIL,BICICLETA,BUS,CAMION,CAMIONETA,EMERGENCIAS,ESPECIAL,FURGONETA,MOTOCICLETA,NO_IDENTIFICADO,SCOOTER_ELECTRICO,TRICIMOTO,VEHICULO_DEPORTIVO_UTILITARIO,SUMA_DE_VEHICULOS,EDAD_1,SEXO_1,CONDICION_1,PARTICIPANTE_1,CASCO_1,CINTURON_1,KMeans_Cluster
9417,29151,29152,2018,1,0,-0.156719,-78.498581,PICHINCHA,QUITO,QUITO,URBANA,2018-01-03,09:40:00,9,MIERCOLES,3,ENERO,1,NO,CONDUCIR VEHICULO SUPERANDO LOS LIMITES MAXIMOS DE VELOCIDAD.,ESTRELLAMIENTOS,CAMIONETA,0,0,0,0,1,0,0,0,1,0,0,0,0,2,24,HOMBRE,LESIONADO,CONDUCTOR PRESENTE,NO,NO,0
9418,29152,29153,2018,1,0,-0.177282,-78.359537,PICHINCHA,QUITO,PUEMBO,URBANA,2018-01-03,09:45:00,9,MIERCOLES,3,ENERO,1,NO,"NO RESPETAR LAS SENIALES REGLAMENTARIAS DE TRANSITO. (PARE, CEDA EL PASO, LUZ ROJA DEL SEMAFORO, ETC).",CHOQUE FRONTAL,CAMIONETA,1,0,0,0,1,0,0,0,0,0,0,0,0,2,27,HOMBRE,LESIONADO,CONDUCTOR PRESENTE,NO,NO,0
9419,29153,29154,2018,1,0,-0.203469,-78.503011,PICHINCHA,QUITO,QUITO,URBANA,2018-01-03,10:30:00,10,MIERCOLES,3,ENERO,1,NO,"NO RESPETAR LAS SENIALES REGLAMENTARIAS DE TRANSITO. (PARE, CEDA EL PASO, LUZ ROJA DEL SEMAFORO, ETC).",CHOQUE LATERAL,AUTOMOVIL,2,0,0,0,0,0,0,0,0,0,0,0,0,2,23,HOMBRE,LESIONADO,CONDUCTOR PRESENTE,NO,NO,0
9420,29158,29159,2018,1,0,-0.187532,-78.493039,PICHINCHA,QUITO,QUITO,URBANA,2018-01-03,14:00:00,14,MIERCOLES,3,ENERO,1,NO,"NO RESPETAR LAS SENIALES REGLAMENTARIAS DE TRANSITO. (PARE, CEDA EL PASO, LUZ ROJA DEL SEMAFORO, ETC).",CHOQUE LATERAL,AUTOMOVIL,1,0,0,0,0,0,0,0,1,0,0,0,0,2,33,HOMBRE,LESIONADO,CONDUCTOR PRESENTE,NO,NO,0
9421,29161,29162,2018,0,0,-0.125786,-78.501653,PICHINCHA,QUITO,QUITO,URBANA,2018-01-03,14:20:00,14,MIERCOLES,3,ENERO,1,NO,CONDUCIR VEHICULO SUPERANDO LOS LIMITES MAXIMOS DE VELOCIDAD.,CHOQUE LATERAL,AUTOMOVIL,2,0,0,0,0,0,0,0,0,0,0,0,0,2,42,HOMBRE,ILESO,CONDUCTOR PRESENTE,NO,NO,0
9422,29166,29167,2018,0,0,-0.224383,-78.496888,PICHINCHA,QUITO,QUITO,URBANA,2018-01-03,15:00:00,15,MIERCOLES,3,ENERO,1,NO,NO MANTENER LA DISTANCIA PRUDENCIAL CON RESPECTO AL VEHICULO QUE LE ANTECEDE.,COLISION,AUTOMOVIL,2,0,0,0,1,0,0,0,0,0,0,0,0,3,29,HOMBRE,ILESO,CONDUCTOR PRESENTE,NO,NO,0
9423,29167,29168,2018,1,0,-0.224709,-78.407746,PICHINCHA,QUITO,TUMBACO,URBANA,2018-01-03,15:45:00,15,MIERCOLES,3,ENERO,1,NO,"CONDICIONES AMBIENTALES Y/O ATMOSFERICAS (NIEBLA, NEBLINA, GRANIZO, LLUVIA).",PERDIDA DE PISTA,AUTOMOVIL,1,0,0,0,0,0,0,0,0,0,0,0,0,1,35,MUJER,LESIONADO,PASAJERO,NO,NO,0
9424,29168,29169,2018,0,0,-0.084081,-78.418761,PICHINCHA,QUITO,CALDERON (CARAPUNGO),URBANA,2018-01-03,15:50:00,15,MIERCOLES,3,ENERO,1,NO,CONDUCIR VEHICULO SUPERANDO LOS LIMITES MAXIMOS DE VELOCIDAD.,CHOQUE POSTERIOR,AUTOMOVIL,1,0,0,0,1,0,0,0,0,0,0,0,0,2,62,MUJER,ILESO,CONDUCTOR PRESENTE,NO,NO,0
9425,29169,29170,2018,1,0,-0.244164,-78.519071,PICHINCHA,QUITO,QUITO,URBANA,2018-01-03,16:00:00,16,MIERCOLES,3,ENERO,1,NO,CONDUCIR VEHICULO SUPERANDO LOS LIMITES MAXIMOS DE VELOCIDAD.,ESTRELLAMIENTOS,AUTOMOVIL,1,0,0,0,0,0,0,0,0,0,0,0,0,1,82,MUJER,LESIONADO,PASAJERO,NO,NO,0
9426,29170,29171,2018,0,0,-0.237685,-78.484591,PICHINCHA,QUITO,QUITO,URBANA,2018-01-03,16:25:00,16,MIERCOLES,3,ENERO,1,NO,CONDUCIR VEHICULO SUPERANDO LOS LIMITES MAXIMOS DE VELOCIDAD.,OTROS,AUTOMOVIL,1,0,0,0,0,0,0,0,0,0,0,0,0,1,-1,NO IDENTIFICADO,NO IDENTIFICADO,CONDUCTOR AUSENTE,NO,NO,2
9427,29171,29172,2018,1,0,-0.215811,-78.489123,PICHINCHA,QUITO,QUITO,URBANA,2018-01-03,16:50:00,16,MIERCOLES,3,ENERO,1,NO,"CONDICIONES AMBIENTALES Y/O ATMOSFERICAS (NIEBLA, NEBLINA, GRANIZO, LLUVIA).",ESTRELLAMIENTOS,AUTOMOVIL,1,0,0,0,1,0,0,0,0,0,0,0,0,2,54,MUJER,LESIONADO,PASAJERO,NO,NO,0
9428,29177,29178,2018,0,0,-0.145835,-78.509068,PICHINCHA,QUITO,QUITO,URBANA,2018-01-03,18:30:00,18,MIERCOLES,3,ENERO,1,NO,CONDUCIR VEHICULO SUPERANDO LOS LIMITES MAXIMOS DE VELOCIDAD.,ROZAMIENTOS,AUTOMOVIL,2,0,0,0,0,0,0,0,0,0,0,0,0,2,30,MUJER,ILESO,CONDUCTOR PRESENTE,NO,NO,0
9429,29181,29182,2018,1,0,-0.064433,-78.429354,PICHINCHA,QUITO,CALDERON (CARAPUNGO),URBANA,2018-01-03,19:40:00,19,MIERCOLES,3,ENERO,1,NO,NO CEDER EL DERECHO DE VIA O PREFERENCIA DE PASO AL PEATON.,ATROPELLOS,BICICLETA,1,1,0,0,0,0,0,0,0,0,0,0,0,2,13,HOMBRE,LESIONADO,PASAJERO,NO,NO,0
9430,29185,29186,2018,1,0,-0.097772,-78.418591,PICHINCHA,QUITO,CALDERON (CARAPUNGO),URBANA,2018-01-03,20:30:00,20,MIERCOLES,3,ENERO,1,NO,"NO RESPETAR LAS SENIALES REGLAMENTARIAS DE TRANSITO. (PARE, CEDA EL PASO, LUZ ROJA DEL SEMAFORO, ETC).",CHOQUE LATERAL,MOTOCICLETA,0,0,0,0,0,0,0,0,1,0,0,0,0,1,35,HOMBRE,LESIONADO,CONDUCTOR PRESENTE,NO,NO,0
9431,29186,29187,2018,0,0,-0.203827,-78.502028,PICHINCHA,QUITO,QUITO,URBANA,2018-01-03,22:50:00,22,MIERCOLES,3,ENERO,1,NO,"CONDUCE BAJO LA INFLUENCIA DE ALCOHOL, SUSTANCIAS ESTUPEFACIENTES O PSICOTROPICAS Y/O MEDICAMENTOS.",CHOQUE LATERAL,AUTOMOVIL,1,0,0,0,1,0,0,0,0,0,0,0,0,2,22,HOMBRE,ILESO,CONDUCTOR PRESENTE,NO,NO,0
9432,29189,29190,2018,2,1,-0.415993,-78.549121,PICHINCHA,MEJIA,TAMBILLO (MEJIA),RURAL,2018-01-03,23:20:00,23,MIERCOLES,3,ENERO,1,NO,"CONDUCIR DESATENTO A LAS CONDICIONES DE TRANSITO (CELULAR, PANTALLAS DE VIDEO, COMIDA, MAQUILLAJE O CUALQUIER OTRO ELEMENTO DISTRACTOR).",ESTRELLAMIENTOS,AUTOMOVIL,1,0,0,0,0,0,0,0,0,0,0,0,0,1,63,HOMBRE,FALLECIDO,PASAJERO,NO,NO,3
9433,29191,29192,2018,3,0,-0.182025,-78.478736,PICHINCHA,QUITO,QUITO,URBANA,2018-01-04,00:30:00,0,JUEVES,4,ENERO,1,NO,"CONDUCE BAJO LA INFLUENCIA DE ALCOHOL, SUSTANCIAS ESTUPEFACIENTES O PSICOTROPICAS Y/O MEDICAMENTOS.",CHOQUE LATERAL,AUTOMOVIL,2,0,0,0,0,0,0,0,0,0,0,0,0,2,19,HOMBRE,LESIONADO,CONDUCTOR PRESENTE,NO,NO,0
9434,29192,29193,2018,1,0,-0.243922,-78.539909,PICHINCHA,QUITO,QUITO,URBANA,2018-01-04,01:10:00,1,JUEVES,4,ENERO,1,NO,BAJARSE O SUBIRSE DE VEHICULOS EN MOVIMIENTO SIN TOMAR LAS PRECAUCIONES DEBIDAS.,OTROS,BUS,0,0,1,0,0,0,0,0,0,0,0,0,0,1,47,HOMBRE,LESIONADO,PASAJERO,NO,NO,0
9435,29193,29194,2018,1,0,-0.271125,-78.551998,PICHINCHA,QUITO,QUITO,URBANA,2018-01-04,01:30:00,1,JUEVES,4,ENERO,1,NO,CONDUCIR VEHICULO SUPERANDO LOS LIMITES MAXIMOS DE VELOCIDAD.,ATROPELLOS,AUTOMOVIL,1,0,0,0,0,0,0,0,0,0,0,0,0,1,18,HOMBRE,LESIONADO,PEATON,NO,NO,0
9436,29194,29195,2018,0,0,-0.102365,-78.490629,PICHINCHA,QUITO,QUITO,URBANA,2018-01-04,05:20:00,5,JUEVES,4,ENERO,1,NO,CONDUCIR VEHICULO SUPERANDO LOS LIMITES MAXIMOS DE VELOCIDAD.,ESTRELLAMIENTOS,CAMIONETA,0,0,0,0,1,0,0,0,0,0,0,0,0,1,29,HOMBRE,ILESO,CONDUCTOR PRESENTE,NO,NO,0
9437,29197,29198,2018,0,0,-0.230364,-78.512598,PICHINCHA,QUITO,QUITO,URBANA,2018-01-04,06:10:00,6,JUEVES,4,ENERO,1,NO,"NO RESPETAR LAS SENIALES REGLAMENTARIAS DE TRANSITO. (PARE, CEDA EL PASO, LUZ ROJA DEL SEMAFORO, ETC).",CHOQUE LATERAL,MOTOCICLETA,1,0,0,0,0,0,0,0,1,0,0,0,0,2,28,HOMBRE,ILESO,CONDUCTOR PRESENTE,NO,NO,0
9438,29199,29200,2018,1,1,-0.172311,-78.490189,PICHINCHA,QUITO,QUITO,URBANA,2018-01-04,06:55:00,6,JUEVES,4,ENERO,1,NO,CONDUCIR VEHICULO SUPERANDO LOS LIMITES MAXIMOS DE VELOCIDAD.,ATROPELLOS,NO IDENTIFICADO,0,0,0,0,0,0,0,0,0,1,0,0,0,1,-1,NO IDENTIFICADO,FALLECIDO,CONDUCTOR PRESENTE,NO,NO,0
9439,29207,29208,2018,1,0,-0.117694,-78.467804,PICHINCHA,QUITO,QUITO,URBANA,2018-01-04,11:30:00,11,JUEVES,4,ENERO,1,NO,DEJAR O RECOGER PASAJEROS EN LUGARES NO PERMITIDOS.,CAIDA DE PASAJERO,NO IDENTIFICADO,0,0,0,0,0,0,0,0,0,1,0,0,0,1,76,MUJER,LESIONADO,PASAJERO,NO,NO,0
9440,29208,29209,2018,0,0,-0.139547,-78.473708,PICHINCHA,QUITO,QUITO,URBANA,2018-01-04,11:40:00,11,JUEVES,4,ENERO,1,NO,"CONDUCIR DESATENTO A LAS CONDICIONES DE TRANSITO (CELULAR, PANTALLAS DE VIDEO, COMIDA, MAQUILLAJE O CUALQUIER OTRO ELEMENTO DISTRACTOR).",CHOQUE LATERAL,AUTOMOVIL,2,0,0,0,0,0,0,0,0,0,0,0,0,2,47,MUJER,ILESO,CONDUCTOR PRESENTE,NO,NO,0
9441,29209,29210,2018,0,1,-0.292724,-78.476486,PICHINCHA,QUITO,CONOCOTO,URBANA,2018-01-04,12:55:00,12,JUEVES,4,ENERO,1,NO,PESO Y VOLUMEN - NO CUMPLIR CON LAS NORMAS DE SEGURIDAD NECESARIAS AL TRANSPORTAR CARGAS.,VOLCAMIENTOS,AUTOMOVIL,1,0,0,0,0,0,0,0,0,0,0,0,0,1,10,MUJER,FALLECIDO,PASAJERO,NO,NO,0
9442,29211,29212,2018,0,0,-0.299621,-78.524243,PICHINCHA,QUITO,QUITO,URBANA,2018-01-04,13:30:00,13,JUEVES,4,ENERO,1,NO,CONDUCIR VEHICULO SUPERANDO LOS LIMITES MAXIMOS DE VELOCIDAD.,ATROPELLOS,CAMIONETA,0,0,0,0,1,0,0,0,0,0,0,0,0,1,22,HOMBRE,ILESO,CONDUCTOR PRESENTE,NO,NO,0
9443,29213,29214,2018,0,0,-0.332331,-78.560348,PICHINCHA,QUITO,QUITO,URBANA,2018-01-04,14:30:00,14,JUEVES,4,ENERO,1,NO,NO GUARDAR LA DISTANCIA LATERAL MINIMA DE SEGURIDAD ENTRE VEHICULOS.,OTROS,FURGONETA,0,0,0,0,0,0,0,1,0,0,0,0,0,1,65,HOMBRE,ILESO,CONDUCTOR PRESENTE,NO,NO,0
9444,29214,29215,2018,1,0,-0.248782,-78.518367,PICHINCHA,QUITO,QUITO,URBANA,2018-01-04,14:50:00,14,JUEVES,4,ENERO,1,NO,"PEATON TRANSITA BAJO INFLUENCIA DE ALCOHOL, SUSTANCIAS ESTUPEFACIENTES O PSICOTROPICAS Y/O MEDICAMENTOS.",ATROPELLOS,AUTOMOVIL,1,0,0,0,0,0,0,0,0,0,0,0,0,1,52,HOMBRE,LESIONADO,PEATON,NO,NO,0
9445,29215,29216,2018,1,0,-0.111062,-78.478917,PICHINCHA,QUITO,QUITO,URBANA,2018-01-04,15:00:00,15,JUEVES,4,ENERO,1,NO,NO MANTENER LA DISTANCIA PRUDENCIAL CON RESPECTO AL VEHICULO QUE LE ANTECEDE.,CHOQUE LATERAL,MOTOCICLETA,0,0,0,0,0,0,0,0,1,0,0,0,0,1,31,HOMBRE,LESIONADO,CONDUCTOR PRESENTE,NO,NO,0
9446,29219,29220,2018,0,0,-0.099305,-78.407089,PICHINCHA,QUITO,CALDERON (CARAPUNGO),RURAL,2018-01-04,16:45:00,16,JUEVES,4,ENERO,1,NO,"CONDICIONES AMBIENTALES Y/O ATMOSFERICAS (NIEBLA, NEBLINA, GRANIZO, LLUVIA).",ESTRELLAMIENTOS,AUTOMOVIL,1,0,0,0,0,0,0,0,0,0,0,0,0,1,58,HOMBRE,ILESO,CONDUCTOR PRESENTE,NO,NO,3
9447,29220,29221,2018,0,0,-0.232484,-78.493231,PICHINCHA,QUITO,QUITO,URBANA,2018-01-04,16:55:00,16,JUEVES,4,ENERO,1,NO,CONDUCIR VEHICULO SUPERANDO LOS LIMITES MAXIMOS DE VELOCIDAD.,ESTRELLAMIENTOS,CAMIONETA,0,0,0,0,1,0,0,0,0,0,0,0,0,1,24,HOMBRE,ILESO,CONDUCTOR PRESENTE,NO,NO,0
9448,29224,29225,2018,0,0,-0.207652,-78.504704,PICHINCHA,QUITO,QUITO,URBANA,2018-01-04,18:40:00,18,JUEVES,4,ENERO,1,NO,"NO RESPETAR LAS SENIALES REGLAMENTARIAS DE TRANSITO. (PARE, CEDA EL PASO, LUZ ROJA DEL SEMAFORO, ETC).",CHOQUE LATERAL,CAMIONETA,0,0,0,0,1,0,0,0,0,0,0,0,0,1,45,HOMBRE,ILESO,CONDUCTOR PRESENTE,NO,NO,0
9449,29225,29226,2018,0,0,-0.210699,-78.441949,PICHINCHA,QUITO,CUMBAYA,URBANA,2018-01-04,18:55:00,18,JUEVES,4,ENERO,1,NO,CONDUCIR VEHICULO SUPERANDO LOS LIMITES MAXIMOS DE VELOCIDAD.,ESTRELLAMIENTOS,NO IDENTIFICADO,0,0,0,0,0,0,0,0,0,1,0,0,0,1,-1,NO IDENTIFICADO,NO IDENTIFICADO,CONDUCTOR AUSENTE,NO,NO,2
9450,29228,29229,2018,1,0,-0.260059,-78.522887,PICHINCHA,QUITO,QUITO,URBANA,2018-01-04,19:45:00,19,JUEVES,4,ENERO,1,NO,CONDUCIR VEHICULO SUPERANDO LOS LIMITES MAXIMOS DE VELOCIDAD.,ATROPELLOS,NO IDENTIFICADO,0,0,0,0,0,0,0,0,0,1,0,0,0,1,55,HOMBRE,LESIONADO,PEATON,NO,NO,0
9451,29231,29232,2018,0,0,-0.260511,-78.515396,PICHINCHA,QUITO,QUITO,URBANA,2018-01-04,21:09:05,21,JUEVES,4,ENERO,1,NO,NO CEDER EL DERECHO DE VIA O PREFERENCIA DE PASO A VEHICULOS.,CHOQUE LATERAL,AUTOMOVIL,2,0,0,0,0,0,0,0,0,0,0,0,0,2,46,HOMBRE,ILESO,CONDUCTOR PRESENTE,NO,NO,0
9452,29232,29233,2018,4,0,-0.213067,-78.488791,PICHINCHA,QUITO,QUITO,URBANA,2018-01-04,21:11:00,21,JUEVES,4,ENERO,1,NO,CONDUCIR VEHICULO SUPERANDO LOS LIMITES MAXIMOS DE VELOCIDAD.,ESTRELLAMIENTOS,AUTOMOVIL,1,0,0,0,0,0,0,0,0,0,0,0,0,1,72,HOMBRE,LESIONADO,CONDUCTOR PRESENTE,NO,NO,0
9453,29235,29236,2018,0,0,-0.188457,-78.503436,PICHINCHA,QUITO,QUITO,URBANA,2018-01-04,22:35:00,22,JUEVES,4,ENERO,1,NO,CONDUCIR VEHICULO SUPERANDO LOS LIMITES MAXIMOS DE VELOCIDAD.,ESTRELLAMIENTOS,AUTOMOVIL,1,0,0,0,0,0,0,0,0,0,0,0,0,1,-1,NO IDENTIFICADO,NO IDENTIFICADO,CONDUCTOR AUSENTE,NO,NO,2
9454,29236,29237,2018,1,0,-0.095647,-78.507649,PICHINCHA,QUITO,QUITO,URBANA,2018-01-04,23:14:00,23,JUEVES,4,ENERO,1,NO,"CONDUCIR EN ESTADO DE SOMNOLENCIA O MALAS CONDICIONES FISICAS (SUENIO, CANSANCIO Y FATIGA).",PERDIDA DE PISTA,MOTOCICLETA,0,0,0,0,0,0,0,0,1,0,0,0,0,1,31,HOMBRE,LESIONADO,CONDUCTOR PRESENTE,NO,NO,0
9455,29241,29242,2018,1,0,-0.261044,-78.538317,PICHINCHA,QUITO,QUITO,URBANA,2018-01-05,04:20:00,4,VIERNES,5,ENERO,1,NO,"NO RESPETAR LAS SENIALES REGLAMENTARIAS DE TRANSITO. (PARE, CEDA EL PASO, LUZ ROJA DEL SEMAFORO, ETC).",CHOQUE LATERAL,AUTOMOVIL,1,0,0,0,0,0,0,0,0,1,0,0,0,2,26,HOMBRE,LESIONADO,CONDUCTOR PRESENTE,NO,NO,0
9456,29252,29253,2018,1,0,-0.326979,-78.394809,PICHINCHA,QUITO,LA MERCED,URBANA,2018-01-05,09:00:00,9,VIERNES,5,ENERO,1,NO,DISPOSITIVO REGULADOR DE TRANSITO EN MAL ESTADO DE FUNCIONAMIENTO (SEMAFORO).,PERDIDA DE PISTA,CAMIONETA,0,0,0,0,1,0,0,0,0,0,0,0,0,1,48,HOMBRE,LESIONADO,CONDUCTOR PRESENTE,NO,NO,0
9457,29260,29261,2018,1,0,-0.282735,-78.544058,PICHINCHA,QUITO,QUITO,URBANA,2018-01-05,12:18:00,12,VIERNES,5,ENERO,1,NO,CONDUCIR VEHICULO SUPERANDO LOS LIMITES MAXIMOS DE VELOCIDAD.,OTROS,BUS,0,0,1,0,0,0,0,0,0,0,0,0,0,1,57,MUJER,LESIONADO,PASAJERO,NO,NO,0
9458,29264,29265,2018,1,0,-0.206505,-78.487951,PICHINCHA,QUITO,QUITO,URBANA,2018-01-05,13:40:00,13,VIERNES,5,ENERO,1,NO,CONDUCIR VEHICULO SUPERANDO LOS LIMITES MAXIMOS DE VELOCIDAD.,ATROPELLOS,AUTOMOVIL,1,0,0,0,0,0,0,0,0,0,0,0,0,1,15,MUJER,LESIONADO,PEATON,NO,NO,0
9459,29266,29267,2018,0,0,-0.169297,-78.476304,PICHINCHA,QUITO,QUITO,URBANA,2018-01-05,15:02:00,15,VIERNES,5,ENERO,1,NO,NO MANTENER LA DISTANCIA PRUDENCIAL CON RESPECTO AL VEHICULO QUE LE ANTECEDE.,CHOQUE POSTERIOR,AUTOMOVIL,1,0,0,0,0,0,0,0,1,0,0,0,0,2,19,HOMBRE,ILESO,CONDUCTOR PRESENTE,NO,NO,0
9460,29268,29269,2018,0,0,-0.195237,-78.494691,PICHINCHA,QUITO,QUITO,URBANA,2018-01-05,15:30:00,15,VIERNES,5,ENERO,1,NO,CONDUCIR VEHICULO SUPERANDO LOS LIMITES MAXIMOS DE VELOCIDAD.,CHOQUE POSTERIOR,AUTOMOVIL,1,0,0,0,1,0,0,0,0,0,0,0,0,2,71,HOMBRE,ILESO,CONDUCTOR PRESENTE,NO,NO,0
9461,29271,29272,2018,0,0,-0.442942,-78.671554,PICHINCHA,MEJIA,ALOAG,RURAL,2018-01-05,16:45:00,16,VIERNES,5,ENERO,1,NO,"CONDUCIR DESATENTO A LAS CONDICIONES DE TRANSITO (CELULAR, PANTALLAS DE VIDEO, COMIDA, MAQUILLAJE O CUALQUIER OTRO ELEMENTO DISTRACTOR).",COLISION,VEHICULO DEPORTIVO UTILITARIO,2,0,0,2,1,0,0,0,0,0,0,0,1,6,41,HOMBRE,ILESO,CONDUCTOR PRESENTE,NO,NO,3
9462,29279,29280,2018,0,0,-0.127796,-78.448393,PICHINCHA,QUITO,LLANO CHICO,URBANA,2018-01-05,18:20:00,18,VIERNES,5,ENERO,1,NO,NO MANTENER LA DISTANCIA PRUDENCIAL CON RESPECTO AL VEHICULO QUE LE ANTECEDE.,CHOQUE POSTERIOR,FURGONETA,0,0,0,0,1,0,0,1,0,0,0,0,0,2,28,HOMBRE,ILESO,CONDUCTOR PRESENTE,NO,NO,0
9463,29290,29291,2018,0,0,-0.101873,-78.424419,PICHINCHA,QUITO,CALDERON (CARAPUNGO),URBANA,2018-01-05,23:45:00,23,VIERNES,5,ENERO,1,NO,CONDUCIR VEHICULO SUPERANDO LOS LIMITES MAXIMOS DE VELOCIDAD.,CHOQUE POSTERIOR,AUTOMOVIL,2,0,0,0,0,0,0,0,0,0,0,0,0,2,29,HOMBRE,ILESO,CONDUCTOR PRESENTE,NO,NO,0
9464,29291,29292,2018,1,0,-0.133355,-78.501956,PICHINCHA,QUITO,QUITO,URBANA,2018-01-06,00:33:00,0,SABADO,6,ENERO,1,NO,"CONDUCE BAJO LA INFLUENCIA DE ALCOHOL, SUSTANCIAS ESTUPEFACIENTES O PSICOTROPICAS Y/O MEDICAMENTOS.",VOLCAMIENTOS,AUTOMOVIL,1,0,0,0,0,0,0,0,0,0,0,0,0,1,45,HOMBRE,LESIONADO,CONDUCTOR PRESENTE,NO,NO,0
9465,29292,29293,2018,0,0,-0.213152,-78.498915,PICHINCHA,QUITO,QUITO,URBANA,2018-01-06,00:53:00,0,SABADO,6,ENERO,1,NO,"CONDUCE BAJO LA INFLUENCIA DE ALCOHOL, SUSTANCIAS ESTUPEFACIENTES O PSICOTROPICAS Y/O MEDICAMENTOS.",ESTRELLAMIENTOS,AUTOMOVIL,1,0,0,0,0,0,0,0,0,0,0,0,0,1,26,HOMBRE,ILESO,CONDUCTOR PRESENTE,NO,NO,0
9466,29294,29295,2018,0,0,-0.272977,-78.529361,PICHINCHA,QUITO,QUITO,URBANA,2018-01-06,02:39:00,2,SABADO,6,ENERO,1,NO,"CONDUCE BAJO LA INFLUENCIA DE ALCOHOL, SUSTANCIAS ESTUPEFACIENTES O PSICOTROPICAS Y/O MEDICAMENTOS.",ESTRELLAMIENTOS,AUTOMOVIL,3,0,0,0,0,0,0,0,0,0,0,0,0,3,26,HOMBRE,ILESO,CONDUCTOR PRESENTE,NO,NO,0
9467,29296,29297,2018,0,0,-0.123551,-78.426711,PICHINCHA,QUITO,CALDERON (CARAPUNGO),URBANA,2018-01-06,03:03:00,3,SABADO,6,ENERO,1,NO,"CONDUCIR EN ESTADO DE SOMNOLENCIA O MALAS CONDICIONES FISICAS (SUENIO, CANSANCIO Y FATIGA).",OTROS,NO IDENTIFICADO,0,0,0,0,0,0,0,0,0,1,0,0,0,1,-1,NO IDENTIFICADO,NO IDENTIFICADO,CONDUCTOR AUSENTE,NO,NO,2
9468,29299,29300,2018,2,1,-0.488613,-78.569952,PICHINCHA,MEJIA,ALOAG,RURAL,2018-01-06,03:19:00,3,SABADO,6,ENERO,1,NO,"CONDUCIR DESATENTO A LAS CONDICIONES DE TRANSITO (CELULAR, PANTALLAS DE VIDEO, COMIDA, MAQUILLAJE O CUALQUIER OTRO ELEMENTO DISTRACTOR).",CHOQUE FRONTAL,AUTOMOVIL,1,0,0,1,0,0,0,0,0,0,0,0,0,2,34,HOMBRE,FALLECIDO,CONDUCTOR PRESENTE,NO,NO,3
9469,29300,29301,2018,0,0,-0.179383,-78.478251,PICHINCHA,QUITO,QUITO,URBANA,2018-01-06,03:23:00,3,SABADO,6,ENERO,1,NO,CONDUCIR VEHICULO SUPERANDO LOS LIMITES MAXIMOS DE VELOCIDAD.,ESTRELLAMIENTOS,AUTOMOVIL,1,0,0,0,0,0,0,0,0,0,0,0,0,1,26,HOMBRE,ILESO,CONDUCTOR PRESENTE,NO,NO,0
9470,29301,29302,2018,0,0,-0.102783,-78.411457,PICHINCHA,QUITO,CALDERON (CARAPUNGO),RURAL,2018-01-06,03:45:00,3,SABADO,6,ENERO,1,NO,"CONDUCIR DESATENTO A LAS CONDICIONES DE TRANSITO (CELULAR, PANTALLAS DE VIDEO, COMIDA, MAQUILLAJE O CUALQUIER OTRO ELEMENTO DISTRACTOR).",PERDIDA DE PISTA,AUTOMOVIL,1,0,0,0,0,0,0,0,0,0,0,0,0,1,27,HOMBRE,ILESO,CONDUCTOR PRESENTE,NO,NO,3
9471,29303,29304,2018,0,0,-0.259484,-78.539933,PICHINCHA,QUITO,QUITO,URBANA,2018-01-06,04:45:00,4,SABADO,6,ENERO,1,NO,"CONDUCIR EN ESTADO DE SOMNOLENCIA O MALAS CONDICIONES FISICAS (SUENIO, CANSANCIO Y FATIGA).",ESTRELLAMIENTOS,AUTOMOVIL,2,0,0,0,0,0,0,0,0,0,0,0,0,2,-1,NO IDENTIFICADO,NO IDENTIFICADO,CONDUCTOR AUSENTE,NO,NO,2
9472,29304,29305,2018,0,0,-0.218112,-78.431809,PICHINCHA,QUITO,CUMBAYA,URBANA,2018-01-06,05:55:00,5,SABADO,6,ENERO,1,NO,NO GUARDAR LA DISTANCIA LATERAL MINIMA DE SEGURIDAD ENTRE VEHICULOS.,ROZAMIENTOS,AUTOMOVIL,1,0,0,0,0,0,0,0,0,0,0,0,0,1,-1,NO IDENTIFICADO,NO IDENTIFICADO,CONDUCTOR AUSENTE,NO,NO,2
9473,29307,29308,2018,0,0,-0.221659,-78.523053,PICHINCHA,QUITO,QUITO,URBANA,2018-01-06,06:45:00,6,SABADO,6,ENERO,1,NO,"CONDUCE BAJO LA INFLUENCIA DE ALCOHOL, SUSTANCIAS ESTUPEFACIENTES O PSICOTROPICAS Y/O MEDICAMENTOS.",CHOQUE POSTERIOR,AUTOMOVIL,1,0,0,0,0,0,0,0,1,0,0,0,0,2,28,HOMBRE,ILESO,CONDUCTOR PRESENTE,NO,NO,0
9474,29308,29309,2018,4,0,-0.109351,-78.458267,PICHINCHA,QUITO,CALDERON (CARAPUNGO),URBANA,2018-01-06,07:30:00,7,SABADO,6,ENERO,1,NO,NO MANTENER LA DISTANCIA PRUDENCIAL CON RESPECTO AL VEHICULO QUE LE ANTECEDE.,CHOQUE POSTERIOR,AUTOMOVIL,1,0,0,0,0,0,0,0,0,0,0,0,0,1,29,MUJER,LESIONADO,PASAJERO,NO,NO,0
9475,29309,29310,2018,1,0,-0.262641,-78.548307,PICHINCHA,QUITO,QUITO,URBANA,2018-01-06,07:35:00,7,SABADO,6,ENERO,1,NO,"CONDUCIR DESATENTO A LAS CONDICIONES DE TRANSITO (CELULAR, PANTALLAS DE VIDEO, COMIDA, MAQUILLAJE O CUALQUIER OTRO ELEMENTO DISTRACTOR).",CHOQUE LATERAL,AUTOMOVIL,1,0,0,0,0,0,0,0,1,0,0,0,0,2,23,HOMBRE,LESIONADO,CONDUCTOR PRESENTE,NO,NO,0