,Unnamed: 0,ID,ANIO,LESIONADOS,FALLECIDOS,LATITUD_Y,LONGITUD_X,PROVINCIA,CANTON,PARROQUIA,ZONA,FECHA,HORA,PERIODO_2,DIA_1,DIA_2,MES_1,MES_2,FERIADO,CAUSA_PROBABLE,TIPO_DE_SINIESTRO,TIPO_DE_VEHICULO_1,AUTOMOVIL,BICICLETA,BUS,CAMION,CAMIONETA,EMERGENCIAS,ESPECIAL,FURGONETA,MOTOCICLETA,NO_IDENTIFICADO,SCOOTER_ELECTRICO,TRICIMOTO,VEHICULO_DEPORTIVO_UTILITARIO,SUMA_DE_VEHICULOS,EDAD_1,SEXO_1,CONDICION_1,PARTICIPANTE_1,CASCO_1,CINTURON_1,KMeans_Cluster
9476,29317,29318,2018,1,0,-0.188619,-78.505365,PICHINCHA,QUITO,QUITO,URBANA,2018-01-06,10:00:00,10,SABADO,6,ENERO,1,NO,"CONDUCE BAJO LA INFLUENCIA DE ALCOHOL, SUSTANCIAS ESTUPEFACIENTES O PSICOTROPICAS Y/O MEDICAMENTOS.",ATROPELLOS,FURGONETA,0,0,0,0,0,0,0,1,0,0,0,0,0,1,5,HOMBRE,LESIONADO,PEATON,NO,NO,0
9477,29321,29322,2018,0,0,-0.440807,-78.695522,PICHINCHA,MEJIA,ALOAG,RURAL,2018-01-06,10:30:00,10,SABADO,6,ENERO,1,NO,"CONDUCIR DESATENTO A LAS CONDICIONES DE TRANSITO (CELULAR, PANTALLAS DE VIDEO, COMIDA, MAQUILLAJE O CUALQUIER OTRO ELEMENTO DISTRACTOR).",CHOQUE FRONTAL,CAMION,0,0,0,2,0,0,0,0,0,0,0,0,0,2,50,HOMBRE,ILESO,CONDUCTOR PRESENTE,NO,NO,3
9478,29322,29323,2018,1,0,-0.116769,-78.473429,PICHINCHA,QUITO,QUITO,URBANA,2018-01-06,11:55:00,11,SABADO,6,ENERO,1,NO,CONDUCIR VEHICULO SUPERANDO LOS LIMITES MAXIMOS DE VELOCIDAD.,ESTRELLAMIENTOS,MOTOCICLETA,0,0,0,0,0,0,0,0,1,0,0,0,0,1,50,HOMBRE,LESIONADO,CONDUCTOR PRESENTE,NO,NO,0
9479,29323,29324,2018,1,0,-0.289522,-78.538473,PICHINCHA,QUITO,QUITO,URBANA,2018-01-06,12:09:00,12,SABADO,6,ENERO,1,NO,NO TRANSITAR POR LAS ACERAS O ZONAS DE SEGURIDAD DESTINADAS PARA EL EFECTO.,ATROPELLOS,BUS,0,0,1,0,0,0,0,0,0,0,0,0,0,1,10,HOMBRE,LESIONADO,PEATON,NO,NO,0
9480,29329,29330,2018,0,0,-0.181018,-78.505749,PICHINCHA,QUITO,QUITO,URBANA,2018-01-06,14:30:00,14,SABADO,6,ENERO,1,NO,NO GUARDAR LA DISTANCIA LATERAL MINIMA DE SEGURIDAD ENTRE VEHICULOS.,ROZAMIENTOS,AUTOMOVIL,1,0,0,0,0,0,0,0,1,0,0,0,0,2,58,HOMBRE,ILESO,CONDUCTOR PRESENTE,NO,NO,0
9481,29330,29331,2018,0,0,-0.023803,-78.333467,PICHINCHA,PEDRO MONCAYO,TOCACHI,RURAL,2018-01-06,14:30:00,14,SABADO,6,ENERO,1,NO,NO MANTENER LA DISTANCIA PRUDENCIAL CON RESPECTO AL VEHICULO QUE LE ANTECEDE.,CHOQUE POSTERIOR,VEHICULO DEPORTIVO UTILITARIO,1,0,0,0,0,0,0,0,0,0,0,0,1,2,27,HOMBRE,ILESO,CONDUCTOR PRESENTE,NO,NO,3
9482,29333,29334,2018,1,0,-0.010381,-78.443428,PICHINCHA,QUITO,SAN ANTONIO (QUITO),URBANA,2018-01-06,17:00:00,17,SABADO,6,ENERO,1,NO,NO TRANSITAR POR LAS ACERAS O ZONAS DE SEGURIDAD DESTINADAS PARA EL EFECTO.,ATROPELLOS,BUS,0,0,1,0,0,0,0,0,0,0,0,0,0,1,38,MUJER,LESIONADO,PEATON,NO,NO,0
9483,29334,29335,2018,0,0,-0.242544,-78.507772,PICHINCHA,QUITO,QUITO,URBANA,2018-01-06,17:45:00,17,SABADO,6,ENERO,1,NO,"CONDUCE BAJO LA INFLUENCIA DE ALCOHOL, SUSTANCIAS ESTUPEFACIENTES O PSICOTROPICAS Y/O MEDICAMENTOS.",CHOQUE LATERAL,AUTOMOVIL,2,0,0,0,0,0,0,0,0,0,0,0,0,2,26,HOMBRE,ILESO,CONDUCTOR PRESENTE,NO,NO,0
9484,29335,29336,2018,0,0,-0.262674,-78.538052,PICHINCHA,QUITO,QUITO,URBANA,2018-01-06,17:50:00,17,SABADO,6,ENERO,1,NO,NO MANTENER LA DISTANCIA PRUDENCIAL CON RESPECTO AL VEHICULO QUE LE ANTECEDE.,CHOQUE POSTERIOR,AUTOMOVIL,2,0,0,0,0,0,0,0,0,0,0,0,0,2,32,HOMBRE,ILESO,CONDUCTOR PRESENTE,NO,NO,0
9485,29338,29339,2018,0,0,-0.233886,-78.527885,PICHINCHA,QUITO,QUITO,URBANA,2018-01-06,18:50:00,18,SABADO,6,ENERO,1,NO,"NO RESPETAR LAS SENIALES REGLAMENTARIAS DE TRANSITO. (PARE, CEDA EL PASO, LUZ ROJA DEL SEMAFORO, ETC).",OTROS,MOTOCICLETA,0,0,0,0,0,0,0,0,1,0,0,0,0,1,-1,NO IDENTIFICADO,NO IDENTIFICADO,CONDUCTOR AUSENTE,NO,NO,2
9486,29342,29343,2018,1,0,-0.162687,-78.487329,PICHINCHA,QUITO,QUITO,URBANA,2018-01-06,20:55:00,20,SABADO,6,ENERO,1,NO,CONDUCIR VEHICULO SUPERANDO LOS LIMITES MAXIMOS DE VELOCIDAD.,VOLCAMIENTOS,MOTOCICLETA,0,0,0,0,0,0,0,0,1,0,0,0,0,1,32,HOMBRE,LESIONADO,CONDUCTOR PRESENTE,NO,NO,0
9487,29343,29344,2018,1,0,-0.169246,-78.484381,PICHINCHA,QUITO,QUITO,URBANA,2018-01-06,21:00:00,21,SABADO,6,ENERO,1,NO,CONDUCIR VEHICULO SUPERANDO LOS LIMITES MAXIMOS DE VELOCIDAD.,ESTRELLAMIENTOS,AUTOMOVIL,1,0,0,0,0,0,0,0,0,0,0,0,0,1,65,HOMBRE,LESIONADO,CONDUCTOR PRESENTE,NO,NO,0
9488,29345,29346,2018,1,0,-0.147751,-78.463701,PICHINCHA,QUITO,QUITO,URBANA,2018-01-06,22:32:00,22,SABADO,6,ENERO,1,NO,PEATON QUE CRUZA LA CALZADA SIN RESPETAR LA SENIALIZACION EXISTENTE (SEMAFOROS O SENIALES MANUALES).,ATROPELLOS,CAMIONETA,0,0,0,0,1,0,0,0,0,0,0,0,0,1,78,HOMBRE,LESIONADO,PEATON,NO,NO,0
9489,29346,29347,2018,1,0,-0.292766,-78.572638,PICHINCHA,QUITO,QUITO,URBANA,2018-01-06,22:45:00,22,SABADO,6,ENERO,1,NO,"NO RESPETAR LAS SENIALES REGLAMENTARIAS DE TRANSITO. (PARE, CEDA EL PASO, LUZ ROJA DEL SEMAFORO, ETC).",ATROPELLOS,NO IDENTIFICADO,0,0,0,0,0,0,0,0,0,1,0,0,0,1,21,HOMBRE,LESIONADO,CONDUCTOR PRESENTE,NO,NO,0
9490,29348,29349,2018,1,0,-0.145935,-78.493201,PICHINCHA,QUITO,QUITO,URBANA,2018-01-06,22:50:00,22,SABADO,6,ENERO,1,NO,"CONDUCE BAJO LA INFLUENCIA DE ALCOHOL, SUSTANCIAS ESTUPEFACIENTES O PSICOTROPICAS Y/O MEDICAMENTOS.",CHOQUE LATERAL,AUTOMOVIL,2,0,0,0,0,0,0,0,0,0,0,0,0,2,58,MUJER,LESIONADO,PASAJERO,NO,NO,0
9491,29350,29351,2018,0,0,-0.292882,-78.542349,PICHINCHA,QUITO,QUITO,URBANA,2018-01-07,00:10:00,0,DOMINGO,7,ENERO,1,NO,"CONDUCIR EN ESTADO DE SOMNOLENCIA O MALAS CONDICIONES FISICAS (SUENIO, CANSANCIO Y FATIGA).",CHOQUE LATERAL,AUTOMOVIL,2,0,0,0,0,0,0,0,0,0,0,0,0,2,37,HOMBRE,ILESO,CONDUCTOR PRESENTE,NO,NO,0
9492,29355,29356,2018,0,0,-0.237369,-78.484618,PICHINCHA,QUITO,QUITO,URBANA,2018-01-07,01:20:00,1,DOMINGO,7,ENERO,1,NO,CONDUCIR VEHICULO SUPERANDO LOS LIMITES MAXIMOS DE VELOCIDAD.,VOLCAMIENTOS,AUTOMOVIL,1,0,0,0,0,0,0,0,0,0,0,0,0,1,-1,NO IDENTIFICADO,NO IDENTIFICADO,CONDUCTOR AUSENTE,NO,NO,2
9493,29360,29361,2018,0,0,-0.256733,-78.542807,PICHINCHA,QUITO,QUITO,URBANA,2018-01-07,02:40:00,2,DOMINGO,7,ENERO,1,NO,"CONDUCE BAJO LA INFLUENCIA DE ALCOHOL, SUSTANCIAS ESTUPEFACIENTES O PSICOTROPICAS Y/O MEDICAMENTOS.",ESTRELLAMIENTOS,CAMIONETA,0,0,0,0,1,0,0,0,0,0,0,0,0,1,39,HOMBRE,ILESO,CONDUCTOR PRESENTE,NO,NO,0
9494,29361,29362,2018,1,0,-0.249098,-78.536736,PICHINCHA,QUITO,QUITO,URBANA,2018-01-07,02:40:00,2,DOMINGO,7,ENERO,1,NO,"NO RESPETAR LAS SENIALES REGLAMENTARIAS DE TRANSITO. (PARE, CEDA EL PASO, LUZ ROJA DEL SEMAFORO, ETC).",ATROPELLOS,MOTOCICLETA,0,0,0,0,0,0,0,0,1,1,0,0,0,2,25,HOMBRE,LESIONADO,PEATON,NO,NO,0
9495,29364,29365,2018,0,0,-0.203425,-78.480401,PICHINCHA,QUITO,QUITO,URBANA,2018-01-07,03:50:00,3,DOMINGO,7,ENERO,1,NO,"CONDUCIR EN ESTADO DE SOMNOLENCIA O MALAS CONDICIONES FISICAS (SUENIO, CANSANCIO Y FATIGA).",ESTRELLAMIENTOS,AUTOMOVIL,1,0,0,0,0,0,0,0,0,0,0,0,0,1,43,MUJER,ILESO,CONDUCTOR PRESENTE,NO,NO,0
9496,29370,29371,2018,1,0,-0.064382,-78.361853,PICHINCHA,QUITO,GUAYLLABAMBA,RURAL,2018-01-07,05:35:00,5,DOMINGO,7,ENERO,1,NO,"CONDUCIR DESATENTO A LAS CONDICIONES DE TRANSITO (CELULAR, PANTALLAS DE VIDEO, COMIDA, MAQUILLAJE O CUALQUIER OTRO ELEMENTO DISTRACTOR).",PERDIDA DE PISTA,AUTOMOVIL,1,0,0,0,0,0,0,0,0,0,0,0,0,1,40,MUJER,LESIONADO,PASAJERO,NO,NO,3
9497,29378,29379,2018,0,0,-0.241814,-78.530272,PICHINCHA,QUITO,QUITO,URBANA,2018-01-07,07:15:00,7,DOMINGO,7,ENERO,1,NO,"NO RESPETAR LAS SENIALES REGLAMENTARIAS DE TRANSITO. (PARE, CEDA EL PASO, LUZ ROJA DEL SEMAFORO, ETC).",CHOQUE LATERAL,MOTOCICLETA,1,0,0,0,0,0,0,0,1,0,0,0,0,2,56,HOMBRE,ILESO,CONDUCTOR PRESENTE,NO,NO,0
9498,29380,29381,2018,1,0,-0.226789,-78.521886,PICHINCHA,QUITO,QUITO,URBANA,2018-01-07,07:45:00,7,DOMINGO,7,ENERO,1,NO,CONDUCIR VEHICULO SUPERANDO LOS LIMITES MAXIMOS DE VELOCIDAD.,VOLCAMIENTOS,MOTOCICLETA,0,0,0,0,0,0,0,0,1,0,0,0,0,1,28,HOMBRE,LESIONADO,CONDUCTOR PRESENTE,NO,NO,0
9499,29383,29384,2018,0,0,-0.324322,-78.562536,PICHINCHA,QUITO,QUITO,URBANA,2018-01-07,09:35:00,9,DOMINGO,7,ENERO,1,NO,"CONDUCE BAJO LA INFLUENCIA DE ALCOHOL, SUSTANCIAS ESTUPEFACIENTES O PSICOTROPICAS Y/O MEDICAMENTOS.",CHOQUE LATERAL,AUTOMOVIL,2,0,0,0,0,0,0,0,0,0,0,0,0,2,25,HOMBRE,ILESO,CONDUCTOR PRESENTE,NO,NO,0
9500,29384,29385,2018,0,0,-0.272075,-78.557895,PICHINCHA,QUITO,QUITO,URBANA,2018-01-07,09:48:00,9,DOMINGO,7,ENERO,1,NO,"CONDUCIR EN ESTADO DE SOMNOLENCIA O MALAS CONDICIONES FISICAS (SUENIO, CANSANCIO Y FATIGA).",PERDIDA DE PISTA,CAMION,0,0,0,1,0,0,0,0,0,0,0,0,0,1,45,HOMBRE,ILESO,CONDUCTOR PRESENTE,NO,NO,0
9501,29387,29388,2018,2,0,-0.244292,-78.527829,PICHINCHA,QUITO,QUITO,URBANA,2018-01-07,11:25:00,11,DOMINGO,7,ENERO,1,NO,CONDUCIR VEHICULO SUPERANDO LOS LIMITES MAXIMOS DE VELOCIDAD.,ESTRELLAMIENTOS,AUTOMOVIL,2,1,0,0,0,0,0,0,0,1,0,0,0,4,21,MUJER,LESIONADO,PEATON,NO,NO,0
9502,29388,29389,2018,0,1,-0.290896,-78.536374,PICHINCHA,QUITO,QUITO,URBANA,2018-01-07,11:35:00,11,DOMINGO,7,ENERO,1,NO,CONDUCIR VEHICULO SUPERANDO LOS LIMITES MAXIMOS DE VELOCIDAD.,ESTRELLAMIENTOS,BICICLETA,0,1,0,0,0,0,0,0,0,0,0,0,0,1,26,HOMBRE,FALLECIDO,CONDUCTOR PRESENTE,NO,NO,0
9503,29389,29390,2018,1,0,-0.272471,-78.542739,PICHINCHA,QUITO,QUITO,URBANA,2018-01-07,12:35:00,12,DOMINGO,7,ENERO,1,NO,NO TRANSITAR POR LAS ACERAS O ZONAS DE SEGURIDAD DESTINADAS PARA EL EFECTO.,ATROPELLOS,CAMION,1,0,0,1,0,0,0,0,0,0,0,0,0,2,10,HOMBRE,LESIONADO,PEATON,NO,NO,0
9504,29394,29395,2018,0,0,-0.513771,-78.568589,PICHINCHA,MEJIA,MACHACHI,URBANA,2018-01-07,13:12:00,13,DOMINGO,7,ENERO,1,NO,MALAS CONDICIONES DE LA VIA Y/O CONFIGURACION. (ILUMINACION Y DISENIO).,CHOQUE POSTERIOR,AUTOMOVIL,1,0,0,0,0,0,0,0,0,0,0,0,0,1,43,HOMBRE,ILESO,CONDUCTOR PRESENTE,NO,NO,0
9505,29397,29398,2018,0,0,-0.191657,-78.490808,PICHINCHA,QUITO,QUITO,URBANA,2018-01-07,13:40:00,13,DOMINGO,7,ENERO,1,NO,"NO RESPETAR LAS SENIALES REGLAMENTARIAS DE TRANSITO. (PARE, CEDA EL PASO, LUZ ROJA DEL SEMAFORO, ETC).",CHOQUE LATERAL,AUTOMOVIL,2,0,0,0,0,0,0,0,0,0,0,0,0,2,28,MUJER,ILESO,CONDUCTOR PRESENTE,NO,NO,0
9506,29399,29400,2018,0,0,-0.142041,-78.443217,PICHINCHA,QUITO,LLANO CHICO,URBANA,2018-01-07,14:10:00,14,DOMINGO,7,ENERO,1,NO,CONDUCIR VEHICULO SUPERANDO LOS LIMITES MAXIMOS DE VELOCIDAD.,PERDIDA DE PISTA,CAMIONETA,0,0,0,0,1,0,0,0,0,0,0,0,0,1,-1,NO IDENTIFICADO,NO IDENTIFICADO,CONDUCTOR AUSENTE,NO,NO,2
9507,29414,29415,2018,1,0,-0.202923,-78.486229,PICHINCHA,QUITO,QUITO,URBANA,2018-01-07,19:00:00,19,DOMINGO,7,ENERO,1,NO,NO CEDER EL DERECHO DE VIA O PREFERENCIA DE PASO AL PEATON.,ATROPELLOS,NO IDENTIFICADO,0,0,0,0,0,0,0,0,0,1,0,0,0,1,11,HOMBRE,LESIONADO,PEATON,NO,NO,0
9508,29415,29416,2018,0,0,-0.215551,-78.380479,PICHINCHA,QUITO,TUMBACO,URBANA,2018-01-07,19:30:00,19,DOMINGO,7,ENERO,1,NO,"ADELANTAR O REBASAR A OTRO VEHICULO EN MOVIMIENTO EN ZONAS O SITIOS PELIGROSOS TALES COMO: CURVAS, PUENTES, TUNELES, PENDIENTES, ETC.",CHOQUE FRONTAL,AUTOMOVIL,1,0,0,0,1,0,0,0,0,0,0,0,0,2,46,MUJER,ILESO,CONDUCTOR PRESENTE,NO,NO,0
9509,29421,29422,2018,0,0,-0.111444,-78.490117,PICHINCHA,QUITO,QUITO,URBANA,2018-01-07,21:20:00,21,DOMINGO,7,ENERO,1,NO,NO MANTENER LA DISTANCIA PRUDENCIAL CON RESPECTO AL VEHICULO QUE LE ANTECEDE.,CHOQUE POSTERIOR,AUTOMOVIL,2,0,0,0,0,0,0,0,0,0,0,0,0,2,55,HOMBRE,ILESO,CONDUCTOR PRESENTE,NO,NO,0
9510,29430,29431,2018,1,0,-0.154618,-78.493491,PICHINCHA,QUITO,QUITO,URBANA,2018-01-08,05:21:00,5,LUNES,1,ENERO,1,NO,CONDUCIR VEHICULO SUPERANDO LOS LIMITES MAXIMOS DE VELOCIDAD.,ATROPELLOS,NO IDENTIFICADO,0,0,0,0,0,0,0,0,0,1,0,0,0,1,30,MUJER,LESIONADO,PEATON,NO,NO,0
9511,29435,29436,2018,0,0,-0.237334,-78.483387,PICHINCHA,QUITO,QUITO,URBANA,2018-01-08,06:45:00,6,LUNES,1,ENERO,1,NO,"NO RESPETAR LAS SENIALES REGLAMENTARIAS DE TRANSITO. (PARE, CEDA EL PASO, LUZ ROJA DEL SEMAFORO, ETC).",CHOQUE LATERAL,AUTOMOVIL,1,0,0,1,0,0,0,0,0,0,0,0,0,2,32,MUJER,ILESO,CONDUCTOR PRESENTE,NO,NO,0
9512,29446,29447,2018,1,0,-0.304796,-78.559451,PICHINCHA,QUITO,QUITO,URBANA,2018-01-08,08:58:00,8,LUNES,1,ENERO,1,NO,NO CEDER EL DERECHO DE VIA O PREFERENCIA DE PASO AL PEATON.,ATROPELLOS,AUTOMOVIL,1,0,0,0,0,0,0,0,0,0,0,0,0,1,27,MUJER,LESIONADO,PEATON,NO,NO,0
9513,29447,29448,2018,2,0,-0.199937,-78.432328,PICHINCHA,QUITO,CUMBAYA,URBANA,2018-01-08,09:00:00,9,LUNES,1,ENERO,1,NO,"CONDUCIR DESATENTO A LAS CONDICIONES DE TRANSITO (CELULAR, PANTALLAS DE VIDEO, COMIDA, MAQUILLAJE O CUALQUIER OTRO ELEMENTO DISTRACTOR).",CHOQUE LATERAL,MOTOCICLETA,1,0,0,0,0,0,0,0,1,0,0,0,0,2,23,HOMBRE,LESIONADO,CONDUCTOR PRESENTE,NO,NO,0
9514,29455,29456,2018,1,0,-0.172267,-78.490163,PICHINCHA,QUITO,QUITO,URBANA,2018-01-08,11:45:00,11,LUNES,1,ENERO,1,NO,"CONDUCIR DESATENTO A LAS CONDICIONES DE TRANSITO (CELULAR, PANTALLAS DE VIDEO, COMIDA, MAQUILLAJE O CUALQUIER OTRO ELEMENTO DISTRACTOR).",CHOQUE POSTERIOR,NO IDENTIFICADO,0,0,0,0,0,0,0,0,0,1,0,0,0,1,30,MUJER,LESIONADO,PASAJERO,NO,NO,0
9515,29457,29458,2018,0,0,-0.268032,-78.539401,PICHINCHA,QUITO,QUITO,URBANA,2018-01-08,12:10:00,12,LUNES,1,ENERO,1,NO,NO CEDER EL DERECHO DE VIA O PREFERENCIA DE PASO A VEHICULOS.,CHOQUE LATERAL,AUTOMOVIL,2,0,0,0,0,0,0,0,0,0,0,0,0,2,37,HOMBRE,ILESO,CONDUCTOR PRESENTE,NO,NO,0
9516,29465,29466,2018,1,0,-0.198054,-78.496075,PICHINCHA,QUITO,QUITO,URBANA,2018-01-08,14:15:00,14,LUNES,1,ENERO,1,NO,"NO RESPETAR LAS SENIALES REGLAMENTARIAS DE TRANSITO. (PARE, CEDA EL PASO, LUZ ROJA DEL SEMAFORO, ETC).",ATROPELLOS,NO IDENTIFICADO,0,0,0,0,0,0,0,0,0,1,0,0,0,1,27,HOMBRE,LESIONADO,PEATON,NO,NO,0
9517,29466,29467,2018,0,0,-0.200012,-78.485056,PICHINCHA,QUITO,QUITO,URBANA,2018-01-08,14:15:00,14,LUNES,1,ENERO,1,NO,NO GUARDAR LA DISTANCIA LATERAL MINIMA DE SEGURIDAD ENTRE VEHICULOS.,ROZAMIENTOS,AUTOMOVIL,2,0,0,0,0,0,0,0,0,0,0,0,0,2,60,HOMBRE,ILESO,CONDUCTOR PRESENTE,NO,NO,0
9518,29468,29469,2018,1,0,-0.237667,-78.484685,PICHINCHA,QUITO,QUITO,URBANA,2018-01-08,14:29:00,14,LUNES,1,ENERO,1,NO,NO MANTENER LA DISTANCIA PRUDENCIAL CON RESPECTO AL VEHICULO QUE LE ANTECEDE.,CHOQUE POSTERIOR,CAMIONETA,0,0,0,0,1,0,0,0,1,0,0,0,0,2,37,HOMBRE,LESIONADO,CONDUCTOR PRESENTE,NO,NO,0
9519,29471,29472,2018,0,0,-0.328479,-78.522294,PICHINCHA,QUITO,QUITO,URBANA,2018-01-08,15:00:00,15,LUNES,1,ENERO,1,NO,NO MANTENER LA DISTANCIA PRUDENCIAL CON RESPECTO AL VEHICULO QUE LE ANTECEDE.,CHOQUE POSTERIOR,CAMIONETA,1,0,0,0,1,0,0,0,0,0,0,0,0,2,43,HOMBRE,ILESO,CONDUCTOR PRESENTE,NO,NO,0
9520,29472,29473,2018,0,0,-0.108785,-78.455543,PICHINCHA,QUITO,CALDERON (CARAPUNGO),URBANA,2018-01-08,15:44:00,15,LUNES,1,ENERO,1,NO,NO MANTENER LA DISTANCIA PRUDENCIAL CON RESPECTO AL VEHICULO QUE LE ANTECEDE.,CHOQUE POSTERIOR,AUTOMOVIL,1,0,1,0,0,0,0,0,0,0,0,0,0,2,45,HOMBRE,ILESO,CONDUCTOR PRESENTE,NO,NO,0
9521,29475,29476,2018,1,0,-0.280414,-78.472523,PICHINCHA,QUITO,CONOCOTO,URBANA,2018-01-08,16:00:00,16,LUNES,1,ENERO,1,NO,NO MANTENER LA DISTANCIA PRUDENCIAL CON RESPECTO AL VEHICULO QUE LE ANTECEDE.,CHOQUE POSTERIOR,VEHICULO DEPORTIVO UTILITARIO,0,0,0,0,0,0,0,0,0,0,0,0,1,1,8,MUJER,LESIONADO,PEATON,NO,NO,0
9522,29477,29478,2018,0,0,-0.193176,-78.495291,PICHINCHA,QUITO,QUITO,URBANA,2018-01-08,16:25:00,16,LUNES,1,ENERO,1,NO,NO CEDER EL DERECHO DE VIA O PREFERENCIA DE PASO A VEHICULOS.,CHOQUE LATERAL,AUTOMOVIL,2,0,0,0,0,0,0,0,0,0,0,0,0,2,28,HOMBRE,ILESO,CONDUCTOR PRESENTE,NO,NO,0
9523,29478,29479,2018,0,0,-0.447759,-78.558236,PICHINCHA,MEJIA,ALOAG,URBANA,2018-01-08,16:30:00,16,LUNES,1,ENERO,1,NO,NO GUARDAR LA DISTANCIA LATERAL MINIMA DE SEGURIDAD ENTRE VEHICULOS.,CHOQUE LATERAL,AUTOMOVIL,1,0,0,1,0,0,0,0,0,0,0,0,0,2,60,HOMBRE,ILESO,CONDUCTOR PRESENTE,NO,NO,0
9524,29481,29482,2018,0,0,-0.218359,-78.508231,PICHINCHA,QUITO,QUITO,URBANA,2018-01-08,17:15:00,17,LUNES,1,ENERO,1,NO,NO MANTENER LA DISTANCIA PRUDENCIAL CON RESPECTO AL VEHICULO QUE LE ANTECEDE.,CHOQUE POSTERIOR,BUS,1,0,1,0,0,0,0,0,0,0,0,0,0,2,39,HOMBRE,ILESO,CONDUCTOR PRESENTE,NO,NO,0
9525,29493,29494,2018,0,1,-0.209101,-78.365448,PICHINCHA,QUITO,PUEMBO,URBANA,2018-01-08,20:00:00,20,LUNES,1,ENERO,1,NO,NO CEDER EL DERECHO DE VIA O PREFERENCIA DE PASO AL PEATON.,ARROLLAMIENTOS,NO IDENTIFICADO,0,0,0,0,0,0,0,0,0,1,0,0,0,1,30,HOMBRE,FALLECIDO,PEATON,NO,NO,0
9526,29498,29499,2018,1,0,-0.167548,-78.470947,PICHINCHA,QUITO,QUITO,URBANA,2018-01-08,22:00:00,22,LUNES,1,ENERO,1,NO,"NO RESPETAR LAS SENIALES REGLAMENTARIAS DE TRANSITO. (PARE, CEDA EL PASO, LUZ ROJA DEL SEMAFORO, ETC).",VOLCAMIENTOS,MOTOCICLETA,0,0,0,0,0,0,0,0,1,0,0,0,0,1,26,HOMBRE,LESIONADO,CONDUCTOR PRESENTE,NO,NO,0
9527,29499,29500,2018,3,0,-0.119649,-78.484231,PICHINCHA,QUITO,QUITO,URBANA,2018-01-09,01:15:00,1,MARTES,2,ENERO,1,NO,"CONDUCE BAJO LA INFLUENCIA DE ALCOHOL, SUSTANCIAS ESTUPEFACIENTES O PSICOTROPICAS Y/O MEDICAMENTOS.",CHOQUE LATERAL,AUTOMOVIL,1,0,0,0,0,0,0,1,0,0,0,0,0,2,28,HOMBRE,LESIONADO,PASAJERO,NO,NO,0
9528,29500,29501,2018,0,0,-0.295734,-78.245931,PICHINCHA,QUITO,PIFO,URBANA,2018-01-09,01:30:00,1,MARTES,2,ENERO,1,NO,NO MANTENER LA DISTANCIA PRUDENCIAL CON RESPECTO AL VEHICULO QUE LE ANTECEDE.,CHOQUE POSTERIOR,CAMION,0,0,0,1,0,0,0,0,0,0,0,0,1,2,48,HOMBRE,ILESO,CONDUCTOR PRESENTE,NO,NO,0
9529,29504,29505,2018,0,0,-0.203465,-78.502983,PICHINCHA,QUITO,QUITO,URBANA,2018-01-09,07:05:00,7,MARTES,2,ENERO,1,NO,"NO RESPETAR LAS SENIALES REGLAMENTARIAS DE TRANSITO. (PARE, CEDA EL PASO, LUZ ROJA DEL SEMAFORO, ETC).",CHOQUE LATERAL,BUS,0,0,1,0,1,0,0,0,0,0,0,0,0,2,41,HOMBRE,ILESO,CONDUCTOR PRESENTE,NO,NO,0
9530,29505,29506,2018,0,0,-0.196311,-78.512274,PICHINCHA,QUITO,QUITO,URBANA,2018-01-09,07:10:00,7,MARTES,2,ENERO,1,NO,NO MANTENER LA DISTANCIA PRUDENCIAL CON RESPECTO AL VEHICULO QUE LE ANTECEDE.,CHOQUE POSTERIOR,AUTOMOVIL,1,0,0,0,1,0,0,0,0,0,0,0,0,2,51,HOMBRE,ILESO,CONDUCTOR PRESENTE,NO,NO,0
9531,29509,29510,2018,1,0,-0.260629,-78.546185,PICHINCHA,QUITO,QUITO,URBANA,2018-01-09,07:40:00,7,MARTES,2,ENERO,1,NO,BAJARSE O SUBIRSE DE VEHICULOS EN MOVIMIENTO SIN TOMAR LAS PRECAUCIONES DEBIDAS.,CAIDA DE PASAJERO,BUS,0,0,1,0,0,0,0,0,0,0,0,0,0,1,45,HOMBRE,LESIONADO,PASAJERO,NO,NO,0
9532,29518,29519,2018,0,0,-0.426501,-78.551831,PICHINCHA,MEJIA,TAMBILLO (MEJIA),URBANA,2018-01-09,09:40:00,9,MARTES,2,ENERO,1,NO,"CONDUCIR DESATENTO A LAS CONDICIONES DE TRANSITO (CELULAR, PANTALLAS DE VIDEO, COMIDA, MAQUILLAJE O CUALQUIER OTRO ELEMENTO DISTRACTOR).",COLISION,CAMIONETA,1,0,0,0,1,0,0,0,0,0,0,0,1,3,45,HOMBRE,ILESO,CONDUCTOR PRESENTE,NO,NO,0
9533,29520,29521,2018,0,0,-0.104664,-78.453843,PICHINCHA,QUITO,CALDERON (CARAPUNGO),URBANA,2018-01-09,10:11:00,10,MARTES,2,ENERO,1,NO,NO GUARDAR LA DISTANCIA LATERAL MINIMA DE SEGURIDAD ENTRE VEHICULOS.,ROZAMIENTOS,BUS,0,0,2,0,0,0,0,0,0,0,0,0,0,2,21,HOMBRE,ILESO,CONDUCTOR PRESENTE,NO,NO,0