,Unnamed: 0,ID,ANIO,LESIONADOS,FALLECIDOS,LATITUD_Y,LONGITUD_X,PROVINCIA,CANTON,PARROQUIA,ZONA,FECHA,HORA,PERIODO_2,DIA_1,DIA_2,MES_1,MES_2,FERIADO,CAUSA_PROBABLE,TIPO_DE_SINIESTRO,TIPO_DE_VEHICULO_1,AUTOMOVIL,BICICLETA,BUS,CAMION,CAMIONETA,EMERGENCIAS,ESPECIAL,FURGONETA,MOTOCICLETA,NO_IDENTIFICADO,SCOOTER_ELECTRICO,TRICIMOTO,VEHICULO_DEPORTIVO_UTILITARIO,SUMA_DE_VEHICULOS,EDAD_1,SEXO_1,CONDICION_1,PARTICIPANTE_1,CASCO_1,CINTURON_1,KMeans_Cluster
9534,29521,29522,2018,0,0,-0.217302,-78.505557,PICHINCHA,QUITO,QUITO,URBANA,2018-01-09,10:35:00,10,MARTES,2,ENERO,1,NO,"NO RESPETAR LAS SENIALES REGLAMENTARIAS DE TRANSITO. (PARE, CEDA EL PASO, LUZ ROJA DEL SEMAFORO, ETC).",VOLCAMIENTOS,AUTOMOVIL,1,0,0,0,0,0,0,0,0,0,0,0,0,1,50,HOMBRE,ILESO,CONDUCTOR PRESENTE,NO,NO,0
9535,29522,29523,2018,0,0,-0.270466,-78.528531,PICHINCHA,QUITO,QUITO,URBANA,2018-01-09,10:40:00,10,MARTES,2,ENERO,1,NO,NO GUARDAR LA DISTANCIA LATERAL MINIMA DE SEGURIDAD ENTRE VEHICULOS.,ROZAMIENTOS,CAMION,0,0,1,1,0,0,0,0,0,0,0,0,0,2,35,HOMBRE,ILESO,CONDUCTOR PRESENTE,NO,NO,0
9536,29527,29528,2018,0,0,-0.109351,-78.458267,PICHINCHA,QUITO,CALDERON (CARAPUNGO),URBANA,2018-01-09,12:02:00,12,MARTES,2,ENERO,1,NO,NO GUARDAR LA DISTANCIA LATERAL MINIMA DE SEGURIDAD ENTRE VEHICULOS.,CHOQUE LATERAL,AUTOMOVIL,1,0,0,1,0,0,0,0,0,0,0,0,0,2,25,HOMBRE,ILESO,CONDUCTOR PRESENTE,NO,NO,0
9537,29528,29529,2018,0,0,-0.244739,-78.517729,PICHINCHA,QUITO,QUITO,URBANA,2018-01-09,12:12:00,12,MARTES,2,ENERO,1,NO,NO GUARDAR LA DISTANCIA LATERAL MINIMA DE SEGURIDAD ENTRE VEHICULOS.,ROZAMIENTOS,BUS,0,0,2,0,0,0,0,0,0,0,0,0,0,2,26,HOMBRE,ILESO,CONDUCTOR PRESENTE,NO,NO,0
9538,29535,29536,2018,0,0,-0.208368,-78.495859,PICHINCHA,QUITO,QUITO,URBANA,2018-01-09,14:31:00,14,MARTES,2,ENERO,1,NO,NO GUARDAR LA DISTANCIA LATERAL MINIMA DE SEGURIDAD ENTRE VEHICULOS.,ROZAMIENTOS,AUTOMOVIL,1,0,1,0,0,0,0,0,0,0,0,0,0,2,25,MUJER,ILESO,CONDUCTOR PRESENTE,NO,NO,0
9539,29537,29538,2018,1,0,-0.177769,-78.488922,PICHINCHA,QUITO,QUITO,URBANA,2018-01-09,14:40:00,14,MARTES,2,ENERO,1,NO,PEATON QUE CRUZA LA CALZADA SIN RESPETAR LA SENIALIZACION EXISTENTE (SEMAFOROS O SENIALES MANUALES).,ATROPELLOS,AUTOMOVIL,1,0,0,0,0,0,0,0,0,0,0,0,0,1,24,MUJER,LESIONADO,PEATON,NO,NO,0
9540,29542,29543,2018,1,0,-0.212824,-78.402686,PICHINCHA,QUITO,TUMBACO,URBANA,2018-01-09,15:30:00,15,MARTES,2,ENERO,1,NO,NO TRANSITAR POR LAS ACERAS O ZONAS DE SEGURIDAD DESTINADAS PARA EL EFECTO.,ARROLLAMIENTOS,CAMIONETA,0,0,0,0,1,0,0,0,0,0,0,0,0,1,45,MUJER,LESIONADO,PEATON,NO,NO,0
9541,29543,29544,2018,1,0,-0.162346,-78.485742,PICHINCHA,QUITO,QUITO,URBANA,2018-01-09,15:52:00,15,MARTES,2,ENERO,1,NO,NO CEDER EL DERECHO DE VIA O PREFERENCIA DE PASO A VEHICULOS.,CHOQUE LATERAL,MOTOCICLETA,0,0,0,0,0,0,0,0,1,0,0,0,0,1,22,MUJER,LESIONADO,CONDUCTOR PRESENTE,NO,NO,0
9542,29544,29545,2018,1,0,-0.095694,-78.521222,PICHINCHA,QUITO,QUITO,URBANA,2018-01-09,16:00:00,16,MARTES,2,ENERO,1,NO,PEATON QUE CRUZA LA CALZADA SIN RESPETAR LA SENIALIZACION EXISTENTE (SEMAFOROS O SENIALES MANUALES).,ATROPELLOS,FURGONETA,1,0,0,0,0,0,0,1,0,0,0,0,0,2,7,MUJER,LESIONADO,PEATON,NO,NO,0
9543,29545,29546,2018,0,0,-0.205689,-78.496954,PICHINCHA,QUITO,QUITO,URBANA,2018-01-09,16:15:00,16,MARTES,2,ENERO,1,NO,NO GUARDAR LA DISTANCIA LATERAL MINIMA DE SEGURIDAD ENTRE VEHICULOS.,ROZAMIENTOS,BUS,0,0,2,0,0,0,0,0,0,0,0,0,0,2,30,HOMBRE,ILESO,CONDUCTOR PRESENTE,NO,NO,0
9544,29557,29558,2018,0,0,-0.112537,-78.504956,PICHINCHA,QUITO,QUITO,URBANA,2018-01-09,20:40:00,20,MARTES,2,ENERO,1,NO,NO MANTENER LA DISTANCIA PRUDENCIAL CON RESPECTO AL VEHICULO QUE LE ANTECEDE.,CHOQUE POSTERIOR,AUTOMOVIL,2,0,0,0,0,0,0,0,0,0,0,0,0,2,28,MUJER,ILESO,CONDUCTOR PRESENTE,NO,NO,0
9545,29559,29560,2018,0,0,-0.151891,-78.463681,PICHINCHA,QUITO,QUITO,URBANA,2018-01-09,22:45:00,22,MARTES,2,ENERO,1,NO,CONDUCIR VEHICULO SUPERANDO LOS LIMITES MAXIMOS DE VELOCIDAD.,ESTRELLAMIENTOS,CAMIONETA,0,0,0,0,1,0,0,0,0,0,0,0,0,1,-1,NO IDENTIFICADO,NO IDENTIFICADO,CONDUCTOR AUSENTE,NO,NO,2
9546,29564,29565,2018,0,0,-0.305533,-78.536456,PICHINCHA,QUITO,QUITO,URBANA,2018-01-10,01:45:00,1,MIERCOLES,3,ENERO,1,NO,"CONDUCIR EN ESTADO DE SOMNOLENCIA O MALAS CONDICIONES FISICAS (SUENIO, CANSANCIO Y FATIGA).",ESTRELLAMIENTOS,CAMIONETA,0,0,0,0,1,0,0,0,0,0,0,0,0,1,-1,NO IDENTIFICADO,NO IDENTIFICADO,CONDUCTOR AUSENTE,NO,NO,2
9547,29565,29566,2018,1,0,-0.346421,-78.439121,PICHINCHA,RUMINIAHUI,SANGOLQUI,URBANA,2018-01-10,01:50:00,1,MIERCOLES,3,ENERO,1,NO,NO GUARDAR LA DISTANCIA LATERAL MINIMA DE SEGURIDAD ENTRE VEHICULOS.,CHOQUE LATERAL,CAMION,0,0,0,1,1,0,0,0,0,0,0,0,0,2,33,MUJER,LESIONADO,CONDUCTOR PRESENTE,NO,NO,0
9548,29566,29567,2018,0,0,-0.206438,-78.370261,PICHINCHA,QUITO,PUEMBO,URBANA,2018-01-10,03:20:00,3,MIERCOLES,3,ENERO,1,NO,"NO RESPETAR LAS SENIALES REGLAMENTARIAS DE TRANSITO. (PARE, CEDA EL PASO, LUZ ROJA DEL SEMAFORO, ETC).",CHOQUE LATERAL,AUTOMOVIL,1,0,0,0,1,0,0,0,0,0,0,0,0,2,37,HOMBRE,ILESO,CONDUCTOR PRESENTE,NO,NO,0
9549,29567,29568,2018,0,0,-0.244435,-78.482091,PICHINCHA,QUITO,QUITO,URBANA,2018-01-10,05:10:00,5,MIERCOLES,3,ENERO,1,NO,CONDUCIR VEHICULO SUPERANDO LOS LIMITES MAXIMOS DE VELOCIDAD.,VOLCAMIENTOS,CAMIONETA,0,0,0,0,1,0,0,0,0,0,0,0,0,1,-1,NO IDENTIFICADO,NO IDENTIFICADO,CONDUCTOR AUSENTE,NO,NO,2
9550,29569,29570,2018,0,0,-0.255161,-78.530459,PICHINCHA,QUITO,QUITO,URBANA,2018-01-10,06:02:00,6,MIERCOLES,3,ENERO,1,NO,NO GUARDAR LA DISTANCIA LATERAL MINIMA DE SEGURIDAD ENTRE VEHICULOS.,ROZAMIENTOS,FURGONETA,1,0,0,0,0,0,0,1,0,0,0,0,0,2,39,MUJER,ILESO,CONDUCTOR PRESENTE,NO,NO,0
9551,29572,29573,2018,3,0,-0.215178,-78.487965,PICHINCHA,QUITO,QUITO,URBANA,2018-01-10,06:40:00,6,MIERCOLES,3,ENERO,1,NO,"NO RESPETAR LAS SENIALES REGLAMENTARIAS DE TRANSITO. (PARE, CEDA EL PASO, LUZ ROJA DEL SEMAFORO, ETC).",CHOQUE LATERAL,BUS,0,0,1,0,0,0,0,1,0,0,0,0,0,2,30,HOMBRE,LESIONADO,CONDUCTOR PRESENTE,NO,NO,0
9552,29573,29574,2018,0,0,-0.179571,-78.496389,PICHINCHA,QUITO,QUITO,URBANA,2018-01-10,06:55:00,6,MIERCOLES,3,ENERO,1,NO,NO CEDER EL DERECHO DE VIA O PREFERENCIA DE PASO A VEHICULOS.,CHOQUE LATERAL,AUTOMOVIL,2,0,0,0,0,0,0,0,0,0,0,0,0,2,36,MUJER,ILESO,CONDUCTOR PRESENTE,NO,NO,0
9553,29574,29575,2018,0,0,-0.443211,-78.684246,PICHINCHA,MEJIA,ALOAG,RURAL,2018-01-10,07:00:00,7,MIERCOLES,3,ENERO,1,NO,"CONDUCIR DESATENTO A LAS CONDICIONES DE TRANSITO (CELULAR, PANTALLAS DE VIDEO, COMIDA, MAQUILLAJE O CUALQUIER OTRO ELEMENTO DISTRACTOR).",CHOQUE FRONTAL,CAMION,0,0,0,1,1,0,0,0,0,0,0,0,0,2,46,HOMBRE,ILESO,CONDUCTOR PRESENTE,NO,NO,3
9554,29579,29580,2018,0,0,-0.163294,-78.462564,PICHINCHA,QUITO,QUITO,URBANA,2018-01-10,08:25:00,8,MIERCOLES,3,ENERO,1,NO,NO MANTENER LA DISTANCIA PRUDENCIAL CON RESPECTO AL VEHICULO QUE LE ANTECEDE.,COLISION,AUTOMOVIL,4,0,0,0,0,0,0,0,0,0,0,0,0,4,32,MUJER,ILESO,CONDUCTOR PRESENTE,NO,NO,0
9555,29580,29581,2018,1,0,-0.159772,-78.487867,PICHINCHA,QUITO,QUITO,URBANA,2018-01-10,09:00:00,9,MIERCOLES,3,ENERO,1,NO,NO MANTENER LA DISTANCIA PRUDENCIAL CON RESPECTO AL VEHICULO QUE LE ANTECEDE.,CHOQUE POSTERIOR,MOTOCICLETA,1,0,0,0,0,0,0,0,1,0,0,0,0,2,31,HOMBRE,LESIONADO,CONDUCTOR PRESENTE,NO,NO,0
9556,29582,29583,2018,1,0,-0.172273,-78.490452,PICHINCHA,QUITO,QUITO,URBANA,2018-01-10,09:30:00,9,MIERCOLES,3,ENERO,1,NO,"NO RESPETAR LAS SENIALES REGLAMENTARIAS DE TRANSITO. (PARE, CEDA EL PASO, LUZ ROJA DEL SEMAFORO, ETC).",ESTRELLAMIENTOS,NO IDENTIFICADO,0,0,0,0,0,0,0,0,0,1,0,0,0,1,28,HOMBRE,LESIONADO,PASAJERO,NO,NO,0
9557,29584,29585,2018,0,0,-0.237667,-78.484685,PICHINCHA,QUITO,QUITO,URBANA,2018-01-10,10:10:00,10,MIERCOLES,3,ENERO,1,NO,CONDUCIR VEHICULO SUPERANDO LOS LIMITES MAXIMOS DE VELOCIDAD.,CHOQUE POSTERIOR,AUTOMOVIL,2,0,0,0,0,0,0,0,0,0,0,0,0,2,21,HOMBRE,ILESO,CONDUCTOR PRESENTE,NO,NO,0
9558,29586,29587,2018,1,0,-0.222563,-78.513543,PICHINCHA,QUITO,QUITO,URBANA,2018-01-10,11:18:00,11,MIERCOLES,3,ENERO,1,NO,"NO RESPETAR LAS SENIALES REGLAMENTARIAS DE TRANSITO. (PARE, CEDA EL PASO, LUZ ROJA DEL SEMAFORO, ETC).",CHOQUE LATERAL,MOTOCICLETA,1,0,0,0,0,0,0,0,1,0,0,0,0,2,51,HOMBRE,LESIONADO,CONDUCTOR PRESENTE,NO,NO,0
9559,29593,29594,2018,0,0,-0.289505,-78.550398,PICHINCHA,QUITO,QUITO,URBANA,2018-01-10,12:00:00,12,MIERCOLES,3,ENERO,1,NO,NO GUARDAR LA DISTANCIA LATERAL MINIMA DE SEGURIDAD ENTRE VEHICULOS.,ROZAMIENTOS,BUS,1,0,1,0,0,0,0,0,0,0,0,0,0,2,24,HOMBRE,ILESO,CONDUCTOR PRESENTE,NO,NO,0
9560,29595,29596,2018,0,0,-0.281112,-78.557226,PICHINCHA,QUITO,QUITO,URBANA,2018-01-10,12:50:00,12,MIERCOLES,3,ENERO,1,NO,NO TRANSITAR POR LAS ACERAS O ZONAS DE SEGURIDAD DESTINADAS PARA EL EFECTO.,ATROPELLOS,CAMIONETA,0,0,0,0,1,0,0,0,0,0,0,0,0,1,40,HOMBRE,ILESO,CONDUCTOR PRESENTE,NO,NO,0
9561,29598,29599,2018,0,0,-0.263991,-78.477764,PICHINCHA,QUITO,CONOCOTO,URBANA,2018-01-10,13:50:00,13,MIERCOLES,3,ENERO,1,NO,"CONDUCE BAJO LA INFLUENCIA DE ALCOHOL, SUSTANCIAS ESTUPEFACIENTES O PSICOTROPICAS Y/O MEDICAMENTOS.",ESTRELLAMIENTOS,CAMION,0,0,0,1,0,0,0,0,0,0,0,0,0,1,28,HOMBRE,ILESO,CONDUCTOR PRESENTE,NO,NO,0
9562,29600,29601,2018,1,0,-0.278051,-78.529549,PICHINCHA,QUITO,QUITO,URBANA,2018-01-10,14:20:00,14,MIERCOLES,3,ENERO,1,NO,CONDUCIR VEHICULO SUPERANDO LOS LIMITES MAXIMOS DE VELOCIDAD.,ESTRELLAMIENTOS,NO IDENTIFICADO,0,0,0,0,0,0,0,0,0,1,0,0,0,1,58,HOMBRE,LESIONADO,CONDUCTOR PRESENTE,NO,NO,0
9563,29602,29603,2018,0,0,-0.262814,-78.538043,PICHINCHA,QUITO,QUITO,URBANA,2018-01-10,14:40:00,14,MIERCOLES,3,ENERO,1,NO,NO CEDER EL DERECHO DE VIA O PREFERENCIA DE PASO A VEHICULOS.,CHOQUE LATERAL,AUTOMOVIL,1,0,0,0,0,0,0,0,1,0,0,0,0,2,45,HOMBRE,ILESO,CONDUCTOR PRESENTE,NO,NO,0
9564,29603,29604,2018,0,0,-0.174323,-78.487315,PICHINCHA,QUITO,QUITO,URBANA,2018-01-10,15:10:00,15,MIERCOLES,3,ENERO,1,NO,NO GUARDAR LA DISTANCIA LATERAL MINIMA DE SEGURIDAD ENTRE VEHICULOS.,ROZAMIENTOS,CAMIONETA,1,0,0,0,1,0,0,0,0,0,0,0,0,2,32,HOMBRE,ILESO,CONDUCTOR PRESENTE,NO,NO,0
9565,29605,29606,2018,1,0,-0.205571,-78.492025,PICHINCHA,QUITO,QUITO,URBANA,2018-01-10,15:27:00,15,MIERCOLES,3,ENERO,1,NO,CONDUCIR VEHICULO SUPERANDO LOS LIMITES MAXIMOS DE VELOCIDAD.,ATROPELLOS,NO IDENTIFICADO,0,0,0,0,0,0,0,0,0,1,0,0,0,1,22,HOMBRE,LESIONADO,PEATON,NO,NO,0
9566,29607,29608,2018,0,0,-0.255122,-78.530483,PICHINCHA,QUITO,QUITO,URBANA,2018-01-10,15:55:00,15,MIERCOLES,3,ENERO,1,NO,NO MANTENER LA DISTANCIA PRUDENCIAL CON RESPECTO AL VEHICULO QUE LE ANTECEDE.,CHOQUE POSTERIOR,AUTOMOVIL,2,0,0,0,0,0,0,0,0,0,0,0,0,2,19,HOMBRE,ILESO,CONDUCTOR PRESENTE,NO,NO,0
9567,29608,29609,2018,1,0,-0.172273,-78.490452,PICHINCHA,QUITO,QUITO,URBANA,2018-01-10,17:00:00,17,MIERCOLES,3,ENERO,1,NO,NO MANTENER LA DISTANCIA PRUDENCIAL CON RESPECTO AL VEHICULO QUE LE ANTECEDE.,CHOQUE POSTERIOR,MOTOCICLETA,0,0,0,0,0,0,0,0,1,0,0,0,0,1,40,HOMBRE,LESIONADO,CONDUCTOR PRESENTE,NO,NO,0
9568,29615,29616,2018,1,0,-0.175721,-78.486831,PICHINCHA,QUITO,QUITO,URBANA,2018-01-10,18:30:00,18,MIERCOLES,3,ENERO,1,NO,BAJARSE O SUBIRSE DE VEHICULOS EN MOVIMIENTO SIN TOMAR LAS PRECAUCIONES DEBIDAS.,CAIDA DE PASAJERO,NO IDENTIFICADO,0,0,0,0,0,0,0,0,0,1,0,0,0,1,44,MUJER,LESIONADO,PASAJERO,NO,NO,0
9569,29619,29620,2018,1,0,-0.276869,-78.542405,PICHINCHA,QUITO,QUITO,URBANA,2018-01-10,19:25:00,19,MIERCOLES,3,ENERO,1,NO,"CONDUCIR DESATENTO A LAS CONDICIONES DE TRANSITO (CELULAR, PANTALLAS DE VIDEO, COMIDA, MAQUILLAJE O CUALQUIER OTRO ELEMENTO DISTRACTOR).",ATROPELLOS,NO IDENTIFICADO,0,0,0,0,0,0,0,0,0,1,0,0,0,1,72,MUJER,LESIONADO,PEATON,NO,NO,0
9570,29621,29622,2018,0,0,-0.129332,-78.494021,PICHINCHA,QUITO,QUITO,URBANA,2018-01-10,20:30:00,20,MIERCOLES,3,ENERO,1,NO,"CONDUCE BAJO LA INFLUENCIA DE ALCOHOL, SUSTANCIAS ESTUPEFACIENTES O PSICOTROPICAS Y/O MEDICAMENTOS.",ESTRELLAMIENTOS,AUTOMOVIL,3,0,0,0,0,0,0,0,0,0,0,0,0,3,52,HOMBRE,ILESO,CONDUCTOR PRESENTE,NO,NO,0
9571,29622,29623,2018,0,0,-0.176715,-78.493866,PICHINCHA,QUITO,QUITO,URBANA,2018-01-10,20:30:00,20,MIERCOLES,3,ENERO,1,NO,CONDUCIR VEHICULO SUPERANDO LOS LIMITES MAXIMOS DE VELOCIDAD.,VOLCAMIENTOS,CAMIONETA,0,0,0,0,1,0,0,0,0,0,0,0,0,1,-1,NO IDENTIFICADO,NO IDENTIFICADO,CONDUCTOR AUSENTE,NO,NO,2
9572,29623,29624,2018,1,0,-0.204229,-78.505757,PICHINCHA,QUITO,QUITO,URBANA,2018-01-10,20:40:00,20,MIERCOLES,3,ENERO,1,NO,NO CEDER EL DERECHO DE VIA O PREFERENCIA DE PASO AL PEATON.,ATROPELLOS,FURGONETA,0,0,0,0,0,0,0,1,0,0,0,0,0,1,49,HOMBRE,LESIONADO,PEATON,NO,NO,0
9573,29627,29628,2018,1,0,-0.207363,-78.512548,PICHINCHA,QUITO,QUITO,URBANA,2018-01-10,23:20:00,23,MIERCOLES,3,ENERO,1,NO,"CONDUCIR EN ESTADO DE SOMNOLENCIA O MALAS CONDICIONES FISICAS (SUENIO, CANSANCIO Y FATIGA).",ESTRELLAMIENTOS,NO IDENTIFICADO,0,0,0,0,0,0,0,0,0,1,0,0,0,1,25,MUJER,LESIONADO,PASAJERO,NO,NO,0
9574,29630,29631,2018,0,0,-0.094631,-78.482043,PICHINCHA,QUITO,QUITO,URBANA,2018-01-11,00:20:00,0,JUEVES,4,ENERO,1,NO,"CONDUCE BAJO LA INFLUENCIA DE ALCOHOL, SUSTANCIAS ESTUPEFACIENTES O PSICOTROPICAS Y/O MEDICAMENTOS.",CHOQUE POSTERIOR,AUTOMOVIL,2,0,0,0,0,0,0,0,0,0,0,0,0,2,38,HOMBRE,ILESO,CONDUCTOR PRESENTE,NO,NO,0
9575,29633,29634,2018,0,0,-0.284269,-78.518971,PICHINCHA,QUITO,QUITO,URBANA,2018-01-11,02:20:00,2,JUEVES,4,ENERO,1,NO,"CONDUCIR EN ESTADO DE SOMNOLENCIA O MALAS CONDICIONES FISICAS (SUENIO, CANSANCIO Y FATIGA).",OTROS,CAMION,0,0,0,1,0,0,0,0,0,0,0,0,0,1,38,HOMBRE,ILESO,CONDUCTOR PRESENTE,NO,NO,0
9576,29635,29636,2018,0,0,-0.244474,-78.518257,PICHINCHA,QUITO,QUITO,URBANA,2018-01-11,04:50:00,4,JUEVES,4,ENERO,1,NO,"CONDUCIR EN ESTADO DE SOMNOLENCIA O MALAS CONDICIONES FISICAS (SUENIO, CANSANCIO Y FATIGA).",ESTRELLAMIENTOS,AUTOMOVIL,1,0,0,0,0,0,0,0,0,0,0,0,0,1,-1,NO IDENTIFICADO,NO IDENTIFICADO,CONDUCTOR AUSENTE,NO,NO,2
9577,29637,29638,2018,1,0,-0.243922,-78.539909,PICHINCHA,QUITO,QUITO,URBANA,2018-01-11,06:00:00,6,JUEVES,4,ENERO,1,NO,PEATON QUE CRUZA LA CALZADA SIN RESPETAR LA SENIALIZACION EXISTENTE (SEMAFOROS O SENIALES MANUALES).,ARROLLAMIENTOS,AUTOMOVIL,1,0,0,0,0,0,0,0,0,0,0,0,0,1,14,HOMBRE,LESIONADO,PEATON,NO,NO,0
9578,29639,29640,2018,0,0,-0.093565,-78.479751,PICHINCHA,QUITO,QUITO,URBANA,2018-01-11,06:25:00,6,JUEVES,4,ENERO,1,NO,NO CEDER EL DERECHO DE VIA O PREFERENCIA DE PASO A VEHICULOS.,CHOQUE LATERAL,AUTOMOVIL,2,0,0,0,0,0,0,0,0,0,0,0,0,2,28,HOMBRE,ILESO,CONDUCTOR PRESENTE,NO,NO,0
9579,29643,29644,2018,1,0,-0.348594,-78.540121,PICHINCHA,QUITO,QUITO,URBANA,2018-01-11,07:20:00,7,JUEVES,4,ENERO,1,NO,"PRESENCIA DE AGENTES EXTERNOS EN LA VIA (AGUA, ACEITE, PIEDRA, LASTRE, ESCOMBROS, MADEROS, ETC.).",PERDIDA DE PISTA,MOTOCICLETA,0,0,0,0,0,0,0,0,1,0,0,0,0,1,36,HOMBRE,LESIONADO,CONDUCTOR PRESENTE,NO,NO,0
9580,29644,29645,2018,0,0,-0.245787,-78.519587,PICHINCHA,QUITO,QUITO,URBANA,2018-01-11,07:20:00,7,JUEVES,4,ENERO,1,NO,NO GUARDAR LA DISTANCIA LATERAL MINIMA DE SEGURIDAD ENTRE VEHICULOS.,ROZAMIENTOS,AUTOMOVIL,2,0,0,0,0,0,0,0,0,0,0,0,0,2,55,HOMBRE,ILESO,CONDUCTOR PRESENTE,NO,NO,0
9581,29646,29647,2018,0,0,-0.099083,-78.421844,PICHINCHA,QUITO,CALDERON (CARAPUNGO),URBANA,2018-01-11,07:40:00,7,JUEVES,4,ENERO,1,NO,CONDUCIR VEHICULO SUPERANDO LOS LIMITES MAXIMOS DE VELOCIDAD.,COLISION,AUTOMOVIL,2,0,0,0,1,0,0,0,0,0,0,0,0,3,78,HOMBRE,ILESO,CONDUCTOR PRESENTE,NO,NO,0
9582,29653,29654,2018,0,0,-0.248576,-78.528198,PICHINCHA,QUITO,QUITO,URBANA,2018-01-11,09:45:00,9,JUEVES,4,ENERO,1,NO,NO CEDER EL DERECHO DE VIA O PREFERENCIA DE PASO A VEHICULOS.,OTROS,AUTOMOVIL,2,0,0,0,0,0,0,0,0,0,0,0,0,2,32,HOMBRE,ILESO,CONDUCTOR PRESENTE,NO,NO,0
9583,29655,29656,2018,0,0,-0.289191,-78.541771,PICHINCHA,QUITO,QUITO,URBANA,2018-01-11,12:15:00,12,JUEVES,4,ENERO,1,NO,NO CEDER EL DERECHO DE VIA O PREFERENCIA DE PASO A VEHICULOS.,CHOQUE LATERAL,AUTOMOVIL,1,0,0,0,1,0,0,0,0,0,0,0,0,2,67,HOMBRE,ILESO,CONDUCTOR PRESENTE,NO,NO,0
9584,29661,29662,2018,1,0,-0.222563,-78.513543,PICHINCHA,QUITO,QUITO,URBANA,2018-01-11,14:49:00,14,JUEVES,4,ENERO,1,NO,NO TRANSITAR POR LAS ACERAS O ZONAS DE SEGURIDAD DESTINADAS PARA EL EFECTO.,ATROPELLOS,CAMIONETA,0,0,0,0,1,0,0,0,0,0,0,0,0,1,51,HOMBRE,LESIONADO,PEATON,NO,NO,0
9585,29667,29668,2018,1,0,-0.190653,-78.480906,PICHINCHA,QUITO,QUITO,URBANA,2018-01-11,16:26:00,16,JUEVES,4,ENERO,1,NO,CONDUCIR VEHICULO SUPERANDO LOS LIMITES MAXIMOS DE VELOCIDAD.,VOLCAMIENTOS,MOTOCICLETA,0,0,0,0,0,0,0,0,1,0,0,0,0,1,47,HOMBRE,LESIONADO,CONDUCTOR PRESENTE,NO,NO,0
9586,29672,29673,2018,1,0,-0.254669,-78.517906,PICHINCHA,QUITO,QUITO,URBANA,2018-01-11,17:20:00,17,JUEVES,4,ENERO,1,NO,DEJAR O RECOGER PASAJEROS EN LUGARES NO PERMITIDOS.,CAIDA DE PASAJERO,NO IDENTIFICADO,0,0,0,0,0,0,0,0,0,1,0,0,0,1,57,MUJER,LESIONADO,PEATON,NO,NO,0
9587,29676,29677,2018,1,0,-0.204454,-78.500313,PICHINCHA,QUITO,QUITO,URBANA,2018-01-11,17:55:00,17,JUEVES,4,ENERO,1,NO,DEJAR O RECOGER PASAJEROS EN LUGARES NO PERMITIDOS.,CAIDA DE PASAJERO,BUS,0,0,1,0,0,0,0,0,0,0,0,0,0,1,52,MUJER,LESIONADO,PASAJERO,NO,NO,0
9588,29677,29678,2018,1,0,-0.200746,-78.480124,PICHINCHA,QUITO,QUITO,URBANA,2018-01-11,18:10:00,18,JUEVES,4,ENERO,1,NO,"NO RESPETAR LAS SENIALES REGLAMENTARIAS DE TRANSITO. (PARE, CEDA EL PASO, LUZ ROJA DEL SEMAFORO, ETC).",VOLCAMIENTOS,MOTOCICLETA,0,0,0,0,0,0,0,0,1,0,0,0,0,1,22,HOMBRE,LESIONADO,CONDUCTOR PRESENTE,NO,NO,0
9589,29678,29679,2018,0,0,-0.244303,-78.519274,PICHINCHA,QUITO,QUITO,URBANA,2018-01-11,18:28:00,18,JUEVES,4,ENERO,1,NO,NO GUARDAR LA DISTANCIA LATERAL MINIMA DE SEGURIDAD ENTRE VEHICULOS.,ROZAMIENTOS,BUS,1,0,1,0,0,0,0,0,0,0,0,0,0,2,37,HOMBRE,ILESO,CONDUCTOR PRESENTE,NO,NO,0
9590,29680,29681,2018,1,0,-0.238868,-78.530183,PICHINCHA,QUITO,QUITO,URBANA,2018-01-11,18:55:00,18,JUEVES,4,ENERO,1,NO,"CONDUCE BAJO LA INFLUENCIA DE ALCOHOL, SUSTANCIAS ESTUPEFACIENTES O PSICOTROPICAS Y/O MEDICAMENTOS.",ATROPELLOS,BUS,0,0,1,0,0,0,0,0,0,0,0,0,0,1,28,HOMBRE,LESIONADO,PEATON,NO,NO,0
9591,29686,29687,2018,1,0,-0.209742,-78.424981,PICHINCHA,QUITO,CUMBAYA,URBANA,2018-01-11,20:00:00,20,JUEVES,4,ENERO,1,NO,NO MANTENER LA DISTANCIA PRUDENCIAL CON RESPECTO AL VEHICULO QUE LE ANTECEDE.,CHOQUE POSTERIOR,MOTOCICLETA,0,0,0,0,0,0,0,0,1,0,0,0,0,1,19,HOMBRE,LESIONADO,CONDUCTOR PRESENTE,NO,NO,0
9592,29691,29692,2018,1,0,-0.160531,-78.463619,PICHINCHA,QUITO,QUITO,URBANA,2018-01-11,22:15:00,22,JUEVES,4,ENERO,1,NO,CONDUCIR VEHICULO SUPERANDO LOS LIMITES MAXIMOS DE VELOCIDAD.,ESTRELLAMIENTOS,AUTOMOVIL,1,0,0,0,0,0,0,0,0,0,0,0,0,1,20,MUJER,LESIONADO,PASAJERO,NO,NO,0
9593,29699,29700,2018,1,0,-0.255296,-78.517001,PICHINCHA,QUITO,QUITO,URBANA,2018-01-12,00:50:00,0,VIERNES,5,ENERO,1,NO,CONDUCIR VEHICULO SUPERANDO LOS LIMITES MAXIMOS DE VELOCIDAD.,ATROPELLOS,AUTOMOVIL,1,0,0,0,0,0,0,0,0,0,0,0,0,1,33,HOMBRE,LESIONADO,PEATON,NO,NO,0