,Unnamed: 0,ID,ANIO,LESIONADOS,FALLECIDOS,LATITUD_Y,LONGITUD_X,PROVINCIA,CANTON,PARROQUIA,ZONA,FECHA,HORA,PERIODO_2,DIA_1,DIA_2,MES_1,MES_2,FERIADO,CAUSA_PROBABLE,TIPO_DE_SINIESTRO,TIPO_DE_VEHICULO_1,AUTOMOVIL,BICICLETA,BUS,CAMION,CAMIONETA,EMERGENCIAS,ESPECIAL,FURGONETA,MOTOCICLETA,NO_IDENTIFICADO,SCOOTER_ELECTRICO,TRICIMOTO,VEHICULO_DEPORTIVO_UTILITARIO,SUMA_DE_VEHICULOS,EDAD_1,SEXO_1,CONDICION_1,PARTICIPANTE_1,CASCO_1,CINTURON_1,KMeans_Cluster
9594,29701,29702,2018,0,1,-0.054122,-78.285671,PICHINCHA,QUITO,GUAYLLABAMBA,RURAL,2018-01-12,04:00:00,4,VIERNES,5,ENERO,1,NO,"CONDUCIR DESATENTO A LAS CONDICIONES DE TRANSITO (CELULAR, PANTALLAS DE VIDEO, COMIDA, MAQUILLAJE O CUALQUIER OTRO ELEMENTO DISTRACTOR).",CHOQUE FRONTAL,AUTOMOVIL,1,0,0,1,0,0,0,0,0,0,0,0,0,2,57,HOMBRE,FALLECIDO,CONDUCTOR PRESENTE,NO,NO,3
9595,29703,29704,2018,0,0,-0.236408,-78.508389,PICHINCHA,QUITO,QUITO,URBANA,2018-01-12,06:35:00,6,VIERNES,5,ENERO,1,NO,NO GUARDAR LA DISTANCIA LATERAL MINIMA DE SEGURIDAD ENTRE VEHICULOS.,ROZAMIENTOS,BUS,1,0,1,0,0,0,0,0,0,0,0,0,0,2,35,HOMBRE,ILESO,CONDUCTOR PRESENTE,NO,NO,0
9596,29709,29710,2018,1,0,-0.251921,-78.531092,PICHINCHA,QUITO,QUITO,URBANA,2018-01-12,08:15:00,8,VIERNES,5,ENERO,1,NO,CONDUCIR VEHICULO SUPERANDO LOS LIMITES MAXIMOS DE VELOCIDAD.,ESTRELLAMIENTOS,MOTOCICLETA,0,0,0,0,0,0,0,0,1,0,0,0,0,1,32,MUJER,LESIONADO,PASAJERO,NO,NO,0
9597,29710,29711,2018,2,0,-0.254472,-78.483767,PICHINCHA,QUITO,CONOCOTO,URBANA,2018-01-12,08:15:00,8,VIERNES,5,ENERO,1,NO,NO GUARDAR LA DISTANCIA LATERAL MINIMA DE SEGURIDAD ENTRE VEHICULOS.,CHOQUE LATERAL,AUTOMOVIL,1,0,0,1,0,0,0,0,0,0,0,0,0,2,41,HOMBRE,LESIONADO,PASAJERO,NO,NO,0
9598,29711,29712,2018,0,0,-0.223897,-78.507249,PICHINCHA,QUITO,QUITO,URBANA,2018-01-12,08:20:00,8,VIERNES,5,ENERO,1,NO,NO GUARDAR LA DISTANCIA LATERAL MINIMA DE SEGURIDAD ENTRE VEHICULOS.,ROZAMIENTOS,MOTOCICLETA,0,0,0,0,1,0,0,0,1,0,0,0,0,2,26,HOMBRE,ILESO,CONDUCTOR PRESENTE,NO,NO,0
9599,29712,29713,2018,0,0,-0.191865,-78.490121,PICHINCHA,QUITO,QUITO,URBANA,2018-01-12,08:30:00,8,VIERNES,5,ENERO,1,NO,"NO RESPETAR LAS SENIALES REGLAMENTARIAS DE TRANSITO. (PARE, CEDA EL PASO, LUZ ROJA DEL SEMAFORO, ETC).",CHOQUE LATERAL,AUTOMOVIL,2,0,0,0,0,0,0,0,0,0,0,0,0,2,34,HOMBRE,ILESO,CONDUCTOR PRESENTE,NO,NO,0
9600,29715,29716,2018,1,0,-0.109781,-78.488991,PICHINCHA,QUITO,QUITO,URBANA,2018-01-12,09:35:00,9,VIERNES,5,ENERO,1,NO,"CONDUCIR DESATENTO A LAS CONDICIONES DE TRANSITO (CELULAR, PANTALLAS DE VIDEO, COMIDA, MAQUILLAJE O CUALQUIER OTRO ELEMENTO DISTRACTOR).",CAIDA DE PASAJERO,NO IDENTIFICADO,0,0,0,0,0,0,0,0,0,1,0,0,0,1,70,MUJER,LESIONADO,PASAJERO,NO,NO,0
9601,29722,29723,2018,2,0,-0.179484,-78.481435,PICHINCHA,QUITO,QUITO,URBANA,2018-01-12,12:15:00,12,VIERNES,5,ENERO,1,NO,NO CEDER EL DERECHO DE VIA O PREFERENCIA DE PASO A VEHICULOS.,CHOQUE LATERAL,AUTOMOVIL,1,0,0,0,0,0,0,0,1,0,0,0,0,2,20,HOMBRE,LESIONADO,CONDUCTOR PRESENTE,NO,NO,0
9602,29725,29726,2018,0,0,-0.300969,-78.556371,PICHINCHA,QUITO,QUITO,URBANA,2018-01-12,13:42:00,13,VIERNES,5,ENERO,1,NO,NO GUARDAR LA DISTANCIA LATERAL MINIMA DE SEGURIDAD ENTRE VEHICULOS.,ROZAMIENTOS,AUTOMOVIL,2,0,0,0,0,0,0,0,0,0,0,0,0,2,35,HOMBRE,ILESO,CONDUCTOR PRESENTE,NO,NO,0
9603,29726,29727,2018,0,0,-0.163058,-78.475467,PICHINCHA,QUITO,QUITO,URBANA,2018-01-12,13:50:00,13,VIERNES,5,ENERO,1,NO,"CONDUCIR DESATENTO A LAS CONDICIONES DE TRANSITO (CELULAR, PANTALLAS DE VIDEO, COMIDA, MAQUILLAJE O CUALQUIER OTRO ELEMENTO DISTRACTOR).",COLISION,CAMION,1,0,0,1,0,0,0,1,0,0,0,0,0,3,39,HOMBRE,ILESO,CONDUCTOR PRESENTE,NO,NO,0
9604,29728,29729,2018,0,0,-0.200231,-78.479871,PICHINCHA,QUITO,QUITO,URBANA,2018-01-12,14:20:00,14,VIERNES,5,ENERO,1,NO,NO CEDER EL DERECHO DE VIA O PREFERENCIA DE PASO A VEHICULOS.,CHOQUE LATERAL,MOTOCICLETA,1,0,0,0,0,0,0,0,1,0,0,0,0,2,22,HOMBRE,ILESO,CONDUCTOR PRESENTE,NO,NO,0
9605,29734,29735,2018,0,0,-0.232484,-78.493231,PICHINCHA,QUITO,QUITO,URBANA,2018-01-12,15:02:00,15,VIERNES,5,ENERO,1,NO,"CONDICIONES AMBIENTALES Y/O ATMOSFERICAS (NIEBLA, NEBLINA, GRANIZO, LLUVIA).",ESTRELLAMIENTOS,CAMIONETA,0,0,0,0,1,0,0,0,0,0,0,0,0,1,29,HOMBRE,ILESO,CONDUCTOR PRESENTE,NO,NO,0
9606,29737,29738,2018,2,0,-0.441077,-78.691802,PICHINCHA,MEJIA,ALOAG,RURAL,2018-01-12,15:32:00,15,VIERNES,5,ENERO,1,NO,"CONDUCIR DESATENTO A LAS CONDICIONES DE TRANSITO (CELULAR, PANTALLAS DE VIDEO, COMIDA, MAQUILLAJE O CUALQUIER OTRO ELEMENTO DISTRACTOR).",CHOQUE FRONTAL,CAMION,1,0,0,1,0,0,0,0,0,0,0,0,0,2,3,HOMBRE,LESIONADO,PASAJERO,NO,NO,3
9607,29739,29740,2018,0,0,-0.243958,-78.539909,PICHINCHA,QUITO,QUITO,URBANA,2018-01-12,16:00:00,16,VIERNES,5,ENERO,1,NO,NO GUARDAR LA DISTANCIA LATERAL MINIMA DE SEGURIDAD ENTRE VEHICULOS.,ROZAMIENTOS,FURGONETA,0,0,0,1,0,0,0,1,0,0,0,0,0,2,68,HOMBRE,ILESO,CONDUCTOR PRESENTE,NO,NO,0
9608,29740,29741,2018,1,0,-0.448832,-78.631916,PICHINCHA,MEJIA,ALOAG,RURAL,2018-01-12,16:00:00,16,VIERNES,5,ENERO,1,NO,"CONDUCIR DESATENTO A LAS CONDICIONES DE TRANSITO (CELULAR, PANTALLAS DE VIDEO, COMIDA, MAQUILLAJE O CUALQUIER OTRO ELEMENTO DISTRACTOR).",CHOQUE FRONTAL,CAMIONETA,0,0,0,1,1,0,0,0,0,0,0,0,0,2,24,HOMBRE,LESIONADO,PASAJERO,NO,NO,3
9609,29745,29746,2018,1,0,-0.136172,-78.470287,PICHINCHA,QUITO,QUITO,URBANA,2018-01-12,17:05:00,17,VIERNES,5,ENERO,1,NO,NO TRANSITAR POR LAS ACERAS O ZONAS DE SEGURIDAD DESTINADAS PARA EL EFECTO.,ATROPELLOS,AUTOMOVIL,1,0,0,0,0,0,0,0,0,0,0,0,0,1,10,HOMBRE,LESIONADO,PEATON,NO,NO,0
9610,29750,29751,2018,0,1,-0.082505,-78.418596,PICHINCHA,QUITO,CALDERON (CARAPUNGO),URBANA,2018-01-12,18:40:00,18,VIERNES,5,ENERO,1,NO,"CONDICIONES AMBIENTALES Y/O ATMOSFERICAS (NIEBLA, NEBLINA, GRANIZO, LLUVIA).",ESTRELLAMIENTOS,FURGONETA,0,0,0,0,0,0,0,1,0,0,0,0,0,1,50,HOMBRE,FALLECIDO,CONDUCTOR PRESENTE,NO,NO,0
9611,29751,29752,2018,2,0,-0.280206,-78.548435,PICHINCHA,QUITO,QUITO,URBANA,2018-01-12,18:45:00,18,VIERNES,5,ENERO,1,NO,PEATON QUE CRUZA LA CALZADA SIN RESPETAR LA SENIALIZACION EXISTENTE (SEMAFOROS O SENIALES MANUALES).,ATROPELLOS,AUTOMOVIL,1,0,0,0,0,0,0,0,0,0,0,0,0,1,43,MUJER,LESIONADO,PEATON,NO,NO,0
9612,29752,29753,2018,2,0,-0.164141,-78.471675,PICHINCHA,QUITO,QUITO,URBANA,2018-01-12,18:58:00,18,VIERNES,5,ENERO,1,NO,"CONDICIONES AMBIENTALES Y/O ATMOSFERICAS (NIEBLA, NEBLINA, GRANIZO, LLUVIA).",ATROPELLOS,AUTOMOVIL,1,0,0,0,0,0,0,0,0,0,0,0,0,1,54,MUJER,LESIONADO,PEATON,NO,NO,0
9613,29754,29755,2018,1,0,-0.169297,-78.476304,PICHINCHA,QUITO,QUITO,URBANA,2018-01-12,19:18:00,19,VIERNES,5,ENERO,1,NO,BAJARSE O SUBIRSE DE VEHICULOS EN MOVIMIENTO SIN TOMAR LAS PRECAUCIONES DEBIDAS.,CAIDA DE PASAJERO,BUS,0,0,1,0,0,0,0,0,0,0,0,0,0,1,31,MUJER,LESIONADO,PEATON,NO,NO,0
9614,29759,29760,2018,1,0,-0.301822,-78.485757,PICHINCHA,QUITO,CONOCOTO,URBANA,2018-01-12,20:20:00,20,VIERNES,5,ENERO,1,NO,NO CEDER EL DERECHO DE VIA O PREFERENCIA DE PASO A VEHICULOS.,CHOQUE LATERAL,AUTOMOVIL,1,0,0,0,0,0,0,0,1,0,0,0,0,2,23,HOMBRE,LESIONADO,CONDUCTOR PRESENTE,NO,NO,0
9615,29761,29762,2018,0,0,-0.123898,-78.485924,PICHINCHA,QUITO,QUITO,URBANA,2018-01-12,20:35:00,20,VIERNES,5,ENERO,1,NO,"NO RESPETAR LAS SENIALES REGLAMENTARIAS DE TRANSITO. (PARE, CEDA EL PASO, LUZ ROJA DEL SEMAFORO, ETC).",CHOQUE LATERAL,AUTOMOVIL,2,0,0,0,0,0,0,0,0,0,0,0,0,2,34,HOMBRE,ILESO,CONDUCTOR PRESENTE,NO,NO,0
9616,29765,29766,2018,1,0,-0.120424,-78.415686,PICHINCHA,QUITO,CALDERON (CARAPUNGO),URBANA,2018-01-12,21:30:00,21,VIERNES,5,ENERO,1,NO,"CONDICIONES AMBIENTALES Y/O ATMOSFERICAS (NIEBLA, NEBLINA, GRANIZO, LLUVIA).",PERDIDA DE PISTA,NO IDENTIFICADO,0,0,0,0,0,0,0,0,0,1,0,0,0,1,25,MUJER,LESIONADO,PASAJERO,NO,NO,0
9617,29766,29767,2018,1,0,-0.177819,-78.488945,PICHINCHA,QUITO,QUITO,URBANA,2018-01-12,21:30:00,21,VIERNES,5,ENERO,1,NO,"CONDICIONES AMBIENTALES Y/O ATMOSFERICAS (NIEBLA, NEBLINA, GRANIZO, LLUVIA).",VOLCAMIENTOS,NO IDENTIFICADO,0,0,0,0,0,0,0,0,0,1,0,0,0,1,49,HOMBRE,LESIONADO,CONDUCTOR PRESENTE,NO,NO,0
9618,29767,29768,2018,3,0,0.006775,-78.572087,PICHINCHA,QUITO,CALACALI,RURAL,2018-01-12,22:15:00,22,VIERNES,5,ENERO,1,NO,"CONDUCIR DESATENTO A LAS CONDICIONES DE TRANSITO (CELULAR, PANTALLAS DE VIDEO, COMIDA, MAQUILLAJE O CUALQUIER OTRO ELEMENTO DISTRACTOR).",CHOQUE FRONTAL,BUS,1,0,1,0,0,0,0,0,0,0,0,0,0,2,24,HOMBRE,LESIONADO,PASAJERO,NO,NO,3
9619,29768,29769,2018,0,1,-0.256533,-78.532569,PICHINCHA,QUITO,QUITO,URBANA,2018-01-12,22:45:00,22,VIERNES,5,ENERO,1,NO,NO CEDER EL DERECHO DE VIA O PREFERENCIA DE PASO AL PEATON.,ARROLLAMIENTOS,NO IDENTIFICADO,0,0,0,0,0,0,0,0,0,1,0,0,0,1,57,HOMBRE,FALLECIDO,PEATON,NO,NO,0
9620,29770,29771,2018,3,0,-0.299348,-78.542062,PICHINCHA,QUITO,QUITO,URBANA,2018-01-12,23:38:00,23,VIERNES,5,ENERO,1,NO,"CONDUCIR DESATENTO A LAS CONDICIONES DE TRANSITO (CELULAR, PANTALLAS DE VIDEO, COMIDA, MAQUILLAJE O CUALQUIER OTRO ELEMENTO DISTRACTOR).",ATROPELLOS,MOTOCICLETA,0,0,0,0,0,0,0,0,1,0,0,0,0,1,31,HOMBRE,LESIONADO,CONDUCTOR PRESENTE,NO,NO,0
9621,29772,29773,2018,0,0,-0.189116,-78.511843,PICHINCHA,QUITO,QUITO,URBANA,2018-01-13,01:27:00,1,SABADO,6,ENERO,1,NO,"CONDICIONES AMBIENTALES Y/O ATMOSFERICAS (NIEBLA, NEBLINA, GRANIZO, LLUVIA).",ESTRELLAMIENTOS,AUTOMOVIL,1,0,0,0,0,0,0,0,0,0,0,0,0,1,-1,NO IDENTIFICADO,NO IDENTIFICADO,CONDUCTOR AUSENTE,NO,NO,2
9622,29773,29774,2018,0,0,-0.241978,-78.520933,PICHINCHA,QUITO,QUITO,URBANA,2018-01-13,01:40:00,1,SABADO,6,ENERO,1,NO,"CONDUCIR EN ESTADO DE SOMNOLENCIA O MALAS CONDICIONES FISICAS (SUENIO, CANSANCIO Y FATIGA).",CHOQUE LATERAL,AUTOMOVIL,2,0,0,0,0,0,0,0,0,0,0,0,0,2,21,HOMBRE,ILESO,CONDUCTOR PRESENTE,NO,NO,0
9623,29776,29777,2018,1,0,-0.323663,-78.556412,PICHINCHA,QUITO,QUITO,URBANA,2018-01-13,02:15:00,2,SABADO,6,ENERO,1,NO,"CONDUCIR EN ESTADO DE SOMNOLENCIA O MALAS CONDICIONES FISICAS (SUENIO, CANSANCIO Y FATIGA).",CHOQUE POSTERIOR,MOTOCICLETA,0,0,0,0,0,0,0,0,1,1,0,0,0,2,26,HOMBRE,LESIONADO,CONDUCTOR PRESENTE,NO,NO,0
9624,29779,29780,2018,0,0,-0.128728,-78.493911,PICHINCHA,QUITO,QUITO,URBANA,2018-01-13,02:20:00,2,SABADO,6,ENERO,1,NO,"CONDUCIR EN ESTADO DE SOMNOLENCIA O MALAS CONDICIONES FISICAS (SUENIO, CANSANCIO Y FATIGA).",ESTRELLAMIENTOS,CAMIONETA,0,0,0,0,1,0,0,0,0,0,0,0,0,1,-1,NO IDENTIFICADO,NO IDENTIFICADO,CONDUCTOR AUSENTE,NO,NO,2
9625,29784,29785,2018,0,0,-0.273642,-78.510111,PICHINCHA,QUITO,QUITO,URBANA,2018-01-13,03:45:00,3,SABADO,6,ENERO,1,NO,CONDUCIR VEHICULO SUPERANDO LOS LIMITES MAXIMOS DE VELOCIDAD.,ESTRELLAMIENTOS,AUTOMOVIL,1,0,0,0,0,0,0,0,0,0,0,0,0,1,51,HOMBRE,ILESO,CONDUCTOR PRESENTE,NO,NO,0
9626,29792,29793,2018,1,0,-0.064081,-78.432781,PICHINCHA,QUITO,CALDERON (CARAPUNGO),URBANA,2018-01-13,05:30:00,5,SABADO,6,ENERO,1,NO,"CONDICIONES AMBIENTALES Y/O ATMOSFERICAS (NIEBLA, NEBLINA, GRANIZO, LLUVIA).",PERDIDA DE PISTA,MOTOCICLETA,0,0,0,0,0,0,0,0,1,0,0,0,0,1,25,HOMBRE,LESIONADO,CONDUCTOR PRESENTE,NO,NO,0
9627,29800,29801,2018,0,0,-0.303627,-78.438218,PICHINCHA,QUITO,ALANGASI,URBANA,2018-01-13,09:15:00,9,SABADO,6,ENERO,1,NO,"CONDUCIR DESATENTO A LAS CONDICIONES DE TRANSITO (CELULAR, PANTALLAS DE VIDEO, COMIDA, MAQUILLAJE O CUALQUIER OTRO ELEMENTO DISTRACTOR).",CHOQUE LATERAL,AUTOMOVIL,2,0,0,0,0,0,0,0,0,0,0,0,0,2,21,HOMBRE,ILESO,CONDUCTOR PRESENTE,NO,NO,0
9628,29811,29812,2018,0,1,-0.317351,-78.423811,PICHINCHA,QUITO,ALANGASI,URBANA,2018-01-13,12:00:00,12,SABADO,6,ENERO,1,NO,CONDUCIR VEHICULO SUPERANDO LOS LIMITES MAXIMOS DE VELOCIDAD.,PERDIDA DE PISTA,NO IDENTIFICADO,0,0,0,0,0,0,0,0,0,1,0,0,0,1,20,HOMBRE,FALLECIDO,CONDUCTOR PRESENTE,NO,NO,0
9629,29819,29820,2018,0,0,-0.297721,-78.549981,PICHINCHA,QUITO,QUITO,URBANA,2018-01-13,14:45:00,14,SABADO,6,ENERO,1,NO,"CONDUCE BAJO LA INFLUENCIA DE ALCOHOL, SUSTANCIAS ESTUPEFACIENTES O PSICOTROPICAS Y/O MEDICAMENTOS.",CHOQUE LATERAL,AUTOMOVIL,2,0,0,0,0,0,0,0,0,0,0,0,0,2,25,HOMBRE,ILESO,CONDUCTOR PRESENTE,NO,NO,0
9630,29822,29823,2018,1,0,-0.279087,-78.552491,PICHINCHA,QUITO,QUITO,URBANA,2018-01-13,14:50:00,14,SABADO,6,ENERO,1,NO,NO TRANSITAR POR LAS ACERAS O ZONAS DE SEGURIDAD DESTINADAS PARA EL EFECTO.,ATROPELLOS,CAMIONETA,0,0,0,0,1,0,0,0,0,0,0,0,0,1,11,MUJER,LESIONADO,PEATON,NO,NO,0
9631,29831,29832,2018,1,0,-0.189116,-78.511843,PICHINCHA,QUITO,QUITO,URBANA,2018-01-13,18:10:00,18,SABADO,6,ENERO,1,NO,"CONDICIONES AMBIENTALES Y/O ATMOSFERICAS (NIEBLA, NEBLINA, GRANIZO, LLUVIA).",ATROPELLOS,MOTOCICLETA,0,0,0,0,0,0,0,0,1,0,0,0,0,1,17,MUJER,LESIONADO,PEATON,NO,NO,0
9632,29840,29841,2018,1,0,-0.316042,-78.548868,PICHINCHA,QUITO,QUITO,URBANA,2018-01-13,20:35:00,20,SABADO,6,ENERO,1,NO,REALIZAR CAMBIO BRUSCO O INDEBIDO DE CARRIL.,PERDIDA DE PISTA,MOTOCICLETA,0,0,0,0,0,0,0,0,1,0,0,0,0,1,27,HOMBRE,LESIONADO,CONDUCTOR PRESENTE,NO,NO,0
9633,29843,29844,2018,0,0,-0.245764,-78.519707,PICHINCHA,QUITO,QUITO,URBANA,2018-01-13,21:15:00,21,SABADO,6,ENERO,1,NO,"CONDUCE BAJO LA INFLUENCIA DE ALCOHOL, SUSTANCIAS ESTUPEFACIENTES O PSICOTROPICAS Y/O MEDICAMENTOS.",CHOQUE POSTERIOR,AUTOMOVIL,2,0,0,0,0,0,0,0,0,0,0,0,0,2,35,HOMBRE,ILESO,CONDUCTOR PRESENTE,NO,NO,0
9634,29844,29845,2018,1,0,-0.163233,-78.462808,PICHINCHA,QUITO,QUITO,URBANA,2018-01-13,21:45:00,21,SABADO,6,ENERO,1,NO,NO MANTENER LA DISTANCIA PRUDENCIAL CON RESPECTO AL VEHICULO QUE LE ANTECEDE.,CHOQUE POSTERIOR,MOTOCICLETA,0,0,0,0,0,0,0,0,1,0,0,0,0,1,30,HOMBRE,LESIONADO,CONDUCTOR PRESENTE,NO,NO,0
9635,29845,29846,2018,0,0,-0.289737,-78.538155,PICHINCHA,QUITO,QUITO,URBANA,2018-01-13,22:00:00,22,SABADO,6,ENERO,1,NO,"CONDUCE BAJO LA INFLUENCIA DE ALCOHOL, SUSTANCIAS ESTUPEFACIENTES O PSICOTROPICAS Y/O MEDICAMENTOS.",CHOQUE LATERAL,AUTOMOVIL,2,0,0,0,0,0,0,0,0,0,0,0,0,2,48,HOMBRE,ILESO,CONDUCTOR PRESENTE,NO,NO,0
9636,29848,29849,2018,0,0,-0.282484,-78.544267,PICHINCHA,QUITO,QUITO,URBANA,2018-01-13,22:45:00,22,SABADO,6,ENERO,1,NO,"CONDUCE BAJO LA INFLUENCIA DE ALCOHOL, SUSTANCIAS ESTUPEFACIENTES O PSICOTROPICAS Y/O MEDICAMENTOS.",CHOQUE POSTERIOR,AUTOMOVIL,2,0,0,0,0,0,0,0,0,0,0,0,0,2,62,HOMBRE,ILESO,CONDUCTOR PRESENTE,NO,NO,0
9637,29849,29850,2018,2,0,0.006002,-78.571057,PICHINCHA,QUITO,CALACALI,RURAL,2018-01-13,22:45:00,22,SABADO,6,ENERO,1,NO,"CONDUCIR DESATENTO A LAS CONDICIONES DE TRANSITO (CELULAR, PANTALLAS DE VIDEO, COMIDA, MAQUILLAJE O CUALQUIER OTRO ELEMENTO DISTRACTOR).",CHOQUE FRONTAL,CAMION,1,0,0,1,0,0,0,0,0,0,0,0,0,2,41,HOMBRE,LESIONADO,PASAJERO,NO,NO,3
9638,29855,29856,2018,1,1,-0.295604,-78.561141,PICHINCHA,QUITO,QUITO,URBANA,2018-01-14,00:10:00,0,DOMINGO,7,ENERO,1,NO,"CONDUCE BAJO LA INFLUENCIA DE ALCOHOL, SUSTANCIAS ESTUPEFACIENTES O PSICOTROPICAS Y/O MEDICAMENTOS.",CHOQUE FRONTAL,MOTOCICLETA,0,0,0,1,0,0,0,0,1,0,0,0,0,2,31,HOMBRE,FALLECIDO,CONDUCTOR PRESENTE,NO,NO,0
9639,29858,29859,2018,0,0,-0.197058,-78.483519,PICHINCHA,QUITO,QUITO,URBANA,2018-01-14,01:03:00,1,DOMINGO,7,ENERO,1,NO,"CONDICIONES AMBIENTALES Y/O ATMOSFERICAS (NIEBLA, NEBLINA, GRANIZO, LLUVIA).",ESTRELLAMIENTOS,AUTOMOVIL,1,0,0,0,0,0,0,0,0,0,0,0,0,1,-1,NO IDENTIFICADO,NO IDENTIFICADO,CONDUCTOR AUSENTE,NO,NO,2
9640,29863,29864,2018,0,1,-0.431211,-78.552511,PICHINCHA,MEJIA,ALOAG,RURAL,2018-01-14,01:30:00,1,DOMINGO,7,ENERO,1,NO,"CONDUCIR DESATENTO A LAS CONDICIONES DE TRANSITO (CELULAR, PANTALLAS DE VIDEO, COMIDA, MAQUILLAJE O CUALQUIER OTRO ELEMENTO DISTRACTOR).",CHOQUE FRONTAL,AUTOMOVIL,1,0,1,0,0,0,0,0,0,0,0,0,0,2,-1,HOMBRE,FALLECIDO,CONDUCTOR PRESENTE,NO,NO,3
9641,29865,29866,2018,0,0,-0.518239,-78.584285,PICHINCHA,MEJIA,ALOASI,RURAL,2018-01-14,01:45:00,1,DOMINGO,7,ENERO,1,NO,"CONDUCIR DESATENTO A LAS CONDICIONES DE TRANSITO (CELULAR, PANTALLAS DE VIDEO, COMIDA, MAQUILLAJE O CUALQUIER OTRO ELEMENTO DISTRACTOR).",ESTRELLAMIENTOS,AUTOMOVIL,1,0,0,0,0,0,1,0,0,0,0,0,0,2,-1,NO IDENTIFICADO,NO IDENTIFICADO,CONDUCTOR AUSENTE,NO,NO,2
9642,29866,29867,2018,0,0,-0.210533,-78.382613,PICHINCHA,QUITO,TUMBACO,URBANA,2018-01-14,01:55:00,1,DOMINGO,7,ENERO,1,NO,"CONDUCIR EN ESTADO DE SOMNOLENCIA O MALAS CONDICIONES FISICAS (SUENIO, CANSANCIO Y FATIGA).",VOLCAMIENTOS,AUTOMOVIL,1,0,0,0,0,0,0,0,0,0,0,0,0,1,-1,NO IDENTIFICADO,NO IDENTIFICADO,CONDUCTOR AUSENTE,NO,NO,2
9643,29870,29871,2018,1,0,-0.212824,-78.402686,PICHINCHA,QUITO,TUMBACO,URBANA,2018-01-14,02:15:00,2,DOMINGO,7,ENERO,1,NO,"CONDICIONES AMBIENTALES Y/O ATMOSFERICAS (NIEBLA, NEBLINA, GRANIZO, LLUVIA).",ESTRELLAMIENTOS,MOTOCICLETA,0,0,0,0,0,0,0,0,1,1,0,0,0,2,27,HOMBRE,LESIONADO,CONDUCTOR PRESENTE,NO,NO,0
9644,29875,29876,2018,1,1,-0.279006,-78.552851,PICHINCHA,QUITO,QUITO,URBANA,2018-01-14,04:10:00,4,DOMINGO,7,ENERO,1,NO,"CONDICIONES AMBIENTALES Y/O ATMOSFERICAS (NIEBLA, NEBLINA, GRANIZO, LLUVIA).",ESTRELLAMIENTOS,CAMIONETA,0,0,0,0,1,0,0,0,0,0,0,0,0,1,23,HOMBRE,FALLECIDO,PASAJERO,NO,NO,0
9645,29876,29877,2018,0,0,-0.254686,-78.504316,PICHINCHA,QUITO,QUITO,URBANA,2018-01-14,04:20:00,4,DOMINGO,7,ENERO,1,NO,"CONDICIONES AMBIENTALES Y/O ATMOSFERICAS (NIEBLA, NEBLINA, GRANIZO, LLUVIA).",ESTRELLAMIENTOS,AUTOMOVIL,1,0,0,0,0,0,0,0,0,0,0,0,0,1,39,HOMBRE,ILESO,CONDUCTOR PRESENTE,NO,NO,0
9646,29878,29879,2018,1,0,-0.090789,-78.474609,PICHINCHA,QUITO,QUITO,URBANA,2018-01-14,05:45:00,5,DOMINGO,7,ENERO,1,NO,"CONDUCE BAJO LA INFLUENCIA DE ALCOHOL, SUSTANCIAS ESTUPEFACIENTES O PSICOTROPICAS Y/O MEDICAMENTOS.",CHOQUE POSTERIOR,AUTOMOVIL,2,0,0,0,0,0,0,0,0,0,0,0,0,2,29,HOMBRE,LESIONADO,CONDUCTOR PRESENTE,NO,NO,0
9647,29879,29880,2018,0,0,-0.375813,-78.497351,PICHINCHA,QUITO,AMAGUANIA,URBANA,2018-01-14,05:50:00,5,DOMINGO,7,ENERO,1,NO,NO MANTENER LA DISTANCIA PRUDENCIAL CON RESPECTO AL VEHICULO QUE LE ANTECEDE.,CHOQUE POSTERIOR,AUTOMOVIL,1,0,0,0,0,0,0,0,0,0,0,0,1,2,36,MUJER,ILESO,CONDUCTOR PRESENTE,NO,NO,0
9648,29882,29883,2018,1,0,-0.270672,-78.333263,PICHINCHA,QUITO,PIFO,URBANA,2018-01-14,06:45:00,6,DOMINGO,7,ENERO,1,NO,"CONDUCIR DESATENTO A LAS CONDICIONES DE TRANSITO (CELULAR, PANTALLAS DE VIDEO, COMIDA, MAQUILLAJE O CUALQUIER OTRO ELEMENTO DISTRACTOR).",PERDIDA DE PISTA,AUTOMOVIL,1,0,0,0,0,0,0,0,0,0,0,0,0,1,25,HOMBRE,LESIONADO,CONDUCTOR PRESENTE,NO,NO,0
9649,29886,29887,2018,1,0,-0.258975,-78.546825,PICHINCHA,QUITO,QUITO,URBANA,2018-01-14,07:40:00,7,DOMINGO,7,ENERO,1,NO,"NO RESPETAR LAS SENIALES REGLAMENTARIAS DE TRANSITO. (PARE, CEDA EL PASO, LUZ ROJA DEL SEMAFORO, ETC).",CHOQUE LATERAL,MOTOCICLETA,0,0,0,0,0,0,0,0,1,0,0,0,0,1,31,HOMBRE,LESIONADO,CONDUCTOR PRESENTE,NO,NO,0
9650,29887,29888,2018,0,0,-0.230166,-78.528503,PICHINCHA,QUITO,QUITO,URBANA,2018-01-14,07:55:00,7,DOMINGO,7,ENERO,1,NO,"NO RESPETAR LAS SENIALES REGLAMENTARIAS DE TRANSITO. (PARE, CEDA EL PASO, LUZ ROJA DEL SEMAFORO, ETC).",CHOQUE LATERAL,AUTOMOVIL,1,0,0,0,0,0,0,0,0,0,0,0,0,1,64,HOMBRE,ILESO,CONDUCTOR PRESENTE,NO,NO,0