,Unnamed: 0,ID,ANIO,LESIONADOS,FALLECIDOS,LATITUD_Y,LONGITUD_X,PROVINCIA,CANTON,PARROQUIA,ZONA,FECHA,HORA,PERIODO_2,DIA_1,DIA_2,MES_1,MES_2,FERIADO,CAUSA_PROBABLE,TIPO_DE_SINIESTRO,TIPO_DE_VEHICULO_1,AUTOMOVIL,BICICLETA,BUS,CAMION,CAMIONETA,EMERGENCIAS,ESPECIAL,FURGONETA,MOTOCICLETA,NO_IDENTIFICADO,SCOOTER_ELECTRICO,TRICIMOTO,VEHICULO_DEPORTIVO_UTILITARIO,SUMA_DE_VEHICULOS,EDAD_1,SEXO_1,CONDICION_1,PARTICIPANTE_1,CASCO_1,CINTURON_1,KMeans_Cluster
9709,30074,30075,2018,0,0,-0.237734,-78.509298,PICHINCHA,QUITO,QUITO,URBANA,2018-01-17,11:10:00,11,MIERCOLES,3,ENERO,1,NO,"CONDICIONES AMBIENTALES Y/O ATMOSFERICAS (NIEBLA, NEBLINA, GRANIZO, LLUVIA).",ESTRELLAMIENTOS,BUS,0,0,1,0,0,0,0,0,0,0,0,0,0,1,32,HOMBRE,ILESO,CONDUCTOR PRESENTE,NO,NO,0
9710,30075,30076,2018,1,0,-0.204821,-78.490908,PICHINCHA,QUITO,QUITO,URBANA,2018-01-17,11:15:00,11,MIERCOLES,3,ENERO,1,NO,NO TRANSITAR POR LAS ACERAS O ZONAS DE SEGURIDAD DESTINADAS PARA EL EFECTO.,ATROPELLOS,AUTOMOVIL,1,0,0,0,0,0,0,0,0,0,0,0,0,1,20,HOMBRE,LESIONADO,PEATON,NO,NO,0
9711,30079,30080,2018,0,0,-0.282706,-78.554325,PICHINCHA,QUITO,QUITO,URBANA,2018-01-17,12:50:00,12,MIERCOLES,3,ENERO,1,NO,NO TRANSITAR POR LAS ACERAS O ZONAS DE SEGURIDAD DESTINADAS PARA EL EFECTO.,ATROPELLOS,MOTOCICLETA,0,0,0,0,0,0,0,0,1,0,0,0,0,1,38,HOMBRE,ILESO,CONDUCTOR PRESENTE,NO,NO,0
9712,30081,30082,2018,0,0,-0.216104,-78.490957,PICHINCHA,QUITO,QUITO,URBANA,2018-01-17,13:19:00,13,MIERCOLES,3,ENERO,1,NO,"CONDUCE BAJO LA INFLUENCIA DE ALCOHOL, SUSTANCIAS ESTUPEFACIENTES O PSICOTROPICAS Y/O MEDICAMENTOS.",ESTRELLAMIENTOS,AUTOMOVIL,1,0,0,0,0,0,0,0,0,0,0,0,0,1,20,HOMBRE,ILESO,CONDUCTOR PRESENTE,NO,NO,0
9713,30083,30084,2018,1,0,-0.219366,-78.510932,PICHINCHA,QUITO,QUITO,URBANA,2018-01-17,13:45:00,13,MIERCOLES,3,ENERO,1,NO,PEATON QUE CRUZA LA CALZADA SIN RESPETAR LA SENIALIZACION EXISTENTE (SEMAFOROS O SENIALES MANUALES).,ATROPELLOS,FURGONETA,0,0,0,0,0,0,0,1,0,0,0,0,0,1,75,MUJER,LESIONADO,PEATON,NO,NO,0
9714,30085,30086,2018,1,0,-0.065345,-78.457143,PICHINCHA,QUITO,POMASQUI,URBANA,2018-01-17,14:40:00,14,MIERCOLES,3,ENERO,1,NO,DANIOS MECANICOS PREVISIBLES.,COLISION,BUS,2,0,1,0,1,0,0,0,0,0,0,0,2,6,-1,HOMBRE,LESIONADO,PASAJERO,NO,NO,0
9715,30094,30095,2018,0,0,-0.162831,-78.486035,PICHINCHA,QUITO,QUITO,URBANA,2018-01-17,18:40:00,18,MIERCOLES,3,ENERO,1,NO,NO CEDER EL DERECHO DE VIA O PREFERENCIA DE PASO A VEHICULOS.,CHOQUE LATERAL,AUTOMOVIL,2,0,0,0,0,0,0,0,0,0,0,0,0,2,38,HOMBRE,ILESO,CONDUCTOR PRESENTE,NO,NO,0
9716,30096,30097,2018,1,0,-0.214689,-78.503449,PICHINCHA,QUITO,QUITO,URBANA,2018-01-17,19:19:00,19,MIERCOLES,3,ENERO,1,NO,NO TRANSITAR POR LAS ACERAS O ZONAS DE SEGURIDAD DESTINADAS PARA EL EFECTO.,ATROPELLOS,BUS,0,0,1,0,0,0,0,0,0,0,0,0,0,1,19,HOMBRE,LESIONADO,PEATON,NO,NO,0
9717,30097,30098,2018,0,0,-0.168071,-78.478515,PICHINCHA,QUITO,QUITO,URBANA,2018-01-17,19:50:00,19,MIERCOLES,3,ENERO,1,NO,"NO RESPETAR LAS SENIALES REGLAMENTARIAS DE TRANSITO. (PARE, CEDA EL PASO, LUZ ROJA DEL SEMAFORO, ETC).",CHOQUE LATERAL,AUTOMOVIL,2,0,0,0,0,0,0,0,0,0,0,0,0,2,37,HOMBRE,ILESO,CONDUCTOR PRESENTE,NO,NO,0
9718,30104,30105,2018,1,0,-0.121124,-78.496869,PICHINCHA,QUITO,QUITO,URBANA,2018-01-17,21:20:00,21,MIERCOLES,3,ENERO,1,NO,NO CEDER EL DERECHO DE VIA O PREFERENCIA DE PASO AL PEATON.,ATROPELLOS,NO IDENTIFICADO,0,0,0,0,0,0,0,0,0,1,0,0,0,1,19,HOMBRE,LESIONADO,PEATON,NO,NO,0
9719,30106,30107,2018,0,0,-0.213152,-78.498915,PICHINCHA,QUITO,QUITO,URBANA,2018-01-17,23:10:00,23,MIERCOLES,3,ENERO,1,NO,"CONDUCE BAJO LA INFLUENCIA DE ALCOHOL, SUSTANCIAS ESTUPEFACIENTES O PSICOTROPICAS Y/O MEDICAMENTOS.",ESTRELLAMIENTOS,AUTOMOVIL,1,0,0,0,0,0,0,0,0,0,0,0,0,1,29,HOMBRE,ILESO,CONDUCTOR PRESENTE,NO,NO,0
9720,30107,30108,2018,0,0,-0.355057,-78.549323,PICHINCHA,QUITO,QUITO,URBANA,2018-01-17,23:35:00,23,MIERCOLES,3,ENERO,1,NO,"CONDUCIR EN ESTADO DE SOMNOLENCIA O MALAS CONDICIONES FISICAS (SUENIO, CANSANCIO Y FATIGA).",ESTRELLAMIENTOS,AUTOMOVIL,1,0,0,0,0,0,0,0,0,0,0,0,0,1,-1,NO IDENTIFICADO,NO IDENTIFICADO,CONDUCTOR AUSENTE,NO,NO,2
9721,30109,30110,2018,0,0,-0.206523,-78.512161,PICHINCHA,QUITO,QUITO,URBANA,2018-01-18,01:20:00,1,JUEVES,4,ENERO,1,NO,CONDUCIR VEHICULO SUPERANDO LOS LIMITES MAXIMOS DE VELOCIDAD.,ESTRELLAMIENTOS,AUTOMOVIL,1,0,0,0,0,0,0,0,0,0,0,0,0,1,24,HOMBRE,ILESO,CONDUCTOR PRESENTE,NO,NO,0
9722,30111,30112,2018,0,0,-0.153781,-78.489288,PICHINCHA,QUITO,QUITO,URBANA,2018-01-18,03:40:00,3,JUEVES,4,ENERO,1,NO,"CONDUCIR EN ESTADO DE SOMNOLENCIA O MALAS CONDICIONES FISICAS (SUENIO, CANSANCIO Y FATIGA).",ESTRELLAMIENTOS,AUTOMOVIL,1,0,0,0,0,0,0,0,0,0,0,0,0,1,-1,NO IDENTIFICADO,NO IDENTIFICADO,CONDUCTOR AUSENTE,NO,NO,2
9723,30112,30113,2018,0,0,-0.506964,-78.573819,PICHINCHA,MEJIA,MACHACHI,URBANA,2018-01-18,03:56:00,3,JUEVES,4,ENERO,1,NO,DEJAR O RECOGER PASAJEROS EN LUGARES NO PERMITIDOS.,OTROS,AUTOMOVIL,1,0,0,0,0,0,0,0,0,0,0,0,0,1,36,HOMBRE,ILESO,CONDUCTOR PRESENTE,NO,NO,0
9724,30115,30116,2018,0,0,-0.065868,-78.451746,PICHINCHA,QUITO,CALDERON (CARAPUNGO),URBANA,2018-01-18,05:02:00,5,JUEVES,4,ENERO,1,NO,"CONDUCIR EN ESTADO DE SOMNOLENCIA O MALAS CONDICIONES FISICAS (SUENIO, CANSANCIO Y FATIGA).",OTROS,AUTOMOVIL,1,0,0,0,0,0,0,0,0,0,0,0,0,1,-1,NO IDENTIFICADO,NO IDENTIFICADO,CONDUCTOR AUSENTE,NO,NO,2
9725,30116,30117,2018,0,0,-0.217522,-78.674346,PICHINCHA,QUITO,LLOA,URBANA,2018-01-18,05:05:00,5,JUEVES,4,ENERO,1,NO,"CONDICIONES AMBIENTALES Y/O ATMOSFERICAS (NIEBLA, NEBLINA, GRANIZO, LLUVIA).",ESTRELLAMIENTOS,CAMIONETA,0,0,0,0,2,0,0,0,0,0,0,0,0,2,50,HOMBRE,ILESO,CONDUCTOR PRESENTE,NO,NO,0
9726,30117,30118,2018,0,0,-0.445703,-78.629063,PICHINCHA,MEJIA,ALOAG,URBANA,2018-01-18,05:23:00,5,JUEVES,4,ENERO,1,NO,NO MANTENER LA DISTANCIA PRUDENCIAL CON RESPECTO AL VEHICULO QUE LE ANTECEDE.,CHOQUE POSTERIOR,CAMION,0,0,0,1,0,0,0,0,0,0,0,0,0,1,43,HOMBRE,ILESO,CONDUCTOR PRESENTE,NO,NO,0
9727,30122,30123,2018,0,0,-0.259484,-78.539933,PICHINCHA,QUITO,QUITO,URBANA,2018-01-18,06:00:00,6,JUEVES,4,ENERO,1,NO,NO CEDER EL DERECHO DE VIA O PREFERENCIA DE PASO A VEHICULOS.,CHOQUE LATERAL,AUTOMOVIL,1,0,0,0,1,0,0,0,0,0,0,0,0,2,40,HOMBRE,ILESO,CONDUCTOR PRESENTE,NO,NO,0
9728,30124,30125,2018,1,0,-0.176466,-78.485731,PICHINCHA,QUITO,QUITO,URBANA,2018-01-18,06:20:00,6,JUEVES,4,ENERO,1,NO,CONDUCIR VEHICULO SUPERANDO LOS LIMITES MAXIMOS DE VELOCIDAD.,ATROPELLOS,NO IDENTIFICADO,0,0,0,0,0,0,0,0,0,1,0,0,0,1,28,HOMBRE,LESIONADO,PEATON,NO,NO,0
9729,30125,30126,2018,0,0,-0.419351,-78.550778,PICHINCHA,MEJIA,TAMBILLO (MEJIA),URBANA,2018-01-18,06:54:00,6,JUEVES,4,ENERO,1,NO,NO MANTENER LA DISTANCIA PRUDENCIAL CON RESPECTO AL VEHICULO QUE LE ANTECEDE.,CHOQUE POSTERIOR,VEHICULO DEPORTIVO UTILITARIO,0,0,0,0,0,0,0,0,0,1,0,0,1,2,60,HOMBRE,ILESO,CONDUCTOR PRESENTE,NO,NO,0
9730,30133,30134,2018,0,0,-0.148846,-78.478529,PICHINCHA,QUITO,QUITO,URBANA,2018-01-18,07:40:00,7,JUEVES,4,ENERO,1,NO,CONDUCIR VEHICULO SUPERANDO LOS LIMITES MAXIMOS DE VELOCIDAD.,CHOQUE LATERAL,BUS,2,0,1,0,0,0,0,0,0,0,0,0,0,3,30,MUJER,ILESO,CONDUCTOR PRESENTE,NO,NO,0
9731,30134,30135,2018,1,0,-0.128473,-78.466127,PICHINCHA,QUITO,QUITO,URBANA,2018-01-18,08:00:00,8,JUEVES,4,ENERO,1,NO,"CONDUCIR DESATENTO A LAS CONDICIONES DE TRANSITO (CELULAR, PANTALLAS DE VIDEO, COMIDA, MAQUILLAJE O CUALQUIER OTRO ELEMENTO DISTRACTOR).",ATROPELLOS,NO IDENTIFICADO,0,0,0,0,0,0,0,0,0,1,0,0,0,1,29,MUJER,LESIONADO,PEATON,NO,NO,0
9732,30137,30138,2018,1,0,-0.175721,-78.486831,PICHINCHA,QUITO,QUITO,URBANA,2018-01-18,08:39:00,8,JUEVES,4,ENERO,1,NO,BAJARSE O SUBIRSE DE VEHICULOS EN MOVIMIENTO SIN TOMAR LAS PRECAUCIONES DEBIDAS.,CAIDA DE PASAJERO,BUS,0,0,1,0,0,0,0,0,0,0,0,0,0,1,29,MUJER,LESIONADO,PASAJERO,NO,NO,0
9733,30144,30145,2018,1,0,-0.208498,-78.485714,PICHINCHA,QUITO,QUITO,URBANA,2018-01-18,11:27:00,11,JUEVES,4,ENERO,1,NO,DEJAR O RECOGER PASAJEROS EN LUGARES NO PERMITIDOS.,CAIDA DE PASAJERO,NO IDENTIFICADO,0,0,0,0,0,0,0,0,0,1,0,0,0,1,29,MUJER,LESIONADO,PASAJERO,NO,NO,0
9734,30145,30146,2018,1,0,-0.227213,-78.507131,PICHINCHA,QUITO,QUITO,URBANA,2018-01-18,11:50:00,11,JUEVES,4,ENERO,1,NO,DEJAR O RECOGER PASAJEROS EN LUGARES NO PERMITIDOS.,CAIDA DE PASAJERO,BUS,0,0,1,0,0,0,0,0,0,0,0,0,0,1,51,HOMBRE,LESIONADO,PASAJERO,NO,NO,0
9735,30146,30147,2018,1,0,-0.312059,-78.547352,PICHINCHA,QUITO,QUITO,URBANA,2018-01-18,12:00:00,12,JUEVES,4,ENERO,1,NO,BAJARSE O SUBIRSE DE VEHICULOS EN MOVIMIENTO SIN TOMAR LAS PRECAUCIONES DEBIDAS.,CAIDA DE PASAJERO,NO IDENTIFICADO,0,0,0,0,0,0,0,0,0,1,0,0,0,1,35,MUJER,LESIONADO,PASAJERO,NO,NO,0
9736,30152,30153,2018,1,0,-0.272778,-78.537921,PICHINCHA,QUITO,QUITO,URBANA,2018-01-18,13:45:00,13,JUEVES,4,ENERO,1,NO,PEATON QUE CRUZA LA CALZADA SIN RESPETAR LA SENIALIZACION EXISTENTE (SEMAFOROS O SENIALES MANUALES).,ATROPELLOS,AUTOMOVIL,1,0,0,0,0,0,0,0,0,0,0,0,0,1,5,HOMBRE,LESIONADO,PEATON,NO,NO,0
9737,30153,30154,2018,1,0,-0.222567,-78.191451,PICHINCHA,QUITO,PIFO,URBANA,2018-01-18,13:50:00,13,JUEVES,4,ENERO,1,NO,PEATON QUE CRUZA LA CALZADA SIN RESPETAR LA SENIALIZACION EXISTENTE (SEMAFOROS O SENIALES MANUALES).,ATROPELLOS,AUTOMOVIL,1,0,0,0,0,0,0,0,0,0,0,0,0,1,6,HOMBRE,LESIONADO,PEATON,NO,NO,0
9738,30154,30155,2018,1,0,-0.151665,-78.489752,PICHINCHA,QUITO,QUITO,URBANA,2018-01-18,13:50:00,13,JUEVES,4,ENERO,1,NO,"NO RESPETAR LAS SENIALES REGLAMENTARIAS DE TRANSITO. (PARE, CEDA EL PASO, LUZ ROJA DEL SEMAFORO, ETC).",ATROPELLOS,NO IDENTIFICADO,0,0,0,0,0,0,0,0,0,1,0,0,0,1,6,HOMBRE,LESIONADO,PEATON,NO,NO,0
9739,30157,30158,2018,0,0,-0.213276,-78.409527,PICHINCHA,QUITO,TUMBACO,URBANA,2018-01-18,14:58:00,14,JUEVES,4,ENERO,1,NO,"CONDUCE BAJO LA INFLUENCIA DE ALCOHOL, SUSTANCIAS ESTUPEFACIENTES O PSICOTROPICAS Y/O MEDICAMENTOS.",CHOQUE POSTERIOR,AUTOMOVIL,1,0,0,0,1,0,0,0,0,0,0,0,0,2,36,HOMBRE,ILESO,CONDUCTOR PRESENTE,NO,NO,0
9740,30160,30161,2018,0,0,-0.077629,-78.385775,PICHINCHA,QUITO,CALDERON (CARAPUNGO),RURAL,2018-01-18,16:00:00,16,JUEVES,4,ENERO,1,NO,"CONDUCIR EN ESTADO DE SOMNOLENCIA O MALAS CONDICIONES FISICAS (SUENIO, CANSANCIO Y FATIGA).",CHOQUE POSTERIOR,VEHICULO DEPORTIVO UTILITARIO,0,0,0,0,1,0,0,0,0,0,0,0,1,2,48,HOMBRE,ILESO,CONDUCTOR PRESENTE,NO,NO,3
9741,30164,30165,2018,0,0,-0.223301,-78.487751,PICHINCHA,QUITO,QUITO,URBANA,2018-01-18,17:45:00,17,JUEVES,4,ENERO,1,NO,"ADELANTAR O REBASAR A OTRO VEHICULO EN MOVIMIENTO EN ZONAS O SITIOS PELIGROSOS TALES COMO: CURVAS, PUENTES, TUNELES, PENDIENTES, ETC.",CHOQUE FRONTAL,AUTOMOVIL,2,0,0,0,0,0,0,0,0,0,0,0,0,2,67,HOMBRE,ILESO,CONDUCTOR PRESENTE,NO,NO,0
9742,30167,30168,2018,2,0,-0.235783,-78.530103,PICHINCHA,QUITO,QUITO,URBANA,2018-01-18,18:45:00,18,JUEVES,4,ENERO,1,NO,NO CEDER EL DERECHO DE VIA O PREFERENCIA DE PASO A VEHICULOS.,CHOQUE LATERAL,MOTOCICLETA,0,0,0,0,0,0,0,0,2,0,0,0,0,2,24,HOMBRE,LESIONADO,CONDUCTOR PRESENTE,NO,NO,0
9743,30171,30172,2018,3,0,-0.280381,-78.556709,PICHINCHA,QUITO,QUITO,URBANA,2018-01-18,21:15:00,21,JUEVES,4,ENERO,1,NO,CONDUCIR VEHICULO SUPERANDO LOS LIMITES MAXIMOS DE VELOCIDAD.,OTROS,NO IDENTIFICADO,0,0,0,0,0,0,0,0,0,1,0,0,0,1,28,HOMBRE,LESIONADO,CONDUCTOR PRESENTE,NO,NO,0
9744,30175,30176,2018,1,0,-0.156508,-78.486351,PICHINCHA,QUITO,QUITO,URBANA,2018-01-18,23:40:00,23,JUEVES,4,ENERO,1,NO,"CONDUCE BAJO LA INFLUENCIA DE ALCOHOL, SUSTANCIAS ESTUPEFACIENTES O PSICOTROPICAS Y/O MEDICAMENTOS.",CHOQUE POSTERIOR,AUTOMOVIL,1,0,0,0,0,0,0,0,1,0,0,0,0,2,26,MUJER,LESIONADO,PASAJERO,NO,NO,0
9745,30177,30178,2018,0,0,-0.261733,-78.547617,PICHINCHA,QUITO,QUITO,URBANA,2018-01-19,00:45:00,0,VIERNES,5,ENERO,1,NO,"CONDUCE BAJO LA INFLUENCIA DE ALCOHOL, SUSTANCIAS ESTUPEFACIENTES O PSICOTROPICAS Y/O MEDICAMENTOS.",CHOQUE LATERAL,AUTOMOVIL,2,0,0,0,0,0,0,0,0,0,0,0,0,2,18,HOMBRE,ILESO,CONDUCTOR PRESENTE,NO,NO,0
9746,30181,30182,2018,0,0,-0.275053,-78.540401,PICHINCHA,QUITO,QUITO,URBANA,2018-01-19,04:25:00,4,VIERNES,5,ENERO,1,NO,"CONDUCIR EN ESTADO DE SOMNOLENCIA O MALAS CONDICIONES FISICAS (SUENIO, CANSANCIO Y FATIGA).",ESTRELLAMIENTOS,AUTOMOVIL,1,0,0,0,0,0,0,0,0,0,0,0,0,1,-1,NO IDENTIFICADO,NO IDENTIFICADO,CONDUCTOR AUSENTE,NO,NO,2
9747,30182,30183,2018,1,0,-0.289587,-78.538688,PICHINCHA,QUITO,QUITO,URBANA,2018-01-19,04:25:00,4,VIERNES,5,ENERO,1,NO,CONDUCIR VEHICULO SUPERANDO LOS LIMITES MAXIMOS DE VELOCIDAD.,CHOQUE LATERAL,MOTOCICLETA,0,0,0,0,0,0,0,0,1,1,0,0,0,2,25,HOMBRE,LESIONADO,CONDUCTOR PRESENTE,NO,NO,0
9748,30184,30185,2018,0,0,-0.244839,-78.485243,PICHINCHA,QUITO,QUITO,URBANA,2018-01-19,06:30:00,6,VIERNES,5,ENERO,1,NO,"NO RESPETAR LAS SENIALES REGLAMENTARIAS DE TRANSITO. (PARE, CEDA EL PASO, LUZ ROJA DEL SEMAFORO, ETC).",ESTRELLAMIENTOS,CAMION,0,0,0,1,0,0,0,0,0,0,0,0,0,1,56,HOMBRE,ILESO,CONDUCTOR PRESENTE,NO,NO,0
9749,30186,30187,2018,2,0,-0.165451,-78.476847,PICHINCHA,QUITO,QUITO,URBANA,2018-01-19,07:45:00,7,VIERNES,5,ENERO,1,NO,"NO RESPETAR LAS SENIALES REGLAMENTARIAS DE TRANSITO. (PARE, CEDA EL PASO, LUZ ROJA DEL SEMAFORO, ETC).",CHOQUE LATERAL,FURGONETA,1,0,0,0,0,0,0,1,0,0,0,0,0,2,28,MUJER,LESIONADO,PASAJERO,NO,NO,0
9750,30188,30189,2018,0,1,-0.002722,-78.443116,PICHINCHA,QUITO,SAN ANTONIO (QUITO),URBANA,2018-01-19,07:55:00,7,VIERNES,5,ENERO,1,NO,NO CEDER EL DERECHO DE VIA O PREFERENCIA DE PASO AL PEATON.,ATROPELLOS,CAMION,0,0,0,1,0,0,0,0,0,0,0,0,0,1,68,HOMBRE,FALLECIDO,PEATON,NO,NO,0
9751,30191,30192,2018,1,0,-0.099083,-78.421844,PICHINCHA,QUITO,CALDERON (CARAPUNGO),URBANA,2018-01-19,09:20:00,9,VIERNES,5,ENERO,1,NO,CONDUCIR VEHICULO SUPERANDO LOS LIMITES MAXIMOS DE VELOCIDAD.,ATROPELLOS,NO IDENTIFICADO,0,0,0,0,0,0,0,0,0,1,0,0,0,1,23,HOMBRE,LESIONADO,PEATON,NO,NO,0
9752,30192,30193,2018,0,0,-0.206438,-78.370261,PICHINCHA,QUITO,PUEMBO,URBANA,2018-01-19,10:17:00,10,VIERNES,5,ENERO,1,NO,"CONDICIONES AMBIENTALES Y/O ATMOSFERICAS (NIEBLA, NEBLINA, GRANIZO, LLUVIA).",CHOQUE FRONTAL,AUTOMOVIL,1,0,0,0,0,0,0,1,0,0,0,0,0,2,68,HOMBRE,ILESO,CONDUCTOR PRESENTE,NO,NO,0
9753,30194,30195,2018,3,0,-0.172511,-78.487728,PICHINCHA,QUITO,QUITO,URBANA,2018-01-19,11:00:00,11,VIERNES,5,ENERO,1,NO,"CONDUCIR DESATENTO A LAS CONDICIONES DE TRANSITO (CELULAR, PANTALLAS DE VIDEO, COMIDA, MAQUILLAJE O CUALQUIER OTRO ELEMENTO DISTRACTOR).",ATROPELLOS,NO IDENTIFICADO,0,0,0,0,0,0,0,0,0,1,0,0,0,1,19,MUJER,LESIONADO,PEATON,NO,NO,0
9754,30201,30202,2018,0,0,-0.235971,-78.520531,PICHINCHA,QUITO,QUITO,URBANA,2018-01-19,13:05:00,13,VIERNES,5,ENERO,1,NO,NO CEDER EL DERECHO DE VIA O PREFERENCIA DE PASO A VEHICULOS.,CHOQUE LATERAL,CAMION,0,0,0,1,0,0,0,0,0,0,0,0,0,1,27,HOMBRE,ILESO,CONDUCTOR PRESENTE,NO,NO,0
9755,30203,30204,2018,1,0,-0.175511,-78.488431,PICHINCHA,QUITO,QUITO,URBANA,2018-01-19,13:55:00,13,VIERNES,5,ENERO,1,NO,"NO RESPETAR LAS SENIALES REGLAMENTARIAS DE TRANSITO. (PARE, CEDA EL PASO, LUZ ROJA DEL SEMAFORO, ETC).",CHOQUE LATERAL,CAMIONETA,0,0,0,0,1,0,0,0,1,0,0,0,0,2,29,HOMBRE,LESIONADO,CONDUCTOR PRESENTE,NO,NO,0
9756,30205,30206,2018,0,0,-0.291181,-78.541928,PICHINCHA,QUITO,QUITO,URBANA,2018-01-19,14:30:00,14,VIERNES,5,ENERO,1,NO,"NO RESPETAR LAS SENIALES REGLAMENTARIAS DE TRANSITO. (PARE, CEDA EL PASO, LUZ ROJA DEL SEMAFORO, ETC).",CHOQUE LATERAL,AUTOMOVIL,2,0,0,0,0,0,0,0,0,0,0,0,0,2,38,MUJER,ILESO,CONDUCTOR PRESENTE,NO,NO,0
9757,30206,30207,2018,1,0,-0.290261,-78.475697,PICHINCHA,QUITO,CONOCOTO,URBANA,2018-01-19,15:13:00,15,VIERNES,5,ENERO,1,NO,NO TRANSITAR POR LAS ACERAS O ZONAS DE SEGURIDAD DESTINADAS PARA EL EFECTO.,ATROPELLOS,FURGONETA,0,0,0,0,0,0,0,1,0,0,0,0,0,1,8,MUJER,LESIONADO,PEATON,NO,NO,0
9758,30217,30218,2018,0,0,-0.137403,-78.466887,PICHINCHA,QUITO,QUITO,URBANA,2018-01-19,18:20:00,18,VIERNES,5,ENERO,1,NO,"CONDUCE BAJO LA INFLUENCIA DE ALCOHOL, SUSTANCIAS ESTUPEFACIENTES O PSICOTROPICAS Y/O MEDICAMENTOS.",ESTRELLAMIENTOS,AUTOMOVIL,2,0,0,0,1,0,0,0,0,0,0,0,0,3,31,HOMBRE,ILESO,CONDUCTOR PRESENTE,NO,NO,0
9759,30219,30220,2018,1,0,-0.206111,-78.487335,PICHINCHA,QUITO,QUITO,URBANA,2018-01-19,18:30:00,18,VIERNES,5,ENERO,1,NO,"CONDUCE BAJO LA INFLUENCIA DE ALCOHOL, SUSTANCIAS ESTUPEFACIENTES O PSICOTROPICAS Y/O MEDICAMENTOS.",CHOQUE LATERAL,AUTOMOVIL,1,0,0,0,0,0,0,0,1,0,0,0,0,2,32,HOMBRE,LESIONADO,CONDUCTOR PRESENTE,NO,NO,0
9760,30227,30228,2018,0,0,-0.119451,-78.506659,PICHINCHA,QUITO,QUITO,URBANA,2018-01-19,20:40:00,20,VIERNES,5,ENERO,1,NO,CONDUCIR VEHICULO SUPERANDO LOS LIMITES MAXIMOS DE VELOCIDAD.,VOLCAMIENTOS,FURGONETA,0,0,0,0,0,0,0,1,0,0,0,0,0,1,-1,NO IDENTIFICADO,NO IDENTIFICADO,CONDUCTOR AUSENTE,NO,NO,2
9761,30241,30242,2018,1,0,-0.141361,-78.482613,PICHINCHA,QUITO,QUITO,URBANA,2018-01-20,00:15:00,0,SABADO,6,ENERO,1,NO,"CONDUCIR EN ESTADO DE SOMNOLENCIA O MALAS CONDICIONES FISICAS (SUENIO, CANSANCIO Y FATIGA).",CHOQUE LATERAL,AUTOMOVIL,1,0,0,0,0,0,0,0,1,0,0,0,0,2,30,HOMBRE,LESIONADO,CONDUCTOR PRESENTE,NO,NO,0
9762,30243,30244,2018,0,0,-0.339979,-78.434114,PICHINCHA,RUMINIAHUI,SANGOLQUI,URBANA,2018-01-20,00:20:00,0,SABADO,6,ENERO,1,NO,"CONDUCIR DESATENTO A LAS CONDICIONES DE TRANSITO (CELULAR, PANTALLAS DE VIDEO, COMIDA, MAQUILLAJE O CUALQUIER OTRO ELEMENTO DISTRACTOR).",ESTRELLAMIENTOS,AUTOMOVIL,1,0,0,0,0,0,0,0,0,0,0,0,0,1,-1,NO IDENTIFICADO,NO IDENTIFICADO,CONDUCTOR AUSENTE,NO,NO,2
9763,30246,30247,2018,0,0,-0.105373,-78.462381,PICHINCHA,QUITO,QUITO,URBANA,2018-01-20,01:35:00,1,SABADO,6,ENERO,1,NO,"CONDICIONES AMBIENTALES Y/O ATMOSFERICAS (NIEBLA, NEBLINA, GRANIZO, LLUVIA).",ESTRELLAMIENTOS,AUTOMOVIL,1,0,0,0,0,0,0,0,0,0,0,0,0,1,29,HOMBRE,ILESO,CONDUCTOR PRESENTE,NO,NO,0
9764,30249,30250,2018,1,0,-0.358481,-78.480353,PICHINCHA,QUITO,AMAGUANIA,URBANA,2018-01-20,02:40:00,2,SABADO,6,ENERO,1,NO,"CONDUCIR EN ESTADO DE SOMNOLENCIA O MALAS CONDICIONES FISICAS (SUENIO, CANSANCIO Y FATIGA).",ESTRELLAMIENTOS,AUTOMOVIL,1,0,0,0,0,0,0,0,0,0,0,0,0,1,24,HOMBRE,LESIONADO,PASAJERO,NO,NO,0
9765,30251,30252,2018,1,0,-0.268791,-78.533187,PICHINCHA,QUITO,QUITO,URBANA,2018-01-20,03:30:00,3,SABADO,6,ENERO,1,NO,"CONDUCIR EN ESTADO DE SOMNOLENCIA O MALAS CONDICIONES FISICAS (SUENIO, CANSANCIO Y FATIGA).",CHOQUE POSTERIOR,MOTOCICLETA,0,0,0,0,0,0,0,0,1,1,0,0,0,2,41,HOMBRE,LESIONADO,CONDUCTOR PRESENTE,NO,NO,0
9766,30253,30254,2018,1,0,-0.168435,-78.487172,PICHINCHA,QUITO,QUITO,URBANA,2018-01-20,03:35:00,3,SABADO,6,ENERO,1,NO,"CONDUCIR EN ESTADO DE SOMNOLENCIA O MALAS CONDICIONES FISICAS (SUENIO, CANSANCIO Y FATIGA).",VOLCAMIENTOS,MOTOCICLETA,0,0,0,0,0,0,0,0,1,0,0,0,0,1,23,HOMBRE,LESIONADO,CONDUCTOR PRESENTE,NO,NO,0