,Unnamed: 0,ID,ANIO,LESIONADOS,FALLECIDOS,LATITUD_Y,LONGITUD_X,PROVINCIA,CANTON,PARROQUIA,ZONA,FECHA,HORA,PERIODO_2,DIA_1,DIA_2,MES_1,MES_2,FERIADO,CAUSA_PROBABLE,TIPO_DE_SINIESTRO,TIPO_DE_VEHICULO_1,AUTOMOVIL,BICICLETA,BUS,CAMION,CAMIONETA,EMERGENCIAS,ESPECIAL,FURGONETA,MOTOCICLETA,NO_IDENTIFICADO,SCOOTER_ELECTRICO,TRICIMOTO,VEHICULO_DEPORTIVO_UTILITARIO,SUMA_DE_VEHICULOS,EDAD_1,SEXO_1,CONDICION_1,PARTICIPANTE_1,CASCO_1,CINTURON_1,KMeans_Cluster
9767,30258,30259,2018,0,0,-0.264875,-78.544664,PICHINCHA,QUITO,QUITO,URBANA,2018-01-20,05:00:00,5,SABADO,6,ENERO,1,NO,CONDUCIR VEHICULO SUPERANDO LOS LIMITES MAXIMOS DE VELOCIDAD.,CHOQUE FRONTAL,MOTOCICLETA,0,0,0,0,0,0,0,0,1,1,0,0,0,2,38,HOMBRE,ILESO,CONDUCTOR PRESENTE,NO,NO,0
9768,30267,30268,2018,2,0,-0.380051,-78.504264,PICHINCHA,QUITO,AMAGUANIA,URBANA,2018-01-20,08:00:00,8,SABADO,6,ENERO,1,NO,DISPOSITIVO REGULADOR DE TRANSITO EN MAL ESTADO DE FUNCIONAMIENTO (SEMAFORO).,ATROPELLOS,MOTOCICLETA,0,0,0,0,0,0,0,0,1,0,0,0,0,1,58,HOMBRE,LESIONADO,CONDUCTOR PRESENTE,NO,NO,0
9769,30271,30272,2018,0,0,-0.210558,-78.386186,PICHINCHA,QUITO,TUMBACO,URBANA,2018-01-20,09:15:00,9,SABADO,6,ENERO,1,NO,CONDUCIR VEHICULO SUPERANDO LOS LIMITES MAXIMOS DE VELOCIDAD.,CHOQUE LATERAL,VEHICULO DEPORTIVO UTILITARIO,0,0,0,0,0,0,0,0,0,1,0,0,1,2,23,HOMBRE,ILESO,CONDUCTOR PRESENTE,NO,NO,0
9770,30272,30273,2018,1,0,-0.155648,-78.487758,PICHINCHA,QUITO,QUITO,URBANA,2018-01-20,09:20:00,9,SABADO,6,ENERO,1,NO,DISPOSITIVO REGULADOR DE TRANSITO EN MAL ESTADO DE FUNCIONAMIENTO (SEMAFORO).,CHOQUE LATERAL,MOTOCICLETA,0,0,0,1,0,0,0,0,1,0,0,0,0,2,30,HOMBRE,LESIONADO,CONDUCTOR PRESENTE,NO,NO,0
9771,30273,30274,2018,0,0,-0.176171,-78.477609,PICHINCHA,QUITO,QUITO,URBANA,2018-01-20,09:20:00,9,SABADO,6,ENERO,1,NO,"CONDUCE BAJO LA INFLUENCIA DE ALCOHOL, SUSTANCIAS ESTUPEFACIENTES O PSICOTROPICAS Y/O MEDICAMENTOS.",CHOQUE LATERAL,AUTOMOVIL,2,0,0,0,0,0,0,0,0,0,0,0,0,2,29,HOMBRE,ILESO,CONDUCTOR PRESENTE,NO,NO,0
9772,30275,30276,2018,0,0,-0.286507,-78.541696,PICHINCHA,QUITO,QUITO,URBANA,2018-01-20,10:25:00,10,SABADO,6,ENERO,1,NO,"CONDUCE BAJO LA INFLUENCIA DE ALCOHOL, SUSTANCIAS ESTUPEFACIENTES O PSICOTROPICAS Y/O MEDICAMENTOS.",CHOQUE LATERAL,AUTOMOVIL,2,0,0,0,0,0,0,0,0,0,0,0,0,2,30,HOMBRE,ILESO,CONDUCTOR PRESENTE,NO,NO,0
9773,30278,30279,2018,1,0,-0.109227,-78.489165,PICHINCHA,QUITO,QUITO,URBANA,2018-01-20,10:40:00,10,SABADO,6,ENERO,1,NO,DEJAR O RECOGER PASAJEROS EN LUGARES NO PERMITIDOS.,CAIDA DE PASAJERO,BUS,0,0,1,0,0,0,0,0,0,0,0,0,0,1,55,MUJER,LESIONADO,PASAJERO,NO,NO,0
9774,30279,30280,2018,0,0,-0.134671,-78.474071,PICHINCHA,QUITO,QUITO,URBANA,2018-01-20,10:43:00,10,SABADO,6,ENERO,1,NO,CONDUCIR VEHICULO SUPERANDO LOS LIMITES MAXIMOS DE VELOCIDAD.,CHOQUE POSTERIOR,AUTOMOVIL,1,0,0,0,1,0,0,0,0,0,0,0,0,2,51,MUJER,ILESO,CONDUCTOR PRESENTE,NO,NO,0
9775,30280,30281,2018,2,0,-0.299621,-78.524243,PICHINCHA,QUITO,QUITO,URBANA,2018-01-20,10:45:00,10,SABADO,6,ENERO,1,NO,"CONDUCE BAJO LA INFLUENCIA DE ALCOHOL, SUSTANCIAS ESTUPEFACIENTES O PSICOTROPICAS Y/O MEDICAMENTOS.",COLISION,AUTOMOVIL,3,0,0,0,0,0,0,0,0,0,0,0,0,3,8,MUJER,LESIONADO,PASAJERO,NO,NO,0
9776,30283,30284,2018,0,0,-0.217619,-78.503764,PICHINCHA,QUITO,QUITO,URBANA,2018-01-20,11:40:00,11,SABADO,6,ENERO,1,NO,"NO RESPETAR LAS SENIALES REGLAMENTARIAS DE TRANSITO. (PARE, CEDA EL PASO, LUZ ROJA DEL SEMAFORO, ETC).",ESTRELLAMIENTOS,AUTOMOVIL,1,0,0,0,0,0,0,0,0,0,0,0,0,1,-1,NO IDENTIFICADO,NO IDENTIFICADO,CONDUCTOR AUSENTE,NO,NO,2
9777,30287,30288,2018,1,0,-0.116052,-78.479358,PICHINCHA,QUITO,QUITO,URBANA,2018-01-20,13:48:00,13,SABADO,6,ENERO,1,NO,CONDUCIR VEHICULO SUPERANDO LOS LIMITES MAXIMOS DE VELOCIDAD.,CHOQUE POSTERIOR,AUTOMOVIL,2,0,0,0,0,0,0,0,0,0,0,0,0,2,61,MUJER,LESIONADO,CONDUCTOR PRESENTE,NO,NO,0
9778,30289,30290,2018,0,0,-0.185596,-78.494125,PICHINCHA,QUITO,QUITO,URBANA,2018-01-20,14:30:00,14,SABADO,6,FEBRERO,2,NO,NO CEDER EL DERECHO DE VIA O PREFERENCIA DE PASO A VEHICULOS.,CHOQUE LATERAL,AUTOMOVIL,2,0,0,0,0,0,0,0,0,0,0,0,0,2,69,MUJER,ILESO,CONDUCTOR PRESENTE,NO,NO,0
9779,30294,30295,2018,0,0,-0.111245,-78.478941,PICHINCHA,QUITO,QUITO,URBANA,2018-01-20,15:30:00,15,SABADO,6,ENERO,1,NO,"NO RESPETAR LAS SENIALES REGLAMENTARIAS DE TRANSITO. (PARE, CEDA EL PASO, LUZ ROJA DEL SEMAFORO, ETC).",CHOQUE FRONTAL,AUTOMOVIL,2,0,0,0,1,0,0,0,0,0,0,0,0,3,30,HOMBRE,ILESO,CONDUCTOR PRESENTE,NO,NO,0
9780,30298,30299,2018,1,0,-0.172276,-78.490171,PICHINCHA,QUITO,QUITO,URBANA,2018-01-20,16:00:00,16,SABADO,6,ENERO,1,NO,"NO RESPETAR LAS SENIALES REGLAMENTARIAS DE TRANSITO. (PARE, CEDA EL PASO, LUZ ROJA DEL SEMAFORO, ETC).",ATROPELLOS,NO IDENTIFICADO,0,0,0,0,0,0,0,0,0,1,0,0,0,1,70,MUJER,LESIONADO,PEATON,NO,NO,0
9781,30302,30303,2018,0,0,-0.123764,-78.502116,PICHINCHA,QUITO,QUITO,URBANA,2018-01-20,17:27:00,17,SABADO,6,ENERO,1,NO,NO GUARDAR LA DISTANCIA LATERAL MINIMA DE SEGURIDAD ENTRE VEHICULOS.,ROZAMIENTOS,AUTOMOVIL,2,0,0,0,0,0,0,0,0,0,0,0,0,2,25,HOMBRE,ILESO,CONDUCTOR PRESENTE,NO,NO,0
9782,30311,30312,2018,0,0,-0.102246,-78.463308,PICHINCHA,QUITO,QUITO,URBANA,2018-01-20,18:30:00,18,SABADO,6,ENERO,1,NO,NO MANTENER LA DISTANCIA PRUDENCIAL CON RESPECTO AL VEHICULO QUE LE ANTECEDE.,CHOQUE POSTERIOR,AUTOMOVIL,2,0,0,0,0,0,0,0,0,0,0,0,0,2,41,HOMBRE,ILESO,CONDUCTOR PRESENTE,NO,NO,0
9783,30316,30317,2018,0,0,-0.194721,-78.331731,PICHINCHA,QUITO,TABABELA,URBANA,2018-01-20,20:00:00,20,SABADO,6,ENERO,1,NO,CONDUCIR VEHICULO SUPERANDO LOS LIMITES MAXIMOS DE VELOCIDAD.,ESTRELLAMIENTOS,CAMIONETA,0,0,0,0,1,0,0,0,0,0,0,0,0,1,-1,NO IDENTIFICADO,NO IDENTIFICADO,CONDUCTOR AUSENTE,NO,NO,2
9784,30322,30323,2018,1,0,-0.204106,-78.489523,PICHINCHA,QUITO,QUITO,URBANA,2018-01-20,20:40:00,20,SABADO,6,ENERO,1,NO,CONDUCIR VEHICULO SUPERANDO LOS LIMITES MAXIMOS DE VELOCIDAD.,ARROLLAMIENTOS,NO IDENTIFICADO,0,0,0,0,0,0,0,0,0,1,0,0,0,1,23,HOMBRE,LESIONADO,PEATON,NO,NO,0
9785,30324,30325,2018,0,0,-0.426345,-78.551882,PICHINCHA,MEJIA,TAMBILLO (MEJIA),URBANA,2018-01-20,21:00:00,21,SABADO,6,ENERO,1,NO,"CONDUCIR DESATENTO A LAS CONDICIONES DE TRANSITO (CELULAR, PANTALLAS DE VIDEO, COMIDA, MAQUILLAJE O CUALQUIER OTRO ELEMENTO DISTRACTOR).",PERDIDA DE PISTA,VEHICULO DEPORTIVO UTILITARIO,1,0,0,0,0,0,0,0,0,0,0,0,1,2,42,HOMBRE,ILESO,CONDUCTOR PRESENTE,NO,NO,0
9786,30327,30328,2018,0,0,-0.187531,-78.487611,PICHINCHA,QUITO,QUITO,URBANA,2018-01-20,21:35:00,21,SABADO,6,ENERO,1,NO,CONDUCIR VEHICULO SUPERANDO LOS LIMITES MAXIMOS DE VELOCIDAD.,ESTRELLAMIENTOS,AUTOMOVIL,1,0,0,0,0,0,0,0,0,0,0,0,0,1,-1,NO IDENTIFICADO,NO IDENTIFICADO,CONDUCTOR AUSENTE,NO,NO,2
9787,30332,30333,2018,1,0,-0.127766,-78.460826,PICHINCHA,QUITO,QUITO,URBANA,2018-01-20,22:25:00,22,SABADO,6,ENERO,1,NO,"CONDUCE BAJO LA INFLUENCIA DE ALCOHOL, SUSTANCIAS ESTUPEFACIENTES O PSICOTROPICAS Y/O MEDICAMENTOS.",CHOQUE LATERAL,AUTOMOVIL,2,0,0,0,0,0,0,0,0,0,0,0,0,2,54,HOMBRE,LESIONADO,CONDUCTOR PRESENTE,NO,NO,0
9788,30335,30336,2018,0,0,-0.242893,-78.526694,PICHINCHA,QUITO,QUITO,URBANA,2018-01-20,22:55:00,22,SABADO,6,ENERO,1,NO,CONDUCIR VEHICULO SUPERANDO LOS LIMITES MAXIMOS DE VELOCIDAD.,CHOQUE POSTERIOR,CAMIONETA,0,0,0,0,1,0,0,0,0,1,0,0,0,2,27,HOMBRE,ILESO,CONDUCTOR PRESENTE,NO,NO,0
9789,30338,30339,2018,0,0,-0.117009,-78.497277,PICHINCHA,QUITO,QUITO,URBANA,2018-01-20,23:35:00,23,SABADO,6,ENERO,1,NO,"CONDUCE BAJO LA INFLUENCIA DE ALCOHOL, SUSTANCIAS ESTUPEFACIENTES O PSICOTROPICAS Y/O MEDICAMENTOS.",ESTRELLAMIENTOS,FURGONETA,1,0,0,0,0,0,0,1,0,0,0,0,0,2,43,HOMBRE,ILESO,CONDUCTOR PRESENTE,NO,NO,0
9790,30339,30340,2018,0,0,-0.334699,-78.550175,PICHINCHA,QUITO,QUITO,URBANA,2018-01-20,23:35:00,23,SABADO,6,ENERO,1,NO,"CONDUCE BAJO LA INFLUENCIA DE ALCOHOL, SUSTANCIAS ESTUPEFACIENTES O PSICOTROPICAS Y/O MEDICAMENTOS.",CHOQUE POSTERIOR,AUTOMOVIL,1,0,0,1,0,0,0,0,0,0,0,0,0,2,32,HOMBRE,ILESO,CONDUCTOR PRESENTE,NO,NO,0
9791,30340,30341,2018,1,0,-0.300748,-78.538648,PICHINCHA,QUITO,QUITO,URBANA,2018-01-21,01:15:00,1,DOMINGO,7,ENERO,1,NO,"CONDUCE BAJO LA INFLUENCIA DE ALCOHOL, SUSTANCIAS ESTUPEFACIENTES O PSICOTROPICAS Y/O MEDICAMENTOS.",ESTRELLAMIENTOS,AUTOMOVIL,1,0,0,0,0,0,0,0,0,0,0,0,0,1,24,HOMBRE,LESIONADO,CONDUCTOR PRESENTE,NO,NO,0
9792,30341,30342,2018,1,0,-0.327841,-78.550355,PICHINCHA,QUITO,QUITO,URBANA,2018-01-21,01:20:00,1,DOMINGO,7,ENERO,1,NO,NO MANTENER LA DISTANCIA PRUDENCIAL CON RESPECTO AL VEHICULO QUE LE ANTECEDE.,OTROS,NO IDENTIFICADO,0,0,0,0,0,0,0,0,0,1,0,0,0,1,-1,HOMBRE,LESIONADO,CONDUCTOR PRESENTE,NO,NO,0
9793,30343,30344,2018,2,0,-0.340076,-78.434114,PICHINCHA,RUMINIAHUI,SANGOLQUI,URBANA,2018-01-21,01:30:00,1,DOMINGO,7,ENERO,1,NO,DISPOSITIVO REGULADOR DE TRANSITO EN MAL ESTADO DE FUNCIONAMIENTO (SEMAFORO).,PERDIDA DE PISTA,VEHICULO DEPORTIVO UTILITARIO,0,0,0,0,0,0,0,0,0,0,0,0,1,1,23,MUJER,LESIONADO,PASAJERO,NO,NO,0
9794,30346,30347,2018,0,0,-0.144204,-78.500066,PICHINCHA,QUITO,QUITO,URBANA,2018-01-21,02:00:00,2,DOMINGO,7,ENERO,1,NO,"CONDUCE BAJO LA INFLUENCIA DE ALCOHOL, SUSTANCIAS ESTUPEFACIENTES O PSICOTROPICAS Y/O MEDICAMENTOS.",CHOQUE LATERAL,AUTOMOVIL,3,0,0,0,0,0,0,0,0,0,0,0,0,3,34,HOMBRE,ILESO,CONDUCTOR PRESENTE,NO,NO,0
9795,30355,30356,2018,1,0,-0.122238,-78.512522,PICHINCHA,QUITO,QUITO,URBANA,2018-01-21,05:55:00,5,DOMINGO,7,ENERO,1,NO,NO CEDER EL DERECHO DE VIA O PREFERENCIA DE PASO AL PEATON.,ATROPELLOS,NO IDENTIFICADO,0,0,0,0,0,0,0,0,0,1,0,0,0,1,22,HOMBRE,LESIONADO,PEATON,NO,NO,0
9796,30358,30359,2018,0,0,-0.231481,-78.523798,PICHINCHA,QUITO,QUITO,URBANA,2018-01-21,06:15:00,6,DOMINGO,7,ENERO,1,NO,CONDUCIR VEHICULO SUPERANDO LOS LIMITES MAXIMOS DE VELOCIDAD.,ESTRELLAMIENTOS,AUTOMOVIL,1,0,0,0,0,0,0,0,0,0,0,0,0,1,-1,NO IDENTIFICADO,NO IDENTIFICADO,CONDUCTOR AUSENTE,NO,NO,2
9797,30359,30360,2018,1,0,-0.104851,-78.454233,PICHINCHA,QUITO,CALDERON (CARAPUNGO),URBANA,2018-01-21,06:25:00,6,DOMINGO,7,ENERO,1,NO,NO TRANSITAR POR LAS ACERAS O ZONAS DE SEGURIDAD DESTINADAS PARA EL EFECTO.,ARROLLAMIENTOS,MOTOCICLETA,0,0,1,0,0,0,0,0,1,0,0,0,0,2,23,HOMBRE,LESIONADO,CONDUCTOR PRESENTE,NO,NO,0
9798,30363,30364,2018,0,0,-0.217447,-78.509342,PICHINCHA,QUITO,QUITO,URBANA,2018-01-21,07:20:00,7,DOMINGO,7,ENERO,1,NO,NO CEDER EL DERECHO DE VIA O PREFERENCIA DE PASO A VEHICULOS.,CHOQUE LATERAL,BUS,1,0,1,0,0,0,0,0,0,0,0,0,0,2,22,HOMBRE,ILESO,CONDUCTOR PRESENTE,NO,NO,0
9799,30368,30369,2018,1,0,-0.211382,-78.524146,PICHINCHA,QUITO,QUITO,URBANA,2018-01-21,09:30:00,9,DOMINGO,7,ENERO,1,NO,DEJAR O RECOGER PASAJEROS EN LUGARES NO PERMITIDOS.,CAIDA DE PASAJERO,BUS,0,0,1,0,0,0,0,0,0,0,0,0,0,1,33,HOMBRE,LESIONADO,PASAJERO,NO,NO,0
9800,30372,30373,2018,0,0,-0.109013,-78.505378,PICHINCHA,QUITO,QUITO,URBANA,2018-01-21,11:10:00,11,DOMINGO,7,ENERO,1,NO,NO CEDER EL DERECHO DE VIA O PREFERENCIA DE PASO A VEHICULOS.,CHOQUE LATERAL,AUTOMOVIL,1,0,0,0,0,0,0,0,0,0,0,0,1,2,51,HOMBRE,ILESO,CONDUCTOR PRESENTE,NO,NO,0
9801,30376,30377,2018,2,0,-0.184718,-78.344695,PICHINCHA,QUITO,TABABELA,URBANA,2018-01-21,11:35:00,11,DOMINGO,7,ENERO,1,NO,"CONDUCE BAJO LA INFLUENCIA DE ALCOHOL, SUSTANCIAS ESTUPEFACIENTES O PSICOTROPICAS Y/O MEDICAMENTOS.",CHOQUE LATERAL,CAMIONETA,1,0,0,0,1,0,0,0,0,0,0,0,0,2,52,HOMBRE,LESIONADO,CONDUCTOR PRESENTE,NO,NO,0
9802,30377,30378,2018,1,0,-0.175965,-78.485539,PICHINCHA,QUITO,QUITO,URBANA,2018-01-21,11:50:00,11,DOMINGO,7,ENERO,1,NO,NO CEDER EL DERECHO DE VIA O PREFERENCIA DE PASO A VEHICULOS.,CHOQUE LATERAL,BICICLETA,1,1,0,0,0,0,0,0,0,0,0,0,0,2,30,HOMBRE,LESIONADO,CONDUCTOR PRESENTE,NO,NO,0
9803,30385,30386,2018,0,0,-0.314831,-78.458028,PICHINCHA,RUMINIAHUI,SANGOLQUI,URBANA,2018-01-21,15:53:00,15,DOMINGO,7,ENERO,1,NO,BAJARSE O SUBIRSE DE VEHICULOS EN MOVIMIENTO SIN TOMAR LAS PRECAUCIONES DEBIDAS.,ESTRELLAMIENTOS,AUTOMOVIL,1,0,0,0,0,0,0,0,0,0,0,0,0,1,70,HOMBRE,ILESO,CONDUCTOR PRESENTE,NO,NO,0
9804,30388,30389,2018,0,0,-0.159851,-78.490095,PICHINCHA,QUITO,QUITO,URBANA,2018-01-21,16:30:00,16,DOMINGO,7,ENERO,1,NO,"NO RESPETAR LAS SENIALES REGLAMENTARIAS DE TRANSITO. (PARE, CEDA EL PASO, LUZ ROJA DEL SEMAFORO, ETC).",ESTRELLAMIENTOS,AUTOMOVIL,1,0,0,0,0,0,0,0,0,0,0,0,0,1,60,MUJER,ILESO,CONDUCTOR PRESENTE,NO,NO,0
9805,30390,30391,2018,1,0,-0.133694,-78.497672,PICHINCHA,QUITO,QUITO,URBANA,2018-01-21,17:00:00,17,DOMINGO,7,ENERO,1,NO,"CONDUCIR DESATENTO A LAS CONDICIONES DE TRANSITO (CELULAR, PANTALLAS DE VIDEO, COMIDA, MAQUILLAJE O CUALQUIER OTRO ELEMENTO DISTRACTOR).",ATROPELLOS,NO IDENTIFICADO,0,0,0,0,0,0,0,0,0,1,0,0,0,1,21,MUJER,LESIONADO,PEATON,NO,NO,0
9806,30392,30393,2018,1,0,-0.256119,-78.544645,PICHINCHA,QUITO,QUITO,URBANA,2018-01-21,17:25:00,17,DOMINGO,7,ENERO,1,NO,"NO RESPETAR LAS SENIALES REGLAMENTARIAS DE TRANSITO. (PARE, CEDA EL PASO, LUZ ROJA DEL SEMAFORO, ETC).",ATROPELLOS,AUTOMOVIL,1,0,0,0,0,0,0,0,0,0,0,0,0,1,11,MUJER,LESIONADO,PEATON,NO,NO,0
9807,30394,30395,2018,1,0,-0.218761,-78.411903,PICHINCHA,QUITO,TUMBACO,URBANA,2018-01-21,18:30:00,18,DOMINGO,7,ENERO,1,NO,CONDUCIR VEHICULO SUPERANDO LOS LIMITES MAXIMOS DE VELOCIDAD.,ATROPELLOS,NO IDENTIFICADO,0,0,0,0,0,0,0,0,0,1,0,0,0,1,5,MUJER,LESIONADO,PEATON,NO,NO,0
9808,30404,30405,2018,0,0,-0.315658,-78.552061,PICHINCHA,QUITO,QUITO,URBANA,2018-01-21,20:15:00,20,DOMINGO,7,ENERO,1,NO,NO CEDER EL DERECHO DE VIA O PREFERENCIA DE PASO A VEHICULOS.,OTROS,CAMIONETA,0,0,0,0,1,0,0,0,0,0,0,0,0,1,29,HOMBRE,ILESO,CONDUCTOR PRESENTE,NO,NO,0
9809,30407,30408,2018,1,0,-0.119594,-78.440652,PICHINCHA,QUITO,CALDERON (CARAPUNGO),URBANA,2018-01-21,22:10:00,22,DOMINGO,7,ENERO,1,NO,NO CEDER EL DERECHO DE VIA O PREFERENCIA DE PASO A VEHICULOS.,CHOQUE LATERAL,MOTOCICLETA,1,0,0,0,0,0,0,0,1,0,0,0,0,2,22,HOMBRE,LESIONADO,CONDUCTOR PRESENTE,NO,NO,0
9810,30412,30413,2018,1,1,0.021257,-78.278466,PICHINCHA,PEDRO MONCAYO,TOCACHI,RURAL,2018-01-22,06:20:00,6,LUNES,1,ENERO,1,NO,NO GUARDAR LA DISTANCIA LATERAL MINIMA DE SEGURIDAD ENTRE VEHICULOS.,CHOQUE LATERAL,AUTOMOVIL,1,0,0,0,0,0,0,0,0,0,0,0,2,3,32,MUJER,FALLECIDO,PASAJERO,NO,NO,3
9811,30413,30414,2018,0,1,-0.492234,-78.570774,PICHINCHA,MEJIA,ALOAG,URBANA,2018-01-22,06:48:00,6,LUNES,1,ENERO,1,NO,"CONDUCIR DESATENTO A LAS CONDICIONES DE TRANSITO (CELULAR, PANTALLAS DE VIDEO, COMIDA, MAQUILLAJE O CUALQUIER OTRO ELEMENTO DISTRACTOR).",ESTRELLAMIENTOS,AUTOMOVIL,1,0,0,0,0,0,0,0,0,0,0,0,0,1,26,HOMBRE,FALLECIDO,CONDUCTOR PRESENTE,NO,NO,0
9812,30414,30415,2018,0,0,-0.442695,-78.727794,PICHINCHA,MEJIA,MANUEL CORNEJO ASTORGA,RURAL,2018-01-22,07:00:00,7,LUNES,1,ENERO,1,NO,"CONDUCIR DESATENTO A LAS CONDICIONES DE TRANSITO (CELULAR, PANTALLAS DE VIDEO, COMIDA, MAQUILLAJE O CUALQUIER OTRO ELEMENTO DISTRACTOR).",PERDIDA DE PISTA,CAMION,0,0,0,1,0,0,0,0,0,0,0,0,0,1,36,HOMBRE,ILESO,CONDUCTOR PRESENTE,NO,NO,3
9813,30416,30417,2018,1,0,-0.281463,-78.581516,PICHINCHA,QUITO,QUITO,URBANA,2018-01-22,07:30:00,7,LUNES,1,ENERO,1,NO,CONDUCIR VEHICULO SUPERANDO LOS LIMITES MAXIMOS DE VELOCIDAD.,PERDIDA DE PISTA,NO IDENTIFICADO,0,0,0,0,0,0,0,0,0,1,0,0,0,1,45,HOMBRE,LESIONADO,CONDUCTOR PRESENTE,NO,NO,0
9814,30417,30418,2018,2,0,-0.120424,-78.415686,PICHINCHA,QUITO,CALDERON (CARAPUNGO),URBANA,2018-01-22,07:50:00,7,LUNES,1,ENERO,1,NO,"NO RESPETAR LAS SENIALES REGLAMENTARIAS DE TRANSITO. (PARE, CEDA EL PASO, LUZ ROJA DEL SEMAFORO, ETC).",CHOQUE LATERAL,AUTOMOVIL,1,0,0,0,0,0,0,0,1,0,0,0,0,2,24,HOMBRE,LESIONADO,CONDUCTOR PRESENTE,NO,NO,0
9815,30419,30420,2018,1,0,-0.214902,-78.500637,PICHINCHA,QUITO,QUITO,URBANA,2018-01-22,08:45:00,8,LUNES,1,ENERO,1,NO,PEATON QUE CRUZA LA CALZADA SIN RESPETAR LA SENIALIZACION EXISTENTE (SEMAFOROS O SENIALES MANUALES).,ATROPELLOS,BUS,0,0,1,0,0,0,0,0,0,0,0,0,0,1,29,MUJER,LESIONADO,PEATON,NO,NO,0
9816,30423,30424,2018,0,0,-0.494127,-78.571164,PICHINCHA,MEJIA,ALOAG,URBANA,2018-01-22,10:21:00,10,LUNES,1,ENERO,1,NO,"CONDUCIR DESATENTO A LAS CONDICIONES DE TRANSITO (CELULAR, PANTALLAS DE VIDEO, COMIDA, MAQUILLAJE O CUALQUIER OTRO ELEMENTO DISTRACTOR).",PERDIDA DE PISTA,AUTOMOVIL,1,0,0,0,0,0,0,0,0,0,0,0,0,1,44,HOMBRE,ILESO,CONDUCTOR PRESENTE,NO,NO,0
9817,30426,30427,2018,0,0,-0.093287,-78.476301,PICHINCHA,QUITO,QUITO,URBANA,2018-01-22,10:36:00,10,LUNES,1,ENERO,1,NO,NO MANTENER LA DISTANCIA PRUDENCIAL CON RESPECTO AL VEHICULO QUE LE ANTECEDE.,CHOQUE POSTERIOR,AUTOMOVIL,2,0,0,0,0,0,0,0,0,0,0,0,0,2,30,MUJER,ILESO,CONDUCTOR PRESENTE,NO,NO,0
9818,30428,30429,2018,1,0,-0.318226,-78.557591,PICHINCHA,QUITO,QUITO,URBANA,2018-01-22,11:00:00,11,LUNES,1,ENERO,1,NO,"NO RESPETAR LAS SENIALES REGLAMENTARIAS DE TRANSITO. (PARE, CEDA EL PASO, LUZ ROJA DEL SEMAFORO, ETC).",CHOQUE LATERAL,MOTOCICLETA,1,0,0,0,0,0,0,0,1,0,0,0,0,2,25,HOMBRE,LESIONADO,CONDUCTOR PRESENTE,NO,NO,0
9819,30437,30438,2018,1,0,-0.089185,-78.428042,PICHINCHA,QUITO,CALDERON (CARAPUNGO),URBANA,2018-01-22,13:55:00,13,LUNES,1,ENERO,1,NO,"CONDUCE BAJO LA INFLUENCIA DE ALCOHOL, SUSTANCIAS ESTUPEFACIENTES O PSICOTROPICAS Y/O MEDICAMENTOS.",CHOQUE LATERAL,MOTOCICLETA,1,0,0,0,0,0,0,0,1,0,0,0,0,2,27,HOMBRE,LESIONADO,CONDUCTOR PRESENTE,NO,NO,0
9820,30440,30441,2018,1,0,-0.141723,-78.460393,PICHINCHA,QUITO,QUITO,URBANA,2018-01-22,15:07:00,15,LUNES,1,ENERO,1,NO,CONDUCIR VEHICULO SUPERANDO LOS LIMITES MAXIMOS DE VELOCIDAD.,ATROPELLOS,AUTOMOVIL,1,0,0,0,0,0,0,0,0,0,0,0,0,1,6,HOMBRE,LESIONADO,PEATON,NO,NO,0
9821,30441,30442,2018,0,0,-0.104643,-78.453801,PICHINCHA,QUITO,CALDERON (CARAPUNGO),URBANA,2018-01-22,15:30:00,15,LUNES,1,ENERO,1,NO,CONDUCIR VEHICULO SUPERANDO LOS LIMITES MAXIMOS DE VELOCIDAD.,ESTRELLAMIENTOS,CAMION,0,0,0,1,0,0,0,0,0,0,0,0,0,1,26,HOMBRE,ILESO,CONDUCTOR PRESENTE,NO,NO,0
9822,30443,30444,2018,0,0,-0.076438,-78.442108,PICHINCHA,QUITO,CALDERON (CARAPUNGO),URBANA,2018-01-22,15:40:00,15,LUNES,1,ENERO,1,NO,"CONDUCE BAJO LA INFLUENCIA DE ALCOHOL, SUSTANCIAS ESTUPEFACIENTES O PSICOTROPICAS Y/O MEDICAMENTOS.",CHOQUE FRONTAL,CAMIONETA,0,0,1,0,1,0,0,0,0,0,0,0,0,2,39,HOMBRE,ILESO,CONDUCTOR PRESENTE,NO,NO,0
9823,30450,30451,2018,1,0,-0.271766,-78.550331,PICHINCHA,QUITO,QUITO,URBANA,2018-01-22,17:30:00,17,LUNES,1,ENERO,1,NO,"NO RESPETAR LAS SENIALES REGLAMENTARIAS DE TRANSITO. (PARE, CEDA EL PASO, LUZ ROJA DEL SEMAFORO, ETC).",ATROPELLOS,NO IDENTIFICADO,0,0,0,0,0,0,0,0,0,1,0,0,0,1,20,MUJER,LESIONADO,PEATON,NO,NO,0
9824,30454,30455,2018,0,0,-0.246102,-78.530807,PICHINCHA,QUITO,QUITO,URBANA,2018-01-22,19:10:00,19,LUNES,1,ENERO,1,NO,"CONDUCE BAJO LA INFLUENCIA DE ALCOHOL, SUSTANCIAS ESTUPEFACIENTES O PSICOTROPICAS Y/O MEDICAMENTOS.",CHOQUE POSTERIOR,AUTOMOVIL,2,0,0,0,0,0,0,0,0,0,0,0,0,2,36,HOMBRE,ILESO,CONDUCTOR PRESENTE,NO,NO,0
9825,30455,30456,2018,1,0,-0.245918,-78.527241,PICHINCHA,QUITO,QUITO,URBANA,2018-01-22,20:20:00,20,LUNES,1,ENERO,1,NO,"NO RESPETAR LAS SENIALES REGLAMENTARIAS DE TRANSITO. (PARE, CEDA EL PASO, LUZ ROJA DEL SEMAFORO, ETC).",OTROS,MOTOCICLETA,0,0,0,0,0,0,0,0,1,0,0,0,0,1,62,HOMBRE,LESIONADO,PASAJERO,NO,NO,0