,Unnamed: 0,ID,ANIO,LESIONADOS,FALLECIDOS,LATITUD_Y,LONGITUD_X,PROVINCIA,CANTON,PARROQUIA,ZONA,FECHA,HORA,PERIODO_2,DIA_1,DIA_2,MES_1,MES_2,FERIADO,CAUSA_PROBABLE,TIPO_DE_SINIESTRO,TIPO_DE_VEHICULO_1,AUTOMOVIL,BICICLETA,BUS,CAMION,CAMIONETA,EMERGENCIAS,ESPECIAL,FURGONETA,MOTOCICLETA,NO_IDENTIFICADO,SCOOTER_ELECTRICO,TRICIMOTO,VEHICULO_DEPORTIVO_UTILITARIO,SUMA_DE_VEHICULOS,EDAD_1,SEXO_1,CONDICION_1,PARTICIPANTE_1,CASCO_1,CINTURON_1,KMeans_Cluster
9826,30460,30461,2018,1,0,-0.280982,-78.516477,PICHINCHA,QUITO,QUITO,URBANA,2018-01-22,22:45:00,22,LUNES,1,ENERO,1,NO,CONDUCIR VEHICULO SUPERANDO LOS LIMITES MAXIMOS DE VELOCIDAD.,ESTRELLAMIENTOS,CAMION,0,0,0,1,0,0,0,0,0,0,0,0,0,1,47,HOMBRE,LESIONADO,CONDUCTOR PRESENTE,NO,NO,0
9827,30461,30462,2018,0,1,0.044448,-78.233657,PICHINCHA,PEDRO MONCAYO,TABACUNDO,RURAL,2018-01-23,01:10:00,1,MARTES,2,ENERO,1,NO,NO TRANSITAR POR LAS ACERAS O ZONAS DE SEGURIDAD DESTINADAS PARA EL EFECTO.,ATROPELLOS,NO IDENTIFICADO,0,0,0,0,0,0,0,0,0,1,0,0,0,1,67,MUJER,FALLECIDO,PEATON,NO,NO,3
9828,30465,30466,2018,1,0,-0.101755,-78.312971,PICHINCHA,QUITO,EL QUINCHE,RURAL,2018-01-23,06:45:00,6,MARTES,2,ENERO,1,NO,NO GUARDAR LA DISTANCIA LATERAL MINIMA DE SEGURIDAD ENTRE VEHICULOS.,CHOQUE LATERAL,MOTOCICLETA,0,0,0,0,1,0,0,0,1,0,0,0,0,2,53,HOMBRE,LESIONADO,CONDUCTOR PRESENTE,NO,NO,3
9829,30470,30471,2018,3,0,-0.196283,-78.512594,PICHINCHA,QUITO,QUITO,URBANA,2018-01-23,08:15:00,8,MARTES,2,ENERO,1,NO,"NO RESPETAR LAS SENIALES REGLAMENTARIAS DE TRANSITO. (PARE, CEDA EL PASO, LUZ ROJA DEL SEMAFORO, ETC).",CHOQUE LATERAL,CAMIONETA,1,0,0,0,1,0,0,0,0,0,0,0,0,2,66,HOMBRE,LESIONADO,CONDUCTOR PRESENTE,NO,NO,0
9830,30471,30472,2018,1,0,-0.196945,-78.495616,PICHINCHA,QUITO,QUITO,URBANA,2018-01-23,08:54:00,8,MARTES,2,ENERO,1,NO,NO TRANSITAR POR LAS ACERAS O ZONAS DE SEGURIDAD DESTINADAS PARA EL EFECTO.,ATROPELLOS,NO IDENTIFICADO,0,0,0,0,0,0,0,0,0,1,0,0,0,1,18,HOMBRE,LESIONADO,CONDUCTOR PRESENTE,NO,NO,0
9831,30472,30473,2018,0,0,-0.188521,-78.448241,PICHINCHA,QUITO,NAYON,URBANA,2018-01-23,09:11:00,9,MARTES,2,ENERO,1,NO,"CONDUCIR DESATENTO A LAS CONDICIONES DE TRANSITO (CELULAR, PANTALLAS DE VIDEO, COMIDA, MAQUILLAJE O CUALQUIER OTRO ELEMENTO DISTRACTOR).",COLISION,CAMIONETA,2,0,0,0,1,0,0,0,0,0,0,0,0,3,72,HOMBRE,ILESO,CONDUCTOR PRESENTE,NO,NO,0
9832,30475,30476,2018,0,0,-0.182196,-78.490084,PICHINCHA,QUITO,QUITO,URBANA,2018-01-23,10:00:00,10,MARTES,2,ENERO,1,NO,NO MANTENER LA DISTANCIA PRUDENCIAL CON RESPECTO AL VEHICULO QUE LE ANTECEDE.,COLISION,AUTOMOVIL,3,0,0,0,0,0,0,0,0,0,0,0,0,3,36,MUJER,ILESO,CONDUCTOR PRESENTE,NO,NO,0
9833,30482,30483,2018,0,0,-0.091585,-78.439052,PICHINCHA,QUITO,CALDERON (CARAPUNGO),URBANA,2018-01-23,13:30:00,13,MARTES,2,ENERO,1,NO,CONDUCIR VEHICULO SUPERANDO LOS LIMITES MAXIMOS DE VELOCIDAD.,ESTRELLAMIENTOS,AUTOMOVIL,2,0,0,0,0,0,0,0,0,0,0,0,0,2,38,MUJER,ILESO,CONDUCTOR PRESENTE,NO,NO,0
9834,30483,30484,2018,1,0,-0.404851,-78.546271,PICHINCHA,MEJIA,TAMBILLO (MEJIA),URBANA,2018-01-23,13:50:00,13,MARTES,2,ENERO,1,NO,NO TRANSITAR POR LAS ACERAS O ZONAS DE SEGURIDAD DESTINADAS PARA EL EFECTO.,ATROPELLOS,CAMIONETA,0,0,0,0,1,0,0,0,0,0,0,0,0,1,14,HOMBRE,LESIONADO,PEATON,NO,NO,0
9835,30486,30487,2018,1,0,-0.172258,-78.490161,PICHINCHA,QUITO,QUITO,URBANA,2018-01-23,15:00:00,15,MARTES,2,ENERO,1,NO,NO CEDER EL DERECHO DE VIA O PREFERENCIA DE PASO A VEHICULOS.,CHOQUE LATERAL,AUTOMOVIL,1,0,0,0,0,0,0,0,0,0,0,0,0,1,33,MUJER,LESIONADO,CONDUCTOR PRESENTE,NO,NO,0
9836,30488,30489,2018,1,0,-0.099083,-78.421844,PICHINCHA,QUITO,CALDERON (CARAPUNGO),URBANA,2018-01-23,16:00:00,16,MARTES,2,ENERO,1,NO,"NO RESPETAR LAS SENIALES REGLAMENTARIAS DE TRANSITO. (PARE, CEDA EL PASO, LUZ ROJA DEL SEMAFORO, ETC).",ATROPELLOS,AUTOMOVIL,1,0,0,0,0,0,0,0,0,0,0,0,0,1,88,MUJER,LESIONADO,PEATON,NO,NO,0
9837,30489,30490,2018,3,0,-0.209284,-78.484747,PICHINCHA,QUITO,QUITO,URBANA,2018-01-23,16:10:00,16,MARTES,2,ENERO,1,NO,NO CEDER EL DERECHO DE VIA O PREFERENCIA DE PASO A VEHICULOS.,CHOQUE LATERAL,AUTOMOVIL,2,0,0,0,0,0,0,0,0,0,0,0,0,2,51,HOMBRE,LESIONADO,CONDUCTOR PRESENTE,NO,NO,0
9838,30490,30491,2018,2,0,-0.271169,-78.541237,PICHINCHA,QUITO,QUITO,URBANA,2018-01-23,16:10:00,16,MARTES,2,ENERO,1,NO,"FALLA MECANICA EN LOS SISTEMAS Y/O NEUMATICOS (SISTEMA DE FRENOS, DIRECCION, ELECTRONICO O MECANICO).",PERDIDA DE PISTA,MOTOCICLETA,0,0,0,0,0,0,0,0,1,0,0,0,0,1,19,HOMBRE,LESIONADO,PASAJERO,NO,NO,0
9839,30491,30492,2018,1,0,-0.329198,-78.546315,PICHINCHA,QUITO,QUITO,URBANA,2018-01-23,16:27:00,16,MARTES,2,ENERO,1,NO,"FALLA MECANICA EN LOS SISTEMAS Y/O NEUMATICOS (SISTEMA DE FRENOS, DIRECCION, ELECTRONICO O MECANICO).",PERDIDA DE PISTA,MOTOCICLETA,0,0,0,0,0,0,0,0,1,0,0,0,0,1,23,HOMBRE,LESIONADO,CONDUCTOR PRESENTE,NO,NO,0
9840,30492,30493,2018,0,0,-0.197072,-78.508131,PICHINCHA,QUITO,QUITO,URBANA,2018-01-23,17:10:00,17,MARTES,2,ENERO,1,NO,NO CEDER EL DERECHO DE VIA O PREFERENCIA DE PASO A VEHICULOS.,CHOQUE LATERAL,AUTOMOVIL,1,0,0,0,1,0,0,0,0,0,0,0,0,2,34,HOMBRE,ILESO,CONDUCTOR PRESENTE,NO,NO,0
9841,30494,30495,2018,7,0,-0.253812,-78.507234,PICHINCHA,QUITO,QUITO,URBANA,2018-01-23,17:40:00,17,MARTES,2,ENERO,1,NO,CONDUCIR VEHICULO SUPERANDO LOS LIMITES MAXIMOS DE VELOCIDAD.,ESTRELLAMIENTOS,FURGONETA,0,0,0,0,0,0,0,1,0,0,0,0,0,1,40,MUJER,LESIONADO,CONDUCTOR PRESENTE,NO,NO,0
9842,30498,30499,2018,0,0,-0.297773,-78.524662,PICHINCHA,QUITO,QUITO,URBANA,2018-01-23,19:10:00,19,MARTES,2,ENERO,1,NO,"CONDUCIR DESATENTO A LAS CONDICIONES DE TRANSITO (CELULAR, PANTALLAS DE VIDEO, COMIDA, MAQUILLAJE O CUALQUIER OTRO ELEMENTO DISTRACTOR).",CHOQUE POSTERIOR,CAMION,1,0,0,1,0,0,0,0,0,0,0,0,0,2,35,HOMBRE,ILESO,CONDUCTOR PRESENTE,NO,NO,0
9843,30500,30501,2018,0,0,-0.199767,-78.428809,PICHINCHA,QUITO,CUMBAYA,URBANA,2018-01-23,19:25:00,19,MARTES,2,ENERO,1,NO,NO MANTENER LA DISTANCIA PRUDENCIAL CON RESPECTO AL VEHICULO QUE LE ANTECEDE.,CHOQUE POSTERIOR,CAMIONETA,1,0,0,0,1,0,0,0,0,0,0,0,0,2,32,HOMBRE,ILESO,CONDUCTOR PRESENTE,NO,NO,0
9844,30503,30504,2018,0,0,-0.133657,-78.500782,PICHINCHA,QUITO,QUITO,URBANA,2018-01-23,21:20:00,21,MARTES,2,ENERO,1,NO,CONDUCIR VEHICULO SUPERANDO LOS LIMITES MAXIMOS DE VELOCIDAD.,CHOQUE LATERAL,AUTOMOVIL,1,0,0,0,0,0,0,0,0,0,0,0,0,1,44,MUJER,ILESO,CONDUCTOR PRESENTE,NO,NO,0
9845,30506,30507,2018,0,0,-0.206039,-78.512993,PICHINCHA,QUITO,QUITO,URBANA,2018-01-23,22:15:00,22,MARTES,2,ENERO,1,NO,"CONDUCE BAJO LA INFLUENCIA DE ALCOHOL, SUSTANCIAS ESTUPEFACIENTES O PSICOTROPICAS Y/O MEDICAMENTOS.",ROZAMIENTOS,AUTOMOVIL,2,0,0,0,0,0,0,0,0,0,0,0,0,2,24,HOMBRE,ILESO,CONDUCTOR PRESENTE,NO,NO,0
9846,30510,30511,2018,0,0,-0.092503,-78.434123,PICHINCHA,QUITO,CALDERON (CARAPUNGO),URBANA,2018-01-24,05:45:00,5,MIERCOLES,3,ENERO,1,NO,"NO RESPETAR LAS SENIALES REGLAMENTARIAS DE TRANSITO. (PARE, CEDA EL PASO, LUZ ROJA DEL SEMAFORO, ETC).",ESTRELLAMIENTOS,AUTOMOVIL,1,0,0,0,0,0,0,0,0,0,0,0,0,1,-1,NO IDENTIFICADO,NO IDENTIFICADO,CONDUCTOR AUSENTE,NO,NO,2
9847,30514,30515,2018,1,1,-0.119173,-78.493332,PICHINCHA,QUITO,QUITO,URBANA,2018-01-24,07:51:00,7,MIERCOLES,3,ENERO,1,NO,"CONDUCE BAJO LA INFLUENCIA DE ALCOHOL, SUSTANCIAS ESTUPEFACIENTES O PSICOTROPICAS Y/O MEDICAMENTOS.",ATROPELLOS,MOTOCICLETA,0,0,0,0,0,0,0,0,1,0,0,0,0,1,62,MUJER,FALLECIDO,PEATON,NO,NO,0
9848,30516,30517,2018,0,0,-0.144229,-78.469533,PICHINCHA,QUITO,QUITO,URBANA,2018-01-24,08:00:00,8,MIERCOLES,3,ENERO,1,NO,NO MANTENER LA DISTANCIA PRUDENCIAL CON RESPECTO AL VEHICULO QUE LE ANTECEDE.,CHOQUE POSTERIOR,CAMIONETA,1,0,0,0,1,0,0,0,0,0,0,0,0,2,41,HOMBRE,ILESO,CONDUCTOR PRESENTE,NO,NO,0
9849,30517,30518,2018,1,0,-0.241405,-78.529871,PICHINCHA,QUITO,QUITO,URBANA,2018-01-24,08:10:00,8,MIERCOLES,3,ENERO,1,NO,"NO RESPETAR LAS SENIALES REGLAMENTARIAS DE TRANSITO. (PARE, CEDA EL PASO, LUZ ROJA DEL SEMAFORO, ETC).",CHOQUE LATERAL,AUTOMOVIL,1,0,0,0,0,0,0,0,1,0,0,0,0,2,36,HOMBRE,LESIONADO,CONDUCTOR PRESENTE,NO,NO,0
9850,30518,30519,2018,1,0,-0.172498,-78.487861,PICHINCHA,QUITO,QUITO,URBANA,2018-01-24,09:04:00,9,MIERCOLES,3,ENERO,1,NO,NO MANTENER LA DISTANCIA PRUDENCIAL CON RESPECTO AL VEHICULO QUE LE ANTECEDE.,COLISION,AUTOMOVIL,1,0,0,0,0,0,0,0,0,0,0,0,0,1,19,MUJER,LESIONADO,PASAJERO,NO,NO,0
9851,30521,30522,2018,0,0,-0.098142,-78.470207,PICHINCHA,QUITO,QUITO,URBANA,2018-01-24,09:40:00,9,MIERCOLES,3,ENERO,1,NO,CONDUCIR VEHICULO SUPERANDO LOS LIMITES MAXIMOS DE VELOCIDAD.,ESTRELLAMIENTOS,AUTOMOVIL,2,0,0,0,0,0,0,0,0,0,0,0,0,2,24,HOMBRE,ILESO,CONDUCTOR PRESENTE,NO,NO,0
9852,30525,30526,2018,2,0,-0.139879,-78.511627,PICHINCHA,QUITO,QUITO,URBANA,2018-01-24,10:18:00,10,MIERCOLES,3,ENERO,1,NO,NO TRANSITAR POR LAS ACERAS O ZONAS DE SEGURIDAD DESTINADAS PARA EL EFECTO.,ATROPELLOS,CAMION,0,0,0,1,0,0,0,1,0,0,0,0,0,2,58,HOMBRE,LESIONADO,CONDUCTOR PRESENTE,NO,NO,0
9853,30526,30527,2018,0,0,-0.185248,-78.504201,PICHINCHA,QUITO,QUITO,URBANA,2018-01-24,12:00:00,12,MIERCOLES,3,ENERO,1,NO,"MAL ESTACIONADO - EL CONDUCTOR QUE DETENGA O ESTACIONE VEHICULOS EN SITIOS O ZONAS QUE ENTRANIEN PELIGRO, TALES COMO ZONA DE SEGURIDAD, CURVAS, PUENTES, TUNELES, PENDIENTES.",ESTRELLAMIENTOS,AUTOMOVIL,1,0,0,0,0,0,0,0,0,1,0,0,0,2,40,HOMBRE,ILESO,CONDUCTOR PRESENTE,NO,NO,0
9854,30529,30530,2018,1,0,-0.264263,-78.550014,PICHINCHA,QUITO,QUITO,URBANA,2018-01-24,12:40:00,12,MIERCOLES,3,ENERO,1,NO,NO CEDER EL DERECHO DE VIA O PREFERENCIA DE PASO A VEHICULOS.,CHOQUE LATERAL,AUTOMOVIL,1,0,0,0,0,0,0,0,1,0,0,0,0,2,22,HOMBRE,LESIONADO,CONDUCTOR PRESENTE,NO,NO,0
9855,30531,30532,2018,1,0,-0.104453,-78.497001,PICHINCHA,QUITO,QUITO,URBANA,2018-01-24,13:00:00,13,MIERCOLES,3,ENERO,1,NO,"NO RESPETAR LAS SENIALES REGLAMENTARIAS DE TRANSITO. (PARE, CEDA EL PASO, LUZ ROJA DEL SEMAFORO, ETC).",VOLCAMIENTOS,AUTOMOVIL,1,0,0,0,0,0,0,0,1,0,0,0,0,2,23,HOMBRE,LESIONADO,CONDUCTOR PRESENTE,NO,NO,0
9856,30535,30536,2018,1,0,-0.251319,-78.521366,PICHINCHA,QUITO,QUITO,URBANA,2018-01-24,15:10:00,15,MIERCOLES,3,ENERO,1,NO,NO TRANSITAR POR LAS ACERAS O ZONAS DE SEGURIDAD DESTINADAS PARA EL EFECTO.,ATROPELLOS,BUS,0,0,1,0,0,0,0,0,0,0,0,0,0,1,19,MUJER,LESIONADO,PEATON,NO,NO,0
9857,30537,30538,2018,1,0,-0.141848,-78.443346,PICHINCHA,QUITO,LLANO CHICO,URBANA,2018-01-24,15:30:00,15,MIERCOLES,3,ENERO,1,NO,PESO Y VOLUMEN - NO CUMPLIR CON LAS NORMAS DE SEGURIDAD NECESARIAS AL TRANSPORTAR CARGAS.,OTROS,AUTOMOVIL,1,0,0,0,0,0,0,0,0,1,0,0,0,2,59,HOMBRE,LESIONADO,CONDUCTOR PRESENTE,NO,NO,0
9858,30542,30543,2018,1,0,-0.197826,-78.466466,PICHINCHA,QUITO,QUITO,URBANA,2018-01-24,16:40:00,16,MIERCOLES,3,ENERO,1,NO,"CONDUCE BAJO LA INFLUENCIA DE ALCOHOL, SUSTANCIAS ESTUPEFACIENTES O PSICOTROPICAS Y/O MEDICAMENTOS.",CHOQUE LATERAL,MOTOCICLETA,1,0,0,0,0,0,0,0,1,0,0,0,0,2,46,HOMBRE,LESIONADO,CONDUCTOR PRESENTE,NO,NO,0
9859,30543,30544,2018,0,0,-0.177067,-78.492319,PICHINCHA,QUITO,QUITO,URBANA,2018-01-24,17:00:00,17,MIERCOLES,3,ENERO,1,NO,PEATON QUE CRUZA LA CALZADA SIN RESPETAR LA SENIALIZACION EXISTENTE (SEMAFOROS O SENIALES MANUALES).,ATROPELLOS,MOTOCICLETA,0,0,0,0,0,0,0,0,1,0,0,0,0,1,20,HOMBRE,ILESO,CONDUCTOR PRESENTE,NO,NO,0
9860,30544,30545,2018,0,0,-0.204802,-78.376946,PICHINCHA,QUITO,TUMBACO,URBANA,2018-01-24,17:00:00,17,MIERCOLES,3,ENERO,1,NO,"FALLA MECANICA EN LOS SISTEMAS Y/O NEUMATICOS (SISTEMA DE FRENOS, DIRECCION, ELECTRONICO O MECANICO).",OTROS,CAMION,0,0,1,1,0,0,0,0,0,0,0,0,0,2,50,HOMBRE,ILESO,CONDUCTOR PRESENTE,NO,NO,0
9861,30547,30548,2018,0,0,-0.096051,-78.468131,PICHINCHA,QUITO,QUITO,URBANA,2018-01-24,17:10:00,17,MIERCOLES,3,ENERO,1,NO,NO GUARDAR LA DISTANCIA LATERAL MINIMA DE SEGURIDAD ENTRE VEHICULOS.,ROZAMIENTOS,MOTOCICLETA,0,0,0,0,0,0,0,0,1,1,0,0,0,2,-1,NO IDENTIFICADO,NO IDENTIFICADO,CONDUCTOR AUSENTE,NO,NO,2
9862,30552,30553,2018,0,0,-0.204811,-78.490897,PICHINCHA,QUITO,QUITO,URBANA,2018-01-24,18:10:00,18,MIERCOLES,3,ENERO,1,NO,NO TRANSITAR POR LAS ACERAS O ZONAS DE SEGURIDAD DESTINADAS PARA EL EFECTO.,ATROPELLOS,AUTOMOVIL,1,0,0,0,0,0,0,0,0,0,0,0,0,1,30,HOMBRE,ILESO,CONDUCTOR PRESENTE,NO,NO,0
9863,30554,30555,2018,1,0,-0.289488,-78.538461,PICHINCHA,QUITO,QUITO,URBANA,2018-01-24,18:50:00,18,MIERCOLES,3,ENERO,1,NO,PEATON QUE CRUZA LA CALZADA SIN RESPETAR LA SENIALIZACION EXISTENTE (SEMAFOROS O SENIALES MANUALES).,ARROLLAMIENTOS,MOTOCICLETA,0,0,0,0,0,0,0,0,1,0,0,0,0,1,70,HOMBRE,LESIONADO,PEATON,NO,NO,0
9864,30555,30556,2018,1,0,-0.113677,-78.474373,PICHINCHA,QUITO,QUITO,URBANA,2018-01-24,19:18:00,19,MIERCOLES,3,ENERO,1,NO,CONDUCIR VEHICULO SUPERANDO LOS LIMITES MAXIMOS DE VELOCIDAD.,ATROPELLOS,NO IDENTIFICADO,0,0,0,0,0,0,0,0,0,1,0,0,0,1,24,HOMBRE,LESIONADO,PEATON,NO,NO,0
9865,30557,30558,2018,1,0,-0.185722,-78.510243,PICHINCHA,QUITO,QUITO,URBANA,2018-01-24,19:45:00,19,MIERCOLES,3,ENERO,1,NO,"CONDUCIR DESATENTO A LAS CONDICIONES DE TRANSITO (CELULAR, PANTALLAS DE VIDEO, COMIDA, MAQUILLAJE O CUALQUIER OTRO ELEMENTO DISTRACTOR).",ATROPELLOS,NO IDENTIFICADO,0,0,0,0,0,0,0,0,0,1,0,0,0,1,34,MUJER,LESIONADO,PEATON,NO,NO,0
9866,30559,30560,2018,1,0,-0.196339,-78.481058,PICHINCHA,QUITO,QUITO,URBANA,2018-01-24,21:05:00,21,MIERCOLES,3,ENERO,1,NO,NO CEDER EL DERECHO DE VIA O PREFERENCIA DE PASO AL PEATON.,ATROPELLOS,NO IDENTIFICADO,0,0,0,0,0,0,0,0,0,1,0,0,0,1,20,HOMBRE,LESIONADO,PEATON,NO,NO,0
9867,30560,30561,2018,1,0,-0.379482,-78.503841,PICHINCHA,QUITO,AMAGUANIA,RURAL,2018-01-24,21:50:00,21,MIERCOLES,3,ENERO,1,NO,DISPOSITIVO REGULADOR DE TRANSITO EN MAL ESTADO DE FUNCIONAMIENTO (SEMAFORO).,CHOQUE LATERAL,MOTOCICLETA,1,0,0,0,0,0,0,0,1,0,0,0,0,2,23,HOMBRE,LESIONADO,CONDUCTOR PRESENTE,NO,NO,3
9868,30561,30562,2018,1,0,-0.123589,-78.498716,PICHINCHA,QUITO,QUITO,URBANA,2018-01-24,22:20:00,22,MIERCOLES,3,ENERO,1,NO,NO CEDER EL DERECHO DE VIA O PREFERENCIA DE PASO A VEHICULOS.,CHOQUE LATERAL,AUTOMOVIL,2,0,0,0,0,0,0,0,0,0,0,0,0,2,45,HOMBRE,LESIONADO,CONDUCTOR PRESENTE,NO,NO,0
9869,30563,30564,2018,1,0,-0.134645,-78.501298,PICHINCHA,QUITO,QUITO,URBANA,2018-01-24,22:40:00,22,MIERCOLES,3,ENERO,1,NO,"NO RESPETAR LAS SENIALES REGLAMENTARIAS DE TRANSITO. (PARE, CEDA EL PASO, LUZ ROJA DEL SEMAFORO, ETC).",ARROLLAMIENTOS,NO IDENTIFICADO,0,0,0,0,0,0,0,0,0,1,0,0,0,1,-1,NO IDENTIFICADO,LESIONADO,PEATON,NO,NO,0
9870,30565,30566,2018,0,0,-0.112213,-78.474367,PICHINCHA,QUITO,QUITO,URBANA,2018-01-24,23:46:00,23,MIERCOLES,3,ENERO,1,NO,CONDUCIR VEHICULO SUPERANDO LOS LIMITES MAXIMOS DE VELOCIDAD.,CHOQUE LATERAL,AUTOMOVIL,2,0,0,0,0,0,0,0,0,0,0,0,0,2,29,HOMBRE,ILESO,CONDUCTOR PRESENTE,NO,NO,0
9871,30566,30567,2018,0,0,-0.271125,-78.551998,PICHINCHA,QUITO,QUITO,URBANA,2018-01-25,00:10:00,0,JUEVES,4,ENERO,1,NO,"CONDUCIR EN ESTADO DE SOMNOLENCIA O MALAS CONDICIONES FISICAS (SUENIO, CANSANCIO Y FATIGA).",CHOQUE LATERAL,AUTOMOVIL,2,0,0,0,0,0,0,0,0,0,0,0,0,2,24,HOMBRE,ILESO,CONDUCTOR PRESENTE,NO,NO,0
9872,30574,30575,2018,0,0,-0.212824,-78.402686,PICHINCHA,QUITO,TUMBACO,URBANA,2018-01-25,05:35:00,5,JUEVES,4,ENERO,1,NO,CONDUCIR VEHICULO SUPERANDO LOS LIMITES MAXIMOS DE VELOCIDAD.,ESTRELLAMIENTOS,CAMIONETA,0,0,0,0,1,0,0,0,0,0,0,0,0,1,-1,NO IDENTIFICADO,NO IDENTIFICADO,CONDUCTOR AUSENTE,NO,NO,2
9873,30576,30577,2018,0,0,-0.247979,-78.540671,PICHINCHA,QUITO,QUITO,URBANA,2018-01-25,06:20:00,6,JUEVES,4,ENERO,1,NO,NO CEDER EL DERECHO DE VIA O PREFERENCIA DE PASO A VEHICULOS.,CHOQUE LATERAL,AUTOMOVIL,1,0,0,0,1,0,0,0,0,0,0,0,0,2,29,HOMBRE,ILESO,CONDUCTOR PRESENTE,NO,NO,0
9874,30578,30579,2018,0,0,-0.171258,-78.466751,PICHINCHA,QUITO,QUITO,URBANA,2018-01-25,06:30:00,6,JUEVES,4,ENERO,1,NO,NO CEDER EL DERECHO DE VIA O PREFERENCIA DE PASO A VEHICULOS.,CHOQUE LATERAL,AUTOMOVIL,2,0,0,0,0,0,0,0,0,0,0,0,0,2,55,HOMBRE,ILESO,CONDUCTOR PRESENTE,NO,NO,0
9875,30579,30580,2018,1,0,-0.322273,-78.540628,PICHINCHA,QUITO,QUITO,URBANA,2018-01-25,06:35:00,6,JUEVES,4,ENERO,1,NO,CONDUCIR VEHICULO SUPERANDO LOS LIMITES MAXIMOS DE VELOCIDAD.,ATROPELLOS,NO IDENTIFICADO,0,0,0,0,0,0,0,0,0,1,0,0,0,1,70,MUJER,LESIONADO,PEATON,NO,NO,0
9876,30583,30584,2018,1,0,-0.195482,-78.494799,PICHINCHA,QUITO,QUITO,URBANA,2018-01-25,07:30:00,7,JUEVES,4,ENERO,1,NO,NO CEDER EL DERECHO DE VIA O PREFERENCIA DE PASO A VEHICULOS.,CHOQUE LATERAL,AUTOMOVIL,1,1,0,0,0,0,0,0,0,0,0,0,0,2,35,MUJER,LESIONADO,CONDUCTOR PRESENTE,NO,NO,0
9877,30584,30585,2018,1,0,-0.193167,-78.504625,PICHINCHA,QUITO,QUITO,URBANA,2018-01-25,07:30:00,7,JUEVES,4,ENERO,1,NO,NO CEDER EL DERECHO DE VIA O PREFERENCIA DE PASO AL PEATON.,ATROPELLOS,NO IDENTIFICADO,0,0,0,0,0,0,0,0,0,1,0,0,0,1,23,MUJER,LESIONADO,PEATON,NO,NO,0
9878,30585,30586,2018,0,0,-0.237667,-78.484685,PICHINCHA,QUITO,QUITO,URBANA,2018-01-25,08:15:00,8,JUEVES,4,ENERO,1,NO,CONDUCIR VEHICULO SUPERANDO LOS LIMITES MAXIMOS DE VELOCIDAD.,COLISION,AUTOMOVIL,2,0,0,0,1,0,0,0,0,0,0,0,0,3,32,MUJER,ILESO,CONDUCTOR PRESENTE,NO,NO,0
9879,30586,30587,2018,1,0,-0.270013,-78.544922,PICHINCHA,QUITO,QUITO,URBANA,2018-01-25,08:30:00,8,JUEVES,4,ENERO,1,NO,PEATON QUE CRUZA LA CALZADA SIN RESPETAR LA SENIALIZACION EXISTENTE (SEMAFOROS O SENIALES MANUALES).,ATROPELLOS,MOTOCICLETA,0,0,0,0,0,0,0,0,1,0,0,0,0,1,80,MUJER,LESIONADO,PEATON,NO,NO,0
9880,30587,30588,2018,1,0,-0.172584,-78.599341,PICHINCHA,QUITO,LLOA,URBANA,2018-01-25,08:40:00,8,JUEVES,4,ENERO,1,NO,NO MANTENER LA DISTANCIA PRUDENCIAL CON RESPECTO AL VEHICULO QUE LE ANTECEDE.,CHOQUE POSTERIOR,AUTOMOVIL,1,0,0,0,0,0,0,0,0,0,0,0,0,1,39,MUJER,LESIONADO,CONDUCTOR PRESENTE,NO,NO,0
9881,30594,30595,2018,0,0,-0.144741,-78.474701,PICHINCHA,QUITO,QUITO,URBANA,2018-01-25,10:50:00,10,JUEVES,4,ENERO,1,NO,"CONDUCE BAJO LA INFLUENCIA DE ALCOHOL, SUSTANCIAS ESTUPEFACIENTES O PSICOTROPICAS Y/O MEDICAMENTOS.",CHOQUE POSTERIOR,AUTOMOVIL,1,0,0,1,0,0,0,0,0,0,0,0,0,2,36,MUJER,ILESO,CONDUCTOR PRESENTE,NO,NO,0
9882,30595,30596,2018,0,0,-0.176416,-78.360434,PICHINCHA,QUITO,PUEMBO,URBANA,2018-01-25,11:30:00,11,JUEVES,4,ENERO,1,NO,"CONDUCIR DESATENTO A LAS CONDICIONES DE TRANSITO (CELULAR, PANTALLAS DE VIDEO, COMIDA, MAQUILLAJE O CUALQUIER OTRO ELEMENTO DISTRACTOR).",CHOQUE LATERAL,AUTOMOVIL,2,0,0,0,0,0,0,0,0,0,0,0,0,2,47,HOMBRE,ILESO,CONDUCTOR PRESENTE,NO,NO,0
9883,30602,30603,2018,1,0,-0.177067,-78.492319,PICHINCHA,QUITO,QUITO,URBANA,2018-01-25,13:25:00,13,JUEVES,4,ENERO,1,NO,"NO RESPETAR LAS SENIALES REGLAMENTARIAS DE TRANSITO. (PARE, CEDA EL PASO, LUZ ROJA DEL SEMAFORO, ETC).",CHOQUE LATERAL,AUTOMOVIL,1,0,0,0,0,0,0,0,1,0,0,0,0,2,30,HOMBRE,LESIONADO,CONDUCTOR PRESENTE,NO,NO,0