,Unnamed: 0,ID,ANIO,LESIONADOS,FALLECIDOS,LATITUD_Y,LONGITUD_X,PROVINCIA,CANTON,PARROQUIA,ZONA,FECHA,HORA,PERIODO_2,DIA_1,DIA_2,MES_1,MES_2,FERIADO,CAUSA_PROBABLE,TIPO_DE_SINIESTRO,TIPO_DE_VEHICULO_1,AUTOMOVIL,BICICLETA,BUS,CAMION,CAMIONETA,EMERGENCIAS,ESPECIAL,FURGONETA,MOTOCICLETA,NO_IDENTIFICADO,SCOOTER_ELECTRICO,TRICIMOTO,VEHICULO_DEPORTIVO_UTILITARIO,SUMA_DE_VEHICULOS,EDAD_1,SEXO_1,CONDICION_1,PARTICIPANTE_1,CASCO_1,CINTURON_1,KMeans_Cluster
9941,30806,30807,2018,0,0,-0.089881,-78.517157,PICHINCHA,QUITO,QUITO,URBANA,2018-01-28,05:50:00,5,DOMINGO,7,ENERO,1,NO,CONDUCIR VEHICULO SUPERANDO LOS LIMITES MAXIMOS DE VELOCIDAD.,CHOQUE FRONTAL,AUTOMOVIL,1,0,0,0,0,0,0,0,0,0,0,0,0,1,56,HOMBRE,ILESO,CONDUCTOR PRESENTE,NO,NO,0
9942,30809,30810,2018,0,0,-0.144708,-78.474749,PICHINCHA,QUITO,QUITO,URBANA,2018-01-28,07:40:00,7,DOMINGO,7,ENERO,1,NO,NO CEDER EL DERECHO DE VIA O PREFERENCIA DE PASO A VEHICULOS.,CHOQUE LATERAL,AUTOMOVIL,1,0,0,0,1,0,0,0,0,0,0,0,0,2,45,HOMBRE,ILESO,CONDUCTOR PRESENTE,NO,NO,0
9943,30811,30812,2018,1,0,-0.206816,-78.492031,PICHINCHA,QUITO,QUITO,URBANA,2018-01-28,07:50:00,7,DOMINGO,7,ENERO,1,NO,"NO RESPETAR LAS SENIALES REGLAMENTARIAS DE TRANSITO. (PARE, CEDA EL PASO, LUZ ROJA DEL SEMAFORO, ETC).",CHOQUE LATERAL,AUTOMOVIL,1,0,0,0,0,0,0,0,1,0,0,0,0,2,30,HOMBRE,LESIONADO,CONDUCTOR PRESENTE,NO,NO,0
9944,30817,30818,2018,1,0,-0.096706,-78.420619,PICHINCHA,QUITO,CALDERON (CARAPUNGO),URBANA,2018-01-28,09:30:00,9,DOMINGO,7,ENERO,1,NO,PEATON QUE CRUZA LA CALZADA SIN RESPETAR LA SENIALIZACION EXISTENTE (SEMAFOROS O SENIALES MANUALES).,ATROPELLOS,BUS,0,0,1,0,0,0,0,0,0,0,0,0,0,1,24,HOMBRE,LESIONADO,PEATON,NO,NO,0
9945,30818,30819,2018,2,0,-0.296507,-78.541696,PICHINCHA,QUITO,QUITO,URBANA,2018-01-28,09:30:00,9,DOMINGO,7,ENERO,1,NO,NO CEDER EL DERECHO DE VIA O PREFERENCIA DE PASO A VEHICULOS.,CHOQUE LATERAL,MOTOCICLETA,1,0,0,0,0,0,0,0,1,0,0,0,0,2,21,HOMBRE,LESIONADO,CONDUCTOR PRESENTE,NO,NO,0
9946,30819,30820,2018,0,0,-0.116742,-78.499333,PICHINCHA,QUITO,QUITO,URBANA,2018-01-28,09:30:00,9,DOMINGO,7,ENERO,1,NO,NO CEDER EL DERECHO DE VIA O PREFERENCIA DE PASO A VEHICULOS.,CHOQUE LATERAL,AUTOMOVIL,2,0,0,0,0,0,0,0,0,0,0,0,0,2,39,HOMBRE,ILESO,CONDUCTOR PRESENTE,NO,NO,0
9947,30822,30823,2018,0,0,-0.222658,-78.504152,PICHINCHA,QUITO,QUITO,URBANA,2018-01-28,10:20:00,10,DOMINGO,7,ENERO,1,NO,"MAL ESTACIONADO - EL CONDUCTOR QUE DETENGA O ESTACIONE VEHICULOS EN SITIOS O ZONAS QUE ENTRANIEN PELIGRO, TALES COMO ZONA DE SEGURIDAD, CURVAS, PUENTES, TUNELES, PENDIENTES.",ESTRELLAMIENTOS,AUTOMOVIL,2,0,0,0,0,0,0,0,0,1,0,0,0,3,-1,NO IDENTIFICADO,NO IDENTIFICADO,CONDUCTOR AUSENTE,NO,NO,2
9948,30826,30827,2018,2,0,-0.346754,-78.454831,PICHINCHA,RUMINIAHUI,SANGOLQUI,URBANA,2018-01-28,12:20:00,12,DOMINGO,7,ENERO,1,NO,NO GUARDAR LA DISTANCIA LATERAL MINIMA DE SEGURIDAD ENTRE VEHICULOS.,CHOQUE LATERAL,MOTOCICLETA,0,0,0,0,1,0,0,0,1,0,0,0,1,3,24,HOMBRE,LESIONADO,CONDUCTOR PRESENTE,NO,NO,0
9949,30830,30831,2018,0,1,-0.145681,-78.466121,PICHINCHA,QUITO,QUITO,URBANA,2018-01-28,12:55:00,12,DOMINGO,7,ENERO,1,NO,CONDUCIR VEHICULO SUPERANDO LOS LIMITES MAXIMOS DE VELOCIDAD.,OTROS,BUS,0,0,1,1,0,0,0,0,0,0,0,0,0,2,58,HOMBRE,FALLECIDO,PEATON,NO,NO,0
9950,30831,30832,2018,0,0,-0.161208,-78.495838,PICHINCHA,QUITO,QUITO,URBANA,2018-01-28,13:20:00,13,DOMINGO,7,ENERO,1,NO,NO MANTENER LA DISTANCIA PRUDENCIAL CON RESPECTO AL VEHICULO QUE LE ANTECEDE.,CHOQUE POSTERIOR,AUTOMOVIL,2,0,0,0,0,0,0,0,0,0,0,0,0,2,24,HOMBRE,ILESO,CONDUCTOR PRESENTE,NO,NO,0
9951,30833,30834,2018,1,0,-0.310969,-78.449649,PICHINCHA,RUMINIAHUI,SANGOLQUI,URBANA,2018-01-28,15:00:00,15,DOMINGO,7,ENERO,1,NO,"CONDUCIR DESATENTO A LAS CONDICIONES DE TRANSITO (CELULAR, PANTALLAS DE VIDEO, COMIDA, MAQUILLAJE O CUALQUIER OTRO ELEMENTO DISTRACTOR).",ESTRELLAMIENTOS,CAMION,0,0,0,1,0,0,0,0,0,0,0,0,0,1,77,HOMBRE,LESIONADO,CONDUCTOR PRESENTE,NO,NO,0
9952,30840,30841,2018,0,0,-0.338188,-78.444939,PICHINCHA,RUMINIAHUI,SANGOLQUI,URBANA,2018-01-28,17:30:00,17,DOMINGO,7,ENERO,1,NO,"CONDUCIR DESATENTO A LAS CONDICIONES DE TRANSITO (CELULAR, PANTALLAS DE VIDEO, COMIDA, MAQUILLAJE O CUALQUIER OTRO ELEMENTO DISTRACTOR).",CHOQUE FRONTAL,VEHICULO DEPORTIVO UTILITARIO,0,0,0,0,0,0,0,0,0,0,0,0,2,2,48,MUJER,ILESO,CONDUCTOR PRESENTE,NO,NO,0
9953,30842,30843,2018,0,0,-0.266507,-78.494512,PICHINCHA,QUITO,CONOCOTO,URBANA,2018-01-28,18:30:00,18,DOMINGO,7,ENERO,1,NO,"CASO FORTUITO O FUERZA MAYOR (EXPLOSION DE NEUMATICO NUEVO, DERRUMBE, INUNDACION, CAIDA DE PUENTE, ARBOL, PRESENCIA INTEMPESTIVA E IMPREVISTA DE SEMOVIENTES EN LA VIA, ETC.).",OTROS,BUS,0,0,1,0,0,0,0,0,0,0,0,0,0,1,27,HOMBRE,ILESO,CONDUCTOR PRESENTE,NO,NO,0
9954,30844,30845,2018,0,0,-0.249098,-78.536736,PICHINCHA,QUITO,QUITO,URBANA,2018-01-28,19:10:00,19,DOMINGO,7,ENERO,1,NO,CONDUCIR VEHICULO SUPERANDO LOS LIMITES MAXIMOS DE VELOCIDAD.,PERDIDA DE PISTA,MOTOCICLETA,0,0,0,0,0,0,0,0,1,0,0,0,0,1,-1,NO IDENTIFICADO,NO IDENTIFICADO,CONDUCTOR AUSENTE,NO,NO,2
9955,30853,30854,2018,1,0,-0.099083,-78.421844,PICHINCHA,QUITO,CALDERON (CARAPUNGO),URBANA,2018-01-28,21:30:00,21,DOMINGO,7,ENERO,1,NO,"NO RESPETAR LAS SENIALES REGLAMENTARIAS DE TRANSITO. (PARE, CEDA EL PASO, LUZ ROJA DEL SEMAFORO, ETC).",OTROS,MOTOCICLETA,0,0,0,0,0,0,0,0,1,0,0,0,0,1,-1,HOMBRE,LESIONADO,CONDUCTOR PRESENTE,NO,NO,0
9956,30854,30855,2018,1,0,-0.171611,-78.484882,PICHINCHA,QUITO,QUITO,URBANA,2018-01-28,21:35:00,21,DOMINGO,7,ENERO,1,NO,NO MANTENER LA DISTANCIA PRUDENCIAL CON RESPECTO AL VEHICULO QUE LE ANTECEDE.,CHOQUE POSTERIOR,AUTOMOVIL,1,0,0,0,0,0,0,0,0,0,0,0,0,1,28,MUJER,LESIONADO,CONDUCTOR PRESENTE,NO,NO,0
9957,30859,30860,2018,0,0,-0.230418,-78.513135,PICHINCHA,QUITO,QUITO,URBANA,2018-01-29,01:15:00,1,LUNES,1,ENERO,1,NO,"CONDUCE BAJO LA INFLUENCIA DE ALCOHOL, SUSTANCIAS ESTUPEFACIENTES O PSICOTROPICAS Y/O MEDICAMENTOS.",ATROPELLOS,AUTOMOVIL,1,0,0,0,0,0,0,0,0,0,0,0,0,1,-1,NO IDENTIFICADO,NO IDENTIFICADO,CONDUCTOR AUSENTE,NO,NO,2
9958,30872,30873,2018,1,0,-0.109351,-78.458267,PICHINCHA,QUITO,CALDERON (CARAPUNGO),URBANA,2018-01-29,07:39:00,7,LUNES,1,ENERO,1,NO,REALIZAR CAMBIO BRUSCO O INDEBIDO DE CARRIL.,OTROS,MOTOCICLETA,1,0,0,0,0,0,0,0,1,0,0,0,0,2,35,HOMBRE,LESIONADO,CONDUCTOR PRESENTE,NO,NO,0
9959,30877,30878,2018,1,0,-0.271571,-78.528881,PICHINCHA,QUITO,QUITO,URBANA,2018-01-29,09:50:00,9,LUNES,1,ENERO,1,NO,BAJARSE O SUBIRSE DE VEHICULOS EN MOVIMIENTO SIN TOMAR LAS PRECAUCIONES DEBIDAS.,CAIDA DE PASAJERO,NO IDENTIFICADO,0,0,0,0,0,0,0,0,0,1,0,0,0,1,36,MUJER,LESIONADO,PASAJERO,NO,NO,0
9960,30882,30883,2018,1,0,-0.228529,-78.524693,PICHINCHA,QUITO,QUITO,URBANA,2018-01-29,12:45:00,12,LUNES,1,ENERO,1,NO,NO CEDER EL DERECHO DE VIA O PREFERENCIA DE PASO AL PEATON.,ATROPELLOS,MOTOCICLETA,0,0,0,0,0,0,0,0,1,0,0,0,0,1,9,HOMBRE,LESIONADO,PEATON,NO,NO,0
9961,30886,30887,2018,1,0,-0.203295,-78.493833,PICHINCHA,QUITO,QUITO,URBANA,2018-01-29,13:15:00,13,LUNES,1,ENERO,1,NO,NO CEDER EL DERECHO DE VIA O PREFERENCIA DE PASO AL PEATON.,ATROPELLOS,NO IDENTIFICADO,0,0,0,0,0,0,0,0,0,1,0,0,0,1,26,HOMBRE,LESIONADO,PEATON,NO,NO,0
9962,30894,30895,2018,0,0,-0.231194,-78.503389,PICHINCHA,QUITO,QUITO,URBANA,2018-01-29,14:27:00,14,LUNES,1,ENERO,1,NO,CONDUCIR VEHICULO SUPERANDO LOS LIMITES MAXIMOS DE VELOCIDAD.,ESTRELLAMIENTOS,CAMIONETA,0,0,0,0,1,0,0,0,0,0,0,0,0,1,60,HOMBRE,ILESO,CONDUCTOR PRESENTE,NO,NO,0
9963,30895,30896,2018,1,0,-0.254744,-78.515322,PICHINCHA,QUITO,QUITO,URBANA,2018-01-29,14:30:00,14,LUNES,1,ENERO,1,NO,REALIZAR CAMBIO BRUSCO O INDEBIDO DE CARRIL.,PERDIDA DE PISTA,MOTOCICLETA,0,0,0,0,0,0,0,0,1,0,0,0,0,1,36,HOMBRE,LESIONADO,CONDUCTOR PRESENTE,NO,NO,0
9964,30897,30898,2018,0,0,-0.113215,-78.478989,PICHINCHA,QUITO,QUITO,URBANA,2018-01-29,15:01:00,15,LUNES,1,ENERO,1,NO,CONDUCIR VEHICULO SUPERANDO LOS LIMITES MAXIMOS DE VELOCIDAD.,ESTRELLAMIENTOS,CAMIONETA,1,0,0,0,1,0,0,0,0,0,0,0,0,2,31,HOMBRE,ILESO,CONDUCTOR PRESENTE,NO,NO,0
9965,30898,30899,2018,0,0,-0.196122,-78.499703,PICHINCHA,QUITO,QUITO,URBANA,2018-01-29,16:29:00,16,LUNES,1,ENERO,1,NO,NO GUARDAR LA DISTANCIA LATERAL MINIMA DE SEGURIDAD ENTRE VEHICULOS.,ROZAMIENTOS,BUS,2,0,1,0,0,0,0,0,0,0,0,0,0,3,32,HOMBRE,ILESO,CONDUCTOR PRESENTE,NO,NO,0
9966,30901,30902,2018,1,0,-0.099083,-78.421844,PICHINCHA,QUITO,CALDERON (CARAPUNGO),URBANA,2018-01-29,17:30:00,17,LUNES,1,ENERO,1,NO,"ADELANTAR O REBASAR A OTRO VEHICULO EN MOVIMIENTO EN ZONAS O SITIOS PELIGROSOS TALES COMO: CURVAS, PUENTES, TUNELES, PENDIENTES, ETC.",CHOQUE LATERAL,MOTOCICLETA,1,0,0,0,0,0,0,0,1,0,0,0,0,2,26,HOMBRE,LESIONADO,CONDUCTOR PRESENTE,NO,NO,0
9967,30903,30904,2018,0,0,-0.208998,-78.500415,PICHINCHA,QUITO,QUITO,URBANA,2018-01-29,18:25:00,18,LUNES,1,ENERO,1,NO,CONDUCIR VEHICULO SUPERANDO LOS LIMITES MAXIMOS DE VELOCIDAD.,ATROPELLOS,NO IDENTIFICADO,0,0,0,0,0,0,0,0,0,1,0,0,0,1,66,HOMBRE,ILESO,PEATON,NO,NO,0
9968,30905,30906,2018,1,0,-0.381606,-78.505418,PICHINCHA,QUITO,AMAGUANIA,URBANA,2018-01-29,19:30:00,19,LUNES,1,ENERO,1,NO,DISPOSITIVO REGULADOR DE TRANSITO EN MAL ESTADO DE FUNCIONAMIENTO (SEMAFORO).,ATROPELLOS,MOTOCICLETA,0,0,0,0,0,0,0,0,1,0,0,0,0,1,65,HOMBRE,LESIONADO,PEATON,NO,NO,0
9969,30912,30913,2018,0,0,-0.064988,-78.366442,PICHINCHA,QUITO,GUAYLLABAMBA,RURAL,2018-01-30,00:05:00,0,MARTES,2,ENERO,1,NO,"CONDUCIR DESATENTO A LAS CONDICIONES DE TRANSITO (CELULAR, PANTALLAS DE VIDEO, COMIDA, MAQUILLAJE O CUALQUIER OTRO ELEMENTO DISTRACTOR).",ESTRELLAMIENTOS,CAMIONETA,0,0,0,0,1,0,0,0,0,0,0,0,0,1,-1,NO IDENTIFICADO,NO IDENTIFICADO,CONDUCTOR AUSENTE,NO,NO,2
9970,30915,30916,2018,0,0,-0.099083,-78.421844,PICHINCHA,QUITO,CALDERON (CARAPUNGO),URBANA,2018-01-30,01:45:00,1,MARTES,2,ENERO,1,NO,CONDUCIR VEHICULO SUPERANDO LOS LIMITES MAXIMOS DE VELOCIDAD.,OTROS,AUTOMOVIL,1,0,0,0,0,0,0,0,0,0,0,0,0,1,-1,NO IDENTIFICADO,NO IDENTIFICADO,CONDUCTOR AUSENTE,NO,NO,2
9971,30917,30918,2018,2,1,-0.241501,-78.326772,PICHINCHA,QUITO,PIFO,URBANA,2018-01-30,04:40:00,4,MARTES,2,ENERO,1,NO,DISPOSITIVO REGULADOR DE TRANSITO EN MAL ESTADO DE FUNCIONAMIENTO (SEMAFORO).,CHOQUE FRONTAL,CAMION,0,0,0,1,1,0,0,0,0,0,0,0,0,2,41,HOMBRE,FALLECIDO,CONDUCTOR PRESENTE,NO,NO,0
9972,30918,30919,2018,0,0,-0.249954,-78.535211,PICHINCHA,QUITO,QUITO,URBANA,2018-01-30,05:15:00,5,MARTES,2,ENERO,1,NO,"CONDUCIR EN ESTADO DE SOMNOLENCIA O MALAS CONDICIONES FISICAS (SUENIO, CANSANCIO Y FATIGA).",ESTRELLAMIENTOS,AUTOMOVIL,2,0,0,0,0,0,0,0,0,0,0,0,0,2,38,HOMBRE,ILESO,CONDUCTOR PRESENTE,NO,NO,0
9973,30919,30920,2018,1,0,-0.150519,-78.452248,PICHINCHA,QUITO,QUITO,URBANA,2018-01-30,05:30:00,5,MARTES,2,ENERO,1,NO,CONDUCIR VEHICULO SUPERANDO LOS LIMITES MAXIMOS DE VELOCIDAD.,ESTRELLAMIENTOS,NO IDENTIFICADO,0,0,0,0,0,0,0,0,0,1,0,0,0,1,61,HOMBRE,LESIONADO,PASAJERO,NO,NO,0
9974,30922,30923,2018,2,0,-0.172262,-78.490168,PICHINCHA,QUITO,QUITO,URBANA,2018-01-30,06:55:00,6,MARTES,2,ENERO,1,NO,NO CEDER EL DERECHO DE VIA O PREFERENCIA DE PASO A VEHICULOS.,CHOQUE LATERAL,AUTOMOVIL,2,0,0,0,0,0,0,0,0,0,0,0,0,2,42,MUJER,LESIONADO,CONDUCTOR PRESENTE,NO,NO,0
9975,30923,30924,2018,0,0,-0.188521,-78.448241,PICHINCHA,QUITO,NAYON,URBANA,2018-01-30,07:15:00,7,MARTES,2,ENERO,1,NO,"PRESENCIA DE AGENTES EXTERNOS EN LA VIA (AGUA, ACEITE, PIEDRA, LASTRE, ESCOMBROS, MADEROS, ETC.).",CHOQUE FRONTAL,AUTOMOVIL,1,0,0,0,0,0,0,0,1,0,0,0,0,2,53,HOMBRE,ILESO,CONDUCTOR PRESENTE,NO,NO,0
9976,30924,30925,2018,1,0,-0.188521,-78.448241,PICHINCHA,QUITO,NAYON,URBANA,2018-01-30,07:20:00,7,MARTES,2,ENERO,1,NO,CONDUCIR EN SENTIDO CONTRARIO A LA VIA NORMAL DE CIRCULACION.,CHOQUE FRONTAL,AUTOMOVIL,1,0,0,0,1,0,0,0,0,0,0,0,0,2,20,HOMBRE,LESIONADO,CONDUCTOR PRESENTE,NO,NO,0
9977,30925,30926,2018,0,0,-0.112733,-78.490741,PICHINCHA,QUITO,QUITO,URBANA,2018-01-30,08:10:00,8,MARTES,2,ENERO,1,NO,"NO RESPETAR LAS SENIALES REGLAMENTARIAS DE TRANSITO. (PARE, CEDA EL PASO, LUZ ROJA DEL SEMAFORO, ETC).",CHOQUE LATERAL,AUTOMOVIL,2,0,0,0,0,0,0,0,0,0,0,0,0,2,53,HOMBRE,ILESO,CONDUCTOR PRESENTE,NO,NO,0
9978,30926,30927,2018,1,0,-0.211019,-78.498378,PICHINCHA,QUITO,QUITO,URBANA,2018-01-30,08:30:00,8,MARTES,2,ENERO,1,NO,NO CEDER EL DERECHO DE VIA O PREFERENCIA DE PASO A VEHICULOS.,CHOQUE LATERAL,NO IDENTIFICADO,0,0,0,0,0,0,0,0,0,1,0,0,0,1,28,HOMBRE,LESIONADO,CONDUCTOR PRESENTE,NO,NO,0
9979,30927,30928,2018,0,0,-0.099083,-78.421844,PICHINCHA,QUITO,CALDERON (CARAPUNGO),URBANA,2018-01-30,08:50:00,8,MARTES,2,ENERO,1,NO,NO MANTENER LA DISTANCIA PRUDENCIAL CON RESPECTO AL VEHICULO QUE LE ANTECEDE.,CHOQUE POSTERIOR,AUTOMOVIL,1,0,0,0,1,0,0,0,0,0,0,0,0,2,27,MUJER,ILESO,CONDUCTOR PRESENTE,NO,NO,0
9980,30929,30930,2018,0,0,-0.168821,-78.486416,PICHINCHA,QUITO,QUITO,URBANA,2018-01-30,09:10:00,9,MARTES,2,ENERO,1,NO,"NO RESPETAR LAS SENIALES REGLAMENTARIAS DE TRANSITO. (PARE, CEDA EL PASO, LUZ ROJA DEL SEMAFORO, ETC).",CHOQUE LATERAL,CAMIONETA,0,0,0,0,1,0,0,0,0,0,0,0,0,1,36,MUJER,ILESO,CONDUCTOR PRESENTE,NO,NO,0
9981,30930,30931,2018,0,0,-0.091585,-78.439052,PICHINCHA,QUITO,CALDERON (CARAPUNGO),URBANA,2018-01-30,09:15:00,9,MARTES,2,ENERO,1,NO,"NO RESPETAR LAS SENIALES REGLAMENTARIAS DE TRANSITO. (PARE, CEDA EL PASO, LUZ ROJA DEL SEMAFORO, ETC).",CHOQUE LATERAL,AUTOMOVIL,1,0,0,0,1,0,0,0,0,0,0,0,0,2,32,HOMBRE,ILESO,CONDUCTOR PRESENTE,NO,NO,0
9982,30931,30932,2018,0,0,-0.132742,-78.459938,PICHINCHA,QUITO,QUITO,URBANA,2018-01-30,09:30:00,9,MARTES,2,ENERO,1,NO,DEJAR O RECOGER PASAJEROS EN LUGARES NO PERMITIDOS.,ROZAMIENTOS,AUTOMOVIL,1,0,0,0,0,0,0,0,0,0,0,0,0,1,43,HOMBRE,ILESO,CONDUCTOR PRESENTE,NO,NO,0
9983,30935,30936,2018,0,0,-0.191792,-78.484036,PICHINCHA,QUITO,QUITO,URBANA,2018-01-30,10:00:00,10,MARTES,2,ENERO,1,NO,NO MANTENER LA DISTANCIA PRUDENCIAL CON RESPECTO AL VEHICULO QUE LE ANTECEDE.,CHOQUE POSTERIOR,AUTOMOVIL,2,0,0,0,0,0,0,0,0,0,0,0,0,2,69,HOMBRE,ILESO,CONDUCTOR PRESENTE,NO,NO,0
9984,30939,30940,2018,1,0,-0.249355,-78.516178,PICHINCHA,QUITO,QUITO,URBANA,2018-01-30,12:07:00,12,MARTES,2,ENERO,1,NO,"CONDUCIR DESATENTO A LAS CONDICIONES DE TRANSITO (CELULAR, PANTALLAS DE VIDEO, COMIDA, MAQUILLAJE O CUALQUIER OTRO ELEMENTO DISTRACTOR).",ATROPELLOS,NO IDENTIFICADO,0,0,0,0,0,0,0,0,0,1,0,0,0,1,70,HOMBRE,LESIONADO,PEATON,NO,NO,0
9985,30943,30944,2018,0,0,-0.172139,-78.491241,PICHINCHA,QUITO,QUITO,URBANA,2018-01-30,13:55:00,13,MARTES,2,ENERO,1,NO,"NO RESPETAR LAS SENIALES REGLAMENTARIAS DE TRANSITO. (PARE, CEDA EL PASO, LUZ ROJA DEL SEMAFORO, ETC).",ESTRELLAMIENTOS,CAMIONETA,0,0,0,0,1,0,0,0,0,0,0,0,0,1,25,HOMBRE,ILESO,CONDUCTOR PRESENTE,NO,NO,0
9986,30947,30948,2018,0,0,-0.383462,-78.531918,PICHINCHA,MEJIA,CUTUGLAHUA,RURAL,2018-01-30,16:15:00,16,MARTES,2,ENERO,1,NO,"CONDUCIR DESATENTO A LAS CONDICIONES DE TRANSITO (CELULAR, PANTALLAS DE VIDEO, COMIDA, MAQUILLAJE O CUALQUIER OTRO ELEMENTO DISTRACTOR).",CHOQUE POSTERIOR,CAMION,0,0,0,1,1,0,0,0,0,0,0,0,0,2,31,HOMBRE,ILESO,CONDUCTOR PRESENTE,NO,NO,3
9987,30948,30949,2018,1,0,-0.199977,-78.428809,PICHINCHA,QUITO,CUMBAYA,URBANA,2018-01-30,16:30:00,16,MARTES,2,ENERO,1,NO,NO CEDER EL DERECHO DE VIA O PREFERENCIA DE PASO A VEHICULOS.,CHOQUE LATERAL,BICICLETA,0,1,0,0,0,0,0,0,0,1,0,0,0,2,21,MUJER,LESIONADO,CONDUCTOR PRESENTE,NO,NO,0
9988,30950,30951,2018,1,0,-0.131049,-78.481594,PICHINCHA,QUITO,QUITO,URBANA,2018-01-30,17:49:00,17,MARTES,2,ENERO,1,NO,CONDUCIR VEHICULO SUPERANDO LOS LIMITES MAXIMOS DE VELOCIDAD.,VOLCAMIENTOS,MOTOCICLETA,0,0,0,0,0,0,0,0,1,0,0,0,0,1,29,HOMBRE,LESIONADO,CONDUCTOR PRESENTE,NO,NO,0
9989,30951,30952,2018,1,0,-0.105373,-78.462381,PICHINCHA,QUITO,QUITO,URBANA,2018-01-30,17:50:00,17,MARTES,2,ENERO,1,NO,DEJAR O RECOGER PASAJEROS EN LUGARES NO PERMITIDOS.,CAIDA DE PASAJERO,NO IDENTIFICADO,0,0,0,0,0,0,0,0,0,1,0,0,0,1,18,HOMBRE,LESIONADO,PASAJERO,NO,NO,0
9990,30957,30958,2018,0,0,-0.298793,-78.480471,PICHINCHA,QUITO,CONOCOTO,URBANA,2018-01-30,19:10:00,19,MARTES,2,ENERO,1,NO,"CONDUCIR DESATENTO A LAS CONDICIONES DE TRANSITO (CELULAR, PANTALLAS DE VIDEO, COMIDA, MAQUILLAJE O CUALQUIER OTRO ELEMENTO DISTRACTOR).",CHOQUE LATERAL,AUTOMOVIL,2,0,0,0,0,0,0,0,0,0,0,0,0,2,37,MUJER,ILESO,CONDUCTOR PRESENTE,NO,NO,0
9991,30960,30961,2018,4,0,-0.224592,-78.396554,PICHINCHA,QUITO,TUMBACO,URBANA,2018-01-30,20:30:00,20,MARTES,2,ENERO,1,NO,"ADELANTAR O REBASAR A OTRO VEHICULO EN MOVIMIENTO EN ZONAS O SITIOS PELIGROSOS TALES COMO: CURVAS, PUENTES, TUNELES, PENDIENTES, ETC.",CHOQUE FRONTAL,BUS,0,0,2,0,0,0,0,0,0,0,0,0,0,2,55,MUJER,LESIONADO,PASAJERO,NO,NO,0
9992,30961,30962,2018,0,0,-0.308964,-78.562538,PICHINCHA,QUITO,QUITO,URBANA,2018-01-30,20:30:00,20,MARTES,2,ENERO,1,NO,BAJARSE O SUBIRSE DE VEHICULOS EN MOVIMIENTO SIN TOMAR LAS PRECAUCIONES DEBIDAS.,CAIDA DE PASAJERO,NO IDENTIFICADO,0,0,0,0,0,0,0,0,0,1,0,0,0,1,35,MUJER,ILESO,PASAJERO,NO,NO,0
9993,30967,30968,2018,0,0,-0.318056,-78.561881,PICHINCHA,QUITO,QUITO,URBANA,2018-01-30,22:30:00,22,MARTES,2,ENERO,1,NO,NO CEDER EL DERECHO DE VIA O PREFERENCIA DE PASO A VEHICULOS.,CHOQUE LATERAL,AUTOMOVIL,2,0,0,0,0,0,0,0,0,0,0,0,0,2,22,MUJER,ILESO,CONDUCTOR PRESENTE,NO,NO,0
9994,30969,30970,2018,2,0,-0.176466,-78.485731,PICHINCHA,QUITO,QUITO,URBANA,2018-01-30,23:20:00,23,MARTES,2,ENERO,1,NO,"CONDUCE BAJO LA INFLUENCIA DE ALCOHOL, SUSTANCIAS ESTUPEFACIENTES O PSICOTROPICAS Y/O MEDICAMENTOS.",CHOQUE LATERAL,MOTOCICLETA,1,0,0,0,0,0,0,0,1,0,0,0,0,2,28,HOMBRE,LESIONADO,CONDUCTOR PRESENTE,NO,NO,0
9995,30976,30977,2018,1,0,-0.288018,-78.452777,PICHINCHA,QUITO,ALANGASI,URBANA,2018-01-31,06:57:00,6,MIERCOLES,3,ENERO,1,NO,CONDUCIR VEHICULO SUPERANDO LOS LIMITES MAXIMOS DE VELOCIDAD.,CHOQUE LATERAL,AUTOMOVIL,1,1,0,0,0,0,0,0,0,0,0,0,0,2,54,HOMBRE,LESIONADO,CONDUCTOR PRESENTE,NO,NO,0
9996,30980,30981,2018,1,0,-0.288067,-78.528373,PICHINCHA,QUITO,QUITO,URBANA,2018-01-31,08:12:00,8,MIERCOLES,3,ENERO,1,NO,REALIZAR CAMBIO BRUSCO O INDEBIDO DE CARRIL.,PERDIDA DE PISTA,NO IDENTIFICADO,0,0,0,0,0,0,0,0,0,1,0,0,0,1,29,HOMBRE,LESIONADO,CONDUCTOR PRESENTE,NO,NO,0
9997,30983,30984,2018,0,0,-0.187745,-78.487724,PICHINCHA,QUITO,QUITO,URBANA,2018-01-31,08:40:00,8,MIERCOLES,3,ENERO,1,NO,"CONDUCIR DESATENTO A LAS CONDICIONES DE TRANSITO (CELULAR, PANTALLAS DE VIDEO, COMIDA, MAQUILLAJE O CUALQUIER OTRO ELEMENTO DISTRACTOR).",CHOQUE FRONTAL,MOTOCICLETA,0,0,0,0,0,0,0,0,1,0,0,0,0,1,40,HOMBRE,ILESO,CONDUCTOR PRESENTE,NO,NO,0
9998,30989,30990,2018,1,0,-0.227421,-78.510133,PICHINCHA,QUITO,QUITO,URBANA,2018-01-31,11:22:00,11,MIERCOLES,3,ENERO,1,NO,CONDUCIR VEHICULO SUPERANDO LOS LIMITES MAXIMOS DE VELOCIDAD.,ATROPELLOS,CAMIONETA,0,0,0,0,1,0,0,0,0,0,0,0,0,1,3,MUJER,LESIONADO,PEATON,NO,NO,0