,Unnamed: 0,ID,ANIO,LESIONADOS,FALLECIDOS,LATITUD_Y,LONGITUD_X,PROVINCIA,CANTON,PARROQUIA,ZONA,FECHA,HORA,PERIODO_2,DIA_1,DIA_2,MES_1,MES_2,FERIADO,CAUSA_PROBABLE,TIPO_DE_SINIESTRO,TIPO_DE_VEHICULO_1,AUTOMOVIL,BICICLETA,BUS,CAMION,CAMIONETA,EMERGENCIAS,ESPECIAL,FURGONETA,MOTOCICLETA,NO_IDENTIFICADO,SCOOTER_ELECTRICO,TRICIMOTO,VEHICULO_DEPORTIVO_UTILITARIO,SUMA_DE_VEHICULOS,EDAD_1,SEXO_1,CONDICION_1,PARTICIPANTE_1,CASCO_1,CINTURON_1,KMeans_Cluster
9999,30991,30992,2018,0,0,-0.292724,-78.476486,PICHINCHA,QUITO,CONOCOTO,URBANA,2018-01-31,12:20:00,12,MIERCOLES,3,ENERO,1,NO,"CONDUCIR DESATENTO A LAS CONDICIONES DE TRANSITO (CELULAR, PANTALLAS DE VIDEO, COMIDA, MAQUILLAJE O CUALQUIER OTRO ELEMENTO DISTRACTOR).",CHOQUE LATERAL,CAMIONETA,1,0,0,0,1,0,0,0,0,0,0,0,0,2,31,HOMBRE,ILESO,CONDUCTOR PRESENTE,NO,NO,0
10000,30994,30995,2018,1,0,0.230281,-78.492708,PICHINCHA,QUITO,SAN JOSE DE MINAS,URBANA,2018-01-31,12:50:00,12,MIERCOLES,3,ENERO,1,NO,BAJARSE O SUBIRSE DE VEHICULOS EN MOVIMIENTO SIN TOMAR LAS PRECAUCIONES DEBIDAS.,CAIDA DE PASAJERO,FURGONETA,0,0,0,0,0,0,0,1,0,0,0,0,0,1,9,HOMBRE,LESIONADO,PASAJERO,NO,NO,0
10001,30996,30997,2018,0,0,-0.328831,-78.560625,PICHINCHA,QUITO,QUITO,URBANA,2018-01-31,13:00:00,13,MIERCOLES,3,ENERO,1,NO,"CONDUCE BAJO LA INFLUENCIA DE ALCOHOL, SUSTANCIAS ESTUPEFACIENTES O PSICOTROPICAS Y/O MEDICAMENTOS.",CHOQUE POSTERIOR,BUS,1,0,1,0,0,0,0,0,0,0,0,0,0,2,23,HOMBRE,ILESO,CONDUCTOR PRESENTE,NO,NO,0
10002,30997,30998,2018,0,0,-0.318873,-78.552489,PICHINCHA,QUITO,QUITO,URBANA,2018-01-31,13:00:00,13,MIERCOLES,3,ENERO,1,NO,CONDUCIR VEHICULO SUPERANDO LOS LIMITES MAXIMOS DE VELOCIDAD.,ESTRELLAMIENTOS,CAMIONETA,0,0,0,0,1,0,0,0,0,0,0,0,0,1,-1,HOMBRE,ILESO,CONDUCTOR PRESENTE,NO,NO,0
10003,30998,30999,2018,1,0,-0.089759,-78.446554,PICHINCHA,QUITO,CALDERON (CARAPUNGO),URBANA,2018-01-31,13:15:00,13,MIERCOLES,3,ENERO,1,NO,"NO RESPETAR LAS SENIALES REGLAMENTARIAS DE TRANSITO. (PARE, CEDA EL PASO, LUZ ROJA DEL SEMAFORO, ETC).",CHOQUE LATERAL,MOTOCICLETA,1,0,0,0,0,0,0,0,1,0,0,0,0,2,24,HOMBRE,LESIONADO,CONDUCTOR PRESENTE,NO,NO,0
10004,30999,31000,2018,1,0,-0.203601,-78.483057,PICHINCHA,QUITO,QUITO,URBANA,2018-01-31,13:55:00,13,MIERCOLES,3,ENERO,1,NO,REALIZAR CAMBIO BRUSCO O INDEBIDO DE CARRIL.,OTROS,BUS,0,0,1,0,0,0,0,0,1,0,0,0,0,2,38,HOMBRE,LESIONADO,CONDUCTOR PRESENTE,NO,NO,0
10005,31001,31002,2018,1,0,-0.258658,-78.552549,PICHINCHA,QUITO,QUITO,URBANA,2018-01-31,14:05:00,14,MIERCOLES,3,ENERO,1,NO,"NO RESPETAR LAS SENIALES REGLAMENTARIAS DE TRANSITO. (PARE, CEDA EL PASO, LUZ ROJA DEL SEMAFORO, ETC).",CHOQUE LATERAL,MOTOCICLETA,0,0,0,0,0,0,0,1,1,0,0,0,0,2,21,HOMBRE,LESIONADO,CONDUCTOR PRESENTE,NO,NO,0
10006,31002,31003,2018,0,0,-0.009656,-78.449666,PICHINCHA,QUITO,SAN ANTONIO (QUITO),URBANA,2018-01-31,14:34:00,14,MIERCOLES,3,ENERO,1,NO,"NO RESPETAR LAS SENIALES REGLAMENTARIAS DE TRANSITO. (PARE, CEDA EL PASO, LUZ ROJA DEL SEMAFORO, ETC).",CHOQUE LATERAL,AUTOMOVIL,2,0,0,0,0,0,0,0,0,0,0,0,0,2,34,HOMBRE,ILESO,CONDUCTOR PRESENTE,NO,NO,0
10007,31007,31008,2018,1,0,-0.272977,-78.529361,PICHINCHA,QUITO,QUITO,URBANA,2018-01-31,15:40:00,15,MIERCOLES,3,ENERO,1,NO,NO CEDER EL DERECHO DE VIA O PREFERENCIA DE PASO A VEHICULOS.,CHOQUE LATERAL,BUS,0,0,1,0,0,0,0,0,1,0,0,0,0,2,48,HOMBRE,LESIONADO,CONDUCTOR PRESENTE,NO,NO,0
10008,31014,31015,2018,0,0,-0.208736,-78.495629,PICHINCHA,QUITO,QUITO,URBANA,2018-01-31,19:10:00,19,MIERCOLES,3,ENERO,1,NO,"NO RESPETAR LAS SENIALES REGLAMENTARIAS DE TRANSITO. (PARE, CEDA EL PASO, LUZ ROJA DEL SEMAFORO, ETC).",CHOQUE LATERAL,AUTOMOVIL,2,0,1,0,0,0,0,0,0,0,0,0,0,3,54,HOMBRE,ILESO,CONDUCTOR PRESENTE,NO,NO,0
10009,31019,31020,2018,1,0,-0.188566,-78.491949,PICHINCHA,QUITO,QUITO,URBANA,2018-01-31,20:20:00,20,MIERCOLES,3,ENERO,1,NO,PEATON QUE CRUZA LA CALZADA SIN RESPETAR LA SENIALIZACION EXISTENTE (SEMAFOROS O SENIALES MANUALES).,ATROPELLOS,NO IDENTIFICADO,0,0,0,0,0,0,0,0,0,1,0,0,0,1,22,HOMBRE,LESIONADO,PEATON,NO,NO,0
10010,31022,31023,2018,0,0,-0.342714,-78.548897,PICHINCHA,QUITO,QUITO,URBANA,2018-01-31,21:25:00,21,MIERCOLES,3,ENERO,1,NO,"NO RESPETAR LAS SENIALES REGLAMENTARIAS DE TRANSITO. (PARE, CEDA EL PASO, LUZ ROJA DEL SEMAFORO, ETC).",CHOQUE LATERAL,BUS,0,0,2,0,0,0,0,0,0,0,0,0,0,2,41,HOMBRE,ILESO,CONDUCTOR PRESENTE,NO,NO,0
10011,31024,31025,2018,0,0,-0.155812,-78.476939,PICHINCHA,QUITO,QUITO,URBANA,2018-01-31,21:40:00,21,MIERCOLES,3,ENERO,1,NO,"CONDUCE BAJO LA INFLUENCIA DE ALCOHOL, SUSTANCIAS ESTUPEFACIENTES O PSICOTROPICAS Y/O MEDICAMENTOS.",CHOQUE LATERAL,AUTOMOVIL,3,0,0,0,0,0,0,0,0,0,0,0,0,3,28,HOMBRE,ILESO,CONDUCTOR PRESENTE,NO,NO,0
10012,31030,31031,2018,0,1,0.003449,-78.495301,PICHINCHA,QUITO,CALACALI,RURAL,2018-02-01,00:37:00,0,JUEVES,4,FEBRERO,2,NO,NO GUARDAR LA DISTANCIA LATERAL MINIMA DE SEGURIDAD ENTRE VEHICULOS.,CHOQUE LATERAL,CAMION,1,0,0,1,0,0,0,0,0,0,0,0,0,2,29,HOMBRE,FALLECIDO,CONDUCTOR PRESENTE,NO,NO,3
10013,31036,31037,2018,1,0,-0.215318,-78.517321,PICHINCHA,QUITO,QUITO,URBANA,2018-02-01,05:15:00,5,JUEVES,4,FEBRERO,2,NO,"NO RESPETAR LAS SENIALES REGLAMENTARIAS DE TRANSITO. (PARE, CEDA EL PASO, LUZ ROJA DEL SEMAFORO, ETC).",CHOQUE LATERAL,AUTOMOVIL,1,0,0,1,0,0,0,0,0,0,0,0,0,2,49,HOMBRE,LESIONADO,CONDUCTOR PRESENTE,NO,NO,0
10014,31041,31042,2018,1,0,-0.108285,-78.452714,PICHINCHA,QUITO,CALDERON (CARAPUNGO),URBANA,2018-02-01,07:08:00,7,JUEVES,4,FEBRERO,2,NO,NO CEDER EL DERECHO DE VIA O PREFERENCIA DE PASO A VEHICULOS.,ROZAMIENTOS,AUTOMOVIL,2,0,0,0,0,0,0,0,0,0,0,0,0,2,38,HOMBRE,LESIONADO,CONDUCTOR PRESENTE,NO,NO,0
10015,31044,31045,2018,1,0,-0.206289,-78.512167,PICHINCHA,QUITO,QUITO,URBANA,2018-02-01,08:20:00,8,JUEVES,4,FEBRERO,2,NO,CONDUCIR VEHICULO SUPERANDO LOS LIMITES MAXIMOS DE VELOCIDAD.,ESTRELLAMIENTOS,AUTOMOVIL,1,0,0,1,0,0,0,0,0,0,0,0,0,2,30,HOMBRE,LESIONADO,CONDUCTOR PRESENTE,NO,NO,0
10016,31045,31046,2018,1,0,-0.206667,-78.501001,PICHINCHA,QUITO,QUITO,URBANA,2018-02-01,08:30:00,8,JUEVES,4,FEBRERO,2,NO,"CONDUCIR DESATENTO A LAS CONDICIONES DE TRANSITO (CELULAR, PANTALLAS DE VIDEO, COMIDA, MAQUILLAJE O CUALQUIER OTRO ELEMENTO DISTRACTOR).",ESTRELLAMIENTOS,FURGONETA,0,0,1,0,1,0,0,1,0,0,0,0,0,3,37,HOMBRE,LESIONADO,CONDUCTOR PRESENTE,NO,NO,0
10017,31047,31048,2018,1,0,-0.252013,-78.541055,PICHINCHA,QUITO,QUITO,URBANA,2018-02-01,09:40:00,9,JUEVES,4,FEBRERO,2,NO,"CONDUCIR DESATENTO A LAS CONDICIONES DE TRANSITO (CELULAR, PANTALLAS DE VIDEO, COMIDA, MAQUILLAJE O CUALQUIER OTRO ELEMENTO DISTRACTOR).",CAIDA DE PASAJERO,BUS,0,0,1,0,0,0,0,0,0,0,0,0,0,1,31,MUJER,LESIONADO,PASAJERO,NO,NO,0
10018,31056,31057,2018,1,0,-0.083856,-78.469253,PICHINCHA,QUITO,QUITO,URBANA,2018-02-01,13:00:00,13,JUEVES,4,FEBRERO,2,NO,NO TRANSITAR POR LAS ACERAS O ZONAS DE SEGURIDAD DESTINADAS PARA EL EFECTO.,ATROPELLOS,FURGONETA,0,0,0,0,0,0,0,1,0,0,0,0,0,1,13,HOMBRE,LESIONADO,PEATON,NO,NO,0
10019,31057,31058,2018,1,0,-0.198958,-78.445311,PICHINCHA,QUITO,CUMBAYA,URBANA,2018-02-01,13:00:00,13,JUEVES,4,FEBRERO,2,NO,"NO RESPETAR LAS SENIALES REGLAMENTARIAS DE TRANSITO. (PARE, CEDA EL PASO, LUZ ROJA DEL SEMAFORO, ETC).",CHOQUE LATERAL,MOTOCICLETA,0,0,0,0,0,0,0,0,1,0,0,0,0,1,31,HOMBRE,LESIONADO,CONDUCTOR PRESENTE,NO,NO,0
10020,31058,31059,2018,1,0,-0.247225,-78.512231,PICHINCHA,QUITO,QUITO,URBANA,2018-02-01,13:05:00,13,JUEVES,4,FEBRERO,2,NO,"CONDUCIR DESATENTO A LAS CONDICIONES DE TRANSITO (CELULAR, PANTALLAS DE VIDEO, COMIDA, MAQUILLAJE O CUALQUIER OTRO ELEMENTO DISTRACTOR).",ATROPELLOS,NO IDENTIFICADO,0,0,0,0,0,0,0,0,0,1,0,0,0,1,9,HOMBRE,LESIONADO,PEATON,NO,NO,0
10021,31065,31066,2018,1,0,-0.245502,-78.520941,PICHINCHA,QUITO,QUITO,URBANA,2018-02-01,15:00:00,15,JUEVES,4,FEBRERO,2,NO,NO GUARDAR LA DISTANCIA LATERAL MINIMA DE SEGURIDAD ENTRE VEHICULOS.,ROZAMIENTOS,AUTOMOVIL,2,0,0,0,0,0,0,0,0,0,0,0,0,2,29,MUJER,LESIONADO,PASAJERO,NO,NO,0
10022,31074,31075,2018,1,0,-0.259546,-78.522564,PICHINCHA,QUITO,QUITO,URBANA,2018-02-01,17:53:00,17,JUEVES,4,FEBRERO,2,NO,NO TRANSITAR POR LAS ACERAS O ZONAS DE SEGURIDAD DESTINADAS PARA EL EFECTO.,ATROPELLOS,NO IDENTIFICADO,0,0,0,0,0,0,0,0,0,1,0,0,0,1,21,HOMBRE,LESIONADO,PEATON,NO,NO,0
10023,31092,31093,2018,2,0,-0.216227,-78.489223,PICHINCHA,QUITO,QUITO,URBANA,2018-02-02,01:10:00,1,VIERNES,5,FEBRERO,2,NO,"CONDUCE BAJO LA INFLUENCIA DE ALCOHOL, SUSTANCIAS ESTUPEFACIENTES O PSICOTROPICAS Y/O MEDICAMENTOS.",CHOQUE LATERAL,AUTOMOVIL,2,0,0,0,0,0,0,0,0,0,0,0,0,2,22,MUJER,LESIONADO,CONDUCTOR PRESENTE,NO,NO,0
10024,31094,31095,2018,0,0,-0.201699,-78.480458,PICHINCHA,QUITO,QUITO,URBANA,2018-02-02,04:00:00,4,VIERNES,5,FEBRERO,2,NO,"CONDUCIR DESATENTO A LAS CONDICIONES DE TRANSITO (CELULAR, PANTALLAS DE VIDEO, COMIDA, MAQUILLAJE O CUALQUIER OTRO ELEMENTO DISTRACTOR).",ESTRELLAMIENTOS,AUTOMOVIL,4,0,0,0,0,0,0,0,0,1,0,0,0,5,50,HOMBRE,ILESO,CONDUCTOR PRESENTE,NO,NO,0
10025,31096,31097,2018,2,0,-0.242475,-78.497888,PICHINCHA,QUITO,QUITO,URBANA,2018-02-02,05:40:00,5,VIERNES,5,FEBRERO,2,NO,CONDUCIR VEHICULO SUPERANDO LOS LIMITES MAXIMOS DE VELOCIDAD.,ATROPELLOS,AUTOMOVIL,1,0,0,0,0,0,0,0,0,0,0,0,0,1,18,HOMBRE,LESIONADO,PEATON,NO,NO,0
10026,31100,31101,2018,1,0,-0.320395,-78.557079,PICHINCHA,QUITO,QUITO,URBANA,2018-02-02,07:20:00,7,VIERNES,5,FEBRERO,2,NO,"NO RESPETAR LAS SENIALES REGLAMENTARIAS DE TRANSITO. (PARE, CEDA EL PASO, LUZ ROJA DEL SEMAFORO, ETC).",CHOQUE FRONTAL,MOTOCICLETA,1,0,0,0,0,0,0,0,1,0,0,0,0,2,20,HOMBRE,LESIONADO,CONDUCTOR PRESENTE,NO,NO,0
10027,31104,31105,2018,0,0,-0.184491,-78.500396,PICHINCHA,QUITO,QUITO,URBANA,2018-02-02,08:45:00,8,VIERNES,5,FEBRERO,2,NO,"NO RESPETAR LAS SENIALES REGLAMENTARIAS DE TRANSITO. (PARE, CEDA EL PASO, LUZ ROJA DEL SEMAFORO, ETC).",ATROPELLOS,NO IDENTIFICADO,0,0,0,0,0,0,0,0,0,1,0,0,0,1,46,MUJER,ILESO,PEATON,NO,NO,0
10028,31113,31114,2018,0,0,-0.203601,-78.483057,PICHINCHA,QUITO,QUITO,URBANA,2018-02-02,12:49:00,12,VIERNES,5,FEBRERO,2,NO,CONDUCIR VEHICULO SUPERANDO LOS LIMITES MAXIMOS DE VELOCIDAD.,ESTRELLAMIENTOS,MOTOCICLETA,0,0,0,0,0,0,0,0,1,0,0,0,0,1,22,HOMBRE,ILESO,CONDUCTOR PRESENTE,NO,NO,0
10029,31115,31116,2018,0,0,-0.146984,-78.473721,PICHINCHA,QUITO,QUITO,URBANA,2018-02-02,13:45:00,13,VIERNES,5,FEBRERO,2,NO,REALIZAR CAMBIO BRUSCO O INDEBIDO DE CARRIL.,CHOQUE LATERAL,CAMIONETA,0,0,0,0,2,0,0,0,0,0,0,0,0,2,27,HOMBRE,ILESO,CONDUCTOR PRESENTE,NO,NO,0
10030,31117,31118,2018,1,0,-0.300267,-78.568847,PICHINCHA,QUITO,QUITO,URBANA,2018-02-02,14:00:00,14,VIERNES,5,FEBRERO,2,NO,"CONDUCIR DESATENTO A LAS CONDICIONES DE TRANSITO (CELULAR, PANTALLAS DE VIDEO, COMIDA, MAQUILLAJE O CUALQUIER OTRO ELEMENTO DISTRACTOR).",CHOQUE LATERAL,BUS,0,1,1,0,0,0,0,0,0,0,0,0,0,2,10,MUJER,LESIONADO,PASAJERO,NO,NO,0
10031,31122,31123,2018,1,0,-0.250648,-78.537133,PICHINCHA,QUITO,QUITO,URBANA,2018-02-02,15:50:00,15,VIERNES,5,FEBRERO,2,NO,CONDUCIR VEHICULO SUPERANDO LOS LIMITES MAXIMOS DE VELOCIDAD.,ATROPELLOS,NO IDENTIFICADO,0,0,0,0,0,0,0,0,0,1,0,0,0,1,87,MUJER,LESIONADO,PEATON,NO,NO,0
10032,31123,31124,2018,2,0,-0.172246,-78.490181,PICHINCHA,QUITO,QUITO,URBANA,2018-02-02,16:00:00,16,VIERNES,5,FEBRERO,2,NO,NO MANTENER LA DISTANCIA PRUDENCIAL CON RESPECTO AL VEHICULO QUE LE ANTECEDE.,CHOQUE POSTERIOR,MOTOCICLETA,0,0,0,0,0,0,0,0,1,0,0,0,0,1,26,HOMBRE,LESIONADO,CONDUCTOR PRESENTE,NO,NO,0
10033,31131,31132,2018,2,0,-0.283027,-78.517563,PICHINCHA,QUITO,QUITO,URBANA,2018-02-02,17:30:00,17,VIERNES,5,FEBRERO,2,NO,CONDUCIR VEHICULO SUPERANDO LOS LIMITES MAXIMOS DE VELOCIDAD.,ESTRELLAMIENTOS,CAMIONETA,0,0,0,0,1,0,0,0,0,0,0,0,0,1,29,HOMBRE,LESIONADO,CONDUCTOR PRESENTE,NO,NO,0
10034,31132,31133,2018,1,0,-0.250671,-78.538048,PICHINCHA,QUITO,QUITO,URBANA,2018-02-02,17:40:00,17,VIERNES,5,FEBRERO,2,NO,NO CEDER EL DERECHO DE VIA O PREFERENCIA DE PASO A VEHICULOS.,CHOQUE LATERAL,MOTOCICLETA,0,0,0,0,0,0,0,0,1,0,0,0,0,1,24,MUJER,LESIONADO,PASAJERO,NO,NO,0
10035,31133,31134,2018,2,0,-0.245547,-78.512055,PICHINCHA,QUITO,QUITO,URBANA,2018-02-02,18:00:00,18,VIERNES,5,FEBRERO,2,NO,"CONDUCE BAJO LA INFLUENCIA DE ALCOHOL, SUSTANCIAS ESTUPEFACIENTES O PSICOTROPICAS Y/O MEDICAMENTOS.",CHOQUE LATERAL,AUTOMOVIL,1,0,0,0,0,0,0,0,1,0,0,0,0,2,28,HOMBRE,LESIONADO,CONDUCTOR PRESENTE,NO,NO,0
10036,31134,31135,2018,0,1,-0.225185,-78.516076,PICHINCHA,QUITO,QUITO,URBANA,2018-02-02,19:00:00,19,VIERNES,5,FEBRERO,2,NO,NO TRANSITAR POR LAS ACERAS O ZONAS DE SEGURIDAD DESTINADAS PARA EL EFECTO.,ARROLLAMIENTOS,NO IDENTIFICADO,0,0,0,0,0,0,0,0,0,1,0,0,0,1,-1,HOMBRE,FALLECIDO,PEATON,NO,NO,0
10037,31137,31138,2018,0,0,-0.101458,-78.314531,PICHINCHA,QUITO,EL QUINCHE,RURAL,2018-02-02,19:50:00,19,VIERNES,5,FEBRERO,2,NO,"CONDUCIR DESATENTO A LAS CONDICIONES DE TRANSITO (CELULAR, PANTALLAS DE VIDEO, COMIDA, MAQUILLAJE O CUALQUIER OTRO ELEMENTO DISTRACTOR).",PERDIDA DE CARRIL,AUTOMOVIL,1,0,0,0,0,0,0,0,0,0,0,0,0,1,-1,NO IDENTIFICADO,NO IDENTIFICADO,CONDUCTOR AUSENTE,NO,NO,2
10038,31138,31139,2018,0,0,-0.162061,-78.321261,PICHINCHA,QUITO,YARUQUI,RURAL,2018-02-02,19:55:00,19,VIERNES,5,FEBRERO,2,NO,"CONDUCIR DESATENTO A LAS CONDICIONES DE TRANSITO (CELULAR, PANTALLAS DE VIDEO, COMIDA, MAQUILLAJE O CUALQUIER OTRO ELEMENTO DISTRACTOR).",ATROPELLOS,NO IDENTIFICADO,0,0,0,0,0,0,0,0,0,1,0,0,0,1,73,HOMBRE,NO IDENTIFICADO,CONDUCTOR AUSENTE,NO,NO,3
10039,31139,31140,2018,1,0,-0.136914,-78.455583,PICHINCHA,QUITO,QUITO,URBANA,2018-02-02,20:10:00,20,VIERNES,5,FEBRERO,2,NO,"PRESENCIA DE AGENTES EXTERNOS EN LA VIA (AGUA, ACEITE, PIEDRA, LASTRE, ESCOMBROS, MADEROS, ETC.).",OTROS,NO IDENTIFICADO,0,0,0,0,0,0,0,0,0,1,0,0,0,1,29,HOMBRE,LESIONADO,PASAJERO,NO,NO,0
10040,31142,31143,2018,0,0,-0.206438,-78.370261,PICHINCHA,QUITO,PUEMBO,URBANA,2018-02-02,20:40:00,20,VIERNES,5,FEBRERO,2,NO,NO MANTENER LA DISTANCIA PRUDENCIAL CON RESPECTO AL VEHICULO QUE LE ANTECEDE.,ESTRELLAMIENTOS,AUTOMOVIL,1,0,1,0,0,0,0,0,0,0,0,0,0,2,19,HOMBRE,ILESO,CONDUCTOR PRESENTE,NO,NO,0
10041,31145,31146,2018,1,0,-0.241181,-78.518549,PICHINCHA,QUITO,QUITO,URBANA,2018-02-02,21:20:00,21,VIERNES,5,FEBRERO,2,NO,"FALLA MECANICA EN LOS SISTEMAS Y/O NEUMATICOS (SISTEMA DE FRENOS, DIRECCION, ELECTRONICO O MECANICO).",PERDIDA DE PISTA,AUTOMOVIL,1,0,0,0,0,0,0,0,0,0,0,0,0,1,27,MUJER,LESIONADO,PASAJERO,NO,NO,0
10042,31150,31151,2018,2,0,-0.101875,-78.490497,PICHINCHA,QUITO,QUITO,URBANA,2018-02-02,22:43:00,22,VIERNES,5,FEBRERO,2,NO,REALIZAR CAMBIO BRUSCO O INDEBIDO DE CARRIL.,CHOQUE LATERAL,AUTOMOVIL,2,0,0,0,0,0,0,0,0,0,0,0,0,2,28,MUJER,LESIONADO,PASAJERO,NO,NO,0
10043,31158,31159,2018,1,0,-0.326676,-78.450036,PICHINCHA,RUMINIAHUI,SANGOLQUI,URBANA,2018-02-03,00:30:00,0,SABADO,6,FEBRERO,2,NO,"CONDUCE BAJO LA INFLUENCIA DE ALCOHOL, SUSTANCIAS ESTUPEFACIENTES O PSICOTROPICAS Y/O MEDICAMENTOS.",ROZAMIENTOS,AUTOMOVIL,2,0,0,0,0,0,0,0,0,0,0,0,0,2,64,HOMBRE,LESIONADO,CONDUCTOR PRESENTE,NO,NO,0
10044,31160,31161,2018,1,0,-0.452275,-78.560467,PICHINCHA,MEJIA,MACHACHI,URBANA,2018-02-03,02:56:00,2,SABADO,6,FEBRERO,2,NO,NO GUARDAR LA DISTANCIA LATERAL MINIMA DE SEGURIDAD ENTRE VEHICULOS.,CHOQUE LATERAL,CAMIONETA,1,0,0,0,1,0,0,0,0,0,0,0,0,2,25,MUJER,LESIONADO,CONDUCTOR PRESENTE,NO,NO,0
10045,31167,31168,2018,1,0,-0.360643,-78.838269,PICHINCHA,MEJIA,MANUEL CORNEJO ASTORGA,URBANA,2018-02-03,05:50:00,5,SABADO,6,FEBRERO,2,NO,"CONDUCIR DESATENTO A LAS CONDICIONES DE TRANSITO (CELULAR, PANTALLAS DE VIDEO, COMIDA, MAQUILLAJE O CUALQUIER OTRO ELEMENTO DISTRACTOR).",CHOQUE FRONTAL,CAMIONETA,0,0,0,0,2,0,0,0,0,0,0,0,0,2,49,HOMBRE,LESIONADO,CONDUCTOR PRESENTE,NO,NO,0
10046,31170,31171,2018,0,0,-0.126471,-78.478019,PICHINCHA,QUITO,QUITO,URBANA,2018-02-03,06:05:00,6,SABADO,6,FEBRERO,2,NO,"NO RESPETAR LAS SENIALES REGLAMENTARIAS DE TRANSITO. (PARE, CEDA EL PASO, LUZ ROJA DEL SEMAFORO, ETC).",CHOQUE POSTERIOR,MOTOCICLETA,0,0,0,0,0,0,0,0,1,0,0,0,0,1,28,HOMBRE,ILESO,CONDUCTOR PRESENTE,NO,NO,0
10047,31171,31172,2018,2,0,-0.144973,-78.469451,PICHINCHA,QUITO,QUITO,URBANA,2018-02-03,06:45:00,6,SABADO,6,FEBRERO,2,NO,"CONDUCE BAJO LA INFLUENCIA DE ALCOHOL, SUSTANCIAS ESTUPEFACIENTES O PSICOTROPICAS Y/O MEDICAMENTOS.",CHOQUE POSTERIOR,AUTOMOVIL,2,0,0,0,0,0,0,0,0,0,0,0,0,2,24,HOMBRE,LESIONADO,CONDUCTOR PRESENTE,NO,NO,0
10048,31172,31173,2018,1,0,-0.142178,-78.500536,PICHINCHA,QUITO,QUITO,URBANA,2018-02-03,07:33:00,7,SABADO,6,FEBRERO,2,NO,NO TRANSITAR POR LAS ACERAS O ZONAS DE SEGURIDAD DESTINADAS PARA EL EFECTO.,ATROPELLOS,NO IDENTIFICADO,0,0,0,0,0,0,0,0,0,1,0,0,0,1,21,MUJER,LESIONADO,PEATON,NO,NO,0
10049,31174,31175,2018,0,0,-0.292924,-78.544535,PICHINCHA,QUITO,QUITO,URBANA,2018-02-03,08:00:00,8,SABADO,6,FEBRERO,2,NO,NO CEDER EL DERECHO DE VIA O PREFERENCIA DE PASO A VEHICULOS.,CHOQUE LATERAL,AUTOMOVIL,1,0,0,0,0,0,0,0,0,1,0,0,0,2,62,HOMBRE,ILESO,CONDUCTOR PRESENTE,NO,NO,0
10050,31175,31176,2018,4,0,-0.167585,-78.325519,PICHINCHA,QUITO,YARUQUI,RURAL,2018-02-03,08:30:00,8,SABADO,6,FEBRERO,2,NO,"CONDUCIR DESATENTO A LAS CONDICIONES DE TRANSITO (CELULAR, PANTALLAS DE VIDEO, COMIDA, MAQUILLAJE O CUALQUIER OTRO ELEMENTO DISTRACTOR).",CHOQUE LATERAL,CAMIONETA,0,0,0,1,1,0,0,0,0,0,0,0,0,2,46,HOMBRE,LESIONADO,PASAJERO,NO,NO,3
10051,31176,31177,2018,0,0,-0.420615,-78.551101,PICHINCHA,MEJIA,TAMBILLO (MEJIA),URBANA,2018-02-03,10:06:00,10,SABADO,6,FEBRERO,2,NO,"CONDUCIR DESATENTO A LAS CONDICIONES DE TRANSITO (CELULAR, PANTALLAS DE VIDEO, COMIDA, MAQUILLAJE O CUALQUIER OTRO ELEMENTO DISTRACTOR).",ESTRELLAMIENTOS,CAMION,0,0,0,1,0,0,0,0,0,0,0,0,0,1,-1,NO IDENTIFICADO,NO IDENTIFICADO,CONDUCTOR AUSENTE,NO,NO,2
10052,31177,31178,2018,1,0,0.111304,-78.093066,PICHINCHA,CAYAMBE,OLMEDO (PESILLO),RURAL,2018-02-03,10:29:00,10,SABADO,6,FEBRERO,2,NO,"CONDUCIR DESATENTO A LAS CONDICIONES DE TRANSITO (CELULAR, PANTALLAS DE VIDEO, COMIDA, MAQUILLAJE O CUALQUIER OTRO ELEMENTO DISTRACTOR).",ESTRELLAMIENTOS,MOTOCICLETA,1,0,0,0,0,0,0,0,1,0,0,0,0,2,26,HOMBRE,LESIONADO,CONDUCTOR PRESENTE,NO,NO,3
10053,31179,31180,2018,0,0,-0.336122,-78.558638,PICHINCHA,QUITO,QUITO,URBANA,2018-02-03,10:30:00,10,SABADO,6,FEBRERO,2,NO,"NO RESPETAR LAS SENIALES REGLAMENTARIAS DE TRANSITO. (PARE, CEDA EL PASO, LUZ ROJA DEL SEMAFORO, ETC).",OTROS,ESPECIAL,1,0,0,0,0,0,1,0,0,0,0,0,0,2,34,HOMBRE,ILESO,CONDUCTOR PRESENTE,NO,NO,0
10054,31180,31181,2018,0,0,-0.128945,-78.464351,PICHINCHA,QUITO,QUITO,URBANA,2018-02-03,10:46:00,10,SABADO,6,FEBRERO,2,NO,NO CEDER EL DERECHO DE VIA O PREFERENCIA DE PASO A VEHICULOS.,CHOQUE LATERAL,AUTOMOVIL,2,0,0,0,0,0,0,0,0,0,0,0,0,2,28,HOMBRE,ILESO,CONDUCTOR PRESENTE,NO,NO,0
10055,31186,31187,2018,1,0,-0.205953,-78.470254,PICHINCHA,QUITO,QUITO,URBANA,2018-02-03,12:50:00,12,SABADO,6,FEBRERO,2,NO,CONDUCIR VEHICULO SUPERANDO LOS LIMITES MAXIMOS DE VELOCIDAD.,ESTRELLAMIENTOS,MOTOCICLETA,0,0,0,0,0,0,0,0,1,0,0,0,0,1,54,HOMBRE,LESIONADO,CONDUCTOR PRESENTE,NO,NO,0