,Unnamed: 0,ID,ANIO,LESIONADOS,FALLECIDOS,LATITUD_Y,LONGITUD_X,PROVINCIA,CANTON,PARROQUIA,ZONA,FECHA,HORA,PERIODO_2,DIA_1,DIA_2,MES_1,MES_2,FERIADO,CAUSA_PROBABLE,TIPO_DE_SINIESTRO,TIPO_DE_VEHICULO_1,AUTOMOVIL,BICICLETA,BUS,CAMION,CAMIONETA,EMERGENCIAS,ESPECIAL,FURGONETA,MOTOCICLETA,NO_IDENTIFICADO,SCOOTER_ELECTRICO,TRICIMOTO,VEHICULO_DEPORTIVO_UTILITARIO,SUMA_DE_VEHICULOS,EDAD_1,SEXO_1,CONDICION_1,PARTICIPANTE_1,CASCO_1,CINTURON_1,KMeans_Cluster
10056,31187,31188,2018,0,1,-0.286851,-78.251509,PICHINCHA,QUITO,PIFO,RURAL,2018-02-03,13:15:00,13,SABADO,6,FEBRERO,2,NO,"CONDUCIR DESATENTO A LAS CONDICIONES DE TRANSITO (CELULAR, PANTALLAS DE VIDEO, COMIDA, MAQUILLAJE O CUALQUIER OTRO ELEMENTO DISTRACTOR).",ARROLLAMIENTOS,AUTOMOVIL,1,0,0,0,0,0,0,0,0,0,0,0,0,1,42,HOMBRE,FALLECIDO,PEATON,NO,NO,3
10057,31190,31191,2018,0,0,-0.161964,-78.485288,PICHINCHA,QUITO,QUITO,URBANA,2018-02-03,14:00:00,14,SABADO,6,FEBRERO,2,NO,NO MANTENER LA DISTANCIA PRUDENCIAL CON RESPECTO AL VEHICULO QUE LE ANTECEDE.,CHOQUE POSTERIOR,AUTOMOVIL,1,0,0,0,0,0,0,0,0,0,0,0,0,1,48,HOMBRE,ILESO,CONDUCTOR PRESENTE,NO,NO,0
10058,31191,31192,2018,2,0,-0.320614,-78.921461,PICHINCHA,MEJIA,MANUEL CORNEJO ASTORGA,URBANA,2018-02-03,14:09:00,14,SABADO,6,FEBRERO,2,NO,"CONDUCIR DESATENTO A LAS CONDICIONES DE TRANSITO (CELULAR, PANTALLAS DE VIDEO, COMIDA, MAQUILLAJE O CUALQUIER OTRO ELEMENTO DISTRACTOR).",PERDIDA DE PISTA,CAMION,0,0,0,1,0,0,0,0,0,0,0,0,1,2,46,MUJER,LESIONADO,PASAJERO,NO,NO,0
10059,31192,31193,2018,0,0,-0.232107,-78.508475,PICHINCHA,QUITO,QUITO,URBANA,2018-02-03,14:25:00,14,SABADO,6,FEBRERO,2,NO,"CONDICIONES AMBIENTALES Y/O ATMOSFERICAS (NIEBLA, NEBLINA, GRANIZO, LLUVIA).",CHOQUE POSTERIOR,AUTOMOVIL,2,0,0,0,0,0,0,0,0,0,0,0,0,2,25,HOMBRE,ILESO,CONDUCTOR PRESENTE,NO,NO,0
10060,31193,31194,2018,0,0,-0.304965,-78.485804,PICHINCHA,QUITO,CONOCOTO,URBANA,2018-02-03,14:30:00,14,SABADO,6,FEBRERO,2,NO,"CONDUCIR DESATENTO A LAS CONDICIONES DE TRANSITO (CELULAR, PANTALLAS DE VIDEO, COMIDA, MAQUILLAJE O CUALQUIER OTRO ELEMENTO DISTRACTOR).",CHOQUE LATERAL,AUTOMOVIL,1,0,1,0,0,0,0,0,0,0,0,0,0,2,52,MUJER,ILESO,CONDUCTOR PRESENTE,NO,NO,0
10061,31194,31195,2018,2,0,-0.195528,-78.486348,PICHINCHA,QUITO,QUITO,URBANA,2018-02-03,14:35:00,14,SABADO,6,FEBRERO,2,NO,NO CEDER EL DERECHO DE VIA O PREFERENCIA DE PASO A VEHICULOS.,CHOQUE LATERAL,AUTOMOVIL,1,0,0,0,0,0,0,0,1,0,0,0,0,2,46,HOMBRE,LESIONADO,CONDUCTOR PRESENTE,NO,NO,0
10062,31196,31197,2018,0,0,-0.154435,-78.478231,PICHINCHA,QUITO,QUITO,URBANA,2018-02-03,15:00:00,15,SABADO,6,FEBRERO,2,NO,NO MANTENER LA DISTANCIA PRUDENCIAL CON RESPECTO AL VEHICULO QUE LE ANTECEDE.,CHOQUE POSTERIOR,FURGONETA,0,0,0,0,0,0,0,1,0,0,0,0,0,1,37,HOMBRE,ILESO,CONDUCTOR PRESENTE,NO,NO,0
10063,31198,31199,2018,0,0,-0.214755,-78.406613,PICHINCHA,QUITO,TUMBACO,URBANA,2018-02-03,15:30:00,15,SABADO,6,FEBRERO,2,NO,"CONDICIONES AMBIENTALES Y/O ATMOSFERICAS (NIEBLA, NEBLINA, GRANIZO, LLUVIA).",CHOQUE LATERAL,MOTOCICLETA,0,0,0,0,0,0,0,0,1,0,0,0,0,1,24,HOMBRE,ILESO,CONDUCTOR PRESENTE,NO,NO,0
10064,31202,31203,2018,0,0,-0.206484,-78.496562,PICHINCHA,QUITO,QUITO,URBANA,2018-02-03,16:25:00,16,SABADO,6,FEBRERO,2,NO,"CONDICIONES AMBIENTALES Y/O ATMOSFERICAS (NIEBLA, NEBLINA, GRANIZO, LLUVIA).",CHOQUE LATERAL,AUTOMOVIL,2,0,0,0,0,0,0,0,0,0,0,0,0,2,24,HOMBRE,ILESO,CONDUCTOR PRESENTE,NO,NO,0
10065,31204,31205,2018,0,0,-0.199501,-78.456554,PICHINCHA,QUITO,QUITO,URBANA,2018-02-03,16:48:00,16,SABADO,6,FEBRERO,2,NO,"CONDUCIR DESATENTO A LAS CONDICIONES DE TRANSITO (CELULAR, PANTALLAS DE VIDEO, COMIDA, MAQUILLAJE O CUALQUIER OTRO ELEMENTO DISTRACTOR).",ESTRELLAMIENTOS,AUTOMOVIL,1,0,0,0,0,0,0,0,0,0,0,0,0,1,81,HOMBRE,ILESO,CONDUCTOR PRESENTE,NO,NO,0
10066,31205,31206,2018,0,0,-0.460762,-78.563783,PICHINCHA,MEJIA,MACHACHI,URBANA,2018-02-03,17:05:00,17,SABADO,6,FEBRERO,2,NO,NO GUARDAR LA DISTANCIA LATERAL MINIMA DE SEGURIDAD ENTRE VEHICULOS.,ROZAMIENTOS,AUTOMOVIL,1,0,0,1,0,0,0,0,0,0,0,0,0,2,35,HOMBRE,ILESO,CONDUCTOR PRESENTE,NO,NO,0
10067,31206,31207,2018,2,0,-0.099083,-78.543296,PICHINCHA,QUITO,QUITO,URBANA,2018-02-03,17:37:00,17,SABADO,6,FEBRERO,2,NO,"CONDUCIR DESATENTO A LAS CONDICIONES DE TRANSITO (CELULAR, PANTALLAS DE VIDEO, COMIDA, MAQUILLAJE O CUALQUIER OTRO ELEMENTO DISTRACTOR).",CHOQUE LATERAL,ESPECIAL,2,0,0,0,0,0,1,0,0,0,0,0,0,3,51,HOMBRE,LESIONADO,CONDUCTOR PRESENTE,NO,NO,0
10068,31207,31208,2018,1,0,-0.157804,-78.455674,PICHINCHA,QUITO,QUITO,URBANA,2018-02-03,17:40:00,17,SABADO,6,FEBRERO,2,NO,CONDUCIR VEHICULO SUPERANDO LOS LIMITES MAXIMOS DE VELOCIDAD.,ATROPELLOS,NO IDENTIFICADO,0,0,0,0,0,0,0,0,0,1,0,0,0,1,22,MUJER,LESIONADO,PEATON,NO,NO,0
10069,31210,31211,2018,0,0,-0.271766,-78.550331,PICHINCHA,QUITO,QUITO,URBANA,2018-02-03,19:10:00,19,SABADO,6,FEBRERO,2,NO,"NO RESPETAR LAS SENIALES REGLAMENTARIAS DE TRANSITO. (PARE, CEDA EL PASO, LUZ ROJA DEL SEMAFORO, ETC).",ATROPELLOS,NO IDENTIFICADO,0,0,0,0,0,0,0,0,0,1,0,0,0,1,15,HOMBRE,ILESO,PEATON,NO,NO,0
10070,31213,31214,2018,0,0,-0.376119,-78.503121,PICHINCHA,QUITO,AMAGUANIA,URBANA,2018-02-03,19:59:00,19,SABADO,6,FEBRERO,2,NO,CONDUCIR VEHICULO SUPERANDO LOS LIMITES MAXIMOS DE VELOCIDAD.,OTROS,AUTOMOVIL,1,0,0,0,0,0,0,0,0,0,0,0,0,1,31,MUJER,ILESO,CONDUCTOR PRESENTE,NO,NO,0
10071,31215,31216,2018,0,0,-0.347066,-78.470849,PICHINCHA,QUITO,AMAGUANIA,URBANA,2018-02-03,20:10:00,20,SABADO,6,FEBRERO,2,NO,"CONDICIONES AMBIENTALES Y/O ATMOSFERICAS (NIEBLA, NEBLINA, GRANIZO, LLUVIA).",CHOQUE LATERAL,FURGONETA,1,0,0,0,0,0,0,1,0,0,0,0,0,2,55,HOMBRE,ILESO,CONDUCTOR PRESENTE,NO,NO,0
10072,31224,31225,2018,1,0,-0.333072,-78.561131,PICHINCHA,QUITO,QUITO,URBANA,2018-02-03,23:40:00,23,SABADO,6,FEBRERO,2,NO,"CONDUCIR DESATENTO A LAS CONDICIONES DE TRANSITO (CELULAR, PANTALLAS DE VIDEO, COMIDA, MAQUILLAJE O CUALQUIER OTRO ELEMENTO DISTRACTOR).",ESTRELLAMIENTOS,AUTOMOVIL,2,0,0,0,0,0,0,0,0,0,0,0,0,2,17,HOMBRE,LESIONADO,PEATON,NO,NO,0
10073,31229,31230,2018,0,0,-0.121124,-78.441886,PICHINCHA,QUITO,CALDERON (CARAPUNGO),URBANA,2018-02-04,06:20:00,6,DOMINGO,7,FEBRERO,2,NO,"CONDUCE BAJO LA INFLUENCIA DE ALCOHOL, SUSTANCIAS ESTUPEFACIENTES O PSICOTROPICAS Y/O MEDICAMENTOS.",ESTRELLAMIENTOS,BUS,0,0,1,0,0,0,0,0,0,0,0,0,0,1,20,HOMBRE,ILESO,CONDUCTOR PRESENTE,NO,NO,0
10074,31233,31234,2018,0,0,-0.094061,-78.505363,PICHINCHA,QUITO,QUITO,URBANA,2018-02-04,07:10:00,7,DOMINGO,7,FEBRERO,2,NO,"NO RESPETAR LAS SENIALES REGLAMENTARIAS DE TRANSITO. (PARE, CEDA EL PASO, LUZ ROJA DEL SEMAFORO, ETC).",ESTRELLAMIENTOS,NO IDENTIFICADO,0,0,0,0,0,0,0,0,0,1,0,0,0,1,-1,NO IDENTIFICADO,NO IDENTIFICADO,CONDUCTOR AUSENTE,NO,NO,2
10075,31243,31244,2018,0,0,0.169324,-78.484509,PICHINCHA,QUITO,SAN JOSE DE MINAS,URBANA,2018-02-04,10:58:00,10,DOMINGO,7,FEBRERO,2,NO,"NO RESPETAR LAS SENIALES REGLAMENTARIAS DE TRANSITO. (PARE, CEDA EL PASO, LUZ ROJA DEL SEMAFORO, ETC).",ESTRELLAMIENTOS,AUTOMOVIL,1,1,0,0,0,0,0,0,0,0,0,0,0,2,64,HOMBRE,ILESO,CONDUCTOR PRESENTE,NO,NO,0
10076,31246,31247,2018,1,0,-0.248981,-78.584941,PICHINCHA,QUITO,LLOA,URBANA,2018-02-04,11:10:00,11,DOMINGO,7,FEBRERO,2,NO,"NO RESPETAR LAS SENIALES REGLAMENTARIAS DE TRANSITO. (PARE, CEDA EL PASO, LUZ ROJA DEL SEMAFORO, ETC).",ATROPELLOS,NO IDENTIFICADO,0,0,0,0,0,0,0,0,0,1,0,0,0,1,3,HOMBRE,LESIONADO,PEATON,NO,NO,0
10077,31251,31252,2018,1,0,-0.265158,-78.551748,PICHINCHA,QUITO,QUITO,URBANA,2018-02-04,13:47:00,13,DOMINGO,7,FEBRERO,2,NO,"NO RESPETAR LAS SENIALES REGLAMENTARIAS DE TRANSITO. (PARE, CEDA EL PASO, LUZ ROJA DEL SEMAFORO, ETC).",ARROLLAMIENTOS,BUS,0,0,1,0,0,0,0,0,0,0,0,0,0,1,26,HOMBRE,LESIONADO,PEATON,NO,NO,0
10078,31252,31253,2018,0,1,-0.263849,-78.487931,PICHINCHA,QUITO,CONOCOTO,URBANA,2018-02-04,13:50:00,13,DOMINGO,7,FEBRERO,2,NO,"CONDUCIR DESATENTO A LAS CONDICIONES DE TRANSITO (CELULAR, PANTALLAS DE VIDEO, COMIDA, MAQUILLAJE O CUALQUIER OTRO ELEMENTO DISTRACTOR).",ATROPELLOS,CAMION,0,0,0,1,0,0,0,0,0,0,0,0,0,1,81,HOMBRE,FALLECIDO,PEATON,NO,NO,0
10079,31258,31259,2018,1,0,-0.280955,-78.548788,PICHINCHA,QUITO,QUITO,URBANA,2018-02-04,14:25:00,14,DOMINGO,7,FEBRERO,2,NO,"CONDUCIR DESATENTO A LAS CONDICIONES DE TRANSITO (CELULAR, PANTALLAS DE VIDEO, COMIDA, MAQUILLAJE O CUALQUIER OTRO ELEMENTO DISTRACTOR).",CHOQUE LATERAL,MOTOCICLETA,1,0,0,0,0,0,0,0,1,0,0,0,0,2,21,MUJER,LESIONADO,PASAJERO,NO,NO,0
10080,31262,31263,2018,0,0,-0.432385,-78.552662,PICHINCHA,MEJIA,ALOAG,URBANA,2018-02-04,15:20:00,15,DOMINGO,7,FEBRERO,2,NO,NO MANTENER LA DISTANCIA PRUDENCIAL CON RESPECTO AL VEHICULO QUE LE ANTECEDE.,CHOQUE POSTERIOR,VEHICULO DEPORTIVO UTILITARIO,1,0,0,0,0,0,0,0,0,0,0,0,1,2,33,MUJER,ILESO,CONDUCTOR PRESENTE,NO,NO,0
10081,31268,31269,2018,1,0,-0.192227,-78.508777,PICHINCHA,QUITO,QUITO,URBANA,2018-02-04,16:30:00,16,DOMINGO,7,FEBRERO,2,NO,CONDUCIR VEHICULO SUPERANDO LOS LIMITES MAXIMOS DE VELOCIDAD.,OTROS,NO IDENTIFICADO,0,0,0,0,0,0,0,0,0,1,0,0,0,1,42,MUJER,LESIONADO,PEATON,NO,NO,0
10082,31270,31271,2018,0,0,-0.190933,-78.480366,PICHINCHA,QUITO,QUITO,URBANA,2018-02-04,16:50:00,16,DOMINGO,7,FEBRERO,2,NO,CONDUCIR VEHICULO SUPERANDO LOS LIMITES MAXIMOS DE VELOCIDAD.,ESTRELLAMIENTOS,AUTOMOVIL,1,0,0,0,0,0,0,0,0,0,0,0,0,1,41,HOMBRE,ILESO,CONDUCTOR PRESENTE,NO,NO,0
10083,31271,31272,2018,0,0,-0.292882,-78.542349,PICHINCHA,QUITO,QUITO,URBANA,2018-02-04,17:15:00,17,DOMINGO,7,FEBRERO,2,NO,"NO RESPETAR LAS SENIALES REGLAMENTARIAS DE TRANSITO. (PARE, CEDA EL PASO, LUZ ROJA DEL SEMAFORO, ETC).",CHOQUE LATERAL,CAMIONETA,1,0,0,0,1,0,0,0,0,0,0,0,0,2,20,HOMBRE,ILESO,CONDUCTOR PRESENTE,NO,NO,0
10084,31281,31282,2018,0,0,-0.120424,-78.415686,PICHINCHA,QUITO,CALDERON (CARAPUNGO),URBANA,2018-02-04,22:30:00,22,DOMINGO,7,FEBRERO,2,NO,"CONDUCE BAJO LA INFLUENCIA DE ALCOHOL, SUSTANCIAS ESTUPEFACIENTES O PSICOTROPICAS Y/O MEDICAMENTOS.",CHOQUE LATERAL,AUTOMOVIL,2,0,0,0,0,0,0,0,0,0,0,0,0,2,32,HOMBRE,ILESO,CONDUCTOR PRESENTE,NO,NO,0
10085,31287,31288,2018,0,0,-0.545924,-78.585262,PICHINCHA,MEJIA,ALOASI,URBANA,2018-02-05,04:08:00,4,LUNES,1,FEBRERO,2,NO,NO MANTENER LA DISTANCIA PRUDENCIAL CON RESPECTO AL VEHICULO QUE LE ANTECEDE.,CHOQUE POSTERIOR,AUTOMOVIL,1,0,0,0,0,0,0,0,0,0,0,0,1,2,44,HOMBRE,ILESO,CONDUCTOR PRESENTE,NO,NO,0
10086,31288,31289,2018,0,0,-0.197826,-78.466466,PICHINCHA,QUITO,QUITO,URBANA,2018-02-05,05:18:00,5,LUNES,1,FEBRERO,2,NO,CONDUCIR VEHICULO SUPERANDO LOS LIMITES MAXIMOS DE VELOCIDAD.,VOLCAMIENTOS,CAMION,0,0,0,1,0,0,0,0,0,0,0,0,0,1,67,HOMBRE,ILESO,CONDUCTOR PRESENTE,NO,NO,0
10087,31293,31294,2018,0,0,-0.386502,-78.512516,PICHINCHA,QUITO,AMAGUANIA,URBANA,2018-02-05,07:14:00,7,LUNES,1,FEBRERO,2,NO,"CONDUCIR DESATENTO A LAS CONDICIONES DE TRANSITO (CELULAR, PANTALLAS DE VIDEO, COMIDA, MAQUILLAJE O CUALQUIER OTRO ELEMENTO DISTRACTOR).",OTROS,NO IDENTIFICADO,0,0,0,0,0,0,0,0,0,1,0,0,0,1,-1,NO IDENTIFICADO,NO IDENTIFICADO,CONDUCTOR AUSENTE,NO,NO,2
10088,31296,31297,2018,0,0,-0.149641,-78.492776,PICHINCHA,QUITO,QUITO,URBANA,2018-02-05,08:20:00,8,LUNES,1,FEBRERO,2,NO,"ADELANTAR O REBASAR A OTRO VEHICULO EN MOVIMIENTO EN ZONAS O SITIOS PELIGROSOS TALES COMO: CURVAS, PUENTES, TUNELES, PENDIENTES, ETC.",ROZAMIENTOS,BUS,1,0,1,0,0,0,0,0,0,0,0,0,0,2,55,HOMBRE,ILESO,CONDUCTOR PRESENTE,NO,NO,0
10089,31298,31299,2018,0,0,-0.280982,-78.516477,PICHINCHA,QUITO,QUITO,URBANA,2018-02-05,09:05:00,9,LUNES,1,FEBRERO,2,NO,"CONDICIONES AMBIENTALES Y/O ATMOSFERICAS (NIEBLA, NEBLINA, GRANIZO, LLUVIA).",CHOQUE FRONTAL,AUTOMOVIL,2,0,0,0,0,0,0,0,0,0,0,0,0,2,44,HOMBRE,ILESO,CONDUCTOR PRESENTE,NO,NO,0
10090,31303,31304,2018,0,0,-0.458586,-78.564632,PICHINCHA,MEJIA,ALOAG,URBANA,2018-02-05,09:45:00,9,LUNES,1,FEBRERO,2,NO,"CONDUCIR DESATENTO A LAS CONDICIONES DE TRANSITO (CELULAR, PANTALLAS DE VIDEO, COMIDA, MAQUILLAJE O CUALQUIER OTRO ELEMENTO DISTRACTOR).",ARROLLAMIENTOS,BUS,0,0,1,0,0,0,0,0,0,0,0,0,0,1,-1,NO IDENTIFICADO,NO IDENTIFICADO,CONDUCTOR AUSENTE,NO,NO,2
10091,31305,31306,2018,0,0,-0.292724,-78.476486,PICHINCHA,QUITO,CONOCOTO,URBANA,2018-02-05,10:45:00,10,LUNES,1,FEBRERO,2,NO,"CONDUCIR DESATENTO A LAS CONDICIONES DE TRANSITO (CELULAR, PANTALLAS DE VIDEO, COMIDA, MAQUILLAJE O CUALQUIER OTRO ELEMENTO DISTRACTOR).",CHOQUE LATERAL,AUTOMOVIL,1,0,0,0,0,0,0,0,1,0,0,0,0,2,50,HOMBRE,ILESO,CONDUCTOR PRESENTE,NO,NO,0
10092,31307,31308,2018,1,0,-0.189057,-78.511839,PICHINCHA,QUITO,QUITO,URBANA,2018-02-05,11:50:00,11,LUNES,1,FEBRERO,2,NO,"CONDUCIR DESATENTO A LAS CONDICIONES DE TRANSITO (CELULAR, PANTALLAS DE VIDEO, COMIDA, MAQUILLAJE O CUALQUIER OTRO ELEMENTO DISTRACTOR).",PERDIDA DE PISTA,MOTOCICLETA,0,0,0,0,0,0,0,0,1,0,0,0,0,1,26,HOMBRE,LESIONADO,CONDUCTOR PRESENTE,NO,NO,0
10093,31314,31315,2018,0,0,-0.328479,-78.222941,PICHINCHA,QUITO,PIFO,URBANA,2018-02-05,14:15:00,14,LUNES,1,FEBRERO,2,NO,CONDUCIR VEHICULO SUPERANDO LOS LIMITES MAXIMOS DE VELOCIDAD.,CHOQUE LATERAL,AUTOMOVIL,2,0,0,0,0,0,0,0,0,0,0,0,0,2,35,MUJER,ILESO,CONDUCTOR PRESENTE,NO,NO,0
10094,31318,31319,2018,1,0,-0.256733,-78.280701,PICHINCHA,QUITO,PIFO,URBANA,2018-02-05,15:00:00,15,LUNES,1,FEBRERO,2,NO,"CONDUCIR DESATENTO A LAS CONDICIONES DE TRANSITO (CELULAR, PANTALLAS DE VIDEO, COMIDA, MAQUILLAJE O CUALQUIER OTRO ELEMENTO DISTRACTOR).",PERDIDA DE PISTA,MOTOCICLETA,0,0,0,0,0,0,0,0,1,0,0,0,0,1,28,HOMBRE,LESIONADO,CONDUCTOR PRESENTE,NO,NO,0
10095,31321,31322,2018,0,0,-0.134536,-78.465618,PICHINCHA,QUITO,QUITO,URBANA,2018-02-05,16:40:00,16,LUNES,1,FEBRERO,2,NO,"CONDUCIR DESATENTO A LAS CONDICIONES DE TRANSITO (CELULAR, PANTALLAS DE VIDEO, COMIDA, MAQUILLAJE O CUALQUIER OTRO ELEMENTO DISTRACTOR).",CHOQUE LATERAL,AUTOMOVIL,2,0,0,0,0,0,0,0,0,0,0,0,0,2,22,HOMBRE,ILESO,CONDUCTOR PRESENTE,NO,NO,0
10096,31323,31324,2018,1,0,-0.286979,-78.550314,PICHINCHA,QUITO,QUITO,URBANA,2018-02-05,17:20:00,17,LUNES,1,FEBRERO,2,NO,DEJAR O RECOGER PASAJEROS EN LUGARES NO PERMITIDOS.,CAIDA DE PASAJERO,BUS,0,0,1,0,0,0,0,0,0,0,0,0,0,1,28,MUJER,LESIONADO,PASAJERO,NO,NO,0
10097,31325,31326,2018,1,0,-0.265064,-78.536095,PICHINCHA,QUITO,QUITO,URBANA,2018-02-05,18:30:00,18,LUNES,1,FEBRERO,2,NO,NO TRANSITAR POR LAS ACERAS O ZONAS DE SEGURIDAD DESTINADAS PARA EL EFECTO.,ATROPELLOS,AUTOMOVIL,1,0,0,0,0,0,0,0,0,0,0,0,0,1,12,MUJER,LESIONADO,PEATON,NO,NO,0
10098,31327,31328,2018,0,0,-0.223511,-78.385358,PICHINCHA,QUITO,TUMBACO,URBANA,2018-02-05,18:35:00,18,LUNES,1,FEBRERO,2,NO,"CONDUCIR DESATENTO A LAS CONDICIONES DE TRANSITO (CELULAR, PANTALLAS DE VIDEO, COMIDA, MAQUILLAJE O CUALQUIER OTRO ELEMENTO DISTRACTOR).",ESTRELLAMIENTOS,AUTOMOVIL,1,0,0,0,0,0,0,0,0,0,0,0,0,1,19,HOMBRE,ILESO,CONDUCTOR PRESENTE,NO,NO,0
10099,31328,31329,2018,1,0,-0.280444,-78.517515,PICHINCHA,QUITO,QUITO,URBANA,2018-02-05,18:48:00,18,LUNES,1,FEBRERO,2,NO,"CONDUCE BAJO LA INFLUENCIA DE ALCOHOL, SUSTANCIAS ESTUPEFACIENTES O PSICOTROPICAS Y/O MEDICAMENTOS.",ATROPELLOS,MOTOCICLETA,0,0,0,0,0,0,0,0,1,0,0,0,0,1,30,HOMBRE,LESIONADO,PEATON,NO,NO,0
10100,31330,31331,2018,1,0,-0.407452,-78.546853,PICHINCHA,MEJIA,TAMBILLO (MEJIA),URBANA,2018-02-05,19:10:00,19,LUNES,1,FEBRERO,2,NO,"CONDUCIR DESATENTO A LAS CONDICIONES DE TRANSITO (CELULAR, PANTALLAS DE VIDEO, COMIDA, MAQUILLAJE O CUALQUIER OTRO ELEMENTO DISTRACTOR).",ATROPELLOS,NO IDENTIFICADO,0,0,0,0,0,0,0,0,0,1,0,0,0,1,24,HOMBRE,LESIONADO,PEATON,NO,NO,0
10101,31331,31332,2018,0,0,-0.328831,-78.560625,PICHINCHA,QUITO,QUITO,URBANA,2018-02-05,19:25:00,19,LUNES,1,FEBRERO,2,NO,CONDUCIR VEHICULO SUPERANDO LOS LIMITES MAXIMOS DE VELOCIDAD.,ESTRELLAMIENTOS,AUTOMOVIL,1,0,0,0,0,0,0,0,0,0,0,0,0,1,-1,NO IDENTIFICADO,NO IDENTIFICADO,CONDUCTOR AUSENTE,NO,NO,2
10102,31333,31334,2018,1,0,-0.169246,-78.484381,PICHINCHA,QUITO,QUITO,URBANA,2018-02-05,19:30:00,19,LUNES,1,FEBRERO,2,NO,"CONDUCIR DESATENTO A LAS CONDICIONES DE TRANSITO (CELULAR, PANTALLAS DE VIDEO, COMIDA, MAQUILLAJE O CUALQUIER OTRO ELEMENTO DISTRACTOR).",ARROLLAMIENTOS,NO IDENTIFICADO,0,0,0,0,0,0,0,0,0,1,0,0,0,1,33,HOMBRE,LESIONADO,PASAJERO,NO,NO,0
10103,31336,31337,2018,0,0,-0.291131,-78.524158,PICHINCHA,QUITO,QUITO,URBANA,2018-02-05,20:10:00,20,LUNES,1,FEBRERO,2,NO,CONDUCIR VEHICULO SUPERANDO LOS LIMITES MAXIMOS DE VELOCIDAD.,CHOQUE LATERAL,CAMIONETA,0,0,0,0,2,0,0,0,0,0,0,0,0,2,52,HOMBRE,ILESO,CONDUCTOR PRESENTE,NO,NO,0
10104,31337,31338,2018,1,0,-0.139611,-78.473846,PICHINCHA,QUITO,QUITO,URBANA,2018-02-05,20:20:00,20,LUNES,1,FEBRERO,2,NO,CONDUCIR VEHICULO SUPERANDO LOS LIMITES MAXIMOS DE VELOCIDAD.,PERDIDA DE PISTA,MOTOCICLETA,0,0,0,0,0,0,0,0,1,0,0,0,0,1,23,HOMBRE,LESIONADO,CONDUCTOR PRESENTE,NO,NO,0
10105,31342,31343,2018,0,0,-0.190134,-78.454044,PICHINCHA,QUITO,NAYON,URBANA,2018-02-05,22:48:00,22,LUNES,1,FEBRERO,2,NO,CONDUCIR VEHICULO SUPERANDO LOS LIMITES MAXIMOS DE VELOCIDAD.,ESTRELLAMIENTOS,CAMIONETA,0,0,0,0,1,0,0,0,0,0,0,0,0,1,-1,NO IDENTIFICADO,NO IDENTIFICADO,CONDUCTOR AUSENTE,NO,NO,2
10106,31346,31347,2018,0,0,-0.161208,-78.495838,PICHINCHA,QUITO,QUITO,URBANA,2018-02-06,04:20:00,4,MARTES,2,FEBRERO,2,NO,CONDUCIR VEHICULO SUPERANDO LOS LIMITES MAXIMOS DE VELOCIDAD.,ESTRELLAMIENTOS,AUTOMOVIL,1,0,0,0,0,0,0,0,0,0,0,0,0,1,-1,NO IDENTIFICADO,NO IDENTIFICADO,CONDUCTOR AUSENTE,NO,NO,2
10107,31348,31349,2018,0,0,-0.148497,-78.498391,PICHINCHA,QUITO,QUITO,URBANA,2018-02-06,05:40:00,5,MARTES,2,FEBRERO,2,NO,"CONDICIONES AMBIENTALES Y/O ATMOSFERICAS (NIEBLA, NEBLINA, GRANIZO, LLUVIA).",CHOQUE POSTERIOR,AUTOMOVIL,1,0,0,0,0,0,0,0,0,0,0,0,0,1,25,HOMBRE,ILESO,CONDUCTOR PRESENTE,NO,NO,0
10108,31349,31350,2018,0,0,-0.103593,-78.387461,PICHINCHA,QUITO,CALDERON (CARAPUNGO),RURAL,2018-02-06,05:40:00,5,MARTES,2,FEBRERO,2,NO,"CONDICIONES AMBIENTALES Y/O ATMOSFERICAS (NIEBLA, NEBLINA, GRANIZO, LLUVIA).",PERDIDA DE CARRIL,CAMION,0,0,0,1,0,0,0,0,0,0,0,0,0,1,-1,NO IDENTIFICADO,NO IDENTIFICADO,CONDUCTOR AUSENTE,NO,NO,2
10109,31350,31351,2018,2,0,0.026605,-78.151365,PICHINCHA,CAYAMBE,CAYAMBE,URBANA,2018-02-06,05:45:00,5,MARTES,2,FEBRERO,2,NO,"CONDUCIR DESATENTO A LAS CONDICIONES DE TRANSITO (CELULAR, PANTALLAS DE VIDEO, COMIDA, MAQUILLAJE O CUALQUIER OTRO ELEMENTO DISTRACTOR).",ATROPELLOS,NO IDENTIFICADO,0,0,0,0,0,0,0,0,0,1,0,0,0,1,38,HOMBRE,LESIONADO,PEATON,NO,NO,0
10110,31353,31354,2018,0,0,-0.214701,-78.503384,PICHINCHA,QUITO,QUITO,URBANA,2018-02-06,06:38:00,6,MARTES,2,FEBRERO,2,NO,"CONDICIONES AMBIENTALES Y/O ATMOSFERICAS (NIEBLA, NEBLINA, GRANIZO, LLUVIA).",CHOQUE POSTERIOR,BUS,1,0,1,0,0,0,0,0,0,0,0,0,0,2,23,HOMBRE,ILESO,CONDUCTOR PRESENTE,NO,NO,0