,Unnamed: 0,ID,ANIO,LESIONADOS,FALLECIDOS,LATITUD_Y,LONGITUD_X,PROVINCIA,CANTON,PARROQUIA,ZONA,FECHA,HORA,PERIODO_2,DIA_1,DIA_2,MES_1,MES_2,FERIADO,CAUSA_PROBABLE,TIPO_DE_SINIESTRO,TIPO_DE_VEHICULO_1,AUTOMOVIL,BICICLETA,BUS,CAMION,CAMIONETA,EMERGENCIAS,ESPECIAL,FURGONETA,MOTOCICLETA,NO_IDENTIFICADO,SCOOTER_ELECTRICO,TRICIMOTO,VEHICULO_DEPORTIVO_UTILITARIO,SUMA_DE_VEHICULOS,EDAD_1,SEXO_1,CONDICION_1,PARTICIPANTE_1,CASCO_1,CINTURON_1,KMeans_Cluster
10111,31355,31356,2018,2,0,-0.192585,-78.488514,PICHINCHA,QUITO,QUITO,URBANA,2018-02-06,07:00:00,7,MARTES,2,FEBRERO,2,NO,CONDUCIR VEHICULO SUPERANDO LOS LIMITES MAXIMOS DE VELOCIDAD.,PERDIDA DE PISTA,MOTOCICLETA,0,0,0,0,0,0,0,0,1,0,0,0,0,1,31,HOMBRE,LESIONADO,CONDUCTOR PRESENTE,NO,NO,0
10112,31356,31357,2018,0,0,-0.106007,-78.383561,PICHINCHA,QUITO,CALDERON (CARAPUNGO),RURAL,2018-02-06,07:15:00,7,MARTES,2,FEBRERO,2,NO,"CONDICIONES AMBIENTALES Y/O ATMOSFERICAS (NIEBLA, NEBLINA, GRANIZO, LLUVIA).",PERDIDA DE CARRIL,AUTOMOVIL,1,0,0,0,0,0,0,0,0,0,0,0,0,1,43,HOMBRE,ILESO,CONDUCTOR PRESENTE,NO,NO,3
10113,31357,31358,2018,0,0,-0.150289,-78.453334,PICHINCHA,QUITO,QUITO,URBANA,2018-02-06,07:20:00,7,MARTES,2,FEBRERO,2,NO,NO MANTENER LA DISTANCIA PRUDENCIAL CON RESPECTO AL VEHICULO QUE LE ANTECEDE.,COLISION,AUTOMOVIL,3,0,0,0,0,0,0,0,0,0,0,0,0,3,40,HOMBRE,ILESO,CONDUCTOR PRESENTE,NO,NO,0
10114,31358,31359,2018,1,0,-0.080601,-78.436279,PICHINCHA,QUITO,CALDERON (CARAPUNGO),URBANA,2018-02-06,08:05:00,8,MARTES,2,FEBRERO,2,NO,"CONDICIONES AMBIENTALES Y/O ATMOSFERICAS (NIEBLA, NEBLINA, GRANIZO, LLUVIA).",PERDIDA DE PISTA,MOTOCICLETA,0,0,0,0,0,0,0,0,1,0,0,0,0,1,21,HOMBRE,LESIONADO,CONDUCTOR PRESENTE,NO,NO,0
10115,31360,31361,2018,0,0,-0.101756,-78.464641,PICHINCHA,QUITO,QUITO,URBANA,2018-02-06,08:25:00,8,MARTES,2,FEBRERO,2,NO,NO MANTENER LA DISTANCIA PRUDENCIAL CON RESPECTO AL VEHICULO QUE LE ANTECEDE.,CHOQUE POSTERIOR,CAMION,0,0,0,2,0,0,0,0,0,0,0,0,0,2,30,MUJER,ILESO,CONDUCTOR PRESENTE,NO,NO,0
10116,31361,31362,2018,1,0,-0.200214,-78.479951,PICHINCHA,QUITO,QUITO,URBANA,2018-02-06,08:30:00,8,MARTES,2,FEBRERO,2,NO,"CONDICIONES AMBIENTALES Y/O ATMOSFERICAS (NIEBLA, NEBLINA, GRANIZO, LLUVIA).",CHOQUE POSTERIOR,VEHICULO DEPORTIVO UTILITARIO,0,0,0,0,0,0,0,0,0,0,0,0,1,1,67,MUJER,LESIONADO,CONDUCTOR PRESENTE,NO,NO,0
10117,31363,31364,2018,1,0,-0.033731,-78.446066,PICHINCHA,QUITO,POMASQUI,URBANA,2018-02-06,08:45:00,8,MARTES,2,FEBRERO,2,NO,"CONDUCIR DESATENTO A LAS CONDICIONES DE TRANSITO (CELULAR, PANTALLAS DE VIDEO, COMIDA, MAQUILLAJE O CUALQUIER OTRO ELEMENTO DISTRACTOR).",ROZAMIENTOS,AUTOMOVIL,1,0,0,0,0,0,0,0,0,0,0,0,0,1,53,MUJER,LESIONADO,CONDUCTOR PRESENTE,NO,NO,0
10118,31364,31365,2018,0,0,-0.106007,-78.383302,PICHINCHA,QUITO,CALDERON (CARAPUNGO),RURAL,2018-02-06,08:50:00,8,MARTES,2,FEBRERO,2,NO,"CONDUCIR DESATENTO A LAS CONDICIONES DE TRANSITO (CELULAR, PANTALLAS DE VIDEO, COMIDA, MAQUILLAJE O CUALQUIER OTRO ELEMENTO DISTRACTOR).",ESTRELLAMIENTOS,VEHICULO DEPORTIVO UTILITARIO,0,0,0,0,0,0,0,0,0,0,0,0,1,1,26,HOMBRE,ILESO,CONDUCTOR PRESENTE,NO,NO,3
10119,31366,31367,2018,0,0,-0.247859,-78.526124,PICHINCHA,QUITO,QUITO,URBANA,2018-02-06,09:30:00,9,MARTES,2,FEBRERO,2,NO,NO MANTENER LA DISTANCIA PRUDENCIAL CON RESPECTO AL VEHICULO QUE LE ANTECEDE.,CHOQUE POSTERIOR,AUTOMOVIL,2,0,0,0,0,0,0,0,0,0,0,0,0,2,61,HOMBRE,ILESO,CONDUCTOR PRESENTE,NO,NO,0
10120,31367,31368,2018,0,0,-0.132101,-78.361417,PICHINCHA,QUITO,TABABELA,URBANA,2018-02-06,10:00:00,10,MARTES,2,FEBRERO,2,NO,NO MANTENER LA DISTANCIA PRUDENCIAL CON RESPECTO AL VEHICULO QUE LE ANTECEDE.,CHOQUE POSTERIOR,AUTOMOVIL,1,0,0,0,0,0,0,0,0,0,0,0,0,1,59,HOMBRE,ILESO,CONDUCTOR PRESENTE,NO,NO,0
10121,31370,31371,2018,2,0,-0.172247,-78.492393,PICHINCHA,QUITO,QUITO,URBANA,2018-02-06,13:00:00,13,MARTES,2,FEBRERO,2,NO,NO MANTENER LA DISTANCIA PRUDENCIAL CON RESPECTO AL VEHICULO QUE LE ANTECEDE.,COLISION,AUTOMOVIL,1,0,0,0,0,0,0,0,0,1,0,0,0,2,23,MUJER,LESIONADO,CONDUCTOR PRESENTE,NO,NO,0
10122,31373,31374,2018,0,0,-0.172498,-78.487861,PICHINCHA,QUITO,QUITO,URBANA,2018-02-06,13:35:00,13,MARTES,2,FEBRERO,2,NO,"NO RESPETAR LAS SENIALES REGLAMENTARIAS DE TRANSITO. (PARE, CEDA EL PASO, LUZ ROJA DEL SEMAFORO, ETC).",COLISION,AUTOMOVIL,4,0,0,0,0,0,0,0,0,0,0,0,0,4,59,HOMBRE,ILESO,CONDUCTOR PRESENTE,NO,NO,0
10123,31375,31376,2018,1,0,-0.195338,-78.435459,PICHINCHA,QUITO,CUMBAYA,URBANA,2018-02-06,14:20:00,14,MARTES,2,FEBRERO,2,NO,DANIOS MECANICOS PREVISIBLES.,ESTRELLAMIENTOS,AUTOMOVIL,1,0,0,0,0,0,0,0,0,0,0,0,0,1,20,HOMBRE,LESIONADO,CONDUCTOR PRESENTE,NO,NO,0
10124,31377,31378,2018,0,0,-0.209795,-78.404284,PICHINCHA,QUITO,TUMBACO,URBANA,2018-02-06,15:20:00,15,MARTES,2,FEBRERO,2,NO,NO MANTENER LA DISTANCIA PRUDENCIAL CON RESPECTO AL VEHICULO QUE LE ANTECEDE.,CHOQUE POSTERIOR,CAMIONETA,1,0,0,0,1,0,0,0,0,0,0,0,0,2,22,HOMBRE,ILESO,CONDUCTOR PRESENTE,NO,NO,0
10125,31381,31382,2018,0,0,-0.214777,-78.378575,PICHINCHA,QUITO,TUMBACO,URBANA,2018-02-06,16:05:00,16,MARTES,2,FEBRERO,2,NO,"NO RESPETAR LAS SENIALES REGLAMENTARIAS DE TRANSITO. (PARE, CEDA EL PASO, LUZ ROJA DEL SEMAFORO, ETC).",CHOQUE LATERAL,AUTOMOVIL,2,0,0,0,0,0,0,0,0,0,0,0,0,2,32,MUJER,ILESO,CONDUCTOR PRESENTE,NO,NO,0
10126,31382,31383,2018,1,0,-0.172516,-78.489865,PICHINCHA,QUITO,QUITO,URBANA,2018-02-06,16:06:00,16,MARTES,2,FEBRERO,2,NO,NO MANTENER LA DISTANCIA PRUDENCIAL CON RESPECTO AL VEHICULO QUE LE ANTECEDE.,COLISION,NO IDENTIFICADO,0,0,0,0,0,0,0,0,0,2,0,0,0,2,16,MUJER,LESIONADO,PASAJERO,NO,NO,0
10127,31384,31385,2018,0,0,-0.291131,-78.524158,PICHINCHA,QUITO,QUITO,URBANA,2018-02-06,16:20:00,16,MARTES,2,FEBRERO,2,NO,CONDUCIR VEHICULO SUPERANDO LOS LIMITES MAXIMOS DE VELOCIDAD.,OTROS,AUTOMOVIL,1,0,1,0,0,0,0,0,0,0,0,0,0,2,32,HOMBRE,ILESO,CONDUCTOR PRESENTE,NO,NO,0
10128,31386,31387,2018,0,0,-0.033308,-78.453726,PICHINCHA,QUITO,POMASQUI,URBANA,2018-02-06,16:30:00,16,MARTES,2,FEBRERO,2,NO,"CONDUCIR DESATENTO A LAS CONDICIONES DE TRANSITO (CELULAR, PANTALLAS DE VIDEO, COMIDA, MAQUILLAJE O CUALQUIER OTRO ELEMENTO DISTRACTOR).",PERDIDA DE PISTA,CAMION,0,0,0,1,0,0,0,0,0,0,0,0,0,1,54,HOMBRE,ILESO,CONDUCTOR PRESENTE,NO,NO,0
10129,31388,31389,2018,1,0,-0.095023,-78.474848,PICHINCHA,QUITO,QUITO,URBANA,2018-02-06,16:48:00,16,MARTES,2,FEBRERO,2,NO,"CONDICIONES AMBIENTALES Y/O ATMOSFERICAS (NIEBLA, NEBLINA, GRANIZO, LLUVIA).",ESTRELLAMIENTOS,AUTOMOVIL,1,0,0,0,0,0,0,0,0,0,0,0,0,1,46,MUJER,LESIONADO,CONDUCTOR PRESENTE,NO,NO,0
10130,31389,31390,2018,1,0,-0.200249,-78.490974,PICHINCHA,QUITO,QUITO,URBANA,2018-02-06,17:30:00,17,MARTES,2,FEBRERO,2,NO,PEATON QUE CRUZA LA CALZADA SIN RESPETAR LA SENIALIZACION EXISTENTE (SEMAFOROS O SENIALES MANUALES).,ATROPELLOS,AUTOMOVIL,1,0,0,0,0,0,0,0,0,0,0,0,0,1,26,MUJER,LESIONADO,PEATON,NO,NO,0
10131,31390,31391,2018,1,0,-0.129332,-78.494021,PICHINCHA,QUITO,QUITO,URBANA,2018-02-06,17:40:00,17,MARTES,2,FEBRERO,2,NO,"CONDICIONES AMBIENTALES Y/O ATMOSFERICAS (NIEBLA, NEBLINA, GRANIZO, LLUVIA).",PERDIDA DE PISTA,MOTOCICLETA,0,0,0,0,0,0,0,0,1,0,0,0,0,1,30,HOMBRE,LESIONADO,CONDUCTOR PRESENTE,NO,NO,0
10132,31395,31396,2018,0,0,-0.097492,-78.476169,PICHINCHA,QUITO,QUITO,URBANA,2018-02-06,18:00:00,18,MARTES,2,FEBRERO,2,NO,"CONDICIONES AMBIENTALES Y/O ATMOSFERICAS (NIEBLA, NEBLINA, GRANIZO, LLUVIA).",CHOQUE LATERAL,AUTOMOVIL,1,0,0,0,0,0,0,1,0,0,0,0,0,2,34,MUJER,ILESO,CONDUCTOR PRESENTE,NO,NO,0
10133,31396,31397,2018,0,0,-0.172902,-78.474085,PICHINCHA,QUITO,QUITO,URBANA,2018-02-06,18:15:00,18,MARTES,2,FEBRERO,2,NO,"CONDICIONES AMBIENTALES Y/O ATMOSFERICAS (NIEBLA, NEBLINA, GRANIZO, LLUVIA).",CHOQUE LATERAL,AUTOMOVIL,2,0,0,0,0,0,0,0,0,0,0,0,0,2,37,HOMBRE,ILESO,CONDUCTOR PRESENTE,NO,NO,0
10134,31400,31401,2018,1,0,-0.214643,-78.516701,PICHINCHA,QUITO,QUITO,URBANA,2018-02-06,19:15:00,19,MARTES,2,FEBRERO,2,NO,"NO RESPETAR LAS SENIALES REGLAMENTARIAS DE TRANSITO. (PARE, CEDA EL PASO, LUZ ROJA DEL SEMAFORO, ETC).",ATROPELLOS,NO IDENTIFICADO,0,0,0,0,0,0,0,0,0,1,0,0,0,1,28,HOMBRE,LESIONADO,PEATON,NO,NO,0
10135,31402,31403,2018,0,0,-0.185884,-78.453561,PICHINCHA,QUITO,NAYON,URBANA,2018-02-06,19:50:00,19,MARTES,2,FEBRERO,2,NO,CONDUCIR VEHICULO SUPERANDO LOS LIMITES MAXIMOS DE VELOCIDAD.,VOLCAMIENTOS,AUTOMOVIL,1,0,0,0,0,0,0,0,0,0,0,0,0,1,-1,NO IDENTIFICADO,NO IDENTIFICADO,CONDUCTOR AUSENTE,NO,NO,2
10136,31408,31409,2018,0,0,-0.284269,-78.518971,PICHINCHA,QUITO,QUITO,URBANA,2018-02-06,22:35:00,22,MARTES,2,FEBRERO,2,NO,"CONDICIONES AMBIENTALES Y/O ATMOSFERICAS (NIEBLA, NEBLINA, GRANIZO, LLUVIA).",CHOQUE LATERAL,CAMIONETA,1,0,0,0,2,0,0,0,0,0,0,0,0,3,50,HOMBRE,ILESO,CONDUCTOR PRESENTE,NO,NO,0
10137,31411,31412,2018,0,0,-0.317898,-78.535609,PICHINCHA,QUITO,QUITO,URBANA,2018-02-06,23:40:00,23,MARTES,2,FEBRERO,2,NO,CONDUCIR VEHICULO SUPERANDO LOS LIMITES MAXIMOS DE VELOCIDAD.,ESTRELLAMIENTOS,AUTOMOVIL,1,0,0,0,0,0,0,0,0,0,0,0,0,1,-1,NO IDENTIFICADO,NO IDENTIFICADO,CONDUCTOR AUSENTE,NO,NO,2
10138,31416,31417,2018,1,0,-0.192323,-78.481347,PICHINCHA,QUITO,QUITO,URBANA,2018-02-07,02:30:00,2,MIERCOLES,3,FEBRERO,2,NO,CONDUCIR VEHICULO SUPERANDO LOS LIMITES MAXIMOS DE VELOCIDAD.,ESTRELLAMIENTOS,AUTOMOVIL,1,0,0,0,0,0,0,0,0,0,0,0,0,1,21,HOMBRE,LESIONADO,PASAJERO,NO,NO,0
10139,31419,31420,2018,0,0,-0.205501,-78.491986,PICHINCHA,QUITO,QUITO,URBANA,2018-02-07,03:25:00,3,MIERCOLES,3,FEBRERO,2,NO,"CONDUCE BAJO LA INFLUENCIA DE ALCOHOL, SUSTANCIAS ESTUPEFACIENTES O PSICOTROPICAS Y/O MEDICAMENTOS.",ESTRELLAMIENTOS,AUTOMOVIL,1,0,0,0,0,0,0,0,0,0,0,0,0,1,53,HOMBRE,ILESO,CONDUCTOR PRESENTE,NO,NO,0
10140,31420,31421,2018,0,0,-0.188136,-78.511088,PICHINCHA,QUITO,QUITO,URBANA,2018-02-07,06:30:00,6,MIERCOLES,3,FEBRERO,2,NO,CONDUCIR VEHICULO SUPERANDO LOS LIMITES MAXIMOS DE VELOCIDAD.,OTROS,EMERGENCIAS,0,0,0,0,0,1,0,0,1,0,0,0,0,2,21,HOMBRE,ILESO,CONDUCTOR PRESENTE,NO,NO,0
10141,31421,31422,2018,1,0,-0.045134,-78.285477,PICHINCHA,CAYAMBE,SANTA ROSA DE CUZUBAMBA,RURAL,2018-02-07,07:00:00,7,MIERCOLES,3,FEBRERO,2,NO,"CONDUCIR DESATENTO A LAS CONDICIONES DE TRANSITO (CELULAR, PANTALLAS DE VIDEO, COMIDA, MAQUILLAJE O CUALQUIER OTRO ELEMENTO DISTRACTOR).",ATROPELLOS,NO IDENTIFICADO,0,0,0,0,0,0,0,0,0,1,0,0,0,1,41,HOMBRE,LESIONADO,PASAJERO,NO,NO,3
10142,31423,31424,2018,0,0,-0.327284,-78.550355,PICHINCHA,QUITO,QUITO,URBANA,2018-02-07,07:30:00,7,MIERCOLES,3,FEBRERO,2,NO,NO CEDER EL DERECHO DE VIA O PREFERENCIA DE PASO A VEHICULOS.,CHOQUE LATERAL,BUS,0,0,1,0,1,0,0,0,0,0,0,0,0,2,48,HOMBRE,ILESO,CONDUCTOR PRESENTE,NO,NO,0
10143,31425,31426,2018,0,0,-0.136812,-78.473598,PICHINCHA,QUITO,QUITO,URBANA,2018-02-07,08:13:00,8,MIERCOLES,3,FEBRERO,2,NO,CONDUCIR VEHICULO SUPERANDO LOS LIMITES MAXIMOS DE VELOCIDAD.,ESTRELLAMIENTOS,BUS,0,0,1,0,0,0,0,0,0,0,0,0,0,1,25,HOMBRE,ILESO,CONDUCTOR PRESENTE,NO,NO,0
10144,31427,31428,2018,1,0,-0.172247,-78.492393,PICHINCHA,QUITO,QUITO,URBANA,2018-02-07,10:00:00,10,MIERCOLES,3,FEBRERO,2,NO,"CONDUCIR DESATENTO A LAS CONDICIONES DE TRANSITO (CELULAR, PANTALLAS DE VIDEO, COMIDA, MAQUILLAJE O CUALQUIER OTRO ELEMENTO DISTRACTOR).",ESTRELLAMIENTOS,NO IDENTIFICADO,0,0,0,0,0,0,0,0,0,1,0,0,0,1,18,HOMBRE,LESIONADO,PASAJERO,NO,NO,0
10145,31431,31432,2018,1,0,-0.297819,-78.549666,PICHINCHA,QUITO,QUITO,URBANA,2018-02-07,11:35:00,11,MIERCOLES,3,FEBRERO,2,NO,DEJAR O RECOGER PASAJEROS EN LUGARES NO PERMITIDOS.,CAIDA DE PASAJERO,BUS,0,0,1,0,0,0,0,0,0,0,0,0,0,1,77,HOMBRE,LESIONADO,PASAJERO,NO,NO,0
10146,31439,31440,2018,1,0,-0.307792,-78.546438,PICHINCHA,QUITO,QUITO,URBANA,2018-02-07,14:14:00,14,MIERCOLES,3,FEBRERO,2,NO,PEATON QUE CRUZA LA CALZADA SIN RESPETAR LA SENIALIZACION EXISTENTE (SEMAFOROS O SENIALES MANUALES).,ATROPELLOS,BUS,0,0,1,0,0,0,0,0,0,0,0,0,0,1,42,HOMBRE,LESIONADO,PEATON,NO,NO,0
10147,31440,31441,2018,2,0,-0.194699,-78.477717,PICHINCHA,QUITO,QUITO,URBANA,2018-02-07,14:20:00,14,MIERCOLES,3,FEBRERO,2,NO,NO TRANSITAR POR LAS ACERAS O ZONAS DE SEGURIDAD DESTINADAS PARA EL EFECTO.,ATROPELLOS,AUTOMOVIL,2,0,0,0,0,0,0,0,0,0,0,0,0,2,46,MUJER,LESIONADO,CONDUCTOR PRESENTE,NO,NO,0
10148,31441,31442,2018,0,0,-0.294767,-78.535036,PICHINCHA,QUITO,QUITO,URBANA,2018-02-07,14:45:00,14,MIERCOLES,3,FEBRERO,2,NO,CONDUCIR VEHICULO SUPERANDO LOS LIMITES MAXIMOS DE VELOCIDAD.,COLISION,AUTOMOVIL,1,0,0,1,0,0,0,0,0,1,0,0,0,3,53,MUJER,ILESO,CONDUCTOR PRESENTE,NO,NO,0
10149,31444,31445,2018,0,0,-0.112213,-78.474367,PICHINCHA,QUITO,QUITO,URBANA,2018-02-07,15:30:00,15,MIERCOLES,3,FEBRERO,2,NO,"CONDUCIR DESATENTO A LAS CONDICIONES DE TRANSITO (CELULAR, PANTALLAS DE VIDEO, COMIDA, MAQUILLAJE O CUALQUIER OTRO ELEMENTO DISTRACTOR).",ESTRELLAMIENTOS,CAMION,0,0,0,2,0,0,0,0,0,0,0,0,0,2,42,HOMBRE,ILESO,CONDUCTOR PRESENTE,NO,NO,0
10150,31449,31450,2018,0,0,-0.205186,-78.485035,PICHINCHA,QUITO,QUITO,URBANA,2018-02-07,16:35:00,16,MIERCOLES,3,FEBRERO,2,NO,NO MANTENER LA DISTANCIA PRUDENCIAL CON RESPECTO AL VEHICULO QUE LE ANTECEDE.,CHOQUE POSTERIOR,AUTOMOVIL,2,0,0,0,0,0,0,0,0,0,0,0,0,2,59,MUJER,ILESO,CONDUCTOR PRESENTE,NO,NO,0
10151,31452,31453,2018,2,0,-0.264263,-78.550014,PICHINCHA,QUITO,QUITO,URBANA,2018-02-07,17:05:00,17,MIERCOLES,3,FEBRERO,2,NO,CONDUCIR VEHICULO SUPERANDO LOS LIMITES MAXIMOS DE VELOCIDAD.,ATROPELLOS,BUS,0,0,1,0,0,0,0,0,0,0,0,0,0,1,29,MUJER,LESIONADO,PEATON,NO,NO,0
10152,31453,31454,2018,0,0,-0.156026,-78.470181,PICHINCHA,QUITO,QUITO,URBANA,2018-02-07,17:35:00,17,MIERCOLES,3,FEBRERO,2,NO,"CONDUCE BAJO LA INFLUENCIA DE ALCOHOL, SUSTANCIAS ESTUPEFACIENTES O PSICOTROPICAS Y/O MEDICAMENTOS.",CHOQUE LATERAL,AUTOMOVIL,2,0,0,0,0,0,0,0,0,0,0,0,0,2,64,HOMBRE,ILESO,CONDUCTOR PRESENTE,NO,NO,0
10153,31461,31462,2018,0,0,-0.109351,-78.458267,PICHINCHA,QUITO,CALDERON (CARAPUNGO),URBANA,2018-02-07,23:50:00,23,MIERCOLES,3,FEBRERO,2,NO,CONDUCIR VEHICULO SUPERANDO LOS LIMITES MAXIMOS DE VELOCIDAD.,ESTRELLAMIENTOS,AUTOMOVIL,1,0,0,0,0,0,0,0,0,0,0,0,0,1,-1,NO IDENTIFICADO,NO IDENTIFICADO,CONDUCTOR AUSENTE,NO,NO,2
10154,31462,31463,2018,0,0,-0.119554,-78.508337,PICHINCHA,QUITO,QUITO,URBANA,2018-02-08,00:10:00,0,JUEVES,4,FEBRERO,2,NO,"NO RESPETAR LAS SENIALES REGLAMENTARIAS DE TRANSITO. (PARE, CEDA EL PASO, LUZ ROJA DEL SEMAFORO, ETC).",CHOQUE POSTERIOR,AUTOMOVIL,2,0,0,0,0,0,0,0,0,0,0,0,0,2,30,HOMBRE,ILESO,CONDUCTOR PRESENTE,NO,NO,0
10155,31467,31468,2018,2,0,-0.204241,-78.486031,PICHINCHA,QUITO,QUITO,URBANA,2018-02-08,03:10:00,3,JUEVES,4,FEBRERO,2,NO,"CONDUCE BAJO LA INFLUENCIA DE ALCOHOL, SUSTANCIAS ESTUPEFACIENTES O PSICOTROPICAS Y/O MEDICAMENTOS.",ESTRELLAMIENTOS,AUTOMOVIL,1,0,0,0,0,0,0,0,0,0,0,0,0,1,23,HOMBRE,LESIONADO,CONDUCTOR PRESENTE,NO,NO,0
10156,31468,31469,2018,0,0,-0.222563,-78.513543,PICHINCHA,QUITO,QUITO,URBANA,2018-02-08,03:20:00,3,JUEVES,4,FEBRERO,2,NO,CONDUCIR VEHICULO SUPERANDO LOS LIMITES MAXIMOS DE VELOCIDAD.,CHOQUE LATERAL,CAMIONETA,0,0,0,1,1,0,0,0,0,0,0,0,0,2,46,HOMBRE,ILESO,CONDUCTOR PRESENTE,NO,NO,0
10157,31469,31470,2018,0,0,-0.241248,-78.534643,PICHINCHA,QUITO,QUITO,URBANA,2018-02-08,03:20:00,3,JUEVES,4,FEBRERO,2,NO,"CONDUCIR DESATENTO A LAS CONDICIONES DE TRANSITO (CELULAR, PANTALLAS DE VIDEO, COMIDA, MAQUILLAJE O CUALQUIER OTRO ELEMENTO DISTRACTOR).",ESTRELLAMIENTOS,AUTOMOVIL,1,0,0,0,0,0,0,0,0,0,0,0,0,1,-1,NO IDENTIFICADO,NO IDENTIFICADO,CONDUCTOR AUSENTE,NO,NO,2
10158,31471,31472,2018,0,0,-0.306937,-78.546295,PICHINCHA,QUITO,QUITO,URBANA,2018-02-08,05:00:00,5,JUEVES,4,FEBRERO,2,NO,"CONDUCIR EN ESTADO DE SOMNOLENCIA O MALAS CONDICIONES FISICAS (SUENIO, CANSANCIO Y FATIGA).",ESTRELLAMIENTOS,AUTOMOVIL,1,0,0,0,0,0,0,0,0,0,0,0,0,1,49,HOMBRE,ILESO,CONDUCTOR PRESENTE,NO,NO,0
10159,31477,31478,2018,1,0,-0.281792,-78.534407,PICHINCHA,QUITO,QUITO,URBANA,2018-02-08,07:30:00,7,JUEVES,4,FEBRERO,2,NO,CONDUCIR VEHICULO SUPERANDO LOS LIMITES MAXIMOS DE VELOCIDAD.,ATROPELLOS,MOTOCICLETA,0,0,0,0,0,0,0,0,1,0,0,0,0,1,22,MUJER,LESIONADO,PEATON,NO,NO,0
10160,31479,31480,2018,1,0,-0.147045,-78.492234,PICHINCHA,QUITO,QUITO,URBANA,2018-02-08,07:52:00,7,JUEVES,4,FEBRERO,2,NO,"FALLA MECANICA EN LOS SISTEMAS Y/O NEUMATICOS (SISTEMA DE FRENOS, DIRECCION, ELECTRONICO O MECANICO).",PERDIDA DE PISTA,MOTOCICLETA,0,0,0,0,0,0,0,0,1,0,0,0,0,1,43,HOMBRE,LESIONADO,CONDUCTOR PRESENTE,NO,NO,0
10161,31480,31481,2018,1,0,-0.190711,-78.485763,PICHINCHA,QUITO,QUITO,URBANA,2018-02-08,09:10:00,9,JUEVES,4,FEBRERO,2,NO,"CONDUCIR DESATENTO A LAS CONDICIONES DE TRANSITO (CELULAR, PANTALLAS DE VIDEO, COMIDA, MAQUILLAJE O CUALQUIER OTRO ELEMENTO DISTRACTOR).",ATROPELLOS,NO IDENTIFICADO,0,0,0,0,0,0,0,0,0,1,0,0,0,1,22,MUJER,LESIONADO,PEATON,NO,NO,0
10162,31487,31488,2018,0,0,-0.271358,-78.535029,PICHINCHA,QUITO,QUITO,URBANA,2018-02-08,13:40:00,13,JUEVES,4,FEBRERO,2,NO,"NO RESPETAR LAS SENIALES REGLAMENTARIAS DE TRANSITO. (PARE, CEDA EL PASO, LUZ ROJA DEL SEMAFORO, ETC).",ATROPELLOS,AUTOMOVIL,1,0,0,0,0,0,0,0,0,0,0,0,0,1,29,MUJER,ILESO,CONDUCTOR PRESENTE,NO,NO,0
10163,31490,31491,2018,1,0,-0.210558,-78.386186,PICHINCHA,QUITO,TUMBACO,URBANA,2018-02-08,13:55:00,13,JUEVES,4,FEBRERO,2,NO,BAJARSE O SUBIRSE DE VEHICULOS EN MOVIMIENTO SIN TOMAR LAS PRECAUCIONES DEBIDAS.,CAIDA DE PASAJERO,BUS,0,0,1,0,0,0,0,0,0,0,0,0,0,1,15,HOMBRE,LESIONADO,PASAJERO,NO,NO,0
10164,31494,31495,2018,1,0,-0.202961,-78.504445,PICHINCHA,QUITO,QUITO,URBANA,2018-02-08,14:45:00,14,JUEVES,4,FEBRERO,2,NO,"CONDUCIR DESATENTO A LAS CONDICIONES DE TRANSITO (CELULAR, PANTALLAS DE VIDEO, COMIDA, MAQUILLAJE O CUALQUIER OTRO ELEMENTO DISTRACTOR).",ESTRELLAMIENTOS,AUTOMOVIL,1,0,0,0,0,0,0,0,0,0,0,0,0,1,74,HOMBRE,LESIONADO,CONDUCTOR PRESENTE,NO,NO,0
10165,31499,31500,2018,0,0,-0.327124,-78.550467,PICHINCHA,QUITO,QUITO,URBANA,2018-02-08,15:40:00,15,JUEVES,4,FEBRERO,2,NO,"CONDUCE BAJO LA INFLUENCIA DE ALCOHOL, SUSTANCIAS ESTUPEFACIENTES O PSICOTROPICAS Y/O MEDICAMENTOS.",CHOQUE LATERAL,MOTOCICLETA,0,0,1,0,0,0,0,0,1,0,0,0,0,2,29,HOMBRE,ILESO,CONDUCTOR PRESENTE,NO,NO,0
10166,31505,31506,2018,0,0,-0.321645,-78.564612,PICHINCHA,QUITO,QUITO,URBANA,2018-02-08,17:14:00,17,JUEVES,4,FEBRERO,2,NO,"NO RESPETAR LAS SENIALES REGLAMENTARIAS DE TRANSITO. (PARE, CEDA EL PASO, LUZ ROJA DEL SEMAFORO, ETC).",CHOQUE LATERAL,AUTOMOVIL,2,0,0,0,0,0,0,0,0,0,0,0,0,2,30,HOMBRE,ILESO,CONDUCTOR PRESENTE,NO,NO,0
10167,31508,31509,2018,1,0,-0.177282,-78.359537,PICHINCHA,QUITO,PUEMBO,URBANA,2018-02-08,17:45:00,17,JUEVES,4,FEBRERO,2,NO,"NO RESPETAR LAS SENIALES REGLAMENTARIAS DE TRANSITO. (PARE, CEDA EL PASO, LUZ ROJA DEL SEMAFORO, ETC).",ATROPELLOS,NO IDENTIFICADO,0,0,0,0,0,0,0,0,0,1,0,0,0,1,25,HOMBRE,LESIONADO,PEATON,NO,NO,0