,Unnamed: 0,ID,ANIO,LESIONADOS,FALLECIDOS,LATITUD_Y,LONGITUD_X,PROVINCIA,CANTON,PARROQUIA,ZONA,FECHA,HORA,PERIODO_2,DIA_1,DIA_2,MES_1,MES_2,FERIADO,CAUSA_PROBABLE,TIPO_DE_SINIESTRO,TIPO_DE_VEHICULO_1,AUTOMOVIL,BICICLETA,BUS,CAMION,CAMIONETA,EMERGENCIAS,ESPECIAL,FURGONETA,MOTOCICLETA,NO_IDENTIFICADO,SCOOTER_ELECTRICO,TRICIMOTO,VEHICULO_DEPORTIVO_UTILITARIO,SUMA_DE_VEHICULOS,EDAD_1,SEXO_1,CONDICION_1,PARTICIPANTE_1,CASCO_1,CINTURON_1,KMeans_Cluster
10449,32488,32489,2018,0,1,-0.253751,-78.511894,PICHINCHA,QUITO,QUITO,URBANA,2018-02-21,19:15:00,19,MIERCOLES,3,FEBRERO,2,NO,PEATON QUE CRUZA LA CALZADA SIN RESPETAR LA SENIALIZACION EXISTENTE (SEMAFOROS O SENIALES MANUALES).,ARROLLAMIENTOS,NO IDENTIFICADO,0,0,0,0,0,0,0,0,0,1,0,0,0,1,16,HOMBRE,FALLECIDO,PEATON,NO,NO,0
10450,32492,32493,2018,1,0,-0.088884,-78.439915,PICHINCHA,QUITO,CALDERON (CARAPUNGO),URBANA,2018-02-21,21:15:00,21,MIERCOLES,3,FEBRERO,2,NO,"CONDUCIR DESATENTO A LAS CONDICIONES DE TRANSITO (CELULAR, PANTALLAS DE VIDEO, COMIDA, MAQUILLAJE O CUALQUIER OTRO ELEMENTO DISTRACTOR).",ESTRELLAMIENTOS,MOTOCICLETA,1,0,0,0,0,0,0,0,1,1,0,0,0,3,17,HOMBRE,LESIONADO,PASAJERO,NO,NO,0
10451,32493,32494,2018,0,0,-0.334396,-78.559311,PICHINCHA,QUITO,QUITO,URBANA,2018-02-21,21:20:00,21,MIERCOLES,3,FEBRERO,2,NO,CONDUCIR VEHICULO SUPERANDO LOS LIMITES MAXIMOS DE VELOCIDAD.,ESTRELLAMIENTOS,NO IDENTIFICADO,0,0,0,0,0,0,0,0,0,1,0,0,0,1,-1,NO IDENTIFICADO,NO IDENTIFICADO,CONDUCTOR AUSENTE,NO,NO,2
10452,32495,32496,2018,0,0,-0.040861,-78.282923,PICHINCHA,CAYAMBE,SANTA ROSA DE CUZUBAMBA,RURAL,2018-02-21,22:10:00,22,MIERCOLES,3,FEBRERO,2,NO,"CONDUCIR DESATENTO A LAS CONDICIONES DE TRANSITO (CELULAR, PANTALLAS DE VIDEO, COMIDA, MAQUILLAJE O CUALQUIER OTRO ELEMENTO DISTRACTOR).",PERDIDA DE CARRIL,CAMION,0,0,0,1,0,0,0,0,0,0,0,0,0,1,58,HOMBRE,ILESO,CONDUCTOR PRESENTE,NO,NO,3
10453,32501,32502,2018,1,0,-0.088387,-78.434452,PICHINCHA,QUITO,CALDERON (CARAPUNGO),URBANA,2018-02-22,00:15:00,0,JUEVES,4,FEBRERO,2,NO,NO CEDER EL DERECHO DE VIA O PREFERENCIA DE PASO AL PEATON.,ATROPELLOS,NO IDENTIFICADO,0,0,0,0,0,0,0,0,0,1,0,0,0,1,24,HOMBRE,LESIONADO,PEATON,NO,NO,0
10454,32502,32503,2018,1,0,-0.191929,-78.506603,PICHINCHA,QUITO,QUITO,URBANA,2018-02-22,00:30:00,0,JUEVES,4,FEBRERO,2,NO,"CONDUCIR EN ESTADO DE SOMNOLENCIA O MALAS CONDICIONES FISICAS (SUENIO, CANSANCIO Y FATIGA).",OTROS,NO IDENTIFICADO,0,0,0,0,0,0,0,0,0,1,0,0,0,1,15,HOMBRE,LESIONADO,PEATON,NO,NO,0
10455,32503,32504,2018,0,0,-0.203767,-78.494771,PICHINCHA,QUITO,QUITO,URBANA,2018-02-22,01:35:00,1,JUEVES,4,FEBRERO,2,NO,CONDUCIR VEHICULO SUPERANDO LOS LIMITES MAXIMOS DE VELOCIDAD.,ESTRELLAMIENTOS,AUTOMOVIL,1,0,0,0,0,0,0,0,0,0,0,0,0,1,-1,NO IDENTIFICADO,NO IDENTIFICADO,CONDUCTOR AUSENTE,NO,NO,2
10456,32507,32508,2018,0,0,-0.196394,-78.431637,PICHINCHA,QUITO,CUMBAYA,URBANA,2018-02-22,04:45:00,4,JUEVES,4,FEBRERO,2,NO,CONDUCIR VEHICULO SUPERANDO LOS LIMITES MAXIMOS DE VELOCIDAD.,ESTRELLAMIENTOS,NO IDENTIFICADO,0,0,0,0,0,0,0,0,0,1,0,0,0,1,-1,NO IDENTIFICADO,NO IDENTIFICADO,CONDUCTOR AUSENTE,NO,NO,2
10457,32509,32510,2018,0,0,-0.156855,-78.488296,PICHINCHA,QUITO,QUITO,URBANA,2018-02-22,05:32:00,5,JUEVES,4,FEBRERO,2,NO,"CONDICIONES AMBIENTALES Y/O ATMOSFERICAS (NIEBLA, NEBLINA, GRANIZO, LLUVIA).",PERDIDA DE PISTA,AUTOMOVIL,1,0,0,0,0,0,0,0,0,0,0,0,0,1,-1,NO IDENTIFICADO,NO IDENTIFICADO,CONDUCTOR AUSENTE,NO,NO,2
10458,32510,32511,2018,0,0,-0.255843,-78.514325,PICHINCHA,QUITO,QUITO,URBANA,2018-02-22,06:00:00,6,JUEVES,4,FEBRERO,2,NO,"NO RESPETAR LAS SENIALES REGLAMENTARIAS DE TRANSITO. (PARE, CEDA EL PASO, LUZ ROJA DEL SEMAFORO, ETC).",OTROS,MOTOCICLETA,0,0,0,0,0,0,0,0,1,0,0,0,0,1,-1,NO IDENTIFICADO,NO IDENTIFICADO,CONDUCTOR AUSENTE,NO,NO,2
10459,32511,32512,2018,0,0,-0.102876,-78.473614,PICHINCHA,QUITO,QUITO,URBANA,2018-02-22,06:50:00,6,JUEVES,4,FEBRERO,2,NO,"CONDICIONES AMBIENTALES Y/O ATMOSFERICAS (NIEBLA, NEBLINA, GRANIZO, LLUVIA).",CHOQUE LATERAL,BUS,1,0,1,0,0,0,0,0,0,0,0,0,0,2,35,HOMBRE,ILESO,CONDUCTOR PRESENTE,NO,NO,0
10460,32512,32513,2018,1,0,-0.288806,-78.527938,PICHINCHA,QUITO,QUITO,URBANA,2018-02-22,06:50:00,6,JUEVES,4,FEBRERO,2,NO,"NO RESPETAR LAS SENIALES REGLAMENTARIAS DE TRANSITO. (PARE, CEDA EL PASO, LUZ ROJA DEL SEMAFORO, ETC).",ATROPELLOS,NO IDENTIFICADO,0,0,0,0,0,0,0,0,0,1,0,0,0,1,-1,NO IDENTIFICADO,LESIONADO,PEATON,NO,NO,0
10461,32513,32514,2018,0,0,-0.255892,-78.514324,PICHINCHA,QUITO,QUITO,URBANA,2018-02-22,07:00:00,7,JUEVES,4,FEBRERO,2,NO,"CONDUCIR DESATENTO A LAS CONDICIONES DE TRANSITO (CELULAR, PANTALLAS DE VIDEO, COMIDA, MAQUILLAJE O CUALQUIER OTRO ELEMENTO DISTRACTOR).",CHOQUE LATERAL,CAMIONETA,1,0,0,0,1,0,0,0,0,0,0,0,0,2,37,HOMBRE,ILESO,CONDUCTOR PRESENTE,NO,NO,0
10462,32514,32515,2018,0,0,-0.094421,-78.403086,PICHINCHA,QUITO,CALDERON (CARAPUNGO),RURAL,2018-02-22,07:10:00,7,JUEVES,4,FEBRERO,2,NO,"CONDICIONES AMBIENTALES Y/O ATMOSFERICAS (NIEBLA, NEBLINA, GRANIZO, LLUVIA).",PERDIDA DE PISTA,VEHICULO DEPORTIVO UTILITARIO,0,0,0,0,0,0,0,0,0,0,0,0,1,1,47,HOMBRE,ILESO,CONDUCTOR PRESENTE,NO,NO,3
10463,32518,32519,2018,0,0,-0.145612,-78.491635,PICHINCHA,QUITO,QUITO,URBANA,2018-02-22,07:50:00,7,JUEVES,4,FEBRERO,2,NO,"FALLA MECANICA EN LOS SISTEMAS Y/O NEUMATICOS (SISTEMA DE FRENOS, DIRECCION, ELECTRONICO O MECANICO).",ROZAMIENTOS,BUS,1,0,1,0,0,0,0,0,0,0,0,0,0,2,35,HOMBRE,ILESO,CONDUCTOR PRESENTE,NO,NO,0
10464,32519,32520,2018,0,0,-0.241964,-78.520934,PICHINCHA,QUITO,QUITO,URBANA,2018-02-22,08:00:00,8,JUEVES,4,FEBRERO,2,NO,"NO RESPETAR LAS SENIALES REGLAMENTARIAS DE TRANSITO. (PARE, CEDA EL PASO, LUZ ROJA DEL SEMAFORO, ETC).",CHOQUE LATERAL,AUTOMOVIL,2,0,0,0,0,0,0,0,0,0,0,0,0,2,30,HOMBRE,ILESO,CONDUCTOR PRESENTE,NO,NO,0
10465,32520,32521,2018,0,0,-0.201311,-78.499601,PICHINCHA,QUITO,QUITO,URBANA,2018-02-22,08:10:00,8,JUEVES,4,FEBRERO,2,NO,"CONDICIONES AMBIENTALES Y/O ATMOSFERICAS (NIEBLA, NEBLINA, GRANIZO, LLUVIA).",ESTRELLAMIENTOS,AUTOMOVIL,2,0,0,1,0,0,0,0,0,0,0,0,0,3,39,HOMBRE,ILESO,CONDUCTOR PRESENTE,NO,NO,0
10466,32524,32525,2018,1,0,-0.188521,-78.448241,PICHINCHA,QUITO,NAYON,URBANA,2018-02-22,08:45:00,8,JUEVES,4,FEBRERO,2,NO,"CONDUCIR DESATENTO A LAS CONDICIONES DE TRANSITO (CELULAR, PANTALLAS DE VIDEO, COMIDA, MAQUILLAJE O CUALQUIER OTRO ELEMENTO DISTRACTOR).",ATROPELLOS,NO IDENTIFICADO,0,0,0,0,0,0,0,0,0,1,0,0,0,1,32,HOMBRE,LESIONADO,PEATON,NO,NO,0
10467,32527,32528,2018,0,0,-0.194237,-78.498802,PICHINCHA,QUITO,QUITO,URBANA,2018-02-22,09:04:00,9,JUEVES,4,FEBRERO,2,NO,"CONDICIONES AMBIENTALES Y/O ATMOSFERICAS (NIEBLA, NEBLINA, GRANIZO, LLUVIA).",COLISION,AUTOMOVIL,2,0,0,0,1,0,0,0,0,0,0,0,0,3,32,HOMBRE,ILESO,CONDUCTOR PRESENTE,NO,NO,0
10468,32528,32529,2018,0,0,-0.164593,-78.482017,PICHINCHA,QUITO,QUITO,URBANA,2018-02-22,09:22:00,9,JUEVES,4,FEBRERO,2,NO,"NO RESPETAR LAS SENIALES REGLAMENTARIAS DE TRANSITO. (PARE, CEDA EL PASO, LUZ ROJA DEL SEMAFORO, ETC).",OTROS,AUTOMOVIL,3,0,0,0,0,0,0,0,0,0,0,0,0,3,36,HOMBRE,ILESO,CONDUCTOR PRESENTE,NO,NO,0
10469,32530,32531,2018,0,0,-0.204095,-78.458081,PICHINCHA,QUITO,QUITO,URBANA,2018-02-22,09:30:00,9,JUEVES,4,FEBRERO,2,NO,CONDUCIR VEHICULO SUPERANDO LOS LIMITES MAXIMOS DE VELOCIDAD.,PERDIDA DE PISTA,MOTOCICLETA,0,0,0,0,0,0,0,0,1,0,0,0,0,1,24,HOMBRE,ILESO,CONDUCTOR PRESENTE,NO,NO,0
10470,32531,32532,2018,1,0,-0.223301,-78.487751,PICHINCHA,QUITO,QUITO,URBANA,2018-02-22,09:35:00,9,JUEVES,4,FEBRERO,2,NO,"CONDICIONES AMBIENTALES Y/O ATMOSFERICAS (NIEBLA, NEBLINA, GRANIZO, LLUVIA).",COLISION,AUTOMOVIL,1,0,1,0,1,0,0,0,0,0,0,0,0,3,50,HOMBRE,LESIONADO,PASAJERO,NO,NO,0
10471,32532,32533,2018,0,0,-0.046891,-78.340929,PICHINCHA,QUITO,GUAYLLABAMBA,RURAL,2018-02-22,09:40:00,9,JUEVES,4,FEBRERO,2,NO,NO GUARDAR LA DISTANCIA LATERAL MINIMA DE SEGURIDAD ENTRE VEHICULOS.,CHOQUE LATERAL,CAMIONETA,1,0,0,0,1,0,0,0,0,0,0,0,0,2,57,HOMBRE,ILESO,CONDUCTOR PRESENTE,NO,NO,3
10472,32533,32534,2018,1,1,-0.242071,-78.521024,PICHINCHA,QUITO,QUITO,URBANA,2018-02-22,09:45:00,9,JUEVES,4,FEBRERO,2,NO,"CONDUCIR DESATENTO A LAS CONDICIONES DE TRANSITO (CELULAR, PANTALLAS DE VIDEO, COMIDA, MAQUILLAJE O CUALQUIER OTRO ELEMENTO DISTRACTOR).",CHOQUE LATERAL,MOTOCICLETA,1,0,0,0,0,0,0,0,1,0,0,0,0,2,28,MUJER,FALLECIDO,CONDUCTOR PRESENTE,NO,NO,0
10473,32535,32536,2018,1,0,-0.278263,-78.527712,PICHINCHA,QUITO,QUITO,URBANA,2018-02-22,12:10:00,12,JUEVES,4,FEBRERO,2,NO,"CONDUCIR DESATENTO A LAS CONDICIONES DE TRANSITO (CELULAR, PANTALLAS DE VIDEO, COMIDA, MAQUILLAJE O CUALQUIER OTRO ELEMENTO DISTRACTOR).",ATROPELLOS,NO IDENTIFICADO,0,0,0,0,0,0,0,0,0,1,0,0,0,1,4,HOMBRE,LESIONADO,PEATON,NO,NO,0
10474,32536,32537,2018,1,0,-0.214032,-78.483811,PICHINCHA,QUITO,QUITO,URBANA,2018-02-22,12:20:00,12,JUEVES,4,FEBRERO,2,NO,PEATON QUE CRUZA LA CALZADA SIN RESPETAR LA SENIALIZACION EXISTENTE (SEMAFOROS O SENIALES MANUALES).,ATROPELLOS,AUTOMOVIL,1,0,0,0,0,0,0,0,0,0,0,0,0,1,64,MUJER,LESIONADO,PEATON,NO,NO,0
10475,32537,32538,2018,0,0,-0.090858,-78.475839,PICHINCHA,QUITO,QUITO,URBANA,2018-02-22,12:33:00,12,JUEVES,4,FEBRERO,2,NO,NO GUARDAR LA DISTANCIA LATERAL MINIMA DE SEGURIDAD ENTRE VEHICULOS.,ROZAMIENTOS,AUTOMOVIL,2,0,0,0,0,0,0,0,0,0,0,0,0,2,23,MUJER,ILESO,CONDUCTOR PRESENTE,NO,NO,0
10476,32538,32539,2018,1,0,-0.246821,-78.534871,PICHINCHA,QUITO,QUITO,URBANA,2018-02-22,12:45:00,12,JUEVES,4,FEBRERO,2,NO,CONDUCIR VEHICULO SUPERANDO LOS LIMITES MAXIMOS DE VELOCIDAD.,CAIDA DE PASAJERO,NO IDENTIFICADO,0,0,0,0,0,0,0,0,0,1,0,0,0,1,12,MUJER,LESIONADO,PASAJERO,NO,NO,0
10477,32541,32542,2018,0,0,-0.212914,-78.485087,PICHINCHA,QUITO,QUITO,URBANA,2018-02-22,13:40:00,13,JUEVES,4,FEBRERO,2,NO,NO CEDER EL DERECHO DE VIA O PREFERENCIA DE PASO A VEHICULOS.,CHOQUE LATERAL,AUTOMOVIL,2,0,0,0,0,0,0,0,0,0,0,0,0,2,46,MUJER,ILESO,CONDUCTOR PRESENTE,NO,NO,0
10478,32543,32544,2018,0,0,-0.191775,-78.459723,PICHINCHA,QUITO,QUITO,URBANA,2018-02-22,14:20:00,14,JUEVES,4,FEBRERO,2,NO,"CONDUCIR DESATENTO A LAS CONDICIONES DE TRANSITO (CELULAR, PANTALLAS DE VIDEO, COMIDA, MAQUILLAJE O CUALQUIER OTRO ELEMENTO DISTRACTOR).",ESTRELLAMIENTOS,AUTOMOVIL,1,0,0,0,0,0,0,0,0,0,0,0,0,1,19,HOMBRE,ILESO,CONDUCTOR PRESENTE,NO,NO,0
10479,32545,32546,2018,0,0,-0.299621,-78.524243,PICHINCHA,QUITO,QUITO,URBANA,2018-02-22,14:28:00,14,JUEVES,4,FEBRERO,2,NO,NO MANTENER LA DISTANCIA PRUDENCIAL CON RESPECTO AL VEHICULO QUE LE ANTECEDE.,CHOQUE POSTERIOR,AUTOMOVIL,2,0,0,0,0,0,0,0,0,0,0,0,0,2,41,HOMBRE,ILESO,CONDUCTOR PRESENTE,NO,NO,0
10480,32553,32554,2018,2,0,-0.238284,-78.529617,PICHINCHA,QUITO,QUITO,URBANA,2018-02-22,17:15:00,17,JUEVES,4,FEBRERO,2,NO,CONDUCIR VEHICULO SUPERANDO LOS LIMITES MAXIMOS DE VELOCIDAD.,ATROPELLOS,BUS,0,0,1,0,0,0,0,0,0,0,0,0,0,1,32,HOMBRE,LESIONADO,PASAJERO,NO,NO,0
10481,32558,32559,2018,1,0,-0.334997,-78.559591,PICHINCHA,QUITO,QUITO,URBANA,2018-02-22,18:30:00,18,JUEVES,4,FEBRERO,2,NO,"NO RESPETAR LAS SENIALES REGLAMENTARIAS DE TRANSITO. (PARE, CEDA EL PASO, LUZ ROJA DEL SEMAFORO, ETC).",ATROPELLOS,AUTOMOVIL,1,0,0,0,0,0,0,0,0,0,0,0,0,1,11,MUJER,LESIONADO,PEATON,NO,NO,0
10482,32561,32562,2018,0,0,-0.292724,-78.476486,PICHINCHA,QUITO,CONOCOTO,URBANA,2018-02-22,19:00:00,19,JUEVES,4,FEBRERO,2,NO,"CONDICIONES AMBIENTALES Y/O ATMOSFERICAS (NIEBLA, NEBLINA, GRANIZO, LLUVIA).",COLISION,AUTOMOVIL,3,0,0,0,0,0,0,0,0,0,0,0,0,3,28,MUJER,ILESO,CONDUCTOR PRESENTE,NO,NO,0
10483,32566,32567,2018,0,1,-0.331895,-78.554775,PICHINCHA,QUITO,QUITO,URBANA,2018-02-22,20:20:00,20,JUEVES,4,FEBRERO,2,NO,NO TRANSITAR POR LAS ACERAS O ZONAS DE SEGURIDAD DESTINADAS PARA EL EFECTO.,ATROPELLOS,NO IDENTIFICADO,0,0,0,0,0,0,0,0,0,1,0,0,0,1,70,MUJER,FALLECIDO,PEATON,NO,NO,0
10484,32567,32568,2018,0,0,-0.300057,-78.523941,PICHINCHA,QUITO,QUITO,URBANA,2018-02-22,20:30:00,20,JUEVES,4,FEBRERO,2,NO,"CONDUCE BAJO LA INFLUENCIA DE ALCOHOL, SUSTANCIAS ESTUPEFACIENTES O PSICOTROPICAS Y/O MEDICAMENTOS.",CHOQUE LATERAL,AUTOMOVIL,2,0,0,0,0,0,0,0,0,0,0,0,0,2,38,HOMBRE,ILESO,CONDUCTOR PRESENTE,NO,NO,0
10485,32571,32572,2018,0,0,-0.346046,-78.436657,PICHINCHA,RUMINIAHUI,SANGOLQUI,URBANA,2018-02-22,22:00:00,22,JUEVES,4,FEBRERO,2,NO,"CONDUCIR DESATENTO A LAS CONDICIONES DE TRANSITO (CELULAR, PANTALLAS DE VIDEO, COMIDA, MAQUILLAJE O CUALQUIER OTRO ELEMENTO DISTRACTOR).",COLISION,CAMIONETA,0,0,0,1,1,0,1,0,0,0,0,0,0,3,37,HOMBRE,ILESO,CONDUCTOR PRESENTE,NO,NO,0
10486,32572,32573,2018,0,0,-0.172139,-78.491241,PICHINCHA,QUITO,QUITO,URBANA,2018-02-22,22:25:00,22,JUEVES,4,FEBRERO,2,NO,"CONDUCE BAJO LA INFLUENCIA DE ALCOHOL, SUSTANCIAS ESTUPEFACIENTES O PSICOTROPICAS Y/O MEDICAMENTOS.",CHOQUE LATERAL,AUTOMOVIL,2,0,0,0,0,0,0,0,0,0,0,0,0,2,27,HOMBRE,ILESO,CONDUCTOR PRESENTE,NO,NO,0
10487,32574,32575,2018,1,0,-0.237756,-78.528261,PICHINCHA,QUITO,QUITO,URBANA,2018-02-22,22:45:00,22,JUEVES,4,FEBRERO,2,NO,"NO RESPETAR LAS SENIALES REGLAMENTARIAS DE TRANSITO. (PARE, CEDA EL PASO, LUZ ROJA DEL SEMAFORO, ETC).",ATROPELLOS,NO IDENTIFICADO,0,0,0,0,0,0,0,0,0,1,0,0,0,1,62,HOMBRE,LESIONADO,PEATON,NO,NO,0
10488,32576,32577,2018,0,0,-0.337491,-78.444285,PICHINCHA,RUMINIAHUI,SANGOLQUI,URBANA,2018-02-22,23:10:00,23,JUEVES,4,FEBRERO,2,NO,"CONDUCE BAJO LA INFLUENCIA DE ALCOHOL, SUSTANCIAS ESTUPEFACIENTES O PSICOTROPICAS Y/O MEDICAMENTOS.",CHOQUE FRONTAL,CAMION,1,0,0,1,0,0,0,0,0,0,0,0,0,2,28,MUJER,ILESO,CONDUCTOR PRESENTE,NO,NO,0
10489,32577,32578,2018,0,0,-0.192321,-78.483475,PICHINCHA,QUITO,QUITO,URBANA,2018-02-22,23:20:00,23,JUEVES,4,FEBRERO,2,NO,"CONDICIONES AMBIENTALES Y/O ATMOSFERICAS (NIEBLA, NEBLINA, GRANIZO, LLUVIA).",CHOQUE LATERAL,AUTOMOVIL,2,0,0,0,0,0,0,0,0,0,0,0,0,2,26,HOMBRE,ILESO,CONDUCTOR PRESENTE,NO,NO,0
10490,32578,32579,2018,0,0,-0.087553,-78.390727,PICHINCHA,QUITO,CALDERON (CARAPUNGO),RURAL,2018-02-22,23:30:00,23,JUEVES,4,FEBRERO,2,NO,"CONDUCIR DESATENTO A LAS CONDICIONES DE TRANSITO (CELULAR, PANTALLAS DE VIDEO, COMIDA, MAQUILLAJE O CUALQUIER OTRO ELEMENTO DISTRACTOR).",PERDIDA DE CARRIL,CAMIONETA,0,0,0,0,1,0,0,0,0,0,0,0,0,1,-1,NO IDENTIFICADO,NO IDENTIFICADO,CONDUCTOR AUSENTE,NO,NO,2
10491,32581,32582,2018,0,0,-0.102745,-78.489172,PICHINCHA,QUITO,QUITO,URBANA,2018-02-23,01:30:00,1,VIERNES,5,FEBRERO,2,NO,"CONDUCIR DESATENTO A LAS CONDICIONES DE TRANSITO (CELULAR, PANTALLAS DE VIDEO, COMIDA, MAQUILLAJE O CUALQUIER OTRO ELEMENTO DISTRACTOR).",ESTRELLAMIENTOS,AUTOMOVIL,1,0,0,0,0,0,0,0,0,0,0,0,0,1,-1,NO IDENTIFICADO,NO IDENTIFICADO,CONDUCTOR AUSENTE,NO,NO,2
10492,32584,32585,2018,1,0,-0.136061,-78.472482,PICHINCHA,QUITO,QUITO,URBANA,2018-02-23,05:30:00,5,VIERNES,5,FEBRERO,2,NO,"CONDICIONES AMBIENTALES Y/O ATMOSFERICAS (NIEBLA, NEBLINA, GRANIZO, LLUVIA).",ESTRELLAMIENTOS,AUTOMOVIL,1,0,0,0,0,0,0,0,0,0,0,0,0,1,25,HOMBRE,LESIONADO,CONDUCTOR PRESENTE,NO,NO,0
10493,32585,32586,2018,0,0,-0.291412,-78.464843,PICHINCHA,QUITO,CONOCOTO,URBANA,2018-02-23,05:35:00,5,VIERNES,5,FEBRERO,2,NO,"CONDUCIR DESATENTO A LAS CONDICIONES DE TRANSITO (CELULAR, PANTALLAS DE VIDEO, COMIDA, MAQUILLAJE O CUALQUIER OTRO ELEMENTO DISTRACTOR).",ESTRELLAMIENTOS,AUTOMOVIL,1,0,0,0,0,0,0,0,0,0,0,0,0,1,-1,NO IDENTIFICADO,NO IDENTIFICADO,CONDUCTOR AUSENTE,NO,NO,2
10494,32586,32587,2018,0,0,-0.061461,-78.361887,PICHINCHA,QUITO,GUAYLLABAMBA,URBANA,2018-02-23,06:15:00,6,VIERNES,5,FEBRERO,2,NO,NO GUARDAR LA DISTANCIA LATERAL MINIMA DE SEGURIDAD ENTRE VEHICULOS.,CHOQUE LATERAL,CAMION,1,0,0,1,0,0,0,0,0,0,0,0,0,2,56,HOMBRE,ILESO,CONDUCTOR PRESENTE,NO,NO,0
10495,32588,32589,2018,0,0,-0.274379,-78.546368,PICHINCHA,QUITO,QUITO,URBANA,2018-02-23,06:20:00,6,VIERNES,5,FEBRERO,2,NO,"CONDUCE BAJO LA INFLUENCIA DE ALCOHOL, SUSTANCIAS ESTUPEFACIENTES O PSICOTROPICAS Y/O MEDICAMENTOS.",CHOQUE POSTERIOR,CAMIONETA,1,0,0,0,1,0,0,0,0,0,0,0,0,2,34,HOMBRE,ILESO,CONDUCTOR PRESENTE,NO,NO,0
10496,32589,32590,2018,1,0,-0.314177,-78.457792,PICHINCHA,RUMINIAHUI,SANGOLQUI,URBANA,2018-02-23,06:30:00,6,VIERNES,5,FEBRERO,2,NO,"CONDUCE BAJO LA INFLUENCIA DE ALCOHOL, SUSTANCIAS ESTUPEFACIENTES O PSICOTROPICAS Y/O MEDICAMENTOS.",COLISION,AUTOMOVIL,2,0,0,0,1,0,0,0,0,0,0,0,0,3,62,MUJER,LESIONADO,CONDUCTOR PRESENTE,NO,NO,0
10497,32590,32591,2018,0,0,-0.007181,-78.444259,PICHINCHA,QUITO,SAN ANTONIO (QUITO),URBANA,2018-02-23,06:50:00,6,VIERNES,5,FEBRERO,2,NO,CONDUCIR VEHICULO SUPERANDO LOS LIMITES MAXIMOS DE VELOCIDAD.,ESTRELLAMIENTOS,AUTOMOVIL,1,0,0,0,0,0,0,0,0,0,0,0,0,1,33,MUJER,ILESO,CONDUCTOR PRESENTE,NO,NO,0
10498,32592,32593,2018,1,0,-0.310539,-78.562369,PICHINCHA,QUITO,QUITO,URBANA,2018-02-23,07:20:00,7,VIERNES,5,FEBRERO,2,NO,"NO RESPETAR LAS SENIALES REGLAMENTARIAS DE TRANSITO. (PARE, CEDA EL PASO, LUZ ROJA DEL SEMAFORO, ETC).",ATROPELLOS,NO IDENTIFICADO,0,0,0,0,0,0,0,0,0,1,0,0,0,1,35,MUJER,LESIONADO,PEATON,NO,NO,0
10499,32593,32594,2018,1,0,-0.087831,-78.427875,PICHINCHA,QUITO,CALDERON (CARAPUNGO),URBANA,2018-02-23,07:25:00,7,VIERNES,5,FEBRERO,2,NO,"CONDICIONES AMBIENTALES Y/O ATMOSFERICAS (NIEBLA, NEBLINA, GRANIZO, LLUVIA).",CHOQUE LATERAL,AUTOMOVIL,2,0,0,0,0,0,0,0,0,0,0,0,0,2,37,MUJER,LESIONADO,CONDUCTOR PRESENTE,NO,NO,0
10500,32594,32595,2018,1,0,-0.233462,-78.513883,PICHINCHA,QUITO,QUITO,URBANA,2018-02-23,07:30:00,7,VIERNES,5,FEBRERO,2,NO,CONDUCIR VEHICULO SUPERANDO LOS LIMITES MAXIMOS DE VELOCIDAD.,OTROS,CAMIONETA,2,0,0,0,1,0,0,0,0,0,0,0,0,3,34,MUJER,LESIONADO,CONDUCTOR PRESENTE,NO,NO,0
10501,32598,32599,2018,1,0,-0.155604,-78.351422,PICHINCHA,QUITO,TABABELA,URBANA,2018-02-23,08:05:00,8,VIERNES,5,FEBRERO,2,NO,CONDUCIR VEHICULO SUPERANDO LOS LIMITES MAXIMOS DE VELOCIDAD.,ESTRELLAMIENTOS,AUTOMOVIL,1,0,0,0,0,0,0,0,0,0,0,0,0,1,38,HOMBRE,LESIONADO,CONDUCTOR PRESENTE,NO,NO,0
10502,32608,32609,2018,0,0,-0.232134,-78.505358,PICHINCHA,QUITO,QUITO,URBANA,2018-02-23,10:30:00,10,VIERNES,5,FEBRERO,2,NO,"CONDUCIR DESATENTO A LAS CONDICIONES DE TRANSITO (CELULAR, PANTALLAS DE VIDEO, COMIDA, MAQUILLAJE O CUALQUIER OTRO ELEMENTO DISTRACTOR).",COLISION,AUTOMOVIL,4,0,0,0,0,0,0,0,0,0,0,0,0,4,41,HOMBRE,ILESO,CONDUCTOR PRESENTE,NO,NO,0
10503,32609,32610,2018,0,0,0.011151,-78.283611,PICHINCHA,PEDRO MONCAYO,TOCACHI,RURAL,2018-02-23,10:30:00,10,VIERNES,5,FEBRERO,2,NO,"CONDUCIR DESATENTO A LAS CONDICIONES DE TRANSITO (CELULAR, PANTALLAS DE VIDEO, COMIDA, MAQUILLAJE O CUALQUIER OTRO ELEMENTO DISTRACTOR).",PERDIDA DE PISTA,VEHICULO DEPORTIVO UTILITARIO,0,0,0,0,0,0,0,0,0,0,0,0,1,1,71,HOMBRE,ILESO,CONDUCTOR PRESENTE,NO,NO,3