,Unnamed: 0,ID,ANIO,LESIONADOS,FALLECIDOS,LATITUD_Y,LONGITUD_X,PROVINCIA,CANTON,PARROQUIA,ZONA,FECHA,HORA,PERIODO_2,DIA_1,DIA_2,MES_1,MES_2,FERIADO,CAUSA_PROBABLE,TIPO_DE_SINIESTRO,TIPO_DE_VEHICULO_1,AUTOMOVIL,BICICLETA,BUS,CAMION,CAMIONETA,EMERGENCIAS,ESPECIAL,FURGONETA,MOTOCICLETA,NO_IDENTIFICADO,SCOOTER_ELECTRICO,TRICIMOTO,VEHICULO_DEPORTIVO_UTILITARIO,SUMA_DE_VEHICULOS,EDAD_1,SEXO_1,CONDICION_1,PARTICIPANTE_1,CASCO_1,CINTURON_1,KMeans_Cluster
10504,32610,32611,2018,0,1,0.084616,-78.147209,PICHINCHA,CAYAMBE,SAN JOSE DE AYORA,RURAL,2018-02-23,11:00:00,11,VIERNES,5,FEBRERO,2,NO,NO GUARDAR LA DISTANCIA LATERAL MINIMA DE SEGURIDAD ENTRE VEHICULOS.,CHOQUE LATERAL,VEHICULO DEPORTIVO UTILITARIO,0,0,0,1,0,0,0,0,0,0,0,0,1,2,56,MUJER,FALLECIDO,PASAJERO,NO,NO,3
10505,32613,32614,2018,0,0,-0.148485,-78.481911,PICHINCHA,QUITO,QUITO,URBANA,2018-02-23,11:45:00,11,VIERNES,5,FEBRERO,2,NO,"CONDICIONES AMBIENTALES Y/O ATMOSFERICAS (NIEBLA, NEBLINA, GRANIZO, LLUVIA).",CHOQUE LATERAL,AUTOMOVIL,2,0,0,0,0,0,0,0,0,0,0,0,0,2,75,HOMBRE,ILESO,CONDUCTOR PRESENTE,NO,NO,0
10506,32615,32616,2018,0,0,-0.146917,-78.491263,PICHINCHA,QUITO,QUITO,URBANA,2018-02-23,12:45:00,12,VIERNES,5,FEBRERO,2,NO,"CONDUCIR DESATENTO A LAS CONDICIONES DE TRANSITO (CELULAR, PANTALLAS DE VIDEO, COMIDA, MAQUILLAJE O CUALQUIER OTRO ELEMENTO DISTRACTOR).",ESTRELLAMIENTOS,AUTOMOVIL,1,0,0,0,0,0,0,0,0,0,0,0,0,1,-1,NO IDENTIFICADO,NO IDENTIFICADO,CONDUCTOR AUSENTE,NO,NO,2
10507,32616,32617,2018,0,0,-0.374443,-78.483621,PICHINCHA,QUITO,AMAGUANIA,URBANA,2018-02-23,13:00:00,13,VIERNES,5,FEBRERO,2,NO,"CONDUCIR DESATENTO A LAS CONDICIONES DE TRANSITO (CELULAR, PANTALLAS DE VIDEO, COMIDA, MAQUILLAJE O CUALQUIER OTRO ELEMENTO DISTRACTOR).",ESTRELLAMIENTOS,CAMIONETA,0,0,0,0,1,0,0,0,0,0,0,0,0,1,-1,NO IDENTIFICADO,NO IDENTIFICADO,CONDUCTOR AUSENTE,NO,NO,2
10508,32623,32624,2018,1,0,-0.134245,-78.503806,PICHINCHA,QUITO,QUITO,URBANA,2018-02-23,15:15:00,15,VIERNES,5,FEBRERO,2,NO,"CONDUCIR DESATENTO A LAS CONDICIONES DE TRANSITO (CELULAR, PANTALLAS DE VIDEO, COMIDA, MAQUILLAJE O CUALQUIER OTRO ELEMENTO DISTRACTOR).",CHOQUE POSTERIOR,MOTOCICLETA,0,0,0,0,1,0,0,0,1,0,0,0,0,2,29,HOMBRE,LESIONADO,CONDUCTOR PRESENTE,NO,NO,0
10509,32624,32625,2018,0,0,-0.188449,-78.482084,PICHINCHA,QUITO,QUITO,URBANA,2018-02-23,16:30:00,16,VIERNES,5,FEBRERO,2,NO,"NO RESPETAR LAS SENIALES REGLAMENTARIAS DE TRANSITO. (PARE, CEDA EL PASO, LUZ ROJA DEL SEMAFORO, ETC).",CHOQUE LATERAL,AUTOMOVIL,1,0,0,0,0,0,0,0,0,1,0,0,0,2,55,MUJER,ILESO,CONDUCTOR PRESENTE,NO,NO,0
10510,32630,32631,2018,0,0,-0.253741,-78.404888,PICHINCHA,QUITO,TUMBACO,URBANA,2018-02-23,17:00:00,17,VIERNES,5,FEBRERO,2,NO,"CONDUCIR DESATENTO A LAS CONDICIONES DE TRANSITO (CELULAR, PANTALLAS DE VIDEO, COMIDA, MAQUILLAJE O CUALQUIER OTRO ELEMENTO DISTRACTOR).",CHOQUE POSTERIOR,AUTOMOVIL,1,0,0,0,0,0,0,0,0,0,0,0,0,1,30,HOMBRE,ILESO,CONDUCTOR PRESENTE,NO,NO,0
10511,32635,32636,2018,1,0,-0.217427,-78.511526,PICHINCHA,QUITO,QUITO,URBANA,2018-02-23,17:30:00,17,VIERNES,5,FEBRERO,2,NO,PEATON QUE CRUZA LA CALZADA SIN RESPETAR LA SENIALIZACION EXISTENTE (SEMAFOROS O SENIALES MANUALES).,ATROPELLOS,CAMIONETA,0,0,0,0,1,0,0,0,0,0,0,0,0,1,53,HOMBRE,LESIONADO,PEATON,NO,NO,0
10512,32640,32641,2018,1,0,-0.099871,-78.500079,PICHINCHA,QUITO,QUITO,URBANA,2018-02-23,18:01:00,18,VIERNES,5,FEBRERO,2,NO,"CONDUCIR DESATENTO A LAS CONDICIONES DE TRANSITO (CELULAR, PANTALLAS DE VIDEO, COMIDA, MAQUILLAJE O CUALQUIER OTRO ELEMENTO DISTRACTOR).",CHOQUE POSTERIOR,VEHICULO DEPORTIVO UTILITARIO,0,0,0,0,0,0,0,0,0,0,0,0,1,1,23,MUJER,LESIONADO,PASAJERO,NO,NO,0
10513,32642,32643,2018,0,0,-0.205352,-78.487911,PICHINCHA,QUITO,QUITO,URBANA,2018-02-23,18:20:00,18,VIERNES,5,FEBRERO,2,NO,"CONDUCIR DESATENTO A LAS CONDICIONES DE TRANSITO (CELULAR, PANTALLAS DE VIDEO, COMIDA, MAQUILLAJE O CUALQUIER OTRO ELEMENTO DISTRACTOR).",CHOQUE LATERAL,AUTOMOVIL,1,0,0,0,0,0,0,0,0,1,0,0,0,2,26,MUJER,ILESO,CONDUCTOR PRESENTE,NO,NO,0
10514,32648,32649,2018,1,0,-0.246694,-78.486708,PICHINCHA,QUITO,QUITO,URBANA,2018-02-23,19:40:00,19,VIERNES,5,FEBRERO,2,NO,PEATON QUE CRUZA LA CALZADA SIN RESPETAR LA SENIALIZACION EXISTENTE (SEMAFOROS O SENIALES MANUALES).,ATROPELLOS,BUS,1,0,1,0,0,0,0,0,0,0,0,0,0,2,16,HOMBRE,LESIONADO,PASAJERO,NO,NO,0
10515,32650,32651,2018,1,0,-0.123894,-78.504251,PICHINCHA,QUITO,QUITO,URBANA,2018-02-23,20:41:00,20,VIERNES,5,FEBRERO,2,NO,"CONDUCIR DESATENTO A LAS CONDICIONES DE TRANSITO (CELULAR, PANTALLAS DE VIDEO, COMIDA, MAQUILLAJE O CUALQUIER OTRO ELEMENTO DISTRACTOR).",CHOQUE LATERAL,MOTOCICLETA,0,0,0,0,0,0,0,0,1,0,0,0,0,1,34,HOMBRE,LESIONADO,PASAJERO,NO,NO,0
10516,32651,32652,2018,1,1,-0.460102,-78.563592,PICHINCHA,MEJIA,MACHACHI,RURAL,2018-02-23,21:40:00,21,VIERNES,5,FEBRERO,2,NO,"CONDUCIR DESATENTO A LAS CONDICIONES DE TRANSITO (CELULAR, PANTALLAS DE VIDEO, COMIDA, MAQUILLAJE O CUALQUIER OTRO ELEMENTO DISTRACTOR).",CHOQUE POSTERIOR,MOTOCICLETA,0,0,0,0,0,0,0,0,1,0,0,0,0,1,35,HOMBRE,FALLECIDO,CONDUCTOR PRESENTE,NO,NO,3
10517,32654,32655,2018,0,0,-0.273245,-78.495402,PICHINCHA,QUITO,CONOCOTO,URBANA,2018-02-23,22:30:00,22,VIERNES,5,FEBRERO,2,NO,CONDUCIR VEHICULO SUPERANDO LOS LIMITES MAXIMOS DE VELOCIDAD.,ESTRELLAMIENTOS,AUTOMOVIL,1,0,0,0,0,0,0,0,0,0,0,0,0,1,-1,NO IDENTIFICADO,NO IDENTIFICADO,CONDUCTOR AUSENTE,NO,NO,2
10518,32655,32656,2018,0,0,-0.329352,-78.544372,PICHINCHA,QUITO,QUITO,URBANA,2018-02-23,22:30:00,22,VIERNES,5,FEBRERO,2,NO,"NO RESPETAR LAS SENIALES REGLAMENTARIAS DE TRANSITO. (PARE, CEDA EL PASO, LUZ ROJA DEL SEMAFORO, ETC).",ESTRELLAMIENTOS,AUTOMOVIL,1,0,0,0,0,0,0,0,0,0,0,0,0,1,-1,NO IDENTIFICADO,NO IDENTIFICADO,CONDUCTOR AUSENTE,NO,NO,2
10519,32656,32657,2018,2,0,-0.329227,-78.550451,PICHINCHA,QUITO,QUITO,URBANA,2018-02-23,22:40:00,22,VIERNES,5,FEBRERO,2,NO,NO CEDER EL DERECHO DE VIA O PREFERENCIA DE PASO AL PEATON.,ATROPELLOS,NO IDENTIFICADO,0,0,0,0,0,0,0,0,0,1,0,0,0,1,42,HOMBRE,LESIONADO,PEATON,NO,NO,0
10520,32659,32660,2018,0,0,-0.410563,-78.547475,PICHINCHA,MEJIA,TAMBILLO (MEJIA),RURAL,2018-02-23,23:00:00,23,VIERNES,5,FEBRERO,2,NO,NO TRANSITAR POR LAS ACERAS O ZONAS DE SEGURIDAD DESTINADAS PARA EL EFECTO.,ARROLLAMIENTOS,NO IDENTIFICADO,0,0,0,0,0,0,0,0,0,1,0,0,0,1,-1,NO IDENTIFICADO,NO IDENTIFICADO,CONDUCTOR AUSENTE,NO,NO,2
10521,32662,32663,2018,0,0,-0.150343,-78.484071,PICHINCHA,QUITO,QUITO,URBANA,2018-02-23,23:57:00,23,VIERNES,5,FEBRERO,2,NO,NO GUARDAR LA DISTANCIA LATERAL MINIMA DE SEGURIDAD ENTRE VEHICULOS.,ROZAMIENTOS,AUTOMOVIL,1,0,1,0,0,0,0,0,0,0,0,0,0,2,36,HOMBRE,ILESO,CONDUCTOR PRESENTE,NO,NO,0
10522,32663,32664,2018,0,1,-0.220156,-78.353467,PICHINCHA,QUITO,PIFO,URBANA,2018-02-24,00:30:00,0,SABADO,6,FEBRERO,2,NO,"CONDUCIR EN ESTADO DE SOMNOLENCIA O MALAS CONDICIONES FISICAS (SUENIO, CANSANCIO Y FATIGA).",ESTRELLAMIENTOS,MOTOCICLETA,0,0,0,0,0,0,0,0,1,0,0,0,0,1,25,HOMBRE,FALLECIDO,CONDUCTOR PRESENTE,NO,NO,0
10523,32668,32669,2018,0,0,-0.197273,-78.492047,PICHINCHA,QUITO,QUITO,URBANA,2018-02-24,02:15:00,2,SABADO,6,FEBRERO,2,NO,CONDUCIR VEHICULO SUPERANDO LOS LIMITES MAXIMOS DE VELOCIDAD.,ESTRELLAMIENTOS,CAMION,0,0,0,1,0,0,0,0,0,0,0,0,0,1,-1,NO IDENTIFICADO,NO IDENTIFICADO,CONDUCTOR AUSENTE,NO,NO,2
10524,32669,32670,2018,0,1,0.045161,-78.220149,PICHINCHA,PEDRO MONCAYO,TABACUNDO,URBANA,2018-02-24,02:15:00,2,SABADO,6,FEBRERO,2,NO,NO TRANSITAR POR LAS ACERAS O ZONAS DE SEGURIDAD DESTINADAS PARA EL EFECTO.,ATROPELLOS,NO IDENTIFICADO,0,0,0,0,0,0,0,0,0,1,0,0,0,1,-1,HOMBRE,FALLECIDO,CONDUCTOR PRESENTE,NO,NO,0
10525,32670,32671,2018,0,0,-0.274331,-78.561689,PICHINCHA,QUITO,QUITO,URBANA,2018-02-24,02:20:00,2,SABADO,6,FEBRERO,2,NO,CONDUCIR VEHICULO SUPERANDO LOS LIMITES MAXIMOS DE VELOCIDAD.,ESTRELLAMIENTOS,AUTOMOVIL,1,0,0,0,0,0,0,0,0,0,0,0,0,1,-1,NO IDENTIFICADO,NO IDENTIFICADO,CONDUCTOR AUSENTE,NO,NO,2
10526,32671,32672,2018,0,0,-0.342628,-78.551106,PICHINCHA,QUITO,QUITO,URBANA,2018-02-24,03:55:00,3,SABADO,6,FEBRERO,2,NO,CONDUCIR VEHICULO SUPERANDO LOS LIMITES MAXIMOS DE VELOCIDAD.,ESTRELLAMIENTOS,CAMION,0,0,0,1,0,0,0,0,0,0,0,0,0,1,-1,NO IDENTIFICADO,NO IDENTIFICADO,CONDUCTOR AUSENTE,NO,NO,2
10527,32675,32676,2018,0,0,-0.141441,-78.497202,PICHINCHA,QUITO,QUITO,URBANA,2018-02-24,06:15:00,6,SABADO,6,FEBRERO,2,NO,"NO RESPETAR LAS SENIALES REGLAMENTARIAS DE TRANSITO. (PARE, CEDA EL PASO, LUZ ROJA DEL SEMAFORO, ETC).",ESTRELLAMIENTOS,AUTOMOVIL,1,0,0,0,0,0,0,0,0,0,0,0,0,1,-1,NO IDENTIFICADO,NO IDENTIFICADO,CONDUCTOR AUSENTE,NO,NO,2
10528,32679,32680,2018,1,0,-0.144711,-78.474669,PICHINCHA,QUITO,QUITO,URBANA,2018-02-24,07:45:00,7,SABADO,6,FEBRERO,2,NO,NO TRANSITAR POR LAS ACERAS O ZONAS DE SEGURIDAD DESTINADAS PARA EL EFECTO.,ATROPELLOS,NO IDENTIFICADO,0,0,0,0,0,0,0,0,0,1,0,0,0,1,84,HOMBRE,LESIONADO,PEATON,NO,NO,0
10529,32681,32682,2018,0,0,-0.083091,-78.389353,PICHINCHA,QUITO,CALDERON (CARAPUNGO),RURAL,2018-02-24,08:35:00,8,SABADO,6,FEBRERO,2,NO,"CONDUCIR DESATENTO A LAS CONDICIONES DE TRANSITO (CELULAR, PANTALLAS DE VIDEO, COMIDA, MAQUILLAJE O CUALQUIER OTRO ELEMENTO DISTRACTOR).",PERDIDA DE CARRIL,VEHICULO DEPORTIVO UTILITARIO,0,0,0,0,0,0,0,0,0,0,0,0,2,2,38,MUJER,ILESO,CONDUCTOR PRESENTE,NO,NO,3
10530,32682,32683,2018,1,0,-0.221993,-78.508263,PICHINCHA,QUITO,QUITO,URBANA,2018-02-24,08:50:00,8,SABADO,6,FEBRERO,2,NO,"NO RESPETAR LAS SENIALES REGLAMENTARIAS DE TRANSITO. (PARE, CEDA EL PASO, LUZ ROJA DEL SEMAFORO, ETC).",ATROPELLOS,NO IDENTIFICADO,0,0,0,0,0,0,0,0,0,1,0,0,0,1,80,HOMBRE,LESIONADO,PEATON,NO,NO,0
10531,32685,32686,2018,0,0,-0.164227,-78.489553,PICHINCHA,QUITO,QUITO,URBANA,2018-02-24,10:00:00,10,SABADO,6,FEBRERO,2,NO,"CONDICIONES AMBIENTALES Y/O ATMOSFERICAS (NIEBLA, NEBLINA, GRANIZO, LLUVIA).",CHOQUE POSTERIOR,AUTOMOVIL,2,0,0,0,0,0,0,0,0,0,0,0,0,2,49,MUJER,ILESO,CONDUCTOR PRESENTE,NO,NO,0
10532,32688,32689,2018,1,0,-0.149769,-78.475809,PICHINCHA,QUITO,QUITO,URBANA,2018-02-24,11:00:00,11,SABADO,6,FEBRERO,2,NO,NO GUARDAR LA DISTANCIA LATERAL MINIMA DE SEGURIDAD ENTRE VEHICULOS.,ROZAMIENTOS,MOTOCICLETA,1,0,0,0,0,0,0,0,1,0,0,0,0,2,31,HOMBRE,LESIONADO,CONDUCTOR PRESENTE,NO,NO,0
10533,32689,32690,2018,1,0,-0.257453,-78.523387,PICHINCHA,QUITO,QUITO,URBANA,2018-02-24,11:30:00,11,SABADO,6,FEBRERO,2,NO,NO CEDER EL DERECHO DE VIA O PREFERENCIA DE PASO A VEHICULOS.,CHOQUE LATERAL,BICICLETA,1,1,0,0,0,0,0,0,0,0,0,0,0,2,16,HOMBRE,LESIONADO,CONDUCTOR PRESENTE,NO,NO,0
10534,32690,32691,2018,1,0,-0.172247,-78.490177,PICHINCHA,QUITO,QUITO,URBANA,2018-02-24,11:40:00,11,SABADO,6,FEBRERO,2,NO,NO MANTENER LA DISTANCIA PRUDENCIAL CON RESPECTO AL VEHICULO QUE LE ANTECEDE.,CHOQUE POSTERIOR,AUTOMOVIL,1,0,0,0,0,0,0,0,0,0,0,0,0,1,37,HOMBRE,LESIONADO,CONDUCTOR PRESENTE,NO,NO,0
10535,32694,32695,2018,0,0,-0.237491,-78.483775,PICHINCHA,QUITO,QUITO,URBANA,2018-02-24,12:30:00,12,SABADO,6,FEBRERO,2,NO,"CONDUCIR DESATENTO A LAS CONDICIONES DE TRANSITO (CELULAR, PANTALLAS DE VIDEO, COMIDA, MAQUILLAJE O CUALQUIER OTRO ELEMENTO DISTRACTOR).",CHOQUE POSTERIOR,AUTOMOVIL,1,0,0,0,0,0,0,0,0,0,0,0,0,1,53,HOMBRE,ILESO,CONDUCTOR PRESENTE,NO,NO,0
10536,32695,32696,2018,0,0,-0.289119,-78.539014,PICHINCHA,QUITO,QUITO,URBANA,2018-02-24,12:30:00,12,SABADO,6,FEBRERO,2,NO,"NO RESPETAR LAS SENIALES REGLAMENTARIAS DE TRANSITO. (PARE, CEDA EL PASO, LUZ ROJA DEL SEMAFORO, ETC).",OTROS,AUTOMOVIL,2,0,0,0,0,0,0,0,0,0,0,0,0,2,32,HOMBRE,ILESO,CONDUCTOR PRESENTE,NO,NO,0
10537,32696,32697,2018,1,0,-0.250717,-78.598667,PICHINCHA,QUITO,LLOA,URBANA,2018-02-24,13:30:00,13,SABADO,6,FEBRERO,2,NO,"CONDUCIR EN ESTADO DE SOMNOLENCIA O MALAS CONDICIONES FISICAS (SUENIO, CANSANCIO Y FATIGA).",ESTRELLAMIENTOS,NO IDENTIFICADO,0,0,0,0,0,0,0,0,0,1,0,0,0,1,47,HOMBRE,LESIONADO,CONDUCTOR PRESENTE,NO,NO,0
10538,32698,32699,2018,0,0,-0.110991,-78.489716,PICHINCHA,QUITO,QUITO,URBANA,2018-02-24,13:45:00,13,SABADO,6,FEBRERO,2,NO,BAJARSE O SUBIRSE DE VEHICULOS EN MOVIMIENTO SIN TOMAR LAS PRECAUCIONES DEBIDAS.,CAIDA DE PASAJERO,BUS,0,0,1,0,0,0,0,0,0,0,0,0,0,1,27,HOMBRE,ILESO,CONDUCTOR PRESENTE,NO,NO,0
10539,32700,32701,2018,1,0,-0.274875,-78.536351,PICHINCHA,QUITO,QUITO,URBANA,2018-02-24,14:30:00,14,SABADO,6,FEBRERO,2,NO,"NO RESPETAR LAS SENIALES REGLAMENTARIAS DE TRANSITO. (PARE, CEDA EL PASO, LUZ ROJA DEL SEMAFORO, ETC).",ATROPELLOS,NO IDENTIFICADO,0,0,0,0,0,0,0,0,0,1,0,0,0,1,5,HOMBRE,LESIONADO,PEATON,NO,NO,0
10540,32710,32711,2018,1,0,-0.334458,-78.570436,PICHINCHA,QUITO,QUITO,URBANA,2018-02-24,17:45:00,17,SABADO,6,FEBRERO,2,NO,"NO RESPETAR LAS SENIALES REGLAMENTARIAS DE TRANSITO. (PARE, CEDA EL PASO, LUZ ROJA DEL SEMAFORO, ETC).",ATROPELLOS,AUTOMOVIL,1,0,0,0,0,0,0,0,0,0,0,0,0,1,40,HOMBRE,LESIONADO,PEATON,NO,NO,0
10541,32711,32712,2018,1,0,0.070204,-78.121121,PICHINCHA,CAYAMBE,SAN JOSE DE AYORA,URBANA,2018-02-24,18:05:00,18,SABADO,6,FEBRERO,2,NO,"CONDUCIR DESATENTO A LAS CONDICIONES DE TRANSITO (CELULAR, PANTALLAS DE VIDEO, COMIDA, MAQUILLAJE O CUALQUIER OTRO ELEMENTO DISTRACTOR).",PERDIDA DE PISTA,AUTOMOVIL,1,0,0,0,0,0,0,0,0,0,0,0,0,1,40,HOMBRE,LESIONADO,PEATON,NO,NO,0
10542,32712,32713,2018,0,0,-0.102405,-78.450212,PICHINCHA,QUITO,CALDERON (CARAPUNGO),URBANA,2018-02-24,18:10:00,18,SABADO,6,FEBRERO,2,NO,NO CEDER EL DERECHO DE VIA O PREFERENCIA DE PASO A VEHICULOS.,CHOQUE LATERAL,AUTOMOVIL,2,0,0,0,0,0,0,0,0,0,0,0,0,2,35,HOMBRE,ILESO,CONDUCTOR PRESENTE,NO,NO,0
10543,32716,32717,2018,1,0,-0.269891,-78.535244,PICHINCHA,QUITO,QUITO,URBANA,2018-02-24,18:40:00,18,SABADO,6,FEBRERO,2,NO,DEJAR O RECOGER PASAJEROS EN LUGARES NO PERMITIDOS.,CAIDA DE PASAJERO,NO IDENTIFICADO,0,0,0,0,0,0,0,0,0,1,0,0,0,1,80,MUJER,LESIONADO,PEATON,NO,NO,0
10544,32719,32720,2018,1,0,-0.237512,-78.509121,PICHINCHA,QUITO,QUITO,URBANA,2018-02-24,19:15:00,19,SABADO,6,FEBRERO,2,NO,"PRESENCIA DE AGENTES EXTERNOS EN LA VIA (AGUA, ACEITE, PIEDRA, LASTRE, ESCOMBROS, MADEROS, ETC.).",VOLCAMIENTOS,NO IDENTIFICADO,0,0,0,0,0,0,0,0,0,1,0,0,0,1,23,HOMBRE,LESIONADO,CONDUCTOR PRESENTE,NO,NO,0
10545,32727,32728,2018,1,0,-0.249809,-78.531069,PICHINCHA,QUITO,QUITO,URBANA,2018-02-24,21:55:00,21,SABADO,6,FEBRERO,2,NO,DEJAR O RECOGER PASAJEROS EN LUGARES NO PERMITIDOS.,CAIDA DE PASAJERO,NO IDENTIFICADO,0,0,0,0,0,0,0,0,0,1,0,0,0,1,44,HOMBRE,LESIONADO,PASAJERO,NO,NO,0
10546,32728,32729,2018,1,0,-0.102489,-78.492789,PICHINCHA,QUITO,QUITO,URBANA,2018-02-24,22:00:00,22,SABADO,6,FEBRERO,2,NO,"FALLA MECANICA EN LOS SISTEMAS Y/O NEUMATICOS (SISTEMA DE FRENOS, DIRECCION, ELECTRONICO O MECANICO).",PERDIDA DE PISTA,MOTOCICLETA,0,0,0,0,0,0,0,0,1,0,0,0,0,1,27,HOMBRE,LESIONADO,CONDUCTOR PRESENTE,NO,NO,0
10547,32730,32731,2018,0,0,-0.278846,-78.547812,PICHINCHA,QUITO,QUITO,URBANA,2018-02-24,22:15:00,22,SABADO,6,FEBRERO,2,NO,"CONDUCIR DESATENTO A LAS CONDICIONES DE TRANSITO (CELULAR, PANTALLAS DE VIDEO, COMIDA, MAQUILLAJE O CUALQUIER OTRO ELEMENTO DISTRACTOR).",ESTRELLAMIENTOS,NO IDENTIFICADO,0,0,0,0,0,0,0,0,0,1,0,0,0,1,-1,NO IDENTIFICADO,NO IDENTIFICADO,CONDUCTOR AUSENTE,NO,NO,2
10548,32731,32732,2018,1,0,-0.344807,-78.454842,PICHINCHA,RUMINIAHUI,SANGOLQUI,URBANA,2018-02-24,22:20:00,22,SABADO,6,FEBRERO,2,NO,NO GUARDAR LA DISTANCIA LATERAL MINIMA DE SEGURIDAD ENTRE VEHICULOS.,CHOQUE LATERAL,MOTOCICLETA,0,0,0,0,0,0,0,0,1,0,0,0,0,1,23,HOMBRE,LESIONADO,CONDUCTOR PRESENTE,NO,NO,0
10549,32735,32736,2018,0,0,-0.301612,-78.465486,PICHINCHA,QUITO,CONOCOTO,URBANA,2018-02-25,00:03:00,0,DOMINGO,7,FEBRERO,2,NO,"CONDUCE BAJO LA INFLUENCIA DE ALCOHOL, SUSTANCIAS ESTUPEFACIENTES O PSICOTROPICAS Y/O MEDICAMENTOS.",CHOQUE LATERAL,AUTOMOVIL,1,0,0,0,0,0,0,1,0,0,0,0,0,2,34,HOMBRE,ILESO,CONDUCTOR PRESENTE,NO,NO,0
10550,32736,32737,2018,0,0,-0.211082,-78.519044,PICHINCHA,QUITO,QUITO,URBANA,2018-02-25,00:03:00,0,DOMINGO,7,FEBRERO,2,NO,"CONDUCE BAJO LA INFLUENCIA DE ALCOHOL, SUSTANCIAS ESTUPEFACIENTES O PSICOTROPICAS Y/O MEDICAMENTOS.",ESTRELLAMIENTOS,AUTOMOVIL,1,0,0,0,0,0,0,0,0,0,0,0,0,1,32,HOMBRE,ILESO,CONDUCTOR PRESENTE,NO,NO,0
10551,32737,32738,2018,0,0,-0.162321,-78.487977,PICHINCHA,QUITO,QUITO,URBANA,2018-02-25,00:05:00,0,DOMINGO,7,FEBRERO,2,NO,CONDUCIR VEHICULO SUPERANDO LOS LIMITES MAXIMOS DE VELOCIDAD.,ESTRELLAMIENTOS,AUTOMOVIL,1,0,0,0,0,0,0,0,0,0,0,0,0,1,-1,NO IDENTIFICADO,NO IDENTIFICADO,CONDUCTOR AUSENTE,NO,NO,2
10552,32739,32740,2018,1,0,-0.106869,-78.462025,PICHINCHA,QUITO,QUITO,URBANA,2018-02-25,00:25:00,0,DOMINGO,7,FEBRERO,2,NO,"CONDUCE BAJO LA INFLUENCIA DE ALCOHOL, SUSTANCIAS ESTUPEFACIENTES O PSICOTROPICAS Y/O MEDICAMENTOS.",COLISION,AUTOMOVIL,3,0,0,0,0,0,0,0,0,0,0,0,0,3,20,MUJER,LESIONADO,CONDUCTOR PRESENTE,NO,NO,2
10553,32743,32744,2018,0,0,-0.187467,-78.489845,PICHINCHA,QUITO,QUITO,URBANA,2018-02-25,02:08:00,2,DOMINGO,7,FEBRERO,2,NO,"CONDUCE BAJO LA INFLUENCIA DE ALCOHOL, SUSTANCIAS ESTUPEFACIENTES O PSICOTROPICAS Y/O MEDICAMENTOS.",COLISION,AUTOMOVIL,3,0,0,0,0,0,0,0,0,0,0,0,0,3,41,HOMBRE,ILESO,CONDUCTOR PRESENTE,NO,NO,0
10554,32745,32746,2018,0,0,-0.191835,-78.495334,PICHINCHA,QUITO,QUITO,URBANA,2018-02-25,02:40:00,2,DOMINGO,7,FEBRERO,2,NO,"CONDUCIR DESATENTO A LAS CONDICIONES DE TRANSITO (CELULAR, PANTALLAS DE VIDEO, COMIDA, MAQUILLAJE O CUALQUIER OTRO ELEMENTO DISTRACTOR).",ESTRELLAMIENTOS,AUTOMOVIL,1,0,0,0,0,0,0,0,0,0,0,0,0,1,-1,NO IDENTIFICADO,NO IDENTIFICADO,CONDUCTOR AUSENTE,NO,NO,2
10555,32746,32747,2018,0,0,-0.238011,-78.531263,PICHINCHA,QUITO,QUITO,URBANA,2018-02-25,02:45:00,2,DOMINGO,7,FEBRERO,2,NO,"CONDUCE BAJO LA INFLUENCIA DE ALCOHOL, SUSTANCIAS ESTUPEFACIENTES O PSICOTROPICAS Y/O MEDICAMENTOS.",COLISION,CAMIONETA,2,0,0,0,1,0,0,0,0,0,0,0,0,3,38,HOMBRE,ILESO,CONDUCTOR PRESENTE,NO,NO,0
10556,32749,32750,2018,0,0,-0.237919,-78.564094,PICHINCHA,QUITO,LLOA,URBANA,2018-02-25,03:00:00,3,DOMINGO,7,FEBRERO,2,NO,"CONDUCIR EN ESTADO DE SOMNOLENCIA O MALAS CONDICIONES FISICAS (SUENIO, CANSANCIO Y FATIGA).",ESTRELLAMIENTOS,AUTOMOVIL,1,0,0,0,0,0,0,0,0,0,0,0,0,1,31,HOMBRE,ILESO,CONDUCTOR PRESENTE,NO,NO,0
10557,32755,32756,2018,0,0,-0.063465,-78.425201,PICHINCHA,QUITO,CALDERON (CARAPUNGO),URBANA,2018-02-25,05:15:00,5,DOMINGO,7,FEBRERO,2,NO,CONDUCIR VEHICULO SUPERANDO LOS LIMITES MAXIMOS DE VELOCIDAD.,ESTRELLAMIENTOS,CAMIONETA,0,0,0,0,1,0,0,0,0,0,0,0,0,1,-1,NO IDENTIFICADO,NO IDENTIFICADO,CONDUCTOR AUSENTE,NO,NO,2
10558,32756,32757,2018,0,1,-0.510891,-78.574694,PICHINCHA,MEJIA,MACHACHI,RURAL,2018-02-25,05:15:00,5,DOMINGO,7,FEBRERO,2,NO,NO TRANSITAR POR LAS ACERAS O ZONAS DE SEGURIDAD DESTINADAS PARA EL EFECTO.,ARROLLAMIENTOS,NO IDENTIFICADO,0,0,0,0,0,0,0,0,0,1,0,0,0,1,44,HOMBRE,FALLECIDO,PEATON,NO,NO,3