,Unnamed: 0,ID,ANIO,LESIONADOS,FALLECIDOS,LATITUD_Y,LONGITUD_X,PROVINCIA,CANTON,PARROQUIA,ZONA,FECHA,HORA,PERIODO_2,DIA_1,DIA_2,MES_1,MES_2,FERIADO,CAUSA_PROBABLE,TIPO_DE_SINIESTRO,TIPO_DE_VEHICULO_1,AUTOMOVIL,BICICLETA,BUS,CAMION,CAMIONETA,EMERGENCIAS,ESPECIAL,FURGONETA,MOTOCICLETA,NO_IDENTIFICADO,SCOOTER_ELECTRICO,TRICIMOTO,VEHICULO_DEPORTIVO_UTILITARIO,SUMA_DE_VEHICULOS,EDAD_1,SEXO_1,CONDICION_1,PARTICIPANTE_1,CASCO_1,CINTURON_1,KMeans_Cluster
10559,32766,32767,2018,0,0,-0.215963,-78.404039,PICHINCHA,QUITO,TUMBACO,URBANA,2018-02-25,06:45:00,6,DOMINGO,7,FEBRERO,2,NO,"NO RESPETAR LAS SENIALES REGLAMENTARIAS DE TRANSITO. (PARE, CEDA EL PASO, LUZ ROJA DEL SEMAFORO, ETC).",CHOQUE LATERAL,AUTOMOVIL,2,0,0,0,0,0,0,0,0,0,0,0,0,2,23,HOMBRE,ILESO,CONDUCTOR PRESENTE,NO,NO,0
10560,32778,32779,2018,1,0,-0.243293,-78.501491,PICHINCHA,QUITO,QUITO,URBANA,2018-02-25,10:20:00,10,DOMINGO,7,FEBRERO,2,NO,CONDUCIR VEHICULO SUPERANDO LOS LIMITES MAXIMOS DE VELOCIDAD.,PERDIDA DE PISTA,MOTOCICLETA,0,0,0,0,0,0,0,0,1,0,0,0,0,1,35,HOMBRE,LESIONADO,CONDUCTOR PRESENTE,NO,NO,0
10561,32779,32780,2018,1,0,-0.307978,-78.561462,PICHINCHA,QUITO,QUITO,URBANA,2018-02-25,10:45:00,10,DOMINGO,7,FEBRERO,2,NO,"CONDUCE BAJO LA INFLUENCIA DE ALCOHOL, SUSTANCIAS ESTUPEFACIENTES O PSICOTROPICAS Y/O MEDICAMENTOS.",CHOQUE LATERAL,AUTOMOVIL,2,0,0,0,0,0,0,0,0,0,0,0,0,2,36,HOMBRE,LESIONADO,CONDUCTOR PRESENTE,NO,NO,0
10562,32783,32784,2018,0,0,-0.187699,-78.446671,PICHINCHA,QUITO,NAYON,URBANA,2018-02-25,12:05:00,12,DOMINGO,7,FEBRERO,2,NO,CONDUCIR VEHICULO SUPERANDO LOS LIMITES MAXIMOS DE VELOCIDAD.,CHOQUE FRONTAL,AUTOMOVIL,2,0,0,0,0,0,0,0,0,0,0,0,0,2,30,HOMBRE,ILESO,CONDUCTOR PRESENTE,NO,NO,0
10563,32791,32792,2018,1,0,0.002591,-78.498787,PICHINCHA,QUITO,CALACALI,URBANA,2018-02-25,14:45:00,14,DOMINGO,7,FEBRERO,2,NO,DEJAR O RECOGER PASAJEROS EN LUGARES NO PERMITIDOS.,CAIDA DE PASAJERO,BUS,0,0,1,0,0,0,0,0,0,0,0,0,0,1,14,HOMBRE,LESIONADO,PASAJERO,NO,NO,0
10564,32795,32796,2018,1,0,-0.195191,-78.517211,PICHINCHA,QUITO,QUITO,URBANA,2018-02-25,15:15:00,15,DOMINGO,7,FEBRERO,2,NO,CONDUCIR VEHICULO SUPERANDO LOS LIMITES MAXIMOS DE VELOCIDAD.,PERDIDA DE PISTA,MOTOCICLETA,0,0,0,0,0,0,0,0,1,0,0,0,0,1,21,HOMBRE,LESIONADO,PASAJERO,NO,NO,0
10565,32801,32802,2018,1,0,-0.332356,-78.560079,PICHINCHA,QUITO,QUITO,URBANA,2018-02-25,16:20:00,16,DOMINGO,7,FEBRERO,2,NO,NO CEDER EL DERECHO DE VIA O PREFERENCIA DE PASO AL PEATON.,ATROPELLOS,NO IDENTIFICADO,0,0,0,0,0,0,0,0,0,1,0,0,0,1,42,HOMBRE,LESIONADO,PEATON,NO,NO,0
10566,32807,32808,2018,1,0,-0.199993,-78.456933,PICHINCHA,QUITO,QUITO,URBANA,2018-02-25,17:50:00,17,DOMINGO,7,FEBRERO,2,NO,CONDUCIR VEHICULO SUPERANDO LOS LIMITES MAXIMOS DE VELOCIDAD.,ATROPELLOS,NO IDENTIFICADO,0,0,0,0,0,0,0,0,0,1,0,0,0,1,62,HOMBRE,LESIONADO,PEATON,NO,NO,0
10567,32813,32814,2018,0,0,-0.106566,-78.446326,PICHINCHA,QUITO,CALDERON (CARAPUNGO),URBANA,2018-02-25,19:00:00,19,DOMINGO,7,FEBRERO,2,NO,NO MANTENER LA DISTANCIA PRUDENCIAL CON RESPECTO AL VEHICULO QUE LE ANTECEDE.,CHOQUE POSTERIOR,CAMIONETA,1,0,0,0,1,0,0,0,0,0,0,0,0,2,62,HOMBRE,ILESO,CONDUCTOR PRESENTE,NO,NO,0
10568,32816,32817,2018,0,0,-0.545752,-78.585154,PICHINCHA,MEJIA,MACHACHI,RURAL,2018-02-25,20:10:00,20,DOMINGO,7,FEBRERO,2,NO,"CONDUCIR DESATENTO A LAS CONDICIONES DE TRANSITO (CELULAR, PANTALLAS DE VIDEO, COMIDA, MAQUILLAJE O CUALQUIER OTRO ELEMENTO DISTRACTOR).",CHOQUE POSTERIOR,VEHICULO DEPORTIVO UTILITARIO,1,0,0,0,0,0,0,0,0,0,0,0,1,2,29,MUJER,ILESO,CONDUCTOR PRESENTE,NO,NO,3
10569,32818,32819,2018,0,0,-0.249313,-78.526437,PICHINCHA,QUITO,QUITO,URBANA,2018-02-25,20:35:00,20,DOMINGO,7,FEBRERO,2,NO,"PRESENCIA DE AGENTES EXTERNOS EN LA VIA (AGUA, ACEITE, PIEDRA, LASTRE, ESCOMBROS, MADEROS, ETC.).",VOLCAMIENTOS,CAMIONETA,0,0,0,0,1,0,0,0,0,0,0,0,0,1,-1,NO IDENTIFICADO,NO IDENTIFICADO,CONDUCTOR AUSENTE,NO,NO,2
10570,32820,32821,2018,0,1,-0.239366,-78.333071,PICHINCHA,QUITO,PIFO,URBANA,2018-02-25,21:00:00,21,DOMINGO,7,FEBRERO,2,NO,"CONDUCIR DESATENTO A LAS CONDICIONES DE TRANSITO (CELULAR, PANTALLAS DE VIDEO, COMIDA, MAQUILLAJE O CUALQUIER OTRO ELEMENTO DISTRACTOR).",ATROPELLOS,AUTOMOVIL,1,0,0,0,0,0,0,0,0,0,0,0,0,1,28,HOMBRE,FALLECIDO,PEATON,NO,NO,0
10571,32822,32823,2018,4,0,-0.266425,-78.494591,PICHINCHA,QUITO,CONOCOTO,URBANA,2018-02-25,21:45:00,21,DOMINGO,7,FEBRERO,2,NO,NO CEDER EL DERECHO DE VIA O PREFERENCIA DE PASO A VEHICULOS.,CHOQUE LATERAL,AUTOMOVIL,3,0,0,0,0,0,0,0,0,0,0,0,0,3,74,HOMBRE,LESIONADO,CONDUCTOR PRESENTE,NO,NO,0
10572,32831,32832,2018,0,0,-0.105022,-78.464781,PICHINCHA,QUITO,QUITO,URBANA,2018-02-26,05:20:00,5,LUNES,1,FEBRERO,2,NO,CONDUCIR VEHICULO SUPERANDO LOS LIMITES MAXIMOS DE VELOCIDAD.,VOLCAMIENTOS,AUTOMOVIL,1,0,0,0,0,0,0,0,0,0,0,0,0,1,26,MUJER,ILESO,CONDUCTOR PRESENTE,NO,NO,0
10573,32832,32833,2018,0,0,-0.235352,-78.486622,PICHINCHA,QUITO,QUITO,URBANA,2018-02-26,05:50:00,5,LUNES,1,FEBRERO,2,NO,"CONDICIONES AMBIENTALES Y/O ATMOSFERICAS (NIEBLA, NEBLINA, GRANIZO, LLUVIA).",ESTRELLAMIENTOS,CAMIONETA,0,0,0,0,1,0,0,0,0,0,0,0,0,1,38,HOMBRE,ILESO,CONDUCTOR PRESENTE,NO,NO,0
10574,32837,32838,2018,0,0,-0.113509,-78.439162,PICHINCHA,QUITO,CALDERON (CARAPUNGO),URBANA,2018-02-26,07:15:00,7,LUNES,1,FEBRERO,2,NO,CONDUCIR VEHICULO SUPERANDO LOS LIMITES MAXIMOS DE VELOCIDAD.,ROZAMIENTOS,FURGONETA,0,0,1,0,0,0,0,1,0,0,0,0,0,2,60,HOMBRE,ILESO,CONDUCTOR PRESENTE,NO,NO,0
10575,32838,32839,2018,1,0,-0.120217,-78.482163,PICHINCHA,QUITO,QUITO,URBANA,2018-02-26,07:20:00,7,LUNES,1,FEBRERO,2,NO,"CONDICIONES AMBIENTALES Y/O ATMOSFERICAS (NIEBLA, NEBLINA, GRANIZO, LLUVIA).",PERDIDA DE PISTA,MOTOCICLETA,0,0,0,0,0,0,0,0,1,0,0,0,0,1,34,MUJER,LESIONADO,PASAJERO,NO,NO,0
10576,32841,32842,2018,1,0,-0.119326,-78.508945,PICHINCHA,QUITO,QUITO,URBANA,2018-02-26,08:10:00,8,LUNES,1,FEBRERO,2,NO,CONDUCIR VEHICULO SUPERANDO LOS LIMITES MAXIMOS DE VELOCIDAD.,CHOQUE LATERAL,MOTOCICLETA,1,0,0,0,0,0,0,0,1,0,0,0,0,2,45,MUJER,LESIONADO,PASAJERO,NO,NO,0
10577,32843,32844,2018,0,1,-0.244775,-78.518948,PICHINCHA,QUITO,QUITO,URBANA,2018-02-26,08:35:00,8,LUNES,1,FEBRERO,2,NO,NO GUARDAR LA DISTANCIA LATERAL MINIMA DE SEGURIDAD ENTRE VEHICULOS.,ROZAMIENTOS,BUS,2,0,1,0,0,0,0,0,0,0,0,0,0,3,66,HOMBRE,FALLECIDO,CONDUCTOR PRESENTE,NO,NO,0
10578,32844,32845,2018,1,0,-0.242061,-78.523109,PICHINCHA,QUITO,QUITO,URBANA,2018-02-26,08:40:00,8,LUNES,1,FEBRERO,2,NO,"NO RESPETAR LAS SENIALES REGLAMENTARIAS DE TRANSITO. (PARE, CEDA EL PASO, LUZ ROJA DEL SEMAFORO, ETC).",ATROPELLOS,MOTOCICLETA,0,0,0,0,0,0,0,0,1,0,0,0,0,1,68,MUJER,LESIONADO,PEATON,NO,NO,0
10579,32846,32847,2018,0,0,-0.094513,-78.475141,PICHINCHA,QUITO,QUITO,URBANA,2018-02-26,09:30:00,9,LUNES,1,FEBRERO,2,NO,CONDUCIR VEHICULO SUPERANDO LOS LIMITES MAXIMOS DE VELOCIDAD.,CHOQUE LATERAL,AUTOMOVIL,2,0,0,0,0,0,0,0,0,0,0,0,0,2,40,HOMBRE,ILESO,CONDUCTOR PRESENTE,NO,NO,0
10580,32849,32850,2018,0,0,-0.144672,-78.483282,PICHINCHA,QUITO,QUITO,URBANA,2018-02-26,10:25:00,10,LUNES,1,FEBRERO,2,NO,"CONDICIONES AMBIENTALES Y/O ATMOSFERICAS (NIEBLA, NEBLINA, GRANIZO, LLUVIA).",CHOQUE LATERAL,MOTOCICLETA,0,0,0,0,0,0,0,0,1,0,0,0,0,1,52,HOMBRE,ILESO,CONDUCTOR PRESENTE,NO,NO,0
10581,32850,32851,2018,0,0,-0.190918,-78.488291,PICHINCHA,QUITO,QUITO,URBANA,2018-02-26,11:00:00,11,LUNES,1,FEBRERO,2,NO,NO GUARDAR LA DISTANCIA LATERAL MINIMA DE SEGURIDAD ENTRE VEHICULOS.,ROZAMIENTOS,AUTOMOVIL,2,0,0,0,0,0,0,0,0,0,0,0,0,2,56,HOMBRE,ILESO,CONDUCTOR PRESENTE,NO,NO,0
10582,32851,32852,2018,0,0,-0.302972,-78.553421,PICHINCHA,QUITO,QUITO,URBANA,2018-02-26,11:00:00,11,LUNES,1,FEBRERO,2,NO,"CONDUCIR DESATENTO A LAS CONDICIONES DE TRANSITO (CELULAR, PANTALLAS DE VIDEO, COMIDA, MAQUILLAJE O CUALQUIER OTRO ELEMENTO DISTRACTOR).",CHOQUE LATERAL,AUTOMOVIL,1,0,1,0,0,0,0,0,0,0,0,0,0,2,43,MUJER,ILESO,CONDUCTOR PRESENTE,NO,NO,0
10583,32856,32857,2018,0,0,-0.291642,-78.558156,PICHINCHA,QUITO,QUITO,URBANA,2018-02-26,12:55:00,12,LUNES,1,FEBRERO,2,NO,NO MANTENER LA DISTANCIA PRUDENCIAL CON RESPECTO AL VEHICULO QUE LE ANTECEDE.,ESTRELLAMIENTOS,BUS,0,0,1,0,0,0,0,0,1,0,0,0,0,2,18,HOMBRE,ILESO,CONDUCTOR PRESENTE,NO,NO,0
10584,32858,32859,2018,0,0,-0.289884,-78.567603,PICHINCHA,QUITO,QUITO,URBANA,2018-02-26,15:15:00,15,LUNES,1,FEBRERO,2,NO,"CONDUCE BAJO LA INFLUENCIA DE ALCOHOL, SUSTANCIAS ESTUPEFACIENTES O PSICOTROPICAS Y/O MEDICAMENTOS.",ESTRELLAMIENTOS,AUTOMOVIL,1,0,0,0,1,0,0,0,0,0,0,0,0,2,42,HOMBRE,ILESO,CONDUCTOR PRESENTE,NO,NO,0
10585,32859,32860,2018,0,0,-0.256863,-78.521634,PICHINCHA,QUITO,QUITO,URBANA,2018-02-26,15:35:00,15,LUNES,1,FEBRERO,2,NO,"CONDUCIR DESATENTO A LAS CONDICIONES DE TRANSITO (CELULAR, PANTALLAS DE VIDEO, COMIDA, MAQUILLAJE O CUALQUIER OTRO ELEMENTO DISTRACTOR).",ATROPELLOS,CAMION,0,0,0,1,0,0,0,0,0,0,0,0,0,1,72,HOMBRE,ILESO,PEATON,NO,NO,0
10586,32861,32862,2018,0,0,-0.182743,-78.486871,PICHINCHA,QUITO,QUITO,URBANA,2018-02-26,15:45:00,15,LUNES,1,FEBRERO,2,NO,NO GUARDAR LA DISTANCIA LATERAL MINIMA DE SEGURIDAD ENTRE VEHICULOS.,ROZAMIENTOS,MOTOCICLETA,0,0,0,0,0,0,0,0,1,0,0,0,0,1,33,HOMBRE,ILESO,CONDUCTOR PRESENTE,NO,NO,0
10587,32863,32864,2018,0,0,-0.122217,-78.497761,PICHINCHA,QUITO,QUITO,URBANA,2018-02-26,16:30:00,16,LUNES,1,FEBRERO,2,NO,REALIZAR CAMBIO BRUSCO O INDEBIDO DE CARRIL.,CHOQUE LATERAL,CAMIONETA,1,0,0,0,1,0,0,0,0,0,0,0,0,2,22,HOMBRE,ILESO,CONDUCTOR PRESENTE,NO,NO,0
10588,32866,32867,2018,0,0,-0.317609,-78.547939,PICHINCHA,QUITO,QUITO,URBANA,2018-02-26,16:50:00,16,LUNES,1,FEBRERO,2,NO,NO GUARDAR LA DISTANCIA LATERAL MINIMA DE SEGURIDAD ENTRE VEHICULOS.,ROZAMIENTOS,CAMIONETA,1,0,0,0,1,0,0,0,0,0,0,0,0,2,40,HOMBRE,ILESO,CONDUCTOR PRESENTE,NO,NO,0
10589,32867,32868,2018,0,0,-0.102196,-78.455927,PICHINCHA,QUITO,CALDERON (CARAPUNGO),URBANA,2018-02-26,17:32:00,17,LUNES,1,FEBRERO,2,NO,"NO RESPETAR LAS SENIALES REGLAMENTARIAS DE TRANSITO. (PARE, CEDA EL PASO, LUZ ROJA DEL SEMAFORO, ETC).",CHOQUE LATERAL,AUTOMOVIL,2,0,0,0,0,0,0,0,0,0,0,0,0,2,39,MUJER,ILESO,CONDUCTOR PRESENTE,NO,NO,0
10590,32869,32870,2018,1,0,-0.246102,-78.522914,PICHINCHA,QUITO,QUITO,URBANA,2018-02-26,18:38:00,18,LUNES,1,FEBRERO,2,NO,"NO RESPETAR LAS SENIALES REGLAMENTARIAS DE TRANSITO. (PARE, CEDA EL PASO, LUZ ROJA DEL SEMAFORO, ETC).",CHOQUE LATERAL,MOTOCICLETA,0,0,0,0,1,0,0,0,1,0,0,0,0,2,23,HOMBRE,LESIONADO,CONDUCTOR PRESENTE,NO,NO,0
10591,32878,32879,2018,1,0,-0.458794,-78.564841,PICHINCHA,MEJIA,ALOAG,RURAL,2018-02-26,22:40:00,22,LUNES,1,FEBRERO,2,NO,"CONDUCIR DESATENTO A LAS CONDICIONES DE TRANSITO (CELULAR, PANTALLAS DE VIDEO, COMIDA, MAQUILLAJE O CUALQUIER OTRO ELEMENTO DISTRACTOR).",CHOQUE FRONTAL,MOTOCICLETA,1,0,0,0,0,0,0,0,1,0,0,0,0,2,35,HOMBRE,LESIONADO,CONDUCTOR PRESENTE,NO,NO,3
10592,32879,32880,2018,1,0,-0.404241,-78.546069,PICHINCHA,MEJIA,TAMBILLO (MEJIA),RURAL,2018-02-26,22:40:00,22,LUNES,1,FEBRERO,2,NO,"CONDUCIR DESATENTO A LAS CONDICIONES DE TRANSITO (CELULAR, PANTALLAS DE VIDEO, COMIDA, MAQUILLAJE O CUALQUIER OTRO ELEMENTO DISTRACTOR).",CHOQUE LATERAL,MOTOCICLETA,1,0,0,0,0,0,0,0,1,0,0,0,0,2,35,HOMBRE,LESIONADO,CONDUCTOR PRESENTE,NO,NO,3
10593,32887,32888,2018,1,0,-0.138616,-78.429266,PICHINCHA,QUITO,LLANO CHICO,URBANA,2018-02-27,05:50:00,5,MARTES,2,FEBRERO,2,NO,NO CEDER EL DERECHO DE VIA O PREFERENCIA DE PASO AL PEATON.,ATROPELLOS,NO IDENTIFICADO,0,0,0,0,0,0,0,0,0,1,0,0,0,1,47,MUJER,LESIONADO,PEATON,NO,NO,0
10594,32888,32889,2018,0,0,-0.187668,-78.489901,PICHINCHA,QUITO,QUITO,URBANA,2018-02-27,06:10:00,6,MARTES,2,FEBRERO,2,NO,NO GUARDAR LA DISTANCIA LATERAL MINIMA DE SEGURIDAD ENTRE VEHICULOS.,ROZAMIENTOS,AUTOMOVIL,2,0,0,0,0,0,0,0,0,0,0,0,0,2,29,MUJER,ILESO,CONDUCTOR PRESENTE,NO,NO,0
10595,32890,32891,2018,2,0,-0.191621,-78.457883,PICHINCHA,QUITO,QUITO,URBANA,2018-02-27,06:50:00,6,MARTES,2,FEBRERO,2,NO,CONDUCIR VEHICULO SUPERANDO LOS LIMITES MAXIMOS DE VELOCIDAD.,VOLCAMIENTOS,BUS,0,0,1,0,0,0,0,0,0,0,0,0,0,1,48,MUJER,LESIONADO,PASAJERO,NO,NO,0
10596,32891,32892,2018,1,0,-0.300382,-78.564973,PICHINCHA,QUITO,QUITO,URBANA,2018-02-27,07:05:00,7,MARTES,2,FEBRERO,2,NO,PEATON QUE CRUZA LA CALZADA SIN RESPETAR LA SENIALIZACION EXISTENTE (SEMAFOROS O SENIALES MANUALES).,ATROPELLOS,AUTOMOVIL,1,0,0,0,0,0,0,0,0,0,0,0,0,1,53,MUJER,LESIONADO,PEATON,NO,NO,0
10597,32893,32894,2018,0,0,-0.245457,-78.528895,PICHINCHA,QUITO,QUITO,URBANA,2018-02-27,07:25:00,7,MARTES,2,FEBRERO,2,NO,NO MANTENER LA DISTANCIA PRUDENCIAL CON RESPECTO AL VEHICULO QUE LE ANTECEDE.,CHOQUE POSTERIOR,AUTOMOVIL,2,0,0,0,0,0,0,0,0,0,0,0,0,2,-1,NO IDENTIFICADO,NO IDENTIFICADO,CONDUCTOR AUSENTE,NO,NO,2
10598,32894,32895,2018,0,0,-0.141613,-78.443286,PICHINCHA,QUITO,LLANO CHICO,URBANA,2018-02-27,07:40:00,7,MARTES,2,FEBRERO,2,NO,"CONDICIONES AMBIENTALES Y/O ATMOSFERICAS (NIEBLA, NEBLINA, GRANIZO, LLUVIA).",ROZAMIENTOS,AUTOMOVIL,1,0,0,0,0,0,0,0,0,0,0,0,0,1,26,HOMBRE,ILESO,CONDUCTOR PRESENTE,NO,NO,0
10599,32896,32897,2018,0,0,-0.186719,-78.500866,PICHINCHA,QUITO,QUITO,URBANA,2018-02-27,09:30:00,9,MARTES,2,FEBRERO,2,NO,"NO RESPETAR LAS SENIALES REGLAMENTARIAS DE TRANSITO. (PARE, CEDA EL PASO, LUZ ROJA DEL SEMAFORO, ETC).",ESTRELLAMIENTOS,NO IDENTIFICADO,0,0,0,0,0,0,0,0,0,1,0,0,0,1,-1,NO IDENTIFICADO,NO IDENTIFICADO,CONDUCTOR AUSENTE,NO,NO,2
10600,32897,32898,2018,1,0,-0.139895,-78.371601,PICHINCHA,QUITO,PUEMBO,URBANA,2018-02-27,09:45:00,9,MARTES,2,FEBRERO,2,NO,"CONDUCIR DESATENTO A LAS CONDICIONES DE TRANSITO (CELULAR, PANTALLAS DE VIDEO, COMIDA, MAQUILLAJE O CUALQUIER OTRO ELEMENTO DISTRACTOR).",CHOQUE LATERAL,FURGONETA,1,0,0,0,0,0,0,1,0,0,0,0,0,2,45,HOMBRE,LESIONADO,CONDUCTOR PRESENTE,NO,NO,0
10601,32905,32906,2018,0,0,-0.108107,-78.456072,PICHINCHA,QUITO,CALDERON (CARAPUNGO),URBANA,2018-02-27,14:00:00,14,MARTES,2,FEBRERO,2,NO,"NO RESPETAR LAS SENIALES REGLAMENTARIAS DE TRANSITO. (PARE, CEDA EL PASO, LUZ ROJA DEL SEMAFORO, ETC).",CHOQUE LATERAL,AUTOMOVIL,2,0,0,0,0,0,0,0,0,0,0,0,0,2,38,HOMBRE,ILESO,CONDUCTOR PRESENTE,NO,NO,0
10602,32906,32907,2018,1,0,-0.176642,-78.487317,PICHINCHA,QUITO,QUITO,URBANA,2018-02-27,14:02:00,14,MARTES,2,FEBRERO,2,NO,PEATON QUE CRUZA LA CALZADA SIN RESPETAR LA SENIALIZACION EXISTENTE (SEMAFOROS O SENIALES MANUALES).,ARROLLAMIENTOS,AUTOMOVIL,1,0,0,0,0,0,0,0,0,0,0,0,0,1,27,HOMBRE,LESIONADO,PEATON,NO,NO,0
10603,32908,32909,2018,0,0,-0.211531,-78.446881,PICHINCHA,QUITO,CUMBAYA,URBANA,2018-02-27,14:20:00,14,MARTES,2,FEBRERO,2,NO,CONDUCIR VEHICULO SUPERANDO LOS LIMITES MAXIMOS DE VELOCIDAD.,CHOQUE FRONTAL,CAMIONETA,1,0,0,0,1,0,0,0,0,0,0,0,0,2,60,MUJER,ILESO,CONDUCTOR PRESENTE,NO,NO,0
10604,32915,32916,2018,1,0,-0.180803,-78.515649,PICHINCHA,QUITO,QUITO,URBANA,2018-02-27,16:30:00,16,MARTES,2,FEBRERO,2,NO,BAJARSE O SUBIRSE DE VEHICULOS EN MOVIMIENTO SIN TOMAR LAS PRECAUCIONES DEBIDAS.,CAIDA DE PASAJERO,CAMIONETA,0,0,0,0,1,0,0,0,0,0,0,0,0,1,45,MUJER,LESIONADO,PASAJERO,NO,NO,0
10605,32922,32923,2018,0,0,-0.189816,-78.476586,PICHINCHA,QUITO,QUITO,URBANA,2018-02-27,18:05:00,18,MARTES,2,FEBRERO,2,NO,CONDUCIR VEHICULO SUPERANDO LOS LIMITES MAXIMOS DE VELOCIDAD.,CHOQUE LATERAL,CAMIONETA,0,0,0,0,2,0,0,0,0,0,0,0,0,2,65,HOMBRE,ILESO,CONDUCTOR PRESENTE,NO,NO,0
10606,32923,32924,2018,0,0,-0.119387,-78.473431,PICHINCHA,QUITO,QUITO,URBANA,2018-02-27,18:30:00,18,MARTES,2,FEBRERO,2,NO,NO MANTENER LA DISTANCIA PRUDENCIAL CON RESPECTO AL VEHICULO QUE LE ANTECEDE.,COLISION,AUTOMOVIL,3,0,0,0,0,0,0,0,0,0,0,0,0,3,23,HOMBRE,ILESO,CONDUCTOR PRESENTE,NO,NO,0
10607,32932,32933,2018,0,0,-0.235352,-78.486622,PICHINCHA,QUITO,QUITO,URBANA,2018-02-27,20:20:00,20,MARTES,2,FEBRERO,2,NO,NO MANTENER LA DISTANCIA PRUDENCIAL CON RESPECTO AL VEHICULO QUE LE ANTECEDE.,CHOQUE POSTERIOR,AUTOMOVIL,1,0,0,1,0,0,0,0,0,0,0,0,0,2,38,HOMBRE,ILESO,CONDUCTOR PRESENTE,NO,NO,0
10608,32933,32934,2018,2,0,-0.346788,-78.556779,PICHINCHA,QUITO,QUITO,URBANA,2018-02-27,20:40:00,20,MARTES,2,FEBRERO,2,NO,"CONDUCE BAJO LA INFLUENCIA DE ALCOHOL, SUSTANCIAS ESTUPEFACIENTES O PSICOTROPICAS Y/O MEDICAMENTOS.",ATROPELLOS,AUTOMOVIL,1,0,0,0,0,0,0,0,0,0,0,0,0,1,67,MUJER,LESIONADO,PEATON,NO,NO,0
10609,32936,32937,2018,1,0,-0.094551,-78.439864,PICHINCHA,QUITO,CALDERON (CARAPUNGO),URBANA,2018-02-27,21:25:00,21,MARTES,2,FEBRERO,2,NO,"CONDUCE BAJO LA INFLUENCIA DE ALCOHOL, SUSTANCIAS ESTUPEFACIENTES O PSICOTROPICAS Y/O MEDICAMENTOS.",CHOQUE LATERAL,AUTOMOVIL,2,0,0,0,0,0,0,0,0,0,0,0,0,2,43,MUJER,LESIONADO,PASAJERO,NO,NO,0
10610,32937,32938,2018,0,0,-0.178549,-78.481669,PICHINCHA,QUITO,QUITO,URBANA,2018-02-27,22:30:00,22,MARTES,2,FEBRERO,2,NO,"CONDICIONES AMBIENTALES Y/O ATMOSFERICAS (NIEBLA, NEBLINA, GRANIZO, LLUVIA).",ESTRELLAMIENTOS,AUTOMOVIL,1,0,0,0,0,0,0,0,0,0,0,0,0,1,-1,NO IDENTIFICADO,NO IDENTIFICADO,CONDUCTOR AUSENTE,NO,NO,2
10611,32939,32940,2018,1,0,-0.291201,-78.447115,PICHINCHA,QUITO,ALANGASI,URBANA,2018-02-28,00:00:00,0,MIERCOLES,3,FEBRERO,2,NO,"CONDUCE BAJO LA INFLUENCIA DE ALCOHOL, SUSTANCIAS ESTUPEFACIENTES O PSICOTROPICAS Y/O MEDICAMENTOS.",CHOQUE LATERAL,AUTOMOVIL,2,0,0,0,0,0,0,0,0,0,0,0,0,2,33,HOMBRE,LESIONADO,CONDUCTOR PRESENTE,NO,NO,0
10612,32941,32942,2018,0,0,-0.214643,-78.489906,PICHINCHA,QUITO,QUITO,URBANA,2018-02-28,02:40:00,2,MIERCOLES,3,FEBRERO,2,NO,"CONDUCIR DESATENTO A LAS CONDICIONES DE TRANSITO (CELULAR, PANTALLAS DE VIDEO, COMIDA, MAQUILLAJE O CUALQUIER OTRO ELEMENTO DISTRACTOR).",ESTRELLAMIENTOS,AUTOMOVIL,1,0,0,0,0,0,0,0,0,0,0,0,0,1,-1,NO IDENTIFICADO,NO IDENTIFICADO,CONDUCTOR AUSENTE,NO,NO,2
10613,32943,32944,2018,0,0,-0.127961,-78.491196,PICHINCHA,QUITO,QUITO,URBANA,2018-02-28,03:40:00,3,MIERCOLES,3,FEBRERO,2,NO,"CONDUCIR EN ESTADO DE SOMNOLENCIA O MALAS CONDICIONES FISICAS (SUENIO, CANSANCIO Y FATIGA).",ESTRELLAMIENTOS,AUTOMOVIL,1,0,0,0,0,0,0,0,0,0,0,0,0,1,22,HOMBRE,ILESO,CONDUCTOR PRESENTE,NO,NO,0
10614,32945,32946,2018,0,0,-0.215239,-78.517241,PICHINCHA,QUITO,QUITO,URBANA,2018-02-28,06:10:00,6,MIERCOLES,3,FEBRERO,2,NO,NO MANTENER LA DISTANCIA PRUDENCIAL CON RESPECTO AL VEHICULO QUE LE ANTECEDE.,COLISION,AUTOMOVIL,2,0,0,0,1,0,0,0,0,0,0,0,0,3,29,HOMBRE,ILESO,CONDUCTOR PRESENTE,NO,NO,0
10615,32946,32947,2018,0,0,-0.095959,-78.453624,PICHINCHA,QUITO,CALDERON (CARAPUNGO),URBANA,2018-02-28,06:15:00,6,MIERCOLES,3,FEBRERO,2,NO,CONDUCIR VEHICULO SUPERANDO LOS LIMITES MAXIMOS DE VELOCIDAD.,CHOQUE LATERAL,CAMIONETA,1,0,0,0,1,0,0,0,0,0,0,0,0,2,30,HOMBRE,ILESO,CONDUCTOR PRESENTE,NO,NO,0
10616,32947,32948,2018,0,0,-0.234313,-78.509462,PICHINCHA,QUITO,QUITO,URBANA,2018-02-28,06:30:00,6,MIERCOLES,3,FEBRERO,2,NO,"PRESENCIA DE AGENTES EXTERNOS EN LA VIA (AGUA, ACEITE, PIEDRA, LASTRE, ESCOMBROS, MADEROS, ETC.).",ESTRELLAMIENTOS,AUTOMOVIL,1,0,0,0,0,0,0,0,0,0,0,0,0,1,25,HOMBRE,ILESO,CONDUCTOR PRESENTE,NO,NO,0