,Unnamed: 0,ID,ANIO,LESIONADOS,FALLECIDOS,LATITUD_Y,LONGITUD_X,PROVINCIA,CANTON,PARROQUIA,ZONA,FECHA,HORA,PERIODO_2,DIA_1,DIA_2,MES_1,MES_2,FERIADO,CAUSA_PROBABLE,TIPO_DE_SINIESTRO,TIPO_DE_VEHICULO_1,AUTOMOVIL,BICICLETA,BUS,CAMION,CAMIONETA,EMERGENCIAS,ESPECIAL,FURGONETA,MOTOCICLETA,NO_IDENTIFICADO,SCOOTER_ELECTRICO,TRICIMOTO,VEHICULO_DEPORTIVO_UTILITARIO,SUMA_DE_VEHICULOS,EDAD_1,SEXO_1,CONDICION_1,PARTICIPANTE_1,CASCO_1,CINTURON_1,KMeans_Cluster
10617,32951,32952,2018,0,0,-0.238658,-78.530378,PICHINCHA,QUITO,QUITO,URBANA,2018-02-28,06:55:00,6,MIERCOLES,3,FEBRERO,2,NO,"NO RESPETAR LAS SENIALES REGLAMENTARIAS DE TRANSITO. (PARE, CEDA EL PASO, LUZ ROJA DEL SEMAFORO, ETC).",CHOQUE LATERAL,AUTOMOVIL,1,0,0,0,1,0,0,0,0,0,0,0,0,2,30,HOMBRE,ILESO,CONDUCTOR PRESENTE,NO,NO,0
10618,32953,32954,2018,3,0,-0.131714,-78.503304,PICHINCHA,QUITO,QUITO,URBANA,2018-02-28,07:20:00,7,MIERCOLES,3,FEBRERO,2,NO,"NO RESPETAR LAS SENIALES REGLAMENTARIAS DE TRANSITO. (PARE, CEDA EL PASO, LUZ ROJA DEL SEMAFORO, ETC).",CHOQUE FRONTAL,FURGONETA,1,0,0,0,0,0,0,1,0,0,0,0,0,2,16,MUJER,LESIONADO,PASAJERO,NO,NO,0
10619,32954,32955,2018,0,0,-0.287033,-78.519411,PICHINCHA,QUITO,QUITO,URBANA,2018-02-28,07:52:00,7,MIERCOLES,3,FEBRERO,2,NO,"CONDICIONES AMBIENTALES Y/O ATMOSFERICAS (NIEBLA, NEBLINA, GRANIZO, LLUVIA).",ESTRELLAMIENTOS,CAMION,1,0,0,1,1,0,0,0,0,0,0,0,0,3,48,HOMBRE,ILESO,CONDUCTOR PRESENTE,NO,NO,0
10620,32955,32956,2018,0,0,-0.180334,-78.487926,PICHINCHA,QUITO,QUITO,URBANA,2018-02-28,07:59:00,7,MIERCOLES,3,FEBRERO,2,NO,NO CEDER EL DERECHO DE VIA O PREFERENCIA DE PASO A VEHICULOS.,CHOQUE LATERAL,AUTOMOVIL,1,0,0,0,0,0,0,0,0,0,0,0,0,1,28,HOMBRE,ILESO,CONDUCTOR PRESENTE,NO,NO,0
10621,32957,32958,2018,1,0,-0.240244,-78.481048,PICHINCHA,QUITO,QUITO,URBANA,2018-02-28,08:50:00,8,MIERCOLES,3,FEBRERO,2,NO,"CONDICIONES AMBIENTALES Y/O ATMOSFERICAS (NIEBLA, NEBLINA, GRANIZO, LLUVIA).",VOLCAMIENTOS,MOTOCICLETA,0,0,0,0,0,0,0,0,1,0,0,0,0,1,28,HOMBRE,LESIONADO,CONDUCTOR PRESENTE,NO,NO,0
10622,32959,32960,2018,1,0,-0.171671,-78.488777,PICHINCHA,QUITO,QUITO,URBANA,2018-02-28,09:00:00,9,MIERCOLES,3,FEBRERO,2,NO,"CONDUCIR DESATENTO A LAS CONDICIONES DE TRANSITO (CELULAR, PANTALLAS DE VIDEO, COMIDA, MAQUILLAJE O CUALQUIER OTRO ELEMENTO DISTRACTOR).",ESTRELLAMIENTOS,FURGONETA,0,0,0,0,0,0,0,1,0,0,0,0,0,1,38,HOMBRE,LESIONADO,CONDUCTOR PRESENTE,NO,NO,0
10623,32960,32961,2018,0,0,-0.290992,-78.469648,PICHINCHA,QUITO,CONOCOTO,URBANA,2018-02-28,09:15:00,9,MIERCOLES,3,FEBRERO,2,NO,"CONDUCIR DESATENTO A LAS CONDICIONES DE TRANSITO (CELULAR, PANTALLAS DE VIDEO, COMIDA, MAQUILLAJE O CUALQUIER OTRO ELEMENTO DISTRACTOR).",CHOQUE LATERAL,AUTOMOVIL,1,0,0,0,1,0,0,0,0,0,0,0,0,2,27,HOMBRE,ILESO,CONDUCTOR PRESENTE,NO,NO,0
10624,32968,32969,2018,1,0,-0.209365,-78.401747,PICHINCHA,QUITO,TUMBACO,URBANA,2018-02-28,12:45:00,12,MIERCOLES,3,FEBRERO,2,NO,NO CEDER EL DERECHO DE VIA O PREFERENCIA DE PASO AL PEATON.,ATROPELLOS,NO IDENTIFICADO,0,0,0,0,0,0,0,0,0,1,0,0,0,1,9,MUJER,LESIONADO,PEATON,NO,NO,0
10625,32972,32973,2018,1,0,-0.188773,-78.490009,PICHINCHA,QUITO,QUITO,URBANA,2018-02-28,14:05:00,14,MIERCOLES,3,FEBRERO,2,NO,NO CEDER EL DERECHO DE VIA O PREFERENCIA DE PASO AL PEATON.,ATROPELLOS,MOTOCICLETA,0,0,0,0,0,0,0,0,1,0,0,0,0,1,63,MUJER,LESIONADO,PEATON,NO,NO,0
10626,32973,32974,2018,1,0,-0.321801,-78.550367,PICHINCHA,QUITO,QUITO,URBANA,2018-02-28,14:10:00,14,MIERCOLES,3,FEBRERO,2,NO,NO CEDER EL DERECHO DE VIA O PREFERENCIA DE PASO A VEHICULOS.,CHOQUE LATERAL,MOTOCICLETA,1,0,0,0,0,0,0,0,1,0,0,0,0,2,31,HOMBRE,LESIONADO,CONDUCTOR PRESENTE,NO,NO,0
10627,32975,32976,2018,0,0,-0.115546,-78.497414,PICHINCHA,QUITO,QUITO,URBANA,2018-02-28,14:45:00,14,MIERCOLES,3,FEBRERO,2,NO,NO CEDER EL DERECHO DE VIA O PREFERENCIA DE PASO AL PEATON.,ATROPELLOS,AUTOMOVIL,1,0,0,0,0,0,0,0,0,0,0,0,0,1,75,HOMBRE,ILESO,PEATON,NO,NO,0
10628,32979,32980,2018,0,0,-0.112072,-78.492911,PICHINCHA,QUITO,QUITO,URBANA,2018-02-28,16:00:00,16,MIERCOLES,3,FEBRERO,2,NO,"CONDUCIR DESATENTO A LAS CONDICIONES DE TRANSITO (CELULAR, PANTALLAS DE VIDEO, COMIDA, MAQUILLAJE O CUALQUIER OTRO ELEMENTO DISTRACTOR).",CHOQUE LATERAL,MOTOCICLETA,0,0,0,0,0,0,0,0,2,0,0,0,0,2,28,HOMBRE,ILESO,CONDUCTOR PRESENTE,NO,NO,0
10629,32982,32983,2018,0,0,-0.247214,-78.524239,PICHINCHA,QUITO,QUITO,URBANA,2018-02-28,16:35:00,16,MIERCOLES,3,FEBRERO,2,NO,CONDUCIR VEHICULO SUPERANDO LOS LIMITES MAXIMOS DE VELOCIDAD.,ESTRELLAMIENTOS,AUTOMOVIL,1,0,0,0,0,0,0,0,0,0,0,0,0,1,29,MUJER,ILESO,CONDUCTOR PRESENTE,NO,NO,0
10630,32984,32985,2018,1,0,-0.100591,-78.471591,PICHINCHA,QUITO,QUITO,URBANA,2018-02-28,16:49:00,16,MIERCOLES,3,FEBRERO,2,NO,"ADELANTAR O REBASAR A OTRO VEHICULO EN MOVIMIENTO EN ZONAS O SITIOS PELIGROSOS TALES COMO: CURVAS, PUENTES, TUNELES, PENDIENTES, ETC.",CHOQUE POSTERIOR,AUTOMOVIL,1,0,0,0,0,0,1,0,0,0,0,0,0,2,24,MUJER,LESIONADO,CONDUCTOR PRESENTE,NO,NO,0
10631,32986,32987,2018,2,0,-0.008628,-78.446398,PICHINCHA,QUITO,SAN ANTONIO (QUITO),URBANA,2018-02-28,17:30:00,17,MIERCOLES,3,FEBRERO,2,NO,"CONDUCE BAJO LA INFLUENCIA DE ALCOHOL, SUSTANCIAS ESTUPEFACIENTES O PSICOTROPICAS Y/O MEDICAMENTOS.",PERDIDA DE PISTA,MOTOCICLETA,0,0,0,0,0,0,0,0,1,0,0,0,0,1,26,HOMBRE,LESIONADO,CONDUCTOR PRESENTE,NO,NO,0
10632,32988,32989,2018,0,1,-0.296737,-78.558745,PICHINCHA,QUITO,QUITO,URBANA,2018-02-28,17:50:00,17,MIERCOLES,3,FEBRERO,2,NO,DEJAR O RECOGER PASAJEROS EN LUGARES NO PERMITIDOS.,CAIDA DE PASAJERO,BUS,0,0,1,0,0,0,0,0,0,0,0,0,0,1,35,MUJER,FALLECIDO,PASAJERO,NO,NO,0
10633,32989,32990,2018,1,0,-0.189047,-78.511871,PICHINCHA,QUITO,QUITO,URBANA,2018-02-28,18:30:00,18,MIERCOLES,3,FEBRERO,2,NO,"NO RESPETAR LAS SENIALES REGLAMENTARIAS DE TRANSITO. (PARE, CEDA EL PASO, LUZ ROJA DEL SEMAFORO, ETC).",ATROPELLOS,NO IDENTIFICADO,0,0,0,0,0,0,0,0,0,1,0,0,0,1,17,MUJER,LESIONADO,PEATON,NO,NO,0
10634,32992,32993,2018,0,0,-0.188598,-78.507501,PICHINCHA,QUITO,QUITO,URBANA,2018-02-28,19:15:00,19,MIERCOLES,3,FEBRERO,2,NO,CONDUCIR VEHICULO SUPERANDO LOS LIMITES MAXIMOS DE VELOCIDAD.,CHOQUE LATERAL,AUTOMOVIL,2,0,0,0,0,0,0,0,0,0,0,0,0,2,48,HOMBRE,ILESO,CONDUCTOR PRESENTE,NO,NO,0
10635,32995,32996,2018,0,0,-0.218292,-78.523636,PICHINCHA,QUITO,QUITO,URBANA,2018-02-28,20:00:00,20,MIERCOLES,3,FEBRERO,2,NO,"CONDUCIR DESATENTO A LAS CONDICIONES DE TRANSITO (CELULAR, PANTALLAS DE VIDEO, COMIDA, MAQUILLAJE O CUALQUIER OTRO ELEMENTO DISTRACTOR).",CHOQUE FRONTAL,AUTOMOVIL,2,0,0,0,0,0,0,0,0,0,0,0,0,2,-1,NO IDENTIFICADO,NO IDENTIFICADO,CONDUCTOR AUSENTE,NO,NO,2
10636,32998,32999,2018,2,0,-0.329319,-78.551475,PICHINCHA,QUITO,QUITO,URBANA,2018-02-28,22:15:00,22,MIERCOLES,3,FEBRERO,2,NO,"CONDUCIR DESATENTO A LAS CONDICIONES DE TRANSITO (CELULAR, PANTALLAS DE VIDEO, COMIDA, MAQUILLAJE O CUALQUIER OTRO ELEMENTO DISTRACTOR).",CHOQUE LATERAL,AUTOMOVIL,1,0,0,0,0,0,0,0,1,0,0,0,0,2,24,MUJER,LESIONADO,PASAJERO,NO,NO,0
10637,32999,33000,2018,0,0,-0.193162,-78.480755,PICHINCHA,QUITO,QUITO,URBANA,2018-02-28,22:50:00,22,MIERCOLES,3,FEBRERO,2,NO,CONDUCIR VEHICULO SUPERANDO LOS LIMITES MAXIMOS DE VELOCIDAD.,PERDIDA DE PISTA,AUTOMOVIL,1,0,0,0,0,0,0,0,0,0,0,0,0,1,-1,NO IDENTIFICADO,NO IDENTIFICADO,CONDUCTOR AUSENTE,NO,NO,2
10638,33000,33001,2018,0,0,-0.149602,-78.452042,PICHINCHA,QUITO,QUITO,URBANA,2018-02-28,23:10:00,23,MIERCOLES,3,FEBRERO,2,NO,"CONDUCE BAJO LA INFLUENCIA DE ALCOHOL, SUSTANCIAS ESTUPEFACIENTES O PSICOTROPICAS Y/O MEDICAMENTOS.",CHOQUE POSTERIOR,AUTOMOVIL,2,0,0,0,0,0,0,0,0,0,0,0,0,2,31,HOMBRE,ILESO,CONDUCTOR PRESENTE,NO,NO,0
10639,33001,33002,2018,0,1,-0.354886,-78.551535,PICHINCHA,QUITO,QUITO,URBANA,2018-02-28,23:30:00,23,MIERCOLES,3,FEBRERO,2,NO,CONDUCIR VEHICULO SUPERANDO LOS LIMITES MAXIMOS DE VELOCIDAD.,VOLCAMIENTOS,MOTOCICLETA,0,0,0,0,0,0,0,0,1,0,0,0,0,1,24,HOMBRE,FALLECIDO,CONDUCTOR PRESENTE,NO,NO,0
10640,33010,33011,2018,2,0,-0.096164,-78.468848,PICHINCHA,QUITO,QUITO,URBANA,2018-03-01,06:40:00,6,JUEVES,4,MARZO,3,NO,"NO RESPETAR LAS SENIALES REGLAMENTARIAS DE TRANSITO. (PARE, CEDA EL PASO, LUZ ROJA DEL SEMAFORO, ETC).",ATROPELLOS,MOTOCICLETA,0,0,0,0,0,0,0,0,1,0,0,0,0,1,10,HOMBRE,LESIONADO,PEATON,NO,NO,0
10641,33012,33013,2018,0,0,-0.195604,-78.487156,PICHINCHA,QUITO,QUITO,URBANA,2018-03-01,07:45:00,7,JUEVES,4,MARZO,3,NO,CONDUCIR VEHICULO SUPERANDO LOS LIMITES MAXIMOS DE VELOCIDAD.,CHOQUE LATERAL,AUTOMOVIL,1,0,0,0,0,0,0,0,0,0,0,0,0,1,40,HOMBRE,ILESO,CONDUCTOR PRESENTE,NO,NO,0
10642,33013,33014,2018,1,0,-0.112505,-78.507134,PICHINCHA,QUITO,QUITO,URBANA,2018-03-01,07:45:00,7,JUEVES,4,MARZO,3,NO,NO MANTENER LA DISTANCIA PRUDENCIAL CON RESPECTO AL VEHICULO QUE LE ANTECEDE.,CHOQUE POSTERIOR,AUTOMOVIL,1,0,0,0,0,0,0,0,0,1,0,0,0,2,47,MUJER,LESIONADO,CONDUCTOR PRESENTE,NO,NO,0
10643,33014,33015,2018,0,0,-0.289998,-78.476392,PICHINCHA,QUITO,CONOCOTO,URBANA,2018-03-01,07:50:00,7,JUEVES,4,MARZO,3,NO,NO MANTENER LA DISTANCIA PRUDENCIAL CON RESPECTO AL VEHICULO QUE LE ANTECEDE.,OTROS,BUS,0,0,1,0,0,0,0,0,1,1,0,0,0,3,26,HOMBRE,ILESO,CONDUCTOR PRESENTE,NO,NO,0
10644,33016,33017,2018,1,0,-0.230875,-78.512291,PICHINCHA,QUITO,QUITO,URBANA,2018-03-01,08:05:00,8,JUEVES,4,MARZO,3,NO,BAJARSE O SUBIRSE DE VEHICULOS EN MOVIMIENTO SIN TOMAR LAS PRECAUCIONES DEBIDAS.,CAIDA DE PASAJERO,BUS,0,0,1,0,0,0,0,0,0,0,0,0,0,1,32,MUJER,LESIONADO,PASAJERO,NO,NO,0
10645,33021,33022,2018,1,0,-0.251112,-78.540559,PICHINCHA,QUITO,QUITO,URBANA,2018-03-01,12:20:00,12,JUEVES,4,MARZO,3,NO,NO TRANSITAR POR LAS ACERAS O ZONAS DE SEGURIDAD DESTINADAS PARA EL EFECTO.,ATROPELLOS,NO IDENTIFICADO,0,0,0,0,0,0,0,0,0,1,0,0,0,1,8,MUJER,LESIONADO,PEATON,NO,NO,0
10646,33023,33024,2018,1,0,-0.209056,-78.500436,PICHINCHA,QUITO,QUITO,URBANA,2018-03-01,12:35:00,12,JUEVES,4,MARZO,3,NO,BAJARSE O SUBIRSE DE VEHICULOS EN MOVIMIENTO SIN TOMAR LAS PRECAUCIONES DEBIDAS.,CAIDA DE PASAJERO,AUTOMOVIL,1,0,0,0,0,0,0,0,0,0,0,0,0,1,60,MUJER,LESIONADO,PASAJERO,NO,NO,0
10647,33025,33026,2018,0,0,-0.196258,-78.497572,PICHINCHA,QUITO,QUITO,URBANA,2018-03-01,12:45:00,12,JUEVES,4,MARZO,3,NO,NO MANTENER LA DISTANCIA PRUDENCIAL CON RESPECTO AL VEHICULO QUE LE ANTECEDE.,OTROS,CAMIONETA,0,0,0,0,1,0,0,0,0,1,0,0,0,2,-1,NO IDENTIFICADO,NO IDENTIFICADO,CONDUCTOR AUSENTE,NO,NO,2
10648,33026,33027,2018,1,0,-0.172386,-78.490475,PICHINCHA,QUITO,QUITO,URBANA,2018-03-01,13:00:00,13,JUEVES,4,MARZO,3,NO,"CONDUCIR EN ESTADO DE SOMNOLENCIA O MALAS CONDICIONES FISICAS (SUENIO, CANSANCIO Y FATIGA).",ESTRELLAMIENTOS,CAMION,0,0,0,1,0,0,0,0,0,0,0,0,0,1,61,HOMBRE,LESIONADO,CONDUCTOR PRESENTE,NO,NO,0
10649,33032,33033,2018,1,0,-0.191657,-78.490808,PICHINCHA,QUITO,QUITO,URBANA,2018-03-01,14:10:00,14,JUEVES,4,MARZO,3,NO,"NO RESPETAR LAS SENIALES REGLAMENTARIAS DE TRANSITO. (PARE, CEDA EL PASO, LUZ ROJA DEL SEMAFORO, ETC).",CHOQUE LATERAL,AUTOMOVIL,2,0,0,0,0,0,0,0,0,0,0,0,0,2,67,MUJER,LESIONADO,CONDUCTOR PRESENTE,NO,NO,0
10650,33037,33038,2018,0,0,-0.328479,-78.522294,PICHINCHA,QUITO,QUITO,URBANA,2018-03-01,15:05:00,15,JUEVES,4,MARZO,3,NO,CONDUCIR VEHICULO SUPERANDO LOS LIMITES MAXIMOS DE VELOCIDAD.,OTROS,CAMIONETA,1,0,0,0,2,0,0,0,0,0,0,0,0,3,39,HOMBRE,ILESO,CONDUCTOR PRESENTE,NO,NO,0
10651,33042,33043,2018,0,2,0.034326,-78.664387,PICHINCHA,QUITO,NONO,URBANA,2018-03-01,16:30:00,16,JUEVES,4,MARZO,3,NO,DISPOSITIVO REGULADOR DE TRANSITO EN MAL ESTADO DE FUNCIONAMIENTO (SEMAFORO).,PERDIDA DE PISTA,VEHICULO DEPORTIVO UTILITARIO,0,0,0,0,0,0,0,0,0,0,0,0,1,1,48,MUJER,FALLECIDO,CONDUCTOR PRESENTE,NO,NO,0
10652,33046,33047,2018,1,0,-0.153303,-78.484482,PICHINCHA,QUITO,QUITO,URBANA,2018-03-01,17:15:00,17,JUEVES,4,MARZO,3,NO,"CONDUCE BAJO LA INFLUENCIA DE ALCOHOL, SUSTANCIAS ESTUPEFACIENTES O PSICOTROPICAS Y/O MEDICAMENTOS.",CHOQUE LATERAL,MOTOCICLETA,1,0,0,0,0,0,0,0,1,0,0,0,0,2,26,HOMBRE,LESIONADO,CONDUCTOR PRESENTE,NO,NO,0
10653,33048,33049,2018,0,0,-0.280955,-78.548788,PICHINCHA,QUITO,QUITO,URBANA,2018-03-01,17:40:00,17,JUEVES,4,MARZO,3,NO,CONDUCIR VEHICULO SUPERANDO LOS LIMITES MAXIMOS DE VELOCIDAD.,ESTRELLAMIENTOS,CAMIONETA,0,0,0,0,1,0,0,0,0,0,0,0,0,1,-1,NO IDENTIFICADO,NO IDENTIFICADO,CONDUCTOR AUSENTE,NO,NO,2
10654,33049,33050,2018,1,0,-0.250649,-78.527031,PICHINCHA,QUITO,QUITO,URBANA,2018-03-01,18:50:00,18,JUEVES,4,MARZO,3,NO,"CONDICIONES AMBIENTALES Y/O ATMOSFERICAS (NIEBLA, NEBLINA, GRANIZO, LLUVIA).",OTROS,NO IDENTIFICADO,0,0,0,0,0,0,0,0,0,1,0,0,0,1,41,HOMBRE,LESIONADO,PASAJERO,NO,NO,0
10655,33051,33052,2018,0,0,-0.187621,-78.482831,PICHINCHA,QUITO,QUITO,URBANA,2018-03-01,19:15:00,19,JUEVES,4,MARZO,3,NO,"NO RESPETAR LAS SENIALES REGLAMENTARIAS DE TRANSITO. (PARE, CEDA EL PASO, LUZ ROJA DEL SEMAFORO, ETC).",CHOQUE LATERAL,AUTOMOVIL,1,0,0,0,0,0,0,0,1,0,0,0,0,2,30,HOMBRE,ILESO,CONDUCTOR PRESENTE,NO,NO,0
10656,33052,33053,2018,0,0,-0.196123,-78.495036,PICHINCHA,QUITO,QUITO,URBANA,2018-03-01,19:40:00,19,JUEVES,4,MARZO,3,NO,"NO RESPETAR LAS SENIALES REGLAMENTARIAS DE TRANSITO. (PARE, CEDA EL PASO, LUZ ROJA DEL SEMAFORO, ETC).",CHOQUE LATERAL,AUTOMOVIL,1,0,0,0,0,0,0,0,0,1,0,0,0,2,28,HOMBRE,ILESO,CONDUCTOR PRESENTE,NO,NO,0
10657,33055,33056,2018,0,0,-0.250649,-78.527031,PICHINCHA,QUITO,QUITO,URBANA,2018-03-01,19:55:00,19,JUEVES,4,MARZO,3,NO,"CONDUCE BAJO LA INFLUENCIA DE ALCOHOL, SUSTANCIAS ESTUPEFACIENTES O PSICOTROPICAS Y/O MEDICAMENTOS.",ROZAMIENTOS,AUTOMOVIL,2,0,0,0,0,0,0,0,0,0,0,0,0,2,23,HOMBRE,ILESO,CONDUCTOR PRESENTE,NO,NO,0
10658,33058,33059,2018,0,0,-0.388258,-78.549256,PICHINCHA,MEJIA,CUTUGLAHUA,RURAL,2018-03-01,20:30:00,20,JUEVES,4,MARZO,3,NO,"CONDUCIR DESATENTO A LAS CONDICIONES DE TRANSITO (CELULAR, PANTALLAS DE VIDEO, COMIDA, MAQUILLAJE O CUALQUIER OTRO ELEMENTO DISTRACTOR).",PERDIDA DE PISTA,AUTOMOVIL,2,0,0,0,0,0,0,0,0,0,0,0,0,2,49,HOMBRE,ILESO,CONDUCTOR PRESENTE,NO,NO,3
10659,33063,33064,2018,0,0,-0.119451,-78.506659,PICHINCHA,QUITO,QUITO,URBANA,2018-03-02,00:20:00,0,VIERNES,5,MARZO,3,NO,"CONDUCE BAJO LA INFLUENCIA DE ALCOHOL, SUSTANCIAS ESTUPEFACIENTES O PSICOTROPICAS Y/O MEDICAMENTOS.",CHOQUE LATERAL,AUTOMOVIL,2,0,0,0,0,0,0,0,0,0,0,0,0,2,27,HOMBRE,ILESO,CONDUCTOR PRESENTE,NO,NO,0
10660,33066,33067,2018,0,0,-0.089592,-78.487812,PICHINCHA,QUITO,QUITO,URBANA,2018-03-02,01:45:00,1,VIERNES,5,MARZO,3,NO,DISPOSITIVO REGULADOR DE TRANSITO EN MAL ESTADO DE FUNCIONAMIENTO (SEMAFORO).,ESTRELLAMIENTOS,NO IDENTIFICADO,0,0,0,0,0,0,0,0,0,1,0,0,0,1,22,MUJER,ILESO,CONDUCTOR PRESENTE,NO,NO,0
10661,33068,33069,2018,0,0,-0.213454,-78.490122,PICHINCHA,QUITO,QUITO,URBANA,2018-03-02,02:50:00,2,VIERNES,5,MARZO,3,NO,"CONDUCIR EN ESTADO DE SOMNOLENCIA O MALAS CONDICIONES FISICAS (SUENIO, CANSANCIO Y FATIGA).",ESTRELLAMIENTOS,AUTOMOVIL,3,0,0,0,0,0,0,0,0,0,0,0,0,3,36,HOMBRE,ILESO,CONDUCTOR PRESENTE,NO,NO,0
10662,33070,33071,2018,0,0,-0.158864,-78.483681,PICHINCHA,QUITO,QUITO,URBANA,2018-03-02,04:10:00,4,VIERNES,5,MARZO,3,NO,"CONDUCIR EN ESTADO DE SOMNOLENCIA O MALAS CONDICIONES FISICAS (SUENIO, CANSANCIO Y FATIGA).",ESTRELLAMIENTOS,AUTOMOVIL,1,0,0,0,0,0,0,0,0,0,0,0,0,1,-1,NO IDENTIFICADO,NO IDENTIFICADO,CONDUCTOR AUSENTE,NO,NO,2
10663,33072,33073,2018,0,0,-0.156738,-78.485132,PICHINCHA,QUITO,QUITO,URBANA,2018-03-02,05:15:00,5,VIERNES,5,MARZO,3,NO,"NO RESPETAR LAS SENIALES REGLAMENTARIAS DE TRANSITO. (PARE, CEDA EL PASO, LUZ ROJA DEL SEMAFORO, ETC).",ESTRELLAMIENTOS,CAMIONETA,0,0,0,0,1,0,0,0,0,0,0,0,0,1,-1,NO IDENTIFICADO,NO IDENTIFICADO,CONDUCTOR AUSENTE,NO,NO,2
10664,33073,33074,2018,1,0,-0.088054,-78.393567,PICHINCHA,QUITO,CALDERON (CARAPUNGO),RURAL,2018-03-02,05:45:00,5,VIERNES,5,MARZO,3,NO,"CONDUCIR EN ESTADO DE SOMNOLENCIA O MALAS CONDICIONES FISICAS (SUENIO, CANSANCIO Y FATIGA).",PERDIDA DE PISTA,VEHICULO DEPORTIVO UTILITARIO,0,0,0,0,0,0,0,0,0,0,0,0,1,1,73,HOMBRE,LESIONADO,PASAJERO,NO,NO,3
10665,33074,33075,2018,1,0,-0.190099,-78.509787,PICHINCHA,QUITO,QUITO,URBANA,2018-03-02,06:15:00,6,VIERNES,5,MARZO,3,NO,"CONDUCE BAJO LA INFLUENCIA DE ALCOHOL, SUSTANCIAS ESTUPEFACIENTES O PSICOTROPICAS Y/O MEDICAMENTOS.",ATROPELLOS,AUTOMOVIL,1,0,0,0,0,0,0,0,0,0,0,0,0,1,43,MUJER,LESIONADO,PEATON,NO,NO,0
10666,33076,33077,2018,1,0,-0.197616,-78.481987,PICHINCHA,QUITO,QUITO,URBANA,2018-03-02,07:00:00,7,VIERNES,5,MARZO,3,NO,"NO RESPETAR LAS SENIALES REGLAMENTARIAS DE TRANSITO. (PARE, CEDA EL PASO, LUZ ROJA DEL SEMAFORO, ETC).",CHOQUE LATERAL,AUTOMOVIL,2,0,0,0,0,0,0,0,0,0,0,0,0,2,41,MUJER,LESIONADO,PASAJERO,NO,NO,0
10667,33078,33079,2018,0,0,-0.249962,-78.527255,PICHINCHA,QUITO,QUITO,URBANA,2018-03-02,07:30:00,7,VIERNES,5,MARZO,3,NO,NO GUARDAR LA DISTANCIA LATERAL MINIMA DE SEGURIDAD ENTRE VEHICULOS.,CHOQUE LATERAL,AUTOMOVIL,2,0,0,0,0,0,0,0,0,0,0,0,0,2,25,HOMBRE,ILESO,CONDUCTOR PRESENTE,NO,NO,0
10668,33079,33080,2018,1,0,-0.104643,-78.453801,PICHINCHA,QUITO,CALDERON (CARAPUNGO),URBANA,2018-03-02,07:35:00,7,VIERNES,5,MARZO,3,NO,"CONDICIONES AMBIENTALES Y/O ATMOSFERICAS (NIEBLA, NEBLINA, GRANIZO, LLUVIA).",ROZAMIENTOS,AUTOMOVIL,1,0,0,0,0,0,0,0,1,0,0,0,0,2,30,HOMBRE,LESIONADO,CONDUCTOR PRESENTE,NO,NO,0
10669,33081,33082,2018,0,0,-0.098885,-78.470687,PICHINCHA,QUITO,QUITO,URBANA,2018-03-02,08:20:00,8,VIERNES,5,MARZO,3,NO,"CONDICIONES AMBIENTALES Y/O ATMOSFERICAS (NIEBLA, NEBLINA, GRANIZO, LLUVIA).",COLISION,AUTOMOVIL,4,0,0,0,0,0,0,0,0,0,0,0,0,4,34,HOMBRE,ILESO,CONDUCTOR PRESENTE,NO,NO,0
10670,33088,33089,2018,2,0,-0.163208,-78.485393,PICHINCHA,QUITO,QUITO,URBANA,2018-03-02,10:35:00,10,VIERNES,5,MARZO,3,NO,NO GUARDAR LA DISTANCIA LATERAL MINIMA DE SEGURIDAD ENTRE VEHICULOS.,CHOQUE LATERAL,BUS,0,0,1,0,1,0,0,0,0,0,0,0,0,2,-1,MUJER,LESIONADO,PASAJERO,NO,NO,0
10671,33090,33091,2018,0,0,-0.176811,-78.481329,PICHINCHA,QUITO,QUITO,URBANA,2018-03-02,11:00:00,11,VIERNES,5,MARZO,3,NO,NO MANTENER LA DISTANCIA PRUDENCIAL CON RESPECTO AL VEHICULO QUE LE ANTECEDE.,CHOQUE POSTERIOR,BUS,1,0,1,0,0,0,0,0,0,0,0,0,0,2,21,HOMBRE,ILESO,CONDUCTOR PRESENTE,NO,NO,0
10672,33091,33092,2018,2,0,-0.165696,-78.489118,PICHINCHA,QUITO,QUITO,URBANA,2018-03-02,11:20:00,11,VIERNES,5,MARZO,3,NO,NO CEDER EL DERECHO DE VIA O PREFERENCIA DE PASO AL PEATON.,ATROPELLOS,CAMIONETA,0,0,0,0,1,0,0,0,0,0,0,0,0,1,37,MUJER,LESIONADO,PEATON,NO,NO,0
10673,33092,33093,2018,0,0,-0.229262,-78.527869,PICHINCHA,QUITO,QUITO,URBANA,2018-03-02,11:45:00,11,VIERNES,5,MARZO,3,NO,"FALLA MECANICA EN LOS SISTEMAS Y/O NEUMATICOS (SISTEMA DE FRENOS, DIRECCION, ELECTRONICO O MECANICO).",ESTRELLAMIENTOS,CAMIONETA,0,0,0,0,1,0,0,0,0,0,0,0,0,1,25,HOMBRE,ILESO,CONDUCTOR PRESENTE,NO,NO,0