,Unnamed: 0,ID,ANIO,LESIONADOS,FALLECIDOS,LATITUD_Y,LONGITUD_X,PROVINCIA,CANTON,PARROQUIA,ZONA,FECHA,HORA,PERIODO_2,DIA_1,DIA_2,MES_1,MES_2,FERIADO,CAUSA_PROBABLE,TIPO_DE_SINIESTRO,TIPO_DE_VEHICULO_1,AUTOMOVIL,BICICLETA,BUS,CAMION,CAMIONETA,EMERGENCIAS,ESPECIAL,FURGONETA,MOTOCICLETA,NO_IDENTIFICADO,SCOOTER_ELECTRICO,TRICIMOTO,VEHICULO_DEPORTIVO_UTILITARIO,SUMA_DE_VEHICULOS,EDAD_1,SEXO_1,CONDICION_1,PARTICIPANTE_1,CASCO_1,CINTURON_1,KMeans_Cluster
10674,33093,33094,2018,2,0,-0.192585,-78.488514,PICHINCHA,QUITO,QUITO,URBANA,2018-03-02,12:29:00,12,VIERNES,5,MARZO,3,NO,PEATON QUE CRUZA LA CALZADA SIN RESPETAR LA SENIALIZACION EXISTENTE (SEMAFOROS O SENIALES MANUALES).,ATROPELLOS,MOTOCICLETA,0,0,0,0,0,0,0,0,1,0,0,0,0,1,47,HOMBRE,LESIONADO,CONDUCTOR PRESENTE,NO,NO,0
10675,33096,33097,2018,0,0,-0.263213,-78.549131,PICHINCHA,QUITO,QUITO,URBANA,2018-03-02,13:00:00,13,VIERNES,5,MARZO,3,NO,NO GUARDAR LA DISTANCIA LATERAL MINIMA DE SEGURIDAD ENTRE VEHICULOS.,CHOQUE LATERAL,AUTOMOVIL,1,0,0,0,0,0,0,0,0,0,0,0,0,1,28,HOMBRE,ILESO,CONDUCTOR PRESENTE,NO,NO,0
10676,33102,33103,2018,0,0,-0.198855,-78.436693,PICHINCHA,QUITO,CUMBAYA,URBANA,2018-03-02,14:30:00,14,VIERNES,5,MARZO,3,NO,PEATON QUE CRUZA LA CALZADA SIN RESPETAR LA SENIALIZACION EXISTENTE (SEMAFOROS O SENIALES MANUALES).,ATROPELLOS,AUTOMOVIL,1,0,0,0,0,0,0,0,0,0,0,0,0,1,28,HOMBRE,ILESO,CONDUCTOR PRESENTE,NO,NO,0
10677,33103,33104,2018,0,0,-0.118357,-78.479187,PICHINCHA,QUITO,QUITO,URBANA,2018-03-02,15:00:00,15,VIERNES,5,MARZO,3,NO,"NO RESPETAR LAS SENIALES REGLAMENTARIAS DE TRANSITO. (PARE, CEDA EL PASO, LUZ ROJA DEL SEMAFORO, ETC).",ESTRELLAMIENTOS,AUTOMOVIL,1,0,0,0,0,0,0,0,0,0,0,0,0,1,-1,NO IDENTIFICADO,NO IDENTIFICADO,CONDUCTOR AUSENTE,NO,NO,2
10678,33104,33105,2018,1,0,-0.105384,-78.497732,PICHINCHA,QUITO,QUITO,URBANA,2018-03-02,15:01:00,15,VIERNES,5,MARZO,3,NO,NO GUARDAR LA DISTANCIA LATERAL MINIMA DE SEGURIDAD ENTRE VEHICULOS.,CHOQUE LATERAL,MOTOCICLETA,0,0,0,0,0,0,0,0,1,0,0,0,0,1,25,HOMBRE,LESIONADO,CONDUCTOR PRESENTE,NO,NO,0
10679,33110,33111,2018,0,0,-0.424177,-78.551562,PICHINCHA,MEJIA,TAMBILLO (MEJIA),RURAL,2018-03-02,16:20:00,16,VIERNES,5,MARZO,3,NO,"CONDUCIR DESATENTO A LAS CONDICIONES DE TRANSITO (CELULAR, PANTALLAS DE VIDEO, COMIDA, MAQUILLAJE O CUALQUIER OTRO ELEMENTO DISTRACTOR).",CHOQUE POSTERIOR,CAMION,0,0,0,1,0,0,0,0,0,0,0,0,2,3,53,HOMBRE,ILESO,CONDUCTOR PRESENTE,NO,NO,3
10680,33111,33112,2018,0,0,-0.280636,-78.466876,PICHINCHA,QUITO,CONOCOTO,URBANA,2018-03-02,16:40:00,16,VIERNES,5,MARZO,3,NO,NO GUARDAR LA DISTANCIA LATERAL MINIMA DE SEGURIDAD ENTRE VEHICULOS.,CHOQUE LATERAL,AUTOMOVIL,1,0,0,0,0,0,0,0,0,0,0,0,0,1,32,MUJER,ILESO,CONDUCTOR PRESENTE,NO,NO,0
10681,33113,33114,2018,0,0,-0.260629,-78.546185,PICHINCHA,QUITO,QUITO,URBANA,2018-03-02,17:15:00,17,VIERNES,5,MARZO,3,NO,"NO RESPETAR LAS SENIALES REGLAMENTARIAS DE TRANSITO. (PARE, CEDA EL PASO, LUZ ROJA DEL SEMAFORO, ETC).",CHOQUE LATERAL,MOTOCICLETA,1,0,0,0,0,0,0,0,1,0,0,0,0,2,34,HOMBRE,ILESO,CONDUCTOR PRESENTE,NO,NO,0
10682,33120,33121,2018,1,0,-0.263621,-78.524648,PICHINCHA,QUITO,QUITO,URBANA,2018-03-02,19:00:00,19,VIERNES,5,MARZO,3,NO,DEJAR O RECOGER PASAJEROS EN LUGARES NO PERMITIDOS.,CAIDA DE PASAJERO,NO IDENTIFICADO,0,0,0,0,0,0,0,0,0,1,0,0,0,1,23,MUJER,LESIONADO,PASAJERO,NO,NO,0
10683,33126,33127,2018,0,0,-0.091585,-78.439052,PICHINCHA,QUITO,CALDERON (CARAPUNGO),URBANA,2018-03-02,20:50:00,20,VIERNES,5,MARZO,3,NO,"CONDUCE BAJO LA INFLUENCIA DE ALCOHOL, SUSTANCIAS ESTUPEFACIENTES O PSICOTROPICAS Y/O MEDICAMENTOS.",CHOQUE FRONTAL,AUTOMOVIL,2,0,0,0,0,0,0,0,0,0,0,0,0,2,33,HOMBRE,ILESO,CONDUCTOR PRESENTE,NO,NO,0
10684,33128,33129,2018,0,0,-0.285961,-78.440097,PICHINCHA,QUITO,ALANGASI,RURAL,2018-03-02,21:28:00,21,VIERNES,5,MARZO,3,NO,CONDUCIR VEHICULO SUPERANDO LOS LIMITES MAXIMOS DE VELOCIDAD.,ROZAMIENTOS,AUTOMOVIL,2,0,0,0,0,0,0,0,0,0,0,0,0,2,23,HOMBRE,ILESO,CONDUCTOR PRESENTE,NO,NO,3
10685,33134,33135,2018,0,0,-0.191862,-78.488332,PICHINCHA,QUITO,QUITO,URBANA,2018-03-02,23:15:00,23,VIERNES,5,MARZO,3,NO,PEATON QUE CRUZA LA CALZADA SIN RESPETAR LA SENIALIZACION EXISTENTE (SEMAFOROS O SENIALES MANUALES).,ATROPELLOS,AUTOMOVIL,1,0,0,0,0,0,0,0,0,0,0,0,0,1,43,HOMBRE,ILESO,CONDUCTOR PRESENTE,NO,NO,0
10686,33136,33137,2018,0,0,-0.141429,-78.482885,PICHINCHA,QUITO,QUITO,URBANA,2018-03-02,23:30:00,23,VIERNES,5,MARZO,3,NO,CONDUCIR VEHICULO SUPERANDO LOS LIMITES MAXIMOS DE VELOCIDAD.,ESTRELLAMIENTOS,AUTOMOVIL,1,0,0,0,0,0,0,0,0,0,0,0,0,1,-1,NO IDENTIFICADO,NO IDENTIFICADO,CONDUCTOR AUSENTE,NO,NO,2
10687,33139,33140,2018,1,0,-0.116014,-78.479591,PICHINCHA,QUITO,QUITO,URBANA,2018-03-03,00:30:00,0,SABADO,6,MARZO,3,NO,NO CEDER EL DERECHO DE VIA O PREFERENCIA DE PASO AL PEATON.,ATROPELLOS,AUTOMOVIL,1,0,0,0,0,0,0,0,0,0,0,0,0,1,28,HOMBRE,LESIONADO,PEATON,NO,NO,0
10688,33141,33142,2018,0,0,-0.202518,-78.481221,PICHINCHA,QUITO,QUITO,URBANA,2018-03-03,00:40:00,0,SABADO,6,MARZO,3,NO,"CONDUCE BAJO LA INFLUENCIA DE ALCOHOL, SUSTANCIAS ESTUPEFACIENTES O PSICOTROPICAS Y/O MEDICAMENTOS.",ESTRELLAMIENTOS,AUTOMOVIL,2,0,0,0,0,0,0,0,0,0,0,0,0,2,38,HOMBRE,ILESO,CONDUCTOR PRESENTE,NO,NO,0
10689,33142,33143,2018,1,0,-0.142041,-78.443217,PICHINCHA,QUITO,LLANO CHICO,URBANA,2018-03-03,00:50:00,0,SABADO,6,MARZO,3,NO,DEJAR O RECOGER PASAJEROS EN LUGARES NO PERMITIDOS.,CAIDA DE PASAJERO,NO IDENTIFICADO,0,0,0,0,0,0,0,0,0,1,0,0,0,1,31,HOMBRE,LESIONADO,PASAJERO,NO,NO,0
10690,33143,33144,2018,1,0,-0.044044,-78.338269,PICHINCHA,QUITO,GUAYLLABAMBA,RURAL,2018-03-03,00:50:00,0,SABADO,6,MARZO,3,NO,"CONDUCIR DESATENTO A LAS CONDICIONES DE TRANSITO (CELULAR, PANTALLAS DE VIDEO, COMIDA, MAQUILLAJE O CUALQUIER OTRO ELEMENTO DISTRACTOR).",ESTRELLAMIENTOS,MOTOCICLETA,0,0,0,0,0,0,0,0,1,0,0,0,0,1,28,HOMBRE,LESIONADO,CONDUCTOR PRESENTE,NO,NO,3
10691,33146,33147,2018,0,0,-0.135724,-78.482111,PICHINCHA,QUITO,QUITO,URBANA,2018-03-03,01:50:00,1,SABADO,6,MARZO,3,NO,"NO RESPETAR LAS SENIALES REGLAMENTARIAS DE TRANSITO. (PARE, CEDA EL PASO, LUZ ROJA DEL SEMAFORO, ETC).",ESTRELLAMIENTOS,AUTOMOVIL,1,0,0,0,0,0,0,0,0,0,0,0,0,1,-1,NO IDENTIFICADO,NO IDENTIFICADO,CONDUCTOR AUSENTE,NO,NO,2
10692,33148,33149,2018,2,0,-0.139499,-78.496669,PICHINCHA,QUITO,QUITO,URBANA,2018-03-03,02:15:00,2,SABADO,6,MARZO,3,NO,CONDUCIR VEHICULO SUPERANDO LOS LIMITES MAXIMOS DE VELOCIDAD.,PERDIDA DE PISTA,MOTOCICLETA,0,0,0,0,0,0,0,0,1,0,0,0,0,1,24,HOMBRE,LESIONADO,PASAJERO,NO,NO,0
10693,33151,33152,2018,0,0,-0.099083,-78.421844,PICHINCHA,QUITO,CALDERON (CARAPUNGO),URBANA,2018-03-03,03:00:00,3,SABADO,6,MARZO,3,NO,MALAS CONDICIONES DE LA VIA Y/O CONFIGURACION. (ILUMINACION Y DISENIO).,CHOQUE POSTERIOR,AUTOMOVIL,2,0,0,0,0,0,0,0,0,0,0,0,0,2,28,MUJER,ILESO,CONDUCTOR PRESENTE,NO,NO,0
10694,33153,33154,2018,0,1,-0.196669,-78.466569,PICHINCHA,QUITO,QUITO,URBANA,2018-03-03,03:50:00,3,SABADO,6,MARZO,3,NO,"CONDUCIR EN ESTADO DE SOMNOLENCIA O MALAS CONDICIONES FISICAS (SUENIO, CANSANCIO Y FATIGA).",ESTRELLAMIENTOS,MOTOCICLETA,0,0,0,0,0,0,0,0,1,0,0,0,0,1,23,HOMBRE,FALLECIDO,CONDUCTOR PRESENTE,NO,NO,0
10695,33157,33158,2018,0,0,-0.276128,-78.488713,PICHINCHA,QUITO,CONOCOTO,URBANA,2018-03-03,04:45:00,4,SABADO,6,MARZO,3,NO,"CONDUCIR DESATENTO A LAS CONDICIONES DE TRANSITO (CELULAR, PANTALLAS DE VIDEO, COMIDA, MAQUILLAJE O CUALQUIER OTRO ELEMENTO DISTRACTOR).",PERDIDA DE PISTA,CAMIONETA,0,0,0,0,1,0,0,0,0,0,0,0,0,1,-1,NO IDENTIFICADO,NO IDENTIFICADO,CONDUCTOR AUSENTE,NO,NO,2
10696,33158,33159,2018,2,1,-0.048004,-78.341703,PICHINCHA,QUITO,GUAYLLABAMBA,RURAL,2018-03-03,05:00:00,5,SABADO,6,MARZO,3,NO,"CONDUCE BAJO LA INFLUENCIA DE ALCOHOL, SUSTANCIAS ESTUPEFACIENTES O PSICOTROPICAS Y/O MEDICAMENTOS.",CHOQUE FRONTAL,VEHICULO DEPORTIVO UTILITARIO,0,0,0,0,0,0,0,0,0,0,0,0,2,2,32,HOMBRE,FALLECIDO,CONDUCTOR PRESENTE,NO,NO,3
10697,33159,33160,2018,0,0,-0.117893,-78.358046,PICHINCHA,QUITO,TABABELA,URBANA,2018-03-03,05:16:00,5,SABADO,6,MARZO,3,NO,"CONDUCE BAJO LA INFLUENCIA DE ALCOHOL, SUSTANCIAS ESTUPEFACIENTES O PSICOTROPICAS Y/O MEDICAMENTOS.",CHOQUE POSTERIOR,AUTOMOVIL,2,0,0,0,0,0,0,0,0,0,0,0,0,2,27,MUJER,ILESO,CONDUCTOR PRESENTE,NO,NO,0
10698,33161,33162,2018,0,1,-0.510295,-78.527798,PICHINCHA,MEJIA,MACHACHI,RURAL,2018-03-03,05:40:00,5,SABADO,6,MARZO,3,NO,NO TRANSITAR POR LAS ACERAS O ZONAS DE SEGURIDAD DESTINADAS PARA EL EFECTO.,ATROPELLOS,NO IDENTIFICADO,0,0,0,0,0,0,0,0,0,1,0,0,0,1,87,HOMBRE,FALLECIDO,PEATON,NO,NO,3
10699,33163,33164,2018,0,0,-0.165895,-78.324047,PICHINCHA,QUITO,YARUQUI,RURAL,2018-03-03,05:50:00,5,SABADO,6,MARZO,3,NO,"CONDUCIR DESATENTO A LAS CONDICIONES DE TRANSITO (CELULAR, PANTALLAS DE VIDEO, COMIDA, MAQUILLAJE O CUALQUIER OTRO ELEMENTO DISTRACTOR).",ESTRELLAMIENTOS,AUTOMOVIL,1,0,0,0,0,0,0,0,0,0,0,0,0,1,-1,NO IDENTIFICADO,NO IDENTIFICADO,CONDUCTOR AUSENTE,NO,NO,2
10700,33168,33169,2018,0,0,-0.272991,-78.529361,PICHINCHA,QUITO,QUITO,URBANA,2018-03-03,06:30:00,6,SABADO,6,MARZO,3,NO,NO CEDER EL DERECHO DE VIA O PREFERENCIA DE PASO A VEHICULOS.,CHOQUE LATERAL,MOTOCICLETA,1,0,0,0,0,0,0,0,1,0,0,0,0,2,27,MUJER,ILESO,CONDUCTOR PRESENTE,NO,NO,0
10701,33173,33174,2018,0,0,-0.128404,-78.488059,PICHINCHA,QUITO,QUITO,URBANA,2018-03-03,07:20:00,7,SABADO,6,MARZO,3,NO,"NO RESPETAR LAS SENIALES REGLAMENTARIAS DE TRANSITO. (PARE, CEDA EL PASO, LUZ ROJA DEL SEMAFORO, ETC).",ESTRELLAMIENTOS,AUTOMOVIL,1,0,0,0,0,0,0,0,0,0,0,0,0,1,-1,NO IDENTIFICADO,NO IDENTIFICADO,CONDUCTOR AUSENTE,NO,NO,2
10702,33174,33175,2018,1,0,-0.016391,-78.451347,PICHINCHA,QUITO,SAN ANTONIO (QUITO),RURAL,2018-03-03,07:30:00,7,SABADO,6,MARZO,3,NO,NO CEDER EL DERECHO DE VIA O PREFERENCIA DE PASO AL PEATON.,ATROPELLOS,AUTOMOVIL,2,0,0,0,0,0,0,0,0,0,0,0,0,2,45,HOMBRE,LESIONADO,PEATON,NO,NO,3
10703,33175,33176,2018,0,0,-0.301659,-78.463312,PICHINCHA,QUITO,CONOCOTO,URBANA,2018-03-03,08:00:00,8,SABADO,6,MARZO,3,NO,NO MANTENER LA DISTANCIA PRUDENCIAL CON RESPECTO AL VEHICULO QUE LE ANTECEDE.,CHOQUE POSTERIOR,AUTOMOVIL,1,0,0,0,0,0,0,0,0,0,0,0,0,1,27,MUJER,ILESO,CONDUCTOR PRESENTE,NO,NO,0
10704,33179,33180,2018,0,0,-0.263992,-78.523687,PICHINCHA,QUITO,QUITO,URBANA,2018-03-03,08:55:00,8,SABADO,6,MARZO,3,NO,"CONDUCE BAJO LA INFLUENCIA DE ALCOHOL, SUSTANCIAS ESTUPEFACIENTES O PSICOTROPICAS Y/O MEDICAMENTOS.",COLISION,AUTOMOVIL,2,0,0,0,1,0,0,0,0,0,0,0,0,3,37,HOMBRE,ILESO,CONDUCTOR PRESENTE,NO,NO,0
10705,33186,33187,2018,1,0,-0.167964,-78.479508,PICHINCHA,QUITO,QUITO,URBANA,2018-03-03,10:20:00,10,SABADO,6,MARZO,3,NO,"NO RESPETAR LAS SENIALES REGLAMENTARIAS DE TRANSITO. (PARE, CEDA EL PASO, LUZ ROJA DEL SEMAFORO, ETC).",CHOQUE LATERAL,AUTOMOVIL,1,0,0,0,0,0,0,0,1,0,0,0,0,2,27,HOMBRE,LESIONADO,CONDUCTOR PRESENTE,NO,NO,0
10706,33198,33199,2018,0,0,-0.263295,-78.487287,PICHINCHA,QUITO,CONOCOTO,URBANA,2018-03-03,14:50:00,14,SABADO,6,MARZO,3,NO,"NO RESPETAR LAS SENIALES REGLAMENTARIAS DE TRANSITO. (PARE, CEDA EL PASO, LUZ ROJA DEL SEMAFORO, ETC).",ESTRELLAMIENTOS,AUTOMOVIL,1,0,0,0,0,0,0,0,0,0,0,0,0,1,-1,NO IDENTIFICADO,NO IDENTIFICADO,CONDUCTOR AUSENTE,NO,NO,2
10707,33202,33203,2018,1,0,-0.328791,-78.537456,PICHINCHA,QUITO,QUITO,URBANA,2018-03-03,16:10:00,16,SABADO,6,MARZO,3,NO,NO CEDER EL DERECHO DE VIA O PREFERENCIA DE PASO A VEHICULOS.,CHOQUE LATERAL,MOTOCICLETA,0,0,1,0,0,0,0,0,1,0,0,0,0,2,21,HOMBRE,LESIONADO,PASAJERO,NO,NO,0
10708,33204,33205,2018,1,0,-0.292724,-78.476486,PICHINCHA,QUITO,CONOCOTO,URBANA,2018-03-03,16:55:00,16,SABADO,6,MARZO,3,NO,"NO RESPETAR LAS SENIALES REGLAMENTARIAS DE TRANSITO. (PARE, CEDA EL PASO, LUZ ROJA DEL SEMAFORO, ETC).",ESTRELLAMIENTOS,MOTOCICLETA,0,0,0,0,0,0,0,0,1,0,0,0,0,1,24,HOMBRE,LESIONADO,CONDUCTOR PRESENTE,NO,NO,0
10709,33205,33206,2018,0,0,-0.206438,-78.370261,PICHINCHA,QUITO,PUEMBO,URBANA,2018-03-03,17:20:00,17,SABADO,6,MARZO,3,NO,NO GUARDAR LA DISTANCIA LATERAL MINIMA DE SEGURIDAD ENTRE VEHICULOS.,CHOQUE LATERAL,AUTOMOVIL,1,0,0,0,0,0,0,0,1,0,0,0,0,2,52,MUJER,ILESO,CONDUCTOR PRESENTE,NO,NO,0
10710,33207,33208,2018,0,0,-0.380243,-78.552178,PICHINCHA,MEJIA,CUTUGLAHUA,RURAL,2018-03-03,17:50:00,17,SABADO,6,MARZO,3,NO,NO GUARDAR LA DISTANCIA LATERAL MINIMA DE SEGURIDAD ENTRE VEHICULOS.,CHOQUE LATERAL,CAMION,1,0,0,1,0,0,0,0,0,0,0,0,0,2,-1,NO IDENTIFICADO,NO IDENTIFICADO,CONDUCTOR AUSENTE,NO,NO,2
10711,33209,33210,2018,0,0,-0.248058,-78.530892,PICHINCHA,QUITO,QUITO,URBANA,2018-03-03,18:20:00,18,SABADO,6,MARZO,3,NO,NO MANTENER LA DISTANCIA PRUDENCIAL CON RESPECTO AL VEHICULO QUE LE ANTECEDE.,CHOQUE POSTERIOR,AUTOMOVIL,1,0,0,0,0,0,0,0,0,0,0,0,0,1,28,MUJER,ILESO,CONDUCTOR PRESENTE,NO,NO,0
10712,33210,33211,2018,1,0,-0.218336,-78.521419,PICHINCHA,QUITO,QUITO,URBANA,2018-03-03,18:35:00,18,SABADO,6,MARZO,3,NO,"CONDUCE BAJO LA INFLUENCIA DE ALCOHOL, SUSTANCIAS ESTUPEFACIENTES O PSICOTROPICAS Y/O MEDICAMENTOS.",ATROPELLOS,AUTOMOVIL,2,0,0,0,0,0,0,0,0,0,0,0,0,2,34,HOMBRE,LESIONADO,PEATON,NO,NO,0
10713,33211,33212,2018,0,0,-0.242405,-78.521401,PICHINCHA,QUITO,QUITO,URBANA,2018-03-03,19:00:00,19,SABADO,6,MARZO,3,NO,"CONDUCIR EN ESTADO DE SOMNOLENCIA O MALAS CONDICIONES FISICAS (SUENIO, CANSANCIO Y FATIGA).",CHOQUE LATERAL,AUTOMOVIL,2,0,0,0,0,0,0,0,0,0,0,0,0,2,41,HOMBRE,ILESO,CONDUCTOR PRESENTE,NO,NO,0
10714,33213,33214,2018,0,1,0.019457,-78.160881,PICHINCHA,CAYAMBE,CAYAMBE,URBANA,2018-03-03,20:00:00,20,SABADO,6,MARZO,3,NO,DEJAR O RECOGER PASAJEROS EN LUGARES NO PERMITIDOS.,ATROPELLOS,NO IDENTIFICADO,0,0,0,0,0,0,0,0,0,1,0,0,0,1,29,HOMBRE,FALLECIDO,PEATON,NO,NO,0
10715,33217,33218,2018,0,0,-0.119584,-78.430059,PICHINCHA,QUITO,CALDERON (CARAPUNGO),URBANA,2018-03-03,21:00:00,21,SABADO,6,MARZO,3,NO,"CONDUCE BAJO LA INFLUENCIA DE ALCOHOL, SUSTANCIAS ESTUPEFACIENTES O PSICOTROPICAS Y/O MEDICAMENTOS.",CHOQUE POSTERIOR,CAMIONETA,1,0,0,0,1,0,0,0,0,0,0,0,0,2,27,HOMBRE,ILESO,CONDUCTOR PRESENTE,NO,NO,0
10716,33223,33224,2018,0,0,-0.281321,-78.494625,PICHINCHA,QUITO,CONOCOTO,URBANA,2018-03-03,22:20:00,22,SABADO,6,MARZO,3,NO,"CONDUCE BAJO LA INFLUENCIA DE ALCOHOL, SUSTANCIAS ESTUPEFACIENTES O PSICOTROPICAS Y/O MEDICAMENTOS.",ROZAMIENTOS,BUS,1,0,1,0,0,0,0,0,0,0,0,0,0,2,42,HOMBRE,ILESO,CONDUCTOR PRESENTE,NO,NO,0
10717,33227,33228,2018,0,0,-0.255277,-78.490506,PICHINCHA,QUITO,QUITO,URBANA,2018-03-03,23:00:00,23,SABADO,6,MARZO,3,NO,CONDUCIR VEHICULO SUPERANDO LOS LIMITES MAXIMOS DE VELOCIDAD.,ESTRELLAMIENTOS,AUTOMOVIL,2,0,0,0,0,0,0,0,0,0,0,0,0,2,30,HOMBRE,ILESO,CONDUCTOR PRESENTE,NO,NO,0
10718,33228,33229,2018,0,0,-0.209095,-78.524326,PICHINCHA,QUITO,QUITO,URBANA,2018-03-03,23:10:00,23,SABADO,6,MARZO,3,NO,NO MANTENER LA DISTANCIA PRUDENCIAL CON RESPECTO AL VEHICULO QUE LE ANTECEDE.,CHOQUE POSTERIOR,AUTOMOVIL,1,0,0,0,0,0,0,0,0,0,0,0,0,1,-1,NO IDENTIFICADO,NO IDENTIFICADO,CONDUCTOR AUSENTE,NO,NO,2
10719,33234,33235,2018,0,0,-0.021426,-78.266025,PICHINCHA,CAYAMBE,OTON,RURAL,2018-03-03,23:55:00,23,SABADO,6,MARZO,3,NO,"CONDUCIR DESATENTO A LAS CONDICIONES DE TRANSITO (CELULAR, PANTALLAS DE VIDEO, COMIDA, MAQUILLAJE O CUALQUIER OTRO ELEMENTO DISTRACTOR).",PERDIDA DE PISTA,CAMION,0,0,0,1,0,0,0,0,0,0,0,0,0,1,29,HOMBRE,ILESO,CONDUCTOR PRESENTE,NO,NO,3
10720,33241,33242,2018,0,0,-0.491788,-78.570681,PICHINCHA,MEJIA,ALOAG,RURAL,2018-03-04,02:20:00,2,DOMINGO,7,MARZO,3,NO,"CONDUCIR DESATENTO A LAS CONDICIONES DE TRANSITO (CELULAR, PANTALLAS DE VIDEO, COMIDA, MAQUILLAJE O CUALQUIER OTRO ELEMENTO DISTRACTOR).",VOLCAMIENTOS,CAMIONETA,0,0,0,0,1,0,0,0,0,0,0,0,0,1,-1,NO IDENTIFICADO,NO IDENTIFICADO,CONDUCTOR AUSENTE,NO,NO,2
10721,33242,33243,2018,0,0,-0.289265,-78.537666,PICHINCHA,QUITO,QUITO,URBANA,2018-03-04,02:25:00,2,DOMINGO,7,MARZO,3,NO,"CONDUCIR EN ESTADO DE SOMNOLENCIA O MALAS CONDICIONES FISICAS (SUENIO, CANSANCIO Y FATIGA).",ESTRELLAMIENTOS,AUTOMOVIL,1,0,0,0,0,0,0,0,0,0,0,0,0,1,30,HOMBRE,ILESO,CONDUCTOR PRESENTE,NO,NO,0
10722,33243,33244,2018,2,0,-0.297906,-78.549786,PICHINCHA,QUITO,QUITO,URBANA,2018-03-04,02:45:00,2,DOMINGO,7,MARZO,3,NO,"NO RESPETAR LAS SENIALES REGLAMENTARIAS DE TRANSITO. (PARE, CEDA EL PASO, LUZ ROJA DEL SEMAFORO, ETC).",CHOQUE LATERAL,MOTOCICLETA,0,0,0,0,0,0,0,0,1,0,0,0,0,1,27,HOMBRE,LESIONADO,CONDUCTOR PRESENTE,NO,NO,0
10723,33255,33256,2018,0,0,-0.144701,-78.483489,PICHINCHA,QUITO,QUITO,URBANA,2018-03-04,05:40:00,5,DOMINGO,7,MARZO,3,NO,"CASO FORTUITO O FUERZA MAYOR (EXPLOSION DE NEUMATICO NUEVO, DERRUMBE, INUNDACION, CAIDA DE PUENTE, ARBOL, PRESENCIA INTEMPESTIVA E IMPREVISTA DE SEMOVIENTES EN LA VIA, ETC.).",ESTRELLAMIENTOS,AUTOMOVIL,1,0,0,0,0,0,0,0,0,0,0,0,0,1,36,HOMBRE,ILESO,CONDUCTOR PRESENTE,NO,NO,0
10724,33256,33257,2018,2,0,-0.299151,-78.531528,PICHINCHA,QUITO,QUITO,URBANA,2018-03-04,05:50:00,5,DOMINGO,7,MARZO,3,NO,"CONDUCIR EN ESTADO DE SOMNOLENCIA O MALAS CONDICIONES FISICAS (SUENIO, CANSANCIO Y FATIGA).",ATROPELLOS,AUTOMOVIL,1,0,0,0,0,0,0,0,0,0,0,0,0,1,26,HOMBRE,LESIONADO,PEATON,NO,NO,0
10725,33260,33261,2018,0,0,-0.133596,-78.497687,PICHINCHA,QUITO,QUITO,URBANA,2018-03-04,07:05:00,7,DOMINGO,7,MARZO,3,NO,"NO RESPETAR LAS SENIALES REGLAMENTARIAS DE TRANSITO. (PARE, CEDA EL PASO, LUZ ROJA DEL SEMAFORO, ETC).",CHOQUE LATERAL,AUTOMOVIL,2,0,0,0,0,0,0,0,0,0,0,0,0,2,34,HOMBRE,ILESO,CONDUCTOR PRESENTE,NO,NO,0
10726,33262,33263,2018,0,0,-0.277722,-78.496608,PICHINCHA,QUITO,CONOCOTO,URBANA,2018-03-04,08:40:00,8,DOMINGO,7,MARZO,3,NO,CONDUCIR VEHICULO SUPERANDO LOS LIMITES MAXIMOS DE VELOCIDAD.,ESTRELLAMIENTOS,AUTOMOVIL,1,0,0,0,0,0,0,0,0,0,0,0,0,1,-1,NO IDENTIFICADO,NO IDENTIFICADO,CONDUCTOR AUSENTE,NO,NO,2
10727,33263,33264,2018,1,0,-0.187688,-78.480936,PICHINCHA,QUITO,QUITO,URBANA,2018-03-04,08:44:00,8,DOMINGO,7,MARZO,3,NO,"NO RESPETAR LAS SENIALES REGLAMENTARIAS DE TRANSITO. (PARE, CEDA EL PASO, LUZ ROJA DEL SEMAFORO, ETC).",CHOQUE LATERAL,CAMIONETA,0,1,0,0,1,0,0,0,0,0,0,0,0,2,43,MUJER,LESIONADO,CONDUCTOR PRESENTE,NO,NO,0
10728,33264,33265,2018,0,0,-0.064191,-78.352261,PICHINCHA,QUITO,GUAYLLABAMBA,RURAL,2018-03-04,09:00:00,9,DOMINGO,7,MARZO,3,NO,"CONDUCE BAJO LA INFLUENCIA DE ALCOHOL, SUSTANCIAS ESTUPEFACIENTES O PSICOTROPICAS Y/O MEDICAMENTOS.",ESTRELLAMIENTOS,AUTOMOVIL,1,0,0,0,0,0,0,0,0,0,0,0,0,1,26,MUJER,ILESO,CONDUCTOR PRESENTE,NO,NO,3
10729,33272,33273,2018,0,0,-0.242475,-78.497488,PICHINCHA,QUITO,QUITO,URBANA,2018-03-04,11:00:00,11,DOMINGO,7,MARZO,3,NO,NO MANTENER LA DISTANCIA PRUDENCIAL CON RESPECTO AL VEHICULO QUE LE ANTECEDE.,COLISION,CAMION,2,0,0,1,0,0,0,0,0,0,0,0,0,3,37,HOMBRE,ILESO,CONDUCTOR PRESENTE,NO,NO,0
10730,33273,33274,2018,0,0,-0.160376,-78.485711,PICHINCHA,QUITO,QUITO,URBANA,2018-03-04,12:45:00,12,DOMINGO,7,MARZO,3,NO,CONDUCIR VEHICULO SUPERANDO LOS LIMITES MAXIMOS DE VELOCIDAD.,CHOQUE LATERAL,MOTOCICLETA,0,0,0,0,0,0,0,0,1,0,0,0,0,1,25,HOMBRE,ILESO,CONDUCTOR PRESENTE,NO,NO,0