,Unnamed: 0,ID,ANIO,LESIONADOS,FALLECIDOS,LATITUD_Y,LONGITUD_X,PROVINCIA,CANTON,PARROQUIA,ZONA,FECHA,HORA,PERIODO_2,DIA_1,DIA_2,MES_1,MES_2,FERIADO,CAUSA_PROBABLE,TIPO_DE_SINIESTRO,TIPO_DE_VEHICULO_1,AUTOMOVIL,BICICLETA,BUS,CAMION,CAMIONETA,EMERGENCIAS,ESPECIAL,FURGONETA,MOTOCICLETA,NO_IDENTIFICADO,SCOOTER_ELECTRICO,TRICIMOTO,VEHICULO_DEPORTIVO_UTILITARIO,SUMA_DE_VEHICULOS,EDAD_1,SEXO_1,CONDICION_1,PARTICIPANTE_1,CASCO_1,CINTURON_1,KMeans_Cluster
10788,33440,33441,2018,1,0,-0.169246,-78.484381,PICHINCHA,QUITO,QUITO,URBANA,2018-03-07,07:15:00,7,MIERCOLES,3,MARZO,3,NO,NO TRANSITAR POR LAS ACERAS O ZONAS DE SEGURIDAD DESTINADAS PARA EL EFECTO.,ATROPELLOS,AUTOMOVIL,1,0,0,0,0,0,0,0,0,0,0,0,0,1,32,HOMBRE,LESIONADO,PEATON,NO,NO,0
10789,33442,33443,2018,0,0,-0.292724,-78.476486,PICHINCHA,QUITO,CONOCOTO,URBANA,2018-03-07,07:35:00,7,MIERCOLES,3,MARZO,3,NO,"FALLA MECANICA EN LOS SISTEMAS Y/O NEUMATICOS (SISTEMA DE FRENOS, DIRECCION, ELECTRONICO O MECANICO).",OTROS,BUS,0,0,1,0,0,0,0,0,0,0,0,0,0,1,-1,NO IDENTIFICADO,NO IDENTIFICADO,CONDUCTOR AUSENTE,NO,NO,2
10790,33451,33452,2018,0,0,-0.186731,-78.490133,PICHINCHA,QUITO,QUITO,URBANA,2018-03-07,12:50:00,12,MIERCOLES,3,MARZO,3,NO,"CONDUCIR DESATENTO A LAS CONDICIONES DE TRANSITO (CELULAR, PANTALLAS DE VIDEO, COMIDA, MAQUILLAJE O CUALQUIER OTRO ELEMENTO DISTRACTOR).",CHOQUE LATERAL,FURGONETA,1,0,0,0,0,0,0,1,0,0,0,0,0,2,21,HOMBRE,ILESO,CONDUCTOR PRESENTE,NO,NO,0
10791,33452,33453,2018,0,0,-0.094839,-78.482724,PICHINCHA,QUITO,QUITO,URBANA,2018-03-07,13:30:00,13,MIERCOLES,3,MARZO,3,NO,"FALLA MECANICA EN LOS SISTEMAS Y/O NEUMATICOS (SISTEMA DE FRENOS, DIRECCION, ELECTRONICO O MECANICO).",CHOQUE POSTERIOR,AUTOMOVIL,2,0,0,0,0,0,0,0,0,0,0,0,0,2,64,MUJER,ILESO,CONDUCTOR PRESENTE,NO,NO,0
10792,33453,33454,2018,1,0,-0.291533,-78.545007,PICHINCHA,QUITO,QUITO,URBANA,2018-03-07,14:00:00,14,MIERCOLES,3,MARZO,3,NO,NO TRANSITAR POR LAS ACERAS O ZONAS DE SEGURIDAD DESTINADAS PARA EL EFECTO.,ATROPELLOS,AUTOMOVIL,1,0,0,0,0,0,0,0,0,0,0,0,0,1,14,MUJER,LESIONADO,PEATON,NO,NO,0
10793,33454,33455,2018,0,0,-0.180334,-78.489019,PICHINCHA,QUITO,QUITO,URBANA,2018-03-07,14:03:00,14,MIERCOLES,3,MARZO,3,NO,NO CEDER EL DERECHO DE VIA O PREFERENCIA DE PASO A VEHICULOS.,CHOQUE LATERAL,AUTOMOVIL,1,0,0,0,0,0,0,0,0,0,0,0,0,1,35,HOMBRE,ILESO,CONDUCTOR PRESENTE,NO,NO,0
10794,33461,33462,2018,1,0,-0.218421,-78.388507,PICHINCHA,QUITO,TUMBACO,URBANA,2018-03-07,15:50:00,15,MIERCOLES,3,MARZO,3,NO,"CONDUCIR DESATENTO A LAS CONDICIONES DE TRANSITO (CELULAR, PANTALLAS DE VIDEO, COMIDA, MAQUILLAJE O CUALQUIER OTRO ELEMENTO DISTRACTOR).",ESTRELLAMIENTOS,CAMIONETA,1,0,0,0,1,0,0,0,0,0,0,0,0,2,31,MUJER,LESIONADO,CONDUCTOR PRESENTE,NO,NO,0
10795,33462,33463,2018,1,0,-0.206932,-78.496598,PICHINCHA,QUITO,QUITO,URBANA,2018-03-07,16:25:00,16,MIERCOLES,3,MARZO,3,NO,NO CEDER EL DERECHO DE VIA O PREFERENCIA DE PASO A VEHICULOS.,CHOQUE LATERAL,AUTOMOVIL,1,1,0,0,0,0,0,0,0,0,0,0,0,2,43,HOMBRE,LESIONADO,CONDUCTOR PRESENTE,NO,NO,0
10796,33467,33468,2018,0,0,-0.092531,-78.436732,PICHINCHA,QUITO,CALDERON (CARAPUNGO),URBANA,2018-03-07,17:20:00,17,MIERCOLES,3,MARZO,3,NO,NO GUARDAR LA DISTANCIA LATERAL MINIMA DE SEGURIDAD ENTRE VEHICULOS.,CHOQUE LATERAL,BUS,1,0,1,0,0,0,0,0,0,0,0,0,0,2,37,MUJER,ILESO,CONDUCTOR PRESENTE,NO,NO,0
10797,33468,33469,2018,0,0,-0.177282,-78.359537,PICHINCHA,QUITO,PUEMBO,URBANA,2018-03-07,17:45:00,17,MIERCOLES,3,MARZO,3,NO,NO GUARDAR LA DISTANCIA LATERAL MINIMA DE SEGURIDAD ENTRE VEHICULOS.,CHOQUE LATERAL,AUTOMOVIL,2,0,0,0,0,0,0,0,0,0,0,0,0,2,55,HOMBRE,ILESO,CONDUCTOR PRESENTE,NO,NO,0
10798,33471,33472,2018,2,0,-0.071717,-78.473339,PICHINCHA,QUITO,POMASQUI,URBANA,2018-03-07,18:40:00,18,MIERCOLES,3,MARZO,3,NO,DEJAR O RECOGER PASAJEROS EN LUGARES NO PERMITIDOS.,ATROPELLOS,MOTOCICLETA,0,0,0,0,0,0,0,0,1,0,0,0,0,1,35,HOMBRE,LESIONADO,CONDUCTOR PRESENTE,NO,NO,0
10799,33474,33475,2018,1,0,-0.244553,-78.502496,PICHINCHA,QUITO,QUITO,URBANA,2018-03-07,18:45:00,18,MIERCOLES,3,MARZO,3,NO,"CONDUCE BAJO LA INFLUENCIA DE ALCOHOL, SUSTANCIAS ESTUPEFACIENTES O PSICOTROPICAS Y/O MEDICAMENTOS.",ESTRELLAMIENTOS,AUTOMOVIL,1,0,0,0,0,0,0,0,0,0,0,0,0,1,15,HOMBRE,LESIONADO,PEATON,NO,NO,0
10800,33476,33477,2018,0,0,-0.111892,-78.506891,PICHINCHA,QUITO,QUITO,URBANA,2018-03-07,19:20:00,19,MIERCOLES,3,MARZO,3,NO,"CONDUCE BAJO LA INFLUENCIA DE ALCOHOL, SUSTANCIAS ESTUPEFACIENTES O PSICOTROPICAS Y/O MEDICAMENTOS.",CHOQUE POSTERIOR,AUTOMOVIL,2,0,0,0,0,0,0,0,0,0,0,0,0,2,30,HOMBRE,ILESO,CONDUCTOR PRESENTE,NO,NO,0
10801,33481,33482,2018,0,0,-0.087769,-78.429748,PICHINCHA,QUITO,CALDERON (CARAPUNGO),URBANA,2018-03-07,21:25:00,21,MIERCOLES,3,MARZO,3,NO,"NO RESPETAR LAS SENIALES REGLAMENTARIAS DE TRANSITO. (PARE, CEDA EL PASO, LUZ ROJA DEL SEMAFORO, ETC).",OTROS,MOTOCICLETA,0,0,0,0,0,0,0,0,1,1,0,0,0,2,-1,NO IDENTIFICADO,NO IDENTIFICADO,CONDUCTOR AUSENTE,NO,NO,2
10802,33487,33488,2018,1,0,-0.219146,-78.507344,PICHINCHA,QUITO,QUITO,URBANA,2018-03-08,00:00:00,0,JUEVES,4,MARZO,3,NO,"PRESENCIA DE AGENTES EXTERNOS EN LA VIA (AGUA, ACEITE, PIEDRA, LASTRE, ESCOMBROS, MADEROS, ETC.).",VOLCAMIENTOS,MOTOCICLETA,0,0,0,0,0,0,0,0,1,0,0,0,0,1,20,HOMBRE,LESIONADO,PASAJERO,NO,NO,0
10803,33492,33493,2018,0,0,-0.277624,-78.531251,PICHINCHA,QUITO,QUITO,URBANA,2018-03-08,03:35:00,3,JUEVES,4,MARZO,3,NO,CONDUCIR VEHICULO SUPERANDO LOS LIMITES MAXIMOS DE VELOCIDAD.,ESTRELLAMIENTOS,AUTOMOVIL,1,0,0,0,0,0,0,0,0,0,0,0,0,1,-1,NO IDENTIFICADO,NO IDENTIFICADO,CONDUCTOR AUSENTE,NO,NO,2
10804,33493,33494,2018,0,0,-0.090041,-78.509884,PICHINCHA,QUITO,QUITO,URBANA,2018-03-08,05:55:00,5,JUEVES,4,MARZO,3,NO,NO GUARDAR LA DISTANCIA LATERAL MINIMA DE SEGURIDAD ENTRE VEHICULOS.,CHOQUE LATERAL,AUTOMOVIL,1,0,0,0,0,0,0,0,0,0,0,0,1,2,27,HOMBRE,ILESO,CONDUCTOR PRESENTE,NO,NO,0
10805,33494,33495,2018,0,0,-0.239847,-78.527526,PICHINCHA,QUITO,QUITO,URBANA,2018-03-08,06:20:00,6,JUEVES,4,MARZO,3,NO,NO CEDER EL DERECHO DE VIA O PREFERENCIA DE PASO A VEHICULOS.,CHOQUE LATERAL,FURGONETA,1,0,0,0,0,0,0,1,0,0,0,0,0,2,35,HOMBRE,ILESO,CONDUCTOR PRESENTE,NO,NO,0
10806,33495,33496,2018,1,0,-0.176001,-78.455411,PICHINCHA,QUITO,QUITO,URBANA,2018-03-08,06:45:00,6,JUEVES,4,MARZO,3,NO,NO MANTENER LA DISTANCIA PRUDENCIAL CON RESPECTO AL VEHICULO QUE LE ANTECEDE.,CHOQUE LATERAL,CAMIONETA,0,0,0,0,1,0,0,0,1,0,0,0,0,2,31,HOMBRE,LESIONADO,CONDUCTOR PRESENTE,NO,NO,0
10807,33497,33498,2018,0,0,-0.246102,-78.530807,PICHINCHA,QUITO,QUITO,URBANA,2018-03-08,06:58:00,6,JUEVES,4,MARZO,3,NO,NO CEDER EL DERECHO DE VIA O PREFERENCIA DE PASO A VEHICULOS.,CHOQUE LATERAL,AUTOMOVIL,2,0,0,0,0,0,0,0,0,0,0,0,0,2,38,HOMBRE,ILESO,CONDUCTOR PRESENTE,NO,NO,0
10808,33506,33507,2018,1,0,-0.101281,-78.481148,PICHINCHA,QUITO,QUITO,URBANA,2018-03-08,10:30:00,10,JUEVES,4,MARZO,3,NO,CONDUCIR VEHICULO SUPERANDO LOS LIMITES MAXIMOS DE VELOCIDAD.,OTROS,MOTOCICLETA,0,0,0,0,0,0,0,0,1,0,0,0,0,1,31,MUJER,LESIONADO,CONDUCTOR PRESENTE,NO,NO,0
10809,33511,33512,2018,1,0,-0.328239,-78.538128,PICHINCHA,QUITO,QUITO,URBANA,2018-03-08,13:00:00,13,JUEVES,4,MARZO,3,NO,NO TRANSITAR POR LAS ACERAS O ZONAS DE SEGURIDAD DESTINADAS PARA EL EFECTO.,ATROPELLOS,BUS,0,0,1,0,0,0,0,0,0,0,0,0,0,1,40,HOMBRE,LESIONADO,PEATON,NO,NO,0
10810,33513,33514,2018,0,0,-0.181406,-78.505089,PICHINCHA,QUITO,QUITO,URBANA,2018-03-08,13:40:00,13,JUEVES,4,MARZO,3,NO,NO MANTENER LA DISTANCIA PRUDENCIAL CON RESPECTO AL VEHICULO QUE LE ANTECEDE.,CHOQUE POSTERIOR,AUTOMOVIL,2,0,0,0,0,0,0,0,0,0,0,0,0,2,59,HOMBRE,ILESO,CONDUCTOR PRESENTE,NO,NO,0
10811,33515,33516,2018,0,0,-0.262722,-78.538106,PICHINCHA,QUITO,QUITO,URBANA,2018-03-08,14:38:00,14,JUEVES,4,MARZO,3,NO,"NO RESPETAR LAS SENIALES REGLAMENTARIAS DE TRANSITO. (PARE, CEDA EL PASO, LUZ ROJA DEL SEMAFORO, ETC).",CHOQUE LATERAL,CAMIONETA,1,0,0,0,1,0,0,0,0,0,0,0,0,2,50,HOMBRE,ILESO,CONDUCTOR PRESENTE,NO,NO,0
10812,33517,33518,2018,0,0,-0.315491,-78.553537,PICHINCHA,QUITO,QUITO,URBANA,2018-03-08,14:55:00,14,JUEVES,4,MARZO,3,NO,"NO RESPETAR LAS SENIALES REGLAMENTARIAS DE TRANSITO. (PARE, CEDA EL PASO, LUZ ROJA DEL SEMAFORO, ETC).",CHOQUE LATERAL,MOTOCICLETA,0,0,0,0,0,0,0,0,1,1,0,0,0,2,34,MUJER,ILESO,CONDUCTOR PRESENTE,NO,NO,0
10813,33518,33519,2018,2,0,-0.315496,-78.553448,PICHINCHA,QUITO,QUITO,URBANA,2018-03-08,15:30:00,15,JUEVES,4,MARZO,3,NO,"NO RESPETAR LAS SENIALES REGLAMENTARIAS DE TRANSITO. (PARE, CEDA EL PASO, LUZ ROJA DEL SEMAFORO, ETC).",PERDIDA DE PISTA,NO IDENTIFICADO,0,0,0,0,0,0,0,0,0,1,0,0,0,1,27,HOMBRE,LESIONADO,PASAJERO,NO,NO,0
10814,33522,33523,2018,0,0,-0.215229,-78.501178,PICHINCHA,QUITO,QUITO,URBANA,2018-03-08,17:00:00,17,JUEVES,4,MARZO,3,NO,CONDUCIR VEHICULO SUPERANDO LOS LIMITES MAXIMOS DE VELOCIDAD.,VOLCAMIENTOS,MOTOCICLETA,0,0,0,0,0,0,0,0,1,0,0,0,0,1,26,MUJER,ILESO,CONDUCTOR PRESENTE,NO,NO,0
10815,33525,33526,2018,0,0,-0.214754,-78.410815,PICHINCHA,QUITO,TUMBACO,URBANA,2018-03-08,18:40:00,18,JUEVES,4,MARZO,3,NO,"CONDUCE BAJO LA INFLUENCIA DE ALCOHOL, SUSTANCIAS ESTUPEFACIENTES O PSICOTROPICAS Y/O MEDICAMENTOS.",CHOQUE LATERAL,AUTOMOVIL,1,0,0,0,1,0,0,0,0,0,0,0,0,2,19,HOMBRE,ILESO,CONDUCTOR PRESENTE,NO,NO,0
10816,33535,33536,2018,0,0,-0.265007,-78.552771,PICHINCHA,QUITO,QUITO,URBANA,2018-03-08,22:50:00,22,JUEVES,4,MARZO,3,NO,"NO RESPETAR LAS SENIALES REGLAMENTARIAS DE TRANSITO. (PARE, CEDA EL PASO, LUZ ROJA DEL SEMAFORO, ETC).",ESTRELLAMIENTOS,FURGONETA,0,0,0,0,0,0,0,1,0,1,0,0,0,2,26,HOMBRE,ILESO,CONDUCTOR PRESENTE,NO,NO,0
10817,33540,33541,2018,1,0,-0.133798,-78.501982,PICHINCHA,QUITO,QUITO,URBANA,2018-03-09,02:00:00,2,VIERNES,5,MARZO,3,NO,"PRESENCIA DE AGENTES EXTERNOS EN LA VIA (AGUA, ACEITE, PIEDRA, LASTRE, ESCOMBROS, MADEROS, ETC.).",VOLCAMIENTOS,MOTOCICLETA,0,0,0,0,0,0,0,0,1,0,0,0,0,1,26,HOMBRE,LESIONADO,CONDUCTOR PRESENTE,NO,NO,0
10818,33547,33548,2018,0,1,-0.147951,-78.469082,PICHINCHA,QUITO,QUITO,URBANA,2018-03-09,06:30:00,6,VIERNES,5,MARZO,3,NO,NO TRANSITAR POR LAS ACERAS O ZONAS DE SEGURIDAD DESTINADAS PARA EL EFECTO.,ATROPELLOS,BUS,0,0,2,0,0,0,0,0,0,0,0,0,0,2,23,MUJER,FALLECIDO,PEATON,NO,NO,0
10819,33551,33552,2018,0,0,-0.190017,-78.453854,PICHINCHA,QUITO,NAYON,URBANA,2018-03-09,07:00:00,7,VIERNES,5,MARZO,3,NO,NO MANTENER LA DISTANCIA PRUDENCIAL CON RESPECTO AL VEHICULO QUE LE ANTECEDE.,CHOQUE POSTERIOR,AUTOMOVIL,2,0,0,0,0,0,0,0,0,0,0,0,0,2,34,MUJER,ILESO,CONDUCTOR PRESENTE,NO,NO,0
10820,33557,33558,2018,2,0,-0.286581,-78.549902,PICHINCHA,QUITO,QUITO,URBANA,2018-03-09,10:19:00,10,VIERNES,5,MARZO,3,NO,NO TRANSITAR POR LAS ACERAS O ZONAS DE SEGURIDAD DESTINADAS PARA EL EFECTO.,ATROPELLOS,AUTOMOVIL,1,0,0,0,0,0,0,0,0,0,0,0,0,1,19,MUJER,LESIONADO,PEATON,NO,NO,0
10821,33558,33559,2018,0,0,-0.146272,-78.475036,PICHINCHA,QUITO,QUITO,URBANA,2018-03-09,10:50:00,10,VIERNES,5,MARZO,3,NO,"CONDUCE BAJO LA INFLUENCIA DE ALCOHOL, SUSTANCIAS ESTUPEFACIENTES O PSICOTROPICAS Y/O MEDICAMENTOS.",CHOQUE POSTERIOR,AUTOMOVIL,2,0,0,0,0,0,0,0,0,0,0,0,0,2,36,HOMBRE,ILESO,CONDUCTOR PRESENTE,NO,NO,0
10822,33561,33562,2018,2,0,-0.291069,-78.545923,PICHINCHA,QUITO,QUITO,URBANA,2018-03-09,12:30:00,12,VIERNES,5,MARZO,3,NO,"NO RESPETAR LAS SENIALES REGLAMENTARIAS DE TRANSITO. (PARE, CEDA EL PASO, LUZ ROJA DEL SEMAFORO, ETC).",CHOQUE LATERAL,AUTOMOVIL,2,0,0,0,0,0,0,0,0,0,0,0,0,2,31,MUJER,LESIONADO,CONDUCTOR PRESENTE,NO,NO,0
10823,33567,33568,2018,1,0,-0.129197,-78.502316,PICHINCHA,QUITO,QUITO,URBANA,2018-03-09,14:20:00,14,VIERNES,5,MARZO,3,NO,"CONDUCIR DESATENTO A LAS CONDICIONES DE TRANSITO (CELULAR, PANTALLAS DE VIDEO, COMIDA, MAQUILLAJE O CUALQUIER OTRO ELEMENTO DISTRACTOR).",VOLCAMIENTOS,MOTOCICLETA,0,0,0,0,0,0,0,0,1,0,0,0,0,1,47,HOMBRE,LESIONADO,CONDUCTOR PRESENTE,NO,NO,0
10824,33570,33571,2018,2,0,-0.196311,-78.512741,PICHINCHA,QUITO,QUITO,URBANA,2018-03-09,14:45:00,14,VIERNES,5,MARZO,3,NO,CONDUCIR VEHICULO SUPERANDO LOS LIMITES MAXIMOS DE VELOCIDAD.,VOLCAMIENTOS,MOTOCICLETA,0,0,0,0,0,0,0,0,1,0,0,0,0,1,29,HOMBRE,LESIONADO,CONDUCTOR PRESENTE,NO,NO,0
10825,33573,33574,2018,1,0,-0.162807,-78.486602,PICHINCHA,QUITO,QUITO,URBANA,2018-03-09,14:50:00,14,VIERNES,5,MARZO,3,NO,NO TRANSITAR POR LAS ACERAS O ZONAS DE SEGURIDAD DESTINADAS PARA EL EFECTO.,ATROPELLOS,AUTOMOVIL,1,0,0,0,0,0,0,0,0,0,0,0,0,1,26,MUJER,LESIONADO,PEATON,NO,NO,0
10826,33574,33575,2018,1,0,-0.162831,-78.486035,PICHINCHA,QUITO,QUITO,URBANA,2018-03-09,14:50:00,14,VIERNES,5,MARZO,3,NO,"CONDUCIR DESATENTO A LAS CONDICIONES DE TRANSITO (CELULAR, PANTALLAS DE VIDEO, COMIDA, MAQUILLAJE O CUALQUIER OTRO ELEMENTO DISTRACTOR).",VOLCAMIENTOS,MOTOCICLETA,0,0,0,0,0,0,0,0,1,0,0,0,0,1,49,HOMBRE,LESIONADO,CONDUCTOR PRESENTE,NO,NO,0
10827,33576,33577,2018,0,0,-0.250784,-78.503375,PICHINCHA,QUITO,QUITO,URBANA,2018-03-09,15:25:00,15,VIERNES,5,MARZO,3,NO,CONDUCIR VEHICULO SUPERANDO LOS LIMITES MAXIMOS DE VELOCIDAD.,ESTRELLAMIENTOS,AUTOMOVIL,1,0,0,0,0,0,0,0,0,0,0,0,0,1,-1,NO IDENTIFICADO,NO IDENTIFICADO,CONDUCTOR AUSENTE,NO,NO,2
10828,33577,33578,2018,4,0,-0.130812,-78.309016,PICHINCHA,QUITO,CHECA (CHILPA),RURAL,2018-03-09,15:30:00,15,VIERNES,5,MARZO,3,NO,"CONDUCIR DESATENTO A LAS CONDICIONES DE TRANSITO (CELULAR, PANTALLAS DE VIDEO, COMIDA, MAQUILLAJE O CUALQUIER OTRO ELEMENTO DISTRACTOR).",PERDIDA DE PISTA,VEHICULO DEPORTIVO UTILITARIO,0,0,0,0,0,0,0,0,0,0,0,0,1,1,23,HOMBRE,LESIONADO,PASAJERO,NO,NO,3
10829,33584,33585,2018,0,0,-0.206931,-78.425899,PICHINCHA,QUITO,CUMBAYA,URBANA,2018-03-09,17:30:00,17,VIERNES,5,MARZO,3,NO,NO MANTENER LA DISTANCIA PRUDENCIAL CON RESPECTO AL VEHICULO QUE LE ANTECEDE.,CHOQUE POSTERIOR,MOTOCICLETA,1,0,0,0,0,0,0,0,1,0,0,0,0,2,54,HOMBRE,ILESO,CONDUCTOR PRESENTE,NO,NO,0
10830,33588,33589,2018,0,0,-0.098022,-78.443238,PICHINCHA,QUITO,CALDERON (CARAPUNGO),URBANA,2018-03-09,18:05:00,18,VIERNES,5,MARZO,3,NO,CONDUCIR VEHICULO SUPERANDO LOS LIMITES MAXIMOS DE VELOCIDAD.,CHOQUE LATERAL,AUTOMOVIL,1,0,0,0,0,0,0,0,0,0,0,0,1,2,35,MUJER,ILESO,CONDUCTOR PRESENTE,NO,NO,0
10831,33592,33593,2018,1,0,-0.209912,-78.547393,PICHINCHA,QUITO,QUITO,URBANA,2018-03-09,19:00:00,19,VIERNES,5,MARZO,3,NO,PEATON QUE CRUZA LA CALZADA SIN RESPETAR LA SENIALIZACION EXISTENTE (SEMAFOROS O SENIALES MANUALES).,ATROPELLOS,MOTOCICLETA,0,0,0,0,0,0,0,0,1,0,0,0,0,1,22,MUJER,LESIONADO,PEATON,NO,NO,0
10832,33593,33594,2018,1,0,-0.243922,-78.539909,PICHINCHA,QUITO,QUITO,URBANA,2018-03-09,19:00:00,19,VIERNES,5,MARZO,3,NO,PEATON QUE CRUZA LA CALZADA SIN RESPETAR LA SENIALIZACION EXISTENTE (SEMAFOROS O SENIALES MANUALES).,ATROPELLOS,MOTOCICLETA,0,0,0,0,0,0,0,0,1,0,0,0,0,1,8,MUJER,LESIONADO,PEATON,NO,NO,0
10833,33599,33600,2018,1,0,-0.129112,-78.498255,PICHINCHA,QUITO,QUITO,URBANA,2018-03-09,20:00:00,20,VIERNES,5,MARZO,3,NO,NO CEDER EL DERECHO DE VIA O PREFERENCIA DE PASO AL PEATON.,ATROPELLOS,MOTOCICLETA,0,0,0,0,0,0,0,0,1,0,0,0,0,1,26,HOMBRE,LESIONADO,PEATON,NO,NO,0
10834,33600,33601,2018,0,0,-0.232716,-78.503774,PICHINCHA,QUITO,QUITO,URBANA,2018-03-09,20:05:00,20,VIERNES,5,MARZO,3,NO,NO MANTENER LA DISTANCIA PRUDENCIAL CON RESPECTO AL VEHICULO QUE LE ANTECEDE.,CHOQUE POSTERIOR,CAMIONETA,1,0,0,0,1,0,0,0,0,0,0,0,0,2,34,HOMBRE,ILESO,CONDUCTOR PRESENTE,NO,NO,0
10835,33603,33604,2018,0,0,-0.120019,-78.489857,PICHINCHA,QUITO,QUITO,URBANA,2018-03-09,21:05:00,21,VIERNES,5,MARZO,3,NO,NO GUARDAR LA DISTANCIA LATERAL MINIMA DE SEGURIDAD ENTRE VEHICULOS.,ROZAMIENTOS,CAMIONETA,1,0,0,0,1,0,0,0,0,0,0,0,0,2,19,MUJER,ILESO,CONDUCTOR PRESENTE,NO,NO,0
10836,33606,33607,2018,0,1,-0.325292,-78.418782,PICHINCHA,QUITO,ALANGASI,URBANA,2018-03-09,22:15:00,22,VIERNES,5,MARZO,3,NO,"CONDUCIR DESATENTO A LAS CONDICIONES DE TRANSITO (CELULAR, PANTALLAS DE VIDEO, COMIDA, MAQUILLAJE O CUALQUIER OTRO ELEMENTO DISTRACTOR).",ESTRELLAMIENTOS,MOTOCICLETA,0,0,0,0,0,0,0,0,1,0,0,0,0,1,24,HOMBRE,FALLECIDO,CONDUCTOR PRESENTE,NO,NO,0
10837,33607,33608,2018,0,1,-0.405025,-78.546468,PICHINCHA,MEJIA,TAMBILLO (MEJIA),RURAL,2018-03-09,22:25:00,22,VIERNES,5,MARZO,3,NO,NO TRANSITAR POR LAS ACERAS O ZONAS DE SEGURIDAD DESTINADAS PARA EL EFECTO.,ATROPELLOS,NO IDENTIFICADO,0,0,0,0,0,0,0,0,0,1,0,0,0,1,26,HOMBRE,FALLECIDO,PEATON,NO,NO,3
10838,33609,33610,2018,1,0,-0.105384,-78.497732,PICHINCHA,QUITO,QUITO,URBANA,2018-03-09,22:45:00,22,VIERNES,5,MARZO,3,NO,NO GUARDAR LA DISTANCIA LATERAL MINIMA DE SEGURIDAD ENTRE VEHICULOS.,CHOQUE LATERAL,MOTOCICLETA,1,0,0,0,0,0,0,0,1,0,0,0,0,2,23,MUJER,LESIONADO,CONDUCTOR PRESENTE,NO,NO,0
10839,33615,33616,2018,2,0,-0.289522,-78.538473,PICHINCHA,QUITO,QUITO,URBANA,2018-03-09,23:55:00,23,VIERNES,5,MARZO,3,NO,PEATON QUE CRUZA LA CALZADA SIN RESPETAR LA SENIALIZACION EXISTENTE (SEMAFOROS O SENIALES MANUALES).,ATROPELLOS,MOTOCICLETA,0,0,0,0,0,0,0,0,1,0,0,0,0,1,42,HOMBRE,LESIONADO,CONDUCTOR PRESENTE,NO,NO,0
10840,33621,33622,2018,0,0,-0.294599,-78.548481,PICHINCHA,QUITO,QUITO,URBANA,2018-03-10,02:03:00,2,SABADO,6,MARZO,3,NO,"CONDUCIR DESATENTO A LAS CONDICIONES DE TRANSITO (CELULAR, PANTALLAS DE VIDEO, COMIDA, MAQUILLAJE O CUALQUIER OTRO ELEMENTO DISTRACTOR).",ESTRELLAMIENTOS,AUTOMOVIL,1,0,0,0,0,0,0,0,0,0,0,0,0,1,-1,NO IDENTIFICADO,NO IDENTIFICADO,CONDUCTOR AUSENTE,NO,NO,2
10841,33622,33623,2018,0,0,-0.055968,-78.351931,PICHINCHA,QUITO,GUAYLLABAMBA,RURAL,2018-03-10,02:10:00,2,SABADO,6,MARZO,3,NO,DISPOSITIVO REGULADOR DE TRANSITO EN MAL ESTADO DE FUNCIONAMIENTO (SEMAFORO).,PERDIDA DE PISTA,VEHICULO DEPORTIVO UTILITARIO,0,0,0,0,0,0,0,0,0,0,0,0,1,1,-1,NO IDENTIFICADO,NO IDENTIFICADO,CONDUCTOR AUSENTE,NO,NO,2
10842,33623,33624,2018,1,0,-0.128693,-78.471214,PICHINCHA,QUITO,QUITO,URBANA,2018-03-10,02:20:00,2,SABADO,6,MARZO,3,NO,"NO RESPETAR LAS SENIALES REGLAMENTARIAS DE TRANSITO. (PARE, CEDA EL PASO, LUZ ROJA DEL SEMAFORO, ETC).",CHOQUE LATERAL,MOTOCICLETA,0,0,0,0,0,0,0,0,1,0,0,0,0,1,30,HOMBRE,LESIONADO,CONDUCTOR PRESENTE,NO,NO,0
10843,33626,33627,2018,1,0,-0.187127,-78.487619,PICHINCHA,QUITO,QUITO,URBANA,2018-03-10,03:00:00,3,SABADO,6,MARZO,3,NO,"CONDUCE BAJO LA INFLUENCIA DE ALCOHOL, SUSTANCIAS ESTUPEFACIENTES O PSICOTROPICAS Y/O MEDICAMENTOS.",CHOQUE LATERAL,AUTOMOVIL,2,0,0,0,0,0,0,0,0,0,0,0,0,2,31,HOMBRE,LESIONADO,CONDUCTOR PRESENTE,NO,NO,0
10844,33627,33628,2018,1,0,-0.202782,-78.458955,PICHINCHA,QUITO,QUITO,URBANA,2018-03-10,03:00:00,3,SABADO,6,MARZO,3,NO,"NO RESPETAR LAS SENIALES REGLAMENTARIAS DE TRANSITO. (PARE, CEDA EL PASO, LUZ ROJA DEL SEMAFORO, ETC).",OTROS,NO IDENTIFICADO,0,0,0,0,0,0,0,0,0,1,0,0,0,1,36,HOMBRE,LESIONADO,PASAJERO,NO,NO,0
10845,33629,33630,2018,0,0,-0.268242,-78.546497,PICHINCHA,QUITO,QUITO,URBANA,2018-03-10,04:10:00,4,SABADO,6,MARZO,3,NO,CONDUCIR VEHICULO SUPERANDO LOS LIMITES MAXIMOS DE VELOCIDAD.,ESTRELLAMIENTOS,CAMIONETA,0,0,0,0,1,0,0,0,0,0,0,0,0,1,-1,NO IDENTIFICADO,NO IDENTIFICADO,CONDUCTOR AUSENTE,NO,NO,2