,Unnamed: 0,ID,ANIO,LESIONADOS,FALLECIDOS,LATITUD_Y,LONGITUD_X,PROVINCIA,CANTON,PARROQUIA,ZONA,FECHA,HORA,PERIODO_2,DIA_1,DIA_2,MES_1,MES_2,FERIADO,CAUSA_PROBABLE,TIPO_DE_SINIESTRO,TIPO_DE_VEHICULO_1,AUTOMOVIL,BICICLETA,BUS,CAMION,CAMIONETA,EMERGENCIAS,ESPECIAL,FURGONETA,MOTOCICLETA,NO_IDENTIFICADO,SCOOTER_ELECTRICO,TRICIMOTO,VEHICULO_DEPORTIVO_UTILITARIO,SUMA_DE_VEHICULOS,EDAD_1,SEXO_1,CONDICION_1,PARTICIPANTE_1,CASCO_1,CINTURON_1,KMeans_Cluster
10846,33633,33634,2018,0,0,-0.162831,-78.486035,PICHINCHA,QUITO,QUITO,URBANA,2018-03-10,04:30:00,4,SABADO,6,MARZO,3,NO,"CONDUCE BAJO LA INFLUENCIA DE ALCOHOL, SUSTANCIAS ESTUPEFACIENTES O PSICOTROPICAS Y/O MEDICAMENTOS.",ESTRELLAMIENTOS,CAMIONETA,0,0,0,0,1,0,0,0,0,0,0,0,0,1,27,HOMBRE,ILESO,CONDUCTOR PRESENTE,NO,NO,0
10847,33634,33635,2018,0,0,-0.277624,-78.531251,PICHINCHA,QUITO,QUITO,URBANA,2018-03-10,05:00:00,5,SABADO,6,MARZO,3,NO,CONDUCIR VEHICULO SUPERANDO LOS LIMITES MAXIMOS DE VELOCIDAD.,ESTRELLAMIENTOS,AUTOMOVIL,1,0,0,0,0,0,0,0,0,0,0,0,0,1,-1,NO IDENTIFICADO,NO IDENTIFICADO,CONDUCTOR AUSENTE,NO,NO,2
10848,33636,33637,2018,0,0,-0.072522,-78.475838,PICHINCHA,QUITO,POMASQUI,URBANA,2018-03-10,05:15:00,5,SABADO,6,MARZO,3,NO,"CONDUCIR DESATENTO A LAS CONDICIONES DE TRANSITO (CELULAR, PANTALLAS DE VIDEO, COMIDA, MAQUILLAJE O CUALQUIER OTRO ELEMENTO DISTRACTOR).",ESTRELLAMIENTOS,AUTOMOVIL,1,0,0,0,0,0,0,0,0,0,0,0,0,1,39,HOMBRE,ILESO,PASAJERO,NO,NO,0
10849,33637,33638,2018,0,0,-0.242475,-78.497488,PICHINCHA,QUITO,QUITO,URBANA,2018-03-10,05:30:00,5,SABADO,6,MARZO,3,NO,"CASO FORTUITO O FUERZA MAYOR (EXPLOSION DE NEUMATICO NUEVO, DERRUMBE, INUNDACION, CAIDA DE PUENTE, ARBOL, PRESENCIA INTEMPESTIVA E IMPREVISTA DE SEMOVIENTES EN LA VIA, ETC.).",ESTRELLAMIENTOS,CAMION,0,0,0,1,0,0,0,0,0,0,0,0,0,1,-1,NO IDENTIFICADO,NO IDENTIFICADO,CONDUCTOR AUSENTE,NO,NO,2
10850,33638,33639,2018,1,0,-0.292724,-78.476486,PICHINCHA,QUITO,CONOCOTO,URBANA,2018-03-10,06:00:00,6,SABADO,6,MARZO,3,NO,NO CEDER EL DERECHO DE VIA O PREFERENCIA DE PASO AL PEATON.,ATROPELLOS,NO IDENTIFICADO,0,0,0,0,0,0,0,0,0,1,0,0,0,1,21,HOMBRE,LESIONADO,PEATON,NO,NO,0
10851,33641,33642,2018,1,0,-0.197278,-78.489709,PICHINCHA,QUITO,QUITO,URBANA,2018-03-10,06:35:00,6,SABADO,6,MARZO,3,NO,NO CEDER EL DERECHO DE VIA O PREFERENCIA DE PASO AL PEATON.,ATROPELLOS,NO IDENTIFICADO,0,0,0,0,0,0,0,0,0,1,0,0,0,1,30,HOMBRE,LESIONADO,PEATON,NO,NO,0
10852,33643,33644,2018,1,0,-0.340212,-78.549313,PICHINCHA,QUITO,QUITO,URBANA,2018-03-10,06:50:00,6,SABADO,6,MARZO,3,NO,NO TRANSITAR POR LAS ACERAS O ZONAS DE SEGURIDAD DESTINADAS PARA EL EFECTO.,ATROPELLOS,BUS,0,0,1,0,0,0,0,0,0,0,0,0,0,1,44,HOMBRE,LESIONADO,PEATON,NO,NO,0
10853,33644,33645,2018,0,0,-0.210421,-78.502355,PICHINCHA,QUITO,QUITO,URBANA,2018-03-10,06:50:00,6,SABADO,6,MARZO,3,NO,NO GUARDAR LA DISTANCIA LATERAL MINIMA DE SEGURIDAD ENTRE VEHICULOS.,CHOQUE LATERAL,AUTOMOVIL,1,0,0,0,1,0,0,0,0,0,0,0,0,2,51,MUJER,ILESO,CONDUCTOR PRESENTE,NO,NO,0
10854,33645,33646,2018,0,0,-0.254686,-78.504316,PICHINCHA,QUITO,QUITO,URBANA,2018-03-10,06:55:00,6,SABADO,6,MARZO,3,NO,CONDUCIR VEHICULO SUPERANDO LOS LIMITES MAXIMOS DE VELOCIDAD.,CHOQUE LATERAL,BUS,1,0,1,0,0,0,0,0,0,0,0,0,0,2,24,HOMBRE,ILESO,CONDUCTOR PRESENTE,NO,NO,0
10855,33649,33650,2018,0,0,-0.270629,-78.528475,PICHINCHA,QUITO,QUITO,URBANA,2018-03-10,08:30:00,8,SABADO,6,MARZO,3,NO,NO GUARDAR LA DISTANCIA LATERAL MINIMA DE SEGURIDAD ENTRE VEHICULOS.,ROZAMIENTOS,AUTOMOVIL,2,0,0,0,0,0,0,0,0,0,0,0,0,2,57,HOMBRE,ILESO,CONDUCTOR PRESENTE,NO,NO,0
10856,33651,33652,2018,0,0,-0.328479,-78.522294,PICHINCHA,QUITO,QUITO,URBANA,2018-03-10,09:10:00,9,SABADO,6,MARZO,3,NO,NO GUARDAR LA DISTANCIA LATERAL MINIMA DE SEGURIDAD ENTRE VEHICULOS.,CHOQUE LATERAL,AUTOMOVIL,2,0,0,0,0,0,0,0,0,0,0,0,0,2,25,HOMBRE,ILESO,CONDUCTOR PRESENTE,NO,NO,0
10857,33657,33658,2018,1,0,0.034143,-78.143851,PICHINCHA,CAYAMBE,CAYAMBE,URBANA,2018-03-10,11:15:00,11,SABADO,6,MARZO,3,NO,NO GUARDAR LA DISTANCIA LATERAL MINIMA DE SEGURIDAD ENTRE VEHICULOS.,CHOQUE LATERAL,MOTOCICLETA,0,0,0,0,0,0,0,0,1,0,0,0,1,2,15,HOMBRE,LESIONADO,CONDUCTOR PRESENTE,NO,NO,0
10858,33659,33660,2018,1,0,-0.340512,-78.552178,PICHINCHA,QUITO,QUITO,URBANA,2018-03-10,11:45:00,11,SABADO,6,MARZO,3,NO,"NO RESPETAR LAS SENIALES REGLAMENTARIAS DE TRANSITO. (PARE, CEDA EL PASO, LUZ ROJA DEL SEMAFORO, ETC).",OTROS,NO IDENTIFICADO,0,0,0,0,0,0,0,0,0,1,0,0,0,1,55,HOMBRE,LESIONADO,PASAJERO,NO,NO,0
10859,33660,33661,2018,1,0,-0.308006,-78.559416,PICHINCHA,QUITO,QUITO,URBANA,2018-03-10,12:30:00,12,SABADO,6,MARZO,3,NO,"CONDUCE BAJO LA INFLUENCIA DE ALCOHOL, SUSTANCIAS ESTUPEFACIENTES O PSICOTROPICAS Y/O MEDICAMENTOS.",ATROPELLOS,AUTOMOVIL,1,0,0,0,0,0,0,0,0,0,0,0,0,1,63,MUJER,LESIONADO,PEATON,NO,NO,0
10860,33663,33664,2018,0,0,-0.319976,-78.564972,PICHINCHA,QUITO,QUITO,URBANA,2018-03-10,14:15:00,14,SABADO,6,MARZO,3,NO,"CONDUCIR DESATENTO A LAS CONDICIONES DE TRANSITO (CELULAR, PANTALLAS DE VIDEO, COMIDA, MAQUILLAJE O CUALQUIER OTRO ELEMENTO DISTRACTOR).",ESTRELLAMIENTOS,CAMION,0,0,0,1,0,0,0,0,0,0,0,0,0,1,-1,NO IDENTIFICADO,NO IDENTIFICADO,CONDUCTOR AUSENTE,NO,NO,2
10861,33664,33665,2018,0,0,-0.237756,-78.528961,PICHINCHA,QUITO,QUITO,URBANA,2018-03-10,14:20:00,14,SABADO,6,MARZO,3,NO,NO MANTENER LA DISTANCIA PRUDENCIAL CON RESPECTO AL VEHICULO QUE LE ANTECEDE.,CHOQUE POSTERIOR,BUS,0,0,1,0,0,0,0,0,1,0,0,0,0,2,36,HOMBRE,ILESO,CONDUCTOR PRESENTE,NO,NO,0
10862,33668,33669,2018,1,0,-0.234731,-78.494664,PICHINCHA,QUITO,QUITO,URBANA,2018-03-10,15:00:00,15,SABADO,6,MARZO,3,NO,CONDUCIR EN SENTIDO CONTRARIO A LA VIA NORMAL DE CIRCULACION.,ATROPELLOS,FURGONETA,0,0,0,0,0,0,0,1,0,0,0,0,0,1,73,HOMBRE,LESIONADO,PEATON,NO,NO,0
10863,33670,33671,2018,2,0,-0.144552,-78.472616,PICHINCHA,QUITO,QUITO,URBANA,2018-03-10,15:15:00,15,SABADO,6,MARZO,3,NO,NO GUARDAR LA DISTANCIA LATERAL MINIMA DE SEGURIDAD ENTRE VEHICULOS.,CHOQUE LATERAL,MOTOCICLETA,1,0,0,0,0,0,0,0,1,0,0,0,0,2,31,HOMBRE,LESIONADO,CONDUCTOR PRESENTE,NO,NO,0
10864,33673,33674,2018,1,0,-0.292724,-78.476486,PICHINCHA,QUITO,CONOCOTO,URBANA,2018-03-10,15:40:00,15,SABADO,6,MARZO,3,NO,"CASO FORTUITO O FUERZA MAYOR (EXPLOSION DE NEUMATICO NUEVO, DERRUMBE, INUNDACION, CAIDA DE PUENTE, ARBOL, PRESENCIA INTEMPESTIVA E IMPREVISTA DE SEMOVIENTES EN LA VIA, ETC.).",PERDIDA DE PISTA,MOTOCICLETA,0,0,0,0,0,0,0,0,1,0,0,0,0,1,30,HOMBRE,LESIONADO,CONDUCTOR PRESENTE,NO,NO,0
10865,33677,33678,2018,1,0,-0.309753,-78.552531,PICHINCHA,QUITO,QUITO,URBANA,2018-03-10,16:15:00,16,SABADO,6,MARZO,3,NO,PEATON QUE CRUZA LA CALZADA SIN RESPETAR LA SENIALIZACION EXISTENTE (SEMAFOROS O SENIALES MANUALES).,ATROPELLOS,AUTOMOVIL,1,0,0,0,0,0,0,0,0,0,0,0,0,1,4,MUJER,LESIONADO,PEATON,NO,NO,0
10866,33681,33682,2018,0,0,-0.214883,-78.433737,PICHINCHA,QUITO,CUMBAYA,URBANA,2018-03-10,17:40:00,17,SABADO,6,MARZO,3,NO,NO MANTENER LA DISTANCIA PRUDENCIAL CON RESPECTO AL VEHICULO QUE LE ANTECEDE.,CHOQUE POSTERIOR,AUTOMOVIL,2,0,0,0,0,0,0,0,0,0,0,0,0,2,85,HOMBRE,ILESO,CONDUCTOR PRESENTE,NO,NO,0
10867,33694,33695,2018,0,0,-0.096046,-78.440081,PICHINCHA,QUITO,CALDERON (CARAPUNGO),URBANA,2018-03-10,19:57:00,19,SABADO,6,MARZO,3,NO,"CONDUCE BAJO LA INFLUENCIA DE ALCOHOL, SUSTANCIAS ESTUPEFACIENTES O PSICOTROPICAS Y/O MEDICAMENTOS.",ESTRELLAMIENTOS,CAMION,0,0,0,1,0,0,0,0,0,0,0,0,0,1,30,HOMBRE,ILESO,CONDUCTOR PRESENTE,NO,NO,0
10868,33697,33698,2018,0,0,-0.204396,-78.504518,PICHINCHA,QUITO,QUITO,URBANA,2018-03-10,20:45:00,20,SABADO,6,MARZO,3,NO,NO MANTENER LA DISTANCIA PRUDENCIAL CON RESPECTO AL VEHICULO QUE LE ANTECEDE.,CHOQUE POSTERIOR,AUTOMOVIL,1,0,0,0,0,0,0,0,0,1,0,0,0,2,28,HOMBRE,ILESO,CONDUCTOR PRESENTE,NO,NO,0
10869,33700,33701,2018,2,0,-0.292724,-78.476486,PICHINCHA,QUITO,CONOCOTO,URBANA,2018-03-10,21:20:00,21,SABADO,6,MARZO,3,NO,"CONDUCE BAJO LA INFLUENCIA DE ALCOHOL, SUSTANCIAS ESTUPEFACIENTES O PSICOTROPICAS Y/O MEDICAMENTOS.",CHOQUE LATERAL,MOTOCICLETA,1,0,0,0,0,0,0,0,1,0,0,0,0,2,30,HOMBRE,LESIONADO,CONDUCTOR PRESENTE,NO,NO,0
10870,33704,33705,2018,0,0,-0.162212,-78.498049,PICHINCHA,QUITO,QUITO,URBANA,2018-03-10,22:45:00,22,SABADO,6,MARZO,3,NO,"NO RESPETAR LAS SENIALES REGLAMENTARIAS DE TRANSITO. (PARE, CEDA EL PASO, LUZ ROJA DEL SEMAFORO, ETC).",ESTRELLAMIENTOS,MOTOCICLETA,0,0,0,0,0,0,0,0,1,0,0,0,0,1,-1,NO IDENTIFICADO,NO IDENTIFICADO,CONDUCTOR AUSENTE,NO,NO,2
10871,33706,33707,2018,0,0,-0.216917,-78.398453,PICHINCHA,QUITO,TUMBACO,URBANA,2018-03-10,23:50:00,23,SABADO,6,MARZO,3,NO,"NO RESPETAR LAS SENIALES REGLAMENTARIAS DE TRANSITO. (PARE, CEDA EL PASO, LUZ ROJA DEL SEMAFORO, ETC).",ESTRELLAMIENTOS,AUTOMOVIL,1,0,0,1,0,0,0,0,0,0,0,0,0,2,40,MUJER,ILESO,CONDUCTOR PRESENTE,NO,NO,0
10872,33710,33711,2018,0,0,-0.092693,-78.419873,PICHINCHA,QUITO,CALDERON (CARAPUNGO),URBANA,2018-03-11,00:20:00,0,DOMINGO,7,MARZO,3,NO,"NO RESPETAR LAS SENIALES REGLAMENTARIAS DE TRANSITO. (PARE, CEDA EL PASO, LUZ ROJA DEL SEMAFORO, ETC).",OTROS,MOTOCICLETA,0,0,0,0,0,0,0,0,1,0,0,0,0,1,-1,NO IDENTIFICADO,NO IDENTIFICADO,CONDUCTOR AUSENTE,NO,NO,2
10873,33711,33712,2018,0,1,0.024961,-78.153604,PICHINCHA,CAYAMBE,CAYAMBE,URBANA,2018-03-11,00:20:00,0,DOMINGO,7,MARZO,3,NO,NO TRANSITAR POR LAS ACERAS O ZONAS DE SEGURIDAD DESTINADAS PARA EL EFECTO.,ATROPELLOS,NO IDENTIFICADO,0,0,0,0,0,0,0,0,0,1,0,0,0,1,-1,HOMBRE,FALLECIDO,PASAJERO,NO,NO,0
10874,33712,33713,2018,0,0,-0.246557,-78.522291,PICHINCHA,QUITO,QUITO,URBANA,2018-03-11,00:35:00,0,DOMINGO,7,MARZO,3,NO,"CONDUCIR EN ESTADO DE SOMNOLENCIA O MALAS CONDICIONES FISICAS (SUENIO, CANSANCIO Y FATIGA).",OTROS,MOTOCICLETA,0,0,0,0,0,0,0,0,1,0,0,0,0,1,-1,NO IDENTIFICADO,NO IDENTIFICADO,CONDUCTOR AUSENTE,NO,NO,2
10875,33715,33716,2018,2,0,-0.188003,-78.491954,PICHINCHA,QUITO,QUITO,URBANA,2018-03-11,01:21:00,1,DOMINGO,7,MARZO,3,NO,"CONDUCE BAJO LA INFLUENCIA DE ALCOHOL, SUSTANCIAS ESTUPEFACIENTES O PSICOTROPICAS Y/O MEDICAMENTOS.",CHOQUE POSTERIOR,AUTOMOVIL,2,0,0,0,0,0,0,0,0,0,0,0,0,2,22,HOMBRE,LESIONADO,CONDUCTOR PRESENTE,NO,NO,0
10876,33723,33724,2018,0,0,-0.269112,-78.540613,PICHINCHA,QUITO,QUITO,URBANA,2018-03-11,03:00:00,3,DOMINGO,7,MARZO,3,NO,"NO RESPETAR LAS SENIALES REGLAMENTARIAS DE TRANSITO. (PARE, CEDA EL PASO, LUZ ROJA DEL SEMAFORO, ETC).",CHOQUE LATERAL,AUTOMOVIL,2,0,0,0,0,0,0,0,0,0,0,0,0,2,-1,NO IDENTIFICADO,NO IDENTIFICADO,CONDUCTOR AUSENTE,NO,NO,2
10877,33725,33726,2018,0,0,-0.105373,-78.462381,PICHINCHA,QUITO,QUITO,URBANA,2018-03-11,03:10:00,3,DOMINGO,7,MARZO,3,NO,"CONDUCE BAJO LA INFLUENCIA DE ALCOHOL, SUSTANCIAS ESTUPEFACIENTES O PSICOTROPICAS Y/O MEDICAMENTOS.",ROZAMIENTOS,AUTOMOVIL,2,0,0,0,0,0,0,0,0,0,0,0,0,2,33,HOMBRE,ILESO,CONDUCTOR PRESENTE,NO,NO,0
10878,33727,33728,2018,0,0,-0.077895,-78.410491,PICHINCHA,QUITO,CALDERON (CARAPUNGO),URBANA,2018-03-11,03:30:00,3,DOMINGO,7,MARZO,3,NO,MALAS CONDICIONES DE LA VIA Y/O CONFIGURACION. (ILUMINACION Y DISENIO).,ESTRELLAMIENTOS,AUTOMOVIL,1,0,0,0,0,0,0,0,0,0,0,0,0,1,-1,NO IDENTIFICADO,NO IDENTIFICADO,CONDUCTOR AUSENTE,NO,NO,2
10879,33730,33731,2018,0,0,-0.058111,-78.344101,PICHINCHA,QUITO,GUAYLLABAMBA,URBANA,2018-03-11,05:00:00,5,DOMINGO,7,MARZO,3,NO,"MAL ESTACIONADO - EL CONDUCTOR QUE DETENGA O ESTACIONE VEHICULOS EN SITIOS O ZONAS QUE ENTRANIEN PELIGRO, TALES COMO ZONA DE SEGURIDAD, CURVAS, PUENTES, TUNELES, PENDIENTES.",ESTRELLAMIENTOS,AUTOMOVIL,2,0,0,0,0,0,0,0,0,0,0,0,0,2,29,HOMBRE,ILESO,CONDUCTOR PRESENTE,NO,NO,0
10880,33731,33732,2018,0,1,-0.502465,-78.572808,PICHINCHA,MEJIA,MACHACHI,RURAL,2018-03-11,05:10:00,5,DOMINGO,7,MARZO,3,NO,"CONDUCIR DESATENTO A LAS CONDICIONES DE TRANSITO (CELULAR, PANTALLAS DE VIDEO, COMIDA, MAQUILLAJE O CUALQUIER OTRO ELEMENTO DISTRACTOR).",ESTRELLAMIENTOS,AUTOMOVIL,1,0,0,0,0,0,0,0,0,0,0,0,0,1,56,MUJER,FALLECIDO,PASAJERO,NO,NO,3
10881,33732,33733,2018,1,0,-0.084163,-78.418921,PICHINCHA,QUITO,CALDERON (CARAPUNGO),URBANA,2018-03-11,05:25:00,5,DOMINGO,7,MARZO,3,NO,NO CEDER EL DERECHO DE VIA O PREFERENCIA DE PASO AL PEATON.,ATROPELLOS,NO IDENTIFICADO,0,0,0,0,0,0,0,0,0,1,0,0,0,1,35,HOMBRE,LESIONADO,PEATON,NO,NO,0
10882,33735,33736,2018,0,0,-0.175534,-78.488304,PICHINCHA,QUITO,QUITO,URBANA,2018-03-11,06:45:00,6,DOMINGO,7,MARZO,3,NO,NO GUARDAR LA DISTANCIA LATERAL MINIMA DE SEGURIDAD ENTRE VEHICULOS.,CHOQUE LATERAL,CAMIONETA,1,0,0,0,1,0,0,0,0,0,0,0,0,2,26,HOMBRE,ILESO,CONDUCTOR PRESENTE,NO,NO,0
10883,33737,33738,2018,4,0,-0.039061,-78.284749,PICHINCHA,CAYAMBE,SANTA ROSA DE CUZUBAMBA,RURAL,2018-03-11,07:45:00,7,DOMINGO,7,MARZO,3,NO,NO GUARDAR LA DISTANCIA LATERAL MINIMA DE SEGURIDAD ENTRE VEHICULOS.,CHOQUE LATERAL,AUTOMOVIL,1,0,0,2,0,0,0,0,0,0,0,0,0,3,51,HOMBRE,LESIONADO,PASAJERO,NO,NO,3
10884,33739,33740,2018,1,0,-0.283576,-78.535479,PICHINCHA,QUITO,QUITO,URBANA,2018-03-11,08:30:00,8,DOMINGO,7,MARZO,3,NO,"CONDUCE BAJO LA INFLUENCIA DE ALCOHOL, SUSTANCIAS ESTUPEFACIENTES O PSICOTROPICAS Y/O MEDICAMENTOS.",CHOQUE POSTERIOR,AUTOMOVIL,2,0,0,0,0,0,0,0,0,0,0,0,0,2,48,MUJER,LESIONADO,PASAJERO,NO,NO,0
10885,33742,33743,2018,0,0,-0.115536,-78.483217,PICHINCHA,QUITO,QUITO,URBANA,2018-03-11,09:40:00,9,DOMINGO,7,MARZO,3,NO,"NO RESPETAR LAS SENIALES REGLAMENTARIAS DE TRANSITO. (PARE, CEDA EL PASO, LUZ ROJA DEL SEMAFORO, ETC).",OTROS,AUTOMOVIL,1,0,0,0,0,0,0,0,0,0,0,0,0,1,-1,NO IDENTIFICADO,NO IDENTIFICADO,CONDUCTOR AUSENTE,NO,NO,2
10886,33744,33745,2018,1,0,-0.322408,-78.553684,PICHINCHA,QUITO,QUITO,URBANA,2018-03-11,10:15:00,10,DOMINGO,7,MARZO,3,NO,"CASO FORTUITO O FUERZA MAYOR (EXPLOSION DE NEUMATICO NUEVO, DERRUMBE, INUNDACION, CAIDA DE PUENTE, ARBOL, PRESENCIA INTEMPESTIVA E IMPREVISTA DE SEMOVIENTES EN LA VIA, ETC.).",OTROS,MOTOCICLETA,0,0,0,0,0,0,0,0,1,1,0,0,0,2,28,HOMBRE,LESIONADO,CONDUCTOR PRESENTE,NO,NO,0
10887,33747,33748,2018,1,0,-0.207626,-78.461705,PICHINCHA,QUITO,QUITO,URBANA,2018-03-11,10:30:00,10,DOMINGO,7,MARZO,3,NO,CONDUCIR VEHICULO SUPERANDO LOS LIMITES MAXIMOS DE VELOCIDAD.,OTROS,BICICLETA,0,1,0,0,0,0,0,0,0,0,0,0,0,1,43,HOMBRE,LESIONADO,CONDUCTOR PRESENTE,NO,NO,0
10888,33748,33749,2018,1,0,-0.232484,-78.493231,PICHINCHA,QUITO,QUITO,URBANA,2018-03-11,10:30:00,10,DOMINGO,7,MARZO,3,NO,CONDUCIR VEHICULO SUPERANDO LOS LIMITES MAXIMOS DE VELOCIDAD.,OTROS,BICICLETA,0,1,0,0,0,0,0,0,0,0,0,0,0,1,42,HOMBRE,LESIONADO,CONDUCTOR PRESENTE,NO,NO,0
10889,33750,33751,2018,1,0,-0.298794,-78.547167,PICHINCHA,QUITO,QUITO,URBANA,2018-03-11,11:00:00,11,DOMINGO,7,MARZO,3,NO,NO CEDER EL DERECHO DE VIA O PREFERENCIA DE PASO AL PEATON.,ATROPELLOS,NO IDENTIFICADO,0,0,0,0,0,0,0,0,0,1,0,0,0,1,12,HOMBRE,LESIONADO,PEATON,NO,NO,0
10890,33754,33755,2018,1,0,-0.250061,-78.520921,PICHINCHA,QUITO,QUITO,URBANA,2018-03-11,11:30:00,11,DOMINGO,7,MARZO,3,NO,DEJAR O RECOGER PASAJEROS EN LUGARES NO PERMITIDOS.,CAIDA DE PASAJERO,BUS,0,0,1,0,0,0,0,0,0,0,0,0,0,1,78,MUJER,LESIONADO,PASAJERO,NO,NO,0
10891,33756,33757,2018,0,0,-0.196311,-78.512741,PICHINCHA,QUITO,QUITO,URBANA,2018-03-11,12:45:00,12,DOMINGO,7,MARZO,3,NO,NO MANTENER LA DISTANCIA PRUDENCIAL CON RESPECTO AL VEHICULO QUE LE ANTECEDE.,CHOQUE POSTERIOR,AUTOMOVIL,2,0,0,0,0,0,0,0,0,0,0,0,0,2,20,HOMBRE,ILESO,CONDUCTOR PRESENTE,NO,NO,0
10892,33759,33760,2018,0,0,-0.206703,-78.487991,PICHINCHA,QUITO,QUITO,URBANA,2018-03-11,14:05:00,14,DOMINGO,7,MARZO,3,NO,"NO RESPETAR LAS SENIALES REGLAMENTARIAS DE TRANSITO. (PARE, CEDA EL PASO, LUZ ROJA DEL SEMAFORO, ETC).",CHOQUE LATERAL,AUTOMOVIL,2,0,0,0,0,0,0,0,0,0,0,0,0,2,31,HOMBRE,ILESO,CONDUCTOR PRESENTE,NO,NO,0
10893,33766,33767,2018,2,0,0.030571,-78.146507,PICHINCHA,CAYAMBE,CAYAMBE,URBANA,2018-03-11,15:35:00,15,DOMINGO,7,MARZO,3,NO,NO GUARDAR LA DISTANCIA LATERAL MINIMA DE SEGURIDAD ENTRE VEHICULOS.,CHOQUE LATERAL,MOTOCICLETA,1,0,0,0,0,0,0,0,1,0,0,0,0,2,28,HOMBRE,LESIONADO,CONDUCTOR PRESENTE,NO,NO,0
10894,33772,33773,2018,1,0,-0.258972,-78.529889,PICHINCHA,QUITO,QUITO,URBANA,2018-03-11,17:00:00,17,DOMINGO,7,MARZO,3,NO,DEJAR O RECOGER PASAJEROS EN LUGARES NO PERMITIDOS.,CAIDA DE PASAJERO,NO IDENTIFICADO,0,0,0,0,0,0,0,0,0,1,0,0,0,1,92,MUJER,LESIONADO,PASAJERO,NO,NO,0
10895,33776,33777,2018,0,0,-0.199767,-78.428809,PICHINCHA,QUITO,CUMBAYA,URBANA,2018-03-11,18:00:00,18,DOMINGO,7,MARZO,3,NO,"CONDUCIR DESATENTO A LAS CONDICIONES DE TRANSITO (CELULAR, PANTALLAS DE VIDEO, COMIDA, MAQUILLAJE O CUALQUIER OTRO ELEMENTO DISTRACTOR).",ESTRELLAMIENTOS,AUTOMOVIL,1,0,0,0,0,0,0,0,0,0,0,0,0,1,-1,NO IDENTIFICADO,NO IDENTIFICADO,CONDUCTOR AUSENTE,NO,NO,2
10896,33777,33778,2018,1,0,-0.172892,-78.471197,PICHINCHA,QUITO,QUITO,URBANA,2018-03-11,18:05:00,18,DOMINGO,7,MARZO,3,NO,NO TRANSITAR POR LAS ACERAS O ZONAS DE SEGURIDAD DESTINADAS PARA EL EFECTO.,ATROPELLOS,AUTOMOVIL,1,0,0,0,0,0,0,0,0,0,0,0,0,1,62,HOMBRE,LESIONADO,PEATON,NO,NO,0
10897,33785,33786,2018,0,0,-0.209101,-78.365448,PICHINCHA,QUITO,PUEMBO,URBANA,2018-03-11,19:30:00,19,DOMINGO,7,MARZO,3,NO,"NO RESPETAR LAS SENIALES REGLAMENTARIAS DE TRANSITO. (PARE, CEDA EL PASO, LUZ ROJA DEL SEMAFORO, ETC).",CHOQUE FRONTAL,CAMIONETA,0,0,0,0,1,0,0,0,1,0,0,0,0,2,48,HOMBRE,ILESO,CONDUCTOR PRESENTE,NO,NO,0
10898,33786,33787,2018,0,0,-0.463068,-78.569866,PICHINCHA,MEJIA,ALOAG,RURAL,2018-03-11,19:30:00,19,DOMINGO,7,MARZO,3,NO,"CONDUCE BAJO LA INFLUENCIA DE ALCOHOL, SUSTANCIAS ESTUPEFACIENTES O PSICOTROPICAS Y/O MEDICAMENTOS.",CHOQUE POSTERIOR,AUTOMOVIL,1,0,0,0,1,0,0,0,0,0,0,0,0,2,62,HOMBRE,ILESO,CONDUCTOR PRESENTE,NO,NO,3
10899,33795,33796,2018,0,1,-0.163073,-78.462599,PICHINCHA,QUITO,QUITO,URBANA,2018-03-11,23:30:00,23,DOMINGO,7,MARZO,3,NO,CONDUCIR VEHICULO SUPERANDO LOS LIMITES MAXIMOS DE VELOCIDAD.,ESTRELLAMIENTOS,MOTOCICLETA,0,0,0,0,0,0,0,0,1,0,0,0,0,1,25,HOMBRE,FALLECIDO,CONDUCTOR PRESENTE,NO,NO,0
10900,33796,33797,2018,1,1,0.012474,-78.469632,PICHINCHA,QUITO,SAN ANTONIO (QUITO),URBANA,2018-03-12,05:50:00,5,LUNES,1,MARZO,3,NO,NO GUARDAR LA DISTANCIA LATERAL MINIMA DE SEGURIDAD ENTRE VEHICULOS.,CHOQUE LATERAL,MOTOCICLETA,1,0,0,0,0,0,0,0,1,0,0,0,0,2,18,HOMBRE,FALLECIDO,CONDUCTOR PRESENTE,NO,NO,0
10901,33797,33798,2018,0,0,-0.207891,-78.511796,PICHINCHA,QUITO,QUITO,URBANA,2018-03-12,06:00:00,6,LUNES,1,MARZO,3,NO,NO MANTENER LA DISTANCIA PRUDENCIAL CON RESPECTO AL VEHICULO QUE LE ANTECEDE.,COLISION,FURGONETA,2,0,0,0,0,0,0,1,0,0,0,0,0,3,28,HOMBRE,ILESO,CONDUCTOR PRESENTE,NO,NO,0
10902,33799,33800,2018,1,0,-0.084163,-78.418001,PICHINCHA,QUITO,CALDERON (CARAPUNGO),URBANA,2018-03-12,06:30:00,6,LUNES,1,MARZO,3,NO,NO CEDER EL DERECHO DE VIA O PREFERENCIA DE PASO AL PEATON.,ATROPELLOS,CAMIONETA,0,0,0,0,1,0,0,0,0,0,0,0,0,1,12,MUJER,LESIONADO,PEATON,NO,NO,0