,Unnamed: 0,ID,ANIO,LESIONADOS,FALLECIDOS,LATITUD_Y,LONGITUD_X,PROVINCIA,CANTON,PARROQUIA,ZONA,FECHA,HORA,PERIODO_2,DIA_1,DIA_2,MES_1,MES_2,FERIADO,CAUSA_PROBABLE,TIPO_DE_SINIESTRO,TIPO_DE_VEHICULO_1,AUTOMOVIL,BICICLETA,BUS,CAMION,CAMIONETA,EMERGENCIAS,ESPECIAL,FURGONETA,MOTOCICLETA,NO_IDENTIFICADO,SCOOTER_ELECTRICO,TRICIMOTO,VEHICULO_DEPORTIVO_UTILITARIO,SUMA_DE_VEHICULOS,EDAD_1,SEXO_1,CONDICION_1,PARTICIPANTE_1,CASCO_1,CINTURON_1,KMeans_Cluster
10903,33800,33801,2018,0,0,-0.195726,-78.478234,PICHINCHA,QUITO,QUITO,URBANA,2018-03-12,06:30:00,6,LUNES,1,MARZO,3,NO,CONDUCIR EN SENTIDO CONTRARIO A LA VIA NORMAL DE CIRCULACION.,CHOQUE FRONTAL,AUTOMOVIL,2,0,0,0,0,0,0,0,0,0,0,0,0,2,33,HOMBRE,ILESO,CONDUCTOR PRESENTE,NO,NO,0
10904,33801,33802,2018,0,0,-0.131481,-78.463303,PICHINCHA,QUITO,QUITO,URBANA,2018-03-12,06:58:00,6,LUNES,1,MARZO,3,NO,NO GUARDAR LA DISTANCIA LATERAL MINIMA DE SEGURIDAD ENTRE VEHICULOS.,CHOQUE LATERAL,FURGONETA,1,0,0,0,0,0,0,1,0,0,0,0,0,2,60,HOMBRE,ILESO,CONDUCTOR PRESENTE,NO,NO,0
10905,33803,33804,2018,1,0,-0.167885,-78.489782,PICHINCHA,QUITO,QUITO,URBANA,2018-03-12,08:10:00,8,LUNES,1,MARZO,3,NO,CONDUCIR VEHICULO SUPERANDO LOS LIMITES MAXIMOS DE VELOCIDAD.,ATROPELLOS,NO IDENTIFICADO,0,0,0,0,0,0,0,0,0,1,0,0,0,1,41,MUJER,LESIONADO,PEATON,NO,NO,0
10906,33806,33807,2018,2,0,-0.172511,-78.490893,PICHINCHA,QUITO,QUITO,URBANA,2018-03-12,09:00:00,9,LUNES,1,MARZO,3,NO,NO MANTENER LA DISTANCIA PRUDENCIAL CON RESPECTO AL VEHICULO QUE LE ANTECEDE.,CHOQUE POSTERIOR,AUTOMOVIL,1,0,0,0,0,0,0,0,0,0,0,0,0,1,45,MUJER,LESIONADO,CONDUCTOR PRESENTE,NO,NO,0
10907,33807,33808,2018,1,0,-0.280955,-78.548788,PICHINCHA,QUITO,QUITO,URBANA,2018-03-12,09:00:00,9,LUNES,1,MARZO,3,NO,NO MANTENER LA DISTANCIA PRUDENCIAL CON RESPECTO AL VEHICULO QUE LE ANTECEDE.,CHOQUE LATERAL,AUTOMOVIL,1,1,0,0,0,0,0,0,0,0,0,0,0,2,21,HOMBRE,LESIONADO,CONDUCTOR PRESENTE,NO,NO,0
10908,33810,33811,2018,0,0,-0.217559,-78.505483,PICHINCHA,QUITO,QUITO,URBANA,2018-03-12,10:40:00,10,LUNES,1,MARZO,3,NO,NO MANTENER LA DISTANCIA PRUDENCIAL CON RESPECTO AL VEHICULO QUE LE ANTECEDE.,CHOQUE POSTERIOR,AUTOMOVIL,2,0,0,0,0,0,0,0,0,0,0,0,0,2,31,MUJER,ILESO,CONDUCTOR PRESENTE,NO,NO,0
10909,33812,33813,2018,1,0,-0.151212,-78.465263,PICHINCHA,QUITO,QUITO,URBANA,2018-03-12,11:00:00,11,LUNES,1,MARZO,3,NO,NO MANTENER LA DISTANCIA PRUDENCIAL CON RESPECTO AL VEHICULO QUE LE ANTECEDE.,CHOQUE POSTERIOR,AUTOMOVIL,1,0,0,0,0,0,0,0,1,0,0,0,0,2,35,HOMBRE,LESIONADO,CONDUCTOR PRESENTE,NO,NO,0
10910,33817,33818,2018,1,0,-0.157596,-78.465121,PICHINCHA,QUITO,QUITO,URBANA,2018-03-12,12:25:00,12,LUNES,1,MARZO,3,NO,CONDUCIR VEHICULO SUPERANDO LOS LIMITES MAXIMOS DE VELOCIDAD.,CHOQUE LATERAL,AUTOMOVIL,2,0,0,0,0,0,0,0,0,0,0,0,0,2,25,HOMBRE,LESIONADO,PASAJERO,NO,NO,0
10911,33818,33819,2018,0,0,-0.251273,-78.528824,PICHINCHA,QUITO,QUITO,URBANA,2018-03-12,13:00:00,13,LUNES,1,MARZO,3,NO,NO GUARDAR LA DISTANCIA LATERAL MINIMA DE SEGURIDAD ENTRE VEHICULOS.,CHOQUE LATERAL,FURGONETA,1,0,0,0,0,0,0,1,0,0,0,0,0,2,21,HOMBRE,ILESO,CONDUCTOR PRESENTE,NO,NO,0
10912,33823,33824,2018,0,0,-0.172511,-78.490893,PICHINCHA,QUITO,QUITO,URBANA,2018-03-12,13:30:00,13,LUNES,1,MARZO,3,NO,NO GUARDAR LA DISTANCIA LATERAL MINIMA DE SEGURIDAD ENTRE VEHICULOS.,CHOQUE LATERAL,CAMIONETA,0,0,0,1,1,0,0,0,0,0,0,0,0,2,39,HOMBRE,ILESO,CONDUCTOR PRESENTE,NO,NO,0
10913,33824,33825,2018,1,0,-0.247859,-78.526124,PICHINCHA,QUITO,QUITO,URBANA,2018-03-12,13:50:00,13,LUNES,1,MARZO,3,NO,NO GUARDAR LA DISTANCIA LATERAL MINIMA DE SEGURIDAD ENTRE VEHICULOS.,ROZAMIENTOS,AUTOMOVIL,1,0,0,0,0,0,0,0,0,1,0,0,0,2,17,MUJER,LESIONADO,PASAJERO,NO,NO,0
10914,33825,33826,2018,1,0,-0.262674,-78.538052,PICHINCHA,QUITO,QUITO,URBANA,2018-03-12,14:10:00,14,LUNES,1,MARZO,3,NO,NO CEDER EL DERECHO DE VIA O PREFERENCIA DE PASO AL PEATON.,ATROPELLOS,NO IDENTIFICADO,0,0,0,0,0,0,0,0,0,1,0,0,0,1,33,MUJER,LESIONADO,PEATON,NO,NO,0
10915,33827,33828,2018,1,0,-0.296721,-78.546692,PICHINCHA,QUITO,QUITO,URBANA,2018-03-12,14:26:00,14,LUNES,1,MARZO,3,NO,CONDUCIR EN SENTIDO CONTRARIO A LA VIA NORMAL DE CIRCULACION.,CHOQUE LATERAL,CAMIONETA,1,0,0,0,1,0,0,0,0,0,0,0,0,2,60,MUJER,LESIONADO,PASAJERO,NO,NO,0
10916,33830,33831,2018,0,0,-0.299447,-78.561261,PICHINCHA,QUITO,QUITO,URBANA,2018-03-12,15:00:00,15,LUNES,1,MARZO,3,NO,NO MANTENER LA DISTANCIA PRUDENCIAL CON RESPECTO AL VEHICULO QUE LE ANTECEDE.,CHOQUE POSTERIOR,CAMIONETA,0,0,1,0,1,0,0,0,0,0,0,0,0,2,48,HOMBRE,ILESO,CONDUCTOR PRESENTE,NO,NO,0
10917,33838,33839,2018,3,0,-0.281463,-78.581516,PICHINCHA,QUITO,QUITO,URBANA,2018-03-12,18:00:00,18,LUNES,1,MARZO,3,NO,"NO RESPETAR LAS SENIALES REGLAMENTARIAS DE TRANSITO. (PARE, CEDA EL PASO, LUZ ROJA DEL SEMAFORO, ETC).",CHOQUE LATERAL,AUTOMOVIL,1,0,0,0,0,0,0,0,1,0,0,0,0,2,38,HOMBRE,LESIONADO,PASAJERO,NO,NO,0
10918,33840,33841,2018,1,0,-0.141632,-78.427189,PICHINCHA,QUITO,ZAMBIZA,URBANA,2018-03-12,18:44:00,18,LUNES,1,MARZO,3,NO,PEATON QUE CRUZA LA CALZADA SIN RESPETAR LA SENIALIZACION EXISTENTE (SEMAFOROS O SENIALES MANUALES).,ATROPELLOS,AUTOMOVIL,1,0,0,0,0,0,0,0,0,0,0,0,0,1,78,MUJER,LESIONADO,PEATON,NO,NO,0
10919,33841,33842,2018,0,1,-0.251763,-78.504199,PICHINCHA,QUITO,QUITO,URBANA,2018-03-12,19:00:00,19,LUNES,1,MARZO,3,NO,NO CEDER EL DERECHO DE VIA O PREFERENCIA DE PASO AL PEATON.,ARROLLAMIENTOS,NO IDENTIFICADO,0,0,0,0,0,0,0,0,0,1,0,0,0,1,32,HOMBRE,FALLECIDO,PEATON,NO,NO,0
10920,33844,33845,2018,0,0,-0.194361,-78.499972,PICHINCHA,QUITO,QUITO,URBANA,2018-03-12,19:10:00,19,LUNES,1,MARZO,3,NO,NO MANTENER LA DISTANCIA PRUDENCIAL CON RESPECTO AL VEHICULO QUE LE ANTECEDE.,CHOQUE LATERAL,MOTOCICLETA,1,0,0,0,0,0,0,0,1,0,0,0,0,2,37,MUJER,ILESO,CONDUCTOR PRESENTE,NO,NO,0
10921,33850,33851,2018,0,0,-0.296808,-78.552732,PICHINCHA,QUITO,QUITO,URBANA,2018-03-12,20:10:00,20,LUNES,1,MARZO,3,NO,"NO RESPETAR LAS SENIALES REGLAMENTARIAS DE TRANSITO. (PARE, CEDA EL PASO, LUZ ROJA DEL SEMAFORO, ETC).",CHOQUE LATERAL,BUS,1,0,1,0,0,0,0,0,0,0,0,0,0,2,48,HOMBRE,ILESO,CONDUCTOR PRESENTE,NO,NO,0
10922,33851,33852,2018,0,0,-0.246046,-78.509781,PICHINCHA,QUITO,QUITO,URBANA,2018-03-12,20:40:00,20,LUNES,1,MARZO,3,NO,"CONDUCE BAJO LA INFLUENCIA DE ALCOHOL, SUSTANCIAS ESTUPEFACIENTES O PSICOTROPICAS Y/O MEDICAMENTOS.",ESTRELLAMIENTOS,AUTOMOVIL,2,0,0,1,0,0,0,0,0,0,0,0,0,3,23,HOMBRE,ILESO,CONDUCTOR PRESENTE,NO,NO,0
10923,33854,33855,2018,0,0,-0.204627,-78.498746,PICHINCHA,QUITO,QUITO,URBANA,2018-03-12,21:20:00,21,LUNES,1,MARZO,3,NO,"NO RESPETAR LAS SENIALES REGLAMENTARIAS DE TRANSITO. (PARE, CEDA EL PASO, LUZ ROJA DEL SEMAFORO, ETC).",ESTRELLAMIENTOS,AUTOMOVIL,1,0,0,0,0,0,0,0,0,0,0,0,0,1,-1,NO IDENTIFICADO,NO IDENTIFICADO,CONDUCTOR AUSENTE,NO,NO,2
10924,33855,33856,2018,3,0,-0.247193,-78.481663,PICHINCHA,QUITO,QUITO,URBANA,2018-03-12,21:40:00,21,LUNES,1,MARZO,3,NO,"CONDUCIR DESATENTO A LAS CONDICIONES DE TRANSITO (CELULAR, PANTALLAS DE VIDEO, COMIDA, MAQUILLAJE O CUALQUIER OTRO ELEMENTO DISTRACTOR).",ESTRELLAMIENTOS,CAMION,0,0,0,2,0,0,0,0,0,0,0,0,0,2,40,HOMBRE,LESIONADO,CONDUCTOR PRESENTE,NO,NO,0
10925,33856,33857,2018,0,0,-0.065942,-78.416251,PICHINCHA,QUITO,CALDERON (CARAPUNGO),URBANA,2018-03-12,23:45:00,23,LUNES,1,MARZO,3,NO,"CONDUCIR DESATENTO A LAS CONDICIONES DE TRANSITO (CELULAR, PANTALLAS DE VIDEO, COMIDA, MAQUILLAJE O CUALQUIER OTRO ELEMENTO DISTRACTOR).",CHOQUE LATERAL,CAMIONETA,0,0,0,0,2,0,0,0,0,0,0,0,0,2,27,HOMBRE,ILESO,CONDUCTOR PRESENTE,NO,NO,0
10926,33858,33859,2018,0,0,-0.269548,-78.469131,PICHINCHA,QUITO,CONOCOTO,URBANA,2018-03-13,03:45:00,3,MARTES,2,MARZO,3,NO,"NO RESPETAR LAS SENIALES REGLAMENTARIAS DE TRANSITO. (PARE, CEDA EL PASO, LUZ ROJA DEL SEMAFORO, ETC).",ESTRELLAMIENTOS,AUTOMOVIL,1,0,0,0,0,0,0,0,0,0,0,0,0,1,-1,NO IDENTIFICADO,NO IDENTIFICADO,CONDUCTOR AUSENTE,NO,NO,2
10927,33866,33867,2018,1,0,-0.136172,-78.470287,PICHINCHA,QUITO,QUITO,URBANA,2018-03-13,07:40:00,7,MARTES,2,MARZO,3,NO,NO GUARDAR LA DISTANCIA LATERAL MINIMA DE SEGURIDAD ENTRE VEHICULOS.,ROZAMIENTOS,MOTOCICLETA,1,0,0,0,0,0,0,0,1,0,0,0,0,2,32,HOMBRE,LESIONADO,CONDUCTOR PRESENTE,NO,NO,0
10928,33877,33878,2018,0,0,-0.370422,-78.373721,PICHINCHA,QUITO,PINTAG,URBANA,2018-03-13,14:20:00,14,MARTES,2,MARZO,3,NO,"CONDUCIR DESATENTO A LAS CONDICIONES DE TRANSITO (CELULAR, PANTALLAS DE VIDEO, COMIDA, MAQUILLAJE O CUALQUIER OTRO ELEMENTO DISTRACTOR).",OTROS,CAMION,0,0,0,1,0,0,0,0,0,0,0,0,0,1,21,HOMBRE,ILESO,CONDUCTOR PRESENTE,NO,NO,0
10929,33882,33883,2018,0,0,-0.191227,-78.497357,PICHINCHA,QUITO,QUITO,URBANA,2018-03-13,16:25:00,16,MARTES,2,MARZO,3,NO,DANIOS MECANICOS PREVISIBLES.,ESTRELLAMIENTOS,CAMIONETA,1,0,0,0,1,0,0,0,0,0,0,0,0,2,61,HOMBRE,ILESO,CONDUCTOR PRESENTE,NO,NO,0
10930,33886,33887,2018,0,0,-0.288954,-78.442927,PICHINCHA,QUITO,ALANGASI,RURAL,2018-03-13,19:23:00,19,MARTES,2,MARZO,3,NO,NO GUARDAR LA DISTANCIA LATERAL MINIMA DE SEGURIDAD ENTRE VEHICULOS.,ROZAMIENTOS,AUTOMOVIL,2,0,0,0,0,0,0,0,0,0,0,0,0,2,34,HOMBRE,ILESO,CONDUCTOR PRESENTE,NO,NO,3
10931,33889,33890,2018,1,0,-0.316908,-78.533097,PICHINCHA,QUITO,QUITO,URBANA,2018-03-13,19:43:00,19,MARTES,2,MARZO,3,NO,PEATON QUE CRUZA LA CALZADA SIN RESPETAR LA SENIALIZACION EXISTENTE (SEMAFOROS O SENIALES MANUALES).,ATROPELLOS,AUTOMOVIL,1,0,0,0,0,0,0,0,0,0,0,0,0,1,57,HOMBRE,LESIONADO,PEATON,NO,NO,0
10932,33894,33895,2018,1,0,-0.085268,-78.467202,PICHINCHA,QUITO,QUITO,URBANA,2018-03-13,21:50:00,21,MARTES,2,MARZO,3,NO,NO CEDER EL DERECHO DE VIA O PREFERENCIA DE PASO AL PEATON.,ATROPELLOS,NO IDENTIFICADO,0,0,0,0,0,0,0,0,0,1,0,0,0,1,17,HOMBRE,LESIONADO,PEATON,NO,NO,0
10933,33896,33897,2018,0,0,-0.119587,-78.464525,PICHINCHA,QUITO,QUITO,URBANA,2018-03-14,01:00:00,1,MIERCOLES,3,MARZO,3,NO,"NO RESPETAR LAS SENIALES REGLAMENTARIAS DE TRANSITO. (PARE, CEDA EL PASO, LUZ ROJA DEL SEMAFORO, ETC).",ESTRELLAMIENTOS,NO IDENTIFICADO,0,0,0,0,0,0,0,0,0,1,0,0,0,1,-1,NO IDENTIFICADO,NO IDENTIFICADO,CONDUCTOR AUSENTE,NO,NO,2
10934,33898,33899,2018,0,0,-0.085264,-78.467184,PICHINCHA,QUITO,QUITO,URBANA,2018-03-14,02:15:00,2,MIERCOLES,3,MARZO,3,NO,NO GUARDAR LA DISTANCIA LATERAL MINIMA DE SEGURIDAD ENTRE VEHICULOS.,CHOQUE LATERAL,AUTOMOVIL,1,0,0,1,0,0,0,0,0,0,0,0,0,2,44,HOMBRE,ILESO,CONDUCTOR PRESENTE,NO,NO,0
10935,33900,33901,2018,1,0,-0.344449,-78.562065,PICHINCHA,QUITO,QUITO,URBANA,2018-03-14,06:24:00,6,MIERCOLES,3,MARZO,3,NO,"NO RESPETAR LAS SENIALES REGLAMENTARIAS DE TRANSITO. (PARE, CEDA EL PASO, LUZ ROJA DEL SEMAFORO, ETC).",CHOQUE LATERAL,AUTOMOVIL,1,0,0,0,0,0,0,0,0,1,0,0,0,2,28,HOMBRE,LESIONADO,CONDUCTOR PRESENTE,NO,NO,0
10936,33901,33902,2018,1,0,-0.277334,-78.546535,PICHINCHA,QUITO,QUITO,URBANA,2018-03-14,06:30:00,6,MIERCOLES,3,MARZO,3,NO,CONDUCIR VEHICULO SUPERANDO LOS LIMITES MAXIMOS DE VELOCIDAD.,CHOQUE LATERAL,CAMIONETA,0,0,0,0,1,0,0,0,1,0,0,0,0,2,31,HOMBRE,LESIONADO,CONDUCTOR PRESENTE,NO,NO,0
10937,33902,33903,2018,0,0,-0.091585,-78.439052,PICHINCHA,QUITO,CALDERON (CARAPUNGO),URBANA,2018-03-14,07:00:00,7,MIERCOLES,3,MARZO,3,NO,"NO RESPETAR LAS SENIALES REGLAMENTARIAS DE TRANSITO. (PARE, CEDA EL PASO, LUZ ROJA DEL SEMAFORO, ETC).",OTROS,AUTOMOVIL,1,0,0,0,0,0,0,0,0,0,0,0,0,1,-1,NO IDENTIFICADO,NO IDENTIFICADO,CONDUCTOR AUSENTE,NO,NO,2
10938,33908,33909,2018,2,0,-0.172208,-78.492782,PICHINCHA,QUITO,QUITO,URBANA,2018-03-14,08:05:00,8,MIERCOLES,3,MARZO,3,NO,"NO RESPETAR LAS SENIALES REGLAMENTARIAS DE TRANSITO. (PARE, CEDA EL PASO, LUZ ROJA DEL SEMAFORO, ETC).",CHOQUE LATERAL,AUTOMOVIL,2,0,0,0,0,0,0,0,0,0,0,0,0,2,40,MUJER,LESIONADO,CONDUCTOR PRESENTE,NO,NO,0
10939,33913,33914,2018,0,0,-0.163294,-78.462564,PICHINCHA,QUITO,QUITO,URBANA,2018-03-14,09:40:00,9,MIERCOLES,3,MARZO,3,NO,CONDUCIR VEHICULO SUPERANDO LOS LIMITES MAXIMOS DE VELOCIDAD.,COLISION,AUTOMOVIL,4,0,0,0,0,0,0,0,0,0,0,0,0,4,26,HOMBRE,ILESO,CONDUCTOR PRESENTE,NO,NO,0
10940,33914,33915,2018,0,0,-0.163294,-78.462564,PICHINCHA,QUITO,QUITO,URBANA,2018-03-14,09:50:00,9,MIERCOLES,3,MARZO,3,NO,NO MANTENER LA DISTANCIA PRUDENCIAL CON RESPECTO AL VEHICULO QUE LE ANTECEDE.,COLISION,CAMION,2,0,0,1,0,0,0,0,0,0,0,0,0,3,62,HOMBRE,ILESO,CONDUCTOR PRESENTE,NO,NO,0
10941,33916,33917,2018,0,0,-0.163094,-78.463144,PICHINCHA,QUITO,QUITO,URBANA,2018-03-14,10:30:00,10,MIERCOLES,3,MARZO,3,NO,NO MANTENER LA DISTANCIA PRUDENCIAL CON RESPECTO AL VEHICULO QUE LE ANTECEDE.,COLISION,AUTOMOVIL,2,0,0,0,1,0,0,0,0,0,0,0,0,3,35,HOMBRE,ILESO,CONDUCTOR PRESENTE,NO,NO,0
10942,33920,33921,2018,0,0,-0.201512,-78.508446,PICHINCHA,QUITO,QUITO,URBANA,2018-03-14,11:50:00,11,MIERCOLES,3,MARZO,3,NO,"NO RESPETAR LAS SENIALES REGLAMENTARIAS DE TRANSITO. (PARE, CEDA EL PASO, LUZ ROJA DEL SEMAFORO, ETC).",CHOQUE FRONTAL,CAMIONETA,1,0,0,0,1,0,0,0,0,0,0,0,0,2,57,HOMBRE,ILESO,CONDUCTOR PRESENTE,NO,NO,0
10943,33923,33924,2018,1,0,-0.172151,-78.491143,PICHINCHA,QUITO,QUITO,URBANA,2018-03-14,12:30:00,12,MIERCOLES,3,MARZO,3,NO,NO MANTENER LA DISTANCIA PRUDENCIAL CON RESPECTO AL VEHICULO QUE LE ANTECEDE.,CHOQUE POSTERIOR,MOTOCICLETA,0,0,0,0,0,0,0,0,1,0,0,0,0,1,38,HOMBRE,LESIONADO,CONDUCTOR PRESENTE,NO,NO,0
10944,33925,33926,2018,1,0,-0.194881,-78.396988,PICHINCHA,QUITO,TUMBACO,URBANA,2018-03-14,13:05:00,13,MIERCOLES,3,MARZO,3,NO,CONDUCIR VEHICULO SUPERANDO LOS LIMITES MAXIMOS DE VELOCIDAD.,PERDIDA DE PISTA,MOTOCICLETA,0,0,0,0,0,0,0,0,1,0,0,0,0,1,44,HOMBRE,LESIONADO,CONDUCTOR PRESENTE,NO,NO,0
10945,33927,33928,2018,0,0,-0.163094,-78.467144,PICHINCHA,QUITO,QUITO,URBANA,2018-03-14,13:20:00,13,MIERCOLES,3,MARZO,3,NO,"NO RESPETAR LAS SENIALES REGLAMENTARIAS DE TRANSITO. (PARE, CEDA EL PASO, LUZ ROJA DEL SEMAFORO, ETC).",CHOQUE LATERAL,AUTOMOVIL,2,0,0,0,0,0,0,0,0,0,0,0,0,2,30,HOMBRE,ILESO,CONDUCTOR PRESENTE,NO,NO,0
10946,33929,33930,2018,1,0,-0.183738,-78.495237,PICHINCHA,QUITO,QUITO,URBANA,2018-03-14,13:35:00,13,MIERCOLES,3,MARZO,3,NO,PEATON QUE CRUZA LA CALZADA SIN RESPETAR LA SENIALIZACION EXISTENTE (SEMAFOROS O SENIALES MANUALES).,ATROPELLOS,MOTOCICLETA,0,0,0,0,0,0,0,0,1,0,0,0,0,1,22,HOMBRE,LESIONADO,PEATON,NO,NO,0
10947,33934,33935,2018,1,0,-0.189181,-78.502162,PICHINCHA,QUITO,QUITO,URBANA,2018-03-14,14:55:00,14,MIERCOLES,3,MARZO,3,NO,"CASO FORTUITO O FUERZA MAYOR (EXPLOSION DE NEUMATICO NUEVO, DERRUMBE, INUNDACION, CAIDA DE PUENTE, ARBOL, PRESENCIA INTEMPESTIVA E IMPREVISTA DE SEMOVIENTES EN LA VIA, ETC.).",COLISION,AUTOMOVIL,3,0,0,0,0,0,0,1,0,0,0,0,0,4,60,MUJER,LESIONADO,CONDUCTOR PRESENTE,NO,NO,0
10948,33935,33936,2018,1,0,-0.193311,-78.497266,PICHINCHA,QUITO,QUITO,URBANA,2018-03-14,15:00:00,15,MIERCOLES,3,MARZO,3,NO,NO TRANSITAR POR LAS ACERAS O ZONAS DE SEGURIDAD DESTINADAS PARA EL EFECTO.,ATROPELLOS,AUTOMOVIL,1,0,0,0,0,0,0,0,0,0,0,0,0,1,80,HOMBRE,LESIONADO,CONDUCTOR PRESENTE,NO,NO,0
10949,33937,33938,2018,0,0,-0.305038,-78.551502,PICHINCHA,QUITO,QUITO,URBANA,2018-03-14,15:50:00,15,MIERCOLES,3,MARZO,3,NO,NO CEDER EL DERECHO DE VIA O PREFERENCIA DE PASO A VEHICULOS.,CHOQUE LATERAL,CAMION,1,0,0,1,0,0,0,0,0,0,0,0,0,2,18,HOMBRE,ILESO,CONDUCTOR PRESENTE,NO,NO,0
10950,33939,33940,2018,0,0,-0.301036,-78.537877,PICHINCHA,QUITO,QUITO,URBANA,2018-03-14,16:00:00,16,MIERCOLES,3,MARZO,3,NO,"NO RESPETAR LAS SENIALES REGLAMENTARIAS DE TRANSITO. (PARE, CEDA EL PASO, LUZ ROJA DEL SEMAFORO, ETC).",ESTRELLAMIENTOS,FURGONETA,0,0,0,0,0,0,0,1,0,0,0,0,0,1,-1,NO IDENTIFICADO,NO IDENTIFICADO,CONDUCTOR AUSENTE,NO,NO,2
10951,33943,33944,2018,1,0,-0.317898,-78.535609,PICHINCHA,QUITO,QUITO,URBANA,2018-03-14,18:00:00,18,MIERCOLES,3,MARZO,3,NO,REALIZAR CAMBIO BRUSCO O INDEBIDO DE CARRIL.,PERDIDA DE PISTA,MOTOCICLETA,0,0,0,0,0,0,0,0,1,0,0,0,0,1,19,MUJER,LESIONADO,CONDUCTOR PRESENTE,NO,NO,0
10952,33944,33945,2018,0,0,-0.129061,-78.476418,PICHINCHA,QUITO,QUITO,URBANA,2018-03-14,18:09:00,18,MIERCOLES,3,MARZO,3,NO,"MAL ESTACIONADO - EL CONDUCTOR QUE DETENGA O ESTACIONE VEHICULOS EN SITIOS O ZONAS QUE ENTRANIEN PELIGRO, TALES COMO ZONA DE SEGURIDAD, CURVAS, PUENTES, TUNELES, PENDIENTES.",OTROS,MOTOCICLETA,0,0,0,1,0,0,0,0,1,0,0,0,0,2,50,HOMBRE,ILESO,CONDUCTOR PRESENTE,NO,NO,0
10953,33945,33946,2018,1,0,-0.101492,-78.468991,PICHINCHA,QUITO,QUITO,URBANA,2018-03-14,18:20:00,18,MIERCOLES,3,MARZO,3,NO,"CASO FORTUITO O FUERZA MAYOR (EXPLOSION DE NEUMATICO NUEVO, DERRUMBE, INUNDACION, CAIDA DE PUENTE, ARBOL, PRESENCIA INTEMPESTIVA E IMPREVISTA DE SEMOVIENTES EN LA VIA, ETC.).",CHOQUE LATERAL,AUTOMOVIL,2,0,0,0,0,0,0,0,0,0,0,0,0,2,68,HOMBRE,LESIONADO,CONDUCTOR PRESENTE,NO,NO,0
10954,33948,33949,2018,2,0,-0.304056,-78.551522,PICHINCHA,QUITO,QUITO,URBANA,2018-03-14,18:40:00,18,MIERCOLES,3,MARZO,3,NO,CONDUCIR EN SENTIDO CONTRARIO A LA VIA NORMAL DE CIRCULACION.,CHOQUE FRONTAL,MOTOCICLETA,0,0,0,0,0,0,0,0,2,0,0,0,0,2,33,HOMBRE,LESIONADO,CONDUCTOR PRESENTE,NO,NO,0
10955,33957,33958,2018,0,0,-0.129061,-78.476418,PICHINCHA,QUITO,QUITO,URBANA,2018-03-14,20:30:00,20,MIERCOLES,3,MARZO,3,NO,CONDUCIR VEHICULO SUPERANDO LOS LIMITES MAXIMOS DE VELOCIDAD.,COLISION,AUTOMOVIL,3,0,0,0,0,0,0,0,0,0,0,0,0,3,30,MUJER,ILESO,CONDUCTOR PRESENTE,NO,NO,0
10956,33965,33966,2018,0,0,-0.126997,-78.493317,PICHINCHA,QUITO,QUITO,URBANA,2018-03-15,00:20:00,0,JUEVES,4,MARZO,3,NO,"NO RESPETAR LAS SENIALES REGLAMENTARIAS DE TRANSITO. (PARE, CEDA EL PASO, LUZ ROJA DEL SEMAFORO, ETC).",ESTRELLAMIENTOS,FURGONETA,0,0,0,0,0,0,0,1,0,0,0,0,0,1,-1,NO IDENTIFICADO,NO IDENTIFICADO,CONDUCTOR AUSENTE,NO,NO,2
10957,33967,33968,2018,1,0,-0.265092,-78.538271,PICHINCHA,QUITO,QUITO,URBANA,2018-03-15,00:50:00,0,JUEVES,4,MARZO,3,NO,"CONDUCIR DESATENTO A LAS CONDICIONES DE TRANSITO (CELULAR, PANTALLAS DE VIDEO, COMIDA, MAQUILLAJE O CUALQUIER OTRO ELEMENTO DISTRACTOR).",ESTRELLAMIENTOS,AUTOMOVIL,1,0,0,0,0,0,0,0,0,0,0,0,0,1,29,HOMBRE,LESIONADO,CONDUCTOR PRESENTE,NO,NO,0
10958,33968,33969,2018,1,0,-0.194342,-78.501409,PICHINCHA,QUITO,QUITO,URBANA,2018-03-15,01:05:00,1,JUEVES,4,MARZO,3,NO,NO CEDER EL DERECHO DE VIA O PREFERENCIA DE PASO AL PEATON.,ATROPELLOS,NO IDENTIFICADO,0,0,0,0,0,0,0,0,0,1,0,0,0,1,42,HOMBRE,LESIONADO,PEATON,NO,NO,0
10959,33969,33970,2018,0,0,-0.307978,-78.521685,PICHINCHA,QUITO,QUITO,URBANA,2018-03-15,02:35:00,2,JUEVES,4,MARZO,3,NO,"CONDUCIR EN ESTADO DE SOMNOLENCIA O MALAS CONDICIONES FISICAS (SUENIO, CANSANCIO Y FATIGA).",ESTRELLAMIENTOS,AUTOMOVIL,1,0,0,0,0,0,0,0,0,0,0,0,0,1,-1,NO IDENTIFICADO,NO IDENTIFICADO,CONDUCTOR AUSENTE,NO,NO,2
10960,33972,33973,2018,3,0,-0.203827,-78.502028,PICHINCHA,QUITO,QUITO,URBANA,2018-03-15,04:45:00,4,JUEVES,4,MARZO,3,NO,"CONDUCE BAJO LA INFLUENCIA DE ALCOHOL, SUSTANCIAS ESTUPEFACIENTES O PSICOTROPICAS Y/O MEDICAMENTOS.",ESTRELLAMIENTOS,AUTOMOVIL,1,0,0,0,1,0,0,0,0,0,0,0,0,2,24,MUJER,LESIONADO,PASAJERO,NO,NO,0