,Unnamed: 0,ID,ANIO,LESIONADOS,FALLECIDOS,LATITUD_Y,LONGITUD_X,PROVINCIA,CANTON,PARROQUIA,ZONA,FECHA,HORA,PERIODO_2,DIA_1,DIA_2,MES_1,MES_2,FERIADO,CAUSA_PROBABLE,TIPO_DE_SINIESTRO,TIPO_DE_VEHICULO_1,AUTOMOVIL,BICICLETA,BUS,CAMION,CAMIONETA,EMERGENCIAS,ESPECIAL,FURGONETA,MOTOCICLETA,NO_IDENTIFICADO,SCOOTER_ELECTRICO,TRICIMOTO,VEHICULO_DEPORTIVO_UTILITARIO,SUMA_DE_VEHICULOS,EDAD_1,SEXO_1,CONDICION_1,PARTICIPANTE_1,CASCO_1,CINTURON_1,KMeans_Cluster
10961,33975,33976,2018,0,0,-0.200805,-78.433191,PICHINCHA,QUITO,CUMBAYA,URBANA,2018-03-15,06:40:00,6,JUEVES,4,MARZO,3,NO,"CONDUCIR DESATENTO A LAS CONDICIONES DE TRANSITO (CELULAR, PANTALLAS DE VIDEO, COMIDA, MAQUILLAJE O CUALQUIER OTRO ELEMENTO DISTRACTOR).",ROZAMIENTOS,FURGONETA,0,0,1,0,0,0,0,1,0,0,0,0,0,2,28,MUJER,ILESO,CONDUCTOR PRESENTE,NO,NO,0
10962,33976,33977,2018,1,0,-0.183051,-78.485465,PICHINCHA,QUITO,QUITO,URBANA,2018-03-15,06:50:00,6,JUEVES,4,MARZO,3,NO,NO TRANSITAR POR LAS ACERAS O ZONAS DE SEGURIDAD DESTINADAS PARA EL EFECTO.,ATROPELLOS,AUTOMOVIL,1,0,0,0,0,0,0,0,0,0,0,0,0,1,9,HOMBRE,LESIONADO,PEATON,NO,NO,0
10963,33977,33978,2018,0,0,-0.203644,-78.490504,PICHINCHA,QUITO,QUITO,URBANA,2018-03-15,08:00:00,8,JUEVES,4,MARZO,3,NO,"NO RESPETAR LAS SENIALES REGLAMENTARIAS DE TRANSITO. (PARE, CEDA EL PASO, LUZ ROJA DEL SEMAFORO, ETC).",CHOQUE LATERAL,CAMIONETA,0,0,0,0,2,0,0,0,0,0,0,0,0,2,65,HOMBRE,ILESO,CONDUCTOR PRESENTE,NO,NO,0
10964,33979,33980,2018,0,1,-0.342042,-78.548997,PICHINCHA,QUITO,QUITO,URBANA,2018-03-15,08:50:00,8,JUEVES,4,MARZO,3,NO,NO CEDER EL DERECHO DE VIA O PREFERENCIA DE PASO AL PEATON.,ATROPELLOS,BUS,0,0,1,0,0,0,0,0,0,0,0,0,0,1,20,HOMBRE,FALLECIDO,CONDUCTOR PRESENTE,NO,NO,0
10965,33980,33981,2018,1,0,-0.336412,-78.544583,PICHINCHA,QUITO,QUITO,URBANA,2018-03-15,09:10:00,9,JUEVES,4,MARZO,3,NO,DEJAR O RECOGER PASAJEROS EN LUGARES NO PERMITIDOS.,CAIDA DE PASAJERO,BUS,0,0,1,0,0,0,0,0,0,0,0,0,0,1,46,HOMBRE,LESIONADO,CONDUCTOR PRESENTE,NO,NO,0
10966,33990,33991,2018,1,0,-0.242834,-78.541824,PICHINCHA,QUITO,QUITO,URBANA,2018-03-15,13:30:00,13,JUEVES,4,MARZO,3,NO,"NO RESPETAR LAS SENIALES REGLAMENTARIAS DE TRANSITO. (PARE, CEDA EL PASO, LUZ ROJA DEL SEMAFORO, ETC).",PERDIDA DE PISTA,MOTOCICLETA,0,0,0,0,0,0,0,0,1,0,0,0,0,1,17,MUJER,LESIONADO,PASAJERO,NO,NO,0
10967,34000,34001,2018,1,0,-0.186152,-78.508046,PICHINCHA,QUITO,QUITO,URBANA,2018-03-15,18:10:00,18,JUEVES,4,MARZO,3,NO,PEATON QUE CRUZA LA CALZADA SIN RESPETAR LA SENIALIZACION EXISTENTE (SEMAFOROS O SENIALES MANUALES).,ATROPELLOS,AUTOMOVIL,1,0,0,0,0,0,0,0,0,0,0,0,0,1,-1,NO IDENTIFICADO,LESIONADO,CONDUCTOR PRESENTE,NO,NO,2
10968,34001,34002,2018,1,0,-0.265064,-78.536095,PICHINCHA,QUITO,QUITO,URBANA,2018-03-15,18:45:00,18,JUEVES,4,MARZO,3,NO,NO CEDER EL DERECHO DE VIA O PREFERENCIA DE PASO AL PEATON.,ATROPELLOS,NO IDENTIFICADO,0,0,0,0,0,0,0,0,0,1,0,0,0,1,25,HOMBRE,LESIONADO,PASAJERO,NO,NO,0
10969,34005,34006,2018,0,0,-0.196391,-78.493156,PICHINCHA,QUITO,QUITO,URBANA,2018-03-15,19:50:00,19,JUEVES,4,MARZO,3,NO,"CASO FORTUITO O FUERZA MAYOR (EXPLOSION DE NEUMATICO NUEVO, DERRUMBE, INUNDACION, CAIDA DE PUENTE, ARBOL, PRESENCIA INTEMPESTIVA E IMPREVISTA DE SEMOVIENTES EN LA VIA, ETC.).",OTROS,AUTOMOVIL,1,0,0,0,0,0,0,0,0,0,0,0,0,1,53,MUJER,ILESO,CONDUCTOR PRESENTE,NO,NO,0
10970,34015,34016,2018,1,0,-0.325989,-78.411583,PICHINCHA,QUITO,ALANGASI,URBANA,2018-03-16,00:30:00,0,VIERNES,5,MARZO,3,NO,"CONDUCE BAJO LA INFLUENCIA DE ALCOHOL, SUSTANCIAS ESTUPEFACIENTES O PSICOTROPICAS Y/O MEDICAMENTOS.",ESTRELLAMIENTOS,AUTOMOVIL,1,0,0,1,0,0,0,0,0,0,0,0,0,2,35,HOMBRE,LESIONADO,PEATON,NO,NO,0
10971,34018,34019,2018,0,0,-0.389267,-78.814151,PICHINCHA,MEJIA,MANUEL CORNEJO ASTORGA,RURAL,2018-03-16,01:00:00,1,VIERNES,5,MARZO,3,NO,"CONDUCIR DESATENTO A LAS CONDICIONES DE TRANSITO (CELULAR, PANTALLAS DE VIDEO, COMIDA, MAQUILLAJE O CUALQUIER OTRO ELEMENTO DISTRACTOR).",ESTRELLAMIENTOS,CAMION,0,0,0,1,0,0,0,0,0,0,0,0,0,1,37,HOMBRE,ILESO,CONDUCTOR PRESENTE,NO,NO,3
10972,34019,34020,2018,0,0,-0.102438,-78.499971,PICHINCHA,QUITO,QUITO,URBANA,2018-03-16,01:30:00,1,VIERNES,5,MARZO,3,NO,"CONDUCIR DESATENTO A LAS CONDICIONES DE TRANSITO (CELULAR, PANTALLAS DE VIDEO, COMIDA, MAQUILLAJE O CUALQUIER OTRO ELEMENTO DISTRACTOR).",ESTRELLAMIENTOS,AUTOMOVIL,1,0,0,0,0,0,0,0,0,0,0,0,0,1,24,MUJER,ILESO,CONDUCTOR PRESENTE,NO,NO,0
10973,34020,34021,2018,0,1,-0.175091,-78.488134,PICHINCHA,QUITO,QUITO,URBANA,2018-03-16,01:30:00,1,VIERNES,5,MARZO,3,NO,"CONDUCIR EN ESTADO DE SOMNOLENCIA O MALAS CONDICIONES FISICAS (SUENIO, CANSANCIO Y FATIGA).",ESTRELLAMIENTOS,AUTOMOVIL,1,0,0,0,0,0,0,0,0,0,0,0,0,1,73,HOMBRE,FALLECIDO,CONDUCTOR PRESENTE,NO,NO,0
10974,34024,34025,2018,1,0,-0.494283,-78.571186,PICHINCHA,MEJIA,ALOAG,RURAL,2018-03-16,05:35:00,5,VIERNES,5,MARZO,3,NO,"CONDUCIR DESATENTO A LAS CONDICIONES DE TRANSITO (CELULAR, PANTALLAS DE VIDEO, COMIDA, MAQUILLAJE O CUALQUIER OTRO ELEMENTO DISTRACTOR).",ROZAMIENTOS,MOTOCICLETA,0,0,0,0,0,0,0,0,1,0,0,0,0,1,34,HOMBRE,LESIONADO,CONDUCTOR PRESENTE,NO,NO,3
10975,34026,34027,2018,0,1,-0.116014,-78.479591,PICHINCHA,QUITO,QUITO,URBANA,2018-03-16,06:20:00,6,VIERNES,5,MARZO,3,NO,"CONDUCIR DESATENTO A LAS CONDICIONES DE TRANSITO (CELULAR, PANTALLAS DE VIDEO, COMIDA, MAQUILLAJE O CUALQUIER OTRO ELEMENTO DISTRACTOR).",ESTRELLAMIENTOS,MOTOCICLETA,0,0,0,0,0,0,0,0,1,0,0,0,0,1,37,HOMBRE,FALLECIDO,CONDUCTOR PRESENTE,NO,NO,0
10976,34028,34029,2018,0,0,-0.175511,-78.488431,PICHINCHA,QUITO,QUITO,URBANA,2018-03-16,06:55:00,6,VIERNES,5,MARZO,3,NO,"CONDUCE BAJO LA INFLUENCIA DE ALCOHOL, SUSTANCIAS ESTUPEFACIENTES O PSICOTROPICAS Y/O MEDICAMENTOS.",ROZAMIENTOS,MOTOCICLETA,1,0,0,0,0,0,0,0,2,0,0,0,0,3,43,HOMBRE,ILESO,CONDUCTOR PRESENTE,NO,NO,0
10977,34031,34032,2018,2,0,-0.105373,-78.462381,PICHINCHA,QUITO,QUITO,URBANA,2018-03-16,08:02:00,8,VIERNES,5,MARZO,3,NO,"NO RESPETAR LAS SENIALES REGLAMENTARIAS DE TRANSITO. (PARE, CEDA EL PASO, LUZ ROJA DEL SEMAFORO, ETC).",ATROPELLOS,MOTOCICLETA,0,0,0,0,0,0,0,0,1,0,0,0,0,1,33,HOMBRE,LESIONADO,CONDUCTOR PRESENTE,NO,NO,0
10978,34032,34033,2018,2,0,-0.072928,-78.439646,PICHINCHA,QUITO,CALDERON (CARAPUNGO),URBANA,2018-03-16,08:20:00,8,VIERNES,5,MARZO,3,NO,"NO RESPETAR LAS SENIALES REGLAMENTARIAS DE TRANSITO. (PARE, CEDA EL PASO, LUZ ROJA DEL SEMAFORO, ETC).",CHOQUE LATERAL,BUS,0,0,1,0,0,0,0,0,1,0,0,0,0,2,23,HOMBRE,LESIONADO,CONDUCTOR PRESENTE,NO,NO,0
10979,34034,34035,2018,1,0,-0.177067,-78.492319,PICHINCHA,QUITO,QUITO,URBANA,2018-03-16,08:30:00,8,VIERNES,5,MARZO,3,NO,"NO RESPETAR LAS SENIALES REGLAMENTARIAS DE TRANSITO. (PARE, CEDA EL PASO, LUZ ROJA DEL SEMAFORO, ETC).",CHOQUE LATERAL,CAMIONETA,1,0,0,0,1,0,0,0,0,0,0,0,0,2,29,HOMBRE,LESIONADO,CONDUCTOR PRESENTE,NO,NO,0
10980,34038,34039,2018,0,0,-0.315475,-78.548577,PICHINCHA,QUITO,QUITO,URBANA,2018-03-16,09:45:00,9,VIERNES,5,MARZO,3,NO,CONDUCIR VEHICULO SUPERANDO LOS LIMITES MAXIMOS DE VELOCIDAD.,CHOQUE LATERAL,CAMIONETA,1,0,0,0,1,0,0,0,0,0,0,0,0,2,18,MUJER,ILESO,CONDUCTOR PRESENTE,NO,NO,0
10981,34042,34043,2018,0,0,-0.246647,-78.533292,PICHINCHA,QUITO,QUITO,URBANA,2018-03-16,10:22:00,10,VIERNES,5,MARZO,3,NO,"NO RESPETAR LAS SENIALES REGLAMENTARIAS DE TRANSITO. (PARE, CEDA EL PASO, LUZ ROJA DEL SEMAFORO, ETC).",CHOQUE FRONTAL,BUS,1,0,1,0,0,0,0,0,0,0,0,0,0,2,41,HOMBRE,ILESO,CONDUCTOR PRESENTE,NO,NO,0
10982,34045,34046,2018,0,0,-0.216651,-78.496365,PICHINCHA,QUITO,QUITO,URBANA,2018-03-16,10:50:00,10,VIERNES,5,MARZO,3,NO,NO GUARDAR LA DISTANCIA LATERAL MINIMA DE SEGURIDAD ENTRE VEHICULOS.,CHOQUE LATERAL,AUTOMOVIL,2,0,0,0,0,0,0,0,0,0,0,0,0,2,-1,NO IDENTIFICADO,NO IDENTIFICADO,CONDUCTOR AUSENTE,NO,NO,2
10983,34050,34051,2018,1,0,-0.114482,-78.492059,PICHINCHA,QUITO,QUITO,URBANA,2018-03-16,12:30:00,12,VIERNES,5,MARZO,3,NO,NO TRANSITAR POR LAS ACERAS O ZONAS DE SEGURIDAD DESTINADAS PARA EL EFECTO.,ATROPELLOS,AUTOMOVIL,1,0,0,0,0,0,0,0,0,0,0,0,0,1,39,HOMBRE,LESIONADO,CONDUCTOR PRESENTE,NO,NO,0
10984,34052,34053,2018,0,0,-0.169953,-78.484493,PICHINCHA,QUITO,QUITO,URBANA,2018-03-16,13:10:00,13,VIERNES,5,MARZO,3,NO,NO CEDER EL DERECHO DE VIA O PREFERENCIA DE PASO A VEHICULOS.,CHOQUE LATERAL,AUTOMOVIL,2,0,0,0,0,0,0,0,0,0,0,0,0,2,22,HOMBRE,ILESO,CONDUCTOR PRESENTE,NO,NO,0
10985,34056,34057,2018,1,0,-0.212824,-78.402686,PICHINCHA,QUITO,TUMBACO,URBANA,2018-03-16,13:50:00,13,VIERNES,5,MARZO,3,NO,PEATON QUE CRUZA LA CALZADA SIN RESPETAR LA SENIALIZACION EXISTENTE (SEMAFOROS O SENIALES MANUALES).,ATROPELLOS,CAMIONETA,0,0,0,0,1,0,0,0,0,0,0,0,0,1,29,MUJER,LESIONADO,PASAJERO,NO,NO,0
10986,34061,34062,2018,0,0,-0.174771,-78.453499,PICHINCHA,QUITO,QUITO,URBANA,2018-03-16,15:45:00,15,VIERNES,5,MARZO,3,NO,"CONDUCE BAJO LA INFLUENCIA DE ALCOHOL, SUSTANCIAS ESTUPEFACIENTES O PSICOTROPICAS Y/O MEDICAMENTOS.",CHOQUE POSTERIOR,AUTOMOVIL,2,0,0,0,0,0,0,0,0,0,0,0,0,2,36,HOMBRE,ILESO,CONDUCTOR PRESENTE,NO,NO,0
10987,34064,34065,2018,1,0,-0.252177,-78.517003,PICHINCHA,QUITO,QUITO,URBANA,2018-03-16,16:45:00,16,VIERNES,5,MARZO,3,NO,"PRESENCIA DE AGENTES EXTERNOS EN LA VIA (AGUA, ACEITE, PIEDRA, LASTRE, ESCOMBROS, MADEROS, ETC.).",OTROS,AUTOMOVIL,2,0,0,0,0,0,0,0,0,0,0,0,0,2,61,HOMBRE,LESIONADO,CONDUCTOR PRESENTE,NO,NO,0
10988,34076,34077,2018,0,0,-0.116338,-78.490267,PICHINCHA,QUITO,QUITO,URBANA,2018-03-16,19:25:00,19,VIERNES,5,MARZO,3,NO,"CONDUCE BAJO LA INFLUENCIA DE ALCOHOL, SUSTANCIAS ESTUPEFACIENTES O PSICOTROPICAS Y/O MEDICAMENTOS.",CHOQUE LATERAL,AUTOMOVIL,2,0,1,0,0,0,0,0,0,0,0,0,0,3,32,HOMBRE,ILESO,CONDUCTOR PRESENTE,NO,NO,0
10989,34079,34080,2018,1,0,-0.099083,-78.421844,PICHINCHA,QUITO,CALDERON (CARAPUNGO),URBANA,2018-03-16,19:50:00,19,VIERNES,5,MARZO,3,NO,"FALLA MECANICA EN LOS SISTEMAS Y/O NEUMATICOS (SISTEMA DE FRENOS, DIRECCION, ELECTRONICO O MECANICO).",CHOQUE LATERAL,AUTOMOVIL,1,0,0,1,0,0,0,0,0,0,0,0,0,2,22,MUJER,LESIONADO,PEATON,NO,NO,0
10990,34080,34081,2018,0,0,-0.459839,-78.758811,PICHINCHA,MEJIA,MANUEL CORNEJO ASTORGA,RURAL,2018-03-16,20:00:00,20,VIERNES,5,MARZO,3,NO,"CONDUCIR DESATENTO A LAS CONDICIONES DE TRANSITO (CELULAR, PANTALLAS DE VIDEO, COMIDA, MAQUILLAJE O CUALQUIER OTRO ELEMENTO DISTRACTOR).",CHOQUE POSTERIOR,VEHICULO DEPORTIVO UTILITARIO,0,0,0,0,0,0,0,0,0,0,0,0,2,2,30,HOMBRE,ILESO,CONDUCTOR PRESENTE,NO,NO,3
10991,34088,34089,2018,0,0,-0.501557,-78.572618,PICHINCHA,MEJIA,MACHACHI,RURAL,2018-03-16,21:30:00,21,VIERNES,5,MARZO,3,NO,"CONDUCE BAJO LA INFLUENCIA DE ALCOHOL, SUSTANCIAS ESTUPEFACIENTES O PSICOTROPICAS Y/O MEDICAMENTOS.",CHOQUE POSTERIOR,CAMIONETA,0,0,0,0,1,0,0,0,0,0,0,0,1,2,38,HOMBRE,ILESO,CONDUCTOR PRESENTE,NO,NO,3
10992,34092,34093,2018,0,0,-0.308006,-78.559416,PICHINCHA,QUITO,QUITO,URBANA,2018-03-16,22:20:00,22,VIERNES,5,MARZO,3,NO,"CONDUCIR DESATENTO A LAS CONDICIONES DE TRANSITO (CELULAR, PANTALLAS DE VIDEO, COMIDA, MAQUILLAJE O CUALQUIER OTRO ELEMENTO DISTRACTOR).",CHOQUE LATERAL,MOTOCICLETA,0,0,0,0,0,0,0,0,1,0,0,0,0,1,77,MUJER,ILESO,PASAJERO,NO,NO,0
10993,34097,34098,2018,0,0,-0.297776,-78.480447,PICHINCHA,QUITO,CONOCOTO,URBANA,2018-03-16,00:30:00,0,VIERNES,5,MARZO,3,NO,CONDUCIR VEHICULO SUPERANDO LOS LIMITES MAXIMOS DE VELOCIDAD.,ESTRELLAMIENTOS,AUTOMOVIL,1,0,0,0,0,0,0,0,0,0,0,0,0,1,-1,NO IDENTIFICADO,NO IDENTIFICADO,CONDUCTOR AUSENTE,NO,NO,2
10994,34102,34103,2018,0,0,-0.161863,-78.487261,PICHINCHA,QUITO,QUITO,URBANA,2018-03-17,02:00:00,2,SABADO,6,MARZO,3,NO,"NO RESPETAR LAS SENIALES REGLAMENTARIAS DE TRANSITO. (PARE, CEDA EL PASO, LUZ ROJA DEL SEMAFORO, ETC).",ESTRELLAMIENTOS,AUTOMOVIL,1,0,0,0,0,0,0,0,0,0,0,0,0,1,-1,NO IDENTIFICADO,NO IDENTIFICADO,CONDUCTOR AUSENTE,NO,NO,2
10995,34104,34105,2018,1,0,-0.256733,-78.542807,PICHINCHA,QUITO,QUITO,URBANA,2018-03-17,02:15:00,2,SABADO,6,MARZO,3,NO,"CONDUCIR EN ESTADO DE SOMNOLENCIA O MALAS CONDICIONES FISICAS (SUENIO, CANSANCIO Y FATIGA).",ATROPELLOS,AUTOMOVIL,1,0,0,0,0,0,0,0,0,0,0,0,0,1,27,HOMBRE,LESIONADO,CONDUCTOR PRESENTE,NO,NO,0
10996,34106,34107,2018,0,0,-0.084163,-78.418921,PICHINCHA,QUITO,CALDERON (CARAPUNGO),URBANA,2018-03-17,02:55:00,2,SABADO,6,MARZO,3,NO,CONDUCIR VEHICULO SUPERANDO LOS LIMITES MAXIMOS DE VELOCIDAD.,ESTRELLAMIENTOS,AUTOMOVIL,1,0,0,0,0,0,0,0,0,0,0,0,0,1,26,HOMBRE,ILESO,CONDUCTOR PRESENTE,NO,NO,0
10997,34107,34108,2018,0,0,-0.145447,-78.491545,PICHINCHA,QUITO,QUITO,URBANA,2018-03-17,03:00:00,3,SABADO,6,MARZO,3,NO,"NO RESPETAR LAS SENIALES REGLAMENTARIAS DE TRANSITO. (PARE, CEDA EL PASO, LUZ ROJA DEL SEMAFORO, ETC).",ESTRELLAMIENTOS,AUTOMOVIL,1,0,0,0,0,0,0,0,0,0,0,0,0,1,42,HOMBRE,ILESO,CONDUCTOR PRESENTE,NO,NO,0
10998,34108,34109,2018,0,0,-0.142178,-78.500536,PICHINCHA,QUITO,QUITO,URBANA,2018-03-17,03:33:00,3,SABADO,6,MARZO,3,NO,CONDUCIR VEHICULO SUPERANDO LOS LIMITES MAXIMOS DE VELOCIDAD.,ESTRELLAMIENTOS,AUTOMOVIL,1,0,0,0,0,0,0,0,0,0,0,0,0,1,25,MUJER,ILESO,PASAJERO,NO,NO,0
10999,34114,34115,2018,1,0,-0.227388,-78.502023,PICHINCHA,QUITO,QUITO,URBANA,2018-03-17,04:50:00,4,SABADO,6,MARZO,3,NO,"CONDUCE BAJO LA INFLUENCIA DE ALCOHOL, SUSTANCIAS ESTUPEFACIENTES O PSICOTROPICAS Y/O MEDICAMENTOS.",CHOQUE FRONTAL,CAMIONETA,1,0,0,0,1,0,0,0,0,0,0,0,0,2,-1,NO IDENTIFICADO,LESIONADO,CONDUCTOR PRESENTE,NO,NO,2
11000,34116,34117,2018,0,0,-0.208405,-78.498118,PICHINCHA,QUITO,QUITO,URBANA,2018-03-17,05:25:00,5,SABADO,6,MARZO,3,NO,CONDUCIR VEHICULO SUPERANDO LOS LIMITES MAXIMOS DE VELOCIDAD.,ESTRELLAMIENTOS,AUTOMOVIL,1,0,0,0,0,0,0,0,0,0,0,0,0,1,-1,NO IDENTIFICADO,NO IDENTIFICADO,CONDUCTOR AUSENTE,NO,NO,2
11001,34127,34128,2018,0,0,-0.312059,-78.547352,PICHINCHA,QUITO,QUITO,URBANA,2018-03-17,09:15:00,9,SABADO,6,MARZO,3,NO,CONDUCIR VEHICULO SUPERANDO LOS LIMITES MAXIMOS DE VELOCIDAD.,ESTRELLAMIENTOS,AUTOMOVIL,1,0,0,0,0,0,0,0,0,0,0,0,0,1,34,HOMBRE,ILESO,CONDUCTOR PRESENTE,NO,NO,0
11002,34128,34129,2018,0,0,-0.184044,-78.481265,PICHINCHA,QUITO,QUITO,URBANA,2018-03-17,09:30:00,9,SABADO,6,MARZO,3,NO,NO GUARDAR LA DISTANCIA LATERAL MINIMA DE SEGURIDAD ENTRE VEHICULOS.,CHOQUE LATERAL,AUTOMOVIL,1,0,0,0,0,0,0,0,0,0,0,0,1,2,-1,NO IDENTIFICADO,NO IDENTIFICADO,CONDUCTOR AUSENTE,NO,NO,2
11003,34131,34132,2018,3,0,-0.229051,-78.500814,PICHINCHA,QUITO,QUITO,URBANA,2018-03-17,10:05:00,10,SABADO,6,MARZO,3,NO,"CASO FORTUITO O FUERZA MAYOR (EXPLOSION DE NEUMATICO NUEVO, DERRUMBE, INUNDACION, CAIDA DE PUENTE, ARBOL, PRESENCIA INTEMPESTIVA E IMPREVISTA DE SEMOVIENTES EN LA VIA, ETC.).",CHOQUE POSTERIOR,CAMION,0,0,1,1,0,0,0,0,0,0,0,0,0,2,29,MUJER,LESIONADO,CONDUCTOR PRESENTE,NO,NO,0
11004,34136,34137,2018,0,0,-0.329967,-78.535231,PICHINCHA,QUITO,QUITO,URBANA,2018-03-17,11:40:00,11,SABADO,6,MARZO,3,NO,DANIOS MECANICOS PREVISIBLES.,OTROS,CAMIONETA,0,0,0,0,1,0,0,0,0,0,0,0,0,1,66,HOMBRE,ILESO,CONDUCTOR PRESENTE,NO,NO,0
11005,34139,34140,2018,0,0,-0.122237,-78.495545,PICHINCHA,QUITO,QUITO,URBANA,2018-03-17,12:45:00,12,SABADO,6,MARZO,3,NO,NO GUARDAR LA DISTANCIA LATERAL MINIMA DE SEGURIDAD ENTRE VEHICULOS.,CHOQUE LATERAL,AUTOMOVIL,2,0,0,0,0,0,0,0,0,0,0,0,0,2,57,HOMBRE,ILESO,CONDUCTOR PRESENTE,NO,NO,0
11006,34140,34141,2018,0,0,-0.159083,-78.466577,PICHINCHA,QUITO,QUITO,URBANA,2018-03-17,13:20:00,13,SABADO,6,MARZO,3,NO,DEJAR O RECOGER PASAJEROS EN LUGARES NO PERMITIDOS.,CAIDA DE PASAJERO,NO IDENTIFICADO,0,0,0,0,0,0,0,0,0,1,0,0,0,1,25,HOMBRE,ILESO,CONDUCTOR PRESENTE,NO,NO,0
11007,34141,34142,2018,0,0,-0.105384,-78.497732,PICHINCHA,QUITO,QUITO,URBANA,2018-03-17,13:55:00,13,SABADO,6,MARZO,3,NO,REALIZAR CAMBIO BRUSCO O INDEBIDO DE CARRIL.,ROZAMIENTOS,CAMION,0,0,0,1,1,0,0,0,0,0,0,0,0,2,-1,NO IDENTIFICADO,NO IDENTIFICADO,CONDUCTOR AUSENTE,NO,NO,2
11008,34147,34148,2018,0,0,-0.132702,-78.467912,PICHINCHA,QUITO,QUITO,URBANA,2018-03-17,15:05:00,15,SABADO,6,MARZO,3,NO,"CASO FORTUITO O FUERZA MAYOR (EXPLOSION DE NEUMATICO NUEVO, DERRUMBE, INUNDACION, CAIDA DE PUENTE, ARBOL, PRESENCIA INTEMPESTIVA E IMPREVISTA DE SEMOVIENTES EN LA VIA, ETC.).",CHOQUE LATERAL,AUTOMOVIL,2,0,0,0,0,0,0,0,0,0,0,0,0,2,21,HOMBRE,ILESO,CONDUCTOR PRESENTE,NO,NO,0
11009,34150,34151,2018,1,0,-0.247979,-78.540671,PICHINCHA,QUITO,QUITO,URBANA,2018-03-17,15:35:00,15,SABADO,6,MARZO,3,NO,NO MANTENER LA DISTANCIA PRUDENCIAL CON RESPECTO AL VEHICULO QUE LE ANTECEDE.,CHOQUE LATERAL,AUTOMOVIL,2,0,0,0,0,0,0,0,0,0,0,0,0,2,-1,NO IDENTIFICADO,LESIONADO,CONDUCTOR PRESENTE,NO,NO,2
11010,34152,34153,2018,1,0,-0.282706,-78.554325,PICHINCHA,QUITO,QUITO,URBANA,2018-03-17,16:10:00,16,SABADO,6,MARZO,3,NO,"PEATON TRANSITA BAJO INFLUENCIA DE ALCOHOL, SUSTANCIAS ESTUPEFACIENTES O PSICOTROPICAS Y/O MEDICAMENTOS.",ATROPELLOS,AUTOMOVIL,1,0,0,0,0,0,0,0,0,0,0,0,0,1,-1,NO IDENTIFICADO,LESIONADO,CONDUCTOR PRESENTE,NO,NO,2
11011,34154,34155,2018,0,0,-0.104624,-78.491611,PICHINCHA,QUITO,QUITO,URBANA,2018-03-17,16:35:00,16,SABADO,6,MARZO,3,NO,"FALLA MECANICA EN LOS SISTEMAS Y/O NEUMATICOS (SISTEMA DE FRENOS, DIRECCION, ELECTRONICO O MECANICO).",CHOQUE POSTERIOR,AUTOMOVIL,1,0,1,0,0,0,0,0,0,0,0,0,0,2,48,HOMBRE,ILESO,CONDUCTOR PRESENTE,NO,NO,0
11012,34155,34156,2018,0,0,-0.016391,-78.451347,PICHINCHA,QUITO,SAN ANTONIO (QUITO),URBANA,2018-03-17,16:40:00,16,SABADO,6,MARZO,3,NO,"CONDUCIR DESATENTO A LAS CONDICIONES DE TRANSITO (CELULAR, PANTALLAS DE VIDEO, COMIDA, MAQUILLAJE O CUALQUIER OTRO ELEMENTO DISTRACTOR).",ESTRELLAMIENTOS,AUTOMOVIL,2,0,0,0,0,0,0,0,0,0,0,0,0,2,26,HOMBRE,ILESO,CONDUCTOR PRESENTE,NO,NO,0
11013,34157,34158,2018,0,0,-0.236974,-78.487124,PICHINCHA,QUITO,QUITO,URBANA,2018-03-17,16:50:00,16,SABADO,6,MARZO,3,NO,"NO RESPETAR LAS SENIALES REGLAMENTARIAS DE TRANSITO. (PARE, CEDA EL PASO, LUZ ROJA DEL SEMAFORO, ETC).",ESTRELLAMIENTOS,AUTOMOVIL,1,0,0,0,0,0,0,0,0,0,0,0,0,1,49,HOMBRE,ILESO,CONDUCTOR PRESENTE,NO,NO,0
11014,34162,34163,2018,3,0,-0.188521,-78.448241,PICHINCHA,QUITO,NAYON,URBANA,2018-03-17,17:45:00,17,SABADO,6,MARZO,3,NO,"NO RESPETAR LAS SENIALES REGLAMENTARIAS DE TRANSITO. (PARE, CEDA EL PASO, LUZ ROJA DEL SEMAFORO, ETC).",CHOQUE LATERAL,MOTOCICLETA,1,0,0,0,0,0,0,0,1,0,0,0,0,2,-1,NO IDENTIFICADO,LESIONADO,PASAJERO,NO,NO,0
11015,34168,34169,2018,2,0,-0.193176,-78.495291,PICHINCHA,QUITO,QUITO,RURAL,2018-03-17,20:00:00,20,SABADO,6,MARZO,3,NO,REALIZAR CAMBIO BRUSCO O INDEBIDO DE CARRIL.,CHOQUE LATERAL,MOTOCICLETA,1,0,0,0,0,0,0,0,1,0,0,0,0,2,33,HOMBRE,LESIONADO,CONDUCTOR PRESENTE,NO,NO,3