,Unnamed: 0,ID,ANIO,LESIONADOS,FALLECIDOS,LATITUD_Y,LONGITUD_X,PROVINCIA,CANTON,PARROQUIA,ZONA,FECHA,HORA,PERIODO_2,DIA_1,DIA_2,MES_1,MES_2,FERIADO,CAUSA_PROBABLE,TIPO_DE_SINIESTRO,TIPO_DE_VEHICULO_1,AUTOMOVIL,BICICLETA,BUS,CAMION,CAMIONETA,EMERGENCIAS,ESPECIAL,FURGONETA,MOTOCICLETA,NO_IDENTIFICADO,SCOOTER_ELECTRICO,TRICIMOTO,VEHICULO_DEPORTIVO_UTILITARIO,SUMA_DE_VEHICULOS,EDAD_1,SEXO_1,CONDICION_1,PARTICIPANTE_1,CASCO_1,CINTURON_1,KMeans_Cluster
11016,34171,34172,2018,2,0,-0.246061,-78.520751,PICHINCHA,QUITO,QUITO,URBANA,2018-03-17,21:15:00,21,SABADO,6,MARZO,3,NO,"CONDUCE BAJO LA INFLUENCIA DE ALCOHOL, SUSTANCIAS ESTUPEFACIENTES O PSICOTROPICAS Y/O MEDICAMENTOS.",CHOQUE LATERAL,CAMIONETA,0,0,0,0,1,0,0,0,1,0,0,0,0,2,31,HOMBRE,LESIONADO,PASAJERO,NO,NO,0
11017,34186,34187,2018,0,1,-0.104887,-78.306611,PICHINCHA,QUITO,EL QUINCHE,RURAL,2018-03-17,23:45:00,23,SABADO,6,MARZO,3,NO,"CONDUCIR DESATENTO A LAS CONDICIONES DE TRANSITO (CELULAR, PANTALLAS DE VIDEO, COMIDA, MAQUILLAJE O CUALQUIER OTRO ELEMENTO DISTRACTOR).",CHOQUE FRONTAL,MOTOCICLETA,0,0,1,0,0,0,0,0,1,0,0,0,0,2,25,HOMBRE,FALLECIDO,CONDUCTOR PRESENTE,NO,NO,3
11018,34187,34188,2018,0,0,-0.089185,-78.428042,PICHINCHA,QUITO,CALDERON (CARAPUNGO),URBANA,2018-03-17,23:48:00,23,SABADO,6,MARZO,3,NO,"CONDUCE BAJO LA INFLUENCIA DE ALCOHOL, SUSTANCIAS ESTUPEFACIENTES O PSICOTROPICAS Y/O MEDICAMENTOS.",CHOQUE POSTERIOR,CAMIONETA,1,0,0,0,1,0,0,0,0,0,0,0,0,2,-1,NO IDENTIFICADO,NO IDENTIFICADO,CONDUCTOR AUSENTE,NO,NO,2
11019,34188,34189,2018,0,0,-0.291844,-78.558452,PICHINCHA,QUITO,QUITO,URBANA,2018-03-18,00:20:00,0,DOMINGO,7,MARZO,3,NO,"NO RESPETAR LAS SENIALES REGLAMENTARIAS DE TRANSITO. (PARE, CEDA EL PASO, LUZ ROJA DEL SEMAFORO, ETC).",COLISION,FURGONETA,2,0,0,0,0,0,0,1,0,0,0,0,0,3,90,MUJER,ILESO,PASAJERO,NO,NO,0
11020,34189,34190,2018,0,0,-0.545897,-78.585121,PICHINCHA,MEJIA,MACHACHI,RURAL,2018-03-18,01:00:00,1,DOMINGO,7,MARZO,3,NO,"CONDUCIR DESATENTO A LAS CONDICIONES DE TRANSITO (CELULAR, PANTALLAS DE VIDEO, COMIDA, MAQUILLAJE O CUALQUIER OTRO ELEMENTO DISTRACTOR).",COLISION,AUTOMOVIL,1,0,0,0,0,0,0,0,0,0,0,0,2,3,62,HOMBRE,ILESO,CONDUCTOR PRESENTE,NO,NO,3
11021,34190,34191,2018,2,0,-0.129724,-78.309086,PICHINCHA,QUITO,CHECA (CHILPA),URBANA,2018-03-18,01:10:00,1,DOMINGO,7,MARZO,3,NO,"CONDUCIR EN ESTADO DE SOMNOLENCIA O MALAS CONDICIONES FISICAS (SUENIO, CANSANCIO Y FATIGA).",PERDIDA DE PISTA,MOTOCICLETA,0,0,0,0,0,0,0,0,1,0,0,0,0,1,-1,NO IDENTIFICADO,LESIONADO,CONDUCTOR PRESENTE,NO,NO,2
11022,34191,34192,2018,1,0,-0.107761,-78.448329,PICHINCHA,QUITO,CALDERON (CARAPUNGO),URBANA,2018-03-18,01:40:00,1,DOMINGO,7,MARZO,3,NO,"CONDUCIR EN ESTADO DE SOMNOLENCIA O MALAS CONDICIONES FISICAS (SUENIO, CANSANCIO Y FATIGA).",PERDIDA DE PISTA,MOTOCICLETA,0,0,0,0,0,0,0,0,1,0,0,0,0,1,23,HOMBRE,LESIONADO,PASAJERO,NO,NO,0
11023,34192,34193,2018,1,1,-0.289877,-78.542315,PICHINCHA,QUITO,QUITO,URBANA,2018-03-18,02:00:00,2,DOMINGO,7,MARZO,3,NO,"CONDUCIR EN ESTADO DE SOMNOLENCIA O MALAS CONDICIONES FISICAS (SUENIO, CANSANCIO Y FATIGA).",ESTRELLAMIENTOS,MOTOCICLETA,0,0,0,0,0,0,0,0,1,0,0,0,0,1,42,HOMBRE,FALLECIDO,CONDUCTOR PRESENTE,NO,NO,0
11024,34200,34201,2018,0,1,-0.087105,-78.397282,PICHINCHA,QUITO,CALDERON (CARAPUNGO),RURAL,2018-03-18,03:40:00,3,DOMINGO,7,MARZO,3,NO,DEJAR O RECOGER PASAJEROS EN LUGARES NO PERMITIDOS.,ATROPELLOS,NO IDENTIFICADO,0,0,0,0,0,0,0,0,0,1,0,0,0,1,25,HOMBRE,FALLECIDO,PEATON,NO,NO,3
11025,34207,34208,2018,0,0,-0.229289,-78.505397,PICHINCHA,QUITO,QUITO,URBANA,2018-03-18,04:50:00,4,DOMINGO,7,MARZO,3,NO,"NO RESPETAR LAS SENIALES REGLAMENTARIAS DE TRANSITO. (PARE, CEDA EL PASO, LUZ ROJA DEL SEMAFORO, ETC).",ESTRELLAMIENTOS,AUTOMOVIL,1,0,0,0,0,0,0,0,0,0,0,0,0,1,38,HOMBRE,ILESO,CONDUCTOR PRESENTE,NO,NO,0
11026,34209,34210,2018,0,0,-0.100553,-78.472156,PICHINCHA,QUITO,QUITO,URBANA,2018-03-18,05:35:00,5,DOMINGO,7,MARZO,3,NO,CONDUCIR VEHICULO SUPERANDO LOS LIMITES MAXIMOS DE VELOCIDAD.,CHOQUE LATERAL,AUTOMOVIL,2,0,0,0,0,0,0,0,0,0,0,0,0,2,-1,NO IDENTIFICADO,NO IDENTIFICADO,CONDUCTOR AUSENTE,NO,NO,2
11027,34210,34211,2018,0,0,-0.115095,-78.465531,PICHINCHA,QUITO,QUITO,URBANA,2018-03-18,05:40:00,5,DOMINGO,7,MARZO,3,NO,"FALLA MECANICA EN LOS SISTEMAS Y/O NEUMATICOS (SISTEMA DE FRENOS, DIRECCION, ELECTRONICO O MECANICO).",OTROS,MOTOCICLETA,0,0,0,0,0,0,0,0,1,0,0,0,0,1,26,HOMBRE,ILESO,CONDUCTOR PRESENTE,NO,NO,0
11028,34211,34212,2018,0,0,-0.185643,-78.487338,PICHINCHA,QUITO,QUITO,URBANA,2018-03-18,05:45:00,5,DOMINGO,7,MARZO,3,NO,CONDUCIR VEHICULO SUPERANDO LOS LIMITES MAXIMOS DE VELOCIDAD.,ESTRELLAMIENTOS,AUTOMOVIL,1,0,0,0,0,0,0,0,0,0,0,0,0,1,33,HOMBRE,ILESO,CONDUCTOR PRESENTE,NO,NO,0
11029,34216,34217,2018,2,0,-0.212824,-78.402686,PICHINCHA,QUITO,TUMBACO,URBANA,2018-03-18,07:40:00,7,DOMINGO,7,MARZO,3,NO,NO GUARDAR LA DISTANCIA LATERAL MINIMA DE SEGURIDAD ENTRE VEHICULOS.,CHOQUE LATERAL,MOTOCICLETA,1,0,0,0,0,0,0,0,1,0,0,0,0,2,-1,NO IDENTIFICADO,LESIONADO,CONDUCTOR PRESENTE,NO,NO,2
11030,34219,34220,2018,4,0,0.029176,-78.621439,PICHINCHA,QUITO,NONO,RURAL,2018-03-18,08:40:00,8,DOMINGO,7,MARZO,3,NO,NO GUARDAR LA DISTANCIA LATERAL MINIMA DE SEGURIDAD ENTRE VEHICULOS.,CHOQUE LATERAL,CAMION,0,0,0,2,0,0,0,0,0,0,0,0,1,3,36,HOMBRE,LESIONADO,CONDUCTOR PRESENTE,NO,NO,3
11031,34220,34221,2018,1,0,-0.200595,-78.497087,PICHINCHA,QUITO,QUITO,URBANA,2018-03-18,09:15:00,9,DOMINGO,7,MARZO,3,NO,"PEATON TRANSITA BAJO INFLUENCIA DE ALCOHOL, SUSTANCIAS ESTUPEFACIENTES O PSICOTROPICAS Y/O MEDICAMENTOS.",ATROPELLOS,BUS,0,0,1,0,0,0,0,0,0,0,0,0,0,1,30,HOMBRE,LESIONADO,CONDUCTOR PRESENTE,NO,NO,0
11032,34229,34230,2018,2,0,-0.106459,-78.494141,PICHINCHA,QUITO,QUITO,URBANA,2018-03-18,12:50:00,12,DOMINGO,7,MARZO,3,NO,"CONDUCIR DESATENTO A LAS CONDICIONES DE TRANSITO (CELULAR, PANTALLAS DE VIDEO, COMIDA, MAQUILLAJE O CUALQUIER OTRO ELEMENTO DISTRACTOR).",CHOQUE FRONTAL,CAMION,0,1,0,1,0,0,0,0,0,0,0,0,0,2,59,HOMBRE,LESIONADO,CONDUCTOR PRESENTE,NO,NO,0
11033,34241,34242,2018,0,1,0.075845,-78.132184,PICHINCHA,CAYAMBE,SAN JOSE DE AYORA,RURAL,2018-03-18,15:45:00,15,DOMINGO,7,MARZO,3,NO,DEJAR O RECOGER PASAJEROS EN LUGARES NO PERMITIDOS.,ATROPELLOS,NO IDENTIFICADO,0,0,0,0,0,0,0,0,0,1,0,0,0,1,73,HOMBRE,FALLECIDO,PEATON,NO,NO,3
11034,34246,34247,2018,0,0,-0.220265,-78.509501,PICHINCHA,QUITO,QUITO,URBANA,2018-03-18,17:00:00,17,DOMINGO,7,MARZO,3,NO,NO GUARDAR LA DISTANCIA LATERAL MINIMA DE SEGURIDAD ENTRE VEHICULOS.,ROZAMIENTOS,BUS,1,0,1,0,0,0,0,0,0,0,0,0,0,2,39,MUJER,ILESO,PASAJERO,NO,NO,0
11035,34250,34251,2018,0,0,-0.297722,-78.486389,PICHINCHA,QUITO,CONOCOTO,URBANA,2018-03-18,17:47:00,17,DOMINGO,7,MARZO,3,NO,"CONDUCE BAJO LA INFLUENCIA DE ALCOHOL, SUSTANCIAS ESTUPEFACIENTES O PSICOTROPICAS Y/O MEDICAMENTOS.",CHOQUE FRONTAL,CAMION,1,0,0,1,0,0,0,0,0,0,0,0,0,2,-1,NO IDENTIFICADO,NO IDENTIFICADO,CONDUCTOR AUSENTE,NO,NO,2
11036,34253,34254,2018,2,0,-0.188003,-78.491954,PICHINCHA,QUITO,QUITO,URBANA,2018-03-18,18:25:00,18,DOMINGO,7,MARZO,3,NO,"NO RESPETAR LAS SENIALES REGLAMENTARIAS DE TRANSITO. (PARE, CEDA EL PASO, LUZ ROJA DEL SEMAFORO, ETC).",CHOQUE LATERAL,AUTOMOVIL,1,0,0,0,0,0,0,0,1,0,0,0,0,2,20,HOMBRE,LESIONADO,CONDUCTOR PRESENTE,NO,NO,0
11037,34257,34258,2018,0,0,-0.258767,-78.552422,PICHINCHA,QUITO,QUITO,URBANA,2018-03-18,19:15:00,19,DOMINGO,7,MARZO,3,NO,CONDUCIR VEHICULO SUPERANDO LOS LIMITES MAXIMOS DE VELOCIDAD.,ESTRELLAMIENTOS,AUTOMOVIL,1,0,0,0,0,0,0,0,0,0,0,0,0,1,25,HOMBRE,ILESO,PASAJERO,NO,NO,0
11038,34269,34270,2018,2,0,-0.319976,-78.564972,PICHINCHA,QUITO,QUITO,URBANA,2018-03-18,21:25:00,21,DOMINGO,7,MARZO,3,NO,NO GUARDAR LA DISTANCIA LATERAL MINIMA DE SEGURIDAD ENTRE VEHICULOS.,CHOQUE LATERAL,MOTOCICLETA,0,0,0,0,0,0,0,0,1,1,0,0,0,2,47,HOMBRE,LESIONADO,CONDUCTOR PRESENTE,NO,NO,0
11039,34281,34282,2018,1,0,-0.328831,-78.560625,PICHINCHA,QUITO,QUITO,URBANA,2018-03-19,04:50:00,4,LUNES,1,MARZO,3,NO,"NO RESPETAR LAS SENIALES REGLAMENTARIAS DE TRANSITO. (PARE, CEDA EL PASO, LUZ ROJA DEL SEMAFORO, ETC).",OTROS,AUTOMOVIL,1,0,0,1,0,0,0,0,0,0,0,0,0,2,60,HOMBRE,LESIONADO,CONDUCTOR PRESENTE,NO,NO,0
11040,34282,34283,2018,0,0,-0.268534,-78.551576,PICHINCHA,QUITO,QUITO,URBANA,2018-03-19,05:55:00,5,LUNES,1,MARZO,3,NO,NO MANTENER LA DISTANCIA PRUDENCIAL CON RESPECTO AL VEHICULO QUE LE ANTECEDE.,CHOQUE POSTERIOR,CAMION,1,0,0,1,0,0,0,0,0,0,0,0,0,2,40,MUJER,ILESO,CONDUCTOR PRESENTE,NO,NO,0
11041,34283,34284,2018,0,0,-0.292724,-78.476486,PICHINCHA,QUITO,CONOCOTO,URBANA,2018-03-19,06:00:00,6,LUNES,1,MARZO,3,NO,DEJAR O RECOGER PASAJEROS EN LUGARES NO PERMITIDOS.,CHOQUE LATERAL,FURGONETA,0,0,0,0,0,0,0,1,1,0,0,0,0,2,22,MUJER,ILESO,CONDUCTOR PRESENTE,NO,NO,0
11042,34284,34285,2018,1,0,-0.091585,-78.439052,PICHINCHA,QUITO,CALDERON (CARAPUNGO),URBANA,2018-03-19,06:25:00,6,LUNES,1,MARZO,3,NO,NO GUARDAR LA DISTANCIA LATERAL MINIMA DE SEGURIDAD ENTRE VEHICULOS.,CHOQUE LATERAL,BUS,0,0,1,0,0,0,0,0,0,0,0,0,0,1,58,HOMBRE,LESIONADO,CONDUCTOR PRESENTE,NO,NO,0
11043,34285,34286,2018,0,0,-0.280982,-78.516477,PICHINCHA,QUITO,QUITO,URBANA,2018-03-19,06:40:00,6,LUNES,1,MARZO,3,NO,NO MANTENER LA DISTANCIA PRUDENCIAL CON RESPECTO AL VEHICULO QUE LE ANTECEDE.,COLISION,AUTOMOVIL,3,0,0,0,0,0,0,0,0,0,0,0,0,3,58,HOMBRE,ILESO,CONDUCTOR PRESENTE,NO,NO,0
11044,34286,34287,2018,0,0,-0.213591,-78.497504,PICHINCHA,QUITO,QUITO,URBANA,2018-03-19,07:10:00,7,LUNES,1,MARZO,3,NO,"PEATON TRANSITA BAJO INFLUENCIA DE ALCOHOL, SUSTANCIAS ESTUPEFACIENTES O PSICOTROPICAS Y/O MEDICAMENTOS.",ATROPELLOS,AUTOMOVIL,1,0,0,0,0,0,0,0,0,0,0,0,0,1,19,HOMBRE,ILESO,CONDUCTOR PRESENTE,NO,NO,0
11045,34288,34289,2018,0,0,-0.201791,-78.513475,PICHINCHA,QUITO,QUITO,URBANA,2018-03-19,07:20:00,7,LUNES,1,MARZO,3,NO,NO MANTENER LA DISTANCIA PRUDENCIAL CON RESPECTO AL VEHICULO QUE LE ANTECEDE.,CHOQUE POSTERIOR,AUTOMOVIL,1,0,0,0,0,0,0,0,0,1,0,0,0,2,26,MUJER,ILESO,CONDUCTOR PRESENTE,NO,NO,0
11046,34291,34292,2018,1,0,-0.172902,-78.474085,PICHINCHA,QUITO,QUITO,URBANA,2018-03-19,07:50:00,7,LUNES,1,MARZO,3,NO,"NO RESPETAR LAS SENIALES REGLAMENTARIAS DE TRANSITO. (PARE, CEDA EL PASO, LUZ ROJA DEL SEMAFORO, ETC).",CHOQUE LATERAL,AUTOMOVIL,1,0,0,1,0,0,0,0,0,0,0,0,0,2,23,HOMBRE,LESIONADO,CONDUCTOR PRESENTE,NO,NO,0
11047,34293,34294,2018,0,0,-0.318642,-78.539667,PICHINCHA,QUITO,QUITO,URBANA,2018-03-19,08:25:00,8,LUNES,1,MARZO,3,NO,"CASO FORTUITO O FUERZA MAYOR (EXPLOSION DE NEUMATICO NUEVO, DERRUMBE, INUNDACION, CAIDA DE PUENTE, ARBOL, PRESENCIA INTEMPESTIVA E IMPREVISTA DE SEMOVIENTES EN LA VIA, ETC.).",OTROS,AUTOMOVIL,1,0,0,0,1,0,0,0,0,0,0,0,0,2,44,HOMBRE,ILESO,PEATON,NO,NO,0
11048,34297,34298,2018,1,0,-0.164979,-78.493851,PICHINCHA,QUITO,QUITO,URBANA,2018-03-19,10:00:00,10,LUNES,1,MARZO,3,NO,NO MANTENER LA DISTANCIA PRUDENCIAL CON RESPECTO AL VEHICULO QUE LE ANTECEDE.,CHOQUE POSTERIOR,VEHICULO DEPORTIVO UTILITARIO,0,0,0,0,0,0,0,0,0,0,0,0,2,2,29,HOMBRE,LESIONADO,CONDUCTOR PRESENTE,NO,NO,0
11049,34305,34306,2018,0,0,-0.295125,-78.557473,PICHINCHA,QUITO,QUITO,URBANA,2018-03-19,14:20:00,14,LUNES,1,MARZO,3,NO,"CASO FORTUITO O FUERZA MAYOR (EXPLOSION DE NEUMATICO NUEVO, DERRUMBE, INUNDACION, CAIDA DE PUENTE, ARBOL, PRESENCIA INTEMPESTIVA E IMPREVISTA DE SEMOVIENTES EN LA VIA, ETC.).",OTROS,AUTOMOVIL,1,0,1,0,0,0,0,0,0,0,0,0,0,2,32,HOMBRE,ILESO,CONDUCTOR PRESENTE,NO,NO,0
11050,34308,34309,2018,1,0,-0.172951,-78.480394,PICHINCHA,QUITO,QUITO,URBANA,2018-03-19,14:40:00,14,LUNES,1,MARZO,3,NO,NO TRANSITAR POR LAS ACERAS O ZONAS DE SEGURIDAD DESTINADAS PARA EL EFECTO.,ATROPELLOS,AUTOMOVIL,1,0,0,0,0,0,0,0,0,0,0,0,0,1,41,HOMBRE,LESIONADO,PEATON,NO,NO,0
11051,34309,34310,2018,0,0,-0.232716,-78.503774,PICHINCHA,QUITO,QUITO,URBANA,2018-03-19,14:40:00,14,LUNES,1,MARZO,3,NO,"CONDICIONES AMBIENTALES Y/O ATMOSFERICAS (NIEBLA, NEBLINA, GRANIZO, LLUVIA).",COLISION,AUTOMOVIL,2,0,0,0,0,0,0,0,0,1,0,0,0,3,24,HOMBRE,ILESO,CONDUCTOR PRESENTE,NO,NO,0
11052,34310,34311,2018,0,0,-0.155668,-78.493662,PICHINCHA,QUITO,QUITO,URBANA,2018-03-19,15:10:00,15,LUNES,1,MARZO,3,NO,CONDUCIR VEHICULO SUPERANDO LOS LIMITES MAXIMOS DE VELOCIDAD.,OTROS,AUTOMOVIL,1,0,0,0,0,0,0,0,0,0,0,0,0,1,31,MUJER,ILESO,CONDUCTOR PRESENTE,NO,NO,0
11053,34311,34312,2018,0,1,-0.147951,-78.469082,PICHINCHA,QUITO,QUITO,URBANA,2018-03-19,15:25:00,15,LUNES,1,MARZO,3,NO,"CONDICIONES AMBIENTALES Y/O ATMOSFERICAS (NIEBLA, NEBLINA, GRANIZO, LLUVIA).",ARROLLAMIENTOS,BUS,0,0,1,0,0,0,0,0,1,0,0,0,0,2,34,MUJER,FALLECIDO,PASAJERO,NO,NO,0
11054,34314,34315,2018,1,0,-0.175341,-78.487491,PICHINCHA,QUITO,QUITO,URBANA,2018-03-19,16:15:00,16,LUNES,1,MARZO,3,NO,NO CEDER EL DERECHO DE VIA O PREFERENCIA DE PASO AL PEATON.,ATROPELLOS,NO IDENTIFICADO,0,0,0,0,0,0,0,0,0,1,0,0,0,1,29,MUJER,LESIONADO,PASAJERO,NO,NO,0
11055,34315,34316,2018,0,0,-0.149721,-78.475777,PICHINCHA,QUITO,QUITO,URBANA,2018-03-19,16:20:00,16,LUNES,1,MARZO,3,NO,"NO RESPETAR LAS SENIALES REGLAMENTARIAS DE TRANSITO. (PARE, CEDA EL PASO, LUZ ROJA DEL SEMAFORO, ETC).",OTROS,AUTOMOVIL,2,0,0,0,0,0,0,0,0,0,0,0,0,2,66,MUJER,ILESO,CONDUCTOR PRESENTE,NO,NO,0
11056,34318,34319,2018,0,0,-0.191132,-78.478105,PICHINCHA,QUITO,QUITO,URBANA,2018-03-19,16:40:00,16,LUNES,1,MARZO,3,NO,"CONDUCIR DESATENTO A LAS CONDICIONES DE TRANSITO (CELULAR, PANTALLAS DE VIDEO, COMIDA, MAQUILLAJE O CUALQUIER OTRO ELEMENTO DISTRACTOR).",ESTRELLAMIENTOS,AUTOMOVIL,1,0,0,0,0,0,0,0,0,0,0,0,0,1,55,HOMBRE,ILESO,PEATON,NO,NO,0
11057,34321,34322,2018,1,0,-0.204095,-78.458081,PICHINCHA,QUITO,QUITO,URBANA,2018-03-19,17:23:00,17,LUNES,1,MARZO,3,NO,"CONDUCIR DESATENTO A LAS CONDICIONES DE TRANSITO (CELULAR, PANTALLAS DE VIDEO, COMIDA, MAQUILLAJE O CUALQUIER OTRO ELEMENTO DISTRACTOR).",ESTRELLAMIENTOS,CAMIONETA,0,0,0,0,1,0,0,0,0,0,0,0,0,1,33,MUJER,LESIONADO,CONDUCTOR PRESENTE,NO,NO,0
11058,34329,34330,2018,0,0,-0.122237,-78.495545,PICHINCHA,QUITO,QUITO,URBANA,2018-03-19,20:30:00,20,LUNES,1,MARZO,3,NO,"CONDUCE BAJO LA INFLUENCIA DE ALCOHOL, SUSTANCIAS ESTUPEFACIENTES O PSICOTROPICAS Y/O MEDICAMENTOS.",CHOQUE LATERAL,CAMIONETA,1,0,0,0,1,0,0,0,0,0,0,0,0,2,27,HOMBRE,ILESO,CONDUCTOR PRESENTE,NO,NO,0
11059,34335,34336,2018,1,0,-0.259987,-78.528369,PICHINCHA,QUITO,QUITO,URBANA,2018-03-20,01:05:00,1,MARTES,2,MARZO,3,NO,NO CEDER EL DERECHO DE VIA O PREFERENCIA DE PASO AL PEATON.,ATROPELLOS,NO IDENTIFICADO,0,0,0,0,0,0,0,0,0,1,0,0,0,1,26,MUJER,LESIONADO,CONDUCTOR PRESENTE,NO,NO,0
11060,34340,34341,2018,1,0,-0.190834,-78.493099,PICHINCHA,QUITO,QUITO,URBANA,2018-03-20,06:05:00,6,MARTES,2,MARZO,3,NO,"NO RESPETAR LAS SENIALES REGLAMENTARIAS DE TRANSITO. (PARE, CEDA EL PASO, LUZ ROJA DEL SEMAFORO, ETC).",CHOQUE POSTERIOR,AUTOMOVIL,1,0,0,0,0,0,0,1,0,0,0,0,0,2,75,HOMBRE,LESIONADO,CONDUCTOR PRESENTE,NO,NO,0
11061,34342,34343,2018,1,0,-0.262161,-78.548079,PICHINCHA,QUITO,QUITO,URBANA,2018-03-20,06:40:00,6,MARTES,2,MARZO,3,NO,NO GUARDAR LA DISTANCIA LATERAL MINIMA DE SEGURIDAD ENTRE VEHICULOS.,CHOQUE LATERAL,AUTOMOVIL,1,0,0,0,0,0,0,0,1,0,0,0,0,2,21,HOMBRE,LESIONADO,PEATON,NO,NO,0
11062,34347,34348,2018,1,0,-0.174501,-78.493017,PICHINCHA,QUITO,QUITO,URBANA,2018-03-20,08:35:00,8,MARTES,2,MARZO,3,NO,NO TRANSITAR POR LAS ACERAS O ZONAS DE SEGURIDAD DESTINADAS PARA EL EFECTO.,ATROPELLOS,BUS,0,0,1,0,0,0,0,0,0,0,0,0,0,1,39,MUJER,LESIONADO,CONDUCTOR PRESENTE,NO,NO,0
11063,34348,34349,2018,0,0,-0.244078,-78.519747,PICHINCHA,QUITO,QUITO,URBANA,2018-03-20,09:10:00,9,MARTES,2,MARZO,3,NO,"NO RESPETAR LAS SENIALES REGLAMENTARIAS DE TRANSITO. (PARE, CEDA EL PASO, LUZ ROJA DEL SEMAFORO, ETC).",CHOQUE LATERAL,AUTOMOVIL,1,0,0,0,0,0,0,0,0,0,0,0,0,1,27,HOMBRE,ILESO,CONDUCTOR PRESENTE,NO,NO,0
11064,34349,34350,2018,1,0,-0.187942,-78.493219,PICHINCHA,QUITO,QUITO,URBANA,2018-03-20,09:14:00,9,MARTES,2,MARZO,3,NO,"NO RESPETAR LAS SENIALES REGLAMENTARIAS DE TRANSITO. (PARE, CEDA EL PASO, LUZ ROJA DEL SEMAFORO, ETC).",CHOQUE LATERAL,AUTOMOVIL,1,0,0,0,0,0,0,0,1,0,0,0,0,2,23,MUJER,LESIONADO,PEATON,NO,NO,0
11065,34351,34352,2018,1,0,-0.172204,-78.491328,PICHINCHA,QUITO,QUITO,URBANA,2018-03-20,11:00:00,11,MARTES,2,MARZO,3,NO,NO MANTENER LA DISTANCIA PRUDENCIAL CON RESPECTO AL VEHICULO QUE LE ANTECEDE.,CHOQUE POSTERIOR,MOTOCICLETA,0,0,0,0,0,0,0,0,1,0,0,0,0,1,41,HOMBRE,LESIONADO,CONDUCTOR PRESENTE,NO,NO,0
11066,34354,34355,2018,1,0,-0.328831,-78.560625,PICHINCHA,QUITO,QUITO,URBANA,2018-03-20,11:50:00,11,MARTES,2,MARZO,3,NO,"PRESENCIA DE AGENTES EXTERNOS EN LA VIA (AGUA, ACEITE, PIEDRA, LASTRE, ESCOMBROS, MADEROS, ETC.).",PERDIDA DE PISTA,MOTOCICLETA,0,0,0,0,0,0,0,0,1,0,0,0,0,1,34,HOMBRE,LESIONADO,CONDUCTOR PRESENTE,NO,NO,0
11067,34358,34359,2018,1,0,-0.207612,-78.491484,PICHINCHA,QUITO,QUITO,URBANA,2018-03-20,13:30:00,13,MARTES,2,MARZO,3,NO,NO CEDER EL DERECHO DE VIA O PREFERENCIA DE PASO AL PEATON.,ATROPELLOS,AUTOMOVIL,1,0,0,0,0,0,0,0,0,0,0,0,0,1,22,HOMBRE,LESIONADO,PASAJERO,NO,NO,0
11068,34361,34362,2018,1,0,-0.188789,-78.484911,PICHINCHA,QUITO,QUITO,URBANA,2018-03-20,14:30:00,14,MARTES,2,MARZO,3,NO,CONDUCIR VEHICULO SUPERANDO LOS LIMITES MAXIMOS DE VELOCIDAD.,CAIDA DE PASAJERO,NO IDENTIFICADO,0,0,0,0,0,0,0,0,0,1,0,0,0,1,24,HOMBRE,LESIONADO,CONDUCTOR PRESENTE,NO,NO,0
11069,34362,34363,2018,0,0,-0.011247,-78.447339,PICHINCHA,QUITO,SAN ANTONIO (QUITO),RURAL,2018-03-20,14:30:00,14,MARTES,2,MARZO,3,NO,NO CEDER EL DERECHO DE VIA O PREFERENCIA DE PASO A VEHICULOS.,ROZAMIENTOS,AUTOMOVIL,2,0,0,0,0,0,0,1,0,0,0,0,0,3,43,MUJER,ILESO,CONDUCTOR PRESENTE,NO,NO,3
11070,34365,34366,2018,0,0,-0.165751,-78.475634,PICHINCHA,QUITO,QUITO,URBANA,2018-03-20,15:50:00,15,MARTES,2,MARZO,3,NO,NO GUARDAR LA DISTANCIA LATERAL MINIMA DE SEGURIDAD ENTRE VEHICULOS.,ROZAMIENTOS,AUTOMOVIL,1,0,1,0,0,0,0,0,0,0,0,0,0,2,35,HOMBRE,ILESO,CONDUCTOR PRESENTE,NO,NO,0
11071,34368,34369,2018,2,0,-0.175721,-78.486831,PICHINCHA,QUITO,QUITO,URBANA,2018-03-20,17:30:00,17,MARTES,2,MARZO,3,NO,NO CEDER EL DERECHO DE VIA O PREFERENCIA DE PASO A VEHICULOS.,CHOQUE LATERAL,MOTOCICLETA,0,0,0,0,0,0,0,0,2,0,0,0,0,2,25,HOMBRE,LESIONADO,CONDUCTOR PRESENTE,NO,NO,0
11072,34372,34373,2018,0,0,-0.206202,-78.500814,PICHINCHA,QUITO,QUITO,URBANA,2018-03-20,17:55:00,17,MARTES,2,MARZO,3,NO,NO CEDER EL DERECHO DE VIA O PREFERENCIA DE PASO A VEHICULOS.,CHOQUE LATERAL,AUTOMOVIL,1,0,0,0,0,0,1,0,0,0,0,0,0,2,64,HOMBRE,ILESO,CONDUCTOR PRESENTE,NO,NO,0
11073,34373,34374,2018,1,0,-0.162831,-78.486035,PICHINCHA,QUITO,QUITO,URBANA,2018-03-20,18:15:00,18,MARTES,2,MARZO,3,NO,NO CEDER EL DERECHO DE VIA O PREFERENCIA DE PASO AL PEATON.,ATROPELLOS,BUS,0,0,1,0,0,0,0,0,0,0,0,0,0,1,22,HOMBRE,LESIONADO,CONDUCTOR PRESENTE,NO,NO,0