,Unnamed: 0,ID,ANIO,LESIONADOS,FALLECIDOS,LATITUD_Y,LONGITUD_X,PROVINCIA,CANTON,PARROQUIA,ZONA,FECHA,HORA,PERIODO_2,DIA_1,DIA_2,MES_1,MES_2,FERIADO,CAUSA_PROBABLE,TIPO_DE_SINIESTRO,TIPO_DE_VEHICULO_1,AUTOMOVIL,BICICLETA,BUS,CAMION,CAMIONETA,EMERGENCIAS,ESPECIAL,FURGONETA,MOTOCICLETA,NO_IDENTIFICADO,SCOOTER_ELECTRICO,TRICIMOTO,VEHICULO_DEPORTIVO_UTILITARIO,SUMA_DE_VEHICULOS,EDAD_1,SEXO_1,CONDICION_1,PARTICIPANTE_1,CASCO_1,CINTURON_1,KMeans_Cluster
11074,34376,34377,2018,0,0,-0.285971,-78.540738,PICHINCHA,QUITO,QUITO,URBANA,2018-03-20,18:45:00,18,MARTES,2,MARZO,3,NO,NO GUARDAR LA DISTANCIA LATERAL MINIMA DE SEGURIDAD ENTRE VEHICULOS.,ROZAMIENTOS,CAMION,1,0,0,1,0,0,0,0,0,0,0,0,0,2,22,HOMBRE,ILESO,CONDUCTOR PRESENTE,NO,NO,0
11075,34377,34378,2018,0,0,-0.418464,-78.550275,PICHINCHA,MEJIA,TAMBILLO (MEJIA),RURAL,2018-03-20,18:45:00,18,MARTES,2,MARZO,3,NO,NO GUARDAR LA DISTANCIA LATERAL MINIMA DE SEGURIDAD ENTRE VEHICULOS.,CHOQUE LATERAL,MOTOCICLETA,0,0,0,0,0,0,0,0,1,0,0,0,1,2,24,HOMBRE,ILESO,CONDUCTOR PRESENTE,NO,NO,3
11076,34379,34380,2018,1,0,-0.176865,-78.481067,PICHINCHA,QUITO,QUITO,URBANA,2018-03-20,19:25:00,19,MARTES,2,MARZO,3,NO,CONDUCIR VEHICULO SUPERANDO LOS LIMITES MAXIMOS DE VELOCIDAD.,ATROPELLOS,NO IDENTIFICADO,0,0,0,0,0,0,0,0,0,1,0,0,0,1,37,MUJER,LESIONADO,CONDUCTOR PRESENTE,NO,NO,0
11077,34381,34382,2018,0,0,-0.100946,-78.506037,PICHINCHA,QUITO,QUITO,URBANA,2018-03-20,20:00:00,20,MARTES,2,MARZO,3,NO,"CASO FORTUITO O FUERZA MAYOR (EXPLOSION DE NEUMATICO NUEVO, DERRUMBE, INUNDACION, CAIDA DE PUENTE, ARBOL, PRESENCIA INTEMPESTIVA E IMPREVISTA DE SEMOVIENTES EN LA VIA, ETC.).",CHOQUE LATERAL,AUTOMOVIL,1,0,0,0,0,0,0,0,0,0,0,0,0,1,23,HOMBRE,ILESO,CONDUCTOR PRESENTE,NO,NO,0
11078,34388,34389,2018,1,0,-0.142178,-78.500536,PICHINCHA,QUITO,QUITO,URBANA,2018-03-20,23:30:00,23,MARTES,2,MARZO,3,NO,NO MANTENER LA DISTANCIA PRUDENCIAL CON RESPECTO AL VEHICULO QUE LE ANTECEDE.,CHOQUE POSTERIOR,MOTOCICLETA,0,0,0,0,0,0,0,0,1,0,0,0,0,1,40,HOMBRE,LESIONADO,PEATON,NO,NO,0
11079,34395,34396,2018,0,2,-0.436348,-78.553247,PICHINCHA,MEJIA,ALOAG,RURAL,2018-03-21,05:00:00,5,MIERCOLES,3,MARZO,3,NO,"CONDUCIR DESATENTO A LAS CONDICIONES DE TRANSITO (CELULAR, PANTALLAS DE VIDEO, COMIDA, MAQUILLAJE O CUALQUIER OTRO ELEMENTO DISTRACTOR).",CHOQUE FRONTAL,CAMION,0,0,1,1,1,0,0,0,0,0,0,0,0,3,69,HOMBRE,FALLECIDO,CONDUCTOR PRESENTE,NO,NO,3
11080,34398,34399,2018,0,0,-0.202005,-78.476511,PICHINCHA,QUITO,QUITO,URBANA,2018-03-21,06:41:00,6,MIERCOLES,3,MARZO,3,NO,"NO RESPETAR LAS SENIALES REGLAMENTARIAS DE TRANSITO. (PARE, CEDA EL PASO, LUZ ROJA DEL SEMAFORO, ETC).",CHOQUE LATERAL,AUTOMOVIL,2,0,0,0,0,0,0,0,0,0,0,0,0,2,73,HOMBRE,ILESO,CONDUCTOR PRESENTE,NO,NO,0
11081,34400,34401,2018,1,0,-0.226486,-78.339567,PICHINCHA,QUITO,PIFO,URBANA,2018-03-21,07:00:00,7,MIERCOLES,3,MARZO,3,NO,PEATON QUE CRUZA LA CALZADA SIN RESPETAR LA SENIALIZACION EXISTENTE (SEMAFOROS O SENIALES MANUALES).,ATROPELLOS,CAMIONETA,0,0,0,0,1,0,0,0,0,0,0,0,0,1,29,HOMBRE,LESIONADO,CONDUCTOR PRESENTE,NO,NO,0
11082,34401,34402,2018,0,0,-0.125235,-78.500401,PICHINCHA,QUITO,QUITO,URBANA,2018-03-21,07:15:00,7,MIERCOLES,3,MARZO,3,NO,REALIZAR CAMBIO BRUSCO O INDEBIDO DE CARRIL.,ROZAMIENTOS,MOTOCICLETA,0,0,0,0,1,0,0,0,1,0,0,0,0,2,-1,NO IDENTIFICADO,ILESO,CONDUCTOR PRESENTE,NO,NO,2
11083,34404,34405,2018,0,0,-0.403383,-78.545881,PICHINCHA,MEJIA,TAMBILLO (MEJIA),RURAL,2018-03-21,07:30:00,7,MIERCOLES,3,MARZO,3,NO,"CONDUCIR DESATENTO A LAS CONDICIONES DE TRANSITO (CELULAR, PANTALLAS DE VIDEO, COMIDA, MAQUILLAJE O CUALQUIER OTRO ELEMENTO DISTRACTOR).",COLISION,CAMIONETA,4,0,0,0,5,0,0,0,0,0,0,0,1,10,31,HOMBRE,ILESO,CONDUCTOR PRESENTE,NO,NO,3
11084,34406,34407,2018,0,0,-0.268259,-78.646323,PICHINCHA,QUITO,LLOA,URBANA,2018-03-21,07:45:00,7,MIERCOLES,3,MARZO,3,NO,NO GUARDAR LA DISTANCIA LATERAL MINIMA DE SEGURIDAD ENTRE VEHICULOS.,ROZAMIENTOS,CAMION,1,0,0,1,0,0,0,0,0,0,0,0,0,2,37,HOMBRE,ILESO,CONDUCTOR PRESENTE,NO,NO,0
11085,34407,34408,2018,1,0,-0.085965,-78.485205,PICHINCHA,QUITO,QUITO,URBANA,2018-03-21,07:45:00,7,MIERCOLES,3,MARZO,3,NO,NO TRANSITAR POR LAS ACERAS O ZONAS DE SEGURIDAD DESTINADAS PARA EL EFECTO.,ATROPELLOS,VEHICULO DEPORTIVO UTILITARIO,0,0,0,0,0,0,0,0,0,0,0,0,1,1,31,MUJER,LESIONADO,PEATON,NO,NO,0
11086,34412,34413,2018,0,0,-0.303012,-78.551249,PICHINCHA,QUITO,QUITO,URBANA,2018-03-21,09:00:00,9,MIERCOLES,3,MARZO,3,NO,"NO RESPETAR LAS SENIALES REGLAMENTARIAS DE TRANSITO. (PARE, CEDA EL PASO, LUZ ROJA DEL SEMAFORO, ETC).",CHOQUE LATERAL,AUTOMOVIL,2,0,0,0,0,0,0,0,0,0,0,0,0,2,43,HOMBRE,ILESO,CONDUCTOR PRESENTE,NO,NO,0
11087,34414,34415,2018,0,0,-0.241987,-78.520901,PICHINCHA,QUITO,QUITO,URBANA,2018-03-21,09:40:00,9,MIERCOLES,3,MARZO,3,NO,NO TRANSITAR POR LAS ACERAS O ZONAS DE SEGURIDAD DESTINADAS PARA EL EFECTO.,ATROPELLOS,AUTOMOVIL,1,0,0,0,0,0,0,0,0,0,0,0,0,1,36,HOMBRE,ILESO,CONDUCTOR PRESENTE,NO,NO,0
11088,34419,34420,2018,0,0,-0.187936,-78.495422,PICHINCHA,QUITO,QUITO,URBANA,2018-03-21,11:40:00,11,MIERCOLES,3,MARZO,3,NO,NO GUARDAR LA DISTANCIA LATERAL MINIMA DE SEGURIDAD ENTRE VEHICULOS.,ROZAMIENTOS,AUTOMOVIL,1,0,0,0,0,0,0,0,0,0,0,0,0,1,41,HOMBRE,ILESO,CONDUCTOR PRESENTE,NO,NO,0
11089,34420,34421,2018,1,0,-0.160885,-78.495761,PICHINCHA,QUITO,QUITO,URBANA,2018-03-21,11:40:00,11,MIERCOLES,3,MARZO,3,NO,"CONDUCIR DESATENTO A LAS CONDICIONES DE TRANSITO (CELULAR, PANTALLAS DE VIDEO, COMIDA, MAQUILLAJE O CUALQUIER OTRO ELEMENTO DISTRACTOR).",VOLCAMIENTOS,AUTOMOVIL,1,0,0,0,0,0,0,0,0,0,0,0,0,1,35,HOMBRE,LESIONADO,CONDUCTOR PRESENTE,NO,NO,0
11090,34421,34422,2018,0,0,-0.133668,-78.501945,PICHINCHA,QUITO,QUITO,URBANA,2018-03-21,11:40:00,11,MIERCOLES,3,MARZO,3,NO,NO MANTENER LA DISTANCIA PRUDENCIAL CON RESPECTO AL VEHICULO QUE LE ANTECEDE.,CHOQUE POSTERIOR,MOTOCICLETA,0,0,0,0,0,0,0,0,1,0,0,0,0,1,37,HOMBRE,ILESO,PASAJERO,NO,NO,0
11091,34422,34423,2018,1,0,-0.206523,-78.512161,PICHINCHA,QUITO,QUITO,URBANA,2018-03-21,11:50:00,11,MIERCOLES,3,MARZO,3,NO,NO CEDER EL DERECHO DE VIA O PREFERENCIA DE PASO A VEHICULOS.,CHOQUE LATERAL,AUTOMOVIL,1,0,0,0,0,0,0,0,1,0,0,0,0,2,45,HOMBRE,LESIONADO,CONDUCTOR PRESENTE,NO,NO,0
11092,34423,34424,2018,3,0,-0.289913,-78.537629,PICHINCHA,QUITO,QUITO,URBANA,2018-03-21,12:00:00,12,MIERCOLES,3,MARZO,3,NO,CONDUCIR VEHICULO SUPERANDO LOS LIMITES MAXIMOS DE VELOCIDAD.,ESTRELLAMIENTOS,BUS,0,0,1,0,0,0,0,0,0,0,0,0,0,1,39,MUJER,LESIONADO,PASAJERO,NO,NO,0
11093,34424,34425,2018,1,0,-0.207958,-78.490206,PICHINCHA,QUITO,QUITO,URBANA,2018-03-21,12:10:00,12,MIERCOLES,3,MARZO,3,NO,BAJARSE O SUBIRSE DE VEHICULOS EN MOVIMIENTO SIN TOMAR LAS PRECAUCIONES DEBIDAS.,CAIDA DE PASAJERO,NO IDENTIFICADO,0,0,0,0,0,0,0,0,0,1,0,0,0,1,27,HOMBRE,LESIONADO,CONDUCTOR PRESENTE,NO,NO,0
11094,34425,34426,2018,0,0,-0.194679,-78.481561,PICHINCHA,QUITO,QUITO,URBANA,2018-03-21,12:30:00,12,MIERCOLES,3,MARZO,3,NO,NO MANTENER LA DISTANCIA PRUDENCIAL CON RESPECTO AL VEHICULO QUE LE ANTECEDE.,CHOQUE POSTERIOR,AUTOMOVIL,1,0,0,0,0,0,0,0,0,0,0,0,0,1,19,HOMBRE,ILESO,CONDUCTOR PRESENTE,NO,NO,0
11095,34426,34427,2018,0,0,-0.287924,-78.540758,PICHINCHA,QUITO,QUITO,URBANA,2018-03-21,12:30:00,12,MIERCOLES,3,MARZO,3,NO,NO TRANSITAR POR LAS ACERAS O ZONAS DE SEGURIDAD DESTINADAS PARA EL EFECTO.,ATROPELLOS,NO IDENTIFICADO,0,0,0,0,0,0,0,0,0,1,0,0,0,1,32,HOMBRE,ILESO,CONDUCTOR PRESENTE,NO,NO,0
11096,34428,34429,2018,0,0,-0.241598,-78.532357,PICHINCHA,QUITO,QUITO,URBANA,2018-03-21,13:00:00,13,MIERCOLES,3,MARZO,3,NO,NO GUARDAR LA DISTANCIA LATERAL MINIMA DE SEGURIDAD ENTRE VEHICULOS.,OTROS,FURGONETA,0,0,1,0,0,0,0,1,0,0,0,0,0,2,65,HOMBRE,ILESO,CONDUCTOR PRESENTE,NO,NO,0
11097,34432,34433,2018,0,0,-0.239703,-78.501668,PICHINCHA,QUITO,QUITO,URBANA,2018-03-21,14:00:00,14,MIERCOLES,3,MARZO,3,NO,"NO RESPETAR LAS SENIALES REGLAMENTARIAS DE TRANSITO. (PARE, CEDA EL PASO, LUZ ROJA DEL SEMAFORO, ETC).",OTROS,AUTOMOVIL,1,0,0,0,0,0,0,0,0,0,0,0,0,1,35,HOMBRE,ILESO,PASAJERO,NO,NO,0
11098,34438,34439,2018,0,1,-0.242071,-78.521024,PICHINCHA,QUITO,QUITO,URBANA,2018-03-21,15:10:00,15,MIERCOLES,3,MARZO,3,NO,PEATON QUE CRUZA LA CALZADA SIN RESPETAR LA SENIALIZACION EXISTENTE (SEMAFOROS O SENIALES MANUALES).,ATROPELLOS,BUS,0,0,1,0,0,0,0,0,0,0,0,0,0,1,63,HOMBRE,FALLECIDO,CONDUCTOR PRESENTE,NO,NO,0
11099,34444,34445,2018,1,0,-0.184992,-78.487247,PICHINCHA,QUITO,QUITO,URBANA,2018-03-21,17:05:00,17,MIERCOLES,3,MARZO,3,NO,CONDUCIR VEHICULO SUPERANDO LOS LIMITES MAXIMOS DE VELOCIDAD.,CHOQUE LATERAL,MOTOCICLETA,1,0,0,0,0,0,0,0,1,0,0,0,0,2,20,HOMBRE,LESIONADO,CONDUCTOR PRESENTE,NO,NO,0
11100,34445,34446,2018,0,0,-0.154259,-78.472951,PICHINCHA,QUITO,QUITO,URBANA,2018-03-21,17:14:00,17,MIERCOLES,3,MARZO,3,NO,NO GUARDAR LA DISTANCIA LATERAL MINIMA DE SEGURIDAD ENTRE VEHICULOS.,ROZAMIENTOS,AUTOMOVIL,2,0,0,0,0,0,0,0,0,0,0,0,0,2,24,HOMBRE,ILESO,CONDUCTOR PRESENTE,NO,NO,0
11101,34446,34447,2018,1,0,-0.270337,-78.541963,PICHINCHA,QUITO,QUITO,URBANA,2018-03-21,17:35:00,17,MIERCOLES,3,MARZO,3,NO,NO TRANSITAR POR LAS ACERAS O ZONAS DE SEGURIDAD DESTINADAS PARA EL EFECTO.,ATROPELLOS,AUTOMOVIL,1,0,0,0,0,0,0,0,0,0,0,0,0,1,28,HOMBRE,LESIONADO,CONDUCTOR PRESENTE,NO,NO,0
11102,34448,34449,2018,1,0,-0.172241,-78.499015,PICHINCHA,QUITO,QUITO,URBANA,2018-03-21,17:41:00,17,MIERCOLES,3,MARZO,3,NO,CONDUCIR VEHICULO SUPERANDO LOS LIMITES MAXIMOS DE VELOCIDAD.,ATROPELLOS,NO IDENTIFICADO,0,0,0,0,0,0,0,0,0,1,0,0,0,1,30,HOMBRE,LESIONADO,CONDUCTOR PRESENTE,NO,NO,0
11103,34450,34451,2018,0,0,-0.237667,-78.484685,PICHINCHA,QUITO,QUITO,URBANA,2018-03-21,18:05:00,18,MIERCOLES,3,MARZO,3,NO,CONDUCIR VEHICULO SUPERANDO LOS LIMITES MAXIMOS DE VELOCIDAD.,ESTRELLAMIENTOS,AUTOMOVIL,1,0,0,0,0,0,0,0,0,0,0,0,0,1,-1,NO IDENTIFICADO,NO IDENTIFICADO,CONDUCTOR AUSENTE,NO,NO,2
11104,34465,34466,2018,0,0,-0.008332,-78.453082,PICHINCHA,QUITO,SAN ANTONIO (QUITO),URBANA,2018-03-22,04:20:00,4,JUEVES,4,MARZO,3,NO,"CONDUCIR DESATENTO A LAS CONDICIONES DE TRANSITO (CELULAR, PANTALLAS DE VIDEO, COMIDA, MAQUILLAJE O CUALQUIER OTRO ELEMENTO DISTRACTOR).",ESTRELLAMIENTOS,AUTOMOVIL,1,0,0,0,0,0,0,0,0,0,0,0,0,1,-1,NO IDENTIFICADO,NO IDENTIFICADO,CONDUCTOR AUSENTE,NO,NO,2
11105,34466,34467,2018,0,0,-0.125813,-78.466702,PICHINCHA,QUITO,QUITO,URBANA,2018-03-22,05:00:00,5,JUEVES,4,MARZO,3,NO,"CONDUCE BAJO LA INFLUENCIA DE ALCOHOL, SUSTANCIAS ESTUPEFACIENTES O PSICOTROPICAS Y/O MEDICAMENTOS.",ESTRELLAMIENTOS,AUTOMOVIL,2,0,0,0,0,0,0,0,0,0,0,0,0,2,22,HOMBRE,ILESO,CONDUCTOR PRESENTE,NO,NO,0
11106,34467,34468,2018,1,0,-0.290281,-78.538717,PICHINCHA,QUITO,QUITO,URBANA,2018-03-22,05:40:00,5,JUEVES,4,MARZO,3,NO,PEATON QUE CRUZA LA CALZADA SIN RESPETAR LA SENIALIZACION EXISTENTE (SEMAFOROS O SENIALES MANUALES).,ATROPELLOS,AUTOMOVIL,1,0,0,0,0,0,0,0,0,0,0,0,0,1,43,HOMBRE,LESIONADO,CONDUCTOR PRESENTE,NO,NO,0
11107,34470,34471,2018,0,0,-0.153303,-78.484482,PICHINCHA,QUITO,QUITO,URBANA,2018-03-22,05:50:00,5,JUEVES,4,MARZO,3,NO,CONDUCIR VEHICULO SUPERANDO LOS LIMITES MAXIMOS DE VELOCIDAD.,ESTRELLAMIENTOS,AUTOMOVIL,1,0,0,0,0,0,0,0,0,0,0,0,0,1,40,MUJER,ILESO,CONDUCTOR PRESENTE,NO,NO,0
11108,34472,34473,2018,0,0,-0.299621,-78.524243,PICHINCHA,QUITO,QUITO,URBANA,2018-03-22,06:50:00,6,JUEVES,4,MARZO,3,NO,CONDUCIR VEHICULO SUPERANDO LOS LIMITES MAXIMOS DE VELOCIDAD.,PERDIDA DE PISTA,MOTOCICLETA,0,0,0,0,0,0,0,0,1,0,0,0,0,1,21,HOMBRE,ILESO,CONDUCTOR PRESENTE,NO,NO,0
11109,34473,34474,2018,1,0,-0.208844,-78.335604,PICHINCHA,QUITO,YARUQUI,URBANA,2018-03-22,07:50:00,7,JUEVES,4,MARZO,3,NO,CONDUCIR VEHICULO SUPERANDO LOS LIMITES MAXIMOS DE VELOCIDAD.,CAIDA DE PASAJERO,NO IDENTIFICADO,0,0,0,0,0,0,0,0,0,1,0,0,0,1,62,HOMBRE,LESIONADO,CONDUCTOR PRESENTE,NO,NO,0
11110,34474,34475,2018,1,0,-0.244303,-78.519274,PICHINCHA,QUITO,QUITO,URBANA,2018-03-22,08:10:00,8,JUEVES,4,MARZO,3,NO,NO TRANSITAR POR LAS ACERAS O ZONAS DE SEGURIDAD DESTINADAS PARA EL EFECTO.,ATROPELLOS,AUTOMOVIL,1,0,0,0,0,0,0,0,0,0,0,0,0,1,19,HOMBRE,LESIONADO,PEATON,NO,NO,0
11111,34480,34481,2018,0,0,-0.169343,-78.484403,PICHINCHA,QUITO,QUITO,URBANA,2018-03-22,11:15:00,11,JUEVES,4,MARZO,3,NO,"NO RESPETAR LAS SENIALES REGLAMENTARIAS DE TRANSITO. (PARE, CEDA EL PASO, LUZ ROJA DEL SEMAFORO, ETC).",CHOQUE LATERAL,CAMION,0,0,0,1,1,0,0,0,0,0,0,0,0,2,26,HOMBRE,ILESO,CONDUCTOR PRESENTE,NO,NO,0
11112,34482,34483,2018,1,0,-0.323911,-78.548572,PICHINCHA,QUITO,QUITO,URBANA,2018-03-22,12:20:00,12,JUEVES,4,MARZO,3,NO,"ADELANTAR O REBASAR A OTRO VEHICULO EN MOVIMIENTO EN ZONAS O SITIOS PELIGROSOS TALES COMO: CURVAS, PUENTES, TUNELES, PENDIENTES, ETC.",ATROPELLOS,CAMIONETA,0,0,0,0,1,0,0,0,0,0,0,0,0,1,77,HOMBRE,LESIONADO,PEATON,NO,NO,0
11113,34486,34487,2018,0,0,-0.248263,-78.518893,PICHINCHA,QUITO,QUITO,URBANA,2018-03-22,13:35:00,13,JUEVES,4,MARZO,3,NO,NO CEDER EL DERECHO DE VIA O PREFERENCIA DE PASO A VEHICULOS.,ROZAMIENTOS,AUTOMOVIL,2,0,0,0,0,0,0,0,0,0,0,0,0,2,23,HOMBRE,ILESO,CONDUCTOR PRESENTE,NO,NO,0
11114,34491,34492,2018,0,0,-0.117893,-78.358046,PICHINCHA,QUITO,TABABELA,URBANA,2018-03-22,15:40:00,15,JUEVES,4,MARZO,3,NO,CONDUCIR VEHICULO SUPERANDO LOS LIMITES MAXIMOS DE VELOCIDAD.,CHOQUE POSTERIOR,AUTOMOVIL,2,0,0,0,0,0,0,0,0,0,0,0,0,2,36,MUJER,ILESO,PEATON,NO,NO,0
11115,34494,34495,2018,0,0,-0.094321,-78.437227,PICHINCHA,QUITO,CALDERON (CARAPUNGO),URBANA,2018-03-22,17:15:00,17,JUEVES,4,MARZO,3,NO,CONDUCIR VEHICULO SUPERANDO LOS LIMITES MAXIMOS DE VELOCIDAD.,CHOQUE LATERAL,MOTOCICLETA,1,0,0,0,0,0,0,0,1,0,0,0,0,2,-1,NO IDENTIFICADO,NO IDENTIFICADO,CONDUCTOR AUSENTE,NO,NO,2
11116,34497,34498,2018,0,0,-0.164784,-78.468117,PICHINCHA,QUITO,QUITO,URBANA,2018-03-22,17:45:00,17,JUEVES,4,MARZO,3,NO,NO GUARDAR LA DISTANCIA LATERAL MINIMA DE SEGURIDAD ENTRE VEHICULOS.,CHOQUE LATERAL,AUTOMOVIL,1,0,1,0,0,0,0,0,0,0,0,0,0,2,48,HOMBRE,ILESO,CONDUCTOR PRESENTE,NO,NO,0
11117,34498,34499,2018,0,0,-0.296111,-78.546116,PICHINCHA,QUITO,QUITO,URBANA,2018-03-22,18:10:00,18,JUEVES,4,MARZO,3,NO,NO CEDER EL DERECHO DE VIA O PREFERENCIA DE PASO AL PEATON.,ATROPELLOS,MOTOCICLETA,0,0,0,0,0,0,0,0,1,0,0,0,0,1,8,MUJER,ILESO,PEATON,NO,NO,0
11118,34499,34500,2018,0,0,-0.134013,-78.471742,PICHINCHA,QUITO,QUITO,URBANA,2018-03-22,18:50:00,18,JUEVES,4,MARZO,3,NO,NO GUARDAR LA DISTANCIA LATERAL MINIMA DE SEGURIDAD ENTRE VEHICULOS.,CHOQUE LATERAL,AUTOMOVIL,2,0,0,0,0,0,0,0,0,0,0,0,0,2,-1,NO IDENTIFICADO,NO IDENTIFICADO,CONDUCTOR AUSENTE,NO,NO,2
11119,34505,34506,2018,2,0,-0.211081,-78.598521,PICHINCHA,QUITO,LLOA,URBANA,2018-03-22,20:00:00,20,JUEVES,4,MARZO,3,NO,PEATON QUE CRUZA LA CALZADA SIN RESPETAR LA SENIALIZACION EXISTENTE (SEMAFOROS O SENIALES MANUALES).,ARROLLAMIENTOS,MOTOCICLETA,1,0,0,0,0,0,0,0,1,0,0,0,0,2,29,HOMBRE,LESIONADO,CONDUCTOR PRESENTE,NO,NO,0
11120,34519,34520,2018,6,0,-0.127401,-78.312431,PICHINCHA,QUITO,CHECA (CHILPA),RURAL,2018-03-23,01:00:00,1,VIERNES,5,MARZO,3,NO,"CONDUCIR EN ESTADO DE SOMNOLENCIA O MALAS CONDICIONES FISICAS (SUENIO, CANSANCIO Y FATIGA).",PERDIDA DE PISTA,CAMIONETA,0,0,0,0,1,0,0,0,0,0,0,0,0,1,52,HOMBRE,LESIONADO,PASAJERO,NO,NO,3
11121,34521,34522,2018,0,0,-0.077871,-78.435571,PICHINCHA,QUITO,CALDERON (CARAPUNGO),URBANA,2018-03-23,02:24:00,2,VIERNES,5,MARZO,3,NO,DANIOS MECANICOS PREVISIBLES.,CHOQUE POSTERIOR,MOTOCICLETA,1,0,0,0,0,0,0,0,1,0,0,0,0,2,7,HOMBRE,ILESO,PEATON,NO,NO,0
11122,34522,34523,2018,1,0,-0.328241,-78.538131,PICHINCHA,QUITO,QUITO,URBANA,2018-03-23,02:45:00,2,VIERNES,5,MARZO,3,NO,PEATON QUE CRUZA LA CALZADA SIN RESPETAR LA SENIALIZACION EXISTENTE (SEMAFOROS O SENIALES MANUALES).,ATROPELLOS,NO IDENTIFICADO,0,0,0,0,0,0,0,0,0,1,0,0,0,1,41,MUJER,LESIONADO,PEATON,NO,NO,0
11123,34524,34525,2018,0,0,-0.242461,-78.482781,PICHINCHA,QUITO,QUITO,URBANA,2018-03-23,04:00:00,4,VIERNES,5,MARZO,3,NO,"CONDUCE BAJO LA INFLUENCIA DE ALCOHOL, SUSTANCIAS ESTUPEFACIENTES O PSICOTROPICAS Y/O MEDICAMENTOS.",COLISION,CAMION,2,0,0,1,0,0,0,0,0,0,0,0,0,3,23,HOMBRE,ILESO,CONDUCTOR PRESENTE,NO,NO,0
11124,34525,34526,2018,0,0,-0.222281,-78.487361,PICHINCHA,QUITO,QUITO,URBANA,2018-03-23,04:00:00,4,VIERNES,5,MARZO,3,NO,"CONDUCIR EN ESTADO DE SOMNOLENCIA O MALAS CONDICIONES FISICAS (SUENIO, CANSANCIO Y FATIGA).",ESTRELLAMIENTOS,AUTOMOVIL,1,0,0,0,0,0,0,0,0,0,0,0,0,1,39,HOMBRE,ILESO,CONDUCTOR PRESENTE,NO,NO,0
11125,34527,34528,2018,1,0,-0.131239,-78.500195,PICHINCHA,QUITO,QUITO,URBANA,2018-03-23,04:35:00,4,VIERNES,5,MARZO,3,NO,NO MANTENER LA DISTANCIA PRUDENCIAL CON RESPECTO AL VEHICULO QUE LE ANTECEDE.,CHOQUE POSTERIOR,NO IDENTIFICADO,0,0,0,0,0,0,0,0,0,1,0,0,0,1,-1,NO IDENTIFICADO,LESIONADO,CONDUCTOR PRESENTE,NO,NO,2
11126,34529,34530,2018,0,0,-0.297401,-78.497851,PICHINCHA,QUITO,CONOCOTO,URBANA,2018-03-23,05:30:00,5,VIERNES,5,MARZO,3,NO,"CONDUCE BAJO LA INFLUENCIA DE ALCOHOL, SUSTANCIAS ESTUPEFACIENTES O PSICOTROPICAS Y/O MEDICAMENTOS.",ESTRELLAMIENTOS,FURGONETA,0,0,0,0,0,0,0,1,0,0,0,0,0,1,47,MUJER,ILESO,PEATON,NO,NO,0
11127,34530,34531,2018,0,0,-0.145321,-78.439131,PICHINCHA,QUITO,ZAMBIZA,URBANA,2018-03-23,06:00:00,6,VIERNES,5,MARZO,3,NO,NO MANTENER LA DISTANCIA PRUDENCIAL CON RESPECTO AL VEHICULO QUE LE ANTECEDE.,COLISION,AUTOMOVIL,3,0,0,0,0,0,0,0,0,0,0,0,0,3,40,HOMBRE,ILESO,CONDUCTOR PRESENTE,NO,NO,0
11128,34534,34535,2018,0,0,-0.163291,-78.462561,PICHINCHA,QUITO,QUITO,URBANA,2018-03-23,07:05:00,7,VIERNES,5,MARZO,3,NO,NO MANTENER LA DISTANCIA PRUDENCIAL CON RESPECTO AL VEHICULO QUE LE ANTECEDE.,COLISION,FURGONETA,2,0,0,0,0,0,0,1,0,0,0,0,0,3,96,MUJER,ILESO,PASAJERO,NO,NO,0
11129,34536,34537,2018,1,0,-0.278501,-78.556311,PICHINCHA,QUITO,QUITO,URBANA,2018-03-23,09:00:00,9,VIERNES,5,MARZO,3,NO,NO CEDER EL DERECHO DE VIA O PREFERENCIA DE PASO A VEHICULOS.,CHOQUE LATERAL,MOTOCICLETA,1,0,0,0,0,0,0,0,1,0,0,0,0,2,-1,NO IDENTIFICADO,LESIONADO,CONDUCTOR PRESENTE,NO,NO,2
11130,34537,34538,2018,0,0,-0.089831,-78.476221,PICHINCHA,QUITO,QUITO,URBANA,2018-03-23,09:03:00,9,VIERNES,5,MARZO,3,NO,"CONDUCE BAJO LA INFLUENCIA DE ALCOHOL, SUSTANCIAS ESTUPEFACIENTES O PSICOTROPICAS Y/O MEDICAMENTOS.",ESTRELLAMIENTOS,CAMION,1,0,0,1,0,0,0,0,0,0,0,0,0,2,31,HOMBRE,ILESO,CONDUCTOR PRESENTE,NO,NO,0
11131,34542,34543,2018,3,0,-0.213761,-78.385371,PICHINCHA,QUITO,TUMBACO,URBANA,2018-03-23,11:00:00,11,VIERNES,5,MARZO,3,NO,CONDUCIR VEHICULO SUPERANDO LOS LIMITES MAXIMOS DE VELOCIDAD.,ATROPELLOS,NO IDENTIFICADO,0,0,0,0,0,0,0,0,0,1,0,0,0,1,63,MUJER,LESIONADO,PEATON,NO,NO,0
11132,34543,34544,2018,0,0,-0.052861,-78.397501,PICHINCHA,QUITO,CALDERON (CARAPUNGO),RURAL,2018-03-23,11:05:00,11,VIERNES,5,MARZO,3,NO,"PRESENCIA DE AGENTES EXTERNOS EN LA VIA (AGUA, ACEITE, PIEDRA, LASTRE, ESCOMBROS, MADEROS, ETC.).",CHOQUE LATERAL,AUTOMOVIL,2,0,0,0,0,0,0,0,0,0,0,0,0,2,30,HOMBRE,ILESO,CONDUCTOR PRESENTE,NO,NO,3