,Unnamed: 0,ID,ANIO,LESIONADOS,FALLECIDOS,LATITUD_Y,LONGITUD_X,PROVINCIA,CANTON,PARROQUIA,ZONA,FECHA,HORA,PERIODO_2,DIA_1,DIA_2,MES_1,MES_2,FERIADO,CAUSA_PROBABLE,TIPO_DE_SINIESTRO,TIPO_DE_VEHICULO_1,AUTOMOVIL,BICICLETA,BUS,CAMION,CAMIONETA,EMERGENCIAS,ESPECIAL,FURGONETA,MOTOCICLETA,NO_IDENTIFICADO,SCOOTER_ELECTRICO,TRICIMOTO,VEHICULO_DEPORTIVO_UTILITARIO,SUMA_DE_VEHICULOS,EDAD_1,SEXO_1,CONDICION_1,PARTICIPANTE_1,CASCO_1,CINTURON_1,KMeans_Cluster
11133,34544,34545,2018,0,0,-0.283811,-78.560041,PICHINCHA,QUITO,QUITO,URBANA,2018-03-23,12:25:00,12,VIERNES,5,MARZO,3,NO,"NO RESPETAR LAS SENIALES REGLAMENTARIAS DE TRANSITO. (PARE, CEDA EL PASO, LUZ ROJA DEL SEMAFORO, ETC).",CHOQUE LATERAL,AUTOMOVIL,2,0,0,0,0,0,0,0,0,0,0,0,0,2,32,MUJER,ILESO,CONDUCTOR PRESENTE,NO,NO,0
11134,34545,34546,2018,1,0,-0.222551,-78.507621,PICHINCHA,QUITO,QUITO,URBANA,2018-03-23,12:50:00,12,VIERNES,5,MARZO,3,NO,NO CEDER EL DERECHO DE VIA O PREFERENCIA DE PASO AL PEATON.,ATROPELLOS,NO IDENTIFICADO,0,0,0,0,0,0,0,0,0,1,0,0,0,1,35,HOMBRE,LESIONADO,CONDUCTOR PRESENTE,NO,NO,0
11135,34550,34551,2018,1,0,-0.219781,-78.509071,PICHINCHA,QUITO,QUITO,URBANA,2018-03-23,14:15:00,14,VIERNES,5,MARZO,3,NO,NO TRANSITAR POR LAS ACERAS O ZONAS DE SEGURIDAD DESTINADAS PARA EL EFECTO.,ATROPELLOS,FURGONETA,0,0,0,0,0,0,0,1,0,0,0,0,0,1,39,HOMBRE,LESIONADO,CONDUCTOR PRESENTE,NO,NO,0
11136,34553,34554,2018,1,0,-0.144701,-78.483491,PICHINCHA,QUITO,QUITO,URBANA,2018-03-23,15:30:00,15,VIERNES,5,MARZO,3,NO,NO TRANSITAR POR LAS ACERAS O ZONAS DE SEGURIDAD DESTINADAS PARA EL EFECTO.,ATROPELLOS,AUTOMOVIL,1,0,0,0,0,0,0,0,0,0,0,0,0,1,44,MUJER,LESIONADO,PEATON,NO,NO,0
11137,34557,34558,2018,1,0,-0.183001,-78.503721,PICHINCHA,QUITO,QUITO,URBANA,2018-03-23,17:40:00,17,VIERNES,5,MARZO,3,NO,"PRESENCIA DE AGENTES EXTERNOS EN LA VIA (AGUA, ACEITE, PIEDRA, LASTRE, ESCOMBROS, MADEROS, ETC.).",PERDIDA DE PISTA,NO IDENTIFICADO,0,0,0,0,0,0,0,0,0,1,0,0,0,1,23,HOMBRE,LESIONADO,PEATON,NO,NO,0
11138,34558,34559,2018,3,0,-0.116011,-78.479591,PICHINCHA,QUITO,QUITO,URBANA,2018-03-23,18:00:00,18,VIERNES,5,MARZO,3,NO,NO CEDER EL DERECHO DE VIA O PREFERENCIA DE PASO AL PEATON.,ATROPELLOS,CAMION,0,0,0,1,0,0,0,0,0,0,0,0,0,1,26,HOMBRE,LESIONADO,CONDUCTOR PRESENTE,NO,NO,0
11139,34560,34561,2018,0,0,-0.172741,-78.471181,PICHINCHA,QUITO,QUITO,URBANA,2018-03-23,19:12:00,19,VIERNES,5,MARZO,3,NO,"CONDICIONES AMBIENTALES Y/O ATMOSFERICAS (NIEBLA, NEBLINA, GRANIZO, LLUVIA).",ROZAMIENTOS,CAMIONETA,0,0,0,0,1,0,0,0,0,0,0,0,0,1,-1,NO IDENTIFICADO,NO IDENTIFICADO,CONDUCTOR AUSENTE,NO,NO,2
11140,34561,34562,2018,1,0,-0.171171,-78.490291,PICHINCHA,QUITO,QUITO,URBANA,2018-03-23,19:45:00,19,VIERNES,5,MARZO,3,NO,"CONDICIONES AMBIENTALES Y/O ATMOSFERICAS (NIEBLA, NEBLINA, GRANIZO, LLUVIA).",PERDIDA DE PISTA,MOTOCICLETA,0,0,0,0,0,0,0,0,1,0,0,0,0,1,42,HOMBRE,LESIONADO,CONDUCTOR PRESENTE,NO,NO,0
11141,34562,34563,2018,0,0,-0.181751,-78.475841,PICHINCHA,QUITO,QUITO,URBANA,2018-03-23,19:45:00,19,VIERNES,5,MARZO,3,NO,"CONDICIONES AMBIENTALES Y/O ATMOSFERICAS (NIEBLA, NEBLINA, GRANIZO, LLUVIA).",CHOQUE POSTERIOR,CAMIONETA,0,0,0,0,1,0,0,0,1,0,0,0,0,2,35,HOMBRE,ILESO,CONDUCTOR PRESENTE,NO,NO,0
11142,34564,34565,2018,2,0,-0.248701,-78.525831,PICHINCHA,QUITO,QUITO,URBANA,2018-03-23,20:30:00,20,VIERNES,5,MARZO,3,NO,REALIZAR CAMBIO BRUSCO O INDEBIDO DE CARRIL.,CHOQUE LATERAL,MOTOCICLETA,1,0,0,0,0,0,0,0,1,0,0,0,0,2,22,HOMBRE,LESIONADO,CONDUCTOR PRESENTE,NO,NO,0
11143,34567,34568,2018,2,0,-0.130751,-78.486441,PICHINCHA,QUITO,QUITO,URBANA,2018-03-23,21:30:00,21,VIERNES,5,MARZO,3,NO,NO GUARDAR LA DISTANCIA LATERAL MINIMA DE SEGURIDAD ENTRE VEHICULOS.,CHOQUE LATERAL,AUTOMOVIL,2,0,0,0,0,0,0,0,0,0,0,0,0,2,27,MUJER,LESIONADO,CONDUCTOR PRESENTE,NO,NO,0
11144,34568,34569,2018,1,0,-0.411668,-78.546069,PICHINCHA,MEJIA,TAMBILLO (MEJIA),RURAL,2018-03-23,22:30:00,22,VIERNES,5,MARZO,3,NO,NO GUARDAR LA DISTANCIA LATERAL MINIMA DE SEGURIDAD ENTRE VEHICULOS.,CHOQUE LATERAL,AUTOMOVIL,1,0,0,0,0,0,0,0,0,0,0,0,1,2,38,HOMBRE,LESIONADO,CONDUCTOR PRESENTE,NO,NO,3
11145,34569,34570,2018,1,0,-0.299431,-78.559041,PICHINCHA,QUITO,QUITO,URBANA,2018-03-23,23:30:00,23,VIERNES,5,MARZO,3,NO,PEATON QUE CRUZA LA CALZADA SIN RESPETAR LA SENIALIZACION EXISTENTE (SEMAFOROS O SENIALES MANUALES).,ARROLLAMIENTOS,NO IDENTIFICADO,0,0,0,0,0,0,0,0,0,1,0,0,0,1,32,MUJER,LESIONADO,PASAJERO,NO,NO,0
11146,34575,34576,2018,0,0,-0.191661,-78.485831,PICHINCHA,QUITO,QUITO,URBANA,2018-03-24,01:30:00,1,SABADO,6,MARZO,3,NO,"CONDUCIR EN ESTADO DE SOMNOLENCIA O MALAS CONDICIONES FISICAS (SUENIO, CANSANCIO Y FATIGA).",ESTRELLAMIENTOS,AUTOMOVIL,1,0,0,0,0,0,0,0,0,0,0,0,0,1,-1,NO IDENTIFICADO,NO IDENTIFICADO,CONDUCTOR AUSENTE,NO,NO,2
11147,34576,34577,2018,0,0,-0.263991,-78.487761,PICHINCHA,QUITO,CONOCOTO,URBANA,2018-03-24,01:30:00,1,SABADO,6,MARZO,3,NO,"CONDUCE BAJO LA INFLUENCIA DE ALCOHOL, SUSTANCIAS ESTUPEFACIENTES O PSICOTROPICAS Y/O MEDICAMENTOS.",ESTRELLAMIENTOS,AUTOMOVIL,3,0,0,0,0,0,0,0,0,0,0,0,0,3,18,HOMBRE,ILESO,PASAJERO,NO,NO,0
11148,34577,34578,2018,0,0,-0.172011,-78.327555,PICHINCHA,QUITO,YARUQUI,RURAL,2018-03-24,01:30:00,1,SABADO,6,MARZO,3,NO,DISPOSITIVO REGULADOR DE TRANSITO EN MAL ESTADO DE FUNCIONAMIENTO (SEMAFORO).,ESTRELLAMIENTOS,AUTOMOVIL,1,0,0,0,0,0,0,0,0,0,0,0,0,1,-1,NO IDENTIFICADO,NO IDENTIFICADO,CONDUCTOR AUSENTE,NO,NO,2
11149,34578,34579,2018,1,1,-0.112272,-78.295969,PICHINCHA,QUITO,EL QUINCHE,RURAL,2018-03-24,02:00:00,2,SABADO,6,MARZO,3,NO,NO GUARDAR LA DISTANCIA LATERAL MINIMA DE SEGURIDAD ENTRE VEHICULOS.,CHOQUE LATERAL,CAMIONETA,0,0,0,0,1,0,0,0,0,0,0,0,0,1,20,HOMBRE,FALLECIDO,CONDUCTOR PRESENTE,NO,NO,3
11150,34581,34582,2018,0,0,-0.172951,-78.480391,PICHINCHA,QUITO,QUITO,URBANA,2018-03-24,03:30:00,3,SABADO,6,MARZO,3,NO,"CONDUCIR EN ESTADO DE SOMNOLENCIA O MALAS CONDICIONES FISICAS (SUENIO, CANSANCIO Y FATIGA).",CHOQUE LATERAL,AUTOMOVIL,2,0,0,0,0,0,0,0,0,0,0,0,0,2,-1,NO IDENTIFICADO,NO IDENTIFICADO,CONDUCTOR AUSENTE,NO,NO,2
11151,34585,34586,2018,0,0,-0.199771,-78.428811,PICHINCHA,QUITO,CUMBAYA,URBANA,2018-03-24,04:40:00,4,SABADO,6,MARZO,3,NO,"PRESENCIA DE AGENTES EXTERNOS EN LA VIA (AGUA, ACEITE, PIEDRA, LASTRE, ESCOMBROS, MADEROS, ETC.).",ESTRELLAMIENTOS,AUTOMOVIL,1,0,0,0,0,0,0,0,0,0,0,0,0,1,31,HOMBRE,ILESO,CONDUCTOR PRESENTE,NO,NO,0
11152,34586,34587,2018,1,0,-0.034724,-78.453876,PICHINCHA,QUITO,POMASQUI,URBANA,2018-03-24,04:50:00,4,SABADO,6,MARZO,3,NO,"CONDUCIR DESATENTO A LAS CONDICIONES DE TRANSITO (CELULAR, PANTALLAS DE VIDEO, COMIDA, MAQUILLAJE O CUALQUIER OTRO ELEMENTO DISTRACTOR).",PERDIDA DE PISTA,AUTOMOVIL,1,0,0,0,0,0,0,0,0,0,0,0,0,1,30,HOMBRE,LESIONADO,PASAJERO,NO,NO,0
11153,34587,34588,2018,0,0,-0.136631,-78.468791,PICHINCHA,QUITO,QUITO,URBANA,2018-03-24,05:00:00,5,SABADO,6,MARZO,3,NO,"NO RESPETAR LAS SENIALES REGLAMENTARIAS DE TRANSITO. (PARE, CEDA EL PASO, LUZ ROJA DEL SEMAFORO, ETC).",ESTRELLAMIENTOS,AUTOMOVIL,1,0,0,0,0,0,0,0,0,0,0,0,0,1,25,MUJER,ILESO,CONDUCTOR PRESENTE,NO,NO,0
11154,34590,34591,2018,1,0,-0.279727,-78.524341,PICHINCHA,QUITO,QUITO,URBANA,2018-03-24,06:50:00,6,SABADO,6,MARZO,3,NO,"CASO FORTUITO O FUERZA MAYOR (EXPLOSION DE NEUMATICO NUEVO, DERRUMBE, INUNDACION, CAIDA DE PUENTE, ARBOL, PRESENCIA INTEMPESTIVA E IMPREVISTA DE SEMOVIENTES EN LA VIA, ETC.).",OTROS,MOTOCICLETA,0,0,0,0,0,0,0,0,1,0,0,0,0,1,24,HOMBRE,LESIONADO,CONDUCTOR PRESENTE,NO,NO,0
11155,34591,34592,2018,0,0,-0.240381,-78.511621,PICHINCHA,QUITO,QUITO,URBANA,2018-03-24,06:50:00,6,SABADO,6,MARZO,3,NO,CONDUCIR VEHICULO SUPERANDO LOS LIMITES MAXIMOS DE VELOCIDAD.,OTROS,AUTOMOVIL,2,0,0,0,0,0,0,0,0,0,0,0,0,2,29,HOMBRE,ILESO,CONDUCTOR PRESENTE,NO,NO,0
11156,34592,34593,2018,0,0,-0.105281,-78.432811,PICHINCHA,QUITO,CALDERON (CARAPUNGO),URBANA,2018-03-24,07:15:00,7,SABADO,6,MARZO,3,NO,"FALLA MECANICA EN LOS SISTEMAS Y/O NEUMATICOS (SISTEMA DE FRENOS, DIRECCION, ELECTRONICO O MECANICO).",ESTRELLAMIENTOS,BUS,2,0,1,0,0,0,0,0,0,0,0,0,0,3,3,HOMBRE,ILESO,PEATON,NO,NO,0
11157,34593,34594,2018,0,0,-0.258072,-78.546285,PICHINCHA,QUITO,QUITO,URBANA,2018-03-24,07:15:00,7,SABADO,6,MARZO,3,NO,CONDUCIR VEHICULO SUPERANDO LOS LIMITES MAXIMOS DE VELOCIDAD.,CHOQUE LATERAL,AUTOMOVIL,1,0,0,0,0,0,0,0,0,1,0,0,0,2,33,HOMBRE,ILESO,CONDUCTOR PRESENTE,NO,NO,0
11158,34594,34595,2018,0,0,-0.258072,-78.546285,PICHINCHA,QUITO,QUITO,URBANA,2018-03-24,07:17:00,7,SABADO,6,MARZO,3,NO,CONDUCIR VEHICULO SUPERANDO LOS LIMITES MAXIMOS DE VELOCIDAD.,ROZAMIENTOS,AUTOMOVIL,1,0,0,0,0,0,0,0,0,1,0,0,0,2,54,MUJER,ILESO,CONDUCTOR PRESENTE,NO,NO,0
11159,34595,34596,2018,0,0,-0.261071,-78.540783,PICHINCHA,QUITO,QUITO,URBANA,2018-03-24,07:27:00,7,SABADO,6,MARZO,3,NO,CONDUCIR VEHICULO SUPERANDO LOS LIMITES MAXIMOS DE VELOCIDAD.,CHOQUE POSTERIOR,AUTOMOVIL,1,0,0,0,0,0,0,0,0,1,0,0,0,2,58,HOMBRE,ILESO,CONDUCTOR PRESENTE,NO,NO,0
11160,34596,34597,2018,2,0,-0.181251,-78.505201,PICHINCHA,QUITO,QUITO,URBANA,2018-03-24,07:45:00,7,SABADO,6,MARZO,3,NO,CONDUCIR VEHICULO SUPERANDO LOS LIMITES MAXIMOS DE VELOCIDAD.,ESTRELLAMIENTOS,AUTOMOVIL,1,0,0,0,0,0,0,0,0,0,0,0,0,1,27,HOMBRE,LESIONADO,CONDUCTOR PRESENTE,NO,NO,0
11161,34597,34598,2018,1,0,-0.172283,-78.498961,PICHINCHA,QUITO,QUITO,URBANA,2018-03-24,08:00:00,8,SABADO,6,MARZO,3,NO,NO GUARDAR LA DISTANCIA LATERAL MINIMA DE SEGURIDAD ENTRE VEHICULOS.,CHOQUE LATERAL,MOTOCICLETA,0,0,0,0,0,0,0,0,1,0,0,0,0,1,18,HOMBRE,LESIONADO,CONDUCTOR PRESENTE,NO,NO,0
11162,34600,34601,2018,1,0,-0.172283,-78.498961,PICHINCHA,QUITO,QUITO,URBANA,2018-03-24,08:40:00,8,SABADO,6,MARZO,3,NO,CONDUCIR VEHICULO SUPERANDO LOS LIMITES MAXIMOS DE VELOCIDAD.,PERDIDA DE PISTA,MOTOCICLETA,0,0,0,0,0,0,0,0,1,0,0,0,0,1,32,HOMBRE,LESIONADO,CONDUCTOR PRESENTE,NO,NO,0
11163,34607,34608,2018,1,0,-0.199771,-78.428811,PICHINCHA,QUITO,CUMBAYA,URBANA,2018-03-24,10:30:00,10,SABADO,6,MARZO,3,NO,CONDUCIR VEHICULO SUPERANDO LOS LIMITES MAXIMOS DE VELOCIDAD.,PERDIDA DE PISTA,MOTOCICLETA,0,0,0,0,0,0,0,0,1,0,0,0,0,1,29,HOMBRE,LESIONADO,CONDUCTOR PRESENTE,NO,NO,0
11164,34616,34617,2018,4,0,-0.204101,-78.458081,PICHINCHA,QUITO,QUITO,URBANA,2018-03-24,13:40:00,13,SABADO,6,MARZO,3,NO,DANIOS MECANICOS PREVISIBLES.,CHOQUE LATERAL,AUTOMOVIL,1,0,1,0,0,0,0,0,0,0,0,0,0,2,-1,NO IDENTIFICADO,LESIONADO,CONDUCTOR PRESENTE,NO,NO,2
11165,34618,34619,2018,1,0,-0.204801,-78.376951,PICHINCHA,QUITO,TUMBACO,URBANA,2018-03-24,14:10:00,14,SABADO,6,MARZO,3,NO,"CONDICIONES AMBIENTALES Y/O ATMOSFERICAS (NIEBLA, NEBLINA, GRANIZO, LLUVIA).",ATROPELLOS,CAMIONETA,0,0,0,0,1,0,0,0,0,0,0,0,0,1,28,MUJER,LESIONADO,PASAJERO,NO,NO,0
11166,34619,34620,2018,2,0,-0.133671,-78.501951,PICHINCHA,QUITO,QUITO,URBANA,2018-03-24,14:20:00,14,SABADO,6,MARZO,3,NO,NO GUARDAR LA DISTANCIA LATERAL MINIMA DE SEGURIDAD ENTRE VEHICULOS.,CHOQUE LATERAL,AUTOMOVIL,1,0,0,0,0,0,0,0,0,0,0,0,0,1,-1,NO IDENTIFICADO,LESIONADO,CONDUCTOR PRESENTE,NO,NO,2
11167,34622,34623,2018,4,0,-0.242461,-78.482781,PICHINCHA,QUITO,QUITO,URBANA,2018-03-24,15:07:00,15,SABADO,6,MARZO,3,NO,"CONDICIONES AMBIENTALES Y/O ATMOSFERICAS (NIEBLA, NEBLINA, GRANIZO, LLUVIA).",ESTRELLAMIENTOS,CAMIONETA,1,0,0,0,1,0,0,0,0,0,0,0,0,2,71,MUJER,LESIONADO,PASAJERO,NO,NO,0
11168,34632,34633,2018,0,0,-0.101881,-78.490501,PICHINCHA,QUITO,QUITO,URBANA,2018-03-24,17:45:00,17,SABADO,6,MARZO,3,NO,NO MANTENER LA DISTANCIA PRUDENCIAL CON RESPECTO AL VEHICULO QUE LE ANTECEDE.,CHOQUE POSTERIOR,AUTOMOVIL,2,0,0,0,0,0,0,0,0,0,0,0,0,2,40,HOMBRE,ILESO,CONDUCTOR PRESENTE,NO,NO,0
11169,34635,34636,2018,1,0,-0.051842,-78.456178,PICHINCHA,QUITO,POMASQUI,URBANA,2018-03-24,18:30:00,18,SABADO,6,MARZO,3,NO,DEJAR O RECOGER PASAJEROS EN LUGARES NO PERMITIDOS.,ATROPELLOS,NO IDENTIFICADO,0,0,0,0,0,0,0,0,0,1,0,0,0,1,45,HOMBRE,LESIONADO,PEATON,NO,NO,0
11170,34636,34637,2018,0,0,-0.239011,-78.487481,PICHINCHA,QUITO,QUITO,URBANA,2018-03-24,18:45:00,18,SABADO,6,MARZO,3,NO,"CONDUCE BAJO LA INFLUENCIA DE ALCOHOL, SUSTANCIAS ESTUPEFACIENTES O PSICOTROPICAS Y/O MEDICAMENTOS.",ESTRELLAMIENTOS,AUTOMOVIL,2,0,0,0,0,0,0,0,0,0,0,0,0,2,50,HOMBRE,ILESO,CONDUCTOR PRESENTE,NO,NO,0
11171,34638,34639,2018,0,0,-0.223711,-78.515871,PICHINCHA,QUITO,QUITO,URBANA,2018-03-24,19:00:00,19,SABADO,6,MARZO,3,NO,"CONDUCE BAJO LA INFLUENCIA DE ALCOHOL, SUSTANCIAS ESTUPEFACIENTES O PSICOTROPICAS Y/O MEDICAMENTOS.",CHOQUE LATERAL,CAMIONETA,1,0,0,0,1,0,0,0,0,0,0,0,0,2,57,HOMBRE,ILESO,CONDUCTOR PRESENTE,NO,NO,0
11172,34639,34640,2018,1,0,-0.268531,-78.551581,PICHINCHA,QUITO,QUITO,URBANA,2018-03-24,19:00:00,19,SABADO,6,MARZO,3,NO,"NO RESPETAR LAS SENIALES REGLAMENTARIAS DE TRANSITO. (PARE, CEDA EL PASO, LUZ ROJA DEL SEMAFORO, ETC).",ROZAMIENTOS,AUTOMOVIL,1,0,0,0,0,0,0,0,1,0,0,0,0,2,24,MUJER,LESIONADO,CONDUCTOR PRESENTE,NO,NO,0
11173,34642,34643,2018,2,0,-0.242071,-78.521021,PICHINCHA,QUITO,QUITO,URBANA,2018-03-24,19:40:00,19,SABADO,6,MARZO,3,NO,NO CEDER EL DERECHO DE VIA O PREFERENCIA DE PASO AL PEATON.,ATROPELLOS,MOTOCICLETA,0,0,0,0,0,0,0,0,1,0,0,0,0,1,27,HOMBRE,LESIONADO,CONDUCTOR PRESENTE,NO,NO,0
11174,34644,34645,2018,0,0,-0.129201,-78.502321,PICHINCHA,QUITO,QUITO,URBANA,2018-03-24,20:00:00,20,SABADO,6,MARZO,3,NO,NO MANTENER LA DISTANCIA PRUDENCIAL CON RESPECTO AL VEHICULO QUE LE ANTECEDE.,CHOQUE POSTERIOR,AUTOMOVIL,2,0,0,0,0,0,0,0,0,0,0,0,0,2,19,HOMBRE,ILESO,CONDUCTOR PRESENTE,NO,NO,0
11175,34655,34656,2018,0,0,-0.085261,-78.467181,PICHINCHA,QUITO,QUITO,URBANA,2018-03-24,22:00:00,22,SABADO,6,MARZO,3,NO,"NO RESPETAR LAS SENIALES REGLAMENTARIAS DE TRANSITO. (PARE, CEDA EL PASO, LUZ ROJA DEL SEMAFORO, ETC).",CHOQUE LATERAL,AUTOMOVIL,3,0,0,0,0,0,0,0,0,0,0,0,0,3,26,HOMBRE,ILESO,CONDUCTOR PRESENTE,NO,NO,0
11176,34660,34661,2018,2,0,-0.358481,-78.480351,PICHINCHA,QUITO,AMAGUANIA,RURAL,2018-03-24,22:20:00,22,SABADO,6,MARZO,3,NO,"CONDUCE BAJO LA INFLUENCIA DE ALCOHOL, SUSTANCIAS ESTUPEFACIENTES O PSICOTROPICAS Y/O MEDICAMENTOS.",CHOQUE FRONTAL,AUTOMOVIL,1,0,0,0,0,0,0,0,1,0,0,0,0,2,36,HOMBRE,LESIONADO,CONDUCTOR PRESENTE,NO,NO,3
11177,34661,34662,2018,0,0,-0.237851,-78.528901,PICHINCHA,QUITO,QUITO,URBANA,2018-03-24,22:30:00,22,SABADO,6,MARZO,3,NO,"CONDUCE BAJO LA INFLUENCIA DE ALCOHOL, SUSTANCIAS ESTUPEFACIENTES O PSICOTROPICAS Y/O MEDICAMENTOS.",CHOQUE POSTERIOR,AUTOMOVIL,2,0,0,0,0,0,0,0,0,0,0,0,0,2,24,HOMBRE,ILESO,PEATON,NO,NO,0
11178,34662,34663,2018,2,0,-0.206931,-78.425901,PICHINCHA,QUITO,CUMBAYA,URBANA,2018-03-24,22:38:00,22,SABADO,6,MARZO,3,NO,"CONDUCIR DESATENTO A LAS CONDICIONES DE TRANSITO (CELULAR, PANTALLAS DE VIDEO, COMIDA, MAQUILLAJE O CUALQUIER OTRO ELEMENTO DISTRACTOR).",ESTRELLAMIENTOS,AUTOMOVIL,1,0,0,0,0,0,0,0,0,0,0,0,0,1,30,MUJER,LESIONADO,PASAJERO,NO,NO,0
11179,34664,34665,2018,0,0,-0.009051,-78.445591,PICHINCHA,QUITO,SAN ANTONIO (QUITO),RURAL,2018-03-24,23:00:00,23,SABADO,6,MARZO,3,NO,"CONDUCE BAJO LA INFLUENCIA DE ALCOHOL, SUSTANCIAS ESTUPEFACIENTES O PSICOTROPICAS Y/O MEDICAMENTOS.",ESTRELLAMIENTOS,AUTOMOVIL,2,0,0,0,0,0,0,0,0,0,0,0,0,2,29,HOMBRE,ILESO,CONDUCTOR PRESENTE,NO,NO,3
11180,34665,34666,2018,1,0,-0.252481,-78.534201,PICHINCHA,QUITO,QUITO,URBANA,2018-03-24,23:00:00,23,SABADO,6,MARZO,3,NO,"NO RESPETAR LAS SENIALES REGLAMENTARIAS DE TRANSITO. (PARE, CEDA EL PASO, LUZ ROJA DEL SEMAFORO, ETC).",OTROS,MOTOCICLETA,0,0,0,0,0,0,0,0,1,1,0,0,0,2,22,HOMBRE,LESIONADO,PASAJERO,NO,NO,0
11181,34670,34671,2018,1,0,-0.275061,-78.555761,PICHINCHA,QUITO,QUITO,URBANA,2018-03-25,00:15:00,0,DOMINGO,7,MARZO,3,NO,"CONDUCIR EN ESTADO DE SOMNOLENCIA O MALAS CONDICIONES FISICAS (SUENIO, CANSANCIO Y FATIGA).",ATROPELLOS,AUTOMOVIL,1,0,0,0,0,0,0,0,0,0,0,0,0,1,39,MUJER,LESIONADO,CONDUCTOR PRESENTE,NO,NO,0
11182,34671,34672,2018,0,0,-0.052191,-78.347125,PICHINCHA,QUITO,GUAYLLABAMBA,RURAL,2018-03-25,00:15:00,0,DOMINGO,7,MARZO,3,NO,NO GUARDAR LA DISTANCIA LATERAL MINIMA DE SEGURIDAD ENTRE VEHICULOS.,CHOQUE LATERAL,AUTOMOVIL,2,0,0,0,0,0,0,0,0,0,0,0,0,2,45,HOMBRE,ILESO,CONDUCTOR PRESENTE,NO,NO,3
11183,34673,34674,2018,0,0,-0.191941,-78.507551,PICHINCHA,QUITO,QUITO,URBANA,2018-03-25,00:30:00,0,DOMINGO,7,MARZO,3,NO,CONDUCIR VEHICULO SUPERANDO LOS LIMITES MAXIMOS DE VELOCIDAD.,CHOQUE LATERAL,AUTOMOVIL,2,0,0,0,0,0,0,0,0,0,0,0,0,2,25,HOMBRE,ILESO,CONDUCTOR PRESENTE,NO,NO,0
11184,34676,34677,2018,2,0,-0.214641,-78.516701,PICHINCHA,QUITO,QUITO,URBANA,2018-03-25,01:00:00,1,DOMINGO,7,MARZO,3,NO,"CONDICIONES AMBIENTALES Y/O ATMOSFERICAS (NIEBLA, NEBLINA, GRANIZO, LLUVIA).",ESTRELLAMIENTOS,MOTOCICLETA,0,0,0,0,0,0,0,0,1,0,0,0,0,1,33,HOMBRE,LESIONADO,PEATON,NO,NO,0
11185,34677,34678,2018,1,0,-0.303691,-78.542231,PICHINCHA,QUITO,QUITO,URBANA,2018-03-25,01:00:00,1,DOMINGO,7,MARZO,3,NO,NO CEDER EL DERECHO DE VIA O PREFERENCIA DE PASO AL PEATON.,ATROPELLOS,NO IDENTIFICADO,0,0,0,0,0,0,0,0,0,1,0,0,0,1,52,MUJER,LESIONADO,PEATON,NO,NO,0
11186,34678,34679,2018,1,1,-0.223337,-78.349785,PICHINCHA,QUITO,PIFO,URBANA,2018-03-25,01:27:00,1,DOMINGO,7,MARZO,3,NO,DISPOSITIVO REGULADOR DE TRANSITO EN MAL ESTADO DE FUNCIONAMIENTO (SEMAFORO).,PERDIDA DE PISTA,AUTOMOVIL,1,0,0,0,0,0,0,0,0,0,0,0,0,1,18,MUJER,FALLECIDO,PASAJERO,NO,NO,0
11187,34681,34682,2018,0,0,-0.195811,-78.494981,PICHINCHA,QUITO,QUITO,URBANA,2018-03-25,02:00:00,2,DOMINGO,7,MARZO,3,NO,CONDUCIR VEHICULO SUPERANDO LOS LIMITES MAXIMOS DE VELOCIDAD.,COLISION,AUTOMOVIL,3,0,0,0,0,0,0,0,0,0,0,0,0,3,35,MUJER,ILESO,CONDUCTOR PRESENTE,NO,NO,0
11188,34683,34684,2018,0,0,-0.316763,-78.450679,PICHINCHA,RUMINIAHUI,SANGOLQUI,URBANA,2018-03-25,02:05:00,2,DOMINGO,7,MARZO,3,NO,"CONDUCE BAJO LA INFLUENCIA DE ALCOHOL, SUSTANCIAS ESTUPEFACIENTES O PSICOTROPICAS Y/O MEDICAMENTOS.",ESTRELLAMIENTOS,AUTOMOVIL,1,0,0,0,0,0,0,0,0,0,0,0,0,1,22,HOMBRE,ILESO,CONDUCTOR PRESENTE,NO,NO,0
11189,34685,34686,2018,0,0,-0.289311,-78.538491,PICHINCHA,QUITO,QUITO,URBANA,2018-03-25,02:50:00,2,DOMINGO,7,MARZO,3,NO,CONDUCIR VEHICULO SUPERANDO LOS LIMITES MAXIMOS DE VELOCIDAD.,ESTRELLAMIENTOS,CAMIONETA,0,0,0,0,1,0,0,0,0,0,0,0,0,1,26,HOMBRE,ILESO,PEATON,NO,NO,0
11190,34689,34690,2018,0,0,-0.191001,-78.465142,PICHINCHA,QUITO,QUITO,URBANA,2018-03-25,03:55:00,3,DOMINGO,7,MARZO,3,NO,"CONDUCIR EN ESTADO DE SOMNOLENCIA O MALAS CONDICIONES FISICAS (SUENIO, CANSANCIO Y FATIGA).",ESTRELLAMIENTOS,AUTOMOVIL,1,0,0,0,0,0,0,0,0,0,0,0,0,1,45,MUJER,ILESO,CONDUCTOR PRESENTE,NO,NO,0
11191,34690,34691,2018,1,0,-0.375501,-78.506021,PICHINCHA,QUITO,AMAGUANIA,URBANA,2018-03-25,04:20:00,4,DOMINGO,7,MARZO,3,NO,"CONDUCIR DESATENTO A LAS CONDICIONES DE TRANSITO (CELULAR, PANTALLAS DE VIDEO, COMIDA, MAQUILLAJE O CUALQUIER OTRO ELEMENTO DISTRACTOR).",ATROPELLOS,NO IDENTIFICADO,0,0,0,0,0,0,0,0,0,1,0,0,0,1,45,HOMBRE,LESIONADO,CONDUCTOR PRESENTE,NO,NO,0