,Unnamed: 0,ID,ANIO,LESIONADOS,FALLECIDOS,LATITUD_Y,LONGITUD_X,PROVINCIA,CANTON,PARROQUIA,ZONA,FECHA,HORA,PERIODO_2,DIA_1,DIA_2,MES_1,MES_2,FERIADO,CAUSA_PROBABLE,TIPO_DE_SINIESTRO,TIPO_DE_VEHICULO_1,AUTOMOVIL,BICICLETA,BUS,CAMION,CAMIONETA,EMERGENCIAS,ESPECIAL,FURGONETA,MOTOCICLETA,NO_IDENTIFICADO,SCOOTER_ELECTRICO,TRICIMOTO,VEHICULO_DEPORTIVO_UTILITARIO,SUMA_DE_VEHICULOS,EDAD_1,SEXO_1,CONDICION_1,PARTICIPANTE_1,CASCO_1,CINTURON_1,KMeans_Cluster
11192,34694,34695,2018,2,0,-0.304961,-78.451602,PICHINCHA,RUMINIAHUI,SANGOLQUI,URBANA,2018-03-25,05:45:00,5,DOMINGO,7,MARZO,3,NO,"CONDUCIR DESATENTO A LAS CONDICIONES DE TRANSITO (CELULAR, PANTALLAS DE VIDEO, COMIDA, MAQUILLAJE O CUALQUIER OTRO ELEMENTO DISTRACTOR).",ESTRELLAMIENTOS,MOTOCICLETA,0,0,0,0,0,0,0,0,1,0,0,0,0,1,25,HOMBRE,LESIONADO,CONDUCTOR PRESENTE,NO,NO,0
11193,34695,34696,2018,0,0,-0.119451,-78.506661,PICHINCHA,QUITO,QUITO,URBANA,2018-03-25,06:20:00,6,DOMINGO,7,MARZO,3,NO,"CONDUCIR DESATENTO A LAS CONDICIONES DE TRANSITO (CELULAR, PANTALLAS DE VIDEO, COMIDA, MAQUILLAJE O CUALQUIER OTRO ELEMENTO DISTRACTOR).",ESTRELLAMIENTOS,CAMIONETA,0,0,0,0,1,0,0,0,0,0,0,0,0,1,7,HOMBRE,ILESO,PEATON,NO,NO,0
11194,34698,34699,2018,1,0,-0.325303,-78.418751,PICHINCHA,QUITO,ALANGASI,URBANA,2018-03-25,08:30:00,8,DOMINGO,7,MARZO,3,NO,"CONDUCIR DESATENTO A LAS CONDICIONES DE TRANSITO (CELULAR, PANTALLAS DE VIDEO, COMIDA, MAQUILLAJE O CUALQUIER OTRO ELEMENTO DISTRACTOR).",ESTRELLAMIENTOS,MOTOCICLETA,0,0,0,0,0,0,0,0,1,0,0,0,0,1,27,HOMBRE,LESIONADO,CONDUCTOR PRESENTE,NO,NO,0
11195,34699,34700,2018,4,0,-0.355611,-78.548711,PICHINCHA,QUITO,QUITO,URBANA,2018-03-25,08:40:00,8,DOMINGO,7,MARZO,3,NO,NO CEDER EL DERECHO DE VIA O PREFERENCIA DE PASO AL PEATON.,ATROPELLOS,CAMIONETA,1,0,0,0,1,0,0,0,0,0,0,0,0,2,21,HOMBRE,LESIONADO,PEATON,NO,NO,0
11196,34705,34706,2018,1,0,-0.237591,-78.484671,PICHINCHA,QUITO,QUITO,URBANA,2018-03-25,10:00:00,10,DOMINGO,7,MARZO,3,NO,CONDUCIR VEHICULO SUPERANDO LOS LIMITES MAXIMOS DE VELOCIDAD.,ESTRELLAMIENTOS,CAMION,0,0,0,1,0,0,0,0,0,0,0,0,0,1,-1,NO IDENTIFICADO,LESIONADO,CONDUCTOR PRESENTE,NO,NO,2
11197,34708,34709,2018,0,0,-0.237851,-78.528901,PICHINCHA,QUITO,QUITO,URBANA,2018-03-25,10:20:00,10,DOMINGO,7,MARZO,3,NO,NO GUARDAR LA DISTANCIA LATERAL MINIMA DE SEGURIDAD ENTRE VEHICULOS.,ROZAMIENTOS,AUTOMOVIL,1,0,0,0,0,0,0,0,0,0,0,0,0,1,35,HOMBRE,ILESO,PEATON,NO,NO,0
11198,34711,34712,2018,0,0,-0.118051,-78.495811,PICHINCHA,QUITO,QUITO,URBANA,2018-03-25,12:00:00,12,DOMINGO,7,MARZO,3,NO,CONDUCIR VEHICULO SUPERANDO LOS LIMITES MAXIMOS DE VELOCIDAD.,ESTRELLAMIENTOS,AUTOMOVIL,3,0,0,0,0,0,0,0,0,0,0,0,0,3,-1,NO IDENTIFICADO,NO IDENTIFICADO,CONDUCTOR AUSENTE,NO,NO,2
11199,34715,34716,2018,1,0,-0.084161,-78.418921,PICHINCHA,QUITO,CALDERON (CARAPUNGO),URBANA,2018-03-25,12:45:00,12,DOMINGO,7,MARZO,3,NO,"NO RESPETAR LAS SENIALES REGLAMENTARIAS DE TRANSITO. (PARE, CEDA EL PASO, LUZ ROJA DEL SEMAFORO, ETC).",OTROS,BICICLETA,0,1,1,0,0,0,0,0,0,0,0,0,0,2,-1,NO IDENTIFICADO,LESIONADO,CONDUCTOR PRESENTE,NO,NO,2
11200,34716,34717,2018,0,0,-0.277281,-78.485251,PICHINCHA,QUITO,CONOCOTO,URBANA,2018-03-25,12:50:00,12,DOMINGO,7,MARZO,3,NO,"CONDUCIR DESATENTO A LAS CONDICIONES DE TRANSITO (CELULAR, PANTALLAS DE VIDEO, COMIDA, MAQUILLAJE O CUALQUIER OTRO ELEMENTO DISTRACTOR).",ATROPELLOS,NO IDENTIFICADO,0,0,0,0,0,0,0,0,0,1,0,0,0,1,20,HOMBRE,ILESO,CONDUCTOR PRESENTE,NO,NO,0
11201,34717,34718,2018,0,0,-0.190551,-78.502031,PICHINCHA,QUITO,QUITO,URBANA,2018-03-25,13:10:00,13,DOMINGO,7,MARZO,3,NO,"NO RESPETAR LAS SENIALES REGLAMENTARIAS DE TRANSITO. (PARE, CEDA EL PASO, LUZ ROJA DEL SEMAFORO, ETC).",CHOQUE LATERAL,AUTOMOVIL,2,0,0,0,0,0,0,0,0,0,0,0,0,2,25,HOMBRE,ILESO,CONDUCTOR PRESENTE,NO,NO,0
11202,34718,34719,2018,1,0,-0.374561,-78.483751,PICHINCHA,QUITO,AMAGUANIA,RURAL,2018-03-25,13:15:00,13,DOMINGO,7,MARZO,3,NO,"CONDUCIR DESATENTO A LAS CONDICIONES DE TRANSITO (CELULAR, PANTALLAS DE VIDEO, COMIDA, MAQUILLAJE O CUALQUIER OTRO ELEMENTO DISTRACTOR).",ATROPELLOS,NO IDENTIFICADO,0,0,0,0,0,0,0,0,0,1,0,0,0,1,22,HOMBRE,LESIONADO,CONDUCTOR PRESENTE,NO,NO,3
11203,34722,34723,2018,1,0,-0.252471,-78.515731,PICHINCHA,QUITO,QUITO,URBANA,2018-03-25,14:30:00,14,DOMINGO,7,MARZO,3,NO,PEATON QUE CRUZA LA CALZADA SIN RESPETAR LA SENIALIZACION EXISTENTE (SEMAFOROS O SENIALES MANUALES).,ATROPELLOS,NO IDENTIFICADO,0,0,0,0,0,0,0,0,0,1,0,0,0,1,64,HOMBRE,LESIONADO,CONDUCTOR PRESENTE,NO,NO,0
11204,34730,34731,2018,0,0,-0.328481,-78.522291,PICHINCHA,QUITO,QUITO,URBANA,2018-03-25,17:42:00,17,DOMINGO,7,MARZO,3,NO,NO CEDER EL DERECHO DE VIA O PREFERENCIA DE PASO A VEHICULOS.,CHOQUE FRONTAL,AUTOMOVIL,1,0,0,0,1,0,0,0,0,0,0,0,0,2,20,HOMBRE,ILESO,CONDUCTOR PRESENTE,NO,NO,0
11205,34733,34734,2018,1,0,-0.241461,-78.532171,PICHINCHA,QUITO,QUITO,URBANA,2018-03-25,18:00:00,18,DOMINGO,7,MARZO,3,NO,PEATON QUE CRUZA LA CALZADA SIN RESPETAR LA SENIALIZACION EXISTENTE (SEMAFOROS O SENIALES MANUALES).,ATROPELLOS,AUTOMOVIL,1,0,0,0,0,0,0,0,0,0,0,0,0,1,14,HOMBRE,LESIONADO,PEATON,NO,NO,0
11206,34737,34738,2018,0,0,-0.241251,-78.534641,PICHINCHA,QUITO,QUITO,URBANA,2018-03-25,19:00:00,19,DOMINGO,7,MARZO,3,NO,NO MANTENER LA DISTANCIA PRUDENCIAL CON RESPECTO AL VEHICULO QUE LE ANTECEDE.,CHOQUE POSTERIOR,AUTOMOVIL,1,0,0,0,0,0,0,0,0,1,0,0,0,2,-1,NO IDENTIFICADO,NO IDENTIFICADO,CONDUCTOR AUSENTE,NO,NO,2
11207,34744,34745,2018,1,0,-0.102771,-78.488671,PICHINCHA,QUITO,QUITO,URBANA,2018-03-25,21:15:00,21,DOMINGO,7,MARZO,3,NO,"CONDUCE BAJO LA INFLUENCIA DE ALCOHOL, SUSTANCIAS ESTUPEFACIENTES O PSICOTROPICAS Y/O MEDICAMENTOS.",CHOQUE LATERAL,MOTOCICLETA,1,0,0,0,0,0,0,0,1,0,0,0,0,2,35,HOMBRE,LESIONADO,CONDUCTOR PRESENTE,NO,NO,0
11208,34752,34753,2018,0,0,-0.182171,-78.490011,PICHINCHA,QUITO,QUITO,URBANA,2018-03-26,01:30:00,1,LUNES,1,MARZO,3,NO,"CONDUCIR DESATENTO A LAS CONDICIONES DE TRANSITO (CELULAR, PANTALLAS DE VIDEO, COMIDA, MAQUILLAJE O CUALQUIER OTRO ELEMENTO DISTRACTOR).",ESTRELLAMIENTOS,AUTOMOVIL,1,0,0,0,0,0,0,0,0,0,0,0,0,1,26,MUJER,ILESO,CONDUCTOR PRESENTE,NO,NO,0
11209,34758,34759,2018,0,0,-0.184825,-78.479267,PICHINCHA,QUITO,QUITO,URBANA,2018-03-26,05:45:00,5,LUNES,1,MARZO,3,NO,NO GUARDAR LA DISTANCIA LATERAL MINIMA DE SEGURIDAD ENTRE VEHICULOS.,CHOQUE LATERAL,MOTOCICLETA,0,0,0,0,0,0,0,1,1,0,0,0,0,2,-1,NO IDENTIFICADO,NO IDENTIFICADO,CONDUCTOR AUSENTE,NO,NO,2
11210,34760,34761,2018,1,0,-0.232251,-78.505141,PICHINCHA,QUITO,QUITO,URBANA,2018-03-26,07:30:00,7,LUNES,1,MARZO,3,NO,NO GUARDAR LA DISTANCIA LATERAL MINIMA DE SEGURIDAD ENTRE VEHICULOS.,ROZAMIENTOS,AUTOMOVIL,2,0,0,0,0,0,0,0,0,0,0,0,0,2,-1,NO IDENTIFICADO,LESIONADO,CONDUCTOR PRESENTE,NO,NO,2
11211,34762,34763,2018,0,0,-0.347661,-78.551111,PICHINCHA,QUITO,QUITO,URBANA,2018-03-26,07:55:00,7,LUNES,1,MARZO,3,NO,"NO RESPETAR LAS SENIALES REGLAMENTARIAS DE TRANSITO. (PARE, CEDA EL PASO, LUZ ROJA DEL SEMAFORO, ETC).",ESTRELLAMIENTOS,AUTOMOVIL,1,0,0,0,0,0,0,0,0,0,0,0,0,1,56,HOMBRE,ILESO,CONDUCTOR PRESENTE,NO,NO,0
11212,34765,34766,2018,0,0,-0.203831,-78.502031,PICHINCHA,QUITO,QUITO,RURAL,2018-03-26,08:30:00,8,LUNES,1,MARZO,3,NO,"NO RESPETAR LAS SENIALES REGLAMENTARIAS DE TRANSITO. (PARE, CEDA EL PASO, LUZ ROJA DEL SEMAFORO, ETC).",CHOQUE LATERAL,AUTOMOVIL,2,0,0,0,0,0,0,0,0,0,0,0,0,2,30,HOMBRE,ILESO,CONDUCTOR PRESENTE,NO,NO,3
11213,34766,34767,2018,1,0,-0.292401,-78.546251,PICHINCHA,QUITO,QUITO,URBANA,2018-03-26,09:10:00,9,LUNES,1,MARZO,3,NO,BAJARSE O SUBIRSE DE VEHICULOS EN MOVIMIENTO SIN TOMAR LAS PRECAUCIONES DEBIDAS.,CAIDA DE PASAJERO,BUS,0,0,1,0,0,0,0,0,0,0,0,0,0,1,-1,NO IDENTIFICADO,LESIONADO,CONDUCTOR PRESENTE,NO,NO,2
11214,34768,34769,2018,0,0,-0.283581,-78.535481,PICHINCHA,QUITO,QUITO,URBANA,2018-03-26,10:45:00,10,LUNES,1,MARZO,3,NO,"CASO FORTUITO O FUERZA MAYOR (EXPLOSION DE NEUMATICO NUEVO, DERRUMBE, INUNDACION, CAIDA DE PUENTE, ARBOL, PRESENCIA INTEMPESTIVA E IMPREVISTA DE SEMOVIENTES EN LA VIA, ETC.).",CHOQUE POSTERIOR,BUS,1,0,1,0,0,0,0,0,0,0,0,0,0,2,-1,NO IDENTIFICADO,NO IDENTIFICADO,CONDUCTOR AUSENTE,NO,NO,2
11215,34770,34771,2018,1,0,-0.172273,-78.498993,PICHINCHA,QUITO,QUITO,URBANA,2018-03-26,12:15:00,12,LUNES,1,MARZO,3,NO,NO MANTENER LA DISTANCIA PRUDENCIAL CON RESPECTO AL VEHICULO QUE LE ANTECEDE.,CHOQUE POSTERIOR,MOTOCICLETA,0,0,0,0,0,0,0,0,1,0,0,0,0,1,26,HOMBRE,LESIONADO,CONDUCTOR PRESENTE,NO,NO,0
11216,34773,34774,2018,0,0,-0.323111,-78.549271,PICHINCHA,QUITO,QUITO,URBANA,2018-03-26,12:55:00,12,LUNES,1,MARZO,3,NO,NO CEDER EL DERECHO DE VIA O PREFERENCIA DE PASO AL PEATON.,ATROPELLOS,NO IDENTIFICADO,0,0,0,0,0,0,0,0,0,1,0,0,0,1,19,HOMBRE,ILESO,CONDUCTOR PRESENTE,NO,NO,0
11217,34777,34778,2018,0,0,-0.102888,-78.485379,PICHINCHA,QUITO,QUITO,URBANA,2018-03-26,14:05:00,14,LUNES,1,MARZO,3,NO,CONDUCIR VEHICULO SUPERANDO LOS LIMITES MAXIMOS DE VELOCIDAD.,OTROS,BUS,0,0,1,0,0,0,0,0,0,0,0,0,0,1,56,HOMBRE,ILESO,CONDUCTOR PRESENTE,NO,NO,0
11218,34781,34782,2018,1,0,-0.338381,-78.549681,PICHINCHA,QUITO,QUITO,URBANA,2018-03-26,15:25:00,15,LUNES,1,MARZO,3,NO,PEATON QUE CRUZA LA CALZADA SIN RESPETAR LA SENIALIZACION EXISTENTE (SEMAFOROS O SENIALES MANUALES).,ATROPELLOS,BUS,0,0,1,0,0,0,0,0,0,0,0,0,0,1,22,HOMBRE,LESIONADO,CONDUCTOR PRESENTE,NO,NO,0
11219,34783,34784,2018,1,0,-0.245331,-78.534071,PICHINCHA,QUITO,QUITO,URBANA,2018-03-26,17:20:00,17,LUNES,1,MARZO,3,NO,PEATON QUE CRUZA LA CALZADA SIN RESPETAR LA SENIALIZACION EXISTENTE (SEMAFOROS O SENIALES MANUALES).,ATROPELLOS,MOTOCICLETA,0,0,0,0,0,0,0,0,1,0,0,0,0,1,16,MUJER,LESIONADO,PEATON,NO,NO,0
11220,34784,34785,2018,0,1,-0.171611,-78.484871,PICHINCHA,QUITO,QUITO,URBANA,2018-03-26,17:40:00,17,LUNES,1,MARZO,3,NO,"CONDUCIR EN ESTADO DE SOMNOLENCIA O MALAS CONDICIONES FISICAS (SUENIO, CANSANCIO Y FATIGA).",ROZAMIENTOS,AUTOMOVIL,2,0,0,0,0,0,0,0,0,0,0,0,0,2,-1,NO IDENTIFICADO,FALLECIDO,CONDUCTOR PRESENTE,NO,NO,0
11221,34787,34788,2018,0,0,-0.270061,-78.547084,PICHINCHA,QUITO,QUITO,URBANA,2018-03-26,18:30:00,18,LUNES,1,MARZO,3,NO,NO GUARDAR LA DISTANCIA LATERAL MINIMA DE SEGURIDAD ENTRE VEHICULOS.,CHOQUE LATERAL,AUTOMOVIL,1,0,0,0,0,0,0,0,0,0,0,0,0,1,45,HOMBRE,ILESO,CONDUCTOR PRESENTE,NO,NO,0
11222,34789,34790,2018,0,0,-0.129111,-78.498261,PICHINCHA,QUITO,QUITO,URBANA,2018-03-26,19:15:00,19,LUNES,1,MARZO,3,NO,NO CEDER EL DERECHO DE VIA O PREFERENCIA DE PASO AL PEATON.,ATROPELLOS,NO IDENTIFICADO,0,0,0,0,0,0,0,0,0,1,0,0,0,1,60,HOMBRE,ILESO,CONDUCTOR PRESENTE,NO,NO,0
11223,34792,34793,2018,0,0,-0.191091,-78.510395,PICHINCHA,QUITO,QUITO,URBANA,2018-03-26,19:40:00,19,LUNES,1,MARZO,3,NO,CONDUCIR EN SENTIDO CONTRARIO A LA VIA NORMAL DE CIRCULACION.,CHOQUE FRONTAL,AUTOMOVIL,1,0,0,0,0,0,0,0,0,1,0,0,0,2,28,HOMBRE,ILESO,CONDUCTOR PRESENTE,NO,NO,0
11224,34795,34796,2018,0,0,-0.212851,-78.487301,PICHINCHA,QUITO,QUITO,URBANA,2018-03-26,21:20:00,21,LUNES,1,MARZO,3,NO,"NO RESPETAR LAS SENIALES REGLAMENTARIAS DE TRANSITO. (PARE, CEDA EL PASO, LUZ ROJA DEL SEMAFORO, ETC).",ESTRELLAMIENTOS,AUTOMOVIL,1,0,0,0,0,0,0,0,0,0,0,0,0,1,43,HOMBRE,ILESO,CONDUCTOR PRESENTE,NO,NO,0
11225,34796,34797,2018,2,0,-0.299881,-78.542321,PICHINCHA,QUITO,QUITO,URBANA,2018-03-26,22:20:00,22,LUNES,1,MARZO,3,NO,NO GUARDAR LA DISTANCIA LATERAL MINIMA DE SEGURIDAD ENTRE VEHICULOS.,CHOQUE LATERAL,MOTOCICLETA,0,0,1,0,0,0,0,0,1,0,0,0,0,2,48,HOMBRE,LESIONADO,CONDUCTOR PRESENTE,NO,NO,0
11226,34797,34798,2018,0,0,-0.252561,-78.523091,PICHINCHA,QUITO,QUITO,URBANA,2018-03-26,23:38:00,23,LUNES,1,MARZO,3,NO,NO GUARDAR LA DISTANCIA LATERAL MINIMA DE SEGURIDAD ENTRE VEHICULOS.,CHOQUE LATERAL,AUTOMOVIL,1,0,1,0,0,0,0,0,0,0,0,0,0,2,30,HOMBRE,ILESO,CONDUCTOR PRESENTE,NO,NO,0
11227,34799,34800,2018,0,0,-0.209861,-78.500691,PICHINCHA,QUITO,QUITO,URBANA,2018-03-26,23:55:00,23,LUNES,1,MARZO,3,NO,"CONDUCE BAJO LA INFLUENCIA DE ALCOHOL, SUSTANCIAS ESTUPEFACIENTES O PSICOTROPICAS Y/O MEDICAMENTOS.",CHOQUE LATERAL,MOTOCICLETA,1,0,0,0,0,0,0,0,1,0,0,0,0,2,65,HOMBRE,ILESO,CONDUCTOR PRESENTE,NO,NO,0
11228,34803,34804,2018,0,0,-0.119361,-78.464901,PICHINCHA,QUITO,QUITO,URBANA,2018-03-27,04:00:00,4,MARTES,2,MARZO,3,NO,CONDUCIR VEHICULO SUPERANDO LOS LIMITES MAXIMOS DE VELOCIDAD.,ESTRELLAMIENTOS,AUTOMOVIL,1,0,0,0,0,0,0,0,0,0,0,0,0,1,26,HOMBRE,ILESO,CONDUCTOR PRESENTE,NO,NO,0
11229,34805,34806,2018,0,0,-0.243671,-78.485361,PICHINCHA,QUITO,QUITO,URBANA,2018-03-27,06:10:00,6,MARTES,2,MARZO,3,NO,NO MANTENER LA DISTANCIA PRUDENCIAL CON RESPECTO AL VEHICULO QUE LE ANTECEDE.,COLISION,AUTOMOVIL,3,0,0,0,0,0,0,0,0,0,0,0,0,3,24,HOMBRE,ILESO,CONDUCTOR PRESENTE,NO,NO,0
11230,34806,34807,2018,1,0,-0.249421,-78.520851,PICHINCHA,QUITO,QUITO,URBANA,2018-03-27,06:30:00,6,MARTES,2,MARZO,3,NO,NO GUARDAR LA DISTANCIA LATERAL MINIMA DE SEGURIDAD ENTRE VEHICULOS.,ROZAMIENTOS,MOTOCICLETA,0,0,0,0,0,0,0,0,1,1,0,0,0,2,19,HOMBRE,LESIONADO,CONDUCTOR PRESENTE,NO,NO,0
11231,34807,34808,2018,0,0,-0.263529,-78.489756,PICHINCHA,QUITO,CONOCOTO,URBANA,2018-03-27,06:50:00,6,MARTES,2,MARZO,3,NO,NO GUARDAR LA DISTANCIA LATERAL MINIMA DE SEGURIDAD ENTRE VEHICULOS.,CHOQUE POSTERIOR,AUTOMOVIL,1,0,0,0,0,0,0,0,0,0,0,0,0,1,-1,NO IDENTIFICADO,NO IDENTIFICADO,CONDUCTOR AUSENTE,NO,NO,2
11232,34808,34809,2018,1,0,-0.156947,-78.321075,PICHINCHA,QUITO,YARUQUI,RURAL,2018-03-27,07:20:00,7,MARTES,2,MARZO,3,NO,NO TRANSITAR POR LAS ACERAS O ZONAS DE SEGURIDAD DESTINADAS PARA EL EFECTO.,ATROPELLOS,MOTOCICLETA,0,0,0,0,0,0,0,0,1,0,0,0,0,1,12,MUJER,LESIONADO,PEATON,NO,NO,3
11233,34809,34810,2018,0,0,-0.163071,-78.462601,PICHINCHA,QUITO,QUITO,URBANA,2018-03-27,07:32:00,7,MARTES,2,MARZO,3,NO,CONDUCIR VEHICULO SUPERANDO LOS LIMITES MAXIMOS DE VELOCIDAD.,CHOQUE POSTERIOR,AUTOMOVIL,1,0,0,0,0,0,0,1,0,0,0,0,0,2,20,HOMBRE,ILESO,CONDUCTOR PRESENTE,NO,NO,0
11234,34810,34811,2018,1,0,-0.188641,-78.483681,PICHINCHA,QUITO,QUITO,URBANA,2018-03-27,08:24:00,8,MARTES,2,MARZO,3,NO,BAJARSE O SUBIRSE DE VEHICULOS EN MOVIMIENTO SIN TOMAR LAS PRECAUCIONES DEBIDAS.,CAIDA DE PASAJERO,BUS,0,0,1,0,0,0,0,0,0,0,0,0,0,1,54,HOMBRE,LESIONADO,CONDUCTOR PRESENTE,NO,NO,0
11235,34811,34812,2018,0,0,-0.194765,-78.445703,PICHINCHA,QUITO,CUMBAYA,URBANA,2018-03-27,09:12:00,9,MARTES,2,MARZO,3,NO,"NO RESPETAR LAS SENIALES REGLAMENTARIAS DE TRANSITO. (PARE, CEDA EL PASO, LUZ ROJA DEL SEMAFORO, ETC).",CHOQUE LATERAL,AUTOMOVIL,2,0,0,0,0,0,0,0,0,0,0,0,0,2,19,MUJER,ILESO,CONDUCTOR PRESENTE,NO,NO,0
11236,34812,34813,2018,0,0,-0.447851,-78.631241,PICHINCHA,MEJIA,ALOAG,RURAL,2018-03-27,09:35:00,9,MARTES,2,MARZO,3,NO,"CONDUCIR DESATENTO A LAS CONDICIONES DE TRANSITO (CELULAR, PANTALLAS DE VIDEO, COMIDA, MAQUILLAJE O CUALQUIER OTRO ELEMENTO DISTRACTOR).",CHOQUE FRONTAL,CAMION,0,0,0,1,0,0,0,0,0,0,0,0,0,1,23,HOMBRE,ILESO,CONDUCTOR PRESENTE,NO,NO,3
11237,34814,34815,2018,0,0,-0.230641,-78.510241,PICHINCHA,QUITO,QUITO,URBANA,2018-03-27,10:25:00,10,MARTES,2,MARZO,3,NO,NO CEDER EL DERECHO DE VIA O PREFERENCIA DE PASO A VEHICULOS.,CHOQUE LATERAL,AUTOMOVIL,2,0,0,0,0,0,0,0,0,0,0,0,0,2,29,MUJER,ILESO,CONDUCTOR PRESENTE,NO,NO,0
11238,34821,34822,2018,0,0,-0.112626,-78.499117,PICHINCHA,QUITO,QUITO,URBANA,2018-03-27,12:20:00,12,MARTES,2,MARZO,3,NO,NO GUARDAR LA DISTANCIA LATERAL MINIMA DE SEGURIDAD ENTRE VEHICULOS.,CHOQUE LATERAL,AUTOMOVIL,1,0,0,0,0,0,0,0,0,0,0,0,1,2,39,HOMBRE,ILESO,CONDUCTOR PRESENTE,NO,NO,0
11239,34832,34833,2018,0,0,-0.257401,-78.550101,PICHINCHA,QUITO,QUITO,URBANA,2018-03-27,15:30:00,15,MARTES,2,MARZO,3,NO,DANIOS MECANICOS PREVISIBLES.,ESTRELLAMIENTOS,AUTOMOVIL,1,0,0,0,0,0,0,0,0,0,0,0,0,1,30,HOMBRE,ILESO,CONDUCTOR PRESENTE,NO,NO,0
11240,34834,34835,2018,1,0,-0.148121,-78.440621,PICHINCHA,QUITO,ZAMBIZA,URBANA,2018-03-27,15:50:00,15,MARTES,2,MARZO,3,NO,NO MANTENER LA DISTANCIA PRUDENCIAL CON RESPECTO AL VEHICULO QUE LE ANTECEDE.,COLISION,CAMION,0,0,0,1,1,0,0,0,0,1,0,0,0,3,36,HOMBRE,LESIONADO,CONDUCTOR PRESENTE,NO,NO,0
11241,34836,34837,2018,0,0,-0.242681,-78.497361,PICHINCHA,QUITO,QUITO,URBANA,2018-03-27,16:10:00,16,MARTES,2,MARZO,3,NO,"PRESENCIA DE AGENTES EXTERNOS EN LA VIA (AGUA, ACEITE, PIEDRA, LASTRE, ESCOMBROS, MADEROS, ETC.).",ESTRELLAMIENTOS,CAMIONETA,0,0,0,0,1,0,0,0,0,0,0,0,0,1,41,HOMBRE,ILESO,CONDUCTOR PRESENTE,NO,NO,0
11242,34841,34842,2018,1,3,-0.449411,-78.585734,PICHINCHA,MEJIA,ALOAG,RURAL,2018-03-27,17:30:00,17,MARTES,2,MARZO,3,NO,"CONDUCIR DESATENTO A LAS CONDICIONES DE TRANSITO (CELULAR, PANTALLAS DE VIDEO, COMIDA, MAQUILLAJE O CUALQUIER OTRO ELEMENTO DISTRACTOR).",PERDIDA DE PISTA,VEHICULO DEPORTIVO UTILITARIO,0,0,0,0,0,0,0,0,0,0,0,0,1,1,85,HOMBRE,FALLECIDO,PASAJERO,NO,NO,3
11243,34845,34846,2018,1,0,-0.253051,-78.519901,PICHINCHA,QUITO,QUITO,URBANA,2018-03-27,17:55:00,17,MARTES,2,MARZO,3,NO,NO CEDER EL DERECHO DE VIA O PREFERENCIA DE PASO AL PEATON.,ATROPELLOS,BUS,0,0,1,0,0,0,0,0,0,0,0,0,0,1,55,MUJER,LESIONADO,CONDUCTOR PRESENTE,NO,NO,0
11244,34846,34847,2018,0,0,-0.150101,-78.453481,PICHINCHA,QUITO,QUITO,URBANA,2018-03-27,18:00:00,18,MARTES,2,MARZO,3,NO,CONDUCIR VEHICULO SUPERANDO LOS LIMITES MAXIMOS DE VELOCIDAD.,COLISION,AUTOMOVIL,3,0,0,0,1,0,0,1,0,0,0,0,0,5,67,HOMBRE,ILESO,CONDUCTOR PRESENTE,NO,NO,0
11245,34847,34848,2018,0,0,-0.116831,-78.472246,PICHINCHA,QUITO,QUITO,URBANA,2018-03-27,18:15:00,18,MARTES,2,MARZO,3,NO,REALIZAR CAMBIO BRUSCO O INDEBIDO DE CARRIL.,ROZAMIENTOS,AUTOMOVIL,2,0,0,0,0,0,0,0,0,0,0,0,0,2,42,HOMBRE,ILESO,CONDUCTOR PRESENTE,NO,NO,0
11246,34849,34850,2018,1,0,-0.210253,-78.424696,PICHINCHA,QUITO,CUMBAYA,URBANA,2018-03-27,18:26:00,18,MARTES,2,MARZO,3,NO,NO MANTENER LA DISTANCIA PRUDENCIAL CON RESPECTO AL VEHICULO QUE LE ANTECEDE.,CHOQUE POSTERIOR,AUTOMOVIL,1,0,0,0,0,0,0,0,0,0,0,0,0,1,49,HOMBRE,LESIONADO,CONDUCTOR PRESENTE,NO,NO,0
11247,34864,34865,2018,0,0,-0.309863,-78.486666,PICHINCHA,QUITO,CONOCOTO,URBANA,2018-03-28,01:35:00,1,MIERCOLES,3,MARZO,3,SI,CONDUCIR EN SENTIDO CONTRARIO A LA VIA NORMAL DE CIRCULACION.,ESTRELLAMIENTOS,AUTOMOVIL,1,0,0,0,0,0,0,0,0,0,0,0,0,1,33,MUJER,ILESO,CONDUCTOR PRESENTE,NO,NO,0
11248,34869,34870,2018,2,0,-0.096161,-78.468851,PICHINCHA,QUITO,QUITO,URBANA,2018-03-28,07:30:00,7,MIERCOLES,3,MARZO,3,SI,"CONDICIONES AMBIENTALES Y/O ATMOSFERICAS (NIEBLA, NEBLINA, GRANIZO, LLUVIA).",PERDIDA DE PISTA,AUTOMOVIL,1,0,0,0,0,0,0,0,0,0,0,0,0,1,27,MUJER,LESIONADO,CONDUCTOR PRESENTE,NO,NO,0