,Unnamed: 0,ID,ANIO,LESIONADOS,FALLECIDOS,LATITUD_Y,LONGITUD_X,PROVINCIA,CANTON,PARROQUIA,ZONA,FECHA,HORA,PERIODO_2,DIA_1,DIA_2,MES_1,MES_2,FERIADO,CAUSA_PROBABLE,TIPO_DE_SINIESTRO,TIPO_DE_VEHICULO_1,AUTOMOVIL,BICICLETA,BUS,CAMION,CAMIONETA,EMERGENCIAS,ESPECIAL,FURGONETA,MOTOCICLETA,NO_IDENTIFICADO,SCOOTER_ELECTRICO,TRICIMOTO,VEHICULO_DEPORTIVO_UTILITARIO,SUMA_DE_VEHICULOS,EDAD_1,SEXO_1,CONDICION_1,PARTICIPANTE_1,CASCO_1,CINTURON_1,KMeans_Cluster
11249,34870,34871,2018,1,0,-0.260631,-78.546191,PICHINCHA,QUITO,QUITO,URBANA,2018-03-28,07:30:00,7,MIERCOLES,3,MARZO,3,SI,PEATON QUE CRUZA LA CALZADA SIN RESPETAR LA SENIALIZACION EXISTENTE (SEMAFOROS O SENIALES MANUALES).,ATROPELLOS,NO IDENTIFICADO,0,0,0,0,0,0,0,0,0,1,0,0,0,1,44,HOMBRE,LESIONADO,CONDUCTOR PRESENTE,NO,NO,0
11250,34875,34876,2018,0,0,-0.229461,-78.522941,PICHINCHA,QUITO,QUITO,URBANA,2018-03-28,08:25:00,8,MIERCOLES,3,MARZO,3,SI,"CONDICIONES AMBIENTALES Y/O ATMOSFERICAS (NIEBLA, NEBLINA, GRANIZO, LLUVIA).",COLISION,AUTOMOVIL,3,0,0,0,0,0,0,0,0,0,0,0,0,3,28,HOMBRE,ILESO,CONDUCTOR PRESENTE,NO,NO,0
11251,34877,34878,2018,2,0,-0.172251,-78.498993,PICHINCHA,QUITO,QUITO,URBANA,2018-03-28,08:30:00,8,MIERCOLES,3,MARZO,3,SI,"PRESENCIA DE AGENTES EXTERNOS EN LA VIA (AGUA, ACEITE, PIEDRA, LASTRE, ESCOMBROS, MADEROS, ETC.).",PERDIDA DE PISTA,AUTOMOVIL,1,0,0,0,0,0,0,0,0,0,0,0,0,1,-1,NO IDENTIFICADO,LESIONADO,CONDUCTOR PRESENTE,NO,NO,2
11252,34878,34879,2018,1,0,-0.326801,-78.535971,PICHINCHA,QUITO,QUITO,URBANA,2018-03-28,09:30:00,9,MIERCOLES,3,MARZO,3,SI,MALAS CONDICIONES DE LA VIA Y/O CONFIGURACION. (ILUMINACION Y DISENIO).,PERDIDA DE PISTA,NO IDENTIFICADO,0,0,0,0,0,0,0,0,0,1,0,0,0,1,9,HOMBRE,LESIONADO,PEATON,NO,NO,0
11253,34879,34880,2018,1,0,-0.191091,-78.510395,PICHINCHA,QUITO,QUITO,URBANA,2018-03-28,09:50:00,9,MIERCOLES,3,MARZO,3,SI,CONDUCIR VEHICULO SUPERANDO LOS LIMITES MAXIMOS DE VELOCIDAD.,OTROS,BUS,0,0,1,0,0,0,0,0,0,0,0,0,0,1,30,MUJER,LESIONADO,CONDUCTOR PRESENTE,NO,NO,0
11254,34880,34881,2018,1,0,-0.283151,-78.543941,PICHINCHA,QUITO,QUITO,URBANA,2018-03-28,11:18:00,11,MIERCOLES,3,MARZO,3,SI,NO TRANSITAR POR LAS ACERAS O ZONAS DE SEGURIDAD DESTINADAS PARA EL EFECTO.,ATROPELLOS,MOTOCICLETA,0,0,0,0,0,0,0,0,1,0,0,0,0,1,22,MUJER,LESIONADO,PASAJERO,NO,NO,0
11255,34881,34882,2018,0,0,-0.200541,-78.510931,PICHINCHA,QUITO,QUITO,URBANA,2018-03-28,11:37:00,11,MIERCOLES,3,MARZO,3,SI,NO CEDER EL DERECHO DE VIA O PREFERENCIA DE PASO A VEHICULOS.,CHOQUE FRONTAL,AUTOMOVIL,1,0,0,0,1,0,0,0,0,0,0,0,0,2,45,HOMBRE,ILESO,CONDUCTOR PRESENTE,NO,NO,0
11256,34889,34890,2018,1,0,-0.287975,-78.568084,PICHINCHA,QUITO,QUITO,URBANA,2018-03-28,14:15:00,14,MIERCOLES,3,MARZO,3,SI,BAJARSE O SUBIRSE DE VEHICULOS EN MOVIMIENTO SIN TOMAR LAS PRECAUCIONES DEBIDAS.,CAIDA DE PASAJERO,NO IDENTIFICADO,0,0,0,0,0,0,0,0,0,1,0,0,0,1,-1,NO IDENTIFICADO,LESIONADO,CONDUCTOR PRESENTE,NO,NO,2
11257,34897,34898,2018,0,0,-0.179287,-78.492373,PICHINCHA,QUITO,QUITO,URBANA,2018-03-28,16:00:00,16,MIERCOLES,3,MARZO,3,SI,NO MANTENER LA DISTANCIA PRUDENCIAL CON RESPECTO AL VEHICULO QUE LE ANTECEDE.,CHOQUE POSTERIOR,AUTOMOVIL,1,0,0,0,0,0,0,0,0,0,0,0,0,1,33,HOMBRE,ILESO,CONDUCTOR PRESENTE,NO,NO,0
11258,34900,34901,2018,0,0,-0.315501,-78.555616,PICHINCHA,QUITO,QUITO,URBANA,2018-03-28,17:20:00,17,MIERCOLES,3,MARZO,3,SI,CONDUCIR VEHICULO SUPERANDO LOS LIMITES MAXIMOS DE VELOCIDAD.,OTROS,MOTOCICLETA,0,0,0,0,0,0,0,0,1,0,0,0,0,1,24,HOMBRE,ILESO,CONDUCTOR PRESENTE,NO,NO,0
11259,34903,34904,2018,1,0,-0.091591,-78.439051,PICHINCHA,QUITO,CALDERON (CARAPUNGO),URBANA,2018-03-28,18:30:00,18,MIERCOLES,3,MARZO,3,SI,BAJARSE O SUBIRSE DE VEHICULOS EN MOVIMIENTO SIN TOMAR LAS PRECAUCIONES DEBIDAS.,CAIDA DE PASAJERO,BUS,0,0,1,0,0,0,0,0,0,0,0,0,0,1,31,HOMBRE,LESIONADO,CONDUCTOR PRESENTE,NO,NO,0
11260,34905,34906,2018,0,0,-0.184861,-78.492951,PICHINCHA,QUITO,QUITO,URBANA,2018-03-28,19:10:00,19,MIERCOLES,3,MARZO,3,SI,CONDUCIR VEHICULO SUPERANDO LOS LIMITES MAXIMOS DE VELOCIDAD.,ESTRELLAMIENTOS,AUTOMOVIL,1,0,0,0,0,0,0,0,0,0,0,0,0,1,34,HOMBRE,ILESO,CONDUCTOR PRESENTE,NO,NO,0
11261,34906,34907,2018,0,0,-0.241671,-78.518641,PICHINCHA,QUITO,QUITO,URBANA,2018-03-28,19:10:00,19,MIERCOLES,3,MARZO,3,SI,NO MANTENER LA DISTANCIA PRUDENCIAL CON RESPECTO AL VEHICULO QUE LE ANTECEDE.,CHOQUE POSTERIOR,AUTOMOVIL,2,0,0,0,0,0,0,0,0,0,0,0,0,2,26,HOMBRE,ILESO,CONDUCTOR PRESENTE,NO,NO,0
11262,34908,34909,2018,0,0,-0.148501,-78.498391,PICHINCHA,QUITO,QUITO,URBANA,2018-03-28,20:50:00,20,MIERCOLES,3,MARZO,3,SI,"CONDUCE BAJO LA INFLUENCIA DE ALCOHOL, SUSTANCIAS ESTUPEFACIENTES O PSICOTROPICAS Y/O MEDICAMENTOS.",COLISION,AUTOMOVIL,3,0,0,0,0,0,0,0,0,0,0,0,0,3,78,HOMBRE,ILESO,CONDUCTOR PRESENTE,NO,NO,0
11263,34914,34915,2018,0,0,-0.271571,-78.528881,PICHINCHA,QUITO,QUITO,URBANA,2018-03-28,23:05:00,23,MIERCOLES,3,MARZO,3,SI,CONDUCIR VEHICULO SUPERANDO LOS LIMITES MAXIMOS DE VELOCIDAD.,COLISION,AUTOMOVIL,1,0,0,0,0,0,0,2,0,0,0,0,0,3,-1,NO IDENTIFICADO,NO IDENTIFICADO,CONDUCTOR AUSENTE,NO,NO,2
11264,34915,34916,2018,1,0,-0.197831,-78.466471,PICHINCHA,QUITO,QUITO,URBANA,2018-03-29,00:00:00,0,JUEVES,4,MARZO,3,SI,CONDUCIR VEHICULO SUPERANDO LOS LIMITES MAXIMOS DE VELOCIDAD.,ESTRELLAMIENTOS,AUTOMOVIL,1,0,0,0,0,0,0,0,0,0,0,0,0,1,44,HOMBRE,LESIONADO,CONDUCTOR PRESENTE,NO,NO,0
11265,34920,34921,2018,0,0,-0.317431,-78.549131,PICHINCHA,QUITO,QUITO,URBANA,2018-03-29,02:10:00,2,JUEVES,4,MARZO,3,SI,CONDUCIR VEHICULO SUPERANDO LOS LIMITES MAXIMOS DE VELOCIDAD.,ESTRELLAMIENTOS,CAMIONETA,0,0,0,0,1,0,0,0,0,0,0,0,0,1,28,HOMBRE,ILESO,PEATON,NO,NO,0
11266,34923,34924,2018,0,0,-0.275821,-78.501791,PICHINCHA,QUITO,CONOCOTO,URBANA,2018-03-29,02:40:00,2,JUEVES,4,MARZO,3,SI,"NO RESPETAR LAS SENIALES REGLAMENTARIAS DE TRANSITO. (PARE, CEDA EL PASO, LUZ ROJA DEL SEMAFORO, ETC).",ESTRELLAMIENTOS,AUTOMOVIL,1,0,0,0,0,0,0,0,0,0,0,0,0,1,57,HOMBRE,ILESO,CONDUCTOR PRESENTE,NO,NO,0
11267,34925,34926,2018,0,0,-0.237671,-78.484691,PICHINCHA,QUITO,QUITO,URBANA,2018-03-29,05:50:00,5,JUEVES,4,MARZO,3,SI,"NO RESPETAR LAS SENIALES REGLAMENTARIAS DE TRANSITO. (PARE, CEDA EL PASO, LUZ ROJA DEL SEMAFORO, ETC).",ESTRELLAMIENTOS,CAMIONETA,0,0,0,0,1,0,0,0,0,0,0,0,0,1,22,HOMBRE,ILESO,CONDUCTOR PRESENTE,NO,NO,0
11268,34930,34931,2018,0,0,-0.355611,-78.548711,PICHINCHA,QUITO,QUITO,URBANA,2018-03-29,08:00:00,8,JUEVES,4,MARZO,3,SI,BAJARSE O SUBIRSE DE VEHICULOS EN MOVIMIENTO SIN TOMAR LAS PRECAUCIONES DEBIDAS.,CAIDA DE PASAJERO,BUS,0,0,1,0,0,0,0,0,0,0,0,0,0,1,25,HOMBRE,ILESO,CONDUCTOR PRESENTE,NO,NO,0
11269,34931,34932,2018,1,0,-0.101881,-78.490501,PICHINCHA,QUITO,QUITO,URBANA,2018-03-29,08:10:00,8,JUEVES,4,MARZO,3,SI,CONDUCIR VEHICULO SUPERANDO LOS LIMITES MAXIMOS DE VELOCIDAD.,COLISION,CAMION,2,0,0,1,0,0,0,0,0,0,0,0,0,3,30,HOMBRE,LESIONADO,CONDUCTOR PRESENTE,NO,NO,0
11270,34934,34935,2018,0,0,-0.175946,-78.487761,PICHINCHA,QUITO,QUITO,URBANA,2018-03-29,09:05:00,9,JUEVES,4,MARZO,3,SI,NO GUARDAR LA DISTANCIA LATERAL MINIMA DE SEGURIDAD ENTRE VEHICULOS.,CHOQUE LATERAL,BUS,1,0,1,0,0,0,0,0,0,0,0,0,0,2,11,HOMBRE,ILESO,PEATON,NO,NO,0
11271,34935,34936,2018,0,0,-0.291141,-78.545961,PICHINCHA,QUITO,QUITO,URBANA,2018-03-29,09:40:00,9,JUEVES,4,MARZO,3,SI,NO MANTENER LA DISTANCIA PRUDENCIAL CON RESPECTO AL VEHICULO QUE LE ANTECEDE.,CHOQUE POSTERIOR,AUTOMOVIL,2,0,0,0,0,0,0,0,0,0,0,0,0,2,-1,NO IDENTIFICADO,NO IDENTIFICADO,CONDUCTOR AUSENTE,NO,NO,2
11272,34938,34939,2018,1,0,-0.268486,-78.528131,PICHINCHA,QUITO,QUITO,URBANA,2018-03-29,11:00:00,11,JUEVES,4,MARZO,3,SI,NO TRANSITAR POR LAS ACERAS O ZONAS DE SEGURIDAD DESTINADAS PARA EL EFECTO.,ATROPELLOS,NO IDENTIFICADO,0,0,0,0,0,0,0,0,0,1,0,0,0,1,40,HOMBRE,LESIONADO,CONDUCTOR PRESENTE,NO,NO,0
11273,34940,34941,2018,0,0,-0.159769,-78.490149,PICHINCHA,QUITO,QUITO,URBANA,2018-03-29,11:50:00,11,JUEVES,4,MARZO,3,SI,CONDUCIR VEHICULO SUPERANDO LOS LIMITES MAXIMOS DE VELOCIDAD.,CHOQUE POSTERIOR,CAMIONETA,0,0,0,0,2,0,0,0,0,0,0,0,0,2,45,HOMBRE,ILESO,PASAJERO,NO,NO,0
11274,34941,34942,2018,0,0,-0.099501,-78.469781,PICHINCHA,QUITO,QUITO,URBANA,2018-03-29,13:00:00,13,JUEVES,4,MARZO,3,SI,CONDUCIR VEHICULO SUPERANDO LOS LIMITES MAXIMOS DE VELOCIDAD.,CHOQUE LATERAL,CAMIONETA,1,0,0,0,1,0,0,0,0,0,0,0,0,2,26,HOMBRE,ILESO,CONDUCTOR PRESENTE,NO,NO,0
11275,34943,34944,2018,0,0,-0.002221,-78.454391,PICHINCHA,QUITO,SAN ANTONIO (QUITO),RURAL,2018-03-29,13:30:00,13,JUEVES,4,MARZO,3,SI,"NO RESPETAR LAS SENIALES REGLAMENTARIAS DE TRANSITO. (PARE, CEDA EL PASO, LUZ ROJA DEL SEMAFORO, ETC).",ESTRELLAMIENTOS,CAMIONETA,0,0,0,0,1,0,0,0,1,0,0,0,0,2,31,HOMBRE,ILESO,CONDUCTOR PRESENTE,NO,NO,3
11276,34946,34947,2018,0,0,-0.175329,-78.489716,PICHINCHA,QUITO,QUITO,URBANA,2018-03-29,13:50:00,13,JUEVES,4,MARZO,3,SI,PEATON QUE CRUZA LA CALZADA SIN RESPETAR LA SENIALIZACION EXISTENTE (SEMAFOROS O SENIALES MANUALES).,ATROPELLOS,AUTOMOVIL,1,0,0,0,0,0,0,0,0,0,0,0,0,1,32,MUJER,ILESO,CONDUCTOR PRESENTE,NO,NO,0
11277,34948,34949,2018,0,0,-0.106691,-78.481991,PICHINCHA,QUITO,QUITO,URBANA,2018-03-29,14:10:00,14,JUEVES,4,MARZO,3,SI,NO GUARDAR LA DISTANCIA LATERAL MINIMA DE SEGURIDAD ENTRE VEHICULOS.,CHOQUE LATERAL,AUTOMOVIL,2,0,0,0,0,0,0,0,0,0,0,0,0,2,24,HOMBRE,ILESO,CONDUCTOR PRESENTE,NO,NO,0
11278,34952,34953,2018,0,0,-0.146271,-78.475041,PICHINCHA,QUITO,QUITO,URBANA,2018-03-29,14:40:00,14,JUEVES,4,MARZO,3,SI,DANIOS MECANICOS PREVISIBLES.,COLISION,CAMION,1,0,0,1,1,0,0,0,0,0,0,0,0,3,28,HOMBRE,ILESO,CONDUCTOR PRESENTE,NO,NO,0
11279,34954,34955,2018,0,0,-0.245901,-78.491511,PICHINCHA,QUITO,QUITO,URBANA,2018-03-29,15:45:00,15,JUEVES,4,MARZO,3,SI,"CONDUCE BAJO LA INFLUENCIA DE ALCOHOL, SUSTANCIAS ESTUPEFACIENTES O PSICOTROPICAS Y/O MEDICAMENTOS.",ESTRELLAMIENTOS,CAMIONETA,0,0,0,0,1,0,0,0,0,0,0,0,0,1,42,HOMBRE,ILESO,PASAJERO,NO,NO,0
11280,34955,34956,2018,0,0,-0.256121,-78.544651,PICHINCHA,QUITO,QUITO,URBANA,2018-03-29,16:50:00,16,JUEVES,4,MARZO,3,SI,"NO RESPETAR LAS SENIALES REGLAMENTARIAS DE TRANSITO. (PARE, CEDA EL PASO, LUZ ROJA DEL SEMAFORO, ETC).",ESTRELLAMIENTOS,CAMIONETA,0,0,0,0,1,0,0,0,0,1,0,0,0,2,11,MUJER,ILESO,PEATON,NO,NO,0
11281,34960,34961,2018,0,0,-0.254551,-78.530841,PICHINCHA,QUITO,QUITO,URBANA,2018-03-29,17:50:00,17,JUEVES,4,MARZO,3,SI,CONDUCIR VEHICULO SUPERANDO LOS LIMITES MAXIMOS DE VELOCIDAD.,ESTRELLAMIENTOS,AUTOMOVIL,1,0,0,0,0,0,0,0,0,0,0,0,0,1,36,HOMBRE,ILESO,CONDUCTOR PRESENTE,NO,NO,0
11282,34961,34962,2018,1,0,-0.100041,-78.422721,PICHINCHA,QUITO,CALDERON (CARAPUNGO),URBANA,2018-03-29,18:20:00,18,JUEVES,4,MARZO,3,SI,NO CEDER EL DERECHO DE VIA O PREFERENCIA DE PASO AL PEATON.,ATROPELLOS,NO IDENTIFICADO,0,0,0,0,0,0,0,0,0,1,0,0,0,1,16,MUJER,LESIONADO,PASAJERO,NO,NO,0
11283,34962,34963,2018,0,0,-0.290281,-78.538721,PICHINCHA,QUITO,QUITO,URBANA,2018-03-29,18:20:00,18,JUEVES,4,MARZO,3,SI,"CASO FORTUITO O FUERZA MAYOR (EXPLOSION DE NEUMATICO NUEVO, DERRUMBE, INUNDACION, CAIDA DE PUENTE, ARBOL, PRESENCIA INTEMPESTIVA E IMPREVISTA DE SEMOVIENTES EN LA VIA, ETC.).",OTROS,AUTOMOVIL,1,0,0,0,0,0,0,0,0,1,0,0,0,2,51,HOMBRE,ILESO,CONDUCTOR PRESENTE,NO,NO,0
11284,34967,34968,2018,1,0,-0.006981,-78.318146,PICHINCHA,PEDRO MONCAYO,TOCACHI,RURAL,2018-03-29,19:10:00,19,JUEVES,4,MARZO,3,SI,"CONDUCIR DESATENTO A LAS CONDICIONES DE TRANSITO (CELULAR, PANTALLAS DE VIDEO, COMIDA, MAQUILLAJE O CUALQUIER OTRO ELEMENTO DISTRACTOR).",PERDIDA DE PISTA,NO IDENTIFICADO,0,0,0,0,0,0,0,0,0,1,0,0,0,1,26,HOMBRE,LESIONADO,CONDUCTOR PRESENTE,NO,NO,3
11285,34968,34969,2018,0,0,-0.162831,-78.486041,PICHINCHA,QUITO,QUITO,URBANA,2018-03-29,19:19:00,19,JUEVES,4,MARZO,3,SI,"PRESENCIA DE AGENTES EXTERNOS EN LA VIA (AGUA, ACEITE, PIEDRA, LASTRE, ESCOMBROS, MADEROS, ETC.).",VOLCAMIENTOS,MOTOCICLETA,0,0,0,0,0,0,0,0,1,0,0,0,0,1,53,HOMBRE,ILESO,CONDUCTOR PRESENTE,NO,NO,0
11286,34970,34971,2018,1,0,-0.254691,-78.504321,PICHINCHA,QUITO,QUITO,URBANA,2018-03-29,19:25:00,19,JUEVES,4,MARZO,3,SI,NO CEDER EL DERECHO DE VIA O PREFERENCIA DE PASO AL PEATON.,ATROPELLOS,NO IDENTIFICADO,0,0,0,0,0,0,0,0,0,1,0,0,0,1,53,HOMBRE,LESIONADO,CONDUCTOR PRESENTE,NO,NO,0
11287,34971,34972,2018,0,0,-0.519551,-78.576338,PICHINCHA,MEJIA,MACHACHI,URBANA,2018-03-29,19:40:00,19,JUEVES,4,MARZO,3,SI,"CONDUCE BAJO LA INFLUENCIA DE ALCOHOL, SUSTANCIAS ESTUPEFACIENTES O PSICOTROPICAS Y/O MEDICAMENTOS.",ESTRELLAMIENTOS,AUTOMOVIL,1,0,1,0,0,0,0,0,0,0,0,0,0,2,48,HOMBRE,ILESO,CONDUCTOR PRESENTE,NO,NO,0
11288,34976,34977,2018,0,0,-0.255301,-78.505611,PICHINCHA,QUITO,QUITO,URBANA,2018-03-29,20:30:00,20,JUEVES,4,MARZO,3,SI,"CONDUCE BAJO LA INFLUENCIA DE ALCOHOL, SUSTANCIAS ESTUPEFACIENTES O PSICOTROPICAS Y/O MEDICAMENTOS.",CHOQUE LATERAL,AUTOMOVIL,2,0,0,0,0,0,0,0,0,0,0,0,0,2,72,HOMBRE,ILESO,CONDUCTOR PRESENTE,NO,NO,0
11289,34979,34980,2018,1,0,-0.114381,-78.494591,PICHINCHA,QUITO,QUITO,URBANA,2018-03-29,20:40:00,20,JUEVES,4,MARZO,3,SI,NO CEDER EL DERECHO DE VIA O PREFERENCIA DE PASO AL PEATON.,ATROPELLOS,AUTOMOVIL,1,0,0,0,0,0,0,0,0,0,0,0,0,1,55,HOMBRE,LESIONADO,CONDUCTOR PRESENTE,NO,NO,0
11290,34980,34981,2018,0,0,-0.237671,-78.484691,PICHINCHA,QUITO,QUITO,URBANA,2018-03-29,20:40:00,20,JUEVES,4,MARZO,3,SI,"NO RESPETAR LAS SENIALES REGLAMENTARIAS DE TRANSITO. (PARE, CEDA EL PASO, LUZ ROJA DEL SEMAFORO, ETC).",ESTRELLAMIENTOS,AUTOMOVIL,2,0,0,0,0,0,0,0,0,0,0,0,0,2,31,HOMBRE,ILESO,CONDUCTOR PRESENTE,NO,NO,0
11291,34985,34986,2018,0,0,-0.299621,-78.524241,PICHINCHA,QUITO,QUITO,URBANA,2018-03-29,22:00:00,22,JUEVES,4,MARZO,3,SI,NO MANTENER LA DISTANCIA PRUDENCIAL CON RESPECTO AL VEHICULO QUE LE ANTECEDE.,CHOQUE POSTERIOR,AUTOMOVIL,2,0,0,0,0,0,0,0,0,0,0,0,0,2,25,HOMBRE,ILESO,CONDUCTOR PRESENTE,NO,NO,0
11292,34987,34988,2018,0,0,-0.099741,-78.452681,PICHINCHA,QUITO,CALDERON (CARAPUNGO),URBANA,2018-03-29,22:45:00,22,JUEVES,4,MARZO,3,SI,"CONDUCE BAJO LA INFLUENCIA DE ALCOHOL, SUSTANCIAS ESTUPEFACIENTES O PSICOTROPICAS Y/O MEDICAMENTOS.",CHOQUE LATERAL,AUTOMOVIL,2,0,0,0,0,0,0,0,0,0,0,0,0,2,40,HOMBRE,ILESO,CONDUCTOR PRESENTE,NO,NO,0
11293,34991,34992,2018,0,0,-0.221791,-78.521701,PICHINCHA,QUITO,QUITO,URBANA,2018-03-30,00:10:00,0,VIERNES,5,MARZO,3,SI,CONDUCIR VEHICULO SUPERANDO LOS LIMITES MAXIMOS DE VELOCIDAD.,ESTRELLAMIENTOS,AUTOMOVIL,1,0,0,0,0,0,0,0,0,0,0,0,0,1,29,HOMBRE,ILESO,CONDUCTOR PRESENTE,NO,NO,0
11294,34993,34994,2018,1,0,-0.175521,-78.488371,PICHINCHA,QUITO,QUITO,URBANA,2018-03-30,00:15:00,0,VIERNES,5,MARZO,3,SI,"CONDUCIR DESATENTO A LAS CONDICIONES DE TRANSITO (CELULAR, PANTALLAS DE VIDEO, COMIDA, MAQUILLAJE O CUALQUIER OTRO ELEMENTO DISTRACTOR).",ESTRELLAMIENTOS,AUTOMOVIL,1,0,0,0,0,0,0,0,0,1,0,0,0,2,-1,NO IDENTIFICADO,LESIONADO,CONDUCTOR PRESENTE,NO,NO,2
11295,34994,34995,2018,1,0,-0.272981,-78.529361,PICHINCHA,QUITO,QUITO,URBANA,2018-03-30,00:15:00,0,VIERNES,5,MARZO,3,SI,"NO RESPETAR LAS SENIALES REGLAMENTARIAS DE TRANSITO. (PARE, CEDA EL PASO, LUZ ROJA DEL SEMAFORO, ETC).",CHOQUE LATERAL,MOTOCICLETA,0,0,0,0,0,0,0,0,1,1,0,0,0,2,72,MUJER,LESIONADO,PEATON,NO,NO,0
11296,34996,34997,2018,0,0,-0.273311,-78.568201,PICHINCHA,QUITO,QUITO,URBANA,2018-03-30,00:55:00,0,VIERNES,5,MARZO,3,SI,"CASO FORTUITO O FUERZA MAYOR (EXPLOSION DE NEUMATICO NUEVO, DERRUMBE, INUNDACION, CAIDA DE PUENTE, ARBOL, PRESENCIA INTEMPESTIVA E IMPREVISTA DE SEMOVIENTES EN LA VIA, ETC.).",ESTRELLAMIENTOS,AUTOMOVIL,1,0,0,0,0,0,0,0,0,0,0,0,0,1,21,HOMBRE,ILESO,PASAJERO,NO,NO,0
11297,34998,34999,2018,0,0,-0.098141,-78.470211,PICHINCHA,QUITO,QUITO,URBANA,2018-03-30,01:00:00,1,VIERNES,5,MARZO,3,SI,"PRESENCIA DE AGENTES EXTERNOS EN LA VIA (AGUA, ACEITE, PIEDRA, LASTRE, ESCOMBROS, MADEROS, ETC.).",PERDIDA DE PISTA,MOTOCICLETA,0,0,0,0,0,0,0,0,1,0,0,0,0,1,-1,NO IDENTIFICADO,NO IDENTIFICADO,CONDUCTOR AUSENTE,NO,NO,2
11298,34999,35000,2018,0,0,-0.089297,-78.393036,PICHINCHA,QUITO,CALDERON (CARAPUNGO),RURAL,2018-03-30,01:00:00,1,VIERNES,5,MARZO,3,SI,"CONDUCIR DESATENTO A LAS CONDICIONES DE TRANSITO (CELULAR, PANTALLAS DE VIDEO, COMIDA, MAQUILLAJE O CUALQUIER OTRO ELEMENTO DISTRACTOR).",PERDIDA DE PISTA,VEHICULO DEPORTIVO UTILITARIO,0,0,0,0,0,0,0,0,0,0,0,0,1,1,37,MUJER,ILESO,CONDUCTOR PRESENTE,NO,NO,3
11299,35001,35002,2018,0,0,-0.111744,-78.481204,PICHINCHA,QUITO,QUITO,URBANA,2018-03-30,01:25:00,1,VIERNES,5,MARZO,3,SI,CONDUCIR VEHICULO SUPERANDO LOS LIMITES MAXIMOS DE VELOCIDAD.,CHOQUE POSTERIOR,AUTOMOVIL,1,0,0,0,0,0,0,0,0,0,0,0,0,1,31,HOMBRE,ILESO,PASAJERO,NO,NO,0
11300,35002,35003,2018,3,0,-0.240221,-78.531311,PICHINCHA,QUITO,QUITO,URBANA,2018-03-30,01:25:00,1,VIERNES,5,MARZO,3,SI,"NO RESPETAR LAS SENIALES REGLAMENTARIAS DE TRANSITO. (PARE, CEDA EL PASO, LUZ ROJA DEL SEMAFORO, ETC).",CHOQUE LATERAL,MOTOCICLETA,0,0,0,0,0,0,0,0,1,1,0,0,0,2,-1,NO IDENTIFICADO,LESIONADO,CONDUCTOR PRESENTE,NO,NO,2
11301,35005,35006,2018,1,0,-0.291131,-78.524161,PICHINCHA,QUITO,QUITO,URBANA,2018-03-30,01:40:00,1,VIERNES,5,MARZO,3,SI,NO MANTENER LA DISTANCIA PRUDENCIAL CON RESPECTO AL VEHICULO QUE LE ANTECEDE.,CHOQUE POSTERIOR,AUTOMOVIL,1,0,0,0,0,0,0,0,0,1,0,0,0,2,-1,NO IDENTIFICADO,LESIONADO,CONDUCTOR PRESENTE,NO,NO,2
11302,35008,35009,2018,1,0,-0.328831,-78.560631,PICHINCHA,QUITO,QUITO,URBANA,2018-03-30,02:30:00,2,VIERNES,5,MARZO,3,SI,"CONDUCE BAJO LA INFLUENCIA DE ALCOHOL, SUSTANCIAS ESTUPEFACIENTES O PSICOTROPICAS Y/O MEDICAMENTOS.",ESTRELLAMIENTOS,AUTOMOVIL,1,0,0,1,0,0,0,0,0,0,0,0,0,2,30,HOMBRE,LESIONADO,CONDUCTOR PRESENTE,NO,NO,0
11303,35013,35014,2018,0,0,-0.430101,-78.783231,PICHINCHA,MEJIA,MANUEL CORNEJO ASTORGA,RURAL,2018-03-30,03:45:00,3,VIERNES,5,MARZO,3,SI,"CONDUCIR DESATENTO A LAS CONDICIONES DE TRANSITO (CELULAR, PANTALLAS DE VIDEO, COMIDA, MAQUILLAJE O CUALQUIER OTRO ELEMENTO DISTRACTOR).",CHOQUE FRONTAL,VEHICULO DEPORTIVO UTILITARIO,1,0,0,0,0,0,0,0,0,0,0,0,1,2,47,HOMBRE,ILESO,PASAJERO,NO,NO,3
11304,35016,35017,2018,0,0,-0.099081,-78.421841,PICHINCHA,QUITO,CALDERON (CARAPUNGO),URBANA,2018-03-30,05:00:00,5,VIERNES,5,MARZO,3,SI,CONDUCIR VEHICULO SUPERANDO LOS LIMITES MAXIMOS DE VELOCIDAD.,PERDIDA DE PISTA,AUTOMOVIL,1,0,0,0,0,0,0,0,0,0,0,0,0,1,42,HOMBRE,ILESO,PASAJERO,NO,NO,0
11305,35018,35019,2018,2,1,-0.291177,-78.545891,PICHINCHA,QUITO,QUITO,URBANA,2018-03-30,05:30:00,5,VIERNES,5,MARZO,3,SI,NO GUARDAR LA DISTANCIA LATERAL MINIMA DE SEGURIDAD ENTRE VEHICULOS.,CHOQUE LATERAL,BUS,1,0,1,0,0,0,0,0,0,0,0,0,0,2,-1,HOMBRE,FALLECIDO,PASAJERO,NO,NO,0
11306,35024,35025,2018,1,0,-0.276481,-78.552311,PICHINCHA,QUITO,QUITO,URBANA,2018-03-30,07:45:00,7,VIERNES,5,MARZO,3,SI,"NO RESPETAR LAS SENIALES REGLAMENTARIAS DE TRANSITO. (PARE, CEDA EL PASO, LUZ ROJA DEL SEMAFORO, ETC).",ESTRELLAMIENTOS,MOTOCICLETA,0,0,0,0,0,0,0,0,1,0,0,0,0,1,28,HOMBRE,LESIONADO,CONDUCTOR PRESENTE,NO,NO,0