,Unnamed: 0,ID,ANIO,LESIONADOS,FALLECIDOS,LATITUD_Y,LONGITUD_X,PROVINCIA,CANTON,PARROQUIA,ZONA,FECHA,HORA,PERIODO_2,DIA_1,DIA_2,MES_1,MES_2,FERIADO,CAUSA_PROBABLE,TIPO_DE_SINIESTRO,TIPO_DE_VEHICULO_1,AUTOMOVIL,BICICLETA,BUS,CAMION,CAMIONETA,EMERGENCIAS,ESPECIAL,FURGONETA,MOTOCICLETA,NO_IDENTIFICADO,SCOOTER_ELECTRICO,TRICIMOTO,VEHICULO_DEPORTIVO_UTILITARIO,SUMA_DE_VEHICULOS,EDAD_1,SEXO_1,CONDICION_1,PARTICIPANTE_1,CASCO_1,CINTURON_1,KMeans_Cluster
11307,35026,35027,2018,0,0,-0.161461,-78.487361,PICHINCHA,QUITO,QUITO,URBANA,2018-03-30,08:50:00,8,VIERNES,5,MARZO,3,SI,"NO RESPETAR LAS SENIALES REGLAMENTARIAS DE TRANSITO. (PARE, CEDA EL PASO, LUZ ROJA DEL SEMAFORO, ETC).",CHOQUE LATERAL,AUTOMOVIL,2,0,0,0,0,0,0,0,0,0,0,0,0,2,25,HOMBRE,ILESO,CONDUCTOR PRESENTE,NO,NO,0
11308,35027,35028,2018,0,0,-0.241291,-78.532191,PICHINCHA,QUITO,QUITO,URBANA,2018-03-30,08:50:00,8,VIERNES,5,MARZO,3,SI,"CONDUCE BAJO LA INFLUENCIA DE ALCOHOL, SUSTANCIAS ESTUPEFACIENTES O PSICOTROPICAS Y/O MEDICAMENTOS.",CHOQUE POSTERIOR,AUTOMOVIL,2,0,0,0,0,0,0,0,0,0,0,0,0,2,22,MUJER,ILESO,PASAJERO,NO,NO,0
11309,35029,35030,2018,1,0,-0.058111,-78.344101,PICHINCHA,QUITO,GUAYLLABAMBA,RURAL,2018-03-30,09:30:00,9,VIERNES,5,MARZO,3,SI,DEJAR O RECOGER PASAJEROS EN LUGARES NO PERMITIDOS.,CAIDA DE PASAJERO,BUS,0,0,1,0,0,0,0,0,0,0,0,0,0,1,-1,NO IDENTIFICADO,LESIONADO,CONDUCTOR PRESENTE,NO,NO,2
11310,35030,35031,2018,0,0,-0.289061,-78.561901,PICHINCHA,QUITO,QUITO,URBANA,2018-03-30,10:00:00,10,VIERNES,5,MARZO,3,SI,CONDUCIR VEHICULO SUPERANDO LOS LIMITES MAXIMOS DE VELOCIDAD.,OTROS,CAMIONETA,1,0,0,0,1,0,0,0,0,0,0,0,0,2,18,HOMBRE,ILESO,CONDUCTOR PRESENTE,NO,NO,0
11311,35032,35033,2018,2,0,-0.304711,-78.416501,PICHINCHA,QUITO,ALANGASI,URBANA,2018-03-30,10:20:00,10,VIERNES,5,MARZO,3,SI,"CASO FORTUITO O FUERZA MAYOR (EXPLOSION DE NEUMATICO NUEVO, DERRUMBE, INUNDACION, CAIDA DE PUENTE, ARBOL, PRESENCIA INTEMPESTIVA E IMPREVISTA DE SEMOVIENTES EN LA VIA, ETC.).",OTROS,NO IDENTIFICADO,0,0,0,0,0,0,0,0,0,1,0,0,0,1,-1,NO IDENTIFICADO,LESIONADO,CONDUCTOR PRESENTE,NO,NO,2
11312,35033,35034,2018,1,0,-0.105381,-78.497731,PICHINCHA,QUITO,QUITO,URBANA,2018-03-30,10:20:00,10,VIERNES,5,MARZO,3,SI,NO GUARDAR LA DISTANCIA LATERAL MINIMA DE SEGURIDAD ENTRE VEHICULOS.,CHOQUE LATERAL,MOTOCICLETA,0,0,0,0,0,0,0,0,1,0,0,0,0,1,31,HOMBRE,LESIONADO,CONDUCTOR PRESENTE,NO,NO,0
11313,35034,35035,2018,0,0,-0.139241,-78.501291,PICHINCHA,QUITO,QUITO,URBANA,2018-03-30,10:52:00,10,VIERNES,5,MARZO,3,SI,"CASO FORTUITO O FUERZA MAYOR (EXPLOSION DE NEUMATICO NUEVO, DERRUMBE, INUNDACION, CAIDA DE PUENTE, ARBOL, PRESENCIA INTEMPESTIVA E IMPREVISTA DE SEMOVIENTES EN LA VIA, ETC.).",OTROS,AUTOMOVIL,1,0,0,0,0,0,0,0,0,0,0,0,0,1,36,HOMBRE,ILESO,CONDUCTOR PRESENTE,NO,NO,0
11314,35040,35041,2018,1,0,-0.162021,-78.318221,PICHINCHA,QUITO,YARUQUI,RURAL,2018-03-30,14:20:00,14,VIERNES,5,MARZO,3,SI,"CONDUCIR DESATENTO A LAS CONDICIONES DE TRANSITO (CELULAR, PANTALLAS DE VIDEO, COMIDA, MAQUILLAJE O CUALQUIER OTRO ELEMENTO DISTRACTOR).",ATROPELLOS,AUTOMOVIL,1,0,0,0,0,0,0,0,0,0,0,0,0,1,55,MUJER,LESIONADO,PEATON,NO,NO,3
11315,35043,35044,2018,0,0,-0.203471,-78.503011,PICHINCHA,QUITO,QUITO,URBANA,2018-03-30,16:30:00,16,VIERNES,5,MARZO,3,SI,"CASO FORTUITO O FUERZA MAYOR (EXPLOSION DE NEUMATICO NUEVO, DERRUMBE, INUNDACION, CAIDA DE PUENTE, ARBOL, PRESENCIA INTEMPESTIVA E IMPREVISTA DE SEMOVIENTES EN LA VIA, ETC.).",CHOQUE LATERAL,AUTOMOVIL,2,0,0,0,0,0,0,0,0,0,0,0,0,2,59,HOMBRE,ILESO,CONDUCTOR PRESENTE,NO,NO,0
11316,35047,35048,2018,0,0,-0.292132,-78.464321,PICHINCHA,QUITO,CONOCOTO,URBANA,2018-03-30,18:50:00,18,VIERNES,5,MARZO,3,SI,"NO RESPETAR LAS SENIALES REGLAMENTARIAS DE TRANSITO. (PARE, CEDA EL PASO, LUZ ROJA DEL SEMAFORO, ETC).",CHOQUE LATERAL,AUTOMOVIL,2,0,0,0,0,0,0,0,0,0,0,0,0,2,36,HOMBRE,ILESO,PASAJERO,NO,NO,0
11317,35051,35052,2018,2,0,-0.352311,-78.549551,PICHINCHA,QUITO,QUITO,URBANA,2018-03-30,19:30:00,19,VIERNES,5,MARZO,3,SI,"CONDUCE BAJO LA INFLUENCIA DE ALCOHOL, SUSTANCIAS ESTUPEFACIENTES O PSICOTROPICAS Y/O MEDICAMENTOS.",ATROPELLOS,AUTOMOVIL,1,0,0,0,0,0,0,0,0,0,0,0,0,1,27,HOMBRE,LESIONADO,CONDUCTOR PRESENTE,NO,NO,0
11318,35057,35058,2018,1,0,-0.165651,-78.489241,PICHINCHA,QUITO,QUITO,URBANA,2018-03-30,22:30:00,22,VIERNES,5,MARZO,3,SI,NO CEDER EL DERECHO DE VIA O PREFERENCIA DE PASO AL PEATON.,ATROPELLOS,AUTOMOVIL,2,0,0,0,0,0,0,0,0,0,0,0,0,2,57,HOMBRE,LESIONADO,CONDUCTOR PRESENTE,NO,NO,0
11319,35062,35063,2018,1,0,-0.296811,-78.552731,PICHINCHA,QUITO,QUITO,URBANA,2018-03-31,00:30:00,0,SABADO,6,MARZO,3,SI,"FALLA MECANICA EN LOS SISTEMAS Y/O NEUMATICOS (SISTEMA DE FRENOS, DIRECCION, ELECTRONICO O MECANICO).",PERDIDA DE PISTA,MOTOCICLETA,0,0,0,0,0,0,0,0,1,0,0,0,0,1,18,MUJER,LESIONADO,PASAJERO,NO,NO,0
11320,35064,35065,2018,0,0,-0.251321,-78.513951,PICHINCHA,QUITO,QUITO,URBANA,2018-03-31,01:30:00,1,SABADO,6,MARZO,3,SI,CONDUCIR VEHICULO SUPERANDO LOS LIMITES MAXIMOS DE VELOCIDAD.,ESTRELLAMIENTOS,AUTOMOVIL,1,0,0,0,0,0,0,0,0,0,0,0,0,1,-1,NO IDENTIFICADO,NO IDENTIFICADO,CONDUCTOR AUSENTE,NO,NO,2
11321,35066,35067,2018,1,0,-0.096231,-78.467521,PICHINCHA,QUITO,QUITO,URBANA,2018-03-31,02:45:00,2,SABADO,6,MARZO,3,SI,"CONDICIONES AMBIENTALES Y/O ATMOSFERICAS (NIEBLA, NEBLINA, GRANIZO, LLUVIA).",PERDIDA DE PISTA,MOTOCICLETA,0,0,0,0,0,0,0,0,1,0,0,0,0,1,46,MUJER,LESIONADO,CONDUCTOR PRESENTE,NO,NO,0
11322,35067,35068,2018,1,0,-0.224791,-78.428681,PICHINCHA,QUITO,TUMBACO,URBANA,2018-03-31,04:45:00,4,SABADO,6,MARZO,3,SI,"CONDUCIR EN ESTADO DE SOMNOLENCIA O MALAS CONDICIONES FISICAS (SUENIO, CANSANCIO Y FATIGA).",ESTRELLAMIENTOS,MOTOCICLETA,0,0,0,0,0,0,0,0,1,0,0,0,0,1,56,HOMBRE,LESIONADO,PEATON,NO,NO,0
11323,35082,35083,2018,1,0,-0.172276,-78.498976,PICHINCHA,QUITO,QUITO,URBANA,2018-03-31,11:00:00,11,SABADO,6,MARZO,3,SI,NO GUARDAR LA DISTANCIA LATERAL MINIMA DE SEGURIDAD ENTRE VEHICULOS.,CHOQUE LATERAL,AUTOMOVIL,1,0,0,0,0,0,0,0,0,0,0,0,0,1,27,HOMBRE,LESIONADO,CONDUCTOR PRESENTE,NO,NO,0
11324,35083,35084,2018,1,0,-0.208501,-78.485711,PICHINCHA,QUITO,QUITO,URBANA,2018-03-31,11:37:00,11,SABADO,6,MARZO,3,SI,REALIZAR CAMBIO BRUSCO O INDEBIDO DE CARRIL.,CHOQUE LATERAL,AUTOMOVIL,1,0,0,0,0,0,0,0,1,0,0,0,0,2,26,HOMBRE,LESIONADO,CONDUCTOR PRESENTE,NO,NO,0
11325,35092,35093,2018,2,0,-0.188101,-78.476861,PICHINCHA,QUITO,QUITO,URBANA,2018-03-31,14:00:00,14,SABADO,6,MARZO,3,SI,"FALLA MECANICA EN LOS SISTEMAS Y/O NEUMATICOS (SISTEMA DE FRENOS, DIRECCION, ELECTRONICO O MECANICO).",ESTRELLAMIENTOS,AUTOMOVIL,1,0,0,0,0,0,0,0,0,0,0,0,0,1,23,HOMBRE,LESIONADO,CONDUCTOR PRESENTE,NO,NO,0
11326,35095,35096,2018,2,0,-0.250771,-78.514599,PICHINCHA,QUITO,QUITO,URBANA,2018-03-31,15:26:00,15,SABADO,6,MARZO,3,SI,"CASO FORTUITO O FUERZA MAYOR (EXPLOSION DE NEUMATICO NUEVO, DERRUMBE, INUNDACION, CAIDA DE PUENTE, ARBOL, PRESENCIA INTEMPESTIVA E IMPREVISTA DE SEMOVIENTES EN LA VIA, ETC.).",OTROS,NO IDENTIFICADO,0,0,0,0,0,0,0,0,0,1,0,0,0,1,-1,NO IDENTIFICADO,LESIONADO,CONDUCTOR PRESENTE,NO,NO,2
11327,35096,35097,2018,3,0,-0.174891,-78.501171,PICHINCHA,QUITO,QUITO,URBANA,2018-03-31,15:50:00,15,SABADO,6,MARZO,3,SI,"CONDICIONES AMBIENTALES Y/O ATMOSFERICAS (NIEBLA, NEBLINA, GRANIZO, LLUVIA).",CHOQUE LATERAL,AUTOMOVIL,1,0,0,1,0,0,0,0,0,0,0,0,0,2,30,MUJER,LESIONADO,CONDUCTOR PRESENTE,NO,NO,0
11328,35097,35098,2018,0,0,0.082057,-78.192957,PICHINCHA,PEDRO MONCAYO,TUPIGACHI,RURAL,2018-03-31,15:50:00,15,SABADO,6,MARZO,3,SI,"CONDUCIR DESATENTO A LAS CONDICIONES DE TRANSITO (CELULAR, PANTALLAS DE VIDEO, COMIDA, MAQUILLAJE O CUALQUIER OTRO ELEMENTO DISTRACTOR).",CHOQUE FRONTAL,CAMIONETA,1,0,0,0,1,0,0,0,0,0,0,0,0,2,27,HOMBRE,ILESO,CONDUCTOR PRESENTE,NO,NO,3
11329,35100,35101,2018,0,0,-0.133284,-78.496057,PICHINCHA,QUITO,QUITO,URBANA,2018-03-31,16:30:00,16,SABADO,6,MARZO,3,SI,"CASO FORTUITO O FUERZA MAYOR (EXPLOSION DE NEUMATICO NUEVO, DERRUMBE, INUNDACION, CAIDA DE PUENTE, ARBOL, PRESENCIA INTEMPESTIVA E IMPREVISTA DE SEMOVIENTES EN LA VIA, ETC.).",CHOQUE POSTERIOR,AUTOMOVIL,1,0,0,0,0,0,0,0,0,0,0,0,0,1,18,HOMBRE,ILESO,CONDUCTOR PRESENTE,NO,NO,0
11330,35104,35105,2018,1,0,0.046137,-78.208681,PICHINCHA,PEDRO MONCAYO,TABACUNDO,URBANA,2018-03-31,17:50:00,17,SABADO,6,MARZO,3,SI,NO GUARDAR LA DISTANCIA LATERAL MINIMA DE SEGURIDAD ENTRE VEHICULOS.,CHOQUE LATERAL,MOTOCICLETA,0,0,0,0,0,0,0,0,1,1,0,0,0,2,29,HOMBRE,LESIONADO,CONDUCTOR PRESENTE,NO,NO,0
11331,35106,35107,2018,1,0,-0.245331,-78.534071,PICHINCHA,QUITO,QUITO,URBANA,2018-03-31,18:20:00,18,SABADO,6,MARZO,3,SI,NO TRANSITAR POR LAS ACERAS O ZONAS DE SEGURIDAD DESTINADAS PARA EL EFECTO.,ATROPELLOS,MOTOCICLETA,0,0,0,0,0,0,0,0,1,0,0,0,0,1,30,MUJER,LESIONADO,PEATON,NO,NO,0
11332,35107,35108,2018,0,0,-0.318581,-78.549281,PICHINCHA,QUITO,QUITO,URBANA,2018-03-31,18:50:00,18,SABADO,6,MARZO,3,SI,"CONDICIONES AMBIENTALES Y/O ATMOSFERICAS (NIEBLA, NEBLINA, GRANIZO, LLUVIA).",PERDIDA DE PISTA,AUTOMOVIL,1,0,0,0,0,0,0,0,0,0,0,0,0,1,23,HOMBRE,ILESO,CONDUCTOR PRESENTE,NO,NO,0
11333,35120,35121,2018,1,0,-0.105381,-78.497731,PICHINCHA,QUITO,QUITO,URBANA,2018-03-31,20:15:00,20,SABADO,6,MARZO,3,SI,NO CEDER EL DERECHO DE VIA O PREFERENCIA DE PASO AL PEATON.,ATROPELLOS,NO IDENTIFICADO,0,0,0,0,0,0,0,0,0,1,0,0,0,1,70,HOMBRE,LESIONADO,CONDUCTOR PRESENTE,NO,NO,0
11334,35123,35124,2018,3,0,0.042515,-78.146065,PICHINCHA,CAYAMBE,CAYAMBE,URBANA,2018-03-31,20:45:00,20,SABADO,6,MARZO,3,SI,"CONDUCE BAJO LA INFLUENCIA DE ALCOHOL, SUSTANCIAS ESTUPEFACIENTES O PSICOTROPICAS Y/O MEDICAMENTOS.",ATROPELLOS,AUTOMOVIL,1,0,0,0,0,0,0,0,0,0,0,0,0,1,44,MUJER,LESIONADO,PEATON,NO,NO,0
11335,35124,35125,2018,1,0,-0.262671,-78.538051,PICHINCHA,QUITO,QUITO,URBANA,2018-03-31,21:35:00,21,SABADO,6,MARZO,3,SI,PEATON QUE CRUZA LA CALZADA SIN RESPETAR LA SENIALIZACION EXISTENTE (SEMAFOROS O SENIALES MANUALES).,ATROPELLOS,NO IDENTIFICADO,0,0,0,0,0,0,0,0,0,1,0,0,0,1,-1,NO IDENTIFICADO,LESIONADO,CONDUCTOR PRESENTE,NO,NO,2
11336,35126,35127,2018,0,0,-0.183461,-78.482151,PICHINCHA,QUITO,QUITO,URBANA,2018-03-31,22:30:00,22,SABADO,6,MARZO,3,SI,"CONDICIONES AMBIENTALES Y/O ATMOSFERICAS (NIEBLA, NEBLINA, GRANIZO, LLUVIA).",ESTRELLAMIENTOS,AUTOMOVIL,1,0,0,0,0,0,0,0,0,0,0,0,0,1,35,HOMBRE,ILESO,CONDUCTOR PRESENTE,NO,NO,0
11337,35129,35130,2018,0,0,-0.163291,-78.462561,PICHINCHA,QUITO,QUITO,URBANA,2018-03-31,23:43:00,23,SABADO,6,MARZO,3,SI,"CONDICIONES AMBIENTALES Y/O ATMOSFERICAS (NIEBLA, NEBLINA, GRANIZO, LLUVIA).",ESTRELLAMIENTOS,AUTOMOVIL,1,0,0,0,0,0,0,0,0,0,0,0,0,1,-1,NO IDENTIFICADO,NO IDENTIFICADO,CONDUCTOR AUSENTE,NO,NO,2
11338,35134,35135,2018,0,0,-0.086298,-78.399814,PICHINCHA,QUITO,CALDERON (CARAPUNGO),RURAL,2018-04-01,00:50:00,0,DOMINGO,7,ABRIL,4,SI,"CONDICIONES AMBIENTALES Y/O ATMOSFERICAS (NIEBLA, NEBLINA, GRANIZO, LLUVIA).",PERDIDA DE PISTA,VEHICULO DEPORTIVO UTILITARIO,1,0,0,0,0,0,0,0,0,0,0,0,1,2,50,HOMBRE,ILESO,CONDUCTOR PRESENTE,NO,NO,3
11339,35141,35142,2018,0,0,-0.185623,-78.343085,PICHINCHA,QUITO,TABABELA,URBANA,2018-04-01,03:02:00,3,DOMINGO,7,ABRIL,4,SI,"CONDICIONES AMBIENTALES Y/O ATMOSFERICAS (NIEBLA, NEBLINA, GRANIZO, LLUVIA).",PERDIDA DE PISTA,AUTOMOVIL,1,0,0,0,0,0,0,0,0,0,0,0,0,1,-1,NO IDENTIFICADO,NO IDENTIFICADO,CONDUCTOR AUSENTE,NO,NO,2
11340,35142,35143,2018,0,0,-0.093287,-78.476301,PICHINCHA,QUITO,QUITO,URBANA,2018-04-01,03:05:00,3,DOMINGO,7,ABRIL,4,SI,"CONDICIONES AMBIENTALES Y/O ATMOSFERICAS (NIEBLA, NEBLINA, GRANIZO, LLUVIA).",ESTRELLAMIENTOS,AUTOMOVIL,1,0,0,0,0,0,0,0,0,0,0,0,0,1,-1,NO IDENTIFICADO,NO IDENTIFICADO,CONDUCTOR AUSENTE,NO,NO,2
11341,35146,35147,2018,0,0,-0.161774,-78.497732,PICHINCHA,QUITO,QUITO,URBANA,2018-04-01,05:00:00,5,DOMINGO,7,ABRIL,4,SI,"CONDICIONES AMBIENTALES Y/O ATMOSFERICAS (NIEBLA, NEBLINA, GRANIZO, LLUVIA).",OTROS,NO IDENTIFICADO,0,0,0,0,0,0,0,0,0,1,0,0,0,1,-1,NO IDENTIFICADO,NO IDENTIFICADO,CONDUCTOR AUSENTE,NO,NO,2
11342,35148,35149,2018,0,0,-0.308946,-78.562583,PICHINCHA,QUITO,QUITO,URBANA,2018-04-01,05:30:00,5,DOMINGO,7,ABRIL,4,SI,"CONDICIONES AMBIENTALES Y/O ATMOSFERICAS (NIEBLA, NEBLINA, GRANIZO, LLUVIA).",ESTRELLAMIENTOS,CAMIONETA,0,0,0,0,1,0,0,0,0,0,0,0,0,1,-1,NO IDENTIFICADO,NO IDENTIFICADO,CONDUCTOR AUSENTE,NO,NO,2
11343,35149,35150,2018,2,0,-0.129112,-78.498255,PICHINCHA,QUITO,QUITO,URBANA,2018-04-01,05:50:00,5,DOMINGO,7,ABRIL,4,SI,"CONDICIONES AMBIENTALES Y/O ATMOSFERICAS (NIEBLA, NEBLINA, GRANIZO, LLUVIA).",CHOQUE LATERAL,AUTOMOVIL,1,0,0,0,0,0,0,0,0,0,0,0,0,1,21,MUJER,LESIONADO,CONDUCTOR PRESENTE,NO,NO,2
11344,35152,35153,2018,0,0,-0.257347,-78.540434,PICHINCHA,QUITO,QUITO,URBANA,2018-04-01,07:30:00,7,DOMINGO,7,ABRIL,4,SI,CONDUCIR VEHICULO SUPERANDO LOS LIMITES MAXIMOS DE VELOCIDAD.,COLISION,AUTOMOVIL,2,0,0,0,1,0,0,0,0,0,0,0,0,3,21,HOMBRE,ILESO,CONDUCTOR PRESENTE,NO,NO,0
11345,35156,35157,2018,0,1,-0.237587,-78.484667,PICHINCHA,QUITO,QUITO,URBANA,2018-04-01,09:05:00,9,DOMINGO,7,ABRIL,4,SI,"CASO FORTUITO O FUERZA MAYOR (EXPLOSION DE NEUMATICO NUEVO, DERRUMBE, INUNDACION, CAIDA DE PUENTE, ARBOL, PRESENCIA INTEMPESTIVA E IMPREVISTA DE SEMOVIENTES EN LA VIA, ETC.).",ESTRELLAMIENTOS,MOTOCICLETA,0,0,0,0,0,0,0,0,1,0,0,0,0,1,40,HOMBRE,FALLECIDO,CONDUCTOR PRESENTE,NO,NO,0
11346,35169,35170,2018,0,0,-0.105373,-78.462381,PICHINCHA,QUITO,QUITO,URBANA,2018-04-01,15:10:00,15,DOMINGO,7,ABRIL,4,SI,"FALLA MECANICA EN LOS SISTEMAS Y/O NEUMATICOS (SISTEMA DE FRENOS, DIRECCION, ELECTRONICO O MECANICO).",ESTRELLAMIENTOS,AUTOMOVIL,1,0,0,0,0,0,0,0,0,0,0,0,0,1,64,HOMBRE,ILESO,CONDUCTOR PRESENTE,NO,NO,0
11347,35170,35171,2018,1,0,-0.116945,-78.486503,PICHINCHA,QUITO,QUITO,URBANA,2018-04-01,15:25:00,15,DOMINGO,7,ABRIL,4,SI,"CONDICIONES AMBIENTALES Y/O ATMOSFERICAS (NIEBLA, NEBLINA, GRANIZO, LLUVIA).",VOLCAMIENTOS,MOTOCICLETA,0,0,0,0,0,0,0,0,1,0,0,0,0,1,58,MUJER,LESIONADO,CONDUCTOR PRESENTE,NO,NO,0
11348,35177,35178,2018,0,0,-0.322345,-78.554165,PICHINCHA,QUITO,QUITO,URBANA,2018-04-01,17:10:00,17,DOMINGO,7,ABRIL,4,SI,"CONDICIONES AMBIENTALES Y/O ATMOSFERICAS (NIEBLA, NEBLINA, GRANIZO, LLUVIA).",OTROS,AUTOMOVIL,3,0,0,0,0,0,0,0,0,0,0,0,0,3,49,HOMBRE,ILESO,CONDUCTOR PRESENTE,NO,NO,0
11349,35192,35193,2018,0,0,-0.328479,-78.522294,PICHINCHA,QUITO,QUITO,URBANA,2018-04-01,22:00:00,22,DOMINGO,7,ABRIL,4,SI,"CONDUCE BAJO LA INFLUENCIA DE ALCOHOL, SUSTANCIAS ESTUPEFACIENTES O PSICOTROPICAS Y/O MEDICAMENTOS.",CHOQUE LATERAL,AUTOMOVIL,2,0,0,0,0,0,0,0,0,0,0,0,0,2,38,HOMBRE,ILESO,CONDUCTOR PRESENTE,NO,NO,0
11350,35194,35195,2018,0,0,-0.545897,-78.585131,PICHINCHA,MEJIA,MACHACHI,RURAL,2018-04-01,22:20:00,22,DOMINGO,7,ABRIL,4,SI,"CONDUCIR DESATENTO A LAS CONDICIONES DE TRANSITO (CELULAR, PANTALLAS DE VIDEO, COMIDA, MAQUILLAJE O CUALQUIER OTRO ELEMENTO DISTRACTOR).",CHOQUE POSTERIOR,AUTOMOVIL,1,0,0,1,0,0,0,0,0,0,0,0,0,2,25,HOMBRE,ILESO,CONDUCTOR PRESENTE,NO,NO,3
11351,35199,35200,2018,1,0,-0.160885,-78.495761,PICHINCHA,QUITO,QUITO,URBANA,2018-04-02,04:20:00,4,LUNES,1,ABRIL,4,NO,"PRESENCIA DE AGENTES EXTERNOS EN LA VIA (AGUA, ACEITE, PIEDRA, LASTRE, ESCOMBROS, MADEROS, ETC.).",VOLCAMIENTOS,AUTOMOVIL,1,0,0,0,0,0,0,0,0,0,0,0,0,1,25,HOMBRE,LESIONADO,PASAJERO,NO,NO,0
11352,35201,35202,2018,3,0,0.122515,-78.177071,PICHINCHA,CAYAMBE,SAN JOSE DE AYORA,RURAL,2018-04-02,05:20:00,5,LUNES,1,ABRIL,4,NO,NO GUARDAR LA DISTANCIA LATERAL MINIMA DE SEGURIDAD ENTRE VEHICULOS.,CHOQUE LATERAL,AUTOMOVIL,2,0,0,1,0,0,0,0,0,0,0,0,0,3,36,HOMBRE,LESIONADO,CONDUCTOR PRESENTE,NO,NO,3
11353,35210,35211,2018,0,0,-0.204095,-78.458081,PICHINCHA,QUITO,QUITO,URBANA,2018-04-02,07:35:00,7,LUNES,1,ABRIL,4,NO,"CONDICIONES AMBIENTALES Y/O ATMOSFERICAS (NIEBLA, NEBLINA, GRANIZO, LLUVIA).",ESTRELLAMIENTOS,CAMIONETA,0,0,0,0,1,0,0,0,0,0,0,0,0,1,21,HOMBRE,ILESO,CONDUCTOR PRESENTE,NO,NO,0
11354,35213,35214,2018,1,0,-0.006131,-78.449851,PICHINCHA,QUITO,SAN ANTONIO (QUITO),RURAL,2018-04-02,08:20:00,8,LUNES,1,ABRIL,4,NO,NO TRANSITAR POR LAS ACERAS O ZONAS DE SEGURIDAD DESTINADAS PARA EL EFECTO.,ATROPELLOS,AUTOMOVIL,1,0,0,0,0,0,0,0,0,0,0,0,0,1,85,MUJER,LESIONADO,PEATON,NO,NO,3
11355,35214,35215,2018,0,0,-0.189057,-78.511839,PICHINCHA,QUITO,QUITO,URBANA,2018-04-02,08:35:00,8,LUNES,1,ABRIL,4,NO,NO MANTENER LA DISTANCIA PRUDENCIAL CON RESPECTO AL VEHICULO QUE LE ANTECEDE.,COLISION,AUTOMOVIL,3,0,0,0,0,0,0,0,0,0,0,0,0,3,32,MUJER,ILESO,CONDUCTOR PRESENTE,NO,NO,0
11356,35218,35219,2018,1,0,-0.070765,-78.376116,PICHINCHA,QUITO,CALDERON (CARAPUNGO),RURAL,2018-04-02,09:50:00,9,LUNES,1,ABRIL,4,NO,"CONDICIONES AMBIENTALES Y/O ATMOSFERICAS (NIEBLA, NEBLINA, GRANIZO, LLUVIA).",PERDIDA DE PISTA,CAMIONETA,0,0,0,1,1,0,0,0,0,0,0,0,0,2,26,HOMBRE,LESIONADO,PASAJERO,NO,NO,3
11357,35220,35221,2018,1,0,-0.203771,-78.482927,PICHINCHA,QUITO,QUITO,URBANA,2018-04-02,11:20:00,11,LUNES,1,ABRIL,4,NO,"NO RESPETAR LAS SENIALES REGLAMENTARIAS DE TRANSITO. (PARE, CEDA EL PASO, LUZ ROJA DEL SEMAFORO, ETC).",CHOQUE LATERAL,AUTOMOVIL,1,0,0,0,0,0,0,0,1,0,0,0,0,2,21,HOMBRE,LESIONADO,CONDUCTOR PRESENTE,NO,NO,0
11358,35228,35229,2018,0,0,-0.164852,-78.472751,PICHINCHA,QUITO,QUITO,URBANA,2018-04-02,12:55:00,12,LUNES,1,ABRIL,4,NO,"NO RESPETAR LAS SENIALES REGLAMENTARIAS DE TRANSITO. (PARE, CEDA EL PASO, LUZ ROJA DEL SEMAFORO, ETC).",ESTRELLAMIENTOS,AUTOMOVIL,3,0,0,0,0,0,0,0,0,0,0,0,0,3,19,HOMBRE,ILESO,CONDUCTOR PRESENTE,NO,NO,0
11359,35239,35240,2018,0,0,-0.199767,-78.428809,PICHINCHA,QUITO,CUMBAYA,URBANA,2018-04-02,17:56:00,17,LUNES,1,ABRIL,4,NO,NO TRANSITAR POR LAS ACERAS O ZONAS DE SEGURIDAD DESTINADAS PARA EL EFECTO.,ATROPELLOS,BICICLETA,0,1,0,0,0,0,0,0,0,0,0,0,0,1,21,HOMBRE,ILESO,CONDUCTOR PRESENTE,NO,NO,0
11360,35243,35244,2018,2,0,-0.289258,-78.538371,PICHINCHA,QUITO,QUITO,URBANA,2018-04-02,18:40:00,18,LUNES,1,ABRIL,4,NO,REALIZAR CAMBIO BRUSCO O INDEBIDO DE CARRIL.,PERDIDA DE PISTA,AUTOMOVIL,1,0,0,0,0,0,0,0,0,0,0,0,0,1,17,MUJER,LESIONADO,PASAJERO,NO,NO,0
11361,35244,35245,2018,1,0,-0.268534,-78.551576,PICHINCHA,QUITO,QUITO,URBANA,2018-04-02,18:50:00,18,LUNES,1,ABRIL,4,NO,"CONDUCIR DESATENTO A LAS CONDICIONES DE TRANSITO (CELULAR, PANTALLAS DE VIDEO, COMIDA, MAQUILLAJE O CUALQUIER OTRO ELEMENTO DISTRACTOR).",ESTRELLAMIENTOS,MOTOCICLETA,0,0,0,0,0,0,0,0,1,1,0,0,0,2,19,HOMBRE,LESIONADO,CONDUCTOR PRESENTE,NO,NO,0
11362,35245,35246,2018,1,0,-0.276981,-78.557221,PICHINCHA,QUITO,QUITO,URBANA,2018-04-02,19:00:00,19,LUNES,1,ABRIL,4,NO,REALIZAR CAMBIO BRUSCO O INDEBIDO DE CARRIL.,PERDIDA DE PISTA,MOTOCICLETA,0,0,0,0,1,0,0,0,1,0,0,0,0,2,25,HOMBRE,LESIONADO,CONDUCTOR PRESENTE,NO,NO,0