,Unnamed: 0,ID,ANIO,LESIONADOS,FALLECIDOS,LATITUD_Y,LONGITUD_X,PROVINCIA,CANTON,PARROQUIA,ZONA,FECHA,HORA,PERIODO_2,DIA_1,DIA_2,MES_1,MES_2,FERIADO,CAUSA_PROBABLE,TIPO_DE_SINIESTRO,TIPO_DE_VEHICULO_1,AUTOMOVIL,BICICLETA,BUS,CAMION,CAMIONETA,EMERGENCIAS,ESPECIAL,FURGONETA,MOTOCICLETA,NO_IDENTIFICADO,SCOOTER_ELECTRICO,TRICIMOTO,VEHICULO_DEPORTIVO_UTILITARIO,SUMA_DE_VEHICULOS,EDAD_1,SEXO_1,CONDICION_1,PARTICIPANTE_1,CASCO_1,CINTURON_1,KMeans_Cluster
11363,35247,35248,2018,0,0,-0.144681,-78.498727,PICHINCHA,QUITO,QUITO,URBANA,2018-04-02,19:10:00,19,LUNES,1,ABRIL,4,NO,"NO RESPETAR LAS SENIALES REGLAMENTARIAS DE TRANSITO. (PARE, CEDA EL PASO, LUZ ROJA DEL SEMAFORO, ETC).",CHOQUE LATERAL,AUTOMOVIL,2,0,0,0,0,0,0,0,0,0,0,0,0,2,22,HOMBRE,ILESO,CONDUCTOR PRESENTE,NO,NO,0
11364,35252,35253,2018,1,0,-0.272977,-78.529361,PICHINCHA,QUITO,QUITO,URBANA,2018-04-02,20:35:00,20,LUNES,1,ABRIL,4,NO,NO TRANSITAR POR LAS ACERAS O ZONAS DE SEGURIDAD DESTINADAS PARA EL EFECTO.,ATROPELLOS,NO IDENTIFICADO,0,0,0,0,0,0,0,0,0,1,0,0,0,1,54,HOMBRE,LESIONADO,PEATON,NO,NO,0
11365,35253,35254,2018,1,0,-0.304167,-78.542831,PICHINCHA,QUITO,QUITO,URBANA,2018-04-02,21:15:00,21,LUNES,1,ABRIL,4,NO,CONDUCIR VEHICULO SUPERANDO LOS LIMITES MAXIMOS DE VELOCIDAD.,ATROPELLOS,MOTOCICLETA,0,0,0,0,0,0,0,0,1,0,0,0,0,1,33,MUJER,LESIONADO,PEATON,NO,NO,0
11366,35254,35255,2018,0,0,-0.243899,-78.512126,PICHINCHA,QUITO,QUITO,URBANA,2018-04-02,21:30:00,21,LUNES,1,ABRIL,4,NO,CONDUCIR VEHICULO SUPERANDO LOS LIMITES MAXIMOS DE VELOCIDAD.,ESTRELLAMIENTOS,AUTOMOVIL,2,0,0,0,0,0,0,0,0,0,0,0,0,2,45,HOMBRE,ILESO,CONDUCTOR PRESENTE,NO,NO,0
11367,35255,35256,2018,1,0,-0.172511,-78.487728,PICHINCHA,QUITO,QUITO,URBANA,2018-04-02,22:10:00,22,LUNES,1,ABRIL,4,NO,"CONDICIONES AMBIENTALES Y/O ATMOSFERICAS (NIEBLA, NEBLINA, GRANIZO, LLUVIA).",CHOQUE POSTERIOR,AUTOMOVIL,1,0,0,0,0,0,0,0,0,1,0,0,0,2,12,MUJER,LESIONADO,PASAJERO,NO,NO,0
11368,35259,35260,2018,1,0,-0.501792,-78.572657,PICHINCHA,MEJIA,MACHACHI,RURAL,2018-04-03,06:00:00,6,MARTES,2,ABRIL,4,NO,"CONDUCIR DESATENTO A LAS CONDICIONES DE TRANSITO (CELULAR, PANTALLAS DE VIDEO, COMIDA, MAQUILLAJE O CUALQUIER OTRO ELEMENTO DISTRACTOR).",COLISION,CAMIONETA,1,0,1,1,2,0,0,0,0,0,0,0,0,5,46,HOMBRE,LESIONADO,PASAJERO,NO,NO,3
11369,35260,35261,2018,1,0,-0.205696,-78.496932,PICHINCHA,QUITO,QUITO,URBANA,2018-04-03,06:20:00,6,MARTES,2,ABRIL,4,NO,DANIOS MECANICOS PREVISIBLES.,CHOQUE LATERAL,MOTOCICLETA,1,0,0,0,0,0,0,0,1,0,0,0,0,2,22,HOMBRE,LESIONADO,CONDUCTOR PRESENTE,NO,NO,0
11370,35266,35267,2018,1,0,-0.153303,-78.484482,PICHINCHA,QUITO,QUITO,URBANA,2018-04-03,07:29:00,7,MARTES,2,ABRIL,4,NO,CONDUCIR VEHICULO SUPERANDO LOS LIMITES MAXIMOS DE VELOCIDAD.,PERDIDA DE PISTA,MOTOCICLETA,0,0,0,0,0,0,0,0,1,0,0,0,0,1,42,HOMBRE,LESIONADO,CONDUCTOR PRESENTE,NO,NO,0
11371,35268,35269,2018,1,0,-0.210749,-78.517081,PICHINCHA,QUITO,QUITO,URBANA,2018-04-03,08:10:00,8,MARTES,2,ABRIL,4,NO,BAJARSE O SUBIRSE DE VEHICULOS EN MOVIMIENTO SIN TOMAR LAS PRECAUCIONES DEBIDAS.,CAIDA DE PASAJERO,BUS,0,0,1,0,0,0,0,0,0,0,0,0,0,1,42,HOMBRE,LESIONADO,PASAJERO,NO,NO,0
11372,35269,35270,2018,1,0,-0.260625,-78.546347,PICHINCHA,QUITO,QUITO,URBANA,2018-04-03,08:30:00,8,MARTES,2,ABRIL,4,NO,DEJAR O RECOGER PASAJEROS EN LUGARES NO PERMITIDOS.,CAIDA DE PASAJERO,NO IDENTIFICADO,0,0,0,0,0,0,0,0,0,1,0,0,0,1,85,HOMBRE,LESIONADO,PASAJERO,NO,NO,0
11373,35277,35278,2018,2,0,-0.184995,-78.507398,PICHINCHA,QUITO,QUITO,URBANA,2018-04-03,12:45:00,12,MARTES,2,ABRIL,4,NO,PEATON QUE CRUZA LA CALZADA SIN RESPETAR LA SENIALIZACION EXISTENTE (SEMAFOROS O SENIALES MANUALES).,ATROPELLOS,MOTOCICLETA,0,0,0,0,0,0,0,0,1,0,0,0,0,1,5,HOMBRE,LESIONADO,PEATON,NO,NO,0
11374,35281,35282,2018,0,0,-0.175725,-78.487568,PICHINCHA,QUITO,QUITO,URBANA,2018-04-03,14:20:00,14,MARTES,2,ABRIL,4,NO,NO CEDER EL DERECHO DE VIA O PREFERENCIA DE PASO A VEHICULOS.,CHOQUE LATERAL,AUTOMOVIL,2,0,0,0,0,0,0,0,0,0,0,0,0,2,45,HOMBRE,ILESO,CONDUCTOR PRESENTE,NO,NO,0
11375,35283,35284,2018,0,0,-0.162325,-78.487977,PICHINCHA,QUITO,QUITO,URBANA,2018-04-03,15:00:00,15,MARTES,2,ABRIL,4,NO,NO GUARDAR LA DISTANCIA LATERAL MINIMA DE SEGURIDAD ENTRE VEHICULOS.,ROZAMIENTOS,CAMIONETA,0,0,0,0,1,0,0,0,0,0,0,0,0,1,30,HOMBRE,ILESO,CONDUCTOR PRESENTE,NO,NO,0
11376,35284,35285,2018,2,0,-0.121935,-78.491561,PICHINCHA,QUITO,QUITO,URBANA,2018-04-03,15:15:00,15,MARTES,2,ABRIL,4,NO,"NO RESPETAR LAS SENIALES REGLAMENTARIAS DE TRANSITO. (PARE, CEDA EL PASO, LUZ ROJA DEL SEMAFORO, ETC).",CHOQUE LATERAL,AUTOMOVIL,2,0,0,0,0,0,0,0,0,0,0,0,0,2,42,MUJER,LESIONADO,PASAJERO,NO,NO,0
11377,35285,35286,2018,0,0,-0.234053,-78.525711,PICHINCHA,QUITO,QUITO,URBANA,2018-04-03,15:15:00,15,MARTES,2,ABRIL,4,NO,NO GUARDAR LA DISTANCIA LATERAL MINIMA DE SEGURIDAD ENTRE VEHICULOS.,ROZAMIENTOS,AUTOMOVIL,1,0,0,0,0,0,0,0,0,0,0,0,0,1,27,MUJER,ILESO,CONDUCTOR PRESENTE,NO,NO,0
11378,35301,35302,2018,0,0,-0.232254,-78.505317,PICHINCHA,QUITO,QUITO,URBANA,2018-04-03,18:37:00,18,MARTES,2,ABRIL,4,NO,NO GUARDAR LA DISTANCIA LATERAL MINIMA DE SEGURIDAD ENTRE VEHICULOS.,CHOQUE LATERAL,AUTOMOVIL,2,0,0,0,0,0,0,0,0,0,0,0,0,2,45,HOMBRE,ILESO,CONDUCTOR PRESENTE,NO,NO,0
11379,35302,35303,2018,1,0,-0.167381,-78.470961,PICHINCHA,QUITO,QUITO,URBANA,2018-04-03,18:45:00,18,MARTES,2,ABRIL,4,NO,"CONDICIONES AMBIENTALES Y/O ATMOSFERICAS (NIEBLA, NEBLINA, GRANIZO, LLUVIA).",CHOQUE LATERAL,MOTOCICLETA,0,0,0,0,0,0,0,0,1,0,0,0,0,1,18,HOMBRE,LESIONADO,CONDUCTOR PRESENTE,NO,NO,0
11380,35303,35304,2018,1,0,-0.163002,-78.477648,PICHINCHA,QUITO,QUITO,URBANA,2018-04-03,19:10:00,19,MARTES,2,ABRIL,4,NO,"CONDUCIR EN ESTADO DE SOMNOLENCIA O MALAS CONDICIONES FISICAS (SUENIO, CANSANCIO Y FATIGA).",CHOQUE LATERAL,CAMION,0,0,0,1,0,0,0,0,1,0,0,0,0,2,34,HOMBRE,LESIONADO,CONDUCTOR PRESENTE,NO,NO,0
11381,35307,35308,2018,0,0,-0.158864,-78.483681,PICHINCHA,QUITO,QUITO,URBANA,2018-04-03,19:50:00,19,MARTES,2,ABRIL,4,NO,"CONDUCE BAJO LA INFLUENCIA DE ALCOHOL, SUSTANCIAS ESTUPEFACIENTES O PSICOTROPICAS Y/O MEDICAMENTOS.",CHOQUE POSTERIOR,AUTOMOVIL,2,0,0,0,0,0,0,0,0,0,0,0,0,2,39,HOMBRE,ILESO,CONDUCTOR PRESENTE,NO,NO,0
11382,35308,35309,2018,1,0,-0.246281,-78.513162,PICHINCHA,QUITO,QUITO,URBANA,2018-04-03,20:35:00,20,MARTES,2,ABRIL,4,NO,CONDUCIR VEHICULO SUPERANDO LOS LIMITES MAXIMOS DE VELOCIDAD.,PERDIDA DE PISTA,MOTOCICLETA,0,0,0,0,0,0,0,0,1,0,0,0,0,1,-1,HOMBRE,LESIONADO,PASAJERO,NO,NO,0
11383,35310,35311,2018,0,0,-0.190554,-78.502033,PICHINCHA,QUITO,QUITO,URBANA,2018-04-03,22:10:00,22,MARTES,2,ABRIL,4,NO,"CONDUCE BAJO LA INFLUENCIA DE ALCOHOL, SUSTANCIAS ESTUPEFACIENTES O PSICOTROPICAS Y/O MEDICAMENTOS.",CHOQUE LATERAL,AUTOMOVIL,2,0,0,0,0,0,0,0,0,0,0,0,0,2,24,HOMBRE,ILESO,CONDUCTOR PRESENTE,NO,NO,0
11384,35311,35312,2018,0,0,-0.237369,-78.484618,PICHINCHA,QUITO,QUITO,URBANA,2018-04-03,22:40:00,22,MARTES,2,ABRIL,4,NO,"CONDICIONES AMBIENTALES Y/O ATMOSFERICAS (NIEBLA, NEBLINA, GRANIZO, LLUVIA).",ESTRELLAMIENTOS,AUTOMOVIL,1,0,0,0,0,0,0,0,0,0,0,0,0,1,-1,NO IDENTIFICADO,NO IDENTIFICADO,CONDUCTOR AUSENTE,NO,NO,2
11385,35316,35317,2018,3,1,-0.144204,-78.500066,PICHINCHA,QUITO,QUITO,URBANA,2018-04-04,05:30:00,5,MIERCOLES,3,ABRIL,4,NO,"CONDICIONES AMBIENTALES Y/O ATMOSFERICAS (NIEBLA, NEBLINA, GRANIZO, LLUVIA).",CHOQUE POSTERIOR,AUTOMOVIL,1,0,0,0,0,0,0,0,0,0,0,0,0,1,30,HOMBRE,FALLECIDO,CONDUCTOR PRESENTE,NO,NO,0
11386,35318,35319,2018,1,0,-0.327284,-78.550351,PICHINCHA,QUITO,QUITO,URBANA,2018-04-04,05:45:00,5,MIERCOLES,3,ABRIL,4,NO,NO TRANSITAR POR LAS ACERAS O ZONAS DE SEGURIDAD DESTINADAS PARA EL EFECTO.,ATROPELLOS,NO IDENTIFICADO,0,0,0,0,0,0,0,0,0,1,0,0,0,1,35,HOMBRE,LESIONADO,CONDUCTOR PRESENTE,NO,NO,0
11387,35321,35322,2018,0,0,-0.277624,-78.531251,PICHINCHA,QUITO,QUITO,URBANA,2018-04-04,06:05:00,6,MIERCOLES,3,ABRIL,4,NO,NO GUARDAR LA DISTANCIA LATERAL MINIMA DE SEGURIDAD ENTRE VEHICULOS.,CHOQUE LATERAL,AUTOMOVIL,1,0,0,0,1,0,0,0,0,0,0,0,0,2,53,HOMBRE,ILESO,CONDUCTOR PRESENTE,NO,NO,0
11388,35322,35323,2018,0,0,-0.252797,-78.505747,PICHINCHA,QUITO,QUITO,URBANA,2018-04-04,06:45:00,6,MIERCOLES,3,ABRIL,4,NO,NO MANTENER LA DISTANCIA PRUDENCIAL CON RESPECTO AL VEHICULO QUE LE ANTECEDE.,CHOQUE POSTERIOR,BUS,0,0,2,0,0,0,0,0,0,0,0,0,0,2,37,HOMBRE,ILESO,CONDUCTOR PRESENTE,NO,NO,0
11389,35325,35326,2018,1,0,-0.212824,-78.402686,PICHINCHA,QUITO,TUMBACO,URBANA,2018-04-04,07:37:00,7,MIERCOLES,3,ABRIL,4,NO,NO CEDER EL DERECHO DE VIA O PREFERENCIA DE PASO A VEHICULOS.,CHOQUE LATERAL,AUTOMOVIL,1,0,0,0,0,0,0,1,0,0,0,0,0,2,9,MUJER,LESIONADO,PASAJERO,NO,NO,0
11390,35327,35328,2018,1,1,-0.188872,-78.447602,PICHINCHA,QUITO,NAYON,URBANA,2018-04-04,08:55:00,8,MIERCOLES,3,ABRIL,4,NO,CONDUCIR VEHICULO SUPERANDO LOS LIMITES MAXIMOS DE VELOCIDAD.,CHOQUE LATERAL,AUTOMOVIL,3,0,0,0,0,0,0,0,0,0,0,0,0,3,1,HOMBRE,FALLECIDO,PASAJERO,NO,NO,0
11391,35331,35332,2018,1,0,-0.278654,-78.480763,PICHINCHA,QUITO,CONOCOTO,URBANA,2018-04-04,11:50:00,11,MIERCOLES,3,ABRIL,4,NO,"CONDUCIR DESATENTO A LAS CONDICIONES DE TRANSITO (CELULAR, PANTALLAS DE VIDEO, COMIDA, MAQUILLAJE O CUALQUIER OTRO ELEMENTO DISTRACTOR).",PERDIDA DE PISTA,CAMION,0,0,0,1,0,0,0,0,0,0,0,0,0,1,42,HOMBRE,LESIONADO,PASAJERO,NO,NO,0
11392,35334,35335,2018,1,0,-0.226486,-78.339567,PICHINCHA,QUITO,PIFO,RURAL,2018-04-04,13:35:00,13,MIERCOLES,3,ABRIL,4,NO,PEATON QUE CRUZA LA CALZADA SIN RESPETAR LA SENIALIZACION EXISTENTE (SEMAFOROS O SENIALES MANUALES).,ATROPELLOS,AUTOMOVIL,1,0,0,0,0,0,0,0,0,0,0,0,0,1,29,MUJER,LESIONADO,PEATON,NO,NO,3
11393,35338,35339,2018,1,0,-0.103343,-78.420975,PICHINCHA,QUITO,CALDERON (CARAPUNGO),URBANA,2018-04-04,14:40:00,14,MIERCOLES,3,ABRIL,4,NO,"PRESENCIA DE AGENTES EXTERNOS EN LA VIA (AGUA, ACEITE, PIEDRA, LASTRE, ESCOMBROS, MADEROS, ETC.).",CHOQUE POSTERIOR,CAMION,0,0,0,1,0,0,0,1,0,0,0,0,0,2,40,MUJER,LESIONADO,PASAJERO,NO,NO,0
11394,35340,35341,2018,0,0,-0.105391,-78.435795,PICHINCHA,QUITO,CALDERON (CARAPUNGO),URBANA,2018-04-04,14:50:00,14,MIERCOLES,3,ABRIL,4,NO,"CONDICIONES AMBIENTALES Y/O ATMOSFERICAS (NIEBLA, NEBLINA, GRANIZO, LLUVIA).",ESTRELLAMIENTOS,CAMIONETA,0,0,0,0,1,0,0,0,0,0,0,0,0,1,26,HOMBRE,ILESO,CONDUCTOR PRESENTE,NO,NO,0
11395,35341,35342,2018,0,0,-0.117777,-78.494648,PICHINCHA,QUITO,QUITO,URBANA,2018-04-04,15:00:00,15,MIERCOLES,3,ABRIL,4,NO,"NO RESPETAR LAS SENIALES REGLAMENTARIAS DE TRANSITO. (PARE, CEDA EL PASO, LUZ ROJA DEL SEMAFORO, ETC).",ATROPELLOS,MOTOCICLETA,0,0,0,0,0,0,0,0,1,0,0,0,0,1,26,MUJER,ILESO,PEATON,NO,NO,0
11396,35342,35343,2018,0,0,-0.142041,-78.443217,PICHINCHA,QUITO,LLANO CHICO,URBANA,2018-04-04,15:55:00,15,MIERCOLES,3,ABRIL,4,NO,NO MANTENER LA DISTANCIA PRUDENCIAL CON RESPECTO AL VEHICULO QUE LE ANTECEDE.,CHOQUE POSTERIOR,CAMIONETA,1,0,0,0,1,0,0,0,0,0,0,0,0,2,31,HOMBRE,ILESO,CONDUCTOR PRESENTE,NO,NO,0
11397,35344,35345,2018,0,0,-0.202739,-78.424076,PICHINCHA,QUITO,CUMBAYA,URBANA,2018-04-04,16:50:00,16,MIERCOLES,3,ABRIL,4,NO,NO MANTENER LA DISTANCIA PRUDENCIAL CON RESPECTO AL VEHICULO QUE LE ANTECEDE.,CHOQUE POSTERIOR,AUTOMOVIL,1,0,0,0,1,0,0,0,0,0,0,0,0,2,57,HOMBRE,ILESO,CONDUCTOR PRESENTE,NO,NO,0
11398,35345,35346,2018,0,0,-0.097166,-78.390727,PICHINCHA,QUITO,CALDERON (CARAPUNGO),RURAL,2018-04-04,16:55:00,16,MIERCOLES,3,ABRIL,4,NO,"CONDUCIR DESATENTO A LAS CONDICIONES DE TRANSITO (CELULAR, PANTALLAS DE VIDEO, COMIDA, MAQUILLAJE O CUALQUIER OTRO ELEMENTO DISTRACTOR).",PERDIDA DE PISTA,AUTOMOVIL,1,0,0,0,0,0,0,0,0,0,0,0,0,1,-1,NO IDENTIFICADO,NO IDENTIFICADO,CONDUCTOR AUSENTE,NO,NO,2
11399,35349,35350,2018,0,0,-0.264054,-78.539521,PICHINCHA,QUITO,QUITO,URBANA,2018-04-04,18:45:00,18,MIERCOLES,3,ABRIL,4,NO,"CONDUCE BAJO LA INFLUENCIA DE ALCOHOL, SUSTANCIAS ESTUPEFACIENTES O PSICOTROPICAS Y/O MEDICAMENTOS.",CHOQUE LATERAL,AUTOMOVIL,2,0,0,0,0,0,0,0,0,0,0,0,0,2,48,HOMBRE,ILESO,CONDUCTOR PRESENTE,NO,NO,0
11400,35355,35356,2018,0,0,-0.252177,-78.517003,PICHINCHA,QUITO,QUITO,URBANA,2018-04-04,20:54:00,20,MIERCOLES,3,ABRIL,4,NO,"CONDUCE BAJO LA INFLUENCIA DE ALCOHOL, SUSTANCIAS ESTUPEFACIENTES O PSICOTROPICAS Y/O MEDICAMENTOS.",CHOQUE FRONTAL,CAMIONETA,0,0,0,0,1,0,0,1,0,0,0,0,0,2,52,HOMBRE,ILESO,CONDUCTOR PRESENTE,NO,NO,0
11401,35357,35358,2018,1,0,-0.144672,-78.483271,PICHINCHA,QUITO,QUITO,URBANA,2018-04-04,21:40:00,21,MIERCOLES,3,ABRIL,4,NO,NO CEDER EL DERECHO DE VIA O PREFERENCIA DE PASO AL PEATON.,ATROPELLOS,NO IDENTIFICADO,0,0,0,0,0,0,0,0,0,1,0,0,0,1,70,MUJER,LESIONADO,PEATON,NO,NO,0
11402,35362,35363,2018,0,0,-0.283086,-78.584569,PICHINCHA,QUITO,QUITO,URBANA,2018-04-04,23:50:00,23,MIERCOLES,3,ABRIL,4,NO,"CASO FORTUITO O FUERZA MAYOR (EXPLOSION DE NEUMATICO NUEVO, DERRUMBE, INUNDACION, CAIDA DE PUENTE, ARBOL, PRESENCIA INTEMPESTIVA E IMPREVISTA DE SEMOVIENTES EN LA VIA, ETC.).",ESTRELLAMIENTOS,CAMION,0,0,0,1,0,0,0,0,0,0,0,0,0,1,40,HOMBRE,ILESO,CONDUCTOR PRESENTE,NO,NO,0
11403,35365,35366,2018,0,0,-0.135311,-78.500877,PICHINCHA,QUITO,QUITO,URBANA,2018-04-05,00:19:00,0,JUEVES,4,ABRIL,4,NO,CONDUCIR VEHICULO SUPERANDO LOS LIMITES MAXIMOS DE VELOCIDAD.,ESTRELLAMIENTOS,AUTOMOVIL,1,0,0,0,0,0,0,0,0,0,0,0,0,1,-1,NO IDENTIFICADO,NO IDENTIFICADO,CONDUCTOR AUSENTE,NO,NO,2
11404,35367,35368,2018,0,0,-0.122003,-78.478979,PICHINCHA,QUITO,QUITO,URBANA,2018-04-05,01:30:00,1,JUEVES,4,ABRIL,4,NO,CONDUCIR VEHICULO SUPERANDO LOS LIMITES MAXIMOS DE VELOCIDAD.,ESTRELLAMIENTOS,AUTOMOVIL,1,0,0,0,0,0,0,0,0,0,0,0,0,1,36,HOMBRE,ILESO,CONDUCTOR PRESENTE,NO,NO,0
11405,35370,35371,2018,0,0,-0.105381,-78.497732,PICHINCHA,QUITO,QUITO,URBANA,2018-04-05,02:15:00,2,JUEVES,4,ABRIL,4,NO,"CONDUCIR DESATENTO A LAS CONDICIONES DE TRANSITO (CELULAR, PANTALLAS DE VIDEO, COMIDA, MAQUILLAJE O CUALQUIER OTRO ELEMENTO DISTRACTOR).",ESTRELLAMIENTOS,FURGONETA,0,0,0,0,0,0,0,1,0,0,0,0,0,1,-1,NO IDENTIFICADO,NO IDENTIFICADO,CONDUCTOR AUSENTE,NO,NO,2
11406,35371,35372,2018,0,0,-0.261689,-78.538485,PICHINCHA,QUITO,QUITO,URBANA,2018-04-05,03:00:00,3,JUEVES,4,ABRIL,4,NO,"NO RESPETAR LAS SENIALES REGLAMENTARIAS DE TRANSITO. (PARE, CEDA EL PASO, LUZ ROJA DEL SEMAFORO, ETC).",ESTRELLAMIENTOS,AUTOMOVIL,1,0,0,0,0,0,0,0,0,0,0,0,0,1,-1,NO IDENTIFICADO,NO IDENTIFICADO,CONDUCTOR AUSENTE,NO,NO,2
11407,35372,35373,2018,0,0,-0.297816,-78.552302,PICHINCHA,QUITO,QUITO,URBANA,2018-04-05,05:58:00,5,JUEVES,4,ABRIL,4,NO,"CONDUCE BAJO LA INFLUENCIA DE ALCOHOL, SUSTANCIAS ESTUPEFACIENTES O PSICOTROPICAS Y/O MEDICAMENTOS.",CHOQUE POSTERIOR,AUTOMOVIL,2,0,0,0,1,0,0,0,0,0,0,0,0,3,29,HOMBRE,ILESO,CONDUCTOR PRESENTE,NO,NO,0
11408,35374,35375,2018,1,0,-0.317135,-78.564123,PICHINCHA,QUITO,QUITO,URBANA,2018-04-05,06:20:00,6,JUEVES,4,ABRIL,4,NO,NO TRANSITAR POR LAS ACERAS O ZONAS DE SEGURIDAD DESTINADAS PARA EL EFECTO.,ATROPELLOS,NO IDENTIFICADO,0,0,0,0,0,0,0,0,0,1,0,0,0,1,47,MUJER,LESIONADO,PEATON,NO,NO,0
11409,35375,35376,2018,0,0,-0.118188,-78.488951,PICHINCHA,QUITO,QUITO,URBANA,2018-04-05,07:10:00,7,JUEVES,4,ABRIL,4,NO,"CONDUCIR EN ESTADO DE SOMNOLENCIA O MALAS CONDICIONES FISICAS (SUENIO, CANSANCIO Y FATIGA).",CHOQUE LATERAL,AUTOMOVIL,2,0,0,0,0,0,0,0,0,0,0,0,0,2,35,HOMBRE,ILESO,CONDUCTOR PRESENTE,NO,NO,0
11410,35379,35380,2018,0,0,-0.145115,-78.491591,PICHINCHA,QUITO,QUITO,URBANA,2018-04-05,10:45:00,10,JUEVES,4,ABRIL,4,NO,NO GUARDAR LA DISTANCIA LATERAL MINIMA DE SEGURIDAD ENTRE VEHICULOS.,ROZAMIENTOS,AUTOMOVIL,1,0,0,0,0,0,0,0,1,0,0,0,0,2,23,MUJER,ILESO,CONDUCTOR PRESENTE,NO,NO,0
11411,35382,35383,2018,0,0,-0.100574,-78.454631,PICHINCHA,QUITO,CALDERON (CARAPUNGO),URBANA,2018-04-05,12:30:00,12,JUEVES,4,ABRIL,4,NO,"NO RESPETAR LAS SENIALES REGLAMENTARIAS DE TRANSITO. (PARE, CEDA EL PASO, LUZ ROJA DEL SEMAFORO, ETC).",CHOQUE LATERAL,FURGONETA,0,0,0,0,0,0,0,2,0,0,0,0,0,2,33,HOMBRE,ILESO,CONDUCTOR PRESENTE,NO,NO,0
11412,35383,35384,2018,1,0,-0.217025,-78.510381,PICHINCHA,QUITO,QUITO,URBANA,2018-04-05,12:35:00,12,JUEVES,4,ABRIL,4,NO,NO TRANSITAR POR LAS ACERAS O ZONAS DE SEGURIDAD DESTINADAS PARA EL EFECTO.,ATROPELLOS,FURGONETA,0,0,0,0,0,0,0,1,0,0,0,0,0,1,33,HOMBRE,LESIONADO,PEATON,NO,NO,0
11413,35386,35387,2018,1,0,-0.164029,-78.473851,PICHINCHA,QUITO,QUITO,URBANA,2018-04-05,13:15:00,13,JUEVES,4,ABRIL,4,NO,NO MANTENER LA DISTANCIA PRUDENCIAL CON RESPECTO AL VEHICULO QUE LE ANTECEDE.,CHOQUE POSTERIOR,AUTOMOVIL,1,0,0,0,1,0,0,0,0,0,0,0,0,2,55,HOMBRE,LESIONADO,CONDUCTOR PRESENTE,NO,NO,0
11414,35389,35390,2018,1,0,-0.168575,-78.325941,PICHINCHA,QUITO,YARUQUI,RURAL,2018-04-05,14:00:00,14,JUEVES,4,ABRIL,4,NO,DEJAR O RECOGER PASAJEROS EN LUGARES NO PERMITIDOS.,ATROPELLOS,MOTOCICLETA,0,0,0,0,0,0,0,0,1,0,0,0,0,1,10,HOMBRE,LESIONADO,PASAJERO,NO,NO,3
11415,35393,35394,2018,0,0,-0.169254,-78.490907,PICHINCHA,QUITO,QUITO,URBANA,2018-04-05,14:46:00,14,JUEVES,4,ABRIL,4,NO,NO GUARDAR LA DISTANCIA LATERAL MINIMA DE SEGURIDAD ENTRE VEHICULOS.,CHOQUE LATERAL,CAMIONETA,0,0,0,0,1,0,0,0,0,0,0,0,0,1,31,HOMBRE,ILESO,CONDUCTOR PRESENTE,NO,NO,0
11416,35396,35397,2018,0,0,-0.338295,-78.445039,PICHINCHA,RUMINIAHUI,SANGOLQUI,URBANA,2018-04-05,15:08:00,15,JUEVES,4,ABRIL,4,NO,"CONDUCIR DESATENTO A LAS CONDICIONES DE TRANSITO (CELULAR, PANTALLAS DE VIDEO, COMIDA, MAQUILLAJE O CUALQUIER OTRO ELEMENTO DISTRACTOR).",CHOQUE FRONTAL,CAMION,0,0,0,1,0,0,0,0,0,0,0,0,1,2,42,HOMBRE,ILESO,CONDUCTOR PRESENTE,NO,NO,0
11417,35400,35401,2018,0,0,-0.151748,-78.477233,PICHINCHA,QUITO,QUITO,URBANA,2018-04-05,15:40:00,15,JUEVES,4,ABRIL,4,NO,NO MANTENER LA DISTANCIA PRUDENCIAL CON RESPECTO AL VEHICULO QUE LE ANTECEDE.,CHOQUE POSTERIOR,AUTOMOVIL,1,0,0,0,0,0,0,0,0,0,0,0,1,2,57,MUJER,ILESO,CONDUCTOR PRESENTE,NO,NO,0
11418,35402,35403,2018,0,0,-0.177282,-78.359537,PICHINCHA,QUITO,PUEMBO,URBANA,2018-04-05,16:55:00,16,JUEVES,4,ABRIL,4,NO,"CONDICIONES AMBIENTALES Y/O ATMOSFERICAS (NIEBLA, NEBLINA, GRANIZO, LLUVIA).",CHOQUE POSTERIOR,AUTOMOVIL,2,0,0,0,0,0,0,0,0,0,0,0,0,2,30,HOMBRE,ILESO,CONDUCTOR PRESENTE,NO,NO,0
11419,35403,35404,2018,0,0,-0.191046,-78.475915,PICHINCHA,QUITO,QUITO,URBANA,2018-04-05,17:02:00,17,JUEVES,4,ABRIL,4,NO,"CONDICIONES AMBIENTALES Y/O ATMOSFERICAS (NIEBLA, NEBLINA, GRANIZO, LLUVIA).",CHOQUE POSTERIOR,AUTOMOVIL,1,0,0,0,1,0,0,0,0,0,0,0,0,2,29,HOMBRE,ILESO,CONDUCTOR PRESENTE,NO,NO,0
11420,35405,35406,2018,0,0,-0.163234,-78.463348,PICHINCHA,QUITO,QUITO,URBANA,2018-04-05,18:30:00,18,JUEVES,4,ABRIL,4,NO,NO MANTENER LA DISTANCIA PRUDENCIAL CON RESPECTO AL VEHICULO QUE LE ANTECEDE.,CHOQUE POSTERIOR,AUTOMOVIL,1,0,0,0,0,0,0,0,0,1,0,0,0,2,56,MUJER,ILESO,CONDUCTOR PRESENTE,NO,NO,0
11421,35406,35407,2018,0,1,-0.154404,-78.458318,PICHINCHA,QUITO,QUITO,URBANA,2018-04-05,18:35:00,18,JUEVES,4,ABRIL,4,NO,"CONDICIONES AMBIENTALES Y/O ATMOSFERICAS (NIEBLA, NEBLINA, GRANIZO, LLUVIA).",CHOQUE POSTERIOR,BUS,1,0,1,0,0,0,0,0,0,0,0,0,0,2,35,HOMBRE,FALLECIDO,CONDUCTOR PRESENTE,NO,NO,0