,Unnamed: 0,ID,ANIO,LESIONADOS,FALLECIDOS,LATITUD_Y,LONGITUD_X,PROVINCIA,CANTON,PARROQUIA,ZONA,FECHA,HORA,PERIODO_2,DIA_1,DIA_2,MES_1,MES_2,FERIADO,CAUSA_PROBABLE,TIPO_DE_SINIESTRO,TIPO_DE_VEHICULO_1,AUTOMOVIL,BICICLETA,BUS,CAMION,CAMIONETA,EMERGENCIAS,ESPECIAL,FURGONETA,MOTOCICLETA,NO_IDENTIFICADO,SCOOTER_ELECTRICO,TRICIMOTO,VEHICULO_DEPORTIVO_UTILITARIO,SUMA_DE_VEHICULOS,EDAD_1,SEXO_1,CONDICION_1,PARTICIPANTE_1,CASCO_1,CINTURON_1,KMeans_Cluster
11422,35407,35408,2018,0,0,-0.245303,-78.520963,PICHINCHA,QUITO,QUITO,URBANA,2018-04-05,18:40:00,18,JUEVES,4,ABRIL,4,NO,CONDUCIR VEHICULO SUPERANDO LOS LIMITES MAXIMOS DE VELOCIDAD.,ATROPELLOS,NO IDENTIFICADO,0,0,0,0,0,0,0,0,0,1,0,0,0,1,65,MUJER,ILESO,PEATON,NO,NO,0
11423,35410,35411,2018,0,0,-0.222249,-78.507942,PICHINCHA,QUITO,QUITO,URBANA,2018-04-05,20:25:00,20,JUEVES,4,ABRIL,4,NO,NO MANTENER LA DISTANCIA PRUDENCIAL CON RESPECTO AL VEHICULO QUE LE ANTECEDE.,COLISION,AUTOMOVIL,1,0,0,0,1,0,0,0,0,1,0,0,0,3,22,HOMBRE,ILESO,CONDUCTOR PRESENTE,NO,NO,0
11424,35411,35412,2018,1,0,-0.139151,-78.470981,PICHINCHA,QUITO,QUITO,URBANA,2018-04-05,20:30:00,20,JUEVES,4,ABRIL,4,NO,DEJAR O RECOGER PASAJEROS EN LUGARES NO PERMITIDOS.,CAIDA DE PASAJERO,BUS,0,0,1,0,0,0,0,0,0,0,0,0,0,1,82,HOMBRE,LESIONADO,PASAJERO,NO,NO,0
11425,35413,35414,2018,0,0,-0.181154,-78.492135,PICHINCHA,QUITO,QUITO,URBANA,2018-04-05,22:15:00,22,JUEVES,4,ABRIL,4,NO,"CONDICIONES AMBIENTALES Y/O ATMOSFERICAS (NIEBLA, NEBLINA, GRANIZO, LLUVIA).",PERDIDA DE PISTA,AUTOMOVIL,1,0,0,0,0,0,0,0,0,0,0,0,0,1,-1,NO IDENTIFICADO,NO IDENTIFICADO,CONDUCTOR AUSENTE,NO,NO,2
11426,35418,35419,2018,0,0,-0.203421,-78.482881,PICHINCHA,QUITO,QUITO,URBANA,2018-04-06,02:00:00,2,VIERNES,5,ABRIL,4,NO,"CONDICIONES AMBIENTALES Y/O ATMOSFERICAS (NIEBLA, NEBLINA, GRANIZO, LLUVIA).",ESTRELLAMIENTOS,AUTOMOVIL,1,0,0,0,0,0,0,0,0,0,0,0,0,1,26,HOMBRE,ILESO,PASAJERO,NO,NO,0
11427,35426,35427,2018,0,0,-0.159662,-78.479389,PICHINCHA,QUITO,QUITO,URBANA,2018-04-06,06:35:00,6,VIERNES,5,ABRIL,4,NO,"CONDUCE BAJO LA INFLUENCIA DE ALCOHOL, SUSTANCIAS ESTUPEFACIENTES O PSICOTROPICAS Y/O MEDICAMENTOS.",ESTRELLAMIENTOS,CAMIONETA,0,0,0,0,1,0,0,0,0,0,0,0,0,1,43,HOMBRE,ILESO,CONDUCTOR PRESENTE,NO,NO,0
11428,35427,35428,2018,0,0,-0.205947,-78.492631,PICHINCHA,QUITO,QUITO,URBANA,2018-04-06,06:55:00,6,VIERNES,5,ABRIL,4,NO,"NO RESPETAR LAS SENIALES REGLAMENTARIAS DE TRANSITO. (PARE, CEDA EL PASO, LUZ ROJA DEL SEMAFORO, ETC).",CHOQUE LATERAL,AUTOMOVIL,2,0,0,0,0,0,0,0,0,0,0,0,0,2,34,MUJER,ILESO,CONDUCTOR PRESENTE,NO,NO,0
11429,35429,35430,2018,0,0,-0.156511,-78.491201,PICHINCHA,QUITO,QUITO,URBANA,2018-04-06,07:15:00,7,VIERNES,5,ABRIL,4,NO,"NO RESPETAR LAS SENIALES REGLAMENTARIAS DE TRANSITO. (PARE, CEDA EL PASO, LUZ ROJA DEL SEMAFORO, ETC).",ROZAMIENTOS,AUTOMOVIL,1,0,0,0,1,0,0,0,0,0,0,0,0,2,42,MUJER,ILESO,CONDUCTOR PRESENTE,NO,NO,0
11430,35430,35431,2018,1,0,-0.085891,-78.510721,PICHINCHA,QUITO,QUITO,URBANA,2018-04-06,07:15:00,7,VIERNES,5,ABRIL,4,NO,NO CEDER EL DERECHO DE VIA O PREFERENCIA DE PASO AL PEATON.,ATROPELLOS,NO IDENTIFICADO,0,0,0,0,0,0,0,0,0,1,0,0,0,1,19,MUJER,LESIONADO,PEATON,NO,NO,0
11431,35433,35434,2018,1,0,-0.076211,-78.435161,PICHINCHA,QUITO,CALDERON (CARAPUNGO),URBANA,2018-04-06,07:45:00,7,VIERNES,5,ABRIL,4,NO,MALAS CONDICIONES DE LA VIA Y/O CONFIGURACION. (ILUMINACION Y DISENIO).,CHOQUE LATERAL,FURGONETA,0,0,0,1,0,0,0,1,0,0,0,0,0,2,34,HOMBRE,LESIONADO,CONDUCTOR PRESENTE,NO,NO,0
11432,35437,35438,2018,0,0,-0.097891,-78.483411,PICHINCHA,QUITO,QUITO,URBANA,2018-04-06,09:25:00,9,VIERNES,5,ABRIL,4,NO,CONDUCIR VEHICULO SUPERANDO LOS LIMITES MAXIMOS DE VELOCIDAD.,ESTRELLAMIENTOS,AUTOMOVIL,2,0,0,0,0,0,0,0,0,0,0,0,0,2,-1,NO IDENTIFICADO,NO IDENTIFICADO,CONDUCTOR AUSENTE,NO,NO,2
11433,35438,35439,2018,1,0,-0.011631,-78.446711,PICHINCHA,QUITO,SAN ANTONIO (QUITO),RURAL,2018-04-06,10:05:00,10,VIERNES,5,ABRIL,4,NO,NO GUARDAR LA DISTANCIA LATERAL MINIMA DE SEGURIDAD ENTRE VEHICULOS.,ROZAMIENTOS,AUTOMOVIL,2,0,0,0,0,0,0,0,0,0,0,0,0,2,53,HOMBRE,LESIONADO,CONDUCTOR PRESENTE,NO,NO,3
11434,35442,35443,2018,1,0,-0.172871,-78.491946,PICHINCHA,QUITO,QUITO,URBANA,2018-04-06,11:09:00,11,VIERNES,5,ABRIL,4,NO,NO GUARDAR LA DISTANCIA LATERAL MINIMA DE SEGURIDAD ENTRE VEHICULOS.,CHOQUE LATERAL,AUTOMOVIL,1,0,0,0,0,0,0,0,0,0,0,0,0,1,33,MUJER,LESIONADO,PASAJERO,NO,NO,0
11435,35446,35447,2018,1,0,-0.099081,-78.421841,PICHINCHA,QUITO,CALDERON (CARAPUNGO),URBANA,2018-04-06,13:10:00,13,VIERNES,5,ABRIL,4,NO,NO CEDER EL DERECHO DE VIA O PREFERENCIA DE PASO AL PEATON.,ATROPELLOS,NO IDENTIFICADO,0,0,0,0,0,0,0,0,0,1,0,0,0,1,4,HOMBRE,LESIONADO,PEATON,NO,NO,0
11436,35452,35453,2018,0,0,-0.129055,-78.476418,PICHINCHA,QUITO,QUITO,URBANA,2018-04-06,15:00:00,15,VIERNES,5,ABRIL,4,NO,NO GUARDAR LA DISTANCIA LATERAL MINIMA DE SEGURIDAD ENTRE VEHICULOS.,CHOQUE LATERAL,AUTOMOVIL,2,0,0,0,0,0,0,0,0,0,0,0,0,2,35,HOMBRE,ILESO,CONDUCTOR PRESENTE,NO,NO,0
11437,35453,35454,2018,1,0,-0.148851,-78.478531,PICHINCHA,QUITO,QUITO,URBANA,2018-04-06,15:10:00,15,VIERNES,5,ABRIL,4,NO,NO CEDER EL DERECHO DE VIA O PREFERENCIA DE PASO AL PEATON.,ARROLLAMIENTOS,AUTOMOVIL,1,0,0,0,0,0,0,0,0,0,0,0,0,1,28,MUJER,LESIONADO,PEATON,NO,NO,0
11438,35455,35456,2018,1,0,-0.056741,-78.285713,PICHINCHA,CAYAMBE,ASCAZUBI,RURAL,2018-04-06,15:45:00,15,VIERNES,5,ABRIL,4,NO,"CONDUCIR DESATENTO A LAS CONDICIONES DE TRANSITO (CELULAR, PANTALLAS DE VIDEO, COMIDA, MAQUILLAJE O CUALQUIER OTRO ELEMENTO DISTRACTOR).",PERDIDA DE PISTA,CAMION,0,0,0,1,0,0,0,0,0,0,0,0,0,1,24,HOMBRE,LESIONADO,CONDUCTOR PRESENTE,NO,NO,3
11439,35456,35457,2018,1,0,-0.172501,-78.487861,PICHINCHA,QUITO,QUITO,URBANA,2018-04-06,16:00:00,16,VIERNES,5,ABRIL,4,NO,NO MANTENER LA DISTANCIA PRUDENCIAL CON RESPECTO AL VEHICULO QUE LE ANTECEDE.,CHOQUE POSTERIOR,NO IDENTIFICADO,0,0,0,0,0,0,0,0,0,1,0,0,0,1,65,MUJER,LESIONADO,PASAJERO,NO,NO,0
11440,35457,35458,2018,1,0,-0.256731,-78.542811,PICHINCHA,QUITO,QUITO,URBANA,2018-04-06,16:00:00,16,VIERNES,5,ABRIL,4,NO,PEATON QUE CRUZA LA CALZADA SIN RESPETAR LA SENIALIZACION EXISTENTE (SEMAFOROS O SENIALES MANUALES).,ATROPELLOS,MOTOCICLETA,0,0,0,0,0,0,0,0,1,0,0,0,0,1,68,HOMBRE,LESIONADO,PEATON,NO,NO,0
11441,35458,35459,2018,0,0,-0.202621,-78.500031,PICHINCHA,QUITO,QUITO,URBANA,2018-04-06,16:27:00,16,VIERNES,5,ABRIL,4,NO,NO CEDER EL DERECHO DE VIA O PREFERENCIA DE PASO AL PEATON.,ATROPELLOS,MOTOCICLETA,0,0,0,0,0,0,0,0,1,0,0,0,0,1,10,HOMBRE,ILESO,PEATON,NO,NO,0
11442,35460,35461,2018,1,0,-0.208841,-78.335601,PICHINCHA,QUITO,YARUQUI,URBANA,2018-04-06,18:10:00,18,VIERNES,5,ABRIL,4,NO,CONDUCIR VEHICULO SUPERANDO LOS LIMITES MAXIMOS DE VELOCIDAD.,OTROS,BICICLETA,0,1,0,0,0,0,0,0,0,0,0,0,0,1,12,HOMBRE,LESIONADO,PASAJERO,NO,NO,0
11443,35468,35469,2018,0,0,-0.210111,-78.447621,PICHINCHA,QUITO,CUMBAYA,URBANA,2018-04-06,19:30:00,19,VIERNES,5,ABRIL,4,NO,"CONDUCIR DESATENTO A LAS CONDICIONES DE TRANSITO (CELULAR, PANTALLAS DE VIDEO, COMIDA, MAQUILLAJE O CUALQUIER OTRO ELEMENTO DISTRACTOR).",ESTRELLAMIENTOS,AUTOMOVIL,1,0,0,0,0,0,0,0,0,0,0,0,0,1,-1,NO IDENTIFICADO,NO IDENTIFICADO,CONDUCTOR AUSENTE,NO,NO,2
11444,35471,35472,2018,0,0,-0.210561,-78.386191,PICHINCHA,QUITO,TUMBACO,URBANA,2018-04-06,19:50:00,19,VIERNES,5,ABRIL,4,NO,"NO RESPETAR LAS SENIALES REGLAMENTARIAS DE TRANSITO. (PARE, CEDA EL PASO, LUZ ROJA DEL SEMAFORO, ETC).",CHOQUE POSTERIOR,AUTOMOVIL,1,0,0,0,0,0,0,0,0,0,0,0,0,1,27,HOMBRE,ILESO,CONDUCTOR PRESENTE,NO,NO,0
11445,35478,35479,2018,1,0,-0.343421,-78.562591,PICHINCHA,QUITO,QUITO,URBANA,2018-04-06,21:10:00,21,VIERNES,5,ABRIL,4,NO,"NO RESPETAR LAS SENIALES REGLAMENTARIAS DE TRANSITO. (PARE, CEDA EL PASO, LUZ ROJA DEL SEMAFORO, ETC).",OTROS,MOTOCICLETA,0,0,0,0,0,0,0,0,1,1,0,0,0,2,22,HOMBRE,LESIONADO,PASAJERO,NO,NO,0
11446,35482,35483,2018,0,1,-0.232481,-78.493231,PICHINCHA,QUITO,QUITO,URBANA,2018-04-06,22:48:00,22,VIERNES,5,ABRIL,4,NO,"CASO FORTUITO O FUERZA MAYOR (EXPLOSION DE NEUMATICO NUEVO, DERRUMBE, INUNDACION, CAIDA DE PUENTE, ARBOL, PRESENCIA INTEMPESTIVA E IMPREVISTA DE SEMOVIENTES EN LA VIA, ETC.).",ESTRELLAMIENTOS,MOTOCICLETA,0,0,0,0,0,0,0,0,1,0,0,0,0,1,27,HOMBRE,FALLECIDO,CONDUCTOR PRESENTE,NO,NO,0
11447,35488,35489,2018,0,0,-0.224381,-78.486891,PICHINCHA,QUITO,QUITO,URBANA,2018-04-07,01:30:00,1,SABADO,6,ABRIL,4,NO,"CONDUCE BAJO LA INFLUENCIA DE ALCOHOL, SUSTANCIAS ESTUPEFACIENTES O PSICOTROPICAS Y/O MEDICAMENTOS.",ESTRELLAMIENTOS,CAMIONETA,0,0,0,0,1,0,0,0,1,0,0,0,0,2,30,MUJER,ILESO,CONDUCTOR PRESENTE,NO,NO,0
11448,35489,35490,2018,0,0,-0.126299,-78.483066,PICHINCHA,QUITO,QUITO,URBANA,2018-04-07,01:40:00,1,SABADO,6,ABRIL,4,NO,CONDUCIR VEHICULO SUPERANDO LOS LIMITES MAXIMOS DE VELOCIDAD.,ESTRELLAMIENTOS,AUTOMOVIL,1,0,0,0,0,0,0,0,0,0,0,0,0,1,27,HOMBRE,ILESO,CONDUCTOR PRESENTE,NO,NO,0
11449,35492,35493,2018,4,0,-0.115381,-78.490771,PICHINCHA,QUITO,QUITO,URBANA,2018-04-07,02:39:00,2,SABADO,6,ABRIL,4,NO,NO GUARDAR LA DISTANCIA LATERAL MINIMA DE SEGURIDAD ENTRE VEHICULOS.,CHOQUE LATERAL,CAMIONETA,1,0,0,0,1,0,0,0,0,0,0,0,0,2,38,HOMBRE,LESIONADO,PASAJERO,NO,NO,0
11450,35494,35495,2018,0,0,-0.199621,-78.454441,PICHINCHA,QUITO,CUMBAYA,URBANA,2018-04-07,03:58:00,3,SABADO,6,ABRIL,4,NO,"CONDUCIR DESATENTO A LAS CONDICIONES DE TRANSITO (CELULAR, PANTALLAS DE VIDEO, COMIDA, MAQUILLAJE O CUALQUIER OTRO ELEMENTO DISTRACTOR).",ESTRELLAMIENTOS,AUTOMOVIL,1,0,0,0,0,0,0,0,0,0,0,0,0,1,-1,NO IDENTIFICADO,NO IDENTIFICADO,CONDUCTOR AUSENTE,NO,NO,2
11451,35497,35498,2018,1,0,-0.189061,-78.511841,PICHINCHA,QUITO,QUITO,URBANA,2018-04-07,04:20:00,4,SABADO,6,ABRIL,4,NO,NO CEDER EL DERECHO DE VIA O PREFERENCIA DE PASO AL PEATON.,ATROPELLOS,NO IDENTIFICADO,0,0,0,0,0,0,0,0,0,1,0,0,0,1,29,HOMBRE,LESIONADO,PEATON,NO,NO,0
11452,35502,35503,2018,1,0,0.045783,-78.212154,PICHINCHA,PEDRO MONCAYO,TABACUNDO,URBANA,2018-04-07,05:20:00,5,SABADO,6,ABRIL,4,NO,NO TRANSITAR POR LAS ACERAS O ZONAS DE SEGURIDAD DESTINADAS PARA EL EFECTO.,ATROPELLOS,AUTOMOVIL,1,0,0,0,0,0,0,0,0,0,0,0,0,1,24,HOMBRE,LESIONADO,PEATON,NO,NO,0
11453,35505,35506,2018,0,0,-0.134601,-78.474131,PICHINCHA,QUITO,QUITO,URBANA,2018-04-07,05:30:00,5,SABADO,6,ABRIL,4,NO,"NO RESPETAR LAS SENIALES REGLAMENTARIAS DE TRANSITO. (PARE, CEDA EL PASO, LUZ ROJA DEL SEMAFORO, ETC).",ESTRELLAMIENTOS,AUTOMOVIL,1,0,0,0,0,0,0,0,0,0,0,0,0,1,-1,NO IDENTIFICADO,NO IDENTIFICADO,CONDUCTOR AUSENTE,NO,NO,2
11454,35508,35509,2018,0,1,-0.489415,-78.570053,PICHINCHA,MEJIA,MACHACHI,RURAL,2018-04-07,06:00:00,6,SABADO,6,ABRIL,4,NO,"CONDUCIR DESATENTO A LAS CONDICIONES DE TRANSITO (CELULAR, PANTALLAS DE VIDEO, COMIDA, MAQUILLAJE O CUALQUIER OTRO ELEMENTO DISTRACTOR).",ATROPELLOS,NO IDENTIFICADO,0,0,0,0,0,0,0,0,0,1,0,0,0,1,25,HOMBRE,FALLECIDO,PEATON,NO,NO,3
11455,35511,35512,2018,1,0,-0.091591,-78.439051,PICHINCHA,QUITO,CALDERON (CARAPUNGO),URBANA,2018-04-07,08:35:00,8,SABADO,6,ABRIL,4,NO,NO GUARDAR LA DISTANCIA LATERAL MINIMA DE SEGURIDAD ENTRE VEHICULOS.,CHOQUE LATERAL,AUTOMOVIL,1,0,0,0,1,0,0,0,1,0,0,0,0,3,38,HOMBRE,LESIONADO,CONDUCTOR PRESENTE,NO,NO,0
11456,35512,35513,2018,0,0,-0.265111,-78.553051,PICHINCHA,QUITO,QUITO,URBANA,2018-04-07,08:35:00,8,SABADO,6,ABRIL,4,NO,CONDUCIR VEHICULO SUPERANDO LOS LIMITES MAXIMOS DE VELOCIDAD.,CHOQUE POSTERIOR,CAMION,1,0,0,1,0,0,0,0,0,0,0,0,0,2,50,HOMBRE,ILESO,CONDUCTOR PRESENTE,NO,NO,0
11457,35513,35514,2018,0,0,-0.170681,-78.494781,PICHINCHA,QUITO,QUITO,URBANA,2018-04-07,09:00:00,9,SABADO,6,ABRIL,4,NO,"NO RESPETAR LAS SENIALES REGLAMENTARIAS DE TRANSITO. (PARE, CEDA EL PASO, LUZ ROJA DEL SEMAFORO, ETC).",ESTRELLAMIENTOS,AUTOMOVIL,1,0,0,0,0,0,0,0,0,0,0,0,0,1,-1,NO IDENTIFICADO,NO IDENTIFICADO,CONDUCTOR AUSENTE,NO,NO,2
11458,35517,35518,2018,1,0,-0.134361,-78.366441,PICHINCHA,QUITO,PUEMBO,RURAL,2018-04-07,11:15:00,11,SABADO,6,ABRIL,4,NO,NO CEDER EL DERECHO DE VIA O PREFERENCIA DE PASO AL PEATON.,ATROPELLOS,CAMION,0,0,0,1,0,0,0,0,0,0,0,0,0,1,83,HOMBRE,LESIONADO,PEATON,NO,NO,3
11459,35521,35522,2018,2,0,-0.218241,-78.433621,PICHINCHA,QUITO,CUMBAYA,URBANA,2018-04-07,12:20:00,12,SABADO,6,ABRIL,4,NO,"NO RESPETAR LAS SENIALES REGLAMENTARIAS DE TRANSITO. (PARE, CEDA EL PASO, LUZ ROJA DEL SEMAFORO, ETC).",CHOQUE LATERAL,AUTOMOVIL,2,0,0,0,0,0,0,0,0,0,0,0,0,2,33,HOMBRE,LESIONADO,CONDUCTOR PRESENTE,NO,NO,0
11460,35523,35524,2018,0,0,-0.199771,-78.428811,PICHINCHA,QUITO,CUMBAYA,URBANA,2018-04-07,12:40:00,12,SABADO,6,ABRIL,4,NO,BAJARSE O SUBIRSE DE VEHICULOS EN MOVIMIENTO SIN TOMAR LAS PRECAUCIONES DEBIDAS.,CAIDA DE PASAJERO,BUS,0,0,1,0,0,0,0,0,0,0,0,0,0,1,22,HOMBRE,ILESO,CONDUCTOR PRESENTE,NO,NO,0
11461,35525,35526,2018,0,0,-0.237165,-78.534083,PICHINCHA,QUITO,QUITO,URBANA,2018-04-07,12:50:00,12,SABADO,6,ABRIL,4,NO,"NO RESPETAR LAS SENIALES REGLAMENTARIAS DE TRANSITO. (PARE, CEDA EL PASO, LUZ ROJA DEL SEMAFORO, ETC).",OTROS,AUTOMOVIL,1,0,0,0,0,0,0,0,0,1,0,0,0,2,56,HOMBRE,ILESO,CONDUCTOR PRESENTE,NO,NO,0
11462,35539,35540,2018,0,0,-0.285267,-78.538815,PICHINCHA,QUITO,QUITO,URBANA,2018-04-07,16:00:00,16,SABADO,6,ABRIL,4,NO,NO GUARDAR LA DISTANCIA LATERAL MINIMA DE SEGURIDAD ENTRE VEHICULOS.,CHOQUE LATERAL,AUTOMOVIL,1,0,0,0,0,0,0,0,0,1,0,0,0,2,44,HOMBRE,ILESO,CONDUCTOR PRESENTE,NO,NO,0
11463,35543,35544,2018,0,0,-0.232871,-78.486561,PICHINCHA,QUITO,QUITO,URBANA,2018-04-07,16:30:00,16,SABADO,6,ABRIL,4,NO,"NO RESPETAR LAS SENIALES REGLAMENTARIAS DE TRANSITO. (PARE, CEDA EL PASO, LUZ ROJA DEL SEMAFORO, ETC).",CHOQUE FRONTAL,AUTOMOVIL,2,0,0,0,0,0,0,0,0,0,0,0,0,2,31,MUJER,ILESO,CONDUCTOR PRESENTE,NO,NO,0
11464,35545,35546,2018,1,0,-0.163961,-78.472661,PICHINCHA,QUITO,QUITO,URBANA,2018-04-07,16:55:00,16,SABADO,6,ABRIL,4,NO,PEATON QUE CRUZA LA CALZADA SIN RESPETAR LA SENIALIZACION EXISTENTE (SEMAFOROS O SENIALES MANUALES).,ATROPELLOS,BUS,0,0,1,0,0,0,0,0,0,0,0,0,0,1,19,HOMBRE,LESIONADO,PEATON,NO,NO,0
11465,35546,35547,2018,1,0,-0.439369,-78.738727,PICHINCHA,MEJIA,MANUEL CORNEJO ASTORGA,RURAL,2018-04-07,17:15:00,17,SABADO,6,ABRIL,4,NO,"CONDUCIR DESATENTO A LAS CONDICIONES DE TRANSITO (CELULAR, PANTALLAS DE VIDEO, COMIDA, MAQUILLAJE O CUALQUIER OTRO ELEMENTO DISTRACTOR).",CHOQUE FRONTAL,CAMION,0,0,0,2,0,0,0,0,0,0,0,0,0,2,38,HOMBRE,LESIONADO,PASAJERO,NO,NO,3
11466,35548,35549,2018,0,1,-0.223831,-78.513321,PICHINCHA,QUITO,QUITO,URBANA,2018-04-07,18:00:00,18,SABADO,6,ABRIL,4,NO,PEATON QUE CRUZA LA CALZADA SIN RESPETAR LA SENIALIZACION EXISTENTE (SEMAFOROS O SENIALES MANUALES).,ARROLLAMIENTOS,BUS,0,0,1,0,0,0,0,0,0,0,0,0,0,1,52,HOMBRE,FALLECIDO,PEATON,NO,NO,0
11467,35550,35551,2018,1,0,-0.207831,-78.455881,PICHINCHA,QUITO,CUMBAYA,RURAL,2018-04-07,18:20:00,18,SABADO,6,ABRIL,4,NO,REALIZAR CAMBIO BRUSCO O INDEBIDO DE CARRIL.,CHOQUE LATERAL,AUTOMOVIL,1,0,0,0,0,0,0,0,1,0,0,0,0,2,21,HOMBRE,LESIONADO,CONDUCTOR PRESENTE,NO,NO,3
11468,35551,35552,2018,1,0,-0.271571,-78.528881,PICHINCHA,QUITO,QUITO,URBANA,2018-04-07,18:30:00,18,SABADO,6,ABRIL,4,NO,CONDUCIR VEHICULO SUPERANDO LOS LIMITES MAXIMOS DE VELOCIDAD.,ATROPELLOS,MOTOCICLETA,0,0,0,0,0,0,0,0,1,0,0,0,0,1,29,MUJER,LESIONADO,PEATON,NO,NO,0
11469,35552,35553,2018,1,0,-0.318541,-78.550591,PICHINCHA,QUITO,QUITO,URBANA,2018-04-07,18:45:00,18,SABADO,6,ABRIL,4,NO,NO TRANSITAR POR LAS ACERAS O ZONAS DE SEGURIDAD DESTINADAS PARA EL EFECTO.,ATROPELLOS,NO IDENTIFICADO,0,0,0,0,0,0,0,0,0,1,0,0,0,1,9,MUJER,LESIONADO,PEATON,NO,NO,0
11470,35555,35556,2018,2,0,-0.146901,-78.465031,PICHINCHA,QUITO,QUITO,URBANA,2018-04-07,19:05:00,19,SABADO,6,ABRIL,4,NO,NO CEDER EL DERECHO DE VIA O PREFERENCIA DE PASO AL PEATON.,ATROPELLOS,MOTOCICLETA,0,0,0,0,0,0,0,0,1,0,0,0,0,1,31,MUJER,LESIONADO,PASAJERO,NO,NO,0
11471,35573,35574,2018,1,0,-0.105381,-78.497731,PICHINCHA,QUITO,QUITO,URBANA,2018-04-07,21:15:00,21,SABADO,6,ABRIL,4,NO,"NO RESPETAR LAS SENIALES REGLAMENTARIAS DE TRANSITO. (PARE, CEDA EL PASO, LUZ ROJA DEL SEMAFORO, ETC).",CHOQUE FRONTAL,AUTOMOVIL,2,0,0,0,0,0,0,0,0,0,0,0,0,2,39,MUJER,LESIONADO,PASAJERO,NO,NO,0
11472,35583,35584,2018,0,0,-0.201671,-78.476301,PICHINCHA,QUITO,QUITO,URBANA,2018-04-07,23:00:00,23,SABADO,6,ABRIL,4,NO,NO GUARDAR LA DISTANCIA LATERAL MINIMA DE SEGURIDAD ENTRE VEHICULOS.,ROZAMIENTOS,AUTOMOVIL,1,0,0,0,0,0,0,0,0,0,0,0,1,2,45,MUJER,ILESO,CONDUCTOR PRESENTE,NO,NO,0
11473,35587,35588,2018,0,0,-0.279841,-78.560151,PICHINCHA,QUITO,QUITO,URBANA,2018-04-08,00:00:00,0,DOMINGO,7,ABRIL,4,NO,"CONDUCE BAJO LA INFLUENCIA DE ALCOHOL, SUSTANCIAS ESTUPEFACIENTES O PSICOTROPICAS Y/O MEDICAMENTOS.",CHOQUE FRONTAL,FURGONETA,1,0,0,0,0,0,0,1,0,0,0,0,0,2,24,HOMBRE,ILESO,CONDUCTOR PRESENTE,NO,NO,0
11474,35588,35589,2018,0,0,-0.313131,-78.538371,PICHINCHA,QUITO,QUITO,URBANA,2018-04-08,00:00:00,0,DOMINGO,7,ABRIL,4,NO,NO GUARDAR LA DISTANCIA LATERAL MINIMA DE SEGURIDAD ENTRE VEHICULOS.,ROZAMIENTOS,AUTOMOVIL,1,0,0,0,0,0,0,0,0,1,0,0,0,2,-1,HOMBRE,ILESO,CONDUCTOR PRESENTE,NO,NO,0
11475,35589,35590,2018,0,0,-0.215931,-78.394841,PICHINCHA,QUITO,TUMBACO,URBANA,2018-04-08,00:45:00,0,DOMINGO,7,ABRIL,4,NO,CONDUCIR VEHICULO SUPERANDO LOS LIMITES MAXIMOS DE VELOCIDAD.,CHOQUE POSTERIOR,AUTOMOVIL,2,0,0,0,0,0,0,0,0,0,0,0,0,2,24,HOMBRE,ILESO,CONDUCTOR PRESENTE,NO,NO,0
11476,35590,35591,2018,0,1,-0.117711,-78.467801,PICHINCHA,QUITO,QUITO,URBANA,2018-04-08,00:50:00,0,DOMINGO,7,ABRIL,4,NO,"NO RESPETAR LAS SENIALES REGLAMENTARIAS DE TRANSITO. (PARE, CEDA EL PASO, LUZ ROJA DEL SEMAFORO, ETC).",OTROS,BICICLETA,0,1,0,0,0,0,0,0,0,0,0,0,0,1,35,HOMBRE,FALLECIDO,CONDUCTOR PRESENTE,NO,NO,0
11477,35593,35594,2018,0,0,-0.209101,-78.365451,PICHINCHA,QUITO,PUEMBO,URBANA,2018-04-08,01:10:00,1,DOMINGO,7,ABRIL,4,NO,CONDUCIR VEHICULO SUPERANDO LOS LIMITES MAXIMOS DE VELOCIDAD.,ROZAMIENTOS,AUTOMOVIL,2,0,0,0,0,0,0,0,0,0,0,0,0,2,28,MUJER,ILESO,CONDUCTOR PRESENTE,NO,NO,0
11478,35598,35599,2018,0,0,-0.299431,-78.565721,PICHINCHA,QUITO,QUITO,URBANA,2018-04-08,01:53:00,1,DOMINGO,7,ABRIL,4,NO,CONDUCIR VEHICULO SUPERANDO LOS LIMITES MAXIMOS DE VELOCIDAD.,ESTRELLAMIENTOS,AUTOMOVIL,1,0,0,0,0,0,0,0,0,0,0,0,0,1,-1,NO IDENTIFICADO,NO IDENTIFICADO,CONDUCTOR AUSENTE,NO,NO,2
11479,35606,35607,2018,2,0,-0.263781,-78.505941,PICHINCHA,QUITO,QUITO,URBANA,2018-04-08,05:20:00,5,DOMINGO,7,ABRIL,4,NO,"CONDUCE BAJO LA INFLUENCIA DE ALCOHOL, SUSTANCIAS ESTUPEFACIENTES O PSICOTROPICAS Y/O MEDICAMENTOS.",ESTRELLAMIENTOS,MOTOCICLETA,0,0,0,0,0,0,0,0,1,0,0,0,0,1,30,HOMBRE,LESIONADO,CONDUCTOR PRESENTE,NO,NO,0