,Unnamed: 0,ID,ANIO,LESIONADOS,FALLECIDOS,LATITUD_Y,LONGITUD_X,PROVINCIA,CANTON,PARROQUIA,ZONA,FECHA,HORA,PERIODO_2,DIA_1,DIA_2,MES_1,MES_2,FERIADO,CAUSA_PROBABLE,TIPO_DE_SINIESTRO,TIPO_DE_VEHICULO_1,AUTOMOVIL,BICICLETA,BUS,CAMION,CAMIONETA,EMERGENCIAS,ESPECIAL,FURGONETA,MOTOCICLETA,NO_IDENTIFICADO,SCOOTER_ELECTRICO,TRICIMOTO,VEHICULO_DEPORTIVO_UTILITARIO,SUMA_DE_VEHICULOS,EDAD_1,SEXO_1,CONDICION_1,PARTICIPANTE_1,CASCO_1,CINTURON_1,KMeans_Cluster
11480,35612,35613,2018,1,0,-0.267812,-78.535835,PICHINCHA,QUITO,QUITO,URBANA,2018-04-08,06:50:00,6,DOMINGO,7,ABRIL,4,NO,NO CEDER EL DERECHO DE VIA O PREFERENCIA DE PASO AL PEATON.,ATROPELLOS,NO IDENTIFICADO,0,0,0,0,0,0,0,0,0,1,0,0,0,1,31,HOMBRE,LESIONADO,PEATON,NO,NO,0
11481,35615,35616,2018,0,0,-0.289671,-78.550441,PICHINCHA,QUITO,QUITO,URBANA,2018-04-08,09:00:00,9,DOMINGO,7,ABRIL,4,NO,"CONDUCE BAJO LA INFLUENCIA DE ALCOHOL, SUSTANCIAS ESTUPEFACIENTES O PSICOTROPICAS Y/O MEDICAMENTOS.",CHOQUE LATERAL,CAMIONETA,1,0,0,0,1,0,0,0,0,0,0,0,0,2,32,HOMBRE,ILESO,CONDUCTOR PRESENTE,NO,NO,0
11482,35617,35618,2018,1,0,-0.280291,-78.558591,PICHINCHA,QUITO,QUITO,URBANA,2018-04-08,09:20:00,9,DOMINGO,7,ABRIL,4,NO,CONDUCIR VEHICULO SUPERANDO LOS LIMITES MAXIMOS DE VELOCIDAD.,ATROPELLOS,BUS,0,0,1,0,0,0,0,0,0,0,0,0,0,1,93,MUJER,LESIONADO,PEATON,NO,NO,0
11483,35622,35623,2018,1,0,-0.172559,-78.492043,PICHINCHA,QUITO,QUITO,URBANA,2018-04-08,10:00:00,10,DOMINGO,7,ABRIL,4,NO,NO CEDER EL DERECHO DE VIA O PREFERENCIA DE PASO AL PEATON.,ATROPELLOS,MOTOCICLETA,0,0,0,0,0,0,0,0,1,0,0,0,0,1,8,HOMBRE,LESIONADO,PEATON,NO,NO,0
11484,35625,35626,2018,0,0,-0.280291,-78.558591,PICHINCHA,QUITO,QUITO,URBANA,2018-04-08,10:40:00,10,DOMINGO,7,ABRIL,4,NO,"CONDUCIR EN ESTADO DE SOMNOLENCIA O MALAS CONDICIONES FISICAS (SUENIO, CANSANCIO Y FATIGA).",CHOQUE LATERAL,AUTOMOVIL,2,0,0,0,0,0,0,0,0,0,0,0,0,2,40,HOMBRE,ILESO,CONDUCTOR PRESENTE,NO,NO,0
11485,35627,35628,2018,0,0,-0.205941,-78.488811,PICHINCHA,QUITO,QUITO,URBANA,2018-04-08,11:30:00,11,DOMINGO,7,ABRIL,4,NO,"NO RESPETAR LAS SENIALES REGLAMENTARIAS DE TRANSITO. (PARE, CEDA EL PASO, LUZ ROJA DEL SEMAFORO, ETC).",CHOQUE LATERAL,FURGONETA,1,0,0,0,0,0,0,1,0,0,0,0,0,2,36,HOMBRE,ILESO,CONDUCTOR PRESENTE,NO,NO,0
11486,35632,35633,2018,0,0,-0.273871,-78.522931,PICHINCHA,QUITO,QUITO,URBANA,2018-04-08,13:30:00,13,DOMINGO,7,ABRIL,4,NO,"NO RESPETAR LAS SENIALES REGLAMENTARIAS DE TRANSITO. (PARE, CEDA EL PASO, LUZ ROJA DEL SEMAFORO, ETC).",CHOQUE LATERAL,AUTOMOVIL,1,0,0,0,0,0,0,0,0,1,0,0,0,2,20,HOMBRE,ILESO,CONDUCTOR PRESENTE,NO,NO,0
11487,35633,35634,2018,1,0,-0.089881,-78.517161,PICHINCHA,QUITO,QUITO,URBANA,2018-04-08,13:40:00,13,DOMINGO,7,ABRIL,4,NO,"NO RESPETAR LAS SENIALES REGLAMENTARIAS DE TRANSITO. (PARE, CEDA EL PASO, LUZ ROJA DEL SEMAFORO, ETC).",ARROLLAMIENTOS,NO IDENTIFICADO,0,0,0,0,0,0,0,0,0,1,0,0,0,1,47,HOMBRE,LESIONADO,PEATON,NO,NO,0
11488,35641,35642,2018,0,0,-0.264931,-78.521309,PICHINCHA,QUITO,QUITO,URBANA,2018-04-08,15:55:00,15,DOMINGO,7,ABRIL,4,NO,"CONDUCIR DESATENTO A LAS CONDICIONES DE TRANSITO (CELULAR, PANTALLAS DE VIDEO, COMIDA, MAQUILLAJE O CUALQUIER OTRO ELEMENTO DISTRACTOR).",ESTRELLAMIENTOS,AUTOMOVIL,1,0,0,0,0,0,0,0,0,1,0,0,0,2,-1,NO IDENTIFICADO,NO IDENTIFICADO,CONDUCTOR AUSENTE,NO,NO,2
11489,35643,35644,2018,1,0,-0.106771,-78.441931,PICHINCHA,QUITO,CALDERON (CARAPUNGO),URBANA,2018-04-08,16:20:00,16,DOMINGO,7,ABRIL,4,NO,NO CEDER EL DERECHO DE VIA O PREFERENCIA DE PASO AL PEATON.,ATROPELLOS,NO IDENTIFICADO,0,0,0,0,0,0,0,0,0,1,0,0,0,1,46,HOMBRE,LESIONADO,PEATON,NO,NO,0
11490,35645,35646,2018,1,0,-0.146271,-78.475041,PICHINCHA,QUITO,QUITO,URBANA,2018-04-08,17:00:00,17,DOMINGO,7,ABRIL,4,NO,CONDUCIR VEHICULO SUPERANDO LOS LIMITES MAXIMOS DE VELOCIDAD.,ESTRELLAMIENTOS,AUTOMOVIL,2,0,0,0,0,0,0,1,0,0,0,0,0,3,30,MUJER,LESIONADO,CONDUCTOR PRESENTE,NO,NO,0
11491,35648,35649,2018,1,0,-0.193541,-78.349981,PICHINCHA,QUITO,PUEMBO,URBANA,2018-04-08,18:00:00,18,DOMINGO,7,ABRIL,4,NO,PEATON QUE CRUZA LA CALZADA SIN RESPETAR LA SENIALIZACION EXISTENTE (SEMAFOROS O SENIALES MANUALES).,ATROPELLOS,MOTOCICLETA,0,0,0,0,0,0,0,0,1,0,0,0,0,1,3,MUJER,LESIONADO,PEATON,NO,NO,0
11492,35653,35654,2018,1,0,-0.204801,-78.376951,PICHINCHA,QUITO,TUMBACO,URBANA,2018-04-08,18:45:00,18,DOMINGO,7,ABRIL,4,NO,NO CEDER EL DERECHO DE VIA O PREFERENCIA DE PASO AL PEATON.,ATROPELLOS,NO IDENTIFICADO,0,0,0,0,0,0,0,0,0,1,0,0,0,1,65,HOMBRE,LESIONADO,PEATON,NO,NO,0
11493,35660,35661,2018,1,0,-0.284631,-78.532761,PICHINCHA,QUITO,QUITO,URBANA,2018-04-08,20:10:00,20,DOMINGO,7,ABRIL,4,NO,PEATON QUE CRUZA LA CALZADA SIN RESPETAR LA SENIALIZACION EXISTENTE (SEMAFOROS O SENIALES MANUALES).,ATROPELLOS,NO IDENTIFICADO,0,0,0,0,0,0,0,0,0,1,0,0,0,1,15,MUJER,LESIONADO,PEATON,NO,NO,0
11494,35665,35666,2018,0,0,-0.292721,-78.476491,PICHINCHA,QUITO,CONOCOTO,URBANA,2018-04-08,21:20:00,21,DOMINGO,7,ABRIL,4,NO,"CONDUCE BAJO LA INFLUENCIA DE ALCOHOL, SUSTANCIAS ESTUPEFACIENTES O PSICOTROPICAS Y/O MEDICAMENTOS.",CHOQUE FRONTAL,CAMIONETA,1,0,0,0,1,0,0,0,0,0,0,0,0,2,25,HOMBRE,ILESO,CONDUCTOR PRESENTE,NO,NO,0
11495,35677,35678,2018,0,0,0.008621,-78.214774,PICHINCHA,CAYAMBE,CANGAHUA,RURAL,2018-04-09,06:40:00,6,LUNES,1,ABRIL,4,NO,NO MANTENER LA DISTANCIA PRUDENCIAL CON RESPECTO AL VEHICULO QUE LE ANTECEDE.,CHOQUE POSTERIOR,VEHICULO DEPORTIVO UTILITARIO,0,0,0,1,0,0,0,0,0,0,0,0,1,2,52,HOMBRE,ILESO,CONDUCTOR PRESENTE,NO,NO,3
11496,35678,35679,2018,1,0,-0.262241,-78.539641,PICHINCHA,QUITO,QUITO,URBANA,2018-04-09,07:05:00,7,LUNES,1,ABRIL,4,NO,"NO RESPETAR LAS SENIALES REGLAMENTARIAS DE TRANSITO. (PARE, CEDA EL PASO, LUZ ROJA DEL SEMAFORO, ETC).",CHOQUE LATERAL,AUTOMOVIL,1,0,0,0,0,0,0,0,1,0,0,0,0,2,20,HOMBRE,LESIONADO,CONDUCTOR PRESENTE,NO,NO,0
11497,35684,35685,2018,0,0,-0.264361,-78.549891,PICHINCHA,QUITO,QUITO,URBANA,2018-04-09,08:05:00,8,LUNES,1,ABRIL,4,NO,"NO RESPETAR LAS SENIALES REGLAMENTARIAS DE TRANSITO. (PARE, CEDA EL PASO, LUZ ROJA DEL SEMAFORO, ETC).",CHOQUE LATERAL,CAMION,1,0,0,1,0,0,0,0,0,0,0,0,0,2,56,HOMBRE,ILESO,CONDUCTOR PRESENTE,NO,NO,0
11498,35685,35686,2018,0,0,-0.190035,-78.488131,PICHINCHA,QUITO,QUITO,URBANA,2018-04-09,08:05:00,8,LUNES,1,ABRIL,4,NO,"NO RESPETAR LAS SENIALES REGLAMENTARIAS DE TRANSITO. (PARE, CEDA EL PASO, LUZ ROJA DEL SEMAFORO, ETC).",CHOQUE LATERAL,AUTOMOVIL,2,0,0,0,0,0,0,0,0,0,0,0,0,2,58,HOMBRE,ILESO,CONDUCTOR PRESENTE,NO,NO,0
11499,35689,35690,2018,1,0,-0.115641,-78.491801,PICHINCHA,QUITO,QUITO,URBANA,2018-04-09,10:05:00,10,LUNES,1,ABRIL,4,NO,NO CEDER EL DERECHO DE VIA O PREFERENCIA DE PASO AL PEATON.,ATROPELLOS,AUTOMOVIL,1,0,0,0,0,0,0,0,0,0,0,0,0,1,72,MUJER,LESIONADO,PEATON,NO,NO,0
11500,35692,35693,2018,1,0,-0.140241,-78.476871,PICHINCHA,QUITO,QUITO,URBANA,2018-04-09,11:15:00,11,LUNES,1,ABRIL,4,NO,NO TRANSITAR POR LAS ACERAS O ZONAS DE SEGURIDAD DESTINADAS PARA EL EFECTO.,ATROPELLOS,AUTOMOVIL,1,0,0,0,0,0,0,0,0,0,0,0,0,1,90,HOMBRE,LESIONADO,PEATON,NO,NO,0
11501,35698,35699,2018,1,0,-0.225455,-78.522621,PICHINCHA,QUITO,QUITO,URBANA,2018-04-09,12:40:00,12,LUNES,1,ABRIL,4,NO,"CONDUCIR DESATENTO A LAS CONDICIONES DE TRANSITO (CELULAR, PANTALLAS DE VIDEO, COMIDA, MAQUILLAJE O CUALQUIER OTRO ELEMENTO DISTRACTOR).",VOLCAMIENTOS,MOTOCICLETA,0,0,0,0,0,0,0,0,1,0,0,0,0,1,22,HOMBRE,LESIONADO,CONDUCTOR PRESENTE,NO,NO,0
11502,35699,35700,2018,0,1,-0.159771,-78.487801,PICHINCHA,QUITO,QUITO,URBANA,2018-04-09,12:40:00,12,LUNES,1,ABRIL,4,NO,NO GUARDAR LA DISTANCIA LATERAL MINIMA DE SEGURIDAD ENTRE VEHICULOS.,ROZAMIENTOS,BUS,0,0,1,0,0,0,0,0,1,0,0,0,0,2,37,MUJER,FALLECIDO,PASAJERO,NO,NO,0
11503,35700,35701,2018,0,0,-0.121459,-78.510575,PICHINCHA,QUITO,QUITO,URBANA,2018-04-09,12:50:00,12,LUNES,1,ABRIL,4,NO,CONDUCIR VEHICULO SUPERANDO LOS LIMITES MAXIMOS DE VELOCIDAD.,ESTRELLAMIENTOS,MOTOCICLETA,0,0,0,0,0,0,0,0,1,0,0,0,1,2,24,HOMBRE,ILESO,CONDUCTOR PRESENTE,NO,NO,0
11504,35701,35702,2018,1,0,-0.122659,-78.466611,PICHINCHA,QUITO,QUITO,URBANA,2018-04-09,13:00:00,13,LUNES,1,ABRIL,4,NO,"NO RESPETAR LAS SENIALES REGLAMENTARIAS DE TRANSITO. (PARE, CEDA EL PASO, LUZ ROJA DEL SEMAFORO, ETC).",OTROS,BICICLETA,0,1,0,1,0,0,0,0,0,0,0,0,0,2,16,HOMBRE,LESIONADO,CONDUCTOR PRESENTE,NO,NO,0
11505,35705,35706,2018,1,0,-0.297781,-78.480451,PICHINCHA,QUITO,CONOCOTO,URBANA,2018-04-09,14:15:00,14,LUNES,1,ABRIL,4,NO,NO TRANSITAR POR LAS ACERAS O ZONAS DE SEGURIDAD DESTINADAS PARA EL EFECTO.,ATROPELLOS,BUS,0,0,1,0,0,0,0,0,0,0,0,0,0,1,44,MUJER,LESIONADO,PEATON,NO,NO,0
11506,35706,35707,2018,0,0,-0.115031,-78.485591,PICHINCHA,QUITO,QUITO,URBANA,2018-04-09,14:20:00,14,LUNES,1,ABRIL,4,NO,"MAL ESTACIONADO - EL CONDUCTOR QUE DETENGA O ESTACIONE VEHICULOS EN SITIOS O ZONAS QUE ENTRANIEN PELIGRO, TALES COMO ZONA DE SEGURIDAD, CURVAS, PUENTES, TUNELES, PENDIENTES.",ESTRELLAMIENTOS,FURGONETA,0,0,1,0,0,0,0,1,0,0,0,0,0,2,53,HOMBRE,ILESO,CONDUCTOR PRESENTE,NO,NO,0
11507,35710,35711,2018,2,0,-0.323871,-78.550111,PICHINCHA,QUITO,QUITO,URBANA,2018-04-09,16:00:00,16,LUNES,1,ABRIL,4,NO,"NO RESPETAR LAS SENIALES REGLAMENTARIAS DE TRANSITO. (PARE, CEDA EL PASO, LUZ ROJA DEL SEMAFORO, ETC).",CHOQUE LATERAL,MOTOCICLETA,0,0,0,0,0,0,0,0,1,0,0,0,0,1,25,HOMBRE,LESIONADO,CONDUCTOR PRESENTE,NO,NO,0
11508,35712,35713,2018,0,0,-0.266761,-78.538031,PICHINCHA,QUITO,QUITO,URBANA,2018-04-09,16:18:00,16,LUNES,1,ABRIL,4,NO,"CONDUCE BAJO LA INFLUENCIA DE ALCOHOL, SUSTANCIAS ESTUPEFACIENTES O PSICOTROPICAS Y/O MEDICAMENTOS.",ESTRELLAMIENTOS,AUTOMOVIL,1,0,0,0,0,0,0,0,0,0,0,0,0,1,38,HOMBRE,ILESO,CONDUCTOR PRESENTE,NO,NO,0
11509,35716,35717,2018,0,0,-0.315481,-78.548581,PICHINCHA,QUITO,QUITO,URBANA,2018-04-09,17:10:00,17,LUNES,1,ABRIL,4,NO,CONDUCIR VEHICULO SUPERANDO LOS LIMITES MAXIMOS DE VELOCIDAD.,CHOQUE LATERAL,CAMIONETA,1,0,0,0,1,0,0,0,0,0,0,0,0,2,43,HOMBRE,ILESO,CONDUCTOR PRESENTE,NO,NO,0
11510,35728,35729,2018,1,0,-0.080601,-78.436281,PICHINCHA,QUITO,CALDERON (CARAPUNGO),URBANA,2018-04-09,20:05:00,20,LUNES,1,ABRIL,4,NO,"CONDUCE BAJO LA INFLUENCIA DE ALCOHOL, SUSTANCIAS ESTUPEFACIENTES O PSICOTROPICAS Y/O MEDICAMENTOS.",CHOQUE FRONTAL,AUTOMOVIL,2,0,0,0,0,0,0,0,0,0,0,0,0,2,57,HOMBRE,LESIONADO,CONDUCTOR PRESENTE,NO,NO,0
11511,35732,35733,2018,0,0,-0.283197,-78.556683,PICHINCHA,QUITO,QUITO,URBANA,2018-04-09,23:10:00,23,LUNES,1,ABRIL,4,NO,"NO RESPETAR LAS SENIALES REGLAMENTARIAS DE TRANSITO. (PARE, CEDA EL PASO, LUZ ROJA DEL SEMAFORO, ETC).",ESTRELLAMIENTOS,CAMIONETA,0,0,0,0,1,0,0,0,0,0,0,0,0,1,-1,NO IDENTIFICADO,NO IDENTIFICADO,CONDUCTOR AUSENTE,NO,NO,2
11512,35733,35734,2018,0,0,-0.197781,-78.500021,PICHINCHA,QUITO,QUITO,URBANA,2018-04-09,23:30:00,23,LUNES,1,ABRIL,4,NO,"CONDUCE BAJO LA INFLUENCIA DE ALCOHOL, SUSTANCIAS ESTUPEFACIENTES O PSICOTROPICAS Y/O MEDICAMENTOS.",CHOQUE POSTERIOR,AUTOMOVIL,2,0,0,0,0,0,0,0,0,0,0,0,0,2,25,HOMBRE,ILESO,CONDUCTOR PRESENTE,NO,NO,0
11513,35734,35735,2018,0,1,-0.089881,-78.517161,PICHINCHA,QUITO,QUITO,URBANA,2018-04-09,23:45:00,23,LUNES,1,ABRIL,4,NO,"MAL ESTACIONADO - EL CONDUCTOR QUE DETENGA O ESTACIONE VEHICULOS EN SITIOS O ZONAS QUE ENTRANIEN PELIGRO, TALES COMO ZONA DE SEGURIDAD, CURVAS, PUENTES, TUNELES, PENDIENTES.",ESTRELLAMIENTOS,MOTOCICLETA,0,0,0,1,0,0,0,0,1,0,0,0,0,2,27,HOMBRE,FALLECIDO,CONDUCTOR PRESENTE,NO,NO,0
11514,35738,35739,2018,1,0,-0.224451,-78.521421,PICHINCHA,QUITO,QUITO,URBANA,2018-04-10,01:55:00,1,MARTES,2,ABRIL,4,NO,MALAS CONDICIONES DE LA VIA Y/O CONFIGURACION. (ILUMINACION Y DISENIO).,VOLCAMIENTOS,MOTOCICLETA,0,0,0,0,0,0,0,0,1,0,0,0,0,1,23,HOMBRE,LESIONADO,CONDUCTOR PRESENTE,NO,NO,0
11515,35739,35740,2018,0,0,-0.241711,-78.532411,PICHINCHA,QUITO,QUITO,URBANA,2018-04-10,05:05:00,5,MARTES,2,ABRIL,4,NO,CONDUCIR VEHICULO SUPERANDO LOS LIMITES MAXIMOS DE VELOCIDAD.,CHOQUE LATERAL,FURGONETA,0,0,1,0,0,0,0,1,0,0,0,0,0,2,56,HOMBRE,ILESO,CONDUCTOR PRESENTE,NO,NO,0
11516,35742,35743,2018,1,0,-0.273541,-78.535941,PICHINCHA,QUITO,QUITO,URBANA,2018-04-10,06:50:00,6,MARTES,2,ABRIL,4,NO,NO TRANSITAR POR LAS ACERAS O ZONAS DE SEGURIDAD DESTINADAS PARA EL EFECTO.,ATROPELLOS,AUTOMOVIL,1,0,0,0,0,0,0,0,0,0,0,0,0,1,67,MUJER,LESIONADO,PEATON,NO,NO,0
11517,35744,35745,2018,2,0,-0.177281,-78.359541,PICHINCHA,QUITO,PUEMBO,RURAL,2018-04-10,07:40:00,7,MARTES,2,ABRIL,4,NO,NO MANTENER LA DISTANCIA PRUDENCIAL CON RESPECTO AL VEHICULO QUE LE ANTECEDE.,CHOQUE POSTERIOR,MOTOCICLETA,1,0,0,0,0,0,0,0,1,0,0,0,0,2,35,HOMBRE,LESIONADO,CONDUCTOR PRESENTE,NO,NO,3
11518,35745,35746,2018,0,0,-0.132701,-78.478381,PICHINCHA,QUITO,QUITO,URBANA,2018-04-10,08:00:00,8,MARTES,2,ABRIL,4,NO,"FALLA MECANICA EN LOS SISTEMAS Y/O NEUMATICOS (SISTEMA DE FRENOS, DIRECCION, ELECTRONICO O MECANICO).",CHOQUE LATERAL,AUTOMOVIL,2,0,0,0,0,0,0,0,0,0,0,0,0,2,21,MUJER,ILESO,CONDUCTOR PRESENTE,NO,NO,0
11519,35746,35747,2018,2,0,-0.172871,-78.491946,PICHINCHA,QUITO,QUITO,URBANA,2018-04-10,08:10:00,8,MARTES,2,ABRIL,4,NO,NO GUARDAR LA DISTANCIA LATERAL MINIMA DE SEGURIDAD ENTRE VEHICULOS.,CHOQUE LATERAL,NO IDENTIFICADO,0,0,0,0,0,0,0,0,0,1,0,0,0,1,45,HOMBRE,LESIONADO,PASAJERO,NO,NO,0
11520,35747,35748,2018,3,0,-0.116871,-78.473141,PICHINCHA,QUITO,QUITO,URBANA,2018-04-10,08:10:00,8,MARTES,2,ABRIL,4,NO,PEATON QUE CRUZA LA CALZADA SIN RESPETAR LA SENIALIZACION EXISTENTE (SEMAFOROS O SENIALES MANUALES).,ATROPELLOS,MOTOCICLETA,0,0,0,0,1,0,0,0,1,0,0,0,0,2,25,HOMBRE,LESIONADO,CONDUCTOR PRESENTE,NO,NO,0
11521,35749,35750,2018,0,0,-0.211561,-78.380481,PICHINCHA,QUITO,TUMBACO,URBANA,2018-04-10,08:56:00,8,MARTES,2,ABRIL,4,NO,"NO RESPETAR LAS SENIALES REGLAMENTARIAS DE TRANSITO. (PARE, CEDA EL PASO, LUZ ROJA DEL SEMAFORO, ETC).",CHOQUE LATERAL,AUTOMOVIL,1,0,0,1,0,0,0,0,0,0,0,0,0,2,56,HOMBRE,ILESO,CONDUCTOR PRESENTE,NO,NO,0
11522,35752,35753,2018,1,0,-0.166061,-78.468471,PICHINCHA,QUITO,QUITO,URBANA,2018-04-10,10:00:00,10,MARTES,2,ABRIL,4,NO,NO MANTENER LA DISTANCIA PRUDENCIAL CON RESPECTO AL VEHICULO QUE LE ANTECEDE.,CHOQUE POSTERIOR,AUTOMOVIL,2,0,0,0,0,0,0,0,0,0,0,0,0,2,70,HOMBRE,LESIONADO,CONDUCTOR PRESENTE,NO,NO,0
11523,35754,35755,2018,1,0,-0.166061,-78.468461,PICHINCHA,QUITO,QUITO,URBANA,2018-04-10,12:20:00,12,MARTES,2,ABRIL,4,NO,NO CEDER EL DERECHO DE VIA O PREFERENCIA DE PASO AL PEATON.,ATROPELLOS,MOTOCICLETA,0,0,0,0,0,0,0,0,1,0,0,0,0,1,43,HOMBRE,LESIONADO,PEATON,NO,NO,0
11524,35755,35756,2018,1,0,-0.210064,-78.505471,PICHINCHA,QUITO,QUITO,URBANA,2018-04-10,12:40:00,12,MARTES,2,ABRIL,4,NO,"NO RESPETAR LAS SENIALES REGLAMENTARIAS DE TRANSITO. (PARE, CEDA EL PASO, LUZ ROJA DEL SEMAFORO, ETC).",CHOQUE LATERAL,AUTOMOVIL,2,0,0,0,0,0,0,0,0,0,0,0,0,2,68,MUJER,LESIONADO,PASAJERO,NO,NO,0
11525,35756,35757,2018,0,0,-0.199251,-78.488831,PICHINCHA,QUITO,QUITO,URBANA,2018-04-10,12:50:00,12,MARTES,2,ABRIL,4,NO,"NO RESPETAR LAS SENIALES REGLAMENTARIAS DE TRANSITO. (PARE, CEDA EL PASO, LUZ ROJA DEL SEMAFORO, ETC).",CHOQUE LATERAL,AUTOMOVIL,2,0,0,0,0,0,0,0,0,0,0,0,0,2,30,HOMBRE,ILESO,CONDUCTOR PRESENTE,NO,NO,0
11526,35758,35759,2018,1,0,-0.275331,-78.535791,PICHINCHA,QUITO,QUITO,URBANA,2018-04-10,13:40:00,13,MARTES,2,ABRIL,4,NO,NO CEDER EL DERECHO DE VIA O PREFERENCIA DE PASO AL PEATON.,ATROPELLOS,NO IDENTIFICADO,0,0,0,0,0,0,0,0,0,1,0,0,0,1,52,HOMBRE,LESIONADO,PEATON,NO,NO,0
11527,35759,35760,2018,0,0,-0.172141,-78.491241,PICHINCHA,QUITO,QUITO,URBANA,2018-04-10,14:15:00,14,MARTES,2,ABRIL,4,NO,NO MANTENER LA DISTANCIA PRUDENCIAL CON RESPECTO AL VEHICULO QUE LE ANTECEDE.,COLISION,AUTOMOVIL,1,0,0,1,1,0,0,0,0,0,0,0,0,3,38,MUJER,ILESO,CONDUCTOR PRESENTE,NO,NO,0
11528,35762,35763,2018,1,0,-0.276981,-78.557221,PICHINCHA,QUITO,QUITO,URBANA,2018-04-10,15:10:00,15,MARTES,2,ABRIL,4,NO,CONDUCIR VEHICULO SUPERANDO LOS LIMITES MAXIMOS DE VELOCIDAD.,ESTRELLAMIENTOS,MOTOCICLETA,1,0,0,0,0,0,0,0,1,0,0,0,0,2,39,HOMBRE,LESIONADO,CONDUCTOR PRESENTE,NO,NO,0
11529,35768,35769,2018,1,0,-0.219461,-78.506971,PICHINCHA,QUITO,QUITO,URBANA,2018-04-10,16:45:00,16,MARTES,2,ABRIL,4,NO,"ADELANTAR O REBASAR A OTRO VEHICULO EN MOVIMIENTO EN ZONAS O SITIOS PELIGROSOS TALES COMO: CURVAS, PUENTES, TUNELES, PENDIENTES, ETC.",ESTRELLAMIENTOS,MOTOCICLETA,0,0,0,0,1,0,0,0,1,0,0,0,0,2,26,HOMBRE,LESIONADO,CONDUCTOR PRESENTE,NO,NO,0
11530,35769,35770,2018,1,0,-0.269911,-78.528031,PICHINCHA,QUITO,QUITO,URBANA,2018-04-10,16:50:00,16,MARTES,2,ABRIL,4,NO,DEJAR O RECOGER PASAJEROS EN LUGARES NO PERMITIDOS.,CAIDA DE PASAJERO,BUS,0,0,1,0,0,0,0,0,0,0,0,0,0,1,69,MUJER,LESIONADO,PASAJERO,NO,NO,0
11531,35771,35772,2018,0,0,-0.237601,-78.484571,PICHINCHA,QUITO,QUITO,URBANA,2018-04-10,17:15:00,17,MARTES,2,ABRIL,4,NO,NO MANTENER LA DISTANCIA PRUDENCIAL CON RESPECTO AL VEHICULO QUE LE ANTECEDE.,CHOQUE POSTERIOR,AUTOMOVIL,2,0,0,0,0,0,0,0,0,0,0,0,0,2,28,HOMBRE,ILESO,CONDUCTOR PRESENTE,NO,NO,0
11532,35779,35780,2018,0,0,-0.291251,-78.447131,PICHINCHA,QUITO,ALANGASI,RURAL,2018-04-10,19:07:00,19,MARTES,2,ABRIL,4,NO,"CONDUCIR DESATENTO A LAS CONDICIONES DE TRANSITO (CELULAR, PANTALLAS DE VIDEO, COMIDA, MAQUILLAJE O CUALQUIER OTRO ELEMENTO DISTRACTOR).",CHOQUE LATERAL,AUTOMOVIL,1,0,0,1,0,0,0,0,0,0,0,0,0,2,23,MUJER,ILESO,CONDUCTOR PRESENTE,NO,NO,3
11533,35780,35781,2018,1,0,-0.328831,-78.560631,PICHINCHA,QUITO,QUITO,URBANA,2018-04-10,19:20:00,19,MARTES,2,ABRIL,4,NO,CONDUCIR VEHICULO SUPERANDO LOS LIMITES MAXIMOS DE VELOCIDAD.,CHOQUE LATERAL,MOTOCICLETA,0,0,0,0,0,0,0,0,1,0,0,0,0,1,19,HOMBRE,LESIONADO,CONDUCTOR PRESENTE,NO,NO,0
11534,35781,35782,2018,0,0,-0.099081,-78.421841,PICHINCHA,QUITO,CALDERON (CARAPUNGO),URBANA,2018-04-10,19:30:00,19,MARTES,2,ABRIL,4,NO,REALIZAR CAMBIO BRUSCO O INDEBIDO DE CARRIL.,COLISION,AUTOMOVIL,2,0,0,0,1,0,0,0,0,1,0,0,0,4,40,HOMBRE,ILESO,CONDUCTOR PRESENTE,NO,NO,0
11535,35784,35785,2018,1,0,-0.207661,-78.500701,PICHINCHA,QUITO,QUITO,URBANA,2018-04-10,20:55:00,20,MARTES,2,ABRIL,4,NO,"NO RESPETAR LAS SENIALES REGLAMENTARIAS DE TRANSITO. (PARE, CEDA EL PASO, LUZ ROJA DEL SEMAFORO, ETC).",CHOQUE LATERAL,MOTOCICLETA,1,0,0,0,0,0,0,0,1,0,0,0,0,2,25,HOMBRE,LESIONADO,CONDUCTOR PRESENTE,NO,NO,0
11536,35797,35798,2018,1,0,-0.084071,-78.508291,PICHINCHA,QUITO,QUITO,URBANA,2018-04-11,07:20:00,7,MIERCOLES,3,ABRIL,4,NO,CONDUCIR VEHICULO SUPERANDO LOS LIMITES MAXIMOS DE VELOCIDAD.,CAIDA DE PASAJERO,BUS,0,0,1,0,0,0,0,0,0,0,0,0,0,1,35,HOMBRE,LESIONADO,PASAJERO,NO,NO,0
11537,35800,35801,2018,1,0,-0.112141,-78.297061,PICHINCHA,QUITO,EL QUINCHE,RURAL,2018-04-11,08:15:00,8,MIERCOLES,3,ABRIL,4,NO,CONDUCIR VEHICULO SUPERANDO LOS LIMITES MAXIMOS DE VELOCIDAD.,PERDIDA DE PISTA,MOTOCICLETA,0,0,0,0,0,0,0,0,1,0,0,0,0,1,44,HOMBRE,LESIONADO,CONDUCTOR PRESENTE,NO,NO,3