,Unnamed: 0,ID,ANIO,LESIONADOS,FALLECIDOS,LATITUD_Y,LONGITUD_X,PROVINCIA,CANTON,PARROQUIA,ZONA,FECHA,HORA,PERIODO_2,DIA_1,DIA_2,MES_1,MES_2,FERIADO,CAUSA_PROBABLE,TIPO_DE_SINIESTRO,TIPO_DE_VEHICULO_1,AUTOMOVIL,BICICLETA,BUS,CAMION,CAMIONETA,EMERGENCIAS,ESPECIAL,FURGONETA,MOTOCICLETA,NO_IDENTIFICADO,SCOOTER_ELECTRICO,TRICIMOTO,VEHICULO_DEPORTIVO_UTILITARIO,SUMA_DE_VEHICULOS,EDAD_1,SEXO_1,CONDICION_1,PARTICIPANTE_1,CASCO_1,CINTURON_1,KMeans_Cluster
11538,35807,35808,2018,0,0,-0.172951,-78.480391,PICHINCHA,QUITO,QUITO,URBANA,2018-04-11,09:55:00,9,MIERCOLES,3,ABRIL,4,NO,NO CEDER EL DERECHO DE VIA O PREFERENCIA DE PASO AL PEATON.,ATROPELLOS,AUTOMOVIL,1,0,0,0,0,0,0,0,0,0,0,0,0,1,62,MUJER,ILESO,PEATON,NO,NO,0
11539,35810,35811,2018,0,0,-0.189731,-78.472081,PICHINCHA,QUITO,QUITO,URBANA,2018-04-11,10:10:00,10,MIERCOLES,3,ABRIL,4,NO,NO GUARDAR LA DISTANCIA LATERAL MINIMA DE SEGURIDAD ENTRE VEHICULOS.,ROZAMIENTOS,AUTOMOVIL,2,0,0,0,0,0,0,0,0,0,0,0,0,2,35,MUJER,ILESO,CONDUCTOR PRESENTE,NO,NO,0
11540,35811,35812,2018,1,0,-0.225821,-78.346461,PICHINCHA,QUITO,PIFO,RURAL,2018-04-11,10:15:00,10,MIERCOLES,3,ABRIL,4,NO,"NO RESPETAR LAS SENIALES REGLAMENTARIAS DE TRANSITO. (PARE, CEDA EL PASO, LUZ ROJA DEL SEMAFORO, ETC).",ATROPELLOS,CAMIONETA,0,0,0,0,1,0,0,0,0,0,0,0,0,1,55,MUJER,LESIONADO,PEATON,NO,NO,3
11541,35815,35816,2018,0,0,-0.172761,-78.486411,PICHINCHA,QUITO,QUITO,URBANA,2018-04-11,12:30:00,12,MIERCOLES,3,ABRIL,4,NO,"NO RESPETAR LAS SENIALES REGLAMENTARIAS DE TRANSITO. (PARE, CEDA EL PASO, LUZ ROJA DEL SEMAFORO, ETC).",ESTRELLAMIENTOS,AUTOMOVIL,1,0,0,0,0,0,0,0,0,0,0,0,0,1,34,HOMBRE,ILESO,CONDUCTOR PRESENTE,NO,NO,0
11542,35818,35819,2018,1,0,-0.214641,-78.516701,PICHINCHA,QUITO,QUITO,URBANA,2018-04-11,12:48:00,12,MIERCOLES,3,ABRIL,4,NO,NO TRANSITAR POR LAS ACERAS O ZONAS DE SEGURIDAD DESTINADAS PARA EL EFECTO.,ATROPELLOS,FURGONETA,0,0,0,0,0,0,0,1,0,0,0,0,0,1,10,MUJER,LESIONADO,PEATON,NO,NO,0
11543,35822,35823,2018,1,0,-0.265821,-78.532031,PICHINCHA,QUITO,QUITO,URBANA,2018-04-11,13:30:00,13,MIERCOLES,3,ABRIL,4,NO,CONDUCIR VEHICULO SUPERANDO LOS LIMITES MAXIMOS DE VELOCIDAD.,PERDIDA DE PISTA,NO IDENTIFICADO,0,0,0,0,0,0,0,0,0,1,0,0,0,1,31,HOMBRE,LESIONADO,CONDUCTOR PRESENTE,NO,NO,0
11544,35825,35826,2018,1,0,-0.212821,-78.402691,PICHINCHA,QUITO,TUMBACO,URBANA,2018-04-11,14:40:00,14,MIERCOLES,3,ABRIL,4,NO,CONDUCIR VEHICULO SUPERANDO LOS LIMITES MAXIMOS DE VELOCIDAD.,PERDIDA DE PISTA,MOTOCICLETA,0,0,0,0,0,0,0,0,1,0,0,0,0,1,25,HOMBRE,LESIONADO,CONDUCTOR PRESENTE,NO,NO,0
11545,35829,35830,2018,1,0,-0.214643,-78.516701,PICHINCHA,QUITO,QUITO,URBANA,2018-04-11,15:35:00,15,MIERCOLES,3,ABRIL,4,NO,"PEATON TRANSITA BAJO INFLUENCIA DE ALCOHOL, SUSTANCIAS ESTUPEFACIENTES O PSICOTROPICAS Y/O MEDICAMENTOS.",ATROPELLOS,AUTOMOVIL,1,0,0,0,0,0,0,0,0,0,0,0,0,1,30,HOMBRE,LESIONADO,PEATON,NO,NO,0
11546,35835,35836,2018,1,0,-0.250751,-78.537861,PICHINCHA,QUITO,QUITO,URBANA,2018-04-11,17:30:00,17,MIERCOLES,3,ABRIL,4,NO,CONDUCIR VEHICULO SUPERANDO LOS LIMITES MAXIMOS DE VELOCIDAD.,CHOQUE LATERAL,AUTOMOVIL,1,0,0,0,0,0,0,0,1,0,0,0,0,2,24,MUJER,LESIONADO,PASAJERO,NO,NO,0
11547,35836,35837,2018,0,0,-0.086526,-78.390791,PICHINCHA,QUITO,CALDERON (CARAPUNGO),RURAL,2018-04-11,18:00:00,18,MIERCOLES,3,ABRIL,4,NO,"CONDUCIR DESATENTO A LAS CONDICIONES DE TRANSITO (CELULAR, PANTALLAS DE VIDEO, COMIDA, MAQUILLAJE O CUALQUIER OTRO ELEMENTO DISTRACTOR).",ESTRELLAMIENTOS,VEHICULO DEPORTIVO UTILITARIO,0,0,0,0,0,0,0,0,0,0,0,0,1,1,30,HOMBRE,ILESO,CONDUCTOR PRESENTE,NO,NO,3
11548,35840,35841,2018,0,0,-0.175371,-78.499831,PICHINCHA,QUITO,QUITO,URBANA,2018-04-11,18:15:00,18,MIERCOLES,3,ABRIL,4,NO,CONDUCIR VEHICULO SUPERANDO LOS LIMITES MAXIMOS DE VELOCIDAD.,CHOQUE LATERAL,AUTOMOVIL,2,0,0,0,0,0,0,0,0,0,0,0,0,2,40,HOMBRE,ILESO,CONDUCTOR PRESENTE,NO,NO,0
11549,35841,35842,2018,0,0,-0.143771,-78.500071,PICHINCHA,QUITO,QUITO,URBANA,2018-04-11,19:00:00,19,MIERCOLES,3,ABRIL,4,NO,NO MANTENER LA DISTANCIA PRUDENCIAL CON RESPECTO AL VEHICULO QUE LE ANTECEDE.,CHOQUE POSTERIOR,CAMIONETA,1,0,0,0,1,0,0,0,0,0,0,0,0,2,67,HOMBRE,ILESO,CONDUCTOR PRESENTE,NO,NO,0
11550,35842,35843,2018,1,0,-0.086551,-78.438151,PICHINCHA,QUITO,CALDERON (CARAPUNGO),URBANA,2018-04-11,19:10:00,19,MIERCOLES,3,ABRIL,4,NO,NO CEDER EL DERECHO DE VIA O PREFERENCIA DE PASO AL PEATON.,ATROPELLOS,VEHICULO DEPORTIVO UTILITARIO,0,0,0,0,0,0,0,0,0,0,0,0,1,1,12,MUJER,LESIONADO,PEATON,NO,NO,0
11551,35844,35845,2018,0,1,-0.396721,-78.529456,PICHINCHA,MEJIA,UYUMBICHO,RURAL,2018-04-11,20:00:00,20,MIERCOLES,3,ABRIL,4,NO,"CONDUCIR DESATENTO A LAS CONDICIONES DE TRANSITO (CELULAR, PANTALLAS DE VIDEO, COMIDA, MAQUILLAJE O CUALQUIER OTRO ELEMENTO DISTRACTOR).",ATROPELLOS,NO IDENTIFICADO,0,0,0,0,0,0,0,0,0,1,0,0,0,1,41,HOMBRE,FALLECIDO,PEATON,NO,NO,3
11552,35848,35849,2018,1,0,-0.283631,-78.535671,PICHINCHA,QUITO,QUITO,URBANA,2018-04-11,22:00:00,22,MIERCOLES,3,ABRIL,4,NO,PEATON QUE CRUZA LA CALZADA SIN RESPETAR LA SENIALIZACION EXISTENTE (SEMAFOROS O SENIALES MANUALES).,ATROPELLOS,MOTOCICLETA,0,0,0,0,0,0,0,0,1,0,0,0,0,1,29,MUJER,LESIONADO,PEATON,NO,NO,0
11553,35850,35851,2018,1,0,-0.217881,-78.513081,PICHINCHA,QUITO,QUITO,URBANA,2018-04-11,22:40:00,22,MIERCOLES,3,ABRIL,4,NO,"NO RESPETAR LAS SENIALES REGLAMENTARIAS DE TRANSITO. (PARE, CEDA EL PASO, LUZ ROJA DEL SEMAFORO, ETC).",CHOQUE LATERAL,CAMION,0,0,0,1,0,0,0,0,1,0,0,0,0,2,38,HOMBRE,LESIONADO,CONDUCTOR PRESENTE,NO,NO,0
11554,35852,35853,2018,0,0,-0.292252,-78.483839,PICHINCHA,QUITO,CONOCOTO,URBANA,2018-04-11,23:35:00,23,MIERCOLES,3,ABRIL,4,NO,"ADELANTAR O REBASAR A OTRO VEHICULO EN MOVIMIENTO EN ZONAS O SITIOS PELIGROSOS TALES COMO: CURVAS, PUENTES, TUNELES, PENDIENTES, ETC.",ROZAMIENTOS,AUTOMOVIL,1,0,0,0,0,0,0,0,0,0,0,0,0,1,43,MUJER,ILESO,CONDUCTOR PRESENTE,NO,NO,0
11555,35858,35859,2018,1,0,-0.093367,-78.479832,PICHINCHA,QUITO,QUITO,URBANA,2018-04-12,03:08:00,3,JUEVES,4,ABRIL,4,NO,CONDUCIR VEHICULO SUPERANDO LOS LIMITES MAXIMOS DE VELOCIDAD.,ESTRELLAMIENTOS,AUTOMOVIL,1,0,0,0,0,0,0,0,0,0,0,0,0,1,23,HOMBRE,LESIONADO,PASAJERO,NO,NO,0
11556,35859,35860,2018,0,0,-0.158951,-78.483631,PICHINCHA,QUITO,QUITO,URBANA,2018-04-12,03:20:00,3,JUEVES,4,ABRIL,4,NO,CONDUCIR VEHICULO SUPERANDO LOS LIMITES MAXIMOS DE VELOCIDAD.,ESTRELLAMIENTOS,AUTOMOVIL,1,0,0,0,0,0,0,0,0,0,0,0,0,1,-1,NO IDENTIFICADO,NO IDENTIFICADO,CONDUCTOR AUSENTE,NO,NO,2
11557,35862,35863,2018,0,0,-0.224796,-78.346824,PICHINCHA,QUITO,PIFO,URBANA,2018-04-12,05:30:00,5,JUEVES,4,ABRIL,4,NO,"CONDUCIR DESATENTO A LAS CONDICIONES DE TRANSITO (CELULAR, PANTALLAS DE VIDEO, COMIDA, MAQUILLAJE O CUALQUIER OTRO ELEMENTO DISTRACTOR).",ESTRELLAMIENTOS,CAMION,0,0,0,1,0,0,0,0,0,0,0,0,0,1,61,HOMBRE,ILESO,CONDUCTOR PRESENTE,NO,NO,0
11558,35864,35865,2018,0,0,-0.277211,-78.555401,PICHINCHA,QUITO,QUITO,URBANA,2018-04-12,06:37:00,6,JUEVES,4,ABRIL,4,NO,"NO RESPETAR LAS SENIALES REGLAMENTARIAS DE TRANSITO. (PARE, CEDA EL PASO, LUZ ROJA DEL SEMAFORO, ETC).",CHOQUE LATERAL,CAMIONETA,0,0,0,0,2,0,0,0,0,0,0,0,0,2,39,HOMBRE,ILESO,CONDUCTOR PRESENTE,NO,NO,0
11559,35866,35867,2018,1,0,-0.088881,-78.439921,PICHINCHA,QUITO,CALDERON (CARAPUNGO),URBANA,2018-04-12,07:20:00,7,JUEVES,4,ABRIL,4,NO,DEJAR O RECOGER PASAJEROS EN LUGARES NO PERMITIDOS.,CAIDA DE PASAJERO,NO IDENTIFICADO,0,0,0,0,0,0,0,0,0,1,0,0,0,1,35,MUJER,LESIONADO,PASAJERO,NO,NO,0
11560,35870,35871,2018,0,0,-0.236368,-78.494261,PICHINCHA,QUITO,QUITO,URBANA,2018-04-12,07:55:00,7,JUEVES,4,ABRIL,4,NO,"NO RESPETAR LAS SENIALES REGLAMENTARIAS DE TRANSITO. (PARE, CEDA EL PASO, LUZ ROJA DEL SEMAFORO, ETC).",OTROS,AUTOMOVIL,1,0,0,0,0,0,0,0,0,0,0,0,0,1,-1,NO IDENTIFICADO,NO IDENTIFICADO,CONDUCTOR AUSENTE,NO,NO,2
11561,35871,35872,2018,1,0,-0.232432,-78.486231,PICHINCHA,QUITO,QUITO,URBANA,2018-04-12,08:00:00,8,JUEVES,4,ABRIL,4,NO,"CASO FORTUITO O FUERZA MAYOR (EXPLOSION DE NEUMATICO NUEVO, DERRUMBE, INUNDACION, CAIDA DE PUENTE, ARBOL, PRESENCIA INTEMPESTIVA E IMPREVISTA DE SEMOVIENTES EN LA VIA, ETC.).",ESTRELLAMIENTOS,MOTOCICLETA,0,0,0,0,2,0,0,0,1,0,0,0,0,3,26,MUJER,LESIONADO,CONDUCTOR PRESENTE,NO,NO,0
11562,35877,35878,2018,1,0,-0.204651,-78.490451,PICHINCHA,QUITO,QUITO,URBANA,2018-04-12,09:50:00,9,JUEVES,4,ABRIL,4,NO,"NO RESPETAR LAS SENIALES REGLAMENTARIAS DE TRANSITO. (PARE, CEDA EL PASO, LUZ ROJA DEL SEMAFORO, ETC).",OTROS,NO IDENTIFICADO,0,0,0,0,0,0,0,0,0,1,0,0,0,1,80,MUJER,LESIONADO,PASAJERO,NO,NO,0
11563,35879,35880,2018,1,0,-0.171471,-78.489961,PICHINCHA,QUITO,QUITO,URBANA,2018-04-12,10:10:00,10,JUEVES,4,ABRIL,4,NO,NO GUARDAR LA DISTANCIA LATERAL MINIMA DE SEGURIDAD ENTRE VEHICULOS.,CHOQUE LATERAL,AUTOMOVIL,2,0,0,0,0,0,0,0,0,0,0,0,0,2,35,HOMBRE,LESIONADO,PASAJERO,NO,NO,0
11564,35883,35884,2018,1,0,-0.323869,-78.550111,PICHINCHA,QUITO,QUITO,URBANA,2018-04-12,11:30:00,11,JUEVES,4,ABRIL,4,NO,NO CEDER EL DERECHO DE VIA O PREFERENCIA DE PASO AL PEATON.,ATROPELLOS,AUTOMOVIL,1,0,0,0,0,0,0,0,0,0,0,0,0,1,58,HOMBRE,LESIONADO,PEATON,NO,NO,0
11565,35887,35888,2018,3,0,-0.123661,-78.495511,PICHINCHA,QUITO,QUITO,URBANA,2018-04-12,13:10:00,13,JUEVES,4,ABRIL,4,NO,"NO RESPETAR LAS SENIALES REGLAMENTARIAS DE TRANSITO. (PARE, CEDA EL PASO, LUZ ROJA DEL SEMAFORO, ETC).",CHOQUE LATERAL,AUTOMOVIL,2,0,0,0,0,0,0,0,0,0,0,0,0,2,47,MUJER,LESIONADO,CONDUCTOR PRESENTE,NO,NO,0
11566,35888,35889,2018,1,0,-0.159771,-78.490111,PICHINCHA,QUITO,QUITO,URBANA,2018-04-12,13:20:00,13,JUEVES,4,ABRIL,4,NO,NO GUARDAR LA DISTANCIA LATERAL MINIMA DE SEGURIDAD ENTRE VEHICULOS.,ROZAMIENTOS,MOTOCICLETA,0,0,0,0,0,0,0,0,1,0,0,0,1,2,22,HOMBRE,LESIONADO,CONDUCTOR PRESENTE,NO,NO,0
11567,35892,35893,2018,0,0,-0.140021,-78.499981,PICHINCHA,QUITO,QUITO,URBANA,2018-04-12,14:20:00,14,JUEVES,4,ABRIL,4,NO,CONDUCIR VEHICULO SUPERANDO LOS LIMITES MAXIMOS DE VELOCIDAD.,ESTRELLAMIENTOS,AUTOMOVIL,2,0,0,0,0,0,0,0,0,0,0,0,0,2,-1,NO IDENTIFICADO,NO IDENTIFICADO,CONDUCTOR AUSENTE,NO,NO,2
11568,35893,35894,2018,0,0,-0.317901,-78.535611,PICHINCHA,QUITO,QUITO,URBANA,2018-04-12,15:00:00,15,JUEVES,4,ABRIL,4,NO,"NO RESPETAR LAS SENIALES REGLAMENTARIAS DE TRANSITO. (PARE, CEDA EL PASO, LUZ ROJA DEL SEMAFORO, ETC).",OTROS,AUTOMOVIL,1,0,0,0,0,0,0,0,0,0,0,0,0,1,-1,NO IDENTIFICADO,NO IDENTIFICADO,CONDUCTOR AUSENTE,NO,NO,2
11569,35895,35896,2018,1,0,-0.287031,-78.519481,PICHINCHA,QUITO,QUITO,URBANA,2018-04-12,15:15:00,15,JUEVES,4,ABRIL,4,NO,NO MANTENER LA DISTANCIA PRUDENCIAL CON RESPECTO AL VEHICULO QUE LE ANTECEDE.,COLISION,CAMIONETA,0,0,0,0,3,0,0,0,0,0,0,0,0,3,69,MUJER,LESIONADO,PASAJERO,NO,NO,0
11570,35897,35898,2018,1,0,-0.148311,-78.475441,PICHINCHA,QUITO,QUITO,URBANA,2018-04-12,16:00:00,16,JUEVES,4,ABRIL,4,NO,"NO RESPETAR LAS SENIALES REGLAMENTARIAS DE TRANSITO. (PARE, CEDA EL PASO, LUZ ROJA DEL SEMAFORO, ETC).",OTROS,MOTOCICLETA,0,0,0,0,1,0,0,0,1,0,0,0,0,2,31,HOMBRE,LESIONADO,CONDUCTOR PRESENTE,NO,NO,0
11571,35900,35901,2018,1,0,-0.142041,-78.443221,PICHINCHA,QUITO,LLANO CHICO,URBANA,2018-04-12,16:55:00,16,JUEVES,4,ABRIL,4,NO,NO TRANSITAR POR LAS ACERAS O ZONAS DE SEGURIDAD DESTINADAS PARA EL EFECTO.,ATROPELLOS,MOTOCICLETA,0,0,0,0,0,0,0,0,1,0,0,0,0,1,9,HOMBRE,LESIONADO,PEATON,NO,NO,0
11572,35908,35909,2018,1,0,-0.304171,-78.542831,PICHINCHA,QUITO,QUITO,URBANA,2018-04-12,18:50:00,18,JUEVES,4,ABRIL,4,NO,"NO RESPETAR LAS SENIALES REGLAMENTARIAS DE TRANSITO. (PARE, CEDA EL PASO, LUZ ROJA DEL SEMAFORO, ETC).",OTROS,NO IDENTIFICADO,0,0,0,0,0,0,0,0,0,1,0,0,0,1,29,MUJER,LESIONADO,PASAJERO,NO,NO,0
11573,35910,35911,2018,1,0,-0.228101,-78.506921,PICHINCHA,QUITO,QUITO,URBANA,2018-04-12,18:55:00,18,JUEVES,4,ABRIL,4,NO,NO TRANSITAR POR LAS ACERAS O ZONAS DE SEGURIDAD DESTINADAS PARA EL EFECTO.,ATROPELLOS,BUS,0,0,1,0,0,0,0,0,0,0,0,0,0,1,52,MUJER,LESIONADO,PEATON,NO,NO,0
11574,35912,35913,2018,0,0,-0.272913,-78.482184,PICHINCHA,QUITO,CONOCOTO,URBANA,2018-04-12,19:30:00,19,JUEVES,4,ABRIL,4,NO,"CONDUCIR DESATENTO A LAS CONDICIONES DE TRANSITO (CELULAR, PANTALLAS DE VIDEO, COMIDA, MAQUILLAJE O CUALQUIER OTRO ELEMENTO DISTRACTOR).",ESTRELLAMIENTOS,AUTOMOVIL,1,0,0,0,0,0,0,0,0,1,0,0,0,2,28,HOMBRE,ILESO,CONDUCTOR PRESENTE,NO,NO,0
11575,35915,35916,2018,0,0,-0.303845,-78.456773,PICHINCHA,RUMINIAHUI,SANGOLQUI,URBANA,2018-04-12,19:50:00,19,JUEVES,4,ABRIL,4,NO,"CONDUCE BAJO LA INFLUENCIA DE ALCOHOL, SUSTANCIAS ESTUPEFACIENTES O PSICOTROPICAS Y/O MEDICAMENTOS.",COLISION,CAMION,1,0,0,1,0,0,0,0,0,0,0,0,1,3,29,MUJER,ILESO,CONDUCTOR PRESENTE,NO,NO,0
11576,35918,35919,2018,0,0,-0.120711,-78.511314,PICHINCHA,QUITO,QUITO,URBANA,2018-04-12,21:10:00,21,JUEVES,4,ABRIL,4,NO,"NO RESPETAR LAS SENIALES REGLAMENTARIAS DE TRANSITO. (PARE, CEDA EL PASO, LUZ ROJA DEL SEMAFORO, ETC).",OTROS,MOTOCICLETA,0,0,0,0,0,0,0,0,1,0,0,0,0,1,36,HOMBRE,ILESO,CONDUCTOR PRESENTE,NO,NO,0
11577,35923,35924,2018,2,2,-0.212821,-78.402691,PICHINCHA,QUITO,TUMBACO,URBANA,2018-04-12,21:45:00,21,JUEVES,4,ABRIL,4,NO,"CONDUCE BAJO LA INFLUENCIA DE ALCOHOL, SUSTANCIAS ESTUPEFACIENTES O PSICOTROPICAS Y/O MEDICAMENTOS.",ESTRELLAMIENTOS,AUTOMOVIL,1,0,0,0,0,0,0,0,3,0,0,0,0,4,22,HOMBRE,FALLECIDO,CONDUCTOR PRESENTE,NO,NO,0
11578,35927,35928,2018,0,0,-0.232481,-78.448311,PICHINCHA,QUITO,CUMBAYA,URBANA,2018-04-12,23:20:00,23,JUEVES,4,ABRIL,4,NO,"CASO FORTUITO O FUERZA MAYOR (EXPLOSION DE NEUMATICO NUEVO, DERRUMBE, INUNDACION, CAIDA DE PUENTE, ARBOL, PRESENCIA INTEMPESTIVA E IMPREVISTA DE SEMOVIENTES EN LA VIA, ETC.).",ESTRELLAMIENTOS,CAMIONETA,0,0,0,0,1,0,0,0,0,0,0,0,0,1,51,HOMBRE,ILESO,CONDUCTOR PRESENTE,NO,NO,0
11579,35930,35931,2018,1,0,-0.244631,-78.519071,PICHINCHA,QUITO,QUITO,URBANA,2018-04-13,01:05:00,1,VIERNES,5,ABRIL,4,NO,"NO RESPETAR LAS SENIALES REGLAMENTARIAS DE TRANSITO. (PARE, CEDA EL PASO, LUZ ROJA DEL SEMAFORO, ETC).",OTROS,NO IDENTIFICADO,0,0,0,0,0,0,0,0,0,1,0,0,0,1,24,HOMBRE,LESIONADO,PASAJERO,NO,NO,0
11580,35933,35934,2018,0,1,-0.274331,-78.510521,PICHINCHA,QUITO,QUITO,URBANA,2018-04-13,03:50:00,3,VIERNES,5,ABRIL,4,NO,NO CEDER EL DERECHO DE VIA O PREFERENCIA DE PASO AL PEATON.,ATROPELLOS,NO IDENTIFICADO,0,0,0,0,0,0,0,0,0,1,0,0,0,1,27,HOMBRE,FALLECIDO,PEATON,NO,NO,0
11581,35935,35936,2018,2,0,-0.226791,-78.521891,PICHINCHA,QUITO,QUITO,URBANA,2018-04-13,06:10:00,6,VIERNES,5,ABRIL,4,NO,NO TRANSITAR POR LAS ACERAS O ZONAS DE SEGURIDAD DESTINADAS PARA EL EFECTO.,ATROPELLOS,MOTOCICLETA,0,0,0,0,0,0,0,0,1,0,0,0,0,1,25,HOMBRE,LESIONADO,CONDUCTOR PRESENTE,NO,NO,0
11582,35942,35943,2018,1,0,-0.091351,-78.432031,PICHINCHA,QUITO,CALDERON (CARAPUNGO),URBANA,2018-04-13,08:40:00,8,VIERNES,5,ABRIL,4,NO,NO GUARDAR LA DISTANCIA LATERAL MINIMA DE SEGURIDAD ENTRE VEHICULOS.,CHOQUE LATERAL,CAMIONETA,0,0,0,0,1,0,0,0,1,0,0,0,0,2,36,HOMBRE,LESIONADO,CONDUCTOR PRESENTE,NO,NO,0
11583,35949,35950,2018,1,0,-0.292721,-78.476491,PICHINCHA,QUITO,CONOCOTO,URBANA,2018-04-13,12:30:00,12,VIERNES,5,ABRIL,4,NO,BAJARSE O SUBIRSE DE VEHICULOS EN MOVIMIENTO SIN TOMAR LAS PRECAUCIONES DEBIDAS.,OTROS,NO IDENTIFICADO,0,0,0,0,0,0,0,0,0,1,0,0,0,1,14,MUJER,LESIONADO,PASAJERO,NO,NO,0
11584,35950,35951,2018,0,0,-0.226441,-78.512971,PICHINCHA,QUITO,QUITO,URBANA,2018-04-13,12:35:00,12,VIERNES,5,ABRIL,4,NO,"NO RESPETAR LAS SENIALES REGLAMENTARIAS DE TRANSITO. (PARE, CEDA EL PASO, LUZ ROJA DEL SEMAFORO, ETC).",OTROS,AUTOMOVIL,1,0,0,0,0,0,0,0,0,0,0,0,0,1,-1,NO IDENTIFICADO,NO IDENTIFICADO,CONDUCTOR AUSENTE,NO,NO,2
11585,35951,35952,2018,3,0,-0.266761,-78.538031,PICHINCHA,QUITO,QUITO,URBANA,2018-04-13,12:45:00,12,VIERNES,5,ABRIL,4,NO,"NO RESPETAR LAS SENIALES REGLAMENTARIAS DE TRANSITO. (PARE, CEDA EL PASO, LUZ ROJA DEL SEMAFORO, ETC).",CHOQUE LATERAL,AUTOMOVIL,1,0,1,0,0,0,0,0,0,0,0,0,0,2,34,MUJER,LESIONADO,CONDUCTOR PRESENTE,NO,NO,0
11586,35952,35953,2018,0,0,-0.172151,-78.491141,PICHINCHA,QUITO,QUITO,URBANA,2018-04-13,13:20:00,13,VIERNES,5,ABRIL,4,NO,NO GUARDAR LA DISTANCIA LATERAL MINIMA DE SEGURIDAD ENTRE VEHICULOS.,ROZAMIENTOS,AUTOMOVIL,1,0,0,1,0,0,0,0,0,0,0,0,0,2,56,HOMBRE,ILESO,CONDUCTOR PRESENTE,NO,NO,0
11587,35953,35954,2018,0,0,-0.176625,-78.481021,PICHINCHA,QUITO,QUITO,URBANA,2018-04-13,13:20:00,13,VIERNES,5,ABRIL,4,NO,NO RESPETAR LAS SENIALES MANUALES DEL AGENTE DE TRANSITO.,CHOQUE LATERAL,AUTOMOVIL,2,0,0,0,0,0,0,0,0,0,0,0,0,2,65,HOMBRE,ILESO,CONDUCTOR PRESENTE,NO,NO,0
11588,35954,35955,2018,1,0,-0.253728,-78.534285,PICHINCHA,QUITO,QUITO,URBANA,2018-04-13,13:30:00,13,VIERNES,5,ABRIL,4,NO,DEJAR O RECOGER PASAJEROS EN LUGARES NO PERMITIDOS.,CAIDA DE PASAJERO,NO IDENTIFICADO,0,0,0,0,0,0,0,0,0,1,0,0,0,1,7,HOMBRE,LESIONADO,PASAJERO,NO,NO,0
11589,35958,35959,2018,1,0,-0.246406,-78.519524,PICHINCHA,QUITO,QUITO,URBANA,2018-04-13,15:30:00,15,VIERNES,5,ABRIL,4,NO,BAJARSE O SUBIRSE DE VEHICULOS EN MOVIMIENTO SIN TOMAR LAS PRECAUCIONES DEBIDAS.,CAIDA DE PASAJERO,BUS,0,0,1,0,0,0,0,0,0,0,0,0,0,1,4,HOMBRE,LESIONADO,PASAJERO,NO,NO,0
11590,35961,35962,2018,0,0,-0.183571,-78.478841,PICHINCHA,QUITO,QUITO,URBANA,2018-04-13,16:10:00,16,VIERNES,5,ABRIL,4,NO,NO MANTENER LA DISTANCIA PRUDENCIAL CON RESPECTO AL VEHICULO QUE LE ANTECEDE.,COLISION,CAMION,1,0,0,1,0,0,0,1,0,0,0,0,0,3,48,HOMBRE,ILESO,CONDUCTOR PRESENTE,NO,NO,0
11591,35970,35971,2018,0,0,-0.161461,-78.487361,PICHINCHA,QUITO,QUITO,URBANA,2018-04-13,18:41:00,18,VIERNES,5,ABRIL,4,NO,"NO RESPETAR LAS SENIALES REGLAMENTARIAS DE TRANSITO. (PARE, CEDA EL PASO, LUZ ROJA DEL SEMAFORO, ETC).",CHOQUE LATERAL,AUTOMOVIL,2,0,0,0,0,0,0,0,0,0,0,0,0,2,32,HOMBRE,ILESO,CONDUCTOR PRESENTE,NO,NO,0
11592,35974,35975,2018,1,0,-0.142711,-78.492411,PICHINCHA,QUITO,QUITO,URBANA,2018-04-13,19:49:00,19,VIERNES,5,ABRIL,4,NO,NO GUARDAR LA DISTANCIA LATERAL MINIMA DE SEGURIDAD ENTRE VEHICULOS.,CHOQUE LATERAL,BUS,0,0,1,0,0,0,0,0,1,0,0,0,0,2,29,HOMBRE,LESIONADO,CONDUCTOR PRESENTE,NO,NO,0
11593,35975,35976,2018,0,0,-0.198721,-78.484401,PICHINCHA,QUITO,QUITO,URBANA,2018-04-13,19:50:00,19,VIERNES,5,ABRIL,4,NO,"NO RESPETAR LAS SENIALES REGLAMENTARIAS DE TRANSITO. (PARE, CEDA EL PASO, LUZ ROJA DEL SEMAFORO, ETC).",CHOQUE LATERAL,AUTOMOVIL,2,0,0,0,0,0,0,0,0,0,0,0,0,2,23,HOMBRE,ILESO,CONDUCTOR PRESENTE,NO,NO,0
11594,35976,35977,2018,1,0,-0.251453,-78.520448,PICHINCHA,QUITO,QUITO,URBANA,2018-04-13,20:15:00,20,VIERNES,5,ABRIL,4,NO,CONDUCIR VEHICULO SUPERANDO LOS LIMITES MAXIMOS DE VELOCIDAD.,PERDIDA DE PISTA,MOTOCICLETA,0,0,0,0,0,0,0,0,1,0,0,0,0,1,19,MUJER,LESIONADO,PASAJERO,NO,NO,0
11595,35977,35978,2018,0,0,-0.525744,-78.578841,PICHINCHA,MEJIA,MACHACHI,RURAL,2018-04-13,20:20:00,20,VIERNES,5,ABRIL,4,NO,"CONDUCIR DESATENTO A LAS CONDICIONES DE TRANSITO (CELULAR, PANTALLAS DE VIDEO, COMIDA, MAQUILLAJE O CUALQUIER OTRO ELEMENTO DISTRACTOR).",PERDIDA DE PISTA,AUTOMOVIL,1,0,0,0,0,0,0,0,0,0,0,0,0,1,32,HOMBRE,ILESO,CONDUCTOR PRESENTE,NO,NO,3