,Unnamed: 0,ID,ANIO,LESIONADOS,FALLECIDOS,LATITUD_Y,LONGITUD_X,PROVINCIA,CANTON,PARROQUIA,ZONA,FECHA,HORA,PERIODO_2,DIA_1,DIA_2,MES_1,MES_2,FERIADO,CAUSA_PROBABLE,TIPO_DE_SINIESTRO,TIPO_DE_VEHICULO_1,AUTOMOVIL,BICICLETA,BUS,CAMION,CAMIONETA,EMERGENCIAS,ESPECIAL,FURGONETA,MOTOCICLETA,NO_IDENTIFICADO,SCOOTER_ELECTRICO,TRICIMOTO,VEHICULO_DEPORTIVO_UTILITARIO,SUMA_DE_VEHICULOS,EDAD_1,SEXO_1,CONDICION_1,PARTICIPANTE_1,CASCO_1,CINTURON_1,KMeans_Cluster
11596,35981,35982,2018,4,0,-0.256731,-78.542811,PICHINCHA,QUITO,QUITO,URBANA,2018-04-13,21:30:00,21,VIERNES,5,ABRIL,4,NO,"NO RESPETAR LAS SENIALES REGLAMENTARIAS DE TRANSITO. (PARE, CEDA EL PASO, LUZ ROJA DEL SEMAFORO, ETC).",CHOQUE FRONTAL,AUTOMOVIL,1,0,1,0,0,0,0,0,0,0,0,0,0,2,56,HOMBRE,LESIONADO,CONDUCTOR PRESENTE,NO,NO,0
11597,35983,35984,2018,0,0,-0.091591,-78.439051,PICHINCHA,QUITO,CALDERON (CARAPUNGO),URBANA,2018-04-13,22:50:00,22,VIERNES,5,ABRIL,4,NO,"CONDUCE BAJO LA INFLUENCIA DE ALCOHOL, SUSTANCIAS ESTUPEFACIENTES O PSICOTROPICAS Y/O MEDICAMENTOS.",CHOQUE POSTERIOR,AUTOMOVIL,2,0,0,0,0,0,0,0,0,0,0,0,0,2,28,HOMBRE,ILESO,CONDUCTOR PRESENTE,NO,NO,0
11598,35985,35986,2018,0,0,-0.086427,-78.423161,PICHINCHA,QUITO,CALDERON (CARAPUNGO),URBANA,2018-04-14,00:10:00,0,SABADO,6,ABRIL,4,NO,CONDUCIR VEHICULO SUPERANDO LOS LIMITES MAXIMOS DE VELOCIDAD.,CHOQUE LATERAL,AUTOMOVIL,1,0,0,0,1,0,0,0,0,0,0,0,0,2,22,HOMBRE,ILESO,CONDUCTOR PRESENTE,NO,NO,0
11599,35989,35990,2018,1,0,-0.101881,-78.490501,PICHINCHA,QUITO,QUITO,URBANA,2018-04-14,01:50:00,1,SABADO,6,ABRIL,4,NO,CONDUCIR VEHICULO SUPERANDO LOS LIMITES MAXIMOS DE VELOCIDAD.,PERDIDA DE PISTA,MOTOCICLETA,0,0,0,0,0,0,0,0,1,0,0,0,0,1,27,HOMBRE,LESIONADO,CONDUCTOR PRESENTE,NO,NO,0
11600,35990,35991,2018,0,0,-0.224841,-78.493231,PICHINCHA,QUITO,QUITO,URBANA,2018-04-14,01:55:00,1,SABADO,6,ABRIL,4,NO,"CASO FORTUITO O FUERZA MAYOR (EXPLOSION DE NEUMATICO NUEVO, DERRUMBE, INUNDACION, CAIDA DE PUENTE, ARBOL, PRESENCIA INTEMPESTIVA E IMPREVISTA DE SEMOVIENTES EN LA VIA, ETC.).",ESTRELLAMIENTOS,AUTOMOVIL,1,0,0,0,0,0,0,0,0,0,0,0,0,1,34,MUJER,ILESO,CONDUCTOR PRESENTE,NO,NO,0
11601,35991,35992,2018,1,0,-0.277621,-78.531251,PICHINCHA,QUITO,QUITO,URBANA,2018-04-14,02:30:00,2,SABADO,6,ABRIL,4,NO,"NO RESPETAR LAS SENIALES REGLAMENTARIAS DE TRANSITO. (PARE, CEDA EL PASO, LUZ ROJA DEL SEMAFORO, ETC).",OTROS,MOTOCICLETA,0,0,0,0,0,0,0,0,1,0,0,0,0,1,35,HOMBRE,LESIONADO,PASAJERO,NO,NO,0
11602,35994,35995,2018,0,0,-0.316391,-78.553641,PICHINCHA,QUITO,QUITO,URBANA,2018-04-14,03:20:00,3,SABADO,6,ABRIL,4,NO,"NO RESPETAR LAS SENIALES REGLAMENTARIAS DE TRANSITO. (PARE, CEDA EL PASO, LUZ ROJA DEL SEMAFORO, ETC).",ESTRELLAMIENTOS,VEHICULO DEPORTIVO UTILITARIO,0,0,0,0,0,0,0,0,0,0,0,0,1,1,-1,NO IDENTIFICADO,NO IDENTIFICADO,CONDUCTOR AUSENTE,NO,NO,2
11603,35995,35996,2018,0,0,-0.135728,-78.484431,PICHINCHA,QUITO,QUITO,URBANA,2018-04-14,03:33:00,3,SABADO,6,ABRIL,4,NO,NO MANTENER LA DISTANCIA PRUDENCIAL CON RESPECTO AL VEHICULO QUE LE ANTECEDE.,CHOQUE POSTERIOR,AUTOMOVIL,1,0,0,0,1,0,0,0,0,0,0,0,0,2,30,HOMBRE,ILESO,CONDUCTOR PRESENTE,NO,NO,0
11604,35996,35997,2018,0,0,-0.208351,-78.520751,PICHINCHA,QUITO,QUITO,URBANA,2018-04-14,03:40:00,3,SABADO,6,ABRIL,4,NO,"NO RESPETAR LAS SENIALES REGLAMENTARIAS DE TRANSITO. (PARE, CEDA EL PASO, LUZ ROJA DEL SEMAFORO, ETC).",ESTRELLAMIENTOS,AUTOMOVIL,1,0,0,0,0,0,0,0,0,0,0,0,0,1,-1,NO IDENTIFICADO,NO IDENTIFICADO,CONDUCTOR AUSENTE,NO,NO,2
11605,35997,35998,2018,0,1,-0.162347,-78.321278,PICHINCHA,QUITO,YARUQUI,RURAL,2018-04-14,03:45:00,3,SABADO,6,ABRIL,4,NO,NO TRANSITAR POR LAS ACERAS O ZONAS DE SEGURIDAD DESTINADAS PARA EL EFECTO.,ATROPELLOS,CAMION,0,0,0,1,0,0,0,0,0,0,0,0,0,1,-1,HOMBRE,FALLECIDO,PEATON,NO,NO,3
11606,36000,36001,2018,1,0,-0.249191,-78.531661,PICHINCHA,QUITO,QUITO,URBANA,2018-04-14,04:20:00,4,SABADO,6,ABRIL,4,NO,"PRESENCIA DE AGENTES EXTERNOS EN LA VIA (AGUA, ACEITE, PIEDRA, LASTRE, ESCOMBROS, MADEROS, ETC.).",PERDIDA DE PISTA,MOTOCICLETA,0,0,0,0,0,0,0,0,1,0,0,0,0,1,30,HOMBRE,LESIONADO,CONDUCTOR PRESENTE,NO,NO,0
11607,36001,36002,2018,1,0,-0.292721,-78.476491,PICHINCHA,QUITO,CONOCOTO,URBANA,2018-04-14,04:30:00,4,SABADO,6,ABRIL,4,NO,"NO RESPETAR LAS SENIALES REGLAMENTARIAS DE TRANSITO. (PARE, CEDA EL PASO, LUZ ROJA DEL SEMAFORO, ETC).",OTROS,NO IDENTIFICADO,0,0,0,0,0,0,0,0,0,1,0,0,0,1,26,HOMBRE,LESIONADO,PASAJERO,NO,NO,0
11608,36002,36003,2018,1,0,-0.160312,-78.566911,PICHINCHA,QUITO,QUITO,URBANA,2018-04-14,05:00:00,5,SABADO,6,ABRIL,4,NO,NO MANTENER LA DISTANCIA PRUDENCIAL CON RESPECTO AL VEHICULO QUE LE ANTECEDE.,CHOQUE POSTERIOR,AUTOMOVIL,1,0,0,0,0,0,0,0,0,0,0,0,0,1,40,HOMBRE,LESIONADO,PASAJERO,NO,NO,0
11609,36003,36004,2018,0,0,-0.139071,-78.441891,PICHINCHA,QUITO,LLANO CHICO,URBANA,2018-04-14,05:10:00,5,SABADO,6,ABRIL,4,NO,CONDUCIR VEHICULO SUPERANDO LOS LIMITES MAXIMOS DE VELOCIDAD.,ESTRELLAMIENTOS,AUTOMOVIL,1,0,0,0,0,0,0,0,0,0,0,0,0,1,-1,NO IDENTIFICADO,NO IDENTIFICADO,CONDUCTOR AUSENTE,NO,NO,2
11610,36004,36005,2018,1,0,-0.304061,-78.559181,PICHINCHA,QUITO,QUITO,URBANA,2018-04-14,06:00:00,6,SABADO,6,ABRIL,4,NO,CONDUCIR VEHICULO SUPERANDO LOS LIMITES MAXIMOS DE VELOCIDAD.,PERDIDA DE PISTA,MOTOCICLETA,0,0,0,0,0,0,0,0,1,0,0,0,0,1,20,HOMBRE,LESIONADO,CONDUCTOR PRESENTE,NO,NO,0
11611,36007,36008,2018,2,0,-0.280511,-78.533491,PICHINCHA,QUITO,QUITO,URBANA,2018-04-14,07:30:00,7,SABADO,6,ABRIL,4,NO,PEATON QUE CRUZA LA CALZADA SIN RESPETAR LA SENIALIZACION EXISTENTE (SEMAFOROS O SENIALES MANUALES).,ATROPELLOS,MOTOCICLETA,0,0,0,0,0,0,0,0,1,0,0,0,0,1,30,HOMBRE,LESIONADO,CONDUCTOR PRESENTE,NO,NO,0
11612,36010,36011,2018,0,0,-0.298811,-78.525401,PICHINCHA,QUITO,QUITO,URBANA,2018-04-14,08:30:00,8,SABADO,6,ABRIL,4,NO,"CONDUCIR DESATENTO A LAS CONDICIONES DE TRANSITO (CELULAR, PANTALLAS DE VIDEO, COMIDA, MAQUILLAJE O CUALQUIER OTRO ELEMENTO DISTRACTOR).",ESTRELLAMIENTOS,CAMION,0,0,0,1,0,0,0,0,0,0,0,0,0,1,-1,NO IDENTIFICADO,NO IDENTIFICADO,CONDUCTOR AUSENTE,NO,NO,2
11613,36013,36014,2018,0,0,-0.212811,-78.399351,PICHINCHA,QUITO,TUMBACO,URBANA,2018-04-14,08:51:00,8,SABADO,6,ABRIL,4,NO,NO GUARDAR LA DISTANCIA LATERAL MINIMA DE SEGURIDAD ENTRE VEHICULOS.,CHOQUE LATERAL,AUTOMOVIL,1,0,0,0,1,0,0,0,0,0,0,0,0,2,28,HOMBRE,ILESO,CONDUCTOR PRESENTE,NO,NO,0
11614,36015,36016,2018,0,0,-0.250641,-78.538031,PICHINCHA,QUITO,QUITO,URBANA,2018-04-14,10:15:00,10,SABADO,6,ABRIL,4,NO,REALIZAR CAMBIO BRUSCO O INDEBIDO DE CARRIL.,CHOQUE LATERAL,AUTOMOVIL,2,0,0,0,0,0,0,0,0,0,0,0,0,2,60,HOMBRE,ILESO,CONDUCTOR PRESENTE,NO,NO,0
11615,36016,36017,2018,0,0,-0.197081,-78.431041,PICHINCHA,QUITO,CUMBAYA,URBANA,2018-04-14,10:20:00,10,SABADO,6,ABRIL,4,NO,"PRESENCIA DE AGENTES EXTERNOS EN LA VIA (AGUA, ACEITE, PIEDRA, LASTRE, ESCOMBROS, MADEROS, ETC.).",PERDIDA DE PISTA,MOTOCICLETA,0,0,0,0,0,0,0,0,1,0,0,0,0,1,42,HOMBRE,ILESO,CONDUCTOR PRESENTE,NO,NO,0
11616,36019,36020,2018,0,0,-0.210011,-78.507981,PICHINCHA,QUITO,QUITO,URBANA,2018-04-14,11:10:00,11,SABADO,6,ABRIL,4,NO,"NO RESPETAR LAS SENIALES REGLAMENTARIAS DE TRANSITO. (PARE, CEDA EL PASO, LUZ ROJA DEL SEMAFORO, ETC).",CHOQUE LATERAL,AUTOMOVIL,2,0,0,0,0,0,0,0,0,0,0,0,0,2,61,HOMBRE,ILESO,CONDUCTOR PRESENTE,NO,NO,0
11617,36023,36024,2018,0,0,-0.055071,-78.453747,PICHINCHA,QUITO,POMASQUI,RURAL,2018-04-14,12:45:00,12,SABADO,6,ABRIL,4,NO,"NO RESPETAR LAS SENIALES REGLAMENTARIAS DE TRANSITO. (PARE, CEDA EL PASO, LUZ ROJA DEL SEMAFORO, ETC).",CHOQUE FRONTAL,AUTOMOVIL,2,0,0,0,0,0,0,0,0,0,0,0,0,2,25,HOMBRE,ILESO,CONDUCTOR PRESENTE,NO,NO,3
11618,36027,36028,2018,0,0,-0.163231,-78.476411,PICHINCHA,QUITO,QUITO,URBANA,2018-04-14,13:35:00,13,SABADO,6,ABRIL,4,NO,"PRESENCIA DE AGENTES EXTERNOS EN LA VIA (AGUA, ACEITE, PIEDRA, LASTRE, ESCOMBROS, MADEROS, ETC.).",PERDIDA DE PISTA,MOTOCICLETA,0,0,0,0,0,0,0,0,1,0,0,0,0,1,23,MUJER,ILESO,PASAJERO,NO,NO,0
11619,36046,36047,2018,0,0,-0.279991,-78.524441,PICHINCHA,QUITO,QUITO,URBANA,2018-04-14,17:45:00,17,SABADO,6,ABRIL,4,NO,CONDUCIR VEHICULO SUPERANDO LOS LIMITES MAXIMOS DE VELOCIDAD.,CHOQUE LATERAL,BUS,0,0,1,0,1,0,0,0,0,0,0,0,0,2,35,HOMBRE,ILESO,CONDUCTOR PRESENTE,NO,NO,0
11620,36048,36049,2018,0,0,-0.497775,-78.571808,PICHINCHA,MEJIA,MACHACHI,RURAL,2018-04-14,17:55:00,17,SABADO,6,ABRIL,4,NO,"CONDUCIR DESATENTO A LAS CONDICIONES DE TRANSITO (CELULAR, PANTALLAS DE VIDEO, COMIDA, MAQUILLAJE O CUALQUIER OTRO ELEMENTO DISTRACTOR).",CHOQUE LATERAL,AUTOMOVIL,1,0,0,1,0,0,0,0,0,0,0,0,0,2,51,HOMBRE,ILESO,CONDUCTOR PRESENTE,NO,NO,3
11621,36051,36052,2018,0,0,-0.252321,-78.553481,PICHINCHA,QUITO,QUITO,URBANA,2018-04-14,18:45:00,18,SABADO,6,ABRIL,4,NO,NO CEDER EL DERECHO DE VIA O PREFERENCIA DE PASO AL PEATON.,ATROPELLOS,NO IDENTIFICADO,0,0,0,0,0,0,0,0,0,1,0,0,0,1,36,HOMBRE,ILESO,PEATON,NO,NO,0
11622,36055,36056,2018,1,0,-0.261921,-78.558881,PICHINCHA,QUITO,QUITO,URBANA,2018-04-14,19:40:00,19,SABADO,6,ABRIL,4,NO,NO CEDER EL DERECHO DE VIA O PREFERENCIA DE PASO AL PEATON.,ATROPELLOS,AUTOMOVIL,1,0,0,0,0,0,0,0,0,0,0,0,0,1,11,HOMBRE,LESIONADO,PEATON,NO,NO,0
11623,36057,36058,2018,0,0,-0.214511,-78.485271,PICHINCHA,QUITO,QUITO,URBANA,2018-04-14,20:15:00,20,SABADO,6,ABRIL,4,NO,"CONDUCE BAJO LA INFLUENCIA DE ALCOHOL, SUSTANCIAS ESTUPEFACIENTES O PSICOTROPICAS Y/O MEDICAMENTOS.",CHOQUE LATERAL,AUTOMOVIL,2,0,0,0,0,0,0,0,0,0,0,0,0,2,36,HOMBRE,ILESO,CONDUCTOR PRESENTE,NO,NO,0
11624,36070,36071,2018,0,0,-0.221778,-78.417373,PICHINCHA,QUITO,TUMBACO,URBANA,2018-04-14,22:50:00,22,SABADO,6,ABRIL,4,NO,CONDUCIR VEHICULO SUPERANDO LOS LIMITES MAXIMOS DE VELOCIDAD.,CHOQUE POSTERIOR,AUTOMOVIL,1,0,0,0,0,0,0,0,0,0,0,0,0,1,35,HOMBRE,ILESO,CONDUCTOR PRESENTE,NO,NO,0
11625,36071,36072,2018,0,0,-0.359628,-78.484253,PICHINCHA,QUITO,AMAGUANIA,RURAL,2018-04-14,23:00:00,23,SABADO,6,ABRIL,4,NO,"NO RESPETAR LAS SENIALES REGLAMENTARIAS DE TRANSITO. (PARE, CEDA EL PASO, LUZ ROJA DEL SEMAFORO, ETC).",CHOQUE FRONTAL,AUTOMOVIL,1,0,0,0,0,0,0,0,0,0,0,0,0,1,28,MUJER,ILESO,CONDUCTOR PRESENTE,NO,NO,3
11626,36073,36074,2018,0,0,-0.303566,-78.453927,PICHINCHA,RUMINIAHUI,SANGOLQUI,URBANA,2018-04-15,00:15:00,0,DOMINGO,7,ABRIL,4,NO,"CONDUCIR DESATENTO A LAS CONDICIONES DE TRANSITO (CELULAR, PANTALLAS DE VIDEO, COMIDA, MAQUILLAJE O CUALQUIER OTRO ELEMENTO DISTRACTOR).",PERDIDA DE PISTA,CAMION,0,0,0,1,0,0,0,0,0,0,0,0,0,1,-1,NO IDENTIFICADO,NO IDENTIFICADO,CONDUCTOR AUSENTE,NO,NO,2
11627,36076,36077,2018,1,0,-0.232481,-78.493231,PICHINCHA,QUITO,QUITO,URBANA,2018-04-15,01:25:00,1,DOMINGO,7,ABRIL,4,NO,"NO RESPETAR LAS SENIALES REGLAMENTARIAS DE TRANSITO. (PARE, CEDA EL PASO, LUZ ROJA DEL SEMAFORO, ETC).",VOLCAMIENTOS,AUTOMOVIL,1,0,0,0,0,0,0,0,0,0,0,0,0,1,28,HOMBRE,LESIONADO,PASAJERO,NO,NO,0
11628,36079,36080,2018,0,0,-0.255431,-78.520511,PICHINCHA,QUITO,QUITO,URBANA,2018-04-15,02:40:00,2,DOMINGO,7,ABRIL,4,NO,NO GUARDAR LA DISTANCIA LATERAL MINIMA DE SEGURIDAD ENTRE VEHICULOS.,CHOQUE LATERAL,AUTOMOVIL,1,0,0,0,0,0,0,0,1,0,0,0,0,2,41,MUJER,ILESO,CONDUCTOR PRESENTE,NO,NO,0
11629,36084,36085,2018,0,0,-0.355609,-78.548711,PICHINCHA,QUITO,QUITO,URBANA,2018-04-15,03:35:00,3,DOMINGO,7,ABRIL,4,NO,NO GUARDAR LA DISTANCIA LATERAL MINIMA DE SEGURIDAD ENTRE VEHICULOS.,ESTRELLAMIENTOS,AUTOMOVIL,1,0,0,0,0,0,0,0,0,0,0,0,0,1,-1,NO IDENTIFICADO,NO IDENTIFICADO,CONDUCTOR AUSENTE,NO,NO,2
11630,36085,36086,2018,1,0,-0.096378,-78.511461,PICHINCHA,QUITO,QUITO,URBANA,2018-04-15,04:00:00,4,DOMINGO,7,ABRIL,4,NO,NO CEDER EL DERECHO DE VIA O PREFERENCIA DE PASO AL PEATON.,ATROPELLOS,NO IDENTIFICADO,0,0,0,0,0,0,0,0,0,1,0,0,0,1,28,HOMBRE,LESIONADO,PEATON,NO,NO,0
11631,36086,36087,2018,0,0,-0.190931,-78.480371,PICHINCHA,QUITO,QUITO,URBANA,2018-04-15,04:05:00,4,DOMINGO,7,ABRIL,4,NO,"CONDUCIR EN ESTADO DE SOMNOLENCIA O MALAS CONDICIONES FISICAS (SUENIO, CANSANCIO Y FATIGA).",ESTRELLAMIENTOS,AUTOMOVIL,1,0,0,0,0,0,0,0,0,0,0,0,0,1,36,HOMBRE,ILESO,CONDUCTOR PRESENTE,NO,NO,0
11632,36087,36088,2018,0,0,-0.133671,-78.501951,PICHINCHA,QUITO,QUITO,URBANA,2018-04-15,04:10:00,4,DOMINGO,7,ABRIL,4,NO,"NO RESPETAR LAS SENIALES REGLAMENTARIAS DE TRANSITO. (PARE, CEDA EL PASO, LUZ ROJA DEL SEMAFORO, ETC).",ESTRELLAMIENTOS,AUTOMOVIL,1,0,0,0,0,0,0,0,0,0,0,0,0,1,-1,NO IDENTIFICADO,NO IDENTIFICADO,CONDUCTOR AUSENTE,NO,NO,2
11633,36088,36089,2018,2,0,-0.102371,-78.490631,PICHINCHA,QUITO,QUITO,URBANA,2018-04-15,04:15:00,4,DOMINGO,7,ABRIL,4,NO,"CONDUCE BAJO LA INFLUENCIA DE ALCOHOL, SUSTANCIAS ESTUPEFACIENTES O PSICOTROPICAS Y/O MEDICAMENTOS.",ESTRELLAMIENTOS,MOTOCICLETA,0,0,0,0,0,0,0,0,1,0,0,0,0,1,33,HOMBRE,LESIONADO,CONDUCTOR PRESENTE,NO,NO,0
11634,36089,36090,2018,0,0,-0.250221,-78.534721,PICHINCHA,QUITO,QUITO,URBANA,2018-04-15,04:30:00,4,DOMINGO,7,ABRIL,4,NO,"CASO FORTUITO O FUERZA MAYOR (EXPLOSION DE NEUMATICO NUEVO, DERRUMBE, INUNDACION, CAIDA DE PUENTE, ARBOL, PRESENCIA INTEMPESTIVA E IMPREVISTA DE SEMOVIENTES EN LA VIA, ETC.).",ESTRELLAMIENTOS,AUTOMOVIL,1,0,0,0,1,0,0,0,0,0,0,0,0,2,-1,NO IDENTIFICADO,NO IDENTIFICADO,CONDUCTOR AUSENTE,NO,NO,2
11635,36090,36091,2018,0,0,-0.099081,-78.421841,PICHINCHA,QUITO,CALDERON (CARAPUNGO),URBANA,2018-04-15,04:35:00,4,DOMINGO,7,ABRIL,4,NO,NO CEDER EL DERECHO DE VIA O PREFERENCIA DE PASO A VEHICULOS.,OTROS,AUTOMOVIL,1,0,0,0,0,0,0,0,0,0,0,0,0,1,-1,NO IDENTIFICADO,NO IDENTIFICADO,CONDUCTOR AUSENTE,NO,NO,2
11636,36091,36092,2018,1,0,-0.290284,-78.465421,PICHINCHA,QUITO,CONOCOTO,URBANA,2018-04-15,04:40:00,4,DOMINGO,7,ABRIL,4,NO,"CONDUCIR DESATENTO A LAS CONDICIONES DE TRANSITO (CELULAR, PANTALLAS DE VIDEO, COMIDA, MAQUILLAJE O CUALQUIER OTRO ELEMENTO DISTRACTOR).",PERDIDA DE PISTA,AUTOMOVIL,1,0,0,0,0,0,0,0,0,0,0,0,0,1,40,HOMBRE,LESIONADO,CONDUCTOR PRESENTE,NO,NO,0
11637,36092,36093,2018,1,0,-0.206441,-78.370261,PICHINCHA,QUITO,PUEMBO,URBANA,2018-04-15,04:50:00,4,DOMINGO,7,ABRIL,4,NO,"PRESENCIA DE AGENTES EXTERNOS EN LA VIA (AGUA, ACEITE, PIEDRA, LASTRE, ESCOMBROS, MADEROS, ETC.).",PERDIDA DE PISTA,MOTOCICLETA,0,0,0,0,0,0,0,0,1,0,0,0,0,1,33,HOMBRE,LESIONADO,CONDUCTOR PRESENTE,NO,NO,0
11638,36095,36096,2018,0,0,-0.318941,-78.563541,PICHINCHA,QUITO,QUITO,URBANA,2018-04-15,05:30:00,5,DOMINGO,7,ABRIL,4,NO,CONDUCIR VEHICULO SUPERANDO LOS LIMITES MAXIMOS DE VELOCIDAD.,PERDIDA DE PISTA,NO IDENTIFICADO,0,0,0,0,0,0,0,0,0,1,0,0,0,1,30,HOMBRE,ILESO,PASAJERO,NO,NO,0
11639,36097,36098,2018,0,1,-0.291131,-78.524161,PICHINCHA,QUITO,QUITO,URBANA,2018-04-15,05:55:00,5,DOMINGO,7,ABRIL,4,NO,"NO RESPETAR LAS SENIALES REGLAMENTARIAS DE TRANSITO. (PARE, CEDA EL PASO, LUZ ROJA DEL SEMAFORO, ETC).",ATROPELLOS,AUTOMOVIL,1,0,0,0,0,0,0,0,0,0,0,0,0,1,29,HOMBRE,FALLECIDO,PEATON,NO,NO,0
11640,36099,36100,2018,0,0,-0.168051,-78.472081,PICHINCHA,QUITO,QUITO,URBANA,2018-04-15,07:28:00,7,DOMINGO,7,ABRIL,4,NO,CONDUCIR VEHICULO SUPERANDO LOS LIMITES MAXIMOS DE VELOCIDAD.,ESTRELLAMIENTOS,AUTOMOVIL,1,0,0,0,0,0,0,0,0,0,0,0,0,1,-1,NO IDENTIFICADO,NO IDENTIFICADO,CONDUCTOR AUSENTE,NO,NO,2
11641,36104,36105,2018,0,0,-0.249271,-78.530781,PICHINCHA,QUITO,QUITO,URBANA,2018-04-15,08:20:00,8,DOMINGO,7,ABRIL,4,NO,NO GUARDAR LA DISTANCIA LATERAL MINIMA DE SEGURIDAD ENTRE VEHICULOS.,CHOQUE LATERAL,AUTOMOVIL,2,0,0,0,0,0,0,0,0,0,0,0,0,2,27,MUJER,ILESO,CONDUCTOR PRESENTE,NO,NO,0
11642,36107,36108,2018,1,0,-0.191597,-78.503376,PICHINCHA,QUITO,QUITO,URBANA,2018-04-15,08:40:00,8,DOMINGO,7,ABRIL,4,NO,NO TRANSITAR POR LAS ACERAS O ZONAS DE SEGURIDAD DESTINADAS PARA EL EFECTO.,ATROPELLOS,AUTOMOVIL,1,0,0,0,0,0,0,0,0,0,0,0,0,1,63,MUJER,LESIONADO,PEATON,NO,NO,0
11643,36110,36111,2018,1,0,-0.328481,-78.522291,PICHINCHA,QUITO,QUITO,URBANA,2018-04-15,09:55:00,9,DOMINGO,7,ABRIL,4,NO,CONDUCIR VEHICULO SUPERANDO LOS LIMITES MAXIMOS DE VELOCIDAD.,CHOQUE LATERAL,MOTOCICLETA,1,0,0,0,0,0,0,0,1,0,0,0,0,2,22,HOMBRE,LESIONADO,CONDUCTOR PRESENTE,NO,NO,0
11644,36114,36115,2018,0,0,0.201851,-78.489291,PICHINCHA,QUITO,SAN JOSE DE MINAS,URBANA,2018-04-15,10:51:00,10,DOMINGO,7,ABRIL,4,NO,CONDUCIR VEHICULO SUPERANDO LOS LIMITES MAXIMOS DE VELOCIDAD.,ESTRELLAMIENTOS,AUTOMOVIL,1,0,0,0,0,0,0,0,0,0,0,0,0,1,39,HOMBRE,ILESO,CONDUCTOR PRESENTE,NO,NO,0
11645,36115,36116,2018,0,1,-0.252347,-78.301999,PICHINCHA,QUITO,PIFO,URBANA,2018-04-15,11:10:00,11,DOMINGO,7,ABRIL,4,NO,"CONDUCIR DESATENTO A LAS CONDICIONES DE TRANSITO (CELULAR, PANTALLAS DE VIDEO, COMIDA, MAQUILLAJE O CUALQUIER OTRO ELEMENTO DISTRACTOR).",PERDIDA DE PISTA,CAMION,0,0,0,1,0,0,0,0,0,0,0,0,0,1,57,HOMBRE,FALLECIDO,CONDUCTOR PRESENTE,NO,NO,0
11646,36131,36132,2018,0,0,-0.221951,-78.508211,PICHINCHA,QUITO,QUITO,URBANA,2018-04-15,16:00:00,16,DOMINGO,7,ABRIL,4,NO,NO MANTENER LA DISTANCIA PRUDENCIAL CON RESPECTO AL VEHICULO QUE LE ANTECEDE.,CHOQUE POSTERIOR,CAMIONETA,0,0,1,0,1,0,0,0,0,0,0,0,0,2,25,HOMBRE,ILESO,CONDUCTOR PRESENTE,NO,NO,0
11647,36132,36133,2018,0,0,-0.429289,-78.552158,PICHINCHA,MEJIA,TAMBILLO (MEJIA),RURAL,2018-04-15,17:00:00,17,DOMINGO,7,ABRIL,4,NO,"CONDUCIR DESATENTO A LAS CONDICIONES DE TRANSITO (CELULAR, PANTALLAS DE VIDEO, COMIDA, MAQUILLAJE O CUALQUIER OTRO ELEMENTO DISTRACTOR).",COLISION,VEHICULO DEPORTIVO UTILITARIO,0,0,0,1,0,0,0,0,0,0,0,0,2,3,53,HOMBRE,ILESO,CONDUCTOR PRESENTE,NO,NO,3
11648,36133,36134,2018,1,0,-0.128681,-78.471111,PICHINCHA,QUITO,QUITO,URBANA,2018-04-15,17:10:00,17,DOMINGO,7,ABRIL,4,NO,NO CEDER EL DERECHO DE VIA O PREFERENCIA DE PASO AL PEATON.,ATROPELLOS,AUTOMOVIL,1,0,0,0,0,0,0,0,0,0,0,0,0,1,71,HOMBRE,LESIONADO,PEATON,NO,NO,0
11649,36134,36135,2018,1,0,-0.098671,-78.476571,PICHINCHA,QUITO,QUITO,URBANA,2018-04-15,17:20:00,17,DOMINGO,7,ABRIL,4,NO,NO GUARDAR LA DISTANCIA LATERAL MINIMA DE SEGURIDAD ENTRE VEHICULOS.,CHOQUE LATERAL,MOTOCICLETA,0,0,0,0,0,0,0,0,1,0,0,0,0,1,25,HOMBRE,LESIONADO,CONDUCTOR PRESENTE,NO,NO,0
11650,36135,36136,2018,1,0,-0.199771,-78.428811,PICHINCHA,QUITO,CUMBAYA,URBANA,2018-04-15,17:20:00,17,DOMINGO,7,ABRIL,4,NO,"CONDUCE BAJO LA INFLUENCIA DE ALCOHOL, SUSTANCIAS ESTUPEFACIENTES O PSICOTROPICAS Y/O MEDICAMENTOS.",CHOQUE LATERAL,MOTOCICLETA,1,0,0,0,0,0,0,0,1,0,0,0,0,2,43,HOMBRE,LESIONADO,CONDUCTOR PRESENTE,NO,NO,0
11651,36142,36143,2018,0,1,-0.289971,-78.537621,PICHINCHA,QUITO,QUITO,URBANA,2018-04-15,18:30:00,18,DOMINGO,7,ABRIL,4,NO,NO TRANSITAR POR LAS ACERAS O ZONAS DE SEGURIDAD DESTINADAS PARA EL EFECTO.,ARROLLAMIENTOS,CAMION,0,0,0,1,0,0,0,0,1,0,0,0,0,2,33,HOMBRE,FALLECIDO,PEATON,NO,NO,0
11652,36147,36148,2018,1,0,-0.091591,-78.439051,PICHINCHA,QUITO,CALDERON (CARAPUNGO),URBANA,2018-04-15,20:00:00,20,DOMINGO,7,ABRIL,4,NO,NO GUARDAR LA DISTANCIA LATERAL MINIMA DE SEGURIDAD ENTRE VEHICULOS.,ROZAMIENTOS,MOTOCICLETA,0,0,0,0,0,0,0,0,1,1,0,0,0,2,26,HOMBRE,LESIONADO,CONDUCTOR PRESENTE,NO,NO,0