,Unnamed: 0,ID,ANIO,LESIONADOS,FALLECIDOS,LATITUD_Y,LONGITUD_X,PROVINCIA,CANTON,PARROQUIA,ZONA,FECHA,HORA,PERIODO_2,DIA_1,DIA_2,MES_1,MES_2,FERIADO,CAUSA_PROBABLE,TIPO_DE_SINIESTRO,TIPO_DE_VEHICULO_1,AUTOMOVIL,BICICLETA,BUS,CAMION,CAMIONETA,EMERGENCIAS,ESPECIAL,FURGONETA,MOTOCICLETA,NO_IDENTIFICADO,SCOOTER_ELECTRICO,TRICIMOTO,VEHICULO_DEPORTIVO_UTILITARIO,SUMA_DE_VEHICULOS,EDAD_1,SEXO_1,CONDICION_1,PARTICIPANTE_1,CASCO_1,CINTURON_1,KMeans_Cluster
11653,36160,36161,2018,0,0,-0.219821,-78.522151,PICHINCHA,QUITO,QUITO,URBANA,2018-04-15,22:40:00,22,DOMINGO,7,ABRIL,4,NO,"CONDUCE BAJO LA INFLUENCIA DE ALCOHOL, SUSTANCIAS ESTUPEFACIENTES O PSICOTROPICAS Y/O MEDICAMENTOS.",ESTRELLAMIENTOS,AUTOMOVIL,2,0,0,0,0,0,0,0,0,0,0,0,0,2,30,HOMBRE,ILESO,CONDUCTOR PRESENTE,NO,NO,0
11654,36164,36165,2018,1,0,-0.231141,-78.503901,PICHINCHA,QUITO,QUITO,URBANA,2018-04-16,02:20:00,2,LUNES,1,ABRIL,4,NO,"NO RESPETAR LAS SENIALES REGLAMENTARIAS DE TRANSITO. (PARE, CEDA EL PASO, LUZ ROJA DEL SEMAFORO, ETC).",ESTRELLAMIENTOS,MOTOCICLETA,0,0,0,0,0,0,0,0,1,0,0,0,0,1,27,HOMBRE,LESIONADO,CONDUCTOR PRESENTE,NO,NO,0
11655,36173,36174,2018,1,0,-0.188471,-78.499691,PICHINCHA,QUITO,QUITO,URBANA,2018-04-16,08:00:00,8,LUNES,1,ABRIL,4,NO,"NO RESPETAR LAS SENIALES REGLAMENTARIAS DE TRANSITO. (PARE, CEDA EL PASO, LUZ ROJA DEL SEMAFORO, ETC).",CHOQUE LATERAL,AUTOMOVIL,2,0,0,0,0,0,0,0,0,0,0,0,0,2,51,HOMBRE,LESIONADO,PASAJERO,NO,NO,0
11656,36176,36177,2018,0,0,-0.187811,-78.444341,PICHINCHA,QUITO,NAYON,URBANA,2018-04-16,10:10:00,10,LUNES,1,ABRIL,4,NO,"CONDICIONES AMBIENTALES Y/O ATMOSFERICAS (NIEBLA, NEBLINA, GRANIZO, LLUVIA).",CHOQUE LATERAL,AUTOMOVIL,2,0,0,0,0,0,0,0,0,0,0,0,0,2,54,MUJER,ILESO,CONDUCTOR PRESENTE,NO,NO,0
11657,36178,36179,2018,0,0,-0.190881,-78.454061,PICHINCHA,QUITO,NAYON,URBANA,2018-04-16,10:25:00,10,LUNES,1,ABRIL,4,NO,NO MANTENER LA DISTANCIA PRUDENCIAL CON RESPECTO AL VEHICULO QUE LE ANTECEDE.,CHOQUE POSTERIOR,AUTOMOVIL,1,0,0,0,0,0,0,0,0,0,0,0,0,1,60,HOMBRE,ILESO,CONDUCTOR PRESENTE,NO,NO,0
11658,36179,36180,2018,0,0,-0.126551,-78.494001,PICHINCHA,QUITO,QUITO,URBANA,2018-04-16,10:40:00,10,LUNES,1,ABRIL,4,NO,"CASO FORTUITO O FUERZA MAYOR (EXPLOSION DE NEUMATICO NUEVO, DERRUMBE, INUNDACION, CAIDA DE PUENTE, ARBOL, PRESENCIA INTEMPESTIVA E IMPREVISTA DE SEMOVIENTES EN LA VIA, ETC.).",ESTRELLAMIENTOS,AUTOMOVIL,1,0,0,1,1,0,0,0,0,0,0,0,0,3,45,HOMBRE,ILESO,CONDUCTOR PRESENTE,NO,NO,0
11659,36185,36186,2018,1,0,-0.144761,-78.474631,PICHINCHA,QUITO,QUITO,URBANA,2018-04-16,13:35:00,13,LUNES,1,ABRIL,4,NO,NO CEDER EL DERECHO DE VIA O PREFERENCIA DE PASO AL PEATON.,ATROPELLOS,AUTOMOVIL,1,0,0,0,0,0,0,0,0,0,0,0,0,1,61,MUJER,LESIONADO,PEATON,NO,NO,0
11660,36186,36187,2018,0,0,-0.183589,-78.490511,PICHINCHA,QUITO,QUITO,URBANA,2018-04-16,13:50:00,13,LUNES,1,ABRIL,4,NO,REALIZAR CAMBIO BRUSCO O INDEBIDO DE CARRIL.,ROZAMIENTOS,AUTOMOVIL,1,0,0,0,0,0,0,0,0,0,0,0,0,1,26,MUJER,ILESO,CONDUCTOR PRESENTE,NO,NO,0
11661,36188,36189,2018,1,0,-0.241441,-78.531131,PICHINCHA,QUITO,QUITO,URBANA,2018-04-16,15:10:00,15,LUNES,1,ABRIL,4,NO,NO TRANSITAR POR LAS ACERAS O ZONAS DE SEGURIDAD DESTINADAS PARA EL EFECTO.,ATROPELLOS,AUTOMOVIL,1,0,0,0,0,0,0,0,0,0,0,0,0,1,8,MUJER,LESIONADO,PEATON,NO,NO,0
11662,36190,36191,2018,0,0,-0.225291,-78.515001,PICHINCHA,QUITO,QUITO,URBANA,2018-04-16,15:50:00,15,LUNES,1,ABRIL,4,NO,"PRESENCIA DE AGENTES EXTERNOS EN LA VIA (AGUA, ACEITE, PIEDRA, LASTRE, ESCOMBROS, MADEROS, ETC.).",ESTRELLAMIENTOS,AUTOMOVIL,2,0,0,0,0,0,0,0,0,0,0,0,0,2,30,HOMBRE,ILESO,CONDUCTOR PRESENTE,NO,NO,0
11663,36192,36193,2018,1,0,-0.232251,-78.505141,PICHINCHA,QUITO,QUITO,URBANA,2018-04-16,16:10:00,16,LUNES,1,ABRIL,4,NO,"CONDUCIR DESATENTO A LAS CONDICIONES DE TRANSITO (CELULAR, PANTALLAS DE VIDEO, COMIDA, MAQUILLAJE O CUALQUIER OTRO ELEMENTO DISTRACTOR).",CHOQUE LATERAL,FURGONETA,2,0,0,0,0,0,0,1,0,0,0,0,0,3,75,MUJER,LESIONADO,PASAJERO,NO,NO,0
11664,36193,36194,2018,0,0,-0.102311,-78.452571,PICHINCHA,QUITO,CALDERON (CARAPUNGO),URBANA,2018-04-16,16:15:00,16,LUNES,1,ABRIL,4,NO,NO RESPETAR LAS SENIALES MANUALES DEL AGENTE DE TRANSITO.,CHOQUE LATERAL,AUTOMOVIL,1,0,0,0,0,0,0,1,0,0,0,0,0,2,40,HOMBRE,ILESO,CONDUCTOR PRESENTE,NO,NO,0
11665,36194,36195,2018,0,0,-0.213191,-78.497681,PICHINCHA,QUITO,QUITO,URBANA,2018-04-16,16:18:00,16,LUNES,1,ABRIL,4,NO,NO GUARDAR LA DISTANCIA LATERAL MINIMA DE SEGURIDAD ENTRE VEHICULOS.,CHOQUE LATERAL,MOTOCICLETA,0,0,0,0,0,0,0,0,1,0,0,0,0,1,37,HOMBRE,ILESO,CONDUCTOR PRESENTE,NO,NO,0
11666,36196,36197,2018,1,0,-0.206344,-78.428529,PICHINCHA,QUITO,CUMBAYA,URBANA,2018-04-16,16:30:00,16,LUNES,1,ABRIL,4,NO,"CONDUCIR DESATENTO A LAS CONDICIONES DE TRANSITO (CELULAR, PANTALLAS DE VIDEO, COMIDA, MAQUILLAJE O CUALQUIER OTRO ELEMENTO DISTRACTOR).",ATROPELLOS,NO IDENTIFICADO,0,0,0,0,0,0,0,0,0,1,0,0,0,1,87,MUJER,LESIONADO,PEATON,NO,NO,0
11667,36200,36201,2018,0,0,-0.224321,-78.509581,PICHINCHA,QUITO,QUITO,URBANA,2018-04-16,17:40:00,17,LUNES,1,ABRIL,4,NO,NO GUARDAR LA DISTANCIA LATERAL MINIMA DE SEGURIDAD ENTRE VEHICULOS.,ROZAMIENTOS,MOTOCICLETA,0,0,0,0,0,0,0,0,1,0,0,0,0,1,21,HOMBRE,ILESO,CONDUCTOR PRESENTE,NO,NO,0
11668,36204,36205,2018,2,0,-0.179621,-78.514181,PICHINCHA,QUITO,QUITO,URBANA,2018-04-16,19:05:00,19,LUNES,1,ABRIL,4,NO,"CONDUCE BAJO LA INFLUENCIA DE ALCOHOL, SUSTANCIAS ESTUPEFACIENTES O PSICOTROPICAS Y/O MEDICAMENTOS.",PERDIDA DE PISTA,MOTOCICLETA,0,0,0,0,0,0,0,0,1,0,0,0,0,1,34,HOMBRE,LESIONADO,CONDUCTOR PRESENTE,NO,NO,0
11669,36205,36206,2018,0,0,-0.119761,-78.494001,PICHINCHA,QUITO,QUITO,URBANA,2018-04-16,19:10:00,19,LUNES,1,ABRIL,4,NO,"CONDUCIR DESATENTO A LAS CONDICIONES DE TRANSITO (CELULAR, PANTALLAS DE VIDEO, COMIDA, MAQUILLAJE O CUALQUIER OTRO ELEMENTO DISTRACTOR).",ATROPELLOS,MOTOCICLETA,0,0,0,0,0,0,0,0,1,0,0,0,0,1,25,HOMBRE,ILESO,CONDUCTOR PRESENTE,NO,NO,0
11670,36207,36208,2018,1,0,-0.291041,-78.561651,PICHINCHA,QUITO,QUITO,URBANA,2018-04-16,19:40:00,19,LUNES,1,ABRIL,4,NO,NO CEDER EL DERECHO DE VIA O PREFERENCIA DE PASO AL PEATON.,ATROPELLOS,NO IDENTIFICADO,0,0,0,0,0,0,0,0,0,1,0,0,0,1,70,HOMBRE,LESIONADO,PEATON,NO,NO,0
11671,36209,36210,2018,0,0,-0.272601,-78.519621,PICHINCHA,QUITO,QUITO,URBANA,2018-04-16,20:00:00,20,LUNES,1,ABRIL,4,NO,"NO RESPETAR LAS SENIALES REGLAMENTARIAS DE TRANSITO. (PARE, CEDA EL PASO, LUZ ROJA DEL SEMAFORO, ETC).",OTROS,CAMION,0,0,0,1,0,0,0,0,0,0,0,0,0,1,62,HOMBRE,ILESO,CONDUCTOR PRESENTE,NO,NO,0
11672,36210,36211,2018,0,0,-0.171455,-78.487797,PICHINCHA,QUITO,QUITO,URBANA,2018-04-16,20:00:00,20,LUNES,1,ABRIL,4,NO,CONDUCIR VEHICULO SUPERANDO LOS LIMITES MAXIMOS DE VELOCIDAD.,CHOQUE LATERAL,AUTOMOVIL,1,0,0,0,0,0,0,0,0,0,0,0,0,1,39,HOMBRE,ILESO,CONDUCTOR PRESENTE,NO,NO,0
11673,36211,36212,2018,1,0,-0.079201,-78.472961,PICHINCHA,QUITO,QUITO,URBANA,2018-04-16,20:45:00,20,LUNES,1,ABRIL,4,NO,"CONDUCIR DESATENTO A LAS CONDICIONES DE TRANSITO (CELULAR, PANTALLAS DE VIDEO, COMIDA, MAQUILLAJE O CUALQUIER OTRO ELEMENTO DISTRACTOR).",ESTRELLAMIENTOS,AUTOMOVIL,1,0,0,0,0,0,0,0,0,0,0,0,0,1,7,HOMBRE,LESIONADO,PEATON,NO,NO,0
11674,36213,36214,2018,1,0,-0.076411,-78.462471,PICHINCHA,QUITO,QUITO,URBANA,2018-04-16,21:10:00,21,LUNES,1,ABRIL,4,NO,"CONDUCIR DESATENTO A LAS CONDICIONES DE TRANSITO (CELULAR, PANTALLAS DE VIDEO, COMIDA, MAQUILLAJE O CUALQUIER OTRO ELEMENTO DISTRACTOR).",OTROS,NO IDENTIFICADO,0,0,0,0,0,0,0,0,0,1,0,0,0,1,44,HOMBRE,LESIONADO,PASAJERO,NO,NO,0
11675,36222,36223,2018,0,0,-0.333456,-78.203531,PICHINCHA,QUITO,PIFO,URBANA,2018-04-17,02:40:00,2,MARTES,2,ABRIL,4,NO,"CONDUCIR DESATENTO A LAS CONDICIONES DE TRANSITO (CELULAR, PANTALLAS DE VIDEO, COMIDA, MAQUILLAJE O CUALQUIER OTRO ELEMENTO DISTRACTOR).",PERDIDA DE PISTA,AUTOMOVIL,1,0,0,0,0,0,0,0,0,0,0,0,0,1,22,HOMBRE,ILESO,CONDUCTOR PRESENTE,NO,NO,0
11676,36226,36227,2018,0,0,-0.181251,-78.505201,PICHINCHA,QUITO,QUITO,URBANA,2018-04-17,04:30:00,4,MARTES,2,ABRIL,4,NO,"CASO FORTUITO O FUERZA MAYOR (EXPLOSION DE NEUMATICO NUEVO, DERRUMBE, INUNDACION, CAIDA DE PUENTE, ARBOL, PRESENCIA INTEMPESTIVA E IMPREVISTA DE SEMOVIENTES EN LA VIA, ETC.).",ESTRELLAMIENTOS,CAMIONETA,0,0,0,0,1,0,0,0,0,0,0,0,0,1,-1,NO IDENTIFICADO,NO IDENTIFICADO,CONDUCTOR AUSENTE,NO,NO,2
11677,36231,36232,2018,0,0,-0.096769,-78.479501,PICHINCHA,QUITO,QUITO,URBANA,2018-04-17,06:57:00,6,MARTES,2,ABRIL,4,NO,NO GUARDAR LA DISTANCIA LATERAL MINIMA DE SEGURIDAD ENTRE VEHICULOS.,CHOQUE LATERAL,FURGONETA,1,0,0,0,0,0,0,1,0,0,0,0,0,2,47,MUJER,ILESO,CONDUCTOR PRESENTE,NO,NO,0
11678,36234,36235,2018,1,0,-0.308041,-78.566341,PICHINCHA,QUITO,QUITO,URBANA,2018-04-17,07:40:00,7,MARTES,2,ABRIL,4,NO,NO GUARDAR LA DISTANCIA LATERAL MINIMA DE SEGURIDAD ENTRE VEHICULOS.,CHOQUE LATERAL,MOTOCICLETA,0,0,0,0,0,0,0,0,1,1,0,0,0,2,35,HOMBRE,LESIONADO,CONDUCTOR PRESENTE,NO,NO,0
11679,36235,36236,2018,1,0,-0.110591,-78.478641,PICHINCHA,QUITO,QUITO,URBANA,2018-04-17,07:45:00,7,MARTES,2,ABRIL,4,NO,CONDUCIR VEHICULO SUPERANDO LOS LIMITES MAXIMOS DE VELOCIDAD.,PERDIDA DE PISTA,MOTOCICLETA,0,0,0,0,0,0,0,0,1,0,0,0,0,1,21,HOMBRE,LESIONADO,CONDUCTOR PRESENTE,NO,NO,0
11680,36238,36239,2018,2,0,-0.242071,-78.521021,PICHINCHA,QUITO,QUITO,URBANA,2018-04-17,08:25:00,8,MARTES,2,ABRIL,4,NO,NO TRANSITAR POR LAS ACERAS O ZONAS DE SEGURIDAD DESTINADAS PARA EL EFECTO.,ATROPELLOS,MOTOCICLETA,0,0,0,0,0,0,0,0,1,0,0,0,0,1,24,HOMBRE,LESIONADO,CONDUCTOR PRESENTE,NO,NO,0
11681,36243,36244,2018,1,0,-0.202194,-78.490622,PICHINCHA,QUITO,QUITO,URBANA,2018-04-17,11:00:00,11,MARTES,2,ABRIL,4,NO,BAJARSE O SUBIRSE DE VEHICULOS EN MOVIMIENTO SIN TOMAR LAS PRECAUCIONES DEBIDAS.,CAIDA DE PASAJERO,NO IDENTIFICADO,0,0,0,0,0,0,0,0,0,1,0,0,0,1,26,HOMBRE,LESIONADO,PASAJERO,NO,NO,0
11682,36244,36245,2018,0,0,-0.194871,-78.501561,PICHINCHA,QUITO,QUITO,URBANA,2018-04-17,11:50:00,11,MARTES,2,ABRIL,4,NO,"NO RESPETAR LAS SENIALES REGLAMENTARIAS DE TRANSITO. (PARE, CEDA EL PASO, LUZ ROJA DEL SEMAFORO, ETC).",CHOQUE LATERAL,AUTOMOVIL,2,0,0,0,0,0,0,0,0,0,0,0,0,2,41,HOMBRE,ILESO,CONDUCTOR PRESENTE,NO,NO,0
11683,36245,36246,2018,1,0,-0.310831,-78.561891,PICHINCHA,QUITO,QUITO,URBANA,2018-04-17,12:15:00,12,MARTES,2,ABRIL,4,NO,NO TRANSITAR POR LAS ACERAS O ZONAS DE SEGURIDAD DESTINADAS PARA EL EFECTO.,ATROPELLOS,AUTOMOVIL,1,0,0,0,0,0,0,0,0,0,0,0,0,1,9,MUJER,LESIONADO,PEATON,NO,NO,0
11684,36247,36248,2018,1,0,-0.292721,-78.476491,PICHINCHA,QUITO,CONOCOTO,URBANA,2018-04-17,12:55:00,12,MARTES,2,ABRIL,4,NO,NO MANTENER LA DISTANCIA PRUDENCIAL CON RESPECTO AL VEHICULO QUE LE ANTECEDE.,CHOQUE POSTERIOR,AUTOMOVIL,1,0,0,0,0,0,0,0,1,0,0,0,0,2,40,MUJER,LESIONADO,PASAJERO,NO,NO,0
11685,36250,36251,2018,1,0,-0.245021,-78.530801,PICHINCHA,QUITO,QUITO,URBANA,2018-04-17,13:05:00,13,MARTES,2,ABRIL,4,NO,"CONDUCE BAJO LA INFLUENCIA DE ALCOHOL, SUSTANCIAS ESTUPEFACIENTES O PSICOTROPICAS Y/O MEDICAMENTOS.",CHOQUE FRONTAL,AUTOMOVIL,2,0,0,0,0,0,0,0,0,0,0,0,0,2,36,MUJER,LESIONADO,PASAJERO,NO,NO,0
11686,36253,36254,2018,0,0,-0.386834,-78.533136,PICHINCHA,MEJIA,UYUMBICHO,RURAL,2018-04-17,14:30:00,14,MARTES,2,ABRIL,4,NO,NO MANTENER LA DISTANCIA PRUDENCIAL CON RESPECTO AL VEHICULO QUE LE ANTECEDE.,CHOQUE POSTERIOR,MOTOCICLETA,0,0,0,0,1,0,0,0,1,0,0,0,0,2,29,HOMBRE,ILESO,CONDUCTOR PRESENTE,NO,NO,3
11687,36259,36260,2018,0,0,-0.172741,-78.471181,PICHINCHA,QUITO,QUITO,URBANA,2018-04-17,15:20:00,15,MARTES,2,ABRIL,4,NO,NO MANTENER LA DISTANCIA PRUDENCIAL CON RESPECTO AL VEHICULO QUE LE ANTECEDE.,COLISION,CAMIONETA,2,0,0,0,1,0,0,0,0,0,0,0,0,3,58,HOMBRE,ILESO,CONDUCTOR PRESENTE,NO,NO,0
11688,36262,36263,2018,1,0,-0.207481,-78.481991,PICHINCHA,QUITO,QUITO,URBANA,2018-04-17,16:05:00,16,MARTES,2,ABRIL,4,NO,NO GUARDAR LA DISTANCIA LATERAL MINIMA DE SEGURIDAD ENTRE VEHICULOS.,CHOQUE LATERAL,AUTOMOVIL,1,0,0,0,0,0,0,0,1,0,0,0,0,2,21,HOMBRE,LESIONADO,CONDUCTOR PRESENTE,NO,NO,0
11689,36264,36265,2018,1,0,-0.172501,-78.487861,PICHINCHA,QUITO,QUITO,URBANA,2018-04-17,16:10:00,16,MARTES,2,ABRIL,4,NO,NO MANTENER LA DISTANCIA PRUDENCIAL CON RESPECTO AL VEHICULO QUE LE ANTECEDE.,ROZAMIENTOS,MOTOCICLETA,0,0,0,0,0,0,0,0,1,0,0,0,0,1,39,HOMBRE,LESIONADO,CONDUCTOR PRESENTE,NO,NO,0
11690,36266,36267,2018,1,0,-0.283151,-78.554531,PICHINCHA,QUITO,QUITO,URBANA,2018-04-17,17:29:00,17,MARTES,2,ABRIL,4,NO,NO CEDER EL DERECHO DE VIA O PREFERENCIA DE PASO AL PEATON.,ATROPELLOS,NO IDENTIFICADO,0,0,0,0,0,0,0,0,0,1,0,0,0,1,40,MUJER,LESIONADO,PEATON,NO,NO,0
11691,36267,36268,2018,1,0,-0.328041,-78.539161,PICHINCHA,QUITO,QUITO,URBANA,2018-04-17,17:30:00,17,MARTES,2,ABRIL,4,NO,PEATON QUE CRUZA LA CALZADA SIN RESPETAR LA SENIALIZACION EXISTENTE (SEMAFOROS O SENIALES MANUALES).,ATROPELLOS,AUTOMOVIL,1,0,0,0,0,0,0,0,0,0,0,0,0,1,17,HOMBRE,LESIONADO,PEATON,NO,NO,0
11692,36269,36270,2018,0,0,-0.121121,-78.441891,PICHINCHA,QUITO,CALDERON (CARAPUNGO),URBANA,2018-04-17,18:15:00,18,MARTES,2,ABRIL,4,NO,NO MANTENER LA DISTANCIA PRUDENCIAL CON RESPECTO AL VEHICULO QUE LE ANTECEDE.,CHOQUE POSTERIOR,AUTOMOVIL,1,0,0,1,0,0,0,0,0,0,0,0,0,2,19,MUJER,ILESO,CONDUCTOR PRESENTE,NO,NO,0
11693,36271,36272,2018,0,0,-0.156031,-78.470181,PICHINCHA,QUITO,QUITO,URBANA,2018-04-17,18:45:00,18,MARTES,2,ABRIL,4,NO,"CONDUCE BAJO LA INFLUENCIA DE ALCOHOL, SUSTANCIAS ESTUPEFACIENTES O PSICOTROPICAS Y/O MEDICAMENTOS.",COLISION,CAMIONETA,2,0,0,0,1,0,0,0,0,0,0,0,0,3,27,HOMBRE,ILESO,CONDUCTOR PRESENTE,NO,NO,0
11694,36272,36273,2018,0,0,-0.174021,-78.482321,PICHINCHA,QUITO,QUITO,URBANA,2018-04-17,18:50:00,18,MARTES,2,ABRIL,4,NO,NO GUARDAR LA DISTANCIA LATERAL MINIMA DE SEGURIDAD ENTRE VEHICULOS.,ROZAMIENTOS,AUTOMOVIL,1,0,0,0,0,0,0,0,0,0,0,0,0,1,48,HOMBRE,ILESO,CONDUCTOR PRESENTE,NO,NO,0
11695,36275,36276,2018,0,1,-0.229051,-78.500811,PICHINCHA,QUITO,QUITO,URBANA,2018-04-17,19:15:00,19,MARTES,2,ABRIL,4,NO,NO TRANSITAR POR LAS ACERAS O ZONAS DE SEGURIDAD DESTINADAS PARA EL EFECTO.,ATROPELLOS,FURGONETA,0,0,0,0,0,0,0,1,0,0,0,0,0,1,60,MUJER,FALLECIDO,PEATON,NO,NO,0
11696,36277,36278,2018,0,0,-0.231141,-78.513431,PICHINCHA,QUITO,QUITO,URBANA,2018-04-17,19:50:00,19,MARTES,2,ABRIL,4,NO,NO GUARDAR LA DISTANCIA LATERAL MINIMA DE SEGURIDAD ENTRE VEHICULOS.,ROZAMIENTOS,CAMION,1,0,0,1,0,0,0,0,0,0,0,0,0,2,31,HOMBRE,ILESO,CONDUCTOR PRESENTE,NO,NO,0
11697,36278,36279,2018,1,0,-0.057899,-78.455615,PICHINCHA,QUITO,POMASQUI,URBANA,2018-04-17,20:20:00,20,MARTES,2,ABRIL,4,NO,NO GUARDAR LA DISTANCIA LATERAL MINIMA DE SEGURIDAD ENTRE VEHICULOS.,CHOQUE LATERAL,MOTOCICLETA,0,0,0,0,0,0,0,0,1,0,0,0,0,1,25,HOMBRE,LESIONADO,CONDUCTOR PRESENTE,NO,NO,0
11698,36280,36281,2018,1,0,-0.292721,-78.476491,PICHINCHA,QUITO,CONOCOTO,URBANA,2018-04-17,21:08:00,21,MARTES,2,ABRIL,4,NO,NO CEDER EL DERECHO DE VIA O PREFERENCIA DE PASO AL PEATON.,ATROPELLOS,NO IDENTIFICADO,0,0,0,0,0,0,0,0,0,1,0,0,0,1,18,HOMBRE,LESIONADO,PEATON,NO,NO,0
11699,36283,36284,2018,0,0,-0.575985,-78.598931,PICHINCHA,MEJIA,MACHACHI,RURAL,2018-04-17,21:50:00,21,MARTES,2,ABRIL,4,NO,"CONDUCIR DESATENTO A LAS CONDICIONES DE TRANSITO (CELULAR, PANTALLAS DE VIDEO, COMIDA, MAQUILLAJE O CUALQUIER OTRO ELEMENTO DISTRACTOR).",CHOQUE POSTERIOR,BUS,0,0,1,1,0,0,0,0,0,0,0,0,0,2,49,HOMBRE,ILESO,CONDUCTOR PRESENTE,NO,NO,3
11700,36284,36285,2018,1,0,-0.200701,-78.497001,PICHINCHA,QUITO,QUITO,URBANA,2018-04-17,22:15:00,22,MARTES,2,ABRIL,4,NO,NO GUARDAR LA DISTANCIA LATERAL MINIMA DE SEGURIDAD ENTRE VEHICULOS.,CHOQUE LATERAL,CAMIONETA,0,0,0,0,1,0,0,0,1,0,0,0,0,2,24,HOMBRE,LESIONADO,CONDUCTOR PRESENTE,NO,NO,0
11701,36285,36286,2018,1,0,-0.258971,-78.529891,PICHINCHA,QUITO,QUITO,URBANA,2018-04-17,23:45:00,23,MARTES,2,ABRIL,4,NO,CONDUCIR VEHICULO SUPERANDO LOS LIMITES MAXIMOS DE VELOCIDAD.,PERDIDA DE PISTA,MOTOCICLETA,0,0,0,0,0,0,0,0,1,0,0,0,0,1,38,HOMBRE,LESIONADO,CONDUCTOR PRESENTE,NO,NO,0
11702,36290,36291,2018,1,0,-0.175971,-78.485541,PICHINCHA,QUITO,QUITO,URBANA,2018-04-18,06:45:00,6,MIERCOLES,3,ABRIL,4,NO,NO MANTENER LA DISTANCIA PRUDENCIAL CON RESPECTO AL VEHICULO QUE LE ANTECEDE.,PERDIDA DE PISTA,MOTOCICLETA,0,0,0,0,0,0,0,0,1,0,0,0,0,1,28,HOMBRE,LESIONADO,CONDUCTOR PRESENTE,NO,NO,0
11703,36291,36292,2018,0,0,-0.247141,-78.526831,PICHINCHA,QUITO,QUITO,URBANA,2018-04-18,07:00:00,7,MIERCOLES,3,ABRIL,4,NO,"CONDUCE BAJO LA INFLUENCIA DE ALCOHOL, SUSTANCIAS ESTUPEFACIENTES O PSICOTROPICAS Y/O MEDICAMENTOS.",ESTRELLAMIENTOS,FURGONETA,1,0,0,0,0,0,0,1,0,0,0,0,0,2,35,HOMBRE,ILESO,CONDUCTOR PRESENTE,NO,NO,0
11704,36296,36297,2018,1,0,-0.120411,-78.415691,PICHINCHA,QUITO,CALDERON (CARAPUNGO),URBANA,2018-04-18,08:10:00,8,MIERCOLES,3,ABRIL,4,NO,"CONDUCE BAJO LA INFLUENCIA DE ALCOHOL, SUSTANCIAS ESTUPEFACIENTES O PSICOTROPICAS Y/O MEDICAMENTOS.",CAIDA DE PASAJERO,BUS,0,0,1,0,0,0,0,0,0,0,0,0,0,1,37,MUJER,LESIONADO,PASAJERO,NO,NO,0
11705,36300,36301,2018,1,0,-0.188719,-78.447693,PICHINCHA,QUITO,NAYON,URBANA,2018-04-18,09:00:00,9,MIERCOLES,3,ABRIL,4,NO,"NO RESPETAR LAS SENIALES REGLAMENTARIAS DE TRANSITO. (PARE, CEDA EL PASO, LUZ ROJA DEL SEMAFORO, ETC).",OTROS,BUS,0,0,1,0,0,0,0,0,0,0,0,0,0,1,47,MUJER,LESIONADO,PASAJERO,NO,NO,0
11706,36305,36306,2018,0,0,-0.106141,-78.474731,PICHINCHA,QUITO,QUITO,URBANA,2018-04-18,10:40:00,10,MIERCOLES,3,ABRIL,4,NO,"CONDUCIR DESATENTO A LAS CONDICIONES DE TRANSITO (CELULAR, PANTALLAS DE VIDEO, COMIDA, MAQUILLAJE O CUALQUIER OTRO ELEMENTO DISTRACTOR).",ROZAMIENTOS,AUTOMOVIL,1,0,0,1,0,0,0,0,0,0,0,0,0,2,55,HOMBRE,ILESO,CONDUCTOR PRESENTE,NO,NO,0
11707,36308,36309,2018,1,0,-0.061111,-78.425721,PICHINCHA,QUITO,CALDERON (CARAPUNGO),URBANA,2018-04-18,12:20:00,12,MIERCOLES,3,ABRIL,4,NO,NO TRANSITAR POR LAS ACERAS O ZONAS DE SEGURIDAD DESTINADAS PARA EL EFECTO.,ATROPELLOS,MOTOCICLETA,0,0,0,0,0,0,0,0,1,0,0,0,0,1,15,MUJER,LESIONADO,PEATON,NO,NO,0
11708,36309,36310,2018,1,0,-0.165921,-78.468421,PICHINCHA,QUITO,QUITO,URBANA,2018-04-18,12:30:00,12,MIERCOLES,3,ABRIL,4,NO,CONDUCIR VEHICULO SUPERANDO LOS LIMITES MAXIMOS DE VELOCIDAD.,PERDIDA DE PISTA,BICICLETA,0,1,0,0,0,0,0,0,0,0,0,0,0,1,26,MUJER,LESIONADO,CONDUCTOR PRESENTE,NO,NO,0
11709,36312,36313,2018,0,0,-0.189121,-78.492637,PICHINCHA,QUITO,QUITO,URBANA,2018-04-18,13:45:00,13,MIERCOLES,3,ABRIL,4,NO,NO GUARDAR LA DISTANCIA LATERAL MINIMA DE SEGURIDAD ENTRE VEHICULOS.,CHOQUE LATERAL,AUTOMOVIL,1,0,0,0,0,0,0,0,0,0,0,0,0,1,28,MUJER,ILESO,CONDUCTOR PRESENTE,NO,NO,0