,Unnamed: 0,ID,ANIO,LESIONADOS,FALLECIDOS,LATITUD_Y,LONGITUD_X,PROVINCIA,CANTON,PARROQUIA,ZONA,FECHA,HORA,PERIODO_2,DIA_1,DIA_2,MES_1,MES_2,FERIADO,CAUSA_PROBABLE,TIPO_DE_SINIESTRO,TIPO_DE_VEHICULO_1,AUTOMOVIL,BICICLETA,BUS,CAMION,CAMIONETA,EMERGENCIAS,ESPECIAL,FURGONETA,MOTOCICLETA,NO_IDENTIFICADO,SCOOTER_ELECTRICO,TRICIMOTO,VEHICULO_DEPORTIVO_UTILITARIO,SUMA_DE_VEHICULOS,EDAD_1,SEXO_1,CONDICION_1,PARTICIPANTE_1,CASCO_1,CINTURON_1,KMeans_Cluster
11710,36313,36314,2018,1,0,-0.443649,-78.555911,PICHINCHA,MEJIA,ALOAG,RURAL,2018-04-18,13:50:00,13,MIERCOLES,3,ABRIL,4,NO,"CONDUCIR DESATENTO A LAS CONDICIONES DE TRANSITO (CELULAR, PANTALLAS DE VIDEO, COMIDA, MAQUILLAJE O CUALQUIER OTRO ELEMENTO DISTRACTOR).",PERDIDA DE PISTA,CAMION,0,0,0,1,0,0,0,0,0,0,0,0,0,1,58,HOMBRE,LESIONADO,CONDUCTOR PRESENTE,NO,NO,3
11711,36315,36316,2018,0,0,-0.199771,-78.428811,PICHINCHA,QUITO,CUMBAYA,URBANA,2018-04-18,14:25:00,14,MIERCOLES,3,ABRIL,4,NO,NO MANTENER LA DISTANCIA PRUDENCIAL CON RESPECTO AL VEHICULO QUE LE ANTECEDE.,CHOQUE POSTERIOR,AUTOMOVIL,2,0,0,0,0,0,0,0,0,0,0,0,0,2,20,HOMBRE,ILESO,CONDUCTOR PRESENTE,NO,NO,0
11712,36318,36319,2018,1,0,-0.251561,-78.518391,PICHINCHA,QUITO,QUITO,URBANA,2018-04-18,16:10:00,16,MIERCOLES,3,ABRIL,4,NO,NO GUARDAR LA DISTANCIA LATERAL MINIMA DE SEGURIDAD ENTRE VEHICULOS.,CHOQUE LATERAL,AUTOMOVIL,1,0,0,0,0,0,0,0,1,0,0,0,0,2,25,HOMBRE,LESIONADO,CONDUCTOR PRESENTE,NO,NO,0
11713,36320,36321,2018,0,0,-0.169221,-78.468421,PICHINCHA,QUITO,QUITO,URBANA,2018-04-18,16:50:00,16,MIERCOLES,3,ABRIL,4,NO,"CONDUCE BAJO LA INFLUENCIA DE ALCOHOL, SUSTANCIAS ESTUPEFACIENTES O PSICOTROPICAS Y/O MEDICAMENTOS.",CHOQUE LATERAL,AUTOMOVIL,2,0,0,0,0,0,0,0,0,0,0,0,0,2,20,HOMBRE,ILESO,CONDUCTOR PRESENTE,NO,NO,0
11714,36324,36325,2018,1,0,-0.244301,-78.519271,PICHINCHA,QUITO,QUITO,URBANA,2018-04-18,17:55:00,17,MIERCOLES,3,ABRIL,4,NO,DEJAR O RECOGER PASAJEROS EN LUGARES NO PERMITIDOS.,CAIDA DE PASAJERO,NO IDENTIFICADO,0,0,0,0,0,0,0,0,0,1,0,0,0,1,-1,MUJER,LESIONADO,PASAJERO,NO,NO,0
11715,36329,36330,2018,2,0,-0.089191,-78.428041,PICHINCHA,QUITO,CALDERON (CARAPUNGO),URBANA,2018-04-18,18:45:00,18,MIERCOLES,3,ABRIL,4,NO,"CONDUCE BAJO LA INFLUENCIA DE ALCOHOL, SUSTANCIAS ESTUPEFACIENTES O PSICOTROPICAS Y/O MEDICAMENTOS.",OTROS,MOTOCICLETA,0,0,0,0,0,0,0,0,1,0,0,0,0,1,36,HOMBRE,LESIONADO,CONDUCTOR PRESENTE,NO,NO,0
11716,36330,36331,2018,0,1,-0.377326,-78.552389,PICHINCHA,MEJIA,CUTUGLAHUA,RURAL,2018-04-18,18:50:00,18,MIERCOLES,3,ABRIL,4,NO,"CONDUCIR DESATENTO A LAS CONDICIONES DE TRANSITO (CELULAR, PANTALLAS DE VIDEO, COMIDA, MAQUILLAJE O CUALQUIER OTRO ELEMENTO DISTRACTOR).",ATROPELLOS,NO IDENTIFICADO,0,0,0,0,0,0,0,0,0,1,0,0,0,1,47,HOMBRE,FALLECIDO,PEATON,NO,NO,3
11717,36335,36336,2018,1,1,-0.370421,-78.373721,PICHINCHA,QUITO,PINTAG,RURAL,2018-04-18,21:00:00,21,MIERCOLES,3,ABRIL,4,NO,"CONDUCIR EN ESTADO DE SOMNOLENCIA O MALAS CONDICIONES FISICAS (SUENIO, CANSANCIO Y FATIGA).",CHOQUE LATERAL,MOTOCICLETA,0,0,1,1,0,0,0,0,1,0,0,0,0,3,24,HOMBRE,FALLECIDO,CONDUCTOR PRESENTE,NO,NO,3
11718,36336,36337,2018,0,0,-0.143771,-78.500011,PICHINCHA,QUITO,QUITO,URBANA,2018-04-18,21:03:00,21,MIERCOLES,3,ABRIL,4,NO,NO MANTENER LA DISTANCIA PRUDENCIAL CON RESPECTO AL VEHICULO QUE LE ANTECEDE.,CHOQUE POSTERIOR,MOTOCICLETA,0,0,0,0,0,0,0,0,1,0,0,0,0,1,34,HOMBRE,ILESO,CONDUCTOR PRESENTE,NO,NO,0
11719,36339,36340,2018,0,0,-0.204191,-78.492521,PICHINCHA,QUITO,QUITO,URBANA,2018-04-18,23:40:00,23,MIERCOLES,3,ABRIL,4,NO,"CASO FORTUITO O FUERZA MAYOR (EXPLOSION DE NEUMATICO NUEVO, DERRUMBE, INUNDACION, CAIDA DE PUENTE, ARBOL, PRESENCIA INTEMPESTIVA E IMPREVISTA DE SEMOVIENTES EN LA VIA, ETC.).",ESTRELLAMIENTOS,AUTOMOVIL,1,0,0,0,0,0,0,0,0,0,0,0,0,1,60,MUJER,ILESO,CONDUCTOR PRESENTE,NO,NO,0
11720,36342,36343,2018,0,0,-0.224492,-78.416289,PICHINCHA,QUITO,TUMBACO,URBANA,2018-04-19,05:50:00,5,JUEVES,4,ABRIL,4,NO,"CONDUCIR DESATENTO A LAS CONDICIONES DE TRANSITO (CELULAR, PANTALLAS DE VIDEO, COMIDA, MAQUILLAJE O CUALQUIER OTRO ELEMENTO DISTRACTOR).",CHOQUE LATERAL,AUTOMOVIL,1,1,0,0,0,0,0,0,0,0,0,0,0,2,27,MUJER,ILESO,CONDUCTOR PRESENTE,NO,NO,0
11721,36346,36347,2018,1,0,-0.214641,-78.516701,PICHINCHA,QUITO,QUITO,URBANA,2018-04-19,06:29:00,6,JUEVES,4,ABRIL,4,NO,PEATON QUE CRUZA LA CALZADA SIN RESPETAR LA SENIALIZACION EXISTENTE (SEMAFOROS O SENIALES MANUALES).,ATROPELLOS,AUTOMOVIL,1,0,0,0,0,0,0,0,0,0,0,0,0,1,60,HOMBRE,LESIONADO,PEATON,NO,NO,0
11722,36348,36349,2018,28,0,-0.212351,-78.384281,PICHINCHA,QUITO,TUMBACO,URBANA,2018-04-19,06:30:00,6,JUEVES,4,ABRIL,4,NO,CONDUCIR VEHICULO SUPERANDO LOS LIMITES MAXIMOS DE VELOCIDAD.,ESTRELLAMIENTOS,BUS,0,0,1,1,0,0,0,0,0,0,0,0,0,2,20,MUJER,LESIONADO,PASAJERO,NO,NO,0
11723,36350,36351,2018,1,0,-0.291141,-78.560001,PICHINCHA,QUITO,QUITO,URBANA,2018-04-19,06:50:00,6,JUEVES,4,ABRIL,4,NO,CONDUCIR VEHICULO SUPERANDO LOS LIMITES MAXIMOS DE VELOCIDAD.,OTROS,NO IDENTIFICADO,0,0,0,0,0,0,0,0,0,1,0,0,0,1,32,HOMBRE,LESIONADO,PASAJERO,NO,NO,0
11724,36352,36353,2018,1,0,-0.101881,-78.491351,PICHINCHA,QUITO,QUITO,URBANA,2018-04-19,07:15:00,7,JUEVES,4,ABRIL,4,NO,NO CEDER EL DERECHO DE VIA O PREFERENCIA DE PASO AL PEATON.,ATROPELLOS,NO IDENTIFICADO,0,0,0,0,0,0,0,0,0,1,0,0,0,1,54,HOMBRE,LESIONADO,PEATON,NO,NO,0
11725,36357,36358,2018,0,0,-0.210652,-78.494011,PICHINCHA,QUITO,QUITO,URBANA,2018-04-19,08:10:00,8,JUEVES,4,ABRIL,4,NO,NO MANTENER LA DISTANCIA PRUDENCIAL CON RESPECTO AL VEHICULO QUE LE ANTECEDE.,CHOQUE POSTERIOR,AUTOMOVIL,2,0,0,0,0,0,0,0,0,0,0,0,0,2,28,MUJER,ILESO,CONDUCTOR PRESENTE,NO,NO,0
11726,36358,36359,2018,1,0,-0.135731,-78.482041,PICHINCHA,QUITO,QUITO,RURAL,2018-04-19,08:45:00,8,JUEVES,4,ABRIL,4,NO,"CASO FORTUITO O FUERZA MAYOR (EXPLOSION DE NEUMATICO NUEVO, DERRUMBE, INUNDACION, CAIDA DE PUENTE, ARBOL, PRESENCIA INTEMPESTIVA E IMPREVISTA DE SEMOVIENTES EN LA VIA, ETC.).",ESTRELLAMIENTOS,MOTOCICLETA,0,0,0,0,0,0,0,0,1,0,0,0,0,1,33,HOMBRE,LESIONADO,CONDUCTOR PRESENTE,NO,NO,3
11727,36360,36361,2018,1,0,-0.181991,-78.488871,PICHINCHA,QUITO,QUITO,URBANA,2018-04-19,09:05:00,9,JUEVES,4,ABRIL,4,NO,REALIZAR CAMBIO BRUSCO O INDEBIDO DE CARRIL.,CHOQUE LATERAL,MOTOCICLETA,0,0,0,0,0,0,0,0,1,0,0,0,0,1,33,HOMBRE,LESIONADO,PASAJERO,NO,NO,0
11728,36366,36367,2018,0,0,-0.238726,-78.518941,PICHINCHA,QUITO,QUITO,URBANA,2018-04-19,10:00:00,10,JUEVES,4,ABRIL,4,NO,NO MANTENER LA DISTANCIA PRUDENCIAL CON RESPECTO AL VEHICULO QUE LE ANTECEDE.,ESTRELLAMIENTOS,AUTOMOVIL,2,0,0,0,0,0,0,0,0,0,0,0,0,2,46,HOMBRE,ILESO,CONDUCTOR PRESENTE,NO,NO,0
11729,36368,36369,2018,0,0,-0.295551,-78.478191,PICHINCHA,QUITO,CONOCOTO,URBANA,2018-04-19,10:40:00,10,JUEVES,4,ABRIL,4,NO,"NO RESPETAR LAS SENIALES REGLAMENTARIAS DE TRANSITO. (PARE, CEDA EL PASO, LUZ ROJA DEL SEMAFORO, ETC).",CHOQUE LATERAL,AUTOMOVIL,1,0,0,1,0,0,0,0,0,0,0,0,0,2,35,HOMBRE,ILESO,CONDUCTOR PRESENTE,NO,NO,0
11730,36370,36371,2018,0,0,-0.176331,-78.483811,PICHINCHA,QUITO,QUITO,URBANA,2018-04-19,11:45:00,11,JUEVES,4,ABRIL,4,NO,NO MANTENER LA DISTANCIA PRUDENCIAL CON RESPECTO AL VEHICULO QUE LE ANTECEDE.,CHOQUE POSTERIOR,AUTOMOVIL,1,0,0,0,0,0,0,0,0,0,0,0,0,1,28,HOMBRE,ILESO,CONDUCTOR PRESENTE,NO,NO,0
11731,36371,36372,2018,1,0,-0.215269,-78.440664,PICHINCHA,QUITO,CUMBAYA,URBANA,2018-04-19,12:15:00,12,JUEVES,4,ABRIL,4,NO,"NO RESPETAR LAS SENIALES REGLAMENTARIAS DE TRANSITO. (PARE, CEDA EL PASO, LUZ ROJA DEL SEMAFORO, ETC).",OTROS,NO IDENTIFICADO,0,0,0,0,0,0,0,0,0,1,0,0,0,1,27,HOMBRE,LESIONADO,PASAJERO,NO,NO,0
11732,36375,36376,2018,0,1,-0.027323,-78.260989,PICHINCHA,CAYAMBE,OTON,RURAL,2018-04-19,13:35:00,13,JUEVES,4,ABRIL,4,NO,"CONDUCIR DESATENTO A LAS CONDICIONES DE TRANSITO (CELULAR, PANTALLAS DE VIDEO, COMIDA, MAQUILLAJE O CUALQUIER OTRO ELEMENTO DISTRACTOR).",ARROLLAMIENTOS,CAMION,0,0,0,1,0,0,0,0,0,0,0,0,0,1,3,HOMBRE,FALLECIDO,PEATON,NO,NO,3
11733,36377,36378,2018,1,0,-0.204871,-78.485411,PICHINCHA,QUITO,QUITO,URBANA,2018-04-19,13:50:00,13,JUEVES,4,ABRIL,4,NO,NO GUARDAR LA DISTANCIA LATERAL MINIMA DE SEGURIDAD ENTRE VEHICULOS.,ROZAMIENTOS,MOTOCICLETA,0,0,0,0,0,0,0,0,1,1,0,0,0,2,35,HOMBRE,LESIONADO,CONDUCTOR PRESENTE,NO,NO,0
11734,36378,36379,2018,1,0,-0.252011,-78.538891,PICHINCHA,QUITO,QUITO,URBANA,2018-04-19,13:50:00,13,JUEVES,4,ABRIL,4,NO,DEJAR O RECOGER PASAJEROS EN LUGARES NO PERMITIDOS.,CAIDA DE PASAJERO,BUS,0,0,1,0,0,0,0,0,0,0,0,0,0,1,15,HOMBRE,LESIONADO,PASAJERO,NO,NO,0
11735,36381,36382,2018,0,0,-0.199771,-78.428811,PICHINCHA,QUITO,CUMBAYA,URBANA,2018-04-19,14:10:00,14,JUEVES,4,ABRIL,4,NO,"CONDUCIR DESATENTO A LAS CONDICIONES DE TRANSITO (CELULAR, PANTALLAS DE VIDEO, COMIDA, MAQUILLAJE O CUALQUIER OTRO ELEMENTO DISTRACTOR).",ESTRELLAMIENTOS,AUTOMOVIL,1,0,0,0,0,0,0,0,0,0,0,0,0,1,-1,NO IDENTIFICADO,NO IDENTIFICADO,CONDUCTOR AUSENTE,NO,NO,2
11736,36386,36387,2018,0,0,-0.290301,-78.561351,PICHINCHA,QUITO,QUITO,URBANA,2018-04-19,16:00:00,16,JUEVES,4,ABRIL,4,NO,"CONDUCE BAJO LA INFLUENCIA DE ALCOHOL, SUSTANCIAS ESTUPEFACIENTES O PSICOTROPICAS Y/O MEDICAMENTOS.",ESTRELLAMIENTOS,AUTOMOVIL,1,0,0,0,0,0,0,0,0,0,0,0,0,1,34,HOMBRE,ILESO,CONDUCTOR PRESENTE,NO,NO,0
11737,36387,36388,2018,0,0,-0.283131,-78.561611,PICHINCHA,QUITO,QUITO,URBANA,2018-04-19,16:00:00,16,JUEVES,4,ABRIL,4,NO,CONDUCIR VEHICULO SUPERANDO LOS LIMITES MAXIMOS DE VELOCIDAD.,CHOQUE LATERAL,AUTOMOVIL,1,0,0,0,0,0,0,0,0,1,0,0,0,2,35,HOMBRE,ILESO,CONDUCTOR PRESENTE,NO,NO,0
11738,36389,36390,2018,1,0,-0.263806,-78.487962,PICHINCHA,QUITO,CONOCOTO,URBANA,2018-04-19,17:10:00,17,JUEVES,4,ABRIL,4,NO,"CONDUCIR DESATENTO A LAS CONDICIONES DE TRANSITO (CELULAR, PANTALLAS DE VIDEO, COMIDA, MAQUILLAJE O CUALQUIER OTRO ELEMENTO DISTRACTOR).",ROZAMIENTOS,MOTOCICLETA,0,0,0,0,0,0,0,0,1,0,0,0,0,1,25,HOMBRE,LESIONADO,CONDUCTOR PRESENTE,NO,NO,0
11739,36392,36393,2018,1,0,-0.199771,-78.428811,PICHINCHA,QUITO,CUMBAYA,RURAL,2018-04-19,18:05:00,18,JUEVES,4,ABRIL,4,NO,"CONDUCIR DESATENTO A LAS CONDICIONES DE TRANSITO (CELULAR, PANTALLAS DE VIDEO, COMIDA, MAQUILLAJE O CUALQUIER OTRO ELEMENTO DISTRACTOR).",ATROPELLOS,NO IDENTIFICADO,0,0,0,0,0,0,0,0,0,1,0,0,0,1,15,MUJER,LESIONADO,PEATON,NO,NO,3
11740,36402,36403,2018,0,0,-0.247151,-78.535091,PICHINCHA,QUITO,QUITO,URBANA,2018-04-19,21:08:00,21,JUEVES,4,ABRIL,4,NO,CONDUCIR VEHICULO SUPERANDO LOS LIMITES MAXIMOS DE VELOCIDAD.,CHOQUE POSTERIOR,MOTOCICLETA,1,0,0,0,0,0,0,0,1,0,0,0,0,2,33,HOMBRE,ILESO,CONDUCTOR PRESENTE,NO,NO,0
11741,36404,36405,2018,1,0,-0.190099,-78.509791,PICHINCHA,QUITO,QUITO,URBANA,2018-04-19,21:15:00,21,JUEVES,4,ABRIL,4,NO,NO CEDER EL DERECHO DE VIA O PREFERENCIA DE PASO AL PEATON.,ATROPELLOS,NO IDENTIFICADO,0,0,0,0,0,0,0,0,0,1,0,0,0,1,16,HOMBRE,LESIONADO,PEATON,NO,NO,0
11742,36408,36409,2018,0,0,-0.218421,-78.388511,PICHINCHA,QUITO,TUMBACO,URBANA,2018-04-19,23:05:00,23,JUEVES,4,ABRIL,4,NO,"CONDUCE BAJO LA INFLUENCIA DE ALCOHOL, SUSTANCIAS ESTUPEFACIENTES O PSICOTROPICAS Y/O MEDICAMENTOS.",CHOQUE POSTERIOR,AUTOMOVIL,2,0,0,0,0,0,0,0,0,0,0,0,0,2,40,HOMBRE,ILESO,CONDUCTOR PRESENTE,NO,NO,0
11743,36409,36410,2018,0,0,-0.220091,-78.514861,PICHINCHA,QUITO,QUITO,URBANA,2018-04-20,00:00:00,0,VIERNES,5,ABRIL,4,NO,"CONDUCE BAJO LA INFLUENCIA DE ALCOHOL, SUSTANCIAS ESTUPEFACIENTES O PSICOTROPICAS Y/O MEDICAMENTOS.",ESTRELLAMIENTOS,AUTOMOVIL,1,0,0,0,0,0,0,0,0,0,0,0,0,1,34,HOMBRE,ILESO,CONDUCTOR PRESENTE,NO,NO,0
11744,36410,36411,2018,0,0,-0.203901,-78.490431,PICHINCHA,QUITO,QUITO,URBANA,2018-04-20,00:05:00,0,VIERNES,5,ABRIL,4,NO,"CONDUCE BAJO LA INFLUENCIA DE ALCOHOL, SUSTANCIAS ESTUPEFACIENTES O PSICOTROPICAS Y/O MEDICAMENTOS.",ROZAMIENTOS,AUTOMOVIL,2,0,0,0,0,0,0,0,0,0,0,0,0,2,34,HOMBRE,ILESO,CONDUCTOR PRESENTE,NO,NO,0
11745,36411,36412,2018,0,1,-0.471374,-78.566277,PICHINCHA,MEJIA,MACHACHI,RURAL,2018-04-20,00:05:00,0,VIERNES,5,ABRIL,4,NO,"CONDUCIR DESATENTO A LAS CONDICIONES DE TRANSITO (CELULAR, PANTALLAS DE VIDEO, COMIDA, MAQUILLAJE O CUALQUIER OTRO ELEMENTO DISTRACTOR).",CHOQUE LATERAL,VEHICULO DEPORTIVO UTILITARIO,0,0,0,0,0,0,0,0,1,0,0,0,1,2,22,HOMBRE,FALLECIDO,CONDUCTOR PRESENTE,NO,NO,3
11746,36417,36418,2018,0,0,-0.279961,-78.557371,PICHINCHA,QUITO,QUITO,URBANA,2018-04-20,05:55:00,5,VIERNES,5,ABRIL,4,NO,"NO RESPETAR LAS SENIALES REGLAMENTARIAS DE TRANSITO. (PARE, CEDA EL PASO, LUZ ROJA DEL SEMAFORO, ETC).",CHOQUE LATERAL,AUTOMOVIL,1,0,0,0,0,0,0,1,0,0,0,0,0,2,42,MUJER,ILESO,CONDUCTOR PRESENTE,NO,NO,0
11747,36423,36424,2018,1,0,-0.172229,-78.498973,PICHINCHA,QUITO,QUITO,URBANA,2018-04-20,08:00:00,8,VIERNES,5,ABRIL,4,NO,NO CEDER EL DERECHO DE VIA O PREFERENCIA DE PASO AL PEATON.,ATROPELLOS,NO IDENTIFICADO,0,0,0,0,0,0,0,0,0,1,0,0,0,1,30,MUJER,LESIONADO,PEATON,NO,NO,0
11748,36431,36432,2018,0,0,-0.163277,-78.462851,PICHINCHA,QUITO,QUITO,URBANA,2018-04-20,12:40:00,12,VIERNES,5,ABRIL,4,NO,NO MANTENER LA DISTANCIA PRUDENCIAL CON RESPECTO AL VEHICULO QUE LE ANTECEDE.,COLISION,CAMION,0,0,0,1,2,0,0,0,0,0,0,0,0,3,39,HOMBRE,ILESO,CONDUCTOR PRESENTE,NO,NO,0
11749,36432,36433,2018,0,0,-0.264761,-78.548841,PICHINCHA,QUITO,QUITO,URBANA,2018-04-20,12:45:00,12,VIERNES,5,ABRIL,4,NO,CONDUCIR VEHICULO SUPERANDO LOS LIMITES MAXIMOS DE VELOCIDAD.,CHOQUE LATERAL,AUTOMOVIL,1,0,0,0,0,0,0,0,0,1,0,0,0,2,48,HOMBRE,ILESO,CONDUCTOR PRESENTE,NO,NO,0
11750,36434,36435,2018,2,0,-0.180881,-78.478471,PICHINCHA,QUITO,QUITO,URBANA,2018-04-20,13:00:00,13,VIERNES,5,ABRIL,4,NO,PEATON QUE CRUZA LA CALZADA SIN RESPETAR LA SENIALIZACION EXISTENTE (SEMAFOROS O SENIALES MANUALES).,ATROPELLOS,MOTOCICLETA,0,0,0,0,0,0,0,0,1,0,0,0,0,1,31,HOMBRE,LESIONADO,CONDUCTOR PRESENTE,NO,NO,0
11751,36436,36437,2018,2,0,-0.275241,-78.552511,PICHINCHA,QUITO,QUITO,URBANA,2018-04-20,13:26:00,13,VIERNES,5,ABRIL,4,NO,PEATON QUE CRUZA LA CALZADA SIN RESPETAR LA SENIALIZACION EXISTENTE (SEMAFOROS O SENIALES MANUALES).,ATROPELLOS,CAMIONETA,0,0,0,0,1,0,0,0,0,0,0,0,0,1,39,MUJER,LESIONADO,PEATON,NO,NO,0
11752,36437,36438,2018,0,0,-0.303371,-78.547871,PICHINCHA,QUITO,QUITO,URBANA,2018-04-20,14:55:00,14,VIERNES,5,ABRIL,4,NO,"NO RESPETAR LAS SENIALES REGLAMENTARIAS DE TRANSITO. (PARE, CEDA EL PASO, LUZ ROJA DEL SEMAFORO, ETC).",OTROS,AUTOMOVIL,1,0,0,0,0,0,0,0,0,0,0,0,0,1,-1,NO IDENTIFICADO,NO IDENTIFICADO,CONDUCTOR AUSENTE,NO,NO,2
11753,36438,36439,2018,1,0,-0.123561,-78.503311,PICHINCHA,QUITO,QUITO,URBANA,2018-04-20,15:00:00,15,VIERNES,5,ABRIL,4,NO,NO CEDER EL DERECHO DE VIA O PREFERENCIA DE PASO AL PEATON.,ATROPELLOS,NO IDENTIFICADO,0,0,0,0,0,0,0,0,0,1,0,0,0,1,81,MUJER,LESIONADO,PEATON,NO,NO,0
11754,36439,36440,2018,4,0,-0.213371,-78.438291,PICHINCHA,QUITO,CUMBAYA,URBANA,2018-04-20,15:00:00,15,VIERNES,5,ABRIL,4,NO,NO TRANSITAR POR LAS ACERAS O ZONAS DE SEGURIDAD DESTINADAS PARA EL EFECTO.,ATROPELLOS,AUTOMOVIL,1,0,0,0,0,0,0,0,0,0,0,0,0,1,18,MUJER,LESIONADO,CONDUCTOR PRESENTE,NO,NO,0
11755,36441,36442,2018,0,0,-0.092016,-78.402914,PICHINCHA,QUITO,CALDERON (CARAPUNGO),RURAL,2018-04-20,15:15:00,15,VIERNES,5,ABRIL,4,NO,"CONDUCIR DESATENTO A LAS CONDICIONES DE TRANSITO (CELULAR, PANTALLAS DE VIDEO, COMIDA, MAQUILLAJE O CUALQUIER OTRO ELEMENTO DISTRACTOR).",ESTRELLAMIENTOS,NO IDENTIFICADO,0,0,0,0,0,0,0,0,0,1,0,0,0,1,-1,NO IDENTIFICADO,NO IDENTIFICADO,CONDUCTOR AUSENTE,NO,NO,2
11756,36442,36443,2018,1,0,-0.171851,-78.487751,PICHINCHA,QUITO,QUITO,URBANA,2018-04-20,15:20:00,15,VIERNES,5,ABRIL,4,NO,PEATON QUE CRUZA LA CALZADA SIN RESPETAR LA SENIALIZACION EXISTENTE (SEMAFOROS O SENIALES MANUALES).,ATROPELLOS,MOTOCICLETA,0,0,0,0,0,0,0,0,1,0,0,0,0,1,47,MUJER,LESIONADO,PEATON,NO,NO,0
11757,36443,36444,2018,2,0,-0.245331,-78.534071,PICHINCHA,QUITO,QUITO,URBANA,2018-04-20,15:20:00,15,VIERNES,5,ABRIL,4,NO,PEATON QUE CRUZA LA CALZADA SIN RESPETAR LA SENIALIZACION EXISTENTE (SEMAFOROS O SENIALES MANUALES).,ATROPELLOS,AUTOMOVIL,1,0,0,0,0,0,0,0,0,0,0,0,0,1,81,MUJER,LESIONADO,PEATON,NO,NO,0
11758,36447,36448,2018,0,0,-0.419435,-78.550794,PICHINCHA,MEJIA,TAMBILLO (MEJIA),RURAL,2018-04-20,16:40:00,16,VIERNES,5,ABRIL,4,NO,NO MANTENER LA DISTANCIA PRUDENCIAL CON RESPECTO AL VEHICULO QUE LE ANTECEDE.,CHOQUE POSTERIOR,CAMIONETA,0,0,0,0,2,0,0,0,0,0,0,0,0,2,76,HOMBRE,ILESO,CONDUCTOR PRESENTE,NO,NO,3
11759,36450,36451,2018,0,0,-0.119451,-78.506661,PICHINCHA,QUITO,QUITO,URBANA,2018-04-20,17:30:00,17,VIERNES,5,ABRIL,4,NO,"CONDUCIR DESATENTO A LAS CONDICIONES DE TRANSITO (CELULAR, PANTALLAS DE VIDEO, COMIDA, MAQUILLAJE O CUALQUIER OTRO ELEMENTO DISTRACTOR).",CHOQUE POSTERIOR,AUTOMOVIL,2,0,0,0,0,0,0,0,0,0,0,0,0,2,45,HOMBRE,ILESO,CONDUCTOR PRESENTE,NO,NO,0
11760,36455,36456,2018,1,0,-0.214701,-78.503381,PICHINCHA,QUITO,QUITO,URBANA,2018-04-20,18:35:00,18,VIERNES,5,ABRIL,4,NO,PEATON QUE CRUZA LA CALZADA SIN RESPETAR LA SENIALIZACION EXISTENTE (SEMAFOROS O SENIALES MANUALES).,ATROPELLOS,AUTOMOVIL,1,0,0,0,0,0,0,0,0,0,0,0,0,1,54,MUJER,LESIONADO,PEATON,NO,NO,0
11761,36462,36463,2018,1,0,-0.277191,-78.522361,PICHINCHA,QUITO,QUITO,URBANA,2018-04-20,19:40:00,19,VIERNES,5,ABRIL,4,NO,BAJARSE O SUBIRSE DE VEHICULOS EN MOVIMIENTO SIN TOMAR LAS PRECAUCIONES DEBIDAS.,CAIDA DE PASAJERO,BUS,0,0,1,0,0,0,0,0,0,0,0,0,0,1,79,HOMBRE,LESIONADO,PASAJERO,NO,NO,0
11762,36466,36467,2018,1,0,-0.131751,-78.501091,PICHINCHA,QUITO,QUITO,URBANA,2018-04-20,19:55:00,19,VIERNES,5,ABRIL,4,NO,PEATON QUE CRUZA LA CALZADA SIN RESPETAR LA SENIALIZACION EXISTENTE (SEMAFOROS O SENIALES MANUALES).,ATROPELLOS,AUTOMOVIL,1,0,0,0,0,0,0,0,0,0,0,0,0,1,73,MUJER,LESIONADO,PEATON,NO,NO,0
11763,36468,36469,2018,1,0,0.046041,-78.204094,PICHINCHA,PEDRO MONCAYO,TABACUNDO,URBANA,2018-04-20,20:45:00,20,VIERNES,5,ABRIL,4,NO,NO GUARDAR LA DISTANCIA LATERAL MINIMA DE SEGURIDAD ENTRE VEHICULOS.,CHOQUE LATERAL,BUS,0,0,1,0,0,0,0,0,0,0,0,0,0,1,-1,HOMBRE,LESIONADO,CONDUCTOR PRESENTE,NO,NO,0
11764,36469,36470,2018,0,0,-0.299881,-78.542321,PICHINCHA,QUITO,QUITO,URBANA,2018-04-20,21:00:00,21,VIERNES,5,ABRIL,4,NO,NO MANTENER LA DISTANCIA PRUDENCIAL CON RESPECTO AL VEHICULO QUE LE ANTECEDE.,CHOQUE POSTERIOR,AUTOMOVIL,2,0,0,0,0,0,0,0,0,0,0,0,0,2,59,HOMBRE,ILESO,CONDUCTOR PRESENTE,NO,NO,0
11765,36471,36472,2018,0,0,-0.177821,-78.359541,PICHINCHA,QUITO,PUEMBO,URBANA,2018-04-20,21:20:00,21,VIERNES,5,ABRIL,4,NO,NO GUARDAR LA DISTANCIA LATERAL MINIMA DE SEGURIDAD ENTRE VEHICULOS.,ROZAMIENTOS,CAMIONETA,0,0,0,0,1,0,0,0,0,1,0,0,0,2,26,HOMBRE,ILESO,CONDUCTOR PRESENTE,NO,NO,0
11766,36472,36473,2018,0,0,-0.213901,-78.453161,PICHINCHA,QUITO,CUMBAYA,URBANA,2018-04-20,21:30:00,21,VIERNES,5,ABRIL,4,NO,"ADELANTAR O REBASAR A OTRO VEHICULO EN MOVIMIENTO EN ZONAS O SITIOS PELIGROSOS TALES COMO: CURVAS, PUENTES, TUNELES, PENDIENTES, ETC.",ESTRELLAMIENTOS,AUTOMOVIL,1,0,0,0,0,0,0,0,0,0,0,0,0,1,41,HOMBRE,ILESO,CONDUCTOR PRESENTE,NO,NO,0