,Unnamed: 0,ID,ANIO,LESIONADOS,FALLECIDOS,LATITUD_Y,LONGITUD_X,PROVINCIA,CANTON,PARROQUIA,ZONA,FECHA,HORA,PERIODO_2,DIA_1,DIA_2,MES_1,MES_2,FERIADO,CAUSA_PROBABLE,TIPO_DE_SINIESTRO,TIPO_DE_VEHICULO_1,AUTOMOVIL,BICICLETA,BUS,CAMION,CAMIONETA,EMERGENCIAS,ESPECIAL,FURGONETA,MOTOCICLETA,NO_IDENTIFICADO,SCOOTER_ELECTRICO,TRICIMOTO,VEHICULO_DEPORTIVO_UTILITARIO,SUMA_DE_VEHICULOS,EDAD_1,SEXO_1,CONDICION_1,PARTICIPANTE_1,CASCO_1,CINTURON_1,KMeans_Cluster
11767,36480,36481,2018,0,0,-0.156071,-78.439391,PICHINCHA,QUITO,NAYON,URBANA,2018-04-21,00:01:00,0,SABADO,6,ABRIL,4,NO,"CONDUCE BAJO LA INFLUENCIA DE ALCOHOL, SUSTANCIAS ESTUPEFACIENTES O PSICOTROPICAS Y/O MEDICAMENTOS.",ESTRELLAMIENTOS,CAMIONETA,0,0,0,0,1,0,0,0,0,0,0,0,0,1,34,HOMBRE,ILESO,CONDUCTOR PRESENTE,NO,NO,0
11768,36485,36486,2018,1,0,-0.199771,-78.428811,PICHINCHA,QUITO,CUMBAYA,URBANA,2018-04-21,02:00:00,2,SABADO,6,ABRIL,4,NO,"NO RESPETAR LAS SENIALES REGLAMENTARIAS DE TRANSITO. (PARE, CEDA EL PASO, LUZ ROJA DEL SEMAFORO, ETC).",OTROS,MOTOCICLETA,0,0,0,0,0,0,0,0,1,0,0,0,0,1,23,HOMBRE,LESIONADO,CONDUCTOR PRESENTE,NO,NO,0
11769,36486,36487,2018,0,0,-0.297792,-78.455876,PICHINCHA,QUITO,ALANGASI,RURAL,2018-04-21,02:10:00,2,SABADO,6,ABRIL,4,NO,"CONDUCIR EN ESTADO DE SOMNOLENCIA O MALAS CONDICIONES FISICAS (SUENIO, CANSANCIO Y FATIGA).",ESTRELLAMIENTOS,AUTOMOVIL,1,0,0,0,0,0,0,0,0,0,0,0,0,1,-1,NO IDENTIFICADO,NO IDENTIFICADO,CONDUCTOR AUSENTE,NO,NO,2
11770,36488,36489,2018,1,0,-0.187811,-78.444341,PICHINCHA,QUITO,NAYON,URBANA,2018-04-21,02:35:00,2,SABADO,6,ABRIL,4,NO,NO CEDER EL DERECHO DE VIA O PREFERENCIA DE PASO AL PEATON.,ATROPELLOS,NO IDENTIFICADO,0,0,0,0,0,0,0,0,0,1,0,0,0,1,24,HOMBRE,LESIONADO,PEATON,NO,NO,0
11771,36492,36493,2018,0,0,-0.217821,-78.491471,PICHINCHA,QUITO,QUITO,URBANA,2018-04-21,02:50:00,2,SABADO,6,ABRIL,4,NO,"CONDUCIR EN ESTADO DE SOMNOLENCIA O MALAS CONDICIONES FISICAS (SUENIO, CANSANCIO Y FATIGA).",ESTRELLAMIENTOS,CAMIONETA,0,0,0,0,1,0,0,0,0,0,0,0,0,1,33,HOMBRE,ILESO,CONDUCTOR PRESENTE,NO,NO,0
11772,36497,36498,2018,1,0,-0.256121,-78.544651,PICHINCHA,QUITO,QUITO,URBANA,2018-04-21,03:50:00,3,SABADO,6,ABRIL,4,NO,NO CEDER EL DERECHO DE VIA O PREFERENCIA DE PASO AL PEATON.,ATROPELLOS,NO IDENTIFICADO,0,0,0,0,0,0,0,0,0,1,0,0,0,1,23,HOMBRE,LESIONADO,PEATON,NO,NO,0
11773,36499,36500,2018,1,0,-0.243671,-78.485361,PICHINCHA,QUITO,QUITO,URBANA,2018-04-21,05:00:00,5,SABADO,6,ABRIL,4,NO,PEATON QUE CRUZA LA CALZADA SIN RESPETAR LA SENIALIZACION EXISTENTE (SEMAFOROS O SENIALES MANUALES).,ATROPELLOS,AUTOMOVIL,1,0,0,0,0,0,0,0,0,0,0,0,0,1,29,HOMBRE,LESIONADO,PEATON,NO,NO,0
11774,36503,36504,2018,0,0,-0.112315,-78.435223,PICHINCHA,QUITO,CALDERON (CARAPUNGO),URBANA,2018-04-21,07:50:00,7,SABADO,6,ABRIL,4,NO,REALIZAR CAMBIO BRUSCO O INDEBIDO DE CARRIL.,ROZAMIENTOS,AUTOMOVIL,1,0,0,0,0,0,0,1,0,0,0,0,0,2,40,HOMBRE,ILESO,CONDUCTOR PRESENTE,NO,NO,0
11775,36504,36505,2018,2,0,-0.291201,-78.568321,PICHINCHA,QUITO,QUITO,URBANA,2018-04-21,08:00:00,8,SABADO,6,ABRIL,4,NO,"CONDUCE BAJO LA INFLUENCIA DE ALCOHOL, SUSTANCIAS ESTUPEFACIENTES O PSICOTROPICAS Y/O MEDICAMENTOS.",ATROPELLOS,AUTOMOVIL,1,0,0,0,0,0,0,0,0,0,0,0,0,1,21,HOMBRE,LESIONADO,CONDUCTOR PRESENTE,NO,NO,0
11776,36506,36507,2018,2,0,-0.212821,-78.402691,PICHINCHA,QUITO,TUMBACO,URBANA,2018-04-21,09:00:00,9,SABADO,6,ABRIL,4,NO,"CONDUCE BAJO LA INFLUENCIA DE ALCOHOL, SUSTANCIAS ESTUPEFACIENTES O PSICOTROPICAS Y/O MEDICAMENTOS.",CHOQUE LATERAL,AUTOMOVIL,1,0,0,1,0,0,0,0,0,0,0,0,0,2,30,HOMBRE,LESIONADO,CONDUCTOR PRESENTE,NO,NO,0
11777,36508,36509,2018,1,0,-0.177421,-78.477941,PICHINCHA,QUITO,QUITO,URBANA,2018-04-21,10:05:00,10,SABADO,6,ABRIL,4,NO,PEATON QUE CRUZA LA CALZADA SIN RESPETAR LA SENIALIZACION EXISTENTE (SEMAFOROS O SENIALES MANUALES).,ATROPELLOS,AUTOMOVIL,1,0,0,0,0,0,0,0,0,0,0,0,0,1,32,MUJER,LESIONADO,PEATON,NO,NO,0
11778,36512,36513,2018,1,0,-0.199771,-78.428811,PICHINCHA,QUITO,CUMBAYA,URBANA,2018-04-21,12:50:00,12,SABADO,6,ABRIL,4,NO,PEATON QUE CRUZA LA CALZADA SIN RESPETAR LA SENIALIZACION EXISTENTE (SEMAFOROS O SENIALES MANUALES).,ATROPELLOS,AUTOMOVIL,1,0,0,0,0,0,0,0,0,0,0,0,0,1,79,HOMBRE,LESIONADO,PEATON,NO,NO,0
11779,36515,36516,2018,2,2,-0.430649,-78.552391,PICHINCHA,MEJIA,MACHACHI,RURAL,2018-04-21,13:30:00,13,SABADO,6,ABRIL,4,NO,NO GUARDAR LA DISTANCIA LATERAL MINIMA DE SEGURIDAD ENTRE VEHICULOS.,CHOQUE LATERAL,CAMION,1,0,0,1,0,0,0,0,0,0,0,0,3,5,43,HOMBRE,FALLECIDO,CONDUCTOR PRESENTE,NO,NO,3
11780,36516,36517,2018,1,0,-0.093019,-78.437171,PICHINCHA,QUITO,CALDERON (CARAPUNGO),URBANA,2018-04-21,13:35:00,13,SABADO,6,ABRIL,4,NO,NO CEDER EL DERECHO DE VIA O PREFERENCIA DE PASO AL PEATON.,ATROPELLOS,NO IDENTIFICADO,0,0,0,0,0,0,0,0,0,1,0,0,0,1,14,HOMBRE,LESIONADO,PEATON,NO,NO,0
11781,36519,36520,2018,1,0,-0.206521,-78.512161,PICHINCHA,QUITO,QUITO,URBANA,2018-04-21,14:00:00,14,SABADO,6,ABRIL,4,NO,"PRESENCIA DE AGENTES EXTERNOS EN LA VIA (AGUA, ACEITE, PIEDRA, LASTRE, ESCOMBROS, MADEROS, ETC.).",PERDIDA DE PISTA,MOTOCICLETA,0,0,0,0,0,0,0,0,1,0,0,0,0,1,55,HOMBRE,LESIONADO,CONDUCTOR PRESENTE,NO,NO,0
11782,36523,36524,2018,0,0,-0.292721,-78.476491,PICHINCHA,QUITO,CONOCOTO,URBANA,2018-04-21,15:30:00,15,SABADO,6,ABRIL,4,NO,"CONDUCIR DESATENTO A LAS CONDICIONES DE TRANSITO (CELULAR, PANTALLAS DE VIDEO, COMIDA, MAQUILLAJE O CUALQUIER OTRO ELEMENTO DISTRACTOR).",ESTRELLAMIENTOS,CAMION,0,0,0,1,0,0,0,0,0,0,0,0,0,1,41,HOMBRE,ILESO,CONDUCTOR PRESENTE,NO,NO,0
11783,36530,36531,2018,1,0,-0.220561,-78.393071,PICHINCHA,QUITO,TUMBACO,URBANA,2018-04-21,16:00:00,16,SABADO,6,ABRIL,4,NO,"PRESENCIA DE AGENTES EXTERNOS EN LA VIA (AGUA, ACEITE, PIEDRA, LASTRE, ESCOMBROS, MADEROS, ETC.).",PERDIDA DE PISTA,AUTOMOVIL,1,0,0,0,0,0,0,0,0,0,0,0,0,1,37,HOMBRE,LESIONADO,CONDUCTOR PRESENTE,NO,NO,0
11784,36533,36534,2018,0,0,-0.251446,-78.516049,PICHINCHA,QUITO,QUITO,URBANA,2018-04-21,16:40:00,16,SABADO,6,ABRIL,4,NO,"CONDUCE BAJO LA INFLUENCIA DE ALCOHOL, SUSTANCIAS ESTUPEFACIENTES O PSICOTROPICAS Y/O MEDICAMENTOS.",OTROS,CAMIONETA,0,0,0,0,2,0,0,0,0,0,0,0,0,2,42,HOMBRE,ILESO,CONDUCTOR PRESENTE,NO,NO,0
11785,36534,36535,2018,0,0,-0.187321,-78.479771,PICHINCHA,QUITO,QUITO,URBANA,2018-04-21,16:50:00,16,SABADO,6,ABRIL,4,NO,NO MANTENER LA DISTANCIA PRUDENCIAL CON RESPECTO AL VEHICULO QUE LE ANTECEDE.,COLISION,NO IDENTIFICADO,0,0,0,0,0,0,0,0,0,1,0,0,0,1,27,HOMBRE,ILESO,CONDUCTOR PRESENTE,NO,NO,0
11786,36538,36539,2018,0,0,-0.197981,-78.495841,PICHINCHA,QUITO,QUITO,URBANA,2018-04-21,17:05:00,17,SABADO,6,ABRIL,4,NO,"CONDUCE BAJO LA INFLUENCIA DE ALCOHOL, SUSTANCIAS ESTUPEFACIENTES O PSICOTROPICAS Y/O MEDICAMENTOS.",CHOQUE FRONTAL,CAMIONETA,1,0,0,0,1,0,0,0,0,0,0,0,0,2,42,HOMBRE,ILESO,CONDUCTOR PRESENTE,NO,NO,0
11787,36540,36541,2018,1,0,-0.015521,-78.436791,PICHINCHA,QUITO,SAN ANTONIO (QUITO),RURAL,2018-04-21,17:53:00,17,SABADO,6,ABRIL,4,NO,NO GUARDAR LA DISTANCIA LATERAL MINIMA DE SEGURIDAD ENTRE VEHICULOS.,ROZAMIENTOS,MOTOCICLETA,1,0,0,0,0,0,0,0,1,0,0,0,0,2,34,HOMBRE,LESIONADO,CONDUCTOR PRESENTE,NO,NO,3
11788,36547,36548,2018,1,0,-0.247931,-78.507891,PICHINCHA,QUITO,QUITO,URBANA,2018-04-21,19:25:00,19,SABADO,6,ABRIL,4,NO,NO CEDER EL DERECHO DE VIA O PREFERENCIA DE PASO A VEHICULOS.,CHOQUE LATERAL,MOTOCICLETA,0,0,0,0,0,0,0,0,1,1,0,0,0,2,38,MUJER,LESIONADO,PASAJERO,NO,NO,0
11789,36552,36553,2018,0,0,-0.249451,-78.535829,PICHINCHA,QUITO,QUITO,URBANA,2018-04-21,20:32:00,20,SABADO,6,ABRIL,4,NO,CONDUCIR VEHICULO SUPERANDO LOS LIMITES MAXIMOS DE VELOCIDAD.,ESTRELLAMIENTOS,AUTOMOVIL,1,0,0,0,0,0,0,0,0,0,0,0,1,2,43,HOMBRE,ILESO,CONDUCTOR PRESENTE,NO,NO,0
11790,36553,36554,2018,3,0,-0.295429,-78.554983,PICHINCHA,QUITO,QUITO,URBANA,2018-04-21,20:40:00,20,SABADO,6,ABRIL,4,NO,DEJAR O RECOGER PASAJEROS EN LUGARES NO PERMITIDOS.,CAIDA DE PASAJERO,NO IDENTIFICADO,0,0,0,0,0,0,0,0,0,1,0,0,0,1,40,MUJER,LESIONADO,PASAJERO,NO,NO,0
11791,36554,36555,2018,0,0,-0.125501,-78.480621,PICHINCHA,QUITO,QUITO,URBANA,2018-04-21,21:10:00,21,SABADO,6,ABRIL,4,NO,"CONDUCIR EN ESTADO DE SOMNOLENCIA O MALAS CONDICIONES FISICAS (SUENIO, CANSANCIO Y FATIGA).",ESTRELLAMIENTOS,AUTOMOVIL,1,0,0,0,0,0,0,0,0,0,0,0,0,1,41,MUJER,ILESO,CONDUCTOR PRESENTE,NO,NO,0
11792,36559,36560,2018,0,0,-0.242421,-78.485501,PICHINCHA,QUITO,QUITO,URBANA,2018-04-21,21:45:00,21,SABADO,6,ABRIL,4,NO,NO CEDER EL DERECHO DE VIA O PREFERENCIA DE PASO A VEHICULOS.,CHOQUE LATERAL,AUTOMOVIL,1,0,0,1,0,0,0,0,0,0,0,0,0,2,52,HOMBRE,ILESO,CONDUCTOR PRESENTE,NO,NO,0
11793,36563,36564,2018,1,0,-0.086911,-78.475121,PICHINCHA,QUITO,QUITO,URBANA,2018-04-21,22:45:00,22,SABADO,6,ABRIL,4,NO,NO MANTENER LA DISTANCIA PRUDENCIAL CON RESPECTO AL VEHICULO QUE LE ANTECEDE.,CHOQUE POSTERIOR,AUTOMOVIL,1,0,0,0,0,0,0,0,0,0,0,0,0,1,12,HOMBRE,LESIONADO,PASAJERO,NO,NO,0
11794,36566,36567,2018,0,0,-0.299371,-78.546455,PICHINCHA,QUITO,QUITO,URBANA,2018-04-21,23:10:00,23,SABADO,6,ABRIL,4,NO,CONDUCIR VEHICULO SUPERANDO LOS LIMITES MAXIMOS DE VELOCIDAD.,CHOQUE LATERAL,AUTOMOVIL,1,0,0,0,0,0,0,0,0,0,0,0,1,2,23,HOMBRE,ILESO,CONDUCTOR PRESENTE,NO,NO,0
11795,36571,36572,2018,1,0,-0.212891,-78.488361,PICHINCHA,QUITO,QUITO,URBANA,2018-04-22,00:00:00,0,DOMINGO,7,ABRIL,4,NO,"CONDUCE BAJO LA INFLUENCIA DE ALCOHOL, SUSTANCIAS ESTUPEFACIENTES O PSICOTROPICAS Y/O MEDICAMENTOS.",CHOQUE POSTERIOR,AUTOMOVIL,1,0,0,0,0,0,0,0,1,0,0,0,0,2,26,HOMBRE,LESIONADO,CONDUCTOR PRESENTE,NO,NO,0
11796,36572,36573,2018,0,0,-0.264871,-78.554421,PICHINCHA,QUITO,QUITO,URBANA,2018-04-22,00:00:00,0,DOMINGO,7,ABRIL,4,NO,"NO RESPETAR LAS SENIALES REGLAMENTARIAS DE TRANSITO. (PARE, CEDA EL PASO, LUZ ROJA DEL SEMAFORO, ETC).",ESTRELLAMIENTOS,AUTOMOVIL,1,0,0,0,0,0,0,0,0,0,0,0,0,1,-1,NO IDENTIFICADO,NO IDENTIFICADO,CONDUCTOR AUSENTE,NO,NO,2
11797,36573,36574,2018,0,0,-0.161611,-78.490031,PICHINCHA,QUITO,QUITO,URBANA,2018-04-22,00:10:00,0,DOMINGO,7,ABRIL,4,NO,NO GUARDAR LA DISTANCIA LATERAL MINIMA DE SEGURIDAD ENTRE VEHICULOS.,ESTRELLAMIENTOS,MOTOCICLETA,0,0,0,0,0,0,0,0,1,0,0,0,0,1,34,MUJER,ILESO,CONDUCTOR PRESENTE,NO,NO,0
11798,36576,36577,2018,1,0,-0.097194,-78.520991,PICHINCHA,QUITO,QUITO,URBANA,2018-04-22,00:50:00,0,DOMINGO,7,ABRIL,4,NO,PEATON QUE CRUZA LA CALZADA SIN RESPETAR LA SENIALIZACION EXISTENTE (SEMAFOROS O SENIALES MANUALES).,ATROPELLOS,NO IDENTIFICADO,0,0,0,0,0,0,0,0,0,1,0,0,0,1,52,HOMBRE,LESIONADO,PEATON,NO,NO,0
11799,36578,36579,2018,0,0,-0.298686,-78.549396,PICHINCHA,QUITO,QUITO,URBANA,2018-04-22,01:15:00,1,DOMINGO,7,ABRIL,4,NO,"NO RESPETAR LAS SENIALES REGLAMENTARIAS DE TRANSITO. (PARE, CEDA EL PASO, LUZ ROJA DEL SEMAFORO, ETC).",OTROS,AUTOMOVIL,1,0,0,0,0,0,0,0,0,1,0,0,0,2,26,HOMBRE,ILESO,CONDUCTOR PRESENTE,NO,NO,0
11800,36582,36583,2018,1,0,-0.272081,-78.557901,PICHINCHA,QUITO,QUITO,URBANA,2018-04-22,01:35:00,1,DOMINGO,7,ABRIL,4,NO,CONDUCIR VEHICULO SUPERANDO LOS LIMITES MAXIMOS DE VELOCIDAD.,ARROLLAMIENTOS,VEHICULO DEPORTIVO UTILITARIO,0,0,0,0,0,0,0,0,0,0,0,0,1,1,30,MUJER,LESIONADO,PEATON,NO,NO,0
11801,36583,36584,2018,0,0,-0.133668,-78.501951,PICHINCHA,QUITO,QUITO,URBANA,2018-04-22,01:40:00,1,DOMINGO,7,ABRIL,4,NO,CONDUCIR VEHICULO SUPERANDO LOS LIMITES MAXIMOS DE VELOCIDAD.,ESTRELLAMIENTOS,MOTOCICLETA,0,0,0,0,0,0,0,0,1,0,0,0,0,1,-1,NO IDENTIFICADO,NO IDENTIFICADO,CONDUCTOR AUSENTE,NO,NO,2
11802,36586,36587,2018,0,0,-0.150291,-78.453331,PICHINCHA,QUITO,QUITO,URBANA,2018-04-22,01:57:00,1,DOMINGO,7,ABRIL,4,NO,"CASO FORTUITO O FUERZA MAYOR (EXPLOSION DE NEUMATICO NUEVO, DERRUMBE, INUNDACION, CAIDA DE PUENTE, ARBOL, PRESENCIA INTEMPESTIVA E IMPREVISTA DE SEMOVIENTES EN LA VIA, ETC.).",ESTRELLAMIENTOS,AUTOMOVIL,1,0,0,0,0,0,0,0,0,0,0,0,0,1,32,HOMBRE,ILESO,CONDUCTOR PRESENTE,NO,NO,0
11803,36589,36590,2018,1,0,-0.449411,-78.585734,PICHINCHA,MEJIA,ALOAG,RURAL,2018-04-22,02:20:00,2,DOMINGO,7,ABRIL,4,NO,DEJAR O RECOGER PASAJEROS EN LUGARES NO PERMITIDOS.,ATROPELLOS,NO IDENTIFICADO,0,0,0,0,0,0,0,0,0,1,0,0,0,1,28,HOMBRE,LESIONADO,PEATON,NO,NO,3
11804,36594,36595,2018,1,0,-0.231141,-78.503901,PICHINCHA,QUITO,QUITO,URBANA,2018-04-22,03:15:00,3,DOMINGO,7,ABRIL,4,NO,"CONDUCE BAJO LA INFLUENCIA DE ALCOHOL, SUSTANCIAS ESTUPEFACIENTES O PSICOTROPICAS Y/O MEDICAMENTOS.",CHOQUE LATERAL,AUTOMOVIL,2,0,0,0,0,0,0,0,0,0,0,0,0,2,25,HOMBRE,LESIONADO,CONDUCTOR PRESENTE,NO,NO,0
11805,36597,36598,2018,0,0,-0.204591,-78.455991,PICHINCHA,QUITO,QUITO,URBANA,2018-04-22,03:25:00,3,DOMINGO,7,ABRIL,4,NO,"NO RESPETAR LAS SENIALES REGLAMENTARIAS DE TRANSITO. (PARE, CEDA EL PASO, LUZ ROJA DEL SEMAFORO, ETC).",VOLCAMIENTOS,AUTOMOVIL,1,0,0,0,0,0,0,0,0,0,0,0,0,1,-1,NO IDENTIFICADO,NO IDENTIFICADO,CONDUCTOR AUSENTE,NO,NO,2
11806,36600,36601,2018,0,0,-0.266001,-78.561271,PICHINCHA,QUITO,QUITO,URBANA,2018-04-22,03:50:00,3,DOMINGO,7,ABRIL,4,NO,NO GUARDAR LA DISTANCIA LATERAL MINIMA DE SEGURIDAD ENTRE VEHICULOS.,ESTRELLAMIENTOS,AUTOMOVIL,1,0,0,0,0,0,0,0,0,0,0,0,0,1,-1,NO IDENTIFICADO,NO IDENTIFICADO,CONDUCTOR AUSENTE,NO,NO,2
11807,36604,36605,2018,0,0,-0.141151,-78.481441,PICHINCHA,QUITO,QUITO,URBANA,2018-04-22,05:20:00,5,DOMINGO,7,ABRIL,4,NO,"CASO FORTUITO O FUERZA MAYOR (EXPLOSION DE NEUMATICO NUEVO, DERRUMBE, INUNDACION, CAIDA DE PUENTE, ARBOL, PRESENCIA INTEMPESTIVA E IMPREVISTA DE SEMOVIENTES EN LA VIA, ETC.).",ESTRELLAMIENTOS,AUTOMOVIL,1,0,0,0,0,0,0,0,0,0,0,0,0,1,75,HOMBRE,ILESO,CONDUCTOR PRESENTE,NO,NO,0
11808,36605,36606,2018,0,1,-0.202791,-78.458361,PICHINCHA,QUITO,QUITO,URBANA,2018-04-22,05:44:00,5,DOMINGO,7,ABRIL,4,NO,CONDUCIR VEHICULO SUPERANDO LOS LIMITES MAXIMOS DE VELOCIDAD.,ESTRELLAMIENTOS,AUTOMOVIL,1,0,0,0,0,0,0,0,0,0,0,0,0,1,63,MUJER,FALLECIDO,PASAJERO,NO,NO,0
11809,36609,36610,2018,2,0,-0.238311,-78.529301,PICHINCHA,QUITO,QUITO,URBANA,2018-04-22,06:10:00,6,DOMINGO,7,ABRIL,4,NO,"CASO FORTUITO O FUERZA MAYOR (EXPLOSION DE NEUMATICO NUEVO, DERRUMBE, INUNDACION, CAIDA DE PUENTE, ARBOL, PRESENCIA INTEMPESTIVA E IMPREVISTA DE SEMOVIENTES EN LA VIA, ETC.).",ESTRELLAMIENTOS,MOTOCICLETA,0,0,0,0,0,0,0,0,1,0,0,0,0,1,45,HOMBRE,LESIONADO,CONDUCTOR PRESENTE,NO,NO,0
11810,36610,36611,2018,0,0,-0.265228,-78.563058,PICHINCHA,QUITO,QUITO,URBANA,2018-04-22,06:30:00,6,DOMINGO,7,ABRIL,4,NO,CONDUCIR VEHICULO SUPERANDO LOS LIMITES MAXIMOS DE VELOCIDAD.,ESTRELLAMIENTOS,AUTOMOVIL,1,0,0,0,0,0,0,0,0,0,0,0,0,1,-1,NO IDENTIFICADO,NO IDENTIFICADO,CONDUCTOR AUSENTE,NO,NO,2
11811,36611,36612,2018,0,0,-0.242811,-78.521741,PICHINCHA,QUITO,QUITO,URBANA,2018-04-22,07:00:00,7,DOMINGO,7,ABRIL,4,NO,"CONDUCE BAJO LA INFLUENCIA DE ALCOHOL, SUSTANCIAS ESTUPEFACIENTES O PSICOTROPICAS Y/O MEDICAMENTOS.",CHOQUE POSTERIOR,AUTOMOVIL,2,0,0,0,0,0,0,0,0,0,0,0,0,2,37,HOMBRE,ILESO,CONDUCTOR PRESENTE,NO,NO,0
11812,36613,36614,2018,0,0,-0.094631,-78.482041,PICHINCHA,QUITO,QUITO,URBANA,2018-04-22,07:20:00,7,DOMINGO,7,ABRIL,4,NO,NO GUARDAR LA DISTANCIA LATERAL MINIMA DE SEGURIDAD ENTRE VEHICULOS.,CHOQUE LATERAL,AUTOMOVIL,2,0,0,0,0,0,0,0,0,0,0,0,0,2,72,HOMBRE,ILESO,CONDUCTOR PRESENTE,NO,NO,0
11813,36616,36617,2018,1,0,-0.172492,-78.491585,PICHINCHA,QUITO,QUITO,URBANA,2018-04-22,07:45:00,7,DOMINGO,7,ABRIL,4,NO,NO MANTENER LA DISTANCIA PRUDENCIAL CON RESPECTO AL VEHICULO QUE LE ANTECEDE.,CHOQUE POSTERIOR,NO IDENTIFICADO,0,0,0,0,0,0,0,0,0,1,0,0,0,1,30,MUJER,LESIONADO,CONDUCTOR PRESENTE,NO,NO,0
11814,36619,36620,2018,1,0,-0.107261,-78.473201,PICHINCHA,QUITO,QUITO,URBANA,2018-04-22,08:20:00,8,DOMINGO,7,ABRIL,4,NO,"CONDUCIR EN ESTADO DE SOMNOLENCIA O MALAS CONDICIONES FISICAS (SUENIO, CANSANCIO Y FATIGA).",ESTRELLAMIENTOS,AUTOMOVIL,1,0,0,0,0,0,0,0,0,0,0,0,0,1,30,HOMBRE,LESIONADO,CONDUCTOR PRESENTE,NO,NO,0
11815,36624,36625,2018,1,0,-0.167131,-78.484101,PICHINCHA,QUITO,QUITO,URBANA,2018-04-22,10:30:00,10,DOMINGO,7,ABRIL,4,NO,CONDUCIR VEHICULO SUPERANDO LOS LIMITES MAXIMOS DE VELOCIDAD.,PERDIDA DE PISTA,NO IDENTIFICADO,0,0,0,0,0,0,0,0,0,1,0,0,0,1,54,HOMBRE,LESIONADO,CONDUCTOR PRESENTE,NO,NO,0
11816,36634,36635,2018,0,0,-0.185751,-78.482701,PICHINCHA,QUITO,QUITO,URBANA,2018-04-22,13:50:00,13,DOMINGO,7,ABRIL,4,NO,PEATON QUE CRUZA LA CALZADA SIN RESPETAR LA SENIALIZACION EXISTENTE (SEMAFOROS O SENIALES MANUALES).,ATROPELLOS,VEHICULO DEPORTIVO UTILITARIO,0,0,0,0,0,0,0,0,0,0,0,0,1,1,4,MUJER,ILESO,PEATON,NO,NO,0
11817,36637,36638,2018,0,0,-0.144411,-78.481921,PICHINCHA,QUITO,QUITO,URBANA,2018-04-22,14:30:00,14,DOMINGO,7,ABRIL,4,NO,CONDUCIR VEHICULO SUPERANDO LOS LIMITES MAXIMOS DE VELOCIDAD.,ESTRELLAMIENTOS,AUTOMOVIL,1,0,0,0,0,0,0,0,0,0,0,0,1,2,-1,NO IDENTIFICADO,NO IDENTIFICADO,CONDUCTOR AUSENTE,NO,NO,2
11818,36642,36643,2018,0,0,-0.206441,-78.370261,PICHINCHA,QUITO,PUEMBO,URBANA,2018-04-22,16:40:00,16,DOMINGO,7,ABRIL,4,NO,CONDUCIR VEHICULO SUPERANDO LOS LIMITES MAXIMOS DE VELOCIDAD.,ESTRELLAMIENTOS,CAMION,0,0,0,1,0,0,0,0,0,0,0,0,0,1,-1,NO IDENTIFICADO,NO IDENTIFICADO,CONDUCTOR AUSENTE,NO,NO,2
11819,36645,36646,2018,0,0,-0.246061,-78.520751,PICHINCHA,QUITO,QUITO,URBANA,2018-04-22,16:55:00,16,DOMINGO,7,ABRIL,4,NO,"CONDUCE BAJO LA INFLUENCIA DE ALCOHOL, SUSTANCIAS ESTUPEFACIENTES O PSICOTROPICAS Y/O MEDICAMENTOS.",CHOQUE LATERAL,AUTOMOVIL,2,0,0,0,0,0,0,0,0,0,0,0,0,2,19,HOMBRE,ILESO,CONDUCTOR PRESENTE,NO,NO,0
11820,36649,36650,2018,0,0,-0.512792,-78.575125,PICHINCHA,MEJIA,MACHACHI,RURAL,2018-04-22,18:00:00,18,DOMINGO,7,ABRIL,4,NO,NO MANTENER LA DISTANCIA PRUDENCIAL CON RESPECTO AL VEHICULO QUE LE ANTECEDE.,CHOQUE POSTERIOR,VEHICULO DEPORTIVO UTILITARIO,0,0,0,1,0,0,0,0,0,0,0,0,1,2,35,HOMBRE,ILESO,CONDUCTOR PRESENTE,NO,NO,3
11821,36657,36658,2018,2,0,-0.129201,-78.502321,PICHINCHA,QUITO,QUITO,URBANA,2018-04-22,20:30:00,20,DOMINGO,7,ABRIL,4,NO,"CONDUCE BAJO LA INFLUENCIA DE ALCOHOL, SUSTANCIAS ESTUPEFACIENTES O PSICOTROPICAS Y/O MEDICAMENTOS.",ESTRELLAMIENTOS,MOTOCICLETA,0,0,0,0,0,0,0,0,1,0,0,0,0,1,38,HOMBRE,LESIONADO,CONDUCTOR PRESENTE,NO,NO,0
11822,36658,36659,2018,0,0,-0.133461,-78.495001,PICHINCHA,QUITO,QUITO,URBANA,2018-04-22,20:45:00,20,DOMINGO,7,ABRIL,4,NO,NO GUARDAR LA DISTANCIA LATERAL MINIMA DE SEGURIDAD ENTRE VEHICULOS.,CHOQUE LATERAL,MOTOCICLETA,0,0,0,0,0,0,0,0,1,0,0,0,0,1,28,HOMBRE,ILESO,CONDUCTOR PRESENTE,NO,NO,0
11823,36667,36668,2018,5,0,-0.196671,-78.466601,PICHINCHA,QUITO,QUITO,URBANA,2018-04-23,02:03:00,2,LUNES,1,ABRIL,4,NO,"CONDUCE BAJO LA INFLUENCIA DE ALCOHOL, SUSTANCIAS ESTUPEFACIENTES O PSICOTROPICAS Y/O MEDICAMENTOS.",CHOQUE FRONTAL,FURGONETA,0,0,0,0,0,0,0,1,1,0,0,0,0,2,10,MUJER,LESIONADO,PASAJERO,NO,NO,0