,Unnamed: 0,ID,ANIO,LESIONADOS,FALLECIDOS,LATITUD_Y,LONGITUD_X,PROVINCIA,CANTON,PARROQUIA,ZONA,FECHA,HORA,PERIODO_2,DIA_1,DIA_2,MES_1,MES_2,FERIADO,CAUSA_PROBABLE,TIPO_DE_SINIESTRO,TIPO_DE_VEHICULO_1,AUTOMOVIL,BICICLETA,BUS,CAMION,CAMIONETA,EMERGENCIAS,ESPECIAL,FURGONETA,MOTOCICLETA,NO_IDENTIFICADO,SCOOTER_ELECTRICO,TRICIMOTO,VEHICULO_DEPORTIVO_UTILITARIO,SUMA_DE_VEHICULOS,EDAD_1,SEXO_1,CONDICION_1,PARTICIPANTE_1,CASCO_1,CINTURON_1,KMeans_Cluster
11824,36668,36669,2018,0,0,-0.119661,-78.462541,PICHINCHA,QUITO,QUITO,URBANA,2018-04-23,02:15:00,2,LUNES,1,ABRIL,4,NO,"CONDUCIR DESATENTO A LAS CONDICIONES DE TRANSITO (CELULAR, PANTALLAS DE VIDEO, COMIDA, MAQUILLAJE O CUALQUIER OTRO ELEMENTO DISTRACTOR).",ESTRELLAMIENTOS,AUTOMOVIL,1,0,0,0,0,0,0,0,0,0,0,0,0,1,-1,NO IDENTIFICADO,NO IDENTIFICADO,CONDUCTOR AUSENTE,NO,NO,2
11825,36670,36671,2018,0,0,-0.261531,-78.544361,PICHINCHA,QUITO,QUITO,URBANA,2018-04-23,06:10:00,6,LUNES,1,ABRIL,4,NO,NO CEDER EL DERECHO DE VIA O PREFERENCIA DE PASO A VEHICULOS.,CHOQUE LATERAL,AUTOMOVIL,2,0,0,0,0,0,0,0,0,0,0,0,0,2,21,HOMBRE,ILESO,CONDUCTOR PRESENTE,NO,NO,0
11826,36675,36676,2018,0,0,-0.219811,-78.520381,PICHINCHA,QUITO,QUITO,URBANA,2018-04-23,08:10:00,8,LUNES,1,ABRIL,4,NO,PEATON QUE CRUZA LA CALZADA SIN RESPETAR LA SENIALIZACION EXISTENTE (SEMAFOROS O SENIALES MANUALES).,ATROPELLOS,NO IDENTIFICADO,0,0,0,0,0,0,0,0,0,1,0,0,0,1,39,HOMBRE,ILESO,PEATON,NO,NO,0
11827,36679,36680,2018,5,0,-0.203141,-78.458691,PICHINCHA,QUITO,QUITO,URBANA,2018-04-23,08:45:00,8,LUNES,1,ABRIL,4,NO,"CASO FORTUITO O FUERZA MAYOR (EXPLOSION DE NEUMATICO NUEVO, DERRUMBE, INUNDACION, CAIDA DE PUENTE, ARBOL, PRESENCIA INTEMPESTIVA E IMPREVISTA DE SEMOVIENTES EN LA VIA, ETC.).",ESTRELLAMIENTOS,AUTOMOVIL,1,0,0,0,0,0,0,0,0,0,0,0,0,1,42,HOMBRE,LESIONADO,CONDUCTOR PRESENTE,NO,NO,0
11828,36681,36682,2018,0,0,-0.089084,-78.430101,PICHINCHA,QUITO,CALDERON (CARAPUNGO),URBANA,2018-04-23,09:26:00,9,LUNES,1,ABRIL,4,NO,"ADELANTAR O REBASAR A OTRO VEHICULO EN MOVIMIENTO EN ZONAS O SITIOS PELIGROSOS TALES COMO: CURVAS, PUENTES, TUNELES, PENDIENTES, ETC.",CHOQUE LATERAL,MOTOCICLETA,0,0,0,0,0,0,0,0,1,0,0,0,0,1,-1,HOMBRE,ILESO,CONDUCTOR PRESENTE,NO,NO,0
11829,36682,36683,2018,0,0,-0.176681,-78.454821,PICHINCHA,QUITO,QUITO,URBANA,2018-04-23,09:30:00,9,LUNES,1,ABRIL,4,NO,"FALLA MECANICA EN LOS SISTEMAS Y/O NEUMATICOS (SISTEMA DE FRENOS, DIRECCION, ELECTRONICO O MECANICO).",ROZAMIENTOS,BUS,1,0,1,0,0,0,0,0,0,0,0,0,0,2,40,HOMBRE,ILESO,CONDUCTOR PRESENTE,NO,NO,0
11830,36690,36691,2018,2,1,-0.025452,-78.170629,PICHINCHA,CAYAMBE,CANGAHUA,RURAL,2018-04-23,13:00:00,13,LUNES,1,ABRIL,4,NO,"CONDUCIR DESATENTO A LAS CONDICIONES DE TRANSITO (CELULAR, PANTALLAS DE VIDEO, COMIDA, MAQUILLAJE O CUALQUIER OTRO ELEMENTO DISTRACTOR).",PERDIDA DE PISTA,BUS,0,0,1,0,0,0,0,0,0,0,0,0,0,1,-1,HOMBRE,FALLECIDO,PASAJERO,NO,NO,3
11831,36691,36692,2018,0,0,-0.207161,-78.490861,PICHINCHA,QUITO,QUITO,URBANA,2018-04-23,13:08:00,13,LUNES,1,ABRIL,4,NO,NO GUARDAR LA DISTANCIA LATERAL MINIMA DE SEGURIDAD ENTRE VEHICULOS.,CHOQUE LATERAL,AUTOMOVIL,2,0,0,0,0,0,0,0,0,0,0,0,0,2,60,HOMBRE,ILESO,CONDUCTOR PRESENTE,NO,NO,0
11832,36695,36696,2018,0,0,-0.091591,-78.439051,PICHINCHA,QUITO,CALDERON (CARAPUNGO),URBANA,2018-04-23,14:30:00,14,LUNES,1,ABRIL,4,NO,"CONDUCIR EN ESTADO DE SOMNOLENCIA O MALAS CONDICIONES FISICAS (SUENIO, CANSANCIO Y FATIGA).",COLISION,AUTOMOVIL,1,0,1,0,1,0,0,0,0,0,0,0,0,3,20,HOMBRE,ILESO,CONDUCTOR PRESENTE,NO,NO,0
11833,36698,36699,2018,0,0,-0.507522,-78.564678,PICHINCHA,MEJIA,MACHACHI,URBANA,2018-04-23,15:35:00,15,LUNES,1,ABRIL,4,NO,"CONDUCIR DESATENTO A LAS CONDICIONES DE TRANSITO (CELULAR, PANTALLAS DE VIDEO, COMIDA, MAQUILLAJE O CUALQUIER OTRO ELEMENTO DISTRACTOR).",CHOQUE LATERAL,CAMIONETA,0,0,0,0,1,0,0,0,0,0,0,0,0,1,59,HOMBRE,ILESO,CONDUCTOR PRESENTE,NO,NO,0
11834,36700,36701,2018,0,0,-0.091591,-78.439051,PICHINCHA,QUITO,CALDERON (CARAPUNGO),URBANA,2018-04-23,16:05:00,16,LUNES,1,ABRIL,4,NO,"ADELANTAR O REBASAR A OTRO VEHICULO EN MOVIMIENTO EN ZONAS O SITIOS PELIGROSOS TALES COMO: CURVAS, PUENTES, TUNELES, PENDIENTES, ETC.",CHOQUE FRONTAL,AUTOMOVIL,2,0,0,0,0,0,0,0,0,0,0,0,0,2,49,HOMBRE,ILESO,CONDUCTOR PRESENTE,NO,NO,0
11835,36702,36703,2018,0,0,-0.333472,-78.555662,PICHINCHA,QUITO,QUITO,URBANA,2018-04-23,16:55:00,16,LUNES,1,ABRIL,4,NO,"NO RESPETAR LAS SENIALES REGLAMENTARIAS DE TRANSITO. (PARE, CEDA EL PASO, LUZ ROJA DEL SEMAFORO, ETC).",ESTRELLAMIENTOS,AUTOMOVIL,1,0,0,0,0,0,0,0,0,1,0,0,0,2,26,HOMBRE,ILESO,CONDUCTOR PRESENTE,NO,NO,0
11836,36703,36704,2018,1,0,-0.172229,-78.499005,PICHINCHA,QUITO,QUITO,URBANA,2018-04-23,17:00:00,17,LUNES,1,ABRIL,4,NO,CONDUCIR VEHICULO SUPERANDO LOS LIMITES MAXIMOS DE VELOCIDAD.,OTROS,NO IDENTIFICADO,0,0,0,0,0,0,0,0,0,1,0,0,0,1,52,MUJER,LESIONADO,PASAJERO,NO,NO,0
11837,36708,36709,2018,1,0,0.002933,-78.453837,PICHINCHA,QUITO,SAN ANTONIO (QUITO),RURAL,2018-04-23,17:30:00,17,LUNES,1,ABRIL,4,NO,NO CEDER EL DERECHO DE VIA O PREFERENCIA DE PASO AL PEATON.,ATROPELLOS,BUS,0,0,1,0,0,0,0,0,0,0,0,0,0,1,51,MUJER,LESIONADO,PEATON,NO,NO,3
11838,36710,36711,2018,2,0,-0.085891,-78.510721,PICHINCHA,QUITO,QUITO,URBANA,2018-04-23,17:40:00,17,LUNES,1,ABRIL,4,NO,CONDUCIR VEHICULO SUPERANDO LOS LIMITES MAXIMOS DE VELOCIDAD.,VOLCAMIENTOS,MOTOCICLETA,0,0,0,0,0,0,0,0,1,0,0,0,0,1,19,MUJER,LESIONADO,PASAJERO,NO,NO,0
11839,36712,36713,2018,1,0,-0.301001,-78.556481,PICHINCHA,QUITO,QUITO,URBANA,2018-04-23,18:10:00,18,LUNES,1,ABRIL,4,NO,NO CEDER EL DERECHO DE VIA O PREFERENCIA DE PASO A VEHICULOS.,CHOQUE LATERAL,AUTOMOVIL,1,0,0,0,0,0,0,0,1,0,0,0,0,2,21,HOMBRE,LESIONADO,CONDUCTOR PRESENTE,NO,NO,0
11840,36717,36718,2018,1,0,-0.295601,-78.561141,PICHINCHA,QUITO,QUITO,URBANA,2018-04-23,19:10:00,19,LUNES,1,ABRIL,4,NO,CONDUCIR VEHICULO SUPERANDO LOS LIMITES MAXIMOS DE VELOCIDAD.,CHOQUE LATERAL,BUS,0,0,1,0,0,0,0,0,1,0,0,0,0,2,45,HOMBRE,LESIONADO,CONDUCTOR PRESENTE,NO,NO,0
11841,36718,36719,2018,0,0,-0.108011,-78.501671,PICHINCHA,QUITO,QUITO,URBANA,2018-04-23,19:15:00,19,LUNES,1,ABRIL,4,NO,NO GUARDAR LA DISTANCIA LATERAL MINIMA DE SEGURIDAD ENTRE VEHICULOS.,CHOQUE LATERAL,AUTOMOVIL,1,0,0,0,0,0,0,0,1,0,0,0,0,2,24,HOMBRE,ILESO,CONDUCTOR PRESENTE,NO,NO,0
11842,36719,36720,2018,1,0,-0.151358,-78.459481,PICHINCHA,QUITO,QUITO,URBANA,2018-04-23,19:30:00,19,LUNES,1,ABRIL,4,NO,"FALLA MECANICA EN LOS SISTEMAS Y/O NEUMATICOS (SISTEMA DE FRENOS, DIRECCION, ELECTRONICO O MECANICO).",ESTRELLAMIENTOS,MOTOCICLETA,0,0,0,0,0,0,0,0,1,0,0,0,0,1,36,HOMBRE,LESIONADO,CONDUCTOR PRESENTE,NO,NO,0
11843,36722,36723,2018,1,0,-0.237741,-78.484331,PICHINCHA,QUITO,QUITO,URBANA,2018-04-23,20:45:00,20,LUNES,1,ABRIL,4,NO,NO CEDER EL DERECHO DE VIA O PREFERENCIA DE PASO AL PEATON.,ATROPELLOS,AUTOMOVIL,1,0,0,0,0,0,0,0,0,0,0,0,0,1,54,HOMBRE,LESIONADO,PEATON,NO,NO,0
11844,36729,36730,2018,0,0,-0.206041,-78.511424,PICHINCHA,QUITO,QUITO,URBANA,2018-04-24,04:00:00,4,MARTES,2,ABRIL,4,NO,NO GUARDAR LA DISTANCIA LATERAL MINIMA DE SEGURIDAD ENTRE VEHICULOS.,CHOQUE LATERAL,AUTOMOVIL,1,0,0,0,1,0,0,0,0,0,0,0,0,2,29,HOMBRE,ILESO,CONDUCTOR PRESENTE,NO,NO,0
11845,36731,36732,2018,0,0,-0.219371,-78.510931,PICHINCHA,QUITO,QUITO,URBANA,2018-04-24,04:50:00,4,MARTES,2,ABRIL,4,NO,DANIOS MECANICOS PREVISIBLES.,CHOQUE LATERAL,AUTOMOVIL,2,0,0,0,0,0,0,0,0,0,0,0,0,2,45,HOMBRE,ILESO,CONDUCTOR PRESENTE,NO,NO,0
11846,36732,36733,2018,0,0,-0.318417,-78.553876,PICHINCHA,QUITO,QUITO,URBANA,2018-04-24,05:45:00,5,MARTES,2,ABRIL,4,NO,"NO RESPETAR LAS SENIALES REGLAMENTARIAS DE TRANSITO. (PARE, CEDA EL PASO, LUZ ROJA DEL SEMAFORO, ETC).",CHOQUE LATERAL,AUTOMOVIL,1,0,0,0,0,0,0,0,0,1,0,0,0,2,29,HOMBRE,ILESO,CONDUCTOR PRESENTE,NO,NO,0
11847,36733,36734,2018,2,0,-0.110421,-78.509141,PICHINCHA,QUITO,QUITO,URBANA,2018-04-24,06:30:00,6,MARTES,2,ABRIL,4,NO,NO GUARDAR LA DISTANCIA LATERAL MINIMA DE SEGURIDAD ENTRE VEHICULOS.,CHOQUE LATERAL,AUTOMOVIL,1,0,0,0,0,0,0,0,1,0,0,0,0,2,51,MUJER,LESIONADO,CONDUCTOR PRESENTE,NO,NO,0
11848,36734,36735,2018,0,0,-0.264261,-78.550011,PICHINCHA,QUITO,QUITO,URBANA,2018-04-24,06:40:00,6,MARTES,2,ABRIL,4,NO,NO GUARDAR LA DISTANCIA LATERAL MINIMA DE SEGURIDAD ENTRE VEHICULOS.,ROZAMIENTOS,MOTOCICLETA,0,0,0,0,0,0,0,0,1,1,0,0,0,2,22,HOMBRE,ILESO,CONDUCTOR PRESENTE,NO,NO,0
11849,36736,36737,2018,2,0,-0.285961,-78.440101,PICHINCHA,QUITO,ALANGASI,RURAL,2018-04-24,07:00:00,7,MARTES,2,ABRIL,4,NO,CONDUCIR VEHICULO SUPERANDO LOS LIMITES MAXIMOS DE VELOCIDAD.,CHOQUE LATERAL,AUTOMOVIL,2,0,0,0,0,0,0,0,0,0,0,0,0,2,28,HOMBRE,LESIONADO,CONDUCTOR PRESENTE,NO,NO,3
11850,36737,36738,2018,1,0,-0.177281,-78.359541,PICHINCHA,QUITO,PUEMBO,URBANA,2018-04-24,07:10:00,7,MARTES,2,ABRIL,4,NO,"CONDUCIR DESATENTO A LAS CONDICIONES DE TRANSITO (CELULAR, PANTALLAS DE VIDEO, COMIDA, MAQUILLAJE O CUALQUIER OTRO ELEMENTO DISTRACTOR).",CHOQUE LATERAL,MOTOCICLETA,0,0,0,0,0,0,0,0,1,0,0,0,0,1,57,HOMBRE,LESIONADO,CONDUCTOR PRESENTE,NO,NO,0
11851,36741,36742,2018,0,0,-0.258972,-78.529891,PICHINCHA,QUITO,QUITO,URBANA,2018-04-24,08:15:00,8,MARTES,2,ABRIL,4,NO,"NO RESPETAR LAS SENIALES REGLAMENTARIAS DE TRANSITO. (PARE, CEDA EL PASO, LUZ ROJA DEL SEMAFORO, ETC).",CHOQUE LATERAL,CAMIONETA,1,0,0,0,1,0,0,0,0,0,0,0,0,2,29,HOMBRE,ILESO,CONDUCTOR PRESENTE,NO,NO,0
11852,36742,36743,2018,1,0,-0.177421,-78.477941,PICHINCHA,QUITO,QUITO,URBANA,2018-04-24,08:50:00,8,MARTES,2,ABRIL,4,NO,PEATON QUE CRUZA LA CALZADA SIN RESPETAR LA SENIALIZACION EXISTENTE (SEMAFOROS O SENIALES MANUALES).,ATROPELLOS,BUS,0,0,1,0,0,0,0,0,0,0,0,0,0,1,18,MUJER,LESIONADO,PEATON,NO,NO,0
11853,36743,36744,2018,0,0,-0.243671,-78.485361,PICHINCHA,QUITO,QUITO,URBANA,2018-04-24,09:45:00,9,MARTES,2,ABRIL,4,NO,NO GUARDAR LA DISTANCIA LATERAL MINIMA DE SEGURIDAD ENTRE VEHICULOS.,CHOQUE LATERAL,CAMIONETA,1,0,0,0,1,0,0,0,0,0,0,0,0,2,36,HOMBRE,ILESO,CONDUCTOR PRESENTE,NO,NO,0
11854,36744,36745,2018,0,0,-0.209801,-78.404281,PICHINCHA,QUITO,TUMBACO,URBANA,2018-04-24,10:10:00,10,MARTES,2,ABRIL,4,NO,REALIZAR CAMBIO BRUSCO O INDEBIDO DE CARRIL.,CHOQUE LATERAL,AUTOMOVIL,2,0,0,0,0,0,0,0,0,0,0,0,0,2,32,HOMBRE,ILESO,CONDUCTOR PRESENTE,NO,NO,0
11855,36745,36746,2018,1,0,-0.249651,-78.530711,PICHINCHA,QUITO,QUITO,URBANA,2018-04-24,11:00:00,11,MARTES,2,ABRIL,4,NO,"NO RESPETAR LAS SENIALES REGLAMENTARIAS DE TRANSITO. (PARE, CEDA EL PASO, LUZ ROJA DEL SEMAFORO, ETC).",CHOQUE LATERAL,CAMIONETA,0,0,0,0,1,0,0,0,1,0,0,0,0,2,37,HOMBRE,LESIONADO,CONDUCTOR PRESENTE,NO,NO,0
11856,36748,36749,2018,3,0,-0.109351,-78.458271,PICHINCHA,QUITO,CALDERON (CARAPUNGO),URBANA,2018-04-24,11:35:00,11,MARTES,2,ABRIL,4,NO,"NO RESPETAR LAS SENIALES REGLAMENTARIAS DE TRANSITO. (PARE, CEDA EL PASO, LUZ ROJA DEL SEMAFORO, ETC).",CHOQUE FRONTAL,AUTOMOVIL,1,0,0,0,0,0,0,1,0,0,0,0,0,2,42,HOMBRE,LESIONADO,CONDUCTOR PRESENTE,NO,NO,0
11857,36749,36750,2018,1,0,-0.162141,-78.482331,PICHINCHA,QUITO,QUITO,URBANA,2018-04-24,11:45:00,11,MARTES,2,ABRIL,4,NO,NO GUARDAR LA DISTANCIA LATERAL MINIMA DE SEGURIDAD ENTRE VEHICULOS.,CHOQUE LATERAL,AUTOMOVIL,1,0,0,0,0,0,0,1,0,0,0,0,0,2,28,HOMBRE,LESIONADO,CONDUCTOR PRESENTE,NO,NO,0
11858,36750,36751,2018,1,0,-0.075111,-78.462921,PICHINCHA,QUITO,QUITO,URBANA,2018-04-24,12:00:00,12,MARTES,2,ABRIL,4,NO,"NO RESPETAR LAS SENIALES REGLAMENTARIAS DE TRANSITO. (PARE, CEDA EL PASO, LUZ ROJA DEL SEMAFORO, ETC).",CHOQUE LATERAL,AUTOMOVIL,1,0,0,0,0,0,0,0,1,0,0,0,0,2,22,HOMBRE,LESIONADO,CONDUCTOR PRESENTE,NO,NO,0
11859,36755,36756,2018,0,0,-0.162041,-78.495511,PICHINCHA,QUITO,QUITO,URBANA,2018-04-24,13:30:00,13,MARTES,2,ABRIL,4,NO,NO MANTENER LA DISTANCIA PRUDENCIAL CON RESPECTO AL VEHICULO QUE LE ANTECEDE.,COLISION,FURGONETA,1,0,0,0,0,0,0,1,0,1,0,0,0,3,33,HOMBRE,ILESO,CONDUCTOR PRESENTE,NO,NO,0
11860,36759,36760,2018,0,0,-0.232621,-78.503701,PICHINCHA,QUITO,QUITO,URBANA,2018-04-24,13:35:00,13,MARTES,2,ABRIL,4,NO,NO MANTENER LA DISTANCIA PRUDENCIAL CON RESPECTO AL VEHICULO QUE LE ANTECEDE.,COLISION,AUTOMOVIL,5,0,0,0,0,0,0,0,0,0,0,0,0,5,33,MUJER,ILESO,CONDUCTOR PRESENTE,NO,NO,0
11861,36762,36763,2018,1,0,-0.213501,-78.524451,PICHINCHA,QUITO,QUITO,URBANA,2018-04-24,14:00:00,14,MARTES,2,ABRIL,4,NO,NO TRANSITAR POR LAS ACERAS O ZONAS DE SEGURIDAD DESTINADAS PARA EL EFECTO.,ATROPELLOS,NO IDENTIFICADO,0,0,0,0,0,0,0,0,0,1,0,0,0,1,45,HOMBRE,LESIONADO,PEATON,NO,NO,0
11862,36767,36768,2018,2,0,-0.127741,-78.497321,PICHINCHA,QUITO,QUITO,URBANA,2018-04-24,15:30:00,15,MARTES,2,ABRIL,4,NO,"CASO FORTUITO O FUERZA MAYOR (EXPLOSION DE NEUMATICO NUEVO, DERRUMBE, INUNDACION, CAIDA DE PUENTE, ARBOL, PRESENCIA INTEMPESTIVA E IMPREVISTA DE SEMOVIENTES EN LA VIA, ETC.).",ATROPELLOS,AUTOMOVIL,1,0,0,0,0,0,0,0,0,0,0,0,0,1,10,HOMBRE,LESIONADO,PEATON,NO,NO,0
11863,36774,36775,2018,1,0,-0.218446,-78.388617,PICHINCHA,QUITO,TUMBACO,URBANA,2018-04-24,17:30:00,17,MARTES,2,ABRIL,4,NO,"PRESENCIA DE AGENTES EXTERNOS EN LA VIA (AGUA, ACEITE, PIEDRA, LASTRE, ESCOMBROS, MADEROS, ETC.).",PERDIDA DE PISTA,AUTOMOVIL,1,0,0,0,0,0,0,0,0,0,0,0,0,1,15,MUJER,LESIONADO,PASAJERO,NO,NO,0
11864,36782,36783,2018,1,0,-0.299431,-78.559041,PICHINCHA,QUITO,QUITO,URBANA,2018-04-24,18:30:00,18,MARTES,2,ABRIL,4,NO,NO CEDER EL DERECHO DE VIA O PREFERENCIA DE PASO AL PEATON.,ATROPELLOS,NO IDENTIFICADO,0,0,0,0,0,0,0,0,0,1,0,0,0,1,75,HOMBRE,LESIONADO,PEATON,NO,NO,0
11865,36783,36784,2018,1,0,-0.268261,-78.546321,PICHINCHA,QUITO,QUITO,URBANA,2018-04-24,18:45:00,18,MARTES,2,ABRIL,4,NO,NO MANTENER LA DISTANCIA PRUDENCIAL CON RESPECTO AL VEHICULO QUE LE ANTECEDE.,CHOQUE POSTERIOR,MOTOCICLETA,0,0,0,0,0,0,0,0,1,1,0,0,0,2,21,MUJER,LESIONADO,CONDUCTOR PRESENTE,NO,NO,0
11866,36784,36785,2018,0,0,-0.268241,-78.546501,PICHINCHA,QUITO,QUITO,URBANA,2018-04-24,18:55:00,18,MARTES,2,ABRIL,4,NO,NO MANTENER LA DISTANCIA PRUDENCIAL CON RESPECTO AL VEHICULO QUE LE ANTECEDE.,COLISION,CAMIONETA,2,0,0,0,1,0,0,0,0,0,0,0,0,3,57,HOMBRE,ILESO,CONDUCTOR PRESENTE,NO,NO,0
11867,36788,36789,2018,0,0,-0.131751,-78.501091,PICHINCHA,QUITO,QUITO,URBANA,2018-04-24,20:35:00,20,MARTES,2,ABRIL,4,NO,"CONDUCIR DESATENTO A LAS CONDICIONES DE TRANSITO (CELULAR, PANTALLAS DE VIDEO, COMIDA, MAQUILLAJE O CUALQUIER OTRO ELEMENTO DISTRACTOR).",CHOQUE LATERAL,FURGONETA,0,0,0,0,1,0,0,1,0,0,0,0,0,2,49,MUJER,ILESO,CONDUCTOR PRESENTE,NO,NO,0
11868,36790,36791,2018,1,0,-0.085781,-78.485158,PICHINCHA,QUITO,QUITO,URBANA,2018-04-24,22:00:00,22,MARTES,2,ABRIL,4,NO,NO MANTENER LA DISTANCIA PRUDENCIAL CON RESPECTO AL VEHICULO QUE LE ANTECEDE.,CHOQUE POSTERIOR,MOTOCICLETA,1,0,0,0,0,0,0,0,1,0,0,0,0,2,45,HOMBRE,LESIONADO,CONDUCTOR PRESENTE,NO,NO,0
11869,36793,36794,2018,0,0,-0.328241,-78.538131,PICHINCHA,QUITO,QUITO,URBANA,2018-04-25,00:30:00,0,MIERCOLES,3,ABRIL,4,NO,NO GUARDAR LA DISTANCIA LATERAL MINIMA DE SEGURIDAD ENTRE VEHICULOS.,ROZAMIENTOS,AUTOMOVIL,2,0,0,0,0,0,0,0,0,0,0,0,0,2,-1,NO IDENTIFICADO,NO IDENTIFICADO,CONDUCTOR AUSENTE,NO,NO,2
11870,36795,36796,2018,0,0,-0.264261,-78.550011,PICHINCHA,QUITO,QUITO,URBANA,2018-04-25,01:35:00,1,MIERCOLES,3,ABRIL,4,NO,REALIZAR CAMBIO BRUSCO O INDEBIDO DE CARRIL.,CHOQUE FRONTAL,AUTOMOVIL,1,0,0,0,0,0,0,0,0,0,0,0,0,1,25,HOMBRE,ILESO,CONDUCTOR PRESENTE,NO,NO,0
11871,36796,36797,2018,0,0,-0.263694,-78.551774,PICHINCHA,QUITO,QUITO,URBANA,2018-04-25,01:40:00,1,MIERCOLES,3,ABRIL,4,NO,CONDUCIR VEHICULO SUPERANDO LOS LIMITES MAXIMOS DE VELOCIDAD.,ESTRELLAMIENTOS,AUTOMOVIL,1,0,0,0,0,0,0,0,0,0,0,0,0,1,-1,NO IDENTIFICADO,NO IDENTIFICADO,CONDUCTOR AUSENTE,NO,NO,2
11872,36799,36800,2018,1,0,-0.150291,-78.453331,PICHINCHA,QUITO,QUITO,URBANA,2018-04-25,05:25:00,5,MIERCOLES,3,ABRIL,4,NO,"PRESENCIA DE AGENTES EXTERNOS EN LA VIA (AGUA, ACEITE, PIEDRA, LASTRE, ESCOMBROS, MADEROS, ETC.).",ESTRELLAMIENTOS,AUTOMOVIL,1,0,0,0,0,0,0,0,0,0,0,0,0,1,22,HOMBRE,LESIONADO,CONDUCTOR PRESENTE,NO,NO,0
11873,36805,36806,2018,1,0,-0.172229,-78.499005,PICHINCHA,QUITO,QUITO,URBANA,2018-04-25,07:50:00,7,MIERCOLES,3,ABRIL,4,NO,NO CEDER EL DERECHO DE VIA O PREFERENCIA DE PASO AL PEATON.,ATROPELLOS,NO IDENTIFICADO,0,0,0,0,0,0,0,0,0,1,0,0,0,1,20,HOMBRE,LESIONADO,PEATON,NO,NO,0
11874,36812,36813,2018,1,0,-0.239721,-78.512061,PICHINCHA,QUITO,QUITO,URBANA,2018-04-25,11:30:00,11,MIERCOLES,3,ABRIL,4,NO,"NO RESPETAR LAS SENIALES REGLAMENTARIAS DE TRANSITO. (PARE, CEDA EL PASO, LUZ ROJA DEL SEMAFORO, ETC).",CHOQUE LATERAL,MOTOCICLETA,0,0,0,0,1,0,0,0,1,0,0,0,0,2,19,HOMBRE,LESIONADO,CONDUCTOR PRESENTE,NO,NO,0
11875,36815,36816,2018,0,0,-0.156051,-78.496451,PICHINCHA,QUITO,QUITO,URBANA,2018-04-25,12:30:00,12,MIERCOLES,3,ABRIL,4,NO,"NO RESPETAR LAS SENIALES REGLAMENTARIAS DE TRANSITO. (PARE, CEDA EL PASO, LUZ ROJA DEL SEMAFORO, ETC).",CHOQUE LATERAL,AUTOMOVIL,1,0,0,0,0,0,0,0,1,0,0,0,0,2,63,HOMBRE,ILESO,CONDUCTOR PRESENTE,NO,NO,0
11876,36817,36818,2018,0,0,-0.212821,-78.402691,PICHINCHA,QUITO,TUMBACO,URBANA,2018-04-25,13:00:00,13,MIERCOLES,3,ABRIL,4,NO,"CONDUCE BAJO LA INFLUENCIA DE ALCOHOL, SUSTANCIAS ESTUPEFACIENTES O PSICOTROPICAS Y/O MEDICAMENTOS.",COLISION,AUTOMOVIL,2,0,0,0,1,0,0,0,0,0,0,0,0,3,51,HOMBRE,ILESO,CONDUCTOR PRESENTE,NO,NO,0
11877,36820,36821,2018,0,0,-0.254056,-78.533471,PICHINCHA,QUITO,QUITO,URBANA,2018-04-25,13:30:00,13,MIERCOLES,3,ABRIL,4,NO,NO MANTENER LA DISTANCIA PRUDENCIAL CON RESPECTO AL VEHICULO QUE LE ANTECEDE.,COLISION,AUTOMOVIL,1,0,0,0,0,0,0,0,0,1,0,0,0,2,35,HOMBRE,ILESO,CONDUCTOR PRESENTE,NO,NO,0
11878,36824,36825,2018,3,0,-0.286581,-78.549901,PICHINCHA,QUITO,QUITO,URBANA,2018-04-25,14:30:00,14,MIERCOLES,3,ABRIL,4,NO,PEATON QUE CRUZA LA CALZADA SIN RESPETAR LA SENIALIZACION EXISTENTE (SEMAFOROS O SENIALES MANUALES).,ATROPELLOS,NO IDENTIFICADO,0,0,0,0,0,0,0,0,0,1,0,0,0,1,85,HOMBRE,LESIONADO,PEATON,NO,NO,0
11879,36825,36826,2018,2,0,-0.207161,-78.490861,PICHINCHA,QUITO,QUITO,URBANA,2018-04-25,14:40:00,14,MIERCOLES,3,ABRIL,4,NO,"NO RESPETAR LAS SENIALES REGLAMENTARIAS DE TRANSITO. (PARE, CEDA EL PASO, LUZ ROJA DEL SEMAFORO, ETC).",CHOQUE LATERAL,CAMIONETA,1,0,0,0,1,0,0,0,0,0,0,0,0,2,27,HOMBRE,LESIONADO,CONDUCTOR PRESENTE,NO,NO,0
11880,36829,36830,2018,0,0,-0.091591,-78.472881,PICHINCHA,QUITO,QUITO,URBANA,2018-04-25,15:30:00,15,MIERCOLES,3,ABRIL,4,NO,CONDUCIR VEHICULO SUPERANDO LOS LIMITES MAXIMOS DE VELOCIDAD.,COLISION,AUTOMOVIL,1,0,0,0,0,0,0,0,0,1,0,0,0,2,34,MUJER,ILESO,CONDUCTOR PRESENTE,NO,NO,0
11881,36831,36832,2018,0,0,-0.276071,-78.510241,PICHINCHA,QUITO,QUITO,URBANA,2018-04-25,16:15:00,16,MIERCOLES,3,ABRIL,4,NO,NO MANTENER LA DISTANCIA PRUDENCIAL CON RESPECTO AL VEHICULO QUE LE ANTECEDE.,ESTRELLAMIENTOS,BUS,1,0,1,0,0,0,0,0,0,0,0,0,0,2,33,HOMBRE,ILESO,CONDUCTOR PRESENTE,NO,NO,0