,Unnamed: 0,ID,ANIO,LESIONADOS,FALLECIDOS,LATITUD_Y,LONGITUD_X,PROVINCIA,CANTON,PARROQUIA,ZONA,FECHA,HORA,PERIODO_2,DIA_1,DIA_2,MES_1,MES_2,FERIADO,CAUSA_PROBABLE,TIPO_DE_SINIESTRO,TIPO_DE_VEHICULO_1,AUTOMOVIL,BICICLETA,BUS,CAMION,CAMIONETA,EMERGENCIAS,ESPECIAL,FURGONETA,MOTOCICLETA,NO_IDENTIFICADO,SCOOTER_ELECTRICO,TRICIMOTO,VEHICULO_DEPORTIVO_UTILITARIO,SUMA_DE_VEHICULOS,EDAD_1,SEXO_1,CONDICION_1,PARTICIPANTE_1,CASCO_1,CINTURON_1,KMeans_Cluster
11882,36834,36835,2018,2,0,-0.220111,-78.507501,PICHINCHA,QUITO,QUITO,URBANA,2018-04-25,16:50:00,16,MIERCOLES,3,ABRIL,4,NO,NO MANTENER LA DISTANCIA PRUDENCIAL CON RESPECTO AL VEHICULO QUE LE ANTECEDE.,CHOQUE POSTERIOR,BUS,0,0,2,0,0,0,0,0,0,0,0,0,0,2,1,MUJER,LESIONADO,PASAJERO,NO,NO,0
11883,36835,36836,2018,0,0,-0.194871,-78.502561,PICHINCHA,QUITO,QUITO,URBANA,2018-04-25,17:00:00,17,MIERCOLES,3,ABRIL,4,NO,"NO RESPETAR LAS SENIALES REGLAMENTARIAS DE TRANSITO. (PARE, CEDA EL PASO, LUZ ROJA DEL SEMAFORO, ETC).",CHOQUE LATERAL,AUTOMOVIL,2,0,0,0,0,0,0,0,0,0,0,0,0,2,45,HOMBRE,ILESO,CONDUCTOR PRESENTE,NO,NO,0
11884,36838,36839,2018,1,0,-0.255451,-78.504491,PICHINCHA,QUITO,QUITO,URBANA,2018-04-25,17:35:00,17,MIERCOLES,3,ABRIL,4,NO,NO TRANSITAR POR LAS ACERAS O ZONAS DE SEGURIDAD DESTINADAS PARA EL EFECTO.,ATROPELLOS,NO IDENTIFICADO,0,0,0,0,0,0,0,0,0,1,0,0,0,1,66,MUJER,LESIONADO,PEATON,NO,NO,0
11885,36840,36841,2018,0,0,-0.188057,-78.479026,PICHINCHA,QUITO,QUITO,URBANA,2018-04-25,17:55:00,17,MIERCOLES,3,ABRIL,4,NO,NO GUARDAR LA DISTANCIA LATERAL MINIMA DE SEGURIDAD ENTRE VEHICULOS.,ROZAMIENTOS,AUTOMOVIL,1,0,0,0,0,0,0,0,0,0,0,0,0,1,58,HOMBRE,ILESO,CONDUCTOR PRESENTE,NO,NO,0
11886,36842,36843,2018,0,0,-0.229291,-78.451591,PICHINCHA,QUITO,CUMBAYA,URBANA,2018-04-25,18:50:00,18,MIERCOLES,3,ABRIL,4,NO,CONDUCIR VEHICULO SUPERANDO LOS LIMITES MAXIMOS DE VELOCIDAD.,ESTRELLAMIENTOS,AUTOMOVIL,1,0,0,0,0,0,0,0,0,0,0,0,0,1,35,HOMBRE,ILESO,CONDUCTOR PRESENTE,NO,NO,0
11887,36844,36845,2018,2,0,-0.119021,-78.499871,PICHINCHA,QUITO,QUITO,URBANA,2018-04-25,19:40:00,19,MIERCOLES,3,ABRIL,4,NO,"CONDUCE BAJO LA INFLUENCIA DE ALCOHOL, SUSTANCIAS ESTUPEFACIENTES O PSICOTROPICAS Y/O MEDICAMENTOS.",CHOQUE LATERAL,AUTOMOVIL,2,0,0,0,0,0,0,0,0,0,0,0,0,2,29,HOMBRE,LESIONADO,CONDUCTOR PRESENTE,NO,NO,0
11888,36847,36848,2018,1,0,-0.310079,-78.443481,PICHINCHA,RUMINIAHUI,SANGOLQUI,URBANA,2018-04-25,20:30:00,20,MIERCOLES,3,ABRIL,4,NO,DEJAR O RECOGER PASAJEROS EN LUGARES NO PERMITIDOS.,ATROPELLOS,MOTOCICLETA,0,0,0,0,0,0,0,0,1,0,0,0,0,1,84,HOMBRE,LESIONADO,PEATON,NO,NO,0
11889,36848,36849,2018,0,0,-0.199771,-78.428811,PICHINCHA,QUITO,CUMBAYA,URBANA,2018-04-25,20:35:00,20,MIERCOLES,3,ABRIL,4,NO,"NO RESPETAR LAS SENIALES REGLAMENTARIAS DE TRANSITO. (PARE, CEDA EL PASO, LUZ ROJA DEL SEMAFORO, ETC).",OTROS,MOTOCICLETA,0,0,0,0,0,0,0,0,1,0,0,0,0,1,20,HOMBRE,ILESO,CONDUCTOR PRESENTE,NO,NO,0
11890,36851,36852,2018,1,0,-0.172511,-78.487771,PICHINCHA,QUITO,QUITO,URBANA,2018-04-25,21:20:00,21,MIERCOLES,3,ABRIL,4,NO,BAJARSE O SUBIRSE DE VEHICULOS EN MOVIMIENTO SIN TOMAR LAS PRECAUCIONES DEBIDAS.,CAIDA DE PASAJERO,NO IDENTIFICADO,0,0,0,0,0,0,0,0,0,1,0,0,0,1,26,MUJER,LESIONADO,PASAJERO,NO,NO,0
11891,36854,36855,2018,0,0,-0.254411,-78.530501,PICHINCHA,QUITO,QUITO,URBANA,2018-04-25,23:55:00,23,MIERCOLES,3,ABRIL,4,NO,REALIZAR CAMBIO BRUSCO O INDEBIDO DE CARRIL.,CHOQUE POSTERIOR,MOTOCICLETA,0,0,0,0,0,0,0,0,1,0,0,0,0,1,42,HOMBRE,ILESO,CONDUCTOR PRESENTE,NO,NO,0
11892,36857,36858,2018,0,0,-0.299621,-78.524241,PICHINCHA,QUITO,QUITO,URBANA,2018-04-26,04:10:00,4,JUEVES,4,ABRIL,4,NO,CONDUCIR VEHICULO SUPERANDO LOS LIMITES MAXIMOS DE VELOCIDAD.,ESTRELLAMIENTOS,AUTOMOVIL,1,0,0,0,0,0,0,0,0,0,0,0,0,1,-1,NO IDENTIFICADO,NO IDENTIFICADO,CONDUCTOR AUSENTE,NO,NO,2
11893,36860,36861,2018,0,0,-0.237471,-78.484641,PICHINCHA,QUITO,QUITO,URBANA,2018-04-26,06:11:00,6,JUEVES,4,ABRIL,4,NO,"FALLA MECANICA EN LOS SISTEMAS Y/O NEUMATICOS (SISTEMA DE FRENOS, DIRECCION, ELECTRONICO O MECANICO).",CHOQUE POSTERIOR,BUS,1,0,1,0,0,0,0,0,0,0,0,0,0,2,23,HOMBRE,ILESO,CONDUCTOR PRESENTE,NO,NO,0
11894,36861,36862,2018,0,0,-0.048691,-78.342341,PICHINCHA,QUITO,GUAYLLABAMBA,RURAL,2018-04-26,06:15:00,6,JUEVES,4,ABRIL,4,NO,NO GUARDAR LA DISTANCIA LATERAL MINIMA DE SEGURIDAD ENTRE VEHICULOS.,CHOQUE LATERAL,AUTOMOVIL,2,0,0,0,0,0,0,0,0,0,0,0,0,2,31,HOMBRE,ILESO,CONDUCTOR PRESENTE,NO,NO,3
11895,36863,36864,2018,1,0,-0.225701,-78.515741,PICHINCHA,QUITO,QUITO,URBANA,2018-04-26,06:30:00,6,JUEVES,4,ABRIL,4,NO,PEATON QUE CRUZA LA CALZADA SIN RESPETAR LA SENIALIZACION EXISTENTE (SEMAFOROS O SENIALES MANUALES).,ATROPELLOS,MOTOCICLETA,0,0,0,0,0,0,0,0,1,0,0,0,0,1,9,HOMBRE,LESIONADO,PEATON,NO,NO,0
11896,36868,36869,2018,2,0,-0.199771,-78.428811,PICHINCHA,QUITO,CUMBAYA,URBANA,2018-04-26,09:00:00,9,JUEVES,4,ABRIL,4,NO,PEATON QUE CRUZA LA CALZADA SIN RESPETAR LA SENIALIZACION EXISTENTE (SEMAFOROS O SENIALES MANUALES).,ATROPELLOS,MOTOCICLETA,0,0,0,0,0,0,0,0,1,0,0,0,0,1,34,HOMBRE,LESIONADO,CONDUCTOR PRESENTE,NO,NO,0
11897,36870,36871,2018,0,0,-0.237601,-78.484571,PICHINCHA,QUITO,QUITO,URBANA,2018-04-26,10:15:00,10,JUEVES,4,ABRIL,4,NO,CONDUCIR VEHICULO SUPERANDO LOS LIMITES MAXIMOS DE VELOCIDAD.,PERDIDA DE PISTA,MOTOCICLETA,0,0,0,0,0,0,0,0,1,0,0,0,0,1,28,HOMBRE,ILESO,CONDUCTOR PRESENTE,NO,NO,0
11898,36873,36874,2018,0,0,-0.245401,-78.533881,PICHINCHA,QUITO,QUITO,URBANA,2018-04-26,12:05:00,12,JUEVES,4,ABRIL,4,NO,NO MANTENER LA DISTANCIA PRUDENCIAL CON RESPECTO AL VEHICULO QUE LE ANTECEDE.,CHOQUE POSTERIOR,AUTOMOVIL,1,0,0,0,0,0,0,0,0,1,0,0,0,2,35,MUJER,ILESO,CONDUCTOR PRESENTE,NO,NO,0
11899,36875,36876,2018,0,0,-0.199771,-78.428811,PICHINCHA,QUITO,CUMBAYA,URBANA,2018-04-26,12:56:00,12,JUEVES,4,ABRIL,4,NO,"CONDUCIR EN ESTADO DE SOMNOLENCIA O MALAS CONDICIONES FISICAS (SUENIO, CANSANCIO Y FATIGA).",CHOQUE LATERAL,CAMIONETA,0,0,0,0,2,0,0,0,0,0,0,0,0,2,32,HOMBRE,ILESO,CONDUCTOR PRESENTE,NO,NO,0
11900,36877,36878,2018,1,0,-0.188911,-78.498891,PICHINCHA,QUITO,QUITO,URBANA,2018-04-26,13:30:00,13,JUEVES,4,ABRIL,4,NO,"NO RESPETAR LAS SENIALES REGLAMENTARIAS DE TRANSITO. (PARE, CEDA EL PASO, LUZ ROJA DEL SEMAFORO, ETC).",ATROPELLOS,NO IDENTIFICADO,0,0,0,0,0,0,0,0,0,1,0,0,0,1,37,MUJER,LESIONADO,PEATON,NO,NO,0
11901,36882,36883,2018,0,0,-0.344775,-78.454939,PICHINCHA,RUMINIAHUI,SANGOLQUI,URBANA,2018-04-26,15:15:00,15,JUEVES,4,ABRIL,4,NO,"CONDUCIR DESATENTO A LAS CONDICIONES DE TRANSITO (CELULAR, PANTALLAS DE VIDEO, COMIDA, MAQUILLAJE O CUALQUIER OTRO ELEMENTO DISTRACTOR).",CHOQUE FRONTAL,CAMION,0,0,0,2,0,0,0,0,0,0,0,0,0,2,20,HOMBRE,ILESO,CONDUCTOR PRESENTE,NO,NO,0
11902,36883,36884,2018,0,0,-0.242771,-78.532741,PICHINCHA,QUITO,QUITO,URBANA,2018-04-26,15:20:00,15,JUEVES,4,ABRIL,4,NO,NO MANTENER LA DISTANCIA PRUDENCIAL CON RESPECTO AL VEHICULO QUE LE ANTECEDE.,CHOQUE POSTERIOR,AUTOMOVIL,2,0,0,0,0,0,0,0,0,0,0,0,0,2,26,HOMBRE,ILESO,CONDUCTOR PRESENTE,NO,NO,0
11903,36884,36885,2018,0,0,-0.328481,-78.522291,PICHINCHA,QUITO,QUITO,URBANA,2018-04-26,16:00:00,16,JUEVES,4,ABRIL,4,NO,"FALLA MECANICA EN LOS SISTEMAS Y/O NEUMATICOS (SISTEMA DE FRENOS, DIRECCION, ELECTRONICO O MECANICO).",ESTRELLAMIENTOS,CAMION,0,0,0,1,0,0,0,0,0,0,0,0,0,1,32,HOMBRE,ILESO,CONDUCTOR PRESENTE,NO,NO,0
11904,36888,36889,2018,0,0,-0.188131,-78.487511,PICHINCHA,QUITO,QUITO,URBANA,2018-04-26,18:42:00,18,JUEVES,4,ABRIL,4,NO,"CONDUCE BAJO LA INFLUENCIA DE ALCOHOL, SUSTANCIAS ESTUPEFACIENTES O PSICOTROPICAS Y/O MEDICAMENTOS.",CHOQUE POSTERIOR,AUTOMOVIL,2,0,0,0,0,0,0,0,0,0,0,0,0,2,20,HOMBRE,ILESO,CONDUCTOR PRESENTE,NO,NO,0
11905,36889,36890,2018,0,0,-0.370421,-78.373721,PICHINCHA,QUITO,PINTAG,URBANA,2018-04-26,19:04:00,19,JUEVES,4,ABRIL,4,NO,NO CEDER EL DERECHO DE VIA O PREFERENCIA DE PASO AL PEATON.,ATROPELLOS,NO IDENTIFICADO,0,0,0,0,0,0,0,0,0,1,0,0,0,1,28,HOMBRE,ILESO,PEATON,NO,NO,0
11906,36890,36891,2018,0,0,-0.276871,-78.542411,PICHINCHA,QUITO,QUITO,URBANA,2018-04-26,19:15:00,19,JUEVES,4,ABRIL,4,NO,CONDUCIR VEHICULO SUPERANDO LOS LIMITES MAXIMOS DE VELOCIDAD.,CHOQUE LATERAL,AUTOMOVIL,2,0,0,0,0,0,0,0,0,0,0,0,0,2,44,HOMBRE,ILESO,CONDUCTOR PRESENTE,NO,NO,0
11907,36892,36893,2018,0,0,-0.109351,-78.458271,PICHINCHA,QUITO,CALDERON (CARAPUNGO),URBANA,2018-04-26,20:20:00,20,JUEVES,4,ABRIL,4,NO,NO CEDER EL DERECHO DE VIA O PREFERENCIA DE PASO A VEHICULOS.,CHOQUE LATERAL,BUS,1,0,1,0,0,0,0,0,0,0,0,0,0,2,36,HOMBRE,ILESO,CONDUCTOR PRESENTE,NO,NO,0
11908,36893,36894,2018,0,0,-0.204061,-78.481894,PICHINCHA,QUITO,QUITO,URBANA,2018-04-26,20:30:00,20,JUEVES,4,ABRIL,4,NO,"NO RESPETAR LAS SENIALES REGLAMENTARIAS DE TRANSITO. (PARE, CEDA EL PASO, LUZ ROJA DEL SEMAFORO, ETC).",VOLCAMIENTOS,MOTOCICLETA,0,0,0,0,0,0,0,0,1,0,0,0,0,1,50,HOMBRE,ILESO,CONDUCTOR PRESENTE,NO,NO,0
11909,36895,36896,2018,1,0,-0.109351,-78.410491,PICHINCHA,QUITO,CALDERON (CARAPUNGO),URBANA,2018-04-26,20:50:00,20,JUEVES,4,ABRIL,4,NO,NO CEDER EL DERECHO DE VIA O PREFERENCIA DE PASO AL PEATON.,ATROPELLOS,NO IDENTIFICADO,0,0,0,0,0,0,0,0,0,1,0,0,0,1,28,HOMBRE,LESIONADO,PEATON,NO,NO,0
11910,36896,36897,2018,1,0,-0.199457,-78.457933,PICHINCHA,QUITO,QUITO,URBANA,2018-04-26,21:00:00,21,JUEVES,4,ABRIL,4,NO,NO CEDER EL DERECHO DE VIA O PREFERENCIA DE PASO AL PEATON.,ATROPELLOS,NO IDENTIFICADO,0,0,0,0,0,0,0,0,0,1,0,0,0,1,35,HOMBRE,LESIONADO,PEATON,NO,NO,0
11911,36897,36898,2018,1,0,-0.212821,-78.402691,PICHINCHA,QUITO,TUMBACO,URBANA,2018-04-26,21:10:00,21,JUEVES,4,ABRIL,4,NO,CONDUCIR VEHICULO SUPERANDO LOS LIMITES MAXIMOS DE VELOCIDAD.,ESTRELLAMIENTOS,AUTOMOVIL,1,0,0,0,0,0,0,0,0,0,0,0,0,1,25,HOMBRE,LESIONADO,PASAJERO,NO,NO,0
11912,36898,36899,2018,0,0,-0.284271,-78.518971,PICHINCHA,QUITO,QUITO,URBANA,2018-04-26,21:20:00,21,JUEVES,4,ABRIL,4,NO,CONDUCIR VEHICULO SUPERANDO LOS LIMITES MAXIMOS DE VELOCIDAD.,ESTRELLAMIENTOS,BUS,0,0,1,0,0,0,0,0,0,0,0,0,0,1,39,HOMBRE,ILESO,CONDUCTOR PRESENTE,NO,NO,0
11913,36904,36905,2018,0,0,-0.245778,-78.519457,PICHINCHA,QUITO,QUITO,URBANA,2018-04-27,05:45:00,5,VIERNES,5,ABRIL,4,SI,NO MANTENER LA DISTANCIA PRUDENCIAL CON RESPECTO AL VEHICULO QUE LE ANTECEDE.,CHOQUE POSTERIOR,CAMIONETA,0,0,0,0,2,0,0,0,0,0,0,0,0,2,44,HOMBRE,ILESO,CONDUCTOR PRESENTE,NO,NO,0
11914,36906,36907,2018,1,0,-0.240751,-78.529367,PICHINCHA,QUITO,QUITO,URBANA,2018-04-27,06:05:00,6,VIERNES,5,ABRIL,4,SI,NO GUARDAR LA DISTANCIA LATERAL MINIMA DE SEGURIDAD ENTRE VEHICULOS.,CHOQUE LATERAL,MOTOCICLETA,0,0,0,0,0,0,0,0,1,0,0,0,1,2,33,HOMBRE,LESIONADO,CONDUCTOR PRESENTE,NO,NO,0
11915,36907,36908,2018,0,0,-0.331804,-78.445819,PICHINCHA,RUMINIAHUI,SANGOLQUI,URBANA,2018-04-27,06:30:00,6,VIERNES,5,ABRIL,4,SI,NO GUARDAR LA DISTANCIA LATERAL MINIMA DE SEGURIDAD ENTRE VEHICULOS.,CHOQUE LATERAL,AUTOMOVIL,2,0,0,0,0,0,0,0,0,0,0,0,0,2,21,HOMBRE,ILESO,CONDUCTOR PRESENTE,NO,NO,0
11916,36909,36910,2018,2,0,0.045864,-78.197951,PICHINCHA,PEDRO MONCAYO,TABACUNDO,URBANA,2018-04-27,07:10:00,7,VIERNES,5,ABRIL,4,SI,NO GUARDAR LA DISTANCIA LATERAL MINIMA DE SEGURIDAD ENTRE VEHICULOS.,CHOQUE LATERAL,MOTOCICLETA,1,0,0,0,0,0,0,0,1,0,0,0,0,2,29,HOMBRE,LESIONADO,CONDUCTOR PRESENTE,NO,NO,0
11917,36913,36914,2018,1,0,-0.262621,-78.524648,PICHINCHA,QUITO,QUITO,URBANA,2018-04-27,08:31:00,8,VIERNES,5,ABRIL,4,SI,"NO RESPETAR LAS SENIALES REGLAMENTARIAS DE TRANSITO. (PARE, CEDA EL PASO, LUZ ROJA DEL SEMAFORO, ETC).",CHOQUE LATERAL,MOTOCICLETA,1,0,0,0,0,0,0,0,1,0,0,0,0,2,26,HOMBRE,LESIONADO,CONDUCTOR PRESENTE,NO,NO,0
11918,36920,36921,2018,0,0,-0.314757,-78.485672,PICHINCHA,QUITO,CONOCOTO,URBANA,2018-04-27,11:10:00,11,VIERNES,5,ABRIL,4,SI,CONDUCIR VEHICULO SUPERANDO LOS LIMITES MAXIMOS DE VELOCIDAD.,ESTRELLAMIENTOS,AUTOMOVIL,1,0,0,0,0,0,0,0,0,0,0,0,0,1,-1,NO IDENTIFICADO,NO IDENTIFICADO,CONDUCTOR AUSENTE,NO,NO,2
11919,36921,36922,2018,1,0,-0.246969,-78.582183,PICHINCHA,QUITO,LLOA,RURAL,2018-04-27,11:30:00,11,VIERNES,5,ABRIL,4,SI,CONDUCIR VEHICULO SUPERANDO LOS LIMITES MAXIMOS DE VELOCIDAD.,ESTRELLAMIENTOS,CAMION,0,0,0,1,0,0,0,0,0,0,0,0,0,1,26,HOMBRE,LESIONADO,CONDUCTOR PRESENTE,NO,NO,3
11920,36925,36926,2018,0,0,-0.144996,-78.471521,PICHINCHA,QUITO,QUITO,URBANA,2018-04-27,12:35:00,12,VIERNES,5,ABRIL,4,SI,CONDUCIR EN SENTIDO CONTRARIO A LA VIA NORMAL DE CIRCULACION.,CHOQUE LATERAL,AUTOMOVIL,2,0,0,0,0,0,0,0,0,0,0,0,0,2,34,HOMBRE,ILESO,CONDUCTOR PRESENTE,NO,NO,0
11921,36926,36927,2018,0,0,-0.171474,-78.475952,PICHINCHA,QUITO,QUITO,URBANA,2018-04-27,12:45:00,12,VIERNES,5,ABRIL,4,SI,NO GUARDAR LA DISTANCIA LATERAL MINIMA DE SEGURIDAD ENTRE VEHICULOS.,ROZAMIENTOS,AUTOMOVIL,1,0,0,1,0,0,0,0,0,0,0,0,0,2,22,MUJER,ILESO,CONDUCTOR PRESENTE,NO,NO,0
11922,36930,36931,2018,0,0,-0.175759,-78.488687,PICHINCHA,QUITO,QUITO,URBANA,2018-04-27,14:06:00,14,VIERNES,5,ABRIL,4,SI,NO CEDER EL DERECHO DE VIA O PREFERENCIA DE PASO A VEHICULOS.,CHOQUE LATERAL,MOTOCICLETA,1,0,0,0,0,0,0,0,1,0,0,0,0,2,55,HOMBRE,ILESO,CONDUCTOR PRESENTE,NO,NO,0
11923,36935,36936,2018,0,1,-0.323661,-78.556475,PICHINCHA,QUITO,QUITO,URBANA,2018-04-27,15:25:00,15,VIERNES,5,ABRIL,4,SI,NO TRANSITAR POR LAS ACERAS O ZONAS DE SEGURIDAD DESTINADAS PARA EL EFECTO.,OTROS,NO IDENTIFICADO,0,0,0,0,0,0,0,0,0,1,0,0,0,1,2,HOMBRE,FALLECIDO,PEATON,NO,NO,0
11924,36936,36937,2018,0,0,-0.187109,-78.500017,PICHINCHA,QUITO,QUITO,URBANA,2018-04-27,15:30:00,15,VIERNES,5,ABRIL,4,SI,NO MANTENER LA DISTANCIA PRUDENCIAL CON RESPECTO AL VEHICULO QUE LE ANTECEDE.,CHOQUE POSTERIOR,AUTOMOVIL,2,0,0,0,0,0,0,0,0,0,0,0,0,2,39,MUJER,ILESO,CONDUCTOR PRESENTE,NO,NO,0
11925,36937,36938,2018,1,0,-0.117427,-78.494174,PICHINCHA,QUITO,QUITO,URBANA,2018-04-27,15:50:00,15,VIERNES,5,ABRIL,4,SI,PEATON QUE CRUZA LA CALZADA SIN RESPETAR LA SENIALIZACION EXISTENTE (SEMAFOROS O SENIALES MANUALES).,ATROPELLOS,MOTOCICLETA,0,0,0,0,0,0,0,0,1,0,0,0,0,1,34,HOMBRE,LESIONADO,PEATON,NO,NO,0
11926,36945,36946,2018,0,0,-0.177282,-78.359537,PICHINCHA,QUITO,PUEMBO,URBANA,2018-04-27,17:00:00,17,VIERNES,5,ABRIL,4,SI,"CONDUCIR DESATENTO A LAS CONDICIONES DE TRANSITO (CELULAR, PANTALLAS DE VIDEO, COMIDA, MAQUILLAJE O CUALQUIER OTRO ELEMENTO DISTRACTOR).",CHOQUE LATERAL,AUTOMOVIL,1,0,0,1,0,0,0,0,0,0,0,0,0,2,20,HOMBRE,ILESO,CONDUCTOR PRESENTE,NO,NO,0
11927,36946,36947,2018,1,0,-0.170155,-78.479768,PICHINCHA,QUITO,QUITO,URBANA,2018-04-27,18:05:00,18,VIERNES,5,ABRIL,4,SI,PEATON QUE CRUZA LA CALZADA SIN RESPETAR LA SENIALIZACION EXISTENTE (SEMAFOROS O SENIALES MANUALES).,ATROPELLOS,AUTOMOVIL,1,0,0,0,0,0,0,0,0,0,0,0,0,1,32,HOMBRE,LESIONADO,PEATON,NO,NO,0
11928,36952,36953,2018,0,0,-0.540259,-78.583534,PICHINCHA,MEJIA,ALOASI,RURAL,2018-04-27,20:00:00,20,VIERNES,5,ABRIL,4,SI,"CONDUCIR DESATENTO A LAS CONDICIONES DE TRANSITO (CELULAR, PANTALLAS DE VIDEO, COMIDA, MAQUILLAJE O CUALQUIER OTRO ELEMENTO DISTRACTOR).",CHOQUE POSTERIOR,AUTOMOVIL,1,0,0,0,0,0,0,0,0,0,0,0,0,1,-1,NO IDENTIFICADO,NO IDENTIFICADO,CONDUCTOR AUSENTE,NO,NO,2
11929,36953,36954,2018,0,0,-0.206708,-78.482674,PICHINCHA,QUITO,QUITO,URBANA,2018-04-27,20:35:00,20,VIERNES,5,ABRIL,4,SI,NO GUARDAR LA DISTANCIA LATERAL MINIMA DE SEGURIDAD ENTRE VEHICULOS.,CHOQUE LATERAL,AUTOMOVIL,1,0,0,0,0,0,0,0,0,0,0,0,1,2,33,HOMBRE,ILESO,CONDUCTOR PRESENTE,NO,NO,0
11930,36958,36959,2018,0,0,-0.179733,-78.474243,PICHINCHA,QUITO,QUITO,URBANA,2018-04-27,21:20:00,21,VIERNES,5,ABRIL,4,SI,"NO RESPETAR LAS SENIALES REGLAMENTARIAS DE TRANSITO. (PARE, CEDA EL PASO, LUZ ROJA DEL SEMAFORO, ETC).",OTROS,AUTOMOVIL,1,0,0,0,0,0,0,0,0,0,0,0,0,1,24,MUJER,ILESO,CONDUCTOR PRESENTE,NO,NO,0
11931,36964,36965,2018,2,0,-0.233602,-78.513908,PICHINCHA,QUITO,QUITO,URBANA,2018-04-27,22:20:00,22,VIERNES,5,ABRIL,4,SI,NO MANTENER LA DISTANCIA PRUDENCIAL CON RESPECTO AL VEHICULO QUE LE ANTECEDE.,COLISION,AUTOMOVIL,2,0,0,0,0,0,0,0,0,1,0,0,0,3,52,MUJER,LESIONADO,PASAJERO,NO,NO,0
11932,36965,36966,2018,1,0,-0.088884,-78.439915,PICHINCHA,QUITO,CALDERON (CARAPUNGO),URBANA,2018-04-27,22:30:00,22,VIERNES,5,ABRIL,4,SI,MALAS CONDICIONES DE LA VIA Y/O CONFIGURACION. (ILUMINACION Y DISENIO).,PERDIDA DE PISTA,MOTOCICLETA,0,0,0,0,0,0,0,0,1,0,0,0,0,1,28,HOMBRE,LESIONADO,CONDUCTOR PRESENTE,NO,NO,0
11933,36968,36969,2018,0,0,-0.209509,-78.522321,PICHINCHA,QUITO,QUITO,URBANA,2018-04-27,22:50:00,22,VIERNES,5,ABRIL,4,SI,"NO RESPETAR LAS SENIALES REGLAMENTARIAS DE TRANSITO. (PARE, CEDA EL PASO, LUZ ROJA DEL SEMAFORO, ETC).",ESTRELLAMIENTOS,MOTOCICLETA,1,0,0,0,0,0,0,0,1,0,0,0,0,2,-1,NO IDENTIFICADO,NO IDENTIFICADO,CONDUCTOR AUSENTE,NO,NO,2
11934,36969,36970,2018,2,0,-0.184064,-78.479043,PICHINCHA,QUITO,QUITO,URBANA,2018-04-27,22:50:00,22,VIERNES,5,ABRIL,4,SI,NO GUARDAR LA DISTANCIA LATERAL MINIMA DE SEGURIDAD ENTRE VEHICULOS.,CHOQUE LATERAL,MOTOCICLETA,0,0,0,0,0,0,0,0,2,0,0,0,0,2,21,HOMBRE,LESIONADO,CONDUCTOR PRESENTE,NO,NO,0
11935,36971,36972,2018,4,0,-0.100481,-78.470028,PICHINCHA,QUITO,QUITO,URBANA,2018-04-27,23:00:00,23,VIERNES,5,ABRIL,4,SI,"CONDUCE BAJO LA INFLUENCIA DE ALCOHOL, SUSTANCIAS ESTUPEFACIENTES O PSICOTROPICAS Y/O MEDICAMENTOS.",CHOQUE LATERAL,MOTOCICLETA,1,0,0,0,0,0,0,0,1,0,0,0,0,2,49,HOMBRE,LESIONADO,PASAJERO,NO,NO,0
11936,36972,36973,2018,1,0,-0.132078,-78.311684,PICHINCHA,QUITO,CHECA (CHILPA),RURAL,2018-04-27,23:00:00,23,VIERNES,5,ABRIL,4,SI,"CONDUCE BAJO LA INFLUENCIA DE ALCOHOL, SUSTANCIAS ESTUPEFACIENTES O PSICOTROPICAS Y/O MEDICAMENTOS.",CHOQUE LATERAL,AUTOMOVIL,2,0,0,0,0,0,0,0,0,0,0,0,0,2,25,HOMBRE,LESIONADO,CONDUCTOR PRESENTE,NO,NO,3
11937,36978,36979,2018,1,0,-0.051483,-78.347355,PICHINCHA,QUITO,GUAYLLABAMBA,RURAL,2018-04-28,00:15:00,0,SABADO,6,ABRIL,4,SI,"CONDUCE BAJO LA INFLUENCIA DE ALCOHOL, SUSTANCIAS ESTUPEFACIENTES O PSICOTROPICAS Y/O MEDICAMENTOS.",CHOQUE LATERAL,VEHICULO DEPORTIVO UTILITARIO,0,0,0,1,0,0,0,0,0,0,0,0,1,2,34,HOMBRE,LESIONADO,CONDUCTOR PRESENTE,NO,NO,3
11938,36979,36980,2018,2,0,-0.242301,-78.512764,PICHINCHA,QUITO,QUITO,URBANA,2018-04-28,00:25:00,0,SABADO,6,ABRIL,4,SI,"NO RESPETAR LAS SENIALES REGLAMENTARIAS DE TRANSITO. (PARE, CEDA EL PASO, LUZ ROJA DEL SEMAFORO, ETC).",CHOQUE LATERAL,MOTOCICLETA,0,0,0,0,0,0,0,0,1,1,0,0,0,2,21,HOMBRE,LESIONADO,CONDUCTOR PRESENTE,NO,NO,0
11939,36980,36981,2018,1,0,-0.308111,-78.561891,PICHINCHA,QUITO,QUITO,URBANA,2018-04-28,00:25:00,0,SABADO,6,ABRIL,4,SI,"CONDUCIR EN ESTADO DE SOMNOLENCIA O MALAS CONDICIONES FISICAS (SUENIO, CANSANCIO Y FATIGA).",PERDIDA DE PISTA,MOTOCICLETA,0,0,0,0,0,0,0,0,1,0,0,0,0,1,-1,HOMBRE,LESIONADO,PASAJERO,NO,NO,0
11940,36982,36983,2018,1,0,-0.088068,-78.442278,PICHINCHA,QUITO,CALDERON (CARAPUNGO),URBANA,2018-04-28,00:30:00,0,SABADO,6,ABRIL,4,SI,DANIOS MECANICOS PREVISIBLES.,PERDIDA DE PISTA,NO IDENTIFICADO,0,0,0,0,0,0,0,0,0,1,0,0,0,1,27,HOMBRE,LESIONADO,CONDUCTOR PRESENTE,NO,NO,0