,Unnamed: 0,ID,ANIO,LESIONADOS,FALLECIDOS,LATITUD_Y,LONGITUD_X,PROVINCIA,CANTON,PARROQUIA,ZONA,FECHA,HORA,PERIODO_2,DIA_1,DIA_2,MES_1,MES_2,FERIADO,CAUSA_PROBABLE,TIPO_DE_SINIESTRO,TIPO_DE_VEHICULO_1,AUTOMOVIL,BICICLETA,BUS,CAMION,CAMIONETA,EMERGENCIAS,ESPECIAL,FURGONETA,MOTOCICLETA,NO_IDENTIFICADO,SCOOTER_ELECTRICO,TRICIMOTO,VEHICULO_DEPORTIVO_UTILITARIO,SUMA_DE_VEHICULOS,EDAD_1,SEXO_1,CONDICION_1,PARTICIPANTE_1,CASCO_1,CINTURON_1,KMeans_Cluster
11941,36984,36985,2018,0,0,-0.247141,-78.475851,PICHINCHA,QUITO,QUITO,URBANA,2018-04-28,00:40:00,0,SABADO,6,ABRIL,4,SI,"CONDUCIR EN ESTADO DE SOMNOLENCIA O MALAS CONDICIONES FISICAS (SUENIO, CANSANCIO Y FATIGA).",CHOQUE POSTERIOR,AUTOMOVIL,2,0,0,0,0,0,0,0,0,0,0,0,0,2,35,HOMBRE,ILESO,CONDUCTOR PRESENTE,NO,NO,0
11942,36986,36987,2018,1,0,-0.273521,-78.536921,PICHINCHA,QUITO,QUITO,URBANA,2018-04-28,00:50:00,0,SABADO,6,ABRIL,4,SI,CONDUCIR VEHICULO SUPERANDO LOS LIMITES MAXIMOS DE VELOCIDAD.,ATROPELLOS,NO IDENTIFICADO,0,0,0,0,0,0,0,0,0,1,0,0,0,1,42,HOMBRE,LESIONADO,PEATON,NO,NO,0
11943,36987,36988,2018,0,0,-0.174891,-78.501171,PICHINCHA,QUITO,QUITO,URBANA,2018-04-28,01:00:00,1,SABADO,6,ABRIL,4,SI,"CONDUCE BAJO LA INFLUENCIA DE ALCOHOL, SUSTANCIAS ESTUPEFACIENTES O PSICOTROPICAS Y/O MEDICAMENTOS.",ESTRELLAMIENTOS,AUTOMOVIL,1,0,0,0,0,0,0,0,0,0,0,0,0,1,21,HOMBRE,ILESO,CONDUCTOR PRESENTE,NO,NO,0
11944,36991,36992,2018,1,0,-0.189061,-78.511841,PICHINCHA,QUITO,QUITO,URBANA,2018-04-28,02:25:00,2,SABADO,6,ABRIL,4,SI,PEATON QUE CRUZA LA CALZADA SIN RESPETAR LA SENIALIZACION EXISTENTE (SEMAFOROS O SENIALES MANUALES).,ATROPELLOS,MOTOCICLETA,0,0,0,0,0,0,0,0,1,0,0,0,0,1,51,HOMBRE,LESIONADO,PEATON,NO,NO,0
11945,36994,36995,2018,0,0,-0.333951,-78.438599,PICHINCHA,RUMINIAHUI,SANGOLQUI,URBANA,2018-04-28,02:50:00,2,SABADO,6,ABRIL,4,SI,"CONDUCIR DESATENTO A LAS CONDICIONES DE TRANSITO (CELULAR, PANTALLAS DE VIDEO, COMIDA, MAQUILLAJE O CUALQUIER OTRO ELEMENTO DISTRACTOR).",PERDIDA DE PISTA,AUTOMOVIL,1,0,0,0,0,0,0,0,0,0,0,0,0,1,-1,NO IDENTIFICADO,NO IDENTIFICADO,CONDUCTOR AUSENTE,NO,NO,2
11946,36998,36999,2018,0,0,-0.095071,-78.427201,PICHINCHA,QUITO,CALDERON (CARAPUNGO),URBANA,2018-04-28,03:27:00,3,SABADO,6,ABRIL,4,SI,"CONDICIONES AMBIENTALES Y/O ATMOSFERICAS (NIEBLA, NEBLINA, GRANIZO, LLUVIA).",CHOQUE FRONTAL,AUTOMOVIL,2,0,0,0,0,0,0,0,0,0,0,0,0,2,30,HOMBRE,ILESO,CONDUCTOR PRESENTE,NO,NO,0
11947,37008,37009,2018,0,0,-0.159804,-78.490053,PICHINCHA,QUITO,QUITO,URBANA,2018-04-28,04:30:00,4,SABADO,6,ABRIL,4,SI,"CONDICIONES AMBIENTALES Y/O ATMOSFERICAS (NIEBLA, NEBLINA, GRANIZO, LLUVIA).",ESTRELLAMIENTOS,NO IDENTIFICADO,0,0,0,0,0,0,0,0,0,1,0,0,0,1,-1,NO IDENTIFICADO,NO IDENTIFICADO,CONDUCTOR AUSENTE,NO,NO,2
11948,37009,37010,2018,0,0,-0.168791,-78.370561,PICHINCHA,QUITO,PUEMBO,URBANA,2018-04-28,04:30:00,4,SABADO,6,ABRIL,4,SI,"FALLA MECANICA EN LOS SISTEMAS Y/O NEUMATICOS (SISTEMA DE FRENOS, DIRECCION, ELECTRONICO O MECANICO).",ESTRELLAMIENTOS,MOTOCICLETA,0,0,0,0,0,0,0,0,1,0,0,0,0,1,25,HOMBRE,ILESO,CONDUCTOR PRESENTE,NO,NO,0
11949,37011,37012,2018,1,0,-0.331111,-78.550651,PICHINCHA,QUITO,QUITO,URBANA,2018-04-28,05:00:00,5,SABADO,6,ABRIL,4,SI,NO TRANSITAR POR LAS ACERAS O ZONAS DE SEGURIDAD DESTINADAS PARA EL EFECTO.,ATROPELLOS,NO IDENTIFICADO,0,0,0,0,0,0,0,0,0,1,0,0,0,1,56,HOMBRE,LESIONADO,PEATON,NO,NO,0
11950,37012,37013,2018,0,0,-0.280981,-78.516481,PICHINCHA,QUITO,QUITO,URBANA,2018-04-28,05:05:00,5,SABADO,6,ABRIL,4,SI,"CONDUCIR EN ESTADO DE SOMNOLENCIA O MALAS CONDICIONES FISICAS (SUENIO, CANSANCIO Y FATIGA).",ESTRELLAMIENTOS,CAMIONETA,0,0,0,0,1,0,0,0,0,0,0,0,0,1,-1,NO IDENTIFICADO,NO IDENTIFICADO,CONDUCTOR AUSENTE,NO,NO,2
11951,37013,37014,2018,3,0,-0.212331,-78.426701,PICHINCHA,QUITO,CUMBAYA,URBANA,2018-04-28,05:15:00,5,SABADO,6,ABRIL,4,SI,"CONDUCE BAJO LA INFLUENCIA DE ALCOHOL, SUSTANCIAS ESTUPEFACIENTES O PSICOTROPICAS Y/O MEDICAMENTOS.",ESTRELLAMIENTOS,AUTOMOVIL,1,0,0,0,0,0,0,2,0,0,0,0,0,3,46,HOMBRE,LESIONADO,CONDUCTOR PRESENTE,NO,NO,0
11952,37014,37015,2018,0,0,-0.463167,-78.593458,PICHINCHA,MEJIA,ALOAG,RURAL,2018-04-28,05:30:00,5,SABADO,6,ABRIL,4,SI,NO GUARDAR LA DISTANCIA LATERAL MINIMA DE SEGURIDAD ENTRE VEHICULOS.,CHOQUE LATERAL,AUTOMOVIL,1,0,0,0,0,0,0,0,0,0,0,0,1,2,51,HOMBRE,ILESO,CONDUCTOR PRESENTE,NO,NO,3
11953,37017,37018,2018,0,0,-0.181291,-78.505241,PICHINCHA,QUITO,QUITO,URBANA,2018-04-28,05:40:00,5,SABADO,6,ABRIL,4,SI,"CONDICIONES AMBIENTALES Y/O ATMOSFERICAS (NIEBLA, NEBLINA, GRANIZO, LLUVIA).",ESTRELLAMIENTOS,AUTOMOVIL,1,0,0,0,0,0,0,0,0,0,0,0,0,1,-1,NO IDENTIFICADO,NO IDENTIFICADO,CONDUCTOR AUSENTE,NO,NO,2
11954,37018,37019,2018,0,0,0.014971,-78.470699,PICHINCHA,QUITO,SAN ANTONIO (QUITO),RURAL,2018-04-28,05:40:00,5,SABADO,6,ABRIL,4,SI,NO MANTENER LA DISTANCIA PRUDENCIAL CON RESPECTO AL VEHICULO QUE LE ANTECEDE.,CHOQUE POSTERIOR,AUTOMOVIL,1,0,0,0,0,0,0,0,0,0,0,0,1,2,28,HOMBRE,ILESO,CONDUCTOR PRESENTE,NO,NO,3
11955,37019,37020,2018,0,1,-0.283631,-78.535671,PICHINCHA,QUITO,QUITO,URBANA,2018-04-28,05:45:00,5,SABADO,6,ABRIL,4,SI,PEATON QUE CRUZA LA CALZADA SIN RESPETAR LA SENIALIZACION EXISTENTE (SEMAFOROS O SENIALES MANUALES).,ATROPELLOS,AUTOMOVIL,1,0,0,0,0,0,0,0,0,0,0,0,0,1,74,MUJER,FALLECIDO,PEATON,NO,NO,0
11956,37020,37021,2018,1,0,-0.091591,-78.439051,PICHINCHA,QUITO,CALDERON (CARAPUNGO),URBANA,2018-04-28,06:00:00,6,SABADO,6,ABRIL,4,SI,"CONDICIONES AMBIENTALES Y/O ATMOSFERICAS (NIEBLA, NEBLINA, GRANIZO, LLUVIA).",PERDIDA DE PISTA,MOTOCICLETA,0,0,0,0,0,0,0,0,1,0,0,0,0,1,45,HOMBRE,LESIONADO,CONDUCTOR PRESENTE,NO,NO,0
11957,37024,37025,2018,0,0,-0.379577,-78.552234,PICHINCHA,MEJIA,CUTUGLAHUA,RURAL,2018-04-28,06:30:00,6,SABADO,6,ABRIL,4,SI,NO MANTENER LA DISTANCIA PRUDENCIAL CON RESPECTO AL VEHICULO QUE LE ANTECEDE.,CHOQUE POSTERIOR,AUTOMOVIL,1,0,0,1,0,0,0,0,0,0,0,0,0,2,30,HOMBRE,ILESO,CONDUCTOR PRESENTE,NO,NO,3
11958,37027,37028,2018,0,0,-0.269551,-78.528791,PICHINCHA,QUITO,QUITO,URBANA,2018-04-28,06:40:00,6,SABADO,6,ABRIL,4,SI,"FALLA MECANICA EN LOS SISTEMAS Y/O NEUMATICOS (SISTEMA DE FRENOS, DIRECCION, ELECTRONICO O MECANICO).",CHOQUE FRONTAL,CAMIONETA,1,0,0,0,1,0,0,0,0,0,0,0,0,2,22,HOMBRE,ILESO,CONDUCTOR PRESENTE,NO,NO,0
11959,37028,37029,2018,0,0,-0.295235,-78.558839,PICHINCHA,QUITO,QUITO,URBANA,2018-04-28,06:50:00,6,SABADO,6,ABRIL,4,SI,"CONDUCIR DESATENTO A LAS CONDICIONES DE TRANSITO (CELULAR, PANTALLAS DE VIDEO, COMIDA, MAQUILLAJE O CUALQUIER OTRO ELEMENTO DISTRACTOR).",CAIDA DE PASAJERO,NO IDENTIFICADO,0,0,0,0,0,0,0,0,0,1,0,0,0,1,56,MUJER,ILESO,PASAJERO,NO,NO,0
11960,37030,37031,2018,0,0,-0.149241,-78.480051,PICHINCHA,QUITO,QUITO,URBANA,2018-04-28,07:10:00,7,SABADO,6,ABRIL,4,SI,"CONDICIONES AMBIENTALES Y/O ATMOSFERICAS (NIEBLA, NEBLINA, GRANIZO, LLUVIA).",OTROS,AUTOMOVIL,1,0,0,0,0,0,0,0,0,0,0,0,0,1,50,HOMBRE,ILESO,CONDUCTOR PRESENTE,NO,NO,0
11961,37031,37032,2018,0,0,-0.289311,-78.538491,PICHINCHA,QUITO,QUITO,URBANA,2018-04-28,07:35:00,7,SABADO,6,ABRIL,4,SI,CONDUCIR VEHICULO SUPERANDO LOS LIMITES MAXIMOS DE VELOCIDAD.,CHOQUE LATERAL,CAMION,0,0,0,1,1,0,0,0,0,0,0,0,0,2,32,HOMBRE,ILESO,CONDUCTOR PRESENTE,NO,NO,0
11962,37033,37034,2018,0,0,-0.129111,-78.498261,PICHINCHA,QUITO,QUITO,URBANA,2018-04-28,07:47:00,7,SABADO,6,ABRIL,4,SI,"CONDICIONES AMBIENTALES Y/O ATMOSFERICAS (NIEBLA, NEBLINA, GRANIZO, LLUVIA).",COLISION,AUTOMOVIL,3,0,0,0,0,0,0,0,0,0,0,0,0,3,39,NO IDENTIFICADO,ILESO,CONDUCTOR PRESENTE,NO,NO,2
11963,37034,37035,2018,0,0,-0.237391,-78.484531,PICHINCHA,QUITO,QUITO,URBANA,2018-04-28,07:50:00,7,SABADO,6,ABRIL,4,SI,"CONDUCE BAJO LA INFLUENCIA DE ALCOHOL, SUSTANCIAS ESTUPEFACIENTES O PSICOTROPICAS Y/O MEDICAMENTOS.",COLISION,AUTOMOVIL,2,0,0,0,1,0,0,0,0,0,0,0,0,3,30,HOMBRE,ILESO,CONDUCTOR PRESENTE,NO,NO,0
11964,37035,37036,2018,0,0,-0.105371,-78.462381,PICHINCHA,QUITO,QUITO,URBANA,2018-04-28,08:10:00,8,SABADO,6,ABRIL,4,SI,"CONDUCE BAJO LA INFLUENCIA DE ALCOHOL, SUSTANCIAS ESTUPEFACIENTES O PSICOTROPICAS Y/O MEDICAMENTOS.",COLISION,AUTOMOVIL,3,0,0,0,0,0,0,0,0,0,0,0,0,3,21,HOMBRE,ILESO,CONDUCTOR PRESENTE,NO,NO,0
11965,37036,37037,2018,0,0,-0.115695,-78.491605,PICHINCHA,QUITO,QUITO,URBANA,2018-04-28,08:30:00,8,SABADO,6,ABRIL,4,SI,"CONDICIONES AMBIENTALES Y/O ATMOSFERICAS (NIEBLA, NEBLINA, GRANIZO, LLUVIA).",CHOQUE FRONTAL,AUTOMOVIL,1,0,0,0,0,0,0,0,0,0,0,0,0,1,26,HOMBRE,ILESO,CONDUCTOR PRESENTE,NO,NO,0
11966,37037,37038,2018,1,0,-0.314761,-78.484672,PICHINCHA,QUITO,CONOCOTO,URBANA,2018-04-28,09:00:00,9,SABADO,6,ABRIL,4,SI,CONDUCIR VEHICULO SUPERANDO LOS LIMITES MAXIMOS DE VELOCIDAD.,CAIDA DE PASAJERO,BUS,0,0,1,0,0,0,0,0,0,0,0,0,0,1,45,MUJER,LESIONADO,PASAJERO,NO,NO,0
11967,37038,37039,2018,0,0,-0.237761,-78.528961,PICHINCHA,QUITO,QUITO,URBANA,2018-04-28,09:00:00,9,SABADO,6,ABRIL,4,SI,NO GUARDAR LA DISTANCIA LATERAL MINIMA DE SEGURIDAD ENTRE VEHICULOS.,ROZAMIENTOS,FURGONETA,0,0,0,0,0,0,0,1,0,0,0,0,0,1,35,HOMBRE,ILESO,CONDUCTOR PRESENTE,NO,NO,0
11968,37039,37040,2018,0,0,-0.426812,-78.551912,PICHINCHA,MEJIA,TAMBILLO (MEJIA),RURAL,2018-04-28,09:20:00,9,SABADO,6,ABRIL,4,SI,"CONDUCIR DESATENTO A LAS CONDICIONES DE TRANSITO (CELULAR, PANTALLAS DE VIDEO, COMIDA, MAQUILLAJE O CUALQUIER OTRO ELEMENTO DISTRACTOR).",COLISION,CAMION,1,0,0,1,1,0,0,0,0,0,0,0,1,4,51,HOMBRE,ILESO,CONDUCTOR PRESENTE,NO,NO,3
11969,37042,37043,2018,1,0,-0.323661,-78.556481,PICHINCHA,QUITO,QUITO,URBANA,2018-04-28,10:15:00,10,SABADO,6,ABRIL,4,SI,"NO RESPETAR LAS SENIALES REGLAMENTARIAS DE TRANSITO. (PARE, CEDA EL PASO, LUZ ROJA DEL SEMAFORO, ETC).",CHOQUE LATERAL,AUTOMOVIL,1,0,0,0,0,0,0,1,0,0,0,0,0,2,20,HOMBRE,LESIONADO,CONDUCTOR PRESENTE,NO,NO,0
11970,37044,37045,2018,0,0,-0.280301,-78.558596,PICHINCHA,QUITO,QUITO,URBANA,2018-04-28,10:45:00,10,SABADO,6,ABRIL,4,SI,"CONDICIONES AMBIENTALES Y/O ATMOSFERICAS (NIEBLA, NEBLINA, GRANIZO, LLUVIA).",OTROS,AUTOMOVIL,1,0,0,0,0,0,0,0,0,0,0,0,0,1,-1,NO IDENTIFICADO,NO IDENTIFICADO,CONDUCTOR AUSENTE,NO,NO,2
11971,37047,37048,2018,0,0,-0.156086,-78.471166,PICHINCHA,QUITO,QUITO,URBANA,2018-04-28,11:00:00,11,SABADO,6,ABRIL,4,SI,NO MANTENER LA DISTANCIA PRUDENCIAL CON RESPECTO AL VEHICULO QUE LE ANTECEDE.,CHOQUE POSTERIOR,AUTOMOVIL,1,0,0,0,0,0,0,0,0,0,0,0,0,1,30,HOMBRE,ILESO,CONDUCTOR PRESENTE,NO,NO,0
11972,37049,37050,2018,0,0,-0.185881,-78.453561,PICHINCHA,QUITO,NAYON,URBANA,2018-04-28,11:15:00,11,SABADO,6,ABRIL,4,SI,"CONDICIONES AMBIENTALES Y/O ATMOSFERICAS (NIEBLA, NEBLINA, GRANIZO, LLUVIA).",ESTRELLAMIENTOS,AUTOMOVIL,2,0,1,0,0,0,0,0,0,0,0,0,0,3,48,HOMBRE,ILESO,CONDUCTOR PRESENTE,NO,NO,0
11973,37050,37051,2018,1,0,-0.469212,-78.589625,PICHINCHA,MEJIA,ALOAG,RURAL,2018-04-28,11:30:00,11,SABADO,6,ABRIL,4,SI,NO GUARDAR LA DISTANCIA LATERAL MINIMA DE SEGURIDAD ENTRE VEHICULOS.,CHOQUE LATERAL,CAMIONETA,0,0,0,0,2,0,0,0,0,0,0,0,0,2,46,MUJER,LESIONADO,CONDUCTOR PRESENTE,NO,NO,3
11974,37058,37059,2018,0,0,-0.055597,-78.351671,PICHINCHA,QUITO,GUAYLLABAMBA,RURAL,2018-04-28,13:30:00,13,SABADO,6,ABRIL,4,SI,"CONDUCE BAJO LA INFLUENCIA DE ALCOHOL, SUSTANCIAS ESTUPEFACIENTES O PSICOTROPICAS Y/O MEDICAMENTOS.",CHOQUE LATERAL,AUTOMOVIL,2,0,0,0,0,0,0,0,0,0,0,0,0,2,47,HOMBRE,ILESO,CONDUCTOR PRESENTE,NO,NO,3
11975,37060,37061,2018,1,0,-0.108361,-78.367291,PICHINCHA,QUITO,TABABELA,URBANA,2018-04-28,13:45:00,13,SABADO,6,ABRIL,4,SI,"NO RESPETAR LAS SENIALES REGLAMENTARIAS DE TRANSITO. (PARE, CEDA EL PASO, LUZ ROJA DEL SEMAFORO, ETC).",ATROPELLOS,AUTOMOVIL,1,0,0,0,0,0,0,0,0,0,0,0,0,1,3,MUJER,LESIONADO,PEATON,NO,NO,0
11976,37061,37062,2018,1,0,-0.196281,-78.512591,PICHINCHA,QUITO,QUITO,URBANA,2018-04-28,13:49:00,13,SABADO,6,ABRIL,4,SI,"CONDICIONES AMBIENTALES Y/O ATMOSFERICAS (NIEBLA, NEBLINA, GRANIZO, LLUVIA).",ESTRELLAMIENTOS,MOTOCICLETA,0,0,0,0,0,0,0,0,1,0,0,0,0,1,28,HOMBRE,LESIONADO,CONDUCTOR PRESENTE,NO,NO,0
11977,37064,37065,2018,4,0,-0.188481,-78.443771,PICHINCHA,QUITO,NAYON,URBANA,2018-04-28,14:00:00,14,SABADO,6,ABRIL,4,SI,CONDUCIR VEHICULO SUPERANDO LOS LIMITES MAXIMOS DE VELOCIDAD.,CHOQUE LATERAL,AUTOMOVIL,2,0,0,0,0,0,0,0,0,0,0,0,0,2,67,HOMBRE,LESIONADO,CONDUCTOR PRESENTE,NO,NO,0
11978,37069,37070,2018,4,0,-0.186201,-78.447141,PICHINCHA,QUITO,NAYON,URBANA,2018-04-28,14:32:00,14,SABADO,6,ABRIL,4,SI,"PRESENCIA DE AGENTES EXTERNOS EN LA VIA (AGUA, ACEITE, PIEDRA, LASTRE, ESCOMBROS, MADEROS, ETC.).",ESTRELLAMIENTOS,AUTOMOVIL,1,0,0,0,0,0,0,0,0,0,0,0,0,1,36,MUJER,LESIONADO,PASAJERO,NO,NO,0
11979,37078,37079,2018,1,0,-0.136171,-78.470291,PICHINCHA,QUITO,QUITO,URBANA,2018-04-28,17:15:00,17,SABADO,6,ABRIL,4,SI,"CONDICIONES AMBIENTALES Y/O ATMOSFERICAS (NIEBLA, NEBLINA, GRANIZO, LLUVIA).",ATROPELLOS,NO IDENTIFICADO,0,0,0,0,0,0,0,0,0,1,0,0,0,1,16,MUJER,LESIONADO,PEATON,NO,NO,0
11980,37080,37081,2018,0,0,-0.239081,-78.523431,PICHINCHA,QUITO,QUITO,URBANA,2018-04-28,17:30:00,17,SABADO,6,ABRIL,4,SI,"CONDUCIR DESATENTO A LAS CONDICIONES DE TRANSITO (CELULAR, PANTALLAS DE VIDEO, COMIDA, MAQUILLAJE O CUALQUIER OTRO ELEMENTO DISTRACTOR).",CAIDA DE PASAJERO,NO IDENTIFICADO,0,0,0,0,0,0,0,0,0,1,0,0,0,1,75,MUJER,ILESO,PASAJERO,NO,NO,0
11981,37084,37085,2018,0,0,-0.198681,-78.500541,PICHINCHA,QUITO,QUITO,URBANA,2018-04-28,18:30:00,18,SABADO,6,ABRIL,4,SI,PEATON QUE CRUZA LA CALZADA SIN RESPETAR LA SENIALIZACION EXISTENTE (SEMAFOROS O SENIALES MANUALES).,ATROPELLOS,BUS,0,0,1,0,0,0,0,0,0,0,0,0,0,1,63,HOMBRE,ILESO,CONDUCTOR PRESENTE,NO,NO,0
11982,37085,37086,2018,0,0,-0.275151,-78.514103,PICHINCHA,QUITO,QUITO,URBANA,2018-04-28,18:30:00,18,SABADO,6,ABRIL,4,SI,NO CEDER EL DERECHO DE VIA O PREFERENCIA DE PASO AL PEATON.,ATROPELLOS,NO IDENTIFICADO,0,0,0,0,0,0,0,0,0,1,0,0,0,1,11,HOMBRE,ILESO,PEATON,NO,NO,0
11983,37088,37089,2018,0,0,-0.111693,-78.492928,PICHINCHA,QUITO,QUITO,URBANA,2018-04-28,19:00:00,19,SABADO,6,ABRIL,4,SI,"CONDICIONES AMBIENTALES Y/O ATMOSFERICAS (NIEBLA, NEBLINA, GRANIZO, LLUVIA).",ROZAMIENTOS,AUTOMOVIL,2,0,0,0,0,0,0,0,0,0,0,0,0,2,57,HOMBRE,ILESO,CONDUCTOR PRESENTE,NO,NO,0
11984,37090,37091,2018,0,0,-0.273381,-78.543541,PICHINCHA,QUITO,QUITO,URBANA,2018-04-28,19:15:00,19,SABADO,6,ABRIL,4,SI,CONDUCIR VEHICULO SUPERANDO LOS LIMITES MAXIMOS DE VELOCIDAD.,ESTRELLAMIENTOS,AUTOMOVIL,1,0,0,0,0,0,0,0,0,1,0,0,0,2,-1,NO IDENTIFICADO,NO IDENTIFICADO,CONDUCTOR AUSENTE,NO,NO,2
11985,37092,37093,2018,0,0,-0.274321,-78.544261,PICHINCHA,QUITO,QUITO,URBANA,2018-04-28,19:30:00,19,SABADO,6,ABRIL,4,SI,"CONDUCE BAJO LA INFLUENCIA DE ALCOHOL, SUSTANCIAS ESTUPEFACIENTES O PSICOTROPICAS Y/O MEDICAMENTOS.",CHOQUE FRONTAL,AUTOMOVIL,2,0,0,0,0,0,0,0,0,0,0,0,0,2,27,HOMBRE,ILESO,CONDUCTOR PRESENTE,NO,NO,0
11986,37094,37095,2018,0,0,-0.201311,-78.499601,PICHINCHA,QUITO,QUITO,URBANA,2018-04-28,19:50:00,19,SABADO,6,ABRIL,4,SI,NO MANTENER LA DISTANCIA PRUDENCIAL CON RESPECTO AL VEHICULO QUE LE ANTECEDE.,CHOQUE POSTERIOR,AUTOMOVIL,2,0,0,0,0,0,0,0,0,0,0,0,0,2,47,HOMBRE,ILESO,CONDUCTOR PRESENTE,NO,NO,0
11987,37101,37102,2018,0,0,-0.123451,-78.426711,PICHINCHA,QUITO,CALDERON (CARAPUNGO),URBANA,2018-04-28,20:40:00,20,SABADO,6,ABRIL,4,SI,"CONDUCE BAJO LA INFLUENCIA DE ALCOHOL, SUSTANCIAS ESTUPEFACIENTES O PSICOTROPICAS Y/O MEDICAMENTOS.",CHOQUE FRONTAL,FURGONETA,1,0,0,0,0,0,0,1,0,0,0,0,0,2,22,HOMBRE,ILESO,CONDUCTOR PRESENTE,NO,NO,0
11988,37106,37107,2018,0,1,-0.251721,-78.503981,PICHINCHA,QUITO,QUITO,URBANA,2018-04-28,22:45:00,22,SABADO,6,ABRIL,4,SI,NO TRANSITAR POR LAS ACERAS O ZONAS DE SEGURIDAD DESTINADAS PARA EL EFECTO.,ATROPELLOS,NO IDENTIFICADO,0,0,0,0,0,0,0,0,0,1,0,0,0,1,-1,HOMBRE,FALLECIDO,PEATON,NO,NO,0
11989,37107,37108,2018,0,1,-0.205821,-78.499217,PICHINCHA,QUITO,QUITO,URBANA,2018-04-28,22:55:00,22,SABADO,6,ABRIL,4,SI,"NO RESPETAR LAS SENIALES REGLAMENTARIAS DE TRANSITO. (PARE, CEDA EL PASO, LUZ ROJA DEL SEMAFORO, ETC).",OTROS,NO IDENTIFICADO,0,0,0,0,0,0,0,0,0,1,0,0,0,1,26,HOMBRE,FALLECIDO,PASAJERO,NO,NO,0
11990,37109,37110,2018,1,0,-0.211237,-78.440271,PICHINCHA,QUITO,CUMBAYA,URBANA,2018-04-28,23:35:00,23,SABADO,6,ABRIL,4,SI,"FALLA MECANICA EN LOS SISTEMAS Y/O NEUMATICOS (SISTEMA DE FRENOS, DIRECCION, ELECTRONICO O MECANICO).",VOLCAMIENTOS,AUTOMOVIL,1,0,0,0,0,0,0,0,0,0,0,0,0,1,22,HOMBRE,LESIONADO,CONDUCTOR PRESENTE,NO,NO,0
11991,37110,37111,2018,0,0,-0.253031,-78.539741,PICHINCHA,QUITO,QUITO,URBANA,2018-04-28,23:40:00,23,SABADO,6,ABRIL,4,SI,"CONDUCE BAJO LA INFLUENCIA DE ALCOHOL, SUSTANCIAS ESTUPEFACIENTES O PSICOTROPICAS Y/O MEDICAMENTOS.",CHOQUE LATERAL,AUTOMOVIL,2,0,0,0,0,0,0,0,0,0,0,0,0,2,37,HOMBRE,ILESO,CONDUCTOR PRESENTE,NO,NO,0
11992,37111,37112,2018,0,0,-0.118101,-78.455421,PICHINCHA,QUITO,QUITO,URBANA,2018-04-29,00:05:00,0,DOMINGO,7,ABRIL,4,SI,DEJAR O RECOGER PASAJEROS EN LUGARES NO PERMITIDOS.,CHOQUE FRONTAL,AUTOMOVIL,1,0,0,0,0,0,0,0,0,0,0,0,0,1,30,HOMBRE,ILESO,CONDUCTOR PRESENTE,NO,NO,0
11993,37112,37113,2018,0,0,-0.111331,-78.500851,PICHINCHA,QUITO,QUITO,URBANA,2018-04-29,00:10:00,0,DOMINGO,7,ABRIL,4,SI,"CONDUCIR DESATENTO A LAS CONDICIONES DE TRANSITO (CELULAR, PANTALLAS DE VIDEO, COMIDA, MAQUILLAJE O CUALQUIER OTRO ELEMENTO DISTRACTOR).",ESTRELLAMIENTOS,AUTOMOVIL,1,0,0,0,0,0,0,0,0,0,0,0,0,1,73,HOMBRE,ILESO,CONDUCTOR PRESENTE,NO,NO,0
11994,37113,37114,2018,0,0,-0.108371,-78.476232,PICHINCHA,QUITO,QUITO,URBANA,2018-04-29,00:15:00,0,DOMINGO,7,ABRIL,4,SI,CONDUCIR VEHICULO SUPERANDO LOS LIMITES MAXIMOS DE VELOCIDAD.,ESTRELLAMIENTOS,MOTOCICLETA,0,0,0,0,0,0,0,0,1,0,0,0,0,1,-1,NO IDENTIFICADO,NO IDENTIFICADO,CONDUCTOR AUSENTE,NO,NO,2
11995,37117,37118,2018,1,0,-0.189061,-78.511839,PICHINCHA,QUITO,QUITO,URBANA,2018-04-29,01:00:00,1,DOMINGO,7,ABRIL,4,SI,NO CEDER EL DERECHO DE VIA O PREFERENCIA DE PASO AL PEATON.,ATROPELLOS,NO IDENTIFICADO,0,0,0,0,0,0,0,0,0,1,0,0,0,1,43,HOMBRE,LESIONADO,PEATON,NO,NO,0
11996,37119,37120,2018,1,0,-0.095348,-78.509679,PICHINCHA,QUITO,QUITO,URBANA,2018-04-29,01:20:00,1,DOMINGO,7,ABRIL,4,SI,"CONDICIONES AMBIENTALES Y/O ATMOSFERICAS (NIEBLA, NEBLINA, GRANIZO, LLUVIA).",ATROPELLOS,NO IDENTIFICADO,0,0,0,0,0,0,0,0,0,1,0,0,0,1,45,HOMBRE,LESIONADO,PEATON,NO,NO,0
11997,37120,37121,2018,1,0,-0.089261,-78.515181,PICHINCHA,QUITO,QUITO,URBANA,2018-04-29,01:20:00,1,DOMINGO,7,ABRIL,4,SI,PEATON QUE CRUZA LA CALZADA SIN RESPETAR LA SENIALIZACION EXISTENTE (SEMAFOROS O SENIALES MANUALES).,ATROPELLOS,AUTOMOVIL,1,0,0,0,0,0,0,0,0,0,0,0,0,1,19,HOMBRE,LESIONADO,PEATON,NO,NO,0
11998,37123,37124,2018,0,0,-0.093721,-78.411591,PICHINCHA,QUITO,CALDERON (CARAPUNGO),URBANA,2018-04-29,01:50:00,1,DOMINGO,7,ABRIL,4,SI,"CONDUCE BAJO LA INFLUENCIA DE ALCOHOL, SUSTANCIAS ESTUPEFACIENTES O PSICOTROPICAS Y/O MEDICAMENTOS.",ESTRELLAMIENTOS,MOTOCICLETA,0,0,0,0,1,0,0,0,1,0,0,0,0,2,24,HOMBRE,ILESO,CONDUCTOR PRESENTE,NO,NO,0