,Unnamed: 0,ID,ANIO,LESIONADOS,FALLECIDOS,LATITUD_Y,LONGITUD_X,PROVINCIA,CANTON,PARROQUIA,ZONA,FECHA,HORA,PERIODO_2,DIA_1,DIA_2,MES_1,MES_2,FERIADO,CAUSA_PROBABLE,TIPO_DE_SINIESTRO,TIPO_DE_VEHICULO_1,AUTOMOVIL,BICICLETA,BUS,CAMION,CAMIONETA,EMERGENCIAS,ESPECIAL,FURGONETA,MOTOCICLETA,NO_IDENTIFICADO,SCOOTER_ELECTRICO,TRICIMOTO,VEHICULO_DEPORTIVO_UTILITARIO,SUMA_DE_VEHICULOS,EDAD_1,SEXO_1,CONDICION_1,PARTICIPANTE_1,CASCO_1,CINTURON_1,KMeans_Cluster
11999,37126,37127,2018,0,0,-0.094631,-78.482041,PICHINCHA,QUITO,QUITO,URBANA,2018-04-29,02:50:00,2,DOMINGO,7,ABRIL,4,SI,"CONDICIONES AMBIENTALES Y/O ATMOSFERICAS (NIEBLA, NEBLINA, GRANIZO, LLUVIA).",ESTRELLAMIENTOS,AUTOMOVIL,1,0,0,0,0,0,0,0,0,0,0,0,0,1,-1,NO IDENTIFICADO,NO IDENTIFICADO,CONDUCTOR AUSENTE,NO,NO,2
12000,37130,37131,2018,0,0,-0.233421,-78.524621,PICHINCHA,QUITO,QUITO,URBANA,2018-04-29,03:15:00,3,DOMINGO,7,ABRIL,4,SI,NO GUARDAR LA DISTANCIA LATERAL MINIMA DE SEGURIDAD ENTRE VEHICULOS.,CHOQUE LATERAL,AUTOMOVIL,2,0,0,0,0,0,0,0,0,0,0,0,0,2,32,HOMBRE,ILESO,CONDUCTOR PRESENTE,NO,NO,0
12001,37131,37132,2018,1,0,-0.232621,-78.503701,PICHINCHA,QUITO,QUITO,URBANA,2018-04-29,03:15:00,3,DOMINGO,7,ABRIL,4,SI,"CONDUCE BAJO LA INFLUENCIA DE ALCOHOL, SUSTANCIAS ESTUPEFACIENTES O PSICOTROPICAS Y/O MEDICAMENTOS.",CHOQUE FRONTAL,MOTOCICLETA,0,0,0,0,0,0,0,0,1,1,0,0,0,2,38,HOMBRE,LESIONADO,CONDUCTOR PRESENTE,NO,NO,0
12002,37140,37141,2018,0,0,-0.150391,-78.433591,PICHINCHA,QUITO,ZAMBIZA,URBANA,2018-04-29,04:40:00,4,DOMINGO,7,ABRIL,4,SI,CONDUCIR VEHICULO SUPERANDO LOS LIMITES MAXIMOS DE VELOCIDAD.,ESTRELLAMIENTOS,CAMIONETA,0,0,0,0,1,0,0,0,0,0,0,0,0,1,-1,NO IDENTIFICADO,ILESO,PASAJERO,NO,NO,2
12003,37144,37145,2018,0,0,-0.250411,-78.533341,PICHINCHA,QUITO,QUITO,URBANA,2018-04-29,05:47:00,5,DOMINGO,7,ABRIL,4,SI,REALIZAR CAMBIO BRUSCO O INDEBIDO DE CARRIL.,ESTRELLAMIENTOS,CAMIONETA,0,0,0,0,1,0,0,0,0,0,0,0,0,1,-1,NO IDENTIFICADO,NO IDENTIFICADO,CONDUCTOR AUSENTE,NO,NO,2
12004,37148,37149,2018,1,0,-0.128691,-78.471211,PICHINCHA,QUITO,QUITO,URBANA,2018-04-29,06:30:00,6,DOMINGO,7,ABRIL,4,SI,"CONDUCE BAJO LA INFLUENCIA DE ALCOHOL, SUSTANCIAS ESTUPEFACIENTES O PSICOTROPICAS Y/O MEDICAMENTOS.",CHOQUE LATERAL,AUTOMOVIL,2,0,0,0,0,0,0,0,0,0,0,0,0,2,26,HOMBRE,LESIONADO,CONDUCTOR PRESENTE,NO,NO,0
12005,37162,37163,2018,1,0,-0.289521,-78.538471,PICHINCHA,QUITO,QUITO,URBANA,2018-04-29,10:20:00,10,DOMINGO,7,ABRIL,4,SI,NO CEDER EL DERECHO DE VIA O PREFERENCIA DE PASO AL PEATON.,ARROLLAMIENTOS,BUS,0,0,1,0,0,0,0,0,0,0,0,0,0,1,55,HOMBRE,LESIONADO,PEATON,NO,NO,0
12006,37163,37164,2018,0,0,-0.115521,-78.483301,PICHINCHA,QUITO,QUITO,URBANA,2018-04-29,10:50:00,10,DOMINGO,7,ABRIL,4,SI,"CONDICIONES AMBIENTALES Y/O ATMOSFERICAS (NIEBLA, NEBLINA, GRANIZO, LLUVIA).",ESTRELLAMIENTOS,AUTOMOVIL,2,0,0,0,0,0,0,0,0,0,0,0,0,2,82,HOMBRE,ILESO,CONDUCTOR PRESENTE,NO,NO,0
12007,37164,37165,2018,0,0,-0.249371,-78.525581,PICHINCHA,QUITO,QUITO,URBANA,2018-04-29,11:30:00,11,DOMINGO,7,ABRIL,4,SI,"FALLA MECANICA EN LOS SISTEMAS Y/O NEUMATICOS (SISTEMA DE FRENOS, DIRECCION, ELECTRONICO O MECANICO).",ESTRELLAMIENTOS,AUTOMOVIL,1,0,0,0,0,0,0,0,0,0,0,0,0,1,-1,NO IDENTIFICADO,NO IDENTIFICADO,CONDUCTOR AUSENTE,NO,NO,2
12008,37168,37169,2018,2,0,-0.206521,-78.412161,PICHINCHA,QUITO,TUMBACO,URBANA,2018-04-29,12:00:00,12,DOMINGO,7,ABRIL,4,SI,DEJAR O RECOGER PASAJEROS EN LUGARES NO PERMITIDOS.,CAIDA DE PASAJERO,BUS,0,0,1,0,0,0,0,0,0,0,0,0,0,1,48,MUJER,LESIONADO,PASAJERO,NO,NO,0
12009,37171,37172,2018,0,0,-0.254691,-78.504321,PICHINCHA,QUITO,QUITO,URBANA,2018-04-29,12:30:00,12,DOMINGO,7,ABRIL,4,SI,"FALLA MECANICA EN LOS SISTEMAS Y/O NEUMATICOS (SISTEMA DE FRENOS, DIRECCION, ELECTRONICO O MECANICO).",ESTRELLAMIENTOS,AUTOMOVIL,1,0,0,0,0,0,0,0,0,0,0,0,0,1,29,HOMBRE,ILESO,CONDUCTOR PRESENTE,NO,NO,0
12010,37174,37175,2018,2,0,-0.443274,-78.684267,PICHINCHA,MEJIA,ALOAG,RURAL,2018-04-29,14:45:00,14,DOMINGO,7,ABRIL,4,SI,"CONDUCIR DESATENTO A LAS CONDICIONES DE TRANSITO (CELULAR, PANTALLAS DE VIDEO, COMIDA, MAQUILLAJE O CUALQUIER OTRO ELEMENTO DISTRACTOR).",CHOQUE LATERAL,AUTOMOVIL,1,0,0,0,0,0,0,0,0,0,0,0,1,2,63,HOMBRE,LESIONADO,PASAJERO,NO,NO,3
12011,37178,37179,2018,0,0,-0.082639,-78.292863,PICHINCHA,CAYAMBE,ASCAZUBI,RURAL,2018-04-29,16:00:00,16,DOMINGO,7,ABRIL,4,SI,NO MANTENER LA DISTANCIA PRUDENCIAL CON RESPECTO AL VEHICULO QUE LE ANTECEDE.,CHOQUE POSTERIOR,AUTOMOVIL,2,0,0,0,0,0,0,0,0,0,0,0,0,2,74,HOMBRE,ILESO,CONDUCTOR PRESENTE,NO,NO,3
12012,37179,37180,2018,0,0,-0.245521,-78.520901,PICHINCHA,QUITO,QUITO,URBANA,2018-04-29,16:10:00,16,DOMINGO,7,ABRIL,4,SI,"NO RESPETAR LAS SENIALES REGLAMENTARIAS DE TRANSITO. (PARE, CEDA EL PASO, LUZ ROJA DEL SEMAFORO, ETC).",CHOQUE LATERAL,AUTOMOVIL,2,0,0,0,0,0,0,0,0,0,0,0,0,2,39,HOMBRE,ILESO,CONDUCTOR PRESENTE,NO,NO,0
12013,37185,37186,2018,0,0,-0.150391,-78.453591,PICHINCHA,QUITO,QUITO,URBANA,2018-04-29,17:50:00,17,DOMINGO,7,ABRIL,4,SI,"PRESENCIA DE AGENTES EXTERNOS EN LA VIA (AGUA, ACEITE, PIEDRA, LASTRE, ESCOMBROS, MADEROS, ETC.).",ESTRELLAMIENTOS,AUTOMOVIL,1,0,0,0,0,0,0,0,0,0,0,0,0,1,40,MUJER,ILESO,CONDUCTOR PRESENTE,NO,NO,0
12014,37188,37189,2018,0,0,-0.214871,-78.359691,PICHINCHA,QUITO,PIFO,URBANA,2018-04-29,18:20:00,18,DOMINGO,7,ABRIL,4,SI,"CONDUCE BAJO LA INFLUENCIA DE ALCOHOL, SUSTANCIAS ESTUPEFACIENTES O PSICOTROPICAS Y/O MEDICAMENTOS.",CHOQUE POSTERIOR,CAMIONETA,1,0,0,0,1,0,0,0,0,0,0,0,0,2,31,HOMBRE,ILESO,CONDUCTOR PRESENTE,NO,NO,0
12015,37189,37190,2018,0,0,-0.137737,-78.480609,PICHINCHA,QUITO,QUITO,URBANA,2018-04-29,18:27:00,18,DOMINGO,7,ABRIL,4,SI,"NO RESPETAR LAS SENIALES REGLAMENTARIAS DE TRANSITO. (PARE, CEDA EL PASO, LUZ ROJA DEL SEMAFORO, ETC).",CHOQUE LATERAL,AUTOMOVIL,1,0,0,1,0,0,0,0,0,0,0,0,0,2,33,MUJER,ILESO,CONDUCTOR PRESENTE,NO,NO,0
12016,37192,37193,2018,2,1,-0.274108,-78.458829,PICHINCHA,QUITO,CONOCOTO,RURAL,2018-04-29,18:50:00,18,DOMINGO,7,ABRIL,4,SI,"CONDUCE BAJO LA INFLUENCIA DE ALCOHOL, SUSTANCIAS ESTUPEFACIENTES O PSICOTROPICAS Y/O MEDICAMENTOS.",ESTRELLAMIENTOS,AUTOMOVIL,1,0,0,0,0,0,0,0,0,0,0,0,0,1,39,MUJER,FALLECIDO,PASAJERO,NO,NO,3
12017,37200,37201,2018,0,0,-0.227271,-78.517751,PICHINCHA,QUITO,QUITO,URBANA,2018-04-29,20:15:00,20,DOMINGO,7,ABRIL,4,SI,NO MANTENER LA DISTANCIA PRUDENCIAL CON RESPECTO AL VEHICULO QUE LE ANTECEDE.,CHOQUE LATERAL,AUTOMOVIL,1,0,0,0,0,0,0,0,0,0,0,0,0,1,28,HOMBRE,ILESO,CONDUCTOR PRESENTE,NO,NO,0
12018,37201,37202,2018,0,0,-0.198651,-78.484371,PICHINCHA,QUITO,QUITO,URBANA,2018-04-29,20:20:00,20,DOMINGO,7,ABRIL,4,SI,"CONDUCE BAJO LA INFLUENCIA DE ALCOHOL, SUSTANCIAS ESTUPEFACIENTES O PSICOTROPICAS Y/O MEDICAMENTOS.",CHOQUE LATERAL,AUTOMOVIL,2,0,0,0,0,0,0,0,0,0,0,0,0,2,21,HOMBRE,ILESO,CONDUCTOR PRESENTE,NO,NO,0
12019,37206,37207,2018,0,0,-0.165751,-78.475631,PICHINCHA,QUITO,QUITO,URBANA,2018-04-29,21:16:00,21,DOMINGO,7,ABRIL,4,SI,CONDUCIR VEHICULO SUPERANDO LOS LIMITES MAXIMOS DE VELOCIDAD.,ESTRELLAMIENTOS,AUTOMOVIL,1,0,0,0,0,0,0,0,0,0,0,0,0,1,-1,NO IDENTIFICADO,NO IDENTIFICADO,CONDUCTOR AUSENTE,NO,NO,2
12020,37221,37222,2018,1,0,-0.119451,-78.506661,PICHINCHA,QUITO,QUITO,URBANA,2018-04-30,04:55:00,4,LUNES,1,ABRIL,4,SI,NO CEDER EL DERECHO DE VIA O PREFERENCIA DE PASO AL PEATON.,ATROPELLOS,NO IDENTIFICADO,0,0,0,0,0,0,0,0,0,1,0,0,0,1,26,HOMBRE,LESIONADO,PEATON,NO,NO,0
12021,37227,37228,2018,1,0,-0.228291,-78.505401,PICHINCHA,QUITO,QUITO,URBANA,2018-04-30,09:30:00,9,LUNES,1,ABRIL,4,SI,NO CEDER EL DERECHO DE VIA O PREFERENCIA DE PASO AL PEATON.,ATROPELLOS,AUTOMOVIL,1,0,0,0,0,0,0,0,0,0,0,0,0,1,27,HOMBRE,LESIONADO,PEATON,NO,NO,0
12022,37229,37230,2018,0,0,-0.195811,-78.494981,PICHINCHA,QUITO,QUITO,URBANA,2018-04-30,10:18:00,10,LUNES,1,ABRIL,4,SI,"CASO FORTUITO O FUERZA MAYOR (EXPLOSION DE NEUMATICO NUEVO, DERRUMBE, INUNDACION, CAIDA DE PUENTE, ARBOL, PRESENCIA INTEMPESTIVA E IMPREVISTA DE SEMOVIENTES EN LA VIA, ETC.).",ESTRELLAMIENTOS,AUTOMOVIL,2,0,0,0,0,0,0,0,0,0,0,0,0,2,37,HOMBRE,ILESO,CONDUCTOR PRESENTE,NO,NO,0
12023,37236,37237,2018,0,0,-0.093981,-78.470911,PICHINCHA,QUITO,QUITO,URBANA,2018-04-30,14:00:00,14,LUNES,1,ABRIL,4,SI,PESO Y VOLUMEN - NO CUMPLIR CON LAS NORMAS DE SEGURIDAD NECESARIAS AL TRANSPORTAR CARGAS.,ESTRELLAMIENTOS,CAMION,0,0,0,1,0,0,0,0,0,0,0,0,0,1,51,HOMBRE,ILESO,CONDUCTOR PRESENTE,NO,NO,0
12024,37238,37239,2018,1,0,-0.199771,-78.428811,PICHINCHA,QUITO,CUMBAYA,URBANA,2018-04-30,15:00:00,15,LUNES,1,ABRIL,4,SI,BAJARSE O SUBIRSE DE VEHICULOS EN MOVIMIENTO SIN TOMAR LAS PRECAUCIONES DEBIDAS.,CAIDA DE PASAJERO,BUS,0,0,1,0,0,0,0,0,0,0,0,0,0,1,30,MUJER,LESIONADO,PASAJERO,NO,NO,0
12025,37239,37240,2018,2,0,-0.040431,-78.541751,PICHINCHA,QUITO,NONO,URBANA,2018-04-30,15:15:00,15,LUNES,1,ABRIL,4,SI,"CONDICIONES AMBIENTALES Y/O ATMOSFERICAS (NIEBLA, NEBLINA, GRANIZO, LLUVIA).",CHOQUE POSTERIOR,CAMION,1,0,0,1,0,0,0,0,0,0,0,0,0,2,27,MUJER,LESIONADO,CONDUCTOR PRESENTE,NO,NO,0
12026,37240,37241,2018,2,0,-0.282861,-78.543221,PICHINCHA,QUITO,QUITO,URBANA,2018-04-30,15:20:00,15,LUNES,1,ABRIL,4,SI,"NO RESPETAR LAS SENIALES REGLAMENTARIAS DE TRANSITO. (PARE, CEDA EL PASO, LUZ ROJA DEL SEMAFORO, ETC).",ATROPELLOS,NO IDENTIFICADO,0,0,0,0,0,0,0,0,0,1,0,0,0,1,5,MUJER,LESIONADO,PEATON,NO,NO,0
12027,37242,37243,2018,0,0,-0.356291,-78.527991,PICHINCHA,QUITO,QUITO,URBANA,2018-04-30,15:41:00,15,LUNES,1,ABRIL,4,SI,"PRESENCIA DE AGENTES EXTERNOS EN LA VIA (AGUA, ACEITE, PIEDRA, LASTRE, ESCOMBROS, MADEROS, ETC.).",ESTRELLAMIENTOS,AUTOMOVIL,2,0,0,0,0,0,0,0,0,0,0,0,0,2,34,HOMBRE,ILESO,CONDUCTOR PRESENTE,NO,NO,0
12028,37244,37245,2018,1,0,-0.241461,-78.532171,PICHINCHA,QUITO,QUITO,URBANA,2018-04-30,16:20:00,16,LUNES,1,ABRIL,4,SI,CONDUCIR VEHICULO SUPERANDO LOS LIMITES MAXIMOS DE VELOCIDAD.,ATROPELLOS,NO IDENTIFICADO,0,0,0,0,0,0,0,0,0,1,0,0,0,1,48,HOMBRE,LESIONADO,PEATON,NO,NO,0
12029,37247,37248,2018,0,0,-0.436351,-78.553246,PICHINCHA,MEJIA,ALOAG,RURAL,2018-04-30,17:00:00,17,LUNES,1,ABRIL,4,SI,"CONDUCIR DESATENTO A LAS CONDICIONES DE TRANSITO (CELULAR, PANTALLAS DE VIDEO, COMIDA, MAQUILLAJE O CUALQUIER OTRO ELEMENTO DISTRACTOR).",COLISION,BUS,3,0,1,1,1,0,0,0,0,0,0,0,1,7,41,HOMBRE,ILESO,CONDUCTOR PRESENTE,NO,NO,3
12030,37257,37258,2018,0,0,-0.142701,-78.492381,PICHINCHA,QUITO,QUITO,URBANA,2018-04-30,21:15:00,21,LUNES,1,ABRIL,4,SI,"NO RESPETAR LAS SENIALES REGLAMENTARIAS DE TRANSITO. (PARE, CEDA EL PASO, LUZ ROJA DEL SEMAFORO, ETC).",ESTRELLAMIENTOS,AUTOMOVIL,1,0,0,0,0,0,0,0,0,0,0,0,0,1,-1,NO IDENTIFICADO,NO IDENTIFICADO,CONDUCTOR AUSENTE,NO,NO,2
12031,37258,37259,2018,0,0,-0.245281,-78.498171,PICHINCHA,QUITO,QUITO,URBANA,2018-04-30,21:15:00,21,LUNES,1,ABRIL,4,SI,"CONDUCIR DESATENTO A LAS CONDICIONES DE TRANSITO (CELULAR, PANTALLAS DE VIDEO, COMIDA, MAQUILLAJE O CUALQUIER OTRO ELEMENTO DISTRACTOR).",CHOQUE LATERAL,AUTOMOVIL,3,0,0,0,0,0,0,0,0,0,0,0,0,3,28,HOMBRE,ILESO,CONDUCTOR PRESENTE,NO,NO,0
12032,37259,37260,2018,0,1,-0.411046,-78.547775,PICHINCHA,MEJIA,TAMBILLO (MEJIA),RURAL,2018-04-30,21:30:00,21,LUNES,1,ABRIL,4,SI,NO TRANSITAR POR LAS ACERAS O ZONAS DE SEGURIDAD DESTINADAS PARA EL EFECTO.,ATROPELLOS,NO IDENTIFICADO,0,0,0,0,0,0,0,0,0,1,0,0,0,1,56,HOMBRE,FALLECIDO,PEATON,NO,NO,3
12033,37260,37261,2018,0,0,-0.091591,-78.439051,PICHINCHA,QUITO,CALDERON (CARAPUNGO),URBANA,2018-04-30,22:30:00,22,LUNES,1,ABRIL,4,SI,"CONDUCE BAJO LA INFLUENCIA DE ALCOHOL, SUSTANCIAS ESTUPEFACIENTES O PSICOTROPICAS Y/O MEDICAMENTOS.",ROZAMIENTOS,AUTOMOVIL,2,0,0,0,0,0,0,0,0,0,0,0,0,2,35,MUJER,ILESO,CONDUCTOR PRESENTE,NO,NO,0
12034,37262,37263,2018,1,0,-0.224272,-78.524891,PICHINCHA,QUITO,QUITO,URBANA,2018-05-01,00:15:00,0,MARTES,2,MAYO,5,NO,"CONDUCIR DESATENTO A LAS CONDICIONES DE TRANSITO (CELULAR, PANTALLAS DE VIDEO, COMIDA, MAQUILLAJE O CUALQUIER OTRO ELEMENTO DISTRACTOR).",ATROPELLOS,NO IDENTIFICADO,0,0,0,0,0,0,0,0,0,1,0,0,0,1,28,HOMBRE,LESIONADO,PEATON,NO,NO,0
12035,37263,37264,2018,0,0,-0.075879,-78.388551,PICHINCHA,QUITO,CALDERON (CARAPUNGO),URBANA,2018-05-01,00:20:00,0,MARTES,2,MAYO,5,NO,"CONDUCE BAJO LA INFLUENCIA DE ALCOHOL, SUSTANCIAS ESTUPEFACIENTES O PSICOTROPICAS Y/O MEDICAMENTOS.",CHOQUE POSTERIOR,AUTOMOVIL,2,0,0,0,0,0,0,0,0,0,0,0,0,2,41,HOMBRE,ILESO,CONDUCTOR PRESENTE,NO,NO,0
12036,37264,37265,2018,0,0,-0.093565,-78.479751,PICHINCHA,QUITO,QUITO,URBANA,2018-05-01,00:58:00,0,MARTES,2,MAYO,5,NO,NO CEDER EL DERECHO DE VIA O PREFERENCIA DE PASO A VEHICULOS.,CHOQUE POSTERIOR,MOTOCICLETA,0,0,0,0,0,0,0,0,1,0,0,0,1,2,27,HOMBRE,ILESO,CONDUCTOR PRESENTE,NO,NO,0
12037,37265,37266,2018,0,0,-0.133668,-78.501945,PICHINCHA,QUITO,QUITO,URBANA,2018-05-01,01:00:00,1,MARTES,2,MAYO,5,NO,CONDUCIR VEHICULO SUPERANDO LOS LIMITES MAXIMOS DE VELOCIDAD.,CHOQUE POSTERIOR,MOTOCICLETA,0,0,0,0,0,0,0,0,1,0,0,0,0,1,-1,NO IDENTIFICADO,NO IDENTIFICADO,CONDUCTOR AUSENTE,NO,NO,2
12038,37267,37268,2018,0,0,-0.104824,-78.427376,PICHINCHA,QUITO,CALDERON (CARAPUNGO),URBANA,2018-05-01,01:10:00,1,MARTES,2,MAYO,5,NO,REALIZAR CAMBIO BRUSCO O INDEBIDO DE CARRIL.,CHOQUE LATERAL,AUTOMOVIL,2,0,0,0,0,0,0,0,0,0,0,0,0,2,25,HOMBRE,ILESO,CONDUCTOR PRESENTE,NO,NO,0
12039,37268,37269,2018,0,0,-0.198591,-78.493854,PICHINCHA,QUITO,QUITO,URBANA,2018-05-01,01:20:00,1,MARTES,2,MAYO,5,NO,"CONDUCE BAJO LA INFLUENCIA DE ALCOHOL, SUSTANCIAS ESTUPEFACIENTES O PSICOTROPICAS Y/O MEDICAMENTOS.",CHOQUE LATERAL,AUTOMOVIL,2,0,0,0,0,0,0,0,0,0,0,0,0,2,54,HOMBRE,ILESO,CONDUCTOR PRESENTE,NO,NO,0
12040,37280,37281,2018,0,0,-0.116245,-78.494324,PICHINCHA,QUITO,QUITO,URBANA,2018-05-01,09:15:00,9,MARTES,2,MAYO,5,NO,PESO Y VOLUMEN - NO CUMPLIR CON LAS NORMAS DE SEGURIDAD NECESARIAS AL TRANSPORTAR CARGAS.,CHOQUE LATERAL,AUTOMOVIL,1,0,0,1,0,0,0,0,0,0,0,0,0,2,28,HOMBRE,ILESO,CONDUCTOR PRESENTE,NO,NO,0
12041,37281,37282,2018,1,0,-0.297776,-78.480447,PICHINCHA,QUITO,CONOCOTO,URBANA,2018-05-01,09:22:00,9,MARTES,2,MAYO,5,NO,BAJARSE O SUBIRSE DE VEHICULOS EN MOVIMIENTO SIN TOMAR LAS PRECAUCIONES DEBIDAS.,CAIDA DE PASAJERO,NO IDENTIFICADO,0,0,0,0,0,0,0,0,0,1,0,0,0,1,22,MUJER,LESIONADO,PASAJERO,NO,NO,0
12042,37282,37283,2018,0,0,-0.175075,-78.488224,PICHINCHA,QUITO,QUITO,URBANA,2018-05-01,09:35:00,9,MARTES,2,MAYO,5,NO,"CASO FORTUITO O FUERZA MAYOR (EXPLOSION DE NEUMATICO NUEVO, DERRUMBE, INUNDACION, CAIDA DE PUENTE, ARBOL, PRESENCIA INTEMPESTIVA E IMPREVISTA DE SEMOVIENTES EN LA VIA, ETC.).",CHOQUE LATERAL,AUTOMOVIL,3,0,0,0,0,0,0,0,0,0,0,0,0,3,38,HOMBRE,ILESO,CONDUCTOR PRESENTE,NO,NO,0
12043,37292,37293,2018,0,0,-0.247146,-78.535093,PICHINCHA,QUITO,QUITO,URBANA,2018-05-01,12:15:00,12,MARTES,2,MAYO,5,NO,PEATON QUE CRUZA LA CALZADA SIN RESPETAR LA SENIALIZACION EXISTENTE (SEMAFOROS O SENIALES MANUALES).,ATROPELLOS,AUTOMOVIL,1,0,0,0,0,0,0,0,0,0,0,0,0,1,29,HOMBRE,ILESO,CONDUCTOR PRESENTE,NO,NO,0
12044,37293,37294,2018,0,0,-0.241311,-78.518611,PICHINCHA,QUITO,QUITO,URBANA,2018-05-01,12:25:00,12,MARTES,2,MAYO,5,NO,"CONDUCIR DESATENTO A LAS CONDICIONES DE TRANSITO (CELULAR, PANTALLAS DE VIDEO, COMIDA, MAQUILLAJE O CUALQUIER OTRO ELEMENTO DISTRACTOR).",CHOQUE LATERAL,AUTOMOVIL,2,0,0,0,0,0,0,0,0,0,0,0,0,2,52,HOMBRE,ILESO,CONDUCTOR PRESENTE,NO,NO,0
12045,37301,37302,2018,2,0,-0.227003,-78.490862,PICHINCHA,QUITO,QUITO,URBANA,2018-05-01,15:55:00,15,MARTES,2,MAYO,5,NO,"CONDUCE BAJO LA INFLUENCIA DE ALCOHOL, SUSTANCIAS ESTUPEFACIENTES O PSICOTROPICAS Y/O MEDICAMENTOS.",CHOQUE LATERAL,AUTOMOVIL,2,0,0,0,0,0,0,0,0,0,0,0,0,2,19,HOMBRE,LESIONADO,CONDUCTOR PRESENTE,NO,NO,0
12046,37302,37303,2018,2,0,-0.283576,-78.535479,PICHINCHA,QUITO,QUITO,URBANA,2018-05-01,16:20:00,16,MARTES,2,MAYO,5,NO,PEATON QUE CRUZA LA CALZADA SIN RESPETAR LA SENIALIZACION EXISTENTE (SEMAFOROS O SENIALES MANUALES).,ATROPELLOS,MOTOCICLETA,0,0,0,0,0,0,0,0,1,0,0,0,0,1,22,HOMBRE,LESIONADO,CONDUCTOR PRESENTE,NO,NO,0
12047,37304,37305,2018,0,0,-0.086936,-78.400463,PICHINCHA,QUITO,CALDERON (CARAPUNGO),RURAL,2018-05-01,16:35:00,16,MARTES,2,MAYO,5,NO,"CONDUCIR DESATENTO A LAS CONDICIONES DE TRANSITO (CELULAR, PANTALLAS DE VIDEO, COMIDA, MAQUILLAJE O CUALQUIER OTRO ELEMENTO DISTRACTOR).",PERDIDA DE PISTA,CAMIONETA,0,0,0,0,1,0,0,0,0,0,0,0,0,1,51,HOMBRE,ILESO,CONDUCTOR PRESENTE,NO,NO,3
12048,37310,37311,2018,3,0,-0.217821,-78.491471,PICHINCHA,QUITO,QUITO,URBANA,2018-05-01,18:00:00,18,MARTES,2,MAYO,5,NO,"NO RESPETAR LAS SENIALES REGLAMENTARIAS DE TRANSITO. (PARE, CEDA EL PASO, LUZ ROJA DEL SEMAFORO, ETC).",ESTRELLAMIENTOS,AUTOMOVIL,1,0,0,0,0,0,0,0,0,0,0,0,0,1,48,HOMBRE,LESIONADO,CONDUCTOR PRESENTE,NO,NO,0
12049,37322,37323,2018,1,0,-0.084069,-78.508287,PICHINCHA,QUITO,QUITO,URBANA,2018-05-01,22:00:00,22,MARTES,2,MAYO,5,NO,"NO RESPETAR LAS SENIALES REGLAMENTARIAS DE TRANSITO. (PARE, CEDA EL PASO, LUZ ROJA DEL SEMAFORO, ETC).",CHOQUE FRONTAL,MOTOCICLETA,0,0,0,0,0,0,0,0,2,0,0,0,0,2,19,HOMBRE,LESIONADO,PASAJERO,NO,NO,0
12050,37324,37325,2018,0,0,-0.076891,-78.466161,PICHINCHA,QUITO,QUITO,URBANA,2018-05-01,23:00:00,23,MARTES,2,MAYO,5,NO,NO MANTENER LA DISTANCIA PRUDENCIAL CON RESPECTO AL VEHICULO QUE LE ANTECEDE.,ESTRELLAMIENTOS,NO IDENTIFICADO,0,0,0,0,0,0,0,0,0,1,0,0,0,1,-1,NO IDENTIFICADO,NO IDENTIFICADO,CONDUCTOR AUSENTE,NO,NO,2
12051,37328,37329,2018,1,3,-0.374289,-78.490848,PICHINCHA,QUITO,AMAGUANIA,URBANA,2018-05-02,02:20:00,2,MIERCOLES,3,MAYO,5,NO,"CONDUCIR DESATENTO A LAS CONDICIONES DE TRANSITO (CELULAR, PANTALLAS DE VIDEO, COMIDA, MAQUILLAJE O CUALQUIER OTRO ELEMENTO DISTRACTOR).",CHOQUE FRONTAL,CAMION,0,0,0,1,0,0,0,0,0,0,0,0,1,2,39,HOMBRE,FALLECIDO,CONDUCTOR PRESENTE,NO,NO,0
12052,37329,37330,2018,0,0,-0.016164,-78.452911,PICHINCHA,QUITO,SAN ANTONIO (QUITO),URBANA,2018-05-02,02:30:00,2,MIERCOLES,3,MAYO,5,NO,"CONDUCIR DESATENTO A LAS CONDICIONES DE TRANSITO (CELULAR, PANTALLAS DE VIDEO, COMIDA, MAQUILLAJE O CUALQUIER OTRO ELEMENTO DISTRACTOR).",ESTRELLAMIENTOS,VEHICULO DEPORTIVO UTILITARIO,0,0,0,0,0,0,0,0,0,0,0,0,1,1,-1,NO IDENTIFICADO,NO IDENTIFICADO,CONDUCTOR AUSENTE,NO,NO,2
12053,37331,37332,2018,1,0,-0.299432,-78.559038,PICHINCHA,QUITO,QUITO,URBANA,2018-05-02,03:30:00,3,MIERCOLES,3,MAYO,5,NO,"CONDUCIR DESATENTO A LAS CONDICIONES DE TRANSITO (CELULAR, PANTALLAS DE VIDEO, COMIDA, MAQUILLAJE O CUALQUIER OTRO ELEMENTO DISTRACTOR).",CHOQUE LATERAL,AUTOMOVIL,1,0,0,0,0,0,0,0,0,0,0,0,0,1,37,HOMBRE,LESIONADO,CONDUCTOR PRESENTE,NO,NO,0
12054,37333,37334,2018,0,0,-0.222952,-78.426666,PICHINCHA,QUITO,TUMBACO,URBANA,2018-05-02,05:20:00,5,MIERCOLES,3,MAYO,5,NO,REALIZAR CAMBIO BRUSCO O INDEBIDO DE CARRIL.,ESTRELLAMIENTOS,AUTOMOVIL,1,0,0,0,0,0,0,0,0,0,0,0,0,1,40,HOMBRE,ILESO,CONDUCTOR PRESENTE,NO,NO,0