,Unnamed: 0,ID,ANIO,LESIONADOS,FALLECIDOS,LATITUD_Y,LONGITUD_X,PROVINCIA,CANTON,PARROQUIA,ZONA,FECHA,HORA,PERIODO_2,DIA_1,DIA_2,MES_1,MES_2,FERIADO,CAUSA_PROBABLE,TIPO_DE_SINIESTRO,TIPO_DE_VEHICULO_1,AUTOMOVIL,BICICLETA,BUS,CAMION,CAMIONETA,EMERGENCIAS,ESPECIAL,FURGONETA,MOTOCICLETA,NO_IDENTIFICADO,SCOOTER_ELECTRICO,TRICIMOTO,VEHICULO_DEPORTIVO_UTILITARIO,SUMA_DE_VEHICULOS,EDAD_1,SEXO_1,CONDICION_1,PARTICIPANTE_1,CASCO_1,CINTURON_1,KMeans_Cluster
12055,37336,37337,2018,4,0,-0.242384,-78.485511,PICHINCHA,QUITO,QUITO,URBANA,2018-05-02,06:04:00,6,MIERCOLES,3,MAYO,5,NO,NO CEDER EL DERECHO DE VIA O PREFERENCIA DE PASO A VEHICULOS.,CHOQUE LATERAL,AUTOMOVIL,1,0,0,0,0,0,0,1,0,0,0,0,0,2,27,HOMBRE,LESIONADO,CONDUCTOR PRESENTE,NO,NO,0
12056,37337,37338,2018,1,0,-0.123551,-78.426711,PICHINCHA,QUITO,CALDERON (CARAPUNGO),URBANA,2018-05-02,06:15:00,6,MIERCOLES,3,MAYO,5,NO,PEATON QUE CRUZA LA CALZADA SIN RESPETAR LA SENIALIZACION EXISTENTE (SEMAFOROS O SENIALES MANUALES).,ATROPELLOS,AUTOMOVIL,1,0,0,0,0,0,0,0,0,0,0,0,0,1,39,HOMBRE,LESIONADO,PEATON,NO,NO,0
12057,37338,37339,2018,2,0,-0.182997,-78.503721,PICHINCHA,QUITO,QUITO,URBANA,2018-05-02,06:30:00,6,MIERCOLES,3,MAYO,5,NO,NO GUARDAR LA DISTANCIA LATERAL MINIMA DE SEGURIDAD ENTRE VEHICULOS.,CHOQUE LATERAL,AUTOMOVIL,1,0,0,0,0,0,0,0,0,0,0,0,0,1,71,HOMBRE,LESIONADO,CONDUCTOR PRESENTE,NO,NO,0
12058,37340,37341,2018,0,0,-0.106694,-78.481991,PICHINCHA,QUITO,QUITO,URBANA,2018-05-02,06:50:00,6,MIERCOLES,3,MAYO,5,NO,NO GUARDAR LA DISTANCIA LATERAL MINIMA DE SEGURIDAD ENTRE VEHICULOS.,CHOQUE LATERAL,AUTOMOVIL,1,0,0,1,0,0,0,0,0,0,0,0,0,2,72,HOMBRE,ILESO,CONDUCTOR PRESENTE,NO,NO,0
12059,37346,37347,2018,1,0,-0.158971,-78.464061,PICHINCHA,QUITO,QUITO,URBANA,2018-05-02,08:40:00,8,MIERCOLES,3,MAYO,5,NO,PEATON QUE CRUZA LA CALZADA SIN RESPETAR LA SENIALIZACION EXISTENTE (SEMAFOROS O SENIALES MANUALES).,ATROPELLOS,AUTOMOVIL,1,0,0,0,0,0,0,0,0,0,0,0,0,1,51,MUJER,LESIONADO,PEATON,NO,NO,0
12060,37348,37349,2018,0,0,-0.141949,-78.494951,PICHINCHA,QUITO,QUITO,URBANA,2018-05-02,09:20:00,9,MIERCOLES,3,MAYO,5,NO,NO GUARDAR LA DISTANCIA LATERAL MINIMA DE SEGURIDAD ENTRE VEHICULOS.,CHOQUE LATERAL,AUTOMOVIL,2,0,0,0,0,0,0,0,0,0,0,0,0,2,35,HOMBRE,ILESO,CONDUCTOR PRESENTE,NO,NO,0
12061,37352,37353,2018,0,0,-0.055281,-78.349528,PICHINCHA,QUITO,GUAYLLABAMBA,RURAL,2018-05-02,10:20:00,10,MIERCOLES,3,MAYO,5,NO,"CONDUCIR DESATENTO A LAS CONDICIONES DE TRANSITO (CELULAR, PANTALLAS DE VIDEO, COMIDA, MAQUILLAJE O CUALQUIER OTRO ELEMENTO DISTRACTOR).",ESTRELLAMIENTOS,CAMION,0,0,0,1,1,0,0,0,0,0,0,0,0,2,56,HOMBRE,ILESO,CONDUCTOR PRESENTE,NO,NO,3
12062,37354,37355,2018,0,0,-0.460627,-78.563821,PICHINCHA,MEJIA,ALOAG,RURAL,2018-05-02,10:40:00,10,MIERCOLES,3,MAYO,5,NO,NO MANTENER LA DISTANCIA PRUDENCIAL CON RESPECTO AL VEHICULO QUE LE ANTECEDE.,CHOQUE POSTERIOR,CAMIONETA,1,0,0,0,1,0,0,0,0,0,0,0,0,2,42,HOMBRE,ILESO,CONDUCTOR PRESENTE,NO,NO,3
12063,37355,37356,2018,0,0,-0.222446,-78.504991,PICHINCHA,QUITO,QUITO,URBANA,2018-05-02,10:50:00,10,MIERCOLES,3,MAYO,5,NO,CONDUCIR VEHICULO SUPERANDO LOS LIMITES MAXIMOS DE VELOCIDAD.,ESTRELLAMIENTOS,CAMIONETA,2,0,0,0,2,0,0,0,0,0,0,0,0,4,45,HOMBRE,ILESO,CONDUCTOR PRESENTE,NO,NO,0
12064,37359,37360,2018,1,0,-0.165703,-78.467427,PICHINCHA,QUITO,QUITO,URBANA,2018-05-02,12:50:00,12,MIERCOLES,3,MAYO,5,NO,CONDUCIR VEHICULO SUPERANDO LOS LIMITES MAXIMOS DE VELOCIDAD.,CHOQUE LATERAL,MOTOCICLETA,0,0,0,0,0,0,0,0,1,0,0,0,0,1,32,HOMBRE,LESIONADO,CONDUCTOR PRESENTE,NO,NO,0
12065,37363,37364,2018,1,0,-0.162023,-78.318223,PICHINCHA,QUITO,YARUQUI,RURAL,2018-05-02,14:16:00,14,MIERCOLES,3,MAYO,5,NO,DANIOS MECANICOS PREVISIBLES.,CHOQUE LATERAL,MOTOCICLETA,0,0,0,0,0,0,0,0,1,0,0,0,0,1,20,HOMBRE,LESIONADO,CONDUCTOR PRESENTE,NO,NO,3
12066,37365,37366,2018,0,0,-0.276068,-78.520238,PICHINCHA,QUITO,QUITO,URBANA,2018-05-02,15:00:00,15,MIERCOLES,3,MAYO,5,NO,"CONDUCE BAJO LA INFLUENCIA DE ALCOHOL, SUSTANCIAS ESTUPEFACIENTES O PSICOTROPICAS Y/O MEDICAMENTOS.",ROZAMIENTOS,AUTOMOVIL,2,0,0,0,0,0,0,0,0,0,0,0,0,2,28,HOMBRE,ILESO,CONDUCTOR PRESENTE,NO,NO,0
12067,37366,37367,2018,0,0,-0.207919,-78.493356,PICHINCHA,QUITO,QUITO,URBANA,2018-05-02,15:40:00,15,MIERCOLES,3,MAYO,5,NO,"PRESENCIA DE AGENTES EXTERNOS EN LA VIA (AGUA, ACEITE, PIEDRA, LASTRE, ESCOMBROS, MADEROS, ETC.).",CHOQUE LATERAL,AUTOMOVIL,2,0,0,0,0,0,0,0,0,0,0,0,0,2,24,HOMBRE,ILESO,CONDUCTOR PRESENTE,NO,NO,0
12068,37367,37368,2018,2,0,-0.067478,-78.452399,PICHINCHA,QUITO,CALDERON (CARAPUNGO),RURAL,2018-05-02,16:00:00,16,MIERCOLES,3,MAYO,5,NO,"CONDUCIR DESATENTO A LAS CONDICIONES DE TRANSITO (CELULAR, PANTALLAS DE VIDEO, COMIDA, MAQUILLAJE O CUALQUIER OTRO ELEMENTO DISTRACTOR).",CHOQUE FRONTAL,AUTOMOVIL,1,0,0,0,0,0,0,0,1,0,0,0,0,2,29,HOMBRE,LESIONADO,CONDUCTOR PRESENTE,NO,NO,3
12069,37370,37371,2018,1,0,-0.183461,-78.482152,PICHINCHA,QUITO,QUITO,URBANA,2018-05-02,17:25:00,17,MIERCOLES,3,MAYO,5,NO,"CASO FORTUITO O FUERZA MAYOR (EXPLOSION DE NEUMATICO NUEVO, DERRUMBE, INUNDACION, CAIDA DE PUENTE, ARBOL, PRESENCIA INTEMPESTIVA E IMPREVISTA DE SEMOVIENTES EN LA VIA, ETC.).",CHOQUE LATERAL,AUTOMOVIL,1,0,0,0,0,0,0,0,1,0,0,0,0,2,21,HOMBRE,LESIONADO,CONDUCTOR PRESENTE,NO,NO,0
12070,37375,37376,2018,0,0,-0.210712,-78.506481,PICHINCHA,QUITO,QUITO,URBANA,2018-05-02,19:00:00,19,MIERCOLES,3,MAYO,5,NO,"NO RESPETAR LAS SENIALES REGLAMENTARIAS DE TRANSITO. (PARE, CEDA EL PASO, LUZ ROJA DEL SEMAFORO, ETC).",ESTRELLAMIENTOS,AUTOMOVIL,1,0,0,0,0,0,0,0,0,0,0,0,0,1,29,HOMBRE,ILESO,CONDUCTOR PRESENTE,NO,NO,0
12071,37376,37377,2018,0,0,-0.188466,-78.499692,PICHINCHA,QUITO,QUITO,URBANA,2018-05-02,20:10:00,20,MIERCOLES,3,MAYO,5,NO,"CONDUCIR DESATENTO A LAS CONDICIONES DE TRANSITO (CELULAR, PANTALLAS DE VIDEO, COMIDA, MAQUILLAJE O CUALQUIER OTRO ELEMENTO DISTRACTOR).",CHOQUE LATERAL,AUTOMOVIL,2,0,0,0,0,0,0,0,0,0,0,0,0,2,36,HOMBRE,ILESO,CONDUCTOR PRESENTE,NO,NO,0
12072,37387,37388,2018,1,0,-0.265728,-78.528474,PICHINCHA,QUITO,QUITO,URBANA,2018-05-03,06:30:00,6,JUEVES,4,MAYO,5,NO,NO TRANSITAR POR LAS ACERAS O ZONAS DE SEGURIDAD DESTINADAS PARA EL EFECTO.,ATROPELLOS,AUTOMOVIL,1,0,0,0,0,0,0,0,0,0,0,0,0,1,7,HOMBRE,LESIONADO,PEATON,NO,NO,0
12073,37388,37389,2018,0,0,-0.263991,-78.487764,PICHINCHA,QUITO,CONOCOTO,URBANA,2018-05-03,06:38:00,6,JUEVES,4,MAYO,5,NO,"CONDUCE BAJO LA INFLUENCIA DE ALCOHOL, SUSTANCIAS ESTUPEFACIENTES O PSICOTROPICAS Y/O MEDICAMENTOS.",COLISION,AUTOMOVIL,3,0,0,0,1,0,0,1,0,0,0,0,0,5,26,HOMBRE,ILESO,CONDUCTOR PRESENTE,NO,NO,0
12074,37395,37396,2018,2,0,-0.241767,-78.532308,PICHINCHA,QUITO,QUITO,URBANA,2018-05-03,08:30:00,8,JUEVES,4,MAYO,5,NO,"CONDUCIR DESATENTO A LAS CONDICIONES DE TRANSITO (CELULAR, PANTALLAS DE VIDEO, COMIDA, MAQUILLAJE O CUALQUIER OTRO ELEMENTO DISTRACTOR).",CHOQUE LATERAL,MOTOCICLETA,0,0,1,0,0,0,0,0,1,0,0,0,0,2,37,HOMBRE,LESIONADO,CONDUCTOR PRESENTE,NO,NO,0
12075,37398,37399,2018,1,0,-0.204719,-78.502295,PICHINCHA,QUITO,QUITO,URBANA,2018-05-03,10:50:00,10,JUEVES,4,MAYO,5,NO,PEATON QUE CRUZA LA CALZADA SIN RESPETAR LA SENIALIZACION EXISTENTE (SEMAFOROS O SENIALES MANUALES).,ATROPELLOS,AUTOMOVIL,1,0,0,0,0,0,0,0,0,0,0,0,0,1,68,MUJER,LESIONADO,PEATON,NO,NO,0
12076,37401,37402,2018,1,0,-0.133305,-78.494008,PICHINCHA,QUITO,QUITO,URBANA,2018-05-03,12:00:00,12,JUEVES,4,MAYO,5,NO,"NO RESPETAR LAS SENIALES REGLAMENTARIAS DE TRANSITO. (PARE, CEDA EL PASO, LUZ ROJA DEL SEMAFORO, ETC).",ATROPELLOS,BICICLETA,0,1,0,0,0,0,0,0,0,0,0,0,0,1,22,HOMBRE,LESIONADO,CONDUCTOR PRESENTE,NO,NO,0
12077,37403,37404,2018,1,0,-0.172505,-78.487772,PICHINCHA,QUITO,QUITO,URBANA,2018-05-03,12:46:00,12,JUEVES,4,MAYO,5,NO,NO CEDER EL DERECHO DE VIA O PREFERENCIA DE PASO AL PEATON.,ARROLLAMIENTOS,NO IDENTIFICADO,0,0,0,0,0,0,0,0,0,1,0,0,0,1,21,HOMBRE,LESIONADO,PEATON,NO,NO,0
12078,37404,37405,2018,1,0,-0.106867,-78.432639,PICHINCHA,QUITO,CALDERON (CARAPUNGO),URBANA,2018-05-03,13:00:00,13,JUEVES,4,MAYO,5,NO,NO TRANSITAR POR LAS ACERAS O ZONAS DE SEGURIDAD DESTINADAS PARA EL EFECTO.,ATROPELLOS,NO IDENTIFICADO,0,0,0,0,0,0,0,0,0,1,0,0,0,1,30,HOMBRE,LESIONADO,PEATON,NO,NO,0
12079,37409,37410,2018,1,0,-0.208844,-78.335604,PICHINCHA,QUITO,YARUQUI,URBANA,2018-05-03,13:30:00,13,JUEVES,4,MAYO,5,NO,NO TRANSITAR POR LAS ACERAS O ZONAS DE SEGURIDAD DESTINADAS PARA EL EFECTO.,ATROPELLOS,NO IDENTIFICADO,0,0,0,0,0,0,0,0,0,1,0,0,0,1,64,MUJER,LESIONADO,PEATON,NO,NO,0
12080,37418,37419,2018,0,0,-0.289522,-78.538731,PICHINCHA,QUITO,QUITO,URBANA,2018-05-03,16:40:00,16,JUEVES,4,MAYO,5,NO,NO GUARDAR LA DISTANCIA LATERAL MINIMA DE SEGURIDAD ENTRE VEHICULOS.,CHOQUE LATERAL,BUS,1,0,1,0,0,0,0,0,0,0,0,0,0,2,38,HOMBRE,ILESO,CONDUCTOR PRESENTE,NO,NO,0
12081,37431,37432,2018,1,0,-0.198346,-78.479374,PICHINCHA,QUITO,QUITO,URBANA,2018-05-03,20:38:00,20,JUEVES,4,MAYO,5,NO,PEATON QUE CRUZA LA CALZADA SIN RESPETAR LA SENIALIZACION EXISTENTE (SEMAFOROS O SENIALES MANUALES).,ATROPELLOS,NO IDENTIFICADO,0,0,0,0,0,0,0,0,0,1,0,0,0,1,9,MUJER,LESIONADO,PEATON,NO,NO,0
12082,37434,37435,2018,0,0,-0.144229,-78.496331,PICHINCHA,QUITO,QUITO,URBANA,2018-05-03,21:00:00,21,JUEVES,4,MAYO,5,NO,"NO RESPETAR LAS SENIALES REGLAMENTARIAS DE TRANSITO. (PARE, CEDA EL PASO, LUZ ROJA DEL SEMAFORO, ETC).",CHOQUE POSTERIOR,AUTOMOVIL,2,0,0,0,0,0,0,0,0,0,0,0,0,2,21,MUJER,ILESO,CONDUCTOR PRESENTE,NO,NO,0
12083,37439,37440,2018,1,0,-0.233331,-78.490789,PICHINCHA,QUITO,QUITO,URBANA,2018-05-03,21:55:00,21,JUEVES,4,MAYO,5,NO,PEATON QUE CRUZA LA CALZADA SIN RESPETAR LA SENIALIZACION EXISTENTE (SEMAFOROS O SENIALES MANUALES).,ATROPELLOS,AUTOMOVIL,1,0,0,0,0,0,0,0,0,0,0,0,0,1,6,HOMBRE,LESIONADO,PEATON,NO,NO,0
12084,37446,37447,2018,0,0,-0.281745,-78.524425,PICHINCHA,QUITO,QUITO,URBANA,2018-05-04,06:35:00,6,VIERNES,5,MAYO,5,NO,CONDUCIR VEHICULO SUPERANDO LOS LIMITES MAXIMOS DE VELOCIDAD.,CHOQUE LATERAL,AUTOMOVIL,2,0,0,0,0,0,0,0,0,0,0,0,0,2,34,HOMBRE,ILESO,CONDUCTOR PRESENTE,NO,NO,0
12085,37447,37448,2018,1,0,-0.265633,-78.478837,PICHINCHA,QUITO,CONOCOTO,URBANA,2018-05-04,06:40:00,6,VIERNES,5,MAYO,5,NO,NO TRANSITAR POR LAS ACERAS O ZONAS DE SEGURIDAD DESTINADAS PARA EL EFECTO.,ATROPELLOS,AUTOMOVIL,1,0,0,0,0,0,0,0,0,0,0,0,0,1,40,HOMBRE,LESIONADO,PEATON,NO,NO,0
12086,37448,37449,2018,0,0,-0.282706,-78.554325,PICHINCHA,QUITO,QUITO,URBANA,2018-05-04,06:40:00,6,VIERNES,5,MAYO,5,NO,NO TRANSITAR POR LAS ACERAS O ZONAS DE SEGURIDAD DESTINADAS PARA EL EFECTO.,ATROPELLOS,NO IDENTIFICADO,0,0,0,0,0,0,0,0,0,1,0,0,0,1,15,MUJER,ILESO,PEATON,NO,NO,0
12087,37449,37450,2018,0,0,-0.206266,-78.495651,PICHINCHA,QUITO,QUITO,URBANA,2018-05-04,06:50:00,6,VIERNES,5,MAYO,5,NO,"NO RESPETAR LAS SENIALES REGLAMENTARIAS DE TRANSITO. (PARE, CEDA EL PASO, LUZ ROJA DEL SEMAFORO, ETC).",CHOQUE LATERAL,AUTOMOVIL,1,0,0,0,0,0,0,0,0,0,0,0,0,1,67,HOMBRE,ILESO,CONDUCTOR PRESENTE,NO,NO,0
12088,37453,37454,2018,2,0,-0.328479,-78.522294,PICHINCHA,QUITO,QUITO,URBANA,2018-05-04,07:45:00,7,VIERNES,5,MAYO,5,NO,"CONDUCIR DESATENTO A LAS CONDICIONES DE TRANSITO (CELULAR, PANTALLAS DE VIDEO, COMIDA, MAQUILLAJE O CUALQUIER OTRO ELEMENTO DISTRACTOR).",CHOQUE LATERAL,AUTOMOVIL,2,0,0,0,0,0,0,0,0,0,0,0,0,2,38,HOMBRE,LESIONADO,CONDUCTOR PRESENTE,NO,NO,0
12089,37454,37455,2018,0,0,-0.236387,-78.484685,PICHINCHA,QUITO,QUITO,URBANA,2018-05-04,07:50:00,7,VIERNES,5,MAYO,5,NO,CONDUCIR VEHICULO SUPERANDO LOS LIMITES MAXIMOS DE VELOCIDAD.,COLISION,AUTOMOVIL,1,0,0,0,2,0,0,0,0,0,0,0,0,3,50,HOMBRE,ILESO,CONDUCTOR PRESENTE,NO,NO,0
12090,37457,37458,2018,1,0,-0.295878,-78.556329,PICHINCHA,QUITO,QUITO,URBANA,2018-05-04,08:50:00,8,VIERNES,5,MAYO,5,NO,DEJAR O RECOGER PASAJEROS EN LUGARES NO PERMITIDOS.,CAIDA DE PASAJERO,BUS,0,0,1,0,0,0,0,0,0,0,0,0,0,1,34,HOMBRE,LESIONADO,PASAJERO,NO,NO,0
12091,37459,37460,2018,1,0,-0.262636,-78.550046,PICHINCHA,QUITO,QUITO,URBANA,2018-05-04,09:50:00,9,VIERNES,5,MAYO,5,NO,DEJAR O RECOGER PASAJEROS EN LUGARES NO PERMITIDOS.,CAIDA DE PASAJERO,BUS,0,0,1,0,0,0,0,0,0,0,0,0,0,1,60,MUJER,LESIONADO,PASAJERO,NO,NO,0
12092,37465,37466,2018,1,0,-0.163526,-78.475031,PICHINCHA,QUITO,QUITO,URBANA,2018-05-04,12:40:00,12,VIERNES,5,MAYO,5,NO,REALIZAR CAMBIO BRUSCO O INDEBIDO DE CARRIL.,PERDIDA DE CARRIL,MOTOCICLETA,0,0,0,0,0,0,0,0,1,0,0,0,0,1,40,HOMBRE,LESIONADO,CONDUCTOR PRESENTE,NO,NO,0
12093,37470,37471,2018,0,0,-0.376777,-78.509016,PICHINCHA,QUITO,AMAGUANIA,URBANA,2018-05-04,15:00:00,15,VIERNES,5,MAYO,5,NO,"NO RESPETAR LAS SENIALES REGLAMENTARIAS DE TRANSITO. (PARE, CEDA EL PASO, LUZ ROJA DEL SEMAFORO, ETC).",CHOQUE LATERAL,AUTOMOVIL,2,0,0,0,0,0,0,0,0,0,0,0,0,2,37,HOMBRE,ILESO,CONDUCTOR PRESENTE,NO,NO,0
12094,37473,37474,2018,1,0,-0.289456,-78.566497,PICHINCHA,QUITO,QUITO,URBANA,2018-05-04,15:20:00,15,VIERNES,5,MAYO,5,NO,CONDUCIR VEHICULO SUPERANDO LOS LIMITES MAXIMOS DE VELOCIDAD.,CHOQUE LATERAL,MOTOCICLETA,1,0,0,0,0,0,0,0,1,0,0,0,0,2,30,HOMBRE,LESIONADO,CONDUCTOR PRESENTE,NO,NO,0
12095,37474,37475,2018,1,0,-0.292724,-78.476486,PICHINCHA,QUITO,CONOCOTO,URBANA,2018-05-04,15:45:00,15,VIERNES,5,MAYO,5,NO,"CONDUCE BAJO LA INFLUENCIA DE ALCOHOL, SUSTANCIAS ESTUPEFACIENTES O PSICOTROPICAS Y/O MEDICAMENTOS.",CHOQUE FRONTAL,AUTOMOVIL,2,0,0,0,0,0,0,0,0,0,0,0,0,2,28,HOMBRE,LESIONADO,CONDUCTOR PRESENTE,NO,NO,0
12096,37475,37476,2018,0,0,-0.444545,-78.556298,PICHINCHA,MEJIA,MACHACHI,RURAL,2018-05-04,16:30:00,16,VIERNES,5,MAYO,5,NO,"CONDUCIR DESATENTO A LAS CONDICIONES DE TRANSITO (CELULAR, PANTALLAS DE VIDEO, COMIDA, MAQUILLAJE O CUALQUIER OTRO ELEMENTO DISTRACTOR).",COLISION,BUS,0,0,1,1,3,0,0,0,0,0,0,0,0,5,61,HOMBRE,ILESO,CONDUCTOR PRESENTE,NO,NO,3
12097,37481,37482,2018,0,0,-0.209101,-78.365448,PICHINCHA,QUITO,PUEMBO,URBANA,2018-05-04,18:20:00,18,VIERNES,5,MAYO,5,NO,NO MANTENER LA DISTANCIA PRUDENCIAL CON RESPECTO AL VEHICULO QUE LE ANTECEDE.,CHOQUE POSTERIOR,AUTOMOVIL,1,0,0,0,0,0,0,0,0,0,0,0,0,1,30,MUJER,ILESO,CONDUCTOR PRESENTE,NO,NO,0
12098,37493,37494,2018,0,0,-0.091585,-78.439052,PICHINCHA,QUITO,CALDERON (CARAPUNGO),URBANA,2018-05-04,21:30:00,21,VIERNES,5,MAYO,5,NO,MALAS CONDICIONES DE LA VIA Y/O CONFIGURACION. (ILUMINACION Y DISENIO).,CHOQUE LATERAL,AUTOMOVIL,2,0,0,0,0,0,0,0,0,0,0,0,0,2,46,MUJER,ILESO,CONDUCTOR PRESENTE,NO,NO,0
12099,37494,37495,2018,0,0,-0.177282,-78.359537,PICHINCHA,QUITO,PUEMBO,URBANA,2018-05-04,21:30:00,21,VIERNES,5,MAYO,5,NO,"NO RESPETAR LAS SENIALES REGLAMENTARIAS DE TRANSITO. (PARE, CEDA EL PASO, LUZ ROJA DEL SEMAFORO, ETC).",ESTRELLAMIENTOS,AUTOMOVIL,1,0,0,0,0,0,0,0,0,0,0,0,0,1,-1,NO IDENTIFICADO,NO IDENTIFICADO,CONDUCTOR AUSENTE,NO,NO,2
12100,37498,37499,2018,1,0,-0.264263,-78.550014,PICHINCHA,QUITO,QUITO,URBANA,2018-05-04,22:55:00,22,VIERNES,5,MAYO,5,NO,MALAS CONDICIONES DE LA VIA Y/O CONFIGURACION. (ILUMINACION Y DISENIO).,CHOQUE LATERAL,MOTOCICLETA,0,0,0,0,0,0,0,0,1,1,0,0,0,2,30,HOMBRE,LESIONADO,CONDUCTOR PRESENTE,NO,NO,0
12101,37500,37501,2018,1,0,-0.227324,-78.450086,PICHINCHA,QUITO,CUMBAYA,URBANA,2018-05-04,23:15:00,23,VIERNES,5,MAYO,5,NO,"CONDICIONES AMBIENTALES Y/O ATMOSFERICAS (NIEBLA, NEBLINA, GRANIZO, LLUVIA).",PERDIDA DE CARRIL,MOTOCICLETA,0,0,0,0,0,0,0,0,1,0,0,0,0,1,28,HOMBRE,LESIONADO,CONDUCTOR PRESENTE,NO,NO,0
12102,37502,37503,2018,0,0,-0.158928,-78.483775,PICHINCHA,QUITO,QUITO,URBANA,2018-05-05,00:10:00,0,SABADO,6,MAYO,5,NO,"CONDUCE BAJO LA INFLUENCIA DE ALCOHOL, SUSTANCIAS ESTUPEFACIENTES O PSICOTROPICAS Y/O MEDICAMENTOS.",CHOQUE POSTERIOR,CAMIONETA,0,0,0,0,2,0,0,0,0,0,0,0,0,2,30,HOMBRE,ILESO,CONDUCTOR PRESENTE,NO,NO,0
12103,37505,37506,2018,0,0,-0.149645,-78.475892,PICHINCHA,QUITO,QUITO,URBANA,2018-05-05,01:10:00,1,SABADO,6,MAYO,5,NO,"CONDUCE BAJO LA INFLUENCIA DE ALCOHOL, SUSTANCIAS ESTUPEFACIENTES O PSICOTROPICAS Y/O MEDICAMENTOS.",ESTRELLAMIENTOS,AUTOMOVIL,3,0,0,0,0,0,0,0,1,0,0,0,0,4,42,HOMBRE,ILESO,CONDUCTOR PRESENTE,NO,NO,0
12104,37506,37507,2018,1,0,-0.190834,-78.493099,PICHINCHA,QUITO,QUITO,URBANA,2018-05-05,01:20:00,1,SABADO,6,MAYO,5,NO,"CONDUCE BAJO LA INFLUENCIA DE ALCOHOL, SUSTANCIAS ESTUPEFACIENTES O PSICOTROPICAS Y/O MEDICAMENTOS.",CHOQUE LATERAL,AUTOMOVIL,2,0,0,0,0,0,0,0,0,0,0,0,0,2,24,HOMBRE,LESIONADO,CONDUCTOR PRESENTE,NO,NO,0
12105,37511,37512,2018,0,0,-0.226807,-78.490454,PICHINCHA,QUITO,QUITO,URBANA,2018-05-05,02:30:00,2,SABADO,6,MAYO,5,NO,CONDUCIR VEHICULO SUPERANDO LOS LIMITES MAXIMOS DE VELOCIDAD.,ESTRELLAMIENTOS,AUTOMOVIL,1,0,0,0,0,0,0,0,0,0,0,0,0,1,48,HOMBRE,ILESO,CONDUCTOR PRESENTE,NO,NO,0
12106,37513,37514,2018,0,1,-0.042943,-78.455443,PICHINCHA,QUITO,POMASQUI,URBANA,2018-05-05,02:50:00,2,SABADO,6,MAYO,5,NO,"CONDUCIR DESATENTO A LAS CONDICIONES DE TRANSITO (CELULAR, PANTALLAS DE VIDEO, COMIDA, MAQUILLAJE O CUALQUIER OTRO ELEMENTO DISTRACTOR).",ESTRELLAMIENTOS,VEHICULO DEPORTIVO UTILITARIO,0,0,0,0,0,0,0,0,0,0,0,0,1,1,24,HOMBRE,FALLECIDO,CONDUCTOR PRESENTE,NO,NO,0
12107,37515,37516,2018,1,0,-0.103479,-78.509386,PICHINCHA,QUITO,QUITO,URBANA,2018-05-05,04:25:00,4,SABADO,6,MAYO,5,NO,REALIZAR CAMBIO BRUSCO O INDEBIDO DE CARRIL.,ESTRELLAMIENTOS,MOTOCICLETA,0,0,0,0,0,0,0,0,1,0,0,0,0,1,24,HOMBRE,LESIONADO,CONDUCTOR PRESENTE,NO,NO,0
12108,37519,37520,2018,0,0,-0.219252,-78.509727,PICHINCHA,QUITO,QUITO,URBANA,2018-05-05,05:30:00,5,SABADO,6,MAYO,5,NO,"CASO FORTUITO O FUERZA MAYOR (EXPLOSION DE NEUMATICO NUEVO, DERRUMBE, INUNDACION, CAIDA DE PUENTE, ARBOL, PRESENCIA INTEMPESTIVA E IMPREVISTA DE SEMOVIENTES EN LA VIA, ETC.).",CHOQUE LATERAL,AUTOMOVIL,2,0,0,0,0,0,0,0,0,0,0,0,0,2,21,HOMBRE,ILESO,CONDUCTOR PRESENTE,NO,NO,0
12109,37520,37521,2018,0,0,-0.264263,-78.550014,PICHINCHA,QUITO,QUITO,URBANA,2018-05-05,05:35:00,5,SABADO,6,MAYO,5,NO,CONDUCIR VEHICULO SUPERANDO LOS LIMITES MAXIMOS DE VELOCIDAD.,ESTRELLAMIENTOS,AUTOMOVIL,1,0,0,0,0,0,0,0,0,0,0,0,0,1,-1,NO IDENTIFICADO,NO IDENTIFICADO,CONDUCTOR AUSENTE,NO,NO,2
12110,37521,37522,2018,0,0,-0.242463,-78.482784,PICHINCHA,QUITO,QUITO,URBANA,2018-05-05,05:45:00,5,SABADO,6,MAYO,5,NO,"CONDUCIR EN ESTADO DE SOMNOLENCIA O MALAS CONDICIONES FISICAS (SUENIO, CANSANCIO Y FATIGA).",ESTRELLAMIENTOS,AUTOMOVIL,1,0,0,0,0,0,0,0,0,0,0,0,0,1,-1,NO IDENTIFICADO,NO IDENTIFICADO,CONDUCTOR AUSENTE,NO,NO,2
12111,37523,37524,2018,1,0,-0.186376,-78.495734,PICHINCHA,QUITO,QUITO,URBANA,2018-05-05,07:10:00,7,SABADO,6,MAYO,5,NO,"CONDUCE BAJO LA INFLUENCIA DE ALCOHOL, SUSTANCIAS ESTUPEFACIENTES O PSICOTROPICAS Y/O MEDICAMENTOS.",CHOQUE LATERAL,CAMIONETA,0,1,0,0,1,0,0,0,0,0,0,0,0,2,33,HOMBRE,LESIONADO,CONDUCTOR PRESENTE,NO,NO,0