,Unnamed: 0,ID,ANIO,LESIONADOS,FALLECIDOS,LATITUD_Y,LONGITUD_X,PROVINCIA,CANTON,PARROQUIA,ZONA,FECHA,HORA,PERIODO_2,DIA_1,DIA_2,MES_1,MES_2,FERIADO,CAUSA_PROBABLE,TIPO_DE_SINIESTRO,TIPO_DE_VEHICULO_1,AUTOMOVIL,BICICLETA,BUS,CAMION,CAMIONETA,EMERGENCIAS,ESPECIAL,FURGONETA,MOTOCICLETA,NO_IDENTIFICADO,SCOOTER_ELECTRICO,TRICIMOTO,VEHICULO_DEPORTIVO_UTILITARIO,SUMA_DE_VEHICULOS,EDAD_1,SEXO_1,CONDICION_1,PARTICIPANTE_1,CASCO_1,CINTURON_1,KMeans_Cluster
12169,37726,37727,2018,1,0,-0.105616,-78.382504,PICHINCHA,QUITO,CALDERON (CARAPUNGO),RURAL,2018-05-08,10:45:00,10,MARTES,2,MAYO,5,NO,"CONDUCIR DESATENTO A LAS CONDICIONES DE TRANSITO (CELULAR, PANTALLAS DE VIDEO, COMIDA, MAQUILLAJE O CUALQUIER OTRO ELEMENTO DISTRACTOR).",ESTRELLAMIENTOS,CAMION,0,0,0,1,0,0,0,0,0,0,0,0,0,1,28,HOMBRE,LESIONADO,CONDUCTOR PRESENTE,NO,NO,3
12170,37729,37730,2018,1,0,-0.336171,-78.541918,PICHINCHA,QUITO,QUITO,URBANA,2018-05-08,11:52:00,11,MARTES,2,MAYO,5,NO,"CONDUCIR DESATENTO A LAS CONDICIONES DE TRANSITO (CELULAR, PANTALLAS DE VIDEO, COMIDA, MAQUILLAJE O CUALQUIER OTRO ELEMENTO DISTRACTOR).",CHOQUE LATERAL,FURGONETA,0,0,0,0,0,0,0,1,1,0,0,0,0,2,26,HOMBRE,LESIONADO,CONDUCTOR PRESENTE,NO,NO,0
12171,37730,37731,2018,1,0,-0.150393,-78.453592,PICHINCHA,QUITO,QUITO,URBANA,2018-05-08,12:20:00,12,MARTES,2,MAYO,5,NO,NO CEDER EL DERECHO DE VIA O PREFERENCIA DE PASO A VEHICULOS.,CHOQUE LATERAL,CAMIONETA,0,0,0,0,1,0,0,0,1,0,0,0,0,2,45,MUJER,LESIONADO,PASAJERO,NO,NO,0
12172,37731,37732,2018,0,0,-0.199767,-78.428809,PICHINCHA,QUITO,CUMBAYA,URBANA,2018-05-08,12:30:00,12,MARTES,2,MAYO,5,NO,REALIZAR CAMBIO BRUSCO O INDEBIDO DE CARRIL.,ATROPELLOS,NO IDENTIFICADO,0,0,0,0,0,0,0,0,0,1,0,0,0,1,33,HOMBRE,ILESO,PEATON,NO,NO,0
12173,37735,37736,2018,1,0,-0.098885,-78.470687,PICHINCHA,QUITO,QUITO,URBANA,2018-05-08,13:45:00,13,MARTES,2,MAYO,5,NO,NO TRANSITAR POR LAS ACERAS O ZONAS DE SEGURIDAD DESTINADAS PARA EL EFECTO.,ATROPELLOS,BUS,0,0,2,0,0,0,0,0,0,0,0,0,0,2,23,HOMBRE,LESIONADO,PEATON,NO,NO,0
12174,37736,37737,2018,1,0,-0.292269,-78.400585,PICHINCHA,QUITO,LA MERCED,RURAL,2018-05-08,14:02:00,14,MARTES,2,MAYO,5,NO,"PRESENCIA DE AGENTES EXTERNOS EN LA VIA (AGUA, ACEITE, PIEDRA, LASTRE, ESCOMBROS, MADEROS, ETC.).",PERDIDA DE CARRIL,NO IDENTIFICADO,0,0,0,0,0,0,0,0,0,1,0,0,0,1,24,HOMBRE,LESIONADO,CONDUCTOR PRESENTE,NO,NO,3
12175,37738,37739,2018,1,0,-0.183896,-78.502637,PICHINCHA,QUITO,QUITO,URBANA,2018-05-08,15:15:00,15,MARTES,2,MAYO,5,NO,NO GUARDAR LA DISTANCIA LATERAL MINIMA DE SEGURIDAD ENTRE VEHICULOS.,CHOQUE LATERAL,VEHICULO DEPORTIVO UTILITARIO,0,0,0,0,0,0,0,0,0,0,0,0,1,1,42,MUJER,LESIONADO,CONDUCTOR PRESENTE,NO,NO,0
12176,37739,37740,2018,0,0,-0.218465,-78.506169,PICHINCHA,QUITO,QUITO,URBANA,2018-05-08,15:35:00,15,MARTES,2,MAYO,5,NO,CONDUCIR VEHICULO SUPERANDO LOS LIMITES MAXIMOS DE VELOCIDAD.,ESTRELLAMIENTOS,AUTOMOVIL,1,0,0,0,0,0,0,0,0,0,0,0,0,1,-1,NO IDENTIFICADO,NO IDENTIFICADO,CONDUCTOR AUSENTE,NO,NO,2
12177,37743,37744,2018,0,0,-0.291195,-78.568324,PICHINCHA,QUITO,QUITO,URBANA,2018-05-08,16:25:00,16,MARTES,2,MAYO,5,NO,"CONDICIONES AMBIENTALES Y/O ATMOSFERICAS (NIEBLA, NEBLINA, GRANIZO, LLUVIA).",CHOQUE LATERAL,MOTOCICLETA,0,0,0,0,1,0,0,0,1,0,0,0,0,2,30,MUJER,ILESO,CONDUCTOR PRESENTE,NO,NO,0
12178,37747,37748,2018,0,3,-0.451042,-78.658776,PICHINCHA,MEJIA,ALOAG,RURAL,2018-05-08,17:15:00,17,MARTES,2,MAYO,5,NO,"CONDUCIR DESATENTO A LAS CONDICIONES DE TRANSITO (CELULAR, PANTALLAS DE VIDEO, COMIDA, MAQUILLAJE O CUALQUIER OTRO ELEMENTO DISTRACTOR).",PERDIDA DE PISTA,AUTOMOVIL,1,0,0,0,0,0,0,0,0,0,0,0,0,1,63,HOMBRE,FALLECIDO,CONDUCTOR PRESENTE,NO,NO,3
12179,37748,37749,2018,3,0,-0.293153,-78.449621,PICHINCHA,QUITO,ALANGASI,RURAL,2018-05-08,17:30:00,17,MARTES,2,MAYO,5,NO,NO CEDER EL DERECHO DE VIA O PREFERENCIA DE PASO A VEHICULOS.,CHOQUE LATERAL,AUTOMOVIL,1,0,0,0,0,0,0,0,1,0,0,0,0,2,26,HOMBRE,LESIONADO,CONDUCTOR PRESENTE,NO,NO,3
12180,37753,37754,2018,1,0,-0.231151,-78.513405,PICHINCHA,QUITO,QUITO,URBANA,2018-05-08,18:30:00,18,MARTES,2,MAYO,5,NO,"ADELANTAR O REBASAR A OTRO VEHICULO EN MOVIMIENTO EN ZONAS O SITIOS PELIGROSOS TALES COMO: CURVAS, PUENTES, TUNELES, PENDIENTES, ETC.",ATROPELLOS,NO IDENTIFICADO,0,0,0,0,0,0,0,0,0,1,0,0,0,1,58,MUJER,LESIONADO,PEATON,NO,NO,0
12181,37755,37756,2018,0,0,-0.119312,-78.473565,PICHINCHA,QUITO,QUITO,URBANA,2018-05-08,19:00:00,19,MARTES,2,MAYO,5,NO,CONDUCIR VEHICULO SUPERANDO LOS LIMITES MAXIMOS DE VELOCIDAD.,ESTRELLAMIENTOS,AUTOMOVIL,1,0,0,1,0,0,0,0,0,0,0,0,0,2,34,HOMBRE,ILESO,CONDUCTOR PRESENTE,NO,NO,0
12182,37757,37758,2018,0,0,-0.165758,-78.475586,PICHINCHA,QUITO,QUITO,URBANA,2018-05-08,19:05:00,19,MARTES,2,MAYO,5,NO,NO CEDER EL DERECHO DE VIA O PREFERENCIA DE PASO A VEHICULOS.,CHOQUE LATERAL,AUTOMOVIL,2,0,0,0,0,0,0,0,0,0,0,0,0,2,70,HOMBRE,ILESO,CONDUCTOR PRESENTE,NO,NO,0
12183,37760,37761,2018,0,0,-0.140743,-78.470695,PICHINCHA,QUITO,QUITO,URBANA,2018-05-08,19:35:00,19,MARTES,2,MAYO,5,NO,"CONDICIONES AMBIENTALES Y/O ATMOSFERICAS (NIEBLA, NEBLINA, GRANIZO, LLUVIA).",OTROS,NO IDENTIFICADO,0,0,0,0,0,0,0,0,0,1,0,0,0,1,-1,NO IDENTIFICADO,NO IDENTIFICADO,CONDUCTOR AUSENTE,NO,NO,2
12184,37762,37763,2018,1,0,-0.177085,-78.487861,PICHINCHA,QUITO,QUITO,URBANA,2018-05-08,20:05:00,20,MARTES,2,MAYO,5,NO,"NO RESPETAR LAS SENIALES REGLAMENTARIAS DE TRANSITO. (PARE, CEDA EL PASO, LUZ ROJA DEL SEMAFORO, ETC).",CHOQUE LATERAL,AUTOMOVIL,2,0,0,0,0,0,0,0,0,0,0,0,0,2,22,MUJER,LESIONADO,PASAJERO,NO,NO,0
12185,37768,37769,2018,0,0,-0.322409,-78.553684,PICHINCHA,QUITO,QUITO,URBANA,2018-05-08,22:00:00,22,MARTES,2,MAYO,5,NO,"CONDUCIR DESATENTO A LAS CONDICIONES DE TRANSITO (CELULAR, PANTALLAS DE VIDEO, COMIDA, MAQUILLAJE O CUALQUIER OTRO ELEMENTO DISTRACTOR).",ESTRELLAMIENTOS,NO IDENTIFICADO,0,0,0,0,0,0,0,0,0,1,0,0,0,1,-1,NO IDENTIFICADO,NO IDENTIFICADO,CONDUCTOR AUSENTE,NO,NO,2
12186,37769,37770,2018,0,0,-0.177421,-78.477985,PICHINCHA,QUITO,QUITO,URBANA,2018-05-08,22:15:00,22,MARTES,2,MAYO,5,NO,NO CEDER EL DERECHO DE VIA O PREFERENCIA DE PASO A VEHICULOS.,CHOQUE POSTERIOR,CAMIONETA,1,0,0,0,1,0,0,0,0,0,0,0,0,2,18,HOMBRE,ILESO,CONDUCTOR PRESENTE,NO,NO,0
12187,37770,37771,2018,0,0,-0.291035,-78.464906,PICHINCHA,QUITO,CONOCOTO,URBANA,2018-05-08,22:25:00,22,MARTES,2,MAYO,5,NO,"CONDUCIR DESATENTO A LAS CONDICIONES DE TRANSITO (CELULAR, PANTALLAS DE VIDEO, COMIDA, MAQUILLAJE O CUALQUIER OTRO ELEMENTO DISTRACTOR).",PERDIDA DE CARRIL,VEHICULO DEPORTIVO UTILITARIO,0,0,0,0,0,0,0,0,0,0,0,0,1,1,33,HOMBRE,ILESO,CONDUCTOR PRESENTE,NO,NO,0
12188,37778,37779,2018,1,0,-0.250641,-78.538033,PICHINCHA,QUITO,QUITO,URBANA,2018-05-09,05:40:00,5,MIERCOLES,3,MAYO,5,NO,"CONDICIONES AMBIENTALES Y/O ATMOSFERICAS (NIEBLA, NEBLINA, GRANIZO, LLUVIA).",PERDIDA DE CARRIL,MOTOCICLETA,0,0,0,0,0,0,0,0,1,0,0,0,0,1,27,MUJER,LESIONADO,CONDUCTOR PRESENTE,NO,NO,0
12189,37782,37783,2018,0,0,-0.196311,-78.483268,PICHINCHA,QUITO,QUITO,URBANA,2018-05-09,07:00:00,7,MIERCOLES,3,MAYO,5,NO,CONDUCIR VEHICULO SUPERANDO LOS LIMITES MAXIMOS DE VELOCIDAD.,CHOQUE LATERAL,AUTOMOVIL,1,0,0,0,0,0,0,0,0,0,0,0,0,1,48,HOMBRE,ILESO,CONDUCTOR PRESENTE,NO,NO,0
12190,37785,37786,2018,1,0,-0.217989,-78.508704,PICHINCHA,QUITO,QUITO,URBANA,2018-05-09,07:36:00,7,MIERCOLES,3,MAYO,5,NO,"CONDUCIR DESATENTO A LAS CONDICIONES DE TRANSITO (CELULAR, PANTALLAS DE VIDEO, COMIDA, MAQUILLAJE O CUALQUIER OTRO ELEMENTO DISTRACTOR).",CHOQUE LATERAL,AUTOMOVIL,2,0,0,0,0,0,0,0,0,0,0,0,0,2,41,MUJER,LESIONADO,PASAJERO,NO,NO,0
12191,37790,37791,2018,0,0,-0.102821,-78.425819,PICHINCHA,QUITO,CALDERON (CARAPUNGO),URBANA,2018-05-09,09:40:00,9,MIERCOLES,3,MAYO,5,NO,NO MANTENER LA DISTANCIA PRUDENCIAL CON RESPECTO AL VEHICULO QUE LE ANTECEDE.,CHOQUE POSTERIOR,AUTOMOVIL,1,0,0,0,0,0,0,0,0,0,0,0,0,1,51,HOMBRE,ILESO,CONDUCTOR PRESENTE,NO,NO,0
12192,37791,37792,2018,1,0,-0.099083,-78.421844,PICHINCHA,QUITO,CALDERON (CARAPUNGO),URBANA,2018-05-09,10:00:00,10,MIERCOLES,3,MAYO,5,NO,PEATON QUE CRUZA LA CALZADA SIN RESPETAR LA SENIALIZACION EXISTENTE (SEMAFOROS O SENIALES MANUALES).,ATROPELLOS,CAMIONETA,0,0,0,0,1,0,0,0,0,0,0,0,0,1,25,HOMBRE,LESIONADO,PEATON,NO,NO,0
12193,37792,37793,2018,1,0,-0.251319,-78.521366,PICHINCHA,QUITO,QUITO,URBANA,2018-05-09,10:00:00,10,MIERCOLES,3,MAYO,5,NO,NO TRANSITAR POR LAS ACERAS O ZONAS DE SEGURIDAD DESTINADAS PARA EL EFECTO.,OTROS,BUS,0,0,1,0,0,0,0,0,0,0,0,0,0,1,24,MUJER,LESIONADO,PEATON,NO,NO,0
12194,37793,37794,2018,1,0,-0.183762,-78.502961,PICHINCHA,QUITO,QUITO,URBANA,2018-05-09,10:15:00,10,MIERCOLES,3,MAYO,5,NO,"NO RESPETAR LAS SENIALES REGLAMENTARIAS DE TRANSITO. (PARE, CEDA EL PASO, LUZ ROJA DEL SEMAFORO, ETC).",VOLCAMIENTOS,MOTOCICLETA,0,0,0,0,0,0,0,0,1,0,0,0,0,1,30,MUJER,LESIONADO,CONDUCTOR PRESENTE,NO,NO,0
12195,37794,37795,2018,1,0,-0.089881,-78.517157,PICHINCHA,QUITO,QUITO,URBANA,2018-05-09,10:40:00,10,MIERCOLES,3,MAYO,5,NO,"CONDUCIR DESATENTO A LAS CONDICIONES DE TRANSITO (CELULAR, PANTALLAS DE VIDEO, COMIDA, MAQUILLAJE O CUALQUIER OTRO ELEMENTO DISTRACTOR).",ESTRELLAMIENTOS,CAMIONETA,0,0,0,0,1,0,0,0,1,0,0,0,0,2,19,HOMBRE,LESIONADO,PASAJERO,NO,NO,0
12196,37799,37800,2018,0,0,-0.111705,-78.507641,PICHINCHA,QUITO,QUITO,URBANA,2018-05-09,13:40:00,13,MIERCOLES,3,MAYO,5,NO,"CONDUCIR DESATENTO A LAS CONDICIONES DE TRANSITO (CELULAR, PANTALLAS DE VIDEO, COMIDA, MAQUILLAJE O CUALQUIER OTRO ELEMENTO DISTRACTOR).",CHOQUE LATERAL,AUTOMOVIL,1,0,0,1,0,0,0,0,0,0,0,0,0,2,42,HOMBRE,ILESO,CONDUCTOR PRESENTE,NO,NO,0
12197,37801,37802,2018,0,0,-0.111836,-78.509091,PICHINCHA,QUITO,QUITO,URBANA,2018-05-09,14:15:00,14,MIERCOLES,3,MAYO,5,NO,NO CEDER EL DERECHO DE VIA O PREFERENCIA DE PASO A VEHICULOS.,ROZAMIENTOS,CAMIONETA,1,0,0,0,1,0,0,0,0,0,0,0,0,2,58,HOMBRE,ILESO,CONDUCTOR PRESENTE,NO,NO,0
12198,37802,37803,2018,2,0,-0.205827,-78.503121,PICHINCHA,QUITO,QUITO,URBANA,2018-05-09,14:50:00,14,MIERCOLES,3,MAYO,5,NO,"NO RESPETAR LAS SENIALES REGLAMENTARIAS DE TRANSITO. (PARE, CEDA EL PASO, LUZ ROJA DEL SEMAFORO, ETC).",CHOQUE LATERAL,AUTOMOVIL,2,0,0,0,0,0,0,0,0,0,0,0,0,2,29,MUJER,LESIONADO,CONDUCTOR PRESENTE,NO,NO,0
12199,37803,37804,2018,1,0,-0.177431,-78.477857,PICHINCHA,QUITO,QUITO,URBANA,2018-05-09,15:05:00,15,MIERCOLES,3,MAYO,5,NO,NO CEDER EL DERECHO DE VIA O PREFERENCIA DE PASO AL PEATON.,ATROPELLOS,NO IDENTIFICADO,0,0,0,0,0,0,0,0,0,1,0,0,0,1,19,MUJER,LESIONADO,PEATON,NO,NO,0
12200,37805,37806,2018,0,0,-0.155337,-78.465792,PICHINCHA,QUITO,QUITO,URBANA,2018-05-09,15:35:00,15,MIERCOLES,3,MAYO,5,NO,NO GUARDAR LA DISTANCIA LATERAL MINIMA DE SEGURIDAD ENTRE VEHICULOS.,CHOQUE LATERAL,AUTOMOVIL,1,0,0,0,0,0,0,0,0,0,0,0,1,2,50,HOMBRE,ILESO,CONDUCTOR PRESENTE,NO,NO,0
12201,37806,37807,2018,0,0,-0.207522,-78.484656,PICHINCHA,QUITO,QUITO,URBANA,2018-05-09,16:00:00,16,MIERCOLES,3,MAYO,5,NO,NO CEDER EL DERECHO DE VIA O PREFERENCIA DE PASO AL PEATON.,ATROPELLOS,NO IDENTIFICADO,0,0,0,0,0,0,0,0,0,1,0,0,0,1,70,HOMBRE,ILESO,PEATON,NO,NO,0
12202,37808,37809,2018,1,0,-0.173461,-78.476865,PICHINCHA,QUITO,QUITO,URBANA,2018-05-09,16:20:00,16,MIERCOLES,3,MAYO,5,NO,NO TRANSITAR POR LAS ACERAS O ZONAS DE SEGURIDAD DESTINADAS PARA EL EFECTO.,ATROPELLOS,BUS,0,0,1,0,0,0,0,0,0,0,0,0,0,1,25,HOMBRE,LESIONADO,PEATON,NO,NO,0
12203,37813,37814,2018,0,0,-0.004437,-78.443321,PICHINCHA,QUITO,SAN ANTONIO (QUITO),RURAL,2018-05-09,17:35:00,17,MIERCOLES,3,MAYO,5,NO,"CONDUCIR DESATENTO A LAS CONDICIONES DE TRANSITO (CELULAR, PANTALLAS DE VIDEO, COMIDA, MAQUILLAJE O CUALQUIER OTRO ELEMENTO DISTRACTOR).",CHOQUE FRONTAL,AUTOMOVIL,1,0,0,0,1,0,0,0,0,0,0,0,0,2,64,HOMBRE,ILESO,CONDUCTOR PRESENTE,NO,NO,3
12204,37816,37817,2018,1,0,-0.227984,-78.506355,PICHINCHA,QUITO,QUITO,URBANA,2018-05-09,18:40:00,18,MIERCOLES,3,MAYO,5,NO,NO CEDER EL DERECHO DE VIA O PREFERENCIA DE PASO A VEHICULOS.,CHOQUE LATERAL,MOTOCICLETA,0,0,0,0,0,0,0,0,1,1,0,0,0,2,20,MUJER,LESIONADO,CONDUCTOR PRESENTE,NO,NO,0
12205,37818,37819,2018,2,0,-0.101884,-78.491351,PICHINCHA,QUITO,QUITO,URBANA,2018-05-09,18:55:00,18,MIERCOLES,3,MAYO,5,NO,"CONDUCE BAJO LA INFLUENCIA DE ALCOHOL, SUSTANCIAS ESTUPEFACIENTES O PSICOTROPICAS Y/O MEDICAMENTOS.",ESTRELLAMIENTOS,AUTOMOVIL,1,0,0,0,0,0,0,0,0,0,0,0,0,1,28,HOMBRE,LESIONADO,CONDUCTOR PRESENTE,NO,NO,0
12206,37826,37827,2018,0,0,-0.242388,-78.512743,PICHINCHA,QUITO,QUITO,URBANA,2018-05-09,20:40:00,20,MIERCOLES,3,MAYO,5,NO,NO GUARDAR LA DISTANCIA LATERAL MINIMA DE SEGURIDAD ENTRE VEHICULOS.,ESTRELLAMIENTOS,AUTOMOVIL,3,0,0,0,0,0,0,0,0,0,0,0,0,3,22,HOMBRE,ILESO,CONDUCTOR PRESENTE,NO,NO,0
12207,37838,37839,2018,1,0,-0.221176,-78.520687,PICHINCHA,QUITO,QUITO,URBANA,2018-05-10,03:00:00,3,JUEVES,4,MAYO,5,NO,"CONDUCIR EN ESTADO DE SOMNOLENCIA O MALAS CONDICIONES FISICAS (SUENIO, CANSANCIO Y FATIGA).",ESTRELLAMIENTOS,AUTOMOVIL,1,0,0,0,0,0,0,0,0,0,0,0,0,1,36,HOMBRE,LESIONADO,CONDUCTOR PRESENTE,NO,NO,0
12208,37842,37843,2018,0,0,-0.197194,-78.489666,PICHINCHA,QUITO,QUITO,URBANA,2018-05-10,05:00:00,5,JUEVES,4,MAYO,5,NO,CONDUCIR VEHICULO SUPERANDO LOS LIMITES MAXIMOS DE VELOCIDAD.,ESTRELLAMIENTOS,AUTOMOVIL,1,0,0,0,0,0,0,0,0,0,0,0,0,1,38,MUJER,ILESO,PASAJERO,NO,NO,0
12209,37843,37844,2018,1,0,-0.243671,-78.485361,PICHINCHA,QUITO,QUITO,URBANA,2018-05-10,06:20:00,6,JUEVES,4,MAYO,5,NO,NO GUARDAR LA DISTANCIA LATERAL MINIMA DE SEGURIDAD ENTRE VEHICULOS.,CHOQUE LATERAL,CAMIONETA,1,0,0,0,1,0,0,0,0,0,0,0,0,2,56,MUJER,LESIONADO,PASAJERO,NO,NO,0
12210,37845,37846,2018,0,0,-0.328831,-78.560625,PICHINCHA,QUITO,QUITO,URBANA,2018-05-10,06:40:00,6,JUEVES,4,MAYO,5,NO,NO GUARDAR LA DISTANCIA LATERAL MINIMA DE SEGURIDAD ENTRE VEHICULOS.,ROZAMIENTOS,AUTOMOVIL,2,0,0,0,0,0,0,0,0,0,0,0,0,2,50,HOMBRE,ILESO,CONDUCTOR PRESENTE,NO,NO,0
12211,37852,37853,2018,1,0,-0.212373,-78.496931,PICHINCHA,QUITO,QUITO,URBANA,2018-05-10,08:10:00,8,JUEVES,4,MAYO,5,NO,PEATON QUE CRUZA LA CALZADA SIN RESPETAR LA SENIALIZACION EXISTENTE (SEMAFOROS O SENIALES MANUALES).,ATROPELLOS,BUS,0,0,1,0,0,0,0,0,0,0,0,0,0,1,80,HOMBRE,LESIONADO,PEATON,NO,NO,0
12212,37853,37854,2018,1,0,-0.208844,-78.335604,PICHINCHA,QUITO,YARUQUI,URBANA,2018-05-10,08:15:00,8,JUEVES,4,MAYO,5,NO,"CONDUCIR DESATENTO A LAS CONDICIONES DE TRANSITO (CELULAR, PANTALLAS DE VIDEO, COMIDA, MAQUILLAJE O CUALQUIER OTRO ELEMENTO DISTRACTOR).",CHOQUE LATERAL,BICICLETA,0,1,0,0,0,0,0,0,0,0,0,0,0,1,46,HOMBRE,LESIONADO,CONDUCTOR PRESENTE,NO,NO,0
12213,37855,37856,2018,0,0,-0.264148,-78.489791,PICHINCHA,QUITO,CONOCOTO,URBANA,2018-05-10,09:40:00,9,JUEVES,4,MAYO,5,NO,NO GUARDAR LA DISTANCIA LATERAL MINIMA DE SEGURIDAD ENTRE VEHICULOS.,ROZAMIENTOS,AUTOMOVIL,1,0,0,0,0,0,0,0,0,0,0,0,0,1,50,HOMBRE,ILESO,CONDUCTOR PRESENTE,NO,NO,0
12214,37857,37858,2018,1,0,-0.212776,-78.509803,PICHINCHA,QUITO,QUITO,URBANA,2018-05-10,10:15:00,10,JUEVES,4,MAYO,5,NO,PEATON QUE CRUZA LA CALZADA SIN RESPETAR LA SENIALIZACION EXISTENTE (SEMAFOROS O SENIALES MANUALES).,ATROPELLOS,NO IDENTIFICADO,0,0,0,0,0,0,0,0,0,1,0,0,0,1,87,MUJER,LESIONADO,PEATON,NO,NO,0
12215,37860,37861,2018,1,0,-0.188919,-78.482614,PICHINCHA,QUITO,QUITO,URBANA,2018-05-10,10:38:00,10,JUEVES,4,MAYO,5,NO,PEATON QUE CRUZA LA CALZADA SIN RESPETAR LA SENIALIZACION EXISTENTE (SEMAFOROS O SENIALES MANUALES).,ATROPELLOS,NO IDENTIFICADO,0,0,0,0,0,0,0,0,0,1,0,0,0,1,73,HOMBRE,LESIONADO,PEATON,NO,NO,0
12216,37864,37865,2018,1,0,-0.128531,-78.487493,PICHINCHA,QUITO,QUITO,URBANA,2018-05-10,12:15:00,12,JUEVES,4,MAYO,5,NO,"CONDUCE BAJO LA INFLUENCIA DE ALCOHOL, SUSTANCIAS ESTUPEFACIENTES O PSICOTROPICAS Y/O MEDICAMENTOS.",CHOQUE POSTERIOR,AUTOMOVIL,1,0,0,0,1,0,0,0,0,0,0,0,0,2,32,HOMBRE,LESIONADO,CONDUCTOR PRESENTE,NO,NO,0
12217,37870,37871,2018,1,0,-0.188003,-78.491954,PICHINCHA,QUITO,QUITO,URBANA,2018-05-10,13:50:00,13,JUEVES,4,MAYO,5,NO,PEATON QUE CRUZA LA CALZADA SIN RESPETAR LA SENIALIZACION EXISTENTE (SEMAFOROS O SENIALES MANUALES).,ATROPELLOS,BUS,0,0,1,0,0,0,0,0,0,0,0,0,0,1,18,HOMBRE,LESIONADO,CONDUCTOR PRESENTE,NO,NO,0
12218,37875,37876,2018,1,0,-0.297795,-78.547063,PICHINCHA,QUITO,QUITO,URBANA,2018-05-10,16:00:00,16,JUEVES,4,MAYO,5,NO,"CASO FORTUITO O FUERZA MAYOR (EXPLOSION DE NEUMATICO NUEVO, DERRUMBE, INUNDACION, CAIDA DE PUENTE, ARBOL, PRESENCIA INTEMPESTIVA E IMPREVISTA DE SEMOVIENTES EN LA VIA, ETC.).",CHOQUE LATERAL,AUTOMOVIL,2,0,0,0,0,0,0,0,0,0,0,0,0,2,27,HOMBRE,LESIONADO,CONDUCTOR PRESENTE,NO,NO,0
12219,37876,37877,2018,1,0,-0.099083,-78.421844,PICHINCHA,QUITO,CALDERON (CARAPUNGO),URBANA,2018-05-10,16:50:00,16,JUEVES,4,MAYO,5,NO,NO TRANSITAR POR LAS ACERAS O ZONAS DE SEGURIDAD DESTINADAS PARA EL EFECTO.,ATROPELLOS,AUTOMOVIL,1,0,0,0,0,0,0,0,0,0,0,0,0,1,27,HOMBRE,LESIONADO,PEATON,NO,NO,0
12220,37879,37880,2018,0,0,-0.282595,-78.470666,PICHINCHA,QUITO,CONOCOTO,URBANA,2018-05-10,17:16:00,17,JUEVES,4,MAYO,5,NO,"CONDUCIR DESATENTO A LAS CONDICIONES DE TRANSITO (CELULAR, PANTALLAS DE VIDEO, COMIDA, MAQUILLAJE O CUALQUIER OTRO ELEMENTO DISTRACTOR).",ESTRELLAMIENTOS,AUTOMOVIL,1,0,0,0,0,0,0,0,0,0,0,0,0,1,77,HOMBRE,ILESO,CONDUCTOR PRESENTE,NO,NO,0
12221,37881,37882,2018,0,0,-0.106148,-78.484983,PICHINCHA,QUITO,QUITO,URBANA,2018-05-10,18:55:00,18,JUEVES,4,MAYO,5,NO,"CONDUCIR DESATENTO A LAS CONDICIONES DE TRANSITO (CELULAR, PANTALLAS DE VIDEO, COMIDA, MAQUILLAJE O CUALQUIER OTRO ELEMENTO DISTRACTOR).",OTROS,AUTOMOVIL,1,0,1,0,0,0,0,0,0,0,0,0,0,2,57,HOMBRE,ILESO,CONDUCTOR PRESENTE,NO,NO,0
12222,37885,37886,2018,0,0,-0.163294,-78.462564,PICHINCHA,QUITO,QUITO,URBANA,2018-05-10,19:50:00,19,JUEVES,4,MAYO,5,NO,REALIZAR CAMBIO BRUSCO O INDEBIDO DE CARRIL.,ROZAMIENTOS,AUTOMOVIL,1,0,1,0,0,0,0,0,0,0,0,0,0,2,67,MUJER,ILESO,CONDUCTOR PRESENTE,NO,NO,0
12223,37886,37887,2018,0,1,-0.338277,-78.549676,PICHINCHA,QUITO,QUITO,URBANA,2018-05-10,20:10:00,20,JUEVES,4,MAYO,5,NO,PEATON QUE CRUZA LA CALZADA SIN RESPETAR LA SENIALIZACION EXISTENTE (SEMAFOROS O SENIALES MANUALES).,ATROPELLOS,NO IDENTIFICADO,0,0,0,0,0,0,0,0,0,1,0,0,0,1,58,HOMBRE,FALLECIDO,PEATON,NO,NO,0
12224,37897,37898,2018,3,0,-0.166275,-78.486863,PICHINCHA,QUITO,QUITO,URBANA,2018-05-11,03:15:00,3,VIERNES,5,MAYO,5,NO,"CASO FORTUITO O FUERZA MAYOR (EXPLOSION DE NEUMATICO NUEVO, DERRUMBE, INUNDACION, CAIDA DE PUENTE, ARBOL, PRESENCIA INTEMPESTIVA E IMPREVISTA DE SEMOVIENTES EN LA VIA, ETC.).",CHOQUE LATERAL,CAMIONETA,0,0,0,1,1,0,0,0,0,0,0,0,0,2,20,HOMBRE,LESIONADO,CONDUCTOR PRESENTE,NO,NO,0
12225,37898,37899,2018,0,0,-0.268534,-78.551576,PICHINCHA,QUITO,QUITO,URBANA,2018-05-11,03:30:00,3,VIERNES,5,MAYO,5,NO,MALAS CONDICIONES DE LA VIA Y/O CONFIGURACION. (ILUMINACION Y DISENIO).,VOLCAMIENTOS,AUTOMOVIL,1,0,0,0,0,0,0,0,0,0,0,0,0,1,34,HOMBRE,ILESO,CONDUCTOR PRESENTE,NO,NO,0