,Unnamed: 0,ID,ANIO,LESIONADOS,FALLECIDOS,LATITUD_Y,LONGITUD_X,PROVINCIA,CANTON,PARROQUIA,ZONA,FECHA,HORA,PERIODO_2,DIA_1,DIA_2,MES_1,MES_2,FERIADO,CAUSA_PROBABLE,TIPO_DE_SINIESTRO,TIPO_DE_VEHICULO_1,AUTOMOVIL,BICICLETA,BUS,CAMION,CAMIONETA,EMERGENCIAS,ESPECIAL,FURGONETA,MOTOCICLETA,NO_IDENTIFICADO,SCOOTER_ELECTRICO,TRICIMOTO,VEHICULO_DEPORTIVO_UTILITARIO,SUMA_DE_VEHICULOS,EDAD_1,SEXO_1,CONDICION_1,PARTICIPANTE_1,CASCO_1,CINTURON_1,KMeans_Cluster
12339,38307,38308,2018,0,0,-0.231386,-78.491361,PICHINCHA,QUITO,QUITO,URBANA,2018-05-16,09:30:00,9,MIERCOLES,3,MAYO,5,NO,NO MANTENER LA DISTANCIA PRUDENCIAL CON RESPECTO AL VEHICULO QUE LE ANTECEDE.,COLISION,CAMIONETA,0,0,0,0,2,0,0,0,0,1,0,0,0,3,39,HOMBRE,ILESO,CONDUCTOR PRESENTE,NO,NO,0
12340,38308,38309,2018,0,0,-0.336412,-78.544583,PICHINCHA,QUITO,QUITO,URBANA,2018-05-16,09:30:00,9,MIERCOLES,3,MAYO,5,NO,"NO RESPETAR LAS SENIALES REGLAMENTARIAS DE TRANSITO. (PARE, CEDA EL PASO, LUZ ROJA DEL SEMAFORO, ETC).",CHOQUE LATERAL,AUTOMOVIL,1,0,0,0,1,0,0,0,0,0,0,0,0,2,32,HOMBRE,ILESO,CONDUCTOR PRESENTE,NO,NO,0
12341,38309,38310,2018,1,0,-0.230265,-78.526055,PICHINCHA,QUITO,QUITO,URBANA,2018-05-16,09:35:00,9,MIERCOLES,3,MAYO,5,NO,NO GUARDAR LA DISTANCIA LATERAL MINIMA DE SEGURIDAD ENTRE VEHICULOS.,CHOQUE LATERAL,AUTOMOVIL,1,0,0,0,0,0,0,0,0,0,0,0,0,1,27,MUJER,LESIONADO,PASAJERO,NO,NO,0
12342,38310,38311,2018,0,0,-0.120381,-78.495499,PICHINCHA,QUITO,QUITO,URBANA,2018-05-16,09:40:00,9,MIERCOLES,3,MAYO,5,NO,CONDUCIR VEHICULO SUPERANDO LOS LIMITES MAXIMOS DE VELOCIDAD.,CHOQUE POSTERIOR,AUTOMOVIL,2,0,0,0,0,0,0,0,0,0,0,0,0,2,29,HOMBRE,ILESO,CONDUCTOR PRESENTE,NO,NO,0
12343,38314,38315,2018,0,0,-0.157708,-78.427664,PICHINCHA,QUITO,NAYON,URBANA,2018-05-16,10:30:00,10,MIERCOLES,3,MAYO,5,NO,NO RESPETAR LAS SENIALES MANUALES DEL AGENTE DE TRANSITO.,CHOQUE LATERAL,CAMIONETA,1,0,0,0,1,0,0,0,0,0,0,0,0,2,35,HOMBRE,ILESO,CONDUCTOR PRESENTE,NO,NO,0
12344,38315,38316,2018,5,1,-0.201703,-78.492532,PICHINCHA,QUITO,QUITO,URBANA,2018-05-16,10:37:00,10,MIERCOLES,3,MAYO,5,NO,CONDUCIR VEHICULO SUPERANDO LOS LIMITES MAXIMOS DE VELOCIDAD.,CHOQUE FRONTAL,AUTOMOVIL,2,0,0,0,0,0,0,1,0,0,0,0,0,3,37,HOMBRE,FALLECIDO,PASAJERO,NO,NO,0
12345,38316,38317,2018,0,0,0.008551,-78.215176,PICHINCHA,CAYAMBE,CANGAHUA,RURAL,2018-05-16,11:40:00,11,MIERCOLES,3,MAYO,5,NO,"CONDUCIR DESATENTO A LAS CONDICIONES DE TRANSITO (CELULAR, PANTALLAS DE VIDEO, COMIDA, MAQUILLAJE O CUALQUIER OTRO ELEMENTO DISTRACTOR).",PERDIDA DE PISTA,VEHICULO DEPORTIVO UTILITARIO,0,0,0,0,0,0,0,0,0,0,0,0,1,1,43,HOMBRE,ILESO,CONDUCTOR PRESENTE,NO,NO,3
12346,38319,38320,2018,0,0,-0.208679,-78.504259,PICHINCHA,QUITO,QUITO,URBANA,2018-05-16,12:30:00,12,MIERCOLES,3,MAYO,5,NO,NO CEDER EL DERECHO DE VIA O PREFERENCIA DE PASO A VEHICULOS.,CHOQUE LATERAL,AUTOMOVIL,2,0,0,0,0,0,0,0,0,0,0,0,0,2,32,HOMBRE,ILESO,CONDUCTOR PRESENTE,NO,NO,0
12347,38321,38322,2018,0,0,-0.210558,-78.386186,PICHINCHA,QUITO,TUMBACO,URBANA,2018-05-16,13:30:00,13,MIERCOLES,3,MAYO,5,NO,"NO RESPETAR LAS SENIALES REGLAMENTARIAS DE TRANSITO. (PARE, CEDA EL PASO, LUZ ROJA DEL SEMAFORO, ETC).",CHOQUE LATERAL,AUTOMOVIL,2,0,0,0,0,0,0,0,0,0,0,0,0,2,56,HOMBRE,ILESO,CONDUCTOR PRESENTE,NO,NO,0
12348,38323,38324,2018,1,0,-0.226088,-78.511266,PICHINCHA,QUITO,QUITO,URBANA,2018-05-16,13:45:00,13,MIERCOLES,3,MAYO,5,NO,NO TRANSITAR POR LAS ACERAS O ZONAS DE SEGURIDAD DESTINADAS PARA EL EFECTO.,ATROPELLOS,AUTOMOVIL,1,0,0,0,0,0,0,0,0,0,0,0,0,1,19,HOMBRE,LESIONADO,PEATON,NO,NO,0
12349,38329,38330,2018,2,0,-0.212824,-78.402686,PICHINCHA,QUITO,TUMBACO,URBANA,2018-05-16,16:25:00,16,MIERCOLES,3,MAYO,5,NO,REALIZAR CAMBIO BRUSCO O INDEBIDO DE CARRIL.,CAIDA DE PASAJERO,BUS,0,0,1,0,0,0,0,0,0,0,0,0,0,1,8,HOMBRE,LESIONADO,PASAJERO,NO,NO,0
12350,38331,38332,2018,1,0,-0.162831,-78.486035,PICHINCHA,QUITO,QUITO,URBANA,2018-05-16,16:50:00,16,MIERCOLES,3,MAYO,5,NO,BAJARSE O SUBIRSE DE VEHICULOS EN MOVIMIENTO SIN TOMAR LAS PRECAUCIONES DEBIDAS.,CAIDA DE PASAJERO,BUS,0,0,1,0,0,0,0,0,0,0,0,0,0,1,72,MUJER,LESIONADO,PASAJERO,NO,NO,0
12351,38340,38341,2018,0,0,-0.171276,-78.482242,PICHINCHA,QUITO,QUITO,URBANA,2018-05-16,19:40:00,19,MIERCOLES,3,MAYO,5,NO,NO MANTENER LA DISTANCIA PRUDENCIAL CON RESPECTO AL VEHICULO QUE LE ANTECEDE.,CHOQUE POSTERIOR,AUTOMOVIL,1,0,0,0,0,0,0,0,0,0,0,0,0,1,64,MUJER,ILESO,CONDUCTOR PRESENTE,NO,NO,0
12352,38346,38347,2018,0,0,-0.222563,-78.513543,PICHINCHA,QUITO,QUITO,URBANA,2018-05-16,22:05:00,22,MIERCOLES,3,MAYO,5,NO,NO CEDER EL DERECHO DE VIA O PREFERENCIA DE PASO A VEHICULOS.,CHOQUE LATERAL,AUTOMOVIL,2,0,0,0,0,0,0,0,0,0,0,0,0,2,33,HOMBRE,ILESO,CONDUCTOR PRESENTE,NO,NO,0
12353,38348,38349,2018,0,0,-0.233468,-78.516073,PICHINCHA,QUITO,QUITO,URBANA,2018-05-16,22:45:00,22,MIERCOLES,3,MAYO,5,NO,"CASO FORTUITO O FUERZA MAYOR (EXPLOSION DE NEUMATICO NUEVO, DERRUMBE, INUNDACION, CAIDA DE PUENTE, ARBOL, PRESENCIA INTEMPESTIVA E IMPREVISTA DE SEMOVIENTES EN LA VIA, ETC.).",VOLCAMIENTOS,MOTOCICLETA,0,0,0,0,0,0,0,0,1,0,0,0,0,1,32,HOMBRE,ILESO,PASAJERO,NO,NO,0
12354,38358,38359,2018,1,0,-0.114966,-78.497454,PICHINCHA,QUITO,QUITO,RURAL,2018-05-17,06:30:00,6,JUEVES,4,MAYO,5,NO,NO CEDER EL DERECHO DE VIA O PREFERENCIA DE PASO A VEHICULOS.,ROZAMIENTOS,MOTOCICLETA,0,0,0,0,0,0,0,0,1,1,0,0,0,2,48,HOMBRE,LESIONADO,CONDUCTOR PRESENTE,NO,NO,3
12355,38359,38360,2018,1,0,-0.206039,-78.512993,PICHINCHA,QUITO,QUITO,RURAL,2018-05-17,06:40:00,6,JUEVES,4,MAYO,5,NO,"CONDUCIR DESATENTO A LAS CONDICIONES DE TRANSITO (CELULAR, PANTALLAS DE VIDEO, COMIDA, MAQUILLAJE O CUALQUIER OTRO ELEMENTO DISTRACTOR).",CAIDA DE PASAJERO,BUS,0,0,1,0,0,0,0,0,0,0,0,0,0,1,20,MUJER,LESIONADO,PASAJERO,NO,NO,3
12356,38360,38361,2018,1,0,-0.066741,-78.433208,PICHINCHA,QUITO,CALDERON (CARAPUNGO),URBANA,2018-05-17,06:40:00,6,JUEVES,4,MAYO,5,NO,PEATON QUE CRUZA LA CALZADA SIN RESPETAR LA SENIALIZACION EXISTENTE (SEMAFOROS O SENIALES MANUALES).,ATROPELLOS,MOTOCICLETA,0,0,0,0,0,0,0,0,1,0,0,0,0,1,12,HOMBRE,LESIONADO,PEATON,NO,NO,0
12357,38362,38363,2018,1,0,-0.094321,-78.437227,PICHINCHA,QUITO,CALDERON (CARAPUNGO),URBANA,2018-05-17,07:00:00,7,JUEVES,4,MAYO,5,NO,DISPOSITIVO REGULADOR DE TRANSITO EN MAL ESTADO DE FUNCIONAMIENTO (SEMAFORO).,CHOQUE POSTERIOR,AUTOMOVIL,1,0,0,0,0,0,0,0,1,0,0,0,0,2,31,MUJER,LESIONADO,CONDUCTOR PRESENTE,NO,NO,0
12358,38366,38367,2018,1,0,-0.172253,-78.492393,PICHINCHA,QUITO,QUITO,URBANA,2018-05-17,10:06:00,10,JUEVES,4,MAYO,5,NO,NO CEDER EL DERECHO DE VIA O PREFERENCIA DE PASO A VEHICULOS.,ATROPELLOS,NO IDENTIFICADO,0,0,0,0,0,0,0,0,0,1,0,0,0,1,76,HOMBRE,LESIONADO,PEATON,NO,NO,0
12359,38367,38368,2018,1,0,-0.197218,-78.483665,PICHINCHA,QUITO,QUITO,URBANA,2018-05-17,10:40:00,10,JUEVES,4,MAYO,5,NO,NO GUARDAR LA DISTANCIA LATERAL MINIMA DE SEGURIDAD ENTRE VEHICULOS.,ROZAMIENTOS,AUTOMOVIL,1,0,0,0,0,0,0,0,1,0,0,0,0,2,25,MUJER,LESIONADO,CONDUCTOR PRESENTE,NO,NO,0
12360,38368,38369,2018,0,0,-0.114966,-78.497454,PICHINCHA,QUITO,QUITO,URBANA,2018-05-17,11:30:00,11,JUEVES,4,MAYO,5,NO,REALIZAR CAMBIO BRUSCO O INDEBIDO DE CARRIL.,ROZAMIENTOS,AUTOMOVIL,1,0,1,0,0,0,0,0,0,0,0,0,0,2,25,MUJER,ILESO,CONDUCTOR PRESENTE,NO,NO,0
12361,38372,38373,2018,0,0,-0.196342,-78.484597,PICHINCHA,QUITO,QUITO,URBANA,2018-05-17,13:20:00,13,JUEVES,4,MAYO,5,NO,PEATON QUE CRUZA LA CALZADA SIN RESPETAR LA SENIALIZACION EXISTENTE (SEMAFOROS O SENIALES MANUALES).,ATROPELLOS,MOTOCICLETA,0,0,0,0,0,0,0,0,1,0,0,0,0,1,27,HOMBRE,ILESO,CONDUCTOR PRESENTE,NO,NO,0
12362,38379,38380,2018,0,0,-0.125876,-78.444289,PICHINCHA,QUITO,LLANO CHICO,URBANA,2018-05-17,17:10:00,17,JUEVES,4,MAYO,5,NO,"NO RESPETAR LAS SENIALES REGLAMENTARIAS DE TRANSITO. (PARE, CEDA EL PASO, LUZ ROJA DEL SEMAFORO, ETC).",ESTRELLAMIENTOS,CAMION,0,0,0,1,0,0,0,0,0,0,0,0,0,1,34,HOMBRE,ILESO,CONDUCTOR PRESENTE,NO,NO,0
12363,38380,38381,2018,0,0,-0.236864,-78.526353,PICHINCHA,QUITO,QUITO,URBANA,2018-05-17,17:44:00,17,JUEVES,4,MAYO,5,NO,"CONDUCE BAJO LA INFLUENCIA DE ALCOHOL, SUSTANCIAS ESTUPEFACIENTES O PSICOTROPICAS Y/O MEDICAMENTOS.",OTROS,CAMIONETA,1,0,0,0,1,0,0,0,0,0,0,0,0,2,24,MUJER,ILESO,CONDUCTOR PRESENTE,NO,NO,0
12364,38385,38386,2018,1,0,-0.465978,-78.582946,PICHINCHA,MEJIA,ALOAG,RURAL,2018-05-17,19:15:00,19,JUEVES,4,MAYO,5,NO,NO GUARDAR LA DISTANCIA LATERAL MINIMA DE SEGURIDAD ENTRE VEHICULOS.,CHOQUE LATERAL,AUTOMOVIL,1,0,0,0,0,0,0,0,0,0,0,0,0,1,15,HOMBRE,LESIONADO,CONDUCTOR PRESENTE,NO,NO,3
12365,38387,38388,2018,0,0,-0.249488,-78.517301,PICHINCHA,QUITO,QUITO,URBANA,2018-05-17,19:30:00,19,JUEVES,4,MAYO,5,NO,NO GUARDAR LA DISTANCIA LATERAL MINIMA DE SEGURIDAD ENTRE VEHICULOS.,ROZAMIENTOS,AUTOMOVIL,1,0,0,0,0,0,0,0,0,1,0,0,0,2,-1,NO IDENTIFICADO,NO IDENTIFICADO,CONDUCTOR AUSENTE,NO,NO,2
12366,38389,38390,2018,0,0,-0.139282,-78.495355,PICHINCHA,QUITO,QUITO,URBANA,2018-05-17,19:35:00,19,JUEVES,4,MAYO,5,NO,NO GUARDAR LA DISTANCIA LATERAL MINIMA DE SEGURIDAD ENTRE VEHICULOS.,CHOQUE LATERAL,AUTOMOVIL,2,0,0,0,0,0,0,0,0,0,0,0,0,2,44,HOMBRE,ILESO,CONDUCTOR PRESENTE,NO,NO,0
12367,38395,38396,2018,2,0,-0.208194,-78.496274,PICHINCHA,QUITO,QUITO,URBANA,2018-05-17,20:55:00,20,JUEVES,4,MAYO,5,NO,"CONDUCE BAJO LA INFLUENCIA DE ALCOHOL, SUSTANCIAS ESTUPEFACIENTES O PSICOTROPICAS Y/O MEDICAMENTOS.",CHOQUE LATERAL,MOTOCICLETA,1,0,0,0,0,0,0,0,1,0,0,0,0,2,29,HOMBRE,LESIONADO,CONDUCTOR PRESENTE,NO,NO,0
12368,38396,38397,2018,1,0,-0.244634,-78.510901,PICHINCHA,QUITO,QUITO,URBANA,2018-05-17,21:55:00,21,JUEVES,4,MAYO,5,NO,"NO RESPETAR LAS SENIALES REGLAMENTARIAS DE TRANSITO. (PARE, CEDA EL PASO, LUZ ROJA DEL SEMAFORO, ETC).",PERDIDA DE CARRIL,MOTOCICLETA,0,0,0,0,0,0,0,0,1,0,0,0,0,1,43,MUJER,LESIONADO,PASAJERO,NO,NO,0
12369,38397,38398,2018,0,0,-0.172742,-78.471178,PICHINCHA,QUITO,QUITO,URBANA,2018-05-17,22:25:00,22,JUEVES,4,MAYO,5,NO,"NO RESPETAR LAS SENIALES REGLAMENTARIAS DE TRANSITO. (PARE, CEDA EL PASO, LUZ ROJA DEL SEMAFORO, ETC).",CHOQUE LATERAL,AUTOMOVIL,1,0,0,0,0,0,0,0,0,1,0,0,0,2,44,MUJER,ILESO,CONDUCTOR PRESENTE,NO,NO,0
12370,38400,38401,2018,0,0,-0.133789,-78.470731,PICHINCHA,QUITO,QUITO,URBANA,2018-05-18,00:20:00,0,VIERNES,5,MAYO,5,NO,"CONDUCE BAJO LA INFLUENCIA DE ALCOHOL, SUSTANCIAS ESTUPEFACIENTES O PSICOTROPICAS Y/O MEDICAMENTOS.",CHOQUE POSTERIOR,AUTOMOVIL,2,0,0,0,0,0,0,0,0,0,0,0,0,2,28,HOMBRE,ILESO,CONDUCTOR PRESENTE,NO,NO,0
12371,38402,38403,2018,1,0,-0.192437,-78.454828,PICHINCHA,QUITO,QUITO,URBANA,2018-05-18,01:12:00,1,VIERNES,5,MAYO,5,NO,"CONDUCIR DESATENTO A LAS CONDICIONES DE TRANSITO (CELULAR, PANTALLAS DE VIDEO, COMIDA, MAQUILLAJE O CUALQUIER OTRO ELEMENTO DISTRACTOR).",ESTRELLAMIENTOS,AUTOMOVIL,1,0,0,0,0,0,0,0,0,0,0,0,0,1,35,HOMBRE,LESIONADO,PASAJERO,NO,NO,0
12372,38405,38406,2018,1,0,-0.221599,-78.522041,PICHINCHA,QUITO,QUITO,URBANA,2018-05-18,03:00:00,3,VIERNES,5,MAYO,5,NO,NO CEDER EL DERECHO DE VIA O PREFERENCIA DE PASO AL PEATON.,ATROPELLOS,AUTOMOVIL,1,0,0,0,0,0,0,0,0,0,0,0,0,1,48,HOMBRE,LESIONADO,PEATON,NO,NO,0
12373,38407,38408,2018,0,0,-0.222221,-78.518703,PICHINCHA,QUITO,QUITO,URBANA,2018-05-18,03:30:00,3,VIERNES,5,MAYO,5,NO,CONDUCIR VEHICULO SUPERANDO LOS LIMITES MAXIMOS DE VELOCIDAD.,CHOQUE LATERAL,CAMIONETA,1,0,0,0,1,0,0,0,0,0,0,0,0,2,37,HOMBRE,ILESO,CONDUCTOR PRESENTE,NO,NO,0
12374,38410,38411,2018,0,0,-0.182174,-78.490011,PICHINCHA,QUITO,QUITO,URBANA,2018-05-18,05:25:00,5,VIERNES,5,MAYO,5,NO,CONDUCIR VEHICULO SUPERANDO LOS LIMITES MAXIMOS DE VELOCIDAD.,PERDIDA DE CARRIL,AUTOMOVIL,1,0,0,0,0,0,0,0,0,0,0,0,0,1,-1,NO IDENTIFICADO,NO IDENTIFICADO,CONDUCTOR AUSENTE,NO,NO,2
12375,38413,38414,2018,0,0,-0.007004,-78.442974,PICHINCHA,QUITO,SAN ANTONIO (QUITO),RURAL,2018-05-18,05:59:00,5,VIERNES,5,MAYO,5,NO,NO TRANSITAR POR LAS ACERAS O ZONAS DE SEGURIDAD DESTINADAS PARA EL EFECTO.,ATROPELLOS,NO IDENTIFICADO,0,0,0,0,0,0,0,0,0,1,0,0,0,1,19,MUJER,ILESO,PEATON,NO,NO,3
12376,38419,38420,2018,0,0,-0.292724,-78.476486,PICHINCHA,QUITO,CONOCOTO,URBANA,2018-05-18,09:55:00,9,VIERNES,5,MAYO,5,NO,"NO RESPETAR LAS SENIALES REGLAMENTARIAS DE TRANSITO. (PARE, CEDA EL PASO, LUZ ROJA DEL SEMAFORO, ETC).",CHOQUE LATERAL,AUTOMOVIL,1,0,0,0,0,0,0,0,1,0,0,0,0,2,24,HOMBRE,ILESO,CONDUCTOR PRESENTE,NO,NO,0
12377,38424,38425,2018,1,0,-0.293144,-78.478365,PICHINCHA,QUITO,CONOCOTO,URBANA,2018-05-18,11:40:00,11,VIERNES,5,MAYO,5,NO,DEJAR O RECOGER PASAJEROS EN LUGARES NO PERMITIDOS.,OTROS,BUS,0,0,1,0,0,0,0,0,0,0,0,0,0,1,64,MUJER,LESIONADO,PASAJERO,NO,NO,0
12378,38425,38426,2018,0,0,-0.091273,-78.473221,PICHINCHA,QUITO,QUITO,URBANA,2018-05-18,12:00:00,12,VIERNES,5,MAYO,5,NO,"CASO FORTUITO O FUERZA MAYOR (EXPLOSION DE NEUMATICO NUEVO, DERRUMBE, INUNDACION, CAIDA DE PUENTE, ARBOL, PRESENCIA INTEMPESTIVA E IMPREVISTA DE SEMOVIENTES EN LA VIA, ETC.).",PERDIDA DE CARRIL,MOTOCICLETA,0,0,0,0,0,0,0,0,1,0,0,0,0,1,28,HOMBRE,ILESO,CONDUCTOR PRESENTE,NO,NO,0
12379,38426,38427,2018,1,0,-0.267885,-78.527319,PICHINCHA,QUITO,QUITO,URBANA,2018-05-18,12:10:00,12,VIERNES,5,MAYO,5,NO,CONDUCIR VEHICULO SUPERANDO LOS LIMITES MAXIMOS DE VELOCIDAD.,ATROPELLOS,NO IDENTIFICADO,0,0,0,0,0,0,0,0,0,1,0,0,0,1,14,MUJER,LESIONADO,PEATON,NO,NO,0
12380,38427,38428,2018,0,0,-0.190004,-78.496775,PICHINCHA,QUITO,QUITO,URBANA,2018-05-18,12:30:00,12,VIERNES,5,MAYO,5,NO,"NO RESPETAR LAS SENIALES REGLAMENTARIAS DE TRANSITO. (PARE, CEDA EL PASO, LUZ ROJA DEL SEMAFORO, ETC).",CHOQUE LATERAL,AUTOMOVIL,2,0,0,0,0,0,0,0,0,0,0,0,0,2,29,HOMBRE,ILESO,CONDUCTOR PRESENTE,NO,NO,0
12381,38428,38429,2018,0,0,-0.201951,-78.492972,PICHINCHA,QUITO,QUITO,URBANA,2018-05-18,12:50:00,12,VIERNES,5,MAYO,5,NO,"CONDUCE BAJO LA INFLUENCIA DE ALCOHOL, SUSTANCIAS ESTUPEFACIENTES O PSICOTROPICAS Y/O MEDICAMENTOS.",ESTRELLAMIENTOS,AUTOMOVIL,1,1,0,0,0,0,0,0,0,0,0,0,0,2,26,HOMBRE,ILESO,CONDUCTOR PRESENTE,NO,NO,0
12382,38434,38435,2018,0,0,-0.233557,-78.503189,PICHINCHA,QUITO,QUITO,URBANA,2018-05-18,14:25:00,14,VIERNES,5,MAYO,5,NO,NO MANTENER LA DISTANCIA PRUDENCIAL CON RESPECTO AL VEHICULO QUE LE ANTECEDE.,COLISION,CAMION,3,0,0,1,0,0,0,0,0,0,0,0,0,4,58,MUJER,ILESO,CONDUCTOR PRESENTE,NO,NO,0
12383,38435,38436,2018,0,0,-0.146441,-78.469404,PICHINCHA,QUITO,QUITO,URBANA,2018-05-18,14:36:00,14,VIERNES,5,MAYO,5,NO,"CONDICIONES AMBIENTALES Y/O ATMOSFERICAS (NIEBLA, NEBLINA, GRANIZO, LLUVIA).",OTROS,AUTOMOVIL,1,0,0,0,0,0,0,0,0,0,0,0,0,1,38,HOMBRE,ILESO,CONDUCTOR PRESENTE,NO,NO,0
12384,38436,38437,2018,1,0,-0.212824,-78.402686,PICHINCHA,QUITO,TUMBACO,URBANA,2018-05-18,15:30:00,15,VIERNES,5,MAYO,5,NO,"CONDUCIR DESATENTO A LAS CONDICIONES DE TRANSITO (CELULAR, PANTALLAS DE VIDEO, COMIDA, MAQUILLAJE O CUALQUIER OTRO ELEMENTO DISTRACTOR).",PERDIDA DE CARRIL,MOTOCICLETA,0,0,0,0,0,0,0,0,1,0,0,0,0,1,27,HOMBRE,LESIONADO,CONDUCTOR PRESENTE,NO,NO,0
12385,38438,38439,2018,0,0,-0.164741,-78.485653,PICHINCHA,QUITO,QUITO,URBANA,2018-05-18,16:30:00,16,VIERNES,5,MAYO,5,NO,NO GUARDAR LA DISTANCIA LATERAL MINIMA DE SEGURIDAD ENTRE VEHICULOS.,ROZAMIENTOS,AUTOMOVIL,1,0,0,0,0,0,0,0,0,0,0,0,0,1,32,MUJER,ILESO,CONDUCTOR PRESENTE,NO,NO,0
12386,38439,38440,2018,2,0,-0.201103,-78.432687,PICHINCHA,QUITO,CUMBAYA,URBANA,2018-05-18,16:45:00,16,VIERNES,5,MAYO,5,NO,PEATON QUE CRUZA LA CALZADA SIN RESPETAR LA SENIALIZACION EXISTENTE (SEMAFOROS O SENIALES MANUALES).,ATROPELLOS,AUTOMOVIL,1,0,0,0,0,0,0,0,0,0,0,0,0,1,9,MUJER,LESIONADO,PEATON,NO,NO,0
12387,38440,38441,2018,1,0,-0.251112,-78.540559,PICHINCHA,QUITO,QUITO,URBANA,2018-05-18,17:10:00,17,VIERNES,5,MAYO,5,NO,PEATON QUE CRUZA LA CALZADA SIN RESPETAR LA SENIALIZACION EXISTENTE (SEMAFOROS O SENIALES MANUALES).,ATROPELLOS,NO IDENTIFICADO,0,0,0,0,0,0,0,0,0,1,0,0,0,1,23,HOMBRE,LESIONADO,PEATON,NO,NO,0
12388,38444,38445,2018,0,0,-0.184995,-78.507398,PICHINCHA,QUITO,QUITO,URBANA,2018-05-18,18:45:00,18,VIERNES,5,MAYO,5,NO,"CONDUCE BAJO LA INFLUENCIA DE ALCOHOL, SUSTANCIAS ESTUPEFACIENTES O PSICOTROPICAS Y/O MEDICAMENTOS.",CHOQUE LATERAL,AUTOMOVIL,2,0,0,0,1,0,0,0,0,0,0,0,0,3,38,MUJER,ILESO,CONDUCTOR PRESENTE,NO,NO,0
12389,38446,38447,2018,0,0,-0.242475,-78.497488,PICHINCHA,QUITO,QUITO,URBANA,2018-05-18,19:05:00,19,VIERNES,5,MAYO,5,NO,"CONDICIONES AMBIENTALES Y/O ATMOSFERICAS (NIEBLA, NEBLINA, GRANIZO, LLUVIA).",OTROS,AUTOMOVIL,2,0,0,0,0,0,0,0,0,0,0,0,0,2,31,MUJER,ILESO,CONDUCTOR PRESENTE,NO,NO,0
12390,38448,38449,2018,1,0,-0.203241,-78.500506,PICHINCHA,QUITO,QUITO,URBANA,2018-05-18,19:30:00,19,VIERNES,5,MAYO,5,NO,"CONDUCIR DESATENTO A LAS CONDICIONES DE TRANSITO (CELULAR, PANTALLAS DE VIDEO, COMIDA, MAQUILLAJE O CUALQUIER OTRO ELEMENTO DISTRACTOR).",ATROPELLOS,MOTOCICLETA,0,0,0,0,0,0,0,0,1,0,0,0,0,1,33,HOMBRE,LESIONADO,CONDUCTOR PRESENTE,NO,NO,0
12391,38453,38454,2018,0,0,-0.202375,-78.455611,PICHINCHA,QUITO,QUITO,URBANA,2018-05-18,20:00:00,20,VIERNES,5,MAYO,5,NO,CONDUCIR VEHICULO SUPERANDO LOS LIMITES MAXIMOS DE VELOCIDAD.,ESTRELLAMIENTOS,AUTOMOVIL,1,0,0,0,0,0,0,0,0,0,0,0,0,1,-1,NO IDENTIFICADO,NO IDENTIFICADO,CONDUCTOR AUSENTE,NO,NO,2
12392,38454,38455,2018,0,0,-0.265371,-78.530018,PICHINCHA,QUITO,QUITO,URBANA,2018-05-18,20:15:00,20,VIERNES,5,MAYO,5,NO,"CONDICIONES AMBIENTALES Y/O ATMOSFERICAS (NIEBLA, NEBLINA, GRANIZO, LLUVIA).",OTROS,AUTOMOVIL,1,0,0,0,0,0,0,0,0,1,0,0,0,2,48,HOMBRE,ILESO,CONDUCTOR PRESENTE,NO,NO,0
12393,38460,38461,2018,1,0,-0.072928,-78.439646,PICHINCHA,QUITO,CALDERON (CARAPUNGO),URBANA,2018-05-18,22:15:00,22,VIERNES,5,MAYO,5,NO,CONDUCIR EN SENTIDO CONTRARIO A LA VIA NORMAL DE CIRCULACION.,CHOQUE FRONTAL,MOTOCICLETA,0,0,0,0,0,0,0,0,1,0,0,0,0,1,20,HOMBRE,LESIONADO,CONDUCTOR PRESENTE,NO,NO,0
12394,38466,38467,2018,1,0,-0.318219,-78.549305,PICHINCHA,QUITO,QUITO,URBANA,2018-05-18,23:23:00,23,VIERNES,5,MAYO,5,NO,"NO RESPETAR LAS SENIALES REGLAMENTARIAS DE TRANSITO. (PARE, CEDA EL PASO, LUZ ROJA DEL SEMAFORO, ETC).",PERDIDA DE CARRIL,MOTOCICLETA,0,0,0,0,0,0,0,0,1,0,0,0,0,1,27,HOMBRE,LESIONADO,CONDUCTOR PRESENTE,NO,NO,0
12395,38469,38470,2018,1,0,-0.281259,-78.515715,PICHINCHA,QUITO,QUITO,URBANA,2018-05-18,23:40:00,23,VIERNES,5,MAYO,5,NO,"CONDUCIR DESATENTO A LAS CONDICIONES DE TRANSITO (CELULAR, PANTALLAS DE VIDEO, COMIDA, MAQUILLAJE O CUALQUIER OTRO ELEMENTO DISTRACTOR).",CAIDA DE PASAJERO,NO IDENTIFICADO,0,0,0,0,0,0,0,0,0,1,0,0,0,1,23,HOMBRE,LESIONADO,PASAJERO,NO,NO,0
12396,38470,38471,2018,0,0,-0.249745,-78.530782,PICHINCHA,QUITO,QUITO,URBANA,2018-05-19,00:00:00,0,SABADO,6,MAYO,5,NO,"CASO FORTUITO O FUERZA MAYOR (EXPLOSION DE NEUMATICO NUEVO, DERRUMBE, INUNDACION, CAIDA DE PUENTE, ARBOL, PRESENCIA INTEMPESTIVA E IMPREVISTA DE SEMOVIENTES EN LA VIA, ETC.).",OTROS,AUTOMOVIL,1,0,0,0,0,0,0,0,0,0,0,0,0,1,44,HOMBRE,ILESO,CONDUCTOR PRESENTE,NO,NO,0