,Unnamed: 0,ID,ANIO,LESIONADOS,FALLECIDOS,LATITUD_Y,LONGITUD_X,PROVINCIA,CANTON,PARROQUIA,ZONA,FECHA,HORA,PERIODO_2,DIA_1,DIA_2,MES_1,MES_2,FERIADO,CAUSA_PROBABLE,TIPO_DE_SINIESTRO,TIPO_DE_VEHICULO_1,AUTOMOVIL,BICICLETA,BUS,CAMION,CAMIONETA,EMERGENCIAS,ESPECIAL,FURGONETA,MOTOCICLETA,NO_IDENTIFICADO,SCOOTER_ELECTRICO,TRICIMOTO,VEHICULO_DEPORTIVO_UTILITARIO,SUMA_DE_VEHICULOS,EDAD_1,SEXO_1,CONDICION_1,PARTICIPANTE_1,CASCO_1,CINTURON_1,KMeans_Cluster
12397,38471,38472,2018,0,0,-0.096378,-78.511462,PICHINCHA,QUITO,QUITO,URBANA,2018-05-19,00:15:00,0,SABADO,6,MAYO,5,NO,MALAS CONDICIONES DE LA VIA Y/O CONFIGURACION. (ILUMINACION Y DISENIO).,ESTRELLAMIENTOS,CAMIONETA,0,0,0,0,1,0,0,0,0,0,0,0,0,1,-1,NO IDENTIFICADO,NO IDENTIFICADO,CONDUCTOR AUSENTE,NO,NO,2
12398,38476,38477,2018,0,1,-0.540597,-78.583629,PICHINCHA,MEJIA,ALOASI,RURAL,2018-05-19,02:00:00,2,SABADO,6,MAYO,5,NO,"CONDUCIR DESATENTO A LAS CONDICIONES DE TRANSITO (CELULAR, PANTALLAS DE VIDEO, COMIDA, MAQUILLAJE O CUALQUIER OTRO ELEMENTO DISTRACTOR).",ESTRELLAMIENTOS,BUS,0,0,1,1,0,0,0,0,0,0,0,0,0,2,42,HOMBRE,FALLECIDO,PASAJERO,NO,NO,3
12399,38477,38478,2018,0,0,-0.192906,-78.485393,PICHINCHA,QUITO,QUITO,URBANA,2018-05-19,02:05:00,2,SABADO,6,MAYO,5,NO,"CONDUCE BAJO LA INFLUENCIA DE ALCOHOL, SUSTANCIAS ESTUPEFACIENTES O PSICOTROPICAS Y/O MEDICAMENTOS.",ESTRELLAMIENTOS,CAMIONETA,2,0,0,0,1,0,0,0,0,0,0,0,0,3,40,HOMBRE,ILESO,CONDUCTOR PRESENTE,NO,NO,0
12400,38484,38485,2018,0,1,-0.226486,-78.339567,PICHINCHA,QUITO,PIFO,RURAL,2018-05-19,05:20:00,5,SABADO,6,MAYO,5,NO,CONDUCIR VEHICULO SUPERANDO LOS LIMITES MAXIMOS DE VELOCIDAD.,ESTRELLAMIENTOS,MOTOCICLETA,0,0,0,0,0,0,0,0,1,0,0,0,0,1,25,HOMBRE,FALLECIDO,CONDUCTOR PRESENTE,NO,NO,3
12401,38489,38490,2018,1,0,0.045077,-78.227992,PICHINCHA,PEDRO MONCAYO,TABACUNDO,URBANA,2018-05-19,05:45:00,5,SABADO,6,MAYO,5,NO,"CONDUCE BAJO LA INFLUENCIA DE ALCOHOL, SUSTANCIAS ESTUPEFACIENTES O PSICOTROPICAS Y/O MEDICAMENTOS.",CHOQUE FRONTAL,BUS,1,0,1,0,0,0,0,0,0,0,0,0,0,2,40,HOMBRE,LESIONADO,CONDUCTOR PRESENTE,NO,NO,0
12402,38491,38492,2018,0,0,-0.120476,-78.493981,PICHINCHA,QUITO,QUITO,URBANA,2018-05-19,06:35:00,6,SABADO,6,MAYO,5,NO,"CONDUCIR DESATENTO A LAS CONDICIONES DE TRANSITO (CELULAR, PANTALLAS DE VIDEO, COMIDA, MAQUILLAJE O CUALQUIER OTRO ELEMENTO DISTRACTOR).",CHOQUE LATERAL,AUTOMOVIL,2,0,0,0,0,0,0,0,0,0,0,0,0,2,28,HOMBRE,ILESO,CONDUCTOR PRESENTE,NO,NO,0
12403,38493,38494,2018,0,0,-0.091585,-78.439052,PICHINCHA,QUITO,CALDERON (CARAPUNGO),URBANA,2018-05-19,07:00:00,7,SABADO,6,MAYO,5,NO,"ADELANTAR O REBASAR A OTRO VEHICULO EN MOVIMIENTO EN ZONAS O SITIOS PELIGROSOS TALES COMO: CURVAS, PUENTES, TUNELES, PENDIENTES, ETC.",CHOQUE LATERAL,CAMIONETA,0,0,1,0,1,0,0,0,0,0,0,0,0,2,44,MUJER,ILESO,CONDUCTOR PRESENTE,NO,NO,0
12404,38494,38495,2018,0,0,-0.197826,-78.466466,PICHINCHA,QUITO,QUITO,URBANA,2018-05-19,07:10:00,7,SABADO,6,MAYO,5,NO,"CONDUCIR DESATENTO A LAS CONDICIONES DE TRANSITO (CELULAR, PANTALLAS DE VIDEO, COMIDA, MAQUILLAJE O CUALQUIER OTRO ELEMENTO DISTRACTOR).",OTROS,AUTOMOVIL,1,0,0,0,0,0,0,1,0,0,0,0,0,2,21,HOMBRE,ILESO,CONDUCTOR PRESENTE,NO,NO,0
12405,38499,38500,2018,1,0,-0.172742,-78.471178,PICHINCHA,QUITO,QUITO,URBANA,2018-05-19,08:00:00,8,SABADO,6,MAYO,5,NO,"PEATON TRANSITA BAJO INFLUENCIA DE ALCOHOL, SUSTANCIAS ESTUPEFACIENTES O PSICOTROPICAS Y/O MEDICAMENTOS.",CAIDA DE PASAJERO,BUS,0,0,1,0,0,0,0,0,0,0,0,0,0,1,25,MUJER,LESIONADO,PASAJERO,NO,NO,0
12406,38502,38503,2018,1,0,-0.172511,-78.487728,PICHINCHA,QUITO,QUITO,URBANA,2018-05-19,08:30:00,8,SABADO,6,MAYO,5,NO,NO CEDER EL DERECHO DE VIA O PREFERENCIA DE PASO A VEHICULOS.,ATROPELLOS,NO IDENTIFICADO,0,0,0,0,0,0,0,0,0,1,0,0,0,1,67,HOMBRE,LESIONADO,PEATON,NO,NO,0
12407,38503,38504,2018,1,0,-0.196391,-78.493156,PICHINCHA,QUITO,QUITO,URBANA,2018-05-19,08:30:00,8,SABADO,6,MAYO,5,NO,PEATON QUE CRUZA LA CALZADA SIN RESPETAR LA SENIALIZACION EXISTENTE (SEMAFOROS O SENIALES MANUALES).,ATROPELLOS,NO IDENTIFICADO,0,0,0,0,0,0,0,0,0,1,0,0,0,1,29,MUJER,LESIONADO,PEATON,NO,NO,0
12408,38506,38507,2018,0,0,-0.264296,-78.552126,PICHINCHA,QUITO,QUITO,URBANA,2018-05-19,08:50:00,8,SABADO,6,MAYO,5,NO,NO MANTENER LA DISTANCIA PRUDENCIAL CON RESPECTO AL VEHICULO QUE LE ANTECEDE.,CHOQUE POSTERIOR,MOTOCICLETA,0,0,0,0,0,0,0,0,1,1,0,0,0,2,22,HOMBRE,ILESO,CONDUCTOR PRESENTE,NO,NO,0
12409,38509,38510,2018,1,0,-0.194141,-78.367303,PICHINCHA,QUITO,PUEMBO,URBANA,2018-05-19,10:20:00,10,SABADO,6,MAYO,5,NO,PEATON QUE CRUZA LA CALZADA SIN RESPETAR LA SENIALIZACION EXISTENTE (SEMAFOROS O SENIALES MANUALES).,PERDIDA DE CARRIL,AUTOMOVIL,1,0,0,0,0,0,0,0,0,0,0,0,0,1,38,MUJER,LESIONADO,CONDUCTOR PRESENTE,NO,NO,0
12410,38513,38514,2018,1,0,-0.241961,-78.532528,PICHINCHA,QUITO,QUITO,URBANA,2018-05-19,11:45:00,11,SABADO,6,MAYO,5,NO,BAJARSE O SUBIRSE DE VEHICULOS EN MOVIMIENTO SIN TOMAR LAS PRECAUCIONES DEBIDAS.,CAIDA DE PASAJERO,BUS,0,0,1,0,0,0,0,0,0,0,0,0,0,1,81,HOMBRE,LESIONADO,PASAJERO,NO,NO,0
12411,38517,38518,2018,0,0,-0.168143,-78.478502,PICHINCHA,QUITO,QUITO,URBANA,2018-05-19,13:11:00,13,SABADO,6,MAYO,5,NO,NO MANTENER LA DISTANCIA PRUDENCIAL CON RESPECTO AL VEHICULO QUE LE ANTECEDE.,CHOQUE POSTERIOR,AUTOMOVIL,1,0,0,1,0,0,0,0,0,0,0,0,0,2,19,MUJER,ILESO,CONDUCTOR PRESENTE,NO,NO,0
12412,38524,38525,2018,0,0,-0.114075,-78.490483,PICHINCHA,QUITO,QUITO,URBANA,2018-05-19,14:20:00,14,SABADO,6,MAYO,5,NO,"CONDUCE BAJO LA INFLUENCIA DE ALCOHOL, SUSTANCIAS ESTUPEFACIENTES O PSICOTROPICAS Y/O MEDICAMENTOS.",CHOQUE POSTERIOR,MOTOCICLETA,1,0,0,0,0,0,0,0,1,0,0,0,0,2,22,HOMBRE,ILESO,CONDUCTOR PRESENTE,NO,NO,0
12413,38529,38530,2018,0,0,-0.188478,-78.447371,PICHINCHA,QUITO,NAYON,URBANA,2018-05-19,15:50:00,15,SABADO,6,MAYO,5,NO,"CONDICIONES AMBIENTALES Y/O ATMOSFERICAS (NIEBLA, NEBLINA, GRANIZO, LLUVIA).",CHOQUE LATERAL,CAMIONETA,1,0,0,0,1,0,0,0,0,0,0,0,0,2,37,HOMBRE,ILESO,CONDUCTOR PRESENTE,NO,NO,0
12414,38532,38533,2018,0,0,-0.275346,-78.536354,PICHINCHA,QUITO,QUITO,URBANA,2018-05-19,17:20:00,17,SABADO,6,MAYO,5,NO,"NO RESPETAR LAS SENIALES REGLAMENTARIAS DE TRANSITO. (PARE, CEDA EL PASO, LUZ ROJA DEL SEMAFORO, ETC).",CHOQUE LATERAL,AUTOMOVIL,1,0,0,0,1,0,0,0,0,0,0,0,0,2,45,HOMBRE,ILESO,CONDUCTOR PRESENTE,NO,NO,0
12415,38536,38537,2018,0,0,-0.202352,-78.491961,PICHINCHA,QUITO,QUITO,URBANA,2018-05-19,18:20:00,18,SABADO,6,MAYO,5,NO,CONDUCIR EN SENTIDO CONTRARIO A LA VIA NORMAL DE CIRCULACION.,CHOQUE FRONTAL,AUTOMOVIL,1,0,0,0,0,0,0,0,0,0,0,0,0,1,22,HOMBRE,ILESO,CONDUCTOR PRESENTE,NO,NO,0
12416,38537,38538,2018,0,0,-0.162755,-78.485536,PICHINCHA,QUITO,QUITO,URBANA,2018-05-19,18:45:00,18,SABADO,6,MAYO,5,NO,REALIZAR CAMBIO BRUSCO O INDEBIDO DE CARRIL.,CHOQUE LATERAL,AUTOMOVIL,1,0,0,0,0,0,0,0,0,1,0,0,0,2,66,MUJER,ILESO,CONDUCTOR PRESENTE,NO,NO,0
12417,38538,38539,2018,1,0,-0.189939,-78.496903,PICHINCHA,QUITO,QUITO,URBANA,2018-05-19,18:45:00,18,SABADO,6,MAYO,5,NO,BAJARSE O SUBIRSE DE VEHICULOS EN MOVIMIENTO SIN TOMAR LAS PRECAUCIONES DEBIDAS.,CAIDA DE PASAJERO,NO IDENTIFICADO,0,0,0,0,0,0,0,0,0,1,0,0,0,1,79,HOMBRE,LESIONADO,PASAJERO,NO,NO,0
12418,38542,38543,2018,0,0,-0.299348,-78.542062,PICHINCHA,QUITO,QUITO,URBANA,2018-05-19,19:10:00,19,SABADO,6,MAYO,5,NO,"CONDUCE BAJO LA INFLUENCIA DE ALCOHOL, SUSTANCIAS ESTUPEFACIENTES O PSICOTROPICAS Y/O MEDICAMENTOS.",CHOQUE POSTERIOR,CAMION,1,0,0,1,0,0,0,0,0,0,0,0,0,2,37,HOMBRE,ILESO,CONDUCTOR PRESENTE,NO,NO,0
12419,38553,38554,2018,0,1,-0.084083,-78.435472,PICHINCHA,QUITO,CALDERON (CARAPUNGO),URBANA,2018-05-19,21:40:00,21,SABADO,6,MAYO,5,NO,"NO RESPETAR LAS SENIALES REGLAMENTARIAS DE TRANSITO. (PARE, CEDA EL PASO, LUZ ROJA DEL SEMAFORO, ETC).",CHOQUE FRONTAL,FURGONETA,0,0,0,0,0,0,0,1,1,0,0,0,0,2,28,HOMBRE,FALLECIDO,PASAJERO,NO,NO,0
12420,38562,38563,2018,0,0,-0.250845,-78.446018,PICHINCHA,QUITO,GUANGOPOLO,URBANA,2018-05-20,00:00:00,0,DOMINGO,7,MAYO,5,NO,"CONDUCIR DESATENTO A LAS CONDICIONES DE TRANSITO (CELULAR, PANTALLAS DE VIDEO, COMIDA, MAQUILLAJE O CUALQUIER OTRO ELEMENTO DISTRACTOR).",ESTRELLAMIENTOS,AUTOMOVIL,1,0,0,0,0,0,0,0,0,0,0,0,0,1,-1,NO IDENTIFICADO,NO IDENTIFICADO,CONDUCTOR AUSENTE,NO,NO,2
12421,38563,38564,2018,0,0,-0.206931,-78.425899,PICHINCHA,QUITO,CUMBAYA,URBANA,2018-05-20,00:20:00,0,DOMINGO,7,MAYO,5,NO,CONDUCIR VEHICULO SUPERANDO LOS LIMITES MAXIMOS DE VELOCIDAD.,VOLCAMIENTOS,AUTOMOVIL,1,0,0,0,0,0,0,0,0,0,0,0,0,1,48,MUJER,ILESO,CONDUCTOR PRESENTE,NO,NO,0
12422,38566,38567,2018,0,0,-0.004594,-78.443771,PICHINCHA,QUITO,SAN ANTONIO (QUITO),RURAL,2018-05-20,01:35:00,1,DOMINGO,7,MAYO,5,NO,REALIZAR CAMBIO BRUSCO O INDEBIDO DE CARRIL.,CHOQUE LATERAL,AUTOMOVIL,1,0,0,0,0,0,0,1,0,0,0,0,0,2,21,HOMBRE,ILESO,CONDUCTOR PRESENTE,NO,NO,3
12423,38569,38570,2018,0,0,-0.105293,-78.478176,PICHINCHA,QUITO,QUITO,URBANA,2018-05-20,02:00:00,2,DOMINGO,7,MAYO,5,NO,"CONDUCE BAJO LA INFLUENCIA DE ALCOHOL, SUSTANCIAS ESTUPEFACIENTES O PSICOTROPICAS Y/O MEDICAMENTOS.",CHOQUE LATERAL,AUTOMOVIL,2,0,0,0,0,0,0,0,0,0,0,0,0,2,29,MUJER,ILESO,CONDUCTOR PRESENTE,NO,NO,0
12424,38570,38571,2018,0,0,-0.246115,-78.518466,PICHINCHA,QUITO,QUITO,URBANA,2018-05-20,02:00:00,2,DOMINGO,7,MAYO,5,NO,"NO RESPETAR LAS SENIALES REGLAMENTARIAS DE TRANSITO. (PARE, CEDA EL PASO, LUZ ROJA DEL SEMAFORO, ETC).",ESTRELLAMIENTOS,AUTOMOVIL,1,0,0,0,0,0,0,0,0,0,0,0,0,1,37,HOMBRE,ILESO,CONDUCTOR PRESENTE,NO,NO,0
12425,38574,38575,2018,0,0,-0.165922,-78.468421,PICHINCHA,QUITO,QUITO,URBANA,2018-05-20,02:30:00,2,DOMINGO,7,MAYO,5,NO,CONDUCIR VEHICULO SUPERANDO LOS LIMITES MAXIMOS DE VELOCIDAD.,ESTRELLAMIENTOS,AUTOMOVIL,1,0,0,0,0,0,0,0,0,0,0,0,0,1,-1,NO IDENTIFICADO,NO IDENTIFICADO,CONDUCTOR AUSENTE,NO,NO,2
12426,38575,38576,2018,1,0,-0.101884,-78.491351,PICHINCHA,QUITO,QUITO,URBANA,2018-05-20,02:50:00,2,DOMINGO,7,MAYO,5,NO,CONDUCIR VEHICULO SUPERANDO LOS LIMITES MAXIMOS DE VELOCIDAD.,ESTRELLAMIENTOS,MOTOCICLETA,0,0,0,0,0,0,0,0,1,0,0,0,0,1,30,HOMBRE,LESIONADO,CONDUCTOR PRESENTE,NO,NO,0
12427,38576,38577,2018,0,0,-0.150393,-78.453592,PICHINCHA,QUITO,QUITO,URBANA,2018-05-20,02:50:00,2,DOMINGO,7,MAYO,5,NO,"CONDUCIR DESATENTO A LAS CONDICIONES DE TRANSITO (CELULAR, PANTALLAS DE VIDEO, COMIDA, MAQUILLAJE O CUALQUIER OTRO ELEMENTO DISTRACTOR).",ESTRELLAMIENTOS,AUTOMOVIL,1,0,0,0,0,0,0,0,0,0,0,0,0,1,-1,NO IDENTIFICADO,NO IDENTIFICADO,CONDUCTOR AUSENTE,NO,NO,2
12428,38579,38580,2018,0,0,-0.195514,-78.468441,PICHINCHA,QUITO,QUITO,URBANA,2018-05-20,03:40:00,3,DOMINGO,7,MAYO,5,NO,"CONDUCIR DESATENTO A LAS CONDICIONES DE TRANSITO (CELULAR, PANTALLAS DE VIDEO, COMIDA, MAQUILLAJE O CUALQUIER OTRO ELEMENTO DISTRACTOR).",OTROS,NO IDENTIFICADO,0,0,0,0,0,0,0,0,0,1,0,0,0,1,-1,NO IDENTIFICADO,NO IDENTIFICADO,CONDUCTOR AUSENTE,NO,NO,2
12429,38580,38581,2018,0,1,-0.319976,-78.564972,PICHINCHA,QUITO,QUITO,URBANA,2018-05-20,04:30:00,4,DOMINGO,7,MAYO,5,NO,PEATON QUE CRUZA LA CALZADA SIN RESPETAR LA SENIALIZACION EXISTENTE (SEMAFOROS O SENIALES MANUALES).,ARROLLAMIENTOS,NO IDENTIFICADO,0,0,0,0,0,0,0,0,0,1,0,0,0,1,35,HOMBRE,FALLECIDO,PEATON,NO,NO,0
12430,38587,38588,2018,0,0,-0.178595,-78.519955,PICHINCHA,QUITO,QUITO,URBANA,2018-05-20,05:50:00,5,DOMINGO,7,MAYO,5,NO,"FALLA MECANICA EN LOS SISTEMAS Y/O NEUMATICOS (SISTEMA DE FRENOS, DIRECCION, ELECTRONICO O MECANICO).",VOLCAMIENTOS,CAMIONETA,0,0,0,0,1,0,0,0,0,0,0,0,0,1,47,HOMBRE,ILESO,CONDUCTOR PRESENTE,NO,NO,0
12431,38597,38598,2018,0,0,-0.108615,-78.455748,PICHINCHA,QUITO,CALDERON (CARAPUNGO),RURAL,2018-05-20,09:35:00,9,DOMINGO,7,MAYO,5,NO,"CONDUCIR DESATENTO A LAS CONDICIONES DE TRANSITO (CELULAR, PANTALLAS DE VIDEO, COMIDA, MAQUILLAJE O CUALQUIER OTRO ELEMENTO DISTRACTOR).",ESTRELLAMIENTOS,AUTOMOVIL,1,0,0,0,0,0,0,0,0,0,0,0,0,1,-1,NO IDENTIFICADO,NO IDENTIFICADO,CONDUCTOR AUSENTE,NO,NO,2
12432,38598,38599,2018,0,0,-0.157076,-78.487632,PICHINCHA,QUITO,QUITO,URBANA,2018-05-20,10:35:00,10,DOMINGO,7,MAYO,5,NO,"PRESENCIA DE AGENTES EXTERNOS EN LA VIA (AGUA, ACEITE, PIEDRA, LASTRE, ESCOMBROS, MADEROS, ETC.).",PERDIDA DE CARRIL,BICICLETA,0,1,0,0,0,0,0,0,0,0,0,0,0,1,17,HOMBRE,ILESO,CONDUCTOR PRESENTE,NO,NO,0
12433,38599,38600,2018,2,0,-0.095106,-78.401713,PICHINCHA,QUITO,CALDERON (CARAPUNGO),RURAL,2018-05-20,11:00:00,11,DOMINGO,7,MAYO,5,NO,"CONDUCIR DESATENTO A LAS CONDICIONES DE TRANSITO (CELULAR, PANTALLAS DE VIDEO, COMIDA, MAQUILLAJE O CUALQUIER OTRO ELEMENTO DISTRACTOR).",PERDIDA DE CARRIL,MOTOCICLETA,0,0,0,0,0,0,0,0,1,0,0,0,0,1,26,HOMBRE,LESIONADO,PASAJERO,NO,NO,3
12434,38600,38601,2018,1,0,-0.209123,-78.524332,PICHINCHA,QUITO,QUITO,URBANA,2018-05-20,11:30:00,11,DOMINGO,7,MAYO,5,NO,NO TRANSITAR POR LAS ACERAS O ZONAS DE SEGURIDAD DESTINADAS PARA EL EFECTO.,ATROPELLOS,AUTOMOVIL,1,0,0,0,0,0,0,0,0,0,0,0,0,1,27,MUJER,LESIONADO,PEATON,NO,NO,0
12435,38606,38607,2018,0,0,-0.262753,-78.541793,PICHINCHA,QUITO,QUITO,URBANA,2018-05-20,13:20:00,13,DOMINGO,7,MAYO,5,NO,"ADELANTAR O REBASAR A OTRO VEHICULO EN MOVIMIENTO EN ZONAS O SITIOS PELIGROSOS TALES COMO: CURVAS, PUENTES, TUNELES, PENDIENTES, ETC.",CHOQUE LATERAL,AUTOMOVIL,2,0,0,0,0,0,0,0,0,0,0,0,0,2,42,HOMBRE,ILESO,CONDUCTOR PRESENTE,NO,NO,0
12436,38608,38609,2018,0,2,-0.432076,-78.552581,PICHINCHA,MEJIA,MACHACHI,RURAL,2018-05-20,14:25:00,14,DOMINGO,7,MAYO,5,NO,"CONDUCIR DESATENTO A LAS CONDICIONES DE TRANSITO (CELULAR, PANTALLAS DE VIDEO, COMIDA, MAQUILLAJE O CUALQUIER OTRO ELEMENTO DISTRACTOR).",CHOQUE FRONTAL,CAMION,0,0,0,1,1,0,0,0,0,0,0,0,0,2,74,HOMBRE,FALLECIDO,CONDUCTOR PRESENTE,NO,NO,3
12437,38610,38611,2018,0,0,-0.246744,-78.569979,PICHINCHA,QUITO,LLOA,RURAL,2018-05-20,14:30:00,14,DOMINGO,7,MAYO,5,NO,REALIZAR CAMBIO BRUSCO O INDEBIDO DE CARRIL.,ESTRELLAMIENTOS,AUTOMOVIL,1,0,0,0,0,0,0,0,0,0,0,0,0,1,-1,NO IDENTIFICADO,NO IDENTIFICADO,CONDUCTOR AUSENTE,NO,NO,2
12438,38615,38616,2018,0,0,-0.222034,-78.508205,PICHINCHA,QUITO,QUITO,URBANA,2018-05-20,15:35:00,15,DOMINGO,7,MAYO,5,NO,NO GUARDAR LA DISTANCIA LATERAL MINIMA DE SEGURIDAD ENTRE VEHICULOS.,CHOQUE LATERAL,AUTOMOVIL,2,0,0,0,0,0,0,0,0,0,0,0,0,2,52,MUJER,ILESO,CONDUCTOR PRESENTE,NO,NO,0
12439,38617,38618,2018,1,0,-0.196047,-78.466538,PICHINCHA,QUITO,QUITO,URBANA,2018-05-20,16:45:00,16,DOMINGO,7,MAYO,5,NO,"CONDUCIR EN ESTADO DE SOMNOLENCIA O MALAS CONDICIONES FISICAS (SUENIO, CANSANCIO Y FATIGA).",ESTRELLAMIENTOS,CAMIONETA,0,0,0,0,1,0,0,0,0,0,0,0,0,1,32,HOMBRE,LESIONADO,PASAJERO,NO,NO,0
12440,38618,38619,2018,0,0,-0.299679,-78.569832,PICHINCHA,QUITO,QUITO,URBANA,2018-05-20,17:00:00,17,DOMINGO,7,MAYO,5,NO,"CASO FORTUITO O FUERZA MAYOR (EXPLOSION DE NEUMATICO NUEVO, DERRUMBE, INUNDACION, CAIDA DE PUENTE, ARBOL, PRESENCIA INTEMPESTIVA E IMPREVISTA DE SEMOVIENTES EN LA VIA, ETC.).",ESTRELLAMIENTOS,CAMIONETA,0,0,0,0,1,0,0,0,0,0,0,0,0,1,-1,NO IDENTIFICADO,NO IDENTIFICADO,CONDUCTOR AUSENTE,NO,NO,2
12441,38619,38620,2018,2,0,0.008792,-78.583953,PICHINCHA,QUITO,CALACALI,RURAL,2018-05-20,17:00:00,17,DOMINGO,7,MAYO,5,NO,"CONDUCIR DESATENTO A LAS CONDICIONES DE TRANSITO (CELULAR, PANTALLAS DE VIDEO, COMIDA, MAQUILLAJE O CUALQUIER OTRO ELEMENTO DISTRACTOR).",CHOQUE FRONTAL,VEHICULO DEPORTIVO UTILITARIO,1,0,0,0,0,0,0,0,0,0,0,0,1,2,64,HOMBRE,LESIONADO,CONDUCTOR PRESENTE,NO,NO,3
12442,38627,38628,2018,0,1,-0.189057,-78.511839,PICHINCHA,QUITO,QUITO,URBANA,2018-05-20,19:35:00,19,DOMINGO,7,MAYO,5,NO,CONDUCIR VEHICULO SUPERANDO LOS LIMITES MAXIMOS DE VELOCIDAD.,ESTRELLAMIENTOS,MOTOCICLETA,0,0,0,0,0,0,0,0,1,0,0,0,0,1,20,HOMBRE,FALLECIDO,CONDUCTOR PRESENTE,NO,NO,0
12443,38630,38631,2018,0,0,-0.095451,-78.435695,PICHINCHA,QUITO,CALDERON (CARAPUNGO),URBANA,2018-05-20,20:00:00,20,DOMINGO,7,MAYO,5,NO,"CONDUCE BAJO LA INFLUENCIA DE ALCOHOL, SUSTANCIAS ESTUPEFACIENTES O PSICOTROPICAS Y/O MEDICAMENTOS.",CHOQUE POSTERIOR,AUTOMOVIL,2,0,0,0,0,0,0,0,0,0,0,0,0,2,36,HOMBRE,ILESO,CONDUCTOR PRESENTE,NO,NO,0
12444,38642,38643,2018,0,0,-0.199541,-78.477319,PICHINCHA,QUITO,QUITO,URBANA,2018-05-21,00:55:00,0,LUNES,1,MAYO,5,NO,CONDUCIR VEHICULO SUPERANDO LOS LIMITES MAXIMOS DE VELOCIDAD.,ESTRELLAMIENTOS,NO IDENTIFICADO,0,0,0,0,0,0,0,0,0,1,0,0,0,1,-1,NO IDENTIFICADO,NO IDENTIFICADO,CONDUCTOR AUSENTE,NO,NO,2
12445,38647,38648,2018,2,0,-0.128391,-78.447307,PICHINCHA,QUITO,LLANO CHICO,RURAL,2018-05-21,05:50:00,5,LUNES,1,MAYO,5,NO,NO CEDER EL DERECHO DE VIA O PREFERENCIA DE PASO AL PEATON.,ATROPELLOS,MOTOCICLETA,0,0,0,0,0,0,0,0,1,0,0,0,0,1,78,HOMBRE,LESIONADO,PEATON,NO,NO,3
12446,38648,38649,2018,1,0,-0.174894,-78.501169,PICHINCHA,QUITO,QUITO,URBANA,2018-05-21,05:55:00,5,LUNES,1,MAYO,5,NO,CONDUCIR VEHICULO SUPERANDO LOS LIMITES MAXIMOS DE VELOCIDAD.,VOLCAMIENTOS,AUTOMOVIL,1,0,0,0,0,0,0,0,0,0,0,0,0,1,20,HOMBRE,LESIONADO,CONDUCTOR PRESENTE,NO,NO,0
12447,38650,38651,2018,1,0,-0.206635,-78.380871,PICHINCHA,QUITO,TUMBACO,URBANA,2018-05-21,07:15:00,7,LUNES,1,MAYO,5,NO,PEATON QUE CRUZA LA CALZADA SIN RESPETAR LA SENIALIZACION EXISTENTE (SEMAFOROS O SENIALES MANUALES).,ATROPELLOS,FURGONETA,0,0,0,0,0,0,0,1,0,0,0,0,0,1,35,MUJER,LESIONADO,PEATON,NO,NO,0
12448,38652,38653,2018,1,0,-0.233944,-78.528732,PICHINCHA,QUITO,QUITO,URBANA,2018-05-21,07:30:00,7,LUNES,1,MAYO,5,NO,NO GUARDAR LA DISTANCIA LATERAL MINIMA DE SEGURIDAD ENTRE VEHICULOS.,CHOQUE LATERAL,MOTOCICLETA,0,0,0,0,0,0,0,1,1,0,0,0,0,2,37,HOMBRE,LESIONADO,CONDUCTOR PRESENTE,NO,NO,0
12449,38656,38657,2018,0,0,-0.103904,-78.470271,PICHINCHA,QUITO,QUITO,URBANA,2018-05-21,08:30:00,8,LUNES,1,MAYO,5,NO,CONDUCIR VEHICULO SUPERANDO LOS LIMITES MAXIMOS DE VELOCIDAD.,COLISION,AUTOMOVIL,2,0,0,0,2,0,0,0,0,0,0,0,0,4,29,MUJER,ILESO,CONDUCTOR PRESENTE,NO,NO,0
12450,38663,38664,2018,0,1,-0.300498,-78.460196,PICHINCHA,RUMINIAHUI,SANGOLQUI,URBANA,2018-05-21,10:45:00,10,LUNES,1,MAYO,5,NO,"CONDUCIR DESATENTO A LAS CONDICIONES DE TRANSITO (CELULAR, PANTALLAS DE VIDEO, COMIDA, MAQUILLAJE O CUALQUIER OTRO ELEMENTO DISTRACTOR).",ARROLLAMIENTOS,BUS,0,0,1,0,0,0,0,0,0,0,0,0,0,1,76,HOMBRE,FALLECIDO,PEATON,NO,NO,0
12451,38667,38668,2018,1,0,-0.223259,-78.514109,PICHINCHA,QUITO,QUITO,URBANA,2018-05-21,11:40:00,11,LUNES,1,MAYO,5,NO,NO CEDER EL DERECHO DE VIA O PREFERENCIA DE PASO AL PEATON.,ATROPELLOS,AUTOMOVIL,1,0,0,0,0,0,0,0,0,0,0,0,0,1,65,MUJER,LESIONADO,PEATON,NO,NO,0
12452,38670,38671,2018,0,0,-0.165518,-78.468836,PICHINCHA,QUITO,QUITO,URBANA,2018-05-21,12:30:00,12,LUNES,1,MAYO,5,NO,NO MANTENER LA DISTANCIA PRUDENCIAL CON RESPECTO AL VEHICULO QUE LE ANTECEDE.,CHOQUE POSTERIOR,AUTOMOVIL,2,0,0,0,0,0,0,0,0,0,0,0,0,2,22,MUJER,ILESO,CONDUCTOR PRESENTE,NO,NO,0