,Unnamed: 0,ID,ANIO,LESIONADOS,FALLECIDOS,LATITUD_Y,LONGITUD_X,PROVINCIA,CANTON,PARROQUIA,ZONA,FECHA,HORA,PERIODO_2,DIA_1,DIA_2,MES_1,MES_2,FERIADO,CAUSA_PROBABLE,TIPO_DE_SINIESTRO,TIPO_DE_VEHICULO_1,AUTOMOVIL,BICICLETA,BUS,CAMION,CAMIONETA,EMERGENCIAS,ESPECIAL,FURGONETA,MOTOCICLETA,NO_IDENTIFICADO,SCOOTER_ELECTRICO,TRICIMOTO,VEHICULO_DEPORTIVO_UTILITARIO,SUMA_DE_VEHICULOS,EDAD_1,SEXO_1,CONDICION_1,PARTICIPANTE_1,CASCO_1,CINTURON_1,KMeans_Cluster
12453,38675,38676,2018,9,0,-0.286869,-78.519528,PICHINCHA,QUITO,QUITO,URBANA,2018-05-21,13:45:00,13,LUNES,1,MAYO,5,NO,"CASO FORTUITO O FUERZA MAYOR (EXPLOSION DE NEUMATICO NUEVO, DERRUMBE, INUNDACION, CAIDA DE PUENTE, ARBOL, PRESENCIA INTEMPESTIVA E IMPREVISTA DE SEMOVIENTES EN LA VIA, ETC.).",PERDIDA DE CARRIL,FURGONETA,0,0,0,0,0,0,0,1,0,0,0,0,0,1,8,HOMBRE,LESIONADO,PASAJERO,NO,NO,0
12454,38679,38680,2018,0,0,-0.253108,-78.537515,PICHINCHA,QUITO,QUITO,URBANA,2018-05-21,14:25:00,14,LUNES,1,MAYO,5,NO,"NO RESPETAR LAS SENIALES REGLAMENTARIAS DE TRANSITO. (PARE, CEDA EL PASO, LUZ ROJA DEL SEMAFORO, ETC).",CHOQUE LATERAL,AUTOMOVIL,2,0,0,0,0,0,0,0,0,0,0,0,0,2,35,HOMBRE,ILESO,CONDUCTOR PRESENTE,NO,NO,0
12455,38680,38681,2018,1,0,-0.212527,-78.466995,PICHINCHA,QUITO,QUITO,URBANA,2018-05-21,15:00:00,15,LUNES,1,MAYO,5,NO,NO GUARDAR LA DISTANCIA LATERAL MINIMA DE SEGURIDAD ENTRE VEHICULOS.,ROZAMIENTOS,AUTOMOVIL,1,0,0,1,0,0,0,0,0,0,0,0,0,2,44,MUJER,LESIONADO,CONDUCTOR PRESENTE,NO,NO,0
12456,38683,38684,2018,0,0,-0.180241,-78.488515,PICHINCHA,QUITO,QUITO,URBANA,2018-05-21,15:50:00,15,LUNES,1,MAYO,5,NO,"NO RESPETAR LAS SENIALES REGLAMENTARIAS DE TRANSITO. (PARE, CEDA EL PASO, LUZ ROJA DEL SEMAFORO, ETC).",ESTRELLAMIENTOS,AUTOMOVIL,2,0,0,0,1,0,0,0,0,0,0,0,0,3,24,HOMBRE,ILESO,CONDUCTOR PRESENTE,NO,NO,0
12457,38684,38685,2018,0,0,-0.129458,-78.476529,PICHINCHA,QUITO,QUITO,URBANA,2018-05-21,16:10:00,16,LUNES,1,MAYO,5,NO,REALIZAR CAMBIO BRUSCO O INDEBIDO DE CARRIL.,ROZAMIENTOS,AUTOMOVIL,1,0,0,1,0,0,0,0,0,0,0,0,0,2,35,HOMBRE,ILESO,CONDUCTOR PRESENTE,NO,NO,0
12458,38685,38686,2018,0,0,-0.206765,-78.499468,PICHINCHA,QUITO,QUITO,URBANA,2018-05-21,16:31:00,16,LUNES,1,MAYO,5,NO,PEATON QUE CRUZA LA CALZADA SIN RESPETAR LA SENIALIZACION EXISTENTE (SEMAFOROS O SENIALES MANUALES).,ATROPELLOS,NO IDENTIFICADO,0,0,0,0,0,0,0,0,0,1,0,0,0,1,42,HOMBRE,ILESO,PEATON,NO,NO,0
12459,38691,38692,2018,0,0,-0.224297,-78.515201,PICHINCHA,QUITO,QUITO,URBANA,2018-05-21,18:05:00,18,LUNES,1,MAYO,5,NO,"CASO FORTUITO O FUERZA MAYOR (EXPLOSION DE NEUMATICO NUEVO, DERRUMBE, INUNDACION, CAIDA DE PUENTE, ARBOL, PRESENCIA INTEMPESTIVA E IMPREVISTA DE SEMOVIENTES EN LA VIA, ETC.).",CHOQUE LATERAL,CAMION,1,0,0,1,0,0,0,0,0,0,0,0,0,2,43,HOMBRE,ILESO,CONDUCTOR PRESENTE,NO,NO,0
12460,38693,38694,2018,1,0,-0.128693,-78.471214,PICHINCHA,QUITO,QUITO,URBANA,2018-05-21,19:00:00,19,LUNES,1,MAYO,5,NO,NO GUARDAR LA DISTANCIA LATERAL MINIMA DE SEGURIDAD ENTRE VEHICULOS.,PERDIDA DE CARRIL,MOTOCICLETA,0,0,0,0,0,0,0,0,1,0,0,0,0,1,23,HOMBRE,LESIONADO,CONDUCTOR PRESENTE,NO,NO,0
12461,38697,38698,2018,1,0,-0.328831,-78.560625,PICHINCHA,QUITO,QUITO,URBANA,2018-05-21,19:35:00,19,LUNES,1,MAYO,5,NO,NO GUARDAR LA DISTANCIA LATERAL MINIMA DE SEGURIDAD ENTRE VEHICULOS.,ATROPELLOS,MOTOCICLETA,0,0,0,0,0,0,0,0,1,0,0,0,0,1,59,HOMBRE,LESIONADO,PEATON,NO,NO,0
12462,38698,38699,2018,2,0,-0.199767,-78.428809,PICHINCHA,QUITO,CUMBAYA,URBANA,2018-05-21,19:55:00,19,LUNES,1,MAYO,5,NO,"CASO FORTUITO O FUERZA MAYOR (EXPLOSION DE NEUMATICO NUEVO, DERRUMBE, INUNDACION, CAIDA DE PUENTE, ARBOL, PRESENCIA INTEMPESTIVA E IMPREVISTA DE SEMOVIENTES EN LA VIA, ETC.).",CHOQUE LATERAL,CAMIONETA,0,0,0,0,2,0,0,0,0,0,0,0,0,2,57,MUJER,LESIONADO,CONDUCTOR PRESENTE,NO,NO,0
12463,38706,38707,2018,0,0,-0.340212,-78.549313,PICHINCHA,QUITO,QUITO,URBANA,2018-05-21,21:30:00,21,LUNES,1,MAYO,5,NO,"CONDICIONES AMBIENTALES Y/O ATMOSFERICAS (NIEBLA, NEBLINA, GRANIZO, LLUVIA).",CHOQUE FRONTAL,BUS,1,0,1,0,0,0,0,0,0,0,0,0,0,2,59,HOMBRE,ILESO,CONDUCTOR PRESENTE,NO,NO,0
12464,38710,38711,2018,0,0,-0.262713,-78.537984,PICHINCHA,QUITO,QUITO,URBANA,2018-05-22,02:30:00,2,MARTES,2,MAYO,5,NO,"CASO FORTUITO O FUERZA MAYOR (EXPLOSION DE NEUMATICO NUEVO, DERRUMBE, INUNDACION, CAIDA DE PUENTE, ARBOL, PRESENCIA INTEMPESTIVA E IMPREVISTA DE SEMOVIENTES EN LA VIA, ETC.).",ESTRELLAMIENTOS,AUTOMOVIL,1,0,0,0,0,0,0,0,0,0,0,0,0,1,-1,NO IDENTIFICADO,NO IDENTIFICADO,CONDUCTOR AUSENTE,NO,NO,2
12465,38714,38715,2018,0,0,-0.318873,-78.552489,PICHINCHA,QUITO,QUITO,URBANA,2018-05-22,05:30:00,5,MARTES,2,MAYO,5,NO,REALIZAR CAMBIO BRUSCO O INDEBIDO DE CARRIL.,ESTRELLAMIENTOS,AUTOMOVIL,1,0,0,0,0,0,0,0,0,0,0,0,0,1,-1,NO IDENTIFICADO,NO IDENTIFICADO,CONDUCTOR AUSENTE,NO,NO,2
12466,38716,38717,2018,1,0,-0.219813,-78.520376,PICHINCHA,QUITO,QUITO,URBANA,2018-05-22,06:05:00,6,MARTES,2,MAYO,5,NO,"CONDUCIR EN ESTADO DE SOMNOLENCIA O MALAS CONDICIONES FISICAS (SUENIO, CANSANCIO Y FATIGA).",ATROPELLOS,FURGONETA,0,0,0,0,0,0,0,1,0,0,0,0,0,1,76,HOMBRE,LESIONADO,PEATON,NO,NO,0
12467,38718,38719,2018,0,0,-0.164325,-78.483488,PICHINCHA,QUITO,QUITO,URBANA,2018-05-22,06:40:00,6,MARTES,2,MAYO,5,NO,NO GUARDAR LA DISTANCIA LATERAL MINIMA DE SEGURIDAD ENTRE VEHICULOS.,CHOQUE LATERAL,AUTOMOVIL,2,0,0,0,0,0,0,0,0,0,0,0,0,2,30,HOMBRE,ILESO,CONDUCTOR PRESENTE,NO,NO,0
12468,38721,38722,2018,0,0,-0.187785,-78.487661,PICHINCHA,QUITO,QUITO,URBANA,2018-05-22,07:00:00,7,MARTES,2,MAYO,5,NO,NO GUARDAR LA DISTANCIA LATERAL MINIMA DE SEGURIDAD ENTRE VEHICULOS.,ROZAMIENTOS,AUTOMOVIL,2,0,0,0,0,0,0,0,0,0,0,0,0,2,42,HOMBRE,ILESO,CONDUCTOR PRESENTE,NO,NO,0
12469,38722,38723,2018,0,1,0.048467,-78.146045,PICHINCHA,CAYAMBE,CAYAMBE,URBANA,2018-05-22,07:00:00,7,MARTES,2,MAYO,5,NO,NO TRANSITAR POR LAS ACERAS O ZONAS DE SEGURIDAD DESTINADAS PARA EL EFECTO.,ATROPELLOS,CAMIONETA,0,0,0,0,1,0,0,0,0,0,0,0,0,1,-1,HOMBRE,FALLECIDO,PEATON,NO,NO,0
12470,38723,38724,2018,0,0,-0.284269,-78.518971,PICHINCHA,QUITO,QUITO,URBANA,2018-05-22,07:10:00,7,MARTES,2,MAYO,5,NO,NO MANTENER LA DISTANCIA PRUDENCIAL CON RESPECTO AL VEHICULO QUE LE ANTECEDE.,COLISION,AUTOMOVIL,3,0,0,0,0,0,0,0,0,0,0,0,0,3,43,HOMBRE,ILESO,CONDUCTOR PRESENTE,NO,NO,0
12471,38725,38726,2018,0,0,-0.199767,-78.428809,PICHINCHA,QUITO,CUMBAYA,URBANA,2018-05-22,07:15:00,7,MARTES,2,MAYO,5,NO,NO GUARDAR LA DISTANCIA LATERAL MINIMA DE SEGURIDAD ENTRE VEHICULOS.,CHOQUE LATERAL,MOTOCICLETA,0,0,0,0,0,0,0,0,1,0,0,0,0,1,30,HOMBRE,ILESO,CONDUCTOR PRESENTE,NO,NO,0
12472,38727,38728,2018,0,0,-0.101492,-78.468991,PICHINCHA,QUITO,QUITO,URBANA,2018-05-22,07:50:00,7,MARTES,2,MAYO,5,NO,REALIZAR CAMBIO BRUSCO O INDEBIDO DE CARRIL.,VOLCAMIENTOS,MOTOCICLETA,0,0,0,0,0,0,0,0,1,0,0,0,0,1,30,HOMBRE,ILESO,CONDUCTOR PRESENTE,NO,NO,0
12473,38729,38730,2018,1,0,-0.163073,-78.462599,PICHINCHA,QUITO,QUITO,URBANA,2018-05-22,08:20:00,8,MARTES,2,MAYO,5,NO,"CONDUCE BAJO LA INFLUENCIA DE ALCOHOL, SUSTANCIAS ESTUPEFACIENTES O PSICOTROPICAS Y/O MEDICAMENTOS.",CHOQUE POSTERIOR,AUTOMOVIL,2,0,0,0,0,0,0,0,0,0,0,0,0,2,33,MUJER,LESIONADO,CONDUCTOR PRESENTE,NO,NO,0
12474,38732,38733,2018,0,0,-0.281989,-78.556237,PICHINCHA,QUITO,QUITO,URBANA,2018-05-22,10:25:00,10,MARTES,2,MAYO,5,NO,NO GUARDAR LA DISTANCIA LATERAL MINIMA DE SEGURIDAD ENTRE VEHICULOS.,ROZAMIENTOS,AUTOMOVIL,1,0,0,0,1,0,0,0,0,0,0,0,0,2,53,HOMBRE,ILESO,CONDUCTOR PRESENTE,NO,NO,0
12475,38734,38735,2018,0,0,-0.095455,-78.489067,PICHINCHA,QUITO,QUITO,URBANA,2018-05-22,10:50:00,10,MARTES,2,MAYO,5,NO,NO MANTENER LA DISTANCIA PRUDENCIAL CON RESPECTO AL VEHICULO QUE LE ANTECEDE.,CHOQUE POSTERIOR,AUTOMOVIL,2,0,0,0,0,0,0,0,0,0,0,0,0,2,76,HOMBRE,ILESO,CONDUCTOR PRESENTE,NO,NO,0
12476,38735,38736,2018,1,0,-0.292724,-78.476486,PICHINCHA,QUITO,CONOCOTO,URBANA,2018-05-22,11:20:00,11,MARTES,2,MAYO,5,NO,"CASO FORTUITO O FUERZA MAYOR (EXPLOSION DE NEUMATICO NUEVO, DERRUMBE, INUNDACION, CAIDA DE PUENTE, ARBOL, PRESENCIA INTEMPESTIVA E IMPREVISTA DE SEMOVIENTES EN LA VIA, ETC.).",CHOQUE LATERAL,MOTOCICLETA,0,0,0,0,0,0,0,0,1,1,0,0,0,2,54,HOMBRE,LESIONADO,CONDUCTOR PRESENTE,NO,NO,0
12477,38736,38737,2018,1,0,-0.237941,-78.516085,PICHINCHA,QUITO,QUITO,URBANA,2018-05-22,11:30:00,11,MARTES,2,MAYO,5,NO,NO TRANSITAR POR LAS ACERAS O ZONAS DE SEGURIDAD DESTINADAS PARA EL EFECTO.,ATROPELLOS,AUTOMOVIL,1,0,0,0,0,0,0,0,0,0,0,0,0,1,21,MUJER,LESIONADO,PEATON,NO,NO,0
12478,38737,38738,2018,0,0,-0.065281,-78.362606,PICHINCHA,QUITO,GUAYLLABAMBA,RURAL,2018-05-22,11:45:00,11,MARTES,2,MAYO,5,NO,NO GUARDAR LA DISTANCIA LATERAL MINIMA DE SEGURIDAD ENTRE VEHICULOS.,CHOQUE LATERAL,CAMIONETA,0,0,0,1,1,0,0,0,0,0,0,0,0,2,52,HOMBRE,ILESO,CONDUCTOR PRESENTE,NO,NO,3
12479,38739,38740,2018,0,0,-0.187688,-78.483121,PICHINCHA,QUITO,QUITO,URBANA,2018-05-22,12:20:00,12,MARTES,2,MAYO,5,NO,NO GUARDAR LA DISTANCIA LATERAL MINIMA DE SEGURIDAD ENTRE VEHICULOS.,ROZAMIENTOS,AUTOMOVIL,1,0,0,0,0,0,0,0,0,0,0,0,0,1,39,HOMBRE,ILESO,CONDUCTOR PRESENTE,NO,NO,0
12480,38743,38744,2018,1,0,-0.129375,-78.495461,PICHINCHA,QUITO,QUITO,URBANA,2018-05-22,13:33:00,13,MARTES,2,MAYO,5,NO,PEATON QUE CRUZA LA CALZADA SIN RESPETAR LA SENIALIZACION EXISTENTE (SEMAFOROS O SENIALES MANUALES).,ATROPELLOS,AUTOMOVIL,1,0,0,0,0,0,0,0,0,0,0,0,0,1,9,HOMBRE,LESIONADO,PEATON,NO,NO,0
12481,38745,38746,2018,0,0,-0.175091,-78.488134,PICHINCHA,QUITO,QUITO,URBANA,2018-05-22,13:40:00,13,MARTES,2,MAYO,5,NO,CONDUCIR VEHICULO SUPERANDO LOS LIMITES MAXIMOS DE VELOCIDAD.,COLISION,AUTOMOVIL,5,0,0,0,0,0,0,0,0,0,0,0,0,5,51,HOMBRE,ILESO,CONDUCTOR PRESENTE,NO,NO,0
12482,38746,38747,2018,1,0,-0.182997,-78.503721,PICHINCHA,QUITO,QUITO,URBANA,2018-05-22,14:10:00,14,MARTES,2,MAYO,5,NO,"NO RESPETAR LAS SENIALES REGLAMENTARIAS DE TRANSITO. (PARE, CEDA EL PASO, LUZ ROJA DEL SEMAFORO, ETC).",CHOQUE LATERAL,MOTOCICLETA,0,0,0,0,0,0,0,0,1,1,0,0,0,2,22,HOMBRE,LESIONADO,CONDUCTOR PRESENTE,NO,NO,0
12483,38747,38748,2018,0,0,-0.252975,-78.502652,PICHINCHA,QUITO,QUITO,URBANA,2018-05-22,14:10:00,14,MARTES,2,MAYO,5,NO,"CONDUCIR DESATENTO A LAS CONDICIONES DE TRANSITO (CELULAR, PANTALLAS DE VIDEO, COMIDA, MAQUILLAJE O CUALQUIER OTRO ELEMENTO DISTRACTOR).",ESTRELLAMIENTOS,AUTOMOVIL,2,0,0,0,0,0,0,0,0,0,0,0,0,2,-1,NO IDENTIFICADO,NO IDENTIFICADO,CONDUCTOR AUSENTE,NO,NO,2
12484,38748,38749,2018,1,0,-0.317898,-78.535609,PICHINCHA,QUITO,QUITO,URBANA,2018-05-22,14:25:00,14,MARTES,2,MAYO,5,NO,NO TRANSITAR POR LAS ACERAS O ZONAS DE SEGURIDAD DESTINADAS PARA EL EFECTO.,ATROPELLOS,AUTOMOVIL,1,0,0,0,0,0,0,0,0,0,0,0,0,1,6,MUJER,LESIONADO,PEATON,NO,NO,0
12485,38749,38750,2018,0,0,-0.203644,-78.490504,PICHINCHA,QUITO,QUITO,URBANA,2018-05-22,14:45:00,14,MARTES,2,MAYO,5,NO,"NO RESPETAR LAS SENIALES REGLAMENTARIAS DE TRANSITO. (PARE, CEDA EL PASO, LUZ ROJA DEL SEMAFORO, ETC).",CHOQUE LATERAL,CAMION,1,0,0,1,0,0,0,0,0,0,0,0,0,2,41,HOMBRE,ILESO,CONDUCTOR PRESENTE,NO,NO,0
12486,38750,38751,2018,1,0,-0.328831,-78.560625,PICHINCHA,QUITO,QUITO,URBANA,2018-05-22,14:50:00,14,MARTES,2,MAYO,5,NO,"CONDUCIR DESATENTO A LAS CONDICIONES DE TRANSITO (CELULAR, PANTALLAS DE VIDEO, COMIDA, MAQUILLAJE O CUALQUIER OTRO ELEMENTO DISTRACTOR).",ATROPELLOS,AUTOMOVIL,1,0,0,0,0,0,0,0,0,0,0,0,0,1,16,MUJER,LESIONADO,PEATON,NO,NO,0
12487,38753,38754,2018,1,0,-0.186443,-78.488225,PICHINCHA,QUITO,QUITO,URBANA,2018-05-22,15:40:00,15,MARTES,2,MAYO,5,NO,"ADELANTAR O REBASAR A OTRO VEHICULO EN MOVIMIENTO EN ZONAS O SITIOS PELIGROSOS TALES COMO: CURVAS, PUENTES, TUNELES, PENDIENTES, ETC.",CHOQUE LATERAL,AUTOMOVIL,1,0,0,0,0,0,0,0,1,0,0,0,0,2,35,HOMBRE,LESIONADO,CONDUCTOR PRESENTE,NO,NO,0
12488,38754,38755,2018,1,0,-0.260629,-78.546185,PICHINCHA,QUITO,QUITO,URBANA,2018-05-22,15:50:00,15,MARTES,2,MAYO,5,NO,"NO RESPETAR LAS SENIALES REGLAMENTARIAS DE TRANSITO. (PARE, CEDA EL PASO, LUZ ROJA DEL SEMAFORO, ETC).",CHOQUE LATERAL,BUS,1,0,1,0,0,0,0,0,0,0,0,0,0,2,39,HOMBRE,LESIONADO,CONDUCTOR PRESENTE,NO,NO,0
12489,38759,38760,2018,1,0,-0.260623,-78.546185,PICHINCHA,QUITO,QUITO,URBANA,2018-05-22,18:40:00,18,MARTES,2,MAYO,5,NO,"NO RESPETAR LAS SENIALES REGLAMENTARIAS DE TRANSITO. (PARE, CEDA EL PASO, LUZ ROJA DEL SEMAFORO, ETC).",ATROPELLOS,NO IDENTIFICADO,0,0,0,0,0,0,0,0,0,1,0,0,0,1,36,MUJER,LESIONADO,PEATON,NO,NO,0
12490,38761,38762,2018,0,0,-0.190082,-78.488029,PICHINCHA,QUITO,QUITO,URBANA,2018-05-22,19:15:00,19,MARTES,2,MAYO,5,NO,NO GUARDAR LA DISTANCIA LATERAL MINIMA DE SEGURIDAD ENTRE VEHICULOS.,CHOQUE LATERAL,AUTOMOVIL,2,0,0,0,0,0,0,0,0,0,0,0,0,2,21,MUJER,ILESO,CONDUCTOR PRESENTE,NO,NO,0
12491,38763,38764,2018,1,0,-0.292724,-78.476484,PICHINCHA,QUITO,CONOCOTO,URBANA,2018-05-22,19:45:00,19,MARTES,2,MAYO,5,NO,NO TRANSITAR POR LAS ACERAS O ZONAS DE SEGURIDAD DESTINADAS PARA EL EFECTO.,ATROPELLOS,AUTOMOVIL,1,0,0,0,0,0,0,0,0,0,0,0,0,1,82,HOMBRE,LESIONADO,PEATON,NO,NO,0
12492,38766,38767,2018,0,0,-0.294205,-78.463101,PICHINCHA,QUITO,CONOCOTO,URBANA,2018-05-22,20:40:00,20,MARTES,2,MAYO,5,NO,DEJAR O RECOGER PASAJEROS EN LUGARES NO PERMITIDOS.,ATROPELLOS,NO IDENTIFICADO,0,0,0,0,0,0,0,0,0,1,0,0,0,1,-1,NO IDENTIFICADO,NO IDENTIFICADO,CONDUCTOR AUSENTE,NO,NO,2
12493,38768,38769,2018,0,0,-0.166041,-78.468353,PICHINCHA,QUITO,QUITO,URBANA,2018-05-22,20:55:00,20,MARTES,2,MAYO,5,NO,NO GUARDAR LA DISTANCIA LATERAL MINIMA DE SEGURIDAD ENTRE VEHICULOS.,CHOQUE LATERAL,AUTOMOVIL,2,0,0,0,0,0,0,0,0,0,0,0,0,2,32,HOMBRE,ILESO,CONDUCTOR PRESENTE,NO,NO,0
12494,38770,38771,2018,1,0,-0.220823,-78.528292,PICHINCHA,QUITO,QUITO,URBANA,2018-05-22,21:20:00,21,MARTES,2,MAYO,5,NO,PEATON QUE CRUZA LA CALZADA SIN RESPETAR LA SENIALIZACION EXISTENTE (SEMAFOROS O SENIALES MANUALES).,ATROPELLOS,NO IDENTIFICADO,0,0,0,0,0,0,0,0,0,1,0,0,0,1,6,HOMBRE,LESIONADO,PEATON,NO,NO,0
12495,38776,38777,2018,0,0,-0.066954,-78.372874,PICHINCHA,QUITO,GUAYLLABAMBA,RURAL,2018-05-23,03:00:00,3,MIERCOLES,3,MAYO,5,NO,"CONDUCE BAJO LA INFLUENCIA DE ALCOHOL, SUSTANCIAS ESTUPEFACIENTES O PSICOTROPICAS Y/O MEDICAMENTOS.",ESTRELLAMIENTOS,VEHICULO DEPORTIVO UTILITARIO,0,0,0,0,0,0,0,0,0,0,0,0,1,1,31,HOMBRE,ILESO,CONDUCTOR PRESENTE,NO,NO,3
12496,38777,38778,2018,0,0,-0.198599,-78.498546,PICHINCHA,QUITO,QUITO,URBANA,2018-05-23,03:20:00,3,MIERCOLES,3,MAYO,5,NO,CONDUCIR VEHICULO SUPERANDO LOS LIMITES MAXIMOS DE VELOCIDAD.,ESTRELLAMIENTOS,AUTOMOVIL,1,0,0,0,0,0,0,0,0,0,0,0,0,1,-1,NO IDENTIFICADO,NO IDENTIFICADO,CONDUCTOR AUSENTE,NO,NO,2
12497,38781,38782,2018,0,1,-0.079201,-78.472963,PICHINCHA,QUITO,QUITO,URBANA,2018-05-23,06:30:00,6,MIERCOLES,3,MAYO,5,NO,"NO RESPETAR LAS SENIALES REGLAMENTARIAS DE TRANSITO. (PARE, CEDA EL PASO, LUZ ROJA DEL SEMAFORO, ETC).",ARROLLAMIENTOS,AUTOMOVIL,1,0,0,0,0,0,0,0,0,0,0,0,0,1,59,MUJER,FALLECIDO,PEATON,NO,NO,0
12498,38782,38783,2018,0,0,-0.064422,-78.368968,PICHINCHA,QUITO,GUAYLLABAMBA,RURAL,2018-05-23,06:45:00,6,MIERCOLES,3,MAYO,5,NO,"CONDUCIR DESATENTO A LAS CONDICIONES DE TRANSITO (CELULAR, PANTALLAS DE VIDEO, COMIDA, MAQUILLAJE O CUALQUIER OTRO ELEMENTO DISTRACTOR).",ESTRELLAMIENTOS,VEHICULO DEPORTIVO UTILITARIO,0,0,0,0,0,0,0,0,0,0,0,0,1,1,43,HOMBRE,ILESO,CONDUCTOR PRESENTE,NO,NO,3
12499,38786,38787,2018,1,0,-0.328017,-78.541437,PICHINCHA,QUITO,QUITO,URBANA,2018-05-23,07:30:00,7,MIERCOLES,3,MAYO,5,NO,CONDUCIR VEHICULO SUPERANDO LOS LIMITES MAXIMOS DE VELOCIDAD.,CHOQUE LATERAL,MOTOCICLETA,1,0,0,0,0,0,0,0,1,0,0,0,0,2,29,HOMBRE,LESIONADO,CONDUCTOR PRESENTE,NO,NO,0
12500,38788,38789,2018,1,0,-0.142028,-78.443275,PICHINCHA,QUITO,LLANO CHICO,URBANA,2018-05-23,07:40:00,7,MIERCOLES,3,MAYO,5,NO,"CONDICIONES AMBIENTALES Y/O ATMOSFERICAS (NIEBLA, NEBLINA, GRANIZO, LLUVIA).",ESTRELLAMIENTOS,AUTOMOVIL,1,0,0,0,0,0,0,0,0,0,0,0,0,1,45,MUJER,LESIONADO,CONDUCTOR PRESENTE,NO,NO,0
12501,38795,38796,2018,0,0,-0.072452,-78.475694,PICHINCHA,QUITO,POMASQUI,URBANA,2018-05-23,10:30:00,10,MIERCOLES,3,MAYO,5,NO,NO MANTENER LA DISTANCIA PRUDENCIAL CON RESPECTO AL VEHICULO QUE LE ANTECEDE.,CHOQUE POSTERIOR,AUTOMOVIL,1,0,0,0,1,0,0,0,0,0,0,0,0,2,67,MUJER,ILESO,CONDUCTOR PRESENTE,NO,NO,0
12502,38796,38797,2018,0,0,-0.295166,-78.454591,PICHINCHA,QUITO,ALANGASI,RURAL,2018-05-23,10:35:00,10,MIERCOLES,3,MAYO,5,NO,"CONDUCIR DESATENTO A LAS CONDICIONES DE TRANSITO (CELULAR, PANTALLAS DE VIDEO, COMIDA, MAQUILLAJE O CUALQUIER OTRO ELEMENTO DISTRACTOR).",OTROS,CAMIONETA,0,0,0,0,1,0,0,0,0,0,0,0,0,1,58,HOMBRE,ILESO,CONDUCTOR PRESENTE,NO,NO,3
12503,38799,38800,2018,1,0,-0.172253,-78.492393,PICHINCHA,QUITO,QUITO,URBANA,2018-05-23,12:30:00,12,MIERCOLES,3,MAYO,5,NO,REALIZAR CAMBIO BRUSCO O INDEBIDO DE CARRIL.,CAIDA DE PASAJERO,NO IDENTIFICADO,0,0,0,0,0,0,0,0,0,1,0,0,0,1,39,MUJER,LESIONADO,PASAJERO,NO,NO,0
12504,38802,38803,2018,0,0,-0.181537,-78.481949,PICHINCHA,QUITO,QUITO,URBANA,2018-05-23,12:50:00,12,MIERCOLES,3,MAYO,5,NO,REALIZAR CAMBIO BRUSCO O INDEBIDO DE CARRIL.,CHOQUE LATERAL,AUTOMOVIL,1,0,0,0,0,0,0,0,0,0,0,0,0,1,28,MUJER,ILESO,CONDUCTOR PRESENTE,NO,NO,0
12505,38804,38805,2018,1,0,-0.172253,-78.492393,PICHINCHA,QUITO,QUITO,URBANA,2018-05-23,13:30:00,13,MIERCOLES,3,MAYO,5,NO,"PRESENCIA DE AGENTES EXTERNOS EN LA VIA (AGUA, ACEITE, PIEDRA, LASTRE, ESCOMBROS, MADEROS, ETC.).",PERDIDA DE CARRIL,MOTOCICLETA,0,0,0,0,0,0,0,0,1,0,0,0,0,1,38,HOMBRE,LESIONADO,CONDUCTOR PRESENTE,NO,NO,0
12506,38810,38811,2018,1,0,-0.343865,-78.548771,PICHINCHA,QUITO,QUITO,URBANA,2018-05-23,14:25:00,14,MIERCOLES,3,MAYO,5,NO,NO MANTENER LA DISTANCIA PRUDENCIAL CON RESPECTO AL VEHICULO QUE LE ANTECEDE.,CHOQUE POSTERIOR,CAMION,0,0,1,1,0,0,0,0,0,0,0,0,0,2,58,HOMBRE,LESIONADO,PASAJERO,NO,NO,0
12507,38813,38814,2018,1,0,-0.076205,-78.435161,PICHINCHA,QUITO,CALDERON (CARAPUNGO),URBANA,2018-05-23,15:00:00,15,MIERCOLES,3,MAYO,5,NO,PEATON QUE CRUZA LA CALZADA SIN RESPETAR LA SENIALIZACION EXISTENTE (SEMAFOROS O SENIALES MANUALES).,ATROPELLOS,FURGONETA,0,0,0,0,0,0,0,1,0,0,0,0,0,1,8,HOMBRE,LESIONADO,PEATON,NO,NO,0
12508,38817,38818,2018,0,0,-0.255609,-78.548711,PICHINCHA,QUITO,QUITO,URBANA,2018-05-23,16:15:00,16,MIERCOLES,3,MAYO,5,NO,"CONDICIONES AMBIENTALES Y/O ATMOSFERICAS (NIEBLA, NEBLINA, GRANIZO, LLUVIA).",ESTRELLAMIENTOS,CAMION,0,0,0,1,0,0,0,0,0,1,0,0,0,2,27,HOMBRE,ILESO,CONDUCTOR PRESENTE,NO,NO,0
12509,38818,38819,2018,1,0,-0.245121,-78.512424,PICHINCHA,QUITO,QUITO,URBANA,2018-05-23,16:20:00,16,MIERCOLES,3,MAYO,5,NO,"CONDICIONES AMBIENTALES Y/O ATMOSFERICAS (NIEBLA, NEBLINA, GRANIZO, LLUVIA).",PERDIDA DE CARRIL,MOTOCICLETA,0,0,0,0,0,0,0,0,1,0,0,0,0,1,27,HOMBRE,LESIONADO,CONDUCTOR PRESENTE,NO,NO,0