,Unnamed: 0,ID,ANIO,LESIONADOS,FALLECIDOS,LATITUD_Y,LONGITUD_X,PROVINCIA,CANTON,PARROQUIA,ZONA,FECHA,HORA,PERIODO_2,DIA_1,DIA_2,MES_1,MES_2,FERIADO,CAUSA_PROBABLE,TIPO_DE_SINIESTRO,TIPO_DE_VEHICULO_1,AUTOMOVIL,BICICLETA,BUS,CAMION,CAMIONETA,EMERGENCIAS,ESPECIAL,FURGONETA,MOTOCICLETA,NO_IDENTIFICADO,SCOOTER_ELECTRICO,TRICIMOTO,VEHICULO_DEPORTIVO_UTILITARIO,SUMA_DE_VEHICULOS,EDAD_1,SEXO_1,CONDICION_1,PARTICIPANTE_1,CASCO_1,CINTURON_1,KMeans_Cluster
12510,38820,38821,2018,0,0,-0.201475,-78.428447,PICHINCHA,QUITO,CUMBAYA,URBANA,2018-05-23,17:20:00,17,MIERCOLES,3,MAYO,5,NO,"NO RESPETAR LAS SENIALES REGLAMENTARIAS DE TRANSITO. (PARE, CEDA EL PASO, LUZ ROJA DEL SEMAFORO, ETC).",OTROS,AUTOMOVIL,1,0,0,0,0,0,0,0,0,0,0,0,0,1,-1,NO IDENTIFICADO,NO IDENTIFICADO,CONDUCTOR AUSENTE,NO,NO,2
12511,38821,38822,2018,0,0,-0.162785,-78.483222,PICHINCHA,QUITO,QUITO,URBANA,2018-05-23,17:40:00,17,MIERCOLES,3,MAYO,5,NO,NO GUARDAR LA DISTANCIA LATERAL MINIMA DE SEGURIDAD ENTRE VEHICULOS.,CHOQUE LATERAL,MOTOCICLETA,1,0,0,0,0,0,0,0,1,0,0,0,0,2,30,HOMBRE,ILESO,CONDUCTOR PRESENTE,NO,NO,0
12512,38826,38827,2018,2,0,-0.101875,-78.490497,PICHINCHA,QUITO,QUITO,URBANA,2018-05-23,19:25:00,19,MIERCOLES,3,MAYO,5,NO,NO GUARDAR LA DISTANCIA LATERAL MINIMA DE SEGURIDAD ENTRE VEHICULOS.,CHOQUE LATERAL,AUTOMOVIL,2,0,0,0,0,0,0,0,0,0,0,0,0,2,53,HOMBRE,LESIONADO,CONDUCTOR PRESENTE,NO,NO,0
12513,38832,38833,2018,0,0,-0.212586,-78.372514,PICHINCHA,QUITO,TUMBACO,URBANA,2018-05-23,20:10:00,20,MIERCOLES,3,MAYO,5,NO,NO MANTENER LA DISTANCIA PRUDENCIAL CON RESPECTO AL VEHICULO QUE LE ANTECEDE.,CHOQUE POSTERIOR,AUTOMOVIL,2,0,0,0,0,0,0,0,0,0,0,0,0,2,73,MUJER,ILESO,CONDUCTOR PRESENTE,NO,NO,0
12514,38834,38835,2018,1,0,-0.221021,-78.393926,PICHINCHA,QUITO,TUMBACO,URBANA,2018-05-23,20:30:00,20,MIERCOLES,3,MAYO,5,NO,CONDUCIR VEHICULO SUPERANDO LOS LIMITES MAXIMOS DE VELOCIDAD.,VOLCAMIENTOS,NO IDENTIFICADO,0,0,0,0,0,0,0,0,0,1,0,0,0,1,63,MUJER,LESIONADO,PASAJERO,NO,NO,0
12515,38836,38837,2018,1,0,-0.297508,-78.541431,PICHINCHA,QUITO,QUITO,URBANA,2018-05-23,21:40:00,21,MIERCOLES,3,MAYO,5,NO,NO TRANSITAR POR LAS ACERAS O ZONAS DE SEGURIDAD DESTINADAS PARA EL EFECTO.,ATROPELLOS,NO IDENTIFICADO,0,0,0,0,0,0,0,0,0,1,0,0,0,1,70,HOMBRE,LESIONADO,PEATON,NO,NO,0
12516,38837,38838,2018,2,0,-0.154858,-78.477865,PICHINCHA,QUITO,QUITO,URBANA,2018-05-23,22:00:00,22,MIERCOLES,3,MAYO,5,NO,NO CEDER EL DERECHO DE VIA O PREFERENCIA DE PASO A VEHICULOS.,CHOQUE LATERAL,AUTOMOVIL,2,0,0,0,0,0,0,0,0,0,0,0,0,2,29,HOMBRE,LESIONADO,CONDUCTOR PRESENTE,NO,NO,0
12517,38839,38840,2018,0,0,-0.282597,-78.470608,PICHINCHA,QUITO,CONOCOTO,URBANA,2018-05-23,22:50:00,22,MIERCOLES,3,MAYO,5,NO,NO MANTENER LA DISTANCIA PRUDENCIAL CON RESPECTO AL VEHICULO QUE LE ANTECEDE.,CHOQUE POSTERIOR,VEHICULO DEPORTIVO UTILITARIO,0,0,0,0,0,0,0,0,0,0,0,0,2,2,28,HOMBRE,ILESO,CONDUCTOR PRESENTE,NO,NO,0
12518,38840,38841,2018,1,0,-0.148151,-78.490789,PICHINCHA,QUITO,QUITO,URBANA,2018-05-23,23:15:00,23,MIERCOLES,3,MAYO,5,NO,"NO RESPETAR LAS SENIALES REGLAMENTARIAS DE TRANSITO. (PARE, CEDA EL PASO, LUZ ROJA DEL SEMAFORO, ETC).",CHOQUE LATERAL,MOTOCICLETA,0,0,0,0,0,0,1,0,1,0,0,0,0,2,29,HOMBRE,LESIONADO,CONDUCTOR PRESENTE,NO,NO,0
12519,38845,38846,2018,1,0,-0.218641,-78.549386,PICHINCHA,QUITO,QUITO,URBANA,2018-05-24,06:25:00,6,JUEVES,4,MAYO,5,SI,NO TRANSITAR POR LAS ACERAS O ZONAS DE SEGURIDAD DESTINADAS PARA EL EFECTO.,ATROPELLOS,CAMION,0,0,0,1,0,0,0,0,0,0,0,0,0,1,27,HOMBRE,LESIONADO,PEATON,NO,NO,0
12520,38856,38857,2018,1,0,-0.248782,-78.518367,PICHINCHA,QUITO,QUITO,URBANA,2018-05-24,12:30:00,12,JUEVES,4,MAYO,5,SI,REALIZAR CAMBIO BRUSCO O INDEBIDO DE CARRIL.,PERDIDA DE CARRIL,MOTOCICLETA,0,0,0,0,0,0,0,0,1,0,0,0,0,1,33,MUJER,LESIONADO,PASAJERO,NO,NO,0
12521,38857,38858,2018,1,0,-0.309753,-78.552531,PICHINCHA,QUITO,QUITO,URBANA,2018-05-24,13:00:00,13,JUEVES,4,MAYO,5,SI,NO TRANSITAR POR LAS ACERAS O ZONAS DE SEGURIDAD DESTINADAS PARA EL EFECTO.,ATROPELLOS,NO IDENTIFICADO,0,0,0,0,0,0,0,0,0,1,0,0,0,1,28,HOMBRE,LESIONADO,PEATON,NO,NO,0
12522,38862,38863,2018,0,0,-0.111245,-78.478941,PICHINCHA,QUITO,QUITO,URBANA,2018-05-24,14:10:00,14,JUEVES,4,MAYO,5,SI,NO MANTENER LA DISTANCIA PRUDENCIAL CON RESPECTO AL VEHICULO QUE LE ANTECEDE.,ROZAMIENTOS,BICICLETA,1,1,0,0,0,0,0,0,0,0,0,0,0,2,30,HOMBRE,ILESO,CONDUCTOR PRESENTE,NO,NO,0
12523,38868,38869,2018,0,0,-0.187426,-78.479813,PICHINCHA,QUITO,QUITO,URBANA,2018-05-24,15:20:00,15,JUEVES,4,MAYO,5,SI,"CONDUCE BAJO LA INFLUENCIA DE ALCOHOL, SUSTANCIAS ESTUPEFACIENTES O PSICOTROPICAS Y/O MEDICAMENTOS.",CHOQUE POSTERIOR,AUTOMOVIL,1,0,0,0,1,0,0,0,0,0,0,0,0,2,32,HOMBRE,ILESO,CONDUCTOR PRESENTE,NO,NO,0
12524,38869,38870,2018,0,0,-0.191542,-78.507322,PICHINCHA,QUITO,QUITO,URBANA,2018-05-24,15:30:00,15,JUEVES,4,MAYO,5,SI,NO CEDER EL DERECHO DE VIA O PREFERENCIA DE PASO A VEHICULOS.,CHOQUE LATERAL,AUTOMOVIL,2,0,0,0,0,0,0,0,0,0,0,0,0,2,57,HOMBRE,ILESO,CONDUCTOR PRESENTE,NO,NO,0
12525,38870,38871,2018,2,0,-0.100965,-78.483391,PICHINCHA,QUITO,QUITO,URBANA,2018-05-24,17:05:00,17,JUEVES,4,MAYO,5,SI,"NO RESPETAR LAS SENIALES REGLAMENTARIAS DE TRANSITO. (PARE, CEDA EL PASO, LUZ ROJA DEL SEMAFORO, ETC).",ATROPELLOS,MOTOCICLETA,0,0,0,0,0,0,0,0,1,0,0,0,0,1,37,HOMBRE,LESIONADO,CONDUCTOR PRESENTE,NO,NO,0
12526,38871,38872,2018,0,0,-0.086751,-78.500306,PICHINCHA,QUITO,QUITO,URBANA,2018-05-24,17:10:00,17,JUEVES,4,MAYO,5,SI,MALAS CONDICIONES DE LA VIA Y/O CONFIGURACION. (ILUMINACION Y DISENIO).,ESTRELLAMIENTOS,CAMIONETA,0,0,0,0,1,0,0,0,0,0,0,0,0,1,25,HOMBRE,ILESO,CONDUCTOR PRESENTE,NO,NO,0
12527,38874,38875,2018,1,0,-0.177802,-78.488934,PICHINCHA,QUITO,QUITO,URBANA,2018-05-24,17:50:00,17,JUEVES,4,MAYO,5,SI,PEATON QUE CRUZA LA CALZADA SIN RESPETAR LA SENIALIZACION EXISTENTE (SEMAFOROS O SENIALES MANUALES).,ATROPELLOS,BUS,0,0,1,0,0,0,0,0,0,0,0,0,0,1,38,HOMBRE,LESIONADO,PEATON,NO,NO,0
12528,38876,38877,2018,1,0,-0.081949,-78.438448,PICHINCHA,QUITO,CALDERON (CARAPUNGO),URBANA,2018-05-24,18:15:00,18,JUEVES,4,MAYO,5,SI,PEATON QUE CRUZA LA CALZADA SIN RESPETAR LA SENIALIZACION EXISTENTE (SEMAFOROS O SENIALES MANUALES).,ATROPELLOS,NO IDENTIFICADO,0,0,0,0,0,0,0,0,0,1,0,0,0,1,17,HOMBRE,LESIONADO,PEATON,NO,NO,0
12529,38880,38881,2018,2,0,-0.190933,-78.480366,PICHINCHA,QUITO,QUITO,URBANA,2018-05-24,19:15:00,19,JUEVES,4,MAYO,5,SI,"CONDUCE BAJO LA INFLUENCIA DE ALCOHOL, SUSTANCIAS ESTUPEFACIENTES O PSICOTROPICAS Y/O MEDICAMENTOS.",ESTRELLAMIENTOS,MOTOCICLETA,0,0,0,0,0,0,0,0,1,0,0,0,0,1,37,HOMBRE,LESIONADO,CONDUCTOR PRESENTE,NO,NO,0
12530,38881,38882,2018,0,0,-0.181846,-78.475539,PICHINCHA,QUITO,QUITO,URBANA,2018-05-24,19:30:00,19,JUEVES,4,MAYO,5,SI,NO MANTENER LA DISTANCIA PRUDENCIAL CON RESPECTO AL VEHICULO QUE LE ANTECEDE.,COLISION,CAMIONETA,2,0,0,0,1,0,0,0,0,0,0,0,0,3,46,HOMBRE,ILESO,CONDUCTOR PRESENTE,NO,NO,0
12531,38884,38885,2018,0,0,-0.150393,-78.453592,PICHINCHA,QUITO,QUITO,URBANA,2018-05-24,20:10:00,20,JUEVES,4,MAYO,5,SI,"CONDUCE BAJO LA INFLUENCIA DE ALCOHOL, SUSTANCIAS ESTUPEFACIENTES O PSICOTROPICAS Y/O MEDICAMENTOS.",CHOQUE POSTERIOR,CAMIONETA,1,0,0,0,1,0,0,0,0,0,0,0,0,2,24,HOMBRE,ILESO,CONDUCTOR PRESENTE,NO,NO,0
12532,38887,38888,2018,0,0,-0.279865,-78.559221,PICHINCHA,QUITO,QUITO,URBANA,2018-05-24,21:15:00,21,JUEVES,4,MAYO,5,SI,"CONDUCE BAJO LA INFLUENCIA DE ALCOHOL, SUSTANCIAS ESTUPEFACIENTES O PSICOTROPICAS Y/O MEDICAMENTOS.",CHOQUE LATERAL,AUTOMOVIL,2,0,0,0,0,0,0,0,0,0,0,0,0,2,29,HOMBRE,ILESO,CONDUCTOR PRESENTE,NO,NO,0
12533,38889,38890,2018,0,1,-0.225086,-78.493681,PICHINCHA,QUITO,QUITO,URBANA,2018-05-24,21:35:00,21,JUEVES,4,MAYO,5,SI,NO TRANSITAR POR LAS ACERAS O ZONAS DE SEGURIDAD DESTINADAS PARA EL EFECTO.,ATROPELLOS,NO IDENTIFICADO,0,0,0,0,0,0,0,0,0,1,0,0,0,1,21,HOMBRE,FALLECIDO,PEATON,NO,NO,0
12534,38890,38891,2018,0,0,-0.245278,-78.498167,PICHINCHA,QUITO,QUITO,URBANA,2018-05-24,22:30:00,22,JUEVES,4,MAYO,5,SI,"CASO FORTUITO O FUERZA MAYOR (EXPLOSION DE NEUMATICO NUEVO, DERRUMBE, INUNDACION, CAIDA DE PUENTE, ARBOL, PRESENCIA INTEMPESTIVA E IMPREVISTA DE SEMOVIENTES EN LA VIA, ETC.).",VOLCAMIENTOS,AUTOMOVIL,1,0,0,0,0,0,0,0,0,0,0,0,0,1,-1,NO IDENTIFICADO,NO IDENTIFICADO,CONDUCTOR AUSENTE,NO,NO,2
12535,38892,38893,2018,0,0,-0.129339,-78.481224,PICHINCHA,QUITO,QUITO,URBANA,2018-05-24,23:20:00,23,JUEVES,4,MAYO,5,SI,"CONDUCIR DESATENTO A LAS CONDICIONES DE TRANSITO (CELULAR, PANTALLAS DE VIDEO, COMIDA, MAQUILLAJE O CUALQUIER OTRO ELEMENTO DISTRACTOR).",ESTRELLAMIENTOS,CAMIONETA,0,0,0,0,1,0,0,0,0,0,0,0,0,1,-1,NO IDENTIFICADO,NO IDENTIFICADO,CONDUCTOR AUSENTE,NO,NO,2
12536,38893,38894,2018,1,0,-0.269882,-78.535247,PICHINCHA,QUITO,QUITO,URBANA,2018-05-24,23:30:00,23,JUEVES,4,MAYO,5,SI,BAJARSE O SUBIRSE DE VEHICULOS EN MOVIMIENTO SIN TOMAR LAS PRECAUCIONES DEBIDAS.,CAIDA DE PASAJERO,CAMION,0,0,0,1,0,0,0,0,0,0,0,0,0,1,30,HOMBRE,LESIONADO,PASAJERO,NO,NO,0
12537,38900,38901,2018,0,0,-0.224383,-78.496888,PICHINCHA,QUITO,QUITO,URBANA,2018-05-25,01:00:00,1,VIERNES,5,MAYO,5,SI,CONDUCIR VEHICULO SUPERANDO LOS LIMITES MAXIMOS DE VELOCIDAD.,ESTRELLAMIENTOS,AUTOMOVIL,1,0,0,0,0,0,0,0,0,0,0,0,0,1,-1,NO IDENTIFICADO,NO IDENTIFICADO,CONDUCTOR AUSENTE,NO,NO,2
12538,38902,38903,2018,0,1,-0.230059,-78.489821,PICHINCHA,QUITO,QUITO,URBANA,2018-05-25,01:30:00,1,VIERNES,5,MAYO,5,SI,PEATON QUE CRUZA LA CALZADA SIN RESPETAR LA SENIALIZACION EXISTENTE (SEMAFOROS O SENIALES MANUALES).,ARROLLAMIENTOS,NO IDENTIFICADO,0,0,0,0,0,0,0,0,0,1,0,0,0,1,-1,HOMBRE,FALLECIDO,PEATON,NO,NO,0
12539,38903,38904,2018,0,0,-0.202543,-78.494032,PICHINCHA,QUITO,QUITO,URBANA,2018-05-25,01:50:00,1,VIERNES,5,MAYO,5,SI,CONDUCIR VEHICULO SUPERANDO LOS LIMITES MAXIMOS DE VELOCIDAD.,ESTRELLAMIENTOS,AUTOMOVIL,1,0,0,0,0,0,0,0,0,0,0,0,0,1,25,MUJER,ILESO,PASAJERO,NO,NO,0
12540,38906,38907,2018,0,0,-0.194053,-78.438791,PICHINCHA,QUITO,CUMBAYA,URBANA,2018-05-25,02:35:00,2,VIERNES,5,MAYO,5,SI,NO GUARDAR LA DISTANCIA LATERAL MINIMA DE SEGURIDAD ENTRE VEHICULOS.,ESTRELLAMIENTOS,AUTOMOVIL,1,0,0,0,0,0,0,0,0,0,0,0,0,1,32,HOMBRE,ILESO,CONDUCTOR PRESENTE,NO,NO,0
12541,38907,38908,2018,1,0,-0.230435,-78.513108,PICHINCHA,QUITO,QUITO,URBANA,2018-05-25,03:00:00,3,VIERNES,5,MAYO,5,SI,"NO RESPETAR LAS SENIALES REGLAMENTARIAS DE TRANSITO. (PARE, CEDA EL PASO, LUZ ROJA DEL SEMAFORO, ETC).",OTROS,NO IDENTIFICADO,0,0,0,0,0,0,0,0,0,1,0,0,0,1,40,HOMBRE,LESIONADO,PASAJERO,NO,NO,0
12542,38911,38912,2018,1,0,-0.133553,-78.501956,PICHINCHA,QUITO,QUITO,URBANA,2018-05-25,03:59:00,3,VIERNES,5,MAYO,5,SI,"CONDUCE BAJO LA INFLUENCIA DE ALCOHOL, SUSTANCIAS ESTUPEFACIENTES O PSICOTROPICAS Y/O MEDICAMENTOS.",ESTRELLAMIENTOS,CAMIONETA,0,0,0,0,1,0,0,0,0,0,0,0,0,1,43,MUJER,LESIONADO,PASAJERO,NO,NO,0
12543,38912,38913,2018,0,0,-0.261431,-78.479161,PICHINCHA,QUITO,CONOCOTO,RURAL,2018-05-25,04:15:00,4,VIERNES,5,MAYO,5,SI,"CONDUCIR DESATENTO A LAS CONDICIONES DE TRANSITO (CELULAR, PANTALLAS DE VIDEO, COMIDA, MAQUILLAJE O CUALQUIER OTRO ELEMENTO DISTRACTOR).",ESTRELLAMIENTOS,CAMIONETA,0,0,0,0,1,0,0,0,0,0,0,0,0,1,-1,NO IDENTIFICADO,NO IDENTIFICADO,CONDUCTOR AUSENTE,NO,NO,2
12544,38919,38920,2018,0,0,-0.122935,-78.480532,PICHINCHA,QUITO,QUITO,URBANA,2018-05-25,06:10:00,6,VIERNES,5,MAYO,5,SI,"CONDUCE BAJO LA INFLUENCIA DE ALCOHOL, SUSTANCIAS ESTUPEFACIENTES O PSICOTROPICAS Y/O MEDICAMENTOS.",CHOQUE LATERAL,AUTOMOVIL,2,0,0,0,0,0,0,0,0,0,0,0,0,2,35,HOMBRE,ILESO,CONDUCTOR PRESENTE,NO,NO,0
12545,38920,38921,2018,1,0,-0.184896,-78.485557,PICHINCHA,QUITO,QUITO,URBANA,2018-05-25,06:10:00,6,VIERNES,5,MAYO,5,SI,"CONDUCE BAJO LA INFLUENCIA DE ALCOHOL, SUSTANCIAS ESTUPEFACIENTES O PSICOTROPICAS Y/O MEDICAMENTOS.",ATROPELLOS,AUTOMOVIL,1,0,0,0,0,0,0,0,0,0,0,0,0,1,42,MUJER,LESIONADO,PEATON,NO,NO,0
12546,38921,38922,2018,0,1,-0.109351,-78.458267,PICHINCHA,QUITO,CALDERON (CARAPUNGO),URBANA,2018-05-25,06:15:00,6,VIERNES,5,MAYO,5,SI,"CONDUCIR DESATENTO A LAS CONDICIONES DE TRANSITO (CELULAR, PANTALLAS DE VIDEO, COMIDA, MAQUILLAJE O CUALQUIER OTRO ELEMENTO DISTRACTOR).",ESTRELLAMIENTOS,AUTOMOVIL,1,0,1,0,0,0,0,0,0,0,0,0,0,2,28,HOMBRE,FALLECIDO,CONDUCTOR PRESENTE,NO,NO,0
12547,38922,38923,2018,0,0,-0.276157,-78.452913,PICHINCHA,QUITO,CONOCOTO,URBANA,2018-05-25,06:55:00,6,VIERNES,5,MAYO,5,SI,CONDUCIR VEHICULO SUPERANDO LOS LIMITES MAXIMOS DE VELOCIDAD.,ESTRELLAMIENTOS,AUTOMOVIL,1,0,0,0,0,0,0,0,0,0,0,0,0,1,-1,NO IDENTIFICADO,NO IDENTIFICADO,CONDUCTOR AUSENTE,NO,NO,2
12548,38925,38926,2018,1,0,-0.116014,-78.479591,PICHINCHA,QUITO,QUITO,URBANA,2018-05-25,07:41:00,7,VIERNES,5,MAYO,5,SI,CONDUCIR VEHICULO SUPERANDO LOS LIMITES MAXIMOS DE VELOCIDAD.,ESTRELLAMIENTOS,AUTOMOVIL,2,0,0,0,0,0,0,0,0,0,0,0,0,2,51,HOMBRE,LESIONADO,CONDUCTOR PRESENTE,NO,NO,0
12549,38930,38931,2018,0,0,-0.163294,-78.462564,PICHINCHA,QUITO,QUITO,URBANA,2018-05-25,12:06:00,12,VIERNES,5,MAYO,5,SI,NO MANTENER LA DISTANCIA PRUDENCIAL CON RESPECTO AL VEHICULO QUE LE ANTECEDE.,CHOQUE POSTERIOR,AUTOMOVIL,2,0,0,0,0,0,0,0,0,0,0,0,0,2,20,HOMBRE,ILESO,CONDUCTOR PRESENTE,NO,NO,0
12550,38931,38932,2018,1,0,-0.184218,-78.505972,PICHINCHA,QUITO,QUITO,URBANA,2018-05-25,12:30:00,12,VIERNES,5,MAYO,5,SI,NO GUARDAR LA DISTANCIA LATERAL MINIMA DE SEGURIDAD ENTRE VEHICULOS.,ROZAMIENTOS,NO IDENTIFICADO,0,0,0,0,0,0,0,0,0,1,0,0,0,1,59,HOMBRE,LESIONADO,CONDUCTOR PRESENTE,NO,NO,0
12551,38932,38933,2018,1,0,-0.342057,-78.548941,PICHINCHA,QUITO,QUITO,URBANA,2018-05-25,12:55:00,12,VIERNES,5,MAYO,5,SI,NO CEDER EL DERECHO DE VIA O PREFERENCIA DE PASO AL PEATON.,ATROPELLOS,NO IDENTIFICADO,0,0,0,0,0,0,0,0,0,1,0,0,0,1,53,MUJER,LESIONADO,PEATON,NO,NO,0
12552,38936,38937,2018,7,0,-0.217989,-78.508704,PICHINCHA,QUITO,QUITO,URBANA,2018-05-25,15:00:00,15,VIERNES,5,MAYO,5,SI,NO RESPETAR LAS SENIALES MANUALES DEL AGENTE DE TRANSITO.,CHOQUE LATERAL,BUS,0,0,2,0,0,0,0,0,0,0,0,0,0,2,38,MUJER,LESIONADO,PASAJERO,NO,NO,0
12553,38937,38938,2018,2,0,-0.279721,-78.549342,PICHINCHA,QUITO,QUITO,URBANA,2018-05-25,15:43:00,15,VIERNES,5,MAYO,5,SI,NO CEDER EL DERECHO DE VIA O PREFERENCIA DE PASO AL PEATON.,ATROPELLOS,NO IDENTIFICADO,0,0,0,0,0,0,0,0,0,1,0,0,0,1,17,HOMBRE,LESIONADO,PEATON,NO,NO,0
12554,38938,38939,2018,1,0,-0.114432,-78.495088,PICHINCHA,QUITO,QUITO,URBANA,2018-05-25,15:45:00,15,VIERNES,5,MAYO,5,SI,PEATON QUE CRUZA LA CALZADA SIN RESPETAR LA SENIALIZACION EXISTENTE (SEMAFOROS O SENIALES MANUALES).,ATROPELLOS,AUTOMOVIL,1,0,0,0,0,0,0,0,0,0,0,0,0,1,38,HOMBRE,LESIONADO,PEATON,NO,NO,0
12555,38939,38940,2018,0,0,-0.265118,-78.484803,PICHINCHA,QUITO,CONOCOTO,URBANA,2018-05-25,16:04:00,16,VIERNES,5,MAYO,5,SI,"CONDUCIR DESATENTO A LAS CONDICIONES DE TRANSITO (CELULAR, PANTALLAS DE VIDEO, COMIDA, MAQUILLAJE O CUALQUIER OTRO ELEMENTO DISTRACTOR).",ESTRELLAMIENTOS,AUTOMOVIL,1,0,0,0,0,0,0,0,0,0,0,0,0,1,28,HOMBRE,ILESO,CONDUCTOR PRESENTE,NO,NO,0
12556,38941,38942,2018,0,0,-0.447481,-78.688001,PICHINCHA,MEJIA,ALOAG,RURAL,2018-05-25,16:21:00,16,VIERNES,5,MAYO,5,SI,"CONDUCIR DESATENTO A LAS CONDICIONES DE TRANSITO (CELULAR, PANTALLAS DE VIDEO, COMIDA, MAQUILLAJE O CUALQUIER OTRO ELEMENTO DISTRACTOR).",PERDIDA DE PISTA,CAMIONETA,0,0,0,0,1,0,0,0,0,0,0,0,0,1,42,HOMBRE,ILESO,CONDUCTOR PRESENTE,NO,NO,3
12557,38942,38943,2018,1,0,-0.318641,-78.549386,PICHINCHA,QUITO,QUITO,RURAL,2018-05-25,16:30:00,16,VIERNES,5,MAYO,5,SI,REALIZAR CAMBIO BRUSCO O INDEBIDO DE CARRIL.,PERDIDA DE CARRIL,MOTOCICLETA,0,0,0,0,0,0,0,0,1,0,0,0,0,1,26,HOMBRE,LESIONADO,PASAJERO,NO,NO,3
12558,38944,38945,2018,2,0,-0.299621,-78.524243,PICHINCHA,QUITO,QUITO,URBANA,2018-05-25,16:44:00,16,VIERNES,5,MAYO,5,SI,"NO RESPETAR LAS SENIALES REGLAMENTARIAS DE TRANSITO. (PARE, CEDA EL PASO, LUZ ROJA DEL SEMAFORO, ETC).",CHOQUE LATERAL,BUS,0,0,1,0,0,0,0,0,0,1,0,0,0,2,16,MUJER,LESIONADO,PASAJERO,NO,NO,0
12559,38946,38947,2018,1,0,-0.202993,-78.499086,PICHINCHA,QUITO,QUITO,URBANA,2018-05-25,17:50:00,17,VIERNES,5,MAYO,5,SI,PEATON QUE CRUZA LA CALZADA SIN RESPETAR LA SENIALIZACION EXISTENTE (SEMAFOROS O SENIALES MANUALES).,ATROPELLOS,CAMIONETA,0,0,0,0,1,0,0,0,0,0,0,0,0,1,31,HOMBRE,LESIONADO,PEATON,NO,NO,0
12560,38949,38950,2018,0,0,-0.300329,-78.540787,PICHINCHA,QUITO,QUITO,URBANA,2018-05-25,18:33:00,18,VIERNES,5,MAYO,5,SI,DEJAR O RECOGER PASAJEROS EN LUGARES NO PERMITIDOS.,CAIDA DE PASAJERO,BUS,0,0,1,0,0,0,0,0,0,0,0,0,0,1,-1,NO IDENTIFICADO,NO IDENTIFICADO,CONDUCTOR AUSENTE,NO,NO,2
12561,38953,38954,2018,1,0,-0.064334,-78.429354,PICHINCHA,QUITO,CALDERON (CARAPUNGO),URBANA,2018-05-25,20:00:00,20,VIERNES,5,MAYO,5,SI,BAJARSE O SUBIRSE DE VEHICULOS EN MOVIMIENTO SIN TOMAR LAS PRECAUCIONES DEBIDAS.,CAIDA DE PASAJERO,BUS,0,0,1,0,0,0,0,0,0,0,0,0,0,1,44,MUJER,LESIONADO,PASAJERO,NO,NO,0
12562,38954,38955,2018,1,0,-0.242475,-78.497488,PICHINCHA,QUITO,QUITO,URBANA,2018-05-25,20:00:00,20,VIERNES,5,MAYO,5,SI,"CONDUCIR EN ESTADO DE SOMNOLENCIA O MALAS CONDICIONES FISICAS (SUENIO, CANSANCIO Y FATIGA).",CHOQUE FRONTAL,FURGONETA,1,0,0,0,0,0,0,1,0,0,0,0,0,2,29,HOMBRE,LESIONADO,CONDUCTOR PRESENTE,NO,NO,0
12563,38955,38956,2018,0,0,-0.263992,-78.523687,PICHINCHA,QUITO,QUITO,URBANA,2018-05-25,20:00:00,20,VIERNES,5,MAYO,5,SI,CONDUCIR VEHICULO SUPERANDO LOS LIMITES MAXIMOS DE VELOCIDAD.,OTROS,AUTOMOVIL,1,0,0,0,0,0,0,0,0,0,0,0,0,1,-1,NO IDENTIFICADO,NO IDENTIFICADO,CONDUCTOR AUSENTE,NO,NO,2
12564,38956,38957,2018,0,0,-0.251592,-78.542785,PICHINCHA,QUITO,QUITO,URBANA,2018-05-25,20:15:00,20,VIERNES,5,MAYO,5,SI,"CONDUCE BAJO LA INFLUENCIA DE ALCOHOL, SUSTANCIAS ESTUPEFACIENTES O PSICOTROPICAS Y/O MEDICAMENTOS.",ESTRELLAMIENTOS,AUTOMOVIL,2,0,0,0,0,0,0,0,0,1,0,0,0,3,43,HOMBRE,ILESO,CONDUCTOR PRESENTE,NO,NO,0
12565,38960,38961,2018,0,0,-0.223301,-78.487751,PICHINCHA,QUITO,QUITO,URBANA,2018-05-25,21:05:00,21,VIERNES,5,MAYO,5,SI,CONDUCIR VEHICULO SUPERANDO LOS LIMITES MAXIMOS DE VELOCIDAD.,ESTRELLAMIENTOS,AUTOMOVIL,1,0,0,0,0,0,0,0,0,0,0,0,0,1,-1,NO IDENTIFICADO,NO IDENTIFICADO,CONDUCTOR AUSENTE,NO,NO,2
12566,38964,38965,2018,0,0,-0.128693,-78.471214,PICHINCHA,QUITO,QUITO,URBANA,2018-05-25,23:40:00,23,VIERNES,5,MAYO,5,SI,NO MANTENER LA DISTANCIA PRUDENCIAL CON RESPECTO AL VEHICULO QUE LE ANTECEDE.,ESTRELLAMIENTOS,AUTOMOVIL,1,0,0,0,0,0,0,0,0,0,0,0,0,1,-1,NO IDENTIFICADO,NO IDENTIFICADO,CONDUCTOR AUSENTE,NO,NO,2
12567,38965,38966,2018,1,0,0.035292,-78.148212,PICHINCHA,CAYAMBE,CAYAMBE,URBANA,2018-05-26,00:10:00,0,SABADO,6,MAYO,5,SI,"CONDUCE BAJO LA INFLUENCIA DE ALCOHOL, SUSTANCIAS ESTUPEFACIENTES O PSICOTROPICAS Y/O MEDICAMENTOS.",CHOQUE LATERAL,MOTOCICLETA,1,0,0,0,0,0,0,0,1,0,0,0,0,2,18,HOMBRE,LESIONADO,CONDUCTOR PRESENTE,NO,NO,0