,Unnamed: 0,ID,ANIO,LESIONADOS,FALLECIDOS,LATITUD_Y,LONGITUD_X,PROVINCIA,CANTON,PARROQUIA,ZONA,FECHA,HORA,PERIODO_2,DIA_1,DIA_2,MES_1,MES_2,FERIADO,CAUSA_PROBABLE,TIPO_DE_SINIESTRO,TIPO_DE_VEHICULO_1,AUTOMOVIL,BICICLETA,BUS,CAMION,CAMIONETA,EMERGENCIAS,ESPECIAL,FURGONETA,MOTOCICLETA,NO_IDENTIFICADO,SCOOTER_ELECTRICO,TRICIMOTO,VEHICULO_DEPORTIVO_UTILITARIO,SUMA_DE_VEHICULOS,EDAD_1,SEXO_1,CONDICION_1,PARTICIPANTE_1,CASCO_1,CINTURON_1,KMeans_Cluster
12568,38966,38967,2018,0,0,-0.198075,-78.462834,PICHINCHA,QUITO,QUITO,URBANA,2018-05-26,00:35:00,0,SABADO,6,MAYO,5,SI,"CONDUCIR DESATENTO A LAS CONDICIONES DE TRANSITO (CELULAR, PANTALLAS DE VIDEO, COMIDA, MAQUILLAJE O CUALQUIER OTRO ELEMENTO DISTRACTOR).",ESTRELLAMIENTOS,AUTOMOVIL,1,0,0,0,0,0,0,0,0,0,0,0,0,1,41,MUJER,ILESO,CONDUCTOR PRESENTE,NO,NO,0
12569,38973,38974,2018,0,0,-0.221188,-78.421811,PICHINCHA,QUITO,TUMBACO,URBANA,2018-05-26,02:15:00,2,SABADO,6,MAYO,5,SI,CONDUCIR VEHICULO SUPERANDO LOS LIMITES MAXIMOS DE VELOCIDAD.,ESTRELLAMIENTOS,AUTOMOVIL,1,0,0,0,0,0,0,0,0,0,0,0,0,1,-1,NO IDENTIFICADO,NO IDENTIFICADO,CONDUCTOR AUSENTE,NO,NO,2
12570,38980,38981,2018,0,0,-0.119451,-78.506659,PICHINCHA,QUITO,QUITO,URBANA,2018-05-26,05:00:00,5,SABADO,6,MAYO,5,SI,"CONDUCIR DESATENTO A LAS CONDICIONES DE TRANSITO (CELULAR, PANTALLAS DE VIDEO, COMIDA, MAQUILLAJE O CUALQUIER OTRO ELEMENTO DISTRACTOR).",OTROS,AUTOMOVIL,1,0,0,0,0,0,0,0,0,0,0,0,0,1,-1,NO IDENTIFICADO,NO IDENTIFICADO,CONDUCTOR AUSENTE,NO,NO,2
12571,38988,38989,2018,0,0,-0.042299,-78.284441,PICHINCHA,CAYAMBE,SANTA ROSA DE CUZUBAMBA,RURAL,2018-05-26,08:15:00,8,SABADO,6,MAYO,5,SI,"CONDUCE BAJO LA INFLUENCIA DE ALCOHOL, SUSTANCIAS ESTUPEFACIENTES O PSICOTROPICAS Y/O MEDICAMENTOS.",CHOQUE LATERAL,AUTOMOVIL,1,0,0,0,1,0,0,0,0,0,0,0,0,2,48,MUJER,ILESO,CONDUCTOR PRESENTE,NO,NO,3
12572,38990,38991,2018,1,0,-0.199767,-78.428009,PICHINCHA,QUITO,CUMBAYA,URBANA,2018-05-26,10:00:00,10,SABADO,6,MAYO,5,SI,NO TRANSITAR POR LAS ACERAS O ZONAS DE SEGURIDAD DESTINADAS PARA EL EFECTO.,ATROPELLOS,AUTOMOVIL,1,0,0,0,0,0,0,0,0,0,0,0,0,1,68,MUJER,LESIONADO,PEATON,NO,NO,0
12573,38998,38999,2018,0,0,-0.131716,-78.485741,PICHINCHA,QUITO,QUITO,URBANA,2018-05-26,12:47:00,12,SABADO,6,MAYO,5,SI,"NO RESPETAR LAS SENIALES REGLAMENTARIAS DE TRANSITO. (PARE, CEDA EL PASO, LUZ ROJA DEL SEMAFORO, ETC).",ESTRELLAMIENTOS,AUTOMOVIL,1,0,0,0,1,0,0,0,0,0,0,0,0,2,55,HOMBRE,ILESO,CONDUCTOR PRESENTE,NO,NO,0
12574,39000,39001,2018,0,0,-0.293646,-78.539922,PICHINCHA,QUITO,QUITO,URBANA,2018-05-26,12:58:00,12,SABADO,6,MAYO,5,SI,"CONDUCE BAJO LA INFLUENCIA DE ALCOHOL, SUSTANCIAS ESTUPEFACIENTES O PSICOTROPICAS Y/O MEDICAMENTOS.",CHOQUE LATERAL,AUTOMOVIL,1,0,0,0,0,0,0,0,1,0,0,0,0,2,32,HOMBRE,ILESO,CONDUCTOR PRESENTE,NO,NO,0
12575,39001,39002,2018,0,0,-0.211464,-78.419122,PICHINCHA,QUITO,TUMBACO,URBANA,2018-05-26,13:10:00,13,SABADO,6,MAYO,5,SI,"CONDUCIR DESATENTO A LAS CONDICIONES DE TRANSITO (CELULAR, PANTALLAS DE VIDEO, COMIDA, MAQUILLAJE O CUALQUIER OTRO ELEMENTO DISTRACTOR).",OTROS,MOTOCICLETA,0,0,0,0,0,0,0,0,1,1,0,0,0,2,62,HOMBRE,ILESO,CONDUCTOR PRESENTE,NO,NO,0
12576,39002,39003,2018,0,0,-0.199767,-78.428809,PICHINCHA,QUITO,CUMBAYA,URBANA,2018-05-26,13:25:00,13,SABADO,6,MAYO,5,SI,NO GUARDAR LA DISTANCIA LATERAL MINIMA DE SEGURIDAD ENTRE VEHICULOS.,CHOQUE LATERAL,BUS,1,0,1,0,0,0,0,0,0,0,0,0,0,2,51,HOMBRE,ILESO,CONDUCTOR PRESENTE,NO,NO,0
12577,39003,39004,2018,1,0,-0.165522,-78.476861,PICHINCHA,QUITO,QUITO,URBANA,2018-05-26,13:35:00,13,SABADO,6,MAYO,5,SI,"CONDICIONES AMBIENTALES Y/O ATMOSFERICAS (NIEBLA, NEBLINA, GRANIZO, LLUVIA).",ESTRELLAMIENTOS,MOTOCICLETA,0,0,0,0,1,0,0,0,1,0,0,0,0,2,25,HOMBRE,LESIONADO,PASAJERO,NO,NO,0
12578,39010,39011,2018,0,0,-0.211083,-78.514909,PICHINCHA,QUITO,QUITO,URBANA,2018-05-26,16:15:00,16,SABADO,6,MAYO,5,SI,CONDUCIR VEHICULO SUPERANDO LOS LIMITES MAXIMOS DE VELOCIDAD.,ESTRELLAMIENTOS,AUTOMOVIL,1,0,0,0,1,0,0,0,0,0,0,0,0,2,-1,NO IDENTIFICADO,NO IDENTIFICADO,CONDUCTOR AUSENTE,NO,NO,2
12579,39016,39017,2018,0,0,-0.202622,-78.500029,PICHINCHA,QUITO,QUITO,URBANA,2018-05-26,19:00:00,19,SABADO,6,MAYO,5,SI,"CONDUCE BAJO LA INFLUENCIA DE ALCOHOL, SUSTANCIAS ESTUPEFACIENTES O PSICOTROPICAS Y/O MEDICAMENTOS.",ESTRELLAMIENTOS,AUTOMOVIL,2,0,0,0,0,0,0,0,0,0,0,0,0,2,23,HOMBRE,ILESO,CONDUCTOR PRESENTE,NO,NO,0
12580,39020,39021,2018,0,0,-0.262147,-78.529357,PICHINCHA,QUITO,QUITO,URBANA,2018-05-26,20:00:00,20,SABADO,6,MAYO,5,SI,"CONDUCE BAJO LA INFLUENCIA DE ALCOHOL, SUSTANCIAS ESTUPEFACIENTES O PSICOTROPICAS Y/O MEDICAMENTOS.",CHOQUE POSTERIOR,AUTOMOVIL,1,0,0,0,1,0,0,0,0,0,0,0,0,2,72,HOMBRE,ILESO,CONDUCTOR PRESENTE,NO,NO,0
12581,39022,39023,2018,0,0,-0.328479,-78.522294,PICHINCHA,QUITO,QUITO,URBANA,2018-05-26,21:30:00,21,SABADO,6,MAYO,5,SI,"CONDUCIR DESATENTO A LAS CONDICIONES DE TRANSITO (CELULAR, PANTALLAS DE VIDEO, COMIDA, MAQUILLAJE O CUALQUIER OTRO ELEMENTO DISTRACTOR).",ESTRELLAMIENTOS,AUTOMOVIL,1,0,0,0,0,0,0,0,0,0,0,0,0,1,-1,NO IDENTIFICADO,NO IDENTIFICADO,CONDUCTOR AUSENTE,NO,NO,2
12582,39024,39025,2018,1,0,-0.264263,-78.550014,PICHINCHA,QUITO,QUITO,URBANA,2018-05-26,22:10:00,22,SABADO,6,MAYO,5,SI,"CONDUCE BAJO LA INFLUENCIA DE ALCOHOL, SUSTANCIAS ESTUPEFACIENTES O PSICOTROPICAS Y/O MEDICAMENTOS.",CHOQUE POSTERIOR,AUTOMOVIL,2,0,0,0,0,0,0,0,0,0,0,0,0,2,33,HOMBRE,LESIONADO,CONDUCTOR PRESENTE,NO,NO,0
12583,39027,39028,2018,1,0,-0.291456,-78.473781,PICHINCHA,QUITO,CONOCOTO,URBANA,2018-05-26,22:40:00,22,SABADO,6,MAYO,5,SI,"CONDUCIR DESATENTO A LAS CONDICIONES DE TRANSITO (CELULAR, PANTALLAS DE VIDEO, COMIDA, MAQUILLAJE O CUALQUIER OTRO ELEMENTO DISTRACTOR).",CHOQUE FRONTAL,NO IDENTIFICADO,0,0,0,0,0,0,0,0,0,1,0,0,0,1,30,HOMBRE,LESIONADO,CONDUCTOR PRESENTE,NO,NO,0
12584,39028,39029,2018,1,0,-0.273411,-78.527068,PICHINCHA,QUITO,QUITO,URBANA,2018-05-26,22:40:00,22,SABADO,6,MAYO,5,SI,NO CEDER EL DERECHO DE VIA O PREFERENCIA DE PASO AL PEATON.,ATROPELLOS,NO IDENTIFICADO,0,0,0,0,0,0,0,0,0,1,0,0,0,1,37,HOMBRE,LESIONADO,PEATON,NO,NO,0
12585,39030,39031,2018,0,0,-0.270419,-78.552565,PICHINCHA,QUITO,QUITO,URBANA,2018-05-26,23:15:00,23,SABADO,6,MAYO,5,SI,"NO RESPETAR LAS SENIALES REGLAMENTARIAS DE TRANSITO. (PARE, CEDA EL PASO, LUZ ROJA DEL SEMAFORO, ETC).",ESTRELLAMIENTOS,AUTOMOVIL,1,0,0,0,0,0,0,0,0,0,0,0,0,1,-1,NO IDENTIFICADO,NO IDENTIFICADO,CONDUCTOR AUSENTE,NO,NO,2
12586,39033,39034,2018,0,0,-0.231331,-78.492095,PICHINCHA,QUITO,QUITO,URBANA,2018-05-26,23:40:00,23,SABADO,6,MAYO,5,SI,"NO RESPETAR LAS SENIALES REGLAMENTARIAS DE TRANSITO. (PARE, CEDA EL PASO, LUZ ROJA DEL SEMAFORO, ETC).",PERDIDA DE CARRIL,AUTOMOVIL,1,0,0,0,0,0,0,0,0,0,0,0,0,1,-1,NO IDENTIFICADO,NO IDENTIFICADO,CONDUCTOR AUSENTE,NO,NO,2
12587,39036,39037,2018,0,0,-0.167628,-78.325527,PICHINCHA,QUITO,YARUQUI,RURAL,2018-05-27,00:15:00,0,DOMINGO,7,MAYO,5,SI,"CONDUCE BAJO LA INFLUENCIA DE ALCOHOL, SUSTANCIAS ESTUPEFACIENTES O PSICOTROPICAS Y/O MEDICAMENTOS.",CHOQUE FRONTAL,AUTOMOVIL,2,0,0,0,0,0,0,0,0,0,0,0,0,2,39,HOMBRE,ILESO,CONDUCTOR PRESENTE,NO,NO,3
12588,39054,39055,2018,0,0,-0.178201,-78.359842,PICHINCHA,QUITO,PUEMBO,URBANA,2018-05-27,04:00:00,4,DOMINGO,7,MAYO,5,SI,"CONDUCIR DESATENTO A LAS CONDICIONES DE TRANSITO (CELULAR, PANTALLAS DE VIDEO, COMIDA, MAQUILLAJE O CUALQUIER OTRO ELEMENTO DISTRACTOR).",ESTRELLAMIENTOS,AUTOMOVIL,1,0,0,0,0,0,0,0,0,0,0,0,0,1,-1,NO IDENTIFICADO,NO IDENTIFICADO,CONDUCTOR AUSENTE,NO,NO,2
12589,39065,39066,2018,0,0,-0.199767,-78.428009,PICHINCHA,QUITO,CUMBAYA,URBANA,2018-05-27,06:35:00,6,DOMINGO,7,MAYO,5,SI,CONDUCIR VEHICULO SUPERANDO LOS LIMITES MAXIMOS DE VELOCIDAD.,ESTRELLAMIENTOS,AUTOMOVIL,1,0,0,0,1,0,0,0,0,0,0,0,0,2,42,MUJER,ILESO,CONDUCTOR PRESENTE,NO,NO,0
12590,39070,39071,2018,0,0,-0.302748,-78.552837,PICHINCHA,QUITO,QUITO,URBANA,2018-05-27,08:25:00,8,DOMINGO,7,MAYO,5,SI,"CONDUCIR DESATENTO A LAS CONDICIONES DE TRANSITO (CELULAR, PANTALLAS DE VIDEO, COMIDA, MAQUILLAJE O CUALQUIER OTRO ELEMENTO DISTRACTOR).",ESTRELLAMIENTOS,AUTOMOVIL,1,0,0,0,0,0,0,0,0,0,0,0,0,1,-1,NO IDENTIFICADO,NO IDENTIFICADO,CONDUCTOR AUSENTE,NO,NO,2
12591,39076,39077,2018,1,0,-0.215393,-78.490727,PICHINCHA,QUITO,QUITO,URBANA,2018-05-27,09:30:00,9,DOMINGO,7,MAYO,5,SI,PEATON QUE CRUZA LA CALZADA SIN RESPETAR LA SENIALIZACION EXISTENTE (SEMAFOROS O SENIALES MANUALES).,ATROPELLOS,CAMION,0,0,0,1,0,0,0,0,0,0,0,0,0,1,47,MUJER,LESIONADO,PEATON,NO,NO,0
12592,39078,39079,2018,1,0,-0.050824,-78.305341,PICHINCHA,QUITO,GUAYLLABAMBA,RURAL,2018-05-27,10:10:00,10,DOMINGO,7,MAYO,5,SI,NO TRANSITAR POR LAS ACERAS O ZONAS DE SEGURIDAD DESTINADAS PARA EL EFECTO.,ATROPELLOS,NO IDENTIFICADO,0,0,0,0,0,0,0,0,0,1,0,0,0,1,26,HOMBRE,LESIONADO,PEATON,NO,NO,3
12593,39080,39081,2018,0,0,-0.187426,-78.479813,PICHINCHA,QUITO,QUITO,URBANA,2018-05-27,11:00:00,11,DOMINGO,7,MAYO,5,SI,NO MANTENER LA DISTANCIA PRUDENCIAL CON RESPECTO AL VEHICULO QUE LE ANTECEDE.,CHOQUE POSTERIOR,AUTOMOVIL,2,0,0,0,0,0,0,0,0,0,0,0,0,2,18,MUJER,ILESO,CONDUCTOR PRESENTE,NO,NO,0
12594,39082,39083,2018,1,0,-0.218631,-78.508783,PICHINCHA,QUITO,QUITO,URBANA,2018-05-27,11:45:00,11,DOMINGO,7,MAYO,5,SI,BAJARSE O SUBIRSE DE VEHICULOS EN MOVIMIENTO SIN TOMAR LAS PRECAUCIONES DEBIDAS.,CAIDA DE PASAJERO,BUS,0,0,1,0,0,0,0,0,0,0,0,0,0,1,75,MUJER,LESIONADO,PASAJERO,NO,NO,0
12595,39084,39085,2018,0,0,-0.064334,-78.429354,PICHINCHA,QUITO,CALDERON (CARAPUNGO),URBANA,2018-05-27,12:00:00,12,DOMINGO,7,MAYO,5,SI,MALAS CONDICIONES DE LA VIA Y/O CONFIGURACION. (ILUMINACION Y DISENIO).,OTROS,BUS,0,0,1,0,0,0,0,0,0,0,0,0,0,1,27,HOMBRE,ILESO,CONDUCTOR PRESENTE,NO,NO,0
12596,39088,39089,2018,0,0,-0.282565,-78.563964,PICHINCHA,QUITO,QUITO,URBANA,2018-05-27,12:54:00,12,DOMINGO,7,MAYO,5,SI,CONDUCIR VEHICULO SUPERANDO LOS LIMITES MAXIMOS DE VELOCIDAD.,OTROS,AUTOMOVIL,1,0,0,0,0,0,0,0,0,0,0,0,0,1,-1,NO IDENTIFICADO,NO IDENTIFICADO,CONDUCTOR AUSENTE,NO,NO,2
12597,39089,39090,2018,1,0,-0.290594,-78.480999,PICHINCHA,QUITO,CONOCOTO,URBANA,2018-05-27,13:15:00,13,DOMINGO,7,MAYO,5,SI,"CONDUCE BAJO LA INFLUENCIA DE ALCOHOL, SUSTANCIAS ESTUPEFACIENTES O PSICOTROPICAS Y/O MEDICAMENTOS.",ATROPELLOS,NO IDENTIFICADO,0,0,0,0,0,0,0,0,0,1,0,0,0,1,9,MUJER,LESIONADO,PEATON,NO,NO,0
12598,39091,39092,2018,0,0,-0.002645,-78.530867,PICHINCHA,QUITO,CALACALI,URBANA,2018-05-27,14:00:00,14,DOMINGO,7,MAYO,5,SI,NO MANTENER LA DISTANCIA PRUDENCIAL CON RESPECTO AL VEHICULO QUE LE ANTECEDE.,CHOQUE POSTERIOR,VEHICULO DEPORTIVO UTILITARIO,0,0,0,0,0,0,0,0,0,0,0,0,2,2,61,MUJER,ILESO,CONDUCTOR PRESENTE,NO,NO,0
12599,39097,39098,2018,0,0,-0.201475,-78.428447,PICHINCHA,QUITO,CUMBAYA,URBANA,2018-05-27,15:45:00,15,DOMINGO,7,MAYO,5,SI,"CONDUCE BAJO LA INFLUENCIA DE ALCOHOL, SUSTANCIAS ESTUPEFACIENTES O PSICOTROPICAS Y/O MEDICAMENTOS.",CHOQUE POSTERIOR,AUTOMOVIL,2,0,0,0,0,0,0,0,0,0,0,0,0,2,39,HOMBRE,ILESO,CONDUCTOR PRESENTE,NO,NO,0
12600,39099,39100,2018,0,0,-0.510375,-78.566679,PICHINCHA,MEJIA,MACHACHI,URBANA,2018-05-27,16:05:00,16,DOMINGO,7,MAYO,5,SI,"CONDUCIR DESATENTO A LAS CONDICIONES DE TRANSITO (CELULAR, PANTALLAS DE VIDEO, COMIDA, MAQUILLAJE O CUALQUIER OTRO ELEMENTO DISTRACTOR).",VOLCAMIENTOS,AUTOMOVIL,1,0,0,0,0,0,0,0,0,0,0,0,0,1,46,HOMBRE,ILESO,CONDUCTOR PRESENTE,NO,NO,0
12601,39116,39117,2018,0,0,-0.194053,-78.438791,PICHINCHA,QUITO,CUMBAYA,URBANA,2018-05-27,19:30:00,19,DOMINGO,7,MAYO,5,SI,NO CEDER EL DERECHO DE VIA O PREFERENCIA DE PASO A VEHICULOS.,CHOQUE LATERAL,CAMIONETA,0,0,0,0,2,0,0,0,0,0,0,0,0,2,47,HOMBRE,ILESO,CONDUCTOR PRESENTE,NO,NO,0
12602,39122,39123,2018,2,0,-0.121124,-78.441886,PICHINCHA,QUITO,CALDERON (CARAPUNGO),URBANA,2018-05-27,20:30:00,20,DOMINGO,7,MAYO,5,SI,NO TRANSITAR POR LAS ACERAS O ZONAS DE SEGURIDAD DESTINADAS PARA EL EFECTO.,ATROPELLOS,BICICLETA,0,1,0,0,0,0,0,0,0,0,0,0,0,1,39,HOMBRE,LESIONADO,CONDUCTOR PRESENTE,NO,NO,0
12603,39135,39136,2018,0,0,-0.331895,-78.554775,PICHINCHA,QUITO,QUITO,URBANA,2018-05-28,06:45:00,6,LUNES,1,MAYO,5,NO,"CONDUCIR DESATENTO A LAS CONDICIONES DE TRANSITO (CELULAR, PANTALLAS DE VIDEO, COMIDA, MAQUILLAJE O CUALQUIER OTRO ELEMENTO DISTRACTOR).",ESTRELLAMIENTOS,MOTOCICLETA,0,0,0,0,0,0,0,0,1,1,0,0,0,2,47,HOMBRE,ILESO,CONDUCTOR PRESENTE,NO,NO,0
12604,39137,39138,2018,0,0,-0.316388,-78.553764,PICHINCHA,QUITO,QUITO,URBANA,2018-05-28,07:25:00,7,LUNES,1,MAYO,5,NO,"CONDUCIR DESATENTO A LAS CONDICIONES DE TRANSITO (CELULAR, PANTALLAS DE VIDEO, COMIDA, MAQUILLAJE O CUALQUIER OTRO ELEMENTO DISTRACTOR).",CHOQUE LATERAL,AUTOMOVIL,1,0,0,0,1,0,0,0,0,0,0,0,0,2,33,HOMBRE,ILESO,CONDUCTOR PRESENTE,NO,NO,0
12605,39139,39140,2018,0,0,-0.091329,-78.470946,PICHINCHA,QUITO,QUITO,URBANA,2018-05-28,07:35:00,7,LUNES,1,MAYO,5,NO,"CONDUCIR DESATENTO A LAS CONDICIONES DE TRANSITO (CELULAR, PANTALLAS DE VIDEO, COMIDA, MAQUILLAJE O CUALQUIER OTRO ELEMENTO DISTRACTOR).",OTROS,NO IDENTIFICADO,0,0,0,0,0,0,0,0,0,1,0,0,0,1,-1,NO IDENTIFICADO,NO IDENTIFICADO,CONDUCTOR AUSENTE,NO,NO,2
12606,39143,39144,2018,1,0,-0.143444,-78.496248,PICHINCHA,QUITO,QUITO,URBANA,2018-05-28,09:40:00,9,LUNES,1,MAYO,5,NO,NO TRANSITAR POR LAS ACERAS O ZONAS DE SEGURIDAD DESTINADAS PARA EL EFECTO.,ATROPELLOS,AUTOMOVIL,1,0,0,0,0,0,0,0,0,0,0,0,0,1,36,MUJER,LESIONADO,PEATON,NO,NO,0
12607,39144,39145,2018,0,0,-0.291003,-78.569313,PICHINCHA,QUITO,QUITO,URBANA,2018-05-28,09:40:00,9,LUNES,1,MAYO,5,NO,"CONDUCIR DESATENTO A LAS CONDICIONES DE TRANSITO (CELULAR, PANTALLAS DE VIDEO, COMIDA, MAQUILLAJE O CUALQUIER OTRO ELEMENTO DISTRACTOR).",CHOQUE LATERAL,AUTOMOVIL,2,0,0,0,0,0,0,0,0,0,0,0,0,2,42,HOMBRE,ILESO,CONDUCTOR PRESENTE,NO,NO,0
12608,39151,39152,2018,0,0,-0.091326,-78.434233,PICHINCHA,QUITO,CALDERON (CARAPUNGO),URBANA,2018-05-28,11:30:00,11,LUNES,1,MAYO,5,NO,CONDUCIR VEHICULO SUPERANDO LOS LIMITES MAXIMOS DE VELOCIDAD.,CHOQUE LATERAL,FURGONETA,0,0,0,0,0,0,0,1,1,0,0,0,0,2,50,MUJER,ILESO,CONDUCTOR PRESENTE,NO,NO,0
12609,39153,39154,2018,1,0,-0.449411,-78.585734,PICHINCHA,MEJIA,ALOAG,RURAL,2018-05-28,12:30:00,12,LUNES,1,MAYO,5,NO,NO GUARDAR LA DISTANCIA LATERAL MINIMA DE SEGURIDAD ENTRE VEHICULOS.,CHOQUE LATERAL,MOTOCICLETA,1,0,0,0,0,0,0,0,1,0,0,0,0,2,57,HOMBRE,LESIONADO,CONDUCTOR PRESENTE,NO,NO,3
12610,39157,39158,2018,0,0,-0.279973,-78.551044,PICHINCHA,QUITO,QUITO,URBANA,2018-05-28,13:50:00,13,LUNES,1,MAYO,5,NO,"CONDUCE BAJO LA INFLUENCIA DE ALCOHOL, SUSTANCIAS ESTUPEFACIENTES O PSICOTROPICAS Y/O MEDICAMENTOS.",COLISION,AUTOMOVIL,3,0,0,0,0,0,0,0,0,0,0,0,0,3,21,HOMBRE,ILESO,CONDUCTOR PRESENTE,NO,NO,0
12611,39158,39159,2018,0,0,-0.182087,-78.490054,PICHINCHA,QUITO,QUITO,URBANA,2018-05-28,14:10:00,14,LUNES,1,MAYO,5,NO,REALIZAR CAMBIO BRUSCO O INDEBIDO DE CARRIL.,ROZAMIENTOS,MOTOCICLETA,0,0,0,0,0,0,0,0,1,0,0,0,0,1,27,HOMBRE,ILESO,CONDUCTOR PRESENTE,NO,NO,0
12612,39159,39160,2018,1,0,-0.172258,-78.490161,PICHINCHA,QUITO,QUITO,URBANA,2018-05-28,14:30:00,14,LUNES,1,MAYO,5,NO,PEATON QUE CRUZA LA CALZADA SIN RESPETAR LA SENIALIZACION EXISTENTE (SEMAFOROS O SENIALES MANUALES).,ATROPELLOS,AUTOMOVIL,1,0,0,0,0,0,0,0,0,0,0,0,0,1,6,MUJER,LESIONADO,PEATON,NO,NO,0
12613,39162,39163,2018,0,0,-0.216227,-78.489223,PICHINCHA,QUITO,QUITO,URBANA,2018-05-28,15:55:00,15,LUNES,1,MAYO,5,NO,NO GUARDAR LA DISTANCIA LATERAL MINIMA DE SEGURIDAD ENTRE VEHICULOS.,CHOQUE LATERAL,AUTOMOVIL,1,0,0,0,0,0,0,1,0,0,0,0,0,2,47,MUJER,ILESO,CONDUCTOR PRESENTE,NO,NO,0
12614,39163,39164,2018,0,0,-0.328479,-78.522294,PICHINCHA,QUITO,QUITO,URBANA,2018-05-28,16:15:00,16,LUNES,1,MAYO,5,NO,NO MANTENER LA DISTANCIA PRUDENCIAL CON RESPECTO AL VEHICULO QUE LE ANTECEDE.,ROZAMIENTOS,CAMION,0,0,2,1,0,0,0,0,0,0,0,0,0,3,31,HOMBRE,ILESO,CONDUCTOR PRESENTE,NO,NO,0
12615,39165,39166,2018,1,0,-0.083417,-78.465771,PICHINCHA,QUITO,QUITO,URBANA,2018-05-28,16:20:00,16,LUNES,1,MAYO,5,NO,"NO RESPETAR LAS SENIALES REGLAMENTARIAS DE TRANSITO. (PARE, CEDA EL PASO, LUZ ROJA DEL SEMAFORO, ETC).",CHOQUE FRONTAL,AUTOMOVIL,1,0,0,0,0,0,0,0,0,0,0,0,0,1,22,HOMBRE,LESIONADO,PASAJERO,NO,NO,0
12616,39167,39168,2018,3,0,-0.197826,-78.466466,PICHINCHA,QUITO,QUITO,URBANA,2018-05-28,16:30:00,16,LUNES,1,MAYO,5,NO,"CONDICIONES AMBIENTALES Y/O ATMOSFERICAS (NIEBLA, NEBLINA, GRANIZO, LLUVIA).",CHOQUE LATERAL,AUTOMOVIL,3,0,0,0,0,0,0,0,0,0,0,0,0,3,20,HOMBRE,LESIONADO,CONDUCTOR PRESENTE,NO,NO,0
12617,39169,39170,2018,3,0,-0.292724,-78.476486,PICHINCHA,QUITO,CONOCOTO,URBANA,2018-05-28,17:00:00,17,LUNES,1,MAYO,5,NO,"FALLA MECANICA EN LOS SISTEMAS Y/O NEUMATICOS (SISTEMA DE FRENOS, DIRECCION, ELECTRONICO O MECANICO).",VOLCAMIENTOS,AUTOMOVIL,1,0,0,0,0,0,0,0,0,0,0,0,0,1,54,HOMBRE,LESIONADO,CONDUCTOR PRESENTE,NO,NO,0
12618,39171,39172,2018,0,0,-0.297808,-78.556091,PICHINCHA,QUITO,QUITO,URBANA,2018-05-28,17:30:00,17,LUNES,1,MAYO,5,NO,"NO RESPETAR LAS SENIALES REGLAMENTARIAS DE TRANSITO. (PARE, CEDA EL PASO, LUZ ROJA DEL SEMAFORO, ETC).",CHOQUE LATERAL,AUTOMOVIL,2,0,0,0,0,0,0,0,0,0,0,0,0,2,55,HOMBRE,ILESO,CONDUCTOR PRESENTE,NO,NO,0
12619,39174,39175,2018,0,0,-0.163294,-78.462564,PICHINCHA,QUITO,QUITO,URBANA,2018-05-28,18:15:00,18,LUNES,1,MAYO,5,NO,NO MANTENER LA DISTANCIA PRUDENCIAL CON RESPECTO AL VEHICULO QUE LE ANTECEDE.,COLISION,AUTOMOVIL,2,0,0,0,1,0,0,0,0,0,0,0,0,3,21,HOMBRE,ILESO,CONDUCTOR PRESENTE,NO,NO,0
12620,39175,39176,2018,2,0,-0.163294,-78.462564,PICHINCHA,QUITO,QUITO,URBANA,2018-05-28,18:30:00,18,LUNES,1,MAYO,5,NO,NO MANTENER LA DISTANCIA PRUDENCIAL CON RESPECTO AL VEHICULO QUE LE ANTECEDE.,COLISION,AUTOMOVIL,3,0,0,0,1,0,0,0,0,0,0,0,0,4,36,HOMBRE,LESIONADO,CONDUCTOR PRESENTE,NO,NO,0
12621,39176,39177,2018,0,0,-0.154356,-78.472915,PICHINCHA,QUITO,QUITO,URBANA,2018-05-28,18:35:00,18,LUNES,1,MAYO,5,NO,CONDUCIR VEHICULO SUPERANDO LOS LIMITES MAXIMOS DE VELOCIDAD.,ROZAMIENTOS,AUTOMOVIL,1,0,0,0,0,0,0,0,0,0,0,0,0,1,35,MUJER,ILESO,CONDUCTOR PRESENTE,NO,NO,0
12622,39177,39178,2018,2,0,-0.206518,-78.494387,PICHINCHA,QUITO,QUITO,URBANA,2018-05-28,18:55:00,18,LUNES,1,MAYO,5,NO,CONDUCIR VEHICULO SUPERANDO LOS LIMITES MAXIMOS DE VELOCIDAD.,ESTRELLAMIENTOS,AUTOMOVIL,2,0,0,0,0,0,0,0,0,0,0,0,0,2,42,MUJER,LESIONADO,CONDUCTOR PRESENTE,NO,NO,0
12623,39178,39179,2018,1,1,-0.122003,-78.478979,PICHINCHA,QUITO,QUITO,URBANA,2018-05-28,19:07:00,19,LUNES,1,MAYO,5,NO,PEATON QUE CRUZA LA CALZADA SIN RESPETAR LA SENIALIZACION EXISTENTE (SEMAFOROS O SENIALES MANUALES).,ATROPELLOS,MOTOCICLETA,0,0,0,0,0,0,0,0,1,0,0,0,0,1,31,HOMBRE,FALLECIDO,PEATON,NO,NO,0
12624,39179,39180,2018,2,0,-0.328831,-78.560625,PICHINCHA,QUITO,QUITO,URBANA,2018-05-28,19:17:00,19,LUNES,1,MAYO,5,NO,"CONDUCE BAJO LA INFLUENCIA DE ALCOHOL, SUSTANCIAS ESTUPEFACIENTES O PSICOTROPICAS Y/O MEDICAMENTOS.",CHOQUE FRONTAL,MOTOCICLETA,1,0,0,0,0,0,0,0,1,0,0,0,0,2,30,HOMBRE,LESIONADO,CONDUCTOR PRESENTE,NO,NO,0