,Unnamed: 0,ID,ANIO,LESIONADOS,FALLECIDOS,LATITUD_Y,LONGITUD_X,PROVINCIA,CANTON,PARROQUIA,ZONA,FECHA,HORA,PERIODO_2,DIA_1,DIA_2,MES_1,MES_2,FERIADO,CAUSA_PROBABLE,TIPO_DE_SINIESTRO,TIPO_DE_VEHICULO_1,AUTOMOVIL,BICICLETA,BUS,CAMION,CAMIONETA,EMERGENCIAS,ESPECIAL,FURGONETA,MOTOCICLETA,NO_IDENTIFICADO,SCOOTER_ELECTRICO,TRICIMOTO,VEHICULO_DEPORTIVO_UTILITARIO,SUMA_DE_VEHICULOS,EDAD_1,SEXO_1,CONDICION_1,PARTICIPANTE_1,CASCO_1,CINTURON_1,KMeans_Cluster
12625,39181,39182,2018,1,0,-0.156738,-78.485132,PICHINCHA,QUITO,QUITO,URBANA,2018-05-28,21:50:00,21,LUNES,1,MAYO,5,NO,"CONDUCIR DESATENTO A LAS CONDICIONES DE TRANSITO (CELULAR, PANTALLAS DE VIDEO, COMIDA, MAQUILLAJE O CUALQUIER OTRO ELEMENTO DISTRACTOR).",CHOQUE LATERAL,MOTOCICLETA,0,0,0,0,0,0,0,1,1,0,0,0,0,2,35,HOMBRE,LESIONADO,CONDUCTOR PRESENTE,NO,NO,0
12626,39182,39183,2018,1,0,-0.338721,-78.554079,PICHINCHA,QUITO,QUITO,URBANA,2018-05-28,22:00:00,22,LUNES,1,MAYO,5,NO,NO GUARDAR LA DISTANCIA LATERAL MINIMA DE SEGURIDAD ENTRE VEHICULOS.,CHOQUE LATERAL,NO IDENTIFICADO,0,0,0,0,0,0,0,0,0,1,0,0,0,1,16,HOMBRE,LESIONADO,PASAJERO,NO,NO,0
12627,39186,39187,2018,0,0,-0.144471,-78.471938,PICHINCHA,QUITO,QUITO,URBANA,2018-05-29,00:10:00,0,MARTES,2,MAYO,5,NO,CONDUCIR VEHICULO SUPERANDO LOS LIMITES MAXIMOS DE VELOCIDAD.,ESTRELLAMIENTOS,NO IDENTIFICADO,0,0,0,0,0,0,0,0,0,1,0,0,0,1,-1,NO IDENTIFICADO,NO IDENTIFICADO,CONDUCTOR AUSENTE,NO,NO,2
12628,39192,39193,2018,1,0,-0.203299,-78.439932,PICHINCHA,QUITO,CUMBAYA,URBANA,2018-05-29,06:30:00,6,MARTES,2,MAYO,5,NO,"FALLA MECANICA EN LOS SISTEMAS Y/O NEUMATICOS (SISTEMA DE FRENOS, DIRECCION, ELECTRONICO O MECANICO).",PERDIDA DE CARRIL,MOTOCICLETA,0,0,0,0,0,0,0,0,1,0,0,0,0,1,38,HOMBRE,LESIONADO,CONDUCTOR PRESENTE,NO,NO,0
12629,39193,39194,2018,1,0,-0.185445,-78.490938,PICHINCHA,QUITO,QUITO,URBANA,2018-05-29,07:20:00,7,MARTES,2,MAYO,5,NO,"NO RESPETAR LAS SENIALES REGLAMENTARIAS DE TRANSITO. (PARE, CEDA EL PASO, LUZ ROJA DEL SEMAFORO, ETC).",ATROPELLOS,AUTOMOVIL,1,0,0,0,0,0,0,0,0,0,0,0,0,1,23,MUJER,LESIONADO,PEATON,NO,NO,0
12630,39195,39196,2018,1,1,-0.351684,-78.434672,PICHINCHA,RUMINIAHUI,SANGOLQUI,RURAL,2018-05-29,07:30:00,7,MARTES,2,MAYO,5,NO,CONDUCIR VEHICULO SUPERANDO LOS LIMITES MAXIMOS DE VELOCIDAD.,ESTRELLAMIENTOS,MOTOCICLETA,0,0,0,0,0,0,0,0,1,0,0,0,0,1,30,HOMBRE,FALLECIDO,CONDUCTOR PRESENTE,NO,NO,3
12631,39201,39202,2018,0,0,-0.168468,-78.469449,PICHINCHA,QUITO,QUITO,URBANA,2018-05-29,09:50:00,9,MARTES,2,MAYO,5,NO,"NO RESPETAR LAS SENIALES REGLAMENTARIAS DE TRANSITO. (PARE, CEDA EL PASO, LUZ ROJA DEL SEMAFORO, ETC).",CHOQUE LATERAL,AUTOMOVIL,1,0,0,0,0,0,0,1,0,0,0,0,0,2,37,HOMBRE,ILESO,CONDUCTOR PRESENTE,NO,NO,0
12632,39204,39205,2018,0,0,-0.115965,-78.481791,PICHINCHA,QUITO,QUITO,URBANA,2018-05-29,11:05:00,11,MARTES,2,MAYO,5,NO,"NO RESPETAR LAS SENIALES REGLAMENTARIAS DE TRANSITO. (PARE, CEDA EL PASO, LUZ ROJA DEL SEMAFORO, ETC).",CHOQUE LATERAL,AUTOMOVIL,1,0,0,0,0,0,0,0,0,0,0,0,0,1,33,HOMBRE,ILESO,CONDUCTOR PRESENTE,NO,NO,0
12633,39206,39207,2018,1,0,-0.135484,-78.486585,PICHINCHA,QUITO,QUITO,URBANA,2018-05-29,11:45:00,11,MARTES,2,MAYO,5,NO,"NO RESPETAR LAS SENIALES REGLAMENTARIAS DE TRANSITO. (PARE, CEDA EL PASO, LUZ ROJA DEL SEMAFORO, ETC).",CHOQUE LATERAL,AUTOMOVIL,1,0,0,0,0,0,0,0,1,0,0,0,0,2,30,HOMBRE,LESIONADO,CONDUCTOR PRESENTE,NO,NO,0
12634,39209,39210,2018,0,0,-0.089956,-78.396906,PICHINCHA,QUITO,CALDERON (CARAPUNGO),RURAL,2018-05-29,12:00:00,12,MARTES,2,MAYO,5,NO,NO MANTENER LA DISTANCIA PRUDENCIAL CON RESPECTO AL VEHICULO QUE LE ANTECEDE.,CHOQUE POSTERIOR,VEHICULO DEPORTIVO UTILITARIO,0,0,0,0,1,0,0,0,0,0,0,0,1,2,63,HOMBRE,ILESO,CONDUCTOR PRESENTE,NO,NO,3
12635,39214,39215,2018,1,0,-0.267919,-78.552362,PICHINCHA,QUITO,QUITO,URBANA,2018-05-29,13:50:00,13,MARTES,2,MAYO,5,NO,DANIOS MECANICOS PREVISIBLES.,PERDIDA DE CARRIL,MOTOCICLETA,0,0,0,0,0,0,0,0,1,0,0,0,0,1,25,HOMBRE,LESIONADO,CONDUCTOR PRESENTE,NO,NO,0
12636,39219,39220,2018,0,0,-0.176919,-78.477842,PICHINCHA,QUITO,QUITO,URBANA,2018-05-29,17:06:00,17,MARTES,2,MAYO,5,NO,NO TRANSITAR POR LAS ACERAS O ZONAS DE SEGURIDAD DESTINADAS PARA EL EFECTO.,ATROPELLOS,NO IDENTIFICADO,0,0,0,0,0,0,0,0,0,1,0,0,0,1,30,HOMBRE,ILESO,PEATON,NO,NO,0
12637,39232,39233,2018,0,0,-0.191457,-78.512809,PICHINCHA,QUITO,QUITO,URBANA,2018-05-29,23:50:00,23,MARTES,2,MAYO,5,NO,"NO RESPETAR LAS SENIALES REGLAMENTARIAS DE TRANSITO. (PARE, CEDA EL PASO, LUZ ROJA DEL SEMAFORO, ETC).",ESTRELLAMIENTOS,AUTOMOVIL,1,0,0,0,0,0,0,0,0,0,0,0,0,1,-1,NO IDENTIFICADO,NO IDENTIFICADO,CONDUCTOR AUSENTE,NO,NO,2
12638,39238,39239,2018,1,0,-0.208002,-78.490274,PICHINCHA,QUITO,QUITO,URBANA,2018-05-30,07:00:00,7,MIERCOLES,3,MAYO,5,NO,CONDUCIR VEHICULO SUPERANDO LOS LIMITES MAXIMOS DE VELOCIDAD.,OTROS,NO IDENTIFICADO,0,0,0,0,0,0,0,0,0,1,0,0,0,1,22,MUJER,LESIONADO,PASAJERO,NO,NO,0
12639,39242,39243,2018,3,0,-0.150393,-78.453592,PICHINCHA,QUITO,QUITO,URBANA,2018-05-30,07:24:00,7,MIERCOLES,3,MAYO,5,NO,"CONDUCIR DESATENTO A LAS CONDICIONES DE TRANSITO (CELULAR, PANTALLAS DE VIDEO, COMIDA, MAQUILLAJE O CUALQUIER OTRO ELEMENTO DISTRACTOR).",ESTRELLAMIENTOS,BUS,1,0,2,0,0,0,0,0,0,0,0,0,0,3,25,MUJER,LESIONADO,CONDUCTOR PRESENTE,NO,NO,0
12640,39244,39245,2018,0,0,-0.196945,-78.495616,PICHINCHA,QUITO,QUITO,URBANA,2018-05-30,08:00:00,8,MIERCOLES,3,MAYO,5,NO,PEATON QUE CRUZA LA CALZADA SIN RESPETAR LA SENIALIZACION EXISTENTE (SEMAFOROS O SENIALES MANUALES).,ATROPELLOS,NO IDENTIFICADO,0,0,0,0,0,0,0,0,0,1,0,0,0,1,50,MUJER,ILESO,PEATON,NO,NO,0
12641,39246,39247,2018,0,0,-0.133668,-78.501941,PICHINCHA,QUITO,QUITO,URBANA,2018-05-30,09:00:00,9,MIERCOLES,3,MAYO,5,NO,NO MANTENER LA DISTANCIA PRUDENCIAL CON RESPECTO AL VEHICULO QUE LE ANTECEDE.,COLISION,MOTOCICLETA,2,0,0,0,0,0,0,0,1,0,0,0,0,3,40,HOMBRE,ILESO,CONDUCTOR PRESENTE,NO,NO,0
12642,39258,39259,2018,0,0,-0.120424,-78.415686,PICHINCHA,QUITO,CALDERON (CARAPUNGO),URBANA,2018-05-30,14:00:00,14,MIERCOLES,3,MAYO,5,NO,"FALLA MECANICA EN LOS SISTEMAS Y/O NEUMATICOS (SISTEMA DE FRENOS, DIRECCION, ELECTRONICO O MECANICO).",CHOQUE LATERAL,AUTOMOVIL,1,0,0,0,0,0,0,0,1,0,0,0,0,2,29,HOMBRE,ILESO,CONDUCTOR PRESENTE,NO,NO,0
12643,39264,39265,2018,1,0,-0.215937,-78.404031,PICHINCHA,QUITO,TUMBACO,URBANA,2018-05-30,16:37:00,16,MIERCOLES,3,MAYO,5,NO,CONDUCIR VEHICULO SUPERANDO LOS LIMITES MAXIMOS DE VELOCIDAD.,ATROPELLOS,AUTOMOVIL,1,0,0,0,0,0,0,0,0,0,0,0,0,1,78,HOMBRE,LESIONADO,PEATON,NO,NO,0
12644,39269,39270,2018,0,0,-0.140051,-78.475891,PICHINCHA,QUITO,QUITO,URBANA,2018-05-30,17:50:00,17,MIERCOLES,3,MAYO,5,NO,"CONDUCE BAJO LA INFLUENCIA DE ALCOHOL, SUSTANCIAS ESTUPEFACIENTES O PSICOTROPICAS Y/O MEDICAMENTOS.",CHOQUE LATERAL,AUTOMOVIL,2,0,0,0,0,0,0,0,0,0,0,0,0,2,39,HOMBRE,ILESO,CONDUCTOR PRESENTE,NO,NO,0
12645,39274,39275,2018,0,0,-0.263991,-78.487764,PICHINCHA,QUITO,CONOCOTO,URBANA,2018-05-30,18:30:00,18,MIERCOLES,3,MAYO,5,NO,PESO Y VOLUMEN - NO CUMPLIR CON LAS NORMAS DE SEGURIDAD NECESARIAS AL TRANSPORTAR CARGAS.,OTROS,CAMION,0,0,0,1,0,0,0,0,0,0,0,0,0,1,40,HOMBRE,ILESO,CONDUCTOR PRESENTE,NO,NO,0
12646,39275,39276,2018,1,0,-0.097501,-78.472161,PICHINCHA,QUITO,QUITO,URBANA,2018-05-30,18:30:00,18,MIERCOLES,3,MAYO,5,NO,NO CEDER EL DERECHO DE VIA O PREFERENCIA DE PASO A VEHICULOS.,CHOQUE LATERAL,AUTOMOVIL,2,0,0,0,0,0,0,0,0,0,0,0,0,2,65,HOMBRE,LESIONADO,CONDUCTOR PRESENTE,NO,NO,0
12647,39276,39277,2018,0,1,-0.326847,-78.408151,PICHINCHA,QUITO,ALANGASI,URBANA,2018-05-30,18:30:00,18,MIERCOLES,3,MAYO,5,NO,DEJAR O RECOGER PASAJEROS EN LUGARES NO PERMITIDOS.,ATROPELLOS,VEHICULO DEPORTIVO UTILITARIO,0,0,0,0,0,0,0,0,0,0,0,0,1,1,14,MUJER,FALLECIDO,PASAJERO,NO,NO,0
12648,39280,39281,2018,1,0,-0.160191,-78.485448,PICHINCHA,QUITO,QUITO,URBANA,2018-05-30,21:00:00,21,MIERCOLES,3,MAYO,5,NO,NO MANTENER LA DISTANCIA PRUDENCIAL CON RESPECTO AL VEHICULO QUE LE ANTECEDE.,CHOQUE POSTERIOR,CAMIONETA,1,0,0,0,1,0,0,0,0,0,0,0,0,2,35,HOMBRE,LESIONADO,PASAJERO,NO,NO,0
12649,39288,39289,2018,0,0,-0.108393,-78.474031,PICHINCHA,QUITO,QUITO,URBANA,2018-05-31,00:50:00,0,JUEVES,4,MAYO,5,NO,"CONDUCE BAJO LA INFLUENCIA DE ALCOHOL, SUSTANCIAS ESTUPEFACIENTES O PSICOTROPICAS Y/O MEDICAMENTOS.",CHOQUE LATERAL,AUTOMOVIL,2,0,0,0,0,0,0,0,0,0,0,0,0,2,46,HOMBRE,ILESO,CONDUCTOR PRESENTE,NO,NO,0
12650,39290,39291,2018,0,0,-0.298541,-78.467951,PICHINCHA,QUITO,CONOCOTO,URBANA,2018-05-31,03:00:00,3,JUEVES,4,MAYO,5,NO,"CASO FORTUITO O FUERZA MAYOR (EXPLOSION DE NEUMATICO NUEVO, DERRUMBE, INUNDACION, CAIDA DE PUENTE, ARBOL, PRESENCIA INTEMPESTIVA E IMPREVISTA DE SEMOVIENTES EN LA VIA, ETC.).",OTROS,AUTOMOVIL,1,0,0,0,0,0,0,0,0,0,0,0,0,1,-1,NO IDENTIFICADO,NO IDENTIFICADO,CONDUCTOR AUSENTE,NO,NO,2
12651,39295,39296,2018,0,0,-0.196705,-78.489415,PICHINCHA,QUITO,QUITO,URBANA,2018-05-31,06:40:00,6,JUEVES,4,MAYO,5,NO,"CONDUCIR EN ESTADO DE SOMNOLENCIA O MALAS CONDICIONES FISICAS (SUENIO, CANSANCIO Y FATIGA).",OTROS,AUTOMOVIL,1,0,0,0,1,0,0,0,0,0,0,0,0,2,31,MUJER,ILESO,CONDUCTOR PRESENTE,NO,NO,0
12652,39304,39305,2018,1,0,-0.208845,-78.491637,PICHINCHA,QUITO,QUITO,URBANA,2018-05-31,09:55:00,9,JUEVES,4,MAYO,5,NO,CONDUCIR VEHICULO SUPERANDO LOS LIMITES MAXIMOS DE VELOCIDAD.,CAIDA DE PASAJERO,BUS,0,0,1,0,0,0,0,0,0,0,0,0,0,1,22,MUJER,LESIONADO,PASAJERO,NO,NO,0
12653,39310,39311,2018,1,0,-0.158864,-78.483681,PICHINCHA,QUITO,QUITO,URBANA,2018-05-31,14:00:00,14,JUEVES,4,MAYO,5,NO,NO TRANSITAR POR LAS ACERAS O ZONAS DE SEGURIDAD DESTINADAS PARA EL EFECTO.,ATROPELLOS,AUTOMOVIL,1,0,0,0,0,0,0,0,0,0,0,0,0,1,69,MUJER,LESIONADO,PEATON,NO,NO,0
12654,39311,39312,2018,0,0,-0.254789,-78.554209,PICHINCHA,QUITO,QUITO,URBANA,2018-05-31,14:10:00,14,JUEVES,4,MAYO,5,NO,"CASO FORTUITO O FUERZA MAYOR (EXPLOSION DE NEUMATICO NUEVO, DERRUMBE, INUNDACION, CAIDA DE PUENTE, ARBOL, PRESENCIA INTEMPESTIVA E IMPREVISTA DE SEMOVIENTES EN LA VIA, ETC.).",OTROS,BUS,1,0,1,0,0,0,0,0,1,0,0,0,0,3,-1,NO IDENTIFICADO,NO IDENTIFICADO,CONDUCTOR AUSENTE,NO,NO,2
12655,39313,39314,2018,1,0,-0.114496,-78.495885,PICHINCHA,QUITO,QUITO,URBANA,2018-05-31,14:15:00,14,JUEVES,4,MAYO,5,NO,NO CEDER EL DERECHO DE VIA O PREFERENCIA DE PASO A VEHICULOS.,ATROPELLOS,AUTOMOVIL,2,0,0,0,0,0,0,0,0,0,0,0,0,2,2,MUJER,LESIONADO,PEATON,NO,NO,0
12656,39315,39316,2018,1,0,-0.172505,-78.487772,PICHINCHA,QUITO,QUITO,URBANA,2018-05-31,15:10:00,15,JUEVES,4,MAYO,5,NO,DEJAR O RECOGER PASAJEROS EN LUGARES NO PERMITIDOS.,ARROLLAMIENTOS,NO IDENTIFICADO,0,0,0,0,0,0,0,0,0,1,0,0,0,1,28,HOMBRE,LESIONADO,PEATON,NO,NO,0
12657,39316,39317,2018,1,0,-0.185856,-78.477867,PICHINCHA,QUITO,QUITO,URBANA,2018-05-31,15:15:00,15,JUEVES,4,MAYO,5,NO,"CONDICIONES AMBIENTALES Y/O ATMOSFERICAS (NIEBLA, NEBLINA, GRANIZO, LLUVIA).",PERDIDA DE CARRIL,MOTOCICLETA,0,0,0,0,0,0,0,0,1,0,0,0,0,1,41,MUJER,LESIONADO,CONDUCTOR PRESENTE,NO,NO,0
12658,39318,39319,2018,0,0,-0.121124,-78.496869,PICHINCHA,QUITO,QUITO,URBANA,2018-05-31,15:30:00,15,JUEVES,4,MAYO,5,NO,NO GUARDAR LA DISTANCIA LATERAL MINIMA DE SEGURIDAD ENTRE VEHICULOS.,CHOQUE LATERAL,AUTOMOVIL,2,0,0,0,0,0,0,0,0,0,0,0,0,2,61,HOMBRE,ILESO,CONDUCTOR PRESENTE,NO,NO,0
12659,39324,39325,2018,1,0,-0.271571,-78.528881,PICHINCHA,QUITO,QUITO,URBANA,2018-05-31,18:30:00,18,JUEVES,4,MAYO,5,NO,NO TRANSITAR POR LAS ACERAS O ZONAS DE SEGURIDAD DESTINADAS PARA EL EFECTO.,ATROPELLOS,BUS,0,0,1,0,0,0,0,0,0,0,0,0,0,1,13,MUJER,LESIONADO,PEATON,NO,NO,0
12660,39325,39326,2018,1,0,-0.067211,-78.433287,PICHINCHA,QUITO,CALDERON (CARAPUNGO),URBANA,2018-05-31,18:55:00,18,JUEVES,4,MAYO,5,NO,NO MANTENER LA DISTANCIA PRUDENCIAL CON RESPECTO AL VEHICULO QUE LE ANTECEDE.,CHOQUE POSTERIOR,NO IDENTIFICADO,0,0,0,0,0,0,0,0,0,1,0,0,0,1,23,HOMBRE,LESIONADO,PASAJERO,NO,NO,0
12661,39328,39329,2018,0,0,-0.162271,-78.481593,PICHINCHA,QUITO,QUITO,URBANA,2018-05-31,19:38:00,19,JUEVES,4,MAYO,5,NO,"CONDUCE BAJO LA INFLUENCIA DE ALCOHOL, SUSTANCIAS ESTUPEFACIENTES O PSICOTROPICAS Y/O MEDICAMENTOS.",CHOQUE LATERAL,AUTOMOVIL,2,0,0,0,0,0,0,0,0,0,0,0,0,2,35,HOMBRE,ILESO,CONDUCTOR PRESENTE,NO,NO,0
12662,39330,39331,2018,0,1,-0.328479,-78.522294,PICHINCHA,QUITO,QUITO,URBANA,2018-05-31,19:50:00,19,JUEVES,4,MAYO,5,NO,NO TRANSITAR POR LAS ACERAS O ZONAS DE SEGURIDAD DESTINADAS PARA EL EFECTO.,ATROPELLOS,NO IDENTIFICADO,0,0,0,0,0,0,0,0,0,1,0,0,0,1,-1,HOMBRE,FALLECIDO,PEATON,NO,NO,0
12663,39332,39333,2018,3,0,-0.144229,-78.469533,PICHINCHA,QUITO,QUITO,URBANA,2018-05-31,19:55:00,19,JUEVES,4,MAYO,5,NO,"NO RESPETAR LAS SENIALES REGLAMENTARIAS DE TRANSITO. (PARE, CEDA EL PASO, LUZ ROJA DEL SEMAFORO, ETC).",ATROPELLOS,CAMIONETA,1,0,0,0,1,0,0,0,0,0,0,0,0,2,65,MUJER,LESIONADO,PASAJERO,NO,NO,0
12664,39335,39336,2018,0,2,0.084954,-78.103211,PICHINCHA,CAYAMBE,SAN JOSE DE AYORA,RURAL,2018-05-31,20:40:00,20,JUEVES,4,MAYO,5,NO,"CONDUCE BAJO LA INFLUENCIA DE ALCOHOL, SUSTANCIAS ESTUPEFACIENTES O PSICOTROPICAS Y/O MEDICAMENTOS.",ATROPELLOS,AUTOMOVIL,1,0,0,0,0,0,0,0,0,0,0,0,0,1,27,HOMBRE,FALLECIDO,PEATON,NO,NO,3
12665,39342,39343,2018,0,0,-0.099083,-78.421844,PICHINCHA,QUITO,CALDERON (CARAPUNGO),URBANA,2018-06-01,02:00:00,2,VIERNES,5,JUNIO,6,NO,NO GUARDAR LA DISTANCIA LATERAL MINIMA DE SEGURIDAD ENTRE VEHICULOS.,VOLCAMIENTOS,AUTOMOVIL,1,0,0,0,0,0,0,0,0,0,0,0,0,1,-1,NO IDENTIFICADO,NO IDENTIFICADO,CONDUCTOR AUSENTE,NO,NO,2
12666,39347,39348,2018,0,0,-0.119381,-78.471224,PICHINCHA,QUITO,QUITO,URBANA,2018-06-01,03:50:00,3,VIERNES,5,JUNIO,6,NO,NO CEDER EL DERECHO DE VIA O PREFERENCIA DE PASO A VEHICULOS.,ESTRELLAMIENTOS,AUTOMOVIL,1,0,0,0,0,0,0,0,0,0,0,0,0,1,-1,NO IDENTIFICADO,NO IDENTIFICADO,CONDUCTOR AUSENTE,NO,NO,2
12667,39349,39350,2018,2,0,-0.105373,-78.462381,PICHINCHA,QUITO,QUITO,URBANA,2018-06-01,05:50:00,5,VIERNES,5,JUNIO,6,NO,CONDUCIR VEHICULO SUPERANDO LOS LIMITES MAXIMOS DE VELOCIDAD.,CHOQUE POSTERIOR,AUTOMOVIL,2,0,0,0,0,0,0,0,1,0,0,0,0,3,54,HOMBRE,LESIONADO,CONDUCTOR PRESENTE,NO,NO,0
12668,39353,39354,2018,0,0,-0.117774,-78.455011,PICHINCHA,QUITO,QUITO,URBANA,2018-06-01,07:00:00,7,VIERNES,5,JUNIO,6,NO,"CONDUCIR DESATENTO A LAS CONDICIONES DE TRANSITO (CELULAR, PANTALLAS DE VIDEO, COMIDA, MAQUILLAJE O CUALQUIER OTRO ELEMENTO DISTRACTOR).",OTROS,AUTOMOVIL,1,0,0,0,0,0,0,0,0,0,0,0,0,1,-1,NO IDENTIFICADO,NO IDENTIFICADO,CONDUCTOR AUSENTE,NO,NO,2
12669,39354,39355,2018,0,0,-0.214643,-78.516701,PICHINCHA,QUITO,QUITO,URBANA,2018-06-01,07:40:00,7,VIERNES,5,JUNIO,6,NO,CONDUCIR VEHICULO SUPERANDO LOS LIMITES MAXIMOS DE VELOCIDAD.,PERDIDA DE PISTA,MOTOCICLETA,0,0,0,0,0,0,0,0,1,0,0,0,0,1,22,MUJER,ILESO,CONDUCTOR PRESENTE,NO,NO,0
12670,39356,39357,2018,0,0,-0.236324,-78.527565,PICHINCHA,QUITO,QUITO,URBANA,2018-06-01,08:25:00,8,VIERNES,5,JUNIO,6,NO,NO TRANSITAR POR LAS ACERAS O ZONAS DE SEGURIDAD DESTINADAS PARA EL EFECTO.,ATROPELLOS,CAMION,0,0,0,1,0,0,0,0,0,0,0,0,0,1,39,MUJER,ILESO,PEATON,NO,NO,0
12671,39357,39358,2018,1,0,-0.273118,-78.553031,PICHINCHA,QUITO,QUITO,URBANA,2018-06-01,08:30:00,8,VIERNES,5,JUNIO,6,NO,"NO RESPETAR LAS SENIALES REGLAMENTARIAS DE TRANSITO. (PARE, CEDA EL PASO, LUZ ROJA DEL SEMAFORO, ETC).",CHOQUE LATERAL,CAMIONETA,1,0,0,0,1,0,0,0,0,0,0,0,0,2,28,MUJER,LESIONADO,PASAJERO,NO,NO,0
12672,39358,39359,2018,1,0,-0.279051,-78.529549,PICHINCHA,QUITO,QUITO,URBANA,2018-06-01,08:40:00,8,VIERNES,5,JUNIO,6,NO,NO TRANSITAR POR LAS ACERAS O ZONAS DE SEGURIDAD DESTINADAS PARA EL EFECTO.,ATROPELLOS,NO IDENTIFICADO,0,0,0,0,0,0,0,0,0,1,0,0,0,1,12,HOMBRE,LESIONADO,PEATON,NO,NO,0
12673,39359,39360,2018,3,0,-0.171294,-78.480108,PICHINCHA,QUITO,QUITO,URBANA,2018-06-01,09:20:00,9,VIERNES,5,JUNIO,6,NO,NO CEDER EL DERECHO DE VIA O PREFERENCIA DE PASO A VEHICULOS.,CHOQUE LATERAL,AUTOMOVIL,2,0,0,0,0,0,0,0,0,0,0,0,0,2,18,HOMBRE,LESIONADO,CONDUCTOR PRESENTE,NO,NO,0
12674,39360,39361,2018,2,0,-0.129375,-78.495461,PICHINCHA,QUITO,QUITO,URBANA,2018-06-01,09:55:00,9,VIERNES,5,JUNIO,6,NO,"CONDUCIR DESATENTO A LAS CONDICIONES DE TRANSITO (CELULAR, PANTALLAS DE VIDEO, COMIDA, MAQUILLAJE O CUALQUIER OTRO ELEMENTO DISTRACTOR).",CHOQUE LATERAL,AUTOMOVIL,1,0,0,0,0,0,0,0,1,0,0,0,0,2,39,HOMBRE,LESIONADO,CONDUCTOR PRESENTE,NO,NO,0
12675,39361,39362,2018,1,0,-0.189757,-78.488828,PICHINCHA,QUITO,QUITO,URBANA,2018-06-01,10:06:00,10,VIERNES,5,JUNIO,6,NO,"NO RESPETAR LAS SENIALES REGLAMENTARIAS DE TRANSITO. (PARE, CEDA EL PASO, LUZ ROJA DEL SEMAFORO, ETC).",CHOQUE LATERAL,AUTOMOVIL,2,0,0,0,0,0,0,0,0,0,0,0,0,2,30,HOMBRE,LESIONADO,CONDUCTOR PRESENTE,NO,NO,0
12676,39362,39363,2018,0,0,-0.150115,-78.502491,PICHINCHA,QUITO,QUITO,URBANA,2018-06-01,10:15:00,10,VIERNES,5,JUNIO,6,NO,"CONDUCIR DESATENTO A LAS CONDICIONES DE TRANSITO (CELULAR, PANTALLAS DE VIDEO, COMIDA, MAQUILLAJE O CUALQUIER OTRO ELEMENTO DISTRACTOR).",CHOQUE LATERAL,CAMIONETA,0,0,0,0,1,0,0,0,0,0,0,0,0,1,54,HOMBRE,ILESO,CONDUCTOR PRESENTE,NO,NO,0
12677,39364,39365,2018,0,0,-0.171632,-78.484776,PICHINCHA,QUITO,QUITO,URBANA,2018-06-01,10:48:00,10,VIERNES,5,JUNIO,6,NO,NO CEDER EL DERECHO DE VIA O PREFERENCIA DE PASO AL PEATON.,ATROPELLOS,NO IDENTIFICADO,0,0,0,0,0,0,0,0,0,1,0,0,0,1,32,MUJER,ILESO,PEATON,NO,NO,0
12678,39367,39368,2018,0,0,-0.202302,-78.480928,PICHINCHA,QUITO,QUITO,URBANA,2018-06-01,11:15:00,11,VIERNES,5,JUNIO,6,NO,"CONDUCIR DESATENTO A LAS CONDICIONES DE TRANSITO (CELULAR, PANTALLAS DE VIDEO, COMIDA, MAQUILLAJE O CUALQUIER OTRO ELEMENTO DISTRACTOR).",OTROS,AUTOMOVIL,2,0,0,0,0,0,0,0,0,0,0,0,0,2,65,HOMBRE,ILESO,CONDUCTOR PRESENTE,NO,NO,0
12679,39369,39370,2018,0,0,-0.173526,-78.475031,PICHINCHA,QUITO,QUITO,URBANA,2018-06-01,12:00:00,12,VIERNES,5,JUNIO,6,NO,NO GUARDAR LA DISTANCIA LATERAL MINIMA DE SEGURIDAD ENTRE VEHICULOS.,ROZAMIENTOS,AUTOMOVIL,1,0,0,0,0,0,0,0,0,0,0,0,0,1,25,HOMBRE,ILESO,CONDUCTOR PRESENTE,NO,NO,0
12680,39372,39373,2018,1,0,-0.172742,-78.471178,PICHINCHA,QUITO,QUITO,URBANA,2018-06-01,13:00:00,13,VIERNES,5,JUNIO,6,NO,"NO RESPETAR LAS SENIALES REGLAMENTARIAS DE TRANSITO. (PARE, CEDA EL PASO, LUZ ROJA DEL SEMAFORO, ETC).",CHOQUE LATERAL,MOTOCICLETA,1,0,0,0,0,0,0,0,1,0,0,0,0,2,24,MUJER,LESIONADO,CONDUCTOR PRESENTE,NO,NO,0
12681,39374,39375,2018,1,0,-0.182997,-78.503721,PICHINCHA,QUITO,QUITO,URBANA,2018-06-01,13:30:00,13,VIERNES,5,JUNIO,6,NO,NO MANTENER LA DISTANCIA PRUDENCIAL CON RESPECTO AL VEHICULO QUE LE ANTECEDE.,COLISION,NO IDENTIFICADO,0,0,0,0,0,0,0,0,0,2,0,0,0,2,32,MUJER,LESIONADO,PASAJERO,NO,NO,0
12682,39377,39378,2018,0,0,-0.150393,-78.453592,PICHINCHA,QUITO,QUITO,URBANA,2018-06-01,15:20:00,15,VIERNES,5,JUNIO,6,NO,"CONDUCE BAJO LA INFLUENCIA DE ALCOHOL, SUSTANCIAS ESTUPEFACIENTES O PSICOTROPICAS Y/O MEDICAMENTOS.",COLISION,CAMIONETA,0,0,0,0,2,0,0,0,0,1,0,0,0,3,32,HOMBRE,ILESO,CONDUCTOR PRESENTE,NO,NO,0