,Unnamed: 0,ID,ANIO,LESIONADOS,FALLECIDOS,LATITUD_Y,LONGITUD_X,PROVINCIA,CANTON,PARROQUIA,ZONA,FECHA,HORA,PERIODO_2,DIA_1,DIA_2,MES_1,MES_2,FERIADO,CAUSA_PROBABLE,TIPO_DE_SINIESTRO,TIPO_DE_VEHICULO_1,AUTOMOVIL,BICICLETA,BUS,CAMION,CAMIONETA,EMERGENCIAS,ESPECIAL,FURGONETA,MOTOCICLETA,NO_IDENTIFICADO,SCOOTER_ELECTRICO,TRICIMOTO,VEHICULO_DEPORTIVO_UTILITARIO,SUMA_DE_VEHICULOS,EDAD_1,SEXO_1,CONDICION_1,PARTICIPANTE_1,CASCO_1,CINTURON_1,KMeans_Cluster
12683,39378,39379,2018,0,0,-0.129155,-78.483721,PICHINCHA,QUITO,QUITO,URBANA,2018-06-01,15:45:00,15,VIERNES,5,JUNIO,6,NO,"CONDUCE BAJO LA INFLUENCIA DE ALCOHOL, SUSTANCIAS ESTUPEFACIENTES O PSICOTROPICAS Y/O MEDICAMENTOS.",CHOQUE LATERAL,AUTOMOVIL,2,0,0,0,0,0,0,0,0,0,0,0,0,2,29,HOMBRE,ILESO,CONDUCTOR PRESENTE,NO,NO,0
12684,39381,39382,2018,1,0,-0.260225,-78.513911,PICHINCHA,QUITO,QUITO,URBANA,2018-06-01,16:30:00,16,VIERNES,5,JUNIO,6,NO,NO CEDER EL DERECHO DE VIA O PREFERENCIA DE PASO AL PEATON.,ARROLLAMIENTOS,NO IDENTIFICADO,0,0,0,0,0,0,0,0,0,1,0,0,0,1,80,MUJER,LESIONADO,PEATON,NO,NO,0
12685,39383,39384,2018,0,0,-0.187345,-78.502802,PICHINCHA,QUITO,QUITO,URBANA,2018-06-01,17:23:00,17,VIERNES,5,JUNIO,6,NO,"NO RESPETAR LAS SENIALES REGLAMENTARIAS DE TRANSITO. (PARE, CEDA EL PASO, LUZ ROJA DEL SEMAFORO, ETC).",CHOQUE LATERAL,AUTOMOVIL,2,0,0,0,0,0,0,0,0,0,0,0,0,2,45,HOMBRE,ILESO,CONDUCTOR PRESENTE,NO,NO,0
12686,39387,39388,2018,1,0,-0.138257,-78.424324,PICHINCHA,QUITO,LLANO CHICO,URBANA,2018-06-01,18:40:00,18,VIERNES,5,JUNIO,6,NO,NO CEDER EL DERECHO DE VIA O PREFERENCIA DE PASO AL PEATON.,ATROPELLOS,NO IDENTIFICADO,0,0,0,0,0,0,0,0,0,1,0,0,0,1,41,HOMBRE,LESIONADO,PEATON,NO,NO,0
12687,39389,39390,2018,2,0,-0.142041,-78.443217,PICHINCHA,QUITO,LLANO CHICO,URBANA,2018-06-01,19:05:00,19,VIERNES,5,JUNIO,6,NO,NO MANTENER LA DISTANCIA PRUDENCIAL CON RESPECTO AL VEHICULO QUE LE ANTECEDE.,COLISION,AUTOMOVIL,3,0,0,0,0,0,0,0,0,0,0,0,0,3,34,HOMBRE,LESIONADO,CONDUCTOR PRESENTE,NO,NO,0
12688,39390,39391,2018,2,0,-0.123589,-78.498716,PICHINCHA,QUITO,QUITO,URBANA,2018-06-01,19:30:00,19,VIERNES,5,JUNIO,6,NO,NO TRANSITAR POR LAS ACERAS O ZONAS DE SEGURIDAD DESTINADAS PARA EL EFECTO.,ATROPELLOS,MOTOCICLETA,0,0,0,0,0,0,0,0,1,0,0,0,0,1,24,HOMBRE,LESIONADO,CONDUCTOR PRESENTE,NO,NO,0
12689,39399,39400,2018,0,0,-0.168397,-78.490092,PICHINCHA,QUITO,QUITO,URBANA,2018-06-01,22:00:00,22,VIERNES,5,JUNIO,6,NO,REALIZAR CAMBIO BRUSCO O INDEBIDO DE CARRIL.,CHOQUE LATERAL,MOTOCICLETA,0,0,0,0,0,0,0,0,1,0,0,0,0,1,28,MUJER,ILESO,CONDUCTOR PRESENTE,NO,NO,0
12690,39401,39402,2018,0,0,-0.146622,-78.462931,PICHINCHA,QUITO,QUITO,URBANA,2018-06-01,23:00:00,23,VIERNES,5,JUNIO,6,NO,CONDUCIR VEHICULO SUPERANDO LOS LIMITES MAXIMOS DE VELOCIDAD.,ESTRELLAMIENTOS,AUTOMOVIL,1,0,0,0,0,0,0,0,0,0,0,0,0,1,-1,NO IDENTIFICADO,NO IDENTIFICADO,CONDUCTOR AUSENTE,NO,NO,2
12691,39402,39403,2018,0,0,-0.176715,-78.493866,PICHINCHA,QUITO,QUITO,URBANA,2018-06-01,23:10:00,23,VIERNES,5,JUNIO,6,NO,"CONDUCE BAJO LA INFLUENCIA DE ALCOHOL, SUSTANCIAS ESTUPEFACIENTES O PSICOTROPICAS Y/O MEDICAMENTOS.",CHOQUE LATERAL,AUTOMOVIL,2,0,0,0,0,0,0,0,0,0,0,0,0,2,20,HOMBRE,ILESO,CONDUCTOR PRESENTE,NO,NO,0
12692,39403,39404,2018,2,0,-0.490327,-78.570331,PICHINCHA,MEJIA,ALOAG,RURAL,2018-06-01,23:30:00,23,VIERNES,5,JUNIO,6,NO,"CONDUCIR DESATENTO A LAS CONDICIONES DE TRANSITO (CELULAR, PANTALLAS DE VIDEO, COMIDA, MAQUILLAJE O CUALQUIER OTRO ELEMENTO DISTRACTOR).",CHOQUE LATERAL,AUTOMOVIL,2,0,0,0,0,0,0,0,0,0,0,0,0,2,57,HOMBRE,LESIONADO,CONDUCTOR PRESENTE,NO,NO,3
12693,39406,39407,2018,4,0,-0.139547,-78.473708,PICHINCHA,QUITO,QUITO,URBANA,2018-06-02,00:20:00,0,SABADO,6,JUNIO,6,NO,"CONDUCE BAJO LA INFLUENCIA DE ALCOHOL, SUSTANCIAS ESTUPEFACIENTES O PSICOTROPICAS Y/O MEDICAMENTOS.",CHOQUE POSTERIOR,CAMION,1,0,0,1,0,0,0,0,0,0,0,0,0,2,27,HOMBRE,LESIONADO,PASAJERO,NO,NO,0
12694,39412,39413,2018,0,0,-0.052534,-78.329615,PICHINCHA,QUITO,GUAYLLABAMBA,RURAL,2018-06-02,02:00:00,2,SABADO,6,JUNIO,6,NO,"CONDUCIR DESATENTO A LAS CONDICIONES DE TRANSITO (CELULAR, PANTALLAS DE VIDEO, COMIDA, MAQUILLAJE O CUALQUIER OTRO ELEMENTO DISTRACTOR).",PERDIDA DE CARRIL,MOTOCICLETA,0,0,0,0,0,0,0,0,1,0,0,0,0,1,-1,HOMBRE,ILESO,CONDUCTOR PRESENTE,NO,NO,3
12695,39415,39416,2018,0,0,-0.133554,-78.501956,PICHINCHA,QUITO,QUITO,URBANA,2018-06-02,02:50:00,2,SABADO,6,JUNIO,6,NO,"NO RESPETAR LAS SENIALES REGLAMENTARIAS DE TRANSITO. (PARE, CEDA EL PASO, LUZ ROJA DEL SEMAFORO, ETC).",CHOQUE LATERAL,MOTOCICLETA,0,0,0,0,0,0,0,0,2,0,0,0,0,2,28,HOMBRE,ILESO,CONDUCTOR PRESENTE,NO,NO,0
12696,39416,39417,2018,0,0,-0.156806,-78.496782,PICHINCHA,QUITO,QUITO,URBANA,2018-06-02,03:00:00,3,SABADO,6,JUNIO,6,NO,NO TRANSITAR POR LAS ACERAS O ZONAS DE SEGURIDAD DESTINADAS PARA EL EFECTO.,ESTRELLAMIENTOS,AUTOMOVIL,1,0,0,0,0,0,0,0,0,0,0,0,0,1,23,MUJER,ILESO,PASAJERO,NO,NO,0
12697,39417,39418,2018,2,0,-0.204229,-78.505757,PICHINCHA,QUITO,QUITO,URBANA,2018-06-02,03:00:00,3,SABADO,6,JUNIO,6,NO,"CONDUCIR DESATENTO A LAS CONDICIONES DE TRANSITO (CELULAR, PANTALLAS DE VIDEO, COMIDA, MAQUILLAJE O CUALQUIER OTRO ELEMENTO DISTRACTOR).",ESTRELLAMIENTOS,NO IDENTIFICADO,0,0,0,0,0,0,0,0,0,1,0,0,0,1,23,HOMBRE,LESIONADO,PASAJERO,NO,NO,0
12698,39422,39423,2018,1,0,-0.064653,-78.456966,PICHINCHA,QUITO,POMASQUI,URBANA,2018-06-02,04:20:00,4,SABADO,6,JUNIO,6,NO,"CONDUCIR DESATENTO A LAS CONDICIONES DE TRANSITO (CELULAR, PANTALLAS DE VIDEO, COMIDA, MAQUILLAJE O CUALQUIER OTRO ELEMENTO DISTRACTOR).",ESTRELLAMIENTOS,AUTOMOVIL,1,0,0,0,0,0,0,0,0,0,0,0,0,1,24,HOMBRE,LESIONADO,CONDUCTOR PRESENTE,NO,NO,0
12699,39425,39426,2018,0,0,-0.191457,-78.512809,PICHINCHA,QUITO,QUITO,URBANA,2018-06-02,07:10:00,7,SABADO,6,JUNIO,6,NO,"NO RESPETAR LAS SENIALES REGLAMENTARIAS DE TRANSITO. (PARE, CEDA EL PASO, LUZ ROJA DEL SEMAFORO, ETC).",ESTRELLAMIENTOS,AUTOMOVIL,1,0,0,0,0,0,0,0,0,0,0,0,0,1,-1,NO IDENTIFICADO,NO IDENTIFICADO,CONDUCTOR AUSENTE,NO,NO,2
12700,39427,39428,2018,2,0,-0.299015,-78.531528,PICHINCHA,QUITO,QUITO,URBANA,2018-06-02,07:49:00,7,SABADO,6,JUNIO,6,NO,"CONDUCIR DESATENTO A LAS CONDICIONES DE TRANSITO (CELULAR, PANTALLAS DE VIDEO, COMIDA, MAQUILLAJE O CUALQUIER OTRO ELEMENTO DISTRACTOR).",CHOQUE FRONTAL,AUTOMOVIL,3,0,0,0,1,0,0,0,0,0,0,0,0,4,33,MUJER,LESIONADO,CONDUCTOR PRESENTE,NO,NO,0
12701,39430,39431,2018,1,0,-0.180385,-78.438294,PICHINCHA,QUITO,NAYON,URBANA,2018-06-02,08:50:00,8,SABADO,6,JUNIO,6,NO,NO TRANSITAR POR LAS ACERAS O ZONAS DE SEGURIDAD DESTINADAS PARA EL EFECTO.,ATROPELLOS,NO IDENTIFICADO,0,0,0,0,0,0,0,0,0,1,0,0,0,1,32,MUJER,LESIONADO,PEATON,NO,NO,0
12702,39431,39432,2018,0,0,-0.301659,-78.463312,PICHINCHA,QUITO,CONOCOTO,URBANA,2018-06-02,09:05:00,9,SABADO,6,JUNIO,6,NO,"CONDUCIR DESATENTO A LAS CONDICIONES DE TRANSITO (CELULAR, PANTALLAS DE VIDEO, COMIDA, MAQUILLAJE O CUALQUIER OTRO ELEMENTO DISTRACTOR).",CHOQUE LATERAL,AUTOMOVIL,1,0,0,0,1,0,0,0,0,0,0,0,0,2,30,MUJER,ILESO,CONDUCTOR PRESENTE,NO,NO,0
12703,39435,39436,2018,0,0,-0.212448,-78.482503,PICHINCHA,QUITO,QUITO,URBANA,2018-06-02,10:30:00,10,SABADO,6,JUNIO,6,NO,"NO RESPETAR LAS SENIALES REGLAMENTARIAS DE TRANSITO. (PARE, CEDA EL PASO, LUZ ROJA DEL SEMAFORO, ETC).",CHOQUE LATERAL,AUTOMOVIL,1,0,0,0,0,0,0,1,0,0,0,0,0,2,58,MUJER,ILESO,CONDUCTOR PRESENTE,NO,NO,0
12704,39438,39439,2018,1,0,-0.233331,-78.490789,PICHINCHA,QUITO,QUITO,URBANA,2018-06-02,11:20:00,11,SABADO,6,JUNIO,6,NO,"CONDUCIR DESATENTO A LAS CONDICIONES DE TRANSITO (CELULAR, PANTALLAS DE VIDEO, COMIDA, MAQUILLAJE O CUALQUIER OTRO ELEMENTO DISTRACTOR).",ATROPELLOS,AUTOMOVIL,1,0,0,0,0,0,0,0,0,0,0,0,0,1,58,MUJER,LESIONADO,PEATON,NO,NO,0
12705,39440,39441,2018,0,0,-0.086181,-78.291163,PICHINCHA,CAYAMBE,ASCAZUBI,RURAL,2018-06-02,12:15:00,12,SABADO,6,JUNIO,6,NO,NO GUARDAR LA DISTANCIA LATERAL MINIMA DE SEGURIDAD ENTRE VEHICULOS.,CHOQUE LATERAL,BUS,0,0,1,0,1,0,0,0,0,0,0,0,0,2,45,HOMBRE,ILESO,CONDUCTOR PRESENTE,NO,NO,3
12706,39441,39442,2018,1,0,-0.212824,-78.402686,PICHINCHA,QUITO,TUMBACO,URBANA,2018-06-02,12:25:00,12,SABADO,6,JUNIO,6,NO,"NO RESPETAR LAS SENIALES REGLAMENTARIAS DE TRANSITO. (PARE, CEDA EL PASO, LUZ ROJA DEL SEMAFORO, ETC).",ATROPELLOS,AUTOMOVIL,1,0,0,0,0,0,0,0,0,0,0,0,0,1,3,HOMBRE,LESIONADO,PEATON,NO,NO,0
12707,39442,39443,2018,0,0,-0.185856,-78.477867,PICHINCHA,QUITO,QUITO,URBANA,2018-06-02,12:35:00,12,SABADO,6,JUNIO,6,NO,CONDUCIR VEHICULO SUPERANDO LOS LIMITES MAXIMOS DE VELOCIDAD.,CHOQUE LATERAL,AUTOMOVIL,1,0,0,0,0,0,0,0,0,0,0,0,0,1,47,HOMBRE,ILESO,CONDUCTOR PRESENTE,NO,NO,0
12708,39443,39444,2018,1,0,-0.088199,-78.472407,PICHINCHA,QUITO,QUITO,URBANA,2018-06-02,12:40:00,12,SABADO,6,JUNIO,6,NO,NO CEDER EL DERECHO DE VIA O PREFERENCIA DE PASO AL PEATON.,ATROPELLOS,NO IDENTIFICADO,0,0,0,0,0,0,0,0,0,1,0,0,0,1,61,MUJER,LESIONADO,PEATON,NO,NO,0
12709,39446,39447,2018,1,0,-0.207732,-78.497071,PICHINCHA,QUITO,QUITO,URBANA,2018-06-02,13:16:00,13,SABADO,6,JUNIO,6,NO,NO MANTENER LA DISTANCIA PRUDENCIAL CON RESPECTO AL VEHICULO QUE LE ANTECEDE.,CHOQUE POSTERIOR,BUS,1,0,1,0,0,0,0,0,0,0,0,0,0,2,27,MUJER,LESIONADO,CONDUCTOR PRESENTE,NO,NO,0
12710,39447,39448,2018,1,0,-0.104923,-78.493287,PICHINCHA,QUITO,QUITO,URBANA,2018-06-02,13:20:00,13,SABADO,6,JUNIO,6,NO,NO TRANSITAR POR LAS ACERAS O ZONAS DE SEGURIDAD DESTINADAS PARA EL EFECTO.,ARROLLAMIENTOS,AUTOMOVIL,1,0,0,0,0,0,0,0,0,0,0,0,0,1,4,HOMBRE,LESIONADO,PEATON,NO,NO,0
12711,39449,39450,2018,1,0,-0.058027,-78.350901,PICHINCHA,QUITO,GUAYLLABAMBA,RURAL,2018-06-02,13:28:00,13,SABADO,6,JUNIO,6,NO,"CONDUCIR EN ESTADO DE SOMNOLENCIA O MALAS CONDICIONES FISICAS (SUENIO, CANSANCIO Y FATIGA).",ROZAMIENTOS,MOTOCICLETA,0,0,0,0,0,0,0,0,1,0,0,0,0,1,19,HOMBRE,LESIONADO,CONDUCTOR PRESENTE,NO,NO,3
12712,39452,39453,2018,0,0,-0.091585,-78.439052,PICHINCHA,QUITO,CALDERON (CARAPUNGO),URBANA,2018-06-02,13:45:00,13,SABADO,6,JUNIO,6,NO,CONDUCIR VEHICULO SUPERANDO LOS LIMITES MAXIMOS DE VELOCIDAD.,ESTRELLAMIENTOS,AUTOMOVIL,1,0,0,0,0,0,0,1,0,0,0,0,0,2,23,HOMBRE,ILESO,CONDUCTOR PRESENTE,NO,NO,0
12713,39453,39454,2018,1,0,-0.172498,-78.487861,PICHINCHA,QUITO,QUITO,URBANA,2018-06-02,13:47:00,13,SABADO,6,JUNIO,6,NO,CONDUCIR VEHICULO SUPERANDO LOS LIMITES MAXIMOS DE VELOCIDAD.,PERDIDA DE PISTA,MOTOCICLETA,0,0,0,0,0,0,0,0,1,0,0,0,0,1,42,MUJER,LESIONADO,PASAJERO,NO,NO,0
12714,39454,39455,2018,1,0,-0.207453,-78.501301,PICHINCHA,QUITO,QUITO,URBANA,2018-06-02,14:00:00,14,SABADO,6,JUNIO,6,NO,"NO RESPETAR LAS SENIALES REGLAMENTARIAS DE TRANSITO. (PARE, CEDA EL PASO, LUZ ROJA DEL SEMAFORO, ETC).",CHOQUE LATERAL,AUTOMOVIL,2,0,0,0,0,0,0,0,0,0,0,0,0,2,45,MUJER,LESIONADO,PASAJERO,NO,NO,0
12715,39456,39457,2018,0,0,-0.212584,-78.516102,PICHINCHA,QUITO,QUITO,URBANA,2018-06-02,15:30:00,15,SABADO,6,JUNIO,6,NO,REALIZAR CAMBIO BRUSCO O INDEBIDO DE CARRIL.,CHOQUE LATERAL,AUTOMOVIL,1,0,0,0,0,0,0,0,0,0,0,0,0,1,53,HOMBRE,ILESO,CONDUCTOR PRESENTE,NO,NO,0
12716,39459,39460,2018,0,0,-0.048414,-78.344035,PICHINCHA,QUITO,GUAYLLABAMBA,RURAL,2018-06-02,16:30:00,16,SABADO,6,JUNIO,6,NO,"CONDUCIR DESATENTO A LAS CONDICIONES DE TRANSITO (CELULAR, PANTALLAS DE VIDEO, COMIDA, MAQUILLAJE O CUALQUIER OTRO ELEMENTO DISTRACTOR).",ESTRELLAMIENTOS,AUTOMOVIL,1,0,0,0,0,0,0,0,0,0,0,0,0,1,26,HOMBRE,ILESO,CONDUCTOR PRESENTE,NO,NO,3
12717,39465,39466,2018,0,1,-0.032634,-77.992803,PICHINCHA,CAYAMBE,CAYAMBE,RURAL,2018-06-02,18:00:00,18,SABADO,6,JUNIO,6,NO,"CONDUCIR DESATENTO A LAS CONDICIONES DE TRANSITO (CELULAR, PANTALLAS DE VIDEO, COMIDA, MAQUILLAJE O CUALQUIER OTRO ELEMENTO DISTRACTOR).",PERDIDA DE PISTA,CAMIONETA,0,0,0,0,1,0,0,0,0,0,0,0,0,1,34,HOMBRE,FALLECIDO,CONDUCTOR PRESENTE,NO,NO,3
12718,39466,39467,2018,1,0,-0.258131,-78.494149,PICHINCHA,QUITO,CONOCOTO,URBANA,2018-06-02,18:20:00,18,SABADO,6,JUNIO,6,NO,CONDUCIR VEHICULO SUPERANDO LOS LIMITES MAXIMOS DE VELOCIDAD.,CHOQUE LATERAL,MOTOCICLETA,0,0,0,0,0,0,0,0,1,0,0,0,0,1,43,HOMBRE,LESIONADO,CONDUCTOR PRESENTE,NO,NO,0
12719,39473,39474,2018,1,0,-0.087497,-78.449347,PICHINCHA,QUITO,CALDERON (CARAPUNGO),URBANA,2018-06-02,20:45:00,20,SABADO,6,JUNIO,6,NO,"PEATON TRANSITA BAJO INFLUENCIA DE ALCOHOL, SUSTANCIAS ESTUPEFACIENTES O PSICOTROPICAS Y/O MEDICAMENTOS.",ATROPELLOS,AUTOMOVIL,1,0,0,0,0,0,0,0,0,0,0,0,0,1,54,HOMBRE,LESIONADO,PEATON,NO,NO,0
12720,39474,39475,2018,0,0,-0.137645,-78.501298,PICHINCHA,QUITO,QUITO,URBANA,2018-06-02,20:50:00,20,SABADO,6,JUNIO,6,NO,CONDUCIR VEHICULO SUPERANDO LOS LIMITES MAXIMOS DE VELOCIDAD.,ESTRELLAMIENTOS,AUTOMOVIL,1,0,0,0,0,0,0,0,0,0,0,0,0,1,-1,NO IDENTIFICADO,NO IDENTIFICADO,CONDUCTOR AUSENTE,NO,NO,2
12721,39477,39478,2018,0,0,-0.141419,-78.482825,PICHINCHA,QUITO,QUITO,URBANA,2018-06-02,21:25:00,21,SABADO,6,JUNIO,6,NO,"CONDUCE BAJO LA INFLUENCIA DE ALCOHOL, SUSTANCIAS ESTUPEFACIENTES O PSICOTROPICAS Y/O MEDICAMENTOS.",ROZAMIENTOS,AUTOMOVIL,3,0,0,0,0,0,0,0,0,0,0,0,0,3,26,HOMBRE,ILESO,CONDUCTOR PRESENTE,NO,NO,0
12722,39482,39483,2018,0,0,-0.245904,-78.491505,PICHINCHA,QUITO,QUITO,URBANA,2018-06-02,22:35:00,22,SABADO,6,JUNIO,6,NO,"CONDUCE BAJO LA INFLUENCIA DE ALCOHOL, SUSTANCIAS ESTUPEFACIENTES O PSICOTROPICAS Y/O MEDICAMENTOS.",CHOQUE FRONTAL,AUTOMOVIL,2,0,0,0,0,0,0,0,0,0,0,0,0,2,34,HOMBRE,ILESO,CONDUCTOR PRESENTE,NO,NO,0
12723,39484,39485,2018,0,0,-0.119238,-78.495599,PICHINCHA,QUITO,QUITO,URBANA,2018-06-02,23:15:00,23,SABADO,6,JUNIO,6,NO,CONDUCIR VEHICULO SUPERANDO LOS LIMITES MAXIMOS DE VELOCIDAD.,ESTRELLAMIENTOS,AUTOMOVIL,1,0,0,0,0,0,0,0,0,0,0,0,0,1,-1,NO IDENTIFICADO,NO IDENTIFICADO,CONDUCTOR AUSENTE,NO,NO,2
12724,39486,39487,2018,0,0,-0.122271,-78.485151,PICHINCHA,QUITO,QUITO,URBANA,2018-06-02,23:30:00,23,SABADO,6,JUNIO,6,NO,NO GUARDAR LA DISTANCIA LATERAL MINIMA DE SEGURIDAD ENTRE VEHICULOS.,ESTRELLAMIENTOS,AUTOMOVIL,1,0,0,0,0,0,0,0,0,0,0,0,0,1,56,HOMBRE,ILESO,CONDUCTOR PRESENTE,NO,NO,0
12725,39488,39489,2018,1,0,-0.319976,-78.564971,PICHINCHA,QUITO,QUITO,URBANA,2018-06-02,23:55:00,23,SABADO,6,JUNIO,6,NO,NO TRANSITAR POR LAS ACERAS O ZONAS DE SEGURIDAD DESTINADAS PARA EL EFECTO.,ATROPELLOS,NO IDENTIFICADO,0,0,0,0,0,0,0,0,0,1,0,0,0,1,32,HOMBRE,LESIONADO,PEATON,NO,NO,0
12726,39494,39495,2018,0,0,-0.273523,-78.536921,PICHINCHA,QUITO,QUITO,URBANA,2018-06-03,01:10:00,1,DOMINGO,7,JUNIO,6,NO,"NO RESPETAR LAS SENIALES REGLAMENTARIAS DE TRANSITO. (PARE, CEDA EL PASO, LUZ ROJA DEL SEMAFORO, ETC).",ESTRELLAMIENTOS,AUTOMOVIL,1,0,0,0,0,0,0,0,0,0,0,0,0,1,-1,NO IDENTIFICADO,NO IDENTIFICADO,CONDUCTOR AUSENTE,NO,NO,2
12727,39498,39499,2018,2,0,-0.002474,-78.520073,PICHINCHA,QUITO,CALACALI,RURAL,2018-06-03,01:30:00,1,DOMINGO,7,JUNIO,6,NO,"CONDUCIR DESATENTO A LAS CONDICIONES DE TRANSITO (CELULAR, PANTALLAS DE VIDEO, COMIDA, MAQUILLAJE O CUALQUIER OTRO ELEMENTO DISTRACTOR).",ESTRELLAMIENTOS,MOTOCICLETA,0,0,0,0,0,0,0,0,1,0,0,0,0,1,40,HOMBRE,LESIONADO,PASAJERO,NO,NO,3
12728,39500,39501,2018,0,0,-0.244351,-78.482089,PICHINCHA,QUITO,QUITO,URBANA,2018-06-03,02:03:00,2,DOMINGO,7,JUNIO,6,NO,"CONDUCIR EN ESTADO DE SOMNOLENCIA O MALAS CONDICIONES FISICAS (SUENIO, CANSANCIO Y FATIGA).",VOLCAMIENTOS,MOTOCICLETA,0,0,0,0,0,0,0,0,1,0,0,0,0,1,23,HOMBRE,ILESO,CONDUCTOR PRESENTE,NO,NO,0
12729,39502,39503,2018,0,0,-0.209174,-78.500935,PICHINCHA,QUITO,QUITO,URBANA,2018-06-03,02:20:00,2,DOMINGO,7,JUNIO,6,NO,CONDUCIR VEHICULO SUPERANDO LOS LIMITES MAXIMOS DE VELOCIDAD.,ESTRELLAMIENTOS,NO IDENTIFICADO,0,0,0,0,0,0,0,0,0,1,0,0,0,1,-1,NO IDENTIFICADO,NO IDENTIFICADO,CONDUCTOR AUSENTE,NO,NO,2
12730,39503,39504,2018,1,0,-0.240106,-78.534053,PICHINCHA,QUITO,QUITO,URBANA,2018-06-03,02:50:00,2,DOMINGO,7,JUNIO,6,NO,MALAS CONDICIONES DE LA VIA Y/O CONFIGURACION. (ILUMINACION Y DISENIO).,ATROPELLOS,NO IDENTIFICADO,0,0,0,0,0,0,0,0,0,1,0,0,0,1,31,HOMBRE,LESIONADO,PEATON,NO,NO,0
12731,39506,39507,2018,0,0,-0.090638,-78.448094,PICHINCHA,QUITO,CALDERON (CARAPUNGO),URBANA,2018-06-03,03:20:00,3,DOMINGO,7,JUNIO,6,NO,"FALLA MECANICA EN LOS SISTEMAS Y/O NEUMATICOS (SISTEMA DE FRENOS, DIRECCION, ELECTRONICO O MECANICO).",ESTRELLAMIENTOS,AUTOMOVIL,1,0,0,0,0,0,0,0,0,0,0,0,0,1,-1,NO IDENTIFICADO,NO IDENTIFICADO,CONDUCTOR AUSENTE,NO,NO,2
12732,39511,39512,2018,0,0,-0.199767,-78.428809,PICHINCHA,QUITO,CUMBAYA,URBANA,2018-06-03,03:50:00,3,DOMINGO,7,JUNIO,6,NO,CONDUCIR VEHICULO SUPERANDO LOS LIMITES MAXIMOS DE VELOCIDAD.,ESTRELLAMIENTOS,AUTOMOVIL,1,0,0,0,0,0,0,0,0,0,0,0,0,1,-1,NO IDENTIFICADO,NO IDENTIFICADO,CONDUCTOR AUSENTE,NO,NO,2
12733,39512,39513,2018,1,0,-0.254832,-78.503821,PICHINCHA,QUITO,QUITO,URBANA,2018-06-03,04:20:00,4,DOMINGO,7,JUNIO,6,NO,"CONDUCIR DESATENTO A LAS CONDICIONES DE TRANSITO (CELULAR, PANTALLAS DE VIDEO, COMIDA, MAQUILLAJE O CUALQUIER OTRO ELEMENTO DISTRACTOR).",ATROPELLOS,NO IDENTIFICADO,0,0,0,0,0,0,0,0,0,1,0,0,0,1,16,MUJER,LESIONADO,PEATON,NO,NO,0
12734,39513,39514,2018,0,0,-0.201112,-78.391761,PICHINCHA,QUITO,TUMBACO,URBANA,2018-06-03,04:30:00,4,DOMINGO,7,JUNIO,6,NO,"NO RESPETAR LAS SENIALES REGLAMENTARIAS DE TRANSITO. (PARE, CEDA EL PASO, LUZ ROJA DEL SEMAFORO, ETC).",ESTRELLAMIENTOS,AUTOMOVIL,1,0,0,0,0,0,0,0,0,0,0,0,0,1,-1,NO IDENTIFICADO,NO IDENTIFICADO,CONDUCTOR AUSENTE,NO,NO,2
12735,39517,39518,2018,0,0,-0.190265,-78.481543,PICHINCHA,QUITO,QUITO,URBANA,2018-06-03,05:30:00,5,DOMINGO,7,JUNIO,6,NO,CONDUCIR VEHICULO SUPERANDO LOS LIMITES MAXIMOS DE VELOCIDAD.,ESTRELLAMIENTOS,AUTOMOVIL,1,0,0,0,0,0,0,0,0,0,0,0,0,1,35,HOMBRE,ILESO,CONDUCTOR PRESENTE,NO,NO,0
12736,39519,39520,2018,2,0,-0.299432,-78.559038,PICHINCHA,QUITO,QUITO,URBANA,2018-06-03,05:50:00,5,DOMINGO,7,JUNIO,6,NO,"CONDUCE BAJO LA INFLUENCIA DE ALCOHOL, SUSTANCIAS ESTUPEFACIENTES O PSICOTROPICAS Y/O MEDICAMENTOS.",CHOQUE LATERAL,AUTOMOVIL,2,0,0,0,0,0,0,0,0,0,0,0,0,2,43,HOMBRE,LESIONADO,CONDUCTOR PRESENTE,NO,NO,0
12737,39520,39521,2018,1,0,-0.103032,-78.512727,PICHINCHA,QUITO,QUITO,URBANA,2018-06-03,06:00:00,6,DOMINGO,7,JUNIO,6,NO,CONDUCIR VEHICULO SUPERANDO LOS LIMITES MAXIMOS DE VELOCIDAD.,ATROPELLOS,NO IDENTIFICADO,0,0,0,0,0,0,0,0,0,1,0,0,0,1,26,HOMBRE,LESIONADO,PEATON,NO,NO,0
12738,39525,39526,2018,1,0,-0.068479,-78.371178,PICHINCHA,QUITO,GUAYLLABAMBA,RURAL,2018-06-03,07:00:00,7,DOMINGO,7,JUNIO,6,NO,"CONDUCIR DESATENTO A LAS CONDICIONES DE TRANSITO (CELULAR, PANTALLAS DE VIDEO, COMIDA, MAQUILLAJE O CUALQUIER OTRO ELEMENTO DISTRACTOR).",PERDIDA DE CARRIL,CAMION,0,0,0,1,0,0,0,0,0,0,0,0,0,1,26,MUJER,LESIONADO,PASAJERO,NO,NO,3