,Unnamed: 0,ID,ANIO,LESIONADOS,FALLECIDOS,LATITUD_Y,LONGITUD_X,PROVINCIA,CANTON,PARROQUIA,ZONA,FECHA,HORA,PERIODO_2,DIA_1,DIA_2,MES_1,MES_2,FERIADO,CAUSA_PROBABLE,TIPO_DE_SINIESTRO,TIPO_DE_VEHICULO_1,AUTOMOVIL,BICICLETA,BUS,CAMION,CAMIONETA,EMERGENCIAS,ESPECIAL,FURGONETA,MOTOCICLETA,NO_IDENTIFICADO,SCOOTER_ELECTRICO,TRICIMOTO,VEHICULO_DEPORTIVO_UTILITARIO,SUMA_DE_VEHICULOS,EDAD_1,SEXO_1,CONDICION_1,PARTICIPANTE_1,CASCO_1,CINTURON_1,KMeans_Cluster
12739,39530,39531,2018,1,0,-0.097194,-78.520991,PICHINCHA,QUITO,QUITO,URBANA,2018-06-03,08:42:00,8,DOMINGO,7,JUNIO,6,NO,"NO RESPETAR LAS SENIALES REGLAMENTARIAS DE TRANSITO. (PARE, CEDA EL PASO, LUZ ROJA DEL SEMAFORO, ETC).",CHOQUE LATERAL,MOTOCICLETA,1,0,0,0,0,0,0,0,1,0,0,0,0,2,33,HOMBRE,LESIONADO,CONDUCTOR PRESENTE,NO,NO,0
12740,39539,39540,2018,0,0,-0.199767,-78.428809,PICHINCHA,QUITO,CUMBAYA,URBANA,2018-06-03,11:25:00,11,DOMINGO,7,JUNIO,6,NO,"CONDUCE BAJO LA INFLUENCIA DE ALCOHOL, SUSTANCIAS ESTUPEFACIENTES O PSICOTROPICAS Y/O MEDICAMENTOS.",ROZAMIENTOS,MOTOCICLETA,1,0,0,0,0,0,0,0,1,0,0,0,0,2,33,HOMBRE,ILESO,CONDUCTOR PRESENTE,NO,NO,0
12741,39545,39546,2018,3,0,-0.267097,-78.465271,PICHINCHA,QUITO,CONOCOTO,URBANA,2018-06-03,14:00:00,14,DOMINGO,7,JUNIO,6,NO,MALAS CONDICIONES DE LA VIA Y/O CONFIGURACION. (ILUMINACION Y DISENIO).,VOLCAMIENTOS,CAMIONETA,0,0,0,0,1,0,0,0,0,0,0,0,0,1,28,HOMBRE,LESIONADO,PASAJERO,NO,NO,0
12742,39548,39549,2018,0,0,0.036215,-78.678281,PICHINCHA,QUITO,NANEGALITO,RURAL,2018-06-03,15:00:00,15,DOMINGO,7,JUNIO,6,NO,"CONDUCIR DESATENTO A LAS CONDICIONES DE TRANSITO (CELULAR, PANTALLAS DE VIDEO, COMIDA, MAQUILLAJE O CUALQUIER OTRO ELEMENTO DISTRACTOR).",CHOQUE FRONTAL,AUTOMOVIL,1,0,1,0,0,0,0,0,0,0,0,0,0,2,52,HOMBRE,ILESO,CONDUCTOR PRESENTE,NO,NO,3
12743,39554,39555,2018,0,0,0.045107,-78.224859,PICHINCHA,PEDRO MONCAYO,TABACUNDO,URBANA,2018-06-03,16:50:00,16,DOMINGO,7,JUNIO,6,NO,NO MANTENER LA DISTANCIA PRUDENCIAL CON RESPECTO AL VEHICULO QUE LE ANTECEDE.,CHOQUE POSTERIOR,VEHICULO DEPORTIVO UTILITARIO,2,0,0,0,0,0,0,0,0,0,0,0,1,3,59,HOMBRE,ILESO,CONDUCTOR PRESENTE,NO,NO,0
12744,39557,39558,2018,1,0,-0.291191,-78.429611,PICHINCHA,QUITO,ALANGASI,URBANA,2018-06-03,17:17:00,17,DOMINGO,7,JUNIO,6,NO,CONDUCIR VEHICULO SUPERANDO LOS LIMITES MAXIMOS DE VELOCIDAD.,PERDIDA DE PISTA,MOTOCICLETA,0,0,0,0,0,0,0,0,1,0,0,0,0,1,40,HOMBRE,LESIONADO,CONDUCTOR PRESENTE,NO,NO,0
12745,39561,39562,2018,0,0,-0.091585,-78.439052,PICHINCHA,QUITO,CALDERON (CARAPUNGO),URBANA,2018-06-03,19:00:00,19,DOMINGO,7,JUNIO,6,NO,CONDUCIR VEHICULO SUPERANDO LOS LIMITES MAXIMOS DE VELOCIDAD.,ESTRELLAMIENTOS,CAMIONETA,0,0,0,0,1,0,0,0,0,0,0,0,0,1,53,HOMBRE,ILESO,CONDUCTOR PRESENTE,NO,NO,0
12746,39567,39568,2018,1,0,-0.116245,-78.494324,PICHINCHA,QUITO,QUITO,URBANA,2018-06-03,20:20:00,20,DOMINGO,7,JUNIO,6,NO,"CASO FORTUITO O FUERZA MAYOR (EXPLOSION DE NEUMATICO NUEVO, DERRUMBE, INUNDACION, CAIDA DE PUENTE, ARBOL, PRESENCIA INTEMPESTIVA E IMPREVISTA DE SEMOVIENTES EN LA VIA, ETC.).",OTROS,MOTOCICLETA,0,0,0,0,0,0,0,0,1,0,0,0,0,1,22,HOMBRE,LESIONADO,CONDUCTOR PRESENTE,NO,NO,0
12747,39570,39571,2018,6,0,-0.278501,-78.556314,PICHINCHA,QUITO,QUITO,URBANA,2018-06-03,21:30:00,21,DOMINGO,7,JUNIO,6,NO,"CONDUCE BAJO LA INFLUENCIA DE ALCOHOL, SUSTANCIAS ESTUPEFACIENTES O PSICOTROPICAS Y/O MEDICAMENTOS.",ESTRELLAMIENTOS,CAMIONETA,1,0,0,0,1,0,0,0,0,0,0,0,0,2,25,MUJER,LESIONADO,CONDUCTOR PRESENTE,NO,NO,0
12748,39581,39582,2018,0,0,-0.084638,-78.436797,PICHINCHA,QUITO,CALDERON (CARAPUNGO),URBANA,2018-06-04,04:30:00,4,LUNES,1,JUNIO,6,NO,"CONDUCE BAJO LA INFLUENCIA DE ALCOHOL, SUSTANCIAS ESTUPEFACIENTES O PSICOTROPICAS Y/O MEDICAMENTOS.",ESTRELLAMIENTOS,AUTOMOVIL,1,0,0,1,0,0,0,0,0,0,0,0,0,2,22,HOMBRE,ILESO,CONDUCTOR PRESENTE,NO,NO,0
12749,39584,39585,2018,2,0,-0.179484,-78.481435,PICHINCHA,QUITO,QUITO,URBANA,2018-06-04,06:00:00,6,LUNES,1,JUNIO,6,NO,NO GUARDAR LA DISTANCIA LATERAL MINIMA DE SEGURIDAD ENTRE VEHICULOS.,CHOQUE LATERAL,AUTOMOVIL,2,0,0,0,0,0,0,0,0,0,0,0,0,2,28,MUJER,LESIONADO,PASAJERO,NO,NO,0
12750,39589,39590,2018,1,0,-0.139569,-78.503506,PICHINCHA,QUITO,QUITO,URBANA,2018-06-04,07:20:00,7,LUNES,1,JUNIO,6,NO,CONDUCIR VEHICULO SUPERANDO LOS LIMITES MAXIMOS DE VELOCIDAD.,ARROLLAMIENTOS,BUS,0,0,1,0,0,0,0,0,0,0,0,0,0,1,50,MUJER,LESIONADO,PEATON,NO,NO,0
12751,39594,39595,2018,0,0,-0.128931,-78.471214,PICHINCHA,QUITO,QUITO,URBANA,2018-06-04,09:25:00,9,LUNES,1,JUNIO,6,NO,NO MANTENER LA DISTANCIA PRUDENCIAL CON RESPECTO AL VEHICULO QUE LE ANTECEDE.,CHOQUE LATERAL,AUTOMOVIL,2,0,0,0,0,0,0,0,0,0,0,0,0,2,28,MUJER,ILESO,CONDUCTOR PRESENTE,NO,NO,0
12752,39596,39597,2018,0,0,-0.091233,-78.473221,PICHINCHA,QUITO,QUITO,URBANA,2018-06-04,11:00:00,11,LUNES,1,JUNIO,6,NO,NO GUARDAR LA DISTANCIA LATERAL MINIMA DE SEGURIDAD ENTRE VEHICULOS.,CHOQUE LATERAL,CAMION,1,0,0,1,0,0,0,0,0,0,0,0,0,2,43,HOMBRE,ILESO,CONDUCTOR PRESENTE,NO,NO,0
12753,39599,39600,2018,0,0,-0.020652,-78.494387,PICHINCHA,QUITO,CALACALI,URBANA,2018-06-04,12:00:00,12,LUNES,1,JUNIO,6,NO,"NO RESPETAR LAS SENIALES REGLAMENTARIAS DE TRANSITO. (PARE, CEDA EL PASO, LUZ ROJA DEL SEMAFORO, ETC).",CHOQUE LATERAL,AUTOMOVIL,2,0,0,0,0,0,0,0,0,0,0,0,0,2,58,HOMBRE,ILESO,CONDUCTOR PRESENTE,NO,NO,0
12754,39600,39601,2018,1,0,-0.171133,-78.487409,PICHINCHA,QUITO,QUITO,URBANA,2018-06-04,12:05:00,12,LUNES,1,JUNIO,6,NO,NO GUARDAR LA DISTANCIA LATERAL MINIMA DE SEGURIDAD ENTRE VEHICULOS.,CHOQUE LATERAL,AUTOMOVIL,1,0,0,0,0,0,0,0,1,0,0,0,0,2,29,HOMBRE,LESIONADO,CONDUCTOR PRESENTE,NO,NO,0
12755,39602,39603,2018,2,0,-0.328239,-78.538128,PICHINCHA,QUITO,QUITO,URBANA,2018-06-04,12:45:00,12,LUNES,1,JUNIO,6,NO,CONDUCIR VEHICULO SUPERANDO LOS LIMITES MAXIMOS DE VELOCIDAD.,CHOQUE LATERAL,AUTOMOVIL,1,0,0,1,0,0,0,0,0,0,0,0,0,2,34,MUJER,LESIONADO,CONDUCTOR PRESENTE,NO,NO,0
12756,39605,39606,2018,0,0,-0.156481,-78.477125,PICHINCHA,QUITO,QUITO,URBANA,2018-06-04,15:38:00,15,LUNES,1,JUNIO,6,NO,"NO RESPETAR LAS SENIALES REGLAMENTARIAS DE TRANSITO. (PARE, CEDA EL PASO, LUZ ROJA DEL SEMAFORO, ETC).",ESTRELLAMIENTOS,AUTOMOVIL,1,0,0,0,0,0,0,0,1,0,0,0,0,2,69,HOMBRE,ILESO,CONDUCTOR PRESENTE,NO,NO,0
12757,39608,39609,2018,0,0,-0.297351,-78.532849,PICHINCHA,QUITO,QUITO,URBANA,2018-06-04,16:00:00,16,LUNES,1,JUNIO,6,NO,NO CEDER EL DERECHO DE VIA O PREFERENCIA DE PASO A VEHICULOS.,ESTRELLAMIENTOS,NO IDENTIFICADO,0,0,0,0,0,0,0,0,0,1,0,0,0,1,-1,NO IDENTIFICADO,NO IDENTIFICADO,CONDUCTOR AUSENTE,NO,NO,2
12758,39610,39611,2018,0,0,-0.186125,-78.476087,PICHINCHA,QUITO,QUITO,URBANA,2018-06-04,16:15:00,16,LUNES,1,JUNIO,6,NO,"NO RESPETAR LAS SENIALES REGLAMENTARIAS DE TRANSITO. (PARE, CEDA EL PASO, LUZ ROJA DEL SEMAFORO, ETC).",ESTRELLAMIENTOS,AUTOMOVIL,1,0,0,0,0,0,0,0,0,0,0,0,0,1,-1,NO IDENTIFICADO,NO IDENTIFICADO,CONDUCTOR AUSENTE,NO,NO,2
12759,39613,39614,2018,1,0,-0.095992,-78.453243,PICHINCHA,QUITO,CALDERON (CARAPUNGO),URBANA,2018-06-04,18:40:00,18,LUNES,1,JUNIO,6,NO,NO TRANSITAR POR LAS ACERAS O ZONAS DE SEGURIDAD DESTINADAS PARA EL EFECTO.,ATROPELLOS,CAMIONETA,0,0,0,0,1,0,0,0,0,0,0,0,0,1,25,MUJER,LESIONADO,PEATON,NO,NO,0
12760,39617,39618,2018,1,0,-0.307983,-78.561462,PICHINCHA,QUITO,QUITO,URBANA,2018-06-04,19:00:00,19,LUNES,1,JUNIO,6,NO,CONDUCIR VEHICULO SUPERANDO LOS LIMITES MAXIMOS DE VELOCIDAD.,ATROPELLOS,NO IDENTIFICADO,0,0,0,0,0,0,0,0,0,1,0,0,0,1,18,MUJER,LESIONADO,PEATON,NO,NO,0
12761,39623,39624,2018,0,0,-0.193726,-78.501033,PICHINCHA,QUITO,QUITO,URBANA,2018-06-04,20:00:00,20,LUNES,1,JUNIO,6,NO,"NO RESPETAR LAS SENIALES REGLAMENTARIAS DE TRANSITO. (PARE, CEDA EL PASO, LUZ ROJA DEL SEMAFORO, ETC).",CHOQUE LATERAL,AUTOMOVIL,2,0,0,0,0,0,0,0,0,0,0,0,0,2,41,HOMBRE,ILESO,CONDUCTOR PRESENTE,NO,NO,0
12762,39630,39631,2018,0,0,-0.089881,-78.517157,PICHINCHA,QUITO,QUITO,URBANA,2018-06-04,21:55:00,21,LUNES,1,JUNIO,6,NO,"CONDUCIR DESATENTO A LAS CONDICIONES DE TRANSITO (CELULAR, PANTALLAS DE VIDEO, COMIDA, MAQUILLAJE O CUALQUIER OTRO ELEMENTO DISTRACTOR).",ESTRELLAMIENTOS,AUTOMOVIL,1,0,0,0,0,0,0,0,0,0,0,0,0,1,25,HOMBRE,ILESO,CONDUCTOR PRESENTE,NO,NO,0
12763,39631,39632,2018,1,0,-0.217891,-78.485249,PICHINCHA,QUITO,QUITO,URBANA,2018-06-04,22:00:00,22,LUNES,1,JUNIO,6,NO,CONDUCIR VEHICULO SUPERANDO LOS LIMITES MAXIMOS DE VELOCIDAD.,VOLCAMIENTOS,MOTOCICLETA,0,0,0,0,0,0,0,0,1,0,0,0,0,1,29,HOMBRE,LESIONADO,CONDUCTOR PRESENTE,NO,NO,0
12764,39633,39634,2018,1,0,-0.099083,-78.421844,PICHINCHA,QUITO,CALDERON (CARAPUNGO),URBANA,2018-06-04,22:35:00,22,LUNES,1,JUNIO,6,NO,REALIZAR CAMBIO BRUSCO O INDEBIDO DE CARRIL.,CHOQUE LATERAL,MOTOCICLETA,0,0,0,0,0,0,0,0,1,0,0,0,0,1,22,HOMBRE,LESIONADO,CONDUCTOR PRESENTE,NO,NO,0
12765,39634,39635,2018,0,0,-0.116011,-78.479444,PICHINCHA,QUITO,QUITO,URBANA,2018-06-04,22:45:00,22,LUNES,1,JUNIO,6,NO,"CONDUCE BAJO LA INFLUENCIA DE ALCOHOL, SUSTANCIAS ESTUPEFACIENTES O PSICOTROPICAS Y/O MEDICAMENTOS.",CHOQUE POSTERIOR,AUTOMOVIL,1,0,0,0,1,0,0,0,0,0,0,0,0,2,33,HOMBRE,ILESO,CONDUCTOR PRESENTE,NO,NO,0
12766,39638,39639,2018,0,0,-0.258896,-78.511657,PICHINCHA,QUITO,QUITO,URBANA,2018-06-05,00:10:00,0,MARTES,2,JUNIO,6,NO,"NO RESPETAR LAS SENIALES REGLAMENTARIAS DE TRANSITO. (PARE, CEDA EL PASO, LUZ ROJA DEL SEMAFORO, ETC).",ESTRELLAMIENTOS,AUTOMOVIL,1,0,0,0,0,0,0,0,0,0,0,0,0,1,-1,NO IDENTIFICADO,NO IDENTIFICADO,CONDUCTOR AUSENTE,NO,NO,2
12767,39642,39643,2018,1,0,-0.192308,-78.496791,PICHINCHA,QUITO,QUITO,URBANA,2018-06-05,06:10:00,6,MARTES,2,JUNIO,6,NO,REALIZAR CAMBIO BRUSCO O INDEBIDO DE CARRIL.,CHOQUE LATERAL,MOTOCICLETA,0,0,0,0,0,0,0,0,1,0,0,0,0,1,19,HOMBRE,LESIONADO,CONDUCTOR PRESENTE,NO,NO,0
12768,39643,39644,2018,2,0,-0.009051,-78.445588,PICHINCHA,QUITO,SAN ANTONIO (QUITO),URBANA,2018-06-05,06:50:00,6,MARTES,2,JUNIO,6,NO,CONDUCIR VEHICULO SUPERANDO LOS LIMITES MAXIMOS DE VELOCIDAD.,CHOQUE LATERAL,CAMION,1,0,0,1,0,0,0,0,0,0,0,0,0,2,39,HOMBRE,LESIONADO,CONDUCTOR PRESENTE,NO,NO,0
12769,39644,39645,2018,1,0,-0.188475,-78.492142,PICHINCHA,QUITO,QUITO,URBANA,2018-06-05,07:09:00,7,MARTES,2,JUNIO,6,NO,NO MANTENER LA DISTANCIA PRUDENCIAL CON RESPECTO AL VEHICULO QUE LE ANTECEDE.,CHOQUE POSTERIOR,NO IDENTIFICADO,0,0,0,0,0,0,0,0,0,1,0,0,0,1,27,HOMBRE,LESIONADO,CONDUCTOR PRESENTE,NO,NO,0
12770,39645,39646,2018,1,0,-0.265395,-78.496401,PICHINCHA,QUITO,CONOCOTO,URBANA,2018-06-05,07:13:00,7,MARTES,2,JUNIO,6,NO,"PRESENCIA DE AGENTES EXTERNOS EN LA VIA (AGUA, ACEITE, PIEDRA, LASTRE, ESCOMBROS, MADEROS, ETC.).",PERDIDA DE PISTA,MOTOCICLETA,0,0,0,0,0,0,0,0,1,0,0,0,0,1,30,HOMBRE,LESIONADO,CONDUCTOR PRESENTE,NO,NO,0
12771,39647,39648,2018,2,0,-0.207793,-78.495398,PICHINCHA,QUITO,QUITO,URBANA,2018-06-05,07:40:00,7,MARTES,2,JUNIO,6,NO,CONDUCIR VEHICULO SUPERANDO LOS LIMITES MAXIMOS DE VELOCIDAD.,ESTRELLAMIENTOS,AUTOMOVIL,2,0,0,0,0,0,0,0,0,0,0,0,0,2,30,HOMBRE,LESIONADO,CONDUCTOR PRESENTE,NO,NO,0
12772,39650,39651,2018,0,0,-0.245659,-78.496297,PICHINCHA,QUITO,QUITO,URBANA,2018-06-05,08:55:00,8,MARTES,2,JUNIO,6,NO,"CONDUCIR DESATENTO A LAS CONDICIONES DE TRANSITO (CELULAR, PANTALLAS DE VIDEO, COMIDA, MAQUILLAJE O CUALQUIER OTRO ELEMENTO DISTRACTOR).",ESTRELLAMIENTOS,AUTOMOVIL,1,0,0,0,0,0,0,0,0,0,0,0,0,1,35,HOMBRE,ILESO,CONDUCTOR PRESENTE,NO,NO,0
12773,39654,39655,2018,0,0,-0.170181,-78.479921,PICHINCHA,QUITO,QUITO,URBANA,2018-06-05,09:40:00,9,MARTES,2,JUNIO,6,NO,PEATON QUE CRUZA LA CALZADA SIN RESPETAR LA SENIALIZACION EXISTENTE (SEMAFOROS O SENIALES MANUALES).,ESTRELLAMIENTOS,AUTOMOVIL,1,0,0,0,0,0,0,0,0,0,0,0,0,1,62,HOMBRE,ILESO,CONDUCTOR PRESENTE,NO,NO,0
12774,39658,39659,2018,1,0,0.044089,-78.302431,PICHINCHA,PEDRO MONCAYO,TOCACHI,RURAL,2018-06-05,11:30:00,11,MARTES,2,JUNIO,6,NO,"CONDUCIR DESATENTO A LAS CONDICIONES DE TRANSITO (CELULAR, PANTALLAS DE VIDEO, COMIDA, MAQUILLAJE O CUALQUIER OTRO ELEMENTO DISTRACTOR).",PERDIDA DE PISTA,CAMIONETA,0,0,0,0,1,0,0,0,0,0,0,0,0,1,22,HOMBRE,LESIONADO,CONDUCTOR PRESENTE,NO,NO,3
12775,39664,39665,2018,1,0,-0.199767,-78.428809,PICHINCHA,QUITO,CUMBAYA,URBANA,2018-06-05,12:40:00,12,MARTES,2,JUNIO,6,NO,"CONDUCIR DESATENTO A LAS CONDICIONES DE TRANSITO (CELULAR, PANTALLAS DE VIDEO, COMIDA, MAQUILLAJE O CUALQUIER OTRO ELEMENTO DISTRACTOR).",CHOQUE LATERAL,AUTOMOVIL,1,0,0,0,0,0,0,0,1,0,0,0,0,2,41,HOMBRE,LESIONADO,CONDUCTOR PRESENTE,NO,NO,0
12776,39669,39670,2018,0,0,-0.223402,-78.516711,PICHINCHA,QUITO,QUITO,URBANA,2018-06-05,14:45:00,14,MARTES,2,JUNIO,6,NO,NO GUARDAR LA DISTANCIA LATERAL MINIMA DE SEGURIDAD ENTRE VEHICULOS.,CHOQUE LATERAL,AUTOMOVIL,2,0,0,0,0,0,0,0,0,0,0,0,0,2,62,HOMBRE,ILESO,CONDUCTOR PRESENTE,NO,NO,0
12777,39670,39671,2018,0,0,-0.079081,-78.502308,PICHINCHA,QUITO,QUITO,URBANA,2018-06-05,14:55:00,14,MARTES,2,JUNIO,6,NO,"FALLA MECANICA EN LOS SISTEMAS Y/O NEUMATICOS (SISTEMA DE FRENOS, DIRECCION, ELECTRONICO O MECANICO).",ESTRELLAMIENTOS,AUTOMOVIL,1,0,0,0,0,0,0,0,0,0,0,0,0,1,29,HOMBRE,ILESO,CONDUCTOR PRESENTE,NO,NO,0
12778,39672,39673,2018,0,0,-0.088098,-78.476095,PICHINCHA,QUITO,QUITO,URBANA,2018-06-05,15:55:00,15,MARTES,2,JUNIO,6,NO,NO MANTENER LA DISTANCIA PRUDENCIAL CON RESPECTO AL VEHICULO QUE LE ANTECEDE.,CHOQUE POSTERIOR,MOTOCICLETA,0,0,0,0,0,0,0,0,1,0,0,0,1,2,26,HOMBRE,ILESO,CONDUCTOR PRESENTE,NO,NO,0
12779,39675,39676,2018,0,0,-0.144688,-78.476951,PICHINCHA,QUITO,QUITO,URBANA,2018-06-05,16:50:00,16,MARTES,2,JUNIO,6,NO,"CASO FORTUITO O FUERZA MAYOR (EXPLOSION DE NEUMATICO NUEVO, DERRUMBE, INUNDACION, CAIDA DE PUENTE, ARBOL, PRESENCIA INTEMPESTIVA E IMPREVISTA DE SEMOVIENTES EN LA VIA, ETC.).",OTROS,AUTOMOVIL,1,0,0,0,0,0,0,0,0,0,0,0,0,1,30,MUJER,ILESO,CONDUCTOR PRESENTE,NO,NO,0
12780,39678,39679,2018,0,0,-0.082518,-78.418041,PICHINCHA,QUITO,CALDERON (CARAPUNGO),URBANA,2018-06-05,17:40:00,17,MARTES,2,JUNIO,6,NO,"CONDUCE BAJO LA INFLUENCIA DE ALCOHOL, SUSTANCIAS ESTUPEFACIENTES O PSICOTROPICAS Y/O MEDICAMENTOS.",ESTRELLAMIENTOS,AUTOMOVIL,2,0,0,0,0,0,0,0,0,0,0,0,0,2,30,HOMBRE,ILESO,CONDUCTOR PRESENTE,NO,NO,0
12781,39681,39682,2018,0,0,-0.237667,-78.484685,PICHINCHA,QUITO,QUITO,URBANA,2018-06-05,18:44:00,18,MARTES,2,JUNIO,6,NO,"CONDUCIR DESATENTO A LAS CONDICIONES DE TRANSITO (CELULAR, PANTALLAS DE VIDEO, COMIDA, MAQUILLAJE O CUALQUIER OTRO ELEMENTO DISTRACTOR).",CHOQUE POSTERIOR,BUS,0,0,2,0,0,0,0,0,0,0,0,0,0,2,24,HOMBRE,ILESO,CONDUCTOR PRESENTE,NO,NO,0
12782,39682,39683,2018,0,0,-0.185884,-78.453561,PICHINCHA,QUITO,NAYON,URBANA,2018-06-05,18:48:00,18,MARTES,2,JUNIO,6,NO,"CONDUCIR DESATENTO A LAS CONDICIONES DE TRANSITO (CELULAR, PANTALLAS DE VIDEO, COMIDA, MAQUILLAJE O CUALQUIER OTRO ELEMENTO DISTRACTOR).",OTROS,AUTOMOVIL,1,0,0,1,0,0,0,0,0,0,0,0,0,2,30,HOMBRE,ILESO,CONDUCTOR PRESENTE,NO,NO,0
12783,39685,39686,2018,1,0,-0.244186,-78.526562,PICHINCHA,QUITO,QUITO,URBANA,2018-06-05,19:40:00,19,MARTES,2,JUNIO,6,NO,"CONDUCIR DESATENTO A LAS CONDICIONES DE TRANSITO (CELULAR, PANTALLAS DE VIDEO, COMIDA, MAQUILLAJE O CUALQUIER OTRO ELEMENTO DISTRACTOR).",VOLCAMIENTOS,MOTOCICLETA,0,0,0,0,0,0,0,0,1,0,0,0,1,2,38,HOMBRE,LESIONADO,CONDUCTOR PRESENTE,NO,NO,0
12784,39688,39689,2018,0,0,-0.245301,-78.521608,PICHINCHA,QUITO,QUITO,URBANA,2018-06-05,20:00:00,20,MARTES,2,JUNIO,6,NO,"CONDUCIR DESATENTO A LAS CONDICIONES DE TRANSITO (CELULAR, PANTALLAS DE VIDEO, COMIDA, MAQUILLAJE O CUALQUIER OTRO ELEMENTO DISTRACTOR).",ATROPELLOS,MOTOCICLETA,0,0,0,0,0,0,0,0,1,0,0,0,0,1,23,HOMBRE,ILESO,CONDUCTOR PRESENTE,NO,NO,0
12785,39691,39692,2018,0,0,-0.104108,-78.465061,PICHINCHA,QUITO,QUITO,URBANA,2018-06-05,20:10:00,20,MARTES,2,JUNIO,6,NO,"CONDUCIR DESATENTO A LAS CONDICIONES DE TRANSITO (CELULAR, PANTALLAS DE VIDEO, COMIDA, MAQUILLAJE O CUALQUIER OTRO ELEMENTO DISTRACTOR).",ROZAMIENTOS,AUTOMOVIL,2,0,0,0,0,0,0,0,0,0,0,0,0,2,26,HOMBRE,ILESO,CONDUCTOR PRESENTE,NO,NO,0
12786,39693,39694,2018,3,0,-0.175579,-78.487537,PICHINCHA,QUITO,QUITO,URBANA,2018-06-05,21:00:00,21,MARTES,2,JUNIO,6,NO,CONDUCIR VEHICULO SUPERANDO LOS LIMITES MAXIMOS DE VELOCIDAD.,CHOQUE LATERAL,MOTOCICLETA,1,0,0,0,0,0,0,0,1,0,0,0,0,2,33,HOMBRE,LESIONADO,CONDUCTOR PRESENTE,NO,NO,0
12787,39696,39697,2018,0,0,-0.188909,-78.498874,PICHINCHA,QUITO,QUITO,URBANA,2018-06-05,22:30:00,22,MARTES,2,JUNIO,6,NO,"CONDUCE BAJO LA INFLUENCIA DE ALCOHOL, SUSTANCIAS ESTUPEFACIENTES O PSICOTROPICAS Y/O MEDICAMENTOS.",CHOQUE POSTERIOR,AUTOMOVIL,2,0,0,0,0,0,0,0,0,0,0,0,0,2,44,HOMBRE,ILESO,CONDUCTOR PRESENTE,NO,NO,0
12788,39699,39700,2018,1,0,-0.172151,-78.491142,PICHINCHA,QUITO,QUITO,URBANA,2018-06-05,22:50:00,22,MARTES,2,JUNIO,6,NO,"NO RESPETAR LAS SENIALES REGLAMENTARIAS DE TRANSITO. (PARE, CEDA EL PASO, LUZ ROJA DEL SEMAFORO, ETC).",VOLCAMIENTOS,MOTOCICLETA,0,0,0,0,0,0,0,0,1,0,0,0,0,1,27,HOMBRE,LESIONADO,CONDUCTOR PRESENTE,NO,NO,0
12789,39702,39703,2018,2,0,-0.223348,-78.507921,PICHINCHA,QUITO,QUITO,URBANA,2018-06-06,01:20:00,1,MIERCOLES,3,JUNIO,6,NO,NO CEDER EL DERECHO DE VIA O PREFERENCIA DE PASO A VEHICULOS.,ESTRELLAMIENTOS,MOTOCICLETA,0,0,0,0,0,0,0,0,1,0,0,0,0,1,19,HOMBRE,LESIONADO,CONDUCTOR PRESENTE,NO,NO,0
12790,39705,39706,2018,0,0,-0.160342,-78.468989,PICHINCHA,QUITO,QUITO,URBANA,2018-06-06,05:00:00,5,MIERCOLES,3,JUNIO,6,NO,CONDUCIR VEHICULO SUPERANDO LOS LIMITES MAXIMOS DE VELOCIDAD.,ESTRELLAMIENTOS,AUTOMOVIL,1,0,0,0,0,0,0,0,0,0,0,0,0,1,-1,NO IDENTIFICADO,NO IDENTIFICADO,CONDUCTOR AUSENTE,NO,NO,2
12791,39709,39710,2018,0,0,-0.276272,-78.488101,PICHINCHA,QUITO,CONOCOTO,URBANA,2018-06-06,07:24:00,7,MIERCOLES,3,JUNIO,6,NO,"CONDUCIR DESATENTO A LAS CONDICIONES DE TRANSITO (CELULAR, PANTALLAS DE VIDEO, COMIDA, MAQUILLAJE O CUALQUIER OTRO ELEMENTO DISTRACTOR).",COLISION,VEHICULO DEPORTIVO UTILITARIO,2,0,0,0,0,0,0,0,0,0,0,0,1,3,33,HOMBRE,ILESO,CONDUCTOR PRESENTE,NO,NO,0
12792,39713,39714,2018,1,0,-0.247356,-78.532457,PICHINCHA,QUITO,QUITO,URBANA,2018-06-06,07:40:00,7,MIERCOLES,3,JUNIO,6,NO,"NO RESPETAR LAS SENIALES REGLAMENTARIAS DE TRANSITO. (PARE, CEDA EL PASO, LUZ ROJA DEL SEMAFORO, ETC).",ESTRELLAMIENTOS,AUTOMOVIL,2,0,0,0,0,0,0,0,0,0,0,0,0,2,36,MUJER,LESIONADO,PASAJERO,NO,NO,0
12793,39714,39715,2018,0,0,-0.208516,-78.507507,PICHINCHA,QUITO,QUITO,URBANA,2018-06-06,08:00:00,8,MIERCOLES,3,JUNIO,6,NO,"CONDUCE BAJO LA INFLUENCIA DE ALCOHOL, SUSTANCIAS ESTUPEFACIENTES O PSICOTROPICAS Y/O MEDICAMENTOS.",ESTRELLAMIENTOS,AUTOMOVIL,3,0,0,0,0,0,0,0,0,0,0,0,0,3,35,HOMBRE,ILESO,CONDUCTOR PRESENTE,NO,NO,0
12794,39717,39718,2018,1,0,-0.169241,-78.476337,PICHINCHA,QUITO,QUITO,URBANA,2018-06-06,09:05:00,9,MIERCOLES,3,JUNIO,6,NO,NO GUARDAR LA DISTANCIA LATERAL MINIMA DE SEGURIDAD ENTRE VEHICULOS.,CHOQUE LATERAL,MOTOCICLETA,0,0,0,0,0,0,0,0,1,0,0,0,0,1,24,HOMBRE,LESIONADO,CONDUCTOR PRESENTE,NO,NO,0