,Unnamed: 0,ID,ANIO,LESIONADOS,FALLECIDOS,LATITUD_Y,LONGITUD_X,PROVINCIA,CANTON,PARROQUIA,ZONA,FECHA,HORA,PERIODO_2,DIA_1,DIA_2,MES_1,MES_2,FERIADO,CAUSA_PROBABLE,TIPO_DE_SINIESTRO,TIPO_DE_VEHICULO_1,AUTOMOVIL,BICICLETA,BUS,CAMION,CAMIONETA,EMERGENCIAS,ESPECIAL,FURGONETA,MOTOCICLETA,NO_IDENTIFICADO,SCOOTER_ELECTRICO,TRICIMOTO,VEHICULO_DEPORTIVO_UTILITARIO,SUMA_DE_VEHICULOS,EDAD_1,SEXO_1,CONDICION_1,PARTICIPANTE_1,CASCO_1,CINTURON_1,KMeans_Cluster
12795,39718,39719,2018,0,0,-0.185623,-78.343085,PICHINCHA,QUITO,TABABELA,URBANA,2018-06-06,09:30:00,9,MIERCOLES,3,JUNIO,6,NO,CONDUCIR VEHICULO SUPERANDO LOS LIMITES MAXIMOS DE VELOCIDAD.,CHOQUE LATERAL,AUTOMOVIL,2,0,0,0,0,0,0,0,0,0,0,0,0,2,39,HOMBRE,ILESO,CONDUCTOR PRESENTE,NO,NO,0
12796,39723,39724,2018,2,0,-0.176466,-78.485731,PICHINCHA,QUITO,QUITO,URBANA,2018-06-06,10:40:00,10,MIERCOLES,3,JUNIO,6,NO,NO CEDER EL DERECHO DE VIA O PREFERENCIA DE PASO AL PEATON.,ATROPELLOS,NO IDENTIFICADO,0,0,0,0,0,0,0,0,0,1,0,0,0,1,78,MUJER,LESIONADO,PEATON,NO,NO,0
12797,39727,39728,2018,1,0,-0.172253,-78.492393,PICHINCHA,QUITO,QUITO,URBANA,2018-06-06,13:05:00,13,MIERCOLES,3,JUNIO,6,NO,NO CEDER EL DERECHO DE VIA O PREFERENCIA DE PASO AL PEATON.,ATROPELLOS,NO IDENTIFICADO,0,0,0,0,0,0,0,0,0,1,0,0,0,1,8,HOMBRE,LESIONADO,PEATON,NO,NO,0
12798,39734,39735,2018,0,0,-0.121935,-78.493787,PICHINCHA,QUITO,QUITO,URBANA,2018-06-06,14:43:00,14,MIERCOLES,3,JUNIO,6,NO,PESO Y VOLUMEN - NO CUMPLIR CON LAS NORMAS DE SEGURIDAD NECESARIAS AL TRANSPORTAR CARGAS.,OTROS,NO IDENTIFICADO,0,0,0,0,0,0,0,0,0,1,0,0,0,1,-1,NO IDENTIFICADO,NO IDENTIFICADO,CONDUCTOR AUSENTE,NO,NO,2
12799,39738,39739,2018,0,0,-0.191214,-78.486196,PICHINCHA,QUITO,QUITO,URBANA,2018-06-06,15:20:00,15,MIERCOLES,3,JUNIO,6,NO,NO MANTENER LA DISTANCIA PRUDENCIAL CON RESPECTO AL VEHICULO QUE LE ANTECEDE.,CHOQUE POSTERIOR,FURGONETA,1,0,0,0,0,0,0,1,0,0,0,0,0,2,58,HOMBRE,ILESO,CONDUCTOR PRESENTE,NO,NO,0
12800,39739,39740,2018,0,0,-0.227466,-78.507356,PICHINCHA,QUITO,QUITO,URBANA,2018-06-06,15:20:00,15,MIERCOLES,3,JUNIO,6,NO,NO MANTENER LA DISTANCIA PRUDENCIAL CON RESPECTO AL VEHICULO QUE LE ANTECEDE.,CHOQUE POSTERIOR,AUTOMOVIL,2,0,0,0,0,0,0,0,0,0,0,0,0,2,28,HOMBRE,ILESO,CONDUCTOR PRESENTE,NO,NO,0
12801,39740,39741,2018,0,0,-0.113663,-78.474506,PICHINCHA,QUITO,QUITO,URBANA,2018-06-06,15:35:00,15,MIERCOLES,3,JUNIO,6,NO,REALIZAR CAMBIO BRUSCO O INDEBIDO DE CARRIL.,ROZAMIENTOS,AUTOMOVIL,1,0,0,1,0,0,0,0,0,0,0,0,0,2,29,HOMBRE,ILESO,CONDUCTOR PRESENTE,NO,NO,0
12802,39743,39744,2018,1,0,-0.247973,-78.515675,PICHINCHA,QUITO,QUITO,URBANA,2018-06-06,15:55:00,15,MIERCOLES,3,JUNIO,6,NO,CONDUCIR VEHICULO SUPERANDO LOS LIMITES MAXIMOS DE VELOCIDAD.,ATROPELLOS,NO IDENTIFICADO,0,0,0,0,0,0,0,0,0,1,0,0,0,1,72,HOMBRE,LESIONADO,PEATON,NO,NO,0
12803,39744,39745,2018,0,0,-0.199748,-78.489845,PICHINCHA,QUITO,QUITO,URBANA,2018-06-06,16:10:00,16,MIERCOLES,3,JUNIO,6,NO,CONDUCIR VEHICULO SUPERANDO LOS LIMITES MAXIMOS DE VELOCIDAD.,CHOQUE LATERAL,AUTOMOVIL,2,0,0,0,0,0,0,0,0,0,0,0,0,2,72,MUJER,ILESO,CONDUCTOR PRESENTE,NO,NO,0
12804,39748,39749,2018,1,0,-0.225981,-78.505911,PICHINCHA,QUITO,QUITO,URBANA,2018-06-06,19:00:00,19,MIERCOLES,3,JUNIO,6,NO,NO MANTENER LA DISTANCIA PRUDENCIAL CON RESPECTO AL VEHICULO QUE LE ANTECEDE.,ROZAMIENTOS,BICICLETA,0,1,0,0,0,0,0,0,0,1,0,0,0,2,43,HOMBRE,LESIONADO,CONDUCTOR PRESENTE,NO,NO,0
12805,39754,39755,2018,0,0,-0.132068,-78.475268,PICHINCHA,QUITO,QUITO,URBANA,2018-06-06,21:10:00,21,MIERCOLES,3,JUNIO,6,NO,"CONDUCIR DESATENTO A LAS CONDICIONES DE TRANSITO (CELULAR, PANTALLAS DE VIDEO, COMIDA, MAQUILLAJE O CUALQUIER OTRO ELEMENTO DISTRACTOR).",COLISION,CAMIONETA,1,0,0,0,1,0,0,0,0,1,0,0,0,3,23,HOMBRE,ILESO,CONDUCTOR PRESENTE,NO,NO,0
12806,39757,39758,2018,0,0,-0.280701,-78.557872,PICHINCHA,QUITO,QUITO,URBANA,2018-06-06,21:36:00,21,MIERCOLES,3,JUNIO,6,NO,"CONDUCIR DESATENTO A LAS CONDICIONES DE TRANSITO (CELULAR, PANTALLAS DE VIDEO, COMIDA, MAQUILLAJE O CUALQUIER OTRO ELEMENTO DISTRACTOR).",ESTRELLAMIENTOS,AUTOMOVIL,1,0,0,0,0,0,0,0,0,0,0,0,0,1,27,MUJER,ILESO,CONDUCTOR PRESENTE,NO,NO,0
12807,39760,39761,2018,0,0,-0.203944,-78.483349,PICHINCHA,QUITO,QUITO,URBANA,2018-06-06,22:20:00,22,MIERCOLES,3,JUNIO,6,NO,CONDUCIR VEHICULO SUPERANDO LOS LIMITES MAXIMOS DE VELOCIDAD.,CHOQUE LATERAL,AUTOMOVIL,2,0,0,0,0,0,0,0,0,0,0,0,0,2,49,HOMBRE,ILESO,CONDUCTOR PRESENTE,NO,NO,0
12808,39768,39769,2018,0,0,-0.545817,-78.585154,PICHINCHA,MEJIA,MACHACHI,RURAL,2018-06-07,06:45:00,6,JUEVES,4,JUNIO,6,NO,"CONDUCIR DESATENTO A LAS CONDICIONES DE TRANSITO (CELULAR, PANTALLAS DE VIDEO, COMIDA, MAQUILLAJE O CUALQUIER OTRO ELEMENTO DISTRACTOR).",CHOQUE POSTERIOR,BUS,1,0,1,0,0,0,0,0,0,0,0,0,0,2,39,MUJER,ILESO,PASAJERO,NO,NO,3
12809,39772,39773,2018,0,0,-0.115385,-78.516975,PICHINCHA,QUITO,QUITO,URBANA,2018-06-07,08:00:00,8,JUEVES,4,JUNIO,6,NO,REALIZAR CAMBIO BRUSCO O INDEBIDO DE CARRIL.,CHOQUE FRONTAL,FURGONETA,1,0,0,0,0,0,0,1,0,0,0,0,0,2,58,HOMBRE,ILESO,CONDUCTOR PRESENTE,NO,NO,0
12810,39785,39786,2018,0,0,-0.153611,-78.471017,PICHINCHA,QUITO,QUITO,URBANA,2018-06-07,15:00:00,15,JUEVES,4,JUNIO,6,NO,"MAL ESTACIONADO - EL CONDUCTOR QUE DETENGA O ESTACIONE VEHICULOS EN SITIOS O ZONAS QUE ENTRANIEN PELIGRO, TALES COMO ZONA DE SEGURIDAD, CURVAS, PUENTES, TUNELES, PENDIENTES.",ESTRELLAMIENTOS,AUTOMOVIL,2,0,0,0,0,0,0,0,0,0,0,0,0,2,37,HOMBRE,ILESO,CONDUCTOR PRESENTE,NO,NO,0
12811,39786,39787,2018,0,0,-0.150393,-78.453592,PICHINCHA,QUITO,QUITO,URBANA,2018-06-07,15:20:00,15,JUEVES,4,JUNIO,6,NO,CONDUCIR VEHICULO SUPERANDO LOS LIMITES MAXIMOS DE VELOCIDAD.,OTROS,AUTOMOVIL,1,0,0,0,0,0,0,0,0,1,0,0,0,2,23,HOMBRE,ILESO,CONDUCTOR PRESENTE,NO,NO,0
12812,39787,39788,2018,0,0,-0.176291,-78.485945,PICHINCHA,QUITO,QUITO,URBANA,2018-06-07,15:30:00,15,JUEVES,4,JUNIO,6,NO,NO GUARDAR LA DISTANCIA LATERAL MINIMA DE SEGURIDAD ENTRE VEHICULOS.,CHOQUE LATERAL,AUTOMOVIL,1,0,0,0,1,0,0,0,0,0,0,0,0,2,19,HOMBRE,ILESO,CONDUCTOR PRESENTE,NO,NO,0
12813,39788,39789,2018,1,0,-0.172386,-78.493427,PICHINCHA,QUITO,QUITO,URBANA,2018-06-07,15:35:00,15,JUEVES,4,JUNIO,6,NO,"PRESENCIA DE AGENTES EXTERNOS EN LA VIA (AGUA, ACEITE, PIEDRA, LASTRE, ESCOMBROS, MADEROS, ETC.).",PERDIDA DE PISTA,MOTOCICLETA,0,0,0,0,0,0,0,0,1,0,0,0,0,1,30,HOMBRE,LESIONADO,CONDUCTOR PRESENTE,NO,NO,0
12814,39790,39791,2018,1,0,-0.283202,-78.556683,PICHINCHA,QUITO,QUITO,URBANA,2018-06-07,16:35:00,16,JUEVES,4,JUNIO,6,NO,"CONDUCIR DESATENTO A LAS CONDICIONES DE TRANSITO (CELULAR, PANTALLAS DE VIDEO, COMIDA, MAQUILLAJE O CUALQUIER OTRO ELEMENTO DISTRACTOR).",OTROS,BUS,0,0,1,0,0,0,0,0,0,0,0,0,0,1,74,MUJER,LESIONADO,PASAJERO,NO,NO,0
12815,39792,39793,2018,0,0,-0.168469,-78.471631,PICHINCHA,QUITO,QUITO,URBANA,2018-06-07,16:40:00,16,JUEVES,4,JUNIO,6,NO,NO MANTENER LA DISTANCIA PRUDENCIAL CON RESPECTO AL VEHICULO QUE LE ANTECEDE.,CHOQUE POSTERIOR,AUTOMOVIL,1,0,0,0,0,0,0,0,1,0,0,0,0,2,20,HOMBRE,ILESO,CONDUCTOR PRESENTE,NO,NO,0
12816,39797,39798,2018,1,0,-0.184991,-78.509951,PICHINCHA,QUITO,QUITO,URBANA,2018-06-07,18:15:00,18,JUEVES,4,JUNIO,6,NO,PEATON QUE CRUZA LA CALZADA SIN RESPETAR LA SENIALIZACION EXISTENTE (SEMAFOROS O SENIALES MANUALES).,ATROPELLOS,NO IDENTIFICADO,0,0,0,0,0,0,0,0,0,1,0,0,0,1,56,HOMBRE,LESIONADO,PEATON,NO,NO,0
12817,39799,39800,2018,0,0,-0.198855,-78.436693,PICHINCHA,QUITO,CUMBAYA,URBANA,2018-06-07,18:50:00,18,JUEVES,4,JUNIO,6,NO,REALIZAR CAMBIO BRUSCO O INDEBIDO DE CARRIL.,CHOQUE LATERAL,AUTOMOVIL,2,0,0,0,0,0,0,0,0,0,0,0,0,2,24,HOMBRE,ILESO,CONDUCTOR PRESENTE,NO,NO,0
12818,39800,39801,2018,1,0,-0.262161,-78.548079,PICHINCHA,QUITO,QUITO,URBANA,2018-06-07,19:00:00,19,JUEVES,4,JUNIO,6,NO,CONDUCIR VEHICULO SUPERANDO LOS LIMITES MAXIMOS DE VELOCIDAD.,ATROPELLOS,NO IDENTIFICADO,0,0,0,0,0,0,0,0,0,1,0,0,0,1,73,MUJER,LESIONADO,PEATON,NO,NO,0
12819,39804,39805,2018,2,0,-0.344261,-78.523589,PICHINCHA,QUITO,QUITO,URBANA,2018-06-07,20:00:00,20,JUEVES,4,JUNIO,6,NO,CONDUCIR VEHICULO SUPERANDO LOS LIMITES MAXIMOS DE VELOCIDAD.,CHOQUE POSTERIOR,AUTOMOVIL,1,0,0,0,0,0,0,0,0,0,0,0,0,1,25,HOMBRE,LESIONADO,CONDUCTOR PRESENTE,NO,NO,0
12820,39809,39810,2018,0,0,-0.283576,-78.535479,PICHINCHA,QUITO,QUITO,URBANA,2018-06-07,23:00:00,23,JUEVES,4,JUNIO,6,NO,NO TRANSITAR POR LAS ACERAS O ZONAS DE SEGURIDAD DESTINADAS PARA EL EFECTO.,ATROPELLOS,NO IDENTIFICADO,0,0,0,0,0,0,0,0,0,1,0,0,0,1,83,HOMBRE,ILESO,PEATON,NO,NO,0
12821,39810,39811,2018,2,0,-0.279061,-78.564283,PICHINCHA,QUITO,QUITO,URBANA,2018-06-07,23:20:00,23,JUEVES,4,JUNIO,6,NO,"NO RESPETAR LAS SENIALES REGLAMENTARIAS DE TRANSITO. (PARE, CEDA EL PASO, LUZ ROJA DEL SEMAFORO, ETC).",ESTRELLAMIENTOS,NO IDENTIFICADO,0,0,0,0,0,0,0,0,0,1,0,0,0,1,19,HOMBRE,LESIONADO,PASAJERO,NO,NO,0
12822,39819,39820,2018,0,0,-0.114496,-78.495885,PICHINCHA,QUITO,QUITO,URBANA,2018-06-08,07:15:00,7,VIERNES,5,JUNIO,6,NO,NO CEDER EL DERECHO DE VIA O PREFERENCIA DE PASO A VEHICULOS.,CHOQUE LATERAL,AUTOMOVIL,1,0,0,0,0,0,0,0,0,0,0,0,1,2,31,HOMBRE,ILESO,CONDUCTOR PRESENTE,NO,NO,0
12823,39821,39822,2018,1,0,-0.204592,-78.455985,PICHINCHA,QUITO,QUITO,URBANA,2018-06-08,07:32:00,7,VIERNES,5,JUNIO,6,NO,NO TRANSITAR POR LAS ACERAS O ZONAS DE SEGURIDAD DESTINADAS PARA EL EFECTO.,ATROPELLOS,MOTOCICLETA,0,0,0,0,0,0,0,0,1,0,0,0,0,1,27,HOMBRE,LESIONADO,PEATON,NO,NO,0
12824,39825,39826,2018,0,0,-0.179484,-78.481435,PICHINCHA,QUITO,QUITO,URBANA,2018-06-08,08:30:00,8,VIERNES,5,JUNIO,6,NO,NO GUARDAR LA DISTANCIA LATERAL MINIMA DE SEGURIDAD ENTRE VEHICULOS.,CHOQUE LATERAL,AUTOMOVIL,2,0,0,0,0,0,0,0,0,0,0,0,0,2,36,MUJER,ILESO,CONDUCTOR PRESENTE,NO,NO,0
12825,39829,39830,2018,0,0,-0.180876,-78.494682,PICHINCHA,QUITO,QUITO,URBANA,2018-06-08,10:30:00,10,VIERNES,5,JUNIO,6,NO,NO MANTENER LA DISTANCIA PRUDENCIAL CON RESPECTO AL VEHICULO QUE LE ANTECEDE.,CHOQUE POSTERIOR,AUTOMOVIL,2,0,0,0,0,0,0,0,0,0,0,0,0,2,38,HOMBRE,ILESO,CONDUCTOR PRESENTE,NO,NO,0
12826,39833,39834,2018,1,0,-0.292724,-78.476486,PICHINCHA,QUITO,CONOCOTO,URBANA,2018-06-08,12:10:00,12,VIERNES,5,JUNIO,6,NO,"CONDUCIR DESATENTO A LAS CONDICIONES DE TRANSITO (CELULAR, PANTALLAS DE VIDEO, COMIDA, MAQUILLAJE O CUALQUIER OTRO ELEMENTO DISTRACTOR).",CHOQUE LATERAL,MOTOCICLETA,1,0,0,0,0,0,0,0,1,0,0,0,0,2,38,HOMBRE,LESIONADO,CONDUCTOR PRESENTE,NO,NO,0
12827,39844,39845,2018,0,0,-0.245589,-78.525317,PICHINCHA,QUITO,QUITO,URBANA,2018-06-08,14:15:00,14,VIERNES,5,JUNIO,6,NO,"NO RESPETAR LAS SENIALES REGLAMENTARIAS DE TRANSITO. (PARE, CEDA EL PASO, LUZ ROJA DEL SEMAFORO, ETC).",CHOQUE LATERAL,AUTOMOVIL,2,0,0,0,0,0,0,0,0,0,0,0,0,2,72,HOMBRE,ILESO,CONDUCTOR PRESENTE,NO,NO,0
12828,39852,39853,2018,0,0,-0.212982,-78.492137,PICHINCHA,QUITO,QUITO,URBANA,2018-06-08,17:12:00,17,VIERNES,5,JUNIO,6,NO,"CONDUCIR DESATENTO A LAS CONDICIONES DE TRANSITO (CELULAR, PANTALLAS DE VIDEO, COMIDA, MAQUILLAJE O CUALQUIER OTRO ELEMENTO DISTRACTOR).",COLISION,BUS,4,0,1,0,0,0,0,0,0,0,0,0,0,5,37,MUJER,ILESO,CONDUCTOR PRESENTE,NO,NO,0
12829,39857,39858,2018,1,0,-0.185445,-78.490938,PICHINCHA,QUITO,QUITO,URBANA,2018-06-08,18:15:00,18,VIERNES,5,JUNIO,6,NO,"NO RESPETAR LAS SENIALES REGLAMENTARIAS DE TRANSITO. (PARE, CEDA EL PASO, LUZ ROJA DEL SEMAFORO, ETC).",ATROPELLOS,NO IDENTIFICADO,0,0,0,0,0,0,0,0,0,1,0,0,0,1,21,MUJER,LESIONADO,PEATON,NO,NO,0
12830,39859,39860,2018,1,0,-0.082074,-78.418385,PICHINCHA,QUITO,CALDERON (CARAPUNGO),URBANA,2018-06-08,18:50:00,18,VIERNES,5,JUNIO,6,NO,BAJARSE O SUBIRSE DE VEHICULOS EN MOVIMIENTO SIN TOMAR LAS PRECAUCIONES DEBIDAS.,OTROS,MOTOCICLETA,0,0,0,0,0,0,0,0,1,0,0,0,0,1,23,HOMBRE,LESIONADO,CONDUCTOR PRESENTE,NO,NO,0
12831,39860,39861,2018,0,1,0.018609,-78.162084,PICHINCHA,CAYAMBE,CAYAMBE,URBANA,2018-06-08,18:50:00,18,VIERNES,5,JUNIO,6,NO,NO TRANSITAR POR LAS ACERAS O ZONAS DE SEGURIDAD DESTINADAS PARA EL EFECTO.,ATROPELLOS,NO IDENTIFICADO,0,0,0,0,0,0,0,0,0,1,0,0,0,1,74,MUJER,FALLECIDO,PEATON,NO,NO,0
12832,39863,39864,2018,0,0,-0.284269,-78.518971,PICHINCHA,QUITO,QUITO,URBANA,2018-06-08,19:20:00,19,VIERNES,5,JUNIO,6,NO,NO MANTENER LA DISTANCIA PRUDENCIAL CON RESPECTO AL VEHICULO QUE LE ANTECEDE.,CHOQUE POSTERIOR,CAMIONETA,1,0,0,0,1,0,0,0,0,0,0,0,0,2,45,HOMBRE,ILESO,CONDUCTOR PRESENTE,NO,NO,0
12833,39864,39865,2018,0,1,0.066344,-78.135211,PICHINCHA,CAYAMBE,SAN JOSE DE AYORA,URBANA,2018-06-08,19:25:00,19,VIERNES,5,JUNIO,6,NO,"CASO FORTUITO O FUERZA MAYOR (EXPLOSION DE NEUMATICO NUEVO, DERRUMBE, INUNDACION, CAIDA DE PUENTE, ARBOL, PRESENCIA INTEMPESTIVA E IMPREVISTA DE SEMOVIENTES EN LA VIA, ETC.).",ATROPELLOS,NO IDENTIFICADO,0,0,0,0,0,0,0,0,0,1,0,0,0,1,19,HOMBRE,FALLECIDO,PEATON,NO,NO,0
12834,39869,39870,2018,0,0,-0.208112,-78.503281,PICHINCHA,QUITO,QUITO,URBANA,2018-06-08,21:00:00,21,VIERNES,5,JUNIO,6,NO,REALIZAR CAMBIO BRUSCO O INDEBIDO DE CARRIL.,CHOQUE LATERAL,AUTOMOVIL,2,0,0,0,0,0,0,0,0,0,0,0,0,2,33,MUJER,ILESO,CONDUCTOR PRESENTE,NO,NO,0
12835,39871,39872,2018,2,0,-0.148735,-78.454812,PICHINCHA,QUITO,QUITO,URBANA,2018-06-08,21:20:00,21,VIERNES,5,JUNIO,6,NO,NO MANTENER LA DISTANCIA PRUDENCIAL CON RESPECTO AL VEHICULO QUE LE ANTECEDE.,CHOQUE POSTERIOR,BICICLETA,0,2,0,0,0,0,0,0,0,1,0,0,0,3,14,HOMBRE,LESIONADO,PASAJERO,NO,NO,0
12836,39872,39873,2018,0,0,-0.098253,-78.436732,PICHINCHA,QUITO,CALDERON (CARAPUNGO),URBANA,2018-06-08,22:24:00,22,VIERNES,5,JUNIO,6,NO,NO CEDER EL DERECHO DE VIA O PREFERENCIA DE PASO A VEHICULOS.,CHOQUE LATERAL,AUTOMOVIL,2,0,0,0,0,0,0,0,0,0,0,0,0,2,33,MUJER,ILESO,CONDUCTOR PRESENTE,NO,NO,0
12837,39876,39877,2018,0,0,-0.087211,-78.397099,PICHINCHA,QUITO,CALDERON (CARAPUNGO),RURAL,2018-06-08,23:05:00,23,VIERNES,5,JUNIO,6,NO,"CONDUCIR DESATENTO A LAS CONDICIONES DE TRANSITO (CELULAR, PANTALLAS DE VIDEO, COMIDA, MAQUILLAJE O CUALQUIER OTRO ELEMENTO DISTRACTOR).",PERDIDA DE CARRIL,CAMIONETA,0,0,0,0,1,0,0,0,0,0,0,0,0,1,-1,HOMBRE,ILESO,CONDUCTOR PRESENTE,NO,NO,3
12838,39878,39879,2018,1,0,-0.487669,-78.569697,PICHINCHA,MEJIA,MACHACHI,RURAL,2018-06-08,23:45:00,23,VIERNES,5,JUNIO,6,NO,"CONDUCE BAJO LA INFLUENCIA DE ALCOHOL, SUSTANCIAS ESTUPEFACIENTES O PSICOTROPICAS Y/O MEDICAMENTOS.",ATROPELLOS,AUTOMOVIL,1,0,0,0,0,0,0,0,0,0,0,0,0,1,44,HOMBRE,LESIONADO,PEATON,NO,NO,3
12839,39884,39885,2018,0,0,-0.249051,-78.529551,PICHINCHA,QUITO,QUITO,URBANA,2018-06-09,01:20:00,1,SABADO,6,JUNIO,6,NO,"CONDUCE BAJO LA INFLUENCIA DE ALCOHOL, SUSTANCIAS ESTUPEFACIENTES O PSICOTROPICAS Y/O MEDICAMENTOS.",CHOQUE POSTERIOR,AUTOMOVIL,2,0,0,0,0,0,0,0,0,0,0,0,0,2,38,HOMBRE,ILESO,CONDUCTOR PRESENTE,NO,NO,0
12840,39893,39894,2018,0,0,-0.109315,-78.458267,PICHINCHA,QUITO,CALDERON (CARAPUNGO),URBANA,2018-06-09,02:25:00,2,SABADO,6,JUNIO,6,NO,"NO RESPETAR LAS SENIALES REGLAMENTARIAS DE TRANSITO. (PARE, CEDA EL PASO, LUZ ROJA DEL SEMAFORO, ETC).",ESTRELLAMIENTOS,AUTOMOVIL,1,0,0,0,0,0,0,0,0,0,0,0,0,1,-1,NO IDENTIFICADO,NO IDENTIFICADO,CONDUCTOR AUSENTE,NO,NO,2
12841,39894,39895,2018,0,0,-0.134553,-78.476361,PICHINCHA,QUITO,QUITO,URBANA,2018-06-09,02:35:00,2,SABADO,6,JUNIO,6,NO,"NO RESPETAR LAS SENIALES REGLAMENTARIAS DE TRANSITO. (PARE, CEDA EL PASO, LUZ ROJA DEL SEMAFORO, ETC).",ESTRELLAMIENTOS,NO IDENTIFICADO,0,0,0,0,0,0,0,0,0,1,0,0,0,1,-1,NO IDENTIFICADO,NO IDENTIFICADO,CONDUCTOR AUSENTE,NO,NO,2
12842,39895,39896,2018,2,0,-0.249051,-78.529551,PICHINCHA,QUITO,QUITO,URBANA,2018-06-09,02:50:00,2,SABADO,6,JUNIO,6,NO,REALIZAR CAMBIO BRUSCO O INDEBIDO DE CARRIL.,VOLCAMIENTOS,MOTOCICLETA,0,0,0,0,0,0,0,0,1,0,0,0,0,1,28,HOMBRE,LESIONADO,PASAJERO,NO,NO,0
12843,39897,39898,2018,0,0,-0.149695,-78.490439,PICHINCHA,QUITO,QUITO,URBANA,2018-06-09,03:45:00,3,SABADO,6,JUNIO,6,NO,"NO RESPETAR LAS SENIALES REGLAMENTARIAS DE TRANSITO. (PARE, CEDA EL PASO, LUZ ROJA DEL SEMAFORO, ETC).",ESTRELLAMIENTOS,CAMIONETA,0,0,0,0,1,0,0,0,0,0,0,0,0,1,-1,NO IDENTIFICADO,NO IDENTIFICADO,CONDUCTOR AUSENTE,NO,NO,2
12844,39899,39900,2018,0,0,-0.011765,-78.744564,PICHINCHA,SAN MIGUEL DE LOS BANCOS,MINDO,RURAL,2018-06-09,04:30:00,4,SABADO,6,JUNIO,6,NO,"CONDUCIR EN ESTADO DE SOMNOLENCIA O MALAS CONDICIONES FISICAS (SUENIO, CANSANCIO Y FATIGA).",ESTRELLAMIENTOS,CAMIONETA,0,0,0,0,1,0,0,0,0,0,0,0,0,1,34,HOMBRE,ILESO,CONDUCTOR PRESENTE,NO,NO,3
12845,39902,39903,2018,0,1,-0.405435,-78.546541,PICHINCHA,MEJIA,TAMBILLO (MEJIA),RURAL,2018-06-09,05:35:00,5,SABADO,6,JUNIO,6,NO,NO TRANSITAR POR LAS ACERAS O ZONAS DE SEGURIDAD DESTINADAS PARA EL EFECTO.,ATROPELLOS,NO IDENTIFICADO,0,0,0,0,0,0,0,0,0,1,0,0,0,1,28,HOMBRE,FALLECIDO,PEATON,NO,NO,3
12846,39906,39907,2018,1,0,-0.221143,-78.520758,PICHINCHA,QUITO,QUITO,URBANA,2018-06-09,06:45:00,6,SABADO,6,JUNIO,6,NO,NO MANTENER LA DISTANCIA PRUDENCIAL CON RESPECTO AL VEHICULO QUE LE ANTECEDE.,PERDIDA DE PISTA,MOTOCICLETA,0,0,0,0,0,0,0,0,1,0,0,0,0,1,26,HOMBRE,LESIONADO,CONDUCTOR PRESENTE,NO,NO,0
12847,39908,39909,2018,1,0,-0.289191,-78.541771,PICHINCHA,QUITO,QUITO,URBANA,2018-06-09,08:00:00,8,SABADO,6,JUNIO,6,NO,CONDUCIR VEHICULO SUPERANDO LOS LIMITES MAXIMOS DE VELOCIDAD.,VOLCAMIENTOS,CAMION,0,0,0,1,0,0,0,0,0,0,0,0,0,1,14,HOMBRE,LESIONADO,PASAJERO,NO,NO,0
12848,39914,39915,2018,1,0,-0.300777,-78.458189,PICHINCHA,RUMINIAHUI,SANGOLQUI,URBANA,2018-06-09,09:06:20,9,SABADO,6,JUNIO,6,NO,NO GUARDAR LA DISTANCIA LATERAL MINIMA DE SEGURIDAD ENTRE VEHICULOS.,CHOQUE LATERAL,MOTOCICLETA,1,0,0,0,0,0,0,0,1,0,0,0,0,2,28,HOMBRE,LESIONADO,CONDUCTOR PRESENTE,NO,NO,0
12849,39915,39916,2018,1,0,-0.103479,-78.509386,PICHINCHA,QUITO,QUITO,URBANA,2018-06-09,09:11:00,9,SABADO,6,JUNIO,6,NO,CONDUCIR VEHICULO SUPERANDO LOS LIMITES MAXIMOS DE VELOCIDAD.,ATROPELLOS,NO IDENTIFICADO,0,0,0,0,0,0,0,0,0,1,0,0,0,1,30,MUJER,LESIONADO,PEATON,NO,NO,0
12850,39916,39917,2018,1,0,-0.217447,-78.509342,PICHINCHA,QUITO,QUITO,URBANA,2018-06-09,09:15:00,9,SABADO,6,JUNIO,6,NO,REALIZAR CAMBIO BRUSCO O INDEBIDO DE CARRIL.,CHOQUE LATERAL,AUTOMOVIL,2,0,0,0,0,0,0,0,0,0,0,0,0,2,5,HOMBRE,LESIONADO,PASAJERO,NO,NO,0
12851,39918,39919,2018,0,1,-0.274984,-78.540354,PICHINCHA,QUITO,QUITO,URBANA,2018-06-09,10:20:00,10,SABADO,6,JUNIO,6,NO,NO TRANSITAR POR LAS ACERAS O ZONAS DE SEGURIDAD DESTINADAS PARA EL EFECTO.,ARROLLAMIENTOS,CAMION,0,0,0,1,0,0,0,0,0,0,0,0,0,1,24,HOMBRE,FALLECIDO,PEATON,NO,NO,0
12852,39927,39928,2018,0,0,-0.150393,-78.484081,PICHINCHA,QUITO,QUITO,URBANA,2018-06-09,12:40:00,12,SABADO,6,JUNIO,6,NO,"NO RESPETAR LAS SENIALES REGLAMENTARIAS DE TRANSITO. (PARE, CEDA EL PASO, LUZ ROJA DEL SEMAFORO, ETC).",CHOQUE LATERAL,FURGONETA,1,0,0,0,0,0,0,1,0,0,0,0,0,2,21,HOMBRE,ILESO,CONDUCTOR PRESENTE,NO,NO,0