,Unnamed: 0,ID,ANIO,LESIONADOS,FALLECIDOS,LATITUD_Y,LONGITUD_X,PROVINCIA,CANTON,PARROQUIA,ZONA,FECHA,HORA,PERIODO_2,DIA_1,DIA_2,MES_1,MES_2,FERIADO,CAUSA_PROBABLE,TIPO_DE_SINIESTRO,TIPO_DE_VEHICULO_1,AUTOMOVIL,BICICLETA,BUS,CAMION,CAMIONETA,EMERGENCIAS,ESPECIAL,FURGONETA,MOTOCICLETA,NO_IDENTIFICADO,SCOOTER_ELECTRICO,TRICIMOTO,VEHICULO_DEPORTIVO_UTILITARIO,SUMA_DE_VEHICULOS,EDAD_1,SEXO_1,CONDICION_1,PARTICIPANTE_1,CASCO_1,CINTURON_1,KMeans_Cluster
12910,40119,40120,2018,1,0,-0.136729,-78.486386,PICHINCHA,QUITO,QUITO,URBANA,2018-06-12,07:00:00,7,MARTES,2,JUNIO,6,NO,CONDUCIR VEHICULO SUPERANDO LOS LIMITES MAXIMOS DE VELOCIDAD.,ATROPELLOS,NO IDENTIFICADO,0,0,0,0,0,0,0,0,0,1,0,0,0,1,41,HOMBRE,LESIONADO,PEATON,NO,NO,0
12911,40120,40121,2018,1,0,-0.214055,-78.389894,PICHINCHA,QUITO,TUMBACO,URBANA,2018-06-12,07:00:00,7,MARTES,2,JUNIO,6,NO,"NO RESPETAR LAS SENIALES REGLAMENTARIAS DE TRANSITO. (PARE, CEDA EL PASO, LUZ ROJA DEL SEMAFORO, ETC).",OTROS,AUTOMOVIL,1,1,0,0,0,0,0,0,0,0,0,0,0,2,34,HOMBRE,LESIONADO,CONDUCTOR PRESENTE,NO,NO,0
12912,40121,40122,2018,0,0,-0.190554,-78.502033,PICHINCHA,QUITO,QUITO,URBANA,2018-06-12,07:10:00,7,MARTES,2,JUNIO,6,NO,REALIZAR CAMBIO BRUSCO O INDEBIDO DE CARRIL.,CHOQUE LATERAL,CAMIONETA,1,0,0,0,1,0,0,0,0,0,0,0,0,2,23,HOMBRE,ILESO,CONDUCTOR PRESENTE,NO,NO,0
12913,40125,40126,2018,1,0,-0.304714,-78.416503,PICHINCHA,QUITO,ALANGASI,URBANA,2018-06-12,08:00:00,8,MARTES,2,JUNIO,6,NO,MALAS CONDICIONES DE LA VIA Y/O CONFIGURACION. (ILUMINACION Y DISENIO).,CHOQUE LATERAL,AUTOMOVIL,1,0,0,0,1,0,0,0,0,0,0,0,0,2,59,HOMBRE,LESIONADO,CONDUCTOR PRESENTE,NO,NO,0
12914,40127,40128,2018,0,0,-0.222716,-78.503774,PICHINCHA,QUITO,QUITO,URBANA,2018-06-12,08:09:00,8,MARTES,2,JUNIO,6,NO,"FALLA MECANICA EN LOS SISTEMAS Y/O NEUMATICOS (SISTEMA DE FRENOS, DIRECCION, ELECTRONICO O MECANICO).",COLISION,BUS,3,0,1,0,0,0,0,0,0,0,0,0,0,4,60,HOMBRE,ILESO,CONDUCTOR PRESENTE,NO,NO,0
12915,40129,40130,2018,0,0,-0.155953,-78.491976,PICHINCHA,QUITO,QUITO,URBANA,2018-06-12,09:10:00,9,MARTES,2,JUNIO,6,NO,"NO RESPETAR LAS SENIALES REGLAMENTARIAS DE TRANSITO. (PARE, CEDA EL PASO, LUZ ROJA DEL SEMAFORO, ETC).",OTROS,AUTOMOVIL,1,0,0,0,0,0,1,0,0,0,0,0,0,2,41,MUJER,ILESO,CONDUCTOR PRESENTE,NO,NO,0
12916,40130,40131,2018,1,0,-0.182997,-78.503721,PICHINCHA,QUITO,QUITO,URBANA,2018-06-12,10:00:00,10,MARTES,2,JUNIO,6,NO,CONDUCIR VEHICULO SUPERANDO LOS LIMITES MAXIMOS DE VELOCIDAD.,ATROPELLOS,NO IDENTIFICADO,0,0,0,0,0,0,0,0,0,1,0,0,0,1,43,MUJER,LESIONADO,PEATON,NO,NO,0
12917,40132,40133,2018,0,0,-0.247141,-78.475845,PICHINCHA,QUITO,QUITO,URBANA,2018-06-12,10:10:00,10,MARTES,2,JUNIO,6,NO,"CONDUCIR DESATENTO A LAS CONDICIONES DE TRANSITO (CELULAR, PANTALLAS DE VIDEO, COMIDA, MAQUILLAJE O CUALQUIER OTRO ELEMENTO DISTRACTOR).",COLISION,CAMIONETA,3,0,0,0,2,0,0,0,0,0,0,0,0,5,31,MUJER,ILESO,CONDUCTOR PRESENTE,NO,NO,0
12918,40133,40134,2018,0,0,-0.165911,-78.469308,PICHINCHA,QUITO,QUITO,URBANA,2018-06-12,11:10:00,11,MARTES,2,JUNIO,6,NO,NO MANTENER LA DISTANCIA PRUDENCIAL CON RESPECTO AL VEHICULO QUE LE ANTECEDE.,CHOQUE POSTERIOR,AUTOMOVIL,2,0,0,0,0,0,0,0,0,0,0,0,0,2,48,HOMBRE,ILESO,CONDUCTOR PRESENTE,NO,NO,0
12919,40134,40135,2018,0,0,-0.219469,-78.506959,PICHINCHA,QUITO,QUITO,URBANA,2018-06-12,11:10:00,11,MARTES,2,JUNIO,6,NO,NO MANTENER LA DISTANCIA PRUDENCIAL CON RESPECTO AL VEHICULO QUE LE ANTECEDE.,CHOQUE POSTERIOR,BUS,1,0,1,0,0,0,0,0,0,0,0,0,0,2,53,HOMBRE,ILESO,CONDUCTOR PRESENTE,NO,NO,0
12920,40138,40139,2018,2,0,-0.174894,-78.501169,PICHINCHA,QUITO,QUITO,URBANA,2018-06-12,11:55:00,11,MARTES,2,JUNIO,6,NO,CONDUCIR VEHICULO SUPERANDO LOS LIMITES MAXIMOS DE VELOCIDAD.,CHOQUE LATERAL,MOTOCICLETA,1,0,0,0,0,0,0,0,1,0,0,0,0,2,43,HOMBRE,LESIONADO,CONDUCTOR PRESENTE,NO,NO,0
12921,40140,40141,2018,0,0,-0.181719,-78.516395,PICHINCHA,QUITO,QUITO,URBANA,2018-06-12,12:45:00,12,MARTES,2,JUNIO,6,NO,"FALLA MECANICA EN LOS SISTEMAS Y/O NEUMATICOS (SISTEMA DE FRENOS, DIRECCION, ELECTRONICO O MECANICO).",ESTRELLAMIENTOS,CAMION,0,0,0,1,0,0,0,0,0,0,0,0,0,1,52,HOMBRE,ILESO,CONDUCTOR PRESENTE,NO,NO,0
12922,40143,40144,2018,0,0,-0.204409,-78.488147,PICHINCHA,QUITO,QUITO,URBANA,2018-06-12,15:00:00,15,MARTES,2,JUNIO,6,NO,CONDUCIR VEHICULO SUPERANDO LOS LIMITES MAXIMOS DE VELOCIDAD.,ESTRELLAMIENTOS,CAMIONETA,0,0,0,0,1,0,0,0,0,0,0,0,0,1,52,HOMBRE,ILESO,CONDUCTOR PRESENTE,NO,NO,0
12923,40147,40148,2018,0,0,-0.196669,-78.466599,PICHINCHA,QUITO,QUITO,URBANA,2018-06-12,16:03:00,16,MARTES,2,JUNIO,6,NO,"CONDUCIR DESATENTO A LAS CONDICIONES DE TRANSITO (CELULAR, PANTALLAS DE VIDEO, COMIDA, MAQUILLAJE O CUALQUIER OTRO ELEMENTO DISTRACTOR).",COLISION,AUTOMOVIL,2,0,0,0,0,0,0,0,0,1,0,0,0,3,29,HOMBRE,ILESO,CONDUCTOR PRESENTE,NO,NO,0
12924,40154,40155,2018,2,0,-0.315483,-78.553533,PICHINCHA,QUITO,QUITO,URBANA,2018-06-12,17:35:00,17,MARTES,2,JUNIO,6,NO,NO GUARDAR LA DISTANCIA LATERAL MINIMA DE SEGURIDAD ENTRE VEHICULOS.,CHOQUE LATERAL,MOTOCICLETA,0,0,0,1,0,0,0,0,1,0,0,0,0,2,32,HOMBRE,LESIONADO,CONDUCTOR PRESENTE,NO,NO,0
12925,40158,40159,2018,1,0,-0.314681,-78.485619,PICHINCHA,QUITO,CONOCOTO,URBANA,2018-06-12,18:40:00,18,MARTES,2,JUNIO,6,NO,NO MANTENER LA DISTANCIA PRUDENCIAL CON RESPECTO AL VEHICULO QUE LE ANTECEDE.,CHOQUE POSTERIOR,AUTOMOVIL,1,0,0,0,0,0,0,0,0,0,0,0,0,1,26,MUJER,LESIONADO,PASAJERO,NO,NO,0
12926,40164,40165,2018,2,0,-0.313353,-78.548139,PICHINCHA,QUITO,QUITO,URBANA,2018-06-13,00:20:00,0,MIERCOLES,3,JUNIO,6,NO,CONDUCIR VEHICULO SUPERANDO LOS LIMITES MAXIMOS DE VELOCIDAD.,ESTRELLAMIENTOS,MOTOCICLETA,0,0,0,0,0,0,0,0,1,0,0,0,0,1,25,HOMBRE,LESIONADO,PASAJERO,NO,NO,0
12927,40172,40173,2018,1,0,-0.333072,-78.546113,PICHINCHA,QUITO,QUITO,URBANA,2018-06-13,06:20:00,6,MIERCOLES,3,JUNIO,6,NO,DANIOS MECANICOS PREVISIBLES.,ESTRELLAMIENTOS,CAMION,0,0,0,1,0,0,0,0,0,0,0,0,0,1,82,MUJER,LESIONADO,PASAJERO,NO,NO,0
12928,40174,40175,2018,1,0,-0.099949,-78.515178,PICHINCHA,QUITO,QUITO,URBANA,2018-06-13,06:40:00,6,MIERCOLES,3,JUNIO,6,NO,NO TRANSITAR POR LAS ACERAS O ZONAS DE SEGURIDAD DESTINADAS PARA EL EFECTO.,ATROPELLOS,MOTOCICLETA,0,0,0,0,0,0,0,0,1,0,0,0,0,1,7,HOMBRE,LESIONADO,PEATON,NO,NO,0
12929,40177,40178,2018,1,0,-0.226255,-78.521111,PICHINCHA,QUITO,QUITO,URBANA,2018-06-13,07:25:00,7,MIERCOLES,3,JUNIO,6,NO,PEATON QUE CRUZA LA CALZADA SIN RESPETAR LA SENIALIZACION EXISTENTE (SEMAFOROS O SENIALES MANUALES).,ATROPELLOS,AUTOMOVIL,1,0,0,0,0,0,0,0,0,0,0,0,0,1,36,MUJER,LESIONADO,PEATON,NO,NO,0
12930,40179,40180,2018,0,0,-0.132979,-78.469208,PICHINCHA,QUITO,QUITO,URBANA,2018-06-13,08:30:00,8,MIERCOLES,3,JUNIO,6,NO,"CONDUCIR DESATENTO A LAS CONDICIONES DE TRANSITO (CELULAR, PANTALLAS DE VIDEO, COMIDA, MAQUILLAJE O CUALQUIER OTRO ELEMENTO DISTRACTOR).",CHOQUE LATERAL,FURGONETA,0,0,0,0,0,0,0,1,0,0,0,0,0,1,27,MUJER,ILESO,CONDUCTOR PRESENTE,NO,NO,0
12931,40180,40181,2018,1,0,-0.206463,-78.512244,PICHINCHA,QUITO,QUITO,URBANA,2018-06-13,08:30:00,8,MIERCOLES,3,JUNIO,6,NO,REALIZAR CAMBIO BRUSCO O INDEBIDO DE CARRIL.,CHOQUE FRONTAL,AUTOMOVIL,1,0,0,0,0,0,0,0,1,0,0,0,0,2,26,HOMBRE,LESIONADO,CONDUCTOR PRESENTE,NO,NO,0
12932,40182,40183,2018,1,0,-0.318581,-78.549284,PICHINCHA,QUITO,QUITO,URBANA,2018-06-13,08:40:00,8,MIERCOLES,3,JUNIO,6,NO,DEJAR O RECOGER PASAJEROS EN LUGARES NO PERMITIDOS.,CAIDA DE PASAJERO,BUS,0,0,1,0,0,0,0,0,0,0,0,0,0,1,67,MUJER,LESIONADO,PASAJERO,NO,NO,0
12933,40184,40185,2018,1,0,-0.195057,-78.483656,PICHINCHA,QUITO,QUITO,URBANA,2018-06-13,09:45:00,9,MIERCOLES,3,JUNIO,6,NO,NO TRANSITAR POR LAS ACERAS O ZONAS DE SEGURIDAD DESTINADAS PARA EL EFECTO.,ATROPELLOS,AUTOMOVIL,1,0,0,0,0,0,0,0,0,0,0,0,0,1,94,MUJER,LESIONADO,PEATON,NO,NO,0
12934,40186,40187,2018,0,0,-0.307482,-78.364022,PICHINCHA,QUITO,PINTAG,URBANA,2018-06-13,10:00:00,10,MIERCOLES,3,JUNIO,6,NO,NO MANTENER LA DISTANCIA PRUDENCIAL CON RESPECTO AL VEHICULO QUE LE ANTECEDE.,CHOQUE POSTERIOR,CAMION,0,0,0,1,0,0,0,0,0,0,0,0,1,2,40,HOMBRE,ILESO,CONDUCTOR PRESENTE,NO,NO,0
12935,40189,40190,2018,1,0,-0.172513,-78.489083,PICHINCHA,QUITO,QUITO,URBANA,2018-06-13,11:40:00,11,MIERCOLES,3,JUNIO,6,NO,CONDUCIR VEHICULO SUPERANDO LOS LIMITES MAXIMOS DE VELOCIDAD.,VOLCAMIENTOS,MOTOCICLETA,0,0,0,0,0,0,0,0,1,0,0,0,0,1,40,HOMBRE,LESIONADO,CONDUCTOR PRESENTE,NO,NO,0
12936,40190,40191,2018,1,0,-0.292724,-78.476486,PICHINCHA,QUITO,CONOCOTO,URBANA,2018-06-13,11:45:00,11,MIERCOLES,3,JUNIO,6,NO,BAJARSE O SUBIRSE DE VEHICULOS EN MOVIMIENTO SIN TOMAR LAS PRECAUCIONES DEBIDAS.,CAIDA DE PASAJERO,BUS,0,0,1,0,0,0,0,0,0,0,0,0,0,1,63,MUJER,LESIONADO,PASAJERO,NO,NO,0
12937,40191,40192,2018,0,0,-0.023443,-78.452069,PICHINCHA,QUITO,SAN ANTONIO (QUITO),URBANA,2018-06-13,12:00:00,12,MIERCOLES,3,JUNIO,6,NO,NO GUARDAR LA DISTANCIA LATERAL MINIMA DE SEGURIDAD ENTRE VEHICULOS.,CHOQUE LATERAL,VEHICULO DEPORTIVO UTILITARIO,1,0,0,0,0,0,0,0,0,0,0,0,1,2,38,MUJER,ILESO,CONDUCTOR PRESENTE,NO,NO,0
12938,40197,40198,2018,1,0,-0.340212,-78.549312,PICHINCHA,QUITO,QUITO,URBANA,2018-06-13,15:05:00,15,MIERCOLES,3,JUNIO,6,NO,"NO RESPETAR LAS SENIALES REGLAMENTARIAS DE TRANSITO. (PARE, CEDA EL PASO, LUZ ROJA DEL SEMAFORO, ETC).",CHOQUE LATERAL,MOTOCICLETA,0,0,0,0,1,0,0,0,1,0,0,0,0,2,24,HOMBRE,LESIONADO,CONDUCTOR PRESENTE,NO,NO,0
12939,40199,40200,2018,1,0,-0.213846,-78.502995,PICHINCHA,QUITO,QUITO,URBANA,2018-06-13,15:35:00,15,MIERCOLES,3,JUNIO,6,NO,CONDUCIR VEHICULO SUPERANDO LOS LIMITES MAXIMOS DE VELOCIDAD.,CAIDA DE PASAJERO,BUS,0,0,1,0,0,0,0,0,0,0,0,0,0,1,79,MUJER,LESIONADO,PASAJERO,NO,NO,0
12940,40206,40207,2018,0,0,-0.209009,-78.505987,PICHINCHA,QUITO,QUITO,URBANA,2018-06-13,17:00:00,17,MIERCOLES,3,JUNIO,6,NO,"NO RESPETAR LAS SENIALES REGLAMENTARIAS DE TRANSITO. (PARE, CEDA EL PASO, LUZ ROJA DEL SEMAFORO, ETC).",ESTRELLAMIENTOS,AUTOMOVIL,3,0,0,0,1,0,0,0,0,0,0,0,0,4,46,HOMBRE,ILESO,CONDUCTOR PRESENTE,NO,NO,0
12941,40207,40208,2018,1,0,-0.292724,-78.476486,PICHINCHA,QUITO,CONOCOTO,URBANA,2018-06-13,17:30:00,17,MIERCOLES,3,JUNIO,6,NO,NO TRANSITAR POR LAS ACERAS O ZONAS DE SEGURIDAD DESTINADAS PARA EL EFECTO.,ATROPELLOS,NO IDENTIFICADO,0,0,0,0,0,0,0,0,0,1,0,0,0,1,23,HOMBRE,LESIONADO,PEATON,NO,NO,0
12942,40210,40211,2018,1,0,-0.325539,-78.415607,PICHINCHA,QUITO,ALANGASI,URBANA,2018-06-13,19:45:00,19,MIERCOLES,3,JUNIO,6,NO,"CONDUCE BAJO LA INFLUENCIA DE ALCOHOL, SUSTANCIAS ESTUPEFACIENTES O PSICOTROPICAS Y/O MEDICAMENTOS.",PERDIDA DE CARRIL,MOTOCICLETA,0,0,0,0,0,0,0,0,1,0,0,0,0,1,24,MUJER,LESIONADO,PASAJERO,NO,NO,0
12943,40211,40212,2018,1,0,-0.132681,-78.474871,PICHINCHA,QUITO,QUITO,URBANA,2018-06-13,19:50:00,19,MIERCOLES,3,JUNIO,6,NO,NO GUARDAR LA DISTANCIA LATERAL MINIMA DE SEGURIDAD ENTRE VEHICULOS.,ROZAMIENTOS,MOTOCICLETA,0,0,0,0,0,0,0,0,1,0,0,0,0,1,30,HOMBRE,LESIONADO,CONDUCTOR PRESENTE,NO,NO,0
12944,40217,40218,2018,1,0,-0.325109,-78.550365,PICHINCHA,QUITO,QUITO,URBANA,2018-06-14,00:30:00,0,JUEVES,4,JUNIO,6,NO,"CONDUCIR DESATENTO A LAS CONDICIONES DE TRANSITO (CELULAR, PANTALLAS DE VIDEO, COMIDA, MAQUILLAJE O CUALQUIER OTRO ELEMENTO DISTRACTOR).",ESTRELLAMIENTOS,MOTOCICLETA,0,0,0,1,0,0,0,0,1,0,0,0,0,2,28,HOMBRE,LESIONADO,CONDUCTOR PRESENTE,NO,NO,0
12945,40221,40222,2018,0,0,-0.106927,-78.502463,PICHINCHA,QUITO,QUITO,URBANA,2018-06-14,05:20:00,5,JUEVES,4,JUNIO,6,NO,"FALLA MECANICA EN LOS SISTEMAS Y/O NEUMATICOS (SISTEMA DE FRENOS, DIRECCION, ELECTRONICO O MECANICO).",ESTRELLAMIENTOS,AUTOMOVIL,1,0,0,0,0,0,0,0,0,0,0,0,0,1,28,MUJER,ILESO,CONDUCTOR PRESENTE,NO,NO,0
12946,40226,40227,2018,0,0,-0.291141,-78.545957,PICHINCHA,QUITO,QUITO,URBANA,2018-06-14,07:15:00,7,JUEVES,4,JUNIO,6,NO,NO GUARDAR LA DISTANCIA LATERAL MINIMA DE SEGURIDAD ENTRE VEHICULOS.,CHOQUE LATERAL,AUTOMOVIL,2,0,0,0,0,0,0,0,0,0,0,0,0,2,26,MUJER,ILESO,CONDUCTOR PRESENTE,NO,NO,0
12947,40227,40228,2018,1,0,-0.238213,-78.484807,PICHINCHA,QUITO,QUITO,URBANA,2018-06-14,07:45:00,7,JUEVES,4,JUNIO,6,NO,NO MANTENER LA DISTANCIA PRUDENCIAL CON RESPECTO AL VEHICULO QUE LE ANTECEDE.,COLISION,AUTOMOVIL,4,0,0,0,0,0,0,0,0,0,0,0,0,4,45,HOMBRE,LESIONADO,CONDUCTOR PRESENTE,NO,NO,0
12948,40228,40229,2018,1,0,-0.197754,-78.481223,PICHINCHA,QUITO,QUITO,URBANA,2018-06-14,08:50:00,8,JUEVES,4,JUNIO,6,NO,NO TRANSITAR POR LAS ACERAS O ZONAS DE SEGURIDAD DESTINADAS PARA EL EFECTO.,ATROPELLOS,NO IDENTIFICADO,0,0,0,0,0,0,0,0,0,1,0,0,0,1,32,MUJER,LESIONADO,PEATON,NO,NO,0
12949,40231,40232,2018,0,0,-0.243079,-78.520045,PICHINCHA,QUITO,QUITO,URBANA,2018-06-14,09:35:00,9,JUEVES,4,JUNIO,6,NO,NO GUARDAR LA DISTANCIA LATERAL MINIMA DE SEGURIDAD ENTRE VEHICULOS.,ROZAMIENTOS,CAMIONETA,0,0,0,0,1,0,0,0,0,0,0,0,1,2,-1,NO IDENTIFICADO,NO IDENTIFICADO,CONDUCTOR AUSENTE,NO,NO,2
12950,40232,40233,2018,0,0,-0.237736,-78.484324,PICHINCHA,QUITO,QUITO,URBANA,2018-06-14,10:00:00,10,JUEVES,4,JUNIO,6,NO,NO MANTENER LA DISTANCIA PRUDENCIAL CON RESPECTO AL VEHICULO QUE LE ANTECEDE.,CHOQUE POSTERIOR,CAMIONETA,1,0,0,0,1,0,0,0,0,0,0,0,0,2,33,HOMBRE,ILESO,CONDUCTOR PRESENTE,NO,NO,0
12951,40234,40235,2018,1,0,-0.214473,-78.407145,PICHINCHA,QUITO,TUMBACO,URBANA,2018-06-14,11:00:00,11,JUEVES,4,JUNIO,6,NO,"NO RESPETAR LAS SENIALES REGLAMENTARIAS DE TRANSITO. (PARE, CEDA EL PASO, LUZ ROJA DEL SEMAFORO, ETC).",CHOQUE LATERAL,CAMIONETA,0,0,0,0,1,0,0,0,1,0,0,0,0,2,33,HOMBRE,LESIONADO,CONDUCTOR PRESENTE,NO,NO,0
12952,40235,40236,2018,0,0,-0.169058,-78.485896,PICHINCHA,QUITO,QUITO,URBANA,2018-06-14,11:09:00,11,JUEVES,4,JUNIO,6,NO,REALIZAR CAMBIO BRUSCO O INDEBIDO DE CARRIL.,CHOQUE LATERAL,MOTOCICLETA,0,0,0,0,0,0,0,0,1,0,0,0,0,1,48,HOMBRE,ILESO,CONDUCTOR PRESENTE,NO,NO,0
12953,40236,40237,2018,1,0,-0.162697,-78.479294,PICHINCHA,QUITO,QUITO,URBANA,2018-06-14,11:30:00,11,JUEVES,4,JUNIO,6,NO,"NO RESPETAR LAS SENIALES REGLAMENTARIAS DE TRANSITO. (PARE, CEDA EL PASO, LUZ ROJA DEL SEMAFORO, ETC).",ATROPELLOS,AUTOMOVIL,1,0,0,0,0,0,0,0,0,0,0,0,0,1,76,MUJER,LESIONADO,PEATON,NO,NO,0
12954,40237,40238,2018,0,0,-0.177423,-78.480081,PICHINCHA,QUITO,QUITO,URBANA,2018-06-14,11:45:00,11,JUEVES,4,JUNIO,6,NO,NO MANTENER LA DISTANCIA PRUDENCIAL CON RESPECTO AL VEHICULO QUE LE ANTECEDE.,CHOQUE POSTERIOR,AUTOMOVIL,1,0,0,0,0,0,0,0,0,0,0,0,0,1,28,HOMBRE,ILESO,CONDUCTOR PRESENTE,NO,NO,0
12955,40246,40247,2018,0,0,-0.225902,-78.503303,PICHINCHA,QUITO,QUITO,URBANA,2018-06-14,13:15:00,13,JUEVES,4,JUNIO,6,NO,NO MANTENER LA DISTANCIA PRUDENCIAL CON RESPECTO AL VEHICULO QUE LE ANTECEDE.,CHOQUE POSTERIOR,AUTOMOVIL,2,0,0,0,0,0,0,0,0,0,0,0,0,2,38,HOMBRE,ILESO,CONDUCTOR PRESENTE,NO,NO,0
12956,40247,40248,2018,0,0,-0.165301,-78.478067,PICHINCHA,QUITO,QUITO,URBANA,2018-06-14,13:25:00,13,JUEVES,4,JUNIO,6,NO,NO CEDER EL DERECHO DE VIA O PREFERENCIA DE PASO A VEHICULOS.,CHOQUE LATERAL,CAMIONETA,1,0,0,0,1,0,0,0,0,0,0,0,0,2,28,HOMBRE,ILESO,CONDUCTOR PRESENTE,NO,NO,0
12957,40248,40249,2018,0,1,-0.120268,-78.480063,PICHINCHA,QUITO,QUITO,URBANA,2018-06-14,13:28:00,13,JUEVES,4,JUNIO,6,NO,PEATON QUE CRUZA LA CALZADA SIN RESPETAR LA SENIALIZACION EXISTENTE (SEMAFOROS O SENIALES MANUALES).,ATROPELLOS,AUTOMOVIL,1,0,0,0,0,0,0,0,0,0,0,0,0,1,33,HOMBRE,FALLECIDO,PEATON,NO,NO,0
12958,40252,40253,2018,0,0,-0.223847,-78.518525,PICHINCHA,QUITO,QUITO,URBANA,2018-06-14,14:26:00,14,JUEVES,4,JUNIO,6,NO,NO CEDER EL DERECHO DE VIA O PREFERENCIA DE PASO A VEHICULOS.,CHOQUE LATERAL,AUTOMOVIL,2,0,0,0,0,0,0,0,0,0,0,0,0,2,64,HOMBRE,ILESO,CONDUCTOR PRESENTE,NO,NO,0
12959,40253,40254,2018,1,0,-0.260629,-78.546184,PICHINCHA,QUITO,QUITO,URBANA,2018-06-14,15:12:00,15,JUEVES,4,JUNIO,6,NO,NO TRANSITAR POR LAS ACERAS O ZONAS DE SEGURIDAD DESTINADAS PARA EL EFECTO.,ATROPELLOS,CAMIONETA,0,0,0,0,1,0,0,0,0,0,0,0,0,1,8,HOMBRE,LESIONADO,PEATON,NO,NO,0
12960,40256,40257,2018,1,0,-0.091278,-78.472932,PICHINCHA,QUITO,QUITO,URBANA,2018-06-14,16:50:00,16,JUEVES,4,JUNIO,6,NO,PEATON QUE CRUZA LA CALZADA SIN RESPETAR LA SENIALIZACION EXISTENTE (SEMAFOROS O SENIALES MANUALES).,ATROPELLOS,NO IDENTIFICADO,0,0,0,0,0,0,0,0,0,1,0,0,0,1,17,HOMBRE,LESIONADO,PEATON,NO,NO,0
12961,40260,40261,2018,1,0,-0.172139,-78.491241,PICHINCHA,QUITO,QUITO,URBANA,2018-06-14,18:02:00,18,JUEVES,4,JUNIO,6,NO,CONDUCIR VEHICULO SUPERANDO LOS LIMITES MAXIMOS DE VELOCIDAD.,ATROPELLOS,BUS,0,0,1,0,0,0,0,0,0,0,0,0,0,1,11,MUJER,LESIONADO,PEATON,NO,NO,0
12962,40263,40264,2018,0,0,-0.142639,-78.473639,PICHINCHA,QUITO,QUITO,URBANA,2018-06-14,19:00:00,19,JUEVES,4,JUNIO,6,NO,CONDUCIR VEHICULO SUPERANDO LOS LIMITES MAXIMOS DE VELOCIDAD.,CHOQUE LATERAL,AUTOMOVIL,1,0,0,0,1,0,0,0,0,0,0,0,0,2,20,HOMBRE,ILESO,CONDUCTOR PRESENTE,NO,NO,0
12963,40265,40266,2018,1,0,-0.085001,-78.515178,PICHINCHA,QUITO,QUITO,URBANA,2018-06-14,20:00:00,20,JUEVES,4,JUNIO,6,NO,NO TRANSITAR POR LAS ACERAS O ZONAS DE SEGURIDAD DESTINADAS PARA EL EFECTO.,ATROPELLOS,NO IDENTIFICADO,0,0,0,0,0,0,0,0,0,1,0,0,0,1,22,HOMBRE,LESIONADO,PEATON,NO,NO,0
12964,40270,40271,2018,2,0,-0.144763,-78.474632,PICHINCHA,QUITO,QUITO,URBANA,2018-06-14,21:30:00,21,JUEVES,4,JUNIO,6,NO,CONDUCIR VEHICULO SUPERANDO LOS LIMITES MAXIMOS DE VELOCIDAD.,CHOQUE FRONTAL,AUTOMOVIL,3,0,0,0,0,0,0,0,0,0,0,0,0,3,19,HOMBRE,LESIONADO,PASAJERO,NO,NO,0
12965,40273,40274,2018,0,1,-0.165047,-78.323199,PICHINCHA,QUITO,YARUQUI,RURAL,2018-06-14,22:20:00,22,JUEVES,4,JUNIO,6,NO,"CONDUCIR DESATENTO A LAS CONDICIONES DE TRANSITO (CELULAR, PANTALLAS DE VIDEO, COMIDA, MAQUILLAJE O CUALQUIER OTRO ELEMENTO DISTRACTOR).",ESTRELLAMIENTOS,MOTOCICLETA,0,0,0,0,0,0,0,0,1,0,0,0,0,1,34,HOMBRE,FALLECIDO,CONDUCTOR PRESENTE,NO,NO,3
12966,40276,40277,2018,0,0,-0.282706,-78.554325,PICHINCHA,QUITO,QUITO,URBANA,2018-06-14,23:50:00,23,JUEVES,4,JUNIO,6,NO,"NO RESPETAR LAS SENIALES REGLAMENTARIAS DE TRANSITO. (PARE, CEDA EL PASO, LUZ ROJA DEL SEMAFORO, ETC).",OTROS,MOTOCICLETA,0,0,0,0,0,0,0,0,1,0,0,0,0,1,-1,NO IDENTIFICADO,NO IDENTIFICADO,CONDUCTOR AUSENTE,NO,NO,2
12967,40280,40281,2018,0,0,-0.105373,-78.462381,PICHINCHA,QUITO,QUITO,URBANA,2018-06-15,01:30:00,1,VIERNES,5,JUNIO,6,NO,"NO RESPETAR LAS SENIALES REGLAMENTARIAS DE TRANSITO. (PARE, CEDA EL PASO, LUZ ROJA DEL SEMAFORO, ETC).",ESTRELLAMIENTOS,AUTOMOVIL,1,0,0,0,0,0,0,0,0,0,0,0,0,1,-1,NO IDENTIFICADO,NO IDENTIFICADO,CONDUCTOR AUSENTE,NO,NO,2
12968,40282,40283,2018,0,0,-0.189479,-78.453468,PICHINCHA,QUITO,NAYON,URBANA,2018-06-15,02:10:00,2,VIERNES,5,JUNIO,6,NO,CONDUCIR VEHICULO SUPERANDO LOS LIMITES MAXIMOS DE VELOCIDAD.,ESTRELLAMIENTOS,CAMIONETA,0,0,0,0,1,0,0,0,0,0,0,0,0,1,-1,NO IDENTIFICADO,NO IDENTIFICADO,CONDUCTOR AUSENTE,NO,NO,2
12969,40284,40285,2018,1,0,-0.121179,-78.480316,PICHINCHA,QUITO,QUITO,URBANA,2018-06-15,03:40:00,3,VIERNES,5,JUNIO,6,NO,CONDUCIR VEHICULO SUPERANDO LOS LIMITES MAXIMOS DE VELOCIDAD.,PERDIDA DE PISTA,MOTOCICLETA,0,0,0,0,0,0,0,0,1,0,0,0,0,1,41,HOMBRE,LESIONADO,PASAJERO,NO,NO,0