,Unnamed: 0,ID,ANIO,LESIONADOS,FALLECIDOS,LATITUD_Y,LONGITUD_X,PROVINCIA,CANTON,PARROQUIA,ZONA,FECHA,HORA,PERIODO_2,DIA_1,DIA_2,MES_1,MES_2,FERIADO,CAUSA_PROBABLE,TIPO_DE_SINIESTRO,TIPO_DE_VEHICULO_1,AUTOMOVIL,BICICLETA,BUS,CAMION,CAMIONETA,EMERGENCIAS,ESPECIAL,FURGONETA,MOTOCICLETA,NO_IDENTIFICADO,SCOOTER_ELECTRICO,TRICIMOTO,VEHICULO_DEPORTIVO_UTILITARIO,SUMA_DE_VEHICULOS,EDAD_1,SEXO_1,CONDICION_1,PARTICIPANTE_1,CASCO_1,CINTURON_1,KMeans_Cluster
13028,40501,40502,2018,0,0,-0.515423,-78.566304,PICHINCHA,MEJIA,MACHACHI,URBANA,2018-06-17,06:25:00,6,DOMINGO,7,JUNIO,6,NO,"CONDUCIR DESATENTO A LAS CONDICIONES DE TRANSITO (CELULAR, PANTALLAS DE VIDEO, COMIDA, MAQUILLAJE O CUALQUIER OTRO ELEMENTO DISTRACTOR).",PERDIDA DE PISTA,VEHICULO DEPORTIVO UTILITARIO,0,0,0,0,0,0,0,0,0,0,0,0,1,1,42,HOMBRE,ILESO,CONDUCTOR PRESENTE,NO,NO,0
13029,40514,40515,2018,0,0,-0.260629,-78.546185,PICHINCHA,QUITO,QUITO,URBANA,2018-06-17,11:50:00,11,DOMINGO,7,JUNIO,6,NO,NO MANTENER LA DISTANCIA PRUDENCIAL CON RESPECTO AL VEHICULO QUE LE ANTECEDE.,COLISION,AUTOMOVIL,3,0,0,0,0,0,0,0,0,0,0,0,0,3,34,HOMBRE,ILESO,CONDUCTOR PRESENTE,NO,NO,0
13030,40519,40520,2018,0,0,-0.129361,-78.466493,PICHINCHA,QUITO,QUITO,URBANA,2018-06-17,13:00:00,13,DOMINGO,7,JUNIO,6,NO,"CONDUCIR DESATENTO A LAS CONDICIONES DE TRANSITO (CELULAR, PANTALLAS DE VIDEO, COMIDA, MAQUILLAJE O CUALQUIER OTRO ELEMENTO DISTRACTOR).",OTROS,FURGONETA,0,0,0,0,0,0,0,1,0,0,0,0,1,2,40,HOMBRE,ILESO,CONDUCTOR PRESENTE,NO,NO,0
13031,40523,40524,2018,0,0,-0.210558,-78.386186,PICHINCHA,QUITO,TUMBACO,URBANA,2018-06-17,15:20:00,15,DOMINGO,7,JUNIO,6,NO,"CONDUCIR DESATENTO A LAS CONDICIONES DE TRANSITO (CELULAR, PANTALLAS DE VIDEO, COMIDA, MAQUILLAJE O CUALQUIER OTRO ELEMENTO DISTRACTOR).",CHOQUE LATERAL,AUTOMOVIL,2,0,0,0,0,0,0,0,0,0,0,0,0,2,63,HOMBRE,ILESO,CONDUCTOR PRESENTE,NO,NO,0
13032,40525,40526,2018,2,0,-0.127474,-78.513655,PICHINCHA,QUITO,QUITO,URBANA,2018-06-17,16:00:00,16,DOMINGO,7,JUNIO,6,NO,"NO RESPETAR LAS SENIALES REGLAMENTARIAS DE TRANSITO. (PARE, CEDA EL PASO, LUZ ROJA DEL SEMAFORO, ETC).",PERDIDA DE PISTA,NO IDENTIFICADO,0,0,0,0,0,0,0,0,0,1,0,0,0,1,17,MUJER,LESIONADO,PASAJERO,NO,NO,0
13033,40535,40536,2018,0,0,-0.292788,-78.563549,PICHINCHA,QUITO,QUITO,URBANA,2018-06-17,20:30:00,20,DOMINGO,7,JUNIO,6,NO,PESO Y VOLUMEN - NO CUMPLIR CON LAS NORMAS DE SEGURIDAD NECESARIAS AL TRANSPORTAR CARGAS.,OTROS,MOTOCICLETA,0,0,0,0,0,0,0,0,1,0,0,0,0,1,-1,NO IDENTIFICADO,NO IDENTIFICADO,CONDUCTOR AUSENTE,NO,NO,2
13034,40546,40547,2018,2,0,-0.289446,-78.538541,PICHINCHA,QUITO,QUITO,URBANA,2018-06-17,23:30:00,23,DOMINGO,7,JUNIO,6,NO,"CONDUCE BAJO LA INFLUENCIA DE ALCOHOL, SUSTANCIAS ESTUPEFACIENTES O PSICOTROPICAS Y/O MEDICAMENTOS.",CHOQUE FRONTAL,AUTOMOVIL,2,0,0,0,0,0,0,0,0,0,0,0,0,2,22,HOMBRE,LESIONADO,PASAJERO,NO,NO,0
13035,40548,40549,2018,0,0,-0.120424,-78.415686,PICHINCHA,QUITO,CALDERON (CARAPUNGO),URBANA,2018-06-17,23:45:00,23,DOMINGO,7,JUNIO,6,NO,CONDUCIR EN SENTIDO CONTRARIO A LA VIA NORMAL DE CIRCULACION.,OTROS,AUTOMOVIL,1,0,0,0,0,0,0,0,0,0,0,0,0,1,-1,NO IDENTIFICADO,NO IDENTIFICADO,CONDUCTOR AUSENTE,NO,NO,2
13036,40553,40554,2018,1,0,-0.133554,-78.501956,PICHINCHA,QUITO,QUITO,URBANA,2018-06-18,01:00:00,1,LUNES,1,JUNIO,6,NO,"CONDUCIR DESATENTO A LAS CONDICIONES DE TRANSITO (CELULAR, PANTALLAS DE VIDEO, COMIDA, MAQUILLAJE O CUALQUIER OTRO ELEMENTO DISTRACTOR).",ESTRELLAMIENTOS,AUTOMOVIL,1,0,0,0,0,0,0,0,0,0,0,0,0,1,30,HOMBRE,LESIONADO,CONDUCTOR PRESENTE,NO,NO,0
13037,40566,40567,2018,1,0,-0.270186,-78.544617,PICHINCHA,QUITO,QUITO,URBANA,2018-06-18,06:10:00,6,LUNES,1,JUNIO,6,NO,NO GUARDAR LA DISTANCIA LATERAL MINIMA DE SEGURIDAD ENTRE VEHICULOS.,CHOQUE LATERAL,MOTOCICLETA,0,0,0,0,0,0,0,0,1,1,0,0,0,2,38,HOMBRE,LESIONADO,CONDUCTOR PRESENTE,NO,NO,0
13038,40569,40570,2018,0,0,-0.162831,-78.486035,PICHINCHA,QUITO,QUITO,URBANA,2018-06-18,07:00:00,7,LUNES,1,JUNIO,6,NO,"NO RESPETAR LAS SENIALES REGLAMENTARIAS DE TRANSITO. (PARE, CEDA EL PASO, LUZ ROJA DEL SEMAFORO, ETC).",ATROPELLOS,AUTOMOVIL,1,0,0,0,0,0,0,0,0,0,0,0,0,1,41,HOMBRE,ILESO,CONDUCTOR PRESENTE,NO,NO,0
13039,40571,40572,2018,1,0,-0.209056,-78.500436,PICHINCHA,QUITO,QUITO,URBANA,2018-06-18,08:49:00,8,LUNES,1,JUNIO,6,NO,DEJAR O RECOGER PASAJEROS EN LUGARES NO PERMITIDOS.,CAIDA DE PASAJERO,NO IDENTIFICADO,0,0,0,0,0,0,0,0,0,1,0,0,0,1,42,MUJER,LESIONADO,PASAJERO,NO,NO,0
13040,40579,40580,2018,0,0,-0.199447,-78.488245,PICHINCHA,QUITO,QUITO,URBANA,2018-06-18,11:50:00,11,LUNES,1,JUNIO,6,NO,"CASO FORTUITO O FUERZA MAYOR (EXPLOSION DE NEUMATICO NUEVO, DERRUMBE, INUNDACION, CAIDA DE PUENTE, ARBOL, PRESENCIA INTEMPESTIVA E IMPREVISTA DE SEMOVIENTES EN LA VIA, ETC.).",OTROS,AUTOMOVIL,1,0,0,0,0,0,0,0,0,0,0,0,0,1,27,HOMBRE,ILESO,CONDUCTOR PRESENTE,NO,NO,0
13041,40582,40583,2018,1,0,-0.179365,-78.478284,PICHINCHA,QUITO,QUITO,URBANA,2018-06-18,12:14:00,12,LUNES,1,JUNIO,6,NO,"CASO FORTUITO O FUERZA MAYOR (EXPLOSION DE NEUMATICO NUEVO, DERRUMBE, INUNDACION, CAIDA DE PUENTE, ARBOL, PRESENCIA INTEMPESTIVA E IMPREVISTA DE SEMOVIENTES EN LA VIA, ETC.).",CHOQUE LATERAL,AUTOMOVIL,1,0,0,0,0,0,0,0,1,0,0,0,0,2,26,HOMBRE,LESIONADO,CONDUCTOR PRESENTE,NO,NO,0
13042,40584,40585,2018,1,0,-0.172273,-78.490757,PICHINCHA,QUITO,QUITO,URBANA,2018-06-18,12:30:00,12,LUNES,1,JUNIO,6,NO,CONDUCIR VEHICULO SUPERANDO LOS LIMITES MAXIMOS DE VELOCIDAD.,ATROPELLOS,NO IDENTIFICADO,0,0,0,0,0,0,0,0,0,1,0,0,0,1,13,HOMBRE,LESIONADO,PEATON,NO,NO,0
13043,40587,40588,2018,0,0,-0.205551,-78.502574,PICHINCHA,QUITO,QUITO,URBANA,2018-06-18,12:40:00,12,LUNES,1,JUNIO,6,NO,DANIOS MECANICOS PREVISIBLES.,OTROS,AUTOMOVIL,1,0,0,0,0,0,0,0,0,0,0,0,0,1,39,HOMBRE,ILESO,CONDUCTOR PRESENTE,NO,NO,0
13044,40590,40591,2018,0,0,-0.180284,-78.478721,PICHINCHA,QUITO,QUITO,URBANA,2018-06-18,13:45:00,13,LUNES,1,JUNIO,6,NO,CONDUCIR VEHICULO SUPERANDO LOS LIMITES MAXIMOS DE VELOCIDAD.,ESTRELLAMIENTOS,NO IDENTIFICADO,0,0,0,0,0,0,0,0,0,1,0,0,0,1,-1,NO IDENTIFICADO,NO IDENTIFICADO,CONDUCTOR AUSENTE,NO,NO,2
13045,40598,40599,2018,0,0,-0.208998,-78.500415,PICHINCHA,QUITO,QUITO,URBANA,2018-06-18,16:35:00,16,LUNES,1,JUNIO,6,NO,NO MANTENER LA DISTANCIA PRUDENCIAL CON RESPECTO AL VEHICULO QUE LE ANTECEDE.,CHOQUE POSTERIOR,MOTOCICLETA,0,0,0,0,0,0,0,0,1,1,0,0,0,2,-1,HOMBRE,ILESO,CONDUCTOR PRESENTE,NO,NO,0
13046,40600,40601,2018,2,0,-0.243344,-78.519991,PICHINCHA,QUITO,QUITO,URBANA,2018-06-18,17:10:00,17,LUNES,1,JUNIO,6,NO,NO TRANSITAR POR LAS ACERAS O ZONAS DE SEGURIDAD DESTINADAS PARA EL EFECTO.,ATROPELLOS,CAMIONETA,0,0,0,0,1,0,0,0,0,0,0,0,0,1,63,MUJER,LESIONADO,PEATON,NO,NO,0
13047,40603,40604,2018,0,0,-0.117658,-78.454571,PICHINCHA,QUITO,QUITO,URBANA,2018-06-18,18:50:00,18,LUNES,1,JUNIO,6,NO,NO MANTENER LA DISTANCIA PRUDENCIAL CON RESPECTO AL VEHICULO QUE LE ANTECEDE.,COLISION,AUTOMOVIL,1,0,0,0,1,0,0,0,0,1,0,0,0,3,38,HOMBRE,ILESO,CONDUCTOR PRESENTE,NO,NO,0
13048,40607,40608,2018,0,0,-0.328479,-78.522294,PICHINCHA,QUITO,QUITO,URBANA,2018-06-18,20:30:00,20,LUNES,1,JUNIO,6,NO,"CONDUCE BAJO LA INFLUENCIA DE ALCOHOL, SUSTANCIAS ESTUPEFACIENTES O PSICOTROPICAS Y/O MEDICAMENTOS.",COLISION,AUTOMOVIL,2,0,0,0,0,0,0,0,0,1,0,0,0,3,50,HOMBRE,ILESO,CONDUCTOR PRESENTE,NO,NO,0
13049,40608,40609,2018,0,0,-0.162791,-78.480816,PICHINCHA,QUITO,QUITO,URBANA,2018-06-18,21:20:00,21,LUNES,1,JUNIO,6,NO,"CONDUCE BAJO LA INFLUENCIA DE ALCOHOL, SUSTANCIAS ESTUPEFACIENTES O PSICOTROPICAS Y/O MEDICAMENTOS.",CHOQUE POSTERIOR,CAMIONETA,1,0,0,0,1,0,0,0,0,0,0,0,0,2,44,HOMBRE,ILESO,CONDUCTOR PRESENTE,NO,NO,0
13050,40614,40615,2018,1,0,-0.162847,-78.478474,PICHINCHA,QUITO,QUITO,URBANA,2018-06-19,00:03:00,0,MARTES,2,JUNIO,6,NO,NO GUARDAR LA DISTANCIA LATERAL MINIMA DE SEGURIDAD ENTRE VEHICULOS.,CHOQUE LATERAL,AUTOMOVIL,1,0,0,0,0,0,0,0,0,0,0,0,0,1,40,HOMBRE,LESIONADO,CONDUCTOR PRESENTE,NO,NO,0
13051,40616,40617,2018,0,0,-0.138171,-78.480445,PICHINCHA,QUITO,QUITO,URBANA,2018-06-19,06:44:00,6,MARTES,2,JUNIO,6,NO,"NO RESPETAR LAS SENIALES REGLAMENTARIAS DE TRANSITO. (PARE, CEDA EL PASO, LUZ ROJA DEL SEMAFORO, ETC).",OTROS,AUTOMOVIL,1,0,0,0,0,0,0,0,0,0,0,0,1,2,40,MUJER,ILESO,CONDUCTOR PRESENTE,NO,NO,0
13052,40620,40621,2018,1,0,-0.166409,-78.487193,PICHINCHA,QUITO,QUITO,URBANA,2018-06-19,07:50:00,7,MARTES,2,JUNIO,6,NO,"NO RESPETAR LAS SENIALES REGLAMENTARIAS DE TRANSITO. (PARE, CEDA EL PASO, LUZ ROJA DEL SEMAFORO, ETC).",CHOQUE LATERAL,AUTOMOVIL,1,0,0,0,0,0,0,0,1,0,0,0,0,2,26,MUJER,LESIONADO,CONDUCTOR PRESENTE,NO,NO,0
13053,40622,40623,2018,1,0,-0.138144,-78.481001,PICHINCHA,QUITO,QUITO,URBANA,2018-06-19,09:00:00,9,MARTES,2,JUNIO,6,NO,"NO RESPETAR LAS SENIALES REGLAMENTARIAS DE TRANSITO. (PARE, CEDA EL PASO, LUZ ROJA DEL SEMAFORO, ETC).",CHOQUE LATERAL,AUTOMOVIL,2,0,0,0,0,0,0,0,0,0,0,0,0,2,24,MUJER,LESIONADO,PASAJERO,NO,NO,0
13054,40627,40628,2018,0,0,-0.161415,-78.473828,PICHINCHA,QUITO,QUITO,URBANA,2018-06-19,11:05:00,11,MARTES,2,JUNIO,6,NO,NO MANTENER LA DISTANCIA PRUDENCIAL CON RESPECTO AL VEHICULO QUE LE ANTECEDE.,OTROS,FURGONETA,0,0,0,0,0,0,0,1,0,0,0,0,0,1,33,HOMBRE,ILESO,CONDUCTOR PRESENTE,NO,NO,0
13055,40628,40629,2018,1,0,-0.172273,-78.490757,PICHINCHA,QUITO,QUITO,URBANA,2018-06-19,11:30:00,11,MARTES,2,JUNIO,6,NO,NO MANTENER LA DISTANCIA PRUDENCIAL CON RESPECTO AL VEHICULO QUE LE ANTECEDE.,CHOQUE POSTERIOR,NO IDENTIFICADO,0,0,0,0,0,0,0,0,0,1,0,0,0,1,25,MUJER,LESIONADO,PASAJERO,NO,NO,0
13056,40629,40630,2018,1,0,-0.300322,-78.570155,PICHINCHA,QUITO,QUITO,URBANA,2018-06-19,12:50:00,12,MARTES,2,JUNIO,6,NO,"CONDUCIR DESATENTO A LAS CONDICIONES DE TRANSITO (CELULAR, PANTALLAS DE VIDEO, COMIDA, MAQUILLAJE O CUALQUIER OTRO ELEMENTO DISTRACTOR).",ATROPELLOS,FURGONETA,0,0,0,0,0,0,0,1,0,0,0,0,0,1,8,HOMBRE,LESIONADO,PEATON,NO,NO,0
13057,40631,40632,2018,0,0,-0.172539,-78.476614,PICHINCHA,QUITO,QUITO,URBANA,2018-06-19,13:58:00,13,MARTES,2,JUNIO,6,NO,NO MANTENER LA DISTANCIA PRUDENCIAL CON RESPECTO AL VEHICULO QUE LE ANTECEDE.,CHOQUE POSTERIOR,AUTOMOVIL,2,0,0,0,0,0,0,0,0,0,0,0,0,2,50,MUJER,ILESO,CONDUCTOR PRESENTE,NO,NO,0
13058,40632,40633,2018,2,0,-0.186956,-78.503158,PICHINCHA,QUITO,QUITO,URBANA,2018-06-19,14:55:00,14,MARTES,2,JUNIO,6,NO,"NO RESPETAR LAS SENIALES REGLAMENTARIAS DE TRANSITO. (PARE, CEDA EL PASO, LUZ ROJA DEL SEMAFORO, ETC).",CHOQUE LATERAL,AUTOMOVIL,1,0,0,0,1,0,0,0,0,0,0,0,0,2,32,HOMBRE,LESIONADO,CONDUCTOR PRESENTE,NO,NO,0
13059,40633,40634,2018,2,0,-0.186993,-78.502578,PICHINCHA,QUITO,QUITO,URBANA,2018-06-19,15:00:00,15,MARTES,2,JUNIO,6,NO,"NO RESPETAR LAS SENIALES REGLAMENTARIAS DE TRANSITO. (PARE, CEDA EL PASO, LUZ ROJA DEL SEMAFORO, ETC).",CHOQUE LATERAL,MOTOCICLETA,0,0,0,0,1,0,0,0,1,0,0,0,0,2,22,HOMBRE,LESIONADO,CONDUCTOR PRESENTE,NO,NO,0
13060,40640,40641,2018,1,0,-0.224087,-78.507253,PICHINCHA,QUITO,QUITO,URBANA,2018-06-19,16:48:00,16,MARTES,2,JUNIO,6,NO,"PRESENCIA DE AGENTES EXTERNOS EN LA VIA (AGUA, ACEITE, PIEDRA, LASTRE, ESCOMBROS, MADEROS, ETC.).",VOLCAMIENTOS,MOTOCICLETA,0,0,0,0,0,0,0,0,1,0,0,0,0,1,25,MUJER,LESIONADO,CONDUCTOR PRESENTE,NO,NO,0
13061,40642,40643,2018,1,0,-0.091585,-78.439052,PICHINCHA,QUITO,CALDERON (CARAPUNGO),URBANA,2018-06-19,17:35:00,17,MARTES,2,JUNIO,6,NO,CONDUCIR VEHICULO SUPERANDO LOS LIMITES MAXIMOS DE VELOCIDAD.,CHOQUE FRONTAL,AUTOMOVIL,1,0,0,0,0,0,0,0,1,0,0,0,0,2,25,HOMBRE,LESIONADO,CONDUCTOR PRESENTE,NO,NO,0
13062,40644,40645,2018,2,0,-0.108255,-78.461339,PICHINCHA,QUITO,CALDERON (CARAPUNGO),URBANA,2018-06-19,18:10:00,18,MARTES,2,JUNIO,6,NO,MALAS CONDICIONES DE LA VIA Y/O CONFIGURACION. (ILUMINACION Y DISENIO).,PERDIDA DE PISTA,MOTOCICLETA,0,0,0,0,0,0,0,0,1,0,0,0,0,1,27,HOMBRE,LESIONADO,CONDUCTOR PRESENTE,NO,NO,0
13063,40648,40649,2018,1,0,-0.320521,-78.554015,PICHINCHA,QUITO,QUITO,URBANA,2018-06-19,19:24:00,19,MARTES,2,JUNIO,6,NO,CONDUCIR VEHICULO SUPERANDO LOS LIMITES MAXIMOS DE VELOCIDAD.,OTROS,MOTOCICLETA,0,0,0,0,0,0,0,0,1,1,0,0,0,2,21,HOMBRE,LESIONADO,CONDUCTOR PRESENTE,NO,NO,0
13064,40651,40652,2018,0,0,-0.175579,-78.487537,PICHINCHA,QUITO,QUITO,URBANA,2018-06-19,20:50:00,20,MARTES,2,JUNIO,6,NO,NO GUARDAR LA DISTANCIA LATERAL MINIMA DE SEGURIDAD ENTRE VEHICULOS.,CHOQUE LATERAL,AUTOMOVIL,2,0,0,0,0,0,0,0,0,0,0,0,0,2,23,HOMBRE,ILESO,CONDUCTOR PRESENTE,NO,NO,0
13065,40653,40654,2018,0,0,-0.325099,-78.561966,PICHINCHA,QUITO,QUITO,URBANA,2018-06-19,22:45:00,22,MARTES,2,JUNIO,6,NO,"CONDUCIR DESATENTO A LAS CONDICIONES DE TRANSITO (CELULAR, PANTALLAS DE VIDEO, COMIDA, MAQUILLAJE O CUALQUIER OTRO ELEMENTO DISTRACTOR).",ESTRELLAMIENTOS,BUS,0,0,1,0,0,0,0,0,0,0,0,0,0,1,54,HOMBRE,ILESO,CONDUCTOR PRESENTE,NO,NO,0
13066,40656,40657,2018,0,0,-0.128691,-78.472215,PICHINCHA,QUITO,QUITO,URBANA,2018-06-20,02:55:00,2,MIERCOLES,3,JUNIO,6,NO,"CONDUCIR DESATENTO A LAS CONDICIONES DE TRANSITO (CELULAR, PANTALLAS DE VIDEO, COMIDA, MAQUILLAJE O CUALQUIER OTRO ELEMENTO DISTRACTOR).",CHOQUE LATERAL,CAMIONETA,1,0,0,0,1,0,0,0,0,0,0,0,0,2,27,HOMBRE,ILESO,CONDUCTOR PRESENTE,NO,NO,0
13067,40657,40658,2018,1,0,-0.306323,-78.559358,PICHINCHA,QUITO,QUITO,URBANA,2018-06-20,04:40:00,4,MIERCOLES,3,JUNIO,6,NO,PEATON QUE CRUZA LA CALZADA SIN RESPETAR LA SENIALIZACION EXISTENTE (SEMAFOROS O SENIALES MANUALES).,ATROPELLOS,NO IDENTIFICADO,0,0,0,0,0,0,0,0,0,1,0,0,0,1,29,HOMBRE,LESIONADO,PEATON,NO,NO,0
13068,40659,40660,2018,0,0,-0.233213,-78.503305,PICHINCHA,QUITO,QUITO,URBANA,2018-06-20,06:00:00,6,MIERCOLES,3,JUNIO,6,NO,NO CEDER EL DERECHO DE VIA O PREFERENCIA DE PASO A VEHICULOS.,COLISION,AUTOMOVIL,3,0,0,0,0,0,0,0,0,0,0,0,0,3,28,HOMBRE,ILESO,CONDUCTOR PRESENTE,NO,NO,0
13069,40663,40664,2018,1,0,-0.232571,-78.500942,PICHINCHA,QUITO,QUITO,URBANA,2018-06-20,06:55:00,6,MIERCOLES,3,JUNIO,6,NO,"FALLA MECANICA EN LOS SISTEMAS Y/O NEUMATICOS (SISTEMA DE FRENOS, DIRECCION, ELECTRONICO O MECANICO).",ESTRELLAMIENTOS,AUTOMOVIL,1,0,0,0,0,0,0,0,0,0,0,0,0,1,32,HOMBRE,LESIONADO,CONDUCTOR PRESENTE,NO,NO,0
13070,40666,40667,2018,0,0,-0.127289,-78.472515,PICHINCHA,QUITO,QUITO,URBANA,2018-06-20,07:40:00,7,MIERCOLES,3,JUNIO,6,NO,NO MANTENER LA DISTANCIA PRUDENCIAL CON RESPECTO AL VEHICULO QUE LE ANTECEDE.,CHOQUE POSTERIOR,CAMION,2,0,0,1,0,0,0,0,0,0,0,0,0,3,31,HOMBRE,ILESO,CONDUCTOR PRESENTE,NO,NO,0
13071,40671,40672,2018,2,0,-0.283272,-78.543642,PICHINCHA,QUITO,QUITO,URBANA,2018-06-20,08:05:00,8,MIERCOLES,3,JUNIO,6,NO,NO TRANSITAR POR LAS ACERAS O ZONAS DE SEGURIDAD DESTINADAS PARA EL EFECTO.,ATROPELLOS,AUTOMOVIL,1,0,0,0,0,0,0,0,0,0,0,0,0,1,50,MUJER,LESIONADO,PEATON,NO,NO,0
13072,40678,40679,2018,2,0,-0.190709,-78.480868,PICHINCHA,QUITO,QUITO,URBANA,2018-06-20,10:30:00,10,MIERCOLES,3,JUNIO,6,NO,"NO RESPETAR LAS SENIALES REGLAMENTARIAS DE TRANSITO. (PARE, CEDA EL PASO, LUZ ROJA DEL SEMAFORO, ETC).",CHOQUE LATERAL,AUTOMOVIL,1,0,0,0,0,0,0,0,1,0,0,0,0,2,71,MUJER,LESIONADO,CONDUCTOR PRESENTE,NO,NO,0
13073,40679,40680,2018,3,0,-0.187942,-78.493218,PICHINCHA,QUITO,QUITO,URBANA,2018-06-20,10:30:00,10,MIERCOLES,3,JUNIO,6,NO,"NO RESPETAR LAS SENIALES REGLAMENTARIAS DE TRANSITO. (PARE, CEDA EL PASO, LUZ ROJA DEL SEMAFORO, ETC).",CHOQUE LATERAL,AUTOMOVIL,1,0,0,0,0,0,0,0,1,0,0,0,0,2,36,HOMBRE,LESIONADO,CONDUCTOR PRESENTE,NO,NO,0
13074,40681,40682,2018,0,0,-0.185814,-78.482399,PICHINCHA,QUITO,QUITO,URBANA,2018-06-20,10:34:00,10,MIERCOLES,3,JUNIO,6,NO,"CONDUCIR DESATENTO A LAS CONDICIONES DE TRANSITO (CELULAR, PANTALLAS DE VIDEO, COMIDA, MAQUILLAJE O CUALQUIER OTRO ELEMENTO DISTRACTOR).",ESTRELLAMIENTOS,AUTOMOVIL,1,0,0,0,0,0,0,0,0,0,0,0,0,1,25,MUJER,ILESO,CONDUCTOR PRESENTE,NO,NO,0
13075,40683,40684,2018,0,0,-0.099083,-78.421844,PICHINCHA,QUITO,CALDERON (CARAPUNGO),URBANA,2018-06-20,12:20:00,12,MIERCOLES,3,JUNIO,6,NO,"CONDUCIR DESATENTO A LAS CONDICIONES DE TRANSITO (CELULAR, PANTALLAS DE VIDEO, COMIDA, MAQUILLAJE O CUALQUIER OTRO ELEMENTO DISTRACTOR).",ROZAMIENTOS,AUTOMOVIL,1,0,0,0,0,0,0,0,0,0,0,0,1,2,46,HOMBRE,ILESO,CONDUCTOR PRESENTE,NO,NO,0
13076,40689,40690,2018,1,0,-0.222563,-78.513543,PICHINCHA,QUITO,QUITO,URBANA,2018-06-20,13:55:00,13,MIERCOLES,3,JUNIO,6,NO,CONDUCIR VEHICULO SUPERANDO LOS LIMITES MAXIMOS DE VELOCIDAD.,CAIDA DE PASAJERO,CAMION,0,0,0,1,0,0,0,0,0,0,0,0,0,1,56,MUJER,LESIONADO,PASAJERO,NO,NO,0
13077,40691,40692,2018,1,0,-0.273535,-78.538086,PICHINCHA,QUITO,QUITO,URBANA,2018-06-20,14:30:00,14,MIERCOLES,3,JUNIO,6,NO,PEATON QUE CRUZA LA CALZADA SIN RESPETAR LA SENIALIZACION EXISTENTE (SEMAFOROS O SENIALES MANUALES).,ATROPELLOS,CAMION,0,0,0,1,0,0,0,0,0,0,0,0,0,1,80,HOMBRE,LESIONADO,PEATON,NO,NO,0
13078,40694,40695,2018,3,0,-0.172273,-78.490757,PICHINCHA,QUITO,QUITO,URBANA,2018-06-20,14:53:00,14,MIERCOLES,3,JUNIO,6,NO,CONDUCIR VEHICULO SUPERANDO LOS LIMITES MAXIMOS DE VELOCIDAD.,OTROS,NO IDENTIFICADO,0,0,0,0,0,0,0,0,0,1,0,0,0,1,14,MUJER,LESIONADO,PASAJERO,NO,NO,0
13079,40696,40697,2018,0,0,-0.237662,-78.486651,PICHINCHA,QUITO,QUITO,URBANA,2018-06-20,15:15:00,15,MIERCOLES,3,JUNIO,6,NO,CONDUCIR VEHICULO SUPERANDO LOS LIMITES MAXIMOS DE VELOCIDAD.,CHOQUE POSTERIOR,AUTOMOVIL,2,0,0,0,0,0,0,0,0,0,0,0,0,2,67,HOMBRE,ILESO,CONDUCTOR PRESENTE,NO,NO,0
13080,40706,40707,2018,0,0,-0.099505,-78.483141,PICHINCHA,QUITO,QUITO,URBANA,2018-06-20,16:40:00,16,MIERCOLES,3,JUNIO,6,NO,CONDUCIR VEHICULO SUPERANDO LOS LIMITES MAXIMOS DE VELOCIDAD.,CHOQUE LATERAL,CAMION,1,0,0,1,0,0,0,0,0,0,0,0,0,2,47,HOMBRE,ILESO,CONDUCTOR PRESENTE,NO,NO,0
13081,40711,40712,2018,1,0,-0.182997,-78.503721,PICHINCHA,QUITO,QUITO,URBANA,2018-06-20,17:30:00,17,MIERCOLES,3,JUNIO,6,NO,DEJAR O RECOGER PASAJEROS EN LUGARES NO PERMITIDOS.,CAIDA DE PASAJERO,NO IDENTIFICADO,0,0,0,0,0,0,0,0,0,1,0,0,0,1,41,MUJER,LESIONADO,PASAJERO,NO,NO,0
13082,40713,40714,2018,1,0,-0.253361,-78.516186,PICHINCHA,QUITO,QUITO,URBANA,2018-06-20,18:40:00,18,MIERCOLES,3,JUNIO,6,NO,PEATON QUE CRUZA LA CALZADA SIN RESPETAR LA SENIALIZACION EXISTENTE (SEMAFOROS O SENIALES MANUALES).,ATROPELLOS,NO IDENTIFICADO,0,0,0,0,0,0,0,0,0,1,0,0,0,1,10,HOMBRE,LESIONADO,PEATON,NO,NO,0
13083,40714,40715,2018,0,0,-0.125903,-78.488208,PICHINCHA,QUITO,QUITO,URBANA,2018-06-20,19:00:00,19,MIERCOLES,3,JUNIO,6,NO,NO MANTENER LA DISTANCIA PRUDENCIAL CON RESPECTO AL VEHICULO QUE LE ANTECEDE.,COLISION,AUTOMOVIL,3,0,0,0,0,0,0,0,0,0,0,0,0,3,44,MUJER,ILESO,CONDUCTOR PRESENTE,NO,NO,0
13084,40719,40720,2018,1,0,-0.271358,-78.535029,PICHINCHA,QUITO,QUITO,URBANA,2018-06-20,19:45:00,19,MIERCOLES,3,JUNIO,6,NO,PEATON QUE CRUZA LA CALZADA SIN RESPETAR LA SENIALIZACION EXISTENTE (SEMAFOROS O SENIALES MANUALES).,ATROPELLOS,AUTOMOVIL,1,0,0,0,0,0,0,0,0,0,0,0,0,1,14,MUJER,LESIONADO,PEATON,NO,NO,0