,Unnamed: 0,ID,ANIO,LESIONADOS,FALLECIDOS,LATITUD_Y,LONGITUD_X,PROVINCIA,CANTON,PARROQUIA,ZONA,FECHA,HORA,PERIODO_2,DIA_1,DIA_2,MES_1,MES_2,FERIADO,CAUSA_PROBABLE,TIPO_DE_SINIESTRO,TIPO_DE_VEHICULO_1,AUTOMOVIL,BICICLETA,BUS,CAMION,CAMIONETA,EMERGENCIAS,ESPECIAL,FURGONETA,MOTOCICLETA,NO_IDENTIFICADO,SCOOTER_ELECTRICO,TRICIMOTO,VEHICULO_DEPORTIVO_UTILITARIO,SUMA_DE_VEHICULOS,EDAD_1,SEXO_1,CONDICION_1,PARTICIPANTE_1,CASCO_1,CINTURON_1,KMeans_Cluster
13085,40726,40727,2018,2,0,-0.276737,-78.556041,PICHINCHA,QUITO,QUITO,URBANA,2018-06-20,21:30:00,21,MIERCOLES,3,JUNIO,6,NO,CONDUCIR VEHICULO SUPERANDO LOS LIMITES MAXIMOS DE VELOCIDAD.,ATROPELLOS,NO IDENTIFICADO,0,0,0,0,0,0,0,0,0,1,0,0,0,1,22,MUJER,LESIONADO,PEATON,NO,NO,0
13086,40730,40731,2018,1,0,-0.168114,-78.452822,PICHINCHA,QUITO,QUITO,URBANA,2018-06-20,23:55:00,23,MIERCOLES,3,JUNIO,6,NO,"CONDUCE BAJO LA INFLUENCIA DE ALCOHOL, SUSTANCIAS ESTUPEFACIENTES O PSICOTROPICAS Y/O MEDICAMENTOS.",CHOQUE LATERAL,AUTOMOVIL,1,0,0,1,0,0,0,0,0,0,0,0,0,2,40,HOMBRE,LESIONADO,CONDUCTOR PRESENTE,NO,NO,0
13087,40732,40733,2018,2,0,-0.365213,-78.837561,PICHINCHA,MEJIA,MANUEL CORNEJO ASTORGA,RURAL,2018-06-21,05:00:00,5,JUEVES,4,JUNIO,6,NO,"CONDUCIR DESATENTO A LAS CONDICIONES DE TRANSITO (CELULAR, PANTALLAS DE VIDEO, COMIDA, MAQUILLAJE O CUALQUIER OTRO ELEMENTO DISTRACTOR).",CHOQUE FRONTAL,CAMIONETA,1,0,0,0,1,0,0,0,0,0,0,0,0,2,84,MUJER,LESIONADO,PASAJERO,NO,NO,3
13088,40734,40735,2018,0,0,-0.418487,-78.550288,PICHINCHA,MEJIA,TAMBILLO (MEJIA),RURAL,2018-06-21,06:30:00,6,JUEVES,4,JUNIO,6,NO,NO MANTENER LA DISTANCIA PRUDENCIAL CON RESPECTO AL VEHICULO QUE LE ANTECEDE.,CHOQUE POSTERIOR,VEHICULO DEPORTIVO UTILITARIO,0,0,1,0,0,0,0,0,0,0,0,0,1,2,53,HOMBRE,ILESO,CONDUCTOR PRESENTE,NO,NO,3
13089,40737,40738,2018,1,0,-0.166041,-78.468352,PICHINCHA,QUITO,QUITO,URBANA,2018-06-21,07:15:00,7,JUEVES,4,JUNIO,6,NO,"CONDUCIR DESATENTO A LAS CONDICIONES DE TRANSITO (CELULAR, PANTALLAS DE VIDEO, COMIDA, MAQUILLAJE O CUALQUIER OTRO ELEMENTO DISTRACTOR).",CHOQUE POSTERIOR,VEHICULO DEPORTIVO UTILITARIO,0,0,0,0,0,0,0,0,0,0,0,0,1,1,35,HOMBRE,LESIONADO,CONDUCTOR PRESENTE,NO,NO,0
13090,40739,40740,2018,0,1,-0.163073,-78.462598,PICHINCHA,QUITO,QUITO,URBANA,2018-06-21,07:20:00,7,JUEVES,4,JUNIO,6,NO,NO TRANSITAR POR LAS ACERAS O ZONAS DE SEGURIDAD DESTINADAS PARA EL EFECTO.,ATROPELLOS,AUTOMOVIL,1,0,0,0,0,0,0,0,0,0,0,0,0,1,83,HOMBRE,FALLECIDO,PEATON,NO,NO,0
13091,40740,40741,2018,0,0,-0.213943,-78.433081,PICHINCHA,QUITO,CUMBAYA,URBANA,2018-06-21,07:50:00,7,JUEVES,4,JUNIO,6,NO,NO GUARDAR LA DISTANCIA LATERAL MINIMA DE SEGURIDAD ENTRE VEHICULOS.,CHOQUE LATERAL,AUTOMOVIL,1,0,0,0,0,0,0,0,0,0,0,0,0,1,35,HOMBRE,ILESO,CONDUCTOR PRESENTE,NO,NO,0
13092,40741,40742,2018,0,0,-0.091585,-78.439052,PICHINCHA,QUITO,CALDERON (CARAPUNGO),URBANA,2018-06-21,08:00:00,8,JUEVES,4,JUNIO,6,NO,"NO RESPETAR LAS SENIALES REGLAMENTARIAS DE TRANSITO. (PARE, CEDA EL PASO, LUZ ROJA DEL SEMAFORO, ETC).",CHOQUE LATERAL,AUTOMOVIL,2,0,0,0,0,0,0,0,0,0,0,0,0,2,35,HOMBRE,ILESO,CONDUCTOR PRESENTE,NO,NO,0
13093,40743,40744,2018,0,0,-0.066231,-78.465914,PICHINCHA,QUITO,POMASQUI,URBANA,2018-06-21,08:00:00,8,JUEVES,4,JUNIO,6,NO,"CONDUCIR DESATENTO A LAS CONDICIONES DE TRANSITO (CELULAR, PANTALLAS DE VIDEO, COMIDA, MAQUILLAJE O CUALQUIER OTRO ELEMENTO DISTRACTOR).",COLISION,AUTOMOVIL,1,0,0,0,0,0,0,0,0,1,0,0,1,3,40,HOMBRE,ILESO,CONDUCTOR PRESENTE,NO,NO,0
13094,40745,40746,2018,0,0,-0.118338,-78.506164,PICHINCHA,QUITO,QUITO,URBANA,2018-06-21,08:15:00,8,JUEVES,4,JUNIO,6,NO,NO MANTENER LA DISTANCIA PRUDENCIAL CON RESPECTO AL VEHICULO QUE LE ANTECEDE.,CHOQUE LATERAL,CAMIONETA,0,0,0,0,1,0,0,0,1,0,0,0,0,2,23,HOMBRE,ILESO,CONDUCTOR PRESENTE,NO,NO,0
13095,40749,40750,2018,1,0,-0.172273,-78.490757,PICHINCHA,QUITO,QUITO,URBANA,2018-06-21,09:15:00,9,JUEVES,4,JUNIO,6,NO,NO GUARDAR LA DISTANCIA LATERAL MINIMA DE SEGURIDAD ENTRE VEHICULOS.,CHOQUE LATERAL,MOTOCICLETA,0,0,0,0,0,0,0,0,1,1,0,0,0,2,-1,MUJER,LESIONADO,PASAJERO,NO,NO,0
13096,40752,40753,2018,0,0,-0.127201,-78.471433,PICHINCHA,QUITO,QUITO,URBANA,2018-06-21,10:10:00,10,JUEVES,4,JUNIO,6,NO,"CONDUCIR DESATENTO A LAS CONDICIONES DE TRANSITO (CELULAR, PANTALLAS DE VIDEO, COMIDA, MAQUILLAJE O CUALQUIER OTRO ELEMENTO DISTRACTOR).",COLISION,AUTOMOVIL,3,0,0,0,0,0,0,0,0,0,0,0,0,3,35,HOMBRE,ILESO,CONDUCTOR PRESENTE,NO,NO,0
13097,40753,40754,2018,0,0,-0.226735,-78.490635,PICHINCHA,QUITO,QUITO,URBANA,2018-06-21,10:40:00,10,JUEVES,4,JUNIO,6,NO,"CONDUCE BAJO LA INFLUENCIA DE ALCOHOL, SUSTANCIAS ESTUPEFACIENTES O PSICOTROPICAS Y/O MEDICAMENTOS.",ROZAMIENTOS,CAMIONETA,1,0,0,0,1,0,0,0,0,0,0,0,0,2,55,HOMBRE,ILESO,CONDUCTOR PRESENTE,NO,NO,0
13098,40754,40755,2018,1,0,-0.201382,-78.490311,PICHINCHA,QUITO,QUITO,URBANA,2018-06-21,11:45:00,11,JUEVES,4,JUNIO,6,NO,PEATON QUE CRUZA LA CALZADA SIN RESPETAR LA SENIALIZACION EXISTENTE (SEMAFOROS O SENIALES MANUALES).,ATROPELLOS,AUTOMOVIL,1,0,0,0,0,0,0,0,0,0,0,0,0,1,53,MUJER,LESIONADO,PEATON,NO,NO,0
13099,40755,40756,2018,0,0,-0.193662,-78.483031,PICHINCHA,QUITO,QUITO,URBANA,2018-06-21,11:50:00,11,JUEVES,4,JUNIO,6,NO,NO GUARDAR LA DISTANCIA LATERAL MINIMA DE SEGURIDAD ENTRE VEHICULOS.,CHOQUE LATERAL,AUTOMOVIL,2,0,0,0,0,0,0,0,0,0,0,0,0,2,46,MUJER,ILESO,CONDUCTOR PRESENTE,NO,NO,0
13100,40760,40761,2018,1,0,-0.172273,-78.490757,PICHINCHA,QUITO,QUITO,URBANA,2018-06-21,13:30:00,13,JUEVES,4,JUNIO,6,NO,NO MANTENER LA DISTANCIA PRUDENCIAL CON RESPECTO AL VEHICULO QUE LE ANTECEDE.,CHOQUE POSTERIOR,NO IDENTIFICADO,0,0,0,0,0,0,0,0,0,1,0,0,0,1,-1,MUJER,LESIONADO,PASAJERO,NO,NO,0
13101,40762,40763,2018,1,0,-0.217821,-78.491416,PICHINCHA,QUITO,QUITO,URBANA,2018-06-21,14:10:00,14,JUEVES,4,JUNIO,6,NO,NO TRANSITAR POR LAS ACERAS O ZONAS DE SEGURIDAD DESTINADAS PARA EL EFECTO.,ATROPELLOS,MOTOCICLETA,0,0,0,0,0,0,0,0,1,0,0,0,0,1,37,MUJER,LESIONADO,PEATON,NO,NO,0
13102,40765,40766,2018,0,0,-0.198651,-78.484369,PICHINCHA,QUITO,QUITO,URBANA,2018-06-21,15:00:00,15,JUEVES,4,JUNIO,6,NO,NO GUARDAR LA DISTANCIA LATERAL MINIMA DE SEGURIDAD ENTRE VEHICULOS.,ROZAMIENTOS,AUTOMOVIL,2,0,0,0,0,0,0,0,0,0,0,0,0,2,51,HOMBRE,ILESO,CONDUCTOR PRESENTE,NO,NO,0
13103,40769,40770,2018,2,0,-0.201438,-78.488095,PICHINCHA,QUITO,QUITO,URBANA,2018-06-21,16:03:00,16,JUEVES,4,JUNIO,6,NO,NO CEDER EL DERECHO DE VIA O PREFERENCIA DE PASO A VEHICULOS.,ESTRELLAMIENTOS,AUTOMOVIL,2,0,0,0,0,0,0,0,0,0,0,0,0,2,52,HOMBRE,LESIONADO,CONDUCTOR PRESENTE,NO,NO,0
13104,40770,40771,2018,0,0,-0.283154,-78.543938,PICHINCHA,QUITO,QUITO,URBANA,2018-06-21,16:30:00,16,JUEVES,4,JUNIO,6,NO,NO GUARDAR LA DISTANCIA LATERAL MINIMA DE SEGURIDAD ENTRE VEHICULOS.,CHOQUE LATERAL,AUTOMOVIL,1,0,0,0,0,0,0,0,0,0,0,0,0,1,34,MUJER,ILESO,CONDUCTOR PRESENTE,NO,NO,0
13105,40771,40772,2018,1,0,-0.251897,-78.302385,PICHINCHA,QUITO,PIFO,URBANA,2018-06-21,17:15:00,17,JUEVES,4,JUNIO,6,NO,"CONDUCIR DESATENTO A LAS CONDICIONES DE TRANSITO (CELULAR, PANTALLAS DE VIDEO, COMIDA, MAQUILLAJE O CUALQUIER OTRO ELEMENTO DISTRACTOR).",PERDIDA DE CARRIL,CAMION,0,0,0,1,0,0,0,0,0,0,0,0,0,1,45,HOMBRE,LESIONADO,CONDUCTOR PRESENTE,NO,NO,0
13106,40774,40775,2018,1,0,-0.153303,-78.484482,PICHINCHA,QUITO,QUITO,URBANA,2018-06-21,18:05:00,18,JUEVES,4,JUNIO,6,NO,"CONDUCIR DESATENTO A LAS CONDICIONES DE TRANSITO (CELULAR, PANTALLAS DE VIDEO, COMIDA, MAQUILLAJE O CUALQUIER OTRO ELEMENTO DISTRACTOR).",ARROLLAMIENTOS,BUS,0,0,1,0,0,0,0,0,0,0,0,0,0,1,22,HOMBRE,LESIONADO,PEATON,NO,NO,0
13107,40777,40778,2018,0,0,-0.153787,-78.488495,PICHINCHA,QUITO,QUITO,URBANA,2018-06-21,19:10:00,19,JUEVES,4,JUNIO,6,NO,NO MANTENER LA DISTANCIA PRUDENCIAL CON RESPECTO AL VEHICULO QUE LE ANTECEDE.,COLISION,AUTOMOVIL,2,0,1,0,0,0,0,0,0,0,0,0,0,3,58,MUJER,ILESO,CONDUCTOR PRESENTE,NO,NO,0
13108,40781,40782,2018,0,0,-0.236539,-78.527472,PICHINCHA,QUITO,QUITO,URBANA,2018-06-21,19:35:00,19,JUEVES,4,JUNIO,6,NO,NO MANTENER LA DISTANCIA PRUDENCIAL CON RESPECTO AL VEHICULO QUE LE ANTECEDE.,CHOQUE POSTERIOR,AUTOMOVIL,2,0,0,0,0,0,0,0,0,0,0,0,0,2,29,HOMBRE,ILESO,CONDUCTOR PRESENTE,NO,NO,0
13109,40786,40787,2018,0,0,-0.386488,-78.511224,PICHINCHA,QUITO,AMAGUANIA,URBANA,2018-06-21,23:45:00,23,JUEVES,4,JUNIO,6,NO,NO MANTENER LA DISTANCIA PRUDENCIAL CON RESPECTO AL VEHICULO QUE LE ANTECEDE.,CHOQUE POSTERIOR,CAMION,0,0,0,2,0,0,0,0,0,0,0,0,0,2,56,HOMBRE,ILESO,CONDUCTOR PRESENTE,NO,NO,0
13110,40790,40791,2018,0,0,-0.139547,-78.473708,PICHINCHA,QUITO,QUITO,URBANA,2018-06-22,01:45:00,1,VIERNES,5,JUNIO,6,NO,CONDUCIR VEHICULO SUPERANDO LOS LIMITES MAXIMOS DE VELOCIDAD.,ESTRELLAMIENTOS,AUTOMOVIL,1,0,0,0,0,0,0,0,0,0,0,0,0,1,-1,NO IDENTIFICADO,NO IDENTIFICADO,CONDUCTOR AUSENTE,NO,NO,2
13111,40793,40794,2018,2,0,-0.198771,-78.486509,PICHINCHA,QUITO,QUITO,URBANA,2018-06-22,03:15:00,3,VIERNES,5,JUNIO,6,NO,"CONDUCE BAJO LA INFLUENCIA DE ALCOHOL, SUSTANCIAS ESTUPEFACIENTES O PSICOTROPICAS Y/O MEDICAMENTOS.",ESTRELLAMIENTOS,AUTOMOVIL,2,0,0,0,0,0,0,0,0,0,0,0,0,2,37,HOMBRE,LESIONADO,CONDUCTOR PRESENTE,NO,NO,0
13112,40795,40796,2018,1,0,-0.237685,-78.484591,PICHINCHA,QUITO,QUITO,URBANA,2018-06-22,04:30:00,4,VIERNES,5,JUNIO,6,NO,CONDUCIR VEHICULO SUPERANDO LOS LIMITES MAXIMOS DE VELOCIDAD.,ESTRELLAMIENTOS,MOTOCICLETA,0,0,0,0,0,0,0,0,1,0,0,0,0,1,30,HOMBRE,LESIONADO,CONDUCTOR PRESENTE,NO,NO,0
13113,40803,40804,2018,2,0,-0.190933,-78.480366,PICHINCHA,QUITO,QUITO,URBANA,2018-06-22,10:45:00,10,VIERNES,5,JUNIO,6,NO,NO GUARDAR LA DISTANCIA LATERAL MINIMA DE SEGURIDAD ENTRE VEHICULOS.,CHOQUE LATERAL,CAMIONETA,0,0,0,0,1,0,0,0,1,0,0,0,0,2,28,MUJER,LESIONADO,CONDUCTOR PRESENTE,NO,NO,0
13114,40811,40812,2018,1,0,-0.247146,-78.535093,PICHINCHA,QUITO,QUITO,URBANA,2018-06-22,13:30:00,13,VIERNES,5,JUNIO,6,NO,NO TRANSITAR POR LAS ACERAS O ZONAS DE SEGURIDAD DESTINADAS PARA EL EFECTO.,ATROPELLOS,MOTOCICLETA,0,0,0,0,0,0,0,0,1,0,0,0,0,1,67,MUJER,LESIONADO,PEATON,NO,NO,0
13115,40817,40818,2018,0,0,-0.217989,-78.508741,PICHINCHA,QUITO,QUITO,URBANA,2018-06-22,15:58:00,15,VIERNES,5,JUNIO,6,NO,"CONDUCE BAJO LA INFLUENCIA DE ALCOHOL, SUSTANCIAS ESTUPEFACIENTES O PSICOTROPICAS Y/O MEDICAMENTOS.",ROZAMIENTOS,AUTOMOVIL,1,0,0,0,1,0,0,0,0,0,0,0,0,2,40,HOMBRE,ILESO,CONDUCTOR PRESENTE,NO,NO,0
13116,40820,40821,2018,1,0,-0.067964,-78.399418,PICHINCHA,QUITO,CALDERON (CARAPUNGO),URBANA,2018-06-22,16:20:00,16,VIERNES,5,JUNIO,6,NO,CONDUCIR VEHICULO SUPERANDO LOS LIMITES MAXIMOS DE VELOCIDAD.,CHOQUE FRONTAL,MOTOCICLETA,0,0,0,1,0,0,0,0,1,0,0,0,0,2,40,HOMBRE,LESIONADO,CONDUCTOR PRESENTE,NO,NO,0
13117,40821,40822,2018,1,0,0.054615,-78.937351,PICHINCHA,SAN MIGUEL DE LOS BANCOS,SAN MIGUEL DE LOS BANCOS,RURAL,2018-06-22,16:30:00,16,VIERNES,5,JUNIO,6,NO,MALAS CONDICIONES DE LA VIA Y/O CONFIGURACION. (ILUMINACION Y DISENIO).,PERDIDA DE CARRIL,VEHICULO DEPORTIVO UTILITARIO,0,0,0,0,0,0,0,0,0,0,0,0,1,1,56,MUJER,LESIONADO,PASAJERO,NO,NO,3
13118,40826,40827,2018,0,0,-0.212108,-78.387754,PICHINCHA,QUITO,TUMBACO,URBANA,2018-06-22,18:15:00,18,VIERNES,5,JUNIO,6,NO,"CONDUCIR DESATENTO A LAS CONDICIONES DE TRANSITO (CELULAR, PANTALLAS DE VIDEO, COMIDA, MAQUILLAJE O CUALQUIER OTRO ELEMENTO DISTRACTOR).",ESTRELLAMIENTOS,AUTOMOVIL,1,0,0,0,0,0,0,0,0,0,0,0,0,1,-1,NO IDENTIFICADO,NO IDENTIFICADO,CONDUCTOR AUSENTE,NO,NO,2
13119,40827,40828,2018,0,0,-0.212824,-78.402686,PICHINCHA,QUITO,TUMBACO,URBANA,2018-06-22,18:15:00,18,VIERNES,5,JUNIO,6,NO,NO GUARDAR LA DISTANCIA LATERAL MINIMA DE SEGURIDAD ENTRE VEHICULOS.,CHOQUE LATERAL,AUTOMOVIL,2,0,0,0,0,0,0,0,0,0,0,0,0,2,41,MUJER,ILESO,CONDUCTOR PRESENTE,NO,NO,0
13120,40829,40830,2018,1,0,-0.268312,-78.528338,PICHINCHA,QUITO,QUITO,URBANA,2018-06-22,18:45:00,18,VIERNES,5,JUNIO,6,NO,CONDUCIR VEHICULO SUPERANDO LOS LIMITES MAXIMOS DE VELOCIDAD.,ATROPELLOS,NO IDENTIFICADO,0,0,0,0,0,0,0,0,0,1,0,0,0,1,72,MUJER,LESIONADO,PEATON,NO,NO,0
13121,40833,40834,2018,2,0,-0.231106,-78.524834,PICHINCHA,QUITO,QUITO,URBANA,2018-06-22,19:30:00,19,VIERNES,5,JUNIO,6,NO,"CONDUCE BAJO LA INFLUENCIA DE ALCOHOL, SUSTANCIAS ESTUPEFACIENTES O PSICOTROPICAS Y/O MEDICAMENTOS.",CHOQUE LATERAL,CAMIONETA,0,0,0,0,1,0,0,0,1,0,0,0,0,2,23,HOMBRE,LESIONADO,CONDUCTOR PRESENTE,NO,NO,0
13122,40836,40837,2018,0,0,-0.343421,-78.562592,PICHINCHA,QUITO,QUITO,URBANA,2018-06-22,20:15:00,20,VIERNES,5,JUNIO,6,NO,NO GUARDAR LA DISTANCIA LATERAL MINIMA DE SEGURIDAD ENTRE VEHICULOS.,CHOQUE LATERAL,MOTOCICLETA,0,0,0,0,0,0,0,0,1,1,0,0,0,2,20,HOMBRE,ILESO,CONDUCTOR PRESENTE,NO,NO,0
13123,40841,40842,2018,1,0,-0.207363,-78.512547,PICHINCHA,QUITO,QUITO,URBANA,2018-06-22,22:20:00,22,VIERNES,5,JUNIO,6,NO,"CONDUCIR DESATENTO A LAS CONDICIONES DE TRANSITO (CELULAR, PANTALLAS DE VIDEO, COMIDA, MAQUILLAJE O CUALQUIER OTRO ELEMENTO DISTRACTOR).",ESTRELLAMIENTOS,MOTOCICLETA,0,0,0,0,0,0,0,0,1,0,0,0,0,1,24,HOMBRE,LESIONADO,CONDUCTOR PRESENTE,NO,NO,0
13124,40843,40844,2018,0,0,-0.299432,-78.559038,PICHINCHA,QUITO,QUITO,URBANA,2018-06-22,23:00:00,23,VIERNES,5,JUNIO,6,NO,NO GUARDAR LA DISTANCIA LATERAL MINIMA DE SEGURIDAD ENTRE VEHICULOS.,CHOQUE LATERAL,AUTOMOVIL,2,0,0,0,0,0,0,0,0,0,0,0,0,2,38,HOMBRE,ILESO,CONDUCTOR PRESENTE,NO,NO,0
13125,40848,40849,2018,1,0,-0.163294,-78.462564,PICHINCHA,QUITO,QUITO,URBANA,2018-06-22,23:47:00,23,VIERNES,5,JUNIO,6,NO,"CONDUCIR EN ESTADO DE SOMNOLENCIA O MALAS CONDICIONES FISICAS (SUENIO, CANSANCIO Y FATIGA).",VOLCAMIENTOS,MOTOCICLETA,0,0,0,0,0,0,0,0,1,0,0,0,0,1,29,HOMBRE,LESIONADO,PASAJERO,NO,NO,0
13126,40850,40851,2018,0,0,-0.205371,-78.487854,PICHINCHA,QUITO,QUITO,URBANA,2018-06-23,00:40:00,0,SABADO,6,JUNIO,6,NO,"NO RESPETAR LAS SENIALES REGLAMENTARIAS DE TRANSITO. (PARE, CEDA EL PASO, LUZ ROJA DEL SEMAFORO, ETC).",CHOQUE LATERAL,AUTOMOVIL,2,0,0,0,0,0,0,0,0,0,0,0,0,2,20,HOMBRE,ILESO,CONDUCTOR PRESENTE,NO,NO,0
13127,40855,40856,2018,0,0,-0.164073,-78.463098,PICHINCHA,QUITO,QUITO,URBANA,2018-06-23,01:40:00,1,SABADO,6,JUNIO,6,NO,"CONDUCIR EN ESTADO DE SOMNOLENCIA O MALAS CONDICIONES FISICAS (SUENIO, CANSANCIO Y FATIGA).",ESTRELLAMIENTOS,AUTOMOVIL,1,0,0,0,0,0,0,0,0,0,0,0,0,1,-1,NO IDENTIFICADO,NO IDENTIFICADO,CONDUCTOR AUSENTE,NO,NO,2
13128,40856,40857,2018,1,0,-0.242475,-78.487487,PICHINCHA,QUITO,QUITO,URBANA,2018-06-23,01:40:00,1,SABADO,6,JUNIO,6,NO,"CONDUCIR EN ESTADO DE SOMNOLENCIA O MALAS CONDICIONES FISICAS (SUENIO, CANSANCIO Y FATIGA).",ESTRELLAMIENTOS,AUTOMOVIL,1,0,0,0,0,0,0,0,0,0,0,0,0,1,40,MUJER,LESIONADO,PASAJERO,NO,NO,0
13129,40857,40858,2018,2,0,-0.188919,-78.482613,PICHINCHA,QUITO,QUITO,URBANA,2018-06-23,01:45:00,1,SABADO,6,JUNIO,6,NO,"NO RESPETAR LAS SENIALES REGLAMENTARIAS DE TRANSITO. (PARE, CEDA EL PASO, LUZ ROJA DEL SEMAFORO, ETC).",CHOQUE LATERAL,AUTOMOVIL,2,0,0,0,0,0,0,0,0,0,0,0,0,2,32,MUJER,LESIONADO,PASAJERO,NO,NO,0
13130,40858,40859,2018,0,0,-0.183763,-78.497219,PICHINCHA,QUITO,QUITO,URBANA,2018-06-23,02:10:00,2,SABADO,6,JUNIO,6,NO,CONDUCIR VEHICULO SUPERANDO LOS LIMITES MAXIMOS DE VELOCIDAD.,ESTRELLAMIENTOS,AUTOMOVIL,1,0,0,0,0,0,0,0,0,0,0,0,0,1,-1,NO IDENTIFICADO,NO IDENTIFICADO,CONDUCTOR AUSENTE,NO,NO,2
13131,40860,40861,2018,2,0,-0.154071,-78.492034,PICHINCHA,QUITO,QUITO,URBANA,2018-06-23,02:15:00,2,SABADO,6,JUNIO,6,NO,"CONDUCE BAJO LA INFLUENCIA DE ALCOHOL, SUSTANCIAS ESTUPEFACIENTES O PSICOTROPICAS Y/O MEDICAMENTOS.",CHOQUE FRONTAL,AUTOMOVIL,1,0,0,0,0,0,0,0,1,0,0,0,0,2,35,HOMBRE,LESIONADO,CONDUCTOR PRESENTE,NO,NO,0
13132,40862,40863,2018,0,0,-0.095827,-78.468528,PICHINCHA,QUITO,QUITO,URBANA,2018-06-23,03:00:00,3,SABADO,6,JUNIO,6,NO,REALIZAR CAMBIO BRUSCO O INDEBIDO DE CARRIL.,ESTRELLAMIENTOS,AUTOMOVIL,1,0,0,0,0,0,0,0,0,0,0,0,0,1,-1,NO IDENTIFICADO,NO IDENTIFICADO,CONDUCTOR AUSENTE,NO,NO,2
13133,40863,40864,2018,0,0,-0.006399,-78.449529,PICHINCHA,QUITO,SAN ANTONIO (QUITO),URBANA,2018-06-23,03:40:00,3,SABADO,6,JUNIO,6,NO,CONDUCIR VEHICULO SUPERANDO LOS LIMITES MAXIMOS DE VELOCIDAD.,OTROS,AUTOMOVIL,1,0,0,0,0,0,0,0,0,0,0,0,1,2,22,HOMBRE,ILESO,CONDUCTOR PRESENTE,NO,NO,0
13134,40865,40866,2018,0,0,-0.212982,-78.492137,PICHINCHA,QUITO,QUITO,URBANA,2018-06-23,05:00:00,5,SABADO,6,JUNIO,6,NO,CONDUCIR VEHICULO SUPERANDO LOS LIMITES MAXIMOS DE VELOCIDAD.,ESTRELLAMIENTOS,AUTOMOVIL,1,0,0,0,0,0,0,0,0,0,0,0,0,1,23,HOMBRE,ILESO,CONDUCTOR PRESENTE,NO,NO,0
13135,40866,40867,2018,0,0,-0.210533,-78.382613,PICHINCHA,QUITO,TUMBACO,URBANA,2018-06-23,05:15:00,5,SABADO,6,JUNIO,6,NO,CONDUCIR VEHICULO SUPERANDO LOS LIMITES MAXIMOS DE VELOCIDAD.,ESTRELLAMIENTOS,CAMIONETA,0,0,0,0,1,0,0,0,0,0,0,0,0,1,-1,NO IDENTIFICADO,NO IDENTIFICADO,CONDUCTOR AUSENTE,NO,NO,2
13136,40867,40868,2018,0,0,-0.189987,-78.454053,PICHINCHA,QUITO,NAYON,URBANA,2018-06-23,05:33:00,5,SABADO,6,JUNIO,6,NO,MALAS CONDICIONES DE LA VIA Y/O CONFIGURACION. (ILUMINACION Y DISENIO).,CHOQUE LATERAL,AUTOMOVIL,1,0,0,0,1,0,0,0,0,0,0,0,0,2,58,HOMBRE,ILESO,CONDUCTOR PRESENTE,NO,NO,0
13137,40870,40871,2018,0,0,-0.224383,-78.496888,PICHINCHA,QUITO,QUITO,URBANA,2018-06-23,07:15:00,7,SABADO,6,JUNIO,6,NO,"CONDUCIR DESATENTO A LAS CONDICIONES DE TRANSITO (CELULAR, PANTALLAS DE VIDEO, COMIDA, MAQUILLAJE O CUALQUIER OTRO ELEMENTO DISTRACTOR).",COLISION,AUTOMOVIL,3,0,0,0,0,0,0,0,0,0,0,0,0,3,25,HOMBRE,ILESO,CONDUCTOR PRESENTE,NO,NO,0
13138,40871,40872,2018,1,0,-0.161208,-78.495838,PICHINCHA,QUITO,QUITO,URBANA,2018-06-23,08:15:00,8,SABADO,6,JUNIO,6,NO,MALAS CONDICIONES DE LA VIA Y/O CONFIGURACION. (ILUMINACION Y DISENIO).,PERDIDA DE PISTA,MOTOCICLETA,0,0,0,0,0,0,0,0,1,0,0,0,0,1,24,HOMBRE,LESIONADO,CONDUCTOR PRESENTE,NO,NO,0
13139,40872,40873,2018,0,0,-0.078492,-78.420307,PICHINCHA,QUITO,CALDERON (CARAPUNGO),URBANA,2018-06-23,08:15:00,8,SABADO,6,JUNIO,6,NO,"NO RESPETAR LAS SENIALES REGLAMENTARIAS DE TRANSITO. (PARE, CEDA EL PASO, LUZ ROJA DEL SEMAFORO, ETC).",CHOQUE LATERAL,AUTOMOVIL,2,0,0,0,0,0,0,0,0,0,0,0,0,2,40,MUJER,ILESO,CONDUCTOR PRESENTE,NO,NO,0
13140,40875,40876,2018,1,0,-0.242475,-78.497488,PICHINCHA,QUITO,QUITO,URBANA,2018-06-23,09:27:00,9,SABADO,6,JUNIO,6,NO,REALIZAR CAMBIO BRUSCO O INDEBIDO DE CARRIL.,CHOQUE LATERAL,MOTOCICLETA,0,0,0,0,0,0,0,0,1,1,0,0,0,2,19,HOMBRE,LESIONADO,CONDUCTOR PRESENTE,NO,NO,0
13141,40879,40880,2018,1,0,-0.089881,-78.517157,PICHINCHA,QUITO,QUITO,URBANA,2018-06-23,11:12:00,11,SABADO,6,JUNIO,6,NO,PEATON QUE CRUZA LA CALZADA SIN RESPETAR LA SENIALIZACION EXISTENTE (SEMAFOROS O SENIALES MANUALES).,ATROPELLOS,NO IDENTIFICADO,0,0,0,0,0,0,0,0,0,1,0,0,0,1,20,MUJER,LESIONADO,PEATON,NO,NO,0
13142,40880,40881,2018,0,0,-0.313353,-78.548139,PICHINCHA,QUITO,QUITO,URBANA,2018-06-23,11:15:00,11,SABADO,6,JUNIO,6,NO,NO MANTENER LA DISTANCIA PRUDENCIAL CON RESPECTO AL VEHICULO QUE LE ANTECEDE.,CHOQUE POSTERIOR,AUTOMOVIL,1,0,1,0,0,0,0,0,0,0,0,0,0,2,41,HOMBRE,ILESO,CONDUCTOR PRESENTE,NO,NO,0