,Unnamed: 0,ID,ANIO,LESIONADOS,FALLECIDOS,LATITUD_Y,LONGITUD_X,PROVINCIA,CANTON,PARROQUIA,ZONA,FECHA,HORA,PERIODO_2,DIA_1,DIA_2,MES_1,MES_2,FERIADO,CAUSA_PROBABLE,TIPO_DE_SINIESTRO,TIPO_DE_VEHICULO_1,AUTOMOVIL,BICICLETA,BUS,CAMION,CAMIONETA,EMERGENCIAS,ESPECIAL,FURGONETA,MOTOCICLETA,NO_IDENTIFICADO,SCOOTER_ELECTRICO,TRICIMOTO,VEHICULO_DEPORTIVO_UTILITARIO,SUMA_DE_VEHICULOS,EDAD_1,SEXO_1,CONDICION_1,PARTICIPANTE_1,CASCO_1,CINTURON_1,KMeans_Cluster
13201,41078,41079,2018,2,0,-0.212824,-78.402686,PICHINCHA,QUITO,TUMBACO,URBANA,2018-06-25,19:15:00,19,LUNES,1,JUNIO,6,NO,NO GUARDAR LA DISTANCIA LATERAL MINIMA DE SEGURIDAD ENTRE VEHICULOS.,CHOQUE LATERAL,MOTOCICLETA,0,0,0,0,0,0,0,0,1,0,0,0,0,1,52,HOMBRE,LESIONADO,CONDUCTOR PRESENTE,NO,NO,0
13202,41082,41083,2018,0,0,-0.056741,-78.354356,PICHINCHA,QUITO,GUAYLLABAMBA,RURAL,2018-06-25,20:50:00,20,LUNES,1,JUNIO,6,NO,NO GUARDAR LA DISTANCIA LATERAL MINIMA DE SEGURIDAD ENTRE VEHICULOS.,CHOQUE LATERAL,AUTOMOVIL,1,0,0,0,0,0,0,0,0,0,0,0,1,2,28,HOMBRE,ILESO,CONDUCTOR PRESENTE,NO,NO,3
13203,41096,41097,2018,0,0,-0.214643,-78.516701,PICHINCHA,QUITO,QUITO,URBANA,2018-06-26,00:10:00,0,MARTES,2,JUNIO,6,NO,"CASO FORTUITO O FUERZA MAYOR (EXPLOSION DE NEUMATICO NUEVO, DERRUMBE, INUNDACION, CAIDA DE PUENTE, ARBOL, PRESENCIA INTEMPESTIVA E IMPREVISTA DE SEMOVIENTES EN LA VIA, ETC.).",CHOQUE LATERAL,AUTOMOVIL,2,0,0,0,0,0,0,0,0,0,0,0,0,2,30,HOMBRE,ILESO,CONDUCTOR PRESENTE,NO,NO,0
13204,41099,41100,2018,0,0,-0.061367,-78.359302,PICHINCHA,QUITO,GUAYLLABAMBA,RURAL,2018-06-26,04:30:00,4,MARTES,2,JUNIO,6,NO,"CONDUCIR DESATENTO A LAS CONDICIONES DE TRANSITO (CELULAR, PANTALLAS DE VIDEO, COMIDA, MAQUILLAJE O CUALQUIER OTRO ELEMENTO DISTRACTOR).",PERDIDA DE CARRIL,CAMIONETA,0,0,0,0,1,0,0,0,0,0,0,0,0,1,37,HOMBRE,ILESO,CONDUCTOR PRESENTE,NO,NO,3
13205,41101,41102,2018,1,0,-0.150405,-78.484129,PICHINCHA,QUITO,QUITO,URBANA,2018-06-26,06:20:00,6,MARTES,2,JUNIO,6,NO,"NO RESPETAR LAS SENIALES REGLAMENTARIAS DE TRANSITO. (PARE, CEDA EL PASO, LUZ ROJA DEL SEMAFORO, ETC).",CHOQUE LATERAL,CAMIONETA,0,0,0,0,1,0,0,0,1,0,0,0,0,2,26,MUJER,LESIONADO,CONDUCTOR PRESENTE,NO,NO,0
13206,41108,41109,2018,1,0,-0.320421,-78.573616,PICHINCHA,QUITO,QUITO,URBANA,2018-06-26,07:52:00,7,MARTES,2,JUNIO,6,NO,NO GUARDAR LA DISTANCIA LATERAL MINIMA DE SEGURIDAD ENTRE VEHICULOS.,ROZAMIENTOS,MOTOCICLETA,0,0,0,0,1,0,0,0,1,0,0,0,0,2,21,HOMBRE,LESIONADO,CONDUCTOR PRESENTE,NO,NO,0
13207,41109,41110,2018,0,0,-0.111161,-78.468419,PICHINCHA,QUITO,QUITO,URBANA,2018-06-26,08:00:00,8,MARTES,2,JUNIO,6,NO,"NO RESPETAR LAS SENIALES REGLAMENTARIAS DE TRANSITO. (PARE, CEDA EL PASO, LUZ ROJA DEL SEMAFORO, ETC).",CHOQUE POSTERIOR,CAMION,1,0,0,1,0,0,0,0,0,0,0,0,0,2,37,HOMBRE,ILESO,CONDUCTOR PRESENTE,NO,NO,0
13208,41114,41115,2018,0,0,-0.155782,-78.488513,PICHINCHA,QUITO,QUITO,URBANA,2018-06-26,09:05:00,9,MARTES,2,JUNIO,6,NO,"NO RESPETAR LAS SENIALES REGLAMENTARIAS DE TRANSITO. (PARE, CEDA EL PASO, LUZ ROJA DEL SEMAFORO, ETC).",ESTRELLAMIENTOS,AUTOMOVIL,3,0,0,0,0,0,0,0,0,0,0,0,0,3,42,HOMBRE,ILESO,CONDUCTOR PRESENTE,NO,NO,0
13209,41119,41120,2018,1,0,-0.333051,-78.519698,PICHINCHA,QUITO,QUITO,URBANA,2018-06-26,10:10:00,10,MARTES,2,JUNIO,6,NO,CONDUCIR VEHICULO SUPERANDO LOS LIMITES MAXIMOS DE VELOCIDAD.,ESTRELLAMIENTOS,AUTOMOVIL,1,0,0,1,0,0,0,0,0,0,0,0,0,2,30,HOMBRE,LESIONADO,CONDUCTOR PRESENTE,NO,NO,0
13210,41120,41121,2018,6,0,-0.112539,-78.479121,PICHINCHA,QUITO,QUITO,URBANA,2018-06-26,10:35:00,10,MARTES,2,JUNIO,6,NO,"FALLA MECANICA EN LOS SISTEMAS Y/O NEUMATICOS (SISTEMA DE FRENOS, DIRECCION, ELECTRONICO O MECANICO).",OTROS,CAMION,2,0,0,2,0,0,0,0,1,0,0,0,0,5,32,HOMBRE,LESIONADO,CONDUCTOR PRESENTE,NO,NO,0
13211,41123,41124,2018,0,0,-0.219729,-78.509872,PICHINCHA,QUITO,QUITO,URBANA,2018-06-26,11:39:00,11,MARTES,2,JUNIO,6,NO,"NO RESPETAR LAS SENIALES REGLAMENTARIAS DE TRANSITO. (PARE, CEDA EL PASO, LUZ ROJA DEL SEMAFORO, ETC).",ESTRELLAMIENTOS,NO IDENTIFICADO,0,0,0,0,0,0,0,0,0,1,0,0,0,1,-1,NO IDENTIFICADO,NO IDENTIFICADO,CONDUCTOR AUSENTE,NO,NO,2
13212,41126,41127,2018,1,0,-0.006175,-78.444364,PICHINCHA,QUITO,SAN ANTONIO (QUITO),URBANA,2018-06-26,12:13:00,12,MARTES,2,JUNIO,6,NO,"NO RESPETAR LAS SENIALES REGLAMENTARIAS DE TRANSITO. (PARE, CEDA EL PASO, LUZ ROJA DEL SEMAFORO, ETC).",CHOQUE LATERAL,AUTOMOVIL,1,1,0,0,0,0,0,0,0,0,0,0,0,2,27,MUJER,LESIONADO,CONDUCTOR PRESENTE,NO,NO,0
13213,41128,41129,2018,1,0,-0.292724,-78.476486,PICHINCHA,QUITO,CONOCOTO,URBANA,2018-06-26,13:35:00,13,MARTES,2,JUNIO,6,NO,NO CEDER EL DERECHO DE VIA O PREFERENCIA DE PASO AL PEATON.,ATROPELLOS,CAMIONETA,0,0,0,0,1,0,0,0,0,0,0,0,0,1,72,HOMBRE,LESIONADO,PEATON,NO,NO,0
13214,41132,41133,2018,0,0,-0.234215,-78.515469,PICHINCHA,QUITO,QUITO,URBANA,2018-06-26,14:45:00,14,MARTES,2,JUNIO,6,NO,CONDUCIR VEHICULO SUPERANDO LOS LIMITES MAXIMOS DE VELOCIDAD.,ESTRELLAMIENTOS,AUTOMOVIL,1,0,0,0,0,0,0,0,0,0,0,0,0,1,-1,NO IDENTIFICADO,NO IDENTIFICADO,CONDUCTOR AUSENTE,NO,NO,2
13215,41133,41134,2018,0,0,-0.234215,-78.515469,PICHINCHA,QUITO,QUITO,URBANA,2018-06-26,14:50:00,14,MARTES,2,JUNIO,6,NO,NO MANTENER LA DISTANCIA PRUDENCIAL CON RESPECTO AL VEHICULO QUE LE ANTECEDE.,COLISION,AUTOMOVIL,2,0,0,1,0,0,0,0,0,0,0,0,0,3,34,HOMBRE,ILESO,CONDUCTOR PRESENTE,NO,NO,0
13216,41134,41135,2018,2,0,-0.277624,-78.531251,PICHINCHA,QUITO,QUITO,URBANA,2018-06-26,15:00:00,15,MARTES,2,JUNIO,6,NO,CONDUCIR VEHICULO SUPERANDO LOS LIMITES MAXIMOS DE VELOCIDAD.,COLISION,BUS,1,0,1,1,0,0,0,0,0,0,0,0,0,3,75,MUJER,LESIONADO,PASAJERO,NO,NO,0
13217,41136,41137,2018,1,0,-0.172498,-78.487861,PICHINCHA,QUITO,QUITO,URBANA,2018-06-26,15:30:00,15,MARTES,2,JUNIO,6,NO,"ADELANTAR O REBASAR A OTRO VEHICULO EN MOVIMIENTO EN ZONAS O SITIOS PELIGROSOS TALES COMO: CURVAS, PUENTES, TUNELES, PENDIENTES, ETC.",PERDIDA DE PISTA,MOTOCICLETA,0,0,0,0,0,0,0,0,1,0,0,0,0,1,28,HOMBRE,LESIONADO,CONDUCTOR PRESENTE,NO,NO,0
13218,41145,41146,2018,1,0,-0.172511,-78.487728,PICHINCHA,QUITO,QUITO,URBANA,2018-06-26,17:15:00,17,MARTES,2,JUNIO,6,NO,NO MANTENER LA DISTANCIA PRUDENCIAL CON RESPECTO AL VEHICULO QUE LE ANTECEDE.,CHOQUE POSTERIOR,AUTOMOVIL,1,0,0,0,0,0,0,0,0,0,0,0,0,1,28,MUJER,LESIONADO,CONDUCTOR PRESENTE,NO,NO,0
13219,41152,41153,2018,0,0,-0.156069,-78.439391,PICHINCHA,QUITO,NAYON,URBANA,2018-06-26,19:20:00,19,MARTES,2,JUNIO,6,NO,NO MANTENER LA DISTANCIA PRUDENCIAL CON RESPECTO AL VEHICULO QUE LE ANTECEDE.,CHOQUE POSTERIOR,AUTOMOVIL,2,0,0,0,0,0,0,0,0,0,0,0,0,2,42,HOMBRE,ILESO,CONDUCTOR PRESENTE,NO,NO,0
13220,41157,41158,2018,1,1,-0.217302,-78.399421,PICHINCHA,QUITO,TUMBACO,URBANA,2018-06-26,22:30:00,22,MARTES,2,JUNIO,6,NO,"NO RESPETAR LAS SENIALES REGLAMENTARIAS DE TRANSITO. (PARE, CEDA EL PASO, LUZ ROJA DEL SEMAFORO, ETC).",CHOQUE LATERAL,AUTOMOVIL,1,0,0,0,0,0,0,0,1,0,0,0,0,2,45,HOMBRE,FALLECIDO,CONDUCTOR PRESENTE,NO,NO,0
13221,41159,41160,2018,2,0,-0.155993,-78.496834,PICHINCHA,QUITO,QUITO,URBANA,2018-06-26,23:40:00,23,MARTES,2,JUNIO,6,NO,CONDUCIR VEHICULO SUPERANDO LOS LIMITES MAXIMOS DE VELOCIDAD.,ESTRELLAMIENTOS,AUTOMOVIL,3,0,0,0,0,0,0,0,0,0,0,0,0,3,22,HOMBRE,LESIONADO,CONDUCTOR PRESENTE,NO,NO,0
13222,41160,41161,2018,1,0,-0.285559,-78.543246,PICHINCHA,QUITO,QUITO,URBANA,2018-06-27,00:15:00,0,MIERCOLES,3,JUNIO,6,NO,CONDUCIR VEHICULO SUPERANDO LOS LIMITES MAXIMOS DE VELOCIDAD.,ESTRELLAMIENTOS,MOTOCICLETA,0,0,0,0,0,0,0,0,1,0,0,0,0,1,23,HOMBRE,LESIONADO,PASAJERO,NO,NO,0
13223,41162,41163,2018,0,1,-0.051161,-78.315539,PICHINCHA,QUITO,GUAYLLABAMBA,RURAL,2018-06-27,05:40:00,5,MIERCOLES,3,JUNIO,6,NO,"CONDUCIR EN ESTADO DE SOMNOLENCIA O MALAS CONDICIONES FISICAS (SUENIO, CANSANCIO Y FATIGA).",CHOQUE FRONTAL,MOTOCICLETA,0,0,0,0,0,0,0,0,1,0,0,0,0,1,28,HOMBRE,FALLECIDO,CONDUCTOR PRESENTE,NO,NO,3
13224,41166,41167,2018,1,0,-0.177282,-78.359537,PICHINCHA,QUITO,PUEMBO,URBANA,2018-06-27,07:15:00,7,MIERCOLES,3,JUNIO,6,NO,NO GUARDAR LA DISTANCIA LATERAL MINIMA DE SEGURIDAD ENTRE VEHICULOS.,CHOQUE LATERAL,MOTOCICLETA,0,0,0,0,0,0,0,0,1,0,0,0,0,1,38,HOMBRE,LESIONADO,CONDUCTOR PRESENTE,NO,NO,0
13225,41167,41168,2018,1,0,-0.312172,-78.560373,PICHINCHA,QUITO,QUITO,URBANA,2018-06-27,08:10:00,8,MIERCOLES,3,JUNIO,6,NO,"CONDUCIR DESATENTO A LAS CONDICIONES DE TRANSITO (CELULAR, PANTALLAS DE VIDEO, COMIDA, MAQUILLAJE O CUALQUIER OTRO ELEMENTO DISTRACTOR).",CHOQUE POSTERIOR,MOTOCICLETA,0,0,0,0,0,0,0,0,1,0,0,0,0,1,25,HOMBRE,LESIONADO,CONDUCTOR PRESENTE,NO,NO,0
13226,41168,41169,2018,2,0,-0.212321,-78.496995,PICHINCHA,QUITO,QUITO,URBANA,2018-06-27,08:25:00,8,MIERCOLES,3,JUNIO,6,NO,PEATON QUE CRUZA LA CALZADA SIN RESPETAR LA SENIALIZACION EXISTENTE (SEMAFOROS O SENIALES MANUALES).,ATROPELLOS,MOTOCICLETA,0,0,0,0,0,0,0,0,1,0,0,0,0,1,21,HOMBRE,LESIONADO,CONDUCTOR PRESENTE,NO,NO,0
13227,41169,41170,2018,0,0,-0.113694,-78.479276,PICHINCHA,QUITO,QUITO,URBANA,2018-06-27,08:45:00,8,MIERCOLES,3,JUNIO,6,NO,NO MANTENER LA DISTANCIA PRUDENCIAL CON RESPECTO AL VEHICULO QUE LE ANTECEDE.,CHOQUE POSTERIOR,AUTOMOVIL,2,0,0,0,0,0,0,0,0,0,0,0,0,2,39,HOMBRE,ILESO,CONDUCTOR PRESENTE,NO,NO,0
13228,41170,41171,2018,0,0,-0.158058,-78.475354,PICHINCHA,QUITO,QUITO,URBANA,2018-06-27,08:53:00,8,MIERCOLES,3,JUNIO,6,NO,CONDUCIR VEHICULO SUPERANDO LOS LIMITES MAXIMOS DE VELOCIDAD.,ESTRELLAMIENTOS,AUTOMOVIL,1,0,0,0,0,0,0,0,0,0,0,0,0,1,32,MUJER,ILESO,CONDUCTOR PRESENTE,NO,NO,0
13229,41171,41172,2018,0,0,-0.084814,-78.449497,PICHINCHA,QUITO,CALDERON (CARAPUNGO),URBANA,2018-06-27,09:45:00,9,MIERCOLES,3,JUNIO,6,NO,CONDUCIR VEHICULO SUPERANDO LOS LIMITES MAXIMOS DE VELOCIDAD.,ESTRELLAMIENTOS,FURGONETA,0,0,0,0,0,0,0,1,0,0,0,0,0,1,-1,NO IDENTIFICADO,NO IDENTIFICADO,CONDUCTOR AUSENTE,NO,NO,2
13230,41172,41173,2018,1,0,-0.410932,-78.547612,PICHINCHA,MEJIA,TAMBILLO (MEJIA),RURAL,2018-06-27,09:45:00,9,MIERCOLES,3,JUNIO,6,NO,NO TRANSITAR POR LAS ACERAS O ZONAS DE SEGURIDAD DESTINADAS PARA EL EFECTO.,ATROPELLOS,CAMION,0,0,0,1,0,0,0,0,0,0,0,0,0,1,87,HOMBRE,LESIONADO,PEATON,NO,NO,3
13231,41177,41178,2018,1,0,-0.289041,-78.565444,PICHINCHA,QUITO,QUITO,URBANA,2018-06-27,11:25:00,11,MIERCOLES,3,JUNIO,6,NO,NO CEDER EL DERECHO DE VIA O PREFERENCIA DE PASO A VEHICULOS.,CHOQUE LATERAL,AUTOMOVIL,1,0,0,0,0,0,0,0,0,1,0,0,0,2,50,MUJER,LESIONADO,PASAJERO,NO,NO,0
13232,41180,41181,2018,0,0,-0.187808,-78.443336,PICHINCHA,QUITO,NAYON,URBANA,2018-06-27,12:30:00,12,MIERCOLES,3,JUNIO,6,NO,"CONDUCIR DESATENTO A LAS CONDICIONES DE TRANSITO (CELULAR, PANTALLAS DE VIDEO, COMIDA, MAQUILLAJE O CUALQUIER OTRO ELEMENTO DISTRACTOR).",OTROS,CAMION,0,0,0,1,0,0,0,0,0,0,0,0,0,1,68,HOMBRE,ILESO,CONDUCTOR PRESENTE,NO,NO,0
13233,41184,41185,2018,1,0,-0.114575,-78.495712,PICHINCHA,QUITO,QUITO,URBANA,2018-06-27,15:00:00,15,MIERCOLES,3,JUNIO,6,NO,CONDUCIR VEHICULO SUPERANDO LOS LIMITES MAXIMOS DE VELOCIDAD.,CHOQUE LATERAL,MOTOCICLETA,0,0,0,0,0,0,0,0,1,0,0,0,0,1,21,HOMBRE,LESIONADO,CONDUCTOR PRESENTE,NO,NO,0
13234,41186,41187,2018,0,0,-0.080781,-78.417917,PICHINCHA,QUITO,CALDERON (CARAPUNGO),URBANA,2018-06-27,15:30:00,15,MIERCOLES,3,JUNIO,6,NO,NO MANTENER LA DISTANCIA PRUDENCIAL CON RESPECTO AL VEHICULO QUE LE ANTECEDE.,CHOQUE POSTERIOR,FURGONETA,0,0,0,0,0,0,0,1,1,0,0,0,0,2,45,HOMBRE,ILESO,CONDUCTOR PRESENTE,NO,NO,0
13235,41188,41189,2018,1,0,-0.106927,-78.502463,PICHINCHA,QUITO,QUITO,URBANA,2018-06-27,16:25:00,16,MIERCOLES,3,JUNIO,6,NO,"CONDICIONES AMBIENTALES Y/O ATMOSFERICAS (NIEBLA, NEBLINA, GRANIZO, LLUVIA).",ATROPELLOS,MOTOCICLETA,0,0,0,0,0,0,0,0,1,0,0,0,0,1,17,MUJER,LESIONADO,PEATON,NO,NO,0
13236,41192,41193,2018,0,0,-0.227558,-78.507697,PICHINCHA,QUITO,QUITO,URBANA,2018-06-27,16:58:00,16,MIERCOLES,3,JUNIO,6,NO,NO MANTENER LA DISTANCIA PRUDENCIAL CON RESPECTO AL VEHICULO QUE LE ANTECEDE.,CHOQUE POSTERIOR,AUTOMOVIL,1,0,0,0,0,0,0,0,0,0,0,0,0,1,33,MUJER,ILESO,CONDUCTOR PRESENTE,NO,NO,0
13237,41196,41197,2018,0,0,-0.214578,-78.489069,PICHINCHA,QUITO,QUITO,URBANA,2018-06-27,17:50:00,17,MIERCOLES,3,JUNIO,6,NO,CONDUCIR VEHICULO SUPERANDO LOS LIMITES MAXIMOS DE VELOCIDAD.,ESTRELLAMIENTOS,BUS,0,0,1,0,0,0,0,0,1,0,0,0,0,2,31,HOMBRE,ILESO,CONDUCTOR PRESENTE,NO,NO,0
13238,41197,41198,2018,1,0,-0.185856,-78.477867,PICHINCHA,QUITO,QUITO,URBANA,2018-06-27,18:00:00,18,MIERCOLES,3,JUNIO,6,NO,CONDUCIR VEHICULO SUPERANDO LOS LIMITES MAXIMOS DE VELOCIDAD.,PERDIDA DE PISTA,MOTOCICLETA,0,0,0,0,0,0,0,0,1,0,0,0,0,1,27,HOMBRE,LESIONADO,CONDUCTOR PRESENTE,NO,NO,0
13239,41199,41200,2018,1,0,-0.291879,-78.560451,PICHINCHA,QUITO,QUITO,URBANA,2018-06-27,18:45:00,18,MIERCOLES,3,JUNIO,6,NO,PEATON QUE CRUZA LA CALZADA SIN RESPETAR LA SENIALIZACION EXISTENTE (SEMAFOROS O SENIALES MANUALES).,ATROPELLOS,MOTOCICLETA,0,0,0,0,0,0,0,0,1,0,0,0,0,1,41,HOMBRE,LESIONADO,PEATON,NO,NO,0
13240,41207,41208,2018,0,0,-0.124986,-78.484471,PICHINCHA,QUITO,QUITO,URBANA,2018-06-27,20:50:00,20,MIERCOLES,3,JUNIO,6,NO,"NO RESPETAR LAS SENIALES REGLAMENTARIAS DE TRANSITO. (PARE, CEDA EL PASO, LUZ ROJA DEL SEMAFORO, ETC).",ESTRELLAMIENTOS,AUTOMOVIL,2,0,0,0,0,0,0,0,0,0,0,0,0,2,20,HOMBRE,ILESO,CONDUCTOR PRESENTE,NO,NO,0
13241,41212,41213,2018,1,0,-0.289666,-78.550434,PICHINCHA,QUITO,QUITO,URBANA,2018-06-27,22:04:00,22,MIERCOLES,3,JUNIO,6,NO,CONDUCIR VEHICULO SUPERANDO LOS LIMITES MAXIMOS DE VELOCIDAD.,ATROPELLOS,NO IDENTIFICADO,0,0,0,0,0,0,0,0,0,1,0,0,0,1,24,HOMBRE,LESIONADO,PEATON,NO,NO,0
13242,41216,41217,2018,0,0,-0.292724,-78.476485,PICHINCHA,QUITO,CONOCOTO,URBANA,2018-06-28,02:10:00,2,JUEVES,4,JUNIO,6,NO,"CONDUCE BAJO LA INFLUENCIA DE ALCOHOL, SUSTANCIAS ESTUPEFACIENTES O PSICOTROPICAS Y/O MEDICAMENTOS.",CHOQUE LATERAL,AUTOMOVIL,1,0,0,0,1,0,0,0,0,0,0,0,0,2,27,HOMBRE,ILESO,CONDUCTOR PRESENTE,NO,NO,0
13243,41217,41218,2018,0,0,-0.116014,-78.479591,PICHINCHA,QUITO,QUITO,URBANA,2018-06-28,04:45:00,4,JUEVES,4,JUNIO,6,NO,NO MANTENER LA DISTANCIA PRUDENCIAL CON RESPECTO AL VEHICULO QUE LE ANTECEDE.,CHOQUE POSTERIOR,AUTOMOVIL,2,0,0,0,0,0,0,0,0,0,0,0,0,2,37,HOMBRE,ILESO,CONDUCTOR PRESENTE,NO,NO,0
13244,41218,41219,2018,0,0,-0.204095,-78.458079,PICHINCHA,QUITO,QUITO,URBANA,2018-06-28,05:00:00,5,JUEVES,4,JUNIO,6,NO,NO MANTENER LA DISTANCIA PRUDENCIAL CON RESPECTO AL VEHICULO QUE LE ANTECEDE.,CHOQUE POSTERIOR,CAMION,0,0,0,2,0,0,0,0,0,0,0,0,0,2,38,HOMBRE,ILESO,CONDUCTOR PRESENTE,NO,NO,0
13245,41225,41226,2018,1,0,-0.237689,-78.525561,PICHINCHA,QUITO,QUITO,URBANA,2018-06-28,09:45:00,9,JUEVES,4,JUNIO,6,NO,"CONDUCIR DESATENTO A LAS CONDICIONES DE TRANSITO (CELULAR, PANTALLAS DE VIDEO, COMIDA, MAQUILLAJE O CUALQUIER OTRO ELEMENTO DISTRACTOR).",ATROPELLOS,MOTOCICLETA,0,0,0,0,0,0,0,0,1,0,0,0,0,1,18,MUJER,LESIONADO,PEATON,NO,NO,0
13246,41228,41229,2018,1,0,-0.238521,-78.487682,PICHINCHA,QUITO,QUITO,URBANA,2018-06-28,10:55:00,10,JUEVES,4,JUNIO,6,NO,CONDUCIR VEHICULO SUPERANDO LOS LIMITES MAXIMOS DE VELOCIDAD.,ESTRELLAMIENTOS,AUTOMOVIL,1,0,0,0,0,0,0,0,0,0,0,0,0,1,47,MUJER,LESIONADO,CONDUCTOR PRESENTE,NO,NO,0
13247,41229,41230,2018,0,0,-0.243301,-78.519932,PICHINCHA,QUITO,QUITO,URBANA,2018-06-28,12:17:00,12,JUEVES,4,JUNIO,6,NO,"CONDUCIR DESATENTO A LAS CONDICIONES DE TRANSITO (CELULAR, PANTALLAS DE VIDEO, COMIDA, MAQUILLAJE O CUALQUIER OTRO ELEMENTO DISTRACTOR).",OTROS,CAMION,0,0,0,1,0,0,0,0,0,0,0,0,0,1,40,HOMBRE,ILESO,CONDUCTOR PRESENTE,NO,NO,0
13248,41231,41232,2018,1,0,-0.172431,-78.490521,PICHINCHA,QUITO,QUITO,URBANA,2018-06-28,12:40:00,12,JUEVES,4,JUNIO,6,NO,NO MANTENER LA DISTANCIA PRUDENCIAL CON RESPECTO AL VEHICULO QUE LE ANTECEDE.,CHOQUE POSTERIOR,NO IDENTIFICADO,0,0,0,0,0,0,0,0,0,1,0,0,0,1,30,MUJER,LESIONADO,PASAJERO,NO,NO,0
13249,41232,41233,2018,0,0,-0.149706,-78.503421,PICHINCHA,QUITO,QUITO,URBANA,2018-06-28,14:10:00,14,JUEVES,4,JUNIO,6,NO,"CONDUCE BAJO LA INFLUENCIA DE ALCOHOL, SUSTANCIAS ESTUPEFACIENTES O PSICOTROPICAS Y/O MEDICAMENTOS.",CHOQUE LATERAL,AUTOMOVIL,2,0,0,0,0,0,0,0,0,0,0,0,0,2,42,HOMBRE,ILESO,CONDUCTOR PRESENTE,NO,NO,0
13250,41234,41235,2018,0,0,-0.292724,-78.476486,PICHINCHA,QUITO,CONOCOTO,URBANA,2018-06-28,14:40:00,14,JUEVES,4,JUNIO,6,NO,"CONDUCIR DESATENTO A LAS CONDICIONES DE TRANSITO (CELULAR, PANTALLAS DE VIDEO, COMIDA, MAQUILLAJE O CUALQUIER OTRO ELEMENTO DISTRACTOR).",CHOQUE FRONTAL,CAMION,1,0,0,1,0,0,0,0,0,0,0,0,0,2,31,HOMBRE,ILESO,CONDUCTOR PRESENTE,NO,NO,0
13251,41236,41237,2018,1,0,-0.374194,-78.372562,PICHINCHA,QUITO,PINTAG,URBANA,2018-06-28,15:00:00,15,JUEVES,4,JUNIO,6,NO,"CONDUCIR DESATENTO A LAS CONDICIONES DE TRANSITO (CELULAR, PANTALLAS DE VIDEO, COMIDA, MAQUILLAJE O CUALQUIER OTRO ELEMENTO DISTRACTOR).",ATROPELLOS,NO IDENTIFICADO,0,0,0,0,0,0,0,0,0,1,0,0,0,1,13,HOMBRE,LESIONADO,PEATON,NO,NO,0
13252,41244,41245,2018,1,0,-0.211553,-78.422754,PICHINCHA,QUITO,TUMBACO,URBANA,2018-06-28,17:35:00,17,JUEVES,4,JUNIO,6,NO,CONDUCIR VEHICULO SUPERANDO LOS LIMITES MAXIMOS DE VELOCIDAD.,PERDIDA DE PISTA,NO IDENTIFICADO,0,0,0,0,0,0,0,0,0,1,0,0,0,1,26,HOMBRE,LESIONADO,PASAJERO,NO,NO,0
13253,41245,41246,2018,0,0,-0.207732,-78.497091,PICHINCHA,QUITO,QUITO,URBANA,2018-06-28,17:40:00,17,JUEVES,4,JUNIO,6,NO,REALIZAR CAMBIO BRUSCO O INDEBIDO DE CARRIL.,CAIDA DE PASAJERO,BUS,0,0,1,0,0,0,0,0,0,0,0,0,0,1,28,HOMBRE,ILESO,CONDUCTOR PRESENTE,NO,NO,0
13254,41248,41249,2018,1,0,-0.195811,-78.494976,PICHINCHA,QUITO,QUITO,URBANA,2018-06-28,18:20:00,18,JUEVES,4,JUNIO,6,NO,"NO RESPETAR LAS SENIALES REGLAMENTARIAS DE TRANSITO. (PARE, CEDA EL PASO, LUZ ROJA DEL SEMAFORO, ETC).",CHOQUE LATERAL,MOTOCICLETA,0,0,0,0,0,0,0,0,1,1,0,0,0,2,28,HOMBRE,LESIONADO,CONDUCTOR PRESENTE,NO,NO,0
13255,41250,41251,2018,1,0,-0.244103,-78.512282,PICHINCHA,QUITO,QUITO,URBANA,2018-06-28,18:50:00,18,JUEVES,4,JUNIO,6,NO,PEATON QUE CRUZA LA CALZADA SIN RESPETAR LA SENIALIZACION EXISTENTE (SEMAFOROS O SENIALES MANUALES).,ATROPELLOS,MOTOCICLETA,0,0,0,0,0,0,0,0,1,0,0,0,0,1,5,HOMBRE,LESIONADO,PEATON,NO,NO,0
13256,41251,41252,2018,2,0,-0.328389,-78.543674,PICHINCHA,QUITO,QUITO,URBANA,2018-06-28,19:15:00,19,JUEVES,4,JUNIO,6,NO,"CONDUCE BAJO LA INFLUENCIA DE ALCOHOL, SUSTANCIAS ESTUPEFACIENTES O PSICOTROPICAS Y/O MEDICAMENTOS.",CHOQUE FRONTAL,AUTOMOVIL,2,0,0,0,0,0,0,0,0,0,0,0,0,2,38,HOMBRE,LESIONADO,CONDUCTOR PRESENTE,NO,NO,0
13257,41253,41254,2018,2,0,-0.098667,-78.476573,PICHINCHA,QUITO,QUITO,URBANA,2018-06-28,19:35:00,19,JUEVES,4,JUNIO,6,NO,"NO RESPETAR LAS SENIALES REGLAMENTARIAS DE TRANSITO. (PARE, CEDA EL PASO, LUZ ROJA DEL SEMAFORO, ETC).",CHOQUE LATERAL,MOTOCICLETA,1,0,0,0,0,0,0,0,1,0,0,0,0,2,30,HOMBRE,LESIONADO,CONDUCTOR PRESENTE,NO,NO,0
13258,41257,41258,2018,1,0,-0.128882,-78.513688,PICHINCHA,QUITO,QUITO,URBANA,2018-06-28,20:00:00,20,JUEVES,4,JUNIO,6,NO,"NO RESPETAR LAS SENIALES REGLAMENTARIAS DE TRANSITO. (PARE, CEDA EL PASO, LUZ ROJA DEL SEMAFORO, ETC).",CHOQUE LATERAL,AUTOMOVIL,2,0,0,0,0,0,0,0,0,0,0,0,0,2,68,MUJER,LESIONADO,PASAJERO,NO,NO,0