,Unnamed: 0,ID,ANIO,LESIONADOS,FALLECIDOS,LATITUD_Y,LONGITUD_X,PROVINCIA,CANTON,PARROQUIA,ZONA,FECHA,HORA,PERIODO_2,DIA_1,DIA_2,MES_1,MES_2,FERIADO,CAUSA_PROBABLE,TIPO_DE_SINIESTRO,TIPO_DE_VEHICULO_1,AUTOMOVIL,BICICLETA,BUS,CAMION,CAMIONETA,EMERGENCIAS,ESPECIAL,FURGONETA,MOTOCICLETA,NO_IDENTIFICADO,SCOOTER_ELECTRICO,TRICIMOTO,VEHICULO_DEPORTIVO_UTILITARIO,SUMA_DE_VEHICULOS,EDAD_1,SEXO_1,CONDICION_1,PARTICIPANTE_1,CASCO_1,CINTURON_1,KMeans_Cluster
13259,41258,41259,2018,1,0,-0.337646,-78.496741,PICHINCHA,QUITO,AMAGUANIA,URBANA,2018-06-28,20:50:00,20,JUEVES,4,JUNIO,6,NO,REALIZAR CAMBIO BRUSCO O INDEBIDO DE CARRIL.,PERDIDA DE PISTA,MOTOCICLETA,0,0,0,0,0,0,0,0,1,0,0,0,0,1,45,HOMBRE,LESIONADO,PASAJERO,NO,NO,0
13260,41261,41262,2018,1,0,-0.299693,-78.547368,PICHINCHA,QUITO,QUITO,URBANA,2018-06-28,21:50:00,21,JUEVES,4,JUNIO,6,NO,"PEATON TRANSITA BAJO INFLUENCIA DE ALCOHOL, SUSTANCIAS ESTUPEFACIENTES O PSICOTROPICAS Y/O MEDICAMENTOS.",ARROLLAMIENTOS,CAMION,0,0,0,1,0,0,0,0,0,0,0,0,0,1,19,HOMBRE,LESIONADO,PEATON,NO,NO,0
13261,41265,41266,2018,0,0,-0.212328,-78.426698,PICHINCHA,QUITO,CUMBAYA,URBANA,2018-06-29,00:15:00,0,VIERNES,5,JUNIO,6,NO,"CONDUCIR EN ESTADO DE SOMNOLENCIA O MALAS CONDICIONES FISICAS (SUENIO, CANSANCIO Y FATIGA).",ESTRELLAMIENTOS,CAMION,0,0,0,1,0,0,0,0,0,0,0,0,0,1,39,HOMBRE,ILESO,CONDUCTOR PRESENTE,NO,NO,0
13262,41266,41267,2018,1,0,-0.286581,-78.549902,PICHINCHA,QUITO,QUITO,URBANA,2018-06-29,01:10:00,1,VIERNES,5,JUNIO,6,NO,NO CEDER EL DERECHO DE VIA O PREFERENCIA DE PASO AL PEATON.,ATROPELLOS,AUTOMOVIL,1,0,0,0,0,0,0,0,0,0,0,0,0,1,11,HOMBRE,LESIONADO,PEATON,NO,NO,0
13263,41269,41270,2018,2,0,-0.123641,-78.503127,PICHINCHA,QUITO,QUITO,URBANA,2018-06-29,02:20:00,2,VIERNES,5,JUNIO,6,NO,NO TRANSITAR POR LAS ACERAS O ZONAS DE SEGURIDAD DESTINADAS PARA EL EFECTO.,ATROPELLOS,NO IDENTIFICADO,0,0,0,0,0,0,0,0,0,1,0,0,0,1,39,HOMBRE,LESIONADO,PEATON,NO,NO,0
13264,41270,41271,2018,0,0,-0.177504,-78.333048,PICHINCHA,QUITO,YARUQUI,RURAL,2018-06-29,02:30:00,2,VIERNES,5,JUNIO,6,NO,NO MANTENER LA DISTANCIA PRUDENCIAL CON RESPECTO AL VEHICULO QUE LE ANTECEDE.,CHOQUE POSTERIOR,AUTOMOVIL,2,0,0,0,0,0,0,0,0,0,0,0,0,2,27,HOMBRE,ILESO,CONDUCTOR PRESENTE,NO,NO,3
13265,41272,41273,2018,1,0,-0.384943,-78.508604,PICHINCHA,QUITO,AMAGUANIA,URBANA,2018-06-29,03:25:00,3,VIERNES,5,JUNIO,6,NO,"CONDUCIR DESATENTO A LAS CONDICIONES DE TRANSITO (CELULAR, PANTALLAS DE VIDEO, COMIDA, MAQUILLAJE O CUALQUIER OTRO ELEMENTO DISTRACTOR).",CHOQUE FRONTAL,CAMION,1,0,0,2,0,0,0,0,0,0,0,0,0,3,28,MUJER,LESIONADO,PASAJERO,NO,NO,0
13266,41275,41276,2018,0,0,-0.441668,-78.718491,PICHINCHA,MEJIA,MANUEL CORNEJO ASTORGA,RURAL,2018-06-29,04:15:00,4,VIERNES,5,JUNIO,6,NO,"CONDICIONES AMBIENTALES Y/O ATMOSFERICAS (NIEBLA, NEBLINA, GRANIZO, LLUVIA).",CHOQUE LATERAL,NO IDENTIFICADO,0,0,0,0,0,0,0,0,0,1,0,0,0,1,37,HOMBRE,ILESO,CONDUCTOR PRESENTE,NO,NO,3
13267,41276,41277,2018,0,0,-0.193223,-78.476871,PICHINCHA,QUITO,QUITO,URBANA,2018-06-29,04:50:00,4,VIERNES,5,JUNIO,6,NO,"CONDICIONES AMBIENTALES Y/O ATMOSFERICAS (NIEBLA, NEBLINA, GRANIZO, LLUVIA).",ESTRELLAMIENTOS,AUTOMOVIL,1,0,0,0,0,0,0,0,0,0,0,0,0,1,-1,NO IDENTIFICADO,NO IDENTIFICADO,CONDUCTOR AUSENTE,NO,NO,2
13268,41277,41278,2018,2,0,-0.167704,-78.456069,PICHINCHA,QUITO,QUITO,URBANA,2018-06-29,05:30:00,5,VIERNES,5,JUNIO,6,NO,"CONDICIONES AMBIENTALES Y/O ATMOSFERICAS (NIEBLA, NEBLINA, GRANIZO, LLUVIA).",ESTRELLAMIENTOS,CAMION,0,0,0,1,0,0,0,0,0,0,0,0,0,1,38,HOMBRE,LESIONADO,CONDUCTOR PRESENTE,NO,NO,0
13269,41279,41280,2018,0,0,-0.163294,-78.462564,PICHINCHA,QUITO,QUITO,URBANA,2018-06-29,05:40:00,5,VIERNES,5,JUNIO,6,NO,"CONDICIONES AMBIENTALES Y/O ATMOSFERICAS (NIEBLA, NEBLINA, GRANIZO, LLUVIA).",ESTRELLAMIENTOS,AUTOMOVIL,1,0,0,0,0,0,0,0,0,0,0,0,0,1,39,HOMBRE,ILESO,CONDUCTOR PRESENTE,NO,NO,0
13270,41280,41281,2018,1,0,-0.205542,-78.491958,PICHINCHA,QUITO,QUITO,URBANA,2018-06-29,05:40:00,5,VIERNES,5,JUNIO,6,NO,CONDUCIR VEHICULO SUPERANDO LOS LIMITES MAXIMOS DE VELOCIDAD.,OTROS,MOTOCICLETA,0,0,0,0,0,0,0,0,1,0,0,0,0,1,22,HOMBRE,LESIONADO,PASAJERO,NO,NO,0
13271,41281,41282,2018,0,0,-0.123662,-78.495508,PICHINCHA,QUITO,QUITO,URBANA,2018-06-29,06:12:00,6,VIERNES,5,JUNIO,6,NO,"CONDUCIR DESATENTO A LAS CONDICIONES DE TRANSITO (CELULAR, PANTALLAS DE VIDEO, COMIDA, MAQUILLAJE O CUALQUIER OTRO ELEMENTO DISTRACTOR).",CHOQUE LATERAL,AUTOMOVIL,2,0,0,0,0,0,0,0,0,0,0,0,0,2,26,HOMBRE,ILESO,CONDUCTOR PRESENTE,NO,NO,0
13272,41282,41283,2018,1,0,-0.244798,-78.470309,PICHINCHA,QUITO,QUITO,URBANA,2018-06-29,06:38:00,6,VIERNES,5,JUNIO,6,NO,"CONDICIONES AMBIENTALES Y/O ATMOSFERICAS (NIEBLA, NEBLINA, GRANIZO, LLUVIA).",PERDIDA DE PISTA,MOTOCICLETA,0,0,0,0,0,0,0,0,1,0,0,0,0,1,38,HOMBRE,LESIONADO,CONDUCTOR PRESENTE,NO,NO,0
13273,41283,41284,2018,3,0,-0.195811,-78.494976,PICHINCHA,QUITO,QUITO,URBANA,2018-06-29,06:40:00,6,VIERNES,5,JUNIO,6,NO,"FALLA MECANICA EN LOS SISTEMAS Y/O NEUMATICOS (SISTEMA DE FRENOS, DIRECCION, ELECTRONICO O MECANICO).",CHOQUE LATERAL,AUTOMOVIL,2,0,0,0,0,0,0,0,0,0,0,0,0,2,46,MUJER,LESIONADO,CONDUCTOR PRESENTE,NO,NO,0
13274,41284,41285,2018,0,0,-0.203464,-78.482991,PICHINCHA,QUITO,QUITO,URBANA,2018-06-29,06:40:00,6,VIERNES,5,JUNIO,6,NO,NO MANTENER LA DISTANCIA PRUDENCIAL CON RESPECTO AL VEHICULO QUE LE ANTECEDE.,COLISION,AUTOMOVIL,2,0,0,0,2,0,0,0,0,0,0,0,0,4,42,HOMBRE,ILESO,CONDUCTOR PRESENTE,NO,NO,0
13275,41285,41286,2018,0,0,-0.132231,-78.462277,PICHINCHA,QUITO,QUITO,URBANA,2018-06-29,06:45:00,6,VIERNES,5,JUNIO,6,NO,"CONDICIONES AMBIENTALES Y/O ATMOSFERICAS (NIEBLA, NEBLINA, GRANIZO, LLUVIA).",OTROS,AUTOMOVIL,2,0,0,0,0,0,0,0,0,0,0,0,0,2,32,HOMBRE,ILESO,CONDUCTOR PRESENTE,NO,NO,0
13276,41286,41287,2018,0,0,-0.202179,-78.491596,PICHINCHA,QUITO,QUITO,URBANA,2018-06-29,07:00:00,7,VIERNES,5,JUNIO,6,NO,"CONDUCIR DESATENTO A LAS CONDICIONES DE TRANSITO (CELULAR, PANTALLAS DE VIDEO, COMIDA, MAQUILLAJE O CUALQUIER OTRO ELEMENTO DISTRACTOR).",ESTRELLAMIENTOS,AUTOMOVIL,1,0,0,0,0,0,0,0,0,1,0,0,0,2,-1,NO IDENTIFICADO,NO IDENTIFICADO,CONDUCTOR AUSENTE,NO,NO,2
13277,41287,41288,2018,0,0,-0.095106,-78.405146,PICHINCHA,QUITO,CALDERON (CARAPUNGO),RURAL,2018-06-29,07:00:00,7,VIERNES,5,JUNIO,6,NO,"CONDUCIR DESATENTO A LAS CONDICIONES DE TRANSITO (CELULAR, PANTALLAS DE VIDEO, COMIDA, MAQUILLAJE O CUALQUIER OTRO ELEMENTO DISTRACTOR).",PERDIDA DE CARRIL,VEHICULO DEPORTIVO UTILITARIO,0,0,0,0,0,0,0,0,0,0,0,0,1,1,-1,HOMBRE,ILESO,CONDUCTOR PRESENTE,NO,NO,3
13278,41291,41292,2018,0,0,-0.232247,-78.505134,PICHINCHA,QUITO,QUITO,URBANA,2018-06-29,07:35:00,7,VIERNES,5,JUNIO,6,NO,NO MANTENER LA DISTANCIA PRUDENCIAL CON RESPECTO AL VEHICULO QUE LE ANTECEDE.,CHOQUE POSTERIOR,CAMIONETA,1,0,0,0,1,0,0,0,0,0,0,0,0,2,44,HOMBRE,ILESO,CONDUCTOR PRESENTE,NO,NO,0
13279,41292,41293,2018,0,0,-0.140647,-78.478915,PICHINCHA,QUITO,QUITO,URBANA,2018-06-29,07:50:00,7,VIERNES,5,JUNIO,6,NO,"NO RESPETAR LAS SENIALES REGLAMENTARIAS DE TRANSITO. (PARE, CEDA EL PASO, LUZ ROJA DEL SEMAFORO, ETC).",OTROS,MOTOCICLETA,0,0,0,0,1,0,0,0,1,0,0,0,0,2,30,HOMBRE,ILESO,CONDUCTOR PRESENTE,NO,NO,0
13280,41293,41294,2018,0,0,-0.269471,-78.507653,PICHINCHA,QUITO,QUITO,URBANA,2018-06-29,08:02:00,8,VIERNES,5,JUNIO,6,NO,NO MANTENER LA DISTANCIA PRUDENCIAL CON RESPECTO AL VEHICULO QUE LE ANTECEDE.,COLISION,AUTOMOVIL,3,0,0,0,0,0,0,0,0,0,0,0,0,3,33,HOMBRE,ILESO,CONDUCTOR PRESENTE,NO,NO,0
13281,41294,41295,2018,0,0,-0.280982,-78.516476,PICHINCHA,QUITO,QUITO,URBANA,2018-06-29,08:02:00,8,VIERNES,5,JUNIO,6,NO,NO MANTENER LA DISTANCIA PRUDENCIAL CON RESPECTO AL VEHICULO QUE LE ANTECEDE.,COLISION,CAMIONETA,2,0,0,0,1,0,0,0,0,0,0,0,0,3,32,HOMBRE,ILESO,CONDUCTOR PRESENTE,NO,NO,0
13282,41295,41296,2018,1,0,-0.172393,-78.488347,PICHINCHA,QUITO,QUITO,URBANA,2018-06-29,08:40:00,8,VIERNES,5,JUNIO,6,NO,CONDUCIR VEHICULO SUPERANDO LOS LIMITES MAXIMOS DE VELOCIDAD.,CHOQUE LATERAL,NO IDENTIFICADO,0,0,0,0,0,0,0,0,0,1,0,0,0,1,28,MUJER,LESIONADO,PASAJERO,NO,NO,0
13283,41300,41301,2018,2,0,-0.208181,-78.383189,PICHINCHA,QUITO,TUMBACO,URBANA,2018-06-29,11:40:00,11,VIERNES,5,JUNIO,6,NO,"CONDICIONES AMBIENTALES Y/O ATMOSFERICAS (NIEBLA, NEBLINA, GRANIZO, LLUVIA).",CHOQUE FRONTAL,AUTOMOVIL,1,0,1,0,0,0,0,0,0,0,0,0,0,2,45,HOMBRE,LESIONADO,CONDUCTOR PRESENTE,NO,NO,0
13284,41301,41302,2018,0,0,-0.185856,-78.477867,PICHINCHA,QUITO,QUITO,URBANA,2018-06-29,11:48:00,11,VIERNES,5,JUNIO,6,NO,CONDUCIR VEHICULO SUPERANDO LOS LIMITES MAXIMOS DE VELOCIDAD.,PERDIDA DE PISTA,MOTOCICLETA,0,0,0,0,0,0,0,0,1,0,0,0,0,1,49,HOMBRE,ILESO,CONDUCTOR PRESENTE,NO,NO,0
13285,41303,41304,2018,0,0,-0.121124,-78.441885,PICHINCHA,QUITO,CALDERON (CARAPUNGO),URBANA,2018-06-29,12:40:00,12,VIERNES,5,JUNIO,6,NO,"CONDICIONES AMBIENTALES Y/O ATMOSFERICAS (NIEBLA, NEBLINA, GRANIZO, LLUVIA).",ESTRELLAMIENTOS,CAMION,0,0,0,1,0,0,0,0,0,0,0,0,0,1,49,HOMBRE,ILESO,CONDUCTOR PRESENTE,NO,NO,0
13286,41305,41306,2018,1,0,-0.245575,-78.506595,PICHINCHA,QUITO,QUITO,URBANA,2018-06-29,14:00:00,14,VIERNES,5,JUNIO,6,NO,"NO RESPETAR LAS SENIALES REGLAMENTARIAS DE TRANSITO. (PARE, CEDA EL PASO, LUZ ROJA DEL SEMAFORO, ETC).",VOLCAMIENTOS,MOTOCICLETA,0,0,0,0,0,0,0,0,1,1,0,0,0,2,52,HOMBRE,LESIONADO,CONDUCTOR PRESENTE,NO,NO,0
13287,41311,41312,2018,0,0,-0.185884,-78.453561,PICHINCHA,QUITO,NAYON,URBANA,2018-06-29,15:19:00,15,VIERNES,5,JUNIO,6,NO,NO MANTENER LA DISTANCIA PRUDENCIAL CON RESPECTO AL VEHICULO QUE LE ANTECEDE.,OTROS,AUTOMOVIL,3,0,0,0,0,0,0,0,0,0,0,0,0,3,25,MUJER,ILESO,CONDUCTOR PRESENTE,NO,NO,0
13288,41314,41315,2018,0,0,-0.208094,-78.376655,PICHINCHA,QUITO,TUMBACO,URBANA,2018-06-29,16:15:00,16,VIERNES,5,JUNIO,6,NO,NO GUARDAR LA DISTANCIA LATERAL MINIMA DE SEGURIDAD ENTRE VEHICULOS.,CHOQUE LATERAL,AUTOMOVIL,2,0,0,0,0,0,0,0,0,0,0,0,0,2,25,HOMBRE,ILESO,CONDUCTOR PRESENTE,NO,NO,0
13289,41316,41317,2018,0,0,-0.204495,-78.484404,PICHINCHA,QUITO,QUITO,URBANA,2018-06-29,16:30:00,16,VIERNES,5,JUNIO,6,NO,NO CEDER EL DERECHO DE VIA O PREFERENCIA DE PASO A VEHICULOS.,CHOQUE LATERAL,AUTOMOVIL,2,0,0,0,0,0,0,0,0,0,0,0,0,2,51,MUJER,ILESO,CONDUCTOR PRESENTE,NO,NO,0
13290,41317,41318,2018,0,0,-0.190933,-78.480366,PICHINCHA,QUITO,QUITO,URBANA,2018-06-29,17:00:00,17,VIERNES,5,JUNIO,6,NO,NO GUARDAR LA DISTANCIA LATERAL MINIMA DE SEGURIDAD ENTRE VEHICULOS.,CHOQUE LATERAL,AUTOMOVIL,2,0,0,0,0,0,0,0,0,0,0,0,0,2,29,HOMBRE,ILESO,CONDUCTOR PRESENTE,NO,NO,0
13291,41319,41320,2018,0,0,-0.162396,-78.481023,PICHINCHA,QUITO,QUITO,URBANA,2018-06-29,17:06:00,17,VIERNES,5,JUNIO,6,NO,"CONDUCE BAJO LA INFLUENCIA DE ALCOHOL, SUSTANCIAS ESTUPEFACIENTES O PSICOTROPICAS Y/O MEDICAMENTOS.",ESTRELLAMIENTOS,AUTOMOVIL,2,0,0,0,0,0,0,0,0,0,0,0,0,2,31,HOMBRE,ILESO,CONDUCTOR PRESENTE,NO,NO,0
13292,41325,41326,2018,1,0,-0.245278,-78.498166,PICHINCHA,QUITO,QUITO,URBANA,2018-06-29,19:25:00,19,VIERNES,5,JUNIO,6,NO,NO TRANSITAR POR LAS ACERAS O ZONAS DE SEGURIDAD DESTINADAS PARA EL EFECTO.,ATROPELLOS,VEHICULO DEPORTIVO UTILITARIO,0,0,0,0,0,0,0,0,0,0,0,0,1,1,47,HOMBRE,LESIONADO,PEATON,NO,NO,0
13293,41329,41330,2018,1,0,-0.256119,-78.544645,PICHINCHA,QUITO,QUITO,URBANA,2018-06-29,20:35:00,20,VIERNES,5,JUNIO,6,NO,NO GUARDAR LA DISTANCIA LATERAL MINIMA DE SEGURIDAD ENTRE VEHICULOS.,OTROS,AUTOMOVIL,1,0,0,0,0,0,0,0,0,1,0,0,0,2,21,HOMBRE,LESIONADO,CONDUCTOR PRESENTE,NO,NO,0
13294,41330,41331,2018,0,0,-0.167794,-78.487392,PICHINCHA,QUITO,QUITO,URBANA,2018-06-29,20:40:00,20,VIERNES,5,JUNIO,6,NO,NO GUARDAR LA DISTANCIA LATERAL MINIMA DE SEGURIDAD ENTRE VEHICULOS.,CHOQUE LATERAL,AUTOMOVIL,2,0,0,0,0,0,0,0,0,0,0,0,0,2,30,HOMBRE,ILESO,CONDUCTOR PRESENTE,NO,NO,0
13295,41344,41345,2018,0,0,-0.277326,-78.547324,PICHINCHA,QUITO,QUITO,URBANA,2018-06-29,23:20:00,23,VIERNES,5,JUNIO,6,NO,"NO RESPETAR LAS SENIALES REGLAMENTARIAS DE TRANSITO. (PARE, CEDA EL PASO, LUZ ROJA DEL SEMAFORO, ETC).",CHOQUE LATERAL,CAMIONETA,1,0,0,0,1,0,0,0,0,0,0,0,0,2,57,HOMBRE,ILESO,CONDUCTOR PRESENTE,NO,NO,0
13296,41348,41349,2018,1,0,-0.237667,-78.484685,PICHINCHA,QUITO,QUITO,URBANA,2018-06-30,00:15:00,0,SABADO,6,JUNIO,6,NO,"CONDUCE BAJO LA INFLUENCIA DE ALCOHOL, SUSTANCIAS ESTUPEFACIENTES O PSICOTROPICAS Y/O MEDICAMENTOS.",CHOQUE POSTERIOR,AUTOMOVIL,1,0,0,0,0,0,0,0,1,0,0,0,0,2,33,HOMBRE,LESIONADO,CONDUCTOR PRESENTE,NO,NO,0
13297,41355,41356,2018,1,0,-0.279181,-78.542736,PICHINCHA,QUITO,QUITO,URBANA,2018-06-30,01:55:00,1,SABADO,6,JUNIO,6,NO,"PRESENCIA DE AGENTES EXTERNOS EN LA VIA (AGUA, ACEITE, PIEDRA, LASTRE, ESCOMBROS, MADEROS, ETC.).",PERDIDA DE PISTA,MOTOCICLETA,0,0,0,0,0,0,0,0,1,0,0,0,0,1,30,HOMBRE,LESIONADO,PASAJERO,NO,NO,0
13298,41357,41358,2018,2,0,-0.151955,-78.476471,PICHINCHA,QUITO,QUITO,URBANA,2018-06-30,02:15:00,2,SABADO,6,JUNIO,6,NO,"CONDUCE BAJO LA INFLUENCIA DE ALCOHOL, SUSTANCIAS ESTUPEFACIENTES O PSICOTROPICAS Y/O MEDICAMENTOS.",COLISION,AUTOMOVIL,3,0,0,0,0,0,0,0,0,0,0,0,0,3,24,HOMBRE,LESIONADO,PASAJERO,NO,NO,0
13299,41360,41361,2018,0,0,-0.237369,-78.484617,PICHINCHA,QUITO,QUITO,URBANA,2018-06-30,02:55:00,2,SABADO,6,JUNIO,6,NO,REALIZAR CAMBIO BRUSCO O INDEBIDO DE CARRIL.,ESTRELLAMIENTOS,AUTOMOVIL,1,0,0,0,0,0,0,0,0,0,0,0,0,1,-1,NO IDENTIFICADO,NO IDENTIFICADO,CONDUCTOR AUSENTE,NO,NO,2
13300,41365,41366,2018,0,0,-0.155337,-78.465792,PICHINCHA,QUITO,QUITO,URBANA,2018-06-30,04:49:00,4,SABADO,6,JUNIO,6,NO,CONDUCIR VEHICULO SUPERANDO LOS LIMITES MAXIMOS DE VELOCIDAD.,ESTRELLAMIENTOS,AUTOMOVIL,1,0,0,0,0,0,0,0,0,0,0,0,0,1,-1,NO IDENTIFICADO,NO IDENTIFICADO,CONDUCTOR AUSENTE,NO,NO,2
13301,41368,41369,2018,0,0,-0.262857,-78.540164,PICHINCHA,QUITO,QUITO,URBANA,2018-06-30,06:10:00,6,SABADO,6,JUNIO,6,NO,"CONDUCIR EN ESTADO DE SOMNOLENCIA O MALAS CONDICIONES FISICAS (SUENIO, CANSANCIO Y FATIGA).",ESTRELLAMIENTOS,AUTOMOVIL,1,0,0,0,0,0,0,0,0,0,0,0,0,1,-1,NO IDENTIFICADO,NO IDENTIFICADO,CONDUCTOR AUSENTE,NO,NO,2
13302,41371,41372,2018,0,0,-0.154457,-78.476966,PICHINCHA,QUITO,QUITO,URBANA,2018-06-30,06:50:00,6,SABADO,6,JUNIO,6,NO,CONDUCIR VEHICULO SUPERANDO LOS LIMITES MAXIMOS DE VELOCIDAD.,CHOQUE LATERAL,AUTOMOVIL,1,0,0,0,0,0,0,0,0,0,0,0,0,1,43,HOMBRE,ILESO,CONDUCTOR PRESENTE,NO,NO,0
13303,41372,41373,2018,1,0,-0.098142,-78.470207,PICHINCHA,QUITO,QUITO,URBANA,2018-06-30,06:59:00,6,SABADO,6,JUNIO,6,NO,REALIZAR CAMBIO BRUSCO O INDEBIDO DE CARRIL.,CHOQUE FRONTAL,AUTOMOVIL,1,0,0,0,0,0,0,0,0,0,0,0,0,1,57,HOMBRE,LESIONADO,CONDUCTOR PRESENTE,NO,NO,0
13304,41376,41377,2018,0,0,-0.187621,-78.482831,PICHINCHA,QUITO,QUITO,URBANA,2018-06-30,08:10:00,8,SABADO,6,JUNIO,6,NO,REALIZAR CAMBIO BRUSCO O INDEBIDO DE CARRIL.,CHOQUE LATERAL,AUTOMOVIL,1,0,0,0,0,0,0,0,0,0,0,0,0,1,44,MUJER,ILESO,CONDUCTOR PRESENTE,NO,NO,0
13305,41377,41378,2018,2,0,-0.184056,-78.509297,PICHINCHA,QUITO,QUITO,URBANA,2018-06-30,08:15:00,8,SABADO,6,JUNIO,6,NO,"NO RESPETAR LAS SENIALES REGLAMENTARIAS DE TRANSITO. (PARE, CEDA EL PASO, LUZ ROJA DEL SEMAFORO, ETC).",OTROS,AUTOMOVIL,1,0,0,1,0,0,0,0,1,0,0,0,0,3,23,MUJER,LESIONADO,PASAJERO,NO,NO,0
13306,41380,41381,2018,0,0,-0.129357,-78.481279,PICHINCHA,QUITO,QUITO,URBANA,2018-06-30,10:00:00,10,SABADO,6,JUNIO,6,NO,"CONDUCIR DESATENTO A LAS CONDICIONES DE TRANSITO (CELULAR, PANTALLAS DE VIDEO, COMIDA, MAQUILLAJE O CUALQUIER OTRO ELEMENTO DISTRACTOR).",CHOQUE LATERAL,AUTOMOVIL,2,0,0,0,0,0,0,0,0,0,0,0,0,2,34,MUJER,ILESO,CONDUCTOR PRESENTE,NO,NO,0
13307,41387,41388,2018,0,0,-0.091594,-78.472878,PICHINCHA,QUITO,QUITO,URBANA,2018-06-30,11:45:00,11,SABADO,6,JUNIO,6,NO,NO CEDER EL DERECHO DE VIA O PREFERENCIA DE PASO A VEHICULOS.,CHOQUE LATERAL,AUTOMOVIL,2,0,0,0,0,0,0,0,0,0,0,0,0,2,42,HOMBRE,ILESO,CONDUCTOR PRESENTE,NO,NO,0
13308,41388,41389,2018,0,1,-0.100965,-78.483391,PICHINCHA,QUITO,QUITO,URBANA,2018-06-30,12:17:00,12,SABADO,6,JUNIO,6,NO,PEATON QUE CRUZA LA CALZADA SIN RESPETAR LA SENIALIZACION EXISTENTE (SEMAFOROS O SENIALES MANUALES).,ATROPELLOS,MOTOCICLETA,0,0,0,0,0,0,0,0,1,0,0,0,0,1,86,MUJER,FALLECIDO,PEATON,NO,NO,0
13309,41391,41392,2018,0,0,-0.098431,-78.470378,PICHINCHA,QUITO,QUITO,URBANA,2018-06-30,12:50:00,12,SABADO,6,JUNIO,6,NO,NO GUARDAR LA DISTANCIA LATERAL MINIMA DE SEGURIDAD ENTRE VEHICULOS.,ROZAMIENTOS,AUTOMOVIL,2,0,0,0,0,0,0,0,0,0,0,0,0,2,42,HOMBRE,ILESO,CONDUCTOR PRESENTE,NO,NO,0
13310,41392,41393,2018,1,0,-0.230098,-78.505906,PICHINCHA,QUITO,QUITO,URBANA,2018-06-30,13:20:00,13,SABADO,6,JUNIO,6,NO,CONDUCIR VEHICULO SUPERANDO LOS LIMITES MAXIMOS DE VELOCIDAD.,ATROPELLOS,AUTOMOVIL,1,0,0,0,0,0,0,0,0,0,0,0,0,1,38,HOMBRE,LESIONADO,PEATON,NO,NO,0
13311,41396,41397,2018,0,0,-0.099083,-78.421844,PICHINCHA,QUITO,CALDERON (CARAPUNGO),URBANA,2018-06-30,14:15:00,14,SABADO,6,JUNIO,6,NO,NO MANTENER LA DISTANCIA PRUDENCIAL CON RESPECTO AL VEHICULO QUE LE ANTECEDE.,COLISION,AUTOMOVIL,4,0,0,0,0,0,0,0,0,0,0,0,0,4,83,HOMBRE,ILESO,CONDUCTOR PRESENTE,NO,NO,0
13312,41398,41399,2018,0,0,-0.065473,-78.457277,PICHINCHA,QUITO,POMASQUI,URBANA,2018-06-30,15:25:00,15,SABADO,6,JUNIO,6,NO,"CONDUCIR DESATENTO A LAS CONDICIONES DE TRANSITO (CELULAR, PANTALLAS DE VIDEO, COMIDA, MAQUILLAJE O CUALQUIER OTRO ELEMENTO DISTRACTOR).",PERDIDA DE PISTA,VEHICULO DEPORTIVO UTILITARIO,0,0,0,0,0,0,0,0,0,0,0,0,1,1,29,HOMBRE,ILESO,CONDUCTOR PRESENTE,NO,NO,0
13313,41403,41404,2018,0,0,-0.289305,-78.538484,PICHINCHA,QUITO,QUITO,URBANA,2018-06-30,17:30:00,17,SABADO,6,JUNIO,6,NO,NO MANTENER LA DISTANCIA PRUDENCIAL CON RESPECTO AL VEHICULO QUE LE ANTECEDE.,CHOQUE POSTERIOR,CAMIONETA,1,0,0,0,1,0,0,0,0,0,0,0,0,2,43,HOMBRE,ILESO,CONDUCTOR PRESENTE,NO,NO,0
13314,41404,41405,2018,0,1,-0.419551,-78.791977,PICHINCHA,MEJIA,MANUEL CORNEJO ASTORGA,RURAL,2018-06-30,17:45:00,17,SABADO,6,JUNIO,6,NO,"CONDUCIR DESATENTO A LAS CONDICIONES DE TRANSITO (CELULAR, PANTALLAS DE VIDEO, COMIDA, MAQUILLAJE O CUALQUIER OTRO ELEMENTO DISTRACTOR).",PERDIDA DE PISTA,MOTOCICLETA,0,0,0,0,0,0,0,0,1,0,0,0,0,1,29,MUJER,FALLECIDO,CONDUCTOR PRESENTE,NO,NO,3
13315,41407,41408,2018,1,0,-0.000134,-78.443191,PICHINCHA,QUITO,SAN ANTONIO (QUITO),URBANA,2018-06-30,19:30:00,19,SABADO,6,JUNIO,6,NO,PEATON QUE CRUZA LA CALZADA SIN RESPETAR LA SENIALIZACION EXISTENTE (SEMAFOROS O SENIALES MANUALES).,ATROPELLOS,NO IDENTIFICADO,0,0,0,0,0,0,0,0,0,1,0,0,0,1,27,HOMBRE,LESIONADO,PEATON,NO,NO,0
13316,41411,41412,2018,0,0,-0.199767,-78.428809,PICHINCHA,QUITO,CUMBAYA,URBANA,2018-06-30,20:10:00,20,SABADO,6,JUNIO,6,NO,"CONDUCE BAJO LA INFLUENCIA DE ALCOHOL, SUSTANCIAS ESTUPEFACIENTES O PSICOTROPICAS Y/O MEDICAMENTOS.",CHOQUE POSTERIOR,AUTOMOVIL,2,0,0,0,0,0,0,0,0,0,0,0,0,2,25,MUJER,ILESO,CONDUCTOR PRESENTE,NO,NO,0