,Unnamed: 0,ID,ANIO,LESIONADOS,FALLECIDOS,LATITUD_Y,LONGITUD_X,PROVINCIA,CANTON,PARROQUIA,ZONA,FECHA,HORA,PERIODO_2,DIA_1,DIA_2,MES_1,MES_2,FERIADO,CAUSA_PROBABLE,TIPO_DE_SINIESTRO,TIPO_DE_VEHICULO_1,AUTOMOVIL,BICICLETA,BUS,CAMION,CAMIONETA,EMERGENCIAS,ESPECIAL,FURGONETA,MOTOCICLETA,NO_IDENTIFICADO,SCOOTER_ELECTRICO,TRICIMOTO,VEHICULO_DEPORTIVO_UTILITARIO,SUMA_DE_VEHICULOS,EDAD_1,SEXO_1,CONDICION_1,PARTICIPANTE_1,CASCO_1,CINTURON_1,KMeans_Cluster
13374,41614,41615,2018,1,0,-0.065538,-78.463211,PICHINCHA,QUITO,POMASQUI,URBANA,2018-07-04,00:15:00,0,MIERCOLES,3,JULIO,7,NO,"CONDUCIR DESATENTO A LAS CONDICIONES DE TRANSITO (CELULAR, PANTALLAS DE VIDEO, COMIDA, MAQUILLAJE O CUALQUIER OTRO ELEMENTO DISTRACTOR).",PERDIDA DE PISTA,MOTOCICLETA,0,0,0,0,0,0,0,0,1,0,0,0,0,1,37,HOMBRE,LESIONADO,PASAJERO,NO,NO,0
13375,41618,41619,2018,0,0,-0.102274,-78.477198,PICHINCHA,QUITO,QUITO,URBANA,2018-07-04,04:18:00,4,MIERCOLES,3,JULIO,7,NO,NO GUARDAR LA DISTANCIA LATERAL MINIMA DE SEGURIDAD ENTRE VEHICULOS.,CHOQUE LATERAL,FURGONETA,0,0,0,0,0,0,0,1,0,0,0,0,1,2,41,HOMBRE,ILESO,CONDUCTOR PRESENTE,NO,NO,0
13376,41624,41625,2018,1,0,-0.182997,-78.503721,PICHINCHA,QUITO,QUITO,URBANA,2018-07-04,08:00:00,8,MIERCOLES,3,JULIO,7,NO,"PRESENCIA DE AGENTES EXTERNOS EN LA VIA (AGUA, ACEITE, PIEDRA, LASTRE, ESCOMBROS, MADEROS, ETC.).",PERDIDA DE PISTA,NO IDENTIFICADO,0,0,0,0,0,0,0,0,0,1,0,0,0,1,43,HOMBRE,LESIONADO,CONDUCTOR PRESENTE,NO,NO,0
13377,41629,41630,2018,1,0,-0.113183,-78.485073,PICHINCHA,QUITO,QUITO,URBANA,2018-07-04,11:55:00,11,MIERCOLES,3,JULIO,7,NO,"FALLA MECANICA EN LOS SISTEMAS Y/O NEUMATICOS (SISTEMA DE FRENOS, DIRECCION, ELECTRONICO O MECANICO).",OTROS,CAMION,1,0,0,1,0,0,0,0,0,0,0,0,0,2,24,MUJER,LESIONADO,PASAJERO,NO,NO,0
13378,41640,41641,2018,1,0,-0.141234,-78.443914,PICHINCHA,QUITO,LLANO CHICO,URBANA,2018-07-04,15:45:00,15,MIERCOLES,3,JULIO,7,NO,"PRESENCIA DE AGENTES EXTERNOS EN LA VIA (AGUA, ACEITE, PIEDRA, LASTRE, ESCOMBROS, MADEROS, ETC.).",PERDIDA DE PISTA,MOTOCICLETA,0,0,0,0,0,0,0,0,1,0,0,0,0,1,34,HOMBRE,LESIONADO,CONDUCTOR PRESENTE,NO,NO,0
13379,41641,41642,2018,0,0,-0.328831,-78.560625,PICHINCHA,QUITO,QUITO,URBANA,2018-07-04,15:59:00,15,MIERCOLES,3,JULIO,7,NO,"ADELANTAR O REBASAR A OTRO VEHICULO EN MOVIMIENTO EN ZONAS O SITIOS PELIGROSOS TALES COMO: CURVAS, PUENTES, TUNELES, PENDIENTES, ETC.",CHOQUE LATERAL,AUTOMOVIL,1,0,0,0,0,0,0,0,0,0,0,0,0,1,42,HOMBRE,ILESO,CONDUCTOR PRESENTE,NO,NO,0
13380,41643,41644,2018,0,0,-0.251273,-78.528824,PICHINCHA,QUITO,QUITO,URBANA,2018-07-04,16:15:00,16,MIERCOLES,3,JULIO,7,NO,NO CEDER EL DERECHO DE VIA O PREFERENCIA DE PASO A VEHICULOS.,ROZAMIENTOS,CAMION,0,0,0,1,0,0,0,0,0,0,0,0,0,1,42,MUJER,ILESO,CONDUCTOR PRESENTE,NO,NO,0
13381,41645,41646,2018,1,0,-0.250676,-78.514011,PICHINCHA,QUITO,QUITO,URBANA,2018-07-04,16:30:00,16,MIERCOLES,3,JULIO,7,NO,NO CEDER EL DERECHO DE VIA O PREFERENCIA DE PASO AL PEATON.,ARROLLAMIENTOS,NO IDENTIFICADO,0,0,0,0,0,0,0,0,0,1,0,0,0,1,25,MUJER,LESIONADO,PEATON,NO,NO,0
13382,41647,41648,2018,2,1,-0.071775,-78.579984,PICHINCHA,QUITO,NONO,RURAL,2018-07-04,17:20:00,17,MIERCOLES,3,JULIO,7,NO,CONDUCIR VEHICULO SUPERANDO LOS LIMITES MAXIMOS DE VELOCIDAD.,VOLCAMIENTOS,AUTOMOVIL,1,0,0,0,0,0,0,0,0,0,0,0,0,1,34,HOMBRE,FALLECIDO,PASAJERO,NO,NO,3
13383,41650,41651,2018,0,0,-0.301659,-78.463312,PICHINCHA,QUITO,CONOCOTO,URBANA,2018-07-04,18:30:00,18,MIERCOLES,3,JULIO,7,NO,"CONDUCIR DESATENTO A LAS CONDICIONES DE TRANSITO (CELULAR, PANTALLAS DE VIDEO, COMIDA, MAQUILLAJE O CUALQUIER OTRO ELEMENTO DISTRACTOR).",COLISION,CAMIONETA,1,0,0,0,2,0,0,0,0,0,0,0,0,3,31,HOMBRE,ILESO,CONDUCTOR PRESENTE,NO,NO,0
13384,41664,41665,2018,0,0,-0.172997,-78.485145,PICHINCHA,QUITO,QUITO,URBANA,2018-07-04,23:20:00,23,MIERCOLES,3,JULIO,7,NO,"CONDUCE BAJO LA INFLUENCIA DE ALCOHOL, SUSTANCIAS ESTUPEFACIENTES O PSICOTROPICAS Y/O MEDICAMENTOS.",CHOQUE LATERAL,AUTOMOVIL,2,0,0,0,0,0,0,0,0,0,0,0,0,2,40,HOMBRE,ILESO,CONDUCTOR PRESENTE,NO,NO,0
13385,41666,41667,2018,0,0,-0.105373,-78.462381,PICHINCHA,QUITO,QUITO,URBANA,2018-07-04,23:25:00,23,MIERCOLES,3,JULIO,7,NO,REALIZAR CAMBIO BRUSCO O INDEBIDO DE CARRIL.,CHOQUE LATERAL,AUTOMOVIL,2,0,0,0,0,0,0,0,0,0,0,0,0,2,24,HOMBRE,ILESO,CONDUCTOR PRESENTE,NO,NO,0
13386,41669,41670,2018,3,0,-0.047041,-78.284983,PICHINCHA,CAYAMBE,SANTA ROSA DE CUZUBAMBA,RURAL,2018-07-05,00:00:00,0,JUEVES,4,JULIO,7,NO,"CONDUCIR DESATENTO A LAS CONDICIONES DE TRANSITO (CELULAR, PANTALLAS DE VIDEO, COMIDA, MAQUILLAJE O CUALQUIER OTRO ELEMENTO DISTRACTOR).",CHOQUE FRONTAL,CAMIONETA,1,0,0,0,1,0,0,0,0,0,0,0,0,2,52,HOMBRE,LESIONADO,CONDUCTOR PRESENTE,NO,NO,3
13387,41671,41672,2018,0,0,-0.123009,-78.493911,PICHINCHA,QUITO,QUITO,URBANA,2018-07-05,01:30:00,1,JUEVES,4,JULIO,7,NO,CONDUCIR VEHICULO SUPERANDO LOS LIMITES MAXIMOS DE VELOCIDAD.,ESTRELLAMIENTOS,AUTOMOVIL,1,0,0,0,0,0,0,0,0,0,0,0,0,1,-1,NO IDENTIFICADO,NO IDENTIFICADO,CONDUCTOR AUSENTE,NO,NO,2
13388,41681,41682,2018,0,0,-0.236171,-78.526913,PICHINCHA,QUITO,QUITO,URBANA,2018-07-05,05:25:00,5,JUEVES,4,JULIO,7,NO,"CONDUCIR DESATENTO A LAS CONDICIONES DE TRANSITO (CELULAR, PANTALLAS DE VIDEO, COMIDA, MAQUILLAJE O CUALQUIER OTRO ELEMENTO DISTRACTOR).",ESTRELLAMIENTOS,CAMIONETA,0,0,0,0,1,0,0,0,0,0,0,0,0,1,-1,NO IDENTIFICADO,NO IDENTIFICADO,CONDUCTOR AUSENTE,NO,NO,2
13389,41684,41685,2018,2,0,-0.315401,-78.553401,PICHINCHA,QUITO,QUITO,URBANA,2018-07-05,07:00:00,7,JUEVES,4,JULIO,7,NO,CONDUCIR VEHICULO SUPERANDO LOS LIMITES MAXIMOS DE VELOCIDAD.,PERDIDA DE PISTA,MOTOCICLETA,0,0,0,0,0,0,0,0,1,0,0,0,0,1,39,HOMBRE,LESIONADO,CONDUCTOR PRESENTE,NO,NO,0
13390,41688,41689,2018,0,0,-0.195509,-78.486059,PICHINCHA,QUITO,QUITO,URBANA,2018-07-05,07:40:00,7,JUEVES,4,JULIO,7,NO,MALAS CONDICIONES DE LA VIA Y/O CONFIGURACION. (ILUMINACION Y DISENIO).,ATROPELLOS,AUTOMOVIL,1,0,0,0,0,0,0,0,0,0,0,0,0,1,37,HOMBRE,ILESO,CONDUCTOR PRESENTE,NO,NO,0
13391,41690,41691,2018,2,0,-0.279721,-78.562978,PICHINCHA,QUITO,QUITO,URBANA,2018-07-05,07:45:00,7,JUEVES,4,JULIO,7,NO,NO GUARDAR LA DISTANCIA LATERAL MINIMA DE SEGURIDAD ENTRE VEHICULOS.,CHOQUE LATERAL,MOTOCICLETA,1,0,0,0,0,0,0,0,1,0,0,0,0,2,24,HOMBRE,LESIONADO,CONDUCTOR PRESENTE,NO,NO,0
13392,41692,41693,2018,2,0,-0.200785,-78.496872,PICHINCHA,QUITO,QUITO,URBANA,2018-07-05,08:35:00,8,JUEVES,4,JULIO,7,NO,PEATON QUE CRUZA LA CALZADA SIN RESPETAR LA SENIALIZACION EXISTENTE (SEMAFOROS O SENIALES MANUALES).,ATROPELLOS,BICICLETA,0,1,0,0,0,0,0,0,0,0,0,0,0,1,20,HOMBRE,LESIONADO,CONDUCTOR PRESENTE,NO,NO,0
13393,41693,41694,2018,0,0,-0.170834,-78.478484,PICHINCHA,QUITO,QUITO,URBANA,2018-07-05,09:05:00,9,JUEVES,4,JULIO,7,NO,REALIZAR CAMBIO BRUSCO O INDEBIDO DE CARRIL.,OTROS,AUTOMOVIL,2,0,0,0,0,0,0,0,0,1,0,0,0,3,49,HOMBRE,ILESO,CONDUCTOR PRESENTE,NO,NO,0
13394,41695,41696,2018,1,0,-0.172511,-78.487728,PICHINCHA,QUITO,QUITO,URBANA,2018-07-05,10:15:00,10,JUEVES,4,JULIO,7,NO,CONDUCIR VEHICULO SUPERANDO LOS LIMITES MAXIMOS DE VELOCIDAD.,ATROPELLOS,NO IDENTIFICADO,0,0,0,0,0,0,0,0,0,1,0,0,0,1,45,HOMBRE,LESIONADO,PEATON,NO,NO,0
13395,41709,41710,2018,0,0,-0.063521,-78.359141,PICHINCHA,QUITO,GUAYLLABAMBA,RURAL,2018-07-05,16:40:00,16,JUEVES,4,JULIO,7,NO,NO MANTENER LA DISTANCIA PRUDENCIAL CON RESPECTO AL VEHICULO QUE LE ANTECEDE.,CHOQUE POSTERIOR,VEHICULO DEPORTIVO UTILITARIO,1,0,0,0,0,0,0,0,0,0,0,0,1,2,67,HOMBRE,ILESO,CONDUCTOR PRESENTE,NO,NO,3
13396,41711,41712,2018,0,0,-0.133435,-78.496241,PICHINCHA,QUITO,QUITO,URBANA,2018-07-05,17:40:00,17,JUEVES,4,JULIO,7,NO,"NO RESPETAR LAS SENIALES REGLAMENTARIAS DE TRANSITO. (PARE, CEDA EL PASO, LUZ ROJA DEL SEMAFORO, ETC).",OTROS,MOTOCICLETA,1,0,0,0,0,0,0,0,1,0,0,0,0,2,31,HOMBRE,ILESO,CONDUCTOR PRESENTE,NO,NO,0
13397,41722,41723,2018,1,0,-0.137573,-78.477402,PICHINCHA,QUITO,QUITO,URBANA,2018-07-05,19:40:00,19,JUEVES,4,JULIO,7,NO,REALIZAR CAMBIO BRUSCO O INDEBIDO DE CARRIL.,CHOQUE LATERAL,MOTOCICLETA,0,0,0,0,0,0,0,0,2,0,0,0,0,2,25,MUJER,LESIONADO,CONDUCTOR PRESENTE,NO,NO,0
13398,41723,41724,2018,0,0,-0.144229,-78.469533,PICHINCHA,QUITO,QUITO,URBANA,2018-07-05,19:45:00,19,JUEVES,4,JULIO,7,NO,"NO RESPETAR LAS SENIALES REGLAMENTARIAS DE TRANSITO. (PARE, CEDA EL PASO, LUZ ROJA DEL SEMAFORO, ETC).",CHOQUE POSTERIOR,AUTOMOVIL,1,0,0,0,1,0,0,0,0,0,0,0,0,2,56,HOMBRE,ILESO,CONDUCTOR PRESENTE,NO,NO,0
13399,41734,41735,2018,0,0,-0.184458,-78.488952,PICHINCHA,QUITO,QUITO,URBANA,2018-07-06,00:30:00,0,VIERNES,5,JULIO,7,NO,"NO RESPETAR LAS SENIALES REGLAMENTARIAS DE TRANSITO. (PARE, CEDA EL PASO, LUZ ROJA DEL SEMAFORO, ETC).",ESTRELLAMIENTOS,AUTOMOVIL,1,0,0,0,0,0,0,0,0,0,0,0,0,1,-1,NO IDENTIFICADO,NO IDENTIFICADO,CONDUCTOR AUSENTE,NO,NO,2
13400,41736,41737,2018,1,0,-0.268259,-78.546323,PICHINCHA,QUITO,QUITO,URBANA,2018-07-06,01:29:00,1,VIERNES,5,JULIO,7,NO,CONDUCIR VEHICULO SUPERANDO LOS LIMITES MAXIMOS DE VELOCIDAD.,ESTRELLAMIENTOS,AUTOMOVIL,1,0,0,0,0,0,0,0,0,0,0,0,0,1,34,HOMBRE,LESIONADO,PASAJERO,NO,NO,0
13401,41737,41738,2018,0,0,-0.187779,-78.477563,PICHINCHA,QUITO,QUITO,URBANA,2018-07-06,01:30:00,1,VIERNES,5,JULIO,7,NO,"NO RESPETAR LAS SENIALES REGLAMENTARIAS DE TRANSITO. (PARE, CEDA EL PASO, LUZ ROJA DEL SEMAFORO, ETC).",ESTRELLAMIENTOS,AUTOMOVIL,1,0,0,0,0,0,0,0,0,0,0,0,0,1,-1,NO IDENTIFICADO,NO IDENTIFICADO,CONDUCTOR AUSENTE,NO,NO,2
13402,41740,41741,2018,0,0,-0.291889,-78.558471,PICHINCHA,QUITO,QUITO,URBANA,2018-07-06,02:50:00,2,VIERNES,5,JULIO,7,NO,CONDUCIR VEHICULO SUPERANDO LOS LIMITES MAXIMOS DE VELOCIDAD.,ESTRELLAMIENTOS,AUTOMOVIL,1,0,0,0,0,0,0,0,0,0,0,0,0,1,-1,NO IDENTIFICADO,NO IDENTIFICADO,CONDUCTOR AUSENTE,NO,NO,2
13403,41741,41742,2018,1,0,-0.182886,-78.489648,PICHINCHA,QUITO,QUITO,URBANA,2018-07-06,03:00:00,3,VIERNES,5,JULIO,7,NO,"PRESENCIA DE AGENTES EXTERNOS EN LA VIA (AGUA, ACEITE, PIEDRA, LASTRE, ESCOMBROS, MADEROS, ETC.).",PERDIDA DE PISTA,MOTOCICLETA,0,0,0,0,0,0,0,0,1,0,0,0,0,1,28,HOMBRE,LESIONADO,PASAJERO,NO,NO,0
13404,41743,41744,2018,1,0,-0.291204,-78.561903,PICHINCHA,QUITO,QUITO,URBANA,2018-07-06,05:45:00,5,VIERNES,5,JULIO,7,NO,"ADELANTAR O REBASAR A OTRO VEHICULO EN MOVIMIENTO EN ZONAS O SITIOS PELIGROSOS TALES COMO: CURVAS, PUENTES, TUNELES, PENDIENTES, ETC.",VOLCAMIENTOS,NO IDENTIFICADO,0,0,0,0,0,0,0,0,0,1,0,0,0,1,31,HOMBRE,LESIONADO,CONDUCTOR PRESENTE,NO,NO,0
13405,41750,41751,2018,1,0,-0.202611,-78.503322,PICHINCHA,QUITO,QUITO,URBANA,2018-07-06,08:00:00,8,VIERNES,5,JULIO,7,NO,NO TRANSITAR POR LAS ACERAS O ZONAS DE SEGURIDAD DESTINADAS PARA EL EFECTO.,ATROPELLOS,MOTOCICLETA,0,0,0,0,0,0,0,0,1,0,0,0,0,1,54,MUJER,LESIONADO,PEATON,NO,NO,0
13406,41754,41755,2018,0,0,-0.196348,-78.486826,PICHINCHA,QUITO,QUITO,URBANA,2018-07-06,08:54:00,8,VIERNES,5,JULIO,7,NO,REALIZAR CAMBIO BRUSCO O INDEBIDO DE CARRIL.,OTROS,AUTOMOVIL,1,0,0,0,0,0,0,0,0,0,0,0,0,1,42,HOMBRE,ILESO,CONDUCTOR PRESENTE,NO,NO,0
13407,41757,41758,2018,0,0,-0.285325,-78.489131,PICHINCHA,QUITO,CONOCOTO,URBANA,2018-07-06,10:15:00,10,VIERNES,5,JULIO,7,NO,"CONDUCIR DESATENTO A LAS CONDICIONES DE TRANSITO (CELULAR, PANTALLAS DE VIDEO, COMIDA, MAQUILLAJE O CUALQUIER OTRO ELEMENTO DISTRACTOR).",CHOQUE POSTERIOR,AUTOMOVIL,2,0,0,0,0,0,0,0,0,0,0,0,0,2,37,MUJER,ILESO,CONDUCTOR PRESENTE,NO,NO,0
13408,41759,41760,2018,0,0,-0.277858,-78.555894,PICHINCHA,QUITO,QUITO,URBANA,2018-07-06,12:30:00,12,VIERNES,5,JULIO,7,NO,NO TRANSITAR POR LAS ACERAS O ZONAS DE SEGURIDAD DESTINADAS PARA EL EFECTO.,ATROPELLOS,AUTOMOVIL,1,0,0,0,0,0,0,0,0,0,0,0,0,1,42,MUJER,ILESO,PEATON,NO,NO,0
13409,41761,41762,2018,0,0,-0.217302,-78.498317,PICHINCHA,QUITO,QUITO,URBANA,2018-07-06,13:30:00,13,VIERNES,5,JULIO,7,NO,"CONDUCE BAJO LA INFLUENCIA DE ALCOHOL, SUSTANCIAS ESTUPEFACIENTES O PSICOTROPICAS Y/O MEDICAMENTOS.",ROZAMIENTOS,AUTOMOVIL,2,0,0,0,0,0,0,0,0,0,0,0,0,2,39,HOMBRE,ILESO,CONDUCTOR PRESENTE,NO,NO,0
13410,41763,41764,2018,1,0,-0.374029,-78.497632,PICHINCHA,QUITO,AMAGUANIA,RURAL,2018-07-06,14:30:00,14,VIERNES,5,JULIO,7,NO,"CASO FORTUITO O FUERZA MAYOR (EXPLOSION DE NEUMATICO NUEVO, DERRUMBE, INUNDACION, CAIDA DE PUENTE, ARBOL, PRESENCIA INTEMPESTIVA E IMPREVISTA DE SEMOVIENTES EN LA VIA, ETC.).",ESTRELLAMIENTOS,AUTOMOVIL,3,0,0,0,0,0,0,0,0,0,0,0,0,3,4,HOMBRE,LESIONADO,PASAJERO,NO,NO,3
13411,41764,41765,2018,2,0,-0.161461,-78.487356,PICHINCHA,QUITO,QUITO,URBANA,2018-07-06,14:45:00,14,VIERNES,5,JULIO,7,NO,"ADELANTAR O REBASAR A OTRO VEHICULO EN MOVIMIENTO EN ZONAS O SITIOS PELIGROSOS TALES COMO: CURVAS, PUENTES, TUNELES, PENDIENTES, ETC.",CHOQUE LATERAL,AUTOMOVIL,1,0,1,0,0,0,0,0,0,0,0,0,0,2,56,HOMBRE,LESIONADO,CONDUCTOR PRESENTE,NO,NO,0
13412,41766,41767,2018,1,0,-0.190082,-78.488029,PICHINCHA,QUITO,QUITO,URBANA,2018-07-06,15:25:00,15,VIERNES,5,JULIO,7,NO,NO TRANSITAR POR LAS ACERAS O ZONAS DE SEGURIDAD DESTINADAS PARA EL EFECTO.,ATROPELLOS,AUTOMOVIL,1,0,0,0,0,0,0,0,0,0,0,0,0,1,23,MUJER,LESIONADO,PEATON,NO,NO,0
13413,41768,41769,2018,2,0,-0.302748,-78.552837,PICHINCHA,QUITO,QUITO,URBANA,2018-07-06,15:35:00,15,VIERNES,5,JULIO,7,NO,"CONDUCIR DESATENTO A LAS CONDICIONES DE TRANSITO (CELULAR, PANTALLAS DE VIDEO, COMIDA, MAQUILLAJE O CUALQUIER OTRO ELEMENTO DISTRACTOR).",CHOQUE LATERAL,BUS,0,0,1,0,0,0,0,0,1,0,0,0,0,2,17,HOMBRE,LESIONADO,PASAJERO,NO,NO,0
13414,41774,41775,2018,0,0,-0.209797,-78.486831,PICHINCHA,QUITO,QUITO,URBANA,2018-07-06,16:10:00,16,VIERNES,5,JULIO,7,NO,NO GUARDAR LA DISTANCIA LATERAL MINIMA DE SEGURIDAD ENTRE VEHICULOS.,CHOQUE LATERAL,AUTOMOVIL,2,0,0,0,0,0,0,0,0,0,0,0,0,2,30,HOMBRE,ILESO,CONDUCTOR PRESENTE,NO,NO,0
13415,41782,41783,2018,1,0,-0.313761,-78.546196,PICHINCHA,QUITO,QUITO,URBANA,2018-07-06,17:40:00,17,VIERNES,5,JULIO,7,NO,CONDUCIR VEHICULO SUPERANDO LOS LIMITES MAXIMOS DE VELOCIDAD.,ATROPELLOS,AUTOMOVIL,1,0,0,0,0,0,0,0,0,0,0,0,0,1,14,MUJER,LESIONADO,PEATON,NO,NO,0
13416,41783,41784,2018,1,0,-0.209101,-78.365448,PICHINCHA,QUITO,PUEMBO,URBANA,2018-07-06,17:45:00,17,VIERNES,5,JULIO,7,NO,CONDUCIR VEHICULO SUPERANDO LOS LIMITES MAXIMOS DE VELOCIDAD.,PERDIDA DE PISTA,MOTOCICLETA,0,0,0,0,0,0,0,0,1,0,0,0,0,1,24,HOMBRE,LESIONADO,CONDUCTOR PRESENTE,NO,NO,0
13417,41788,41789,2018,0,0,-0.212824,-78.402686,PICHINCHA,QUITO,TUMBACO,URBANA,2018-07-06,19:00:00,19,VIERNES,5,JULIO,7,NO,"CONDUCIR DESATENTO A LAS CONDICIONES DE TRANSITO (CELULAR, PANTALLAS DE VIDEO, COMIDA, MAQUILLAJE O CUALQUIER OTRO ELEMENTO DISTRACTOR).",ESTRELLAMIENTOS,CAMION,0,0,0,1,0,0,0,0,0,0,0,0,0,1,54,MUJER,ILESO,CONDUCTOR PRESENTE,NO,NO,0
13418,41789,41790,2018,1,0,-0.217976,-78.510908,PICHINCHA,QUITO,QUITO,URBANA,2018-07-06,19:15:00,19,VIERNES,5,JULIO,7,NO,"NO RESPETAR LAS SENIALES REGLAMENTARIAS DE TRANSITO. (PARE, CEDA EL PASO, LUZ ROJA DEL SEMAFORO, ETC).",ATROPELLOS,NO IDENTIFICADO,0,0,0,0,0,0,0,0,0,1,0,0,0,1,27,HOMBRE,LESIONADO,PEATON,NO,NO,0
13419,41793,41794,2018,1,0,-0.090342,-78.470365,PICHINCHA,QUITO,QUITO,URBANA,2018-07-06,20:10:00,20,VIERNES,5,JULIO,7,NO,CONDUCIR EN SENTIDO CONTRARIO A LA VIA NORMAL DE CIRCULACION.,ATROPELLOS,NO IDENTIFICADO,0,0,0,0,0,0,0,0,0,1,0,0,0,1,71,HOMBRE,LESIONADO,PEATON,NO,NO,0
13420,41795,41796,2018,0,0,-0.053908,-78.350558,PICHINCHA,QUITO,GUAYLLABAMBA,RURAL,2018-07-06,20:45:00,20,VIERNES,5,JULIO,7,NO,NO MANTENER LA DISTANCIA PRUDENCIAL CON RESPECTO AL VEHICULO QUE LE ANTECEDE.,CHOQUE POSTERIOR,VEHICULO DEPORTIVO UTILITARIO,1,0,0,0,0,0,0,0,0,0,0,0,1,2,41,HOMBRE,ILESO,CONDUCTOR PRESENTE,NO,NO,3
13421,41798,41799,2018,1,0,-0.244337,-78.539137,PICHINCHA,QUITO,QUITO,URBANA,2018-07-06,21:15:00,21,VIERNES,5,JULIO,7,NO,"NO RESPETAR LAS SENIALES REGLAMENTARIAS DE TRANSITO. (PARE, CEDA EL PASO, LUZ ROJA DEL SEMAFORO, ETC).",CHOQUE FRONTAL,MOTOCICLETA,1,0,0,0,0,0,0,0,1,0,0,0,0,2,19,HOMBRE,LESIONADO,CONDUCTOR PRESENTE,NO,NO,0
13422,41803,41804,2018,0,0,-0.184458,-78.488952,PICHINCHA,QUITO,QUITO,URBANA,2018-07-06,22:40:00,22,VIERNES,5,JULIO,7,NO,"CONDUCE BAJO LA INFLUENCIA DE ALCOHOL, SUSTANCIAS ESTUPEFACIENTES O PSICOTROPICAS Y/O MEDICAMENTOS.",CHOQUE POSTERIOR,AUTOMOVIL,2,0,0,0,0,0,0,0,0,0,0,0,0,2,24,MUJER,ILESO,CONDUCTOR PRESENTE,NO,NO,0
13423,41806,41807,2018,0,0,-0.281962,-78.491186,PICHINCHA,QUITO,CONOCOTO,URBANA,2018-07-06,23:20:00,23,VIERNES,5,JULIO,7,NO,"CONDUCIR EN ESTADO DE SOMNOLENCIA O MALAS CONDICIONES FISICAS (SUENIO, CANSANCIO Y FATIGA).",ESTRELLAMIENTOS,AUTOMOVIL,1,0,0,0,0,0,0,0,0,0,0,0,0,1,-1,NO IDENTIFICADO,NO IDENTIFICADO,CONDUCTOR AUSENTE,NO,NO,2
13424,41807,41808,2018,1,0,-0.105373,-78.462381,PICHINCHA,QUITO,QUITO,URBANA,2018-07-06,23:30:00,23,VIERNES,5,JULIO,7,NO,NO MANTENER LA DISTANCIA PRUDENCIAL CON RESPECTO AL VEHICULO QUE LE ANTECEDE.,CHOQUE POSTERIOR,MOTOCICLETA,1,0,0,0,0,0,0,0,1,0,0,0,0,2,28,HOMBRE,LESIONADO,CONDUCTOR PRESENTE,NO,NO,0
13425,41808,41809,2018,0,0,-0.232881,-78.524489,PICHINCHA,QUITO,QUITO,URBANA,2018-07-07,00:02:00,0,SABADO,6,JULIO,7,NO,CONDUCIR VEHICULO SUPERANDO LOS LIMITES MAXIMOS DE VELOCIDAD.,ESTRELLAMIENTOS,CAMIONETA,0,0,0,0,1,0,0,0,0,0,0,0,0,1,-1,NO IDENTIFICADO,NO IDENTIFICADO,CONDUCTOR AUSENTE,NO,NO,2
13426,41809,41810,2018,1,0,-0.082505,-78.418596,PICHINCHA,QUITO,CALDERON (CARAPUNGO),URBANA,2018-07-07,00:15:00,0,SABADO,6,JULIO,7,NO,"CONDUCE BAJO LA INFLUENCIA DE ALCOHOL, SUSTANCIAS ESTUPEFACIENTES O PSICOTROPICAS Y/O MEDICAMENTOS.",CHOQUE LATERAL,AUTOMOVIL,2,0,0,0,0,0,0,0,0,0,0,0,0,2,31,HOMBRE,LESIONADO,CONDUCTOR PRESENTE,NO,NO,0
13427,41810,41811,2018,1,0,-0.301001,-78.556479,PICHINCHA,QUITO,QUITO,URBANA,2018-07-07,00:30:00,0,SABADO,6,JULIO,7,NO,NO CEDER EL DERECHO DE VIA O PREFERENCIA DE PASO AL PEATON.,OTROS,NO IDENTIFICADO,0,0,0,0,0,0,0,0,0,1,0,0,0,1,38,HOMBRE,LESIONADO,PEATON,NO,NO,0
13428,41811,41812,2018,1,0,-0.268259,-78.546323,PICHINCHA,QUITO,QUITO,URBANA,2018-07-07,00:30:00,0,SABADO,6,JULIO,7,NO,"CONDUCE BAJO LA INFLUENCIA DE ALCOHOL, SUSTANCIAS ESTUPEFACIENTES O PSICOTROPICAS Y/O MEDICAMENTOS.",CHOQUE FRONTAL,AUTOMOVIL,1,0,0,0,0,0,0,0,0,0,0,0,1,2,56,HOMBRE,LESIONADO,CONDUCTOR PRESENTE,NO,NO,0
13429,41812,41813,2018,0,0,-0.100879,-78.480974,PICHINCHA,QUITO,QUITO,URBANA,2018-07-07,00:30:00,0,SABADO,6,JULIO,7,NO,"CONDUCIR EN ESTADO DE SOMNOLENCIA O MALAS CONDICIONES FISICAS (SUENIO, CANSANCIO Y FATIGA).",ESTRELLAMIENTOS,AUTOMOVIL,2,0,0,0,0,0,0,0,0,1,0,0,0,3,29,HOMBRE,ILESO,CONDUCTOR PRESENTE,NO,NO,0
13430,41814,41815,2018,0,1,-0.116014,-78.479591,PICHINCHA,QUITO,QUITO,URBANA,2018-07-07,01:30:00,1,SABADO,6,JULIO,7,NO,NO TRANSITAR POR LAS ACERAS O ZONAS DE SEGURIDAD DESTINADAS PARA EL EFECTO.,ATROPELLOS,NO IDENTIFICADO,0,0,0,0,0,0,0,0,0,1,0,0,0,1,35,HOMBRE,FALLECIDO,PEATON,NO,NO,0