,Unnamed: 0,ID,ANIO,LESIONADOS,FALLECIDOS,LATITUD_Y,LONGITUD_X,PROVINCIA,CANTON,PARROQUIA,ZONA,FECHA,HORA,PERIODO_2,DIA_1,DIA_2,MES_1,MES_2,FERIADO,CAUSA_PROBABLE,TIPO_DE_SINIESTRO,TIPO_DE_VEHICULO_1,AUTOMOVIL,BICICLETA,BUS,CAMION,CAMIONETA,EMERGENCIAS,ESPECIAL,FURGONETA,MOTOCICLETA,NO_IDENTIFICADO,SCOOTER_ELECTRICO,TRICIMOTO,VEHICULO_DEPORTIVO_UTILITARIO,SUMA_DE_VEHICULOS,EDAD_1,SEXO_1,CONDICION_1,PARTICIPANTE_1,CASCO_1,CINTURON_1,KMeans_Cluster
13431,41816,41817,2018,0,0,-0.502806,-78.571786,PICHINCHA,MEJIA,MACHACHI,URBANA,2018-07-07,01:30:00,1,SABADO,6,JULIO,7,NO,"CONDUCIR DESATENTO A LAS CONDICIONES DE TRANSITO (CELULAR, PANTALLAS DE VIDEO, COMIDA, MAQUILLAJE O CUALQUIER OTRO ELEMENTO DISTRACTOR).",ROZAMIENTOS,CAMION,0,0,0,1,0,0,0,0,0,0,0,0,0,1,54,HOMBRE,ILESO,CONDUCTOR PRESENTE,NO,NO,0
13432,41820,41821,2018,1,0,-0.089251,-78.452193,PICHINCHA,QUITO,CALDERON (CARAPUNGO),RURAL,2018-07-07,03:45:00,3,SABADO,6,JULIO,7,NO,NO CEDER EL DERECHO DE VIA O PREFERENCIA DE PASO AL PEATON.,ATROPELLOS,AUTOMOVIL,1,0,0,0,0,0,0,0,0,0,0,0,0,1,60,HOMBRE,LESIONADO,PEATON,NO,NO,3
13433,41821,41822,2018,1,0,-0.185249,-78.428856,PICHINCHA,QUITO,NAYON,URBANA,2018-07-07,03:45:00,3,SABADO,6,JULIO,7,NO,"PRESENCIA DE AGENTES EXTERNOS EN LA VIA (AGUA, ACEITE, PIEDRA, LASTRE, ESCOMBROS, MADEROS, ETC.).",ESTRELLAMIENTOS,AUTOMOVIL,1,0,0,0,0,0,0,0,0,0,0,0,0,1,37,HOMBRE,LESIONADO,CONDUCTOR PRESENTE,NO,NO,0
13434,41825,41826,2018,0,0,-0.328479,-78.522294,PICHINCHA,QUITO,QUITO,URBANA,2018-07-07,04:30:00,4,SABADO,6,JULIO,7,NO,"PRESENCIA DE AGENTES EXTERNOS EN LA VIA (AGUA, ACEITE, PIEDRA, LASTRE, ESCOMBROS, MADEROS, ETC.).",ESTRELLAMIENTOS,AUTOMOVIL,1,0,0,0,0,0,0,0,0,0,0,0,0,1,29,HOMBRE,ILESO,CONDUCTOR PRESENTE,NO,NO,0
13435,41831,41832,2018,1,0,-0.280861,-78.552874,PICHINCHA,QUITO,QUITO,URBANA,2018-07-07,07:00:00,7,SABADO,6,JULIO,7,NO,CONDUCIR VEHICULO SUPERANDO LOS LIMITES MAXIMOS DE VELOCIDAD.,ATROPELLOS,AUTOMOVIL,1,0,0,0,0,0,0,0,0,0,0,0,0,1,69,MUJER,LESIONADO,PEATON,NO,NO,0
13436,41834,41835,2018,1,0,-0.260629,-78.546185,PICHINCHA,QUITO,QUITO,URBANA,2018-07-07,07:35:00,7,SABADO,6,JULIO,7,NO,"CONDUCE BAJO LA INFLUENCIA DE ALCOHOL, SUSTANCIAS ESTUPEFACIENTES O PSICOTROPICAS Y/O MEDICAMENTOS.",CHOQUE POSTERIOR,AUTOMOVIL,1,0,0,0,0,0,0,0,1,0,0,0,0,2,45,HOMBRE,LESIONADO,CONDUCTOR PRESENTE,NO,NO,0
13437,41835,41836,2018,2,0,-0.099083,-78.421844,PICHINCHA,QUITO,CALDERON (CARAPUNGO),URBANA,2018-07-07,07:40:00,7,SABADO,6,JULIO,7,NO,REALIZAR CAMBIO BRUSCO O INDEBIDO DE CARRIL.,ROZAMIENTOS,CAMIONETA,0,0,0,0,1,0,0,0,1,0,0,0,0,2,22,HOMBRE,LESIONADO,CONDUCTOR PRESENTE,NO,NO,0
13438,41836,41837,2018,0,0,-0.189479,-78.455346,PICHINCHA,QUITO,QUITO,URBANA,2018-07-07,08:00:00,8,SABADO,6,JULIO,7,NO,"PRESENCIA DE AGENTES EXTERNOS EN LA VIA (AGUA, ACEITE, PIEDRA, LASTRE, ESCOMBROS, MADEROS, ETC.).",ESTRELLAMIENTOS,AUTOMOVIL,1,0,0,0,0,0,0,0,0,0,0,0,0,1,62,HOMBRE,ILESO,PASAJERO,NO,NO,0
13439,41838,41839,2018,2,0,-0.101196,-78.515957,PICHINCHA,QUITO,QUITO,URBANA,2018-07-07,08:42:00,8,SABADO,6,JULIO,7,NO,CONDUCIR VEHICULO SUPERANDO LOS LIMITES MAXIMOS DE VELOCIDAD.,ATROPELLOS,CAMIONETA,0,0,0,0,1,0,0,0,1,0,0,0,0,2,16,HOMBRE,LESIONADO,PASAJERO,NO,NO,0
13440,41843,41844,2018,0,0,-0.242462,-78.482784,PICHINCHA,QUITO,QUITO,URBANA,2018-07-07,09:50:00,9,SABADO,6,JULIO,7,NO,CONDUCIR VEHICULO SUPERANDO LOS LIMITES MAXIMOS DE VELOCIDAD.,PERDIDA DE PISTA,FURGONETA,0,0,0,0,0,0,0,1,0,0,0,0,0,1,-1,NO IDENTIFICADO,NO IDENTIFICADO,CONDUCTOR AUSENTE,NO,NO,2
13441,41850,41851,2018,1,0,-0.406518,-78.546638,PICHINCHA,MEJIA,TAMBILLO (MEJIA),RURAL,2018-07-07,11:15:00,11,SABADO,6,JULIO,7,NO,NO TRANSITAR POR LAS ACERAS O ZONAS DE SEGURIDAD DESTINADAS PARA EL EFECTO.,ATROPELLOS,NO IDENTIFICADO,0,0,0,0,0,0,0,0,0,1,0,0,0,1,64,HOMBRE,LESIONADO,PEATON,NO,NO,3
13442,41853,41854,2018,1,0,-0.056741,-78.354077,PICHINCHA,QUITO,GUAYLLABAMBA,RURAL,2018-07-07,11:30:00,11,SABADO,6,JULIO,7,NO,"CONDUCIR EN ESTADO DE SOMNOLENCIA O MALAS CONDICIONES FISICAS (SUENIO, CANSANCIO Y FATIGA).",ATROPELLOS,NO IDENTIFICADO,0,0,0,0,0,0,0,0,0,1,0,0,0,1,61,HOMBRE,LESIONADO,PEATON,NO,NO,3
13443,41855,41856,2018,0,0,-0.328349,-78.422571,PICHINCHA,RUMINIAHUI,SANGOLQUI,URBANA,2018-07-07,11:47:00,11,SABADO,6,JULIO,7,NO,NO MANTENER LA DISTANCIA PRUDENCIAL CON RESPECTO AL VEHICULO QUE LE ANTECEDE.,CHOQUE POSTERIOR,MOTOCICLETA,0,0,0,0,0,0,0,0,1,0,0,0,0,1,33,HOMBRE,ILESO,CONDUCTOR PRESENTE,NO,NO,0
13444,41857,41858,2018,1,0,-0.115222,-78.494481,PICHINCHA,QUITO,QUITO,URBANA,2018-07-07,12:05:00,12,SABADO,6,JULIO,7,NO,PEATON QUE CRUZA LA CALZADA SIN RESPETAR LA SENIALIZACION EXISTENTE (SEMAFOROS O SENIALES MANUALES).,ATROPELLOS,AUTOMOVIL,1,0,0,0,0,0,0,0,0,0,0,0,0,1,70,MUJER,LESIONADO,PEATON,NO,NO,0
13445,41858,41859,2018,2,0,-0.239612,-78.530704,PICHINCHA,QUITO,QUITO,URBANA,2018-07-07,12:20:00,12,SABADO,6,JULIO,7,NO,"NO RESPETAR LAS SENIALES REGLAMENTARIAS DE TRANSITO. (PARE, CEDA EL PASO, LUZ ROJA DEL SEMAFORO, ETC).",CHOQUE LATERAL,MOTOCICLETA,0,0,0,0,0,0,0,0,1,1,0,0,0,2,29,HOMBRE,LESIONADO,CONDUCTOR PRESENTE,NO,NO,0
13446,41859,41860,2018,2,0,-0.253552,-78.491291,PICHINCHA,QUITO,QUITO,RURAL,2018-07-07,12:45:00,12,SABADO,6,JULIO,7,NO,"PRESENCIA DE AGENTES EXTERNOS EN LA VIA (AGUA, ACEITE, PIEDRA, LASTRE, ESCOMBROS, MADEROS, ETC.).",PERDIDA DE PISTA,BUS,0,0,1,0,0,0,0,0,0,0,0,0,0,1,33,HOMBRE,LESIONADO,PASAJERO,NO,NO,3
13447,41864,41865,2018,3,1,-0.291131,-78.524158,PICHINCHA,QUITO,QUITO,URBANA,2018-07-07,13:38:00,13,SABADO,6,JULIO,7,NO,CONDUCIR VEHICULO SUPERANDO LOS LIMITES MAXIMOS DE VELOCIDAD.,ATROPELLOS,MOTOCICLETA,0,0,0,0,0,0,0,0,1,0,0,0,0,1,30,HOMBRE,FALLECIDO,CONDUCTOR PRESENTE,NO,NO,0
13448,41865,41866,2018,2,0,-0.522777,-78.586345,PICHINCHA,MEJIA,ALOASI,RURAL,2018-07-07,13:50:00,13,SABADO,6,JULIO,7,NO,"CONDUCIR DESATENTO A LAS CONDICIONES DE TRANSITO (CELULAR, PANTALLAS DE VIDEO, COMIDA, MAQUILLAJE O CUALQUIER OTRO ELEMENTO DISTRACTOR).",CHOQUE LATERAL,MOTOCICLETA,0,0,0,0,0,0,0,0,1,0,0,0,0,1,33,HOMBRE,LESIONADO,CONDUCTOR PRESENTE,NO,NO,3
13449,41869,41870,2018,0,0,-0.259486,-78.499344,PICHINCHA,QUITO,CONOCOTO,URBANA,2018-07-07,14:45:00,14,SABADO,6,JULIO,7,NO,REALIZAR CAMBIO BRUSCO O INDEBIDO DE CARRIL.,CHOQUE POSTERIOR,AUTOMOVIL,1,0,0,0,0,0,0,0,0,0,0,0,0,1,40,HOMBRE,ILESO,CONDUCTOR PRESENTE,NO,NO,0
13450,41877,41878,2018,0,0,-0.232484,-78.493231,PICHINCHA,QUITO,QUITO,URBANA,2018-07-07,15:38:00,15,SABADO,6,JULIO,7,NO,"NO RESPETAR LAS SENIALES REGLAMENTARIAS DE TRANSITO. (PARE, CEDA EL PASO, LUZ ROJA DEL SEMAFORO, ETC).",ESTRELLAMIENTOS,AUTOMOVIL,1,0,0,0,0,0,0,0,0,0,0,0,0,1,-1,NO IDENTIFICADO,NO IDENTIFICADO,CONDUCTOR AUSENTE,NO,NO,2
13451,41882,41883,2018,1,0,-0.494295,-78.571175,PICHINCHA,MEJIA,ALOAG,RURAL,2018-07-07,18:35:00,18,SABADO,6,JULIO,7,NO,NO MANTENER LA DISTANCIA PRUDENCIAL CON RESPECTO AL VEHICULO QUE LE ANTECEDE.,CHOQUE POSTERIOR,NO IDENTIFICADO,0,0,0,0,0,0,0,0,0,1,0,0,0,1,21,HOMBRE,LESIONADO,CONDUCTOR PRESENTE,NO,NO,3
13452,41889,41890,2018,1,0,-0.190933,-78.480366,PICHINCHA,QUITO,QUITO,URBANA,2018-07-07,19:35:00,19,SABADO,6,JULIO,7,NO,"NO RESPETAR LAS SENIALES REGLAMENTARIAS DE TRANSITO. (PARE, CEDA EL PASO, LUZ ROJA DEL SEMAFORO, ETC).",CHOQUE LATERAL,AUTOMOVIL,1,0,0,0,0,0,0,0,1,0,0,0,0,2,26,HOMBRE,LESIONADO,CONDUCTOR PRESENTE,NO,NO,0
13453,41896,41897,2018,0,0,-0.244839,-78.485243,PICHINCHA,QUITO,QUITO,URBANA,2018-07-07,21:00:00,21,SABADO,6,JULIO,7,NO,NO MANTENER LA DISTANCIA PRUDENCIAL CON RESPECTO AL VEHICULO QUE LE ANTECEDE.,COLISION,AUTOMOVIL,1,0,0,0,2,0,0,0,0,0,0,0,0,3,68,HOMBRE,ILESO,CONDUCTOR PRESENTE,NO,NO,0
13454,41899,41900,2018,1,0,-0.328239,-78.538128,PICHINCHA,QUITO,QUITO,URBANA,2018-07-07,21:30:00,21,SABADO,6,JULIO,7,NO,"CONDUCE BAJO LA INFLUENCIA DE ALCOHOL, SUSTANCIAS ESTUPEFACIENTES O PSICOTROPICAS Y/O MEDICAMENTOS.",ATROPELLOS,AUTOMOVIL,1,0,0,0,0,0,0,0,0,0,0,0,0,1,55,MUJER,LESIONADO,PEATON,NO,NO,0
13455,41900,41901,2018,0,0,-0.231481,-78.523798,PICHINCHA,QUITO,QUITO,URBANA,2018-07-07,22:00:00,22,SABADO,6,JULIO,7,NO,NO GUARDAR LA DISTANCIA LATERAL MINIMA DE SEGURIDAD ENTRE VEHICULOS.,CHOQUE LATERAL,AUTOMOVIL,2,0,0,0,0,0,0,0,0,0,0,0,0,2,51,HOMBRE,ILESO,CONDUCTOR PRESENTE,NO,NO,0
13456,41901,41902,2018,0,0,-0.233331,-78.490789,PICHINCHA,QUITO,QUITO,URBANA,2018-07-07,22:00:00,22,SABADO,6,JULIO,7,NO,"PRESENCIA DE AGENTES EXTERNOS EN LA VIA (AGUA, ACEITE, PIEDRA, LASTRE, ESCOMBROS, MADEROS, ETC.).",ESTRELLAMIENTOS,CAMIONETA,0,0,0,0,1,0,0,0,0,0,0,0,0,1,-1,NO IDENTIFICADO,NO IDENTIFICADO,CONDUCTOR AUSENTE,NO,NO,2
13457,41905,41906,2018,0,0,-0.227324,-78.450086,PICHINCHA,QUITO,CUMBAYA,URBANA,2018-07-07,22:15:00,22,SABADO,6,JULIO,7,NO,CONDUCIR VEHICULO SUPERANDO LOS LIMITES MAXIMOS DE VELOCIDAD.,ESTRELLAMIENTOS,AUTOMOVIL,1,0,0,0,0,0,0,0,0,0,0,0,0,1,-1,NO IDENTIFICADO,NO IDENTIFICADO,CONDUCTOR AUSENTE,NO,NO,2
13458,41907,41908,2018,1,0,-0.113677,-78.474373,PICHINCHA,QUITO,QUITO,URBANA,2018-07-07,22:37:00,22,SABADO,6,JULIO,7,NO,CONDUCIR VEHICULO SUPERANDO LOS LIMITES MAXIMOS DE VELOCIDAD.,ESTRELLAMIENTOS,AUTOMOVIL,1,0,0,0,0,0,0,0,0,0,0,0,0,1,45,HOMBRE,LESIONADO,PASAJERO,NO,NO,0
13459,41910,41911,2018,2,0,-0.109748,-78.489845,PICHINCHA,QUITO,QUITO,URBANA,2018-07-07,23:40:00,23,SABADO,6,JULIO,7,NO,"CONDUCE BAJO LA INFLUENCIA DE ALCOHOL, SUSTANCIAS ESTUPEFACIENTES O PSICOTROPICAS Y/O MEDICAMENTOS.",CHOQUE LATERAL,AUTOMOVIL,2,0,0,0,0,0,0,0,0,0,0,0,0,2,22,HOMBRE,LESIONADO,PASAJERO,NO,NO,0
13460,41912,41913,2018,1,0,-0.057341,-78.355922,PICHINCHA,QUITO,GUAYLLABAMBA,RURAL,2018-07-08,00:20:00,0,DOMINGO,7,JULIO,7,NO,"CONDUCIR DESATENTO A LAS CONDICIONES DE TRANSITO (CELULAR, PANTALLAS DE VIDEO, COMIDA, MAQUILLAJE O CUALQUIER OTRO ELEMENTO DISTRACTOR).",ROZAMIENTOS,NO IDENTIFICADO,0,0,0,0,0,0,0,0,0,1,0,0,0,1,33,HOMBRE,LESIONADO,CONDUCTOR PRESENTE,NO,NO,3
13461,41913,41914,2018,1,0,-0.242071,-78.521024,PICHINCHA,QUITO,QUITO,URBANA,2018-07-08,00:30:00,0,DOMINGO,7,JULIO,7,NO,"CONDUCIR EN ESTADO DE SOMNOLENCIA O MALAS CONDICIONES FISICAS (SUENIO, CANSANCIO Y FATIGA).",ESTRELLAMIENTOS,MOTOCICLETA,1,0,0,0,0,0,0,0,1,0,0,0,0,2,29,HOMBRE,LESIONADO,PASAJERO,NO,NO,0
13462,41915,41916,2018,0,0,-0.072297,-78.474932,PICHINCHA,QUITO,POMASQUI,URBANA,2018-07-08,01:35:00,1,DOMINGO,7,JULIO,7,NO,NO GUARDAR LA DISTANCIA LATERAL MINIMA DE SEGURIDAD ENTRE VEHICULOS.,CHOQUE LATERAL,AUTOMOVIL,2,0,0,0,0,0,0,0,0,0,0,0,0,2,41,MUJER,ILESO,CONDUCTOR PRESENTE,NO,NO,0
13463,41923,41924,2018,0,0,-0.190933,-78.480366,PICHINCHA,QUITO,QUITO,URBANA,2018-07-08,02:40:00,2,DOMINGO,7,JULIO,7,NO,"CONDUCE BAJO LA INFLUENCIA DE ALCOHOL, SUSTANCIAS ESTUPEFACIENTES O PSICOTROPICAS Y/O MEDICAMENTOS.",ESTRELLAMIENTOS,CAMIONETA,0,0,0,0,1,0,0,0,0,0,0,0,0,1,36,HOMBRE,ILESO,CONDUCTOR PRESENTE,NO,NO,0
13464,41924,41925,2018,0,0,-0.344929,-78.548639,PICHINCHA,QUITO,QUITO,URBANA,2018-07-08,02:45:00,2,DOMINGO,7,JULIO,7,NO,NO MANTENER LA DISTANCIA PRUDENCIAL CON RESPECTO AL VEHICULO QUE LE ANTECEDE.,CHOQUE POSTERIOR,AUTOMOVIL,2,0,0,0,0,0,0,0,0,0,0,0,0,2,45,HOMBRE,ILESO,CONDUCTOR PRESENTE,NO,NO,0
13465,41926,41927,2018,1,0,0.082294,-78.192962,PICHINCHA,PEDRO MONCAYO,TUPIGACHI,RURAL,2018-07-08,03:10:00,3,DOMINGO,7,JULIO,7,NO,"CONDUCE BAJO LA INFLUENCIA DE ALCOHOL, SUSTANCIAS ESTUPEFACIENTES O PSICOTROPICAS Y/O MEDICAMENTOS.",ATROPELLOS,AUTOMOVIL,1,0,0,0,0,0,0,0,0,0,0,0,0,1,22,HOMBRE,LESIONADO,PEATON,NO,NO,3
13466,41927,41928,2018,0,0,-0.099083,-78.421844,PICHINCHA,QUITO,CALDERON (CARAPUNGO),URBANA,2018-07-08,03:20:00,3,DOMINGO,7,JULIO,7,NO,"FALLA MECANICA EN LOS SISTEMAS Y/O NEUMATICOS (SISTEMA DE FRENOS, DIRECCION, ELECTRONICO O MECANICO).",ESTRELLAMIENTOS,AUTOMOVIL,1,0,0,0,0,0,0,0,0,0,0,0,0,1,-1,NO IDENTIFICADO,NO IDENTIFICADO,CONDUCTOR AUSENTE,NO,NO,2
13467,41930,41931,2018,0,0,-0.297828,-78.546997,PICHINCHA,QUITO,QUITO,URBANA,2018-07-08,03:40:00,3,DOMINGO,7,JULIO,7,NO,"NO RESPETAR LAS SENIALES REGLAMENTARIAS DE TRANSITO. (PARE, CEDA EL PASO, LUZ ROJA DEL SEMAFORO, ETC).",ESTRELLAMIENTOS,AUTOMOVIL,1,0,0,0,0,0,0,0,0,0,0,0,0,1,-1,NO IDENTIFICADO,NO IDENTIFICADO,CONDUCTOR AUSENTE,NO,NO,2
13468,41937,41938,2018,1,0,-0.254686,-78.483874,PICHINCHA,QUITO,CONOCOTO,URBANA,2018-07-08,05:30:00,5,DOMINGO,7,JULIO,7,NO,"CONDUCE BAJO LA INFLUENCIA DE ALCOHOL, SUSTANCIAS ESTUPEFACIENTES O PSICOTROPICAS Y/O MEDICAMENTOS.",CHOQUE POSTERIOR,AUTOMOVIL,2,0,0,0,0,0,0,0,0,0,0,0,0,2,20,HOMBRE,LESIONADO,CONDUCTOR PRESENTE,NO,NO,0
13469,41939,41940,2018,0,0,-0.152014,-78.464578,PICHINCHA,QUITO,QUITO,URBANA,2018-07-08,06:10:00,6,DOMINGO,7,JULIO,7,NO,CONDUCIR VEHICULO SUPERANDO LOS LIMITES MAXIMOS DE VELOCIDAD.,ESTRELLAMIENTOS,AUTOMOVIL,1,0,0,0,0,0,0,0,0,0,0,0,0,1,-1,NO IDENTIFICADO,NO IDENTIFICADO,CONDUCTOR AUSENTE,NO,NO,2
13470,41941,41942,2018,2,0,-0.276645,-78.542094,PICHINCHA,QUITO,QUITO,URBANA,2018-07-08,07:00:00,7,DOMINGO,7,JULIO,7,NO,"CONDUCE BAJO LA INFLUENCIA DE ALCOHOL, SUSTANCIAS ESTUPEFACIENTES O PSICOTROPICAS Y/O MEDICAMENTOS.",COLISION,CAMIONETA,0,0,0,0,2,0,0,0,1,0,0,0,0,3,26,HOMBRE,LESIONADO,CONDUCTOR PRESENTE,NO,NO,0
13471,41950,41951,2018,0,1,-0.391155,-78.542722,PICHINCHA,MEJIA,CUTUGLAHUA,RURAL,2018-07-08,10:50:00,10,DOMINGO,7,JULIO,7,NO,DEJAR O RECOGER PASAJEROS EN LUGARES NO PERMITIDOS.,ATROPELLOS,NO IDENTIFICADO,0,0,0,0,0,0,0,0,0,1,0,0,0,1,72,HOMBRE,FALLECIDO,PEATON,NO,NO,3
13472,41953,41954,2018,0,0,-0.251489,-78.482823,PICHINCHA,QUITO,QUITO,URBANA,2018-07-08,12:15:00,12,DOMINGO,7,JULIO,7,NO,NO MANTENER LA DISTANCIA PRUDENCIAL CON RESPECTO AL VEHICULO QUE LE ANTECEDE.,CHOQUE POSTERIOR,AUTOMOVIL,2,0,0,0,0,0,0,0,0,0,0,0,0,2,27,HOMBRE,ILESO,CONDUCTOR PRESENTE,NO,NO,0
13473,41954,41955,2018,0,0,-0.089881,-78.517157,PICHINCHA,QUITO,QUITO,URBANA,2018-07-08,12:20:00,12,DOMINGO,7,JULIO,7,NO,CONDUCIR VEHICULO SUPERANDO LOS LIMITES MAXIMOS DE VELOCIDAD.,CHOQUE LATERAL,AUTOMOVIL,2,0,0,0,0,0,0,0,0,0,0,0,0,2,19,HOMBRE,ILESO,CONDUCTOR PRESENTE,NO,NO,0
13474,41955,41956,2018,2,0,-0.313353,-78.548139,PICHINCHA,QUITO,QUITO,URBANA,2018-07-08,12:25:00,12,DOMINGO,7,JULIO,7,NO,CONDUCIR VEHICULO SUPERANDO LOS LIMITES MAXIMOS DE VELOCIDAD.,CHOQUE LATERAL,CAMIONETA,0,0,0,0,1,0,0,0,1,0,0,0,0,2,55,HOMBRE,LESIONADO,CONDUCTOR PRESENTE,NO,NO,0
13475,41958,41959,2018,1,0,-0.233331,-78.490789,PICHINCHA,QUITO,QUITO,URBANA,2018-07-08,13:17:00,13,DOMINGO,7,JULIO,7,NO,NO CEDER EL DERECHO DE VIA O PREFERENCIA DE PASO AL PEATON.,OTROS,CAMION,0,0,0,1,0,0,0,0,0,0,0,0,0,1,21,HOMBRE,LESIONADO,PEATON,NO,NO,0
13476,41963,41964,2018,0,0,-0.186975,-78.505999,PICHINCHA,QUITO,QUITO,URBANA,2018-07-08,14:50:00,14,DOMINGO,7,JULIO,7,NO,CONDUCIR VEHICULO SUPERANDO LOS LIMITES MAXIMOS DE VELOCIDAD.,CHOQUE LATERAL,AUTOMOVIL,2,0,0,0,0,0,0,0,0,0,0,0,0,2,21,HOMBRE,ILESO,CONDUCTOR PRESENTE,NO,NO,0
13477,41969,41970,2018,0,0,-0.280701,-78.557872,PICHINCHA,QUITO,QUITO,URBANA,2018-07-08,16:40:00,16,DOMINGO,7,JULIO,7,NO,NO CEDER EL DERECHO DE VIA O PREFERENCIA DE PASO A VEHICULOS.,CHOQUE LATERAL,AUTOMOVIL,1,0,0,0,0,0,0,0,0,0,0,0,0,1,37,MUJER,ILESO,CONDUCTOR PRESENTE,NO,NO,0
13478,41972,41973,2018,2,0,-0.173696,-78.487885,PICHINCHA,QUITO,QUITO,URBANA,2018-07-08,17:12:00,17,DOMINGO,7,JULIO,7,NO,REALIZAR CAMBIO BRUSCO O INDEBIDO DE CARRIL.,VOLCAMIENTOS,MOTOCICLETA,0,0,0,0,0,0,0,0,1,0,0,0,0,1,21,HOMBRE,LESIONADO,CONDUCTOR PRESENTE,NO,NO,0
13479,41974,41975,2018,0,0,-0.089832,-78.476221,PICHINCHA,QUITO,QUITO,URBANA,2018-07-08,18:40:00,18,DOMINGO,7,JULIO,7,NO,"CONDUCIR EN ESTADO DE SOMNOLENCIA O MALAS CONDICIONES FISICAS (SUENIO, CANSANCIO Y FATIGA).",ROZAMIENTOS,AUTOMOVIL,2,0,0,0,0,0,0,0,0,0,0,0,0,2,44,HOMBRE,ILESO,CONDUCTOR PRESENTE,NO,NO,0
13480,41975,41976,2018,0,1,-0.321895,-78.554106,PICHINCHA,QUITO,QUITO,URBANA,2018-07-08,18:45:00,18,DOMINGO,7,JULIO,7,NO,CONDUCIR VEHICULO SUPERANDO LOS LIMITES MAXIMOS DE VELOCIDAD.,ATROPELLOS,NO IDENTIFICADO,0,0,0,0,0,0,0,0,0,1,0,0,0,1,87,HOMBRE,FALLECIDO,PEATON,NO,NO,0
13481,41978,41979,2018,3,0,-0.185157,-78.388681,PICHINCHA,QUITO,TUMBACO,URBANA,2018-07-08,19:15:00,19,DOMINGO,7,JULIO,7,NO,"CONDUCE BAJO LA INFLUENCIA DE ALCOHOL, SUSTANCIAS ESTUPEFACIENTES O PSICOTROPICAS Y/O MEDICAMENTOS.",ATROPELLOS,AUTOMOVIL,1,0,0,0,1,0,0,0,0,0,0,0,0,2,15,HOMBRE,LESIONADO,PASAJERO,NO,NO,0
13482,41983,41984,2018,0,0,-0.243671,-78.485361,PICHINCHA,QUITO,QUITO,URBANA,2018-07-08,19:58:00,19,DOMINGO,7,JULIO,7,NO,NO GUARDAR LA DISTANCIA LATERAL MINIMA DE SEGURIDAD ENTRE VEHICULOS.,CHOQUE LATERAL,AUTOMOVIL,2,0,0,0,0,0,0,0,0,0,0,0,0,2,35,HOMBRE,ILESO,CONDUCTOR PRESENTE,NO,NO,0
13483,41988,41989,2018,2,0,-0.088241,-78.291851,PICHINCHA,CAYAMBE,ASCAZUBI,RURAL,2018-07-08,20:30:00,20,DOMINGO,7,JULIO,7,NO,"CONDUCIR EN ESTADO DE SOMNOLENCIA O MALAS CONDICIONES FISICAS (SUENIO, CANSANCIO Y FATIGA).",ATROPELLOS,NO IDENTIFICADO,0,0,0,0,0,0,0,0,0,1,0,0,0,1,37,MUJER,LESIONADO,PEATON,NO,NO,3
13484,41989,41990,2018,1,0,-0.116673,-78.502746,PICHINCHA,QUITO,QUITO,RURAL,2018-07-08,20:40:00,20,DOMINGO,7,JULIO,7,NO,CONDUCIR VEHICULO SUPERANDO LOS LIMITES MAXIMOS DE VELOCIDAD.,PERDIDA DE PISTA,NO IDENTIFICADO,0,0,0,0,0,0,0,0,0,1,0,0,0,1,18,HOMBRE,LESIONADO,PASAJERO,NO,NO,3
13485,42002,42003,2018,0,0,-0.331895,-78.554775,PICHINCHA,QUITO,QUITO,URBANA,2018-07-09,00:00:00,0,LUNES,1,JULIO,7,NO,"CONDUCE BAJO LA INFLUENCIA DE ALCOHOL, SUSTANCIAS ESTUPEFACIENTES O PSICOTROPICAS Y/O MEDICAMENTOS.",ESTRELLAMIENTOS,CAMIONETA,0,0,0,0,1,0,0,0,0,0,0,0,0,1,37,HOMBRE,ILESO,CONDUCTOR PRESENTE,NO,NO,0
13486,42004,42005,2018,0,0,-0.289258,-78.538371,PICHINCHA,QUITO,QUITO,URBANA,2018-07-09,04:30:00,4,LUNES,1,JULIO,7,NO,"NO RESPETAR LAS SENIALES REGLAMENTARIAS DE TRANSITO. (PARE, CEDA EL PASO, LUZ ROJA DEL SEMAFORO, ETC).",ESTRELLAMIENTOS,AUTOMOVIL,1,0,0,0,0,0,0,0,0,0,0,0,0,1,-1,NO IDENTIFICADO,NO IDENTIFICADO,CONDUCTOR AUSENTE,NO,NO,2
13487,42005,42006,2018,0,0,-0.245326,-78.534069,PICHINCHA,QUITO,QUITO,URBANA,2018-07-09,04:30:00,4,LUNES,1,JULIO,7,NO,"CONDUCIR EN ESTADO DE SOMNOLENCIA O MALAS CONDICIONES FISICAS (SUENIO, CANSANCIO Y FATIGA).",ESTRELLAMIENTOS,AUTOMOVIL,1,0,0,0,0,0,0,0,0,0,0,0,0,1,40,HOMBRE,ILESO,CONDUCTOR PRESENTE,NO,NO,0
13488,42014,42015,2018,0,0,-0.177432,-78.485892,PICHINCHA,QUITO,QUITO,URBANA,2018-07-09,08:45:00,8,LUNES,1,JULIO,7,NO,REALIZAR CAMBIO BRUSCO O INDEBIDO DE CARRIL.,CHOQUE LATERAL,AUTOMOVIL,1,0,0,0,1,0,0,0,0,0,0,0,0,2,42,HOMBRE,ILESO,CONDUCTOR PRESENTE,NO,NO,0