,Unnamed: 0,ID,ANIO,LESIONADOS,FALLECIDOS,LATITUD_Y,LONGITUD_X,PROVINCIA,CANTON,PARROQUIA,ZONA,FECHA,HORA,PERIODO_2,DIA_1,DIA_2,MES_1,MES_2,FERIADO,CAUSA_PROBABLE,TIPO_DE_SINIESTRO,TIPO_DE_VEHICULO_1,AUTOMOVIL,BICICLETA,BUS,CAMION,CAMIONETA,EMERGENCIAS,ESPECIAL,FURGONETA,MOTOCICLETA,NO_IDENTIFICADO,SCOOTER_ELECTRICO,TRICIMOTO,VEHICULO_DEPORTIVO_UTILITARIO,SUMA_DE_VEHICULOS,EDAD_1,SEXO_1,CONDICION_1,PARTICIPANTE_1,CASCO_1,CINTURON_1,KMeans_Cluster
13549,42217,42218,2018,0,0,-0.230875,-78.512291,PICHINCHA,QUITO,QUITO,URBANA,2018-07-12,12:55:00,12,JUEVES,4,JULIO,7,NO,PEATON QUE CRUZA LA CALZADA SIN RESPETAR LA SENIALIZACION EXISTENTE (SEMAFOROS O SENIALES MANUALES).,ATROPELLOS,AUTOMOVIL,1,0,0,0,0,0,0,0,0,0,0,0,0,1,59,HOMBRE,ILESO,CONDUCTOR PRESENTE,NO,NO,0
13550,42220,42221,2018,0,0,-0.159821,-78.488915,PICHINCHA,QUITO,QUITO,URBANA,2018-07-12,13:20:00,13,JUEVES,4,JULIO,7,NO,CONDUCIR VEHICULO SUPERANDO LOS LIMITES MAXIMOS DE VELOCIDAD.,CHOQUE POSTERIOR,AUTOMOVIL,1,0,0,0,0,0,0,0,1,0,0,0,0,2,73,HOMBRE,ILESO,CONDUCTOR PRESENTE,NO,NO,0
13551,42221,42222,2018,0,0,-0.174894,-78.501169,PICHINCHA,QUITO,QUITO,URBANA,2018-07-12,13:45:00,13,JUEVES,4,JULIO,7,NO,NO MANTENER LA DISTANCIA PRUDENCIAL CON RESPECTO AL VEHICULO QUE LE ANTECEDE.,CHOQUE POSTERIOR,AUTOMOVIL,1,0,0,1,0,0,0,0,0,0,0,0,0,2,26,MUJER,ILESO,CONDUCTOR PRESENTE,NO,NO,0
13552,42227,42228,2018,1,0,-0.121216,-78.480213,PICHINCHA,QUITO,QUITO,URBANA,2018-07-12,16:20:00,16,JUEVES,4,JULIO,7,NO,PEATON QUE CRUZA LA CALZADA SIN RESPETAR LA SENIALIZACION EXISTENTE (SEMAFOROS O SENIALES MANUALES).,ATROPELLOS,AUTOMOVIL,1,0,0,0,0,0,0,0,0,0,0,0,0,1,54,MUJER,LESIONADO,PEATON,NO,NO,0
13553,42230,42231,2018,0,0,-0.142041,-78.443217,PICHINCHA,QUITO,LLANO CHICO,URBANA,2018-07-12,17:30:00,17,JUEVES,4,JULIO,7,NO,NO CEDER EL DERECHO DE VIA O PREFERENCIA DE PASO A VEHICULOS.,CHOQUE LATERAL,CAMION,0,0,0,1,1,0,0,0,0,0,0,0,0,2,35,HOMBRE,ILESO,CONDUCTOR PRESENTE,NO,NO,0
13554,42235,42236,2018,2,0,-0.245278,-78.498167,PICHINCHA,QUITO,QUITO,URBANA,2018-07-12,19:30:00,19,JUEVES,4,JULIO,7,NO,"CONDUCIR DESATENTO A LAS CONDICIONES DE TRANSITO (CELULAR, PANTALLAS DE VIDEO, COMIDA, MAQUILLAJE O CUALQUIER OTRO ELEMENTO DISTRACTOR).",ESTRELLAMIENTOS,BUS,0,0,1,0,0,0,0,0,0,0,0,0,0,1,35,HOMBRE,LESIONADO,CONDUCTOR PRESENTE,NO,NO,0
13555,42236,42237,2018,1,0,-0.101875,-78.490497,PICHINCHA,QUITO,QUITO,URBANA,2018-07-12,19:55:00,19,JUEVES,4,JULIO,7,NO,PEATON QUE CRUZA LA CALZADA SIN RESPETAR LA SENIALIZACION EXISTENTE (SEMAFOROS O SENIALES MANUALES).,ATROPELLOS,MOTOCICLETA,0,0,0,0,0,0,0,0,1,0,0,0,0,1,22,MUJER,LESIONADO,CONDUCTOR PRESENTE,NO,NO,0
13556,42239,42240,2018,0,0,-0.261651,-78.528897,PICHINCHA,QUITO,QUITO,URBANA,2018-07-12,21:05:00,21,JUEVES,4,JULIO,7,NO,"CONDUCE BAJO LA INFLUENCIA DE ALCOHOL, SUSTANCIAS ESTUPEFACIENTES O PSICOTROPICAS Y/O MEDICAMENTOS.",CHOQUE POSTERIOR,AUTOMOVIL,2,0,0,0,0,0,0,0,0,0,0,0,0,2,30,HOMBRE,ILESO,CONDUCTOR PRESENTE,NO,NO,0
13557,42242,42243,2018,0,0,-0.102356,-78.452041,PICHINCHA,QUITO,CALDERON (CARAPUNGO),URBANA,2018-07-12,23:00:00,23,JUEVES,4,JULIO,7,NO,"FALLA MECANICA EN LOS SISTEMAS Y/O NEUMATICOS (SISTEMA DE FRENOS, DIRECCION, ELECTRONICO O MECANICO).",CHOQUE POSTERIOR,FURGONETA,0,0,1,0,0,0,0,1,0,0,0,0,0,2,45,HOMBRE,ILESO,CONDUCTOR PRESENTE,NO,NO,0
13558,42243,42244,2018,0,0,-0.247883,-78.514778,PICHINCHA,QUITO,QUITO,URBANA,2018-07-12,23:00:00,23,JUEVES,4,JULIO,7,NO,CONDUCIR VEHICULO SUPERANDO LOS LIMITES MAXIMOS DE VELOCIDAD.,ROZAMIENTOS,CAMIONETA,0,0,0,0,1,0,0,0,0,0,0,0,0,1,-1,NO IDENTIFICADO,NO IDENTIFICADO,CONDUCTOR AUSENTE,NO,NO,2
13559,42246,42247,2018,0,0,-0.245326,-78.534069,PICHINCHA,QUITO,QUITO,URBANA,2018-07-13,01:00:00,1,VIERNES,5,JULIO,7,NO,"CONDUCIR DESATENTO A LAS CONDICIONES DE TRANSITO (CELULAR, PANTALLAS DE VIDEO, COMIDA, MAQUILLAJE O CUALQUIER OTRO ELEMENTO DISTRACTOR).",OTROS,AUTOMOVIL,1,0,0,0,0,0,0,0,0,0,0,0,0,1,38,HOMBRE,ILESO,CONDUCTOR PRESENTE,NO,NO,0
13560,42248,42249,2018,0,0,-0.213659,-78.491491,PICHINCHA,QUITO,QUITO,URBANA,2018-07-13,01:28:00,1,VIERNES,5,JULIO,7,NO,"NO RESPETAR LAS SENIALES REGLAMENTARIAS DE TRANSITO. (PARE, CEDA EL PASO, LUZ ROJA DEL SEMAFORO, ETC).",ESTRELLAMIENTOS,AUTOMOVIL,1,0,0,0,1,0,0,0,0,0,0,0,0,2,34,HOMBRE,ILESO,CONDUCTOR PRESENTE,NO,NO,0
13561,42249,42250,2018,2,0,-0.120424,-78.415686,PICHINCHA,QUITO,CALDERON (CARAPUNGO),URBANA,2018-07-13,01:30:00,1,VIERNES,5,JULIO,7,NO,CONDUCIR VEHICULO SUPERANDO LOS LIMITES MAXIMOS DE VELOCIDAD.,ESTRELLAMIENTOS,BUS,0,0,1,0,0,0,0,0,0,0,0,0,0,1,48,MUJER,LESIONADO,PASAJERO,NO,NO,0
13562,42251,42252,2018,1,0,-0.162236,-78.481618,PICHINCHA,QUITO,QUITO,URBANA,2018-07-13,05:54:00,5,VIERNES,5,JULIO,7,NO,PEATON QUE CRUZA LA CALZADA SIN RESPETAR LA SENIALIZACION EXISTENTE (SEMAFOROS O SENIALES MANUALES).,ATROPELLOS,MOTOCICLETA,0,0,0,0,0,0,0,0,1,0,0,0,0,1,24,MUJER,LESIONADO,PEATON,NO,NO,0
13563,42253,42254,2018,4,0,-0.174346,-78.470797,PICHINCHA,QUITO,QUITO,URBANA,2018-07-13,07:00:00,7,VIERNES,5,JULIO,7,NO,"CONDUCE BAJO LA INFLUENCIA DE ALCOHOL, SUSTANCIAS ESTUPEFACIENTES O PSICOTROPICAS Y/O MEDICAMENTOS.",CHOQUE FRONTAL,AUTOMOVIL,2,0,0,0,0,0,0,0,0,0,0,0,0,2,37,HOMBRE,LESIONADO,CONDUCTOR PRESENTE,NO,NO,0
13564,42259,42260,2018,0,0,-0.292724,-78.476486,PICHINCHA,QUITO,CONOCOTO,URBANA,2018-07-13,09:05:00,9,VIERNES,5,JULIO,7,NO,"FALLA MECANICA EN LOS SISTEMAS Y/O NEUMATICOS (SISTEMA DE FRENOS, DIRECCION, ELECTRONICO O MECANICO).",ESTRELLAMIENTOS,CAMIONETA,1,0,0,0,1,0,0,0,0,0,0,0,0,2,30,HOMBRE,ILESO,CONDUCTOR PRESENTE,NO,NO,0
13565,42261,42262,2018,0,1,-0.291245,-78.447132,PICHINCHA,QUITO,ALANGASI,RURAL,2018-07-13,10:57:00,10,VIERNES,5,JULIO,7,NO,PEATON QUE CRUZA LA CALZADA SIN RESPETAR LA SENIALIZACION EXISTENTE (SEMAFOROS O SENIALES MANUALES).,ATROPELLOS,NO IDENTIFICADO,0,0,0,0,0,0,0,0,0,1,0,0,0,1,70,MUJER,FALLECIDO,PEATON,NO,NO,3
13566,42265,42266,2018,1,0,-0.197223,-78.502107,PICHINCHA,QUITO,QUITO,URBANA,2018-07-13,12:31:00,12,VIERNES,5,JULIO,7,NO,PEATON QUE CRUZA LA CALZADA SIN RESPETAR LA SENIALIZACION EXISTENTE (SEMAFOROS O SENIALES MANUALES).,ATROPELLOS,BUS,0,0,1,0,0,0,0,0,0,0,0,0,0,1,91,HOMBRE,LESIONADO,PEATON,NO,NO,0
13567,42267,42268,2018,1,0,-0.145115,-78.491591,PICHINCHA,QUITO,QUITO,URBANA,2018-07-13,12:46:00,12,VIERNES,5,JULIO,7,NO,NO GUARDAR LA DISTANCIA LATERAL MINIMA DE SEGURIDAD ENTRE VEHICULOS.,ROZAMIENTOS,CAMION,0,0,0,1,0,0,0,0,1,0,0,0,0,2,42,HOMBRE,LESIONADO,CONDUCTOR PRESENTE,NO,NO,0
13568,42268,42269,2018,2,0,-0.091391,-78.469442,PICHINCHA,QUITO,QUITO,URBANA,2018-07-13,12:50:00,12,VIERNES,5,JULIO,7,NO,"CONDUCIR DESATENTO A LAS CONDICIONES DE TRANSITO (CELULAR, PANTALLAS DE VIDEO, COMIDA, MAQUILLAJE O CUALQUIER OTRO ELEMENTO DISTRACTOR).",CHOQUE LATERAL,AUTOMOVIL,2,0,0,0,0,0,0,0,0,0,0,0,0,2,48,MUJER,LESIONADO,PASAJERO,NO,NO,0
13569,42269,42270,2018,0,0,-0.241136,-78.541211,PICHINCHA,QUITO,QUITO,URBANA,2018-07-13,13:30:00,13,VIERNES,5,JULIO,7,NO,NO CEDER EL DERECHO DE VIA O PREFERENCIA DE PASO A VEHICULOS.,CHOQUE LATERAL,AUTOMOVIL,1,0,0,0,0,0,0,0,0,0,0,0,0,1,38,HOMBRE,ILESO,CONDUCTOR PRESENTE,NO,NO,0
13570,42272,42273,2018,0,0,-0.142178,-78.500536,PICHINCHA,QUITO,QUITO,URBANA,2018-07-13,14:15:00,14,VIERNES,5,JULIO,7,NO,REALIZAR CAMBIO BRUSCO O INDEBIDO DE CARRIL.,CHOQUE LATERAL,CAMION,1,0,0,1,0,0,0,0,0,0,0,0,0,2,58,HOMBRE,ILESO,CONDUCTOR PRESENTE,NO,NO,0
13571,42274,42275,2018,1,0,-0.183461,-78.482152,PICHINCHA,QUITO,QUITO,URBANA,2018-07-13,14:30:00,14,VIERNES,5,JULIO,7,NO,NO MANTENER LA DISTANCIA PRUDENCIAL CON RESPECTO AL VEHICULO QUE LE ANTECEDE.,CHOQUE POSTERIOR,AUTOMOVIL,1,0,0,0,0,0,0,0,1,0,0,0,0,2,34,HOMBRE,LESIONADO,CONDUCTOR PRESENTE,NO,NO,0
13572,42278,42279,2018,0,0,0.010381,-78.562045,PICHINCHA,QUITO,CALACALI,URBANA,2018-07-13,16:05:00,16,VIERNES,5,JULIO,7,NO,CONDUCIR VEHICULO SUPERANDO LOS LIMITES MAXIMOS DE VELOCIDAD.,CHOQUE LATERAL,AUTOMOVIL,1,0,0,0,0,0,0,0,0,1,0,0,0,2,21,HOMBRE,ILESO,CONDUCTOR PRESENTE,NO,NO,0
13573,42279,42280,2018,0,0,-0.179484,-78.481435,PICHINCHA,QUITO,QUITO,URBANA,2018-07-13,16:08:00,16,VIERNES,5,JULIO,7,NO,REALIZAR CAMBIO BRUSCO O INDEBIDO DE CARRIL.,CHOQUE LATERAL,MOTOCICLETA,0,0,0,0,0,0,0,0,1,0,0,0,0,1,19,HOMBRE,ILESO,CONDUCTOR PRESENTE,NO,NO,0
13574,42281,42282,2018,1,0,-0.304167,-78.542831,PICHINCHA,QUITO,QUITO,URBANA,2018-07-13,17:00:00,17,VIERNES,5,JULIO,7,NO,NO GUARDAR LA DISTANCIA LATERAL MINIMA DE SEGURIDAD ENTRE VEHICULOS.,CHOQUE LATERAL,MOTOCICLETA,1,0,0,0,0,0,0,0,1,0,0,0,0,2,19,HOMBRE,LESIONADO,CONDUCTOR PRESENTE,NO,NO,0
13575,42293,42294,2018,1,0,-0.155854,-78.488672,PICHINCHA,QUITO,QUITO,URBANA,2018-07-13,20:30:00,20,VIERNES,5,JULIO,7,NO,NO TRANSITAR POR LAS ACERAS O ZONAS DE SEGURIDAD DESTINADAS PARA EL EFECTO.,ATROPELLOS,NO IDENTIFICADO,0,0,0,0,0,0,0,0,0,1,0,0,0,1,54,MUJER,LESIONADO,PEATON,NO,NO,0
13576,42295,42296,2018,0,0,-0.290441,-78.446081,PICHINCHA,QUITO,ALANGASI,RURAL,2018-07-13,20:48:00,20,VIERNES,5,JULIO,7,NO,"NO RESPETAR LAS SENIALES REGLAMENTARIAS DE TRANSITO. (PARE, CEDA EL PASO, LUZ ROJA DEL SEMAFORO, ETC).",ESTRELLAMIENTOS,AUTOMOVIL,1,0,0,0,0,0,0,0,0,0,0,0,0,1,25,HOMBRE,ILESO,CONDUCTOR PRESENTE,NO,NO,3
13577,42296,42297,2018,1,0,-0.109355,-78.458028,PICHINCHA,QUITO,CALDERON (CARAPUNGO),URBANA,2018-07-13,20:56:00,20,VIERNES,5,JULIO,7,NO,NO MANTENER LA DISTANCIA PRUDENCIAL CON RESPECTO AL VEHICULO QUE LE ANTECEDE.,CHOQUE POSTERIOR,NO IDENTIFICADO,0,0,0,0,0,0,0,0,0,1,0,0,0,1,52,HOMBRE,LESIONADO,CONDUCTOR PRESENTE,NO,NO,0
13578,42299,42300,2018,0,0,-0.184825,-78.479267,PICHINCHA,QUITO,QUITO,URBANA,2018-07-13,21:15:00,21,VIERNES,5,JULIO,7,NO,"CONDUCE BAJO LA INFLUENCIA DE ALCOHOL, SUSTANCIAS ESTUPEFACIENTES O PSICOTROPICAS Y/O MEDICAMENTOS.",ROZAMIENTOS,AUTOMOVIL,3,0,0,0,0,0,0,0,0,0,0,0,0,3,20,HOMBRE,ILESO,CONDUCTOR PRESENTE,NO,NO,0
13579,42301,42302,2018,1,0,-0.154549,-78.487915,PICHINCHA,QUITO,QUITO,URBANA,2018-07-13,21:50:00,21,VIERNES,5,JULIO,7,NO,"CONDUCIR DESATENTO A LAS CONDICIONES DE TRANSITO (CELULAR, PANTALLAS DE VIDEO, COMIDA, MAQUILLAJE O CUALQUIER OTRO ELEMENTO DISTRACTOR).",ATROPELLOS,NO IDENTIFICADO,0,0,0,0,0,0,0,0,0,1,0,0,0,1,-1,HOMBRE,LESIONADO,PEATON,NO,NO,0
13580,42302,42303,2018,0,0,-0.075112,-78.462915,PICHINCHA,QUITO,QUITO,URBANA,2018-07-13,21:55:00,21,VIERNES,5,JULIO,7,NO,"CONDUCE BAJO LA INFLUENCIA DE ALCOHOL, SUSTANCIAS ESTUPEFACIENTES O PSICOTROPICAS Y/O MEDICAMENTOS.",CHOQUE FRONTAL,AUTOMOVIL,2,0,0,0,0,0,0,0,0,0,0,0,0,2,24,HOMBRE,ILESO,CONDUCTOR PRESENTE,NO,NO,0
13581,42304,42305,2018,0,0,-0.148358,-78.497711,PICHINCHA,QUITO,QUITO,URBANA,2018-07-13,22:10:00,22,VIERNES,5,JULIO,7,NO,NO MANTENER LA DISTANCIA PRUDENCIAL CON RESPECTO AL VEHICULO QUE LE ANTECEDE.,COLISION,AUTOMOVIL,1,0,0,0,0,0,0,0,0,1,0,0,0,2,37,HOMBRE,ILESO,CONDUCTOR PRESENTE,NO,NO,0
13582,42305,42306,2018,0,0,-0.242681,-78.497364,PICHINCHA,QUITO,QUITO,URBANA,2018-07-13,22:15:00,22,VIERNES,5,JULIO,7,NO,NO MANTENER LA DISTANCIA PRUDENCIAL CON RESPECTO AL VEHICULO QUE LE ANTECEDE.,CHOQUE POSTERIOR,MOTOCICLETA,0,0,0,0,0,0,0,0,1,0,0,0,0,1,46,HOMBRE,ILESO,CONDUCTOR PRESENTE,NO,NO,0
13583,42311,42312,2018,1,0,-0.340787,-78.550035,PICHINCHA,QUITO,QUITO,URBANA,2018-07-13,23:30:00,23,VIERNES,5,JULIO,7,NO,NO CEDER EL DERECHO DE VIA O PREFERENCIA DE PASO AL PEATON.,ATROPELLOS,NO IDENTIFICADO,0,0,0,0,0,0,0,0,0,1,0,0,0,1,35,HOMBRE,LESIONADO,PEATON,NO,NO,0
13584,42320,42321,2018,1,0,-0.205558,-78.491948,PICHINCHA,QUITO,QUITO,URBANA,2018-07-14,02:15:00,2,SABADO,6,JULIO,7,NO,NO GUARDAR LA DISTANCIA LATERAL MINIMA DE SEGURIDAD ENTRE VEHICULOS.,CHOQUE LATERAL,AUTOMOVIL,1,0,0,0,0,0,0,0,1,0,0,0,0,2,28,HOMBRE,LESIONADO,CONDUCTOR PRESENTE,NO,NO,0
13585,42323,42324,2018,0,0,-0.227466,-78.507356,PICHINCHA,QUITO,QUITO,URBANA,2018-07-14,02:50:00,2,SABADO,6,JULIO,7,NO,"CONDUCE BAJO LA INFLUENCIA DE ALCOHOL, SUSTANCIAS ESTUPEFACIENTES O PSICOTROPICAS Y/O MEDICAMENTOS.",ESTRELLAMIENTOS,AUTOMOVIL,1,0,0,0,0,0,0,0,0,0,0,0,0,1,22,HOMBRE,ILESO,CONDUCTOR PRESENTE,NO,NO,0
13586,42325,42326,2018,0,0,-0.244435,-78.482091,PICHINCHA,QUITO,QUITO,URBANA,2018-07-14,03:00:00,3,SABADO,6,JULIO,7,NO,"CONDUCE BAJO LA INFLUENCIA DE ALCOHOL, SUSTANCIAS ESTUPEFACIENTES O PSICOTROPICAS Y/O MEDICAMENTOS.",ESTRELLAMIENTOS,CAMION,0,0,0,1,0,0,0,0,0,0,0,0,0,1,53,HOMBRE,ILESO,CONDUCTOR PRESENTE,NO,NO,0
13587,42327,42328,2018,0,0,-0.185445,-78.490939,PICHINCHA,QUITO,QUITO,URBANA,2018-07-14,03:20:00,3,SABADO,6,JULIO,7,NO,"CASO FORTUITO O FUERZA MAYOR (EXPLOSION DE NEUMATICO NUEVO, DERRUMBE, INUNDACION, CAIDA DE PUENTE, ARBOL, PRESENCIA INTEMPESTIVA E IMPREVISTA DE SEMOVIENTES EN LA VIA, ETC.).",ESTRELLAMIENTOS,AUTOMOVIL,1,0,0,0,0,0,0,0,0,0,0,0,0,1,-1,NO IDENTIFICADO,NO IDENTIFICADO,CONDUCTOR AUSENTE,NO,NO,2
13588,42328,42329,2018,0,0,-0.131535,-78.480314,PICHINCHA,QUITO,QUITO,URBANA,2018-07-14,03:25:00,3,SABADO,6,JULIO,7,NO,CONDUCIR VEHICULO SUPERANDO LOS LIMITES MAXIMOS DE VELOCIDAD.,ESTRELLAMIENTOS,AUTOMOVIL,1,0,0,0,0,0,0,0,0,0,0,0,0,1,-1,NO IDENTIFICADO,NO IDENTIFICADO,CONDUCTOR AUSENTE,NO,NO,2
13589,42329,42330,2018,0,0,-0.244435,-78.482091,PICHINCHA,QUITO,QUITO,URBANA,2018-07-14,03:30:00,3,SABADO,6,JULIO,7,NO,"CONDUCIR EN ESTADO DE SOMNOLENCIA O MALAS CONDICIONES FISICAS (SUENIO, CANSANCIO Y FATIGA).",ESTRELLAMIENTOS,CAMIONETA,0,0,0,0,1,0,0,0,0,0,0,0,0,1,-1,NO IDENTIFICADO,NO IDENTIFICADO,CONDUCTOR AUSENTE,NO,NO,2
13590,42332,42333,2018,0,0,-0.202543,-78.494032,PICHINCHA,QUITO,QUITO,URBANA,2018-07-14,04:20:00,4,SABADO,6,JULIO,7,NO,CONDUCIR VEHICULO SUPERANDO LOS LIMITES MAXIMOS DE VELOCIDAD.,ESTRELLAMIENTOS,AUTOMOVIL,1,0,0,0,0,0,0,0,0,0,0,0,0,1,-1,NO IDENTIFICADO,NO IDENTIFICADO,CONDUCTOR AUSENTE,NO,NO,2
13591,42335,42336,2018,0,0,-0.130812,-78.297343,PICHINCHA,QUITO,EL QUINCHE,RURAL,2018-07-14,06:00:00,6,SABADO,6,JULIO,7,NO,"CONDUCE BAJO LA INFLUENCIA DE ALCOHOL, SUSTANCIAS ESTUPEFACIENTES O PSICOTROPICAS Y/O MEDICAMENTOS.",CHOQUE FRONTAL,CAMION,1,0,0,1,0,0,0,0,0,0,0,0,0,2,48,HOMBRE,ILESO,CONDUCTOR PRESENTE,NO,NO,3
13592,42336,42337,2018,1,0,-0.318209,-78.553809,PICHINCHA,QUITO,QUITO,URBANA,2018-07-14,06:35:00,6,SABADO,6,JULIO,7,NO,"NO RESPETAR LAS SENIALES REGLAMENTARIAS DE TRANSITO. (PARE, CEDA EL PASO, LUZ ROJA DEL SEMAFORO, ETC).",OTROS,MOTOCICLETA,0,0,0,1,0,0,0,0,1,0,0,0,0,2,22,HOMBRE,LESIONADO,CONDUCTOR PRESENTE,NO,NO,0
13593,42337,42338,2018,0,0,-0.199767,-78.428809,PICHINCHA,QUITO,CUMBAYA,URBANA,2018-07-14,06:40:00,6,SABADO,6,JULIO,7,NO,CONDUCIR VEHICULO SUPERANDO LOS LIMITES MAXIMOS DE VELOCIDAD.,VOLCAMIENTOS,AUTOMOVIL,1,0,0,0,0,0,0,0,0,0,0,0,0,1,-1,NO IDENTIFICADO,NO IDENTIFICADO,CONDUCTOR AUSENTE,NO,NO,2
13594,42338,42339,2018,0,0,-0.204555,-78.481107,PICHINCHA,QUITO,QUITO,URBANA,2018-07-14,07:30:00,7,SABADO,6,JULIO,7,NO,NO CEDER EL DERECHO DE VIA O PREFERENCIA DE PASO A VEHICULOS.,CHOQUE LATERAL,AUTOMOVIL,2,0,0,0,0,0,0,0,0,0,0,0,0,2,52,HOMBRE,ILESO,CONDUCTOR PRESENTE,NO,NO,0
13595,42339,42340,2018,0,0,-0.126572,-78.495448,PICHINCHA,QUITO,QUITO,URBANA,2018-07-14,07:30:00,7,SABADO,6,JULIO,7,NO,NO CEDER EL DERECHO DE VIA O PREFERENCIA DE PASO A VEHICULOS.,CHOQUE LATERAL,AUTOMOVIL,2,0,0,0,0,0,0,0,0,0,0,0,0,2,35,HOMBRE,ILESO,CONDUCTOR PRESENTE,NO,NO,0
13596,42340,42341,2018,1,0,-0.237756,-78.528961,PICHINCHA,QUITO,QUITO,URBANA,2018-07-14,07:45:00,7,SABADO,6,JULIO,7,NO,NO TRANSITAR POR LAS ACERAS O ZONAS DE SEGURIDAD DESTINADAS PARA EL EFECTO.,ATROPELLOS,CAMIONETA,0,0,0,0,1,0,0,0,0,0,0,0,0,1,18,HOMBRE,LESIONADO,PEATON,NO,NO,0
13597,42347,42348,2018,0,0,-0.226586,-78.524835,PICHINCHA,QUITO,QUITO,URBANA,2018-07-14,11:00:00,11,SABADO,6,JULIO,7,NO,DANIOS MECANICOS PREVISIBLES.,ESTRELLAMIENTOS,AUTOMOVIL,3,0,0,0,0,0,0,0,0,0,0,0,0,3,71,HOMBRE,ILESO,CONDUCTOR PRESENTE,NO,NO,0
13598,42348,42349,2018,1,0,-0.331114,-78.550647,PICHINCHA,QUITO,QUITO,URBANA,2018-07-14,11:00:00,11,SABADO,6,JULIO,7,NO,PEATON QUE CRUZA LA CALZADA SIN RESPETAR LA SENIALIZACION EXISTENTE (SEMAFOROS O SENIALES MANUALES).,ATROPELLOS,AUTOMOVIL,1,0,0,0,0,0,0,0,0,0,0,0,0,1,9,HOMBRE,LESIONADO,PEATON,NO,NO,0
13599,42350,42351,2018,1,0,-0.436152,-78.620356,PICHINCHA,MEJIA,ALOAG,RURAL,2018-07-14,12:00:00,12,SABADO,6,JULIO,7,NO,NO GUARDAR LA DISTANCIA LATERAL MINIMA DE SEGURIDAD ENTRE VEHICULOS.,CHOQUE LATERAL,BUS,1,0,1,0,0,0,0,0,0,0,0,0,0,2,27,HOMBRE,LESIONADO,CONDUCTOR PRESENTE,NO,NO,3
13600,42359,42360,2018,0,0,-0.253499,-78.495875,PICHINCHA,QUITO,QUITO,URBANA,2018-07-14,14:30:00,14,SABADO,6,JULIO,7,NO,REALIZAR CAMBIO BRUSCO O INDEBIDO DE CARRIL.,OTROS,CAMIONETA,1,0,0,0,1,0,0,0,0,0,0,0,0,2,63,HOMBRE,ILESO,CONDUCTOR PRESENTE,NO,NO,0
13601,42361,42362,2018,0,0,-0.237667,-78.484685,PICHINCHA,QUITO,QUITO,URBANA,2018-07-14,15:05:00,15,SABADO,6,JULIO,7,NO,NO GUARDAR LA DISTANCIA LATERAL MINIMA DE SEGURIDAD ENTRE VEHICULOS.,CHOQUE LATERAL,CAMIONETA,1,0,0,0,2,0,0,0,0,0,0,0,0,3,35,HOMBRE,ILESO,CONDUCTOR PRESENTE,NO,NO,0
13602,42365,42366,2018,0,0,-0.266918,-78.545026,PICHINCHA,QUITO,QUITO,URBANA,2018-07-14,15:50:00,15,SABADO,6,JULIO,7,NO,CONDUCIR VEHICULO SUPERANDO LOS LIMITES MAXIMOS DE VELOCIDAD.,CHOQUE LATERAL,FURGONETA,1,0,0,0,0,0,0,1,0,0,0,0,0,2,52,HOMBRE,ILESO,CONDUCTOR PRESENTE,NO,NO,0
13603,42367,42368,2018,0,0,-0.121216,-78.480212,PICHINCHA,QUITO,QUITO,URBANA,2018-07-14,16:30:00,16,SABADO,6,JULIO,7,NO,NO MANTENER LA DISTANCIA PRUDENCIAL CON RESPECTO AL VEHICULO QUE LE ANTECEDE.,CHOQUE LATERAL,AUTOMOVIL,2,0,0,0,0,0,0,0,0,0,0,0,0,2,45,HOMBRE,ILESO,CONDUCTOR PRESENTE,NO,NO,0
13604,42368,42369,2018,0,0,-0.120993,-78.482271,PICHINCHA,QUITO,QUITO,URBANA,2018-07-14,16:30:00,16,SABADO,6,JULIO,7,NO,NO MANTENER LA DISTANCIA PRUDENCIAL CON RESPECTO AL VEHICULO QUE LE ANTECEDE.,COLISION,AUTOMOVIL,3,0,0,0,0,0,0,0,0,0,0,0,0,3,30,HOMBRE,ILESO,CONDUCTOR PRESENTE,NO,NO,0
13605,42387,42388,2018,2,0,-0.231141,-78.503901,PICHINCHA,QUITO,QUITO,URBANA,2018-07-14,22:10:00,22,SABADO,6,JULIO,7,NO,"CONDUCE BAJO LA INFLUENCIA DE ALCOHOL, SUSTANCIAS ESTUPEFACIENTES O PSICOTROPICAS Y/O MEDICAMENTOS.",ESTRELLAMIENTOS,AUTOMOVIL,1,0,0,0,0,0,0,0,0,0,0,0,0,1,30,MUJER,LESIONADO,PASAJERO,NO,NO,0
13606,42388,42389,2018,1,0,-0.123551,-78.426711,PICHINCHA,QUITO,CALDERON (CARAPUNGO),URBANA,2018-07-14,22:20:00,22,SABADO,6,JULIO,7,NO,"CONDUCE BAJO LA INFLUENCIA DE ALCOHOL, SUSTANCIAS ESTUPEFACIENTES O PSICOTROPICAS Y/O MEDICAMENTOS.",CHOQUE FRONTAL,MOTOCICLETA,0,0,0,0,1,0,0,0,1,0,0,0,0,2,35,HOMBRE,LESIONADO,CONDUCTOR PRESENTE,NO,NO,0