,Unnamed: 0,ID,ANIO,LESIONADOS,FALLECIDOS,LATITUD_Y,LONGITUD_X,PROVINCIA,CANTON,PARROQUIA,ZONA,FECHA,HORA,PERIODO_2,DIA_1,DIA_2,MES_1,MES_2,FERIADO,CAUSA_PROBABLE,TIPO_DE_SINIESTRO,TIPO_DE_VEHICULO_1,AUTOMOVIL,BICICLETA,BUS,CAMION,CAMIONETA,EMERGENCIAS,ESPECIAL,FURGONETA,MOTOCICLETA,NO_IDENTIFICADO,SCOOTER_ELECTRICO,TRICIMOTO,VEHICULO_DEPORTIVO_UTILITARIO,SUMA_DE_VEHICULOS,EDAD_1,SEXO_1,CONDICION_1,PARTICIPANTE_1,CASCO_1,CINTURON_1,KMeans_Cluster
13607,42392,42393,2018,3,0,-0.287051,-78.531139,PICHINCHA,QUITO,QUITO,URBANA,2018-07-14,22:45:00,22,SABADO,6,JULIO,7,NO,CONDUCIR VEHICULO SUPERANDO LOS LIMITES MAXIMOS DE VELOCIDAD.,OTROS,NO IDENTIFICADO,0,0,0,0,0,0,0,0,0,1,0,0,0,1,25,HOMBRE,LESIONADO,PASAJERO,NO,NO,0
13608,42396,42397,2018,0,0,-0.277661,-78.497373,PICHINCHA,QUITO,CONOCOTO,URBANA,2018-07-15,00:05:00,0,DOMINGO,7,JULIO,7,NO,NO MANTENER LA DISTANCIA PRUDENCIAL CON RESPECTO AL VEHICULO QUE LE ANTECEDE.,CHOQUE POSTERIOR,AUTOMOVIL,1,0,0,0,0,0,0,0,0,0,0,0,0,1,29,HOMBRE,ILESO,CONDUCTOR PRESENTE,NO,NO,0
13609,42400,42401,2018,1,0,-0.355609,-78.544871,PICHINCHA,QUITO,QUITO,URBANA,2018-07-15,01:20:00,1,DOMINGO,7,JULIO,7,NO,NO TRANSITAR POR LAS ACERAS O ZONAS DE SEGURIDAD DESTINADAS PARA EL EFECTO.,ATROPELLOS,NO IDENTIFICADO,0,0,0,0,0,0,0,0,0,1,0,0,0,1,36,MUJER,LESIONADO,PEATON,NO,NO,0
13610,42404,42405,2018,1,0,0.017841,-78.474487,PICHINCHA,QUITO,SAN ANTONIO (QUITO),URBANA,2018-07-15,01:50:00,1,DOMINGO,7,JULIO,7,NO,"CONDUCIR DESATENTO A LAS CONDICIONES DE TRANSITO (CELULAR, PANTALLAS DE VIDEO, COMIDA, MAQUILLAJE O CUALQUIER OTRO ELEMENTO DISTRACTOR).",CHOQUE FRONTAL,AUTOMOVIL,2,0,0,0,0,0,0,0,0,0,0,0,0,2,38,HOMBRE,LESIONADO,CONDUCTOR PRESENTE,NO,NO,0
13611,42407,42408,2018,0,0,-0.303766,-78.542681,PICHINCHA,QUITO,QUITO,URBANA,2018-07-15,02:10:00,2,DOMINGO,7,JULIO,7,NO,"NO RESPETAR LAS SENIALES REGLAMENTARIAS DE TRANSITO. (PARE, CEDA EL PASO, LUZ ROJA DEL SEMAFORO, ETC).",CHOQUE LATERAL,MOTOCICLETA,0,0,0,0,0,0,0,0,1,0,0,0,1,2,22,HOMBRE,ILESO,CONDUCTOR PRESENTE,NO,NO,0
13612,42411,42412,2018,0,0,-0.237734,-78.509298,PICHINCHA,QUITO,QUITO,URBANA,2018-07-15,02:20:00,2,DOMINGO,7,JULIO,7,NO,"CONDUCIR EN ESTADO DE SOMNOLENCIA O MALAS CONDICIONES FISICAS (SUENIO, CANSANCIO Y FATIGA).",ESTRELLAMIENTOS,MOTOCICLETA,0,0,0,0,0,0,0,0,1,0,0,0,0,1,24,HOMBRE,ILESO,CONDUCTOR PRESENTE,NO,NO,0
13613,42415,42416,2018,0,0,-0.099083,-78.421844,PICHINCHA,QUITO,CALDERON (CARAPUNGO),URBANA,2018-07-15,04:15:00,4,DOMINGO,7,JULIO,7,NO,"CONDUCIR EN ESTADO DE SOMNOLENCIA O MALAS CONDICIONES FISICAS (SUENIO, CANSANCIO Y FATIGA).",ESTRELLAMIENTOS,CAMIONETA,0,0,0,0,1,0,0,0,0,0,0,0,0,1,-1,NO IDENTIFICADO,NO IDENTIFICADO,CONDUCTOR AUSENTE,NO,NO,2
13614,42417,42418,2018,0,0,-0.278965,-78.514889,PICHINCHA,QUITO,QUITO,URBANA,2018-07-15,04:30:00,4,DOMINGO,7,JULIO,7,NO,CONDUCIR VEHICULO SUPERANDO LOS LIMITES MAXIMOS DE VELOCIDAD.,ESTRELLAMIENTOS,AUTOMOVIL,1,0,0,0,0,0,0,0,0,0,0,0,0,1,-1,NO IDENTIFICADO,NO IDENTIFICADO,CONDUCTOR AUSENTE,NO,NO,2
13615,42420,42421,2018,0,1,-0.344929,-78.548639,PICHINCHA,QUITO,QUITO,URBANA,2018-07-15,05:00:00,5,DOMINGO,7,JULIO,7,NO,PEATON QUE CRUZA LA CALZADA SIN RESPETAR LA SENIALIZACION EXISTENTE (SEMAFOROS O SENIALES MANUALES).,ATROPELLOS,NO IDENTIFICADO,0,0,0,0,0,0,0,0,0,1,0,0,0,1,19,HOMBRE,FALLECIDO,PEATON,NO,NO,0
13616,42421,42422,2018,1,0,-0.262921,-78.557301,PICHINCHA,QUITO,QUITO,URBANA,2018-07-15,05:15:00,5,DOMINGO,7,JULIO,7,NO,"NO RESPETAR LAS SENIALES REGLAMENTARIAS DE TRANSITO. (PARE, CEDA EL PASO, LUZ ROJA DEL SEMAFORO, ETC).",OTROS,NO IDENTIFICADO,0,0,0,0,0,0,0,0,0,1,0,0,0,1,30,HOMBRE,LESIONADO,PASAJERO,NO,NO,0
13617,42426,42427,2018,2,0,-0.142041,-78.443217,PICHINCHA,QUITO,LLANO CHICO,URBANA,2018-07-15,06:15:00,6,DOMINGO,7,JULIO,7,NO,"CONDUCE BAJO LA INFLUENCIA DE ALCOHOL, SUSTANCIAS ESTUPEFACIENTES O PSICOTROPICAS Y/O MEDICAMENTOS.",ESTRELLAMIENTOS,AUTOMOVIL,2,0,0,0,1,0,0,0,0,0,0,0,0,3,59,HOMBRE,LESIONADO,CONDUCTOR PRESENTE,NO,NO,0
13618,42429,42430,2018,4,0,-0.065634,-78.463232,PICHINCHA,QUITO,POMASQUI,URBANA,2018-07-15,06:52:00,6,DOMINGO,7,JULIO,7,NO,NO MANTENER LA DISTANCIA PRUDENCIAL CON RESPECTO AL VEHICULO QUE LE ANTECEDE.,CHOQUE POSTERIOR,AUTOMOVIL,1,0,0,0,0,0,1,0,0,0,0,0,0,2,81,HOMBRE,LESIONADO,PASAJERO,NO,NO,0
13619,42433,42434,2018,0,0,-0.313835,-78.433021,PICHINCHA,QUITO,ALANGASI,RURAL,2018-07-15,08:30:00,8,DOMINGO,7,JULIO,7,NO,NO CEDER EL DERECHO DE VIA O PREFERENCIA DE PASO AL PEATON.,ATROPELLOS,NO IDENTIFICADO,0,0,0,0,0,0,0,0,0,1,0,0,0,1,9,MUJER,ILESO,PEATON,NO,NO,3
13620,42434,42435,2018,1,0,-0.297718,-78.543876,PICHINCHA,QUITO,QUITO,URBANA,2018-07-15,08:30:00,8,DOMINGO,7,JULIO,7,NO,CONDUCIR VEHICULO SUPERANDO LOS LIMITES MAXIMOS DE VELOCIDAD.,ESTRELLAMIENTOS,MOTOCICLETA,0,0,0,0,0,0,0,0,1,0,0,0,0,1,24,HOMBRE,LESIONADO,PASAJERO,NO,NO,0
13621,42435,42436,2018,1,0,-0.191485,-78.491393,PICHINCHA,QUITO,QUITO,URBANA,2018-07-15,08:55:00,8,DOMINGO,7,JULIO,7,NO,NO GUARDAR LA DISTANCIA LATERAL MINIMA DE SEGURIDAD ENTRE VEHICULOS.,CHOQUE LATERAL,AUTOMOVIL,1,0,0,1,0,0,0,0,0,0,0,0,0,2,46,MUJER,LESIONADO,CONDUCTOR PRESENTE,NO,NO,0
13622,42440,42441,2018,1,0,-0.023695,-78.249964,PICHINCHA,CAYAMBE,OTON,RURAL,2018-07-15,10:40:00,10,DOMINGO,7,JULIO,7,NO,"CONDUCIR DESATENTO A LAS CONDICIONES DE TRANSITO (CELULAR, PANTALLAS DE VIDEO, COMIDA, MAQUILLAJE O CUALQUIER OTRO ELEMENTO DISTRACTOR).",PERDIDA DE CARRIL,VEHICULO DEPORTIVO UTILITARIO,0,0,0,0,0,0,0,0,0,0,0,0,1,1,56,MUJER,LESIONADO,CONDUCTOR PRESENTE,NO,NO,3
13623,42444,42445,2018,0,0,-0.345746,-78.546885,PICHINCHA,QUITO,QUITO,URBANA,2018-07-15,11:15:00,11,DOMINGO,7,JULIO,7,NO,NO GUARDAR LA DISTANCIA LATERAL MINIMA DE SEGURIDAD ENTRE VEHICULOS.,ROZAMIENTOS,AUTOMOVIL,2,0,0,0,0,0,0,0,0,0,0,0,0,2,51,HOMBRE,ILESO,CONDUCTOR PRESENTE,NO,NO,0
13624,42447,42448,2018,0,0,-0.168577,-78.325495,PICHINCHA,QUITO,YARUQUI,RURAL,2018-07-15,11:40:00,11,DOMINGO,7,JULIO,7,NO,"CONDUCIR DESATENTO A LAS CONDICIONES DE TRANSITO (CELULAR, PANTALLAS DE VIDEO, COMIDA, MAQUILLAJE O CUALQUIER OTRO ELEMENTO DISTRACTOR).",COLISION,VEHICULO DEPORTIVO UTILITARIO,2,0,0,0,0,0,0,0,0,0,0,0,1,3,65,HOMBRE,ILESO,CONDUCTOR PRESENTE,NO,NO,3
13625,42455,42456,2018,0,0,-0.122324,-78.500533,PICHINCHA,QUITO,QUITO,URBANA,2018-07-15,14:50:00,14,DOMINGO,7,JULIO,7,NO,"NO RESPETAR LAS SENIALES REGLAMENTARIAS DE TRANSITO. (PARE, CEDA EL PASO, LUZ ROJA DEL SEMAFORO, ETC).",OTROS,AUTOMOVIL,1,0,1,0,0,0,0,0,0,0,0,0,0,2,41,HOMBRE,ILESO,CONDUCTOR PRESENTE,NO,NO,0
13626,42458,42459,2018,0,1,-0.110751,-78.293841,PICHINCHA,QUITO,EL QUINCHE,RURAL,2018-07-15,16:15:00,16,DOMINGO,7,JULIO,7,NO,CONDUCIR VEHICULO SUPERANDO LOS LIMITES MAXIMOS DE VELOCIDAD.,ESTRELLAMIENTOS,CAMIONETA,0,0,0,0,1,0,0,0,0,0,0,0,0,1,52,HOMBRE,FALLECIDO,CONDUCTOR PRESENTE,NO,NO,3
13627,42459,42460,2018,0,0,-0.101382,-78.493627,PICHINCHA,QUITO,QUITO,URBANA,2018-07-15,16:30:00,16,DOMINGO,7,JULIO,7,NO,NO GUARDAR LA DISTANCIA LATERAL MINIMA DE SEGURIDAD ENTRE VEHICULOS.,ROZAMIENTOS,AUTOMOVIL,1,0,0,0,1,0,0,0,0,0,0,0,0,2,49,MUJER,ILESO,CONDUCTOR PRESENTE,NO,NO,0
13628,42461,42462,2018,0,0,-0.242475,-78.496441,PICHINCHA,QUITO,QUITO,RURAL,2018-07-15,17:00:00,17,DOMINGO,7,JULIO,7,NO,"NO RESPETAR LAS SENIALES REGLAMENTARIAS DE TRANSITO. (PARE, CEDA EL PASO, LUZ ROJA DEL SEMAFORO, ETC).",ESTRELLAMIENTOS,CAMIONETA,0,0,0,0,1,0,0,0,0,0,0,0,0,1,35,HOMBRE,ILESO,CONDUCTOR PRESENTE,NO,NO,3
13629,42464,42465,2018,0,0,-0.189255,-78.496508,PICHINCHA,QUITO,QUITO,URBANA,2018-07-15,18:10:00,18,DOMINGO,7,JULIO,7,NO,REALIZAR CAMBIO BRUSCO O INDEBIDO DE CARRIL.,ESTRELLAMIENTOS,CAMIONETA,0,0,0,0,1,0,0,0,0,0,0,0,0,1,42,HOMBRE,ILESO,CONDUCTOR PRESENTE,NO,NO,0
13630,42472,42473,2018,0,1,-0.308113,-78.561892,PICHINCHA,QUITO,QUITO,URBANA,2018-07-15,19:50:00,19,DOMINGO,7,JULIO,7,NO,CONDUCIR VEHICULO SUPERANDO LOS LIMITES MAXIMOS DE VELOCIDAD.,ARROLLAMIENTOS,NO IDENTIFICADO,0,0,0,0,0,0,0,0,0,1,0,0,0,1,9,HOMBRE,FALLECIDO,PEATON,NO,NO,0
13631,42482,42483,2018,0,0,-0.116369,-78.502376,PICHINCHA,QUITO,QUITO,URBANA,2018-07-15,22:45:00,22,DOMINGO,7,JULIO,7,NO,"CONDUCE BAJO LA INFLUENCIA DE ALCOHOL, SUSTANCIAS ESTUPEFACIENTES O PSICOTROPICAS Y/O MEDICAMENTOS.",CHOQUE FRONTAL,AUTOMOVIL,3,0,0,0,0,0,0,0,0,0,0,0,0,3,19,HOMBRE,ILESO,CONDUCTOR PRESENTE,NO,NO,0
13632,42491,42492,2018,2,0,-0.328479,-78.522294,PICHINCHA,QUITO,QUITO,URBANA,2018-07-16,08:00:00,8,LUNES,1,JULIO,7,NO,CONDUCIR VEHICULO SUPERANDO LOS LIMITES MAXIMOS DE VELOCIDAD.,ESTRELLAMIENTOS,AUTOMOVIL,1,0,0,0,0,0,0,0,0,0,0,0,0,1,29,HOMBRE,LESIONADO,CONDUCTOR PRESENTE,NO,NO,0
13633,42492,42493,2018,1,0,-0.137772,-78.478419,PICHINCHA,QUITO,QUITO,URBANA,2018-07-16,08:15:00,8,LUNES,1,JULIO,7,NO,"NO RESPETAR LAS SENIALES REGLAMENTARIAS DE TRANSITO. (PARE, CEDA EL PASO, LUZ ROJA DEL SEMAFORO, ETC).",ATROPELLOS,CAMIONETA,0,0,0,0,1,0,0,0,0,0,0,0,0,1,63,MUJER,LESIONADO,PEATON,NO,NO,0
13634,42499,42500,2018,1,0,-0.119784,-78.467519,PICHINCHA,QUITO,QUITO,URBANA,2018-07-16,11:25:00,11,LUNES,1,JULIO,7,NO,"FALLA MECANICA EN LOS SISTEMAS Y/O NEUMATICOS (SISTEMA DE FRENOS, DIRECCION, ELECTRONICO O MECANICO).",OTROS,AUTOMOVIL,1,0,0,0,0,0,0,0,0,0,0,0,0,1,60,HOMBRE,LESIONADO,CONDUCTOR PRESENTE,NO,NO,0
13635,42502,42503,2018,1,0,-0.091295,-78.472443,PICHINCHA,QUITO,QUITO,URBANA,2018-07-16,11:42:00,11,LUNES,1,JULIO,7,NO,NO CEDER EL DERECHO DE VIA O PREFERENCIA DE PASO A VEHICULOS.,ESTRELLAMIENTOS,FURGONETA,0,0,0,0,0,0,0,1,0,0,0,0,0,1,65,HOMBRE,LESIONADO,CONDUCTOR PRESENTE,NO,NO,0
13636,42503,42504,2018,0,0,-0.179021,-78.455365,PICHINCHA,QUITO,QUITO,URBANA,2018-07-16,13:15:00,13,LUNES,1,JULIO,7,NO,CONDUCIR VEHICULO SUPERANDO LOS LIMITES MAXIMOS DE VELOCIDAD.,COLISION,AUTOMOVIL,3,0,0,0,0,0,0,0,0,0,0,0,0,3,31,HOMBRE,ILESO,CONDUCTOR PRESENTE,NO,NO,0
13637,42504,42505,2018,0,0,-0.201703,-78.492532,PICHINCHA,QUITO,QUITO,URBANA,2018-07-16,13:20:00,13,LUNES,1,JULIO,7,NO,"CASO FORTUITO O FUERZA MAYOR (EXPLOSION DE NEUMATICO NUEVO, DERRUMBE, INUNDACION, CAIDA DE PUENTE, ARBOL, PRESENCIA INTEMPESTIVA E IMPREVISTA DE SEMOVIENTES EN LA VIA, ETC.).",OTROS,AUTOMOVIL,1,0,0,0,0,0,0,0,0,0,0,0,0,1,46,HOMBRE,ILESO,CONDUCTOR PRESENTE,NO,NO,0
13638,42508,42509,2018,2,0,-0.215783,-78.387234,PICHINCHA,QUITO,TUMBACO,URBANA,2018-07-16,15:20:00,15,LUNES,1,JULIO,7,NO,"CONDUCIR DESATENTO A LAS CONDICIONES DE TRANSITO (CELULAR, PANTALLAS DE VIDEO, COMIDA, MAQUILLAJE O CUALQUIER OTRO ELEMENTO DISTRACTOR).",ESTRELLAMIENTOS,CAMIONETA,0,0,0,0,1,0,0,0,0,0,0,0,0,1,48,HOMBRE,LESIONADO,CONDUCTOR PRESENTE,NO,NO,0
13639,42510,42511,2018,0,0,-0.197196,-78.506371,PICHINCHA,QUITO,QUITO,URBANA,2018-07-16,16:20:00,16,LUNES,1,JULIO,7,NO,NO GUARDAR LA DISTANCIA LATERAL MINIMA DE SEGURIDAD ENTRE VEHICULOS.,ROZAMIENTOS,MOTOCICLETA,0,0,1,0,0,0,0,0,1,0,0,0,0,2,25,HOMBRE,ILESO,CONDUCTOR PRESENTE,NO,NO,0
13640,42511,42512,2018,1,0,-0.233331,-78.490789,PICHINCHA,QUITO,QUITO,URBANA,2018-07-16,16:25:00,16,LUNES,1,JULIO,7,NO,PEATON QUE CRUZA LA CALZADA SIN RESPETAR LA SENIALIZACION EXISTENTE (SEMAFOROS O SENIALES MANUALES).,ATROPELLOS,FURGONETA,0,0,0,0,0,0,0,1,0,0,0,0,0,1,59,MUJER,LESIONADO,PEATON,NO,NO,0
13641,42513,42514,2018,0,0,-0.168724,-78.474954,PICHINCHA,QUITO,QUITO,URBANA,2018-07-16,16:30:00,16,LUNES,1,JULIO,7,NO,REALIZAR CAMBIO BRUSCO O INDEBIDO DE CARRIL.,CHOQUE LATERAL,AUTOMOVIL,2,0,0,0,0,0,0,0,0,0,0,0,0,2,47,HOMBRE,ILESO,CONDUCTOR PRESENTE,NO,NO,0
13642,42523,42524,2018,1,0,-0.208844,-78.335604,PICHINCHA,QUITO,YARUQUI,URBANA,2018-07-16,18:50:00,18,LUNES,1,JULIO,7,NO,"NO RESPETAR LAS SENIALES REGLAMENTARIAS DE TRANSITO. (PARE, CEDA EL PASO, LUZ ROJA DEL SEMAFORO, ETC).",CHOQUE LATERAL,AUTOMOVIL,1,1,0,0,0,0,0,0,0,0,0,0,0,2,34,HOMBRE,LESIONADO,CONDUCTOR PRESENTE,NO,NO,0
13643,42525,42526,2018,2,0,-0.121215,-78.480213,PICHINCHA,QUITO,QUITO,URBANA,2018-07-16,19:30:00,19,LUNES,1,JULIO,7,NO,CONDUCIR VEHICULO SUPERANDO LOS LIMITES MAXIMOS DE VELOCIDAD.,ATROPELLOS,NO IDENTIFICADO,0,0,0,0,0,0,0,0,0,1,0,0,0,1,45,MUJER,LESIONADO,PEATON,NO,NO,0
13644,42531,42532,2018,1,0,0.133722,-78.185356,PICHINCHA,CAYAMBE,SAN JOSE DE AYORA,RURAL,2018-07-16,20:30:00,20,LUNES,1,JULIO,7,NO,NO GUARDAR LA DISTANCIA LATERAL MINIMA DE SEGURIDAD ENTRE VEHICULOS.,CHOQUE LATERAL,VEHICULO DEPORTIVO UTILITARIO,0,0,0,0,0,0,0,0,1,0,0,0,1,2,32,HOMBRE,LESIONADO,CONDUCTOR PRESENTE,NO,NO,3
13645,42548,42549,2018,1,0,-0.077895,-78.410491,PICHINCHA,QUITO,CALDERON (CARAPUNGO),URBANA,2018-07-17,07:10:00,7,MARTES,2,JULIO,7,NO,"CASO FORTUITO O FUERZA MAYOR (EXPLOSION DE NEUMATICO NUEVO, DERRUMBE, INUNDACION, CAIDA DE PUENTE, ARBOL, PRESENCIA INTEMPESTIVA E IMPREVISTA DE SEMOVIENTES EN LA VIA, ETC.).",CHOQUE LATERAL,MOTOCICLETA,0,0,0,0,0,0,0,0,1,0,0,0,0,1,25,HOMBRE,LESIONADO,CONDUCTOR PRESENTE,NO,NO,0
13646,42549,42550,2018,0,0,-0.172742,-78.471178,PICHINCHA,QUITO,QUITO,URBANA,2018-07-17,07:20:00,7,MARTES,2,JULIO,7,NO,NO MANTENER LA DISTANCIA PRUDENCIAL CON RESPECTO AL VEHICULO QUE LE ANTECEDE.,COLISION,AUTOMOVIL,3,0,0,0,0,0,0,0,0,0,0,0,0,3,32,HOMBRE,ILESO,CONDUCTOR PRESENTE,NO,NO,0
13647,42552,42553,2018,0,0,-0.150393,-78.453592,PICHINCHA,QUITO,QUITO,URBANA,2018-07-17,08:20:00,8,MARTES,2,JULIO,7,NO,NO MANTENER LA DISTANCIA PRUDENCIAL CON RESPECTO AL VEHICULO QUE LE ANTECEDE.,CHOQUE POSTERIOR,AUTOMOVIL,2,0,0,0,0,0,0,0,0,0,0,0,0,2,50,HOMBRE,ILESO,CONDUCTOR PRESENTE,NO,NO,0
13648,42554,42555,2018,0,0,-0.179267,-78.455499,PICHINCHA,QUITO,QUITO,URBANA,2018-07-17,08:50:00,8,MARTES,2,JULIO,7,NO,"CONDUCIR DESATENTO A LAS CONDICIONES DE TRANSITO (CELULAR, PANTALLAS DE VIDEO, COMIDA, MAQUILLAJE O CUALQUIER OTRO ELEMENTO DISTRACTOR).",COLISION,AUTOMOVIL,3,0,0,0,0,0,0,0,0,0,0,0,0,3,61,MUJER,ILESO,CONDUCTOR PRESENTE,NO,NO,0
13649,42555,42556,2018,0,0,-0.153303,-78.484482,PICHINCHA,QUITO,QUITO,URBANA,2018-07-17,09:00:00,9,MARTES,2,JULIO,7,NO,NO GUARDAR LA DISTANCIA LATERAL MINIMA DE SEGURIDAD ENTRE VEHICULOS.,ROZAMIENTOS,AUTOMOVIL,2,0,0,0,0,0,0,0,0,0,0,0,0,2,38,HOMBRE,ILESO,CONDUCTOR PRESENTE,NO,NO,0
13650,42557,42558,2018,0,0,-0.232366,-78.503038,PICHINCHA,QUITO,QUITO,URBANA,2018-07-17,09:15:00,9,MARTES,2,JULIO,7,NO,NO TRANSITAR POR LAS ACERAS O ZONAS DE SEGURIDAD DESTINADAS PARA EL EFECTO.,ATROPELLOS,CAMION,0,0,0,1,0,0,0,0,0,0,0,0,0,1,47,HOMBRE,ILESO,PEATON,NO,NO,0
13651,42559,42560,2018,0,0,-0.175075,-78.488224,PICHINCHA,QUITO,QUITO,URBANA,2018-07-17,09:39:00,9,MARTES,2,JULIO,7,NO,NO GUARDAR LA DISTANCIA LATERAL MINIMA DE SEGURIDAD ENTRE VEHICULOS.,CHOQUE LATERAL,CAMIONETA,0,0,0,0,2,0,0,0,0,0,0,0,0,2,48,HOMBRE,ILESO,CONDUCTOR PRESENTE,NO,NO,0
13652,42561,42562,2018,0,0,-0.299447,-78.561261,PICHINCHA,QUITO,QUITO,URBANA,2018-07-17,10:15:00,10,MARTES,2,JULIO,7,NO,NO CEDER EL DERECHO DE VIA O PREFERENCIA DE PASO A VEHICULOS.,OTROS,AUTOMOVIL,1,0,0,0,0,0,0,0,0,0,0,0,1,2,31,HOMBRE,ILESO,CONDUCTOR PRESENTE,NO,NO,0
13653,42562,42563,2018,1,0,-0.256599,-78.528039,PICHINCHA,QUITO,QUITO,URBANA,2018-07-17,10:15:00,10,MARTES,2,JULIO,7,NO,"NO RESPETAR LAS SENIALES REGLAMENTARIAS DE TRANSITO. (PARE, CEDA EL PASO, LUZ ROJA DEL SEMAFORO, ETC).",ATROPELLOS,NO IDENTIFICADO,0,0,0,0,0,0,0,0,0,1,0,0,0,1,95,HOMBRE,LESIONADO,PEATON,NO,NO,0
13654,42569,42570,2018,4,0,-0.143776,-78.409486,PICHINCHA,QUITO,ZAMBIZA,RURAL,2018-07-17,12:00:00,12,MARTES,2,JULIO,7,NO,"FALLA MECANICA EN LOS SISTEMAS Y/O NEUMATICOS (SISTEMA DE FRENOS, DIRECCION, ELECTRONICO O MECANICO).",VOLCAMIENTOS,CAMIONETA,0,0,0,0,1,0,0,0,0,0,0,0,0,1,55,HOMBRE,LESIONADO,CONDUCTOR PRESENTE,NO,NO,3
13655,42570,42571,2018,1,0,-0.182997,-78.503721,PICHINCHA,QUITO,QUITO,URBANA,2018-07-17,12:00:00,12,MARTES,2,JULIO,7,NO,"NO RESPETAR LAS SENIALES REGLAMENTARIAS DE TRANSITO. (PARE, CEDA EL PASO, LUZ ROJA DEL SEMAFORO, ETC).",OTROS,MOTOCICLETA,0,0,0,0,0,0,0,0,1,0,0,0,0,1,49,HOMBRE,LESIONADO,CONDUCTOR PRESENTE,NO,NO,0
13656,42573,42574,2018,1,0,-0.074413,-78.461781,PICHINCHA,QUITO,QUITO,URBANA,2018-07-17,12:30:00,12,MARTES,2,JULIO,7,NO,"NO RESPETAR LAS SENIALES REGLAMENTARIAS DE TRANSITO. (PARE, CEDA EL PASO, LUZ ROJA DEL SEMAFORO, ETC).",OTROS,NO IDENTIFICADO,0,0,0,0,0,0,0,0,0,1,0,0,0,1,29,MUJER,LESIONADO,PASAJERO,NO,NO,0
13657,42574,42575,2018,1,0,-0.160885,-78.495761,PICHINCHA,QUITO,QUITO,URBANA,2018-07-17,12:50:00,12,MARTES,2,JULIO,7,NO,PEATON QUE CRUZA LA CALZADA SIN RESPETAR LA SENIALIZACION EXISTENTE (SEMAFOROS O SENIALES MANUALES).,ATROPELLOS,AUTOMOVIL,1,0,0,0,0,0,0,0,0,0,0,0,0,1,22,HOMBRE,LESIONADO,PEATON,NO,NO,0
13658,42577,42578,2018,1,0,-0.106841,-78.480972,PICHINCHA,QUITO,QUITO,URBANA,2018-07-17,13:40:00,13,MARTES,2,JULIO,7,NO,"CONDUCIR DESATENTO A LAS CONDICIONES DE TRANSITO (CELULAR, PANTALLAS DE VIDEO, COMIDA, MAQUILLAJE O CUALQUIER OTRO ELEMENTO DISTRACTOR).",VOLCAMIENTOS,MOTOCICLETA,0,0,0,0,0,0,0,0,1,0,0,0,0,1,23,HOMBRE,LESIONADO,CONDUCTOR PRESENTE,NO,NO,0
13659,42579,42580,2018,0,0,-0.233099,-78.503741,PICHINCHA,QUITO,QUITO,URBANA,2018-07-17,14:20:00,14,MARTES,2,JULIO,7,NO,NO MANTENER LA DISTANCIA PRUDENCIAL CON RESPECTO AL VEHICULO QUE LE ANTECEDE.,CHOQUE POSTERIOR,CAMION,1,0,0,1,0,0,0,0,0,0,0,0,0,2,35,MUJER,ILESO,CONDUCTOR PRESENTE,NO,NO,0
13660,42580,42581,2018,1,0,-0.143776,-78.409486,PICHINCHA,QUITO,ZAMBIZA,URBANA,2018-07-17,14:40:00,14,MARTES,2,JULIO,7,NO,NO TRANSITAR POR LAS ACERAS O ZONAS DE SEGURIDAD DESTINADAS PARA EL EFECTO.,ATROPELLOS,BUS,0,0,1,0,0,0,0,0,0,0,0,0,0,1,31,HOMBRE,LESIONADO,PEATON,NO,NO,0
13661,42585,42586,2018,1,0,-0.261967,-78.522473,PICHINCHA,QUITO,QUITO,URBANA,2018-07-17,17:08:00,17,MARTES,2,JULIO,7,NO,"NO RESPETAR LAS SENIALES REGLAMENTARIAS DE TRANSITO. (PARE, CEDA EL PASO, LUZ ROJA DEL SEMAFORO, ETC).",ATROPELLOS,MOTOCICLETA,0,0,0,0,0,0,0,0,1,1,0,0,0,2,22,MUJER,LESIONADO,CONDUCTOR PRESENTE,NO,NO,0
13662,42589,42590,2018,0,0,-0.207732,-78.497071,PICHINCHA,QUITO,QUITO,URBANA,2018-07-17,17:30:00,17,MARTES,2,JULIO,7,NO,PEATON QUE CRUZA LA CALZADA SIN RESPETAR LA SENIALIZACION EXISTENTE (SEMAFOROS O SENIALES MANUALES).,ATROPELLOS,CAMIONETA,0,0,0,0,1,0,0,0,0,0,0,0,0,1,21,HOMBRE,ILESO,CONDUCTOR PRESENTE,NO,NO,0
13663,42592,42593,2018,0,0,-0.232351,-78.524315,PICHINCHA,QUITO,QUITO,URBANA,2018-07-17,18:30:00,18,MARTES,2,JULIO,7,NO,"CASO FORTUITO O FUERZA MAYOR (EXPLOSION DE NEUMATICO NUEVO, DERRUMBE, INUNDACION, CAIDA DE PUENTE, ARBOL, PRESENCIA INTEMPESTIVA E IMPREVISTA DE SEMOVIENTES EN LA VIA, ETC.).",PERDIDA DE PISTA,MOTOCICLETA,0,0,0,0,0,0,0,0,1,0,0,0,0,1,23,HOMBRE,ILESO,CONDUCTOR PRESENTE,NO,NO,0