,Unnamed: 0,ID,ANIO,LESIONADOS,FALLECIDOS,LATITUD_Y,LONGITUD_X,PROVINCIA,CANTON,PARROQUIA,ZONA,FECHA,HORA,PERIODO_2,DIA_1,DIA_2,MES_1,MES_2,FERIADO,CAUSA_PROBABLE,TIPO_DE_SINIESTRO,TIPO_DE_VEHICULO_1,AUTOMOVIL,BICICLETA,BUS,CAMION,CAMIONETA,EMERGENCIAS,ESPECIAL,FURGONETA,MOTOCICLETA,NO_IDENTIFICADO,SCOOTER_ELECTRICO,TRICIMOTO,VEHICULO_DEPORTIVO_UTILITARIO,SUMA_DE_VEHICULOS,EDAD_1,SEXO_1,CONDICION_1,PARTICIPANTE_1,CASCO_1,CINTURON_1,KMeans_Cluster
13664,42597,42598,2018,0,0,-0.162234,-78.483811,PICHINCHA,QUITO,QUITO,URBANA,2018-07-17,19:15:00,19,MARTES,2,JULIO,7,NO,REALIZAR CAMBIO BRUSCO O INDEBIDO DE CARRIL.,CHOQUE LATERAL,MOTOCICLETA,0,0,0,0,0,0,0,0,1,0,0,0,0,1,40,HOMBRE,ILESO,CONDUCTOR PRESENTE,NO,NO,0
13665,42602,42603,2018,0,0,-0.215975,-78.455055,PICHINCHA,QUITO,CUMBAYA,URBANA,2018-07-17,21:40:00,21,MARTES,2,JULIO,7,NO,CONDUCIR VEHICULO SUPERANDO LOS LIMITES MAXIMOS DE VELOCIDAD.,ESTRELLAMIENTOS,AUTOMOVIL,1,0,0,0,0,0,0,0,0,0,0,0,0,1,-1,NO IDENTIFICADO,NO IDENTIFICADO,CONDUCTOR AUSENTE,NO,NO,2
13666,42609,42610,2018,0,0,-0.198737,-78.484373,PICHINCHA,QUITO,QUITO,URBANA,2018-07-18,00:01:00,0,MIERCOLES,3,JULIO,7,NO,NO GUARDAR LA DISTANCIA LATERAL MINIMA DE SEGURIDAD ENTRE VEHICULOS.,CHOQUE LATERAL,AUTOMOVIL,2,0,0,0,0,0,0,0,0,0,0,0,0,2,38,HOMBRE,ILESO,CONDUCTOR PRESENTE,NO,NO,0
13667,42613,42614,2018,2,0,-0.204229,-78.505757,PICHINCHA,QUITO,QUITO,URBANA,2018-07-18,07:45:00,7,MIERCOLES,3,JULIO,7,NO,"CONDUCE BAJO LA INFLUENCIA DE ALCOHOL, SUSTANCIAS ESTUPEFACIENTES O PSICOTROPICAS Y/O MEDICAMENTOS.",ATROPELLOS,MOTOCICLETA,0,0,0,0,0,0,0,0,1,0,0,0,0,1,41,HOMBRE,LESIONADO,CONDUCTOR PRESENTE,NO,NO,0
13668,42616,42617,2018,0,0,-0.191657,-78.490808,PICHINCHA,QUITO,QUITO,URBANA,2018-07-18,08:05:00,8,MIERCOLES,3,JULIO,7,NO,"NO RESPETAR LAS SENIALES REGLAMENTARIAS DE TRANSITO. (PARE, CEDA EL PASO, LUZ ROJA DEL SEMAFORO, ETC).",CHOQUE LATERAL,AUTOMOVIL,2,0,0,0,0,0,0,0,0,0,0,0,0,2,50,HOMBRE,ILESO,CONDUCTOR PRESENTE,NO,NO,0
13669,42619,42620,2018,1,0,-0.165522,-78.476861,PICHINCHA,QUITO,QUITO,URBANA,2018-07-18,08:50:00,8,MIERCOLES,3,JULIO,7,NO,"NO RESPETAR LAS SENIALES REGLAMENTARIAS DE TRANSITO. (PARE, CEDA EL PASO, LUZ ROJA DEL SEMAFORO, ETC).",CHOQUE LATERAL,AUTOMOVIL,2,0,0,0,0,0,0,0,0,0,0,0,0,2,29,HOMBRE,LESIONADO,CONDUCTOR PRESENTE,NO,NO,0
13670,42622,42623,2018,0,0,-0.172902,-78.474085,PICHINCHA,QUITO,QUITO,URBANA,2018-07-18,09:30:00,9,MIERCOLES,3,JULIO,7,NO,NO GUARDAR LA DISTANCIA LATERAL MINIMA DE SEGURIDAD ENTRE VEHICULOS.,CHOQUE LATERAL,AUTOMOVIL,1,0,0,0,0,0,0,0,0,0,0,0,0,1,30,MUJER,ILESO,CONDUCTOR PRESENTE,NO,NO,0
13671,42624,42625,2018,0,0,-0.322638,-78.536301,PICHINCHA,QUITO,QUITO,URBANA,2018-07-18,10:30:00,10,MIERCOLES,3,JULIO,7,NO,CONDUCIR EN SENTIDO CONTRARIO A LA VIA NORMAL DE CIRCULACION.,ATROPELLOS,NO IDENTIFICADO,0,0,0,0,0,0,0,0,0,1,0,0,0,1,30,MUJER,ILESO,PEATON,NO,NO,0
13672,42625,42626,2018,4,0,-0.190933,-78.480366,PICHINCHA,QUITO,QUITO,URBANA,2018-07-18,10:55:00,10,MIERCOLES,3,JULIO,7,NO,"NO RESPETAR LAS SENIALES REGLAMENTARIAS DE TRANSITO. (PARE, CEDA EL PASO, LUZ ROJA DEL SEMAFORO, ETC).",CHOQUE FRONTAL,AUTOMOVIL,2,0,0,0,0,0,0,0,0,0,0,0,0,2,28,HOMBRE,LESIONADO,CONDUCTOR PRESENTE,NO,NO,0
13673,42631,42632,2018,1,0,-0.345254,-78.558367,PICHINCHA,QUITO,QUITO,URBANA,2018-07-18,14:45:00,14,MIERCOLES,3,JULIO,7,NO,NO TRANSITAR POR LAS ACERAS O ZONAS DE SEGURIDAD DESTINADAS PARA EL EFECTO.,ATROPELLOS,NO IDENTIFICADO,0,0,0,0,0,0,0,0,0,1,0,0,0,1,11,HOMBRE,LESIONADO,PEATON,NO,NO,0
13674,42644,42645,2018,2,0,-0.328479,-78.522294,PICHINCHA,QUITO,QUITO,URBANA,2018-07-18,18:10:00,18,MIERCOLES,3,JULIO,7,NO,REALIZAR CAMBIO BRUSCO O INDEBIDO DE CARRIL.,CHOQUE LATERAL,AUTOMOVIL,2,0,0,0,0,0,0,0,0,0,0,0,0,2,22,HOMBRE,LESIONADO,CONDUCTOR PRESENTE,NO,NO,0
13675,42645,42646,2018,1,0,-0.083416,-78.466753,PICHINCHA,QUITO,QUITO,URBANA,2018-07-18,18:15:00,18,MIERCOLES,3,JULIO,7,NO,PEATON QUE CRUZA LA CALZADA SIN RESPETAR LA SENIALIZACION EXISTENTE (SEMAFOROS O SENIALES MANUALES).,ATROPELLOS,NO IDENTIFICADO,0,0,0,0,0,0,0,0,0,1,0,0,0,1,21,HOMBRE,LESIONADO,PEATON,NO,NO,0
13676,42654,42655,2018,0,0,-0.242463,-78.482784,PICHINCHA,QUITO,QUITO,URBANA,2018-07-18,20:20:00,20,MIERCOLES,3,JULIO,7,NO,NO MANTENER LA DISTANCIA PRUDENCIAL CON RESPECTO AL VEHICULO QUE LE ANTECEDE.,COLISION,CAMION,1,0,0,1,0,0,0,0,0,1,0,0,0,3,37,HOMBRE,ILESO,CONDUCTOR PRESENTE,NO,NO,0
13677,42655,42656,2018,1,0,-0.223874,-78.517421,PICHINCHA,QUITO,QUITO,URBANA,2018-07-18,20:20:00,20,MIERCOLES,3,JULIO,7,NO,NO GUARDAR LA DISTANCIA LATERAL MINIMA DE SEGURIDAD ENTRE VEHICULOS.,CHOQUE LATERAL,AUTOMOVIL,1,0,0,0,0,0,0,0,1,0,0,0,0,2,24,HOMBRE,LESIONADO,CONDUCTOR PRESENTE,NO,NO,0
13678,42656,42657,2018,0,0,-0.199946,-78.784942,PICHINCHA,QUITO,LLOA,URBANA,2018-07-18,21:35:00,21,MIERCOLES,3,JULIO,7,NO,"ADELANTAR O REBASAR A OTRO VEHICULO EN MOVIMIENTO EN ZONAS O SITIOS PELIGROSOS TALES COMO: CURVAS, PUENTES, TUNELES, PENDIENTES, ETC.",CHOQUE LATERAL,AUTOMOVIL,2,0,0,0,0,0,0,0,0,0,0,0,0,2,32,HOMBRE,ILESO,CONDUCTOR PRESENTE,NO,NO,0
13679,42657,42658,2018,1,0,-0.144763,-78.474632,PICHINCHA,QUITO,QUITO,URBANA,2018-07-18,21:40:00,21,MIERCOLES,3,JULIO,7,NO,CONDUCIR VEHICULO SUPERANDO LOS LIMITES MAXIMOS DE VELOCIDAD.,ATROPELLOS,NO IDENTIFICADO,0,0,0,0,0,0,0,0,0,1,0,0,0,1,8,HOMBRE,LESIONADO,PEATON,NO,NO,0
13680,42659,42660,2018,0,0,-0.208423,-78.495898,PICHINCHA,QUITO,QUITO,URBANA,2018-07-18,23:15:00,23,MIERCOLES,3,JULIO,7,NO,"CONDUCIR EN ESTADO DE SOMNOLENCIA O MALAS CONDICIONES FISICAS (SUENIO, CANSANCIO Y FATIGA).",ESTRELLAMIENTOS,AUTOMOVIL,1,0,0,0,0,0,0,0,0,0,0,0,0,1,-1,NO IDENTIFICADO,NO IDENTIFICADO,CONDUCTOR AUSENTE,NO,NO,2
13681,42660,42661,2018,1,0,-0.123472,-78.495861,PICHINCHA,QUITO,QUITO,URBANA,2018-07-18,23:35:00,23,MIERCOLES,3,JULIO,7,NO,NO TRANSITAR POR LAS ACERAS O ZONAS DE SEGURIDAD DESTINADAS PARA EL EFECTO.,ATROPELLOS,NO IDENTIFICADO,0,0,0,0,0,0,0,0,0,1,0,0,0,1,41,HOMBRE,LESIONADO,PEATON,NO,NO,0
13682,42664,42665,2018,0,0,-0.190653,-78.480906,PICHINCHA,QUITO,QUITO,URBANA,2018-07-19,02:20:00,2,JUEVES,4,JULIO,7,NO,CONDUCIR VEHICULO SUPERANDO LOS LIMITES MAXIMOS DE VELOCIDAD.,ESTRELLAMIENTOS,CAMIONETA,0,0,0,0,1,0,0,0,0,0,0,0,0,1,-1,NO IDENTIFICADO,NO IDENTIFICADO,CONDUCTOR AUSENTE,NO,NO,2
13683,42665,42666,2018,1,0,-0.291131,-78.524158,PICHINCHA,QUITO,QUITO,URBANA,2018-07-19,05:10:00,5,JUEVES,4,JULIO,7,NO,CONDUCIR VEHICULO SUPERANDO LOS LIMITES MAXIMOS DE VELOCIDAD.,ESTRELLAMIENTOS,CAMIONETA,0,0,0,0,1,0,0,0,0,0,0,0,0,1,31,HOMBRE,LESIONADO,CONDUCTOR PRESENTE,NO,NO,0
13684,42668,42669,2018,1,0,-0.150393,-78.452592,PICHINCHA,QUITO,QUITO,URBANA,2018-07-19,06:50:00,6,JUEVES,4,JULIO,7,NO,NO MANTENER LA DISTANCIA PRUDENCIAL CON RESPECTO AL VEHICULO QUE LE ANTECEDE.,COLISION,AUTOMOVIL,2,0,0,0,1,0,0,0,0,0,0,0,0,3,59,HOMBRE,LESIONADO,CONDUCTOR PRESENTE,NO,NO,0
13685,42670,42671,2018,0,0,-0.159851,-78.490095,PICHINCHA,QUITO,QUITO,URBANA,2018-07-19,07:35:00,7,JUEVES,4,JULIO,7,NO,REALIZAR CAMBIO BRUSCO O INDEBIDO DE CARRIL.,CHOQUE LATERAL,AUTOMOVIL,1,0,0,0,0,0,0,0,0,0,0,0,0,1,48,MUJER,ILESO,CONDUCTOR PRESENTE,NO,NO,0
13686,42671,42672,2018,0,0,-0.285323,-78.518674,PICHINCHA,QUITO,QUITO,URBANA,2018-07-19,07:40:00,7,JUEVES,4,JULIO,7,NO,CONDUCIR VEHICULO SUPERANDO LOS LIMITES MAXIMOS DE VELOCIDAD.,OTROS,AUTOMOVIL,2,0,0,0,0,0,0,1,0,0,0,0,0,3,36,HOMBRE,ILESO,CONDUCTOR PRESENTE,NO,NO,0
13687,42672,42673,2018,0,0,-0.196393,-78.483017,PICHINCHA,QUITO,QUITO,URBANA,2018-07-19,07:55:00,7,JUEVES,4,JULIO,7,NO,REALIZAR CAMBIO BRUSCO O INDEBIDO DE CARRIL.,CHOQUE LATERAL,AUTOMOVIL,1,0,1,0,0,0,0,0,0,0,0,0,0,2,71,MUJER,ILESO,CONDUCTOR PRESENTE,NO,NO,0
13688,42674,42675,2018,0,0,-0.239847,-78.528752,PICHINCHA,QUITO,QUITO,URBANA,2018-07-19,08:55:00,8,JUEVES,4,JULIO,7,NO,"NO RESPETAR LAS SENIALES REGLAMENTARIAS DE TRANSITO. (PARE, CEDA EL PASO, LUZ ROJA DEL SEMAFORO, ETC).",CHOQUE LATERAL,AUTOMOVIL,2,0,0,0,0,0,0,0,0,0,0,0,0,2,55,HOMBRE,ILESO,CONDUCTOR PRESENTE,NO,NO,0
13689,42676,42677,2018,0,0,-0.204249,-78.505757,PICHINCHA,QUITO,QUITO,URBANA,2018-07-19,09:15:00,9,JUEVES,4,JULIO,7,NO,NO MANTENER LA DISTANCIA PRUDENCIAL CON RESPECTO AL VEHICULO QUE LE ANTECEDE.,CHOQUE POSTERIOR,CAMIONETA,0,0,1,0,1,0,0,0,0,0,0,0,0,2,76,HOMBRE,ILESO,CONDUCTOR PRESENTE,NO,NO,0
13690,42677,42678,2018,1,0,-0.203065,-78.496461,PICHINCHA,QUITO,QUITO,URBANA,2018-07-19,09:20:00,9,JUEVES,4,JULIO,7,NO,NO CEDER EL DERECHO DE VIA O PREFERENCIA DE PASO A VEHICULOS.,CHOQUE LATERAL,AUTOMOVIL,2,0,0,0,0,0,0,0,0,0,0,0,0,2,49,MUJER,LESIONADO,CONDUCTOR PRESENTE,NO,NO,0
13691,42681,42682,2018,0,0,-0.242336,-78.512782,PICHINCHA,QUITO,QUITO,URBANA,2018-07-19,11:28:00,11,JUEVES,4,JULIO,7,NO,NO MANTENER LA DISTANCIA PRUDENCIAL CON RESPECTO AL VEHICULO QUE LE ANTECEDE.,CHOQUE POSTERIOR,FURGONETA,1,0,0,0,0,0,0,1,0,0,0,0,0,2,27,HOMBRE,ILESO,CONDUCTOR PRESENTE,NO,NO,0
13692,42682,42683,2018,1,0,-0.241211,-78.521499,PICHINCHA,QUITO,QUITO,URBANA,2018-07-19,12:00:00,12,JUEVES,4,JULIO,7,NO,CONDUCIR VEHICULO SUPERANDO LOS LIMITES MAXIMOS DE VELOCIDAD.,ATROPELLOS,NO IDENTIFICADO,0,0,0,0,0,0,0,0,0,1,0,0,0,1,47,HOMBRE,LESIONADO,PEATON,NO,NO,0
13693,42684,42685,2018,0,0,-0.218465,-78.506169,PICHINCHA,QUITO,QUITO,URBANA,2018-07-19,12:30:00,12,JUEVES,4,JULIO,7,NO,"FALLA MECANICA EN LOS SISTEMAS Y/O NEUMATICOS (SISTEMA DE FRENOS, DIRECCION, ELECTRONICO O MECANICO).",ESTRELLAMIENTOS,AUTOMOVIL,1,0,0,0,1,0,0,0,0,0,0,0,0,2,32,MUJER,ILESO,CONDUCTOR PRESENTE,NO,NO,0
13694,42695,42696,2018,3,0,-0.137847,-78.676462,PICHINCHA,QUITO,LLOA,RURAL,2018-07-19,14:40:00,14,JUEVES,4,JULIO,7,NO,CONDUCIR VEHICULO SUPERANDO LOS LIMITES MAXIMOS DE VELOCIDAD.,VOLCAMIENTOS,CAMIONETA,0,0,0,0,1,0,0,0,0,0,0,0,0,1,58,HOMBRE,LESIONADO,PASAJERO,NO,NO,3
13695,42697,42698,2018,0,0,-0.176625,-78.481023,PICHINCHA,QUITO,QUITO,URBANA,2018-07-19,15:10:00,15,JUEVES,4,JULIO,7,NO,NO MANTENER LA DISTANCIA PRUDENCIAL CON RESPECTO AL VEHICULO QUE LE ANTECEDE.,COLISION,AUTOMOVIL,3,0,0,0,0,0,0,0,0,0,0,0,0,3,34,HOMBRE,ILESO,CONDUCTOR PRESENTE,NO,NO,0
13696,42700,42701,2018,0,0,-0.107761,-78.448329,PICHINCHA,QUITO,CALDERON (CARAPUNGO),URBANA,2018-07-19,16:00:00,16,JUEVES,4,JULIO,7,NO,PESO Y VOLUMEN - NO CUMPLIR CON LAS NORMAS DE SEGURIDAD NECESARIAS AL TRANSPORTAR CARGAS.,OTROS,CAMIONETA,0,0,0,0,1,0,0,0,0,0,0,0,0,1,22,HOMBRE,ILESO,CONDUCTOR PRESENTE,NO,NO,0
13697,42708,42709,2018,0,0,-0.142129,-78.499633,PICHINCHA,QUITO,QUITO,URBANA,2018-07-19,18:35:00,18,JUEVES,4,JULIO,7,NO,"CONDUCE BAJO LA INFLUENCIA DE ALCOHOL, SUSTANCIAS ESTUPEFACIENTES O PSICOTROPICAS Y/O MEDICAMENTOS.",CHOQUE LATERAL,AUTOMOVIL,2,0,0,0,0,0,0,0,0,0,0,0,0,2,25,MUJER,ILESO,CONDUCTOR PRESENTE,NO,NO,0
13698,42709,42710,2018,0,0,-0.141949,-78.499283,PICHINCHA,QUITO,QUITO,URBANA,2018-07-19,18:35:00,18,JUEVES,4,JULIO,7,NO,"CONDUCE BAJO LA INFLUENCIA DE ALCOHOL, SUSTANCIAS ESTUPEFACIENTES O PSICOTROPICAS Y/O MEDICAMENTOS.",ESTRELLAMIENTOS,AUTOMOVIL,2,0,0,0,0,0,0,0,0,0,0,0,0,2,25,MUJER,ILESO,CONDUCTOR PRESENTE,NO,NO,0
13699,42715,42716,2018,1,0,-0.111743,-78.478795,PICHINCHA,QUITO,QUITO,URBANA,2018-07-19,19:50:00,19,JUEVES,4,JULIO,7,NO,NO GUARDAR LA DISTANCIA LATERAL MINIMA DE SEGURIDAD ENTRE VEHICULOS.,CHOQUE LATERAL,AUTOMOVIL,1,0,0,0,0,0,0,0,1,0,0,0,0,2,33,HOMBRE,LESIONADO,CONDUCTOR PRESENTE,NO,NO,0
13700,42716,42717,2018,0,0,-0.105583,-78.499743,PICHINCHA,QUITO,QUITO,URBANA,2018-07-19,20:05:00,20,JUEVES,4,JULIO,7,NO,"PRESENCIA DE AGENTES EXTERNOS EN LA VIA (AGUA, ACEITE, PIEDRA, LASTRE, ESCOMBROS, MADEROS, ETC.).",PERDIDA DE PISTA,MOTOCICLETA,0,0,0,0,0,0,0,0,1,0,0,0,0,1,26,HOMBRE,ILESO,CONDUCTOR PRESENTE,NO,NO,0
13701,42720,42721,2018,0,0,-0.115536,-78.488217,PICHINCHA,QUITO,QUITO,URBANA,2018-07-19,21:35:00,21,JUEVES,4,JULIO,7,NO,CONDUCIR VEHICULO SUPERANDO LOS LIMITES MAXIMOS DE VELOCIDAD.,CHOQUE LATERAL,MOTOCICLETA,0,0,0,0,0,0,0,0,1,1,0,0,0,2,28,HOMBRE,ILESO,CONDUCTOR PRESENTE,NO,NO,0
13702,42723,42724,2018,0,0,-0.156738,-78.485132,PICHINCHA,QUITO,QUITO,URBANA,2018-07-19,23:35:00,23,JUEVES,4,JULIO,7,NO,"NO RESPETAR LAS SENIALES REGLAMENTARIAS DE TRANSITO. (PARE, CEDA EL PASO, LUZ ROJA DEL SEMAFORO, ETC).",ESTRELLAMIENTOS,AUTOMOVIL,1,0,0,0,0,0,0,0,0,0,0,0,0,1,24,HOMBRE,ILESO,CONDUCTOR PRESENTE,NO,NO,0
13703,42727,42728,2018,0,0,-0.129285,-78.481343,PICHINCHA,QUITO,QUITO,URBANA,2018-07-20,00:01:00,0,VIERNES,5,JULIO,7,NO,"NO RESPETAR LAS SENIALES REGLAMENTARIAS DE TRANSITO. (PARE, CEDA EL PASO, LUZ ROJA DEL SEMAFORO, ETC).",CHOQUE LATERAL,AUTOMOVIL,1,0,0,0,1,0,0,0,0,0,0,0,0,2,19,HOMBRE,ILESO,CONDUCTOR PRESENTE,NO,NO,0
13704,42728,42729,2018,1,0,-0.072928,-78.439646,PICHINCHA,QUITO,CALDERON (CARAPUNGO),URBANA,2018-07-20,00:30:00,0,VIERNES,5,JULIO,7,NO,"PRESENCIA DE AGENTES EXTERNOS EN LA VIA (AGUA, ACEITE, PIEDRA, LASTRE, ESCOMBROS, MADEROS, ETC.).",PERDIDA DE PISTA,MOTOCICLETA,0,0,0,0,0,0,0,0,1,0,0,0,0,1,28,HOMBRE,LESIONADO,CONDUCTOR PRESENTE,NO,NO,0
13705,42731,42732,2018,0,0,-0.334961,-78.548029,PICHINCHA,QUITO,QUITO,URBANA,2018-07-20,00:40:00,0,VIERNES,5,JULIO,7,NO,"CONDUCE BAJO LA INFLUENCIA DE ALCOHOL, SUSTANCIAS ESTUPEFACIENTES O PSICOTROPICAS Y/O MEDICAMENTOS.",ESTRELLAMIENTOS,AUTOMOVIL,2,0,0,0,0,0,0,0,0,0,0,0,0,2,27,MUJER,ILESO,CONDUCTOR PRESENTE,NO,NO,0
13706,42733,42734,2018,0,0,-0.245326,-78.534069,PICHINCHA,QUITO,QUITO,URBANA,2018-07-20,01:20:00,1,VIERNES,5,JULIO,7,NO,NO GUARDAR LA DISTANCIA LATERAL MINIMA DE SEGURIDAD ENTRE VEHICULOS.,CHOQUE LATERAL,AUTOMOVIL,1,0,0,0,1,0,0,0,0,0,0,0,0,2,22,HOMBRE,ILESO,CONDUCTOR PRESENTE,NO,NO,0
13707,42734,42735,2018,1,0,-0.224538,-78.345837,PICHINCHA,QUITO,PIFO,URBANA,2018-07-20,01:20:00,1,VIERNES,5,JULIO,7,NO,"CONDUCIR DESATENTO A LAS CONDICIONES DE TRANSITO (CELULAR, PANTALLAS DE VIDEO, COMIDA, MAQUILLAJE O CUALQUIER OTRO ELEMENTO DISTRACTOR).",PERDIDA DE PISTA,MOTOCICLETA,0,0,0,0,0,0,0,0,1,0,0,0,0,1,23,HOMBRE,LESIONADO,CONDUCTOR PRESENTE,NO,NO,0
13708,42736,42737,2018,0,0,-0.199767,-78.428809,PICHINCHA,QUITO,CUMBAYA,URBANA,2018-07-20,02:50:00,2,VIERNES,5,JULIO,7,NO,NO MANTENER LA DISTANCIA PRUDENCIAL CON RESPECTO AL VEHICULO QUE LE ANTECEDE.,CHOQUE POSTERIOR,AUTOMOVIL,2,0,0,0,0,0,0,0,0,0,0,0,0,2,22,HOMBRE,ILESO,CONDUCTOR PRESENTE,NO,NO,0
13709,42739,42740,2018,0,0,-0.136812,-78.473598,PICHINCHA,QUITO,QUITO,URBANA,2018-07-20,04:30:00,4,VIERNES,5,JULIO,7,NO,NO MANTENER LA DISTANCIA PRUDENCIAL CON RESPECTO AL VEHICULO QUE LE ANTECEDE.,CHOQUE POSTERIOR,MOTOCICLETA,0,0,0,0,0,0,0,0,1,0,0,0,0,1,51,HOMBRE,ILESO,CONDUCTOR PRESENTE,NO,NO,0
13710,42744,42745,2018,2,0,-0.188566,-78.491949,PICHINCHA,QUITO,QUITO,URBANA,2018-07-20,05:50:00,5,VIERNES,5,JULIO,7,NO,PEATON QUE CRUZA LA CALZADA SIN RESPETAR LA SENIALIZACION EXISTENTE (SEMAFOROS O SENIALES MANUALES).,ATROPELLOS,MOTOCICLETA,0,0,0,0,0,0,0,0,1,0,0,0,0,1,23,HOMBRE,LESIONADO,CONDUCTOR PRESENTE,NO,NO,0
13711,42745,42746,2018,0,0,-0.190515,-78.483135,PICHINCHA,QUITO,QUITO,URBANA,2018-07-20,06:00:00,6,VIERNES,5,JULIO,7,NO,"CONDUCE BAJO LA INFLUENCIA DE ALCOHOL, SUSTANCIAS ESTUPEFACIENTES O PSICOTROPICAS Y/O MEDICAMENTOS.",ESTRELLAMIENTOS,CAMIONETA,0,0,0,0,1,0,0,0,0,0,0,0,0,1,42,HOMBRE,ILESO,CONDUCTOR PRESENTE,NO,NO,0
13712,42749,42750,2018,1,0,-0.291889,-78.558471,PICHINCHA,QUITO,QUITO,URBANA,2018-07-20,07:55:00,7,VIERNES,5,JULIO,7,NO,NO CEDER EL DERECHO DE VIA O PREFERENCIA DE PASO A VEHICULOS.,ATROPELLOS,AUTOMOVIL,1,0,0,0,0,0,0,0,0,0,0,0,0,1,61,HOMBRE,LESIONADO,PEATON,NO,NO,0
13713,42750,42751,2018,1,0,-0.215633,-78.504108,PICHINCHA,QUITO,QUITO,URBANA,2018-07-20,08:15:00,8,VIERNES,5,JULIO,7,NO,"NO RESPETAR LAS SENIALES REGLAMENTARIAS DE TRANSITO. (PARE, CEDA EL PASO, LUZ ROJA DEL SEMAFORO, ETC).",CHOQUE LATERAL,CAMIONETA,1,0,0,0,1,0,0,0,0,0,0,0,0,2,28,HOMBRE,LESIONADO,CONDUCTOR PRESENTE,NO,NO,0
13714,42752,42753,2018,0,0,-0.102771,-78.381195,PICHINCHA,QUITO,TABABELA,RURAL,2018-07-20,10:00:00,10,VIERNES,5,JULIO,7,NO,"CONDUCIR DESATENTO A LAS CONDICIONES DE TRANSITO (CELULAR, PANTALLAS DE VIDEO, COMIDA, MAQUILLAJE O CUALQUIER OTRO ELEMENTO DISTRACTOR).",PERDIDA DE CARRIL,CAMION,0,0,0,1,0,0,0,0,0,0,0,0,0,1,-1,NO IDENTIFICADO,NO IDENTIFICADO,CONDUCTOR AUSENTE,NO,NO,2
13715,42754,42755,2018,1,0,-0.085189,-78.469296,PICHINCHA,QUITO,QUITO,URBANA,2018-07-20,11:20:00,11,VIERNES,5,JULIO,7,NO,"CONDUCIR DESATENTO A LAS CONDICIONES DE TRANSITO (CELULAR, PANTALLAS DE VIDEO, COMIDA, MAQUILLAJE O CUALQUIER OTRO ELEMENTO DISTRACTOR).",ATROPELLOS,AUTOMOVIL,1,0,0,0,0,0,0,0,0,0,0,0,0,1,86,HOMBRE,LESIONADO,PEATON,NO,NO,0
13716,42755,42756,2018,0,0,-0.246255,-78.481566,PICHINCHA,QUITO,QUITO,URBANA,2018-07-20,11:20:00,11,VIERNES,5,JULIO,7,NO,"MAL ESTACIONADO - EL CONDUCTOR QUE DETENGA O ESTACIONE VEHICULOS EN SITIOS O ZONAS QUE ENTRANIEN PELIGRO, TALES COMO ZONA DE SEGURIDAD, CURVAS, PUENTES, TUNELES, PENDIENTES.",COLISION,AUTOMOVIL,4,0,0,0,0,0,0,0,0,0,0,0,0,4,26,HOMBRE,ILESO,CONDUCTOR PRESENTE,NO,NO,0
13717,42759,42760,2018,0,0,-0.207107,-78.504521,PICHINCHA,QUITO,QUITO,URBANA,2018-07-20,13:40:00,13,VIERNES,5,JULIO,7,NO,CONDUCIR VEHICULO SUPERANDO LOS LIMITES MAXIMOS DE VELOCIDAD.,CHOQUE LATERAL,BUS,1,0,1,0,0,0,0,0,0,0,0,0,0,2,34,HOMBRE,ILESO,CONDUCTOR PRESENTE,NO,NO,0
13718,42760,42761,2018,1,0,-0.213255,-78.483574,PICHINCHA,QUITO,QUITO,URBANA,2018-07-20,13:48:00,13,VIERNES,5,JULIO,7,NO,NO CEDER EL DERECHO DE VIA O PREFERENCIA DE PASO AL PEATON.,ATROPELLOS,NO IDENTIFICADO,0,0,0,0,0,0,0,0,0,1,0,0,0,1,22,HOMBRE,LESIONADO,PEATON,NO,NO,0
13719,42772,42773,2018,1,0,-0.449043,-78.632063,PICHINCHA,MEJIA,ALOAG,RURAL,2018-07-20,17:00:00,17,VIERNES,5,JULIO,7,NO,NO GUARDAR LA DISTANCIA LATERAL MINIMA DE SEGURIDAD ENTRE VEHICULOS.,CHOQUE LATERAL,AUTOMOVIL,1,0,1,0,0,0,0,0,0,0,0,0,0,2,35,MUJER,LESIONADO,PASAJERO,NO,NO,3
13720,42778,42779,2018,1,0,-0.096308,-78.390898,PICHINCHA,QUITO,CALDERON (CARAPUNGO),RURAL,2018-07-20,18:00:00,18,VIERNES,5,JULIO,7,NO,"CONDUCIR DESATENTO A LAS CONDICIONES DE TRANSITO (CELULAR, PANTALLAS DE VIDEO, COMIDA, MAQUILLAJE O CUALQUIER OTRO ELEMENTO DISTRACTOR).",PERDIDA DE PISTA,CAMION,0,0,0,1,0,0,0,0,0,0,0,0,0,1,41,HOMBRE,LESIONADO,CONDUCTOR PRESENTE,NO,NO,3
13721,42782,42783,2018,0,0,-0.181499,-78.488715,PICHINCHA,QUITO,QUITO,URBANA,2018-07-20,19:10:00,19,VIERNES,5,JULIO,7,NO,"CONDUCE BAJO LA INFLUENCIA DE ALCOHOL, SUSTANCIAS ESTUPEFACIENTES O PSICOTROPICAS Y/O MEDICAMENTOS.",CHOQUE POSTERIOR,AUTOMOVIL,2,0,0,0,0,0,0,0,0,0,0,0,0,2,24,HOMBRE,ILESO,CONDUCTOR PRESENTE,NO,NO,0
13722,42786,42787,2018,2,0,-0.275427,-78.562748,PICHINCHA,QUITO,QUITO,URBANA,2018-07-20,20:15:00,20,VIERNES,5,JULIO,7,NO,NO MANTENER LA DISTANCIA PRUDENCIAL CON RESPECTO AL VEHICULO QUE LE ANTECEDE.,ATROPELLOS,AUTOMOVIL,2,0,0,0,0,0,0,0,0,0,0,0,0,2,8,MUJER,LESIONADO,PASAJERO,NO,NO,0