,Unnamed: 0,ID,ANIO,LESIONADOS,FALLECIDOS,LATITUD_Y,LONGITUD_X,PROVINCIA,CANTON,PARROQUIA,ZONA,FECHA,HORA,PERIODO_2,DIA_1,DIA_2,MES_1,MES_2,FERIADO,CAUSA_PROBABLE,TIPO_DE_SINIESTRO,TIPO_DE_VEHICULO_1,AUTOMOVIL,BICICLETA,BUS,CAMION,CAMIONETA,EMERGENCIAS,ESPECIAL,FURGONETA,MOTOCICLETA,NO_IDENTIFICADO,SCOOTER_ELECTRICO,TRICIMOTO,VEHICULO_DEPORTIVO_UTILITARIO,SUMA_DE_VEHICULOS,EDAD_1,SEXO_1,CONDICION_1,PARTICIPANTE_1,CASCO_1,CINTURON_1,KMeans_Cluster
13779,42968,42969,2018,0,0,-0.144696,-78.483411,PICHINCHA,QUITO,QUITO,URBANA,2018-07-22,19:40:00,19,DOMINGO,7,JULIO,7,NO,NO MANTENER LA DISTANCIA PRUDENCIAL CON RESPECTO AL VEHICULO QUE LE ANTECEDE.,CHOQUE POSTERIOR,AUTOMOVIL,2,0,0,0,0,0,0,0,0,0,0,0,0,2,25,MUJER,ILESO,CONDUCTOR PRESENTE,NO,NO,0
13780,42970,42971,2018,0,0,-0.022587,-78.535547,PICHINCHA,QUITO,CALACALI,URBANA,2018-07-22,20:00:00,20,DOMINGO,7,JULIO,7,NO,"CONDUCE BAJO LA INFLUENCIA DE ALCOHOL, SUSTANCIAS ESTUPEFACIENTES O PSICOTROPICAS Y/O MEDICAMENTOS.",ESTRELLAMIENTOS,FURGONETA,1,0,0,0,0,0,0,1,0,0,0,0,0,2,28,HOMBRE,ILESO,CONDUCTOR PRESENTE,NO,NO,0
13781,42972,42973,2018,1,0,-0.461282,-78.563917,PICHINCHA,MEJIA,MACHACHI,RURAL,2018-07-22,20:15:00,20,DOMINGO,7,JULIO,7,NO,DEJAR O RECOGER PASAJEROS EN LUGARES NO PERMITIDOS.,ATROPELLOS,BUS,0,0,1,0,0,0,0,0,0,0,0,0,0,1,39,HOMBRE,LESIONADO,PEATON,NO,NO,3
13782,42984,42985,2018,3,0,-0.334379,-78.901623,PICHINCHA,MEJIA,MANUEL CORNEJO ASTORGA,RURAL,2018-07-23,01:45:00,1,LUNES,1,JULIO,7,NO,"CONDUCIR DESATENTO A LAS CONDICIONES DE TRANSITO (CELULAR, PANTALLAS DE VIDEO, COMIDA, MAQUILLAJE O CUALQUIER OTRO ELEMENTO DISTRACTOR).",PERDIDA DE PISTA,BUS,0,0,1,0,0,0,0,0,0,0,0,0,0,1,40,HOMBRE,LESIONADO,PASAJERO,NO,NO,3
13783,42986,42987,2018,0,0,-0.156508,-78.486351,PICHINCHA,QUITO,QUITO,URBANA,2018-07-23,04:55:00,4,LUNES,1,JULIO,7,NO,"NO RESPETAR LAS SENIALES REGLAMENTARIAS DE TRANSITO. (PARE, CEDA EL PASO, LUZ ROJA DEL SEMAFORO, ETC).",ESTRELLAMIENTOS,AUTOMOVIL,1,0,0,0,0,0,0,0,0,0,0,0,0,1,-1,NO IDENTIFICADO,NO IDENTIFICADO,CONDUCTOR AUSENTE,NO,NO,2
13784,42988,42989,2018,0,0,-0.139938,-78.371601,PICHINCHA,QUITO,PUEMBO,URBANA,2018-07-23,05:50:00,5,LUNES,1,JULIO,7,NO,NO MANTENER LA DISTANCIA PRUDENCIAL CON RESPECTO AL VEHICULO QUE LE ANTECEDE.,CHOQUE POSTERIOR,BUS,0,0,1,0,0,0,0,0,0,0,0,0,0,1,46,HOMBRE,ILESO,CONDUCTOR PRESENTE,NO,NO,0
13785,42989,42990,2018,0,0,-0.206005,-78.509323,PICHINCHA,QUITO,QUITO,URBANA,2018-07-23,06:15:00,6,LUNES,1,JULIO,7,NO,"FALLA MECANICA EN LOS SISTEMAS Y/O NEUMATICOS (SISTEMA DE FRENOS, DIRECCION, ELECTRONICO O MECANICO).",OTROS,BUS,0,0,1,0,0,0,0,0,0,0,0,0,0,1,34,HOMBRE,ILESO,CONDUCTOR PRESENTE,NO,NO,0
13786,42992,42993,2018,2,0,-0.372841,-78.551836,PICHINCHA,MEJIA,CUTUGLAHUA,RURAL,2018-07-23,06:40:00,6,LUNES,1,JULIO,7,NO,NO GUARDAR LA DISTANCIA LATERAL MINIMA DE SEGURIDAD ENTRE VEHICULOS.,CHOQUE LATERAL,MOTOCICLETA,0,0,0,0,0,0,0,0,1,0,0,0,0,1,21,MUJER,LESIONADO,PASAJERO,NO,NO,3
13787,42995,42996,2018,1,0,-0.328239,-78.538128,PICHINCHA,QUITO,QUITO,URBANA,2018-07-23,08:00:00,8,LUNES,1,JULIO,7,NO,REALIZAR CAMBIO BRUSCO O INDEBIDO DE CARRIL.,CHOQUE LATERAL,MOTOCICLETA,1,0,0,0,0,0,0,0,1,0,0,0,0,2,24,HOMBRE,LESIONADO,CONDUCTOR PRESENTE,NO,NO,0
13788,42996,42997,2018,1,0,-0.172251,-78.490161,PICHINCHA,QUITO,QUITO,URBANA,2018-07-23,08:10:00,8,LUNES,1,JULIO,7,NO,"ADELANTAR O REBASAR A OTRO VEHICULO EN MOVIMIENTO EN ZONAS O SITIOS PELIGROSOS TALES COMO: CURVAS, PUENTES, TUNELES, PENDIENTES, ETC.",CHOQUE LATERAL,BICICLETA,0,1,0,0,0,0,0,0,0,0,0,0,0,1,23,MUJER,LESIONADO,CONDUCTOR PRESENTE,NO,NO,0
13789,42998,42999,2018,0,0,-0.188411,-78.484282,PICHINCHA,QUITO,QUITO,URBANA,2018-07-23,09:40:00,9,LUNES,1,JULIO,7,NO,NO GUARDAR LA DISTANCIA LATERAL MINIMA DE SEGURIDAD ENTRE VEHICULOS.,CHOQUE LATERAL,MOTOCICLETA,0,0,0,0,0,0,0,0,1,0,0,0,0,1,25,HOMBRE,ILESO,CONDUCTOR PRESENTE,NO,NO,0
13790,42999,43000,2018,0,0,-0.263992,-78.523687,PICHINCHA,QUITO,QUITO,URBANA,2018-07-23,11:00:00,11,LUNES,1,JULIO,7,NO,CONDUCIR VEHICULO SUPERANDO LOS LIMITES MAXIMOS DE VELOCIDAD.,ESTRELLAMIENTOS,AUTOMOVIL,1,0,0,0,0,0,0,0,0,0,0,0,0,1,28,HOMBRE,ILESO,CONDUCTOR PRESENTE,NO,NO,0
13791,43000,43001,2018,0,0,-0.158879,-78.440159,PICHINCHA,QUITO,NAYON,URBANA,2018-07-23,11:15:00,11,LUNES,1,JULIO,7,NO,"NO RESPETAR LAS SENIALES REGLAMENTARIAS DE TRANSITO. (PARE, CEDA EL PASO, LUZ ROJA DEL SEMAFORO, ETC).",ESTRELLAMIENTOS,AUTOMOVIL,1,0,0,0,0,0,0,0,0,0,0,0,0,1,50,MUJER,ILESO,CONDUCTOR PRESENTE,NO,NO,0
13792,43008,43009,2018,0,0,-0.273402,-78.556701,PICHINCHA,QUITO,QUITO,URBANA,2018-07-23,14:25:00,14,LUNES,1,JULIO,7,NO,NO GUARDAR LA DISTANCIA LATERAL MINIMA DE SEGURIDAD ENTRE VEHICULOS.,ROZAMIENTOS,CAMIONETA,0,0,0,0,1,0,0,0,0,1,0,0,0,2,38,HOMBRE,ILESO,CONDUCTOR PRESENTE,NO,NO,0
13793,43018,43019,2018,1,0,-0.208656,-78.365858,PICHINCHA,QUITO,PUEMBO,RURAL,2018-07-23,17:00:00,17,LUNES,1,JULIO,7,NO,"PRESENCIA DE AGENTES EXTERNOS EN LA VIA (AGUA, ACEITE, PIEDRA, LASTRE, ESCOMBROS, MADEROS, ETC.).",PERDIDA DE PISTA,MOTOCICLETA,0,0,0,0,0,0,0,0,1,0,0,0,0,1,34,HOMBRE,LESIONADO,CONDUCTOR PRESENTE,NO,NO,3
13794,43022,43023,2018,0,0,-0.254376,-78.522185,PICHINCHA,QUITO,QUITO,URBANA,2018-07-23,18:25:00,18,LUNES,1,JULIO,7,NO,"CONDUCIR DESATENTO A LAS CONDICIONES DE TRANSITO (CELULAR, PANTALLAS DE VIDEO, COMIDA, MAQUILLAJE O CUALQUIER OTRO ELEMENTO DISTRACTOR).",CHOQUE LATERAL,AUTOMOVIL,2,0,0,0,0,0,0,0,0,0,0,0,0,2,39,HOMBRE,ILESO,CONDUCTOR PRESENTE,NO,NO,0
13795,43035,43036,2018,0,0,-0.204592,-78.455985,PICHINCHA,QUITO,QUITO,URBANA,2018-07-24,01:15:00,1,MARTES,2,JULIO,7,NO,"CONDUCIR EN ESTADO DE SOMNOLENCIA O MALAS CONDICIONES FISICAS (SUENIO, CANSANCIO Y FATIGA).",VOLCAMIENTOS,AUTOMOVIL,1,0,0,0,0,0,0,0,0,0,0,0,0,1,-1,NO IDENTIFICADO,NO IDENTIFICADO,CONDUCTOR AUSENTE,NO,NO,2
13796,43036,43037,2018,3,0,-0.116871,-78.473142,PICHINCHA,QUITO,QUITO,URBANA,2018-07-24,01:30:00,1,MARTES,2,JULIO,7,NO,CONDUCIR VEHICULO SUPERANDO LOS LIMITES MAXIMOS DE VELOCIDAD.,ESTRELLAMIENTOS,AUTOMOVIL,1,0,0,0,0,0,0,0,0,0,0,0,0,1,27,MUJER,LESIONADO,PASAJERO,NO,NO,0
13797,43039,43040,2018,0,0,-0.331607,-78.550717,PICHINCHA,QUITO,QUITO,URBANA,2018-07-24,05:45:00,5,MARTES,2,JULIO,7,NO,REALIZAR CAMBIO BRUSCO O INDEBIDO DE CARRIL.,CHOQUE LATERAL,AUTOMOVIL,1,0,0,0,0,0,0,0,0,1,0,0,0,2,48,HOMBRE,ILESO,CONDUCTOR PRESENTE,NO,NO,0
13798,43041,43042,2018,2,0,-0.175511,-78.488431,PICHINCHA,QUITO,QUITO,URBANA,2018-07-24,06:30:00,6,MARTES,2,JULIO,7,NO,"NO RESPETAR LAS SENIALES REGLAMENTARIAS DE TRANSITO. (PARE, CEDA EL PASO, LUZ ROJA DEL SEMAFORO, ETC).",ESTRELLAMIENTOS,AUTOMOVIL,2,0,0,0,0,0,0,0,0,0,0,0,0,2,58,HOMBRE,LESIONADO,CONDUCTOR PRESENTE,NO,NO,0
13799,43042,43043,2018,0,0,-0.016829,-78.793766,PICHINCHA,SAN MIGUEL DE LOS BANCOS,MINDO,RURAL,2018-07-24,07:00:00,7,MARTES,2,JULIO,7,NO,"CONDUCIR DESATENTO A LAS CONDICIONES DE TRANSITO (CELULAR, PANTALLAS DE VIDEO, COMIDA, MAQUILLAJE O CUALQUIER OTRO ELEMENTO DISTRACTOR).",COLISION,CAMIONETA,1,0,0,0,1,0,0,0,0,0,0,0,2,4,33,HOMBRE,ILESO,CONDUCTOR PRESENTE,NO,NO,3
13800,43044,43045,2018,0,0,-0.194185,-78.482112,PICHINCHA,QUITO,QUITO,URBANA,2018-07-24,07:50:00,7,MARTES,2,JULIO,7,NO,NO GUARDAR LA DISTANCIA LATERAL MINIMA DE SEGURIDAD ENTRE VEHICULOS.,CHOQUE LATERAL,BUS,1,0,1,0,0,0,0,1,0,0,0,0,0,3,38,HOMBRE,ILESO,CONDUCTOR PRESENTE,NO,NO,0
13801,43047,43048,2018,0,0,-0.256009,-78.505441,PICHINCHA,QUITO,QUITO,URBANA,2018-07-24,09:35:00,9,MARTES,2,JULIO,7,NO,"ADELANTAR O REBASAR A OTRO VEHICULO EN MOVIMIENTO EN ZONAS O SITIOS PELIGROSOS TALES COMO: CURVAS, PUENTES, TUNELES, PENDIENTES, ETC.",PERDIDA DE PISTA,MOTOCICLETA,0,0,0,0,0,0,0,0,1,0,0,0,0,1,30,HOMBRE,ILESO,CONDUCTOR PRESENTE,NO,NO,0
13802,43064,43065,2018,1,0,-0.150419,-78.484182,PICHINCHA,QUITO,QUITO,URBANA,2018-07-24,14:00:00,14,MARTES,2,JULIO,7,NO,NO TRANSITAR POR LAS ACERAS O ZONAS DE SEGURIDAD DESTINADAS PARA EL EFECTO.,ATROPELLOS,AUTOMOVIL,1,0,0,0,0,0,0,0,0,0,0,0,0,1,83,MUJER,LESIONADO,PEATON,NO,NO,0
13803,43073,43074,2018,0,0,-0.112358,-78.504685,PICHINCHA,QUITO,QUITO,URBANA,2018-07-24,15:25:00,15,MARTES,2,JULIO,7,NO,NO MANTENER LA DISTANCIA PRUDENCIAL CON RESPECTO AL VEHICULO QUE LE ANTECEDE.,OTROS,AUTOMOVIL,2,0,0,0,0,0,0,0,0,0,0,0,0,2,38,HOMBRE,ILESO,CONDUCTOR PRESENTE,NO,NO,0
13804,43075,43076,2018,0,0,-0.275931,-78.530267,PICHINCHA,QUITO,QUITO,URBANA,2018-07-24,15:45:00,15,MARTES,2,JULIO,7,NO,NO GUARDAR LA DISTANCIA LATERAL MINIMA DE SEGURIDAD ENTRE VEHICULOS.,CHOQUE LATERAL,AUTOMOVIL,1,0,0,1,0,0,0,0,0,0,0,0,0,2,26,MUJER,ILESO,CONDUCTOR PRESENTE,NO,NO,0
13805,43077,43078,2018,1,0,-0.273402,-78.556701,PICHINCHA,QUITO,QUITO,URBANA,2018-07-24,16:10:00,16,MARTES,2,JULIO,7,NO,"CONDUCE BAJO LA INFLUENCIA DE ALCOHOL, SUSTANCIAS ESTUPEFACIENTES O PSICOTROPICAS Y/O MEDICAMENTOS.",CHOQUE LATERAL,AUTOMOVIL,2,0,0,0,0,0,0,0,0,0,0,0,0,2,62,HOMBRE,LESIONADO,CONDUCTOR PRESENTE,NO,NO,0
13806,43078,43079,2018,1,0,-0.295232,-78.563817,PICHINCHA,QUITO,QUITO,URBANA,2018-07-24,16:20:00,16,MARTES,2,JULIO,7,NO,"NO RESPETAR LAS SENIALES REGLAMENTARIAS DE TRANSITO. (PARE, CEDA EL PASO, LUZ ROJA DEL SEMAFORO, ETC).",ARROLLAMIENTOS,BICICLETA,0,1,0,0,1,0,0,0,0,0,0,0,0,2,11,HOMBRE,LESIONADO,PASAJERO,NO,NO,0
13807,43079,43080,2018,0,0,-0.206518,-78.494387,PICHINCHA,QUITO,QUITO,URBANA,2018-07-24,16:20:00,16,MARTES,2,JULIO,7,NO,"NO RESPETAR LAS SENIALES REGLAMENTARIAS DE TRANSITO. (PARE, CEDA EL PASO, LUZ ROJA DEL SEMAFORO, ETC).",CHOQUE LATERAL,CAMIONETA,1,0,0,0,1,0,0,0,0,0,0,0,0,2,27,HOMBRE,ILESO,CONDUCTOR PRESENTE,NO,NO,0
13808,43089,43090,2018,1,0,-0.222578,-78.523583,PICHINCHA,QUITO,QUITO,URBANA,2018-07-24,19:40:00,19,MARTES,2,JULIO,7,NO,NO CEDER EL DERECHO DE VIA O PREFERENCIA DE PASO AL PEATON.,ATROPELLOS,NO IDENTIFICADO,0,0,0,0,0,0,0,0,0,1,0,0,0,1,22,HOMBRE,LESIONADO,PEATON,NO,NO,0
13809,43091,43092,2018,2,0,0.055398,-78.683441,PICHINCHA,QUITO,NANEGALITO,RURAL,2018-07-24,20:15:00,20,MARTES,2,JULIO,7,NO,NO GUARDAR LA DISTANCIA LATERAL MINIMA DE SEGURIDAD ENTRE VEHICULOS.,CHOQUE LATERAL,CAMIONETA,0,0,0,1,1,0,0,0,0,0,0,0,0,2,53,HOMBRE,LESIONADO,CONDUCTOR PRESENTE,NO,NO,3
13810,43092,43093,2018,1,0,-0.160268,-78.473612,PICHINCHA,QUITO,QUITO,URBANA,2018-07-24,20:20:00,20,MARTES,2,JULIO,7,NO,REALIZAR CAMBIO BRUSCO O INDEBIDO DE CARRIL.,CHOQUE LATERAL,FURGONETA,0,0,0,0,0,0,0,1,1,0,0,0,0,2,29,HOMBRE,LESIONADO,CONDUCTOR PRESENTE,NO,NO,0
13811,43097,43098,2018,0,0,-0.083428,-78.504801,PICHINCHA,QUITO,QUITO,URBANA,2018-07-24,21:50:00,21,MARTES,2,JULIO,7,NO,"ADELANTAR O REBASAR A OTRO VEHICULO EN MOVIMIENTO EN ZONAS O SITIOS PELIGROSOS TALES COMO: CURVAS, PUENTES, TUNELES, PENDIENTES, ETC.",CHOQUE LATERAL,AUTOMOVIL,1,0,0,0,1,0,0,0,0,0,0,0,0,2,24,HOMBRE,ILESO,CONDUCTOR PRESENTE,NO,NO,0
13812,43100,43101,2018,0,0,-0.295421,-78.555032,PICHINCHA,QUITO,QUITO,URBANA,2018-07-24,23:05:00,23,MARTES,2,JULIO,7,NO,CONDUCIR VEHICULO SUPERANDO LOS LIMITES MAXIMOS DE VELOCIDAD.,ESTRELLAMIENTOS,CAMIONETA,0,0,0,0,1,0,0,0,0,0,0,0,0,1,-1,NO IDENTIFICADO,NO IDENTIFICADO,CONDUCTOR AUSENTE,NO,NO,2
13813,43109,43110,2018,0,0,-0.501632,-78.572645,PICHINCHA,MEJIA,MACHACHI,RURAL,2018-07-25,06:20:00,6,MIERCOLES,3,JULIO,7,NO,"CONDUCIR DESATENTO A LAS CONDICIONES DE TRANSITO (CELULAR, PANTALLAS DE VIDEO, COMIDA, MAQUILLAJE O CUALQUIER OTRO ELEMENTO DISTRACTOR).",ESTRELLAMIENTOS,CAMION,0,0,1,1,0,0,0,0,0,0,0,0,0,2,47,HOMBRE,ILESO,CONDUCTOR PRESENTE,NO,NO,3
13814,43110,43111,2018,0,0,-0.201311,-78.499601,PICHINCHA,QUITO,QUITO,URBANA,2018-07-25,07:12:00,7,MIERCOLES,3,JULIO,7,NO,NO CEDER EL DERECHO DE VIA O PREFERENCIA DE PASO A VEHICULOS.,CHOQUE LATERAL,AUTOMOVIL,2,0,0,0,0,0,0,0,0,0,0,0,0,2,61,HOMBRE,ILESO,CONDUCTOR PRESENTE,NO,NO,0
13815,43115,43116,2018,0,0,-0.206193,-78.504404,PICHINCHA,QUITO,QUITO,URBANA,2018-07-25,10:00:00,10,MIERCOLES,3,JULIO,7,NO,"NO RESPETAR LAS SENIALES REGLAMENTARIAS DE TRANSITO. (PARE, CEDA EL PASO, LUZ ROJA DEL SEMAFORO, ETC).",ESTRELLAMIENTOS,AUTOMOVIL,2,0,0,0,0,0,0,0,0,0,0,0,0,2,45,HOMBRE,ILESO,CONDUCTOR PRESENTE,NO,NO,0
13816,43117,43118,2018,0,0,-0.158437,-78.482131,PICHINCHA,QUITO,QUITO,URBANA,2018-07-25,10:27:00,10,MIERCOLES,3,JULIO,7,NO,"NO RESPETAR LAS SENIALES REGLAMENTARIAS DE TRANSITO. (PARE, CEDA EL PASO, LUZ ROJA DEL SEMAFORO, ETC).",CHOQUE LATERAL,AUTOMOVIL,1,0,0,0,1,0,0,0,0,0,0,0,0,2,33,MUJER,ILESO,CONDUCTOR PRESENTE,NO,NO,0
13817,43120,43121,2018,0,1,-0.458633,-78.564641,PICHINCHA,MEJIA,ALOAG,RURAL,2018-07-25,11:30:00,11,MIERCOLES,3,JULIO,7,NO,"CONDUCIR DESATENTO A LAS CONDICIONES DE TRANSITO (CELULAR, PANTALLAS DE VIDEO, COMIDA, MAQUILLAJE O CUALQUIER OTRO ELEMENTO DISTRACTOR).",PERDIDA DE PISTA,NO IDENTIFICADO,0,0,0,0,0,0,0,0,0,1,0,0,0,1,0,MUJER,FALLECIDO,PASAJERO,NO,NO,3
13818,43131,43132,2018,0,0,-0.186152,-78.508046,PICHINCHA,QUITO,QUITO,URBANA,2018-07-25,16:00:00,16,MIERCOLES,3,JULIO,7,NO,CONDUCIR VEHICULO SUPERANDO LOS LIMITES MAXIMOS DE VELOCIDAD.,CHOQUE FRONTAL,AUTOMOVIL,1,1,0,0,0,0,0,0,0,0,0,0,0,2,30,HOMBRE,ILESO,CONDUCTOR PRESENTE,NO,NO,0
13819,43134,43135,2018,1,0,-0.195712,-78.505773,PICHINCHA,QUITO,QUITO,URBANA,2018-07-25,16:30:00,16,MIERCOLES,3,JULIO,7,NO,"NO RESPETAR LAS SENIALES REGLAMENTARIAS DE TRANSITO. (PARE, CEDA EL PASO, LUZ ROJA DEL SEMAFORO, ETC).",CHOQUE LATERAL,AUTOMOVIL,1,0,0,0,0,0,0,0,1,0,0,0,0,2,38,HOMBRE,LESIONADO,CONDUCTOR PRESENTE,NO,NO,0
13820,43145,43146,2018,1,0,-0.292724,-78.476486,PICHINCHA,QUITO,CONOCOTO,URBANA,2018-07-25,20:05:00,20,MIERCOLES,3,JULIO,7,NO,REALIZAR CAMBIO BRUSCO O INDEBIDO DE CARRIL.,CHOQUE FRONTAL,CAMIONETA,0,0,0,0,1,0,0,0,1,0,0,0,0,2,26,HOMBRE,LESIONADO,CONDUCTOR PRESENTE,NO,NO,0
13821,43148,43149,2018,2,0,-0.279531,-78.475724,PICHINCHA,QUITO,CONOCOTO,URBANA,2018-07-25,20:55:00,20,MIERCOLES,3,JULIO,7,NO,"NO RESPETAR LAS SENIALES REGLAMENTARIAS DE TRANSITO. (PARE, CEDA EL PASO, LUZ ROJA DEL SEMAFORO, ETC).",CHOQUE LATERAL,MOTOCICLETA,0,0,0,0,1,0,0,0,1,0,0,0,0,2,22,HOMBRE,LESIONADO,CONDUCTOR PRESENTE,NO,NO,0
13822,43151,43152,2018,1,0,-0.252017,-78.504399,PICHINCHA,QUITO,QUITO,URBANA,2018-07-25,21:50:00,21,MIERCOLES,3,JULIO,7,NO,CONDUCIR VEHICULO SUPERANDO LOS LIMITES MAXIMOS DE VELOCIDAD.,ESTRELLAMIENTOS,AUTOMOVIL,1,0,0,0,0,0,0,0,0,0,0,0,0,1,22,MUJER,LESIONADO,PASAJERO,NO,NO,0
13823,43152,43153,2018,1,0,-0.278454,-78.552583,PICHINCHA,QUITO,QUITO,URBANA,2018-07-25,22:00:00,22,MIERCOLES,3,JULIO,7,NO,CONDUCIR VEHICULO SUPERANDO LOS LIMITES MAXIMOS DE VELOCIDAD.,ATROPELLOS,NO IDENTIFICADO,0,0,0,0,0,0,0,0,0,1,0,0,0,1,33,HOMBRE,LESIONADO,PEATON,NO,NO,0
13824,43153,43154,2018,2,0,-0.285559,-78.543247,PICHINCHA,QUITO,QUITO,URBANA,2018-07-25,22:30:00,22,MIERCOLES,3,JULIO,7,NO,"CONDUCE BAJO LA INFLUENCIA DE ALCOHOL, SUSTANCIAS ESTUPEFACIENTES O PSICOTROPICAS Y/O MEDICAMENTOS.",ROZAMIENTOS,AUTOMOVIL,1,0,0,0,0,0,0,0,1,0,0,0,0,2,19,HOMBRE,LESIONADO,CONDUCTOR PRESENTE,NO,NO,0
13825,43154,43155,2018,1,0,-0.088841,-78.439915,PICHINCHA,QUITO,CALDERON (CARAPUNGO),URBANA,2018-07-25,22:50:00,22,MIERCOLES,3,JULIO,7,NO,MALAS CONDICIONES DE LA VIA Y/O CONFIGURACION. (ILUMINACION Y DISENIO).,CHOQUE LATERAL,MOTOCICLETA,0,0,0,0,0,0,0,0,1,0,0,0,0,1,25,HOMBRE,LESIONADO,CONDUCTOR PRESENTE,NO,NO,0
13826,43155,43156,2018,0,0,-0.231349,-78.492354,PICHINCHA,QUITO,QUITO,URBANA,2018-07-25,23:20:00,23,MIERCOLES,3,JULIO,7,NO,"FALLA MECANICA EN LOS SISTEMAS Y/O NEUMATICOS (SISTEMA DE FRENOS, DIRECCION, ELECTRONICO O MECANICO).",ESTRELLAMIENTOS,AUTOMOVIL,1,0,0,0,0,0,0,0,0,0,0,0,0,1,-1,NO IDENTIFICADO,NO IDENTIFICADO,CONDUCTOR AUSENTE,NO,NO,2
13827,43161,43162,2018,1,0,-0.121892,-78.493805,PICHINCHA,QUITO,QUITO,URBANA,2018-07-26,05:20:00,5,JUEVES,4,JULIO,7,NO,"NO RESPETAR LAS SENIALES REGLAMENTARIAS DE TRANSITO. (PARE, CEDA EL PASO, LUZ ROJA DEL SEMAFORO, ETC).",CHOQUE LATERAL,AUTOMOVIL,1,0,0,0,0,0,0,0,1,0,0,0,0,2,30,HOMBRE,LESIONADO,CONDUCTOR PRESENTE,NO,NO,0
13828,43162,43163,2018,3,0,-0.099083,-78.421844,PICHINCHA,QUITO,CALDERON (CARAPUNGO),URBANA,2018-07-26,05:45:00,5,JUEVES,4,JULIO,7,NO,"CONDUCE BAJO LA INFLUENCIA DE ALCOHOL, SUSTANCIAS ESTUPEFACIENTES O PSICOTROPICAS Y/O MEDICAMENTOS.",ESTRELLAMIENTOS,AUTOMOVIL,1,0,0,0,0,0,0,0,0,0,0,0,0,1,29,HOMBRE,LESIONADO,PASAJERO,NO,NO,0
13829,43163,43164,2018,0,0,-0.294621,-78.548282,PICHINCHA,QUITO,QUITO,URBANA,2018-07-26,05:45:00,5,JUEVES,4,JULIO,7,NO,"CONDUCE BAJO LA INFLUENCIA DE ALCOHOL, SUSTANCIAS ESTUPEFACIENTES O PSICOTROPICAS Y/O MEDICAMENTOS.",CHOQUE POSTERIOR,AUTOMOVIL,2,0,0,0,0,0,0,0,0,0,0,0,0,2,22,HOMBRE,ILESO,CONDUCTOR PRESENTE,NO,NO,0
13830,43166,43167,2018,1,0,-0.276869,-78.542405,PICHINCHA,QUITO,QUITO,URBANA,2018-07-26,06:38:00,6,JUEVES,4,JULIO,7,NO,NO GUARDAR LA DISTANCIA LATERAL MINIMA DE SEGURIDAD ENTRE VEHICULOS.,ROZAMIENTOS,BUS,0,0,1,0,0,0,0,0,0,0,0,0,0,1,25,HOMBRE,LESIONADO,CONDUCTOR PRESENTE,NO,NO,0
13831,43171,43172,2018,0,0,-0.091346,-78.432026,PICHINCHA,QUITO,CALDERON (CARAPUNGO),URBANA,2018-07-26,08:40:00,8,JUEVES,4,JULIO,7,NO,REALIZAR CAMBIO BRUSCO O INDEBIDO DE CARRIL.,CHOQUE LATERAL,AUTOMOVIL,2,0,0,0,0,0,0,0,0,0,0,0,0,2,35,HOMBRE,ILESO,CONDUCTOR PRESENTE,NO,NO,0
13832,43174,43175,2018,2,0,-0.181018,-78.505749,PICHINCHA,QUITO,QUITO,URBANA,2018-07-26,10:00:00,10,JUEVES,4,JULIO,7,NO,"MAL ESTACIONADO - EL CONDUCTOR QUE DETENGA O ESTACIONE VEHICULOS EN SITIOS O ZONAS QUE ENTRANIEN PELIGRO, TALES COMO ZONA DE SEGURIDAD, CURVAS, PUENTES, TUNELES, PENDIENTES.",ESTRELLAMIENTOS,AUTOMOVIL,1,0,0,0,1,0,0,0,0,0,0,0,0,2,28,HOMBRE,LESIONADO,CONDUCTOR PRESENTE,NO,NO,0
13833,43176,43177,2018,2,0,-0.258972,-78.529889,PICHINCHA,QUITO,QUITO,URBANA,2018-07-26,11:00:00,11,JUEVES,4,JULIO,7,NO,CONDUCIR VEHICULO SUPERANDO LOS LIMITES MAXIMOS DE VELOCIDAD.,CAIDA DE PASAJERO,NO IDENTIFICADO,0,0,0,0,0,0,0,0,0,1,0,0,0,1,32,MUJER,LESIONADO,PASAJERO,NO,NO,0
13834,43179,43180,2018,0,0,-0.263784,-78.487941,PICHINCHA,QUITO,CONOCOTO,URBANA,2018-07-26,12:55:00,12,JUEVES,4,JULIO,7,NO,NO MANTENER LA DISTANCIA PRUDENCIAL CON RESPECTO AL VEHICULO QUE LE ANTECEDE.,CHOQUE POSTERIOR,CAMION,0,0,0,2,0,0,0,0,0,0,0,0,0,2,66,HOMBRE,ILESO,CONDUCTOR PRESENTE,NO,NO,0
13835,43182,43183,2018,0,0,-0.243229,-78.475074,PICHINCHA,QUITO,QUITO,URBANA,2018-07-26,14:00:00,14,JUEVES,4,JULIO,7,NO,CONDUCIR VEHICULO SUPERANDO LOS LIMITES MAXIMOS DE VELOCIDAD.,ESTRELLAMIENTOS,AUTOMOVIL,1,0,0,0,0,0,0,0,0,0,0,0,0,1,18,HOMBRE,ILESO,CONDUCTOR PRESENTE,NO,NO,0