,Unnamed: 0,ID,ANIO,LESIONADOS,FALLECIDOS,LATITUD_Y,LONGITUD_X,PROVINCIA,CANTON,PARROQUIA,ZONA,FECHA,HORA,PERIODO_2,DIA_1,DIA_2,MES_1,MES_2,FERIADO,CAUSA_PROBABLE,TIPO_DE_SINIESTRO,TIPO_DE_VEHICULO_1,AUTOMOVIL,BICICLETA,BUS,CAMION,CAMIONETA,EMERGENCIAS,ESPECIAL,FURGONETA,MOTOCICLETA,NO_IDENTIFICADO,SCOOTER_ELECTRICO,TRICIMOTO,VEHICULO_DEPORTIVO_UTILITARIO,SUMA_DE_VEHICULOS,EDAD_1,SEXO_1,CONDICION_1,PARTICIPANTE_1,CASCO_1,CINTURON_1,KMeans_Cluster
13836,43184,43185,2018,0,0,-0.120424,-78.425686,PICHINCHA,QUITO,CALDERON (CARAPUNGO),URBANA,2018-07-26,14:50:00,14,JUEVES,4,JULIO,7,NO,"PRESENCIA DE AGENTES EXTERNOS EN LA VIA (AGUA, ACEITE, PIEDRA, LASTRE, ESCOMBROS, MADEROS, ETC.).",OTROS,AUTOMOVIL,3,0,0,0,0,0,0,0,0,0,0,0,0,3,47,HOMBRE,ILESO,CONDUCTOR PRESENTE,NO,NO,0
13837,43185,43186,2018,0,0,-0.105384,-78.497732,PICHINCHA,QUITO,QUITO,URBANA,2018-07-26,14:52:00,14,JUEVES,4,JULIO,7,NO,"CONDUCIR DESATENTO A LAS CONDICIONES DE TRANSITO (CELULAR, PANTALLAS DE VIDEO, COMIDA, MAQUILLAJE O CUALQUIER OTRO ELEMENTO DISTRACTOR).",ESTRELLAMIENTOS,AUTOMOVIL,1,0,0,1,0,0,0,0,0,0,0,0,0,2,31,HOMBRE,ILESO,CONDUCTOR PRESENTE,NO,NO,0
13838,43186,43187,2018,0,0,-0.055538,-78.455073,PICHINCHA,QUITO,POMASQUI,URBANA,2018-07-26,15:00:00,15,JUEVES,4,JULIO,7,NO,NO MANTENER LA DISTANCIA PRUDENCIAL CON RESPECTO AL VEHICULO QUE LE ANTECEDE.,CHOQUE POSTERIOR,CAMIONETA,1,0,0,0,1,0,0,0,0,0,0,0,0,2,23,HOMBRE,ILESO,CONDUCTOR PRESENTE,NO,NO,0
13839,43193,43194,2018,0,0,-0.260629,-78.546185,PICHINCHA,QUITO,QUITO,URBANA,2018-07-26,16:50:00,16,JUEVES,4,JULIO,7,NO,CONDUCIR VEHICULO SUPERANDO LOS LIMITES MAXIMOS DE VELOCIDAD.,ESTRELLAMIENTOS,AUTOMOVIL,1,0,0,0,1,0,0,0,0,0,0,0,0,2,-1,NO IDENTIFICADO,NO IDENTIFICADO,CONDUCTOR AUSENTE,NO,NO,2
13840,43194,43195,2018,0,0,-0.203767,-78.489496,PICHINCHA,QUITO,QUITO,URBANA,2018-07-26,17:00:00,17,JUEVES,4,JULIO,7,NO,"CONDUCIR DESATENTO A LAS CONDICIONES DE TRANSITO (CELULAR, PANTALLAS DE VIDEO, COMIDA, MAQUILLAJE O CUALQUIER OTRO ELEMENTO DISTRACTOR).",CHOQUE LATERAL,AUTOMOVIL,1,0,0,0,0,0,0,0,0,0,0,0,0,1,21,HOMBRE,ILESO,CONDUCTOR PRESENTE,NO,NO,0
13841,43195,43196,2018,0,0,0.172386,-78.493427,PICHINCHA,QUITO,SAN JOSE DE MINAS,URBANA,2018-07-26,17:20:00,17,JUEVES,4,JULIO,7,NO,NO MANTENER LA DISTANCIA PRUDENCIAL CON RESPECTO AL VEHICULO QUE LE ANTECEDE.,COLISION,CAMIONETA,2,0,0,0,1,0,0,0,0,0,0,0,0,3,40,HOMBRE,ILESO,CONDUCTOR PRESENTE,NO,NO,0
13842,43202,43203,2018,0,0,-0.014254,-78.319315,PICHINCHA,PEDRO MONCAYO,TOCACHI,RURAL,2018-07-26,19:45:00,19,JUEVES,4,JULIO,7,NO,NO MANTENER LA DISTANCIA PRUDENCIAL CON RESPECTO AL VEHICULO QUE LE ANTECEDE.,CHOQUE POSTERIOR,CAMION,0,0,0,2,0,0,0,0,0,0,0,0,0,2,28,HOMBRE,ILESO,CONDUCTOR PRESENTE,NO,NO,3
13843,43207,43208,2018,0,0,-0.243255,-78.508901,PICHINCHA,QUITO,QUITO,URBANA,2018-07-26,22:10:00,22,JUEVES,4,JULIO,7,NO,NO CEDER EL DERECHO DE VIA O PREFERENCIA DE PASO A VEHICULOS.,ROZAMIENTOS,AUTOMOVIL,1,0,0,0,0,0,0,0,0,0,0,0,0,1,25,HOMBRE,ILESO,CONDUCTOR PRESENTE,NO,NO,0
13844,43209,43210,2018,0,0,-0.187779,-78.477563,PICHINCHA,QUITO,QUITO,URBANA,2018-07-26,22:58:00,22,JUEVES,4,JULIO,7,NO,"CONDUCE BAJO LA INFLUENCIA DE ALCOHOL, SUSTANCIAS ESTUPEFACIENTES O PSICOTROPICAS Y/O MEDICAMENTOS.",ESTRELLAMIENTOS,CAMIONETA,2,0,0,0,1,0,0,0,0,0,0,0,0,3,21,HOMBRE,ILESO,CONDUCTOR PRESENTE,NO,NO,0
13845,43213,43214,2018,0,0,-0.142041,-78.443217,PICHINCHA,QUITO,LLANO CHICO,URBANA,2018-07-27,00:15:00,0,VIERNES,5,JULIO,7,NO,"FALLA MECANICA EN LOS SISTEMAS Y/O NEUMATICOS (SISTEMA DE FRENOS, DIRECCION, ELECTRONICO O MECANICO).",ESTRELLAMIENTOS,AUTOMOVIL,1,0,0,0,0,0,0,0,0,0,0,0,0,1,-1,NO IDENTIFICADO,NO IDENTIFICADO,CONDUCTOR AUSENTE,NO,NO,2
13846,43217,43218,2018,0,0,-0.192585,-78.488514,PICHINCHA,QUITO,QUITO,URBANA,2018-07-27,01:15:00,1,VIERNES,5,JULIO,7,NO,CONDUCIR VEHICULO SUPERANDO LOS LIMITES MAXIMOS DE VELOCIDAD.,CHOQUE LATERAL,AUTOMOVIL,1,0,0,1,0,0,0,0,0,0,0,0,0,2,38,HOMBRE,ILESO,CONDUCTOR PRESENTE,NO,NO,0
13847,43231,43232,2018,1,0,-0.129369,-78.481353,PICHINCHA,QUITO,QUITO,URBANA,2018-07-27,09:00:00,9,VIERNES,5,JULIO,7,NO,REALIZAR CAMBIO BRUSCO O INDEBIDO DE CARRIL.,PERDIDA DE PISTA,MOTOCICLETA,0,0,0,0,0,0,0,0,1,0,0,0,0,1,48,HOMBRE,LESIONADO,CONDUCTOR PRESENTE,NO,NO,0
13848,43232,43233,2018,1,0,-0.255679,-78.532077,PICHINCHA,QUITO,QUITO,URBANA,2018-07-27,09:50:00,9,VIERNES,5,JULIO,7,NO,REALIZAR CAMBIO BRUSCO O INDEBIDO DE CARRIL.,ROZAMIENTOS,MOTOCICLETA,1,0,0,0,0,0,0,0,1,0,0,0,0,2,19,HOMBRE,LESIONADO,CONDUCTOR PRESENTE,NO,NO,0
13849,43234,43235,2018,1,0,-0.314626,-78.553427,PICHINCHA,QUITO,QUITO,URBANA,2018-07-27,10:30:00,10,VIERNES,5,JULIO,7,NO,"CONDUCIR DESATENTO A LAS CONDICIONES DE TRANSITO (CELULAR, PANTALLAS DE VIDEO, COMIDA, MAQUILLAJE O CUALQUIER OTRO ELEMENTO DISTRACTOR).",ARROLLAMIENTOS,CAMIONETA,0,0,0,0,1,0,0,0,0,0,0,0,0,1,35,HOMBRE,LESIONADO,PEATON,NO,NO,0
13850,43236,43237,2018,1,0,-0.292724,-78.476486,PICHINCHA,QUITO,CONOCOTO,URBANA,2018-07-27,11:10:00,11,VIERNES,5,JULIO,7,NO,NO TRANSITAR POR LAS ACERAS O ZONAS DE SEGURIDAD DESTINADAS PARA EL EFECTO.,ATROPELLOS,AUTOMOVIL,1,0,0,0,0,0,0,0,0,0,0,0,0,1,63,MUJER,LESIONADO,PEATON,NO,NO,0
13851,43239,43240,2018,1,0,-0.291207,-78.547971,PICHINCHA,QUITO,QUITO,URBANA,2018-07-27,11:30:00,11,VIERNES,5,JULIO,7,NO,DEJAR O RECOGER PASAJEROS EN LUGARES NO PERMITIDOS.,CAIDA DE PASAJERO,BUS,0,0,1,0,0,0,0,0,0,0,0,0,0,1,84,MUJER,LESIONADO,PASAJERO,NO,NO,0
13852,43240,43241,2018,1,0,-0.170676,-78.494783,PICHINCHA,QUITO,QUITO,URBANA,2018-07-27,11:45:00,11,VIERNES,5,JULIO,7,NO,NO MANTENER LA DISTANCIA PRUDENCIAL CON RESPECTO AL VEHICULO QUE LE ANTECEDE.,CHOQUE POSTERIOR,MOTOCICLETA,1,0,0,0,0,0,0,0,1,0,0,0,0,2,26,HOMBRE,LESIONADO,CONDUCTOR PRESENTE,NO,NO,0
13853,43241,43242,2018,0,0,-0.190123,-78.454557,PICHINCHA,QUITO,QUITO,URBANA,2018-07-27,11:45:00,11,VIERNES,5,JULIO,7,NO,NO MANTENER LA DISTANCIA PRUDENCIAL CON RESPECTO AL VEHICULO QUE LE ANTECEDE.,COLISION,CAMIONETA,3,0,0,0,1,0,0,0,0,0,0,0,0,4,22,MUJER,ILESO,CONDUCTOR PRESENTE,NO,NO,0
13854,43248,43249,2018,2,0,-0.223964,-78.521132,PICHINCHA,QUITO,QUITO,URBANA,2018-07-27,13:00:00,13,VIERNES,5,JULIO,7,NO,PEATON QUE CRUZA LA CALZADA SIN RESPETAR LA SENIALIZACION EXISTENTE (SEMAFOROS O SENIALES MANUALES).,ATROPELLOS,AUTOMOVIL,1,0,0,0,0,0,0,0,0,0,0,0,0,1,52,MUJER,LESIONADO,PEATON,NO,NO,0
13855,43250,43251,2018,0,0,-0.101875,-78.490497,PICHINCHA,QUITO,QUITO,URBANA,2018-07-27,13:22:00,13,VIERNES,5,JULIO,7,NO,CONDUCIR EN SENTIDO CONTRARIO A LA VIA NORMAL DE CIRCULACION.,CHOQUE FRONTAL,AUTOMOVIL,2,0,0,0,0,0,0,0,0,0,0,0,0,2,27,MUJER,ILESO,CONDUCTOR PRESENTE,NO,NO,0
13856,43255,43256,2018,0,0,-0.250641,-78.538033,PICHINCHA,QUITO,QUITO,URBANA,2018-07-27,14:15:00,14,VIERNES,5,JULIO,7,NO,"FALLA MECANICA EN LOS SISTEMAS Y/O NEUMATICOS (SISTEMA DE FRENOS, DIRECCION, ELECTRONICO O MECANICO).",VOLCAMIENTOS,MOTOCICLETA,0,0,0,0,0,0,0,0,1,0,0,0,0,1,21,HOMBRE,ILESO,CONDUCTOR PRESENTE,NO,NO,0
13857,43257,43258,2018,0,0,-0.136128,-78.472492,PICHINCHA,QUITO,QUITO,URBANA,2018-07-27,14:40:00,14,VIERNES,5,JULIO,7,NO,NO GUARDAR LA DISTANCIA LATERAL MINIMA DE SEGURIDAD ENTRE VEHICULOS.,ROZAMIENTOS,AUTOMOVIL,2,0,0,0,0,0,0,0,0,0,0,0,0,2,23,HOMBRE,ILESO,CONDUCTOR PRESENTE,NO,NO,0
13858,43281,43282,2018,1,0,-0.218421,-78.488689,PICHINCHA,QUITO,QUITO,URBANA,2018-07-27,20:45:00,20,VIERNES,5,JULIO,7,NO,NO GUARDAR LA DISTANCIA LATERAL MINIMA DE SEGURIDAD ENTRE VEHICULOS.,CHOQUE LATERAL,MOTOCICLETA,0,0,0,0,0,0,0,0,1,1,0,0,0,2,24,HOMBRE,LESIONADO,CONDUCTOR PRESENTE,NO,NO,0
13859,43282,43283,2018,0,0,-0.156511,-78.491204,PICHINCHA,QUITO,QUITO,URBANA,2018-07-27,20:56:00,20,VIERNES,5,JULIO,7,NO,"ADELANTAR O REBASAR A OTRO VEHICULO EN MOVIMIENTO EN ZONAS O SITIOS PELIGROSOS TALES COMO: CURVAS, PUENTES, TUNELES, PENDIENTES, ETC.",OTROS,AUTOMOVIL,2,0,0,0,0,0,0,0,0,0,0,0,0,2,30,HOMBRE,ILESO,CONDUCTOR PRESENTE,NO,NO,0
13860,43285,43286,2018,0,0,-0.140051,-78.472122,PICHINCHA,QUITO,QUITO,URBANA,2018-07-27,22:20:00,22,VIERNES,5,JULIO,7,NO,"NO RESPETAR LAS SENIALES REGLAMENTARIAS DE TRANSITO. (PARE, CEDA EL PASO, LUZ ROJA DEL SEMAFORO, ETC).",CHOQUE FRONTAL,AUTOMOVIL,3,0,0,0,0,0,0,0,0,0,0,0,0,3,41,HOMBRE,ILESO,CONDUCTOR PRESENTE,NO,NO,0
13861,43286,43287,2018,1,0,-0.297826,-78.455876,PICHINCHA,QUITO,ALANGASI,RURAL,2018-07-27,23:00:00,23,VIERNES,5,JULIO,7,NO,NO CEDER EL DERECHO DE VIA O PREFERENCIA DE PASO A VEHICULOS.,CHOQUE LATERAL,MOTOCICLETA,0,0,0,0,0,0,0,0,1,0,0,0,1,2,26,HOMBRE,LESIONADO,CONDUCTOR PRESENTE,NO,NO,3
13862,43289,43290,2018,0,0,-0.218421,-78.488689,PICHINCHA,QUITO,QUITO,URBANA,2018-07-27,23:20:00,23,VIERNES,5,JULIO,7,NO,"CONDUCE BAJO LA INFLUENCIA DE ALCOHOL, SUSTANCIAS ESTUPEFACIENTES O PSICOTROPICAS Y/O MEDICAMENTOS.",COLISION,CAMIONETA,2,0,0,0,1,0,0,0,0,0,0,0,0,3,50,HOMBRE,ILESO,CONDUCTOR PRESENTE,NO,NO,0
13863,43291,43292,2018,1,0,-0.128452,-78.487414,PICHINCHA,QUITO,QUITO,URBANA,2018-07-28,00:55:00,0,SABADO,6,JULIO,7,NO,"NO RESPETAR LAS SENIALES REGLAMENTARIAS DE TRANSITO. (PARE, CEDA EL PASO, LUZ ROJA DEL SEMAFORO, ETC).",ESTRELLAMIENTOS,AUTOMOVIL,1,0,0,0,0,0,0,0,0,0,0,0,0,1,31,MUJER,LESIONADO,PASAJERO,NO,NO,0
13864,43292,43293,2018,0,0,-0.283576,-78.535479,PICHINCHA,QUITO,QUITO,URBANA,2018-07-28,01:00:00,1,SABADO,6,JULIO,7,NO,CONDUCIR VEHICULO SUPERANDO LOS LIMITES MAXIMOS DE VELOCIDAD.,VOLCAMIENTOS,MOTOCICLETA,0,0,0,0,0,0,0,0,1,0,0,0,0,1,-1,NO IDENTIFICADO,NO IDENTIFICADO,CONDUCTOR AUSENTE,NO,NO,2
13865,43297,43298,2018,0,0,-0.206616,-78.499206,PICHINCHA,QUITO,QUITO,URBANA,2018-07-28,02:20:00,2,SABADO,6,JULIO,7,NO,NO MANTENER LA DISTANCIA PRUDENCIAL CON RESPECTO AL VEHICULO QUE LE ANTECEDE.,CHOQUE POSTERIOR,AUTOMOVIL,1,0,0,0,0,0,0,0,0,1,0,0,0,2,58,HOMBRE,ILESO,CONDUCTOR PRESENTE,NO,NO,0
13866,43298,43299,2018,0,0,-0.180103,-78.489285,PICHINCHA,QUITO,QUITO,URBANA,2018-07-28,02:45:00,2,SABADO,6,JULIO,7,NO,"CONDUCE BAJO LA INFLUENCIA DE ALCOHOL, SUSTANCIAS ESTUPEFACIENTES O PSICOTROPICAS Y/O MEDICAMENTOS.",ESTRELLAMIENTOS,AUTOMOVIL,2,0,0,0,0,0,0,0,0,0,0,0,0,2,33,HOMBRE,ILESO,CONDUCTOR PRESENTE,NO,NO,0
13867,43300,43301,2018,2,0,-0.197981,-78.495836,PICHINCHA,QUITO,QUITO,URBANA,2018-07-28,03:25:00,3,SABADO,6,JULIO,7,NO,CONDUCIR VEHICULO SUPERANDO LOS LIMITES MAXIMOS DE VELOCIDAD.,ESTRELLAMIENTOS,AUTOMOVIL,1,0,0,0,0,0,0,0,0,0,0,0,0,1,43,HOMBRE,LESIONADO,PASAJERO,NO,NO,0
13868,43301,43302,2018,0,0,-0.239775,-78.537462,PICHINCHA,QUITO,QUITO,URBANA,2018-07-28,03:30:00,3,SABADO,6,JULIO,7,NO,"PRESENCIA DE AGENTES EXTERNOS EN LA VIA (AGUA, ACEITE, PIEDRA, LASTRE, ESCOMBROS, MADEROS, ETC.).",VOLCAMIENTOS,MOTOCICLETA,0,0,0,0,0,0,0,0,1,0,0,0,0,1,26,HOMBRE,ILESO,CONDUCTOR PRESENTE,NO,NO,0
13869,43305,43306,2018,0,0,-0.203771,-78.482927,PICHINCHA,QUITO,QUITO,URBANA,2018-07-28,04:15:00,4,SABADO,6,JULIO,7,NO,"FALLA MECANICA EN LOS SISTEMAS Y/O NEUMATICOS (SISTEMA DE FRENOS, DIRECCION, ELECTRONICO O MECANICO).",ESTRELLAMIENTOS,CAMION,0,0,0,1,0,0,0,0,0,0,0,0,0,1,52,HOMBRE,ILESO,CONDUCTOR PRESENTE,NO,NO,0
13870,43306,43307,2018,0,0,-0.182313,-78.489987,PICHINCHA,QUITO,QUITO,URBANA,2018-07-28,04:35:00,4,SABADO,6,JULIO,7,NO,"NO RESPETAR LAS SENIALES REGLAMENTARIAS DE TRANSITO. (PARE, CEDA EL PASO, LUZ ROJA DEL SEMAFORO, ETC).",ESTRELLAMIENTOS,AUTOMOVIL,1,0,0,0,0,0,0,0,0,0,0,0,0,1,-1,NO IDENTIFICADO,NO IDENTIFICADO,CONDUCTOR AUSENTE,NO,NO,2
13871,43307,43308,2018,0,0,-0.248362,-78.506844,PICHINCHA,QUITO,QUITO,URBANA,2018-07-28,04:35:00,4,SABADO,6,JULIO,7,NO,"FALLA MECANICA EN LOS SISTEMAS Y/O NEUMATICOS (SISTEMA DE FRENOS, DIRECCION, ELECTRONICO O MECANICO).",OTROS,CAMION,0,0,0,1,0,0,0,0,0,0,0,0,0,1,-1,NO IDENTIFICADO,NO IDENTIFICADO,CONDUCTOR AUSENTE,NO,NO,2
13872,43313,43314,2018,1,0,-0.161453,-78.321289,PICHINCHA,QUITO,YARUQUI,RURAL,2018-07-28,06:15:00,6,SABADO,6,JULIO,7,NO,"CONDUCE BAJO LA INFLUENCIA DE ALCOHOL, SUSTANCIAS ESTUPEFACIENTES O PSICOTROPICAS Y/O MEDICAMENTOS.",CHOQUE FRONTAL,MOTOCICLETA,0,0,0,0,0,0,0,0,1,0,0,0,1,2,33,HOMBRE,LESIONADO,CONDUCTOR PRESENTE,NO,NO,3
13873,43318,43319,2018,1,0,-0.370422,-78.373721,PICHINCHA,QUITO,PINTAG,URBANA,2018-07-28,07:23:00,7,SABADO,6,JULIO,7,NO,CONDUCIR VEHICULO SUPERANDO LOS LIMITES MAXIMOS DE VELOCIDAD.,OTROS,NO IDENTIFICADO,0,0,0,0,0,0,0,0,0,1,0,0,0,1,34,MUJER,LESIONADO,PASAJERO,NO,NO,0
13874,43322,43323,2018,1,0,-0.318218,-78.555912,PICHINCHA,QUITO,QUITO,URBANA,2018-07-28,07:50:00,7,SABADO,6,JULIO,7,NO,PEATON QUE CRUZA LA CALZADA SIN RESPETAR LA SENIALIZACION EXISTENTE (SEMAFOROS O SENIALES MANUALES).,ATROPELLOS,AUTOMOVIL,3,0,0,0,0,0,0,0,0,0,0,0,0,3,54,MUJER,LESIONADO,PEATON,NO,NO,0
13875,43323,43324,2018,1,0,-0.082518,-78.418041,PICHINCHA,QUITO,CALDERON (CARAPUNGO),URBANA,2018-07-28,08:10:00,8,SABADO,6,JULIO,7,NO,CONDUCIR VEHICULO SUPERANDO LOS LIMITES MAXIMOS DE VELOCIDAD.,CHOQUE LATERAL,AUTOMOVIL,1,0,0,0,0,0,0,0,1,0,0,0,0,2,26,HOMBRE,LESIONADO,CONDUCTOR PRESENTE,NO,NO,0
13876,43326,43327,2018,0,0,-0.096232,-78.467523,PICHINCHA,QUITO,QUITO,URBANA,2018-07-28,08:40:00,8,SABADO,6,JULIO,7,NO,NO GUARDAR LA DISTANCIA LATERAL MINIMA DE SEGURIDAD ENTRE VEHICULOS.,ROZAMIENTOS,BICICLETA,0,1,0,0,0,0,0,0,0,1,0,0,0,2,-1,HOMBRE,ILESO,CONDUCTOR PRESENTE,NO,NO,0
13877,43330,43331,2018,0,0,-0.252347,-78.495341,PICHINCHA,QUITO,QUITO,URBANA,2018-07-28,10:00:00,10,SABADO,6,JULIO,7,NO,NO MANTENER LA DISTANCIA PRUDENCIAL CON RESPECTO AL VEHICULO QUE LE ANTECEDE.,COLISION,CAMIONETA,2,0,0,0,1,0,0,0,0,0,0,0,0,3,64,HOMBRE,ILESO,CONDUCTOR PRESENTE,NO,NO,0
13878,43333,43334,2018,1,0,-0.008234,-78.445893,PICHINCHA,QUITO,SAN ANTONIO (QUITO),RURAL,2018-07-28,11:30:00,11,SABADO,6,JULIO,7,NO,DEJAR O RECOGER PASAJEROS EN LUGARES NO PERMITIDOS.,CAIDA DE PASAJERO,NO IDENTIFICADO,0,0,0,0,0,0,0,0,0,1,0,0,0,1,87,HOMBRE,LESIONADO,PASAJERO,NO,NO,3
13879,43335,43336,2018,1,0,-0.260638,-78.546965,PICHINCHA,QUITO,QUITO,URBANA,2018-07-28,11:50:00,11,SABADO,6,JULIO,7,NO,PEATON QUE CRUZA LA CALZADA SIN RESPETAR LA SENIALIZACION EXISTENTE (SEMAFOROS O SENIALES MANUALES).,ATROPELLOS,AUTOMOVIL,1,0,0,0,0,0,0,0,0,0,0,0,0,1,24,HOMBRE,LESIONADO,PEATON,NO,NO,0
13880,43336,43337,2018,1,0,-0.243922,-78.539909,PICHINCHA,QUITO,QUITO,URBANA,2018-07-28,12:00:00,12,SABADO,6,JULIO,7,NO,PEATON QUE CRUZA LA CALZADA SIN RESPETAR LA SENIALIZACION EXISTENTE (SEMAFOROS O SENIALES MANUALES).,ATROPELLOS,CAMIONETA,0,0,0,0,1,0,0,0,0,0,0,0,0,1,3,MUJER,LESIONADO,PEATON,NO,NO,0
13881,43339,43340,2018,4,0,-0.101875,-78.490497,PICHINCHA,QUITO,QUITO,URBANA,2018-07-28,13:05:00,13,SABADO,6,JULIO,7,NO,NO MANTENER LA DISTANCIA PRUDENCIAL CON RESPECTO AL VEHICULO QUE LE ANTECEDE.,COLISION,AUTOMOVIL,2,0,0,1,0,0,0,0,0,0,0,0,0,3,31,MUJER,LESIONADO,CONDUCTOR PRESENTE,NO,NO,0
13882,43350,43351,2018,0,0,-0.244786,-78.513583,PICHINCHA,QUITO,QUITO,URBANA,2018-07-28,17:00:00,17,SABADO,6,JULIO,7,NO,REALIZAR CAMBIO BRUSCO O INDEBIDO DE CARRIL.,ROZAMIENTOS,BUS,1,0,1,0,0,0,0,0,0,0,0,0,0,2,46,HOMBRE,ILESO,CONDUCTOR PRESENTE,NO,NO,0
13883,43351,43352,2018,1,0,-0.251141,-78.524265,PICHINCHA,QUITO,QUITO,URBANA,2018-07-28,17:10:00,17,SABADO,6,JULIO,7,NO,NO CEDER EL DERECHO DE VIA O PREFERENCIA DE PASO AL PEATON.,ATROPELLOS,MOTOCICLETA,0,0,0,0,0,0,0,0,1,0,0,0,0,1,36,HOMBRE,LESIONADO,PEATON,NO,NO,0
13884,43353,43354,2018,2,0,-0.228783,-78.501625,PICHINCHA,QUITO,QUITO,URBANA,2018-07-28,17:30:00,17,SABADO,6,JULIO,7,NO,CONDUCIR VEHICULO SUPERANDO LOS LIMITES MAXIMOS DE VELOCIDAD.,ESTRELLAMIENTOS,AUTOMOVIL,3,0,0,0,0,0,0,0,0,0,0,0,0,3,69,HOMBRE,LESIONADO,CONDUCTOR PRESENTE,NO,NO,0
13885,43360,43361,2018,0,0,-0.206518,-78.494387,PICHINCHA,QUITO,QUITO,URBANA,2018-07-28,19:30:00,19,SABADO,6,JULIO,7,NO,NO GUARDAR LA DISTANCIA LATERAL MINIMA DE SEGURIDAD ENTRE VEHICULOS.,CHOQUE LATERAL,AUTOMOVIL,2,0,0,0,0,0,0,0,0,0,0,0,0,2,19,MUJER,ILESO,CONDUCTOR PRESENTE,NO,NO,0
13886,43361,43362,2018,1,0,-0.271991,-78.529167,PICHINCHA,QUITO,QUITO,URBANA,2018-07-28,19:35:00,19,SABADO,6,JULIO,7,NO,PEATON QUE CRUZA LA CALZADA SIN RESPETAR LA SENIALIZACION EXISTENTE (SEMAFOROS O SENIALES MANUALES).,ATROPELLOS,NO IDENTIFICADO,0,0,0,0,0,0,0,0,0,1,0,0,0,1,44,HOMBRE,LESIONADO,PEATON,NO,NO,0
13887,43367,43368,2018,0,0,-0.209795,-78.404284,PICHINCHA,QUITO,TUMBACO,URBANA,2018-07-28,21:00:00,21,SABADO,6,JULIO,7,NO,NO GUARDAR LA DISTANCIA LATERAL MINIMA DE SEGURIDAD ENTRE VEHICULOS.,CHOQUE LATERAL,AUTOMOVIL,1,0,0,0,0,0,0,0,0,0,0,0,0,1,33,HOMBRE,ILESO,CONDUCTOR PRESENTE,NO,NO,0
13888,43372,43373,2018,2,0,-0.192826,-78.498075,PICHINCHA,QUITO,QUITO,URBANA,2018-07-28,23:15:00,23,SABADO,6,JULIO,7,NO,NO GUARDAR LA DISTANCIA LATERAL MINIMA DE SEGURIDAD ENTRE VEHICULOS.,CHOQUE LATERAL,MOTOCICLETA,1,0,0,0,0,0,0,0,1,0,0,0,0,2,22,HOMBRE,LESIONADO,PASAJERO,NO,NO,0
13889,43373,43374,2018,1,0,-0.088644,-78.456018,PICHINCHA,QUITO,QUITO,URBANA,2018-07-28,23:20:00,23,SABADO,6,JULIO,7,NO,"CONDUCIR EN ESTADO DE SOMNOLENCIA O MALAS CONDICIONES FISICAS (SUENIO, CANSANCIO Y FATIGA).",PERDIDA DE PISTA,NO IDENTIFICADO,0,0,0,0,0,0,0,0,0,1,0,0,0,1,-1,MUJER,LESIONADO,PASAJERO,NO,NO,0
13890,43374,43375,2018,1,0,-0.268789,-78.533277,PICHINCHA,QUITO,QUITO,URBANA,2018-07-28,23:20:00,23,SABADO,6,JULIO,7,NO,CONDUCIR EN SENTIDO CONTRARIO A LA VIA NORMAL DE CIRCULACION.,CHOQUE FRONTAL,MOTOCICLETA,1,0,0,0,0,0,0,0,1,0,0,0,0,2,29,HOMBRE,LESIONADO,CONDUCTOR PRESENTE,NO,NO,0
13891,43378,43379,2018,1,0,-0.256046,-78.559081,PICHINCHA,QUITO,QUITO,URBANA,2018-07-29,00:10:00,0,DOMINGO,7,JULIO,7,NO,NO CEDER EL DERECHO DE VIA O PREFERENCIA DE PASO AL PEATON.,ATROPELLOS,NO IDENTIFICADO,0,0,0,0,0,0,0,0,0,1,0,0,0,1,39,HOMBRE,LESIONADO,PEATON,NO,NO,0
13892,43379,43380,2018,0,0,-0.101273,-78.450237,PICHINCHA,QUITO,CALDERON (CARAPUNGO),URBANA,2018-07-29,00:15:00,0,DOMINGO,7,JULIO,7,NO,NO CEDER EL DERECHO DE VIA O PREFERENCIA DE PASO A VEHICULOS.,CHOQUE POSTERIOR,AUTOMOVIL,2,0,0,0,0,0,0,0,0,0,0,0,0,2,26,HOMBRE,ILESO,CONDUCTOR PRESENTE,NO,NO,0
13893,43396,43397,2018,1,0,-0.175234,-78.500971,PICHINCHA,QUITO,QUITO,URBANA,2018-07-29,04:50:00,4,DOMINGO,7,JULIO,7,NO,"PRESENCIA DE AGENTES EXTERNOS EN LA VIA (AGUA, ACEITE, PIEDRA, LASTRE, ESCOMBROS, MADEROS, ETC.).",PERDIDA DE PISTA,MOTOCICLETA,0,0,0,0,0,0,0,0,1,0,0,0,0,1,28,HOMBRE,LESIONADO,CONDUCTOR PRESENTE,NO,NO,0
13894,43397,43398,2018,1,0,-0.237728,-78.490401,PICHINCHA,QUITO,QUITO,URBANA,2018-07-29,04:50:00,4,DOMINGO,7,JULIO,7,NO,"FALLA MECANICA EN LOS SISTEMAS Y/O NEUMATICOS (SISTEMA DE FRENOS, DIRECCION, ELECTRONICO O MECANICO).",PERDIDA DE PISTA,MOTOCICLETA,0,0,0,0,0,0,0,0,1,0,0,0,0,1,32,HOMBRE,LESIONADO,PASAJERO,NO,NO,0