,Unnamed: 0,ID,ANIO,LESIONADOS,FALLECIDOS,LATITUD_Y,LONGITUD_X,PROVINCIA,CANTON,PARROQUIA,ZONA,FECHA,HORA,PERIODO_2,DIA_1,DIA_2,MES_1,MES_2,FERIADO,CAUSA_PROBABLE,TIPO_DE_SINIESTRO,TIPO_DE_VEHICULO_1,AUTOMOVIL,BICICLETA,BUS,CAMION,CAMIONETA,EMERGENCIAS,ESPECIAL,FURGONETA,MOTOCICLETA,NO_IDENTIFICADO,SCOOTER_ELECTRICO,TRICIMOTO,VEHICULO_DEPORTIVO_UTILITARIO,SUMA_DE_VEHICULOS,EDAD_1,SEXO_1,CONDICION_1,PARTICIPANTE_1,CASCO_1,CINTURON_1,KMeans_Cluster
13895,43400,43401,2018,0,0,-0.327744,-78.551649,PICHINCHA,QUITO,QUITO,URBANA,2018-07-29,05:28:00,5,DOMINGO,7,JULIO,7,NO,"NO RESPETAR LAS SENIALES REGLAMENTARIAS DE TRANSITO. (PARE, CEDA EL PASO, LUZ ROJA DEL SEMAFORO, ETC).",ESTRELLAMIENTOS,AUTOMOVIL,1,0,0,0,0,0,0,0,0,0,0,0,0,1,32,MUJER,ILESO,CONDUCTOR PRESENTE,NO,NO,0
13896,43406,43407,2018,0,0,-0.249284,-78.527498,PICHINCHA,QUITO,QUITO,URBANA,2018-07-29,06:25:00,6,DOMINGO,7,JULIO,7,NO,REALIZAR CAMBIO BRUSCO O INDEBIDO DE CARRIL.,ESTRELLAMIENTOS,AUTOMOVIL,1,0,0,0,0,0,0,0,0,0,0,0,0,1,-1,NO IDENTIFICADO,NO IDENTIFICADO,CONDUCTOR AUSENTE,NO,NO,2
13897,43409,43410,2018,1,0,-0.162038,-78.495508,PICHINCHA,QUITO,QUITO,URBANA,2018-07-29,08:05:00,8,DOMINGO,7,JULIO,7,NO,"CASO FORTUITO O FUERZA MAYOR (EXPLOSION DE NEUMATICO NUEVO, DERRUMBE, INUNDACION, CAIDA DE PUENTE, ARBOL, PRESENCIA INTEMPESTIVA E IMPREVISTA DE SEMOVIENTES EN LA VIA, ETC.).",VOLCAMIENTOS,MOTOCICLETA,0,0,0,0,0,0,0,0,1,0,0,0,0,1,33,HOMBRE,LESIONADO,PASAJERO,NO,NO,0
13898,43412,43413,2018,0,0,-0.137645,-78.501298,PICHINCHA,QUITO,QUITO,URBANA,2018-07-29,08:20:00,8,DOMINGO,7,JULIO,7,NO,NO GUARDAR LA DISTANCIA LATERAL MINIMA DE SEGURIDAD ENTRE VEHICULOS.,CHOQUE LATERAL,AUTOMOVIL,2,0,0,0,0,0,0,0,0,0,0,0,0,2,41,HOMBRE,ILESO,CONDUCTOR PRESENTE,NO,NO,0
13899,43414,43415,2018,1,1,-0.267885,-78.527319,PICHINCHA,QUITO,QUITO,URBANA,2018-07-29,09:20:00,9,DOMINGO,7,JULIO,7,NO,PEATON QUE CRUZA LA CALZADA SIN RESPETAR LA SENIALIZACION EXISTENTE (SEMAFOROS O SENIALES MANUALES).,ATROPELLOS,MOTOCICLETA,0,0,0,0,0,0,0,0,1,0,0,0,0,1,31,HOMBRE,FALLECIDO,CONDUCTOR PRESENTE,NO,NO,0
13900,43428,43429,2018,0,0,-0.119458,-78.501345,PICHINCHA,QUITO,QUITO,URBANA,2018-07-29,13:30:00,13,DOMINGO,7,JULIO,7,NO,"NO RESPETAR LAS SENIALES REGLAMENTARIAS DE TRANSITO. (PARE, CEDA EL PASO, LUZ ROJA DEL SEMAFORO, ETC).",CHOQUE LATERAL,AUTOMOVIL,2,0,0,0,0,0,0,0,0,0,0,0,0,2,30,HOMBRE,ILESO,CONDUCTOR PRESENTE,NO,NO,0
13901,43429,43430,2018,2,0,-0.293321,-78.400047,PICHINCHA,QUITO,LA MERCED,RURAL,2018-07-29,13:30:00,13,DOMINGO,7,JULIO,7,NO,DEJAR O RECOGER PASAJEROS EN LUGARES NO PERMITIDOS.,CAIDA DE PASAJERO,BUS,0,0,1,0,0,0,0,0,0,0,0,0,0,1,29,MUJER,LESIONADO,PASAJERO,NO,NO,3
13902,43430,43431,2018,0,1,-0.391121,-78.543061,PICHINCHA,MEJIA,UYUMBICHO,RURAL,2018-07-29,13:30:00,13,DOMINGO,7,JULIO,7,NO,"CONDUCIR DESATENTO A LAS CONDICIONES DE TRANSITO (CELULAR, PANTALLAS DE VIDEO, COMIDA, MAQUILLAJE O CUALQUIER OTRO ELEMENTO DISTRACTOR).",ATROPELLOS,CAMION,0,0,0,1,0,0,0,0,0,0,0,0,0,1,83,HOMBRE,FALLECIDO,PEATON,NO,NO,3
13903,43433,43434,2018,0,0,-0.133771,-78.472944,PICHINCHA,QUITO,QUITO,URBANA,2018-07-29,14:32:00,14,DOMINGO,7,JULIO,7,NO,NO GUARDAR LA DISTANCIA LATERAL MINIMA DE SEGURIDAD ENTRE VEHICULOS.,ROZAMIENTOS,AUTOMOVIL,1,0,0,0,1,0,0,0,0,0,0,0,0,2,32,HOMBRE,ILESO,CONDUCTOR PRESENTE,NO,NO,0
13904,43434,43435,2018,1,0,-0.297819,-78.549666,PICHINCHA,QUITO,QUITO,URBANA,2018-07-29,14:35:00,14,DOMINGO,7,JULIO,7,NO,"PEATON TRANSITA BAJO INFLUENCIA DE ALCOHOL, SUSTANCIAS ESTUPEFACIENTES O PSICOTROPICAS Y/O MEDICAMENTOS.",ATROPELLOS,BUS,0,0,1,0,0,0,0,0,0,0,0,0,0,1,19,HOMBRE,LESIONADO,PEATON,NO,NO,0
13905,43443,43444,2018,1,0,-0.305403,-78.545549,PICHINCHA,QUITO,QUITO,URBANA,2018-07-29,17:00:00,17,DOMINGO,7,JULIO,7,NO,DEJAR O RECOGER PASAJEROS EN LUGARES NO PERMITIDOS.,OTROS,NO IDENTIFICADO,0,0,0,0,0,0,0,0,0,1,0,0,0,1,42,MUJER,LESIONADO,PASAJERO,NO,NO,0
13906,43444,43445,2018,3,0,-0.157128,-78.487612,PICHINCHA,QUITO,QUITO,URBANA,2018-07-29,17:30:00,17,DOMINGO,7,JULIO,7,NO,NO GUARDAR LA DISTANCIA LATERAL MINIMA DE SEGURIDAD ENTRE VEHICULOS.,ROZAMIENTOS,NO IDENTIFICADO,0,0,0,0,0,0,0,0,0,1,0,0,0,1,29,MUJER,LESIONADO,PASAJERO,NO,NO,0
13907,43445,43446,2018,0,0,0.006034,-78.544461,PICHINCHA,QUITO,CALACALI,URBANA,2018-07-29,17:30:00,17,DOMINGO,7,JULIO,7,NO,NO GUARDAR LA DISTANCIA LATERAL MINIMA DE SEGURIDAD ENTRE VEHICULOS.,CHOQUE LATERAL,VEHICULO DEPORTIVO UTILITARIO,0,0,0,0,1,0,0,0,0,0,0,0,1,2,30,HOMBRE,ILESO,CONDUCTOR PRESENTE,NO,NO,0
13908,43450,43451,2018,1,0,-0.244627,-78.519067,PICHINCHA,QUITO,QUITO,URBANA,2018-07-29,19:10:00,19,DOMINGO,7,JULIO,7,NO,"CONDUCIR DESATENTO A LAS CONDICIONES DE TRANSITO (CELULAR, PANTALLAS DE VIDEO, COMIDA, MAQUILLAJE O CUALQUIER OTRO ELEMENTO DISTRACTOR).",OTROS,NO IDENTIFICADO,0,0,0,0,0,0,0,0,0,1,0,0,0,1,18,HOMBRE,LESIONADO,PASAJERO,NO,NO,0
13909,43455,43456,2018,0,0,-0.295604,-78.561141,PICHINCHA,QUITO,QUITO,URBANA,2018-07-29,19:50:00,19,DOMINGO,7,JULIO,7,NO,"CONDUCE BAJO LA INFLUENCIA DE ALCOHOL, SUSTANCIAS ESTUPEFACIENTES O PSICOTROPICAS Y/O MEDICAMENTOS.",ROZAMIENTOS,CAMIONETA,1,0,0,0,1,0,0,0,0,0,0,0,0,2,37,HOMBRE,ILESO,CONDUCTOR PRESENTE,NO,NO,0
13910,43472,43473,2018,2,0,-0.092686,-78.513141,PICHINCHA,QUITO,QUITO,URBANA,2018-07-30,01:30:00,1,LUNES,1,JULIO,7,NO,CONDUCIR VEHICULO SUPERANDO LOS LIMITES MAXIMOS DE VELOCIDAD.,PERDIDA DE PISTA,MOTOCICLETA,0,0,0,0,0,0,0,0,1,0,0,0,0,1,30,MUJER,LESIONADO,PASAJERO,NO,NO,0
13911,43477,43478,2018,1,0,-0.272597,-78.519621,PICHINCHA,QUITO,QUITO,URBANA,2018-07-30,06:35:00,6,LUNES,1,JULIO,7,NO,NO CEDER EL DERECHO DE VIA O PREFERENCIA DE PASO A VEHICULOS.,OTROS,AUTOMOVIL,1,0,0,0,0,0,0,0,0,0,0,0,0,1,30,MUJER,LESIONADO,PASAJERO,NO,NO,0
13912,43479,43480,2018,1,0,-0.105384,-78.497732,PICHINCHA,QUITO,QUITO,URBANA,2018-07-30,08:00:00,8,LUNES,1,JULIO,7,NO,NO TRANSITAR POR LAS ACERAS O ZONAS DE SEGURIDAD DESTINADAS PARA EL EFECTO.,ATROPELLOS,AUTOMOVIL,1,0,0,0,0,0,0,0,0,0,0,0,0,1,28,HOMBRE,LESIONADO,PEATON,NO,NO,0
13913,43482,43483,2018,1,0,-0.130957,-78.466205,PICHINCHA,QUITO,QUITO,URBANA,2018-07-30,10:40:00,10,LUNES,1,JULIO,7,NO,"NO RESPETAR LAS SENIALES REGLAMENTARIAS DE TRANSITO. (PARE, CEDA EL PASO, LUZ ROJA DEL SEMAFORO, ETC).",CHOQUE LATERAL,MOTOCICLETA,1,0,0,0,0,0,0,0,1,0,0,0,0,2,19,HOMBRE,LESIONADO,CONDUCTOR PRESENTE,NO,NO,0
13914,43494,43495,2018,0,0,-0.300769,-78.540423,PICHINCHA,QUITO,QUITO,URBANA,2018-07-30,14:45:00,14,LUNES,1,JULIO,7,NO,"CONDUCE BAJO LA INFLUENCIA DE ALCOHOL, SUSTANCIAS ESTUPEFACIENTES O PSICOTROPICAS Y/O MEDICAMENTOS.",OTROS,CAMION,0,0,0,1,0,0,0,1,0,0,0,0,0,2,63,HOMBRE,ILESO,CONDUCTOR PRESENTE,NO,NO,0
13915,43500,43501,2018,1,0,-0.093565,-78.479751,PICHINCHA,QUITO,QUITO,URBANA,2018-07-30,15:45:00,15,LUNES,1,JULIO,7,NO,NO CEDER EL DERECHO DE VIA O PREFERENCIA DE PASO AL PEATON.,ATROPELLOS,AUTOMOVIL,1,0,0,0,0,0,0,0,0,0,0,0,0,1,25,HOMBRE,LESIONADO,PEATON,NO,NO,0
13916,43501,43502,2018,0,0,-0.355609,-78.548711,PICHINCHA,QUITO,QUITO,URBANA,2018-07-30,16:30:00,16,LUNES,1,JULIO,7,NO,"CONDICIONES AMBIENTALES Y/O ATMOSFERICAS (NIEBLA, NEBLINA, GRANIZO, LLUVIA).",ATROPELLOS,NO IDENTIFICADO,0,0,0,0,0,0,0,0,0,1,0,0,0,1,60,HOMBRE,ILESO,PEATON,NO,NO,0
13917,43513,43514,2018,0,0,-0.177432,-78.485892,PICHINCHA,QUITO,QUITO,URBANA,2018-07-30,18:45:00,18,LUNES,1,JULIO,7,NO,NO GUARDAR LA DISTANCIA LATERAL MINIMA DE SEGURIDAD ENTRE VEHICULOS.,CHOQUE LATERAL,AUTOMOVIL,2,0,0,0,0,0,0,0,0,0,0,0,0,2,27,HOMBRE,ILESO,CONDUCTOR PRESENTE,NO,NO,0
13918,43517,43518,2018,1,0,-0.284186,-78.562368,PICHINCHA,QUITO,QUITO,URBANA,2018-07-30,19:40:00,19,LUNES,1,JULIO,7,NO,CONDUCIR VEHICULO SUPERANDO LOS LIMITES MAXIMOS DE VELOCIDAD.,ATROPELLOS,NO IDENTIFICADO,0,0,0,0,0,0,0,0,0,1,0,0,0,1,55,MUJER,LESIONADO,PEATON,NO,NO,0
13919,43521,43522,2018,1,0,-0.144701,-78.483489,PICHINCHA,QUITO,QUITO,URBANA,2018-07-30,20:15:00,20,LUNES,1,JULIO,7,NO,"CONDUCIR DESATENTO A LAS CONDICIONES DE TRANSITO (CELULAR, PANTALLAS DE VIDEO, COMIDA, MAQUILLAJE O CUALQUIER OTRO ELEMENTO DISTRACTOR).",CHOQUE LATERAL,BUS,0,0,1,0,0,0,0,0,1,0,0,0,0,2,33,MUJER,LESIONADO,PASAJERO,NO,NO,0
13920,43525,43526,2018,1,0,-0.305923,-78.545151,PICHINCHA,QUITO,QUITO,URBANA,2018-07-30,21:48:00,21,LUNES,1,JULIO,7,NO,"PRESENCIA DE AGENTES EXTERNOS EN LA VIA (AGUA, ACEITE, PIEDRA, LASTRE, ESCOMBROS, MADEROS, ETC.).",CAIDA DE PASAJERO,CAMION,0,0,0,1,0,0,0,0,0,0,0,0,0,1,25,HOMBRE,LESIONADO,PASAJERO,NO,NO,0
13921,43528,43529,2018,1,0,-0.171611,-78.484882,PICHINCHA,QUITO,QUITO,URBANA,2018-07-30,22:50:00,22,LUNES,1,JULIO,7,NO,NO CEDER EL DERECHO DE VIA O PREFERENCIA DE PASO AL PEATON.,ATROPELLOS,NO IDENTIFICADO,0,0,0,0,0,0,0,0,0,1,0,0,0,1,55,MUJER,LESIONADO,PEATON,NO,NO,0
13922,43529,43530,2018,0,0,-0.196669,-78.466599,PICHINCHA,QUITO,QUITO,URBANA,2018-07-30,22:55:00,22,LUNES,1,JULIO,7,NO,CONDUCIR VEHICULO SUPERANDO LOS LIMITES MAXIMOS DE VELOCIDAD.,ROZAMIENTOS,AUTOMOVIL,1,0,0,0,0,0,0,0,0,1,0,0,0,2,31,HOMBRE,ILESO,CONDUCTOR PRESENTE,NO,NO,0
13923,43532,43533,2018,0,0,-0.001068,-78.508862,PICHINCHA,QUITO,CALACALI,URBANA,2018-07-31,00:00:00,0,MARTES,2,JULIO,7,NO,NO MANTENER LA DISTANCIA PRUDENCIAL CON RESPECTO AL VEHICULO QUE LE ANTECEDE.,CHOQUE POSTERIOR,CAMIONETA,0,0,0,0,2,0,0,0,0,0,0,0,0,2,55,HOMBRE,ILESO,CONDUCTOR PRESENTE,NO,NO,0
13924,43537,43538,2018,0,0,-0.187942,-78.493219,PICHINCHA,QUITO,QUITO,URBANA,2018-07-31,05:50:00,5,MARTES,2,JULIO,7,NO,CONDUCIR VEHICULO SUPERANDO LOS LIMITES MAXIMOS DE VELOCIDAD.,CHOQUE LATERAL,AUTOMOVIL,2,0,0,0,0,0,0,0,0,0,0,0,0,2,46,HOMBRE,ILESO,CONDUCTOR PRESENTE,NO,NO,0
13925,43539,43540,2018,1,0,-0.102501,-78.508056,PICHINCHA,QUITO,QUITO,URBANA,2018-07-31,07:30:00,7,MARTES,2,JULIO,7,NO,"PRESENCIA DE AGENTES EXTERNOS EN LA VIA (AGUA, ACEITE, PIEDRA, LASTRE, ESCOMBROS, MADEROS, ETC.).",PERDIDA DE PISTA,MOTOCICLETA,0,0,0,0,0,0,0,0,1,0,0,0,0,1,31,HOMBRE,LESIONADO,CONDUCTOR PRESENTE,NO,NO,0
13926,43540,43541,2018,1,0,-0.171946,-78.490306,PICHINCHA,QUITO,QUITO,URBANA,2018-07-31,07:50:00,7,MARTES,2,JULIO,7,NO,NO MANTENER LA DISTANCIA PRUDENCIAL CON RESPECTO AL VEHICULO QUE LE ANTECEDE.,CHOQUE POSTERIOR,CAMIONETA,0,0,0,0,1,0,0,0,0,0,0,0,0,1,40,MUJER,LESIONADO,PASAJERO,NO,NO,0
13927,43541,43542,2018,1,0,-0.195547,-78.482783,PICHINCHA,QUITO,QUITO,URBANA,2018-07-31,07:58:00,7,MARTES,2,JULIO,7,NO,PEATON QUE CRUZA LA CALZADA SIN RESPETAR LA SENIALIZACION EXISTENTE (SEMAFOROS O SENIALES MANUALES).,ATROPELLOS,BUS,0,0,1,0,0,0,0,0,0,0,0,0,0,1,42,HOMBRE,LESIONADO,PEATON,NO,NO,0
13928,43542,43543,2018,0,0,-0.192153,-78.456341,PICHINCHA,QUITO,QUITO,URBANA,2018-07-31,08:00:00,8,MARTES,2,JULIO,7,NO,"CONDICIONES AMBIENTALES Y/O ATMOSFERICAS (NIEBLA, NEBLINA, GRANIZO, LLUVIA).",CHOQUE POSTERIOR,AUTOMOVIL,1,0,0,0,1,0,0,0,0,0,0,0,0,2,31,MUJER,ILESO,CONDUCTOR PRESENTE,NO,NO,0
13929,43543,43544,2018,0,0,-0.188478,-78.447371,PICHINCHA,QUITO,NAYON,URBANA,2018-07-31,08:00:00,8,MARTES,2,JULIO,7,NO,"CONDICIONES AMBIENTALES Y/O ATMOSFERICAS (NIEBLA, NEBLINA, GRANIZO, LLUVIA).",OTROS,AUTOMOVIL,2,0,0,0,0,0,0,0,0,0,0,0,0,2,65,HOMBRE,ILESO,CONDUCTOR PRESENTE,NO,NO,0
13930,43546,43547,2018,0,0,-0.142041,-78.443217,PICHINCHA,QUITO,LLANO CHICO,URBANA,2018-07-31,08:40:00,8,MARTES,2,JULIO,7,NO,NO MANTENER LA DISTANCIA PRUDENCIAL CON RESPECTO AL VEHICULO QUE LE ANTECEDE.,COLISION,AUTOMOVIL,2,0,0,0,0,0,0,0,0,1,0,0,0,3,21,HOMBRE,ILESO,CONDUCTOR PRESENTE,NO,NO,0
13931,43547,43548,2018,0,0,-0.092188,-78.403773,PICHINCHA,QUITO,CALDERON (CARAPUNGO),RURAL,2018-07-31,09:00:00,9,MARTES,2,JULIO,7,NO,"CONDICIONES AMBIENTALES Y/O ATMOSFERICAS (NIEBLA, NEBLINA, GRANIZO, LLUVIA).",PERDIDA DE CARRIL,VEHICULO DEPORTIVO UTILITARIO,0,0,0,0,0,0,0,0,0,0,0,0,1,1,44,MUJER,ILESO,CONDUCTOR PRESENTE,NO,NO,3
13932,43549,43550,2018,0,0,-0.196669,-78.466599,PICHINCHA,QUITO,QUITO,URBANA,2018-07-31,09:15:00,9,MARTES,2,JULIO,7,NO,"NO RESPETAR LAS SENIALES REGLAMENTARIAS DE TRANSITO. (PARE, CEDA EL PASO, LUZ ROJA DEL SEMAFORO, ETC).",OTROS,FURGONETA,0,0,0,0,1,0,0,1,0,0,0,0,0,2,45,MUJER,ILESO,CONDUCTOR PRESENTE,NO,NO,0
13933,43551,43552,2018,0,0,-0.237587,-78.484667,PICHINCHA,QUITO,QUITO,URBANA,2018-07-31,10:00:00,10,MARTES,2,JULIO,7,NO,CONDUCIR VEHICULO SUPERANDO LOS LIMITES MAXIMOS DE VELOCIDAD.,ESTRELLAMIENTOS,CAMIONETA,0,0,0,1,1,0,0,0,0,0,0,0,0,2,37,HOMBRE,ILESO,CONDUCTOR PRESENTE,NO,NO,0
13934,43553,43554,2018,1,0,-0.164052,-78.471665,PICHINCHA,QUITO,QUITO,URBANA,2018-07-31,11:24:00,11,MARTES,2,JULIO,7,NO,NO MANTENER LA DISTANCIA PRUDENCIAL CON RESPECTO AL VEHICULO QUE LE ANTECEDE.,COLISION,CAMIONETA,2,0,0,0,2,0,0,0,0,0,0,0,0,4,31,MUJER,LESIONADO,PASAJERO,NO,NO,0
13935,43555,43556,2018,0,0,-0.212824,-78.402686,PICHINCHA,QUITO,TUMBACO,URBANA,2018-07-31,11:45:00,11,MARTES,2,JULIO,7,NO,NO MANTENER LA DISTANCIA PRUDENCIAL CON RESPECTO AL VEHICULO QUE LE ANTECEDE.,CHOQUE POSTERIOR,BUS,1,0,1,0,0,0,0,0,0,0,0,0,0,2,45,HOMBRE,ILESO,CONDUCTOR PRESENTE,NO,NO,0
13936,43556,43557,2018,1,0,-0.171946,-78.490306,PICHINCHA,QUITO,QUITO,URBANA,2018-07-31,12:00:00,12,MARTES,2,JULIO,7,NO,"CONDICIONES AMBIENTALES Y/O ATMOSFERICAS (NIEBLA, NEBLINA, GRANIZO, LLUVIA).",PERDIDA DE PISTA,AUTOMOVIL,1,0,0,0,0,0,0,0,0,0,0,0,0,1,37,HOMBRE,LESIONADO,CONDUCTOR PRESENTE,NO,NO,0
13937,43557,43558,2018,0,0,-0.005842,-78.227648,PICHINCHA,CAYAMBE,CANGAHUA,RURAL,2018-07-31,12:15:00,12,MARTES,2,JULIO,7,NO,"CONDUCIR DESATENTO A LAS CONDICIONES DE TRANSITO (CELULAR, PANTALLAS DE VIDEO, COMIDA, MAQUILLAJE O CUALQUIER OTRO ELEMENTO DISTRACTOR).",COLISION,AUTOMOVIL,1,0,0,0,0,0,0,0,0,0,0,0,2,3,73,HOMBRE,ILESO,CONDUCTOR PRESENTE,NO,NO,3
13938,43558,43559,2018,0,0,-0.122992,-78.491678,PICHINCHA,QUITO,QUITO,URBANA,2018-07-31,12:22:00,12,MARTES,2,JULIO,7,NO,"NO RESPETAR LAS SENIALES REGLAMENTARIAS DE TRANSITO. (PARE, CEDA EL PASO, LUZ ROJA DEL SEMAFORO, ETC).",ATROPELLOS,NO IDENTIFICADO,0,0,0,0,0,0,0,0,0,1,0,0,0,1,86,MUJER,ILESO,PEATON,NO,NO,0
13939,43560,43561,2018,0,1,0.048544,-78.341171,PICHINCHA,PEDRO MONCAYO,MALCHINGUI,RURAL,2018-07-31,13:20:00,13,MARTES,2,JULIO,7,NO,"CONDICIONES AMBIENTALES Y/O ATMOSFERICAS (NIEBLA, NEBLINA, GRANIZO, LLUVIA).",OTROS,NO IDENTIFICADO,0,0,0,0,0,0,0,0,0,1,0,0,0,1,-1,HOMBRE,FALLECIDO,CONDUCTOR PRESENTE,NO,NO,3
13940,43564,43565,2018,0,0,-0.220271,-78.509495,PICHINCHA,QUITO,QUITO,URBANA,2018-07-31,14:50:00,14,MARTES,2,JULIO,7,NO,"FALLA MECANICA EN LOS SISTEMAS Y/O NEUMATICOS (SISTEMA DE FRENOS, DIRECCION, ELECTRONICO O MECANICO).",ESTRELLAMIENTOS,CAMIONETA,0,0,0,0,1,0,0,0,0,0,0,0,0,1,52,HOMBRE,ILESO,CONDUCTOR PRESENTE,NO,NO,0
13941,43571,43572,2018,1,0,-0.209605,-78.501459,PICHINCHA,QUITO,QUITO,URBANA,2018-07-31,17:10:00,17,MARTES,2,JULIO,7,NO,NO TRANSITAR POR LAS ACERAS O ZONAS DE SEGURIDAD DESTINADAS PARA EL EFECTO.,ATROPELLOS,AUTOMOVIL,1,0,0,0,0,0,0,0,0,0,0,0,0,1,58,MUJER,LESIONADO,PEATON,NO,NO,0
13942,43572,43573,2018,0,0,-0.292724,-78.476486,PICHINCHA,QUITO,CONOCOTO,URBANA,2018-07-31,17:10:00,17,MARTES,2,JULIO,7,NO,NO GUARDAR LA DISTANCIA LATERAL MINIMA DE SEGURIDAD ENTRE VEHICULOS.,ROZAMIENTOS,BUS,1,0,1,0,0,0,0,0,0,0,0,0,0,2,34,MUJER,ILESO,CONDUCTOR PRESENTE,NO,NO,0
13943,43573,43574,2018,1,0,0.051723,-78.137734,PICHINCHA,CAYAMBE,CAYAMBE,URBANA,2018-07-31,17:25:00,17,MARTES,2,JULIO,7,NO,NO GUARDAR LA DISTANCIA LATERAL MINIMA DE SEGURIDAD ENTRE VEHICULOS.,CHOQUE LATERAL,MOTOCICLETA,0,0,0,0,1,0,0,0,1,0,0,0,0,2,14,HOMBRE,LESIONADO,PASAJERO,NO,NO,0
13944,43575,43576,2018,2,0,-0.163294,-78.462564,PICHINCHA,QUITO,QUITO,URBANA,2018-07-31,17:30:00,17,MARTES,2,JULIO,7,NO,NO TRANSITAR POR LAS ACERAS O ZONAS DE SEGURIDAD DESTINADAS PARA EL EFECTO.,ATROPELLOS,AUTOMOVIL,1,0,0,0,0,0,0,0,0,0,0,0,0,1,40,MUJER,LESIONADO,PEATON,NO,NO,0
13945,43576,43577,2018,0,0,-0.085965,-78.397551,PICHINCHA,QUITO,CALDERON (CARAPUNGO),RURAL,2018-07-31,17:30:00,17,MARTES,2,JULIO,7,NO,"CONDICIONES AMBIENTALES Y/O ATMOSFERICAS (NIEBLA, NEBLINA, GRANIZO, LLUVIA).",PERDIDA DE CARRIL,VEHICULO DEPORTIVO UTILITARIO,0,0,0,0,0,0,0,0,0,0,0,0,1,1,47,HOMBRE,ILESO,CONDUCTOR PRESENTE,NO,NO,3
13946,43583,43584,2018,0,0,-0.161611,-78.496752,PICHINCHA,QUITO,QUITO,URBANA,2018-07-31,18:40:00,18,MARTES,2,JULIO,7,NO,DANIOS MECANICOS PREVISIBLES.,ESTRELLAMIENTOS,AUTOMOVIL,2,0,0,0,0,0,0,0,0,0,0,0,0,2,54,HOMBRE,ILESO,CONDUCTOR PRESENTE,NO,NO,0
13947,43586,43587,2018,0,0,-0.196669,-78.466599,PICHINCHA,QUITO,QUITO,URBANA,2018-07-31,19:40:00,19,MARTES,2,JULIO,7,NO,NO MANTENER LA DISTANCIA PRUDENCIAL CON RESPECTO AL VEHICULO QUE LE ANTECEDE.,CHOQUE POSTERIOR,AUTOMOVIL,2,0,0,0,0,0,0,0,0,0,0,0,0,2,40,HOMBRE,ILESO,CONDUCTOR PRESENTE,NO,NO,0
13948,43587,43588,2018,0,0,-0.176731,-78.493801,PICHINCHA,QUITO,QUITO,URBANA,2018-07-31,20:40:00,20,MARTES,2,JULIO,7,NO,NO MANTENER LA DISTANCIA PRUDENCIAL CON RESPECTO AL VEHICULO QUE LE ANTECEDE.,COLISION,AUTOMOVIL,3,0,0,0,0,0,0,0,0,0,0,0,0,3,25,HOMBRE,ILESO,CONDUCTOR PRESENTE,NO,NO,0
13949,43594,43595,2018,1,0,-0.235006,-78.471367,PICHINCHA,QUITO,QUITO,URBANA,2018-08-01,00:28:00,0,MIERCOLES,3,AGOSTO,8,NO,"PRESENCIA DE AGENTES EXTERNOS EN LA VIA (AGUA, ACEITE, PIEDRA, LASTRE, ESCOMBROS, MADEROS, ETC.).",VOLCAMIENTOS,MOTOCICLETA,0,0,0,0,0,0,0,0,1,0,0,0,0,1,36,HOMBRE,LESIONADO,CONDUCTOR PRESENTE,NO,NO,0
13950,43598,43599,2018,0,0,-0.138881,-78.501317,PICHINCHA,QUITO,QUITO,URBANA,2018-08-01,04:20:00,4,MIERCOLES,3,AGOSTO,8,NO,CONDUCIR VEHICULO SUPERANDO LOS LIMITES MAXIMOS DE VELOCIDAD.,ESTRELLAMIENTOS,CAMION,0,0,0,1,0,0,0,0,0,0,0,0,0,1,-1,NO IDENTIFICADO,NO IDENTIFICADO,CONDUCTOR AUSENTE,NO,NO,2
13951,43599,43600,2018,0,0,-0.119381,-78.471224,PICHINCHA,QUITO,QUITO,URBANA,2018-08-01,04:30:00,4,MIERCOLES,3,AGOSTO,8,NO,"NO RESPETAR LAS SENIALES REGLAMENTARIAS DE TRANSITO. (PARE, CEDA EL PASO, LUZ ROJA DEL SEMAFORO, ETC).",ESTRELLAMIENTOS,AUTOMOVIL,1,0,0,0,0,0,0,0,0,0,0,0,0,1,-1,NO IDENTIFICADO,NO IDENTIFICADO,CONDUCTOR AUSENTE,NO,NO,2
13952,43602,43603,2018,2,0,-0.204095,-78.458079,PICHINCHA,QUITO,QUITO,URBANA,2018-08-01,07:10:00,7,MIERCOLES,3,AGOSTO,8,NO,NO GUARDAR LA DISTANCIA LATERAL MINIMA DE SEGURIDAD ENTRE VEHICULOS.,CHOQUE LATERAL,AUTOMOVIL,1,0,0,0,1,0,0,0,0,0,0,0,0,2,28,HOMBRE,LESIONADO,CONDUCTOR PRESENTE,NO,NO,0
13953,43603,43604,2018,2,0,-0.247141,-78.475845,PICHINCHA,QUITO,QUITO,URBANA,2018-08-01,07:30:00,7,MIERCOLES,3,AGOSTO,8,NO,PEATON QUE CRUZA LA CALZADA SIN RESPETAR LA SENIALIZACION EXISTENTE (SEMAFOROS O SENIALES MANUALES).,ATROPELLOS,MOTOCICLETA,0,0,0,0,0,0,0,0,1,0,0,0,0,1,27,HOMBRE,LESIONADO,CONDUCTOR PRESENTE,NO,NO,0
13954,43604,43605,2018,1,0,-0.082631,-78.292881,PICHINCHA,CAYAMBE,ASCAZUBI,RURAL,2018-08-01,07:30:00,7,MIERCOLES,3,AGOSTO,8,NO,NO TRANSITAR POR LAS ACERAS O ZONAS DE SEGURIDAD DESTINADAS PARA EL EFECTO.,ATROPELLOS,MOTOCICLETA,0,0,0,0,0,0,0,0,1,0,0,0,0,1,81,HOMBRE,LESIONADO,PEATON,NO,NO,3