,Unnamed: 0,ID,ANIO,LESIONADOS,FALLECIDOS,LATITUD_Y,LONGITUD_X,PROVINCIA,CANTON,PARROQUIA,ZONA,FECHA,HORA,PERIODO_2,DIA_1,DIA_2,MES_1,MES_2,FERIADO,CAUSA_PROBABLE,TIPO_DE_SINIESTRO,TIPO_DE_VEHICULO_1,AUTOMOVIL,BICICLETA,BUS,CAMION,CAMIONETA,EMERGENCIAS,ESPECIAL,FURGONETA,MOTOCICLETA,NO_IDENTIFICADO,SCOOTER_ELECTRICO,TRICIMOTO,VEHICULO_DEPORTIVO_UTILITARIO,SUMA_DE_VEHICULOS,EDAD_1,SEXO_1,CONDICION_1,PARTICIPANTE_1,CASCO_1,CINTURON_1,KMeans_Cluster
13955,43605,43606,2018,1,0,-0.172253,-78.492393,PICHINCHA,QUITO,QUITO,URBANA,2018-08-01,08:10:00,8,MIERCOLES,3,AGOSTO,8,NO,"NO RESPETAR LAS SENIALES REGLAMENTARIAS DE TRANSITO. (PARE, CEDA EL PASO, LUZ ROJA DEL SEMAFORO, ETC).",OTROS,MOTOCICLETA,0,0,0,0,0,0,0,0,1,0,0,0,0,1,40,HOMBRE,LESIONADO,CONDUCTOR PRESENTE,NO,NO,0
13956,43608,43609,2018,1,0,-0.195946,-78.495031,PICHINCHA,QUITO,QUITO,URBANA,2018-08-01,10:05:00,10,MIERCOLES,3,AGOSTO,8,NO,NO GUARDAR LA DISTANCIA LATERAL MINIMA DE SEGURIDAD ENTRE VEHICULOS.,CHOQUE LATERAL,AUTOMOVIL,1,0,0,0,0,0,0,0,1,0,0,0,0,2,27,HOMBRE,LESIONADO,CONDUCTOR PRESENTE,NO,NO,0
13957,43609,43610,2018,0,0,-0.220123,-78.507481,PICHINCHA,QUITO,QUITO,URBANA,2018-08-01,10:20:00,10,MIERCOLES,3,AGOSTO,8,NO,NO GUARDAR LA DISTANCIA LATERAL MINIMA DE SEGURIDAD ENTRE VEHICULOS.,ROZAMIENTOS,BUS,0,0,1,0,0,0,0,0,0,0,0,0,0,1,48,HOMBRE,ILESO,CONDUCTOR PRESENTE,NO,NO,0
13958,43610,43611,2018,0,0,-0.171246,-78.470635,PICHINCHA,QUITO,QUITO,URBANA,2018-08-01,10:30:00,10,MIERCOLES,3,AGOSTO,8,NO,NO MANTENER LA DISTANCIA PRUDENCIAL CON RESPECTO AL VEHICULO QUE LE ANTECEDE.,CHOQUE POSTERIOR,AUTOMOVIL,2,0,0,0,0,0,0,0,0,0,0,0,0,2,63,HOMBRE,ILESO,CONDUCTOR PRESENTE,NO,NO,0
13959,43611,43612,2018,1,0,-0.212848,-78.410905,PICHINCHA,QUITO,TUMBACO,URBANA,2018-08-01,10:30:00,10,MIERCOLES,3,AGOSTO,8,NO,CONDUCIR VEHICULO SUPERANDO LOS LIMITES MAXIMOS DE VELOCIDAD.,ESTRELLAMIENTOS,AUTOMOVIL,1,0,0,0,0,0,0,0,0,0,0,0,0,1,23,MUJER,LESIONADO,PASAJERO,NO,NO,0
13960,43612,43613,2018,1,0,-0.245928,-78.536467,PICHINCHA,QUITO,QUITO,URBANA,2018-08-01,10:30:00,10,MIERCOLES,3,AGOSTO,8,NO,NO CEDER EL DERECHO DE VIA O PREFERENCIA DE PASO A VEHICULOS.,CHOQUE LATERAL,MOTOCICLETA,0,0,0,0,0,0,0,0,1,1,0,0,0,2,55,HOMBRE,LESIONADO,CONDUCTOR PRESENTE,NO,NO,0
13961,43617,43618,2018,1,0,-0.240728,-78.545159,PICHINCHA,QUITO,QUITO,URBANA,2018-08-01,12:20:00,12,MIERCOLES,3,AGOSTO,8,NO,NO TRANSITAR POR LAS ACERAS O ZONAS DE SEGURIDAD DESTINADAS PARA EL EFECTO.,ATROPELLOS,AUTOMOVIL,1,0,0,0,0,0,0,0,0,0,0,0,0,1,10,MUJER,LESIONADO,PEATON,NO,NO,0
13962,43619,43620,2018,1,0,-0.082551,-78.466469,PICHINCHA,QUITO,QUITO,URBANA,2018-08-01,13:50:00,13,MIERCOLES,3,AGOSTO,8,NO,DEJAR O RECOGER PASAJEROS EN LUGARES NO PERMITIDOS.,CAIDA DE PASAJERO,BUS,0,0,1,0,0,0,0,0,0,0,0,0,0,1,34,HOMBRE,LESIONADO,PASAJERO,NO,NO,0
13963,43620,43621,2018,0,1,-0.215467,-78.511569,PICHINCHA,QUITO,QUITO,URBANA,2018-08-01,14:03:00,14,MIERCOLES,3,AGOSTO,8,NO,REALIZAR CAMBIO BRUSCO O INDEBIDO DE CARRIL.,ROZAMIENTOS,BUS,0,0,1,0,0,0,0,0,1,0,0,0,0,2,18,HOMBRE,FALLECIDO,CONDUCTOR PRESENTE,NO,NO,0
13964,43622,43623,2018,0,0,-0.198388,-78.485624,PICHINCHA,QUITO,QUITO,URBANA,2018-08-01,15:00:00,15,MIERCOLES,3,AGOSTO,8,NO,"FALLA MECANICA EN LOS SISTEMAS Y/O NEUMATICOS (SISTEMA DE FRENOS, DIRECCION, ELECTRONICO O MECANICO).",ESTRELLAMIENTOS,CAMION,0,0,0,1,0,0,0,0,0,0,0,0,0,1,46,HOMBRE,ILESO,CONDUCTOR PRESENTE,NO,NO,0
13965,43625,43626,2018,1,0,-0.212459,-78.405738,PICHINCHA,QUITO,TUMBACO,URBANA,2018-08-01,16:30:00,16,MIERCOLES,3,AGOSTO,8,NO,"CASO FORTUITO O FUERZA MAYOR (EXPLOSION DE NEUMATICO NUEVO, DERRUMBE, INUNDACION, CAIDA DE PUENTE, ARBOL, PRESENCIA INTEMPESTIVA E IMPREVISTA DE SEMOVIENTES EN LA VIA, ETC.).",VOLCAMIENTOS,MOTOCICLETA,0,0,0,0,0,0,0,0,1,0,0,0,0,1,41,HOMBRE,LESIONADO,CONDUCTOR PRESENTE,NO,NO,0
13966,43631,43632,2018,1,0,-0.273953,-78.558074,PICHINCHA,QUITO,QUITO,URBANA,2018-08-01,17:45:00,17,MIERCOLES,3,AGOSTO,8,NO,NO CEDER EL DERECHO DE VIA O PREFERENCIA DE PASO AL PEATON.,ATROPELLOS,AUTOMOVIL,1,0,0,0,0,0,0,0,0,0,0,0,0,1,54,HOMBRE,LESIONADO,PEATON,NO,NO,0
13967,43633,43634,2018,1,0,-0.182631,-78.514279,PICHINCHA,QUITO,QUITO,URBANA,2018-08-01,18:40:00,18,MIERCOLES,3,AGOSTO,8,NO,"NO RESPETAR LAS SENIALES REGLAMENTARIAS DE TRANSITO. (PARE, CEDA EL PASO, LUZ ROJA DEL SEMAFORO, ETC).",VOLCAMIENTOS,MOTOCICLETA,0,0,0,0,0,0,0,0,1,0,0,0,0,1,24,HOMBRE,LESIONADO,CONDUCTOR PRESENTE,NO,NO,0
13968,43637,43638,2018,1,1,-0.105384,-78.497731,PICHINCHA,QUITO,QUITO,URBANA,2018-08-01,21:30:00,21,MIERCOLES,3,AGOSTO,8,NO,"CONDUCE BAJO LA INFLUENCIA DE ALCOHOL, SUSTANCIAS ESTUPEFACIENTES O PSICOTROPICAS Y/O MEDICAMENTOS.",COLISION,CAMIONETA,2,0,0,0,1,0,0,0,0,0,0,0,0,3,29,HOMBRE,FALLECIDO,CONDUCTOR PRESENTE,NO,NO,0
13969,43639,43640,2018,0,0,-0.283833,-78.470453,PICHINCHA,QUITO,CONOCOTO,RURAL,2018-08-01,22:15:00,22,MIERCOLES,3,AGOSTO,8,NO,NO MANTENER LA DISTANCIA PRUDENCIAL CON RESPECTO AL VEHICULO QUE LE ANTECEDE.,CHOQUE POSTERIOR,AUTOMOVIL,2,0,0,0,0,0,0,0,0,0,0,0,0,2,44,HOMBRE,ILESO,CONDUCTOR PRESENTE,NO,NO,3
13970,43650,43651,2018,0,1,-0.328416,-78.550425,PICHINCHA,QUITO,QUITO,URBANA,2018-08-02,01:00:00,1,JUEVES,4,AGOSTO,8,NO,CONDUCIR VEHICULO SUPERANDO LOS LIMITES MAXIMOS DE VELOCIDAD.,PERDIDA DE CARRIL,MOTOCICLETA,0,0,0,0,0,0,0,0,1,0,0,0,0,1,23,HOMBRE,FALLECIDO,CONDUCTOR PRESENTE,NO,NO,0
13971,43651,43652,2018,4,0,-0.163071,-78.495459,PICHINCHA,QUITO,QUITO,URBANA,2018-08-02,01:20:00,1,JUEVES,4,AGOSTO,8,NO,NO GUARDAR LA DISTANCIA LATERAL MINIMA DE SEGURIDAD ENTRE VEHICULOS.,CHOQUE LATERAL,AUTOMOVIL,2,0,0,0,0,0,0,0,0,0,0,0,0,2,21,HOMBRE,LESIONADO,CONDUCTOR PRESENTE,NO,NO,0
13972,43653,43654,2018,1,0,-0.225086,-78.493679,PICHINCHA,QUITO,QUITO,URBANA,2018-08-02,02:35:00,2,JUEVES,4,AGOSTO,8,NO,NO TRANSITAR POR LAS ACERAS O ZONAS DE SEGURIDAD DESTINADAS PARA EL EFECTO.,ATROPELLOS,NO IDENTIFICADO,0,0,0,0,0,0,0,0,0,1,0,0,0,1,40,HOMBRE,LESIONADO,PEATON,NO,NO,0
13973,43658,43659,2018,0,0,-0.156738,-78.485131,PICHINCHA,QUITO,QUITO,URBANA,2018-08-02,08:00:00,8,JUEVES,4,AGOSTO,8,NO,CONDUCIR VEHICULO SUPERANDO LOS LIMITES MAXIMOS DE VELOCIDAD.,CHOQUE LATERAL,CAMION,1,0,0,1,0,0,0,0,0,0,0,0,0,2,53,HOMBRE,ILESO,CONDUCTOR PRESENTE,NO,NO,0
13974,43659,43660,2018,0,0,-0.263991,-78.487763,PICHINCHA,QUITO,CONOCOTO,URBANA,2018-08-02,08:22:00,8,JUEVES,4,AGOSTO,8,NO,CONDUCIR VEHICULO SUPERANDO LOS LIMITES MAXIMOS DE VELOCIDAD.,CHOQUE LATERAL,AUTOMOVIL,2,0,0,0,0,0,0,0,0,0,0,0,0,2,56,MUJER,ILESO,CONDUCTOR PRESENTE,NO,NO,0
13975,43660,43661,2018,1,0,-0.181401,-78.506179,PICHINCHA,QUITO,QUITO,URBANA,2018-08-02,09:30:00,9,JUEVES,4,AGOSTO,8,NO,NO CEDER EL DERECHO DE VIA O PREFERENCIA DE PASO AL PEATON.,ATROPELLOS,BICICLETA,0,1,0,0,0,0,0,0,0,0,0,0,0,1,29,HOMBRE,LESIONADO,CONDUCTOR PRESENTE,NO,NO,0
13976,43661,43662,2018,1,0,-0.275764,-78.549711,PICHINCHA,QUITO,QUITO,URBANA,2018-08-02,10:00:00,10,JUEVES,4,AGOSTO,8,NO,NO CEDER EL DERECHO DE VIA O PREFERENCIA DE PASO AL PEATON.,ATROPELLOS,NO IDENTIFICADO,0,0,0,0,0,0,0,0,0,1,0,0,0,1,29,HOMBRE,LESIONADO,PEATON,NO,NO,0
13977,43662,43663,2018,2,0,-0.208844,-78.335604,PICHINCHA,QUITO,YARUQUI,URBANA,2018-08-02,10:40:00,10,JUEVES,4,AGOSTO,8,NO,NO CEDER EL DERECHO DE VIA O PREFERENCIA DE PASO AL PEATON.,ATROPELLOS,MOTOCICLETA,0,0,0,0,0,0,0,0,1,0,0,0,0,1,35,HOMBRE,LESIONADO,CONDUCTOR PRESENTE,NO,NO,0
13978,43663,43664,2018,1,0,-0.161208,-78.495838,PICHINCHA,QUITO,QUITO,URBANA,2018-08-02,11:30:00,11,JUEVES,4,AGOSTO,8,NO,BAJARSE O SUBIRSE DE VEHICULOS EN MOVIMIENTO SIN TOMAR LAS PRECAUCIONES DEBIDAS.,CAIDA DE PASAJERO,NO IDENTIFICADO,0,0,0,0,0,0,0,0,0,1,0,0,0,1,51,MUJER,LESIONADO,PASAJERO,NO,NO,0
13979,43667,43668,2018,0,0,-0.209683,-78.479541,PICHINCHA,QUITO,QUITO,URBANA,2018-08-02,13:55:00,13,JUEVES,4,AGOSTO,8,NO,"FALLA MECANICA EN LOS SISTEMAS Y/O NEUMATICOS (SISTEMA DE FRENOS, DIRECCION, ELECTRONICO O MECANICO).",ESTRELLAMIENTOS,AUTOMOVIL,1,0,0,0,0,0,0,0,0,0,0,0,0,1,35,HOMBRE,ILESO,CONDUCTOR PRESENTE,NO,NO,0
13980,43671,43672,2018,1,0,-0.335401,-78.540623,PICHINCHA,QUITO,QUITO,URBANA,2018-08-02,14:40:00,14,JUEVES,4,AGOSTO,8,NO,CONDUCIR VEHICULO SUPERANDO LOS LIMITES MAXIMOS DE VELOCIDAD.,ATROPELLOS,NO IDENTIFICADO,0,0,0,0,0,0,0,0,0,1,0,0,0,1,8,HOMBRE,LESIONADO,PEATON,NO,NO,0
13981,43674,43675,2018,0,0,-0.190183,-78.338386,PICHINCHA,QUITO,TABABELA,URBANA,2018-08-02,15:55:00,15,JUEVES,4,AGOSTO,8,NO,NO GUARDAR LA DISTANCIA LATERAL MINIMA DE SEGURIDAD ENTRE VEHICULOS.,CHOQUE LATERAL,AUTOMOVIL,2,0,0,0,0,0,0,0,0,0,0,0,0,2,26,MUJER,ILESO,CONDUCTOR PRESENTE,NO,NO,0
13982,43678,43679,2018,0,0,-0.139569,-78.503506,PICHINCHA,QUITO,QUITO,URBANA,2018-08-02,17:05:00,17,JUEVES,4,AGOSTO,8,NO,"CONDUCE BAJO LA INFLUENCIA DE ALCOHOL, SUSTANCIAS ESTUPEFACIENTES O PSICOTROPICAS Y/O MEDICAMENTOS.",ESTRELLAMIENTOS,AUTOMOVIL,2,0,0,0,0,0,0,0,0,0,0,0,0,2,19,HOMBRE,ILESO,CONDUCTOR PRESENTE,NO,NO,0
13983,43680,43681,2018,1,0,-0.091926,-78.439061,PICHINCHA,QUITO,CALDERON (CARAPUNGO),URBANA,2018-08-02,19:10:00,19,JUEVES,4,AGOSTO,8,NO,BAJARSE O SUBIRSE DE VEHICULOS EN MOVIMIENTO SIN TOMAR LAS PRECAUCIONES DEBIDAS.,CAIDA DE PASAJERO,NO IDENTIFICADO,0,0,0,0,0,0,0,0,0,1,0,0,0,1,32,HOMBRE,LESIONADO,PASAJERO,NO,NO,0
13984,43681,43682,2018,1,0,-0.263991,-78.487763,PICHINCHA,QUITO,CONOCOTO,URBANA,2018-08-02,19:10:00,19,JUEVES,4,AGOSTO,8,NO,CONDUCIR VEHICULO SUPERANDO LOS LIMITES MAXIMOS DE VELOCIDAD.,ESTRELLAMIENTOS,AUTOMOVIL,1,0,0,0,0,0,0,0,0,0,0,0,0,1,21,MUJER,LESIONADO,PASAJERO,NO,NO,0
13985,43683,43684,2018,0,1,-0.154505,-78.476825,PICHINCHA,QUITO,QUITO,URBANA,2018-08-02,19:20:00,19,JUEVES,4,AGOSTO,8,NO,PEATON QUE CRUZA LA CALZADA SIN RESPETAR LA SENIALIZACION EXISTENTE (SEMAFOROS O SENIALES MANUALES).,ARROLLAMIENTOS,CAMION,0,0,0,1,0,0,0,0,0,0,0,0,0,1,50,HOMBRE,FALLECIDO,PEATON,NO,NO,0
13986,43685,43686,2018,0,0,-0.242681,-78.497364,PICHINCHA,QUITO,QUITO,URBANA,2018-08-02,19:30:00,19,JUEVES,4,AGOSTO,8,NO,NO MANTENER LA DISTANCIA PRUDENCIAL CON RESPECTO AL VEHICULO QUE LE ANTECEDE.,CHOQUE POSTERIOR,AUTOMOVIL,1,0,0,0,1,0,0,0,0,0,0,0,0,2,32,HOMBRE,ILESO,CONDUCTOR PRESENTE,NO,NO,0
13987,43687,43688,2018,1,0,-0.328044,-78.538584,PICHINCHA,QUITO,QUITO,URBANA,2018-08-02,19:45:00,19,JUEVES,4,AGOSTO,8,NO,"CONDUCE BAJO LA INFLUENCIA DE ALCOHOL, SUSTANCIAS ESTUPEFACIENTES O PSICOTROPICAS Y/O MEDICAMENTOS.",CHOQUE FRONTAL,AUTOMOVIL,2,0,0,0,0,0,0,0,0,0,0,0,0,2,27,MUJER,LESIONADO,PASAJERO,NO,NO,0
13988,43691,43692,2018,0,0,-0.208526,-78.487915,PICHINCHA,QUITO,QUITO,URBANA,2018-08-02,21:00:00,21,JUEVES,4,AGOSTO,8,NO,CONDUCIR VEHICULO SUPERANDO LOS LIMITES MAXIMOS DE VELOCIDAD.,OTROS,AUTOMOVIL,1,0,0,0,0,0,0,0,0,1,0,0,0,2,64,HOMBRE,ILESO,CONDUCTOR PRESENTE,NO,NO,0
13989,43693,43694,2018,1,0,-0.106913,-78.502459,PICHINCHA,QUITO,QUITO,URBANA,2018-08-02,21:30:00,21,JUEVES,4,AGOSTO,8,NO,PEATON QUE CRUZA LA CALZADA SIN RESPETAR LA SENIALIZACION EXISTENTE (SEMAFOROS O SENIALES MANUALES).,ATROPELLOS,NO IDENTIFICADO,0,0,0,0,0,0,0,0,0,1,0,0,0,1,33,MUJER,LESIONADO,PEATON,NO,NO,0
13990,43695,43696,2018,2,0,-0.175821,-78.497808,PICHINCHA,QUITO,QUITO,URBANA,2018-08-02,22:15:00,22,JUEVES,4,AGOSTO,8,NO,CONDUCIR EN SENTIDO CONTRARIO A LA VIA NORMAL DE CIRCULACION.,CHOQUE LATERAL,MOTOCICLETA,1,0,0,0,0,0,0,0,1,0,0,0,0,2,32,HOMBRE,LESIONADO,CONDUCTOR PRESENTE,NO,NO,0
13991,43696,43697,2018,0,0,-0.284632,-78.532729,PICHINCHA,QUITO,QUITO,URBANA,2018-08-02,23:40:00,23,JUEVES,4,AGOSTO,8,NO,"NO RESPETAR LAS SENIALES REGLAMENTARIAS DE TRANSITO. (PARE, CEDA EL PASO, LUZ ROJA DEL SEMAFORO, ETC).",CHOQUE LATERAL,AUTOMOVIL,2,0,0,0,0,0,0,0,0,0,0,0,0,2,44,HOMBRE,ILESO,CONDUCTOR PRESENTE,NO,NO,0
13992,43701,43702,2018,0,0,-0.289587,-78.538588,PICHINCHA,QUITO,QUITO,URBANA,2018-08-03,02:00:00,2,VIERNES,5,AGOSTO,8,NO,CONDUCIR VEHICULO SUPERANDO LOS LIMITES MAXIMOS DE VELOCIDAD.,VOLCAMIENTOS,AUTOMOVIL,1,0,0,0,0,0,0,0,0,0,0,0,0,1,-1,NO IDENTIFICADO,NO IDENTIFICADO,CONDUCTOR AUSENTE,NO,NO,2
13993,43702,43703,2018,1,0,-0.199767,-78.428809,PICHINCHA,QUITO,CUMBAYA,URBANA,2018-08-03,02:30:00,2,VIERNES,5,AGOSTO,8,NO,CONDUCIR VEHICULO SUPERANDO LOS LIMITES MAXIMOS DE VELOCIDAD.,ESTRELLAMIENTOS,AUTOMOVIL,1,0,0,0,0,0,0,0,0,0,0,0,0,1,24,MUJER,LESIONADO,PASAJERO,NO,NO,0
13994,43703,43704,2018,0,0,-0.278559,-78.565478,PICHINCHA,QUITO,QUITO,URBANA,2018-08-03,02:30:00,2,VIERNES,5,AGOSTO,8,NO,"CONDUCE BAJO LA INFLUENCIA DE ALCOHOL, SUSTANCIAS ESTUPEFACIENTES O PSICOTROPICAS Y/O MEDICAMENTOS.",ESTRELLAMIENTOS,AUTOMOVIL,2,0,0,0,0,0,0,0,0,0,0,0,0,2,21,HOMBRE,ILESO,CONDUCTOR PRESENTE,NO,NO,0
13995,43705,43706,2018,1,1,-0.089742,-78.332147,PICHINCHA,QUITO,EL QUINCHE,RURAL,2018-08-03,03:00:00,3,VIERNES,5,AGOSTO,8,NO,"CONDUCIR DESATENTO A LAS CONDICIONES DE TRANSITO (CELULAR, PANTALLAS DE VIDEO, COMIDA, MAQUILLAJE O CUALQUIER OTRO ELEMENTO DISTRACTOR).",PERDIDA DE PISTA,MOTOCICLETA,0,0,0,0,0,0,0,0,1,0,0,0,0,1,18,HOMBRE,FALLECIDO,CONDUCTOR PRESENTE,NO,NO,3
13996,43708,43709,2018,0,0,-0.169996,-78.326418,PICHINCHA,QUITO,YARUQUI,RURAL,2018-08-03,04:00:00,4,VIERNES,5,AGOSTO,8,NO,NO MANTENER LA DISTANCIA PRUDENCIAL CON RESPECTO AL VEHICULO QUE LE ANTECEDE.,CHOQUE POSTERIOR,CAMIONETA,1,0,0,0,1,0,0,0,0,0,0,0,0,2,45,HOMBRE,ILESO,CONDUCTOR PRESENTE,NO,NO,3
13997,43709,43710,2018,0,0,-0.048071,-78.341712,PICHINCHA,QUITO,GUAYLLABAMBA,RURAL,2018-08-03,04:10:00,4,VIERNES,5,AGOSTO,8,NO,NO GUARDAR LA DISTANCIA LATERAL MINIMA DE SEGURIDAD ENTRE VEHICULOS.,CHOQUE LATERAL,VEHICULO DEPORTIVO UTILITARIO,1,0,0,0,0,0,0,0,0,0,0,0,1,2,19,HOMBRE,ILESO,CONDUCTOR PRESENTE,NO,NO,3
13998,43716,43717,2018,1,0,-0.328001,-78.541444,PICHINCHA,QUITO,QUITO,URBANA,2018-08-03,07:20:00,7,VIERNES,5,AGOSTO,8,NO,"NO RESPETAR LAS SENIALES REGLAMENTARIAS DE TRANSITO. (PARE, CEDA EL PASO, LUZ ROJA DEL SEMAFORO, ETC).",OTROS,MOTOCICLETA,1,0,0,0,0,0,0,0,1,0,0,0,0,2,46,HOMBRE,LESIONADO,CONDUCTOR PRESENTE,NO,NO,0
13999,43718,43719,2018,0,0,-0.172121,-78.491866,PICHINCHA,QUITO,QUITO,URBANA,2018-08-03,07:50:00,7,VIERNES,5,AGOSTO,8,NO,"NO RESPETAR LAS SENIALES REGLAMENTARIAS DE TRANSITO. (PARE, CEDA EL PASO, LUZ ROJA DEL SEMAFORO, ETC).",CHOQUE LATERAL,AUTOMOVIL,2,0,0,0,0,0,0,0,0,0,0,0,0,2,28,HOMBRE,ILESO,CONDUCTOR PRESENTE,NO,NO,0
14000,43719,43720,2018,1,0,-0.190024,-78.490344,PICHINCHA,QUITO,QUITO,URBANA,2018-08-03,07:50:00,7,VIERNES,5,AGOSTO,8,NO,PEATON QUE CRUZA LA CALZADA SIN RESPETAR LA SENIALIZACION EXISTENTE (SEMAFOROS O SENIALES MANUALES).,ATROPELLOS,AUTOMOVIL,1,0,0,0,0,0,0,0,0,0,0,0,0,1,74,MUJER,LESIONADO,PEATON,NO,NO,0
14001,43722,43723,2018,1,0,-0.139391,-78.460785,PICHINCHA,QUITO,QUITO,URBANA,2018-08-03,08:50:00,8,VIERNES,5,AGOSTO,8,NO,PEATON QUE CRUZA LA CALZADA SIN RESPETAR LA SENIALIZACION EXISTENTE (SEMAFOROS O SENIALES MANUALES).,ATROPELLOS,AUTOMOVIL,1,0,0,0,0,0,0,0,0,0,0,0,0,1,25,HOMBRE,LESIONADO,PEATON,NO,NO,0
14002,43725,43726,2018,1,0,-0.176466,-78.485731,PICHINCHA,QUITO,QUITO,URBANA,2018-08-03,10:20:00,10,VIERNES,5,AGOSTO,8,NO,PEATON QUE CRUZA LA CALZADA SIN RESPETAR LA SENIALIZACION EXISTENTE (SEMAFOROS O SENIALES MANUALES).,ATROPELLOS,AUTOMOVIL,1,0,0,0,0,0,0,0,0,0,0,0,0,1,66,MUJER,LESIONADO,PEATON,NO,NO,0
14003,43727,43728,2018,0,0,-0.170999,-78.492661,PICHINCHA,QUITO,QUITO,URBANA,2018-08-03,11:00:00,11,VIERNES,5,AGOSTO,8,NO,"MAL ESTACIONADO - EL CONDUCTOR QUE DETENGA O ESTACIONE VEHICULOS EN SITIOS O ZONAS QUE ENTRANIEN PELIGRO, TALES COMO ZONA DE SEGURIDAD, CURVAS, PUENTES, TUNELES, PENDIENTES.",ESTRELLAMIENTOS,AUTOMOVIL,1,0,0,0,0,0,0,0,0,0,0,0,1,2,28,HOMBRE,ILESO,CONDUCTOR PRESENTE,NO,NO,0
14004,43734,43735,2018,1,0,-0.227466,-78.507356,PICHINCHA,QUITO,QUITO,URBANA,2018-08-03,12:35:00,12,VIERNES,5,AGOSTO,8,NO,PEATON QUE CRUZA LA CALZADA SIN RESPETAR LA SENIALIZACION EXISTENTE (SEMAFOROS O SENIALES MANUALES).,ATROPELLOS,AUTOMOVIL,1,0,0,0,0,0,0,0,0,0,0,0,0,1,83,MUJER,LESIONADO,PEATON,NO,NO,0
14005,43735,43736,2018,1,0,-0.216143,-78.521146,PICHINCHA,QUITO,QUITO,URBANA,2018-08-03,12:35:00,12,VIERNES,5,AGOSTO,8,NO,NO TRANSITAR POR LAS ACERAS O ZONAS DE SEGURIDAD DESTINADAS PARA EL EFECTO.,ARROLLAMIENTOS,AUTOMOVIL,1,0,0,0,0,0,0,0,0,0,0,0,0,1,26,MUJER,LESIONADO,PEATON,NO,NO,0
14006,43736,43737,2018,1,0,-0.203418,-78.492441,PICHINCHA,QUITO,QUITO,URBANA,2018-08-03,12:45:00,12,VIERNES,5,AGOSTO,8,NO,PEATON QUE CRUZA LA CALZADA SIN RESPETAR LA SENIALIZACION EXISTENTE (SEMAFOROS O SENIALES MANUALES).,ATROPELLOS,AUTOMOVIL,1,0,0,0,0,0,0,0,0,0,0,0,0,1,63,MUJER,LESIONADO,PEATON,NO,NO,0
14007,43741,43742,2018,0,0,-0.085846,-78.390942,PICHINCHA,QUITO,CALDERON (CARAPUNGO),RURAL,2018-08-03,14:20:00,14,VIERNES,5,AGOSTO,8,NO,"CONDUCIR DESATENTO A LAS CONDICIONES DE TRANSITO (CELULAR, PANTALLAS DE VIDEO, COMIDA, MAQUILLAJE O CUALQUIER OTRO ELEMENTO DISTRACTOR).",PERDIDA DE CARRIL,VEHICULO DEPORTIVO UTILITARIO,0,0,0,0,0,0,0,0,0,0,0,0,1,1,68,HOMBRE,ILESO,CONDUCTOR PRESENTE,NO,NO,3
14008,43747,43748,2018,0,0,-0.117121,-78.506268,PICHINCHA,QUITO,QUITO,URBANA,2018-08-03,16:20:00,16,VIERNES,5,AGOSTO,8,NO,NO MANTENER LA DISTANCIA PRUDENCIAL CON RESPECTO AL VEHICULO QUE LE ANTECEDE.,CHOQUE POSTERIOR,CAMIONETA,1,0,0,0,1,0,0,0,0,0,0,0,0,2,36,HOMBRE,ILESO,CONDUCTOR PRESENTE,NO,NO,0
14009,43749,43750,2018,4,0,-0.116945,-78.486502,PICHINCHA,QUITO,QUITO,URBANA,2018-08-03,16:35:00,16,VIERNES,5,AGOSTO,8,NO,NO MANTENER LA DISTANCIA PRUDENCIAL CON RESPECTO AL VEHICULO QUE LE ANTECEDE.,COLISION,BUS,0,0,2,0,1,0,0,0,0,0,0,0,0,3,30,MUJER,LESIONADO,PASAJERO,NO,NO,0
14010,43751,43752,2018,0,0,-0.322528,-78.468943,PICHINCHA,QUITO,CONOCOTO,URBANA,2018-08-03,16:54:00,16,VIERNES,5,AGOSTO,8,NO,DEJAR O RECOGER PASAJEROS EN LUGARES NO PERMITIDOS.,CAIDA DE PASAJERO,NO IDENTIFICADO,0,0,0,0,0,0,0,0,0,1,0,0,0,1,25,MUJER,ILESO,PASAJERO,NO,NO,0
14011,43752,43753,2018,0,0,-0.219767,-78.511262,PICHINCHA,QUITO,QUITO,URBANA,2018-08-03,17:00:00,17,VIERNES,5,AGOSTO,8,NO,CONDUCIR VEHICULO SUPERANDO LOS LIMITES MAXIMOS DE VELOCIDAD.,ESTRELLAMIENTOS,BUS,0,0,1,0,0,0,0,0,0,0,0,0,0,1,56,HOMBRE,ILESO,CONDUCTOR PRESENTE,NO,NO,0
14012,43753,43754,2018,1,0,-0.083455,-78.436802,PICHINCHA,QUITO,CALDERON (CARAPUNGO),URBANA,2018-08-03,17:10:00,17,VIERNES,5,AGOSTO,8,NO,"CONDUCIR DESATENTO A LAS CONDICIONES DE TRANSITO (CELULAR, PANTALLAS DE VIDEO, COMIDA, MAQUILLAJE O CUALQUIER OTRO ELEMENTO DISTRACTOR).",ARROLLAMIENTOS,NO IDENTIFICADO,0,0,0,0,0,0,0,0,0,1,0,0,0,1,55,HOMBRE,LESIONADO,PEATON,NO,NO,0