,Unnamed: 0,ID,ANIO,LESIONADOS,FALLECIDOS,LATITUD_Y,LONGITUD_X,PROVINCIA,CANTON,PARROQUIA,ZONA,FECHA,HORA,PERIODO_2,DIA_1,DIA_2,MES_1,MES_2,FERIADO,CAUSA_PROBABLE,TIPO_DE_SINIESTRO,TIPO_DE_VEHICULO_1,AUTOMOVIL,BICICLETA,BUS,CAMION,CAMIONETA,EMERGENCIAS,ESPECIAL,FURGONETA,MOTOCICLETA,NO_IDENTIFICADO,SCOOTER_ELECTRICO,TRICIMOTO,VEHICULO_DEPORTIVO_UTILITARIO,SUMA_DE_VEHICULOS,EDAD_1,SEXO_1,CONDICION_1,PARTICIPANTE_1,CASCO_1,CINTURON_1,KMeans_Cluster
14071,43976,43977,2018,0,1,-0.079457,-78.460661,PICHINCHA,QUITO,QUITO,URBANA,2018-08-06,15:41:00,15,LUNES,1,AGOSTO,8,NO,BAJARSE O SUBIRSE DE VEHICULOS EN MOVIMIENTO SIN TOMAR LAS PRECAUCIONES DEBIDAS.,CAIDA DE PASAJERO,BUS,0,0,1,0,0,0,0,0,0,0,0,0,0,1,29,HOMBRE,FALLECIDO,PASAJERO,NO,NO,0
14072,43993,43994,2018,0,0,-0.256119,-78.544645,PICHINCHA,QUITO,QUITO,URBANA,2018-08-06,20:10:00,20,LUNES,1,AGOSTO,8,NO,"CONDUCE BAJO LA INFLUENCIA DE ALCOHOL, SUSTANCIAS ESTUPEFACIENTES O PSICOTROPICAS Y/O MEDICAMENTOS.",COLISION,AUTOMOVIL,3,0,0,0,0,0,0,0,0,0,0,0,0,3,39,HOMBRE,ILESO,CONDUCTOR PRESENTE,NO,NO,0
14073,43996,43997,2018,1,0,-0.292724,-78.476485,PICHINCHA,QUITO,CONOCOTO,URBANA,2018-08-06,21:40:00,21,LUNES,1,AGOSTO,8,NO,CONDUCIR VEHICULO SUPERANDO LOS LIMITES MAXIMOS DE VELOCIDAD.,CHOQUE POSTERIOR,AUTOMOVIL,1,0,0,0,0,0,0,1,0,0,0,0,0,2,38,MUJER,LESIONADO,PASAJERO,NO,NO,0
14074,43999,44000,2018,0,0,-0.278001,-78.463333,PICHINCHA,QUITO,CONOCOTO,URBANA,2018-08-06,21:56:00,21,LUNES,1,AGOSTO,8,NO,"CONDUCIR DESATENTO A LAS CONDICIONES DE TRANSITO (CELULAR, PANTALLAS DE VIDEO, COMIDA, MAQUILLAJE O CUALQUIER OTRO ELEMENTO DISTRACTOR).",CHOQUE FRONTAL,AUTOMOVIL,1,0,0,0,0,0,0,0,0,0,0,0,0,1,58,MUJER,ILESO,CONDUCTOR PRESENTE,NO,NO,0
14075,44003,44004,2018,0,1,-0.300755,-78.458189,PICHINCHA,RUMINIAHUI,SANGOLQUI,RURAL,2018-08-07,05:00:00,5,MARTES,2,AGOSTO,8,NO,"CONDUCIR DESATENTO A LAS CONDICIONES DE TRANSITO (CELULAR, PANTALLAS DE VIDEO, COMIDA, MAQUILLAJE O CUALQUIER OTRO ELEMENTO DISTRACTOR).",PERDIDA DE PISTA,AUTOMOVIL,1,0,0,0,0,0,0,0,0,0,0,0,0,1,40,HOMBRE,FALLECIDO,CONDUCTOR PRESENTE,NO,NO,3
14076,44004,44005,2018,3,0,-0.099991,-78.446054,PICHINCHA,QUITO,CALDERON (CARAPUNGO),URBANA,2018-08-07,05:10:00,5,MARTES,2,AGOSTO,8,NO,CONDUCIR VEHICULO SUPERANDO LOS LIMITES MAXIMOS DE VELOCIDAD.,OTROS,AUTOMOVIL,1,0,0,0,0,0,0,0,0,0,0,0,0,1,38,HOMBRE,LESIONADO,PASAJERO,NO,NO,0
14077,44005,44006,2018,2,0,-0.237728,-78.490399,PICHINCHA,QUITO,QUITO,URBANA,2018-08-07,05:55:00,5,MARTES,2,AGOSTO,8,NO,NO MANTENER LA DISTANCIA PRUDENCIAL CON RESPECTO AL VEHICULO QUE LE ANTECEDE.,COLISION,CAMIONETA,2,0,1,0,1,0,0,0,0,0,0,0,0,4,24,MUJER,LESIONADO,CONDUCTOR PRESENTE,NO,NO,0
14078,44013,44014,2018,1,0,-0.157559,-78.472299,PICHINCHA,QUITO,QUITO,URBANA,2018-08-07,08:10:00,8,MARTES,2,AGOSTO,8,NO,REALIZAR CAMBIO BRUSCO O INDEBIDO DE CARRIL.,VOLCAMIENTOS,MOTOCICLETA,0,0,0,0,0,0,0,0,1,0,0,0,0,1,48,HOMBRE,LESIONADO,CONDUCTOR PRESENTE,NO,NO,0
14079,44014,44015,2018,0,0,-0.189371,-78.476526,PICHINCHA,QUITO,QUITO,URBANA,2018-08-07,08:10:00,8,MARTES,2,AGOSTO,8,NO,CONDUCIR VEHICULO SUPERANDO LOS LIMITES MAXIMOS DE VELOCIDAD.,VOLCAMIENTOS,AUTOMOVIL,1,0,0,0,0,0,0,0,0,0,0,0,0,1,48,HOMBRE,ILESO,CONDUCTOR PRESENTE,NO,NO,0
14080,44015,44016,2018,1,0,-0.165603,-78.487105,PICHINCHA,QUITO,QUITO,URBANA,2018-08-07,08:35:00,8,MARTES,2,AGOSTO,8,NO,NO TRANSITAR POR LAS ACERAS O ZONAS DE SEGURIDAD DESTINADAS PARA EL EFECTO.,ATROPELLOS,MOTOCICLETA,0,0,0,0,0,0,0,0,1,0,0,0,0,1,36,MUJER,LESIONADO,PEATON,NO,NO,0
14081,44020,44021,2018,0,0,-0.231973,-78.527851,PICHINCHA,QUITO,QUITO,URBANA,2018-08-07,09:30:00,9,MARTES,2,AGOSTO,8,NO,"NO RESPETAR LAS SENIALES REGLAMENTARIAS DE TRANSITO. (PARE, CEDA EL PASO, LUZ ROJA DEL SEMAFORO, ETC).",CHOQUE LATERAL,AUTOMOVIL,2,0,0,0,0,0,0,0,0,0,0,0,0,2,32,MUJER,ILESO,CONDUCTOR PRESENTE,NO,NO,0
14082,44022,44023,2018,2,0,-0.118692,-78.492091,PICHINCHA,QUITO,QUITO,URBANA,2018-08-07,10:50:00,10,MARTES,2,AGOSTO,8,NO,"CONDUCIR DESATENTO A LAS CONDICIONES DE TRANSITO (CELULAR, PANTALLAS DE VIDEO, COMIDA, MAQUILLAJE O CUALQUIER OTRO ELEMENTO DISTRACTOR).",CHOQUE LATERAL,AUTOMOVIL,1,0,1,0,0,0,0,0,0,0,0,0,0,2,58,HOMBRE,LESIONADO,CONDUCTOR PRESENTE,NO,NO,0
14083,44026,44027,2018,1,0,-0.197826,-78.466465,PICHINCHA,QUITO,QUITO,URBANA,2018-08-07,12:45:00,12,MARTES,2,AGOSTO,8,NO,"PRESENCIA DE AGENTES EXTERNOS EN LA VIA (AGUA, ACEITE, PIEDRA, LASTRE, ESCOMBROS, MADEROS, ETC.).",PERDIDA DE CARRIL,MOTOCICLETA,0,0,0,0,0,0,0,0,1,0,0,0,0,1,25,HOMBRE,LESIONADO,CONDUCTOR PRESENTE,NO,NO,0
14084,44030,44031,2018,0,0,-0.105373,-78.462379,PICHINCHA,QUITO,QUITO,URBANA,2018-08-07,13:50:00,13,MARTES,2,AGOSTO,8,NO,NO MANTENER LA DISTANCIA PRUDENCIAL CON RESPECTO AL VEHICULO QUE LE ANTECEDE.,COLISION,FURGONETA,1,0,0,0,0,0,0,1,1,0,0,0,0,3,22,HOMBRE,ILESO,CONDUCTOR PRESENTE,NO,NO,0
14085,44032,44033,2018,0,0,-0.215043,-78.455794,PICHINCHA,QUITO,CUMBAYA,URBANA,2018-08-07,14:20:00,14,MARTES,2,AGOSTO,8,NO,CONDUCIR VEHICULO SUPERANDO LOS LIMITES MAXIMOS DE VELOCIDAD.,CHOQUE LATERAL,AUTOMOVIL,1,0,0,1,0,0,0,0,0,0,0,0,0,2,25,HOMBRE,ILESO,CONDUCTOR PRESENTE,NO,NO,0
14086,44036,44037,2018,1,0,-0.283709,-78.544369,PICHINCHA,QUITO,QUITO,URBANA,2018-08-07,15:00:00,15,MARTES,2,AGOSTO,8,NO,CONDUCIR VEHICULO SUPERANDO LOS LIMITES MAXIMOS DE VELOCIDAD.,OTROS,NO IDENTIFICADO,0,0,0,0,0,0,0,0,0,1,0,0,0,1,4,MUJER,LESIONADO,PASAJERO,NO,NO,0
14087,44047,44048,2018,1,0,-0.185401,-78.491054,PICHINCHA,QUITO,QUITO,URBANA,2018-08-07,17:40:00,17,MARTES,2,AGOSTO,8,NO,PEATON QUE CRUZA LA CALZADA SIN RESPETAR LA SENIALIZACION EXISTENTE (SEMAFOROS O SENIALES MANUALES).,ATROPELLOS,BUS,0,0,1,0,0,0,0,0,0,0,0,0,0,1,20,MUJER,LESIONADO,PEATON,NO,NO,0
14088,44050,44051,2018,0,0,-0.232716,-78.503774,PICHINCHA,QUITO,QUITO,URBANA,2018-08-07,18:05:00,18,MARTES,2,AGOSTO,8,NO,NO GUARDAR LA DISTANCIA LATERAL MINIMA DE SEGURIDAD ENTRE VEHICULOS.,ROZAMIENTOS,CAMIONETA,0,0,0,0,2,0,0,0,0,0,0,0,0,2,40,HOMBRE,ILESO,CONDUCTOR PRESENTE,NO,NO,0
14089,44052,44053,2018,1,0,-0.230418,-78.513135,PICHINCHA,QUITO,QUITO,URBANA,2018-08-07,18:30:00,18,MARTES,2,AGOSTO,8,NO,NO TRANSITAR POR LAS ACERAS O ZONAS DE SEGURIDAD DESTINADAS PARA EL EFECTO.,ATROPELLOS,CAMIONETA,0,0,0,0,1,0,0,0,0,0,0,0,0,1,6,HOMBRE,LESIONADO,PEATON,NO,NO,0
14090,44063,44064,2018,0,1,-0.100567,-78.412769,PICHINCHA,QUITO,CALDERON (CARAPUNGO),RURAL,2018-08-07,20:50:00,20,MARTES,2,AGOSTO,8,NO,NO TRANSITAR POR LAS ACERAS O ZONAS DE SEGURIDAD DESTINADAS PARA EL EFECTO.,ATROPELLOS,NO IDENTIFICADO,0,0,0,0,0,0,0,0,0,1,0,0,0,1,34,HOMBRE,FALLECIDO,PEATON,NO,NO,3
14091,44066,44067,2018,0,0,-0.210916,-78.498406,PICHINCHA,QUITO,QUITO,URBANA,2018-08-07,22:50:00,22,MARTES,2,AGOSTO,8,NO,"ADELANTAR O REBASAR A OTRO VEHICULO EN MOVIMIENTO EN ZONAS O SITIOS PELIGROSOS TALES COMO: CURVAS, PUENTES, TUNELES, PENDIENTES, ETC.",CHOQUE LATERAL,AUTOMOVIL,2,0,0,0,0,0,0,0,0,0,0,0,0,2,28,HOMBRE,ILESO,CONDUCTOR PRESENTE,NO,NO,0
14092,44067,44068,2018,3,0,-0.102245,-78.463299,PICHINCHA,QUITO,QUITO,URBANA,2018-08-07,23:00:00,23,MARTES,2,AGOSTO,8,NO,NO MANTENER LA DISTANCIA PRUDENCIAL CON RESPECTO AL VEHICULO QUE LE ANTECEDE.,COLISION,FURGONETA,1,0,0,0,1,0,0,1,0,0,0,0,0,3,40,HOMBRE,LESIONADO,CONDUCTOR PRESENTE,NO,NO,0
14093,44068,44069,2018,1,0,-0.196283,-78.512594,PICHINCHA,QUITO,QUITO,URBANA,2018-08-08,00:45:00,0,MIERCOLES,3,AGOSTO,8,NO,CONDUCIR VEHICULO SUPERANDO LOS LIMITES MAXIMOS DE VELOCIDAD.,ESTRELLAMIENTOS,MOTOCICLETA,0,0,0,0,0,0,0,0,1,0,0,0,0,1,30,HOMBRE,LESIONADO,PASAJERO,NO,NO,0
14094,44073,44074,2018,0,0,-0.177391,-78.480253,PICHINCHA,QUITO,QUITO,URBANA,2018-08-08,05:55:00,5,MIERCOLES,3,AGOSTO,8,NO,NO MANTENER LA DISTANCIA PRUDENCIAL CON RESPECTO AL VEHICULO QUE LE ANTECEDE.,COLISION,AUTOMOVIL,1,0,0,0,0,0,0,0,0,0,0,0,0,1,24,HOMBRE,ILESO,CONDUCTOR PRESENTE,NO,NO,0
14095,44075,44076,2018,1,0,-0.517746,-78.576461,PICHINCHA,MEJIA,MACHACHI,RURAL,2018-08-08,06:30:00,6,MIERCOLES,3,AGOSTO,8,NO,CONDUCIR VEHICULO SUPERANDO LOS LIMITES MAXIMOS DE VELOCIDAD.,ATROPELLOS,NO IDENTIFICADO,0,0,0,0,0,0,0,0,0,1,0,0,0,1,30,HOMBRE,LESIONADO,PEATON,NO,NO,3
14096,44076,44077,2018,0,0,-0.122069,-78.486502,PICHINCHA,QUITO,QUITO,URBANA,2018-08-08,06:55:00,6,MIERCOLES,3,AGOSTO,8,NO,NO GUARDAR LA DISTANCIA LATERAL MINIMA DE SEGURIDAD ENTRE VEHICULOS.,CHOQUE LATERAL,AUTOMOVIL,2,0,0,0,0,0,0,0,0,0,0,0,0,2,31,MUJER,ILESO,CONDUCTOR PRESENTE,NO,NO,0
14097,44079,44080,2018,0,0,-0.190518,-78.495761,PICHINCHA,QUITO,QUITO,URBANA,2018-08-08,08:15:00,8,MIERCOLES,3,AGOSTO,8,NO,NO MANTENER LA DISTANCIA PRUDENCIAL CON RESPECTO AL VEHICULO QUE LE ANTECEDE.,CHOQUE POSTERIOR,AUTOMOVIL,2,0,0,0,0,0,0,0,0,0,0,0,0,2,36,HOMBRE,ILESO,CONDUCTOR PRESENTE,NO,NO,0
14098,44083,44084,2018,1,0,-0.197278,-78.492047,PICHINCHA,QUITO,QUITO,URBANA,2018-08-08,10:00:00,10,MIERCOLES,3,AGOSTO,8,NO,NO TRANSITAR POR LAS ACERAS O ZONAS DE SEGURIDAD DESTINADAS PARA EL EFECTO.,ATROPELLOS,NO IDENTIFICADO,0,0,0,0,0,0,0,0,0,1,0,0,0,1,27,MUJER,LESIONADO,PEATON,NO,NO,0
14099,44084,44085,2018,1,0,-0.204862,-78.498665,PICHINCHA,QUITO,QUITO,URBANA,2018-08-08,10:50:00,10,MIERCOLES,3,AGOSTO,8,NO,PEATON QUE CRUZA LA CALZADA SIN RESPETAR LA SENIALIZACION EXISTENTE (SEMAFOROS O SENIALES MANUALES).,ATROPELLOS,AUTOMOVIL,1,0,0,0,0,0,0,0,0,0,0,0,0,1,62,MUJER,LESIONADO,PEATON,NO,NO,0
14100,44088,44089,2018,2,0,-0.153303,-78.484482,PICHINCHA,QUITO,QUITO,URBANA,2018-08-08,12:45:00,12,MIERCOLES,3,AGOSTO,8,NO,PEATON QUE CRUZA LA CALZADA SIN RESPETAR LA SENIALIZACION EXISTENTE (SEMAFOROS O SENIALES MANUALES).,ARROLLAMIENTOS,AUTOMOVIL,1,0,0,0,0,0,0,0,0,0,0,0,0,1,28,MUJER,LESIONADO,PEATON,NO,NO,0
14101,44090,44091,2018,2,0,-0.192338,-78.478113,PICHINCHA,QUITO,QUITO,URBANA,2018-08-08,13:00:00,13,MIERCOLES,3,AGOSTO,8,NO,NO MANTENER LA DISTANCIA PRUDENCIAL CON RESPECTO AL VEHICULO QUE LE ANTECEDE.,CHOQUE POSTERIOR,AUTOMOVIL,1,0,0,0,0,0,0,0,0,1,0,0,0,2,32,MUJER,LESIONADO,CONDUCTOR PRESENTE,NO,NO,0
14102,44092,44093,2018,1,0,-0.172505,-78.487772,PICHINCHA,QUITO,QUITO,URBANA,2018-08-08,13:55:00,13,MIERCOLES,3,AGOSTO,8,NO,"FALLA MECANICA EN LOS SISTEMAS Y/O NEUMATICOS (SISTEMA DE FRENOS, DIRECCION, ELECTRONICO O MECANICO).",PERDIDA DE CARRIL,MOTOCICLETA,0,0,0,0,0,0,0,0,1,0,0,0,0,1,24,HOMBRE,LESIONADO,CONDUCTOR PRESENTE,NO,NO,0
14103,44093,44094,2018,1,0,-0.185445,-78.490938,PICHINCHA,QUITO,QUITO,URBANA,2018-08-08,14:00:00,14,MIERCOLES,3,AGOSTO,8,NO,DEJAR O RECOGER PASAJEROS EN LUGARES NO PERMITIDOS.,CAIDA DE PASAJERO,NO IDENTIFICADO,0,0,0,0,0,0,0,0,0,1,0,0,0,1,6,MUJER,LESIONADO,PASAJERO,NO,NO,0
14104,44094,44095,2018,0,1,-0.177282,-78.359537,PICHINCHA,QUITO,PUEMBO,URBANA,2018-08-08,14:00:00,14,MIERCOLES,3,AGOSTO,8,NO,"NO RESPETAR LAS SENIALES REGLAMENTARIAS DE TRANSITO. (PARE, CEDA EL PASO, LUZ ROJA DEL SEMAFORO, ETC).",CHOQUE FRONTAL,CAMIONETA,0,0,0,0,1,0,0,0,1,0,0,0,0,2,18,HOMBRE,FALLECIDO,CONDUCTOR PRESENTE,NO,NO,0
14105,44105,44106,2018,1,0,-0.172253,-78.492393,PICHINCHA,QUITO,QUITO,URBANA,2018-08-08,16:25:00,16,MIERCOLES,3,AGOSTO,8,NO,NO CEDER EL DERECHO DE VIA O PREFERENCIA DE PASO AL PEATON.,ATROPELLOS,NO IDENTIFICADO,0,0,0,0,0,0,0,0,0,1,0,0,0,1,62,MUJER,LESIONADO,PEATON,NO,NO,0
14106,44107,44108,2018,1,0,-0.304191,-78.564589,PICHINCHA,QUITO,QUITO,URBANA,2018-08-08,16:55:00,16,MIERCOLES,3,AGOSTO,8,NO,NO CEDER EL DERECHO DE VIA O PREFERENCIA DE PASO AL PEATON.,ATROPELLOS,NO IDENTIFICADO,0,0,0,0,0,0,0,0,0,1,0,0,0,1,9,HOMBRE,LESIONADO,PEATON,NO,NO,0
14107,44108,44109,2018,1,0,-0.282242,-78.558957,PICHINCHA,QUITO,QUITO,URBANA,2018-08-08,18:15:00,18,MIERCOLES,3,AGOSTO,8,NO,CONDUCIR VEHICULO SUPERANDO LOS LIMITES MAXIMOS DE VELOCIDAD.,CHOQUE LATERAL,MOTOCICLETA,1,0,0,0,0,0,0,0,1,0,0,0,0,2,23,HOMBRE,LESIONADO,CONDUCTOR PRESENTE,NO,NO,0
14108,44110,44111,2018,1,0,-0.119451,-78.506658,PICHINCHA,QUITO,QUITO,URBANA,2018-08-08,19:20:00,19,MIERCOLES,3,AGOSTO,8,NO,NO CEDER EL DERECHO DE VIA O PREFERENCIA DE PASO AL PEATON.,ATROPELLOS,NO IDENTIFICADO,0,0,0,0,0,0,0,0,0,1,0,0,0,1,48,HOMBRE,LESIONADO,PEATON,NO,NO,0
14109,44118,44119,2018,2,0,-0.501408,-78.572751,PICHINCHA,MEJIA,ALOASI,RURAL,2018-08-08,21:10:00,21,MIERCOLES,3,AGOSTO,8,NO,"CONDUCIR DESATENTO A LAS CONDICIONES DE TRANSITO (CELULAR, PANTALLAS DE VIDEO, COMIDA, MAQUILLAJE O CUALQUIER OTRO ELEMENTO DISTRACTOR).",COLISION,CAMIONETA,5,0,1,0,1,0,0,0,0,0,0,0,0,7,3,HOMBRE,LESIONADO,PASAJERO,NO,NO,3
14110,44120,44121,2018,1,0,-0.196669,-78.466599,PICHINCHA,QUITO,QUITO,URBANA,2018-08-08,21:30:00,21,MIERCOLES,3,AGOSTO,8,NO,NO GUARDAR LA DISTANCIA LATERAL MINIMA DE SEGURIDAD ENTRE VEHICULOS.,ROZAMIENTOS,CAMION,0,0,0,1,0,0,0,0,1,0,0,0,0,2,30,HOMBRE,LESIONADO,CONDUCTOR PRESENTE,NO,NO,0
14111,44121,44122,2018,0,0,-0.114496,-78.492053,PICHINCHA,QUITO,QUITO,URBANA,2018-08-08,22:00:00,22,MIERCOLES,3,AGOSTO,8,NO,"CONDUCE BAJO LA INFLUENCIA DE ALCOHOL, SUSTANCIAS ESTUPEFACIENTES O PSICOTROPICAS Y/O MEDICAMENTOS.",CHOQUE LATERAL,MOTOCICLETA,1,0,0,0,0,0,0,0,1,0,0,0,0,2,22,HOMBRE,ILESO,CONDUCTOR PRESENTE,NO,NO,0
14112,44127,44128,2018,0,0,-0.248101,-78.533518,PICHINCHA,QUITO,QUITO,URBANA,2018-08-09,00:30:00,0,JUEVES,4,AGOSTO,8,NO,"CONDUCE BAJO LA INFLUENCIA DE ALCOHOL, SUSTANCIAS ESTUPEFACIENTES O PSICOTROPICAS Y/O MEDICAMENTOS.",CHOQUE LATERAL,AUTOMOVIL,2,0,0,0,0,0,0,0,0,0,0,0,0,2,33,HOMBRE,ILESO,CONDUCTOR PRESENTE,NO,NO,0
14113,44128,44129,2018,0,0,-0.239509,-78.529481,PICHINCHA,QUITO,QUITO,URBANA,2018-08-09,00:45:00,0,JUEVES,4,AGOSTO,8,NO,"CONDUCE BAJO LA INFLUENCIA DE ALCOHOL, SUSTANCIAS ESTUPEFACIENTES O PSICOTROPICAS Y/O MEDICAMENTOS.",ESTRELLAMIENTOS,AUTOMOVIL,2,0,0,0,0,0,0,0,0,0,0,0,0,2,-1,HOMBRE,ILESO,CONDUCTOR PRESENTE,NO,NO,0
14114,44129,44130,2018,0,0,-0.129355,-78.495467,PICHINCHA,QUITO,QUITO,URBANA,2018-08-09,01:00:00,1,JUEVES,4,AGOSTO,8,NO,"NO RESPETAR LAS SENIALES REGLAMENTARIAS DE TRANSITO. (PARE, CEDA EL PASO, LUZ ROJA DEL SEMAFORO, ETC).",CHOQUE POSTERIOR,MOTOCICLETA,0,0,0,0,0,0,0,0,1,1,0,0,0,2,27,HOMBRE,ILESO,CONDUCTOR PRESENTE,NO,NO,0
14115,44133,44134,2018,0,0,-0.180495,-78.470171,PICHINCHA,QUITO,QUITO,URBANA,2018-08-09,03:55:00,3,JUEVES,4,AGOSTO,8,NO,"NO RESPETAR LAS SENIALES REGLAMENTARIAS DE TRANSITO. (PARE, CEDA EL PASO, LUZ ROJA DEL SEMAFORO, ETC).",ESTRELLAMIENTOS,NO IDENTIFICADO,0,0,0,0,0,0,0,0,0,1,0,0,0,1,-1,NO IDENTIFICADO,NO IDENTIFICADO,CONDUCTOR AUSENTE,NO,NO,2
14116,44135,44136,2018,0,0,-0.325496,-78.558482,PICHINCHA,QUITO,QUITO,URBANA,2018-08-09,06:30:00,6,JUEVES,4,AGOSTO,8,NO,NO TRANSITAR POR LAS ACERAS O ZONAS DE SEGURIDAD DESTINADAS PARA EL EFECTO.,ATROPELLOS,NO IDENTIFICADO,0,0,0,0,0,0,0,0,0,1,0,0,0,1,44,MUJER,ILESO,PEATON,NO,NO,0
14117,44142,44143,2018,1,0,-0.267451,-78.542614,PICHINCHA,QUITO,QUITO,URBANA,2018-08-09,08:00:00,8,JUEVES,4,AGOSTO,8,NO,NO TRANSITAR POR LAS ACERAS O ZONAS DE SEGURIDAD DESTINADAS PARA EL EFECTO.,ATROPELLOS,AUTOMOVIL,1,0,0,0,0,0,0,0,0,0,0,0,0,1,11,HOMBRE,LESIONADO,PEATON,NO,NO,0
14118,44146,44147,2018,0,1,-0.449411,-78.585734,PICHINCHA,MEJIA,ALOAG,URBANA,2018-08-09,10:19:00,10,JUEVES,4,AGOSTO,8,NO,"CONDUCIR DESATENTO A LAS CONDICIONES DE TRANSITO (CELULAR, PANTALLAS DE VIDEO, COMIDA, MAQUILLAJE O CUALQUIER OTRO ELEMENTO DISTRACTOR).",ATROPELLOS,NO IDENTIFICADO,0,0,0,0,0,0,0,0,0,1,0,0,0,1,71,HOMBRE,FALLECIDO,PEATON,NO,NO,0
14119,44149,44150,2018,0,0,-0.328479,-78.522294,PICHINCHA,QUITO,QUITO,URBANA,2018-08-09,11:10:00,11,JUEVES,4,AGOSTO,8,NO,CONDUCIR VEHICULO SUPERANDO LOS LIMITES MAXIMOS DE VELOCIDAD.,CHOQUE LATERAL,BUS,1,0,1,0,0,0,0,0,0,0,0,0,0,2,46,HOMBRE,ILESO,CONDUCTOR PRESENTE,NO,NO,0
14120,44151,44152,2018,1,0,-0.186393,-78.489557,PICHINCHA,QUITO,QUITO,URBANA,2018-08-09,13:45:00,13,JUEVES,4,AGOSTO,8,NO,"NO RESPETAR LAS SENIALES REGLAMENTARIAS DE TRANSITO. (PARE, CEDA EL PASO, LUZ ROJA DEL SEMAFORO, ETC).",CHOQUE LATERAL,AUTOMOVIL,3,0,0,0,0,0,0,0,0,0,0,0,0,3,42,MUJER,LESIONADO,PASAJERO,NO,NO,0
14121,44154,44155,2018,1,0,-0.128839,-78.513591,PICHINCHA,QUITO,QUITO,URBANA,2018-08-09,14:05:00,14,JUEVES,4,AGOSTO,8,NO,PEATON QUE CRUZA LA CALZADA SIN RESPETAR LA SENIALIZACION EXISTENTE (SEMAFOROS O SENIALES MANUALES).,ATROPELLOS,CAMIONETA,0,0,0,0,1,0,0,0,0,0,0,0,0,1,81,MUJER,LESIONADO,PEATON,NO,NO,0
14122,44156,44157,2018,1,0,-0.190265,-78.481543,PICHINCHA,QUITO,QUITO,URBANA,2018-08-09,14:40:00,14,JUEVES,4,AGOSTO,8,NO,NO CEDER EL DERECHO DE VIA O PREFERENCIA DE PASO AL PEATON.,ATROPELLOS,BUS,0,0,1,0,0,0,0,0,0,0,0,0,0,1,75,MUJER,LESIONADO,PEATON,NO,NO,0
14123,44163,44164,2018,0,0,-0.232366,-78.503038,PICHINCHA,QUITO,QUITO,URBANA,2018-08-09,16:10:00,16,JUEVES,4,AGOSTO,8,NO,CONDUCIR VEHICULO SUPERANDO LOS LIMITES MAXIMOS DE VELOCIDAD.,CHOQUE LATERAL,AUTOMOVIL,1,0,0,1,0,0,0,0,0,0,0,0,0,2,40,MUJER,ILESO,CONDUCTOR PRESENTE,NO,NO,0
14124,44168,44169,2018,1,0,-0.273825,-78.510216,PICHINCHA,QUITO,QUITO,URBANA,2018-08-09,17:20:00,17,JUEVES,4,AGOSTO,8,NO,"FALLA MECANICA EN LOS SISTEMAS Y/O NEUMATICOS (SISTEMA DE FRENOS, DIRECCION, ELECTRONICO O MECANICO).",CHOQUE POSTERIOR,CAMION,0,0,0,1,1,0,0,0,0,0,0,0,0,2,34,HOMBRE,LESIONADO,CONDUCTOR PRESENTE,NO,NO,0
14125,44177,44178,2018,0,0,-0.175666,-78.480113,PICHINCHA,QUITO,QUITO,URBANA,2018-08-09,18:30:00,18,JUEVES,4,AGOSTO,8,NO,REALIZAR CAMBIO BRUSCO O INDEBIDO DE CARRIL.,ROZAMIENTOS,AUTOMOVIL,1,0,0,0,0,0,0,0,0,0,0,0,0,1,27,MUJER,ILESO,CONDUCTOR PRESENTE,NO,NO,0
14126,44179,44180,2018,0,0,-0.141724,-78.501095,PICHINCHA,QUITO,QUITO,URBANA,2018-08-09,19:50:00,19,JUEVES,4,AGOSTO,8,NO,NO MANTENER LA DISTANCIA PRUDENCIAL CON RESPECTO AL VEHICULO QUE LE ANTECEDE.,CHOQUE POSTERIOR,AUTOMOVIL,2,0,0,0,0,0,0,0,0,0,0,0,0,2,34,MUJER,ILESO,CONDUCTOR PRESENTE,NO,NO,0
14127,44189,44190,2018,0,0,-0.297651,-78.550178,PICHINCHA,QUITO,QUITO,URBANA,2018-08-09,23:55:00,23,JUEVES,4,AGOSTO,8,NO,NO GUARDAR LA DISTANCIA LATERAL MINIMA DE SEGURIDAD ENTRE VEHICULOS.,CHOQUE LATERAL,MOTOCICLETA,1,0,0,0,0,0,0,0,1,0,0,0,0,2,35,HOMBRE,ILESO,CONDUCTOR PRESENTE,NO,NO,0
14128,44191,44192,2018,1,0,-0.203872,-78.490964,PICHINCHA,QUITO,QUITO,URBANA,2018-08-10,00:03:00,0,VIERNES,5,AGOSTO,8,SI,NO TRANSITAR POR LAS ACERAS O ZONAS DE SEGURIDAD DESTINADAS PARA EL EFECTO.,ATROPELLOS,AUTOMOVIL,1,0,0,0,0,0,0,0,0,0,0,0,0,1,23,MUJER,LESIONADO,PEATON,NO,NO,0
14129,44194,44195,2018,1,0,-0.120127,-78.483099,PICHINCHA,QUITO,QUITO,URBANA,2018-08-10,00:50:00,0,VIERNES,5,AGOSTO,8,SI,CONDUCIR VEHICULO SUPERANDO LOS LIMITES MAXIMOS DE VELOCIDAD.,ESTRELLAMIENTOS,MOTOCICLETA,0,0,0,0,0,0,0,0,1,0,0,0,0,1,20,HOMBRE,LESIONADO,CONDUCTOR PRESENTE,NO,NO,0