,Unnamed: 0,ID,ANIO,LESIONADOS,FALLECIDOS,LATITUD_Y,LONGITUD_X,PROVINCIA,CANTON,PARROQUIA,ZONA,FECHA,HORA,PERIODO_2,DIA_1,DIA_2,MES_1,MES_2,FERIADO,CAUSA_PROBABLE,TIPO_DE_SINIESTRO,TIPO_DE_VEHICULO_1,AUTOMOVIL,BICICLETA,BUS,CAMION,CAMIONETA,EMERGENCIAS,ESPECIAL,FURGONETA,MOTOCICLETA,NO_IDENTIFICADO,SCOOTER_ELECTRICO,TRICIMOTO,VEHICULO_DEPORTIVO_UTILITARIO,SUMA_DE_VEHICULOS,EDAD_1,SEXO_1,CONDICION_1,PARTICIPANTE_1,CASCO_1,CINTURON_1,KMeans_Cluster
14130,44195,44196,2018,6,0,-0.261044,-78.538617,PICHINCHA,QUITO,QUITO,URBANA,2018-08-10,01:00:00,1,VIERNES,5,AGOSTO,8,SI,"CONDUCE BAJO LA INFLUENCIA DE ALCOHOL, SUSTANCIAS ESTUPEFACIENTES O PSICOTROPICAS Y/O MEDICAMENTOS.",CHOQUE FRONTAL,CAMIONETA,0,0,0,0,2,0,0,0,0,0,0,0,0,2,23,HOMBRE,LESIONADO,CONDUCTOR PRESENTE,NO,NO,0
14131,44199,44200,2018,1,0,-0.196683,-78.483787,PICHINCHA,QUITO,QUITO,URBANA,2018-08-10,01:50:00,1,VIERNES,5,AGOSTO,8,SI,"CONDUCE BAJO LA INFLUENCIA DE ALCOHOL, SUSTANCIAS ESTUPEFACIENTES O PSICOTROPICAS Y/O MEDICAMENTOS.",COLISION,AUTOMOVIL,4,0,0,0,0,0,0,0,0,0,0,0,0,4,45,MUJER,LESIONADO,CONDUCTOR PRESENTE,NO,NO,0
14132,44201,44202,2018,0,0,-0.289582,-78.565218,PICHINCHA,QUITO,QUITO,URBANA,2018-08-10,02:22:00,2,VIERNES,5,AGOSTO,8,SI,CONDUCIR VEHICULO SUPERANDO LOS LIMITES MAXIMOS DE VELOCIDAD.,CHOQUE POSTERIOR,AUTOMOVIL,2,0,0,0,0,0,0,0,0,0,0,0,0,2,32,HOMBRE,ILESO,CONDUCTOR PRESENTE,NO,NO,0
14133,44203,44204,2018,0,0,-0.195726,-78.478234,PICHINCHA,QUITO,QUITO,URBANA,2018-08-10,02:35:00,2,VIERNES,5,AGOSTO,8,SI,REALIZAR CAMBIO BRUSCO O INDEBIDO DE CARRIL.,CHOQUE LATERAL,AUTOMOVIL,1,0,0,0,0,0,0,0,1,0,0,0,0,2,40,HOMBRE,ILESO,CONDUCTOR PRESENTE,NO,NO,0
14134,44209,44210,2018,1,0,-0.106767,-78.441933,PICHINCHA,QUITO,CALDERON (CARAPUNGO),URBANA,2018-08-10,04:15:00,4,VIERNES,5,AGOSTO,8,SI,"CONDUCIR EN ESTADO DE SOMNOLENCIA O MALAS CONDICIONES FISICAS (SUENIO, CANSANCIO Y FATIGA).",ESTRELLAMIENTOS,AUTOMOVIL,1,0,0,0,0,0,0,0,0,0,0,0,0,1,22,MUJER,LESIONADO,PASAJERO,NO,NO,0
14135,44218,44219,2018,1,0,-0.181981,-78.505461,PICHINCHA,QUITO,QUITO,URBANA,2018-08-10,06:25:00,6,VIERNES,5,AGOSTO,8,SI,"CONDUCIR EN ESTADO DE SOMNOLENCIA O MALAS CONDICIONES FISICAS (SUENIO, CANSANCIO Y FATIGA).",ATROPELLOS,AUTOMOVIL,1,0,0,0,0,0,0,0,0,0,0,0,0,1,58,HOMBRE,LESIONADO,PEATON,NO,NO,0
14136,44220,44221,2018,1,0,-0.172253,-78.492393,PICHINCHA,QUITO,QUITO,URBANA,2018-08-10,07:30:00,7,VIERNES,5,AGOSTO,8,SI,CONDUCIR VEHICULO SUPERANDO LOS LIMITES MAXIMOS DE VELOCIDAD.,CHOQUE LATERAL,NO IDENTIFICADO,0,0,0,0,0,0,0,0,0,1,0,0,0,1,33,MUJER,LESIONADO,PASAJERO,NO,NO,0
14137,44232,44233,2018,1,0,-0.125876,-78.444288,PICHINCHA,QUITO,LLANO CHICO,URBANA,2018-08-10,11:30:00,11,VIERNES,5,AGOSTO,8,SI,DEJAR O RECOGER PASAJEROS EN LUGARES NO PERMITIDOS.,ATROPELLOS,BUS,0,0,1,0,0,0,0,0,0,0,0,0,0,1,50,HOMBRE,LESIONADO,PEATON,NO,NO,0
14138,44234,44235,2018,1,0,-0.214503,-78.377761,PICHINCHA,QUITO,TUMBACO,URBANA,2018-08-10,12:15:00,12,VIERNES,5,AGOSTO,8,SI,NO GUARDAR LA DISTANCIA LATERAL MINIMA DE SEGURIDAD ENTRE VEHICULOS.,ROZAMIENTOS,CAMIONETA,0,0,0,0,1,0,0,0,0,1,0,0,0,2,21,HOMBRE,LESIONADO,PASAJERO,NO,NO,0
14139,44240,44241,2018,0,0,-0.185596,-78.494124,PICHINCHA,QUITO,QUITO,URBANA,2018-08-10,15:30:00,15,VIERNES,5,AGOSTO,8,SI,"NO RESPETAR LAS SENIALES REGLAMENTARIAS DE TRANSITO. (PARE, CEDA EL PASO, LUZ ROJA DEL SEMAFORO, ETC).",CHOQUE LATERAL,AUTOMOVIL,2,0,0,0,0,0,0,0,0,0,0,0,0,2,18,HOMBRE,ILESO,CONDUCTOR PRESENTE,NO,NO,0
14140,44241,44242,2018,0,0,-0.178588,-78.461963,PICHINCHA,QUITO,QUITO,URBANA,2018-08-10,16:15:00,16,VIERNES,5,AGOSTO,8,SI,PEATON QUE CRUZA LA CALZADA SIN RESPETAR LA SENIALIZACION EXISTENTE (SEMAFOROS O SENIALES MANUALES).,ATROPELLOS,MOTOCICLETA,0,0,0,0,0,0,0,0,1,0,0,0,0,1,25,MUJER,ILESO,CONDUCTOR PRESENTE,NO,NO,0
14141,44249,44250,2018,0,0,-0.292882,-78.542349,PICHINCHA,QUITO,QUITO,URBANA,2018-08-10,17:55:00,17,VIERNES,5,AGOSTO,8,SI,NO GUARDAR LA DISTANCIA LATERAL MINIMA DE SEGURIDAD ENTRE VEHICULOS.,CHOQUE LATERAL,AUTOMOVIL,1,0,0,0,1,0,0,0,0,0,0,0,0,2,23,HOMBRE,ILESO,CONDUCTOR PRESENTE,NO,NO,0
14142,44255,44256,2018,0,0,-0.328239,-78.538128,PICHINCHA,QUITO,QUITO,URBANA,2018-08-10,19:05:00,19,VIERNES,5,AGOSTO,8,SI,"CONDUCE BAJO LA INFLUENCIA DE ALCOHOL, SUSTANCIAS ESTUPEFACIENTES O PSICOTROPICAS Y/O MEDICAMENTOS.",CHOQUE LATERAL,CAMIONETA,1,0,0,0,1,0,0,0,0,0,0,0,0,2,32,HOMBRE,ILESO,CONDUCTOR PRESENTE,NO,NO,0
14143,44264,44265,2018,8,0,-0.334261,-78.878621,PICHINCHA,MEJIA,MANUEL CORNEJO ASTORGA,RURAL,2018-08-10,22:00:00,22,VIERNES,5,AGOSTO,8,SI,"CONDUCIR DESATENTO A LAS CONDICIONES DE TRANSITO (CELULAR, PANTALLAS DE VIDEO, COMIDA, MAQUILLAJE O CUALQUIER OTRO ELEMENTO DISTRACTOR).",CHOQUE FRONTAL,VEHICULO DEPORTIVO UTILITARIO,0,0,0,1,0,0,0,0,0,0,0,0,1,2,48,HOMBRE,LESIONADO,CONDUCTOR PRESENTE,NO,NO,3
14144,44266,44267,2018,1,0,-0.310973,-78.546689,PICHINCHA,QUITO,QUITO,URBANA,2018-08-10,22:10:00,22,VIERNES,5,AGOSTO,8,SI,NO CEDER EL DERECHO DE VIA O PREFERENCIA DE PASO AL PEATON.,ATROPELLOS,NO IDENTIFICADO,0,0,0,0,0,0,0,0,0,1,0,0,0,1,38,HOMBRE,LESIONADO,PEATON,NO,NO,0
14145,44268,44269,2018,0,0,-0.292074,-78.546424,PICHINCHA,QUITO,QUITO,URBANA,2018-08-10,23:15:00,23,VIERNES,5,AGOSTO,8,SI,"PRESENCIA DE AGENTES EXTERNOS EN LA VIA (AGUA, ACEITE, PIEDRA, LASTRE, ESCOMBROS, MADEROS, ETC.).",PERDIDA DE CARRIL,MOTOCICLETA,0,0,0,0,0,0,0,0,1,0,0,0,0,1,18,HOMBRE,ILESO,CONDUCTOR PRESENTE,NO,NO,0
14146,44271,44272,2018,0,0,-0.116011,-78.479444,PICHINCHA,QUITO,QUITO,URBANA,2018-08-11,00:40:00,0,SABADO,6,AGOSTO,8,SI,NO GUARDAR LA DISTANCIA LATERAL MINIMA DE SEGURIDAD ENTRE VEHICULOS.,CHOQUE LATERAL,BUS,0,0,2,0,0,0,0,0,0,0,0,0,0,2,54,HOMBRE,ILESO,CONDUCTOR PRESENTE,NO,NO,0
14147,44275,44276,2018,0,0,-0.247141,-78.475845,PICHINCHA,QUITO,QUITO,URBANA,2018-08-11,02:10:00,2,SABADO,6,AGOSTO,8,SI,"CONDUCIR EN ESTADO DE SOMNOLENCIA O MALAS CONDICIONES FISICAS (SUENIO, CANSANCIO Y FATIGA).",ESTRELLAMIENTOS,CAMION,0,0,0,1,0,0,0,0,0,0,0,0,0,1,40,HOMBRE,ILESO,CONDUCTOR PRESENTE,NO,NO,0
14148,44278,44279,2018,1,0,-0.144701,-78.483489,PICHINCHA,QUITO,QUITO,URBANA,2018-08-11,02:30:00,2,SABADO,6,AGOSTO,8,SI,CONDUCIR VEHICULO SUPERANDO LOS LIMITES MAXIMOS DE VELOCIDAD.,PERDIDA DE CARRIL,NO IDENTIFICADO,0,0,0,0,0,0,0,0,0,1,0,0,0,1,28,HOMBRE,LESIONADO,PASAJERO,NO,NO,0
14149,44281,44282,2018,1,0,-0.224446,-78.521422,PICHINCHA,QUITO,QUITO,URBANA,2018-08-11,03:20:00,3,SABADO,6,AGOSTO,8,SI,NO CEDER EL DERECHO DE VIA O PREFERENCIA DE PASO AL PEATON.,ATROPELLOS,NO IDENTIFICADO,0,0,0,0,0,0,0,0,0,1,0,0,0,1,20,HOMBRE,LESIONADO,PEATON,NO,NO,0
14150,44282,44283,2018,3,0,-0.255453,-78.530321,PICHINCHA,QUITO,QUITO,URBANA,2018-08-11,04:00:00,4,SABADO,6,AGOSTO,8,SI,"NO RESPETAR LAS SENIALES REGLAMENTARIAS DE TRANSITO. (PARE, CEDA EL PASO, LUZ ROJA DEL SEMAFORO, ETC).",CHOQUE POSTERIOR,AUTOMOVIL,1,0,0,0,0,0,0,0,0,0,0,0,0,1,19,HOMBRE,LESIONADO,PASAJERO,NO,NO,0
14151,44283,44284,2018,1,0,-0.243671,-78.485361,PICHINCHA,QUITO,QUITO,URBANA,2018-08-11,04:25:00,4,SABADO,6,AGOSTO,8,SI,CONDUCIR VEHICULO SUPERANDO LOS LIMITES MAXIMOS DE VELOCIDAD.,ESTRELLAMIENTOS,AUTOMOVIL,1,0,0,0,0,0,0,0,0,0,0,0,0,1,24,HOMBRE,LESIONADO,CONDUCTOR PRESENTE,NO,NO,0
14152,44286,44287,2018,0,0,-0.195911,-78.494883,PICHINCHA,QUITO,QUITO,URBANA,2018-08-11,05:45:00,5,SABADO,6,AGOSTO,8,SI,"NO RESPETAR LAS SENIALES REGLAMENTARIAS DE TRANSITO. (PARE, CEDA EL PASO, LUZ ROJA DEL SEMAFORO, ETC).",ESTRELLAMIENTOS,AUTOMOVIL,1,0,0,0,0,0,0,0,0,0,0,0,0,1,-1,NO IDENTIFICADO,NO IDENTIFICADO,CONDUCTOR AUSENTE,NO,NO,2
14153,44291,44292,2018,1,0,-0.240163,-78.534053,PICHINCHA,QUITO,QUITO,URBANA,2018-08-11,06:50:00,6,SABADO,6,AGOSTO,8,SI,REALIZAR CAMBIO BRUSCO O INDEBIDO DE CARRIL.,CHOQUE FRONTAL,BICICLETA,0,1,0,0,0,0,0,0,0,1,0,0,0,2,43,HOMBRE,LESIONADO,CONDUCTOR PRESENTE,NO,NO,0
14154,44297,44298,2018,1,0,-0.294935,-78.537766,PICHINCHA,QUITO,QUITO,URBANA,2018-08-11,09:42:00,9,SABADO,6,AGOSTO,8,SI,NO CEDER EL DERECHO DE VIA O PREFERENCIA DE PASO AL PEATON.,ATROPELLOS,MOTOCICLETA,0,0,0,0,0,0,0,0,1,0,0,0,0,1,7,MUJER,LESIONADO,PEATON,NO,NO,0
14155,44306,44307,2018,0,0,-0.265286,-78.286431,PICHINCHA,QUITO,PIFO,RURAL,2018-08-11,11:45:00,11,SABADO,6,AGOSTO,8,SI,NO GUARDAR LA DISTANCIA LATERAL MINIMA DE SEGURIDAD ENTRE VEHICULOS.,CHOQUE LATERAL,VEHICULO DEPORTIVO UTILITARIO,0,0,0,0,0,0,0,0,0,0,0,0,2,2,47,HOMBRE,ILESO,CONDUCTOR PRESENTE,NO,NO,3
14156,44307,44308,2018,0,0,-0.051333,-78.346781,PICHINCHA,QUITO,GUAYLLABAMBA,RURAL,2018-08-11,11:55:00,11,SABADO,6,AGOSTO,8,SI,NO MANTENER LA DISTANCIA PRUDENCIAL CON RESPECTO AL VEHICULO QUE LE ANTECEDE.,CHOQUE POSTERIOR,CAMIONETA,1,0,0,0,1,0,0,0,0,0,0,0,0,2,56,HOMBRE,ILESO,CONDUCTOR PRESENTE,NO,NO,3
14157,44335,44336,2018,1,0,-0.249423,-78.531143,PICHINCHA,QUITO,QUITO,URBANA,2018-08-11,19:50:00,19,SABADO,6,AGOSTO,8,SI,BAJARSE O SUBIRSE DE VEHICULOS EN MOVIMIENTO SIN TOMAR LAS PRECAUCIONES DEBIDAS.,CAIDA DE PASAJERO,BUS,0,0,1,0,0,0,0,0,0,0,0,0,0,1,6,MUJER,LESIONADO,PASAJERO,NO,NO,0
14158,44337,44338,2018,0,0,-0.206931,-78.425899,PICHINCHA,QUITO,CUMBAYA,URBANA,2018-08-11,20:00:00,20,SABADO,6,AGOSTO,8,SI,"CONDUCE BAJO LA INFLUENCIA DE ALCOHOL, SUSTANCIAS ESTUPEFACIENTES O PSICOTROPICAS Y/O MEDICAMENTOS.",CHOQUE LATERAL,AUTOMOVIL,2,0,0,0,0,0,0,0,0,0,0,0,0,2,30,HOMBRE,ILESO,CONDUCTOR PRESENTE,NO,NO,0
14159,44339,44340,2018,0,0,-0.299022,-78.499385,PICHINCHA,QUITO,CONOCOTO,URBANA,2018-08-11,20:50:00,20,SABADO,6,AGOSTO,8,SI,"CASO FORTUITO O FUERZA MAYOR (EXPLOSION DE NEUMATICO NUEVO, DERRUMBE, INUNDACION, CAIDA DE PUENTE, ARBOL, PRESENCIA INTEMPESTIVA E IMPREVISTA DE SEMOVIENTES EN LA VIA, ETC.).",ATROPELLOS,AUTOMOVIL,1,0,0,0,0,0,0,0,0,0,0,0,0,1,58,HOMBRE,ILESO,CONDUCTOR PRESENTE,NO,NO,0
14160,44344,44345,2018,0,0,-0.196669,-78.466599,PICHINCHA,QUITO,QUITO,URBANA,2018-08-11,21:40:00,21,SABADO,6,AGOSTO,8,SI,"NO RESPETAR LAS SENIALES REGLAMENTARIAS DE TRANSITO. (PARE, CEDA EL PASO, LUZ ROJA DEL SEMAFORO, ETC).",ESTRELLAMIENTOS,AUTOMOVIL,1,0,0,0,0,0,0,0,0,0,0,0,0,1,-1,NO IDENTIFICADO,NO IDENTIFICADO,CONDUCTOR AUSENTE,NO,NO,2
14161,44349,44350,2018,0,1,0.094271,-78.191596,PICHINCHA,PEDRO MONCAYO,TUPIGACHI,RURAL,2018-08-11,22:20:00,22,SABADO,6,AGOSTO,8,SI,NO TRANSITAR POR LAS ACERAS O ZONAS DE SEGURIDAD DESTINADAS PARA EL EFECTO.,ATROPELLOS,NO IDENTIFICADO,0,0,0,0,0,0,0,0,0,1,0,0,0,1,34,HOMBRE,FALLECIDO,PEATON,NO,NO,3
14162,44353,44354,2018,0,0,-0.159772,-78.487866,PICHINCHA,QUITO,QUITO,URBANA,2018-08-12,00:20:00,0,DOMINGO,7,AGOSTO,8,SI,REALIZAR CAMBIO BRUSCO O INDEBIDO DE CARRIL.,CHOQUE LATERAL,AUTOMOVIL,2,0,0,0,0,0,0,0,0,0,0,0,0,2,24,HOMBRE,ILESO,CONDUCTOR PRESENTE,NO,NO,0
14163,44358,44359,2018,1,0,-0.091339,-78.473093,PICHINCHA,QUITO,QUITO,URBANA,2018-08-12,00:45:00,0,DOMINGO,7,AGOSTO,8,SI,CONDUCIR VEHICULO SUPERANDO LOS LIMITES MAXIMOS DE VELOCIDAD.,VOLCAMIENTOS,MOTOCICLETA,0,0,0,0,0,0,0,0,1,0,0,0,0,1,35,HOMBRE,LESIONADO,PASAJERO,NO,NO,0
14164,44362,44363,2018,0,0,-0.249745,-78.530782,PICHINCHA,QUITO,QUITO,URBANA,2018-08-12,01:40:00,1,DOMINGO,7,AGOSTO,8,SI,NO GUARDAR LA DISTANCIA LATERAL MINIMA DE SEGURIDAD ENTRE VEHICULOS.,ROZAMIENTOS,AUTOMOVIL,1,0,0,0,0,0,0,0,0,1,0,0,0,2,22,HOMBRE,ILESO,CONDUCTOR PRESENTE,NO,NO,0
14165,44366,44367,2018,1,0,-0.161127,-78.318387,PICHINCHA,QUITO,YARUQUI,RURAL,2018-08-12,02:15:00,2,DOMINGO,7,AGOSTO,8,SI,"CONDUCE BAJO LA INFLUENCIA DE ALCOHOL, SUSTANCIAS ESTUPEFACIENTES O PSICOTROPICAS Y/O MEDICAMENTOS.",CHOQUE LATERAL,MOTOCICLETA,0,0,0,0,0,0,0,0,2,0,0,0,0,2,23,HOMBRE,LESIONADO,CONDUCTOR PRESENTE,NO,NO,3
14166,44375,44376,2018,0,0,-0.158769,-78.449397,PICHINCHA,QUITO,QUITO,URBANA,2018-08-12,04:15:00,4,DOMINGO,7,AGOSTO,8,SI,"CONDUCIR EN ESTADO DE SOMNOLENCIA O MALAS CONDICIONES FISICAS (SUENIO, CANSANCIO Y FATIGA).",VOLCAMIENTOS,AUTOMOVIL,1,0,0,0,0,0,0,0,0,0,0,0,0,1,-1,NO IDENTIFICADO,NO IDENTIFICADO,CONDUCTOR AUSENTE,NO,NO,2
14167,44378,44379,2018,0,0,-0.120424,-78.415685,PICHINCHA,QUITO,CALDERON (CARAPUNGO),URBANA,2018-08-12,04:30:00,4,DOMINGO,7,AGOSTO,8,SI,"NO RESPETAR LAS SENIALES REGLAMENTARIAS DE TRANSITO. (PARE, CEDA EL PASO, LUZ ROJA DEL SEMAFORO, ETC).",ESTRELLAMIENTOS,AUTOMOVIL,1,0,0,0,0,0,0,0,0,0,0,0,0,1,-1,NO IDENTIFICADO,NO IDENTIFICADO,CONDUCTOR AUSENTE,NO,NO,2
14168,44386,44387,2018,0,0,-0.218421,-78.388507,PICHINCHA,QUITO,TUMBACO,URBANA,2018-08-12,06:25:00,6,DOMINGO,7,AGOSTO,8,SI,NO MANTENER LA DISTANCIA PRUDENCIAL CON RESPECTO AL VEHICULO QUE LE ANTECEDE.,CHOQUE POSTERIOR,AUTOMOVIL,1,0,0,0,0,0,0,0,0,1,0,0,0,2,23,HOMBRE,ILESO,CONDUCTOR PRESENTE,NO,NO,0
14169,44387,44388,2018,1,0,-0.269577,-78.255907,PICHINCHA,QUITO,PIFO,RURAL,2018-08-12,06:25:00,6,DOMINGO,7,AGOSTO,8,SI,CONDUCIR VEHICULO SUPERANDO LOS LIMITES MAXIMOS DE VELOCIDAD.,ESTRELLAMIENTOS,MOTOCICLETA,0,0,0,0,0,0,0,0,1,0,0,0,0,1,22,HOMBRE,LESIONADO,CONDUCTOR PRESENTE,NO,NO,3
14170,44389,44390,2018,0,0,-0.364112,-78.372757,PICHINCHA,QUITO,PINTAG,URBANA,2018-08-12,06:58:00,6,DOMINGO,7,AGOSTO,8,SI,CONDUCIR VEHICULO SUPERANDO LOS LIMITES MAXIMOS DE VELOCIDAD.,ESTRELLAMIENTOS,CAMION,0,0,0,1,0,0,0,0,0,0,0,0,0,1,-1,NO IDENTIFICADO,NO IDENTIFICADO,CONDUCTOR AUSENTE,NO,NO,2
14171,44391,44392,2018,0,0,-0.255013,-78.515995,PICHINCHA,QUITO,QUITO,URBANA,2018-08-12,07:30:00,7,DOMINGO,7,AGOSTO,8,SI,NO CEDER EL DERECHO DE VIA O PREFERENCIA DE PASO AL PEATON.,ATROPELLOS,AUTOMOVIL,1,0,0,0,0,0,0,0,0,0,0,0,0,1,20,HOMBRE,ILESO,CONDUCTOR PRESENTE,NO,NO,0
14172,44394,44395,2018,0,0,-0.150611,-78.452711,PICHINCHA,QUITO,QUITO,RURAL,2018-08-12,08:00:00,8,DOMINGO,7,AGOSTO,8,SI,"FALLA MECANICA EN LOS SISTEMAS Y/O NEUMATICOS (SISTEMA DE FRENOS, DIRECCION, ELECTRONICO O MECANICO).",ESTRELLAMIENTOS,AUTOMOVIL,1,0,0,0,0,0,0,0,0,0,0,0,0,1,38,HOMBRE,ILESO,CONDUCTOR PRESENTE,NO,NO,3
14173,44396,44397,2018,0,0,-0.117893,-78.358046,PICHINCHA,QUITO,TABABELA,RURAL,2018-08-12,08:30:00,8,DOMINGO,7,AGOSTO,8,SI,NO MANTENER LA DISTANCIA PRUDENCIAL CON RESPECTO AL VEHICULO QUE LE ANTECEDE.,CHOQUE POSTERIOR,CAMIONETA,1,0,0,0,1,0,0,0,0,0,0,0,0,2,34,HOMBRE,ILESO,CONDUCTOR PRESENTE,NO,NO,3
14174,44400,44401,2018,1,0,-0.260071,-78.548445,PICHINCHA,QUITO,QUITO,URBANA,2018-08-12,09:23:00,9,DOMINGO,7,AGOSTO,8,SI,CONDUCIR VEHICULO SUPERANDO LOS LIMITES MAXIMOS DE VELOCIDAD.,ATROPELLOS,AUTOMOVIL,1,0,0,0,0,0,0,0,0,0,0,0,0,1,21,MUJER,LESIONADO,PEATON,NO,NO,0
14175,44411,44412,2018,1,0,-0.103432,-78.387722,PICHINCHA,QUITO,CALDERON (CARAPUNGO),RURAL,2018-08-12,12:37:00,12,DOMINGO,7,AGOSTO,8,SI,"CONDUCIR DESATENTO A LAS CONDICIONES DE TRANSITO (CELULAR, PANTALLAS DE VIDEO, COMIDA, MAQUILLAJE O CUALQUIER OTRO ELEMENTO DISTRACTOR).",PERDIDA DE CARRIL,MOTOCICLETA,0,0,0,0,0,0,0,0,1,0,0,0,0,1,28,HOMBRE,LESIONADO,CONDUCTOR PRESENTE,NO,NO,3
14176,44414,44415,2018,0,0,-0.242681,-78.497364,PICHINCHA,QUITO,QUITO,URBANA,2018-08-12,13:00:00,13,DOMINGO,7,AGOSTO,8,SI,CONDUCIR VEHICULO SUPERANDO LOS LIMITES MAXIMOS DE VELOCIDAD.,ESTRELLAMIENTOS,AUTOMOVIL,1,0,0,0,0,0,0,0,0,0,0,0,0,1,32,HOMBRE,ILESO,CONDUCTOR PRESENTE,NO,NO,0
14177,44421,44422,2018,8,0,-0.002838,-78.525416,PICHINCHA,QUITO,CALACALI,URBANA,2018-08-12,14:45:00,14,DOMINGO,7,AGOSTO,8,SI,"CONDUCIR DESATENTO A LAS CONDICIONES DE TRANSITO (CELULAR, PANTALLAS DE VIDEO, COMIDA, MAQUILLAJE O CUALQUIER OTRO ELEMENTO DISTRACTOR).",ARROLLAMIENTOS,AUTOMOVIL,1,0,0,1,0,0,0,0,0,0,0,0,1,3,52,MUJER,LESIONADO,PASAJERO,NO,NO,0
14178,44427,44428,2018,1,0,-0.264381,-78.552005,PICHINCHA,QUITO,QUITO,URBANA,2018-08-12,17:25:00,17,DOMINGO,7,AGOSTO,8,SI,NO TRANSITAR POR LAS ACERAS O ZONAS DE SEGURIDAD DESTINADAS PARA EL EFECTO.,ATROPELLOS,AUTOMOVIL,1,0,0,0,0,0,0,0,0,0,0,0,0,1,7,MUJER,LESIONADO,PEATON,NO,NO,0
14179,44455,44456,2018,1,0,-0.101875,-78.490497,PICHINCHA,QUITO,QUITO,URBANA,2018-08-13,00:15:00,0,LUNES,1,AGOSTO,8,NO,CONDUCIR VEHICULO SUPERANDO LOS LIMITES MAXIMOS DE VELOCIDAD.,ESTRELLAMIENTOS,MOTOCICLETA,0,0,0,0,0,0,0,0,1,0,0,0,0,1,33,HOMBRE,LESIONADO,CONDUCTOR PRESENTE,NO,NO,0
14180,44456,44457,2018,0,0,-0.144229,-78.469532,PICHINCHA,QUITO,QUITO,URBANA,2018-08-13,00:50:00,0,LUNES,1,AGOSTO,8,NO,"CONDUCE BAJO LA INFLUENCIA DE ALCOHOL, SUSTANCIAS ESTUPEFACIENTES O PSICOTROPICAS Y/O MEDICAMENTOS.",CHOQUE LATERAL,AUTOMOVIL,2,0,0,0,0,0,0,0,0,0,0,0,0,2,25,HOMBRE,ILESO,CONDUCTOR PRESENTE,NO,NO,0
14181,44460,44461,2018,1,0,-0.140936,-78.476472,PICHINCHA,QUITO,QUITO,URBANA,2018-08-13,07:50:00,7,LUNES,1,AGOSTO,8,NO,NO GUARDAR LA DISTANCIA LATERAL MINIMA DE SEGURIDAD ENTRE VEHICULOS.,ROZAMIENTOS,AUTOMOVIL,1,0,0,0,0,0,0,0,1,0,0,0,0,2,27,MUJER,LESIONADO,PASAJERO,NO,NO,0
14182,44465,44466,2018,0,0,-0.277405,-78.548927,PICHINCHA,QUITO,QUITO,URBANA,2018-08-13,10:30:00,10,LUNES,1,AGOSTO,8,NO,NO GUARDAR LA DISTANCIA LATERAL MINIMA DE SEGURIDAD ENTRE VEHICULOS.,CHOQUE LATERAL,AUTOMOVIL,2,0,0,0,0,0,0,0,0,0,0,0,0,2,57,HOMBRE,ILESO,CONDUCTOR PRESENTE,NO,NO,0
14183,44466,44467,2018,1,0,-0.141429,-78.482884,PICHINCHA,QUITO,QUITO,URBANA,2018-08-13,10:35:00,10,LUNES,1,AGOSTO,8,NO,PEATON QUE CRUZA LA CALZADA SIN RESPETAR LA SENIALIZACION EXISTENTE (SEMAFOROS O SENIALES MANUALES).,ATROPELLOS,NO IDENTIFICADO,0,0,0,0,0,0,0,0,0,1,0,0,0,1,19,MUJER,LESIONADO,PEATON,NO,NO,0
14184,44469,44470,2018,0,0,-0.233604,-78.479743,PICHINCHA,QUITO,QUITO,URBANA,2018-08-13,11:15:00,11,LUNES,1,AGOSTO,8,NO,NO GUARDAR LA DISTANCIA LATERAL MINIMA DE SEGURIDAD ENTRE VEHICULOS.,ROZAMIENTOS,AUTOMOVIL,1,0,0,0,0,0,0,0,0,0,0,0,0,1,18,HOMBRE,ILESO,CONDUCTOR PRESENTE,NO,NO,0
14185,44471,44472,2018,1,0,-0.173164,-78.498651,PICHINCHA,QUITO,QUITO,URBANA,2018-08-13,11:55:00,11,LUNES,1,AGOSTO,8,NO,CONDUCIR VEHICULO SUPERANDO LOS LIMITES MAXIMOS DE VELOCIDAD.,CHOQUE LATERAL,MOTOCICLETA,1,0,0,0,0,0,0,0,1,0,0,0,0,2,22,HOMBRE,LESIONADO,CONDUCTOR PRESENTE,NO,NO,0
14186,44472,44473,2018,0,0,-0.168941,-78.488642,PICHINCHA,QUITO,QUITO,URBANA,2018-08-13,12:00:00,12,LUNES,1,AGOSTO,8,NO,NO GUARDAR LA DISTANCIA LATERAL MINIMA DE SEGURIDAD ENTRE VEHICULOS.,CHOQUE LATERAL,AUTOMOVIL,1,0,0,0,0,0,0,0,0,0,0,0,0,1,65,HOMBRE,ILESO,CONDUCTOR PRESENTE,NO,NO,0
14187,44475,44476,2018,0,0,-0.242233,-78.538851,PICHINCHA,QUITO,QUITO,URBANA,2018-08-13,13:40:00,13,LUNES,1,AGOSTO,8,NO,DEJAR O RECOGER PASAJEROS EN LUGARES NO PERMITIDOS.,CAIDA DE PASAJERO,NO IDENTIFICADO,0,0,0,0,0,0,0,0,0,1,0,0,0,1,74,MUJER,ILESO,PASAJERO,NO,NO,0
14188,44476,44477,2018,1,0,-0.105526,-78.433011,PICHINCHA,QUITO,CALDERON (CARAPUNGO),URBANA,2018-08-13,14:50:00,14,LUNES,1,AGOSTO,8,NO,REALIZAR CAMBIO BRUSCO O INDEBIDO DE CARRIL.,PERDIDA DE CARRIL,MOTOCICLETA,0,0,0,0,0,0,0,0,1,0,0,0,0,1,40,HOMBRE,LESIONADO,CONDUCTOR PRESENTE,NO,NO,0