,Unnamed: 0,ID,ANIO,LESIONADOS,FALLECIDOS,LATITUD_Y,LONGITUD_X,PROVINCIA,CANTON,PARROQUIA,ZONA,FECHA,HORA,PERIODO_2,DIA_1,DIA_2,MES_1,MES_2,FERIADO,CAUSA_PROBABLE,TIPO_DE_SINIESTRO,TIPO_DE_VEHICULO_1,AUTOMOVIL,BICICLETA,BUS,CAMION,CAMIONETA,EMERGENCIAS,ESPECIAL,FURGONETA,MOTOCICLETA,NO_IDENTIFICADO,SCOOTER_ELECTRICO,TRICIMOTO,VEHICULO_DEPORTIVO_UTILITARIO,SUMA_DE_VEHICULOS,EDAD_1,SEXO_1,CONDICION_1,PARTICIPANTE_1,CASCO_1,CINTURON_1,KMeans_Cluster
14189,44487,44488,2018,1,0,-0.250226,-78.516996,PICHINCHA,QUITO,QUITO,URBANA,2018-08-13,16:45:00,16,LUNES,1,AGOSTO,8,NO,PESO Y VOLUMEN - NO CUMPLIR CON LAS NORMAS DE SEGURIDAD NECESARIAS AL TRANSPORTAR CARGAS.,OTROS,MOTOCICLETA,0,0,0,0,0,0,0,0,1,0,0,0,0,1,89,MUJER,LESIONADO,PEATON,NO,NO,0
14190,44488,44489,2018,0,0,-0.153474,-78.477597,PICHINCHA,QUITO,QUITO,URBANA,2018-08-13,17:00:00,17,LUNES,1,AGOSTO,8,NO,"CONDUCE BAJO LA INFLUENCIA DE ALCOHOL, SUSTANCIAS ESTUPEFACIENTES O PSICOTROPICAS Y/O MEDICAMENTOS.",CHOQUE LATERAL,MOTOCICLETA,1,0,0,0,0,0,0,0,1,0,0,0,0,2,19,HOMBRE,ILESO,CONDUCTOR PRESENTE,NO,NO,0
14191,44490,44491,2018,1,0,-0.259499,-78.522621,PICHINCHA,QUITO,QUITO,URBANA,2018-08-13,17:05:00,17,LUNES,1,AGOSTO,8,NO,NO GUARDAR LA DISTANCIA LATERAL MINIMA DE SEGURIDAD ENTRE VEHICULOS.,CHOQUE LATERAL,MOTOCICLETA,0,0,0,0,1,0,0,0,1,0,0,0,0,2,22,HOMBRE,LESIONADO,CONDUCTOR PRESENTE,NO,NO,0
14192,44496,44497,2018,0,0,-0.212982,-78.492137,PICHINCHA,QUITO,QUITO,URBANA,2018-08-13,19:40:00,19,LUNES,1,AGOSTO,8,NO,NO MANTENER LA DISTANCIA PRUDENCIAL CON RESPECTO AL VEHICULO QUE LE ANTECEDE.,OTROS,AUTOMOVIL,2,0,0,0,0,0,0,0,0,0,0,0,0,2,30,HOMBRE,ILESO,CONDUCTOR PRESENTE,NO,NO,0
14193,44499,44500,2018,0,0,-0.283486,-78.545956,PICHINCHA,QUITO,QUITO,URBANA,2018-08-13,20:50:00,20,LUNES,1,AGOSTO,8,NO,NO CEDER EL DERECHO DE VIA O PREFERENCIA DE PASO AL PEATON.,ATROPELLOS,MOTOCICLETA,0,0,0,0,0,0,0,0,1,0,0,0,0,1,30,HOMBRE,ILESO,CONDUCTOR PRESENTE,NO,NO,0
14194,44503,44504,2018,0,0,-0.250641,-78.538032,PICHINCHA,QUITO,QUITO,URBANA,2018-08-13,23:40:00,23,LUNES,1,AGOSTO,8,NO,"NO RESPETAR LAS SENIALES REGLAMENTARIAS DE TRANSITO. (PARE, CEDA EL PASO, LUZ ROJA DEL SEMAFORO, ETC).",ESTRELLAMIENTOS,AUTOMOVIL,1,0,0,0,0,0,0,0,0,0,0,0,0,1,-1,NO IDENTIFICADO,NO IDENTIFICADO,CONDUCTOR AUSENTE,NO,NO,2
14195,44512,44513,2018,23,22,-0.264192,-78.288159,PICHINCHA,QUITO,PIFO,RURAL,2018-08-14,03:35:00,3,MARTES,2,AGOSTO,8,NO,"CONDUCIR DESATENTO A LAS CONDICIONES DE TRANSITO (CELULAR, PANTALLAS DE VIDEO, COMIDA, MAQUILLAJE O CUALQUIER OTRO ELEMENTO DISTRACTOR).",PERDIDA DE PISTA,VEHICULO DEPORTIVO UTILITARIO,0,0,0,0,0,0,0,0,0,0,0,0,1,1,15,HOMBRE,FALLECIDO,PASAJERO,NO,NO,3
14196,44515,44516,2018,0,0,-0.196449,-78.469143,PICHINCHA,QUITO,QUITO,URBANA,2018-08-14,06:49:00,6,MARTES,2,AGOSTO,8,NO,NO MANTENER LA DISTANCIA PRUDENCIAL CON RESPECTO AL VEHICULO QUE LE ANTECEDE.,COLISION,CAMIONETA,1,0,0,0,2,0,0,0,0,0,0,0,0,3,27,HOMBRE,ILESO,CONDUCTOR PRESENTE,NO,NO,0
14197,44521,44522,2018,1,0,-0.237413,-78.484393,PICHINCHA,QUITO,QUITO,URBANA,2018-08-14,08:25:00,8,MARTES,2,AGOSTO,8,NO,"CONDUCIR EN ESTADO DE SOMNOLENCIA O MALAS CONDICIONES FISICAS (SUENIO, CANSANCIO Y FATIGA).",ESTRELLAMIENTOS,AUTOMOVIL,1,0,0,0,0,0,0,0,0,0,0,0,0,1,22,HOMBRE,LESIONADO,PASAJERO,NO,NO,0
14198,44522,44523,2018,1,0,-0.228097,-78.506915,PICHINCHA,QUITO,QUITO,URBANA,2018-08-14,08:45:00,8,MARTES,2,AGOSTO,8,NO,"NO RESPETAR LAS SENIALES REGLAMENTARIAS DE TRANSITO. (PARE, CEDA EL PASO, LUZ ROJA DEL SEMAFORO, ETC).",OTROS,BUS,0,0,1,0,0,0,0,0,0,0,0,0,0,1,65,HOMBRE,LESIONADO,PASAJERO,NO,NO,0
14199,44524,44525,2018,1,0,-0.198735,-78.487789,PICHINCHA,QUITO,QUITO,URBANA,2018-08-14,09:20:00,9,MARTES,2,AGOSTO,8,NO,NO GUARDAR LA DISTANCIA LATERAL MINIMA DE SEGURIDAD ENTRE VEHICULOS.,CHOQUE LATERAL,AUTOMOVIL,1,0,0,0,0,0,0,0,1,0,0,0,0,2,45,HOMBRE,LESIONADO,CONDUCTOR PRESENTE,NO,NO,0
14200,44526,44527,2018,1,0,-0.308109,-78.544678,PICHINCHA,QUITO,QUITO,URBANA,2018-08-14,09:40:00,9,MARTES,2,AGOSTO,8,NO,DEJAR O RECOGER PASAJEROS EN LUGARES NO PERMITIDOS.,CAIDA DE PASAJERO,NO IDENTIFICADO,0,0,0,0,0,0,0,0,0,1,0,0,0,1,57,HOMBRE,LESIONADO,PEATON,NO,NO,0
14201,44527,44528,2018,1,0,-0.299621,-78.524242,PICHINCHA,QUITO,QUITO,URBANA,2018-08-14,09:45:00,9,MARTES,2,AGOSTO,8,NO,NO TRANSITAR POR LAS ACERAS O ZONAS DE SEGURIDAD DESTINADAS PARA EL EFECTO.,ATROPELLOS,NO IDENTIFICADO,0,0,0,0,0,0,0,0,0,1,0,0,0,1,2,HOMBRE,LESIONADO,PEATON,NO,NO,0
14202,44529,44530,2018,0,0,-0.181846,-78.475538,PICHINCHA,QUITO,QUITO,URBANA,2018-08-14,11:15:00,11,MARTES,2,AGOSTO,8,NO,NO MANTENER LA DISTANCIA PRUDENCIAL CON RESPECTO AL VEHICULO QUE LE ANTECEDE.,COLISION,AUTOMOVIL,3,0,0,0,0,0,0,0,0,0,0,0,0,3,44,HOMBRE,ILESO,CONDUCTOR PRESENTE,NO,NO,0
14203,44535,44536,2018,1,0,-0.218623,-78.509227,PICHINCHA,QUITO,QUITO,URBANA,2018-08-14,14:51:00,14,MARTES,2,AGOSTO,8,NO,NO CEDER EL DERECHO DE VIA O PREFERENCIA DE PASO AL PEATON.,ATROPELLOS,AUTOMOVIL,1,0,0,0,0,0,0,0,0,0,0,0,0,1,12,MUJER,LESIONADO,PEATON,NO,NO,0
14204,44536,44537,2018,1,0,-0.234321,-78.486228,PICHINCHA,QUITO,QUITO,URBANA,2018-08-14,15:00:00,15,MARTES,2,AGOSTO,8,NO,DEJAR O RECOGER PASAJEROS EN LUGARES NO PERMITIDOS.,CAIDA DE PASAJERO,BUS,0,0,1,0,0,0,0,0,0,0,0,0,0,1,60,MUJER,LESIONADO,PASAJERO,NO,NO,0
14205,44538,44539,2018,1,0,-0.144216,-78.469414,PICHINCHA,QUITO,QUITO,URBANA,2018-08-14,16:00:00,16,MARTES,2,AGOSTO,8,NO,PEATON QUE CRUZA LA CALZADA SIN RESPETAR LA SENIALIZACION EXISTENTE (SEMAFOROS O SENIALES MANUALES).,ATROPELLOS,AUTOMOVIL,1,0,0,0,0,0,0,0,0,0,0,0,0,1,55,HOMBRE,LESIONADO,PEATON,NO,NO,0
14206,44544,44545,2018,0,0,-0.164319,-78.483607,PICHINCHA,QUITO,QUITO,URBANA,2018-08-14,18:50:00,18,MARTES,2,AGOSTO,8,NO,NO GUARDAR LA DISTANCIA LATERAL MINIMA DE SEGURIDAD ENTRE VEHICULOS.,ROZAMIENTOS,AUTOMOVIL,2,0,0,0,0,0,0,0,0,0,0,0,0,2,40,HOMBRE,ILESO,CONDUCTOR PRESENTE,NO,NO,0
14207,44547,44548,2018,0,0,-0.246046,-78.509781,PICHINCHA,QUITO,QUITO,URBANA,2018-08-14,19:50:00,19,MARTES,2,AGOSTO,8,NO,"NO RESPETAR LAS SENIALES REGLAMENTARIAS DE TRANSITO. (PARE, CEDA EL PASO, LUZ ROJA DEL SEMAFORO, ETC).",OTROS,CAMION,0,0,0,1,0,0,0,0,0,0,0,0,0,1,44,HOMBRE,ILESO,CONDUCTOR PRESENTE,NO,NO,0
14208,44553,44554,2018,0,0,-0.199767,-78.428809,PICHINCHA,QUITO,CUMBAYA,URBANA,2018-08-14,21:55:00,21,MARTES,2,AGOSTO,8,NO,CONDUCIR VEHICULO SUPERANDO LOS LIMITES MAXIMOS DE VELOCIDAD.,ESTRELLAMIENTOS,AUTOMOVIL,1,0,0,0,0,0,0,0,0,0,0,0,0,1,45,MUJER,ILESO,CONDUCTOR PRESENTE,NO,NO,0
14209,44555,44556,2018,0,0,-0.165922,-78.764821,PICHINCHA,QUITO,LLOA,URBANA,2018-08-14,22:50:00,22,MARTES,2,AGOSTO,8,NO,"NO RESPETAR LAS SENIALES REGLAMENTARIAS DE TRANSITO. (PARE, CEDA EL PASO, LUZ ROJA DEL SEMAFORO, ETC).",ESTRELLAMIENTOS,AUTOMOVIL,1,0,0,0,0,0,0,0,0,0,0,0,0,1,-1,NO IDENTIFICADO,NO IDENTIFICADO,CONDUCTOR AUSENTE,NO,NO,2
14210,44556,44557,2018,2,0,-0.282873,-78.544223,PICHINCHA,QUITO,QUITO,URBANA,2018-08-14,23:00:00,23,MARTES,2,AGOSTO,8,NO,"CONDUCE BAJO LA INFLUENCIA DE ALCOHOL, SUSTANCIAS ESTUPEFACIENTES O PSICOTROPICAS Y/O MEDICAMENTOS.",CHOQUE LATERAL,AUTOMOVIL,1,0,0,0,0,0,0,1,0,0,0,0,0,2,44,HOMBRE,LESIONADO,PASAJERO,NO,NO,0
14211,44560,44561,2018,1,0,-0.299348,-78.542062,PICHINCHA,QUITO,QUITO,URBANA,2018-08-15,05:30:00,5,MIERCOLES,3,AGOSTO,8,NO,PEATON QUE CRUZA LA CALZADA SIN RESPETAR LA SENIALIZACION EXISTENTE (SEMAFOROS O SENIALES MANUALES).,ATROPELLOS,NO IDENTIFICADO,0,0,0,0,0,0,0,0,0,1,0,0,0,1,33,MUJER,LESIONADO,PEATON,NO,NO,0
14212,44565,44566,2018,0,0,-0.299628,-78.481185,PICHINCHA,QUITO,CONOCOTO,URBANA,2018-08-15,06:50:00,6,MIERCOLES,3,AGOSTO,8,NO,"NO RESPETAR LAS SENIALES REGLAMENTARIAS DE TRANSITO. (PARE, CEDA EL PASO, LUZ ROJA DEL SEMAFORO, ETC).",CHOQUE LATERAL,AUTOMOVIL,1,0,0,0,0,0,0,0,0,0,0,0,0,1,40,HOMBRE,ILESO,CONDUCTOR PRESENTE,NO,NO,0
14213,44568,44569,2018,0,0,-0.109235,-78.489059,PICHINCHA,QUITO,QUITO,URBANA,2018-08-15,08:15:00,8,MIERCOLES,3,AGOSTO,8,NO,BAJARSE O SUBIRSE DE VEHICULOS EN MOVIMIENTO SIN TOMAR LAS PRECAUCIONES DEBIDAS.,OTROS,NO IDENTIFICADO,0,0,0,0,0,0,0,0,0,1,0,0,0,1,38,MUJER,ILESO,PASAJERO,NO,NO,0
14214,44572,44573,2018,0,0,-0.264995,-78.551264,PICHINCHA,QUITO,QUITO,URBANA,2018-08-15,09:00:00,9,MIERCOLES,3,AGOSTO,8,NO,"NO RESPETAR LAS SENIALES REGLAMENTARIAS DE TRANSITO. (PARE, CEDA EL PASO, LUZ ROJA DEL SEMAFORO, ETC).",OTROS,CAMION,0,0,0,1,0,0,0,0,1,0,0,0,0,2,38,HOMBRE,ILESO,CONDUCTOR PRESENTE,NO,NO,0
14215,44573,44574,2018,0,0,-0.214883,-78.433736,PICHINCHA,QUITO,CUMBAYA,URBANA,2018-08-15,09:05:00,9,MIERCOLES,3,AGOSTO,8,NO,CONDUCIR VEHICULO SUPERANDO LOS LIMITES MAXIMOS DE VELOCIDAD.,CHOQUE LATERAL,FURGONETA,1,0,0,0,0,0,0,1,0,0,0,0,0,2,40,MUJER,ILESO,CONDUCTOR PRESENTE,NO,NO,0
14216,44576,44577,2018,0,1,-0.437427,-78.553494,PICHINCHA,MEJIA,MACHACHI,RURAL,2018-08-15,10:00:00,10,MIERCOLES,3,AGOSTO,8,NO,"CONDUCIR DESATENTO A LAS CONDICIONES DE TRANSITO (CELULAR, PANTALLAS DE VIDEO, COMIDA, MAQUILLAJE O CUALQUIER OTRO ELEMENTO DISTRACTOR).",PERDIDA DE PISTA,AUTOMOVIL,1,0,0,0,0,0,0,0,0,0,0,0,0,1,56,MUJER,FALLECIDO,CONDUCTOR PRESENTE,NO,NO,3
14217,44583,44584,2018,1,0,-0.295452,-78.555062,PICHINCHA,QUITO,QUITO,URBANA,2018-08-15,11:40:00,11,MIERCOLES,3,AGOSTO,8,NO,NO TRANSITAR POR LAS ACERAS O ZONAS DE SEGURIDAD DESTINADAS PARA EL EFECTO.,ATROPELLOS,BUS,0,0,1,0,0,0,0,0,0,0,0,0,0,1,28,MUJER,LESIONADO,PEATON,NO,NO,0
14218,44585,44586,2018,1,0,-0.182997,-78.503721,PICHINCHA,QUITO,QUITO,URBANA,2018-08-15,12:05:00,12,MIERCOLES,3,AGOSTO,8,NO,NO TRANSITAR POR LAS ACERAS O ZONAS DE SEGURIDAD DESTINADAS PARA EL EFECTO.,ATROPELLOS,NO IDENTIFICADO,0,0,0,0,0,0,0,0,0,1,0,0,0,1,59,MUJER,LESIONADO,PEATON,NO,NO,0
14219,44590,44591,2018,0,1,-0.254686,-78.504316,PICHINCHA,QUITO,QUITO,URBANA,2018-08-15,14:00:00,14,MIERCOLES,3,AGOSTO,8,NO,NO TRANSITAR POR LAS ACERAS O ZONAS DE SEGURIDAD DESTINADAS PARA EL EFECTO.,ATROPELLOS,AUTOMOVIL,1,0,0,0,0,0,0,0,0,0,0,0,0,1,78,HOMBRE,FALLECIDO,PEATON,NO,NO,0
14220,44593,44594,2018,0,1,-0.337404,-78.438127,PICHINCHA,RUMINIAHUI,SANGOLQUI,URBANA,2018-08-15,14:20:00,14,MIERCOLES,3,AGOSTO,8,NO,NO TRANSITAR POR LAS ACERAS O ZONAS DE SEGURIDAD DESTINADAS PARA EL EFECTO.,ATROPELLOS,NO IDENTIFICADO,0,0,0,0,0,0,0,0,0,1,0,0,0,1,83,HOMBRE,FALLECIDO,PEATON,NO,NO,0
14221,44596,44597,2018,1,0,-0.176919,-78.477841,PICHINCHA,QUITO,QUITO,URBANA,2018-08-15,15:20:00,15,MIERCOLES,3,AGOSTO,8,NO,CONDUCIR VEHICULO SUPERANDO LOS LIMITES MAXIMOS DE VELOCIDAD.,CAIDA DE PASAJERO,BUS,0,0,1,0,0,0,0,0,0,0,0,0,0,1,60,MUJER,LESIONADO,PASAJERO,NO,NO,0
14222,44599,44600,2018,1,0,-0.108393,-78.474029,PICHINCHA,QUITO,QUITO,URBANA,2018-08-15,17:00:00,17,MIERCOLES,3,AGOSTO,8,NO,NO CEDER EL DERECHO DE VIA O PREFERENCIA DE PASO A VEHICULOS.,ROZAMIENTOS,BUS,1,0,1,0,0,0,0,0,1,0,0,0,0,3,30,HOMBRE,LESIONADO,CONDUCTOR PRESENTE,NO,NO,0
14223,44601,44602,2018,1,0,-0.169472,-78.488355,PICHINCHA,QUITO,QUITO,URBANA,2018-08-15,17:18:00,17,MIERCOLES,3,AGOSTO,8,NO,NO MANTENER LA DISTANCIA PRUDENCIAL CON RESPECTO AL VEHICULO QUE LE ANTECEDE.,CHOQUE POSTERIOR,AUTOMOVIL,1,0,0,0,0,0,0,0,1,0,0,0,0,2,37,HOMBRE,LESIONADO,CONDUCTOR PRESENTE,NO,NO,0
14224,44606,44607,2018,0,0,-0.190035,-78.338198,PICHINCHA,QUITO,TABABELA,RURAL,2018-08-15,18:30:00,18,MIERCOLES,3,AGOSTO,8,NO,NO GUARDAR LA DISTANCIA LATERAL MINIMA DE SEGURIDAD ENTRE VEHICULOS.,CHOQUE LATERAL,AUTOMOVIL,2,0,0,0,0,0,0,0,0,0,0,0,0,2,22,HOMBRE,ILESO,CONDUCTOR PRESENTE,NO,NO,3
14225,44614,44615,2018,1,0,-0.231141,-78.503901,PICHINCHA,QUITO,QUITO,URBANA,2018-08-15,23:00:00,23,MIERCOLES,3,AGOSTO,8,NO,"CONDUCE BAJO LA INFLUENCIA DE ALCOHOL, SUSTANCIAS ESTUPEFACIENTES O PSICOTROPICAS Y/O MEDICAMENTOS.",ESTRELLAMIENTOS,MOTOCICLETA,0,0,0,0,0,0,0,0,1,0,0,0,0,1,26,MUJER,LESIONADO,PASAJERO,NO,NO,0
14226,44616,44617,2018,0,0,-0.206789,-78.490391,PICHINCHA,QUITO,QUITO,URBANA,2018-08-16,01:00:00,1,JUEVES,4,AGOSTO,8,NO,NO GUARDAR LA DISTANCIA LATERAL MINIMA DE SEGURIDAD ENTRE VEHICULOS.,CHOQUE LATERAL,AUTOMOVIL,1,0,0,0,0,0,0,0,0,0,0,0,1,2,36,HOMBRE,ILESO,CONDUCTOR PRESENTE,NO,NO,0
14227,44620,44621,2018,1,0,-0.261849,-78.543747,PICHINCHA,QUITO,QUITO,URBANA,2018-08-16,04:58:00,4,JUEVES,4,AGOSTO,8,NO,NO MANTENER LA DISTANCIA PRUDENCIAL CON RESPECTO AL VEHICULO QUE LE ANTECEDE.,CHOQUE POSTERIOR,MOTOCICLETA,0,0,0,1,0,0,0,0,1,0,0,0,0,2,30,HOMBRE,LESIONADO,CONDUCTOR PRESENTE,NO,NO,0
14228,44623,44624,2018,0,0,-0.220801,-78.517301,PICHINCHA,QUITO,QUITO,URBANA,2018-08-16,05:49:00,5,JUEVES,4,AGOSTO,8,NO,"CONDUCE BAJO LA INFLUENCIA DE ALCOHOL, SUSTANCIAS ESTUPEFACIENTES O PSICOTROPICAS Y/O MEDICAMENTOS.",CHOQUE LATERAL,AUTOMOVIL,2,0,0,0,0,0,0,0,0,0,0,0,0,2,24,HOMBRE,ILESO,CONDUCTOR PRESENTE,NO,NO,0
14229,44649,44650,2018,2,0,-0.252561,-78.523092,PICHINCHA,QUITO,QUITO,URBANA,2018-08-16,14:00:00,14,JUEVES,4,AGOSTO,8,NO,PEATON QUE CRUZA LA CALZADA SIN RESPETAR LA SENIALIZACION EXISTENTE (SEMAFOROS O SENIALES MANUALES).,ATROPELLOS,MOTOCICLETA,0,0,0,0,0,0,0,0,1,0,0,0,0,1,31,HOMBRE,LESIONADO,CONDUCTOR PRESENTE,NO,NO,0
14230,44650,44651,2018,1,0,-0.238118,-78.509148,PICHINCHA,QUITO,QUITO,URBANA,2018-08-16,14:10:00,14,JUEVES,4,AGOSTO,8,NO,CONDUCIR VEHICULO SUPERANDO LOS LIMITES MAXIMOS DE VELOCIDAD.,CHOQUE LATERAL,CAMIONETA,0,0,0,0,1,0,0,0,1,0,0,0,0,2,45,HOMBRE,LESIONADO,CONDUCTOR PRESENTE,NO,NO,0
14231,44652,44653,2018,0,0,-0.249727,-78.535719,PICHINCHA,QUITO,QUITO,URBANA,2018-08-16,15:00:00,15,JUEVES,4,AGOSTO,8,NO,"NO RESPETAR LAS SENIALES REGLAMENTARIAS DE TRANSITO. (PARE, CEDA EL PASO, LUZ ROJA DEL SEMAFORO, ETC).",CHOQUE LATERAL,AUTOMOVIL,2,0,0,0,0,0,0,0,0,0,0,0,0,2,30,MUJER,ILESO,CONDUCTOR PRESENTE,NO,NO,0
14232,44656,44657,2018,0,0,-0.109721,-78.498681,PICHINCHA,QUITO,QUITO,URBANA,2018-08-16,16:25:00,16,JUEVES,4,AGOSTO,8,NO,CONDUCIR VEHICULO SUPERANDO LOS LIMITES MAXIMOS DE VELOCIDAD.,CHOQUE LATERAL,MOTOCICLETA,1,0,0,0,0,0,0,0,1,0,0,0,0,2,22,HOMBRE,ILESO,CONDUCTOR PRESENTE,NO,NO,0
14233,44662,44663,2018,1,0,-0.123564,-78.503309,PICHINCHA,QUITO,QUITO,URBANA,2018-08-16,18:35:00,18,JUEVES,4,AGOSTO,8,NO,"CONDUCE BAJO LA INFLUENCIA DE ALCOHOL, SUSTANCIAS ESTUPEFACIENTES O PSICOTROPICAS Y/O MEDICAMENTOS.",ESTRELLAMIENTOS,AUTOMOVIL,2,0,0,0,1,0,0,0,0,0,0,0,0,3,22,HOMBRE,LESIONADO,CONDUCTOR PRESENTE,NO,NO,0
14234,44669,44670,2018,2,0,-0.224383,-78.496887,PICHINCHA,QUITO,QUITO,URBANA,2018-08-17,00:05:00,0,VIERNES,5,AGOSTO,8,NO,"CONDUCE BAJO LA INFLUENCIA DE ALCOHOL, SUSTANCIAS ESTUPEFACIENTES O PSICOTROPICAS Y/O MEDICAMENTOS.",VOLCAMIENTOS,MOTOCICLETA,0,0,0,0,0,0,0,0,1,0,0,0,0,1,32,HOMBRE,LESIONADO,CONDUCTOR PRESENTE,NO,NO,0
14235,44673,44674,2018,0,0,-0.111364,-78.489754,PICHINCHA,QUITO,QUITO,URBANA,2018-08-17,01:26:00,1,VIERNES,5,AGOSTO,8,NO,NO GUARDAR LA DISTANCIA LATERAL MINIMA DE SEGURIDAD ENTRE VEHICULOS.,CHOQUE LATERAL,CAMIONETA,1,0,0,0,1,0,0,0,0,0,0,0,0,2,47,HOMBRE,ILESO,CONDUCTOR PRESENTE,NO,NO,0
14236,44675,44676,2018,2,0,-0.205947,-78.492626,PICHINCHA,QUITO,QUITO,URBANA,2018-08-17,02:20:00,2,VIERNES,5,AGOSTO,8,NO,"NO RESPETAR LAS SENIALES REGLAMENTARIAS DE TRANSITO. (PARE, CEDA EL PASO, LUZ ROJA DEL SEMAFORO, ETC).",CHOQUE LATERAL,AUTOMOVIL,2,0,0,0,0,0,0,0,0,0,0,0,0,2,49,HOMBRE,LESIONADO,CONDUCTOR PRESENTE,NO,NO,0
14237,44677,44678,2018,0,0,-0.263425,-78.542106,PICHINCHA,QUITO,QUITO,URBANA,2018-08-17,05:50:00,5,VIERNES,5,AGOSTO,8,NO,"NO RESPETAR LAS SENIALES REGLAMENTARIAS DE TRANSITO. (PARE, CEDA EL PASO, LUZ ROJA DEL SEMAFORO, ETC).",ESTRELLAMIENTOS,CAMIONETA,0,0,0,0,1,0,0,0,0,0,0,0,0,1,29,HOMBRE,ILESO,CONDUCTOR PRESENTE,NO,NO,0
14238,44680,44681,2018,0,0,-0.190265,-78.481543,PICHINCHA,QUITO,QUITO,URBANA,2018-08-17,06:40:00,6,VIERNES,5,AGOSTO,8,NO,"NO RESPETAR LAS SENIALES REGLAMENTARIAS DE TRANSITO. (PARE, CEDA EL PASO, LUZ ROJA DEL SEMAFORO, ETC).",CHOQUE LATERAL,MOTOCICLETA,0,0,1,0,0,0,0,0,1,0,0,0,0,2,36,HOMBRE,ILESO,CONDUCTOR PRESENTE,NO,NO,0
14239,44686,44687,2018,2,0,-0.264263,-78.550014,PICHINCHA,QUITO,QUITO,URBANA,2018-08-17,07:35:00,7,VIERNES,5,AGOSTO,8,NO,NO TRANSITAR POR LAS ACERAS O ZONAS DE SEGURIDAD DESTINADAS PARA EL EFECTO.,ATROPELLOS,MOTOCICLETA,0,0,0,0,0,0,0,0,1,0,0,0,0,1,23,HOMBRE,LESIONADO,CONDUCTOR PRESENTE,NO,NO,0
14240,44690,44691,2018,1,0,-0.110807,-78.497718,PICHINCHA,QUITO,QUITO,URBANA,2018-08-17,08:00:00,8,VIERNES,5,AGOSTO,8,NO,"CONDUCIR DESATENTO A LAS CONDICIONES DE TRANSITO (CELULAR, PANTALLAS DE VIDEO, COMIDA, MAQUILLAJE O CUALQUIER OTRO ELEMENTO DISTRACTOR).",CHOQUE LATERAL,AUTOMOVIL,1,0,0,0,0,0,0,0,1,0,0,0,0,2,38,MUJER,LESIONADO,CONDUCTOR PRESENTE,NO,NO,0
14241,44691,44692,2018,0,0,-0.144229,-78.469532,PICHINCHA,QUITO,QUITO,URBANA,2018-08-17,08:10:00,8,VIERNES,5,AGOSTO,8,NO,PEATON QUE CRUZA LA CALZADA SIN RESPETAR LA SENIALIZACION EXISTENTE (SEMAFOROS O SENIALES MANUALES).,ATROPELLOS,AUTOMOVIL,1,0,0,0,0,0,0,0,0,0,0,0,0,1,41,HOMBRE,ILESO,CONDUCTOR PRESENTE,NO,NO,0
14242,44699,44700,2018,0,0,-0.202315,-78.490064,PICHINCHA,QUITO,QUITO,URBANA,2018-08-17,10:10:00,10,VIERNES,5,AGOSTO,8,NO,CONDUCIR VEHICULO SUPERANDO LOS LIMITES MAXIMOS DE VELOCIDAD.,CHOQUE LATERAL,AUTOMOVIL,2,0,0,0,0,0,0,0,0,0,0,0,0,2,35,HOMBRE,ILESO,CONDUCTOR PRESENTE,NO,NO,0
14243,44700,44701,2018,0,0,-0.305347,-78.459171,PICHINCHA,RUMINIAHUI,SANGOLQUI,URBANA,2018-08-17,10:37:00,10,VIERNES,5,AGOSTO,8,NO,NO GUARDAR LA DISTANCIA LATERAL MINIMA DE SEGURIDAD ENTRE VEHICULOS.,CHOQUE LATERAL,VEHICULO DEPORTIVO UTILITARIO,1,0,0,0,0,0,0,0,0,0,0,0,1,2,37,HOMBRE,ILESO,CONDUCTOR PRESENTE,NO,NO,0
14244,44701,44702,2018,1,0,-0.199767,-78.428809,PICHINCHA,QUITO,CUMBAYA,URBANA,2018-08-17,10:50:00,10,VIERNES,5,AGOSTO,8,NO,CONDUCIR VEHICULO SUPERANDO LOS LIMITES MAXIMOS DE VELOCIDAD.,CHOQUE LATERAL,MOTOCICLETA,0,0,0,0,0,0,0,0,1,0,0,0,0,1,22,HOMBRE,LESIONADO,CONDUCTOR PRESENTE,NO,NO,0
14245,44704,44705,2018,1,0,-0.208526,-78.487915,PICHINCHA,QUITO,QUITO,URBANA,2018-08-17,12:00:00,12,VIERNES,5,AGOSTO,8,NO,NO GUARDAR LA DISTANCIA LATERAL MINIMA DE SEGURIDAD ENTRE VEHICULOS.,CHOQUE LATERAL,NO IDENTIFICADO,0,0,0,0,0,0,0,0,0,1,0,0,0,1,40,HOMBRE,LESIONADO,PASAJERO,NO,NO,0
14246,44705,44706,2018,0,0,-0.208112,-78.503281,PICHINCHA,QUITO,QUITO,URBANA,2018-08-17,12:10:00,12,VIERNES,5,AGOSTO,8,NO,CONDUCIR VEHICULO SUPERANDO LOS LIMITES MAXIMOS DE VELOCIDAD.,CHOQUE LATERAL,AUTOMOVIL,2,0,0,0,0,0,0,0,0,0,0,0,0,2,38,MUJER,ILESO,CONDUCTOR PRESENTE,NO,NO,0
14247,44707,44708,2018,2,0,-0.266329,-78.543539,PICHINCHA,QUITO,QUITO,URBANA,2018-08-17,13:06:00,13,VIERNES,5,AGOSTO,8,NO,NO MANTENER LA DISTANCIA PRUDENCIAL CON RESPECTO AL VEHICULO QUE LE ANTECEDE.,CHOQUE POSTERIOR,MOTOCICLETA,0,0,0,1,0,0,0,0,1,0,0,0,0,2,24,HOMBRE,LESIONADO,CONDUCTOR PRESENTE,NO,NO,0