,Unnamed: 0,ID,ANIO,LESIONADOS,FALLECIDOS,LATITUD_Y,LONGITUD_X,PROVINCIA,CANTON,PARROQUIA,ZONA,FECHA,HORA,PERIODO_2,DIA_1,DIA_2,MES_1,MES_2,FERIADO,CAUSA_PROBABLE,TIPO_DE_SINIESTRO,TIPO_DE_VEHICULO_1,AUTOMOVIL,BICICLETA,BUS,CAMION,CAMIONETA,EMERGENCIAS,ESPECIAL,FURGONETA,MOTOCICLETA,NO_IDENTIFICADO,SCOOTER_ELECTRICO,TRICIMOTO,VEHICULO_DEPORTIVO_UTILITARIO,SUMA_DE_VEHICULOS,EDAD_1,SEXO_1,CONDICION_1,PARTICIPANTE_1,CASCO_1,CINTURON_1,KMeans_Cluster
14248,44711,44712,2018,0,0,-0.188521,-78.448239,PICHINCHA,QUITO,NAYON,URBANA,2018-08-17,14:45:00,14,VIERNES,5,AGOSTO,8,NO,"CONDUCE BAJO LA INFLUENCIA DE ALCOHOL, SUSTANCIAS ESTUPEFACIENTES O PSICOTROPICAS Y/O MEDICAMENTOS.",CHOQUE LATERAL,CAMION,0,0,0,1,1,0,0,0,0,0,0,0,0,2,42,HOMBRE,ILESO,CONDUCTOR PRESENTE,NO,NO,0
14249,44719,44720,2018,1,0,-0.135484,-78.486585,PICHINCHA,QUITO,QUITO,URBANA,2018-08-17,16:30:00,16,VIERNES,5,AGOSTO,8,NO,NO GUARDAR LA DISTANCIA LATERAL MINIMA DE SEGURIDAD ENTRE VEHICULOS.,CHOQUE LATERAL,MOTOCICLETA,1,0,0,0,0,0,0,0,1,0,0,0,0,2,31,HOMBRE,LESIONADO,CONDUCTOR PRESENTE,NO,NO,0
14250,44725,44726,2018,0,0,-0.106969,-78.461374,PICHINCHA,QUITO,QUITO,URBANA,2018-08-17,18:40:00,18,VIERNES,5,AGOSTO,8,NO,NO CEDER EL DERECHO DE VIA O PREFERENCIA DE PASO A VEHICULOS.,CHOQUE POSTERIOR,FURGONETA,0,0,0,0,0,0,0,1,0,0,0,0,0,1,70,HOMBRE,ILESO,CONDUCTOR PRESENTE,NO,NO,0
14251,44726,44727,2018,5,0,-0.442008,-78.712742,PICHINCHA,MEJIA,ALOAG,RURAL,2018-08-17,18:50:00,18,VIERNES,5,AGOSTO,8,NO,"CONDUCIR DESATENTO A LAS CONDICIONES DE TRANSITO (CELULAR, PANTALLAS DE VIDEO, COMIDA, MAQUILLAJE O CUALQUIER OTRO ELEMENTO DISTRACTOR).",ESTRELLAMIENTOS,CAMION,1,0,0,1,0,0,0,0,0,0,0,0,0,2,58,MUJER,LESIONADO,PASAJERO,NO,NO,3
14252,44727,44728,2018,1,0,-0.129197,-78.502315,PICHINCHA,QUITO,QUITO,URBANA,2018-08-17,18:55:00,18,VIERNES,5,AGOSTO,8,NO,NO CEDER EL DERECHO DE VIA O PREFERENCIA DE PASO AL PEATON.,ATROPELLOS,NO IDENTIFICADO,0,0,0,0,0,0,0,0,0,1,0,0,0,1,28,HOMBRE,LESIONADO,PEATON,NO,NO,0
14253,44728,44729,2018,9,3,-0.357274,-78.837561,PICHINCHA,MEJIA,MANUEL CORNEJO ASTORGA,RURAL,2018-08-17,19:00:00,19,VIERNES,5,AGOSTO,8,NO,"CONDUCIR DESATENTO A LAS CONDICIONES DE TRANSITO (CELULAR, PANTALLAS DE VIDEO, COMIDA, MAQUILLAJE O CUALQUIER OTRO ELEMENTO DISTRACTOR).",CHOQUE FRONTAL,CAMION,0,0,1,1,0,0,0,0,0,0,0,0,0,2,65,HOMBRE,FALLECIDO,PASAJERO,NO,NO,3
14254,44730,44731,2018,1,0,-0.297773,-78.524662,PICHINCHA,QUITO,QUITO,URBANA,2018-08-17,19:14:00,19,VIERNES,5,AGOSTO,8,NO,NO TRANSITAR POR LAS ACERAS O ZONAS DE SEGURIDAD DESTINADAS PARA EL EFECTO.,ATROPELLOS,NO IDENTIFICADO,0,0,0,0,0,0,0,0,0,1,0,0,0,1,71,MUJER,LESIONADO,PEATON,NO,NO,0
14255,44735,44736,2018,1,0,-0.222596,-78.416981,PICHINCHA,QUITO,TUMBACO,URBANA,2018-08-17,21:00:00,21,VIERNES,5,AGOSTO,8,NO,CONDUCIR VEHICULO SUPERANDO LOS LIMITES MAXIMOS DE VELOCIDAD.,OTROS,AUTOMOVIL,1,0,0,0,0,0,0,0,0,0,0,0,0,1,50,HOMBRE,LESIONADO,CONDUCTOR PRESENTE,NO,NO,0
14256,44737,44738,2018,1,0,-0.116581,-78.461093,PICHINCHA,QUITO,QUITO,URBANA,2018-08-17,21:30:00,21,VIERNES,5,AGOSTO,8,NO,"CONDUCIR DESATENTO A LAS CONDICIONES DE TRANSITO (CELULAR, PANTALLAS DE VIDEO, COMIDA, MAQUILLAJE O CUALQUIER OTRO ELEMENTO DISTRACTOR).",PERDIDA DE CARRIL,MOTOCICLETA,0,0,0,0,0,0,0,0,1,0,0,0,0,1,34,HOMBRE,LESIONADO,CONDUCTOR PRESENTE,NO,NO,0
14257,44739,44740,2018,0,0,-0.271571,-78.528881,PICHINCHA,QUITO,QUITO,URBANA,2018-08-17,22:20:00,22,VIERNES,5,AGOSTO,8,NO,NO GUARDAR LA DISTANCIA LATERAL MINIMA DE SEGURIDAD ENTRE VEHICULOS.,CHOQUE LATERAL,BUS,1,0,1,0,0,0,0,0,0,0,0,0,0,2,69,HOMBRE,ILESO,CONDUCTOR PRESENTE,NO,NO,0
14258,44742,44743,2018,0,0,-0.108629,-78.454009,PICHINCHA,QUITO,CALDERON (CARAPUNGO),URBANA,2018-08-17,23:30:00,23,VIERNES,5,AGOSTO,8,NO,"FALLA MECANICA EN LOS SISTEMAS Y/O NEUMATICOS (SISTEMA DE FRENOS, DIRECCION, ELECTRONICO O MECANICO).",VOLCAMIENTOS,AUTOMOVIL,1,0,0,0,0,0,0,0,0,0,0,0,0,1,-1,NO IDENTIFICADO,NO IDENTIFICADO,CONDUCTOR AUSENTE,NO,NO,2
14259,44744,44745,2018,0,0,-0.129197,-78.502315,PICHINCHA,QUITO,QUITO,URBANA,2018-08-17,23:40:00,23,VIERNES,5,AGOSTO,8,NO,"FALLA MECANICA EN LOS SISTEMAS Y/O NEUMATICOS (SISTEMA DE FRENOS, DIRECCION, ELECTRONICO O MECANICO).",VOLCAMIENTOS,CAMION,0,0,0,1,0,0,0,0,0,0,0,0,0,1,-1,NO IDENTIFICADO,NO IDENTIFICADO,CONDUCTOR AUSENTE,NO,NO,2
14260,44745,44746,2018,0,0,-0.295606,-78.563091,PICHINCHA,QUITO,QUITO,URBANA,2018-08-17,23:40:00,23,VIERNES,5,AGOSTO,8,NO,NO MANTENER LA DISTANCIA PRUDENCIAL CON RESPECTO AL VEHICULO QUE LE ANTECEDE.,CHOQUE POSTERIOR,AUTOMOVIL,2,0,0,0,0,0,0,0,0,0,0,0,0,2,22,HOMBRE,ILESO,CONDUCTOR PRESENTE,NO,NO,0
14261,44746,44747,2018,0,0,-0.318763,-78.548085,PICHINCHA,QUITO,QUITO,URBANA,2018-08-18,00:00:00,0,SABADO,6,AGOSTO,8,NO,"CONDUCIR EN ESTADO DE SOMNOLENCIA O MALAS CONDICIONES FISICAS (SUENIO, CANSANCIO Y FATIGA).",ESTRELLAMIENTOS,AUTOMOVIL,1,0,0,0,0,0,0,0,0,0,0,0,0,1,41,HOMBRE,ILESO,CONDUCTOR PRESENTE,NO,NO,0
14262,44749,44750,2018,0,0,-0.244435,-78.482089,PICHINCHA,QUITO,QUITO,URBANA,2018-08-18,00:30:00,0,SABADO,6,AGOSTO,8,NO,NO GUARDAR LA DISTANCIA LATERAL MINIMA DE SEGURIDAD ENTRE VEHICULOS.,CHOQUE LATERAL,AUTOMOVIL,2,0,0,0,0,0,0,0,0,0,0,0,0,2,22,HOMBRE,ILESO,CONDUCTOR PRESENTE,NO,NO,0
14263,44750,44751,2018,0,0,-0.162235,-78.485742,PICHINCHA,QUITO,QUITO,URBANA,2018-08-18,00:40:00,0,SABADO,6,AGOSTO,8,NO,"NO RESPETAR LAS SENIALES REGLAMENTARIAS DE TRANSITO. (PARE, CEDA EL PASO, LUZ ROJA DEL SEMAFORO, ETC).",ESTRELLAMIENTOS,AUTOMOVIL,1,0,0,0,0,0,0,0,0,0,0,0,0,1,-1,NO IDENTIFICADO,NO IDENTIFICADO,CONDUCTOR AUSENTE,NO,NO,2
14264,44753,44754,2018,0,0,-0.112906,-78.494742,PICHINCHA,QUITO,QUITO,URBANA,2018-08-18,01:40:00,1,SABADO,6,AGOSTO,8,NO,"CONDUCE BAJO LA INFLUENCIA DE ALCOHOL, SUSTANCIAS ESTUPEFACIENTES O PSICOTROPICAS Y/O MEDICAMENTOS.",ESTRELLAMIENTOS,AUTOMOVIL,1,0,0,0,0,0,0,0,0,0,0,0,0,1,23,HOMBRE,ILESO,CONDUCTOR PRESENTE,NO,NO,0
14265,44755,44756,2018,1,0,-0.140769,-78.470153,PICHINCHA,QUITO,QUITO,URBANA,2018-08-18,02:00:00,2,SABADO,6,AGOSTO,8,NO,NO MANTENER LA DISTANCIA PRUDENCIAL CON RESPECTO AL VEHICULO QUE LE ANTECEDE.,CHOQUE POSTERIOR,MOTOCICLETA,1,0,0,0,0,0,0,0,1,0,0,0,0,2,26,HOMBRE,LESIONADO,CONDUCTOR PRESENTE,NO,NO,0
14266,44756,44757,2018,1,0,-0.202389,-78.497765,PICHINCHA,QUITO,QUITO,URBANA,2018-08-18,02:25:00,2,SABADO,6,AGOSTO,8,NO,NO CEDER EL DERECHO DE VIA O PREFERENCIA DE PASO AL PEATON.,ATROPELLOS,AUTOMOVIL,1,0,0,0,0,0,0,0,0,0,0,0,0,1,26,HOMBRE,LESIONADO,PEATON,NO,NO,0
14267,44757,44758,2018,0,0,-0.334079,-78.440701,PICHINCHA,RUMINIAHUI,SANGOLQUI,URBANA,2018-08-18,02:30:00,2,SABADO,6,AGOSTO,8,NO,"CONDUCE BAJO LA INFLUENCIA DE ALCOHOL, SUSTANCIAS ESTUPEFACIENTES O PSICOTROPICAS Y/O MEDICAMENTOS.",ESTRELLAMIENTOS,AUTOMOVIL,1,0,0,0,0,0,0,0,0,0,0,0,0,1,-1,NO IDENTIFICADO,NO IDENTIFICADO,CONDUCTOR AUSENTE,NO,NO,2
14268,44758,44759,2018,0,0,-0.159305,-78.456232,PICHINCHA,QUITO,QUITO,URBANA,2018-08-18,03:15:00,3,SABADO,6,AGOSTO,8,NO,CONDUCIR VEHICULO SUPERANDO LOS LIMITES MAXIMOS DE VELOCIDAD.,ESTRELLAMIENTOS,AUTOMOVIL,1,0,0,0,0,0,0,0,0,0,0,0,0,1,-1,NO IDENTIFICADO,NO IDENTIFICADO,CONDUCTOR AUSENTE,NO,NO,2
14269,44759,44760,2018,0,0,-0.246947,-78.523162,PICHINCHA,QUITO,QUITO,URBANA,2018-08-18,03:15:00,3,SABADO,6,AGOSTO,8,NO,"NO RESPETAR LAS SENIALES REGLAMENTARIAS DE TRANSITO. (PARE, CEDA EL PASO, LUZ ROJA DEL SEMAFORO, ETC).",ESTRELLAMIENTOS,AUTOMOVIL,1,0,0,0,0,0,0,0,0,0,0,0,0,1,-1,NO IDENTIFICADO,NO IDENTIFICADO,CONDUCTOR AUSENTE,NO,NO,2
14270,44760,44761,2018,0,0,-0.329637,-78.429931,PICHINCHA,RUMINIAHUI,SANGOLQUI,RURAL,2018-08-18,03:15:00,3,SABADO,6,AGOSTO,8,NO,"CONDUCIR DESATENTO A LAS CONDICIONES DE TRANSITO (CELULAR, PANTALLAS DE VIDEO, COMIDA, MAQUILLAJE O CUALQUIER OTRO ELEMENTO DISTRACTOR).",ESTRELLAMIENTOS,VEHICULO DEPORTIVO UTILITARIO,0,0,0,0,0,0,0,0,0,0,0,0,1,1,31,HOMBRE,ILESO,CONDUCTOR PRESENTE,NO,NO,3
14271,44762,44763,2018,1,0,-0.236673,-78.338194,PICHINCHA,QUITO,PIFO,URBANA,2018-08-18,03:20:00,3,SABADO,6,AGOSTO,8,NO,CONDUCIR VEHICULO SUPERANDO LOS LIMITES MAXIMOS DE VELOCIDAD.,VOLCAMIENTOS,AUTOMOVIL,1,0,0,0,0,0,0,0,0,0,0,0,0,1,31,HOMBRE,LESIONADO,PASAJERO,NO,NO,0
14272,44763,44764,2018,1,0,-0.172505,-78.487772,PICHINCHA,QUITO,QUITO,URBANA,2018-08-18,03:45:00,3,SABADO,6,AGOSTO,8,NO,NO CEDER EL DERECHO DE VIA O PREFERENCIA DE PASO AL PEATON.,ATROPELLOS,NO IDENTIFICADO,0,0,0,0,0,0,0,0,0,1,0,0,0,1,21,HOMBRE,LESIONADO,PEATON,NO,NO,0
14273,44768,44769,2018,0,0,-0.291144,-78.545957,PICHINCHA,QUITO,QUITO,URBANA,2018-08-18,04:40:00,4,SABADO,6,AGOSTO,8,NO,"NO RESPETAR LAS SENIALES REGLAMENTARIAS DE TRANSITO. (PARE, CEDA EL PASO, LUZ ROJA DEL SEMAFORO, ETC).",ESTRELLAMIENTOS,AUTOMOVIL,1,0,0,0,0,0,0,0,0,0,0,0,0,1,-1,NO IDENTIFICADO,NO IDENTIFICADO,CONDUCTOR AUSENTE,NO,NO,2
14274,44770,44771,2018,0,0,-0.130578,-78.310071,PICHINCHA,QUITO,CHECA (CHILPA),RURAL,2018-08-18,05:00:00,5,SABADO,6,AGOSTO,8,NO,"CONDUCIR DESATENTO A LAS CONDICIONES DE TRANSITO (CELULAR, PANTALLAS DE VIDEO, COMIDA, MAQUILLAJE O CUALQUIER OTRO ELEMENTO DISTRACTOR).",CHOQUE FRONTAL,AUTOMOVIL,1,0,0,1,0,0,0,0,0,0,0,0,0,2,28,HOMBRE,ILESO,CONDUCTOR PRESENTE,NO,NO,3
14275,44774,44775,2018,0,0,-0.199767,-78.428809,PICHINCHA,QUITO,CUMBAYA,URBANA,2018-08-18,06:00:00,6,SABADO,6,AGOSTO,8,NO,CONDUCIR VEHICULO SUPERANDO LOS LIMITES MAXIMOS DE VELOCIDAD.,PERDIDA DE CARRIL,AUTOMOVIL,1,0,0,0,0,0,0,0,0,0,0,0,0,1,-1,NO IDENTIFICADO,NO IDENTIFICADO,CONDUCTOR AUSENTE,NO,NO,2
14276,44775,44776,2018,0,0,-0.164882,-78.453261,PICHINCHA,QUITO,QUITO,URBANA,2018-08-18,06:36:00,6,SABADO,6,AGOSTO,8,NO,"CONDUCIR EN ESTADO DE SOMNOLENCIA O MALAS CONDICIONES FISICAS (SUENIO, CANSANCIO Y FATIGA).",ESTRELLAMIENTOS,AUTOMOVIL,1,0,0,0,0,0,0,0,0,0,0,0,0,1,24,HOMBRE,ILESO,PASAJERO,NO,NO,0
14277,44783,44784,2018,1,0,-0.260632,-78.548481,PICHINCHA,QUITO,QUITO,URBANA,2018-08-18,09:15:00,9,SABADO,6,AGOSTO,8,NO,NO CEDER EL DERECHO DE VIA O PREFERENCIA DE PASO AL PEATON.,ATROPELLOS,NO IDENTIFICADO,0,0,0,0,0,0,0,0,0,1,0,0,0,1,27,HOMBRE,LESIONADO,PEATON,NO,NO,0
14278,44784,44785,2018,6,0,-0.108255,-78.461338,PICHINCHA,QUITO,CALDERON (CARAPUNGO),URBANA,2018-08-18,10:05:00,10,SABADO,6,AGOSTO,8,NO,CONDUCIR VEHICULO SUPERANDO LOS LIMITES MAXIMOS DE VELOCIDAD.,CHOQUE LATERAL,CAMIONETA,0,0,0,1,1,0,0,0,0,0,0,0,0,2,5,HOMBRE,LESIONADO,PASAJERO,NO,NO,0
14279,44786,44787,2018,0,0,-0.137645,-78.501298,PICHINCHA,QUITO,QUITO,URBANA,2018-08-18,10:50:00,10,SABADO,6,AGOSTO,8,NO,CONDUCIR VEHICULO SUPERANDO LOS LIMITES MAXIMOS DE VELOCIDAD.,ESTRELLAMIENTOS,AUTOMOVIL,2,0,0,0,0,0,0,0,0,0,0,0,0,2,25,HOMBRE,ILESO,CONDUCTOR PRESENTE,NO,NO,0
14280,44791,44792,2018,0,0,-0.163073,-78.462598,PICHINCHA,QUITO,QUITO,URBANA,2018-08-18,12:14:00,12,SABADO,6,AGOSTO,8,NO,"PRESENCIA DE AGENTES EXTERNOS EN LA VIA (AGUA, ACEITE, PIEDRA, LASTRE, ESCOMBROS, MADEROS, ETC.).",CHOQUE POSTERIOR,AUTOMOVIL,3,0,0,0,0,0,0,0,0,0,0,0,0,3,45,HOMBRE,ILESO,CONDUCTOR PRESENTE,NO,NO,0
14281,44795,44796,2018,1,0,-0.282438,-78.543773,PICHINCHA,QUITO,QUITO,URBANA,2018-08-18,15:13:00,15,SABADO,6,AGOSTO,8,NO,NO MANTENER LA DISTANCIA PRUDENCIAL CON RESPECTO AL VEHICULO QUE LE ANTECEDE.,CHOQUE POSTERIOR,MOTOCICLETA,0,0,0,0,0,0,0,0,1,1,0,0,0,2,26,HOMBRE,LESIONADO,PASAJERO,NO,NO,0
14282,44800,44801,2018,0,0,-0.067409,-78.418093,PICHINCHA,QUITO,CALDERON (CARAPUNGO),URBANA,2018-08-18,16:46:00,16,SABADO,6,AGOSTO,8,NO,"NO RESPETAR LAS SENIALES REGLAMENTARIAS DE TRANSITO. (PARE, CEDA EL PASO, LUZ ROJA DEL SEMAFORO, ETC).",CHOQUE LATERAL,AUTOMOVIL,1,0,0,0,1,0,0,0,0,0,0,0,0,2,53,HOMBRE,ILESO,CONDUCTOR PRESENTE,NO,NO,0
14283,44801,44802,2018,0,0,-0.271169,-78.541236,PICHINCHA,QUITO,QUITO,URBANA,2018-08-18,17:00:00,17,SABADO,6,AGOSTO,8,NO,"CONDUCE BAJO LA INFLUENCIA DE ALCOHOL, SUSTANCIAS ESTUPEFACIENTES O PSICOTROPICAS Y/O MEDICAMENTOS.",ROZAMIENTOS,AUTOMOVIL,1,0,0,0,1,0,0,0,0,0,0,0,0,2,23,MUJER,ILESO,CONDUCTOR PRESENTE,NO,NO,0
14284,44810,44811,2018,1,0,-0.358481,-78.480352,PICHINCHA,QUITO,AMAGUANIA,RURAL,2018-08-18,20:20:00,20,SABADO,6,AGOSTO,8,NO,CONDUCIR VEHICULO SUPERANDO LOS LIMITES MAXIMOS DE VELOCIDAD.,CHOQUE LATERAL,AUTOMOVIL,1,0,0,0,0,0,0,0,0,0,0,0,0,1,23,MUJER,LESIONADO,PASAJERO,NO,NO,3
14285,44816,44817,2018,0,0,-0.204592,-78.455984,PICHINCHA,QUITO,QUITO,URBANA,2018-08-18,21:16:00,21,SABADO,6,AGOSTO,8,NO,"CONDUCIR EN ESTADO DE SOMNOLENCIA O MALAS CONDICIONES FISICAS (SUENIO, CANSANCIO Y FATIGA).",CHOQUE LATERAL,CAMIONETA,1,0,0,0,1,0,0,0,0,0,0,0,0,2,28,HOMBRE,ILESO,CONDUCTOR PRESENTE,NO,NO,0
14286,44817,44818,2018,1,0,-0.146171,-78.493468,PICHINCHA,QUITO,QUITO,URBANA,2018-08-18,21:20:00,21,SABADO,6,AGOSTO,8,NO,NO CEDER EL DERECHO DE VIA O PREFERENCIA DE PASO AL PEATON.,ATROPELLOS,NO IDENTIFICADO,0,0,0,0,0,0,0,0,0,1,0,0,0,1,44,HOMBRE,LESIONADO,PEATON,NO,NO,0
14287,44818,44819,2018,1,0,-0.248411,-78.543071,PICHINCHA,QUITO,QUITO,URBANA,2018-08-18,21:35:00,21,SABADO,6,AGOSTO,8,NO,NO CEDER EL DERECHO DE VIA O PREFERENCIA DE PASO AL PEATON.,ATROPELLOS,NO IDENTIFICADO,0,0,0,0,0,0,0,0,0,1,0,0,0,1,78,MUJER,LESIONADO,PEATON,NO,NO,0
14288,44831,44832,2018,1,0,-0.268242,-78.546497,PICHINCHA,QUITO,QUITO,URBANA,2018-08-19,01:30:00,1,DOMINGO,7,AGOSTO,8,NO,"NO RESPETAR LAS SENIALES REGLAMENTARIAS DE TRANSITO. (PARE, CEDA EL PASO, LUZ ROJA DEL SEMAFORO, ETC).",CHOQUE LATERAL,MOTOCICLETA,1,0,0,0,0,0,0,0,1,0,0,0,0,2,34,HOMBRE,LESIONADO,PASAJERO,NO,NO,0
14289,44834,44835,2018,4,0,-0.292724,-78.476485,PICHINCHA,QUITO,CONOCOTO,URBANA,2018-08-19,02:30:00,2,DOMINGO,7,AGOSTO,8,NO,REALIZAR CAMBIO BRUSCO O INDEBIDO DE CARRIL.,ROZAMIENTOS,AUTOMOVIL,2,0,0,0,0,0,0,0,0,0,0,0,0,2,37,MUJER,LESIONADO,PASAJERO,NO,NO,0
14290,44837,44838,2018,1,0,-0.342039,-78.548834,PICHINCHA,QUITO,QUITO,URBANA,2018-08-19,03:00:00,3,DOMINGO,7,AGOSTO,8,NO,REALIZAR CAMBIO BRUSCO O INDEBIDO DE CARRIL.,ESTRELLAMIENTOS,MOTOCICLETA,0,0,0,0,0,0,0,0,1,0,0,0,0,1,32,HOMBRE,LESIONADO,CONDUCTOR PRESENTE,NO,NO,0
14291,44845,44846,2018,0,0,-0.263504,-78.506361,PICHINCHA,QUITO,QUITO,URBANA,2018-08-19,04:50:00,4,DOMINGO,7,AGOSTO,8,NO,CONDUCIR VEHICULO SUPERANDO LOS LIMITES MAXIMOS DE VELOCIDAD.,OTROS,CAMIONETA,0,0,0,0,1,0,0,0,0,0,0,0,0,1,-1,NO IDENTIFICADO,NO IDENTIFICADO,CONDUCTOR AUSENTE,NO,NO,2
14292,44850,44851,2018,1,0,-0.180103,-78.489284,PICHINCHA,QUITO,QUITO,URBANA,2018-08-19,05:45:00,5,DOMINGO,7,AGOSTO,8,NO,CONDUCIR VEHICULO SUPERANDO LOS LIMITES MAXIMOS DE VELOCIDAD.,VOLCAMIENTOS,NO IDENTIFICADO,0,0,0,0,0,0,0,0,0,1,0,0,0,1,37,HOMBRE,LESIONADO,CONDUCTOR PRESENTE,NO,NO,0
14293,44852,44853,2018,1,0,-0.154198,-78.471993,PICHINCHA,QUITO,QUITO,URBANA,2018-08-19,06:10:00,6,DOMINGO,7,AGOSTO,8,NO,"NO RESPETAR LAS SENIALES REGLAMENTARIAS DE TRANSITO. (PARE, CEDA EL PASO, LUZ ROJA DEL SEMAFORO, ETC).",ESTRELLAMIENTOS,AUTOMOVIL,1,0,0,0,0,0,0,0,0,0,0,0,0,1,24,HOMBRE,LESIONADO,PASAJERO,NO,NO,0
14294,44853,44854,2018,1,0,-0.304167,-78.542829,PICHINCHA,QUITO,QUITO,URBANA,2018-08-19,06:20:00,6,DOMINGO,7,AGOSTO,8,NO,"NO RESPETAR LAS SENIALES REGLAMENTARIAS DE TRANSITO. (PARE, CEDA EL PASO, LUZ ROJA DEL SEMAFORO, ETC).",PERDIDA DE CARRIL,MOTOCICLETA,0,0,0,0,0,0,0,0,1,0,0,0,0,1,27,HOMBRE,LESIONADO,PASAJERO,NO,NO,0
14295,44858,44859,2018,3,0,-0.250271,-78.512862,PICHINCHA,QUITO,QUITO,URBANA,2018-08-19,07:10:00,7,DOMINGO,7,AGOSTO,8,NO,"NO RESPETAR LAS SENIALES REGLAMENTARIAS DE TRANSITO. (PARE, CEDA EL PASO, LUZ ROJA DEL SEMAFORO, ETC).",ESTRELLAMIENTOS,FURGONETA,0,0,0,1,0,0,0,1,0,0,0,0,0,2,13,HOMBRE,LESIONADO,PASAJERO,NO,NO,0
14296,44862,44863,2018,1,0,-0.244278,-78.532972,PICHINCHA,QUITO,QUITO,URBANA,2018-08-19,09:10:00,9,DOMINGO,7,AGOSTO,8,NO,CONDUCIR VEHICULO SUPERANDO LOS LIMITES MAXIMOS DE VELOCIDAD.,VOLCAMIENTOS,BICICLETA,0,1,0,0,0,0,0,0,0,0,0,0,0,1,59,HOMBRE,LESIONADO,CONDUCTOR PRESENTE,NO,NO,0
14297,44863,44864,2018,0,0,-0.316052,-78.550996,PICHINCHA,QUITO,QUITO,URBANA,2018-08-19,09:15:00,9,DOMINGO,7,AGOSTO,8,NO,"NO RESPETAR LAS SENIALES REGLAMENTARIAS DE TRANSITO. (PARE, CEDA EL PASO, LUZ ROJA DEL SEMAFORO, ETC).",OTROS,AUTOMOVIL,1,0,0,0,0,0,0,0,0,0,0,0,0,1,-1,NO IDENTIFICADO,NO IDENTIFICADO,CONDUCTOR AUSENTE,NO,NO,2
14298,44866,44867,2018,0,0,-0.257423,-78.451871,PICHINCHA,QUITO,GUANGOPOLO,URBANA,2018-08-19,10:00:00,10,DOMINGO,7,AGOSTO,8,NO,"CONDUCE BAJO LA INFLUENCIA DE ALCOHOL, SUSTANCIAS ESTUPEFACIENTES O PSICOTROPICAS Y/O MEDICAMENTOS.",ROZAMIENTOS,AUTOMOVIL,1,0,1,0,0,0,0,0,0,0,0,0,0,2,34,HOMBRE,ILESO,CONDUCTOR PRESENTE,NO,NO,0
14299,44876,44877,2018,0,0,-0.105545,-78.434655,PICHINCHA,QUITO,CALDERON (CARAPUNGO),URBANA,2018-08-19,12:40:00,12,DOMINGO,7,AGOSTO,8,NO,"PRESENCIA DE AGENTES EXTERNOS EN LA VIA (AGUA, ACEITE, PIEDRA, LASTRE, ESCOMBROS, MADEROS, ETC.).",CHOQUE POSTERIOR,AUTOMOVIL,2,0,0,0,0,0,0,0,0,0,0,0,0,2,54,HOMBRE,ILESO,CONDUCTOR PRESENTE,NO,NO,0
14300,44889,44890,2018,1,0,-0.209238,-78.395424,PICHINCHA,QUITO,TUMBACO,URBANA,2018-08-19,18:45:00,18,DOMINGO,7,AGOSTO,8,NO,"NO RESPETAR LAS SENIALES REGLAMENTARIAS DE TRANSITO. (PARE, CEDA EL PASO, LUZ ROJA DEL SEMAFORO, ETC).",OTROS,NO IDENTIFICADO,0,0,0,0,0,0,0,0,0,1,0,0,0,1,56,HOMBRE,LESIONADO,PASAJERO,NO,NO,0
14301,44892,44893,2018,0,0,-0.255277,-78.490505,PICHINCHA,QUITO,QUITO,URBANA,2018-08-19,19:30:00,19,DOMINGO,7,AGOSTO,8,NO,CONDUCIR VEHICULO SUPERANDO LOS LIMITES MAXIMOS DE VELOCIDAD.,ESTRELLAMIENTOS,BUS,0,0,1,0,0,0,0,0,0,0,0,0,0,1,-1,NO IDENTIFICADO,NO IDENTIFICADO,CONDUCTOR AUSENTE,NO,NO,2
14302,44898,44899,2018,1,0,-0.230098,-78.505905,PICHINCHA,QUITO,QUITO,URBANA,2018-08-19,20:50:00,20,DOMINGO,7,AGOSTO,8,NO,BAJARSE O SUBIRSE DE VEHICULOS EN MOVIMIENTO SIN TOMAR LAS PRECAUCIONES DEBIDAS.,CAIDA DE PASAJERO,NO IDENTIFICADO,0,0,0,0,0,0,0,0,0,1,0,0,0,1,35,HOMBRE,LESIONADO,PASAJERO,NO,NO,0
14303,44900,44901,2018,1,0,-0.118853,-78.499087,PICHINCHA,QUITO,QUITO,URBANA,2018-08-19,21:00:00,21,DOMINGO,7,AGOSTO,8,NO,NO CEDER EL DERECHO DE VIA O PREFERENCIA DE PASO AL PEATON.,ATROPELLOS,NO IDENTIFICADO,0,0,0,0,0,0,0,0,0,1,0,0,0,1,30,MUJER,LESIONADO,PEATON,NO,NO,0
14304,44901,44902,2018,0,0,-0.256119,-78.544645,PICHINCHA,QUITO,QUITO,URBANA,2018-08-19,21:50:00,21,DOMINGO,7,AGOSTO,8,NO,"CONDUCE BAJO LA INFLUENCIA DE ALCOHOL, SUSTANCIAS ESTUPEFACIENTES O PSICOTROPICAS Y/O MEDICAMENTOS.",ESTRELLAMIENTOS,AUTOMOVIL,1,0,0,0,0,0,0,0,0,0,0,0,0,1,31,HOMBRE,ILESO,CONDUCTOR PRESENTE,NO,NO,0
14305,44902,44903,2018,0,1,-0.206863,-78.520936,PICHINCHA,QUITO,QUITO,URBANA,2018-08-19,23:00:00,23,DOMINGO,7,AGOSTO,8,NO,CONDUCIR VEHICULO SUPERANDO LOS LIMITES MAXIMOS DE VELOCIDAD.,ESTRELLAMIENTOS,MOTOCICLETA,0,0,0,0,0,0,0,0,1,0,0,0,0,1,35,HOMBRE,FALLECIDO,CONDUCTOR PRESENTE,NO,NO,0