,Unnamed: 0,ID,ANIO,LESIONADOS,FALLECIDOS,LATITUD_Y,LONGITUD_X,PROVINCIA,CANTON,PARROQUIA,ZONA,FECHA,HORA,PERIODO_2,DIA_1,DIA_2,MES_1,MES_2,FERIADO,CAUSA_PROBABLE,TIPO_DE_SINIESTRO,TIPO_DE_VEHICULO_1,AUTOMOVIL,BICICLETA,BUS,CAMION,CAMIONETA,EMERGENCIAS,ESPECIAL,FURGONETA,MOTOCICLETA,NO_IDENTIFICADO,SCOOTER_ELECTRICO,TRICIMOTO,VEHICULO_DEPORTIVO_UTILITARIO,SUMA_DE_VEHICULOS,EDAD_1,SEXO_1,CONDICION_1,PARTICIPANTE_1,CASCO_1,CINTURON_1,KMeans_Cluster
14306,44915,44916,2018,1,0,-0.208844,-78.335604,PICHINCHA,QUITO,YARUQUI,URBANA,2018-08-20,08:00:00,8,LUNES,1,AGOSTO,8,NO,NO TRANSITAR POR LAS ACERAS O ZONAS DE SEGURIDAD DESTINADAS PARA EL EFECTO.,ATROPELLOS,AUTOMOVIL,1,0,0,0,0,0,0,0,0,0,0,0,0,1,10,HOMBRE,LESIONADO,PEATON,NO,NO,0
14307,44916,44917,2018,0,0,-0.162924,-78.462943,PICHINCHA,QUITO,QUITO,URBANA,2018-08-20,08:30:00,8,LUNES,1,AGOSTO,8,NO,NO GUARDAR LA DISTANCIA LATERAL MINIMA DE SEGURIDAD ENTRE VEHICULOS.,ROZAMIENTOS,AUTOMOVIL,2,0,0,0,0,0,0,0,0,0,0,0,0,2,45,HOMBRE,ILESO,CONDUCTOR PRESENTE,NO,NO,0
14308,44917,44918,2018,0,0,-0.092011,-78.468802,PICHINCHA,QUITO,QUITO,URBANA,2018-08-20,08:30:00,8,LUNES,1,AGOSTO,8,NO,NO GUARDAR LA DISTANCIA LATERAL MINIMA DE SEGURIDAD ENTRE VEHICULOS.,CHOQUE LATERAL,AUTOMOVIL,2,0,0,0,0,0,0,0,0,0,0,0,0,2,38,MUJER,ILESO,CONDUCTOR PRESENTE,NO,NO,0
14309,44918,44919,2018,0,0,-0.141696,-78.474988,PICHINCHA,QUITO,QUITO,URBANA,2018-08-20,08:50:00,8,LUNES,1,AGOSTO,8,NO,"NO RESPETAR LAS SENIALES REGLAMENTARIAS DE TRANSITO. (PARE, CEDA EL PASO, LUZ ROJA DEL SEMAFORO, ETC).",CHOQUE POSTERIOR,AUTOMOVIL,1,0,0,0,1,0,0,0,0,0,0,0,0,2,34,HOMBRE,ILESO,CONDUCTOR PRESENTE,NO,NO,0
14310,44921,44922,2018,0,0,-0.304726,-78.565528,PICHINCHA,QUITO,QUITO,URBANA,2018-08-20,09:55:00,9,LUNES,1,AGOSTO,8,NO,CONDUCIR VEHICULO SUPERANDO LOS LIMITES MAXIMOS DE VELOCIDAD.,ESTRELLAMIENTOS,CAMIONETA,1,0,0,0,1,0,0,0,0,0,0,0,0,2,33,HOMBRE,ILESO,CONDUCTOR PRESENTE,NO,NO,0
14311,44926,44927,2018,1,0,-0.286581,-78.549902,PICHINCHA,QUITO,QUITO,URBANA,2018-08-20,12:45:00,12,LUNES,1,AGOSTO,8,NO,CONDUCIR VEHICULO SUPERANDO LOS LIMITES MAXIMOS DE VELOCIDAD.,ATROPELLOS,NO IDENTIFICADO,0,0,0,0,0,0,0,0,0,1,0,0,0,1,36,MUJER,LESIONADO,PEATON,NO,NO,0
14312,44938,44939,2018,0,0,-0.274223,-78.557919,PICHINCHA,QUITO,QUITO,URBANA,2018-08-20,15:49:00,15,LUNES,1,AGOSTO,8,NO,"NO RESPETAR LAS SENIALES REGLAMENTARIAS DE TRANSITO. (PARE, CEDA EL PASO, LUZ ROJA DEL SEMAFORO, ETC).",OTROS,MOTOCICLETA,0,0,1,0,0,0,0,0,1,0,0,0,0,2,37,HOMBRE,ILESO,CONDUCTOR PRESENTE,NO,NO,0
14313,44942,44943,2018,0,0,-0.094514,-78.472954,PICHINCHA,QUITO,QUITO,URBANA,2018-08-20,17:50:00,17,LUNES,1,AGOSTO,8,NO,"CONDUCIR DESATENTO A LAS CONDICIONES DE TRANSITO (CELULAR, PANTALLAS DE VIDEO, COMIDA, MAQUILLAJE O CUALQUIER OTRO ELEMENTO DISTRACTOR).",CHOQUE LATERAL,AUTOMOVIL,2,0,0,0,0,0,0,0,0,0,0,0,0,2,21,MUJER,ILESO,CONDUCTOR PRESENTE,NO,NO,0
14314,44944,44945,2018,0,0,-0.161208,-78.495838,PICHINCHA,QUITO,QUITO,URBANA,2018-08-20,18:17:00,18,LUNES,1,AGOSTO,8,NO,NO MANTENER LA DISTANCIA PRUDENCIAL CON RESPECTO AL VEHICULO QUE LE ANTECEDE.,CHOQUE POSTERIOR,AUTOMOVIL,1,0,0,0,0,0,0,0,0,0,0,0,0,1,40,HOMBRE,ILESO,CONDUCTOR PRESENTE,NO,NO,0
14315,44955,44956,2018,3,0,-0.090859,-78.475841,PICHINCHA,QUITO,QUITO,URBANA,2018-08-20,21:55:00,21,LUNES,1,AGOSTO,8,NO,NO TRANSITAR POR LAS ACERAS O ZONAS DE SEGURIDAD DESTINADAS PARA EL EFECTO.,ATROPELLOS,MOTOCICLETA,0,0,0,0,0,0,0,0,1,0,0,0,0,1,25,HOMBRE,LESIONADO,CONDUCTOR PRESENTE,NO,NO,0
14316,44957,44958,2018,1,0,-0.137645,-78.501298,PICHINCHA,QUITO,QUITO,URBANA,2018-08-20,23:00:00,23,LUNES,1,AGOSTO,8,NO,NO MANTENER LA DISTANCIA PRUDENCIAL CON RESPECTO AL VEHICULO QUE LE ANTECEDE.,CHOQUE POSTERIOR,MOTOCICLETA,0,0,0,0,0,0,0,0,1,0,0,0,0,1,26,HOMBRE,LESIONADO,CONDUCTOR PRESENTE,NO,NO,0
14317,44962,44963,2018,1,0,-0.203264,-78.370501,PICHINCHA,QUITO,PUEMBO,URBANA,2018-08-21,06:25:00,6,MARTES,2,AGOSTO,8,NO,NO CEDER EL DERECHO DE VIA O PREFERENCIA DE PASO AL PEATON.,ATROPELLOS,NO IDENTIFICADO,0,0,0,0,0,0,0,0,0,1,0,0,0,1,45,HOMBRE,LESIONADO,PEATON,NO,NO,0
14318,44963,44964,2018,0,0,-0.164319,-78.483607,PICHINCHA,QUITO,QUITO,URBANA,2018-08-21,07:00:00,7,MARTES,2,AGOSTO,8,NO,NO MANTENER LA DISTANCIA PRUDENCIAL CON RESPECTO AL VEHICULO QUE LE ANTECEDE.,CHOQUE POSTERIOR,AUTOMOVIL,2,0,0,0,0,0,0,0,0,0,0,0,0,2,36,HOMBRE,ILESO,CONDUCTOR PRESENTE,NO,NO,0
14319,44967,44968,2018,1,0,-0.201667,-78.476301,PICHINCHA,QUITO,QUITO,URBANA,2018-08-21,07:37:00,7,MARTES,2,AGOSTO,8,NO,CONDUCIR VEHICULO SUPERANDO LOS LIMITES MAXIMOS DE VELOCIDAD.,ESTRELLAMIENTOS,MOTOCICLETA,0,0,0,0,0,0,0,0,1,0,0,0,0,1,19,HOMBRE,LESIONADO,CONDUCTOR PRESENTE,NO,NO,0
14320,44968,44969,2018,0,0,-0.244666,-78.510971,PICHINCHA,QUITO,QUITO,URBANA,2018-08-21,07:45:00,7,MARTES,2,AGOSTO,8,NO,CONDUCIR VEHICULO SUPERANDO LOS LIMITES MAXIMOS DE VELOCIDAD.,CHOQUE LATERAL,AUTOMOVIL,1,0,0,0,0,0,0,0,0,1,0,0,0,2,64,HOMBRE,ILESO,CONDUCTOR PRESENTE,NO,NO,0
14321,44970,44971,2018,1,0,-0.188478,-78.447371,PICHINCHA,QUITO,NAYON,URBANA,2018-08-21,08:12:00,8,MARTES,2,AGOSTO,8,NO,NO MANTENER LA DISTANCIA PRUDENCIAL CON RESPECTO AL VEHICULO QUE LE ANTECEDE.,CHOQUE POSTERIOR,AUTOMOVIL,1,0,0,0,0,0,0,0,1,0,0,0,0,2,44,HOMBRE,LESIONADO,CONDUCTOR PRESENTE,NO,NO,0
14322,44971,44972,2018,0,0,-0.206518,-78.494387,PICHINCHA,QUITO,QUITO,URBANA,2018-08-21,08:30:00,8,MARTES,2,AGOSTO,8,NO,"NO RESPETAR LAS SENIALES REGLAMENTARIAS DE TRANSITO. (PARE, CEDA EL PASO, LUZ ROJA DEL SEMAFORO, ETC).",CHOQUE LATERAL,AUTOMOVIL,2,0,0,0,0,0,0,0,0,0,0,0,0,2,27,HOMBRE,ILESO,CONDUCTOR PRESENTE,NO,NO,0
14323,44972,44973,2018,0,0,-0.145925,-78.481516,PICHINCHA,QUITO,QUITO,URBANA,2018-08-21,08:45:00,8,MARTES,2,AGOSTO,8,NO,CONDUCIR VEHICULO SUPERANDO LOS LIMITES MAXIMOS DE VELOCIDAD.,CHOQUE LATERAL,CAMIONETA,1,0,0,0,1,0,0,0,0,0,0,0,0,2,23,HOMBRE,ILESO,CONDUCTOR PRESENTE,NO,NO,0
14324,44973,44974,2018,0,0,-0.135409,-78.489776,PICHINCHA,QUITO,QUITO,URBANA,2018-08-21,08:45:00,8,MARTES,2,AGOSTO,8,NO,"NO RESPETAR LAS SENIALES REGLAMENTARIAS DE TRANSITO. (PARE, CEDA EL PASO, LUZ ROJA DEL SEMAFORO, ETC).",ESTRELLAMIENTOS,AUTOMOVIL,2,0,0,0,0,0,0,0,0,0,0,0,0,2,48,HOMBRE,ILESO,CONDUCTOR PRESENTE,NO,NO,0
14325,44974,44975,2018,1,0,-0.108629,-78.454009,PICHINCHA,QUITO,CALDERON (CARAPUNGO),URBANA,2018-08-21,08:45:00,8,MARTES,2,AGOSTO,8,NO,NO TRANSITAR POR LAS ACERAS O ZONAS DE SEGURIDAD DESTINADAS PARA EL EFECTO.,ATROPELLOS,AUTOMOVIL,1,0,0,0,0,0,0,0,0,0,0,0,0,1,74,HOMBRE,LESIONADO,PEATON,NO,NO,0
14326,44975,44976,2018,2,0,-0.208141,-78.556011,PICHINCHA,QUITO,LLOA,URBANA,2018-08-21,08:45:00,8,MARTES,2,AGOSTO,8,NO,NO GUARDAR LA DISTANCIA LATERAL MINIMA DE SEGURIDAD ENTRE VEHICULOS.,CHOQUE LATERAL,AUTOMOVIL,1,0,0,0,0,0,0,0,1,0,0,0,0,2,31,HOMBRE,LESIONADO,CONDUCTOR PRESENTE,NO,NO,0
14327,44980,44981,2018,0,0,-0.213253,-78.511231,PICHINCHA,QUITO,QUITO,URBANA,2018-08-21,09:30:00,9,MARTES,2,AGOSTO,8,NO,"NO RESPETAR LAS SENIALES REGLAMENTARIAS DE TRANSITO. (PARE, CEDA EL PASO, LUZ ROJA DEL SEMAFORO, ETC).",ESTRELLAMIENTOS,AUTOMOVIL,2,0,0,1,0,0,0,0,0,0,0,0,0,3,40,HOMBRE,ILESO,CONDUCTOR PRESENTE,NO,NO,0
14328,44983,44984,2018,1,0,-0.234913,-78.519408,PICHINCHA,QUITO,QUITO,URBANA,2018-08-21,10:30:00,10,MARTES,2,AGOSTO,8,NO,"PRESENCIA DE AGENTES EXTERNOS EN LA VIA (AGUA, ACEITE, PIEDRA, LASTRE, ESCOMBROS, MADEROS, ETC.).",PERDIDA DE CARRIL,MOTOCICLETA,0,0,0,0,0,0,0,0,1,0,0,0,0,1,24,MUJER,LESIONADO,CONDUCTOR PRESENTE,NO,NO,0
14329,44988,44989,2018,0,0,-0.163304,-78.491719,PICHINCHA,QUITO,QUITO,URBANA,2018-08-21,13:50:00,13,MARTES,2,AGOSTO,8,NO,CONDUCIR VEHICULO SUPERANDO LOS LIMITES MAXIMOS DE VELOCIDAD.,ESTRELLAMIENTOS,NO IDENTIFICADO,0,0,0,0,0,0,0,0,0,1,0,0,0,1,-1,NO IDENTIFICADO,NO IDENTIFICADO,CONDUCTOR AUSENTE,NO,NO,2
14330,44990,44991,2018,1,0,-0.185753,-78.482702,PICHINCHA,QUITO,QUITO,URBANA,2018-08-21,14:05:00,14,MARTES,2,AGOSTO,8,NO,"CONDUCIR DESATENTO A LAS CONDICIONES DE TRANSITO (CELULAR, PANTALLAS DE VIDEO, COMIDA, MAQUILLAJE O CUALQUIER OTRO ELEMENTO DISTRACTOR).",ATROPELLOS,AUTOMOVIL,1,0,1,0,0,0,0,0,0,0,0,0,0,2,37,HOMBRE,LESIONADO,PEATON,NO,NO,0
14331,44995,44996,2018,0,0,-0.177106,-78.492166,PICHINCHA,QUITO,QUITO,URBANA,2018-08-21,15:15:00,15,MARTES,2,AGOSTO,8,NO,NO GUARDAR LA DISTANCIA LATERAL MINIMA DE SEGURIDAD ENTRE VEHICULOS.,CHOQUE LATERAL,AUTOMOVIL,2,0,0,0,0,0,0,0,0,0,0,0,0,2,73,MUJER,ILESO,CONDUCTOR PRESENTE,NO,NO,0
14332,45001,45002,2018,1,0,-0.254044,-78.505347,PICHINCHA,QUITO,QUITO,URBANA,2018-08-21,16:30:00,16,MARTES,2,AGOSTO,8,NO,NO CEDER EL DERECHO DE VIA O PREFERENCIA DE PASO AL PEATON.,ATROPELLOS,NO IDENTIFICADO,0,0,0,0,0,0,0,0,0,1,0,0,0,1,26,HOMBRE,LESIONADO,PEATON,NO,NO,0
14333,45003,45004,2018,0,0,-0.172638,-78.471243,PICHINCHA,QUITO,QUITO,URBANA,2018-08-21,17:17:00,17,MARTES,2,AGOSTO,8,NO,NO MANTENER LA DISTANCIA PRUDENCIAL CON RESPECTO AL VEHICULO QUE LE ANTECEDE.,CHOQUE POSTERIOR,AUTOMOVIL,2,0,0,0,0,0,0,0,0,0,0,0,0,2,26,HOMBRE,ILESO,CONDUCTOR PRESENTE,NO,NO,0
14334,45007,45008,2018,1,0,-0.101844,-78.294467,PICHINCHA,QUITO,EL QUINCHE,URBANA,2018-08-21,18:22:00,18,MARTES,2,AGOSTO,8,NO,"CONDUCIR DESATENTO A LAS CONDICIONES DE TRANSITO (CELULAR, PANTALLAS DE VIDEO, COMIDA, MAQUILLAJE O CUALQUIER OTRO ELEMENTO DISTRACTOR).",ESTRELLAMIENTOS,AUTOMOVIL,1,0,0,0,0,0,0,0,0,0,0,0,0,1,36,HOMBRE,LESIONADO,CONDUCTOR PRESENTE,NO,NO,0
14335,45010,45011,2018,1,0,-0.172258,-78.490161,PICHINCHA,QUITO,QUITO,URBANA,2018-08-21,19:10:00,19,MARTES,2,AGOSTO,8,NO,NO CEDER EL DERECHO DE VIA O PREFERENCIA DE PASO AL PEATON.,ATROPELLOS,NO IDENTIFICADO,0,0,0,0,0,0,0,0,0,1,0,0,0,1,84,HOMBRE,LESIONADO,PEATON,NO,NO,0
14336,45012,45013,2018,3,0,-0.063474,-78.425882,PICHINCHA,QUITO,CALDERON (CARAPUNGO),URBANA,2018-08-21,19:45:00,19,MARTES,2,AGOSTO,8,NO,DEJAR O RECOGER PASAJEROS EN LUGARES NO PERMITIDOS.,OTROS,NO IDENTIFICADO,0,0,0,0,0,0,0,0,0,1,0,0,0,1,55,MUJER,LESIONADO,PASAJERO,NO,NO,0
14337,45013,45014,2018,1,0,-0.247731,-78.518047,PICHINCHA,QUITO,QUITO,URBANA,2018-08-21,20:10:00,20,MARTES,2,AGOSTO,8,NO,"CONDUCE BAJO LA INFLUENCIA DE ALCOHOL, SUSTANCIAS ESTUPEFACIENTES O PSICOTROPICAS Y/O MEDICAMENTOS.",ATROPELLOS,MOTOCICLETA,0,0,0,0,0,0,0,0,1,0,0,0,0,1,9,MUJER,LESIONADO,PEATON,NO,NO,0
14338,45014,45015,2018,1,0,-0.146984,-78.473721,PICHINCHA,QUITO,QUITO,URBANA,2018-08-21,20:15:00,20,MARTES,2,AGOSTO,8,NO,"CONDUCE BAJO LA INFLUENCIA DE ALCOHOL, SUSTANCIAS ESTUPEFACIENTES O PSICOTROPICAS Y/O MEDICAMENTOS.",CHOQUE LATERAL,MOTOCICLETA,1,0,0,0,0,0,0,0,1,0,0,0,0,2,27,HOMBRE,LESIONADO,CONDUCTOR PRESENTE,NO,NO,0
14339,45016,45017,2018,0,0,-0.297826,-78.455876,PICHINCHA,QUITO,ALANGASI,RURAL,2018-08-21,22:00:00,22,MARTES,2,AGOSTO,8,NO,"CONDUCIR DESATENTO A LAS CONDICIONES DE TRANSITO (CELULAR, PANTALLAS DE VIDEO, COMIDA, MAQUILLAJE O CUALQUIER OTRO ELEMENTO DISTRACTOR).",CHOQUE LATERAL,MOTOCICLETA,1,0,0,0,0,0,0,0,1,0,0,0,0,2,38,HOMBRE,ILESO,CONDUCTOR PRESENTE,NO,NO,3
14340,45019,45020,2018,0,0,-0.139641,-78.476063,PICHINCHA,QUITO,QUITO,URBANA,2018-08-21,23:35:00,23,MARTES,2,AGOSTO,8,NO,NO GUARDAR LA DISTANCIA LATERAL MINIMA DE SEGURIDAD ENTRE VEHICULOS.,CHOQUE LATERAL,AUTOMOVIL,1,0,0,0,0,0,0,0,0,0,0,0,0,1,32,HOMBRE,ILESO,CONDUCTOR PRESENTE,NO,NO,0
14341,45026,45027,2018,0,0,-0.206086,-78.502718,PICHINCHA,QUITO,QUITO,URBANA,2018-08-22,06:20:00,6,MIERCOLES,3,AGOSTO,8,NO,CONDUCIR VEHICULO SUPERANDO LOS LIMITES MAXIMOS DE VELOCIDAD.,CHOQUE LATERAL,AUTOMOVIL,2,0,0,0,0,0,0,0,0,0,0,0,0,2,27,HOMBRE,ILESO,CONDUCTOR PRESENTE,NO,NO,0
14342,45028,45029,2018,1,0,-0.175166,-78.487455,PICHINCHA,QUITO,QUITO,URBANA,2018-08-22,06:59:00,6,MIERCOLES,3,AGOSTO,8,NO,"NO RESPETAR LAS SENIALES REGLAMENTARIAS DE TRANSITO. (PARE, CEDA EL PASO, LUZ ROJA DEL SEMAFORO, ETC).",CHOQUE LATERAL,AUTOMOVIL,2,0,0,0,0,0,0,0,0,0,0,0,0,2,22,MUJER,LESIONADO,PASAJERO,NO,NO,0
14343,45030,45031,2018,0,0,-0.115952,-78.481688,PICHINCHA,QUITO,QUITO,URBANA,2018-08-22,07:00:00,7,MIERCOLES,3,AGOSTO,8,NO,"CONDUCIR DESATENTO A LAS CONDICIONES DE TRANSITO (CELULAR, PANTALLAS DE VIDEO, COMIDA, MAQUILLAJE O CUALQUIER OTRO ELEMENTO DISTRACTOR).",ROZAMIENTOS,AUTOMOVIL,1,0,0,1,0,0,0,0,0,0,0,0,0,2,40,HOMBRE,ILESO,CONDUCTOR PRESENTE,NO,NO,0
14344,45031,45032,2018,0,0,-0.208498,-78.485714,PICHINCHA,QUITO,QUITO,URBANA,2018-08-22,07:00:00,7,MIERCOLES,3,AGOSTO,8,NO,PEATON QUE CRUZA LA CALZADA SIN RESPETAR LA SENIALIZACION EXISTENTE (SEMAFOROS O SENIALES MANUALES).,ATROPELLOS,AUTOMOVIL,1,0,0,0,0,0,0,0,0,0,0,0,0,1,39,HOMBRE,ILESO,CONDUCTOR PRESENTE,NO,NO,0
14345,45033,45034,2018,0,0,-0.254772,-78.544269,PICHINCHA,QUITO,QUITO,URBANA,2018-08-22,07:15:00,7,MIERCOLES,3,AGOSTO,8,NO,PESO Y VOLUMEN - NO CUMPLIR CON LAS NORMAS DE SEGURIDAD NECESARIAS AL TRANSPORTAR CARGAS.,OTROS,CAMION,0,0,0,1,0,0,0,0,0,0,0,0,0,1,35,HOMBRE,ILESO,CONDUCTOR PRESENTE,NO,NO,0
14346,45034,45035,2018,3,0,-0.291131,-78.524158,PICHINCHA,QUITO,QUITO,URBANA,2018-08-22,07:30:00,7,MIERCOLES,3,AGOSTO,8,NO,CONDUCIR VEHICULO SUPERANDO LOS LIMITES MAXIMOS DE VELOCIDAD.,ESTRELLAMIENTOS,MOTOCICLETA,1,0,0,0,0,0,0,0,1,0,0,0,0,2,28,HOMBRE,LESIONADO,CONDUCTOR PRESENTE,NO,NO,0
14347,45037,45038,2018,0,0,-0.188909,-78.498874,PICHINCHA,QUITO,QUITO,URBANA,2018-08-22,08:10:00,8,MIERCOLES,3,AGOSTO,8,NO,DISPOSITIVO REGULADOR DE TRANSITO EN MAL ESTADO DE FUNCIONAMIENTO (SEMAFORO).,CHOQUE LATERAL,AUTOMOVIL,2,0,0,0,0,0,0,0,0,0,0,0,0,2,47,MUJER,ILESO,CONDUCTOR PRESENTE,NO,NO,0
14348,45040,45041,2018,2,0,-0.236961,-78.530439,PICHINCHA,QUITO,QUITO,URBANA,2018-08-22,08:48:00,8,MIERCOLES,3,AGOSTO,8,NO,"NO RESPETAR LAS SENIALES REGLAMENTARIAS DE TRANSITO. (PARE, CEDA EL PASO, LUZ ROJA DEL SEMAFORO, ETC).",CHOQUE LATERAL,MOTOCICLETA,1,0,0,0,0,0,0,0,1,0,0,0,0,2,25,HOMBRE,LESIONADO,CONDUCTOR PRESENTE,NO,NO,0
14349,45041,45042,2018,1,0,-0.196311,-78.512739,PICHINCHA,QUITO,QUITO,URBANA,2018-08-22,08:50:00,8,MIERCOLES,3,AGOSTO,8,NO,"PRESENCIA DE AGENTES EXTERNOS EN LA VIA (AGUA, ACEITE, PIEDRA, LASTRE, ESCOMBROS, MADEROS, ETC.).",VOLCAMIENTOS,MOTOCICLETA,0,0,0,0,0,0,0,0,1,0,0,0,0,1,58,HOMBRE,LESIONADO,CONDUCTOR PRESENTE,NO,NO,0
14350,45045,45046,2018,0,0,-0.190017,-78.453854,PICHINCHA,QUITO,NAYON,URBANA,2018-08-22,10:30:00,10,MIERCOLES,3,AGOSTO,8,NO,"PRESENCIA DE AGENTES EXTERNOS EN LA VIA (AGUA, ACEITE, PIEDRA, LASTRE, ESCOMBROS, MADEROS, ETC.).",PERDIDA DE CARRIL,MOTOCICLETA,0,0,0,0,0,0,0,0,1,0,0,0,0,1,-1,HOMBRE,ILESO,PASAJERO,NO,NO,0
14351,45047,45048,2018,1,0,-0.155813,-78.488579,PICHINCHA,QUITO,QUITO,URBANA,2018-08-22,11:23:00,11,MIERCOLES,3,AGOSTO,8,NO,PEATON QUE CRUZA LA CALZADA SIN RESPETAR LA SENIALIZACION EXISTENTE (SEMAFOROS O SENIALES MANUALES).,ATROPELLOS,MOTOCICLETA,0,0,0,0,0,0,0,0,1,0,0,0,0,1,15,MUJER,LESIONADO,PEATON,NO,NO,0
14352,45048,45049,2018,0,0,-0.158331,-78.482512,PICHINCHA,QUITO,QUITO,URBANA,2018-08-22,11:40:00,11,MIERCOLES,3,AGOSTO,8,NO,CONDUCIR VEHICULO SUPERANDO LOS LIMITES MAXIMOS DE VELOCIDAD.,CHOQUE LATERAL,AUTOMOVIL,1,0,0,0,0,0,0,0,0,0,0,0,0,1,54,MUJER,ILESO,CONDUCTOR PRESENTE,NO,NO,0
14353,45050,45051,2018,2,0,-0.127711,-78.464624,PICHINCHA,QUITO,QUITO,URBANA,2018-08-22,11:50:00,11,MIERCOLES,3,AGOSTO,8,NO,"NO RESPETAR LAS SENIALES REGLAMENTARIAS DE TRANSITO. (PARE, CEDA EL PASO, LUZ ROJA DEL SEMAFORO, ETC).",CHOQUE FRONTAL,MOTOCICLETA,1,0,0,0,0,0,0,0,1,0,0,0,0,2,29,HOMBRE,LESIONADO,CONDUCTOR PRESENTE,NO,NO,0
14354,45061,45062,2018,1,0,-0.144708,-78.474749,PICHINCHA,QUITO,QUITO,URBANA,2018-08-22,14:45:00,14,MIERCOLES,3,AGOSTO,8,NO,PEATON QUE CRUZA LA CALZADA SIN RESPETAR LA SENIALIZACION EXISTENTE (SEMAFOROS O SENIALES MANUALES).,ATROPELLOS,MOTOCICLETA,0,0,0,0,0,0,0,0,1,0,0,0,0,1,44,HOMBRE,LESIONADO,PEATON,NO,NO,0
14355,45063,45064,2018,0,0,-0.260471,-78.533861,PICHINCHA,QUITO,QUITO,URBANA,2018-08-22,15:45:00,15,MIERCOLES,3,AGOSTO,8,NO,PESO Y VOLUMEN - NO CUMPLIR CON LAS NORMAS DE SEGURIDAD NECESARIAS AL TRANSPORTAR CARGAS.,OTROS,CAMION,0,0,0,1,0,0,0,0,0,0,0,0,0,1,44,HOMBRE,ILESO,CONDUCTOR PRESENTE,NO,NO,0
14356,45066,45067,2018,1,0,-0.172498,-78.487861,PICHINCHA,QUITO,QUITO,URBANA,2018-08-22,16:30:00,16,MIERCOLES,3,AGOSTO,8,NO,NO CEDER EL DERECHO DE VIA O PREFERENCIA DE PASO AL PEATON.,ATROPELLOS,NO IDENTIFICADO,0,0,0,0,0,0,0,0,0,1,0,0,0,1,69,MUJER,LESIONADO,PEATON,NO,NO,0
14357,45070,45071,2018,1,0,-0.090459,-78.520299,PICHINCHA,QUITO,QUITO,URBANA,2018-08-22,17:45:00,17,MIERCOLES,3,AGOSTO,8,NO,CONDUCIR VEHICULO SUPERANDO LOS LIMITES MAXIMOS DE VELOCIDAD.,PERDIDA DE CARRIL,MOTOCICLETA,0,0,0,0,0,0,0,0,1,0,0,0,0,1,23,HOMBRE,LESIONADO,PASAJERO,NO,NO,0
14358,45071,45072,2018,1,0,-0.217302,-78.505556,PICHINCHA,QUITO,QUITO,URBANA,2018-08-22,18:10:00,18,MIERCOLES,3,AGOSTO,8,NO,PEATON QUE CRUZA LA CALZADA SIN RESPETAR LA SENIALIZACION EXISTENTE (SEMAFOROS O SENIALES MANUALES).,ATROPELLOS,MOTOCICLETA,0,0,0,0,0,0,0,0,1,0,0,0,0,1,23,MUJER,LESIONADO,PEATON,NO,NO,0
14359,45078,45079,2018,1,0,-0.327284,-78.550354,PICHINCHA,QUITO,QUITO,URBANA,2018-08-22,21:15:00,21,MIERCOLES,3,AGOSTO,8,NO,NO GUARDAR LA DISTANCIA LATERAL MINIMA DE SEGURIDAD ENTRE VEHICULOS.,CHOQUE LATERAL,MOTOCICLETA,0,0,0,0,0,0,0,0,1,1,0,0,0,2,22,HOMBRE,LESIONADO,CONDUCTOR PRESENTE,NO,NO,0
14360,45081,45082,2018,0,0,-0.204388,-78.489991,PICHINCHA,QUITO,QUITO,URBANA,2018-08-22,23:45:00,23,MIERCOLES,3,AGOSTO,8,NO,"CONDUCE BAJO LA INFLUENCIA DE ALCOHOL, SUSTANCIAS ESTUPEFACIENTES O PSICOTROPICAS Y/O MEDICAMENTOS.",CHOQUE LATERAL,AUTOMOVIL,2,0,0,0,0,0,0,0,0,0,0,0,0,2,33,HOMBRE,ILESO,CONDUCTOR PRESENTE,NO,NO,0
14361,45085,45086,2018,0,0,-0.193211,-78.475505,PICHINCHA,QUITO,QUITO,URBANA,2018-08-23,02:40:00,2,JUEVES,4,AGOSTO,8,NO,CONDUCIR VEHICULO SUPERANDO LOS LIMITES MAXIMOS DE VELOCIDAD.,VOLCAMIENTOS,AUTOMOVIL,1,0,0,0,0,0,0,0,0,0,0,0,0,1,57,MUJER,ILESO,CONDUCTOR PRESENTE,NO,NO,0
14362,45093,45094,2018,1,0,-0.233331,-78.490789,PICHINCHA,QUITO,QUITO,URBANA,2018-08-23,06:15:00,6,JUEVES,4,AGOSTO,8,NO,NO TRANSITAR POR LAS ACERAS O ZONAS DE SEGURIDAD DESTINADAS PARA EL EFECTO.,ATROPELLOS,NO IDENTIFICADO,0,0,0,0,0,0,0,0,0,1,0,0,0,1,43,HOMBRE,LESIONADO,PEATON,NO,NO,0
14363,45098,45099,2018,1,0,-0.208498,-78.485714,PICHINCHA,QUITO,QUITO,URBANA,2018-08-23,07:20:00,7,JUEVES,4,AGOSTO,8,NO,NO MANTENER LA DISTANCIA PRUDENCIAL CON RESPECTO AL VEHICULO QUE LE ANTECEDE.,CHOQUE POSTERIOR,MOTOCICLETA,0,0,0,0,0,0,0,0,1,1,0,0,0,2,30,HOMBRE,LESIONADO,CONDUCTOR PRESENTE,NO,NO,0