,Unnamed: 0,ID,ANIO,LESIONADOS,FALLECIDOS,LATITUD_Y,LONGITUD_X,PROVINCIA,CANTON,PARROQUIA,ZONA,FECHA,HORA,PERIODO_2,DIA_1,DIA_2,MES_1,MES_2,FERIADO,CAUSA_PROBABLE,TIPO_DE_SINIESTRO,TIPO_DE_VEHICULO_1,AUTOMOVIL,BICICLETA,BUS,CAMION,CAMIONETA,EMERGENCIAS,ESPECIAL,FURGONETA,MOTOCICLETA,NO_IDENTIFICADO,SCOOTER_ELECTRICO,TRICIMOTO,VEHICULO_DEPORTIVO_UTILITARIO,SUMA_DE_VEHICULOS,EDAD_1,SEXO_1,CONDICION_1,PARTICIPANTE_1,CASCO_1,CINTURON_1,KMeans_Cluster
14364,45099,45100,2018,1,0,-0.080503,-78.445217,PICHINCHA,QUITO,CALDERON (CARAPUNGO),URBANA,2018-08-23,07:30:00,7,JUEVES,4,AGOSTO,8,NO,CONDUCIR VEHICULO SUPERANDO LOS LIMITES MAXIMOS DE VELOCIDAD.,PERDIDA DE CARRIL,NO IDENTIFICADO,0,0,0,0,0,0,0,0,0,1,0,0,0,1,30,MUJER,LESIONADO,CONDUCTOR PRESENTE,NO,NO,0
14365,45100,45101,2018,1,0,-0.253827,-78.520514,PICHINCHA,QUITO,QUITO,URBANA,2018-08-23,07:30:00,7,JUEVES,4,AGOSTO,8,NO,NO CEDER EL DERECHO DE VIA O PREFERENCIA DE PASO AL PEATON.,ATROPELLOS,NO IDENTIFICADO,0,0,0,0,0,0,0,0,0,1,0,0,0,1,83,HOMBRE,LESIONADO,PEATON,NO,NO,0
14366,45101,45102,2018,1,0,-0.240868,-78.531768,PICHINCHA,QUITO,QUITO,URBANA,2018-08-23,07:58:00,7,JUEVES,4,AGOSTO,8,NO,REALIZAR CAMBIO BRUSCO O INDEBIDO DE CARRIL.,CHOQUE LATERAL,AUTOMOVIL,1,0,0,0,0,0,0,0,1,0,0,0,0,2,21,HOMBRE,LESIONADO,CONDUCTOR PRESENTE,NO,NO,0
14367,45113,45114,2018,1,0,-0.164279,-78.470336,PICHINCHA,QUITO,QUITO,URBANA,2018-08-23,12:30:00,12,JUEVES,4,AGOSTO,8,NO,NO MANTENER LA DISTANCIA PRUDENCIAL CON RESPECTO AL VEHICULO QUE LE ANTECEDE.,CHOQUE POSTERIOR,MOTOCICLETA,0,0,0,0,0,0,0,0,1,0,0,0,0,1,27,HOMBRE,LESIONADO,CONDUCTOR PRESENTE,NO,NO,0
14368,45118,45119,2018,1,0,-0.214674,-78.505827,PICHINCHA,QUITO,QUITO,URBANA,2018-08-23,13:50:00,13,JUEVES,4,AGOSTO,8,NO,"PEATON TRANSITA BAJO INFLUENCIA DE ALCOHOL, SUSTANCIAS ESTUPEFACIENTES O PSICOTROPICAS Y/O MEDICAMENTOS.",ATROPELLOS,CAMIONETA,0,0,0,0,1,0,0,0,0,0,0,0,0,1,46,MUJER,LESIONADO,PEATON,NO,NO,0
14369,45121,45122,2018,0,0,-0.240223,-78.531308,PICHINCHA,QUITO,QUITO,URBANA,2018-08-23,15:30:00,15,JUEVES,4,AGOSTO,8,NO,"CONDUCE BAJO LA INFLUENCIA DE ALCOHOL, SUSTANCIAS ESTUPEFACIENTES O PSICOTROPICAS Y/O MEDICAMENTOS.",CHOQUE FRONTAL,AUTOMOVIL,1,0,0,1,0,0,0,0,0,0,0,0,0,2,34,HOMBRE,ILESO,CONDUCTOR PRESENTE,NO,NO,0
14370,45127,45128,2018,0,0,-0.105486,-78.433626,PICHINCHA,QUITO,CALDERON (CARAPUNGO),URBANA,2018-08-23,16:45:00,16,JUEVES,4,AGOSTO,8,NO,"CONDUCE BAJO LA INFLUENCIA DE ALCOHOL, SUSTANCIAS ESTUPEFACIENTES O PSICOTROPICAS Y/O MEDICAMENTOS.",CHOQUE POSTERIOR,CAMIONETA,1,0,0,0,1,0,0,0,0,0,0,0,0,2,48,HOMBRE,ILESO,CONDUCTOR PRESENTE,NO,NO,0
14371,45128,45129,2018,1,0,-0.182876,-78.722586,PICHINCHA,QUITO,LLOA,RURAL,2018-08-23,17:10:00,17,JUEVES,4,AGOSTO,8,NO,CONDUCIR EN SENTIDO CONTRARIO A LA VIA NORMAL DE CIRCULACION.,CHOQUE FRONTAL,NO IDENTIFICADO,0,0,0,0,0,0,0,0,0,1,0,0,0,1,18,HOMBRE,LESIONADO,PASAJERO,NO,NO,3
14372,45130,45131,2018,0,0,-0.260089,-78.525056,PICHINCHA,QUITO,QUITO,URBANA,2018-08-23,17:27:00,17,JUEVES,4,AGOSTO,8,NO,"NO RESPETAR LAS SENIALES REGLAMENTARIAS DE TRANSITO. (PARE, CEDA EL PASO, LUZ ROJA DEL SEMAFORO, ETC).",ESTRELLAMIENTOS,AUTOMOVIL,1,0,0,0,0,0,0,0,0,0,0,0,0,1,19,HOMBRE,ILESO,CONDUCTOR PRESENTE,NO,NO,0
14373,45134,45135,2018,0,0,-0.285945,-78.558815,PICHINCHA,QUITO,QUITO,URBANA,2018-08-23,18:15:00,18,JUEVES,4,AGOSTO,8,NO,NO GUARDAR LA DISTANCIA LATERAL MINIMA DE SEGURIDAD ENTRE VEHICULOS.,CHOQUE LATERAL,BUS,0,0,1,0,0,0,0,0,0,0,0,0,0,1,26,HOMBRE,ILESO,CONDUCTOR PRESENTE,NO,NO,0
14374,45138,45139,2018,0,0,-0.183738,-78.495237,PICHINCHA,QUITO,QUITO,URBANA,2018-08-23,18:50:00,18,JUEVES,4,AGOSTO,8,NO,NO MANTENER LA DISTANCIA PRUDENCIAL CON RESPECTO AL VEHICULO QUE LE ANTECEDE.,CHOQUE POSTERIOR,AUTOMOVIL,1,0,0,1,0,0,0,0,0,0,0,0,0,2,43,HOMBRE,ILESO,CONDUCTOR PRESENTE,NO,NO,0
14375,45140,45141,2018,1,0,-0.172253,-78.492393,PICHINCHA,QUITO,QUITO,URBANA,2018-08-23,19:15:00,19,JUEVES,4,AGOSTO,8,NO,CONDUCIR VEHICULO SUPERANDO LOS LIMITES MAXIMOS DE VELOCIDAD.,PERDIDA DE CARRIL,MOTOCICLETA,0,0,0,0,0,0,0,0,1,0,0,0,0,1,28,HOMBRE,LESIONADO,CONDUCTOR PRESENTE,NO,NO,0
14376,45150,45151,2018,1,0,-0.071629,-78.415508,PICHINCHA,QUITO,CALDERON (CARAPUNGO),URBANA,2018-08-23,23:20:00,23,JUEVES,4,AGOSTO,8,NO,BAJARSE O SUBIRSE DE VEHICULOS EN MOVIMIENTO SIN TOMAR LAS PRECAUCIONES DEBIDAS.,CAIDA DE PASAJERO,NO IDENTIFICADO,0,0,0,0,0,0,0,0,0,1,0,0,0,1,19,HOMBRE,LESIONADO,PASAJERO,NO,NO,0
14377,45151,45152,2018,1,0,-0.204495,-78.484403,PICHINCHA,QUITO,QUITO,URBANA,2018-08-23,23:20:00,23,JUEVES,4,AGOSTO,8,NO,NO GUARDAR LA DISTANCIA LATERAL MINIMA DE SEGURIDAD ENTRE VEHICULOS.,ROZAMIENTOS,BICICLETA,0,1,0,0,0,0,0,0,1,0,0,0,0,2,26,HOMBRE,LESIONADO,CONDUCTOR PRESENTE,NO,NO,0
14378,45158,45159,2018,0,0,-0.283154,-78.543937,PICHINCHA,QUITO,QUITO,URBANA,2018-08-24,05:30:00,5,VIERNES,5,AGOSTO,8,NO,"CONDUCIR DESATENTO A LAS CONDICIONES DE TRANSITO (CELULAR, PANTALLAS DE VIDEO, COMIDA, MAQUILLAJE O CUALQUIER OTRO ELEMENTO DISTRACTOR).",ESTRELLAMIENTOS,AUTOMOVIL,1,0,0,0,0,0,0,0,0,0,0,0,0,1,-1,NO IDENTIFICADO,NO IDENTIFICADO,CONDUCTOR AUSENTE,NO,NO,2
14379,45159,45160,2018,1,0,-0.315498,-78.555553,PICHINCHA,QUITO,QUITO,URBANA,2018-08-24,05:40:00,5,VIERNES,5,AGOSTO,8,NO,"PRESENCIA DE AGENTES EXTERNOS EN LA VIA (AGUA, ACEITE, PIEDRA, LASTRE, ESCOMBROS, MADEROS, ETC.).",PERDIDA DE CARRIL,MOTOCICLETA,0,0,0,0,0,0,0,0,1,0,0,0,0,1,48,HOMBRE,LESIONADO,CONDUCTOR PRESENTE,NO,NO,0
14380,45161,45162,2018,0,0,-0.222563,-78.513542,PICHINCHA,QUITO,QUITO,URBANA,2018-08-24,05:55:00,5,VIERNES,5,AGOSTO,8,NO,"NO RESPETAR LAS SENIALES REGLAMENTARIAS DE TRANSITO. (PARE, CEDA EL PASO, LUZ ROJA DEL SEMAFORO, ETC).",CHOQUE LATERAL,MOTOCICLETA,0,0,0,1,0,0,0,0,1,0,0,0,0,2,40,HOMBRE,ILESO,CONDUCTOR PRESENTE,NO,NO,0
14381,45163,45164,2018,1,0,-0.231481,-78.523797,PICHINCHA,QUITO,QUITO,URBANA,2018-08-24,07:00:00,7,VIERNES,5,AGOSTO,8,NO,NO TRANSITAR POR LAS ACERAS O ZONAS DE SEGURIDAD DESTINADAS PARA EL EFECTO.,ATROPELLOS,AUTOMOVIL,1,0,0,0,0,0,0,0,0,0,0,0,0,1,70,HOMBRE,LESIONADO,PEATON,NO,NO,0
14382,45167,45168,2018,0,0,-0.186408,-78.453807,PICHINCHA,QUITO,NAYON,URBANA,2018-08-24,07:30:00,7,VIERNES,5,AGOSTO,8,NO,NO MANTENER LA DISTANCIA PRUDENCIAL CON RESPECTO AL VEHICULO QUE LE ANTECEDE.,CHOQUE POSTERIOR,AUTOMOVIL,2,0,0,0,0,0,0,0,0,0,0,0,0,2,49,HOMBRE,ILESO,CONDUCTOR PRESENTE,NO,NO,0
14383,45168,45169,2018,0,0,-0.196669,-78.466599,PICHINCHA,QUITO,QUITO,URBANA,2018-08-24,07:33:00,7,VIERNES,5,AGOSTO,8,NO,NO MANTENER LA DISTANCIA PRUDENCIAL CON RESPECTO AL VEHICULO QUE LE ANTECEDE.,CHOQUE POSTERIOR,CAMIONETA,1,0,0,0,1,0,0,0,0,0,0,0,0,2,38,HOMBRE,ILESO,CONDUCTOR PRESENTE,NO,NO,0
14384,45170,45171,2018,0,0,-0.175912,-78.472553,PICHINCHA,QUITO,QUITO,URBANA,2018-08-24,08:00:00,8,VIERNES,5,AGOSTO,8,NO,NO MANTENER LA DISTANCIA PRUDENCIAL CON RESPECTO AL VEHICULO QUE LE ANTECEDE.,COLISION,AUTOMOVIL,3,0,0,0,0,0,0,0,0,0,0,0,0,3,21,HOMBRE,ILESO,CONDUCTOR PRESENTE,NO,NO,0
14385,45171,45172,2018,0,0,-0.133679,-78.496322,PICHINCHA,QUITO,QUITO,URBANA,2018-08-24,08:10:00,8,VIERNES,5,AGOSTO,8,NO,CONDUCIR VEHICULO SUPERANDO LOS LIMITES MAXIMOS DE VELOCIDAD.,CHOQUE LATERAL,AUTOMOVIL,2,0,0,0,0,0,0,0,0,0,0,0,0,2,29,MUJER,ILESO,CONDUCTOR PRESENTE,NO,NO,0
14386,45172,45173,2018,1,0,-0.185427,-78.498436,PICHINCHA,QUITO,QUITO,URBANA,2018-08-24,08:10:00,8,VIERNES,5,AGOSTO,8,NO,NO CEDER EL DERECHO DE VIA O PREFERENCIA DE PASO A VEHICULOS.,CHOQUE LATERAL,MOTOCICLETA,0,0,0,0,0,0,0,0,1,1,0,0,0,2,32,HOMBRE,LESIONADO,CONDUCTOR PRESENTE,NO,NO,0
14387,45173,45174,2018,1,0,-0.247241,-78.512229,PICHINCHA,QUITO,QUITO,URBANA,2018-08-24,08:25:00,8,VIERNES,5,AGOSTO,8,NO,"CONDUCIR EN ESTADO DE SOMNOLENCIA O MALAS CONDICIONES FISICAS (SUENIO, CANSANCIO Y FATIGA).",ESTRELLAMIENTOS,CAMION,1,0,0,1,0,0,0,0,0,0,0,0,0,2,51,MUJER,LESIONADO,PASAJERO,NO,NO,0
14388,45182,45183,2018,1,0,-0.206491,-78.497387,PICHINCHA,QUITO,QUITO,URBANA,2018-08-24,13:00:00,13,VIERNES,5,AGOSTO,8,NO,NO MANTENER LA DISTANCIA PRUDENCIAL CON RESPECTO AL VEHICULO QUE LE ANTECEDE.,OTROS,MOTOCICLETA,0,0,0,0,0,0,0,0,1,0,0,0,0,1,30,HOMBRE,LESIONADO,CONDUCTOR PRESENTE,NO,NO,0
14389,45187,45188,2018,0,0,-0.282724,-78.476485,PICHINCHA,QUITO,CONOCOTO,URBANA,2018-08-24,14:05:00,14,VIERNES,5,AGOSTO,8,NO,"CONDUCIR EN ESTADO DE SOMNOLENCIA O MALAS CONDICIONES FISICAS (SUENIO, CANSANCIO Y FATIGA).",ESTRELLAMIENTOS,CAMION,0,0,0,2,0,0,0,0,0,0,0,0,0,2,38,HOMBRE,ILESO,CONDUCTOR PRESENTE,NO,NO,0
14390,45193,45194,2018,0,0,-0.168961,-78.485878,PICHINCHA,QUITO,QUITO,URBANA,2018-08-24,16:20:00,16,VIERNES,5,AGOSTO,8,NO,CONDUCIR VEHICULO SUPERANDO LOS LIMITES MAXIMOS DE VELOCIDAD.,CHOQUE LATERAL,AUTOMOVIL,2,0,0,0,0,0,0,0,0,0,0,0,0,2,33,MUJER,ILESO,CONDUCTOR PRESENTE,NO,NO,0
14391,45195,45196,2018,0,0,-0.156261,-78.485934,PICHINCHA,QUITO,QUITO,URBANA,2018-08-24,16:55:00,16,VIERNES,5,AGOSTO,8,NO,CONDUCIR VEHICULO SUPERANDO LOS LIMITES MAXIMOS DE VELOCIDAD.,ROZAMIENTOS,AUTOMOVIL,1,0,0,0,0,0,0,0,0,0,0,0,0,1,28,HOMBRE,ILESO,CONDUCTOR PRESENTE,NO,NO,0
14392,45197,45198,2018,1,0,-0.121626,-78.493928,PICHINCHA,QUITO,QUITO,URBANA,2018-08-24,17:06:00,17,VIERNES,5,AGOSTO,8,NO,NO TRANSITAR POR LAS ACERAS O ZONAS DE SEGURIDAD DESTINADAS PARA EL EFECTO.,ATROPELLOS,BUS,0,0,1,0,0,0,0,0,0,0,0,0,0,1,13,HOMBRE,LESIONADO,PEATON,NO,NO,0
14393,45198,45199,2018,1,0,-0.240223,-78.531308,PICHINCHA,QUITO,QUITO,URBANA,2018-08-24,17:35:00,17,VIERNES,5,AGOSTO,8,NO,CONDUCIR VEHICULO SUPERANDO LOS LIMITES MAXIMOS DE VELOCIDAD.,ATROPELLOS,BUS,0,0,1,0,0,0,0,0,0,0,0,0,0,1,33,HOMBRE,LESIONADO,PEATON,NO,NO,0
14394,45200,45201,2018,0,0,-0.182105,-78.478971,PICHINCHA,QUITO,QUITO,URBANA,2018-08-24,18:00:00,18,VIERNES,5,AGOSTO,8,NO,"CONDUCIR DESATENTO A LAS CONDICIONES DE TRANSITO (CELULAR, PANTALLAS DE VIDEO, COMIDA, MAQUILLAJE O CUALQUIER OTRO ELEMENTO DISTRACTOR).",CHOQUE LATERAL,AUTOMOVIL,1,0,0,0,0,0,0,0,0,0,0,0,0,1,50,MUJER,ILESO,CONDUCTOR PRESENTE,NO,NO,0
14395,45201,45202,2018,0,0,-0.232484,-78.493231,PICHINCHA,QUITO,QUITO,URBANA,2018-08-24,18:04:00,18,VIERNES,5,AGOSTO,8,NO,NO MANTENER LA DISTANCIA PRUDENCIAL CON RESPECTO AL VEHICULO QUE LE ANTECEDE.,COLISION,AUTOMOVIL,4,0,0,0,1,0,0,0,0,0,0,0,0,5,25,HOMBRE,ILESO,CONDUCTOR PRESENTE,NO,NO,0
14396,45202,45203,2018,1,0,-0.323234,-78.551138,PICHINCHA,QUITO,QUITO,URBANA,2018-08-24,18:30:00,18,VIERNES,5,AGOSTO,8,NO,"PEATON TRANSITA BAJO INFLUENCIA DE ALCOHOL, SUSTANCIAS ESTUPEFACIENTES O PSICOTROPICAS Y/O MEDICAMENTOS.",ATROPELLOS,MOTOCICLETA,0,0,0,0,0,0,0,0,1,0,0,0,0,1,23,MUJER,LESIONADO,PEATON,NO,NO,0
14397,45206,45207,2018,0,0,-0.155396,-78.468051,PICHINCHA,QUITO,QUITO,URBANA,2018-08-24,19:15:00,19,VIERNES,5,AGOSTO,8,NO,NO GUARDAR LA DISTANCIA LATERAL MINIMA DE SEGURIDAD ENTRE VEHICULOS.,CHOQUE LATERAL,AUTOMOVIL,1,0,0,0,0,0,0,0,0,0,0,0,0,1,33,MUJER,ILESO,CONDUCTOR PRESENTE,NO,NO,0
14398,45211,45212,2018,0,0,-0.128605,-78.472896,PICHINCHA,QUITO,QUITO,URBANA,2018-08-24,21:00:00,21,VIERNES,5,AGOSTO,8,NO,NO GUARDAR LA DISTANCIA LATERAL MINIMA DE SEGURIDAD ENTRE VEHICULOS.,ROZAMIENTOS,AUTOMOVIL,1,0,0,0,0,0,0,0,0,1,0,0,0,2,24,HOMBRE,ILESO,CONDUCTOR PRESENTE,NO,NO,0
14399,45213,45214,2018,1,0,-0.258972,-78.529888,PICHINCHA,QUITO,QUITO,URBANA,2018-08-24,21:10:00,21,VIERNES,5,AGOSTO,8,NO,NO TRANSITAR POR LAS ACERAS O ZONAS DE SEGURIDAD DESTINADAS PARA EL EFECTO.,ATROPELLOS,CAMIONETA,0,0,0,0,1,0,0,0,0,0,0,0,0,1,40,HOMBRE,LESIONADO,PEATON,NO,NO,0
14400,45214,45215,2018,1,0,-0.146272,-78.475036,PICHINCHA,QUITO,QUITO,URBANA,2018-08-24,21:34:00,21,VIERNES,5,AGOSTO,8,NO,"CONDUCE BAJO LA INFLUENCIA DE ALCOHOL, SUSTANCIAS ESTUPEFACIENTES O PSICOTROPICAS Y/O MEDICAMENTOS.",CHOQUE LATERAL,AUTOMOVIL,2,0,0,0,0,0,0,0,0,0,0,0,0,2,43,HOMBRE,LESIONADO,CONDUCTOR PRESENTE,NO,NO,0
14401,45215,45216,2018,0,1,0.042951,-78.236462,PICHINCHA,PEDRO MONCAYO,TABACUNDO,RURAL,2018-08-24,21:40:00,21,VIERNES,5,AGOSTO,8,NO,"CONDUCIR DESATENTO A LAS CONDICIONES DE TRANSITO (CELULAR, PANTALLAS DE VIDEO, COMIDA, MAQUILLAJE O CUALQUIER OTRO ELEMENTO DISTRACTOR).",CHOQUE FRONTAL,NO IDENTIFICADO,0,0,0,0,0,0,0,0,0,1,0,0,0,1,14,HOMBRE,FALLECIDO,PASAJERO,NO,NO,3
14402,45216,45217,2018,0,0,-0.207268,-78.520633,PICHINCHA,QUITO,QUITO,URBANA,2018-08-24,22:20:00,22,VIERNES,5,AGOSTO,8,NO,"CONDUCE BAJO LA INFLUENCIA DE ALCOHOL, SUSTANCIAS ESTUPEFACIENTES O PSICOTROPICAS Y/O MEDICAMENTOS.",ESTRELLAMIENTOS,AUTOMOVIL,2,0,0,0,0,0,0,0,0,0,0,0,0,2,40,HOMBRE,ILESO,CONDUCTOR PRESENTE,NO,NO,0
14403,45217,45218,2018,1,0,-0.551412,-78.586977,PICHINCHA,MEJIA,ALOASI,RURAL,2018-08-24,22:30:00,22,VIERNES,5,AGOSTO,8,NO,"CONDUCIR DESATENTO A LAS CONDICIONES DE TRANSITO (CELULAR, PANTALLAS DE VIDEO, COMIDA, MAQUILLAJE O CUALQUIER OTRO ELEMENTO DISTRACTOR).",CHOQUE POSTERIOR,AUTOMOVIL,1,0,0,0,0,0,0,0,0,0,0,0,0,1,34,HOMBRE,LESIONADO,CONDUCTOR PRESENTE,NO,NO,3
14404,45219,45220,2018,3,0,-0.125319,-78.290476,PICHINCHA,QUITO,EL QUINCHE,RURAL,2018-08-24,22:40:00,22,VIERNES,5,AGOSTO,8,NO,NO GUARDAR LA DISTANCIA LATERAL MINIMA DE SEGURIDAD ENTRE VEHICULOS.,CHOQUE LATERAL,MOTOCICLETA,1,0,0,0,0,0,0,0,1,0,0,0,0,2,26,HOMBRE,LESIONADO,PASAJERO,NO,NO,3
14405,45222,45223,2018,1,0,-0.150077,-78.474637,PICHINCHA,QUITO,QUITO,URBANA,2018-08-24,23:55:00,23,VIERNES,5,AGOSTO,8,NO,NO TRANSITAR POR LAS ACERAS O ZONAS DE SEGURIDAD DESTINADAS PARA EL EFECTO.,ATROPELLOS,NO IDENTIFICADO,0,0,0,0,0,0,0,0,0,1,0,0,0,1,19,HOMBRE,LESIONADO,PEATON,NO,NO,0
14406,45225,45226,2018,0,0,-0.107833,-78.506737,PICHINCHA,QUITO,QUITO,URBANA,2018-08-25,00:20:00,0,SABADO,6,AGOSTO,8,NO,CONDUCIR VEHICULO SUPERANDO LOS LIMITES MAXIMOS DE VELOCIDAD.,VOLCAMIENTOS,MOTOCICLETA,0,0,0,0,0,0,0,0,1,0,0,0,0,1,31,MUJER,ILESO,CONDUCTOR PRESENTE,NO,NO,0
14407,45228,45229,2018,1,0,-0.131111,-78.496652,PICHINCHA,QUITO,QUITO,URBANA,2018-08-25,02:05:00,2,SABADO,6,AGOSTO,8,NO,REALIZAR CAMBIO BRUSCO O INDEBIDO DE CARRIL.,PERDIDA DE CARRIL,MOTOCICLETA,0,0,0,0,0,0,0,0,1,0,0,0,0,1,25,HOMBRE,LESIONADO,CONDUCTOR PRESENTE,NO,NO,0
14408,45229,45230,2018,2,0,-0.192585,-78.488513,PICHINCHA,QUITO,QUITO,URBANA,2018-08-25,02:10:00,2,SABADO,6,AGOSTO,8,NO,CONDUCIR VEHICULO SUPERANDO LOS LIMITES MAXIMOS DE VELOCIDAD.,ESTRELLAMIENTOS,AUTOMOVIL,1,0,0,0,0,0,0,0,0,0,0,0,0,1,19,HOMBRE,LESIONADO,PASAJERO,NO,NO,0
14409,45230,45231,2018,1,0,-0.101523,-78.486497,PICHINCHA,QUITO,QUITO,URBANA,2018-08-25,02:15:00,2,SABADO,6,AGOSTO,8,NO,CONDUCIR VEHICULO SUPERANDO LOS LIMITES MAXIMOS DE VELOCIDAD.,PERDIDA DE CARRIL,MOTOCICLETA,0,0,0,0,0,0,0,0,1,0,0,0,0,1,30,HOMBRE,LESIONADO,CONDUCTOR PRESENTE,NO,NO,0
14410,45232,45233,2018,0,0,-0.094317,-78.481921,PICHINCHA,QUITO,QUITO,URBANA,2018-08-25,02:35:00,2,SABADO,6,AGOSTO,8,NO,"CONDUCE BAJO LA INFLUENCIA DE ALCOHOL, SUSTANCIAS ESTUPEFACIENTES O PSICOTROPICAS Y/O MEDICAMENTOS.",CHOQUE POSTERIOR,AUTOMOVIL,2,0,0,0,0,0,0,0,0,0,0,0,0,2,43,HOMBRE,ILESO,CONDUCTOR PRESENTE,NO,NO,0
14411,45240,45241,2018,3,0,0.030228,-78.656694,PICHINCHA,QUITO,NONO,URBANA,2018-08-25,04:56:00,4,SABADO,6,AGOSTO,8,NO,"CONDUCIR EN ESTADO DE SOMNOLENCIA O MALAS CONDICIONES FISICAS (SUENIO, CANSANCIO Y FATIGA).",CHOQUE FRONTAL,CAMIONETA,1,0,0,0,1,0,0,0,0,0,0,0,0,2,55,MUJER,LESIONADO,PASAJERO,NO,NO,0
14412,45241,45242,2018,0,0,-0.168435,-78.481719,PICHINCHA,QUITO,QUITO,URBANA,2018-08-25,05:40:00,5,SABADO,6,AGOSTO,8,NO,CONDUCIR VEHICULO SUPERANDO LOS LIMITES MAXIMOS DE VELOCIDAD.,ESTRELLAMIENTOS,AUTOMOVIL,1,0,0,0,0,0,0,0,0,0,0,0,0,1,-1,NO IDENTIFICADO,NO IDENTIFICADO,CONDUCTOR AUSENTE,NO,NO,2
14413,45243,45244,2018,0,1,-0.375899,-78.494561,PICHINCHA,QUITO,AMAGUANIA,URBANA,2018-08-25,05:45:00,5,SABADO,6,AGOSTO,8,NO,DEJAR O RECOGER PASAJEROS EN LUGARES NO PERMITIDOS.,ATROPELLOS,NO IDENTIFICADO,0,0,0,0,0,0,0,0,0,1,0,0,0,1,26,HOMBRE,FALLECIDO,PEATON,NO,NO,0
14414,45248,45249,2018,0,0,-0.208647,-78.495524,PICHINCHA,QUITO,QUITO,URBANA,2018-08-25,08:15:00,8,SABADO,6,AGOSTO,8,NO,"NO RESPETAR LAS SENIALES REGLAMENTARIAS DE TRANSITO. (PARE, CEDA EL PASO, LUZ ROJA DEL SEMAFORO, ETC).",OTROS,AUTOMOVIL,1,0,0,0,0,0,0,0,0,0,0,0,0,1,-1,NO IDENTIFICADO,NO IDENTIFICADO,CONDUCTOR AUSENTE,NO,NO,2
14415,45250,45251,2018,0,0,-0.208516,-78.507507,PICHINCHA,QUITO,QUITO,URBANA,2018-08-25,08:30:00,8,SABADO,6,AGOSTO,8,NO,"NO RESPETAR LAS SENIALES REGLAMENTARIAS DE TRANSITO. (PARE, CEDA EL PASO, LUZ ROJA DEL SEMAFORO, ETC).",OTROS,AUTOMOVIL,1,0,0,0,0,0,0,0,0,0,0,0,0,1,-1,NO IDENTIFICADO,NO IDENTIFICADO,CONDUCTOR AUSENTE,NO,NO,2
14416,45252,45253,2018,1,0,-0.187729,-78.455207,PICHINCHA,QUITO,QUITO,URBANA,2018-08-25,09:00:00,9,SABADO,6,AGOSTO,8,NO,PEATON QUE CRUZA LA CALZADA SIN RESPETAR LA SENIALIZACION EXISTENTE (SEMAFOROS O SENIALES MANUALES).,ATROPELLOS,NO IDENTIFICADO,0,0,0,0,0,0,0,0,0,1,0,0,0,1,31,MUJER,LESIONADO,PEATON,NO,NO,0
14417,45258,45259,2018,1,0,-0.291131,-78.524158,PICHINCHA,QUITO,QUITO,URBANA,2018-08-25,12:15:00,12,SABADO,6,AGOSTO,8,NO,NO CEDER EL DERECHO DE VIA O PREFERENCIA DE PASO AL PEATON.,ATROPELLOS,NO IDENTIFICADO,0,0,0,0,0,0,0,0,0,1,0,0,0,1,55,MUJER,LESIONADO,PEATON,NO,NO,0
14418,45265,45266,2018,0,0,-0.243255,-78.508899,PICHINCHA,QUITO,QUITO,URBANA,2018-08-25,14:10:00,14,SABADO,6,AGOSTO,8,NO,NO GUARDAR LA DISTANCIA LATERAL MINIMA DE SEGURIDAD ENTRE VEHICULOS.,CHOQUE LATERAL,MOTOCICLETA,0,0,0,0,0,0,0,0,1,1,0,0,0,2,18,HOMBRE,ILESO,CONDUCTOR PRESENTE,NO,NO,0
14419,45266,45267,2018,0,0,-0.116194,-78.478052,PICHINCHA,QUITO,QUITO,URBANA,2018-08-25,14:13:00,14,SABADO,6,AGOSTO,8,NO,"FALLA MECANICA EN LOS SISTEMAS Y/O NEUMATICOS (SISTEMA DE FRENOS, DIRECCION, ELECTRONICO O MECANICO).",ESTRELLAMIENTOS,AUTOMOVIL,2,0,0,1,0,0,0,0,0,0,0,0,0,3,28,HOMBRE,ILESO,CONDUCTOR PRESENTE,NO,NO,0
14420,45267,45268,2018,0,0,-0.190017,-78.453854,PICHINCHA,QUITO,NAYON,URBANA,2018-08-25,14:35:00,14,SABADO,6,AGOSTO,8,NO,CONDUCIR VEHICULO SUPERANDO LOS LIMITES MAXIMOS DE VELOCIDAD.,CHOQUE LATERAL,AUTOMOVIL,2,0,0,0,0,0,0,0,0,0,0,0,0,2,39,MUJER,ILESO,CONDUCTOR PRESENTE,NO,NO,0
14421,45268,45269,2018,3,0,-0.206192,-78.522112,PICHINCHA,QUITO,QUITO,URBANA,2018-08-25,14:50:00,14,SABADO,6,AGOSTO,8,NO,NO MANTENER LA DISTANCIA PRUDENCIAL CON RESPECTO AL VEHICULO QUE LE ANTECEDE.,CHOQUE LATERAL,AUTOMOVIL,2,0,0,0,0,0,0,0,0,0,0,0,0,2,23,MUJER,LESIONADO,CONDUCTOR PRESENTE,NO,NO,0
14422,45270,45271,2018,2,0,-0.144976,-78.469451,PICHINCHA,QUITO,QUITO,URBANA,2018-08-25,15:30:00,15,SABADO,6,AGOSTO,8,NO,CONDUCIR VEHICULO SUPERANDO LOS LIMITES MAXIMOS DE VELOCIDAD.,ESTRELLAMIENTOS,AUTOMOVIL,2,0,0,0,0,0,0,0,0,0,0,0,0,2,20,MUJER,LESIONADO,PASAJERO,NO,NO,0