,Unnamed: 0,ID,ANIO,LESIONADOS,FALLECIDOS,LATITUD_Y,LONGITUD_X,PROVINCIA,CANTON,PARROQUIA,ZONA,FECHA,HORA,PERIODO_2,DIA_1,DIA_2,MES_1,MES_2,FERIADO,CAUSA_PROBABLE,TIPO_DE_SINIESTRO,TIPO_DE_VEHICULO_1,AUTOMOVIL,BICICLETA,BUS,CAMION,CAMIONETA,EMERGENCIAS,ESPECIAL,FURGONETA,MOTOCICLETA,NO_IDENTIFICADO,SCOOTER_ELECTRICO,TRICIMOTO,VEHICULO_DEPORTIVO_UTILITARIO,SUMA_DE_VEHICULOS,EDAD_1,SEXO_1,CONDICION_1,PARTICIPANTE_1,CASCO_1,CINTURON_1,KMeans_Cluster
14423,45271,45272,2018,2,0,-0.152267,-78.465198,PICHINCHA,QUITO,QUITO,URBANA,2018-08-25,15:35:00,15,SABADO,6,AGOSTO,8,NO,CONDUCIR VEHICULO SUPERANDO LOS LIMITES MAXIMOS DE VELOCIDAD.,ATROPELLOS,NO IDENTIFICADO,0,0,0,0,0,0,0,0,0,1,0,0,0,1,14,HOMBRE,LESIONADO,PASAJERO,NO,NO,0
14424,45272,45273,2018,1,0,-0.266329,-78.543539,PICHINCHA,QUITO,QUITO,URBANA,2018-08-25,15:45:00,15,SABADO,6,AGOSTO,8,NO,NO CEDER EL DERECHO DE VIA O PREFERENCIA DE PASO A VEHICULOS.,CHOQUE LATERAL,CAMION,0,0,0,1,0,0,0,0,1,0,0,0,0,2,26,MUJER,LESIONADO,CONDUCTOR PRESENTE,NO,NO,0
14425,45274,45275,2018,1,0,-0.214639,-78.504322,PICHINCHA,QUITO,QUITO,URBANA,2018-08-25,16:15:00,16,SABADO,6,AGOSTO,8,NO,PEATON QUE CRUZA LA CALZADA SIN RESPETAR LA SENIALIZACION EXISTENTE (SEMAFOROS O SENIALES MANUALES).,ATROPELLOS,NO IDENTIFICADO,0,0,0,0,0,0,0,0,0,1,0,0,0,1,88,HOMBRE,LESIONADO,PEATON,NO,NO,0
14426,45276,45277,2018,2,0,-0.152267,-78.465198,PICHINCHA,QUITO,QUITO,URBANA,2018-08-25,16:35:00,16,SABADO,6,AGOSTO,8,NO,"PRESENCIA DE AGENTES EXTERNOS EN LA VIA (AGUA, ACEITE, PIEDRA, LASTRE, ESCOMBROS, MADEROS, ETC.).",ESTRELLAMIENTOS,MOTOCICLETA,0,0,0,0,0,0,0,0,1,0,0,0,0,1,21,HOMBRE,LESIONADO,CONDUCTOR PRESENTE,NO,NO,0
14427,45278,45279,2018,1,0,-0.259923,-78.531254,PICHINCHA,QUITO,QUITO,URBANA,2018-08-25,17:20:00,17,SABADO,6,AGOSTO,8,NO,CONDUCIR VEHICULO SUPERANDO LOS LIMITES MAXIMOS DE VELOCIDAD.,ATROPELLOS,NO IDENTIFICADO,0,0,0,0,0,0,0,0,0,1,0,0,0,1,9,HOMBRE,LESIONADO,PEATON,NO,NO,0
14428,45279,45280,2018,1,0,-0.272035,-78.335934,PICHINCHA,QUITO,PIFO,RURAL,2018-08-25,17:30:00,17,SABADO,6,AGOSTO,8,NO,NO MANTENER LA DISTANCIA PRUDENCIAL CON RESPECTO AL VEHICULO QUE LE ANTECEDE.,CHOQUE POSTERIOR,MOTOCICLETA,1,0,0,0,0,0,0,0,1,0,0,0,0,2,36,HOMBRE,LESIONADO,PASAJERO,NO,NO,3
14429,45286,45287,2018,0,0,-0.255754,-78.541973,PICHINCHA,QUITO,QUITO,URBANA,2018-08-25,19:00:00,19,SABADO,6,AGOSTO,8,NO,"CONDUCE BAJO LA INFLUENCIA DE ALCOHOL, SUSTANCIAS ESTUPEFACIENTES O PSICOTROPICAS Y/O MEDICAMENTOS.",CHOQUE FRONTAL,CAMIONETA,1,0,0,0,1,0,0,0,0,0,0,0,0,2,52,HOMBRE,ILESO,CONDUCTOR PRESENTE,NO,NO,0
14430,45291,45292,2018,1,0,-0.189339,-78.483279,PICHINCHA,QUITO,QUITO,URBANA,2018-08-25,20:20:00,20,SABADO,6,AGOSTO,8,NO,NO MANTENER LA DISTANCIA PRUDENCIAL CON RESPECTO AL VEHICULO QUE LE ANTECEDE.,CHOQUE POSTERIOR,AUTOMOVIL,2,0,0,0,0,0,0,0,0,0,0,0,0,2,82,MUJER,LESIONADO,PASAJERO,NO,NO,0
14431,45293,45294,2018,1,0,-0.208844,-78.335604,PICHINCHA,QUITO,YARUQUI,URBANA,2018-08-25,20:30:00,20,SABADO,6,AGOSTO,8,NO,CONDUCIR VEHICULO SUPERANDO LOS LIMITES MAXIMOS DE VELOCIDAD.,ATROPELLOS,NO IDENTIFICADO,0,0,0,0,0,0,0,0,0,1,0,0,0,1,25,HOMBRE,LESIONADO,PEATON,NO,NO,0
14432,45299,45300,2018,0,0,-0.199767,-78.428809,PICHINCHA,QUITO,CUMBAYA,URBANA,2018-08-25,21:30:00,21,SABADO,6,AGOSTO,8,NO,NO MANTENER LA DISTANCIA PRUDENCIAL CON RESPECTO AL VEHICULO QUE LE ANTECEDE.,CHOQUE POSTERIOR,MOTOCICLETA,0,0,0,0,0,0,0,0,1,1,0,0,0,2,35,HOMBRE,ILESO,CONDUCTOR PRESENTE,NO,NO,0
14433,45304,45305,2018,1,0,-0.100965,-78.483391,PICHINCHA,QUITO,QUITO,URBANA,2018-08-25,23:30:00,23,SABADO,6,AGOSTO,8,NO,"CONDUCE BAJO LA INFLUENCIA DE ALCOHOL, SUSTANCIAS ESTUPEFACIENTES O PSICOTROPICAS Y/O MEDICAMENTOS.",ESTRELLAMIENTOS,AUTOMOVIL,2,0,0,0,0,0,0,0,0,0,0,0,0,2,39,HOMBRE,LESIONADO,CONDUCTOR PRESENTE,NO,NO,0
14434,45307,45308,2018,0,0,-0.276235,-78.552751,PICHINCHA,QUITO,QUITO,URBANA,2018-08-25,23:45:00,23,SABADO,6,AGOSTO,8,NO,"CONDUCE BAJO LA INFLUENCIA DE ALCOHOL, SUSTANCIAS ESTUPEFACIENTES O PSICOTROPICAS Y/O MEDICAMENTOS.",ESTRELLAMIENTOS,AUTOMOVIL,2,0,0,0,1,0,0,0,0,0,0,0,0,3,41,HOMBRE,ILESO,CONDUCTOR PRESENTE,NO,NO,0
14435,45309,45310,2018,0,1,-0.205354,-78.500513,PICHINCHA,QUITO,QUITO,URBANA,2018-08-26,00:10:00,0,DOMINGO,7,AGOSTO,8,NO,"NO RESPETAR LAS SENIALES REGLAMENTARIAS DE TRANSITO. (PARE, CEDA EL PASO, LUZ ROJA DEL SEMAFORO, ETC).",CHOQUE LATERAL,CAMION,0,0,0,1,0,0,0,0,0,1,0,0,0,2,64,HOMBRE,FALLECIDO,CONDUCTOR PRESENTE,NO,NO,0
14436,45312,45313,2018,0,0,-0.254202,-78.556511,PICHINCHA,QUITO,QUITO,URBANA,2018-08-26,00:30:00,0,DOMINGO,7,AGOSTO,8,NO,CONDUCIR VEHICULO SUPERANDO LOS LIMITES MAXIMOS DE VELOCIDAD.,ESTRELLAMIENTOS,AUTOMOVIL,1,0,0,0,0,0,0,0,0,1,0,0,0,2,-1,NO IDENTIFICADO,NO IDENTIFICADO,CONDUCTOR AUSENTE,NO,NO,2
14437,45315,45316,2018,1,0,-0.317985,-78.555986,PICHINCHA,QUITO,QUITO,URBANA,2018-08-26,01:00:00,1,DOMINGO,7,AGOSTO,8,NO,"CONDUCIR DESATENTO A LAS CONDICIONES DE TRANSITO (CELULAR, PANTALLAS DE VIDEO, COMIDA, MAQUILLAJE O CUALQUIER OTRO ELEMENTO DISTRACTOR).",ESTRELLAMIENTOS,AUTOMOVIL,1,0,0,0,0,0,0,0,0,0,0,0,0,1,57,HOMBRE,LESIONADO,PASAJERO,NO,NO,0
14438,45319,45320,2018,1,0,-0.204095,-78.458079,PICHINCHA,QUITO,QUITO,URBANA,2018-08-26,01:47:00,1,DOMINGO,7,AGOSTO,8,NO,"CONDUCIR EN ESTADO DE SOMNOLENCIA O MALAS CONDICIONES FISICAS (SUENIO, CANSANCIO Y FATIGA).",ESTRELLAMIENTOS,AUTOMOVIL,1,0,0,0,0,0,0,0,0,0,0,0,0,1,27,HOMBRE,LESIONADO,CONDUCTOR PRESENTE,NO,NO,0
14439,45322,45323,2018,2,0,-0.230247,-78.523025,PICHINCHA,QUITO,QUITO,URBANA,2018-08-26,02:35:00,2,DOMINGO,7,AGOSTO,8,NO,CONDUCIR VEHICULO SUPERANDO LOS LIMITES MAXIMOS DE VELOCIDAD.,ATROPELLOS,NO IDENTIFICADO,0,0,0,0,0,0,0,0,0,1,0,0,0,1,38,HOMBRE,LESIONADO,PEATON,NO,NO,0
14440,45325,45326,2018,0,0,-0.103346,-78.374934,PICHINCHA,QUITO,TABABELA,RURAL,2018-08-26,03:00:00,3,DOMINGO,7,AGOSTO,8,NO,"CONDUCIR DESATENTO A LAS CONDICIONES DE TRANSITO (CELULAR, PANTALLAS DE VIDEO, COMIDA, MAQUILLAJE O CUALQUIER OTRO ELEMENTO DISTRACTOR).",PERDIDA DE CARRIL,CAMIONETA,0,0,0,0,1,0,0,0,0,0,0,0,0,1,-1,NO IDENTIFICADO,NO IDENTIFICADO,CONDUCTOR AUSENTE,NO,NO,2
14441,45330,45331,2018,0,0,-0.328831,-78.560625,PICHINCHA,QUITO,QUITO,URBANA,2018-08-26,03:40:00,3,DOMINGO,7,AGOSTO,8,NO,"CONDUCE BAJO LA INFLUENCIA DE ALCOHOL, SUSTANCIAS ESTUPEFACIENTES O PSICOTROPICAS Y/O MEDICAMENTOS.",CHOQUE FRONTAL,AUTOMOVIL,2,0,0,0,0,0,0,0,0,0,0,0,0,2,46,HOMBRE,ILESO,CONDUCTOR PRESENTE,NO,NO,0
14442,45331,45332,2018,0,0,-0.000173,-78.447581,PICHINCHA,QUITO,SAN ANTONIO (QUITO),RURAL,2018-08-26,03:45:00,3,DOMINGO,7,AGOSTO,8,NO,"CONDUCE BAJO LA INFLUENCIA DE ALCOHOL, SUSTANCIAS ESTUPEFACIENTES O PSICOTROPICAS Y/O MEDICAMENTOS.",ROZAMIENTOS,AUTOMOVIL,2,0,0,0,0,0,0,0,0,0,0,0,0,2,39,MUJER,ILESO,CONDUCTOR PRESENTE,NO,NO,3
14443,45334,45335,2018,1,0,-0.164687,-78.468089,PICHINCHA,QUITO,QUITO,URBANA,2018-08-26,04:10:00,4,DOMINGO,7,AGOSTO,8,NO,"CONDUCE BAJO LA INFLUENCIA DE ALCOHOL, SUSTANCIAS ESTUPEFACIENTES O PSICOTROPICAS Y/O MEDICAMENTOS.",CHOQUE LATERAL,AUTOMOVIL,2,0,0,0,0,0,0,0,0,0,0,0,0,2,22,HOMBRE,LESIONADO,CONDUCTOR PRESENTE,NO,NO,0
14444,45340,45341,2018,0,0,-0.262722,-78.538105,PICHINCHA,QUITO,QUITO,URBANA,2018-08-26,05:20:00,5,DOMINGO,7,AGOSTO,8,NO,NO MANTENER LA DISTANCIA PRUDENCIAL CON RESPECTO AL VEHICULO QUE LE ANTECEDE.,CHOQUE POSTERIOR,AUTOMOVIL,2,0,0,0,0,0,0,0,0,0,0,0,0,2,23,HOMBRE,ILESO,CONDUCTOR PRESENTE,NO,NO,0
14445,45341,45342,2018,0,0,-0.156511,-78.491203,PICHINCHA,QUITO,QUITO,URBANA,2018-08-26,05:30:00,5,DOMINGO,7,AGOSTO,8,NO,"CONDUCE BAJO LA INFLUENCIA DE ALCOHOL, SUSTANCIAS ESTUPEFACIENTES O PSICOTROPICAS Y/O MEDICAMENTOS.",CHOQUE LATERAL,AUTOMOVIL,1,0,0,1,0,0,0,0,0,0,0,0,0,2,22,HOMBRE,ILESO,CONDUCTOR PRESENTE,NO,NO,0
14446,45345,45346,2018,1,0,-0.105384,-78.497731,PICHINCHA,QUITO,QUITO,URBANA,2018-08-26,06:00:00,6,DOMINGO,7,AGOSTO,8,NO,NO MANTENER LA DISTANCIA PRUDENCIAL CON RESPECTO AL VEHICULO QUE LE ANTECEDE.,CHOQUE POSTERIOR,AUTOMOVIL,1,0,0,1,0,0,0,0,0,0,0,0,0,2,53,HOMBRE,LESIONADO,PASAJERO,NO,NO,0
14447,45351,45352,2018,1,0,-0.217083,-78.509938,PICHINCHA,QUITO,QUITO,URBANA,2018-08-26,07:20:00,7,DOMINGO,7,AGOSTO,8,NO,NO TRANSITAR POR LAS ACERAS O ZONAS DE SEGURIDAD DESTINADAS PARA EL EFECTO.,ATROPELLOS,VEHICULO DEPORTIVO UTILITARIO,0,0,0,0,0,0,0,0,0,0,0,0,1,1,53,MUJER,LESIONADO,PEATON,NO,NO,0
14448,45353,45354,2018,0,0,-0.135734,-78.484431,PICHINCHA,QUITO,QUITO,URBANA,2018-08-26,08:25:00,8,DOMINGO,7,AGOSTO,8,NO,REALIZAR CAMBIO BRUSCO O INDEBIDO DE CARRIL.,CHOQUE LATERAL,AUTOMOVIL,2,0,0,0,0,0,0,0,0,0,0,0,0,2,62,HOMBRE,ILESO,CONDUCTOR PRESENTE,NO,NO,0
14449,45359,45360,2018,1,0,-0.172253,-78.492393,PICHINCHA,QUITO,QUITO,URBANA,2018-08-26,11:50:00,11,DOMINGO,7,AGOSTO,8,NO,NO MANTENER LA DISTANCIA PRUDENCIAL CON RESPECTO AL VEHICULO QUE LE ANTECEDE.,CHOQUE POSTERIOR,AUTOMOVIL,1,0,0,0,0,0,0,0,0,1,0,0,0,2,48,MUJER,LESIONADO,CONDUCTOR PRESENTE,NO,NO,0
14450,45368,45369,2018,0,0,-0.308165,-78.533946,PICHINCHA,QUITO,QUITO,URBANA,2018-08-26,14:15:00,14,DOMINGO,7,AGOSTO,8,NO,"FALLA MECANICA EN LOS SISTEMAS Y/O NEUMATICOS (SISTEMA DE FRENOS, DIRECCION, ELECTRONICO O MECANICO).",ESTRELLAMIENTOS,NO IDENTIFICADO,0,0,0,0,0,0,0,0,0,1,0,0,0,1,-1,NO IDENTIFICADO,NO IDENTIFICADO,CONDUCTOR AUSENTE,NO,NO,2
14451,45369,45370,2018,2,0,-0.110003,-78.501091,PICHINCHA,QUITO,QUITO,URBANA,2018-08-26,14:15:00,14,DOMINGO,7,AGOSTO,8,NO,CONDUCIR VEHICULO SUPERANDO LOS LIMITES MAXIMOS DE VELOCIDAD.,ESTRELLAMIENTOS,AUTOMOVIL,1,0,0,0,0,0,0,0,0,0,0,0,0,1,28,MUJER,LESIONADO,PASAJERO,NO,NO,0
14452,45372,45373,2018,1,0,-0.277345,-78.548741,PICHINCHA,QUITO,QUITO,URBANA,2018-08-26,14:30:00,14,DOMINGO,7,AGOSTO,8,NO,NO TRANSITAR POR LAS ACERAS O ZONAS DE SEGURIDAD DESTINADAS PARA EL EFECTO.,ATROPELLOS,NO IDENTIFICADO,0,0,0,0,0,0,0,0,0,1,0,0,0,1,37,HOMBRE,LESIONADO,PEATON,NO,NO,0
14453,45374,45375,2018,1,0,-0.239851,-78.487776,PICHINCHA,QUITO,QUITO,URBANA,2018-08-26,16:20:00,16,DOMINGO,7,AGOSTO,8,NO,CONDUCIR VEHICULO SUPERANDO LOS LIMITES MAXIMOS DE VELOCIDAD.,VOLCAMIENTOS,MOTOCICLETA,0,0,0,0,0,0,0,0,1,0,0,0,0,1,22,HOMBRE,LESIONADO,CONDUCTOR PRESENTE,NO,NO,0
14454,45386,45387,2018,0,0,-0.151413,-78.488727,PICHINCHA,QUITO,QUITO,URBANA,2018-08-26,19:00:00,19,DOMINGO,7,AGOSTO,8,NO,REALIZAR CAMBIO BRUSCO O INDEBIDO DE CARRIL.,CHOQUE LATERAL,AUTOMOVIL,2,0,0,0,0,0,0,0,0,0,0,0,0,2,79,HOMBRE,ILESO,CONDUCTOR PRESENTE,NO,NO,0
14455,45387,45388,2018,1,0,-0.227466,-78.507356,PICHINCHA,QUITO,QUITO,URBANA,2018-08-26,19:10:00,19,DOMINGO,7,AGOSTO,8,NO,PEATON QUE CRUZA LA CALZADA SIN RESPETAR LA SENIALIZACION EXISTENTE (SEMAFOROS O SENIALES MANUALES).,ATROPELLOS,BUS,0,0,1,0,0,0,0,0,0,0,0,0,0,1,26,HOMBRE,LESIONADO,PEATON,NO,NO,0
14456,45390,45391,2018,1,0,-0.119375,-78.485731,PICHINCHA,QUITO,QUITO,URBANA,2018-08-26,19:30:00,19,DOMINGO,7,AGOSTO,8,NO,CONDUCIR VEHICULO SUPERANDO LOS LIMITES MAXIMOS DE VELOCIDAD.,CHOQUE LATERAL,BICICLETA,0,1,0,0,0,0,0,0,0,1,0,0,0,2,33,HOMBRE,LESIONADO,CONDUCTOR PRESENTE,NO,NO,0
14457,45391,45392,2018,0,0,-0.102376,-78.450217,PICHINCHA,QUITO,CALDERON (CARAPUNGO),URBANA,2018-08-26,19:30:00,19,DOMINGO,7,AGOSTO,8,NO,"CONDUCE BAJO LA INFLUENCIA DE ALCOHOL, SUSTANCIAS ESTUPEFACIENTES O PSICOTROPICAS Y/O MEDICAMENTOS.",ROZAMIENTOS,CAMIONETA,1,0,0,0,1,0,0,0,0,0,0,0,0,2,53,HOMBRE,ILESO,CONDUCTOR PRESENTE,NO,NO,0
14458,45395,45396,2018,0,0,-0.010166,-78.443841,PICHINCHA,QUITO,SAN ANTONIO (QUITO),RURAL,2018-08-26,20:09:00,20,DOMINGO,7,AGOSTO,8,NO,"CONDUCIR DESATENTO A LAS CONDICIONES DE TRANSITO (CELULAR, PANTALLAS DE VIDEO, COMIDA, MAQUILLAJE O CUALQUIER OTRO ELEMENTO DISTRACTOR).",OTROS,AUTOMOVIL,2,0,0,0,1,0,0,0,0,0,0,0,0,3,24,MUJER,ILESO,CONDUCTOR PRESENTE,NO,NO,3
14459,45396,45397,2018,0,0,-0.178821,-78.359083,PICHINCHA,QUITO,PUEMBO,URBANA,2018-08-26,20:10:00,20,DOMINGO,7,AGOSTO,8,NO,"CONDUCIR DESATENTO A LAS CONDICIONES DE TRANSITO (CELULAR, PANTALLAS DE VIDEO, COMIDA, MAQUILLAJE O CUALQUIER OTRO ELEMENTO DISTRACTOR).",ESTRELLAMIENTOS,AUTOMOVIL,2,0,0,0,0,0,0,0,0,0,0,0,0,2,23,MUJER,ILESO,CONDUCTOR PRESENTE,NO,NO,0
14460,45398,45399,2018,0,0,-0.084019,-78.474356,PICHINCHA,QUITO,QUITO,URBANA,2018-08-26,20:45:00,20,DOMINGO,7,AGOSTO,8,NO,NO MANTENER LA DISTANCIA PRUDENCIAL CON RESPECTO AL VEHICULO QUE LE ANTECEDE.,CHOQUE POSTERIOR,AUTOMOVIL,2,0,0,0,0,0,0,0,0,0,0,0,0,2,26,HOMBRE,ILESO,CONDUCTOR PRESENTE,NO,NO,0
14461,45404,45405,2018,0,0,-0.290221,-78.537183,PICHINCHA,QUITO,QUITO,URBANA,2018-08-26,21:40:00,21,DOMINGO,7,AGOSTO,8,NO,"CONDUCE BAJO LA INFLUENCIA DE ALCOHOL, SUSTANCIAS ESTUPEFACIENTES O PSICOTROPICAS Y/O MEDICAMENTOS.",CHOQUE LATERAL,AUTOMOVIL,2,0,0,0,0,0,0,0,0,0,0,0,0,2,57,HOMBRE,ILESO,CONDUCTOR PRESENTE,NO,NO,0
14462,45410,45411,2018,0,1,-0.162325,-78.487977,PICHINCHA,QUITO,QUITO,URBANA,2018-08-27,01:30:00,1,LUNES,1,AGOSTO,8,NO,CONDUCIR VEHICULO SUPERANDO LOS LIMITES MAXIMOS DE VELOCIDAD.,ESTRELLAMIENTOS,NO IDENTIFICADO,0,0,0,0,0,0,0,0,0,1,0,0,0,1,26,HOMBRE,FALLECIDO,PASAJERO,NO,NO,0
14463,45416,45417,2018,0,0,-0.207249,-78.508593,PICHINCHA,QUITO,QUITO,URBANA,2018-08-27,07:00:00,7,LUNES,1,AGOSTO,8,NO,CONDUCIR VEHICULO SUPERANDO LOS LIMITES MAXIMOS DE VELOCIDAD.,CHOQUE LATERAL,AUTOMOVIL,1,0,0,0,1,0,0,0,0,0,0,0,0,2,39,HOMBRE,ILESO,CONDUCTOR PRESENTE,NO,NO,0
14464,45417,45418,2018,0,0,-0.234232,-78.509677,PICHINCHA,QUITO,QUITO,URBANA,2018-08-27,07:00:00,7,LUNES,1,AGOSTO,8,NO,REALIZAR CAMBIO BRUSCO O INDEBIDO DE CARRIL.,CHOQUE LATERAL,AUTOMOVIL,1,0,0,0,0,0,0,0,1,0,0,0,0,2,29,MUJER,ILESO,CONDUCTOR PRESENTE,NO,NO,0
14465,45418,45419,2018,1,0,-0.235389,-78.516946,PICHINCHA,QUITO,QUITO,URBANA,2018-08-27,07:00:00,7,LUNES,1,AGOSTO,8,NO,NO MANTENER LA DISTANCIA PRUDENCIAL CON RESPECTO AL VEHICULO QUE LE ANTECEDE.,CHOQUE POSTERIOR,NO IDENTIFICADO,0,0,0,0,0,0,0,0,0,1,0,0,0,1,37,HOMBRE,LESIONADO,CONDUCTOR PRESENTE,NO,NO,0
14466,45420,45421,2018,1,0,-0.292724,-78.476485,PICHINCHA,QUITO,CONOCOTO,URBANA,2018-08-27,07:30:00,7,LUNES,1,AGOSTO,8,NO,NO TRANSITAR POR LAS ACERAS O ZONAS DE SEGURIDAD DESTINADAS PARA EL EFECTO.,ATROPELLOS,AUTOMOVIL,1,0,0,0,0,0,0,0,0,0,0,0,0,1,25,MUJER,LESIONADO,PEATON,NO,NO,0
14467,45421,45422,2018,3,0,-0.162831,-78.486035,PICHINCHA,QUITO,QUITO,URBANA,2018-08-27,07:45:00,7,LUNES,1,AGOSTO,8,NO,NO MANTENER LA DISTANCIA PRUDENCIAL CON RESPECTO AL VEHICULO QUE LE ANTECEDE.,CHOQUE POSTERIOR,AUTOMOVIL,2,0,0,0,0,0,0,0,0,0,0,0,0,2,47,HOMBRE,LESIONADO,CONDUCTOR PRESENTE,NO,NO,0
14468,45422,45423,2018,0,0,-0.313976,-78.553267,PICHINCHA,QUITO,QUITO,URBANA,2018-08-27,08:00:00,8,LUNES,1,AGOSTO,8,NO,"CONDUCIR EN ESTADO DE SOMNOLENCIA O MALAS CONDICIONES FISICAS (SUENIO, CANSANCIO Y FATIGA).",ESTRELLAMIENTOS,AUTOMOVIL,1,0,0,0,1,0,0,0,0,0,0,0,0,2,46,MUJER,ILESO,CONDUCTOR PRESENTE,NO,NO,0
14469,45437,45438,2018,1,0,-0.123822,-78.486382,PICHINCHA,QUITO,QUITO,URBANA,2018-08-27,13:20:00,13,LUNES,1,AGOSTO,8,NO,PEATON QUE CRUZA LA CALZADA SIN RESPETAR LA SENIALIZACION EXISTENTE (SEMAFOROS O SENIALES MANUALES).,ATROPELLOS,AUTOMOVIL,1,0,0,0,0,0,0,0,0,0,0,0,0,1,5,MUJER,LESIONADO,PEATON,NO,NO,0
14470,45440,45441,2018,0,0,-0.030905,-78.274769,PICHINCHA,CAYAMBE,SANTA ROSA DE CUZUBAMBA,URBANA,2018-08-27,13:50:00,13,LUNES,1,AGOSTO,8,NO,"CONDUCIR DESATENTO A LAS CONDICIONES DE TRANSITO (CELULAR, PANTALLAS DE VIDEO, COMIDA, MAQUILLAJE O CUALQUIER OTRO ELEMENTO DISTRACTOR).",ESTRELLAMIENTOS,AUTOMOVIL,1,0,0,0,0,0,0,0,0,0,0,0,0,1,40,HOMBRE,ILESO,CONDUCTOR PRESENTE,NO,NO,0
14471,45442,45443,2018,0,0,-0.109515,-78.499301,PICHINCHA,QUITO,QUITO,URBANA,2018-08-27,14:50:00,14,LUNES,1,AGOSTO,8,NO,NO MANTENER LA DISTANCIA PRUDENCIAL CON RESPECTO AL VEHICULO QUE LE ANTECEDE.,CHOQUE POSTERIOR,AUTOMOVIL,2,0,0,0,0,0,0,0,0,0,0,0,0,2,33,MUJER,ILESO,CONDUCTOR PRESENTE,NO,NO,0
14472,45445,45446,2018,0,0,-0.239131,-78.528469,PICHINCHA,QUITO,QUITO,URBANA,2018-08-27,15:21:00,15,LUNES,1,AGOSTO,8,NO,DANIOS MECANICOS PREVISIBLES.,OTROS,MOTOCICLETA,0,0,0,0,0,0,0,0,1,0,0,0,0,1,38,HOMBRE,ILESO,CONDUCTOR PRESENTE,NO,NO,0
14473,45446,45447,2018,1,0,-0.208905,-78.513406,PICHINCHA,QUITO,QUITO,URBANA,2018-08-27,15:25:00,15,LUNES,1,AGOSTO,8,NO,"CONDUCIR DESATENTO A LAS CONDICIONES DE TRANSITO (CELULAR, PANTALLAS DE VIDEO, COMIDA, MAQUILLAJE O CUALQUIER OTRO ELEMENTO DISTRACTOR).",ATROPELLOS,NO IDENTIFICADO,0,0,0,0,0,0,0,0,0,1,0,0,0,1,4,HOMBRE,LESIONADO,PASAJERO,NO,NO,0
14474,45448,45449,2018,1,0,-0.223828,-78.513317,PICHINCHA,QUITO,QUITO,URBANA,2018-08-27,15:30:00,15,LUNES,1,AGOSTO,8,NO,NO GUARDAR LA DISTANCIA LATERAL MINIMA DE SEGURIDAD ENTRE VEHICULOS.,ROZAMIENTOS,BICICLETA,0,1,0,0,0,0,0,0,0,1,0,0,0,2,16,HOMBRE,LESIONADO,CONDUCTOR PRESENTE,NO,NO,0
14475,45450,45451,2018,1,0,-0.302391,-78.533343,PICHINCHA,QUITO,QUITO,URBANA,2018-08-27,15:50:00,15,LUNES,1,AGOSTO,8,NO,NO TRANSITAR POR LAS ACERAS O ZONAS DE SEGURIDAD DESTINADAS PARA EL EFECTO.,ATROPELLOS,NO IDENTIFICADO,0,0,0,0,0,0,0,0,0,1,0,0,0,1,66,MUJER,LESIONADO,PEATON,NO,NO,0
14476,45451,45452,2018,0,0,-0.108653,-78.453997,PICHINCHA,QUITO,CALDERON (CARAPUNGO),URBANA,2018-08-27,15:50:00,15,LUNES,1,AGOSTO,8,NO,CONDUCIR EN SENTIDO CONTRARIO A LA VIA NORMAL DE CIRCULACION.,OTROS,AUTOMOVIL,2,0,0,0,0,0,0,0,0,0,0,0,0,2,58,HOMBRE,ILESO,CONDUCTOR PRESENTE,NO,NO,0
14477,45454,45455,2018,1,0,-0.290134,-78.564993,PICHINCHA,QUITO,QUITO,URBANA,2018-08-27,16:10:00,16,LUNES,1,AGOSTO,8,NO,"NO RESPETAR LAS SENIALES REGLAMENTARIAS DE TRANSITO. (PARE, CEDA EL PASO, LUZ ROJA DEL SEMAFORO, ETC).",CHOQUE LATERAL,MOTOCICLETA,0,0,0,0,0,0,0,0,1,1,0,0,0,2,31,HOMBRE,LESIONADO,CONDUCTOR PRESENTE,NO,NO,0
14478,45455,45456,2018,0,0,-0.080879,-78.413038,PICHINCHA,QUITO,CALDERON (CARAPUNGO),URBANA,2018-08-27,16:35:00,16,LUNES,1,AGOSTO,8,NO,NO CEDER EL DERECHO DE VIA O PREFERENCIA DE PASO A VEHICULOS.,CHOQUE LATERAL,AUTOMOVIL,1,0,0,0,1,0,0,0,0,0,0,0,0,2,78,HOMBRE,ILESO,CONDUCTOR PRESENTE,NO,NO,0
14479,45458,45459,2018,2,0,-0.134066,-78.487783,PICHINCHA,QUITO,QUITO,URBANA,2018-08-27,16:55:00,16,LUNES,1,AGOSTO,8,NO,REALIZAR CAMBIO BRUSCO O INDEBIDO DE CARRIL.,CHOQUE LATERAL,AUTOMOVIL,1,0,0,0,0,0,0,0,1,0,0,0,0,2,25,HOMBRE,LESIONADO,CONDUCTOR PRESENTE,NO,NO,0
14480,45463,45464,2018,1,0,-0.208946,-78.511267,PICHINCHA,QUITO,QUITO,URBANA,2018-08-27,18:00:00,18,LUNES,1,AGOSTO,8,NO,PEATON QUE CRUZA LA CALZADA SIN RESPETAR LA SENIALIZACION EXISTENTE (SEMAFOROS O SENIALES MANUALES).,ATROPELLOS,BUS,0,0,1,0,0,0,0,0,0,0,0,0,0,1,25,HOMBRE,LESIONADO,PEATON,NO,NO,0
14481,45470,45471,2018,0,0,-0.294621,-78.548282,PICHINCHA,QUITO,QUITO,URBANA,2018-08-27,19:20:00,19,LUNES,1,AGOSTO,8,NO,"FALLA MECANICA EN LOS SISTEMAS Y/O NEUMATICOS (SISTEMA DE FRENOS, DIRECCION, ELECTRONICO O MECANICO).",ESTRELLAMIENTOS,BUS,0,0,1,0,0,0,0,0,0,0,0,0,0,1,33,HOMBRE,ILESO,CONDUCTOR PRESENTE,NO,NO,0