,Unnamed: 0,ID,ANIO,LESIONADOS,FALLECIDOS,LATITUD_Y,LONGITUD_X,PROVINCIA,CANTON,PARROQUIA,ZONA,FECHA,HORA,PERIODO_2,DIA_1,DIA_2,MES_1,MES_2,FERIADO,CAUSA_PROBABLE,TIPO_DE_SINIESTRO,TIPO_DE_VEHICULO_1,AUTOMOVIL,BICICLETA,BUS,CAMION,CAMIONETA,EMERGENCIAS,ESPECIAL,FURGONETA,MOTOCICLETA,NO_IDENTIFICADO,SCOOTER_ELECTRICO,TRICIMOTO,VEHICULO_DEPORTIVO_UTILITARIO,SUMA_DE_VEHICULOS,EDAD_1,SEXO_1,CONDICION_1,PARTICIPANTE_1,CASCO_1,CINTURON_1,KMeans_Cluster
14482,45472,45473,2018,0,0,-0.243078,-78.336868,PICHINCHA,QUITO,PIFO,RURAL,2018-08-27,20:20:00,20,LUNES,1,AGOSTO,8,NO,DANIOS MECANICOS PREVISIBLES.,PERDIDA DE CARRIL,VEHICULO DEPORTIVO UTILITARIO,0,0,0,1,0,0,0,0,0,0,0,0,1,2,30,HOMBRE,ILESO,CONDUCTOR PRESENTE,NO,NO,3
14483,45473,45474,2018,1,0,-0.267814,-78.532111,PICHINCHA,QUITO,QUITO,URBANA,2018-08-27,20:25:00,20,LUNES,1,AGOSTO,8,NO,REALIZAR CAMBIO BRUSCO O INDEBIDO DE CARRIL.,CHOQUE LATERAL,MOTOCICLETA,0,0,0,1,0,0,0,0,1,0,0,0,0,2,30,HOMBRE,LESIONADO,CONDUCTOR PRESENTE,NO,NO,0
14484,45480,45481,2018,1,0,-0.134129,-78.486697,PICHINCHA,QUITO,QUITO,URBANA,2018-08-28,02:00:00,2,MARTES,2,AGOSTO,8,NO,CONDUCIR VEHICULO SUPERANDO LOS LIMITES MAXIMOS DE VELOCIDAD.,ESTRELLAMIENTOS,MOTOCICLETA,0,0,0,0,0,0,0,0,1,0,0,0,0,1,27,HOMBRE,LESIONADO,CONDUCTOR PRESENTE,NO,NO,0
14485,45486,45487,2018,0,0,0.004801,-78.300776,PICHINCHA,PEDRO MONCAYO,TOCACHI,RURAL,2018-08-28,05:50:00,5,MARTES,2,AGOSTO,8,NO,NO GUARDAR LA DISTANCIA LATERAL MINIMA DE SEGURIDAD ENTRE VEHICULOS.,CHOQUE LATERAL,VEHICULO DEPORTIVO UTILITARIO,0,0,0,0,0,0,0,0,0,0,0,0,2,2,49,HOMBRE,ILESO,CONDUCTOR PRESENTE,NO,NO,3
14486,45490,45491,2018,0,0,-0.232366,-78.503038,PICHINCHA,QUITO,QUITO,URBANA,2018-08-28,07:40:00,7,MARTES,2,AGOSTO,8,NO,NO CEDER EL DERECHO DE VIA O PREFERENCIA DE PASO A VEHICULOS.,CHOQUE LATERAL,BUS,1,0,1,0,0,0,0,0,0,0,0,0,0,2,43,HOMBRE,ILESO,CONDUCTOR PRESENTE,NO,NO,0
14487,45491,45492,2018,1,0,-0.142777,-78.494617,PICHINCHA,QUITO,QUITO,URBANA,2018-08-28,07:50:00,7,MARTES,2,AGOSTO,8,NO,BAJARSE O SUBIRSE DE VEHICULOS EN MOVIMIENTO SIN TOMAR LAS PRECAUCIONES DEBIDAS.,OTROS,NO IDENTIFICADO,0,0,0,0,0,0,0,0,0,1,0,0,0,1,40,MUJER,LESIONADO,PASAJERO,NO,NO,0
14488,45492,45493,2018,0,0,-0.182997,-78.503721,PICHINCHA,QUITO,QUITO,URBANA,2018-08-28,08:20:00,8,MARTES,2,AGOSTO,8,NO,NO MANTENER LA DISTANCIA PRUDENCIAL CON RESPECTO AL VEHICULO QUE LE ANTECEDE.,CHOQUE POSTERIOR,AUTOMOVIL,2,0,0,0,0,0,0,0,0,0,0,0,0,2,55,HOMBRE,ILESO,CONDUCTOR PRESENTE,NO,NO,0
14489,45494,45495,2018,1,0,-0.204159,-78.487437,PICHINCHA,QUITO,QUITO,URBANA,2018-08-28,09:40:00,9,MARTES,2,AGOSTO,8,NO,PEATON QUE CRUZA LA CALZADA SIN RESPETAR LA SENIALIZACION EXISTENTE (SEMAFOROS O SENIALES MANUALES).,ATROPELLOS,AUTOMOVIL,1,0,0,0,0,0,0,0,0,0,0,0,0,1,60,HOMBRE,LESIONADO,PEATON,NO,NO,0
14490,45495,45496,2018,1,0,-0.172258,-78.490161,PICHINCHA,QUITO,QUITO,URBANA,2018-08-28,10:00:00,10,MARTES,2,AGOSTO,8,NO,NO MANTENER LA DISTANCIA PRUDENCIAL CON RESPECTO AL VEHICULO QUE LE ANTECEDE.,CHOQUE POSTERIOR,NO IDENTIFICADO,0,0,0,0,0,0,0,0,0,1,0,0,0,1,46,HOMBRE,LESIONADO,PASAJERO,NO,NO,0
14491,45496,45497,2018,0,0,-0.161666,-78.496731,PICHINCHA,QUITO,QUITO,URBANA,2018-08-28,11:00:00,11,MARTES,2,AGOSTO,8,NO,"NO RESPETAR LAS SENIALES REGLAMENTARIAS DE TRANSITO. (PARE, CEDA EL PASO, LUZ ROJA DEL SEMAFORO, ETC).",CHOQUE LATERAL,AUTOMOVIL,2,0,0,0,0,0,0,0,0,0,0,0,0,2,31,HOMBRE,ILESO,CONDUCTOR PRESENTE,NO,NO,0
14492,45501,45502,2018,0,0,-0.052449,-78.348755,PICHINCHA,QUITO,GUAYLLABAMBA,RURAL,2018-08-28,13:05:00,13,MARTES,2,AGOSTO,8,NO,"CONDUCIR DESATENTO A LAS CONDICIONES DE TRANSITO (CELULAR, PANTALLAS DE VIDEO, COMIDA, MAQUILLAJE O CUALQUIER OTRO ELEMENTO DISTRACTOR).",PERDIDA DE CARRIL,CAMIONETA,0,0,0,0,1,0,0,0,0,0,0,0,0,1,22,HOMBRE,ILESO,CONDUCTOR PRESENTE,NO,NO,3
14493,45509,45510,2018,1,0,-0.245326,-78.534069,PICHINCHA,QUITO,QUITO,URBANA,2018-08-28,16:42:00,16,MARTES,2,AGOSTO,8,NO,REALIZAR CAMBIO BRUSCO O INDEBIDO DE CARRIL.,CHOQUE LATERAL,AUTOMOVIL,1,0,0,0,0,0,0,0,1,0,0,0,0,2,25,HOMBRE,LESIONADO,CONDUCTOR PRESENTE,NO,NO,0
14494,45523,45524,2018,2,0,-0.195598,-78.491926,PICHINCHA,QUITO,QUITO,RURAL,2018-08-28,22:10:00,22,MARTES,2,AGOSTO,8,NO,"ADELANTAR O REBASAR A OTRO VEHICULO EN MOVIMIENTO EN ZONAS O SITIOS PELIGROSOS TALES COMO: CURVAS, PUENTES, TUNELES, PENDIENTES, ETC.",CHOQUE FRONTAL,AUTOMOVIL,1,0,0,0,0,0,0,0,1,0,0,0,0,2,22,HOMBRE,LESIONADO,CONDUCTOR PRESENTE,NO,NO,3
14495,45533,45534,2018,0,0,-0.206039,-78.512992,PICHINCHA,QUITO,QUITO,URBANA,2018-08-29,06:40:00,6,MIERCOLES,3,AGOSTO,8,NO,NO MANTENER LA DISTANCIA PRUDENCIAL CON RESPECTO AL VEHICULO QUE LE ANTECEDE.,COLISION,AUTOMOVIL,3,0,0,0,0,0,0,0,1,0,0,0,0,4,58,HOMBRE,ILESO,CONDUCTOR PRESENTE,NO,NO,0
14496,45536,45537,2018,1,0,-0.207429,-78.482066,PICHINCHA,QUITO,QUITO,URBANA,2018-08-29,07:09:00,7,MIERCOLES,3,AGOSTO,8,NO,CONDUCIR VEHICULO SUPERANDO LOS LIMITES MAXIMOS DE VELOCIDAD.,VOLCAMIENTOS,MOTOCICLETA,0,0,0,0,0,0,0,0,1,0,0,0,0,1,58,MUJER,LESIONADO,PEATON,NO,NO,0
14497,45537,45538,2018,1,0,-0.307824,-78.550033,PICHINCHA,QUITO,QUITO,URBANA,2018-08-29,07:25:00,7,MIERCOLES,3,AGOSTO,8,NO,CONDUCIR VEHICULO SUPERANDO LOS LIMITES MAXIMOS DE VELOCIDAD.,PERDIDA DE CARRIL,NO IDENTIFICADO,0,0,0,0,0,0,0,0,0,1,0,0,0,1,25,HOMBRE,LESIONADO,CONDUCTOR PRESENTE,NO,NO,0
14498,45540,45541,2018,0,0,-0.231141,-78.503901,PICHINCHA,QUITO,QUITO,URBANA,2018-08-29,08:25:00,8,MIERCOLES,3,AGOSTO,8,NO,NO MANTENER LA DISTANCIA PRUDENCIAL CON RESPECTO AL VEHICULO QUE LE ANTECEDE.,COLISION,CAMIONETA,2,0,0,0,1,0,0,0,0,0,0,0,0,3,26,HOMBRE,ILESO,CONDUCTOR PRESENTE,NO,NO,0
14499,45543,45544,2018,0,0,-0.174718,-78.472143,PICHINCHA,QUITO,QUITO,URBANA,2018-08-29,10:40:00,10,MIERCOLES,3,AGOSTO,8,NO,NO MANTENER LA DISTANCIA PRUDENCIAL CON RESPECTO AL VEHICULO QUE LE ANTECEDE.,COLISION,AUTOMOVIL,4,0,0,0,0,0,0,0,0,0,0,0,0,4,64,MUJER,ILESO,CONDUCTOR PRESENTE,NO,NO,0
14500,45544,45545,2018,0,0,-0.198322,-78.482196,PICHINCHA,QUITO,QUITO,URBANA,2018-08-29,11:10:00,11,MIERCOLES,3,AGOSTO,8,NO,"CONDUCIR DESATENTO A LAS CONDICIONES DE TRANSITO (CELULAR, PANTALLAS DE VIDEO, COMIDA, MAQUILLAJE O CUALQUIER OTRO ELEMENTO DISTRACTOR).",OTROS,AUTOMOVIL,1,0,0,0,0,0,0,0,0,1,0,0,0,2,49,HOMBRE,ILESO,CONDUCTOR PRESENTE,NO,NO,0
14501,45545,45546,2018,1,0,-0.244453,-78.535843,PICHINCHA,QUITO,QUITO,URBANA,2018-08-29,11:30:00,11,MIERCOLES,3,AGOSTO,8,NO,PEATON QUE CRUZA LA CALZADA SIN RESPETAR LA SENIALIZACION EXISTENTE (SEMAFOROS O SENIALES MANUALES).,ATROPELLOS,NO IDENTIFICADO,0,0,0,0,0,0,0,0,0,1,0,0,0,1,54,HOMBRE,LESIONADO,PEATON,NO,NO,0
14502,45550,45551,2018,0,0,-0.144216,-78.469414,PICHINCHA,QUITO,QUITO,URBANA,2018-08-29,13:45:00,13,MIERCOLES,3,AGOSTO,8,NO,"NO RESPETAR LAS SENIALES REGLAMENTARIAS DE TRANSITO. (PARE, CEDA EL PASO, LUZ ROJA DEL SEMAFORO, ETC).",CHOQUE LATERAL,AUTOMOVIL,2,0,0,0,0,0,0,0,1,0,0,0,0,3,21,HOMBRE,ILESO,CONDUCTOR PRESENTE,NO,NO,0
14503,45560,45561,2018,1,0,-0.104643,-78.453801,PICHINCHA,QUITO,CALDERON (CARAPUNGO),URBANA,2018-08-29,16:43:00,16,MIERCOLES,3,AGOSTO,8,NO,PESO Y VOLUMEN - NO CUMPLIR CON LAS NORMAS DE SEGURIDAD NECESARIAS AL TRANSPORTAR CARGAS.,CHOQUE LATERAL,MOTOCICLETA,0,0,0,1,0,0,0,0,1,0,0,0,0,2,46,HOMBRE,LESIONADO,CONDUCTOR PRESENTE,NO,NO,0
14504,45561,45562,2018,0,0,-0.254534,-78.522341,PICHINCHA,QUITO,QUITO,URBANA,2018-08-29,17:00:00,17,MIERCOLES,3,AGOSTO,8,NO,NO MANTENER LA DISTANCIA PRUDENCIAL CON RESPECTO AL VEHICULO QUE LE ANTECEDE.,CHOQUE POSTERIOR,AUTOMOVIL,2,0,0,0,0,0,0,0,0,0,0,0,0,2,78,HOMBRE,ILESO,CONDUCTOR PRESENTE,NO,NO,0
14505,45565,45566,2018,1,0,-0.135793,-78.493772,PICHINCHA,QUITO,QUITO,URBANA,2018-08-29,18:25:00,18,MIERCOLES,3,AGOSTO,8,NO,NO CEDER EL DERECHO DE VIA O PREFERENCIA DE PASO AL PEATON.,ATROPELLOS,MOTOCICLETA,0,0,0,0,0,0,0,0,1,0,0,0,0,1,95,HOMBRE,LESIONADO,PEATON,NO,NO,0
14506,45571,45572,2018,1,0,-0.299432,-78.559038,PICHINCHA,QUITO,QUITO,URBANA,2018-08-29,20:35:00,20,MIERCOLES,3,AGOSTO,8,NO,"PEATON TRANSITA BAJO INFLUENCIA DE ALCOHOL, SUSTANCIAS ESTUPEFACIENTES O PSICOTROPICAS Y/O MEDICAMENTOS.",ATROPELLOS,AUTOMOVIL,1,0,0,0,0,0,0,0,0,0,0,0,0,1,48,HOMBRE,LESIONADO,PEATON,NO,NO,0
14507,45574,45575,2018,0,0,-0.276594,-78.487822,PICHINCHA,QUITO,CONOCOTO,URBANA,2018-08-29,22:00:00,22,MIERCOLES,3,AGOSTO,8,NO,"CONDUCIR DESATENTO A LAS CONDICIONES DE TRANSITO (CELULAR, PANTALLAS DE VIDEO, COMIDA, MAQUILLAJE O CUALQUIER OTRO ELEMENTO DISTRACTOR).",PERDIDA DE PISTA,VEHICULO DEPORTIVO UTILITARIO,1,0,0,0,0,0,0,0,0,0,0,0,1,2,45,HOMBRE,ILESO,CONDUCTOR PRESENTE,NO,NO,0
14508,45575,45576,2018,0,0,-0.327284,-78.550354,PICHINCHA,QUITO,QUITO,URBANA,2018-08-29,23:10:00,23,MIERCOLES,3,AGOSTO,8,NO,"CONDUCE BAJO LA INFLUENCIA DE ALCOHOL, SUSTANCIAS ESTUPEFACIENTES O PSICOTROPICAS Y/O MEDICAMENTOS.",COLISION,CAMIONETA,2,0,0,0,1,0,0,0,0,0,0,0,0,3,57,HOMBRE,ILESO,CONDUCTOR PRESENTE,NO,NO,0
14509,45577,45578,2018,0,0,-0.115751,-78.494939,PICHINCHA,QUITO,QUITO,URBANA,2018-08-30,01:00:00,1,JUEVES,4,AGOSTO,8,NO,"NO RESPETAR LAS SENIALES REGLAMENTARIAS DE TRANSITO. (PARE, CEDA EL PASO, LUZ ROJA DEL SEMAFORO, ETC).",CHOQUE LATERAL,AUTOMOVIL,2,0,0,0,0,0,0,0,0,0,0,0,0,2,33,HOMBRE,ILESO,CONDUCTOR PRESENTE,NO,NO,0
14510,45578,45579,2018,0,0,-0.190717,-78.513466,PICHINCHA,QUITO,QUITO,URBANA,2018-08-30,01:05:00,1,JUEVES,4,AGOSTO,8,NO,CONDUCIR VEHICULO SUPERANDO LOS LIMITES MAXIMOS DE VELOCIDAD.,ESTRELLAMIENTOS,AUTOMOVIL,1,0,0,0,0,0,0,0,0,0,0,0,0,1,-1,NO IDENTIFICADO,NO IDENTIFICADO,CONDUCTOR AUSENTE,NO,NO,2
14511,45579,45580,2018,0,0,-0.290391,-78.465485,PICHINCHA,QUITO,CONOCOTO,URBANA,2018-08-30,01:30:00,1,JUEVES,4,AGOSTO,8,NO,"CONDUCIR DESATENTO A LAS CONDICIONES DE TRANSITO (CELULAR, PANTALLAS DE VIDEO, COMIDA, MAQUILLAJE O CUALQUIER OTRO ELEMENTO DISTRACTOR).",PERDIDA DE PISTA,AUTOMOVIL,1,0,0,0,0,0,0,0,0,0,0,0,0,1,-1,NO IDENTIFICADO,NO IDENTIFICADO,CONDUCTOR AUSENTE,NO,NO,2
14512,45582,45583,2018,1,0,-0.188854,-78.482785,PICHINCHA,QUITO,QUITO,URBANA,2018-08-30,07:48:00,7,JUEVES,4,AGOSTO,8,NO,NO CEDER EL DERECHO DE VIA O PREFERENCIA DE PASO AL PEATON.,ATROPELLOS,CAMIONETA,0,0,0,0,1,0,0,0,0,0,0,0,0,1,78,HOMBRE,LESIONADO,PEATON,NO,NO,0
14513,45585,45586,2018,1,0,-0.196311,-78.512739,PICHINCHA,QUITO,QUITO,URBANA,2018-08-30,09:00:00,9,JUEVES,4,AGOSTO,8,NO,NO CEDER EL DERECHO DE VIA O PREFERENCIA DE PASO AL PEATON.,ATROPELLOS,MOTOCICLETA,0,0,0,0,0,0,0,0,1,0,0,0,0,1,24,HOMBRE,LESIONADO,PEATON,NO,NO,0
14514,45588,45589,2018,0,0,-0.275579,-78.521451,PICHINCHA,QUITO,QUITO,URBANA,2018-08-30,09:45:00,9,JUEVES,4,AGOSTO,8,NO,"NO RESPETAR LAS SENIALES REGLAMENTARIAS DE TRANSITO. (PARE, CEDA EL PASO, LUZ ROJA DEL SEMAFORO, ETC).",CHOQUE LATERAL,AUTOMOVIL,1,0,0,0,0,0,0,0,0,1,0,0,0,2,40,HOMBRE,ILESO,CONDUCTOR PRESENTE,NO,NO,0
14515,45591,45592,2018,0,0,-0.139641,-78.476063,PICHINCHA,QUITO,QUITO,URBANA,2018-08-30,10:30:00,10,JUEVES,4,AGOSTO,8,NO,PEATON QUE CRUZA LA CALZADA SIN RESPETAR LA SENIALIZACION EXISTENTE (SEMAFOROS O SENIALES MANUALES).,ATROPELLOS,MOTOCICLETA,0,0,0,0,0,0,0,0,1,0,0,0,0,1,24,HOMBRE,ILESO,CONDUCTOR PRESENTE,NO,NO,0
14516,45592,45593,2018,0,0,-0.116842,-78.494253,PICHINCHA,QUITO,QUITO,URBANA,2018-08-30,10:30:00,10,JUEVES,4,AGOSTO,8,NO,"CONDUCIR DESATENTO A LAS CONDICIONES DE TRANSITO (CELULAR, PANTALLAS DE VIDEO, COMIDA, MAQUILLAJE O CUALQUIER OTRO ELEMENTO DISTRACTOR).",OTROS,CAMION,0,0,0,1,0,0,0,0,0,0,0,0,0,1,22,HOMBRE,ILESO,CONDUCTOR PRESENTE,NO,NO,0
14517,45594,45595,2018,0,0,-0.128693,-78.471214,PICHINCHA,QUITO,QUITO,URBANA,2018-08-30,11:20:00,11,JUEVES,4,AGOSTO,8,NO,NO GUARDAR LA DISTANCIA LATERAL MINIMA DE SEGURIDAD ENTRE VEHICULOS.,ROZAMIENTOS,CAMION,1,0,0,1,0,0,0,0,0,0,0,0,0,2,45,HOMBRE,ILESO,CONDUCTOR PRESENTE,NO,NO,0
14518,45598,45599,2018,0,0,-0.176376,-78.484174,PICHINCHA,QUITO,QUITO,URBANA,2018-08-30,12:50:00,12,JUEVES,4,AGOSTO,8,NO,"CONDUCIR DESATENTO A LAS CONDICIONES DE TRANSITO (CELULAR, PANTALLAS DE VIDEO, COMIDA, MAQUILLAJE O CUALQUIER OTRO ELEMENTO DISTRACTOR).",OTROS,AUTOMOVIL,1,0,1,0,0,0,0,0,0,0,0,0,0,2,41,HOMBRE,ILESO,CONDUCTOR PRESENTE,NO,NO,0
14519,45600,45601,2018,0,0,-0.285559,-78.543246,PICHINCHA,QUITO,QUITO,URBANA,2018-08-30,14:25:00,14,JUEVES,4,AGOSTO,8,NO,"NO RESPETAR LAS SENIALES REGLAMENTARIAS DE TRANSITO. (PARE, CEDA EL PASO, LUZ ROJA DEL SEMAFORO, ETC).",CHOQUE LATERAL,AUTOMOVIL,2,0,0,0,0,0,0,0,0,0,0,0,0,2,31,HOMBRE,ILESO,CONDUCTOR PRESENTE,NO,NO,0
14520,45602,45603,2018,1,0,-0.241646,-78.518602,PICHINCHA,QUITO,QUITO,URBANA,2018-08-30,15:45:00,15,JUEVES,4,AGOSTO,8,NO,PEATON QUE CRUZA LA CALZADA SIN RESPETAR LA SENIALIZACION EXISTENTE (SEMAFOROS O SENIALES MANUALES).,ATROPELLOS,MOTOCICLETA,0,0,0,0,0,0,0,0,1,0,0,0,0,1,-1,HOMBRE,LESIONADO,PEATON,NO,NO,0
14521,45606,45607,2018,1,0,-0.067849,-78.288882,PICHINCHA,CAYAMBE,ASCAZUBI,RURAL,2018-08-30,16:30:00,16,JUEVES,4,AGOSTO,8,NO,NO GUARDAR LA DISTANCIA LATERAL MINIMA DE SEGURIDAD ENTRE VEHICULOS.,CHOQUE LATERAL,MOTOCICLETA,1,0,0,0,0,0,0,0,1,0,0,0,0,2,22,HOMBRE,LESIONADO,CONDUCTOR PRESENTE,NO,NO,3
14522,45607,45608,2018,0,0,-0.219191,-78.527246,PICHINCHA,QUITO,QUITO,URBANA,2018-08-30,16:45:00,16,JUEVES,4,AGOSTO,8,NO,"CONDUCE BAJO LA INFLUENCIA DE ALCOHOL, SUSTANCIAS ESTUPEFACIENTES O PSICOTROPICAS Y/O MEDICAMENTOS.",CHOQUE LATERAL,CAMIONETA,0,0,0,0,2,0,0,0,0,0,0,0,0,2,31,HOMBRE,ILESO,CONDUCTOR PRESENTE,NO,NO,0
14523,45619,45620,2018,1,0,-0.271596,-78.543375,PICHINCHA,QUITO,QUITO,URBANA,2018-08-30,19:00:00,19,JUEVES,4,AGOSTO,8,NO,PEATON QUE CRUZA LA CALZADA SIN RESPETAR LA SENIALIZACION EXISTENTE (SEMAFOROS O SENIALES MANUALES).,ATROPELLOS,NO IDENTIFICADO,0,0,0,0,0,0,0,0,0,1,0,0,0,1,18,HOMBRE,LESIONADO,PEATON,NO,NO,0
14524,45622,45623,2018,0,1,-0.304799,-78.521687,PICHINCHA,QUITO,QUITO,URBANA,2018-08-30,19:30:00,19,JUEVES,4,AGOSTO,8,NO,PEATON QUE CRUZA LA CALZADA SIN RESPETAR LA SENIALIZACION EXISTENTE (SEMAFOROS O SENIALES MANUALES).,ARROLLAMIENTOS,NO IDENTIFICADO,0,0,0,0,0,0,0,0,0,1,0,0,0,1,63,HOMBRE,FALLECIDO,PEATON,NO,NO,0
14525,45627,45628,2018,1,0,-0.341999,-78.479506,PICHINCHA,QUITO,AMAGUANIA,RURAL,2018-08-30,20:37:00,20,JUEVES,4,AGOSTO,8,NO,NO GUARDAR LA DISTANCIA LATERAL MINIMA DE SEGURIDAD ENTRE VEHICULOS.,ROZAMIENTOS,BICICLETA,0,1,0,0,0,0,0,0,0,1,0,0,0,2,16,HOMBRE,LESIONADO,CONDUCTOR PRESENTE,NO,NO,3
14526,45628,45629,2018,0,0,-0.317898,-78.535608,PICHINCHA,QUITO,QUITO,URBANA,2018-08-30,20:40:00,20,JUEVES,4,AGOSTO,8,NO,NO MANTENER LA DISTANCIA PRUDENCIAL CON RESPECTO AL VEHICULO QUE LE ANTECEDE.,COLISION,BUS,1,0,1,0,1,0,0,0,0,0,0,0,0,3,41,HOMBRE,ILESO,CONDUCTOR PRESENTE,NO,NO,0
14527,45629,45630,2018,0,0,-0.263484,-78.488101,PICHINCHA,QUITO,CONOCOTO,URBANA,2018-08-30,20:40:00,20,JUEVES,4,AGOSTO,8,NO,"CONDUCIR DESATENTO A LAS CONDICIONES DE TRANSITO (CELULAR, PANTALLAS DE VIDEO, COMIDA, MAQUILLAJE O CUALQUIER OTRO ELEMENTO DISTRACTOR).",COLISION,CAMION,1,0,0,1,0,0,0,0,0,0,0,0,1,3,39,HOMBRE,ILESO,CONDUCTOR PRESENTE,NO,NO,0
14528,45630,45631,2018,0,1,-0.448209,-78.558268,PICHINCHA,MEJIA,MACHACHI,RURAL,2018-08-30,21:00:00,21,JUEVES,4,AGOSTO,8,NO,NO TRANSITAR POR LAS ACERAS O ZONAS DE SEGURIDAD DESTINADAS PARA EL EFECTO.,ATROPELLOS,VEHICULO DEPORTIVO UTILITARIO,0,0,0,0,0,0,0,0,0,0,0,0,1,1,52,HOMBRE,FALLECIDO,PEATON,NO,NO,3
14529,45631,45632,2018,1,0,-0.321091,-78.550365,PICHINCHA,QUITO,QUITO,URBANA,2018-08-30,21:30:00,21,JUEVES,4,AGOSTO,8,NO,"CONDUCE BAJO LA INFLUENCIA DE ALCOHOL, SUSTANCIAS ESTUPEFACIENTES O PSICOTROPICAS Y/O MEDICAMENTOS.",CHOQUE LATERAL,CAMIONETA,0,0,1,0,1,0,0,0,0,0,0,0,0,2,27,HOMBRE,LESIONADO,CONDUCTOR PRESENTE,NO,NO,0
14530,45634,45635,2018,1,0,-0.093074,-78.479309,PICHINCHA,QUITO,QUITO,URBANA,2018-08-30,23:00:00,23,JUEVES,4,AGOSTO,8,NO,NO MANTENER LA DISTANCIA PRUDENCIAL CON RESPECTO AL VEHICULO QUE LE ANTECEDE.,CHOQUE POSTERIOR,AUTOMOVIL,1,0,0,0,0,0,0,0,0,1,0,0,0,2,40,HOMBRE,LESIONADO,CONDUCTOR PRESENTE,NO,NO,0
14531,45637,45638,2018,0,0,-0.189341,-78.453145,PICHINCHA,QUITO,NAYON,URBANA,2018-08-31,00:23:00,0,VIERNES,5,AGOSTO,8,NO,CONDUCIR VEHICULO SUPERANDO LOS LIMITES MAXIMOS DE VELOCIDAD.,ESTRELLAMIENTOS,AUTOMOVIL,1,0,0,0,0,0,0,0,0,0,0,0,0,1,44,HOMBRE,ILESO,CONDUCTOR PRESENTE,NO,NO,0
14532,45638,45639,2018,0,0,-0.211593,-78.462737,PICHINCHA,QUITO,QUITO,URBANA,2018-08-31,01:25:00,1,VIERNES,5,AGOSTO,8,NO,"ADELANTAR O REBASAR A OTRO VEHICULO EN MOVIMIENTO EN ZONAS O SITIOS PELIGROSOS TALES COMO: CURVAS, PUENTES, TUNELES, PENDIENTES, ETC.",CHOQUE POSTERIOR,MOTOCICLETA,1,0,0,0,0,0,0,0,1,0,0,0,0,2,21,HOMBRE,ILESO,CONDUCTOR PRESENTE,NO,NO,0
14533,45639,45640,2018,0,0,-0.212942,-78.494293,PICHINCHA,QUITO,QUITO,URBANA,2018-08-31,02:00:00,2,VIERNES,5,AGOSTO,8,NO,NO CEDER EL DERECHO DE VIA O PREFERENCIA DE PASO A VEHICULOS.,CHOQUE LATERAL,AUTOMOVIL,1,0,0,0,0,0,0,0,0,1,0,0,0,2,30,HOMBRE,ILESO,CONDUCTOR PRESENTE,NO,NO,0
14534,45642,45643,2018,0,1,-0.241961,-78.532527,PICHINCHA,QUITO,QUITO,URBANA,2018-08-31,06:23:00,6,VIERNES,5,AGOSTO,8,NO,PEATON QUE CRUZA LA CALZADA SIN RESPETAR LA SENIALIZACION EXISTENTE (SEMAFOROS O SENIALES MANUALES).,ATROPELLOS,NO IDENTIFICADO,0,0,0,0,0,0,0,0,0,1,0,0,0,1,87,HOMBRE,FALLECIDO,PEATON,NO,NO,0
14535,45646,45647,2018,0,0,-0.197826,-78.466465,PICHINCHA,QUITO,QUITO,URBANA,2018-08-31,08:30:00,8,VIERNES,5,AGOSTO,8,NO,NO MANTENER LA DISTANCIA PRUDENCIAL CON RESPECTO AL VEHICULO QUE LE ANTECEDE.,CHOQUE POSTERIOR,CAMIONETA,1,0,0,0,1,0,0,0,0,0,0,0,0,2,36,HOMBRE,ILESO,CONDUCTOR PRESENTE,NO,NO,0
14536,45649,45650,2018,0,0,-0.179484,-78.481435,PICHINCHA,QUITO,QUITO,URBANA,2018-08-31,09:45:00,9,VIERNES,5,AGOSTO,8,NO,NO CEDER EL DERECHO DE VIA O PREFERENCIA DE PASO A VEHICULOS.,CHOQUE LATERAL,MOTOCICLETA,1,0,0,0,0,0,0,0,1,0,0,0,0,2,30,HOMBRE,ILESO,CONDUCTOR PRESENTE,NO,NO,0
14537,45651,45652,2018,1,0,-0.300472,-78.468382,PICHINCHA,QUITO,CONOCOTO,RURAL,2018-08-31,10:00:00,10,VIERNES,5,AGOSTO,8,NO,CONDUCIR EN SENTIDO CONTRARIO A LA VIA NORMAL DE CIRCULACION.,CHOQUE FRONTAL,NO IDENTIFICADO,0,0,0,0,0,0,0,0,0,1,0,0,0,1,23,HOMBRE,LESIONADO,CONDUCTOR PRESENTE,NO,NO,3
14538,45653,45654,2018,0,0,-0.169491,-78.485858,PICHINCHA,QUITO,QUITO,URBANA,2018-08-31,10:10:00,10,VIERNES,5,AGOSTO,8,NO,NO CEDER EL DERECHO DE VIA O PREFERENCIA DE PASO A VEHICULOS.,CHOQUE LATERAL,AUTOMOVIL,2,0,0,0,0,0,0,0,0,0,0,0,0,2,27,HOMBRE,ILESO,CONDUCTOR PRESENTE,NO,NO,0