,Unnamed: 0,ID,ANIO,LESIONADOS,FALLECIDOS,LATITUD_Y,LONGITUD_X,PROVINCIA,CANTON,PARROQUIA,ZONA,FECHA,HORA,PERIODO_2,DIA_1,DIA_2,MES_1,MES_2,FERIADO,CAUSA_PROBABLE,TIPO_DE_SINIESTRO,TIPO_DE_VEHICULO_1,AUTOMOVIL,BICICLETA,BUS,CAMION,CAMIONETA,EMERGENCIAS,ESPECIAL,FURGONETA,MOTOCICLETA,NO_IDENTIFICADO,SCOOTER_ELECTRICO,TRICIMOTO,VEHICULO_DEPORTIVO_UTILITARIO,SUMA_DE_VEHICULOS,EDAD_1,SEXO_1,CONDICION_1,PARTICIPANTE_1,CASCO_1,CINTURON_1,KMeans_Cluster
14598,45888,45889,2018,0,0,-0.232366,-78.503038,PICHINCHA,QUITO,QUITO,URBANA,2018-09-02,14:00:00,14,DOMINGO,7,SEPTIEMBRE,9,NO,NO MANTENER LA DISTANCIA PRUDENCIAL CON RESPECTO AL VEHICULO QUE LE ANTECEDE.,CHOQUE POSTERIOR,AUTOMOVIL,2,0,0,0,0,0,0,0,0,0,0,0,0,2,38,HOMBRE,ILESO,CONDUCTOR PRESENTE,NO,NO,0
14599,45894,45895,2018,1,0,-0.172981,-78.492391,PICHINCHA,QUITO,QUITO,URBANA,2018-09-02,15:50:00,15,DOMINGO,7,SEPTIEMBRE,9,NO,"NO RESPETAR LAS SENIALES REGLAMENTARIAS DE TRANSITO. (PARE, CEDA EL PASO, LUZ ROJA DEL SEMAFORO, ETC).",CHOQUE LATERAL,NO IDENTIFICADO,0,0,0,0,0,0,0,0,0,1,0,0,0,1,82,MUJER,LESIONADO,PASAJERO,NO,NO,0
14600,45895,45896,2018,0,0,-0.273933,-78.564355,PICHINCHA,QUITO,QUITO,URBANA,2018-09-02,16:20:00,16,DOMINGO,7,SEPTIEMBRE,9,NO,REALIZAR CAMBIO BRUSCO O INDEBIDO DE CARRIL.,CHOQUE LATERAL,AUTOMOVIL,2,0,0,0,0,0,0,0,0,0,0,0,0,2,62,HOMBRE,ILESO,CONDUCTOR PRESENTE,NO,NO,0
14601,45897,45898,2018,2,0,-0.111705,-78.507641,PICHINCHA,QUITO,QUITO,URBANA,2018-09-02,16:30:00,16,DOMINGO,7,SEPTIEMBRE,9,NO,"ADELANTAR O REBASAR A OTRO VEHICULO EN MOVIMIENTO EN ZONAS O SITIOS PELIGROSOS TALES COMO: CURVAS, PUENTES, TUNELES, PENDIENTES, ETC.",CHOQUE FRONTAL,AUTOMOVIL,1,0,1,0,0,0,0,0,0,0,0,0,0,2,47,HOMBRE,LESIONADO,CONDUCTOR PRESENTE,NO,NO,0
14602,45904,45905,2018,0,0,-0.304167,-78.542831,PICHINCHA,QUITO,QUITO,URBANA,2018-09-02,19:00:00,19,DOMINGO,7,SEPTIEMBRE,9,NO,"CONDUCE BAJO LA INFLUENCIA DE ALCOHOL, SUSTANCIAS ESTUPEFACIENTES O PSICOTROPICAS Y/O MEDICAMENTOS.",COLISION,CAMIONETA,1,0,0,0,1,0,0,0,0,1,0,0,0,3,36,HOMBRE,ILESO,CONDUCTOR PRESENTE,NO,NO,0
14603,45908,45909,2018,1,0,-0.025669,-78.271079,PICHINCHA,CAYAMBE,OTON,RURAL,2018-09-02,19:35:00,19,DOMINGO,7,SEPTIEMBRE,9,NO,NO GUARDAR LA DISTANCIA LATERAL MINIMA DE SEGURIDAD ENTRE VEHICULOS.,CHOQUE LATERAL,AUTOMOVIL,2,0,0,0,0,0,0,0,0,0,0,0,0,2,26,HOMBRE,LESIONADO,PASAJERO,NO,NO,3
14604,45916,45917,2018,1,0,-0.138036,-78.482101,PICHINCHA,QUITO,QUITO,URBANA,2018-09-02,21:46:00,21,DOMINGO,7,SEPTIEMBRE,9,NO,NO CEDER EL DERECHO DE VIA O PREFERENCIA DE PASO AL PEATON.,ATROPELLOS,NO IDENTIFICADO,0,0,0,0,0,0,0,0,0,1,0,0,0,1,63,MUJER,LESIONADO,PEATON,NO,NO,0
14605,45918,45919,2018,0,0,-0.103671,-78.491453,PICHINCHA,QUITO,QUITO,URBANA,2018-09-02,22:50:00,22,DOMINGO,7,SEPTIEMBRE,9,NO,"CONDUCE BAJO LA INFLUENCIA DE ALCOHOL, SUSTANCIAS ESTUPEFACIENTES O PSICOTROPICAS Y/O MEDICAMENTOS.",ESTRELLAMIENTOS,AUTOMOVIL,2,0,0,0,0,0,0,0,0,0,0,0,0,2,47,HOMBRE,ILESO,CONDUCTOR PRESENTE,NO,NO,0
14606,45920,45921,2018,2,0,-0.181018,-78.505749,PICHINCHA,QUITO,QUITO,URBANA,2018-09-03,00:20:00,0,LUNES,1,SEPTIEMBRE,9,NO,NO TRANSITAR POR LAS ACERAS O ZONAS DE SEGURIDAD DESTINADAS PARA EL EFECTO.,ATROPELLOS,AUTOMOVIL,1,0,0,0,0,0,0,0,0,0,0,0,0,1,28,HOMBRE,LESIONADO,PASAJERO,NO,NO,0
14607,45925,45926,2018,0,0,-0.160085,-78.485434,PICHINCHA,QUITO,QUITO,URBANA,2018-09-03,06:45:00,6,LUNES,1,SEPTIEMBRE,9,NO,"ADELANTAR O REBASAR A OTRO VEHICULO EN MOVIMIENTO EN ZONAS O SITIOS PELIGROSOS TALES COMO: CURVAS, PUENTES, TUNELES, PENDIENTES, ETC.",CHOQUE LATERAL,AUTOMOVIL,2,0,0,0,0,0,0,0,0,0,0,0,0,2,28,HOMBRE,ILESO,CONDUCTOR PRESENTE,NO,NO,0
14608,45927,45928,2018,0,0,-0.270301,-78.537394,PICHINCHA,QUITO,QUITO,URBANA,2018-09-03,08:49:00,8,LUNES,1,SEPTIEMBRE,9,NO,REALIZAR CAMBIO BRUSCO O INDEBIDO DE CARRIL.,CHOQUE LATERAL,AUTOMOVIL,2,0,0,0,0,0,0,0,0,0,0,0,0,2,42,MUJER,ILESO,CONDUCTOR PRESENTE,NO,NO,0
14609,45930,45931,2018,1,0,-0.137645,-78.501298,PICHINCHA,QUITO,QUITO,URBANA,2018-09-03,10:00:00,10,LUNES,1,SEPTIEMBRE,9,NO,"ADELANTAR O REBASAR A OTRO VEHICULO EN MOVIMIENTO EN ZONAS O SITIOS PELIGROSOS TALES COMO: CURVAS, PUENTES, TUNELES, PENDIENTES, ETC.",COLISION,AUTOMOVIL,1,0,0,0,1,0,0,0,1,0,0,0,0,3,36,HOMBRE,LESIONADO,CONDUCTOR PRESENTE,NO,NO,0
14610,45931,45932,2018,1,0,-0.129197,-78.502316,PICHINCHA,QUITO,QUITO,URBANA,2018-09-03,10:35:00,10,LUNES,1,SEPTIEMBRE,9,NO,"ADELANTAR O REBASAR A OTRO VEHICULO EN MOVIMIENTO EN ZONAS O SITIOS PELIGROSOS TALES COMO: CURVAS, PUENTES, TUNELES, PENDIENTES, ETC.",PERDIDA DE CARRIL,MOTOCICLETA,0,0,0,0,0,0,0,0,1,0,0,0,0,1,22,HOMBRE,LESIONADO,CONDUCTOR PRESENTE,NO,NO,0
14611,45933,45934,2018,1,0,-0.066741,-78.433208,PICHINCHA,QUITO,CALDERON (CARAPUNGO),URBANA,2018-09-03,11:20:00,11,LUNES,1,SEPTIEMBRE,9,NO,"ADELANTAR O REBASAR A OTRO VEHICULO EN MOVIMIENTO EN ZONAS O SITIOS PELIGROSOS TALES COMO: CURVAS, PUENTES, TUNELES, PENDIENTES, ETC.",CHOQUE FRONTAL,AUTOMOVIL,2,0,0,0,0,0,0,0,0,0,0,0,0,2,60,MUJER,LESIONADO,PASAJERO,NO,NO,0
14612,45937,45938,2018,0,0,-0.066224,-78.465807,PICHINCHA,QUITO,POMASQUI,URBANA,2018-09-03,12:35:00,12,LUNES,1,SEPTIEMBRE,9,NO,NO GUARDAR LA DISTANCIA LATERAL MINIMA DE SEGURIDAD ENTRE VEHICULOS.,CHOQUE LATERAL,VEHICULO DEPORTIVO UTILITARIO,0,0,0,0,0,0,0,0,0,0,0,0,1,1,57,HOMBRE,ILESO,CONDUCTOR PRESENTE,NO,NO,0
14613,45940,45941,2018,1,0,-0.172997,-78.485145,PICHINCHA,QUITO,QUITO,URBANA,2018-09-03,13:10:00,13,LUNES,1,SEPTIEMBRE,9,NO,NO CEDER EL DERECHO DE VIA O PREFERENCIA DE PASO AL PEATON.,ATROPELLOS,FURGONETA,0,0,0,0,0,0,0,1,0,0,0,0,0,1,73,MUJER,LESIONADO,PEATON,NO,NO,0
14614,45941,45942,2018,0,0,-0.097853,-78.386607,PICHINCHA,QUITO,TABABELA,RURAL,2018-09-03,13:10:00,13,LUNES,1,SEPTIEMBRE,9,NO,"CONDUCIR DESATENTO A LAS CONDICIONES DE TRANSITO (CELULAR, PANTALLAS DE VIDEO, COMIDA, MAQUILLAJE O CUALQUIER OTRO ELEMENTO DISTRACTOR).",PERDIDA DE CARRIL,CAMIONETA,0,0,0,0,1,0,0,0,0,0,0,0,0,1,24,HOMBRE,ILESO,CONDUCTOR PRESENTE,NO,NO,3
14615,45944,45945,2018,1,0,-0.236662,-78.508284,PICHINCHA,QUITO,QUITO,URBANA,2018-09-03,13:45:00,13,LUNES,1,SEPTIEMBRE,9,NO,PEATON QUE CRUZA LA CALZADA SIN RESPETAR LA SENIALIZACION EXISTENTE (SEMAFOROS O SENIALES MANUALES).,ATROPELLOS,AUTOMOVIL,1,0,0,0,0,0,0,0,0,0,0,0,0,1,74,MUJER,LESIONADO,PEATON,NO,NO,0
14616,45945,45946,2018,1,0,-0.214674,-78.505828,PICHINCHA,QUITO,QUITO,URBANA,2018-09-03,14:00:00,14,LUNES,1,SEPTIEMBRE,9,NO,NO CEDER EL DERECHO DE VIA O PREFERENCIA DE PASO AL PEATON.,ARROLLAMIENTOS,BUS,0,0,1,0,0,0,0,0,0,0,0,0,0,1,81,HOMBRE,LESIONADO,PEATON,NO,NO,0
14617,45952,45953,2018,2,0,-0.185341,-78.452973,PICHINCHA,QUITO,NAYON,URBANA,2018-09-03,15:03:00,15,LUNES,1,SEPTIEMBRE,9,NO,CONDUCIR VEHICULO SUPERANDO LOS LIMITES MAXIMOS DE VELOCIDAD.,ESTRELLAMIENTOS,CAMIONETA,0,0,0,0,1,0,0,0,0,0,0,0,0,1,8,HOMBRE,LESIONADO,PASAJERO,NO,NO,0
14618,45956,45957,2018,0,0,-0.291131,-78.524158,PICHINCHA,QUITO,QUITO,URBANA,2018-09-03,17:20:00,17,LUNES,1,SEPTIEMBRE,9,NO,CONDUCIR VEHICULO SUPERANDO LOS LIMITES MAXIMOS DE VELOCIDAD.,ESTRELLAMIENTOS,AUTOMOVIL,2,0,0,0,0,0,0,0,0,0,0,0,0,2,70,HOMBRE,ILESO,CONDUCTOR PRESENTE,NO,NO,0
14619,45961,45962,2018,0,0,-0.096477,-78.472441,PICHINCHA,QUITO,QUITO,URBANA,2018-09-03,18:45:00,18,LUNES,1,SEPTIEMBRE,9,NO,NO CEDER EL DERECHO DE VIA O PREFERENCIA DE PASO A VEHICULOS.,CHOQUE LATERAL,CAMIONETA,1,0,0,0,1,0,0,0,0,0,0,0,0,2,32,HOMBRE,ILESO,CONDUCTOR PRESENTE,NO,NO,0
14620,45963,45964,2018,1,0,-0.208886,-78.522035,PICHINCHA,QUITO,QUITO,URBANA,2018-09-03,19:00:00,19,LUNES,1,SEPTIEMBRE,9,NO,NO CEDER EL DERECHO DE VIA O PREFERENCIA DE PASO AL PEATON.,ATROPELLOS,NO IDENTIFICADO,0,0,0,0,0,0,0,0,0,1,0,0,0,1,13,MUJER,LESIONADO,PEATON,NO,NO,0
14621,45964,45965,2018,0,0,-0.328044,-78.538584,PICHINCHA,QUITO,QUITO,URBANA,2018-09-03,19:15:00,19,LUNES,1,SEPTIEMBRE,9,NO,"CONDUCIR DESATENTO A LAS CONDICIONES DE TRANSITO (CELULAR, PANTALLAS DE VIDEO, COMIDA, MAQUILLAJE O CUALQUIER OTRO ELEMENTO DISTRACTOR).",ESTRELLAMIENTOS,AUTOMOVIL,1,0,0,0,0,0,0,0,0,0,0,0,0,1,-1,NO IDENTIFICADO,NO IDENTIFICADO,CONDUCTOR AUSENTE,NO,NO,2
14622,45967,45968,2018,1,0,-0.204592,-78.455985,PICHINCHA,QUITO,QUITO,URBANA,2018-09-03,23:35:00,23,LUNES,1,SEPTIEMBRE,9,NO,REALIZAR CAMBIO BRUSCO O INDEBIDO DE CARRIL.,VOLCAMIENTOS,AUTOMOVIL,1,0,0,0,0,0,0,0,0,0,0,0,0,1,36,HOMBRE,LESIONADO,CONDUCTOR PRESENTE,NO,NO,0
14623,45973,45974,2018,0,0,-0.282873,-78.544223,PICHINCHA,QUITO,QUITO,URBANA,2018-09-04,06:55:00,6,MARTES,2,SEPTIEMBRE,9,NO,"NO RESPETAR LAS SENIALES REGLAMENTARIAS DE TRANSITO. (PARE, CEDA EL PASO, LUZ ROJA DEL SEMAFORO, ETC).",CHOQUE LATERAL,FURGONETA,1,0,0,0,0,0,0,1,0,0,0,0,0,2,34,HOMBRE,ILESO,CONDUCTOR PRESENTE,NO,NO,0
14624,45974,45975,2018,7,0,-0.199767,-78.428809,PICHINCHA,QUITO,CUMBAYA,URBANA,2018-09-04,07:20:00,7,MARTES,2,SEPTIEMBRE,9,NO,CONDUCIR VEHICULO SUPERANDO LOS LIMITES MAXIMOS DE VELOCIDAD.,ESTRELLAMIENTOS,BUS,0,0,1,0,0,0,0,0,0,0,0,0,0,1,34,HOMBRE,LESIONADO,PASAJERO,NO,NO,0
14625,45975,45976,2018,0,0,-0.244627,-78.519067,PICHINCHA,QUITO,QUITO,URBANA,2018-09-04,07:20:00,7,MARTES,2,SEPTIEMBRE,9,NO,REALIZAR CAMBIO BRUSCO O INDEBIDO DE CARRIL.,CHOQUE LATERAL,BUS,1,0,1,0,0,0,0,0,0,0,0,0,0,2,35,HOMBRE,ILESO,CONDUCTOR PRESENTE,NO,NO,0
14626,45978,45979,2018,1,0,-0.117905,-78.508761,PICHINCHA,QUITO,QUITO,URBANA,2018-09-04,08:25:00,8,MARTES,2,SEPTIEMBRE,9,NO,"CONDUCIR DESATENTO A LAS CONDICIONES DE TRANSITO (CELULAR, PANTALLAS DE VIDEO, COMIDA, MAQUILLAJE O CUALQUIER OTRO ELEMENTO DISTRACTOR).",CHOQUE POSTERIOR,FURGONETA,0,0,0,0,0,0,0,1,1,0,0,0,0,2,35,MUJER,LESIONADO,PASAJERO,NO,NO,0
14627,45979,45980,2018,0,0,-0.292882,-78.542349,PICHINCHA,QUITO,QUITO,URBANA,2018-09-04,09:05:00,9,MARTES,2,SEPTIEMBRE,9,NO,"NO RESPETAR LAS SENIALES REGLAMENTARIAS DE TRANSITO. (PARE, CEDA EL PASO, LUZ ROJA DEL SEMAFORO, ETC).",CHOQUE LATERAL,FURGONETA,1,0,0,0,0,0,0,1,0,0,0,0,0,2,74,HOMBRE,ILESO,CONDUCTOR PRESENTE,NO,NO,0
14628,45980,45981,2018,2,0,-0.172981,-78.492391,PICHINCHA,QUITO,QUITO,URBANA,2018-09-04,10:10:00,10,MARTES,2,SEPTIEMBRE,9,NO,"CONDUCIR DESATENTO A LAS CONDICIONES DE TRANSITO (CELULAR, PANTALLAS DE VIDEO, COMIDA, MAQUILLAJE O CUALQUIER OTRO ELEMENTO DISTRACTOR).",ESTRELLAMIENTOS,AUTOMOVIL,1,0,0,0,0,0,0,0,0,0,0,0,0,1,54,MUJER,LESIONADO,PASAJERO,NO,NO,0
14629,45983,45984,2018,0,0,-0.203827,-78.502028,PICHINCHA,QUITO,QUITO,URBANA,2018-09-04,11:40:00,11,MARTES,2,SEPTIEMBRE,9,NO,"NO RESPETAR LAS SENIALES REGLAMENTARIAS DE TRANSITO. (PARE, CEDA EL PASO, LUZ ROJA DEL SEMAFORO, ETC).",CHOQUE LATERAL,AUTOMOVIL,2,0,0,0,0,0,0,0,0,0,0,0,0,2,53,HOMBRE,ILESO,CONDUCTOR PRESENTE,NO,NO,0
14630,45990,45991,2018,1,0,-0.137151,-78.499273,PICHINCHA,QUITO,QUITO,URBANA,2018-09-04,15:04:00,15,MARTES,2,SEPTIEMBRE,9,NO,"ADELANTAR O REBASAR A OTRO VEHICULO EN MOVIMIENTO EN ZONAS O SITIOS PELIGROSOS TALES COMO: CURVAS, PUENTES, TUNELES, PENDIENTES, ETC.",CHOQUE LATERAL,MOTOCICLETA,0,0,0,0,0,0,0,0,1,0,0,0,1,2,29,HOMBRE,LESIONADO,CONDUCTOR PRESENTE,NO,NO,0
14631,45993,45994,2018,0,0,-0.002945,-78.453855,PICHINCHA,QUITO,SAN ANTONIO (QUITO),RURAL,2018-09-04,16:10:00,16,MARTES,2,SEPTIEMBRE,9,NO,"CONDUCE BAJO LA INFLUENCIA DE ALCOHOL, SUSTANCIAS ESTUPEFACIENTES O PSICOTROPICAS Y/O MEDICAMENTOS.",CHOQUE POSTERIOR,CAMIONETA,0,0,0,0,2,0,0,0,0,0,0,0,0,2,70,HOMBRE,ILESO,CONDUCTOR PRESENTE,NO,NO,3
14632,45994,45995,2018,1,0,-0.107472,-78.490969,PICHINCHA,QUITO,QUITO,URBANA,2018-09-04,16:13:00,16,MARTES,2,SEPTIEMBRE,9,NO,"NO RESPETAR LAS SENIALES REGLAMENTARIAS DE TRANSITO. (PARE, CEDA EL PASO, LUZ ROJA DEL SEMAFORO, ETC).",CHOQUE LATERAL,AUTOMOVIL,1,0,0,0,0,0,0,0,1,0,0,0,0,2,57,HOMBRE,LESIONADO,CONDUCTOR PRESENTE,NO,NO,0
14633,45996,45997,2018,0,0,-0.258372,-78.544834,PICHINCHA,QUITO,QUITO,URBANA,2018-09-04,17:12:00,17,MARTES,2,SEPTIEMBRE,9,NO,"CONDUCE BAJO LA INFLUENCIA DE ALCOHOL, SUSTANCIAS ESTUPEFACIENTES O PSICOTROPICAS Y/O MEDICAMENTOS.",ESTRELLAMIENTOS,AUTOMOVIL,1,0,0,0,0,0,0,0,0,0,0,0,0,1,58,HOMBRE,ILESO,CONDUCTOR PRESENTE,NO,NO,0
14634,45999,46000,2018,1,0,-0.242681,-78.497364,PICHINCHA,QUITO,QUITO,URBANA,2018-09-04,18:30:00,18,MARTES,2,SEPTIEMBRE,9,NO,"ADELANTAR O REBASAR A OTRO VEHICULO EN MOVIMIENTO EN ZONAS O SITIOS PELIGROSOS TALES COMO: CURVAS, PUENTES, TUNELES, PENDIENTES, ETC.",CHOQUE LATERAL,MOTOCICLETA,1,0,0,0,0,0,0,0,1,0,0,0,0,2,48,HOMBRE,LESIONADO,CONDUCTOR PRESENTE,NO,NO,0
14635,46001,46002,2018,1,0,-0.242681,-78.497364,PICHINCHA,QUITO,QUITO,URBANA,2018-09-04,18:50:00,18,MARTES,2,SEPTIEMBRE,9,NO,NO CEDER EL DERECHO DE VIA O PREFERENCIA DE PASO AL PEATON.,ATROPELLOS,AUTOMOVIL,1,0,0,0,0,0,0,0,0,0,0,0,0,1,13,HOMBRE,LESIONADO,PEATON,NO,NO,0
14636,46002,46003,2018,0,0,-0.297773,-78.524662,PICHINCHA,QUITO,QUITO,URBANA,2018-09-04,18:50:00,18,MARTES,2,SEPTIEMBRE,9,NO,NO CEDER EL DERECHO DE VIA O PREFERENCIA DE PASO A VEHICULOS.,CHOQUE LATERAL,CAMIONETA,0,0,0,1,1,0,0,0,0,0,0,0,0,2,23,HOMBRE,ILESO,CONDUCTOR PRESENTE,NO,NO,0
14637,46004,46005,2018,0,0,-0.097545,-78.453251,PICHINCHA,QUITO,CALDERON (CARAPUNGO),URBANA,2018-09-04,19:15:00,19,MARTES,2,SEPTIEMBRE,9,NO,"CONDUCIR DESATENTO A LAS CONDICIONES DE TRANSITO (CELULAR, PANTALLAS DE VIDEO, COMIDA, MAQUILLAJE O CUALQUIER OTRO ELEMENTO DISTRACTOR).",CHOQUE POSTERIOR,FURGONETA,1,0,0,0,0,0,0,1,0,0,0,0,0,2,51,HOMBRE,ILESO,CONDUCTOR PRESENTE,NO,NO,0
14638,46007,46008,2018,1,0,-0.270726,-78.526072,PICHINCHA,QUITO,QUITO,URBANA,2018-09-04,19:40:00,19,MARTES,2,SEPTIEMBRE,9,NO,"PEATON TRANSITA BAJO INFLUENCIA DE ALCOHOL, SUSTANCIAS ESTUPEFACIENTES O PSICOTROPICAS Y/O MEDICAMENTOS.",ARROLLAMIENTOS,BUS,0,0,1,0,0,0,0,0,0,0,0,0,0,1,32,HOMBRE,LESIONADO,PEATON,NO,NO,0
14639,46009,46010,2018,0,0,-0.146272,-78.475036,PICHINCHA,QUITO,QUITO,URBANA,2018-09-04,20:10:00,20,MARTES,2,SEPTIEMBRE,9,NO,"CONDUCE BAJO LA INFLUENCIA DE ALCOHOL, SUSTANCIAS ESTUPEFACIENTES O PSICOTROPICAS Y/O MEDICAMENTOS.",CHOQUE POSTERIOR,AUTOMOVIL,2,0,0,0,0,0,0,0,0,0,0,0,0,2,36,HOMBRE,ILESO,CONDUCTOR PRESENTE,NO,NO,0
14640,46010,46011,2018,0,0,-0.307057,-78.551774,PICHINCHA,QUITO,QUITO,URBANA,2018-09-04,20:50:00,20,MARTES,2,SEPTIEMBRE,9,NO,REALIZAR CAMBIO BRUSCO O INDEBIDO DE CARRIL.,CHOQUE LATERAL,AUTOMOVIL,1,0,0,0,0,0,0,0,0,0,0,0,1,2,29,HOMBRE,ILESO,CONDUCTOR PRESENTE,NO,NO,0
14641,46019,46020,2018,1,0,-0.142041,-78.443217,PICHINCHA,QUITO,LLANO CHICO,URBANA,2018-09-04,23:00:00,23,MARTES,2,SEPTIEMBRE,9,NO,CONDUCIR VEHICULO SUPERANDO LOS LIMITES MAXIMOS DE VELOCIDAD.,VOLCAMIENTOS,MOTOCICLETA,0,0,0,0,0,0,0,0,1,0,0,0,0,1,21,HOMBRE,LESIONADO,PASAJERO,NO,NO,0
14642,46025,46026,2018,0,0,-0.120823,-78.495581,PICHINCHA,QUITO,QUITO,URBANA,2018-09-05,07:30:00,7,MIERCOLES,3,SEPTIEMBRE,9,NO,NO CEDER EL DERECHO DE VIA O PREFERENCIA DE PASO A VEHICULOS.,CHOQUE LATERAL,AUTOMOVIL,2,0,0,0,0,0,0,0,0,0,0,0,0,2,51,HOMBRE,ILESO,CONDUCTOR PRESENTE,NO,NO,0
14643,46031,46032,2018,0,0,-0.299432,-78.559038,PICHINCHA,QUITO,QUITO,URBANA,2018-09-05,09:45:00,9,MIERCOLES,3,SEPTIEMBRE,9,NO,DEJAR O RECOGER PASAJEROS EN LUGARES NO PERMITIDOS.,CAIDA DE PASAJERO,BUS,0,0,1,0,0,0,0,0,0,0,0,0,0,1,25,HOMBRE,ILESO,CONDUCTOR PRESENTE,NO,NO,0
14644,46034,46035,2018,0,0,-0.186351,-78.495134,PICHINCHA,QUITO,QUITO,URBANA,2018-09-05,10:30:00,10,MIERCOLES,3,SEPTIEMBRE,9,NO,REALIZAR CAMBIO BRUSCO O INDEBIDO DE CARRIL.,CHOQUE LATERAL,AUTOMOVIL,2,0,0,0,0,0,0,0,0,0,0,0,0,2,38,MUJER,ILESO,CONDUCTOR PRESENTE,NO,NO,0
14645,46037,46038,2018,0,0,-0.172981,-78.492391,PICHINCHA,QUITO,QUITO,URBANA,2018-09-05,11:49:00,11,MIERCOLES,3,SEPTIEMBRE,9,NO,NO CEDER EL DERECHO DE VIA O PREFERENCIA DE PASO A VEHICULOS.,COLISION,AUTOMOVIL,1,0,0,0,0,0,0,0,0,1,0,0,0,2,53,HOMBRE,ILESO,CONDUCTOR PRESENTE,NO,NO,0
14646,46042,46043,2018,1,0,-0.012839,-78.447307,PICHINCHA,QUITO,SAN ANTONIO (QUITO),RURAL,2018-09-05,13:10:00,13,MIERCOLES,3,SEPTIEMBRE,9,NO,MALAS CONDICIONES DE LA VIA Y/O CONFIGURACION. (ILUMINACION Y DISENIO).,CHOQUE FRONTAL,MOTOCICLETA,1,0,0,0,0,0,0,0,1,0,0,0,0,2,18,HOMBRE,LESIONADO,CONDUCTOR PRESENTE,NO,NO,3
14647,46048,46049,2018,1,0,-0.214356,-78.508906,PICHINCHA,QUITO,QUITO,URBANA,2018-09-05,15:05:00,15,MIERCOLES,3,SEPTIEMBRE,9,NO,"ADELANTAR O REBASAR A OTRO VEHICULO EN MOVIMIENTO EN ZONAS O SITIOS PELIGROSOS TALES COMO: CURVAS, PUENTES, TUNELES, PENDIENTES, ETC.",ESTRELLAMIENTOS,MOTOCICLETA,0,0,0,0,1,0,0,0,1,0,0,0,0,2,20,HOMBRE,LESIONADO,CONDUCTOR PRESENTE,NO,NO,0
14648,46051,46052,2018,1,0,-0.105176,-78.496513,PICHINCHA,QUITO,QUITO,URBANA,2018-09-05,16:05:00,16,MIERCOLES,3,SEPTIEMBRE,9,NO,NO CEDER EL DERECHO DE VIA O PREFERENCIA DE PASO AL PEATON.,ATROPELLOS,NO IDENTIFICADO,0,0,0,0,0,0,0,0,0,1,0,0,0,1,5,HOMBRE,LESIONADO,PEATON,NO,NO,0
14649,46063,46064,2018,1,0,-0.201696,-78.485123,PICHINCHA,QUITO,QUITO,URBANA,2018-09-05,19:00:00,19,MIERCOLES,3,SEPTIEMBRE,9,NO,"CONDUCIR DESATENTO A LAS CONDICIONES DE TRANSITO (CELULAR, PANTALLAS DE VIDEO, COMIDA, MAQUILLAJE O CUALQUIER OTRO ELEMENTO DISTRACTOR).",ESTRELLAMIENTOS,NO IDENTIFICADO,0,0,0,0,0,0,0,0,0,1,0,0,0,1,18,HOMBRE,LESIONADO,PASAJERO,NO,NO,0
14650,46068,46069,2018,0,0,-0.186423,-78.481702,PICHINCHA,QUITO,QUITO,URBANA,2018-09-05,20:40:00,20,MIERCOLES,3,SEPTIEMBRE,9,NO,"CONDUCIR DESATENTO A LAS CONDICIONES DE TRANSITO (CELULAR, PANTALLAS DE VIDEO, COMIDA, MAQUILLAJE O CUALQUIER OTRO ELEMENTO DISTRACTOR).",ESTRELLAMIENTOS,CAMIONETA,1,0,0,0,1,0,0,0,0,1,0,0,0,3,78,HOMBRE,ILESO,CONDUCTOR PRESENTE,NO,NO,0
14651,46072,46073,2018,0,0,-0.164338,-78.462857,PICHINCHA,QUITO,QUITO,URBANA,2018-09-05,21:45:00,21,MIERCOLES,3,SEPTIEMBRE,9,NO,"ADELANTAR O REBASAR A OTRO VEHICULO EN MOVIMIENTO EN ZONAS O SITIOS PELIGROSOS TALES COMO: CURVAS, PUENTES, TUNELES, PENDIENTES, ETC.",ESTRELLAMIENTOS,AUTOMOVIL,1,0,0,1,0,0,0,0,0,0,0,0,0,2,39,HOMBRE,ILESO,CONDUCTOR PRESENTE,NO,NO,0
14652,46075,46076,2018,3,0,-0.328479,-78.522294,PICHINCHA,QUITO,QUITO,URBANA,2018-09-06,00:10:00,0,JUEVES,4,SEPTIEMBRE,9,NO,"ADELANTAR O REBASAR A OTRO VEHICULO EN MOVIMIENTO EN ZONAS O SITIOS PELIGROSOS TALES COMO: CURVAS, PUENTES, TUNELES, PENDIENTES, ETC.",COLISION,BUS,0,0,1,2,0,0,0,0,0,0,0,0,0,3,29,HOMBRE,LESIONADO,CONDUCTOR PRESENTE,NO,NO,0
14653,46076,46077,2018,0,0,-0.105373,-78.462381,PICHINCHA,QUITO,QUITO,URBANA,2018-09-06,03:50:00,3,JUEVES,4,SEPTIEMBRE,9,NO,CONDUCIR VEHICULO SUPERANDO LOS LIMITES MAXIMOS DE VELOCIDAD.,ESTRELLAMIENTOS,AUTOMOVIL,1,0,0,0,0,0,0,0,0,0,0,0,0,1,-1,NO IDENTIFICADO,NO IDENTIFICADO,CONDUCTOR AUSENTE,NO,NO,2
14654,46078,46079,2018,0,0,-0.213943,-78.501055,PICHINCHA,QUITO,QUITO,URBANA,2018-09-06,05:25:00,5,JUEVES,4,SEPTIEMBRE,9,NO,CONDUCIR VEHICULO SUPERANDO LOS LIMITES MAXIMOS DE VELOCIDAD.,ESTRELLAMIENTOS,AUTOMOVIL,1,0,0,0,0,0,0,0,0,0,0,0,0,1,-1,NO IDENTIFICADO,NO IDENTIFICADO,CONDUCTOR AUSENTE,NO,NO,2