,Unnamed: 0,ID,ANIO,LESIONADOS,FALLECIDOS,LATITUD_Y,LONGITUD_X,PROVINCIA,CANTON,PARROQUIA,ZONA,FECHA,HORA,PERIODO_2,DIA_1,DIA_2,MES_1,MES_2,FERIADO,CAUSA_PROBABLE,TIPO_DE_SINIESTRO,TIPO_DE_VEHICULO_1,AUTOMOVIL,BICICLETA,BUS,CAMION,CAMIONETA,EMERGENCIAS,ESPECIAL,FURGONETA,MOTOCICLETA,NO_IDENTIFICADO,SCOOTER_ELECTRICO,TRICIMOTO,VEHICULO_DEPORTIVO_UTILITARIO,SUMA_DE_VEHICULOS,EDAD_1,SEXO_1,CONDICION_1,PARTICIPANTE_1,CASCO_1,CINTURON_1,KMeans_Cluster
14655,46079,46080,2018,0,0,-0.150393,-78.453592,PICHINCHA,QUITO,QUITO,URBANA,2018-09-06,06:07:00,6,JUEVES,4,SEPTIEMBRE,9,NO,CONDUCIR VEHICULO SUPERANDO LOS LIMITES MAXIMOS DE VELOCIDAD.,ESTRELLAMIENTOS,AUTOMOVIL,1,0,0,0,0,0,0,0,0,0,0,0,0,1,28,HOMBRE,ILESO,CONDUCTOR PRESENTE,NO,NO,0
14656,46085,46086,2018,1,0,-0.127735,-78.497316,PICHINCHA,QUITO,QUITO,URBANA,2018-09-06,07:30:00,7,JUEVES,4,SEPTIEMBRE,9,NO,NO CEDER EL DERECHO DE VIA O PREFERENCIA DE PASO AL PEATON.,ATROPELLOS,AUTOMOVIL,1,0,0,0,0,0,0,0,0,0,0,0,0,1,17,MUJER,LESIONADO,PEATON,NO,NO,0
14657,46086,46087,2018,1,0,-0.163375,-78.475327,PICHINCHA,QUITO,QUITO,URBANA,2018-09-06,08:00:00,8,JUEVES,4,SEPTIEMBRE,9,NO,REALIZAR CAMBIO BRUSCO O INDEBIDO DE CARRIL.,CAIDA DE PASAJERO,NO IDENTIFICADO,0,0,0,0,0,0,0,0,0,1,0,0,0,1,59,MUJER,LESIONADO,PASAJERO,NO,NO,0
14658,46087,46088,2018,1,0,-0.134126,-78.493997,PICHINCHA,QUITO,QUITO,URBANA,2018-09-06,08:00:00,8,JUEVES,4,SEPTIEMBRE,9,NO,NO GUARDAR LA DISTANCIA LATERAL MINIMA DE SEGURIDAD ENTRE VEHICULOS.,OTROS,AUTOMOVIL,1,1,1,0,0,0,0,0,0,0,0,0,0,3,28,MUJER,LESIONADO,CONDUCTOR PRESENTE,NO,NO,0
14659,46091,46092,2018,1,0,-0.308396,-78.415744,PICHINCHA,QUITO,ALANGASI,RURAL,2018-09-06,09:10:00,9,JUEVES,4,SEPTIEMBRE,9,NO,"CONDUCIR DESATENTO A LAS CONDICIONES DE TRANSITO (CELULAR, PANTALLAS DE VIDEO, COMIDA, MAQUILLAJE O CUALQUIER OTRO ELEMENTO DISTRACTOR).",ESTRELLAMIENTOS,AUTOMOVIL,1,0,0,0,0,0,0,0,0,0,0,0,0,1,40,HOMBRE,LESIONADO,CONDUCTOR PRESENTE,NO,NO,3
14660,46092,46093,2018,0,0,-0.180577,-78.486482,PICHINCHA,QUITO,QUITO,URBANA,2018-09-06,09:15:00,9,JUEVES,4,SEPTIEMBRE,9,NO,REALIZAR CAMBIO BRUSCO O INDEBIDO DE CARRIL.,CHOQUE LATERAL,BUS,1,0,1,0,0,0,0,0,0,0,0,0,0,2,38,MUJER,ILESO,CONDUCTOR PRESENTE,NO,NO,0
14661,46093,46094,2018,0,0,-0.182196,-78.490084,PICHINCHA,QUITO,QUITO,URBANA,2018-09-06,10:20:00,10,JUEVES,4,SEPTIEMBRE,9,NO,NO GUARDAR LA DISTANCIA LATERAL MINIMA DE SEGURIDAD ENTRE VEHICULOS.,ROZAMIENTOS,AUTOMOVIL,1,0,0,0,0,0,0,0,0,0,0,0,0,1,56,MUJER,ILESO,CONDUCTOR PRESENTE,NO,NO,0
14662,46095,46096,2018,1,0,-0.294768,-78.559281,PICHINCHA,QUITO,QUITO,URBANA,2018-09-06,10:30:00,10,JUEVES,4,SEPTIEMBRE,9,NO,REALIZAR CAMBIO BRUSCO O INDEBIDO DE CARRIL.,COLISION,CAMIONETA,3,0,0,0,1,0,0,0,0,0,0,0,0,4,27,MUJER,LESIONADO,CONDUCTOR PRESENTE,NO,NO,0
14663,46102,46103,2018,1,0,-0.246261,-78.519882,PICHINCHA,QUITO,QUITO,URBANA,2018-09-06,13:30:00,13,JUEVES,4,SEPTIEMBRE,9,NO,"CONDUCIR DESATENTO A LAS CONDICIONES DE TRANSITO (CELULAR, PANTALLAS DE VIDEO, COMIDA, MAQUILLAJE O CUALQUIER OTRO ELEMENTO DISTRACTOR).",OTROS,NO IDENTIFICADO,0,0,0,0,0,0,0,0,0,1,0,0,0,1,53,MUJER,LESIONADO,PEATON,NO,NO,0
14664,46108,46109,2018,0,0,-0.144692,-78.483356,PICHINCHA,QUITO,QUITO,URBANA,2018-09-06,15:10:00,15,JUEVES,4,SEPTIEMBRE,9,NO,"NO RESPETAR LAS SENIALES REGLAMENTARIAS DE TRANSITO. (PARE, CEDA EL PASO, LUZ ROJA DEL SEMAFORO, ETC).",CHOQUE LATERAL,CAMIONETA,1,0,0,0,1,0,0,0,0,0,0,0,0,2,28,HOMBRE,ILESO,CONDUCTOR PRESENTE,NO,NO,0
14665,46110,46111,2018,0,0,-0.010162,-78.443826,PICHINCHA,QUITO,SAN ANTONIO (QUITO),RURAL,2018-09-06,15:30:00,15,JUEVES,4,SEPTIEMBRE,9,NO,CONDUCIR VEHICULO SUPERANDO LOS LIMITES MAXIMOS DE VELOCIDAD.,ESTRELLAMIENTOS,CAMION,0,0,0,1,0,0,0,0,0,0,0,0,0,1,-1,NO IDENTIFICADO,NO IDENTIFICADO,CONDUCTOR AUSENTE,NO,NO,2
14666,46114,46115,2018,0,0,-0.162783,-78.488245,PICHINCHA,QUITO,QUITO,URBANA,2018-09-06,16:20:00,16,JUEVES,4,SEPTIEMBRE,9,NO,"CONDUCIR DESATENTO A LAS CONDICIONES DE TRANSITO (CELULAR, PANTALLAS DE VIDEO, COMIDA, MAQUILLAJE O CUALQUIER OTRO ELEMENTO DISTRACTOR).",CHOQUE POSTERIOR,AUTOMOVIL,1,0,0,0,0,0,0,1,0,0,0,0,0,2,33,MUJER,ILESO,CONDUCTOR PRESENTE,NO,NO,0
14667,46115,46116,2018,0,0,-0.238213,-78.484807,PICHINCHA,QUITO,QUITO,URBANA,2018-09-06,16:25:00,16,JUEVES,4,SEPTIEMBRE,9,NO,"CONDUCIR DESATENTO A LAS CONDICIONES DE TRANSITO (CELULAR, PANTALLAS DE VIDEO, COMIDA, MAQUILLAJE O CUALQUIER OTRO ELEMENTO DISTRACTOR).",CHOQUE POSTERIOR,BUS,1,0,1,0,0,0,0,0,0,0,0,0,0,2,48,MUJER,ILESO,CONDUCTOR PRESENTE,NO,NO,0
14668,46117,46118,2018,1,0,-0.252177,-78.517003,PICHINCHA,QUITO,QUITO,URBANA,2018-09-06,16:40:00,16,JUEVES,4,SEPTIEMBRE,9,NO,NO TRANSITAR POR LAS ACERAS O ZONAS DE SEGURIDAD DESTINADAS PARA EL EFECTO.,ATROPELLOS,MOTOCICLETA,0,0,0,0,0,0,0,0,1,0,0,0,0,1,9,HOMBRE,LESIONADO,PEATON,NO,NO,0
14669,46126,46127,2018,0,0,-0.247147,-78.508601,PICHINCHA,QUITO,QUITO,URBANA,2018-09-06,19:10:00,19,JUEVES,4,SEPTIEMBRE,9,NO,REALIZAR CAMBIO BRUSCO O INDEBIDO DE CARRIL.,ROZAMIENTOS,CAMIONETA,1,0,0,0,1,0,0,0,0,0,0,0,0,2,33,HOMBRE,ILESO,CONDUCTOR PRESENTE,NO,NO,0
14670,46127,46128,2018,0,0,-0.098442,-78.421244,PICHINCHA,QUITO,CALDERON (CARAPUNGO),URBANA,2018-09-06,19:20:00,19,JUEVES,4,SEPTIEMBRE,9,NO,NO CEDER EL DERECHO DE VIA O PREFERENCIA DE PASO AL PEATON.,ATROPELLOS,NO IDENTIFICADO,0,0,0,0,0,0,0,0,0,1,0,0,0,1,50,HOMBRE,ILESO,PEATON,NO,NO,0
14671,46129,46130,2018,1,0,-0.254142,-78.540526,PICHINCHA,QUITO,QUITO,URBANA,2018-09-06,20:00:00,20,JUEVES,4,SEPTIEMBRE,9,NO,CONDUCIR VEHICULO SUPERANDO LOS LIMITES MAXIMOS DE VELOCIDAD.,CHOQUE POSTERIOR,MOTOCICLETA,0,0,0,0,0,0,0,0,2,0,0,0,0,2,22,HOMBRE,LESIONADO,CONDUCTOR PRESENTE,NO,NO,0
14672,46131,46132,2018,0,0,-0.226502,-78.526695,PICHINCHA,QUITO,QUITO,URBANA,2018-09-06,20:15:00,20,JUEVES,4,SEPTIEMBRE,9,NO,"ADELANTAR O REBASAR A OTRO VEHICULO EN MOVIMIENTO EN ZONAS O SITIOS PELIGROSOS TALES COMO: CURVAS, PUENTES, TUNELES, PENDIENTES, ETC.",CHOQUE LATERAL,AUTOMOVIL,1,0,0,0,0,0,0,0,1,0,0,0,0,2,37,HOMBRE,ILESO,CONDUCTOR PRESENTE,NO,NO,0
14673,46135,46136,2018,1,0,-0.290281,-78.538717,PICHINCHA,QUITO,QUITO,URBANA,2018-09-06,18:50:00,18,JUEVES,4,SEPTIEMBRE,9,NO,CONDUCIR VEHICULO SUPERANDO LOS LIMITES MAXIMOS DE VELOCIDAD.,ESTRELLAMIENTOS,BUS,0,0,1,0,0,0,0,0,0,0,0,0,0,1,28,MUJER,LESIONADO,PEATON,NO,NO,0
14674,46138,46139,2018,3,0,-0.176695,-78.493953,PICHINCHA,QUITO,QUITO,URBANA,2018-09-07,00:20:00,0,VIERNES,5,SEPTIEMBRE,9,NO,"CONDUCE BAJO LA INFLUENCIA DE ALCOHOL, SUSTANCIAS ESTUPEFACIENTES O PSICOTROPICAS Y/O MEDICAMENTOS.",ESTRELLAMIENTOS,AUTOMOVIL,1,0,0,0,0,0,0,0,0,0,0,0,0,1,39,HOMBRE,LESIONADO,CONDUCTOR PRESENTE,NO,NO,0
14675,46139,46140,2018,3,0,-0.092336,-78.499151,PICHINCHA,QUITO,QUITO,URBANA,2018-09-07,00:50:00,0,VIERNES,5,SEPTIEMBRE,9,NO,CONDUCIR VEHICULO SUPERANDO LOS LIMITES MAXIMOS DE VELOCIDAD.,ESTRELLAMIENTOS,AUTOMOVIL,1,0,0,0,0,0,0,0,0,0,0,0,0,1,29,HOMBRE,LESIONADO,CONDUCTOR PRESENTE,NO,NO,0
14676,46145,46146,2018,1,0,-0.232634,-78.508781,PICHINCHA,QUITO,QUITO,URBANA,2018-09-07,06:30:00,6,VIERNES,5,SEPTIEMBRE,9,NO,"ADELANTAR O REBASAR A OTRO VEHICULO EN MOVIMIENTO EN ZONAS O SITIOS PELIGROSOS TALES COMO: CURVAS, PUENTES, TUNELES, PENDIENTES, ETC.",PERDIDA DE CARRIL,MOTOCICLETA,0,0,0,0,0,0,0,0,1,0,0,0,0,1,41,MUJER,LESIONADO,CONDUCTOR PRESENTE,NO,NO,0
14677,46147,46148,2018,1,0,-0.199767,-78.428809,PICHINCHA,QUITO,CUMBAYA,URBANA,2018-09-07,07:15:00,7,VIERNES,5,SEPTIEMBRE,9,NO,NO MANTENER LA DISTANCIA PRUDENCIAL CON RESPECTO AL VEHICULO QUE LE ANTECEDE.,CHOQUE POSTERIOR,MOTOCICLETA,0,0,1,0,0,0,0,0,1,0,0,0,0,2,35,HOMBRE,LESIONADO,CONDUCTOR PRESENTE,NO,NO,0
14678,46151,46152,2018,0,0,-0.232905,-78.510962,PICHINCHA,QUITO,QUITO,URBANA,2018-09-07,07:50:00,7,VIERNES,5,SEPTIEMBRE,9,NO,"ADELANTAR O REBASAR A OTRO VEHICULO EN MOVIMIENTO EN ZONAS O SITIOS PELIGROSOS TALES COMO: CURVAS, PUENTES, TUNELES, PENDIENTES, ETC.",ROZAMIENTOS,MOTOCICLETA,3,0,0,0,0,0,0,0,1,0,0,0,0,4,20,HOMBRE,ILESO,CONDUCTOR PRESENTE,NO,NO,0
14679,46155,46156,2018,0,0,-0.216154,-78.513897,PICHINCHA,QUITO,QUITO,URBANA,2018-09-07,09:00:00,9,VIERNES,5,SEPTIEMBRE,9,NO,NO CEDER EL DERECHO DE VIA O PREFERENCIA DE PASO A VEHICULOS.,CHOQUE LATERAL,CAMIONETA,1,0,0,0,1,0,0,0,0,0,0,0,0,2,71,HOMBRE,ILESO,CONDUCTOR PRESENTE,NO,NO,0
14680,46160,46161,2018,1,0,-0.119458,-78.501345,PICHINCHA,QUITO,QUITO,URBANA,2018-09-07,10:20:00,10,VIERNES,5,SEPTIEMBRE,9,NO,"NO RESPETAR LAS SENIALES REGLAMENTARIAS DE TRANSITO. (PARE, CEDA EL PASO, LUZ ROJA DEL SEMAFORO, ETC).",CHOQUE LATERAL,MOTOCICLETA,1,0,0,0,0,0,0,0,1,0,0,0,0,2,30,HOMBRE,LESIONADO,CONDUCTOR PRESENTE,NO,NO,0
14681,46173,46174,2018,0,0,-0.191214,-78.486196,PICHINCHA,QUITO,QUITO,URBANA,2018-09-07,13:45:00,13,VIERNES,5,SEPTIEMBRE,9,NO,"CONDUCIR DESATENTO A LAS CONDICIONES DE TRANSITO (CELULAR, PANTALLAS DE VIDEO, COMIDA, MAQUILLAJE O CUALQUIER OTRO ELEMENTO DISTRACTOR).",CHOQUE POSTERIOR,CAMIONETA,1,0,0,0,1,0,0,0,0,0,0,0,0,2,27,HOMBRE,ILESO,CONDUCTOR PRESENTE,NO,NO,0
14682,46174,46175,2018,0,0,-0.162783,-78.556099,PICHINCHA,QUITO,QUITO,URBANA,2018-09-07,14:35:00,14,VIERNES,5,SEPTIEMBRE,9,NO,PEATON QUE CRUZA LA CALZADA SIN RESPETAR LA SENIALIZACION EXISTENTE (SEMAFOROS O SENIALES MANUALES).,ATROPELLOS,AUTOMOVIL,1,0,0,0,0,0,0,0,0,0,0,0,0,1,32,HOMBRE,ILESO,CONDUCTOR PRESENTE,NO,NO,0
14683,46176,46177,2018,0,0,-0.248886,-78.534601,PICHINCHA,QUITO,QUITO,URBANA,2018-09-07,15:00:00,15,VIERNES,5,SEPTIEMBRE,9,NO,NO CEDER EL DERECHO DE VIA O PREFERENCIA DE PASO A VEHICULOS.,CHOQUE LATERAL,AUTOMOVIL,2,0,0,0,0,0,0,0,0,0,0,0,0,2,34,HOMBRE,ILESO,CONDUCTOR PRESENTE,NO,NO,0
14684,46180,46181,2018,1,0,-0.114625,-78.499686,PICHINCHA,QUITO,QUITO,URBANA,2018-09-07,15:30:00,15,VIERNES,5,SEPTIEMBRE,9,NO,PEATON QUE CRUZA LA CALZADA SIN RESPETAR LA SENIALIZACION EXISTENTE (SEMAFOROS O SENIALES MANUALES).,ATROPELLOS,AUTOMOVIL,1,0,0,0,0,0,0,0,0,0,0,0,0,1,86,MUJER,LESIONADO,PEATON,NO,NO,0
14685,46181,46182,2018,0,0,-0.263621,-78.524648,PICHINCHA,QUITO,QUITO,URBANA,2018-09-07,15:30:00,15,VIERNES,5,SEPTIEMBRE,9,NO,"ADELANTAR O REBASAR A OTRO VEHICULO EN MOVIMIENTO EN ZONAS O SITIOS PELIGROSOS TALES COMO: CURVAS, PUENTES, TUNELES, PENDIENTES, ETC.",OTROS,AUTOMOVIL,1,0,0,0,0,0,0,0,0,1,0,0,0,2,27,HOMBRE,ILESO,CONDUCTOR PRESENTE,NO,NO,0
14686,46187,46188,2018,1,0,-0.209094,-78.502512,PICHINCHA,QUITO,QUITO,URBANA,2018-09-07,17:00:00,17,VIERNES,5,SEPTIEMBRE,9,NO,"CONDUCIR DESATENTO A LAS CONDICIONES DE TRANSITO (CELULAR, PANTALLAS DE VIDEO, COMIDA, MAQUILLAJE O CUALQUIER OTRO ELEMENTO DISTRACTOR).",CAIDA DE PASAJERO,BUS,0,0,1,0,0,0,0,0,0,0,0,0,0,1,75,HOMBRE,LESIONADO,PASAJERO,NO,NO,0
14687,46190,46191,2018,1,0,-0.220105,-78.523871,PICHINCHA,QUITO,QUITO,URBANA,2018-09-07,17:35:00,17,VIERNES,5,SEPTIEMBRE,9,NO,PEATON QUE CRUZA LA CALZADA SIN RESPETAR LA SENIALIZACION EXISTENTE (SEMAFOROS O SENIALES MANUALES).,ATROPELLOS,NO IDENTIFICADO,0,0,0,0,0,0,0,0,0,1,0,0,0,1,12,HOMBRE,LESIONADO,PEATON,NO,NO,0
14688,46195,46196,2018,0,0,-0.190662,-78.512591,PICHINCHA,QUITO,QUITO,URBANA,2018-09-07,19:00:00,19,VIERNES,5,SEPTIEMBRE,9,NO,"ADELANTAR O REBASAR A OTRO VEHICULO EN MOVIMIENTO EN ZONAS O SITIOS PELIGROSOS TALES COMO: CURVAS, PUENTES, TUNELES, PENDIENTES, ETC.",COLISION,AUTOMOVIL,1,0,0,0,1,0,0,0,0,1,0,0,0,3,26,HOMBRE,ILESO,CONDUCTOR PRESENTE,NO,NO,0
14689,46196,46197,2018,0,0,-0.145872,-78.475855,PICHINCHA,QUITO,QUITO,URBANA,2018-09-07,19:05:00,19,VIERNES,5,SEPTIEMBRE,9,NO,NO CEDER EL DERECHO DE VIA O PREFERENCIA DE PASO AL PEATON.,ATROPELLOS,NO IDENTIFICADO,0,0,0,0,0,0,0,0,0,1,0,0,0,1,32,MUJER,ILESO,PEATON,NO,NO,0
14690,46198,46199,2018,1,0,-0.119451,-78.506659,PICHINCHA,QUITO,QUITO,URBANA,2018-09-07,19:15:00,19,VIERNES,5,SEPTIEMBRE,9,NO,"NO RESPETAR LAS SENIALES REGLAMENTARIAS DE TRANSITO. (PARE, CEDA EL PASO, LUZ ROJA DEL SEMAFORO, ETC).",CHOQUE LATERAL,BICICLETA,0,1,0,0,0,0,0,0,0,1,0,0,0,2,19,HOMBRE,LESIONADO,CONDUCTOR PRESENTE,NO,NO,0
14691,46200,46201,2018,1,0,0.063195,-78.178296,PICHINCHA,PEDRO MONCAYO,TUPIGACHI,RURAL,2018-09-07,19:30:00,19,VIERNES,5,SEPTIEMBRE,9,NO,"CONDUCIR DESATENTO A LAS CONDICIONES DE TRANSITO (CELULAR, PANTALLAS DE VIDEO, COMIDA, MAQUILLAJE O CUALQUIER OTRO ELEMENTO DISTRACTOR).",PERDIDA DE PISTA,CAMION,0,0,0,1,0,0,0,0,0,0,0,0,0,1,16,HOMBRE,LESIONADO,PASAJERO,NO,NO,3
14692,46204,46205,2018,1,0,-0.375496,-78.506023,PICHINCHA,QUITO,AMAGUANIA,RURAL,2018-09-07,21:10:00,21,VIERNES,5,SEPTIEMBRE,9,NO,"PEATON TRANSITA BAJO INFLUENCIA DE ALCOHOL, SUSTANCIAS ESTUPEFACIENTES O PSICOTROPICAS Y/O MEDICAMENTOS.",ATROPELLOS,AUTOMOVIL,1,0,0,0,0,0,0,0,0,0,0,0,0,1,29,HOMBRE,LESIONADO,PEATON,NO,NO,3
14693,46210,46211,2018,0,0,-0.109351,-78.458267,PICHINCHA,QUITO,CALDERON (CARAPUNGO),URBANA,2018-09-07,23:45:00,23,VIERNES,5,SEPTIEMBRE,9,NO,CONDUCIR VEHICULO SUPERANDO LOS LIMITES MAXIMOS DE VELOCIDAD.,ESTRELLAMIENTOS,CAMION,0,0,0,1,0,0,0,0,0,0,0,0,0,1,49,HOMBRE,ILESO,CONDUCTOR PRESENTE,NO,NO,0
14694,46211,46212,2018,0,0,-0.053564,-78.349699,PICHINCHA,QUITO,GUAYLLABAMBA,RURAL,2018-09-08,00:00:00,0,SABADO,6,SEPTIEMBRE,9,NO,"CONDUCIR DESATENTO A LAS CONDICIONES DE TRANSITO (CELULAR, PANTALLAS DE VIDEO, COMIDA, MAQUILLAJE O CUALQUIER OTRO ELEMENTO DISTRACTOR).",PERDIDA DE CARRIL,AUTOMOVIL,1,0,0,0,0,0,0,0,0,0,0,0,0,1,-1,NO IDENTIFICADO,NO IDENTIFICADO,CONDUCTOR AUSENTE,NO,NO,2
14695,46213,46214,2018,1,1,-0.167794,-78.487392,PICHINCHA,QUITO,QUITO,URBANA,2018-09-08,01:35:00,1,SABADO,6,SEPTIEMBRE,9,NO,"CONDUCE BAJO LA INFLUENCIA DE ALCOHOL, SUSTANCIAS ESTUPEFACIENTES O PSICOTROPICAS Y/O MEDICAMENTOS.",ESTRELLAMIENTOS,MOTOCICLETA,0,0,0,0,0,0,0,0,1,0,0,0,0,1,21,HOMBRE,FALLECIDO,PASAJERO,NO,NO,0
14696,46219,46220,2018,0,0,-0.185623,-78.343085,PICHINCHA,QUITO,TABABELA,URBANA,2018-09-08,03:30:00,3,SABADO,6,SEPTIEMBRE,9,NO,"NO RESPETAR LAS SENIALES REGLAMENTARIAS DE TRANSITO. (PARE, CEDA EL PASO, LUZ ROJA DEL SEMAFORO, ETC).",CHOQUE LATERAL,AUTOMOVIL,2,0,0,0,0,0,0,0,0,0,0,0,0,2,26,HOMBRE,ILESO,CONDUCTOR PRESENTE,NO,NO,0
14697,46224,46225,2018,0,2,-0.391284,-78.542175,PICHINCHA,MEJIA,UYUMBICHO,RURAL,2018-09-08,05:45:00,5,SABADO,6,SEPTIEMBRE,9,NO,NO MANTENER LA DISTANCIA PRUDENCIAL CON RESPECTO AL VEHICULO QUE LE ANTECEDE.,CHOQUE POSTERIOR,AUTOMOVIL,1,0,1,0,0,0,0,0,0,0,0,0,0,2,27,MUJER,FALLECIDO,PASAJERO,NO,NO,3
14698,46226,46227,2018,0,0,-0.064334,-78.429354,PICHINCHA,QUITO,CALDERON (CARAPUNGO),URBANA,2018-09-08,06:35:00,6,SABADO,6,SEPTIEMBRE,9,NO,"CONDUCIR DESATENTO A LAS CONDICIONES DE TRANSITO (CELULAR, PANTALLAS DE VIDEO, COMIDA, MAQUILLAJE O CUALQUIER OTRO ELEMENTO DISTRACTOR).",OTROS,AUTOMOVIL,1,0,0,0,0,0,0,0,0,0,0,0,0,1,-1,NO IDENTIFICADO,NO IDENTIFICADO,CONDUCTOR AUSENTE,NO,NO,2
14699,46228,46229,2018,0,0,-0.275999,-78.536318,PICHINCHA,QUITO,QUITO,URBANA,2018-09-08,07:20:00,7,SABADO,6,SEPTIEMBRE,9,NO,REALIZAR CAMBIO BRUSCO O INDEBIDO DE CARRIL.,CHOQUE LATERAL,CAMIONETA,1,0,0,0,1,0,0,0,0,0,0,0,0,2,29,HOMBRE,ILESO,CONDUCTOR PRESENTE,NO,NO,0
14700,46229,46230,2018,4,1,0.005487,-78.295283,PICHINCHA,PEDRO MONCAYO,TOCACHI,RURAL,2018-09-08,08:30:00,8,SABADO,6,SEPTIEMBRE,9,NO,"CONDUCE BAJO LA INFLUENCIA DE ALCOHOL, SUSTANCIAS ESTUPEFACIENTES O PSICOTROPICAS Y/O MEDICAMENTOS.",PERDIDA DE CARRIL,CAMIONETA,0,0,0,0,1,0,0,0,0,0,0,0,0,1,25,HOMBRE,FALLECIDO,PASAJERO,NO,NO,3
14701,46233,46234,2018,0,0,-0.342707,-78.484961,PICHINCHA,QUITO,AMAGUANIA,URBANA,2018-09-08,10:00:00,10,SABADO,6,SEPTIEMBRE,9,NO,"CONDUCIR DESATENTO A LAS CONDICIONES DE TRANSITO (CELULAR, PANTALLAS DE VIDEO, COMIDA, MAQUILLAJE O CUALQUIER OTRO ELEMENTO DISTRACTOR).",ESTRELLAMIENTOS,AUTOMOVIL,3,0,0,0,0,0,0,0,0,0,0,0,0,3,61,HOMBRE,ILESO,CONDUCTOR PRESENTE,NO,NO,0
14702,46236,46237,2018,1,0,-0.200199,-78.490957,PICHINCHA,QUITO,QUITO,URBANA,2018-09-08,11:00:00,11,SABADO,6,SEPTIEMBRE,9,NO,DEJAR O RECOGER PASAJEROS EN LUGARES NO PERMITIDOS.,CAIDA DE PASAJERO,BUS,0,0,1,0,0,0,0,0,0,0,0,0,0,1,58,HOMBRE,LESIONADO,PEATON,NO,NO,0
14703,46237,46238,2018,0,0,-0.122237,-78.495545,PICHINCHA,QUITO,QUITO,URBANA,2018-09-08,11:15:00,11,SABADO,6,SEPTIEMBRE,9,NO,"CONDUCE BAJO LA INFLUENCIA DE ALCOHOL, SUSTANCIAS ESTUPEFACIENTES O PSICOTROPICAS Y/O MEDICAMENTOS.",CHOQUE LATERAL,AUTOMOVIL,2,0,0,0,0,0,0,0,0,0,0,0,0,2,22,HOMBRE,ILESO,CONDUCTOR PRESENTE,NO,NO,0
14704,46239,46240,2018,0,1,-0.129099,-78.460011,PICHINCHA,QUITO,QUITO,URBANA,2018-09-08,11:30:00,11,SABADO,6,SEPTIEMBRE,9,NO,NO CEDER EL DERECHO DE VIA O PREFERENCIA DE PASO AL PEATON.,ARROLLAMIENTOS,BUS,0,0,1,0,0,0,0,0,0,0,0,0,0,1,84,HOMBRE,FALLECIDO,PEATON,NO,NO,0
14705,46240,46241,2018,0,0,-0.243671,-78.485361,PICHINCHA,QUITO,QUITO,URBANA,2018-09-08,11:30:00,11,SABADO,6,SEPTIEMBRE,9,NO,REALIZAR CAMBIO BRUSCO O INDEBIDO DE CARRIL.,CHOQUE LATERAL,CAMIONETA,1,0,0,0,1,0,0,0,0,0,0,0,0,2,42,HOMBRE,ILESO,CONDUCTOR PRESENTE,NO,NO,0
14706,46241,46242,2018,0,0,-0.088884,-78.439915,PICHINCHA,QUITO,CALDERON (CARAPUNGO),URBANA,2018-09-08,11:30:00,11,SABADO,6,SEPTIEMBRE,9,NO,"CONDUCIR DESATENTO A LAS CONDICIONES DE TRANSITO (CELULAR, PANTALLAS DE VIDEO, COMIDA, MAQUILLAJE O CUALQUIER OTRO ELEMENTO DISTRACTOR).",ESTRELLAMIENTOS,BUS,0,0,1,0,0,0,0,0,0,0,0,0,0,1,41,HOMBRE,ILESO,CONDUCTOR PRESENTE,NO,NO,0
14707,46248,46249,2018,0,0,-0.143621,-78.498886,PICHINCHA,QUITO,QUITO,URBANA,2018-09-08,14:00:00,14,SABADO,6,SEPTIEMBRE,9,NO,"ADELANTAR O REBASAR A OTRO VEHICULO EN MOVIMIENTO EN ZONAS O SITIOS PELIGROSOS TALES COMO: CURVAS, PUENTES, TUNELES, PENDIENTES, ETC.",CHOQUE FRONTAL,CAMIONETA,0,0,0,0,1,0,0,0,1,0,0,0,0,2,78,HOMBRE,ILESO,CONDUCTOR PRESENTE,NO,NO,0
14708,46251,46252,2018,1,0,-0.295604,-78.561141,PICHINCHA,QUITO,QUITO,URBANA,2018-09-08,15:00:00,15,SABADO,6,SEPTIEMBRE,9,NO,NO CEDER EL DERECHO DE VIA O PREFERENCIA DE PASO A VEHICULOS.,CHOQUE LATERAL,AUTOMOVIL,2,0,0,0,0,0,0,0,0,0,0,0,0,2,27,MUJER,LESIONADO,PASAJERO,NO,NO,0
14709,46253,46254,2018,0,0,-0.299725,-78.459219,PICHINCHA,RUMINIAHUI,SANGOLQUI,RURAL,2018-09-08,15:51:00,15,SABADO,6,SEPTIEMBRE,9,NO,"CONDUCIR DESATENTO A LAS CONDICIONES DE TRANSITO (CELULAR, PANTALLAS DE VIDEO, COMIDA, MAQUILLAJE O CUALQUIER OTRO ELEMENTO DISTRACTOR).",CHOQUE LATERAL,AUTOMOVIL,2,0,0,0,0,0,0,0,0,0,0,0,0,2,59,HOMBRE,ILESO,CONDUCTOR PRESENTE,NO,NO,3
14710,46260,46261,2018,1,0,-0.201622,-78.679794,PICHINCHA,QUITO,LLOA,URBANA,2018-09-08,17:30:00,17,SABADO,6,SEPTIEMBRE,9,NO,NO CEDER EL DERECHO DE VIA O PREFERENCIA DE PASO AL PEATON.,ATROPELLOS,MOTOCICLETA,0,0,0,0,0,0,0,0,1,0,0,0,0,1,50,MUJER,LESIONADO,PEATON,NO,NO,0