,Unnamed: 0,ID,ANIO,LESIONADOS,FALLECIDOS,LATITUD_Y,LONGITUD_X,PROVINCIA,CANTON,PARROQUIA,ZONA,FECHA,HORA,PERIODO_2,DIA_1,DIA_2,MES_1,MES_2,FERIADO,CAUSA_PROBABLE,TIPO_DE_SINIESTRO,TIPO_DE_VEHICULO_1,AUTOMOVIL,BICICLETA,BUS,CAMION,CAMIONETA,EMERGENCIAS,ESPECIAL,FURGONETA,MOTOCICLETA,NO_IDENTIFICADO,SCOOTER_ELECTRICO,TRICIMOTO,VEHICULO_DEPORTIVO_UTILITARIO,SUMA_DE_VEHICULOS,EDAD_1,SEXO_1,CONDICION_1,PARTICIPANTE_1,CASCO_1,CINTURON_1,KMeans_Cluster
14768,46500,46501,2018,0,0,-0.145115,-78.491591,PICHINCHA,QUITO,QUITO,URBANA,2018-09-12,00:29:00,0,MIERCOLES,3,SEPTIEMBRE,9,NO,CONDUCIR VEHICULO SUPERANDO LOS LIMITES MAXIMOS DE VELOCIDAD.,ESTRELLAMIENTOS,AUTOMOVIL,1,0,0,0,0,0,0,0,0,0,0,0,0,1,-1,NO IDENTIFICADO,NO IDENTIFICADO,CONDUCTOR AUSENTE,NO,NO,2
14769,46501,46502,2018,0,0,-0.302497,-78.559042,PICHINCHA,QUITO,QUITO,URBANA,2018-09-12,03:00:00,3,MIERCOLES,3,SEPTIEMBRE,9,NO,"CONDUCIR EN ESTADO DE SOMNOLENCIA O MALAS CONDICIONES FISICAS (SUENIO, CANSANCIO Y FATIGA).",ESTRELLAMIENTOS,AUTOMOVIL,1,0,0,0,0,0,0,0,0,0,0,0,0,1,-1,NO IDENTIFICADO,NO IDENTIFICADO,CONDUCTOR AUSENTE,NO,NO,2
14770,46506,46507,2018,0,0,-0.003356,-78.440401,PICHINCHA,QUITO,SAN ANTONIO (QUITO),RURAL,2018-09-12,06:45:00,6,MIERCOLES,3,SEPTIEMBRE,9,NO,NO MANTENER LA DISTANCIA PRUDENCIAL CON RESPECTO AL VEHICULO QUE LE ANTECEDE.,CHOQUE POSTERIOR,FURGONETA,0,0,0,0,0,0,0,1,1,0,0,0,0,2,47,HOMBRE,ILESO,CONDUCTOR PRESENTE,NO,NO,3
14771,46507,46508,2018,1,0,-0.200254,-78.499976,PICHINCHA,QUITO,QUITO,URBANA,2018-09-12,07:05:00,7,MIERCOLES,3,SEPTIEMBRE,9,NO,DEJAR O RECOGER PASAJEROS EN LUGARES NO PERMITIDOS.,CAIDA DE PASAJERO,BUS,0,0,1,0,0,0,0,0,0,0,0,0,0,1,59,HOMBRE,LESIONADO,PEATON,NO,NO,0
14772,46508,46509,2018,0,0,-0.172329,-78.493301,PICHINCHA,QUITO,QUITO,URBANA,2018-09-12,07:20:00,7,MIERCOLES,3,SEPTIEMBRE,9,NO,"ADELANTAR O REBASAR A OTRO VEHICULO EN MOVIMIENTO EN ZONAS O SITIOS PELIGROSOS TALES COMO: CURVAS, PUENTES, TUNELES, PENDIENTES, ETC.",CHOQUE LATERAL,AUTOMOVIL,1,0,1,0,0,0,0,0,0,0,0,0,0,2,23,HOMBRE,ILESO,CONDUCTOR PRESENTE,NO,NO,0
14773,46510,46511,2018,0,0,-0.250649,-78.527031,PICHINCHA,QUITO,QUITO,URBANA,2018-09-12,07:35:00,7,MIERCOLES,3,SEPTIEMBRE,9,NO,"NO RESPETAR LAS SENIALES REGLAMENTARIAS DE TRANSITO. (PARE, CEDA EL PASO, LUZ ROJA DEL SEMAFORO, ETC).",CHOQUE LATERAL,AUTOMOVIL,2,0,0,0,0,0,0,0,0,0,0,0,0,2,21,MUJER,ILESO,CONDUCTOR PRESENTE,NO,NO,0
14774,46511,46512,2018,0,0,-0.195831,-78.494956,PICHINCHA,QUITO,QUITO,URBANA,2018-09-12,08:05:00,8,MIERCOLES,3,SEPTIEMBRE,9,NO,"NO RESPETAR LAS SENIALES REGLAMENTARIAS DE TRANSITO. (PARE, CEDA EL PASO, LUZ ROJA DEL SEMAFORO, ETC).",CHOQUE LATERAL,AUTOMOVIL,2,0,0,0,0,0,0,0,0,0,0,0,0,2,32,HOMBRE,ILESO,CONDUCTOR PRESENTE,NO,NO,0
14775,46513,46514,2018,0,0,-0.174894,-78.501169,PICHINCHA,QUITO,QUITO,URBANA,2018-09-12,08:30:00,8,MIERCOLES,3,SEPTIEMBRE,9,NO,"ADELANTAR O REBASAR A OTRO VEHICULO EN MOVIMIENTO EN ZONAS O SITIOS PELIGROSOS TALES COMO: CURVAS, PUENTES, TUNELES, PENDIENTES, ETC.",COLISION,AUTOMOVIL,3,0,0,0,0,0,0,0,0,0,0,0,0,3,35,HOMBRE,ILESO,CONDUCTOR PRESENTE,NO,NO,0
14776,46514,46515,2018,0,0,-0.272894,-78.585344,PICHINCHA,QUITO,QUITO,URBANA,2018-09-12,08:45:00,8,MIERCOLES,3,SEPTIEMBRE,9,NO,BAJARSE O SUBIRSE DE VEHICULOS EN MOVIMIENTO SIN TOMAR LAS PRECAUCIONES DEBIDAS.,ATROPELLOS,BUS,0,0,1,0,0,0,0,0,0,0,0,0,0,1,43,HOMBRE,ILESO,CONDUCTOR PRESENTE,NO,NO,0
14777,46517,46518,2018,0,0,-0.283261,-78.560673,PICHINCHA,QUITO,QUITO,URBANA,2018-09-12,10:15:00,10,MIERCOLES,3,SEPTIEMBRE,9,NO,NO CEDER EL DERECHO DE VIA O PREFERENCIA DE PASO AL PEATON.,ATROPELLOS,AUTOMOVIL,1,0,0,0,0,0,0,0,0,0,0,0,0,1,42,MUJER,ILESO,CONDUCTOR PRESENTE,NO,NO,0
14778,46520,46521,2018,1,0,-0.162497,-78.476206,PICHINCHA,QUITO,QUITO,URBANA,2018-09-12,11:10:00,11,MIERCOLES,3,SEPTIEMBRE,9,NO,NO TRANSITAR POR LAS ACERAS O ZONAS DE SEGURIDAD DESTINADAS PARA EL EFECTO.,ATROPELLOS,NO IDENTIFICADO,0,0,0,0,0,0,0,0,0,1,0,0,0,1,27,HOMBRE,LESIONADO,PEATON,NO,NO,0
14779,46521,46522,2018,0,0,-0.161505,-78.487865,PICHINCHA,QUITO,QUITO,URBANA,2018-09-12,11:15:00,11,MIERCOLES,3,SEPTIEMBRE,9,NO,NO MANTENER LA DISTANCIA PRUDENCIAL CON RESPECTO AL VEHICULO QUE LE ANTECEDE.,CHOQUE POSTERIOR,AUTOMOVIL,1,0,0,0,0,0,0,0,0,0,0,0,0,1,23,MUJER,ILESO,CONDUCTOR PRESENTE,NO,NO,0
14780,46525,46526,2018,1,0,-0.103151,-78.469821,PICHINCHA,QUITO,QUITO,URBANA,2018-09-12,12:25:00,12,MIERCOLES,3,SEPTIEMBRE,9,NO,NO GUARDAR LA DISTANCIA LATERAL MINIMA DE SEGURIDAD ENTRE VEHICULOS.,ROZAMIENTOS,CAMION,0,0,0,1,0,0,0,0,0,0,0,0,0,1,33,HOMBRE,LESIONADO,CONDUCTOR PRESENTE,NO,NO,0
14781,46527,46528,2018,1,0,-0.168793,-78.477104,PICHINCHA,QUITO,QUITO,URBANA,2018-09-12,12:50:00,12,MIERCOLES,3,SEPTIEMBRE,9,NO,REALIZAR CAMBIO BRUSCO O INDEBIDO DE CARRIL.,CHOQUE LATERAL,AUTOMOVIL,1,0,0,0,0,0,0,0,1,0,0,0,0,2,20,HOMBRE,LESIONADO,CONDUCTOR PRESENTE,NO,NO,0
14782,46531,46532,2018,0,0,-0.058111,-78.344101,PICHINCHA,QUITO,GUAYLLABAMBA,RURAL,2018-09-12,14:00:00,14,MIERCOLES,3,SEPTIEMBRE,9,NO,REALIZAR CAMBIO BRUSCO O INDEBIDO DE CARRIL.,CHOQUE LATERAL,MOTOCICLETA,1,0,0,0,0,0,0,0,1,0,0,0,0,2,19,HOMBRE,ILESO,CONDUCTOR PRESENTE,NO,NO,3
14783,46532,46533,2018,0,0,-0.180921,-78.496715,PICHINCHA,QUITO,QUITO,URBANA,2018-09-12,14:05:00,14,MIERCOLES,3,SEPTIEMBRE,9,NO,NO MANTENER LA DISTANCIA PRUDENCIAL CON RESPECTO AL VEHICULO QUE LE ANTECEDE.,CHOQUE POSTERIOR,AUTOMOVIL,1,0,0,0,0,0,0,0,1,0,0,0,0,2,21,MUJER,ILESO,CONDUCTOR PRESENTE,NO,NO,0
14784,46534,46535,2018,0,1,-0.344551,-78.865113,PICHINCHA,MEJIA,MANUEL CORNEJO ASTORGA,RURAL,2018-09-12,15:00:00,15,MIERCOLES,3,SEPTIEMBRE,9,NO,"CONDUCIR DESATENTO A LAS CONDICIONES DE TRANSITO (CELULAR, PANTALLAS DE VIDEO, COMIDA, MAQUILLAJE O CUALQUIER OTRO ELEMENTO DISTRACTOR).",ATROPELLOS,CAMION,0,0,0,1,0,0,0,0,0,0,0,0,0,1,25,MUJER,FALLECIDO,PEATON,NO,NO,3
14785,46538,46539,2018,1,0,-0.298357,-78.456682,PICHINCHA,QUITO,ALANGASI,RURAL,2018-09-12,17:30:00,17,MIERCOLES,3,SEPTIEMBRE,9,NO,"CONDUCIR DESATENTO A LAS CONDICIONES DE TRANSITO (CELULAR, PANTALLAS DE VIDEO, COMIDA, MAQUILLAJE O CUALQUIER OTRO ELEMENTO DISTRACTOR).",OTROS,BUS,1,0,1,0,0,0,0,0,0,0,0,0,0,2,50,MUJER,LESIONADO,PASAJERO,NO,NO,3
14786,46546,46547,2018,2,0,-0.301326,-78.447628,PICHINCHA,QUITO,ALANGASI,URBANA,2018-09-12,20:50:00,20,MIERCOLES,3,SEPTIEMBRE,9,NO,REALIZAR CAMBIO BRUSCO O INDEBIDO DE CARRIL.,COLISION,CAMIONETA,2,0,0,0,1,0,0,0,0,0,0,0,0,3,28,HOMBRE,LESIONADO,CONDUCTOR PRESENTE,NO,NO,0
14787,46547,46548,2018,0,0,-0.088884,-78.439915,PICHINCHA,QUITO,CALDERON (CARAPUNGO),URBANA,2018-09-12,21:00:00,21,MIERCOLES,3,SEPTIEMBRE,9,NO,"CASO FORTUITO O FUERZA MAYOR (EXPLOSION DE NEUMATICO NUEVO, DERRUMBE, INUNDACION, CAIDA DE PUENTE, ARBOL, PRESENCIA INTEMPESTIVA E IMPREVISTA DE SEMOVIENTES EN LA VIA, ETC.).",ESTRELLAMIENTOS,AUTOMOVIL,2,0,0,0,0,0,0,0,0,0,0,0,0,2,-1,NO IDENTIFICADO,NO IDENTIFICADO,CONDUCTOR AUSENTE,NO,NO,2
14788,46551,46552,2018,1,0,-0.214643,-78.516701,PICHINCHA,QUITO,QUITO,URBANA,2018-09-12,21:52:00,21,MIERCOLES,3,SEPTIEMBRE,9,NO,NO TRANSITAR POR LAS ACERAS O ZONAS DE SEGURIDAD DESTINADAS PARA EL EFECTO.,ATROPELLOS,NO IDENTIFICADO,0,0,0,0,0,0,0,0,0,1,0,0,0,1,28,HOMBRE,LESIONADO,PEATON,NO,NO,0
14789,46557,46558,2018,1,0,-0.125876,-78.444289,PICHINCHA,QUITO,LLANO CHICO,URBANA,2018-09-13,04:35:00,4,JUEVES,4,SEPTIEMBRE,9,NO,NO MANTENER LA DISTANCIA PRUDENCIAL CON RESPECTO AL VEHICULO QUE LE ANTECEDE.,CHOQUE POSTERIOR,MOTOCICLETA,0,0,0,0,0,0,0,0,1,1,0,0,0,2,27,HOMBRE,LESIONADO,CONDUCTOR PRESENTE,NO,NO,0
14790,46560,46561,2018,1,0,-0.282706,-78.554325,PICHINCHA,QUITO,QUITO,URBANA,2018-09-13,06:40:00,6,JUEVES,4,SEPTIEMBRE,9,NO,NO CEDER EL DERECHO DE VIA O PREFERENCIA DE PASO AL PEATON.,ATROPELLOS,BUS,0,0,1,0,0,0,0,0,0,0,0,0,0,1,12,MUJER,LESIONADO,PEATON,NO,NO,0
14791,46561,46562,2018,0,0,-0.081949,-78.438448,PICHINCHA,QUITO,CALDERON (CARAPUNGO),URBANA,2018-09-13,06:55:00,6,JUEVES,4,SEPTIEMBRE,9,NO,"ADELANTAR O REBASAR A OTRO VEHICULO EN MOVIMIENTO EN ZONAS O SITIOS PELIGROSOS TALES COMO: CURVAS, PUENTES, TUNELES, PENDIENTES, ETC.",CHOQUE FRONTAL,AUTOMOVIL,2,0,0,0,0,0,0,0,0,0,0,0,0,2,23,HOMBRE,ILESO,CONDUCTOR PRESENTE,NO,NO,0
14792,46572,46573,2018,0,0,-0.191658,-78.485834,PICHINCHA,QUITO,QUITO,URBANA,2018-09-13,10:15:00,10,JUEVES,4,SEPTIEMBRE,9,NO,NO MANTENER LA DISTANCIA PRUDENCIAL CON RESPECTO AL VEHICULO QUE LE ANTECEDE.,CHOQUE POSTERIOR,AUTOMOVIL,1,0,0,0,1,0,0,0,0,0,0,0,0,2,63,HOMBRE,ILESO,CONDUCTOR PRESENTE,NO,NO,0
14793,46576,46577,2018,1,0,-0.204421,-78.492727,PICHINCHA,QUITO,QUITO,URBANA,2018-09-13,11:30:00,11,JUEVES,4,SEPTIEMBRE,9,NO,"NO RESPETAR LAS SENIALES REGLAMENTARIAS DE TRANSITO. (PARE, CEDA EL PASO, LUZ ROJA DEL SEMAFORO, ETC).",OTROS,CAMIONETA,0,0,0,0,1,0,0,0,1,0,0,0,0,2,37,HOMBRE,LESIONADO,CONDUCTOR PRESENTE,NO,NO,0
14794,46581,46582,2018,1,0,-0.264263,-78.550014,PICHINCHA,QUITO,QUITO,URBANA,2018-09-13,12:15:00,12,JUEVES,4,SEPTIEMBRE,9,NO,NO TRANSITAR POR LAS ACERAS O ZONAS DE SEGURIDAD DESTINADAS PARA EL EFECTO.,ATROPELLOS,CAMIONETA,0,0,0,0,1,0,0,0,0,0,0,0,0,1,77,HOMBRE,LESIONADO,PEATON,NO,NO,0
14795,46582,46583,2018,0,0,-0.185596,-78.494125,PICHINCHA,QUITO,QUITO,URBANA,2018-09-13,12:25:00,12,JUEVES,4,SEPTIEMBRE,9,NO,"ADELANTAR O REBASAR A OTRO VEHICULO EN MOVIMIENTO EN ZONAS O SITIOS PELIGROSOS TALES COMO: CURVAS, PUENTES, TUNELES, PENDIENTES, ETC.",CHOQUE LATERAL,MOTOCICLETA,1,0,0,0,0,0,0,0,1,0,0,0,0,2,27,HOMBRE,ILESO,CONDUCTOR PRESENTE,NO,NO,0
14796,46588,46589,2018,0,0,-0.098218,-78.406273,PICHINCHA,QUITO,CALDERON (CARAPUNGO),RURAL,2018-09-13,15:00:00,15,JUEVES,4,SEPTIEMBRE,9,NO,"CONDUCIR DESATENTO A LAS CONDICIONES DE TRANSITO (CELULAR, PANTALLAS DE VIDEO, COMIDA, MAQUILLAJE O CUALQUIER OTRO ELEMENTO DISTRACTOR).",PERDIDA DE CARRIL,CAMIONETA,0,0,0,0,1,0,0,0,0,0,0,0,0,1,74,HOMBRE,ILESO,CONDUCTOR PRESENTE,NO,NO,3
14797,46590,46591,2018,0,0,-0.163294,-78.462564,PICHINCHA,QUITO,QUITO,URBANA,2018-09-13,15:41:00,15,JUEVES,4,SEPTIEMBRE,9,NO,"ADELANTAR O REBASAR A OTRO VEHICULO EN MOVIMIENTO EN ZONAS O SITIOS PELIGROSOS TALES COMO: CURVAS, PUENTES, TUNELES, PENDIENTES, ETC.",COLISION,AUTOMOVIL,2,0,0,1,2,0,0,0,0,0,0,0,0,5,54,HOMBRE,ILESO,CONDUCTOR PRESENTE,NO,NO,0
14798,46593,46594,2018,1,0,-0.323661,-78.556475,PICHINCHA,QUITO,QUITO,URBANA,2018-09-13,16:25:00,16,JUEVES,4,SEPTIEMBRE,9,NO,"NO RESPETAR LAS SENIALES REGLAMENTARIAS DE TRANSITO. (PARE, CEDA EL PASO, LUZ ROJA DEL SEMAFORO, ETC).",CHOQUE LATERAL,AUTOMOVIL,1,0,0,1,0,0,0,0,0,0,0,0,0,2,46,HOMBRE,LESIONADO,PASAJERO,NO,NO,0
14799,46598,46599,2018,0,0,-0.159397,-78.505104,PICHINCHA,QUITO,QUITO,URBANA,2018-09-13,17:10:00,17,JUEVES,4,SEPTIEMBRE,9,NO,CONDUCIR VEHICULO SUPERANDO LOS LIMITES MAXIMOS DE VELOCIDAD.,ESTRELLAMIENTOS,AUTOMOVIL,1,0,0,0,0,0,0,1,0,0,0,0,0,2,57,MUJER,ILESO,CONDUCTOR PRESENTE,NO,NO,0
14800,46600,46601,2018,0,0,-0.209306,-78.492372,PICHINCHA,QUITO,QUITO,URBANA,2018-09-13,18:20:00,18,JUEVES,4,SEPTIEMBRE,9,NO,"NO RESPETAR LAS SENIALES REGLAMENTARIAS DE TRANSITO. (PARE, CEDA EL PASO, LUZ ROJA DEL SEMAFORO, ETC).",CHOQUE LATERAL,AUTOMOVIL,2,0,0,0,0,0,0,0,0,0,0,0,0,2,80,HOMBRE,ILESO,CONDUCTOR PRESENTE,NO,NO,0
14801,46603,46604,2018,0,0,-0.107057,-78.479784,PICHINCHA,QUITO,QUITO,URBANA,2018-09-13,19:30:00,19,JUEVES,4,SEPTIEMBRE,9,NO,"FALLA MECANICA EN LOS SISTEMAS Y/O NEUMATICOS (SISTEMA DE FRENOS, DIRECCION, ELECTRONICO O MECANICO).",ESTRELLAMIENTOS,CAMION,1,0,0,1,0,0,0,0,0,0,0,0,0,2,41,HOMBRE,ILESO,CONDUCTOR PRESENTE,NO,NO,0
14802,46606,46607,2018,1,0,-0.160799,-78.321247,PICHINCHA,QUITO,YARUQUI,RURAL,2018-09-13,19:40:00,19,JUEVES,4,SEPTIEMBRE,9,NO,NO MANTENER LA DISTANCIA PRUDENCIAL CON RESPECTO AL VEHICULO QUE LE ANTECEDE.,CHOQUE POSTERIOR,MOTOCICLETA,0,0,1,0,0,0,0,0,1,0,0,0,0,2,44,HOMBRE,LESIONADO,CONDUCTOR PRESENTE,NO,NO,3
14803,46608,46609,2018,1,0,-0.220366,-78.508289,PICHINCHA,QUITO,QUITO,URBANA,2018-09-13,20:00:00,20,JUEVES,4,SEPTIEMBRE,9,NO,NO CEDER EL DERECHO DE VIA O PREFERENCIA DE PASO A VEHICULOS.,CHOQUE LATERAL,AUTOMOVIL,1,0,0,0,0,0,0,0,1,0,0,0,0,2,24,HOMBRE,LESIONADO,CONDUCTOR PRESENTE,NO,NO,0
14804,46609,46610,2018,0,0,-0.052634,-78.454084,PICHINCHA,QUITO,POMASQUI,RURAL,2018-09-13,20:09:00,20,JUEVES,4,SEPTIEMBRE,9,NO,"CONDUCIR DESATENTO A LAS CONDICIONES DE TRANSITO (CELULAR, PANTALLAS DE VIDEO, COMIDA, MAQUILLAJE O CUALQUIER OTRO ELEMENTO DISTRACTOR).",ESTRELLAMIENTOS,CAMIONETA,0,0,0,0,1,0,0,0,0,0,0,0,0,1,-1,NO IDENTIFICADO,NO IDENTIFICADO,CONDUCTOR AUSENTE,NO,NO,2
14805,46610,46611,2018,0,0,-0.158095,-78.455421,PICHINCHA,QUITO,QUITO,URBANA,2018-09-13,20:15:00,20,JUEVES,4,SEPTIEMBRE,9,NO,"CONDUCE BAJO LA INFLUENCIA DE ALCOHOL, SUSTANCIAS ESTUPEFACIENTES O PSICOTROPICAS Y/O MEDICAMENTOS.",CHOQUE POSTERIOR,AUTOMOVIL,1,0,0,0,0,0,0,0,1,0,0,0,0,2,36,HOMBRE,ILESO,CONDUCTOR PRESENTE,NO,NO,0
14806,46613,46614,2018,1,0,-0.237734,-78.509298,PICHINCHA,QUITO,QUITO,URBANA,2018-09-13,20:50:00,20,JUEVES,4,SEPTIEMBRE,9,NO,NO TRANSITAR POR LAS ACERAS O ZONAS DE SEGURIDAD DESTINADAS PARA EL EFECTO.,ATROPELLOS,MOTOCICLETA,0,0,0,0,0,0,0,0,1,0,0,0,0,1,43,HOMBRE,LESIONADO,PEATON,NO,NO,0
14807,46614,46615,2018,0,0,-0.338721,-78.554079,PICHINCHA,QUITO,QUITO,URBANA,2018-09-13,20:55:00,20,JUEVES,4,SEPTIEMBRE,9,NO,"CONDUCE BAJO LA INFLUENCIA DE ALCOHOL, SUSTANCIAS ESTUPEFACIENTES O PSICOTROPICAS Y/O MEDICAMENTOS.",CHOQUE FRONTAL,AUTOMOVIL,1,0,1,0,0,0,0,0,0,0,0,0,0,2,36,HOMBRE,ILESO,CONDUCTOR PRESENTE,NO,NO,0
14808,46617,46618,2018,0,0,-0.179607,-78.482808,PICHINCHA,QUITO,QUITO,URBANA,2018-09-13,22:50:00,22,JUEVES,4,SEPTIEMBRE,9,NO,NO CEDER EL DERECHO DE VIA O PREFERENCIA DE PASO A VEHICULOS.,CHOQUE LATERAL,AUTOMOVIL,1,0,0,0,0,0,0,0,0,0,0,0,1,2,71,HOMBRE,ILESO,CONDUCTOR PRESENTE,NO,NO,0
14809,46618,46619,2018,0,0,-0.208182,-78.505717,PICHINCHA,QUITO,QUITO,URBANA,2018-09-14,00:05:00,0,VIERNES,5,SEPTIEMBRE,9,NO,"CONDUCE BAJO LA INFLUENCIA DE ALCOHOL, SUSTANCIAS ESTUPEFACIENTES O PSICOTROPICAS Y/O MEDICAMENTOS.",CHOQUE LATERAL,AUTOMOVIL,1,0,0,0,0,0,0,1,0,0,0,0,0,2,28,HOMBRE,ILESO,CONDUCTOR PRESENTE,NO,NO,0
14810,46619,46620,2018,0,0,-0.339893,-78.434328,PICHINCHA,RUMINIAHUI,SANGOLQUI,URBANA,2018-09-14,00:30:00,0,VIERNES,5,SEPTIEMBRE,9,NO,"CONDUCIR DESATENTO A LAS CONDICIONES DE TRANSITO (CELULAR, PANTALLAS DE VIDEO, COMIDA, MAQUILLAJE O CUALQUIER OTRO ELEMENTO DISTRACTOR).",PERDIDA DE PISTA,AUTOMOVIL,1,0,0,0,1,0,0,0,0,0,0,0,0,2,38,HOMBRE,ILESO,CONDUCTOR PRESENTE,NO,NO,0
14811,46620,46621,2018,0,0,-0.237756,-78.528961,PICHINCHA,QUITO,QUITO,URBANA,2018-09-14,00:40:00,0,VIERNES,5,SEPTIEMBRE,9,NO,CONDUCIR VEHICULO SUPERANDO LOS LIMITES MAXIMOS DE VELOCIDAD.,ESTRELLAMIENTOS,AUTOMOVIL,1,0,0,0,0,0,0,0,0,0,0,0,0,1,49,HOMBRE,ILESO,CONDUCTOR PRESENTE,NO,NO,0
14812,46622,46623,2018,0,0,-0.150518,-78.502351,PICHINCHA,QUITO,QUITO,URBANA,2018-09-14,00:45:00,0,VIERNES,5,SEPTIEMBRE,9,NO,CONDUCIR VEHICULO SUPERANDO LOS LIMITES MAXIMOS DE VELOCIDAD.,ESTRELLAMIENTOS,AUTOMOVIL,1,0,0,0,0,0,0,0,0,0,0,0,0,1,-1,NO IDENTIFICADO,NO IDENTIFICADO,CONDUCTOR AUSENTE,NO,NO,2
14813,46623,46624,2018,5,0,-0.239387,-78.330216,PICHINCHA,QUITO,PIFO,URBANA,2018-09-14,02:15:00,2,VIERNES,5,SEPTIEMBRE,9,NO,"CONDUCIR DESATENTO A LAS CONDICIONES DE TRANSITO (CELULAR, PANTALLAS DE VIDEO, COMIDA, MAQUILLAJE O CUALQUIER OTRO ELEMENTO DISTRACTOR).",PERDIDA DE PISTA,CAMIONETA,0,0,0,0,1,0,0,0,0,0,0,0,0,1,41,HOMBRE,LESIONADO,PASAJERO,NO,NO,0
14814,46624,46625,2018,0,0,-0.191658,-78.485834,PICHINCHA,QUITO,QUITO,URBANA,2018-09-14,02:50:00,2,VIERNES,5,SEPTIEMBRE,9,NO,MALAS CONDICIONES DE LA VIA Y/O CONFIGURACION. (ILUMINACION Y DISENIO).,CHOQUE LATERAL,CAMIONETA,1,0,0,0,1,0,0,0,0,0,0,0,0,2,31,HOMBRE,ILESO,CONDUCTOR PRESENTE,NO,NO,0
14815,46625,46626,2018,2,0,-0.260071,-78.548445,PICHINCHA,QUITO,QUITO,URBANA,2018-09-14,03:20:00,3,VIERNES,5,SEPTIEMBRE,9,NO,CONDUCIR VEHICULO SUPERANDO LOS LIMITES MAXIMOS DE VELOCIDAD.,ESTRELLAMIENTOS,AUTOMOVIL,3,0,0,0,0,0,0,0,0,0,0,0,0,3,50,HOMBRE,LESIONADO,PASAJERO,NO,NO,0
14816,46627,46628,2018,0,0,-0.237653,-78.484311,PICHINCHA,QUITO,QUITO,URBANA,2018-09-14,04:13:00,4,VIERNES,5,SEPTIEMBRE,9,NO,"CONDUCIR EN ESTADO DE SOMNOLENCIA O MALAS CONDICIONES FISICAS (SUENIO, CANSANCIO Y FATIGA).",ESTRELLAMIENTOS,AUTOMOVIL,1,0,0,0,0,0,0,0,0,0,0,0,0,1,-1,NO IDENTIFICADO,NO IDENTIFICADO,CONDUCTOR AUSENTE,NO,NO,2
14817,46628,46629,2018,0,0,-0.232711,-78.503685,PICHINCHA,QUITO,QUITO,URBANA,2018-09-14,04:55:00,4,VIERNES,5,SEPTIEMBRE,9,NO,"CONDICIONES AMBIENTALES Y/O ATMOSFERICAS (NIEBLA, NEBLINA, GRANIZO, LLUVIA).",ESTRELLAMIENTOS,AUTOMOVIL,1,0,0,0,0,0,0,0,0,0,0,0,0,1,41,HOMBRE,ILESO,CONDUCTOR PRESENTE,NO,NO,0
14818,46630,46631,2018,0,0,-0.167794,-78.487392,PICHINCHA,QUITO,QUITO,URBANA,2018-09-14,05:40:00,5,VIERNES,5,SEPTIEMBRE,9,NO,CONDUCIR VEHICULO SUPERANDO LOS LIMITES MAXIMOS DE VELOCIDAD.,ESTRELLAMIENTOS,BUS,0,0,1,0,0,0,0,0,0,0,0,0,0,1,-1,NO IDENTIFICADO,NO IDENTIFICADO,CONDUCTOR AUSENTE,NO,NO,2
14819,46631,46632,2018,0,0,-0.168029,-78.474283,PICHINCHA,QUITO,QUITO,URBANA,2018-09-14,05:58:00,5,VIERNES,5,SEPTIEMBRE,9,NO,REALIZAR CAMBIO BRUSCO O INDEBIDO DE CARRIL.,CHOQUE LATERAL,AUTOMOVIL,2,0,0,0,0,0,0,0,0,0,0,0,0,2,24,HOMBRE,ILESO,CONDUCTOR PRESENTE,NO,NO,0
14820,46632,46633,2018,5,0,-0.172401,-78.490281,PICHINCHA,QUITO,QUITO,URBANA,2018-09-14,06:00:00,6,VIERNES,5,SEPTIEMBRE,9,NO,NO MANTENER LA DISTANCIA PRUDENCIAL CON RESPECTO AL VEHICULO QUE LE ANTECEDE.,CHOQUE POSTERIOR,NO IDENTIFICADO,0,0,0,0,0,0,0,0,0,1,0,0,0,1,16,MUJER,LESIONADO,PASAJERO,NO,NO,0
14821,46633,46634,2018,1,0,-0.106854,-78.444359,PICHINCHA,QUITO,CALDERON (CARAPUNGO),URBANA,2018-09-14,06:05:00,6,VIERNES,5,SEPTIEMBRE,9,NO,NO MANTENER LA DISTANCIA PRUDENCIAL CON RESPECTO AL VEHICULO QUE LE ANTECEDE.,CHOQUE POSTERIOR,BUS,0,0,1,0,0,0,0,0,0,1,0,0,0,2,13,MUJER,LESIONADO,PASAJERO,NO,NO,0
14822,46634,46635,2018,2,0,-0.226807,-78.490454,PICHINCHA,QUITO,QUITO,URBANA,2018-09-14,06:10:00,6,VIERNES,5,SEPTIEMBRE,9,NO,NO MANTENER LA DISTANCIA PRUDENCIAL CON RESPECTO AL VEHICULO QUE LE ANTECEDE.,COLISION,BUS,2,0,2,0,1,0,0,0,0,0,0,0,0,5,40,HOMBRE,LESIONADO,CONDUCTOR PRESENTE,NO,NO,0
14823,46637,46638,2018,0,0,-0.205175,-78.462327,PICHINCHA,QUITO,QUITO,URBANA,2018-09-14,07:05:00,7,VIERNES,5,SEPTIEMBRE,9,NO,"CONDICIONES AMBIENTALES Y/O ATMOSFERICAS (NIEBLA, NEBLINA, GRANIZO, LLUVIA).",ESTRELLAMIENTOS,AUTOMOVIL,1,0,0,0,0,0,0,0,0,0,0,0,0,1,26,HOMBRE,ILESO,CONDUCTOR PRESENTE,NO,NO,0