,Unnamed: 0,ID,ANIO,LESIONADOS,FALLECIDOS,LATITUD_Y,LONGITUD_X,PROVINCIA,CANTON,PARROQUIA,ZONA,FECHA,HORA,PERIODO_2,DIA_1,DIA_2,MES_1,MES_2,FERIADO,CAUSA_PROBABLE,TIPO_DE_SINIESTRO,TIPO_DE_VEHICULO_1,AUTOMOVIL,BICICLETA,BUS,CAMION,CAMIONETA,EMERGENCIAS,ESPECIAL,FURGONETA,MOTOCICLETA,NO_IDENTIFICADO,SCOOTER_ELECTRICO,TRICIMOTO,VEHICULO_DEPORTIVO_UTILITARIO,SUMA_DE_VEHICULOS,EDAD_1,SEXO_1,CONDICION_1,PARTICIPANTE_1,CASCO_1,CINTURON_1,KMeans_Cluster
14882,46780,46781,2018,0,0,-0.232432,-78.486229,PICHINCHA,QUITO,QUITO,URBANA,2018-09-15,21:40:00,21,SABADO,6,SEPTIEMBRE,9,NO,"CONDUCE BAJO LA INFLUENCIA DE ALCOHOL, SUSTANCIAS ESTUPEFACIENTES O PSICOTROPICAS Y/O MEDICAMENTOS.",ESTRELLAMIENTOS,AUTOMOVIL,2,0,0,0,0,0,0,0,0,0,0,0,0,2,32,HOMBRE,ILESO,CONDUCTOR PRESENTE,NO,NO,0
14883,46782,46783,2018,0,0,-0.157092,-78.466394,PICHINCHA,QUITO,QUITO,URBANA,2018-09-15,21:45:00,21,SABADO,6,SEPTIEMBRE,9,NO,NO MANTENER LA DISTANCIA PRUDENCIAL CON RESPECTO AL VEHICULO QUE LE ANTECEDE.,COLISION,AUTOMOVIL,3,0,0,0,0,0,0,0,0,0,0,0,0,3,34,HOMBRE,ILESO,CONDUCTOR PRESENTE,NO,NO,0
14884,46784,46785,2018,0,0,-0.261533,-78.544355,PICHINCHA,QUITO,QUITO,URBANA,2018-09-15,21:50:00,21,SABADO,6,SEPTIEMBRE,9,NO,"CONDUCE BAJO LA INFLUENCIA DE ALCOHOL, SUSTANCIAS ESTUPEFACIENTES O PSICOTROPICAS Y/O MEDICAMENTOS.",CHOQUE FRONTAL,CAMIONETA,1,0,0,0,1,0,0,0,0,0,0,0,0,2,54,HOMBRE,ILESO,CONDUCTOR PRESENTE,NO,NO,0
14885,46787,46788,2018,0,0,-0.175511,-78.488431,PICHINCHA,QUITO,QUITO,URBANA,2018-09-15,23:00:00,23,SABADO,6,SEPTIEMBRE,9,NO,NO MANTENER LA DISTANCIA PRUDENCIAL CON RESPECTO AL VEHICULO QUE LE ANTECEDE.,CHOQUE POSTERIOR,AUTOMOVIL,2,0,0,0,0,0,0,0,0,0,0,0,0,2,24,HOMBRE,ILESO,CONDUCTOR PRESENTE,NO,NO,0
14886,46789,46790,2018,0,0,-0.147062,-78.490021,PICHINCHA,QUITO,QUITO,URBANA,2018-09-15,23:35:00,23,SABADO,6,SEPTIEMBRE,9,NO,NO MANTENER LA DISTANCIA PRUDENCIAL CON RESPECTO AL VEHICULO QUE LE ANTECEDE.,CHOQUE POSTERIOR,AUTOMOVIL,2,0,0,0,0,0,0,0,0,0,0,0,0,2,36,HOMBRE,ILESO,CONDUCTOR PRESENTE,NO,NO,0
14887,46794,46795,2018,3,0,-0.319006,-78.472759,PICHINCHA,QUITO,CONOCOTO,URBANA,2018-09-16,00:55:00,0,DOMINGO,7,SEPTIEMBRE,9,NO,CONDUCIR VEHICULO SUPERANDO LOS LIMITES MAXIMOS DE VELOCIDAD.,CHOQUE LATERAL,AUTOMOVIL,2,0,0,0,0,0,0,0,0,0,0,0,0,2,23,MUJER,LESIONADO,CONDUCTOR PRESENTE,NO,NO,2
14888,46795,46796,2018,0,0,-0.184494,-78.489035,PICHINCHA,QUITO,QUITO,URBANA,2018-09-16,01:05:00,1,DOMINGO,7,SEPTIEMBRE,9,NO,"CONDUCIR EN ESTADO DE SOMNOLENCIA O MALAS CONDICIONES FISICAS (SUENIO, CANSANCIO Y FATIGA).",ESTRELLAMIENTOS,AUTOMOVIL,1,0,0,0,0,0,0,0,0,0,0,0,0,1,43,HOMBRE,ILESO,CONDUCTOR PRESENTE,NO,NO,0
14889,46797,46798,2018,1,0,-0.260629,-78.546185,PICHINCHA,QUITO,QUITO,URBANA,2018-09-16,01:45:00,1,DOMINGO,7,SEPTIEMBRE,9,NO,"CONDUCE BAJO LA INFLUENCIA DE ALCOHOL, SUSTANCIAS ESTUPEFACIENTES O PSICOTROPICAS Y/O MEDICAMENTOS.",ATROPELLOS,MOTOCICLETA,0,0,0,0,0,0,0,0,1,0,0,0,0,1,49,MUJER,LESIONADO,PEATON,NO,NO,0
14890,46800,46801,2018,0,0,-0.289258,-78.538371,PICHINCHA,QUITO,QUITO,URBANA,2018-09-16,02:00:00,2,DOMINGO,7,SEPTIEMBRE,9,NO,NO MANTENER LA DISTANCIA PRUDENCIAL CON RESPECTO AL VEHICULO QUE LE ANTECEDE.,CHOQUE POSTERIOR,AUTOMOVIL,2,0,0,0,0,0,0,0,0,0,0,0,0,2,27,HOMBRE,ILESO,CONDUCTOR PRESENTE,NO,NO,0
14891,46801,46802,2018,0,0,-0.070871,-78.289353,PICHINCHA,CAYAMBE,ASCAZUBI,RURAL,2018-09-16,02:00:00,2,DOMINGO,7,SEPTIEMBRE,9,NO,"CONDICIONES AMBIENTALES Y/O ATMOSFERICAS (NIEBLA, NEBLINA, GRANIZO, LLUVIA).",PERDIDA DE PISTA,AUTOMOVIL,1,0,0,0,0,0,0,0,0,0,0,0,0,1,-1,NO IDENTIFICADO,NO IDENTIFICADO,CONDUCTOR AUSENTE,NO,NO,2
14892,46802,46803,2018,0,0,-0.163916,-78.464441,PICHINCHA,QUITO,QUITO,URBANA,2018-09-16,02:16:00,2,DOMINGO,7,SEPTIEMBRE,9,NO,"CONDICIONES AMBIENTALES Y/O ATMOSFERICAS (NIEBLA, NEBLINA, GRANIZO, LLUVIA).",ESTRELLAMIENTOS,AUTOMOVIL,1,0,0,0,0,0,0,0,0,0,0,0,0,1,34,MUJER,ILESO,PASAJERO,NO,NO,0
14893,46803,46804,2018,0,0,-0.163294,-78.462564,PICHINCHA,QUITO,QUITO,URBANA,2018-09-16,02:29:00,2,DOMINGO,7,SEPTIEMBRE,9,NO,"CONDICIONES AMBIENTALES Y/O ATMOSFERICAS (NIEBLA, NEBLINA, GRANIZO, LLUVIA).",ESTRELLAMIENTOS,AUTOMOVIL,1,0,0,0,0,0,0,0,0,0,0,0,0,1,53,HOMBRE,ILESO,CONDUCTOR PRESENTE,NO,NO,0
14894,46806,46807,2018,0,0,-0.318572,-78.549278,PICHINCHA,QUITO,QUITO,URBANA,2018-09-16,02:45:00,2,DOMINGO,7,SEPTIEMBRE,9,NO,CONDUCIR VEHICULO SUPERANDO LOS LIMITES MAXIMOS DE VELOCIDAD.,ESTRELLAMIENTOS,AUTOMOVIL,1,0,0,0,0,0,0,0,0,0,0,0,0,1,-1,NO IDENTIFICADO,NO IDENTIFICADO,CONDUCTOR AUSENTE,NO,NO,2
14895,46807,46808,2018,1,0,-0.256772,-78.542845,PICHINCHA,QUITO,QUITO,URBANA,2018-09-16,02:50:00,2,DOMINGO,7,SEPTIEMBRE,9,NO,NO TRANSITAR POR LAS ACERAS O ZONAS DE SEGURIDAD DESTINADAS PARA EL EFECTO.,OTROS,NO IDENTIFICADO,0,0,0,0,0,0,0,0,0,1,0,0,0,1,24,HOMBRE,LESIONADO,PEATON,NO,NO,0
14896,46810,46811,2018,0,0,-0.161999,-78.483072,PICHINCHA,QUITO,QUITO,URBANA,2018-09-16,03:20:00,3,DOMINGO,7,SEPTIEMBRE,9,NO,"NO RESPETAR LAS SENIALES REGLAMENTARIAS DE TRANSITO. (PARE, CEDA EL PASO, LUZ ROJA DEL SEMAFORO, ETC).",CHOQUE LATERAL,AUTOMOVIL,1,0,0,0,1,0,0,0,0,0,0,0,0,2,48,HOMBRE,ILESO,CONDUCTOR PRESENTE,NO,NO,0
14897,46813,46814,2018,0,0,-0.196669,-78.466599,PICHINCHA,QUITO,QUITO,URBANA,2018-09-16,04:13:00,4,DOMINGO,7,SEPTIEMBRE,9,NO,"CONDICIONES AMBIENTALES Y/O ATMOSFERICAS (NIEBLA, NEBLINA, GRANIZO, LLUVIA).",CHOQUE POSTERIOR,AUTOMOVIL,2,0,0,0,0,0,0,0,0,0,0,0,0,2,25,HOMBRE,ILESO,CONDUCTOR PRESENTE,NO,NO,0
14898,46817,46818,2018,0,0,-0.096681,-78.469779,PICHINCHA,QUITO,QUITO,URBANA,2018-09-16,04:40:00,4,DOMINGO,7,SEPTIEMBRE,9,NO,"CONDUCIR EN ESTADO DE SOMNOLENCIA O MALAS CONDICIONES FISICAS (SUENIO, CANSANCIO Y FATIGA).",PERDIDA DE CARRIL,AUTOMOVIL,1,0,0,0,0,0,0,0,0,0,0,0,0,1,33,HOMBRE,ILESO,CONDUCTOR PRESENTE,NO,NO,0
14899,46824,46825,2018,1,0,-0.263948,-78.531209,PICHINCHA,QUITO,QUITO,URBANA,2018-09-16,06:45:00,6,DOMINGO,7,SEPTIEMBRE,9,NO,"ADELANTAR O REBASAR A OTRO VEHICULO EN MOVIMIENTO EN ZONAS O SITIOS PELIGROSOS TALES COMO: CURVAS, PUENTES, TUNELES, PENDIENTES, ETC.",PERDIDA DE CARRIL,MOTOCICLETA,0,0,0,0,0,0,0,0,1,0,0,0,0,1,29,HOMBRE,LESIONADO,CONDUCTOR PRESENTE,NO,NO,0
14900,46828,46829,2018,0,0,-0.237705,-78.509909,PICHINCHA,QUITO,QUITO,URBANA,2018-09-16,08:50:00,8,DOMINGO,7,SEPTIEMBRE,9,NO,"CONDUCE BAJO LA INFLUENCIA DE ALCOHOL, SUSTANCIAS ESTUPEFACIENTES O PSICOTROPICAS Y/O MEDICAMENTOS.",ESTRELLAMIENTOS,AUTOMOVIL,2,0,0,0,0,0,0,0,0,0,0,0,0,2,35,MUJER,ILESO,CONDUCTOR PRESENTE,NO,NO,0
14901,46834,46835,2018,0,0,-0.195811,-78.494976,PICHINCHA,QUITO,QUITO,URBANA,2018-09-16,12:10:00,12,DOMINGO,7,SEPTIEMBRE,9,NO,NO CEDER EL DERECHO DE VIA O PREFERENCIA DE PASO A VEHICULOS.,CHOQUE LATERAL,AUTOMOVIL,2,0,0,0,0,0,0,0,0,0,0,0,0,2,78,HOMBRE,ILESO,CONDUCTOR PRESENTE,NO,NO,0
14902,46836,46837,2018,0,0,-0.299432,-78.559038,PICHINCHA,QUITO,QUITO,URBANA,2018-09-16,13:00:00,13,DOMINGO,7,SEPTIEMBRE,9,NO,"ADELANTAR O REBASAR A OTRO VEHICULO EN MOVIMIENTO EN ZONAS O SITIOS PELIGROSOS TALES COMO: CURVAS, PUENTES, TUNELES, PENDIENTES, ETC.",ROZAMIENTOS,AUTOMOVIL,1,0,0,0,0,0,0,0,1,0,0,0,0,2,62,HOMBRE,ILESO,CONDUCTOR PRESENTE,NO,NO,0
14903,46837,46838,2018,1,0,-0.329213,-78.448249,PICHINCHA,RUMINIAHUI,SANGOLQUI,URBANA,2018-09-16,13:00:00,13,DOMINGO,7,SEPTIEMBRE,9,NO,"CONDUCE BAJO LA INFLUENCIA DE ALCOHOL, SUSTANCIAS ESTUPEFACIENTES O PSICOTROPICAS Y/O MEDICAMENTOS.",ATROPELLOS,CAMIONETA,0,0,0,0,1,0,0,0,0,0,0,0,0,1,49,MUJER,LESIONADO,PEATON,NO,NO,0
14904,46838,46839,2018,0,0,-0.194185,-78.492291,PICHINCHA,QUITO,QUITO,URBANA,2018-09-16,13:10:00,13,DOMINGO,7,SEPTIEMBRE,9,NO,"NO RESPETAR LAS SENIALES REGLAMENTARIAS DE TRANSITO. (PARE, CEDA EL PASO, LUZ ROJA DEL SEMAFORO, ETC).",CHOQUE LATERAL,AUTOMOVIL,2,0,0,0,0,0,0,0,0,0,0,0,0,2,45,HOMBRE,ILESO,CONDUCTOR PRESENTE,NO,NO,0
14905,46839,46840,2018,1,0,-0.172941,-78.490599,PICHINCHA,QUITO,QUITO,URBANA,2018-09-16,13:30:00,13,DOMINGO,7,SEPTIEMBRE,9,NO,"NO RESPETAR LAS SENIALES REGLAMENTARIAS DE TRANSITO. (PARE, CEDA EL PASO, LUZ ROJA DEL SEMAFORO, ETC).",CHOQUE LATERAL,CAMIONETA,0,0,0,0,1,0,0,0,0,0,0,0,0,1,27,MUJER,LESIONADO,PASAJERO,NO,NO,0
14906,46840,46841,2018,0,0,0.027975,-78.619422,PICHINCHA,QUITO,NONO,URBANA,2018-09-16,14:16:00,14,DOMINGO,7,SEPTIEMBRE,9,NO,"CONDICIONES AMBIENTALES Y/O ATMOSFERICAS (NIEBLA, NEBLINA, GRANIZO, LLUVIA).",CHOQUE LATERAL,AUTOMOVIL,1,0,0,1,0,0,0,0,0,0,0,0,0,2,51,HOMBRE,ILESO,CONDUCTOR PRESENTE,NO,NO,0
14907,46842,46843,2018,0,0,-0.165469,-78.323614,PICHINCHA,QUITO,YARUQUI,RURAL,2018-09-16,14:30:00,14,DOMINGO,7,SEPTIEMBRE,9,NO,"CONDICIONES AMBIENTALES Y/O ATMOSFERICAS (NIEBLA, NEBLINA, GRANIZO, LLUVIA).",CHOQUE LATERAL,BUS,0,0,2,0,0,0,0,0,0,0,0,0,0,2,38,HOMBRE,ILESO,CONDUCTOR PRESENTE,NO,NO,3
14908,46843,46844,2018,0,0,-0.111275,-78.459791,PICHINCHA,QUITO,CALDERON (CARAPUNGO),URBANA,2018-09-16,14:35:00,14,DOMINGO,7,SEPTIEMBRE,9,NO,"ADELANTAR O REBASAR A OTRO VEHICULO EN MOVIMIENTO EN ZONAS O SITIOS PELIGROSOS TALES COMO: CURVAS, PUENTES, TUNELES, PENDIENTES, ETC.",CHOQUE LATERAL,AUTOMOVIL,2,0,0,0,0,0,0,0,0,0,0,0,0,2,52,HOMBRE,ILESO,CONDUCTOR PRESENTE,NO,NO,0
14909,46844,46845,2018,1,0,-0.172941,-78.490599,PICHINCHA,QUITO,QUITO,URBANA,2018-09-16,14:45:00,14,DOMINGO,7,SEPTIEMBRE,9,NO,REALIZAR CAMBIO BRUSCO O INDEBIDO DE CARRIL.,PERDIDA DE CARRIL,MOTOCICLETA,0,0,0,0,0,0,0,0,1,0,0,0,0,1,39,HOMBRE,LESIONADO,CONDUCTOR PRESENTE,NO,NO,0
14910,46852,46853,2018,2,0,-0.142808,-78.481623,PICHINCHA,QUITO,QUITO,URBANA,2018-09-16,16:40:00,16,DOMINGO,7,SEPTIEMBRE,9,NO,"NO RESPETAR LAS SENIALES REGLAMENTARIAS DE TRANSITO. (PARE, CEDA EL PASO, LUZ ROJA DEL SEMAFORO, ETC).",CHOQUE LATERAL,AUTOMOVIL,2,0,0,0,0,0,0,0,0,0,0,0,0,2,28,HOMBRE,LESIONADO,CONDUCTOR PRESENTE,NO,NO,0
14911,46854,46855,2018,1,0,-0.084721,-78.351119,PICHINCHA,QUITO,GUAYLLABAMBA,RURAL,2018-09-16,17:00:00,17,DOMINGO,7,SEPTIEMBRE,9,NO,"CONDICIONES AMBIENTALES Y/O ATMOSFERICAS (NIEBLA, NEBLINA, GRANIZO, LLUVIA).",CHOQUE FRONTAL,CAMIONETA,1,0,0,0,1,0,0,0,0,0,0,0,0,2,69,HOMBRE,LESIONADO,PASAJERO,NO,NO,3
14912,46856,46857,2018,1,0,-0.109164,-78.458303,PICHINCHA,QUITO,CALDERON (CARAPUNGO),URBANA,2018-09-16,17:30:00,17,DOMINGO,7,SEPTIEMBRE,9,NO,"CONDUCE BAJO LA INFLUENCIA DE ALCOHOL, SUSTANCIAS ESTUPEFACIENTES O PSICOTROPICAS Y/O MEDICAMENTOS.",CAIDA DE PASAJERO,BUS,0,0,1,0,0,0,0,0,0,0,0,0,0,1,29,HOMBRE,LESIONADO,PASAJERO,NO,NO,0
14913,46859,46860,2018,1,0,-0.213207,-78.443953,PICHINCHA,QUITO,CUMBAYA,URBANA,2018-09-16,17:35:00,17,DOMINGO,7,SEPTIEMBRE,9,NO,NO MANTENER LA DISTANCIA PRUDENCIAL CON RESPECTO AL VEHICULO QUE LE ANTECEDE.,CHOQUE POSTERIOR,MOTOCICLETA,0,0,0,0,0,0,0,0,1,1,0,0,0,2,26,HOMBRE,LESIONADO,PASAJERO,NO,NO,0
14914,46863,46864,2018,0,0,-0.114384,-78.494586,PICHINCHA,QUITO,QUITO,URBANA,2018-09-16,19:40:00,19,DOMINGO,7,SEPTIEMBRE,9,NO,"CONDUCE BAJO LA INFLUENCIA DE ALCOHOL, SUSTANCIAS ESTUPEFACIENTES O PSICOTROPICAS Y/O MEDICAMENTOS.",CHOQUE LATERAL,AUTOMOVIL,2,0,0,0,0,0,0,0,0,0,0,0,0,2,35,HOMBRE,ILESO,CONDUCTOR PRESENTE,NO,NO,0
14915,46869,46870,2018,0,0,-0.092845,-78.414551,PICHINCHA,QUITO,CALDERON (CARAPUNGO),RURAL,2018-09-16,21:10:00,21,DOMINGO,7,SEPTIEMBRE,9,NO,"CONDICIONES AMBIENTALES Y/O ATMOSFERICAS (NIEBLA, NEBLINA, GRANIZO, LLUVIA).",PERDIDA DE CARRIL,VEHICULO DEPORTIVO UTILITARIO,0,0,0,0,0,0,0,0,0,0,0,0,1,1,20,MUJER,ILESO,CONDUCTOR PRESENTE,NO,NO,3
14916,46876,46877,2018,0,0,-0.089185,-78.428042,PICHINCHA,QUITO,CALDERON (CARAPUNGO),URBANA,2018-09-16,22:35:00,22,DOMINGO,7,SEPTIEMBRE,9,NO,"CONDUCIR DESATENTO A LAS CONDICIONES DE TRANSITO (CELULAR, PANTALLAS DE VIDEO, COMIDA, MAQUILLAJE O CUALQUIER OTRO ELEMENTO DISTRACTOR).",ESTRELLAMIENTOS,FURGONETA,0,0,0,0,0,0,0,1,0,0,0,0,0,1,30,HOMBRE,ILESO,CONDUCTOR PRESENTE,NO,NO,0
14917,46885,46886,2018,0,0,-0.241293,-78.528681,PICHINCHA,QUITO,QUITO,URBANA,2018-09-17,06:03:00,6,LUNES,1,SEPTIEMBRE,9,NO,REALIZAR CAMBIO BRUSCO O INDEBIDO DE CARRIL.,CHOQUE LATERAL,AUTOMOVIL,2,0,0,0,0,0,0,0,0,0,0,0,0,2,52,HOMBRE,ILESO,CONDUCTOR PRESENTE,NO,NO,0
14918,46887,46888,2018,1,0,-0.091585,-78.439052,PICHINCHA,QUITO,CALDERON (CARAPUNGO),URBANA,2018-09-17,06:32:00,6,LUNES,1,SEPTIEMBRE,9,NO,DEJAR O RECOGER PASAJEROS EN LUGARES NO PERMITIDOS.,ARROLLAMIENTOS,BUS,0,0,1,0,0,0,0,0,0,0,0,0,0,1,59,HOMBRE,LESIONADO,PEATON,NO,NO,0
14919,46888,46889,2018,1,0,-0.189057,-78.511839,PICHINCHA,QUITO,QUITO,URBANA,2018-09-17,07:25:00,7,LUNES,1,SEPTIEMBRE,9,NO,REALIZAR CAMBIO BRUSCO O INDEBIDO DE CARRIL.,VOLCAMIENTOS,MOTOCICLETA,0,0,0,0,0,0,0,0,1,0,0,0,0,1,25,HOMBRE,LESIONADO,CONDUCTOR PRESENTE,NO,NO,0
14920,46890,46891,2018,0,0,-0.214375,-78.501648,PICHINCHA,QUITO,QUITO,URBANA,2018-09-17,08:00:00,8,LUNES,1,SEPTIEMBRE,9,NO,NO GUARDAR LA DISTANCIA LATERAL MINIMA DE SEGURIDAD ENTRE VEHICULOS.,ROZAMIENTOS,AUTOMOVIL,1,0,1,0,0,0,0,0,0,0,0,0,0,2,30,HOMBRE,ILESO,CONDUCTOR PRESENTE,NO,NO,0
14921,46891,46892,2018,0,0,-0.163471,-78.449009,PICHINCHA,QUITO,QUITO,URBANA,2018-09-17,08:30:00,8,LUNES,1,SEPTIEMBRE,9,NO,NO MANTENER LA DISTANCIA PRUDENCIAL CON RESPECTO AL VEHICULO QUE LE ANTECEDE.,CHOQUE POSTERIOR,AUTOMOVIL,1,0,0,0,0,0,0,0,0,0,0,0,1,2,24,HOMBRE,ILESO,CONDUCTOR PRESENTE,NO,NO,0
14922,46892,46893,2018,1,0,-0.208498,-78.485714,PICHINCHA,QUITO,QUITO,URBANA,2018-09-17,08:48:00,8,LUNES,1,SEPTIEMBRE,9,NO,NO TRANSITAR POR LAS ACERAS O ZONAS DE SEGURIDAD DESTINADAS PARA EL EFECTO.,ATROPELLOS,AUTOMOVIL,1,0,0,0,0,0,0,0,0,0,0,0,0,1,35,MUJER,LESIONADO,PEATON,NO,NO,0
14923,46896,46897,2018,1,0,-0.285605,-78.559304,PICHINCHA,QUITO,QUITO,URBANA,2018-09-17,10:10:00,10,LUNES,1,SEPTIEMBRE,9,NO,REALIZAR CAMBIO BRUSCO O INDEBIDO DE CARRIL.,VOLCAMIENTOS,NO IDENTIFICADO,0,0,0,0,0,0,0,0,0,1,0,0,0,1,35,HOMBRE,LESIONADO,CONDUCTOR PRESENTE,NO,NO,0
14924,46901,46902,2018,1,0,-0.152267,-78.465511,PICHINCHA,QUITO,QUITO,URBANA,2018-09-17,12:30:00,12,LUNES,1,SEPTIEMBRE,9,NO,NO MANTENER LA DISTANCIA PRUDENCIAL CON RESPECTO AL VEHICULO QUE LE ANTECEDE.,CHOQUE POSTERIOR,AUTOMOVIL,1,0,0,0,0,0,0,0,0,0,0,0,0,1,29,MUJER,LESIONADO,CONDUCTOR PRESENTE,NO,NO,0
14925,46902,46903,2018,1,0,-0.198943,-78.489526,PICHINCHA,QUITO,QUITO,URBANA,2018-09-17,12:40:00,12,LUNES,1,SEPTIEMBRE,9,NO,"ADELANTAR O REBASAR A OTRO VEHICULO EN MOVIMIENTO EN ZONAS O SITIOS PELIGROSOS TALES COMO: CURVAS, PUENTES, TUNELES, PENDIENTES, ETC.",CHOQUE LATERAL,AUTOMOVIL,1,0,0,0,0,0,0,0,1,0,0,0,0,2,23,HOMBRE,LESIONADO,CONDUCTOR PRESENTE,NO,NO,0
14926,46904,46905,2018,1,0,-0.323664,-78.558288,PICHINCHA,QUITO,QUITO,URBANA,2018-09-17,13:00:00,13,LUNES,1,SEPTIEMBRE,9,NO,NO TRANSITAR POR LAS ACERAS O ZONAS DE SEGURIDAD DESTINADAS PARA EL EFECTO.,ATROPELLOS,AUTOMOVIL,1,0,0,0,0,0,0,0,0,0,0,0,0,1,5,HOMBRE,LESIONADO,PEATON,NO,NO,0
14927,46905,46906,2018,0,0,-0.264961,-78.523471,PICHINCHA,QUITO,QUITO,URBANA,2018-09-17,13:15:00,13,LUNES,1,SEPTIEMBRE,9,NO,CONDUCIR VEHICULO SUPERANDO LOS LIMITES MAXIMOS DE VELOCIDAD.,ESTRELLAMIENTOS,NO IDENTIFICADO,0,0,0,0,0,0,0,0,0,1,0,0,0,1,-1,NO IDENTIFICADO,NO IDENTIFICADO,CONDUCTOR AUSENTE,NO,NO,2
14928,46914,46915,2018,0,0,-0.207552,-78.505336,PICHINCHA,QUITO,QUITO,URBANA,2018-09-17,16:40:00,16,LUNES,1,SEPTIEMBRE,9,NO,"NO RESPETAR LAS SENIALES REGLAMENTARIAS DE TRANSITO. (PARE, CEDA EL PASO, LUZ ROJA DEL SEMAFORO, ETC).",CHOQUE LATERAL,AUTOMOVIL,2,0,0,0,0,0,0,0,0,0,0,0,0,2,34,MUJER,ILESO,CONDUCTOR PRESENTE,NO,NO,0
14929,46917,46918,2018,1,0,-0.171531,-78.492925,PICHINCHA,QUITO,QUITO,URBANA,2018-09-17,18:00:00,18,LUNES,1,SEPTIEMBRE,9,NO,CONDUCIR VEHICULO SUPERANDO LOS LIMITES MAXIMOS DE VELOCIDAD.,CAIDA DE PASAJERO,BUS,0,0,1,0,0,0,0,0,0,0,0,0,0,1,33,MUJER,LESIONADO,PASAJERO,NO,NO,0
14930,46918,46919,2018,1,0,-0.211111,-78.419444,PICHINCHA,QUITO,TUMBACO,URBANA,2018-09-17,18:05:00,18,LUNES,1,SEPTIEMBRE,9,NO,CONDUCIR VEHICULO SUPERANDO LOS LIMITES MAXIMOS DE VELOCIDAD.,ESTRELLAMIENTOS,AUTOMOVIL,1,0,0,0,0,0,0,0,0,0,0,0,0,1,29,MUJER,LESIONADO,CONDUCTOR PRESENTE,NO,NO,0
14931,46929,46930,2018,1,0,-0.086751,-78.500306,PICHINCHA,QUITO,QUITO,URBANA,2018-09-17,21:30:00,21,LUNES,1,SEPTIEMBRE,9,NO,"ADELANTAR O REBASAR A OTRO VEHICULO EN MOVIMIENTO EN ZONAS O SITIOS PELIGROSOS TALES COMO: CURVAS, PUENTES, TUNELES, PENDIENTES, ETC.",OTROS,NO IDENTIFICADO,0,0,0,0,0,0,0,0,0,1,0,0,0,1,29,HOMBRE,LESIONADO,PASAJERO,NO,NO,0
14932,46942,46943,2018,1,0,-0.106459,-78.494142,PICHINCHA,QUITO,QUITO,URBANA,2018-09-18,06:55:00,6,MARTES,2,SEPTIEMBRE,9,NO,NO CEDER EL DERECHO DE VIA O PREFERENCIA DE PASO AL PEATON.,ATROPELLOS,AUTOMOVIL,1,0,0,0,0,0,0,0,0,0,0,0,0,1,38,MUJER,LESIONADO,PEATON,NO,NO,0
14933,46948,46949,2018,1,0,-0.219501,-78.506944,PICHINCHA,QUITO,QUITO,URBANA,2018-09-18,07:50:00,7,MARTES,2,SEPTIEMBRE,9,NO,NO CEDER EL DERECHO DE VIA O PREFERENCIA DE PASO AL PEATON.,ATROPELLOS,NO IDENTIFICADO,0,0,0,0,0,0,0,0,0,1,0,0,0,1,34,MUJER,LESIONADO,PEATON,NO,NO,0
14934,46949,46950,2018,2,0,-0.156719,-78.498581,PICHINCHA,QUITO,QUITO,URBANA,2018-09-18,08:05:00,8,MARTES,2,SEPTIEMBRE,9,NO,NO MANTENER LA DISTANCIA PRUDENCIAL CON RESPECTO AL VEHICULO QUE LE ANTECEDE.,CHOQUE POSTERIOR,AUTOMOVIL,1,0,0,0,0,0,0,0,1,0,0,0,0,2,34,MUJER,LESIONADO,CONDUCTOR PRESENTE,NO,NO,0
14935,46950,46951,2018,1,0,-0.247141,-78.475845,PICHINCHA,QUITO,QUITO,URBANA,2018-09-18,08:13:00,8,MARTES,2,SEPTIEMBRE,9,NO,"ADELANTAR O REBASAR A OTRO VEHICULO EN MOVIMIENTO EN ZONAS O SITIOS PELIGROSOS TALES COMO: CURVAS, PUENTES, TUNELES, PENDIENTES, ETC.",ESTRELLAMIENTOS,MOTOCICLETA,0,0,0,0,0,0,0,0,1,0,0,0,0,1,34,HOMBRE,LESIONADO,CONDUCTOR PRESENTE,NO,NO,0
14936,46951,46952,2018,0,0,-0.190511,-78.483135,PICHINCHA,QUITO,QUITO,URBANA,2018-09-18,08:20:00,8,MARTES,2,SEPTIEMBRE,9,NO,NO MANTENER LA DISTANCIA PRUDENCIAL CON RESPECTO AL VEHICULO QUE LE ANTECEDE.,CHOQUE POSTERIOR,CAMIONETA,0,0,0,0,1,0,0,0,0,0,0,0,0,1,39,MUJER,ILESO,CONDUCTOR PRESENTE,NO,NO,0
14937,46954,46955,2018,0,0,-0.238075,-78.506192,PICHINCHA,QUITO,QUITO,URBANA,2018-09-18,08:40:00,8,MARTES,2,SEPTIEMBRE,9,NO,"ADELANTAR O REBASAR A OTRO VEHICULO EN MOVIMIENTO EN ZONAS O SITIOS PELIGROSOS TALES COMO: CURVAS, PUENTES, TUNELES, PENDIENTES, ETC.",CHOQUE POSTERIOR,MOTOCICLETA,0,0,0,0,0,0,0,0,1,0,0,0,0,1,25,HOMBRE,ILESO,CONDUCTOR PRESENTE,NO,NO,0
14938,46960,46961,2018,1,0,-0.286238,-78.556118,PICHINCHA,QUITO,QUITO,URBANA,2018-09-18,10:20:00,10,MARTES,2,SEPTIEMBRE,9,NO,"ADELANTAR O REBASAR A OTRO VEHICULO EN MOVIMIENTO EN ZONAS O SITIOS PELIGROSOS TALES COMO: CURVAS, PUENTES, TUNELES, PENDIENTES, ETC.",COLISION,AUTOMOVIL,1,0,0,0,0,0,0,1,1,0,0,0,0,3,20,HOMBRE,LESIONADO,PASAJERO,NO,NO,0