,Unnamed: 0,ID,ANIO,LESIONADOS,FALLECIDOS,LATITUD_Y,LONGITUD_X,PROVINCIA,CANTON,PARROQUIA,ZONA,FECHA,HORA,PERIODO_2,DIA_1,DIA_2,MES_1,MES_2,FERIADO,CAUSA_PROBABLE,TIPO_DE_SINIESTRO,TIPO_DE_VEHICULO_1,AUTOMOVIL,BICICLETA,BUS,CAMION,CAMIONETA,EMERGENCIAS,ESPECIAL,FURGONETA,MOTOCICLETA,NO_IDENTIFICADO,SCOOTER_ELECTRICO,TRICIMOTO,VEHICULO_DEPORTIVO_UTILITARIO,SUMA_DE_VEHICULOS,EDAD_1,SEXO_1,CONDICION_1,PARTICIPANTE_1,CASCO_1,CINTURON_1,KMeans_Cluster
15054,47337,47338,2018,0,0,-0.227583,-78.485693,PICHINCHA,QUITO,QUITO,URBANA,2018-09-23,19:00:00,19,DOMINGO,7,SEPTIEMBRE,9,NO,NO GUARDAR LA DISTANCIA LATERAL MINIMA DE SEGURIDAD ENTRE VEHICULOS.,ESTRELLAMIENTOS,AUTOMOVIL,2,0,0,0,1,0,0,0,0,0,0,0,0,3,27,MUJER,ILESO,CONDUCTOR PRESENTE,NO,NO,0
15055,47338,47339,2018,0,0,-0.244831,-78.514283,PICHINCHA,QUITO,QUITO,URBANA,2018-09-23,19:05:00,19,DOMINGO,7,SEPTIEMBRE,9,NO,"CONDUCE BAJO LA INFLUENCIA DE ALCOHOL, SUSTANCIAS ESTUPEFACIENTES O PSICOTROPICAS Y/O MEDICAMENTOS.",CHOQUE POSTERIOR,AUTOMOVIL,2,0,0,0,0,0,0,0,0,0,0,0,0,2,45,HOMBRE,ILESO,CONDUCTOR PRESENTE,NO,NO,0
15056,47339,47340,2018,0,0,-0.112389,-78.495631,PICHINCHA,QUITO,QUITO,URBANA,2018-09-23,19:10:00,19,DOMINGO,7,SEPTIEMBRE,9,NO,REALIZAR CAMBIO BRUSCO O INDEBIDO DE CARRIL.,CHOQUE LATERAL,AUTOMOVIL,2,0,0,0,0,0,0,0,0,0,0,0,0,2,30,MUJER,ILESO,CONDUCTOR PRESENTE,NO,NO,0
15057,47342,47343,2018,1,2,-0.030733,-78.267302,PICHINCHA,CAYAMBE,OTON,RURAL,2018-09-23,20:10:00,20,DOMINGO,7,SEPTIEMBRE,9,NO,"CONDUCIR DESATENTO A LAS CONDICIONES DE TRANSITO (CELULAR, PANTALLAS DE VIDEO, COMIDA, MAQUILLAJE O CUALQUIER OTRO ELEMENTO DISTRACTOR).",PERDIDA DE CARRIL,CAMIONETA,0,0,0,0,1,0,0,0,0,0,0,0,0,1,41,HOMBRE,FALLECIDO,CONDUCTOR PRESENTE,NO,NO,3
15058,47354,47355,2018,0,0,-0.269081,-78.548049,PICHINCHA,QUITO,QUITO,URBANA,2018-09-24,00:50:00,0,LUNES,1,SEPTIEMBRE,9,NO,"CONDUCIR EN ESTADO DE SOMNOLENCIA O MALAS CONDICIONES FISICAS (SUENIO, CANSANCIO Y FATIGA).",ESTRELLAMIENTOS,CAMION,0,0,1,1,0,0,0,0,0,0,0,0,0,2,-1,NO IDENTIFICADO,NO IDENTIFICADO,CONDUCTOR AUSENTE,NO,NO,2
15059,47356,47357,2018,0,0,-0.304714,-78.416503,PICHINCHA,QUITO,ALANGASI,RURAL,2018-09-24,01:56:00,1,LUNES,1,SEPTIEMBRE,9,NO,"CONDUCIR EN ESTADO DE SOMNOLENCIA O MALAS CONDICIONES FISICAS (SUENIO, CANSANCIO Y FATIGA).",ESTRELLAMIENTOS,AUTOMOVIL,1,0,0,0,0,0,0,0,0,0,0,0,0,1,22,HOMBRE,ILESO,CONDUCTOR PRESENTE,NO,NO,3
15060,47360,47361,2018,1,0,-0.252168,-78.539221,PICHINCHA,QUITO,QUITO,URBANA,2018-09-24,06:00:00,6,LUNES,1,SEPTIEMBRE,9,NO,"CONDUCIR DESATENTO A LAS CONDICIONES DE TRANSITO (CELULAR, PANTALLAS DE VIDEO, COMIDA, MAQUILLAJE O CUALQUIER OTRO ELEMENTO DISTRACTOR).",VOLCAMIENTOS,NO IDENTIFICADO,0,0,0,0,0,0,0,0,0,1,0,0,0,1,33,HOMBRE,LESIONADO,PASAJERO,NO,NO,0
15061,47361,47362,2018,1,0,-0.204852,-78.490874,PICHINCHA,QUITO,QUITO,URBANA,2018-09-24,06:20:00,6,LUNES,1,SEPTIEMBRE,9,NO,"NO RESPETAR LAS SENIALES REGLAMENTARIAS DE TRANSITO. (PARE, CEDA EL PASO, LUZ ROJA DEL SEMAFORO, ETC).",CHOQUE LATERAL,MOTOCICLETA,0,0,0,0,0,0,0,0,1,1,0,0,0,2,49,MUJER,LESIONADO,PASAJERO,NO,NO,0
15062,47362,47363,2018,2,0,-0.172498,-78.487861,PICHINCHA,QUITO,QUITO,URBANA,2018-09-24,06:30:00,6,LUNES,1,SEPTIEMBRE,9,NO,NO TRANSITAR POR LAS ACERAS O ZONAS DE SEGURIDAD DESTINADAS PARA EL EFECTO.,OTROS,NO IDENTIFICADO,0,0,0,0,0,0,0,0,0,1,0,0,0,1,51,MUJER,LESIONADO,PEATON,NO,NO,0
15063,47364,47365,2018,0,0,-0.099083,-78.421844,PICHINCHA,QUITO,CALDERON (CARAPUNGO),URBANA,2018-09-24,06:40:00,6,LUNES,1,SEPTIEMBRE,9,NO,"ADELANTAR O REBASAR A OTRO VEHICULO EN MOVIMIENTO EN ZONAS O SITIOS PELIGROSOS TALES COMO: CURVAS, PUENTES, TUNELES, PENDIENTES, ETC.",CHOQUE LATERAL,CAMIONETA,1,0,0,0,1,0,0,0,0,0,0,0,0,2,22,HOMBRE,ILESO,CONDUCTOR PRESENTE,NO,NO,0
15064,47366,47367,2018,0,0,-0.198599,-78.498546,PICHINCHA,QUITO,QUITO,URBANA,2018-09-24,06:55:00,6,LUNES,1,SEPTIEMBRE,9,NO,"NO RESPETAR LAS SENIALES REGLAMENTARIAS DE TRANSITO. (PARE, CEDA EL PASO, LUZ ROJA DEL SEMAFORO, ETC).",CHOQUE LATERAL,AUTOMOVIL,2,0,0,0,0,0,0,0,0,0,0,0,0,2,23,HOMBRE,ILESO,CONDUCTOR PRESENTE,NO,NO,0
15065,47369,47370,2018,2,0,-0.228448,-78.512711,PICHINCHA,QUITO,QUITO,URBANA,2018-09-24,07:40:00,7,LUNES,1,SEPTIEMBRE,9,NO,NO CEDER EL DERECHO DE VIA O PREFERENCIA DE PASO AL PEATON.,ATROPELLOS,MOTOCICLETA,0,0,0,0,0,0,0,0,1,0,0,0,0,1,21,MUJER,LESIONADO,PEATON,NO,NO,0
15066,47370,47371,2018,0,1,-0.254686,-78.504316,PICHINCHA,QUITO,QUITO,URBANA,2018-09-24,07:40:00,7,LUNES,1,SEPTIEMBRE,9,NO,CONDUCIR VEHICULO SUPERANDO LOS LIMITES MAXIMOS DE VELOCIDAD.,ATROPELLOS,BUS,1,0,1,0,0,0,0,0,0,0,0,0,0,2,58,HOMBRE,FALLECIDO,PEATON,NO,NO,0
15067,47372,47373,2018,1,0,-0.211285,-78.482743,PICHINCHA,QUITO,QUITO,URBANA,2018-09-24,08:34:00,8,LUNES,1,SEPTIEMBRE,9,NO,NO MANTENER LA DISTANCIA PRUDENCIAL CON RESPECTO AL VEHICULO QUE LE ANTECEDE.,CHOQUE POSTERIOR,AUTOMOVIL,1,0,0,0,0,0,0,0,1,0,0,0,0,2,29,MUJER,LESIONADO,PASAJERO,NO,NO,0
15068,47377,47378,2018,0,0,-0.190654,-78.498367,PICHINCHA,QUITO,QUITO,URBANA,2018-09-24,10:45:00,10,LUNES,1,SEPTIEMBRE,9,NO,"ADELANTAR O REBASAR A OTRO VEHICULO EN MOVIMIENTO EN ZONAS O SITIOS PELIGROSOS TALES COMO: CURVAS, PUENTES, TUNELES, PENDIENTES, ETC.",ROZAMIENTOS,AUTOMOVIL,1,0,0,0,0,0,0,0,1,0,0,0,0,2,32,MUJER,ILESO,CONDUCTOR PRESENTE,NO,NO,0
15069,47381,47382,2018,2,0,-0.169246,-78.484381,PICHINCHA,QUITO,QUITO,URBANA,2018-09-24,13:00:00,13,LUNES,1,SEPTIEMBRE,9,NO,"CONDUCE BAJO LA INFLUENCIA DE ALCOHOL, SUSTANCIAS ESTUPEFACIENTES O PSICOTROPICAS Y/O MEDICAMENTOS.",ATROPELLOS,AUTOMOVIL,1,0,0,0,0,0,0,0,0,0,0,0,0,1,38,HOMBRE,LESIONADO,CONDUCTOR PRESENTE,NO,NO,0
15070,47384,47385,2018,0,0,-0.295021,-78.527571,PICHINCHA,QUITO,QUITO,URBANA,2018-09-24,13:20:00,13,LUNES,1,SEPTIEMBRE,9,NO,"ADELANTAR O REBASAR A OTRO VEHICULO EN MOVIMIENTO EN ZONAS O SITIOS PELIGROSOS TALES COMO: CURVAS, PUENTES, TUNELES, PENDIENTES, ETC.",CHOQUE LATERAL,CAMION,0,0,1,1,0,0,0,0,0,0,0,0,0,2,48,HOMBRE,ILESO,CONDUCTOR PRESENTE,NO,NO,0
15071,47387,47388,2018,0,0,-0.298206,-78.453846,PICHINCHA,QUITO,ALANGASI,RURAL,2018-09-24,14:50:00,14,LUNES,1,SEPTIEMBRE,9,NO,NO CEDER EL DERECHO DE VIA O PREFERENCIA DE PASO A VEHICULOS.,CHOQUE LATERAL,FURGONETA,0,0,0,0,1,0,0,1,0,0,0,0,0,2,21,HOMBRE,ILESO,CONDUCTOR PRESENTE,NO,NO,3
15072,47388,47389,2018,0,0,-0.206523,-78.512161,PICHINCHA,QUITO,QUITO,URBANA,2018-09-24,14:52:00,14,LUNES,1,SEPTIEMBRE,9,NO,"CONDUCIR DESATENTO A LAS CONDICIONES DE TRANSITO (CELULAR, PANTALLAS DE VIDEO, COMIDA, MAQUILLAJE O CUALQUIER OTRO ELEMENTO DISTRACTOR).",ESTRELLAMIENTOS,CAMIONETA,0,0,0,0,1,0,0,0,0,0,0,0,0,1,57,HOMBRE,ILESO,CONDUCTOR PRESENTE,NO,NO,0
15073,47389,47390,2018,1,0,-0.208845,-78.491637,PICHINCHA,QUITO,QUITO,URBANA,2018-09-24,15:00:00,15,LUNES,1,SEPTIEMBRE,9,NO,PEATON QUE CRUZA LA CALZADA SIN RESPETAR LA SENIALIZACION EXISTENTE (SEMAFOROS O SENIALES MANUALES).,ATROPELLOS,AUTOMOVIL,1,0,0,0,0,0,0,0,0,0,0,0,0,1,16,HOMBRE,LESIONADO,PEATON,NO,NO,0
15074,47390,47391,2018,1,0,-0.129867,-78.500091,PICHINCHA,QUITO,QUITO,URBANA,2018-09-24,15:10:00,15,LUNES,1,SEPTIEMBRE,9,NO,"NO RESPETAR LAS SENIALES REGLAMENTARIAS DE TRANSITO. (PARE, CEDA EL PASO, LUZ ROJA DEL SEMAFORO, ETC).",OTROS,AUTOMOVIL,1,0,0,0,0,0,0,0,1,0,0,0,0,2,32,HOMBRE,LESIONADO,CONDUCTOR PRESENTE,NO,NO,0
15075,47395,47396,2018,0,0,-0.240254,-78.524339,PICHINCHA,QUITO,QUITO,URBANA,2018-09-24,16:28:00,16,LUNES,1,SEPTIEMBRE,9,NO,REALIZAR CAMBIO BRUSCO O INDEBIDO DE CARRIL.,COLISION,AUTOMOVIL,2,0,0,0,0,0,0,1,0,0,0,0,0,3,35,MUJER,ILESO,CONDUCTOR PRESENTE,NO,NO,0
15076,47396,47397,2018,1,0,-0.128855,-78.478992,PICHINCHA,QUITO,QUITO,URBANA,2018-09-24,16:41:00,16,LUNES,1,SEPTIEMBRE,9,NO,NO MANTENER LA DISTANCIA PRUDENCIAL CON RESPECTO AL VEHICULO QUE LE ANTECEDE.,CHOQUE POSTERIOR,AUTOMOVIL,1,0,0,0,0,0,0,0,1,0,0,0,0,2,25,HOMBRE,LESIONADO,PASAJERO,NO,NO,0
15077,47401,47402,2018,0,0,-0.059422,-78.456215,PICHINCHA,QUITO,POMASQUI,URBANA,2018-09-24,17:38:00,17,LUNES,1,SEPTIEMBRE,9,NO,"CONDUCIR DESATENTO A LAS CONDICIONES DE TRANSITO (CELULAR, PANTALLAS DE VIDEO, COMIDA, MAQUILLAJE O CUALQUIER OTRO ELEMENTO DISTRACTOR).",ESTRELLAMIENTOS,VEHICULO DEPORTIVO UTILITARIO,0,0,0,0,0,0,0,0,0,0,0,0,1,1,51,HOMBRE,ILESO,PASAJERO,NO,NO,0
15078,47404,47405,2018,1,0,-0.105384,-78.497732,PICHINCHA,QUITO,QUITO,URBANA,2018-09-24,18:30:00,18,LUNES,1,SEPTIEMBRE,9,NO,PEATON QUE CRUZA LA CALZADA SIN RESPETAR LA SENIALIZACION EXISTENTE (SEMAFOROS O SENIALES MANUALES).,ATROPELLOS,AUTOMOVIL,1,0,0,0,0,0,0,0,0,0,0,0,0,1,63,HOMBRE,LESIONADO,PEATON,NO,NO,0
15079,47405,47406,2018,2,0,-0.246635,-78.475069,PICHINCHA,QUITO,QUITO,RURAL,2018-09-24,18:33:00,18,LUNES,1,SEPTIEMBRE,9,NO,CONDUCIR VEHICULO SUPERANDO LOS LIMITES MAXIMOS DE VELOCIDAD.,ESTRELLAMIENTOS,NO IDENTIFICADO,0,0,0,0,0,0,0,0,0,1,0,0,0,1,65,MUJER,LESIONADO,PASAJERO,NO,NO,3
15080,47406,47407,2018,0,0,-0.168435,-78.487172,PICHINCHA,QUITO,QUITO,URBANA,2018-09-24,18:55:00,18,LUNES,1,SEPTIEMBRE,9,NO,"CONDUCE BAJO LA INFLUENCIA DE ALCOHOL, SUSTANCIAS ESTUPEFACIENTES O PSICOTROPICAS Y/O MEDICAMENTOS.",CHOQUE POSTERIOR,AUTOMOVIL,1,0,0,0,0,0,0,0,1,0,0,0,0,2,25,HOMBRE,ILESO,CONDUCTOR PRESENTE,NO,NO,0
15081,47413,47414,2018,1,0,-0.279223,-78.556831,PICHINCHA,QUITO,QUITO,URBANA,2018-09-25,00:30:00,0,MARTES,2,SEPTIEMBRE,9,NO,"CONDUCE BAJO LA INFLUENCIA DE ALCOHOL, SUSTANCIAS ESTUPEFACIENTES O PSICOTROPICAS Y/O MEDICAMENTOS.",ATROPELLOS,AUTOMOVIL,1,0,0,0,0,0,0,0,0,0,0,0,0,1,36,HOMBRE,LESIONADO,PEATON,NO,NO,0
15082,47417,47418,2018,0,0,-0.201428,-78.481612,PICHINCHA,QUITO,QUITO,URBANA,2018-09-25,02:30:00,2,MARTES,2,SEPTIEMBRE,9,NO,"NO RESPETAR LAS SENIALES REGLAMENTARIAS DE TRANSITO. (PARE, CEDA EL PASO, LUZ ROJA DEL SEMAFORO, ETC).",CHOQUE LATERAL,AUTOMOVIL,2,0,0,0,0,0,0,0,0,0,0,0,0,2,40,HOMBRE,ILESO,CONDUCTOR PRESENTE,NO,NO,0
15083,47421,47422,2018,0,0,-0.244553,-78.502496,PICHINCHA,QUITO,QUITO,URBANA,2018-09-25,06:14:00,6,MARTES,2,SEPTIEMBRE,9,NO,"ADELANTAR O REBASAR A OTRO VEHICULO EN MOVIMIENTO EN ZONAS O SITIOS PELIGROSOS TALES COMO: CURVAS, PUENTES, TUNELES, PENDIENTES, ETC.",CHOQUE LATERAL,MOTOCICLETA,1,0,0,0,0,0,0,0,1,0,0,0,0,2,38,HOMBRE,ILESO,CONDUCTOR PRESENTE,NO,NO,0
15084,47424,47425,2018,1,0,-0.080628,-78.457911,PICHINCHA,QUITO,QUITO,URBANA,2018-09-25,06:35:00,6,MARTES,2,SEPTIEMBRE,9,NO,PEATON QUE CRUZA LA CALZADA SIN RESPETAR LA SENIALIZACION EXISTENTE (SEMAFOROS O SENIALES MANUALES).,ATROPELLOS,FURGONETA,0,0,0,0,0,0,0,1,0,0,0,0,0,1,10,MUJER,LESIONADO,PEATON,NO,NO,0
15085,47426,47427,2018,1,0,-0.276157,-78.552913,PICHINCHA,QUITO,QUITO,URBANA,2018-09-25,06:45:00,6,MARTES,2,SEPTIEMBRE,9,NO,NO TRANSITAR POR LAS ACERAS O ZONAS DE SEGURIDAD DESTINADAS PARA EL EFECTO.,ATROPELLOS,BUS,0,0,1,0,0,0,0,0,0,0,0,0,0,1,17,MUJER,LESIONADO,PEATON,NO,NO,0
15086,47427,47428,2018,1,0,-0.328731,-78.448673,PICHINCHA,RUMINIAHUI,SANGOLQUI,URBANA,2018-09-25,06:50:00,6,MARTES,2,SEPTIEMBRE,9,NO,NO GUARDAR LA DISTANCIA LATERAL MINIMA DE SEGURIDAD ENTRE VEHICULOS.,CHOQUE LATERAL,MOTOCICLETA,0,0,0,0,1,0,0,0,1,0,0,0,0,2,46,HOMBRE,LESIONADO,CONDUCTOR PRESENTE,NO,NO,0
15087,47428,47429,2018,1,0,-0.084163,-78.418921,PICHINCHA,QUITO,CALDERON (CARAPUNGO),URBANA,2018-09-25,07:00:00,7,MARTES,2,SEPTIEMBRE,9,NO,NO CEDER EL DERECHO DE VIA O PREFERENCIA DE PASO A VEHICULOS.,CHOQUE LATERAL,MOTOCICLETA,0,0,0,0,0,0,0,0,1,0,0,0,0,1,45,HOMBRE,LESIONADO,CONDUCTOR PRESENTE,NO,NO,0
15088,47429,47430,2018,2,0,-0.224553,-78.407785,PICHINCHA,QUITO,TUMBACO,URBANA,2018-09-25,07:00:00,7,MARTES,2,SEPTIEMBRE,9,NO,CONDUCIR VEHICULO SUPERANDO LOS LIMITES MAXIMOS DE VELOCIDAD.,ESTRELLAMIENTOS,CAMIONETA,0,0,0,0,1,0,0,0,0,0,0,0,0,1,22,HOMBRE,LESIONADO,CONDUCTOR PRESENTE,NO,NO,0
15089,47430,47431,2018,0,0,-0.185884,-78.453561,PICHINCHA,QUITO,NAYON,URBANA,2018-09-25,07:01:00,7,MARTES,2,SEPTIEMBRE,9,NO,CONDUCIR VEHICULO SUPERANDO LOS LIMITES MAXIMOS DE VELOCIDAD.,VOLCAMIENTOS,FURGONETA,0,0,0,0,0,0,0,1,0,0,0,0,0,1,23,HOMBRE,ILESO,CONDUCTOR PRESENTE,NO,NO,0
15090,47431,47432,2018,0,0,-0.100965,-78.483391,PICHINCHA,QUITO,QUITO,URBANA,2018-09-25,07:20:00,7,MARTES,2,SEPTIEMBRE,9,NO,"CONDUCIR DESATENTO A LAS CONDICIONES DE TRANSITO (CELULAR, PANTALLAS DE VIDEO, COMIDA, MAQUILLAJE O CUALQUIER OTRO ELEMENTO DISTRACTOR).",ESTRELLAMIENTOS,AUTOMOVIL,1,0,0,0,0,0,0,0,0,0,0,0,0,1,-1,NO IDENTIFICADO,NO IDENTIFICADO,CONDUCTOR AUSENTE,NO,NO,2
15091,47432,47433,2018,1,0,-0.108899,-78.488544,PICHINCHA,QUITO,QUITO,URBANA,2018-09-25,07:20:00,7,MARTES,2,SEPTIEMBRE,9,NO,DEJAR O RECOGER PASAJEROS EN LUGARES NO PERMITIDOS.,CAIDA DE PASAJERO,BUS,0,0,1,0,0,0,0,0,0,0,0,0,0,1,15,HOMBRE,LESIONADO,PASAJERO,NO,NO,0
15092,47433,47434,2018,0,0,-0.097992,-78.470302,PICHINCHA,QUITO,QUITO,URBANA,2018-09-25,07:55:00,7,MARTES,2,SEPTIEMBRE,9,NO,NO MANTENER LA DISTANCIA PRUDENCIAL CON RESPECTO AL VEHICULO QUE LE ANTECEDE.,COLISION,AUTOMOVIL,3,0,0,0,0,0,0,0,0,0,0,0,0,3,60,MUJER,ILESO,CONDUCTOR PRESENTE,NO,NO,0
15093,47434,47435,2018,0,1,-0.305953,-78.470254,PICHINCHA,QUITO,CONOCOTO,URBANA,2018-09-25,08:15:00,8,MARTES,2,SEPTIEMBRE,9,NO,NO CEDER EL DERECHO DE VIA O PREFERENCIA DE PASO AL PEATON.,ARROLLAMIENTOS,BUS,0,0,1,0,0,0,0,0,0,0,0,0,0,1,69,MUJER,FALLECIDO,PEATON,NO,NO,0
15094,47435,47436,2018,0,0,-0.163294,-78.462564,PICHINCHA,QUITO,QUITO,URBANA,2018-09-25,08:38:00,8,MARTES,2,SEPTIEMBRE,9,NO,NO MANTENER LA DISTANCIA PRUDENCIAL CON RESPECTO AL VEHICULO QUE LE ANTECEDE.,CHOQUE POSTERIOR,AUTOMOVIL,1,0,0,0,1,0,0,0,0,0,0,0,0,2,65,HOMBRE,ILESO,CONDUCTOR PRESENTE,NO,NO,0
15095,47436,47437,2018,1,0,-0.160012,-78.448011,PICHINCHA,QUITO,NAYON,URBANA,2018-09-25,08:45:00,8,MARTES,2,SEPTIEMBRE,9,NO,NO MANTENER LA DISTANCIA PRUDENCIAL CON RESPECTO AL VEHICULO QUE LE ANTECEDE.,CHOQUE POSTERIOR,NO IDENTIFICADO,0,0,0,0,0,0,0,0,0,1,0,0,0,1,31,MUJER,LESIONADO,PASAJERO,NO,NO,0
15096,47437,47438,2018,0,0,-0.223014,-78.521571,PICHINCHA,QUITO,QUITO,URBANA,2018-09-25,09:20:00,9,MARTES,2,SEPTIEMBRE,9,NO,REALIZAR CAMBIO BRUSCO O INDEBIDO DE CARRIL.,CHOQUE LATERAL,AUTOMOVIL,1,0,0,0,1,0,0,0,0,0,0,0,0,2,40,HOMBRE,ILESO,CONDUCTOR PRESENTE,NO,NO,0
15097,47443,47444,2018,3,0,-0.208845,-78.491637,PICHINCHA,QUITO,QUITO,URBANA,2018-09-25,12:35:00,12,MARTES,2,SEPTIEMBRE,9,NO,PEATON QUE CRUZA LA CALZADA SIN RESPETAR LA SENIALIZACION EXISTENTE (SEMAFOROS O SENIALES MANUALES).,ATROPELLOS,AUTOMOVIL,1,0,0,0,0,0,0,0,0,0,0,0,0,1,21,HOMBRE,LESIONADO,PEATON,NO,NO,0
15098,47445,47446,2018,1,0,-0.326981,-78.563364,PICHINCHA,QUITO,QUITO,URBANA,2018-09-25,12:50:00,12,MARTES,2,SEPTIEMBRE,9,NO,NO CEDER EL DERECHO DE VIA O PREFERENCIA DE PASO AL PEATON.,ATROPELLOS,NO IDENTIFICADO,0,0,0,0,0,0,0,0,0,1,0,0,0,1,6,HOMBRE,LESIONADO,PEATON,NO,NO,0
15099,47447,47448,2018,0,0,-0.310589,-78.546306,PICHINCHA,QUITO,QUITO,URBANA,2018-09-25,13:50:00,13,MARTES,2,SEPTIEMBRE,9,NO,"NO RESPETAR LAS SENIALES REGLAMENTARIAS DE TRANSITO. (PARE, CEDA EL PASO, LUZ ROJA DEL SEMAFORO, ETC).",CHOQUE POSTERIOR,BUS,0,0,1,0,0,0,0,0,0,1,0,0,0,2,37,HOMBRE,ILESO,PASAJERO,NO,NO,0
15100,47448,47449,2018,1,0,-0.099083,-78.421844,PICHINCHA,QUITO,CALDERON (CARAPUNGO),URBANA,2018-09-25,15:05:00,15,MARTES,2,SEPTIEMBRE,9,NO,DEJAR O RECOGER PASAJEROS EN LUGARES NO PERMITIDOS.,CAIDA DE PASAJERO,BUS,0,0,1,0,0,0,0,0,0,0,0,0,0,1,64,MUJER,LESIONADO,PASAJERO,NO,NO,0
15101,47450,47451,2018,2,0,-0.133305,-78.494008,PICHINCHA,QUITO,QUITO,URBANA,2018-09-25,16:15:00,16,MARTES,2,SEPTIEMBRE,9,NO,PEATON QUE CRUZA LA CALZADA SIN RESPETAR LA SENIALIZACION EXISTENTE (SEMAFOROS O SENIALES MANUALES).,ATROPELLOS,MOTOCICLETA,0,0,0,0,0,0,0,0,1,0,0,0,0,1,30,HOMBRE,LESIONADO,CONDUCTOR PRESENTE,NO,NO,0
15102,47453,47454,2018,1,0,-0.191742,-78.493332,PICHINCHA,QUITO,QUITO,URBANA,2018-09-25,16:39:00,16,MARTES,2,SEPTIEMBRE,9,NO,PEATON QUE CRUZA LA CALZADA SIN RESPETAR LA SENIALIZACION EXISTENTE (SEMAFOROS O SENIALES MANUALES).,ATROPELLOS,BUS,0,0,1,0,0,0,0,0,0,0,0,0,0,1,25,HOMBRE,LESIONADO,PEATON,NO,NO,0
15103,47459,47460,2018,1,0,-0.516517,-78.577773,PICHINCHA,MEJIA,ALOASI,RURAL,2018-09-25,18:45:00,18,MARTES,2,SEPTIEMBRE,9,NO,"CONDUCIR DESATENTO A LAS CONDICIONES DE TRANSITO (CELULAR, PANTALLAS DE VIDEO, COMIDA, MAQUILLAJE O CUALQUIER OTRO ELEMENTO DISTRACTOR).",ATROPELLOS,CAMIONETA,0,0,0,0,1,0,0,0,0,0,0,0,0,1,69,HOMBRE,LESIONADO,PEATON,NO,NO,3
15104,47460,47461,2018,0,0,-0.240931,-78.498337,PICHINCHA,QUITO,QUITO,URBANA,2018-09-25,18:50:00,18,MARTES,2,SEPTIEMBRE,9,NO,NO CEDER EL DERECHO DE VIA O PREFERENCIA DE PASO A VEHICULOS.,CHOQUE LATERAL,AUTOMOVIL,1,0,0,0,0,0,0,0,1,0,0,0,0,2,50,HOMBRE,ILESO,CONDUCTOR PRESENTE,NO,NO,0
15105,47464,47465,2018,0,0,-0.161942,-78.483181,PICHINCHA,QUITO,QUITO,URBANA,2018-09-25,20:30:00,20,MARTES,2,SEPTIEMBRE,9,NO,"NO RESPETAR LAS SENIALES REGLAMENTARIAS DE TRANSITO. (PARE, CEDA EL PASO, LUZ ROJA DEL SEMAFORO, ETC).",CHOQUE LATERAL,AUTOMOVIL,1,0,0,0,0,0,0,0,0,1,0,0,0,2,54,HOMBRE,ILESO,CONDUCTOR PRESENTE,NO,NO,0
15106,47466,47467,2018,0,0,-0.202103,-78.486509,PICHINCHA,QUITO,QUITO,URBANA,2018-09-25,20:50:00,20,MARTES,2,SEPTIEMBRE,9,NO,NO MANTENER LA DISTANCIA PRUDENCIAL CON RESPECTO AL VEHICULO QUE LE ANTECEDE.,COLISION,AUTOMOVIL,3,0,0,0,0,0,0,0,0,0,0,0,0,3,29,HOMBRE,ILESO,CONDUCTOR PRESENTE,NO,NO,0
15107,47467,47468,2018,1,0,-0.276267,-78.543141,PICHINCHA,QUITO,QUITO,URBANA,2018-09-25,21:10:00,21,MARTES,2,SEPTIEMBRE,9,NO,NO TRANSITAR POR LAS ACERAS O ZONAS DE SEGURIDAD DESTINADAS PARA EL EFECTO.,ATROPELLOS,AUTOMOVIL,1,0,0,0,0,0,0,0,0,0,0,0,0,1,75,HOMBRE,LESIONADO,PEATON,NO,NO,0
15108,47473,47474,2018,0,0,-0.187785,-78.487661,PICHINCHA,QUITO,QUITO,URBANA,2018-09-25,23:45:00,23,MARTES,2,SEPTIEMBRE,9,NO,"NO RESPETAR LAS SENIALES REGLAMENTARIAS DE TRANSITO. (PARE, CEDA EL PASO, LUZ ROJA DEL SEMAFORO, ETC).",ESTRELLAMIENTOS,AUTOMOVIL,1,0,0,0,0,0,0,0,0,0,0,0,0,1,-1,NO IDENTIFICADO,NO IDENTIFICADO,CONDUCTOR AUSENTE,NO,NO,2
15109,47475,47476,2018,1,0,-0.165922,-78.468421,PICHINCHA,QUITO,QUITO,URBANA,2018-09-26,00:40:00,0,MIERCOLES,3,SEPTIEMBRE,9,NO,"CONDUCE BAJO LA INFLUENCIA DE ALCOHOL, SUSTANCIAS ESTUPEFACIENTES O PSICOTROPICAS Y/O MEDICAMENTOS.",ROZAMIENTOS,MOTOCICLETA,1,0,0,0,0,0,0,0,1,0,0,0,0,2,22,MUJER,LESIONADO,CONDUCTOR PRESENTE,NO,NO,0
15110,47477,47478,2018,0,1,0.046066,-78.207888,PICHINCHA,PEDRO MONCAYO,TABACUNDO,URBANA,2018-09-26,06:10:00,6,MIERCOLES,3,SEPTIEMBRE,9,NO,DEJAR O RECOGER PASAJEROS EN LUGARES NO PERMITIDOS.,ATROPELLOS,NO IDENTIFICADO,0,0,0,0,0,0,0,0,0,1,0,0,0,1,38,HOMBRE,FALLECIDO,PEATON,NO,NO,0