,Unnamed: 0,ID,ANIO,LESIONADOS,FALLECIDOS,LATITUD_Y,LONGITUD_X,PROVINCIA,CANTON,PARROQUIA,ZONA,FECHA,HORA,PERIODO_2,DIA_1,DIA_2,MES_1,MES_2,FERIADO,CAUSA_PROBABLE,TIPO_DE_SINIESTRO,TIPO_DE_VEHICULO_1,AUTOMOVIL,BICICLETA,BUS,CAMION,CAMIONETA,EMERGENCIAS,ESPECIAL,FURGONETA,MOTOCICLETA,NO_IDENTIFICADO,SCOOTER_ELECTRICO,TRICIMOTO,VEHICULO_DEPORTIVO_UTILITARIO,SUMA_DE_VEHICULOS,EDAD_1,SEXO_1,CONDICION_1,PARTICIPANTE_1,CASCO_1,CINTURON_1,KMeans_Cluster
15111,47481,47482,2018,1,0,-0.258418,-78.544605,PICHINCHA,QUITO,QUITO,URBANA,2018-09-26,07:25:00,7,MIERCOLES,3,SEPTIEMBRE,9,NO,"CONDUCE BAJO LA INFLUENCIA DE ALCOHOL, SUSTANCIAS ESTUPEFACIENTES O PSICOTROPICAS Y/O MEDICAMENTOS.",CHOQUE POSTERIOR,AUTOMOVIL,2,0,0,0,0,0,0,0,0,0,0,0,0,2,50,HOMBRE,LESIONADO,CONDUCTOR PRESENTE,NO,NO,0
15112,47483,47484,2018,0,0,-0.211227,-78.363348,PICHINCHA,QUITO,PUEMBO,URBANA,2018-09-26,08:00:00,8,MIERCOLES,3,SEPTIEMBRE,9,NO,"ADELANTAR O REBASAR A OTRO VEHICULO EN MOVIMIENTO EN ZONAS O SITIOS PELIGROSOS TALES COMO: CURVAS, PUENTES, TUNELES, PENDIENTES, ETC.",COLISION,AUTOMOVIL,2,0,0,0,1,0,0,0,0,0,0,0,0,3,24,HOMBRE,ILESO,CONDUCTOR PRESENTE,NO,NO,0
15113,47485,47486,2018,0,0,-0.175579,-78.487537,PICHINCHA,QUITO,QUITO,URBANA,2018-09-26,08:33:00,8,MIERCOLES,3,SEPTIEMBRE,9,NO,NO RESPETAR LAS SENIALES MANUALES DEL AGENTE DE TRANSITO.,CHOQUE LATERAL,AUTOMOVIL,2,0,0,0,0,0,0,0,0,0,0,0,0,2,57,HOMBRE,ILESO,CONDUCTOR PRESENTE,NO,NO,0
15114,47486,47487,2018,1,0,-0.172828,-78.491239,PICHINCHA,QUITO,QUITO,URBANA,2018-09-26,09:07:00,9,MIERCOLES,3,SEPTIEMBRE,9,NO,NO MANTENER LA DISTANCIA PRUDENCIAL CON RESPECTO AL VEHICULO QUE LE ANTECEDE.,CHOQUE POSTERIOR,AUTOMOVIL,1,0,0,0,0,0,0,0,0,0,0,0,0,1,33,MUJER,LESIONADO,CONDUCTOR PRESENTE,NO,NO,0
15115,47490,47491,2018,0,0,-0.229912,-78.529413,PICHINCHA,QUITO,QUITO,URBANA,2018-09-26,10:15:00,10,MIERCOLES,3,SEPTIEMBRE,9,NO,"CONDUCIR DESATENTO A LAS CONDICIONES DE TRANSITO (CELULAR, PANTALLAS DE VIDEO, COMIDA, MAQUILLAJE O CUALQUIER OTRO ELEMENTO DISTRACTOR).",ESTRELLAMIENTOS,CAMION,0,0,0,1,0,0,0,0,0,0,0,0,0,1,60,HOMBRE,ILESO,CONDUCTOR PRESENTE,NO,NO,0
15116,47491,47492,2018,0,0,-0.190042,-78.488129,PICHINCHA,QUITO,QUITO,URBANA,2018-09-26,10:24:00,10,MIERCOLES,3,SEPTIEMBRE,9,NO,"ADELANTAR O REBASAR A OTRO VEHICULO EN MOVIMIENTO EN ZONAS O SITIOS PELIGROSOS TALES COMO: CURVAS, PUENTES, TUNELES, PENDIENTES, ETC.",CHOQUE POSTERIOR,AUTOMOVIL,1,0,0,0,1,0,0,0,0,0,0,0,0,2,66,HOMBRE,ILESO,CONDUCTOR PRESENTE,NO,NO,0
15117,47492,47493,2018,0,0,-0.188466,-78.499692,PICHINCHA,QUITO,QUITO,URBANA,2018-09-26,10:40:00,10,MIERCOLES,3,SEPTIEMBRE,9,NO,NO CEDER EL DERECHO DE VIA O PREFERENCIA DE PASO A VEHICULOS.,CHOQUE LATERAL,CAMIONETA,1,0,0,0,1,0,0,0,0,0,0,0,0,2,60,HOMBRE,ILESO,CONDUCTOR PRESENTE,NO,NO,0
15118,47495,47496,2018,3,0,-0.335396,-78.541888,PICHINCHA,QUITO,QUITO,URBANA,2018-09-26,11:40:00,11,MIERCOLES,3,SEPTIEMBRE,9,NO,NO CEDER EL DERECHO DE VIA O PREFERENCIA DE PASO A VEHICULOS.,CHOQUE LATERAL,AUTOMOVIL,2,0,0,0,0,0,0,0,0,0,0,0,0,2,24,HOMBRE,LESIONADO,PASAJERO,NO,NO,0
15119,47497,47498,2018,1,0,-0.237848,-78.509385,PICHINCHA,QUITO,QUITO,URBANA,2018-09-26,12:30:00,12,MIERCOLES,3,SEPTIEMBRE,9,NO,"NO RESPETAR LAS SENIALES REGLAMENTARIAS DE TRANSITO. (PARE, CEDA EL PASO, LUZ ROJA DEL SEMAFORO, ETC).",COLISION,FURGONETA,1,0,0,0,1,0,0,1,0,0,0,0,0,3,6,MUJER,LESIONADO,PASAJERO,NO,NO,0
15120,47503,47504,2018,2,0,-0.188941,-78.491003,PICHINCHA,QUITO,QUITO,URBANA,2018-09-26,14:40:00,14,MIERCOLES,3,SEPTIEMBRE,9,NO,NO CEDER EL DERECHO DE VIA O PREFERENCIA DE PASO AL PEATON.,ATROPELLOS,AUTOMOVIL,1,0,0,0,0,0,0,0,0,0,0,0,0,1,76,MUJER,LESIONADO,PEATON,NO,NO,0
15121,47504,47505,2018,0,0,-0.104073,-78.504739,PICHINCHA,QUITO,QUITO,URBANA,2018-09-26,14:45:00,14,MIERCOLES,3,SEPTIEMBRE,9,NO,CONDUCIR EN SENTIDO CONTRARIO A LA VIA NORMAL DE CIRCULACION.,OTROS,AUTOMOVIL,2,0,0,0,0,0,0,0,0,0,0,0,0,2,30,HOMBRE,ILESO,CONDUCTOR PRESENTE,NO,NO,0
15122,47510,47511,2018,1,0,-0.189057,-78.511183,PICHINCHA,QUITO,QUITO,URBANA,2018-09-26,16:45:00,16,MIERCOLES,3,SEPTIEMBRE,9,NO,NO CEDER EL DERECHO DE VIA O PREFERENCIA DE PASO AL PEATON.,ATROPELLOS,NO IDENTIFICADO,0,0,0,0,0,0,0,0,0,1,0,0,0,1,49,HOMBRE,LESIONADO,PEATON,NO,NO,0
15123,47514,47515,2018,0,0,-0.052634,-78.454084,PICHINCHA,QUITO,POMASQUI,RURAL,2018-09-26,17:30:00,17,MIERCOLES,3,SEPTIEMBRE,9,NO,"CONDUCIR DESATENTO A LAS CONDICIONES DE TRANSITO (CELULAR, PANTALLAS DE VIDEO, COMIDA, MAQUILLAJE O CUALQUIER OTRO ELEMENTO DISTRACTOR).",ESTRELLAMIENTOS,MOTOCICLETA,1,0,0,0,0,0,0,0,1,0,0,0,0,2,33,HOMBRE,ILESO,CONDUCTOR PRESENTE,NO,NO,3
15124,47515,47516,2018,0,0,-0.218853,-78.512621,PICHINCHA,QUITO,QUITO,URBANA,2018-09-26,17:40:00,17,MIERCOLES,3,SEPTIEMBRE,9,NO,REALIZAR CAMBIO BRUSCO O INDEBIDO DE CARRIL.,ARROLLAMIENTOS,AUTOMOVIL,1,0,0,0,0,0,0,0,0,0,0,0,0,1,30,HOMBRE,ILESO,CONDUCTOR PRESENTE,NO,NO,0
15125,47516,47517,2018,1,0,-0.208736,-78.495629,PICHINCHA,QUITO,QUITO,URBANA,2018-09-26,18:00:00,18,MIERCOLES,3,SEPTIEMBRE,9,NO,"ADELANTAR O REBASAR A OTRO VEHICULO EN MOVIMIENTO EN ZONAS O SITIOS PELIGROSOS TALES COMO: CURVAS, PUENTES, TUNELES, PENDIENTES, ETC.",PERDIDA DE CARRIL,NO IDENTIFICADO,0,0,0,0,0,0,0,0,0,1,0,0,0,1,27,HOMBRE,LESIONADO,PASAJERO,NO,NO,0
15126,47519,47520,2018,0,0,-0.167232,-78.467928,PICHINCHA,QUITO,QUITO,URBANA,2018-09-26,18:15:00,18,MIERCOLES,3,SEPTIEMBRE,9,NO,"NO RESPETAR LAS SENIALES REGLAMENTARIAS DE TRANSITO. (PARE, CEDA EL PASO, LUZ ROJA DEL SEMAFORO, ETC).",CHOQUE LATERAL,AUTOMOVIL,2,0,0,0,0,0,0,0,0,0,0,0,0,2,31,MUJER,ILESO,CONDUCTOR PRESENTE,NO,NO,0
15127,47520,47521,2018,1,0,-0.178618,-78.488968,PICHINCHA,QUITO,QUITO,URBANA,2018-09-26,18:20:00,18,MIERCOLES,3,SEPTIEMBRE,9,NO,NO TRANSITAR POR LAS ACERAS O ZONAS DE SEGURIDAD DESTINADAS PARA EL EFECTO.,ATROPELLOS,BUS,0,0,1,0,0,0,0,0,0,0,0,0,0,1,26,MUJER,LESIONADO,PEATON,NO,NO,0
15128,47523,47524,2018,1,0,-0.255497,-78.541508,PICHINCHA,QUITO,QUITO,URBANA,2018-09-26,20:00:00,20,MIERCOLES,3,SEPTIEMBRE,9,NO,NO TRANSITAR POR LAS ACERAS O ZONAS DE SEGURIDAD DESTINADAS PARA EL EFECTO.,ATROPELLOS,NO IDENTIFICADO,0,0,0,0,0,0,0,0,0,1,0,0,0,1,30,HOMBRE,LESIONADO,PEATON,NO,NO,0
15129,47525,47526,2018,3,0,-0.160731,-78.493613,PICHINCHA,QUITO,QUITO,URBANA,2018-09-26,22:30:00,22,MIERCOLES,3,SEPTIEMBRE,9,NO,CONDUCIR VEHICULO SUPERANDO LOS LIMITES MAXIMOS DE VELOCIDAD.,ESTRELLAMIENTOS,AUTOMOVIL,1,0,0,0,0,0,0,0,0,0,0,0,0,1,35,HOMBRE,LESIONADO,CONDUCTOR PRESENTE,NO,NO,0
15130,47527,47528,2018,0,0,-0.144665,-78.485696,PICHINCHA,QUITO,QUITO,URBANA,2018-09-26,23:40:00,23,MIERCOLES,3,SEPTIEMBRE,9,NO,REALIZAR CAMBIO BRUSCO O INDEBIDO DE CARRIL.,CHOQUE LATERAL,AUTOMOVIL,1,0,0,0,0,0,0,0,0,0,0,0,0,1,48,HOMBRE,ILESO,CONDUCTOR PRESENTE,NO,NO,0
15131,47529,47530,2018,2,0,-0.170794,-78.475987,PICHINCHA,QUITO,QUITO,URBANA,2018-09-26,23:50:00,23,MIERCOLES,3,SEPTIEMBRE,9,NO,"CONDUCE BAJO LA INFLUENCIA DE ALCOHOL, SUSTANCIAS ESTUPEFACIENTES O PSICOTROPICAS Y/O MEDICAMENTOS.",ARROLLAMIENTOS,MOTOCICLETA,0,0,0,0,0,0,0,0,1,0,0,0,0,1,20,HOMBRE,LESIONADO,CONDUCTOR PRESENTE,NO,NO,0
15132,47530,47531,2018,0,0,-0.181754,-78.480217,PICHINCHA,QUITO,QUITO,URBANA,2018-09-27,00:01:00,0,JUEVES,4,SEPTIEMBRE,9,NO,"CONDUCE BAJO LA INFLUENCIA DE ALCOHOL, SUSTANCIAS ESTUPEFACIENTES O PSICOTROPICAS Y/O MEDICAMENTOS.",ESTRELLAMIENTOS,AUTOMOVIL,2,0,0,0,0,0,0,0,0,0,0,0,0,2,30,HOMBRE,ILESO,CONDUCTOR PRESENTE,NO,NO,0
15133,47531,47532,2018,1,0,-0.260059,-78.522887,PICHINCHA,QUITO,QUITO,URBANA,2018-09-27,00:45:00,0,JUEVES,4,SEPTIEMBRE,9,NO,"NO RESPETAR LAS SENIALES REGLAMENTARIAS DE TRANSITO. (PARE, CEDA EL PASO, LUZ ROJA DEL SEMAFORO, ETC).",OTROS,AUTOMOVIL,1,0,0,0,0,0,0,0,1,0,0,0,0,2,44,HOMBRE,LESIONADO,CONDUCTOR PRESENTE,NO,NO,0
15134,47536,47537,2018,1,0,-0.301415,-78.544598,PICHINCHA,QUITO,QUITO,URBANA,2018-09-27,05:30:00,5,JUEVES,4,SEPTIEMBRE,9,NO,"CONDUCIR EN ESTADO DE SOMNOLENCIA O MALAS CONDICIONES FISICAS (SUENIO, CANSANCIO Y FATIGA).",ESTRELLAMIENTOS,MOTOCICLETA,0,0,0,1,0,0,0,0,1,0,0,0,0,2,28,HOMBRE,LESIONADO,CONDUCTOR PRESENTE,NO,NO,0
15135,47537,47538,2018,0,0,-0.280194,-78.550651,PICHINCHA,QUITO,QUITO,URBANA,2018-09-27,05:40:00,5,JUEVES,4,SEPTIEMBRE,9,NO,"NO RESPETAR LAS SENIALES REGLAMENTARIAS DE TRANSITO. (PARE, CEDA EL PASO, LUZ ROJA DEL SEMAFORO, ETC).",CHOQUE LATERAL,BUS,0,0,1,0,0,0,0,0,1,0,0,0,0,2,47,HOMBRE,ILESO,CONDUCTOR PRESENTE,NO,NO,0
15136,47538,47539,2018,0,0,-0.126572,-78.495448,PICHINCHA,QUITO,QUITO,URBANA,2018-09-27,06:00:00,6,JUEVES,4,SEPTIEMBRE,9,NO,NO GUARDAR LA DISTANCIA LATERAL MINIMA DE SEGURIDAD ENTRE VEHICULOS.,CHOQUE LATERAL,AUTOMOVIL,2,0,0,0,0,0,0,0,0,0,0,0,0,2,36,HOMBRE,ILESO,CONDUCTOR PRESENTE,NO,NO,0
15137,47540,47541,2018,0,0,-0.180577,-78.486482,PICHINCHA,QUITO,QUITO,URBANA,2018-09-27,06:20:00,6,JUEVES,4,SEPTIEMBRE,9,NO,"NO RESPETAR LAS SENIALES REGLAMENTARIAS DE TRANSITO. (PARE, CEDA EL PASO, LUZ ROJA DEL SEMAFORO, ETC).",CHOQUE LATERAL,AUTOMOVIL,2,0,0,0,0,0,0,0,0,0,0,0,0,2,7,HOMBRE,ILESO,PASAJERO,NO,NO,0
15138,47554,47555,2018,1,0,-0.161977,-78.483188,PICHINCHA,QUITO,QUITO,URBANA,2018-09-27,10:20:00,10,JUEVES,4,SEPTIEMBRE,9,NO,NO CEDER EL DERECHO DE VIA O PREFERENCIA DE PASO AL PEATON.,ATROPELLOS,AUTOMOVIL,1,0,0,0,0,0,0,0,0,0,0,0,0,1,70,MUJER,LESIONADO,PEATON,NO,NO,0
15139,47558,47559,2018,0,0,-0.251319,-78.521366,PICHINCHA,QUITO,QUITO,URBANA,2018-09-27,11:44:00,11,JUEVES,4,SEPTIEMBRE,9,NO,DEJAR O RECOGER PASAJEROS EN LUGARES NO PERMITIDOS.,CAIDA DE PASAJERO,NO IDENTIFICADO,0,0,0,0,0,0,0,0,0,1,0,0,0,1,75,MUJER,ILESO,PASAJERO,NO,NO,0
15140,47560,47561,2018,0,0,-0.297651,-78.550178,PICHINCHA,QUITO,QUITO,URBANA,2018-09-27,13:30:00,13,JUEVES,4,SEPTIEMBRE,9,NO,DEJAR O RECOGER PASAJEROS EN LUGARES NO PERMITIDOS.,CAIDA DE PASAJERO,NO IDENTIFICADO,0,0,0,0,0,0,0,0,0,1,0,0,0,1,7,HOMBRE,ILESO,PASAJERO,NO,NO,0
15141,47563,47564,2018,0,0,-0.190292,-78.494321,PICHINCHA,QUITO,QUITO,URBANA,2018-09-27,14:07:00,14,JUEVES,4,SEPTIEMBRE,9,NO,"NO RESPETAR LAS SENIALES REGLAMENTARIAS DE TRANSITO. (PARE, CEDA EL PASO, LUZ ROJA DEL SEMAFORO, ETC).",CHOQUE LATERAL,AUTOMOVIL,2,0,0,0,0,0,0,0,0,0,0,0,0,2,27,HOMBRE,ILESO,CONDUCTOR PRESENTE,NO,NO,0
15142,47564,47565,2018,0,0,-0.196684,-78.501959,PICHINCHA,QUITO,QUITO,URBANA,2018-09-27,14:25:00,14,JUEVES,4,SEPTIEMBRE,9,NO,"NO RESPETAR LAS SENIALES REGLAMENTARIAS DE TRANSITO. (PARE, CEDA EL PASO, LUZ ROJA DEL SEMAFORO, ETC).",CHOQUE LATERAL,MOTOCICLETA,1,0,0,0,0,0,0,0,1,0,0,0,0,2,39,HOMBRE,ILESO,CONDUCTOR PRESENTE,NO,NO,0
15143,47571,47572,2018,0,0,-0.184745,-78.477115,PICHINCHA,QUITO,QUITO,URBANA,2018-09-27,15:30:00,15,JUEVES,4,SEPTIEMBRE,9,NO,REALIZAR CAMBIO BRUSCO O INDEBIDO DE CARRIL.,CHOQUE LATERAL,AUTOMOVIL,2,0,0,0,0,0,0,0,0,0,0,0,0,2,47,HOMBRE,ILESO,CONDUCTOR PRESENTE,NO,NO,0
15144,47572,47573,2018,0,0,-0.297906,-78.549786,PICHINCHA,QUITO,QUITO,URBANA,2018-09-27,16:08:00,16,JUEVES,4,SEPTIEMBRE,9,NO,"CONDUCE BAJO LA INFLUENCIA DE ALCOHOL, SUSTANCIAS ESTUPEFACIENTES O PSICOTROPICAS Y/O MEDICAMENTOS.",CHOQUE LATERAL,AUTOMOVIL,2,0,0,0,0,0,0,0,0,0,0,0,0,2,38,HOMBRE,ILESO,CONDUCTOR PRESENTE,NO,NO,0
15145,47579,47580,2018,3,0,-0.219832,-78.510211,PICHINCHA,QUITO,QUITO,URBANA,2018-09-27,18:13:00,18,JUEVES,4,SEPTIEMBRE,9,NO,NO GUARDAR LA DISTANCIA LATERAL MINIMA DE SEGURIDAD ENTRE VEHICULOS.,OTROS,BUS,0,0,1,0,0,0,0,0,1,0,0,0,0,2,33,HOMBRE,LESIONADO,CONDUCTOR PRESENTE,NO,NO,0
15146,47580,47581,2018,1,0,-0.169203,-78.485201,PICHINCHA,QUITO,QUITO,URBANA,2018-09-27,18:20:00,18,JUEVES,4,SEPTIEMBRE,9,NO,NO CEDER EL DERECHO DE VIA O PREFERENCIA DE PASO A VEHICULOS.,CHOQUE LATERAL,AUTOMOVIL,2,0,0,0,0,0,0,0,0,0,0,0,0,2,38,MUJER,LESIONADO,PASAJERO,NO,NO,0
15147,47582,47583,2018,3,0,0.045776,-78.137549,PICHINCHA,CAYAMBE,CAYAMBE,URBANA,2018-09-27,18:50:00,18,JUEVES,4,SEPTIEMBRE,9,NO,NO GUARDAR LA DISTANCIA LATERAL MINIMA DE SEGURIDAD ENTRE VEHICULOS.,CHOQUE LATERAL,VEHICULO DEPORTIVO UTILITARIO,1,0,0,0,0,0,0,0,0,0,0,0,1,2,32,MUJER,LESIONADO,CONDUCTOR PRESENTE,NO,NO,0
15148,47586,47587,2018,0,0,-0.221404,-78.496582,PICHINCHA,QUITO,QUITO,URBANA,2018-09-27,19:30:00,19,JUEVES,4,SEPTIEMBRE,9,NO,NO MANTENER LA DISTANCIA PRUDENCIAL CON RESPECTO AL VEHICULO QUE LE ANTECEDE.,CHOQUE POSTERIOR,AUTOMOVIL,2,0,0,0,0,0,0,0,0,0,0,0,0,2,33,HOMBRE,ILESO,CONDUCTOR PRESENTE,NO,NO,0
15149,47587,47588,2018,0,0,-0.159782,-78.487886,PICHINCHA,QUITO,QUITO,URBANA,2018-09-27,19:30:00,19,JUEVES,4,SEPTIEMBRE,9,NO,NO MANTENER LA DISTANCIA PRUDENCIAL CON RESPECTO AL VEHICULO QUE LE ANTECEDE.,CHOQUE POSTERIOR,MOTOCICLETA,0,0,0,0,0,0,0,0,1,0,0,0,0,1,28,HOMBRE,ILESO,CONDUCTOR PRESENTE,NO,NO,0
15150,47594,47595,2018,0,0,-0.251508,-78.539924,PICHINCHA,QUITO,QUITO,URBANA,2018-09-27,21:30:00,21,JUEVES,4,SEPTIEMBRE,9,NO,NO GUARDAR LA DISTANCIA LATERAL MINIMA DE SEGURIDAD ENTRE VEHICULOS.,ROZAMIENTOS,AUTOMOVIL,1,0,0,0,1,0,0,0,0,0,0,0,0,2,35,HOMBRE,ILESO,CONDUCTOR PRESENTE,NO,NO,0
15151,47600,47601,2018,1,0,-0.144308,-78.481344,PICHINCHA,QUITO,QUITO,URBANA,2018-09-27,22:00:00,22,JUEVES,4,SEPTIEMBRE,9,NO,"CONDUCE BAJO LA INFLUENCIA DE ALCOHOL, SUSTANCIAS ESTUPEFACIENTES O PSICOTROPICAS Y/O MEDICAMENTOS.",CHOQUE LATERAL,AUTOMOVIL,2,0,0,0,0,0,0,0,0,0,0,0,0,2,41,HOMBRE,LESIONADO,CONDUCTOR PRESENTE,NO,NO,0
15152,47603,47604,2018,0,0,-0.276434,-78.552487,PICHINCHA,QUITO,QUITO,URBANA,2018-09-27,22:50:00,22,JUEVES,4,SEPTIEMBRE,9,NO,"CONDUCIR DESATENTO A LAS CONDICIONES DE TRANSITO (CELULAR, PANTALLAS DE VIDEO, COMIDA, MAQUILLAJE O CUALQUIER OTRO ELEMENTO DISTRACTOR).",ESTRELLAMIENTOS,AUTOMOVIL,1,0,0,0,0,0,0,0,0,0,0,0,0,1,-1,NO IDENTIFICADO,NO IDENTIFICADO,CONDUCTOR AUSENTE,NO,NO,2
15153,47605,47606,2018,0,0,-0.165977,-78.468635,PICHINCHA,QUITO,QUITO,URBANA,2018-09-28,00:45:00,0,VIERNES,5,SEPTIEMBRE,9,NO,"CONDUCIR EN ESTADO DE SOMNOLENCIA O MALAS CONDICIONES FISICAS (SUENIO, CANSANCIO Y FATIGA).",ESTRELLAMIENTOS,AUTOMOVIL,1,0,0,0,0,0,0,0,0,0,0,0,0,1,24,HOMBRE,ILESO,CONDUCTOR PRESENTE,NO,NO,0
15154,47608,47609,2018,0,0,-0.181406,-78.505089,PICHINCHA,QUITO,QUITO,URBANA,2018-09-28,02:40:00,2,VIERNES,5,SEPTIEMBRE,9,NO,NO MANTENER LA DISTANCIA PRUDENCIAL CON RESPECTO AL VEHICULO QUE LE ANTECEDE.,CHOQUE POSTERIOR,CAMION,1,0,0,1,0,0,0,0,0,0,0,0,0,2,47,HOMBRE,ILESO,CONDUCTOR PRESENTE,NO,NO,0
15155,47612,47613,2018,0,0,-0.237667,-78.484685,PICHINCHA,QUITO,QUITO,URBANA,2018-09-28,07:11:00,7,VIERNES,5,SEPTIEMBRE,9,NO,NO GUARDAR LA DISTANCIA LATERAL MINIMA DE SEGURIDAD ENTRE VEHICULOS.,ROZAMIENTOS,CAMIONETA,1,0,1,0,1,0,0,0,0,0,0,0,0,3,20,HOMBRE,ILESO,CONDUCTOR PRESENTE,NO,NO,0
15156,47613,47614,2018,0,0,-0.244044,-78.482135,PICHINCHA,QUITO,QUITO,URBANA,2018-09-28,07:25:00,7,VIERNES,5,SEPTIEMBRE,9,NO,NO MANTENER LA DISTANCIA PRUDENCIAL CON RESPECTO AL VEHICULO QUE LE ANTECEDE.,CHOQUE POSTERIOR,CAMIONETA,0,0,0,0,2,0,0,0,0,0,0,0,0,2,48,HOMBRE,ILESO,CONDUCTOR PRESENTE,NO,NO,0
15157,47615,47616,2018,1,0,-0.144665,-78.485696,PICHINCHA,QUITO,QUITO,URBANA,2018-09-28,07:40:00,7,VIERNES,5,SEPTIEMBRE,9,NO,NO TRANSITAR POR LAS ACERAS O ZONAS DE SEGURIDAD DESTINADAS PARA EL EFECTO.,OTROS,BICICLETA,0,1,0,0,0,0,0,0,0,0,0,0,0,1,30,MUJER,LESIONADO,CONDUCTOR PRESENTE,NO,NO,0
15158,47616,47617,2018,0,0,-0.116014,-78.479591,PICHINCHA,QUITO,QUITO,URBANA,2018-09-28,07:45:00,7,VIERNES,5,SEPTIEMBRE,9,NO,"ADELANTAR O REBASAR A OTRO VEHICULO EN MOVIMIENTO EN ZONAS O SITIOS PELIGROSOS TALES COMO: CURVAS, PUENTES, TUNELES, PENDIENTES, ETC.",COLISION,AUTOMOVIL,3,0,0,0,0,0,0,0,0,0,0,0,0,3,32,MUJER,ILESO,CONDUCTOR PRESENTE,NO,NO,0
15159,47617,47618,2018,1,0,-0.298814,-78.525396,PICHINCHA,QUITO,QUITO,URBANA,2018-09-28,07:50:00,7,VIERNES,5,SEPTIEMBRE,9,NO,NO TRANSITAR POR LAS ACERAS O ZONAS DE SEGURIDAD DESTINADAS PARA EL EFECTO.,ATROPELLOS,NO IDENTIFICADO,0,0,0,0,0,0,0,0,0,1,0,0,0,1,89,HOMBRE,LESIONADO,PEATON,NO,NO,0
15160,47625,47626,2018,1,0,-0.155648,-78.487758,PICHINCHA,QUITO,QUITO,URBANA,2018-09-28,10:00:00,10,VIERNES,5,SEPTIEMBRE,9,NO,"ADELANTAR O REBASAR A OTRO VEHICULO EN MOVIMIENTO EN ZONAS O SITIOS PELIGROSOS TALES COMO: CURVAS, PUENTES, TUNELES, PENDIENTES, ETC.",COLISION,AUTOMOVIL,4,0,0,0,0,0,0,0,0,0,0,0,0,4,64,MUJER,LESIONADO,CONDUCTOR PRESENTE,NO,NO,0
15161,47632,47633,2018,1,0,-0.346116,-78.444328,PICHINCHA,RUMINIAHUI,SANGOLQUI,URBANA,2018-09-28,11:45:00,11,VIERNES,5,SEPTIEMBRE,9,NO,"CONDUCIR DESATENTO A LAS CONDICIONES DE TRANSITO (CELULAR, PANTALLAS DE VIDEO, COMIDA, MAQUILLAJE O CUALQUIER OTRO ELEMENTO DISTRACTOR).",VOLCAMIENTOS,AUTOMOVIL,1,0,0,0,0,0,0,0,0,0,0,0,0,1,24,HOMBRE,LESIONADO,CONDUCTOR PRESENTE,NO,NO,0
15162,47634,47635,2018,1,0,-0.355609,-78.548711,PICHINCHA,QUITO,QUITO,URBANA,2018-09-28,12:20:00,12,VIERNES,5,SEPTIEMBRE,9,NO,"PEATON TRANSITA BAJO INFLUENCIA DE ALCOHOL, SUSTANCIAS ESTUPEFACIENTES O PSICOTROPICAS Y/O MEDICAMENTOS.",ATROPELLOS,BUS,0,0,1,0,0,0,0,0,0,0,0,0,0,1,34,HOMBRE,LESIONADO,PEATON,NO,NO,0
15163,47636,47637,2018,1,0,-0.182919,-78.503623,PICHINCHA,QUITO,QUITO,URBANA,2018-09-28,12:30:00,12,VIERNES,5,SEPTIEMBRE,9,NO,NO CEDER EL DERECHO DE VIA O PREFERENCIA DE PASO AL PEATON.,ATROPELLOS,NO IDENTIFICADO,0,0,0,0,0,0,0,0,0,1,0,0,0,1,69,MUJER,LESIONADO,PEATON,NO,NO,0
15164,47638,47639,2018,0,0,-0.144229,-78.469533,PICHINCHA,QUITO,QUITO,URBANA,2018-09-28,12:38:00,12,VIERNES,5,SEPTIEMBRE,9,NO,"ADELANTAR O REBASAR A OTRO VEHICULO EN MOVIMIENTO EN ZONAS O SITIOS PELIGROSOS TALES COMO: CURVAS, PUENTES, TUNELES, PENDIENTES, ETC.",COLISION,CAMIONETA,2,0,0,0,1,0,0,0,0,0,0,0,0,3,36,HOMBRE,ILESO,CONDUCTOR PRESENTE,NO,NO,0
15165,47641,47642,2018,1,0,-0.214339,-78.516484,PICHINCHA,QUITO,QUITO,URBANA,2018-09-28,13:19:00,13,VIERNES,5,SEPTIEMBRE,9,NO,DEJAR O RECOGER PASAJEROS EN LUGARES NO PERMITIDOS.,ATROPELLOS,BUS,0,0,1,0,0,0,0,0,0,0,0,0,0,1,54,MUJER,LESIONADO,PEATON,NO,NO,0
15166,47642,47643,2018,0,1,-0.052191,-78.320088,PICHINCHA,QUITO,GUAYLLABAMBA,RURAL,2018-09-28,13:25:00,13,VIERNES,5,SEPTIEMBRE,9,NO,"CONDUCIR DESATENTO A LAS CONDICIONES DE TRANSITO (CELULAR, PANTALLAS DE VIDEO, COMIDA, MAQUILLAJE O CUALQUIER OTRO ELEMENTO DISTRACTOR).",CHOQUE FRONTAL,AUTOMOVIL,2,0,0,0,0,0,0,0,0,0,0,0,0,2,45,HOMBRE,FALLECIDO,CONDUCTOR PRESENTE,NO,NO,3
15167,47645,47646,2018,0,0,-0.193023,-78.482781,PICHINCHA,QUITO,QUITO,URBANA,2018-09-28,14:00:00,14,VIERNES,5,SEPTIEMBRE,9,NO,NO GUARDAR LA DISTANCIA LATERAL MINIMA DE SEGURIDAD ENTRE VEHICULOS.,ROZAMIENTOS,CAMION,1,0,0,1,0,0,0,0,0,0,0,0,0,2,22,HOMBRE,ILESO,CONDUCTOR PRESENTE,NO,NO,0