,Unnamed: 0,ID,ANIO,LESIONADOS,FALLECIDOS,LATITUD_Y,LONGITUD_X,PROVINCIA,CANTON,PARROQUIA,ZONA,FECHA,HORA,PERIODO_2,DIA_1,DIA_2,MES_1,MES_2,FERIADO,CAUSA_PROBABLE,TIPO_DE_SINIESTRO,TIPO_DE_VEHICULO_1,AUTOMOVIL,BICICLETA,BUS,CAMION,CAMIONETA,EMERGENCIAS,ESPECIAL,FURGONETA,MOTOCICLETA,NO_IDENTIFICADO,SCOOTER_ELECTRICO,TRICIMOTO,VEHICULO_DEPORTIVO_UTILITARIO,SUMA_DE_VEHICULOS,EDAD_1,SEXO_1,CONDICION_1,PARTICIPANTE_1,CASCO_1,CINTURON_1,KMeans_Cluster
15168,47646,47647,2018,0,0,-0.177432,-78.485892,PICHINCHA,QUITO,QUITO,URBANA,2018-09-28,14:10:00,14,VIERNES,5,SEPTIEMBRE,9,NO,NO MANTENER LA DISTANCIA PRUDENCIAL CON RESPECTO AL VEHICULO QUE LE ANTECEDE.,CHOQUE POSTERIOR,AUTOMOVIL,2,0,0,0,0,0,0,0,0,0,0,0,0,2,68,HOMBRE,ILESO,CONDUCTOR PRESENTE,NO,NO,0
15169,47649,47650,2018,0,0,-0.179441,-78.483611,PICHINCHA,QUITO,QUITO,URBANA,2018-09-28,14:45:00,14,VIERNES,5,SEPTIEMBRE,9,NO,DEJAR O RECOGER PASAJEROS EN LUGARES NO PERMITIDOS.,CAIDA DE PASAJERO,BUS,0,0,1,0,0,0,0,0,0,0,0,0,0,1,58,HOMBRE,ILESO,PASAJERO,NO,NO,0
15170,47661,47662,2018,1,0,-0.088281,-78.469325,PICHINCHA,QUITO,QUITO,URBANA,2018-09-28,19:40:00,19,VIERNES,5,SEPTIEMBRE,9,NO,NO TRANSITAR POR LAS ACERAS O ZONAS DE SEGURIDAD DESTINADAS PARA EL EFECTO.,ATROPELLOS,AUTOMOVIL,1,0,0,0,0,0,0,0,0,0,0,0,0,1,57,MUJER,LESIONADO,PEATON,NO,NO,0
15171,47662,47663,2018,1,0,-0.151507,-78.486633,PICHINCHA,QUITO,QUITO,URBANA,2018-09-28,19:42:00,19,VIERNES,5,SEPTIEMBRE,9,NO,"CONDUCE BAJO LA INFLUENCIA DE ALCOHOL, SUSTANCIAS ESTUPEFACIENTES O PSICOTROPICAS Y/O MEDICAMENTOS.",CHOQUE LATERAL,AUTOMOVIL,3,0,0,0,0,0,0,0,0,0,0,0,0,3,50,MUJER,LESIONADO,CONDUCTOR PRESENTE,NO,NO,0
15172,47663,47664,2018,1,0,-0.178637,-78.486021,PICHINCHA,QUITO,QUITO,URBANA,2018-09-28,20:00:00,20,VIERNES,5,SEPTIEMBRE,9,NO,NO TRANSITAR POR LAS ACERAS O ZONAS DE SEGURIDAD DESTINADAS PARA EL EFECTO.,ATROPELLOS,AUTOMOVIL,1,0,0,0,0,0,0,0,0,0,0,0,0,1,26,MUJER,LESIONADO,PEATON,NO,NO,0
15173,47664,47665,2018,0,0,-0.208208,-78.435453,PICHINCHA,QUITO,CUMBAYA,URBANA,2018-09-28,20:15:00,20,VIERNES,5,SEPTIEMBRE,9,NO,REALIZAR CAMBIO BRUSCO O INDEBIDO DE CARRIL.,CHOQUE LATERAL,AUTOMOVIL,2,0,0,0,0,0,0,0,0,0,0,0,0,2,41,HOMBRE,ILESO,CONDUCTOR PRESENTE,NO,NO,0
15174,47667,47668,2018,2,0,-0.188331,-78.454858,PICHINCHA,QUITO,QUITO,URBANA,2018-09-28,21:15:00,21,VIERNES,5,SEPTIEMBRE,9,NO,"PEATON TRANSITA BAJO INFLUENCIA DE ALCOHOL, SUSTANCIAS ESTUPEFACIENTES O PSICOTROPICAS Y/O MEDICAMENTOS.",ATROPELLOS,MOTOCICLETA,0,0,0,0,0,0,0,0,1,0,0,0,0,1,34,HOMBRE,LESIONADO,CONDUCTOR PRESENTE,NO,NO,0
15175,47669,47670,2018,0,0,-0.262034,-78.554333,PICHINCHA,QUITO,QUITO,URBANA,2018-09-28,21:50:00,21,VIERNES,5,SEPTIEMBRE,9,NO,"ADELANTAR O REBASAR A OTRO VEHICULO EN MOVIMIENTO EN ZONAS O SITIOS PELIGROSOS TALES COMO: CURVAS, PUENTES, TUNELES, PENDIENTES, ETC.",OTROS,AUTOMOVIL,1,0,0,0,0,0,0,0,1,0,0,0,0,2,36,MUJER,ILESO,PASAJERO,NO,NO,0
15176,47671,47672,2018,0,0,-0.196546,-78.469088,PICHINCHA,QUITO,QUITO,URBANA,2018-09-28,22:40:00,22,VIERNES,5,SEPTIEMBRE,9,NO,"CONDUCIR DESATENTO A LAS CONDICIONES DE TRANSITO (CELULAR, PANTALLAS DE VIDEO, COMIDA, MAQUILLAJE O CUALQUIER OTRO ELEMENTO DISTRACTOR).",ESTRELLAMIENTOS,AUTOMOVIL,1,0,0,0,0,0,0,0,0,0,0,0,0,1,-1,NO IDENTIFICADO,NO IDENTIFICADO,CONDUCTOR AUSENTE,NO,NO,2
15177,47672,47673,2018,0,0,-0.102477,-78.491429,PICHINCHA,QUITO,QUITO,URBANA,2018-09-28,23:00:00,23,VIERNES,5,SEPTIEMBRE,9,NO,CONDUCIR VEHICULO SUPERANDO LOS LIMITES MAXIMOS DE VELOCIDAD.,ESTRELLAMIENTOS,CAMION,0,0,0,1,0,0,0,0,0,0,0,0,0,1,-1,NO IDENTIFICADO,NO IDENTIFICADO,CONDUCTOR AUSENTE,NO,NO,2
15178,47674,47675,2018,0,0,-0.176285,-78.485945,PICHINCHA,QUITO,QUITO,URBANA,2018-09-28,23:25:00,23,VIERNES,5,SEPTIEMBRE,9,NO,CONDUCIR VEHICULO SUPERANDO LOS LIMITES MAXIMOS DE VELOCIDAD.,ESTRELLAMIENTOS,AUTOMOVIL,1,0,0,0,0,0,0,0,0,0,0,0,0,1,53,HOMBRE,ILESO,CONDUCTOR PRESENTE,NO,NO,0
15179,47675,47676,2018,0,0,-0.162687,-78.487329,PICHINCHA,QUITO,QUITO,URBANA,2018-09-29,00:01:00,0,SABADO,6,SEPTIEMBRE,9,NO,"CONDUCIR EN ESTADO DE SOMNOLENCIA O MALAS CONDICIONES FISICAS (SUENIO, CANSANCIO Y FATIGA).",ESTRELLAMIENTOS,AUTOMOVIL,1,0,0,0,0,0,0,0,0,0,0,0,0,1,-1,NO IDENTIFICADO,NO IDENTIFICADO,CONDUCTOR AUSENTE,NO,NO,2
15180,47676,47677,2018,2,0,-0.146031,-78.493708,PICHINCHA,QUITO,QUITO,URBANA,2018-09-29,00:03:00,0,SABADO,6,SEPTIEMBRE,9,NO,"CONDUCE BAJO LA INFLUENCIA DE ALCOHOL, SUSTANCIAS ESTUPEFACIENTES O PSICOTROPICAS Y/O MEDICAMENTOS.",CHOQUE LATERAL,FURGONETA,2,0,0,0,0,0,0,1,0,0,0,0,0,3,33,HOMBRE,LESIONADO,CONDUCTOR PRESENTE,NO,NO,0
15181,47684,47685,2018,0,0,-0.211949,-78.420891,PICHINCHA,QUITO,TUMBACO,URBANA,2018-09-29,02:25:00,2,SABADO,6,SEPTIEMBRE,9,NO,"CONDUCIR EN ESTADO DE SOMNOLENCIA O MALAS CONDICIONES FISICAS (SUENIO, CANSANCIO Y FATIGA).",ESTRELLAMIENTOS,AUTOMOVIL,1,0,0,0,0,0,0,0,0,0,0,0,0,1,-1,NO IDENTIFICADO,NO IDENTIFICADO,CONDUCTOR AUSENTE,NO,NO,2
15182,47686,47687,2018,0,0,-0.245301,-78.521608,PICHINCHA,QUITO,QUITO,URBANA,2018-09-29,02:45:00,2,SABADO,6,SEPTIEMBRE,9,NO,CONDUCIR VEHICULO SUPERANDO LOS LIMITES MAXIMOS DE VELOCIDAD.,ESTRELLAMIENTOS,AUTOMOVIL,2,0,0,0,0,0,0,0,0,0,0,0,0,2,32,HOMBRE,ILESO,CONDUCTOR PRESENTE,NO,NO,0
15183,47688,47689,2018,0,1,-0.232273,-78.484523,PICHINCHA,QUITO,QUITO,URBANA,2018-09-29,03:15:00,3,SABADO,6,SEPTIEMBRE,9,NO,CONDUCIR VEHICULO SUPERANDO LOS LIMITES MAXIMOS DE VELOCIDAD.,ATROPELLOS,VEHICULO DEPORTIVO UTILITARIO,0,0,0,0,0,0,0,0,0,0,0,0,1,1,25,HOMBRE,FALLECIDO,PEATON,NO,NO,0
15184,47689,47690,2018,0,0,-0.244981,-78.473351,PICHINCHA,QUITO,QUITO,URBANA,2018-09-29,03:30:00,3,SABADO,6,SEPTIEMBRE,9,NO,"CONDUCIR EN ESTADO DE SOMNOLENCIA O MALAS CONDICIONES FISICAS (SUENIO, CANSANCIO Y FATIGA).",VOLCAMIENTOS,AUTOMOVIL,1,0,0,0,0,0,0,0,0,0,0,0,0,1,-1,NO IDENTIFICADO,NO IDENTIFICADO,CONDUCTOR AUSENTE,NO,NO,2
15185,47691,47692,2018,0,0,-0.331946,-78.555101,PICHINCHA,QUITO,QUITO,URBANA,2018-09-29,03:55:00,3,SABADO,6,SEPTIEMBRE,9,NO,"CONDUCIR EN ESTADO DE SOMNOLENCIA O MALAS CONDICIONES FISICAS (SUENIO, CANSANCIO Y FATIGA).",ESTRELLAMIENTOS,CAMIONETA,1,0,0,0,1,0,0,0,0,0,0,0,1,3,-1,NO IDENTIFICADO,NO IDENTIFICADO,CONDUCTOR AUSENTE,NO,NO,2
15186,47692,47693,2018,0,0,-0.241665,-78.498953,PICHINCHA,QUITO,QUITO,URBANA,2018-09-29,04:00:00,4,SABADO,6,SEPTIEMBRE,9,NO,"CONDUCE BAJO LA INFLUENCIA DE ALCOHOL, SUSTANCIAS ESTUPEFACIENTES O PSICOTROPICAS Y/O MEDICAMENTOS.",CHOQUE LATERAL,CAMIONETA,1,0,0,0,1,0,0,0,0,0,0,0,0,2,29,HOMBRE,ILESO,CONDUCTOR PRESENTE,NO,NO,0
15187,47694,47695,2018,2,0,-0.144671,-78.485696,PICHINCHA,QUITO,QUITO,URBANA,2018-09-29,04:40:00,4,SABADO,6,SEPTIEMBRE,9,NO,"CONDUCE BAJO LA INFLUENCIA DE ALCOHOL, SUSTANCIAS ESTUPEFACIENTES O PSICOTROPICAS Y/O MEDICAMENTOS.",CHOQUE LATERAL,AUTOMOVIL,2,0,0,0,0,0,0,0,0,0,0,0,0,2,26,MUJER,LESIONADO,PASAJERO,NO,NO,0
15188,47695,47696,2018,0,0,-0.253651,-78.521225,PICHINCHA,QUITO,QUITO,URBANA,2018-09-29,04:40:00,4,SABADO,6,SEPTIEMBRE,9,NO,CONDUCIR VEHICULO SUPERANDO LOS LIMITES MAXIMOS DE VELOCIDAD.,ESTRELLAMIENTOS,AUTOMOVIL,1,0,0,0,0,0,0,0,0,0,0,0,0,1,27,HOMBRE,ILESO,CONDUCTOR PRESENTE,NO,NO,0
15189,47697,47698,2018,0,0,-0.142649,-78.494466,PICHINCHA,QUITO,QUITO,URBANA,2018-09-29,05:00:00,5,SABADO,6,SEPTIEMBRE,9,NO,"CONDUCIR EN ESTADO DE SOMNOLENCIA O MALAS CONDICIONES FISICAS (SUENIO, CANSANCIO Y FATIGA).",ESTRELLAMIENTOS,AUTOMOVIL,1,0,0,0,0,0,0,0,0,0,0,0,0,1,-1,NO IDENTIFICADO,NO IDENTIFICADO,CONDUCTOR AUSENTE,NO,NO,2
15190,47705,47706,2018,1,0,-0.277447,-78.539462,PICHINCHA,QUITO,QUITO,URBANA,2018-09-29,07:50:00,7,SABADO,6,SEPTIEMBRE,9,NO,NO CEDER EL DERECHO DE VIA O PREFERENCIA DE PASO A VEHICULOS.,CHOQUE LATERAL,MOTOCICLETA,0,0,0,0,0,0,0,0,1,1,0,0,0,2,35,HOMBRE,LESIONADO,CONDUCTOR PRESENTE,NO,NO,0
15191,47708,47709,2018,0,0,-0.242339,-78.484355,PICHINCHA,QUITO,QUITO,URBANA,2018-09-29,08:45:00,8,SABADO,6,SEPTIEMBRE,9,NO,REALIZAR CAMBIO BRUSCO O INDEBIDO DE CARRIL.,OTROS,AUTOMOVIL,2,0,0,0,1,0,0,0,0,0,0,0,0,3,23,MUJER,ILESO,CONDUCTOR PRESENTE,NO,NO,0
15192,47710,47711,2018,0,0,-0.285585,-78.468704,PICHINCHA,QUITO,CONOCOTO,URBANA,2018-09-29,09:56:00,9,SABADO,6,SEPTIEMBRE,9,NO,"CONDUCE BAJO LA INFLUENCIA DE ALCOHOL, SUSTANCIAS ESTUPEFACIENTES O PSICOTROPICAS Y/O MEDICAMENTOS.",COLISION,CAMION,2,0,0,1,1,0,0,0,0,0,0,0,0,4,38,HOMBRE,ILESO,CONDUCTOR PRESENTE,NO,NO,0
15193,47714,47715,2018,0,0,-0.160151,-78.487761,PICHINCHA,QUITO,QUITO,URBANA,2018-09-29,11:45:00,11,SABADO,6,SEPTIEMBRE,9,NO,"CONDUCE BAJO LA INFLUENCIA DE ALCOHOL, SUSTANCIAS ESTUPEFACIENTES O PSICOTROPICAS Y/O MEDICAMENTOS.",CHOQUE POSTERIOR,AUTOMOVIL,2,0,0,0,0,0,0,0,0,0,0,0,0,2,47,HOMBRE,ILESO,CONDUCTOR PRESENTE,NO,NO,0
15194,47719,47720,2018,0,0,-0.083139,-78.436841,PICHINCHA,QUITO,CALDERON (CARAPUNGO),URBANA,2018-09-29,13:40:00,13,SABADO,6,SEPTIEMBRE,9,NO,"NO RESPETAR LAS SENIALES REGLAMENTARIAS DE TRANSITO. (PARE, CEDA EL PASO, LUZ ROJA DEL SEMAFORO, ETC).",CHOQUE POSTERIOR,AUTOMOVIL,2,0,0,0,0,0,0,0,0,0,0,0,0,2,28,HOMBRE,ILESO,CONDUCTOR PRESENTE,NO,NO,0
15195,47728,47729,2018,0,0,-0.198943,-78.489526,PICHINCHA,QUITO,QUITO,URBANA,2018-09-29,17:15:00,17,SABADO,6,SEPTIEMBRE,9,NO,NO GUARDAR LA DISTANCIA LATERAL MINIMA DE SEGURIDAD ENTRE VEHICULOS.,ROZAMIENTOS,AUTOMOVIL,2,0,0,0,0,0,0,0,0,0,0,0,0,2,37,HOMBRE,ILESO,CONDUCTOR PRESENTE,NO,NO,0
15196,47729,47730,2018,0,0,-0.334921,-78.370546,PICHINCHA,QUITO,PINTAG,URBANA,2018-09-29,18:00:00,18,SABADO,6,SEPTIEMBRE,9,NO,"CONDUCIR DESATENTO A LAS CONDICIONES DE TRANSITO (CELULAR, PANTALLAS DE VIDEO, COMIDA, MAQUILLAJE O CUALQUIER OTRO ELEMENTO DISTRACTOR).",VOLCAMIENTOS,AUTOMOVIL,1,0,0,0,0,0,0,0,0,0,0,0,0,1,-1,NO IDENTIFICADO,NO IDENTIFICADO,CONDUCTOR AUSENTE,NO,NO,2
15197,47732,47733,2018,0,0,-0.304364,-78.560901,PICHINCHA,QUITO,QUITO,URBANA,2018-09-29,18:30:00,18,SABADO,6,SEPTIEMBRE,9,NO,NO GUARDAR LA DISTANCIA LATERAL MINIMA DE SEGURIDAD ENTRE VEHICULOS.,ROZAMIENTOS,CAMION,0,0,0,1,1,0,0,0,0,0,0,0,0,2,-1,NO IDENTIFICADO,NO IDENTIFICADO,CONDUCTOR AUSENTE,NO,NO,2
15198,47738,47739,2018,1,0,-0.258118,-78.543257,PICHINCHA,QUITO,QUITO,URBANA,2018-09-29,19:05:00,19,SABADO,6,SEPTIEMBRE,9,NO,NO CEDER EL DERECHO DE VIA O PREFERENCIA DE PASO AL PEATON.,ATROPELLOS,NO IDENTIFICADO,0,0,0,0,0,0,0,0,0,1,0,0,0,1,70,HOMBRE,LESIONADO,PEATON,NO,NO,0
15199,47742,47743,2018,1,0,-0.092961,-78.423418,PICHINCHA,QUITO,CALDERON (CARAPUNGO),URBANA,2018-09-29,20:00:00,20,SABADO,6,SEPTIEMBRE,9,NO,"CONDUCIR DESATENTO A LAS CONDICIONES DE TRANSITO (CELULAR, PANTALLAS DE VIDEO, COMIDA, MAQUILLAJE O CUALQUIER OTRO ELEMENTO DISTRACTOR).",CAIDA DE PASAJERO,NO IDENTIFICADO,0,0,0,0,0,0,0,0,0,1,0,0,0,1,30,HOMBRE,LESIONADO,PASAJERO,NO,NO,0
15200,47743,47744,2018,0,1,-0.290764,-78.537111,PICHINCHA,QUITO,QUITO,URBANA,2018-09-29,20:30:00,20,SABADO,6,SEPTIEMBRE,9,NO,NO CEDER EL DERECHO DE VIA O PREFERENCIA DE PASO AL PEATON.,ATROPELLOS,NO IDENTIFICADO,0,0,0,0,0,0,0,0,0,1,0,0,0,1,43,HOMBRE,FALLECIDO,PEATON,NO,NO,0
15201,47747,47748,2018,0,0,-0.135742,-78.484217,PICHINCHA,QUITO,QUITO,URBANA,2018-09-29,21:25:00,21,SABADO,6,SEPTIEMBRE,9,NO,NO MANTENER LA DISTANCIA PRUDENCIAL CON RESPECTO AL VEHICULO QUE LE ANTECEDE.,CHOQUE POSTERIOR,AUTOMOVIL,1,0,0,0,0,0,0,0,0,0,0,0,0,1,53,HOMBRE,ILESO,CONDUCTOR PRESENTE,NO,NO,0
15202,47748,47749,2018,1,0,-0.281615,-78.471151,PICHINCHA,QUITO,CONOCOTO,RURAL,2018-09-29,21:30:00,21,SABADO,6,SEPTIEMBRE,9,NO,NO MANTENER LA DISTANCIA PRUDENCIAL CON RESPECTO AL VEHICULO QUE LE ANTECEDE.,CHOQUE POSTERIOR,BUS,0,0,1,0,1,0,0,0,0,0,0,0,0,2,26,HOMBRE,LESIONADO,CONDUCTOR PRESENTE,NO,NO,3
15203,47754,47755,2018,4,0,-0.297811,-78.541911,PICHINCHA,QUITO,QUITO,URBANA,2018-09-29,22:40:00,22,SABADO,6,SEPTIEMBRE,9,NO,CONDUCIR VEHICULO SUPERANDO LOS LIMITES MAXIMOS DE VELOCIDAD.,ESTRELLAMIENTOS,AUTOMOVIL,1,0,0,0,0,0,0,0,0,0,0,0,0,1,23,MUJER,LESIONADO,PASAJERO,NO,NO,0
15204,47766,47767,2018,1,0,-0.142654,-78.494466,PICHINCHA,QUITO,QUITO,URBANA,2018-09-30,01:10:00,1,DOMINGO,7,SEPTIEMBRE,9,NO,NO MANTENER LA DISTANCIA PRUDENCIAL CON RESPECTO AL VEHICULO QUE LE ANTECEDE.,CHOQUE POSTERIOR,NO IDENTIFICADO,0,0,0,0,0,0,0,0,0,1,0,0,0,1,22,HOMBRE,LESIONADO,CONDUCTOR PRESENTE,NO,NO,0
15205,47768,47769,2018,0,0,-0.197963,-78.514604,PICHINCHA,QUITO,QUITO,URBANA,2018-09-30,01:45:00,1,DOMINGO,7,SEPTIEMBRE,9,NO,CONDUCIR VEHICULO SUPERANDO LOS LIMITES MAXIMOS DE VELOCIDAD.,ESTRELLAMIENTOS,CAMIONETA,0,0,0,0,1,0,0,0,0,0,0,0,0,1,39,HOMBRE,ILESO,CONDUCTOR PRESENTE,NO,NO,0
15206,47771,47772,2018,0,0,-0.198607,-78.486556,PICHINCHA,QUITO,QUITO,URBANA,2018-09-30,02:30:00,2,DOMINGO,7,SEPTIEMBRE,9,NO,NO MANTENER LA DISTANCIA PRUDENCIAL CON RESPECTO AL VEHICULO QUE LE ANTECEDE.,CHOQUE POSTERIOR,AUTOMOVIL,3,0,0,0,0,0,0,0,0,0,0,0,0,3,26,HOMBRE,ILESO,CONDUCTOR PRESENTE,NO,NO,0
15207,47772,47773,2018,1,0,-0.086349,-78.474383,PICHINCHA,QUITO,QUITO,URBANA,2018-09-30,02:35:00,2,DOMINGO,7,SEPTIEMBRE,9,NO,"CONDUCIR EN ESTADO DE SOMNOLENCIA O MALAS CONDICIONES FISICAS (SUENIO, CANSANCIO Y FATIGA).",PERDIDA DE CARRIL,MOTOCICLETA,0,0,0,0,0,0,0,0,1,0,0,0,0,1,26,HOMBRE,LESIONADO,PASAJERO,NO,NO,0
15208,47775,47776,2018,1,0,-0.291611,-78.547005,PICHINCHA,QUITO,QUITO,URBANA,2018-09-30,02:55:00,2,DOMINGO,7,SEPTIEMBRE,9,NO,"CONDUCIR DESATENTO A LAS CONDICIONES DE TRANSITO (CELULAR, PANTALLAS DE VIDEO, COMIDA, MAQUILLAJE O CUALQUIER OTRO ELEMENTO DISTRACTOR).",ESTRELLAMIENTOS,MOTOCICLETA,0,0,0,0,0,0,0,0,1,0,0,0,0,1,27,HOMBRE,LESIONADO,PASAJERO,NO,NO,0
15209,47780,47781,2018,0,0,-0.150362,-78.486351,PICHINCHA,QUITO,QUITO,URBANA,2018-09-30,03:45:00,3,DOMINGO,7,SEPTIEMBRE,9,NO,CONDUCIR VEHICULO SUPERANDO LOS LIMITES MAXIMOS DE VELOCIDAD.,ESTRELLAMIENTOS,AUTOMOVIL,1,0,0,0,0,0,0,0,0,0,0,0,0,1,68,MUJER,ILESO,CONDUCTOR PRESENTE,NO,NO,0
15210,47781,47782,2018,1,0,-0.217716,-78.493486,PICHINCHA,QUITO,QUITO,URBANA,2018-09-30,04:00:00,4,DOMINGO,7,SEPTIEMBRE,9,NO,CONDUCIR VEHICULO SUPERANDO LOS LIMITES MAXIMOS DE VELOCIDAD.,ESTRELLAMIENTOS,MOTOCICLETA,0,0,0,0,0,0,0,0,1,0,0,0,0,1,27,HOMBRE,LESIONADO,CONDUCTOR PRESENTE,NO,NO,0
15211,47783,47784,2018,0,0,-0.183522,-78.368684,PICHINCHA,QUITO,PUEMBO,URBANA,2018-09-30,04:10:00,4,DOMINGO,7,SEPTIEMBRE,9,NO,NO GUARDAR LA DISTANCIA LATERAL MINIMA DE SEGURIDAD ENTRE VEHICULOS.,ESTRELLAMIENTOS,AUTOMOVIL,1,0,0,0,0,0,0,0,0,0,0,0,0,1,53,HOMBRE,ILESO,CONDUCTOR PRESENTE,NO,NO,0
15212,47787,47788,2018,0,0,-0.177428,-78.488129,PICHINCHA,QUITO,QUITO,URBANA,2018-09-30,06:00:00,6,DOMINGO,7,SEPTIEMBRE,9,NO,CONDUCIR VEHICULO SUPERANDO LOS LIMITES MAXIMOS DE VELOCIDAD.,ESTRELLAMIENTOS,AUTOMOVIL,1,0,0,0,0,0,0,0,0,0,0,0,0,1,-1,NO IDENTIFICADO,NO IDENTIFICADO,CONDUCTOR AUSENTE,NO,NO,2
15213,47788,47789,2018,0,1,-0.380061,-78.504195,PICHINCHA,QUITO,AMAGUANIA,RURAL,2018-09-30,06:00:00,6,DOMINGO,7,SEPTIEMBRE,9,NO,"CONDUCIR EN ESTADO DE SOMNOLENCIA O MALAS CONDICIONES FISICAS (SUENIO, CANSANCIO Y FATIGA).",ATROPELLOS,NO IDENTIFICADO,0,0,0,0,0,0,0,0,0,1,0,0,0,1,27,HOMBRE,FALLECIDO,PEATON,NO,NO,3
15214,47789,47790,2018,0,0,-0.199384,-78.459887,PICHINCHA,QUITO,QUITO,URBANA,2018-09-30,06:10:00,6,DOMINGO,7,SEPTIEMBRE,9,NO,REALIZAR CAMBIO BRUSCO O INDEBIDO DE CARRIL.,ESTRELLAMIENTOS,AUTOMOVIL,1,0,0,0,0,0,0,0,0,0,0,0,0,1,34,HOMBRE,ILESO,CONDUCTOR PRESENTE,NO,NO,0
15215,47791,47792,2018,0,0,-0.109675,-78.499885,PICHINCHA,QUITO,QUITO,URBANA,2018-09-30,07:10:00,7,DOMINGO,7,SEPTIEMBRE,9,NO,CONDUCIR VEHICULO SUPERANDO LOS LIMITES MAXIMOS DE VELOCIDAD.,ESTRELLAMIENTOS,AUTOMOVIL,1,0,0,0,0,0,0,0,0,0,0,0,0,1,-1,NO IDENTIFICADO,NO IDENTIFICADO,CONDUCTOR AUSENTE,NO,NO,2
15216,47797,47798,2018,1,0,-0.208615,-78.426334,PICHINCHA,QUITO,CUMBAYA,URBANA,2018-09-30,09:15:00,9,DOMINGO,7,SEPTIEMBRE,9,NO,"NO RESPETAR LAS SENIALES REGLAMENTARIAS DE TRANSITO. (PARE, CEDA EL PASO, LUZ ROJA DEL SEMAFORO, ETC).",CHOQUE LATERAL,BUS,0,0,1,0,0,0,0,0,0,0,0,0,0,1,37,HOMBRE,LESIONADO,PASAJERO,NO,NO,0
15217,47798,47799,2018,9,0,-0.117905,-78.508761,PICHINCHA,QUITO,QUITO,URBANA,2018-09-30,09:20:00,9,DOMINGO,7,SEPTIEMBRE,9,NO,CONDUCIR VEHICULO SUPERANDO LOS LIMITES MAXIMOS DE VELOCIDAD.,CHOQUE LATERAL,AUTOMOVIL,2,0,0,0,0,0,0,0,0,0,0,0,0,2,37,MUJER,LESIONADO,CONDUCTOR PRESENTE,NO,NO,0
15218,47801,47802,2018,0,0,-0.279786,-78.555152,PICHINCHA,QUITO,QUITO,URBANA,2018-09-30,09:50:00,9,DOMINGO,7,SEPTIEMBRE,9,NO,"CONDUCIR DESATENTO A LAS CONDICIONES DE TRANSITO (CELULAR, PANTALLAS DE VIDEO, COMIDA, MAQUILLAJE O CUALQUIER OTRO ELEMENTO DISTRACTOR).",CAIDA DE PASAJERO,MOTOCICLETA,0,0,0,0,0,0,0,0,1,0,0,0,0,1,24,MUJER,ILESO,CONDUCTOR PRESENTE,NO,NO,0
15219,47804,47805,2018,0,0,-0.217673,-78.392201,PICHINCHA,QUITO,TUMBACO,URBANA,2018-09-30,11:20:00,11,DOMINGO,7,SEPTIEMBRE,9,NO,NO MANTENER LA DISTANCIA PRUDENCIAL CON RESPECTO AL VEHICULO QUE LE ANTECEDE.,COLISION,BUS,2,0,1,0,0,0,0,0,0,0,0,0,0,3,34,HOMBRE,ILESO,CONDUCTOR PRESENTE,NO,NO,0
15220,47807,47808,2018,1,0,-0.181479,-78.488831,PICHINCHA,QUITO,QUITO,URBANA,2018-09-30,11:30:00,11,DOMINGO,7,SEPTIEMBRE,9,NO,"CONDUCIR DESATENTO A LAS CONDICIONES DE TRANSITO (CELULAR, PANTALLAS DE VIDEO, COMIDA, MAQUILLAJE O CUALQUIER OTRO ELEMENTO DISTRACTOR).",PERDIDA DE CARRIL,BICICLETA,0,1,0,0,0,0,0,0,0,0,0,0,0,1,71,MUJER,LESIONADO,CONDUCTOR PRESENTE,NO,NO,0
15221,47820,47821,2018,0,0,-0.171455,-78.487797,PICHINCHA,QUITO,QUITO,URBANA,2018-09-30,15:05:00,15,DOMINGO,7,SEPTIEMBRE,9,NO,"NO RESPETAR LAS SENIALES REGLAMENTARIAS DE TRANSITO. (PARE, CEDA EL PASO, LUZ ROJA DEL SEMAFORO, ETC).",CHOQUE LATERAL,AUTOMOVIL,2,0,0,0,0,0,0,0,0,0,0,0,0,2,29,HOMBRE,ILESO,CONDUCTOR PRESENTE,NO,NO,0
15222,47828,47829,2018,4,0,-0.239178,-78.531666,PICHINCHA,QUITO,QUITO,URBANA,2018-09-30,17:10:00,17,DOMINGO,7,SEPTIEMBRE,9,NO,NO CEDER EL DERECHO DE VIA O PREFERENCIA DE PASO AL PEATON.,ATROPELLOS,AUTOMOVIL,1,0,0,0,0,0,0,0,0,0,0,0,0,1,5,MUJER,LESIONADO,PEATON,NO,NO,0
15223,47829,47830,2018,1,0,-0.211163,-78.500396,PICHINCHA,QUITO,QUITO,URBANA,2018-09-30,17:40:00,17,DOMINGO,7,SEPTIEMBRE,9,NO,REALIZAR CAMBIO BRUSCO O INDEBIDO DE CARRIL.,ESTRELLAMIENTOS,MOTOCICLETA,0,0,0,0,0,0,0,0,1,0,0,0,0,1,32,HOMBRE,LESIONADO,CONDUCTOR PRESENTE,NO,NO,0
15224,47831,47832,2018,1,0,-0.177961,-78.455061,PICHINCHA,QUITO,QUITO,URBANA,2018-09-30,18:26:00,18,DOMINGO,7,SEPTIEMBRE,9,NO,NO TRANSITAR POR LAS ACERAS O ZONAS DE SEGURIDAD DESTINADAS PARA EL EFECTO.,ATROPELLOS,NO IDENTIFICADO,0,0,0,0,0,0,0,0,0,1,0,0,0,1,24,HOMBRE,LESIONADO,PEATON,NO,NO,0
15225,47833,47834,2018,0,0,-0.217628,-78.379592,PICHINCHA,QUITO,TUMBACO,URBANA,2018-09-30,18:45:00,18,DOMINGO,7,SEPTIEMBRE,9,NO,NO GUARDAR LA DISTANCIA LATERAL MINIMA DE SEGURIDAD ENTRE VEHICULOS.,ESTRELLAMIENTOS,CAMION,0,0,0,1,0,0,0,0,0,0,0,0,0,1,21,HOMBRE,ILESO,CONDUCTOR PRESENTE,NO,NO,0