,Unnamed: 0,ID,ANIO,LESIONADOS,FALLECIDOS,LATITUD_Y,LONGITUD_X,PROVINCIA,CANTON,PARROQUIA,ZONA,FECHA,HORA,PERIODO_2,DIA_1,DIA_2,MES_1,MES_2,FERIADO,CAUSA_PROBABLE,TIPO_DE_SINIESTRO,TIPO_DE_VEHICULO_1,AUTOMOVIL,BICICLETA,BUS,CAMION,CAMIONETA,EMERGENCIAS,ESPECIAL,FURGONETA,MOTOCICLETA,NO_IDENTIFICADO,SCOOTER_ELECTRICO,TRICIMOTO,VEHICULO_DEPORTIVO_UTILITARIO,SUMA_DE_VEHICULOS,EDAD_1,SEXO_1,CONDICION_1,PARTICIPANTE_1,CASCO_1,CINTURON_1,KMeans_Cluster
15226,47835,47836,2018,2,0,-0.275678,-78.545578,PICHINCHA,QUITO,QUITO,URBANA,2018-09-30,19:00:00,19,DOMINGO,7,SEPTIEMBRE,9,NO,NO CEDER EL DERECHO DE VIA O PREFERENCIA DE PASO A VEHICULOS.,CHOQUE LATERAL,AUTOMOVIL,1,1,0,0,0,0,0,0,0,0,0,0,0,2,20,HOMBRE,LESIONADO,CONDUCTOR PRESENTE,NO,NO,0
15227,47838,47839,2018,1,0,-0.276631,-78.549695,PICHINCHA,QUITO,QUITO,URBANA,2018-09-30,20:00:00,20,DOMINGO,7,SEPTIEMBRE,9,NO,"CONDUCE BAJO LA INFLUENCIA DE ALCOHOL, SUSTANCIAS ESTUPEFACIENTES O PSICOTROPICAS Y/O MEDICAMENTOS.",CHOQUE FRONTAL,BUS,1,0,1,0,0,0,0,0,0,0,0,0,0,2,35,HOMBRE,LESIONADO,CONDUCTOR PRESENTE,NO,NO,0
15228,47840,47841,2018,1,0,-0.203602,-78.495704,PICHINCHA,QUITO,QUITO,URBANA,2018-09-30,20:25:00,20,DOMINGO,7,SEPTIEMBRE,9,NO,"CONDUCE BAJO LA INFLUENCIA DE ALCOHOL, SUSTANCIAS ESTUPEFACIENTES O PSICOTROPICAS Y/O MEDICAMENTOS.",CHOQUE POSTERIOR,AUTOMOVIL,2,0,0,0,0,0,0,0,0,0,0,0,0,2,64,MUJER,LESIONADO,CONDUCTOR PRESENTE,NO,NO,0
15229,47845,47846,2018,0,0,-0.094614,-78.482063,PICHINCHA,QUITO,QUITO,URBANA,2018-09-30,21:20:00,21,DOMINGO,7,SEPTIEMBRE,9,NO,CONDUCIR VEHICULO SUPERANDO LOS LIMITES MAXIMOS DE VELOCIDAD.,ESTRELLAMIENTOS,AUTOMOVIL,1,0,0,0,0,0,0,0,0,0,0,0,0,1,-1,NO IDENTIFICADO,NO IDENTIFICADO,CONDUCTOR AUSENTE,NO,NO,2
15230,47854,47855,2018,0,0,-0.124941,-78.521926,PICHINCHA,QUITO,QUITO,URBANA,2018-10-01,00:10:00,0,LUNES,1,OCTUBRE,10,NO,NO GUARDAR LA DISTANCIA LATERAL MINIMA DE SEGURIDAD ENTRE VEHICULOS.,ESTRELLAMIENTOS,AUTOMOVIL,2,0,0,0,0,0,0,0,0,0,0,0,0,2,41,HOMBRE,ILESO,CONDUCTOR PRESENTE,NO,NO,0
15231,47855,47856,2018,0,0,-0.242474,-78.539485,PICHINCHA,QUITO,QUITO,URBANA,2018-10-01,00:40:00,0,LUNES,1,OCTUBRE,10,NO,CONDUCIR VEHICULO SUPERANDO LOS LIMITES MAXIMOS DE VELOCIDAD.,ESTRELLAMIENTOS,AUTOMOVIL,1,0,0,0,0,0,0,0,0,0,0,0,0,1,-1,NO IDENTIFICADO,NO IDENTIFICADO,CONDUCTOR AUSENTE,NO,NO,2
15232,47856,47857,2018,0,0,-0.138561,-78.482436,PICHINCHA,QUITO,QUITO,URBANA,2018-10-01,01:30:00,1,LUNES,1,OCTUBRE,10,NO,CONDUCIR VEHICULO SUPERANDO LOS LIMITES MAXIMOS DE VELOCIDAD.,ESTRELLAMIENTOS,CAMIONETA,0,0,0,0,1,0,0,0,0,0,0,0,0,1,31,MUJER,ILESO,CONDUCTOR PRESENTE,NO,NO,0
15233,47861,47862,2018,1,0,-0.240382,-78.511621,PICHINCHA,QUITO,QUITO,URBANA,2018-10-01,06:30:00,6,LUNES,1,OCTUBRE,10,NO,PEATON QUE CRUZA LA CALZADA SIN RESPETAR LA SENIALIZACION EXISTENTE (SEMAFOROS O SENIALES MANUALES).,ARROLLAMIENTOS,BUS,0,0,1,0,0,0,0,0,0,0,0,0,0,1,21,MUJER,LESIONADO,PEATON,NO,NO,0
15234,47864,47865,2018,0,0,-0.276484,-78.552341,PICHINCHA,QUITO,QUITO,URBANA,2018-10-01,06:49:00,6,LUNES,1,OCTUBRE,10,NO,NO MANTENER LA DISTANCIA PRUDENCIAL CON RESPECTO AL VEHICULO QUE LE ANTECEDE.,CHOQUE POSTERIOR,AUTOMOVIL,2,0,0,0,0,0,0,0,0,0,0,0,0,2,42,HOMBRE,ILESO,CONDUCTOR PRESENTE,NO,NO,0
15235,47872,47873,2018,1,0,-0.299877,-78.542315,PICHINCHA,QUITO,QUITO,URBANA,2018-10-01,08:20:00,8,LUNES,1,OCTUBRE,10,NO,PEATON QUE CRUZA LA CALZADA SIN RESPETAR LA SENIALIZACION EXISTENTE (SEMAFOROS O SENIALES MANUALES).,ATROPELLOS,MOTOCICLETA,0,0,0,0,0,0,0,0,1,0,0,0,0,1,66,MUJER,LESIONADO,PEATON,NO,NO,0
15236,47875,47876,2018,1,0,-0.172661,-78.491385,PICHINCHA,QUITO,QUITO,URBANA,2018-10-01,10:00:00,10,LUNES,1,OCTUBRE,10,NO,NO GUARDAR LA DISTANCIA LATERAL MINIMA DE SEGURIDAD ENTRE VEHICULOS.,CHOQUE LATERAL,MOTOCICLETA,0,0,0,0,0,0,0,0,1,0,0,0,0,1,30,HOMBRE,LESIONADO,CONDUCTOR PRESENTE,NO,NO,0
15237,47876,47877,2018,1,0,-0.112189,-78.504802,PICHINCHA,QUITO,QUITO,URBANA,2018-10-01,10:25:00,10,LUNES,1,OCTUBRE,10,NO,CONDUCIR VEHICULO SUPERANDO LOS LIMITES MAXIMOS DE VELOCIDAD.,PERDIDA DE PISTA,MOTOCICLETA,0,0,0,0,0,0,0,0,1,0,0,0,0,1,53,HOMBRE,LESIONADO,CONDUCTOR PRESENTE,NO,NO,0
15238,47877,47878,2018,0,0,-0.253045,-78.519901,PICHINCHA,QUITO,QUITO,URBANA,2018-10-01,11:10:00,11,LUNES,1,OCTUBRE,10,NO,CONDUCIR VEHICULO SUPERANDO LOS LIMITES MAXIMOS DE VELOCIDAD.,CHOQUE LATERAL,AUTOMOVIL,2,0,0,0,0,0,0,0,0,0,0,0,0,2,25,HOMBRE,ILESO,CONDUCTOR PRESENTE,NO,NO,0
15239,47879,47880,2018,1,0,-0.181249,-78.505204,PICHINCHA,QUITO,QUITO,URBANA,2018-10-01,11:40:00,11,LUNES,1,OCTUBRE,10,NO,NO MANTENER LA DISTANCIA PRUDENCIAL CON RESPECTO AL VEHICULO QUE LE ANTECEDE.,CHOQUE POSTERIOR,AUTOMOVIL,2,0,0,0,0,0,0,0,0,0,0,0,0,2,67,MUJER,LESIONADO,CONDUCTOR PRESENTE,NO,NO,0
15240,47881,47882,2018,0,0,-0.176811,-78.481329,PICHINCHA,QUITO,QUITO,URBANA,2018-10-01,12:10:00,12,LUNES,1,OCTUBRE,10,NO,NO MANTENER LA DISTANCIA PRUDENCIAL CON RESPECTO AL VEHICULO QUE LE ANTECEDE.,CHOQUE POSTERIOR,AUTOMOVIL,2,0,0,0,0,0,0,0,0,0,0,0,0,2,63,MUJER,ILESO,CONDUCTOR PRESENTE,NO,NO,0
15241,47887,47888,2018,1,0,-0.281857,-78.524431,PICHINCHA,QUITO,QUITO,URBANA,2018-10-01,13:50:00,13,LUNES,1,OCTUBRE,10,NO,"PRESENCIA DE AGENTES EXTERNOS EN LA VIA (AGUA, ACEITE, PIEDRA, LASTRE, ESCOMBROS, MADEROS, ETC.).",PERDIDA DE PISTA,CAMIONETA,0,0,0,0,1,0,0,0,0,0,0,0,0,1,36,HOMBRE,LESIONADO,CONDUCTOR PRESENTE,NO,NO,0
15242,47896,47897,2018,1,0,-0.216632,-78.498539,PICHINCHA,QUITO,QUITO,URBANA,2018-10-01,16:04:00,16,LUNES,1,OCTUBRE,10,NO,PEATON QUE CRUZA LA CALZADA SIN RESPETAR LA SENIALIZACION EXISTENTE (SEMAFOROS O SENIALES MANUALES).,ATROPELLOS,BUS,0,0,1,0,0,0,0,0,0,0,0,0,0,1,65,MUJER,LESIONADO,PEATON,NO,NO,0
15243,47898,47899,2018,1,1,-0.201667,-78.476303,PICHINCHA,QUITO,QUITO,URBANA,2018-10-01,16:30:00,16,LUNES,1,OCTUBRE,10,NO,"FALLA MECANICA EN LOS SISTEMAS Y/O NEUMATICOS (SISTEMA DE FRENOS, DIRECCION, ELECTRONICO O MECANICO).",ESTRELLAMIENTOS,MOTOCICLETA,0,0,0,0,0,0,0,0,1,0,0,0,0,1,32,MUJER,FALLECIDO,PASAJERO,NO,NO,0
15244,47901,47902,2018,0,0,-0.129211,-78.504705,PICHINCHA,QUITO,QUITO,URBANA,2018-10-01,17:30:00,17,LUNES,1,OCTUBRE,10,NO,"NO RESPETAR LAS SENIALES REGLAMENTARIAS DE TRANSITO. (PARE, CEDA EL PASO, LUZ ROJA DEL SEMAFORO, ETC).",ROZAMIENTOS,AUTOMOVIL,1,0,0,0,0,0,0,0,0,0,0,0,0,1,32,MUJER,ILESO,CONDUCTOR PRESENTE,NO,NO,0
15245,47903,47904,2018,0,0,-0.203635,-78.496791,PICHINCHA,QUITO,QUITO,URBANA,2018-10-01,18:15:00,18,LUNES,1,OCTUBRE,10,NO,"NO RESPETAR LAS SENIALES REGLAMENTARIAS DE TRANSITO. (PARE, CEDA EL PASO, LUZ ROJA DEL SEMAFORO, ETC).",CHOQUE LATERAL,AUTOMOVIL,2,0,0,0,0,0,0,0,0,0,0,0,0,2,26,HOMBRE,ILESO,CONDUCTOR PRESENTE,NO,NO,0
15246,47906,47907,2018,0,0,-0.138171,-78.480445,PICHINCHA,QUITO,QUITO,URBANA,2018-10-01,19:25:00,19,LUNES,1,OCTUBRE,10,NO,CONDUCIR VEHICULO SUPERANDO LOS LIMITES MAXIMOS DE VELOCIDAD.,ESTRELLAMIENTOS,AUTOMOVIL,1,0,0,0,0,0,0,0,0,0,0,0,0,1,54,HOMBRE,ILESO,CONDUCTOR PRESENTE,NO,NO,0
15247,47908,47909,2018,0,0,-0.169055,-78.449045,PICHINCHA,QUITO,QUITO,URBANA,2018-10-01,19:45:00,19,LUNES,1,OCTUBRE,10,NO,NO MANTENER LA DISTANCIA PRUDENCIAL CON RESPECTO AL VEHICULO QUE LE ANTECEDE.,CHOQUE POSTERIOR,CAMION,1,0,0,1,0,0,0,0,0,0,0,0,0,2,33,HOMBRE,ILESO,CONDUCTOR PRESENTE,NO,NO,0
15248,47909,47910,2018,0,0,-0.199642,-78.498974,PICHINCHA,QUITO,QUITO,URBANA,2018-10-01,20:00:00,20,LUNES,1,OCTUBRE,10,NO,"CONDUCIR DESATENTO A LAS CONDICIONES DE TRANSITO (CELULAR, PANTALLAS DE VIDEO, COMIDA, MAQUILLAJE O CUALQUIER OTRO ELEMENTO DISTRACTOR).",ESTRELLAMIENTOS,AUTOMOVIL,1,0,0,0,1,0,0,0,0,0,0,0,0,2,70,HOMBRE,ILESO,CONDUCTOR PRESENTE,NO,NO,0
15249,47913,47914,2018,1,0,-0.289488,-78.538461,PICHINCHA,QUITO,QUITO,URBANA,2018-10-01,20:30:00,20,LUNES,1,OCTUBRE,10,NO,PEATON QUE CRUZA LA CALZADA SIN RESPETAR LA SENIALIZACION EXISTENTE (SEMAFOROS O SENIALES MANUALES).,ATROPELLOS,NO IDENTIFICADO,0,0,0,0,0,0,0,0,0,1,0,0,0,1,47,HOMBRE,LESIONADO,PEATON,NO,NO,0
15250,47915,47916,2018,0,0,-0.192778,-78.505237,PICHINCHA,QUITO,QUITO,URBANA,2018-10-01,21:20:00,21,LUNES,1,OCTUBRE,10,NO,CONDUCIR EN SENTIDO CONTRARIO A LA VIA NORMAL DE CIRCULACION.,CHOQUE FRONTAL,MOTOCICLETA,1,0,0,0,0,0,0,0,1,0,0,0,0,2,50,HOMBRE,ILESO,CONDUCTOR PRESENTE,NO,NO,0
15251,47921,47922,2018,0,0,-0.171254,-78.490194,PICHINCHA,QUITO,QUITO,URBANA,2018-10-01,22:30:00,22,LUNES,1,OCTUBRE,10,NO,"CONDUCE BAJO LA INFLUENCIA DE ALCOHOL, SUSTANCIAS ESTUPEFACIENTES O PSICOTROPICAS Y/O MEDICAMENTOS.",ROZAMIENTOS,MOTOCICLETA,2,0,0,0,0,0,0,0,1,0,0,0,0,3,32,HOMBRE,ILESO,CONDUCTOR PRESENTE,NO,NO,0
15252,47923,47924,2018,0,0,-0.203635,-78.496791,PICHINCHA,QUITO,QUITO,URBANA,2018-10-01,22:35:00,22,LUNES,1,OCTUBRE,10,NO,"NO RESPETAR LAS SENIALES REGLAMENTARIAS DE TRANSITO. (PARE, CEDA EL PASO, LUZ ROJA DEL SEMAFORO, ETC).",CHOQUE LATERAL,AUTOMOVIL,2,0,0,0,0,0,0,0,0,0,0,0,0,2,36,HOMBRE,ILESO,CONDUCTOR PRESENTE,NO,NO,0
15253,47933,47934,2018,1,0,-0.050926,-78.285626,PICHINCHA,QUITO,GUAYLLABAMBA,RURAL,2018-10-02,03:50:00,3,MARTES,2,OCTUBRE,10,NO,NO MANTENER LA DISTANCIA PRUDENCIAL CON RESPECTO AL VEHICULO QUE LE ANTECEDE.,CHOQUE POSTERIOR,CAMION,0,0,0,1,0,0,0,0,0,0,0,0,1,2,27,MUJER,LESIONADO,CONDUCTOR PRESENTE,NO,NO,3
15254,47934,47935,2018,1,0,-0.303766,-78.542681,PICHINCHA,QUITO,QUITO,URBANA,2018-10-02,05:37:00,5,MARTES,2,OCTUBRE,10,NO,CONDUCIR VEHICULO SUPERANDO LOS LIMITES MAXIMOS DE VELOCIDAD.,VOLCAMIENTOS,NO IDENTIFICADO,0,0,0,0,0,0,0,0,0,1,0,0,0,1,31,HOMBRE,LESIONADO,CONDUCTOR PRESENTE,NO,NO,0
15255,47935,47936,2018,0,0,-0.199767,-78.428809,PICHINCHA,QUITO,CUMBAYA,URBANA,2018-10-02,05:55:00,5,MARTES,2,OCTUBRE,10,NO,CONDUCIR VEHICULO SUPERANDO LOS LIMITES MAXIMOS DE VELOCIDAD.,ESTRELLAMIENTOS,CAMION,0,0,0,1,0,0,0,0,0,0,0,0,0,1,29,HOMBRE,ILESO,CONDUCTOR PRESENTE,NO,NO,0
15256,47937,47938,2018,0,0,-0.099083,-78.421844,PICHINCHA,QUITO,CALDERON (CARAPUNGO),URBANA,2018-10-02,06:30:00,6,MARTES,2,OCTUBRE,10,NO,REALIZAR CAMBIO BRUSCO O INDEBIDO DE CARRIL.,CHOQUE LATERAL,MOTOCICLETA,0,0,0,0,0,0,0,0,1,1,0,0,0,2,53,HOMBRE,ILESO,CONDUCTOR PRESENTE,NO,NO,0
15257,47948,47949,2018,1,0,-0.237667,-78.484685,PICHINCHA,QUITO,QUITO,URBANA,2018-10-02,09:05:00,9,MARTES,2,OCTUBRE,10,NO,CONDUCIR VEHICULO SUPERANDO LOS LIMITES MAXIMOS DE VELOCIDAD.,CHOQUE POSTERIOR,MOTOCICLETA,0,0,0,0,0,0,0,0,1,1,0,0,0,2,28,HOMBRE,LESIONADO,CONDUCTOR PRESENTE,NO,NO,0
15258,47949,47950,2018,0,0,-0.202315,-78.490064,PICHINCHA,QUITO,QUITO,URBANA,2018-10-02,10:00:00,10,MARTES,2,OCTUBRE,10,NO,NO GUARDAR LA DISTANCIA LATERAL MINIMA DE SEGURIDAD ENTRE VEHICULOS.,CHOQUE LATERAL,FURGONETA,0,0,0,0,0,0,0,2,0,0,0,0,0,2,41,HOMBRE,ILESO,CONDUCTOR PRESENTE,NO,NO,0
15259,47954,47955,2018,2,0,-0.129375,-78.495461,PICHINCHA,QUITO,QUITO,URBANA,2018-10-02,13:30:00,13,MARTES,2,OCTUBRE,10,NO,"NO RESPETAR LAS SENIALES REGLAMENTARIAS DE TRANSITO. (PARE, CEDA EL PASO, LUZ ROJA DEL SEMAFORO, ETC).",CHOQUE LATERAL,AUTOMOVIL,2,0,0,0,0,0,0,0,0,0,0,0,0,2,36,HOMBRE,LESIONADO,CONDUCTOR PRESENTE,NO,NO,0
15260,47955,47956,2018,0,1,-0.282706,-78.554325,PICHINCHA,QUITO,QUITO,URBANA,2018-10-02,13:40:00,13,MARTES,2,OCTUBRE,10,NO,BAJARSE O SUBIRSE DE VEHICULOS EN MOVIMIENTO SIN TOMAR LAS PRECAUCIONES DEBIDAS.,ARROLLAMIENTOS,BUS,0,0,1,0,0,0,0,0,0,0,0,0,0,1,17,HOMBRE,FALLECIDO,PASAJERO,NO,NO,0
15261,47956,47957,2018,1,0,-0.137415,-78.500364,PICHINCHA,QUITO,QUITO,URBANA,2018-10-02,13:45:00,13,MARTES,2,OCTUBRE,10,NO,"ADELANTAR O REBASAR A OTRO VEHICULO EN MOVIMIENTO EN ZONAS O SITIOS PELIGROSOS TALES COMO: CURVAS, PUENTES, TUNELES, PENDIENTES, ETC.",CHOQUE LATERAL,MOTOCICLETA,1,0,0,0,0,0,0,0,1,0,0,0,0,2,55,HOMBRE,LESIONADO,CONDUCTOR PRESENTE,NO,NO,0
15262,47957,47958,2018,0,0,-0.181463,-78.511982,PICHINCHA,QUITO,QUITO,URBANA,2018-10-02,14:00:00,14,MARTES,2,OCTUBRE,10,NO,"CONDUCIR DESATENTO A LAS CONDICIONES DE TRANSITO (CELULAR, PANTALLAS DE VIDEO, COMIDA, MAQUILLAJE O CUALQUIER OTRO ELEMENTO DISTRACTOR).",ESTRELLAMIENTOS,AUTOMOVIL,2,0,0,0,0,0,0,0,0,0,0,0,0,2,58,HOMBRE,ILESO,CONDUCTOR PRESENTE,NO,NO,0
15263,47960,47961,2018,0,0,-0.170559,-78.478325,PICHINCHA,QUITO,QUITO,URBANA,2018-10-02,14:30:00,14,MARTES,2,OCTUBRE,10,NO,CONDUCIR VEHICULO SUPERANDO LOS LIMITES MAXIMOS DE VELOCIDAD.,CHOQUE LATERAL,MOTOCICLETA,1,0,0,0,0,0,0,0,1,0,0,0,0,2,25,HOMBRE,ILESO,CONDUCTOR PRESENTE,NO,NO,0
15264,47962,47963,2018,0,0,-0.119381,-78.471224,PICHINCHA,QUITO,QUITO,URBANA,2018-10-02,14:45:00,14,MARTES,2,OCTUBRE,10,NO,NO MANTENER LA DISTANCIA PRUDENCIAL CON RESPECTO AL VEHICULO QUE LE ANTECEDE.,CHOQUE POSTERIOR,AUTOMOVIL,3,0,0,0,0,0,0,0,0,0,0,0,0,3,39,HOMBRE,ILESO,CONDUCTOR PRESENTE,NO,NO,0
15265,47967,47968,2018,1,0,-0.172139,-78.491241,PICHINCHA,QUITO,QUITO,URBANA,2018-10-02,15:30:00,15,MARTES,2,OCTUBRE,10,NO,"PRESENCIA DE AGENTES EXTERNOS EN LA VIA (AGUA, ACEITE, PIEDRA, LASTRE, ESCOMBROS, MADEROS, ETC.).",PERDIDA DE PISTA,MOTOCICLETA,0,0,0,0,0,0,0,0,1,0,0,0,0,1,39,HOMBRE,LESIONADO,CONDUCTOR PRESENTE,NO,NO,0
15266,47978,47979,2018,3,0,-0.138921,-78.495391,PICHINCHA,QUITO,QUITO,URBANA,2018-10-02,19:00:00,19,MARTES,2,OCTUBRE,10,NO,NO CEDER EL DERECHO DE VIA O PREFERENCIA DE PASO AL PEATON.,ATROPELLOS,MOTOCICLETA,0,0,0,0,0,0,0,0,1,0,0,0,0,1,20,HOMBRE,LESIONADO,CONDUCTOR PRESENTE,NO,NO,0
15267,47981,47982,2018,0,0,-0.443953,-78.604925,PICHINCHA,MEJIA,ALOAG,RURAL,2018-10-02,19:18:00,19,MARTES,2,OCTUBRE,10,NO,CONDUCIR VEHICULO SUPERANDO LOS LIMITES MAXIMOS DE VELOCIDAD.,CHOQUE LATERAL,ESPECIAL,0,0,0,0,1,0,1,0,0,0,0,0,0,2,24,HOMBRE,ILESO,CONDUCTOR PRESENTE,NO,NO,3
15268,47982,47983,2018,0,0,-0.113158,-78.472185,PICHINCHA,QUITO,QUITO,URBANA,2018-10-02,19:40:00,19,MARTES,2,OCTUBRE,10,NO,CONDUCIR VEHICULO SUPERANDO LOS LIMITES MAXIMOS DE VELOCIDAD.,ESTRELLAMIENTOS,CAMION,0,0,0,1,0,0,0,0,0,0,0,0,0,1,-1,NO IDENTIFICADO,NO IDENTIFICADO,CONDUCTOR AUSENTE,NO,NO,2
15269,47992,47993,2018,3,0,-0.299861,-78.473167,PICHINCHA,QUITO,CONOCOTO,URBANA,2018-10-03,00:15:00,0,MIERCOLES,3,OCTUBRE,10,NO,"CONDUCE BAJO LA INFLUENCIA DE ALCOHOL, SUSTANCIAS ESTUPEFACIENTES O PSICOTROPICAS Y/O MEDICAMENTOS.",CHOQUE FRONTAL,CAMIONETA,1,0,0,0,1,0,0,0,0,0,0,0,0,2,30,HOMBRE,LESIONADO,CONDUCTOR PRESENTE,NO,NO,0
15270,47995,47996,2018,0,0,-0.237517,-78.484419,PICHINCHA,QUITO,QUITO,URBANA,2018-10-03,02:30:00,2,MIERCOLES,3,OCTUBRE,10,NO,CONDUCIR VEHICULO SUPERANDO LOS LIMITES MAXIMOS DE VELOCIDAD.,ESTRELLAMIENTOS,AUTOMOVIL,1,0,0,0,0,0,0,0,0,0,0,0,0,1,-1,NO IDENTIFICADO,NO IDENTIFICADO,CONDUCTOR AUSENTE,NO,NO,2
15271,48000,48001,2018,0,0,-0.007009,-78.318151,PICHINCHA,PEDRO MONCAYO,TOCACHI,RURAL,2018-10-03,05:30:00,5,MIERCOLES,3,OCTUBRE,10,NO,"CONDUCIR DESATENTO A LAS CONDICIONES DE TRANSITO (CELULAR, PANTALLAS DE VIDEO, COMIDA, MAQUILLAJE O CUALQUIER OTRO ELEMENTO DISTRACTOR).",VOLCAMIENTOS,CAMIONETA,0,0,0,0,1,0,0,0,0,0,0,0,0,1,25,HOMBRE,ILESO,CONDUCTOR PRESENTE,NO,NO,3
15272,48002,48003,2018,2,0,-0.131282,-78.497994,PICHINCHA,QUITO,QUITO,URBANA,2018-10-03,06:25:00,6,MIERCOLES,3,OCTUBRE,10,NO,NO GUARDAR LA DISTANCIA LATERAL MINIMA DE SEGURIDAD ENTRE VEHICULOS.,CHOQUE LATERAL,MOTOCICLETA,0,0,0,0,0,0,0,0,1,0,0,0,0,1,45,HOMBRE,LESIONADO,CONDUCTOR PRESENTE,NO,NO,0
15273,48006,48007,2018,0,0,-0.284269,-78.518971,PICHINCHA,QUITO,QUITO,URBANA,2018-10-03,07:10:00,7,MIERCOLES,3,OCTUBRE,10,NO,NO MANTENER LA DISTANCIA PRUDENCIAL CON RESPECTO AL VEHICULO QUE LE ANTECEDE.,COLISION,CAMIONETA,1,0,0,0,2,0,0,0,0,0,0,0,0,3,28,HOMBRE,ILESO,CONDUCTOR PRESENTE,NO,NO,0
15274,48008,48009,2018,1,0,-0.242966,-78.497191,PICHINCHA,QUITO,QUITO,URBANA,2018-10-03,08:00:00,8,MIERCOLES,3,OCTUBRE,10,NO,DEJAR O RECOGER PASAJEROS EN LUGARES NO PERMITIDOS.,CAIDA DE PASAJERO,NO IDENTIFICADO,0,0,0,0,0,0,0,0,0,1,0,0,0,1,27,MUJER,LESIONADO,PASAJERO,NO,NO,0
15275,48009,48010,2018,0,0,-0.202981,-78.510733,PICHINCHA,QUITO,QUITO,URBANA,2018-10-03,08:30:00,8,MIERCOLES,3,OCTUBRE,10,NO,"NO RESPETAR LAS SENIALES REGLAMENTARIAS DE TRANSITO. (PARE, CEDA EL PASO, LUZ ROJA DEL SEMAFORO, ETC).",CHOQUE LATERAL,MOTOCICLETA,0,0,0,0,0,0,0,0,1,0,0,0,0,1,28,HOMBRE,ILESO,CONDUCTOR PRESENTE,NO,NO,0
15276,48014,48015,2018,0,0,-0.150393,-78.453592,PICHINCHA,QUITO,QUITO,URBANA,2018-10-03,10:00:00,10,MIERCOLES,3,OCTUBRE,10,NO,NO MANTENER LA DISTANCIA PRUDENCIAL CON RESPECTO AL VEHICULO QUE LE ANTECEDE.,COLISION,AUTOMOVIL,4,0,0,0,0,0,0,0,0,0,0,0,0,4,63,HOMBRE,ILESO,CONDUCTOR PRESENTE,NO,NO,0
15277,48016,48017,2018,1,0,-0.327284,-78.550355,PICHINCHA,QUITO,QUITO,URBANA,2018-10-03,11:37:00,11,MIERCOLES,3,OCTUBRE,10,NO,"CONDUCIR DESATENTO A LAS CONDICIONES DE TRANSITO (CELULAR, PANTALLAS DE VIDEO, COMIDA, MAQUILLAJE O CUALQUIER OTRO ELEMENTO DISTRACTOR).",ESTRELLAMIENTOS,NO IDENTIFICADO,0,0,0,0,0,0,0,0,0,1,0,0,0,1,27,HOMBRE,LESIONADO,CONDUCTOR PRESENTE,NO,NO,0
15278,48017,48018,2018,0,0,-0.184976,-78.487661,PICHINCHA,QUITO,QUITO,URBANA,2018-10-03,12:10:00,12,MIERCOLES,3,OCTUBRE,10,NO,NO GUARDAR LA DISTANCIA LATERAL MINIMA DE SEGURIDAD ENTRE VEHICULOS.,CHOQUE LATERAL,AUTOMOVIL,1,0,0,0,0,0,0,0,1,0,0,0,0,2,74,HOMBRE,ILESO,CONDUCTOR PRESENTE,NO,NO,0
15279,48018,48019,2018,1,0,-0.105384,-78.497732,PICHINCHA,QUITO,QUITO,URBANA,2018-10-03,12:30:00,12,MIERCOLES,3,OCTUBRE,10,NO,PEATON QUE CRUZA LA CALZADA SIN RESPETAR LA SENIALIZACION EXISTENTE (SEMAFOROS O SENIALES MANUALES).,ATROPELLOS,AUTOMOVIL,1,0,0,0,0,0,0,0,0,0,0,0,0,1,14,HOMBRE,LESIONADO,PEATON,NO,NO,0
15280,48020,48021,2018,0,0,-0.114481,-78.460788,PICHINCHA,QUITO,QUITO,URBANA,2018-10-03,13:00:00,13,MIERCOLES,3,OCTUBRE,10,NO,"NO RESPETAR LAS SENIALES REGLAMENTARIAS DE TRANSITO. (PARE, CEDA EL PASO, LUZ ROJA DEL SEMAFORO, ETC).",OTROS,AUTOMOVIL,1,0,0,0,0,0,0,0,0,0,0,0,0,1,-1,NO IDENTIFICADO,NO IDENTIFICADO,CONDUCTOR AUSENTE,NO,NO,2
15281,48022,48023,2018,0,0,-0.096681,-78.469779,PICHINCHA,QUITO,QUITO,URBANA,2018-10-03,14:00:00,14,MIERCOLES,3,OCTUBRE,10,NO,NO GUARDAR LA DISTANCIA LATERAL MINIMA DE SEGURIDAD ENTRE VEHICULOS.,CHOQUE LATERAL,CAMIONETA,1,0,0,0,1,0,0,0,0,0,0,0,0,2,30,HOMBRE,ILESO,CONDUCTOR PRESENTE,NO,NO,0
15282,48024,48025,2018,0,0,-0.112182,-78.432826,PICHINCHA,QUITO,CALDERON (CARAPUNGO),URBANA,2018-10-03,15:15:00,15,MIERCOLES,3,OCTUBRE,10,NO,"ADELANTAR O REBASAR A OTRO VEHICULO EN MOVIMIENTO EN ZONAS O SITIOS PELIGROSOS TALES COMO: CURVAS, PUENTES, TUNELES, PENDIENTES, ETC.",ROZAMIENTOS,AUTOMOVIL,1,0,1,0,0,0,0,0,0,0,0,0,0,2,33,HOMBRE,ILESO,CONDUCTOR PRESENTE,NO,NO,0