,Unnamed: 0,ID,ANIO,LESIONADOS,FALLECIDOS,LATITUD_Y,LONGITUD_X,PROVINCIA,CANTON,PARROQUIA,ZONA,FECHA,HORA,PERIODO_2,DIA_1,DIA_2,MES_1,MES_2,FERIADO,CAUSA_PROBABLE,TIPO_DE_SINIESTRO,TIPO_DE_VEHICULO_1,AUTOMOVIL,BICICLETA,BUS,CAMION,CAMIONETA,EMERGENCIAS,ESPECIAL,FURGONETA,MOTOCICLETA,NO_IDENTIFICADO,SCOOTER_ELECTRICO,TRICIMOTO,VEHICULO_DEPORTIVO_UTILITARIO,SUMA_DE_VEHICULOS,EDAD_1,SEXO_1,CONDICION_1,PARTICIPANTE_1,CASCO_1,CINTURON_1,KMeans_Cluster
15340,48216,48217,2018,0,0,-0.052634,-78.454084,PICHINCHA,QUITO,POMASQUI,URBANA,2018-10-06,05:00:00,5,SABADO,6,OCTUBRE,10,SI,NO MANTENER LA DISTANCIA PRUDENCIAL CON RESPECTO AL VEHICULO QUE LE ANTECEDE.,CHOQUE POSTERIOR,CAMIONETA,1,0,0,0,1,0,0,0,0,0,0,0,0,2,22,HOMBRE,ILESO,CONDUCTOR PRESENTE,NO,NO,0
15341,48218,48219,2018,0,0,-0.140769,-78.470154,PICHINCHA,QUITO,QUITO,URBANA,2018-10-06,05:30:00,5,SABADO,6,OCTUBRE,10,SI,"NO RESPETAR LAS SENIALES REGLAMENTARIAS DE TRANSITO. (PARE, CEDA EL PASO, LUZ ROJA DEL SEMAFORO, ETC).",ESTRELLAMIENTOS,AUTOMOVIL,1,0,0,0,0,0,0,0,0,0,0,0,0,1,30,HOMBRE,ILESO,CONDUCTOR PRESENTE,NO,NO,0
15342,48219,48220,2018,0,0,-0.267338,-78.527329,PICHINCHA,QUITO,QUITO,URBANA,2018-10-06,05:40:00,5,SABADO,6,OCTUBRE,10,SI,"CONDUCIR DESATENTO A LAS CONDICIONES DE TRANSITO (CELULAR, PANTALLAS DE VIDEO, COMIDA, MAQUILLAJE O CUALQUIER OTRO ELEMENTO DISTRACTOR).",ESTRELLAMIENTOS,NO IDENTIFICADO,0,0,0,0,0,0,0,0,0,1,0,0,0,1,-1,NO IDENTIFICADO,NO IDENTIFICADO,CONDUCTOR AUSENTE,NO,NO,2
15343,48224,48225,2018,1,1,-0.249797,-78.535772,PICHINCHA,QUITO,QUITO,URBANA,2018-10-06,07:50:00,7,SABADO,6,OCTUBRE,10,SI,CONDUCIR VEHICULO SUPERANDO LOS LIMITES MAXIMOS DE VELOCIDAD.,ESTRELLAMIENTOS,CAMION,0,0,0,1,0,0,0,0,1,0,0,0,0,2,24,HOMBRE,FALLECIDO,PASAJERO,NO,NO,0
15344,48226,48227,2018,0,0,-0.232586,-78.504189,PICHINCHA,QUITO,QUITO,URBANA,2018-10-06,08:50:00,8,SABADO,6,OCTUBRE,10,SI,REALIZAR CAMBIO BRUSCO O INDEBIDO DE CARRIL.,CHOQUE LATERAL,MOTOCICLETA,1,0,0,0,0,0,0,0,1,0,0,0,0,2,35,HOMBRE,ILESO,CONDUCTOR PRESENTE,NO,NO,0
15345,48229,48230,2018,0,0,-0.360794,-78.533449,PICHINCHA,MEJIA,CUTUGLAHUA,RURAL,2018-10-06,10:06:00,10,SABADO,6,OCTUBRE,10,SI,"CONDUCIR DESATENTO A LAS CONDICIONES DE TRANSITO (CELULAR, PANTALLAS DE VIDEO, COMIDA, MAQUILLAJE O CUALQUIER OTRO ELEMENTO DISTRACTOR).",ESTRELLAMIENTOS,AUTOMOVIL,1,0,0,0,0,0,0,0,0,1,0,0,0,2,33,HOMBRE,ILESO,CONDUCTOR PRESENTE,NO,NO,3
15346,48231,48232,2018,1,0,-0.162489,-78.480443,PICHINCHA,QUITO,QUITO,URBANA,2018-10-06,11:00:00,11,SABADO,6,OCTUBRE,10,SI,"NO RESPETAR LAS SENIALES REGLAMENTARIAS DE TRANSITO. (PARE, CEDA EL PASO, LUZ ROJA DEL SEMAFORO, ETC).",CHOQUE LATERAL,AUTOMOVIL,1,0,0,0,0,0,0,0,1,0,0,0,0,2,29,HOMBRE,LESIONADO,CONDUCTOR PRESENTE,NO,NO,0
15347,48232,48233,2018,0,0,-0.267378,-78.527422,PICHINCHA,QUITO,QUITO,URBANA,2018-10-06,11:10:00,11,SABADO,6,OCTUBRE,10,SI,CONDUCIR VEHICULO SUPERANDO LOS LIMITES MAXIMOS DE VELOCIDAD.,ESTRELLAMIENTOS,NO IDENTIFICADO,0,0,0,0,0,0,0,0,0,1,0,0,0,1,-1,NO IDENTIFICADO,NO IDENTIFICADO,CONDUCTOR AUSENTE,NO,NO,2
15348,48239,48240,2018,0,0,-0.075112,-78.462915,PICHINCHA,QUITO,QUITO,URBANA,2018-10-06,14:00:00,14,SABADO,6,OCTUBRE,10,SI,"CONDUCE BAJO LA INFLUENCIA DE ALCOHOL, SUSTANCIAS ESTUPEFACIENTES O PSICOTROPICAS Y/O MEDICAMENTOS.",CHOQUE FRONTAL,CAMIONETA,0,0,0,0,2,0,0,0,0,0,0,0,0,2,40,HOMBRE,ILESO,CONDUCTOR PRESENTE,NO,NO,0
15349,48241,48242,2018,0,0,-0.336119,-78.545719,PICHINCHA,QUITO,QUITO,URBANA,2018-10-06,14:15:00,14,SABADO,6,OCTUBRE,10,SI,"PRESENCIA DE AGENTES EXTERNOS EN LA VIA (AGUA, ACEITE, PIEDRA, LASTRE, ESCOMBROS, MADEROS, ETC.).",VOLCAMIENTOS,NO IDENTIFICADO,0,0,0,0,0,0,0,0,0,1,0,0,0,1,20,HOMBRE,ILESO,CONDUCTOR PRESENTE,NO,NO,0
15350,48245,48246,2018,0,0,-0.196283,-78.512594,PICHINCHA,QUITO,QUITO,URBANA,2018-10-06,15:20:00,15,SABADO,6,OCTUBRE,10,SI,"CONDUCE BAJO LA INFLUENCIA DE ALCOHOL, SUSTANCIAS ESTUPEFACIENTES O PSICOTROPICAS Y/O MEDICAMENTOS.",COLISION,AUTOMOVIL,3,0,0,0,0,0,0,0,0,0,0,0,0,3,33,HOMBRE,ILESO,CONDUCTOR PRESENTE,NO,NO,0
15351,48246,48247,2018,1,0,-0.208267,-78.426754,PICHINCHA,QUITO,CUMBAYA,URBANA,2018-10-06,15:20:00,15,SABADO,6,OCTUBRE,10,SI,"NO RESPETAR LAS SENIALES REGLAMENTARIAS DE TRANSITO. (PARE, CEDA EL PASO, LUZ ROJA DEL SEMAFORO, ETC).",ESTRELLAMIENTOS,NO IDENTIFICADO,0,0,0,0,0,0,0,0,0,1,0,0,0,1,35,HOMBRE,LESIONADO,CONDUCTOR PRESENTE,NO,NO,0
15352,48256,48257,2018,0,0,-0.192701,-78.455182,PICHINCHA,QUITO,QUITO,URBANA,2018-10-06,18:50:00,18,SABADO,6,OCTUBRE,10,SI,CONDUCIR VEHICULO SUPERANDO LOS LIMITES MAXIMOS DE VELOCIDAD.,CHOQUE POSTERIOR,AUTOMOVIL,2,0,0,0,0,0,0,0,0,0,0,0,0,2,28,HOMBRE,ILESO,CONDUCTOR PRESENTE,NO,NO,0
15353,48257,48258,2018,1,0,-0.156269,-78.474678,PICHINCHA,QUITO,QUITO,URBANA,2018-10-06,19:00:00,19,SABADO,6,OCTUBRE,10,SI,CONDUCIR VEHICULO SUPERANDO LOS LIMITES MAXIMOS DE VELOCIDAD.,ESTRELLAMIENTOS,MOTOCICLETA,2,0,0,0,0,0,0,0,1,0,0,0,0,3,23,HOMBRE,LESIONADO,CONDUCTOR PRESENTE,NO,NO,0
15354,48260,48261,2018,2,0,-0.099083,-78.421844,PICHINCHA,QUITO,CALDERON (CARAPUNGO),URBANA,2018-10-06,19:10:00,19,SABADO,6,OCTUBRE,10,SI,"NO RESPETAR LAS SENIALES REGLAMENTARIAS DE TRANSITO. (PARE, CEDA EL PASO, LUZ ROJA DEL SEMAFORO, ETC).",ESTRELLAMIENTOS,CAMION,1,0,0,1,0,0,0,0,0,0,0,0,0,2,18,MUJER,LESIONADO,PASAJERO,NO,NO,0
15355,48264,48265,2018,0,0,-0.105276,-78.455309,PICHINCHA,QUITO,CALDERON (CARAPUNGO),URBANA,2018-10-06,20:00:00,20,SABADO,6,OCTUBRE,10,SI,CONDUCIR VEHICULO SUPERANDO LOS LIMITES MAXIMOS DE VELOCIDAD.,CHOQUE POSTERIOR,AUTOMOVIL,1,0,1,0,0,0,0,0,0,0,0,0,0,2,60,HOMBRE,ILESO,CONDUCTOR PRESENTE,NO,NO,0
15356,48282,48283,2018,0,0,-0.212824,-78.402683,PICHINCHA,QUITO,TUMBACO,URBANA,2018-10-06,22:45:00,22,SABADO,6,OCTUBRE,10,SI,"NO RESPETAR LAS SENIALES REGLAMENTARIAS DE TRANSITO. (PARE, CEDA EL PASO, LUZ ROJA DEL SEMAFORO, ETC).",ESTRELLAMIENTOS,AUTOMOVIL,1,0,0,0,0,0,0,0,0,0,0,0,0,1,19,HOMBRE,ILESO,CONDUCTOR PRESENTE,NO,NO,0
15357,48289,48290,2018,0,0,-0.025842,-78.544605,PICHINCHA,QUITO,NONO,URBANA,2018-10-07,00:00:00,0,DOMINGO,7,OCTUBRE,10,SI,"CONDUCE BAJO LA INFLUENCIA DE ALCOHOL, SUSTANCIAS ESTUPEFACIENTES O PSICOTROPICAS Y/O MEDICAMENTOS.",CHOQUE LATERAL,AUTOMOVIL,2,0,0,0,0,0,0,0,0,0,0,0,0,2,52,HOMBRE,ILESO,CONDUCTOR PRESENTE,NO,NO,0
15358,48292,48293,2018,0,0,-0.091594,-78.472878,PICHINCHA,QUITO,QUITO,URBANA,2018-10-07,00:14:00,0,DOMINGO,7,OCTUBRE,10,SI,NO GUARDAR LA DISTANCIA LATERAL MINIMA DE SEGURIDAD ENTRE VEHICULOS.,CHOQUE LATERAL,AUTOMOVIL,2,0,0,0,0,0,0,0,0,0,0,0,0,2,64,HOMBRE,ILESO,CONDUCTOR PRESENTE,NO,NO,0
15359,48294,48295,2018,0,0,-0.187785,-78.487661,PICHINCHA,QUITO,QUITO,URBANA,2018-10-07,00:40:00,0,DOMINGO,7,OCTUBRE,10,SI,"CONDUCE BAJO LA INFLUENCIA DE ALCOHOL, SUSTANCIAS ESTUPEFACIENTES O PSICOTROPICAS Y/O MEDICAMENTOS.",CHOQUE LATERAL,AUTOMOVIL,2,0,0,0,0,0,0,0,0,0,0,0,0,2,35,HOMBRE,ILESO,CONDUCTOR PRESENTE,NO,NO,0
15360,48296,48297,2018,0,0,-0.151712,-78.497781,PICHINCHA,QUITO,QUITO,URBANA,2018-10-07,01:15:00,1,DOMINGO,7,OCTUBRE,10,SI,"CONDUCIR DESATENTO A LAS CONDICIONES DE TRANSITO (CELULAR, PANTALLAS DE VIDEO, COMIDA, MAQUILLAJE O CUALQUIER OTRO ELEMENTO DISTRACTOR).",ESTRELLAMIENTOS,CAMION,1,0,0,1,0,0,0,0,0,0,0,0,0,2,37,HOMBRE,ILESO,CONDUCTOR PRESENTE,NO,NO,0
15361,48299,48300,2018,0,0,-0.120588,-78.481821,PICHINCHA,QUITO,QUITO,URBANA,2018-10-07,01:20:00,1,DOMINGO,7,OCTUBRE,10,SI,CONDUCIR VEHICULO SUPERANDO LOS LIMITES MAXIMOS DE VELOCIDAD.,ESTRELLAMIENTOS,AUTOMOVIL,1,0,0,0,0,0,0,0,0,0,0,0,0,1,-1,NO IDENTIFICADO,NO IDENTIFICADO,CONDUCTOR AUSENTE,NO,NO,2
15362,48302,48303,2018,0,0,-0.192311,-78.488506,PICHINCHA,QUITO,QUITO,URBANA,2018-10-07,01:50:00,1,DOMINGO,7,OCTUBRE,10,SI,"CONDUCIR DESATENTO A LAS CONDICIONES DE TRANSITO (CELULAR, PANTALLAS DE VIDEO, COMIDA, MAQUILLAJE O CUALQUIER OTRO ELEMENTO DISTRACTOR).",ESTRELLAMIENTOS,AUTOMOVIL,1,0,0,0,0,0,0,0,0,0,0,0,0,1,-1,NO IDENTIFICADO,NO IDENTIFICADO,CONDUCTOR AUSENTE,NO,NO,2
15363,48303,48304,2018,0,0,-0.188478,-78.447371,PICHINCHA,QUITO,NAYON,URBANA,2018-10-07,01:55:00,1,DOMINGO,7,OCTUBRE,10,SI,"CONDUCIR DESATENTO A LAS CONDICIONES DE TRANSITO (CELULAR, PANTALLAS DE VIDEO, COMIDA, MAQUILLAJE O CUALQUIER OTRO ELEMENTO DISTRACTOR).",ESTRELLAMIENTOS,CAMIONETA,0,0,0,0,1,0,0,0,0,0,0,0,0,1,-1,NO IDENTIFICADO,NO IDENTIFICADO,CONDUCTOR AUSENTE,NO,NO,2
15364,48314,48315,2018,0,0,-0.154353,-78.475649,PICHINCHA,QUITO,QUITO,URBANA,2018-10-07,04:00:00,4,DOMINGO,7,OCTUBRE,10,SI,NO CEDER EL DERECHO DE VIA O PREFERENCIA DE PASO A VEHICULOS.,ESTRELLAMIENTOS,AUTOMOVIL,1,0,0,0,0,0,0,0,0,0,0,0,0,1,-1,NO IDENTIFICADO,NO IDENTIFICADO,CONDUCTOR AUSENTE,NO,NO,2
15365,48316,48317,2018,0,0,-0.144216,-78.497921,PICHINCHA,QUITO,QUITO,URBANA,2018-10-07,04:05:00,4,DOMINGO,7,OCTUBRE,10,SI,"PRESENCIA DE AGENTES EXTERNOS EN LA VIA (AGUA, ACEITE, PIEDRA, LASTRE, ESCOMBROS, MADEROS, ETC.).",PERDIDA DE PISTA,MOTOCICLETA,0,0,0,0,0,0,0,0,1,0,0,0,0,1,-1,NO IDENTIFICADO,NO IDENTIFICADO,CONDUCTOR AUSENTE,NO,NO,2
15366,48317,48318,2018,0,0,-0.218432,-78.496303,PICHINCHA,QUITO,QUITO,URBANA,2018-10-07,04:10:00,4,DOMINGO,7,OCTUBRE,10,SI,"NO RESPETAR LAS SENIALES REGLAMENTARIAS DE TRANSITO. (PARE, CEDA EL PASO, LUZ ROJA DEL SEMAFORO, ETC).",ESTRELLAMIENTOS,AUTOMOVIL,1,0,0,0,0,0,0,0,0,0,0,0,0,1,43,HOMBRE,ILESO,CONDUCTOR PRESENTE,NO,NO,0
15367,48334,48335,2018,0,0,-0.268637,-78.532422,PICHINCHA,QUITO,QUITO,URBANA,2018-10-07,09:55:00,9,DOMINGO,7,OCTUBRE,10,SI,REALIZAR CAMBIO BRUSCO O INDEBIDO DE CARRIL.,CHOQUE LATERAL,CAMIONETA,0,0,0,0,2,0,0,0,0,0,0,0,0,2,22,HOMBRE,ILESO,CONDUCTOR PRESENTE,NO,NO,0
15368,48335,48336,2018,1,0,-0.223095,-78.516675,PICHINCHA,QUITO,QUITO,URBANA,2018-10-07,10:15:00,10,DOMINGO,7,OCTUBRE,10,SI,NO CEDER EL DERECHO DE VIA O PREFERENCIA DE PASO AL PEATON.,ATROPELLOS,NO IDENTIFICADO,0,0,0,0,0,0,0,0,0,1,0,0,0,1,15,MUJER,LESIONADO,PEATON,NO,NO,0
15369,48336,48337,2018,0,0,-0.143236,-78.500425,PICHINCHA,QUITO,QUITO,URBANA,2018-10-07,10:20:00,10,DOMINGO,7,OCTUBRE,10,SI,DANIOS MECANICOS PREVISIBLES.,CHOQUE LATERAL,AUTOMOVIL,1,0,0,0,1,0,0,0,0,0,0,0,0,2,5,MUJER,ILESO,PASAJERO,NO,NO,0
15370,48337,48338,2018,0,1,0.012268,-78.560929,PICHINCHA,QUITO,CALACALI,URBANA,2018-10-07,10:23:00,10,DOMINGO,7,OCTUBRE,10,SI,"CONDUCIR DESATENTO A LAS CONDICIONES DE TRANSITO (CELULAR, PANTALLAS DE VIDEO, COMIDA, MAQUILLAJE O CUALQUIER OTRO ELEMENTO DISTRACTOR).",CHOQUE FRONTAL,AUTOMOVIL,1,0,0,0,0,0,0,0,0,0,0,0,0,1,47,HOMBRE,FALLECIDO,CONDUCTOR PRESENTE,NO,NO,0
15371,48342,48343,2018,1,0,-0.084069,-78.508287,PICHINCHA,QUITO,QUITO,URBANA,2018-10-07,12:05:00,12,DOMINGO,7,OCTUBRE,10,SI,NO CEDER EL DERECHO DE VIA O PREFERENCIA DE PASO AL PEATON.,ATROPELLOS,AUTOMOVIL,1,0,0,0,0,0,0,0,0,0,0,0,0,1,45,MUJER,LESIONADO,PEATON,NO,NO,0
15372,48348,48349,2018,1,0,-0.212846,-78.487297,PICHINCHA,QUITO,QUITO,URBANA,2018-10-07,13:20:00,13,DOMINGO,7,OCTUBRE,10,SI,PEATON QUE CRUZA LA CALZADA SIN RESPETAR LA SENIALIZACION EXISTENTE (SEMAFOROS O SENIALES MANUALES).,ATROPELLOS,AUTOMOVIL,1,0,0,0,0,0,0,0,0,0,0,0,0,1,35,HOMBRE,LESIONADO,PEATON,NO,NO,0
15373,48357,48358,2018,1,1,-0.198421,-78.513086,PICHINCHA,QUITO,QUITO,URBANA,2018-10-07,15:30:00,15,DOMINGO,7,OCTUBRE,10,SI,"CASO FORTUITO O FUERZA MAYOR (EXPLOSION DE NEUMATICO NUEVO, DERRUMBE, INUNDACION, CAIDA DE PUENTE, ARBOL, PRESENCIA INTEMPESTIVA E IMPREVISTA DE SEMOVIENTES EN LA VIA, ETC.).",VOLCAMIENTOS,MOTOCICLETA,0,0,0,0,0,0,0,0,1,0,0,0,0,1,61,MUJER,FALLECIDO,PASAJERO,NO,NO,0
15374,48359,48360,2018,1,0,-0.231386,-78.491361,PICHINCHA,QUITO,QUITO,URBANA,2018-10-07,16:20:00,16,DOMINGO,7,OCTUBRE,10,SI,CONDUCIR VEHICULO SUPERANDO LOS LIMITES MAXIMOS DE VELOCIDAD.,ESTRELLAMIENTOS,AUTOMOVIL,1,0,0,0,0,0,0,0,0,0,0,0,0,1,34,HOMBRE,LESIONADO,CONDUCTOR PRESENTE,NO,NO,0
15375,48360,48361,2018,0,0,-0.269814,-78.543481,PICHINCHA,QUITO,QUITO,URBANA,2018-10-07,17:00:00,17,DOMINGO,7,OCTUBRE,10,SI,"CONDUCE BAJO LA INFLUENCIA DE ALCOHOL, SUSTANCIAS ESTUPEFACIENTES O PSICOTROPICAS Y/O MEDICAMENTOS.",CHOQUE LATERAL,AUTOMOVIL,2,0,0,0,0,0,0,0,0,0,0,0,0,2,47,HOMBRE,ILESO,CONDUCTOR PRESENTE,NO,NO,0
15376,48365,48366,2018,0,0,-0.191657,-78.490808,PICHINCHA,QUITO,QUITO,URBANA,2018-10-07,17:50:00,17,DOMINGO,7,OCTUBRE,10,SI,NO GUARDAR LA DISTANCIA LATERAL MINIMA DE SEGURIDAD ENTRE VEHICULOS.,CHOQUE LATERAL,AUTOMOVIL,2,0,0,0,0,0,0,0,0,0,0,0,0,2,36,HOMBRE,ILESO,CONDUCTOR PRESENTE,NO,NO,0
15377,48367,48368,2018,0,0,-0.233928,-78.526277,PICHINCHA,QUITO,QUITO,URBANA,2018-10-07,18:05:00,18,DOMINGO,7,OCTUBRE,10,SI,REALIZAR CAMBIO BRUSCO O INDEBIDO DE CARRIL.,CHOQUE LATERAL,AUTOMOVIL,2,0,0,0,0,0,0,0,0,0,0,0,0,2,38,HOMBRE,ILESO,CONDUCTOR PRESENTE,NO,NO,0
15378,48371,48372,2018,0,0,-0.265717,-78.546893,PICHINCHA,QUITO,QUITO,URBANA,2018-10-07,18:40:00,18,DOMINGO,7,OCTUBRE,10,SI,"CONDICIONES AMBIENTALES Y/O ATMOSFERICAS (NIEBLA, NEBLINA, GRANIZO, LLUVIA).",ESTRELLAMIENTOS,AUTOMOVIL,1,0,0,0,0,0,0,0,0,0,0,0,0,1,32,HOMBRE,ILESO,CONDUCTOR PRESENTE,NO,NO,0
15379,48372,48373,2018,2,0,-0.207732,-78.497071,PICHINCHA,QUITO,QUITO,URBANA,2018-10-07,18:45:00,18,DOMINGO,7,OCTUBRE,10,SI,CONDUCIR VEHICULO SUPERANDO LOS LIMITES MAXIMOS DE VELOCIDAD.,ATROPELLOS,NO IDENTIFICADO,0,0,0,0,0,0,0,0,0,1,0,0,0,1,21,MUJER,LESIONADO,PEATON,NO,NO,0
15380,48379,48380,2018,3,0,-0.199767,-78.428809,PICHINCHA,QUITO,CUMBAYA,URBANA,2018-10-07,19:30:00,19,DOMINGO,7,OCTUBRE,10,SI,"CONDUCE BAJO LA INFLUENCIA DE ALCOHOL, SUSTANCIAS ESTUPEFACIENTES O PSICOTROPICAS Y/O MEDICAMENTOS.",CHOQUE FRONTAL,AUTOMOVIL,2,0,0,0,0,0,0,0,0,0,0,0,0,2,34,MUJER,LESIONADO,PASAJERO,NO,NO,0
15381,48387,48388,2018,0,0,-0.091585,-78.439052,PICHINCHA,QUITO,CALDERON (CARAPUNGO),URBANA,2018-10-07,22:00:00,22,DOMINGO,7,OCTUBRE,10,SI,"CONDUCIR DESATENTO A LAS CONDICIONES DE TRANSITO (CELULAR, PANTALLAS DE VIDEO, COMIDA, MAQUILLAJE O CUALQUIER OTRO ELEMENTO DISTRACTOR).",ROZAMIENTOS,AUTOMOVIL,2,0,0,0,0,0,0,0,0,0,0,0,0,2,27,HOMBRE,ILESO,CONDUCTOR PRESENTE,NO,NO,0
15382,48391,48392,2018,0,0,-0.253045,-78.519901,PICHINCHA,QUITO,QUITO,URBANA,2018-10-07,22:20:00,22,DOMINGO,7,OCTUBRE,10,SI,CONDUCIR VEHICULO SUPERANDO LOS LIMITES MAXIMOS DE VELOCIDAD.,ESTRELLAMIENTOS,AUTOMOVIL,1,0,0,0,0,0,0,0,0,0,0,0,0,1,-1,NO IDENTIFICADO,NO IDENTIFICADO,CONDUCTOR AUSENTE,NO,NO,2
15383,48394,48395,2018,0,0,-0.410938,-78.803036,PICHINCHA,MEJIA,MANUEL CORNEJO ASTORGA,RURAL,2018-10-07,23:50:00,23,DOMINGO,7,OCTUBRE,10,SI,"CONDUCE BAJO LA INFLUENCIA DE ALCOHOL, SUSTANCIAS ESTUPEFACIENTES O PSICOTROPICAS Y/O MEDICAMENTOS.",ROZAMIENTOS,CAMIONETA,1,0,0,0,1,0,0,0,0,0,0,0,0,2,26,HOMBRE,ILESO,CONDUCTOR PRESENTE,NO,NO,3
15384,48400,48401,2018,0,0,-0.187589,-78.475484,PICHINCHA,QUITO,QUITO,URBANA,2018-10-08,03:00:00,3,LUNES,1,OCTUBRE,10,SI,"CONDUCIR DESATENTO A LAS CONDICIONES DE TRANSITO (CELULAR, PANTALLAS DE VIDEO, COMIDA, MAQUILLAJE O CUALQUIER OTRO ELEMENTO DISTRACTOR).",ESTRELLAMIENTOS,AUTOMOVIL,1,0,0,0,0,0,0,0,0,0,0,0,0,1,-1,NO IDENTIFICADO,NO IDENTIFICADO,CONDUCTOR AUSENTE,NO,NO,2
15385,48409,48410,2018,2,0,-0.152014,-78.464578,PICHINCHA,QUITO,QUITO,URBANA,2018-10-08,07:35:00,7,LUNES,1,OCTUBRE,10,SI,"PRESENCIA DE AGENTES EXTERNOS EN LA VIA (AGUA, ACEITE, PIEDRA, LASTRE, ESCOMBROS, MADEROS, ETC.).",PERDIDA DE PISTA,AUTOMOVIL,1,0,0,0,0,0,0,0,0,0,0,0,0,1,20,MUJER,LESIONADO,CONDUCTOR PRESENTE,NO,NO,0
15386,48413,48414,2018,0,0,-0.264263,-78.550012,PICHINCHA,QUITO,QUITO,URBANA,2018-10-08,09:30:00,9,LUNES,1,OCTUBRE,10,SI,NO MANTENER LA DISTANCIA PRUDENCIAL CON RESPECTO AL VEHICULO QUE LE ANTECEDE.,CHOQUE POSTERIOR,CAMIONETA,1,0,0,0,1,0,0,0,0,0,0,0,0,2,23,HOMBRE,ILESO,CONDUCTOR PRESENTE,NO,NO,0
15387,48426,48427,2018,1,0,-0.108608,-78.423667,PICHINCHA,QUITO,CALDERON (CARAPUNGO),URBANA,2018-10-08,12:25:00,12,LUNES,1,OCTUBRE,10,SI,"CONDUCIR DESATENTO A LAS CONDICIONES DE TRANSITO (CELULAR, PANTALLAS DE VIDEO, COMIDA, MAQUILLAJE O CUALQUIER OTRO ELEMENTO DISTRACTOR).",VOLCAMIENTOS,AUTOMOVIL,1,0,0,0,0,0,0,0,0,0,0,0,0,1,1,HOMBRE,LESIONADO,PASAJERO,NO,NO,0
15388,48428,48429,2018,10,0,-0.186005,-78.537344,PICHINCHA,QUITO,QUITO,URBANA,2018-10-08,13:15:00,13,LUNES,1,OCTUBRE,10,SI,NO CEDER EL DERECHO DE VIA O PREFERENCIA DE PASO A VEHICULOS.,ESTRELLAMIENTOS,BUS,1,0,1,0,0,0,0,0,0,0,0,0,0,2,25,HOMBRE,LESIONADO,CONDUCTOR PRESENTE,NO,NO,0
15389,48429,48430,2018,0,0,-0.283152,-78.554531,PICHINCHA,QUITO,QUITO,URBANA,2018-10-08,13:50:00,13,LUNES,1,OCTUBRE,10,SI,NO MANTENER LA DISTANCIA PRUDENCIAL CON RESPECTO AL VEHICULO QUE LE ANTECEDE.,CHOQUE POSTERIOR,AUTOMOVIL,2,0,0,0,0,0,0,0,0,0,0,0,0,2,21,HOMBRE,ILESO,CONDUCTOR PRESENTE,NO,NO,0
15390,48433,48434,2018,0,0,-0.197826,-78.466466,PICHINCHA,QUITO,QUITO,URBANA,2018-10-08,14:45:00,14,LUNES,1,OCTUBRE,10,SI,"PRESENCIA DE AGENTES EXTERNOS EN LA VIA (AGUA, ACEITE, PIEDRA, LASTRE, ESCOMBROS, MADEROS, ETC.).",ESTRELLAMIENTOS,CAMIONETA,0,0,0,0,1,0,0,0,0,0,0,0,0,1,29,MUJER,ILESO,CONDUCTOR PRESENTE,NO,NO,0
15391,48434,48435,2018,0,0,-0.204406,-78.455977,PICHINCHA,QUITO,QUITO,URBANA,2018-10-08,15:30:00,15,LUNES,1,OCTUBRE,10,SI,"CONDICIONES AMBIENTALES Y/O ATMOSFERICAS (NIEBLA, NEBLINA, GRANIZO, LLUVIA).",ESTRELLAMIENTOS,FURGONETA,0,0,0,0,0,0,0,1,0,0,0,0,0,1,38,HOMBRE,ILESO,CONDUCTOR PRESENTE,NO,NO,0
15392,48438,48439,2018,0,0,-0.309753,-78.552531,PICHINCHA,QUITO,QUITO,URBANA,2018-10-08,16:30:00,16,LUNES,1,OCTUBRE,10,SI,CONDUCIR VEHICULO SUPERANDO LOS LIMITES MAXIMOS DE VELOCIDAD.,CHOQUE LATERAL,CAMIONETA,1,0,0,0,1,0,0,0,0,0,0,0,0,2,22,HOMBRE,ILESO,CONDUCTOR PRESENTE,NO,NO,0
15393,48439,48440,2018,1,0,-0.286581,-78.549902,PICHINCHA,QUITO,QUITO,URBANA,2018-10-08,16:40:00,16,LUNES,1,OCTUBRE,10,SI,CONDUCIR VEHICULO SUPERANDO LOS LIMITES MAXIMOS DE VELOCIDAD.,OTROS,BUS,0,0,1,0,0,0,0,0,0,0,0,0,0,1,67,MUJER,LESIONADO,PASAJERO,NO,NO,0
15394,48441,48442,2018,1,0,-0.273817,-78.490547,PICHINCHA,QUITO,CONOCOTO,URBANA,2018-10-08,17:15:00,17,LUNES,1,OCTUBRE,10,SI,BAJARSE O SUBIRSE DE VEHICULOS EN MOVIMIENTO SIN TOMAR LAS PRECAUCIONES DEBIDAS.,CAIDA DE PASAJERO,NO IDENTIFICADO,0,0,0,0,0,0,0,0,0,1,0,0,0,1,36,HOMBRE,LESIONADO,PASAJERO,NO,NO,0
15395,48449,48450,2018,0,0,-0.190868,-78.478473,PICHINCHA,QUITO,QUITO,URBANA,2018-10-08,20:00:00,20,LUNES,1,OCTUBRE,10,SI,REALIZAR CAMBIO BRUSCO O INDEBIDO DE CARRIL.,CHOQUE LATERAL,AUTOMOVIL,1,0,0,0,0,0,0,0,0,1,0,0,0,2,50,HOMBRE,ILESO,CONDUCTOR PRESENTE,NO,NO,0
15396,48453,48454,2018,0,0,-0.139788,-78.474622,PICHINCHA,QUITO,QUITO,URBANA,2018-10-08,20:45:00,20,LUNES,1,OCTUBRE,10,SI,"CONDUCE BAJO LA INFLUENCIA DE ALCOHOL, SUSTANCIAS ESTUPEFACIENTES O PSICOTROPICAS Y/O MEDICAMENTOS.",CHOQUE FRONTAL,AUTOMOVIL,2,0,0,0,0,0,0,0,0,0,0,0,0,2,29,HOMBRE,ILESO,CONDUCTOR PRESENTE,NO,NO,0