,Unnamed: 0,ID,ANIO,LESIONADOS,FALLECIDOS,LATITUD_Y,LONGITUD_X,PROVINCIA,CANTON,PARROQUIA,ZONA,FECHA,HORA,PERIODO_2,DIA_1,DIA_2,MES_1,MES_2,FERIADO,CAUSA_PROBABLE,TIPO_DE_SINIESTRO,TIPO_DE_VEHICULO_1,AUTOMOVIL,BICICLETA,BUS,CAMION,CAMIONETA,EMERGENCIAS,ESPECIAL,FURGONETA,MOTOCICLETA,NO_IDENTIFICADO,SCOOTER_ELECTRICO,TRICIMOTO,VEHICULO_DEPORTIVO_UTILITARIO,SUMA_DE_VEHICULOS,EDAD_1,SEXO_1,CONDICION_1,PARTICIPANTE_1,CASCO_1,CINTURON_1,KMeans_Cluster
15397,48455,48456,2018,0,0,-0.256733,-78.542807,PICHINCHA,QUITO,QUITO,URBANA,2018-10-08,22:00:00,22,LUNES,1,OCTUBRE,10,SI,"CONDUCE BAJO LA INFLUENCIA DE ALCOHOL, SUSTANCIAS ESTUPEFACIENTES O PSICOTROPICAS Y/O MEDICAMENTOS.",CHOQUE POSTERIOR,AUTOMOVIL,2,0,0,0,0,0,0,0,0,0,0,0,0,2,25,HOMBRE,ILESO,CONDUCTOR PRESENTE,NO,NO,0
15398,48457,48458,2018,0,0,-0.199369,-78.481353,PICHINCHA,QUITO,QUITO,URBANA,2018-10-08,22:25:00,22,LUNES,1,OCTUBRE,10,SI,"NO RESPETAR LAS SENIALES REGLAMENTARIAS DE TRANSITO. (PARE, CEDA EL PASO, LUZ ROJA DEL SEMAFORO, ETC).",CHOQUE LATERAL,AUTOMOVIL,1,0,0,0,0,0,0,0,0,1,0,0,0,2,24,HOMBRE,ILESO,CONDUCTOR PRESENTE,NO,NO,0
15399,48458,48459,2018,0,0,-0.144763,-78.474632,PICHINCHA,QUITO,QUITO,URBANA,2018-10-08,22:43:00,22,LUNES,1,OCTUBRE,10,SI,NO MANTENER LA DISTANCIA PRUDENCIAL CON RESPECTO AL VEHICULO QUE LE ANTECEDE.,CHOQUE POSTERIOR,AUTOMOVIL,2,0,0,0,0,0,0,0,0,1,0,0,0,3,23,HOMBRE,ILESO,CONDUCTOR PRESENTE,NO,NO,0
15400,48460,48461,2018,0,0,-0.295604,-78.561141,PICHINCHA,QUITO,QUITO,URBANA,2018-10-09,00:00:00,0,MARTES,2,OCTUBRE,10,SI,"CONDUCE BAJO LA INFLUENCIA DE ALCOHOL, SUSTANCIAS ESTUPEFACIENTES O PSICOTROPICAS Y/O MEDICAMENTOS.",CHOQUE LATERAL,AUTOMOVIL,2,0,0,0,0,0,0,0,0,0,0,0,0,2,29,HOMBRE,ILESO,CONDUCTOR PRESENTE,NO,NO,0
15401,48468,48469,2018,0,0,-0.191411,-78.456766,PICHINCHA,QUITO,QUITO,URBANA,2018-10-09,06:50:00,6,MARTES,2,OCTUBRE,10,SI,NO MANTENER LA DISTANCIA PRUDENCIAL CON RESPECTO AL VEHICULO QUE LE ANTECEDE.,CHOQUE POSTERIOR,CAMIONETA,0,0,0,0,1,0,0,0,0,0,0,0,1,2,29,HOMBRE,ILESO,CONDUCTOR PRESENTE,NO,NO,0
15402,48469,48470,2018,0,0,-0.206612,-78.489976,PICHINCHA,QUITO,QUITO,URBANA,2018-10-09,07:00:00,7,MARTES,2,OCTUBRE,10,SI,"FALLA MECANICA EN LOS SISTEMAS Y/O NEUMATICOS (SISTEMA DE FRENOS, DIRECCION, ELECTRONICO O MECANICO).",OTROS,AUTOMOVIL,1,0,0,0,1,0,0,0,0,0,0,0,0,2,77,MUJER,ILESO,PEATON,NO,NO,0
15403,48470,48471,2018,1,0,-0.144552,-78.472616,PICHINCHA,QUITO,QUITO,URBANA,2018-10-09,07:15:00,7,MARTES,2,OCTUBRE,10,SI,PEATON QUE CRUZA LA CALZADA SIN RESPETAR LA SENIALIZACION EXISTENTE (SEMAFOROS O SENIALES MANUALES).,ATROPELLOS,AUTOMOVIL,1,0,0,0,0,0,0,0,0,0,0,0,0,1,55,MUJER,LESIONADO,PEATON,NO,NO,0
15404,48471,48472,2018,1,0,-0.224001,-78.521019,PICHINCHA,QUITO,QUITO,URBANA,2018-10-09,07:15:00,7,MARTES,2,OCTUBRE,10,SI,NO TRANSITAR POR LAS ACERAS O ZONAS DE SEGURIDAD DESTINADAS PARA EL EFECTO.,ARROLLAMIENTOS,CAMIONETA,0,0,0,0,1,0,0,0,0,0,0,0,0,1,30,MUJER,LESIONADO,PEATON,NO,NO,0
15405,48472,48473,2018,1,0,-0.172251,-78.490752,PICHINCHA,QUITO,QUITO,URBANA,2018-10-09,07:30:00,7,MARTES,2,OCTUBRE,10,SI,NO GUARDAR LA DISTANCIA LATERAL MINIMA DE SEGURIDAD ENTRE VEHICULOS.,CHOQUE LATERAL,NO IDENTIFICADO,0,0,0,0,0,0,0,0,0,1,0,0,0,1,57,HOMBRE,LESIONADO,PASAJERO,NO,NO,0
15406,48475,48476,2018,0,0,-0.232247,-78.505135,PICHINCHA,QUITO,QUITO,URBANA,2018-10-09,08:11:00,8,MARTES,2,OCTUBRE,10,SI,NO RESPETAR LAS SENIALES MANUALES DEL AGENTE DE TRANSITO.,CHOQUE LATERAL,AUTOMOVIL,2,0,0,0,0,0,0,0,0,0,0,0,0,2,27,MUJER,ILESO,CONDUCTOR PRESENTE,NO,NO,0
15407,48478,48479,2018,1,0,-0.166604,-78.468353,PICHINCHA,QUITO,QUITO,URBANA,2018-10-09,10:15:00,10,MARTES,2,OCTUBRE,10,SI,NO MANTENER LA DISTANCIA PRUDENCIAL CON RESPECTO AL VEHICULO QUE LE ANTECEDE.,CHOQUE POSTERIOR,MOTOCICLETA,0,0,0,0,0,0,0,0,2,0,0,0,0,2,24,HOMBRE,LESIONADO,CONDUCTOR PRESENTE,NO,NO,0
15408,48479,48480,2018,0,0,-0.092156,-78.394901,PICHINCHA,QUITO,CALDERON (CARAPUNGO),RURAL,2018-10-09,10:15:00,10,MARTES,2,OCTUBRE,10,SI,"CONDUCIR DESATENTO A LAS CONDICIONES DE TRANSITO (CELULAR, PANTALLAS DE VIDEO, COMIDA, MAQUILLAJE O CUALQUIER OTRO ELEMENTO DISTRACTOR).",VOLCAMIENTOS,CAMION,0,0,0,1,0,0,0,0,0,0,0,0,0,1,32,HOMBRE,ILESO,CONDUCTOR PRESENTE,NO,NO,3
15409,48481,48482,2018,0,0,-0.191006,-78.486811,PICHINCHA,QUITO,QUITO,URBANA,2018-10-09,10:52:00,10,MARTES,2,OCTUBRE,10,SI,NO MANTENER LA DISTANCIA PRUDENCIAL CON RESPECTO AL VEHICULO QUE LE ANTECEDE.,CHOQUE POSTERIOR,AUTOMOVIL,2,0,0,0,0,0,0,0,0,0,0,0,0,2,65,HOMBRE,ILESO,CONDUCTOR PRESENTE,NO,NO,0
15410,48482,48483,2018,1,0,-0.210171,-78.485504,PICHINCHA,QUITO,QUITO,URBANA,2018-10-09,11:10:00,11,MARTES,2,OCTUBRE,10,SI,"CONDUCIR DESATENTO A LAS CONDICIONES DE TRANSITO (CELULAR, PANTALLAS DE VIDEO, COMIDA, MAQUILLAJE O CUALQUIER OTRO ELEMENTO DISTRACTOR).",CHOQUE LATERAL,AUTOMOVIL,2,0,0,0,0,0,0,0,0,0,0,0,0,2,77,HOMBRE,LESIONADO,PASAJERO,NO,NO,0
15411,48485,48486,2018,0,0,-0.088884,-78.439915,PICHINCHA,QUITO,CALDERON (CARAPUNGO),URBANA,2018-10-09,11:20:00,11,MARTES,2,OCTUBRE,10,SI,CONDUCIR VEHICULO SUPERANDO LOS LIMITES MAXIMOS DE VELOCIDAD.,CHOQUE LATERAL,FURGONETA,1,0,0,0,0,0,0,1,0,0,0,0,0,2,50,HOMBRE,ILESO,CONDUCTOR PRESENTE,NO,NO,0
15412,48494,48495,2018,2,0,-0.247737,-78.580183,PICHINCHA,QUITO,LLOA,URBANA,2018-10-09,13:30:00,13,MARTES,2,OCTUBRE,10,SI,NO GUARDAR LA DISTANCIA LATERAL MINIMA DE SEGURIDAD ENTRE VEHICULOS.,CHOQUE LATERAL,CAMIONETA,0,0,0,1,1,0,0,0,0,0,0,0,0,2,44,HOMBRE,LESIONADO,CONDUCTOR PRESENTE,NO,NO,0
15413,48497,48498,2018,0,0,-0.208002,-78.490274,PICHINCHA,QUITO,QUITO,URBANA,2018-10-09,14:48:00,14,MARTES,2,OCTUBRE,10,SI,"NO RESPETAR LAS SENIALES REGLAMENTARIAS DE TRANSITO. (PARE, CEDA EL PASO, LUZ ROJA DEL SEMAFORO, ETC).",CHOQUE LATERAL,BUS,1,0,1,0,0,0,0,0,0,0,0,0,0,2,48,HOMBRE,ILESO,CONDUCTOR PRESENTE,NO,NO,0
15414,48498,48499,2018,0,0,-0.109501,-78.458467,PICHINCHA,QUITO,CALDERON (CARAPUNGO),URBANA,2018-10-09,14:50:00,14,MARTES,2,OCTUBRE,10,SI,NO MANTENER LA DISTANCIA PRUDENCIAL CON RESPECTO AL VEHICULO QUE LE ANTECEDE.,CHOQUE POSTERIOR,AUTOMOVIL,1,0,0,1,0,0,0,0,0,0,0,0,0,2,38,HOMBRE,ILESO,CONDUCTOR PRESENTE,NO,NO,0
15415,48499,48500,2018,1,0,-0.121553,-78.510753,PICHINCHA,QUITO,QUITO,URBANA,2018-10-09,15:15:00,15,MARTES,2,OCTUBRE,10,SI,REALIZAR CAMBIO BRUSCO O INDEBIDO DE CARRIL.,CHOQUE LATERAL,MOTOCICLETA,0,0,0,0,0,0,0,0,1,0,0,0,0,1,25,HOMBRE,LESIONADO,CONDUCTOR PRESENTE,NO,NO,0
15416,48502,48503,2018,1,0,-0.186786,-78.495461,PICHINCHA,QUITO,QUITO,URBANA,2018-10-09,16:00:00,16,MARTES,2,OCTUBRE,10,SI,NO MANTENER LA DISTANCIA PRUDENCIAL CON RESPECTO AL VEHICULO QUE LE ANTECEDE.,CHOQUE POSTERIOR,MOTOCICLETA,1,0,0,0,0,0,0,0,1,0,0,0,0,2,34,HOMBRE,LESIONADO,CONDUCTOR PRESENTE,NO,NO,0
15417,48509,48510,2018,0,0,-0.158928,-78.483775,PICHINCHA,QUITO,QUITO,URBANA,2018-10-09,18:35:00,18,MARTES,2,OCTUBRE,10,SI,NO GUARDAR LA DISTANCIA LATERAL MINIMA DE SEGURIDAD ENTRE VEHICULOS.,CHOQUE LATERAL,AUTOMOVIL,2,0,0,0,0,0,0,0,0,0,0,0,0,2,35,HOMBRE,ILESO,CONDUCTOR PRESENTE,NO,NO,0
15418,48511,48512,2018,1,0,-0.318845,-78.545158,PICHINCHA,QUITO,QUITO,URBANA,2018-10-09,19:00:00,19,MARTES,2,OCTUBRE,10,SI,CONDUCIR VEHICULO SUPERANDO LOS LIMITES MAXIMOS DE VELOCIDAD.,CAIDA DE PASAJERO,NO IDENTIFICADO,0,0,0,0,0,0,0,0,0,1,0,0,0,1,60,MUJER,LESIONADO,PEATON,NO,NO,0
15419,48512,48513,2018,0,0,-0.130436,-78.484166,PICHINCHA,QUITO,QUITO,URBANA,2018-10-09,19:30:00,19,MARTES,2,OCTUBRE,10,SI,PEATON QUE CRUZA LA CALZADA SIN RESPETAR LA SENIALIZACION EXISTENTE (SEMAFOROS O SENIALES MANUALES).,ATROPELLOS,MOTOCICLETA,0,0,0,0,0,0,0,0,1,0,0,0,0,1,30,HOMBRE,ILESO,CONDUCTOR PRESENTE,NO,NO,0
15420,48517,48518,2018,1,0,-0.185146,-78.488763,PICHINCHA,QUITO,QUITO,URBANA,2018-10-09,21:14:00,21,MARTES,2,OCTUBRE,10,SI,NO TRANSITAR POR LAS ACERAS O ZONAS DE SEGURIDAD DESTINADAS PARA EL EFECTO.,ATROPELLOS,NO IDENTIFICADO,0,0,0,0,0,0,0,0,0,1,0,0,0,1,44,MUJER,LESIONADO,PEATON,NO,NO,0
15421,48519,48520,2018,2,0,-0.228105,-78.514531,PICHINCHA,QUITO,QUITO,URBANA,2018-10-10,00:10:00,0,MIERCOLES,3,OCTUBRE,10,NO,"CONDUCIR EN ESTADO DE SOMNOLENCIA O MALAS CONDICIONES FISICAS (SUENIO, CANSANCIO Y FATIGA).",ROZAMIENTOS,MOTOCICLETA,0,0,0,0,0,0,0,0,1,0,0,0,0,1,20,HOMBRE,LESIONADO,PASAJERO,NO,NO,0
15422,48520,48521,2018,1,0,-0.282706,-78.554325,PICHINCHA,QUITO,QUITO,URBANA,2018-10-10,00:30:00,0,MIERCOLES,3,OCTUBRE,10,NO,CONDUCIR VEHICULO SUPERANDO LOS LIMITES MAXIMOS DE VELOCIDAD.,ESTRELLAMIENTOS,MOTOCICLETA,0,0,0,0,0,0,0,0,1,0,0,0,0,1,35,HOMBRE,LESIONADO,CONDUCTOR PRESENTE,NO,NO,0
15423,48522,48523,2018,0,0,-0.222809,-78.532934,PICHINCHA,QUITO,QUITO,URBANA,2018-10-10,00:46:00,0,MIERCOLES,3,OCTUBRE,10,NO,NO MANTENER LA DISTANCIA PRUDENCIAL CON RESPECTO AL VEHICULO QUE LE ANTECEDE.,CHOQUE POSTERIOR,AUTOMOVIL,2,0,0,0,0,0,0,0,0,0,0,0,0,2,75,HOMBRE,ILESO,CONDUCTOR PRESENTE,NO,NO,0
15424,48526,48527,2018,1,0,-0.089176,-78.469701,PICHINCHA,QUITO,QUITO,URBANA,2018-10-10,02:25:00,2,MIERCOLES,3,OCTUBRE,10,NO,CONDUCIR VEHICULO SUPERANDO LOS LIMITES MAXIMOS DE VELOCIDAD.,PERDIDA DE PISTA,MOTOCICLETA,0,0,0,0,0,0,0,0,1,0,0,0,0,1,26,HOMBRE,LESIONADO,CONDUCTOR PRESENTE,NO,NO,0
15425,48527,48528,2018,1,0,-0.196669,-78.466599,PICHINCHA,QUITO,QUITO,URBANA,2018-10-10,03:15:00,3,MIERCOLES,3,OCTUBRE,10,NO,"CONDUCIR EN ESTADO DE SOMNOLENCIA O MALAS CONDICIONES FISICAS (SUENIO, CANSANCIO Y FATIGA).",ESTRELLAMIENTOS,MOTOCICLETA,0,0,0,0,0,0,0,0,1,0,0,0,0,1,31,HOMBRE,LESIONADO,CONDUCTOR PRESENTE,NO,NO,0
15426,48530,48531,2018,0,0,-0.214643,-78.516701,PICHINCHA,QUITO,QUITO,URBANA,2018-10-10,06:08:00,6,MIERCOLES,3,OCTUBRE,10,NO,NO GUARDAR LA DISTANCIA LATERAL MINIMA DE SEGURIDAD ENTRE VEHICULOS.,CHOQUE LATERAL,CAMION,1,0,0,1,0,0,0,0,0,0,0,0,0,2,28,HOMBRE,ILESO,CONDUCTOR PRESENTE,NO,NO,0
15427,48531,48532,2018,2,0,-0.212824,-78.402686,PICHINCHA,QUITO,TUMBACO,URBANA,2018-10-10,06:30:00,6,MIERCOLES,3,OCTUBRE,10,NO,"CONDUCIR DESATENTO A LAS CONDICIONES DE TRANSITO (CELULAR, PANTALLAS DE VIDEO, COMIDA, MAQUILLAJE O CUALQUIER OTRO ELEMENTO DISTRACTOR).",ESTRELLAMIENTOS,BUS,0,0,1,0,0,0,0,0,0,0,0,0,0,1,49,MUJER,LESIONADO,PASAJERO,NO,NO,0
15428,48532,48533,2018,1,1,-0.377651,-78.552364,PICHINCHA,MEJIA,CUTUGLAHUA,RURAL,2018-10-10,06:30:00,6,MIERCOLES,3,OCTUBRE,10,NO,NO GUARDAR LA DISTANCIA LATERAL MINIMA DE SEGURIDAD ENTRE VEHICULOS.,CHOQUE LATERAL,CAMION,0,0,1,1,0,0,0,0,0,0,0,0,1,3,45,MUJER,FALLECIDO,PASAJERO,NO,NO,3
15429,48536,48537,2018,1,0,-0.097992,-78.470302,PICHINCHA,QUITO,QUITO,URBANA,2018-10-10,07:50:00,7,MIERCOLES,3,OCTUBRE,10,NO,CONDUCIR VEHICULO SUPERANDO LOS LIMITES MAXIMOS DE VELOCIDAD.,CAIDA DE PASAJERO,NO IDENTIFICADO,0,0,0,0,0,0,0,0,0,1,0,0,0,1,26,HOMBRE,LESIONADO,PASAJERO,NO,NO,0
15430,48538,48539,2018,0,0,0.042759,-78.678989,PICHINCHA,QUITO,NANEGALITO,URBANA,2018-10-10,08:43:00,8,MIERCOLES,3,OCTUBRE,10,NO,"CASO FORTUITO O FUERZA MAYOR (EXPLOSION DE NEUMATICO NUEVO, DERRUMBE, INUNDACION, CAIDA DE PUENTE, ARBOL, PRESENCIA INTEMPESTIVA E IMPREVISTA DE SEMOVIENTES EN LA VIA, ETC.).",CHOQUE POSTERIOR,AUTOMOVIL,1,0,0,0,0,0,1,0,0,0,0,0,0,2,41,MUJER,ILESO,CONDUCTOR PRESENTE,NO,NO,0
15431,48540,48541,2018,0,0,-0.203326,-78.501871,PICHINCHA,QUITO,QUITO,URBANA,2018-10-10,08:59:00,8,MIERCOLES,3,OCTUBRE,10,NO,"CONDUCIR DESATENTO A LAS CONDICIONES DE TRANSITO (CELULAR, PANTALLAS DE VIDEO, COMIDA, MAQUILLAJE O CUALQUIER OTRO ELEMENTO DISTRACTOR).",CHOQUE LATERAL,AUTOMOVIL,1,1,0,0,0,0,0,0,0,0,0,0,0,2,21,HOMBRE,ILESO,CONDUCTOR PRESENTE,NO,NO,0
15432,48542,48543,2018,1,0,-0.206518,-78.494387,PICHINCHA,QUITO,QUITO,URBANA,2018-10-10,09:20:00,9,MIERCOLES,3,OCTUBRE,10,NO,CONDUCIR VEHICULO SUPERANDO LOS LIMITES MAXIMOS DE VELOCIDAD.,VOLCAMIENTOS,MOTOCICLETA,0,0,0,0,0,0,0,0,1,0,0,0,0,1,36,HOMBRE,LESIONADO,CONDUCTOR PRESENTE,NO,NO,0
15433,48543,48544,2018,0,0,-0.187109,-78.500017,PICHINCHA,QUITO,QUITO,URBANA,2018-10-10,09:30:00,9,MIERCOLES,3,OCTUBRE,10,NO,"NO RESPETAR LAS SENIALES REGLAMENTARIAS DE TRANSITO. (PARE, CEDA EL PASO, LUZ ROJA DEL SEMAFORO, ETC).",CHOQUE LATERAL,AUTOMOVIL,2,0,0,0,0,0,0,0,0,0,0,0,0,2,34,HOMBRE,ILESO,CONDUCTOR PRESENTE,NO,NO,0
15434,48546,48547,2018,1,0,-0.255541,-78.530844,PICHINCHA,QUITO,QUITO,URBANA,2018-10-10,10:30:00,10,MIERCOLES,3,OCTUBRE,10,NO,DEJAR O RECOGER PASAJEROS EN LUGARES NO PERMITIDOS.,CAIDA DE PASAJERO,CAMION,0,0,0,1,0,0,0,0,0,0,0,0,0,1,22,HOMBRE,LESIONADO,PASAJERO,NO,NO,0
15435,48551,48552,2018,1,0,-0.188493,-78.493014,PICHINCHA,QUITO,QUITO,URBANA,2018-10-10,12:30:00,12,MIERCOLES,3,OCTUBRE,10,NO,CONDUCIR VEHICULO SUPERANDO LOS LIMITES MAXIMOS DE VELOCIDAD.,PERDIDA DE PISTA,MOTOCICLETA,0,0,0,0,0,0,0,0,1,0,0,0,0,1,24,HOMBRE,LESIONADO,CONDUCTOR PRESENTE,NO,NO,0
15436,48553,48554,2018,1,0,-0.245278,-78.498167,PICHINCHA,QUITO,QUITO,URBANA,2018-10-10,13:15:00,13,MIERCOLES,3,OCTUBRE,10,NO,PEATON QUE CRUZA LA CALZADA SIN RESPETAR LA SENIALIZACION EXISTENTE (SEMAFOROS O SENIALES MANUALES).,ATROPELLOS,NO IDENTIFICADO,0,0,0,0,0,0,0,0,0,1,0,0,0,1,6,MUJER,LESIONADO,PEATON,NO,NO,0
15437,48554,48555,2018,0,0,-0.185501,-78.489758,PICHINCHA,QUITO,QUITO,URBANA,2018-10-10,13:20:00,13,MIERCOLES,3,OCTUBRE,10,NO,NO MANTENER LA DISTANCIA PRUDENCIAL CON RESPECTO AL VEHICULO QUE LE ANTECEDE.,CHOQUE POSTERIOR,AUTOMOVIL,1,0,0,0,0,0,0,0,0,0,0,0,0,1,42,HOMBRE,ILESO,CONDUCTOR PRESENTE,NO,NO,0
15438,48557,48558,2018,1,0,-0.227466,-78.507356,PICHINCHA,QUITO,QUITO,URBANA,2018-10-10,13:45:00,13,MIERCOLES,3,OCTUBRE,10,NO,NO TRANSITAR POR LAS ACERAS O ZONAS DE SEGURIDAD DESTINADAS PARA EL EFECTO.,ATROPELLOS,BUS,0,0,1,0,0,0,0,0,0,0,0,0,0,1,25,HOMBRE,LESIONADO,PEATON,NO,NO,0
15439,48561,48562,2018,1,0,-0.212824,-78.402686,PICHINCHA,QUITO,TUMBACO,URBANA,2018-10-10,14:30:00,14,MIERCOLES,3,OCTUBRE,10,NO,"CONDUCIR DESATENTO A LAS CONDICIONES DE TRANSITO (CELULAR, PANTALLAS DE VIDEO, COMIDA, MAQUILLAJE O CUALQUIER OTRO ELEMENTO DISTRACTOR).",ATROPELLOS,NO IDENTIFICADO,0,0,0,0,0,0,0,0,0,1,0,0,0,1,19,MUJER,LESIONADO,PEATON,NO,NO,0
15440,48563,48564,2018,1,0,-0.172251,-78.490752,PICHINCHA,QUITO,QUITO,URBANA,2018-10-10,14:50:00,14,MIERCOLES,3,OCTUBRE,10,NO,NO GUARDAR LA DISTANCIA LATERAL MINIMA DE SEGURIDAD ENTRE VEHICULOS.,CHOQUE LATERAL,MOTOCICLETA,0,0,0,0,0,0,0,0,1,0,0,0,0,1,24,HOMBRE,LESIONADO,CONDUCTOR PRESENTE,NO,NO,0
15441,48564,48565,2018,1,0,-0.200214,-78.479951,PICHINCHA,QUITO,QUITO,URBANA,2018-10-10,14:50:00,14,MIERCOLES,3,OCTUBRE,10,NO,CONDUCIR VEHICULO SUPERANDO LOS LIMITES MAXIMOS DE VELOCIDAD.,ATROPELLOS,NO IDENTIFICADO,0,0,0,0,0,0,0,0,0,1,0,0,0,1,60,HOMBRE,LESIONADO,PEATON,NO,NO,0
15442,48566,48567,2018,2,0,-0.105051,-78.496585,PICHINCHA,QUITO,QUITO,URBANA,2018-10-10,15:00:00,15,MIERCOLES,3,OCTUBRE,10,NO,"PEATON TRANSITA BAJO INFLUENCIA DE ALCOHOL, SUSTANCIAS ESTUPEFACIENTES O PSICOTROPICAS Y/O MEDICAMENTOS.",ATROPELLOS,MOTOCICLETA,0,0,0,0,0,0,0,0,1,0,0,0,0,1,22,HOMBRE,LESIONADO,CONDUCTOR PRESENTE,NO,NO,0
15443,48567,48568,2018,0,0,-0.191214,-78.486196,PICHINCHA,QUITO,QUITO,URBANA,2018-10-10,15:47:00,15,MIERCOLES,3,OCTUBRE,10,NO,NO GUARDAR LA DISTANCIA LATERAL MINIMA DE SEGURIDAD ENTRE VEHICULOS.,CHOQUE LATERAL,FURGONETA,1,0,0,0,0,0,0,1,0,0,0,0,0,2,24,HOMBRE,ILESO,CONDUCTOR PRESENTE,NO,NO,0
15444,48568,48569,2018,1,0,-0.153396,-78.484496,PICHINCHA,QUITO,QUITO,URBANA,2018-10-10,16:00:00,16,MIERCOLES,3,OCTUBRE,10,NO,CONDUCIR VEHICULO SUPERANDO LOS LIMITES MAXIMOS DE VELOCIDAD.,ATROPELLOS,NO IDENTIFICADO,0,0,0,0,0,0,0,0,0,1,0,0,0,1,22,HOMBRE,LESIONADO,PEATON,NO,NO,0
15445,48569,48570,2018,1,0,-0.270497,-78.551778,PICHINCHA,QUITO,QUITO,URBANA,2018-10-10,16:40:00,16,MIERCOLES,3,OCTUBRE,10,NO,NO CEDER EL DERECHO DE VIA O PREFERENCIA DE PASO AL PEATON.,ATROPELLOS,MOTOCICLETA,0,0,0,0,0,0,0,0,1,0,0,0,0,1,17,HOMBRE,LESIONADO,PEATON,NO,NO,0
15446,48571,48572,2018,0,0,-0.181101,-78.482513,PICHINCHA,QUITO,QUITO,URBANA,2018-10-10,17:10:00,17,MIERCOLES,3,OCTUBRE,10,NO,"NO RESPETAR LAS SENIALES REGLAMENTARIAS DE TRANSITO. (PARE, CEDA EL PASO, LUZ ROJA DEL SEMAFORO, ETC).",ESTRELLAMIENTOS,AUTOMOVIL,1,0,0,0,0,0,0,0,0,0,0,0,0,1,32,HOMBRE,ILESO,CONDUCTOR PRESENTE,NO,NO,0
15447,48573,48574,2018,1,0,-0.170233,-78.479892,PICHINCHA,QUITO,QUITO,URBANA,2018-10-10,17:51:00,17,MIERCOLES,3,OCTUBRE,10,NO,NO MANTENER LA DISTANCIA PRUDENCIAL CON RESPECTO AL VEHICULO QUE LE ANTECEDE.,CHOQUE POSTERIOR,MOTOCICLETA,0,0,0,0,0,0,0,0,1,0,0,0,0,1,48,HOMBRE,LESIONADO,CONDUCTOR PRESENTE,NO,NO,0
15448,48577,48578,2018,1,0,-0.175491,-78.477426,PICHINCHA,QUITO,QUITO,URBANA,2018-10-10,19:00:00,19,MIERCOLES,3,OCTUBRE,10,NO,NO TRANSITAR POR LAS ACERAS O ZONAS DE SEGURIDAD DESTINADAS PARA EL EFECTO.,ATROPELLOS,CAMIONETA,0,0,0,0,1,0,0,0,0,0,0,0,0,1,12,MUJER,LESIONADO,PEATON,NO,NO,0
15449,48578,48579,2018,1,0,-0.172498,-78.487861,PICHINCHA,QUITO,QUITO,URBANA,2018-10-10,19:00:00,19,MIERCOLES,3,OCTUBRE,10,NO,"NO RESPETAR LAS SENIALES REGLAMENTARIAS DE TRANSITO. (PARE, CEDA EL PASO, LUZ ROJA DEL SEMAFORO, ETC).",OTROS,NO IDENTIFICADO,0,0,0,0,0,0,0,0,0,1,0,0,0,1,37,HOMBRE,LESIONADO,PASAJERO,NO,NO,0
15450,48579,48580,2018,0,0,-0.084163,-78.418921,PICHINCHA,QUITO,CALDERON (CARAPUNGO),URBANA,2018-10-10,19:15:00,19,MIERCOLES,3,OCTUBRE,10,NO,"CONDUCE BAJO LA INFLUENCIA DE ALCOHOL, SUSTANCIAS ESTUPEFACIENTES O PSICOTROPICAS Y/O MEDICAMENTOS.",ESTRELLAMIENTOS,AUTOMOVIL,2,0,0,0,0,0,0,0,0,0,0,0,0,2,38,HOMBRE,ILESO,CONDUCTOR PRESENTE,NO,NO,0
15451,48586,48587,2018,0,0,-0.236296,-78.529921,PICHINCHA,QUITO,QUITO,URBANA,2018-10-10,20:50:00,20,MIERCOLES,3,OCTUBRE,10,NO,"CONDUCE BAJO LA INFLUENCIA DE ALCOHOL, SUSTANCIAS ESTUPEFACIENTES O PSICOTROPICAS Y/O MEDICAMENTOS.",CHOQUE LATERAL,AUTOMOVIL,2,0,0,0,0,0,0,0,0,0,0,0,0,2,39,HOMBRE,ILESO,CONDUCTOR PRESENTE,NO,NO,0
15452,48590,48591,2018,1,0,-0.141429,-78.482885,PICHINCHA,QUITO,QUITO,URBANA,2018-10-11,00:02:00,0,JUEVES,4,OCTUBRE,10,NO,NO GUARDAR LA DISTANCIA LATERAL MINIMA DE SEGURIDAD ENTRE VEHICULOS.,ROZAMIENTOS,MOTOCICLETA,0,0,0,0,0,0,0,0,1,0,0,0,0,1,34,HOMBRE,LESIONADO,CONDUCTOR PRESENTE,NO,NO,0
15453,48592,48593,2018,1,0,-0.305201,-78.543051,PICHINCHA,QUITO,QUITO,URBANA,2018-10-11,01:30:00,1,JUEVES,4,OCTUBRE,10,NO,CONDUCIR VEHICULO SUPERANDO LOS LIMITES MAXIMOS DE VELOCIDAD.,PERDIDA DE PISTA,MOTOCICLETA,0,0,0,0,0,0,0,0,1,0,0,0,0,1,30,HOMBRE,LESIONADO,PASAJERO,NO,NO,0
15454,48594,48595,2018,0,0,-0.241971,-78.506651,PICHINCHA,QUITO,QUITO,URBANA,2018-10-11,02:25:00,2,JUEVES,4,OCTUBRE,10,NO,CONDUCIR VEHICULO SUPERANDO LOS LIMITES MAXIMOS DE VELOCIDAD.,ESTRELLAMIENTOS,AUTOMOVIL,1,0,0,0,0,0,0,0,0,0,0,0,0,1,-1,NO IDENTIFICADO,NO IDENTIFICADO,CONDUCTOR AUSENTE,NO,NO,2