,Unnamed: 0,ID,ANIO,LESIONADOS,FALLECIDOS,LATITUD_Y,LONGITUD_X,PROVINCIA,CANTON,PARROQUIA,ZONA,FECHA,HORA,PERIODO_2,DIA_1,DIA_2,MES_1,MES_2,FERIADO,CAUSA_PROBABLE,TIPO_DE_SINIESTRO,TIPO_DE_VEHICULO_1,AUTOMOVIL,BICICLETA,BUS,CAMION,CAMIONETA,EMERGENCIAS,ESPECIAL,FURGONETA,MOTOCICLETA,NO_IDENTIFICADO,SCOOTER_ELECTRICO,TRICIMOTO,VEHICULO_DEPORTIVO_UTILITARIO,SUMA_DE_VEHICULOS,EDAD_1,SEXO_1,CONDICION_1,PARTICIPANTE_1,CASCO_1,CINTURON_1,KMeans_Cluster
15513,48767,48768,2018,1,0,-0.089176,-78.469701,PICHINCHA,QUITO,QUITO,URBANA,2018-10-13,12:00:00,12,SABADO,6,OCTUBRE,10,NO,DEJAR O RECOGER PASAJEROS EN LUGARES NO PERMITIDOS.,CAIDA DE PASAJERO,BUS,0,0,1,0,0,0,0,0,0,0,0,0,0,1,41,MUJER,LESIONADO,PASAJERO,NO,NO,0
15514,48768,48769,2018,0,0,-0.211998,-78.502981,PICHINCHA,QUITO,QUITO,URBANA,2018-10-13,12:00:00,12,SABADO,6,OCTUBRE,10,NO,"NO RESPETAR LAS SENIALES REGLAMENTARIAS DE TRANSITO. (PARE, CEDA EL PASO, LUZ ROJA DEL SEMAFORO, ETC).",ESTRELLAMIENTOS,BUS,1,0,1,0,0,0,0,0,0,0,0,0,0,2,32,HOMBRE,ILESO,CONDUCTOR PRESENTE,NO,NO,0
15515,48769,48770,2018,1,0,-0.328479,-78.522294,PICHINCHA,QUITO,QUITO,URBANA,2018-10-13,12:40:00,12,SABADO,6,OCTUBRE,10,NO,CONDUCIR VEHICULO SUPERANDO LOS LIMITES MAXIMOS DE VELOCIDAD.,PERDIDA DE PISTA,MOTOCICLETA,0,0,0,0,0,0,0,0,1,0,0,0,0,1,17,HOMBRE,LESIONADO,CONDUCTOR PRESENTE,NO,NO,0
15516,48775,48776,2018,0,0,-0.064334,-78.429354,PICHINCHA,QUITO,CALDERON (CARAPUNGO),URBANA,2018-10-13,15:30:00,15,SABADO,6,OCTUBRE,10,NO,"CONDUCE BAJO LA INFLUENCIA DE ALCOHOL, SUSTANCIAS ESTUPEFACIENTES O PSICOTROPICAS Y/O MEDICAMENTOS.",ESTRELLAMIENTOS,CAMION,0,0,0,1,0,0,0,0,0,0,0,0,0,1,44,HOMBRE,ILESO,CONDUCTOR PRESENTE,NO,NO,0
15517,48782,48783,2018,0,0,-0.205804,-78.493837,PICHINCHA,QUITO,QUITO,URBANA,2018-10-13,16:55:00,16,SABADO,6,OCTUBRE,10,NO,"CONDUCIR DESATENTO A LAS CONDICIONES DE TRANSITO (CELULAR, PANTALLAS DE VIDEO, COMIDA, MAQUILLAJE O CUALQUIER OTRO ELEMENTO DISTRACTOR).",ESTRELLAMIENTOS,MOTOCICLETA,1,0,0,0,0,0,0,0,1,0,0,0,0,2,23,HOMBRE,ILESO,CONDUCTOR PRESENTE,NO,NO,0
15518,48785,48786,2018,0,0,-0.163612,-78.475692,PICHINCHA,QUITO,QUITO,URBANA,2018-10-13,18:15:00,18,SABADO,6,OCTUBRE,10,NO,NO MANTENER LA DISTANCIA PRUDENCIAL CON RESPECTO AL VEHICULO QUE LE ANTECEDE.,COLISION,AUTOMOVIL,1,0,0,0,0,0,0,0,0,2,0,0,0,3,38,HOMBRE,ILESO,CONDUCTOR PRESENTE,NO,NO,0
15519,48793,48794,2018,0,1,-0.119551,-78.506962,PICHINCHA,QUITO,QUITO,URBANA,2018-10-13,20:37:00,20,SABADO,6,OCTUBRE,10,NO,NO CEDER EL DERECHO DE VIA O PREFERENCIA DE PASO AL PEATON.,ATROPELLOS,NO IDENTIFICADO,0,0,0,0,0,0,0,0,0,1,0,0,0,1,68,HOMBRE,FALLECIDO,PEATON,NO,NO,0
15520,48799,48800,2018,0,0,-0.119717,-78.502436,PICHINCHA,QUITO,QUITO,URBANA,2018-10-13,21:50:00,21,SABADO,6,OCTUBRE,10,NO,"CONDUCE BAJO LA INFLUENCIA DE ALCOHOL, SUSTANCIAS ESTUPEFACIENTES O PSICOTROPICAS Y/O MEDICAMENTOS.",ESTRELLAMIENTOS,AUTOMOVIL,1,0,0,0,0,0,0,0,0,0,0,0,0,1,38,HOMBRE,ILESO,CONDUCTOR PRESENTE,NO,NO,0
15521,48800,48801,2018,0,0,-0.184064,-78.479043,PICHINCHA,QUITO,QUITO,URBANA,2018-10-13,22:09:00,22,SABADO,6,OCTUBRE,10,NO,"NO RESPETAR LAS SENIALES REGLAMENTARIAS DE TRANSITO. (PARE, CEDA EL PASO, LUZ ROJA DEL SEMAFORO, ETC).",ESTRELLAMIENTOS,AUTOMOVIL,1,0,0,0,0,0,0,0,0,0,0,0,0,1,26,HOMBRE,ILESO,CONDUCTOR PRESENTE,NO,NO,0
15522,48808,48809,2018,2,0,-0.163071,-78.495461,PICHINCHA,QUITO,QUITO,URBANA,2018-10-14,01:50:00,1,DOMINGO,7,OCTUBRE,10,NO,CONDUCIR VEHICULO SUPERANDO LOS LIMITES MAXIMOS DE VELOCIDAD.,ESTRELLAMIENTOS,NO IDENTIFICADO,0,0,0,0,0,0,0,0,0,1,0,0,0,1,23,MUJER,LESIONADO,PASAJERO,NO,NO,0
15523,48813,48814,2018,0,0,-0.152638,-78.489422,PICHINCHA,QUITO,QUITO,URBANA,2018-10-14,02:30:00,2,DOMINGO,7,OCTUBRE,10,NO,CONDUCIR VEHICULO SUPERANDO LOS LIMITES MAXIMOS DE VELOCIDAD.,ESTRELLAMIENTOS,AUTOMOVIL,1,0,0,0,0,0,0,0,0,0,0,0,0,1,34,HOMBRE,ILESO,CONDUCTOR PRESENTE,NO,NO,0
15524,48822,48823,2018,0,0,-0.193223,-78.476871,PICHINCHA,QUITO,QUITO,URBANA,2018-10-14,04:10:00,4,DOMINGO,7,OCTUBRE,10,NO,"NO RESPETAR LAS SENIALES REGLAMENTARIAS DE TRANSITO. (PARE, CEDA EL PASO, LUZ ROJA DEL SEMAFORO, ETC).",ESTRELLAMIENTOS,AUTOMOVIL,1,0,0,0,0,0,0,0,0,0,0,0,0,1,-1,NO IDENTIFICADO,NO IDENTIFICADO,CONDUCTOR AUSENTE,NO,NO,2
15525,48828,48829,2018,1,0,-0.212824,-78.402686,PICHINCHA,QUITO,TUMBACO,URBANA,2018-10-14,05:10:00,5,DOMINGO,7,OCTUBRE,10,NO,"CONDUCE BAJO LA INFLUENCIA DE ALCOHOL, SUSTANCIAS ESTUPEFACIENTES O PSICOTROPICAS Y/O MEDICAMENTOS.",CHOQUE POSTERIOR,AUTOMOVIL,1,0,0,0,1,0,0,0,0,0,0,0,0,2,57,MUJER,LESIONADO,PASAJERO,NO,NO,0
15526,48834,48835,2018,1,0,-0.304714,-78.416503,PICHINCHA,QUITO,ALANGASI,URBANA,2018-10-14,05:47:00,5,DOMINGO,7,OCTUBRE,10,NO,NO GUARDAR LA DISTANCIA LATERAL MINIMA DE SEGURIDAD ENTRE VEHICULOS.,CHOQUE LATERAL,AUTOMOVIL,1,0,0,0,0,0,0,0,0,1,0,0,0,2,22,HOMBRE,LESIONADO,PASAJERO,NO,NO,0
15527,48835,48836,2018,1,0,-0.260629,-78.546185,PICHINCHA,QUITO,QUITO,URBANA,2018-10-14,05:50:00,5,DOMINGO,7,OCTUBRE,10,NO,NO TRANSITAR POR LAS ACERAS O ZONAS DE SEGURIDAD DESTINADAS PARA EL EFECTO.,ATROPELLOS,NO IDENTIFICADO,0,0,0,0,0,0,0,0,0,1,0,0,0,1,85,HOMBRE,LESIONADO,PEATON,NO,NO,0
15528,48839,48840,2018,0,0,-0.293247,-78.542017,PICHINCHA,QUITO,QUITO,URBANA,2018-10-14,06:10:00,6,DOMINGO,7,OCTUBRE,10,NO,NO MANTENER LA DISTANCIA PRUDENCIAL CON RESPECTO AL VEHICULO QUE LE ANTECEDE.,CHOQUE POSTERIOR,MOTOCICLETA,1,0,0,0,0,0,0,0,1,0,0,0,0,2,20,HOMBRE,ILESO,PASAJERO,NO,NO,0
15529,48847,48848,2018,0,0,-0.104643,-78.453801,PICHINCHA,QUITO,CALDERON (CARAPUNGO),URBANA,2018-10-14,08:20:00,8,DOMINGO,7,OCTUBRE,10,NO,"NO RESPETAR LAS SENIALES REGLAMENTARIAS DE TRANSITO. (PARE, CEDA EL PASO, LUZ ROJA DEL SEMAFORO, ETC).",CHOQUE LATERAL,AUTOMOVIL,2,0,0,0,0,0,0,0,0,0,0,0,0,2,29,HOMBRE,ILESO,CONDUCTOR PRESENTE,NO,NO,0
15530,48853,48854,2018,1,0,-0.185623,-78.343085,PICHINCHA,QUITO,TABABELA,URBANA,2018-10-14,09:12:00,9,DOMINGO,7,OCTUBRE,10,NO,"NO RESPETAR LAS SENIALES REGLAMENTARIAS DE TRANSITO. (PARE, CEDA EL PASO, LUZ ROJA DEL SEMAFORO, ETC).",OTROS,NO IDENTIFICADO,0,0,0,0,0,0,0,0,0,1,0,0,0,1,23,HOMBRE,LESIONADO,PEATON,NO,NO,0
15531,48855,48856,2018,1,0,-0.127422,-78.511843,PICHINCHA,QUITO,QUITO,URBANA,2018-10-14,10:00:00,10,DOMINGO,7,OCTUBRE,10,NO,"CONDUCE BAJO LA INFLUENCIA DE ALCOHOL, SUSTANCIAS ESTUPEFACIENTES O PSICOTROPICAS Y/O MEDICAMENTOS.",ATROPELLOS,AUTOMOVIL,1,0,0,0,0,0,0,0,0,0,0,0,0,1,55,HOMBRE,LESIONADO,PEATON,NO,NO,0
15532,48856,48857,2018,0,0,-0.123564,-78.503311,PICHINCHA,QUITO,QUITO,URBANA,2018-10-14,10:23:00,10,DOMINGO,7,OCTUBRE,10,NO,NO MANTENER LA DISTANCIA PRUDENCIAL CON RESPECTO AL VEHICULO QUE LE ANTECEDE.,COLISION,AUTOMOVIL,3,0,0,0,0,0,0,0,0,0,0,0,0,3,48,MUJER,ILESO,CONDUCTOR PRESENTE,NO,NO,0
15533,48859,48860,2018,1,0,0.035281,-78.147472,PICHINCHA,CAYAMBE,CAYAMBE,URBANA,2018-10-14,10:50:00,10,DOMINGO,7,OCTUBRE,10,NO,NO GUARDAR LA DISTANCIA LATERAL MINIMA DE SEGURIDAD ENTRE VEHICULOS.,CHOQUE LATERAL,NO IDENTIFICADO,0,0,0,0,0,0,0,0,0,1,0,0,0,1,18,HOMBRE,LESIONADO,CONDUCTOR PRESENTE,NO,NO,0
15534,48860,48861,2018,3,0,-0.031184,-78.453297,PICHINCHA,QUITO,SAN ANTONIO (QUITO),URBANA,2018-10-14,11:00:00,11,DOMINGO,7,OCTUBRE,10,NO,"MAL ESTACIONADO - EL CONDUCTOR QUE DETENGA O ESTACIONE VEHICULOS EN SITIOS O ZONAS QUE ENTRANIEN PELIGRO, TALES COMO ZONA DE SEGURIDAD, CURVAS, PUENTES, TUNELES, PENDIENTES.",PERDIDA DE PISTA,NO IDENTIFICADO,0,0,0,0,0,0,0,0,0,1,0,0,0,1,78,HOMBRE,LESIONADO,PEATON,NO,NO,0
15535,48869,48870,2018,1,0,-0.172321,-78.488891,PICHINCHA,QUITO,QUITO,URBANA,2018-10-14,14:30:00,14,DOMINGO,7,OCTUBRE,10,NO,NO MANTENER LA DISTANCIA PRUDENCIAL CON RESPECTO AL VEHICULO QUE LE ANTECEDE.,CHOQUE POSTERIOR,AUTOMOVIL,2,0,0,0,0,0,0,0,0,0,0,0,0,2,31,HOMBRE,LESIONADO,CONDUCTOR PRESENTE,NO,NO,0
15536,48871,48872,2018,0,0,-0.030959,-78.453147,PICHINCHA,QUITO,SAN ANTONIO (QUITO),URBANA,2018-10-14,14:30:00,14,DOMINGO,7,OCTUBRE,10,NO,DANIOS MECANICOS PREVISIBLES.,COLISION,VEHICULO DEPORTIVO UTILITARIO,0,0,0,0,0,0,0,0,0,0,0,0,3,3,80,HOMBRE,ILESO,CONDUCTOR PRESENTE,NO,NO,0
15537,48881,48882,2018,1,0,-0.331976,-78.552819,PICHINCHA,QUITO,QUITO,URBANA,2018-10-14,18:00:00,18,DOMINGO,7,OCTUBRE,10,NO,NO CEDER EL DERECHO DE VIA O PREFERENCIA DE PASO AL PEATON.,ATROPELLOS,NO IDENTIFICADO,0,0,0,0,0,0,0,0,0,1,0,0,0,1,28,MUJER,LESIONADO,PEATON,NO,NO,0
15538,48884,48885,2018,0,0,-0.224383,-78.496888,PICHINCHA,QUITO,QUITO,URBANA,2018-10-14,18:20:00,18,DOMINGO,7,OCTUBRE,10,NO,DANIOS MECANICOS PREVISIBLES.,ESTRELLAMIENTOS,AUTOMOVIL,1,0,0,0,0,0,0,0,0,0,0,0,0,1,-1,NO IDENTIFICADO,NO IDENTIFICADO,CONDUCTOR AUSENTE,NO,NO,2
15539,48885,48886,2018,2,0,-0.340787,-78.550033,PICHINCHA,QUITO,QUITO,URBANA,2018-10-14,18:45:00,18,DOMINGO,7,OCTUBRE,10,NO,NO TRANSITAR POR LAS ACERAS O ZONAS DE SEGURIDAD DESTINADAS PARA EL EFECTO.,ATROPELLOS,NO IDENTIFICADO,0,0,0,0,0,0,0,0,0,1,0,0,0,1,18,MUJER,LESIONADO,PEATON,NO,NO,0
15540,48890,48891,2018,1,0,-0.289522,-78.538473,PICHINCHA,QUITO,QUITO,URBANA,2018-10-14,20:10:00,20,DOMINGO,7,OCTUBRE,10,NO,"CONDUCE BAJO LA INFLUENCIA DE ALCOHOL, SUSTANCIAS ESTUPEFACIENTES O PSICOTROPICAS Y/O MEDICAMENTOS.",CHOQUE LATERAL,AUTOMOVIL,2,0,0,0,0,0,0,0,0,0,0,0,0,2,40,HOMBRE,LESIONADO,CONDUCTOR PRESENTE,NO,NO,0
15541,48895,48896,2018,0,0,-0.182997,-78.503721,PICHINCHA,QUITO,QUITO,URBANA,2018-10-14,21:40:00,21,DOMINGO,7,OCTUBRE,10,NO,"FALLA MECANICA EN LOS SISTEMAS Y/O NEUMATICOS (SISTEMA DE FRENOS, DIRECCION, ELECTRONICO O MECANICO).",VOLCAMIENTOS,MOTOCICLETA,0,0,0,0,0,0,0,0,1,0,0,0,0,1,22,HOMBRE,ILESO,CONDUCTOR PRESENTE,NO,NO,0
15542,48908,48909,2018,1,0,-0.295604,-78.561141,PICHINCHA,QUITO,QUITO,URBANA,2018-10-15,06:40:00,6,LUNES,1,OCTUBRE,10,NO,CONDUCIR VEHICULO SUPERANDO LOS LIMITES MAXIMOS DE VELOCIDAD.,ATROPELLOS,AUTOMOVIL,1,0,0,0,0,0,0,0,0,0,0,0,0,1,11,MUJER,LESIONADO,PEATON,NO,NO,0
15543,48910,48911,2018,2,0,-0.281961,-78.574846,PICHINCHA,QUITO,QUITO,URBANA,2018-10-15,06:45:00,6,LUNES,1,OCTUBRE,10,NO,"PRESENCIA DE AGENTES EXTERNOS EN LA VIA (AGUA, ACEITE, PIEDRA, LASTRE, ESCOMBROS, MADEROS, ETC.).",VOLCAMIENTOS,MOTOCICLETA,0,0,0,0,0,0,0,0,1,0,0,0,0,1,37,HOMBRE,LESIONADO,CONDUCTOR PRESENTE,NO,NO,0
15544,48911,48912,2018,0,0,-0.089185,-78.428042,PICHINCHA,QUITO,CALDERON (CARAPUNGO),URBANA,2018-10-15,07:30:00,7,LUNES,1,OCTUBRE,10,NO,"ADELANTAR O REBASAR A OTRO VEHICULO EN MOVIMIENTO EN ZONAS O SITIOS PELIGROSOS TALES COMO: CURVAS, PUENTES, TUNELES, PENDIENTES, ETC.",ROZAMIENTOS,CAMION,1,0,0,1,0,0,0,0,0,0,0,0,0,2,35,HOMBRE,ILESO,CONDUCTOR PRESENTE,NO,NO,0
15545,48914,48915,2018,1,0,-0.129197,-78.502316,PICHINCHA,QUITO,QUITO,URBANA,2018-10-15,07:45:00,7,LUNES,1,OCTUBRE,10,NO,NO GUARDAR LA DISTANCIA LATERAL MINIMA DE SEGURIDAD ENTRE VEHICULOS.,ROZAMIENTOS,CAMIONETA,1,0,0,0,1,0,0,0,0,0,0,0,0,2,27,MUJER,LESIONADO,PASAJERO,NO,NO,0
15546,48915,48916,2018,0,0,-0.123707,-78.497197,PICHINCHA,QUITO,QUITO,URBANA,2018-10-15,08:00:00,8,LUNES,1,OCTUBRE,10,NO,"CONDUCIR EN ESTADO DE SOMNOLENCIA O MALAS CONDICIONES FISICAS (SUENIO, CANSANCIO Y FATIGA).",CHOQUE LATERAL,AUTOMOVIL,2,0,0,0,1,0,0,0,0,0,0,0,0,3,26,HOMBRE,ILESO,CONDUCTOR PRESENTE,NO,NO,0
15547,48917,48918,2018,0,0,-0.129434,-78.502995,PICHINCHA,QUITO,QUITO,URBANA,2018-10-15,09:30:00,9,LUNES,1,OCTUBRE,10,NO,DANIOS MECANICOS PREVISIBLES.,COLISION,AUTOMOVIL,2,0,0,0,1,0,0,0,0,0,0,0,0,3,45,MUJER,ILESO,CONDUCTOR PRESENTE,NO,NO,0
15548,48918,48919,2018,0,0,-0.284269,-78.518971,PICHINCHA,QUITO,QUITO,URBANA,2018-10-15,10:00:00,10,LUNES,1,OCTUBRE,10,NO,CONDUCIR VEHICULO SUPERANDO LOS LIMITES MAXIMOS DE VELOCIDAD.,ESTRELLAMIENTOS,AUTOMOVIL,1,0,0,0,0,0,0,0,0,0,0,0,0,1,24,HOMBRE,ILESO,CONDUCTOR PRESENTE,NO,NO,0
15549,48923,48924,2018,1,0,-0.185159,-78.498993,PICHINCHA,QUITO,QUITO,URBANA,2018-10-15,12:20:00,12,LUNES,1,OCTUBRE,10,NO,NO TRANSITAR POR LAS ACERAS O ZONAS DE SEGURIDAD DESTINADAS PARA EL EFECTO.,ATROPELLOS,AUTOMOVIL,1,0,0,0,0,0,0,0,0,0,0,0,0,1,31,MUJER,LESIONADO,PEATON,NO,NO,0
15550,48927,48928,2018,1,0,-0.196705,-78.489415,PICHINCHA,QUITO,QUITO,URBANA,2018-10-15,13:40:00,13,LUNES,1,OCTUBRE,10,NO,DEJAR O RECOGER PASAJEROS EN LUGARES NO PERMITIDOS.,CAIDA DE PASAJERO,NO IDENTIFICADO,0,0,0,0,0,0,0,0,0,1,0,0,0,1,20,HOMBRE,LESIONADO,PASAJERO,NO,NO,0
15551,48934,48935,2018,0,0,-0.223461,-78.515566,PICHINCHA,QUITO,QUITO,URBANA,2018-10-15,15:47:00,15,LUNES,1,OCTUBRE,10,NO,REALIZAR CAMBIO BRUSCO O INDEBIDO DE CARRIL.,ESTRELLAMIENTOS,AUTOMOVIL,1,0,0,0,0,0,0,0,0,0,0,0,0,1,-1,NO IDENTIFICADO,NO IDENTIFICADO,CONDUCTOR AUSENTE,NO,NO,2
15552,48949,48950,2018,1,0,-0.145673,-78.461213,PICHINCHA,QUITO,QUITO,URBANA,2018-10-15,19:30:00,19,LUNES,1,OCTUBRE,10,NO,"FALLA MECANICA EN LOS SISTEMAS Y/O NEUMATICOS (SISTEMA DE FRENOS, DIRECCION, ELECTRONICO O MECANICO).",PERDIDA DE PISTA,NO IDENTIFICADO,0,0,0,0,0,0,0,0,0,1,0,0,0,1,42,HOMBRE,LESIONADO,PASAJERO,NO,NO,0
15553,48953,48954,2018,1,0,-0.206821,-78.486191,PICHINCHA,QUITO,QUITO,URBANA,2018-10-15,20:00:00,20,LUNES,1,OCTUBRE,10,NO,"PRESENCIA DE AGENTES EXTERNOS EN LA VIA (AGUA, ACEITE, PIEDRA, LASTRE, ESCOMBROS, MADEROS, ETC.).",VOLCAMIENTOS,NO IDENTIFICADO,0,0,0,0,0,0,0,0,0,1,0,0,0,1,35,HOMBRE,LESIONADO,CONDUCTOR PRESENTE,NO,NO,0
15554,48958,48959,2018,0,0,-0.105373,-78.462381,PICHINCHA,QUITO,QUITO,URBANA,2018-10-15,20:56:00,20,LUNES,1,OCTUBRE,10,NO,NO MANTENER LA DISTANCIA PRUDENCIAL CON RESPECTO AL VEHICULO QUE LE ANTECEDE.,COLISION,AUTOMOVIL,3,0,0,0,0,0,0,0,0,0,0,0,0,3,35,HOMBRE,ILESO,CONDUCTOR PRESENTE,NO,NO,0
15555,48966,48967,2018,0,0,-0.218399,-78.512366,PICHINCHA,QUITO,QUITO,URBANA,2018-10-16,06:00:00,6,MARTES,2,OCTUBRE,10,NO,"NO RESPETAR LAS SENIALES REGLAMENTARIAS DE TRANSITO. (PARE, CEDA EL PASO, LUZ ROJA DEL SEMAFORO, ETC).",CHOQUE LATERAL,CAMIONETA,1,0,0,0,1,0,0,0,0,0,0,0,0,2,31,HOMBRE,ILESO,CONDUCTOR PRESENTE,NO,NO,0
15556,48969,48970,2018,0,0,-0.239082,-78.523432,PICHINCHA,QUITO,QUITO,URBANA,2018-10-16,06:27:00,6,MARTES,2,OCTUBRE,10,NO,NO MANTENER LA DISTANCIA PRUDENCIAL CON RESPECTO AL VEHICULO QUE LE ANTECEDE.,COLISION,FURGONETA,2,0,0,0,0,0,0,1,0,0,0,0,0,3,41,MUJER,ILESO,CONDUCTOR PRESENTE,NO,NO,0
15557,48973,48974,2018,1,0,-0.113694,-78.479276,PICHINCHA,QUITO,QUITO,URBANA,2018-10-16,07:25:00,7,MARTES,2,OCTUBRE,10,NO,"NO RESPETAR LAS SENIALES REGLAMENTARIAS DE TRANSITO. (PARE, CEDA EL PASO, LUZ ROJA DEL SEMAFORO, ETC).",ATROPELLOS,NO IDENTIFICADO,0,0,0,0,0,0,0,0,0,1,0,0,0,1,35,HOMBRE,LESIONADO,PEATON,NO,NO,0
15558,48977,48978,2018,0,0,-0.159695,-78.446361,PICHINCHA,QUITO,NAYON,URBANA,2018-10-16,08:45:00,8,MARTES,2,OCTUBRE,10,NO,"PRESENCIA DE AGENTES EXTERNOS EN LA VIA (AGUA, ACEITE, PIEDRA, LASTRE, ESCOMBROS, MADEROS, ETC.).",PERDIDA DE PISTA,MOTOCICLETA,0,0,0,0,0,0,0,0,1,0,0,0,0,1,40,HOMBRE,ILESO,CONDUCTOR PRESENTE,NO,NO,0
15559,48981,48982,2018,0,0,-0.279539,-78.558061,PICHINCHA,QUITO,QUITO,URBANA,2018-10-16,09:40:00,9,MARTES,2,OCTUBRE,10,NO,CONDUCIR VEHICULO SUPERANDO LOS LIMITES MAXIMOS DE VELOCIDAD.,CHOQUE LATERAL,AUTOMOVIL,2,0,0,0,0,0,0,0,0,0,0,0,0,2,46,HOMBRE,ILESO,CONDUCTOR PRESENTE,NO,NO,0
15560,48984,48985,2018,0,1,-0.234449,-78.491584,PICHINCHA,QUITO,QUITO,URBANA,2018-10-16,10:14:00,10,MARTES,2,OCTUBRE,10,NO,NO CEDER EL DERECHO DE VIA O PREFERENCIA DE PASO AL PEATON.,ATROPELLOS,AUTOMOVIL,1,0,0,0,0,0,0,0,0,0,0,0,0,1,46,HOMBRE,FALLECIDO,PEATON,NO,NO,0
15561,48986,48987,2018,0,0,-0.163526,-78.496228,PICHINCHA,QUITO,QUITO,URBANA,2018-10-16,11:15:00,11,MARTES,2,OCTUBRE,10,NO,"FALLA MECANICA EN LOS SISTEMAS Y/O NEUMATICOS (SISTEMA DE FRENOS, DIRECCION, ELECTRONICO O MECANICO).",OTROS,MOTOCICLETA,0,0,0,0,0,0,0,0,1,0,0,0,0,1,-1,NO IDENTIFICADO,NO IDENTIFICADO,CONDUCTOR AUSENTE,NO,NO,2
15562,48998,48999,2018,0,0,-0.203827,-78.502028,PICHINCHA,QUITO,QUITO,URBANA,2018-10-16,14:55:00,14,MARTES,2,OCTUBRE,10,NO,"NO RESPETAR LAS SENIALES REGLAMENTARIAS DE TRANSITO. (PARE, CEDA EL PASO, LUZ ROJA DEL SEMAFORO, ETC).",CHOQUE LATERAL,CAMIONETA,0,0,0,0,2,0,0,0,0,0,0,0,0,2,48,HOMBRE,ILESO,CONDUCTOR PRESENTE,NO,NO,0
15563,49004,49005,2018,0,0,-0.147155,-78.495493,PICHINCHA,QUITO,QUITO,URBANA,2018-10-16,15:15:00,15,MARTES,2,OCTUBRE,10,NO,"NO RESPETAR LAS SENIALES REGLAMENTARIAS DE TRANSITO. (PARE, CEDA EL PASO, LUZ ROJA DEL SEMAFORO, ETC).",CHOQUE LATERAL,CAMIONETA,1,0,0,0,1,0,0,0,0,0,0,0,0,2,37,HOMBRE,ILESO,CONDUCTOR PRESENTE,NO,NO,0
15564,49008,49009,2018,0,0,-0.129185,-78.501501,PICHINCHA,QUITO,QUITO,URBANA,2018-10-16,16:30:00,16,MARTES,2,OCTUBRE,10,NO,CONDUCIR VEHICULO SUPERANDO LOS LIMITES MAXIMOS DE VELOCIDAD.,PERDIDA DE PISTA,CAMIONETA,0,0,0,0,2,0,0,0,0,0,0,0,0,2,41,HOMBRE,ILESO,CONDUCTOR PRESENTE,NO,NO,0
15565,49012,49013,2018,1,0,-0.220719,-78.512021,PICHINCHA,QUITO,QUITO,URBANA,2018-10-16,17:40:00,17,MARTES,2,OCTUBRE,10,NO,NO TRANSITAR POR LAS ACERAS O ZONAS DE SEGURIDAD DESTINADAS PARA EL EFECTO.,ATROPELLOS,AUTOMOVIL,1,0,0,0,0,0,0,0,0,0,0,0,0,1,80,MUJER,LESIONADO,PEATON,NO,NO,0
15566,49020,49021,2018,1,0,-0.286392,-78.537859,PICHINCHA,QUITO,QUITO,URBANA,2018-10-16,21:45:00,21,MARTES,2,OCTUBRE,10,NO,NO CEDER EL DERECHO DE VIA O PREFERENCIA DE PASO AL PEATON.,ATROPELLOS,NO IDENTIFICADO,0,0,0,0,0,0,0,0,0,1,0,0,0,1,65,HOMBRE,LESIONADO,PEATON,NO,NO,0
15567,49022,49023,2018,0,0,-0.126486,-78.477887,PICHINCHA,QUITO,QUITO,URBANA,2018-10-16,23:15:00,23,MARTES,2,OCTUBRE,10,NO,CONDUCIR VEHICULO SUPERANDO LOS LIMITES MAXIMOS DE VELOCIDAD.,CHOQUE POSTERIOR,AUTOMOVIL,2,0,0,0,0,0,0,0,0,0,0,0,0,2,40,HOMBRE,ILESO,CONDUCTOR PRESENTE,NO,NO,0
15568,49024,49025,2018,1,0,-0.171846,-78.487749,PICHINCHA,QUITO,QUITO,URBANA,2018-10-16,23:50:00,23,MARTES,2,OCTUBRE,10,NO,"NO RESPETAR LAS SENIALES REGLAMENTARIAS DE TRANSITO. (PARE, CEDA EL PASO, LUZ ROJA DEL SEMAFORO, ETC).",CHOQUE LATERAL,NO IDENTIFICADO,0,0,0,0,0,0,0,0,0,1,0,0,0,1,27,MUJER,LESIONADO,PASAJERO,NO,NO,0
15569,49025,49026,2018,0,0,-0.140769,-78.470154,PICHINCHA,QUITO,QUITO,URBANA,2018-10-17,00:05:00,0,MIERCOLES,3,OCTUBRE,10,NO,"NO RESPETAR LAS SENIALES REGLAMENTARIAS DE TRANSITO. (PARE, CEDA EL PASO, LUZ ROJA DEL SEMAFORO, ETC).",ESTRELLAMIENTOS,AUTOMOVIL,1,0,0,0,0,0,0,0,0,0,0,0,0,1,-1,NO IDENTIFICADO,NO IDENTIFICADO,CONDUCTOR AUSENTE,NO,NO,2
15570,49026,49027,2018,1,0,-0.237685,-78.484591,PICHINCHA,QUITO,QUITO,URBANA,2018-10-17,02:42:00,2,MIERCOLES,3,OCTUBRE,10,NO,CONDUCIR VEHICULO SUPERANDO LOS LIMITES MAXIMOS DE VELOCIDAD.,ESTRELLAMIENTOS,AUTOMOVIL,1,0,0,0,0,0,0,0,0,0,0,0,0,1,25,MUJER,LESIONADO,PASAJERO,NO,NO,0