,Unnamed: 0,ID,ANIO,LESIONADOS,FALLECIDOS,LATITUD_Y,LONGITUD_X,PROVINCIA,CANTON,PARROQUIA,ZONA,FECHA,HORA,PERIODO_2,DIA_1,DIA_2,MES_1,MES_2,FERIADO,CAUSA_PROBABLE,TIPO_DE_SINIESTRO,TIPO_DE_VEHICULO_1,AUTOMOVIL,BICICLETA,BUS,CAMION,CAMIONETA,EMERGENCIAS,ESPECIAL,FURGONETA,MOTOCICLETA,NO_IDENTIFICADO,SCOOTER_ELECTRICO,TRICIMOTO,VEHICULO_DEPORTIVO_UTILITARIO,SUMA_DE_VEHICULOS,EDAD_1,SEXO_1,CONDICION_1,PARTICIPANTE_1,CASCO_1,CINTURON_1,KMeans_Cluster
15628,49238,49239,2018,1,0,-0.105373,-78.462381,PICHINCHA,QUITO,QUITO,URBANA,2018-10-20,07:50:00,7,SABADO,6,OCTUBRE,10,NO,NO CEDER EL DERECHO DE VIA O PREFERENCIA DE PASO A VEHICULOS.,CHOQUE POSTERIOR,MOTOCICLETA,0,0,0,0,1,0,0,0,1,0,0,0,0,2,32,HOMBRE,LESIONADO,CONDUCTOR PRESENTE,NO,NO,0
15629,49240,49241,2018,1,0,-0.299432,-78.559038,PICHINCHA,QUITO,QUITO,URBANA,2018-10-20,08:20:00,8,SABADO,6,OCTUBRE,10,NO,CONDUCIR VEHICULO SUPERANDO LOS LIMITES MAXIMOS DE VELOCIDAD.,CHOQUE POSTERIOR,BUS,1,0,1,0,0,0,0,0,0,0,0,0,0,2,32,MUJER,LESIONADO,CONDUCTOR PRESENTE,NO,NO,0
15630,49242,49243,2018,0,0,-0.253817,-78.530977,PICHINCHA,QUITO,QUITO,URBANA,2018-10-20,09:00:00,9,SABADO,6,OCTUBRE,10,NO,"NO RESPETAR LAS SENIALES REGLAMENTARIAS DE TRANSITO. (PARE, CEDA EL PASO, LUZ ROJA DEL SEMAFORO, ETC).",OTROS,AUTOMOVIL,1,0,0,0,1,0,0,0,0,0,0,0,0,2,32,MUJER,ILESO,CONDUCTOR PRESENTE,NO,NO,0
15631,49243,49244,2018,5,0,-0.240751,-78.529367,PICHINCHA,QUITO,QUITO,URBANA,2018-10-20,09:15:00,9,SABADO,6,OCTUBRE,10,NO,"NO RESPETAR LAS SENIALES REGLAMENTARIAS DE TRANSITO. (PARE, CEDA EL PASO, LUZ ROJA DEL SEMAFORO, ETC).",ATROPELLOS,AUTOMOVIL,1,0,0,0,1,0,0,0,0,0,0,0,0,2,38,MUJER,LESIONADO,PASAJERO,NO,NO,0
15632,49245,49246,2018,0,0,-0.267062,-78.527153,PICHINCHA,QUITO,QUITO,URBANA,2018-10-20,10:00:00,10,SABADO,6,OCTUBRE,10,NO,NO GUARDAR LA DISTANCIA LATERAL MINIMA DE SEGURIDAD ENTRE VEHICULOS.,CHOQUE POSTERIOR,AUTOMOVIL,1,0,0,0,1,0,0,0,0,0,0,0,0,2,31,MUJER,ILESO,CONDUCTOR PRESENTE,NO,NO,0
15633,49247,49248,2018,1,0,-0.299031,-78.480544,PICHINCHA,QUITO,CONOCOTO,URBANA,2018-10-20,10:55:00,10,SABADO,6,OCTUBRE,10,NO,CONDUCIR VEHICULO SUPERANDO LOS LIMITES MAXIMOS DE VELOCIDAD.,ATROPELLOS,NO IDENTIFICADO,0,0,0,0,0,0,0,0,0,1,0,0,0,1,79,MUJER,LESIONADO,PEATON,NO,NO,0
15634,49250,49251,2018,1,0,-0.220556,-78.393037,PICHINCHA,QUITO,TUMBACO,URBANA,2018-10-20,12:25:00,12,SABADO,6,OCTUBRE,10,NO,"CONDUCIR DESATENTO A LAS CONDICIONES DE TRANSITO (CELULAR, PANTALLAS DE VIDEO, COMIDA, MAQUILLAJE O CUALQUIER OTRO ELEMENTO DISTRACTOR).",CHOQUE LATERAL,MOTOCICLETA,0,0,0,0,0,0,0,0,1,0,0,0,0,1,32,HOMBRE,LESIONADO,CONDUCTOR PRESENTE,NO,NO,0
15635,49252,49253,2018,1,0,-0.249402,-78.520818,PICHINCHA,QUITO,QUITO,URBANA,2018-10-20,13:05:00,13,SABADO,6,OCTUBRE,10,NO,"NO RESPETAR LAS SENIALES REGLAMENTARIAS DE TRANSITO. (PARE, CEDA EL PASO, LUZ ROJA DEL SEMAFORO, ETC).",CHOQUE LATERAL,AUTOMOVIL,1,0,0,0,0,0,0,0,1,0,0,0,0,2,23,HOMBRE,LESIONADO,CONDUCTOR PRESENTE,NO,NO,0
15636,49253,49254,2018,0,0,-0.057963,-78.455691,PICHINCHA,QUITO,POMASQUI,URBANA,2018-10-20,13:45:00,13,SABADO,6,OCTUBRE,10,NO,NO MANTENER LA DISTANCIA PRUDENCIAL CON RESPECTO AL VEHICULO QUE LE ANTECEDE.,CHOQUE POSTERIOR,AUTOMOVIL,1,0,0,0,1,0,0,0,0,0,0,0,0,2,51,HOMBRE,ILESO,CONDUCTOR PRESENTE,NO,NO,0
15637,49255,49256,2018,2,0,-0.281865,-78.534304,PICHINCHA,QUITO,QUITO,URBANA,2018-10-20,13:50:00,13,SABADO,6,OCTUBRE,10,NO,NO MANTENER LA DISTANCIA PRUDENCIAL CON RESPECTO AL VEHICULO QUE LE ANTECEDE.,CHOQUE LATERAL,BUS,0,0,1,0,0,0,0,0,1,0,0,0,0,2,23,HOMBRE,LESIONADO,CONDUCTOR PRESENTE,NO,NO,0
15638,49263,49264,2018,0,0,-0.237369,-78.484618,PICHINCHA,QUITO,QUITO,URBANA,2018-10-20,15:40:00,15,SABADO,6,OCTUBRE,10,NO,NO CEDER EL DERECHO DE VIA O PREFERENCIA DE PASO AL PEATON.,ESTRELLAMIENTOS,AUTOMOVIL,1,0,0,0,0,0,0,0,0,0,0,0,0,1,62,HOMBRE,ILESO,CONDUCTOR PRESENTE,NO,NO,0
15639,49264,49265,2018,1,0,-0.213623,-78.401414,PICHINCHA,QUITO,TUMBACO,URBANA,2018-10-20,16:00:00,16,SABADO,6,OCTUBRE,10,NO,CONDUCIR VEHICULO SUPERANDO LOS LIMITES MAXIMOS DE VELOCIDAD.,ATROPELLOS,FURGONETA,0,0,0,0,0,0,0,1,0,0,0,0,0,1,13,MUJER,LESIONADO,PEATON,NO,NO,0
15640,49265,49266,2018,0,0,-0.292882,-78.541349,PICHINCHA,QUITO,QUITO,URBANA,2018-10-20,16:00:00,16,SABADO,6,OCTUBRE,10,NO,CONDUCIR VEHICULO SUPERANDO LOS LIMITES MAXIMOS DE VELOCIDAD.,CHOQUE LATERAL,AUTOMOVIL,2,0,0,0,0,0,0,0,0,0,0,0,0,2,22,HOMBRE,ILESO,CONDUCTOR PRESENTE,NO,NO,0
15641,49269,49270,2018,1,0,-0.202421,-78.487022,PICHINCHA,QUITO,QUITO,URBANA,2018-10-20,16:30:00,16,SABADO,6,OCTUBRE,10,NO,"CONDUCE BAJO LA INFLUENCIA DE ALCOHOL, SUSTANCIAS ESTUPEFACIENTES O PSICOTROPICAS Y/O MEDICAMENTOS.",ATROPELLOS,CAMIONETA,0,0,0,0,1,0,0,0,0,0,0,0,0,1,7,MUJER,LESIONADO,PEATON,NO,NO,0
15642,49276,49277,2018,0,0,-0.126486,-78.477887,PICHINCHA,QUITO,QUITO,URBANA,2018-10-20,18:00:00,18,SABADO,6,OCTUBRE,10,NO,NO CEDER EL DERECHO DE VIA O PREFERENCIA DE PASO AL PEATON.,ROZAMIENTOS,AUTOMOVIL,2,0,0,0,0,0,0,0,0,0,0,0,0,2,52,HOMBRE,ILESO,CONDUCTOR PRESENTE,NO,NO,0
15643,49277,49278,2018,1,0,-0.236125,-78.527829,PICHINCHA,QUITO,QUITO,URBANA,2018-10-20,18:10:00,18,SABADO,6,OCTUBRE,10,NO,"CONDUCE BAJO LA INFLUENCIA DE ALCOHOL, SUSTANCIAS ESTUPEFACIENTES O PSICOTROPICAS Y/O MEDICAMENTOS.",CHOQUE LATERAL,MOTOCICLETA,0,0,0,0,0,0,0,0,1,1,0,0,0,2,21,HOMBRE,LESIONADO,CONDUCTOR PRESENTE,NO,NO,0
15644,49281,49282,2018,1,0,-0.089881,-78.517177,PICHINCHA,QUITO,QUITO,URBANA,2018-10-20,18:43:00,18,SABADO,6,OCTUBRE,10,NO,"CONDUCE BAJO LA INFLUENCIA DE ALCOHOL, SUSTANCIAS ESTUPEFACIENTES O PSICOTROPICAS Y/O MEDICAMENTOS.",ATROPELLOS,NO IDENTIFICADO,0,0,0,0,0,0,0,0,0,1,0,0,0,1,17,MUJER,LESIONADO,PEATON,NO,NO,0
15645,49282,49283,2018,2,0,-0.266092,-78.532106,PICHINCHA,QUITO,QUITO,URBANA,2018-10-20,18:50:00,18,SABADO,6,OCTUBRE,10,NO,CONDUCIR EN SENTIDO CONTRARIO A LA VIA NORMAL DE CIRCULACION.,PERDIDA DE PISTA,MOTOCICLETA,0,0,0,0,0,0,0,0,1,0,0,0,0,1,35,HOMBRE,LESIONADO,PASAJERO,NO,NO,0
15646,49284,49285,2018,0,0,-0.153141,-78.496841,PICHINCHA,QUITO,QUITO,URBANA,2018-10-20,19:15:00,19,SABADO,6,OCTUBRE,10,NO,PEATON QUE CRUZA LA CALZADA SIN RESPETAR LA SENIALIZACION EXISTENTE (SEMAFOROS O SENIALES MANUALES).,CHOQUE POSTERIOR,AUTOMOVIL,2,0,0,0,0,0,0,0,0,0,0,0,0,2,45,HOMBRE,ILESO,CONDUCTOR PRESENTE,NO,NO,0
15647,49289,49290,2018,0,0,-0.250641,-78.538033,PICHINCHA,QUITO,QUITO,URBANA,2018-10-20,20:20:00,20,SABADO,6,OCTUBRE,10,NO,CONDUCIR VEHICULO SUPERANDO LOS LIMITES MAXIMOS DE VELOCIDAD.,ESTRELLAMIENTOS,AUTOMOVIL,2,0,0,0,1,0,0,0,0,0,0,0,0,3,35,MUJER,ILESO,CONDUCTOR PRESENTE,NO,NO,0
15648,49291,49292,2018,0,1,-0.291508,-78.517919,PICHINCHA,QUITO,QUITO,URBANA,2018-10-20,20:30:00,20,SABADO,6,OCTUBRE,10,NO,NO GUARDAR LA DISTANCIA LATERAL MINIMA DE SEGURIDAD ENTRE VEHICULOS.,ATROPELLOS,AUTOMOVIL,1,0,0,0,0,0,0,0,0,0,0,0,0,1,50,HOMBRE,FALLECIDO,PEATON,NO,NO,0
15649,49292,49293,2018,0,0,-0.164319,-78.483607,PICHINCHA,QUITO,QUITO,URBANA,2018-10-20,20:50:00,20,SABADO,6,OCTUBRE,10,NO,"NO RESPETAR LAS SENIALES REGLAMENTARIAS DE TRANSITO. (PARE, CEDA EL PASO, LUZ ROJA DEL SEMAFORO, ETC).",CHOQUE POSTERIOR,AUTOMOVIL,2,0,0,0,0,0,0,0,0,0,0,0,0,2,34,HOMBRE,ILESO,CONDUCTOR PRESENTE,NO,NO,0
15650,49297,49298,2018,0,1,-0.355609,-78.548711,PICHINCHA,QUITO,QUITO,URBANA,2018-10-20,22:10:00,22,SABADO,6,OCTUBRE,10,NO,"NO RESPETAR LAS SENIALES REGLAMENTARIAS DE TRANSITO. (PARE, CEDA EL PASO, LUZ ROJA DEL SEMAFORO, ETC).",ATROPELLOS,NO IDENTIFICADO,0,0,0,0,0,0,0,0,0,1,0,0,0,1,38,HOMBRE,FALLECIDO,PEATON,NO,NO,0
15651,49298,49299,2018,1,0,-0.084163,-78.418921,PICHINCHA,QUITO,CALDERON (CARAPUNGO),URBANA,2018-10-20,22:10:00,22,SABADO,6,OCTUBRE,10,NO,NO CEDER EL DERECHO DE VIA O PREFERENCIA DE PASO AL PEATON.,CHOQUE LATERAL,MOTOCICLETA,1,0,0,0,0,0,0,0,1,0,0,0,0,2,33,MUJER,LESIONADO,PASAJERO,NO,NO,0
15652,49301,49302,2018,0,1,-0.372681,-78.488123,PICHINCHA,QUITO,AMAGUANIA,URBANA,2018-10-20,22:50:00,22,SABADO,6,OCTUBRE,10,NO,"CONDUCIR DESATENTO A LAS CONDICIONES DE TRANSITO (CELULAR, PANTALLAS DE VIDEO, COMIDA, MAQUILLAJE O CUALQUIER OTRO ELEMENTO DISTRACTOR).",ATROPELLOS,NO IDENTIFICADO,0,0,0,0,0,0,0,0,0,1,0,0,0,1,65,HOMBRE,FALLECIDO,PEATON,NO,NO,0
15653,49305,49306,2018,0,0,-0.196606,-78.439549,PICHINCHA,QUITO,CUMBAYA,URBANA,2018-10-21,00:05:00,0,DOMINGO,7,OCTUBRE,10,NO,REALIZAR CAMBIO BRUSCO O INDEBIDO DE CARRIL.,CHOQUE LATERAL,AUTOMOVIL,2,0,0,0,0,0,0,0,0,0,0,0,0,2,28,HOMBRE,ILESO,CONDUCTOR PRESENTE,NO,NO,0
15654,49308,49309,2018,0,0,-0.122397,-78.480431,PICHINCHA,QUITO,QUITO,URBANA,2018-10-21,00:55:00,0,DOMINGO,7,OCTUBRE,10,NO,NO GUARDAR LA DISTANCIA LATERAL MINIMA DE SEGURIDAD ENTRE VEHICULOS.,ROZAMIENTOS,AUTOMOVIL,1,0,0,0,0,0,0,0,0,0,0,0,1,2,36,HOMBRE,ILESO,CONDUCTOR PRESENTE,NO,NO,0
15655,49310,49311,2018,0,0,-0.346034,-78.554424,PICHINCHA,QUITO,QUITO,URBANA,2018-10-21,01:05:00,1,DOMINGO,7,OCTUBRE,10,NO,CONDUCIR VEHICULO SUPERANDO LOS LIMITES MAXIMOS DE VELOCIDAD.,ESTRELLAMIENTOS,AUTOMOVIL,1,0,0,0,0,0,0,0,0,0,0,0,0,1,-1,NO IDENTIFICADO,NO IDENTIFICADO,CONDUCTOR AUSENTE,NO,NO,2
15656,49313,49314,2018,2,0,-0.144701,-78.483489,PICHINCHA,QUITO,QUITO,URBANA,2018-10-21,02:27:00,2,DOMINGO,7,OCTUBRE,10,NO,CONDUCIR VEHICULO SUPERANDO LOS LIMITES MAXIMOS DE VELOCIDAD.,VOLCAMIENTOS,AUTOMOVIL,1,0,0,0,0,0,0,0,0,0,0,0,0,1,52,MUJER,LESIONADO,PASAJERO,NO,NO,0
15657,49317,49318,2018,0,0,-0.244831,-78.514223,PICHINCHA,QUITO,QUITO,URBANA,2018-10-21,02:57:00,2,DOMINGO,7,OCTUBRE,10,NO,CONDUCIR VEHICULO SUPERANDO LOS LIMITES MAXIMOS DE VELOCIDAD.,ESTRELLAMIENTOS,CAMIONETA,0,0,0,0,1,0,0,0,0,0,0,0,0,1,-1,NO IDENTIFICADO,NO IDENTIFICADO,CONDUCTOR AUSENTE,NO,NO,2
15658,49321,49322,2018,0,0,-0.197826,-78.466466,PICHINCHA,QUITO,QUITO,URBANA,2018-10-21,03:34:00,3,DOMINGO,7,OCTUBRE,10,NO,CONDUCIR VEHICULO SUPERANDO LOS LIMITES MAXIMOS DE VELOCIDAD.,ESTRELLAMIENTOS,AUTOMOVIL,1,0,0,0,0,0,0,0,0,0,0,0,0,1,-1,NO IDENTIFICADO,NO IDENTIFICADO,CONDUCTOR AUSENTE,NO,NO,2
15659,49322,49323,2018,0,0,-0.206438,-78.370261,PICHINCHA,QUITO,PUEMBO,URBANA,2018-10-21,03:40:00,3,DOMINGO,7,OCTUBRE,10,NO,"CONDUCE BAJO LA INFLUENCIA DE ALCOHOL, SUSTANCIAS ESTUPEFACIENTES O PSICOTROPICAS Y/O MEDICAMENTOS.",ROZAMIENTOS,AUTOMOVIL,1,0,0,0,1,0,0,0,0,0,0,0,0,2,20,HOMBRE,ILESO,CONDUCTOR PRESENTE,NO,NO,0
15660,49331,49332,2018,0,0,-0.189255,-78.496508,PICHINCHA,QUITO,QUITO,URBANA,2018-10-21,04:20:00,4,DOMINGO,7,OCTUBRE,10,NO,NO CEDER EL DERECHO DE VIA O PREFERENCIA DE PASO A VEHICULOS.,ESTRELLAMIENTOS,AUTOMOVIL,1,0,0,0,0,0,0,0,0,0,0,0,0,1,-1,NO IDENTIFICADO,NO IDENTIFICADO,CONDUCTOR AUSENTE,NO,NO,2
15661,49332,49333,2018,1,0,-0.243034,-78.496913,PICHINCHA,QUITO,QUITO,URBANA,2018-10-21,04:25:00,4,DOMINGO,7,OCTUBRE,10,NO,CONDUCIR VEHICULO SUPERANDO LOS LIMITES MAXIMOS DE VELOCIDAD.,PERDIDA DE PISTA,AUTOMOVIL,1,0,0,0,0,0,0,0,0,0,0,0,0,1,20,HOMBRE,LESIONADO,PASAJERO,NO,NO,0
15662,49335,49336,2018,0,0,-0.030648,-78.281003,PICHINCHA,CAYAMBE,SANTA ROSA DE CUZUBAMBA,RURAL,2018-10-21,04:40:00,4,DOMINGO,7,OCTUBRE,10,NO,"CONDUCIR DESATENTO A LAS CONDICIONES DE TRANSITO (CELULAR, PANTALLAS DE VIDEO, COMIDA, MAQUILLAJE O CUALQUIER OTRO ELEMENTO DISTRACTOR).",PERDIDA DE PISTA,AUTOMOVIL,1,0,0,0,0,0,0,0,0,0,0,0,0,1,1,HOMBRE,NO IDENTIFICADO,CONDUCTOR AUSENTE,NO,NO,3
15663,49337,49338,2018,1,0,-0.299877,-78.542315,PICHINCHA,QUITO,QUITO,URBANA,2018-10-21,05:15:00,5,DOMINGO,7,OCTUBRE,10,NO,"NO RESPETAR LAS SENIALES REGLAMENTARIAS DE TRANSITO. (PARE, CEDA EL PASO, LUZ ROJA DEL SEMAFORO, ETC).",OTROS,MOTOCICLETA,0,0,0,0,0,0,0,0,1,0,0,0,0,1,29,HOMBRE,LESIONADO,CONDUCTOR PRESENTE,NO,NO,0
15664,49339,49340,2018,0,0,-0.070157,-78.475635,PICHINCHA,QUITO,POMASQUI,URBANA,2018-10-21,06:00:00,6,DOMINGO,7,OCTUBRE,10,NO,"NO RESPETAR LAS SENIALES REGLAMENTARIAS DE TRANSITO. (PARE, CEDA EL PASO, LUZ ROJA DEL SEMAFORO, ETC).",PERDIDA DE PISTA,AUTOMOVIL,1,0,0,0,0,0,0,0,0,0,0,0,0,1,-1,NO IDENTIFICADO,NO IDENTIFICADO,CONDUCTOR AUSENTE,NO,NO,2
15665,49340,49341,2018,0,0,-0.106927,-78.502463,PICHINCHA,QUITO,QUITO,URBANA,2018-10-21,06:18:00,6,DOMINGO,7,OCTUBRE,10,NO,CONDUCIR VEHICULO SUPERANDO LOS LIMITES MAXIMOS DE VELOCIDAD.,ESTRELLAMIENTOS,AUTOMOVIL,1,0,0,0,0,0,0,0,0,0,0,0,0,1,-1,NO IDENTIFICADO,NO IDENTIFICADO,CONDUCTOR AUSENTE,NO,NO,2
15666,49347,49348,2018,0,0,-0.275579,-78.521452,PICHINCHA,QUITO,QUITO,URBANA,2018-10-21,07:15:00,7,DOMINGO,7,OCTUBRE,10,NO,"PRESENCIA DE AGENTES EXTERNOS EN LA VIA (AGUA, ACEITE, PIEDRA, LASTRE, ESCOMBROS, MADEROS, ETC.).",ESTRELLAMIENTOS,AUTOMOVIL,1,0,0,0,0,0,0,0,0,0,0,0,0,1,-1,NO IDENTIFICADO,NO IDENTIFICADO,CONDUCTOR AUSENTE,NO,NO,2
15667,49354,49355,2018,1,0,-0.299621,-78.524243,PICHINCHA,QUITO,QUITO,URBANA,2018-10-21,09:35:00,9,DOMINGO,7,OCTUBRE,10,NO,"CONDUCIR EN ESTADO DE SOMNOLENCIA O MALAS CONDICIONES FISICAS (SUENIO, CANSANCIO Y FATIGA).",ATROPELLOS,NO IDENTIFICADO,0,0,0,0,0,0,0,0,0,1,0,0,0,1,26,HOMBRE,LESIONADO,PEATON,NO,NO,0
15668,49355,49356,2018,0,0,-0.300169,-78.560626,PICHINCHA,QUITO,QUITO,URBANA,2018-10-21,10:00:00,10,DOMINGO,7,OCTUBRE,10,NO,"CONDUCIR DESATENTO A LAS CONDICIONES DE TRANSITO (CELULAR, PANTALLAS DE VIDEO, COMIDA, MAQUILLAJE O CUALQUIER OTRO ELEMENTO DISTRACTOR).",OTROS,NO IDENTIFICADO,0,0,0,0,0,0,0,0,0,1,0,0,0,1,29,HOMBRE,ILESO,PEATON,NO,NO,0
15669,49357,49358,2018,1,0,-0.304533,-78.413571,PICHINCHA,QUITO,ALANGASI,URBANA,2018-10-21,10:12:00,10,DOMINGO,7,OCTUBRE,10,NO,"NO RESPETAR LAS SENIALES REGLAMENTARIAS DE TRANSITO. (PARE, CEDA EL PASO, LUZ ROJA DEL SEMAFORO, ETC).",OTROS,BICICLETA,0,1,0,0,0,0,0,0,0,0,0,0,0,1,32,MUJER,LESIONADO,CONDUCTOR PRESENTE,NO,NO,0
15670,49370,49371,2018,1,0,-0.212824,-78.402686,PICHINCHA,QUITO,TUMBACO,URBANA,2018-10-21,13:40:00,13,DOMINGO,7,OCTUBRE,10,NO,NO GUARDAR LA DISTANCIA LATERAL MINIMA DE SEGURIDAD ENTRE VEHICULOS.,CHOQUE LATERAL,AUTOMOVIL,1,0,0,0,0,0,0,0,1,0,0,0,0,2,33,HOMBRE,LESIONADO,CONDUCTOR PRESENTE,NO,NO,0
15671,49371,49372,2018,2,0,-0.283154,-78.543938,PICHINCHA,QUITO,QUITO,URBANA,2018-10-21,14:00:00,14,DOMINGO,7,OCTUBRE,10,NO,REALIZAR CAMBIO BRUSCO O INDEBIDO DE CARRIL.,ROZAMIENTOS,MOTOCICLETA,0,0,0,1,0,0,0,0,1,0,0,0,0,2,42,HOMBRE,LESIONADO,CONDUCTOR PRESENTE,NO,NO,0
15672,49373,49374,2018,0,0,-0.111743,-78.478795,PICHINCHA,QUITO,QUITO,URBANA,2018-10-21,15:00:00,15,DOMINGO,7,OCTUBRE,10,NO,"CONDUCIR DESATENTO A LAS CONDICIONES DE TRANSITO (CELULAR, PANTALLAS DE VIDEO, COMIDA, MAQUILLAJE O CUALQUIER OTRO ELEMENTO DISTRACTOR).",OTROS,CAMIONETA,1,0,0,0,1,0,0,0,0,0,0,0,0,2,23,HOMBRE,ILESO,CONDUCTOR PRESENTE,NO,NO,0
15673,49374,49375,2018,1,0,-0.094477,-78.501336,PICHINCHA,QUITO,QUITO,URBANA,2018-10-21,15:15:00,15,DOMINGO,7,OCTUBRE,10,NO,"CONDUCE BAJO LA INFLUENCIA DE ALCOHOL, SUSTANCIAS ESTUPEFACIENTES O PSICOTROPICAS Y/O MEDICAMENTOS.",ATROPELLOS,AUTOMOVIL,1,0,0,0,0,0,0,0,0,0,0,0,0,1,63,MUJER,LESIONADO,PEATON,NO,NO,0
15674,49377,49378,2018,0,0,-0.360897,-78.488428,PICHINCHA,QUITO,AMAGUANIA,URBANA,2018-10-21,15:40:00,15,DOMINGO,7,OCTUBRE,10,NO,"CONDUCIR DESATENTO A LAS CONDICIONES DE TRANSITO (CELULAR, PANTALLAS DE VIDEO, COMIDA, MAQUILLAJE O CUALQUIER OTRO ELEMENTO DISTRACTOR).",PERDIDA DE PISTA,MOTOCICLETA,0,0,0,0,0,0,0,0,1,0,0,0,0,1,24,HOMBRE,ILESO,CONDUCTOR PRESENTE,NO,NO,0
15675,49382,49383,2018,1,0,-0.109368,-78.489744,PICHINCHA,QUITO,QUITO,URBANA,2018-10-21,17:22:00,17,DOMINGO,7,OCTUBRE,10,NO,NO CEDER EL DERECHO DE VIA O PREFERENCIA DE PASO AL PEATON.,ATROPELLOS,NO IDENTIFICADO,0,0,0,0,0,0,0,0,0,1,0,0,0,1,58,HOMBRE,LESIONADO,PEATON,NO,NO,0
15676,49387,49388,2018,2,0,-0.262338,-78.551119,PICHINCHA,QUITO,QUITO,URBANA,2018-10-21,18:50:00,18,DOMINGO,7,OCTUBRE,10,NO,CONDUCIR VEHICULO SUPERANDO LOS LIMITES MAXIMOS DE VELOCIDAD.,ATROPELLOS,NO IDENTIFICADO,0,0,0,0,0,0,0,0,0,1,0,0,0,1,44,MUJER,LESIONADO,PEATON,NO,NO,0
15677,49388,49389,2018,0,0,-0.302801,-78.491098,PICHINCHA,QUITO,CONOCOTO,URBANA,2018-10-21,19:00:00,19,DOMINGO,7,OCTUBRE,10,NO,"NO RESPETAR LAS SENIALES REGLAMENTARIAS DE TRANSITO. (PARE, CEDA EL PASO, LUZ ROJA DEL SEMAFORO, ETC).",OTROS,AUTOMOVIL,2,0,0,0,1,0,0,0,0,0,0,0,0,3,39,MUJER,ILESO,CONDUCTOR PRESENTE,NO,NO,0
15678,49392,49393,2018,1,0,-0.228102,-78.473074,PICHINCHA,QUITO,QUITO,URBANA,2018-10-21,19:35:00,19,DOMINGO,7,OCTUBRE,10,NO,PEATON QUE CRUZA LA CALZADA SIN RESPETAR LA SENIALIZACION EXISTENTE (SEMAFOROS O SENIALES MANUALES).,ATROPELLOS,NO IDENTIFICADO,0,0,0,0,0,0,0,0,0,1,0,0,0,1,60,MUJER,LESIONADO,PEATON,NO,NO,0
15679,49393,49394,2018,1,0,-0.226902,-78.523269,PICHINCHA,QUITO,QUITO,URBANA,2018-10-21,20:00:00,20,DOMINGO,7,OCTUBRE,10,NO,"CONDUCE BAJO LA INFLUENCIA DE ALCOHOL, SUSTANCIAS ESTUPEFACIENTES O PSICOTROPICAS Y/O MEDICAMENTOS.",ATROPELLOS,AUTOMOVIL,1,0,0,0,0,0,0,0,0,0,0,0,0,1,23,HOMBRE,LESIONADO,PEATON,NO,NO,0
15680,49398,49399,2018,0,0,-0.116821,-78.497173,PICHINCHA,QUITO,QUITO,URBANA,2018-10-21,20:45:00,20,DOMINGO,7,OCTUBRE,10,NO,NO GUARDAR LA DISTANCIA LATERAL MINIMA DE SEGURIDAD ENTRE VEHICULOS.,CHOQUE LATERAL,AUTOMOVIL,1,0,0,0,0,0,0,0,0,0,0,0,0,1,73,HOMBRE,ILESO,CONDUCTOR PRESENTE,NO,NO,0
15681,49404,49405,2018,1,0,-0.162346,-78.485742,PICHINCHA,QUITO,QUITO,URBANA,2018-10-21,22:16:00,22,DOMINGO,7,OCTUBRE,10,NO,REALIZAR CAMBIO BRUSCO O INDEBIDO DE CARRIL.,ESTRELLAMIENTOS,MOTOCICLETA,0,0,0,0,0,0,0,0,1,0,0,0,0,1,38,HOMBRE,LESIONADO,CONDUCTOR PRESENTE,NO,NO,0
15682,49412,49413,2018,2,0,-0.299693,-78.547368,PICHINCHA,QUITO,QUITO,URBANA,2018-10-22,01:00:00,1,LUNES,1,OCTUBRE,10,NO,"NO RESPETAR LAS SENIALES REGLAMENTARIAS DE TRANSITO. (PARE, CEDA EL PASO, LUZ ROJA DEL SEMAFORO, ETC).",OTROS,AUTOMOVIL,1,0,0,0,0,0,0,0,0,1,0,0,0,2,5,HOMBRE,LESIONADO,PASAJERO,NO,NO,0
15683,49413,49414,2018,0,0,-0.226486,-78.339567,PICHINCHA,QUITO,PIFO,URBANA,2018-10-22,01:00:00,1,LUNES,1,OCTUBRE,10,NO,CONDUCIR VEHICULO SUPERANDO LOS LIMITES MAXIMOS DE VELOCIDAD.,ESTRELLAMIENTOS,CAMION,0,0,0,1,0,0,0,0,0,0,0,0,0,1,-1,NO IDENTIFICADO,NO IDENTIFICADO,CONDUCTOR AUSENTE,NO,NO,2
15684,49415,49416,2018,1,0,-0.188475,-78.492143,PICHINCHA,QUITO,QUITO,URBANA,2018-10-22,05:39:00,5,LUNES,1,OCTUBRE,10,NO,NO TRANSITAR POR LAS ACERAS O ZONAS DE SEGURIDAD DESTINADAS PARA EL EFECTO.,ATROPELLOS,AUTOMOVIL,1,0,0,0,0,0,0,0,0,0,0,0,0,1,25,HOMBRE,LESIONADO,PEATON,NO,NO,0
15685,49417,49418,2018,1,0,-0.275242,-78.552512,PICHINCHA,QUITO,QUITO,URBANA,2018-10-22,06:45:00,6,LUNES,1,OCTUBRE,10,NO,NO TRANSITAR POR LAS ACERAS O ZONAS DE SEGURIDAD DESTINADAS PARA EL EFECTO.,ATROPELLOS,NO IDENTIFICADO,0,0,0,0,0,0,0,0,0,1,0,0,0,1,14,MUJER,LESIONADO,PEATON,NO,NO,0