,Unnamed: 0,ID,ANIO,LESIONADOS,FALLECIDOS,LATITUD_Y,LONGITUD_X,PROVINCIA,CANTON,PARROQUIA,ZONA,FECHA,HORA,PERIODO_2,DIA_1,DIA_2,MES_1,MES_2,FERIADO,CAUSA_PROBABLE,TIPO_DE_SINIESTRO,TIPO_DE_VEHICULO_1,AUTOMOVIL,BICICLETA,BUS,CAMION,CAMIONETA,EMERGENCIAS,ESPECIAL,FURGONETA,MOTOCICLETA,NO_IDENTIFICADO,SCOOTER_ELECTRICO,TRICIMOTO,VEHICULO_DEPORTIVO_UTILITARIO,SUMA_DE_VEHICULOS,EDAD_1,SEXO_1,CONDICION_1,PARTICIPANTE_1,CASCO_1,CINTURON_1,KMeans_Cluster
15686,49427,49428,2018,1,0,-0.212159,-78.405971,PICHINCHA,QUITO,TUMBACO,URBANA,2018-10-22,10:00:00,10,LUNES,1,OCTUBRE,10,NO,"CONDUCIR DESATENTO A LAS CONDICIONES DE TRANSITO (CELULAR, PANTALLAS DE VIDEO, COMIDA, MAQUILLAJE O CUALQUIER OTRO ELEMENTO DISTRACTOR).",CHOQUE LATERAL,MOTOCICLETA,0,0,0,0,0,0,0,0,1,0,0,0,0,1,18,HOMBRE,LESIONADO,CONDUCTOR PRESENTE,NO,NO,0
15687,49430,49431,2018,1,0,-0.177442,-78.485892,PICHINCHA,QUITO,QUITO,URBANA,2018-10-22,10:40:00,10,LUNES,1,OCTUBRE,10,NO,NO MANTENER LA DISTANCIA PRUDENCIAL CON RESPECTO AL VEHICULO QUE LE ANTECEDE.,COLISION,AUTOMOVIL,3,0,0,0,0,0,0,0,0,0,0,0,0,3,31,MUJER,LESIONADO,CONDUCTOR PRESENTE,NO,NO,0
15688,49434,49435,2018,0,0,-0.255096,-78.535287,PICHINCHA,QUITO,QUITO,URBANA,2018-10-22,12:45:00,12,LUNES,1,OCTUBRE,10,NO,CONDUCIR VEHICULO SUPERANDO LOS LIMITES MAXIMOS DE VELOCIDAD.,ATROPELLOS,NO IDENTIFICADO,0,0,0,0,0,0,0,0,0,1,0,0,0,1,65,MUJER,ILESO,PEATON,NO,NO,0
15689,49443,49444,2018,0,0,-0.055066,-78.453747,PICHINCHA,QUITO,POMASQUI,URBANA,2018-10-22,16:00:00,16,LUNES,1,OCTUBRE,10,NO,DANIOS MECANICOS PREVISIBLES.,ESTRELLAMIENTOS,AUTOMOVIL,1,0,0,0,0,0,0,0,0,0,0,0,0,1,54,HOMBRE,ILESO,CONDUCTOR PRESENTE,NO,NO,0
15690,49449,49450,2018,0,0,-0.304167,-78.542831,PICHINCHA,QUITO,QUITO,URBANA,2018-10-22,17:20:00,17,LUNES,1,OCTUBRE,10,NO,"FALLA MECANICA EN LOS SISTEMAS Y/O NEUMATICOS (SISTEMA DE FRENOS, DIRECCION, ELECTRONICO O MECANICO).",COLISION,CAMION,2,0,0,1,0,0,0,0,0,0,0,0,0,3,31,HOMBRE,ILESO,CONDUCTOR PRESENTE,NO,NO,0
15691,49456,49457,2018,0,0,-0.216037,-78.488151,PICHINCHA,QUITO,QUITO,URBANA,2018-10-22,19:20:00,19,LUNES,1,OCTUBRE,10,NO,"CONDUCE BAJO LA INFLUENCIA DE ALCOHOL, SUSTANCIAS ESTUPEFACIENTES O PSICOTROPICAS Y/O MEDICAMENTOS.",ROZAMIENTOS,CAMIONETA,1,0,0,0,1,0,0,0,0,0,0,0,0,2,24,HOMBRE,ILESO,CONDUCTOR PRESENTE,NO,NO,0
15692,49457,49458,2018,1,0,-0.123698,-78.500963,PICHINCHA,QUITO,QUITO,URBANA,2018-10-22,19:30:00,19,LUNES,1,OCTUBRE,10,NO,NO TRANSITAR POR LAS ACERAS O ZONAS DE SEGURIDAD DESTINADAS PARA EL EFECTO.,ATROPELLOS,AUTOMOVIL,1,0,0,0,0,0,0,0,0,0,0,0,0,1,17,HOMBRE,LESIONADO,PEATON,NO,NO,0
15693,49459,49460,2018,0,0,-0.186898,-78.482923,PICHINCHA,QUITO,QUITO,URBANA,2018-10-22,20:00:00,20,LUNES,1,OCTUBRE,10,NO,"NO RESPETAR LAS SENIALES REGLAMENTARIAS DE TRANSITO. (PARE, CEDA EL PASO, LUZ ROJA DEL SEMAFORO, ETC).",CHOQUE LATERAL,AUTOMOVIL,2,0,0,0,0,0,0,0,0,0,0,0,0,2,-1,HOMBRE,ILESO,CONDUCTOR PRESENTE,NO,NO,0
15694,49461,49462,2018,0,0,-0.225112,-78.512078,PICHINCHA,QUITO,QUITO,URBANA,2018-10-22,20:40:00,20,LUNES,1,OCTUBRE,10,NO,PESO Y VOLUMEN - NO CUMPLIR CON LAS NORMAS DE SEGURIDAD NECESARIAS AL TRANSPORTAR CARGAS.,OTROS,AUTOMOVIL,3,0,0,0,0,0,0,0,0,0,0,0,0,3,50,HOMBRE,ILESO,PEATON,NO,NO,0
15695,49464,49465,2018,0,0,-0.190807,-78.481352,PICHINCHA,QUITO,QUITO,URBANA,2018-10-23,04:30:00,4,MARTES,2,OCTUBRE,10,NO,CONDUCIR VEHICULO SUPERANDO LOS LIMITES MAXIMOS DE VELOCIDAD.,ESTRELLAMIENTOS,AUTOMOVIL,1,0,0,0,0,0,0,0,0,0,0,0,0,1,-1,NO IDENTIFICADO,NO IDENTIFICADO,CONDUCTOR AUSENTE,NO,NO,2
15696,49466,49467,2018,0,0,-0.093003,-78.403966,PICHINCHA,QUITO,CALDERON (CARAPUNGO),RURAL,2018-10-23,06:00:00,6,MARTES,2,OCTUBRE,10,NO,"CONDUCIR DESATENTO A LAS CONDICIONES DE TRANSITO (CELULAR, PANTALLAS DE VIDEO, COMIDA, MAQUILLAJE O CUALQUIER OTRO ELEMENTO DISTRACTOR).",CHOQUE FRONTAL,MOTOCICLETA,0,0,0,0,0,0,0,0,1,0,0,0,0,1,35,HOMBRE,ILESO,CONDUCTOR PRESENTE,NO,NO,3
15697,49470,49471,2018,0,0,-0.280814,-78.556011,PICHINCHA,QUITO,QUITO,URBANA,2018-10-23,07:30:00,7,MARTES,2,OCTUBRE,10,NO,CONDUCIR VEHICULO SUPERANDO LOS LIMITES MAXIMOS DE VELOCIDAD.,CHOQUE FRONTAL,AUTOMOVIL,2,0,0,0,0,0,0,0,0,0,0,0,0,2,56,HOMBRE,ILESO,CONDUCTOR PRESENTE,NO,NO,0
15698,49476,49477,2018,0,0,-0.196283,-78.512594,PICHINCHA,QUITO,QUITO,URBANA,2018-10-23,07:55:00,7,MARTES,2,OCTUBRE,10,NO,NO MANTENER LA DISTANCIA PRUDENCIAL CON RESPECTO AL VEHICULO QUE LE ANTECEDE.,COLISION,FURGONETA,2,0,0,0,0,0,0,1,0,0,0,0,0,3,35,HOMBRE,ILESO,CONDUCTOR PRESENTE,NO,NO,0
15699,49478,49479,2018,0,0,-0.304714,-78.416503,PICHINCHA,QUITO,ALANGASI,URBANA,2018-10-23,08:23:00,8,MARTES,2,OCTUBRE,10,NO,DANIOS MECANICOS PREVISIBLES.,ESTRELLAMIENTOS,AUTOMOVIL,2,0,0,0,1,0,0,0,0,0,0,0,0,3,44,HOMBRE,ILESO,CONDUCTOR PRESENTE,NO,NO,0
15700,49479,49480,2018,0,0,-0.162924,-78.462944,PICHINCHA,QUITO,QUITO,URBANA,2018-10-23,08:30:00,8,MARTES,2,OCTUBRE,10,NO,NO MANTENER LA DISTANCIA PRUDENCIAL CON RESPECTO AL VEHICULO QUE LE ANTECEDE.,COLISION,AUTOMOVIL,2,0,0,0,0,0,0,0,0,1,0,0,0,3,18,MUJER,ILESO,CONDUCTOR PRESENTE,NO,NO,0
15701,49481,49482,2018,0,0,-0.229248,-78.500854,PICHINCHA,QUITO,QUITO,URBANA,2018-10-23,08:45:00,8,MARTES,2,OCTUBRE,10,NO,NO MANTENER LA DISTANCIA PRUDENCIAL CON RESPECTO AL VEHICULO QUE LE ANTECEDE.,CHOQUE POSTERIOR,MOTOCICLETA,2,0,0,0,0,0,0,0,1,0,0,0,0,3,23,HOMBRE,ILESO,CONDUCTOR PRESENTE,NO,NO,0
15702,49482,49483,2018,0,0,-0.239851,-78.487771,PICHINCHA,QUITO,QUITO,URBANA,2018-10-23,09:27:00,9,MARTES,2,OCTUBRE,10,NO,NO GUARDAR LA DISTANCIA LATERAL MINIMA DE SEGURIDAD ENTRE VEHICULOS.,CHOQUE LATERAL,AUTOMOVIL,1,0,0,1,0,0,0,0,0,0,0,0,0,2,40,HOMBRE,ILESO,CONDUCTOR PRESENTE,NO,NO,0
15703,49485,49486,2018,0,0,-0.116871,-78.473142,PICHINCHA,QUITO,QUITO,URBANA,2018-10-23,10:15:00,10,MARTES,2,OCTUBRE,10,NO,DANIOS MECANICOS PREVISIBLES.,COLISION,CAMIONETA,1,0,0,0,1,0,0,0,0,2,0,0,0,4,48,HOMBRE,ILESO,CONDUCTOR PRESENTE,NO,NO,0
15704,49500,49501,2018,0,0,-0.123006,-78.493841,PICHINCHA,QUITO,QUITO,URBANA,2018-10-23,17:00:00,17,MARTES,2,OCTUBRE,10,NO,NO GUARDAR LA DISTANCIA LATERAL MINIMA DE SEGURIDAD ENTRE VEHICULOS.,ROZAMIENTOS,AUTOMOVIL,1,0,1,0,0,0,0,0,0,0,0,0,0,2,36,HOMBRE,ILESO,CONDUCTOR PRESENTE,NO,NO,0
15705,49507,49508,2018,0,0,-0.187621,-78.482831,PICHINCHA,QUITO,QUITO,URBANA,2018-10-23,18:39:00,18,MARTES,2,OCTUBRE,10,NO,"CONDUCE BAJO LA INFLUENCIA DE ALCOHOL, SUSTANCIAS ESTUPEFACIENTES O PSICOTROPICAS Y/O MEDICAMENTOS.",COLISION,CAMIONETA,3,0,0,0,1,0,0,0,0,0,0,0,0,4,48,HOMBRE,ILESO,CONDUCTOR PRESENTE,NO,NO,0
15706,49515,49516,2018,1,0,-0.256733,-78.542807,PICHINCHA,QUITO,QUITO,URBANA,2018-10-23,20:50:00,20,MARTES,2,OCTUBRE,10,NO,"CONDUCIR DESATENTO A LAS CONDICIONES DE TRANSITO (CELULAR, PANTALLAS DE VIDEO, COMIDA, MAQUILLAJE O CUALQUIER OTRO ELEMENTO DISTRACTOR).",OTROS,NO IDENTIFICADO,0,0,0,0,0,0,0,0,0,1,0,0,0,1,18,MUJER,LESIONADO,PASAJERO,NO,NO,0
15707,49518,49519,2018,2,0,-0.226486,-78.339567,PICHINCHA,QUITO,PIFO,URBANA,2018-10-24,00:15:00,0,MIERCOLES,3,OCTUBRE,10,NO,CONDUCIR VEHICULO SUPERANDO LOS LIMITES MAXIMOS DE VELOCIDAD.,VOLCAMIENTOS,MOTOCICLETA,0,0,0,0,0,0,0,0,1,0,0,0,0,1,37,HOMBRE,LESIONADO,CONDUCTOR PRESENTE,NO,NO,0
15708,49520,49521,2018,0,0,-0.273825,-78.510216,PICHINCHA,QUITO,QUITO,URBANA,2018-10-24,03:10:00,3,MIERCOLES,3,OCTUBRE,10,NO,"NO RESPETAR LAS SENIALES REGLAMENTARIAS DE TRANSITO. (PARE, CEDA EL PASO, LUZ ROJA DEL SEMAFORO, ETC).",ESTRELLAMIENTOS,CAMIONETA,0,0,0,0,1,0,0,0,0,0,0,0,0,1,-1,NO IDENTIFICADO,NO IDENTIFICADO,CONDUCTOR AUSENTE,NO,NO,2
15709,49523,49524,2018,0,0,-0.065078,-78.362593,PICHINCHA,QUITO,GUAYLLABAMBA,RURAL,2018-10-24,05:00:00,5,MIERCOLES,3,OCTUBRE,10,NO,NO MANTENER LA DISTANCIA PRUDENCIAL CON RESPECTO AL VEHICULO QUE LE ANTECEDE.,CHOQUE POSTERIOR,CAMIONETA,1,0,0,0,1,0,0,0,0,0,0,0,0,2,37,HOMBRE,ILESO,CONDUCTOR PRESENTE,NO,NO,3
15710,49524,49525,2018,0,1,0.097704,-78.155746,PICHINCHA,CAYAMBE,SAN JOSE DE AYORA,RURAL,2018-10-24,05:35:00,5,MIERCOLES,3,OCTUBRE,10,NO,"CONDUCIR DESATENTO A LAS CONDICIONES DE TRANSITO (CELULAR, PANTALLAS DE VIDEO, COMIDA, MAQUILLAJE O CUALQUIER OTRO ELEMENTO DISTRACTOR).",CHOQUE FRONTAL,MOTOCICLETA,0,0,0,0,0,0,0,0,1,0,0,0,0,1,20,HOMBRE,FALLECIDO,CONDUCTOR PRESENTE,NO,NO,3
15711,49526,49527,2018,0,0,-0.197214,-78.490304,PICHINCHA,QUITO,QUITO,URBANA,2018-10-24,06:40:00,6,MIERCOLES,3,OCTUBRE,10,NO,"NO RESPETAR LAS SENIALES REGLAMENTARIAS DE TRANSITO. (PARE, CEDA EL PASO, LUZ ROJA DEL SEMAFORO, ETC).",OTROS,AUTOMOVIL,1,0,0,0,0,0,0,0,0,0,0,0,0,1,-1,NO IDENTIFICADO,NO IDENTIFICADO,CONDUCTOR AUSENTE,NO,NO,2
15712,49527,49528,2018,0,0,-0.113421,-78.495251,PICHINCHA,QUITO,QUITO,URBANA,2018-10-24,07:20:00,7,MIERCOLES,3,OCTUBRE,10,NO,"CONDUCIR EN ESTADO DE SOMNOLENCIA O MALAS CONDICIONES FISICAS (SUENIO, CANSANCIO Y FATIGA).",CHOQUE LATERAL,AUTOMOVIL,1,0,0,0,0,0,0,0,0,0,0,0,0,1,48,HOMBRE,ILESO,CONDUCTOR PRESENTE,NO,NO,0
15713,49530,49531,2018,0,0,-0.209101,-78.365448,PICHINCHA,QUITO,PUEMBO,URBANA,2018-10-24,07:40:00,7,MIERCOLES,3,OCTUBRE,10,NO,NO MANTENER LA DISTANCIA PRUDENCIAL CON RESPECTO AL VEHICULO QUE LE ANTECEDE.,COLISION,CAMIONETA,2,0,0,0,3,0,0,0,0,0,0,0,0,5,38,MUJER,ILESO,CONDUCTOR PRESENTE,NO,NO,0
15714,49536,49537,2018,0,0,-0.199051,-78.487045,PICHINCHA,QUITO,QUITO,URBANA,2018-10-24,09:15:00,9,MIERCOLES,3,OCTUBRE,10,NO,"CONDUCIR DESATENTO A LAS CONDICIONES DE TRANSITO (CELULAR, PANTALLAS DE VIDEO, COMIDA, MAQUILLAJE O CUALQUIER OTRO ELEMENTO DISTRACTOR).",CHOQUE LATERAL,AUTOMOVIL,2,0,0,0,0,0,0,0,0,0,0,0,0,2,25,MUJER,ILESO,CONDUCTOR PRESENTE,NO,NO,0
15715,49538,49539,2018,1,0,-0.232366,-78.503038,PICHINCHA,QUITO,QUITO,URBANA,2018-10-24,09:25:00,9,MIERCOLES,3,OCTUBRE,10,NO,CONDUCIR EN SENTIDO CONTRARIO A LA VIA NORMAL DE CIRCULACION.,CHOQUE LATERAL,CAMIONETA,0,0,0,0,1,0,0,0,1,0,0,0,0,2,51,HOMBRE,LESIONADO,CONDUCTOR PRESENTE,NO,NO,0
15716,49539,49540,2018,0,0,-0.167794,-78.487392,PICHINCHA,QUITO,QUITO,URBANA,2018-10-24,10:35:00,10,MIERCOLES,3,OCTUBRE,10,NO,NO MANTENER LA DISTANCIA PRUDENCIAL CON RESPECTO AL VEHICULO QUE LE ANTECEDE.,COLISION,AUTOMOVIL,3,0,0,0,0,0,0,0,0,0,0,0,0,3,57,MUJER,ILESO,CONDUCTOR PRESENTE,NO,NO,0
15717,49553,49554,2018,0,0,-0.131228,-78.475816,PICHINCHA,QUITO,QUITO,URBANA,2018-10-24,15:50:00,15,MIERCOLES,3,OCTUBRE,10,NO,"NO RESPETAR LAS SENIALES REGLAMENTARIAS DE TRANSITO. (PARE, CEDA EL PASO, LUZ ROJA DEL SEMAFORO, ETC).",ESTRELLAMIENTOS,AUTOMOVIL,2,0,0,0,0,0,0,0,0,0,0,0,0,2,-1,NO IDENTIFICADO,NO IDENTIFICADO,CONDUCTOR AUSENTE,NO,NO,2
15718,49554,49555,2018,0,0,-0.220421,-78.522328,PICHINCHA,QUITO,QUITO,URBANA,2018-10-24,15:50:00,15,MIERCOLES,3,OCTUBRE,10,NO,NO MANTENER LA DISTANCIA PRUDENCIAL CON RESPECTO AL VEHICULO QUE LE ANTECEDE.,CHOQUE POSTERIOR,AUTOMOVIL,2,0,0,0,0,0,0,0,0,0,0,0,0,2,27,HOMBRE,ILESO,CONDUCTOR PRESENTE,NO,NO,0
15719,49555,49556,2018,0,0,-0.091737,-78.330066,PICHINCHA,QUITO,EL QUINCHE,RURAL,2018-10-24,16:20:00,16,MIERCOLES,3,OCTUBRE,10,NO,NO MANTENER LA DISTANCIA PRUDENCIAL CON RESPECTO AL VEHICULO QUE LE ANTECEDE.,CHOQUE POSTERIOR,AUTOMOVIL,2,0,0,0,0,0,0,0,0,0,0,0,0,2,24,HOMBRE,ILESO,CONDUCTOR PRESENTE,NO,NO,3
15720,49560,49561,2018,0,0,-0.318873,-78.552489,PICHINCHA,QUITO,QUITO,URBANA,2018-10-24,17:00:00,17,MIERCOLES,3,OCTUBRE,10,NO,NO GUARDAR LA DISTANCIA LATERAL MINIMA DE SEGURIDAD ENTRE VEHICULOS.,ROZAMIENTOS,AUTOMOVIL,1,0,0,0,0,0,0,0,1,0,0,0,0,2,26,HOMBRE,ILESO,CONDUCTOR PRESENTE,NO,NO,0
15721,49563,49564,2018,0,0,-0.115712,-78.454341,PICHINCHA,QUITO,CALDERON (CARAPUNGO),URBANA,2018-10-24,17:50:00,17,MIERCOLES,3,OCTUBRE,10,NO,NO MANTENER LA DISTANCIA PRUDENCIAL CON RESPECTO AL VEHICULO QUE LE ANTECEDE.,COLISION,CAMION,1,0,1,1,0,0,0,0,0,0,0,0,0,3,27,HOMBRE,ILESO,CONDUCTOR PRESENTE,NO,NO,0
15722,49567,49568,2018,0,1,-0.261034,-78.479681,PICHINCHA,QUITO,CONOCOTO,URBANA,2018-10-24,19:00:00,19,MIERCOLES,3,OCTUBRE,10,NO,CONDUCIR VEHICULO SUPERANDO LOS LIMITES MAXIMOS DE VELOCIDAD.,ESTRELLAMIENTOS,CAMIONETA,0,0,0,0,1,0,0,0,0,0,0,0,0,1,39,HOMBRE,FALLECIDO,CONDUCTOR PRESENTE,NO,NO,0
15723,49569,49570,2018,1,0,-0.058111,-78.344101,PICHINCHA,QUITO,GUAYLLABAMBA,URBANA,2018-10-24,19:40:00,19,MIERCOLES,3,OCTUBRE,10,NO,"NO RESPETAR LAS SENIALES REGLAMENTARIAS DE TRANSITO. (PARE, CEDA EL PASO, LUZ ROJA DEL SEMAFORO, ETC).",CHOQUE LATERAL,AUTOMOVIL,1,0,0,0,0,0,0,0,1,0,0,0,0,2,24,HOMBRE,LESIONADO,CONDUCTOR PRESENTE,NO,NO,0
15724,49575,49576,2018,2,0,-0.254522,-78.504693,PICHINCHA,QUITO,QUITO,URBANA,2018-10-24,21:00:00,21,MIERCOLES,3,OCTUBRE,10,NO,"CONDUCIR EN ESTADO DE SOMNOLENCIA O MALAS CONDICIONES FISICAS (SUENIO, CANSANCIO Y FATIGA).",ATROPELLOS,CAMIONETA,0,0,0,0,1,0,0,0,0,0,0,0,0,1,38,HOMBRE,LESIONADO,PEATON,NO,NO,0
15725,49577,49578,2018,0,0,-0.289191,-78.541771,PICHINCHA,QUITO,QUITO,URBANA,2018-10-24,21:20:00,21,MIERCOLES,3,OCTUBRE,10,NO,NO GUARDAR LA DISTANCIA LATERAL MINIMA DE SEGURIDAD ENTRE VEHICULOS.,CHOQUE LATERAL,AUTOMOVIL,2,0,0,0,0,0,0,0,0,0,0,0,0,2,50,HOMBRE,ILESO,CONDUCTOR PRESENTE,NO,NO,0
15726,49578,49579,2018,0,0,-0.241248,-78.534643,PICHINCHA,QUITO,QUITO,URBANA,2018-10-24,21:40:00,21,MIERCOLES,3,OCTUBRE,10,NO,NO MANTENER LA DISTANCIA PRUDENCIAL CON RESPECTO AL VEHICULO QUE LE ANTECEDE.,OTROS,CAMION,0,0,0,1,0,0,0,0,0,0,0,0,0,1,24,HOMBRE,ILESO,CONDUCTOR PRESENTE,NO,NO,0
15727,49579,49580,2018,1,0,-0.210015,-78.511764,PICHINCHA,QUITO,QUITO,URBANA,2018-10-24,22:00:00,22,MIERCOLES,3,OCTUBRE,10,NO,"NO RESPETAR LAS SENIALES REGLAMENTARIAS DE TRANSITO. (PARE, CEDA EL PASO, LUZ ROJA DEL SEMAFORO, ETC).",CHOQUE POSTERIOR,AUTOMOVIL,1,0,0,0,0,0,0,0,1,0,0,0,0,2,30,HOMBRE,LESIONADO,CONDUCTOR PRESENTE,NO,NO,0
15728,49588,49589,2018,0,0,-0.212824,-78.402686,PICHINCHA,QUITO,TUMBACO,URBANA,2018-10-25,04:40:00,4,JUEVES,4,OCTUBRE,10,NO,"CONDUCIR EN ESTADO DE SOMNOLENCIA O MALAS CONDICIONES FISICAS (SUENIO, CANSANCIO Y FATIGA).",ESTRELLAMIENTOS,AUTOMOVIL,1,0,0,0,0,0,0,0,0,0,0,0,0,1,22,HOMBRE,ILESO,CONDUCTOR PRESENTE,NO,NO,0
15729,49593,49594,2018,0,0,-0.269971,-78.528031,PICHINCHA,QUITO,QUITO,URBANA,2018-10-25,07:10:00,7,JUEVES,4,OCTUBRE,10,NO,"FALLA MECANICA EN LOS SISTEMAS Y/O NEUMATICOS (SISTEMA DE FRENOS, DIRECCION, ELECTRONICO O MECANICO).",COLISION,AUTOMOVIL,3,0,0,0,0,0,0,0,0,0,0,0,0,3,26,MUJER,ILESO,CONDUCTOR PRESENTE,NO,NO,0
15730,49596,49597,2018,0,0,-0.283685,-78.535589,PICHINCHA,QUITO,QUITO,URBANA,2018-10-25,08:00:00,8,JUEVES,4,OCTUBRE,10,NO,PEATON QUE CRUZA LA CALZADA SIN RESPETAR LA SENIALIZACION EXISTENTE (SEMAFOROS O SENIALES MANUALES).,ATROPELLOS,AUTOMOVIL,1,0,0,0,0,0,0,0,0,0,0,0,0,1,28,HOMBRE,ILESO,CONDUCTOR PRESENTE,NO,NO,0
15731,49598,49599,2018,1,0,0.005125,-78.175219,PICHINCHA,CAYAMBE,CANGAHUA,URBANA,2018-10-25,08:30:00,8,JUEVES,4,OCTUBRE,10,NO,"CONDUCIR DESATENTO A LAS CONDICIONES DE TRANSITO (CELULAR, PANTALLAS DE VIDEO, COMIDA, MAQUILLAJE O CUALQUIER OTRO ELEMENTO DISTRACTOR).",ESTRELLAMIENTOS,BUS,0,0,1,0,0,0,0,0,1,0,0,0,0,2,20,HOMBRE,LESIONADO,CONDUCTOR PRESENTE,NO,NO,0
15732,49602,49603,2018,0,0,-0.164463,-78.482741,PICHINCHA,QUITO,QUITO,URBANA,2018-10-25,10:00:00,10,JUEVES,4,OCTUBRE,10,NO,NO GUARDAR LA DISTANCIA LATERAL MINIMA DE SEGURIDAD ENTRE VEHICULOS.,CHOQUE LATERAL,AUTOMOVIL,2,0,0,0,0,0,0,0,0,0,0,0,0,2,20,HOMBRE,ILESO,CONDUCTOR PRESENTE,NO,NO,0
15733,49603,49604,2018,1,0,0.045333,-78.217003,PICHINCHA,PEDRO MONCAYO,TABACUNDO,URBANA,2018-10-25,11:30:00,11,JUEVES,4,OCTUBRE,10,NO,"CONDUCIR DESATENTO A LAS CONDICIONES DE TRANSITO (CELULAR, PANTALLAS DE VIDEO, COMIDA, MAQUILLAJE O CUALQUIER OTRO ELEMENTO DISTRACTOR).",ATROPELLOS,CAMION,0,0,0,1,0,0,0,0,0,0,0,0,0,1,74,HOMBRE,LESIONADO,PEATON,NO,NO,0
15734,49605,49606,2018,0,0,-0.200434,-78.435561,PICHINCHA,QUITO,CUMBAYA,URBANA,2018-10-25,11:55:00,11,JUEVES,4,OCTUBRE,10,NO,NO GUARDAR LA DISTANCIA LATERAL MINIMA DE SEGURIDAD ENTRE VEHICULOS.,CHOQUE LATERAL,AUTOMOVIL,1,0,0,0,0,0,0,0,0,0,0,0,0,1,27,HOMBRE,ILESO,CONDUCTOR PRESENTE,NO,NO,0
15735,49607,49608,2018,0,0,-0.175517,-78.488386,PICHINCHA,QUITO,QUITO,URBANA,2018-10-25,12:10:00,12,JUEVES,4,OCTUBRE,10,NO,NO MANTENER LA DISTANCIA PRUDENCIAL CON RESPECTO AL VEHICULO QUE LE ANTECEDE.,CHOQUE POSTERIOR,AUTOMOVIL,2,0,0,0,0,0,0,0,0,0,0,0,0,2,36,MUJER,ILESO,CONDUCTOR PRESENTE,NO,NO,0
15736,49617,49618,2018,0,0,-0.242475,-78.497488,PICHINCHA,QUITO,QUITO,URBANA,2018-10-25,17:40:00,17,JUEVES,4,OCTUBRE,10,NO,CONDUCIR VEHICULO SUPERANDO LOS LIMITES MAXIMOS DE VELOCIDAD.,CHOQUE POSTERIOR,AUTOMOVIL,2,0,0,0,0,0,0,0,0,0,0,0,0,2,21,MUJER,ILESO,CONDUCTOR PRESENTE,NO,NO,0
15737,49621,49622,2018,0,0,-0.163294,-78.462564,PICHINCHA,QUITO,QUITO,URBANA,2018-10-25,19:20:00,19,JUEVES,4,OCTUBRE,10,NO,"CONDUCE BAJO LA INFLUENCIA DE ALCOHOL, SUSTANCIAS ESTUPEFACIENTES O PSICOTROPICAS Y/O MEDICAMENTOS.",CHOQUE POSTERIOR,CAMIONETA,1,0,0,0,1,0,0,0,0,0,0,0,0,2,25,HOMBRE,ILESO,CONDUCTOR PRESENTE,NO,NO,0
15738,49624,49625,2018,1,0,-0.168071,-78.478515,PICHINCHA,QUITO,QUITO,URBANA,2018-10-25,19:30:00,19,JUEVES,4,OCTUBRE,10,NO,"NO RESPETAR LAS SENIALES REGLAMENTARIAS DE TRANSITO. (PARE, CEDA EL PASO, LUZ ROJA DEL SEMAFORO, ETC).",OTROS,MOTOCICLETA,0,0,0,0,0,0,0,0,1,1,0,0,0,2,63,HOMBRE,LESIONADO,CONDUCTOR PRESENTE,NO,NO,0
15739,49628,49629,2018,0,0,-0.230682,-78.509963,PICHINCHA,QUITO,QUITO,URBANA,2018-10-25,19:45:00,19,JUEVES,4,OCTUBRE,10,NO,"CONDUCE BAJO LA INFLUENCIA DE ALCOHOL, SUSTANCIAS ESTUPEFACIENTES O PSICOTROPICAS Y/O MEDICAMENTOS.",COLISION,AUTOMOVIL,4,0,0,0,0,0,0,0,0,0,0,0,0,4,29,HOMBRE,ILESO,CONDUCTOR PRESENTE,NO,NO,0
15740,49635,49636,2018,1,0,-0.127286,-78.498456,PICHINCHA,QUITO,QUITO,URBANA,2018-10-25,22:00:00,22,JUEVES,4,OCTUBRE,10,NO,NO CEDER EL DERECHO DE VIA O PREFERENCIA DE PASO AL PEATON.,ATROPELLOS,CAMIONETA,0,0,0,0,1,0,0,0,0,0,0,0,0,1,31,HOMBRE,LESIONADO,PEATON,NO,NO,0
15741,49636,49637,2018,0,0,-0.307923,-78.545151,PICHINCHA,QUITO,QUITO,URBANA,2018-10-25,22:20:00,22,JUEVES,4,OCTUBRE,10,NO,"NO RESPETAR LAS SENIALES REGLAMENTARIAS DE TRANSITO. (PARE, CEDA EL PASO, LUZ ROJA DEL SEMAFORO, ETC).",CHOQUE LATERAL,AUTOMOVIL,1,0,0,1,0,0,0,0,0,0,0,0,0,2,29,HOMBRE,ILESO,CONDUCTOR PRESENTE,NO,NO,0
15742,49644,49645,2018,0,0,-0.144204,-78.500066,PICHINCHA,QUITO,QUITO,URBANA,2018-10-26,01:10:00,1,VIERNES,5,OCTUBRE,10,NO,"NO RESPETAR LAS SENIALES REGLAMENTARIAS DE TRANSITO. (PARE, CEDA EL PASO, LUZ ROJA DEL SEMAFORO, ETC).",ESTRELLAMIENTOS,AUTOMOVIL,2,0,0,0,0,0,0,0,0,0,0,0,0,2,32,MUJER,ILESO,CONDUCTOR PRESENTE,NO,NO,0
15743,49648,49649,2018,1,0,-0.221348,-78.396647,PICHINCHA,QUITO,TUMBACO,URBANA,2018-10-26,02:30:00,2,VIERNES,5,OCTUBRE,10,NO,CONDUCIR VEHICULO SUPERANDO LOS LIMITES MAXIMOS DE VELOCIDAD.,ESTRELLAMIENTOS,AUTOMOVIL,1,0,0,0,0,0,0,0,0,0,0,0,0,1,40,HOMBRE,LESIONADO,CONDUCTOR PRESENTE,NO,NO,0