,Unnamed: 0,ID,ANIO,LESIONADOS,FALLECIDOS,LATITUD_Y,LONGITUD_X,PROVINCIA,CANTON,PARROQUIA,ZONA,FECHA,HORA,PERIODO_2,DIA_1,DIA_2,MES_1,MES_2,FERIADO,CAUSA_PROBABLE,TIPO_DE_SINIESTRO,TIPO_DE_VEHICULO_1,AUTOMOVIL,BICICLETA,BUS,CAMION,CAMIONETA,EMERGENCIAS,ESPECIAL,FURGONETA,MOTOCICLETA,NO_IDENTIFICADO,SCOOTER_ELECTRICO,TRICIMOTO,VEHICULO_DEPORTIVO_UTILITARIO,SUMA_DE_VEHICULOS,EDAD_1,SEXO_1,CONDICION_1,PARTICIPANTE_1,CASCO_1,CINTURON_1,KMeans_Cluster
15801,49890,49891,2018,0,0,-0.324991,-78.551069,PICHINCHA,QUITO,QUITO,URBANA,2018-10-28,19:00:00,19,DOMINGO,7,OCTUBRE,10,NO,"CONDUCE BAJO LA INFLUENCIA DE ALCOHOL, SUSTANCIAS ESTUPEFACIENTES O PSICOTROPICAS Y/O MEDICAMENTOS.",CHOQUE POSTERIOR,AUTOMOVIL,2,0,0,0,0,0,0,0,0,0,0,0,0,2,38,HOMBRE,ILESO,CONDUCTOR PRESENTE,NO,NO,0
15802,49893,49894,2018,3,0,-0.308006,-78.559416,PICHINCHA,QUITO,QUITO,URBANA,2018-10-28,20:10:00,20,DOMINGO,7,OCTUBRE,10,NO,NO GUARDAR LA DISTANCIA LATERAL MINIMA DE SEGURIDAD ENTRE VEHICULOS.,ROZAMIENTOS,MOTOCICLETA,0,0,0,0,0,0,0,0,1,1,0,0,0,2,32,HOMBRE,LESIONADO,CONDUCTOR PRESENTE,NO,NO,0
15803,49903,49904,2018,1,0,-0.332837,-78.550463,PICHINCHA,QUITO,QUITO,URBANA,2018-10-28,22:30:00,22,DOMINGO,7,OCTUBRE,10,NO,CONDUCIR VEHICULO SUPERANDO LOS LIMITES MAXIMOS DE VELOCIDAD.,ESTRELLAMIENTOS,MOTOCICLETA,0,0,0,0,0,0,0,0,1,0,0,0,0,1,25,HOMBRE,LESIONADO,CONDUCTOR PRESENTE,NO,NO,0
15804,49904,49905,2018,0,0,-0.328479,-78.522294,PICHINCHA,QUITO,QUITO,URBANA,2018-10-28,22:55:00,22,DOMINGO,7,OCTUBRE,10,NO,CONDUCIR VEHICULO SUPERANDO LOS LIMITES MAXIMOS DE VELOCIDAD.,ESTRELLAMIENTOS,AUTOMOVIL,1,0,0,0,0,0,0,0,0,0,0,0,0,1,-1,NO IDENTIFICADO,NO IDENTIFICADO,CONDUCTOR AUSENTE,NO,NO,2
15805,49905,49906,2018,5,0,-0.437588,-78.704223,PICHINCHA,MEJIA,ALOAG,RURAL,2018-10-28,23:00:00,23,DOMINGO,7,OCTUBRE,10,NO,"CONDUCIR DESATENTO A LAS CONDICIONES DE TRANSITO (CELULAR, PANTALLAS DE VIDEO, COMIDA, MAQUILLAJE O CUALQUIER OTRO ELEMENTO DISTRACTOR).",CHOQUE LATERAL,AUTOMOVIL,1,0,0,1,0,0,0,0,0,0,0,0,0,2,24,HOMBRE,LESIONADO,PASAJERO,NO,NO,3
15806,49911,49912,2018,1,0,-0.292493,-78.560852,PICHINCHA,QUITO,QUITO,URBANA,2018-10-29,05:35:00,5,LUNES,1,OCTUBRE,10,NO,"NO RESPETAR LAS SENIALES REGLAMENTARIAS DE TRANSITO. (PARE, CEDA EL PASO, LUZ ROJA DEL SEMAFORO, ETC).",CHOQUE LATERAL,BUS,0,0,1,0,0,0,0,0,1,0,0,0,0,2,33,HOMBRE,LESIONADO,CONDUCTOR PRESENTE,NO,NO,0
15807,49912,49913,2018,1,0,-0.232351,-78.524315,PICHINCHA,QUITO,QUITO,URBANA,2018-10-29,05:43:00,5,LUNES,1,OCTUBRE,10,NO,NO CEDER EL DERECHO DE VIA O PREFERENCIA DE PASO AL PEATON.,ATROPELLOS,MOTOCICLETA,0,0,0,0,0,0,0,0,1,0,0,0,0,1,23,HOMBRE,LESIONADO,CONDUCTOR PRESENTE,NO,NO,0
15808,49915,49916,2018,1,0,-0.056941,-78.454057,PICHINCHA,QUITO,POMASQUI,URBANA,2018-10-29,06:40:00,6,LUNES,1,OCTUBRE,10,NO,PEATON QUE CRUZA LA CALZADA SIN RESPETAR LA SENIALIZACION EXISTENTE (SEMAFOROS O SENIALES MANUALES).,ARROLLAMIENTOS,BUS,0,0,1,0,0,0,0,0,0,0,0,0,0,1,70,HOMBRE,LESIONADO,PEATON,NO,NO,0
15809,49916,49917,2018,0,0,-0.329337,-78.548818,PICHINCHA,QUITO,QUITO,URBANA,2018-10-29,06:55:00,6,LUNES,1,OCTUBRE,10,NO,"ADELANTAR O REBASAR A OTRO VEHICULO EN MOVIMIENTO EN ZONAS O SITIOS PELIGROSOS TALES COMO: CURVAS, PUENTES, TUNELES, PENDIENTES, ETC.",CHOQUE LATERAL,FURGONETA,1,0,0,0,0,0,0,1,0,0,0,0,0,2,35,MUJER,ILESO,CONDUCTOR PRESENTE,NO,NO,0
15810,49917,49918,2018,1,0,-0.283167,-78.466111,PICHINCHA,QUITO,CONOCOTO,URBANA,2018-10-29,07:00:00,7,LUNES,1,OCTUBRE,10,NO,NO CEDER EL DERECHO DE VIA O PREFERENCIA DE PASO AL PEATON.,ATROPELLOS,NO IDENTIFICADO,0,0,0,0,0,0,0,0,0,1,0,0,0,1,69,HOMBRE,LESIONADO,PEATON,NO,NO,0
15811,49918,49919,2018,1,0,-0.088884,-78.439915,PICHINCHA,QUITO,CALDERON (CARAPUNGO),URBANA,2018-10-29,07:01:00,7,LUNES,1,OCTUBRE,10,NO,"FALLA MECANICA EN LOS SISTEMAS Y/O NEUMATICOS (SISTEMA DE FRENOS, DIRECCION, ELECTRONICO O MECANICO).",ATROPELLOS,AUTOMOVIL,1,0,0,0,0,0,0,0,0,0,0,0,0,1,51,HOMBRE,LESIONADO,PEATON,NO,NO,0
15812,49921,49922,2018,0,1,-0.180878,-78.478463,PICHINCHA,QUITO,QUITO,URBANA,2018-10-29,08:14:00,8,LUNES,1,OCTUBRE,10,NO,PEATON QUE CRUZA LA CALZADA SIN RESPETAR LA SENIALIZACION EXISTENTE (SEMAFOROS O SENIALES MANUALES).,ATROPELLOS,BUS,0,0,1,0,0,0,0,0,0,0,0,0,0,1,35,HOMBRE,FALLECIDO,PEATON,NO,NO,0
15813,49929,49930,2018,1,0,-0.103479,-78.509386,PICHINCHA,QUITO,QUITO,URBANA,2018-10-29,09:35:00,9,LUNES,1,OCTUBRE,10,NO,NO GUARDAR LA DISTANCIA LATERAL MINIMA DE SEGURIDAD ENTRE VEHICULOS.,ROZAMIENTOS,BICICLETA,0,1,0,0,0,0,0,0,0,0,0,0,1,2,22,HOMBRE,LESIONADO,CONDUCTOR PRESENTE,NO,NO,0
15814,49930,49931,2018,0,0,-0.179484,-78.481485,PICHINCHA,QUITO,QUITO,URBANA,2018-10-29,09:40:00,9,LUNES,1,OCTUBRE,10,NO,NO GUARDAR LA DISTANCIA LATERAL MINIMA DE SEGURIDAD ENTRE VEHICULOS.,CHOQUE LATERAL,AUTOMOVIL,2,0,0,0,0,0,0,0,0,0,0,0,0,2,65,MUJER,ILESO,CONDUCTOR PRESENTE,NO,NO,0
15815,49935,49936,2018,0,0,-0.128335,-78.469783,PICHINCHA,QUITO,QUITO,URBANA,2018-10-29,11:15:00,11,LUNES,1,OCTUBRE,10,NO,"MAL ESTACIONADO - EL CONDUCTOR QUE DETENGA O ESTACIONE VEHICULOS EN SITIOS O ZONAS QUE ENTRANIEN PELIGRO, TALES COMO ZONA DE SEGURIDAD, CURVAS, PUENTES, TUNELES, PENDIENTES.",ESTRELLAMIENTOS,AUTOMOVIL,1,0,0,1,0,0,0,0,0,0,0,0,0,2,52,HOMBRE,ILESO,CONDUCTOR PRESENTE,NO,NO,0
15816,49943,49944,2018,0,0,-0.210064,-78.505472,PICHINCHA,QUITO,QUITO,URBANA,2018-10-29,13:50:00,13,LUNES,1,OCTUBRE,10,NO,"NO RESPETAR LAS SENIALES REGLAMENTARIAS DE TRANSITO. (PARE, CEDA EL PASO, LUZ ROJA DEL SEMAFORO, ETC).",CHOQUE LATERAL,AUTOMOVIL,2,0,0,0,0,0,0,0,0,0,0,0,0,2,50,HOMBRE,ILESO,CONDUCTOR PRESENTE,NO,NO,0
15817,49950,49951,2018,1,0,-0.311251,-78.564544,PICHINCHA,QUITO,QUITO,URBANA,2018-10-29,15:30:00,15,LUNES,1,OCTUBRE,10,NO,NO TRANSITAR POR LAS ACERAS O ZONAS DE SEGURIDAD DESTINADAS PARA EL EFECTO.,ATROPELLOS,AUTOMOVIL,1,0,0,0,0,0,0,0,0,0,0,0,0,1,6,HOMBRE,LESIONADO,PEATON,NO,NO,0
15818,49952,49953,2018,0,0,-0.226486,-78.339567,PICHINCHA,QUITO,PIFO,URBANA,2018-10-29,15:45:00,15,LUNES,1,OCTUBRE,10,NO,CONDUCIR VEHICULO SUPERANDO LOS LIMITES MAXIMOS DE VELOCIDAD.,COLISION,AUTOMOVIL,3,0,0,0,0,0,0,0,0,0,0,0,0,3,29,HOMBRE,ILESO,CONDUCTOR PRESENTE,NO,NO,0
15819,49956,49957,2018,1,0,-0.205741,-78.432577,PICHINCHA,QUITO,CUMBAYA,URBANA,2018-10-29,16:55:00,16,LUNES,1,OCTUBRE,10,NO,"NO RESPETAR LAS SENIALES REGLAMENTARIAS DE TRANSITO. (PARE, CEDA EL PASO, LUZ ROJA DEL SEMAFORO, ETC).",CHOQUE LATERAL,AUTOMOVIL,1,0,0,0,0,0,0,0,1,0,0,0,0,2,37,HOMBRE,LESIONADO,CONDUCTOR PRESENTE,NO,NO,0
15820,49968,49969,2018,0,0,-0.281891,-78.493381,PICHINCHA,QUITO,CONOCOTO,URBANA,2018-10-29,19:00:00,19,LUNES,1,OCTUBRE,10,NO,"ADELANTAR O REBASAR A OTRO VEHICULO EN MOVIMIENTO EN ZONAS O SITIOS PELIGROSOS TALES COMO: CURVAS, PUENTES, TUNELES, PENDIENTES, ETC.",CHOQUE LATERAL,AUTOMOVIL,1,0,0,0,1,0,0,0,0,0,0,0,0,2,36,HOMBRE,ILESO,CONDUCTOR PRESENTE,NO,NO,0
15821,49970,49971,2018,0,0,-0.235681,-78.524885,PICHINCHA,QUITO,QUITO,URBANA,2018-10-29,20:03:00,20,LUNES,1,OCTUBRE,10,NO,"NO RESPETAR LAS SENIALES REGLAMENTARIAS DE TRANSITO. (PARE, CEDA EL PASO, LUZ ROJA DEL SEMAFORO, ETC).",OTROS,MOTOCICLETA,0,0,0,0,0,0,0,0,1,0,0,0,0,1,-1,NO IDENTIFICADO,NO IDENTIFICADO,CONDUCTOR AUSENTE,NO,NO,2
15822,49971,49972,2018,0,0,-0.299432,-78.559038,PICHINCHA,QUITO,QUITO,URBANA,2018-10-29,21:25:00,21,LUNES,1,OCTUBRE,10,NO,"CONDUCE BAJO LA INFLUENCIA DE ALCOHOL, SUSTANCIAS ESTUPEFACIENTES O PSICOTROPICAS Y/O MEDICAMENTOS.",CHOQUE POSTERIOR,AUTOMOVIL,2,0,0,0,0,0,0,0,0,0,0,0,0,2,29,HOMBRE,ILESO,CONDUCTOR PRESENTE,NO,NO,0
15823,49972,49973,2018,0,0,-0.188792,-78.482681,PICHINCHA,QUITO,QUITO,URBANA,2018-10-29,22:04:00,22,LUNES,1,OCTUBRE,10,NO,"NO RESPETAR LAS SENIALES REGLAMENTARIAS DE TRANSITO. (PARE, CEDA EL PASO, LUZ ROJA DEL SEMAFORO, ETC).",VOLCAMIENTOS,CAMIONETA,0,0,0,0,1,0,0,0,0,0,0,0,0,1,-1,NO IDENTIFICADO,NO IDENTIFICADO,CONDUCTOR AUSENTE,NO,NO,2
15824,49975,49976,2018,0,0,-0.236991,-78.530107,PICHINCHA,QUITO,QUITO,URBANA,2018-10-29,23:20:00,23,LUNES,1,OCTUBRE,10,NO,NO GUARDAR LA DISTANCIA LATERAL MINIMA DE SEGURIDAD ENTRE VEHICULOS.,CHOQUE LATERAL,MOTOCICLETA,0,0,1,0,0,0,0,0,1,0,0,0,0,2,25,HOMBRE,ILESO,CONDUCTOR PRESENTE,NO,NO,0
15825,49977,49978,2018,2,0,0.017752,-78.163192,PICHINCHA,CAYAMBE,CAYAMBE,URBANA,2018-10-29,23:45:00,23,LUNES,1,OCTUBRE,10,NO,"CONDUCIR DESATENTO A LAS CONDICIONES DE TRANSITO (CELULAR, PANTALLAS DE VIDEO, COMIDA, MAQUILLAJE O CUALQUIER OTRO ELEMENTO DISTRACTOR).",PERDIDA DE PISTA,MOTOCICLETA,0,0,0,0,0,0,0,0,1,0,0,0,0,1,21,MUJER,LESIONADO,PASAJERO,NO,NO,0
15826,49980,49981,2018,0,0,-0.075193,-78.458032,PICHINCHA,QUITO,QUITO,URBANA,2018-10-30,05:30:00,5,MARTES,2,OCTUBRE,10,NO,CONDUCIR VEHICULO SUPERANDO LOS LIMITES MAXIMOS DE VELOCIDAD.,ESTRELLAMIENTOS,CAMIONETA,0,0,0,0,1,0,0,0,0,0,0,0,0,1,-1,NO IDENTIFICADO,NO IDENTIFICADO,CONDUCTOR AUSENTE,NO,NO,2
15827,49982,49983,2018,0,0,-0.254686,-78.504316,PICHINCHA,QUITO,QUITO,URBANA,2018-10-30,06:30:00,6,MARTES,2,OCTUBRE,10,NO,CONDUCIR VEHICULO SUPERANDO LOS LIMITES MAXIMOS DE VELOCIDAD.,COLISION,AUTOMOVIL,4,0,0,0,0,0,0,0,0,0,0,0,0,4,61,HOMBRE,ILESO,CONDUCTOR PRESENTE,NO,NO,0
15828,49987,49988,2018,0,0,-0.111159,-78.484659,PICHINCHA,QUITO,QUITO,URBANA,2018-10-30,07:05:00,7,MARTES,2,OCTUBRE,10,NO,NO GUARDAR LA DISTANCIA LATERAL MINIMA DE SEGURIDAD ENTRE VEHICULOS.,CHOQUE LATERAL,AUTOMOVIL,1,0,0,0,0,0,0,0,0,0,0,0,0,1,35,MUJER,ILESO,CONDUCTOR PRESENTE,NO,NO,0
15829,49990,49991,2018,0,0,-0.177312,-78.475731,PICHINCHA,QUITO,QUITO,URBANA,2018-10-30,09:25:00,9,MARTES,2,OCTUBRE,10,NO,NO MANTENER LA DISTANCIA PRUDENCIAL CON RESPECTO AL VEHICULO QUE LE ANTECEDE.,COLISION,AUTOMOVIL,2,0,0,0,0,0,0,0,0,1,0,0,0,3,24,HOMBRE,ILESO,CONDUCTOR PRESENTE,NO,NO,0
15830,49991,49992,2018,1,0,-0.200434,-78.435561,PICHINCHA,QUITO,CUMBAYA,URBANA,2018-10-30,09:25:00,9,MARTES,2,OCTUBRE,10,NO,"NO RESPETAR LAS SENIALES REGLAMENTARIAS DE TRANSITO. (PARE, CEDA EL PASO, LUZ ROJA DEL SEMAFORO, ETC).",ATROPELLOS,MOTOCICLETA,0,0,0,0,0,0,0,0,1,0,0,0,0,1,68,MUJER,LESIONADO,PEATON,NO,NO,0
15831,49992,49993,2018,0,1,-0.328239,-78.538128,PICHINCHA,QUITO,QUITO,URBANA,2018-10-30,10:00:00,10,MARTES,2,OCTUBRE,10,NO,PEATON QUE CRUZA LA CALZADA SIN RESPETAR LA SENIALIZACION EXISTENTE (SEMAFOROS O SENIALES MANUALES).,ATROPELLOS,NO IDENTIFICADO,0,0,0,0,0,0,0,0,0,1,0,0,0,1,73,MUJER,FALLECIDO,PASAJERO,NO,NO,0
15832,50011,50012,2018,0,0,-0.135719,-78.482163,PICHINCHA,QUITO,QUITO,URBANA,2018-10-30,16:45:00,16,MARTES,2,OCTUBRE,10,NO,NO MANTENER LA DISTANCIA PRUDENCIAL CON RESPECTO AL VEHICULO QUE LE ANTECEDE.,CHOQUE POSTERIOR,AUTOMOVIL,2,0,0,0,0,0,0,0,0,0,0,0,0,2,21,HOMBRE,ILESO,CONDUCTOR PRESENTE,NO,NO,0
15833,50020,50021,2018,0,0,-0.270645,-78.556805,PICHINCHA,QUITO,QUITO,URBANA,2018-10-30,20:05:00,20,MARTES,2,OCTUBRE,10,NO,NO GUARDAR LA DISTANCIA LATERAL MINIMA DE SEGURIDAD ENTRE VEHICULOS.,OTROS,MOTOCICLETA,0,0,0,0,0,0,0,0,1,1,0,0,0,2,21,HOMBRE,ILESO,CONDUCTOR PRESENTE,NO,NO,0
15834,50021,50022,2018,3,0,-0.124331,-78.466092,PICHINCHA,QUITO,QUITO,URBANA,2018-10-30,20:25:00,20,MARTES,2,OCTUBRE,10,NO,NO CEDER EL DERECHO DE VIA O PREFERENCIA DE PASO AL PEATON.,ATROPELLOS,MOTOCICLETA,0,0,0,0,0,0,0,0,1,0,0,0,0,1,27,MUJER,LESIONADO,PEATON,NO,NO,0
15835,50026,50027,2018,0,0,-0.188131,-78.487511,PICHINCHA,QUITO,QUITO,URBANA,2018-10-31,01:05:00,1,MIERCOLES,3,OCTUBRE,10,NO,"CONDUCIR EN ESTADO DE SOMNOLENCIA O MALAS CONDICIONES FISICAS (SUENIO, CANSANCIO Y FATIGA).",ESTRELLAMIENTOS,AUTOMOVIL,1,0,0,0,0,0,0,0,0,0,0,0,0,1,29,HOMBRE,ILESO,CONDUCTOR PRESENTE,NO,NO,0
15836,50029,50030,2018,0,0,-0.222563,-78.513543,PICHINCHA,QUITO,QUITO,URBANA,2018-10-31,04:50:00,4,MIERCOLES,3,OCTUBRE,10,NO,"CONDUCIR EN ESTADO DE SOMNOLENCIA O MALAS CONDICIONES FISICAS (SUENIO, CANSANCIO Y FATIGA).",CHOQUE LATERAL,AUTOMOVIL,1,0,0,0,0,0,0,1,0,0,0,0,0,2,34,HOMBRE,ILESO,CONDUCTOR PRESENTE,NO,NO,0
15837,50038,50039,2018,0,0,-0.299877,-78.542315,PICHINCHA,QUITO,QUITO,URBANA,2018-10-31,07:10:00,7,MIERCOLES,3,OCTUBRE,10,NO,"NO RESPETAR LAS SENIALES REGLAMENTARIAS DE TRANSITO. (PARE, CEDA EL PASO, LUZ ROJA DEL SEMAFORO, ETC).",OTROS,MOTOCICLETA,0,0,0,0,0,0,0,0,1,0,0,0,0,1,-1,NO IDENTIFICADO,NO IDENTIFICADO,CONDUCTOR AUSENTE,NO,NO,2
15838,50044,50045,2018,0,0,-0.194279,-78.485413,PICHINCHA,QUITO,QUITO,URBANA,2018-10-31,08:35:00,8,MIERCOLES,3,OCTUBRE,10,NO,NO GUARDAR LA DISTANCIA LATERAL MINIMA DE SEGURIDAD ENTRE VEHICULOS.,CHOQUE LATERAL,AUTOMOVIL,1,0,0,0,0,0,0,0,0,0,0,0,0,1,23,MUJER,ILESO,CONDUCTOR PRESENTE,NO,NO,0
15839,50045,50046,2018,0,0,-0.192367,-78.456214,PICHINCHA,QUITO,QUITO,URBANA,2018-10-31,08:42:00,8,MIERCOLES,3,OCTUBRE,10,NO,"PRESENCIA DE AGENTES EXTERNOS EN LA VIA (AGUA, ACEITE, PIEDRA, LASTRE, ESCOMBROS, MADEROS, ETC.).",PERDIDA DE PISTA,AUTOMOVIL,1,0,0,0,0,0,0,0,0,0,0,0,0,1,19,HOMBRE,ILESO,CONDUCTOR PRESENTE,NO,NO,0
15840,50047,50048,2018,1,0,-0.129185,-78.501501,PICHINCHA,QUITO,QUITO,URBANA,2018-10-31,09:10:00,9,MIERCOLES,3,OCTUBRE,10,NO,NO TRANSITAR POR LAS ACERAS O ZONAS DE SEGURIDAD DESTINADAS PARA EL EFECTO.,ATROPELLOS,MOTOCICLETA,0,0,0,0,0,0,0,0,1,0,0,0,0,1,92,MUJER,LESIONADO,PEATON,NO,NO,0
15841,50050,50051,2018,1,0,-0.264263,-78.550014,PICHINCHA,QUITO,QUITO,URBANA,2018-10-31,10:00:00,10,MIERCOLES,3,OCTUBRE,10,NO,CONDUCIR VEHICULO SUPERANDO LOS LIMITES MAXIMOS DE VELOCIDAD.,PERDIDA DE PISTA,MOTOCICLETA,0,0,0,0,0,0,0,0,1,0,0,0,0,1,31,HOMBRE,LESIONADO,CONDUCTOR PRESENTE,NO,NO,0
15842,50052,50053,2018,0,0,-0.171616,-78.471577,PICHINCHA,QUITO,QUITO,URBANA,2018-10-31,10:10:00,10,MIERCOLES,3,OCTUBRE,10,NO,NO GUARDAR LA DISTANCIA LATERAL MINIMA DE SEGURIDAD ENTRE VEHICULOS.,CHOQUE LATERAL,AUTOMOVIL,2,0,0,0,0,0,0,0,0,0,0,0,0,2,39,MUJER,ILESO,CONDUCTOR PRESENTE,NO,NO,0
15843,50053,50054,2018,0,0,-0.120816,-78.497772,PICHINCHA,QUITO,QUITO,URBANA,2018-10-31,10:25:00,10,MIERCOLES,3,OCTUBRE,10,NO,NO GUARDAR LA DISTANCIA LATERAL MINIMA DE SEGURIDAD ENTRE VEHICULOS.,CHOQUE LATERAL,AUTOMOVIL,2,0,0,0,0,0,0,0,0,0,0,0,0,2,26,HOMBRE,ILESO,CONDUCTOR PRESENTE,NO,NO,0
15844,50069,50070,2018,0,0,-0.152193,-78.464571,PICHINCHA,QUITO,QUITO,URBANA,2018-10-31,16:30:00,16,MIERCOLES,3,OCTUBRE,10,NO,"CONDUCE BAJO LA INFLUENCIA DE ALCOHOL, SUSTANCIAS ESTUPEFACIENTES O PSICOTROPICAS Y/O MEDICAMENTOS.",ESTRELLAMIENTOS,AUTOMOVIL,2,0,0,1,0,0,0,0,0,0,0,0,0,3,23,HOMBRE,ILESO,CONDUCTOR PRESENTE,NO,NO,0
15845,50072,50073,2018,0,0,-0.189896,-78.490122,PICHINCHA,QUITO,QUITO,URBANA,2018-10-31,17:30:00,17,MIERCOLES,3,OCTUBRE,10,NO,CONDUCIR VEHICULO SUPERANDO LOS LIMITES MAXIMOS DE VELOCIDAD.,ESTRELLAMIENTOS,AUTOMOVIL,1,0,0,0,0,0,0,0,0,0,0,0,0,1,26,HOMBRE,ILESO,CONDUCTOR PRESENTE,NO,NO,0
15846,50075,50076,2018,1,0,-0.245904,-78.491505,PICHINCHA,QUITO,QUITO,URBANA,2018-10-31,18:10:00,18,MIERCOLES,3,OCTUBRE,10,NO,"CONDUCE BAJO LA INFLUENCIA DE ALCOHOL, SUSTANCIAS ESTUPEFACIENTES O PSICOTROPICAS Y/O MEDICAMENTOS.",ATROPELLOS,AUTOMOVIL,1,0,0,0,0,0,0,0,0,0,0,0,0,1,14,HOMBRE,LESIONADO,PEATON,NO,NO,0
15847,50079,50080,2018,1,0,-0.304058,-78.562471,PICHINCHA,QUITO,QUITO,URBANA,2018-10-31,19:19:00,19,MIERCOLES,3,OCTUBRE,10,NO,NO GUARDAR LA DISTANCIA LATERAL MINIMA DE SEGURIDAD ENTRE VEHICULOS.,CHOQUE LATERAL,AUTOMOVIL,1,0,0,0,0,0,0,0,1,0,0,0,0,2,32,HOMBRE,LESIONADO,CONDUCTOR PRESENTE,NO,NO,0
15848,50080,50081,2018,1,0,-0.182105,-78.478972,PICHINCHA,QUITO,QUITO,URBANA,2018-10-31,19:20:00,19,MIERCOLES,3,OCTUBRE,10,NO,NO TRANSITAR POR LAS ACERAS O ZONAS DE SEGURIDAD DESTINADAS PARA EL EFECTO.,ATROPELLOS,NO IDENTIFICADO,0,0,0,0,0,0,0,0,0,1,0,0,0,1,18,HOMBRE,LESIONADO,PEATON,NO,NO,0
15849,50085,50086,2018,0,0,-0.184745,-78.477115,PICHINCHA,QUITO,QUITO,URBANA,2018-10-31,21:20:00,21,MIERCOLES,3,OCTUBRE,10,NO,NO MANTENER LA DISTANCIA PRUDENCIAL CON RESPECTO AL VEHICULO QUE LE ANTECEDE.,CHOQUE POSTERIOR,AUTOMOVIL,2,0,0,0,0,0,0,0,0,0,0,0,0,2,20,HOMBRE,ILESO,CONDUCTOR PRESENTE,NO,NO,0
15850,50091,50092,2018,0,0,-0.199767,-78.428809,PICHINCHA,QUITO,CUMBAYA,URBANA,2018-10-31,23:15:00,23,MIERCOLES,3,OCTUBRE,10,NO,CONDUCIR VEHICULO SUPERANDO LOS LIMITES MAXIMOS DE VELOCIDAD.,ESTRELLAMIENTOS,AUTOMOVIL,1,0,0,0,0,0,0,0,0,0,0,0,0,1,-1,NO IDENTIFICADO,NO IDENTIFICADO,CONDUCTOR AUSENTE,NO,NO,2
15851,50094,50095,2018,0,0,-0.213012,-78.494227,PICHINCHA,QUITO,QUITO,URBANA,2018-11-01,00:06:00,0,JUEVES,4,NOVIEMBRE,11,SI,"CONDUCE BAJO LA INFLUENCIA DE ALCOHOL, SUSTANCIAS ESTUPEFACIENTES O PSICOTROPICAS Y/O MEDICAMENTOS.",ROZAMIENTOS,AUTOMOVIL,2,0,0,0,0,0,0,0,0,0,0,0,0,2,49,HOMBRE,ILESO,CONDUCTOR PRESENTE,NO,NO,0
15852,50097,50098,2018,0,0,-0.286971,-78.483751,PICHINCHA,QUITO,CONOCOTO,URBANA,2018-11-01,00:25:00,0,JUEVES,4,NOVIEMBRE,11,SI,"CONDUCIR EN ESTADO DE SOMNOLENCIA O MALAS CONDICIONES FISICAS (SUENIO, CANSANCIO Y FATIGA).",ESTRELLAMIENTOS,AUTOMOVIL,1,0,0,0,0,0,0,0,0,0,0,0,0,1,38,HOMBRE,ILESO,CONDUCTOR PRESENTE,NO,NO,0
15853,50099,50100,2018,0,1,-0.181614,-78.486655,PICHINCHA,QUITO,QUITO,URBANA,2018-11-01,00:45:00,0,JUEVES,4,NOVIEMBRE,11,SI,CONDUCIR VEHICULO SUPERANDO LOS LIMITES MAXIMOS DE VELOCIDAD.,VOLCAMIENTOS,MOTOCICLETA,0,0,0,0,0,0,0,0,1,0,0,0,0,1,28,HOMBRE,FALLECIDO,CONDUCTOR PRESENTE,NO,NO,0
15854,50104,50105,2018,0,0,-0.300808,-78.535584,PICHINCHA,QUITO,QUITO,URBANA,2018-11-01,02:41:00,2,JUEVES,4,NOVIEMBRE,11,SI,CONDUCIR VEHICULO SUPERANDO LOS LIMITES MAXIMOS DE VELOCIDAD.,ESTRELLAMIENTOS,AUTOMOVIL,1,0,0,0,0,0,0,0,0,0,0,0,0,1,-1,NO IDENTIFICADO,NO IDENTIFICADO,CONDUCTOR AUSENTE,NO,NO,2
15855,50105,50106,2018,0,0,-0.175725,-78.487568,PICHINCHA,QUITO,QUITO,URBANA,2018-11-01,02:55:00,2,JUEVES,4,NOVIEMBRE,11,SI,"NO RESPETAR LAS SENIALES REGLAMENTARIAS DE TRANSITO. (PARE, CEDA EL PASO, LUZ ROJA DEL SEMAFORO, ETC).",CHOQUE LATERAL,AUTOMOVIL,2,0,0,0,0,0,0,0,0,0,0,0,0,2,40,HOMBRE,ILESO,CONDUCTOR PRESENTE,NO,NO,0
15856,50106,50107,2018,0,1,-0.080417,-78.413751,PICHINCHA,QUITO,CALDERON (CARAPUNGO),URBANA,2018-11-01,03:00:00,3,JUEVES,4,NOVIEMBRE,11,SI,NO TRANSITAR POR LAS ACERAS O ZONAS DE SEGURIDAD DESTINADAS PARA EL EFECTO.,ARROLLAMIENTOS,NO IDENTIFICADO,0,0,0,0,0,0,0,0,0,1,0,0,0,1,31,HOMBRE,FALLECIDO,PEATON,NO,NO,0
15857,50107,50108,2018,0,0,-0.242946,-78.501176,PICHINCHA,QUITO,QUITO,URBANA,2018-11-01,03:30:00,3,JUEVES,4,NOVIEMBRE,11,SI,REALIZAR CAMBIO BRUSCO O INDEBIDO DE CARRIL.,VOLCAMIENTOS,AUTOMOVIL,1,0,0,0,0,0,0,0,0,0,0,0,0,1,-1,NO IDENTIFICADO,NO IDENTIFICADO,CONDUCTOR AUSENTE,NO,NO,2
15858,50108,50109,2018,2,0,-0.271125,-78.551998,PICHINCHA,QUITO,QUITO,URBANA,2018-11-01,03:40:00,3,JUEVES,4,NOVIEMBRE,11,SI,"CONDUCE BAJO LA INFLUENCIA DE ALCOHOL, SUSTANCIAS ESTUPEFACIENTES O PSICOTROPICAS Y/O MEDICAMENTOS.",CHOQUE LATERAL,MOTOCICLETA,1,0,0,0,0,0,0,0,1,0,0,0,0,2,25,HOMBRE,LESIONADO,CONDUCTOR PRESENTE,NO,NO,0