,Unnamed: 0,ID,ANIO,LESIONADOS,FALLECIDOS,LATITUD_Y,LONGITUD_X,PROVINCIA,CANTON,PARROQUIA,ZONA,FECHA,HORA,PERIODO_2,DIA_1,DIA_2,MES_1,MES_2,FERIADO,CAUSA_PROBABLE,TIPO_DE_SINIESTRO,TIPO_DE_VEHICULO_1,AUTOMOVIL,BICICLETA,BUS,CAMION,CAMIONETA,EMERGENCIAS,ESPECIAL,FURGONETA,MOTOCICLETA,NO_IDENTIFICADO,SCOOTER_ELECTRICO,TRICIMOTO,VEHICULO_DEPORTIVO_UTILITARIO,SUMA_DE_VEHICULOS,EDAD_1,SEXO_1,CONDICION_1,PARTICIPANTE_1,CASCO_1,CINTURON_1,KMeans_Cluster
15859,50114,50115,2018,0,1,-0.131336,-78.468168,PICHINCHA,QUITO,QUITO,URBANA,2018-11-01,07:03:00,7,JUEVES,4,NOVIEMBRE,11,SI,CONDUCIR VEHICULO SUPERANDO LOS LIMITES MAXIMOS DE VELOCIDAD.,ESTRELLAMIENTOS,MOTOCICLETA,0,0,0,0,0,0,0,0,1,0,0,0,0,1,24,HOMBRE,FALLECIDO,CONDUCTOR PRESENTE,NO,NO,0
15860,50120,50121,2018,1,0,-0.097234,-78.513542,PICHINCHA,QUITO,QUITO,URBANA,2018-11-01,08:45:00,8,JUEVES,4,NOVIEMBRE,11,SI,"CONDUCE BAJO LA INFLUENCIA DE ALCOHOL, SUSTANCIAS ESTUPEFACIENTES O PSICOTROPICAS Y/O MEDICAMENTOS.",ESTRELLAMIENTOS,AUTOMOVIL,1,0,0,0,0,0,0,0,0,0,0,0,0,1,32,HOMBRE,LESIONADO,PEATON,NO,NO,0
15861,50126,50127,2018,0,0,-0.141096,-78.500985,PICHINCHA,QUITO,QUITO,URBANA,2018-11-01,10:28:00,10,JUEVES,4,NOVIEMBRE,11,SI,NO MANTENER LA DISTANCIA PRUDENCIAL CON RESPECTO AL VEHICULO QUE LE ANTECEDE.,CHOQUE POSTERIOR,AUTOMOVIL,1,0,0,0,0,0,0,0,0,0,0,0,0,1,42,HOMBRE,ILESO,CONDUCTOR PRESENTE,NO,NO,0
15862,50127,50128,2018,0,0,-0.177282,-78.359537,PICHINCHA,QUITO,PUEMBO,URBANA,2018-11-01,10:30:00,10,JUEVES,4,NOVIEMBRE,11,SI,CONDUCIR VEHICULO SUPERANDO LOS LIMITES MAXIMOS DE VELOCIDAD.,ESTRELLAMIENTOS,BUS,0,0,1,0,0,0,0,0,0,0,0,0,0,1,26,HOMBRE,ILESO,CONDUCTOR PRESENTE,NO,NO,0
15863,50130,50131,2018,4,0,-0.163192,-78.495443,PICHINCHA,QUITO,QUITO,URBANA,2018-11-01,11:10:00,11,JUEVES,4,NOVIEMBRE,11,SI,NO MANTENER LA DISTANCIA PRUDENCIAL CON RESPECTO AL VEHICULO QUE LE ANTECEDE.,CHOQUE POSTERIOR,AUTOMOVIL,2,0,0,0,0,0,0,0,0,0,0,0,0,2,11,HOMBRE,LESIONADO,PASAJERO,NO,NO,0
15864,50133,50134,2018,0,0,-0.297161,-78.480283,PICHINCHA,QUITO,CONOCOTO,URBANA,2018-11-01,11:54:00,11,JUEVES,4,NOVIEMBRE,11,SI,"CONDUCIR DESATENTO A LAS CONDICIONES DE TRANSITO (CELULAR, PANTALLAS DE VIDEO, COMIDA, MAQUILLAJE O CUALQUIER OTRO ELEMENTO DISTRACTOR).",CHOQUE LATERAL,AUTOMOVIL,1,0,0,0,0,0,0,0,0,0,0,0,0,1,25,MUJER,ILESO,CONDUCTOR PRESENTE,NO,NO,0
15865,50134,50135,2018,2,0,-0.175721,-78.486831,PICHINCHA,QUITO,QUITO,URBANA,2018-11-01,11:54:00,11,JUEVES,4,NOVIEMBRE,11,SI,NO CEDER EL DERECHO DE VIA O PREFERENCIA DE PASO AL PEATON.,ATROPELLOS,MOTOCICLETA,0,0,0,0,0,0,0,0,1,0,0,0,0,1,43,HOMBRE,LESIONADO,CONDUCTOR PRESENTE,NO,NO,0
15866,50140,50141,2018,0,0,-0.002221,-78.454385,PICHINCHA,QUITO,SAN ANTONIO (QUITO),RURAL,2018-11-01,12:55:00,12,JUEVES,4,NOVIEMBRE,11,SI,"CONDUCE BAJO LA INFLUENCIA DE ALCOHOL, SUSTANCIAS ESTUPEFACIENTES O PSICOTROPICAS Y/O MEDICAMENTOS.",CHOQUE LATERAL,FURGONETA,1,0,0,0,0,0,0,1,0,0,0,0,0,2,38,HOMBRE,ILESO,CONDUCTOR PRESENTE,NO,NO,3
15867,50150,50151,2018,0,0,-0.296985,-78.558962,PICHINCHA,QUITO,QUITO,URBANA,2018-11-01,15:20:00,15,JUEVES,4,NOVIEMBRE,11,SI,"CONDUCE BAJO LA INFLUENCIA DE ALCOHOL, SUSTANCIAS ESTUPEFACIENTES O PSICOTROPICAS Y/O MEDICAMENTOS.",ESTRELLAMIENTOS,AUTOMOVIL,1,0,0,0,0,0,0,0,0,0,0,0,0,1,24,HOMBRE,ILESO,CONDUCTOR PRESENTE,NO,NO,0
15868,50152,50153,2018,5,0,-0.407108,-78.804892,PICHINCHA,MEJIA,MANUEL CORNEJO ASTORGA,RURAL,2018-11-01,15:30:00,15,JUEVES,4,NOVIEMBRE,11,SI,"CONDUCIR DESATENTO A LAS CONDICIONES DE TRANSITO (CELULAR, PANTALLAS DE VIDEO, COMIDA, MAQUILLAJE O CUALQUIER OTRO ELEMENTO DISTRACTOR).",CHOQUE FRONTAL,AUTOMOVIL,1,0,0,0,0,0,0,0,0,0,0,0,1,2,30,HOMBRE,LESIONADO,CONDUCTOR PRESENTE,NO,NO,3
15869,50155,50156,2018,0,0,-0.188963,-78.512736,PICHINCHA,QUITO,QUITO,URBANA,2018-11-01,16:15:00,16,JUEVES,4,NOVIEMBRE,11,SI,"CONDUCE BAJO LA INFLUENCIA DE ALCOHOL, SUSTANCIAS ESTUPEFACIENTES O PSICOTROPICAS Y/O MEDICAMENTOS.",CHOQUE POSTERIOR,AUTOMOVIL,3,0,0,0,0,0,0,0,0,0,0,0,0,3,23,HOMBRE,ILESO,CONDUCTOR PRESENTE,NO,NO,0
15870,50163,50164,2018,1,0,-0.291728,-78.563161,PICHINCHA,QUITO,QUITO,URBANA,2018-11-01,18:40:00,18,JUEVES,4,NOVIEMBRE,11,SI,"CONDUCE BAJO LA INFLUENCIA DE ALCOHOL, SUSTANCIAS ESTUPEFACIENTES O PSICOTROPICAS Y/O MEDICAMENTOS.",CHOQUE LATERAL,AUTOMOVIL,2,0,0,0,0,0,0,0,0,0,0,0,0,2,65,MUJER,LESIONADO,PASAJERO,NO,NO,0
15871,50166,50167,2018,1,0,-0.253881,-78.492271,PICHINCHA,QUITO,QUITO,URBANA,2018-11-01,19:00:00,19,JUEVES,4,NOVIEMBRE,11,SI,CONDUCIR VEHICULO SUPERANDO LOS LIMITES MAXIMOS DE VELOCIDAD.,CHOQUE FRONTAL,AUTOMOVIL,1,0,0,0,0,0,0,0,1,0,0,0,0,2,35,HOMBRE,LESIONADO,CONDUCTOR PRESENTE,NO,NO,0
15872,50171,50172,2018,0,0,-0.192308,-78.496791,PICHINCHA,QUITO,QUITO,URBANA,2018-11-01,20:00:00,20,JUEVES,4,NOVIEMBRE,11,SI,"NO RESPETAR LAS SENIALES REGLAMENTARIAS DE TRANSITO. (PARE, CEDA EL PASO, LUZ ROJA DEL SEMAFORO, ETC).",ESTRELLAMIENTOS,AUTOMOVIL,2,0,0,0,0,0,0,0,0,0,0,0,0,2,62,HOMBRE,ILESO,CONDUCTOR PRESENTE,NO,NO,0
15873,50173,50174,2018,0,0,-0.091585,-78.439052,PICHINCHA,QUITO,CALDERON (CARAPUNGO),URBANA,2018-11-01,20:30:00,20,JUEVES,4,NOVIEMBRE,11,SI,"NO RESPETAR LAS SENIALES REGLAMENTARIAS DE TRANSITO. (PARE, CEDA EL PASO, LUZ ROJA DEL SEMAFORO, ETC).",CHOQUE LATERAL,AUTOMOVIL,2,0,0,0,0,0,0,0,0,0,0,0,0,2,65,HOMBRE,ILESO,CONDUCTOR PRESENTE,NO,NO,0
15874,50176,50177,2018,1,0,-0.130197,-78.477531,PICHINCHA,QUITO,QUITO,URBANA,2018-11-01,20:40:00,20,JUEVES,4,NOVIEMBRE,11,SI,"CONDUCE BAJO LA INFLUENCIA DE ALCOHOL, SUSTANCIAS ESTUPEFACIENTES O PSICOTROPICAS Y/O MEDICAMENTOS.",CHOQUE LATERAL,AUTOMOVIL,1,0,0,0,0,0,0,0,1,0,0,0,0,2,21,HOMBRE,LESIONADO,CONDUCTOR PRESENTE,NO,NO,0
15875,50180,50181,2018,0,0,-0.321645,-78.564612,PICHINCHA,QUITO,QUITO,URBANA,2018-11-01,21:40:00,21,JUEVES,4,NOVIEMBRE,11,SI,"PRESENCIA DE AGENTES EXTERNOS EN LA VIA (AGUA, ACEITE, PIEDRA, LASTRE, ESCOMBROS, MADEROS, ETC.).",PERDIDA DE CARRIL,MOTOCICLETA,0,0,0,0,0,0,0,0,1,0,0,0,0,1,-1,HOMBRE,ILESO,PASAJERO,NO,NO,0
15876,50183,50184,2018,0,1,-0.144701,-78.483489,PICHINCHA,QUITO,QUITO,URBANA,2018-11-01,22:20:00,22,JUEVES,4,NOVIEMBRE,11,SI,NO TRANSITAR POR LAS ACERAS O ZONAS DE SEGURIDAD DESTINADAS PARA EL EFECTO.,ATROPELLOS,NO IDENTIFICADO,0,0,0,0,0,0,0,0,0,1,0,0,0,1,47,HOMBRE,FALLECIDO,PEATON,NO,NO,0
15877,50185,50186,2018,0,0,-0.146771,-78.498904,PICHINCHA,QUITO,QUITO,URBANA,2018-11-01,22:38:00,22,JUEVES,4,NOVIEMBRE,11,SI,"CONDUCE BAJO LA INFLUENCIA DE ALCOHOL, SUSTANCIAS ESTUPEFACIENTES O PSICOTROPICAS Y/O MEDICAMENTOS.",CHOQUE LATERAL,CAMION,2,0,0,1,0,0,0,0,0,0,0,0,0,3,40,HOMBRE,ILESO,CONDUCTOR PRESENTE,NO,NO,0
15878,50186,50187,2018,0,0,-0.195974,-78.443789,PICHINCHA,QUITO,CUMBAYA,URBANA,2018-11-01,22:40:00,22,JUEVES,4,NOVIEMBRE,11,SI,NO GUARDAR LA DISTANCIA LATERAL MINIMA DE SEGURIDAD ENTRE VEHICULOS.,ROZAMIENTOS,CAMION,1,0,0,1,0,0,0,0,0,0,0,0,0,2,32,HOMBRE,ILESO,CONDUCTOR PRESENTE,NO,NO,0
15879,50189,50190,2018,2,0,-0.219813,-78.520376,PICHINCHA,QUITO,QUITO,URBANA,2018-11-02,00:30:00,0,VIERNES,5,NOVIEMBRE,11,SI,"CONDUCIR EN ESTADO DE SOMNOLENCIA O MALAS CONDICIONES FISICAS (SUENIO, CANSANCIO Y FATIGA).",ESTRELLAMIENTOS,MOTOCICLETA,0,0,0,0,0,0,0,0,1,0,0,0,0,1,29,HOMBRE,LESIONADO,PASAJERO,NO,NO,0
15880,50192,50193,2018,2,0,-0.101875,-78.490497,PICHINCHA,QUITO,QUITO,URBANA,2018-11-02,01:00:00,1,VIERNES,5,NOVIEMBRE,11,SI,NO GUARDAR LA DISTANCIA LATERAL MINIMA DE SEGURIDAD ENTRE VEHICULOS.,CHOQUE LATERAL,MOTOCICLETA,1,0,0,0,0,0,0,0,1,0,0,0,0,2,24,HOMBRE,LESIONADO,CONDUCTOR PRESENTE,NO,NO,0
15881,50193,50194,2018,1,1,-0.287217,-78.519387,PICHINCHA,QUITO,QUITO,URBANA,2018-11-02,01:05:00,1,VIERNES,5,NOVIEMBRE,11,SI,CONDUCIR VEHICULO SUPERANDO LOS LIMITES MAXIMOS DE VELOCIDAD.,ESTRELLAMIENTOS,AUTOMOVIL,1,0,0,0,0,0,0,0,0,0,0,0,0,1,60,HOMBRE,FALLECIDO,CONDUCTOR PRESENTE,NO,NO,0
15882,50200,50201,2018,1,0,-0.089881,-78.517157,PICHINCHA,QUITO,QUITO,URBANA,2018-11-02,03:00:00,3,VIERNES,5,NOVIEMBRE,11,SI,NO TRANSITAR POR LAS ACERAS O ZONAS DE SEGURIDAD DESTINADAS PARA EL EFECTO.,ATROPELLOS,NO IDENTIFICADO,0,0,0,0,0,0,0,0,0,1,0,0,0,1,75,HOMBRE,LESIONADO,PEATON,NO,NO,0
15883,50202,50203,2018,0,0,-0.091585,-78.439052,PICHINCHA,QUITO,CALDERON (CARAPUNGO),URBANA,2018-11-02,03:24:00,3,VIERNES,5,NOVIEMBRE,11,SI,"NO RESPETAR LAS SENIALES REGLAMENTARIAS DE TRANSITO. (PARE, CEDA EL PASO, LUZ ROJA DEL SEMAFORO, ETC).",OTROS,AUTOMOVIL,1,0,0,0,0,0,0,0,0,0,0,0,0,1,-1,NO IDENTIFICADO,NO IDENTIFICADO,CONDUCTOR AUSENTE,NO,NO,2
15884,50203,50204,2018,1,0,-0.240227,-78.526957,PICHINCHA,QUITO,QUITO,URBANA,2018-11-02,03:30:00,3,VIERNES,5,NOVIEMBRE,11,SI,DEJAR O RECOGER PASAJEROS EN LUGARES NO PERMITIDOS.,CAIDA DE PASAJERO,NO IDENTIFICADO,0,0,0,0,0,0,0,0,0,1,0,0,0,1,24,HOMBRE,LESIONADO,PASAJERO,NO,NO,0
15885,50205,50206,2018,0,0,-0.033731,-78.446066,PICHINCHA,QUITO,POMASQUI,RURAL,2018-11-02,04:31:00,4,VIERNES,5,NOVIEMBRE,11,SI,"CONDUCIR EN ESTADO DE SOMNOLENCIA O MALAS CONDICIONES FISICAS (SUENIO, CANSANCIO Y FATIGA).",ESTRELLAMIENTOS,AUTOMOVIL,1,0,0,0,0,0,0,0,0,0,0,0,0,1,28,HOMBRE,ILESO,CONDUCTOR PRESENTE,NO,NO,3
15886,50207,50208,2018,0,0,-0.211464,-78.419122,PICHINCHA,QUITO,TUMBACO,URBANA,2018-11-02,05:50:00,5,VIERNES,5,NOVIEMBRE,11,SI,CONDUCIR VEHICULO SUPERANDO LOS LIMITES MAXIMOS DE VELOCIDAD.,ESTRELLAMIENTOS,AUTOMOVIL,1,0,0,0,0,0,0,0,0,0,0,0,0,1,-1,NO IDENTIFICADO,NO IDENTIFICADO,CONDUCTOR AUSENTE,NO,NO,2
15887,50208,50209,2018,0,0,-0.150779,-78.465871,PICHINCHA,QUITO,QUITO,URBANA,2018-11-02,06:05:00,6,VIERNES,5,NOVIEMBRE,11,SI,"FALLA MECANICA EN LOS SISTEMAS Y/O NEUMATICOS (SISTEMA DE FRENOS, DIRECCION, ELECTRONICO O MECANICO).",CHOQUE LATERAL,AUTOMOVIL,2,0,0,0,0,0,0,0,0,0,0,0,0,2,23,HOMBRE,ILESO,CONDUCTOR PRESENTE,NO,NO,0
15888,50210,50211,2018,1,0,-0.301132,-78.521206,PICHINCHA,QUITO,QUITO,URBANA,2018-11-02,08:10:00,8,VIERNES,5,NOVIEMBRE,11,SI,"NO RESPETAR LAS SENIALES REGLAMENTARIAS DE TRANSITO. (PARE, CEDA EL PASO, LUZ ROJA DEL SEMAFORO, ETC).",CHOQUE LATERAL,AUTOMOVIL,1,0,0,0,0,0,0,0,1,0,0,0,0,2,29,HOMBRE,LESIONADO,CONDUCTOR PRESENTE,NO,NO,0
15889,50218,50219,2018,0,0,-0.273825,-78.510216,PICHINCHA,QUITO,QUITO,URBANA,2018-11-02,12:15:00,12,VIERNES,5,NOVIEMBRE,11,SI,"NO RESPETAR LAS SENIALES REGLAMENTARIAS DE TRANSITO. (PARE, CEDA EL PASO, LUZ ROJA DEL SEMAFORO, ETC).",ESTRELLAMIENTOS,AUTOMOVIL,1,0,0,0,0,0,0,1,0,0,0,0,0,2,38,MUJER,ILESO,CONDUCTOR PRESENTE,NO,NO,0
15890,50219,50220,2018,0,0,-0.184739,-78.490848,PICHINCHA,QUITO,QUITO,URBANA,2018-11-02,12:20:00,12,VIERNES,5,NOVIEMBRE,11,SI,DANIOS MECANICOS PREVISIBLES.,ESTRELLAMIENTOS,CAMIONETA,1,0,0,0,1,0,0,0,0,0,0,0,0,2,47,HOMBRE,ILESO,CONDUCTOR PRESENTE,NO,NO,0
15891,50220,50221,2018,1,0,-0.099083,-78.421844,PICHINCHA,QUITO,CALDERON (CARAPUNGO),URBANA,2018-11-02,12:30:00,12,VIERNES,5,NOVIEMBRE,11,SI,BAJARSE O SUBIRSE DE VEHICULOS EN MOVIMIENTO SIN TOMAR LAS PRECAUCIONES DEBIDAS.,CAIDA DE PASAJERO,CAMION,0,0,0,1,0,0,0,0,0,0,0,0,0,1,12,HOMBRE,LESIONADO,PASAJERO,NO,NO,0
15892,50226,50227,2018,0,0,-0.317898,-78.535609,PICHINCHA,QUITO,QUITO,URBANA,2018-11-02,14:50:00,14,VIERNES,5,NOVIEMBRE,11,SI,CONDUCIR VEHICULO SUPERANDO LOS LIMITES MAXIMOS DE VELOCIDAD.,ROZAMIENTOS,AUTOMOVIL,1,0,0,0,0,0,0,0,0,1,0,0,0,2,40,HOMBRE,ILESO,CONDUCTOR PRESENTE,NO,NO,0
15893,50228,50229,2018,2,0,-0.117893,-78.358046,PICHINCHA,QUITO,TABABELA,URBANA,2018-11-02,15:11:00,15,VIERNES,5,NOVIEMBRE,11,SI,MALAS CONDICIONES DE LA VIA Y/O CONFIGURACION. (ILUMINACION Y DISENIO).,ESTRELLAMIENTOS,AUTOMOVIL,1,0,0,0,0,0,0,0,0,0,0,0,0,1,43,HOMBRE,LESIONADO,PASAJERO,NO,NO,0
15894,50242,50243,2018,4,0,-0.287778,-78.491251,PICHINCHA,QUITO,CONOCOTO,URBANA,2018-11-02,19:20:00,19,VIERNES,5,NOVIEMBRE,11,SI,CONDUCIR EN SENTIDO CONTRARIO A LA VIA NORMAL DE CIRCULACION.,CHOQUE FRONTAL,AUTOMOVIL,1,0,0,0,0,0,0,0,0,0,0,0,0,1,19,MUJER,LESIONADO,CONDUCTOR PRESENTE,NO,NO,0
15895,50244,50245,2018,0,0,-0.121878,-78.468923,PICHINCHA,QUITO,QUITO,URBANA,2018-11-02,19:30:00,19,VIERNES,5,NOVIEMBRE,11,SI,"CONDICIONES AMBIENTALES Y/O ATMOSFERICAS (NIEBLA, NEBLINA, GRANIZO, LLUVIA).",ROZAMIENTOS,AUTOMOVIL,2,0,0,0,0,0,0,0,0,0,0,0,0,2,20,HOMBRE,ILESO,CONDUCTOR PRESENTE,NO,NO,0
15896,50246,50247,2018,0,0,-0.091585,-78.439052,PICHINCHA,QUITO,CALDERON (CARAPUNGO),URBANA,2018-11-02,20:00:00,20,VIERNES,5,NOVIEMBRE,11,SI,"CONDICIONES AMBIENTALES Y/O ATMOSFERICAS (NIEBLA, NEBLINA, GRANIZO, LLUVIA).",CHOQUE LATERAL,AUTOMOVIL,1,0,0,0,1,0,0,0,0,0,0,0,0,2,61,HOMBRE,ILESO,CONDUCTOR PRESENTE,NO,NO,0
15897,50247,50248,2018,1,0,-0.283484,-78.544862,PICHINCHA,QUITO,QUITO,URBANA,2018-11-02,20:20:00,20,VIERNES,5,NOVIEMBRE,11,SI,PEATON QUE CRUZA LA CALZADA SIN RESPETAR LA SENIALIZACION EXISTENTE (SEMAFOROS O SENIALES MANUALES).,ATROPELLOS,NO IDENTIFICADO,0,0,0,0,0,0,0,0,0,1,0,0,0,1,4,HOMBRE,LESIONADO,PEATON,NO,NO,0
15898,50248,50249,2018,0,0,-0.052019,-78.348498,PICHINCHA,QUITO,GUAYLLABAMBA,RURAL,2018-11-02,20:20:00,20,VIERNES,5,NOVIEMBRE,11,SI,"CONDUCIR DESATENTO A LAS CONDICIONES DE TRANSITO (CELULAR, PANTALLAS DE VIDEO, COMIDA, MAQUILLAJE O CUALQUIER OTRO ELEMENTO DISTRACTOR).",PERDIDA DE PISTA,AUTOMOVIL,1,0,0,0,0,0,0,0,0,0,0,0,0,1,32,HOMBRE,ILESO,CONDUCTOR PRESENTE,NO,NO,3
15899,50254,50255,2018,1,1,0.017761,-78.476386,PICHINCHA,QUITO,SAN ANTONIO (QUITO),URBANA,2018-11-02,21:10:00,21,VIERNES,5,NOVIEMBRE,11,SI,"CONDUCIR DESATENTO A LAS CONDICIONES DE TRANSITO (CELULAR, PANTALLAS DE VIDEO, COMIDA, MAQUILLAJE O CUALQUIER OTRO ELEMENTO DISTRACTOR).",PERDIDA DE PISTA,MOTOCICLETA,0,0,0,0,0,0,0,0,1,0,0,0,0,1,22,HOMBRE,FALLECIDO,CONDUCTOR PRESENTE,NO,NO,0
15900,50259,50260,2018,0,0,-0.163916,-78.464441,PICHINCHA,QUITO,QUITO,URBANA,2018-11-02,22:30:00,22,VIERNES,5,NOVIEMBRE,11,SI,"CONDICIONES AMBIENTALES Y/O ATMOSFERICAS (NIEBLA, NEBLINA, GRANIZO, LLUVIA).",ESTRELLAMIENTOS,AUTOMOVIL,1,0,0,0,0,0,0,0,0,0,0,0,0,1,-1,NO IDENTIFICADO,NO IDENTIFICADO,CONDUCTOR AUSENTE,NO,NO,2
15901,50267,50268,2018,0,0,-0.116014,-78.479591,PICHINCHA,QUITO,QUITO,URBANA,2018-11-03,00:45:00,0,SABADO,6,NOVIEMBRE,11,SI,"CONDICIONES AMBIENTALES Y/O ATMOSFERICAS (NIEBLA, NEBLINA, GRANIZO, LLUVIA).",CHOQUE POSTERIOR,AUTOMOVIL,2,0,0,0,0,0,0,0,0,0,0,0,0,2,36,HOMBRE,ILESO,CONDUCTOR PRESENTE,NO,NO,0
15902,50270,50271,2018,0,0,-0.099083,-78.494003,PICHINCHA,QUITO,QUITO,URBANA,2018-11-03,01:25:00,1,SABADO,6,NOVIEMBRE,11,SI,"CONDUCIR EN ESTADO DE SOMNOLENCIA O MALAS CONDICIONES FISICAS (SUENIO, CANSANCIO Y FATIGA).",ESTRELLAMIENTOS,AUTOMOVIL,1,0,0,0,0,0,0,0,0,0,0,0,0,1,-1,NO IDENTIFICADO,NO IDENTIFICADO,CONDUCTOR AUSENTE,NO,NO,2
15903,50272,50273,2018,0,0,-0.198737,-78.484373,PICHINCHA,QUITO,QUITO,URBANA,2018-11-03,02:00:00,2,SABADO,6,NOVIEMBRE,11,SI,"NO RESPETAR LAS SENIALES REGLAMENTARIAS DE TRANSITO. (PARE, CEDA EL PASO, LUZ ROJA DEL SEMAFORO, ETC).",ESTRELLAMIENTOS,AUTOMOVIL,1,0,0,0,0,0,0,0,0,0,0,0,0,1,-1,NO IDENTIFICADO,NO IDENTIFICADO,CONDUCTOR AUSENTE,NO,NO,2
15904,50276,50277,2018,2,0,-0.220528,-78.520099,PICHINCHA,QUITO,QUITO,URBANA,2018-11-03,03:05:00,3,SABADO,6,NOVIEMBRE,11,SI,"FALLA MECANICA EN LOS SISTEMAS Y/O NEUMATICOS (SISTEMA DE FRENOS, DIRECCION, ELECTRONICO O MECANICO).",ESTRELLAMIENTOS,CAMION,0,0,0,1,0,0,0,0,0,0,0,0,0,1,42,HOMBRE,LESIONADO,PASAJERO,NO,NO,0
15905,50279,50280,2018,0,0,-0.221954,-78.508211,PICHINCHA,QUITO,QUITO,URBANA,2018-11-03,04:30:00,4,SABADO,6,NOVIEMBRE,11,SI,"CONDUCIR EN ESTADO DE SOMNOLENCIA O MALAS CONDICIONES FISICAS (SUENIO, CANSANCIO Y FATIGA).",ESTRELLAMIENTOS,AUTOMOVIL,1,0,0,0,0,0,0,0,0,0,0,0,0,1,38,HOMBRE,ILESO,CONDUCTOR PRESENTE,NO,NO,0
15906,50294,50295,2018,1,0,-0.217302,-78.399421,PICHINCHA,QUITO,TUMBACO,URBANA,2018-11-03,07:30:00,7,SABADO,6,NOVIEMBRE,11,SI,"NO RESPETAR LAS SENIALES REGLAMENTARIAS DE TRANSITO. (PARE, CEDA EL PASO, LUZ ROJA DEL SEMAFORO, ETC).",CHOQUE LATERAL,AUTOMOVIL,2,0,0,0,0,0,0,0,0,0,0,0,0,2,52,MUJER,LESIONADO,PASAJERO,NO,NO,0
15907,50297,50298,2018,1,0,-0.285382,-78.536795,PICHINCHA,QUITO,QUITO,URBANA,2018-11-03,08:50:00,8,SABADO,6,NOVIEMBRE,11,SI,PEATON QUE CRUZA LA CALZADA SIN RESPETAR LA SENIALIZACION EXISTENTE (SEMAFOROS O SENIALES MANUALES).,ARROLLAMIENTOS,BUS,0,0,1,0,0,0,0,0,0,0,0,0,0,1,57,MUJER,LESIONADO,PEATON,NO,NO,0
15908,50302,50303,2018,0,0,-0.281321,-78.494625,PICHINCHA,QUITO,CONOCOTO,URBANA,2018-11-03,10:45:00,10,SABADO,6,NOVIEMBRE,11,SI,DANIOS MECANICOS PREVISIBLES.,ESTRELLAMIENTOS,AUTOMOVIL,1,0,0,0,0,0,0,0,0,0,0,0,0,1,73,HOMBRE,ILESO,CONDUCTOR PRESENTE,NO,NO,0
15909,50309,50310,2018,1,0,-0.307516,-78.551834,PICHINCHA,QUITO,QUITO,URBANA,2018-11-03,12:10:00,12,SABADO,6,NOVIEMBRE,11,SI,CONDUCIR VEHICULO SUPERANDO LOS LIMITES MAXIMOS DE VELOCIDAD.,ATROPELLOS,NO IDENTIFICADO,0,0,0,0,0,0,0,0,0,1,0,0,0,1,6,HOMBRE,LESIONADO,PEATON,NO,NO,0
15910,50315,50316,2018,0,0,-0.201667,-78.476303,PICHINCHA,QUITO,QUITO,URBANA,2018-11-03,15:30:00,15,SABADO,6,NOVIEMBRE,11,SI,"CONDICIONES AMBIENTALES Y/O ATMOSFERICAS (NIEBLA, NEBLINA, GRANIZO, LLUVIA).",VOLCAMIENTOS,AUTOMOVIL,1,0,0,0,0,0,0,0,0,0,0,0,0,1,19,HOMBRE,ILESO,CONDUCTOR PRESENTE,NO,NO,0
15911,50318,50319,2018,0,0,-0.327999,-78.542174,PICHINCHA,QUITO,QUITO,URBANA,2018-11-03,15:45:00,15,SABADO,6,NOVIEMBRE,11,SI,CONDUCIR VEHICULO SUPERANDO LOS LIMITES MAXIMOS DE VELOCIDAD.,CHOQUE LATERAL,CAMIONETA,0,0,0,0,2,0,0,0,0,0,0,0,0,2,28,HOMBRE,ILESO,CONDUCTOR PRESENTE,NO,NO,0
15912,50349,50350,2018,0,0,-0.197727,-78.500219,PICHINCHA,QUITO,QUITO,URBANA,2018-11-03,23:45:00,23,SABADO,6,NOVIEMBRE,11,SI,"NO RESPETAR LAS SENIALES REGLAMENTARIAS DE TRANSITO. (PARE, CEDA EL PASO, LUZ ROJA DEL SEMAFORO, ETC).",CHOQUE LATERAL,AUTOMOVIL,2,0,0,0,0,0,0,0,0,0,0,0,0,2,21,HOMBRE,ILESO,CONDUCTOR PRESENTE,NO,NO,0
15913,50354,50355,2018,0,0,-0.261858,-78.515301,PICHINCHA,QUITO,QUITO,URBANA,2018-11-04,00:00:00,0,DOMINGO,7,NOVIEMBRE,11,SI,"FALLA MECANICA EN LOS SISTEMAS Y/O NEUMATICOS (SISTEMA DE FRENOS, DIRECCION, ELECTRONICO O MECANICO).",ESTRELLAMIENTOS,AUTOMOVIL,1,0,0,0,0,0,0,0,0,0,0,0,0,1,31,HOMBRE,ILESO,CONDUCTOR PRESENTE,NO,NO,0
15914,50355,50356,2018,0,0,-0.198855,-78.436693,PICHINCHA,QUITO,CUMBAYA,URBANA,2018-11-04,00:02:00,0,DOMINGO,7,NOVIEMBRE,11,SI,"CONDICIONES AMBIENTALES Y/O ATMOSFERICAS (NIEBLA, NEBLINA, GRANIZO, LLUVIA).",ESTRELLAMIENTOS,AUTOMOVIL,1,0,0,0,0,0,0,0,0,0,0,0,0,1,30,HOMBRE,ILESO,CONDUCTOR PRESENTE,NO,NO,0
15915,50357,50358,2018,0,0,-0.221954,-78.508211,PICHINCHA,QUITO,QUITO,URBANA,2018-11-04,00:45:00,0,DOMINGO,7,NOVIEMBRE,11,SI,"CONDUCE BAJO LA INFLUENCIA DE ALCOHOL, SUSTANCIAS ESTUPEFACIENTES O PSICOTROPICAS Y/O MEDICAMENTOS.",ESTRELLAMIENTOS,AUTOMOVIL,2,0,0,0,0,0,0,0,0,0,0,0,0,2,22,HOMBRE,ILESO,CONDUCTOR PRESENTE,NO,NO,0