,Unnamed: 0,ID,ANIO,LESIONADOS,FALLECIDOS,LATITUD_Y,LONGITUD_X,PROVINCIA,CANTON,PARROQUIA,ZONA,FECHA,HORA,PERIODO_2,DIA_1,DIA_2,MES_1,MES_2,FERIADO,CAUSA_PROBABLE,TIPO_DE_SINIESTRO,TIPO_DE_VEHICULO_1,AUTOMOVIL,BICICLETA,BUS,CAMION,CAMIONETA,EMERGENCIAS,ESPECIAL,FURGONETA,MOTOCICLETA,NO_IDENTIFICADO,SCOOTER_ELECTRICO,TRICIMOTO,VEHICULO_DEPORTIVO_UTILITARIO,SUMA_DE_VEHICULOS,EDAD_1,SEXO_1,CONDICION_1,PARTICIPANTE_1,CASCO_1,CINTURON_1,KMeans_Cluster
15916,50358,50359,2018,3,0,-0.326294,-78.557152,PICHINCHA,QUITO,QUITO,URBANA,2018-11-04,01:07:00,1,DOMINGO,7,NOVIEMBRE,11,SI,"CONDUCIR EN ESTADO DE SOMNOLENCIA O MALAS CONDICIONES FISICAS (SUENIO, CANSANCIO Y FATIGA).",ESTRELLAMIENTOS,NO IDENTIFICADO,0,0,0,0,0,0,0,0,0,1,0,0,0,1,37,MUJER,LESIONADO,PASAJERO,NO,NO,0
15917,50367,50368,2018,0,1,-0.161499,-78.495616,PICHINCHA,QUITO,QUITO,URBANA,2018-11-04,03:05:00,3,DOMINGO,7,NOVIEMBRE,11,SI,CONDUCIR VEHICULO SUPERANDO LOS LIMITES MAXIMOS DE VELOCIDAD.,VOLCAMIENTOS,MOTOCICLETA,0,0,0,0,0,0,0,0,1,0,0,0,0,1,22,HOMBRE,FALLECIDO,CONDUCTOR PRESENTE,NO,NO,0
15918,50372,50373,2018,2,0,-0.092553,-78.471668,PICHINCHA,QUITO,QUITO,URBANA,2018-11-04,03:40:00,3,DOMINGO,7,NOVIEMBRE,11,SI,CONDUCIR VEHICULO SUPERANDO LOS LIMITES MAXIMOS DE VELOCIDAD.,VOLCAMIENTOS,AUTOMOVIL,1,0,0,0,0,0,0,0,0,0,0,0,0,1,18,MUJER,LESIONADO,PASAJERO,NO,NO,2
15919,50373,50374,2018,0,1,-0.463218,-78.570695,PICHINCHA,MEJIA,ALOAG,RURAL,2018-11-04,03:55:00,3,DOMINGO,7,NOVIEMBRE,11,SI,CONDUCIR VEHICULO SUPERANDO LOS LIMITES MAXIMOS DE VELOCIDAD.,ESTRELLAMIENTOS,MOTOCICLETA,0,0,0,0,0,0,0,0,1,0,0,0,0,1,37,HOMBRE,FALLECIDO,CONDUCTOR PRESENTE,NO,NO,3
15920,50375,50376,2018,1,0,-0.086452,-78.474361,PICHINCHA,QUITO,QUITO,URBANA,2018-11-04,04:45:00,4,DOMINGO,7,NOVIEMBRE,11,SI,PEATON QUE CRUZA LA CALZADA SIN RESPETAR LA SENIALIZACION EXISTENTE (SEMAFOROS O SENIALES MANUALES).,ATROPELLOS,NO IDENTIFICADO,0,0,0,0,0,0,0,0,0,1,0,0,0,1,26,MUJER,LESIONADO,PEATON,NO,NO,0
15921,50376,50377,2018,0,0,-0.263621,-78.524648,PICHINCHA,QUITO,QUITO,URBANA,2018-11-04,05:15:00,5,DOMINGO,7,NOVIEMBRE,11,SI,"CONDUCE BAJO LA INFLUENCIA DE ALCOHOL, SUSTANCIAS ESTUPEFACIENTES O PSICOTROPICAS Y/O MEDICAMENTOS.",CHOQUE POSTERIOR,BUS,1,0,1,0,0,0,0,0,0,0,0,0,0,2,26,HOMBRE,ILESO,CONDUCTOR PRESENTE,NO,NO,0
15922,50388,50389,2018,0,0,-0.127286,-78.498456,PICHINCHA,QUITO,QUITO,URBANA,2018-11-04,12:10:00,12,DOMINGO,7,NOVIEMBRE,11,SI,"CONDUCE BAJO LA INFLUENCIA DE ALCOHOL, SUSTANCIAS ESTUPEFACIENTES O PSICOTROPICAS Y/O MEDICAMENTOS.",CHOQUE POSTERIOR,AUTOMOVIL,2,0,0,0,0,0,0,0,0,0,0,0,0,2,56,HOMBRE,ILESO,CONDUCTOR PRESENTE,NO,NO,0
15923,50391,50392,2018,0,0,-0.116742,-78.499333,PICHINCHA,QUITO,QUITO,URBANA,2018-11-04,13:20:00,13,DOMINGO,7,NOVIEMBRE,11,SI,"CONDUCE BAJO LA INFLUENCIA DE ALCOHOL, SUSTANCIAS ESTUPEFACIENTES O PSICOTROPICAS Y/O MEDICAMENTOS.",CHOQUE LATERAL,AUTOMOVIL,2,0,0,0,0,0,0,0,0,0,0,0,0,2,54,HOMBRE,ILESO,CONDUCTOR PRESENTE,NO,NO,0
15924,50392,50393,2018,2,0,-0.188478,-78.447371,PICHINCHA,QUITO,NAYON,URBANA,2018-11-04,14:00:00,14,DOMINGO,7,NOVIEMBRE,11,SI,"CONDUCIR DESATENTO A LAS CONDICIONES DE TRANSITO (CELULAR, PANTALLAS DE VIDEO, COMIDA, MAQUILLAJE O CUALQUIER OTRO ELEMENTO DISTRACTOR).",ESTRELLAMIENTOS,AUTOMOVIL,1,0,0,0,0,0,0,0,0,0,0,0,0,1,33,MUJER,LESIONADO,CONDUCTOR PRESENTE,NO,NO,0
15925,50396,50397,2018,0,0,-0.292724,-78.476486,PICHINCHA,QUITO,CONOCOTO,URBANA,2018-11-04,14:05:00,14,DOMINGO,7,NOVIEMBRE,11,SI,NO MANTENER LA DISTANCIA PRUDENCIAL CON RESPECTO AL VEHICULO QUE LE ANTECEDE.,CHOQUE POSTERIOR,AUTOMOVIL,2,0,0,0,0,0,0,0,0,0,0,0,0,2,39,HOMBRE,ILESO,CONDUCTOR PRESENTE,NO,NO,0
15926,50403,50404,2018,0,0,-0.328831,-78.560625,PICHINCHA,QUITO,QUITO,URBANA,2018-11-04,15:40:00,15,DOMINGO,7,NOVIEMBRE,11,SI,"CONDUCE BAJO LA INFLUENCIA DE ALCOHOL, SUSTANCIAS ESTUPEFACIENTES O PSICOTROPICAS Y/O MEDICAMENTOS.",ESTRELLAMIENTOS,FURGONETA,1,0,0,0,0,0,0,1,0,0,0,0,0,2,-1,HOMBRE,ILESO,CONDUCTOR PRESENTE,NO,NO,0
15927,50412,50413,2018,0,0,-0.123551,-78.426711,PICHINCHA,QUITO,CALDERON (CARAPUNGO),URBANA,2018-11-04,19:45:00,19,DOMINGO,7,NOVIEMBRE,11,SI,"FALLA MECANICA EN LOS SISTEMAS Y/O NEUMATICOS (SISTEMA DE FRENOS, DIRECCION, ELECTRONICO O MECANICO).",ESTRELLAMIENTOS,CAMION,0,0,0,1,0,0,0,0,0,0,0,0,0,1,-1,NO IDENTIFICADO,NO IDENTIFICADO,CONDUCTOR AUSENTE,NO,NO,2
15928,50415,50416,2018,1,0,-0.243671,-78.485361,PICHINCHA,QUITO,QUITO,URBANA,2018-11-04,20:25:00,20,DOMINGO,7,NOVIEMBRE,11,SI,"CONDICIONES AMBIENTALES Y/O ATMOSFERICAS (NIEBLA, NEBLINA, GRANIZO, LLUVIA).",ATROPELLOS,AUTOMOVIL,1,0,0,0,0,0,0,0,0,0,0,0,0,1,-1,HOMBRE,LESIONADO,PEATON,NO,NO,0
15929,50422,50423,2018,0,0,-0.328479,-78.522294,PICHINCHA,QUITO,QUITO,URBANA,2018-11-04,22:10:00,22,DOMINGO,7,NOVIEMBRE,11,SI,"PRESENCIA DE AGENTES EXTERNOS EN LA VIA (AGUA, ACEITE, PIEDRA, LASTRE, ESCOMBROS, MADEROS, ETC.).",OTROS,CAMIONETA,2,0,0,0,1,0,0,0,0,0,0,0,0,3,29,MUJER,ILESO,CONDUCTOR PRESENTE,NO,NO,0
15930,50426,50427,2018,1,0,-0.370422,-78.373721,PICHINCHA,QUITO,PINTAG,URBANA,2018-11-04,23:15:00,23,DOMINGO,7,NOVIEMBRE,11,SI,NO GUARDAR LA DISTANCIA LATERAL MINIMA DE SEGURIDAD ENTRE VEHICULOS.,ROZAMIENTOS,AUTOMOVIL,2,0,0,0,0,0,0,0,0,0,0,0,0,2,20,MUJER,LESIONADO,CONDUCTOR PRESENTE,NO,NO,0
15931,50432,50433,2018,0,0,-0.237685,-78.484511,PICHINCHA,QUITO,QUITO,URBANA,2018-11-05,01:30:00,1,LUNES,1,NOVIEMBRE,11,NO,"CONDICIONES AMBIENTALES Y/O ATMOSFERICAS (NIEBLA, NEBLINA, GRANIZO, LLUVIA).",ESTRELLAMIENTOS,AUTOMOVIL,1,0,0,0,0,0,0,0,0,0,0,0,0,1,37,MUJER,ILESO,CONDUCTOR PRESENTE,NO,NO,0
15932,50433,50434,2018,0,1,-0.206438,-78.370261,PICHINCHA,QUITO,PUEMBO,URBANA,2018-11-05,01:30:00,1,LUNES,1,NOVIEMBRE,11,NO,"CONDUCE BAJO LA INFLUENCIA DE ALCOHOL, SUSTANCIAS ESTUPEFACIENTES O PSICOTROPICAS Y/O MEDICAMENTOS.",ESTRELLAMIENTOS,MOTOCICLETA,0,0,0,0,0,0,0,0,1,0,0,0,0,1,20,MUJER,FALLECIDO,PASAJERO,NO,NO,0
15933,50434,50435,2018,1,1,-0.450258,-78.685942,PICHINCHA,MEJIA,ALOAG,RURAL,2018-11-05,02:00:00,2,LUNES,1,NOVIEMBRE,11,NO,"CONDUCIR DESATENTO A LAS CONDICIONES DE TRANSITO (CELULAR, PANTALLAS DE VIDEO, COMIDA, MAQUILLAJE O CUALQUIER OTRO ELEMENTO DISTRACTOR).",CHOQUE POSTERIOR,MOTOCICLETA,0,0,1,0,0,0,0,0,1,0,0,0,0,2,25,MUJER,FALLECIDO,PASAJERO,NO,NO,3
15934,50439,50440,2018,2,0,-0.225944,-78.520664,PICHINCHA,QUITO,QUITO,URBANA,2018-11-05,06:55:00,6,LUNES,1,NOVIEMBRE,11,NO,NO TRANSITAR POR LAS ACERAS O ZONAS DE SEGURIDAD DESTINADAS PARA EL EFECTO.,ATROPELLOS,BUS,0,0,1,0,0,0,0,0,0,0,0,0,0,1,9,MUJER,LESIONADO,PASAJERO,NO,NO,0
15935,50440,50441,2018,0,0,-0.133464,-78.494995,PICHINCHA,QUITO,QUITO,URBANA,2018-11-05,07:05:00,7,LUNES,1,NOVIEMBRE,11,NO,DANIOS MECANICOS PREVISIBLES.,CHOQUE LATERAL,AUTOMOVIL,2,0,0,0,0,0,0,0,0,0,0,0,0,2,46,HOMBRE,ILESO,CONDUCTOR PRESENTE,NO,NO,0
15936,50443,50444,2018,0,0,-0.202315,-78.490064,PICHINCHA,QUITO,QUITO,URBANA,2018-11-05,07:55:00,7,LUNES,1,NOVIEMBRE,11,NO,"CONDICIONES AMBIENTALES Y/O ATMOSFERICAS (NIEBLA, NEBLINA, GRANIZO, LLUVIA).",CHOQUE LATERAL,AUTOMOVIL,1,0,1,0,0,0,0,0,0,0,0,0,0,2,19,HOMBRE,ILESO,CONDUCTOR PRESENTE,NO,NO,0
15937,50444,50445,2018,1,0,-0.231968,-78.510815,PICHINCHA,QUITO,QUITO,URBANA,2018-11-05,08:45:00,8,LUNES,1,NOVIEMBRE,11,NO,BAJARSE O SUBIRSE DE VEHICULOS EN MOVIMIENTO SIN TOMAR LAS PRECAUCIONES DEBIDAS.,CAIDA DE PASAJERO,NO IDENTIFICADO,0,0,0,0,0,0,0,0,0,1,0,0,0,1,69,MUJER,LESIONADO,PASAJERO,NO,NO,0
15938,50447,50448,2018,0,0,-0.212824,-78.402686,PICHINCHA,QUITO,TUMBACO,URBANA,2018-11-05,09:30:00,9,LUNES,1,NOVIEMBRE,11,NO,NO CEDER EL DERECHO DE VIA O PREFERENCIA DE PASO A VEHICULOS.,CHOQUE LATERAL,CAMION,1,0,0,1,0,0,0,0,0,0,0,0,0,2,28,HOMBRE,ILESO,CONDUCTOR PRESENTE,NO,NO,0
15939,50449,50450,2018,0,0,-0.280701,-78.557872,PICHINCHA,QUITO,QUITO,URBANA,2018-11-05,10:20:00,10,LUNES,1,NOVIEMBRE,11,NO,"NO RESPETAR LAS SENIALES REGLAMENTARIAS DE TRANSITO. (PARE, CEDA EL PASO, LUZ ROJA DEL SEMAFORO, ETC).",CHOQUE LATERAL,AUTOMOVIL,1,0,0,0,1,0,0,0,0,0,0,0,0,2,32,HOMBRE,ILESO,CONDUCTOR PRESENTE,NO,NO,0
15940,50457,50458,2018,0,0,-0.165451,-78.476847,PICHINCHA,QUITO,QUITO,URBANA,2018-11-05,13:20:00,13,LUNES,1,NOVIEMBRE,11,NO,NO GUARDAR LA DISTANCIA LATERAL MINIMA DE SEGURIDAD ENTRE VEHICULOS.,CHOQUE LATERAL,CAMIONETA,2,0,0,0,1,0,0,0,0,0,0,0,0,3,23,HOMBRE,ILESO,CONDUCTOR PRESENTE,NO,NO,0
15941,50462,50463,2018,0,0,0.007783,-78.550447,PICHINCHA,QUITO,CALACALI,URBANA,2018-11-05,16:01:00,16,LUNES,1,NOVIEMBRE,11,NO,"CONDICIONES AMBIENTALES Y/O ATMOSFERICAS (NIEBLA, NEBLINA, GRANIZO, LLUVIA).",CHOQUE LATERAL,CAMIONETA,0,0,0,1,1,0,0,0,0,0,0,0,0,2,49,HOMBRE,ILESO,CONDUCTOR PRESENTE,NO,NO,0
15942,50464,50465,2018,0,0,-0.135484,-78.486585,PICHINCHA,QUITO,QUITO,URBANA,2018-11-05,16:55:00,16,LUNES,1,NOVIEMBRE,11,NO,"CONDUCIR DESATENTO A LAS CONDICIONES DE TRANSITO (CELULAR, PANTALLAS DE VIDEO, COMIDA, MAQUILLAJE O CUALQUIER OTRO ELEMENTO DISTRACTOR).",CHOQUE LATERAL,AUTOMOVIL,2,0,0,0,0,0,0,1,0,0,0,0,0,3,49,HOMBRE,ILESO,CONDUCTOR PRESENTE,NO,NO,0
15943,50473,50474,2018,1,0,-0.255497,-78.541508,PICHINCHA,QUITO,QUITO,URBANA,2018-11-05,20:30:00,20,LUNES,1,NOVIEMBRE,11,NO,PEATON QUE CRUZA LA CALZADA SIN RESPETAR LA SENIALIZACION EXISTENTE (SEMAFOROS O SENIALES MANUALES).,ATROPELLOS,BUS,0,0,1,0,0,0,0,0,0,0,0,0,0,1,30,HOMBRE,LESIONADO,PEATON,NO,NO,0
15944,50476,50477,2018,5,0,-0.105373,-78.462381,PICHINCHA,QUITO,QUITO,URBANA,2018-11-05,22:10:00,22,LUNES,1,NOVIEMBRE,11,NO,"FALLA MECANICA EN LOS SISTEMAS Y/O NEUMATICOS (SISTEMA DE FRENOS, DIRECCION, ELECTRONICO O MECANICO).",ESTRELLAMIENTOS,BUS,2,0,1,0,0,0,0,0,0,0,0,0,0,3,-1,NO IDENTIFICADO,LESIONADO,PASAJERO,NO,NO,2
15945,50482,50483,2018,0,0,-0.244569,-78.518265,PICHINCHA,QUITO,QUITO,URBANA,2018-11-06,01:55:00,1,MARTES,2,NOVIEMBRE,11,NO,CONDUCIR VEHICULO SUPERANDO LOS LIMITES MAXIMOS DE VELOCIDAD.,ESTRELLAMIENTOS,AUTOMOVIL,1,0,0,0,0,0,0,0,0,0,0,0,0,1,-1,NO IDENTIFICADO,NO IDENTIFICADO,CONDUCTOR AUSENTE,NO,NO,2
15946,50485,50486,2018,0,0,-0.277641,-78.554805,PICHINCHA,QUITO,QUITO,URBANA,2018-11-06,06:15:00,6,MARTES,2,NOVIEMBRE,11,NO,NO GUARDAR LA DISTANCIA LATERAL MINIMA DE SEGURIDAD ENTRE VEHICULOS.,CHOQUE LATERAL,AUTOMOVIL,2,0,0,0,0,0,0,0,0,0,0,0,0,2,64,HOMBRE,ILESO,CONDUCTOR PRESENTE,NO,NO,0
15947,50487,50488,2018,0,0,-0.012839,-78.447307,PICHINCHA,QUITO,SAN ANTONIO (QUITO),RURAL,2018-11-06,08:03:00,8,MARTES,2,NOVIEMBRE,11,NO,CONDUCIR VEHICULO SUPERANDO LOS LIMITES MAXIMOS DE VELOCIDAD.,CHOQUE LATERAL,AUTOMOVIL,1,0,0,0,0,0,0,0,0,0,0,0,1,2,36,HOMBRE,ILESO,CONDUCTOR PRESENTE,NO,NO,3
15948,50488,50489,2018,2,0,-0.158323,-78.485366,PICHINCHA,QUITO,QUITO,URBANA,2018-11-06,08:50:00,8,MARTES,2,NOVIEMBRE,11,NO,"CONDUCIR DESATENTO A LAS CONDICIONES DE TRANSITO (CELULAR, PANTALLAS DE VIDEO, COMIDA, MAQUILLAJE O CUALQUIER OTRO ELEMENTO DISTRACTOR).",CAIDA DE PASAJERO,BUS,0,0,1,0,0,0,0,0,0,0,0,0,0,1,76,MUJER,LESIONADO,PASAJERO,NO,NO,0
15949,50489,50490,2018,2,0,-0.150393,-78.453592,PICHINCHA,QUITO,QUITO,URBANA,2018-11-06,09:34:00,9,MARTES,2,NOVIEMBRE,11,NO,DANIOS MECANICOS PREVISIBLES.,ESTRELLAMIENTOS,AUTOMOVIL,2,0,0,0,0,0,0,0,0,0,0,0,0,2,54,MUJER,LESIONADO,CONDUCTOR PRESENTE,NO,NO,0
15950,50491,50492,2018,1,0,-0.284269,-78.518971,PICHINCHA,QUITO,QUITO,URBANA,2018-11-06,10:15:00,10,MARTES,2,NOVIEMBRE,11,NO,NO GUARDAR LA DISTANCIA LATERAL MINIMA DE SEGURIDAD ENTRE VEHICULOS.,CHOQUE LATERAL,AUTOMOVIL,1,0,0,0,0,0,0,0,1,0,0,0,0,2,47,HOMBRE,LESIONADO,CONDUCTOR PRESENTE,NO,NO,0
15951,50492,50493,2018,0,0,-0.177802,-78.488934,PICHINCHA,QUITO,QUITO,URBANA,2018-11-06,10:30:00,10,MARTES,2,NOVIEMBRE,11,NO,NO MANTENER LA DISTANCIA PRUDENCIAL CON RESPECTO AL VEHICULO QUE LE ANTECEDE.,CHOQUE POSTERIOR,AUTOMOVIL,2,0,0,0,0,0,0,0,0,0,0,0,0,2,32,MUJER,ILESO,CONDUCTOR PRESENTE,NO,NO,0
15952,50500,50501,2018,1,0,-0.199767,-78.428809,PICHINCHA,QUITO,CUMBAYA,URBANA,2018-11-06,13:05:00,13,MARTES,2,NOVIEMBRE,11,NO,CONDUCIR VEHICULO SUPERANDO LOS LIMITES MAXIMOS DE VELOCIDAD.,CHOQUE LATERAL,MOTOCICLETA,1,0,0,0,0,0,0,0,1,0,0,0,0,2,21,HOMBRE,LESIONADO,CONDUCTOR PRESENTE,NO,NO,0
15953,50501,50502,2018,1,0,-0.272987,-78.547114,PICHINCHA,QUITO,QUITO,URBANA,2018-11-06,13:35:00,13,MARTES,2,NOVIEMBRE,11,NO,CONDUCIR VEHICULO SUPERANDO LOS LIMITES MAXIMOS DE VELOCIDAD.,CHOQUE LATERAL,MOTOCICLETA,1,0,0,0,0,0,0,0,1,0,0,0,0,2,28,MUJER,LESIONADO,CONDUCTOR PRESENTE,NO,NO,0
15954,50503,50504,2018,2,0,-0.196669,-78.466599,PICHINCHA,QUITO,QUITO,URBANA,2018-11-06,14:23:00,14,MARTES,2,NOVIEMBRE,11,NO,"CONDICIONES AMBIENTALES Y/O ATMOSFERICAS (NIEBLA, NEBLINA, GRANIZO, LLUVIA).",ESTRELLAMIENTOS,AUTOMOVIL,3,0,0,0,0,0,0,0,0,0,0,0,0,3,28,HOMBRE,LESIONADO,CONDUCTOR PRESENTE,NO,NO,0
15955,50509,50510,2018,0,0,-0.196488,-78.502935,PICHINCHA,QUITO,QUITO,URBANA,2018-11-06,15:55:00,15,MARTES,2,NOVIEMBRE,11,NO,NO GUARDAR LA DISTANCIA LATERAL MINIMA DE SEGURIDAD ENTRE VEHICULOS.,CHOQUE LATERAL,AUTOMOVIL,1,0,0,0,0,0,0,0,1,0,0,0,0,2,52,HOMBRE,ILESO,CONDUCTOR PRESENTE,NO,NO,0
15956,50513,50514,2018,0,0,-0.303374,-78.547872,PICHINCHA,QUITO,QUITO,URBANA,2018-11-06,16:55:00,16,MARTES,2,NOVIEMBRE,11,NO,"ADELANTAR O REBASAR A OTRO VEHICULO EN MOVIMIENTO EN ZONAS O SITIOS PELIGROSOS TALES COMO: CURVAS, PUENTES, TUNELES, PENDIENTES, ETC.",ROZAMIENTOS,AUTOMOVIL,1,0,1,0,0,0,0,0,0,0,0,0,0,2,29,HOMBRE,ILESO,CONDUCTOR PRESENTE,NO,NO,0
15957,50516,50517,2018,1,0,-0.285352,-78.549805,PICHINCHA,QUITO,QUITO,URBANA,2018-11-06,19:00:00,19,MARTES,2,NOVIEMBRE,11,NO,"NO RESPETAR LAS SENIALES REGLAMENTARIAS DE TRANSITO. (PARE, CEDA EL PASO, LUZ ROJA DEL SEMAFORO, ETC).",OTROS,CAMION,0,0,0,1,0,0,0,0,0,0,0,0,0,1,50,HOMBRE,LESIONADO,PEATON,NO,NO,0
15958,50525,50526,2018,0,0,-0.168478,-78.473109,PICHINCHA,QUITO,QUITO,URBANA,2018-11-06,22:10:00,22,MARTES,2,NOVIEMBRE,11,NO,CONDUCIR VEHICULO SUPERANDO LOS LIMITES MAXIMOS DE VELOCIDAD.,OTROS,AUTOMOVIL,1,0,0,0,0,0,0,0,0,0,0,0,0,1,-1,NO IDENTIFICADO,NO IDENTIFICADO,CONDUCTOR AUSENTE,NO,NO,2
15959,50526,50527,2018,1,0,-0.151102,-78.465383,PICHINCHA,QUITO,QUITO,URBANA,2018-11-06,22:20:00,22,MARTES,2,NOVIEMBRE,11,NO,CONDUCIR VEHICULO SUPERANDO LOS LIMITES MAXIMOS DE VELOCIDAD.,ESTRELLAMIENTOS,MOTOCICLETA,0,0,0,0,0,0,0,0,1,0,0,0,0,1,21,HOMBRE,LESIONADO,CONDUCTOR PRESENTE,NO,NO,0
15960,50527,50528,2018,0,1,-0.223594,-78.341589,PICHINCHA,QUITO,PIFO,RURAL,2018-11-06,22:40:00,22,MARTES,2,NOVIEMBRE,11,NO,"CONDUCIR DESATENTO A LAS CONDICIONES DE TRANSITO (CELULAR, PANTALLAS DE VIDEO, COMIDA, MAQUILLAJE O CUALQUIER OTRO ELEMENTO DISTRACTOR).",ATROPELLOS,AUTOMOVIL,1,0,0,0,0,0,0,0,0,0,0,0,0,1,57,HOMBRE,FALLECIDO,PEATON,NO,NO,3
15961,50528,50529,2018,0,0,-0.311236,-78.564529,PICHINCHA,QUITO,QUITO,URBANA,2018-11-06,23:30:00,23,MARTES,2,NOVIEMBRE,11,NO,"CONDUCE BAJO LA INFLUENCIA DE ALCOHOL, SUSTANCIAS ESTUPEFACIENTES O PSICOTROPICAS Y/O MEDICAMENTOS.",OTROS,AUTOMOVIL,1,0,0,0,1,0,0,0,0,0,0,0,0,2,28,HOMBRE,ILESO,CONDUCTOR PRESENTE,NO,NO,0
15962,50546,50547,2018,1,0,-0.266233,-78.523643,PICHINCHA,QUITO,QUITO,URBANA,2018-11-07,08:40:00,8,MIERCOLES,3,NOVIEMBRE,11,NO,"NO RESPETAR LAS SENIALES REGLAMENTARIAS DE TRANSITO. (PARE, CEDA EL PASO, LUZ ROJA DEL SEMAFORO, ETC).",ATROPELLOS,NO IDENTIFICADO,0,0,0,0,0,0,0,0,0,1,0,0,0,1,25,MUJER,LESIONADO,PEATON,NO,NO,0
15963,50548,50549,2018,1,0,-0.272977,-78.529361,PICHINCHA,QUITO,QUITO,URBANA,2018-11-07,09:35:00,9,MIERCOLES,3,NOVIEMBRE,11,NO,PEATON QUE CRUZA LA CALZADA SIN RESPETAR LA SENIALIZACION EXISTENTE (SEMAFOROS O SENIALES MANUALES).,ATROPELLOS,MOTOCICLETA,0,0,0,0,0,0,0,0,1,0,0,0,0,1,55,MUJER,LESIONADO,PEATON,NO,NO,0
15964,50554,50555,2018,1,0,-0.148312,-78.475438,PICHINCHA,QUITO,QUITO,URBANA,2018-11-07,13:25:00,13,MIERCOLES,3,NOVIEMBRE,11,NO,"NO RESPETAR LAS SENIALES REGLAMENTARIAS DE TRANSITO. (PARE, CEDA EL PASO, LUZ ROJA DEL SEMAFORO, ETC).",CHOQUE LATERAL,MOTOCICLETA,0,0,0,0,1,0,0,0,1,0,0,0,0,2,26,HOMBRE,LESIONADO,CONDUCTOR PRESENTE,NO,NO,0
15965,50563,50564,2018,1,0,-0.113693,-78.466502,PICHINCHA,QUITO,QUITO,URBANA,2018-11-07,15:40:00,15,MIERCOLES,3,NOVIEMBRE,11,NO,"PRESENCIA DE AGENTES EXTERNOS EN LA VIA (AGUA, ACEITE, PIEDRA, LASTRE, ESCOMBROS, MADEROS, ETC.).",VOLCAMIENTOS,CAMION,0,0,0,1,0,0,0,0,0,0,0,0,0,1,33,HOMBRE,LESIONADO,CONDUCTOR PRESENTE,NO,NO,0
15966,50567,50568,2018,2,0,-0.177282,-78.359537,PICHINCHA,QUITO,PUEMBO,URBANA,2018-11-07,16:58:00,16,MIERCOLES,3,NOVIEMBRE,11,NO,"FALLA MECANICA EN LOS SISTEMAS Y/O NEUMATICOS (SISTEMA DE FRENOS, DIRECCION, ELECTRONICO O MECANICO).",COLISION,CAMION,0,0,0,2,1,0,0,0,0,0,0,0,0,3,50,HOMBRE,LESIONADO,CONDUCTOR PRESENTE,NO,NO,0
15967,50568,50569,2018,0,0,-0.168478,-78.473109,PICHINCHA,QUITO,QUITO,URBANA,2018-11-07,17:00:00,17,MIERCOLES,3,NOVIEMBRE,11,NO,"CONDUCE BAJO LA INFLUENCIA DE ALCOHOL, SUSTANCIAS ESTUPEFACIENTES O PSICOTROPICAS Y/O MEDICAMENTOS.",CHOQUE LATERAL,AUTOMOVIL,2,0,0,0,0,0,0,0,0,0,0,0,0,2,19,HOMBRE,ILESO,CONDUCTOR PRESENTE,NO,NO,0
15968,50572,50573,2018,0,0,-0.100553,-78.472156,PICHINCHA,QUITO,QUITO,URBANA,2018-11-07,19:15:00,19,MIERCOLES,3,NOVIEMBRE,11,NO,NO MANTENER LA DISTANCIA PRUDENCIAL CON RESPECTO AL VEHICULO QUE LE ANTECEDE.,CHOQUE POSTERIOR,AUTOMOVIL,2,0,0,0,0,0,0,0,0,0,0,0,0,2,30,MUJER,ILESO,CONDUCTOR PRESENTE,NO,NO,0
15969,50573,50574,2018,2,0,-0.104543,-78.427316,PICHINCHA,QUITO,CALDERON (CARAPUNGO),URBANA,2018-11-07,19:25:00,19,MIERCOLES,3,NOVIEMBRE,11,NO,NO TRANSITAR POR LAS ACERAS O ZONAS DE SEGURIDAD DESTINADAS PARA EL EFECTO.,ATROPELLOS,AUTOMOVIL,1,0,0,0,0,0,0,0,0,0,0,0,0,1,35,HOMBRE,LESIONADO,CONDUCTOR PRESENTE,NO,NO,0
15970,50575,50576,2018,1,0,-0.197218,-78.483665,PICHINCHA,QUITO,QUITO,URBANA,2018-11-07,21:45:00,21,MIERCOLES,3,NOVIEMBRE,11,NO,"NO RESPETAR LAS SENIALES REGLAMENTARIAS DE TRANSITO. (PARE, CEDA EL PASO, LUZ ROJA DEL SEMAFORO, ETC).",CHOQUE LATERAL,AUTOMOVIL,1,0,0,0,0,0,0,0,1,0,0,0,0,2,25,MUJER,LESIONADO,CONDUCTOR PRESENTE,NO,NO,0
15971,50588,50589,2018,1,0,-0.254142,-78.540526,PICHINCHA,QUITO,QUITO,URBANA,2018-11-08,06:45:00,6,JUEVES,4,NOVIEMBRE,11,NO,CONDUCIR VEHICULO SUPERANDO LOS LIMITES MAXIMOS DE VELOCIDAD.,CAIDA DE PASAJERO,BUS,0,0,1,0,0,0,0,0,0,0,0,0,0,1,73,MUJER,LESIONADO,PASAJERO,NO,NO,0
15972,50590,50591,2018,1,0,-0.315061,-78.558299,PICHINCHA,QUITO,QUITO,URBANA,2018-11-08,07:30:00,7,JUEVES,4,NOVIEMBRE,11,NO,NO GUARDAR LA DISTANCIA LATERAL MINIMA DE SEGURIDAD ENTRE VEHICULOS.,CHOQUE LATERAL,MOTOCICLETA,0,0,0,0,0,0,0,0,1,0,0,0,0,1,19,HOMBRE,LESIONADO,CONDUCTOR PRESENTE,NO,NO,0