,Unnamed: 0,ID,ANIO,LESIONADOS,FALLECIDOS,LATITUD_Y,LONGITUD_X,PROVINCIA,CANTON,PARROQUIA,ZONA,FECHA,HORA,PERIODO_2,DIA_1,DIA_2,MES_1,MES_2,FERIADO,CAUSA_PROBABLE,TIPO_DE_SINIESTRO,TIPO_DE_VEHICULO_1,AUTOMOVIL,BICICLETA,BUS,CAMION,CAMIONETA,EMERGENCIAS,ESPECIAL,FURGONETA,MOTOCICLETA,NO_IDENTIFICADO,SCOOTER_ELECTRICO,TRICIMOTO,VEHICULO_DEPORTIVO_UTILITARIO,SUMA_DE_VEHICULOS,EDAD_1,SEXO_1,CONDICION_1,PARTICIPANTE_1,CASCO_1,CINTURON_1,KMeans_Cluster
15973,50591,50592,2018,2,0,-0.203732,-78.510533,PICHINCHA,QUITO,QUITO,URBANA,2018-11-08,07:45:00,7,JUEVES,4,NOVIEMBRE,11,NO,NO MANTENER LA DISTANCIA PRUDENCIAL CON RESPECTO AL VEHICULO QUE LE ANTECEDE.,COLISION,AUTOMOVIL,3,0,0,0,0,0,0,0,0,0,0,0,0,3,62,MUJER,LESIONADO,CONDUCTOR PRESENTE,NO,NO,0
15974,50599,50600,2018,0,1,-0.271125,-78.551998,PICHINCHA,QUITO,QUITO,URBANA,2018-11-08,11:55:00,11,JUEVES,4,NOVIEMBRE,11,NO,NO TRANSITAR POR LAS ACERAS O ZONAS DE SEGURIDAD DESTINADAS PARA EL EFECTO.,ATROPELLOS,BUS,0,0,1,0,0,0,0,0,0,0,0,0,0,1,68,HOMBRE,FALLECIDO,PEATON,NO,NO,0
15975,50612,50613,2018,1,0,-0.298222,-78.532387,PICHINCHA,QUITO,QUITO,URBANA,2018-11-08,18:40:00,18,JUEVES,4,NOVIEMBRE,11,NO,"CONDUCE BAJO LA INFLUENCIA DE ALCOHOL, SUSTANCIAS ESTUPEFACIENTES O PSICOTROPICAS Y/O MEDICAMENTOS.",OTROS,AUTOMOVIL,2,0,0,0,1,0,0,0,0,0,0,0,0,3,-1,NO IDENTIFICADO,LESIONADO,PEATON,NO,NO,2
15976,50614,50615,2018,0,0,-0.316592,-78.569588,PICHINCHA,QUITO,QUITO,URBANA,2018-11-08,19:00:00,19,JUEVES,4,NOVIEMBRE,11,NO,CONDUCIR VEHICULO SUPERANDO LOS LIMITES MAXIMOS DE VELOCIDAD.,PERDIDA DE CARRIL,MOTOCICLETA,0,0,0,0,0,0,0,0,1,0,0,0,0,1,50,HOMBRE,ILESO,CONDUCTOR PRESENTE,NO,NO,0
15977,50618,50619,2018,2,0,-0.366373,-78.550808,PICHINCHA,MEJIA,CUTUGLAHUA,RURAL,2018-11-08,19:15:00,19,JUEVES,4,NOVIEMBRE,11,NO,"CONDUCIR DESATENTO A LAS CONDICIONES DE TRANSITO (CELULAR, PANTALLAS DE VIDEO, COMIDA, MAQUILLAJE O CUALQUIER OTRO ELEMENTO DISTRACTOR).",CHOQUE LATERAL,MOTOCICLETA,0,0,0,0,0,0,0,0,1,0,0,0,1,2,20,HOMBRE,LESIONADO,CONDUCTOR PRESENTE,NO,NO,3
15978,50619,50620,2018,0,0,-0.110471,-78.298545,PICHINCHA,QUITO,EL QUINCHE,RURAL,2018-11-08,19:30:00,19,JUEVES,4,NOVIEMBRE,11,NO,"CONDUCE BAJO LA INFLUENCIA DE ALCOHOL, SUSTANCIAS ESTUPEFACIENTES O PSICOTROPICAS Y/O MEDICAMENTOS.",ESTRELLAMIENTOS,CAMIONETA,0,0,0,0,1,0,0,0,0,0,0,0,1,2,68,HOMBRE,ILESO,CONDUCTOR PRESENTE,NO,NO,3
15979,50623,50624,2018,0,0,-0.189518,-78.496934,PICHINCHA,QUITO,QUITO,URBANA,2018-11-08,20:17:00,20,JUEVES,4,NOVIEMBRE,11,NO,CONDUCIR VEHICULO SUPERANDO LOS LIMITES MAXIMOS DE VELOCIDAD.,CHOQUE LATERAL,AUTOMOVIL,1,0,0,0,0,0,0,0,0,1,0,0,0,2,72,HOMBRE,ILESO,CONDUCTOR PRESENTE,NO,NO,0
15980,50624,50625,2018,0,0,-0.216614,-78.504895,PICHINCHA,QUITO,QUITO,URBANA,2018-11-08,20:20:00,20,JUEVES,4,NOVIEMBRE,11,NO,NO GUARDAR LA DISTANCIA LATERAL MINIMA DE SEGURIDAD ENTRE VEHICULOS.,CHOQUE LATERAL,AUTOMOVIL,1,0,1,0,0,0,0,0,0,0,0,0,0,2,39,HOMBRE,ILESO,CONDUCTOR PRESENTE,NO,NO,0
15981,50625,50626,2018,0,0,-0.278843,-78.547773,PICHINCHA,QUITO,QUITO,URBANA,2018-11-08,20:40:00,20,JUEVES,4,NOVIEMBRE,11,NO,"CONDUCE BAJO LA INFLUENCIA DE ALCOHOL, SUSTANCIAS ESTUPEFACIENTES O PSICOTROPICAS Y/O MEDICAMENTOS.",CHOQUE LATERAL,AUTOMOVIL,2,0,0,0,0,0,0,0,0,0,0,0,0,2,24,HOMBRE,ILESO,CONDUCTOR PRESENTE,NO,NO,0
15982,50626,50627,2018,1,0,-0.083707,-78.473107,PICHINCHA,QUITO,QUITO,URBANA,2018-11-08,20:45:00,20,JUEVES,4,NOVIEMBRE,11,NO,"NO RESPETAR LAS SENIALES REGLAMENTARIAS DE TRANSITO. (PARE, CEDA EL PASO, LUZ ROJA DEL SEMAFORO, ETC).",CHOQUE LATERAL,MOTOCICLETA,1,0,0,0,0,0,0,0,1,0,0,0,0,2,20,HOMBRE,LESIONADO,CONDUCTOR PRESENTE,NO,NO,0
15983,50630,50631,2018,1,1,-0.245394,-78.464965,PICHINCHA,QUITO,QUITO,URBANA,2018-11-08,22:40:00,22,JUEVES,4,NOVIEMBRE,11,NO,CONDUCIR VEHICULO SUPERANDO LOS LIMITES MAXIMOS DE VELOCIDAD.,ESTRELLAMIENTOS,AUTOMOVIL,1,0,0,0,0,0,0,0,0,0,0,0,0,1,27,HOMBRE,FALLECIDO,PASAJERO,NO,NO,0
15984,50631,50632,2018,6,0,-0.172498,-78.487861,PICHINCHA,QUITO,QUITO,URBANA,2018-11-08,23:15:00,23,JUEVES,4,NOVIEMBRE,11,NO,CONDUCIR VEHICULO SUPERANDO LOS LIMITES MAXIMOS DE VELOCIDAD.,ESTRELLAMIENTOS,AUTOMOVIL,1,0,0,0,0,0,0,0,0,0,0,0,0,1,23,HOMBRE,LESIONADO,PASAJERO,NO,NO,0
15985,50640,50641,2018,0,1,-0.231254,-78.503251,PICHINCHA,QUITO,QUITO,URBANA,2018-11-09,02:30:00,2,VIERNES,5,NOVIEMBRE,11,NO,CONDUCIR VEHICULO SUPERANDO LOS LIMITES MAXIMOS DE VELOCIDAD.,PERDIDA DE CARRIL,BICICLETA,0,1,0,0,0,0,0,0,0,0,0,0,0,1,19,HOMBRE,FALLECIDO,CONDUCTOR PRESENTE,NO,NO,0
15986,50644,50645,2018,0,0,-0.107472,-78.490969,PICHINCHA,QUITO,QUITO,URBANA,2018-11-09,04:35:00,4,VIERNES,5,NOVIEMBRE,11,NO,"NO RESPETAR LAS SENIALES REGLAMENTARIAS DE TRANSITO. (PARE, CEDA EL PASO, LUZ ROJA DEL SEMAFORO, ETC).",OTROS,AUTOMOVIL,1,0,0,0,0,0,0,0,0,0,0,0,0,1,-1,NO IDENTIFICADO,NO IDENTIFICADO,CONDUCTOR AUSENTE,NO,NO,2
15987,50647,50648,2018,0,0,-0.196669,-78.466599,PICHINCHA,QUITO,QUITO,URBANA,2018-11-09,05:51:00,5,VIERNES,5,NOVIEMBRE,11,NO,REALIZAR CAMBIO BRUSCO O INDEBIDO DE CARRIL.,COLISION,AUTOMOVIL,2,0,1,0,0,0,0,0,0,0,0,0,0,3,41,HOMBRE,ILESO,CONDUCTOR PRESENTE,NO,NO,0
15988,50651,50652,2018,1,0,-0.246269,-78.534319,PICHINCHA,QUITO,QUITO,URBANA,2018-11-09,06:45:00,6,VIERNES,5,NOVIEMBRE,11,NO,CONDUCIR VEHICULO SUPERANDO LOS LIMITES MAXIMOS DE VELOCIDAD.,ATROPELLOS,MOTOCICLETA,0,0,0,0,0,0,0,0,1,0,0,0,0,1,52,MUJER,LESIONADO,PEATON,NO,NO,0
15989,50652,50653,2018,1,0,-0.282864,-78.543231,PICHINCHA,QUITO,QUITO,URBANA,2018-11-09,07:50:00,7,VIERNES,5,NOVIEMBRE,11,NO,NO GUARDAR LA DISTANCIA LATERAL MINIMA DE SEGURIDAD ENTRE VEHICULOS.,CHOQUE LATERAL,NO IDENTIFICADO,0,0,0,0,0,0,0,0,0,1,0,0,0,1,21,HOMBRE,LESIONADO,CONDUCTOR PRESENTE,NO,NO,0
15990,50657,50658,2018,0,0,-0.099036,-78.478933,PICHINCHA,QUITO,QUITO,URBANA,2018-11-09,11:53:00,11,VIERNES,5,NOVIEMBRE,11,NO,"CONDUCIR DESATENTO A LAS CONDICIONES DE TRANSITO (CELULAR, PANTALLAS DE VIDEO, COMIDA, MAQUILLAJE O CUALQUIER OTRO ELEMENTO DISTRACTOR).",CHOQUE LATERAL,CAMIONETA,0,0,0,0,2,0,0,0,0,0,0,0,0,2,65,HOMBRE,ILESO,CONDUCTOR PRESENTE,NO,NO,0
15991,50663,50664,2018,1,0,-0.331895,-78.554775,PICHINCHA,QUITO,QUITO,URBANA,2018-11-09,14:25:00,14,VIERNES,5,NOVIEMBRE,11,NO,CONDUCIR VEHICULO SUPERANDO LOS LIMITES MAXIMOS DE VELOCIDAD.,ATROPELLOS,NO IDENTIFICADO,0,0,0,0,0,0,0,0,0,1,0,0,0,1,11,MUJER,LESIONADO,PEATON,NO,NO,0
15992,50670,50671,2018,1,0,-0.236974,-78.487124,PICHINCHA,QUITO,QUITO,URBANA,2018-11-09,16:20:00,16,VIERNES,5,NOVIEMBRE,11,NO,NO MANTENER LA DISTANCIA PRUDENCIAL CON RESPECTO AL VEHICULO QUE LE ANTECEDE.,CHOQUE POSTERIOR,AUTOMOVIL,1,0,0,1,0,0,0,0,0,0,0,0,0,2,41,HOMBRE,LESIONADO,CONDUCTOR PRESENTE,NO,NO,0
15993,50674,50675,2018,0,0,-0.266145,-78.557721,PICHINCHA,QUITO,QUITO,URBANA,2018-11-09,17:55:00,17,VIERNES,5,NOVIEMBRE,11,NO,"NO RESPETAR LAS SENIALES REGLAMENTARIAS DE TRANSITO. (PARE, CEDA EL PASO, LUZ ROJA DEL SEMAFORO, ETC).",ESTRELLAMIENTOS,AUTOMOVIL,1,0,0,0,0,0,0,0,0,0,0,0,0,1,24,HOMBRE,ILESO,CONDUCTOR PRESENTE,NO,NO,0
15994,50682,50683,2018,1,0,-0.103267,-78.499421,PICHINCHA,QUITO,QUITO,URBANA,2018-11-09,21:05:00,21,VIERNES,5,NOVIEMBRE,11,NO,"CONDUCIR DESATENTO A LAS CONDICIONES DE TRANSITO (CELULAR, PANTALLAS DE VIDEO, COMIDA, MAQUILLAJE O CUALQUIER OTRO ELEMENTO DISTRACTOR).",ESTRELLAMIENTOS,AUTOMOVIL,2,0,0,0,0,0,0,0,0,0,0,0,0,2,58,HOMBRE,LESIONADO,CONDUCTOR PRESENTE,NO,NO,0
15995,50685,50686,2018,1,0,-0.161499,-78.495616,PICHINCHA,QUITO,QUITO,URBANA,2018-11-09,21:20:00,21,VIERNES,5,NOVIEMBRE,11,NO,"PRESENCIA DE AGENTES EXTERNOS EN LA VIA (AGUA, ACEITE, PIEDRA, LASTRE, ESCOMBROS, MADEROS, ETC.).",VOLCAMIENTOS,MOTOCICLETA,0,0,0,0,0,0,0,0,1,0,0,0,0,1,23,HOMBRE,LESIONADO,CONDUCTOR PRESENTE,NO,NO,0
15996,50686,50687,2018,1,0,-0.309753,-78.552531,PICHINCHA,QUITO,QUITO,URBANA,2018-11-09,21:20:00,21,VIERNES,5,NOVIEMBRE,11,NO,NO TRANSITAR POR LAS ACERAS O ZONAS DE SEGURIDAD DESTINADAS PARA EL EFECTO.,ATROPELLOS,NO IDENTIFICADO,0,0,0,0,0,0,0,0,0,1,0,0,0,1,30,HOMBRE,LESIONADO,PEATON,NO,NO,0
15997,50690,50691,2018,1,0,-0.309181,-78.539012,PICHINCHA,QUITO,QUITO,URBANA,2018-11-09,22:10:00,22,VIERNES,5,NOVIEMBRE,11,NO,NO TRANSITAR POR LAS ACERAS O ZONAS DE SEGURIDAD DESTINADAS PARA EL EFECTO.,ATROPELLOS,AUTOMOVIL,1,0,0,0,0,0,0,0,0,0,0,0,0,1,58,HOMBRE,LESIONADO,PEATON,NO,NO,0
15998,50694,50695,2018,0,0,-0.299877,-78.542315,PICHINCHA,QUITO,QUITO,URBANA,2018-11-09,22:50:00,22,VIERNES,5,NOVIEMBRE,11,NO,"CONDUCE BAJO LA INFLUENCIA DE ALCOHOL, SUSTANCIAS ESTUPEFACIENTES O PSICOTROPICAS Y/O MEDICAMENTOS.",COLISION,CAMION,4,0,0,1,0,0,0,0,0,0,0,0,0,5,48,HOMBRE,ILESO,CONDUCTOR PRESENTE,NO,NO,0
15999,50695,50696,2018,0,0,-0.249051,-78.529551,PICHINCHA,QUITO,QUITO,URBANA,2018-11-09,22:55:00,22,VIERNES,5,NOVIEMBRE,11,NO,NO MANTENER LA DISTANCIA PRUDENCIAL CON RESPECTO AL VEHICULO QUE LE ANTECEDE.,CHOQUE POSTERIOR,AUTOMOVIL,2,0,0,0,0,0,0,0,0,0,0,0,0,2,27,MUJER,ILESO,CONDUCTOR PRESENTE,NO,NO,0
16000,50697,50698,2018,0,0,-0.102776,-78.473748,PICHINCHA,QUITO,QUITO,URBANA,2018-11-09,23:05:00,23,VIERNES,5,NOVIEMBRE,11,NO,"CONDUCE BAJO LA INFLUENCIA DE ALCOHOL, SUSTANCIAS ESTUPEFACIENTES O PSICOTROPICAS Y/O MEDICAMENTOS.",CHOQUE POSTERIOR,AUTOMOVIL,3,0,0,0,0,0,0,0,0,0,0,0,0,3,65,HOMBRE,ILESO,CONDUCTOR PRESENTE,NO,NO,0
16001,50699,50700,2018,0,0,-0.217891,-78.485251,PICHINCHA,QUITO,QUITO,URBANA,2018-11-09,23:45:00,23,VIERNES,5,NOVIEMBRE,11,NO,NO GUARDAR LA DISTANCIA LATERAL MINIMA DE SEGURIDAD ENTRE VEHICULOS.,CHOQUE LATERAL,AUTOMOVIL,1,0,0,0,0,0,0,0,0,1,0,0,0,2,52,HOMBRE,ILESO,CONDUCTOR PRESENTE,NO,NO,0
16002,50700,50701,2018,1,0,-0.202604,-78.490561,PICHINCHA,QUITO,QUITO,URBANA,2018-11-09,23:48:00,23,VIERNES,5,NOVIEMBRE,11,NO,NO TRANSITAR POR LAS ACERAS O ZONAS DE SEGURIDAD DESTINADAS PARA EL EFECTO.,ARROLLAMIENTOS,AUTOMOVIL,1,0,0,0,0,0,0,0,0,0,0,0,0,1,40,HOMBRE,LESIONADO,PEATON,NO,NO,0
16003,50704,50705,2018,0,0,-0.085894,-78.510717,PICHINCHA,QUITO,QUITO,URBANA,2018-11-10,01:00:00,1,SABADO,6,NOVIEMBRE,11,NO,CONDUCIR VEHICULO SUPERANDO LOS LIMITES MAXIMOS DE VELOCIDAD.,ESTRELLAMIENTOS,CAMIONETA,0,0,0,0,1,0,0,0,0,0,0,0,0,1,-1,NO IDENTIFICADO,NO IDENTIFICADO,CONDUCTOR AUSENTE,NO,NO,2
16004,50706,50707,2018,0,0,-0.046166,-78.340131,PICHINCHA,QUITO,GUAYLLABAMBA,RURAL,2018-11-10,01:50:00,1,SABADO,6,NOVIEMBRE,11,NO,"CONDUCIR DESATENTO A LAS CONDICIONES DE TRANSITO (CELULAR, PANTALLAS DE VIDEO, COMIDA, MAQUILLAJE O CUALQUIER OTRO ELEMENTO DISTRACTOR).",PERDIDA DE CARRIL,AUTOMOVIL,1,0,0,0,0,0,0,0,0,0,0,0,0,1,-1,NO IDENTIFICADO,NO IDENTIFICADO,CONDUCTOR AUSENTE,NO,NO,2
16005,50707,50708,2018,0,0,-0.181747,-78.475843,PICHINCHA,QUITO,QUITO,URBANA,2018-11-10,02:10:00,2,SABADO,6,NOVIEMBRE,11,NO,"CONDUCE BAJO LA INFLUENCIA DE ALCOHOL, SUSTANCIAS ESTUPEFACIENTES O PSICOTROPICAS Y/O MEDICAMENTOS.",ESTRELLAMIENTOS,AUTOMOVIL,3,0,0,0,0,0,0,0,0,0,0,0,0,3,29,HOMBRE,ILESO,CONDUCTOR PRESENTE,NO,NO,0
16006,50721,50722,2018,0,0,-0.302997,-78.553256,PICHINCHA,QUITO,QUITO,URBANA,2018-11-10,05:00:00,5,SABADO,6,NOVIEMBRE,11,NO,NO MANTENER LA DISTANCIA PRUDENCIAL CON RESPECTO AL VEHICULO QUE LE ANTECEDE.,CHOQUE POSTERIOR,AUTOMOVIL,1,0,0,0,0,0,0,0,0,0,0,0,0,1,45,HOMBRE,ILESO,CONDUCTOR PRESENTE,NO,NO,0
16007,50724,50725,2018,0,0,-0.264361,-78.549885,PICHINCHA,QUITO,QUITO,URBANA,2018-11-10,06:15:00,6,SABADO,6,NOVIEMBRE,11,NO,CONDUCIR VEHICULO SUPERANDO LOS LIMITES MAXIMOS DE VELOCIDAD.,ESTRELLAMIENTOS,AUTOMOVIL,1,0,0,0,0,0,0,0,0,0,0,0,0,1,-1,NO IDENTIFICADO,NO IDENTIFICADO,CONDUCTOR AUSENTE,NO,NO,2
16008,50728,50729,2018,0,0,-0.281321,-78.494625,PICHINCHA,QUITO,CONOCOTO,URBANA,2018-11-10,09:00:00,9,SABADO,6,NOVIEMBRE,11,NO,MALAS CONDICIONES DE LA VIA Y/O CONFIGURACION. (ILUMINACION Y DISENIO).,OTROS,CAMIONETA,0,0,0,0,1,0,0,0,0,0,0,0,0,1,-1,NO IDENTIFICADO,NO IDENTIFICADO,CONDUCTOR AUSENTE,NO,NO,2
16009,50736,50737,2018,1,0,-0.327284,-78.550355,PICHINCHA,QUITO,QUITO,URBANA,2018-11-10,11:40:00,11,SABADO,6,NOVIEMBRE,11,NO,NO TRANSITAR POR LAS ACERAS O ZONAS DE SEGURIDAD DESTINADAS PARA EL EFECTO.,ATROPELLOS,MOTOCICLETA,0,0,0,0,0,0,0,0,1,0,0,0,0,1,14,MUJER,LESIONADO,PEATON,NO,NO,0
16010,50738,50739,2018,1,0,-0.239721,-78.512058,PICHINCHA,QUITO,QUITO,URBANA,2018-11-10,11:55:00,11,SABADO,6,NOVIEMBRE,11,NO,"NO RESPETAR LAS SENIALES REGLAMENTARIAS DE TRANSITO. (PARE, CEDA EL PASO, LUZ ROJA DEL SEMAFORO, ETC).",CHOQUE LATERAL,CAMIONETA,0,0,0,0,1,0,0,0,1,0,0,0,0,2,21,HOMBRE,LESIONADO,CONDUCTOR PRESENTE,NO,NO,0
16011,50739,50740,2018,1,0,-0.089185,-78.428042,PICHINCHA,QUITO,CALDERON (CARAPUNGO),URBANA,2018-11-10,12:20:00,12,SABADO,6,NOVIEMBRE,11,NO,"NO RESPETAR LAS SENIALES REGLAMENTARIAS DE TRANSITO. (PARE, CEDA EL PASO, LUZ ROJA DEL SEMAFORO, ETC).",CHOQUE LATERAL,CAMIONETA,0,0,0,0,1,0,0,0,1,0,0,0,0,2,43,HOMBRE,LESIONADO,CONDUCTOR PRESENTE,NO,NO,0
16012,50743,50744,2018,1,0,-0.129189,-78.458028,PICHINCHA,QUITO,QUITO,URBANA,2018-11-10,14:25:00,14,SABADO,6,NOVIEMBRE,11,NO,NO GUARDAR LA DISTANCIA LATERAL MINIMA DE SEGURIDAD ENTRE VEHICULOS.,CHOQUE LATERAL,MOTOCICLETA,1,0,0,0,0,0,0,0,1,0,0,0,0,2,22,HOMBRE,LESIONADO,CONDUCTOR PRESENTE,NO,NO,0
16013,50745,50746,2018,1,0,-0.271237,-78.552387,PICHINCHA,QUITO,QUITO,URBANA,2018-11-10,15:00:00,15,SABADO,6,NOVIEMBRE,11,NO,NO TRANSITAR POR LAS ACERAS O ZONAS DE SEGURIDAD DESTINADAS PARA EL EFECTO.,ATROPELLOS,BUS,0,0,1,0,0,0,0,0,0,0,0,0,0,1,15,HOMBRE,LESIONADO,PEATON,NO,NO,0
16014,50748,50749,2018,2,0,-0.118178,-78.295004,PICHINCHA,QUITO,EL QUINCHE,RURAL,2018-11-10,15:30:00,15,SABADO,6,NOVIEMBRE,11,NO,NO GUARDAR LA DISTANCIA LATERAL MINIMA DE SEGURIDAD ENTRE VEHICULOS.,CHOQUE LATERAL,CAMION,0,0,0,2,0,0,0,0,0,0,0,0,0,2,50,HOMBRE,LESIONADO,CONDUCTOR PRESENTE,NO,NO,3
16015,50752,50753,2018,0,0,-0.058111,-78.344101,PICHINCHA,QUITO,GUAYLLABAMBA,RURAL,2018-11-10,16:43:00,16,SABADO,6,NOVIEMBRE,11,NO,"NO RESPETAR LAS SENIALES REGLAMENTARIAS DE TRANSITO. (PARE, CEDA EL PASO, LUZ ROJA DEL SEMAFORO, ETC).",OTROS,AUTOMOVIL,1,0,0,0,0,0,0,0,0,0,0,0,0,1,-1,NO IDENTIFICADO,NO IDENTIFICADO,CONDUCTOR AUSENTE,NO,NO,2
16016,50753,50754,2018,1,0,-0.175579,-78.487537,PICHINCHA,QUITO,QUITO,URBANA,2018-11-10,16:45:00,16,SABADO,6,NOVIEMBRE,11,NO,"NO RESPETAR LAS SENIALES REGLAMENTARIAS DE TRANSITO. (PARE, CEDA EL PASO, LUZ ROJA DEL SEMAFORO, ETC).",CHOQUE LATERAL,AUTOMOVIL,3,0,0,0,0,0,0,0,0,0,0,0,0,3,-1,NO IDENTIFICADO,LESIONADO,PASAJERO,NO,NO,2
16017,50757,50758,2018,1,0,-0.271245,-78.553521,PICHINCHA,QUITO,QUITO,URBANA,2018-11-10,17:45:00,17,SABADO,6,NOVIEMBRE,11,NO,BAJARSE O SUBIRSE DE VEHICULOS EN MOVIMIENTO SIN TOMAR LAS PRECAUCIONES DEBIDAS.,CAIDA DE PASAJERO,BUS,0,0,1,0,0,0,0,0,0,0,0,0,0,1,77,HOMBRE,LESIONADO,PASAJERO,NO,NO,0
16018,50760,50761,2018,1,0,-0.198211,-78.331999,PICHINCHA,QUITO,TABABELA,RURAL,2018-11-10,18:50:00,18,SABADO,6,NOVIEMBRE,11,NO,"CONDUCE BAJO LA INFLUENCIA DE ALCOHOL, SUSTANCIAS ESTUPEFACIENTES O PSICOTROPICAS Y/O MEDICAMENTOS.",CHOQUE LATERAL,CAMION,0,0,0,1,0,0,0,0,1,0,0,0,0,2,33,HOMBRE,LESIONADO,CONDUCTOR PRESENTE,NO,NO,3
16019,50761,50762,2018,1,0,-0.161608,-78.490029,PICHINCHA,QUITO,QUITO,URBANA,2018-11-10,19:20:00,19,SABADO,6,NOVIEMBRE,11,NO,"NO RESPETAR LAS SENIALES REGLAMENTARIAS DE TRANSITO. (PARE, CEDA EL PASO, LUZ ROJA DEL SEMAFORO, ETC).",PERDIDA DE CARRIL,NO IDENTIFICADO,0,0,0,0,0,0,0,0,0,1,0,0,0,1,19,HOMBRE,LESIONADO,PASAJERO,NO,NO,0
16020,50762,50763,2018,1,0,-0.015434,-78.324884,PICHINCHA,PEDRO MONCAYO,TOCACHI,RURAL,2018-11-10,19:20:00,19,SABADO,6,NOVIEMBRE,11,NO,"CONDUCIR DESATENTO A LAS CONDICIONES DE TRANSITO (CELULAR, PANTALLAS DE VIDEO, COMIDA, MAQUILLAJE O CUALQUIER OTRO ELEMENTO DISTRACTOR).",PERDIDA DE PISTA,AUTOMOVIL,1,0,0,0,0,0,0,0,0,0,0,0,0,1,30,HOMBRE,LESIONADO,CONDUCTOR PRESENTE,NO,NO,3
16021,50765,50766,2018,0,0,-0.130485,-78.309955,PICHINCHA,QUITO,CHECA (CHILPA),RURAL,2018-11-10,20:00:00,20,SABADO,6,NOVIEMBRE,11,NO,"CONDUCE BAJO LA INFLUENCIA DE ALCOHOL, SUSTANCIAS ESTUPEFACIENTES O PSICOTROPICAS Y/O MEDICAMENTOS.",CHOQUE LATERAL,AUTOMOVIL,2,0,0,0,0,0,0,0,0,0,0,0,0,2,25,HOMBRE,ILESO,CONDUCTOR PRESENTE,NO,NO,3
16022,50766,50767,2018,0,0,-0.167587,-78.481348,PICHINCHA,QUITO,QUITO,URBANA,2018-11-10,20:10:00,20,SABADO,6,NOVIEMBRE,11,NO,"NO RESPETAR LAS SENIALES REGLAMENTARIAS DE TRANSITO. (PARE, CEDA EL PASO, LUZ ROJA DEL SEMAFORO, ETC).",CHOQUE FRONTAL,AUTOMOVIL,2,0,0,0,0,0,0,0,0,0,0,0,0,2,31,MUJER,ILESO,CONDUCTOR PRESENTE,NO,NO,0
16023,50768,50769,2018,0,0,-0.184991,-78.509955,PICHINCHA,QUITO,QUITO,URBANA,2018-11-10,20:45:00,20,SABADO,6,NOVIEMBRE,11,NO,"NO RESPETAR LAS SENIALES REGLAMENTARIAS DE TRANSITO. (PARE, CEDA EL PASO, LUZ ROJA DEL SEMAFORO, ETC).",ESTRELLAMIENTOS,AUTOMOVIL,1,0,0,0,1,0,0,0,0,0,0,0,0,2,55,HOMBRE,ILESO,CONDUCTOR PRESENTE,NO,NO,0
16024,50769,50770,2018,0,1,-0.405306,-78.546317,PICHINCHA,MEJIA,TAMBILLO (MEJIA),RURAL,2018-11-10,20:45:00,20,SABADO,6,NOVIEMBRE,11,NO,NO TRANSITAR POR LAS ACERAS O ZONAS DE SEGURIDAD DESTINADAS PARA EL EFECTO.,ATROPELLOS,NO IDENTIFICADO,0,0,0,0,0,0,0,0,0,1,0,0,0,1,40,HOMBRE,FALLECIDO,PEATON,NO,NO,3
16025,50771,50772,2018,0,0,-0.236974,-78.487124,PICHINCHA,QUITO,QUITO,URBANA,2018-11-10,21:00:00,21,SABADO,6,NOVIEMBRE,11,NO,"CONDICIONES AMBIENTALES Y/O ATMOSFERICAS (NIEBLA, NEBLINA, GRANIZO, LLUVIA).",ESTRELLAMIENTOS,CAMIONETA,0,0,0,0,1,0,0,0,0,0,0,0,0,1,47,HOMBRE,ILESO,CONDUCTOR PRESENTE,NO,NO,0
16026,50773,50774,2018,0,0,-0.305041,-78.565654,PICHINCHA,QUITO,QUITO,URBANA,2018-11-10,21:20:00,21,SABADO,6,NOVIEMBRE,11,NO,"CONDUCE BAJO LA INFLUENCIA DE ALCOHOL, SUSTANCIAS ESTUPEFACIENTES O PSICOTROPICAS Y/O MEDICAMENTOS.",ESTRELLAMIENTOS,AUTOMOVIL,1,0,0,0,1,0,0,0,0,0,0,0,0,2,27,HOMBRE,ILESO,CONDUCTOR PRESENTE,NO,NO,0
16027,50778,50779,2018,0,0,-0.133554,-78.501956,PICHINCHA,QUITO,QUITO,URBANA,2018-11-10,21:35:00,21,SABADO,6,NOVIEMBRE,11,NO,CONDUCIR VEHICULO SUPERANDO LOS LIMITES MAXIMOS DE VELOCIDAD.,COLISION,AUTOMOVIL,3,0,0,0,0,0,0,0,0,0,0,0,0,3,24,HOMBRE,ILESO,CONDUCTOR PRESENTE,NO,NO,0
16028,50779,50780,2018,1,0,-0.142041,-78.443217,PICHINCHA,QUITO,LLANO CHICO,URBANA,2018-11-10,21:40:00,21,SABADO,6,NOVIEMBRE,11,NO,NO MANTENER LA DISTANCIA PRUDENCIAL CON RESPECTO AL VEHICULO QUE LE ANTECEDE.,COLISION,AUTOMOVIL,3,0,0,0,0,0,0,0,0,0,0,0,0,3,-1,NO IDENTIFICADO,LESIONADO,PASAJERO,NO,NO,2
16029,50784,50785,2018,2,0,-0.299621,-78.524243,PICHINCHA,QUITO,QUITO,URBANA,2018-11-10,23:40:00,23,SABADO,6,NOVIEMBRE,11,NO,"CONDUCE BAJO LA INFLUENCIA DE ALCOHOL, SUSTANCIAS ESTUPEFACIENTES O PSICOTROPICAS Y/O MEDICAMENTOS.",CHOQUE FRONTAL,MOTOCICLETA,0,0,0,1,0,0,0,0,1,0,0,0,0,2,34,HOMBRE,LESIONADO,CONDUCTOR PRESENTE,NO,NO,0