,Unnamed: 0,ID,ANIO,LESIONADOS,FALLECIDOS,LATITUD_Y,LONGITUD_X,PROVINCIA,CANTON,PARROQUIA,ZONA,FECHA,HORA,PERIODO_2,DIA_1,DIA_2,MES_1,MES_2,FERIADO,CAUSA_PROBABLE,TIPO_DE_SINIESTRO,TIPO_DE_VEHICULO_1,AUTOMOVIL,BICICLETA,BUS,CAMION,CAMIONETA,EMERGENCIAS,ESPECIAL,FURGONETA,MOTOCICLETA,NO_IDENTIFICADO,SCOOTER_ELECTRICO,TRICIMOTO,VEHICULO_DEPORTIVO_UTILITARIO,SUMA_DE_VEHICULOS,EDAD_1,SEXO_1,CONDICION_1,PARTICIPANTE_1,CASCO_1,CINTURON_1,KMeans_Cluster
16030,50785,50786,2018,0,0,-0.142041,-78.443217,PICHINCHA,QUITO,LLANO CHICO,URBANA,2018-11-10,23:45:00,23,SABADO,6,NOVIEMBRE,11,NO,"NO RESPETAR LAS SENIALES REGLAMENTARIAS DE TRANSITO. (PARE, CEDA EL PASO, LUZ ROJA DEL SEMAFORO, ETC).",ESTRELLAMIENTOS,AUTOMOVIL,1,0,0,0,0,0,0,0,0,0,0,0,0,1,-1,NO IDENTIFICADO,NO IDENTIFICADO,CONDUCTOR AUSENTE,NO,NO,2
16031,50798,50799,2018,0,0,-0.123761,-78.510975,PICHINCHA,QUITO,QUITO,URBANA,2018-11-11,03:05:00,3,DOMINGO,7,NOVIEMBRE,11,NO,"CONDICIONES AMBIENTALES Y/O ATMOSFERICAS (NIEBLA, NEBLINA, GRANIZO, LLUVIA).",ESTRELLAMIENTOS,AUTOMOVIL,1,0,0,0,0,0,0,0,0,0,0,0,0,1,-1,NO IDENTIFICADO,NO IDENTIFICADO,CONDUCTOR AUSENTE,NO,NO,2
16032,50803,50804,2018,0,0,-0.122877,-78.499812,PICHINCHA,QUITO,QUITO,URBANA,2018-11-11,04:05:00,4,DOMINGO,7,NOVIEMBRE,11,NO,"CONDICIONES AMBIENTALES Y/O ATMOSFERICAS (NIEBLA, NEBLINA, GRANIZO, LLUVIA).",ESTRELLAMIENTOS,VEHICULO DEPORTIVO UTILITARIO,0,0,0,0,0,0,0,0,0,0,0,0,1,1,-1,NO IDENTIFICADO,NO IDENTIFICADO,CONDUCTOR AUSENTE,NO,NO,2
16033,50804,50805,2018,0,0,-0.185623,-78.343085,PICHINCHA,QUITO,TABABELA,URBANA,2018-11-11,04:25:00,4,DOMINGO,7,NOVIEMBRE,11,NO,CONDUCIR VEHICULO SUPERANDO LOS LIMITES MAXIMOS DE VELOCIDAD.,ESTRELLAMIENTOS,AUTOMOVIL,1,0,0,0,0,0,0,0,0,0,0,0,0,1,36,MUJER,ILESO,PASAJERO,NO,NO,0
16034,50806,50807,2018,0,0,-0.094839,-78.482724,PICHINCHA,QUITO,QUITO,URBANA,2018-11-11,04:45:00,4,DOMINGO,7,NOVIEMBRE,11,NO,CONDUCIR VEHICULO SUPERANDO LOS LIMITES MAXIMOS DE VELOCIDAD.,ESTRELLAMIENTOS,AUTOMOVIL,1,0,0,0,0,0,0,0,0,0,0,0,0,1,-1,NO IDENTIFICADO,NO IDENTIFICADO,CONDUCTOR AUSENTE,NO,NO,2
16035,50814,50815,2018,0,0,-0.154927,-78.476996,PICHINCHA,QUITO,QUITO,URBANA,2018-11-11,07:45:00,7,DOMINGO,7,NOVIEMBRE,11,NO,"CASO FORTUITO O FUERZA MAYOR (EXPLOSION DE NEUMATICO NUEVO, DERRUMBE, INUNDACION, CAIDA DE PUENTE, ARBOL, PRESENCIA INTEMPESTIVA E IMPREVISTA DE SEMOVIENTES EN LA VIA, ETC.).",ESTRELLAMIENTOS,AUTOMOVIL,1,0,0,0,0,0,0,0,0,0,0,0,0,1,32,HOMBRE,ILESO,CONDUCTOR PRESENTE,NO,NO,0
16036,50818,50819,2018,0,0,-0.292724,-78.476486,PICHINCHA,QUITO,CONOCOTO,URBANA,2018-11-11,09:40:00,9,DOMINGO,7,NOVIEMBRE,11,NO,"CONDUCE BAJO LA INFLUENCIA DE ALCOHOL, SUSTANCIAS ESTUPEFACIENTES O PSICOTROPICAS Y/O MEDICAMENTOS.",ESTRELLAMIENTOS,AUTOMOVIL,3,0,0,0,0,0,0,0,0,0,0,0,0,3,37,HOMBRE,ILESO,CONDUCTOR PRESENTE,NO,NO,0
16037,50821,50822,2018,0,0,-0.091585,-78.439052,PICHINCHA,QUITO,CALDERON (CARAPUNGO),URBANA,2018-11-11,10:30:00,10,DOMINGO,7,NOVIEMBRE,11,NO,"CONDUCE BAJO LA INFLUENCIA DE ALCOHOL, SUSTANCIAS ESTUPEFACIENTES O PSICOTROPICAS Y/O MEDICAMENTOS.",CHOQUE POSTERIOR,AUTOMOVIL,2,0,0,0,0,0,0,0,0,0,0,0,0,2,37,HOMBRE,ILESO,CONDUCTOR PRESENTE,NO,NO,0
16038,50829,50830,2018,1,0,-0.337955,-78.575296,PICHINCHA,QUITO,QUITO,URBANA,2018-11-11,12:45:00,12,DOMINGO,7,NOVIEMBRE,11,NO,CONDUCIR VEHICULO SUPERANDO LOS LIMITES MAXIMOS DE VELOCIDAD.,ATROPELLOS,AUTOMOVIL,1,0,0,0,0,0,0,0,0,0,0,0,0,1,3,HOMBRE,LESIONADO,PEATON,NO,NO,0
16039,50830,50831,2018,1,0,-0.117461,-78.480352,PICHINCHA,QUITO,QUITO,URBANA,2018-11-11,12:50:00,12,DOMINGO,7,NOVIEMBRE,11,NO,"CONDUCIR DESATENTO A LAS CONDICIONES DE TRANSITO (CELULAR, PANTALLAS DE VIDEO, COMIDA, MAQUILLAJE O CUALQUIER OTRO ELEMENTO DISTRACTOR).",CHOQUE POSTERIOR,BICICLETA,0,1,0,0,0,0,0,0,0,0,0,0,0,1,40,MUJER,LESIONADO,CONDUCTOR PRESENTE,NO,NO,0
16040,50837,50838,2018,0,0,-0.156174,-78.464485,PICHINCHA,QUITO,QUITO,URBANA,2018-11-11,13:30:00,13,DOMINGO,7,NOVIEMBRE,11,NO,"CONDUCE BAJO LA INFLUENCIA DE ALCOHOL, SUSTANCIAS ESTUPEFACIENTES O PSICOTROPICAS Y/O MEDICAMENTOS.",CHOQUE LATERAL,AUTOMOVIL,2,0,0,0,0,0,0,0,0,0,0,0,0,2,54,HOMBRE,ILESO,CONDUCTOR PRESENTE,NO,NO,0
16041,50838,50839,2018,0,0,-0.326796,-78.535966,PICHINCHA,QUITO,QUITO,URBANA,2018-11-11,14:00:00,14,DOMINGO,7,NOVIEMBRE,11,NO,REALIZAR CAMBIO BRUSCO O INDEBIDO DE CARRIL.,ESTRELLAMIENTOS,AUTOMOVIL,1,0,0,0,0,0,0,0,0,0,0,0,0,1,36,HOMBRE,ILESO,CONDUCTOR PRESENTE,NO,NO,0
16042,50842,50843,2018,2,0,-0.209899,-78.516781,PICHINCHA,QUITO,QUITO,URBANA,2018-11-11,15:00:00,15,DOMINGO,7,NOVIEMBRE,11,NO,"CONDUCE BAJO LA INFLUENCIA DE ALCOHOL, SUSTANCIAS ESTUPEFACIENTES O PSICOTROPICAS Y/O MEDICAMENTOS.",ATROPELLOS,CAMIONETA,0,0,0,0,1,0,0,0,0,0,0,0,0,1,63,MUJER,LESIONADO,PEATON,NO,NO,0
16043,50856,50857,2018,1,0,-0.012839,-78.447307,PICHINCHA,QUITO,SAN ANTONIO (QUITO),RURAL,2018-11-11,18:00:00,18,DOMINGO,7,NOVIEMBRE,11,NO,"CONDUCE BAJO LA INFLUENCIA DE ALCOHOL, SUSTANCIAS ESTUPEFACIENTES O PSICOTROPICAS Y/O MEDICAMENTOS.",CHOQUE LATERAL,MOTOCICLETA,1,0,0,0,0,0,0,0,1,0,0,0,0,2,35,HOMBRE,LESIONADO,CONDUCTOR PRESENTE,NO,NO,3
16044,50860,50861,2018,0,0,-0.312416,-78.472819,PICHINCHA,QUITO,CONOCOTO,URBANA,2018-11-11,19:20:00,19,DOMINGO,7,NOVIEMBRE,11,NO,"CONDUCE BAJO LA INFLUENCIA DE ALCOHOL, SUSTANCIAS ESTUPEFACIENTES O PSICOTROPICAS Y/O MEDICAMENTOS.",CHOQUE POSTERIOR,AUTOMOVIL,1,0,0,0,0,0,0,0,1,0,0,0,0,2,22,MUJER,ILESO,CONDUCTOR PRESENTE,NO,NO,0
16045,50863,50864,2018,2,0,-0.237587,-78.484667,PICHINCHA,QUITO,QUITO,URBANA,2018-11-11,19:50:00,19,DOMINGO,7,NOVIEMBRE,11,NO,PEATON QUE CRUZA LA CALZADA SIN RESPETAR LA SENIALIZACION EXISTENTE (SEMAFOROS O SENIALES MANUALES).,ATROPELLOS,MOTOCICLETA,0,0,0,0,0,0,0,0,1,0,0,0,0,1,38,HOMBRE,LESIONADO,CONDUCTOR PRESENTE,NO,NO,0
16046,50864,50865,2018,0,0,-0.221052,-78.475944,PICHINCHA,QUITO,QUITO,URBANA,2018-11-11,20:15:00,20,DOMINGO,7,NOVIEMBRE,11,NO,CONDUCIR VEHICULO SUPERANDO LOS LIMITES MAXIMOS DE VELOCIDAD.,ESTRELLAMIENTOS,AUTOMOVIL,1,0,0,0,0,0,0,0,0,0,0,0,0,1,-1,NO IDENTIFICADO,NO IDENTIFICADO,CONDUCTOR AUSENTE,NO,NO,2
16047,50865,50866,2018,4,0,-0.036131,-78.453695,PICHINCHA,QUITO,POMASQUI,URBANA,2018-11-11,20:21:00,20,DOMINGO,7,NOVIEMBRE,11,NO,NO MANTENER LA DISTANCIA PRUDENCIAL CON RESPECTO AL VEHICULO QUE LE ANTECEDE.,CHOQUE FRONTAL,AUTOMOVIL,2,0,0,0,0,0,0,0,0,0,0,0,0,2,19,HOMBRE,LESIONADO,CONDUCTOR PRESENTE,NO,NO,0
16048,50867,50868,2018,1,0,-0.296579,-78.561501,PICHINCHA,QUITO,QUITO,URBANA,2018-11-11,21:25:00,21,DOMINGO,7,NOVIEMBRE,11,NO,"CONDICIONES AMBIENTALES Y/O ATMOSFERICAS (NIEBLA, NEBLINA, GRANIZO, LLUVIA).",VOLCAMIENTOS,MOTOCICLETA,0,0,0,0,0,0,0,0,1,0,0,0,0,1,22,HOMBRE,LESIONADO,CONDUCTOR PRESENTE,NO,NO,0
16049,50871,50872,2018,1,0,-0.113663,-78.474506,PICHINCHA,QUITO,QUITO,URBANA,2018-11-11,23:30:00,23,DOMINGO,7,NOVIEMBRE,11,NO,CONDUCIR VEHICULO SUPERANDO LOS LIMITES MAXIMOS DE VELOCIDAD.,ESTRELLAMIENTOS,AUTOMOVIL,1,0,0,0,0,0,0,0,0,0,0,0,0,1,18,MUJER,LESIONADO,CONDUCTOR PRESENTE,NO,NO,0
16050,50875,50876,2018,0,0,-0.292724,-78.476486,PICHINCHA,QUITO,CONOCOTO,URBANA,2018-11-12,00:10:00,0,LUNES,1,NOVIEMBRE,11,NO,NO MANTENER LA DISTANCIA PRUDENCIAL CON RESPECTO AL VEHICULO QUE LE ANTECEDE.,CHOQUE POSTERIOR,AUTOMOVIL,1,0,0,0,0,0,0,0,1,0,0,0,0,2,-1,HOMBRE,ILESO,CONDUCTOR PRESENTE,NO,NO,0
16051,50876,50877,2018,2,0,-0.114152,-78.463177,PICHINCHA,QUITO,QUITO,URBANA,2018-11-12,00:40:00,0,LUNES,1,NOVIEMBRE,11,NO,"CONDUCE BAJO LA INFLUENCIA DE ALCOHOL, SUSTANCIAS ESTUPEFACIENTES O PSICOTROPICAS Y/O MEDICAMENTOS.",ESTRELLAMIENTOS,CAMIONETA,0,0,0,0,1,0,0,0,0,0,0,0,0,1,21,HOMBRE,LESIONADO,CONDUCTOR PRESENTE,NO,NO,0
16052,50878,50879,2018,0,0,-0.151748,-78.477233,PICHINCHA,QUITO,QUITO,URBANA,2018-11-12,03:00:00,3,LUNES,1,NOVIEMBRE,11,NO,"NO RESPETAR LAS SENIALES REGLAMENTARIAS DE TRANSITO. (PARE, CEDA EL PASO, LUZ ROJA DEL SEMAFORO, ETC).",ESTRELLAMIENTOS,AUTOMOVIL,1,0,0,0,0,0,0,0,0,0,0,0,0,1,-1,NO IDENTIFICADO,NO IDENTIFICADO,CONDUCTOR AUSENTE,NO,NO,2
16053,50884,50885,2018,1,0,-0.239082,-78.523432,PICHINCHA,QUITO,QUITO,URBANA,2018-11-12,06:30:00,6,LUNES,1,NOVIEMBRE,11,NO,"CONDUCIR DESATENTO A LAS CONDICIONES DE TRANSITO (CELULAR, PANTALLAS DE VIDEO, COMIDA, MAQUILLAJE O CUALQUIER OTRO ELEMENTO DISTRACTOR).",OTROS,NO IDENTIFICADO,0,0,0,0,0,0,0,0,0,1,0,0,0,1,10,MUJER,LESIONADO,PASAJERO,NO,NO,0
16054,50885,50886,2018,1,0,-0.267229,-78.527199,PICHINCHA,QUITO,QUITO,URBANA,2018-11-12,06:43:00,6,LUNES,1,NOVIEMBRE,11,NO,NO TRANSITAR POR LAS ACERAS O ZONAS DE SEGURIDAD DESTINADAS PARA EL EFECTO.,ATROPELLOS,NO IDENTIFICADO,0,0,0,0,0,0,0,0,0,1,0,0,0,1,15,HOMBRE,LESIONADO,PEATON,NO,NO,0
16055,50887,50888,2018,0,0,-0.191476,-78.507288,PICHINCHA,QUITO,QUITO,URBANA,2018-11-12,07:00:00,7,LUNES,1,NOVIEMBRE,11,NO,NO GUARDAR LA DISTANCIA LATERAL MINIMA DE SEGURIDAD ENTRE VEHICULOS.,CHOQUE LATERAL,CAMIONETA,1,0,0,0,1,0,0,0,0,0,0,0,0,2,41,HOMBRE,ILESO,CONDUCTOR PRESENTE,NO,NO,0
16056,50888,50889,2018,0,0,-0.238868,-78.530183,PICHINCHA,QUITO,QUITO,URBANA,2018-11-12,07:40:00,7,LUNES,1,NOVIEMBRE,11,NO,NO GUARDAR LA DISTANCIA LATERAL MINIMA DE SEGURIDAD ENTRE VEHICULOS.,CHOQUE LATERAL,AUTOMOVIL,2,0,0,0,0,0,0,0,0,0,0,0,0,2,49,HOMBRE,ILESO,CONDUCTOR PRESENTE,NO,NO,0
16057,50894,50895,2018,0,0,-0.206518,-78.494387,PICHINCHA,QUITO,QUITO,URBANA,2018-11-12,11:00:00,11,LUNES,1,NOVIEMBRE,11,NO,"NO RESPETAR LAS SENIALES REGLAMENTARIAS DE TRANSITO. (PARE, CEDA EL PASO, LUZ ROJA DEL SEMAFORO, ETC).",CHOQUE LATERAL,AUTOMOVIL,2,0,0,0,0,0,0,0,0,0,0,0,0,2,48,HOMBRE,ILESO,CONDUCTOR PRESENTE,NO,NO,0
16058,50897,50898,2018,1,1,-0.068458,-78.372925,PICHINCHA,QUITO,GUAYLLABAMBA,RURAL,2018-11-12,12:11:00,12,LUNES,1,NOVIEMBRE,11,NO,"CONDUCIR DESATENTO A LAS CONDICIONES DE TRANSITO (CELULAR, PANTALLAS DE VIDEO, COMIDA, MAQUILLAJE O CUALQUIER OTRO ELEMENTO DISTRACTOR).",PERDIDA DE CARRIL,ESPECIAL,0,0,0,0,0,0,1,0,0,0,0,0,0,1,45,HOMBRE,FALLECIDO,CONDUCTOR PRESENTE,NO,NO,3
16059,50898,50899,2018,0,0,-0.260295,-78.541212,PICHINCHA,QUITO,QUITO,URBANA,2018-11-12,12:20:00,12,LUNES,1,NOVIEMBRE,11,NO,CONDUCIR VEHICULO SUPERANDO LOS LIMITES MAXIMOS DE VELOCIDAD.,ESTRELLAMIENTOS,AUTOMOVIL,2,0,0,0,1,0,0,0,0,0,0,0,0,3,32,MUJER,ILESO,CONDUCTOR PRESENTE,NO,NO,0
16060,50902,50903,2018,0,0,-0.188478,-78.447371,PICHINCHA,QUITO,NAYON,URBANA,2018-11-12,13:07:00,13,LUNES,1,NOVIEMBRE,11,NO,REALIZAR CAMBIO BRUSCO O INDEBIDO DE CARRIL.,COLISION,AUTOMOVIL,3,0,0,0,0,0,0,0,0,0,0,0,0,3,48,MUJER,ILESO,CONDUCTOR PRESENTE,NO,NO,0
16061,50909,50910,2018,0,0,-0.080417,-78.413751,PICHINCHA,QUITO,CALDERON (CARAPUNGO),URBANA,2018-11-12,15:50:00,15,LUNES,1,NOVIEMBRE,11,NO,"CONDUCE BAJO LA INFLUENCIA DE ALCOHOL, SUSTANCIAS ESTUPEFACIENTES O PSICOTROPICAS Y/O MEDICAMENTOS.",ESTRELLAMIENTOS,AUTOMOVIL,2,0,0,0,0,0,0,1,0,0,0,0,0,3,40,HOMBRE,ILESO,CONDUCTOR PRESENTE,NO,NO,0
16062,50914,50915,2018,0,0,-0.171497,-78.490692,PICHINCHA,QUITO,QUITO,URBANA,2018-11-12,17:03:00,17,LUNES,1,NOVIEMBRE,11,NO,NO GUARDAR LA DISTANCIA LATERAL MINIMA DE SEGURIDAD ENTRE VEHICULOS.,CHOQUE LATERAL,AUTOMOVIL,1,0,0,1,0,0,0,0,0,0,0,0,0,2,49,HOMBRE,ILESO,CONDUCTOR PRESENTE,NO,NO,0
16063,50918,50919,2018,1,0,-0.213067,-78.488791,PICHINCHA,QUITO,QUITO,URBANA,2018-11-12,18:00:00,18,LUNES,1,NOVIEMBRE,11,NO,BAJARSE O SUBIRSE DE VEHICULOS EN MOVIMIENTO SIN TOMAR LAS PRECAUCIONES DEBIDAS.,OTROS,BUS,0,0,1,0,0,0,0,0,0,0,0,0,0,1,30,HOMBRE,LESIONADO,PASAJERO,NO,NO,0
16064,50919,50920,2018,1,0,-0.299194,-78.531661,PICHINCHA,QUITO,QUITO,URBANA,2018-11-12,18:15:00,18,LUNES,1,NOVIEMBRE,11,NO,NO CEDER EL DERECHO DE VIA O PREFERENCIA DE PASO AL PEATON.,ATROPELLOS,NO IDENTIFICADO,0,0,0,0,0,0,0,0,0,1,0,0,0,1,24,MUJER,LESIONADO,PEATON,NO,NO,0
16065,50923,50924,2018,0,0,-0.120348,-78.493061,PICHINCHA,QUITO,QUITO,URBANA,2018-11-12,19:30:00,19,LUNES,1,NOVIEMBRE,11,NO,"NO RESPETAR LAS SENIALES REGLAMENTARIAS DE TRANSITO. (PARE, CEDA EL PASO, LUZ ROJA DEL SEMAFORO, ETC).",ESTRELLAMIENTOS,AUTOMOVIL,1,0,0,0,1,0,0,0,0,0,0,0,0,2,39,MUJER,ILESO,CONDUCTOR PRESENTE,NO,NO,0
16066,50930,50931,2018,0,0,-0.181981,-78.505461,PICHINCHA,QUITO,QUITO,URBANA,2018-11-12,22:00:00,22,LUNES,1,NOVIEMBRE,11,NO,NO MANTENER LA DISTANCIA PRUDENCIAL CON RESPECTO AL VEHICULO QUE LE ANTECEDE.,CHOQUE POSTERIOR,AUTOMOVIL,2,0,0,0,0,0,0,0,0,0,0,0,0,2,37,MUJER,ILESO,CONDUCTOR PRESENTE,NO,NO,0
16067,50932,50933,2018,1,0,-0.282595,-78.470666,PICHINCHA,QUITO,CONOCOTO,URBANA,2018-11-12,22:20:00,22,LUNES,1,NOVIEMBRE,11,NO,CONDUCIR VEHICULO SUPERANDO LOS LIMITES MAXIMOS DE VELOCIDAD.,CHOQUE POSTERIOR,FURGONETA,0,0,0,0,1,0,0,1,0,0,0,0,0,2,62,MUJER,LESIONADO,CONDUCTOR PRESENTE,NO,NO,0
16068,50940,50941,2018,0,0,-0.096378,-78.511462,PICHINCHA,QUITO,QUITO,URBANA,2018-11-13,00:38:00,0,MARTES,2,NOVIEMBRE,11,NO,"FALLA MECANICA EN LOS SISTEMAS Y/O NEUMATICOS (SISTEMA DE FRENOS, DIRECCION, ELECTRONICO O MECANICO).",ESTRELLAMIENTOS,AUTOMOVIL,1,0,0,0,0,0,0,0,0,0,0,0,0,1,26,HOMBRE,ILESO,CONDUCTOR PRESENTE,NO,NO,0
16069,50944,50945,2018,1,0,-0.282706,-78.554325,PICHINCHA,QUITO,QUITO,URBANA,2018-11-13,05:20:00,5,MARTES,2,NOVIEMBRE,11,NO,NO TRANSITAR POR LAS ACERAS O ZONAS DE SEGURIDAD DESTINADAS PARA EL EFECTO.,ATROPELLOS,NO IDENTIFICADO,0,0,0,0,0,0,0,0,0,1,0,0,0,1,66,HOMBRE,LESIONADO,PEATON,NO,NO,0
16070,50946,50947,2018,0,0,-0.207861,-78.477707,PICHINCHA,QUITO,QUITO,URBANA,2018-11-13,05:40:00,5,MARTES,2,NOVIEMBRE,11,NO,REALIZAR CAMBIO BRUSCO O INDEBIDO DE CARRIL.,VOLCAMIENTOS,AUTOMOVIL,1,0,0,0,0,0,0,0,0,0,0,0,0,1,-1,NO IDENTIFICADO,NO IDENTIFICADO,CONDUCTOR AUSENTE,NO,NO,2
16071,50953,50954,2018,2,0,-0.128131,-78.312609,PICHINCHA,QUITO,CHECA (CHILPA),URBANA,2018-11-13,08:00:00,8,MARTES,2,NOVIEMBRE,11,NO,"NO RESPETAR LAS SENIALES REGLAMENTARIAS DE TRANSITO. (PARE, CEDA EL PASO, LUZ ROJA DEL SEMAFORO, ETC).",CHOQUE LATERAL,AUTOMOVIL,2,0,0,0,0,0,0,0,0,0,0,0,0,2,43,MUJER,LESIONADO,CONDUCTOR PRESENTE,NO,NO,0
16072,50963,50964,2018,1,0,-0.278843,-78.547773,PICHINCHA,QUITO,QUITO,URBANA,2018-11-13,10:40:00,10,MARTES,2,NOVIEMBRE,11,NO,NO GUARDAR LA DISTANCIA LATERAL MINIMA DE SEGURIDAD ENTRE VEHICULOS.,ROZAMIENTOS,MOTOCICLETA,1,0,0,0,0,0,0,0,1,0,0,0,0,2,27,HOMBRE,LESIONADO,CONDUCTOR PRESENTE,NO,NO,0
16073,50964,50965,2018,1,0,-0.076132,-78.435139,PICHINCHA,QUITO,CALDERON (CARAPUNGO),URBANA,2018-11-13,10:40:00,10,MARTES,2,NOVIEMBRE,11,NO,BAJARSE O SUBIRSE DE VEHICULOS EN MOVIMIENTO SIN TOMAR LAS PRECAUCIONES DEBIDAS.,CAIDA DE PASAJERO,BUS,0,0,1,0,0,0,0,0,0,0,0,0,0,1,52,MUJER,LESIONADO,PASAJERO,NO,NO,0
16074,50967,50968,2018,1,0,-0.080001,-78.387122,PICHINCHA,QUITO,CALDERON (CARAPUNGO),RURAL,2018-11-13,11:45:00,11,MARTES,2,NOVIEMBRE,11,NO,"CONDUCIR DESATENTO A LAS CONDICIONES DE TRANSITO (CELULAR, PANTALLAS DE VIDEO, COMIDA, MAQUILLAJE O CUALQUIER OTRO ELEMENTO DISTRACTOR).",PERDIDA DE CARRIL,CAMION,0,0,0,1,0,0,0,0,0,0,0,0,0,1,49,HOMBRE,LESIONADO,PASAJERO,NO,NO,3
16075,50969,50970,2018,0,0,-0.202603,-78.481182,PICHINCHA,QUITO,QUITO,URBANA,2018-11-13,12:12:00,12,MARTES,2,NOVIEMBRE,11,NO,NO MANTENER LA DISTANCIA PRUDENCIAL CON RESPECTO AL VEHICULO QUE LE ANTECEDE.,CHOQUE POSTERIOR,MOTOCICLETA,0,0,0,0,1,0,0,0,1,0,0,0,0,2,29,HOMBRE,ILESO,CONDUCTOR PRESENTE,NO,NO,0
16076,50976,50977,2018,3,0,-0.067093,-78.421461,PICHINCHA,QUITO,CALDERON (CARAPUNGO),URBANA,2018-11-13,13:40:00,13,MARTES,2,NOVIEMBRE,11,NO,"CONDUCIR DESATENTO A LAS CONDICIONES DE TRANSITO (CELULAR, PANTALLAS DE VIDEO, COMIDA, MAQUILLAJE O CUALQUIER OTRO ELEMENTO DISTRACTOR).",CHOQUE LATERAL,AUTOMOVIL,1,0,0,0,0,0,0,1,0,0,0,0,0,2,40,MUJER,LESIONADO,CONDUCTOR PRESENTE,NO,NO,0
16077,50979,50980,2018,2,0,-0.091585,-78.439052,PICHINCHA,QUITO,CALDERON (CARAPUNGO),URBANA,2018-11-13,15:45:00,15,MARTES,2,NOVIEMBRE,11,NO,NO GUARDAR LA DISTANCIA LATERAL MINIMA DE SEGURIDAD ENTRE VEHICULOS.,CHOQUE LATERAL,AUTOMOVIL,1,0,0,0,0,0,0,0,1,0,0,0,0,2,42,HOMBRE,LESIONADO,CONDUCTOR PRESENTE,NO,NO,0
16078,50983,50984,2018,0,0,-0.111134,-78.494101,PICHINCHA,QUITO,QUITO,URBANA,2018-11-13,16:50:00,16,MARTES,2,NOVIEMBRE,11,NO,NO GUARDAR LA DISTANCIA LATERAL MINIMA DE SEGURIDAD ENTRE VEHICULOS.,CHOQUE LATERAL,AUTOMOVIL,1,0,0,0,1,0,0,0,0,0,0,0,0,2,38,MUJER,ILESO,CONDUCTOR PRESENTE,NO,NO,0
16079,50984,50985,2018,1,0,-0.207732,-78.497071,PICHINCHA,QUITO,QUITO,URBANA,2018-11-13,17:10:00,17,MARTES,2,NOVIEMBRE,11,NO,NO TRANSITAR POR LAS ACERAS O ZONAS DE SEGURIDAD DESTINADAS PARA EL EFECTO.,ATROPELLOS,BUS,0,0,1,0,0,0,0,0,0,0,0,0,0,1,69,MUJER,LESIONADO,PEATON,NO,NO,0
16080,50991,50992,2018,0,0,-0.272601,-78.519719,PICHINCHA,QUITO,QUITO,URBANA,2018-11-13,18:40:00,18,MARTES,2,NOVIEMBRE,11,NO,CONDUCIR VEHICULO SUPERANDO LOS LIMITES MAXIMOS DE VELOCIDAD.,CHOQUE LATERAL,CAMIONETA,0,0,0,0,1,0,0,0,0,1,0,0,0,2,46,HOMBRE,ILESO,CONDUCTOR PRESENTE,NO,NO,0
16081,51007,51008,2018,0,0,-0.227087,-78.511889,PICHINCHA,QUITO,QUITO,URBANA,2018-11-13,21:30:00,21,MARTES,2,NOVIEMBRE,11,NO,NO MANTENER LA DISTANCIA PRUDENCIAL CON RESPECTO AL VEHICULO QUE LE ANTECEDE.,CHOQUE POSTERIOR,AUTOMOVIL,2,0,0,0,0,0,0,0,0,0,0,0,0,2,30,HOMBRE,ILESO,CONDUCTOR PRESENTE,NO,NO,0
16082,51016,51017,2018,0,0,-0.209841,-78.331591,PICHINCHA,QUITO,YARUQUI,RURAL,2018-11-14,02:40:00,2,MIERCOLES,3,NOVIEMBRE,11,NO,"CONDUCIR DESATENTO A LAS CONDICIONES DE TRANSITO (CELULAR, PANTALLAS DE VIDEO, COMIDA, MAQUILLAJE O CUALQUIER OTRO ELEMENTO DISTRACTOR).",PERDIDA DE CARRIL,AUTOMOVIL,1,0,0,0,0,0,0,0,0,0,0,0,0,1,29,HOMBRE,ILESO,CONDUCTOR PRESENTE,NO,NO,3
16083,51017,51018,2018,1,0,-0.299877,-78.542315,PICHINCHA,QUITO,QUITO,URBANA,2018-11-14,04:30:00,4,MIERCOLES,3,NOVIEMBRE,11,NO,"NO RESPETAR LAS SENIALES REGLAMENTARIAS DE TRANSITO. (PARE, CEDA EL PASO, LUZ ROJA DEL SEMAFORO, ETC).",CHOQUE LATERAL,BUS,1,0,1,0,0,0,0,0,0,0,0,0,0,2,34,HOMBRE,LESIONADO,CONDUCTOR PRESENTE,NO,NO,0
16084,51023,51024,2018,0,0,-0.004169,-78.452903,PICHINCHA,QUITO,SAN ANTONIO (QUITO),RURAL,2018-11-14,07:40:00,7,MIERCOLES,3,NOVIEMBRE,11,NO,"NO RESPETAR LAS SENIALES REGLAMENTARIAS DE TRANSITO. (PARE, CEDA EL PASO, LUZ ROJA DEL SEMAFORO, ETC).",CHOQUE LATERAL,AUTOMOVIL,2,0,0,0,0,0,0,0,0,0,0,0,0,2,25,HOMBRE,ILESO,CONDUCTOR PRESENTE,NO,NO,3
16085,51025,51026,2018,1,0,-0.138931,-78.438853,PICHINCHA,QUITO,LLANO CHICO,URBANA,2018-11-14,08:05:00,8,MIERCOLES,3,NOVIEMBRE,11,NO,NO CEDER EL DERECHO DE VIA O PREFERENCIA DE PASO AL PEATON.,ATROPELLOS,AUTOMOVIL,1,0,0,0,0,0,0,0,0,0,0,0,0,1,26,MUJER,LESIONADO,PEATON,NO,NO,0