,Unnamed: 0,ID,ANIO,LESIONADOS,FALLECIDOS,LATITUD_Y,LONGITUD_X,PROVINCIA,CANTON,PARROQUIA,ZONA,FECHA,HORA,PERIODO_2,DIA_1,DIA_2,MES_1,MES_2,FERIADO,CAUSA_PROBABLE,TIPO_DE_SINIESTRO,TIPO_DE_VEHICULO_1,AUTOMOVIL,BICICLETA,BUS,CAMION,CAMIONETA,EMERGENCIAS,ESPECIAL,FURGONETA,MOTOCICLETA,NO_IDENTIFICADO,SCOOTER_ELECTRICO,TRICIMOTO,VEHICULO_DEPORTIVO_UTILITARIO,SUMA_DE_VEHICULOS,EDAD_1,SEXO_1,CONDICION_1,PARTICIPANTE_1,CASCO_1,CINTURON_1,KMeans_Cluster
16144,51197,51198,2018,0,0,-0.112886,-78.508947,PICHINCHA,QUITO,QUITO,URBANA,2018-11-17,00:05:00,0,SABADO,6,NOVIEMBRE,11,NO,"CONDUCE BAJO LA INFLUENCIA DE ALCOHOL, SUSTANCIAS ESTUPEFACIENTES O PSICOTROPICAS Y/O MEDICAMENTOS.",ESTRELLAMIENTOS,AUTOMOVIL,3,0,0,0,0,0,0,0,0,0,0,0,0,3,25,HOMBRE,ILESO,CONDUCTOR PRESENTE,NO,NO,0
16145,51198,51199,2018,0,0,-0.281168,-78.560198,PICHINCHA,QUITO,QUITO,URBANA,2018-11-17,00:20:00,0,SABADO,6,NOVIEMBRE,11,NO,"CONDUCE BAJO LA INFLUENCIA DE ALCOHOL, SUSTANCIAS ESTUPEFACIENTES O PSICOTROPICAS Y/O MEDICAMENTOS.",ESTRELLAMIENTOS,BUS,2,0,1,0,1,0,0,0,0,0,0,0,0,4,25,HOMBRE,ILESO,CONDUCTOR PRESENTE,NO,NO,0
16146,51202,51203,2018,0,0,-0.190157,-78.502728,PICHINCHA,QUITO,QUITO,URBANA,2018-11-17,01:00:00,1,SABADO,6,NOVIEMBRE,11,NO,"NO RESPETAR LAS SENIALES REGLAMENTARIAS DE TRANSITO. (PARE, CEDA EL PASO, LUZ ROJA DEL SEMAFORO, ETC).",ESTRELLAMIENTOS,AUTOMOVIL,1,0,0,0,0,0,0,0,0,0,0,0,0,1,-1,NO IDENTIFICADO,NO IDENTIFICADO,CONDUCTOR AUSENTE,NO,NO,2
16147,51203,51204,2018,1,0,-0.276502,-78.521251,PICHINCHA,QUITO,QUITO,URBANA,2018-11-17,01:40:00,1,SABADO,6,NOVIEMBRE,11,NO,CONDUCIR VEHICULO SUPERANDO LOS LIMITES MAXIMOS DE VELOCIDAD.,OTROS,NO IDENTIFICADO,0,0,0,0,0,0,0,0,0,1,0,0,0,1,21,MUJER,LESIONADO,PEATON,NO,NO,0
16148,51205,51206,2018,0,0,-0.222446,-78.504991,PICHINCHA,QUITO,QUITO,URBANA,2018-11-17,02:00:00,2,SABADO,6,NOVIEMBRE,11,NO,"CONDUCIR EN ESTADO DE SOMNOLENCIA O MALAS CONDICIONES FISICAS (SUENIO, CANSANCIO Y FATIGA).",ESTRELLAMIENTOS,AUTOMOVIL,1,0,0,0,0,0,0,0,0,0,0,0,0,1,26,HOMBRE,ILESO,CONDUCTOR PRESENTE,NO,NO,0
16149,51214,51215,2018,0,0,-0.121185,-78.470125,PICHINCHA,QUITO,QUITO,URBANA,2018-11-17,05:10:00,5,SABADO,6,NOVIEMBRE,11,NO,"NO RESPETAR LAS SENIALES REGLAMENTARIAS DE TRANSITO. (PARE, CEDA EL PASO, LUZ ROJA DEL SEMAFORO, ETC).",ESTRELLAMIENTOS,AUTOMOVIL,1,0,0,0,0,0,0,0,0,0,0,0,0,1,-1,NO IDENTIFICADO,NO IDENTIFICADO,CONDUCTOR AUSENTE,NO,NO,2
16150,51215,51216,2018,0,0,-0.105059,-78.431137,PICHINCHA,QUITO,CALDERON (CARAPUNGO),URBANA,2018-11-17,05:20:00,5,SABADO,6,NOVIEMBRE,11,NO,CONDUCIR VEHICULO SUPERANDO LOS LIMITES MAXIMOS DE VELOCIDAD.,ESTRELLAMIENTOS,AUTOMOVIL,1,0,0,0,0,0,0,0,0,0,0,0,0,1,-1,HOMBRE,ILESO,PASAJERO,NO,NO,0
16151,51216,51217,2018,0,0,-0.276719,-78.522088,PICHINCHA,QUITO,QUITO,URBANA,2018-11-17,05:20:00,5,SABADO,6,NOVIEMBRE,11,NO,CONDUCIR VEHICULO SUPERANDO LOS LIMITES MAXIMOS DE VELOCIDAD.,OTROS,MOTOCICLETA,0,0,0,0,0,0,0,0,1,0,0,0,0,1,-1,NO IDENTIFICADO,NO IDENTIFICADO,CONDUCTOR AUSENTE,NO,NO,2
16152,51222,51223,2018,0,0,-0.112205,-78.504665,PICHINCHA,QUITO,QUITO,URBANA,2018-11-17,06:35:00,6,SABADO,6,NOVIEMBRE,11,NO,NO MANTENER LA DISTANCIA PRUDENCIAL CON RESPECTO AL VEHICULO QUE LE ANTECEDE.,CHOQUE POSTERIOR,AUTOMOVIL,2,0,0,0,0,0,0,0,0,0,0,0,0,2,26,HOMBRE,ILESO,CONDUCTOR PRESENTE,NO,NO,0
16153,51228,51229,2018,0,0,-0.113869,-78.493825,PICHINCHA,QUITO,QUITO,URBANA,2018-11-17,08:25:00,8,SABADO,6,NOVIEMBRE,11,NO,"NO RESPETAR LAS SENIALES REGLAMENTARIAS DE TRANSITO. (PARE, CEDA EL PASO, LUZ ROJA DEL SEMAFORO, ETC).",CHOQUE LATERAL,AUTOMOVIL,1,0,0,0,0,0,0,0,0,1,0,0,0,2,27,MUJER,ILESO,CONDUCTOR PRESENTE,NO,NO,0
16154,51230,51231,2018,3,0,-0.092531,-78.436732,PICHINCHA,QUITO,CALDERON (CARAPUNGO),URBANA,2018-11-17,08:40:00,8,SABADO,6,NOVIEMBRE,11,NO,DEJAR O RECOGER PASAJEROS EN LUGARES NO PERMITIDOS.,CAIDA DE PASAJERO,BUS,0,0,1,0,0,0,0,0,0,0,0,0,0,1,38,MUJER,LESIONADO,PASAJERO,NO,NO,0
16155,51232,51233,2018,0,0,-0.212891,-78.488362,PICHINCHA,QUITO,QUITO,URBANA,2018-11-17,08:50:00,8,SABADO,6,NOVIEMBRE,11,NO,DANIOS MECANICOS PREVISIBLES.,ESTRELLAMIENTOS,AUTOMOVIL,1,0,0,0,0,0,0,0,0,0,0,0,0,1,-1,NO IDENTIFICADO,NO IDENTIFICADO,CONDUCTOR AUSENTE,NO,NO,2
16156,51233,51234,2018,0,0,-0.121086,-78.481443,PICHINCHA,QUITO,QUITO,URBANA,2018-11-17,08:50:00,8,SABADO,6,NOVIEMBRE,11,NO,NO MANTENER LA DISTANCIA PRUDENCIAL CON RESPECTO AL VEHICULO QUE LE ANTECEDE.,CHOQUE POSTERIOR,MOTOCICLETA,0,0,0,0,0,0,0,0,1,1,0,0,0,2,32,HOMBRE,ILESO,CONDUCTOR PRESENTE,NO,NO,0
16157,51234,51235,2018,2,1,-0.301348,-78.539806,PICHINCHA,QUITO,QUITO,URBANA,2018-11-17,09:19:00,9,SABADO,6,NOVIEMBRE,11,NO,NO CEDER EL DERECHO DE VIA O PREFERENCIA DE PASO AL PEATON.,ARROLLAMIENTOS,AUTOMOVIL,1,0,0,0,0,0,0,0,0,0,0,0,0,1,11,MUJER,FALLECIDO,PEATON,NO,NO,0
16158,51236,51237,2018,1,0,-0.208629,-78.495554,PICHINCHA,QUITO,QUITO,URBANA,2018-11-17,10:20:00,10,SABADO,6,NOVIEMBRE,11,NO,"CONDUCE BAJO LA INFLUENCIA DE ALCOHOL, SUSTANCIAS ESTUPEFACIENTES O PSICOTROPICAS Y/O MEDICAMENTOS.",ATROPELLOS,CAMIONETA,1,0,0,0,1,0,0,0,0,0,0,0,0,2,56,HOMBRE,LESIONADO,PEATON,NO,NO,0
16159,51239,51240,2018,1,0,-0.283634,-78.535666,PICHINCHA,QUITO,QUITO,URBANA,2018-11-17,10:40:00,10,SABADO,6,NOVIEMBRE,11,NO,NO GUARDAR LA DISTANCIA LATERAL MINIMA DE SEGURIDAD ENTRE VEHICULOS.,CHOQUE LATERAL,AUTOMOVIL,1,0,0,0,0,0,0,0,0,0,0,0,0,1,17,MUJER,LESIONADO,PASAJERO,NO,NO,0
16160,51244,51245,2018,2,0,-0.270854,-78.538072,PICHINCHA,QUITO,QUITO,URBANA,2018-11-17,12:00:00,12,SABADO,6,NOVIEMBRE,11,NO,NO CEDER EL DERECHO DE VIA O PREFERENCIA DE PASO AL PEATON.,ATROPELLOS,AUTOMOVIL,1,0,0,0,0,0,0,0,0,0,0,0,0,1,62,HOMBRE,LESIONADO,PEATON,NO,NO,0
16161,51245,51246,2018,2,0,-0.155991,-78.487134,PICHINCHA,QUITO,QUITO,URBANA,2018-11-17,12:00:00,12,SABADO,6,NOVIEMBRE,11,NO,PEATON QUE CRUZA LA CALZADA SIN RESPETAR LA SENIALIZACION EXISTENTE (SEMAFOROS O SENIALES MANUALES).,ATROPELLOS,MOTOCICLETA,0,0,0,0,0,0,0,0,1,0,0,0,0,1,32,HOMBRE,LESIONADO,CONDUCTOR PRESENTE,NO,NO,0
16162,51248,51249,2018,1,0,-0.104353,-78.502772,PICHINCHA,QUITO,QUITO,URBANA,2018-11-17,12:50:00,12,SABADO,6,NOVIEMBRE,11,NO,NO GUARDAR LA DISTANCIA LATERAL MINIMA DE SEGURIDAD ENTRE VEHICULOS.,ROZAMIENTOS,MOTOCICLETA,0,0,0,0,0,0,0,0,1,0,0,0,0,1,34,HOMBRE,LESIONADO,CONDUCTOR PRESENTE,NO,NO,0
16163,51254,51255,2018,0,0,-0.286356,-78.564842,PICHINCHA,QUITO,QUITO,URBANA,2018-11-17,14:00:00,14,SABADO,6,NOVIEMBRE,11,NO,NO GUARDAR LA DISTANCIA LATERAL MINIMA DE SEGURIDAD ENTRE VEHICULOS.,ROZAMIENTOS,AUTOMOVIL,1,0,0,0,0,0,0,0,0,1,0,0,0,2,22,HOMBRE,ILESO,CONDUCTOR PRESENTE,NO,NO,0
16164,51256,51257,2018,0,0,-0.080022,-78.466028,PICHINCHA,QUITO,QUITO,URBANA,2018-11-17,14:15:00,14,SABADO,6,NOVIEMBRE,11,NO,NO GUARDAR LA DISTANCIA LATERAL MINIMA DE SEGURIDAD ENTRE VEHICULOS.,CHOQUE LATERAL,MOTOCICLETA,0,0,0,0,0,0,0,0,1,0,0,0,1,2,22,HOMBRE,ILESO,CONDUCTOR PRESENTE,NO,NO,0
16165,51258,51259,2018,0,0,-0.116094,-78.457807,PICHINCHA,QUITO,QUITO,URBANA,2018-11-17,14:45:00,14,SABADO,6,NOVIEMBRE,11,NO,NO GUARDAR LA DISTANCIA LATERAL MINIMA DE SEGURIDAD ENTRE VEHICULOS.,ESTRELLAMIENTOS,AUTOMOVIL,1,0,0,1,0,0,0,0,0,0,0,0,0,2,52,HOMBRE,ILESO,CONDUCTOR PRESENTE,NO,NO,0
16166,51265,51266,2018,0,0,-0.109351,-78.458267,PICHINCHA,QUITO,CALDERON (CARAPUNGO),URBANA,2018-11-17,17:30:00,17,SABADO,6,NOVIEMBRE,11,NO,"CONDUCE BAJO LA INFLUENCIA DE ALCOHOL, SUSTANCIAS ESTUPEFACIENTES O PSICOTROPICAS Y/O MEDICAMENTOS.",CHOQUE POSTERIOR,AUTOMOVIL,2,0,0,0,0,0,0,0,0,0,0,0,0,2,38,HOMBRE,ILESO,CONDUCTOR PRESENTE,NO,NO,0
16167,51267,51268,2018,0,0,-0.083427,-78.436814,PICHINCHA,QUITO,CALDERON (CARAPUNGO),URBANA,2018-11-17,18:00:00,18,SABADO,6,NOVIEMBRE,11,NO,"CONDUCE BAJO LA INFLUENCIA DE ALCOHOL, SUSTANCIAS ESTUPEFACIENTES O PSICOTROPICAS Y/O MEDICAMENTOS.",ESTRELLAMIENTOS,AUTOMOVIL,3,0,0,0,0,0,0,0,0,0,0,0,0,3,24,HOMBRE,ILESO,CONDUCTOR PRESENTE,NO,NO,0
16168,51279,51280,2018,1,0,-0.272977,-78.529361,PICHINCHA,QUITO,QUITO,URBANA,2018-11-17,19:40:00,19,SABADO,6,NOVIEMBRE,11,NO,"PRESENCIA DE AGENTES EXTERNOS EN LA VIA (AGUA, ACEITE, PIEDRA, LASTRE, ESCOMBROS, MADEROS, ETC.).",PERDIDA DE CARRIL,MOTOCICLETA,0,0,0,0,0,0,0,0,1,0,0,0,0,1,32,HOMBRE,LESIONADO,CONDUCTOR PRESENTE,NO,NO,0
16169,51280,51281,2018,0,0,-0.144697,-78.473961,PICHINCHA,QUITO,QUITO,URBANA,2018-11-17,19:45:00,19,SABADO,6,NOVIEMBRE,11,NO,CONDUCIR VEHICULO SUPERANDO LOS LIMITES MAXIMOS DE VELOCIDAD.,ESTRELLAMIENTOS,AUTOMOVIL,2,0,0,0,0,0,0,0,0,0,0,0,0,2,-1,NO IDENTIFICADO,NO IDENTIFICADO,CONDUCTOR AUSENTE,NO,NO,2
16170,51285,51286,2018,0,0,-0.513181,-78.565049,PICHINCHA,MEJIA,MACHACHI,URBANA,2018-11-17,20:45:00,20,SABADO,6,NOVIEMBRE,11,NO,"CONDUCE BAJO LA INFLUENCIA DE ALCOHOL, SUSTANCIAS ESTUPEFACIENTES O PSICOTROPICAS Y/O MEDICAMENTOS.",CHOQUE LATERAL,VEHICULO DEPORTIVO UTILITARIO,1,0,0,0,0,0,0,0,0,0,0,0,1,2,32,HOMBRE,ILESO,CONDUCTOR PRESENTE,NO,NO,0
16171,51292,51293,2018,0,0,-0.094839,-78.482724,PICHINCHA,QUITO,QUITO,URBANA,2018-11-17,21:20:00,21,SABADO,6,NOVIEMBRE,11,NO,"CONDUCE BAJO LA INFLUENCIA DE ALCOHOL, SUSTANCIAS ESTUPEFACIENTES O PSICOTROPICAS Y/O MEDICAMENTOS.",CHOQUE LATERAL,AUTOMOVIL,2,0,0,0,0,0,0,0,0,0,0,0,0,2,38,MUJER,ILESO,CONDUCTOR PRESENTE,NO,NO,0
16172,51296,51297,2018,3,0,-0.120241,-78.415686,PICHINCHA,QUITO,CALDERON (CARAPUNGO),URBANA,2018-11-17,22:00:00,22,SABADO,6,NOVIEMBRE,11,NO,"CONDUCE BAJO LA INFLUENCIA DE ALCOHOL, SUSTANCIAS ESTUPEFACIENTES O PSICOTROPICAS Y/O MEDICAMENTOS.",ESTRELLAMIENTOS,AUTOMOVIL,2,0,0,0,0,0,0,0,0,0,0,0,0,2,20,MUJER,LESIONADO,PASAJERO,NO,NO,0
16173,51299,51300,2018,0,0,-0.198679,-78.500353,PICHINCHA,QUITO,QUITO,URBANA,2018-11-17,22:40:00,22,SABADO,6,NOVIEMBRE,11,NO,"NO RESPETAR LAS SENIALES REGLAMENTARIAS DE TRANSITO. (PARE, CEDA EL PASO, LUZ ROJA DEL SEMAFORO, ETC).",CHOQUE LATERAL,CAMIONETA,0,0,0,0,2,0,0,0,0,0,0,0,0,2,42,HOMBRE,ILESO,CONDUCTOR PRESENTE,NO,NO,0
16174,51304,51305,2018,0,0,-0.231141,-78.503901,PICHINCHA,QUITO,QUITO,URBANA,2018-11-17,23:00:00,23,SABADO,6,NOVIEMBRE,11,NO,DANIOS MECANICOS PREVISIBLES.,ESTRELLAMIENTOS,AUTOMOVIL,1,0,0,0,0,0,0,0,0,0,0,0,0,1,-1,NO IDENTIFICADO,NO IDENTIFICADO,CONDUCTOR AUSENTE,NO,NO,2
16175,51311,51312,2018,1,0,-0.085001,-78.515178,PICHINCHA,QUITO,QUITO,URBANA,2018-11-18,00:50:00,0,DOMINGO,7,NOVIEMBRE,11,NO,"PRESENCIA DE AGENTES EXTERNOS EN LA VIA (AGUA, ACEITE, PIEDRA, LASTRE, ESCOMBROS, MADEROS, ETC.).",PERDIDA DE CARRIL,AUTOMOVIL,1,0,0,0,0,0,0,0,0,0,0,0,0,1,35,HOMBRE,LESIONADO,PASAJERO,NO,NO,0
16176,51317,51318,2018,0,0,-0.280084,-78.554539,PICHINCHA,QUITO,QUITO,URBANA,2018-11-18,02:05:00,2,DOMINGO,7,NOVIEMBRE,11,NO,NO GUARDAR LA DISTANCIA LATERAL MINIMA DE SEGURIDAD ENTRE VEHICULOS.,ROZAMIENTOS,AUTOMOVIL,1,0,0,0,0,0,0,0,0,0,0,0,0,1,58,HOMBRE,ILESO,CONDUCTOR PRESENTE,NO,NO,0
16177,51318,51319,2018,1,0,-0.333072,-78.546113,PICHINCHA,QUITO,QUITO,URBANA,2018-11-18,02:15:00,2,DOMINGO,7,NOVIEMBRE,11,NO,"PRESENCIA DE AGENTES EXTERNOS EN LA VIA (AGUA, ACEITE, PIEDRA, LASTRE, ESCOMBROS, MADEROS, ETC.).",PERDIDA DE CARRIL,NO IDENTIFICADO,0,0,0,0,0,0,0,0,0,1,0,0,0,1,32,HOMBRE,LESIONADO,CONDUCTOR PRESENTE,NO,NO,0
16178,51320,51321,2018,0,0,-0.271125,-78.551998,PICHINCHA,QUITO,QUITO,URBANA,2018-11-18,02:30:00,2,DOMINGO,7,NOVIEMBRE,11,NO,"NO RESPETAR LAS SENIALES REGLAMENTARIAS DE TRANSITO. (PARE, CEDA EL PASO, LUZ ROJA DEL SEMAFORO, ETC).",ESTRELLAMIENTOS,AUTOMOVIL,1,0,0,0,0,0,0,0,0,0,0,0,0,1,-1,NO IDENTIFICADO,NO IDENTIFICADO,CONDUCTOR AUSENTE,NO,NO,2
16179,51321,51322,2018,2,0,-0.196143,-78.499643,PICHINCHA,QUITO,QUITO,URBANA,2018-11-18,02:35:00,2,DOMINGO,7,NOVIEMBRE,11,NO,"NO RESPETAR LAS SENIALES REGLAMENTARIAS DE TRANSITO. (PARE, CEDA EL PASO, LUZ ROJA DEL SEMAFORO, ETC).",CHOQUE LATERAL,AUTOMOVIL,2,0,0,0,0,0,0,0,0,0,0,0,0,2,21,MUJER,LESIONADO,PASAJERO,NO,NO,0
16180,51327,51328,2018,0,0,-0.204719,-78.502295,PICHINCHA,QUITO,QUITO,URBANA,2018-11-18,04:20:00,4,DOMINGO,7,NOVIEMBRE,11,NO,"NO RESPETAR LAS SENIALES REGLAMENTARIAS DE TRANSITO. (PARE, CEDA EL PASO, LUZ ROJA DEL SEMAFORO, ETC).",CHOQUE LATERAL,AUTOMOVIL,2,0,0,0,0,0,0,0,0,0,0,0,0,2,23,HOMBRE,ILESO,CONDUCTOR PRESENTE,NO,NO,0
16181,51331,51332,2018,0,0,-0.353158,-78.554506,PICHINCHA,QUITO,QUITO,URBANA,2018-11-18,05:30:00,5,DOMINGO,7,NOVIEMBRE,11,NO,"NO RESPETAR LAS SENIALES REGLAMENTARIAS DE TRANSITO. (PARE, CEDA EL PASO, LUZ ROJA DEL SEMAFORO, ETC).",ESTRELLAMIENTOS,CAMION,0,0,0,1,0,0,0,0,0,0,0,0,0,1,-1,NO IDENTIFICADO,NO IDENTIFICADO,CONDUCTOR AUSENTE,NO,NO,2
16182,51354,51355,2018,4,0,-0.037771,-78.279834,PICHINCHA,CAYAMBE,SANTA ROSA DE CUZUBAMBA,RURAL,2018-11-18,13:30:00,13,DOMINGO,7,NOVIEMBRE,11,NO,"CONDUCE BAJO LA INFLUENCIA DE ALCOHOL, SUSTANCIAS ESTUPEFACIENTES O PSICOTROPICAS Y/O MEDICAMENTOS.",CHOQUE FRONTAL,AUTOMOVIL,1,0,0,0,0,0,0,0,0,0,0,0,1,2,34,HOMBRE,LESIONADO,CONDUCTOR PRESENTE,NO,NO,3
16183,51357,51358,2018,1,0,-0.270868,-78.536908,PICHINCHA,QUITO,QUITO,URBANA,2018-11-18,14:00:00,14,DOMINGO,7,NOVIEMBRE,11,NO,REALIZAR CAMBIO BRUSCO O INDEBIDO DE CARRIL.,CHOQUE LATERAL,BICICLETA,0,1,0,0,0,0,0,0,0,1,0,0,0,2,46,HOMBRE,LESIONADO,CONDUCTOR PRESENTE,NO,NO,0
16184,51376,51377,2018,0,0,-0.302748,-78.552837,PICHINCHA,QUITO,QUITO,URBANA,2018-11-18,19:40:00,19,DOMINGO,7,NOVIEMBRE,11,NO,"CONDUCE BAJO LA INFLUENCIA DE ALCOHOL, SUSTANCIAS ESTUPEFACIENTES O PSICOTROPICAS Y/O MEDICAMENTOS.",CHOQUE LATERAL,AUTOMOVIL,2,0,0,0,0,0,0,0,0,0,0,0,0,2,21,HOMBRE,ILESO,CONDUCTOR PRESENTE,NO,NO,0
16185,51381,51382,2018,0,0,-0.301896,-78.533901,PICHINCHA,QUITO,QUITO,URBANA,2018-11-18,21:10:00,21,DOMINGO,7,NOVIEMBRE,11,NO,CONDUCIR VEHICULO SUPERANDO LOS LIMITES MAXIMOS DE VELOCIDAD.,VOLCAMIENTOS,AUTOMOVIL,1,0,0,0,0,0,0,0,0,0,0,0,0,1,-1,NO IDENTIFICADO,NO IDENTIFICADO,CONDUCTOR AUSENTE,NO,NO,2
16186,51395,51396,2018,1,0,-0.199436,-78.473608,PICHINCHA,QUITO,QUITO,URBANA,2018-11-19,02:30:00,2,LUNES,1,NOVIEMBRE,11,NO,"NO RESPETAR LAS SENIALES REGLAMENTARIAS DE TRANSITO. (PARE, CEDA EL PASO, LUZ ROJA DEL SEMAFORO, ETC).",ESTRELLAMIENTOS,CAMIONETA,0,0,0,0,1,0,0,0,0,0,0,0,0,1,43,HOMBRE,LESIONADO,CONDUCTOR PRESENTE,NO,NO,0
16187,51398,51399,2018,0,1,-0.339883,-78.433953,PICHINCHA,RUMINIAHUI,SANGOLQUI,URBANA,2018-11-19,04:20:00,4,LUNES,1,NOVIEMBRE,11,NO,"CONDUCIR DESATENTO A LAS CONDICIONES DE TRANSITO (CELULAR, PANTALLAS DE VIDEO, COMIDA, MAQUILLAJE O CUALQUIER OTRO ELEMENTO DISTRACTOR).",PERDIDA DE CARRIL,BUS,0,0,1,0,0,0,0,0,0,0,0,0,0,1,57,HOMBRE,FALLECIDO,CONDUCTOR PRESENTE,NO,NO,0
16188,51399,51400,2018,1,0,-0.254376,-78.522185,PICHINCHA,QUITO,QUITO,URBANA,2018-11-19,05:40:00,5,LUNES,1,NOVIEMBRE,11,NO,"CASO FORTUITO O FUERZA MAYOR (EXPLOSION DE NEUMATICO NUEVO, DERRUMBE, INUNDACION, CAIDA DE PUENTE, ARBOL, PRESENCIA INTEMPESTIVA E IMPREVISTA DE SEMOVIENTES EN LA VIA, ETC.).",PERDIDA DE CARRIL,NO IDENTIFICADO,0,0,0,0,0,0,0,0,0,1,0,0,0,1,24,MUJER,LESIONADO,CONDUCTOR PRESENTE,NO,NO,0
16189,51400,51401,2018,0,0,-0.325867,-78.540342,PICHINCHA,QUITO,QUITO,URBANA,2018-11-19,06:50:00,6,LUNES,1,NOVIEMBRE,11,NO,NO CEDER EL DERECHO DE VIA O PREFERENCIA DE PASO A VEHICULOS.,CHOQUE LATERAL,AUTOMOVIL,1,0,0,0,1,0,0,0,0,0,0,0,0,2,37,HOMBRE,ILESO,CONDUCTOR PRESENTE,NO,NO,0
16190,51404,51405,2018,1,0,-0.171508,-78.485574,PICHINCHA,QUITO,QUITO,URBANA,2018-11-19,07:30:00,7,LUNES,1,NOVIEMBRE,11,NO,"NO RESPETAR LAS SENIALES REGLAMENTARIAS DE TRANSITO. (PARE, CEDA EL PASO, LUZ ROJA DEL SEMAFORO, ETC).",CHOQUE LATERAL,AUTOMOVIL,2,0,0,0,0,0,0,0,0,0,0,0,0,2,62,HOMBRE,LESIONADO,CONDUCTOR PRESENTE,NO,NO,0
16191,51411,51412,2018,0,0,-0.196669,-78.466599,PICHINCHA,QUITO,QUITO,URBANA,2018-11-19,10:25:00,10,LUNES,1,NOVIEMBRE,11,NO,NO CEDER EL DERECHO DE VIA O PREFERENCIA DE PASO A VEHICULOS.,CHOQUE LATERAL,FURGONETA,0,0,0,0,1,0,0,1,0,0,0,0,0,2,44,HOMBRE,ILESO,CONDUCTOR PRESENTE,NO,NO,0
16192,51420,51421,2018,2,0,-0.224383,-78.496888,PICHINCHA,QUITO,QUITO,URBANA,2018-11-19,12:25:00,12,LUNES,1,NOVIEMBRE,11,NO,"CONDICIONES AMBIENTALES Y/O ATMOSFERICAS (NIEBLA, NEBLINA, GRANIZO, LLUVIA).",ESTRELLAMIENTOS,CAMION,0,0,0,1,0,0,0,0,0,0,0,0,0,1,27,MUJER,LESIONADO,CONDUCTOR PRESENTE,NO,NO,0
16193,51425,51426,2018,7,0,-0.191742,-78.493332,PICHINCHA,QUITO,QUITO,URBANA,2018-11-19,14:00:00,14,LUNES,1,NOVIEMBRE,11,NO,"NO RESPETAR LAS SENIALES REGLAMENTARIAS DE TRANSITO. (PARE, CEDA EL PASO, LUZ ROJA DEL SEMAFORO, ETC).",CHOQUE LATERAL,FURGONETA,2,0,0,0,0,0,0,1,0,0,0,0,0,3,45,HOMBRE,LESIONADO,CONDUCTOR PRESENTE,NO,NO,0
16194,51431,51432,2018,0,0,-0.171258,-78.486751,PICHINCHA,QUITO,QUITO,URBANA,2018-11-19,15:15:00,15,LUNES,1,NOVIEMBRE,11,NO,"NO RESPETAR LAS SENIALES REGLAMENTARIAS DE TRANSITO. (PARE, CEDA EL PASO, LUZ ROJA DEL SEMAFORO, ETC).",CHOQUE LATERAL,AUTOMOVIL,2,0,0,0,0,0,0,0,0,0,0,0,0,2,33,MUJER,ILESO,CONDUCTOR PRESENTE,NO,NO,0
16195,51432,51433,2018,0,0,-0.318032,-78.555483,PICHINCHA,QUITO,QUITO,URBANA,2018-11-19,16:00:00,16,LUNES,1,NOVIEMBRE,11,NO,"CONDUCIR DESATENTO A LAS CONDICIONES DE TRANSITO (CELULAR, PANTALLAS DE VIDEO, COMIDA, MAQUILLAJE O CUALQUIER OTRO ELEMENTO DISTRACTOR).",OTROS,CAMION,0,0,0,1,0,0,0,0,0,0,0,0,0,1,-1,NO IDENTIFICADO,NO IDENTIFICADO,CONDUCTOR AUSENTE,NO,NO,2
16196,51436,51437,2018,0,0,-0.063387,-78.452341,PICHINCHA,QUITO,CALDERON (CARAPUNGO),URBANA,2018-11-19,17:30:00,17,LUNES,1,NOVIEMBRE,11,NO,"CONDUCIR DESATENTO A LAS CONDICIONES DE TRANSITO (CELULAR, PANTALLAS DE VIDEO, COMIDA, MAQUILLAJE O CUALQUIER OTRO ELEMENTO DISTRACTOR).",CHOQUE LATERAL,FURGONETA,1,0,0,0,0,0,0,1,0,0,0,0,0,2,59,HOMBRE,ILESO,CONDUCTOR PRESENTE,NO,NO,0
16197,51437,51438,2018,2,0,-0.207453,-78.501301,PICHINCHA,QUITO,QUITO,URBANA,2018-11-19,17:30:00,17,LUNES,1,NOVIEMBRE,11,NO,"NO RESPETAR LAS SENIALES REGLAMENTARIAS DE TRANSITO. (PARE, CEDA EL PASO, LUZ ROJA DEL SEMAFORO, ETC).",CHOQUE LATERAL,MOTOCICLETA,0,0,0,0,1,0,0,0,1,0,0,0,0,2,39,HOMBRE,LESIONADO,CONDUCTOR PRESENTE,NO,NO,0
16198,51443,51444,2018,0,0,-0.245326,-78.534069,PICHINCHA,QUITO,QUITO,URBANA,2018-11-19,18:50:00,18,LUNES,1,NOVIEMBRE,11,NO,"CONDUCE BAJO LA INFLUENCIA DE ALCOHOL, SUSTANCIAS ESTUPEFACIENTES O PSICOTROPICAS Y/O MEDICAMENTOS.",ROZAMIENTOS,AUTOMOVIL,2,0,0,0,0,0,0,0,0,0,0,0,0,2,56,HOMBRE,ILESO,CONDUCTOR PRESENTE,NO,NO,0
16199,51444,51445,2018,0,0,-0.314757,-78.485672,PICHINCHA,QUITO,CONOCOTO,URBANA,2018-11-19,18:50:00,18,LUNES,1,NOVIEMBRE,11,NO,"CASO FORTUITO O FUERZA MAYOR (EXPLOSION DE NEUMATICO NUEVO, DERRUMBE, INUNDACION, CAIDA DE PUENTE, ARBOL, PRESENCIA INTEMPESTIVA E IMPREVISTA DE SEMOVIENTES EN LA VIA, ETC.).",ESTRELLAMIENTOS,AUTOMOVIL,1,0,0,0,0,0,0,0,0,0,0,0,0,1,-1,NO IDENTIFICADO,NO IDENTIFICADO,CONDUCTOR AUSENTE,NO,NO,2