,Unnamed: 0,ID,ANIO,LESIONADOS,FALLECIDOS,LATITUD_Y,LONGITUD_X,PROVINCIA,CANTON,PARROQUIA,ZONA,FECHA,HORA,PERIODO_2,DIA_1,DIA_2,MES_1,MES_2,FERIADO,CAUSA_PROBABLE,TIPO_DE_SINIESTRO,TIPO_DE_VEHICULO_1,AUTOMOVIL,BICICLETA,BUS,CAMION,CAMIONETA,EMERGENCIAS,ESPECIAL,FURGONETA,MOTOCICLETA,NO_IDENTIFICADO,SCOOTER_ELECTRICO,TRICIMOTO,VEHICULO_DEPORTIVO_UTILITARIO,SUMA_DE_VEHICULOS,EDAD_1,SEXO_1,CONDICION_1,PARTICIPANTE_1,CASCO_1,CINTURON_1,KMeans_Cluster
16369,52084,52085,2018,3,1,-0.267501,-78.484167,PICHINCHA,QUITO,CONOCOTO,URBANA,2018-11-30,04:30:00,4,VIERNES,5,NOVIEMBRE,11,NO,"CONDUCIR EN ESTADO DE SOMNOLENCIA O MALAS CONDICIONES FISICAS (SUENIO, CANSANCIO Y FATIGA).",ESTRELLAMIENTOS,VEHICULO DEPORTIVO UTILITARIO,0,0,0,0,0,0,0,0,0,0,0,0,1,1,39,MUJER,FALLECIDO,PASAJERO,NO,NO,0
16370,52089,52090,2018,1,0,-0.108295,-78.441808,PICHINCHA,QUITO,CALDERON (CARAPUNGO),URBANA,2018-11-30,08:55:00,8,VIERNES,5,NOVIEMBRE,11,NO,"CONDUCIR DESATENTO A LAS CONDICIONES DE TRANSITO (CELULAR, PANTALLAS DE VIDEO, COMIDA, MAQUILLAJE O CUALQUIER OTRO ELEMENTO DISTRACTOR).",CHOQUE LATERAL,CAMION,0,0,0,1,1,0,0,0,0,0,0,0,0,2,85,HOMBRE,LESIONADO,PEATON,NO,NO,0
16371,52091,52092,2018,0,0,-0.208084,-78.501503,PICHINCHA,QUITO,QUITO,URBANA,2018-11-30,09:10:00,9,VIERNES,5,NOVIEMBRE,11,NO,"NO RESPETAR LAS SENIALES REGLAMENTARIAS DE TRANSITO. (PARE, CEDA EL PASO, LUZ ROJA DEL SEMAFORO, ETC).",CHOQUE LATERAL,AUTOMOVIL,1,0,1,0,1,0,0,0,0,0,0,0,0,3,44,HOMBRE,ILESO,CONDUCTOR PRESENTE,NO,NO,0
16372,52092,52093,2018,1,0,-0.204186,-78.492253,PICHINCHA,QUITO,QUITO,URBANA,2018-11-30,09:15:00,9,VIERNES,5,NOVIEMBRE,11,NO,"MAL ESTACIONADO - EL CONDUCTOR QUE DETENGA O ESTACIONE VEHICULOS EN SITIOS O ZONAS QUE ENTRANIEN PELIGRO, TALES COMO ZONA DE SEGURIDAD, CURVAS, PUENTES, TUNELES, PENDIENTES.",ROZAMIENTOS,AUTOMOVIL,1,0,0,0,0,0,0,0,0,1,0,0,0,2,68,MUJER,LESIONADO,PEATON,NO,NO,0
16373,52100,52101,2018,1,0,-0.279539,-78.558061,PICHINCHA,QUITO,QUITO,URBANA,2018-11-30,12:25:00,12,VIERNES,5,NOVIEMBRE,11,NO,REALIZAR CAMBIO BRUSCO O INDEBIDO DE CARRIL.,CHOQUE LATERAL,AUTOMOVIL,2,0,0,0,0,0,0,0,0,0,0,0,0,2,27,HOMBRE,LESIONADO,PEATON,NO,NO,0
16374,52108,52109,2018,0,0,-0.205904,-78.430435,PICHINCHA,QUITO,CUMBAYA,URBANA,2018-11-30,14:30:00,14,VIERNES,5,NOVIEMBRE,11,NO,NO MANTENER LA DISTANCIA PRUDENCIAL CON RESPECTO AL VEHICULO QUE LE ANTECEDE.,CHOQUE POSTERIOR,AUTOMOVIL,2,0,0,0,0,0,0,0,0,0,0,0,0,2,26,MUJER,ILESO,CONDUCTOR PRESENTE,NO,NO,0
16375,52110,52111,2018,0,0,-0.176371,-78.495323,PICHINCHA,QUITO,QUITO,URBANA,2018-11-30,15:00:00,15,VIERNES,5,NOVIEMBRE,11,NO,"NO RESPETAR LAS SENIALES REGLAMENTARIAS DE TRANSITO. (PARE, CEDA EL PASO, LUZ ROJA DEL SEMAFORO, ETC).",ATROPELLOS,AUTOMOVIL,1,0,0,0,0,0,0,0,0,0,0,0,0,1,29,HOMBRE,ILESO,CONDUCTOR PRESENTE,NO,NO,0
16376,52113,52114,2018,0,0,-0.228207,-78.445485,PICHINCHA,QUITO,CUMBAYA,URBANA,2018-11-30,15:40:00,15,VIERNES,5,NOVIEMBRE,11,NO,NO MANTENER LA DISTANCIA PRUDENCIAL CON RESPECTO AL VEHICULO QUE LE ANTECEDE.,CHOQUE POSTERIOR,BUS,0,0,1,0,1,0,0,0,0,0,0,0,0,2,-1,NO IDENTIFICADO,NO IDENTIFICADO,CONDUCTOR AUSENTE,NO,NO,2
16377,52114,52115,2018,0,1,-0.410119,-78.543988,PICHINCHA,MEJIA,TAMBILLO (MEJIA),RURAL,2018-11-30,16:00:00,16,VIERNES,5,NOVIEMBRE,11,NO,"CONDUCIR DESATENTO A LAS CONDICIONES DE TRANSITO (CELULAR, PANTALLAS DE VIDEO, COMIDA, MAQUILLAJE O CUALQUIER OTRO ELEMENTO DISTRACTOR).",CHOQUE LATERAL,MOTOCICLETA,0,0,0,1,0,0,0,0,1,0,0,0,0,2,13,HOMBRE,FALLECIDO,PASAJERO,NO,NO,3
16378,52116,52117,2018,0,0,-0.052491,-78.285627,PICHINCHA,QUITO,GUAYLLABAMBA,RURAL,2018-11-30,16:30:00,16,VIERNES,5,NOVIEMBRE,11,NO,"CONDUCIR DESATENTO A LAS CONDICIONES DE TRANSITO (CELULAR, PANTALLAS DE VIDEO, COMIDA, MAQUILLAJE O CUALQUIER OTRO ELEMENTO DISTRACTOR).",ESTRELLAMIENTOS,BUS,0,0,1,0,0,0,0,0,0,1,0,0,0,2,36,HOMBRE,ILESO,PEATON,NO,NO,3
16379,52119,52120,2018,0,0,-0.172505,-78.487772,PICHINCHA,QUITO,QUITO,URBANA,2018-11-30,17:00:00,17,VIERNES,5,NOVIEMBRE,11,NO,NO CEDER EL DERECHO DE VIA O PREFERENCIA DE PASO AL PEATON.,ATROPELLOS,NO IDENTIFICADO,0,0,0,0,0,0,0,0,0,1,0,0,0,1,45,MUJER,ILESO,PEATON,NO,NO,0
16380,52125,52126,2018,0,0,-0.221515,-78.509238,PICHINCHA,QUITO,QUITO,URBANA,2018-11-30,18:15:00,18,VIERNES,5,NOVIEMBRE,11,NO,NO CEDER EL DERECHO DE VIA O PREFERENCIA DE PASO AL PEATON.,ATROPELLOS,BUS,0,0,1,0,0,0,0,0,0,0,0,0,0,1,45,MUJER,ILESO,PASAJERO,NO,NO,0
16381,52126,52127,2018,1,0,-0.287321,-78.537584,PICHINCHA,QUITO,QUITO,URBANA,2018-11-30,18:20:00,18,VIERNES,5,NOVIEMBRE,11,NO,PEATON QUE CRUZA LA CALZADA SIN RESPETAR LA SENIALIZACION EXISTENTE (SEMAFOROS O SENIALES MANUALES).,ATROPELLOS,NO IDENTIFICADO,0,0,0,0,0,0,0,0,0,1,0,0,0,1,27,HOMBRE,LESIONADO,PASAJERO,NO,NO,0
16382,52127,52128,2018,0,0,-0.247524,-78.530766,PICHINCHA,QUITO,QUITO,URBANA,2018-11-30,18:30:00,18,VIERNES,5,NOVIEMBRE,11,NO,NO CEDER EL DERECHO DE VIA O PREFERENCIA DE PASO AL PEATON.,ATROPELLOS,AUTOMOVIL,1,0,0,0,0,0,0,0,0,0,0,0,0,1,34,HOMBRE,ILESO,CONDUCTOR PRESENTE,NO,NO,0
16383,52128,52129,2018,1,0,-0.199928,-78.483861,PICHINCHA,QUITO,QUITO,URBANA,2018-11-30,19:00:00,19,VIERNES,5,NOVIEMBRE,11,NO,NO CEDER EL DERECHO DE VIA O PREFERENCIA DE PASO AL PEATON.,ATROPELLOS,NO IDENTIFICADO,0,0,0,0,0,0,0,0,0,1,0,0,0,1,32,HOMBRE,LESIONADO,PASAJERO,NO,NO,0
16384,52131,52132,2018,1,0,-0.193223,-78.476871,PICHINCHA,QUITO,QUITO,URBANA,2018-11-30,19:45:00,19,VIERNES,5,NOVIEMBRE,11,NO,"NO RESPETAR LAS SENIALES REGLAMENTARIAS DE TRANSITO. (PARE, CEDA EL PASO, LUZ ROJA DEL SEMAFORO, ETC).",CHOQUE LATERAL,AUTOMOVIL,1,0,0,0,0,0,0,0,0,0,0,0,1,2,14,HOMBRE,LESIONADO,PEATON,NO,NO,0
16385,52132,52133,2018,0,0,-0.268581,-78.527561,PICHINCHA,QUITO,QUITO,URBANA,2018-11-30,20:00:00,20,VIERNES,5,NOVIEMBRE,11,NO,NO MANTENER LA DISTANCIA PRUDENCIAL CON RESPECTO AL VEHICULO QUE LE ANTECEDE.,CHOQUE POSTERIOR,BUS,0,0,1,0,0,0,0,0,1,0,0,0,0,2,66,HOMBRE,ILESO,CONDUCTOR PRESENTE,NO,NO,0
16386,52134,52135,2018,0,0,-0.226486,-78.339567,PICHINCHA,QUITO,PIFO,URBANA,2018-11-30,21:05:00,21,VIERNES,5,NOVIEMBRE,11,NO,"CONDICIONES AMBIENTALES Y/O ATMOSFERICAS (NIEBLA, NEBLINA, GRANIZO, LLUVIA).",ROZAMIENTOS,AUTOMOVIL,2,0,0,0,0,0,0,0,0,0,0,0,0,2,27,HOMBRE,ILESO,CONDUCTOR PRESENTE,NO,NO,0
16387,52135,52136,2018,1,0,-0.188478,-78.447371,PICHINCHA,QUITO,NAYON,URBANA,2018-11-30,21:30:00,21,VIERNES,5,NOVIEMBRE,11,NO,"PRESENCIA DE AGENTES EXTERNOS EN LA VIA (AGUA, ACEITE, PIEDRA, LASTRE, ESCOMBROS, MADEROS, ETC.).",CHOQUE LATERAL,AUTOMOVIL,2,0,0,0,0,0,0,0,0,0,0,0,0,2,35,HOMBRE,LESIONADO,CONDUCTOR PRESENTE,NO,NO,0
16388,52137,52138,2018,0,0,-0.102274,-78.477198,PICHINCHA,QUITO,QUITO,URBANA,2018-11-30,22:00:00,22,VIERNES,5,NOVIEMBRE,11,NO,"CONDICIONES AMBIENTALES Y/O ATMOSFERICAS (NIEBLA, NEBLINA, GRANIZO, LLUVIA).",CHOQUE LATERAL,AUTOMOVIL,2,0,0,0,0,0,0,0,0,0,0,0,0,2,27,MUJER,ILESO,CONDUCTOR PRESENTE,NO,NO,0
16389,52141,52142,2018,1,0,-0.231719,-78.509845,PICHINCHA,QUITO,QUITO,URBANA,2018-11-30,23:23:00,23,VIERNES,5,NOVIEMBRE,11,NO,"CONDICIONES AMBIENTALES Y/O ATMOSFERICAS (NIEBLA, NEBLINA, GRANIZO, LLUVIA).",VOLCAMIENTOS,AUTOMOVIL,1,0,0,0,0,0,0,0,0,0,0,0,0,1,28,HOMBRE,LESIONADO,CONDUCTOR PRESENTE,NO,NO,0
16390,52148,52149,2018,0,0,-0.207793,-78.495398,PICHINCHA,QUITO,QUITO,URBANA,2018-12-01,00:00:00,0,SABADO,6,DICIEMBRE,12,NO,REALIZAR CAMBIO BRUSCO O INDEBIDO DE CARRIL.,CHOQUE LATERAL,AUTOMOVIL,2,0,0,0,0,0,0,0,0,0,0,0,0,2,31,HOMBRE,ILESO,CONDUCTOR PRESENTE,NO,NO,0
16391,52150,52151,2018,4,0,-0.144763,-78.474632,PICHINCHA,QUITO,QUITO,URBANA,2018-12-01,00:10:00,0,SABADO,6,DICIEMBRE,12,NO,CONDUCIR VEHICULO SUPERANDO LOS LIMITES MAXIMOS DE VELOCIDAD.,ESTRELLAMIENTOS,AUTOMOVIL,2,0,0,0,0,0,0,0,0,0,0,0,0,2,27,HOMBRE,LESIONADO,PASAJERO,NO,NO,0
16392,52153,52154,2018,0,0,-0.201377,-78.490311,PICHINCHA,QUITO,QUITO,URBANA,2018-12-01,01:00:00,1,SABADO,6,DICIEMBRE,12,NO,"CONDICIONES AMBIENTALES Y/O ATMOSFERICAS (NIEBLA, NEBLINA, GRANIZO, LLUVIA).",CHOQUE LATERAL,AUTOMOVIL,2,0,0,0,0,0,0,0,0,0,0,0,0,2,28,HOMBRE,ILESO,CONDUCTOR PRESENTE,NO,NO,0
16393,52156,52157,2018,1,0,-0.247946,-78.511154,PICHINCHA,QUITO,QUITO,URBANA,2018-12-01,02:00:00,2,SABADO,6,DICIEMBRE,12,NO,NO CEDER EL DERECHO DE VIA O PREFERENCIA DE PASO AL PEATON.,ATROPELLOS,NO IDENTIFICADO,0,0,0,0,0,0,0,0,0,1,0,0,0,1,22,HOMBRE,LESIONADO,PEATON,NO,NO,0
16394,52161,52162,2018,0,0,-0.110895,-78.481418,PICHINCHA,QUITO,QUITO,URBANA,2018-12-01,03:00:00,3,SABADO,6,DICIEMBRE,12,NO,"CONDUCIR EN ESTADO DE SOMNOLENCIA O MALAS CONDICIONES FISICAS (SUENIO, CANSANCIO Y FATIGA).",ESTRELLAMIENTOS,AUTOMOVIL,1,0,0,0,0,0,0,0,0,0,0,0,0,1,-1,NO IDENTIFICADO,NO IDENTIFICADO,CONDUCTOR AUSENTE,NO,NO,2
16395,52169,52170,2018,0,0,-0.291541,-78.486041,PICHINCHA,QUITO,CONOCOTO,RURAL,2018-12-01,05:50:00,5,SABADO,6,DICIEMBRE,12,NO,CONDUCIR VEHICULO SUPERANDO LOS LIMITES MAXIMOS DE VELOCIDAD.,ESTRELLAMIENTOS,AUTOMOVIL,1,0,0,0,0,0,0,0,0,0,0,0,0,1,-1,NO IDENTIFICADO,NO IDENTIFICADO,CONDUCTOR AUSENTE,NO,NO,2
16396,52171,52172,2018,1,0,0.057661,-78.142634,PICHINCHA,CAYAMBE,CAYAMBE,RURAL,2018-12-01,06:50:00,6,SABADO,6,DICIEMBRE,12,NO,NO GUARDAR LA DISTANCIA LATERAL MINIMA DE SEGURIDAD ENTRE VEHICULOS.,CHOQUE LATERAL,VEHICULO DEPORTIVO UTILITARIO,0,0,0,0,1,0,0,0,0,0,0,0,1,2,24,MUJER,LESIONADO,PASAJERO,NO,NO,3
16397,52182,52183,2018,2,0,-0.186975,-78.505999,PICHINCHA,QUITO,QUITO,URBANA,2018-12-01,09:40:00,9,SABADO,6,DICIEMBRE,12,NO,CONDUCIR VEHICULO SUPERANDO LOS LIMITES MAXIMOS DE VELOCIDAD.,OTROS,NO IDENTIFICADO,0,0,0,0,0,0,0,0,0,1,0,0,0,1,58,HOMBRE,LESIONADO,PEATON,NO,NO,0
16398,52183,52184,2018,0,0,-0.049831,-78.336579,PICHINCHA,QUITO,GUAYLLABAMBA,RURAL,2018-12-01,10:25:00,10,SABADO,6,DICIEMBRE,12,NO,NO CEDER EL DERECHO DE VIA O PREFERENCIA DE PASO AL PEATON.,CHOQUE FRONTAL,AUTOMOVIL,1,0,0,0,0,0,0,0,0,0,0,0,1,2,69,HOMBRE,ILESO,CONDUCTOR PRESENTE,NO,SI,3
16399,52189,52190,2018,0,0,-0.133691,-78.500216,PICHINCHA,QUITO,QUITO,URBANA,2018-12-01,11:00:00,11,SABADO,6,DICIEMBRE,12,NO,"CONDUCE BAJO LA INFLUENCIA DE ALCOHOL, SUSTANCIAS ESTUPEFACIENTES O PSICOTROPICAS Y/O MEDICAMENTOS.",CHOQUE POSTERIOR,AUTOMOVIL,2,0,0,0,0,0,0,0,0,0,0,0,0,2,66,HOMBRE,ILESO,CONDUCTOR PRESENTE,NO,SI,0
16400,52190,52191,2018,1,0,-0.254415,-78.522299,PICHINCHA,QUITO,QUITO,URBANA,2018-12-01,11:45:00,11,SABADO,6,DICIEMBRE,12,NO,DEJAR O RECOGER PASAJEROS EN LUGARES NO PERMITIDOS.,CAIDA DE PASAJERO,BUS,0,0,1,0,0,0,0,0,0,0,0,0,0,1,71,HOMBRE,LESIONADO,PASAJERO,NO,NO,0
16401,52192,52193,2018,2,0,-0.169472,-78.488356,PICHINCHA,QUITO,QUITO,URBANA,2018-12-01,12:15:00,12,SABADO,6,DICIEMBRE,12,NO,"CONDUCIR DESATENTO A LAS CONDICIONES DE TRANSITO (CELULAR, PANTALLAS DE VIDEO, COMIDA, MAQUILLAJE O CUALQUIER OTRO ELEMENTO DISTRACTOR).",ATROPELLOS,CAMIONETA,0,0,0,0,1,0,0,0,0,0,0,0,0,1,21,HOMBRE,LESIONADO,PEATON,NO,NO,0
16402,52199,52200,2018,0,0,-0.176466,-78.485731,PICHINCHA,QUITO,QUITO,URBANA,2018-12-01,13:36:00,13,SABADO,6,DICIEMBRE,12,NO,"NO RESPETAR LAS SENIALES REGLAMENTARIAS DE TRANSITO. (PARE, CEDA EL PASO, LUZ ROJA DEL SEMAFORO, ETC).",CHOQUE LATERAL,AUTOMOVIL,1,0,0,1,0,0,0,0,0,0,0,0,0,2,44,MUJER,ILESO,CONDUCTOR PRESENTE,NO,NO,0
16403,52204,52205,2018,4,0,-0.085894,-78.510717,PICHINCHA,QUITO,QUITO,URBANA,2018-12-01,15:00:00,15,SABADO,6,DICIEMBRE,12,NO,CONDUCIR VEHICULO SUPERANDO LOS LIMITES MAXIMOS DE VELOCIDAD.,PERDIDA DE PISTA,CAMIONETA,0,0,0,0,1,0,0,0,0,0,0,0,0,1,38,HOMBRE,LESIONADO,PASAJERO,NO,NO,0
16404,52207,52208,2018,0,0,-0.128693,-78.471214,PICHINCHA,QUITO,QUITO,URBANA,2018-12-01,15:50:00,15,SABADO,6,DICIEMBRE,12,NO,"CONDUCE BAJO LA INFLUENCIA DE ALCOHOL, SUSTANCIAS ESTUPEFACIENTES O PSICOTROPICAS Y/O MEDICAMENTOS.",COLISION,AUTOMOVIL,2,0,0,0,0,0,0,0,0,1,0,0,0,3,58,HOMBRE,ILESO,CONDUCTOR PRESENTE,NO,NO,0
16405,52208,52209,2018,1,0,-0.010846,-78.317649,PICHINCHA,PEDRO MONCAYO,TOCACHI,RURAL,2018-12-01,15:50:00,15,SABADO,6,DICIEMBRE,12,NO,"CONDUCIR DESATENTO A LAS CONDICIONES DE TRANSITO (CELULAR, PANTALLAS DE VIDEO, COMIDA, MAQUILLAJE O CUALQUIER OTRO ELEMENTO DISTRACTOR).",PERDIDA DE CARRIL,ESPECIAL,0,0,0,0,0,0,1,0,0,0,0,0,0,1,29,MUJER,LESIONADO,CONDUCTOR PRESENTE,NO,NO,3
16406,52210,52211,2018,0,0,-0.201475,-78.428447,PICHINCHA,QUITO,CUMBAYA,RURAL,2018-12-01,16:00:00,16,SABADO,6,DICIEMBRE,12,NO,"CONDUCE BAJO LA INFLUENCIA DE ALCOHOL, SUSTANCIAS ESTUPEFACIENTES O PSICOTROPICAS Y/O MEDICAMENTOS.",ROZAMIENTOS,AUTOMOVIL,2,0,0,0,0,0,0,0,0,0,0,0,0,2,25,HOMBRE,ILESO,CONDUCTOR PRESENTE,NO,NO,3
16407,52212,52213,2018,1,0,-0.281001,-78.544758,PICHINCHA,QUITO,QUITO,URBANA,2018-12-01,16:40:00,16,SABADO,6,DICIEMBRE,12,NO,CONDUCIR VEHICULO SUPERANDO LOS LIMITES MAXIMOS DE VELOCIDAD.,ESTRELLAMIENTOS,BICICLETA,0,1,0,0,0,0,0,0,0,1,0,0,0,2,14,HOMBRE,LESIONADO,PASAJERO,NO,NO,0
16408,52216,52217,2018,0,0,-0.156429,-78.491356,PICHINCHA,QUITO,QUITO,URBANA,2018-12-01,18:00:00,18,SABADO,6,DICIEMBRE,12,NO,NO MANTENER LA DISTANCIA PRUDENCIAL CON RESPECTO AL VEHICULO QUE LE ANTECEDE.,CHOQUE POSTERIOR,AUTOMOVIL,1,0,0,0,0,0,0,0,0,1,0,0,0,2,41,MUJER,ILESO,CONDUCTOR PRESENTE,NO,NO,0
16409,52220,52221,2018,1,0,-0.244219,-78.484903,PICHINCHA,QUITO,QUITO,URBANA,2018-12-01,19:00:00,19,SABADO,6,DICIEMBRE,12,NO,CONDUCIR VEHICULO SUPERANDO LOS LIMITES MAXIMOS DE VELOCIDAD.,PERDIDA DE PISTA,MOTOCICLETA,0,0,0,0,0,0,0,0,1,0,0,0,0,1,30,HOMBRE,LESIONADO,CONDUCTOR PRESENTE,NO,NO,0
16410,52224,52225,2018,1,0,-0.276503,-78.552856,PICHINCHA,QUITO,QUITO,URBANA,2018-12-01,19:30:00,19,SABADO,6,DICIEMBRE,12,NO,PEATON QUE CRUZA LA CALZADA SIN RESPETAR LA SENIALIZACION EXISTENTE (SEMAFOROS O SENIALES MANUALES).,ATROPELLOS,NO IDENTIFICADO,0,0,0,0,0,0,0,0,0,1,0,0,0,1,37,MUJER,LESIONADO,PEATON,NO,NO,0
16411,52225,52226,2018,1,0,-0.292168,-78.543986,PICHINCHA,QUITO,QUITO,URBANA,2018-12-01,20:04:00,20,SABADO,6,DICIEMBRE,12,NO,"CONDUCE BAJO LA INFLUENCIA DE ALCOHOL, SUSTANCIAS ESTUPEFACIENTES O PSICOTROPICAS Y/O MEDICAMENTOS.",CHOQUE POSTERIOR,MOTOCICLETA,1,0,0,0,0,0,0,0,1,0,0,0,0,2,23,HOMBRE,LESIONADO,CONDUCTOR PRESENTE,NO,NO,0
16412,52226,52227,2018,0,0,-0.144999,-78.483721,PICHINCHA,QUITO,QUITO,RURAL,2018-12-01,20:15:00,20,SABADO,6,DICIEMBRE,12,NO,CONDUCIR VEHICULO SUPERANDO LOS LIMITES MAXIMOS DE VELOCIDAD.,ESTRELLAMIENTOS,CAMIONETA,0,0,0,0,1,0,0,0,0,1,0,0,0,2,20,HOMBRE,ILESO,CONDUCTOR PRESENTE,NO,NO,3
16413,52228,52229,2018,0,0,-0.294301,-78.464289,PICHINCHA,QUITO,CONOCOTO,RURAL,2018-12-01,21:30:00,21,SABADO,6,DICIEMBRE,12,NO,REALIZAR CAMBIO BRUSCO O INDEBIDO DE CARRIL.,CHOQUE POSTERIOR,AUTOMOVIL,2,0,0,0,0,0,0,0,0,0,0,0,0,2,39,HOMBRE,ILESO,CONDUCTOR PRESENTE,NO,NO,3
16414,52237,52238,2018,1,0,0.051142,-78.145153,PICHINCHA,CAYAMBE,CAYAMBE,RURAL,2018-12-01,23:30:00,23,SABADO,6,DICIEMBRE,12,NO,"CONDUCE BAJO LA INFLUENCIA DE ALCOHOL, SUSTANCIAS ESTUPEFACIENTES O PSICOTROPICAS Y/O MEDICAMENTOS.",CHOQUE LATERAL,AUTOMOVIL,1,0,0,0,0,0,0,0,0,0,0,0,1,2,54,HOMBRE,LESIONADO,CONDUCTOR PRESENTE,SI,SI,3
16415,52238,52239,2018,0,0,-0.254429,-78.530641,PICHINCHA,QUITO,QUITO,URBANA,2018-12-01,23:30:00,23,SABADO,6,DICIEMBRE,12,NO,CONDUCIR VEHICULO SUPERANDO LOS LIMITES MAXIMOS DE VELOCIDAD.,PERDIDA DE CARRIL,MOTOCICLETA,0,0,0,0,0,0,0,0,1,0,0,0,0,1,26,HOMBRE,ILESO,PASAJERO,NO,NO,0
16416,52240,52241,2018,0,0,-0.275053,-78.540441,PICHINCHA,QUITO,QUITO,URBANA,2018-12-01,23:40:00,23,SABADO,6,DICIEMBRE,12,NO,"CONDUCE BAJO LA INFLUENCIA DE ALCOHOL, SUSTANCIAS ESTUPEFACIENTES O PSICOTROPICAS Y/O MEDICAMENTOS.",COLISION,AUTOMOVIL,2,0,0,0,0,0,0,0,0,1,0,0,0,3,31,HOMBRE,ILESO,CONDUCTOR PRESENTE,NO,NO,0
16417,52242,52243,2018,0,0,-0.075381,-78.462914,PICHINCHA,QUITO,QUITO,URBANA,2018-12-02,00:30:00,0,DOMINGO,7,DICIEMBRE,12,NO,"CONDUCIR DESATENTO A LAS CONDICIONES DE TRANSITO (CELULAR, PANTALLAS DE VIDEO, COMIDA, MAQUILLAJE O CUALQUIER OTRO ELEMENTO DISTRACTOR).",ESTRELLAMIENTOS,AUTOMOVIL,1,0,0,0,0,0,0,0,0,0,0,0,0,1,38,MUJER,ILESO,CONDUCTOR PRESENTE,NO,NO,0
16418,52251,52252,2018,1,0,-0.283245,-78.543921,PICHINCHA,QUITO,QUITO,URBANA,2018-12-02,02:30:00,2,DOMINGO,7,DICIEMBRE,12,NO,"CONDUCIR EN ESTADO DE SOMNOLENCIA O MALAS CONDICIONES FISICAS (SUENIO, CANSANCIO Y FATIGA).",CHOQUE POSTERIOR,AUTOMOVIL,1,0,0,0,0,0,0,0,0,0,0,0,0,1,20,HOMBRE,LESIONADO,PASAJERO,NO,NO,0
16419,52254,52255,2018,2,0,-0.156429,-78.491356,PICHINCHA,QUITO,QUITO,URBANA,2018-12-02,03:02:00,3,DOMINGO,7,DICIEMBRE,12,NO,"CONDUCIR EN ESTADO DE SOMNOLENCIA O MALAS CONDICIONES FISICAS (SUENIO, CANSANCIO Y FATIGA).",CHOQUE LATERAL,NO IDENTIFICADO,0,0,0,0,0,0,0,0,0,1,0,0,0,1,20,MUJER,LESIONADO,PASAJERO,NO,NO,0
16420,52256,52257,2018,0,0,-0.102216,-78.490121,PICHINCHA,QUITO,QUITO,URBANA,2018-12-02,03:35:00,3,DOMINGO,7,DICIEMBRE,12,NO,"CONDUCIR EN ESTADO DE SOMNOLENCIA O MALAS CONDICIONES FISICAS (SUENIO, CANSANCIO Y FATIGA).",ESTRELLAMIENTOS,AUTOMOVIL,1,0,0,0,0,0,0,0,0,0,0,0,0,1,35,HOMBRE,ILESO,CONDUCTOR PRESENTE,NO,NO,0
16421,52258,52259,2018,0,0,-0.266334,-78.544051,PICHINCHA,QUITO,QUITO,URBANA,2018-12-02,04:15:00,4,DOMINGO,7,DICIEMBRE,12,NO,"CONDUCE BAJO LA INFLUENCIA DE ALCOHOL, SUSTANCIAS ESTUPEFACIENTES O PSICOTROPICAS Y/O MEDICAMENTOS.",CHOQUE LATERAL,AUTOMOVIL,2,0,0,0,0,0,0,0,0,0,0,0,0,2,49,HOMBRE,ILESO,CONDUCTOR PRESENTE,NO,NO,0
16422,52259,52260,2018,3,0,-0.308006,-78.559416,PICHINCHA,QUITO,QUITO,URBANA,2018-12-02,04:25:00,4,DOMINGO,7,DICIEMBRE,12,NO,"CONDUCIR EN ESTADO DE SOMNOLENCIA O MALAS CONDICIONES FISICAS (SUENIO, CANSANCIO Y FATIGA).",CHOQUE FRONTAL,CAMIONETA,1,0,0,0,1,0,0,0,0,0,0,0,0,2,-1,HOMBRE,LESIONADO,PASAJERO,NO,NO,0
16423,52261,52262,2018,0,0,-0.272987,-78.547114,PICHINCHA,QUITO,QUITO,URBANA,2018-12-02,04:30:00,4,DOMINGO,7,DICIEMBRE,12,NO,CONDUCIR VEHICULO SUPERANDO LOS LIMITES MAXIMOS DE VELOCIDAD.,ESTRELLAMIENTOS,AUTOMOVIL,1,0,0,0,0,0,0,0,0,0,0,0,0,1,-1,NO IDENTIFICADO,NO IDENTIFICADO,CONDUCTOR AUSENTE,NO,NO,2
16424,52262,52263,2018,0,1,-0.212328,-78.426698,PICHINCHA,QUITO,CUMBAYA,RURAL,2018-12-02,04:35:00,4,DOMINGO,7,DICIEMBRE,12,NO,"CONDUCIR DESATENTO A LAS CONDICIONES DE TRANSITO (CELULAR, PANTALLAS DE VIDEO, COMIDA, MAQUILLAJE O CUALQUIER OTRO ELEMENTO DISTRACTOR).",PERDIDA DE CARRIL,MOTOCICLETA,0,0,0,0,0,0,0,0,1,0,0,0,0,1,26,HOMBRE,FALLECIDO,CONDUCTOR PRESENTE,NO,NO,3
16425,52264,52265,2018,0,0,-0.262814,-78.538043,PICHINCHA,QUITO,QUITO,URBANA,2018-12-02,04:55:00,4,DOMINGO,7,DICIEMBRE,12,NO,"CONDUCIR DESATENTO A LAS CONDICIONES DE TRANSITO (CELULAR, PANTALLAS DE VIDEO, COMIDA, MAQUILLAJE O CUALQUIER OTRO ELEMENTO DISTRACTOR).",ESTRELLAMIENTOS,AUTOMOVIL,2,0,0,0,0,0,0,0,0,0,0,0,0,2,22,HOMBRE,ILESO,CONDUCTOR PRESENTE,NO,NO,0