,Unnamed: 0,ID,ANIO,LESIONADOS,FALLECIDOS,LATITUD_Y,LONGITUD_X,PROVINCIA,CANTON,PARROQUIA,ZONA,FECHA,HORA,PERIODO_2,DIA_1,DIA_2,MES_1,MES_2,FERIADO,CAUSA_PROBABLE,TIPO_DE_SINIESTRO,TIPO_DE_VEHICULO_1,AUTOMOVIL,BICICLETA,BUS,CAMION,CAMIONETA,EMERGENCIAS,ESPECIAL,FURGONETA,MOTOCICLETA,NO_IDENTIFICADO,SCOOTER_ELECTRICO,TRICIMOTO,VEHICULO_DEPORTIVO_UTILITARIO,SUMA_DE_VEHICULOS,EDAD_1,SEXO_1,CONDICION_1,PARTICIPANTE_1,CASCO_1,CINTURON_1,KMeans_Cluster
16539,52661,52662,2018,1,0,-0.243721,-78.543389,PICHINCHA,QUITO,QUITO,URBANA,2018-12-07,11:29:00,11,VIERNES,5,DICIEMBRE,12,NO,CONDUCIR VEHICULO SUPERANDO LOS LIMITES MAXIMOS DE VELOCIDAD.,OTROS,AUTOMOVIL,1,0,0,0,0,0,0,0,0,0,0,0,0,1,41,HOMBRE,LESIONADO,PEATON,NO,NO,0
16540,52664,52665,2018,0,0,-0.105373,-78.462381,PICHINCHA,QUITO,QUITO,RURAL,2018-12-07,12:00:00,12,VIERNES,5,DICIEMBRE,12,NO,"ADELANTAR O REBASAR A OTRO VEHICULO EN MOVIMIENTO EN ZONAS O SITIOS PELIGROSOS TALES COMO: CURVAS, PUENTES, TUNELES, PENDIENTES, ETC.",ROZAMIENTOS,AUTOMOVIL,2,0,0,0,0,0,0,0,0,0,0,0,0,2,23,HOMBRE,ILESO,CONDUCTOR PRESENTE,NO,NO,3
16541,52680,52681,2018,2,0,-0.121216,-78.480212,PICHINCHA,QUITO,QUITO,URBANA,2018-12-07,17:00:00,17,VIERNES,5,DICIEMBRE,12,NO,"ADELANTAR O REBASAR A OTRO VEHICULO EN MOVIMIENTO EN ZONAS O SITIOS PELIGROSOS TALES COMO: CURVAS, PUENTES, TUNELES, PENDIENTES, ETC.",ESTRELLAMIENTOS,MOTOCICLETA,0,0,0,0,0,0,0,0,1,0,0,0,0,1,21,HOMBRE,LESIONADO,PASAJERO,NO,NO,0
16542,52685,52686,2018,2,0,-0.199767,-78.428809,PICHINCHA,QUITO,CUMBAYA,RURAL,2018-12-07,18:10:00,18,VIERNES,5,DICIEMBRE,12,NO,"CONDUCE BAJO LA INFLUENCIA DE ALCOHOL, SUSTANCIAS ESTUPEFACIENTES O PSICOTROPICAS Y/O MEDICAMENTOS.",VOLCAMIENTOS,MOTOCICLETA,0,0,0,0,0,0,0,0,1,0,0,0,0,1,19,HOMBRE,LESIONADO,CONDUCTOR PRESENTE,NO,NO,3
16543,52688,52689,2018,0,0,-0.186432,-78.509038,PICHINCHA,QUITO,QUITO,URBANA,2018-12-07,18:35:00,18,VIERNES,5,DICIEMBRE,12,NO,"CONDUCE BAJO LA INFLUENCIA DE ALCOHOL, SUSTANCIAS ESTUPEFACIENTES O PSICOTROPICAS Y/O MEDICAMENTOS.",ROZAMIENTOS,FURGONETA,1,0,0,0,0,0,0,1,0,0,0,0,0,2,41,HOMBRE,ILESO,CONDUCTOR PRESENTE,NO,NO,0
16544,52700,52701,2018,0,0,-0.188211,-78.516441,PICHINCHA,QUITO,QUITO,URBANA,2018-12-07,20:45:00,20,VIERNES,5,DICIEMBRE,12,NO,"CONDUCE BAJO LA INFLUENCIA DE ALCOHOL, SUSTANCIAS ESTUPEFACIENTES O PSICOTROPICAS Y/O MEDICAMENTOS.",CHOQUE LATERAL,AUTOMOVIL,2,0,0,0,0,0,0,0,0,0,0,0,0,2,77,HOMBRE,ILESO,CONDUCTOR PRESENTE,NO,NO,0
16545,52701,52702,2018,1,0,-0.440807,-78.725606,PICHINCHA,MEJIA,MANUEL CORNEJO ASTORGA,RURAL,2018-12-07,21:30:00,21,VIERNES,5,DICIEMBRE,12,NO,"CONDUCIR DESATENTO A LAS CONDICIONES DE TRANSITO (CELULAR, PANTALLAS DE VIDEO, COMIDA, MAQUILLAJE O CUALQUIER OTRO ELEMENTO DISTRACTOR).",CHOQUE FRONTAL,AUTOMOVIL,1,0,1,0,0,0,0,0,0,0,0,0,0,2,49,HOMBRE,LESIONADO,CONDUCTOR PRESENTE,NO,SI,3
16546,52704,52705,2018,0,0,-0.212824,-78.402686,PICHINCHA,QUITO,TUMBACO,RURAL,2018-12-07,22:45:00,22,VIERNES,5,DICIEMBRE,12,NO,REALIZAR CAMBIO BRUSCO O INDEBIDO DE CARRIL.,ESTRELLAMIENTOS,AUTOMOVIL,2,0,0,0,0,0,0,0,0,0,0,0,0,2,25,HOMBRE,ILESO,CONDUCTOR PRESENTE,NO,NO,3
16547,52705,52706,2018,0,0,-0.133668,-78.501945,PICHINCHA,QUITO,QUITO,URBANA,2018-12-07,22:50:00,22,VIERNES,5,DICIEMBRE,12,NO,"NO RESPETAR LAS SENIALES REGLAMENTARIAS DE TRANSITO. (PARE, CEDA EL PASO, LUZ ROJA DEL SEMAFORO, ETC).",CHOQUE LATERAL,AUTOMOVIL,2,0,0,0,0,0,0,0,0,0,0,0,0,2,55,HOMBRE,ILESO,CONDUCTOR PRESENTE,NO,NO,0
16548,52708,52709,2018,1,0,-0.235617,-78.518966,PICHINCHA,QUITO,QUITO,URBANA,2018-12-07,23:40:00,23,VIERNES,5,DICIEMBRE,12,NO,"PRESENCIA DE AGENTES EXTERNOS EN LA VIA (AGUA, ACEITE, PIEDRA, LASTRE, ESCOMBROS, MADEROS, ETC.).",PERDIDA DE CARRIL,MOTOCICLETA,0,0,0,0,0,0,0,0,1,0,0,0,0,1,27,HOMBRE,LESIONADO,PASAJERO,NO,NO,0
16549,52710,52711,2018,0,0,-0.322594,-78.464386,PICHINCHA,RUMINIAHUI,SANGOLQUI,RURAL,2018-12-08,00:30:00,0,SABADO,6,DICIEMBRE,12,NO,NO MANTENER LA DISTANCIA PRUDENCIAL CON RESPECTO AL VEHICULO QUE LE ANTECEDE.,ESTRELLAMIENTOS,CAMIONETA,0,0,0,0,1,0,0,0,0,0,0,0,0,1,38,HOMBRE,ILESO,CONDUCTOR PRESENTE,NO,SI,3
16550,52725,52726,2018,3,0,-0.141429,-78.482885,PICHINCHA,QUITO,QUITO,URBANA,2018-12-08,04:00:00,4,SABADO,6,DICIEMBRE,12,NO,"CONDUCIR EN ESTADO DE SOMNOLENCIA O MALAS CONDICIONES FISICAS (SUENIO, CANSANCIO Y FATIGA).",ESTRELLAMIENTOS,AUTOMOVIL,1,0,0,0,0,0,0,0,0,0,0,0,0,1,26,HOMBRE,LESIONADO,PASAJERO,NO,NO,0
16551,52726,52727,2018,0,0,-0.144701,-78.483489,PICHINCHA,QUITO,QUITO,URBANA,2018-12-08,04:15:00,4,SABADO,6,DICIEMBRE,12,NO,"CONDUCE BAJO LA INFLUENCIA DE ALCOHOL, SUSTANCIAS ESTUPEFACIENTES O PSICOTROPICAS Y/O MEDICAMENTOS.",ESTRELLAMIENTOS,CAMIONETA,1,0,0,0,1,0,0,0,0,0,0,0,0,2,22,HOMBRE,ILESO,CONDUCTOR PRESENTE,NO,NO,0
16552,52728,52729,2018,2,0,-0.367521,-78.550876,PICHINCHA,MEJIA,CUTUGLAHUA,RURAL,2018-12-08,05:00:00,5,SABADO,6,DICIEMBRE,12,NO,"CONDUCIR DESATENTO A LAS CONDICIONES DE TRANSITO (CELULAR, PANTALLAS DE VIDEO, COMIDA, MAQUILLAJE O CUALQUIER OTRO ELEMENTO DISTRACTOR).",VOLCAMIENTOS,CAMIONETA,0,0,0,0,1,0,0,0,0,0,0,0,0,1,3,MUJER,LESIONADO,PASAJERO,NO,SI,3
16553,52732,52733,2018,0,0,-0.092941,-78.488337,PICHINCHA,QUITO,QUITO,RURAL,2018-12-08,06:45:00,6,SABADO,6,DICIEMBRE,12,NO,NO GUARDAR LA DISTANCIA LATERAL MINIMA DE SEGURIDAD ENTRE VEHICULOS.,CHOQUE LATERAL,MOTOCICLETA,1,0,0,0,0,0,0,0,1,0,0,0,0,2,66,HOMBRE,ILESO,CONDUCTOR PRESENTE,NO,SI,3
16554,52736,52737,2018,1,0,-0.105373,-78.462381,PICHINCHA,QUITO,QUITO,RURAL,2018-12-08,07:50:00,7,SABADO,6,DICIEMBRE,12,NO,"CONDUCE BAJO LA INFLUENCIA DE ALCOHOL, SUSTANCIAS ESTUPEFACIENTES O PSICOTROPICAS Y/O MEDICAMENTOS.",CHOQUE POSTERIOR,AUTOMOVIL,2,0,0,0,0,0,0,0,0,0,0,0,0,2,26,HOMBRE,LESIONADO,CONDUCTOR PRESENTE,NO,NO,3
16555,52738,52739,2018,1,0,0.013382,-78.482126,PICHINCHA,QUITO,SAN ANTONIO (QUITO),RURAL,2018-12-08,08:45:00,8,SABADO,6,DICIEMBRE,12,NO,NO MANTENER LA DISTANCIA PRUDENCIAL CON RESPECTO AL VEHICULO QUE LE ANTECEDE.,ATROPELLOS,CAMIONETA,0,0,0,0,1,0,0,0,0,0,0,0,0,1,35,MUJER,LESIONADO,PEATON,NO,SI,3
16556,52742,52743,2018,1,0,-0.158253,-78.482563,PICHINCHA,QUITO,QUITO,URBANA,2018-12-08,10:05:00,10,SABADO,6,DICIEMBRE,12,NO,"NO RESPETAR LAS SENIALES REGLAMENTARIAS DE TRANSITO. (PARE, CEDA EL PASO, LUZ ROJA DEL SEMAFORO, ETC).",CHOQUE LATERAL,BICICLETA,0,1,0,0,0,0,0,0,0,1,0,0,0,2,29,HOMBRE,LESIONADO,CONDUCTOR PRESENTE,NO,NO,0
16557,52751,52752,2018,1,0,-0.288739,-78.349528,PICHINCHA,QUITO,PIFO,RURAL,2018-12-08,13:00:00,13,SABADO,6,DICIEMBRE,12,NO,NO MANTENER LA DISTANCIA PRUDENCIAL CON RESPECTO AL VEHICULO QUE LE ANTECEDE.,PERDIDA DE PISTA,MOTOCICLETA,0,0,0,0,0,0,0,0,1,0,0,0,1,2,34,HOMBRE,LESIONADO,CONDUCTOR PRESENTE,NO,SI,3
16558,52757,52758,2018,0,0,-0.212824,-78.402686,PICHINCHA,QUITO,TUMBACO,RURAL,2018-12-08,13:40:00,13,SABADO,6,DICIEMBRE,12,NO,"CONDUCIR EN ESTADO DE SOMNOLENCIA O MALAS CONDICIONES FISICAS (SUENIO, CANSANCIO Y FATIGA).",ESTRELLAMIENTOS,AUTOMOVIL,1,0,0,0,0,0,0,0,0,0,0,0,0,1,-1,NO IDENTIFICADO,NO IDENTIFICADO,CONDUCTOR AUSENTE,NO,NO,2
16559,52758,52759,2018,0,0,-0.341441,-78.553149,PICHINCHA,QUITO,QUITO,URBANA,2018-12-08,13:45:00,13,SABADO,6,DICIEMBRE,12,NO,"CONDUCE BAJO LA INFLUENCIA DE ALCOHOL, SUSTANCIAS ESTUPEFACIENTES O PSICOTROPICAS Y/O MEDICAMENTOS.",CHOQUE LATERAL,AUTOMOVIL,2,0,0,0,0,0,0,0,0,0,0,0,0,2,25,MUJER,ILESO,CONDUCTOR PRESENTE,NO,NO,0
16560,52759,52760,2018,2,0,-0.197104,-78.484664,PICHINCHA,QUITO,QUITO,URBANA,2018-12-08,13:45:00,13,SABADO,6,DICIEMBRE,12,NO,"NO RESPETAR LAS SENIALES REGLAMENTARIAS DE TRANSITO. (PARE, CEDA EL PASO, LUZ ROJA DEL SEMAFORO, ETC).",CHOQUE LATERAL,MOTOCICLETA,0,0,0,0,1,0,0,0,1,0,0,0,0,2,43,HOMBRE,LESIONADO,PASAJERO,NO,NO,0
16561,52760,52761,2018,1,0,-0.228923,-78.448498,PICHINCHA,QUITO,CUMBAYA,RURAL,2018-12-08,14:30:00,14,SABADO,6,DICIEMBRE,12,NO,NO TRANSITAR POR LAS ACERAS O ZONAS DE SEGURIDAD DESTINADAS PARA EL EFECTO.,ATROPELLOS,MOTOCICLETA,0,0,0,0,0,0,0,0,1,0,0,0,0,1,9,MUJER,LESIONADO,PEATON,NO,NO,3
16562,52766,52767,2018,1,0,-0.219653,-78.485514,PICHINCHA,QUITO,QUITO,URBANA,2018-12-08,17:00:00,17,SABADO,6,DICIEMBRE,12,NO,NO TRANSITAR POR LAS ACERAS O ZONAS DE SEGURIDAD DESTINADAS PARA EL EFECTO.,ATROPELLOS,NO IDENTIFICADO,0,0,0,0,0,0,0,0,0,1,0,0,0,1,18,HOMBRE,LESIONADO,PEATON,NO,NO,0
16563,52768,52769,2018,1,0,-0.219003,-78.499066,PICHINCHA,QUITO,QUITO,URBANA,2018-12-08,18:15:00,18,SABADO,6,DICIEMBRE,12,NO,NO TRANSITAR POR LAS ACERAS O ZONAS DE SEGURIDAD DESTINADAS PARA EL EFECTO.,ATROPELLOS,CAMIONETA,0,0,0,0,1,0,0,0,0,0,0,0,0,1,18,MUJER,LESIONADO,PEATON,NO,NO,0
16564,52770,52771,2018,1,0,-0.075399,-78.465819,PICHINCHA,QUITO,QUITO,URBANA,2018-12-08,18:36:00,18,SABADO,6,DICIEMBRE,12,NO,NO CEDER EL DERECHO DE VIA O PREFERENCIA DE PASO AL PEATON.,ARROLLAMIENTOS,NO IDENTIFICADO,0,0,0,0,0,0,0,0,0,1,0,0,0,1,46,MUJER,LESIONADO,PEATON,NO,NO,0
16565,52774,52775,2018,0,0,-0.318073,-78.485227,PICHINCHA,QUITO,CONOCOTO,RURAL,2018-12-08,19:00:00,19,SABADO,6,DICIEMBRE,12,NO,NO MANTENER LA DISTANCIA PRUDENCIAL CON RESPECTO AL VEHICULO QUE LE ANTECEDE.,CHOQUE POSTERIOR,AUTOMOVIL,1,0,0,0,0,0,0,0,0,0,0,0,0,1,22,HOMBRE,ILESO,CONDUCTOR PRESENTE,NO,NO,3
16566,52789,52790,2018,0,0,-0.235401,-78.514713,PICHINCHA,QUITO,QUITO,URBANA,2018-12-08,21:00:00,21,SABADO,6,DICIEMBRE,12,NO,"NO RESPETAR LAS SENIALES REGLAMENTARIAS DE TRANSITO. (PARE, CEDA EL PASO, LUZ ROJA DEL SEMAFORO, ETC).",CHOQUE LATERAL,AUTOMOVIL,1,0,0,0,0,0,0,0,0,0,0,0,0,1,49,HOMBRE,ILESO,CONDUCTOR PRESENTE,NO,NO,0
16567,52800,52801,2018,0,0,-0.185829,-78.334755,PICHINCHA,QUITO,YARUQUI,RURAL,2018-12-08,23:40:00,23,SABADO,6,DICIEMBRE,12,NO,NO CEDER EL DERECHO DE VIA O PREFERENCIA DE PASO AL PEATON.,PERDIDA DE CARRIL,CAMION,0,0,0,1,0,0,0,0,0,0,0,0,0,1,41,HOMBRE,ILESO,CONDUCTOR PRESENTE,NO,SI,3
16568,52813,52814,2018,0,0,-0.358481,-78.480353,PICHINCHA,QUITO,AMAGUANIA,RURAL,2018-12-09,02:06:00,2,DOMINGO,7,DICIEMBRE,12,NO,"CONDUCIR EN ESTADO DE SOMNOLENCIA O MALAS CONDICIONES FISICAS (SUENIO, CANSANCIO Y FATIGA).",ESTRELLAMIENTOS,AUTOMOVIL,1,0,0,0,0,0,0,0,0,0,0,0,0,1,-1,NO IDENTIFICADO,NO IDENTIFICADO,CONDUCTOR AUSENTE,NO,NO,2
16569,52816,52817,2018,1,0,-0.247146,-78.537085,PICHINCHA,QUITO,QUITO,URBANA,2018-12-09,02:30:00,2,DOMINGO,7,DICIEMBRE,12,NO,"CONDUCE BAJO LA INFLUENCIA DE ALCOHOL, SUSTANCIAS ESTUPEFACIENTES O PSICOTROPICAS Y/O MEDICAMENTOS.",ATROPELLOS,FURGONETA,0,0,0,0,0,0,0,1,0,0,0,0,0,1,28,HOMBRE,LESIONADO,PEATON,NO,NO,0
16570,52817,52818,2018,1,0,-0.184458,-78.488952,PICHINCHA,QUITO,QUITO,URBANA,2018-12-09,02:55:00,2,DOMINGO,7,DICIEMBRE,12,NO,NO TRANSITAR POR LAS ACERAS O ZONAS DE SEGURIDAD DESTINADAS PARA EL EFECTO.,ATROPELLOS,CAMIONETA,0,0,0,0,1,0,0,0,0,0,0,0,0,1,23,HOMBRE,LESIONADO,PEATON,NO,NO,0
16571,52824,52825,2018,0,0,-0.297764,-78.562933,PICHINCHA,QUITO,QUITO,URBANA,2018-12-09,04:10:00,4,DOMINGO,7,DICIEMBRE,12,NO,"CONDUCIR EN ESTADO DE SOMNOLENCIA O MALAS CONDICIONES FISICAS (SUENIO, CANSANCIO Y FATIGA).",ESTRELLAMIENTOS,AUTOMOVIL,1,0,0,0,0,0,0,0,0,0,0,0,0,1,-1,NO IDENTIFICADO,NO IDENTIFICADO,CONDUCTOR AUSENTE,NO,NO,2
16572,52834,52835,2018,0,0,-0.171632,-78.484776,PICHINCHA,QUITO,QUITO,URBANA,2018-12-09,05:30:00,5,DOMINGO,7,DICIEMBRE,12,NO,REALIZAR CAMBIO BRUSCO O INDEBIDO DE CARRIL.,CHOQUE LATERAL,AUTOMOVIL,1,0,0,0,1,0,0,0,0,0,0,0,0,2,30,HOMBRE,ILESO,CONDUCTOR PRESENTE,NO,NO,0
16573,52841,52842,2018,1,0,-0.240751,-78.529367,PICHINCHA,QUITO,QUITO,URBANA,2018-12-09,07:54:00,7,DOMINGO,7,DICIEMBRE,12,NO,"NO RESPETAR LAS SENIALES REGLAMENTARIAS DE TRANSITO. (PARE, CEDA EL PASO, LUZ ROJA DEL SEMAFORO, ETC).",OTROS,NO IDENTIFICADO,0,0,0,0,0,0,0,0,0,1,0,0,0,1,26,HOMBRE,LESIONADO,CONDUCTOR PRESENTE,NO,NO,0
16574,52873,52874,2018,0,0,-0.336417,-78.434243,PICHINCHA,RUMINIAHUI,SANGOLQUI,RURAL,2018-12-09,18:20:00,18,DOMINGO,7,DICIEMBRE,12,NO,"CONDUCE BAJO LA INFLUENCIA DE ALCOHOL, SUSTANCIAS ESTUPEFACIENTES O PSICOTROPICAS Y/O MEDICAMENTOS.",CHOQUE FRONTAL,VEHICULO DEPORTIVO UTILITARIO,1,0,0,0,0,0,0,0,0,0,0,0,1,2,28,HOMBRE,ILESO,CONDUCTOR PRESENTE,SI,SI,3
16575,52874,52875,2018,1,0,-0.070288,-78.403337,PICHINCHA,QUITO,CALDERON (CARAPUNGO),RURAL,2018-12-09,18:33:00,18,DOMINGO,7,DICIEMBRE,12,NO,CONDUCIR VEHICULO SUPERANDO LOS LIMITES MAXIMOS DE VELOCIDAD.,VOLCAMIENTOS,AUTOMOVIL,1,0,0,0,0,0,0,0,0,0,0,0,0,1,34,MUJER,LESIONADO,CONDUCTOR PRESENTE,NO,NO,3
16576,52879,52880,2018,1,0,-0.212605,-78.485078,PICHINCHA,QUITO,QUITO,URBANA,2018-12-09,19:40:00,19,DOMINGO,7,DICIEMBRE,12,NO,NO CEDER EL DERECHO DE VIA O PREFERENCIA DE PASO A VEHICULOS.,ROZAMIENTOS,AUTOMOVIL,1,0,0,0,0,0,0,0,0,0,0,0,0,1,32,MUJER,LESIONADO,PASAJERO,NO,NO,0
16577,52881,52882,2018,0,0,-0.232321,-78.484491,PICHINCHA,QUITO,QUITO,URBANA,2018-12-09,20:10:00,20,DOMINGO,7,DICIEMBRE,12,NO,REALIZAR CAMBIO BRUSCO O INDEBIDO DE CARRIL.,CHOQUE POSTERIOR,AUTOMOVIL,2,0,0,0,0,0,0,0,0,0,0,0,0,2,34,MUJER,ILESO,CONDUCTOR PRESENTE,NO,NO,0
16578,52892,52893,2018,0,0,-0.182732,-78.450882,PICHINCHA,QUITO,NAYON,URBANA,2018-12-10,00:50:00,0,LUNES,1,DICIEMBRE,12,NO,CONDUCIR VEHICULO SUPERANDO LOS LIMITES MAXIMOS DE VELOCIDAD.,ESTRELLAMIENTOS,AUTOMOVIL,1,0,0,0,0,0,0,0,0,0,0,0,0,1,40,HOMBRE,ILESO,PASAJERO,NO,NO,0
16579,52893,52894,2018,4,0,-0.150419,-78.484182,PICHINCHA,QUITO,QUITO,URBANA,2018-12-10,01:30:00,1,LUNES,1,DICIEMBRE,12,NO,"NO RESPETAR LAS SENIALES REGLAMENTARIAS DE TRANSITO. (PARE, CEDA EL PASO, LUZ ROJA DEL SEMAFORO, ETC).",CHOQUE LATERAL,AUTOMOVIL,2,0,0,0,0,0,0,0,0,0,0,0,0,2,8,MUJER,LESIONADO,PASAJERO,NO,NO,0
16580,52894,52895,2018,0,1,-0.251319,-78.521366,PICHINCHA,QUITO,QUITO,URBANA,2018-12-10,03:00:00,3,LUNES,1,DICIEMBRE,12,NO,NO TRANSITAR POR LAS ACERAS O ZONAS DE SEGURIDAD DESTINADAS PARA EL EFECTO.,ATROPELLOS,NO IDENTIFICADO,0,0,0,0,0,0,0,0,0,1,0,0,0,1,42,HOMBRE,FALLECIDO,PEATON,NO,NO,0
16581,52897,52898,2018,6,0,-0.064083,-78.433951,PICHINCHA,QUITO,CALDERON (CARAPUNGO),RURAL,2018-12-10,06:00:00,6,LUNES,1,DICIEMBRE,12,NO,NO CEDER EL DERECHO DE VIA O PREFERENCIA DE PASO A VEHICULOS.,CHOQUE LATERAL,CAMION,0,0,1,1,0,0,0,0,0,0,0,0,0,2,52,HOMBRE,LESIONADO,PASAJERO,NO,NO,3
16582,52900,52901,2018,2,0,-0.187427,-78.494273,PICHINCHA,QUITO,QUITO,URBANA,2018-12-10,07:15:00,7,LUNES,1,DICIEMBRE,12,NO,NO MANTENER LA DISTANCIA PRUDENCIAL CON RESPECTO AL VEHICULO QUE LE ANTECEDE.,CHOQUE POSTERIOR,MOTOCICLETA,1,0,0,0,0,0,0,0,1,0,0,0,0,2,84,HOMBRE,LESIONADO,PASAJERO,NO,NO,0
16583,52914,52915,2018,1,0,-0.194205,-78.482069,PICHINCHA,QUITO,QUITO,URBANA,2018-12-10,10:05:00,10,LUNES,1,DICIEMBRE,12,NO,REALIZAR CAMBIO BRUSCO O INDEBIDO DE CARRIL.,PERDIDA DE PISTA,MOTOCICLETA,0,0,0,0,0,0,0,0,1,0,0,0,0,1,50,HOMBRE,LESIONADO,CONDUCTOR PRESENTE,NO,NO,0
16584,52915,52916,2018,0,0,-0.147073,-78.481192,PICHINCHA,QUITO,QUITO,URBANA,2018-12-10,10:10:00,10,LUNES,1,DICIEMBRE,12,NO,"NO RESPETAR LAS SENIALES REGLAMENTARIAS DE TRANSITO. (PARE, CEDA EL PASO, LUZ ROJA DEL SEMAFORO, ETC).",CHOQUE LATERAL,AUTOMOVIL,2,0,0,0,0,0,0,0,0,0,0,0,0,2,32,HOMBRE,ILESO,CONDUCTOR PRESENTE,NO,NO,0
16585,52916,52917,2018,2,0,-0.141429,-78.482885,PICHINCHA,QUITO,QUITO,URBANA,2018-12-10,10:20:00,10,LUNES,1,DICIEMBRE,12,NO,NO CEDER EL DERECHO DE VIA O PREFERENCIA DE PASO AL PEATON.,ATROPELLOS,CAMION,0,0,0,1,0,0,0,0,0,0,0,0,0,1,22,MUJER,LESIONADO,PEATON,NO,NO,0
16586,52918,52919,2018,3,0,-0.191742,-78.493332,PICHINCHA,QUITO,QUITO,URBANA,2018-12-10,11:30:00,11,LUNES,1,DICIEMBRE,12,NO,"NO RESPETAR LAS SENIALES REGLAMENTARIAS DE TRANSITO. (PARE, CEDA EL PASO, LUZ ROJA DEL SEMAFORO, ETC).",CHOQUE LATERAL,AUTOMOVIL,1,0,1,0,0,0,0,0,0,0,0,0,0,2,49,HOMBRE,LESIONADO,CONDUCTOR PRESENTE,NO,NO,0
16587,52921,52922,2018,0,0,-0.284776,-78.551904,PICHINCHA,QUITO,QUITO,URBANA,2018-12-10,12:00:00,12,LUNES,1,DICIEMBRE,12,NO,REALIZAR CAMBIO BRUSCO O INDEBIDO DE CARRIL.,CHOQUE LATERAL,AUTOMOVIL,1,0,0,0,1,0,0,0,0,0,0,0,0,2,23,HOMBRE,ILESO,CONDUCTOR PRESENTE,NO,NO,0
16588,52923,52924,2018,1,0,-0.233331,-78.490789,PICHINCHA,QUITO,QUITO,URBANA,2018-12-10,12:40:00,12,LUNES,1,DICIEMBRE,12,NO,CONDUCIR VEHICULO SUPERANDO LOS LIMITES MAXIMOS DE VELOCIDAD.,ESTRELLAMIENTOS,CAMIONETA,0,0,0,0,1,0,0,0,0,0,0,0,0,1,63,MUJER,LESIONADO,CONDUCTOR PRESENTE,NO,NO,0
16589,52931,52932,2018,1,0,-0.149645,-78.475892,PICHINCHA,QUITO,QUITO,URBANA,2018-12-10,14:30:00,14,LUNES,1,DICIEMBRE,12,NO,"NO RESPETAR LAS SENIALES REGLAMENTARIAS DE TRANSITO. (PARE, CEDA EL PASO, LUZ ROJA DEL SEMAFORO, ETC).",CHOQUE LATERAL,MOTOCICLETA,1,0,0,0,0,0,0,0,1,0,0,0,0,2,26,HOMBRE,LESIONADO,CONDUCTOR PRESENTE,SI,NO,0
16590,52945,52946,2018,1,0,0.096971,-78.189422,PICHINCHA,PEDRO MONCAYO,TUPIGACHI,RURAL,2018-12-10,17:00:00,17,LUNES,1,DICIEMBRE,12,NO,NO GUARDAR LA DISTANCIA LATERAL MINIMA DE SEGURIDAD ENTRE VEHICULOS.,CHOQUE LATERAL,CAMION,0,0,0,2,0,0,0,0,0,0,0,0,0,2,21,HOMBRE,LESIONADO,CONDUCTOR PRESENTE,NO,SI,3
16591,52949,52950,2018,1,0,-0.123641,-78.503127,PICHINCHA,QUITO,QUITO,URBANA,2018-12-10,17:55:00,17,LUNES,1,DICIEMBRE,12,NO,REALIZAR CAMBIO BRUSCO O INDEBIDO DE CARRIL.,CHOQUE LATERAL,MOTOCICLETA,1,0,0,0,0,0,0,0,1,0,0,0,0,2,20,HOMBRE,LESIONADO,CONDUCTOR PRESENTE,NO,NO,0
16592,52960,52961,2018,0,0,-0.334251,-78.422036,PICHINCHA,RUMINIAHUI,SANGOLQUI,RURAL,2018-12-10,20:00:00,20,LUNES,1,DICIEMBRE,12,NO,"CONDUCE BAJO LA INFLUENCIA DE ALCOHOL, SUSTANCIAS ESTUPEFACIENTES O PSICOTROPICAS Y/O MEDICAMENTOS.",ESTRELLAMIENTOS,CAMIONETA,0,0,0,0,1,0,0,0,0,0,0,0,0,1,21,HOMBRE,ILESO,CONDUCTOR PRESENTE,SI,SI,3
16593,52974,52975,2018,0,1,0.006686,-78.299964,PICHINCHA,PEDRO MONCAYO,TOCACHI,RURAL,2018-12-11,04:10:00,4,MARTES,2,DICIEMBRE,12,NO,NO CEDER EL DERECHO DE VIA O PREFERENCIA DE PASO AL PEATON.,ESTRELLAMIENTOS,CAMION,0,0,0,1,0,0,0,0,0,0,0,0,0,1,38,HOMBRE,FALLECIDO,CONDUCTOR PRESENTE,NO,SI,3
16594,52975,52976,2018,4,0,-0.187808,-78.444336,PICHINCHA,QUITO,NAYON,RURAL,2018-12-11,06:45:00,6,MARTES,2,DICIEMBRE,12,NO,NO MANTENER LA DISTANCIA PRUDENCIAL CON RESPECTO AL VEHICULO QUE LE ANTECEDE.,COLISION,AUTOMOVIL,2,0,0,0,1,0,0,0,0,0,0,0,0,3,26,MUJER,LESIONADO,PASAJERO,NO,NO,3
16595,52978,52979,2018,0,0,-0.122992,-78.491678,PICHINCHA,QUITO,QUITO,URBANA,2018-12-11,07:10:00,7,MARTES,2,DICIEMBRE,12,NO,"NO RESPETAR LAS SENIALES REGLAMENTARIAS DE TRANSITO. (PARE, CEDA EL PASO, LUZ ROJA DEL SEMAFORO, ETC).",CHOQUE LATERAL,AUTOMOVIL,2,0,0,0,0,0,0,0,0,0,0,0,0,2,54,MUJER,ILESO,CONDUCTOR PRESENTE,NO,NO,0