,Unnamed: 0,ID,ANIO,LESIONADOS,FALLECIDOS,LATITUD_Y,LONGITUD_X,PROVINCIA,CANTON,PARROQUIA,ZONA,FECHA,HORA,PERIODO_2,DIA_1,DIA_2,MES_1,MES_2,FERIADO,CAUSA_PROBABLE,TIPO_DE_SINIESTRO,TIPO_DE_VEHICULO_1,AUTOMOVIL,BICICLETA,BUS,CAMION,CAMIONETA,EMERGENCIAS,ESPECIAL,FURGONETA,MOTOCICLETA,NO_IDENTIFICADO,SCOOTER_ELECTRICO,TRICIMOTO,VEHICULO_DEPORTIVO_UTILITARIO,SUMA_DE_VEHICULOS,EDAD_1,SEXO_1,CONDICION_1,PARTICIPANTE_1,CASCO_1,CINTURON_1,KMeans_Cluster
16596,52982,52983,2018,2,0,-0.331642,-78.555122,PICHINCHA,QUITO,QUITO,URBANA,2018-12-11,08:00:00,8,MARTES,2,DICIEMBRE,12,NO,"ADELANTAR O REBASAR A OTRO VEHICULO EN MOVIMIENTO EN ZONAS O SITIOS PELIGROSOS TALES COMO: CURVAS, PUENTES, TUNELES, PENDIENTES, ETC.",CHOQUE FRONTAL,BUS,0,0,1,0,0,0,0,0,1,0,0,0,0,2,21,MUJER,LESIONADO,PASAJERO,NO,NO,0
16597,52984,52985,2018,1,0,-0.197826,-78.466466,PICHINCHA,QUITO,QUITO,RURAL,2018-12-11,08:50:00,8,MARTES,2,DICIEMBRE,12,NO,REALIZAR CAMBIO BRUSCO O INDEBIDO DE CARRIL.,OTROS,MOTOCICLETA,0,0,0,0,0,0,0,0,1,0,0,0,0,1,19,HOMBRE,LESIONADO,CONDUCTOR PRESENTE,NO,NO,3
16598,52986,52987,2018,1,0,-0.172253,-78.492394,PICHINCHA,QUITO,QUITO,URBANA,2018-12-11,09:00:00,9,MARTES,2,DICIEMBRE,12,NO,NO CEDER EL DERECHO DE VIA O PREFERENCIA DE PASO AL PEATON.,ATROPELLOS,NO IDENTIFICADO,0,0,0,0,0,0,0,0,0,1,0,0,0,1,62,HOMBRE,LESIONADO,PEATON,NO,NO,0
16599,52992,52993,2018,0,0,-0.223531,-78.512399,PICHINCHA,QUITO,QUITO,URBANA,2018-12-11,12:40:00,12,MARTES,2,DICIEMBRE,12,NO,"NO RESPETAR LAS SENIALES REGLAMENTARIAS DE TRANSITO. (PARE, CEDA EL PASO, LUZ ROJA DEL SEMAFORO, ETC).",CHOQUE LATERAL,CAMIONETA,0,0,1,0,1,0,0,0,0,0,0,0,0,2,41,HOMBRE,ILESO,CONDUCTOR PRESENTE,NO,NO,0
16600,52995,52996,2018,0,0,-0.276157,-78.552913,PICHINCHA,QUITO,QUITO,URBANA,2018-12-11,14:10:00,14,MARTES,2,DICIEMBRE,12,NO,"NO RESPETAR LAS SENIALES REGLAMENTARIAS DE TRANSITO. (PARE, CEDA EL PASO, LUZ ROJA DEL SEMAFORO, ETC).",CHOQUE LATERAL,CAMIONETA,1,0,0,1,1,0,0,0,0,0,0,0,0,3,43,HOMBRE,ILESO,CONDUCTOR PRESENTE,NO,NO,0
16601,52996,52997,2018,1,0,-0.340212,-78.549313,PICHINCHA,QUITO,QUITO,URBANA,2018-12-11,14:45:00,14,MARTES,2,DICIEMBRE,12,NO,DEJAR O RECOGER PASAJEROS EN LUGARES NO PERMITIDOS.,CAIDA DE PASAJERO,NO IDENTIFICADO,0,0,0,0,0,0,0,0,0,1,0,0,0,1,52,MUJER,LESIONADO,PASAJERO,NO,NO,0
16602,53006,53007,2018,1,0,-0.317898,-78.535609,PICHINCHA,QUITO,QUITO,URBANA,2018-12-11,17:25:00,17,MARTES,2,DICIEMBRE,12,NO,"NO RESPETAR LAS SENIALES REGLAMENTARIAS DE TRANSITO. (PARE, CEDA EL PASO, LUZ ROJA DEL SEMAFORO, ETC).",COLISION,BUS,0,0,1,0,1,0,0,0,1,0,0,0,0,3,34,HOMBRE,LESIONADO,CONDUCTOR PRESENTE,NO,NO,0
16603,53010,53011,2018,0,0,-0.204569,-78.495231,PICHINCHA,QUITO,QUITO,URBANA,2018-12-11,18:45:00,18,MARTES,2,DICIEMBRE,12,NO,NO MANTENER LA DISTANCIA PRUDENCIAL CON RESPECTO AL VEHICULO QUE LE ANTECEDE.,CHOQUE POSTERIOR,AUTOMOVIL,2,0,0,0,0,0,0,0,0,0,0,0,0,2,27,HOMBRE,ILESO,CONDUCTOR PRESENTE,NO,NO,0
16604,53016,53017,2018,0,0,-0.290691,-78.519442,PICHINCHA,QUITO,QUITO,URBANA,2018-12-11,20:30:00,20,MARTES,2,DICIEMBRE,12,NO,NO MANTENER LA DISTANCIA PRUDENCIAL CON RESPECTO AL VEHICULO QUE LE ANTECEDE.,COLISION,CAMIONETA,1,0,0,0,1,0,0,1,0,0,0,0,0,3,7,HOMBRE,ILESO,PASAJERO,NO,NO,0
16605,53021,53022,2018,0,0,-0.315061,-78.558299,PICHINCHA,QUITO,QUITO,URBANA,2018-12-11,22:45:00,22,MARTES,2,DICIEMBRE,12,NO,"CONDUCE BAJO LA INFLUENCIA DE ALCOHOL, SUSTANCIAS ESTUPEFACIENTES O PSICOTROPICAS Y/O MEDICAMENTOS.",COLISION,AUTOMOVIL,2,0,0,0,1,0,0,0,0,0,0,0,0,3,30,HOMBRE,ILESO,CONDUCTOR PRESENTE,NO,NO,0
16606,53024,53025,2018,1,0,-0.117893,-78.358046,PICHINCHA,QUITO,TABABELA,RURAL,2018-12-12,00:50:00,0,MIERCOLES,3,DICIEMBRE,12,NO,"ADELANTAR O REBASAR A OTRO VEHICULO EN MOVIMIENTO EN ZONAS O SITIOS PELIGROSOS TALES COMO: CURVAS, PUENTES, TUNELES, PENDIENTES, ETC.",CHOQUE FRONTAL,MOTOCICLETA,1,0,0,0,0,0,0,0,1,0,0,0,0,2,31,HOMBRE,LESIONADO,CONDUCTOR PRESENTE,NO,NO,3
16607,53027,53028,2018,0,0,-0.153303,-78.484482,PICHINCHA,QUITO,QUITO,URBANA,2018-12-12,02:50:00,2,MIERCOLES,3,DICIEMBRE,12,NO,CONDUCIR VEHICULO SUPERANDO LOS LIMITES MAXIMOS DE VELOCIDAD.,ESTRELLAMIENTOS,AUTOMOVIL,1,0,0,0,0,0,0,0,0,0,0,0,0,1,-1,NO IDENTIFICADO,NO IDENTIFICADO,CONDUCTOR AUSENTE,NO,NO,2
16608,53028,53029,2018,0,0,-0.163294,-78.462564,PICHINCHA,QUITO,QUITO,URBANA,2018-12-12,06:20:00,6,MIERCOLES,3,DICIEMBRE,12,NO,"ADELANTAR O REBASAR A OTRO VEHICULO EN MOVIMIENTO EN ZONAS O SITIOS PELIGROSOS TALES COMO: CURVAS, PUENTES, TUNELES, PENDIENTES, ETC.",OTROS,CAMIONETA,0,0,0,0,2,0,0,0,0,0,0,0,0,2,44,HOMBRE,ILESO,CONDUCTOR PRESENTE,NO,NO,0
16609,53033,53034,2018,1,0,-0.097032,-78.428081,PICHINCHA,QUITO,CALDERON (CARAPUNGO),RURAL,2018-12-12,07:50:00,7,MIERCOLES,3,DICIEMBRE,12,NO,"ADELANTAR O REBASAR A OTRO VEHICULO EN MOVIMIENTO EN ZONAS O SITIOS PELIGROSOS TALES COMO: CURVAS, PUENTES, TUNELES, PENDIENTES, ETC.",ROZAMIENTOS,BICICLETA,1,1,0,0,0,0,0,0,0,0,0,0,0,2,69,HOMBRE,LESIONADO,CONDUCTOR PRESENTE,NO,NO,3
16610,53035,53036,2018,1,0,-0.181249,-78.505204,PICHINCHA,QUITO,QUITO,URBANA,2018-12-12,08:10:00,8,MIERCOLES,3,DICIEMBRE,12,NO,NO CEDER EL DERECHO DE VIA O PREFERENCIA DE PASO AL PEATON.,ATROPELLOS,NO IDENTIFICADO,0,0,0,0,0,0,0,0,0,1,0,0,0,1,27,MUJER,LESIONADO,PEATON,NO,NO,0
16611,53041,53042,2018,1,0,-0.175725,-78.487568,PICHINCHA,QUITO,QUITO,URBANA,2018-12-12,11:18:00,11,MIERCOLES,3,DICIEMBRE,12,NO,REALIZAR CAMBIO BRUSCO O INDEBIDO DE CARRIL.,CHOQUE LATERAL,AUTOMOVIL,1,0,0,0,0,0,0,0,1,0,0,0,0,2,45,HOMBRE,LESIONADO,CONDUCTOR PRESENTE,NO,NO,0
16612,53043,53044,2018,3,0,0.089512,-78.312306,PICHINCHA,PEDRO MONCAYO,MALCHINGUI,RURAL,2018-12-12,12:00:00,12,MIERCOLES,3,DICIEMBRE,12,NO,"CONDUCIR DESATENTO A LAS CONDICIONES DE TRANSITO (CELULAR, PANTALLAS DE VIDEO, COMIDA, MAQUILLAJE O CUALQUIER OTRO ELEMENTO DISTRACTOR).",PERDIDA DE CARRIL,AUTOMOVIL,1,0,0,0,0,0,0,0,0,0,0,0,0,1,22,HOMBRE,LESIONADO,PASAJERO,NO,NO,3
16613,53047,53048,2018,0,0,-0.212824,-78.402686,PICHINCHA,QUITO,TUMBACO,RURAL,2018-12-12,12:30:00,12,MIERCOLES,3,DICIEMBRE,12,NO,"NO RESPETAR LAS SENIALES REGLAMENTARIAS DE TRANSITO. (PARE, CEDA EL PASO, LUZ ROJA DEL SEMAFORO, ETC).",OTROS,CAMION,0,0,0,1,0,0,0,0,0,0,0,0,0,1,-1,NO IDENTIFICADO,NO IDENTIFICADO,CONDUCTOR AUSENTE,NO,NO,2
16614,53048,53049,2018,1,0,-0.176062,-78.483762,PICHINCHA,QUITO,QUITO,URBANA,2018-12-12,12:50:00,12,MIERCOLES,3,DICIEMBRE,12,NO,NO CEDER EL DERECHO DE VIA O PREFERENCIA DE PASO AL PEATON.,ATROPELLOS,AUTOMOVIL,1,0,0,0,0,0,0,0,0,0,0,0,0,1,11,MUJER,LESIONADO,PEATON,NO,NO,0
16615,53053,53054,2018,0,0,-0.219758,-78.509106,PICHINCHA,QUITO,QUITO,URBANA,2018-12-12,14:25:00,14,MIERCOLES,3,DICIEMBRE,12,NO,"CONDUCIR DESATENTO A LAS CONDICIONES DE TRANSITO (CELULAR, PANTALLAS DE VIDEO, COMIDA, MAQUILLAJE O CUALQUIER OTRO ELEMENTO DISTRACTOR).",ESTRELLAMIENTOS,CAMION,0,0,0,1,0,0,0,0,0,0,0,0,0,1,52,HOMBRE,ILESO,CONDUCTOR PRESENTE,NO,NO,0
16616,53067,53068,2018,0,0,-0.255892,-78.514324,PICHINCHA,QUITO,QUITO,URBANA,2018-12-12,20:40:00,20,MIERCOLES,3,DICIEMBRE,12,NO,"CONDUCE BAJO LA INFLUENCIA DE ALCOHOL, SUSTANCIAS ESTUPEFACIENTES O PSICOTROPICAS Y/O MEDICAMENTOS.",CHOQUE FRONTAL,FURGONETA,1,0,0,0,0,0,0,1,0,0,0,0,0,2,59,HOMBRE,ILESO,CONDUCTOR PRESENTE,NO,NO,0
16617,53073,53074,2018,1,0,-0.245712,-78.534177,PICHINCHA,QUITO,QUITO,URBANA,2018-12-13,00:00:00,0,JUEVES,4,DICIEMBRE,12,NO,NO CEDER EL DERECHO DE VIA O PREFERENCIA DE PASO AL PEATON.,ATROPELLOS,NO IDENTIFICADO,0,0,0,0,0,0,0,0,0,1,0,0,0,1,24,HOMBRE,LESIONADO,PEATON,NO,NO,0
16618,53079,53080,2018,0,1,-0.589095,-78.600626,PICHINCHA,MEJIA,ALOASI,RURAL,2018-12-13,04:10:00,4,JUEVES,4,DICIEMBRE,12,NO,"CONDUCIR DESATENTO A LAS CONDICIONES DE TRANSITO (CELULAR, PANTALLAS DE VIDEO, COMIDA, MAQUILLAJE O CUALQUIER OTRO ELEMENTO DISTRACTOR).",CHOQUE POSTERIOR,CAMION,0,0,0,1,0,0,0,0,0,0,0,0,0,1,25,HOMBRE,FALLECIDO,PASAJERO,NO,SI,3
16619,53082,53083,2018,1,0,0.057714,-78.142532,PICHINCHA,CAYAMBE,CAYAMBE,RURAL,2018-12-13,05:50:00,5,JUEVES,4,DICIEMBRE,12,NO,"CONDUCE BAJO LA INFLUENCIA DE ALCOHOL, SUSTANCIAS ESTUPEFACIENTES O PSICOTROPICAS Y/O MEDICAMENTOS.",CHOQUE FRONTAL,CAMION,1,0,0,1,0,0,0,0,0,0,0,0,0,2,34,HOMBRE,LESIONADO,CONDUCTOR PRESENTE,SI,SI,3
16620,53087,53088,2018,2,0,-0.243255,-78.508901,PICHINCHA,QUITO,QUITO,URBANA,2018-12-13,06:55:00,6,JUEVES,4,DICIEMBRE,12,NO,"CONDUCIR DESATENTO A LAS CONDICIONES DE TRANSITO (CELULAR, PANTALLAS DE VIDEO, COMIDA, MAQUILLAJE O CUALQUIER OTRO ELEMENTO DISTRACTOR).",ESTRELLAMIENTOS,FURGONETA,0,0,0,0,0,0,0,1,0,0,0,0,0,1,18,MUJER,LESIONADO,PASAJERO,NO,NO,0
16621,53090,53091,2018,1,0,-0.279811,-78.561479,PICHINCHA,QUITO,QUITO,URBANA,2018-12-13,07:10:00,7,JUEVES,4,DICIEMBRE,12,NO,REALIZAR CAMBIO BRUSCO O INDEBIDO DE CARRIL.,CHOQUE LATERAL,MOTOCICLETA,1,0,0,0,0,0,0,0,1,0,0,0,0,2,24,HOMBRE,LESIONADO,CONDUCTOR PRESENTE,NO,NO,0
16622,53092,53093,2018,1,0,-0.162271,-78.481593,PICHINCHA,QUITO,QUITO,URBANA,2018-12-13,07:52:00,7,JUEVES,4,DICIEMBRE,12,NO,NO CEDER EL DERECHO DE VIA O PREFERENCIA DE PASO A VEHICULOS.,CHOQUE LATERAL,AUTOMOVIL,1,0,0,0,0,0,0,0,1,0,0,0,0,2,33,HOMBRE,LESIONADO,CONDUCTOR PRESENTE,NO,NO,0
16623,53093,53094,2018,2,0,-0.155854,-78.488672,PICHINCHA,QUITO,QUITO,URBANA,2018-12-13,08:10:00,8,JUEVES,4,DICIEMBRE,12,NO,PEATON QUE CRUZA LA CALZADA SIN RESPETAR LA SENIALIZACION EXISTENTE (SEMAFOROS O SENIALES MANUALES).,ATROPELLOS,MOTOCICLETA,0,0,0,0,0,0,0,0,1,0,0,0,0,1,47,MUJER,LESIONADO,PEATON,NO,NO,0
16624,53101,53102,2018,1,0,-0.160525,-78.470927,PICHINCHA,QUITO,QUITO,URBANA,2018-12-13,11:25:00,11,JUEVES,4,DICIEMBRE,12,NO,CONDUCIR VEHICULO SUPERANDO LOS LIMITES MAXIMOS DE VELOCIDAD.,CHOQUE LATERAL,NO IDENTIFICADO,0,0,0,0,0,0,0,0,0,1,0,0,0,1,35,HOMBRE,LESIONADO,CONDUCTOR PRESENTE,NO,NO,0
16625,53110,53111,2018,0,0,-0.201693,-78.482921,PICHINCHA,QUITO,QUITO,URBANA,2018-12-13,15:20:00,15,JUEVES,4,DICIEMBRE,12,NO,REALIZAR CAMBIO BRUSCO O INDEBIDO DE CARRIL.,CHOQUE LATERAL,MOTOCICLETA,1,0,0,0,0,0,0,0,1,0,0,0,0,2,33,HOMBRE,ILESO,CONDUCTOR PRESENTE,NO,NO,0
16626,53111,53112,2018,0,0,-0.299688,-78.451396,PICHINCHA,QUITO,ALANGASI,RURAL,2018-12-13,15:25:00,15,JUEVES,4,DICIEMBRE,12,NO,"NO RESPETAR LAS SENIALES REGLAMENTARIAS DE TRANSITO. (PARE, CEDA EL PASO, LUZ ROJA DEL SEMAFORO, ETC).",ESTRELLAMIENTOS,AUTOMOVIL,1,0,0,0,0,0,0,0,0,0,0,0,0,1,22,HOMBRE,ILESO,CONDUCTOR PRESENTE,NO,NO,3
16627,53113,53114,2018,0,0,-0.279286,-78.523551,PICHINCHA,QUITO,QUITO,URBANA,2018-12-13,17:00:00,17,JUEVES,4,DICIEMBRE,12,NO,"ADELANTAR O REBASAR A OTRO VEHICULO EN MOVIMIENTO EN ZONAS O SITIOS PELIGROSOS TALES COMO: CURVAS, PUENTES, TUNELES, PENDIENTES, ETC.",CHOQUE FRONTAL,CAMION,0,0,0,1,0,0,0,0,0,1,0,0,0,2,43,HOMBRE,ILESO,CONDUCTOR PRESENTE,NO,NO,0
16628,53114,53115,2018,2,0,-0.120424,-78.415686,PICHINCHA,QUITO,CALDERON (CARAPUNGO),RURAL,2018-12-13,17:00:00,17,JUEVES,4,DICIEMBRE,12,NO,"CONDUCE BAJO LA INFLUENCIA DE ALCOHOL, SUSTANCIAS ESTUPEFACIENTES O PSICOTROPICAS Y/O MEDICAMENTOS.",ESTRELLAMIENTOS,CAMIONETA,1,0,0,0,1,0,0,0,0,0,0,0,0,2,56,HOMBRE,LESIONADO,PASAJERO,NO,NO,3
16629,53125,53126,2018,0,1,0.034205,-78.146321,PICHINCHA,CAYAMBE,CAYAMBE,RURAL,2018-12-13,21:48:00,21,JUEVES,4,DICIEMBRE,12,NO,NO MANTENER LA DISTANCIA PRUDENCIAL CON RESPECTO AL VEHICULO QUE LE ANTECEDE.,ARROLLAMIENTOS,NO IDENTIFICADO,0,0,0,0,0,0,0,0,0,1,0,0,0,1,5,HOMBRE,FALLECIDO,PEATON,NO,SI,3
16630,53129,53130,2018,1,0,-0.326116,-78.557718,PICHINCHA,QUITO,QUITO,URBANA,2018-12-13,22:45:00,22,JUEVES,4,DICIEMBRE,12,NO,"CONDUCE BAJO LA INFLUENCIA DE ALCOHOL, SUSTANCIAS ESTUPEFACIENTES O PSICOTROPICAS Y/O MEDICAMENTOS.",CHOQUE POSTERIOR,FURGONETA,1,0,0,0,0,0,0,1,0,0,0,0,0,2,37,MUJER,LESIONADO,PASAJERO,NO,NO,0
16631,53130,53131,2018,0,0,-0.199639,-78.483157,PICHINCHA,QUITO,QUITO,URBANA,2018-12-13,22:50:00,22,JUEVES,4,DICIEMBRE,12,NO,"NO RESPETAR LAS SENIALES REGLAMENTARIAS DE TRANSITO. (PARE, CEDA EL PASO, LUZ ROJA DEL SEMAFORO, ETC).",CHOQUE LATERAL,AUTOMOVIL,2,0,0,0,0,0,0,0,0,0,0,0,0,2,65,HOMBRE,ILESO,CONDUCTOR PRESENTE,NO,NO,0
16632,53131,53132,2018,0,0,-0.283576,-78.535479,PICHINCHA,QUITO,QUITO,URBANA,2018-12-13,23:15:00,23,JUEVES,4,DICIEMBRE,12,NO,"CONDUCIR EN ESTADO DE SOMNOLENCIA O MALAS CONDICIONES FISICAS (SUENIO, CANSANCIO Y FATIGA).",ESTRELLAMIENTOS,NO IDENTIFICADO,0,0,0,0,0,0,0,0,0,1,0,0,0,1,-1,NO IDENTIFICADO,NO IDENTIFICADO,CONDUCTOR AUSENTE,NO,NO,2
16633,53132,53133,2018,0,0,-0.210251,-78.480648,PICHINCHA,QUITO,QUITO,URBANA,2018-12-13,23:15:00,23,JUEVES,4,DICIEMBRE,12,NO,NO GUARDAR LA DISTANCIA LATERAL MINIMA DE SEGURIDAD ENTRE VEHICULOS.,ESTRELLAMIENTOS,AUTOMOVIL,2,0,0,0,0,0,0,0,0,0,0,0,0,2,58,HOMBRE,ILESO,CONDUCTOR PRESENTE,NO,NO,0
16634,53140,53141,2018,2,0,-0.195771,-78.484198,PICHINCHA,QUITO,QUITO,URBANA,2018-12-14,04:10:00,4,VIERNES,5,DICIEMBRE,12,NO,NO CEDER EL DERECHO DE VIA O PREFERENCIA DE PASO A VEHICULOS.,CHOQUE LATERAL,FURGONETA,1,0,0,0,0,0,0,1,0,0,0,0,0,2,51,MUJER,LESIONADO,PASAJERO,NO,NO,0
16635,53145,53146,2018,1,0,-0.297277,-78.541321,PICHINCHA,QUITO,QUITO,URBANA,2018-12-14,07:00:00,7,VIERNES,5,DICIEMBRE,12,NO,REALIZAR CAMBIO BRUSCO O INDEBIDO DE CARRIL.,CHOQUE LATERAL,MOTOCICLETA,0,0,0,0,0,0,0,0,1,1,0,0,0,2,19,HOMBRE,LESIONADO,CONDUCTOR PRESENTE,NO,NO,0
16636,53146,53147,2018,32,0,-0.280054,-78.461311,PICHINCHA,QUITO,CONOCOTO,RURAL,2018-12-14,07:00:00,7,VIERNES,5,DICIEMBRE,12,NO,"FALLA MECANICA EN LOS SISTEMAS Y/O NEUMATICOS (SISTEMA DE FRENOS, DIRECCION, ELECTRONICO O MECANICO).",CHOQUE POSTERIOR,CAMIONETA,3,0,1,0,1,0,0,0,0,0,0,0,0,5,-1,HOMBRE,LESIONADO,PASAJERO,NO,NO,3
16637,53147,53148,2018,1,0,-0.100914,-78.421811,PICHINCHA,QUITO,CALDERON (CARAPUNGO),RURAL,2018-12-14,07:05:00,7,VIERNES,5,DICIEMBRE,12,NO,NO CEDER EL DERECHO DE VIA O PREFERENCIA DE PASO A VEHICULOS.,CHOQUE LATERAL,MOTOCICLETA,0,0,0,1,0,0,0,0,1,0,0,0,0,2,21,HOMBRE,LESIONADO,CONDUCTOR PRESENTE,NO,NO,3
16638,53158,53159,2018,0,0,-0.292253,-78.544063,PICHINCHA,QUITO,QUITO,URBANA,2018-12-14,12:10:00,12,VIERNES,5,DICIEMBRE,12,NO,"CONDUCIR DESATENTO A LAS CONDICIONES DE TRANSITO (CELULAR, PANTALLAS DE VIDEO, COMIDA, MAQUILLAJE O CUALQUIER OTRO ELEMENTO DISTRACTOR).",ESTRELLAMIENTOS,CAMIONETA,1,0,0,0,1,0,0,0,0,0,0,0,0,2,-1,NO IDENTIFICADO,NO IDENTIFICADO,CONDUCTOR AUSENTE,NO,NO,2
16639,53169,53170,2018,0,0,-0.090945,-78.476083,PICHINCHA,QUITO,QUITO,URBANA,2018-12-14,16:20:00,16,VIERNES,5,DICIEMBRE,12,NO,NO MANTENER LA DISTANCIA PRUDENCIAL CON RESPECTO AL VEHICULO QUE LE ANTECEDE.,COLISION,AUTOMOVIL,2,0,0,0,1,0,0,0,0,0,0,0,0,3,44,HOMBRE,ILESO,CONDUCTOR PRESENTE,NO,NO,0
16640,53172,53173,2018,1,0,-0.163294,-78.462564,PICHINCHA,QUITO,QUITO,URBANA,2018-12-14,17:05:00,17,VIERNES,5,DICIEMBRE,12,NO,NO CEDER EL DERECHO DE VIA O PREFERENCIA DE PASO A VEHICULOS.,CHOQUE LATERAL,AUTOMOVIL,2,0,0,0,0,0,0,0,0,0,0,0,0,2,45,HOMBRE,LESIONADO,CONDUCTOR PRESENTE,NO,NO,0
16641,53175,53176,2018,0,0,-0.250641,-78.538033,PICHINCHA,QUITO,QUITO,URBANA,2018-12-14,17:35:00,17,VIERNES,5,DICIEMBRE,12,NO,NO MANTENER LA DISTANCIA PRUDENCIAL CON RESPECTO AL VEHICULO QUE LE ANTECEDE.,COLISION,BUS,2,0,1,0,0,0,0,0,0,0,0,0,0,3,27,HOMBRE,ILESO,CONDUCTOR PRESENTE,NO,NO,0
16642,53186,53187,2018,1,0,-0.269971,-78.528031,PICHINCHA,QUITO,QUITO,URBANA,2018-12-14,20:00:00,20,VIERNES,5,DICIEMBRE,12,NO,CONDUCIR VEHICULO SUPERANDO LOS LIMITES MAXIMOS DE VELOCIDAD.,VOLCAMIENTOS,NO IDENTIFICADO,0,0,0,0,0,0,0,0,0,1,0,0,0,1,24,HOMBRE,LESIONADO,PASAJERO,NO,NO,0
16643,53193,53194,2018,0,0,-0.326319,-78.539111,PICHINCHA,QUITO,QUITO,URBANA,2018-12-14,21:40:00,21,VIERNES,5,DICIEMBRE,12,NO,NO CEDER EL DERECHO DE VIA O PREFERENCIA DE PASO A VEHICULOS.,CHOQUE LATERAL,AUTOMOVIL,2,0,0,0,0,0,0,0,0,0,0,0,0,2,33,HOMBRE,ILESO,CONDUCTOR PRESENTE,NO,NO,0
16644,53194,53195,2018,0,0,-0.182254,-78.490035,PICHINCHA,QUITO,QUITO,URBANA,2018-12-14,22:07:00,22,VIERNES,5,DICIEMBRE,12,NO,"CONDUCE BAJO LA INFLUENCIA DE ALCOHOL, SUSTANCIAS ESTUPEFACIENTES O PSICOTROPICAS Y/O MEDICAMENTOS.",COLISION,AUTOMOVIL,3,0,0,0,0,0,0,0,0,0,0,0,0,3,26,HOMBRE,ILESO,CONDUCTOR PRESENTE,NO,NO,0
16645,53195,53196,2018,0,0,-0.216149,-78.508201,PICHINCHA,QUITO,QUITO,URBANA,2018-12-14,22:10:00,22,VIERNES,5,DICIEMBRE,12,NO,REALIZAR CAMBIO BRUSCO O INDEBIDO DE CARRIL.,ESTRELLAMIENTOS,CAMIONETA,0,0,0,0,1,0,0,0,0,0,0,0,0,1,29,HOMBRE,ILESO,CONDUCTOR PRESENTE,NO,NO,0
16646,53201,53202,2018,0,0,-0.289917,-78.526933,PICHINCHA,QUITO,QUITO,URBANA,2018-12-14,23:30:00,23,VIERNES,5,DICIEMBRE,12,NO,REALIZAR CAMBIO BRUSCO O INDEBIDO DE CARRIL.,PERDIDA DE CARRIL,AUTOMOVIL,1,0,0,0,0,0,0,0,0,0,0,0,0,1,-1,NO IDENTIFICADO,NO IDENTIFICADO,CONDUCTOR AUSENTE,NO,NO,2
16647,53202,53203,2018,0,0,-0.065151,-78.362633,PICHINCHA,QUITO,GUAYLLABAMBA,RURAL,2018-12-14,23:30:00,23,VIERNES,5,DICIEMBRE,12,NO,"CONDUCE BAJO LA INFLUENCIA DE ALCOHOL, SUSTANCIAS ESTUPEFACIENTES O PSICOTROPICAS Y/O MEDICAMENTOS.",ESTRELLAMIENTOS,CAMIONETA,0,0,0,0,1,0,0,0,0,0,0,0,0,1,24,HOMBRE,ILESO,CONDUCTOR PRESENTE,NO,NO,3
16648,53203,53204,2018,0,0,-0.211464,-78.419122,PICHINCHA,QUITO,TUMBACO,RURAL,2018-12-14,23:30:00,23,VIERNES,5,DICIEMBRE,12,NO,"CONDUCE BAJO LA INFLUENCIA DE ALCOHOL, SUSTANCIAS ESTUPEFACIENTES O PSICOTROPICAS Y/O MEDICAMENTOS.",CHOQUE POSTERIOR,AUTOMOVIL,2,0,0,0,0,0,0,0,0,0,0,0,0,2,50,MUJER,ILESO,CONDUCTOR PRESENTE,NO,NO,3
16649,53204,53205,2018,0,0,-0.206518,-78.494387,PICHINCHA,QUITO,QUITO,URBANA,2018-12-14,23:35:00,23,VIERNES,5,DICIEMBRE,12,NO,NO GUARDAR LA DISTANCIA LATERAL MINIMA DE SEGURIDAD ENTRE VEHICULOS.,CHOQUE LATERAL,AUTOMOVIL,2,0,0,0,0,0,0,0,0,0,0,0,0,2,51,HOMBRE,ILESO,CONDUCTOR PRESENTE,NO,NO,0
16650,53205,53206,2018,1,0,-0.242772,-78.532735,PICHINCHA,QUITO,QUITO,URBANA,2018-12-14,23:40:00,23,VIERNES,5,DICIEMBRE,12,NO,NO TRANSITAR POR LAS ACERAS O ZONAS DE SEGURIDAD DESTINADAS PARA EL EFECTO.,ATROPELLOS,NO IDENTIFICADO,0,0,0,0,0,0,0,0,0,1,0,0,0,1,30,HOMBRE,LESIONADO,PEATON,NO,NO,0
16651,53208,53209,2018,0,0,-0.224761,-78.519035,PICHINCHA,QUITO,QUITO,URBANA,2018-12-15,00:05:00,0,SABADO,6,DICIEMBRE,12,NO,"CONDUCIR DESATENTO A LAS CONDICIONES DE TRANSITO (CELULAR, PANTALLAS DE VIDEO, COMIDA, MAQUILLAJE O CUALQUIER OTRO ELEMENTO DISTRACTOR).",ESTRELLAMIENTOS,AUTOMOVIL,1,0,0,0,0,0,0,0,0,0,0,0,0,1,-1,NO IDENTIFICADO,NO IDENTIFICADO,CONDUCTOR AUSENTE,NO,NO,2
16652,53211,53212,2018,0,0,-0.158928,-78.483775,PICHINCHA,QUITO,QUITO,URBANA,2018-12-15,00:25:00,0,SABADO,6,DICIEMBRE,12,NO,"CONDUCIR EN ESTADO DE SOMNOLENCIA O MALAS CONDICIONES FISICAS (SUENIO, CANSANCIO Y FATIGA).",ESTRELLAMIENTOS,AUTOMOVIL,1,0,0,0,0,0,0,0,0,0,0,0,0,1,-1,NO IDENTIFICADO,NO IDENTIFICADO,CONDUCTOR AUSENTE,NO,NO,2