,Unnamed: 0,ID,ANIO,LESIONADOS,FALLECIDOS,LATITUD_Y,LONGITUD_X,PROVINCIA,CANTON,PARROQUIA,ZONA,FECHA,HORA,PERIODO_2,DIA_1,DIA_2,MES_1,MES_2,FERIADO,CAUSA_PROBABLE,TIPO_DE_SINIESTRO,TIPO_DE_VEHICULO_1,AUTOMOVIL,BICICLETA,BUS,CAMION,CAMIONETA,EMERGENCIAS,ESPECIAL,FURGONETA,MOTOCICLETA,NO_IDENTIFICADO,SCOOTER_ELECTRICO,TRICIMOTO,VEHICULO_DEPORTIVO_UTILITARIO,SUMA_DE_VEHICULOS,EDAD_1,SEXO_1,CONDICION_1,PARTICIPANTE_1,CASCO_1,CINTURON_1,KMeans_Cluster
16653,53212,53213,2018,0,0,-0.187388,-78.479629,PICHINCHA,QUITO,QUITO,URBANA,2018-12-15,00:25:00,0,SABADO,6,DICIEMBRE,12,NO,"CONDUCIR EN ESTADO DE SOMNOLENCIA O MALAS CONDICIONES FISICAS (SUENIO, CANSANCIO Y FATIGA).",ESTRELLAMIENTOS,AUTOMOVIL,1,0,0,0,0,0,0,0,0,0,0,0,0,1,-1,NO IDENTIFICADO,NO IDENTIFICADO,CONDUCTOR AUSENTE,NO,NO,2
16654,53216,53217,2018,0,0,-0.205542,-78.491959,PICHINCHA,QUITO,QUITO,URBANA,2018-12-15,01:35:00,1,SABADO,6,DICIEMBRE,12,NO,"CONDUCE BAJO LA INFLUENCIA DE ALCOHOL, SUSTANCIAS ESTUPEFACIENTES O PSICOTROPICAS Y/O MEDICAMENTOS.",CHOQUE LATERAL,AUTOMOVIL,2,0,0,0,0,0,0,0,0,0,0,0,0,2,23,HOMBRE,ILESO,PASAJERO,NO,NO,0
16655,53220,53221,2018,0,0,-0.199767,-78.428809,PICHINCHA,QUITO,CUMBAYA,RURAL,2018-12-15,02:15:00,2,SABADO,6,DICIEMBRE,12,NO,CONDUCIR VEHICULO SUPERANDO LOS LIMITES MAXIMOS DE VELOCIDAD.,ESTRELLAMIENTOS,CAMIONETA,0,0,0,0,1,0,0,0,0,0,0,0,0,1,58,MUJER,ILESO,CONDUCTOR PRESENTE,NO,NO,3
16656,53229,53230,2018,1,0,-0.297773,-78.524662,PICHINCHA,QUITO,QUITO,URBANA,2018-12-15,03:30:00,3,SABADO,6,DICIEMBRE,12,NO,REALIZAR CAMBIO BRUSCO O INDEBIDO DE CARRIL.,PERDIDA DE CARRIL,MOTOCICLETA,0,0,0,0,0,0,0,0,1,0,0,0,0,1,34,HOMBRE,LESIONADO,CONDUCTOR PRESENTE,NO,NO,0
16657,53233,53234,2018,2,0,-0.148997,-78.498391,PICHINCHA,QUITO,QUITO,URBANA,2018-12-15,04:20:00,4,SABADO,6,DICIEMBRE,12,NO,CONDUCIR VEHICULO SUPERANDO LOS LIMITES MAXIMOS DE VELOCIDAD.,ESTRELLAMIENTOS,AUTOMOVIL,1,0,0,0,0,0,0,0,0,0,0,0,0,1,40,MUJER,LESIONADO,PASAJERO,NO,NO,0
16658,53240,53241,2018,1,0,-0.297773,-78.524662,PICHINCHA,QUITO,QUITO,URBANA,2018-12-15,05:40:00,5,SABADO,6,DICIEMBRE,12,NO,REALIZAR CAMBIO BRUSCO O INDEBIDO DE CARRIL.,CHOQUE POSTERIOR,CAMION,1,0,0,1,0,0,0,0,0,0,0,0,0,2,28,HOMBRE,LESIONADO,PASAJERO,NO,NO,0
16659,53242,53243,2018,0,0,-0.120424,-78.415686,PICHINCHA,QUITO,CALDERON (CARAPUNGO),RURAL,2018-12-15,06:40:00,6,SABADO,6,DICIEMBRE,12,NO,"NO RESPETAR LAS SENIALES REGLAMENTARIAS DE TRANSITO. (PARE, CEDA EL PASO, LUZ ROJA DEL SEMAFORO, ETC).",ESTRELLAMIENTOS,AUTOMOVIL,1,0,0,0,0,0,0,0,0,0,0,0,0,1,-1,NO IDENTIFICADO,NO IDENTIFICADO,CONDUCTOR AUSENTE,NO,NO,2
16660,53244,53245,2018,1,0,-0.241459,-78.532168,PICHINCHA,QUITO,QUITO,URBANA,2018-12-15,07:00:00,7,SABADO,6,DICIEMBRE,12,NO,NO CEDER EL DERECHO DE VIA O PREFERENCIA DE PASO AL PEATON.,ARROLLAMIENTOS,NO IDENTIFICADO,0,0,0,0,0,0,0,0,0,1,0,0,0,1,77,MUJER,LESIONADO,PEATON,NO,NO,0
16661,53247,53248,2018,0,0,-0.257664,-78.545911,PICHINCHA,QUITO,QUITO,URBANA,2018-12-15,08:55:00,8,SABADO,6,DICIEMBRE,12,NO,"CONDUCE BAJO LA INFLUENCIA DE ALCOHOL, SUSTANCIAS ESTUPEFACIENTES O PSICOTROPICAS Y/O MEDICAMENTOS.",ESTRELLAMIENTOS,AUTOMOVIL,2,0,0,0,0,0,0,0,0,0,0,0,0,2,43,HOMBRE,ILESO,CONDUCTOR PRESENTE,NO,NO,0
16662,53253,53254,2018,1,0,-0.266101,-78.541142,PICHINCHA,QUITO,QUITO,URBANA,2018-12-15,09:55:00,9,SABADO,6,DICIEMBRE,12,NO,"CONDUCE BAJO LA INFLUENCIA DE ALCOHOL, SUSTANCIAS ESTUPEFACIENTES O PSICOTROPICAS Y/O MEDICAMENTOS.",CHOQUE FRONTAL,BICICLETA,1,1,0,0,0,0,0,0,0,0,0,0,0,2,45,HOMBRE,LESIONADO,CONDUCTOR PRESENTE,NO,NO,0
16663,53261,53262,2018,0,0,-0.248231,-78.531092,PICHINCHA,QUITO,QUITO,URBANA,2018-12-15,13:30:00,13,SABADO,6,DICIEMBRE,12,NO,"CONDUCE BAJO LA INFLUENCIA DE ALCOHOL, SUSTANCIAS ESTUPEFACIENTES O PSICOTROPICAS Y/O MEDICAMENTOS.",ESTRELLAMIENTOS,AUTOMOVIL,1,0,1,0,0,0,0,0,0,0,0,0,0,2,26,HOMBRE,ILESO,CONDUCTOR PRESENTE,NO,NO,0
16664,53262,53263,2018,1,0,-0.104185,-78.453523,PICHINCHA,QUITO,CALDERON (CARAPUNGO),RURAL,2018-12-15,13:40:00,13,SABADO,6,DICIEMBRE,12,NO,NO CEDER EL DERECHO DE VIA O PREFERENCIA DE PASO A VEHICULOS.,CHOQUE LATERAL,MOTOCICLETA,1,0,0,0,0,0,0,0,1,0,0,0,0,2,20,HOMBRE,LESIONADO,CONDUCTOR PRESENTE,NO,NO,3
16665,53265,53266,2018,1,0,-0.167794,-78.487392,PICHINCHA,QUITO,QUITO,URBANA,2018-12-15,14:10:00,14,SABADO,6,DICIEMBRE,12,NO,REALIZAR CAMBIO BRUSCO O INDEBIDO DE CARRIL.,PERDIDA DE CARRIL,NO IDENTIFICADO,0,0,0,0,0,0,0,0,0,1,0,0,0,1,22,HOMBRE,LESIONADO,PASAJERO,NO,NO,0
16666,53267,53268,2018,0,0,-0.333965,-78.522072,PICHINCHA,QUITO,QUITO,URBANA,2018-12-15,14:35:00,14,SABADO,6,DICIEMBRE,12,NO,CONDUCIR VEHICULO SUPERANDO LOS LIMITES MAXIMOS DE VELOCIDAD.,ESTRELLAMIENTOS,AUTOMOVIL,1,0,0,0,0,0,0,0,0,0,0,0,0,1,-1,NO IDENTIFICADO,NO IDENTIFICADO,CONDUCTOR AUSENTE,NO,NO,2
16667,53269,53270,2018,0,0,-0.046611,-78.340614,PICHINCHA,QUITO,GUAYLLABAMBA,RURAL,2018-12-15,15:00:00,15,SABADO,6,DICIEMBRE,12,NO,NO CEDER EL DERECHO DE VIA O PREFERENCIA DE PASO AL PEATON.,CHOQUE LATERAL,CAMIONETA,2,0,0,0,1,0,0,0,0,0,0,0,0,3,59,HOMBRE,ILESO,CONDUCTOR PRESENTE,NO,SI,3
16668,53271,53272,2018,1,0,-0.320268,-78.562253,PICHINCHA,QUITO,QUITO,URBANA,2018-12-15,15:30:00,15,SABADO,6,DICIEMBRE,12,NO,"PEATON TRANSITA BAJO INFLUENCIA DE ALCOHOL, SUSTANCIAS ESTUPEFACIENTES O PSICOTROPICAS Y/O MEDICAMENTOS.",ARROLLAMIENTOS,AUTOMOVIL,1,0,0,0,0,0,0,0,0,0,0,0,0,1,34,HOMBRE,LESIONADO,PEATON,NO,NO,0
16669,53274,53275,2018,1,0,-0.243002,-78.546123,PICHINCHA,QUITO,QUITO,URBANA,2018-12-15,16:00:00,16,SABADO,6,DICIEMBRE,12,NO,REALIZAR CAMBIO BRUSCO O INDEBIDO DE CARRIL.,CHOQUE LATERAL,AUTOMOVIL,2,0,0,0,0,0,0,0,0,0,0,0,0,2,7,MUJER,LESIONADO,PASAJERO,NO,NO,0
16670,53276,53277,2018,0,0,-0.251318,-78.508953,PICHINCHA,QUITO,QUITO,URBANA,2018-12-15,16:20:00,16,SABADO,6,DICIEMBRE,12,NO,"NO RESPETAR LAS SENIALES REGLAMENTARIAS DE TRANSITO. (PARE, CEDA EL PASO, LUZ ROJA DEL SEMAFORO, ETC).",CHOQUE LATERAL,AUTOMOVIL,2,0,0,0,0,0,0,0,0,0,0,0,0,2,27,MUJER,ILESO,PASAJERO,NO,NO,0
16671,53278,53279,2018,0,0,-0.258761,-78.525498,PICHINCHA,QUITO,QUITO,URBANA,2018-12-15,17:19:00,17,SABADO,6,DICIEMBRE,12,NO,"CONDUCE BAJO LA INFLUENCIA DE ALCOHOL, SUSTANCIAS ESTUPEFACIENTES O PSICOTROPICAS Y/O MEDICAMENTOS.",ESTRELLAMIENTOS,AUTOMOVIL,2,0,0,0,0,0,0,0,0,0,0,0,0,2,25,HOMBRE,ILESO,CONDUCTOR PRESENTE,NO,NO,0
16672,53279,53280,2018,0,0,-0.260632,-78.548481,PICHINCHA,QUITO,QUITO,URBANA,2018-12-15,17:20:00,17,SABADO,6,DICIEMBRE,12,NO,CONDUCIR VEHICULO SUPERANDO LOS LIMITES MAXIMOS DE VELOCIDAD.,ESTRELLAMIENTOS,AUTOMOVIL,1,0,0,0,0,0,0,0,0,0,0,0,0,1,43,HOMBRE,ILESO,CONDUCTOR PRESENTE,NO,NO,0
16673,53285,53286,2018,1,0,-0.255041,-78.517643,PICHINCHA,QUITO,QUITO,URBANA,2018-12-15,18:40:00,18,SABADO,6,DICIEMBRE,12,NO,"NO RESPETAR LAS SENIALES REGLAMENTARIAS DE TRANSITO. (PARE, CEDA EL PASO, LUZ ROJA DEL SEMAFORO, ETC).",OTROS,MOTOCICLETA,0,0,0,0,0,0,0,0,1,0,0,0,0,1,28,HOMBRE,LESIONADO,PASAJERO,NO,NO,0
16674,53286,53287,2018,0,0,-0.254455,-78.516836,PICHINCHA,QUITO,QUITO,URBANA,2018-12-15,18:40:00,18,SABADO,6,DICIEMBRE,12,NO,"CONDUCIR DESATENTO A LAS CONDICIONES DE TRANSITO (CELULAR, PANTALLAS DE VIDEO, COMIDA, MAQUILLAJE O CUALQUIER OTRO ELEMENTO DISTRACTOR).",OTROS,AUTOMOVIL,1,0,0,0,0,0,0,0,0,0,0,0,0,1,-1,NO IDENTIFICADO,NO IDENTIFICADO,CONDUCTOR AUSENTE,NO,NO,2
16675,53287,53288,2018,2,0,-0.290706,-78.536885,PICHINCHA,QUITO,QUITO,URBANA,2018-12-15,18:50:00,18,SABADO,6,DICIEMBRE,12,NO,REALIZAR CAMBIO BRUSCO O INDEBIDO DE CARRIL.,CHOQUE POSTERIOR,AUTOMOVIL,1,0,0,0,0,0,0,0,1,0,0,0,0,2,18,HOMBRE,LESIONADO,PASAJERO,NO,NO,0
16676,53292,53293,2018,0,1,-0.182653,-78.331933,PICHINCHA,QUITO,YARUQUI,RURAL,2018-12-15,19:40:00,19,SABADO,6,DICIEMBRE,12,NO,NO CEDER EL DERECHO DE VIA O PREFERENCIA DE PASO AL PEATON.,ATROPELLOS,NO IDENTIFICADO,0,0,0,0,0,0,0,0,0,1,0,0,0,1,59,HOMBRE,FALLECIDO,PEATON,NO,SI,3
16677,53297,53298,2018,0,0,-0.259681,-78.530358,PICHINCHA,QUITO,QUITO,URBANA,2018-12-15,20:20:00,20,SABADO,6,DICIEMBRE,12,NO,"ADELANTAR O REBASAR A OTRO VEHICULO EN MOVIMIENTO EN ZONAS O SITIOS PELIGROSOS TALES COMO: CURVAS, PUENTES, TUNELES, PENDIENTES, ETC.",PERDIDA DE CARRIL,MOTOCICLETA,0,0,0,0,0,0,0,0,1,0,0,0,0,1,32,HOMBRE,ILESO,PASAJERO,NO,NO,0
16678,53298,53299,2018,0,0,-0.198281,-78.480531,PICHINCHA,QUITO,QUITO,URBANA,2018-12-15,20:25:00,20,SABADO,6,DICIEMBRE,12,NO,REALIZAR CAMBIO BRUSCO O INDEBIDO DE CARRIL.,CHOQUE LATERAL,AUTOMOVIL,1,0,0,0,0,0,0,0,0,1,0,0,0,2,34,HOMBRE,ILESO,CONDUCTOR PRESENTE,NO,NO,0
16679,53309,53310,2018,0,0,-0.123002,-78.492261,PICHINCHA,QUITO,QUITO,URBANA,2018-12-15,23:45:00,23,SABADO,6,DICIEMBRE,12,NO,"CONDUCE BAJO LA INFLUENCIA DE ALCOHOL, SUSTANCIAS ESTUPEFACIENTES O PSICOTROPICAS Y/O MEDICAMENTOS.",CHOQUE LATERAL,AUTOMOVIL,2,0,0,0,0,0,0,0,0,0,0,0,0,2,50,HOMBRE,ILESO,CONDUCTOR PRESENTE,NO,NO,0
16680,53320,53321,2018,0,0,-0.099083,-78.421844,PICHINCHA,QUITO,CALDERON (CARAPUNGO),RURAL,2018-12-16,01:45:00,1,DOMINGO,7,DICIEMBRE,12,NO,"CONDUCE BAJO LA INFLUENCIA DE ALCOHOL, SUSTANCIAS ESTUPEFACIENTES O PSICOTROPICAS Y/O MEDICAMENTOS.",CHOQUE POSTERIOR,AUTOMOVIL,2,0,0,0,0,0,0,0,0,0,0,0,0,2,47,MUJER,ILESO,CONDUCTOR PRESENTE,NO,NO,3
16681,53321,53322,2018,2,0,-0.208094,-78.376655,PICHINCHA,QUITO,TUMBACO,RURAL,2018-12-16,01:55:00,1,DOMINGO,7,DICIEMBRE,12,NO,"CONDUCIR EN ESTADO DE SOMNOLENCIA O MALAS CONDICIONES FISICAS (SUENIO, CANSANCIO Y FATIGA).",ESTRELLAMIENTOS,AUTOMOVIL,1,0,0,0,0,0,0,0,0,0,0,0,0,1,37,HOMBRE,LESIONADO,PASAJERO,NO,NO,3
16682,53328,53329,2018,0,0,-0.212348,-78.384281,PICHINCHA,QUITO,TUMBACO,RURAL,2018-12-16,02:31:00,2,DOMINGO,7,DICIEMBRE,12,NO,CONDUCIR VEHICULO SUPERANDO LOS LIMITES MAXIMOS DE VELOCIDAD.,ESTRELLAMIENTOS,AUTOMOVIL,1,0,0,0,0,0,0,0,0,0,0,0,0,1,-1,NO IDENTIFICADO,NO IDENTIFICADO,CONDUCTOR AUSENTE,NO,NO,2
16683,53329,53330,2018,0,1,-0.242906,-78.318286,PICHINCHA,QUITO,PIFO,RURAL,2018-12-16,02:45:00,2,DOMINGO,7,DICIEMBRE,12,NO,NO MANTENER LA DISTANCIA PRUDENCIAL CON RESPECTO AL VEHICULO QUE LE ANTECEDE.,ATROPELLOS,NO IDENTIFICADO,0,0,0,0,0,0,0,0,0,1,0,0,0,1,43,HOMBRE,FALLECIDO,PEATON,NO,SI,3
16684,53331,53332,2018,0,0,-0.256733,-78.542802,PICHINCHA,QUITO,QUITO,URBANA,2018-12-16,02:55:00,2,DOMINGO,7,DICIEMBRE,12,NO,CONDUCIR VEHICULO SUPERANDO LOS LIMITES MAXIMOS DE VELOCIDAD.,ESTRELLAMIENTOS,AUTOMOVIL,1,0,0,0,0,0,0,0,0,0,0,0,0,1,-1,NO IDENTIFICADO,NO IDENTIFICADO,CONDUCTOR AUSENTE,NO,NO,2
16685,53334,53335,2018,0,0,-0.239054,-78.514431,PICHINCHA,QUITO,QUITO,URBANA,2018-12-16,03:10:00,3,DOMINGO,7,DICIEMBRE,12,NO,"ADELANTAR O REBASAR A OTRO VEHICULO EN MOVIMIENTO EN ZONAS O SITIOS PELIGROSOS TALES COMO: CURVAS, PUENTES, TUNELES, PENDIENTES, ETC.",OTROS,AUTOMOVIL,2,0,0,0,0,0,0,0,0,0,0,0,0,2,46,HOMBRE,ILESO,CONDUCTOR PRESENTE,NO,NO,0
16686,53345,53346,2018,0,0,-0.206931,-78.425899,PICHINCHA,QUITO,CUMBAYA,RURAL,2018-12-16,04:30:00,4,DOMINGO,7,DICIEMBRE,12,NO,CONDUCIR VEHICULO SUPERANDO LOS LIMITES MAXIMOS DE VELOCIDAD.,ESTRELLAMIENTOS,AUTOMOVIL,1,0,0,0,0,0,0,0,0,0,0,0,0,1,25,MUJER,ILESO,CONDUCTOR PRESENTE,NO,NO,3
16687,53348,53349,2018,0,0,-0.046591,-78.296163,PICHINCHA,QUITO,GUAYLLABAMBA,RURAL,2018-12-16,05:00:00,5,DOMINGO,7,DICIEMBRE,12,NO,NO CEDER EL DERECHO DE VIA O PREFERENCIA DE PASO AL PEATON.,ESTRELLAMIENTOS,AUTOMOVIL,1,0,0,0,0,0,0,0,0,0,0,0,0,1,1,HOMBRE,NO IDENTIFICADO,CONDUCTOR AUSENTE,NO,SI,3
16688,53354,53355,2018,0,0,-0.208629,-78.495554,PICHINCHA,QUITO,QUITO,URBANA,2018-12-16,06:15:00,6,DOMINGO,7,DICIEMBRE,12,NO,"CONDUCE BAJO LA INFLUENCIA DE ALCOHOL, SUSTANCIAS ESTUPEFACIENTES O PSICOTROPICAS Y/O MEDICAMENTOS.",CHOQUE POSTERIOR,AUTOMOVIL,2,0,0,0,0,0,0,0,0,0,0,0,0,2,62,MUJER,ILESO,PASAJERO,NO,NO,0
16689,53360,53361,2018,1,0,-0.344939,-78.548639,PICHINCHA,QUITO,QUITO,URBANA,2018-12-16,11:10:00,11,DOMINGO,7,DICIEMBRE,12,NO,"NO RESPETAR LAS SENIALES REGLAMENTARIAS DE TRANSITO. (PARE, CEDA EL PASO, LUZ ROJA DEL SEMAFORO, ETC).",OTROS,MOTOCICLETA,0,0,0,0,0,0,0,0,1,1,0,0,0,2,40,MUJER,LESIONADO,CONDUCTOR PRESENTE,NO,NO,0
16690,53379,53380,2018,0,0,-0.131111,-78.496653,PICHINCHA,QUITO,QUITO,URBANA,2018-12-16,16:25:00,16,DOMINGO,7,DICIEMBRE,12,NO,"CONDUCIR DESATENTO A LAS CONDICIONES DE TRANSITO (CELULAR, PANTALLAS DE VIDEO, COMIDA, MAQUILLAJE O CUALQUIER OTRO ELEMENTO DISTRACTOR).",CHOQUE LATERAL,AUTOMOVIL,2,0,0,0,0,0,0,0,0,0,0,0,0,2,26,HOMBRE,ILESO,CONDUCTOR PRESENTE,NO,SI,0
16691,53382,53383,2018,1,0,-0.250062,-78.525363,PICHINCHA,QUITO,QUITO,URBANA,2018-12-16,17:30:00,17,DOMINGO,7,DICIEMBRE,12,NO,"ADELANTAR O REBASAR A OTRO VEHICULO EN MOVIMIENTO EN ZONAS O SITIOS PELIGROSOS TALES COMO: CURVAS, PUENTES, TUNELES, PENDIENTES, ETC.",CHOQUE FRONTAL,AUTOMOVIL,2,0,0,0,0,0,0,0,0,0,0,0,0,2,58,MUJER,LESIONADO,PASAJERO,NO,NO,0
16692,53386,53387,2018,0,0,-0.320331,-78.555571,PICHINCHA,QUITO,QUITO,URBANA,2018-12-16,18:30:00,18,DOMINGO,7,DICIEMBRE,12,NO,NO CEDER EL DERECHO DE VIA O PREFERENCIA DE PASO A VEHICULOS.,CHOQUE LATERAL,CAMIONETA,1,0,0,0,1,0,0,0,0,0,0,0,0,2,29,HOMBRE,ILESO,CONDUCTOR PRESENTE,NO,NO,0
16693,53394,53395,2018,1,0,-0.323661,-78.556475,PICHINCHA,QUITO,QUITO,URBANA,2018-12-16,21:10:00,21,DOMINGO,7,DICIEMBRE,12,NO,"PEATON TRANSITA BAJO INFLUENCIA DE ALCOHOL, SUSTANCIAS ESTUPEFACIENTES O PSICOTROPICAS Y/O MEDICAMENTOS.",ATROPELLOS,AUTOMOVIL,1,0,0,0,0,0,0,0,0,0,0,0,0,1,24,HOMBRE,LESIONADO,PEATON,NO,NO,0
16694,53396,53397,2018,0,0,-0.095184,-78.437908,PICHINCHA,QUITO,CALDERON (CARAPUNGO),RURAL,2018-12-16,21:15:00,21,DOMINGO,7,DICIEMBRE,12,NO,CONDUCIR VEHICULO SUPERANDO LOS LIMITES MAXIMOS DE VELOCIDAD.,ESTRELLAMIENTOS,AUTOMOVIL,1,0,0,0,0,0,0,0,0,0,0,0,0,1,-1,NO IDENTIFICADO,NO IDENTIFICADO,CONDUCTOR AUSENTE,NO,NO,2
16695,53401,53402,2018,3,0,-0.308006,-78.559416,PICHINCHA,QUITO,QUITO,URBANA,2018-12-16,23:15:00,23,DOMINGO,7,DICIEMBRE,12,NO,"CONDUCE BAJO LA INFLUENCIA DE ALCOHOL, SUSTANCIAS ESTUPEFACIENTES O PSICOTROPICAS Y/O MEDICAMENTOS.",CHOQUE FRONTAL,CAMIONETA,1,0,0,0,1,0,0,0,0,0,0,0,0,2,8,MUJER,LESIONADO,PASAJERO,NO,NO,0
16696,53403,53404,2018,0,0,-0.128693,-78.471214,PICHINCHA,QUITO,QUITO,URBANA,2018-12-16,23:50:00,23,DOMINGO,7,DICIEMBRE,12,NO,"CONDUCE BAJO LA INFLUENCIA DE ALCOHOL, SUSTANCIAS ESTUPEFACIENTES O PSICOTROPICAS Y/O MEDICAMENTOS.",COLISION,AUTOMOVIL,3,0,0,0,0,0,0,0,0,0,0,0,0,3,22,HOMBRE,ILESO,CONDUCTOR PRESENTE,NO,NO,0
16697,53404,53405,2018,2,0,-0.196311,-78.512741,PICHINCHA,QUITO,QUITO,URBANA,2018-12-17,00:07:00,0,LUNES,1,DICIEMBRE,12,NO,"CONDUCE BAJO LA INFLUENCIA DE ALCOHOL, SUSTANCIAS ESTUPEFACIENTES O PSICOTROPICAS Y/O MEDICAMENTOS.",VOLCAMIENTOS,MOTOCICLETA,0,0,0,0,0,0,0,0,1,0,0,0,0,1,25,MUJER,LESIONADO,PASAJERO,NO,NO,0
16698,53406,53407,2018,0,0,-0.192161,-78.502343,PICHINCHA,QUITO,QUITO,URBANA,2018-12-17,01:30:00,1,LUNES,1,DICIEMBRE,12,NO,CONDUCIR VEHICULO SUPERANDO LOS LIMITES MAXIMOS DE VELOCIDAD.,VOLCAMIENTOS,AUTOMOVIL,1,0,0,0,0,0,0,0,0,0,0,0,0,1,-1,NO IDENTIFICADO,NO IDENTIFICADO,CONDUCTOR AUSENTE,NO,NO,2
16699,53413,53414,2018,0,0,-0.191252,-78.455287,PICHINCHA,QUITO,QUITO,RURAL,2018-12-17,04:00:00,4,LUNES,1,DICIEMBRE,12,NO,"CONDUCIR EN ESTADO DE SOMNOLENCIA O MALAS CONDICIONES FISICAS (SUENIO, CANSANCIO Y FATIGA).",VOLCAMIENTOS,CAMION,0,0,0,1,0,0,0,0,0,0,0,0,0,1,-1,NO IDENTIFICADO,NO IDENTIFICADO,CONDUCTOR AUSENTE,NO,NO,2
16700,53418,53419,2018,1,0,-0.245523,-78.522508,PICHINCHA,QUITO,QUITO,URBANA,2018-12-17,06:30:00,6,LUNES,1,DICIEMBRE,12,NO,"NO RESPETAR LAS SENIALES REGLAMENTARIAS DE TRANSITO. (PARE, CEDA EL PASO, LUZ ROJA DEL SEMAFORO, ETC).",CHOQUE LATERAL,MOTOCICLETA,0,0,0,0,0,0,0,1,1,0,0,0,0,2,40,HOMBRE,LESIONADO,CONDUCTOR PRESENTE,SI,NO,0
16701,53423,53424,2018,0,0,-0.218799,-78.507336,PICHINCHA,QUITO,QUITO,URBANA,2018-12-17,08:35:00,8,LUNES,1,DICIEMBRE,12,NO,"NO RESPETAR LAS SENIALES REGLAMENTARIAS DE TRANSITO. (PARE, CEDA EL PASO, LUZ ROJA DEL SEMAFORO, ETC).",CHOQUE LATERAL,AUTOMOVIL,2,0,0,0,0,0,0,0,0,0,0,0,0,2,27,MUJER,ILESO,CONDUCTOR PRESENTE,NO,NO,0
16702,53426,53427,2018,1,0,-0.300777,-78.460121,PICHINCHA,RUMINIAHUI,SANGOLQUI,RURAL,2018-12-17,09:00:00,9,LUNES,1,DICIEMBRE,12,NO,NO MANTENER LA DISTANCIA PRUDENCIAL CON RESPECTO AL VEHICULO QUE LE ANTECEDE.,ATROPELLOS,AUTOMOVIL,1,0,0,0,0,0,0,0,0,0,0,0,0,1,26,HOMBRE,LESIONADO,PEATON,NO,SI,3
16703,53427,53428,2018,0,0,-0.208498,-78.485714,PICHINCHA,QUITO,QUITO,URBANA,2018-12-17,09:30:00,9,LUNES,1,DICIEMBRE,12,NO,"NO RESPETAR LAS SENIALES REGLAMENTARIAS DE TRANSITO. (PARE, CEDA EL PASO, LUZ ROJA DEL SEMAFORO, ETC).",ESTRELLAMIENTOS,AUTOMOVIL,2,0,0,0,0,0,0,0,0,0,0,0,0,2,26,HOMBRE,ILESO,CONDUCTOR PRESENTE,NO,NO,0
16704,53434,53435,2018,1,0,-0.214883,-78.433737,PICHINCHA,QUITO,CUMBAYA,RURAL,2018-12-17,11:15:00,11,LUNES,1,DICIEMBRE,12,NO,"CONDUCIR EN ESTADO DE SOMNOLENCIA O MALAS CONDICIONES FISICAS (SUENIO, CANSANCIO Y FATIGA).",ESTRELLAMIENTOS,AUTOMOVIL,1,0,0,0,0,0,0,0,0,0,0,0,0,1,47,MUJER,LESIONADO,CONDUCTOR PRESENTE,NO,NO,3
16705,53442,53443,2018,1,0,-0.252412,-78.536041,PICHINCHA,QUITO,QUITO,URBANA,2018-12-17,13:50:00,13,LUNES,1,DICIEMBRE,12,NO,NO CEDER EL DERECHO DE VIA O PREFERENCIA DE PASO AL PEATON.,ARROLLAMIENTOS,NO IDENTIFICADO,0,0,0,0,0,0,0,0,0,1,0,0,0,1,25,MUJER,LESIONADO,PEATON,NO,NO,0
16706,53444,53445,2018,0,0,-0.214902,-78.500637,PICHINCHA,QUITO,QUITO,URBANA,2018-12-17,14:00:00,14,LUNES,1,DICIEMBRE,12,NO,"FALLA MECANICA EN LOS SISTEMAS Y/O NEUMATICOS (SISTEMA DE FRENOS, DIRECCION, ELECTRONICO O MECANICO).",CHOQUE LATERAL,BUS,1,0,1,0,0,0,0,0,0,0,0,0,0,2,46,HOMBRE,ILESO,CONDUCTOR PRESENTE,NO,NO,0
16707,53457,53458,2018,3,0,-0.251026,-78.539031,PICHINCHA,QUITO,QUITO,URBANA,2018-12-17,19:00:00,19,LUNES,1,DICIEMBRE,12,NO,NO MANTENER LA DISTANCIA PRUDENCIAL CON RESPECTO AL VEHICULO QUE LE ANTECEDE.,COLISION,AUTOMOVIL,1,0,1,0,0,0,0,1,0,0,0,0,0,3,9,HOMBRE,LESIONADO,PASAJERO,NO,NO,0
16708,53460,53461,2018,1,0,-0.217945,-78.520893,PICHINCHA,QUITO,QUITO,URBANA,2018-12-17,19:30:00,19,LUNES,1,DICIEMBRE,12,NO,"PEATON TRANSITA BAJO INFLUENCIA DE ALCOHOL, SUSTANCIAS ESTUPEFACIENTES O PSICOTROPICAS Y/O MEDICAMENTOS.",ARROLLAMIENTOS,BUS,0,0,1,0,0,0,0,0,0,0,0,0,0,1,41,HOMBRE,LESIONADO,PEATON,NO,NO,0
16709,53463,53464,2018,2,0,-0.232868,-78.486562,PICHINCHA,QUITO,QUITO,URBANA,2018-12-17,20:00:00,20,LUNES,1,DICIEMBRE,12,NO,"CONDUCE BAJO LA INFLUENCIA DE ALCOHOL, SUSTANCIAS ESTUPEFACIENTES O PSICOTROPICAS Y/O MEDICAMENTOS.",CHOQUE FRONTAL,MOTOCICLETA,1,0,0,0,0,0,0,0,1,0,0,0,0,2,17,HOMBRE,LESIONADO,PASAJERO,SI,NO,0
16710,53464,53465,2018,3,0,-0.229451,-78.506659,PICHINCHA,QUITO,QUITO,URBANA,2018-12-17,20:45:00,20,LUNES,1,DICIEMBRE,12,NO,CONDUCIR VEHICULO SUPERANDO LOS LIMITES MAXIMOS DE VELOCIDAD.,COLISION,AUTOMOVIL,2,0,0,0,1,0,0,0,0,0,0,0,0,3,37,HOMBRE,LESIONADO,PASAJERO,NO,NO,0