,Unnamed: 0,ID,ANIO,LESIONADOS,FALLECIDOS,LATITUD_Y,LONGITUD_X,PROVINCIA,CANTON,PARROQUIA,ZONA,FECHA,HORA,PERIODO_2,DIA_1,DIA_2,MES_1,MES_2,FERIADO,CAUSA_PROBABLE,TIPO_DE_SINIESTRO,TIPO_DE_VEHICULO_1,AUTOMOVIL,BICICLETA,BUS,CAMION,CAMIONETA,EMERGENCIAS,ESPECIAL,FURGONETA,MOTOCICLETA,NO_IDENTIFICADO,SCOOTER_ELECTRICO,TRICIMOTO,VEHICULO_DEPORTIVO_UTILITARIO,SUMA_DE_VEHICULOS,EDAD_1,SEXO_1,CONDICION_1,PARTICIPANTE_1,CASCO_1,CINTURON_1,KMeans_Cluster
16768,53729,53730,2018,0,0,-0.204802,-78.376946,PICHINCHA,QUITO,TUMBACO,RURAL,2018-12-21,21:35:00,21,VIERNES,5,DICIEMBRE,12,NO,"CONDUCE BAJO LA INFLUENCIA DE ALCOHOL, SUSTANCIAS ESTUPEFACIENTES O PSICOTROPICAS Y/O MEDICAMENTOS.",CHOQUE LATERAL,AUTOMOVIL,2,0,0,0,0,0,0,0,0,0,0,0,0,2,37,MUJER,ILESO,CONDUCTOR PRESENTE,NO,NO,3
16769,53732,53733,2018,1,0,-0.344786,-78.453212,PICHINCHA,RUMINIAHUI,SANGOLQUI,RURAL,2018-12-21,22:13:00,22,VIERNES,5,DICIEMBRE,12,NO,NO MANTENER LA DISTANCIA PRUDENCIAL CON RESPECTO AL VEHICULO QUE LE ANTECEDE.,ATROPELLOS,NO IDENTIFICADO,0,0,0,0,0,0,0,0,0,1,0,0,0,1,30,HOMBRE,LESIONADO,PEATON,NO,SI,3
16770,53735,53736,2018,0,1,-0.303931,-78.361631,PICHINCHA,QUITO,PINTAG,RURAL,2018-12-21,23:30:00,23,VIERNES,5,DICIEMBRE,12,NO,NO MANTENER LA DISTANCIA PRUDENCIAL CON RESPECTO AL VEHICULO QUE LE ANTECEDE.,PERDIDA DE PISTA,MOTOCICLETA,0,0,0,0,0,0,0,0,1,0,0,0,0,1,27,HOMBRE,FALLECIDO,CONDUCTOR PRESENTE,NO,SI,3
16771,53745,53746,2018,1,0,-0.202961,-78.504445,PICHINCHA,QUITO,QUITO,URBANA,2018-12-22,01:05:00,1,SABADO,6,DICIEMBRE,12,SI,CONDUCIR VEHICULO SUPERANDO LOS LIMITES MAXIMOS DE VELOCIDAD.,ATROPELLOS,MOTOCICLETA,0,0,0,0,0,0,0,0,1,0,0,0,0,1,29,MUJER,LESIONADO,PEATON,NO,NO,0
16772,53748,53749,2018,0,0,-0.156804,-78.496783,PICHINCHA,QUITO,QUITO,URBANA,2018-12-22,02:16:00,2,SABADO,6,DICIEMBRE,12,SI,"CONDUCE BAJO LA INFLUENCIA DE ALCOHOL, SUSTANCIAS ESTUPEFACIENTES O PSICOTROPICAS Y/O MEDICAMENTOS.",ESTRELLAMIENTOS,AUTOMOVIL,2,0,0,0,0,0,0,0,0,0,0,0,0,2,38,HOMBRE,ILESO,CONDUCTOR PRESENTE,NO,NO,0
16773,53756,53757,2018,0,0,-0.233557,-78.503189,PICHINCHA,QUITO,QUITO,URBANA,2018-12-22,03:00:00,3,SABADO,6,DICIEMBRE,12,SI,"CONDUCE BAJO LA INFLUENCIA DE ALCOHOL, SUSTANCIAS ESTUPEFACIENTES O PSICOTROPICAS Y/O MEDICAMENTOS.",CHOQUE POSTERIOR,AUTOMOVIL,2,0,0,0,0,0,0,0,0,0,0,0,0,2,61,HOMBRE,ILESO,CONDUCTOR PRESENTE,NO,NO,0
16774,53760,53761,2018,0,0,-0.187427,-78.494273,PICHINCHA,QUITO,QUITO,URBANA,2018-12-22,03:35:00,3,SABADO,6,DICIEMBRE,12,SI,DANIOS MECANICOS PREVISIBLES.,ESTRELLAMIENTOS,AUTOMOVIL,2,0,0,0,0,0,0,0,0,0,0,0,0,2,43,HOMBRE,ILESO,CONDUCTOR PRESENTE,NO,NO,0
16775,53763,53764,2018,0,0,-0.291456,-78.473781,PICHINCHA,QUITO,CONOCOTO,RURAL,2018-12-22,04:05:00,4,SABADO,6,DICIEMBRE,12,SI,CONDUCIR VEHICULO SUPERANDO LOS LIMITES MAXIMOS DE VELOCIDAD.,ESTRELLAMIENTOS,AUTOMOVIL,1,0,0,0,0,0,0,0,0,0,0,0,0,1,-1,NO IDENTIFICADO,NO IDENTIFICADO,CONDUCTOR AUSENTE,NO,NO,2
16776,53768,53769,2018,0,0,-0.173177,-78.492372,PICHINCHA,QUITO,QUITO,URBANA,2018-12-22,04:30:00,4,SABADO,6,DICIEMBRE,12,SI,CONDUCIR VEHICULO SUPERANDO LOS LIMITES MAXIMOS DE VELOCIDAD.,ESTRELLAMIENTOS,AUTOMOVIL,1,0,0,0,0,0,0,0,0,0,0,0,0,1,-1,NO IDENTIFICADO,NO IDENTIFICADO,CONDUCTOR AUSENTE,NO,NO,2
16777,53772,53773,2018,1,1,-0.141721,-78.469994,PICHINCHA,QUITO,QUITO,URBANA,2018-12-22,05:30:00,5,SABADO,6,DICIEMBRE,12,SI,"CONDUCIR EN ESTADO DE SOMNOLENCIA O MALAS CONDICIONES FISICAS (SUENIO, CANSANCIO Y FATIGA).",ESTRELLAMIENTOS,AUTOMOVIL,1,0,0,0,0,0,0,0,0,0,0,0,0,1,21,HOMBRE,FALLECIDO,CONDUCTOR PRESENTE,NO,NO,0
16778,53775,53776,2018,0,0,-0.244435,-78.482091,PICHINCHA,QUITO,QUITO,RURAL,2018-12-22,06:24:00,6,SABADO,6,DICIEMBRE,12,SI,"CASO FORTUITO O FUERZA MAYOR (EXPLOSION DE NEUMATICO NUEVO, DERRUMBE, INUNDACION, CAIDA DE PUENTE, ARBOL, PRESENCIA INTEMPESTIVA E IMPREVISTA DE SEMOVIENTES EN LA VIA, ETC.).",ESTRELLAMIENTOS,CAMIONETA,0,0,0,0,1,0,0,0,0,0,0,0,0,1,-1,NO IDENTIFICADO,NO IDENTIFICADO,CONDUCTOR AUSENTE,NO,NO,2
16779,53779,53780,2018,1,0,-0.139879,-78.511627,PICHINCHA,QUITO,QUITO,URBANA,2018-12-22,08:00:00,8,SABADO,6,DICIEMBRE,12,SI,CONDUCIR VEHICULO SUPERANDO LOS LIMITES MAXIMOS DE VELOCIDAD.,ESTRELLAMIENTOS,MOTOCICLETA,0,0,0,0,0,0,0,0,1,0,0,0,0,1,58,HOMBRE,LESIONADO,CONDUCTOR PRESENTE,NO,NO,0
16780,53782,53783,2018,0,0,-0.079969,-78.462681,PICHINCHA,QUITO,QUITO,URBANA,2018-12-22,09:00:00,9,SABADO,6,DICIEMBRE,12,SI,"NO RESPETAR LAS SENIALES REGLAMENTARIAS DE TRANSITO. (PARE, CEDA EL PASO, LUZ ROJA DEL SEMAFORO, ETC).",ESTRELLAMIENTOS,AUTOMOVIL,1,0,0,0,0,0,0,0,0,0,0,0,0,1,-1,NO IDENTIFICADO,NO IDENTIFICADO,CONDUCTOR AUSENTE,NO,NO,2
16781,53783,53784,2018,0,0,-0.214643,-78.516701,PICHINCHA,QUITO,QUITO,URBANA,2018-12-22,09:15:00,9,SABADO,6,DICIEMBRE,12,SI,"CONDUCE BAJO LA INFLUENCIA DE ALCOHOL, SUSTANCIAS ESTUPEFACIENTES O PSICOTROPICAS Y/O MEDICAMENTOS.",COLISION,CAMIONETA,2,0,0,0,1,0,0,0,0,0,0,0,0,3,23,HOMBRE,ILESO,CONDUCTOR PRESENTE,NO,NO,0
16782,53786,53787,2018,0,0,-0.290114,-78.526978,PICHINCHA,QUITO,QUITO,URBANA,2018-12-22,11:20:00,11,SABADO,6,DICIEMBRE,12,SI,NO MANTENER LA DISTANCIA PRUDENCIAL CON RESPECTO AL VEHICULO QUE LE ANTECEDE.,CHOQUE POSTERIOR,AUTOMOVIL,2,0,0,0,0,0,0,0,0,0,0,0,0,2,30,HOMBRE,ILESO,CONDUCTOR PRESENTE,NO,NO,0
16783,53789,53790,2018,0,0,-0.196493,-78.441851,PICHINCHA,QUITO,CUMBAYA,RURAL,2018-12-22,12:45:00,12,SABADO,6,DICIEMBRE,12,SI,"CONDUCIR EN ESTADO DE SOMNOLENCIA O MALAS CONDICIONES FISICAS (SUENIO, CANSANCIO Y FATIGA).",CHOQUE LATERAL,AUTOMOVIL,2,0,0,0,0,0,0,0,0,0,0,0,0,2,45,MUJER,ILESO,PASAJERO,NO,NO,3
16784,53791,53792,2018,1,0,-0.018757,-78.451487,PICHINCHA,QUITO,SAN ANTONIO (QUITO),RURAL,2018-12-22,13:55:00,13,SABADO,6,DICIEMBRE,12,SI,NO MANTENER LA DISTANCIA PRUDENCIAL CON RESPECTO AL VEHICULO QUE LE ANTECEDE.,PERDIDA DE PISTA,MOTOCICLETA,0,0,0,0,0,0,0,0,1,0,0,0,0,1,42,HOMBRE,LESIONADO,CONDUCTOR PRESENTE,NO,SI,3
16785,53792,53793,2018,1,0,-0.308006,-78.559416,PICHINCHA,QUITO,QUITO,URBANA,2018-12-22,14:15:00,14,SABADO,6,DICIEMBRE,12,SI,"ADELANTAR O REBASAR A OTRO VEHICULO EN MOVIMIENTO EN ZONAS O SITIOS PELIGROSOS TALES COMO: CURVAS, PUENTES, TUNELES, PENDIENTES, ETC.",ROZAMIENTOS,MOTOCICLETA,0,0,0,0,0,0,0,0,1,1,0,0,0,2,44,HOMBRE,LESIONADO,CONDUCTOR PRESENTE,NO,NO,0
16786,53794,53795,2018,0,0,-0.273825,-78.510216,PICHINCHA,QUITO,QUITO,URBANA,2018-12-22,14:40:00,14,SABADO,6,DICIEMBRE,12,SI,NO MANTENER LA DISTANCIA PRUDENCIAL CON RESPECTO AL VEHICULO QUE LE ANTECEDE.,COLISION,AUTOMOVIL,2,0,0,0,2,0,0,0,0,0,0,0,0,4,39,HOMBRE,ILESO,CONDUCTOR PRESENTE,NO,NO,0
16787,53807,53808,2018,1,0,-0.106899,-78.492375,PICHINCHA,QUITO,QUITO,URBANA,2018-12-22,18:30:00,18,SABADO,6,DICIEMBRE,12,SI,NO CEDER EL DERECHO DE VIA O PREFERENCIA DE PASO AL PEATON.,ATROPELLOS,NO IDENTIFICADO,0,0,0,0,0,0,0,0,0,1,0,0,0,1,-1,NO IDENTIFICADO,LESIONADO,CONDUCTOR PRESENTE,NO,NO,2
16788,53816,53817,2018,0,1,-0.255295,-78.505611,PICHINCHA,QUITO,QUITO,URBANA,2018-12-22,20:00:00,20,SABADO,6,DICIEMBRE,12,SI,NO CEDER EL DERECHO DE VIA O PREFERENCIA DE PASO AL PEATON.,ATROPELLOS,NO IDENTIFICADO,0,0,0,0,0,0,0,0,0,1,0,0,0,1,19,HOMBRE,FALLECIDO,PEATON,NO,NO,0
16789,53821,53822,2018,0,1,-0.510638,-78.587269,PICHINCHA,MEJIA,ALOASI,RURAL,2018-12-22,20:30:00,20,SABADO,6,DICIEMBRE,12,SI,"CONDUCIR DESATENTO A LAS CONDICIONES DE TRANSITO (CELULAR, PANTALLAS DE VIDEO, COMIDA, MAQUILLAJE O CUALQUIER OTRO ELEMENTO DISTRACTOR).",ESTRELLAMIENTOS,MOTOCICLETA,0,0,0,0,0,0,0,0,1,0,0,0,0,1,21,HOMBRE,FALLECIDO,CONDUCTOR PRESENTE,NO,SI,3
16790,53825,53826,2018,1,0,-0.202103,-78.486509,PICHINCHA,QUITO,QUITO,URBANA,2018-12-22,22:00:00,22,SABADO,6,DICIEMBRE,12,SI,"NO RESPETAR LAS SENIALES REGLAMENTARIAS DE TRANSITO. (PARE, CEDA EL PASO, LUZ ROJA DEL SEMAFORO, ETC).",CHOQUE LATERAL,FURGONETA,1,0,0,0,0,0,0,1,0,0,0,0,0,2,43,HOMBRE,LESIONADO,CONDUCTOR PRESENTE,NO,NO,0
16791,53832,53833,2018,0,0,-0.163073,-78.462599,PICHINCHA,QUITO,QUITO,URBANA,2018-12-22,23:45:00,23,SABADO,6,DICIEMBRE,12,SI,"CASO FORTUITO O FUERZA MAYOR (EXPLOSION DE NEUMATICO NUEVO, DERRUMBE, INUNDACION, CAIDA DE PUENTE, ARBOL, PRESENCIA INTEMPESTIVA E IMPREVISTA DE SEMOVIENTES EN LA VIA, ETC.).",ESTRELLAMIENTOS,CAMIONETA,0,0,0,0,1,0,0,0,0,0,0,0,0,1,30,HOMBRE,ILESO,PASAJERO,NO,NO,0
16792,53837,53838,2018,0,0,-0.018401,-78.452155,PICHINCHA,QUITO,SAN ANTONIO (QUITO),RURAL,2018-12-23,00:50:00,0,DOMINGO,7,DICIEMBRE,12,SI,NO MANTENER LA DISTANCIA PRUDENCIAL CON RESPECTO AL VEHICULO QUE LE ANTECEDE.,PERDIDA DE PISTA,AUTOMOVIL,1,0,0,0,0,0,0,0,0,0,0,0,0,1,33,HOMBRE,ILESO,CONDUCTOR PRESENTE,NO,SI,3
16793,53838,53839,2018,3,0,-0.133668,-78.501945,PICHINCHA,QUITO,QUITO,URBANA,2018-12-23,01:00:00,1,DOMINGO,7,DICIEMBRE,12,SI,CONDUCIR EN SENTIDO CONTRARIO A LA VIA NORMAL DE CIRCULACION.,CHOQUE FRONTAL,AUTOMOVIL,2,0,0,0,0,0,0,0,0,0,0,0,0,2,35,HOMBRE,LESIONADO,PASAJERO,NO,NO,0
16794,53843,53844,2018,0,0,-0.299022,-78.531384,PICHINCHA,QUITO,QUITO,URBANA,2018-12-23,02:00:00,2,DOMINGO,7,DICIEMBRE,12,SI,CONDUCIR VEHICULO SUPERANDO LOS LIMITES MAXIMOS DE VELOCIDAD.,ESTRELLAMIENTOS,AUTOMOVIL,1,0,0,0,0,0,0,0,0,0,0,0,0,1,-1,NO IDENTIFICADO,NO IDENTIFICADO,CONDUCTOR AUSENTE,NO,NO,2
16795,53845,53846,2018,0,0,-0.199767,-78.428809,PICHINCHA,QUITO,CUMBAYA,RURAL,2018-12-23,02:20:00,2,DOMINGO,7,DICIEMBRE,12,SI,"CONDUCIR DESATENTO A LAS CONDICIONES DE TRANSITO (CELULAR, PANTALLAS DE VIDEO, COMIDA, MAQUILLAJE O CUALQUIER OTRO ELEMENTO DISTRACTOR).",ESTRELLAMIENTOS,AUTOMOVIL,2,0,0,0,0,0,0,0,0,0,0,0,0,2,24,MUJER,ILESO,CONDUCTOR PRESENTE,NO,NO,3
16796,53848,53849,2018,0,0,-0.181846,-78.475539,PICHINCHA,QUITO,QUITO,URBANA,2018-12-23,02:30:00,2,DOMINGO,7,DICIEMBRE,12,SI,CONDUCIR VEHICULO SUPERANDO LOS LIMITES MAXIMOS DE VELOCIDAD.,ESTRELLAMIENTOS,AUTOMOVIL,3,0,0,0,0,0,0,0,0,0,0,0,0,3,31,HOMBRE,ILESO,CONDUCTOR PRESENTE,NO,NO,0
16797,53850,53851,2018,1,3,-0.275886,-78.489143,PICHINCHA,QUITO,CONOCOTO,RURAL,2018-12-23,02:59:00,2,DOMINGO,7,DICIEMBRE,12,SI,NO MANTENER LA DISTANCIA PRUDENCIAL CON RESPECTO AL VEHICULO QUE LE ANTECEDE.,PERDIDA DE CARRIL,AUTOMOVIL,1,0,0,0,0,0,0,0,0,0,0,0,0,1,29,HOMBRE,FALLECIDO,PASAJERO,NO,SI,3
16798,53852,53853,2018,0,0,-0.145405,-78.491504,PICHINCHA,QUITO,QUITO,URBANA,2018-12-23,03:20:00,3,DOMINGO,7,DICIEMBRE,12,SI,BAJARSE O SUBIRSE DE VEHICULOS EN MOVIMIENTO SIN TOMAR LAS PRECAUCIONES DEBIDAS.,ESTRELLAMIENTOS,AUTOMOVIL,1,0,0,0,0,0,0,0,0,0,0,0,0,1,27,HOMBRE,ILESO,CONDUCTOR PRESENTE,NO,NO,0
16799,53853,53854,2018,0,0,0.004286,-78.289447,PICHINCHA,PEDRO MONCAYO,TOCACHI,RURAL,2018-12-23,03:30:00,3,DOMINGO,7,DICIEMBRE,12,SI,NO GUARDAR LA DISTANCIA LATERAL MINIMA DE SEGURIDAD ENTRE VEHICULOS.,CHOQUE LATERAL,VEHICULO DEPORTIVO UTILITARIO,0,0,0,0,0,0,0,0,0,0,0,0,2,2,42,HOMBRE,ILESO,CONDUCTOR PRESENTE,NO,SI,3
16800,53867,53868,2018,3,0,-0.204592,-78.455985,PICHINCHA,QUITO,QUITO,URBANA,2018-12-23,06:25:00,6,DOMINGO,7,DICIEMBRE,12,SI,"CONDUCE BAJO LA INFLUENCIA DE ALCOHOL, SUSTANCIAS ESTUPEFACIENTES O PSICOTROPICAS Y/O MEDICAMENTOS.",ESTRELLAMIENTOS,AUTOMOVIL,2,0,0,0,1,0,0,0,0,0,0,0,0,3,51,MUJER,LESIONADO,PASAJERO,NO,NO,0
16801,53870,53871,2018,0,0,-0.210318,-78.494183,PICHINCHA,QUITO,QUITO,URBANA,2018-12-23,06:40:00,6,DOMINGO,7,DICIEMBRE,12,SI,"CONDUCE BAJO LA INFLUENCIA DE ALCOHOL, SUSTANCIAS ESTUPEFACIENTES O PSICOTROPICAS Y/O MEDICAMENTOS.",ROZAMIENTOS,BUS,2,0,1,0,0,0,0,0,0,0,0,0,0,3,37,HOMBRE,ILESO,CONDUCTOR PRESENTE,NO,NO,0
16802,53871,53872,2018,0,0,-0.252117,-78.506136,PICHINCHA,QUITO,QUITO,URBANA,2018-12-23,06:40:00,6,DOMINGO,7,DICIEMBRE,12,SI,CONDUCIR VEHICULO SUPERANDO LOS LIMITES MAXIMOS DE VELOCIDAD.,ESTRELLAMIENTOS,AUTOMOVIL,2,0,0,0,0,0,0,0,0,0,0,0,0,2,32,HOMBRE,ILESO,PASAJERO,NO,NO,0
16803,53873,53874,2018,0,0,-0.267814,-78.533635,PICHINCHA,QUITO,QUITO,URBANA,2018-12-23,08:20:00,8,DOMINGO,7,DICIEMBRE,12,SI,"CONDUCIR DESATENTO A LAS CONDICIONES DE TRANSITO (CELULAR, PANTALLAS DE VIDEO, COMIDA, MAQUILLAJE O CUALQUIER OTRO ELEMENTO DISTRACTOR).",ESTRELLAMIENTOS,AUTOMOVIL,1,0,0,0,0,0,0,0,0,0,0,0,0,1,33,MUJER,ILESO,CONDUCTOR PRESENTE,NO,NO,0
16804,53875,53876,2018,0,0,-0.268357,-78.547446,PICHINCHA,QUITO,QUITO,URBANA,2018-12-23,09:00:00,9,DOMINGO,7,DICIEMBRE,12,SI,NO GUARDAR LA DISTANCIA LATERAL MINIMA DE SEGURIDAD ENTRE VEHICULOS.,ROZAMIENTOS,AUTOMOVIL,1,0,0,0,0,0,0,0,0,1,0,0,0,2,29,HOMBRE,ILESO,CONDUCTOR PRESENTE,NO,NO,0
16805,53882,53883,2018,1,0,-0.188911,-78.341406,PICHINCHA,QUITO,TABABELA,RURAL,2018-12-23,11:45:00,11,DOMINGO,7,DICIEMBRE,12,SI,"NO RESPETAR LAS SENIALES REGLAMENTARIAS DE TRANSITO. (PARE, CEDA EL PASO, LUZ ROJA DEL SEMAFORO, ETC).",ESTRELLAMIENTOS,MOTOCICLETA,0,0,0,0,0,0,0,0,1,0,0,0,0,1,35,HOMBRE,LESIONADO,CONDUCTOR PRESENTE,NO,NO,3
16806,53883,53884,2018,1,0,-0.049101,-78.342662,PICHINCHA,QUITO,GUAYLLABAMBA,RURAL,2018-12-23,12:00:00,12,DOMINGO,7,DICIEMBRE,12,SI,NO MANTENER LA DISTANCIA PRUDENCIAL CON RESPECTO AL VEHICULO QUE LE ANTECEDE.,COLISION,AUTOMOVIL,3,0,0,0,0,0,0,0,0,0,0,0,0,3,36,HOMBRE,LESIONADO,CONDUCTOR PRESENTE,NO,SI,3
16807,53884,53885,2018,0,0,-0.117262,-78.463152,PICHINCHA,QUITO,QUITO,URBANA,2018-12-23,12:00:00,12,DOMINGO,7,DICIEMBRE,12,SI,"CONDUCE BAJO LA INFLUENCIA DE ALCOHOL, SUSTANCIAS ESTUPEFACIENTES O PSICOTROPICAS Y/O MEDICAMENTOS.",CHOQUE FRONTAL,CAMIONETA,1,0,0,0,1,0,0,0,0,0,0,0,0,2,61,HOMBRE,ILESO,CONDUCTOR PRESENTE,NO,NO,0
16808,53886,53887,2018,1,0,-0.032729,-78.331096,PICHINCHA,QUITO,GUAYLLABAMBA,RURAL,2018-12-23,12:30:00,12,DOMINGO,7,DICIEMBRE,12,SI,NO MANTENER LA DISTANCIA PRUDENCIAL CON RESPECTO AL VEHICULO QUE LE ANTECEDE.,CHOQUE FRONTAL,ESPECIAL,1,0,0,0,0,0,1,0,0,0,0,0,0,2,65,HOMBRE,LESIONADO,CONDUCTOR PRESENTE,NO,SI,3
16809,53888,53889,2018,2,0,-0.220761,-78.456451,PICHINCHA,QUITO,CUMBAYA,RURAL,2018-12-23,12:35:00,12,DOMINGO,7,DICIEMBRE,12,SI,NO GUARDAR LA DISTANCIA LATERAL MINIMA DE SEGURIDAD ENTRE VEHICULOS.,CHOQUE LATERAL,MOTOCICLETA,0,0,0,0,0,0,0,0,1,1,0,0,0,2,-1,MUJER,LESIONADO,PASAJERO,SI,NO,3
16810,53889,53890,2018,1,0,-0.143896,-78.509224,PICHINCHA,QUITO,QUITO,URBANA,2018-12-23,12:40:00,12,DOMINGO,7,DICIEMBRE,12,SI,NO CEDER EL DERECHO DE VIA O PREFERENCIA DE PASO AL PEATON.,ARROLLAMIENTOS,NO IDENTIFICADO,0,0,0,0,0,0,0,0,0,1,0,0,0,1,13,HOMBRE,LESIONADO,PEATON,NO,NO,0
16811,53890,53891,2018,0,0,-0.283487,-78.545957,PICHINCHA,QUITO,QUITO,URBANA,2018-12-23,12:40:00,12,DOMINGO,7,DICIEMBRE,12,SI,NO MANTENER LA DISTANCIA PRUDENCIAL CON RESPECTO AL VEHICULO QUE LE ANTECEDE.,OTROS,AUTOMOVIL,1,0,0,0,0,0,0,0,0,1,0,0,0,2,42,HOMBRE,ILESO,CONDUCTOR PRESENTE,NO,NO,0
16812,53891,53892,2018,1,0,0.023344,-78.140652,PICHINCHA,CAYAMBE,CAYAMBE,RURAL,2018-12-23,13:00:00,13,DOMINGO,7,DICIEMBRE,12,SI,NO MANTENER LA DISTANCIA PRUDENCIAL CON RESPECTO AL VEHICULO QUE LE ANTECEDE.,ARROLLAMIENTOS,CAMIONETA,0,0,0,0,1,0,0,0,0,0,0,0,0,1,14,HOMBRE,LESIONADO,PEATON,NO,SI,3
16813,53901,53902,2018,1,0,-0.311561,-78.564954,PICHINCHA,QUITO,QUITO,URBANA,2018-12-23,15:00:00,15,DOMINGO,7,DICIEMBRE,12,SI,DEJAR O RECOGER PASAJEROS EN LUGARES NO PERMITIDOS.,CAIDA DE PASAJERO,NO IDENTIFICADO,0,0,0,0,0,0,0,0,0,1,0,0,0,1,9,HOMBRE,LESIONADO,PASAJERO,NO,NO,0
16814,53902,53903,2018,0,0,-0.238213,-78.484807,PICHINCHA,QUITO,QUITO,URBANA,2018-12-23,15:10:00,15,DOMINGO,7,DICIEMBRE,12,SI,"CASO FORTUITO O FUERZA MAYOR (EXPLOSION DE NEUMATICO NUEVO, DERRUMBE, INUNDACION, CAIDA DE PUENTE, ARBOL, PRESENCIA INTEMPESTIVA E IMPREVISTA DE SEMOVIENTES EN LA VIA, ETC.).",ESTRELLAMIENTOS,FURGONETA,1,0,0,0,0,0,0,1,0,0,0,0,0,2,35,HOMBRE,ILESO,CONDUCTOR PRESENTE,NO,NO,0
16815,53904,53905,2018,0,1,-0.202724,-78.476486,PICHINCHA,QUITO,QUITO,RURAL,2018-12-23,15:30:00,15,DOMINGO,7,DICIEMBRE,12,SI,BAJARSE O SUBIRSE DE VEHICULOS EN MOVIMIENTO SIN TOMAR LAS PRECAUCIONES DEBIDAS.,CAIDA DE PASAJERO,CAMION,0,0,0,1,0,0,0,0,0,0,0,0,0,1,60,HOMBRE,FALLECIDO,PEATON,NO,NO,3
16816,53912,53913,2018,1,0,-0.115491,-78.489522,PICHINCHA,QUITO,QUITO,URBANA,2018-12-23,17:20:00,17,DOMINGO,7,DICIEMBRE,12,SI,NO TRANSITAR POR LAS ACERAS O ZONAS DE SEGURIDAD DESTINADAS PARA EL EFECTO.,ARROLLAMIENTOS,AUTOMOVIL,1,0,0,0,0,0,0,0,0,0,0,0,0,1,89,HOMBRE,LESIONADO,PEATON,NO,NO,0
16817,53916,53917,2018,2,0,-0.284269,-78.518971,PICHINCHA,QUITO,QUITO,URBANA,2018-12-23,18:35:00,18,DOMINGO,7,DICIEMBRE,12,SI,DANIOS MECANICOS PREVISIBLES.,OTROS,AUTOMOVIL,4,0,0,0,0,0,0,0,0,0,0,0,0,4,32,HOMBRE,LESIONADO,CONDUCTOR PRESENTE,NO,NO,0
16818,53923,53924,2018,2,0,-0.263535,-78.541083,PICHINCHA,QUITO,QUITO,URBANA,2018-12-23,19:20:00,19,DOMINGO,7,DICIEMBRE,12,SI,"CONDUCE BAJO LA INFLUENCIA DE ALCOHOL, SUSTANCIAS ESTUPEFACIENTES O PSICOTROPICAS Y/O MEDICAMENTOS.",CHOQUE LATERAL,AUTOMOVIL,2,0,0,0,0,0,0,0,0,0,0,0,0,2,21,HOMBRE,LESIONADO,PASAJERO,NO,NO,0
16819,53925,53926,2018,0,0,-0.179696,-78.506368,PICHINCHA,QUITO,QUITO,URBANA,2018-12-23,19:50:00,19,DOMINGO,7,DICIEMBRE,12,SI,"FALLA MECANICA EN LOS SISTEMAS Y/O NEUMATICOS (SISTEMA DE FRENOS, DIRECCION, ELECTRONICO O MECANICO).",OTROS,AUTOMOVIL,1,0,1,0,0,0,0,0,0,0,0,0,0,2,57,MUJER,ILESO,PASAJERO,NO,NO,0
16820,53928,53929,2018,9,0,-0.298206,-78.453846,PICHINCHA,QUITO,ALANGASI,RURAL,2018-12-23,20:46:00,20,DOMINGO,7,DICIEMBRE,12,SI,"CONDUCIR DESATENTO A LAS CONDICIONES DE TRANSITO (CELULAR, PANTALLAS DE VIDEO, COMIDA, MAQUILLAJE O CUALQUIER OTRO ELEMENTO DISTRACTOR).",CHOQUE LATERAL,AUTOMOVIL,2,0,0,0,0,0,0,0,0,0,0,0,0,2,5,HOMBRE,LESIONADO,PASAJERO,NO,NO,3
16821,53934,53935,2018,1,0,-0.277397,-78.514624,PICHINCHA,QUITO,QUITO,URBANA,2018-12-23,23:15:00,23,DOMINGO,7,DICIEMBRE,12,SI,"CONDUCE BAJO LA INFLUENCIA DE ALCOHOL, SUSTANCIAS ESTUPEFACIENTES O PSICOTROPICAS Y/O MEDICAMENTOS.",CHOQUE POSTERIOR,AUTOMOVIL,2,0,0,0,0,0,0,0,0,0,0,0,0,2,28,HOMBRE,LESIONADO,CONDUCTOR PRESENTE,NO,NO,0
16822,53940,53941,2018,0,0,-0.133554,-78.501956,PICHINCHA,QUITO,QUITO,URBANA,2018-12-24,01:00:00,1,LUNES,1,DICIEMBRE,12,SI,"CONDUCIR EN ESTADO DE SOMNOLENCIA O MALAS CONDICIONES FISICAS (SUENIO, CANSANCIO Y FATIGA).",ESTRELLAMIENTOS,CAMIONETA,0,0,0,0,1,0,0,0,0,0,0,0,0,1,-1,NO IDENTIFICADO,NO IDENTIFICADO,CONDUCTOR AUSENTE,NO,NO,2
16823,53941,53942,2018,0,1,-0.242463,-78.482784,PICHINCHA,QUITO,QUITO,URBANA,2018-12-24,01:25:00,1,LUNES,1,DICIEMBRE,12,SI,"CONDUCIR EN ESTADO DE SOMNOLENCIA O MALAS CONDICIONES FISICAS (SUENIO, CANSANCIO Y FATIGA).",PERDIDA DE CARRIL,MOTOCICLETA,0,0,0,0,0,0,0,0,1,0,0,0,0,1,32,HOMBRE,FALLECIDO,CONDUCTOR PRESENTE,NO,NO,0
16824,53943,53944,2018,1,0,-0.105373,-78.462381,PICHINCHA,QUITO,QUITO,RURAL,2018-12-24,01:45:00,1,LUNES,1,DICIEMBRE,12,SI,"CONDUCE BAJO LA INFLUENCIA DE ALCOHOL, SUSTANCIAS ESTUPEFACIENTES O PSICOTROPICAS Y/O MEDICAMENTOS.",ESTRELLAMIENTOS,AUTOMOVIL,1,0,0,0,0,0,0,0,1,0,0,0,0,2,21,HOMBRE,LESIONADO,CONDUCTOR PRESENTE,NO,NO,3