,Unnamed: 0,ID,ANIO,LESIONADOS,FALLECIDOS,LATITUD_Y,LONGITUD_X,PROVINCIA,CANTON,PARROQUIA,ZONA,FECHA,HORA,PERIODO_2,DIA_1,DIA_2,MES_1,MES_2,FERIADO,CAUSA_PROBABLE,TIPO_DE_SINIESTRO,TIPO_DE_VEHICULO_1,AUTOMOVIL,BICICLETA,BUS,CAMION,CAMIONETA,EMERGENCIAS,ESPECIAL,FURGONETA,MOTOCICLETA,NO_IDENTIFICADO,SCOOTER_ELECTRICO,TRICIMOTO,VEHICULO_DEPORTIVO_UTILITARIO,SUMA_DE_VEHICULOS,EDAD_1,SEXO_1,CONDICION_1,PARTICIPANTE_1,CASCO_1,CINTURON_1,KMeans_Cluster
16825,53946,53947,2018,0,0,-0.004169,-78.452552,PICHINCHA,QUITO,SAN ANTONIO (QUITO),RURAL,2018-12-24,02:00:00,2,LUNES,1,DICIEMBRE,12,SI,NO MANTENER LA DISTANCIA PRUDENCIAL CON RESPECTO AL VEHICULO QUE LE ANTECEDE.,PERDIDA DE PISTA,AUTOMOVIL,1,0,0,0,0,0,0,0,0,0,0,0,0,1,35,HOMBRE,ILESO,CONDUCTOR PRESENTE,NO,SI,3
16826,53948,53949,2018,2,0,-0.066306,-78.472437,PICHINCHA,QUITO,POMASQUI,RURAL,2018-12-24,02:30:00,2,LUNES,1,DICIEMBRE,12,SI,"NO RESPETAR LAS SENIALES REGLAMENTARIAS DE TRANSITO. (PARE, CEDA EL PASO, LUZ ROJA DEL SEMAFORO, ETC).",ESTRELLAMIENTOS,AUTOMOVIL,1,0,0,0,0,0,0,0,0,0,0,0,0,1,24,HOMBRE,LESIONADO,PASAJERO,NO,NO,3
16827,53951,53952,2018,0,0,-0.154317,-78.474504,PICHINCHA,QUITO,QUITO,URBANA,2018-12-24,03:30:00,3,LUNES,1,DICIEMBRE,12,SI,"NO RESPETAR LAS SENIALES REGLAMENTARIAS DE TRANSITO. (PARE, CEDA EL PASO, LUZ ROJA DEL SEMAFORO, ETC).",ESTRELLAMIENTOS,AUTOMOVIL,1,0,0,0,0,0,0,0,0,0,0,0,0,1,-1,NO IDENTIFICADO,NO IDENTIFICADO,CONDUCTOR AUSENTE,NO,NO,2
16828,53962,53963,2018,0,0,-0.318873,-78.552489,PICHINCHA,QUITO,QUITO,URBANA,2018-12-24,09:40:00,9,LUNES,1,DICIEMBRE,12,SI,NO TRANSITAR POR LAS ACERAS O ZONAS DE SEGURIDAD DESTINADAS PARA EL EFECTO.,ATROPELLOS,AUTOMOVIL,1,0,0,0,0,0,0,0,0,0,0,0,0,1,27,HOMBRE,ILESO,PEATON,NO,NO,0
16829,53963,53964,2018,3,0,-0.109351,-78.458267,PICHINCHA,QUITO,CALDERON (CARAPUNGO),RURAL,2018-12-24,10:10:00,10,LUNES,1,DICIEMBRE,12,SI,REALIZAR CAMBIO BRUSCO O INDEBIDO DE CARRIL.,ESTRELLAMIENTOS,AUTOMOVIL,1,0,0,0,0,0,0,0,0,0,0,0,0,1,9,MUJER,LESIONADO,PASAJERO,NO,NO,3
16830,53964,53965,2018,0,0,-0.234341,-78.509204,PICHINCHA,QUITO,QUITO,URBANA,2018-12-24,10:44:00,10,LUNES,1,DICIEMBRE,12,SI,"FALLA MECANICA EN LOS SISTEMAS Y/O NEUMATICOS (SISTEMA DE FRENOS, DIRECCION, ELECTRONICO O MECANICO).",CHOQUE POSTERIOR,MOTOCICLETA,1,0,0,0,0,0,0,0,1,0,0,0,0,2,39,MUJER,ILESO,CONDUCTOR PRESENTE,NO,NO,0
16831,53968,53969,2018,0,0,-0.133554,-78.501956,PICHINCHA,QUITO,QUITO,URBANA,2018-12-24,11:10:00,11,LUNES,1,DICIEMBRE,12,SI,REALIZAR CAMBIO BRUSCO O INDEBIDO DE CARRIL.,CHOQUE LATERAL,FURGONETA,0,0,1,0,0,0,0,1,0,0,0,0,0,2,59,MUJER,ILESO,CONDUCTOR PRESENTE,NO,NO,0
16832,53972,53973,2018,2,0,-0.229464,-78.522935,PICHINCHA,QUITO,QUITO,URBANA,2018-12-24,13:26:00,13,LUNES,1,DICIEMBRE,12,SI,"NO RESPETAR LAS SENIALES REGLAMENTARIAS DE TRANSITO. (PARE, CEDA EL PASO, LUZ ROJA DEL SEMAFORO, ETC).",CHOQUE LATERAL,MOTOCICLETA,1,0,0,0,0,0,0,0,1,0,0,0,0,2,24,HOMBRE,LESIONADO,PASAJERO,NO,NO,0
16833,53973,53974,2018,1,0,-0.216818,-78.514527,PICHINCHA,QUITO,QUITO,URBANA,2018-12-24,13:30:00,13,LUNES,1,DICIEMBRE,12,SI,PEATON QUE CRUZA LA CALZADA SIN RESPETAR LA SENIALIZACION EXISTENTE (SEMAFOROS O SENIALES MANUALES).,ATROPELLOS,MOTOCICLETA,0,0,0,0,0,0,0,0,1,0,0,0,0,1,70,MUJER,LESIONADO,PEATON,NO,NO,0
16834,53976,53977,2018,3,0,-0.202902,-78.497991,PICHINCHA,QUITO,QUITO,URBANA,2018-12-24,14:17:00,14,LUNES,1,DICIEMBRE,12,SI,REALIZAR CAMBIO BRUSCO O INDEBIDO DE CARRIL.,VOLCAMIENTOS,MOTOCICLETA,0,0,0,0,0,0,0,0,1,0,0,0,0,1,5,MUJER,LESIONADO,PASAJERO,NO,NO,0
16835,53978,53979,2018,0,0,-0.140394,-78.466315,PICHINCHA,QUITO,QUITO,URBANA,2018-12-24,14:40:00,14,LUNES,1,DICIEMBRE,12,SI,"CONDUCE BAJO LA INFLUENCIA DE ALCOHOL, SUSTANCIAS ESTUPEFACIENTES O PSICOTROPICAS Y/O MEDICAMENTOS.",CHOQUE LATERAL,AUTOMOVIL,2,0,0,0,0,0,0,0,0,0,0,0,0,2,4,HOMBRE,ILESO,PASAJERO,NO,NO,0
16836,53991,53992,2018,0,0,-0.250207,-78.512717,PICHINCHA,QUITO,QUITO,URBANA,2018-12-24,18:00:00,18,LUNES,1,DICIEMBRE,12,SI,"CASO FORTUITO O FUERZA MAYOR (EXPLOSION DE NEUMATICO NUEVO, DERRUMBE, INUNDACION, CAIDA DE PUENTE, ARBOL, PRESENCIA INTEMPESTIVA E IMPREVISTA DE SEMOVIENTES EN LA VIA, ETC.).",OTROS,AUTOMOVIL,1,0,0,0,0,0,0,0,0,0,0,0,0,1,-1,NO IDENTIFICADO,NO IDENTIFICADO,CONDUCTOR AUSENTE,NO,NO,2
16837,53992,53993,2018,0,0,-0.249257,-78.503533,PICHINCHA,QUITO,QUITO,URBANA,2018-12-24,18:00:00,18,LUNES,1,DICIEMBRE,12,SI,"PRESENCIA DE AGENTES EXTERNOS EN LA VIA (AGUA, ACEITE, PIEDRA, LASTRE, ESCOMBROS, MADEROS, ETC.).",ESTRELLAMIENTOS,CAMIONETA,0,0,0,0,1,0,0,0,0,0,0,0,0,1,-1,NO IDENTIFICADO,NO IDENTIFICADO,CONDUCTOR AUSENTE,NO,NO,2
16838,53998,53999,2018,2,0,-0.122237,-78.495545,PICHINCHA,QUITO,QUITO,URBANA,2018-12-24,19:25:00,19,LUNES,1,DICIEMBRE,12,SI,"CONDUCE BAJO LA INFLUENCIA DE ALCOHOL, SUSTANCIAS ESTUPEFACIENTES O PSICOTROPICAS Y/O MEDICAMENTOS.",CHOQUE LATERAL,MOTOCICLETA,1,0,0,0,0,0,0,0,1,0,0,0,0,2,26,HOMBRE,LESIONADO,PASAJERO,SI,NO,0
16839,53999,54000,2018,0,1,-0.123011,-78.493947,PICHINCHA,QUITO,QUITO,URBANA,2018-12-24,19:50:00,19,LUNES,1,DICIEMBRE,12,SI,"CASO FORTUITO O FUERZA MAYOR (EXPLOSION DE NEUMATICO NUEVO, DERRUMBE, INUNDACION, CAIDA DE PUENTE, ARBOL, PRESENCIA INTEMPESTIVA E IMPREVISTA DE SEMOVIENTES EN LA VIA, ETC.).",ESTRELLAMIENTOS,AUTOMOVIL,1,0,0,0,0,0,0,0,0,0,0,0,0,1,87,HOMBRE,FALLECIDO,CONDUCTOR PRESENTE,NO,NO,0
16840,54003,54004,2018,0,0,-0.354656,-78.470378,PICHINCHA,RUMINIAHUI,SANGOLQUI,RURAL,2018-12-24,21:20:00,21,LUNES,1,DICIEMBRE,12,SI,NO GUARDAR LA DISTANCIA LATERAL MINIMA DE SEGURIDAD ENTRE VEHICULOS.,CHOQUE LATERAL,MOTOCICLETA,1,0,0,0,0,0,0,0,1,0,0,0,0,2,30,HOMBRE,ILESO,CONDUCTOR PRESENTE,NO,SI,3
16841,54012,54013,2018,0,0,-0.111705,-78.507641,PICHINCHA,QUITO,QUITO,RURAL,2018-12-25,01:30:00,1,MARTES,2,DICIEMBRE,12,SI,CONDUCIR VEHICULO SUPERANDO LOS LIMITES MAXIMOS DE VELOCIDAD.,ESTRELLAMIENTOS,AUTOMOVIL,1,0,0,0,0,0,0,0,0,0,0,0,0,1,40,MUJER,ILESO,CONDUCTOR PRESENTE,NO,NO,3
16842,54023,54024,2018,0,0,-0.088776,-78.396757,PICHINCHA,QUITO,CALDERON (CARAPUNGO),RURAL,2018-12-25,05:00:00,5,MARTES,2,DICIEMBRE,12,SI,NO CEDER EL DERECHO DE VIA O PREFERENCIA DE PASO AL PEATON.,PERDIDA DE CARRIL,VEHICULO DEPORTIVO UTILITARIO,0,0,0,0,0,0,0,0,0,0,0,0,1,1,1,HOMBRE,NO IDENTIFICADO,CONDUCTOR AUSENTE,NO,SI,3
16843,54029,54030,2018,1,0,-0.189967,-78.453831,PICHINCHA,QUITO,NAYON,RURAL,2018-12-25,06:25:00,6,MARTES,2,DICIEMBRE,12,SI,"PRESENCIA DE AGENTES EXTERNOS EN LA VIA (AGUA, ACEITE, PIEDRA, LASTRE, ESCOMBROS, MADEROS, ETC.).",ESTRELLAMIENTOS,AUTOMOVIL,1,0,0,0,0,0,0,0,0,0,0,0,0,1,38,HOMBRE,LESIONADO,PASAJERO,NO,NO,3
16844,54040,54041,2018,0,0,-0.260629,-78.546185,PICHINCHA,QUITO,QUITO,URBANA,2018-12-25,09:00:00,9,MARTES,2,DICIEMBRE,12,SI,"CONDUCE BAJO LA INFLUENCIA DE ALCOHOL, SUSTANCIAS ESTUPEFACIENTES O PSICOTROPICAS Y/O MEDICAMENTOS.",CHOQUE LATERAL,AUTOMOVIL,1,0,0,0,0,0,0,1,0,0,0,0,0,2,38,HOMBRE,ILESO,CONDUCTOR PRESENTE,NO,NO,0
16845,54046,54047,2018,1,0,-0.176255,-78.455172,PICHINCHA,QUITO,QUITO,URBANA,2018-12-25,12:20:00,12,MARTES,2,DICIEMBRE,12,SI,"PRESENCIA DE AGENTES EXTERNOS EN LA VIA (AGUA, ACEITE, PIEDRA, LASTRE, ESCOMBROS, MADEROS, ETC.).",PERDIDA DE CARRIL,MOTOCICLETA,0,0,0,0,0,0,0,0,1,0,0,0,0,1,25,HOMBRE,LESIONADO,CONDUCTOR PRESENTE,NO,NO,0
16846,54058,54059,2018,1,0,-0.292259,-78.544063,PICHINCHA,QUITO,QUITO,URBANA,2018-12-25,14:30:00,14,MARTES,2,DICIEMBRE,12,SI,NO GUARDAR LA DISTANCIA LATERAL MINIMA DE SEGURIDAD ENTRE VEHICULOS.,CHOQUE LATERAL,BUS,0,0,1,0,0,0,0,0,1,0,0,0,0,2,33,HOMBRE,LESIONADO,CONDUCTOR PRESENTE,NO,NO,0
16847,54059,54060,2018,0,0,-0.227116,-78.506847,PICHINCHA,QUITO,QUITO,URBANA,2018-12-25,14:50:00,14,MARTES,2,DICIEMBRE,12,SI,"CONDUCE BAJO LA INFLUENCIA DE ALCOHOL, SUSTANCIAS ESTUPEFACIENTES O PSICOTROPICAS Y/O MEDICAMENTOS.",ESTRELLAMIENTOS,AUTOMOVIL,1,0,0,0,0,0,0,0,0,0,0,0,0,1,20,HOMBRE,ILESO,CONDUCTOR PRESENTE,NO,NO,0
16848,54064,54065,2018,0,0,-0.215158,-78.498234,PICHINCHA,QUITO,QUITO,URBANA,2018-12-25,16:45:00,16,MARTES,2,DICIEMBRE,12,SI,"CONDUCIR EN ESTADO DE SOMNOLENCIA O MALAS CONDICIONES FISICAS (SUENIO, CANSANCIO Y FATIGA).",ESTRELLAMIENTOS,AUTOMOVIL,1,0,0,0,0,0,0,0,0,0,0,0,0,1,-1,NO IDENTIFICADO,NO IDENTIFICADO,CONDUCTOR AUSENTE,NO,NO,2
16849,54070,54071,2018,1,0,-0.094256,-78.471986,PICHINCHA,QUITO,QUITO,URBANA,2018-12-25,18:10:00,18,MARTES,2,DICIEMBRE,12,SI,"CONDUCE BAJO LA INFLUENCIA DE ALCOHOL, SUSTANCIAS ESTUPEFACIENTES O PSICOTROPICAS Y/O MEDICAMENTOS.",CHOQUE LATERAL,AUTOMOVIL,2,0,0,0,0,0,0,0,0,0,0,0,0,2,40,HOMBRE,LESIONADO,CONDUCTOR PRESENTE,NO,NO,0
16850,54074,54075,2018,1,0,-0.355057,-78.549323,PICHINCHA,QUITO,QUITO,URBANA,2018-12-25,19:30:00,19,MARTES,2,DICIEMBRE,12,SI,"CONDUCE BAJO LA INFLUENCIA DE ALCOHOL, SUSTANCIAS ESTUPEFACIENTES O PSICOTROPICAS Y/O MEDICAMENTOS.",CHOQUE LATERAL,MOTOCICLETA,0,0,0,0,1,0,0,0,1,0,0,0,0,2,19,HOMBRE,LESIONADO,CONDUCTOR PRESENTE,NO,NO,0
16851,54076,54077,2018,0,0,-0.269397,-78.547278,PICHINCHA,QUITO,QUITO,URBANA,2018-12-25,19:35:00,19,MARTES,2,DICIEMBRE,12,SI,NO GUARDAR LA DISTANCIA LATERAL MINIMA DE SEGURIDAD ENTRE VEHICULOS.,CHOQUE LATERAL,MOTOCICLETA,0,0,0,0,0,0,0,0,2,0,0,0,0,2,21,HOMBRE,ILESO,CONDUCTOR PRESENTE,NO,NO,0
16852,54079,54080,2018,1,0,-0.173164,-78.498651,PICHINCHA,QUITO,QUITO,URBANA,2018-12-25,20:00:00,20,MARTES,2,DICIEMBRE,12,SI,"CONDUCE BAJO LA INFLUENCIA DE ALCOHOL, SUSTANCIAS ESTUPEFACIENTES O PSICOTROPICAS Y/O MEDICAMENTOS.",CHOQUE LATERAL,AUTOMOVIL,2,0,0,0,0,0,0,0,0,0,0,0,0,2,29,MUJER,LESIONADO,CONDUCTOR PRESENTE,NO,NO,0
16853,54089,54090,2018,1,0,-0.209552,-78.514455,PICHINCHA,QUITO,QUITO,RURAL,2018-12-25,23:20:00,23,MARTES,2,DICIEMBRE,12,SI,"CONDUCIR DESATENTO A LAS CONDICIONES DE TRANSITO (CELULAR, PANTALLAS DE VIDEO, COMIDA, MAQUILLAJE O CUALQUIER OTRO ELEMENTO DISTRACTOR).",ATROPELLOS,AUTOMOVIL,2,0,0,0,0,0,0,0,0,0,0,0,0,2,25,HOMBRE,LESIONADO,PEATON,NO,NO,3
16854,54094,54095,2018,0,0,-0.328831,-78.560625,PICHINCHA,QUITO,QUITO,URBANA,2018-12-26,01:15:00,1,MIERCOLES,3,DICIEMBRE,12,NO,NO GUARDAR LA DISTANCIA LATERAL MINIMA DE SEGURIDAD ENTRE VEHICULOS.,CHOQUE LATERAL,AUTOMOVIL,1,0,0,0,0,0,0,0,1,0,0,0,0,2,41,HOMBRE,ILESO,CONDUCTOR PRESENTE,NO,NO,0
16855,54099,54100,2018,0,0,-0.242611,-78.495348,PICHINCHA,QUITO,QUITO,URBANA,2018-12-26,06:02:00,6,MIERCOLES,3,DICIEMBRE,12,NO,"CONDUCIR EN ESTADO DE SOMNOLENCIA O MALAS CONDICIONES FISICAS (SUENIO, CANSANCIO Y FATIGA).",ESTRELLAMIENTOS,AUTOMOVIL,1,0,0,0,0,0,0,0,0,0,0,0,0,1,-1,NO IDENTIFICADO,NO IDENTIFICADO,CONDUCTOR AUSENTE,NO,NO,2
16856,54107,54108,2018,0,0,-0.279531,-78.475724,PICHINCHA,QUITO,CONOCOTO,RURAL,2018-12-26,07:20:00,7,MIERCOLES,3,DICIEMBRE,12,NO,"CONDUCE BAJO LA INFLUENCIA DE ALCOHOL, SUSTANCIAS ESTUPEFACIENTES O PSICOTROPICAS Y/O MEDICAMENTOS.",CHOQUE FRONTAL,AUTOMOVIL,2,0,0,0,0,0,0,0,0,0,0,0,0,2,29,HOMBRE,ILESO,CONDUCTOR PRESENTE,NO,NO,3
16857,54109,54110,2018,1,0,-0.190518,-78.495761,PICHINCHA,QUITO,QUITO,URBANA,2018-12-26,09:38:00,9,MIERCOLES,3,DICIEMBRE,12,NO,"NO RESPETAR LAS SENIALES REGLAMENTARIAS DE TRANSITO. (PARE, CEDA EL PASO, LUZ ROJA DEL SEMAFORO, ETC).",CHOQUE LATERAL,AUTOMOVIL,1,0,0,0,1,0,0,0,0,0,0,0,0,2,58,MUJER,LESIONADO,PASAJERO,NO,NO,0
16858,54111,54112,2018,1,0,-0.164052,-78.471665,PICHINCHA,QUITO,QUITO,URBANA,2018-12-26,11:42:00,11,MIERCOLES,3,DICIEMBRE,12,NO,PEATON QUE CRUZA LA CALZADA SIN RESPETAR LA SENIALIZACION EXISTENTE (SEMAFOROS O SENIALES MANUALES).,ATROPELLOS,AUTOMOVIL,1,0,0,0,0,0,0,0,0,0,0,0,0,1,29,HOMBRE,LESIONADO,PEATON,NO,NO,0
16859,54114,54115,2018,0,0,-0.140769,-78.470157,PICHINCHA,QUITO,QUITO,URBANA,2018-12-26,12:20:00,12,MIERCOLES,3,DICIEMBRE,12,NO,NO CEDER EL DERECHO DE VIA O PREFERENCIA DE PASO A VEHICULOS.,CHOQUE POSTERIOR,MOTOCICLETA,0,0,0,0,0,0,0,0,1,1,0,0,0,2,35,HOMBRE,ILESO,CONDUCTOR PRESENTE,NO,NO,0
16860,54115,54116,2018,1,0,-0.209056,-78.500436,PICHINCHA,QUITO,QUITO,URBANA,2018-12-26,12:58:00,12,MIERCOLES,3,DICIEMBRE,12,NO,NO TRANSITAR POR LAS ACERAS O ZONAS DE SEGURIDAD DESTINADAS PARA EL EFECTO.,ATROPELLOS,AUTOMOVIL,1,0,0,0,0,0,0,0,0,0,0,0,0,1,16,MUJER,LESIONADO,PEATON,NO,NO,0
16861,54117,54118,2018,0,1,-0.271125,-78.551998,PICHINCHA,QUITO,QUITO,URBANA,2018-12-26,13:20:00,13,MIERCOLES,3,DICIEMBRE,12,NO,NO TRANSITAR POR LAS ACERAS O ZONAS DE SEGURIDAD DESTINADAS PARA EL EFECTO.,ATROPELLOS,BUS,0,0,1,0,0,0,0,0,0,0,0,0,0,1,15,MUJER,FALLECIDO,PEATON,NO,NO,0
16862,54120,54121,2018,0,0,-0.270844,-78.519164,PICHINCHA,QUITO,QUITO,URBANA,2018-12-26,14:30:00,14,MIERCOLES,3,DICIEMBRE,12,NO,CONDUCIR VEHICULO SUPERANDO LOS LIMITES MAXIMOS DE VELOCIDAD.,PERDIDA DE PISTA,MOTOCICLETA,0,0,0,0,0,0,0,0,1,0,0,0,0,1,-1,NO IDENTIFICADO,NO IDENTIFICADO,CONDUCTOR AUSENTE,NO,NO,2
16863,54126,54127,2018,0,0,-0.181537,-78.481949,PICHINCHA,QUITO,QUITO,URBANA,2018-12-26,17:00:00,17,MIERCOLES,3,DICIEMBRE,12,NO,NO GUARDAR LA DISTANCIA LATERAL MINIMA DE SEGURIDAD ENTRE VEHICULOS.,CHOQUE LATERAL,AUTOMOVIL,2,0,0,0,0,0,0,0,0,0,0,0,0,2,40,HOMBRE,ILESO,CONDUCTOR PRESENTE,NO,NO,0
16864,54133,54134,2018,0,0,-0.327991,-78.542237,PICHINCHA,QUITO,QUITO,URBANA,2018-12-26,20:15:00,20,MIERCOLES,3,DICIEMBRE,12,NO,"CONDUCE BAJO LA INFLUENCIA DE ALCOHOL, SUSTANCIAS ESTUPEFACIENTES O PSICOTROPICAS Y/O MEDICAMENTOS.",ROZAMIENTOS,CAMION,0,0,0,1,1,0,0,0,0,0,0,0,0,2,53,HOMBRE,ILESO,CONDUCTOR PRESENTE,NO,NO,0
16865,54135,54136,2018,1,0,-0.122271,-78.485151,PICHINCHA,QUITO,QUITO,URBANA,2018-12-26,20:42:00,20,MIERCOLES,3,DICIEMBRE,12,NO,NO CEDER EL DERECHO DE VIA O PREFERENCIA DE PASO A VEHICULOS.,CHOQUE LATERAL,MOTOCICLETA,0,0,0,0,0,0,0,0,1,1,0,0,0,2,25,HOMBRE,LESIONADO,CONDUCTOR PRESENTE,NO,NO,0
16866,54137,54138,2018,0,0,-0.133511,-78.467772,PICHINCHA,QUITO,QUITO,URBANA,2018-12-26,21:00:00,21,MIERCOLES,3,DICIEMBRE,12,NO,NO MANTENER LA DISTANCIA PRUDENCIAL CON RESPECTO AL VEHICULO QUE LE ANTECEDE.,CHOQUE POSTERIOR,AUTOMOVIL,1,0,0,0,0,0,0,0,0,1,0,0,0,2,-1,NO IDENTIFICADO,NO IDENTIFICADO,CONDUCTOR AUSENTE,NO,NO,2
16867,54139,54140,2018,0,0,-0.282595,-78.470666,PICHINCHA,QUITO,CONOCOTO,RURAL,2018-12-26,22:10:00,22,MIERCOLES,3,DICIEMBRE,12,NO,"CONDUCE BAJO LA INFLUENCIA DE ALCOHOL, SUSTANCIAS ESTUPEFACIENTES O PSICOTROPICAS Y/O MEDICAMENTOS.",ROZAMIENTOS,AUTOMOVIL,2,0,0,0,0,0,0,0,0,0,0,0,0,2,26,HOMBRE,ILESO,CONDUCTOR PRESENTE,NO,NO,3
16868,54143,54144,2018,0,0,-0.123011,-78.493947,PICHINCHA,QUITO,QUITO,URBANA,2018-12-27,00:00:00,0,JUEVES,4,DICIEMBRE,12,NO,"CONDUCE BAJO LA INFLUENCIA DE ALCOHOL, SUSTANCIAS ESTUPEFACIENTES O PSICOTROPICAS Y/O MEDICAMENTOS.",CHOQUE LATERAL,AUTOMOVIL,2,0,0,0,0,0,0,0,0,0,0,0,0,2,25,HOMBRE,ILESO,CONDUCTOR PRESENTE,NO,NO,0
16869,54144,54145,2018,3,0,-0.232484,-78.493231,PICHINCHA,QUITO,QUITO,RURAL,2018-12-27,00:05:00,0,JUEVES,4,DICIEMBRE,12,NO,CONDUCIR VEHICULO SUPERANDO LOS LIMITES MAXIMOS DE VELOCIDAD.,ESTRELLAMIENTOS,BUS,0,0,1,0,0,0,0,0,0,0,0,0,0,1,43,HOMBRE,LESIONADO,PASAJERO,NO,NO,3
16870,54145,54146,2018,0,0,-0.261591,-78.530804,PICHINCHA,QUITO,QUITO,URBANA,2018-12-27,00:05:00,0,JUEVES,4,DICIEMBRE,12,NO,"CONDUCE BAJO LA INFLUENCIA DE ALCOHOL, SUSTANCIAS ESTUPEFACIENTES O PSICOTROPICAS Y/O MEDICAMENTOS.",CHOQUE POSTERIOR,CAMION,1,0,0,1,0,0,0,0,0,0,0,0,0,2,22,HOMBRE,ILESO,CONDUCTOR PRESENTE,NO,NO,0
16871,54152,54153,2018,0,0,-0.242061,-78.546305,PICHINCHA,QUITO,QUITO,URBANA,2018-12-27,05:50:00,5,JUEVES,4,DICIEMBRE,12,NO,CONDUCIR VEHICULO SUPERANDO LOS LIMITES MAXIMOS DE VELOCIDAD.,ATROPELLOS,NO IDENTIFICADO,0,0,0,0,0,0,0,0,0,1,0,0,0,1,71,HOMBRE,NO IDENTIFICADO,CONDUCTOR AUSENTE,NO,NO,0
16872,54155,54156,2018,0,0,-0.297176,-78.520592,PICHINCHA,QUITO,QUITO,URBANA,2018-12-27,06:31:00,6,JUEVES,4,DICIEMBRE,12,NO,CONDUCIR VEHICULO SUPERANDO LOS LIMITES MAXIMOS DE VELOCIDAD.,ESTRELLAMIENTOS,CAMIONETA,0,0,0,0,1,0,0,0,0,0,0,0,0,1,22,HOMBRE,ILESO,CONDUCTOR PRESENTE,NO,NO,0
16873,54159,54160,2018,1,0,-0.314935,-78.559453,PICHINCHA,QUITO,QUITO,URBANA,2018-12-27,08:20:00,8,JUEVES,4,DICIEMBRE,12,NO,DEJAR O RECOGER PASAJEROS EN LUGARES NO PERMITIDOS.,CAIDA DE PASAJERO,NO IDENTIFICADO,0,0,0,0,0,0,0,0,0,1,0,0,0,1,23,MUJER,LESIONADO,PASAJERO,NO,NO,0
16874,54161,54162,2018,0,0,-0.184991,-78.509955,PICHINCHA,QUITO,QUITO,URBANA,2018-12-27,08:40:00,8,JUEVES,4,DICIEMBRE,12,NO,NO MANTENER LA DISTANCIA PRUDENCIAL CON RESPECTO AL VEHICULO QUE LE ANTECEDE.,CHOQUE POSTERIOR,AUTOMOVIL,2,0,0,0,0,0,0,0,0,0,0,0,0,2,43,HOMBRE,ILESO,CONDUCTOR PRESENTE,NO,NO,0
16875,54169,54170,2018,1,0,-0.008343,-78.446297,PICHINCHA,QUITO,SAN ANTONIO (QUITO),RURAL,2018-12-27,11:15:00,11,JUEVES,4,DICIEMBRE,12,NO,PEATON QUE CRUZA LA CALZADA SIN RESPETAR LA SENIALIZACION EXISTENTE (SEMAFOROS O SENIALES MANUALES).,ATROPELLOS,CAMIONETA,0,0,0,0,1,0,0,0,0,0,0,0,0,1,10,MUJER,LESIONADO,PEATON,NO,NO,3
16876,54174,54175,2018,0,0,-0.013076,-78.474456,PICHINCHA,QUITO,SAN ANTONIO (QUITO),RURAL,2018-12-27,13:04:00,13,JUEVES,4,DICIEMBRE,12,NO,"PRESENCIA DE AGENTES EXTERNOS EN LA VIA (AGUA, ACEITE, PIEDRA, LASTRE, ESCOMBROS, MADEROS, ETC.).",CHOQUE LATERAL,AUTOMOVIL,2,0,0,0,0,0,0,0,0,0,0,0,0,2,21,HOMBRE,ILESO,CONDUCTOR PRESENTE,NO,NO,3
16877,54186,54187,2018,0,0,-0.513911,-78.568729,PICHINCHA,MEJIA,MACHACHI,RURAL,2018-12-27,15:40:00,15,JUEVES,4,DICIEMBRE,12,NO,"CONDUCIR DESATENTO A LAS CONDICIONES DE TRANSITO (CELULAR, PANTALLAS DE VIDEO, COMIDA, MAQUILLAJE O CUALQUIER OTRO ELEMENTO DISTRACTOR).",ATROPELLOS,MOTOCICLETA,0,0,0,0,0,0,0,0,1,0,0,0,0,1,19,HOMBRE,ILESO,CONDUCTOR PRESENTE,NO,SI,3
16878,54188,54189,2018,1,0,-0.114905,-78.479211,PICHINCHA,QUITO,QUITO,URBANA,2018-12-27,16:13:00,16,JUEVES,4,DICIEMBRE,12,NO,NO TRANSITAR POR LAS ACERAS O ZONAS DE SEGURIDAD DESTINADAS PARA EL EFECTO.,ATROPELLOS,AUTOMOVIL,1,0,0,0,0,0,0,0,0,0,0,0,0,1,14,MUJER,LESIONADO,PEATON,NO,NO,0
16879,54192,54193,2018,1,0,-0.068558,-78.372829,PICHINCHA,QUITO,GUAYLLABAMBA,RURAL,2018-12-27,17:06:00,17,JUEVES,4,DICIEMBRE,12,NO,NO CEDER EL DERECHO DE VIA O PREFERENCIA DE PASO AL PEATON.,PERDIDA DE CARRIL,CAMION,1,0,0,1,1,0,0,0,0,0,0,0,0,3,42,HOMBRE,LESIONADO,CONDUCTOR PRESENTE,NO,NO,3
16880,54194,54195,2018,1,0,-0.243344,-78.519991,PICHINCHA,QUITO,QUITO,URBANA,2018-12-27,17:37:00,17,JUEVES,4,DICIEMBRE,12,NO,NO TRANSITAR POR LAS ACERAS O ZONAS DE SEGURIDAD DESTINADAS PARA EL EFECTO.,ATROPELLOS,CAMION,0,0,0,1,0,0,0,0,0,0,0,0,0,1,6,HOMBRE,LESIONADO,PEATON,NO,NO,0