,Unnamed: 0,ID,ANIO,LESIONADOS,FALLECIDOS,LATITUD_Y,LONGITUD_X,PROVINCIA,CANTON,PARROQUIA,ZONA,FECHA,HORA,PERIODO_2,DIA_1,DIA_2,MES_1,MES_2,FERIADO,CAUSA_PROBABLE,TIPO_DE_SINIESTRO,TIPO_DE_VEHICULO_1,AUTOMOVIL,BICICLETA,BUS,CAMION,CAMIONETA,EMERGENCIAS,ESPECIAL,FURGONETA,MOTOCICLETA,NO_IDENTIFICADO,SCOOTER_ELECTRICO,TRICIMOTO,VEHICULO_DEPORTIVO_UTILITARIO,SUMA_DE_VEHICULOS,EDAD_1,SEXO_1,CONDICION_1,PARTICIPANTE_1,CASCO_1,CINTURON_1,KMeans_Cluster
16994,54682,54683,2019,1,0,-0.244831,-78.514223,PICHINCHA,QUITO,QUITO,URBANA,2019-01-03,12:09:00,12,JUEVES,4,ENERO,1,NO,"PEATON TRANSITA BAJO INFLUENCIA DE ALCOHOL, SUSTANCIAS ESTUPEFACIENTES O PSICOTROPICAS Y/O MEDICAMENTOS.",ATROPELLOS,BUS,0,0,1,0,0,0,0,0,0,0,0,0,0,1,60,HOMBRE,LESIONADO,PEATON,NO,NO,0
16995,54683,54684,2019,0,0,-0.276711,-78.512819,PICHINCHA,QUITO,QUITO,URBANA,2019-01-03,13:00:00,13,JUEVES,4,ENERO,1,NO,"CONDUCIR DESATENTO A LAS CONDICIONES DE TRANSITO (CELULAR, PANTALLAS DE VIDEO, COMIDA, MAQUILLAJE O CUALQUIER OTRO ELEMENTO DISTRACTOR).",CHOQUE POSTERIOR,AUTOMOVIL,1,0,0,1,0,0,0,0,0,0,0,0,0,2,75,HOMBRE,ILESO,CONDUCTOR PRESENTE,NO,NO,0
16996,54684,54685,2019,0,0,-0.186516,-78.479499,PICHINCHA,QUITO,QUITO,URBANA,2019-01-03,14:00:00,14,JUEVES,4,ENERO,1,NO,NO MANTENER LA DISTANCIA PRUDENCIAL CON RESPECTO AL VEHICULO QUE LE ANTECEDE.,CHOQUE POSTERIOR,AUTOMOVIL,2,0,0,0,0,0,0,0,0,0,0,0,0,2,58,HOMBRE,ILESO,CONDUCTOR PRESENTE,NO,NO,0
16997,54691,54692,2019,1,0,-0.215377,-78.515878,PICHINCHA,QUITO,QUITO,URBANA,2019-01-03,16:49:00,16,JUEVES,4,ENERO,1,NO,DEJAR O RECOGER PASAJEROS EN LUGARES NO PERMITIDOS.,CAIDA DE PASAJERO,BUS,0,0,1,0,0,0,0,0,0,0,0,0,0,1,7,HOMBRE,LESIONADO,PASAJERO,NO,NO,0
16998,54695,54696,2019,0,0,-0.212824,-78.402686,PICHINCHA,QUITO,TUMBACO,RURAL,2019-01-03,18:30:00,18,JUEVES,4,ENERO,1,NO,"CONDUCIR EN ESTADO DE SOMNOLENCIA O MALAS CONDICIONES FISICAS (SUENIO, CANSANCIO Y FATIGA).",ESTRELLAMIENTOS,CAMION,0,0,0,1,0,0,0,0,0,0,0,0,0,1,27,HOMBRE,ILESO,CONDUCTOR PRESENTE,NO,NO,3
16999,54713,54714,2019,1,0,-0.210536,-78.504042,PICHINCHA,QUITO,QUITO,URBANA,2019-01-04,09:15:00,9,VIERNES,5,ENERO,1,NO,NO TRANSITAR POR LAS ACERAS O ZONAS DE SEGURIDAD DESTINADAS PARA EL EFECTO.,ATROPELLOS,BUS,0,0,1,0,0,0,0,0,0,0,0,0,0,1,26,HOMBRE,LESIONADO,PEATON,NO,NO,0
17000,54721,54722,2019,0,0,-0.334293,-78.466966,PICHINCHA,RUMINIAHUI,SANGOLQUI,RURAL,2019-01-04,10:40:00,10,VIERNES,5,ENERO,1,NO,"CONDUCIR DESATENTO A LAS CONDICIONES DE TRANSITO (CELULAR, PANTALLAS DE VIDEO, COMIDA, MAQUILLAJE O CUALQUIER OTRO ELEMENTO DISTRACTOR).",CHOQUE POSTERIOR,CAMION,0,0,0,1,0,0,0,0,0,0,0,0,1,2,52,HOMBRE,ILESO,CONDUCTOR PRESENTE,NO,SI,3
17001,54723,54724,2019,1,0,-0.273534,-78.541649,PICHINCHA,QUITO,QUITO,URBANA,2019-01-04,12:15:00,12,VIERNES,5,ENERO,1,NO,NO CEDER EL DERECHO DE VIA O PREFERENCIA DE PASO A VEHICULOS.,CHOQUE LATERAL,MOTOCICLETA,1,0,0,0,0,0,0,0,1,0,0,0,0,2,61,HOMBRE,LESIONADO,CONDUCTOR PRESENTE,SI,NO,0
17002,54728,54729,2019,1,0,-0.256733,-78.542807,PICHINCHA,QUITO,QUITO,URBANA,2019-01-04,13:50:00,13,VIERNES,5,ENERO,1,NO,DEJAR O RECOGER PASAJEROS EN LUGARES NO PERMITIDOS.,CAIDA DE PASAJERO,BUS,0,0,1,0,0,0,0,0,0,0,0,0,0,1,47,MUJER,LESIONADO,PEATON,NO,NO,0
17003,54733,54734,2019,1,0,-0.321645,-78.564612,PICHINCHA,QUITO,QUITO,URBANA,2019-01-04,16:10:00,16,VIERNES,5,ENERO,1,NO,NO TRANSITAR POR LAS ACERAS O ZONAS DE SEGURIDAD DESTINADAS PARA EL EFECTO.,ATROPELLOS,CAMIONETA,0,0,0,0,1,0,0,0,0,0,0,0,0,1,66,HOMBRE,LESIONADO,PEATON,NO,NO,0
17004,54737,54738,2019,1,0,-0.224383,-78.496888,PICHINCHA,QUITO,QUITO,URBANA,2019-01-04,17:00:00,17,VIERNES,5,ENERO,1,NO,REALIZAR CAMBIO BRUSCO O INDEBIDO DE CARRIL.,PERDIDA DE CARRIL,MOTOCICLETA,0,0,0,0,0,0,0,0,1,0,0,0,0,1,48,HOMBRE,LESIONADO,CONDUCTOR PRESENTE,SI,NO,0
17005,54739,54740,2019,1,0,-0.241961,-78.532528,PICHINCHA,QUITO,QUITO,URBANA,2019-01-04,17:55:00,17,VIERNES,5,ENERO,1,NO,REALIZAR CAMBIO BRUSCO O INDEBIDO DE CARRIL.,CHOQUE LATERAL,MOTOCICLETA,0,0,0,0,0,0,0,0,1,1,0,0,0,2,27,HOMBRE,LESIONADO,CONDUCTOR PRESENTE,NO,NO,0
17006,54741,54742,2019,0,0,-0.125714,-78.500374,PICHINCHA,QUITO,QUITO,URBANA,2019-01-04,18:20:00,18,VIERNES,5,ENERO,1,NO,REALIZAR CAMBIO BRUSCO O INDEBIDO DE CARRIL.,CHOQUE LATERAL,AUTOMOVIL,1,0,0,0,1,0,0,0,0,0,0,0,0,2,66,MUJER,ILESO,CONDUCTOR PRESENTE,NO,NO,0
17007,54750,54751,2019,2,0,-0.312059,-78.547352,PICHINCHA,QUITO,QUITO,URBANA,2019-01-04,20:35:00,20,VIERNES,5,ENERO,1,NO,REALIZAR CAMBIO BRUSCO O INDEBIDO DE CARRIL.,PERDIDA DE CARRIL,MOTOCICLETA,0,0,0,0,0,0,0,0,1,0,0,0,0,1,22,HOMBRE,LESIONADO,PASAJERO,SI,NO,0
17008,54752,54753,2019,0,0,-0.236662,-78.508294,PICHINCHA,QUITO,QUITO,URBANA,2019-01-04,21:50:00,21,VIERNES,5,ENERO,1,NO,"CONDUCIR DESATENTO A LAS CONDICIONES DE TRANSITO (CELULAR, PANTALLAS DE VIDEO, COMIDA, MAQUILLAJE O CUALQUIER OTRO ELEMENTO DISTRACTOR).",OTROS,AUTOMOVIL,1,0,0,0,0,0,0,0,0,1,0,0,0,2,50,HOMBRE,ILESO,CONDUCTOR PRESENTE,NO,NO,0
17009,54753,54754,2019,0,0,-0.126617,-78.491793,PICHINCHA,QUITO,QUITO,URBANA,2019-01-04,22:00:00,22,VIERNES,5,ENERO,1,NO,"NO RESPETAR LAS SENIALES REGLAMENTARIAS DE TRANSITO. (PARE, CEDA EL PASO, LUZ ROJA DEL SEMAFORO, ETC).",CHOQUE LATERAL,AUTOMOVIL,2,0,0,0,0,0,0,0,0,0,0,0,0,2,30,MUJER,ILESO,CONDUCTOR PRESENTE,NO,NO,0
17010,54754,54755,2019,0,0,-0.119381,-78.471224,PICHINCHA,QUITO,QUITO,URBANA,2019-01-04,22:15:00,22,VIERNES,5,ENERO,1,NO,CONDUCIR VEHICULO SUPERANDO LOS LIMITES MAXIMOS DE VELOCIDAD.,VOLCAMIENTOS,AUTOMOVIL,1,0,0,0,0,0,0,0,0,0,0,0,0,1,34,MUJER,ILESO,CONDUCTOR PRESENTE,NO,NO,0
17011,54756,54757,2019,1,0,-0.217302,-78.399421,PICHINCHA,QUITO,TUMBACO,RURAL,2019-01-04,22:50:00,22,VIERNES,5,ENERO,1,NO,"FALLA MECANICA EN LOS SISTEMAS Y/O NEUMATICOS (SISTEMA DE FRENOS, DIRECCION, ELECTRONICO O MECANICO).",OTROS,MOTOCICLETA,0,0,0,0,0,0,0,0,1,0,0,0,0,1,24,HOMBRE,LESIONADO,CONDUCTOR PRESENTE,NO,NO,3
17012,54760,54761,2019,1,0,-0.318016,-78.527162,PICHINCHA,QUITO,QUITO,URBANA,2019-01-04,23:45:00,23,VIERNES,5,ENERO,1,NO,"CONDUCE BAJO LA INFLUENCIA DE ALCOHOL, SUSTANCIAS ESTUPEFACIENTES O PSICOTROPICAS Y/O MEDICAMENTOS.",CHOQUE LATERAL,AUTOMOVIL,2,0,0,0,0,0,0,0,0,0,0,0,0,2,51,HOMBRE,LESIONADO,CONDUCTOR PRESENTE,NO,NO,0
17013,54761,54762,2019,0,0,-0.242681,-78.497364,PICHINCHA,QUITO,QUITO,URBANA,2019-01-04,23:50:00,23,VIERNES,5,ENERO,1,NO,"CONDUCIR DESATENTO A LAS CONDICIONES DE TRANSITO (CELULAR, PANTALLAS DE VIDEO, COMIDA, MAQUILLAJE O CUALQUIER OTRO ELEMENTO DISTRACTOR).",ESTRELLAMIENTOS,CAMIONETA,0,0,0,0,1,0,0,0,0,0,0,0,0,1,39,HOMBRE,ILESO,CONDUCTOR PRESENTE,NO,NO,0
17014,54762,54763,2019,0,0,-0.278441,-78.565012,PICHINCHA,QUITO,QUITO,URBANA,2019-01-05,00:20:00,0,SABADO,6,ENERO,1,NO,NO CEDER EL DERECHO DE VIA O PREFERENCIA DE PASO A VEHICULOS.,CHOQUE LATERAL,AUTOMOVIL,2,0,0,0,0,0,0,0,0,0,0,0,0,2,-1,NO IDENTIFICADO,NO IDENTIFICADO,CONDUCTOR AUSENTE,NO,NO,2
17015,54766,54767,2019,0,0,-0.262202,-78.528082,PICHINCHA,QUITO,QUITO,URBANA,2019-01-05,02:50:00,2,SABADO,6,ENERO,1,NO,"CONDUCIR EN ESTADO DE SOMNOLENCIA O MALAS CONDICIONES FISICAS (SUENIO, CANSANCIO Y FATIGA).",OTROS,MOTOCICLETA,0,0,0,0,0,0,0,0,1,0,0,0,0,1,-1,NO IDENTIFICADO,NO IDENTIFICADO,CONDUCTOR AUSENTE,NO,NO,2
17016,54772,54773,2019,0,0,-0.129459,-78.308544,PICHINCHA,QUITO,CHECA (CHILPA),RURAL,2019-01-05,05:45:00,5,SABADO,6,ENERO,1,NO,"CONDUCIR DESATENTO A LAS CONDICIONES DE TRANSITO (CELULAR, PANTALLAS DE VIDEO, COMIDA, MAQUILLAJE O CUALQUIER OTRO ELEMENTO DISTRACTOR).",COLISION,CAMIONETA,0,0,0,1,1,0,0,0,0,0,0,0,1,3,31,HOMBRE,ILESO,CONDUCTOR PRESENTE,NO,SI,3
17017,54773,54774,2019,1,0,-0.097252,-78.290777,PICHINCHA,QUITO,EL QUINCHE,RURAL,2019-01-05,06:00:00,6,SABADO,6,ENERO,1,NO,"CONDUCIR DESATENTO A LAS CONDICIONES DE TRANSITO (CELULAR, PANTALLAS DE VIDEO, COMIDA, MAQUILLAJE O CUALQUIER OTRO ELEMENTO DISTRACTOR).",CHOQUE LATERAL,MOTOCICLETA,1,0,0,0,0,0,0,0,1,0,0,0,0,2,21,HOMBRE,LESIONADO,CONDUCTOR PRESENTE,NO,SI,3
17018,54775,54776,2019,1,0,-0.278454,-78.552583,PICHINCHA,QUITO,QUITO,URBANA,2019-01-05,07:30:00,7,SABADO,6,ENERO,1,NO,NO TRANSITAR POR LAS ACERAS O ZONAS DE SEGURIDAD DESTINADAS PARA EL EFECTO.,ATROPELLOS,MOTOCICLETA,0,0,0,0,0,0,0,0,1,0,0,0,0,1,71,HOMBRE,LESIONADO,PEATON,NO,NO,0
17019,54777,54778,2019,0,1,-0.255721,-78.517763,PICHINCHA,QUITO,QUITO,URBANA,2019-01-05,09:20:00,9,SABADO,6,ENERO,1,NO,NO TRANSITAR POR LAS ACERAS O ZONAS DE SEGURIDAD DESTINADAS PARA EL EFECTO.,ARROLLAMIENTOS,NO IDENTIFICADO,0,0,0,0,0,0,0,0,0,1,0,0,0,1,-1,NO IDENTIFICADO,FALLECIDO,CONDUCTOR PRESENTE,NO,NO,0
17020,54780,54781,2019,1,0,-0.189479,-78.453468,PICHINCHA,QUITO,NAYON,RURAL,2019-01-05,10:45:00,10,SABADO,6,ENERO,1,NO,REALIZAR CAMBIO BRUSCO O INDEBIDO DE CARRIL.,COLISION,AUTOMOVIL,3,0,0,0,0,0,0,0,1,0,0,0,0,4,22,HOMBRE,LESIONADO,CONDUCTOR PRESENTE,SI,NO,3
17021,54797,54798,2019,1,0,-0.258982,-78.525429,PICHINCHA,QUITO,QUITO,URBANA,2019-01-05,15:45:00,15,SABADO,6,ENERO,1,NO,"CASO FORTUITO O FUERZA MAYOR (EXPLOSION DE NEUMATICO NUEVO, DERRUMBE, INUNDACION, CAIDA DE PUENTE, ARBOL, PRESENCIA INTEMPESTIVA E IMPREVISTA DE SEMOVIENTES EN LA VIA, ETC.).",OTROS,NO IDENTIFICADO,0,0,0,0,0,0,0,0,0,1,0,0,0,1,6,HOMBRE,LESIONADO,PEATON,NO,NO,0
17022,54804,54805,2019,0,0,-0.126486,-78.477887,PICHINCHA,QUITO,QUITO,URBANA,2019-01-05,17:40:00,17,SABADO,6,ENERO,1,NO,NO MANTENER LA DISTANCIA PRUDENCIAL CON RESPECTO AL VEHICULO QUE LE ANTECEDE.,CHOQUE POSTERIOR,AUTOMOVIL,1,0,0,0,0,0,0,0,0,1,0,0,0,2,64,MUJER,ILESO,CONDUCTOR PRESENTE,NO,NO,0
17023,54812,54813,2019,0,0,-0.111705,-78.507641,PICHINCHA,QUITO,QUITO,URBANA,2019-01-05,20:00:00,20,SABADO,6,ENERO,1,NO,"CONDUCE BAJO LA INFLUENCIA DE ALCOHOL, SUSTANCIAS ESTUPEFACIENTES O PSICOTROPICAS Y/O MEDICAMENTOS.",ROZAMIENTOS,AUTOMOVIL,2,0,0,0,0,0,0,0,0,0,0,0,0,2,50,HOMBRE,ILESO,CONDUCTOR PRESENTE,NO,NO,0
17024,54815,54816,2019,0,0,-0.215139,-78.433444,PICHINCHA,QUITO,CUMBAYA,URBANA,2019-01-05,20:30:00,20,SABADO,6,ENERO,1,NO,NO MANTENER LA DISTANCIA PRUDENCIAL CON RESPECTO AL VEHICULO QUE LE ANTECEDE.,CHOQUE POSTERIOR,AUTOMOVIL,2,0,0,0,0,0,0,0,0,0,0,0,0,2,36,HOMBRE,ILESO,CONDUCTOR PRESENTE,NO,NO,0
17025,54817,54818,2019,0,0,-0.163408,-78.320137,PICHINCHA,QUITO,YARUQUI,RURAL,2019-01-05,21:50:00,21,SABADO,6,ENERO,1,NO,"NO RESPETAR LAS SENIALES REGLAMENTARIAS DE TRANSITO. (PARE, CEDA EL PASO, LUZ ROJA DEL SEMAFORO, ETC).",ESTRELLAMIENTOS,NO IDENTIFICADO,0,0,0,0,0,0,0,0,0,1,0,0,0,1,-1,NO IDENTIFICADO,NO IDENTIFICADO,CONDUCTOR AUSENTE,NO,NO,2
17026,54820,54821,2019,1,0,-0.291144,-78.545957,PICHINCHA,QUITO,QUITO,URBANA,2019-01-05,23:50:00,23,SABADO,6,ENERO,1,NO,"CONDUCE BAJO LA INFLUENCIA DE ALCOHOL, SUSTANCIAS ESTUPEFACIENTES O PSICOTROPICAS Y/O MEDICAMENTOS.",VOLCAMIENTOS,MOTOCICLETA,0,0,0,0,0,0,0,0,1,0,0,0,0,1,24,MUJER,LESIONADO,PASAJERO,SI,NO,0
17027,54825,54826,2019,0,0,-0.284269,-78.518971,PICHINCHA,QUITO,QUITO,URBANA,2019-01-06,00:45:00,0,DOMINGO,7,ENERO,1,NO,"CONDUCIR EN ESTADO DE SOMNOLENCIA O MALAS CONDICIONES FISICAS (SUENIO, CANSANCIO Y FATIGA).",ESTRELLAMIENTOS,AUTOMOVIL,1,0,0,0,0,0,0,0,0,0,0,0,0,1,-1,NO IDENTIFICADO,NO IDENTIFICADO,CONDUCTOR AUSENTE,NO,NO,2
17028,54831,54832,2019,1,0,-0.350499,-78.549407,PICHINCHA,QUITO,QUITO,URBANA,2019-01-06,02:54:00,2,DOMINGO,7,ENERO,1,NO,"CONDUCE BAJO LA INFLUENCIA DE ALCOHOL, SUSTANCIAS ESTUPEFACIENTES O PSICOTROPICAS Y/O MEDICAMENTOS.",ATROPELLOS,MOTOCICLETA,0,0,0,0,0,0,0,0,1,0,0,0,0,1,24,HOMBRE,LESIONADO,PEATON,NO,NO,0
17029,54833,54834,2019,0,0,-0.111364,-78.489754,PICHINCHA,QUITO,QUITO,URBANA,2019-01-06,03:30:00,3,DOMINGO,7,ENERO,1,NO,"CONDUCIR EN ESTADO DE SOMNOLENCIA O MALAS CONDICIONES FISICAS (SUENIO, CANSANCIO Y FATIGA).",ESTRELLAMIENTOS,AUTOMOVIL,1,0,0,0,0,0,0,0,0,0,0,0,0,1,-1,NO IDENTIFICADO,NO IDENTIFICADO,CONDUCTOR AUSENTE,NO,NO,2
17030,54846,54847,2019,2,0,-0.158256,-78.485327,PICHINCHA,QUITO,QUITO,URBANA,2019-01-06,06:30:00,6,DOMINGO,7,ENERO,1,NO,"CONDUCE BAJO LA INFLUENCIA DE ALCOHOL, SUSTANCIAS ESTUPEFACIENTES O PSICOTROPICAS Y/O MEDICAMENTOS.",PERDIDA DE CARRIL,MOTOCICLETA,0,0,0,0,0,0,0,0,1,0,0,0,0,1,22,MUJER,LESIONADO,PASAJERO,NO,NO,0
17031,54852,54853,2019,1,0,-0.159088,-78.466714,PICHINCHA,QUITO,QUITO,URBANA,2019-01-06,08:05:00,8,DOMINGO,7,ENERO,1,NO,NO CEDER EL DERECHO DE VIA O PREFERENCIA DE PASO A VEHICULOS.,CHOQUE LATERAL,MOTOCICLETA,0,0,0,0,0,0,0,0,1,1,0,0,0,2,42,HOMBRE,LESIONADO,CONDUCTOR PRESENTE,NO,NO,0
17032,54859,54860,2019,1,0,-0.128452,-78.487414,PICHINCHA,QUITO,QUITO,URBANA,2019-01-06,10:20:00,10,DOMINGO,7,ENERO,1,NO,REALIZAR CAMBIO BRUSCO O INDEBIDO DE CARRIL.,PERDIDA DE CARRIL,MOTOCICLETA,0,0,0,0,0,0,0,0,1,0,0,0,0,1,28,HOMBRE,LESIONADO,CONDUCTOR PRESENTE,SI,NO,0
17033,54865,54866,2019,0,0,-0.003739,-78.517628,PICHINCHA,QUITO,CALACALI,RURAL,2019-01-06,13:15:00,13,DOMINGO,7,ENERO,1,NO,"CONDUCIR DESATENTO A LAS CONDICIONES DE TRANSITO (CELULAR, PANTALLAS DE VIDEO, COMIDA, MAQUILLAJE O CUALQUIER OTRO ELEMENTO DISTRACTOR).",PERDIDA DE PISTA,CAMION,0,0,0,1,0,0,0,0,0,0,0,0,0,1,20,HOMBRE,ILESO,CONDUCTOR PRESENTE,NO,SI,3
17034,54867,54868,2019,0,0,-0.292286,-78.534826,PICHINCHA,QUITO,QUITO,URBANA,2019-01-06,13:45:00,13,DOMINGO,7,ENERO,1,NO,CONDUCIR VEHICULO SUPERANDO LOS LIMITES MAXIMOS DE VELOCIDAD.,ESTRELLAMIENTOS,AUTOMOVIL,1,0,0,0,0,0,0,0,0,0,0,0,0,1,-1,NO IDENTIFICADO,NO IDENTIFICADO,CONDUCTOR AUSENTE,NO,NO,2
17035,54869,54870,2019,0,0,-0.196669,-78.466599,PICHINCHA,QUITO,QUITO,RURAL,2019-01-06,13:59:00,13,DOMINGO,7,ENERO,1,NO,REALIZAR CAMBIO BRUSCO O INDEBIDO DE CARRIL.,COLISION,AUTOMOVIL,2,0,0,1,0,0,0,0,0,0,0,0,0,3,38,HOMBRE,ILESO,CONDUCTOR PRESENTE,NO,NO,3
17036,54872,54873,2019,0,0,-0.230435,-78.513108,PICHINCHA,QUITO,QUITO,URBANA,2019-01-06,15:25:00,15,DOMINGO,7,ENERO,1,NO,"CONDUCE BAJO LA INFLUENCIA DE ALCOHOL, SUSTANCIAS ESTUPEFACIENTES O PSICOTROPICAS Y/O MEDICAMENTOS.",CHOQUE POSTERIOR,AUTOMOVIL,1,0,0,0,1,0,0,0,0,0,0,0,0,2,61,HOMBRE,ILESO,CONDUCTOR PRESENTE,NO,NO,0
17037,54873,54874,2019,0,0,-0.105373,-78.462381,PICHINCHA,QUITO,QUITO,RURAL,2019-01-06,15:50:00,15,DOMINGO,7,ENERO,1,NO,"CONDICIONES AMBIENTALES Y/O ATMOSFERICAS (NIEBLA, NEBLINA, GRANIZO, LLUVIA).",CHOQUE POSTERIOR,AUTOMOVIL,2,0,0,0,0,0,0,0,0,0,0,0,0,2,38,HOMBRE,ILESO,CONDUCTOR PRESENTE,NO,NO,3
17038,54874,54875,2019,2,0,-0.164141,-78.471675,PICHINCHA,QUITO,QUITO,URBANA,2019-01-06,16:10:00,16,DOMINGO,7,ENERO,1,NO,"ADELANTAR O REBASAR A OTRO VEHICULO EN MOVIMIENTO EN ZONAS O SITIOS PELIGROSOS TALES COMO: CURVAS, PUENTES, TUNELES, PENDIENTES, ETC.",CHOQUE LATERAL,AUTOMOVIL,1,0,0,0,1,0,0,0,0,0,0,0,0,2,22,MUJER,LESIONADO,PASAJERO,NO,NO,0
17039,54876,54877,2019,0,0,-0.186197,-78.447144,PICHINCHA,QUITO,NAYON,RURAL,2019-01-06,16:20:00,16,DOMINGO,7,ENERO,1,NO,"CONDICIONES AMBIENTALES Y/O ATMOSFERICAS (NIEBLA, NEBLINA, GRANIZO, LLUVIA).",ESTRELLAMIENTOS,AUTOMOVIL,1,0,0,0,0,0,0,0,0,0,0,0,0,1,19,HOMBRE,ILESO,CONDUCTOR PRESENTE,NO,NO,3
17040,54877,54878,2019,0,0,-0.215223,-78.405555,PICHINCHA,QUITO,TUMBACO,RURAL,2019-01-06,16:30:00,16,DOMINGO,7,ENERO,1,NO,"CONDICIONES AMBIENTALES Y/O ATMOSFERICAS (NIEBLA, NEBLINA, GRANIZO, LLUVIA).",COLISION,AUTOMOVIL,2,0,0,0,1,0,0,0,0,0,0,0,0,3,28,HOMBRE,ILESO,CONDUCTOR PRESENTE,NO,NO,3
17041,54882,54883,2019,4,1,-0.204406,-78.455977,PICHINCHA,QUITO,QUITO,RURAL,2019-01-06,17:20:00,17,DOMINGO,7,ENERO,1,NO,CONDUCIR VEHICULO SUPERANDO LOS LIMITES MAXIMOS DE VELOCIDAD.,ESTRELLAMIENTOS,FURGONETA,0,0,0,0,0,0,0,1,0,0,0,0,0,1,37,HOMBRE,FALLECIDO,PASAJERO,NO,NO,3
17042,54886,54887,2019,2,0,-0.239487,-78.523241,PICHINCHA,QUITO,QUITO,URBANA,2019-01-06,18:05:00,18,DOMINGO,7,ENERO,1,NO,"NO RESPETAR LAS SENIALES REGLAMENTARIAS DE TRANSITO. (PARE, CEDA EL PASO, LUZ ROJA DEL SEMAFORO, ETC).",CHOQUE LATERAL,MOTOCICLETA,1,0,0,0,0,0,0,0,1,0,0,0,0,2,20,MUJER,LESIONADO,PASAJERO,SI,NO,0
17043,54887,54888,2019,0,0,-0.273825,-78.510216,PICHINCHA,QUITO,QUITO,URBANA,2019-01-06,18:30:00,18,DOMINGO,7,ENERO,1,NO,NO MANTENER LA DISTANCIA PRUDENCIAL CON RESPECTO AL VEHICULO QUE LE ANTECEDE.,COLISION,AUTOMOVIL,3,0,0,0,0,0,0,0,0,0,0,0,0,3,39,HOMBRE,ILESO,CONDUCTOR PRESENTE,NO,NO,0
17044,54891,54892,2019,0,0,-0.204802,-78.376946,PICHINCHA,QUITO,TUMBACO,RURAL,2019-01-06,20:00:00,20,DOMINGO,7,ENERO,1,NO,"CONDUCE BAJO LA INFLUENCIA DE ALCOHOL, SUSTANCIAS ESTUPEFACIENTES O PSICOTROPICAS Y/O MEDICAMENTOS.",ESTRELLAMIENTOS,AUTOMOVIL,1,0,0,0,0,0,0,0,0,0,0,0,0,1,31,HOMBRE,ILESO,CONDUCTOR PRESENTE,NO,NO,3
17045,54912,54913,2019,0,0,-0.228204,-78.500631,PICHINCHA,QUITO,QUITO,URBANA,2019-01-07,08:00:00,8,LUNES,1,ENERO,1,NO,"CONDUCE BAJO LA INFLUENCIA DE ALCOHOL, SUSTANCIAS ESTUPEFACIENTES O PSICOTROPICAS Y/O MEDICAMENTOS.",VOLCAMIENTOS,AUTOMOVIL,1,0,0,0,0,0,0,0,0,0,0,0,0,1,30,HOMBRE,ILESO,CONDUCTOR PRESENTE,NO,NO,0
17046,54914,54915,2019,0,0,0.034927,-78.253741,PICHINCHA,PEDRO MONCAYO,LA ESPERANZA (PEDRO MONCAYO),RURAL,2019-01-07,09:00:00,9,LUNES,1,ENERO,1,NO,"CONDUCIR DESATENTO A LAS CONDICIONES DE TRANSITO (CELULAR, PANTALLAS DE VIDEO, COMIDA, MAQUILLAJE O CUALQUIER OTRO ELEMENTO DISTRACTOR).",COLISION,VEHICULO DEPORTIVO UTILITARIO,0,0,0,0,2,0,0,0,0,0,0,0,1,3,57,HOMBRE,ILESO,CONDUCTOR PRESENTE,NO,SI,3
17047,54915,54916,2019,1,0,-0.213145,-78.559718,PICHINCHA,QUITO,LLOA,URBANA,2019-01-07,09:20:00,9,LUNES,1,ENERO,1,NO,"ADELANTAR O REBASAR A OTRO VEHICULO EN MOVIMIENTO EN ZONAS O SITIOS PELIGROSOS TALES COMO: CURVAS, PUENTES, TUNELES, PENDIENTES, ETC.",CHOQUE FRONTAL,MOTOCICLETA,1,0,0,0,0,0,0,0,1,0,0,0,0,2,30,HOMBRE,LESIONADO,CONDUCTOR PRESENTE,SI,NO,0
17048,54917,54918,2019,0,0,-0.073605,-78.289791,PICHINCHA,CAYAMBE,ASCAZUBI,RURAL,2019-01-07,10:45:00,10,LUNES,1,ENERO,1,NO,"CONDUCIR DESATENTO A LAS CONDICIONES DE TRANSITO (CELULAR, PANTALLAS DE VIDEO, COMIDA, MAQUILLAJE O CUALQUIER OTRO ELEMENTO DISTRACTOR).",CHOQUE POSTERIOR,CAMION,0,0,1,1,0,0,0,0,0,0,0,0,0,2,35,HOMBRE,ILESO,CONDUCTOR PRESENTE,NO,SI,3
17049,54918,54919,2019,0,0,-0.254686,-78.504316,PICHINCHA,QUITO,QUITO,URBANA,2019-01-07,11:18:00,11,LUNES,1,ENERO,1,NO,"CONDUCIR DESATENTO A LAS CONDICIONES DE TRANSITO (CELULAR, PANTALLAS DE VIDEO, COMIDA, MAQUILLAJE O CUALQUIER OTRO ELEMENTO DISTRACTOR).",CHOQUE POSTERIOR,AUTOMOVIL,1,0,0,0,1,0,0,0,0,0,0,0,0,2,22,HOMBRE,ILESO,CONDUCTOR PRESENTE,NO,NO,0
17050,54920,54921,2019,1,0,-0.237387,-78.484528,PICHINCHA,QUITO,QUITO,URBANA,2019-01-07,12:55:00,12,LUNES,1,ENERO,1,NO,NO GUARDAR LA DISTANCIA LATERAL MINIMA DE SEGURIDAD ENTRE VEHICULOS.,CHOQUE LATERAL,CAMION,0,0,0,2,0,0,0,0,0,0,0,0,0,2,26,HOMBRE,LESIONADO,PASAJERO,NO,NO,0
17051,54927,54928,2019,1,0,-0.163294,-78.462564,PICHINCHA,QUITO,QUITO,URBANA,2019-01-07,15:25:00,15,LUNES,1,ENERO,1,NO,CONDUCIR VEHICULO SUPERANDO LOS LIMITES MAXIMOS DE VELOCIDAD.,VOLCAMIENTOS,CAMION,0,0,0,1,0,0,0,0,0,0,0,0,0,1,23,HOMBRE,LESIONADO,CONDUCTOR PRESENTE,NO,NO,0