,Unnamed: 0,ID,ANIO,LESIONADOS,FALLECIDOS,LATITUD_Y,LONGITUD_X,PROVINCIA,CANTON,PARROQUIA,ZONA,FECHA,HORA,PERIODO_2,DIA_1,DIA_2,MES_1,MES_2,FERIADO,CAUSA_PROBABLE,TIPO_DE_SINIESTRO,TIPO_DE_VEHICULO_1,AUTOMOVIL,BICICLETA,BUS,CAMION,CAMIONETA,EMERGENCIAS,ESPECIAL,FURGONETA,MOTOCICLETA,NO_IDENTIFICADO,SCOOTER_ELECTRICO,TRICIMOTO,VEHICULO_DEPORTIVO_UTILITARIO,SUMA_DE_VEHICULOS,EDAD_1,SEXO_1,CONDICION_1,PARTICIPANTE_1,CASCO_1,CINTURON_1,KMeans_Cluster
17052,54928,54929,2019,0,0,-0.091758,-78.402711,PICHINCHA,QUITO,CALDERON (CARAPUNGO),RURAL,2019-01-07,15:35:00,15,LUNES,1,ENERO,1,NO,"CONDUCIR DESATENTO A LAS CONDICIONES DE TRANSITO (CELULAR, PANTALLAS DE VIDEO, COMIDA, MAQUILLAJE O CUALQUIER OTRO ELEMENTO DISTRACTOR).",PERDIDA DE CARRIL,CAMIONETA,0,0,0,0,1,0,0,0,0,0,0,0,0,1,75,HOMBRE,ILESO,CONDUCTOR PRESENTE,NO,SI,3
17053,54931,54932,2019,0,0,-0.152827,-78.319681,PICHINCHA,QUITO,CHECA (CHILPA),RURAL,2019-01-07,16:00:00,16,LUNES,1,ENERO,1,NO,"CONDUCIR DESATENTO A LAS CONDICIONES DE TRANSITO (CELULAR, PANTALLAS DE VIDEO, COMIDA, MAQUILLAJE O CUALQUIER OTRO ELEMENTO DISTRACTOR).",COLISION,CAMIONETA,0,0,0,0,2,0,0,0,0,1,0,0,0,3,71,HOMBRE,ILESO,CONDUCTOR PRESENTE,NO,SI,3
17054,54936,54937,2019,0,0,-0.125876,-78.444289,PICHINCHA,QUITO,LLANO CHICO,RURAL,2019-01-07,16:40:00,16,LUNES,1,ENERO,1,NO,"CONDICIONES AMBIENTALES Y/O ATMOSFERICAS (NIEBLA, NEBLINA, GRANIZO, LLUVIA).",ESTRELLAMIENTOS,AUTOMOVIL,1,0,0,0,0,0,0,0,0,0,0,0,0,1,20,HOMBRE,ILESO,CONDUCTOR PRESENTE,NO,NO,3
17055,54938,54939,2019,0,0,-0.183466,-78.490392,PICHINCHA,QUITO,QUITO,URBANA,2019-01-07,18:10:00,18,LUNES,1,ENERO,1,NO,"CONDUCIR DESATENTO A LAS CONDICIONES DE TRANSITO (CELULAR, PANTALLAS DE VIDEO, COMIDA, MAQUILLAJE O CUALQUIER OTRO ELEMENTO DISTRACTOR).",COLISION,AUTOMOVIL,3,0,0,0,0,0,0,0,0,0,0,0,0,3,33,MUJER,ILESO,CONDUCTOR PRESENTE,NO,NO,0
17056,54947,54948,2019,0,0,-0.205355,-78.430261,PICHINCHA,QUITO,CUMBAYA,RURAL,2019-01-07,22:05:00,22,LUNES,1,ENERO,1,NO,NO GUARDAR LA DISTANCIA LATERAL MINIMA DE SEGURIDAD ENTRE VEHICULOS.,CHOQUE LATERAL,CAMIONETA,1,0,0,0,1,0,0,0,0,0,0,0,0,2,43,HOMBRE,ILESO,CONDUCTOR PRESENTE,NO,NO,3
17057,54950,54951,2019,0,0,-0.177282,-78.359537,PICHINCHA,QUITO,PUEMBO,RURAL,2019-01-08,02:15:00,2,MARTES,2,ENERO,1,NO,"CONDUCIR EN ESTADO DE SOMNOLENCIA O MALAS CONDICIONES FISICAS (SUENIO, CANSANCIO Y FATIGA).",CHOQUE POSTERIOR,CAMION,0,0,0,1,1,0,0,0,0,0,0,0,0,2,48,HOMBRE,ILESO,CONDUCTOR PRESENTE,NO,NO,3
17058,54966,54967,2019,1,0,-0.154457,-78.476966,PICHINCHA,QUITO,QUITO,URBANA,2019-01-08,13:00:00,13,MARTES,2,ENERO,1,NO,NO CEDER EL DERECHO DE VIA O PREFERENCIA DE PASO AL PEATON.,ATROPELLOS,NO IDENTIFICADO,0,0,0,0,0,0,0,0,0,1,0,0,0,1,41,HOMBRE,LESIONADO,PEATON,NO,NO,0
17059,54967,54968,2019,1,0,-0.274364,-78.539376,PICHINCHA,QUITO,QUITO,URBANA,2019-01-08,13:00:00,13,MARTES,2,ENERO,1,NO,DEJAR O RECOGER PASAJEROS EN LUGARES NO PERMITIDOS.,CAIDA DE PASAJERO,NO IDENTIFICADO,0,0,0,0,0,0,0,0,0,1,0,0,0,1,35,MUJER,LESIONADO,PASAJERO,NO,NO,0
17060,54971,54972,2019,1,0,-0.267531,-78.547034,PICHINCHA,QUITO,QUITO,URBANA,2019-01-08,13:55:00,13,MARTES,2,ENERO,1,NO,NO TRANSITAR POR LAS ACERAS O ZONAS DE SEGURIDAD DESTINADAS PARA EL EFECTO.,ATROPELLOS,FURGONETA,0,0,0,0,0,0,0,1,0,0,0,0,0,1,9,MUJER,LESIONADO,PEATON,NO,NO,0
17061,54975,54976,2019,1,0,-0.241673,-78.518641,PICHINCHA,QUITO,QUITO,URBANA,2019-01-08,14:30:00,14,MARTES,2,ENERO,1,NO,NO CEDER EL DERECHO DE VIA O PREFERENCIA DE PASO A VEHICULOS.,CHOQUE LATERAL,AUTOMOVIL,2,0,0,0,0,0,0,0,0,0,0,0,0,2,27,HOMBRE,LESIONADO,PASAJERO,NO,NO,0
17062,54978,54979,2019,0,0,-0.280701,-78.557872,PICHINCHA,QUITO,QUITO,URBANA,2019-01-08,15:15:00,15,MARTES,2,ENERO,1,NO,NO CEDER EL DERECHO DE VIA O PREFERENCIA DE PASO A VEHICULOS.,CHOQUE LATERAL,CAMIONETA,1,0,0,0,1,0,0,1,0,0,0,0,0,3,46,HOMBRE,ILESO,CONDUCTOR PRESENTE,NO,NO,0
17063,54990,54991,2019,1,0,-0.206762,-78.483805,PICHINCHA,QUITO,QUITO,URBANA,2019-01-08,18:55:00,18,MARTES,2,ENERO,1,NO,"NO RESPETAR LAS SENIALES REGLAMENTARIAS DE TRANSITO. (PARE, CEDA EL PASO, LUZ ROJA DEL SEMAFORO, ETC).",CHOQUE LATERAL,AUTOMOVIL,2,0,0,0,0,0,0,0,0,0,0,0,0,2,17,MUJER,LESIONADO,PASAJERO,NO,NO,0
17064,54998,54999,2019,0,0,-0.119675,-78.507412,PICHINCHA,QUITO,QUITO,URBANA,2019-01-09,00:10:00,0,MIERCOLES,3,ENERO,1,NO,"CONDUCE BAJO LA INFLUENCIA DE ALCOHOL, SUSTANCIAS ESTUPEFACIENTES O PSICOTROPICAS Y/O MEDICAMENTOS.",CHOQUE LATERAL,AUTOMOVIL,2,0,0,0,0,0,0,0,0,0,0,0,0,2,33,HOMBRE,ILESO,CONDUCTOR PRESENTE,NO,NO,0
17065,55000,55001,2019,0,0,-0.284269,-78.518971,PICHINCHA,QUITO,QUITO,URBANA,2019-01-09,05:35:00,5,MIERCOLES,3,ENERO,1,NO,NO MANTENER LA DISTANCIA PRUDENCIAL CON RESPECTO AL VEHICULO QUE LE ANTECEDE.,CHOQUE POSTERIOR,AUTOMOVIL,1,0,0,1,0,0,0,0,0,0,0,0,0,2,47,HOMBRE,ILESO,CONDUCTOR PRESENTE,NO,NO,0
17066,55002,55003,2019,1,0,-0.132057,-78.311663,PICHINCHA,QUITO,CHECA (CHILPA),RURAL,2019-01-09,07:15:00,7,MIERCOLES,3,ENERO,1,NO,"CASO FORTUITO O FUERZA MAYOR (EXPLOSION DE NEUMATICO NUEVO, DERRUMBE, INUNDACION, CAIDA DE PUENTE, ARBOL, PRESENCIA INTEMPESTIVA E IMPREVISTA DE SEMOVIENTES EN LA VIA, ETC.).",CHOQUE LATERAL,MOTOCICLETA,0,0,0,0,0,0,0,0,1,0,0,0,1,2,28,HOMBRE,LESIONADO,CONDUCTOR PRESENTE,NO,SI,3
17067,55007,55008,2019,0,0,-0.299621,-78.524243,PICHINCHA,QUITO,QUITO,URBANA,2019-01-09,08:45:00,8,MIERCOLES,3,ENERO,1,NO,NO GUARDAR LA DISTANCIA LATERAL MINIMA DE SEGURIDAD ENTRE VEHICULOS.,CHOQUE LATERAL,AUTOMOVIL,1,0,0,1,0,0,0,0,0,0,0,0,0,2,37,MUJER,ILESO,CONDUCTOR PRESENTE,NO,NO,0
17068,55009,55010,2019,1,0,0.051087,-78.257578,PICHINCHA,PEDRO MONCAYO,LA ESPERANZA (PEDRO MONCAYO),RURAL,2019-01-09,09:15:00,9,MIERCOLES,3,ENERO,1,NO,NO TRANSITAR POR LAS ACERAS O ZONAS DE SEGURIDAD DESTINADAS PARA EL EFECTO.,ATROPELLOS,NO IDENTIFICADO,0,0,0,0,0,0,0,0,0,1,0,0,0,1,77,HOMBRE,LESIONADO,PEATON,NO,NO,3
17069,55011,55012,2019,0,0,-0.204792,-78.486926,PICHINCHA,QUITO,QUITO,URBANA,2019-01-09,09:20:00,9,MIERCOLES,3,ENERO,1,NO,"NO RESPETAR LAS SENIALES REGLAMENTARIAS DE TRANSITO. (PARE, CEDA EL PASO, LUZ ROJA DEL SEMAFORO, ETC).",CHOQUE LATERAL,AUTOMOVIL,2,0,0,0,0,0,0,0,0,0,0,0,0,2,33,HOMBRE,ILESO,CONDUCTOR PRESENTE,NO,NO,0
17070,55012,55013,2019,1,0,-0.342841,-78.574102,PICHINCHA,QUITO,QUITO,URBANA,2019-01-09,09:50:00,9,MIERCOLES,3,ENERO,1,NO,NO TRANSITAR POR LAS ACERAS O ZONAS DE SEGURIDAD DESTINADAS PARA EL EFECTO.,ATROPELLOS,NO IDENTIFICADO,0,0,0,0,0,0,0,0,0,1,0,0,0,1,2,HOMBRE,LESIONADO,PEATON,NO,NO,0
17071,55015,55016,2019,0,0,-0.100553,-78.472156,PICHINCHA,QUITO,QUITO,URBANA,2019-01-09,11:30:00,11,MIERCOLES,3,ENERO,1,NO,CONDUCIR VEHICULO SUPERANDO LOS LIMITES MAXIMOS DE VELOCIDAD.,ESTRELLAMIENTOS,AUTOMOVIL,1,0,0,0,0,0,0,0,0,0,0,0,0,1,-1,NO IDENTIFICADO,NO IDENTIFICADO,CONDUCTOR AUSENTE,NO,NO,2
17072,55025,55026,2019,0,1,-0.119165,-78.515228,PICHINCHA,QUITO,QUITO,RURAL,2019-01-09,15:50:00,15,MIERCOLES,3,ENERO,1,NO,"ADELANTAR O REBASAR A OTRO VEHICULO EN MOVIMIENTO EN ZONAS O SITIOS PELIGROSOS TALES COMO: CURVAS, PUENTES, TUNELES, PENDIENTES, ETC.",CHOQUE LATERAL,BICICLETA,0,1,1,0,0,0,0,0,0,0,0,0,0,2,16,HOMBRE,FALLECIDO,CONDUCTOR PRESENTE,NO,NO,3
17073,55026,55027,2019,0,0,-0.277334,-78.546535,PICHINCHA,QUITO,QUITO,URBANA,2019-01-09,16:00:00,16,MIERCOLES,3,ENERO,1,NO,REALIZAR CAMBIO BRUSCO O INDEBIDO DE CARRIL.,CHOQUE LATERAL,MOTOCICLETA,1,0,0,0,0,0,0,0,1,0,0,0,0,2,56,HOMBRE,ILESO,CONDUCTOR PRESENTE,NO,NO,0
17074,55027,55028,2019,0,0,-0.101875,-78.490497,PICHINCHA,QUITO,QUITO,URBANA,2019-01-09,16:00:00,16,MIERCOLES,3,ENERO,1,NO,"CONDUCE BAJO LA INFLUENCIA DE ALCOHOL, SUSTANCIAS ESTUPEFACIENTES O PSICOTROPICAS Y/O MEDICAMENTOS.",CHOQUE LATERAL,AUTOMOVIL,2,0,0,0,0,0,0,0,0,0,0,0,0,2,26,HOMBRE,ILESO,CONDUCTOR PRESENTE,NO,NO,0
17075,55033,55034,2019,2,0,-0.309885,-78.550277,PICHINCHA,QUITO,QUITO,URBANA,2019-01-09,18:35:00,18,MIERCOLES,3,ENERO,1,NO,NO CEDER EL DERECHO DE VIA O PREFERENCIA DE PASO AL PEATON.,ATROPELLOS,AUTOMOVIL,1,0,0,0,0,0,0,0,0,0,0,0,0,1,34,MUJER,LESIONADO,PEATON,NO,NO,0
17076,55041,55042,2019,0,0,-0.206518,-78.494387,PICHINCHA,QUITO,QUITO,URBANA,2019-01-09,21:00:00,21,MIERCOLES,3,ENERO,1,NO,"NO RESPETAR LAS SENIALES REGLAMENTARIAS DE TRANSITO. (PARE, CEDA EL PASO, LUZ ROJA DEL SEMAFORO, ETC).",CHOQUE LATERAL,AUTOMOVIL,2,0,0,0,0,0,0,0,0,0,0,0,0,2,21,HOMBRE,ILESO,CONDUCTOR PRESENTE,NO,NO,0
17077,55042,55043,2019,0,0,-0.142787,-78.492399,PICHINCHA,QUITO,QUITO,URBANA,2019-01-09,21:00:00,21,MIERCOLES,3,ENERO,1,NO,NO GUARDAR LA DISTANCIA LATERAL MINIMA DE SEGURIDAD ENTRE VEHICULOS.,ESTRELLAMIENTOS,BUS,0,0,2,0,0,0,0,0,0,0,0,0,0,2,19,HOMBRE,ILESO,CONDUCTOR PRESENTE,NO,NO,0
17078,55045,55046,2019,1,0,-0.187426,-78.479813,PICHINCHA,QUITO,QUITO,URBANA,2019-01-09,21:15:00,21,MIERCOLES,3,ENERO,1,NO,"CONDUCIR DESATENTO A LAS CONDICIONES DE TRANSITO (CELULAR, PANTALLAS DE VIDEO, COMIDA, MAQUILLAJE O CUALQUIER OTRO ELEMENTO DISTRACTOR).",VOLCAMIENTOS,MOTOCICLETA,0,0,0,0,0,0,0,0,1,0,0,0,0,1,20,MUJER,LESIONADO,PASAJERO,SI,NO,0
17079,55047,55048,2019,2,0,-0.119551,-78.506952,PICHINCHA,QUITO,QUITO,URBANA,2019-01-09,22:00:00,22,MIERCOLES,3,ENERO,1,NO,"NO RESPETAR LAS SENIALES REGLAMENTARIAS DE TRANSITO. (PARE, CEDA EL PASO, LUZ ROJA DEL SEMAFORO, ETC).",ATROPELLOS,AUTOMOVIL,3,0,0,0,0,0,0,0,0,0,0,0,0,3,14,MUJER,LESIONADO,PEATON,NO,NO,0
17080,55058,55059,2019,0,0,-0.204592,-78.455985,PICHINCHA,QUITO,QUITO,RURAL,2019-01-10,06:20:00,6,JUEVES,4,ENERO,1,NO,"CONDUCIR DESATENTO A LAS CONDICIONES DE TRANSITO (CELULAR, PANTALLAS DE VIDEO, COMIDA, MAQUILLAJE O CUALQUIER OTRO ELEMENTO DISTRACTOR).",ESTRELLAMIENTOS,CAMIONETA,0,0,0,0,1,0,0,0,0,0,0,0,0,1,46,HOMBRE,ILESO,CONDUCTOR PRESENTE,NO,NO,3
17081,55062,55063,2019,1,0,-0.123118,-78.489293,PICHINCHA,QUITO,QUITO,URBANA,2019-01-10,09:50:00,9,JUEVES,4,ENERO,1,NO,NO GUARDAR LA DISTANCIA LATERAL MINIMA DE SEGURIDAD ENTRE VEHICULOS.,CHOQUE LATERAL,NO IDENTIFICADO,0,0,0,0,0,0,0,0,0,2,0,0,0,2,64,MUJER,LESIONADO,PASAJERO,NO,NO,0
17082,55064,55065,2019,0,0,-0.247859,-78.526124,PICHINCHA,QUITO,QUITO,URBANA,2019-01-10,10:30:00,10,JUEVES,4,ENERO,1,NO,"CONDUCE BAJO LA INFLUENCIA DE ALCOHOL, SUSTANCIAS ESTUPEFACIENTES O PSICOTROPICAS Y/O MEDICAMENTOS.",COLISION,AUTOMOVIL,3,0,0,0,0,0,0,0,0,0,0,0,0,3,52,HOMBRE,ILESO,CONDUCTOR PRESENTE,NO,NO,0
17083,55071,55072,2019,1,0,0.026236,-78.632383,PICHINCHA,QUITO,NONO,RURAL,2019-01-10,12:35:00,12,JUEVES,4,ENERO,1,NO,"CONDICIONES AMBIENTALES Y/O ATMOSFERICAS (NIEBLA, NEBLINA, GRANIZO, LLUVIA).",ESTRELLAMIENTOS,VEHICULO DEPORTIVO UTILITARIO,0,0,0,0,0,0,0,0,0,0,0,0,1,1,36,MUJER,LESIONADO,CONDUCTOR PRESENTE,NO,SI,3
17084,55080,55081,2019,0,0,-0.196669,-78.466599,PICHINCHA,QUITO,QUITO,RURAL,2019-01-10,15:00:00,15,JUEVES,4,ENERO,1,NO,CONDUCIR VEHICULO SUPERANDO LOS LIMITES MAXIMOS DE VELOCIDAD.,ESTRELLAMIENTOS,CAMIONETA,0,0,0,0,1,0,0,0,0,0,0,0,0,1,25,HOMBRE,ILESO,CONDUCTOR PRESENTE,NO,NO,3
17085,55082,55083,2019,1,0,-0.091585,-78.439052,PICHINCHA,QUITO,CALDERON (CARAPUNGO),RURAL,2019-01-10,15:56:00,15,JUEVES,4,ENERO,1,NO,PEATON QUE CRUZA LA CALZADA SIN RESPETAR LA SENIALIZACION EXISTENTE (SEMAFOROS O SENIALES MANUALES).,ATROPELLOS,AUTOMOVIL,1,0,0,0,0,0,0,0,0,0,0,0,0,1,47,MUJER,LESIONADO,PEATON,NO,NO,3
17086,55086,55087,2019,0,0,-0.107761,-78.448329,PICHINCHA,QUITO,CALDERON (CARAPUNGO),RURAL,2019-01-10,16:55:00,16,JUEVES,4,ENERO,1,NO,"ADELANTAR O REBASAR A OTRO VEHICULO EN MOVIMIENTO EN ZONAS O SITIOS PELIGROSOS TALES COMO: CURVAS, PUENTES, TUNELES, PENDIENTES, ETC.",CHOQUE FRONTAL,AUTOMOVIL,1,0,0,1,0,0,0,0,0,0,0,0,0,2,26,HOMBRE,ILESO,CONDUCTOR PRESENTE,NO,NO,3
17087,55089,55090,2019,1,0,-0.286581,-78.549902,PICHINCHA,QUITO,QUITO,URBANA,2019-01-10,18:00:00,18,JUEVES,4,ENERO,1,NO,NO CEDER EL DERECHO DE VIA O PREFERENCIA DE PASO AL PEATON.,ATROPELLOS,NO IDENTIFICADO,0,0,0,0,0,0,0,0,0,1,0,0,0,1,5,MUJER,LESIONADO,PEATON,NO,NO,0
17088,55096,55097,2019,0,0,-0.291144,-78.545957,PICHINCHA,QUITO,QUITO,URBANA,2019-01-10,19:50:00,19,JUEVES,4,ENERO,1,NO,"CONDUCE BAJO LA INFLUENCIA DE ALCOHOL, SUSTANCIAS ESTUPEFACIENTES O PSICOTROPICAS Y/O MEDICAMENTOS.",CHOQUE POSTERIOR,AUTOMOVIL,2,0,0,0,0,0,0,0,0,0,0,0,0,2,36,HOMBRE,ILESO,CONDUCTOR PRESENTE,NO,NO,0
17089,55098,55099,2019,2,0,-0.203827,-78.502028,PICHINCHA,QUITO,QUITO,URBANA,2019-01-10,20:35:00,20,JUEVES,4,ENERO,1,NO,"CONDUCE BAJO LA INFLUENCIA DE ALCOHOL, SUSTANCIAS ESTUPEFACIENTES O PSICOTROPICAS Y/O MEDICAMENTOS.",OTROS,AUTOMOVIL,1,0,0,0,0,0,0,0,0,1,0,0,0,2,24,MUJER,LESIONADO,PASAJERO,NO,NO,0
17090,55108,55109,2019,0,0,-0.211526,-78.446722,PICHINCHA,QUITO,CUMBAYA,RURAL,2019-01-11,01:30:00,1,VIERNES,5,ENERO,1,NO,"CONDICIONES AMBIENTALES Y/O ATMOSFERICAS (NIEBLA, NEBLINA, GRANIZO, LLUVIA).",VOLCAMIENTOS,MOTOCICLETA,0,0,0,0,0,0,0,0,1,0,0,0,0,1,-1,NO IDENTIFICADO,NO IDENTIFICADO,CONDUCTOR AUSENTE,NO,NO,2
17091,55113,55114,2019,1,0,-0.284269,-78.518971,PICHINCHA,QUITO,QUITO,URBANA,2019-01-11,06:45:00,6,VIERNES,5,ENERO,1,NO,PEATON QUE CRUZA LA CALZADA SIN RESPETAR LA SENIALIZACION EXISTENTE (SEMAFOROS O SENIALES MANUALES).,ATROPELLOS,NO IDENTIFICADO,0,0,0,0,0,0,0,0,0,1,0,0,0,1,-1,NO IDENTIFICADO,LESIONADO,CONDUCTOR PRESENTE,NO,NO,2
17092,55114,55115,2019,2,1,-0.482745,-78.568593,PICHINCHA,MEJIA,MACHACHI,RURAL,2019-01-11,06:50:00,6,VIERNES,5,ENERO,1,NO,"CONDUCIR DESATENTO A LAS CONDICIONES DE TRANSITO (CELULAR, PANTALLAS DE VIDEO, COMIDA, MAQUILLAJE O CUALQUIER OTRO ELEMENTO DISTRACTOR).",CHOQUE FRONTAL,AUTOMOVIL,1,0,0,0,1,0,0,0,0,0,0,0,0,2,46,MUJER,FALLECIDO,CONDUCTOR PRESENTE,NO,SI,3
17093,55116,55117,2019,1,0,-0.204495,-78.484404,PICHINCHA,QUITO,QUITO,URBANA,2019-01-11,09:00:00,9,VIERNES,5,ENERO,1,NO,NO GUARDAR LA DISTANCIA LATERAL MINIMA DE SEGURIDAD ENTRE VEHICULOS.,CHOQUE LATERAL,MOTOCICLETA,1,0,0,0,0,0,0,0,1,0,0,0,0,2,25,HOMBRE,LESIONADO,CONDUCTOR PRESENTE,SI,NO,0
17094,55117,55118,2019,1,0,-0.202618,-78.501253,PICHINCHA,QUITO,QUITO,URBANA,2019-01-11,09:25:00,9,VIERNES,5,ENERO,1,NO,DEJAR O RECOGER PASAJEROS EN LUGARES NO PERMITIDOS.,CAIDA DE PASAJERO,NO IDENTIFICADO,0,0,0,0,0,0,0,0,0,1,0,0,0,1,20,MUJER,LESIONADO,PASAJERO,NO,NO,0
17095,55119,55120,2019,1,0,-0.282873,-78.544223,PICHINCHA,QUITO,QUITO,URBANA,2019-01-11,09:45:00,9,VIERNES,5,ENERO,1,NO,DEJAR O RECOGER PASAJEROS EN LUGARES NO PERMITIDOS.,CAIDA DE PASAJERO,NO IDENTIFICADO,0,0,0,0,0,0,0,0,0,1,0,0,0,1,52,HOMBRE,LESIONADO,PASAJERO,NO,NO,0
17096,55122,55123,2019,0,0,-0.180349,-78.487886,PICHINCHA,QUITO,QUITO,URBANA,2019-01-11,10:10:00,10,VIERNES,5,ENERO,1,NO,NO CEDER EL DERECHO DE VIA O PREFERENCIA DE PASO A VEHICULOS.,CHOQUE LATERAL,AUTOMOVIL,1,0,0,1,0,0,0,0,0,0,0,0,0,2,49,HOMBRE,ILESO,CONDUCTOR PRESENTE,NO,NO,0
17097,55127,55128,2019,0,1,-0.251453,-78.508113,PICHINCHA,QUITO,QUITO,URBANA,2019-01-11,12:10:00,12,VIERNES,5,ENERO,1,NO,NO TRANSITAR POR LAS ACERAS O ZONAS DE SEGURIDAD DESTINADAS PARA EL EFECTO.,ARROLLAMIENTOS,FURGONETA,0,0,0,0,0,0,0,1,0,0,0,0,0,1,2,HOMBRE,FALLECIDO,PEATON,NO,NO,0
17098,55128,55129,2019,1,0,-0.243671,-78.485361,PICHINCHA,QUITO,QUITO,URBANA,2019-01-11,12:40:00,12,VIERNES,5,ENERO,1,NO,"NO RESPETAR LAS SENIALES REGLAMENTARIAS DE TRANSITO. (PARE, CEDA EL PASO, LUZ ROJA DEL SEMAFORO, ETC).",CHOQUE LATERAL,AUTOMOVIL,1,0,0,0,0,0,0,0,1,0,0,0,0,2,38,HOMBRE,LESIONADO,CONDUCTOR PRESENTE,SI,NO,0
17099,55132,55133,2019,0,0,-0.192775,-78.498161,PICHINCHA,QUITO,QUITO,URBANA,2019-01-11,14:30:00,14,VIERNES,5,ENERO,1,NO,NO MANTENER LA DISTANCIA PRUDENCIAL CON RESPECTO AL VEHICULO QUE LE ANTECEDE.,CHOQUE POSTERIOR,AUTOMOVIL,2,0,0,0,0,0,0,0,0,0,0,0,0,2,23,MUJER,ILESO,CONDUCTOR PRESENTE,NO,NO,0
17100,55133,55134,2019,0,0,-0.118048,-78.495807,PICHINCHA,QUITO,QUITO,URBANA,2019-01-11,15:05:00,15,VIERNES,5,ENERO,1,NO,NO GUARDAR LA DISTANCIA LATERAL MINIMA DE SEGURIDAD ENTRE VEHICULOS.,CHOQUE LATERAL,AUTOMOVIL,2,0,0,0,0,0,0,0,0,0,0,0,0,2,47,HOMBRE,ILESO,CONDUCTOR PRESENTE,NO,NO,0
17101,55135,55136,2019,1,0,-0.255892,-78.514324,PICHINCHA,QUITO,QUITO,URBANA,2019-01-11,15:15:00,15,VIERNES,5,ENERO,1,NO,NO GUARDAR LA DISTANCIA LATERAL MINIMA DE SEGURIDAD ENTRE VEHICULOS.,CHOQUE LATERAL,MOTOCICLETA,1,0,0,0,0,0,0,0,1,0,0,0,0,2,45,HOMBRE,LESIONADO,CONDUCTOR PRESENTE,SI,NO,0
17102,55136,55137,2019,0,0,-0.165451,-78.476847,PICHINCHA,QUITO,QUITO,URBANA,2019-01-11,15:25:00,15,VIERNES,5,ENERO,1,NO,NO CEDER EL DERECHO DE VIA O PREFERENCIA DE PASO A VEHICULOS.,CHOQUE LATERAL,AUTOMOVIL,2,0,0,0,0,0,0,0,0,0,0,0,0,2,53,MUJER,ILESO,CONDUCTOR PRESENTE,NO,NO,0
17103,55137,55138,2019,1,0,-0.325463,-78.549465,PICHINCHA,QUITO,QUITO,URBANA,2019-01-11,15:40:00,15,VIERNES,5,ENERO,1,NO,CONDUCIR VEHICULO SUPERANDO LOS LIMITES MAXIMOS DE VELOCIDAD.,CHOQUE LATERAL,MOTOCICLETA,1,0,0,0,0,0,0,0,1,0,0,0,0,2,24,HOMBRE,LESIONADO,CONDUCTOR PRESENTE,SI,NO,0
17104,55139,55140,2019,1,0,-0.110591,-78.478637,PICHINCHA,QUITO,QUITO,URBANA,2019-01-11,16:06:00,16,VIERNES,5,ENERO,1,NO,NO TRANSITAR POR LAS ACERAS O ZONAS DE SEGURIDAD DESTINADAS PARA EL EFECTO.,ATROPELLOS,CAMIONETA,0,0,0,0,1,0,0,0,0,0,0,0,0,1,33,MUJER,LESIONADO,PEATON,NO,NO,0
17105,55146,55147,2019,0,0,-0.366092,-78.475528,PICHINCHA,QUITO,AMAGUANIA,RURAL,2019-01-11,20:00:00,20,VIERNES,5,ENERO,1,NO,"CONDUCIR DESATENTO A LAS CONDICIONES DE TRANSITO (CELULAR, PANTALLAS DE VIDEO, COMIDA, MAQUILLAJE O CUALQUIER OTRO ELEMENTO DISTRACTOR).",CHOQUE POSTERIOR,CAMION,0,0,0,1,1,0,0,0,0,0,0,0,1,3,37,HOMBRE,ILESO,CONDUCTOR PRESENTE,NO,SI,3
17106,55153,55154,2019,1,0,-0.304167,-78.542831,PICHINCHA,QUITO,QUITO,URBANA,2019-01-11,21:21:00,21,VIERNES,5,ENERO,1,NO,"NO RESPETAR LAS SENIALES REGLAMENTARIAS DE TRANSITO. (PARE, CEDA EL PASO, LUZ ROJA DEL SEMAFORO, ETC).",CHOQUE LATERAL,AUTOMOVIL,1,0,0,0,0,0,0,0,0,1,0,0,0,2,34,HOMBRE,LESIONADO,CONDUCTOR PRESENTE,NO,NO,0
17107,55159,55160,2019,0,0,-0.242684,-78.497043,PICHINCHA,QUITO,QUITO,URBANA,2019-01-11,22:20:00,22,VIERNES,5,ENERO,1,NO,"CASO FORTUITO O FUERZA MAYOR (EXPLOSION DE NEUMATICO NUEVO, DERRUMBE, INUNDACION, CAIDA DE PUENTE, ARBOL, PRESENCIA INTEMPESTIVA E IMPREVISTA DE SEMOVIENTES EN LA VIA, ETC.).",ESTRELLAMIENTOS,AUTOMOVIL,1,0,0,0,0,0,0,0,0,0,0,0,0,1,-1,NO IDENTIFICADO,NO IDENTIFICADO,CONDUCTOR AUSENTE,NO,NO,2
17108,55164,55165,2019,1,0,-0.226801,-78.490454,PICHINCHA,QUITO,QUITO,URBANA,2019-01-11,23:50:00,23,VIERNES,5,ENERO,1,NO,"CONDUCE BAJO LA INFLUENCIA DE ALCOHOL, SUSTANCIAS ESTUPEFACIENTES O PSICOTROPICAS Y/O MEDICAMENTOS.",COLISION,AUTOMOVIL,3,0,0,0,0,0,0,0,0,0,0,0,0,3,19,HOMBRE,LESIONADO,CONDUCTOR PRESENTE,NO,NO,0