,Unnamed: 0,ID,ANIO,LESIONADOS,FALLECIDOS,LATITUD_Y,LONGITUD_X,PROVINCIA,CANTON,PARROQUIA,ZONA,FECHA,HORA,PERIODO_2,DIA_1,DIA_2,MES_1,MES_2,FERIADO,CAUSA_PROBABLE,TIPO_DE_SINIESTRO,TIPO_DE_VEHICULO_1,AUTOMOVIL,BICICLETA,BUS,CAMION,CAMIONETA,EMERGENCIAS,ESPECIAL,FURGONETA,MOTOCICLETA,NO_IDENTIFICADO,SCOOTER_ELECTRICO,TRICIMOTO,VEHICULO_DEPORTIVO_UTILITARIO,SUMA_DE_VEHICULOS,EDAD_1,SEXO_1,CONDICION_1,PARTICIPANTE_1,CASCO_1,CINTURON_1,KMeans_Cluster
17165,55375,55376,2019,0,0,-0.156069,-78.439391,PICHINCHA,QUITO,NAYON,RURAL,2019-01-14,17:50:00,17,LUNES,1,ENERO,1,NO,"FALLA MECANICA EN LOS SISTEMAS Y/O NEUMATICOS (SISTEMA DE FRENOS, DIRECCION, ELECTRONICO O MECANICO).",CHOQUE FRONTAL,AUTOMOVIL,2,0,0,0,0,0,0,0,0,0,0,0,0,2,50,HOMBRE,ILESO,CONDUCTOR PRESENTE,NO,NO,3
17166,55379,55380,2019,0,0,-0.140846,-78.496473,PICHINCHA,QUITO,QUITO,URBANA,2019-01-14,19:10:00,19,LUNES,1,ENERO,1,NO,"NO RESPETAR LAS SENIALES REGLAMENTARIAS DE TRANSITO. (PARE, CEDA EL PASO, LUZ ROJA DEL SEMAFORO, ETC).",CHOQUE LATERAL,AUTOMOVIL,1,0,0,0,1,0,0,0,0,0,0,0,0,2,29,MUJER,ILESO,CONDUCTOR PRESENTE,NO,NO,0
17167,55381,55382,2019,1,0,-0.328239,-78.538128,PICHINCHA,QUITO,QUITO,URBANA,2019-01-14,19:57:00,19,LUNES,1,ENERO,1,NO,"CONDUCIR DESATENTO A LAS CONDICIONES DE TRANSITO (CELULAR, PANTALLAS DE VIDEO, COMIDA, MAQUILLAJE O CUALQUIER OTRO ELEMENTO DISTRACTOR).",CHOQUE LATERAL,BICICLETA,0,1,0,0,1,0,0,0,0,0,0,0,0,2,17,HOMBRE,LESIONADO,CONDUCTOR PRESENTE,NO,NO,0
17168,55385,55386,2019,1,0,-0.232711,-78.503685,PICHINCHA,QUITO,QUITO,URBANA,2019-01-14,20:44:00,20,LUNES,1,ENERO,1,NO,NO MANTENER LA DISTANCIA PRUDENCIAL CON RESPECTO AL VEHICULO QUE LE ANTECEDE.,CHOQUE POSTERIOR,MOTOCICLETA,0,0,0,0,0,0,0,0,1,1,0,0,0,2,27,HOMBRE,LESIONADO,CONDUCTOR PRESENTE,NO,NO,0
17169,55390,55391,2019,1,0,-0.239874,-78.542389,PICHINCHA,QUITO,QUITO,URBANA,2019-01-15,06:40:00,6,MARTES,2,ENERO,1,NO,BAJARSE O SUBIRSE DE VEHICULOS EN MOVIMIENTO SIN TOMAR LAS PRECAUCIONES DEBIDAS.,CAIDA DE PASAJERO,BUS,0,0,1,0,0,0,0,0,0,0,0,0,0,1,80,MUJER,LESIONADO,PASAJERO,NO,NO,0
17170,55391,55392,2019,4,0,-0.328479,-78.522294,PICHINCHA,QUITO,QUITO,URBANA,2019-01-15,07:30:00,7,MARTES,2,ENERO,1,NO,"NO RESPETAR LAS SENIALES REGLAMENTARIAS DE TRANSITO. (PARE, CEDA EL PASO, LUZ ROJA DEL SEMAFORO, ETC).",CHOQUE FRONTAL,AUTOMOVIL,2,0,0,0,0,0,0,0,0,0,0,0,0,2,36,MUJER,LESIONADO,PASAJERO,NO,NO,0
17171,55393,55394,2019,1,0,-0.184064,-78.479043,PICHINCHA,QUITO,QUITO,URBANA,2019-01-15,07:50:00,7,MARTES,2,ENERO,1,NO,"NO RESPETAR LAS SENIALES REGLAMENTARIAS DE TRANSITO. (PARE, CEDA EL PASO, LUZ ROJA DEL SEMAFORO, ETC).",CHOQUE FRONTAL,AUTOMOVIL,2,0,0,0,0,0,0,0,0,0,0,0,0,2,32,MUJER,LESIONADO,CONDUCTOR PRESENTE,NO,NO,0
17172,55395,55396,2019,0,0,-0.081949,-78.438448,PICHINCHA,QUITO,CALDERON (CARAPUNGO),RURAL,2019-01-15,08:50:00,8,MARTES,2,ENERO,1,NO,NO GUARDAR LA DISTANCIA LATERAL MINIMA DE SEGURIDAD ENTRE VEHICULOS.,ROZAMIENTOS,CAMION,1,0,0,1,0,0,0,0,0,0,0,0,0,2,32,HOMBRE,ILESO,CONDUCTOR PRESENTE,NO,NO,3
17173,55402,55403,2019,1,0,-0.139163,-78.477291,PICHINCHA,QUITO,QUITO,URBANA,2019-01-15,12:40:00,12,MARTES,2,ENERO,1,NO,NO TRANSITAR POR LAS ACERAS O ZONAS DE SEGURIDAD DESTINADAS PARA EL EFECTO.,ARROLLAMIENTOS,AUTOMOVIL,1,0,0,0,0,0,0,0,0,0,0,0,0,1,7,MUJER,LESIONADO,PEATON,NO,NO,0
17174,55408,55409,2019,1,0,-0.187388,-78.479629,PICHINCHA,QUITO,QUITO,URBANA,2019-01-15,13:44:00,13,MARTES,2,ENERO,1,NO,NO MANTENER LA DISTANCIA PRUDENCIAL CON RESPECTO AL VEHICULO QUE LE ANTECEDE.,COLISION,AUTOMOVIL,2,0,0,0,1,0,0,0,0,0,0,0,0,3,26,MUJER,LESIONADO,CONDUCTOR PRESENTE,NO,NO,0
17175,55410,55411,2019,0,0,-0.104134,-78.494764,PICHINCHA,QUITO,QUITO,URBANA,2019-01-15,14:15:00,14,MARTES,2,ENERO,1,NO,REALIZAR CAMBIO BRUSCO O INDEBIDO DE CARRIL.,ESTRELLAMIENTOS,AUTOMOVIL,1,0,0,0,0,0,0,0,0,0,0,0,0,1,60,HOMBRE,ILESO,CONDUCTOR PRESENTE,NO,NO,0
17176,55430,55431,2019,1,0,-0.377744,-78.502736,PICHINCHA,QUITO,AMAGUANIA,RURAL,2019-01-15,20:20:00,20,MARTES,2,ENERO,1,NO,"CONDUCIR DESATENTO A LAS CONDICIONES DE TRANSITO (CELULAR, PANTALLAS DE VIDEO, COMIDA, MAQUILLAJE O CUALQUIER OTRO ELEMENTO DISTRACTOR).",CHOQUE LATERAL,CAMIONETA,1,0,0,0,1,0,0,0,0,0,0,0,0,2,25,MUJER,LESIONADO,PASAJERO,NO,SI,3
17177,55432,55433,2019,0,0,-0.324863,-78.553391,PICHINCHA,QUITO,QUITO,URBANA,2019-01-15,20:40:00,20,MARTES,2,ENERO,1,NO,"CONDUCE BAJO LA INFLUENCIA DE ALCOHOL, SUSTANCIAS ESTUPEFACIENTES O PSICOTROPICAS Y/O MEDICAMENTOS.",OTROS,AUTOMOVIL,4,0,0,0,0,0,0,0,0,0,0,0,0,4,34,MUJER,ILESO,CONDUCTOR PRESENTE,NO,NO,0
17178,55437,55438,2019,0,0,-0.199767,-78.428809,PICHINCHA,QUITO,CUMBAYA,RURAL,2019-01-15,23:25:00,23,MARTES,2,ENERO,1,NO,CONDUCIR VEHICULO SUPERANDO LOS LIMITES MAXIMOS DE VELOCIDAD.,ESTRELLAMIENTOS,AUTOMOVIL,1,0,0,0,0,0,0,0,0,0,0,0,0,1,32,HOMBRE,ILESO,CONDUCTOR PRESENTE,NO,NO,3
17179,55445,55446,2019,0,0,-0.208516,-78.507507,PICHINCHA,QUITO,QUITO,URBANA,2019-01-16,08:20:00,8,MIERCOLES,3,ENERO,1,NO,NO GUARDAR LA DISTANCIA LATERAL MINIMA DE SEGURIDAD ENTRE VEHICULOS.,COLISION,AUTOMOVIL,2,0,0,0,1,0,0,0,0,0,0,0,0,3,29,HOMBRE,ILESO,CONDUCTOR PRESENTE,NO,NO,0
17180,55447,55448,2019,1,0,-0.242681,-78.497364,PICHINCHA,QUITO,QUITO,URBANA,2019-01-16,09:05:00,9,MIERCOLES,3,ENERO,1,NO,NO GUARDAR LA DISTANCIA LATERAL MINIMA DE SEGURIDAD ENTRE VEHICULOS.,CHOQUE LATERAL,AUTOMOVIL,2,0,0,0,0,0,0,0,0,0,0,0,0,2,28,HOMBRE,LESIONADO,CONDUCTOR PRESENTE,NO,NO,0
17181,55449,55450,2019,1,0,-0.282021,-78.553941,PICHINCHA,QUITO,QUITO,URBANA,2019-01-16,09:45:00,9,MIERCOLES,3,ENERO,1,NO,NO TRANSITAR POR LAS ACERAS O ZONAS DE SEGURIDAD DESTINADAS PARA EL EFECTO.,ATROPELLOS,BUS,0,0,1,0,0,0,0,0,0,0,0,0,0,1,57,MUJER,LESIONADO,PEATON,NO,NO,0
17182,55450,55451,2019,0,0,-0.244778,-78.587194,PICHINCHA,QUITO,LLOA,RURAL,2019-01-16,10:00:00,10,MIERCOLES,3,ENERO,1,NO,"CONDUCE BAJO LA INFLUENCIA DE ALCOHOL, SUSTANCIAS ESTUPEFACIENTES O PSICOTROPICAS Y/O MEDICAMENTOS.",PERDIDA DE CARRIL,AUTOMOVIL,1,0,0,0,0,0,0,0,0,0,0,0,0,1,31,MUJER,ILESO,PASAJERO,NO,NO,3
17183,55462,55463,2019,0,0,-0.196299,-78.484687,PICHINCHA,QUITO,QUITO,URBANA,2019-01-16,14:15:00,14,MIERCOLES,3,ENERO,1,NO,"NO RESPETAR LAS SENIALES REGLAMENTARIAS DE TRANSITO. (PARE, CEDA EL PASO, LUZ ROJA DEL SEMAFORO, ETC).",ESTRELLAMIENTOS,BICICLETA,2,3,0,0,0,0,0,0,0,0,0,0,0,5,27,MUJER,ILESO,CONDUCTOR PRESENTE,NO,NO,0
17184,55469,55470,2019,3,0,-0.280889,-78.564051,PICHINCHA,QUITO,QUITO,URBANA,2019-01-16,15:30:00,15,MIERCOLES,3,ENERO,1,NO,PEATON QUE CRUZA LA CALZADA SIN RESPETAR LA SENIALIZACION EXISTENTE (SEMAFOROS O SENIALES MANUALES).,ATROPELLOS,AUTOMOVIL,1,0,0,0,0,0,0,0,0,0,0,0,0,1,7,HOMBRE,LESIONADO,PEATON,NO,NO,0
17185,55471,55472,2019,1,0,-0.279721,-78.562978,PICHINCHA,QUITO,QUITO,URBANA,2019-01-16,15:55:00,15,MIERCOLES,3,ENERO,1,NO,CONDUCIR VEHICULO SUPERANDO LOS LIMITES MAXIMOS DE VELOCIDAD.,CHOQUE LATERAL,CAMIONETA,0,1,0,0,1,0,0,0,0,0,0,0,0,2,21,HOMBRE,LESIONADO,CONDUCTOR PRESENTE,NO,NO,0
17186,55472,55473,2019,0,0,-0.131336,-78.468168,PICHINCHA,QUITO,QUITO,URBANA,2019-01-16,16:05:00,16,MIERCOLES,3,ENERO,1,NO,NO GUARDAR LA DISTANCIA LATERAL MINIMA DE SEGURIDAD ENTRE VEHICULOS.,CHOQUE LATERAL,AUTOMOVIL,2,0,0,0,0,0,0,0,0,0,0,0,0,2,41,MUJER,ILESO,CONDUCTOR PRESENTE,NO,NO,0
17187,55477,55478,2019,1,0,-0.241248,-78.534643,PICHINCHA,QUITO,QUITO,URBANA,2019-01-16,17:15:00,17,MIERCOLES,3,ENERO,1,NO,PEATON QUE CRUZA LA CALZADA SIN RESPETAR LA SENIALIZACION EXISTENTE (SEMAFOROS O SENIALES MANUALES).,ATROPELLOS,MOTOCICLETA,0,0,0,0,0,0,0,0,1,0,0,0,0,1,62,MUJER,LESIONADO,PEATON,NO,NO,0
17188,55478,55479,2019,0,0,-0.244815,-78.485076,PICHINCHA,QUITO,QUITO,RURAL,2019-01-16,17:50:00,17,MIERCOLES,3,ENERO,1,NO,"CONDUCE BAJO LA INFLUENCIA DE ALCOHOL, SUSTANCIAS ESTUPEFACIENTES O PSICOTROPICAS Y/O MEDICAMENTOS.",COLISION,AUTOMOVIL,1,0,0,0,0,0,0,0,0,0,0,0,2,3,53,HOMBRE,ILESO,CONDUCTOR PRESENTE,NO,SI,3
17189,55481,55482,2019,1,0,-0.404002,-78.538243,PICHINCHA,MEJIA,TAMBILLO (MEJIA),RURAL,2019-01-16,19:00:00,19,MIERCOLES,3,ENERO,1,NO,"CONDUCIR DESATENTO A LAS CONDICIONES DE TRANSITO (CELULAR, PANTALLAS DE VIDEO, COMIDA, MAQUILLAJE O CUALQUIER OTRO ELEMENTO DISTRACTOR).",ATROPELLOS,MOTOCICLETA,0,0,0,0,0,0,0,0,1,0,0,0,0,1,64,MUJER,LESIONADO,PEATON,NO,SI,3
17190,55491,55492,2019,0,0,-0.294382,-78.455379,PICHINCHA,QUITO,ALANGASI,RURAL,2019-01-17,03:15:00,3,JUEVES,4,ENERO,1,NO,"CONDUCIR DESATENTO A LAS CONDICIONES DE TRANSITO (CELULAR, PANTALLAS DE VIDEO, COMIDA, MAQUILLAJE O CUALQUIER OTRO ELEMENTO DISTRACTOR).",PERDIDA DE CARRIL,AUTOMOVIL,1,0,0,0,0,0,0,0,0,0,0,0,0,1,-1,NO IDENTIFICADO,NO IDENTIFICADO,CONDUCTOR AUSENTE,NO,SI,2
17191,55492,55493,2019,0,0,-0.106181,-78.453907,PICHINCHA,QUITO,CALDERON (CARAPUNGO),RURAL,2019-01-17,03:30:00,3,JUEVES,4,ENERO,1,NO,MALAS CONDICIONES DE LA VIA Y/O CONFIGURACION. (ILUMINACION Y DISENIO).,ESTRELLAMIENTOS,AUTOMOVIL,1,0,0,0,0,0,0,0,0,0,0,0,0,1,-1,NO IDENTIFICADO,NO IDENTIFICADO,CONDUCTOR AUSENTE,NO,NO,2
17192,55494,55495,2019,1,0,-0.256733,-78.542807,PICHINCHA,QUITO,QUITO,URBANA,2019-01-17,04:20:00,4,JUEVES,4,ENERO,1,NO,"NO RESPETAR LAS SENIALES REGLAMENTARIAS DE TRANSITO. (PARE, CEDA EL PASO, LUZ ROJA DEL SEMAFORO, ETC).",CHOQUE LATERAL,AUTOMOVIL,1,0,0,1,0,0,0,0,0,0,0,0,0,2,60,HOMBRE,LESIONADO,CONDUCTOR PRESENTE,NO,NO,0
17193,55496,55497,2019,0,0,-0.310986,-78.564638,PICHINCHA,QUITO,QUITO,URBANA,2019-01-17,05:30:00,5,JUEVES,4,ENERO,1,NO,"NO RESPETAR LAS SENIALES REGLAMENTARIAS DE TRANSITO. (PARE, CEDA EL PASO, LUZ ROJA DEL SEMAFORO, ETC).",CHOQUE LATERAL,BUS,1,0,1,0,0,0,0,0,0,0,0,0,0,2,26,HOMBRE,ILESO,CONDUCTOR PRESENTE,NO,NO,0
17194,55498,55499,2019,0,0,-0.254415,-78.522299,PICHINCHA,QUITO,QUITO,URBANA,2019-01-17,07:02:00,7,JUEVES,4,ENERO,1,NO,"NO RESPETAR LAS SENIALES REGLAMENTARIAS DE TRANSITO. (PARE, CEDA EL PASO, LUZ ROJA DEL SEMAFORO, ETC).",CHOQUE LATERAL,BUS,0,0,1,0,0,0,0,0,1,0,0,0,0,2,34,HOMBRE,ILESO,CONDUCTOR PRESENTE,NO,NO,0
17195,55501,55502,2019,0,0,-0.138822,-78.503872,PICHINCHA,QUITO,QUITO,URBANA,2019-01-17,08:25:00,8,JUEVES,4,ENERO,1,NO,NO GUARDAR LA DISTANCIA LATERAL MINIMA DE SEGURIDAD ENTRE VEHICULOS.,ROZAMIENTOS,NO IDENTIFICADO,0,0,0,0,0,0,0,0,0,2,0,0,0,2,-1,NO IDENTIFICADO,NO IDENTIFICADO,CONDUCTOR AUSENTE,NO,NO,2
17196,55504,55505,2019,1,0,-0.300025,-78.458962,PICHINCHA,RUMINIAHUI,SANGOLQUI,RURAL,2019-01-17,09:10:00,9,JUEVES,4,ENERO,1,NO,"CONDUCIR DESATENTO A LAS CONDICIONES DE TRANSITO (CELULAR, PANTALLAS DE VIDEO, COMIDA, MAQUILLAJE O CUALQUIER OTRO ELEMENTO DISTRACTOR).",CHOQUE POSTERIOR,MOTOCICLETA,1,0,0,0,0,0,0,0,1,0,0,0,0,2,41,HOMBRE,LESIONADO,CONDUCTOR PRESENTE,NO,SI,3
17197,55509,55510,2019,1,0,-0.258241,-78.543467,PICHINCHA,QUITO,QUITO,URBANA,2019-01-17,10:20:00,10,JUEVES,4,ENERO,1,NO,PEATON QUE CRUZA LA CALZADA SIN RESPETAR LA SENIALIZACION EXISTENTE (SEMAFOROS O SENIALES MANUALES).,ARROLLAMIENTOS,NO IDENTIFICADO,0,0,0,0,0,0,0,0,0,1,0,0,0,1,19,HOMBRE,LESIONADO,PEATON,NO,NO,0
17198,55512,55513,2019,2,0,-0.215223,-78.405555,PICHINCHA,QUITO,TUMBACO,RURAL,2019-01-17,11:49:00,11,JUEVES,4,ENERO,1,NO,NO TRANSITAR POR LAS ACERAS O ZONAS DE SEGURIDAD DESTINADAS PARA EL EFECTO.,ATROPELLOS,MOTOCICLETA,0,0,0,0,0,0,0,0,1,0,0,0,0,1,80,MUJER,LESIONADO,PEATON,NO,NO,3
17199,55513,55514,2019,1,0,-0.359087,-78.438988,PICHINCHA,RUMINIAHUI,SANGOLQUI,RURAL,2019-01-17,12:00:00,12,JUEVES,4,ENERO,1,NO,"CONDUCIR DESATENTO A LAS CONDICIONES DE TRANSITO (CELULAR, PANTALLAS DE VIDEO, COMIDA, MAQUILLAJE O CUALQUIER OTRO ELEMENTO DISTRACTOR).",ATROPELLOS,AUTOMOVIL,1,0,0,0,0,0,0,0,0,0,0,0,0,1,1,MUJER,LESIONADO,PEATON,NO,SI,3
17200,55516,55517,2019,1,0,-0.185623,-78.343085,PICHINCHA,QUITO,TABABELA,RURAL,2019-01-17,12:40:00,12,JUEVES,4,ENERO,1,NO,NO MANTENER LA DISTANCIA PRUDENCIAL CON RESPECTO AL VEHICULO QUE LE ANTECEDE.,CHOQUE POSTERIOR,AUTOMOVIL,1,0,0,0,1,0,0,0,0,0,0,0,0,2,26,MUJER,LESIONADO,CONDUCTOR PRESENTE,NO,NO,3
17201,55521,55522,2019,1,0,-0.206518,-78.494387,PICHINCHA,QUITO,QUITO,URBANA,2019-01-17,14:45:00,14,JUEVES,4,ENERO,1,NO,"NO RESPETAR LAS SENIALES REGLAMENTARIAS DE TRANSITO. (PARE, CEDA EL PASO, LUZ ROJA DEL SEMAFORO, ETC).",CHOQUE LATERAL,CAMIONETA,1,0,0,0,1,0,0,0,0,0,0,0,0,2,28,MUJER,LESIONADO,CONDUCTOR PRESENTE,NO,NO,0
17202,55525,55526,2019,1,0,0.005691,-78.172811,PICHINCHA,CAYAMBE,CAYAMBE,RURAL,2019-01-17,15:50:00,15,JUEVES,4,ENERO,1,NO,"CASO FORTUITO O FUERZA MAYOR (EXPLOSION DE NEUMATICO NUEVO, DERRUMBE, INUNDACION, CAIDA DE PUENTE, ARBOL, PRESENCIA INTEMPESTIVA E IMPREVISTA DE SEMOVIENTES EN LA VIA, ETC.).",PERDIDA DE PISTA,BUS,0,0,1,0,0,0,0,0,0,0,0,0,0,1,25,HOMBRE,LESIONADO,PASAJERO,NO,SI,3
17203,55535,55536,2019,0,0,-0.164784,-78.468117,PICHINCHA,QUITO,QUITO,URBANA,2019-01-17,18:30:00,18,JUEVES,4,ENERO,1,NO,NO MANTENER LA DISTANCIA PRUDENCIAL CON RESPECTO AL VEHICULO QUE LE ANTECEDE.,COLISION,AUTOMOVIL,3,0,0,0,0,0,0,0,0,0,0,0,0,3,38,HOMBRE,ILESO,CONDUCTOR PRESENTE,NO,NO,0
17204,55537,55538,2019,1,0,-0.258215,-78.541309,PICHINCHA,QUITO,QUITO,URBANA,2019-01-17,20:00:00,20,JUEVES,4,ENERO,1,NO,NO CEDER EL DERECHO DE VIA O PREFERENCIA DE PASO AL PEATON.,ATROPELLOS,NO IDENTIFICADO,0,0,0,0,0,0,0,0,0,1,0,0,0,1,38,HOMBRE,LESIONADO,PEATON,NO,NO,0
17205,55542,55543,2019,1,0,-0.242475,-78.497488,PICHINCHA,QUITO,QUITO,URBANA,2019-01-17,21:00:00,21,JUEVES,4,ENERO,1,NO,NO CEDER EL DERECHO DE VIA O PREFERENCIA DE PASO AL PEATON.,ATROPELLOS,NO IDENTIFICADO,0,0,0,0,0,0,0,0,0,1,0,0,0,1,29,HOMBRE,LESIONADO,PEATON,NO,NO,0
17206,55548,55549,2019,0,0,-0.199767,-78.428809,PICHINCHA,QUITO,CUMBAYA,RURAL,2019-01-18,01:10:00,1,VIERNES,5,ENERO,1,NO,"CONDUCIR DESATENTO A LAS CONDICIONES DE TRANSITO (CELULAR, PANTALLAS DE VIDEO, COMIDA, MAQUILLAJE O CUALQUIER OTRO ELEMENTO DISTRACTOR).",OTROS,AUTOMOVIL,2,0,0,0,0,0,0,0,0,0,0,0,0,2,40,HOMBRE,ILESO,CONDUCTOR PRESENTE,NO,NO,3
17207,55551,55552,2019,1,0,-0.125876,-78.444289,PICHINCHA,QUITO,LLANO CHICO,RURAL,2019-01-18,06:15:00,6,VIERNES,5,ENERO,1,NO,NO GUARDAR LA DISTANCIA LATERAL MINIMA DE SEGURIDAD ENTRE VEHICULOS.,CHOQUE LATERAL,BUS,0,0,1,0,1,0,0,0,0,0,0,0,0,2,40,HOMBRE,LESIONADO,CONDUCTOR PRESENTE,NO,NO,3
17208,55552,55553,2019,0,0,-0.199767,-78.428809,PICHINCHA,QUITO,CUMBAYA,RURAL,2019-01-18,06:20:00,6,VIERNES,5,ENERO,1,NO,CONDUCIR VEHICULO SUPERANDO LOS LIMITES MAXIMOS DE VELOCIDAD.,CHOQUE FRONTAL,AUTOMOVIL,2,0,0,0,0,0,0,0,0,0,0,0,0,2,50,HOMBRE,ILESO,CONDUCTOR PRESENTE,NO,NO,3
17209,55554,55555,2019,1,0,-0.310328,-78.569493,PICHINCHA,QUITO,QUITO,URBANA,2019-01-18,07:00:00,7,VIERNES,5,ENERO,1,NO,"CONDUCIR DESATENTO A LAS CONDICIONES DE TRANSITO (CELULAR, PANTALLAS DE VIDEO, COMIDA, MAQUILLAJE O CUALQUIER OTRO ELEMENTO DISTRACTOR).",CHOQUE LATERAL,MOTOCICLETA,0,0,0,0,0,0,0,0,1,1,0,0,0,2,48,HOMBRE,LESIONADO,CONDUCTOR PRESENTE,NO,NO,0
17210,55564,55565,2019,1,0,-0.107147,-78.493149,PICHINCHA,QUITO,QUITO,URBANA,2019-01-18,10:35:00,10,VIERNES,5,ENERO,1,NO,PEATON QUE CRUZA LA CALZADA SIN RESPETAR LA SENIALIZACION EXISTENTE (SEMAFOROS O SENIALES MANUALES).,ATROPELLOS,MOTOCICLETA,0,0,0,0,0,0,0,0,1,0,0,0,0,1,43,MUJER,LESIONADO,PEATON,NO,NO,0
17211,55566,55567,2019,0,1,-0.224592,-78.396554,PICHINCHA,QUITO,TUMBACO,RURAL,2019-01-18,11:00:00,11,VIERNES,5,ENERO,1,NO,"PRESENCIA DE AGENTES EXTERNOS EN LA VIA (AGUA, ACEITE, PIEDRA, LASTRE, ESCOMBROS, MADEROS, ETC.).",ESTRELLAMIENTOS,CAMIONETA,0,0,0,0,1,0,0,0,0,0,0,0,0,1,54,HOMBRE,FALLECIDO,CONDUCTOR PRESENTE,NO,NO,3
17212,55567,55568,2019,2,0,-0.328831,-78.560625,PICHINCHA,QUITO,QUITO,URBANA,2019-01-18,11:00:00,11,VIERNES,5,ENERO,1,NO,CONDUCIR VEHICULO SUPERANDO LOS LIMITES MAXIMOS DE VELOCIDAD.,CHOQUE LATERAL,BUS,1,0,1,0,0,0,0,0,0,0,0,0,0,2,54,MUJER,LESIONADO,PASAJERO,NO,NO,0
17213,55572,55573,2019,1,0,-0.249423,-78.531144,PICHINCHA,QUITO,QUITO,URBANA,2019-01-18,13:30:00,13,VIERNES,5,ENERO,1,NO,DEJAR O RECOGER PASAJEROS EN LUGARES NO PERMITIDOS.,CAIDA DE PASAJERO,BUS,0,0,1,0,0,0,0,0,0,0,0,0,0,1,19,MUJER,LESIONADO,PASAJERO,NO,NO,0
17214,55573,55574,2019,1,0,-0.182997,-78.503721,PICHINCHA,QUITO,QUITO,RURAL,2019-01-18,14:00:00,14,VIERNES,5,ENERO,1,NO,NO GUARDAR LA DISTANCIA LATERAL MINIMA DE SEGURIDAD ENTRE VEHICULOS.,CHOQUE LATERAL,NO IDENTIFICADO,0,0,0,0,0,0,0,0,0,2,0,0,0,2,21,HOMBRE,LESIONADO,CONDUCTOR PRESENTE,NO,NO,3
17215,55574,55575,2019,0,0,-0.190514,-78.508914,PICHINCHA,QUITO,QUITO,URBANA,2019-01-18,14:15:00,14,VIERNES,5,ENERO,1,NO,NO MANTENER LA DISTANCIA PRUDENCIAL CON RESPECTO AL VEHICULO QUE LE ANTECEDE.,CHOQUE POSTERIOR,AUTOMOVIL,1,0,0,0,0,0,0,0,0,1,0,0,0,2,27,HOMBRE,ILESO,CONDUCTOR PRESENTE,NO,NO,0
17216,55576,55577,2019,0,0,-0.168468,-78.469449,PICHINCHA,QUITO,QUITO,URBANA,2019-01-18,15:06:00,15,VIERNES,5,ENERO,1,NO,NO MANTENER LA DISTANCIA PRUDENCIAL CON RESPECTO AL VEHICULO QUE LE ANTECEDE.,CHOQUE POSTERIOR,BUS,1,0,1,0,0,0,0,0,0,0,0,0,0,2,51,HOMBRE,ILESO,CONDUCTOR PRESENTE,NO,NO,0
17217,55578,55579,2019,0,0,-0.099083,-78.421844,PICHINCHA,QUITO,CALDERON (CARAPUNGO),RURAL,2019-01-18,15:55:00,15,VIERNES,5,ENERO,1,NO,NO GUARDAR LA DISTANCIA LATERAL MINIMA DE SEGURIDAD ENTRE VEHICULOS.,ROZAMIENTOS,MOTOCICLETA,1,0,0,0,0,0,0,0,1,0,0,0,0,2,32,HOMBRE,ILESO,CONDUCTOR PRESENTE,NO,NO,3
17218,55580,55581,2019,2,2,0.024842,-78.628221,PICHINCHA,QUITO,NONO,RURAL,2019-01-18,17:00:00,17,VIERNES,5,ENERO,1,NO,"CONDUCIR DESATENTO A LAS CONDICIONES DE TRANSITO (CELULAR, PANTALLAS DE VIDEO, COMIDA, MAQUILLAJE O CUALQUIER OTRO ELEMENTO DISTRACTOR).",PERDIDA DE CARRIL,AUTOMOVIL,1,0,0,0,0,0,0,0,0,0,0,0,0,1,19,MUJER,FALLECIDO,PASAJERO,NO,SI,3
17219,55581,55582,2019,0,0,-0.243933,-78.517631,PICHINCHA,QUITO,QUITO,URBANA,2019-01-18,17:00:00,17,VIERNES,5,ENERO,1,NO,"FALLA MECANICA EN LOS SISTEMAS Y/O NEUMATICOS (SISTEMA DE FRENOS, DIRECCION, ELECTRONICO O MECANICO).",ESTRELLAMIENTOS,AUTOMOVIL,1,0,0,0,0,0,0,0,0,0,0,0,0,1,25,HOMBRE,ILESO,CONDUCTOR PRESENTE,NO,NO,0
17220,55583,55584,2019,1,0,-0.244779,-78.517721,PICHINCHA,QUITO,QUITO,URBANA,2019-01-18,17:40:00,17,VIERNES,5,ENERO,1,NO,NO CEDER EL DERECHO DE VIA O PREFERENCIA DE PASO AL PEATON.,ATROPELLOS,NO IDENTIFICADO,0,0,0,0,0,0,0,0,0,1,0,0,0,1,12,MUJER,LESIONADO,PEATON,NO,NO,0
17221,55585,55586,2019,4,0,-0.172656,-78.487005,PICHINCHA,QUITO,QUITO,URBANA,2019-01-18,18:01:00,18,VIERNES,5,ENERO,1,NO,"NO RESPETAR LAS SENIALES REGLAMENTARIAS DE TRANSITO. (PARE, CEDA EL PASO, LUZ ROJA DEL SEMAFORO, ETC).",CHOQUE LATERAL,AUTOMOVIL,2,0,0,0,0,0,0,0,0,0,0,0,0,2,3,HOMBRE,LESIONADO,PASAJERO,NO,NO,0
17222,55591,55592,2019,0,0,-0.235884,-78.529151,PICHINCHA,QUITO,QUITO,URBANA,2019-01-18,19:55:00,19,VIERNES,5,ENERO,1,NO,NO GUARDAR LA DISTANCIA LATERAL MINIMA DE SEGURIDAD ENTRE VEHICULOS.,CHOQUE LATERAL,CAMION,1,0,0,1,0,0,0,0,0,0,0,0,0,2,38,HOMBRE,ILESO,CONDUCTOR PRESENTE,NO,NO,0