,Unnamed: 0,ID,ANIO,LESIONADOS,FALLECIDOS,LATITUD_Y,LONGITUD_X,PROVINCIA,CANTON,PARROQUIA,ZONA,FECHA,HORA,PERIODO_2,DIA_1,DIA_2,MES_1,MES_2,FERIADO,CAUSA_PROBABLE,TIPO_DE_SINIESTRO,TIPO_DE_VEHICULO_1,AUTOMOVIL,BICICLETA,BUS,CAMION,CAMIONETA,EMERGENCIAS,ESPECIAL,FURGONETA,MOTOCICLETA,NO_IDENTIFICADO,SCOOTER_ELECTRICO,TRICIMOTO,VEHICULO_DEPORTIVO_UTILITARIO,SUMA_DE_VEHICULOS,EDAD_1,SEXO_1,CONDICION_1,PARTICIPANTE_1,CASCO_1,CINTURON_1,KMeans_Cluster
17280,55858,55859,2019,1,0,-0.249709,-78.541726,PICHINCHA,QUITO,QUITO,URBANA,2019-01-22,22:20:00,22,MARTES,2,ENERO,1,NO,"CONDUCIR DESATENTO A LAS CONDICIONES DE TRANSITO (CELULAR, PANTALLAS DE VIDEO, COMIDA, MAQUILLAJE O CUALQUIER OTRO ELEMENTO DISTRACTOR).",PERDIDA DE CARRIL,MOTOCICLETA,0,0,0,0,0,0,0,0,1,0,0,0,0,1,26,HOMBRE,LESIONADO,CONDUCTOR PRESENTE,NO,NO,0
17281,55859,55860,2019,0,0,-0.105059,-78.431137,PICHINCHA,QUITO,CALDERON (CARAPUNGO),RURAL,2019-01-22,22:55:00,22,MARTES,2,ENERO,1,NO,REALIZAR CAMBIO BRUSCO O INDEBIDO DE CARRIL.,ESTRELLAMIENTOS,AUTOMOVIL,1,0,0,0,0,0,0,0,0,0,0,0,0,1,-1,NO IDENTIFICADO,NO IDENTIFICADO,CONDUCTOR AUSENTE,NO,NO,2
17282,55869,55870,2019,1,0,-0.243922,-78.539909,PICHINCHA,QUITO,QUITO,URBANA,2019-01-23,06:30:00,6,MIERCOLES,3,ENERO,1,NO,NO GUARDAR LA DISTANCIA LATERAL MINIMA DE SEGURIDAD ENTRE VEHICULOS.,ROZAMIENTOS,AUTOMOVIL,1,0,0,0,0,0,0,0,0,1,0,0,0,2,35,MUJER,LESIONADO,PASAJERO,NO,NO,0
17283,55870,55871,2019,1,0,-0.240991,-78.531973,PICHINCHA,QUITO,QUITO,URBANA,2019-01-23,07:10:00,7,MIERCOLES,3,ENERO,1,NO,NO TRANSITAR POR LAS ACERAS O ZONAS DE SEGURIDAD DESTINADAS PARA EL EFECTO.,ATROPELLOS,NO IDENTIFICADO,0,0,0,0,0,0,0,0,0,1,0,0,0,1,11,MUJER,LESIONADO,PEATON,NO,NO,0
17284,55884,55885,2019,0,0,-0.178911,-78.478324,PICHINCHA,QUITO,QUITO,URBANA,2019-01-23,11:20:00,11,MIERCOLES,3,ENERO,1,NO,REALIZAR CAMBIO BRUSCO O INDEBIDO DE CARRIL.,ESTRELLAMIENTOS,CAMION,0,0,0,1,0,0,0,0,0,0,0,0,0,1,52,HOMBRE,ILESO,CONDUCTOR PRESENTE,NO,NO,0
17285,55898,55899,2019,0,0,-0.158979,-78.461361,PICHINCHA,QUITO,QUITO,URBANA,2019-01-23,17:20:00,17,MIERCOLES,3,ENERO,1,NO,"CONDUCE BAJO LA INFLUENCIA DE ALCOHOL, SUSTANCIAS ESTUPEFACIENTES O PSICOTROPICAS Y/O MEDICAMENTOS.",CHOQUE FRONTAL,BUS,1,0,1,0,0,0,0,0,0,0,0,0,0,2,39,HOMBRE,ILESO,CONDUCTOR PRESENTE,NO,NO,0
17286,55903,55904,2019,2,0,-0.153396,-78.484496,PICHINCHA,QUITO,QUITO,URBANA,2019-01-23,21:45:00,21,MIERCOLES,3,ENERO,1,NO,NO GUARDAR LA DISTANCIA LATERAL MINIMA DE SEGURIDAD ENTRE VEHICULOS.,CHOQUE LATERAL,MOTOCICLETA,1,0,0,0,0,0,0,0,1,0,0,0,0,2,23,HOMBRE,LESIONADO,PASAJERO,NO,NO,0
17287,55904,55905,2019,1,0,-0.324322,-78.562536,PICHINCHA,QUITO,QUITO,URBANA,2019-01-23,22:00:00,22,MIERCOLES,3,ENERO,1,NO,CONDUCIR VEHICULO SUPERANDO LOS LIMITES MAXIMOS DE VELOCIDAD.,ATROPELLOS,NO IDENTIFICADO,0,0,0,0,0,0,0,0,0,1,0,0,0,1,-1,NO IDENTIFICADO,LESIONADO,CONDUCTOR PRESENTE,NO,NO,2
17288,55905,55906,2019,1,0,-0.299432,-78.559038,PICHINCHA,QUITO,QUITO,URBANA,2019-01-23,22:35:00,22,MIERCOLES,3,ENERO,1,NO,"NO RESPETAR LAS SENIALES REGLAMENTARIAS DE TRANSITO. (PARE, CEDA EL PASO, LUZ ROJA DEL SEMAFORO, ETC).",CHOQUE LATERAL,AUTOMOVIL,1,0,0,0,0,0,0,0,1,0,0,0,0,2,22,HOMBRE,LESIONADO,CONDUCTOR PRESENTE,NO,NO,0
17289,55907,55908,2019,0,0,-0.197826,-78.466466,PICHINCHA,QUITO,QUITO,RURAL,2019-01-24,00:00:00,0,JUEVES,4,ENERO,1,NO,"CONDUCIR EN ESTADO DE SOMNOLENCIA O MALAS CONDICIONES FISICAS (SUENIO, CANSANCIO Y FATIGA).",ESTRELLAMIENTOS,CAMIONETA,0,0,0,0,1,0,0,0,0,0,0,0,0,1,-1,NO IDENTIFICADO,NO IDENTIFICADO,CONDUCTOR AUSENTE,NO,NO,2
17290,55908,55909,2019,1,1,-0.008354,-78.182492,PICHINCHA,CAYAMBE,CANGAHUA,RURAL,2019-01-24,01:15:00,1,JUEVES,4,ENERO,1,NO,"CONDUCIR DESATENTO A LAS CONDICIONES DE TRANSITO (CELULAR, PANTALLAS DE VIDEO, COMIDA, MAQUILLAJE O CUALQUIER OTRO ELEMENTO DISTRACTOR).",PERDIDA DE PISTA,VEHICULO DEPORTIVO UTILITARIO,0,0,0,0,0,0,0,0,0,0,0,0,1,1,69,MUJER,FALLECIDO,PASAJERO,NO,SI,3
17291,55911,55912,2019,2,0,-0.286689,-78.562971,PICHINCHA,QUITO,QUITO,URBANA,2019-01-24,03:20:00,3,JUEVES,4,ENERO,1,NO,"CONDUCIR EN ESTADO DE SOMNOLENCIA O MALAS CONDICIONES FISICAS (SUENIO, CANSANCIO Y FATIGA).",VOLCAMIENTOS,MOTOCICLETA,0,0,0,0,0,0,0,0,1,0,0,0,0,1,28,HOMBRE,LESIONADO,PASAJERO,NO,NO,0
17292,55912,55913,2019,1,0,-0.318641,-78.549386,PICHINCHA,QUITO,QUITO,URBANA,2019-01-24,06:00:00,6,JUEVES,4,ENERO,1,NO,NO TRANSITAR POR LAS ACERAS O ZONAS DE SEGURIDAD DESTINADAS PARA EL EFECTO.,ATROPELLOS,NO IDENTIFICADO,0,0,0,0,0,0,0,0,0,1,0,0,0,1,20,MUJER,LESIONADO,PEATON,NO,NO,0
17293,55914,55915,2019,0,0,-0.115697,-78.494415,PICHINCHA,QUITO,QUITO,URBANA,2019-01-24,06:25:00,6,JUEVES,4,ENERO,1,NO,NO CEDER EL DERECHO DE VIA O PREFERENCIA DE PASO A VEHICULOS.,CHOQUE LATERAL,AUTOMOVIL,2,0,0,0,0,0,0,0,0,0,0,0,0,2,34,HOMBRE,ILESO,CONDUCTOR PRESENTE,NO,NO,0
17294,55919,55920,2019,0,0,-0.121124,-78.441886,PICHINCHA,QUITO,CALDERON (CARAPUNGO),RURAL,2019-01-24,08:10:00,8,JUEVES,4,ENERO,1,NO,"NO RESPETAR LAS SENIALES REGLAMENTARIAS DE TRANSITO. (PARE, CEDA EL PASO, LUZ ROJA DEL SEMAFORO, ETC).",CHOQUE LATERAL,AUTOMOVIL,2,0,0,0,0,0,0,0,0,0,0,0,0,2,38,HOMBRE,ILESO,CONDUCTOR PRESENTE,NO,NO,3
17295,55931,55932,2019,1,0,-0.229787,-78.485515,PICHINCHA,QUITO,QUITO,URBANA,2019-01-24,13:10:00,13,JUEVES,4,ENERO,1,NO,"FALLA MECANICA EN LOS SISTEMAS Y/O NEUMATICOS (SISTEMA DE FRENOS, DIRECCION, ELECTRONICO O MECANICO).",ESTRELLAMIENTOS,BUS,0,0,1,0,0,0,0,0,0,0,0,0,0,1,20,MUJER,LESIONADO,PASAJERO,NO,NO,0
17296,55932,55933,2019,1,0,-0.153033,-78.464746,PICHINCHA,QUITO,QUITO,URBANA,2019-01-24,14:50:00,14,JUEVES,4,ENERO,1,NO,"ADELANTAR O REBASAR A OTRO VEHICULO EN MOVIMIENTO EN ZONAS O SITIOS PELIGROSOS TALES COMO: CURVAS, PUENTES, TUNELES, PENDIENTES, ETC.",ESTRELLAMIENTOS,AUTOMOVIL,1,0,0,0,1,0,0,0,0,0,0,0,0,2,42,MUJER,LESIONADO,CONDUCTOR PRESENTE,NO,NO,0
17297,55934,55935,2019,2,0,-0.148951,-78.489504,PICHINCHA,QUITO,QUITO,URBANA,2019-01-24,15:15:00,15,JUEVES,4,ENERO,1,NO,NO TRANSITAR POR LAS ACERAS O ZONAS DE SEGURIDAD DESTINADAS PARA EL EFECTO.,ATROPELLOS,MOTOCICLETA,0,0,0,0,0,0,0,0,1,0,0,0,0,1,18,MUJER,LESIONADO,PEATON,NO,NO,0
17298,55938,55939,2019,1,0,-0.317898,-78.535609,PICHINCHA,QUITO,QUITO,URBANA,2019-01-24,16:15:00,16,JUEVES,4,ENERO,1,NO,NO CEDER EL DERECHO DE VIA O PREFERENCIA DE PASO AL PEATON.,ATROPELLOS,NO IDENTIFICADO,0,0,0,0,0,0,0,0,0,1,0,0,0,1,14,HOMBRE,LESIONADO,PEATON,NO,NO,0
17299,55945,55946,2019,0,0,-0.214701,-78.503384,PICHINCHA,QUITO,QUITO,URBANA,2019-01-24,17:55:00,17,JUEVES,4,ENERO,1,NO,"ADELANTAR O REBASAR A OTRO VEHICULO EN MOVIMIENTO EN ZONAS O SITIOS PELIGROSOS TALES COMO: CURVAS, PUENTES, TUNELES, PENDIENTES, ETC.",ROZAMIENTOS,BUS,1,0,1,0,0,0,0,0,0,0,0,0,0,2,49,HOMBRE,ILESO,CONDUCTOR PRESENTE,NO,NO,0
17300,55947,55948,2019,0,0,-0.227324,-78.450086,PICHINCHA,QUITO,CUMBAYA,RURAL,2019-01-24,18:55:00,18,JUEVES,4,ENERO,1,NO,"CONDUCE BAJO LA INFLUENCIA DE ALCOHOL, SUSTANCIAS ESTUPEFACIENTES O PSICOTROPICAS Y/O MEDICAMENTOS.",COLISION,CAMIONETA,2,0,0,0,1,0,0,0,0,0,0,0,0,3,29,MUJER,ILESO,PASAJERO,NO,NO,3
17301,55950,55951,2019,0,0,-0.327841,-78.550355,PICHINCHA,QUITO,QUITO,URBANA,2019-01-24,19:55:00,19,JUEVES,4,ENERO,1,NO,"CONDUCIR DESATENTO A LAS CONDICIONES DE TRANSITO (CELULAR, PANTALLAS DE VIDEO, COMIDA, MAQUILLAJE O CUALQUIER OTRO ELEMENTO DISTRACTOR).",ESTRELLAMIENTOS,AUTOMOVIL,1,0,0,0,0,0,0,0,0,0,0,0,0,1,-1,NO IDENTIFICADO,NO IDENTIFICADO,CONDUCTOR AUSENTE,NO,NO,2
17302,55952,55953,2019,0,0,-0.208118,-78.492167,PICHINCHA,QUITO,QUITO,URBANA,2019-01-24,20:30:00,20,JUEVES,4,ENERO,1,NO,CONDUCIR VEHICULO SUPERANDO LOS LIMITES MAXIMOS DE VELOCIDAD.,ESTRELLAMIENTOS,AUTOMOVIL,2,0,0,0,0,0,0,0,0,0,0,0,0,2,-1,NO IDENTIFICADO,NO IDENTIFICADO,CONDUCTOR AUSENTE,NO,NO,2
17303,55962,55963,2019,0,0,-0.210749,-78.517081,PICHINCHA,QUITO,QUITO,URBANA,2019-01-25,01:50:00,1,VIERNES,5,ENERO,1,NO,CONDUCIR VEHICULO SUPERANDO LOS LIMITES MAXIMOS DE VELOCIDAD.,ESTRELLAMIENTOS,AUTOMOVIL,1,0,0,0,0,0,0,0,0,0,0,0,0,1,-1,NO IDENTIFICADO,NO IDENTIFICADO,CONDUCTOR AUSENTE,NO,NO,2
17304,55970,55971,2019,0,1,-0.065521,-78.463227,PICHINCHA,QUITO,POMASQUI,RURAL,2019-01-25,04:50:00,4,VIERNES,5,ENERO,1,NO,"CONDUCIR DESATENTO A LAS CONDICIONES DE TRANSITO (CELULAR, PANTALLAS DE VIDEO, COMIDA, MAQUILLAJE O CUALQUIER OTRO ELEMENTO DISTRACTOR).",ESTRELLAMIENTOS,MOTOCICLETA,0,0,0,0,0,0,0,0,1,0,0,0,0,1,25,HOMBRE,FALLECIDO,CONDUCTOR PRESENTE,NO,SI,3
17305,55972,55973,2019,2,0,-0.200541,-78.490152,PICHINCHA,QUITO,QUITO,URBANA,2019-01-25,05:15:00,5,VIERNES,5,ENERO,1,NO,"CONDUCE BAJO LA INFLUENCIA DE ALCOHOL, SUSTANCIAS ESTUPEFACIENTES O PSICOTROPICAS Y/O MEDICAMENTOS.",CHOQUE LATERAL,AUTOMOVIL,2,0,0,0,0,0,0,0,0,0,0,0,0,2,22,HOMBRE,LESIONADO,CONDUCTOR PRESENTE,NO,SI,0
17306,55976,55977,2019,0,0,-0.260521,-78.541534,PICHINCHA,QUITO,QUITO,URBANA,2019-01-25,06:30:00,6,VIERNES,5,ENERO,1,NO,NO GUARDAR LA DISTANCIA LATERAL MINIMA DE SEGURIDAD ENTRE VEHICULOS.,CHOQUE LATERAL,AUTOMOVIL,2,0,0,0,0,0,0,0,0,0,0,0,0,2,28,MUJER,ILESO,CONDUCTOR PRESENTE,NO,NO,0
17307,55980,55981,2019,1,0,-0.108412,-78.297378,PICHINCHA,QUITO,EL QUINCHE,RURAL,2019-01-25,08:05:00,8,VIERNES,5,ENERO,1,NO,PEATON QUE CRUZA LA CALZADA SIN RESPETAR LA SENIALIZACION EXISTENTE (SEMAFOROS O SENIALES MANUALES).,ATROPELLOS,NO IDENTIFICADO,0,0,0,0,0,0,0,0,0,1,0,0,0,1,84,HOMBRE,LESIONADO,PEATON,NO,NO,3
17308,55984,55985,2019,0,0,-0.183848,-78.450786,PICHINCHA,QUITO,NAYON,URBANA,2019-01-25,08:55:00,8,VIERNES,5,ENERO,1,NO,REALIZAR CAMBIO BRUSCO O INDEBIDO DE CARRIL.,COLISION,AUTOMOVIL,3,0,0,0,0,0,0,0,0,0,0,0,0,3,53,HOMBRE,ILESO,CONDUCTOR PRESENTE,NO,NO,0
17309,55985,55986,2019,0,0,-0.162398,-78.485467,PICHINCHA,QUITO,QUITO,URBANA,2019-01-25,09:38:00,9,VIERNES,5,ENERO,1,NO,CONDUCIR VEHICULO SUPERANDO LOS LIMITES MAXIMOS DE VELOCIDAD.,CHOQUE LATERAL,AUTOMOVIL,1,0,0,0,0,0,0,0,0,1,0,0,0,2,58,HOMBRE,ILESO,CONDUCTOR PRESENTE,NO,NO,0
17310,55997,55998,2019,0,0,-0.215565,-78.490858,PICHINCHA,QUITO,QUITO,URBANA,2019-01-25,14:24:00,14,VIERNES,5,ENERO,1,NO,NO MANTENER LA DISTANCIA PRUDENCIAL CON RESPECTO AL VEHICULO QUE LE ANTECEDE.,CHOQUE POSTERIOR,AUTOMOVIL,2,0,0,0,0,0,0,0,0,0,0,0,0,2,64,HOMBRE,ILESO,CONDUCTOR PRESENTE,NO,NO,0
17311,55999,56000,2019,1,0,-0.197826,-78.466466,PICHINCHA,QUITO,QUITO,RURAL,2019-01-25,15:35:00,15,VIERNES,5,ENERO,1,NO,"CONDUCIR DESATENTO A LAS CONDICIONES DE TRANSITO (CELULAR, PANTALLAS DE VIDEO, COMIDA, MAQUILLAJE O CUALQUIER OTRO ELEMENTO DISTRACTOR).",PERDIDA DE CARRIL,CAMION,0,0,0,1,0,0,0,0,0,0,0,0,0,1,42,HOMBRE,LESIONADO,CONDUCTOR PRESENTE,NO,NO,3
17312,56000,56001,2019,0,0,-0.320803,-78.551665,PICHINCHA,QUITO,QUITO,URBANA,2019-01-25,15:40:00,15,VIERNES,5,ENERO,1,NO,CONDUCIR VEHICULO SUPERANDO LOS LIMITES MAXIMOS DE VELOCIDAD.,ESTRELLAMIENTOS,AUTOMOVIL,1,0,0,0,0,0,0,0,0,0,0,0,0,1,22,HOMBRE,ILESO,PASAJERO,NO,NO,0
17313,56005,56006,2019,1,0,-0.258434,-78.512958,PICHINCHA,QUITO,QUITO,URBANA,2019-01-25,16:20:00,16,VIERNES,5,ENERO,1,NO,DEJAR O RECOGER PASAJEROS EN LUGARES NO PERMITIDOS.,CAIDA DE PASAJERO,NO IDENTIFICADO,0,0,0,0,0,0,0,0,0,1,0,0,0,1,15,HOMBRE,LESIONADO,PASAJERO,NO,NO,0
17314,56007,56008,2019,0,0,-0.232716,-78.503774,PICHINCHA,QUITO,QUITO,URBANA,2019-01-25,16:29:00,16,VIERNES,5,ENERO,1,NO,NO MANTENER LA DISTANCIA PRUDENCIAL CON RESPECTO AL VEHICULO QUE LE ANTECEDE.,CHOQUE POSTERIOR,AUTOMOVIL,2,0,0,0,0,0,0,0,0,0,0,0,0,2,61,HOMBRE,ILESO,CONDUCTOR PRESENTE,NO,NO,0
17315,56008,56009,2019,1,0,-0.225664,-78.524289,PICHINCHA,QUITO,QUITO,URBANA,2019-01-25,16:35:00,16,VIERNES,5,ENERO,1,NO,"NO RESPETAR LAS SENIALES REGLAMENTARIAS DE TRANSITO. (PARE, CEDA EL PASO, LUZ ROJA DEL SEMAFORO, ETC).",OTROS,AUTOMOVIL,1,0,0,0,0,0,0,0,0,0,0,0,0,1,52,HOMBRE,LESIONADO,PEATON,NO,NO,0
17316,56009,56010,2019,0,1,0.044377,-78.233684,PICHINCHA,PEDRO MONCAYO,TABACUNDO,RURAL,2019-01-25,16:45:00,16,VIERNES,5,ENERO,1,NO,"CONDUCIR DESATENTO A LAS CONDICIONES DE TRANSITO (CELULAR, PANTALLAS DE VIDEO, COMIDA, MAQUILLAJE O CUALQUIER OTRO ELEMENTO DISTRACTOR).",ATROPELLOS,AUTOMOVIL,1,0,0,0,0,0,0,0,0,0,0,0,0,1,50,HOMBRE,FALLECIDO,PEATON,NO,SI,3
17317,56013,56014,2019,0,1,-0.280841,-78.548733,PICHINCHA,QUITO,QUITO,URBANA,2019-01-25,17:05:00,17,VIERNES,5,ENERO,1,NO,CONDUCIR VEHICULO SUPERANDO LOS LIMITES MAXIMOS DE VELOCIDAD.,CHOQUE LATERAL,BICICLETA,0,1,1,0,0,0,0,0,0,0,0,0,0,2,19,HOMBRE,FALLECIDO,CONDUCTOR PRESENTE,NO,NO,0
17318,56016,56017,2019,1,0,-0.212798,-78.497986,PICHINCHA,QUITO,QUITO,URBANA,2019-01-25,21:40:00,21,VIERNES,5,ENERO,1,NO,"NO RESPETAR LAS SENIALES REGLAMENTARIAS DE TRANSITO. (PARE, CEDA EL PASO, LUZ ROJA DEL SEMAFORO, ETC).",ATROPELLOS,NO IDENTIFICADO,0,0,0,0,0,0,0,0,0,1,0,0,0,1,58,HOMBRE,LESIONADO,PEATON,NO,NO,0
17319,56018,56019,2019,2,0,-0.096115,-78.467567,PICHINCHA,QUITO,QUITO,RURAL,2019-01-25,22:15:00,22,VIERNES,5,ENERO,1,NO,"CONDUCE BAJO LA INFLUENCIA DE ALCOHOL, SUSTANCIAS ESTUPEFACIENTES O PSICOTROPICAS Y/O MEDICAMENTOS.",COLISION,AUTOMOVIL,2,0,0,0,1,0,0,0,0,0,0,0,0,3,23,MUJER,LESIONADO,PASAJERO,NO,NO,3
17320,56022,56023,2019,3,0,-0.070387,-78.470732,PICHINCHA,QUITO,POMASQUI,RURAL,2019-01-25,23:20:00,23,VIERNES,5,ENERO,1,NO,"CONDUCIR DESATENTO A LAS CONDICIONES DE TRANSITO (CELULAR, PANTALLAS DE VIDEO, COMIDA, MAQUILLAJE O CUALQUIER OTRO ELEMENTO DISTRACTOR).",CHOQUE LATERAL,AUTOMOVIL,2,0,0,0,0,0,0,0,0,0,0,0,0,2,29,HOMBRE,LESIONADO,PASAJERO,NO,SI,3
17321,56023,56024,2019,1,0,-0.112213,-78.474367,PICHINCHA,QUITO,QUITO,URBANA,2019-01-25,23:30:00,23,VIERNES,5,ENERO,1,NO,NO CEDER EL DERECHO DE VIA O PREFERENCIA DE PASO A VEHICULOS.,CHOQUE FRONTAL,MOTOCICLETA,1,0,0,0,0,0,0,0,1,0,0,0,0,2,25,HOMBRE,LESIONADO,CONDUCTOR PRESENTE,NO,NO,0
17322,56026,56027,2019,1,0,-0.166361,-78.474211,PICHINCHA,QUITO,QUITO,URBANA,2019-01-25,23:40:00,23,VIERNES,5,ENERO,1,NO,CONDUCIR VEHICULO SUPERANDO LOS LIMITES MAXIMOS DE VELOCIDAD.,PERDIDA DE CARRIL,MOTOCICLETA,0,0,0,0,0,0,0,0,1,0,0,0,0,1,29,HOMBRE,LESIONADO,CONDUCTOR PRESENTE,NO,NO,0
17323,56027,56028,2019,0,0,-0.299015,-78.531528,PICHINCHA,QUITO,QUITO,URBANA,2019-01-26,00:00:00,0,SABADO,6,ENERO,1,NO,"CONDUCE BAJO LA INFLUENCIA DE ALCOHOL, SUSTANCIAS ESTUPEFACIENTES O PSICOTROPICAS Y/O MEDICAMENTOS.",ESTRELLAMIENTOS,AUTOMOVIL,1,0,0,0,1,0,0,0,0,0,0,0,0,2,26,HOMBRE,ILESO,CONDUCTOR PRESENTE,NO,NO,0
17324,56028,56029,2019,0,0,-0.185856,-78.477867,PICHINCHA,QUITO,QUITO,URBANA,2019-01-26,00:20:00,0,SABADO,6,ENERO,1,NO,"CONDUCIR EN ESTADO DE SOMNOLENCIA O MALAS CONDICIONES FISICAS (SUENIO, CANSANCIO Y FATIGA).",ESTRELLAMIENTOS,AUTOMOVIL,1,0,0,0,0,0,0,0,0,0,0,0,0,1,-1,NO IDENTIFICADO,NO IDENTIFICADO,CONDUCTOR AUSENTE,NO,NO,2
17325,56030,56031,2019,1,0,-0.227324,-78.450086,PICHINCHA,QUITO,CUMBAYA,RURAL,2019-01-26,01:00:00,1,SABADO,6,ENERO,1,NO,"CONDUCIR DESATENTO A LAS CONDICIONES DE TRANSITO (CELULAR, PANTALLAS DE VIDEO, COMIDA, MAQUILLAJE O CUALQUIER OTRO ELEMENTO DISTRACTOR).",VOLCAMIENTOS,MOTOCICLETA,0,0,0,0,0,0,0,0,1,0,0,0,0,1,22,HOMBRE,LESIONADO,CONDUCTOR PRESENTE,NO,NO,3
17326,56031,56032,2019,1,0,-0.283861,-78.560044,PICHINCHA,QUITO,QUITO,URBANA,2019-01-26,01:00:00,1,SABADO,6,ENERO,1,NO,NO CEDER EL DERECHO DE VIA O PREFERENCIA DE PASO A VEHICULOS.,CHOQUE LATERAL,AUTOMOVIL,1,0,0,0,0,0,0,0,1,0,0,0,0,2,29,HOMBRE,LESIONADO,CONDUCTOR PRESENTE,NO,NO,0
17327,56037,56038,2019,0,0,-0.202041,-78.480396,PICHINCHA,QUITO,QUITO,URBANA,2019-01-26,02:05:00,2,SABADO,6,ENERO,1,NO,"CONDUCE BAJO LA INFLUENCIA DE ALCOHOL, SUSTANCIAS ESTUPEFACIENTES O PSICOTROPICAS Y/O MEDICAMENTOS.",ESTRELLAMIENTOS,AUTOMOVIL,3,0,0,0,1,0,0,0,0,0,0,0,0,4,34,HOMBRE,ILESO,CONDUCTOR PRESENTE,NO,NO,0
17328,56038,56039,2019,0,0,-0.219372,-78.389241,PICHINCHA,QUITO,TUMBACO,RURAL,2019-01-26,02:15:00,2,SABADO,6,ENERO,1,NO,"CONDUCIR EN ESTADO DE SOMNOLENCIA O MALAS CONDICIONES FISICAS (SUENIO, CANSANCIO Y FATIGA).",ESTRELLAMIENTOS,MOTOCICLETA,0,0,0,0,0,0,0,0,1,0,0,0,0,1,34,HOMBRE,ILESO,PASAJERO,NO,NO,3
17329,56039,56040,2019,2,0,-0.288901,-78.538232,PICHINCHA,QUITO,QUITO,URBANA,2019-01-26,02:40:00,2,SABADO,6,ENERO,1,NO,NO TRANSITAR POR LAS ACERAS O ZONAS DE SEGURIDAD DESTINADAS PARA EL EFECTO.,ATROPELLOS,NO IDENTIFICADO,0,0,0,0,0,0,0,0,0,1,0,0,0,1,34,HOMBRE,LESIONADO,PEATON,NO,NO,0
17330,56042,56043,2019,1,0,-0.164687,-78.468089,PICHINCHA,QUITO,QUITO,URBANA,2019-01-26,03:15:00,3,SABADO,6,ENERO,1,NO,"CONDUCIR DESATENTO A LAS CONDICIONES DE TRANSITO (CELULAR, PANTALLAS DE VIDEO, COMIDA, MAQUILLAJE O CUALQUIER OTRO ELEMENTO DISTRACTOR).",PERDIDA DE CARRIL,MOTOCICLETA,0,0,0,0,0,0,0,0,1,0,0,0,0,1,24,HOMBRE,LESIONADO,CONDUCTOR PRESENTE,NO,NO,0
17331,56043,56044,2019,0,0,-0.197511,-78.500475,PICHINCHA,QUITO,QUITO,URBANA,2019-01-26,03:19:00,3,SABADO,6,ENERO,1,NO,"NO RESPETAR LAS SENIALES REGLAMENTARIAS DE TRANSITO. (PARE, CEDA EL PASO, LUZ ROJA DEL SEMAFORO, ETC).",CHOQUE LATERAL,AUTOMOVIL,2,0,0,0,0,0,0,0,0,0,0,0,0,2,-1,NO IDENTIFICADO,NO IDENTIFICADO,CONDUCTOR AUSENTE,NO,NO,2
17332,56048,56049,2019,0,0,-0.140769,-78.470154,PICHINCHA,QUITO,QUITO,URBANA,2019-01-26,05:20:00,5,SABADO,6,ENERO,1,NO,"CONDUCIR EN ESTADO DE SOMNOLENCIA O MALAS CONDICIONES FISICAS (SUENIO, CANSANCIO Y FATIGA).",ESTRELLAMIENTOS,AUTOMOVIL,1,0,0,0,0,0,0,0,0,0,0,0,0,1,67,HOMBRE,ILESO,CONDUCTOR PRESENTE,NO,NO,0
17333,56051,56052,2019,0,0,-0.185434,-78.490972,PICHINCHA,QUITO,QUITO,URBANA,2019-01-26,06:10:00,6,SABADO,6,ENERO,1,NO,"CONDUCE BAJO LA INFLUENCIA DE ALCOHOL, SUSTANCIAS ESTUPEFACIENTES O PSICOTROPICAS Y/O MEDICAMENTOS.",ESTRELLAMIENTOS,AUTOMOVIL,3,0,0,0,0,0,0,0,0,0,0,0,0,3,26,MUJER,ILESO,CONDUCTOR PRESENTE,NO,NO,0
17334,56055,56056,2019,0,0,-0.266758,-78.538025,PICHINCHA,QUITO,QUITO,URBANA,2019-01-26,07:00:00,7,SABADO,6,ENERO,1,NO,"CONDUCIR DESATENTO A LAS CONDICIONES DE TRANSITO (CELULAR, PANTALLAS DE VIDEO, COMIDA, MAQUILLAJE O CUALQUIER OTRO ELEMENTO DISTRACTOR).",ESTRELLAMIENTOS,AUTOMOVIL,1,0,0,0,0,0,0,0,0,0,0,0,0,1,-1,NO IDENTIFICADO,NO IDENTIFICADO,CONDUCTOR AUSENTE,NO,NO,2
17335,56057,56058,2019,2,0,-0.292724,-78.476486,PICHINCHA,QUITO,CONOCOTO,RURAL,2019-01-26,07:20:00,7,SABADO,6,ENERO,1,NO,NO MANTENER LA DISTANCIA PRUDENCIAL CON RESPECTO AL VEHICULO QUE LE ANTECEDE.,COLISION,AUTOMOVIL,5,0,0,0,2,0,0,0,0,0,0,0,0,7,13,HOMBRE,LESIONADO,PASAJERO,NO,NO,3
17336,56065,56066,2019,0,0,-0.211461,-78.414024,PICHINCHA,QUITO,TUMBACO,RURAL,2019-01-26,10:00:00,10,SABADO,6,ENERO,1,NO,NO MANTENER LA DISTANCIA PRUDENCIAL CON RESPECTO AL VEHICULO QUE LE ANTECEDE.,CHOQUE POSTERIOR,AUTOMOVIL,2,0,0,0,0,0,0,0,0,0,0,0,0,2,45,HOMBRE,ILESO,CONDUCTOR PRESENTE,NO,NO,3