,Unnamed: 0,ID,ANIO,LESIONADOS,FALLECIDOS,LATITUD_Y,LONGITUD_X,PROVINCIA,CANTON,PARROQUIA,ZONA,FECHA,HORA,PERIODO_2,DIA_1,DIA_2,MES_1,MES_2,FERIADO,CAUSA_PROBABLE,TIPO_DE_SINIESTRO,TIPO_DE_VEHICULO_1,AUTOMOVIL,BICICLETA,BUS,CAMION,CAMIONETA,EMERGENCIAS,ESPECIAL,FURGONETA,MOTOCICLETA,NO_IDENTIFICADO,SCOOTER_ELECTRICO,TRICIMOTO,VEHICULO_DEPORTIVO_UTILITARIO,SUMA_DE_VEHICULOS,EDAD_1,SEXO_1,CONDICION_1,PARTICIPANTE_1,CASCO_1,CINTURON_1,KMeans_Cluster
17337,56066,56067,2019,0,0,-0.108255,-78.461339,PICHINCHA,QUITO,CALDERON (CARAPUNGO),RURAL,2019-01-26,10:00:00,10,SABADO,6,ENERO,1,NO,NO MANTENER LA DISTANCIA PRUDENCIAL CON RESPECTO AL VEHICULO QUE LE ANTECEDE.,COLISION,AUTOMOVIL,3,0,0,0,1,0,0,0,0,0,0,0,0,4,50,HOMBRE,ILESO,CONDUCTOR PRESENTE,NO,NO,3
17338,56067,56068,2019,1,0,-0.156966,-78.472288,PICHINCHA,QUITO,QUITO,URBANA,2019-01-26,10:20:00,10,SABADO,6,ENERO,1,NO,DEJAR O RECOGER PASAJEROS EN LUGARES NO PERMITIDOS.,CAIDA DE PASAJERO,NO IDENTIFICADO,0,0,0,0,0,0,0,0,0,1,0,0,0,1,50,MUJER,LESIONADO,PASAJERO,NO,NO,0
17339,56068,56069,2019,1,1,-0.263053,-78.507339,PICHINCHA,QUITO,QUITO,URBANA,2019-01-26,10:20:00,10,SABADO,6,ENERO,1,NO,"ADELANTAR O REBASAR A OTRO VEHICULO EN MOVIMIENTO EN ZONAS O SITIOS PELIGROSOS TALES COMO: CURVAS, PUENTES, TUNELES, PENDIENTES, ETC.",ESTRELLAMIENTOS,AUTOMOVIL,2,0,0,0,0,0,0,0,0,0,0,0,0,2,67,HOMBRE,FALLECIDO,CONDUCTOR PRESENTE,NO,NO,0
17340,56071,56072,2019,0,1,-0.247141,-78.475845,PICHINCHA,QUITO,QUITO,RURAL,2019-01-26,11:30:00,11,SABADO,6,ENERO,1,NO,REALIZAR CAMBIO BRUSCO O INDEBIDO DE CARRIL.,COLISION,AUTOMOVIL,2,0,0,1,0,0,0,0,1,0,0,0,0,4,-1,HOMBRE,FALLECIDO,PASAJERO,NO,NO,3
17341,56078,56079,2019,0,0,-0.210739,-78.421093,PICHINCHA,QUITO,TUMBACO,RURAL,2019-01-26,13:50:00,13,SABADO,6,ENERO,1,NO,"ADELANTAR O REBASAR A OTRO VEHICULO EN MOVIMIENTO EN ZONAS O SITIOS PELIGROSOS TALES COMO: CURVAS, PUENTES, TUNELES, PENDIENTES, ETC.",COLISION,BUS,2,0,1,0,0,0,0,0,0,0,0,0,0,3,21,HOMBRE,ILESO,CONDUCTOR PRESENTE,NO,NO,3
17342,56080,56081,2019,0,0,-0.190933,-78.480366,PICHINCHA,QUITO,QUITO,RURAL,2019-01-26,14:00:00,14,SABADO,6,ENERO,1,NO,REALIZAR CAMBIO BRUSCO O INDEBIDO DE CARRIL.,COLISION,CAMION,1,0,0,1,1,0,0,0,0,0,0,0,0,3,43,HOMBRE,ILESO,CONDUCTOR PRESENTE,NO,NO,3
17343,56088,56089,2019,0,0,-0.133732,-78.455678,PICHINCHA,QUITO,QUITO,URBANA,2019-01-26,18:00:00,18,SABADO,6,ENERO,1,NO,DANIOS MECANICOS PREVISIBLES.,ESTRELLAMIENTOS,CAMION,0,0,0,1,0,0,0,0,0,0,0,0,0,1,48,HOMBRE,ILESO,CONDUCTOR PRESENTE,NO,NO,0
17344,56096,56097,2019,1,0,-0.383537,-78.507307,PICHINCHA,QUITO,AMAGUANIA,RURAL,2019-01-26,20:20:00,20,SABADO,6,ENERO,1,NO,"CONDUCIR DESATENTO A LAS CONDICIONES DE TRANSITO (CELULAR, PANTALLAS DE VIDEO, COMIDA, MAQUILLAJE O CUALQUIER OTRO ELEMENTO DISTRACTOR).",ATROPELLOS,CAMION,0,0,0,1,0,0,0,0,0,0,0,0,0,1,54,HOMBRE,LESIONADO,PEATON,NO,SI,3
17345,56097,56098,2019,1,0,-0.224446,-78.521422,PICHINCHA,QUITO,QUITO,URBANA,2019-01-26,20:25:00,20,SABADO,6,ENERO,1,NO,"NO RESPETAR LAS SENIALES REGLAMENTARIAS DE TRANSITO. (PARE, CEDA EL PASO, LUZ ROJA DEL SEMAFORO, ETC).",ATROPELLOS,MOTOCICLETA,0,0,0,0,0,0,0,0,1,0,0,0,0,1,43,MUJER,LESIONADO,PEATON,NO,NO,0
17346,56098,56099,2019,1,0,-0.501513,-78.572624,PICHINCHA,MEJIA,MACHACHI,RURAL,2019-01-26,20:30:00,20,SABADO,6,ENERO,1,NO,"CONDUCIR DESATENTO A LAS CONDICIONES DE TRANSITO (CELULAR, PANTALLAS DE VIDEO, COMIDA, MAQUILLAJE O CUALQUIER OTRO ELEMENTO DISTRACTOR).",PERDIDA DE PISTA,MOTOCICLETA,0,0,0,0,0,0,0,0,1,0,0,0,0,1,38,HOMBRE,LESIONADO,CONDUCTOR PRESENTE,NO,SI,3
17347,56106,56107,2019,1,0,-0.260714,-78.546789,PICHINCHA,QUITO,QUITO,URBANA,2019-01-26,21:45:00,21,SABADO,6,ENERO,1,NO,"CONDUCE BAJO LA INFLUENCIA DE ALCOHOL, SUSTANCIAS ESTUPEFACIENTES O PSICOTROPICAS Y/O MEDICAMENTOS.",ROZAMIENTOS,CAMIONETA,2,0,0,0,1,0,0,0,1,0,0,0,0,4,26,MUJER,LESIONADO,CONDUCTOR PRESENTE,NO,NO,0
17348,56108,56109,2019,0,0,-0.229787,-78.485515,PICHINCHA,QUITO,QUITO,URBANA,2019-01-26,22:10:00,22,SABADO,6,ENERO,1,NO,"CONDUCE BAJO LA INFLUENCIA DE ALCOHOL, SUSTANCIAS ESTUPEFACIENTES O PSICOTROPICAS Y/O MEDICAMENTOS.",CHOQUE LATERAL,AUTOMOVIL,1,0,0,0,1,0,0,0,0,0,0,0,0,2,24,HOMBRE,ILESO,CONDUCTOR PRESENTE,NO,NO,0
17349,56110,56111,2019,6,0,-0.247141,-78.475845,PICHINCHA,QUITO,QUITO,URBANA,2019-01-26,22:29:00,22,SABADO,6,ENERO,1,NO,"ADELANTAR O REBASAR A OTRO VEHICULO EN MOVIMIENTO EN ZONAS O SITIOS PELIGROSOS TALES COMO: CURVAS, PUENTES, TUNELES, PENDIENTES, ETC.",ESTRELLAMIENTOS,AUTOMOVIL,3,0,0,0,0,0,0,0,0,0,0,0,0,3,20,HOMBRE,LESIONADO,PASAJERO,NO,NO,0
17350,56125,56126,2019,0,0,-0.294301,-78.464289,PICHINCHA,QUITO,CONOCOTO,RURAL,2019-01-27,02:55:00,2,DOMINGO,7,ENERO,1,NO,"CONDUCE BAJO LA INFLUENCIA DE ALCOHOL, SUSTANCIAS ESTUPEFACIENTES O PSICOTROPICAS Y/O MEDICAMENTOS.",CHOQUE LATERAL,AUTOMOVIL,2,0,0,0,0,0,0,0,0,0,0,0,0,2,26,HOMBRE,ILESO,CONDUCTOR PRESENTE,NO,NO,3
17351,56126,56127,2019,0,0,-0.133517,-78.501781,PICHINCHA,QUITO,QUITO,URBANA,2019-01-27,03:00:00,3,DOMINGO,7,ENERO,1,NO,CONDUCIR VEHICULO SUPERANDO LOS LIMITES MAXIMOS DE VELOCIDAD.,ESTRELLAMIENTOS,AUTOMOVIL,1,0,0,0,0,0,0,0,0,0,0,0,0,1,-1,NO IDENTIFICADO,NO IDENTIFICADO,CONDUCTOR AUSENTE,NO,NO,2
17352,56128,56129,2019,0,0,-0.338648,-78.433964,PICHINCHA,RUMINIAHUI,SANGOLQUI,RURAL,2019-01-27,03:15:00,3,DOMINGO,7,ENERO,1,NO,"CONDUCIR DESATENTO A LAS CONDICIONES DE TRANSITO (CELULAR, PANTALLAS DE VIDEO, COMIDA, MAQUILLAJE O CUALQUIER OTRO ELEMENTO DISTRACTOR).",PERDIDA DE CARRIL,CAMION,0,0,1,1,0,0,0,0,0,0,0,0,0,2,-1,NO IDENTIFICADO,NO IDENTIFICADO,CONDUCTOR AUSENTE,NO,SI,2
17353,56130,56131,2019,1,0,-0.226881,-78.521951,PICHINCHA,QUITO,QUITO,URBANA,2019-01-27,03:30:00,3,DOMINGO,7,ENERO,1,NO,"CONDUCE BAJO LA INFLUENCIA DE ALCOHOL, SUSTANCIAS ESTUPEFACIENTES O PSICOTROPICAS Y/O MEDICAMENTOS.",CHOQUE FRONTAL,AUTOMOVIL,1,0,0,0,0,0,0,0,1,0,0,0,0,2,29,HOMBRE,LESIONADO,CONDUCTOR PRESENTE,NO,NO,0
17354,56131,56132,2019,0,0,-0.249018,-78.536667,PICHINCHA,QUITO,QUITO,URBANA,2019-01-27,03:30:00,3,DOMINGO,7,ENERO,1,NO,"CONDUCE BAJO LA INFLUENCIA DE ALCOHOL, SUSTANCIAS ESTUPEFACIENTES O PSICOTROPICAS Y/O MEDICAMENTOS.",CHOQUE POSTERIOR,AUTOMOVIL,2,0,0,0,0,0,0,0,0,0,0,0,0,2,35,HOMBRE,ILESO,CONDUCTOR PRESENTE,NO,NO,0
17355,56140,56141,2019,0,0,-0.250297,-78.523923,PICHINCHA,QUITO,QUITO,URBANA,2019-01-27,05:55:00,5,DOMINGO,7,ENERO,1,NO,CONDUCIR VEHICULO SUPERANDO LOS LIMITES MAXIMOS DE VELOCIDAD.,ESTRELLAMIENTOS,AUTOMOVIL,1,0,0,0,0,0,0,0,0,0,0,0,0,1,-1,NO IDENTIFICADO,NO IDENTIFICADO,CONDUCTOR AUSENTE,NO,NO,2
17356,56141,56142,2019,1,0,-0.085001,-78.515178,PICHINCHA,QUITO,QUITO,URBANA,2019-01-27,06:10:00,6,DOMINGO,7,ENERO,1,NO,DANIOS MECANICOS PREVISIBLES.,PERDIDA DE CARRIL,MOTOCICLETA,0,0,0,0,0,0,0,0,1,0,0,0,0,1,40,HOMBRE,LESIONADO,CONDUCTOR PRESENTE,NO,NO,0
17357,56148,56149,2019,2,0,0.031164,-78.253504,PICHINCHA,PEDRO MONCAYO,LA ESPERANZA (PEDRO MONCAYO),RURAL,2019-01-27,07:00:00,7,DOMINGO,7,ENERO,1,NO,"CONDUCIR DESATENTO A LAS CONDICIONES DE TRANSITO (CELULAR, PANTALLAS DE VIDEO, COMIDA, MAQUILLAJE O CUALQUIER OTRO ELEMENTO DISTRACTOR).",PERDIDA DE PISTA,VEHICULO DEPORTIVO UTILITARIO,0,0,0,0,0,0,0,0,0,0,0,0,1,1,44,HOMBRE,LESIONADO,PASAJERO,NO,SI,3
17358,56152,56153,2019,0,0,-0.246849,-78.523226,PICHINCHA,QUITO,QUITO,URBANA,2019-01-27,08:00:00,8,DOMINGO,7,ENERO,1,NO,"CONDUCE BAJO LA INFLUENCIA DE ALCOHOL, SUSTANCIAS ESTUPEFACIENTES O PSICOTROPICAS Y/O MEDICAMENTOS.",CHOQUE LATERAL,CAMIONETA,1,0,0,0,1,0,0,0,0,0,0,0,0,2,64,HOMBRE,ILESO,CONDUCTOR PRESENTE,NO,NO,0
17359,56166,56167,2019,0,0,-0.165769,-78.475508,PICHINCHA,QUITO,QUITO,URBANA,2019-01-27,11:50:00,11,DOMINGO,7,ENERO,1,NO,"CONDUCE BAJO LA INFLUENCIA DE ALCOHOL, SUSTANCIAS ESTUPEFACIENTES O PSICOTROPICAS Y/O MEDICAMENTOS.",OTROS,AUTOMOVIL,1,0,0,0,1,0,0,0,0,0,0,0,0,2,19,HOMBRE,ILESO,CONDUCTOR PRESENTE,NO,NO,0
17360,56168,56169,2019,4,0,-0.370422,-78.373721,PICHINCHA,QUITO,PINTAG,RURAL,2019-01-27,13:15:00,13,DOMINGO,7,ENERO,1,NO,"CONDUCIR EN ESTADO DE SOMNOLENCIA O MALAS CONDICIONES FISICAS (SUENIO, CANSANCIO Y FATIGA).",PERDIDA DE CARRIL,AUTOMOVIL,1,0,0,0,0,0,0,0,0,0,0,0,0,1,41,MUJER,LESIONADO,PASAJERO,NO,NO,3
17361,56191,56192,2019,0,0,-0.004437,-78.443321,PICHINCHA,QUITO,SAN ANTONIO (QUITO),RURAL,2019-01-27,20:00:00,20,DOMINGO,7,ENERO,1,NO,"CONDUCE BAJO LA INFLUENCIA DE ALCOHOL, SUSTANCIAS ESTUPEFACIENTES O PSICOTROPICAS Y/O MEDICAMENTOS.",ROZAMIENTOS,AUTOMOVIL,2,0,0,0,0,0,0,0,0,0,0,0,0,2,33,HOMBRE,ILESO,CONDUCTOR PRESENTE,NO,NO,3
17362,56196,56197,2019,0,0,-0.140746,-78.479404,PICHINCHA,QUITO,QUITO,URBANA,2019-01-27,20:40:00,20,DOMINGO,7,ENERO,1,NO,CONDUCIR VEHICULO SUPERANDO LOS LIMITES MAXIMOS DE VELOCIDAD.,CHOQUE LATERAL,AUTOMOVIL,2,0,0,0,0,0,0,0,0,0,0,0,0,2,24,HOMBRE,ILESO,CONDUCTOR PRESENTE,NO,NO,0
17363,56198,56199,2019,0,0,-0.122188,-78.498965,PICHINCHA,QUITO,QUITO,URBANA,2019-01-27,20:45:00,20,DOMINGO,7,ENERO,1,NO,"CONDUCE BAJO LA INFLUENCIA DE ALCOHOL, SUSTANCIAS ESTUPEFACIENTES O PSICOTROPICAS Y/O MEDICAMENTOS.",CHOQUE LATERAL,AUTOMOVIL,2,0,0,0,0,0,0,0,0,0,0,0,0,2,69,HOMBRE,ILESO,CONDUCTOR PRESENTE,NO,NO,0
17364,56209,56210,2019,0,0,-0.289258,-78.538371,PICHINCHA,QUITO,QUITO,URBANA,2019-01-28,03:43:00,3,LUNES,1,ENERO,1,NO,"NO RESPETAR LAS SENIALES REGLAMENTARIAS DE TRANSITO. (PARE, CEDA EL PASO, LUZ ROJA DEL SEMAFORO, ETC).",PERDIDA DE CARRIL,CAMION,0,0,0,1,0,0,0,0,0,0,0,0,0,1,-1,NO IDENTIFICADO,NO IDENTIFICADO,CONDUCTOR AUSENTE,NO,NO,2
17365,56211,56212,2019,0,0,-0.206463,-78.512244,PICHINCHA,QUITO,QUITO,URBANA,2019-01-28,06:05:00,6,LUNES,1,ENERO,1,NO,NO GUARDAR LA DISTANCIA LATERAL MINIMA DE SEGURIDAD ENTRE VEHICULOS.,CHOQUE LATERAL,AUTOMOVIL,2,0,0,0,0,0,0,0,0,0,0,0,0,2,24,HOMBRE,ILESO,CONDUCTOR PRESENTE,NO,NO,0
17366,56214,56215,2019,0,0,-0.155854,-78.488672,PICHINCHA,QUITO,QUITO,URBANA,2019-01-28,07:00:00,7,LUNES,1,ENERO,1,NO,"CONDUCE BAJO LA INFLUENCIA DE ALCOHOL, SUSTANCIAS ESTUPEFACIENTES O PSICOTROPICAS Y/O MEDICAMENTOS.",CHOQUE LATERAL,AUTOMOVIL,2,0,0,0,0,0,0,0,0,0,0,0,0,2,23,HOMBRE,ILESO,CONDUCTOR PRESENTE,NO,NO,0
17367,56216,56217,2019,2,0,-0.104118,-78.497753,PICHINCHA,QUITO,QUITO,URBANA,2019-01-28,07:45:00,7,LUNES,1,ENERO,1,NO,CONDUCIR VEHICULO SUPERANDO LOS LIMITES MAXIMOS DE VELOCIDAD.,ATROPELLOS,MOTOCICLETA,0,0,1,0,0,0,0,0,1,0,0,0,0,2,33,HOMBRE,LESIONADO,PEATON,NO,NO,0
17368,56221,56222,2019,1,0,-0.259671,-78.549239,PICHINCHA,QUITO,QUITO,URBANA,2019-01-28,10:15:00,10,LUNES,1,ENERO,1,NO,"CASO FORTUITO O FUERZA MAYOR (EXPLOSION DE NEUMATICO NUEVO, DERRUMBE, INUNDACION, CAIDA DE PUENTE, ARBOL, PRESENCIA INTEMPESTIVA E IMPREVISTA DE SEMOVIENTES EN LA VIA, ETC.).",PERDIDA DE CARRIL,MOTOCICLETA,0,0,0,0,0,0,0,0,1,0,0,0,0,1,26,HOMBRE,LESIONADO,CONDUCTOR PRESENTE,NO,NO,0
17369,56235,56236,2019,0,0,-0.230916,-78.528375,PICHINCHA,QUITO,QUITO,URBANA,2019-01-28,15:25:00,15,LUNES,1,ENERO,1,NO,NO GUARDAR LA DISTANCIA LATERAL MINIMA DE SEGURIDAD ENTRE VEHICULOS.,CHOQUE LATERAL,AUTOMOVIL,1,0,0,0,1,0,0,0,0,0,0,0,0,2,57,HOMBRE,ILESO,CONDUCTOR PRESENTE,NO,NO,0
17370,56237,56238,2019,0,0,-0.099083,-78.421844,PICHINCHA,QUITO,CALDERON (CARAPUNGO),RURAL,2019-01-28,16:10:00,16,LUNES,1,ENERO,1,NO,"CASO FORTUITO O FUERZA MAYOR (EXPLOSION DE NEUMATICO NUEVO, DERRUMBE, INUNDACION, CAIDA DE PUENTE, ARBOL, PRESENCIA INTEMPESTIVA E IMPREVISTA DE SEMOVIENTES EN LA VIA, ETC.).",ESTRELLAMIENTOS,CAMION,0,0,0,1,0,0,0,0,0,0,0,0,0,1,28,HOMBRE,ILESO,CONDUCTOR PRESENTE,NO,NO,3
17371,56246,56247,2019,0,0,-0.169502,-78.483626,PICHINCHA,QUITO,QUITO,URBANA,2019-01-28,17:45:00,17,LUNES,1,ENERO,1,NO,NO GUARDAR LA DISTANCIA LATERAL MINIMA DE SEGURIDAD ENTRE VEHICULOS.,CHOQUE LATERAL,AUTOMOVIL,2,0,0,0,0,0,0,0,0,0,0,0,0,2,49,MUJER,ILESO,CONDUCTOR PRESENTE,NO,NO,0
17372,56255,56256,2019,1,0,-0.291191,-78.473584,PICHINCHA,QUITO,CONOCOTO,RURAL,2019-01-28,20:15:00,20,LUNES,1,ENERO,1,NO,"CASO FORTUITO O FUERZA MAYOR (EXPLOSION DE NEUMATICO NUEVO, DERRUMBE, INUNDACION, CAIDA DE PUENTE, ARBOL, PRESENCIA INTEMPESTIVA E IMPREVISTA DE SEMOVIENTES EN LA VIA, ETC.).",PERDIDA DE CARRIL,MOTOCICLETA,1,0,0,0,0,0,0,0,1,0,0,0,0,2,33,HOMBRE,LESIONADO,CONDUCTOR PRESENTE,NO,NO,3
17373,56256,56257,2019,0,0,-0.192851,-78.498037,PICHINCHA,QUITO,QUITO,URBANA,2019-01-28,20:18:00,20,LUNES,1,ENERO,1,NO,"CONDICIONES AMBIENTALES Y/O ATMOSFERICAS (NIEBLA, NEBLINA, GRANIZO, LLUVIA).",CHOQUE LATERAL,AUTOMOVIL,2,0,0,0,0,0,0,0,0,0,0,0,0,2,46,HOMBRE,ILESO,CONDUCTOR PRESENTE,NO,NO,0
17374,56260,56261,2019,0,0,-0.294599,-78.548481,PICHINCHA,QUITO,QUITO,URBANA,2019-01-28,22:35:00,22,LUNES,1,ENERO,1,NO,CONDUCIR VEHICULO SUPERANDO LOS LIMITES MAXIMOS DE VELOCIDAD.,CHOQUE LATERAL,AUTOMOVIL,1,0,0,0,0,0,0,0,0,1,0,0,0,2,21,HOMBRE,ILESO,CONDUCTOR PRESENTE,NO,NO,0
17375,56265,56266,2019,0,0,-0.117092,-78.473123,PICHINCHA,QUITO,QUITO,URBANA,2019-01-29,05:00:00,5,MARTES,2,ENERO,1,NO,"CONDUCE BAJO LA INFLUENCIA DE ALCOHOL, SUSTANCIAS ESTUPEFACIENTES O PSICOTROPICAS Y/O MEDICAMENTOS.",ESTRELLAMIENTOS,AUTOMOVIL,1,0,0,0,0,0,0,0,0,0,0,0,0,1,24,HOMBRE,ILESO,CONDUCTOR PRESENTE,NO,NO,0
17376,56266,56267,2019,0,0,-0.318209,-78.553809,PICHINCHA,QUITO,QUITO,URBANA,2019-01-29,05:45:00,5,MARTES,2,ENERO,1,NO,NO CEDER EL DERECHO DE VIA O PREFERENCIA DE PASO A VEHICULOS.,CHOQUE LATERAL,AUTOMOVIL,2,0,0,0,0,0,0,0,0,0,0,0,0,2,21,HOMBRE,ILESO,CONDUCTOR PRESENTE,NO,NO,0
17377,56268,56269,2019,1,0,-0.267229,-78.527199,PICHINCHA,QUITO,QUITO,URBANA,2019-01-29,06:10:00,6,MARTES,2,ENERO,1,NO,"NO RESPETAR LAS SENIALES REGLAMENTARIAS DE TRANSITO. (PARE, CEDA EL PASO, LUZ ROJA DEL SEMAFORO, ETC).",CHOQUE LATERAL,MOTOCICLETA,0,0,0,0,0,0,0,0,1,1,0,0,0,2,22,HOMBRE,LESIONADO,CONDUCTOR PRESENTE,NO,NO,0
17378,56274,56275,2019,1,0,-0.167214,-78.488829,PICHINCHA,QUITO,QUITO,URBANA,2019-01-29,09:05:00,9,MARTES,2,ENERO,1,NO,"NO RESPETAR LAS SENIALES REGLAMENTARIAS DE TRANSITO. (PARE, CEDA EL PASO, LUZ ROJA DEL SEMAFORO, ETC).",CHOQUE LATERAL,MOTOCICLETA,1,0,0,0,0,0,0,0,1,0,0,0,0,2,46,HOMBRE,LESIONADO,CONDUCTOR PRESENTE,NO,NO,0
17379,56278,56279,2019,1,0,-0.174718,-78.472143,PICHINCHA,QUITO,QUITO,URBANA,2019-01-29,10:45:00,10,MARTES,2,ENERO,1,NO,NO GUARDAR LA DISTANCIA LATERAL MINIMA DE SEGURIDAD ENTRE VEHICULOS.,CHOQUE LATERAL,MOTOCICLETA,1,0,0,0,0,0,0,0,1,0,0,0,0,2,29,MUJER,LESIONADO,CONDUCTOR PRESENTE,NO,NO,0
17380,56288,56289,2019,1,0,-0.259975,-78.537921,PICHINCHA,QUITO,QUITO,URBANA,2019-01-29,16:00:00,16,MARTES,2,ENERO,1,NO,NO GUARDAR LA DISTANCIA LATERAL MINIMA DE SEGURIDAD ENTRE VEHICULOS.,CHOQUE LATERAL,MOTOCICLETA,0,0,0,0,1,0,0,0,1,0,0,0,0,2,23,HOMBRE,LESIONADO,CONDUCTOR PRESENTE,NO,NO,0
17381,56297,56298,2019,0,0,-0.266918,-78.545026,PICHINCHA,QUITO,QUITO,URBANA,2019-01-29,19:20:00,19,MARTES,2,ENERO,1,NO,NO GUARDAR LA DISTANCIA LATERAL MINIMA DE SEGURIDAD ENTRE VEHICULOS.,ROZAMIENTOS,BUS,1,0,1,0,0,0,0,0,0,0,0,0,0,2,33,HOMBRE,ILESO,CONDUCTOR PRESENTE,NO,NO,0
17382,56305,56306,2019,0,0,-0.198046,-78.486601,PICHINCHA,QUITO,QUITO,URBANA,2019-01-29,22:00:00,22,MARTES,2,ENERO,1,NO,NO MANTENER LA DISTANCIA PRUDENCIAL CON RESPECTO AL VEHICULO QUE LE ANTECEDE.,COLISION,CAMIONETA,1,0,0,0,1,0,0,0,0,1,0,0,0,3,46,HOMBRE,ILESO,CONDUCTOR PRESENTE,NO,NO,0
17383,56306,56307,2019,0,0,-0.105019,-78.499743,PICHINCHA,QUITO,QUITO,URBANA,2019-01-29,23:30:00,23,MARTES,2,ENERO,1,NO,NO MANTENER LA DISTANCIA PRUDENCIAL CON RESPECTO AL VEHICULO QUE LE ANTECEDE.,CHOQUE POSTERIOR,AUTOMOVIL,1,0,0,0,1,0,0,0,0,0,0,0,0,2,22,HOMBRE,ILESO,CONDUCTOR PRESENTE,NO,NO,0
17384,56316,56317,2019,1,0,-0.316547,-78.447761,PICHINCHA,RUMINIAHUI,SANGOLQUI,RURAL,2019-01-30,07:30:00,7,MIERCOLES,3,ENERO,1,NO,"PRESENCIA DE AGENTES EXTERNOS EN LA VIA (AGUA, ACEITE, PIEDRA, LASTRE, ESCOMBROS, MADEROS, ETC.).",CHOQUE LATERAL,CAMIONETA,1,0,0,0,1,0,0,0,0,0,0,0,0,2,32,HOMBRE,LESIONADO,CONDUCTOR PRESENTE,NO,SI,3
17385,56317,56318,2019,2,0,-0.091585,-78.439052,PICHINCHA,QUITO,CALDERON (CARAPUNGO),RURAL,2019-01-30,08:25:00,8,MIERCOLES,3,ENERO,1,NO,PESO Y VOLUMEN - NO CUMPLIR CON LAS NORMAS DE SEGURIDAD NECESARIAS AL TRANSPORTAR CARGAS.,OTROS,AUTOMOVIL,2,0,0,0,0,0,0,0,0,0,0,0,0,2,62,HOMBRE,LESIONADO,CONDUCTOR PRESENTE,NO,NO,3
17386,56326,56327,2019,0,0,-0.160376,-78.485711,PICHINCHA,QUITO,QUITO,URBANA,2019-01-30,14:40:00,14,MIERCOLES,3,ENERO,1,NO,NO GUARDAR LA DISTANCIA LATERAL MINIMA DE SEGURIDAD ENTRE VEHICULOS.,CHOQUE LATERAL,AUTOMOVIL,2,0,0,0,0,0,0,0,0,0,0,0,0,2,52,MUJER,ILESO,CONDUCTOR PRESENTE,NO,NO,0
17387,56328,56329,2019,1,0,-0.261623,-78.540292,PICHINCHA,QUITO,QUITO,URBANA,2019-01-30,15:25:00,15,MIERCOLES,3,ENERO,1,NO,DEJAR O RECOGER PASAJEROS EN LUGARES NO PERMITIDOS.,CAIDA DE PASAJERO,NO IDENTIFICADO,0,0,0,0,0,0,0,0,0,1,0,0,0,1,8,HOMBRE,LESIONADO,PASAJERO,NO,NO,0
17388,56336,56337,2019,0,0,-0.072919,-78.476858,PICHINCHA,QUITO,POMASQUI,RURAL,2019-01-30,18:25:00,18,MIERCOLES,3,ENERO,1,NO,"CONDUCIR DESATENTO A LAS CONDICIONES DE TRANSITO (CELULAR, PANTALLAS DE VIDEO, COMIDA, MAQUILLAJE O CUALQUIER OTRO ELEMENTO DISTRACTOR).",CHOQUE LATERAL,VEHICULO DEPORTIVO UTILITARIO,1,0,0,0,0,0,0,0,0,0,0,0,1,2,22,MUJER,ILESO,CONDUCTOR PRESENTE,NO,SI,3
17389,56348,56349,2019,0,0,-0.193691,-78.485061,PICHINCHA,QUITO,QUITO,URBANA,2019-01-31,00:01:00,0,JUEVES,4,ENERO,1,NO,CONDUCIR VEHICULO SUPERANDO LOS LIMITES MAXIMOS DE VELOCIDAD.,ESTRELLAMIENTOS,AUTOMOVIL,2,0,0,0,0,0,0,0,0,0,0,0,0,2,33,HOMBRE,ILESO,CONDUCTOR PRESENTE,NO,NO,0
17390,56349,56350,2019,0,0,-0.208253,-78.504418,PICHINCHA,QUITO,QUITO,URBANA,2019-01-31,00:10:00,0,JUEVES,4,ENERO,1,NO,NO GUARDAR LA DISTANCIA LATERAL MINIMA DE SEGURIDAD ENTRE VEHICULOS.,CHOQUE LATERAL,AUTOMOVIL,1,0,0,0,0,0,0,0,0,1,0,0,0,2,30,HOMBRE,ILESO,CONDUCTOR PRESENTE,NO,NO,0
17391,56352,56353,2019,0,0,-0.169324,-78.484509,PICHINCHA,QUITO,QUITO,URBANA,2019-01-31,04:00:00,4,JUEVES,4,ENERO,1,NO,CONDUCIR VEHICULO SUPERANDO LOS LIMITES MAXIMOS DE VELOCIDAD.,ESTRELLAMIENTOS,AUTOMOVIL,2,0,0,0,0,0,0,0,0,0,0,0,0,2,56,MUJER,ILESO,PASAJERO,NO,NO,0
17392,56356,56357,2019,0,0,0.028328,-78.633381,PICHINCHA,QUITO,NONO,RURAL,2019-01-31,06:50:00,6,JUEVES,4,ENERO,1,NO,"PRESENCIA DE AGENTES EXTERNOS EN LA VIA (AGUA, ACEITE, PIEDRA, LASTRE, ESCOMBROS, MADEROS, ETC.).",PERDIDA DE CARRIL,VEHICULO DEPORTIVO UTILITARIO,0,0,0,0,0,0,0,0,0,0,0,0,1,1,36,HOMBRE,ILESO,CONDUCTOR PRESENTE,NO,SI,3
17393,56359,56360,2019,0,0,-0.108255,-78.461339,PICHINCHA,QUITO,CALDERON (CARAPUNGO),RURAL,2019-01-31,07:35:00,7,JUEVES,4,ENERO,1,NO,REALIZAR CAMBIO BRUSCO O INDEBIDO DE CARRIL.,CHOQUE POSTERIOR,MOTOCICLETA,2,0,0,0,0,0,0,0,1,0,0,0,0,3,19,HOMBRE,ILESO,CONDUCTOR PRESENTE,NO,NO,3