,Unnamed: 0,ID,ANIO,LESIONADOS,FALLECIDOS,LATITUD_Y,LONGITUD_X,PROVINCIA,CANTON,PARROQUIA,ZONA,FECHA,HORA,PERIODO_2,DIA_1,DIA_2,MES_1,MES_2,FERIADO,CAUSA_PROBABLE,TIPO_DE_SINIESTRO,TIPO_DE_VEHICULO_1,AUTOMOVIL,BICICLETA,BUS,CAMION,CAMIONETA,EMERGENCIAS,ESPECIAL,FURGONETA,MOTOCICLETA,NO_IDENTIFICADO,SCOOTER_ELECTRICO,TRICIMOTO,VEHICULO_DEPORTIVO_UTILITARIO,SUMA_DE_VEHICULOS,EDAD_1,SEXO_1,CONDICION_1,PARTICIPANTE_1,CASCO_1,CINTURON_1,KMeans_Cluster
17394,56361,56362,2019,1,0,-0.243671,-78.485361,PICHINCHA,QUITO,QUITO,URBANA,2019-01-31,08:45:00,8,JUEVES,4,ENERO,1,NO,NO TRANSITAR POR LAS ACERAS O ZONAS DE SEGURIDAD DESTINADAS PARA EL EFECTO.,ATROPELLOS,AUTOMOVIL,1,0,0,0,0,0,0,0,0,0,0,0,0,1,75,HOMBRE,LESIONADO,PEATON,NO,NO,0
17395,56362,56363,2019,0,0,-0.224446,-78.521422,PICHINCHA,QUITO,QUITO,URBANA,2019-01-31,09:00:00,9,JUEVES,4,ENERO,1,NO,NO MANTENER LA DISTANCIA PRUDENCIAL CON RESPECTO AL VEHICULO QUE LE ANTECEDE.,COLISION,AUTOMOVIL,4,0,0,0,0,0,0,0,0,0,0,0,0,4,45,HOMBRE,ILESO,CONDUCTOR PRESENTE,NO,NO,0
17396,56365,56366,2019,2,0,-0.058887,-78.344353,PICHINCHA,QUITO,GUAYLLABAMBA,RURAL,2019-01-31,12:10:00,12,JUEVES,4,ENERO,1,NO,"NO RESPETAR LAS SENIALES REGLAMENTARIAS DE TRANSITO. (PARE, CEDA EL PASO, LUZ ROJA DEL SEMAFORO, ETC).",CHOQUE FRONTAL,BICICLETA,0,1,0,0,0,0,0,0,1,0,0,0,0,2,19,HOMBRE,LESIONADO,CONDUCTOR PRESENTE,NO,NO,3
17397,56370,56371,2019,0,0,-0.229973,-78.501252,PICHINCHA,QUITO,QUITO,URBANA,2019-01-31,13:20:00,13,JUEVES,4,ENERO,1,NO,NO MANTENER LA DISTANCIA PRUDENCIAL CON RESPECTO AL VEHICULO QUE LE ANTECEDE.,CHOQUE POSTERIOR,MOTOCICLETA,1,0,0,0,0,0,0,0,1,0,0,0,0,2,19,MUJER,ILESO,CONDUCTOR PRESENTE,NO,NO,0
17398,56371,56372,2019,0,0,-0.298413,-78.548168,PICHINCHA,QUITO,QUITO,URBANA,2019-01-31,14:15:00,14,JUEVES,4,ENERO,1,NO,CONDUCIR VEHICULO SUPERANDO LOS LIMITES MAXIMOS DE VELOCIDAD.,ESTRELLAMIENTOS,AUTOMOVIL,3,0,0,0,0,0,0,0,0,0,0,0,0,3,18,HOMBRE,ILESO,CONDUCTOR PRESENTE,NO,NO,0
17399,56373,56374,2019,0,0,-0.306171,-78.551646,PICHINCHA,QUITO,QUITO,URBANA,2019-01-31,14:40:00,14,JUEVES,4,ENERO,1,NO,CONDUCIR VEHICULO SUPERANDO LOS LIMITES MAXIMOS DE VELOCIDAD.,ROZAMIENTOS,CAMIONETA,0,0,0,0,1,0,0,0,1,0,0,0,0,2,50,HOMBRE,ILESO,CONDUCTOR PRESENTE,NO,NO,0
17400,56375,56376,2019,0,0,-0.199767,-78.428809,PICHINCHA,QUITO,CUMBAYA,RURAL,2019-01-31,15:25:00,15,JUEVES,4,ENERO,1,NO,"CONDICIONES AMBIENTALES Y/O ATMOSFERICAS (NIEBLA, NEBLINA, GRANIZO, LLUVIA).",ESTRELLAMIENTOS,FURGONETA,0,0,0,0,0,0,0,1,0,0,0,0,0,1,37,HOMBRE,ILESO,CONDUCTOR PRESENTE,NO,NO,3
17401,56378,56379,2019,0,0,-0.153396,-78.484496,PICHINCHA,QUITO,QUITO,URBANA,2019-01-31,16:30:00,16,JUEVES,4,ENERO,1,NO,CONDUCIR VEHICULO SUPERANDO LOS LIMITES MAXIMOS DE VELOCIDAD.,CHOQUE LATERAL,AUTOMOVIL,2,0,0,0,0,0,0,0,0,0,0,0,0,2,37,MUJER,ILESO,PASAJERO,NO,NO,0
17402,56381,56382,2019,0,0,-0.231141,-78.503901,PICHINCHA,QUITO,QUITO,URBANA,2019-01-31,17:15:00,17,JUEVES,4,ENERO,1,NO,NO MANTENER LA DISTANCIA PRUDENCIAL CON RESPECTO AL VEHICULO QUE LE ANTECEDE.,COLISION,AUTOMOVIL,2,0,0,0,2,0,0,0,0,0,0,0,0,4,39,HOMBRE,ILESO,CONDUCTOR PRESENTE,NO,SI,0
17403,56398,56399,2019,0,0,-0.099281,-78.422319,PICHINCHA,QUITO,CALDERON (CARAPUNGO),RURAL,2019-01-31,22:35:00,22,JUEVES,4,ENERO,1,NO,"PRESENCIA DE AGENTES EXTERNOS EN LA VIA (AGUA, ACEITE, PIEDRA, LASTRE, ESCOMBROS, MADEROS, ETC.).",ESTRELLAMIENTOS,AUTOMOVIL,1,0,0,0,0,0,0,0,0,0,0,0,0,1,28,MUJER,ILESO,PASAJERO,NO,NO,3
17404,56400,56401,2019,0,0,-0.144696,-78.483411,PICHINCHA,QUITO,QUITO,URBANA,2019-02-01,00:30:00,0,VIERNES,5,FEBRERO,2,NO,NO MANTENER LA DISTANCIA PRUDENCIAL CON RESPECTO AL VEHICULO QUE LE ANTECEDE.,COLISION,AUTOMOVIL,2,0,0,0,0,0,0,0,0,1,0,0,0,3,20,HOMBRE,ILESO,CONDUCTOR PRESENTE,NO,NO,0
17405,56405,56406,2019,1,0,-0.217799,-78.490616,PICHINCHA,QUITO,QUITO,URBANA,2019-02-01,02:10:00,2,VIERNES,5,FEBRERO,2,NO,CONDUCIR VEHICULO SUPERANDO LOS LIMITES MAXIMOS DE VELOCIDAD.,ESTRELLAMIENTOS,AUTOMOVIL,4,0,0,0,0,0,0,0,0,0,0,0,0,4,27,HOMBRE,LESIONADO,PASAJERO,NO,NO,0
17406,56419,56420,2019,0,0,-0.226486,-78.339567,PICHINCHA,QUITO,PIFO,RURAL,2019-02-01,06:25:00,6,VIERNES,5,FEBRERO,2,NO,NO MANTENER LA DISTANCIA PRUDENCIAL CON RESPECTO AL VEHICULO QUE LE ANTECEDE.,CHOQUE POSTERIOR,AUTOMOVIL,2,0,0,0,0,0,0,0,0,0,0,0,0,2,42,HOMBRE,ILESO,CONDUCTOR PRESENTE,NO,NO,3
17407,56425,56426,2019,1,0,-0.216154,-78.513897,PICHINCHA,QUITO,QUITO,URBANA,2019-02-01,07:35:00,7,VIERNES,5,FEBRERO,2,NO,REALIZAR CAMBIO BRUSCO O INDEBIDO DE CARRIL.,CHOQUE LATERAL,CAMIONETA,1,0,0,0,1,0,0,0,0,0,0,0,0,2,32,MUJER,LESIONADO,PEATON,NO,NO,0
17408,56437,56438,2019,2,0,-0.264797,-78.474748,PICHINCHA,QUITO,CONOCOTO,RURAL,2019-02-01,10:00:00,10,VIERNES,5,FEBRERO,2,NO,"ADELANTAR O REBASAR A OTRO VEHICULO EN MOVIMIENTO EN ZONAS O SITIOS PELIGROSOS TALES COMO: CURVAS, PUENTES, TUNELES, PENDIENTES, ETC.",CHOQUE FRONTAL,CAMIONETA,0,0,0,0,1,0,0,0,1,0,0,0,0,2,46,HOMBRE,LESIONADO,PASAJERO,NO,NO,3
17409,56439,56440,2019,1,0,-0.188131,-78.487511,PICHINCHA,QUITO,QUITO,URBANA,2019-02-01,11:05:00,11,VIERNES,5,FEBRERO,2,NO,NO TRANSITAR POR LAS ACERAS O ZONAS DE SEGURIDAD DESTINADAS PARA EL EFECTO.,ATROPELLOS,AUTOMOVIL,1,0,0,0,0,0,0,0,0,0,0,0,0,1,26,HOMBRE,LESIONADO,PEATON,NO,NO,0
17410,56448,56449,2019,1,0,-0.261591,-78.530804,PICHINCHA,QUITO,QUITO,URBANA,2019-02-01,12:55:00,12,VIERNES,5,FEBRERO,2,NO,"CONDUCE BAJO LA INFLUENCIA DE ALCOHOL, SUSTANCIAS ESTUPEFACIENTES O PSICOTROPICAS Y/O MEDICAMENTOS.",CHOQUE LATERAL,AUTOMOVIL,2,0,0,0,0,0,0,0,0,0,0,0,0,2,3,HOMBRE,LESIONADO,PASAJERO,NO,NO,0
17411,56450,56451,2019,1,0,-0.255497,-78.541508,PICHINCHA,QUITO,QUITO,URBANA,2019-02-01,13:20:00,13,VIERNES,5,FEBRERO,2,NO,REALIZAR CAMBIO BRUSCO O INDEBIDO DE CARRIL.,OTROS,BUS,0,0,1,0,0,0,0,0,1,0,0,0,0,2,27,HOMBRE,LESIONADO,CONDUCTOR PRESENTE,NO,NO,0
17412,56454,56455,2019,1,0,-0.190933,-78.480366,PICHINCHA,QUITO,QUITO,RURAL,2019-02-01,14:41:00,14,VIERNES,5,FEBRERO,2,NO,NO CEDER EL DERECHO DE VIA O PREFERENCIA DE PASO AL PEATON.,ATROPELLOS,BUS,0,0,1,0,0,0,0,0,0,0,0,0,0,1,29,HOMBRE,LESIONADO,PEATON,NO,NO,3
17413,56461,56462,2019,2,0,-0.204627,-78.498746,PICHINCHA,QUITO,QUITO,URBANA,2019-02-01,16:10:00,16,VIERNES,5,FEBRERO,2,NO,NO TRANSITAR POR LAS ACERAS O ZONAS DE SEGURIDAD DESTINADAS PARA EL EFECTO.,ATROPELLOS,MOTOCICLETA,0,0,0,0,0,0,0,0,1,0,0,0,0,1,65,HOMBRE,LESIONADO,PEATON,NO,NO,0
17414,56462,56463,2019,0,0,-0.318256,-78.557591,PICHINCHA,QUITO,QUITO,URBANA,2019-02-01,16:10:00,16,VIERNES,5,FEBRERO,2,NO,MALAS CONDICIONES DE LA VIA Y/O CONFIGURACION. (ILUMINACION Y DISENIO).,ESTRELLAMIENTOS,CAMION,0,0,0,1,0,0,0,0,0,0,0,0,0,1,51,HOMBRE,ILESO,CONDUCTOR PRESENTE,NO,NO,0
17415,56467,56468,2019,2,0,-0.174791,-78.491591,PICHINCHA,QUITO,QUITO,URBANA,2019-02-01,17:40:00,17,VIERNES,5,FEBRERO,2,NO,NO CEDER EL DERECHO DE VIA O PREFERENCIA DE PASO A VEHICULOS.,CHOQUE LATERAL,AUTOMOVIL,1,0,0,0,0,0,0,0,1,0,0,0,0,2,26,MUJER,LESIONADO,PASAJERO,NO,NO,0
17416,56480,56481,2019,0,1,-0.273323,-78.538385,PICHINCHA,QUITO,QUITO,URBANA,2019-02-01,20:30:00,20,VIERNES,5,FEBRERO,2,NO,CONDUCIR VEHICULO SUPERANDO LOS LIMITES MAXIMOS DE VELOCIDAD.,ATROPELLOS,NO IDENTIFICADO,0,0,0,0,0,0,0,0,0,1,0,0,0,1,31,HOMBRE,FALLECIDO,CONDUCTOR PRESENTE,NO,NO,0
17417,56492,56493,2019,1,0,-0.283174,-78.543956,PICHINCHA,QUITO,QUITO,URBANA,2019-02-02,01:00:00,1,SABADO,6,FEBRERO,2,NO,CONDUCIR VEHICULO SUPERANDO LOS LIMITES MAXIMOS DE VELOCIDAD.,VOLCAMIENTOS,MOTOCICLETA,0,0,0,0,0,0,0,0,1,0,0,0,0,1,19,HOMBRE,LESIONADO,PASAJERO,NO,NO,0
17418,56493,56494,2019,0,0,-0.249018,-78.536667,PICHINCHA,QUITO,QUITO,URBANA,2019-02-02,01:00:00,1,SABADO,6,FEBRERO,2,NO,"CONDUCE BAJO LA INFLUENCIA DE ALCOHOL, SUSTANCIAS ESTUPEFACIENTES O PSICOTROPICAS Y/O MEDICAMENTOS.",OTROS,AUTOMOVIL,1,0,0,0,1,0,0,0,0,0,0,0,0,2,35,HOMBRE,ILESO,CONDUCTOR PRESENTE,NO,NO,0
17419,56498,56499,2019,0,0,-0.107535,-78.447011,PICHINCHA,QUITO,CALDERON (CARAPUNGO),RURAL,2019-02-02,02:05:00,2,SABADO,6,FEBRERO,2,NO,"PRESENCIA DE AGENTES EXTERNOS EN LA VIA (AGUA, ACEITE, PIEDRA, LASTRE, ESCOMBROS, MADEROS, ETC.).",OTROS,MOTOCICLETA,0,0,0,0,0,0,0,0,1,0,0,0,0,1,-1,NO IDENTIFICADO,NO IDENTIFICADO,CONDUCTOR AUSENTE,NO,NO,2
17420,56500,56501,2019,1,0,-0.133668,-78.501945,PICHINCHA,QUITO,QUITO,URBANA,2019-02-02,02:55:00,2,SABADO,6,FEBRERO,2,NO,"CONDUCE BAJO LA INFLUENCIA DE ALCOHOL, SUSTANCIAS ESTUPEFACIENTES O PSICOTROPICAS Y/O MEDICAMENTOS.",COLISION,FURGONETA,1,0,0,0,0,0,0,1,1,0,0,0,0,3,24,HOMBRE,LESIONADO,CONDUCTOR PRESENTE,NO,NO,0
17421,56502,56503,2019,0,0,-0.307792,-78.544427,PICHINCHA,QUITO,QUITO,URBANA,2019-02-02,04:30:00,4,SABADO,6,FEBRERO,2,NO,"CONDUCIR EN ESTADO DE SOMNOLENCIA O MALAS CONDICIONES FISICAS (SUENIO, CANSANCIO Y FATIGA).",ESTRELLAMIENTOS,FURGONETA,0,0,0,0,2,0,0,1,0,0,0,0,0,3,45,HOMBRE,ILESO,CONDUCTOR PRESENTE,NO,NO,0
17422,56504,56505,2019,0,0,-0.045549,-78.455336,PICHINCHA,QUITO,POMASQUI,RURAL,2019-02-02,05:10:00,5,SABADO,6,FEBRERO,2,NO,"CONDUCIR DESATENTO A LAS CONDICIONES DE TRANSITO (CELULAR, PANTALLAS DE VIDEO, COMIDA, MAQUILLAJE O CUALQUIER OTRO ELEMENTO DISTRACTOR).",VOLCAMIENTOS,CAMION,0,0,0,1,0,0,0,0,0,0,0,0,0,1,35,HOMBRE,ILESO,CONDUCTOR PRESENTE,NO,SI,3
17423,56506,56507,2019,0,0,-0.084163,-78.418921,PICHINCHA,QUITO,CALDERON (CARAPUNGO),RURAL,2019-02-02,05:30:00,5,SABADO,6,FEBRERO,2,NO,NO CEDER EL DERECHO DE VIA O PREFERENCIA DE PASO A VEHICULOS.,CHOQUE LATERAL,AUTOMOVIL,2,0,0,0,0,0,0,0,0,0,0,0,0,2,50,HOMBRE,ILESO,CONDUCTOR PRESENTE,NO,NO,3
17424,56511,56512,2019,0,0,-0.262722,-78.538106,PICHINCHA,QUITO,QUITO,URBANA,2019-02-02,07:25:00,7,SABADO,6,FEBRERO,2,NO,REALIZAR CAMBIO BRUSCO O INDEBIDO DE CARRIL.,CHOQUE LATERAL,MOTOCICLETA,0,0,0,0,0,0,0,0,1,1,0,0,0,2,37,MUJER,ILESO,PASAJERO,NO,NO,0
17425,56520,56521,2019,0,0,-0.087594,-78.425103,PICHINCHA,QUITO,CALDERON (CARAPUNGO),RURAL,2019-02-02,12:15:00,12,SABADO,6,FEBRERO,2,NO,NO GUARDAR LA DISTANCIA LATERAL MINIMA DE SEGURIDAD ENTRE VEHICULOS.,CHOQUE LATERAL,AUTOMOVIL,1,0,0,0,1,0,0,0,0,0,0,0,0,2,56,HOMBRE,ILESO,CONDUCTOR PRESENTE,NO,NO,3
17426,56522,56523,2019,1,0,-0.265258,-78.553251,PICHINCHA,QUITO,QUITO,URBANA,2019-02-02,13:15:00,13,SABADO,6,FEBRERO,2,NO,NO TRANSITAR POR LAS ACERAS O ZONAS DE SEGURIDAD DESTINADAS PARA EL EFECTO.,OTROS,BUS,0,0,1,0,0,0,0,0,0,0,0,0,0,1,62,HOMBRE,LESIONADO,PEATON,NO,NO,0
17427,56526,56527,2019,1,0,-0.090945,-78.476083,PICHINCHA,QUITO,QUITO,URBANA,2019-02-02,13:35:00,13,SABADO,6,FEBRERO,2,NO,"CONDUCE BAJO LA INFLUENCIA DE ALCOHOL, SUSTANCIAS ESTUPEFACIENTES O PSICOTROPICAS Y/O MEDICAMENTOS.",CHOQUE LATERAL,AUTOMOVIL,1,0,0,0,0,0,0,0,1,0,0,0,0,2,24,HOMBRE,LESIONADO,CONDUCTOR PRESENTE,NO,NO,0
17428,56540,56541,2019,0,1,-0.254686,-78.504316,PICHINCHA,QUITO,QUITO,URBANA,2019-02-02,17:20:00,17,SABADO,6,FEBRERO,2,NO,NO TRANSITAR POR LAS ACERAS O ZONAS DE SEGURIDAD DESTINADAS PARA EL EFECTO.,ATROPELLOS,NO IDENTIFICADO,0,0,0,0,0,0,0,0,0,1,0,0,0,1,28,HOMBRE,FALLECIDO,PEATON,NO,NO,0
17429,56548,56549,2019,0,0,-0.161268,-78.495828,PICHINCHA,QUITO,QUITO,URBANA,2019-02-02,18:40:00,18,SABADO,6,FEBRERO,2,NO,"CONDUCE BAJO LA INFLUENCIA DE ALCOHOL, SUSTANCIAS ESTUPEFACIENTES O PSICOTROPICAS Y/O MEDICAMENTOS.",ESTRELLAMIENTOS,AUTOMOVIL,2,0,0,0,0,0,0,0,0,0,0,0,0,2,33,HOMBRE,ILESO,CONDUCTOR PRESENTE,NO,NO,0
17430,56558,56559,2019,0,0,-0.282595,-78.470666,PICHINCHA,QUITO,CONOCOTO,RURAL,2019-02-02,20:40:00,20,SABADO,6,FEBRERO,2,NO,"CONDUCE BAJO LA INFLUENCIA DE ALCOHOL, SUSTANCIAS ESTUPEFACIENTES O PSICOTROPICAS Y/O MEDICAMENTOS.",CHOQUE LATERAL,AUTOMOVIL,2,0,0,0,0,0,0,0,0,0,0,0,0,2,38,HOMBRE,ILESO,CONDUCTOR PRESENTE,NO,NO,3
17431,56561,56562,2019,0,0,-0.249745,-78.530782,PICHINCHA,QUITO,QUITO,URBANA,2019-02-02,20:50:00,20,SABADO,6,FEBRERO,2,NO,"CONDUCIR DESATENTO A LAS CONDICIONES DE TRANSITO (CELULAR, PANTALLAS DE VIDEO, COMIDA, MAQUILLAJE O CUALQUIER OTRO ELEMENTO DISTRACTOR).",ESTRELLAMIENTOS,AUTOMOVIL,2,0,0,0,0,0,0,0,0,1,0,0,0,3,-1,NO IDENTIFICADO,NO IDENTIFICADO,CONDUCTOR AUSENTE,NO,NO,2
17432,56568,56569,2019,2,0,-0.322942,-78.449993,PICHINCHA,RUMINIAHUI,SANGOLQUI,RURAL,2019-02-02,21:30:00,21,SABADO,6,FEBRERO,2,NO,"CONDUCIR DESATENTO A LAS CONDICIONES DE TRANSITO (CELULAR, PANTALLAS DE VIDEO, COMIDA, MAQUILLAJE O CUALQUIER OTRO ELEMENTO DISTRACTOR).",ATROPELLOS,MOTOCICLETA,0,0,0,0,0,0,0,0,1,0,0,0,0,1,26,HOMBRE,LESIONADO,PEATON,NO,SI,3
17433,56571,56572,2019,0,1,-0.276285,-78.556668,PICHINCHA,QUITO,QUITO,URBANA,2019-02-02,22:25:00,22,SABADO,6,FEBRERO,2,NO,REALIZAR CAMBIO BRUSCO O INDEBIDO DE CARRIL.,CHOQUE FRONTAL,MOTOCICLETA,0,0,0,0,0,0,0,0,1,1,0,0,0,2,35,HOMBRE,FALLECIDO,PASAJERO,NO,NO,0
17434,56572,56573,2019,0,0,-0.090945,-78.476083,PICHINCHA,QUITO,QUITO,URBANA,2019-02-02,22:28:00,22,SABADO,6,FEBRERO,2,NO,"CONDUCE BAJO LA INFLUENCIA DE ALCOHOL, SUSTANCIAS ESTUPEFACIENTES O PSICOTROPICAS Y/O MEDICAMENTOS.",CHOQUE LATERAL,AUTOMOVIL,2,0,0,0,0,0,0,0,0,0,0,0,0,2,47,HOMBRE,ILESO,CONDUCTOR PRESENTE,NO,NO,0
17435,56577,56578,2019,0,0,-0.100553,-78.472156,PICHINCHA,QUITO,QUITO,URBANA,2019-02-03,00:01:00,0,DOMINGO,7,FEBRERO,2,NO,"NO RESPETAR LAS SENIALES REGLAMENTARIAS DE TRANSITO. (PARE, CEDA EL PASO, LUZ ROJA DEL SEMAFORO, ETC).",CHOQUE LATERAL,AUTOMOVIL,2,0,0,0,0,0,0,0,0,0,0,0,0,2,59,HOMBRE,ILESO,CONDUCTOR PRESENTE,NO,NO,0
17436,56579,56580,2019,1,0,-0.161268,-78.495828,PICHINCHA,QUITO,QUITO,URBANA,2019-02-03,00:25:00,0,DOMINGO,7,FEBRERO,2,NO,"CONDUCIR EN ESTADO DE SOMNOLENCIA O MALAS CONDICIONES FISICAS (SUENIO, CANSANCIO Y FATIGA).",CHOQUE POSTERIOR,AUTOMOVIL,1,0,0,1,0,0,0,0,0,0,0,0,0,2,21,HOMBRE,LESIONADO,PASAJERO,NO,NO,0
17437,56580,56581,2019,1,0,-0.515711,-78.576017,PICHINCHA,MEJIA,ALOASI,RURAL,2019-02-03,00:45:00,0,DOMINGO,7,FEBRERO,2,NO,"CONDUCIR DESATENTO A LAS CONDICIONES DE TRANSITO (CELULAR, PANTALLAS DE VIDEO, COMIDA, MAQUILLAJE O CUALQUIER OTRO ELEMENTO DISTRACTOR).",CHOQUE POSTERIOR,BUS,0,0,1,0,0,0,0,0,0,0,0,0,1,2,12,HOMBRE,LESIONADO,PASAJERO,NO,SI,3
17438,56586,56587,2019,0,0,-0.159629,-78.477284,PICHINCHA,QUITO,QUITO,URBANA,2019-02-03,01:50:00,1,DOMINGO,7,FEBRERO,2,NO,"CONDUCIR EN ESTADO DE SOMNOLENCIA O MALAS CONDICIONES FISICAS (SUENIO, CANSANCIO Y FATIGA).",ESTRELLAMIENTOS,AUTOMOVIL,1,0,0,0,0,0,0,0,0,0,0,0,0,1,-1,NO IDENTIFICADO,NO IDENTIFICADO,CONDUCTOR AUSENTE,NO,NO,2
17439,56587,56588,2019,2,0,-0.203827,-78.502028,PICHINCHA,QUITO,QUITO,URBANA,2019-02-03,01:55:00,1,DOMINGO,7,FEBRERO,2,NO,NO GUARDAR LA DISTANCIA LATERAL MINIMA DE SEGURIDAD ENTRE VEHICULOS.,CHOQUE LATERAL,AUTOMOVIL,1,0,0,0,0,0,0,0,0,1,0,0,0,2,30,MUJER,LESIONADO,PASAJERO,NO,NO,0
17440,56589,56590,2019,0,0,-0.179493,-78.455461,PICHINCHA,QUITO,QUITO,URBANA,2019-02-03,02:15:00,2,DOMINGO,7,FEBRERO,2,NO,CONDUCIR VEHICULO SUPERANDO LOS LIMITES MAXIMOS DE VELOCIDAD.,VOLCAMIENTOS,CAMIONETA,0,0,0,0,1,0,0,0,0,0,0,0,0,1,35,MUJER,ILESO,CONDUCTOR PRESENTE,NO,NO,0
17441,56598,56599,2019,0,0,-0.223301,-78.487751,PICHINCHA,QUITO,QUITO,URBANA,2019-02-03,03:50:00,3,DOMINGO,7,FEBRERO,2,NO,"CONDUCIR EN ESTADO DE SOMNOLENCIA O MALAS CONDICIONES FISICAS (SUENIO, CANSANCIO Y FATIGA).",VOLCAMIENTOS,AUTOMOVIL,1,0,0,0,0,0,0,0,0,0,0,0,0,1,-1,NO IDENTIFICADO,NO IDENTIFICADO,CONDUCTOR AUSENTE,NO,NO,2
17442,56605,56606,2019,1,0,-0.100495,-78.463822,PICHINCHA,QUITO,QUITO,RURAL,2019-02-03,04:45:00,4,DOMINGO,7,FEBRERO,2,NO,CONDUCIR VEHICULO SUPERANDO LOS LIMITES MAXIMOS DE VELOCIDAD.,CHOQUE FRONTAL,AUTOMOVIL,2,0,0,0,0,0,0,0,0,0,0,0,0,2,16,MUJER,LESIONADO,PASAJERO,NO,NO,3
17443,56606,56607,2019,0,0,-0.104887,-78.429909,PICHINCHA,QUITO,CALDERON (CARAPUNGO),RURAL,2019-02-03,04:45:00,4,DOMINGO,7,FEBRERO,2,NO,"CONDUCIR EN ESTADO DE SOMNOLENCIA O MALAS CONDICIONES FISICAS (SUENIO, CANSANCIO Y FATIGA).",ESTRELLAMIENTOS,AUTOMOVIL,1,0,0,0,0,0,0,0,0,0,0,0,0,1,23,MUJER,ILESO,CONDUCTOR PRESENTE,NO,NO,3
17444,56614,56615,2019,0,0,-0.306981,-78.544466,PICHINCHA,QUITO,QUITO,URBANA,2019-02-03,05:30:00,5,DOMINGO,7,FEBRERO,2,NO,CONDUCIR VEHICULO SUPERANDO LOS LIMITES MAXIMOS DE VELOCIDAD.,ESTRELLAMIENTOS,AUTOMOVIL,1,0,0,0,0,0,0,0,0,0,0,0,0,1,-1,NO IDENTIFICADO,NO IDENTIFICADO,CONDUCTOR AUSENTE,NO,NO,2
17445,56634,56635,2019,0,0,-0.099083,-78.421844,PICHINCHA,QUITO,CALDERON (CARAPUNGO),RURAL,2019-02-03,13:45:00,13,DOMINGO,7,FEBRERO,2,NO,"CONDUCE BAJO LA INFLUENCIA DE ALCOHOL, SUSTANCIAS ESTUPEFACIENTES O PSICOTROPICAS Y/O MEDICAMENTOS.",CHOQUE POSTERIOR,CAMIONETA,1,0,0,0,1,0,0,0,0,0,0,0,0,2,27,MUJER,ILESO,PASAJERO,NO,NO,3
17446,56641,56642,2019,0,0,-0.227324,-78.450086,PICHINCHA,QUITO,CUMBAYA,RURAL,2019-02-03,15:20:00,15,DOMINGO,7,FEBRERO,2,NO,NO MANTENER LA DISTANCIA PRUDENCIAL CON RESPECTO AL VEHICULO QUE LE ANTECEDE.,CHOQUE POSTERIOR,AUTOMOVIL,1,0,0,0,1,0,0,0,0,0,0,0,0,2,43,HOMBRE,ILESO,CONDUCTOR PRESENTE,NO,NO,3
17447,56649,56650,2019,0,0,-0.206518,-78.493871,PICHINCHA,QUITO,QUITO,URBANA,2019-02-03,17:25:00,17,DOMINGO,7,FEBRERO,2,NO,NO CEDER EL DERECHO DE VIA O PREFERENCIA DE PASO A VEHICULOS.,CHOQUE LATERAL,AUTOMOVIL,2,0,0,0,0,0,0,0,0,0,0,0,0,2,61,HOMBRE,ILESO,CONDUCTOR PRESENTE,NO,NO,0
17448,56651,56652,2019,0,0,-0.105691,-78.460024,PICHINCHA,QUITO,QUITO,URBANA,2019-02-03,17:55:00,17,DOMINGO,7,FEBRERO,2,NO,"CONDUCE BAJO LA INFLUENCIA DE ALCOHOL, SUSTANCIAS ESTUPEFACIENTES O PSICOTROPICAS Y/O MEDICAMENTOS.",CHOQUE POSTERIOR,AUTOMOVIL,1,0,0,1,0,0,0,0,0,0,0,0,0,2,46,HOMBRE,ILESO,CONDUCTOR PRESENTE,NO,NO,0
17449,56653,56654,2019,1,0,-0.260665,-78.505679,PICHINCHA,QUITO,QUITO,URBANA,2019-02-03,18:30:00,18,DOMINGO,7,FEBRERO,2,NO,NO CEDER EL DERECHO DE VIA O PREFERENCIA DE PASO AL PEATON.,ATROPELLOS,NO IDENTIFICADO,0,0,0,0,0,0,0,0,0,1,0,0,0,1,19,MUJER,LESIONADO,PEATON,NO,NO,0
17450,56671,56672,2019,1,0,-0.494349,-78.571088,PICHINCHA,MEJIA,MACHACHI,RURAL,2019-02-04,06:45:00,6,LUNES,1,FEBRERO,2,NO,"CONDUCIR DESATENTO A LAS CONDICIONES DE TRANSITO (CELULAR, PANTALLAS DE VIDEO, COMIDA, MAQUILLAJE O CUALQUIER OTRO ELEMENTO DISTRACTOR).",CHOQUE POSTERIOR,AUTOMOVIL,1,0,0,1,0,0,0,0,0,0,0,0,0,2,60,MUJER,LESIONADO,PASAJERO,NO,SI,3
17451,56672,56673,2019,1,0,-0.141491,-78.495693,PICHINCHA,QUITO,QUITO,URBANA,2019-02-04,07:15:00,7,LUNES,1,FEBRERO,2,NO,"NO RESPETAR LAS SENIALES REGLAMENTARIAS DE TRANSITO. (PARE, CEDA EL PASO, LUZ ROJA DEL SEMAFORO, ETC).",ATROPELLOS,AUTOMOVIL,2,0,0,0,0,0,0,0,0,0,0,0,0,2,60,MUJER,LESIONADO,PEATON,NO,NO,0
17452,56673,56674,2019,2,0,-0.150393,-78.453592,PICHINCHA,QUITO,QUITO,RURAL,2019-02-04,07:45:00,7,LUNES,1,FEBRERO,2,NO,"CONDICIONES AMBIENTALES Y/O ATMOSFERICAS (NIEBLA, NEBLINA, GRANIZO, LLUVIA).",ESTRELLAMIENTOS,AUTOMOVIL,1,0,0,0,0,0,0,0,0,0,0,0,0,1,8,MUJER,LESIONADO,PASAJERO,NO,NO,3