,Unnamed: 0,ID,ANIO,LESIONADOS,FALLECIDOS,LATITUD_Y,LONGITUD_X,PROVINCIA,CANTON,PARROQUIA,ZONA,FECHA,HORA,PERIODO_2,DIA_1,DIA_2,MES_1,MES_2,FERIADO,CAUSA_PROBABLE,TIPO_DE_SINIESTRO,TIPO_DE_VEHICULO_1,AUTOMOVIL,BICICLETA,BUS,CAMION,CAMIONETA,EMERGENCIAS,ESPECIAL,FURGONETA,MOTOCICLETA,NO_IDENTIFICADO,SCOOTER_ELECTRICO,TRICIMOTO,VEHICULO_DEPORTIVO_UTILITARIO,SUMA_DE_VEHICULOS,EDAD_1,SEXO_1,CONDICION_1,PARTICIPANTE_1,CASCO_1,CINTURON_1,KMeans_Cluster
17510,56947,56948,2019,0,0,-0.247813,-78.507398,PICHINCHA,QUITO,QUITO,URBANA,2019-02-09,05:20:00,5,SABADO,6,FEBRERO,2,NO,"FALLA MECANICA EN LOS SISTEMAS Y/O NEUMATICOS (SISTEMA DE FRENOS, DIRECCION, ELECTRONICO O MECANICO).",CHOQUE LATERAL,CAMION,1,0,0,1,0,0,0,0,0,0,0,0,0,2,39,HOMBRE,ILESO,CONDUCTOR PRESENTE,NO,NO,0
17511,56949,56950,2019,1,0,-0.194721,-78.331731,PICHINCHA,QUITO,TABABELA,RURAL,2019-02-09,06:40:00,6,SABADO,6,FEBRERO,2,NO,"FALLA MECANICA EN LOS SISTEMAS Y/O NEUMATICOS (SISTEMA DE FRENOS, DIRECCION, ELECTRONICO O MECANICO).",CHOQUE LATERAL,MOTOCICLETA,1,0,0,0,0,0,0,0,1,0,0,0,0,2,28,HOMBRE,LESIONADO,CONDUCTOR PRESENTE,NO,NO,3
17512,56950,56951,2019,0,0,-0.163073,-78.462599,PICHINCHA,QUITO,QUITO,URBANA,2019-02-09,06:40:00,6,SABADO,6,FEBRERO,2,NO,NO MANTENER LA DISTANCIA PRUDENCIAL CON RESPECTO AL VEHICULO QUE LE ANTECEDE.,OTROS,AUTOMOVIL,3,0,0,0,0,0,0,0,0,0,0,0,0,3,14,MUJER,ILESO,PASAJERO,NO,NO,0
17513,56952,56953,2019,0,0,-0.318256,-78.557591,PICHINCHA,QUITO,QUITO,URBANA,2019-02-09,07:00:00,7,SABADO,6,FEBRERO,2,NO,"CONDUCE BAJO LA INFLUENCIA DE ALCOHOL, SUSTANCIAS ESTUPEFACIENTES O PSICOTROPICAS Y/O MEDICAMENTOS.",CHOQUE FRONTAL,CAMIONETA,1,0,0,0,1,0,0,0,0,0,0,0,0,2,35,HOMBRE,ILESO,CONDUCTOR PRESENTE,NO,NO,0
17514,56957,56958,2019,1,0,-0.331114,-78.550627,PICHINCHA,QUITO,QUITO,URBANA,2019-02-09,09:45:00,9,SABADO,6,FEBRERO,2,NO,NO TRANSITAR POR LAS ACERAS O ZONAS DE SEGURIDAD DESTINADAS PARA EL EFECTO.,ATROPELLOS,NO IDENTIFICADO,0,0,0,0,0,0,0,0,0,1,0,0,0,1,-1,NO IDENTIFICADO,LESIONADO,CONDUCTOR PRESENTE,NO,NO,2
17515,56960,56961,2019,0,0,-0.152439,-78.484532,PICHINCHA,QUITO,QUITO,URBANA,2019-02-09,10:05:00,10,SABADO,6,FEBRERO,2,NO,"CONDUCIR DESATENTO A LAS CONDICIONES DE TRANSITO (CELULAR, PANTALLAS DE VIDEO, COMIDA, MAQUILLAJE O CUALQUIER OTRO ELEMENTO DISTRACTOR).",COLISION,AUTOMOVIL,3,0,1,0,0,0,0,0,0,0,0,0,0,4,62,HOMBRE,ILESO,CONDUCTOR PRESENTE,NO,NO,0
17516,56971,56972,2019,0,0,-0.264875,-78.544664,PICHINCHA,QUITO,QUITO,URBANA,2019-02-09,12:28:00,12,SABADO,6,FEBRERO,2,NO,CONDUCIR VEHICULO SUPERANDO LOS LIMITES MAXIMOS DE VELOCIDAD.,CHOQUE LATERAL,AUTOMOVIL,2,0,0,0,0,0,0,0,0,0,0,0,0,2,29,HOMBRE,ILESO,CONDUCTOR PRESENTE,NO,NO,0
17517,56974,56975,2019,0,0,-0.328831,-78.560625,PICHINCHA,QUITO,QUITO,URBANA,2019-02-09,14:25:00,14,SABADO,6,FEBRERO,2,NO,CONDUCIR VEHICULO SUPERANDO LOS LIMITES MAXIMOS DE VELOCIDAD.,CHOQUE LATERAL,NO IDENTIFICADO,0,0,0,0,0,0,0,0,0,2,0,0,0,2,6,HOMBRE,ILESO,PASAJERO,NO,NO,0
17518,56979,56980,2019,1,0,-0.217877,-78.505751,PICHINCHA,QUITO,QUITO,URBANA,2019-02-09,15:10:00,15,SABADO,6,FEBRERO,2,NO,"CONDUCE BAJO LA INFLUENCIA DE ALCOHOL, SUSTANCIAS ESTUPEFACIENTES O PSICOTROPICAS Y/O MEDICAMENTOS.",ATROPELLOS,CAMIONETA,0,0,0,0,1,0,0,0,0,0,0,0,0,1,58,HOMBRE,LESIONADO,PEATON,NO,NO,0
17519,56987,56988,2019,0,1,-0.101672,-78.409154,PICHINCHA,QUITO,CALDERON (CARAPUNGO),RURAL,2019-02-09,17:30:00,17,SABADO,6,FEBRERO,2,NO,NO TRANSITAR POR LAS ACERAS O ZONAS DE SEGURIDAD DESTINADAS PARA EL EFECTO.,ATROPELLOS,VEHICULO DEPORTIVO UTILITARIO,0,0,0,0,0,0,0,0,0,0,0,0,1,1,67,MUJER,FALLECIDO,PEATON,NO,NO,3
17520,57009,57010,2019,0,0,-0.071953,-78.474187,PICHINCHA,QUITO,POMASQUI,RURAL,2019-02-09,21:00:00,21,SABADO,6,FEBRERO,2,NO,"CONDUCE BAJO LA INFLUENCIA DE ALCOHOL, SUSTANCIAS ESTUPEFACIENTES O PSICOTROPICAS Y/O MEDICAMENTOS.",CHOQUE POSTERIOR,AUTOMOVIL,2,0,0,0,0,0,0,0,0,0,0,0,0,2,30,HOMBRE,ILESO,CONDUCTOR PRESENTE,NO,SI,3
17521,57013,57014,2019,0,0,-0.223511,-78.385358,PICHINCHA,QUITO,TUMBACO,RURAL,2019-02-09,21:50:00,21,SABADO,6,FEBRERO,2,NO,"CASO FORTUITO O FUERZA MAYOR (EXPLOSION DE NEUMATICO NUEVO, DERRUMBE, INUNDACION, CAIDA DE PUENTE, ARBOL, PRESENCIA INTEMPESTIVA E IMPREVISTA DE SEMOVIENTES EN LA VIA, ETC.).",ESTRELLAMIENTOS,AUTOMOVIL,1,0,0,0,0,0,0,0,0,0,0,0,0,1,46,HOMBRE,ILESO,CONDUCTOR PRESENTE,NO,NO,3
17522,57020,57021,2019,0,0,-0.133517,-78.501781,PICHINCHA,QUITO,QUITO,URBANA,2019-02-09,22:50:00,22,SABADO,6,FEBRERO,2,NO,"NO RESPETAR LAS SENIALES REGLAMENTARIAS DE TRANSITO. (PARE, CEDA EL PASO, LUZ ROJA DEL SEMAFORO, ETC).",ESTRELLAMIENTOS,AUTOMOVIL,1,0,0,0,0,0,0,0,0,0,0,0,0,1,-1,NO IDENTIFICADO,NO IDENTIFICADO,CONDUCTOR AUSENTE,NO,NO,2
17523,57023,57024,2019,1,0,-0.247683,-78.583241,PICHINCHA,QUITO,LLOA,URBANA,2019-02-09,23:00:00,23,SABADO,6,FEBRERO,2,NO,CONDUCIR VEHICULO SUPERANDO LOS LIMITES MAXIMOS DE VELOCIDAD.,ESTRELLAMIENTOS,CAMIONETA,0,0,0,0,1,0,0,0,0,0,0,0,0,1,30,MUJER,LESIONADO,PASAJERO,NO,NO,0
17524,57028,57029,2019,0,0,-0.129369,-78.481353,PICHINCHA,QUITO,QUITO,URBANA,2019-02-09,23:36:00,23,SABADO,6,FEBRERO,2,NO,"CONDUCE BAJO LA INFLUENCIA DE ALCOHOL, SUSTANCIAS ESTUPEFACIENTES O PSICOTROPICAS Y/O MEDICAMENTOS.",COLISION,MOTOCICLETA,0,0,0,0,2,0,0,0,1,0,0,0,0,3,29,HOMBRE,ILESO,CONDUCTOR PRESENTE,NO,NO,0
17525,57039,57040,2019,1,0,-0.268431,-78.557186,PICHINCHA,QUITO,QUITO,URBANA,2019-02-10,02:15:00,2,DOMINGO,7,FEBRERO,2,NO,CONDUCIR VEHICULO SUPERANDO LOS LIMITES MAXIMOS DE VELOCIDAD.,ATROPELLOS,NO IDENTIFICADO,0,0,0,0,0,0,0,0,0,1,0,0,0,1,-1,NO IDENTIFICADO,LESIONADO,PEATON,NO,NO,2
17526,57040,57041,2019,0,0,-0.231349,-78.492354,PICHINCHA,QUITO,QUITO,URBANA,2019-02-10,02:30:00,2,DOMINGO,7,FEBRERO,2,NO,"CONDUCIR EN ESTADO DE SOMNOLENCIA O MALAS CONDICIONES FISICAS (SUENIO, CANSANCIO Y FATIGA).",ESTRELLAMIENTOS,AUTOMOVIL,1,0,0,0,0,0,0,0,0,0,0,0,0,1,-1,NO IDENTIFICADO,NO IDENTIFICADO,CONDUCTOR AUSENTE,NO,NO,2
17527,57045,57046,2019,0,0,-0.185121,-78.488708,PICHINCHA,QUITO,QUITO,URBANA,2019-02-10,03:10:00,3,DOMINGO,7,FEBRERO,2,NO,CONDUCIR VEHICULO SUPERANDO LOS LIMITES MAXIMOS DE VELOCIDAD.,ESTRELLAMIENTOS,AUTOMOVIL,1,0,0,0,0,0,0,0,0,0,0,0,0,1,-1,NO IDENTIFICADO,NO IDENTIFICADO,CONDUCTOR AUSENTE,NO,NO,2
17528,57050,57051,2019,0,0,-0.205501,-78.491986,PICHINCHA,QUITO,QUITO,URBANA,2019-02-10,03:30:00,3,DOMINGO,7,FEBRERO,2,NO,"NO RESPETAR LAS SENIALES REGLAMENTARIAS DE TRANSITO. (PARE, CEDA EL PASO, LUZ ROJA DEL SEMAFORO, ETC).",ESTRELLAMIENTOS,AUTOMOVIL,1,0,0,0,0,0,0,0,0,0,0,0,0,1,-1,NO IDENTIFICADO,NO IDENTIFICADO,CONDUCTOR AUSENTE,NO,NO,2
17529,57051,57052,2019,0,0,-0.242029,-78.520966,PICHINCHA,QUITO,QUITO,URBANA,2019-02-10,03:35:00,3,DOMINGO,7,FEBRERO,2,NO,CONDUCIR VEHICULO SUPERANDO LOS LIMITES MAXIMOS DE VELOCIDAD.,CHOQUE LATERAL,AUTOMOVIL,2,0,0,0,0,0,0,0,0,0,0,0,0,2,25,HOMBRE,ILESO,CONDUCTOR PRESENTE,NO,NO,0
17530,57061,57062,2019,0,0,-0.165591,-78.486963,PICHINCHA,QUITO,QUITO,URBANA,2019-02-10,04:50:00,4,DOMINGO,7,FEBRERO,2,NO,"CONDUCIR DESATENTO A LAS CONDICIONES DE TRANSITO (CELULAR, PANTALLAS DE VIDEO, COMIDA, MAQUILLAJE O CUALQUIER OTRO ELEMENTO DISTRACTOR).",ESTRELLAMIENTOS,AUTOMOVIL,1,0,0,0,0,0,0,0,0,0,0,0,0,1,-1,NO IDENTIFICADO,NO IDENTIFICADO,CONDUCTOR AUSENTE,NO,NO,2
17531,57065,57066,2019,1,1,-0.120424,-78.415686,PICHINCHA,QUITO,CALDERON (CARAPUNGO),RURAL,2019-02-10,05:20:00,5,DOMINGO,7,FEBRERO,2,NO,"CONDUCE BAJO LA INFLUENCIA DE ALCOHOL, SUSTANCIAS ESTUPEFACIENTES O PSICOTROPICAS Y/O MEDICAMENTOS.",ESTRELLAMIENTOS,AUTOMOVIL,1,0,0,0,0,0,0,0,0,0,0,0,0,1,40,HOMBRE,FALLECIDO,PASAJERO,NO,NO,3
17532,57073,57074,2019,1,0,-0.169203,-78.485201,PICHINCHA,QUITO,QUITO,URBANA,2019-02-10,07:45:00,7,DOMINGO,7,FEBRERO,2,NO,CONDUCIR VEHICULO SUPERANDO LOS LIMITES MAXIMOS DE VELOCIDAD.,CHOQUE LATERAL,MOTOCICLETA,1,0,0,0,0,0,0,0,1,0,0,0,0,2,20,HOMBRE,LESIONADO,CONDUCTOR PRESENTE,NO,NO,0
17533,57087,57088,2019,0,0,-0.276484,-78.552341,PICHINCHA,QUITO,QUITO,URBANA,2019-02-10,10:20:00,10,DOMINGO,7,FEBRERO,2,NO,CONDUCIR VEHICULO SUPERANDO LOS LIMITES MAXIMOS DE VELOCIDAD.,ESTRELLAMIENTOS,AUTOMOVIL,1,0,0,0,0,0,0,0,0,0,0,0,0,1,48,HOMBRE,ILESO,CONDUCTOR PRESENTE,NO,NO,0
17534,57089,57090,2019,0,1,-0.286507,-78.541696,PICHINCHA,QUITO,QUITO,URBANA,2019-02-10,10:35:00,10,DOMINGO,7,FEBRERO,2,NO,NO CEDER EL DERECHO DE VIA O PREFERENCIA DE PASO AL PEATON.,ARROLLAMIENTOS,BUS,0,0,1,0,0,0,0,0,0,0,0,0,0,1,54,HOMBRE,FALLECIDO,PEATON,NO,NO,0
17535,57093,57094,2019,1,0,-0.055538,-78.455127,PICHINCHA,QUITO,POMASQUI,RURAL,2019-02-10,12:30:00,12,DOMINGO,7,FEBRERO,2,NO,NO CEDER EL DERECHO DE VIA O PREFERENCIA DE PASO AL PEATON.,ATROPELLOS,CAMION,0,0,0,1,0,0,0,0,0,0,0,0,0,1,55,HOMBRE,LESIONADO,PEATON,NO,SI,3
17536,57121,57122,2019,1,0,-0.279006,-78.552851,PICHINCHA,QUITO,QUITO,URBANA,2019-02-10,20:10:00,20,DOMINGO,7,FEBRERO,2,NO,REALIZAR CAMBIO BRUSCO O INDEBIDO DE CARRIL.,VOLCAMIENTOS,MOTOCICLETA,0,0,0,0,0,0,0,0,1,0,0,0,0,1,58,HOMBRE,LESIONADO,CONDUCTOR PRESENTE,NO,NO,0
17537,57131,57132,2019,0,0,-0.247141,-78.475845,PICHINCHA,QUITO,QUITO,RURAL,2019-02-11,00:15:00,0,LUNES,1,FEBRERO,2,NO,"CONDUCIR EN ESTADO DE SOMNOLENCIA O MALAS CONDICIONES FISICAS (SUENIO, CANSANCIO Y FATIGA).",ESTRELLAMIENTOS,AUTOMOVIL,1,0,0,0,0,0,0,0,0,0,0,0,0,1,-1,NO IDENTIFICADO,NO IDENTIFICADO,CONDUCTOR AUSENTE,NO,NO,2
17538,57143,57144,2019,2,0,-0.246751,-78.471297,PICHINCHA,QUITO,QUITO,RURAL,2019-02-11,07:30:00,7,LUNES,1,FEBRERO,2,NO,"CONDUCE BAJO LA INFLUENCIA DE ALCOHOL, SUSTANCIAS ESTUPEFACIENTES O PSICOTROPICAS Y/O MEDICAMENTOS.",VOLCAMIENTOS,MOTOCICLETA,0,0,0,0,0,0,0,0,1,0,0,0,0,1,20,HOMBRE,LESIONADO,CONDUCTOR PRESENTE,NO,NO,3
17539,57168,57169,2019,12,0,-0.239644,-78.331289,PICHINCHA,QUITO,PIFO,RURAL,2019-02-11,16:00:00,16,LUNES,1,FEBRERO,2,NO,CONDUCIR VEHICULO SUPERANDO LOS LIMITES MAXIMOS DE VELOCIDAD.,ESTRELLAMIENTOS,BUS,0,0,1,0,0,0,0,0,0,0,0,0,0,1,25,HOMBRE,LESIONADO,PASAJERO,NO,SI,3
17540,57170,57171,2019,1,0,-0.153396,-78.484496,PICHINCHA,QUITO,QUITO,URBANA,2019-02-11,16:50:00,16,LUNES,1,FEBRERO,2,NO,"NO RESPETAR LAS SENIALES REGLAMENTARIAS DE TRANSITO. (PARE, CEDA EL PASO, LUZ ROJA DEL SEMAFORO, ETC).",ATROPELLOS,CAMIONETA,0,0,0,0,1,0,0,0,0,0,0,0,0,1,31,MUJER,LESIONADO,PEATON,NO,NO,0
17541,57171,57172,2019,0,0,-0.172151,-78.491143,PICHINCHA,QUITO,QUITO,URBANA,2019-02-11,17:25:00,17,LUNES,1,FEBRERO,2,NO,"NO RESPETAR LAS SENIALES REGLAMENTARIAS DE TRANSITO. (PARE, CEDA EL PASO, LUZ ROJA DEL SEMAFORO, ETC).",CHOQUE LATERAL,FURGONETA,1,0,0,0,0,0,0,1,0,0,0,0,0,2,56,HOMBRE,ILESO,CONDUCTOR PRESENTE,NO,NO,0
17542,57173,57174,2019,1,0,-0.273933,-78.564355,PICHINCHA,QUITO,QUITO,URBANA,2019-02-11,17:30:00,17,LUNES,1,FEBRERO,2,NO,BAJARSE O SUBIRSE DE VEHICULOS EN MOVIMIENTO SIN TOMAR LAS PRECAUCIONES DEBIDAS.,CAIDA DE PASAJERO,BUS,0,0,1,0,0,0,0,0,0,0,0,0,0,1,87,MUJER,LESIONADO,PASAJERO,NO,NO,0
17543,57175,57176,2019,1,0,-0.299877,-78.542315,PICHINCHA,QUITO,QUITO,URBANA,2019-02-11,17:45:00,17,LUNES,1,FEBRERO,2,NO,"NO RESPETAR LAS SENIALES REGLAMENTARIAS DE TRANSITO. (PARE, CEDA EL PASO, LUZ ROJA DEL SEMAFORO, ETC).",ATROPELLOS,AUTOMOVIL,1,0,0,0,0,0,0,0,0,0,0,0,0,1,58,HOMBRE,LESIONADO,PEATON,NO,NO,0
17544,57180,57181,2019,0,1,-0.181554,-78.481813,PICHINCHA,QUITO,QUITO,URBANA,2019-02-11,19:30:00,19,LUNES,1,FEBRERO,2,NO,NO CEDER EL DERECHO DE VIA O PREFERENCIA DE PASO AL PEATON.,ATROPELLOS,BUS,0,0,1,0,0,0,0,0,0,0,0,0,0,1,70,HOMBRE,FALLECIDO,PEATON,NO,NO,0
17545,57186,57187,2019,4,1,-0.161593,-78.447584,PICHINCHA,QUITO,NAYON,URBANA,2019-02-11,21:00:00,21,LUNES,1,FEBRERO,2,NO,"CONDUCE BAJO LA INFLUENCIA DE ALCOHOL, SUSTANCIAS ESTUPEFACIENTES O PSICOTROPICAS Y/O MEDICAMENTOS.",CHOQUE FRONTAL,AUTOMOVIL,1,0,0,0,1,0,0,0,0,0,0,0,0,2,68,MUJER,FALLECIDO,PASAJERO,NO,NO,0
17546,57198,57199,2019,1,0,-0.292724,-78.476486,PICHINCHA,QUITO,CONOCOTO,RURAL,2019-02-12,06:00:00,6,MARTES,2,FEBRERO,2,NO,NO CEDER EL DERECHO DE VIA O PREFERENCIA DE PASO A VEHICULOS.,CHOQUE LATERAL,MOTOCICLETA,0,0,0,0,0,0,0,0,1,1,0,0,0,2,28,HOMBRE,LESIONADO,CONDUCTOR PRESENTE,NO,NO,3
17547,57200,57201,2019,2,0,-0.310589,-78.546306,PICHINCHA,QUITO,QUITO,URBANA,2019-02-12,06:45:00,6,MARTES,2,FEBRERO,2,NO,"NO RESPETAR LAS SENIALES REGLAMENTARIAS DE TRANSITO. (PARE, CEDA EL PASO, LUZ ROJA DEL SEMAFORO, ETC).",CHOQUE LATERAL,AUTOMOVIL,1,0,0,0,0,0,0,0,1,0,0,0,0,2,27,HOMBRE,LESIONADO,PASAJERO,NO,NO,0
17548,57201,57202,2019,0,0,-0.302346,-78.464489,PICHINCHA,QUITO,CONOCOTO,RURAL,2019-02-12,06:50:00,6,MARTES,2,FEBRERO,2,NO,"CONDUCIR DESATENTO A LAS CONDICIONES DE TRANSITO (CELULAR, PANTALLAS DE VIDEO, COMIDA, MAQUILLAJE O CUALQUIER OTRO ELEMENTO DISTRACTOR).",CHOQUE LATERAL,MOTOCICLETA,1,0,0,0,0,0,0,0,1,0,0,0,0,2,26,HOMBRE,ILESO,CONDUCTOR PRESENTE,NO,NO,3
17549,57202,57203,2019,1,0,-0.289305,-78.538485,PICHINCHA,QUITO,QUITO,URBANA,2019-02-12,07:10:00,7,MARTES,2,FEBRERO,2,NO,NO TRANSITAR POR LAS ACERAS O ZONAS DE SEGURIDAD DESTINADAS PARA EL EFECTO.,ATROPELLOS,BUS,0,0,1,0,0,0,0,0,0,0,0,0,0,1,28,HOMBRE,LESIONADO,PEATON,NO,NO,0
17550,57210,57211,2019,0,0,-0.282701,-78.544401,PICHINCHA,QUITO,QUITO,URBANA,2019-02-12,09:20:00,9,MARTES,2,FEBRERO,2,NO,REALIZAR CAMBIO BRUSCO O INDEBIDO DE CARRIL.,CHOQUE LATERAL,AUTOMOVIL,1,0,0,0,1,0,0,0,0,0,0,0,0,2,35,MUJER,ILESO,CONDUCTOR PRESENTE,NO,NO,0
17551,57216,57217,2019,1,0,-0.261347,-78.547099,PICHINCHA,QUITO,QUITO,URBANA,2019-02-12,11:25:00,11,MARTES,2,FEBRERO,2,NO,"CONDUCIR DESATENTO A LAS CONDICIONES DE TRANSITO (CELULAR, PANTALLAS DE VIDEO, COMIDA, MAQUILLAJE O CUALQUIER OTRO ELEMENTO DISTRACTOR).",ATROPELLOS,NO IDENTIFICADO,0,0,0,0,0,0,0,0,0,1,0,0,0,1,82,MUJER,LESIONADO,PEATON,NO,NO,0
17552,57221,57222,2019,0,0,-0.311829,-78.552691,PICHINCHA,QUITO,QUITO,URBANA,2019-02-12,14:23:00,14,MARTES,2,FEBRERO,2,NO,"CONDUCE BAJO LA INFLUENCIA DE ALCOHOL, SUSTANCIAS ESTUPEFACIENTES O PSICOTROPICAS Y/O MEDICAMENTOS.",OTROS,MOTOCICLETA,2,0,0,0,0,0,0,0,1,0,0,0,0,3,28,HOMBRE,ILESO,CONDUCTOR PRESENTE,NO,NO,0
17553,57228,57229,2019,0,0,-0.187553,-78.478231,PICHINCHA,QUITO,QUITO,URBANA,2019-02-12,15:45:00,15,MARTES,2,FEBRERO,2,NO,"ADELANTAR O REBASAR A OTRO VEHICULO EN MOVIMIENTO EN ZONAS O SITIOS PELIGROSOS TALES COMO: CURVAS, PUENTES, TUNELES, PENDIENTES, ETC.",CHOQUE LATERAL,AUTOMOVIL,2,0,0,0,0,0,0,0,0,0,0,0,0,2,32,HOMBRE,ILESO,CONDUCTOR PRESENTE,NO,NO,0
17554,57234,57235,2019,1,0,-0.088046,-78.486451,PICHINCHA,QUITO,QUITO,RURAL,2019-02-12,17:40:00,17,MARTES,2,FEBRERO,2,NO,"CONDUCE BAJO LA INFLUENCIA DE ALCOHOL, SUSTANCIAS ESTUPEFACIENTES O PSICOTROPICAS Y/O MEDICAMENTOS.",CHOQUE LATERAL,AUTOMOVIL,3,0,0,0,0,0,0,0,0,0,0,0,0,3,48,MUJER,LESIONADO,CONDUCTOR PRESENTE,NO,SI,3
17555,57235,57236,2019,1,0,-0.331949,-78.555081,PICHINCHA,QUITO,QUITO,URBANA,2019-02-12,17:45:00,17,MARTES,2,FEBRERO,2,NO,"CONDUCE BAJO LA INFLUENCIA DE ALCOHOL, SUSTANCIAS ESTUPEFACIENTES O PSICOTROPICAS Y/O MEDICAMENTOS.",CHOQUE FRONTAL,MOTOCICLETA,1,0,0,0,0,0,0,0,1,0,0,0,0,2,28,HOMBRE,LESIONADO,CONDUCTOR PRESENTE,NO,NO,0
17556,57245,57246,2019,0,0,-0.217469,-78.394759,PICHINCHA,QUITO,TUMBACO,RURAL,2019-02-12,23:15:00,23,MARTES,2,FEBRERO,2,NO,"CONDUCE BAJO LA INFLUENCIA DE ALCOHOL, SUSTANCIAS ESTUPEFACIENTES O PSICOTROPICAS Y/O MEDICAMENTOS.",ESTRELLAMIENTOS,AUTOMOVIL,1,0,0,0,0,0,0,1,0,0,0,0,0,2,22,MUJER,ILESO,PASAJERO,NO,NO,3
17557,57247,57248,2019,1,0,-0.158928,-78.483775,PICHINCHA,QUITO,QUITO,URBANA,2019-02-12,23:30:00,23,MARTES,2,FEBRERO,2,NO,REALIZAR CAMBIO BRUSCO O INDEBIDO DE CARRIL.,CHOQUE LATERAL,MOTOCICLETA,0,0,0,0,1,0,0,0,1,0,0,0,0,2,30,HOMBRE,LESIONADO,CONDUCTOR PRESENTE,NO,NO,0
17558,57250,57251,2019,0,0,-0.295921,-78.527571,PICHINCHA,QUITO,QUITO,URBANA,2019-02-13,00:20:00,0,MIERCOLES,3,FEBRERO,2,NO,"CONDUCIR EN ESTADO DE SOMNOLENCIA O MALAS CONDICIONES FISICAS (SUENIO, CANSANCIO Y FATIGA).",ESTRELLAMIENTOS,AUTOMOVIL,1,0,0,0,0,0,0,0,0,0,0,0,0,1,-1,NO IDENTIFICADO,NO IDENTIFICADO,CONDUCTOR AUSENTE,NO,NO,2
17559,57252,57253,2019,0,1,-0.273825,-78.510216,PICHINCHA,QUITO,QUITO,URBANA,2019-02-13,02:30:00,2,MIERCOLES,3,FEBRERO,2,NO,CONDUCIR VEHICULO SUPERANDO LOS LIMITES MAXIMOS DE VELOCIDAD.,ESTRELLAMIENTOS,CAMION,1,0,0,1,0,0,0,0,0,0,0,0,0,2,28,HOMBRE,FALLECIDO,CONDUCTOR PRESENTE,NO,NO,0
17560,57257,57258,2019,2,0,-0.328479,-78.522294,PICHINCHA,QUITO,QUITO,URBANA,2019-02-13,06:30:00,6,MIERCOLES,3,FEBRERO,2,NO,NO MANTENER LA DISTANCIA PRUDENCIAL CON RESPECTO AL VEHICULO QUE LE ANTECEDE.,CHOQUE POSTERIOR,AUTOMOVIL,1,0,0,1,0,0,0,0,0,0,0,0,0,2,17,HOMBRE,LESIONADO,PASAJERO,NO,NO,0
17561,57258,57259,2019,0,0,-0.207652,-78.504704,PICHINCHA,QUITO,QUITO,URBANA,2019-02-13,07:05:00,7,MIERCOLES,3,FEBRERO,2,NO,NO CEDER EL DERECHO DE VIA O PREFERENCIA DE PASO A VEHICULOS.,CHOQUE LATERAL,CAMIONETA,1,0,0,0,1,0,0,0,0,0,0,0,0,2,27,HOMBRE,ILESO,CONDUCTOR PRESENTE,NO,NO,0
17562,57268,57269,2019,0,0,-0.164699,-78.481424,PICHINCHA,QUITO,QUITO,URBANA,2019-02-13,10:55:00,10,MIERCOLES,3,FEBRERO,2,NO,"NO RESPETAR LAS SENIALES REGLAMENTARIAS DE TRANSITO. (PARE, CEDA EL PASO, LUZ ROJA DEL SEMAFORO, ETC).",CHOQUE LATERAL,AUTOMOVIL,2,0,0,0,0,0,0,0,0,0,0,0,0,2,65,MUJER,ILESO,PASAJERO,NO,NO,0
17563,57274,57275,2019,1,0,-0.176062,-78.483762,PICHINCHA,QUITO,QUITO,URBANA,2019-02-13,13:15:00,13,MIERCOLES,3,FEBRERO,2,NO,PEATON QUE CRUZA LA CALZADA SIN RESPETAR LA SENIALIZACION EXISTENTE (SEMAFOROS O SENIALES MANUALES).,ATROPELLOS,AUTOMOVIL,1,0,0,0,0,0,0,0,0,0,0,0,0,1,14,HOMBRE,LESIONADO,PEATON,NO,NO,0
17564,57289,57290,2019,1,0,-0.193327,-78.476315,PICHINCHA,QUITO,QUITO,URBANA,2019-02-13,19:20:00,19,MIERCOLES,3,FEBRERO,2,NO,NO CEDER EL DERECHO DE VIA O PREFERENCIA DE PASO AL PEATON.,ARROLLAMIENTOS,NO IDENTIFICADO,0,0,0,0,0,0,0,0,0,1,0,0,0,1,47,HOMBRE,LESIONADO,PEATON,NO,NO,0
17565,57293,57294,2019,0,0,-0.085641,-78.467186,PICHINCHA,QUITO,QUITO,URBANA,2019-02-13,19:55:00,19,MIERCOLES,3,FEBRERO,2,NO,NO GUARDAR LA DISTANCIA LATERAL MINIMA DE SEGURIDAD ENTRE VEHICULOS.,CHOQUE LATERAL,AUTOMOVIL,2,0,0,0,0,0,0,0,0,0,0,0,0,2,59,HOMBRE,ILESO,CONDUCTOR PRESENTE,NO,NO,0
17566,57294,57295,2019,0,0,-0.240715,-78.528166,PICHINCHA,QUITO,QUITO,URBANA,2019-02-13,20:00:00,20,MIERCOLES,3,FEBRERO,2,NO,NO CEDER EL DERECHO DE VIA O PREFERENCIA DE PASO A VEHICULOS.,CHOQUE LATERAL,AUTOMOVIL,1,0,0,0,1,0,0,0,0,0,0,0,0,2,27,HOMBRE,ILESO,CONDUCTOR PRESENTE,NO,NO,0