,Unnamed: 0,ID,ANIO,LESIONADOS,FALLECIDOS,LATITUD_Y,LONGITUD_X,PROVINCIA,CANTON,PARROQUIA,ZONA,FECHA,HORA,PERIODO_2,DIA_1,DIA_2,MES_1,MES_2,FERIADO,CAUSA_PROBABLE,TIPO_DE_SINIESTRO,TIPO_DE_VEHICULO_1,AUTOMOVIL,BICICLETA,BUS,CAMION,CAMIONETA,EMERGENCIAS,ESPECIAL,FURGONETA,MOTOCICLETA,NO_IDENTIFICADO,SCOOTER_ELECTRICO,TRICIMOTO,VEHICULO_DEPORTIVO_UTILITARIO,SUMA_DE_VEHICULOS,EDAD_1,SEXO_1,CONDICION_1,PARTICIPANTE_1,CASCO_1,CINTURON_1,KMeans_Cluster
17626,57558,57559,2019,0,0,-0.208886,-78.522035,PICHINCHA,QUITO,QUITO,URBANA,2019-02-17,00:05:00,0,DOMINGO,7,FEBRERO,2,NO,CONDUCIR VEHICULO SUPERANDO LOS LIMITES MAXIMOS DE VELOCIDAD.,ESTRELLAMIENTOS,MOTOCICLETA,0,0,0,0,0,0,0,0,1,0,0,0,0,1,-1,NO IDENTIFICADO,NO IDENTIFICADO,CONDUCTOR AUSENTE,NO,NO,2
17627,57560,57561,2019,0,0,-0.291889,-78.558471,PICHINCHA,QUITO,QUITO,URBANA,2019-02-17,01:15:00,1,DOMINGO,7,FEBRERO,2,NO,"CONDUCE BAJO LA INFLUENCIA DE ALCOHOL, SUSTANCIAS ESTUPEFACIENTES O PSICOTROPICAS Y/O MEDICAMENTOS.",CHOQUE LATERAL,CAMIONETA,0,0,0,0,2,0,0,0,0,0,0,0,0,2,52,HOMBRE,ILESO,CONDUCTOR PRESENTE,NO,NO,0
17628,57562,57563,2019,1,0,-0.177348,-78.473569,PICHINCHA,QUITO,QUITO,URBANA,2019-02-17,01:20:00,1,DOMINGO,7,FEBRERO,2,NO,"CONDUCIR EN ESTADO DE SOMNOLENCIA O MALAS CONDICIONES FISICAS (SUENIO, CANSANCIO Y FATIGA).",ESTRELLAMIENTOS,AUTOMOVIL,1,0,0,0,0,0,0,0,0,0,0,0,0,1,31,HOMBRE,LESIONADO,PASAJERO,NO,NO,0
17629,57563,57564,2019,2,0,-0.071803,-78.473425,PICHINCHA,QUITO,POMASQUI,RURAL,2019-02-17,01:40:00,1,DOMINGO,7,FEBRERO,2,NO,CONDUCIR VEHICULO SUPERANDO LOS LIMITES MAXIMOS DE VELOCIDAD.,CHOQUE LATERAL,VEHICULO DEPORTIVO UTILITARIO,1,0,0,0,0,0,0,0,0,0,0,0,1,2,57,MUJER,LESIONADO,CONDUCTOR PRESENTE,NO,SI,3
17630,57565,57566,2019,1,0,-0.249745,-78.530782,PICHINCHA,QUITO,QUITO,URBANA,2019-02-17,02:10:00,2,DOMINGO,7,FEBRERO,2,NO,CONDUCIR VEHICULO SUPERANDO LOS LIMITES MAXIMOS DE VELOCIDAD.,OTROS,MOTOCICLETA,0,0,0,0,0,0,0,0,1,1,0,0,0,2,26,HOMBRE,LESIONADO,CONDUCTOR PRESENTE,NO,NO,0
17631,57566,57567,2019,0,0,-0.260629,-78.546185,PICHINCHA,QUITO,QUITO,URBANA,2019-02-17,02:15:00,2,DOMINGO,7,FEBRERO,2,NO,CONDUCIR VEHICULO SUPERANDO LOS LIMITES MAXIMOS DE VELOCIDAD.,OTROS,AUTOMOVIL,1,0,0,0,0,0,0,0,0,0,0,0,0,1,-1,NO IDENTIFICADO,NO IDENTIFICADO,CONDUCTOR AUSENTE,NO,NO,2
17632,57569,57570,2019,2,0,-0.320395,-78.557079,PICHINCHA,QUITO,QUITO,URBANA,2019-02-17,02:35:00,2,DOMINGO,7,FEBRERO,2,NO,"ADELANTAR O REBASAR A OTRO VEHICULO EN MOVIMIENTO EN ZONAS O SITIOS PELIGROSOS TALES COMO: CURVAS, PUENTES, TUNELES, PENDIENTES, ETC.",CHOQUE FRONTAL,MOTOCICLETA,1,0,0,0,0,0,0,0,1,0,0,0,0,2,21,HOMBRE,LESIONADO,PASAJERO,NO,NO,0
17633,57575,57576,2019,0,0,-0.245488,-78.528831,PICHINCHA,QUITO,QUITO,URBANA,2019-02-17,04:15:00,4,DOMINGO,7,FEBRERO,2,NO,CONDUCIR VEHICULO SUPERANDO LOS LIMITES MAXIMOS DE VELOCIDAD.,ESTRELLAMIENTOS,AUTOMOVIL,1,0,0,0,0,0,0,0,0,0,0,0,0,1,-1,NO IDENTIFICADO,NO IDENTIFICADO,CONDUCTOR AUSENTE,NO,NO,2
17634,57584,57585,2019,0,0,-0.154549,-78.487915,PICHINCHA,QUITO,QUITO,URBANA,2019-02-17,05:40:00,5,DOMINGO,7,FEBRERO,2,NO,"CONDUCIR DESATENTO A LAS CONDICIONES DE TRANSITO (CELULAR, PANTALLAS DE VIDEO, COMIDA, MAQUILLAJE O CUALQUIER OTRO ELEMENTO DISTRACTOR).",OTROS,AUTOMOVIL,1,0,0,0,0,0,0,0,0,0,0,0,0,1,44,MUJER,ILESO,CONDUCTOR PRESENTE,NO,NO,0
17635,57589,57590,2019,0,0,-0.249098,-78.536736,PICHINCHA,QUITO,QUITO,URBANA,2019-02-17,07:00:00,7,DOMINGO,7,FEBRERO,2,NO,"CONDUCE BAJO LA INFLUENCIA DE ALCOHOL, SUSTANCIAS ESTUPEFACIENTES O PSICOTROPICAS Y/O MEDICAMENTOS.",CHOQUE POSTERIOR,AUTOMOVIL,1,0,0,0,1,0,0,0,0,0,0,0,0,2,34,HOMBRE,ILESO,CONDUCTOR PRESENTE,NO,NO,0
17636,57599,57600,2019,0,0,-0.008251,-78.453078,PICHINCHA,QUITO,SAN ANTONIO (QUITO),RURAL,2019-02-17,09:35:00,9,DOMINGO,7,FEBRERO,2,NO,"CONDUCIR DESATENTO A LAS CONDICIONES DE TRANSITO (CELULAR, PANTALLAS DE VIDEO, COMIDA, MAQUILLAJE O CUALQUIER OTRO ELEMENTO DISTRACTOR).",CHOQUE POSTERIOR,CAMIONETA,1,0,0,0,1,0,0,0,0,0,0,0,0,2,45,HOMBRE,ILESO,CONDUCTOR PRESENTE,NO,SI,3
17637,57601,57602,2019,0,0,-0.224383,-78.496888,PICHINCHA,QUITO,QUITO,URBANA,2019-02-17,10:55:00,10,DOMINGO,7,FEBRERO,2,NO,DANIOS MECANICOS PREVISIBLES.,CHOQUE FRONTAL,AUTOMOVIL,2,0,0,0,0,0,0,0,0,0,0,0,0,2,53,HOMBRE,ILESO,CONDUCTOR PRESENTE,NO,NO,0
17638,57602,57603,2019,0,0,-0.140467,-78.502984,PICHINCHA,QUITO,QUITO,URBANA,2019-02-17,11:45:00,11,DOMINGO,7,FEBRERO,2,NO,"CONDUCIR DESATENTO A LAS CONDICIONES DE TRANSITO (CELULAR, PANTALLAS DE VIDEO, COMIDA, MAQUILLAJE O CUALQUIER OTRO ELEMENTO DISTRACTOR).",ESTRELLAMIENTOS,AUTOMOVIL,2,0,0,0,0,0,0,0,0,0,0,0,0,2,-1,NO IDENTIFICADO,NO IDENTIFICADO,CONDUCTOR AUSENTE,NO,NO,2
17639,57604,57605,2019,0,0,-0.324901,-78.486636,PICHINCHA,QUITO,AMAGUANIA,RURAL,2019-02-17,12:50:00,12,DOMINGO,7,FEBRERO,2,NO,"CONDUCIR DESATENTO A LAS CONDICIONES DE TRANSITO (CELULAR, PANTALLAS DE VIDEO, COMIDA, MAQUILLAJE O CUALQUIER OTRO ELEMENTO DISTRACTOR).",ESTRELLAMIENTOS,CAMIONETA,0,0,0,0,1,0,0,0,0,0,0,0,0,1,37,HOMBRE,ILESO,PASAJERO,NO,NO,3
17640,57607,57608,2019,0,0,-0.189165,-78.490435,PICHINCHA,QUITO,QUITO,URBANA,2019-02-17,13:15:00,13,DOMINGO,7,FEBRERO,2,NO,CONDUCIR VEHICULO SUPERANDO LOS LIMITES MAXIMOS DE VELOCIDAD.,ESTRELLAMIENTOS,AUTOMOVIL,1,0,0,0,0,0,0,0,0,0,0,0,0,1,23,HOMBRE,ILESO,CONDUCTOR PRESENTE,NO,NO,0
17641,57608,57609,2019,0,0,-0.164784,-78.468117,PICHINCHA,QUITO,QUITO,URBANA,2019-02-17,13:32:00,13,DOMINGO,7,FEBRERO,2,NO,CONDUCIR EN SENTIDO CONTRARIO A LA VIA NORMAL DE CIRCULACION.,ESTRELLAMIENTOS,AUTOMOVIL,1,0,0,0,0,0,0,0,0,0,0,0,0,1,65,HOMBRE,ILESO,CONDUCTOR PRESENTE,NO,NO,0
17642,57624,57625,2019,0,0,-0.239419,-78.332781,PICHINCHA,QUITO,PIFO,RURAL,2019-02-17,17:55:00,17,DOMINGO,7,FEBRERO,2,NO,"CONDUCIR DESATENTO A LAS CONDICIONES DE TRANSITO (CELULAR, PANTALLAS DE VIDEO, COMIDA, MAQUILLAJE O CUALQUIER OTRO ELEMENTO DISTRACTOR).",PERDIDA DE PISTA,AUTOMOVIL,1,0,0,0,0,0,0,0,0,0,0,0,0,1,-1,NO IDENTIFICADO,NO IDENTIFICADO,CONDUCTOR AUSENTE,NO,SI,2
17643,57625,57626,2019,0,0,-0.254686,-78.504316,PICHINCHA,QUITO,QUITO,URBANA,2019-02-17,18:05:00,18,DOMINGO,7,FEBRERO,2,NO,CONDUCIR VEHICULO SUPERANDO LOS LIMITES MAXIMOS DE VELOCIDAD.,OTROS,AUTOMOVIL,1,0,0,0,1,0,0,0,0,0,0,0,0,2,28,MUJER,ILESO,PASAJERO,NO,NO,0
17644,57629,57630,2019,1,0,-0.307698,-78.546091,PICHINCHA,QUITO,QUITO,URBANA,2019-02-17,19:00:00,19,DOMINGO,7,FEBRERO,2,NO,NO GUARDAR LA DISTANCIA LATERAL MINIMA DE SEGURIDAD ENTRE VEHICULOS.,OTROS,NO IDENTIFICADO,0,0,0,0,0,0,0,0,0,2,0,0,0,2,21,MUJER,LESIONADO,PASAJERO,NO,NO,0
17645,57651,57652,2019,0,0,-0.197826,-78.466466,PICHINCHA,QUITO,QUITO,RURAL,2019-02-18,04:45:00,4,LUNES,1,FEBRERO,2,NO,"PRESENCIA DE AGENTES EXTERNOS EN LA VIA (AGUA, ACEITE, PIEDRA, LASTRE, ESCOMBROS, MADEROS, ETC.).",ESTRELLAMIENTOS,BUS,0,0,1,0,0,0,0,0,0,0,0,0,0,1,34,HOMBRE,ILESO,CONDUCTOR PRESENTE,NO,NO,3
17646,57652,57653,2019,1,0,-0.283152,-78.554531,PICHINCHA,QUITO,QUITO,URBANA,2019-02-18,04:45:00,4,LUNES,1,FEBRERO,2,NO,NO MANTENER LA DISTANCIA PRUDENCIAL CON RESPECTO AL VEHICULO QUE LE ANTECEDE.,CHOQUE POSTERIOR,AUTOMOVIL,1,0,1,0,0,0,0,0,0,0,0,0,0,2,51,MUJER,LESIONADO,PASAJERO,NO,NO,0
17647,57654,57655,2019,0,0,-0.212824,-78.402686,PICHINCHA,QUITO,TUMBACO,RURAL,2019-02-18,05:10:00,5,LUNES,1,FEBRERO,2,NO,"NO RESPETAR LAS SENIALES REGLAMENTARIAS DE TRANSITO. (PARE, CEDA EL PASO, LUZ ROJA DEL SEMAFORO, ETC).",CHOQUE LATERAL,AUTOMOVIL,2,0,0,0,0,0,0,0,0,0,0,0,0,2,72,HOMBRE,ILESO,CONDUCTOR PRESENTE,NO,NO,3
17648,57658,57659,2019,0,0,-0.142178,-78.477835,PICHINCHA,QUITO,QUITO,URBANA,2019-02-18,07:45:00,7,LUNES,1,FEBRERO,2,NO,NO CEDER EL DERECHO DE VIA O PREFERENCIA DE PASO A VEHICULOS.,CHOQUE LATERAL,AUTOMOVIL,1,0,0,0,0,0,0,0,1,0,0,0,0,2,39,HOMBRE,ILESO,CONDUCTOR PRESENTE,NO,NO,0
17649,57662,57663,2019,1,0,-0.170559,-78.478325,PICHINCHA,QUITO,QUITO,URBANA,2019-02-18,09:00:00,9,LUNES,1,FEBRERO,2,NO,"NO RESPETAR LAS SENIALES REGLAMENTARIAS DE TRANSITO. (PARE, CEDA EL PASO, LUZ ROJA DEL SEMAFORO, ETC).",CHOQUE LATERAL,AUTOMOVIL,2,0,0,0,0,0,0,0,0,0,0,0,0,2,21,HOMBRE,LESIONADO,CONDUCTOR PRESENTE,NO,NO,0
17650,57669,57670,2019,1,0,-0.263505,-78.488071,PICHINCHA,QUITO,CONOCOTO,RURAL,2019-02-18,12:20:00,12,LUNES,1,FEBRERO,2,NO,DANIOS MECANICOS PREVISIBLES.,PERDIDA DE CARRIL,VEHICULO DEPORTIVO UTILITARIO,0,0,0,0,0,0,0,0,0,0,0,0,1,1,32,HOMBRE,LESIONADO,CONDUCTOR PRESENTE,NO,SI,3
17651,57673,57674,2019,0,0,0.001431,-78.535609,PICHINCHA,QUITO,CALACALI,RURAL,2019-02-18,12:53:00,12,LUNES,1,FEBRERO,2,NO,"CONDUCIR DESATENTO A LAS CONDICIONES DE TRANSITO (CELULAR, PANTALLAS DE VIDEO, COMIDA, MAQUILLAJE O CUALQUIER OTRO ELEMENTO DISTRACTOR).",PERDIDA DE PISTA,AUTOMOVIL,1,0,0,0,0,0,0,0,0,0,0,0,0,1,35,HOMBRE,ILESO,CONDUCTOR PRESENTE,NO,SI,3
17652,57675,57676,2019,0,1,-0.091585,-78.439052,PICHINCHA,QUITO,CALDERON (CARAPUNGO),RURAL,2019-02-18,13:20:00,13,LUNES,1,FEBRERO,2,NO,NO CEDER EL DERECHO DE VIA O PREFERENCIA DE PASO AL PEATON.,ATROPELLOS,NO IDENTIFICADO,0,0,0,0,0,0,0,0,0,1,0,0,0,1,8,HOMBRE,FALLECIDO,PEATON,NO,NO,3
17653,57678,57679,2019,0,0,-0.147327,-78.496263,PICHINCHA,QUITO,QUITO,URBANA,2019-02-18,14:10:00,14,LUNES,1,FEBRERO,2,NO,NO CEDER EL DERECHO DE VIA O PREFERENCIA DE PASO A VEHICULOS.,CHOQUE LATERAL,CAMIONETA,1,0,0,0,1,0,0,0,0,0,0,0,0,2,51,MUJER,ILESO,CONDUCTOR PRESENTE,NO,NO,0
17654,57683,57684,2019,0,0,-0.185685,-78.479183,PICHINCHA,QUITO,QUITO,URBANA,2019-02-18,15:30:00,15,LUNES,1,FEBRERO,2,NO,"CONDUCIR DESATENTO A LAS CONDICIONES DE TRANSITO (CELULAR, PANTALLAS DE VIDEO, COMIDA, MAQUILLAJE O CUALQUIER OTRO ELEMENTO DISTRACTOR).",CHOQUE LATERAL,AUTOMOVIL,1,0,0,0,1,0,0,0,0,0,0,0,0,2,33,HOMBRE,ILESO,CONDUCTOR PRESENTE,NO,NO,0
17655,57685,57686,2019,0,0,-0.344184,-78.454801,PICHINCHA,RUMINIAHUI,SANGOLQUI,RURAL,2019-02-18,15:50:00,15,LUNES,1,FEBRERO,2,NO,"CONDUCE BAJO LA INFLUENCIA DE ALCOHOL, SUSTANCIAS ESTUPEFACIENTES O PSICOTROPICAS Y/O MEDICAMENTOS.",ESTRELLAMIENTOS,CAMIONETA,0,0,0,0,1,0,0,0,0,0,0,0,0,1,31,HOMBRE,ILESO,CONDUCTOR PRESENTE,NO,SI,3
17656,57688,57689,2019,1,0,-0.097293,-78.453729,PICHINCHA,QUITO,CALDERON (CARAPUNGO),RURAL,2019-02-18,16:00:00,16,LUNES,1,FEBRERO,2,NO,CONDUCIR VEHICULO SUPERANDO LOS LIMITES MAXIMOS DE VELOCIDAD.,CHOQUE FRONTAL,MOTOCICLETA,1,0,0,0,0,0,0,0,1,0,0,0,0,2,33,HOMBRE,LESIONADO,CONDUCTOR PRESENTE,NO,NO,3
17657,57691,57692,2019,0,0,-0.192788,-78.453288,PICHINCHA,QUITO,QUITO,RURAL,2019-02-18,17:00:00,17,LUNES,1,FEBRERO,2,NO,"PRESENCIA DE AGENTES EXTERNOS EN LA VIA (AGUA, ACEITE, PIEDRA, LASTRE, ESCOMBROS, MADEROS, ETC.).",ESTRELLAMIENTOS,CAMIONETA,0,0,0,0,1,0,0,0,0,0,0,0,0,1,30,HOMBRE,ILESO,CONDUCTOR PRESENTE,NO,NO,3
17658,57692,57693,2019,2,0,-0.178637,-78.486021,PICHINCHA,QUITO,QUITO,URBANA,2019-02-18,17:00:00,17,LUNES,1,FEBRERO,2,NO,"CONDICIONES AMBIENTALES Y/O ATMOSFERICAS (NIEBLA, NEBLINA, GRANIZO, LLUVIA).",ATROPELLOS,MOTOCICLETA,0,0,0,0,0,0,0,0,1,0,0,0,0,1,25,HOMBRE,LESIONADO,CONDUCTOR PRESENTE,NO,NO,0
17659,57704,57705,2019,0,0,-0.087893,-78.425652,PICHINCHA,QUITO,CALDERON (CARAPUNGO),RURAL,2019-02-18,22:15:00,22,LUNES,1,FEBRERO,2,NO,CONDUCIR VEHICULO SUPERANDO LOS LIMITES MAXIMOS DE VELOCIDAD.,CHOQUE LATERAL,MOTOCICLETA,1,0,0,0,0,0,0,0,1,0,0,0,0,2,32,HOMBRE,ILESO,CONDUCTOR PRESENTE,NO,NO,3
17660,57710,57711,2019,0,0,-0.239448,-78.511828,PICHINCHA,QUITO,QUITO,URBANA,2019-02-19,05:30:00,5,MARTES,2,FEBRERO,2,NO,NO GUARDAR LA DISTANCIA LATERAL MINIMA DE SEGURIDAD ENTRE VEHICULOS.,CHOQUE LATERAL,BUS,0,0,1,0,0,0,0,0,1,0,0,0,0,2,48,HOMBRE,ILESO,CONDUCTOR PRESENTE,NO,NO,0
17661,57712,57713,2019,0,0,-0.328479,-78.522294,PICHINCHA,QUITO,QUITO,URBANA,2019-02-19,06:10:00,6,MARTES,2,FEBRERO,2,NO,NO MANTENER LA DISTANCIA PRUDENCIAL CON RESPECTO AL VEHICULO QUE LE ANTECEDE.,CHOQUE POSTERIOR,AUTOMOVIL,1,0,1,0,0,0,0,0,0,0,0,0,0,2,39,HOMBRE,ILESO,CONDUCTOR PRESENTE,NO,NO,0
17662,57713,57714,2019,1,0,0.099445,-78.158463,PICHINCHA,CAYAMBE,SAN JOSE DE AYORA,RURAL,2019-02-19,06:20:00,6,MARTES,2,FEBRERO,2,NO,"CONDUCIR DESATENTO A LAS CONDICIONES DE TRANSITO (CELULAR, PANTALLAS DE VIDEO, COMIDA, MAQUILLAJE O CUALQUIER OTRO ELEMENTO DISTRACTOR).",PERDIDA DE PISTA,AUTOMOVIL,1,0,0,0,0,0,0,0,0,0,0,0,0,1,35,HOMBRE,LESIONADO,CONDUCTOR PRESENTE,NO,SI,3
17663,57714,57715,2019,0,0,-0.308501,-78.364248,PICHINCHA,QUITO,PINTAG,RURAL,2019-02-19,07:30:00,7,MARTES,2,FEBRERO,2,NO,"CONDUCIR DESATENTO A LAS CONDICIONES DE TRANSITO (CELULAR, PANTALLAS DE VIDEO, COMIDA, MAQUILLAJE O CUALQUIER OTRO ELEMENTO DISTRACTOR).",PERDIDA DE CARRIL,AUTOMOVIL,1,0,0,0,0,0,0,0,0,0,0,0,0,1,55,HOMBRE,ILESO,CONDUCTOR PRESENTE,NO,SI,3
17664,57719,57720,2019,0,0,-0.212824,-78.402686,PICHINCHA,QUITO,TUMBACO,RURAL,2019-02-19,09:00:00,9,MARTES,2,FEBRERO,2,NO,REALIZAR CAMBIO BRUSCO O INDEBIDO DE CARRIL.,CHOQUE POSTERIOR,AUTOMOVIL,2,0,0,0,0,0,0,0,0,0,0,0,0,2,44,HOMBRE,ILESO,CONDUCTOR PRESENTE,NO,NO,3
17665,57722,57723,2019,1,0,-0.075112,-78.462915,PICHINCHA,QUITO,QUITO,URBANA,2019-02-19,10:45:00,10,MARTES,2,FEBRERO,2,NO,NO CEDER EL DERECHO DE VIA O PREFERENCIA DE PASO AL PEATON.,ARROLLAMIENTOS,NO IDENTIFICADO,0,0,0,0,0,0,0,0,0,1,0,0,0,1,46,HOMBRE,LESIONADO,PEATON,NO,NO,0
17666,57723,57724,2019,0,0,-0.190933,-78.480366,PICHINCHA,QUITO,QUITO,URBANA,2019-02-19,11:50:00,11,MARTES,2,FEBRERO,2,NO,REALIZAR CAMBIO BRUSCO O INDEBIDO DE CARRIL.,PERDIDA DE CARRIL,CAMIONETA,0,0,0,0,1,0,0,0,0,0,0,0,0,1,32,HOMBRE,ILESO,CONDUCTOR PRESENTE,NO,NO,0
17667,57724,57725,2019,1,0,-0.155813,-78.488581,PICHINCHA,QUITO,QUITO,URBANA,2019-02-19,12:07:00,12,MARTES,2,FEBRERO,2,NO,DEJAR O RECOGER PASAJEROS EN LUGARES NO PERMITIDOS.,CAIDA DE PASAJERO,BUS,0,0,1,0,0,0,0,0,0,0,0,0,0,1,76,MUJER,LESIONADO,PASAJERO,NO,NO,0
17668,57739,57740,2019,1,0,-0.291457,-78.576681,PICHINCHA,QUITO,QUITO,URBANA,2019-02-19,15:45:00,15,MARTES,2,FEBRERO,2,NO,NO GUARDAR LA DISTANCIA LATERAL MINIMA DE SEGURIDAD ENTRE VEHICULOS.,ESTRELLAMIENTOS,AUTOMOVIL,1,0,0,0,1,0,0,0,1,0,0,0,0,3,23,HOMBRE,LESIONADO,CONDUCTOR PRESENTE,NO,NO,0
17669,57741,57742,2019,0,0,-0.302346,-78.464489,PICHINCHA,QUITO,CONOCOTO,RURAL,2019-02-19,18:15:00,18,MARTES,2,FEBRERO,2,NO,NO MANTENER LA DISTANCIA PRUDENCIAL CON RESPECTO AL VEHICULO QUE LE ANTECEDE.,COLISION,AUTOMOVIL,3,0,0,0,0,0,0,0,0,0,0,0,0,3,53,HOMBRE,ILESO,CONDUCTOR PRESENTE,NO,NO,3
17670,57746,57747,2019,0,0,-0.246296,-78.441088,PICHINCHA,QUITO,GUANGOPOLO,RURAL,2019-02-19,20:15:00,20,MARTES,2,FEBRERO,2,NO,"PRESENCIA DE AGENTES EXTERNOS EN LA VIA (AGUA, ACEITE, PIEDRA, LASTRE, ESCOMBROS, MADEROS, ETC.).",PERDIDA DE CARRIL,VEHICULO DEPORTIVO UTILITARIO,0,0,0,0,0,0,0,0,0,0,0,0,1,1,25,HOMBRE,ILESO,CONDUCTOR PRESENTE,NO,SI,3
17671,57747,57748,2019,4,0,-0.252032,-78.534151,PICHINCHA,QUITO,QUITO,URBANA,2019-02-19,20:40:00,20,MARTES,2,FEBRERO,2,NO,"CONDUCE BAJO LA INFLUENCIA DE ALCOHOL, SUSTANCIAS ESTUPEFACIENTES O PSICOTROPICAS Y/O MEDICAMENTOS.",CHOQUE LATERAL,AUTOMOVIL,3,0,0,0,0,0,0,0,0,0,0,0,0,3,11,MUJER,LESIONADO,PASAJERO,NO,NO,0
17672,57762,57763,2019,0,0,-0.210064,-78.505472,PICHINCHA,QUITO,QUITO,URBANA,2019-02-20,06:15:00,6,MIERCOLES,3,FEBRERO,2,NO,"NO RESPETAR LAS SENIALES REGLAMENTARIAS DE TRANSITO. (PARE, CEDA EL PASO, LUZ ROJA DEL SEMAFORO, ETC).",CHOQUE LATERAL,CAMIONETA,1,0,0,0,1,0,0,0,0,0,0,0,0,2,29,MUJER,ILESO,CONDUCTOR PRESENTE,NO,NO,0
17673,57765,57766,2019,1,0,-0.158476,-78.477321,PICHINCHA,QUITO,QUITO,URBANA,2019-02-20,06:55:00,6,MIERCOLES,3,FEBRERO,2,NO,"NO RESPETAR LAS SENIALES REGLAMENTARIAS DE TRANSITO. (PARE, CEDA EL PASO, LUZ ROJA DEL SEMAFORO, ETC).",CHOQUE LATERAL,AUTOMOVIL,1,0,0,0,0,0,0,0,1,0,0,0,0,2,29,HOMBRE,LESIONADO,CONDUCTOR PRESENTE,NO,NO,0
17674,57766,57767,2019,2,0,-0.144229,-78.469533,PICHINCHA,QUITO,QUITO,URBANA,2019-02-20,07:40:00,7,MIERCOLES,3,FEBRERO,2,NO,"FALLA MECANICA EN LOS SISTEMAS Y/O NEUMATICOS (SISTEMA DE FRENOS, DIRECCION, ELECTRONICO O MECANICO).",ESTRELLAMIENTOS,CAMION,0,0,1,1,0,0,0,0,0,0,0,0,0,2,48,HOMBRE,LESIONADO,PASAJERO,NO,NO,0
17675,57767,57768,2019,1,0,-0.191772,-78.497721,PICHINCHA,QUITO,QUITO,URBANA,2019-02-20,07:45:00,7,MIERCOLES,3,FEBRERO,2,NO,NO CEDER EL DERECHO DE VIA O PREFERENCIA DE PASO AL PEATON.,ARROLLAMIENTOS,NO IDENTIFICADO,0,0,0,0,0,0,0,0,0,1,0,0,0,1,54,MUJER,LESIONADO,PEATON,NO,NO,0
17676,57774,57775,2019,2,0,-0.093091,-78.479288,PICHINCHA,QUITO,QUITO,URBANA,2019-02-20,10:01:00,10,MIERCOLES,3,FEBRERO,2,NO,PEATON QUE CRUZA LA CALZADA SIN RESPETAR LA SENIALIZACION EXISTENTE (SEMAFOROS O SENIALES MANUALES).,ATROPELLOS,MOTOCICLETA,0,0,0,0,0,0,0,0,1,0,0,0,0,1,58,HOMBRE,LESIONADO,PEATON,NO,NO,0
17677,57776,57777,2019,1,0,-0.187785,-78.487661,PICHINCHA,QUITO,QUITO,URBANA,2019-02-20,10:25:00,10,MIERCOLES,3,FEBRERO,2,NO,PEATON QUE CRUZA LA CALZADA SIN RESPETAR LA SENIALIZACION EXISTENTE (SEMAFOROS O SENIALES MANUALES).,ATROPELLOS,AUTOMOVIL,1,0,0,0,0,0,0,0,0,0,0,0,0,1,81,HOMBRE,LESIONADO,PEATON,NO,NO,0
17678,57783,57784,2019,1,0,-0.241928,-78.543631,PICHINCHA,QUITO,QUITO,URBANA,2019-02-20,13:15:00,13,MIERCOLES,3,FEBRERO,2,NO,NO CEDER EL DERECHO DE VIA O PREFERENCIA DE PASO AL PEATON.,ATROPELLOS,NO IDENTIFICADO,0,0,0,0,0,0,0,0,0,1,0,0,0,1,6,MUJER,LESIONADO,PEATON,NO,NO,0
17679,57786,57787,2019,1,0,-0.142178,-78.500536,PICHINCHA,QUITO,QUITO,URBANA,2019-02-20,15:00:00,15,MIERCOLES,3,FEBRERO,2,NO,NO GUARDAR LA DISTANCIA LATERAL MINIMA DE SEGURIDAD ENTRE VEHICULOS.,CHOQUE LATERAL,MOTOCICLETA,1,0,0,0,0,0,0,0,1,0,0,0,0,2,24,HOMBRE,LESIONADO,CONDUCTOR PRESENTE,NO,NO,0
17680,57787,57788,2019,1,0,-0.162823,-78.478596,PICHINCHA,QUITO,QUITO,URBANA,2019-02-20,15:00:00,15,MIERCOLES,3,FEBRERO,2,NO,DEJAR O RECOGER PASAJEROS EN LUGARES NO PERMITIDOS.,CAIDA DE PASAJERO,BUS,0,0,1,0,0,0,0,0,0,0,0,0,0,1,55,HOMBRE,LESIONADO,PASAJERO,NO,NO,0
17681,57788,57789,2019,0,0,-0.247893,-78.507836,PICHINCHA,QUITO,QUITO,URBANA,2019-02-20,15:30:00,15,MIERCOLES,3,FEBRERO,2,NO,NO MANTENER LA DISTANCIA PRUDENCIAL CON RESPECTO AL VEHICULO QUE LE ANTECEDE.,CHOQUE POSTERIOR,AUTOMOVIL,1,0,0,0,1,0,0,0,0,0,0,0,0,2,72,HOMBRE,ILESO,CONDUCTOR PRESENTE,NO,NO,0
17682,57799,57800,2019,0,0,-0.114384,-78.494586,PICHINCHA,QUITO,QUITO,URBANA,2019-02-20,18:45:00,18,MIERCOLES,3,FEBRERO,2,NO,"CONDUCE BAJO LA INFLUENCIA DE ALCOHOL, SUSTANCIAS ESTUPEFACIENTES O PSICOTROPICAS Y/O MEDICAMENTOS.",CHOQUE POSTERIOR,AUTOMOVIL,2,0,0,0,0,0,0,0,0,0,0,0,0,2,41,HOMBRE,ILESO,CONDUCTOR PRESENTE,NO,NO,0