,Unnamed: 0,ID,ANIO,LESIONADOS,FALLECIDOS,LATITUD_Y,LONGITUD_X,PROVINCIA,CANTON,PARROQUIA,ZONA,FECHA,HORA,PERIODO_2,DIA_1,DIA_2,MES_1,MES_2,FERIADO,CAUSA_PROBABLE,TIPO_DE_SINIESTRO,TIPO_DE_VEHICULO_1,AUTOMOVIL,BICICLETA,BUS,CAMION,CAMIONETA,EMERGENCIAS,ESPECIAL,FURGONETA,MOTOCICLETA,NO_IDENTIFICADO,SCOOTER_ELECTRICO,TRICIMOTO,VEHICULO_DEPORTIVO_UTILITARIO,SUMA_DE_VEHICULOS,EDAD_1,SEXO_1,CONDICION_1,PARTICIPANTE_1,CASCO_1,CINTURON_1,KMeans_Cluster
17797,58337,58338,2019,1,0,-0.111743,-78.478795,PICHINCHA,QUITO,QUITO,URBANA,2019-03-01,07:30:00,7,VIERNES,5,MARZO,3,SI,NO CEDER EL DERECHO DE VIA O PREFERENCIA DE PASO AL PEATON.,ATROPELLOS,AUTOMOVIL,1,0,0,0,0,0,0,0,0,0,0,0,0,1,30,MUJER,LESIONADO,PEATON,NO,NO,0
17798,58342,58343,2019,1,0,-0.108255,-78.461339,PICHINCHA,QUITO,CALDERON (CARAPUNGO),URBANA,2019-03-01,08:30:00,8,VIERNES,5,MARZO,3,SI,"ADELANTAR O REBASAR A OTRO VEHICULO EN MOVIMIENTO EN ZONAS O SITIOS PELIGROSOS TALES COMO: CURVAS, PUENTES, TUNELES, PENDIENTES, ETC.",CHOQUE LATERAL,MOTOCICLETA,1,0,0,0,0,0,0,0,1,0,0,0,0,2,34,HOMBRE,LESIONADO,CONDUCTOR PRESENTE,NO,NO,0
17799,58356,58357,2019,0,0,-0.242029,-78.520966,PICHINCHA,QUITO,QUITO,URBANA,2019-03-01,15:10:00,15,VIERNES,5,MARZO,3,SI,NO MANTENER LA DISTANCIA PRUDENCIAL CON RESPECTO AL VEHICULO QUE LE ANTECEDE.,COLISION,CAMION,2,0,0,1,0,0,0,0,0,0,0,0,0,3,62,HOMBRE,ILESO,CONDUCTOR PRESENTE,NO,NO,0
17800,58364,58365,2019,1,0,-0.283174,-78.543956,PICHINCHA,QUITO,QUITO,URBANA,2019-03-01,17:15:00,17,VIERNES,5,MARZO,3,SI,REALIZAR CAMBIO BRUSCO O INDEBIDO DE CARRIL.,CAIDA DE PASAJERO,BUS,0,0,1,0,0,0,0,0,0,0,0,0,0,1,3,HOMBRE,LESIONADO,PASAJERO,NO,NO,0
17801,58372,58373,2019,0,0,-0.319622,-78.552512,PICHINCHA,QUITO,QUITO,URBANA,2019-03-01,18:20:00,18,VIERNES,5,MARZO,3,SI,"NO RESPETAR LAS SENIALES REGLAMENTARIAS DE TRANSITO. (PARE, CEDA EL PASO, LUZ ROJA DEL SEMAFORO, ETC).",CHOQUE LATERAL,AUTOMOVIL,1,0,0,0,0,0,0,0,0,1,0,0,0,2,38,HOMBRE,ILESO,CONDUCTOR PRESENTE,NO,NO,0
17802,58374,58375,2019,2,0,-0.100622,-78.472207,PICHINCHA,QUITO,QUITO,URBANA,2019-03-01,18:55:00,18,VIERNES,5,MARZO,3,SI,NO CEDER EL DERECHO DE VIA O PREFERENCIA DE PASO A VEHICULOS.,CHOQUE LATERAL,AUTOMOVIL,1,0,0,0,0,0,0,0,1,0,0,0,0,2,39,MUJER,LESIONADO,PASAJERO,NO,NO,0
17803,58375,58376,2019,0,0,-0.247611,-78.507246,PICHINCHA,QUITO,QUITO,URBANA,2019-03-01,19:00:00,19,VIERNES,5,MARZO,3,SI,"CONDUCE BAJO LA INFLUENCIA DE ALCOHOL, SUSTANCIAS ESTUPEFACIENTES O PSICOTROPICAS Y/O MEDICAMENTOS.",OTROS,AUTOMOVIL,2,0,0,0,0,0,0,0,0,0,0,0,0,2,66,HOMBRE,ILESO,CONDUCTOR PRESENTE,NO,NO,0
17804,58384,58385,2019,0,0,-0.098535,-78.497824,PICHINCHA,QUITO,QUITO,URBANA,2019-03-01,20:30:00,20,VIERNES,5,MARZO,3,SI,CONDUCIR EN SENTIDO CONTRARIO A LA VIA NORMAL DE CIRCULACION.,CHOQUE FRONTAL,CAMION,1,0,0,1,0,0,0,0,0,0,0,0,0,2,65,MUJER,ILESO,PASAJERO,NO,NO,0
17805,58385,58386,2019,0,0,-0.111332,-78.500851,PICHINCHA,QUITO,QUITO,URBANA,2019-03-01,21:10:00,21,VIERNES,5,MARZO,3,SI,"CASO FORTUITO O FUERZA MAYOR (EXPLOSION DE NEUMATICO NUEVO, DERRUMBE, INUNDACION, CAIDA DE PUENTE, ARBOL, PRESENCIA INTEMPESTIVA E IMPREVISTA DE SEMOVIENTES EN LA VIA, ETC.).",ESTRELLAMIENTOS,AUTOMOVIL,1,0,0,0,0,0,0,0,0,0,0,0,0,1,44,HOMBRE,ILESO,CONDUCTOR PRESENTE,NO,NO,0
17806,58391,58392,2019,0,0,-0.177357,-78.490999,PICHINCHA,QUITO,QUITO,URBANA,2019-03-01,23:10:00,23,VIERNES,5,MARZO,3,SI,NO CEDER EL DERECHO DE VIA O PREFERENCIA DE PASO A VEHICULOS.,CHOQUE LATERAL,AUTOMOVIL,2,0,0,0,0,0,0,0,0,0,0,0,0,2,76,MUJER,ILESO,PASAJERO,NO,NO,0
17807,58400,58401,2019,0,0,-0.243734,-78.537662,PICHINCHA,QUITO,QUITO,URBANA,2019-03-02,01:30:00,1,SABADO,6,MARZO,3,SI,"CASO FORTUITO O FUERZA MAYOR (EXPLOSION DE NEUMATICO NUEVO, DERRUMBE, INUNDACION, CAIDA DE PUENTE, ARBOL, PRESENCIA INTEMPESTIVA E IMPREVISTA DE SEMOVIENTES EN LA VIA, ETC.).",ESTRELLAMIENTOS,AUTOMOVIL,1,0,0,0,0,0,0,0,0,0,0,0,0,1,-1,NO IDENTIFICADO,NO IDENTIFICADO,CONDUCTOR AUSENTE,NO,NO,2
17808,58404,58405,2019,0,0,-0.256772,-78.542845,PICHINCHA,QUITO,QUITO,URBANA,2019-03-02,02:00:00,2,SABADO,6,MARZO,3,SI,"CONDUCE BAJO LA INFLUENCIA DE ALCOHOL, SUSTANCIAS ESTUPEFACIENTES O PSICOTROPICAS Y/O MEDICAMENTOS.",CHOQUE LATERAL,AUTOMOVIL,2,0,0,0,0,0,0,0,0,0,0,0,0,2,34,HOMBRE,ILESO,CONDUCTOR PRESENTE,NO,NO,0
17809,58407,58408,2019,0,0,-0.161208,-78.495838,PICHINCHA,QUITO,QUITO,URBANA,2019-03-02,02:30:00,2,SABADO,6,MARZO,3,SI,CONDUCIR VEHICULO SUPERANDO LOS LIMITES MAXIMOS DE VELOCIDAD.,VOLCAMIENTOS,AUTOMOVIL,1,0,0,0,0,0,0,0,0,0,0,0,0,1,-1,NO IDENTIFICADO,NO IDENTIFICADO,CONDUCTOR AUSENTE,NO,NO,2
17810,58409,58410,2019,0,0,-0.005396,-78.453367,PICHINCHA,QUITO,SAN ANTONIO (QUITO),RURAL,2019-03-02,02:33:00,2,SABADO,6,MARZO,3,SI,NO GUARDAR LA DISTANCIA LATERAL MINIMA DE SEGURIDAD ENTRE VEHICULOS.,CHOQUE LATERAL,FURGONETA,0,0,0,0,0,0,0,1,0,1,0,0,0,2,55,HOMBRE,ILESO,CONDUCTOR PRESENTE,NO,NO,3
17811,58411,58412,2019,0,0,-0.239082,-78.523432,PICHINCHA,QUITO,QUITO,URBANA,2019-03-02,02:40:00,2,SABADO,6,MARZO,3,SI,"CASO FORTUITO O FUERZA MAYOR (EXPLOSION DE NEUMATICO NUEVO, DERRUMBE, INUNDACION, CAIDA DE PUENTE, ARBOL, PRESENCIA INTEMPESTIVA E IMPREVISTA DE SEMOVIENTES EN LA VIA, ETC.).",ESTRELLAMIENTOS,AUTOMOVIL,1,0,0,0,0,0,0,0,0,0,0,0,0,1,-1,NO IDENTIFICADO,NO IDENTIFICADO,CONDUCTOR AUSENTE,NO,NO,2
17812,58412,58413,2019,0,0,-0.220352,-78.508635,PICHINCHA,QUITO,QUITO,URBANA,2019-03-02,02:48:00,2,SABADO,6,MARZO,3,SI,"NO RESPETAR LAS SENIALES REGLAMENTARIAS DE TRANSITO. (PARE, CEDA EL PASO, LUZ ROJA DEL SEMAFORO, ETC).",CHOQUE LATERAL,AUTOMOVIL,1,0,0,0,0,0,0,0,0,1,0,0,0,2,27,HOMBRE,ILESO,CONDUCTOR PRESENTE,NO,NO,0
17813,58413,58414,2019,0,0,-0.156998,-78.485084,PICHINCHA,QUITO,QUITO,URBANA,2019-03-02,02:50:00,2,SABADO,6,MARZO,3,SI,"CONDUCIR EN ESTADO DE SOMNOLENCIA O MALAS CONDICIONES FISICAS (SUENIO, CANSANCIO Y FATIGA).",VOLCAMIENTOS,MOTOCICLETA,0,0,0,0,0,0,0,0,1,0,0,0,0,1,-1,NO IDENTIFICADO,NO IDENTIFICADO,CONDUCTOR AUSENTE,NO,NO,2
17814,58414,58415,2019,0,0,-0.242475,-78.497488,PICHINCHA,QUITO,QUITO,URBANA,2019-03-02,03:00:00,3,SABADO,6,MARZO,3,SI,"CASO FORTUITO O FUERZA MAYOR (EXPLOSION DE NEUMATICO NUEVO, DERRUMBE, INUNDACION, CAIDA DE PUENTE, ARBOL, PRESENCIA INTEMPESTIVA E IMPREVISTA DE SEMOVIENTES EN LA VIA, ETC.).",VOLCAMIENTOS,CAMIONETA,0,0,0,0,1,0,0,0,0,0,0,0,0,1,49,HOMBRE,ILESO,CONDUCTOR PRESENTE,NO,NO,0
17815,58416,58417,2019,0,0,-0.249285,-78.517389,PICHINCHA,QUITO,QUITO,URBANA,2019-03-02,03:30:00,3,SABADO,6,MARZO,3,SI,NO CEDER EL DERECHO DE VIA O PREFERENCIA DE PASO A VEHICULOS.,CHOQUE LATERAL,CAMIONETA,0,0,0,0,2,0,0,0,0,0,0,0,0,2,36,HOMBRE,ILESO,CONDUCTOR PRESENTE,NO,NO,0
17816,58420,58421,2019,0,0,-0.271748,-78.517853,PICHINCHA,QUITO,QUITO,URBANA,2019-03-02,04:00:00,4,SABADO,6,MARZO,3,SI,"CASO FORTUITO O FUERZA MAYOR (EXPLOSION DE NEUMATICO NUEVO, DERRUMBE, INUNDACION, CAIDA DE PUENTE, ARBOL, PRESENCIA INTEMPESTIVA E IMPREVISTA DE SEMOVIENTES EN LA VIA, ETC.).",ESTRELLAMIENTOS,CAMIONETA,0,0,0,0,1,0,0,0,0,0,0,0,0,1,-1,NO IDENTIFICADO,NO IDENTIFICADO,CONDUCTOR AUSENTE,NO,NO,2
17817,58421,58422,2019,0,0,-0.184991,-78.509955,PICHINCHA,QUITO,QUITO,URBANA,2019-03-02,04:05:00,4,SABADO,6,MARZO,3,SI,"CONDUCIR EN ESTADO DE SOMNOLENCIA O MALAS CONDICIONES FISICAS (SUENIO, CANSANCIO Y FATIGA).",ESTRELLAMIENTOS,AUTOMOVIL,1,0,0,0,0,0,0,0,0,0,0,0,0,1,-1,NO IDENTIFICADO,NO IDENTIFICADO,CONDUCTOR AUSENTE,NO,NO,2
17818,58426,58427,2019,0,0,-0.140188,-78.473988,PICHINCHA,QUITO,QUITO,URBANA,2019-03-02,06:00:00,6,SABADO,6,MARZO,3,SI,"CONDUCE BAJO LA INFLUENCIA DE ALCOHOL, SUSTANCIAS ESTUPEFACIENTES O PSICOTROPICAS Y/O MEDICAMENTOS.",CHOQUE POSTERIOR,AUTOMOVIL,2,0,0,0,0,0,0,0,0,0,0,0,0,2,37,HOMBRE,ILESO,CONDUCTOR PRESENTE,NO,NO,0
17819,58429,58430,2019,0,0,-0.051001,-78.346438,PICHINCHA,QUITO,GUAYLLABAMBA,RURAL,2019-03-02,06:15:00,6,SABADO,6,MARZO,3,SI,"CONDICIONES AMBIENTALES Y/O ATMOSFERICAS (NIEBLA, NEBLINA, GRANIZO, LLUVIA).",PERDIDA DE CARRIL,CAMION,0,0,0,1,0,0,0,0,0,0,0,0,0,1,1,HOMBRE,ILESO,PASAJERO,NO,SI,3
17820,58443,58444,2019,0,1,-0.127442,-78.511843,PICHINCHA,QUITO,QUITO,URBANA,2019-03-02,11:20:00,11,SABADO,6,MARZO,3,SI,NO CEDER EL DERECHO DE VIA O PREFERENCIA DE PASO AL PEATON.,ATROPELLOS,CAMION,0,0,0,1,0,0,0,0,0,0,0,0,0,1,59,MUJER,FALLECIDO,PEATON,NO,NO,0
17821,58453,58454,2019,0,0,-0.235811,-78.333392,PICHINCHA,QUITO,PIFO,RURAL,2019-03-02,14:45:00,14,SABADO,6,MARZO,3,SI,PESO Y VOLUMEN - NO CUMPLIR CON LAS NORMAS DE SEGURIDAD NECESARIAS AL TRANSPORTAR CARGAS.,ROZAMIENTOS,CAMION,1,0,0,1,0,0,0,0,0,0,0,0,0,2,46,HOMBRE,ILESO,CONDUCTOR PRESENTE,NO,SI,3
17822,58462,58463,2019,2,0,-0.261551,-78.517251,PICHINCHA,QUITO,QUITO,URBANA,2019-03-02,16:30:00,16,SABADO,6,MARZO,3,SI,NO CEDER EL DERECHO DE VIA O PREFERENCIA DE PASO AL PEATON.,ATROPELLOS,NO IDENTIFICADO,0,0,0,0,0,0,0,0,0,1,0,0,0,1,13,HOMBRE,LESIONADO,PEATON,NO,NO,0
17823,58463,58464,2019,0,0,-0.007423,-78.447961,PICHINCHA,QUITO,SAN ANTONIO (QUITO),RURAL,2019-03-02,16:35:00,16,SABADO,6,MARZO,3,SI,"CONDUCE BAJO LA INFLUENCIA DE ALCOHOL, SUSTANCIAS ESTUPEFACIENTES O PSICOTROPICAS Y/O MEDICAMENTOS.",CHOQUE LATERAL,AUTOMOVIL,1,0,0,0,0,0,0,0,1,0,0,0,0,2,22,HOMBRE,ILESO,CONDUCTOR PRESENTE,NO,NO,3
17824,58479,58480,2019,0,0,-0.197826,-78.466466,PICHINCHA,QUITO,QUITO,RURAL,2019-03-02,19:45:00,19,SABADO,6,MARZO,3,SI,CONDUCIR EN SENTIDO CONTRARIO A LA VIA NORMAL DE CIRCULACION.,CHOQUE FRONTAL,AUTOMOVIL,2,0,0,0,0,0,0,0,0,0,0,0,0,2,22,HOMBRE,ILESO,CONDUCTOR PRESENTE,NO,NO,3
17825,58482,58483,2019,1,0,-0.060625,-78.456451,PICHINCHA,QUITO,POMASQUI,RURAL,2019-03-02,20:00:00,20,SABADO,6,MARZO,3,SI,"CONDUCIR DESATENTO A LAS CONDICIONES DE TRANSITO (CELULAR, PANTALLAS DE VIDEO, COMIDA, MAQUILLAJE O CUALQUIER OTRO ELEMENTO DISTRACTOR).",CHOQUE POSTERIOR,VEHICULO DEPORTIVO UTILITARIO,0,0,0,0,1,0,0,0,0,0,0,0,1,2,44,MUJER,LESIONADO,PASAJERO,NO,SI,3
17826,58502,58503,2019,0,0,-0.213277,-78.482536,PICHINCHA,QUITO,QUITO,URBANA,2019-03-02,22:10:00,22,SABADO,6,MARZO,3,SI,"CONDUCE BAJO LA INFLUENCIA DE ALCOHOL, SUSTANCIAS ESTUPEFACIENTES O PSICOTROPICAS Y/O MEDICAMENTOS.",ROZAMIENTOS,AUTOMOVIL,2,0,0,0,1,0,0,0,0,0,0,0,0,3,41,HOMBRE,ILESO,CONDUCTOR PRESENTE,NO,NO,0
17827,58523,58524,2019,4,0,-0.344929,-78.548639,PICHINCHA,QUITO,QUITO,URBANA,2019-03-03,02:35:00,2,DOMINGO,7,MARZO,3,SI,CONDUCIR VEHICULO SUPERANDO LOS LIMITES MAXIMOS DE VELOCIDAD.,ESTRELLAMIENTOS,AUTOMOVIL,1,0,0,0,0,0,0,0,0,1,0,0,0,2,16,HOMBRE,LESIONADO,PASAJERO,NO,NO,0
17828,58524,58525,2019,0,0,-0.210318,-78.494183,PICHINCHA,QUITO,QUITO,URBANA,2019-03-03,03:00:00,3,DOMINGO,7,MARZO,3,SI,"CONDUCIR EN ESTADO DE SOMNOLENCIA O MALAS CONDICIONES FISICAS (SUENIO, CANSANCIO Y FATIGA).",ESTRELLAMIENTOS,AUTOMOVIL,1,0,0,0,0,0,0,0,0,0,0,0,0,1,19,MUJER,ILESO,CONDUCTOR PRESENTE,NO,NO,2
17829,58525,58526,2019,0,0,-0.228124,-78.486068,PICHINCHA,QUITO,QUITO,URBANA,2019-03-03,03:15:00,3,DOMINGO,7,MARZO,3,SI,CONDUCIR VEHICULO SUPERANDO LOS LIMITES MAXIMOS DE VELOCIDAD.,VOLCAMIENTOS,CAMIONETA,0,0,0,0,1,0,0,0,0,0,0,0,0,1,33,HOMBRE,ILESO,CONDUCTOR PRESENTE,NO,NO,0
17830,58526,58527,2019,0,0,-0.143773,-78.500065,PICHINCHA,QUITO,QUITO,URBANA,2019-03-03,03:15:00,3,DOMINGO,7,MARZO,3,SI,"CONDUCE BAJO LA INFLUENCIA DE ALCOHOL, SUSTANCIAS ESTUPEFACIENTES O PSICOTROPICAS Y/O MEDICAMENTOS.",CHOQUE POSTERIOR,AUTOMOVIL,2,0,0,0,0,0,0,0,0,0,0,0,0,2,27,HOMBRE,ILESO,CONDUCTOR PRESENTE,NO,NO,0
17831,58530,58531,2019,2,0,-0.294439,-78.562905,PICHINCHA,QUITO,QUITO,URBANA,2019-03-03,04:00:00,4,DOMINGO,7,MARZO,3,SI,"CONDUCE BAJO LA INFLUENCIA DE ALCOHOL, SUSTANCIAS ESTUPEFACIENTES O PSICOTROPICAS Y/O MEDICAMENTOS.",CHOQUE FRONTAL,AUTOMOVIL,1,0,0,0,1,0,0,0,0,0,0,0,0,2,53,HOMBRE,LESIONADO,CONDUCTOR PRESENTE,NO,NO,0
17832,58537,58538,2019,0,0,-0.299015,-78.531528,PICHINCHA,QUITO,QUITO,URBANA,2019-03-03,05:00:00,5,DOMINGO,7,MARZO,3,SI,CONDUCIR VEHICULO SUPERANDO LOS LIMITES MAXIMOS DE VELOCIDAD.,ESTRELLAMIENTOS,CAMIONETA,0,0,0,0,1,0,0,0,0,0,0,0,0,1,-1,NO IDENTIFICADO,NO IDENTIFICADO,CONDUCTOR AUSENTE,NO,NO,2
17833,58545,58546,2019,1,1,-0.244131,-78.533307,PICHINCHA,QUITO,QUITO,URBANA,2019-03-03,06:20:00,6,DOMINGO,7,MARZO,3,SI,PEATON QUE CRUZA LA CALZADA SIN RESPETAR LA SENIALIZACION EXISTENTE (SEMAFOROS O SENIALES MANUALES).,ATROPELLOS,MOTOCICLETA,0,0,0,0,0,0,0,0,1,0,0,0,0,1,76,HOMBRE,FALLECIDO,PEATON,NO,NO,0
17834,58560,58561,2019,0,0,-0.291502,-78.519666,PICHINCHA,QUITO,QUITO,URBANA,2019-03-03,10:05:00,10,DOMINGO,7,MARZO,3,SI,CONDUCIR VEHICULO SUPERANDO LOS LIMITES MAXIMOS DE VELOCIDAD.,ESTRELLAMIENTOS,AUTOMOVIL,1,0,0,0,0,0,0,0,0,0,0,0,0,1,22,HOMBRE,ILESO,CONDUCTOR PRESENTE,NO,NO,0
17835,58570,58571,2019,1,0,-0.074811,-78.289972,PICHINCHA,CAYAMBE,ASCAZUBI,RURAL,2019-03-03,13:00:00,13,DOMINGO,7,MARZO,3,SI,"CONDUCIR DESATENTO A LAS CONDICIONES DE TRANSITO (CELULAR, PANTALLAS DE VIDEO, COMIDA, MAQUILLAJE O CUALQUIER OTRO ELEMENTO DISTRACTOR).",ATROPELLOS,AUTOMOVIL,1,0,0,0,0,0,0,0,0,0,0,0,0,1,1,HOMBRE,LESIONADO,PEATON,NO,SI,3
17836,58572,58573,2019,0,0,-0.256615,-78.542692,PICHINCHA,QUITO,QUITO,URBANA,2019-03-03,13:45:00,13,DOMINGO,7,MARZO,3,SI,"CONDUCE BAJO LA INFLUENCIA DE ALCOHOL, SUSTANCIAS ESTUPEFACIENTES O PSICOTROPICAS Y/O MEDICAMENTOS.",COLISION,AUTOMOVIL,3,0,0,0,0,0,0,0,0,0,0,0,0,3,43,HOMBRE,ILESO,CONDUCTOR PRESENTE,NO,NO,0
17837,58581,58582,2019,0,0,-0.242475,-78.497488,PICHINCHA,QUITO,QUITO,URBANA,2019-03-03,15:40:00,15,DOMINGO,7,MARZO,3,SI,CONDUCIR VEHICULO SUPERANDO LOS LIMITES MAXIMOS DE VELOCIDAD.,ESTRELLAMIENTOS,AUTOMOVIL,1,0,0,0,1,0,0,0,0,0,0,0,0,2,10,HOMBRE,ILESO,PASAJERO,NO,NO,0
17838,58583,58584,2019,0,0,-0.281321,-78.494625,PICHINCHA,QUITO,CONOCOTO,RURAL,2019-03-03,16:13:00,16,DOMINGO,7,MARZO,3,SI,"CONDUCIR DESATENTO A LAS CONDICIONES DE TRANSITO (CELULAR, PANTALLAS DE VIDEO, COMIDA, MAQUILLAJE O CUALQUIER OTRO ELEMENTO DISTRACTOR).",CHOQUE LATERAL,AUTOMOVIL,1,0,0,0,0,0,0,0,0,1,0,0,0,2,46,HOMBRE,ILESO,CONDUCTOR PRESENTE,NO,NO,3
17839,58586,58587,2019,1,0,-0.089982,-78.390769,PICHINCHA,QUITO,CALDERON (CARAPUNGO),RURAL,2019-03-03,17:00:00,17,DOMINGO,7,MARZO,3,SI,"CONDICIONES AMBIENTALES Y/O ATMOSFERICAS (NIEBLA, NEBLINA, GRANIZO, LLUVIA).",CHOQUE LATERAL,CAMION,1,0,0,1,0,0,0,0,0,0,0,0,0,2,33,HOMBRE,LESIONADO,PASAJERO,NO,SI,3
17840,58591,58592,2019,0,1,-0.180577,-78.486482,PICHINCHA,QUITO,QUITO,URBANA,2019-03-03,17:40:00,17,DOMINGO,7,MARZO,3,SI,NO CEDER EL DERECHO DE VIA O PREFERENCIA DE PASO AL PEATON.,ATROPELLOS,NO IDENTIFICADO,0,0,0,0,0,0,0,0,0,1,0,0,0,1,25,HOMBRE,FALLECIDO,PEATON,NO,NO,0
17841,58594,58595,2019,0,0,-0.116638,-78.487127,PICHINCHA,QUITO,QUITO,URBANA,2019-03-03,18:45:00,18,DOMINGO,7,MARZO,3,SI,"CONDUCE BAJO LA INFLUENCIA DE ALCOHOL, SUSTANCIAS ESTUPEFACIENTES O PSICOTROPICAS Y/O MEDICAMENTOS.",CHOQUE LATERAL,AUTOMOVIL,1,0,0,0,0,0,0,1,0,0,0,0,0,2,1,MUJER,ILESO,PASAJERO,NO,NO,0
17842,58607,58608,2019,0,0,-0.309019,-78.564746,PICHINCHA,QUITO,QUITO,URBANA,2019-03-03,20:45:00,20,DOMINGO,7,MARZO,3,SI,CONDUCIR VEHICULO SUPERANDO LOS LIMITES MAXIMOS DE VELOCIDAD.,ESTRELLAMIENTOS,CAMIONETA,0,0,0,0,1,0,0,0,0,1,0,0,0,2,38,HOMBRE,ILESO,CONDUCTOR PRESENTE,NO,NO,0
17843,58614,58615,2019,0,0,-0.251322,-78.513948,PICHINCHA,QUITO,QUITO,URBANA,2019-03-03,21:55:00,21,DOMINGO,7,MARZO,3,SI,CONDUCIR VEHICULO SUPERANDO LOS LIMITES MAXIMOS DE VELOCIDAD.,ESTRELLAMIENTOS,AUTOMOVIL,1,0,0,0,0,0,0,0,0,0,0,0,0,1,-1,NO IDENTIFICADO,NO IDENTIFICADO,CONDUCTOR AUSENTE,NO,NO,2
17844,58625,58626,2019,0,0,-0.233331,-78.490789,PICHINCHA,QUITO,QUITO,URBANA,2019-03-04,01:10:00,1,LUNES,1,MARZO,3,SI,"CONDUCIR DESATENTO A LAS CONDICIONES DE TRANSITO (CELULAR, PANTALLAS DE VIDEO, COMIDA, MAQUILLAJE O CUALQUIER OTRO ELEMENTO DISTRACTOR).",ESTRELLAMIENTOS,AUTOMOVIL,1,0,0,0,0,0,0,0,0,0,0,0,0,1,-1,NO IDENTIFICADO,NO IDENTIFICADO,CONDUCTOR AUSENTE,NO,NO,2
17845,58639,58640,2019,0,0,-0.304013,-78.547951,PICHINCHA,QUITO,QUITO,URBANA,2019-03-04,09:00:00,9,LUNES,1,MARZO,3,SI,NO CEDER EL DERECHO DE VIA O PREFERENCIA DE PASO A VEHICULOS.,CHOQUE LATERAL,AUTOMOVIL,1,0,0,0,0,0,0,1,0,0,0,0,0,2,49,HOMBRE,ILESO,CONDUCTOR PRESENTE,NO,NO,0
17846,58640,58641,2019,1,0,-0.093565,-78.479751,PICHINCHA,QUITO,QUITO,URBANA,2019-03-04,09:05:00,9,LUNES,1,MARZO,3,SI,NO MANTENER LA DISTANCIA PRUDENCIAL CON RESPECTO AL VEHICULO QUE LE ANTECEDE.,CHOQUE POSTERIOR,AUTOMOVIL,1,0,0,0,0,0,0,0,1,0,0,0,0,2,42,HOMBRE,LESIONADO,CONDUCTOR PRESENTE,NO,NO,0
17847,58647,58648,2019,0,0,-0.136128,-78.470154,PICHINCHA,QUITO,QUITO,URBANA,2019-03-04,11:55:00,11,LUNES,1,MARZO,3,SI,CONDUCIR VEHICULO SUPERANDO LOS LIMITES MAXIMOS DE VELOCIDAD.,ESTRELLAMIENTOS,AUTOMOVIL,1,0,0,0,0,0,0,0,0,0,0,0,0,1,31,MUJER,ILESO,CONDUCTOR PRESENTE,NO,NO,0
17848,58649,58650,2019,0,0,-0.155511,-78.489347,PICHINCHA,QUITO,QUITO,URBANA,2019-03-04,12:30:00,12,LUNES,1,MARZO,3,SI,"NO RESPETAR LAS SENIALES REGLAMENTARIAS DE TRANSITO. (PARE, CEDA EL PASO, LUZ ROJA DEL SEMAFORO, ETC).",ESTRELLAMIENTOS,NO IDENTIFICADO,0,0,0,0,0,0,0,0,0,1,0,0,0,1,-1,NO IDENTIFICADO,NO IDENTIFICADO,CONDUCTOR AUSENTE,NO,NO,2
17849,58650,58651,2019,0,0,-0.093909,-78.475511,PICHINCHA,QUITO,QUITO,URBANA,2019-03-04,12:59:00,12,LUNES,1,MARZO,3,SI,"FALLA MECANICA EN LOS SISTEMAS Y/O NEUMATICOS (SISTEMA DE FRENOS, DIRECCION, ELECTRONICO O MECANICO).",ESTRELLAMIENTOS,AUTOMOVIL,1,0,0,0,0,0,0,0,0,0,0,0,0,1,24,HOMBRE,ILESO,CONDUCTOR PRESENTE,NO,NO,0
17850,58654,58655,2019,0,0,-0.262907,-78.516381,PICHINCHA,QUITO,QUITO,URBANA,2019-03-04,14:38:00,14,LUNES,1,MARZO,3,SI,NO TRANSITAR POR LAS ACERAS O ZONAS DE SEGURIDAD DESTINADAS PARA EL EFECTO.,ATROPELLOS,AUTOMOVIL,1,0,0,0,0,0,0,0,0,0,0,0,0,1,7,HOMBRE,ILESO,PEATON,NO,NO,0
17851,58695,58696,2019,0,0,-0.243253,-78.427776,PICHINCHA,QUITO,TUMBACO,URBANA,2019-03-04,22:35:00,22,LUNES,1,MARZO,3,SI,CONDUCIR VEHICULO SUPERANDO LOS LIMITES MAXIMOS DE VELOCIDAD.,ESTRELLAMIENTOS,AUTOMOVIL,1,0,0,0,0,0,0,0,0,0,0,0,0,1,-1,NO IDENTIFICADO,NO IDENTIFICADO,CONDUCTOR AUSENTE,NO,NO,2
17852,58702,58703,2019,1,0,-0.139879,-78.511627,PICHINCHA,QUITO,QUITO,URBANA,2019-03-05,00:07:00,0,MARTES,2,MARZO,3,SI,"CONDUCE BAJO LA INFLUENCIA DE ALCOHOL, SUSTANCIAS ESTUPEFACIENTES O PSICOTROPICAS Y/O MEDICAMENTOS.",CHOQUE POSTERIOR,AUTOMOVIL,1,0,0,0,0,0,0,0,1,0,0,0,0,2,24,HOMBRE,LESIONADO,CONDUCTOR PRESENTE,NO,NO,0
17853,58704,58705,2019,0,0,-0.163502,-78.475148,PICHINCHA,QUITO,QUITO,URBANA,2019-03-05,00:45:00,0,MARTES,2,MARZO,3,SI,"CONDUCE BAJO LA INFLUENCIA DE ALCOHOL, SUSTANCIAS ESTUPEFACIENTES O PSICOTROPICAS Y/O MEDICAMENTOS.",CHOQUE POSTERIOR,AUTOMOVIL,2,0,0,0,0,0,0,0,0,0,0,0,0,2,26,HOMBRE,ILESO,CONDUCTOR PRESENTE,NO,NO,0