,Unnamed: 0,ID,ANIO,LESIONADOS,FALLECIDOS,LATITUD_Y,LONGITUD_X,PROVINCIA,CANTON,PARROQUIA,ZONA,FECHA,HORA,PERIODO_2,DIA_1,DIA_2,MES_1,MES_2,FERIADO,CAUSA_PROBABLE,TIPO_DE_SINIESTRO,TIPO_DE_VEHICULO_1,AUTOMOVIL,BICICLETA,BUS,CAMION,CAMIONETA,EMERGENCIAS,ESPECIAL,FURGONETA,MOTOCICLETA,NO_IDENTIFICADO,SCOOTER_ELECTRICO,TRICIMOTO,VEHICULO_DEPORTIVO_UTILITARIO,SUMA_DE_VEHICULOS,EDAD_1,SEXO_1,CONDICION_1,PARTICIPANTE_1,CASCO_1,CINTURON_1,KMeans_Cluster
17854,58728,58729,2019,0,0,-0.008571,-78.446297,PICHINCHA,QUITO,SAN ANTONIO (QUITO),RURAL,2019-03-05,07:55:00,7,MARTES,2,MARZO,3,SI,"NO RESPETAR LAS SENIALES REGLAMENTARIAS DE TRANSITO. (PARE, CEDA EL PASO, LUZ ROJA DEL SEMAFORO, ETC).",CHOQUE LATERAL,CAMIONETA,1,0,0,0,1,0,0,0,0,0,0,0,0,2,56,MUJER,ILESO,CONDUCTOR PRESENTE,NO,NO,3
17855,58729,58730,2019,2,0,-0.358021,-78.548972,PICHINCHA,QUITO,QUITO,URBANA,2019-03-05,08:00:00,8,MARTES,2,MARZO,3,SI,"CONDUCIR DESATENTO A LAS CONDICIONES DE TRANSITO (CELULAR, PANTALLAS DE VIDEO, COMIDA, MAQUILLAJE O CUALQUIER OTRO ELEMENTO DISTRACTOR).",VOLCAMIENTOS,NO IDENTIFICADO,0,0,0,0,0,0,0,0,0,1,0,0,0,1,24,MUJER,LESIONADO,PASAJERO,NO,NO,0
17856,58735,58736,2019,0,0,0.002401,-78.499324,PICHINCHA,QUITO,CALACALI,URBANA,2019-03-05,09:50:00,9,MARTES,2,MARZO,3,SI,REALIZAR CAMBIO BRUSCO O INDEBIDO DE CARRIL.,CHOQUE LATERAL,AUTOMOVIL,2,0,0,0,0,0,0,0,0,0,0,0,0,2,26,MUJER,ILESO,CONDUCTOR PRESENTE,NO,SI,0
17857,58739,58740,2019,1,0,-0.006131,-78.449851,PICHINCHA,QUITO,SAN ANTONIO (QUITO),RURAL,2019-03-05,12:50:00,12,MARTES,2,MARZO,3,SI,"CONDUCIR DESATENTO A LAS CONDICIONES DE TRANSITO (CELULAR, PANTALLAS DE VIDEO, COMIDA, MAQUILLAJE O CUALQUIER OTRO ELEMENTO DISTRACTOR).",CAIDA DE PASAJERO,NO IDENTIFICADO,0,0,0,0,0,0,0,0,0,1,0,0,0,1,60,MUJER,LESIONADO,PASAJERO,NO,NO,3
17858,58741,58742,2019,0,0,-0.009051,-78.445588,PICHINCHA,QUITO,SAN ANTONIO (QUITO),RURAL,2019-03-05,13:15:00,13,MARTES,2,MARZO,3,SI,NO MANTENER LA DISTANCIA PRUDENCIAL CON RESPECTO AL VEHICULO QUE LE ANTECEDE.,CHOQUE POSTERIOR,AUTOMOVIL,2,0,0,0,0,0,0,0,0,0,0,0,0,2,43,HOMBRE,ILESO,CONDUCTOR PRESENTE,NO,NO,3
17859,58742,58743,2019,0,0,-0.190662,-78.512591,PICHINCHA,QUITO,QUITO,URBANA,2019-03-05,13:50:00,13,MARTES,2,MARZO,3,SI,"NO RESPETAR LAS SENIALES REGLAMENTARIAS DE TRANSITO. (PARE, CEDA EL PASO, LUZ ROJA DEL SEMAFORO, ETC).",OTROS,FURGONETA,0,0,0,0,0,0,0,1,0,1,0,0,0,2,-1,NO IDENTIFICADO,NO IDENTIFICADO,CONDUCTOR AUSENTE,NO,NO,2
17860,58754,58755,2019,1,0,-0.001951,-78.512306,PICHINCHA,QUITO,CALACALI,RURAL,2019-03-05,18:04:00,18,MARTES,2,MARZO,3,SI,REALIZAR CAMBIO BRUSCO O INDEBIDO DE CARRIL.,PERDIDA DE PISTA,CAMION,0,0,0,1,0,0,0,0,0,0,0,0,1,2,24,HOMBRE,LESIONADO,CONDUCTOR PRESENTE,NO,SI,3
17861,58756,58757,2019,2,0,-0.287146,-78.579711,PICHINCHA,QUITO,QUITO,URBANA,2019-03-05,18:30:00,18,MARTES,2,MARZO,3,SI,NO CEDER EL DERECHO DE VIA O PREFERENCIA DE PASO AL PEATON.,ATROPELLOS,MOTOCICLETA,0,0,0,0,0,0,0,0,1,1,0,0,0,2,15,HOMBRE,LESIONADO,PEATON,NO,NO,0
17862,58768,58769,2019,1,0,-0.300197,-78.450949,PICHINCHA,QUITO,ALANGASI,RURAL,2019-03-05,20:40:00,20,MARTES,2,MARZO,3,SI,NO GUARDAR LA DISTANCIA LATERAL MINIMA DE SEGURIDAD ENTRE VEHICULOS.,CHOQUE LATERAL,MOTOCICLETA,1,0,0,0,0,0,0,0,1,0,0,0,0,2,21,HOMBRE,LESIONADO,CONDUCTOR PRESENTE,NO,NO,3
17863,58779,58780,2019,0,0,-0.144204,-78.500066,PICHINCHA,QUITO,QUITO,URBANA,2019-03-06,01:50:00,1,MIERCOLES,3,MARZO,3,NO,"CONDUCIR EN ESTADO DE SOMNOLENCIA O MALAS CONDICIONES FISICAS (SUENIO, CANSANCIO Y FATIGA).",ESTRELLAMIENTOS,AUTOMOVIL,1,0,0,0,0,0,0,0,0,0,0,0,0,1,-1,NO IDENTIFICADO,NO IDENTIFICADO,CONDUCTOR AUSENTE,NO,NO,2
17864,58788,58789,2019,1,0,-0.203601,-78.483057,PICHINCHA,QUITO,QUITO,URBANA,2019-03-06,08:20:00,8,MIERCOLES,3,MARZO,3,NO,NO CEDER EL DERECHO DE VIA O PREFERENCIA DE PASO AL PEATON.,ARROLLAMIENTOS,NO IDENTIFICADO,0,0,0,0,0,0,0,0,0,1,0,0,0,1,19,MUJER,LESIONADO,PEATON,NO,NO,0
17865,58799,58800,2019,1,0,-0.174663,-78.485436,PICHINCHA,QUITO,QUITO,URBANA,2019-03-06,14:08:00,14,MIERCOLES,3,MARZO,3,NO,PEATON QUE CRUZA LA CALZADA SIN RESPETAR LA SENIALIZACION EXISTENTE (SEMAFOROS O SENIALES MANUALES).,ATROPELLOS,AUTOMOVIL,1,0,0,0,0,0,0,0,0,0,0,0,0,1,12,HOMBRE,LESIONADO,PEATON,NO,NO,0
17866,58800,58801,2019,1,0,-0.092531,-78.436732,PICHINCHA,QUITO,CALDERON (CARAPUNGO),RURAL,2019-03-06,14:15:00,14,MIERCOLES,3,MARZO,3,NO,PEATON QUE CRUZA LA CALZADA SIN RESPETAR LA SENIALIZACION EXISTENTE (SEMAFOROS O SENIALES MANUALES).,ATROPELLOS,AUTOMOVIL,1,0,0,0,0,0,0,0,0,0,0,0,0,1,68,MUJER,LESIONADO,PEATON,NO,NO,3
17867,58804,58805,2019,0,0,-0.202179,-78.491596,PICHINCHA,QUITO,QUITO,URBANA,2019-03-06,14:55:00,14,MIERCOLES,3,MARZO,3,NO,"CONDUCIR DESATENTO A LAS CONDICIONES DE TRANSITO (CELULAR, PANTALLAS DE VIDEO, COMIDA, MAQUILLAJE O CUALQUIER OTRO ELEMENTO DISTRACTOR).",ESTRELLAMIENTOS,AUTOMOVIL,3,0,0,0,0,0,0,0,0,0,0,0,0,3,35,MUJER,ILESO,CONDUCTOR PRESENTE,NO,NO,0
17868,58805,58806,2019,0,0,-0.162478,-78.443982,PICHINCHA,QUITO,NAYON,RURAL,2019-03-06,16:00:00,16,MIERCOLES,3,MARZO,3,NO,CONDUCIR VEHICULO SUPERANDO LOS LIMITES MAXIMOS DE VELOCIDAD.,ESTRELLAMIENTOS,AUTOMOVIL,1,0,0,0,0,0,0,0,0,0,0,0,0,1,29,HOMBRE,ILESO,CONDUCTOR PRESENTE,NO,NO,3
17869,58823,58824,2019,0,0,-0.180457,-78.487221,PICHINCHA,QUITO,QUITO,URBANA,2019-03-06,21:20:00,21,MIERCOLES,3,MARZO,3,NO,NO CEDER EL DERECHO DE VIA O PREFERENCIA DE PASO A VEHICULOS.,CHOQUE LATERAL,AUTOMOVIL,2,0,0,0,0,0,0,0,0,0,0,0,0,2,22,MUJER,ILESO,CONDUCTOR PRESENTE,NO,NO,0
17870,58829,58830,2019,2,0,-0.249051,-78.529551,PICHINCHA,QUITO,QUITO,URBANA,2019-03-06,22:20:00,22,MIERCOLES,3,MARZO,3,NO,"CONDUCE BAJO LA INFLUENCIA DE ALCOHOL, SUSTANCIAS ESTUPEFACIENTES O PSICOTROPICAS Y/O MEDICAMENTOS.",CHOQUE LATERAL,AUTOMOVIL,1,0,0,0,1,0,0,0,0,0,0,0,0,2,54,HOMBRE,LESIONADO,PASAJERO,NO,NO,0
17871,58838,58839,2019,1,0,-0.142241,-78.492324,PICHINCHA,QUITO,QUITO,URBANA,2019-03-07,06:15:00,6,JUEVES,4,MARZO,3,NO,NO MANTENER LA DISTANCIA PRUDENCIAL CON RESPECTO AL VEHICULO QUE LE ANTECEDE.,CHOQUE POSTERIOR,MOTOCICLETA,0,0,0,0,0,0,0,0,1,1,0,0,0,2,38,HOMBRE,LESIONADO,CONDUCTOR PRESENTE,NO,NO,0
17872,58842,58843,2019,1,0,-0.172638,-78.471243,PICHINCHA,QUITO,QUITO,URBANA,2019-03-07,08:30:00,8,JUEVES,4,MARZO,3,NO,CONDUCIR VEHICULO SUPERANDO LOS LIMITES MAXIMOS DE VELOCIDAD.,ESTRELLAMIENTOS,AUTOMOVIL,1,0,0,0,0,0,0,0,0,0,0,0,0,1,63,HOMBRE,LESIONADO,CONDUCTOR PRESENTE,NO,NO,0
17873,58848,58849,2019,0,0,-0.195309,-78.436098,PICHINCHA,QUITO,CUMBAYA,RURAL,2019-03-07,10:50:00,10,JUEVES,4,MARZO,3,NO,"NO RESPETAR LAS SENIALES REGLAMENTARIAS DE TRANSITO. (PARE, CEDA EL PASO, LUZ ROJA DEL SEMAFORO, ETC).",CHOQUE LATERAL,AUTOMOVIL,1,0,0,0,1,0,0,0,0,0,0,0,0,2,47,MUJER,ILESO,PASAJERO,NO,NO,3
17874,58853,58854,2019,1,0,-0.135447,-78.482002,PICHINCHA,QUITO,QUITO,URBANA,2019-03-07,11:25:00,11,JUEVES,4,MARZO,3,NO,CONDUCIR VEHICULO SUPERANDO LOS LIMITES MAXIMOS DE VELOCIDAD.,CAIDA DE PASAJERO,BUS,0,0,1,0,0,0,0,0,0,0,0,0,0,1,66,MUJER,LESIONADO,PASAJERO,NO,NO,0
17875,58860,58861,2019,0,0,-0.133581,-78.500215,PICHINCHA,QUITO,QUITO,URBANA,2019-03-07,14:55:00,14,JUEVES,4,MARZO,3,NO,"NO RESPETAR LAS SENIALES REGLAMENTARIAS DE TRANSITO. (PARE, CEDA EL PASO, LUZ ROJA DEL SEMAFORO, ETC).",CHOQUE LATERAL,AUTOMOVIL,2,0,0,0,0,0,0,0,0,0,0,0,0,2,54,HOMBRE,ILESO,CONDUCTOR PRESENTE,NO,NO,0
17876,58864,58865,2019,0,0,-0.094218,-78.481195,PICHINCHA,QUITO,QUITO,URBANA,2019-03-07,16:00:00,16,JUEVES,4,MARZO,3,NO,CONDUCIR VEHICULO SUPERANDO LOS LIMITES MAXIMOS DE VELOCIDAD.,CHOQUE POSTERIOR,AUTOMOVIL,2,0,0,0,0,0,0,0,0,0,0,0,0,2,33,HOMBRE,ILESO,CONDUCTOR PRESENTE,NO,NO,0
17877,58865,58866,2019,1,0,-0.328936,-78.534103,PICHINCHA,QUITO,QUITO,URBANA,2019-03-07,16:00:00,16,JUEVES,4,MARZO,3,NO,NO CEDER EL DERECHO DE VIA O PREFERENCIA DE PASO A VEHICULOS.,CHOQUE LATERAL,MOTOCICLETA,0,0,0,0,0,0,0,0,1,1,0,0,0,2,28,MUJER,LESIONADO,PASAJERO,NO,NO,0
17878,58866,58867,2019,1,0,-0.232483,-78.448305,PICHINCHA,QUITO,CUMBAYA,RURAL,2019-03-07,16:05:00,16,JUEVES,4,MARZO,3,NO,DEJAR O RECOGER PASAJEROS EN LUGARES NO PERMITIDOS.,CAIDA DE PASAJERO,BUS,0,0,1,0,0,0,0,0,0,0,0,0,0,1,31,MUJER,LESIONADO,PASAJERO,NO,NO,3
17879,58869,58870,2019,1,0,-0.172139,-78.491241,PICHINCHA,QUITO,QUITO,URBANA,2019-03-07,17:00:00,17,JUEVES,4,MARZO,3,NO,NO MANTENER LA DISTANCIA PRUDENCIAL CON RESPECTO AL VEHICULO QUE LE ANTECEDE.,CHOQUE POSTERIOR,MOTOCICLETA,1,0,0,0,0,0,0,0,1,0,0,0,0,2,39,MUJER,LESIONADO,CONDUCTOR PRESENTE,NO,NO,0
17880,58874,58875,2019,2,0,-0.163609,-78.474205,PICHINCHA,QUITO,QUITO,URBANA,2019-03-07,17:45:00,17,JUEVES,4,MARZO,3,NO,"NO RESPETAR LAS SENIALES REGLAMENTARIAS DE TRANSITO. (PARE, CEDA EL PASO, LUZ ROJA DEL SEMAFORO, ETC).",CHOQUE LATERAL,AUTOMOVIL,2,0,0,0,0,0,0,0,0,0,0,0,0,2,73,MUJER,LESIONADO,PASAJERO,NO,NO,0
17881,58877,58878,2019,1,0,-0.308006,-78.559416,PICHINCHA,QUITO,QUITO,URBANA,2019-03-07,18:40:00,18,JUEVES,4,MARZO,3,NO,DEJAR O RECOGER PASAJEROS EN LUGARES NO PERMITIDOS.,CAIDA DE PASAJERO,BUS,0,0,1,0,0,0,0,0,0,0,0,0,0,1,46,HOMBRE,LESIONADO,PASAJERO,NO,NO,0
17882,58880,58881,2019,0,0,-0.107072,-78.502372,PICHINCHA,QUITO,QUITO,URBANA,2019-03-07,19:40:00,19,JUEVES,4,MARZO,3,NO,NO MANTENER LA DISTANCIA PRUDENCIAL CON RESPECTO AL VEHICULO QUE LE ANTECEDE.,CHOQUE POSTERIOR,AUTOMOVIL,1,0,0,0,1,0,0,0,0,0,0,0,0,2,18,HOMBRE,ILESO,CONDUCTOR PRESENTE,NO,NO,0
17883,58882,58883,2019,2,0,-0.254205,-78.484058,PICHINCHA,QUITO,QUITO,RURAL,2019-03-07,20:30:00,20,JUEVES,4,MARZO,3,NO,REALIZAR CAMBIO BRUSCO O INDEBIDO DE CARRIL.,VOLCAMIENTOS,MOTOCICLETA,0,0,0,0,0,0,0,0,1,0,0,0,0,1,21,HOMBRE,LESIONADO,PASAJERO,NO,NO,3
17884,58893,58894,2019,0,1,-0.282901,-78.470442,PICHINCHA,QUITO,CONOCOTO,URBANA,2019-03-08,05:19:00,5,VIERNES,5,MARZO,3,NO,"CONDUCIR DESATENTO A LAS CONDICIONES DE TRANSITO (CELULAR, PANTALLAS DE VIDEO, COMIDA, MAQUILLAJE O CUALQUIER OTRO ELEMENTO DISTRACTOR).",PERDIDA DE CARRIL,MOTOCICLETA,0,0,0,0,0,0,0,0,1,0,0,0,0,1,36,HOMBRE,FALLECIDO,CONDUCTOR PRESENTE,NO,SI,0
17885,58899,58900,2019,0,0,-0.119451,-78.506659,PICHINCHA,QUITO,QUITO,URBANA,2019-03-08,08:30:00,8,VIERNES,5,MARZO,3,NO,NO GUARDAR LA DISTANCIA LATERAL MINIMA DE SEGURIDAD ENTRE VEHICULOS.,CHOQUE LATERAL,AUTOMOVIL,2,0,0,0,0,0,0,0,0,0,0,0,0,2,22,HOMBRE,ILESO,CONDUCTOR PRESENTE,NO,NO,0
17886,58904,58905,2019,0,0,-0.188102,-78.476863,PICHINCHA,QUITO,QUITO,URBANA,2019-03-08,10:30:00,10,VIERNES,5,MARZO,3,NO,"CONDUCE BAJO LA INFLUENCIA DE ALCOHOL, SUSTANCIAS ESTUPEFACIENTES O PSICOTROPICAS Y/O MEDICAMENTOS.",CHOQUE LATERAL,AUTOMOVIL,2,0,0,0,0,0,0,0,0,0,0,0,0,2,52,HOMBRE,ILESO,CONDUCTOR PRESENTE,NO,NO,0
17887,58906,58907,2019,1,0,-0.337955,-78.575296,PICHINCHA,QUITO,QUITO,URBANA,2019-03-08,12:05:00,12,VIERNES,5,MARZO,3,NO,NO CEDER EL DERECHO DE VIA O PREFERENCIA DE PASO AL PEATON.,ATROPELLOS,NO IDENTIFICADO,0,0,0,0,0,0,0,0,0,1,0,0,0,1,5,HOMBRE,LESIONADO,PEATON,NO,NO,0
17888,58908,58909,2019,1,0,-0.201311,-78.499601,PICHINCHA,QUITO,QUITO,URBANA,2019-03-08,12:19:00,12,VIERNES,5,MARZO,3,NO,"CONDUCE BAJO LA INFLUENCIA DE ALCOHOL, SUSTANCIAS ESTUPEFACIENTES O PSICOTROPICAS Y/O MEDICAMENTOS.",ATROPELLOS,AUTOMOVIL,1,0,0,0,0,0,0,0,0,0,0,0,0,1,49,MUJER,LESIONADO,PEATON,NO,NO,0
17889,58925,58926,2019,0,0,-0.312191,-78.472731,PICHINCHA,QUITO,CONOCOTO,RURAL,2019-03-08,19:00:00,19,VIERNES,5,MARZO,3,NO,"CONDUCIR DESATENTO A LAS CONDICIONES DE TRANSITO (CELULAR, PANTALLAS DE VIDEO, COMIDA, MAQUILLAJE O CUALQUIER OTRO ELEMENTO DISTRACTOR).",ESTRELLAMIENTOS,AUTOMOVIL,1,0,0,0,0,0,0,0,0,0,0,0,0,1,-1,NO IDENTIFICADO,NO IDENTIFICADO,CONDUCTOR AUSENTE,NO,NO,2
17890,58926,58927,2019,0,0,-0.315793,-78.450626,PICHINCHA,RUMINIAHUI,SANGOLQUI,URBANA,2019-03-08,19:10:00,19,VIERNES,5,MARZO,3,NO,"CONDUCIR DESATENTO A LAS CONDICIONES DE TRANSITO (CELULAR, PANTALLAS DE VIDEO, COMIDA, MAQUILLAJE O CUALQUIER OTRO ELEMENTO DISTRACTOR).",CHOQUE LATERAL,MOTOCICLETA,1,0,0,0,0,0,0,0,1,0,0,0,0,2,22,HOMBRE,ILESO,CONDUCTOR PRESENTE,NO,SI,0
17891,58928,58929,2019,0,0,-0.262542,-78.488359,PICHINCHA,QUITO,CONOCOTO,URBANA,2019-03-08,19:46:00,19,VIERNES,5,MARZO,3,NO,"CONDUCIR DESATENTO A LAS CONDICIONES DE TRANSITO (CELULAR, PANTALLAS DE VIDEO, COMIDA, MAQUILLAJE O CUALQUIER OTRO ELEMENTO DISTRACTOR).",PERDIDA DE PISTA,VEHICULO DEPORTIVO UTILITARIO,0,0,0,0,0,0,0,0,0,0,0,0,1,1,-1,NO IDENTIFICADO,NO IDENTIFICADO,CONDUCTOR AUSENTE,NO,SI,2
17892,58929,58930,2019,0,0,-0.119445,-78.505559,PICHINCHA,QUITO,QUITO,URBANA,2019-03-08,19:50:00,19,VIERNES,5,MARZO,3,NO,NO GUARDAR LA DISTANCIA LATERAL MINIMA DE SEGURIDAD ENTRE VEHICULOS.,ESTRELLAMIENTOS,AUTOMOVIL,3,0,0,0,0,0,0,0,0,0,0,0,0,3,54,HOMBRE,ILESO,CONDUCTOR PRESENTE,NO,NO,0
17893,58935,58936,2019,0,0,-0.278394,-78.481675,PICHINCHA,QUITO,CONOCOTO,URBANA,2019-03-08,21:40:00,21,VIERNES,5,MARZO,3,NO,"CONDUCIR DESATENTO A LAS CONDICIONES DE TRANSITO (CELULAR, PANTALLAS DE VIDEO, COMIDA, MAQUILLAJE O CUALQUIER OTRO ELEMENTO DISTRACTOR).",PERDIDA DE CARRIL,CAMIONETA,0,0,0,0,1,0,0,0,0,0,0,0,0,1,48,HOMBRE,ILESO,CONDUCTOR PRESENTE,NO,SI,0
17894,58936,58937,2019,0,0,-0.232615,-78.503695,PICHINCHA,QUITO,QUITO,URBANA,2019-03-08,22:00:00,22,VIERNES,5,MARZO,3,NO,NO GUARDAR LA DISTANCIA LATERAL MINIMA DE SEGURIDAD ENTRE VEHICULOS.,ROZAMIENTOS,AUTOMOVIL,1,0,0,0,0,0,0,0,0,1,0,0,0,2,47,HOMBRE,ILESO,CONDUCTOR PRESENTE,NO,NO,0
17895,58939,58940,2019,0,0,-0.323853,-78.465743,PICHINCHA,RUMINIAHUI,SANGOLQUI,URBANA,2019-03-08,23:00:00,23,VIERNES,5,MARZO,3,NO,"CONDUCE BAJO LA INFLUENCIA DE ALCOHOL, SUSTANCIAS ESTUPEFACIENTES O PSICOTROPICAS Y/O MEDICAMENTOS.",CHOQUE LATERAL,CAMION,1,0,0,1,0,0,0,0,0,0,0,0,0,2,30,HOMBRE,ILESO,CONDUCTOR PRESENTE,NO,SI,0
17896,58941,58942,2019,0,0,-0.197826,-78.466466,PICHINCHA,QUITO,QUITO,RURAL,2019-03-09,00:30:00,0,SABADO,6,MARZO,3,NO,"CONDUCIR EN ESTADO DE SOMNOLENCIA O MALAS CONDICIONES FISICAS (SUENIO, CANSANCIO Y FATIGA).",ESTRELLAMIENTOS,AUTOMOVIL,1,0,0,0,0,0,0,0,0,0,0,0,0,1,-1,NO IDENTIFICADO,NO IDENTIFICADO,CONDUCTOR AUSENTE,NO,NO,2
17897,58944,58945,2019,0,0,-0.252561,-78.523092,PICHINCHA,QUITO,QUITO,URBANA,2019-03-09,01:30:00,1,SABADO,6,MARZO,3,NO,NO TRANSITAR POR LAS ACERAS O ZONAS DE SEGURIDAD DESTINADAS PARA EL EFECTO.,ATROPELLOS,MOTOCICLETA,0,0,0,0,0,0,0,0,1,0,0,0,0,1,32,HOMBRE,ILESO,PEATON,NO,NO,0
17898,58949,58950,2019,0,0,-0.136812,-78.473598,PICHINCHA,QUITO,QUITO,URBANA,2019-03-09,03:45:00,3,SABADO,6,MARZO,3,NO,CONDUCIR VEHICULO SUPERANDO LOS LIMITES MAXIMOS DE VELOCIDAD.,ESTRELLAMIENTOS,AUTOMOVIL,1,0,0,0,0,0,0,0,0,0,0,0,0,1,-1,NO IDENTIFICADO,NO IDENTIFICADO,CONDUCTOR AUSENTE,NO,NO,2
17899,58951,58952,2019,0,0,-0.237369,-78.484618,PICHINCHA,QUITO,QUITO,URBANA,2019-03-09,04:30:00,4,SABADO,6,MARZO,3,NO,"CONDUCIR EN ESTADO DE SOMNOLENCIA O MALAS CONDICIONES FISICAS (SUENIO, CANSANCIO Y FATIGA).",ESTRELLAMIENTOS,AUTOMOVIL,1,0,0,0,0,0,0,0,0,0,0,0,0,1,-1,NO IDENTIFICADO,NO IDENTIFICADO,CONDUCTOR AUSENTE,NO,NO,2
17900,58958,58959,2019,0,0,-0.161268,-78.495828,PICHINCHA,QUITO,QUITO,URBANA,2019-03-09,07:30:00,7,SABADO,6,MARZO,3,NO,"NO RESPETAR LAS SENIALES REGLAMENTARIAS DE TRANSITO. (PARE, CEDA EL PASO, LUZ ROJA DEL SEMAFORO, ETC).",CHOQUE LATERAL,AUTOMOVIL,2,0,0,0,0,0,0,0,0,0,0,0,0,2,45,MUJER,ILESO,CONDUCTOR PRESENTE,NO,NO,0
17901,58961,58962,2019,0,1,-0.273707,-78.537301,PICHINCHA,QUITO,QUITO,URBANA,2019-03-09,09:50:00,9,SABADO,6,MARZO,3,NO,NO TRANSITAR POR LAS ACERAS O ZONAS DE SEGURIDAD DESTINADAS PARA EL EFECTO.,ARROLLAMIENTOS,CAMIONETA,0,0,0,0,1,0,0,0,0,0,0,0,0,1,2,HOMBRE,FALLECIDO,PEATON,NO,NO,0
17902,58975,58976,2019,2,0,-0.188521,-78.448241,PICHINCHA,QUITO,NAYON,RURAL,2019-03-09,17:00:00,17,SABADO,6,MARZO,3,NO,NO CEDER EL DERECHO DE VIA O PREFERENCIA DE PASO A VEHICULOS.,CHOQUE LATERAL,MOTOCICLETA,1,0,0,0,0,0,0,0,1,0,0,0,0,2,42,HOMBRE,LESIONADO,CONDUCTOR PRESENTE,NO,NO,3
17903,58982,58983,2019,0,0,-0.285108,-78.566443,PICHINCHA,QUITO,QUITO,URBANA,2019-03-09,18:25:00,18,SABADO,6,MARZO,3,NO,"CONDUCIR DESATENTO A LAS CONDICIONES DE TRANSITO (CELULAR, PANTALLAS DE VIDEO, COMIDA, MAQUILLAJE O CUALQUIER OTRO ELEMENTO DISTRACTOR).",ESTRELLAMIENTOS,CAMIONETA,0,0,0,0,1,0,0,0,0,1,0,0,0,2,-1,NO IDENTIFICADO,NO IDENTIFICADO,CONDUCTOR AUSENTE,NO,NO,2
17904,58998,58999,2019,1,0,-0.204719,-78.502295,PICHINCHA,QUITO,QUITO,URBANA,2019-03-09,21:30:00,21,SABADO,6,MARZO,3,NO,NO CEDER EL DERECHO DE VIA O PREFERENCIA DE PASO AL PEATON.,ATROPELLOS,NO IDENTIFICADO,0,0,0,0,0,0,0,0,0,1,0,0,0,1,40,HOMBRE,LESIONADO,PEATON,NO,NO,0
17905,59005,59006,2019,0,0,-0.280326,-78.529125,PICHINCHA,QUITO,QUITO,URBANA,2019-03-10,00:40:00,0,DOMINGO,7,MARZO,3,NO,"CONDUCIR EN ESTADO DE SOMNOLENCIA O MALAS CONDICIONES FISICAS (SUENIO, CANSANCIO Y FATIGA).",ESTRELLAMIENTOS,CAMION,0,0,0,1,0,0,0,0,0,0,0,0,0,1,39,HOMBRE,ILESO,PASAJERO,NO,NO,0
17906,59009,59010,2019,0,0,-0.107535,-78.447011,PICHINCHA,QUITO,CALDERON (CARAPUNGO),RURAL,2019-03-10,02:05:00,2,DOMINGO,7,MARZO,3,NO,"CONDUCIR EN ESTADO DE SOMNOLENCIA O MALAS CONDICIONES FISICAS (SUENIO, CANSANCIO Y FATIGA).",PERDIDA DE PISTA,AUTOMOVIL,1,0,0,0,0,0,0,0,0,0,0,0,0,1,-1,NO IDENTIFICADO,NO IDENTIFICADO,CONDUCTOR AUSENTE,NO,NO,2
17907,59012,59013,2019,0,0,-0.338935,-78.550353,PICHINCHA,QUITO,QUITO,URBANA,2019-03-10,02:20:00,2,DOMINGO,7,MARZO,3,NO,REALIZAR CAMBIO BRUSCO O INDEBIDO DE CARRIL.,CHOQUE LATERAL,AUTOMOVIL,2,0,0,0,0,0,0,0,0,0,0,0,0,2,24,HOMBRE,ILESO,CONDUCTOR PRESENTE,NO,NO,0
17908,59023,59024,2019,0,0,-0.272579,-78.548239,PICHINCHA,QUITO,QUITO,URBANA,2019-03-10,06:48:00,6,DOMINGO,7,MARZO,3,NO,"CONDUCIR DESATENTO A LAS CONDICIONES DE TRANSITO (CELULAR, PANTALLAS DE VIDEO, COMIDA, MAQUILLAJE O CUALQUIER OTRO ELEMENTO DISTRACTOR).",ESTRELLAMIENTOS,AUTOMOVIL,1,0,0,0,0,0,0,0,0,0,0,0,0,1,-1,NO IDENTIFICADO,NO IDENTIFICADO,CONDUCTOR AUSENTE,NO,NO,2
17909,59025,59026,2019,0,0,-0.333915,-78.436903,PICHINCHA,RUMINIAHUI,SANGOLQUI,URBANA,2019-03-10,08:45:00,8,DOMINGO,7,MARZO,3,NO,"CONDUCIR DESATENTO A LAS CONDICIONES DE TRANSITO (CELULAR, PANTALLAS DE VIDEO, COMIDA, MAQUILLAJE O CUALQUIER OTRO ELEMENTO DISTRACTOR).",PERDIDA DE PISTA,VEHICULO DEPORTIVO UTILITARIO,0,0,0,0,0,0,0,0,0,0,0,0,1,1,-1,NO IDENTIFICADO,NO IDENTIFICADO,CONDUCTOR AUSENTE,NO,SI,2
17910,59026,59027,2019,2,0,-0.374241,-78.552132,PICHINCHA,MEJIA,CUTUGLAHUA,RURAL,2019-03-10,09:00:00,9,DOMINGO,7,MARZO,3,NO,"CONDUCIR DESATENTO A LAS CONDICIONES DE TRANSITO (CELULAR, PANTALLAS DE VIDEO, COMIDA, MAQUILLAJE O CUALQUIER OTRO ELEMENTO DISTRACTOR).",CHOQUE FRONTAL,CAMIONETA,0,0,1,0,1,0,0,0,0,0,0,0,0,2,4,HOMBRE,LESIONADO,PASAJERO,NO,SI,3