,Unnamed: 0,ID,ANIO,LESIONADOS,FALLECIDOS,LATITUD_Y,LONGITUD_X,PROVINCIA,CANTON,PARROQUIA,ZONA,FECHA,HORA,PERIODO_2,DIA_1,DIA_2,MES_1,MES_2,FERIADO,CAUSA_PROBABLE,TIPO_DE_SINIESTRO,TIPO_DE_VEHICULO_1,AUTOMOVIL,BICICLETA,BUS,CAMION,CAMIONETA,EMERGENCIAS,ESPECIAL,FURGONETA,MOTOCICLETA,NO_IDENTIFICADO,SCOOTER_ELECTRICO,TRICIMOTO,VEHICULO_DEPORTIVO_UTILITARIO,SUMA_DE_VEHICULOS,EDAD_1,SEXO_1,CONDICION_1,PARTICIPANTE_1,CASCO_1,CINTURON_1,KMeans_Cluster
18026,59521,59522,2019,0,0,-0.328479,-78.522294,PICHINCHA,QUITO,QUITO,URBANA,2019-03-18,08:29:00,8,LUNES,1,MARZO,3,NO,NO MANTENER LA DISTANCIA PRUDENCIAL CON RESPECTO AL VEHICULO QUE LE ANTECEDE.,CHOQUE POSTERIOR,BUS,1,0,1,0,0,0,0,0,0,0,0,0,0,2,42,MUJER,ILESO,CONDUCTOR PRESENTE,NO,NO,0
18027,59529,59530,2019,0,0,-0.271863,-78.550144,PICHINCHA,QUITO,QUITO,URBANA,2019-03-18,11:50:00,11,LUNES,1,MARZO,3,NO,"CONDUCIR DESATENTO A LAS CONDICIONES DE TRANSITO (CELULAR, PANTALLAS DE VIDEO, COMIDA, MAQUILLAJE O CUALQUIER OTRO ELEMENTO DISTRACTOR).",ESTRELLAMIENTOS,AUTOMOVIL,1,0,0,0,0,0,0,0,0,1,0,0,0,2,-1,NO IDENTIFICADO,NO IDENTIFICADO,CONDUCTOR AUSENTE,NO,NO,2
18028,59538,59539,2019,0,0,-0.225862,-78.339534,PICHINCHA,QUITO,PIFO,RURAL,2019-03-18,14:55:00,14,LUNES,1,MARZO,3,NO,NO CEDER EL DERECHO DE VIA O PREFERENCIA DE PASO AL PEATON.,ATROPELLOS,AUTOMOVIL,1,0,0,0,0,0,0,0,0,0,0,0,0,1,33,MUJER,ILESO,CONDUCTOR PRESENTE,NO,NO,3
18029,59546,59547,2019,1,0,-0.181018,-78.505749,PICHINCHA,QUITO,QUITO,URBANA,2019-03-18,16:35:00,16,LUNES,1,MARZO,3,NO,NO MANTENER LA DISTANCIA PRUDENCIAL CON RESPECTO AL VEHICULO QUE LE ANTECEDE.,CHOQUE POSTERIOR,AUTOMOVIL,2,0,0,0,0,0,0,0,0,0,0,0,0,2,28,MUJER,LESIONADO,PASAJERO,NO,NO,0
18030,59552,59553,2019,1,0,-0.115748,-78.501284,PICHINCHA,QUITO,QUITO,URBANA,2019-03-18,18:15:00,18,LUNES,1,MARZO,3,NO,NO CEDER EL DERECHO DE VIA O PREFERENCIA DE PASO AL PEATON.,ATROPELLOS,AUTOMOVIL,1,0,0,0,0,0,0,0,0,0,0,0,0,1,10,MUJER,LESIONADO,PEATON,NO,NO,0
18031,59555,59556,2019,1,0,-0.185301,-78.490861,PICHINCHA,QUITO,QUITO,URBANA,2019-03-18,19:30:00,19,LUNES,1,MARZO,3,NO,NO TRANSITAR POR LAS ACERAS O ZONAS DE SEGURIDAD DESTINADAS PARA EL EFECTO.,ATROPELLOS,BUS,0,0,1,0,0,0,0,0,0,0,0,0,0,1,22,HOMBRE,LESIONADO,PEATON,NO,NO,0
18032,59567,59568,2019,0,0,-0.304167,-78.542831,PICHINCHA,QUITO,QUITO,URBANA,2019-03-19,02:55:00,2,MARTES,2,MARZO,3,NO,"CONDUCIR EN ESTADO DE SOMNOLENCIA O MALAS CONDICIONES FISICAS (SUENIO, CANSANCIO Y FATIGA).",ESTRELLAMIENTOS,AUTOMOVIL,1,0,0,0,0,0,0,0,0,0,0,0,0,1,-1,NO IDENTIFICADO,NO IDENTIFICADO,CONDUCTOR AUSENTE,NO,NO,2
18033,59573,59574,2019,1,0,-0.257496,-78.529222,PICHINCHA,QUITO,QUITO,URBANA,2019-03-19,07:20:00,7,MARTES,2,MARZO,3,NO,"CONDICIONES AMBIENTALES Y/O ATMOSFERICAS (NIEBLA, NEBLINA, GRANIZO, LLUVIA).",ATROPELLOS,NO IDENTIFICADO,0,0,0,0,0,0,0,0,0,1,0,0,0,1,22,HOMBRE,LESIONADO,PEATON,NO,NO,0
18034,59577,59578,2019,0,0,-0.186873,-78.479609,PICHINCHA,QUITO,QUITO,URBANA,2019-03-19,07:30:00,7,MARTES,2,MARZO,3,NO,NO MANTENER LA DISTANCIA PRUDENCIAL CON RESPECTO AL VEHICULO QUE LE ANTECEDE.,COLISION,AUTOMOVIL,3,0,0,0,0,0,0,0,0,0,0,0,0,3,41,HOMBRE,ILESO,CONDUCTOR PRESENTE,NO,NO,0
18035,59587,59588,2019,0,0,-0.211711,-78.496091,PICHINCHA,QUITO,QUITO,URBANA,2019-03-19,12:00:00,12,MARTES,2,MARZO,3,NO,"CONDUCIR DESATENTO A LAS CONDICIONES DE TRANSITO (CELULAR, PANTALLAS DE VIDEO, COMIDA, MAQUILLAJE O CUALQUIER OTRO ELEMENTO DISTRACTOR).",ESTRELLAMIENTOS,AUTOMOVIL,1,0,0,1,0,0,0,0,0,0,0,0,0,2,30,HOMBRE,ILESO,CONDUCTOR PRESENTE,NO,NO,0
18036,59611,59612,2019,0,0,-0.135719,-78.482163,PICHINCHA,QUITO,QUITO,URBANA,2019-03-19,22:30:00,22,MARTES,2,MARZO,3,NO,"CONDUCE BAJO LA INFLUENCIA DE ALCOHOL, SUSTANCIAS ESTUPEFACIENTES O PSICOTROPICAS Y/O MEDICAMENTOS.",CHOQUE POSTERIOR,AUTOMOVIL,2,0,0,0,0,0,0,0,0,0,0,0,0,2,63,HOMBRE,ILESO,CONDUCTOR PRESENTE,NO,NO,0
18037,59612,59613,2019,0,0,-0.182852,-78.341461,PICHINCHA,QUITO,TABABELA,RURAL,2019-03-19,22:30:00,22,MARTES,2,MARZO,3,NO,"PRESENCIA DE AGENTES EXTERNOS EN LA VIA (AGUA, ACEITE, PIEDRA, LASTRE, ESCOMBROS, MADEROS, ETC.).",ESTRELLAMIENTOS,CAMION,0,0,0,1,0,0,0,0,0,0,0,0,0,1,62,HOMBRE,ILESO,CONDUCTOR PRESENTE,NO,NO,3
18038,59617,59618,2019,0,0,-0.242681,-78.497364,PICHINCHA,QUITO,QUITO,URBANA,2019-03-19,23:50:00,23,MARTES,2,MARZO,3,NO,"CONDUCIR EN ESTADO DE SOMNOLENCIA O MALAS CONDICIONES FISICAS (SUENIO, CANSANCIO Y FATIGA).",ESTRELLAMIENTOS,AUTOMOVIL,1,0,0,0,0,0,0,0,0,0,0,0,0,1,-1,NO IDENTIFICADO,NO IDENTIFICADO,CONDUCTOR AUSENTE,NO,NO,2
18039,59621,59622,2019,0,0,-0.199767,-78.428809,PICHINCHA,QUITO,CUMBAYA,RURAL,2019-03-20,03:45:00,3,MIERCOLES,3,MARZO,3,NO,"CONDUCIR EN ESTADO DE SOMNOLENCIA O MALAS CONDICIONES FISICAS (SUENIO, CANSANCIO Y FATIGA).",ESTRELLAMIENTOS,AUTOMOVIL,1,0,0,0,0,0,0,0,0,0,0,0,0,1,36,HOMBRE,ILESO,CONDUCTOR PRESENTE,NO,NO,3
18040,59622,59623,2019,1,0,-0.299391,-78.544282,PICHINCHA,QUITO,QUITO,URBANA,2019-03-20,03:55:00,3,MIERCOLES,3,MARZO,3,NO,NO CEDER EL DERECHO DE VIA O PREFERENCIA DE PASO A VEHICULOS.,CHOQUE LATERAL,AUTOMOVIL,1,0,0,0,0,0,0,0,0,1,0,0,0,2,33,MUJER,LESIONADO,PASAJERO,NO,NO,0
18041,59627,59628,2019,0,0,-0.196669,-78.466599,PICHINCHA,QUITO,QUITO,RURAL,2019-03-20,07:00:00,7,MIERCOLES,3,MARZO,3,NO,NO MANTENER LA DISTANCIA PRUDENCIAL CON RESPECTO AL VEHICULO QUE LE ANTECEDE.,COLISION,AUTOMOVIL,1,0,0,1,0,0,0,1,0,0,0,0,0,3,55,HOMBRE,ILESO,CONDUCTOR PRESENTE,NO,NO,3
18042,59628,59629,2019,0,0,-0.185856,-78.477867,PICHINCHA,QUITO,QUITO,URBANA,2019-03-20,07:12:00,7,MIERCOLES,3,MARZO,3,NO,CONDUCIR VEHICULO SUPERANDO LOS LIMITES MAXIMOS DE VELOCIDAD.,ESTRELLAMIENTOS,CAMION,0,0,0,1,0,0,0,0,0,0,0,0,0,1,61,HOMBRE,ILESO,CONDUCTOR PRESENTE,NO,NO,0
18043,59629,59630,2019,0,0,-0.171357,-78.473771,PICHINCHA,QUITO,QUITO,URBANA,2019-03-20,07:20:00,7,MIERCOLES,3,MARZO,3,NO,REALIZAR CAMBIO BRUSCO O INDEBIDO DE CARRIL.,CHOQUE LATERAL,AUTOMOVIL,2,0,0,0,0,0,0,0,0,0,0,0,0,2,33,MUJER,ILESO,PASAJERO,NO,NO,0
18044,59641,59642,2019,0,0,-0.277008,-78.537855,PICHINCHA,QUITO,QUITO,URBANA,2019-03-20,12:25:00,12,MIERCOLES,3,MARZO,3,NO,"CONDUCIR DESATENTO A LAS CONDICIONES DE TRANSITO (CELULAR, PANTALLAS DE VIDEO, COMIDA, MAQUILLAJE O CUALQUIER OTRO ELEMENTO DISTRACTOR).",OTROS,AUTOMOVIL,1,0,0,0,0,0,0,0,0,0,0,0,0,1,-1,NO IDENTIFICADO,NO IDENTIFICADO,CONDUCTOR AUSENTE,NO,NO,2
18045,59656,59657,2019,0,0,-0.246102,-78.530807,PICHINCHA,QUITO,QUITO,URBANA,2019-03-20,17:30:00,17,MIERCOLES,3,MARZO,3,NO,"NO RESPETAR LAS SENIALES REGLAMENTARIAS DE TRANSITO. (PARE, CEDA EL PASO, LUZ ROJA DEL SEMAFORO, ETC).",CHOQUE LATERAL,AUTOMOVIL,1,0,0,0,0,0,0,1,0,0,0,0,0,2,37,MUJER,ILESO,CONDUCTOR PRESENTE,NO,NO,0
18046,59667,59668,2019,2,0,-0.227221,-78.522591,PICHINCHA,QUITO,QUITO,URBANA,2019-03-20,19:40:00,19,MIERCOLES,3,MARZO,3,NO,NO CEDER EL DERECHO DE VIA O PREFERENCIA DE PASO AL PEATON.,ATROPELLOS,MOTOCICLETA,0,0,0,0,0,0,0,0,1,0,0,0,0,1,65,HOMBRE,LESIONADO,PEATON,NO,NO,0
18047,59670,59671,2019,1,0,-0.331642,-78.555122,PICHINCHA,QUITO,QUITO,URBANA,2019-03-20,22:00:00,22,MIERCOLES,3,MARZO,3,NO,REALIZAR CAMBIO BRUSCO O INDEBIDO DE CARRIL.,CHOQUE LATERAL,NO IDENTIFICADO,0,0,0,0,0,0,0,0,0,2,0,0,0,2,21,HOMBRE,LESIONADO,PASAJERO,NO,NO,0
18048,59671,59672,2019,2,0,-0.295604,-78.561141,PICHINCHA,QUITO,QUITO,URBANA,2019-03-20,22:12:00,22,MIERCOLES,3,MARZO,3,NO,NO CEDER EL DERECHO DE VIA O PREFERENCIA DE PASO AL PEATON.,ATROPELLOS,NO IDENTIFICADO,0,0,0,0,0,0,0,0,0,1,0,0,0,1,20,MUJER,LESIONADO,PEATON,NO,NO,0
18049,59682,59683,2019,0,0,-0.153303,-78.484482,PICHINCHA,QUITO,QUITO,URBANA,2019-03-21,01:30:00,1,JUEVES,4,MARZO,3,NO,"CONDUCIR EN ESTADO DE SOMNOLENCIA O MALAS CONDICIONES FISICAS (SUENIO, CANSANCIO Y FATIGA).",ESTRELLAMIENTOS,CAMIONETA,0,0,0,0,1,0,0,0,0,0,0,0,0,1,-1,NO IDENTIFICADO,NO IDENTIFICADO,CONDUCTOR AUSENTE,NO,NO,2
18050,59683,59684,2019,0,0,-0.237587,-78.484667,PICHINCHA,QUITO,QUITO,URBANA,2019-03-21,01:45:00,1,JUEVES,4,MARZO,3,NO,"CONDUCIR DESATENTO A LAS CONDICIONES DE TRANSITO (CELULAR, PANTALLAS DE VIDEO, COMIDA, MAQUILLAJE O CUALQUIER OTRO ELEMENTO DISTRACTOR).",ESTRELLAMIENTOS,AUTOMOVIL,1,0,0,0,0,0,0,0,0,0,0,0,0,1,-1,NO IDENTIFICADO,NO IDENTIFICADO,CONDUCTOR AUSENTE,NO,NO,2
18051,59687,59688,2019,1,0,-0.218465,-78.506795,PICHINCHA,QUITO,QUITO,URBANA,2019-03-21,05:14:00,5,JUEVES,4,MARZO,3,NO,REALIZAR CAMBIO BRUSCO O INDEBIDO DE CARRIL.,PERDIDA DE PISTA,MOTOCICLETA,0,0,0,0,0,0,0,0,1,0,0,0,0,1,31,MUJER,LESIONADO,CONDUCTOR PRESENTE,NO,NO,0
18052,59690,59691,2019,2,0,-0.009051,-78.445588,PICHINCHA,QUITO,SAN ANTONIO (QUITO),RURAL,2019-03-21,06:54:00,6,JUEVES,4,MARZO,3,NO,"CONDUCE BAJO LA INFLUENCIA DE ALCOHOL, SUSTANCIAS ESTUPEFACIENTES O PSICOTROPICAS Y/O MEDICAMENTOS.",CHOQUE POSTERIOR,AUTOMOVIL,2,0,1,0,1,0,0,0,0,0,0,0,0,4,12,MUJER,LESIONADO,PASAJERO,NO,NO,3
18053,59691,59692,2019,0,0,-0.201808,-78.369029,PICHINCHA,QUITO,PUEMBO,RURAL,2019-03-21,07:20:00,7,JUEVES,4,MARZO,3,NO,NO GUARDAR LA DISTANCIA LATERAL MINIMA DE SEGURIDAD ENTRE VEHICULOS.,ROZAMIENTOS,CAMION,1,0,0,1,0,0,0,0,0,0,0,0,0,2,42,HOMBRE,ILESO,CONDUCTOR PRESENTE,NO,NO,3
18054,59696,59697,2019,1,0,-0.182989,-78.503754,PICHINCHA,QUITO,QUITO,URBANA,2019-03-21,09:10:00,9,JUEVES,4,MARZO,3,NO,CONDUCIR VEHICULO SUPERANDO LOS LIMITES MAXIMOS DE VELOCIDAD.,CHOQUE POSTERIOR,NO IDENTIFICADO,0,0,0,0,0,0,0,0,0,2,0,0,0,2,40,MUJER,LESIONADO,PASAJERO,NO,NO,0
18055,59709,59710,2019,0,0,-0.309593,-78.444344,PICHINCHA,RUMINIAHUI,SANGOLQUI,URBANA,2019-03-21,12:40:00,12,JUEVES,4,MARZO,3,NO,"CONDUCIR DESATENTO A LAS CONDICIONES DE TRANSITO (CELULAR, PANTALLAS DE VIDEO, COMIDA, MAQUILLAJE O CUALQUIER OTRO ELEMENTO DISTRACTOR).",CHOQUE POSTERIOR,BUS,1,0,1,0,0,0,0,0,0,0,0,0,0,2,32,HOMBRE,ILESO,CONDUCTOR PRESENTE,NO,SI,0
18056,59719,59720,2019,1,0,-0.112189,-78.504802,PICHINCHA,QUITO,QUITO,URBANA,2019-03-21,17:00:00,17,JUEVES,4,MARZO,3,NO,NO TRANSITAR POR LAS ACERAS O ZONAS DE SEGURIDAD DESTINADAS PARA EL EFECTO.,ARROLLAMIENTOS,AUTOMOVIL,1,0,0,0,0,0,0,0,0,0,0,0,0,1,4,HOMBRE,LESIONADO,PEATON,NO,NO,0
18057,59727,59728,2019,0,0,-0.375241,-78.552306,PICHINCHA,MEJIA,CUTUGLAHUA,RURAL,2019-03-21,19:40:00,19,JUEVES,4,MARZO,3,NO,"CONDICIONES AMBIENTALES Y/O ATMOSFERICAS (NIEBLA, NEBLINA, GRANIZO, LLUVIA).",ESTRELLAMIENTOS,CAMIONETA,0,0,0,0,1,0,0,0,0,0,0,0,0,1,37,HOMBRE,ILESO,CONDUCTOR PRESENTE,NO,SI,3
18058,59732,59733,2019,1,0,-0.258372,-78.544834,PICHINCHA,QUITO,QUITO,URBANA,2019-03-21,22:00:00,22,JUEVES,4,MARZO,3,NO,REALIZAR CAMBIO BRUSCO O INDEBIDO DE CARRIL.,CHOQUE LATERAL,MOTOCICLETA,0,0,0,0,0,0,0,0,1,1,0,0,0,2,22,HOMBRE,LESIONADO,PASAJERO,NO,NO,0
18059,59733,59734,2019,0,0,-0.239732,-78.522687,PICHINCHA,QUITO,QUITO,URBANA,2019-03-21,22:30:00,22,JUEVES,4,MARZO,3,NO,"CONDUCE BAJO LA INFLUENCIA DE ALCOHOL, SUSTANCIAS ESTUPEFACIENTES O PSICOTROPICAS Y/O MEDICAMENTOS.",CHOQUE LATERAL,AUTOMOVIL,2,0,0,0,0,0,0,0,0,0,0,0,0,2,35,HOMBRE,ILESO,CONDUCTOR PRESENTE,NO,NO,0
18060,59738,59739,2019,0,0,-0.196781,-78.483605,PICHINCHA,QUITO,QUITO,URBANA,2019-03-22,01:10:00,1,VIERNES,5,MARZO,3,NO,"CONDUCIR EN ESTADO DE SOMNOLENCIA O MALAS CONDICIONES FISICAS (SUENIO, CANSANCIO Y FATIGA).",ESTRELLAMIENTOS,AUTOMOVIL,1,0,0,0,0,0,0,0,0,0,0,0,0,1,39,HOMBRE,ILESO,CONDUCTOR PRESENTE,NO,NO,0
18061,59743,59744,2019,0,0,-0.331107,-78.383624,PICHINCHA,QUITO,PINTAG,RURAL,2019-03-22,01:50:00,1,VIERNES,5,MARZO,3,NO,"CONDUCIR DESATENTO A LAS CONDICIONES DE TRANSITO (CELULAR, PANTALLAS DE VIDEO, COMIDA, MAQUILLAJE O CUALQUIER OTRO ELEMENTO DISTRACTOR).",PERDIDA DE CARRIL,AUTOMOVIL,1,0,0,0,0,0,0,0,0,0,0,0,0,1,21,HOMBRE,ILESO,CONDUCTOR PRESENTE,NO,SI,3
18062,59744,59745,2019,0,0,-0.265881,-78.535357,PICHINCHA,QUITO,QUITO,URBANA,2019-03-22,02:10:00,2,VIERNES,5,MARZO,3,NO,"CONDUCE BAJO LA INFLUENCIA DE ALCOHOL, SUSTANCIAS ESTUPEFACIENTES O PSICOTROPICAS Y/O MEDICAMENTOS.",ESTRELLAMIENTOS,AUTOMOVIL,2,0,0,0,0,0,0,0,0,0,0,0,0,2,37,HOMBRE,ILESO,CONDUCTOR PRESENTE,NO,NO,0
18063,59746,59747,2019,0,0,-0.154549,-78.487915,PICHINCHA,QUITO,QUITO,URBANA,2019-03-22,02:20:00,2,VIERNES,5,MARZO,3,NO,NO GUARDAR LA DISTANCIA LATERAL MINIMA DE SEGURIDAD ENTRE VEHICULOS.,CHOQUE LATERAL,AUTOMOVIL,2,0,0,0,0,0,0,0,0,0,0,0,0,2,33,MUJER,ILESO,CONDUCTOR PRESENTE,NO,NO,0
18064,59747,59748,2019,0,0,-0.188792,-78.482681,PICHINCHA,QUITO,QUITO,URBANA,2019-03-22,02:30:00,2,VIERNES,5,MARZO,3,NO,"NO RESPETAR LAS SENIALES REGLAMENTARIAS DE TRANSITO. (PARE, CEDA EL PASO, LUZ ROJA DEL SEMAFORO, ETC).",CHOQUE LATERAL,AUTOMOVIL,2,0,0,0,0,0,0,0,0,0,0,0,0,2,24,HOMBRE,ILESO,CONDUCTOR PRESENTE,NO,NO,0
18065,59752,59753,2019,0,0,-0.254415,-78.522299,PICHINCHA,QUITO,QUITO,URBANA,2019-03-22,03:20:00,3,VIERNES,5,MARZO,3,NO,"CONDUCIR EN ESTADO DE SOMNOLENCIA O MALAS CONDICIONES FISICAS (SUENIO, CANSANCIO Y FATIGA).",OTROS,AUTOMOVIL,1,0,0,0,0,0,0,0,0,0,0,0,0,1,-1,NO IDENTIFICADO,NO IDENTIFICADO,CONDUCTOR AUSENTE,NO,NO,2
18066,59754,59755,2019,0,0,-0.165922,-78.468421,PICHINCHA,QUITO,QUITO,URBANA,2019-03-22,03:25:00,3,VIERNES,5,MARZO,3,NO,"CONDICIONES AMBIENTALES Y/O ATMOSFERICAS (NIEBLA, NEBLINA, GRANIZO, LLUVIA).",ESTRELLAMIENTOS,AUTOMOVIL,2,0,0,0,0,0,0,0,0,0,0,0,0,2,44,HOMBRE,ILESO,CONDUCTOR PRESENTE,NO,NO,0
18067,59763,59764,2019,0,0,-0.234117,-78.509071,PICHINCHA,QUITO,QUITO,URBANA,2019-03-22,05:30:00,5,VIERNES,5,MARZO,3,NO,CONDUCIR VEHICULO SUPERANDO LOS LIMITES MAXIMOS DE VELOCIDAD.,ESTRELLAMIENTOS,AUTOMOVIL,1,0,0,0,0,0,0,0,0,0,0,0,0,1,-1,NO IDENTIFICADO,NO IDENTIFICADO,CONDUCTOR AUSENTE,NO,NO,2
18068,59766,59767,2019,1,0,-0.112189,-78.504802,PICHINCHA,QUITO,QUITO,URBANA,2019-03-22,06:10:00,6,VIERNES,5,MARZO,3,NO,CONDUCIR EN SENTIDO CONTRARIO A LA VIA NORMAL DE CIRCULACION.,CHOQUE FRONTAL,MOTOCICLETA,0,0,1,0,0,0,0,0,1,0,0,0,0,2,29,HOMBRE,LESIONADO,CONDUCTOR PRESENTE,NO,NO,0
18069,59770,59771,2019,2,0,0.001461,-78.305518,PICHINCHA,PEDRO MONCAYO,TOCACHI,RURAL,2019-03-22,08:15:00,8,VIERNES,5,MARZO,3,NO,"CONDUCIR DESATENTO A LAS CONDICIONES DE TRANSITO (CELULAR, PANTALLAS DE VIDEO, COMIDA, MAQUILLAJE O CUALQUIER OTRO ELEMENTO DISTRACTOR).",PERDIDA DE CARRIL,CAMION,1,0,0,1,0,0,0,0,0,0,0,0,0,2,34,MUJER,LESIONADO,PASAJERO,NO,SI,3
18070,59779,59780,2019,0,0,-0.223511,-78.385358,PICHINCHA,QUITO,TUMBACO,RURAL,2019-03-22,12:15:00,12,VIERNES,5,MARZO,3,NO,CONDUCIR VEHICULO SUPERANDO LOS LIMITES MAXIMOS DE VELOCIDAD.,ESTRELLAMIENTOS,AUTOMOVIL,1,0,0,0,0,0,0,0,0,0,0,0,0,1,27,HOMBRE,ILESO,CONDUCTOR PRESENTE,NO,NO,3
18071,59784,59785,2019,1,0,-0.240223,-78.531309,PICHINCHA,QUITO,QUITO,URBANA,2019-03-22,13:30:00,13,VIERNES,5,MARZO,3,NO,DEJAR O RECOGER PASAJEROS EN LUGARES NO PERMITIDOS.,CAIDA DE PASAJERO,BUS,0,0,1,0,0,0,0,0,0,0,0,0,0,1,11,HOMBRE,LESIONADO,PASAJERO,NO,NO,0
18072,59788,59789,2019,5,0,-0.177357,-78.490999,PICHINCHA,QUITO,QUITO,URBANA,2019-03-22,13:50:00,13,VIERNES,5,MARZO,3,NO,CONDUCIR EN SENTIDO CONTRARIO A LA VIA NORMAL DE CIRCULACION.,CHOQUE FRONTAL,FURGONETA,1,0,0,0,0,0,0,1,0,0,0,0,0,2,38,MUJER,LESIONADO,PASAJERO,NO,NO,0
18073,59790,59791,2019,0,0,-0.264759,-78.548838,PICHINCHA,QUITO,QUITO,URBANA,2019-03-22,14:00:00,14,VIERNES,5,MARZO,3,NO,"NO RESPETAR LAS SENIALES REGLAMENTARIAS DE TRANSITO. (PARE, CEDA EL PASO, LUZ ROJA DEL SEMAFORO, ETC).",CHOQUE LATERAL,FURGONETA,1,0,0,0,0,0,0,1,0,0,0,0,0,2,34,MUJER,ILESO,CONDUCTOR PRESENTE,NO,NO,0
18074,59797,59798,2019,0,0,-0.087301,-78.485881,PICHINCHA,QUITO,QUITO,URBANA,2019-03-22,15:30:00,15,VIERNES,5,MARZO,3,NO,"CONDUCIR DESATENTO A LAS CONDICIONES DE TRANSITO (CELULAR, PANTALLAS DE VIDEO, COMIDA, MAQUILLAJE O CUALQUIER OTRO ELEMENTO DISTRACTOR).",ESTRELLAMIENTOS,AUTOMOVIL,1,0,0,0,0,0,0,0,0,0,0,0,0,1,23,HOMBRE,ILESO,CONDUCTOR PRESENTE,NO,SI,0
18075,59801,59802,2019,0,0,-0.056125,-78.454885,PICHINCHA,QUITO,POMASQUI,URBANA,2019-03-22,16:30:00,16,VIERNES,5,MARZO,3,NO,"CONDUCIR DESATENTO A LAS CONDICIONES DE TRANSITO (CELULAR, PANTALLAS DE VIDEO, COMIDA, MAQUILLAJE O CUALQUIER OTRO ELEMENTO DISTRACTOR).",CHOQUE POSTERIOR,CAMION,1,0,0,1,0,0,0,0,0,0,0,0,1,3,65,HOMBRE,ILESO,CONDUCTOR PRESENTE,NO,SI,0
18076,59806,59807,2019,1,0,-0.172729,-78.453705,PICHINCHA,QUITO,QUITO,URBANA,2019-03-22,17:25:00,17,VIERNES,5,MARZO,3,NO,NO TRANSITAR POR LAS ACERAS O ZONAS DE SEGURIDAD DESTINADAS PARA EL EFECTO.,ATROPELLOS,NO IDENTIFICADO,0,0,0,0,0,0,0,0,0,1,0,0,0,1,19,MUJER,LESIONADO,PEATON,NO,NO,0
18077,59809,59810,2019,0,0,-0.289265,-78.537666,PICHINCHA,QUITO,QUITO,URBANA,2019-03-22,18:00:00,18,VIERNES,5,MARZO,3,NO,"ADELANTAR O REBASAR A OTRO VEHICULO EN MOVIMIENTO EN ZONAS O SITIOS PELIGROSOS TALES COMO: CURVAS, PUENTES, TUNELES, PENDIENTES, ETC.",ESTRELLAMIENTOS,CAMION,0,0,0,1,0,0,0,0,0,0,0,0,0,1,28,HOMBRE,ILESO,CONDUCTOR PRESENTE,NO,NO,0
18078,59812,59813,2019,1,0,-0.153709,-78.493667,PICHINCHA,QUITO,QUITO,URBANA,2019-03-22,19:00:00,19,VIERNES,5,MARZO,3,NO,NO CEDER EL DERECHO DE VIA O PREFERENCIA DE PASO A VEHICULOS.,CHOQUE LATERAL,MOTOCICLETA,1,0,0,0,0,0,0,0,1,0,0,0,0,2,28,HOMBRE,LESIONADO,CONDUCTOR PRESENTE,NO,NO,0
18079,59813,59814,2019,0,0,-0.295893,-78.529174,PICHINCHA,QUITO,QUITO,URBANA,2019-03-22,19:04:00,19,VIERNES,5,MARZO,3,NO,NO GUARDAR LA DISTANCIA LATERAL MINIMA DE SEGURIDAD ENTRE VEHICULOS.,ROZAMIENTOS,AUTOMOVIL,1,0,1,0,0,0,0,0,0,0,0,0,0,2,37,MUJER,ILESO,PASAJERO,NO,NO,0
18080,59824,59825,2019,0,0,-0.133554,-78.501956,PICHINCHA,QUITO,QUITO,URBANA,2019-03-22,21:30:00,21,VIERNES,5,MARZO,3,NO,"NO RESPETAR LAS SENIALES REGLAMENTARIAS DE TRANSITO. (PARE, CEDA EL PASO, LUZ ROJA DEL SEMAFORO, ETC).",ESTRELLAMIENTOS,MOTOCICLETA,1,0,0,0,0,0,0,0,1,0,0,0,0,2,28,HOMBRE,ILESO,CONDUCTOR PRESENTE,NO,NO,0
18081,59826,59827,2019,0,0,-0.272987,-78.547114,PICHINCHA,QUITO,QUITO,URBANA,2019-03-22,22:10:00,22,VIERNES,5,MARZO,3,NO,PEATON QUE CRUZA LA CALZADA SIN RESPETAR LA SENIALIZACION EXISTENTE (SEMAFOROS O SENIALES MANUALES).,ATROPELLOS,NO IDENTIFICADO,0,0,0,0,0,0,0,0,0,1,0,0,0,1,54,HOMBRE,ILESO,PEATON,NO,NO,0
18082,59830,59831,2019,0,0,-0.150438,-78.484261,PICHINCHA,QUITO,QUITO,URBANA,2019-03-22,23:25:00,23,VIERNES,5,MARZO,3,NO,"CONDICIONES AMBIENTALES Y/O ATMOSFERICAS (NIEBLA, NEBLINA, GRANIZO, LLUVIA).",ESTRELLAMIENTOS,AUTOMOVIL,1,0,0,0,0,0,0,0,0,0,0,0,0,1,6,MUJER,ILESO,PASAJERO,NO,NO,0
18083,59831,59832,2019,1,0,-0.279239,-78.552753,PICHINCHA,QUITO,QUITO,URBANA,2019-03-23,00:00:00,0,SABADO,6,MARZO,3,NO,"NO RESPETAR LAS SENIALES REGLAMENTARIAS DE TRANSITO. (PARE, CEDA EL PASO, LUZ ROJA DEL SEMAFORO, ETC).",ATROPELLOS,NO IDENTIFICADO,0,0,0,0,0,0,0,0,0,1,0,0,0,1,63,HOMBRE,LESIONADO,PEATON,NO,NO,0