,Unnamed: 0,ID,ANIO,LESIONADOS,FALLECIDOS,LATITUD_Y,LONGITUD_X,PROVINCIA,CANTON,PARROQUIA,ZONA,FECHA,HORA,PERIODO_2,DIA_1,DIA_2,MES_1,MES_2,FERIADO,CAUSA_PROBABLE,TIPO_DE_SINIESTRO,TIPO_DE_VEHICULO_1,AUTOMOVIL,BICICLETA,BUS,CAMION,CAMIONETA,EMERGENCIAS,ESPECIAL,FURGONETA,MOTOCICLETA,NO_IDENTIFICADO,SCOOTER_ELECTRICO,TRICIMOTO,VEHICULO_DEPORTIVO_UTILITARIO,SUMA_DE_VEHICULOS,EDAD_1,SEXO_1,CONDICION_1,PARTICIPANTE_1,CASCO_1,CINTURON_1,KMeans_Cluster
18084,59832,59833,2019,0,0,-0.133554,-78.501956,PICHINCHA,QUITO,QUITO,URBANA,2019-03-23,00:05:00,0,SABADO,6,MARZO,3,NO,"CONDUCE BAJO LA INFLUENCIA DE ALCOHOL, SUSTANCIAS ESTUPEFACIENTES O PSICOTROPICAS Y/O MEDICAMENTOS.",ESTRELLAMIENTOS,CAMIONETA,1,0,0,0,1,0,0,0,0,0,0,0,0,2,30,HOMBRE,ILESO,CONDUCTOR PRESENTE,NO,NO,0
18085,59834,59835,2019,0,0,-0.292286,-78.534826,PICHINCHA,QUITO,QUITO,URBANA,2019-03-23,01:10:00,1,SABADO,6,MARZO,3,NO,"CONDUCIR EN ESTADO DE SOMNOLENCIA O MALAS CONDICIONES FISICAS (SUENIO, CANSANCIO Y FATIGA).",ESTRELLAMIENTOS,FURGONETA,0,0,0,0,0,0,0,1,0,0,0,0,0,1,36,HOMBRE,ILESO,CONDUCTOR PRESENTE,NO,NO,0
18086,59836,59837,2019,0,0,-0.239732,-78.522687,PICHINCHA,QUITO,QUITO,URBANA,2019-03-23,01:45:00,1,SABADO,6,MARZO,3,NO,"CONDUCE BAJO LA INFLUENCIA DE ALCOHOL, SUSTANCIAS ESTUPEFACIENTES O PSICOTROPICAS Y/O MEDICAMENTOS.",ESTRELLAMIENTOS,AUTOMOVIL,3,0,0,0,0,0,0,0,0,0,0,0,0,3,21,HOMBRE,ILESO,CONDUCTOR PRESENTE,NO,NO,0
18087,59838,59839,2019,1,0,-0.232321,-78.484491,PICHINCHA,QUITO,QUITO,URBANA,2019-03-23,05:30:00,5,SABADO,6,MARZO,3,NO,CONDUCIR VEHICULO SUPERANDO LOS LIMITES MAXIMOS DE VELOCIDAD.,ESTRELLAMIENTOS,AUTOMOVIL,1,0,0,0,0,0,0,0,0,0,0,0,0,1,35,HOMBRE,LESIONADO,PASAJERO,NO,NO,0
18088,59839,59840,2019,0,1,-0.095442,-78.421244,PICHINCHA,QUITO,CALDERON (CARAPUNGO),RURAL,2019-03-23,05:45:00,5,SABADO,6,MARZO,3,NO,"ADELANTAR O REBASAR A OTRO VEHICULO EN MOVIMIENTO EN ZONAS O SITIOS PELIGROSOS TALES COMO: CURVAS, PUENTES, TUNELES, PENDIENTES, ETC.",CHOQUE FRONTAL,AUTOMOVIL,1,0,0,0,0,0,0,0,1,0,0,0,0,2,28,HOMBRE,FALLECIDO,CONDUCTOR PRESENTE,NO,NO,3
18089,59840,59841,2019,1,0,-0.151809,-78.497911,PICHINCHA,QUITO,QUITO,URBANA,2019-03-23,06:00:00,6,SABADO,6,MARZO,3,NO,"CONDICIONES AMBIENTALES Y/O ATMOSFERICAS (NIEBLA, NEBLINA, GRANIZO, LLUVIA).",PERDIDA DE PISTA,MOTOCICLETA,0,0,0,0,0,0,0,0,1,0,0,0,0,1,25,HOMBRE,LESIONADO,CONDUCTOR PRESENTE,NO,NO,0
18090,59842,59843,2019,0,0,-0.144659,-78.499809,PICHINCHA,QUITO,QUITO,URBANA,2019-03-23,07:00:00,7,SABADO,6,MARZO,3,NO,CONDUCIR VEHICULO SUPERANDO LOS LIMITES MAXIMOS DE VELOCIDAD.,OTROS,AUTOMOVIL,1,0,0,0,0,0,0,0,0,0,0,0,0,1,-1,NO IDENTIFICADO,NO IDENTIFICADO,CONDUCTOR AUSENTE,NO,NO,2
18091,59851,59852,2019,0,0,-0.199015,-78.493988,PICHINCHA,QUITO,QUITO,URBANA,2019-03-23,10:25:00,10,SABADO,6,MARZO,3,NO,NO MANTENER LA DISTANCIA PRUDENCIAL CON RESPECTO AL VEHICULO QUE LE ANTECEDE.,COLISION,FURGONETA,1,0,0,0,1,0,0,1,0,0,0,0,0,3,70,HOMBRE,ILESO,CONDUCTOR PRESENTE,NO,NO,0
18092,59858,59859,2019,2,0,-0.210533,-78.382613,PICHINCHA,QUITO,TUMBACO,RURAL,2019-03-23,12:20:00,12,SABADO,6,MARZO,3,NO,CONDUCIR VEHICULO SUPERANDO LOS LIMITES MAXIMOS DE VELOCIDAD.,VOLCAMIENTOS,MOTOCICLETA,0,0,0,0,0,0,0,0,1,0,0,0,0,1,16,HOMBRE,LESIONADO,PASAJERO,NO,NO,3
18093,59859,59860,2019,1,0,-0.132009,-78.481715,PICHINCHA,QUITO,QUITO,URBANA,2019-03-23,12:30:00,12,SABADO,6,MARZO,3,NO,NO CEDER EL DERECHO DE VIA O PREFERENCIA DE PASO AL PEATON.,ATROPELLOS,NO IDENTIFICADO,0,0,0,0,0,0,0,0,0,1,0,0,0,1,20,HOMBRE,LESIONADO,PEATON,NO,NO,0
18094,59868,59869,2019,1,0,-0.279539,-78.558061,PICHINCHA,QUITO,QUITO,URBANA,2019-03-23,15:00:00,15,SABADO,6,MARZO,3,NO,"CONDICIONES AMBIENTALES Y/O ATMOSFERICAS (NIEBLA, NEBLINA, GRANIZO, LLUVIA).",CHOQUE LATERAL,AUTOMOVIL,2,0,0,0,0,0,0,0,0,0,0,0,0,2,8,MUJER,LESIONADO,PASAJERO,NO,NO,0
18095,59869,59870,2019,1,0,-0.129187,-78.502316,PICHINCHA,QUITO,QUITO,URBANA,2019-03-23,15:25:00,15,SABADO,6,MARZO,3,NO,CONDUCIR VEHICULO SUPERANDO LOS LIMITES MAXIMOS DE VELOCIDAD.,CHOQUE LATERAL,MOTOCICLETA,0,0,0,0,0,0,0,0,1,1,0,0,0,2,26,HOMBRE,LESIONADO,CONDUCTOR PRESENTE,NO,NO,0
18096,59871,59872,2019,1,0,-0.095004,-78.457907,PICHINCHA,QUITO,QUITO,RURAL,2019-03-23,15:30:00,15,SABADO,6,MARZO,3,NO,NO MANTENER LA DISTANCIA PRUDENCIAL CON RESPECTO AL VEHICULO QUE LE ANTECEDE.,CHOQUE POSTERIOR,MOTOCICLETA,1,0,0,0,0,0,0,0,1,0,0,0,0,2,28,HOMBRE,LESIONADO,CONDUCTOR PRESENTE,NO,NO,3
18097,59872,59873,2019,0,0,-0.288333,-78.503528,PICHINCHA,QUITO,CONOCOTO,URBANA,2019-03-23,15:50:00,15,SABADO,6,MARZO,3,NO,NO MANTENER LA DISTANCIA PRUDENCIAL CON RESPECTO AL VEHICULO QUE LE ANTECEDE.,CHOQUE POSTERIOR,AUTOMOVIL,2,0,0,0,0,0,0,0,0,0,0,0,0,2,20,HOMBRE,ILESO,CONDUCTOR PRESENTE,NO,NO,0
18098,59876,59877,2019,0,0,-0.187785,-78.487661,PICHINCHA,QUITO,QUITO,URBANA,2019-03-23,17:30:00,17,SABADO,6,MARZO,3,NO,"CONDICIONES AMBIENTALES Y/O ATMOSFERICAS (NIEBLA, NEBLINA, GRANIZO, LLUVIA).",CHOQUE LATERAL,AUTOMOVIL,2,0,0,0,0,0,0,0,0,0,0,0,0,2,66,MUJER,ILESO,CONDUCTOR PRESENTE,NO,NO,0
18099,59878,59879,2019,0,0,-0.203827,-78.502028,PICHINCHA,QUITO,QUITO,URBANA,2019-03-23,18:10:00,18,SABADO,6,MARZO,3,NO,"NO RESPETAR LAS SENIALES REGLAMENTARIAS DE TRANSITO. (PARE, CEDA EL PASO, LUZ ROJA DEL SEMAFORO, ETC).",CHOQUE LATERAL,AUTOMOVIL,2,0,0,0,0,0,0,0,0,0,0,0,0,2,37,HOMBRE,ILESO,CONDUCTOR PRESENTE,NO,NO,0
18100,59880,59881,2019,1,0,-0.269444,-78.545401,PICHINCHA,QUITO,QUITO,URBANA,2019-03-23,19:55:00,19,SABADO,6,MARZO,3,NO,NO CEDER EL DERECHO DE VIA O PREFERENCIA DE PASO AL PEATON.,ATROPELLOS,AUTOMOVIL,1,0,0,0,0,0,0,0,0,0,0,0,0,1,7,HOMBRE,LESIONADO,PEATON,NO,NO,0
18101,59881,59882,2019,1,0,-0.096378,-78.511462,PICHINCHA,QUITO,QUITO,URBANA,2019-03-23,20:00:00,20,SABADO,6,MARZO,3,NO,PEATON QUE CRUZA LA CALZADA SIN RESPETAR LA SENIALIZACION EXISTENTE (SEMAFOROS O SENIALES MANUALES).,ATROPELLOS,MOTOCICLETA,0,0,0,0,0,0,0,0,1,0,0,0,0,1,64,MUJER,LESIONADO,PEATON,NO,NO,0
18102,59882,59883,2019,0,0,-0.287051,-78.531139,PICHINCHA,QUITO,QUITO,URBANA,2019-03-23,20:10:00,20,SABADO,6,MARZO,3,NO,CONDUCIR VEHICULO SUPERANDO LOS LIMITES MAXIMOS DE VELOCIDAD.,ESTRELLAMIENTOS,AUTOMOVIL,1,0,0,0,0,0,0,0,0,0,0,0,0,1,-1,NO IDENTIFICADO,NO IDENTIFICADO,CONDUCTOR AUSENTE,NO,NO,2
18103,59886,59887,2019,1,0,-0.098527,-78.513191,PICHINCHA,QUITO,QUITO,URBANA,2019-03-23,22:00:00,22,SABADO,6,MARZO,3,NO,NO CEDER EL DERECHO DE VIA O PREFERENCIA DE PASO A VEHICULOS.,CHOQUE LATERAL,MOTOCICLETA,0,0,0,0,0,0,0,0,1,1,0,0,0,2,19,HOMBRE,LESIONADO,CONDUCTOR PRESENTE,NO,NO,0
18104,59889,59890,2019,0,0,-0.197511,-78.500475,PICHINCHA,QUITO,QUITO,URBANA,2019-03-24,00:07:00,0,DOMINGO,7,MARZO,3,NO,REALIZAR CAMBIO BRUSCO O INDEBIDO DE CARRIL.,CHOQUE LATERAL,AUTOMOVIL,2,0,0,0,0,0,0,0,0,0,0,0,0,2,25,HOMBRE,ILESO,CONDUCTOR PRESENTE,NO,NO,0
18105,59891,59892,2019,1,0,-0.111386,-78.498111,PICHINCHA,QUITO,QUITO,URBANA,2019-03-24,01:00:00,1,DOMINGO,7,MARZO,3,NO,"CONDUCIR EN ESTADO DE SOMNOLENCIA O MALAS CONDICIONES FISICAS (SUENIO, CANSANCIO Y FATIGA).",ESTRELLAMIENTOS,AUTOMOVIL,1,0,0,0,0,0,0,0,0,0,0,0,0,1,33,HOMBRE,LESIONADO,CONDUCTOR PRESENTE,NO,NO,0
18106,59894,59895,2019,0,0,-0.233665,-78.508879,PICHINCHA,QUITO,QUITO,URBANA,2019-03-24,03:00:00,3,DOMINGO,7,MARZO,3,NO,CONDUCIR VEHICULO SUPERANDO LOS LIMITES MAXIMOS DE VELOCIDAD.,ESTRELLAMIENTOS,CAMIONETA,0,0,0,0,1,0,0,0,0,0,0,0,0,1,-1,NO IDENTIFICADO,NO IDENTIFICADO,CONDUCTOR AUSENTE,NO,NO,2
18107,59895,59896,2019,0,0,-0.137776,-78.482531,PICHINCHA,QUITO,QUITO,URBANA,2019-03-24,03:16:00,3,DOMINGO,7,MARZO,3,NO,"CONDUCIR EN ESTADO DE SOMNOLENCIA O MALAS CONDICIONES FISICAS (SUENIO, CANSANCIO Y FATIGA).",ESTRELLAMIENTOS,AUTOMOVIL,1,0,0,0,0,0,0,0,0,0,0,0,0,1,-1,NO IDENTIFICADO,NO IDENTIFICADO,CONDUCTOR AUSENTE,NO,NO,2
18108,59906,59907,2019,0,0,-0.232716,-78.503774,PICHINCHA,QUITO,QUITO,URBANA,2019-03-24,09:40:00,9,DOMINGO,7,MARZO,3,NO,NO MANTENER LA DISTANCIA PRUDENCIAL CON RESPECTO AL VEHICULO QUE LE ANTECEDE.,CHOQUE POSTERIOR,AUTOMOVIL,1,0,0,0,0,0,0,1,0,0,0,0,0,2,29,MUJER,ILESO,CONDUCTOR PRESENTE,NO,NO,0
18109,59909,59910,2019,0,0,-0.255277,-78.490506,PICHINCHA,QUITO,QUITO,URBANA,2019-03-24,10:38:00,10,DOMINGO,7,MARZO,3,NO,CONDUCIR VEHICULO SUPERANDO LOS LIMITES MAXIMOS DE VELOCIDAD.,ESTRELLAMIENTOS,CAMION,0,0,0,1,0,0,0,0,0,0,0,0,0,1,47,HOMBRE,ILESO,CONDUCTOR PRESENTE,NO,NO,0
18110,59910,59911,2019,1,0,-0.106899,-78.492375,PICHINCHA,QUITO,QUITO,URBANA,2019-03-24,11:25:00,11,DOMINGO,7,MARZO,3,NO,"CONDUCIR DESATENTO A LAS CONDICIONES DE TRANSITO (CELULAR, PANTALLAS DE VIDEO, COMIDA, MAQUILLAJE O CUALQUIER OTRO ELEMENTO DISTRACTOR).",OTROS,BUS,0,0,1,0,0,0,0,0,0,0,0,0,0,1,6,HOMBRE,LESIONADO,PEATON,NO,NO,0
18111,59917,59918,2019,0,0,-0.095391,-78.421921,PICHINCHA,QUITO,CALDERON (CARAPUNGO),RURAL,2019-03-24,14:00:00,14,DOMINGO,7,MARZO,3,NO,NO MANTENER LA DISTANCIA PRUDENCIAL CON RESPECTO AL VEHICULO QUE LE ANTECEDE.,COLISION,AUTOMOVIL,3,0,0,0,0,0,0,0,0,0,0,0,0,3,21,HOMBRE,ILESO,CONDUCTOR PRESENTE,NO,NO,3
18112,59919,59920,2019,2,0,-0.153537,-78.466901,PICHINCHA,QUITO,QUITO,URBANA,2019-03-24,14:28:00,14,DOMINGO,7,MARZO,3,NO,NO MANTENER LA DISTANCIA PRUDENCIAL CON RESPECTO AL VEHICULO QUE LE ANTECEDE.,CHOQUE POSTERIOR,CAMIONETA,1,0,0,0,1,0,0,0,0,0,0,0,0,2,4,HOMBRE,LESIONADO,PASAJERO,NO,SI,0
18113,59920,59921,2019,1,0,-0.189897,-78.469894,PICHINCHA,QUITO,QUITO,URBANA,2019-03-24,14:40:00,14,DOMINGO,7,MARZO,3,NO,"CONDUCE BAJO LA INFLUENCIA DE ALCOHOL, SUSTANCIAS ESTUPEFACIENTES O PSICOTROPICAS Y/O MEDICAMENTOS.",ATROPELLOS,AUTOMOVIL,1,0,0,0,0,0,0,0,0,0,0,0,0,1,18,MUJER,LESIONADO,PEATON,NO,NO,0
18114,59927,59928,2019,0,0,-0.129461,-78.476388,PICHINCHA,QUITO,QUITO,URBANA,2019-03-24,15:55:00,15,DOMINGO,7,MARZO,3,NO,"FALLA MECANICA EN LOS SISTEMAS Y/O NEUMATICOS (SISTEMA DE FRENOS, DIRECCION, ELECTRONICO O MECANICO).",COLISION,AUTOMOVIL,3,0,0,0,0,0,0,0,0,0,0,0,0,3,45,MUJER,ILESO,PASAJERO,NO,NO,0
18115,59931,59932,2019,1,0,-0.282706,-78.552501,PICHINCHA,QUITO,QUITO,URBANA,2019-03-24,16:50:00,16,DOMINGO,7,MARZO,3,NO,NO CEDER EL DERECHO DE VIA O PREFERENCIA DE PASO A VEHICULOS.,CHOQUE LATERAL,AUTOMOVIL,2,0,0,0,0,0,0,0,0,0,0,0,0,2,10,MUJER,LESIONADO,PASAJERO,NO,NO,0
18116,59937,59938,2019,0,0,-0.077395,-78.455448,PICHINCHA,QUITO,QUITO,RURAL,2019-03-24,19:00:00,19,DOMINGO,7,MARZO,3,NO,"CONDUCE BAJO LA INFLUENCIA DE ALCOHOL, SUSTANCIAS ESTUPEFACIENTES O PSICOTROPICAS Y/O MEDICAMENTOS.",CHOQUE LATERAL,AUTOMOVIL,2,0,0,0,0,0,0,0,0,0,0,0,0,2,18,HOMBRE,ILESO,CONDUCTOR PRESENTE,NO,NO,3
18117,59938,59939,2019,0,0,-0.077395,-78.455448,PICHINCHA,QUITO,QUITO,RURAL,2019-03-24,19:00:00,19,DOMINGO,7,MARZO,3,NO,CONDUCIR VEHICULO SUPERANDO LOS LIMITES MAXIMOS DE VELOCIDAD.,CHOQUE LATERAL,AUTOMOVIL,3,0,0,0,0,0,0,0,0,0,0,0,0,3,31,MUJER,ILESO,CONDUCTOR PRESENTE,NO,NO,3
18118,59951,59952,2019,0,0,-0.298802,-78.506521,PICHINCHA,QUITO,CONOCOTO,RURAL,2019-03-24,23:00:00,23,DOMINGO,7,MARZO,3,NO,CONDUCIR VEHICULO SUPERANDO LOS LIMITES MAXIMOS DE VELOCIDAD.,PERDIDA DE PISTA,AUTOMOVIL,1,0,0,0,0,0,0,0,0,0,0,0,0,1,-1,NO IDENTIFICADO,NO IDENTIFICADO,CONDUCTOR AUSENTE,NO,NO,2
18119,59953,59954,2019,1,0,-0.153694,-78.494331,PICHINCHA,QUITO,QUITO,URBANA,2019-03-24,23:40:00,23,DOMINGO,7,MARZO,3,NO,"CONDUCIR DESATENTO A LAS CONDICIONES DE TRANSITO (CELULAR, PANTALLAS DE VIDEO, COMIDA, MAQUILLAJE O CUALQUIER OTRO ELEMENTO DISTRACTOR).",OTROS,NO IDENTIFICADO,0,0,0,0,0,0,0,0,0,1,0,0,0,1,22,HOMBRE,LESIONADO,PASAJERO,NO,NO,0
18120,59954,59955,2019,1,0,-0.291889,-78.558471,PICHINCHA,QUITO,QUITO,URBANA,2019-03-25,00:05:00,0,LUNES,1,MARZO,3,NO,CONDUCIR VEHICULO SUPERANDO LOS LIMITES MAXIMOS DE VELOCIDAD.,PERDIDA DE PISTA,MOTOCICLETA,0,0,0,0,0,0,0,0,1,0,0,0,0,1,29,HOMBRE,LESIONADO,CONDUCTOR PRESENTE,NO,NO,0
18121,59965,59966,2019,0,0,-0.197826,-78.466466,PICHINCHA,QUITO,QUITO,RURAL,2019-03-25,07:00:00,7,LUNES,1,MARZO,3,NO,CONDUCIR VEHICULO SUPERANDO LOS LIMITES MAXIMOS DE VELOCIDAD.,COLISION,CAMIONETA,2,0,0,0,1,0,0,0,0,0,0,0,0,3,9,HOMBRE,ILESO,PASAJERO,NO,NO,3
18122,59971,59972,2019,1,0,-0.169296,-78.476348,PICHINCHA,QUITO,QUITO,URBANA,2019-03-25,08:50:00,8,LUNES,1,MARZO,3,NO,PEATON QUE CRUZA LA CALZADA SIN RESPETAR LA SENIALIZACION EXISTENTE (SEMAFOROS O SENIALES MANUALES).,ATROPELLOS,BUS,0,0,1,0,0,0,0,0,0,0,0,0,0,1,27,MUJER,LESIONADO,PEATON,NO,NO,0
18123,59978,59979,2019,0,0,-0.174801,-78.502052,PICHINCHA,QUITO,QUITO,URBANA,2019-03-25,12:00:00,12,LUNES,1,MARZO,3,NO,"CONDUCIR DESATENTO A LAS CONDICIONES DE TRANSITO (CELULAR, PANTALLAS DE VIDEO, COMIDA, MAQUILLAJE O CUALQUIER OTRO ELEMENTO DISTRACTOR).",ESTRELLAMIENTOS,AUTOMOVIL,2,0,0,0,0,0,0,0,0,0,0,0,0,2,24,HOMBRE,ILESO,CONDUCTOR PRESENTE,NO,NO,0
18124,59980,59981,2019,1,0,-0.252466,-78.515731,PICHINCHA,QUITO,QUITO,URBANA,2019-03-25,12:30:00,12,LUNES,1,MARZO,3,NO,NO TRANSITAR POR LAS ACERAS O ZONAS DE SEGURIDAD DESTINADAS PARA EL EFECTO.,ATROPELLOS,AUTOMOVIL,1,0,0,0,0,0,0,0,0,0,0,0,0,1,1,HOMBRE,LESIONADO,PEATON,NO,NO,0
18125,59996,59997,2019,0,0,-0.276285,-78.556668,PICHINCHA,QUITO,QUITO,URBANA,2019-03-25,18:40:00,18,LUNES,1,MARZO,3,NO,"CONDUCE BAJO LA INFLUENCIA DE ALCOHOL, SUSTANCIAS ESTUPEFACIENTES O PSICOTROPICAS Y/O MEDICAMENTOS.",ESTRELLAMIENTOS,AUTOMOVIL,3,0,0,0,0,0,0,0,0,0,0,0,0,3,24,MUJER,ILESO,CONDUCTOR PRESENTE,NO,NO,0
18126,60002,60003,2019,1,0,-0.065942,-78.416251,PICHINCHA,QUITO,CALDERON (CARAPUNGO),RURAL,2019-03-25,20:20:00,20,LUNES,1,MARZO,3,NO,NO CEDER EL DERECHO DE VIA O PREFERENCIA DE PASO AL PEATON.,ATROPELLOS,MOTOCICLETA,0,0,0,0,0,0,0,0,1,0,0,0,0,1,9,HOMBRE,LESIONADO,PEATON,NO,NO,3
18127,60006,60007,2019,1,0,-0.258125,-78.558591,PICHINCHA,QUITO,QUITO,URBANA,2019-03-25,21:10:00,21,LUNES,1,MARZO,3,NO,DANIOS MECANICOS PREVISIBLES.,OTROS,CAMION,0,0,0,1,0,0,0,0,0,0,0,0,0,1,44,HOMBRE,LESIONADO,CONDUCTOR PRESENTE,NO,NO,0
18128,60010,60011,2019,0,0,-0.214494,-78.516935,PICHINCHA,QUITO,QUITO,URBANA,2019-03-25,22:41:00,22,LUNES,1,MARZO,3,NO,"CONDUCE BAJO LA INFLUENCIA DE ALCOHOL, SUSTANCIAS ESTUPEFACIENTES O PSICOTROPICAS Y/O MEDICAMENTOS.",ROZAMIENTOS,AUTOMOVIL,1,0,0,0,0,0,0,0,1,0,0,0,0,2,21,HOMBRE,ILESO,CONDUCTOR PRESENTE,NO,NO,0
18129,60013,60014,2019,0,0,-0.220981,-78.515443,PICHINCHA,QUITO,QUITO,URBANA,2019-03-25,23:30:00,23,LUNES,1,MARZO,3,NO,"NO RESPETAR LAS SENIALES REGLAMENTARIAS DE TRANSITO. (PARE, CEDA EL PASO, LUZ ROJA DEL SEMAFORO, ETC).",ESTRELLAMIENTOS,AUTOMOVIL,2,0,0,0,0,0,0,0,0,0,0,0,0,2,16,HOMBRE,ILESO,PASAJERO,NO,NO,0
18130,60017,60018,2019,1,0,-0.180773,-78.478625,PICHINCHA,QUITO,QUITO,URBANA,2019-03-26,01:30:00,1,MARTES,2,MARZO,3,NO,CONDUCIR VEHICULO SUPERANDO LOS LIMITES MAXIMOS DE VELOCIDAD.,CHOQUE LATERAL,BICICLETA,0,1,0,0,0,0,0,0,0,1,0,0,0,2,20,HOMBRE,LESIONADO,CONDUCTOR PRESENTE,NO,NO,0
18131,60023,60024,2019,0,0,-0.254554,-78.530844,PICHINCHA,QUITO,QUITO,URBANA,2019-03-26,07:00:00,7,MARTES,2,MARZO,3,NO,"CONDUCE BAJO LA INFLUENCIA DE ALCOHOL, SUSTANCIAS ESTUPEFACIENTES O PSICOTROPICAS Y/O MEDICAMENTOS.",CHOQUE LATERAL,AUTOMOVIL,2,0,0,0,0,0,0,0,0,0,0,0,0,2,37,HOMBRE,ILESO,CONDUCTOR PRESENTE,NO,NO,0
18132,60026,60027,2019,1,0,-0.206451,-78.512129,PICHINCHA,QUITO,QUITO,URBANA,2019-03-26,08:19:00,8,MARTES,2,MARZO,3,NO,"NO RESPETAR LAS SENIALES REGLAMENTARIAS DE TRANSITO. (PARE, CEDA EL PASO, LUZ ROJA DEL SEMAFORO, ETC).",ESTRELLAMIENTOS,MOTOCICLETA,0,0,0,0,0,0,0,0,1,0,0,0,0,1,24,HOMBRE,LESIONADO,CONDUCTOR PRESENTE,NO,NO,0
18133,60030,60031,2019,0,0,-0.328479,-78.522294,PICHINCHA,QUITO,QUITO,URBANA,2019-03-26,09:25:00,9,MARTES,2,MARZO,3,NO,NO GUARDAR LA DISTANCIA LATERAL MINIMA DE SEGURIDAD ENTRE VEHICULOS.,ROZAMIENTOS,AUTOMOVIL,2,0,0,1,0,0,0,0,0,0,0,0,0,3,47,HOMBRE,ILESO,CONDUCTOR PRESENTE,NO,NO,0
18134,60031,60032,2019,0,0,-0.150393,-78.453592,PICHINCHA,QUITO,QUITO,RURAL,2019-03-26,09:33:00,9,MARTES,2,MARZO,3,NO,"FALLA MECANICA EN LOS SISTEMAS Y/O NEUMATICOS (SISTEMA DE FRENOS, DIRECCION, ELECTRONICO O MECANICO).",COLISION,AUTOMOVIL,3,0,0,0,0,0,0,0,0,0,0,0,0,3,49,MUJER,ILESO,CONDUCTOR PRESENTE,NO,NO,3
18135,60034,60035,2019,0,0,-0.150913,-78.501405,PICHINCHA,QUITO,QUITO,URBANA,2019-03-26,10:10:00,10,MARTES,2,MARZO,3,NO,CONDUCIR VEHICULO SUPERANDO LOS LIMITES MAXIMOS DE VELOCIDAD.,CHOQUE LATERAL,CAMION,0,0,0,1,1,0,0,0,0,0,0,0,0,2,35,HOMBRE,ILESO,CONDUCTOR PRESENTE,NO,NO,0
18136,60036,60037,2019,1,0,-0.157864,-78.321591,PICHINCHA,QUITO,YARUQUI,RURAL,2019-03-26,12:40:00,12,MARTES,2,MARZO,3,NO,"FALLA MECANICA EN LOS SISTEMAS Y/O NEUMATICOS (SISTEMA DE FRENOS, DIRECCION, ELECTRONICO O MECANICO).",CHOQUE POSTERIOR,AUTOMOVIL,1,0,0,0,1,0,0,0,0,0,0,0,0,2,41,HOMBRE,LESIONADO,CONDUCTOR PRESENTE,NO,NO,3
18137,60041,60042,2019,0,0,-0.294681,-78.476295,PICHINCHA,QUITO,CONOCOTO,RURAL,2019-03-26,14:20:00,14,MARTES,2,MARZO,3,NO,"CONDUCIR DESATENTO A LAS CONDICIONES DE TRANSITO (CELULAR, PANTALLAS DE VIDEO, COMIDA, MAQUILLAJE O CUALQUIER OTRO ELEMENTO DISTRACTOR).",CHOQUE LATERAL,CAMIONETA,1,0,0,0,1,0,0,0,0,0,0,0,0,2,55,HOMBRE,ILESO,CONDUCTOR PRESENTE,NO,NO,3
18138,60042,60043,2019,0,0,-0.206451,-78.512129,PICHINCHA,QUITO,QUITO,RURAL,2019-03-26,14:26:00,14,MARTES,2,MARZO,3,NO,CONDUCIR VEHICULO SUPERANDO LOS LIMITES MAXIMOS DE VELOCIDAD.,ESTRELLAMIENTOS,AUTOMOVIL,1,0,0,0,0,0,0,0,0,0,0,0,0,1,53,MUJER,ILESO,CONDUCTOR PRESENTE,NO,NO,3
18139,60044,60045,2019,1,0,-0.039795,-78.454885,PICHINCHA,QUITO,POMASQUI,RURAL,2019-03-26,16:00:00,16,MARTES,2,MARZO,3,NO,CONDUCIR VEHICULO SUPERANDO LOS LIMITES MAXIMOS DE VELOCIDAD.,PERDIDA DE CARRIL,CAMIONETA,0,0,0,0,1,0,0,0,0,0,0,0,0,1,58,HOMBRE,LESIONADO,CONDUCTOR PRESENTE,NO,SI,3
18140,60047,60048,2019,0,0,-0.288077,-78.549252,PICHINCHA,QUITO,QUITO,URBANA,2019-03-26,18:00:00,18,MARTES,2,MARZO,3,NO,"FALLA MECANICA EN LOS SISTEMAS Y/O NEUMATICOS (SISTEMA DE FRENOS, DIRECCION, ELECTRONICO O MECANICO).",ESTRELLAMIENTOS,AUTOMOVIL,1,0,0,0,0,0,0,0,0,0,0,0,0,1,-1,NO IDENTIFICADO,NO IDENTIFICADO,CONDUCTOR AUSENTE,NO,NO,2
18141,60049,60050,2019,1,0,-0.301964,-78.542378,PICHINCHA,QUITO,QUITO,URBANA,2019-03-26,19:35:00,19,MARTES,2,MARZO,3,NO,NO TRANSITAR POR LAS ACERAS O ZONAS DE SEGURIDAD DESTINADAS PARA EL EFECTO.,ATROPELLOS,NO IDENTIFICADO,0,0,0,0,0,0,0,0,0,1,0,0,0,1,14,HOMBRE,LESIONADO,PEATON,NO,NO,0
18142,60051,60052,2019,1,0,-0.280381,-78.556709,PICHINCHA,QUITO,QUITO,URBANA,2019-03-26,19:50:00,19,MARTES,2,MARZO,3,NO,NO TRANSITAR POR LAS ACERAS O ZONAS DE SEGURIDAD DESTINADAS PARA EL EFECTO.,ATROPELLOS,AUTOMOVIL,1,0,0,0,0,0,0,0,0,0,0,0,0,1,38,HOMBRE,LESIONADO,PEATON,NO,NO,0
18143,60055,60056,2019,0,0,-0.262566,-78.527069,PICHINCHA,QUITO,QUITO,URBANA,2019-03-26,21:10:00,21,MARTES,2,MARZO,3,NO,NO GUARDAR LA DISTANCIA LATERAL MINIMA DE SEGURIDAD ENTRE VEHICULOS.,CHOQUE LATERAL,AUTOMOVIL,2,0,0,0,0,0,0,0,0,0,0,0,0,2,34,MUJER,ILESO,CONDUCTOR PRESENTE,NO,NO,0