,Unnamed: 0,ID,ANIO,LESIONADOS,FALLECIDOS,LATITUD_Y,LONGITUD_X,PROVINCIA,CANTON,PARROQUIA,ZONA,FECHA,HORA,PERIODO_2,DIA_1,DIA_2,MES_1,MES_2,FERIADO,CAUSA_PROBABLE,TIPO_DE_SINIESTRO,TIPO_DE_VEHICULO_1,AUTOMOVIL,BICICLETA,BUS,CAMION,CAMIONETA,EMERGENCIAS,ESPECIAL,FURGONETA,MOTOCICLETA,NO_IDENTIFICADO,SCOOTER_ELECTRICO,TRICIMOTO,VEHICULO_DEPORTIVO_UTILITARIO,SUMA_DE_VEHICULOS,EDAD_1,SEXO_1,CONDICION_1,PARTICIPANTE_1,CASCO_1,CINTURON_1,KMeans_Cluster
18202,60345,60346,2019,1,0,-0.108255,-78.461339,PICHINCHA,QUITO,CALDERON (CARAPUNGO),RURAL,2019-03-31,09:50:00,9,DOMINGO,7,MARZO,3,NO,"CONDUCE BAJO LA INFLUENCIA DE ALCOHOL, SUSTANCIAS ESTUPEFACIENTES O PSICOTROPICAS Y/O MEDICAMENTOS.",ATROPELLOS,CAMIONETA,0,0,0,0,1,0,0,0,0,0,0,0,0,1,25,HOMBRE,LESIONADO,PEATON,NO,NO,3
18203,60348,60349,2019,1,0,-0.256787,-78.556607,PICHINCHA,QUITO,QUITO,URBANA,2019-03-31,10:25:00,10,DOMINGO,7,MARZO,3,NO,CONDUCIR VEHICULO SUPERANDO LOS LIMITES MAXIMOS DE VELOCIDAD.,ESTRELLAMIENTOS,BUS,0,0,1,0,0,0,0,0,0,0,0,0,0,1,28,HOMBRE,LESIONADO,PASAJERO,NO,NO,0
18204,60350,60351,2019,0,0,-0.176717,-78.480528,PICHINCHA,QUITO,QUITO,URBANA,2019-03-31,11:05:00,11,DOMINGO,7,MARZO,3,NO,NO MANTENER LA DISTANCIA PRUDENCIAL CON RESPECTO AL VEHICULO QUE LE ANTECEDE.,CHOQUE POSTERIOR,AUTOMOVIL,1,0,1,0,0,0,0,0,0,0,0,0,0,2,35,HOMBRE,ILESO,CONDUCTOR PRESENTE,NO,NO,0
18205,60354,60355,2019,1,0,-0.308946,-78.562583,PICHINCHA,QUITO,QUITO,URBANA,2019-03-31,12:00:00,12,DOMINGO,7,MARZO,3,NO,NO CEDER EL DERECHO DE VIA O PREFERENCIA DE PASO AL PEATON.,ATROPELLOS,NO IDENTIFICADO,0,0,0,0,0,0,0,0,0,1,0,0,0,1,9,HOMBRE,LESIONADO,PEATON,NO,NO,0
18206,60379,60380,2019,2,0,-0.244063,-78.533462,PICHINCHA,QUITO,QUITO,URBANA,2019-03-31,19:00:00,19,DOMINGO,7,MARZO,3,NO,NO CEDER EL DERECHO DE VIA O PREFERENCIA DE PASO AL PEATON.,ATROPELLOS,MOTOCICLETA,0,0,0,0,0,0,0,0,1,0,0,0,0,1,85,HOMBRE,LESIONADO,PEATON,NO,NO,0
18207,60388,60389,2019,2,0,-0.274405,-78.555344,PICHINCHA,QUITO,QUITO,URBANA,2019-03-31,20:15:00,20,DOMINGO,7,MARZO,3,NO,"ADELANTAR O REBASAR A OTRO VEHICULO EN MOVIMIENTO EN ZONAS O SITIOS PELIGROSOS TALES COMO: CURVAS, PUENTES, TUNELES, PENDIENTES, ETC.",CHOQUE FRONTAL,MOTOCICLETA,1,0,0,0,0,0,0,0,1,0,0,0,0,2,15,HOMBRE,LESIONADO,PASAJERO,NO,NO,0
18208,60389,60390,2019,0,0,-0.144701,-78.483489,PICHINCHA,QUITO,QUITO,URBANA,2019-03-31,21:20:00,21,DOMINGO,7,MARZO,3,NO,"CONDUCE BAJO LA INFLUENCIA DE ALCOHOL, SUSTANCIAS ESTUPEFACIENTES O PSICOTROPICAS Y/O MEDICAMENTOS.",CHOQUE LATERAL,CAMIONETA,1,0,0,0,1,0,0,0,0,0,0,0,0,2,31,HOMBRE,ILESO,CONDUCTOR PRESENTE,NO,NO,0
18209,60392,60393,2019,0,0,-0.244336,-78.539172,PICHINCHA,QUITO,QUITO,URBANA,2019-03-31,22:30:00,22,DOMINGO,7,MARZO,3,NO,REALIZAR CAMBIO BRUSCO O INDEBIDO DE CARRIL.,CHOQUE LATERAL,AUTOMOVIL,1,0,0,0,0,0,0,0,0,1,0,0,0,2,46,HOMBRE,ILESO,CONDUCTOR PRESENTE,NO,NO,0
18210,60394,60395,2019,0,0,-0.144818,-78.498941,PICHINCHA,QUITO,QUITO,URBANA,2019-03-31,23:00:00,23,DOMINGO,7,MARZO,3,NO,CONDUCIR VEHICULO SUPERANDO LOS LIMITES MAXIMOS DE VELOCIDAD.,ESTRELLAMIENTOS,AUTOMOVIL,1,0,0,0,0,0,0,0,0,0,0,0,0,1,-1,NO IDENTIFICADO,NO IDENTIFICADO,CONDUCTOR AUSENTE,NO,NO,2
18211,60396,60397,2019,1,0,-0.121626,-78.493929,PICHINCHA,QUITO,QUITO,URBANA,2019-03-31,23:15:00,23,DOMINGO,7,MARZO,3,NO,"NO RESPETAR LAS SENIALES REGLAMENTARIAS DE TRANSITO. (PARE, CEDA EL PASO, LUZ ROJA DEL SEMAFORO, ETC).",CHOQUE LATERAL,MOTOCICLETA,1,0,0,0,0,0,0,0,1,0,0,0,0,2,21,HOMBRE,LESIONADO,CONDUCTOR PRESENTE,NO,NO,0
18212,60403,60404,2019,0,1,-0.174858,-78.407053,PICHINCHA,QUITO,TUMBACO,RURAL,2019-04-01,05:00:00,5,LUNES,1,ABRIL,4,NO,NO TRANSITAR POR LAS ACERAS O ZONAS DE SEGURIDAD DESTINADAS PARA EL EFECTO.,ATROPELLOS,NO IDENTIFICADO,0,0,0,0,0,0,0,0,0,1,0,0,0,1,67,HOMBRE,FALLECIDO,PEATON,NO,NO,3
18213,60405,60406,2019,6,0,-0.237679,-78.509248,PICHINCHA,QUITO,QUITO,URBANA,2019-04-01,05:45:00,5,LUNES,1,ABRIL,4,NO,"ADELANTAR O REBASAR A OTRO VEHICULO EN MOVIMIENTO EN ZONAS O SITIOS PELIGROSOS TALES COMO: CURVAS, PUENTES, TUNELES, PENDIENTES, ETC.",CHOQUE FRONTAL,CAMIONETA,1,0,0,0,1,0,0,0,0,0,0,0,0,2,35,MUJER,LESIONADO,PASAJERO,NO,NO,0
18214,60406,60407,2019,0,0,-0.284269,-78.518971,PICHINCHA,QUITO,QUITO,URBANA,2019-04-01,06:10:00,6,LUNES,1,ABRIL,4,NO,REALIZAR CAMBIO BRUSCO O INDEBIDO DE CARRIL.,COLISION,CAMIONETA,2,0,0,0,1,0,0,0,0,0,0,0,0,3,29,HOMBRE,ILESO,CONDUCTOR PRESENTE,NO,NO,0
18215,60411,60412,2019,0,0,-0.093909,-78.475511,PICHINCHA,QUITO,QUITO,URBANA,2019-04-01,07:40:00,7,LUNES,1,ABRIL,4,NO,NO CEDER EL DERECHO DE VIA O PREFERENCIA DE PASO A VEHICULOS.,CHOQUE LATERAL,AUTOMOVIL,2,0,0,0,0,0,0,0,0,0,0,0,0,2,56,MUJER,ILESO,CONDUCTOR PRESENTE,NO,NO,0
18216,60427,60428,2019,0,0,-0.181249,-78.505204,PICHINCHA,QUITO,QUITO,URBANA,2019-04-01,12:40:00,12,LUNES,1,ABRIL,4,NO,NO CEDER EL DERECHO DE VIA O PREFERENCIA DE PASO A VEHICULOS.,CHOQUE LATERAL,AUTOMOVIL,2,0,0,0,0,0,0,0,0,0,0,0,0,2,39,MUJER,ILESO,CONDUCTOR PRESENTE,NO,NO,0
18217,60428,60429,2019,2,0,-0.183861,-78.486957,PICHINCHA,QUITO,QUITO,URBANA,2019-04-01,12:50:00,12,LUNES,1,ABRIL,4,NO,NO CEDER EL DERECHO DE VIA O PREFERENCIA DE PASO A VEHICULOS.,CHOQUE LATERAL,AUTOMOVIL,1,0,0,0,0,0,0,1,0,0,0,0,0,2,7,HOMBRE,LESIONADO,PASAJERO,NO,NO,0
18218,60430,60431,2019,2,0,-0.195942,-78.495033,PICHINCHA,QUITO,QUITO,URBANA,2019-04-01,13:36:00,13,LUNES,1,ABRIL,4,NO,"CONDUCIR DESATENTO A LAS CONDICIONES DE TRANSITO (CELULAR, PANTALLAS DE VIDEO, COMIDA, MAQUILLAJE O CUALQUIER OTRO ELEMENTO DISTRACTOR).",CHOQUE LATERAL,AUTOMOVIL,2,0,0,0,0,0,0,0,0,0,0,0,0,2,3,MUJER,LESIONADO,PASAJERO,NO,NO,0
18219,60432,60433,2019,1,0,-0.262573,-78.549125,PICHINCHA,QUITO,QUITO,URBANA,2019-04-01,14:10:00,14,LUNES,1,ABRIL,4,NO,NO CEDER EL DERECHO DE VIA O PREFERENCIA DE PASO AL PEATON.,ATROPELLOS,NO IDENTIFICADO,0,0,0,0,0,0,0,0,0,1,0,0,0,1,43,MUJER,LESIONADO,PEATON,NO,NO,0
18220,60441,60442,2019,0,1,-0.069746,-78.373708,PICHINCHA,QUITO,CALDERON (CARAPUNGO),RURAL,2019-04-01,15:35:00,15,LUNES,1,ABRIL,4,NO,"CONDICIONES AMBIENTALES Y/O ATMOSFERICAS (NIEBLA, NEBLINA, GRANIZO, LLUVIA).",PERDIDA DE CARRIL,AUTOMOVIL,1,0,0,0,0,0,0,0,0,0,0,0,0,1,39,HOMBRE,FALLECIDO,CONDUCTOR PRESENTE,NO,SI,3
18221,60448,60449,2019,1,0,-0.174416,-78.501161,PICHINCHA,QUITO,QUITO,URBANA,2019-04-01,17:45:00,17,LUNES,1,ABRIL,4,NO,DEJAR O RECOGER PASAJEROS EN LUGARES NO PERMITIDOS.,CAIDA DE PASAJERO,BUS,0,0,1,0,0,0,0,0,0,0,0,0,0,1,51,MUJER,LESIONADO,PASAJERO,NO,NO,0
18222,60463,60464,2019,0,0,-0.279239,-78.552753,PICHINCHA,QUITO,QUITO,URBANA,2019-04-02,00:50:00,0,MARTES,2,ABRIL,4,NO,CONDUCIR VEHICULO SUPERANDO LOS LIMITES MAXIMOS DE VELOCIDAD.,ESTRELLAMIENTOS,AUTOMOVIL,1,0,0,0,0,0,0,0,0,0,0,0,0,1,-1,NO IDENTIFICADO,NO IDENTIFICADO,CONDUCTOR AUSENTE,NO,NO,2
18223,60464,60465,2019,1,0,-0.227324,-78.450086,PICHINCHA,QUITO,CUMBAYA,RURAL,2019-04-02,01:49:00,1,MARTES,2,ABRIL,4,NO,"CONDICIONES AMBIENTALES Y/O ATMOSFERICAS (NIEBLA, NEBLINA, GRANIZO, LLUVIA).",VOLCAMIENTOS,AUTOMOVIL,1,0,0,0,0,0,0,0,0,0,0,0,0,1,23,HOMBRE,LESIONADO,CONDUCTOR PRESENTE,NO,NO,3
18224,60469,60470,2019,6,0,-0.291131,-78.524158,PICHINCHA,QUITO,QUITO,URBANA,2019-04-02,05:55:00,5,MARTES,2,ABRIL,4,NO,NO GUARDAR LA DISTANCIA LATERAL MINIMA DE SEGURIDAD ENTRE VEHICULOS.,CHOQUE LATERAL,BUS,0,0,2,0,0,0,0,0,0,0,0,0,0,2,46,MUJER,LESIONADO,PASAJERO,NO,NO,0
18225,60476,60477,2019,0,0,-0.104118,-78.497753,PICHINCHA,QUITO,QUITO,URBANA,2019-04-02,13:30:00,13,MARTES,2,ABRIL,4,NO,CONDUCIR VEHICULO SUPERANDO LOS LIMITES MAXIMOS DE VELOCIDAD.,ESTRELLAMIENTOS,AUTOMOVIL,1,0,0,0,0,0,0,0,0,0,0,0,0,1,56,HOMBRE,ILESO,CONDUCTOR PRESENTE,NO,NO,0
18226,60477,60478,2019,1,0,-0.203635,-78.496791,PICHINCHA,QUITO,QUITO,URBANA,2019-04-02,14:10:00,14,MARTES,2,ABRIL,4,NO,NO CEDER EL DERECHO DE VIA O PREFERENCIA DE PASO A VEHICULOS.,CHOQUE LATERAL,MOTOCICLETA,1,0,0,0,0,0,0,0,1,0,0,0,0,2,32,HOMBRE,LESIONADO,CONDUCTOR PRESENTE,NO,NO,0
18227,60490,60491,2019,0,0,-0.116769,-78.473429,PICHINCHA,QUITO,QUITO,URBANA,2019-04-02,17:45:00,17,MARTES,2,ABRIL,4,NO,"CONDUCIR EN ESTADO DE SOMNOLENCIA O MALAS CONDICIONES FISICAS (SUENIO, CANSANCIO Y FATIGA).",CHOQUE POSTERIOR,AUTOMOVIL,1,0,0,1,0,0,0,0,0,0,0,0,0,2,35,MUJER,ILESO,CONDUCTOR PRESENTE,NO,NO,0
18228,60492,60493,2019,1,0,-0.182944,-78.503787,PICHINCHA,QUITO,QUITO,URBANA,2019-04-02,18:15:00,18,MARTES,2,ABRIL,4,NO,DEJAR O RECOGER PASAJEROS EN LUGARES NO PERMITIDOS.,CHOQUE POSTERIOR,NO IDENTIFICADO,0,0,0,0,0,0,0,0,0,2,0,0,0,2,30,MUJER,LESIONADO,PASAJERO,NO,NO,0
18229,60501,60502,2019,1,0,-0.251824,-78.539592,PICHINCHA,QUITO,QUITO,URBANA,2019-04-02,21:10:00,21,MARTES,2,ABRIL,4,NO,NO CEDER EL DERECHO DE VIA O PREFERENCIA DE PASO AL PEATON.,ATROPELLOS,AUTOMOVIL,1,0,0,0,0,0,0,0,0,0,0,0,0,1,16,HOMBRE,LESIONADO,PEATON,NO,NO,0
18230,60502,60503,2019,1,0,-0.291456,-78.472781,PICHINCHA,QUITO,CONOCOTO,RURAL,2019-04-02,22:30:00,22,MARTES,2,ABRIL,4,NO,NO CEDER EL DERECHO DE VIA O PREFERENCIA DE PASO A VEHICULOS.,CHOQUE LATERAL,AUTOMOVIL,2,0,0,0,0,0,0,0,0,0,0,0,0,2,26,HOMBRE,LESIONADO,CONDUCTOR PRESENTE,NO,NO,3
18231,60504,60505,2019,0,0,-0.440141,-78.773575,PICHINCHA,MEJIA,MANUEL CORNEJO ASTORGA,RURAL,2019-04-02,23:00:00,23,MARTES,2,ABRIL,4,NO,"CONDUCIR DESATENTO A LAS CONDICIONES DE TRANSITO (CELULAR, PANTALLAS DE VIDEO, COMIDA, MAQUILLAJE O CUALQUIER OTRO ELEMENTO DISTRACTOR).",PERDIDA DE PISTA,BUS,0,0,1,0,0,0,0,0,0,0,0,0,0,1,-1,NO IDENTIFICADO,NO IDENTIFICADO,CONDUCTOR AUSENTE,NO,SI,3
18232,60505,60506,2019,0,0,-0.188478,-78.447371,PICHINCHA,QUITO,NAYON,RURAL,2019-04-02,23:45:00,23,MARTES,2,ABRIL,4,NO,"CONDUCE BAJO LA INFLUENCIA DE ALCOHOL, SUSTANCIAS ESTUPEFACIENTES O PSICOTROPICAS Y/O MEDICAMENTOS.",ESTRELLAMIENTOS,CAMION,0,0,0,1,0,0,0,0,0,0,0,0,0,1,24,HOMBRE,ILESO,CONDUCTOR PRESENTE,NO,NO,3
18233,60512,60513,2019,0,1,-0.441369,-78.555023,PICHINCHA,MEJIA,ALOAG,RURAL,2019-04-03,03:30:00,3,MIERCOLES,3,ABRIL,4,NO,CONDUCIR VEHICULO SUPERANDO LOS LIMITES MAXIMOS DE VELOCIDAD.,CHOQUE POSTERIOR,CAMIONETA,1,0,0,0,1,0,0,0,0,0,0,0,0,2,27,HOMBRE,FALLECIDO,PASAJERO,NO,SI,3
18234,60515,60516,2019,0,0,-0.206438,-78.370261,PICHINCHA,QUITO,PUEMBO,RURAL,2019-04-03,04:50:00,4,MIERCOLES,3,ABRIL,4,NO,"CONDUCIR EN ESTADO DE SOMNOLENCIA O MALAS CONDICIONES FISICAS (SUENIO, CANSANCIO Y FATIGA).",CHOQUE POSTERIOR,AUTOMOVIL,2,0,0,0,0,0,0,0,0,0,0,0,0,2,51,MUJER,ILESO,PASAJERO,NO,NO,3
18235,60524,60525,2019,1,0,-0.327284,-78.550355,PICHINCHA,QUITO,QUITO,URBANA,2019-04-03,09:05:00,9,MIERCOLES,3,ABRIL,4,NO,NO TRANSITAR POR LAS ACERAS O ZONAS DE SEGURIDAD DESTINADAS PARA EL EFECTO.,ATROPELLOS,BUS,0,0,1,0,0,0,0,0,0,0,0,0,0,1,91,HOMBRE,LESIONADO,PEATON,NO,NO,0
18236,60525,60526,2019,1,0,-0.301659,-78.463312,PICHINCHA,QUITO,CONOCOTO,RURAL,2019-04-03,10:05:00,10,MIERCOLES,3,ABRIL,4,NO,CONDUCIR EN SENTIDO CONTRARIO A LA VIA NORMAL DE CIRCULACION.,CHOQUE FRONTAL,BUS,0,0,1,0,1,0,0,0,0,0,0,0,0,2,88,HOMBRE,LESIONADO,PASAJERO,NO,NO,3
18237,60526,60527,2019,0,1,-0.197826,-78.466466,PICHINCHA,QUITO,QUITO,RURAL,2019-04-03,11:25:00,11,MIERCOLES,3,ABRIL,4,NO,CONDUCIR VEHICULO SUPERANDO LOS LIMITES MAXIMOS DE VELOCIDAD.,ESTRELLAMIENTOS,MOTOCICLETA,0,0,0,0,0,0,0,0,1,0,0,0,0,1,32,HOMBRE,FALLECIDO,CONDUCTOR PRESENTE,NO,NO,3
18238,60527,60528,2019,0,0,-0.119385,-78.287194,PICHINCHA,QUITO,EL QUINCHE,RURAL,2019-04-03,11:40:00,11,MIERCOLES,3,ABRIL,4,NO,"CONDUCIR DESATENTO A LAS CONDICIONES DE TRANSITO (CELULAR, PANTALLAS DE VIDEO, COMIDA, MAQUILLAJE O CUALQUIER OTRO ELEMENTO DISTRACTOR).",PERDIDA DE CARRIL,CAMION,1,0,0,1,0,0,0,0,0,0,0,0,1,3,40,HOMBRE,ILESO,CONDUCTOR PRESENTE,NO,SI,3
18239,60538,60539,2019,1,0,-0.206438,-78.370261,PICHINCHA,QUITO,PUEMBO,RURAL,2019-04-03,16:10:00,16,MIERCOLES,3,ABRIL,4,NO,"ADELANTAR O REBASAR A OTRO VEHICULO EN MOVIMIENTO EN ZONAS O SITIOS PELIGROSOS TALES COMO: CURVAS, PUENTES, TUNELES, PENDIENTES, ETC.",CHOQUE FRONTAL,CAMIONETA,0,0,0,1,1,0,0,0,0,0,0,0,0,2,62,MUJER,LESIONADO,PASAJERO,NO,NO,3
18240,60546,60547,2019,0,0,-0.303012,-78.551249,PICHINCHA,QUITO,QUITO,URBANA,2019-04-03,18:40:00,18,MIERCOLES,3,ABRIL,4,NO,NO MANTENER LA DISTANCIA PRUDENCIAL CON RESPECTO AL VEHICULO QUE LE ANTECEDE.,CHOQUE POSTERIOR,AUTOMOVIL,1,0,1,0,0,0,0,0,0,0,0,0,0,2,47,HOMBRE,ILESO,CONDUCTOR PRESENTE,NO,NO,0
18241,60555,60556,2019,1,0,-0.240868,-78.531768,PICHINCHA,QUITO,QUITO,URBANA,2019-04-03,20:20:00,20,MIERCOLES,3,ABRIL,4,NO,PEATON QUE CRUZA LA CALZADA SIN RESPETAR LA SENIALIZACION EXISTENTE (SEMAFOROS O SENIALES MANUALES).,ATROPELLOS,BUS,0,0,1,0,0,0,0,0,0,0,0,0,0,1,18,HOMBRE,LESIONADO,PEATON,NO,NO,0
18242,60556,60557,2019,1,0,-0.240868,-78.531768,PICHINCHA,QUITO,QUITO,URBANA,2019-04-03,20:30:00,20,MIERCOLES,3,ABRIL,4,NO,"CONDUCIR DESATENTO A LAS CONDICIONES DE TRANSITO (CELULAR, PANTALLAS DE VIDEO, COMIDA, MAQUILLAJE O CUALQUIER OTRO ELEMENTO DISTRACTOR).",CAIDA DE PASAJERO,BUS,0,0,1,0,0,0,0,0,0,0,0,0,0,1,5,MUJER,LESIONADO,PASAJERO,NO,NO,0
18243,60557,60558,2019,1,0,-0.147345,-78.493129,PICHINCHA,QUITO,QUITO,URBANA,2019-04-03,21:20:00,21,MIERCOLES,3,ABRIL,4,NO,"NO RESPETAR LAS SENIALES REGLAMENTARIAS DE TRANSITO. (PARE, CEDA EL PASO, LUZ ROJA DEL SEMAFORO, ETC).",CHOQUE LATERAL,AUTOMOVIL,2,0,0,0,0,0,0,0,0,0,0,0,0,2,39,HOMBRE,LESIONADO,PASAJERO,NO,NO,0
18244,60571,60572,2019,0,0,-0.331961,-78.554732,PICHINCHA,QUITO,QUITO,URBANA,2019-04-04,07:00:00,7,JUEVES,4,ABRIL,4,NO,NO MANTENER LA DISTANCIA PRUDENCIAL CON RESPECTO AL VEHICULO QUE LE ANTECEDE.,CHOQUE POSTERIOR,CAMIONETA,0,0,0,0,1,0,0,0,0,1,0,0,0,2,64,HOMBRE,ILESO,CONDUCTOR PRESENTE,NO,NO,0
18245,60577,60578,2019,2,0,-0.144209,-78.480826,PICHINCHA,QUITO,QUITO,URBANA,2019-04-04,08:30:00,8,JUEVES,4,ABRIL,4,NO,"NO RESPETAR LAS SENIALES REGLAMENTARIAS DE TRANSITO. (PARE, CEDA EL PASO, LUZ ROJA DEL SEMAFORO, ETC).",CHOQUE LATERAL,AUTOMOVIL,2,0,0,0,0,0,0,0,2,0,0,0,0,4,24,HOMBRE,LESIONADO,CONDUCTOR PRESENTE,NO,NO,0
18246,60584,60585,2019,0,0,-0.285961,-78.440097,PICHINCHA,QUITO,ALANGASI,RURAL,2019-04-04,10:40:00,10,JUEVES,4,ABRIL,4,NO,NO MANTENER LA DISTANCIA PRUDENCIAL CON RESPECTO AL VEHICULO QUE LE ANTECEDE.,COLISION,AUTOMOVIL,2,0,0,0,1,0,0,0,0,0,0,0,0,3,24,MUJER,ILESO,CONDUCTOR PRESENTE,NO,NO,3
18247,60601,60602,2019,1,0,0.034168,-78.146152,PICHINCHA,CAYAMBE,CAYAMBE,URBANA,2019-04-04,16:00:00,16,JUEVES,4,ABRIL,4,NO,"CONDUCIR DESATENTO A LAS CONDICIONES DE TRANSITO (CELULAR, PANTALLAS DE VIDEO, COMIDA, MAQUILLAJE O CUALQUIER OTRO ELEMENTO DISTRACTOR).",ATROPELLOS,NO IDENTIFICADO,0,0,0,0,0,0,0,0,0,1,0,0,0,1,2,HOMBRE,LESIONADO,PEATON,NO,SI,0
18248,60602,60603,2019,3,0,-0.412345,-78.802051,PICHINCHA,MEJIA,MANUEL CORNEJO ASTORGA,RURAL,2019-04-04,17:00:00,17,JUEVES,4,ABRIL,4,NO,"CONDUCIR DESATENTO A LAS CONDICIONES DE TRANSITO (CELULAR, PANTALLAS DE VIDEO, COMIDA, MAQUILLAJE O CUALQUIER OTRO ELEMENTO DISTRACTOR).",PERDIDA DE PISTA,CAMIONETA,0,0,0,0,1,0,0,0,0,0,0,0,0,1,35,MUJER,LESIONADO,PASAJERO,NO,SI,3
18249,60603,60604,2019,0,0,-0.147219,-78.446317,PICHINCHA,QUITO,ZAMBIZA,RURAL,2019-04-04,17:08:00,17,JUEVES,4,ABRIL,4,NO,CONDUCIR VEHICULO SUPERANDO LOS LIMITES MAXIMOS DE VELOCIDAD.,ESTRELLAMIENTOS,AUTOMOVIL,1,0,0,0,0,0,0,0,0,0,0,0,0,1,19,HOMBRE,ILESO,CONDUCTOR PRESENTE,NO,NO,3
18250,60605,60606,2019,1,0,-0.197511,-78.500475,PICHINCHA,QUITO,QUITO,URBANA,2019-04-04,17:45:00,17,JUEVES,4,ABRIL,4,NO,"NO RESPETAR LAS SENIALES REGLAMENTARIAS DE TRANSITO. (PARE, CEDA EL PASO, LUZ ROJA DEL SEMAFORO, ETC).",ATROPELLOS,BUS,0,0,1,0,0,0,0,0,0,0,0,0,0,1,45,MUJER,LESIONADO,PEATON,NO,NO,0
18251,60606,60607,2019,1,0,-0.198231,-78.495974,PICHINCHA,QUITO,QUITO,URBANA,2019-04-04,18:10:00,18,JUEVES,4,ABRIL,4,NO,CONDUCIR VEHICULO SUPERANDO LOS LIMITES MAXIMOS DE VELOCIDAD.,ESTRELLAMIENTOS,CAMIONETA,0,0,0,0,1,0,0,0,0,0,0,0,0,1,39,HOMBRE,LESIONADO,CONDUCTOR PRESENTE,NO,NO,0
18252,60611,60612,2019,0,0,-0.110591,-78.478673,PICHINCHA,QUITO,QUITO,URBANA,2019-04-04,20:10:00,20,JUEVES,4,ABRIL,4,NO,NO MANTENER LA DISTANCIA PRUDENCIAL CON RESPECTO AL VEHICULO QUE LE ANTECEDE.,CHOQUE POSTERIOR,AUTOMOVIL,1,0,0,0,0,0,0,0,0,1,0,0,0,2,-1,NO IDENTIFICADO,NO IDENTIFICADO,CONDUCTOR AUSENTE,NO,NO,2
18253,60614,60615,2019,1,0,-0.279223,-78.556831,PICHINCHA,QUITO,QUITO,URBANA,2019-04-04,21:25:00,21,JUEVES,4,ABRIL,4,NO,"CONDUCIR DESATENTO A LAS CONDICIONES DE TRANSITO (CELULAR, PANTALLAS DE VIDEO, COMIDA, MAQUILLAJE O CUALQUIER OTRO ELEMENTO DISTRACTOR).",PERDIDA DE CARRIL,MOTOCICLETA,0,0,0,0,0,0,0,0,1,0,0,0,0,1,37,HOMBRE,LESIONADO,CONDUCTOR PRESENTE,NO,NO,0
18254,60615,60616,2019,0,0,-0.204095,-78.458081,PICHINCHA,QUITO,QUITO,RURAL,2019-04-04,21:26:00,21,JUEVES,4,ABRIL,4,NO,CONDUCIR VEHICULO SUPERANDO LOS LIMITES MAXIMOS DE VELOCIDAD.,ESTRELLAMIENTOS,AUTOMOVIL,1,0,0,0,0,0,0,0,0,0,0,0,0,1,-1,NO IDENTIFICADO,NO IDENTIFICADO,CONDUCTOR AUSENTE,NO,NO,2
18255,60619,60620,2019,0,0,-0.290281,-78.538717,PICHINCHA,QUITO,QUITO,URBANA,2019-04-04,22:55:00,22,JUEVES,4,ABRIL,4,NO,"ADELANTAR O REBASAR A OTRO VEHICULO EN MOVIMIENTO EN ZONAS O SITIOS PELIGROSOS TALES COMO: CURVAS, PUENTES, TUNELES, PENDIENTES, ETC.",CHOQUE LATERAL,CAMION,1,0,0,1,0,0,0,0,0,0,0,0,0,2,40,HOMBRE,ILESO,CONDUCTOR PRESENTE,NO,NO,0
18256,60623,60624,2019,1,0,-0.273523,-78.536921,PICHINCHA,QUITO,QUITO,URBANA,2019-04-05,00:30:00,0,VIERNES,5,ABRIL,4,NO,CONDUCIR EN SENTIDO CONTRARIO A LA VIA NORMAL DE CIRCULACION.,CHOQUE FRONTAL,CAMIONETA,1,0,0,0,1,0,0,0,0,0,0,0,0,2,28,HOMBRE,LESIONADO,CONDUCTOR PRESENTE,NO,NO,0
18257,60629,60630,2019,0,0,-0.204592,-78.455985,PICHINCHA,QUITO,QUITO,RURAL,2019-04-05,03:40:00,3,VIERNES,5,ABRIL,4,NO,"CONDUCIR EN ESTADO DE SOMNOLENCIA O MALAS CONDICIONES FISICAS (SUENIO, CANSANCIO Y FATIGA).",ESTRELLAMIENTOS,AUTOMOVIL,1,0,0,0,0,0,0,0,0,0,0,0,0,1,29,MUJER,ILESO,CONDUCTOR PRESENTE,NO,NO,3
18258,60630,60631,2019,0,0,-0.226197,-78.509061,PICHINCHA,QUITO,QUITO,URBANA,2019-04-05,04:00:00,4,VIERNES,5,ABRIL,4,NO,"NO RESPETAR LAS SENIALES REGLAMENTARIAS DE TRANSITO. (PARE, CEDA EL PASO, LUZ ROJA DEL SEMAFORO, ETC).",ESTRELLAMIENTOS,AUTOMOVIL,1,0,0,0,0,0,0,0,0,0,0,0,0,1,-1,NO IDENTIFICADO,NO IDENTIFICADO,CONDUCTOR AUSENTE,NO,NO,2
18259,60632,60633,2019,0,0,-0.267116,-78.551277,PICHINCHA,QUITO,QUITO,URBANA,2019-04-05,05:30:00,5,VIERNES,5,ABRIL,4,NO,NO MANTENER LA DISTANCIA PRUDENCIAL CON RESPECTO AL VEHICULO QUE LE ANTECEDE.,COLISION,CAMION,1,0,0,1,0,0,0,0,0,1,0,0,0,3,37,HOMBRE,ILESO,CONDUCTOR PRESENTE,NO,NO,0
18260,60634,60635,2019,1,0,-0.280381,-78.556709,PICHINCHA,QUITO,QUITO,URBANA,2019-04-05,06:00:00,6,VIERNES,5,ABRIL,4,NO,NO CEDER EL DERECHO DE VIA O PREFERENCIA DE PASO A VEHICULOS.,CHOQUE LATERAL,NO IDENTIFICADO,0,0,0,0,0,0,0,0,0,2,0,0,0,2,22,HOMBRE,LESIONADO,PASAJERO,NO,NO,0