,Unnamed: 0,ID,ANIO,LESIONADOS,FALLECIDOS,LATITUD_Y,LONGITUD_X,PROVINCIA,CANTON,PARROQUIA,ZONA,FECHA,HORA,PERIODO_2,DIA_1,DIA_2,MES_1,MES_2,FERIADO,CAUSA_PROBABLE,TIPO_DE_SINIESTRO,TIPO_DE_VEHICULO_1,AUTOMOVIL,BICICLETA,BUS,CAMION,CAMIONETA,EMERGENCIAS,ESPECIAL,FURGONETA,MOTOCICLETA,NO_IDENTIFICADO,SCOOTER_ELECTRICO,TRICIMOTO,VEHICULO_DEPORTIVO_UTILITARIO,SUMA_DE_VEHICULOS,EDAD_1,SEXO_1,CONDICION_1,PARTICIPANTE_1,CASCO_1,CINTURON_1,KMeans_Cluster
18317,60871,60872,2019,0,1,-0.132705,-78.474856,PICHINCHA,QUITO,QUITO,URBANA,2019-04-07,19:52:00,19,DOMINGO,7,ABRIL,4,NO,CONDUCIR VEHICULO SUPERANDO LOS LIMITES MAXIMOS DE VELOCIDAD.,ESTRELLAMIENTOS,MOTOCICLETA,0,0,0,0,0,0,0,0,1,0,0,0,0,1,65,HOMBRE,FALLECIDO,CONDUCTOR PRESENTE,NO,NO,0
18318,60878,60879,2019,2,0,-0.191684,-78.493446,PICHINCHA,QUITO,QUITO,URBANA,2019-04-07,22:35:00,22,DOMINGO,7,ABRIL,4,NO,"NO RESPETAR LAS SENIALES REGLAMENTARIAS DE TRANSITO. (PARE, CEDA EL PASO, LUZ ROJA DEL SEMAFORO, ETC).",CHOQUE LATERAL,MOTOCICLETA,1,0,0,0,0,0,0,0,1,0,0,0,0,2,22,HOMBRE,LESIONADO,PASAJERO,NO,NO,0
18319,60881,60882,2019,0,0,-0.169227,-78.484491,PICHINCHA,QUITO,QUITO,URBANA,2019-04-07,23:35:00,23,DOMINGO,7,ABRIL,4,NO,"NO RESPETAR LAS SENIALES REGLAMENTARIAS DE TRANSITO. (PARE, CEDA EL PASO, LUZ ROJA DEL SEMAFORO, ETC).",OTROS,AUTOMOVIL,1,0,0,0,0,0,0,0,0,0,0,0,0,1,-1,NO IDENTIFICADO,NO IDENTIFICADO,CONDUCTOR AUSENTE,NO,NO,2
18320,60885,60886,2019,0,0,-0.245326,-78.534069,PICHINCHA,QUITO,QUITO,URBANA,2019-04-08,06:00:00,6,LUNES,1,ABRIL,4,NO,"CONDUCIR DESATENTO A LAS CONDICIONES DE TRANSITO (CELULAR, PANTALLAS DE VIDEO, COMIDA, MAQUILLAJE O CUALQUIER OTRO ELEMENTO DISTRACTOR).",ESTRELLAMIENTOS,AUTOMOVIL,1,0,0,0,0,0,0,0,0,0,0,0,0,1,-1,NO IDENTIFICADO,NO IDENTIFICADO,CONDUCTOR AUSENTE,NO,NO,2
18321,60886,60887,2019,1,0,-0.093091,-78.479288,PICHINCHA,QUITO,QUITO,URBANA,2019-04-08,06:35:00,6,LUNES,1,ABRIL,4,NO,NO TRANSITAR POR LAS ACERAS O ZONAS DE SEGURIDAD DESTINADAS PARA EL EFECTO.,ATROPELLOS,AUTOMOVIL,1,0,0,0,0,0,0,0,0,0,0,0,0,1,72,HOMBRE,LESIONADO,PEATON,NO,NO,0
18322,60888,60889,2019,0,0,-0.239732,-78.522687,PICHINCHA,QUITO,QUITO,URBANA,2019-04-08,06:47:00,6,LUNES,1,ABRIL,4,NO,NO CEDER EL DERECHO DE VIA O PREFERENCIA DE PASO A VEHICULOS.,CHOQUE LATERAL,AUTOMOVIL,2,0,0,0,0,0,0,0,0,0,0,0,0,2,67,HOMBRE,ILESO,CONDUCTOR PRESENTE,NO,NO,0
18323,60892,60893,2019,1,0,-0.116011,-78.479444,PICHINCHA,QUITO,QUITO,URBANA,2019-04-08,08:20:00,8,LUNES,1,ABRIL,4,NO,CONDUCIR VEHICULO SUPERANDO LOS LIMITES MAXIMOS DE VELOCIDAD.,ESTRELLAMIENTOS,AUTOMOVIL,1,0,0,0,0,0,0,0,0,0,0,0,0,1,35,HOMBRE,LESIONADO,CONDUCTOR PRESENTE,NO,NO,0
18324,60893,60894,2019,1,0,-0.088199,-78.472407,PICHINCHA,QUITO,QUITO,URBANA,2019-04-08,08:40:00,8,LUNES,1,ABRIL,4,NO,PEATON QUE CRUZA LA CALZADA SIN RESPETAR LA SENIALIZACION EXISTENTE (SEMAFOROS O SENIALES MANUALES).,ATROPELLOS,MOTOCICLETA,0,0,0,0,0,0,0,0,1,0,0,0,0,1,45,HOMBRE,LESIONADO,PEATON,NO,NO,0
18325,60899,60900,2019,0,0,-0.203083,-78.489499,PICHINCHA,QUITO,QUITO,URBANA,2019-04-08,11:10:00,11,LUNES,1,ABRIL,4,NO,"NO RESPETAR LAS SENIALES REGLAMENTARIAS DE TRANSITO. (PARE, CEDA EL PASO, LUZ ROJA DEL SEMAFORO, ETC).",CHOQUE LATERAL,AUTOMOVIL,2,0,0,0,0,0,0,0,0,0,0,0,0,2,57,HOMBRE,ILESO,CONDUCTOR PRESENTE,NO,NO,0
18326,60902,60903,2019,1,0,-0.254925,-78.515199,PICHINCHA,QUITO,QUITO,URBANA,2019-04-08,12:20:00,12,LUNES,1,ABRIL,4,NO,REALIZAR CAMBIO BRUSCO O INDEBIDO DE CARRIL.,ESTRELLAMIENTOS,AUTOMOVIL,3,0,0,0,0,0,0,0,0,0,0,0,0,3,75,HOMBRE,LESIONADO,CONDUCTOR PRESENTE,NO,NO,0
18327,60905,60906,2019,0,0,-0.333031,-78.543153,PICHINCHA,QUITO,QUITO,URBANA,2019-04-08,14:10:00,14,LUNES,1,ABRIL,4,NO,"NO RESPETAR LAS SENIALES REGLAMENTARIAS DE TRANSITO. (PARE, CEDA EL PASO, LUZ ROJA DEL SEMAFORO, ETC).",CHOQUE LATERAL,AUTOMOVIL,1,0,0,0,0,0,0,0,0,1,0,0,0,2,36,MUJER,ILESO,CONDUCTOR PRESENTE,NO,NO,0
18328,60906,60907,2019,1,0,-0.122237,-78.495545,PICHINCHA,QUITO,QUITO,URBANA,2019-04-08,14:15:00,14,LUNES,1,ABRIL,4,NO,"NO RESPETAR LAS SENIALES REGLAMENTARIAS DE TRANSITO. (PARE, CEDA EL PASO, LUZ ROJA DEL SEMAFORO, ETC).",CHOQUE LATERAL,AUTOMOVIL,2,0,0,0,0,0,0,0,0,0,0,0,0,2,29,MUJER,LESIONADO,CONDUCTOR PRESENTE,NO,NO,0
18329,60907,60908,2019,1,0,-0.181249,-78.505204,PICHINCHA,QUITO,QUITO,URBANA,2019-04-08,15:00:00,15,LUNES,1,ABRIL,4,NO,PEATON QUE CRUZA LA CALZADA SIN RESPETAR LA SENIALIZACION EXISTENTE (SEMAFOROS O SENIALES MANUALES).,ATROPELLOS,AUTOMOVIL,1,0,0,0,0,0,0,0,0,0,0,0,0,1,61,MUJER,LESIONADO,PEATON,NO,NO,0
18330,60908,60909,2019,0,0,-0.116769,-78.473429,PICHINCHA,QUITO,QUITO,URBANA,2019-04-08,15:30:00,15,LUNES,1,ABRIL,4,NO,NO MANTENER LA DISTANCIA PRUDENCIAL CON RESPECTO AL VEHICULO QUE LE ANTECEDE.,COLISION,CAMIONETA,1,0,0,0,1,0,0,0,0,1,0,0,0,3,29,HOMBRE,ILESO,CONDUCTOR PRESENTE,NO,NO,0
18331,60912,60913,2019,0,0,-0.280291,-78.558592,PICHINCHA,QUITO,QUITO,URBANA,2019-04-08,17:10:00,17,LUNES,1,ABRIL,4,NO,NO CEDER EL DERECHO DE VIA O PREFERENCIA DE PASO A VEHICULOS.,CHOQUE LATERAL,FURGONETA,1,0,0,0,0,0,0,1,0,0,0,0,0,2,34,MUJER,ILESO,CONDUCTOR PRESENTE,NO,NO,0
18332,60913,60914,2019,0,0,-0.200953,-78.429742,PICHINCHA,QUITO,CUMBAYA,RURAL,2019-04-08,17:15:00,17,LUNES,1,ABRIL,4,NO,CONDUCIR VEHICULO SUPERANDO LOS LIMITES MAXIMOS DE VELOCIDAD.,ESTRELLAMIENTOS,AUTOMOVIL,1,0,0,0,0,0,0,0,0,0,0,0,0,1,67,MUJER,ILESO,CONDUCTOR PRESENTE,NO,NO,3
18333,60916,60917,2019,1,0,-0.215142,-78.403629,PICHINCHA,QUITO,TUMBACO,RURAL,2019-04-08,17:45:00,17,LUNES,1,ABRIL,4,NO,NO TRANSITAR POR LAS ACERAS O ZONAS DE SEGURIDAD DESTINADAS PARA EL EFECTO.,ATROPELLOS,NO IDENTIFICADO,0,0,0,0,0,0,0,0,0,1,0,0,0,1,2,HOMBRE,LESIONADO,PEATON,NO,NO,3
18334,60925,60926,2019,1,0,-0.106767,-78.441933,PICHINCHA,QUITO,CALDERON (CARAPUNGO),RURAL,2019-04-08,20:15:00,20,LUNES,1,ABRIL,4,NO,REALIZAR CAMBIO BRUSCO O INDEBIDO DE CARRIL.,OTROS,AUTOMOVIL,1,0,0,0,0,0,0,0,0,0,0,0,0,1,53,HOMBRE,LESIONADO,PEATON,NO,NO,3
18335,60935,60936,2019,3,0,-0.199767,-78.428809,PICHINCHA,QUITO,CUMBAYA,RURAL,2019-04-08,23:45:00,23,LUNES,1,ABRIL,4,NO,CONDUCIR VEHICULO SUPERANDO LOS LIMITES MAXIMOS DE VELOCIDAD.,ESTRELLAMIENTOS,CAMIONETA,0,0,0,0,1,0,0,0,0,0,0,0,0,1,29,HOMBRE,LESIONADO,CONDUCTOR PRESENTE,NO,NO,3
18336,60936,60937,2019,0,0,-0.252981,-78.514481,PICHINCHA,QUITO,QUITO,URBANA,2019-04-08,23:55:00,23,LUNES,1,ABRIL,4,NO,CONDUCIR VEHICULO SUPERANDO LOS LIMITES MAXIMOS DE VELOCIDAD.,ESTRELLAMIENTOS,AUTOMOVIL,1,0,0,0,0,0,0,0,0,0,0,0,0,1,-1,NO IDENTIFICADO,NO IDENTIFICADO,CONDUCTOR AUSENTE,NO,NO,2
18337,60940,60941,2019,0,0,-0.327771,-78.425639,PICHINCHA,RUMINIAHUI,SANGOLQUI,URBANA,2019-04-09,02:40:00,2,MARTES,2,ABRIL,4,NO,"CONDUCIR DESATENTO A LAS CONDICIONES DE TRANSITO (CELULAR, PANTALLAS DE VIDEO, COMIDA, MAQUILLAJE O CUALQUIER OTRO ELEMENTO DISTRACTOR).",PERDIDA DE PISTA,AUTOMOVIL,1,0,0,0,0,0,0,0,0,0,0,0,0,1,-1,NO IDENTIFICADO,NO IDENTIFICADO,CONDUCTOR AUSENTE,NO,SI,2
18338,60942,60943,2019,0,0,-0.342057,-78.548941,PICHINCHA,QUITO,QUITO,URBANA,2019-04-09,05:20:00,5,MARTES,2,ABRIL,4,NO,CONDUCIR VEHICULO SUPERANDO LOS LIMITES MAXIMOS DE VELOCIDAD.,ESTRELLAMIENTOS,AUTOMOVIL,1,0,0,0,0,0,0,0,0,0,0,0,0,1,-1,NO IDENTIFICADO,NO IDENTIFICADO,CONDUCTOR AUSENTE,NO,NO,2
18339,60944,60945,2019,0,0,-0.202179,-78.491596,PICHINCHA,QUITO,QUITO,URBANA,2019-04-09,06:00:00,6,MARTES,2,ABRIL,4,NO,NO GUARDAR LA DISTANCIA LATERAL MINIMA DE SEGURIDAD ENTRE VEHICULOS.,CHOQUE LATERAL,CAMIONETA,1,0,0,0,1,0,0,0,0,0,0,0,0,2,52,HOMBRE,ILESO,CONDUCTOR PRESENTE,NO,NO,0
18340,60952,60953,2019,2,0,-0.356287,-78.527991,PICHINCHA,QUITO,QUITO,URBANA,2019-04-09,08:45:00,8,MARTES,2,ABRIL,4,NO,"CONDUCE BAJO LA INFLUENCIA DE ALCOHOL, SUSTANCIAS ESTUPEFACIENTES O PSICOTROPICAS Y/O MEDICAMENTOS.",CHOQUE POSTERIOR,AUTOMOVIL,1,0,0,0,0,0,0,0,1,0,0,0,0,2,49,MUJER,LESIONADO,CONDUCTOR PRESENTE,NO,NO,0
18341,60953,60954,2019,1,0,-0.202543,-78.494032,PICHINCHA,QUITO,QUITO,URBANA,2019-04-09,08:50:00,8,MARTES,2,ABRIL,4,NO,PEATON QUE CRUZA LA CALZADA SIN RESPETAR LA SENIALIZACION EXISTENTE (SEMAFOROS O SENIALES MANUALES).,ATROPELLOS,AUTOMOVIL,1,0,0,0,0,0,0,0,0,0,0,0,0,1,17,HOMBRE,LESIONADO,PEATON,NO,NO,0
18342,60956,60957,2019,0,0,-0.202902,-78.491045,PICHINCHA,QUITO,QUITO,URBANA,2019-04-09,09:15:00,9,MARTES,2,ABRIL,4,NO,"NO RESPETAR LAS SENIALES REGLAMENTARIAS DE TRANSITO. (PARE, CEDA EL PASO, LUZ ROJA DEL SEMAFORO, ETC).",CHOQUE LATERAL,AUTOMOVIL,2,0,0,0,0,0,0,0,0,0,0,0,0,2,38,HOMBRE,ILESO,CONDUCTOR PRESENTE,NO,NO,0
18343,60959,60960,2019,0,0,-0.123772,-78.502884,PICHINCHA,QUITO,QUITO,URBANA,2019-04-09,11:00:00,11,MARTES,2,ABRIL,4,NO,CONDUCIR VEHICULO SUPERANDO LOS LIMITES MAXIMOS DE VELOCIDAD.,ESTRELLAMIENTOS,CAMION,0,0,0,1,0,0,0,0,0,0,0,0,0,1,-1,NO IDENTIFICADO,NO IDENTIFICADO,CONDUCTOR AUSENTE,NO,NO,2
18344,60961,60962,2019,1,0,-0.277624,-78.531251,PICHINCHA,QUITO,QUITO,URBANA,2019-04-09,12:30:00,12,MARTES,2,ABRIL,4,NO,BAJARSE O SUBIRSE DE VEHICULOS EN MOVIMIENTO SIN TOMAR LAS PRECAUCIONES DEBIDAS.,CAIDA DE PASAJERO,NO IDENTIFICADO,0,0,0,0,0,0,0,0,0,1,0,0,0,1,70,MUJER,LESIONADO,PASAJERO,NO,NO,0
18345,60964,60965,2019,2,0,-0.171294,-78.480108,PICHINCHA,QUITO,QUITO,URBANA,2019-04-09,13:05:00,13,MARTES,2,ABRIL,4,NO,NO GUARDAR LA DISTANCIA LATERAL MINIMA DE SEGURIDAD ENTRE VEHICULOS.,CHOQUE LATERAL,MOTOCICLETA,1,0,0,0,0,0,0,0,1,0,0,0,0,2,19,HOMBRE,LESIONADO,CONDUCTOR PRESENTE,NO,NO,0
18346,60968,60969,2019,1,0,-0.238491,-78.516346,PICHINCHA,QUITO,QUITO,URBANA,2019-04-09,14:50:00,14,MARTES,2,ABRIL,4,NO,CONDUCIR VEHICULO SUPERANDO LOS LIMITES MAXIMOS DE VELOCIDAD.,ATROPELLOS,NO IDENTIFICADO,0,0,0,0,0,0,0,0,0,1,0,0,0,1,51,HOMBRE,LESIONADO,PEATON,NO,NO,0
18347,60969,60970,2019,0,0,-0.133732,-78.455678,PICHINCHA,QUITO,QUITO,URBANA,2019-04-09,15:25:00,15,MARTES,2,ABRIL,4,NO,CONDUCIR EN SENTIDO CONTRARIO A LA VIA NORMAL DE CIRCULACION.,CHOQUE FRONTAL,AUTOMOVIL,2,0,0,0,0,0,0,0,0,0,0,0,0,2,19,HOMBRE,ILESO,CONDUCTOR PRESENTE,NO,NO,0
18348,60988,60989,2019,0,0,-0.251166,-78.513074,PICHINCHA,QUITO,QUITO,URBANA,2019-04-09,19:44:00,19,MARTES,2,ABRIL,4,NO,"CONDUCE BAJO LA INFLUENCIA DE ALCOHOL, SUSTANCIAS ESTUPEFACIENTES O PSICOTROPICAS Y/O MEDICAMENTOS.",ESTRELLAMIENTOS,AUTOMOVIL,1,0,0,0,1,0,0,0,0,0,0,0,0,2,57,HOMBRE,ILESO,CONDUCTOR PRESENTE,NO,NO,0
18349,60992,60993,2019,1,0,-0.275541,-78.545262,PICHINCHA,QUITO,QUITO,URBANA,2019-04-09,21:20:00,21,MARTES,2,ABRIL,4,NO,"NO RESPETAR LAS SENIALES REGLAMENTARIAS DE TRANSITO. (PARE, CEDA EL PASO, LUZ ROJA DEL SEMAFORO, ETC).",CHOQUE LATERAL,AUTOMOVIL,1,0,0,0,0,0,0,0,1,0,0,0,0,2,38,HOMBRE,LESIONADO,CONDUCTOR PRESENTE,NO,NO,0
18350,60993,60994,2019,1,0,-0.236129,-78.526758,PICHINCHA,QUITO,QUITO,URBANA,2019-04-09,21:20:00,21,MARTES,2,ABRIL,4,NO,CONDUCIR VEHICULO SUPERANDO LOS LIMITES MAXIMOS DE VELOCIDAD.,ATROPELLOS,NO IDENTIFICADO,0,0,0,0,0,0,0,0,0,1,0,0,0,1,25,HOMBRE,LESIONADO,PEATON,NO,NO,0
18351,61002,61003,2019,0,0,-0.210583,-78.493972,PICHINCHA,QUITO,QUITO,URBANA,2019-04-10,06:45:00,6,MIERCOLES,3,ABRIL,4,NO,NO MANTENER LA DISTANCIA PRUDENCIAL CON RESPECTO AL VEHICULO QUE LE ANTECEDE.,COLISION,AUTOMOVIL,3,0,0,0,0,0,0,0,0,0,0,0,0,3,24,HOMBRE,ILESO,CONDUCTOR PRESENTE,NO,NO,0
18352,61003,61004,2019,1,0,-0.132702,-78.467912,PICHINCHA,QUITO,QUITO,URBANA,2019-04-10,07:30:00,7,MIERCOLES,3,ABRIL,4,NO,NO TRANSITAR POR LAS ACERAS O ZONAS DE SEGURIDAD DESTINADAS PARA EL EFECTO.,ATROPELLOS,NO IDENTIFICADO,0,0,0,0,0,0,0,0,0,1,0,0,0,1,-1,NO IDENTIFICADO,LESIONADO,CONDUCTOR PRESENTE,NO,NO,2
18353,61009,61010,2019,0,0,-0.262722,-78.538106,PICHINCHA,QUITO,QUITO,URBANA,2019-04-10,09:30:00,9,MIERCOLES,3,ABRIL,4,NO,REALIZAR CAMBIO BRUSCO O INDEBIDO DE CARRIL.,CHOQUE FRONTAL,MOTOCICLETA,1,0,0,0,0,0,0,0,1,0,0,0,0,2,26,HOMBRE,ILESO,CONDUCTOR PRESENTE,NO,NO,0
18354,61021,61022,2019,1,0,-0.138257,-78.424325,PICHINCHA,QUITO,LLANO CHICO,RURAL,2019-04-10,15:20:00,15,MIERCOLES,3,ABRIL,4,NO,CONDUCIR VEHICULO SUPERANDO LOS LIMITES MAXIMOS DE VELOCIDAD.,PERDIDA DE CARRIL,CAMIONETA,0,0,0,0,1,0,0,0,0,0,0,0,0,1,41,HOMBRE,LESIONADO,PASAJERO,NO,NO,3
18355,61035,61036,2019,1,0,-0.299877,-78.543215,PICHINCHA,QUITO,QUITO,URBANA,2019-04-10,18:25:00,18,MIERCOLES,3,ABRIL,4,NO,CONDUCIR VEHICULO SUPERANDO LOS LIMITES MAXIMOS DE VELOCIDAD.,CAIDA DE PASAJERO,NO IDENTIFICADO,0,0,0,0,0,0,0,0,0,1,0,0,0,1,72,HOMBRE,LESIONADO,PASAJERO,NO,NO,0
18356,61046,61047,2019,0,0,-0.185775,-78.482516,PICHINCHA,QUITO,QUITO,URBANA,2019-04-10,21:45:00,21,MIERCOLES,3,ABRIL,4,NO,"CONDUCE BAJO LA INFLUENCIA DE ALCOHOL, SUSTANCIAS ESTUPEFACIENTES O PSICOTROPICAS Y/O MEDICAMENTOS.",CHOQUE POSTERIOR,AUTOMOVIL,2,0,0,0,0,0,0,0,0,0,0,0,0,2,33,HOMBRE,ILESO,CONDUCTOR PRESENTE,NO,NO,0
18357,61047,61048,2019,0,0,-0.096326,-78.419369,PICHINCHA,QUITO,CALDERON (CARAPUNGO),RURAL,2019-04-10,22:40:00,22,MIERCOLES,3,ABRIL,4,NO,CONDUCIR EN SENTIDO CONTRARIO A LA VIA NORMAL DE CIRCULACION.,ESTRELLAMIENTOS,AUTOMOVIL,1,0,0,0,0,0,0,0,0,0,0,0,0,1,-1,NO IDENTIFICADO,NO IDENTIFICADO,CONDUCTOR AUSENTE,NO,NO,2
18358,61048,61049,2019,0,0,-0.119451,-78.506659,PICHINCHA,QUITO,QUITO,URBANA,2019-04-10,22:40:00,22,MIERCOLES,3,ABRIL,4,NO,DANIOS MECANICOS PREVISIBLES.,ESTRELLAMIENTOS,AUTOMOVIL,1,0,0,0,0,0,0,0,0,0,0,0,0,1,-1,NO IDENTIFICADO,NO IDENTIFICADO,CONDUCTOR AUSENTE,NO,NO,2
18359,61049,61050,2019,0,0,-0.256876,-78.542948,PICHINCHA,QUITO,QUITO,URBANA,2019-04-10,23:15:00,23,MIERCOLES,3,ABRIL,4,NO,CONDUCIR VEHICULO SUPERANDO LOS LIMITES MAXIMOS DE VELOCIDAD.,ESTRELLAMIENTOS,AUTOMOVIL,1,0,0,0,0,0,0,0,0,0,0,0,0,1,-1,NO IDENTIFICADO,NO IDENTIFICADO,CONDUCTOR AUSENTE,NO,NO,2
18360,61051,61052,2019,0,0,-0.279841,-78.560151,PICHINCHA,QUITO,QUITO,URBANA,2019-04-11,00:03:00,0,JUEVES,4,ABRIL,4,NO,"PEATON TRANSITA BAJO INFLUENCIA DE ALCOHOL, SUSTANCIAS ESTUPEFACIENTES O PSICOTROPICAS Y/O MEDICAMENTOS.",CHOQUE LATERAL,AUTOMOVIL,2,0,0,0,0,0,0,0,0,0,0,0,0,2,35,HOMBRE,ILESO,CONDUCTOR PRESENTE,NO,NO,0
18361,61060,61061,2019,0,0,-0.280955,-78.548788,PICHINCHA,QUITO,QUITO,URBANA,2019-04-11,06:18:00,6,JUEVES,4,ABRIL,4,NO,"PEATON TRANSITA BAJO INFLUENCIA DE ALCOHOL, SUSTANCIAS ESTUPEFACIENTES O PSICOTROPICAS Y/O MEDICAMENTOS.",CHOQUE POSTERIOR,AUTOMOVIL,2,0,0,0,0,0,0,0,0,0,0,0,0,2,40,HOMBRE,ILESO,CONDUCTOR PRESENTE,NO,NO,0
18362,61061,61062,2019,0,0,-0.191742,-78.493332,PICHINCHA,QUITO,QUITO,URBANA,2019-04-11,06:30:00,6,JUEVES,4,ABRIL,4,NO,"CONDUCE BAJO LA INFLUENCIA DE ALCOHOL, SUSTANCIAS ESTUPEFACIENTES O PSICOTROPICAS Y/O MEDICAMENTOS.",CHOQUE POSTERIOR,AUTOMOVIL,2,0,0,0,0,0,0,0,0,0,0,0,0,2,34,HOMBRE,ILESO,CONDUCTOR PRESENTE,NO,NO,0
18363,61062,61063,2019,2,0,-0.292724,-78.476486,PICHINCHA,QUITO,CONOCOTO,RURAL,2019-04-11,07:30:00,7,JUEVES,4,ABRIL,4,NO,REALIZAR CAMBIO BRUSCO O INDEBIDO DE CARRIL.,CHOQUE LATERAL,MOTOCICLETA,1,0,0,0,0,0,0,0,1,0,0,0,0,2,40,MUJER,LESIONADO,PASAJERO,NO,NO,3
18364,61063,61064,2019,0,0,-0.251112,-78.540559,PICHINCHA,QUITO,QUITO,URBANA,2019-04-11,07:35:00,7,JUEVES,4,ABRIL,4,NO,CONDUCIR VEHICULO SUPERANDO LOS LIMITES MAXIMOS DE VELOCIDAD.,ESTRELLAMIENTOS,AUTOMOVIL,2,0,0,0,0,0,0,0,0,0,0,0,0,2,66,HOMBRE,ILESO,CONDUCTOR PRESENTE,NO,NO,0
18365,61068,61069,2019,0,0,-0.117483,-78.479796,PICHINCHA,QUITO,QUITO,URBANA,2019-04-11,10:00:00,10,JUEVES,4,ABRIL,4,NO,"CONDUCIR DESATENTO A LAS CONDICIONES DE TRANSITO (CELULAR, PANTALLAS DE VIDEO, COMIDA, MAQUILLAJE O CUALQUIER OTRO ELEMENTO DISTRACTOR).",ESTRELLAMIENTOS,CAMION,0,0,0,1,0,0,0,0,0,0,0,0,0,1,52,HOMBRE,ILESO,CONDUCTOR PRESENTE,NO,NO,0
18366,61073,61074,2019,1,0,-0.107254,-78.453939,PICHINCHA,QUITO,CALDERON (CARAPUNGO),RURAL,2019-04-11,11:25:00,11,JUEVES,4,ABRIL,4,NO,PEATON QUE CRUZA LA CALZADA SIN RESPETAR LA SENIALIZACION EXISTENTE (SEMAFOROS O SENIALES MANUALES).,ATROPELLOS,MOTOCICLETA,0,0,0,0,0,0,0,0,1,0,0,0,0,1,39,HOMBRE,LESIONADO,PEATON,NO,NO,3
18367,61074,61075,2019,1,0,-0.201382,-78.490311,PICHINCHA,QUITO,QUITO,URBANA,2019-04-11,11:25:00,11,JUEVES,4,ABRIL,4,NO,NO CEDER EL DERECHO DE VIA O PREFERENCIA DE PASO AL PEATON.,ATROPELLOS,NO IDENTIFICADO,0,0,0,0,0,0,0,0,0,1,0,0,0,1,83,MUJER,LESIONADO,PEATON,NO,NO,0
18368,61076,61077,2019,1,0,-0.295895,-78.556329,PICHINCHA,QUITO,QUITO,URBANA,2019-04-11,11:50:00,11,JUEVES,4,ABRIL,4,NO,DEJAR O RECOGER PASAJEROS EN LUGARES NO PERMITIDOS.,CAIDA DE PASAJERO,BUS,0,0,1,0,0,0,0,0,0,0,0,0,0,1,76,MUJER,LESIONADO,PASAJERO,NO,NO,0
18369,61077,61078,2019,0,0,-0.205922,-78.494909,PICHINCHA,QUITO,QUITO,URBANA,2019-04-11,11:55:00,11,JUEVES,4,ABRIL,4,NO,NO GUARDAR LA DISTANCIA LATERAL MINIMA DE SEGURIDAD ENTRE VEHICULOS.,CHOQUE LATERAL,AUTOMOVIL,2,0,0,0,0,0,0,0,0,0,0,0,0,2,36,HOMBRE,ILESO,CONDUCTOR PRESENTE,NO,NO,0
18370,61080,61081,2019,0,0,-0.166275,-78.486863,PICHINCHA,QUITO,QUITO,URBANA,2019-04-11,14:30:00,14,JUEVES,4,ABRIL,4,NO,REALIZAR CAMBIO BRUSCO O INDEBIDO DE CARRIL.,CHOQUE LATERAL,CAMIONETA,1,0,0,0,1,0,0,0,0,0,0,0,0,2,40,HOMBRE,ILESO,CONDUCTOR PRESENTE,NO,NO,0
18371,61087,61088,2019,0,0,-0.156069,-78.439391,PICHINCHA,QUITO,NAYON,RURAL,2019-04-11,16:45:00,16,JUEVES,4,ABRIL,4,NO,"FALLA MECANICA EN LOS SISTEMAS Y/O NEUMATICOS (SISTEMA DE FRENOS, DIRECCION, ELECTRONICO O MECANICO).",ESTRELLAMIENTOS,CAMION,0,0,0,1,0,0,0,0,0,0,0,0,0,1,33,HOMBRE,ILESO,CONDUCTOR PRESENTE,NO,NO,3
18372,61096,61097,2019,1,0,-0.180302,-78.504371,PICHINCHA,QUITO,QUITO,URBANA,2019-04-11,19:50:00,19,JUEVES,4,ABRIL,4,NO,PEATON QUE CRUZA LA CALZADA SIN RESPETAR LA SENIALIZACION EXISTENTE (SEMAFOROS O SENIALES MANUALES).,ATROPELLOS,AUTOMOVIL,1,0,0,0,0,0,0,0,0,0,0,0,0,1,43,MUJER,LESIONADO,PEATON,NO,NO,0
18373,61102,61103,2019,0,0,-0.202613,-78.488679,PICHINCHA,QUITO,QUITO,URBANA,2019-04-11,23:15:00,23,JUEVES,4,ABRIL,4,NO,"CONDUCE BAJO LA INFLUENCIA DE ALCOHOL, SUSTANCIAS ESTUPEFACIENTES O PSICOTROPICAS Y/O MEDICAMENTOS.",CHOQUE LATERAL,AUTOMOVIL,2,0,0,0,0,0,0,0,0,0,0,0,0,2,25,HOMBRE,ILESO,CONDUCTOR PRESENTE,NO,NO,0
18374,61105,61106,2019,0,0,-0.260041,-78.539328,PICHINCHA,QUITO,QUITO,URBANA,2019-04-11,23:30:00,23,JUEVES,4,ABRIL,4,NO,NO GUARDAR LA DISTANCIA LATERAL MINIMA DE SEGURIDAD ENTRE VEHICULOS.,CHOQUE LATERAL,AUTOMOVIL,2,0,0,0,0,0,0,0,0,0,0,0,0,2,52,HOMBRE,ILESO,CONDUCTOR PRESENTE,NO,NO,0
18375,61113,61114,2019,1,0,-0.239732,-78.522687,PICHINCHA,QUITO,QUITO,URBANA,2019-04-12,01:15:00,1,VIERNES,5,ABRIL,4,NO,"CONDUCIR EN ESTADO DE SOMNOLENCIA O MALAS CONDICIONES FISICAS (SUENIO, CANSANCIO Y FATIGA).",PERDIDA DE CARRIL,MOTOCICLETA,0,0,0,0,0,0,0,0,1,0,0,0,0,1,22,HOMBRE,LESIONADO,CONDUCTOR PRESENTE,NO,NO,0
18376,61119,61120,2019,0,0,-0.134249,-78.466136,PICHINCHA,QUITO,QUITO,URBANA,2019-04-12,04:15:00,4,VIERNES,5,ABRIL,4,NO,CONDUCIR VEHICULO SUPERANDO LOS LIMITES MAXIMOS DE VELOCIDAD.,ESTRELLAMIENTOS,AUTOMOVIL,1,0,0,0,0,0,0,0,0,0,0,0,0,1,33,HOMBRE,ILESO,PASAJERO,NO,NO,0