,Unnamed: 0,ID,ANIO,LESIONADOS,FALLECIDOS,LATITUD_Y,LONGITUD_X,PROVINCIA,CANTON,PARROQUIA,ZONA,FECHA,HORA,PERIODO_2,DIA_1,DIA_2,MES_1,MES_2,FERIADO,CAUSA_PROBABLE,TIPO_DE_SINIESTRO,TIPO_DE_VEHICULO_1,AUTOMOVIL,BICICLETA,BUS,CAMION,CAMIONETA,EMERGENCIAS,ESPECIAL,FURGONETA,MOTOCICLETA,NO_IDENTIFICADO,SCOOTER_ELECTRICO,TRICIMOTO,VEHICULO_DEPORTIVO_UTILITARIO,SUMA_DE_VEHICULOS,EDAD_1,SEXO_1,CONDICION_1,PARTICIPANTE_1,CASCO_1,CINTURON_1,KMeans_Cluster
18377,61122,61123,2019,1,0,-0.154317,-78.474504,PICHINCHA,QUITO,QUITO,URBANA,2019-04-12,04:25:00,4,VIERNES,5,ABRIL,4,NO,"CONDUCIR EN ESTADO DE SOMNOLENCIA O MALAS CONDICIONES FISICAS (SUENIO, CANSANCIO Y FATIGA).",OTROS,MOTOCICLETA,0,0,0,0,0,0,0,0,1,1,0,0,0,2,42,HOMBRE,LESIONADO,CONDUCTOR PRESENTE,NO,NO,0
18378,61131,61132,2019,1,0,-0.133776,-78.496307,PICHINCHA,QUITO,QUITO,URBANA,2019-04-12,07:00:00,7,VIERNES,5,ABRIL,4,NO,NO GUARDAR LA DISTANCIA LATERAL MINIMA DE SEGURIDAD ENTRE VEHICULOS.,CHOQUE LATERAL,MOTOCICLETA,1,0,0,0,0,0,0,0,1,0,0,0,0,2,26,HOMBRE,LESIONADO,CONDUCTOR PRESENTE,NO,NO,0
18379,61135,61136,2019,0,0,-0.291889,-78.558471,PICHINCHA,QUITO,QUITO,URBANA,2019-04-12,07:40:00,7,VIERNES,5,ABRIL,4,NO,"NO RESPETAR LAS SENIALES REGLAMENTARIAS DE TRANSITO. (PARE, CEDA EL PASO, LUZ ROJA DEL SEMAFORO, ETC).",CHOQUE LATERAL,AUTOMOVIL,2,0,0,0,0,0,0,0,0,0,0,0,0,2,28,MUJER,ILESO,CONDUCTOR PRESENTE,NO,NO,0
18380,61137,61138,2019,0,0,-0.183937,-78.501879,PICHINCHA,QUITO,QUITO,URBANA,2019-04-12,08:00:00,8,VIERNES,5,ABRIL,4,NO,CONDUCIR VEHICULO SUPERANDO LOS LIMITES MAXIMOS DE VELOCIDAD.,ESTRELLAMIENTOS,AUTOMOVIL,1,0,0,0,0,0,0,0,0,0,0,0,0,1,-1,NO IDENTIFICADO,NO IDENTIFICADO,CONDUCTOR AUSENTE,NO,NO,2
18381,61140,61141,2019,0,0,-0.177282,-78.359537,PICHINCHA,QUITO,PUEMBO,RURAL,2019-04-12,10:05:00,10,VIERNES,5,ABRIL,4,NO,NO MANTENER LA DISTANCIA PRUDENCIAL CON RESPECTO AL VEHICULO QUE LE ANTECEDE.,CHOQUE POSTERIOR,AUTOMOVIL,1,0,1,0,0,0,0,0,0,0,0,0,0,2,29,HOMBRE,ILESO,CONDUCTOR PRESENTE,NO,NO,3
18382,61141,61142,2019,0,1,-0.318641,-78.549386,PICHINCHA,QUITO,QUITO,URBANA,2019-04-12,10:10:00,10,VIERNES,5,ABRIL,4,NO,NO TRANSITAR POR LAS ACERAS O ZONAS DE SEGURIDAD DESTINADAS PARA EL EFECTO.,ARROLLAMIENTOS,AUTOMOVIL,1,0,0,0,0,0,0,0,0,0,0,0,0,1,6,HOMBRE,FALLECIDO,PEATON,NO,NO,0
18383,61142,61143,2019,1,0,-0.292168,-78.543986,PICHINCHA,QUITO,QUITO,URBANA,2019-04-12,10:55:00,10,VIERNES,5,ABRIL,4,NO,NO CEDER EL DERECHO DE VIA O PREFERENCIA DE PASO AL PEATON.,ARROLLAMIENTOS,NO IDENTIFICADO,0,0,0,0,0,0,0,0,0,1,0,0,0,1,28,HOMBRE,LESIONADO,PEATON,NO,NO,0
18384,61144,61145,2019,0,0,-0.165603,-78.487106,PICHINCHA,QUITO,QUITO,URBANA,2019-04-12,12:00:00,12,VIERNES,5,ABRIL,4,NO,NO MANTENER LA DISTANCIA PRUDENCIAL CON RESPECTO AL VEHICULO QUE LE ANTECEDE.,CHOQUE POSTERIOR,AUTOMOVIL,2,0,0,0,0,0,0,0,0,0,0,0,0,2,44,HOMBRE,ILESO,CONDUCTOR PRESENTE,NO,NO,0
18385,61150,61151,2019,0,0,-0.161268,-78.495828,PICHINCHA,QUITO,QUITO,URBANA,2019-04-12,13:45:00,13,VIERNES,5,ABRIL,4,NO,NO MANTENER LA DISTANCIA PRUDENCIAL CON RESPECTO AL VEHICULO QUE LE ANTECEDE.,COLISION,AUTOMOVIL,3,0,0,0,0,0,0,0,0,0,0,0,0,3,37,HOMBRE,ILESO,CONDUCTOR PRESENTE,NO,NO,0
18386,61151,61152,2019,2,0,-0.303012,-78.551249,PICHINCHA,QUITO,QUITO,URBANA,2019-04-12,13:55:00,13,VIERNES,5,ABRIL,4,NO,"NO RESPETAR LAS SENIALES REGLAMENTARIAS DE TRANSITO. (PARE, CEDA EL PASO, LUZ ROJA DEL SEMAFORO, ETC).",CHOQUE LATERAL,AUTOMOVIL,1,0,0,0,0,0,0,0,1,0,0,0,0,2,22,HOMBRE,LESIONADO,PASAJERO,NO,NO,0
18387,61152,61153,2019,1,0,-0.299348,-78.542062,PICHINCHA,QUITO,QUITO,URBANA,2019-04-12,14:00:00,14,VIERNES,5,ABRIL,4,NO,"CASO FORTUITO O FUERZA MAYOR (EXPLOSION DE NEUMATICO NUEVO, DERRUMBE, INUNDACION, CAIDA DE PUENTE, ARBOL, PRESENCIA INTEMPESTIVA E IMPREVISTA DE SEMOVIENTES EN LA VIA, ETC.).",OTROS,NO IDENTIFICADO,0,0,0,0,0,0,0,0,0,2,0,0,0,2,15,HOMBRE,LESIONADO,PEATON,NO,NO,0
18388,61158,61159,2019,0,0,-0.202981,-78.487362,PICHINCHA,QUITO,QUITO,URBANA,2019-04-12,16:00:00,16,VIERNES,5,ABRIL,4,NO,REALIZAR CAMBIO BRUSCO O INDEBIDO DE CARRIL.,CHOQUE LATERAL,AUTOMOVIL,2,0,0,0,0,0,0,0,0,0,0,0,0,2,55,HOMBRE,ILESO,CONDUCTOR PRESENTE,NO,NO,0
18389,61164,61165,2019,0,0,-0.244778,-78.587194,PICHINCHA,QUITO,LLOA,URBANA,2019-04-12,17:30:00,17,VIERNES,5,ABRIL,4,NO,"CONDUCE BAJO LA INFLUENCIA DE ALCOHOL, SUSTANCIAS ESTUPEFACIENTES O PSICOTROPICAS Y/O MEDICAMENTOS.",OTROS,AUTOMOVIL,1,0,0,0,1,0,0,0,0,0,0,0,0,2,55,HOMBRE,ILESO,CONDUCTOR PRESENTE,NO,NO,0
18390,61176,61177,2019,0,1,-0.023952,-78.257432,PICHINCHA,CAYAMBE,OTON,RURAL,2019-04-12,22:00:00,22,VIERNES,5,ABRIL,4,NO,"CONDUCIR DESATENTO A LAS CONDICIONES DE TRANSITO (CELULAR, PANTALLAS DE VIDEO, COMIDA, MAQUILLAJE O CUALQUIER OTRO ELEMENTO DISTRACTOR).",CHOQUE LATERAL,CAMION,1,0,0,1,0,0,0,0,0,0,0,0,0,2,37,HOMBRE,FALLECIDO,CONDUCTOR PRESENTE,NO,SI,3
18391,61180,61181,2019,0,0,-0.176925,-78.488537,PICHINCHA,QUITO,QUITO,URBANA,2019-04-12,23:00:00,23,VIERNES,5,ABRIL,4,NO,REALIZAR CAMBIO BRUSCO O INDEBIDO DE CARRIL.,CHOQUE LATERAL,AUTOMOVIL,1,0,0,0,0,0,0,0,0,1,0,0,0,2,30,HOMBRE,ILESO,PASAJERO,NO,NO,0
18392,61183,61184,2019,0,0,-0.115548,-78.474521,PICHINCHA,QUITO,QUITO,URBANA,2019-04-13,00:00:00,0,SABADO,6,ABRIL,4,NO,CONDUCIR VEHICULO SUPERANDO LOS LIMITES MAXIMOS DE VELOCIDAD.,ESTRELLAMIENTOS,AUTOMOVIL,1,0,0,0,0,0,0,0,0,0,0,0,0,1,-1,NO IDENTIFICADO,NO IDENTIFICADO,CONDUCTOR AUSENTE,NO,NO,2
18393,61185,61186,2019,1,0,-0.104824,-78.427376,PICHINCHA,QUITO,CALDERON (CARAPUNGO),RURAL,2019-04-13,00:15:00,0,SABADO,6,ABRIL,4,NO,NO GUARDAR LA DISTANCIA LATERAL MINIMA DE SEGURIDAD ENTRE VEHICULOS.,ESTRELLAMIENTOS,CAMION,1,0,0,1,0,0,0,0,0,0,0,0,0,2,64,HOMBRE,LESIONADO,CONDUCTOR PRESENTE,NO,NO,3
18394,61190,61191,2019,0,0,-0.129369,-78.481353,PICHINCHA,QUITO,QUITO,URBANA,2019-04-13,01:00:00,1,SABADO,6,ABRIL,4,NO,"CONDUCE BAJO LA INFLUENCIA DE ALCOHOL, SUSTANCIAS ESTUPEFACIENTES O PSICOTROPICAS Y/O MEDICAMENTOS.",CHOQUE POSTERIOR,AUTOMOVIL,2,0,0,0,0,0,0,0,0,0,0,0,0,2,26,HOMBRE,ILESO,CONDUCTOR PRESENTE,NO,NO,0
18395,61195,61196,2019,0,0,-0.176919,-78.477872,PICHINCHA,QUITO,QUITO,URBANA,2019-04-13,02:01:00,2,SABADO,6,ABRIL,4,NO,"CONDUCIR EN ESTADO DE SOMNOLENCIA O MALAS CONDICIONES FISICAS (SUENIO, CANSANCIO Y FATIGA).",COLISION,AUTOMOVIL,2,0,0,0,0,0,0,0,0,1,0,0,0,3,24,HOMBRE,ILESO,CONDUCTOR PRESENTE,NO,NO,0
18396,61196,61197,2019,0,0,-0.171258,-78.486751,PICHINCHA,QUITO,QUITO,URBANA,2019-04-13,02:05:00,2,SABADO,6,ABRIL,4,NO,REALIZAR CAMBIO BRUSCO O INDEBIDO DE CARRIL.,CHOQUE LATERAL,AUTOMOVIL,2,0,0,0,0,0,0,0,0,0,0,0,0,2,46,MUJER,ILESO,PASAJERO,NO,NO,0
18397,61201,61202,2019,2,0,-0.204792,-78.486926,PICHINCHA,QUITO,QUITO,URBANA,2019-04-13,02:40:00,2,SABADO,6,ABRIL,4,NO,NO CEDER EL DERECHO DE VIA O PREFERENCIA DE PASO A VEHICULOS.,CHOQUE LATERAL,AUTOMOVIL,1,0,0,0,0,0,0,0,0,1,0,0,0,2,28,MUJER,LESIONADO,PASAJERO,NO,NO,0
18398,61205,61206,2019,0,0,-0.212824,-78.402686,PICHINCHA,QUITO,TUMBACO,RURAL,2019-04-13,04:00:00,4,SABADO,6,ABRIL,4,NO,"CONDUCIR EN ESTADO DE SOMNOLENCIA O MALAS CONDICIONES FISICAS (SUENIO, CANSANCIO Y FATIGA).",ESTRELLAMIENTOS,AUTOMOVIL,1,0,0,0,0,0,0,0,0,0,0,0,0,1,-1,NO IDENTIFICADO,NO IDENTIFICADO,CONDUCTOR AUSENTE,NO,NO,2
18399,61207,61208,2019,0,0,-0.166267,-78.479081,PICHINCHA,QUITO,QUITO,URBANA,2019-04-13,04:20:00,4,SABADO,6,ABRIL,4,NO,"CONDUCIR EN ESTADO DE SOMNOLENCIA O MALAS CONDICIONES FISICAS (SUENIO, CANSANCIO Y FATIGA).",ESTRELLAMIENTOS,AUTOMOVIL,1,0,0,0,0,0,0,0,0,0,0,0,0,1,52,MUJER,ILESO,CONDUCTOR PRESENTE,NO,NO,0
18400,61208,61209,2019,1,0,-0.243671,-78.485361,PICHINCHA,QUITO,QUITO,URBANA,2019-04-13,04:20:00,4,SABADO,6,ABRIL,4,NO,"CONDUCIR EN ESTADO DE SOMNOLENCIA O MALAS CONDICIONES FISICAS (SUENIO, CANSANCIO Y FATIGA).",PERDIDA DE CARRIL,MOTOCICLETA,0,0,0,0,0,0,0,0,1,0,0,0,0,1,23,HOMBRE,LESIONADO,PASAJERO,NO,NO,0
18401,61212,61213,2019,0,0,-0.208629,-78.495554,PICHINCHA,QUITO,QUITO,URBANA,2019-04-13,05:00:00,5,SABADO,6,ABRIL,4,NO,"CONDUCE BAJO LA INFLUENCIA DE ALCOHOL, SUSTANCIAS ESTUPEFACIENTES O PSICOTROPICAS Y/O MEDICAMENTOS.",CHOQUE LATERAL,AUTOMOVIL,1,0,0,0,1,0,0,0,0,0,0,0,0,2,55,HOMBRE,ILESO,CONDUCTOR PRESENTE,NO,NO,0
18402,61214,61215,2019,0,0,-0.280955,-78.548788,PICHINCHA,QUITO,QUITO,URBANA,2019-04-13,05:14:00,5,SABADO,6,ABRIL,4,NO,"CONDUCE BAJO LA INFLUENCIA DE ALCOHOL, SUSTANCIAS ESTUPEFACIENTES O PSICOTROPICAS Y/O MEDICAMENTOS.",CHOQUE POSTERIOR,AUTOMOVIL,2,0,0,0,0,0,0,0,0,0,0,0,0,2,34,HOMBRE,ILESO,CONDUCTOR PRESENTE,NO,NO,0
18403,61221,61222,2019,0,0,-0.207205,-78.494919,PICHINCHA,QUITO,QUITO,URBANA,2019-04-13,08:55:00,8,SABADO,6,ABRIL,4,NO,"NO RESPETAR LAS SENIALES REGLAMENTARIAS DE TRANSITO. (PARE, CEDA EL PASO, LUZ ROJA DEL SEMAFORO, ETC).",CHOQUE LATERAL,AUTOMOVIL,2,0,0,0,0,0,0,0,0,0,0,0,0,2,34,HOMBRE,ILESO,CONDUCTOR PRESENTE,NO,NO,0
18404,61235,61236,2019,1,0,-0.283277,-78.536414,PICHINCHA,QUITO,QUITO,URBANA,2019-04-13,12:05:00,12,SABADO,6,ABRIL,4,NO,"NO RESPETAR LAS SENIALES REGLAMENTARIAS DE TRANSITO. (PARE, CEDA EL PASO, LUZ ROJA DEL SEMAFORO, ETC).",ATROPELLOS,AUTOMOVIL,1,0,0,0,0,0,0,0,0,0,0,0,0,1,93,MUJER,LESIONADO,PEATON,NO,NO,0
18405,61237,61238,2019,3,0,-0.297729,-78.550296,PICHINCHA,QUITO,QUITO,URBANA,2019-04-13,12:45:00,12,SABADO,6,ABRIL,4,NO,"NO RESPETAR LAS SENIALES REGLAMENTARIAS DE TRANSITO. (PARE, CEDA EL PASO, LUZ ROJA DEL SEMAFORO, ETC).",CHOQUE LATERAL,MOTOCICLETA,1,0,0,0,0,0,0,0,1,0,0,0,0,2,11,HOMBRE,LESIONADO,PASAJERO,NO,NO,0
18406,61244,61245,2019,2,0,-0.208437,-78.504944,PICHINCHA,QUITO,QUITO,URBANA,2019-04-13,14:45:00,14,SABADO,6,ABRIL,4,NO,"CONDUCIR DESATENTO A LAS CONDICIONES DE TRANSITO (CELULAR, PANTALLAS DE VIDEO, COMIDA, MAQUILLAJE O CUALQUIER OTRO ELEMENTO DISTRACTOR).",CHOQUE LATERAL,AUTOMOVIL,2,0,0,0,0,0,0,0,0,0,0,0,0,2,33,MUJER,LESIONADO,PASAJERO,NO,NO,0
18407,61250,61251,2019,1,0,-0.196047,-78.466538,PICHINCHA,QUITO,QUITO,RURAL,2019-04-13,16:15:00,16,SABADO,6,ABRIL,4,NO,CONDUCIR VEHICULO SUPERANDO LOS LIMITES MAXIMOS DE VELOCIDAD.,ESTRELLAMIENTOS,AUTOMOVIL,1,0,0,0,0,0,0,0,0,0,0,0,0,1,38,HOMBRE,LESIONADO,CONDUCTOR PRESENTE,NO,NO,3
18408,61253,61254,2019,0,0,-0.309753,-78.552531,PICHINCHA,QUITO,QUITO,URBANA,2019-04-13,16:50:00,16,SABADO,6,ABRIL,4,NO,CONDUCIR VEHICULO SUPERANDO LOS LIMITES MAXIMOS DE VELOCIDAD.,ESTRELLAMIENTOS,AUTOMOVIL,1,0,0,0,0,0,0,0,0,0,0,0,0,1,-1,NO IDENTIFICADO,NO IDENTIFICADO,CONDUCTOR AUSENTE,NO,NO,2
18409,61259,61260,2019,0,0,-0.282733,-78.517342,PICHINCHA,QUITO,QUITO,URBANA,2019-04-13,18:30:00,18,SABADO,6,ABRIL,4,NO,CONDUCIR VEHICULO SUPERANDO LOS LIMITES MAXIMOS DE VELOCIDAD.,PERDIDA DE CARRIL,AUTOMOVIL,1,0,0,0,0,0,0,0,0,0,0,0,0,1,-1,NO IDENTIFICADO,NO IDENTIFICADO,CONDUCTOR AUSENTE,NO,NO,2
18410,61265,61266,2019,0,0,-0.300356,-78.535544,PICHINCHA,QUITO,QUITO,URBANA,2019-04-13,20:30:00,20,SABADO,6,ABRIL,4,NO,CONDUCIR EN SENTIDO CONTRARIO A LA VIA NORMAL DE CIRCULACION.,CHOQUE FRONTAL,AUTOMOVIL,2,0,0,0,0,0,0,0,0,0,0,0,0,2,48,HOMBRE,ILESO,CONDUCTOR PRESENTE,NO,NO,0
18411,61270,61271,2019,0,0,-0.336904,-78.551812,PICHINCHA,QUITO,QUITO,URBANA,2019-04-13,22:00:00,22,SABADO,6,ABRIL,4,NO,"CONDUCIR DESATENTO A LAS CONDICIONES DE TRANSITO (CELULAR, PANTALLAS DE VIDEO, COMIDA, MAQUILLAJE O CUALQUIER OTRO ELEMENTO DISTRACTOR).",ESTRELLAMIENTOS,CAMION,0,0,0,1,0,0,0,0,0,1,0,0,0,2,-1,NO IDENTIFICADO,NO IDENTIFICADO,CONDUCTOR AUSENTE,NO,NO,2
18412,61278,61279,2019,1,0,-0.244303,-78.519274,PICHINCHA,QUITO,QUITO,URBANA,2019-04-14,00:45:00,0,DOMINGO,7,ABRIL,4,NO,CONDUCIR VEHICULO SUPERANDO LOS LIMITES MAXIMOS DE VELOCIDAD.,PERDIDA DE CARRIL,MOTOCICLETA,0,0,0,0,0,0,0,0,1,0,0,0,0,1,35,HOMBRE,LESIONADO,CONDUCTOR PRESENTE,NO,NO,0
18413,61280,61281,2019,4,0,-0.375496,-78.506023,PICHINCHA,QUITO,AMAGUANIA,RURAL,2019-04-14,01:00:00,1,DOMINGO,7,ABRIL,4,NO,"CONDUCE BAJO LA INFLUENCIA DE ALCOHOL, SUSTANCIAS ESTUPEFACIENTES O PSICOTROPICAS Y/O MEDICAMENTOS.",ATROPELLOS,AUTOMOVIL,1,0,0,0,0,0,0,0,0,0,0,0,0,1,20,MUJER,LESIONADO,PEATON,NO,NO,3
18414,61281,61282,2019,0,0,-0.179774,-78.490108,PICHINCHA,QUITO,QUITO,URBANA,2019-04-14,01:07:00,1,DOMINGO,7,ABRIL,4,NO,"NO RESPETAR LAS SENIALES REGLAMENTARIAS DE TRANSITO. (PARE, CEDA EL PASO, LUZ ROJA DEL SEMAFORO, ETC).",CHOQUE LATERAL,CAMIONETA,1,0,0,0,1,0,0,0,0,0,0,0,0,2,25,HOMBRE,ILESO,CONDUCTOR PRESENTE,NO,NO,0
18415,61286,61287,2019,0,0,-0.100481,-78.470028,PICHINCHA,QUITO,QUITO,URBANA,2019-04-14,02:40:00,2,DOMINGO,7,ABRIL,4,NO,"CONDUCE BAJO LA INFLUENCIA DE ALCOHOL, SUSTANCIAS ESTUPEFACIENTES O PSICOTROPICAS Y/O MEDICAMENTOS.",CHOQUE POSTERIOR,AUTOMOVIL,2,0,0,0,0,0,0,0,0,0,0,0,0,2,32,HOMBRE,ILESO,PASAJERO,NO,NO,0
18416,61292,61293,2019,0,0,-0.304077,-78.543335,PICHINCHA,QUITO,QUITO,URBANA,2019-04-14,04:00:00,4,DOMINGO,7,ABRIL,4,NO,"CONDUCE BAJO LA INFLUENCIA DE ALCOHOL, SUSTANCIAS ESTUPEFACIENTES O PSICOTROPICAS Y/O MEDICAMENTOS.",CHOQUE POSTERIOR,AUTOMOVIL,2,0,0,0,0,0,0,0,0,0,0,0,0,2,28,HOMBRE,ILESO,CONDUCTOR PRESENTE,NO,NO,0
18417,61293,61294,2019,0,0,-0.244451,-78.331032,PICHINCHA,QUITO,PIFO,URBANA,2019-04-14,04:12:00,4,DOMINGO,7,ABRIL,4,NO,"CONDUCE BAJO LA INFLUENCIA DE ALCOHOL, SUSTANCIAS ESTUPEFACIENTES O PSICOTROPICAS Y/O MEDICAMENTOS.",PERDIDA DE CARRIL,AUTOMOVIL,1,0,0,0,0,0,0,0,0,0,0,0,0,1,31,HOMBRE,ILESO,CONDUCTOR PRESENTE,NO,SI,0
18418,61295,61296,2019,0,0,-0.239578,-78.530744,PICHINCHA,QUITO,QUITO,URBANA,2019-04-14,04:45:00,4,DOMINGO,7,ABRIL,4,NO,"NO RESPETAR LAS SENIALES REGLAMENTARIAS DE TRANSITO. (PARE, CEDA EL PASO, LUZ ROJA DEL SEMAFORO, ETC).",CHOQUE LATERAL,AUTOMOVIL,2,0,0,0,0,0,0,0,0,0,0,0,0,2,30,HOMBRE,ILESO,CONDUCTOR PRESENTE,NO,NO,0
18419,61301,61302,2019,0,0,-0.170517,-78.489687,PICHINCHA,QUITO,QUITO,URBANA,2019-04-14,05:45:00,5,DOMINGO,7,ABRIL,4,NO,CONDUCIR EN SENTIDO CONTRARIO A LA VIA NORMAL DE CIRCULACION.,CHOQUE FRONTAL,AUTOMOVIL,2,0,0,0,0,0,0,0,0,0,0,0,0,2,-1,NO IDENTIFICADO,NO IDENTIFICADO,CONDUCTOR AUSENTE,NO,NO,2
18420,61304,61305,2019,5,0,-0.211149,-78.496622,PICHINCHA,QUITO,QUITO,URBANA,2019-04-14,06:25:00,6,DOMINGO,7,ABRIL,4,NO,CONDUCIR VEHICULO SUPERANDO LOS LIMITES MAXIMOS DE VELOCIDAD.,ESTRELLAMIENTOS,AUTOMOVIL,1,0,0,0,0,0,0,0,0,0,0,0,0,1,27,HOMBRE,LESIONADO,PASAJERO,NO,NO,0
18421,61307,61308,2019,1,0,-0.250641,-78.538033,PICHINCHA,QUITO,QUITO,URBANA,2019-04-14,07:05:00,7,DOMINGO,7,ABRIL,4,NO,NO MANTENER LA DISTANCIA PRUDENCIAL CON RESPECTO AL VEHICULO QUE LE ANTECEDE.,CHOQUE POSTERIOR,AUTOMOVIL,1,0,0,0,0,0,0,0,1,0,0,0,0,2,37,HOMBRE,LESIONADO,CONDUCTOR PRESENTE,NO,NO,0
18422,61308,61309,2019,3,0,-0.142041,-78.443217,PICHINCHA,QUITO,LLANO CHICO,RURAL,2019-04-14,07:50:00,7,DOMINGO,7,ABRIL,4,NO,CONDUCIR VEHICULO SUPERANDO LOS LIMITES MAXIMOS DE VELOCIDAD.,ESTRELLAMIENTOS,AUTOMOVIL,1,0,0,0,0,0,0,0,0,0,0,0,0,1,28,MUJER,LESIONADO,PASAJERO,NO,NO,3
18423,61309,61310,2019,0,0,-0.256733,-78.542801,PICHINCHA,QUITO,QUITO,URBANA,2019-04-14,08:46:00,8,DOMINGO,7,ABRIL,4,NO,NO MANTENER LA DISTANCIA PRUDENCIAL CON RESPECTO AL VEHICULO QUE LE ANTECEDE.,CHOQUE POSTERIOR,AUTOMOVIL,1,0,0,0,0,0,0,0,0,1,0,0,0,2,27,HOMBRE,ILESO,CONDUCTOR PRESENTE,NO,NO,0
18424,61319,61320,2019,0,0,-0.104823,-78.500237,PICHINCHA,QUITO,QUITO,URBANA,2019-04-14,13:20:00,13,DOMINGO,7,ABRIL,4,NO,CONDUCIR VEHICULO SUPERANDO LOS LIMITES MAXIMOS DE VELOCIDAD.,ESTRELLAMIENTOS,AUTOMOVIL,1,0,0,0,0,0,0,0,0,0,0,0,0,1,-1,NO IDENTIFICADO,NO IDENTIFICADO,CONDUCTOR AUSENTE,NO,NO,2
18425,61339,61340,2019,0,1,-0.335656,-78.530131,PICHINCHA,QUITO,QUITO,URBANA,2019-04-14,20:00:00,20,DOMINGO,7,ABRIL,4,NO,NO TRANSITAR POR LAS ACERAS O ZONAS DE SEGURIDAD DESTINADAS PARA EL EFECTO.,ARROLLAMIENTOS,NO IDENTIFICADO,0,0,0,0,0,0,0,0,0,1,0,0,0,1,45,HOMBRE,FALLECIDO,PEATON,NO,NO,0
18426,61341,61342,2019,1,0,-0.243301,-78.519933,PICHINCHA,QUITO,QUITO,URBANA,2019-04-14,20:55:00,20,DOMINGO,7,ABRIL,4,NO,MALAS CONDICIONES DE LA VIA Y/O CONFIGURACION. (ILUMINACION Y DISENIO).,OTROS,MOTOCICLETA,0,0,0,0,0,0,0,0,1,1,0,0,0,2,23,HOMBRE,LESIONADO,PASAJERO,NO,NO,0
18427,61356,61357,2019,0,0,-0.107535,-78.447011,PICHINCHA,QUITO,CALDERON (CARAPUNGO),RURAL,2019-04-15,01:00:00,1,LUNES,1,ABRIL,4,NO,"CONDUCIR EN ESTADO DE SOMNOLENCIA O MALAS CONDICIONES FISICAS (SUENIO, CANSANCIO Y FATIGA).",ESTRELLAMIENTOS,AUTOMOVIL,1,0,0,0,0,0,0,0,0,0,0,0,0,1,55,HOMBRE,ILESO,CONDUCTOR PRESENTE,NO,NO,3
18428,61359,61360,2019,1,0,-0.201366,-78.490501,PICHINCHA,QUITO,QUITO,URBANA,2019-04-15,03:50:00,3,LUNES,1,ABRIL,4,NO,"CONDUCIR EN ESTADO DE SOMNOLENCIA O MALAS CONDICIONES FISICAS (SUENIO, CANSANCIO Y FATIGA).",PERDIDA DE CARRIL,MOTOCICLETA,0,0,0,0,0,0,0,0,1,0,0,0,0,1,33,HOMBRE,LESIONADO,CONDUCTOR PRESENTE,SI,NO,0
18429,61361,61362,2019,0,1,-0.378431,-78.503079,PICHINCHA,QUITO,AMAGUANIA,RURAL,2019-04-15,05:50:00,5,LUNES,1,ABRIL,4,NO,"CONDUCIR DESATENTO A LAS CONDICIONES DE TRANSITO (CELULAR, PANTALLAS DE VIDEO, COMIDA, MAQUILLAJE O CUALQUIER OTRO ELEMENTO DISTRACTOR).",PERDIDA DE CARRIL,NO IDENTIFICADO,0,0,0,0,0,0,0,0,0,1,0,0,0,1,21,HOMBRE,FALLECIDO,CONDUCTOR PRESENTE,NO,SI,3
18430,61365,61366,2019,3,0,-0.093989,-78.449571,PICHINCHA,QUITO,CALDERON (CARAPUNGO),RURAL,2019-04-15,06:35:00,6,LUNES,1,ABRIL,4,NO,"NO RESPETAR LAS SENIALES REGLAMENTARIAS DE TRANSITO. (PARE, CEDA EL PASO, LUZ ROJA DEL SEMAFORO, ETC).",CHOQUE LATERAL,MOTOCICLETA,0,0,0,0,0,0,0,0,1,1,0,0,0,2,6,HOMBRE,LESIONADO,PASAJERO,NO,NO,3
18431,61366,61367,2019,1,0,-0.197826,-78.466466,PICHINCHA,QUITO,QUITO,RURAL,2019-04-15,07:00:00,7,LUNES,1,ABRIL,4,NO,NO MANTENER LA DISTANCIA PRUDENCIAL CON RESPECTO AL VEHICULO QUE LE ANTECEDE.,COLISION,AUTOMOVIL,1,0,0,0,2,0,0,0,0,0,0,0,0,3,73,HOMBRE,LESIONADO,CONDUCTOR PRESENTE,NO,NO,3
18432,61370,61371,2019,1,0,-0.156616,-78.466161,PICHINCHA,QUITO,QUITO,URBANA,2019-04-15,07:45:00,7,LUNES,1,ABRIL,4,NO,"NO RESPETAR LAS SENIALES REGLAMENTARIAS DE TRANSITO. (PARE, CEDA EL PASO, LUZ ROJA DEL SEMAFORO, ETC).",ATROPELLOS,AUTOMOVIL,1,0,0,0,0,0,0,0,0,0,0,0,0,1,57,MUJER,LESIONADO,PEATON,NO,NO,0
18433,61371,61372,2019,0,0,-0.142736,-78.473006,PICHINCHA,QUITO,QUITO,URBANA,2019-04-15,08:10:00,8,LUNES,1,ABRIL,4,NO,NO GUARDAR LA DISTANCIA LATERAL MINIMA DE SEGURIDAD ENTRE VEHICULOS.,CHOQUE LATERAL,AUTOMOVIL,2,0,0,0,0,0,0,0,0,0,0,0,0,2,56,HOMBRE,ILESO,CONDUCTOR PRESENTE,NO,NO,0
18434,61372,61373,2019,0,0,-0.099029,-78.477971,PICHINCHA,QUITO,QUITO,URBANA,2019-04-15,08:20:00,8,LUNES,1,ABRIL,4,NO,NO CEDER EL DERECHO DE VIA O PREFERENCIA DE PASO A VEHICULOS.,CHOQUE LATERAL,AUTOMOVIL,2,0,0,0,0,0,0,0,0,0,0,0,0,2,45,HOMBRE,ILESO,CONDUCTOR PRESENTE,NO,NO,0