,Unnamed: 0,ID,ANIO,LESIONADOS,FALLECIDOS,LATITUD_Y,LONGITUD_X,PROVINCIA,CANTON,PARROQUIA,ZONA,FECHA,HORA,PERIODO_2,DIA_1,DIA_2,MES_1,MES_2,FERIADO,CAUSA_PROBABLE,TIPO_DE_SINIESTRO,TIPO_DE_VEHICULO_1,AUTOMOVIL,BICICLETA,BUS,CAMION,CAMIONETA,EMERGENCIAS,ESPECIAL,FURGONETA,MOTOCICLETA,NO_IDENTIFICADO,SCOOTER_ELECTRICO,TRICIMOTO,VEHICULO_DEPORTIVO_UTILITARIO,SUMA_DE_VEHICULOS,EDAD_1,SEXO_1,CONDICION_1,PARTICIPANTE_1,CASCO_1,CINTURON_1,KMeans_Cluster
18435,61374,61375,2019,0,0,-0.232484,-78.493231,PICHINCHA,QUITO,QUITO,RURAL,2019-04-15,09:15:00,9,LUNES,1,ABRIL,4,NO,NO MANTENER LA DISTANCIA PRUDENCIAL CON RESPECTO AL VEHICULO QUE LE ANTECEDE.,CHOQUE POSTERIOR,AUTOMOVIL,1,0,0,0,1,0,0,0,0,0,0,0,0,2,67,HOMBRE,ILESO,CONDUCTOR PRESENTE,NO,NO,3
18436,61383,61384,2019,1,0,-0.201482,-78.492103,PICHINCHA,QUITO,QUITO,URBANA,2019-04-15,13:30:00,13,LUNES,1,ABRIL,4,NO,NO CEDER EL DERECHO DE VIA O PREFERENCIA DE PASO AL PEATON.,ATROPELLOS,NO IDENTIFICADO,0,0,0,0,0,0,0,0,0,1,0,0,0,1,54,MUJER,LESIONADO,PEATON,NO,NO,0
18437,61387,61388,2019,0,0,-0.207161,-78.490857,PICHINCHA,QUITO,QUITO,URBANA,2019-04-15,14:30:00,14,LUNES,1,ABRIL,4,NO,REALIZAR CAMBIO BRUSCO O INDEBIDO DE CARRIL.,CHOQUE LATERAL,AUTOMOVIL,4,0,0,0,0,0,0,0,0,0,0,0,0,4,55,HOMBRE,ILESO,CONDUCTOR PRESENTE,NO,NO,0
18438,61418,61419,2019,0,0,-0.262857,-78.540164,PICHINCHA,QUITO,QUITO,URBANA,2019-04-16,05:45:00,5,MARTES,2,ABRIL,4,NO,CONDUCIR VEHICULO SUPERANDO LOS LIMITES MAXIMOS DE VELOCIDAD.,CHOQUE FRONTAL,AUTOMOVIL,2,0,0,0,0,0,0,0,0,0,0,0,0,2,27,MUJER,ILESO,CONDUCTOR PRESENTE,NO,NO,0
18439,61419,61420,2019,1,0,-0.241996,-78.546407,PICHINCHA,QUITO,QUITO,URBANA,2019-04-16,06:45:00,6,MARTES,2,ABRIL,4,NO,PEATON QUE CRUZA LA CALZADA SIN RESPETAR LA SENIALIZACION EXISTENTE (SEMAFOROS O SENIALES MANUALES).,ATROPELLOS,AUTOMOVIL,1,0,0,0,0,0,0,0,0,0,0,0,0,1,12,HOMBRE,LESIONADO,PEATON,NO,NO,0
18440,61421,61422,2019,1,0,-0.212891,-78.488362,PICHINCHA,QUITO,QUITO,URBANA,2019-04-16,07:00:00,7,MARTES,2,ABRIL,4,NO,NO GUARDAR LA DISTANCIA LATERAL MINIMA DE SEGURIDAD ENTRE VEHICULOS.,ROZAMIENTOS,AUTOMOVIL,1,0,1,0,0,0,0,0,0,0,0,0,0,2,49,HOMBRE,LESIONADO,CONDUCTOR PRESENTE,NO,NO,0
18441,61426,61427,2019,1,0,-0.177282,-78.759537,PICHINCHA,QUITO,LLOA,RURAL,2019-04-16,08:30:00,8,MARTES,2,ABRIL,4,NO,"NO RESPETAR LAS SENIALES REGLAMENTARIAS DE TRANSITO. (PARE, CEDA EL PASO, LUZ ROJA DEL SEMAFORO, ETC).",CHOQUE LATERAL,AUTOMOVIL,1,0,0,1,0,0,0,0,0,0,0,0,0,2,34,HOMBRE,LESIONADO,CONDUCTOR PRESENTE,NO,NO,3
18442,61428,61429,2019,1,0,-0.222068,-78.384087,PICHINCHA,QUITO,TUMBACO,RURAL,2019-04-16,09:30:00,9,MARTES,2,ABRIL,4,NO,"FALLA MECANICA EN LOS SISTEMAS Y/O NEUMATICOS (SISTEMA DE FRENOS, DIRECCION, ELECTRONICO O MECANICO).",ESTRELLAMIENTOS,CAMION,0,0,0,1,0,0,0,0,0,0,0,0,0,1,42,MUJER,LESIONADO,PEATON,NO,NO,3
18443,61436,61437,2019,1,0,-0.299015,-78.531528,PICHINCHA,QUITO,QUITO,URBANA,2019-04-16,12:15:00,12,MARTES,2,ABRIL,4,NO,"NO RESPETAR LAS SENIALES REGLAMENTARIAS DE TRANSITO. (PARE, CEDA EL PASO, LUZ ROJA DEL SEMAFORO, ETC).",CHOQUE LATERAL,AUTOMOVIL,2,0,0,0,0,0,0,0,0,0,0,0,0,2,40,HOMBRE,LESIONADO,CONDUCTOR PRESENTE,NO,NO,0
18444,61443,61444,2019,1,0,-0.206611,-78.493213,PICHINCHA,QUITO,QUITO,URBANA,2019-04-16,15:00:00,15,MARTES,2,ABRIL,4,NO,NO MANTENER LA DISTANCIA PRUDENCIAL CON RESPECTO AL VEHICULO QUE LE ANTECEDE.,CHOQUE POSTERIOR,MOTOCICLETA,0,0,0,0,0,0,0,0,1,1,0,0,0,2,47,HOMBRE,LESIONADO,CONDUCTOR PRESENTE,SI,NO,0
18445,61445,61446,2019,1,0,-0.204167,-78.542831,PICHINCHA,QUITO,QUITO,URBANA,2019-04-16,15:35:00,15,MARTES,2,ABRIL,4,NO,PEATON QUE CRUZA LA CALZADA SIN RESPETAR LA SENIALIZACION EXISTENTE (SEMAFOROS O SENIALES MANUALES).,ATROPELLOS,BUS,0,0,1,0,0,0,0,0,0,0,0,0,0,1,41,HOMBRE,LESIONADO,PEATON,NO,NO,0
18446,61460,61461,2019,0,0,-0.159946,-78.474911,PICHINCHA,QUITO,QUITO,URBANA,2019-04-16,20:00:00,20,MARTES,2,ABRIL,4,NO,"CONDUCE BAJO LA INFLUENCIA DE ALCOHOL, SUSTANCIAS ESTUPEFACIENTES O PSICOTROPICAS Y/O MEDICAMENTOS.",CHOQUE LATERAL,CAMION,1,0,0,1,0,0,0,0,0,0,0,0,0,2,29,HOMBRE,ILESO,CONDUCTOR PRESENTE,NO,NO,0
18447,61463,61464,2019,1,0,-0.344351,-78.523613,PICHINCHA,QUITO,QUITO,URBANA,2019-04-16,21:20:00,21,MARTES,2,ABRIL,4,NO,CONDUCIR VEHICULO SUPERANDO LOS LIMITES MAXIMOS DE VELOCIDAD.,ESTRELLAMIENTOS,AUTOMOVIL,1,0,0,0,0,0,0,0,0,0,0,0,0,1,18,HOMBRE,LESIONADO,PASAJERO,NO,NO,0
18448,61465,61466,2019,1,1,-0.226486,-78.339567,PICHINCHA,QUITO,PIFO,RURAL,2019-04-16,22:15:00,22,MARTES,2,ABRIL,4,NO,NO MANTENER LA DISTANCIA PRUDENCIAL CON RESPECTO AL VEHICULO QUE LE ANTECEDE.,CHOQUE POSTERIOR,AUTOMOVIL,1,0,0,0,0,0,0,0,1,0,0,0,0,2,40,HOMBRE,FALLECIDO,CONDUCTOR PRESENTE,NO,NO,3
18449,61468,61469,2019,1,0,-0.212226,-78.499352,PICHINCHA,QUITO,QUITO,URBANA,2019-04-16,23:16:00,23,MARTES,2,ABRIL,4,NO,CONDUCIR VEHICULO SUPERANDO LOS LIMITES MAXIMOS DE VELOCIDAD.,PERDIDA DE CARRIL,AUTOMOVIL,1,0,0,0,0,0,0,0,0,0,0,0,0,1,20,HOMBRE,LESIONADO,PASAJERO,NO,NO,0
18450,61475,61476,2019,0,0,-0.188003,-78.491954,PICHINCHA,QUITO,QUITO,URBANA,2019-04-17,05:05:00,5,MIERCOLES,3,ABRIL,4,NO,"CONDUCIR EN ESTADO DE SOMNOLENCIA O MALAS CONDICIONES FISICAS (SUENIO, CANSANCIO Y FATIGA).",ESTRELLAMIENTOS,AUTOMOVIL,1,0,0,0,0,0,0,0,0,0,0,0,0,1,41,MUJER,ILESO,CONDUCTOR PRESENTE,NO,NO,0
18451,61485,61486,2019,1,0,-0.160659,-78.479798,PICHINCHA,QUITO,QUITO,URBANA,2019-04-17,08:10:00,8,MIERCOLES,3,ABRIL,4,NO,NO TRANSITAR POR LAS ACERAS O ZONAS DE SEGURIDAD DESTINADAS PARA EL EFECTO.,ATROPELLOS,AUTOMOVIL,1,0,0,0,0,0,0,0,0,0,0,0,0,1,94,HOMBRE,LESIONADO,PEATON,NO,NO,0
18452,61493,61494,2019,0,0,-0.260059,-78.522887,PICHINCHA,QUITO,QUITO,URBANA,2019-04-17,13:30:00,13,MIERCOLES,3,ABRIL,4,NO,NO CEDER EL DERECHO DE VIA O PREFERENCIA DE PASO A VEHICULOS.,CHOQUE LATERAL,AUTOMOVIL,2,0,0,0,0,0,0,0,0,0,0,0,0,2,25,HOMBRE,ILESO,CONDUCTOR PRESENTE,NO,NO,0
18453,61494,61495,2019,2,0,-0.189271,-78.495137,PICHINCHA,QUITO,QUITO,URBANA,2019-04-17,14:10:00,14,MIERCOLES,3,ABRIL,4,NO,NO CEDER EL DERECHO DE VIA O PREFERENCIA DE PASO AL PEATON.,ATROPELLOS,CAMIONETA,0,0,0,0,1,0,0,0,0,0,0,0,0,1,76,MUJER,LESIONADO,PEATON,NO,NO,0
18454,61498,61499,2019,0,0,-0.242681,-78.497364,PICHINCHA,QUITO,QUITO,URBANA,2019-04-17,14:40:00,14,MIERCOLES,3,ABRIL,4,NO,NO MANTENER LA DISTANCIA PRUDENCIAL CON RESPECTO AL VEHICULO QUE LE ANTECEDE.,CHOQUE POSTERIOR,AUTOMOVIL,2,0,0,0,0,0,0,0,0,0,0,0,0,2,25,MUJER,ILESO,CONDUCTOR PRESENTE,NO,NO,0
18455,61506,61507,2019,1,5,-0.003739,-78.521641,PICHINCHA,QUITO,CALACALI,RURAL,2019-04-17,17:20:00,17,MIERCOLES,3,ABRIL,4,NO,CONDUCIR VEHICULO SUPERANDO LOS LIMITES MAXIMOS DE VELOCIDAD.,PERDIDA DE CARRIL,AUTOMOVIL,1,0,0,0,0,0,0,0,0,0,0,0,0,1,27,MUJER,FALLECIDO,PASAJERO,NO,SI,3
18456,61508,61509,2019,0,0,-0.109831,-78.500473,PICHINCHA,QUITO,QUITO,URBANA,2019-04-17,18:00:00,18,MIERCOLES,3,ABRIL,4,NO,"CONDUCE BAJO LA INFLUENCIA DE ALCOHOL, SUSTANCIAS ESTUPEFACIENTES O PSICOTROPICAS Y/O MEDICAMENTOS.",ESTRELLAMIENTOS,AUTOMOVIL,2,0,0,0,0,0,0,0,0,0,0,0,0,2,20,MUJER,ILESO,PASAJERO,NO,NO,0
18457,61510,61511,2019,1,0,-0.091594,-78.472878,PICHINCHA,QUITO,QUITO,URBANA,2019-04-17,18:45:00,18,MIERCOLES,3,ABRIL,4,NO,"NO RESPETAR LAS SENIALES REGLAMENTARIAS DE TRANSITO. (PARE, CEDA EL PASO, LUZ ROJA DEL SEMAFORO, ETC).",ATROPELLOS,MOTOCICLETA,0,0,0,0,0,0,0,0,1,0,0,0,0,1,27,MUJER,LESIONADO,PEATON,NO,NO,0
18458,61524,61525,2019,0,0,-0.153033,-78.464746,PICHINCHA,QUITO,QUITO,URBANA,2019-04-17,23:45:00,23,MIERCOLES,3,ABRIL,4,NO,"CONDUCIR DESATENTO A LAS CONDICIONES DE TRANSITO (CELULAR, PANTALLAS DE VIDEO, COMIDA, MAQUILLAJE O CUALQUIER OTRO ELEMENTO DISTRACTOR).",ESTRELLAMIENTOS,AUTOMOVIL,1,0,0,0,0,0,0,0,0,0,0,0,0,1,-1,NO IDENTIFICADO,NO IDENTIFICADO,CONDUCTOR AUSENTE,NO,NO,2
18459,61525,61526,2019,1,0,-0.111743,-78.478795,PICHINCHA,QUITO,QUITO,URBANA,2019-04-18,00:30:00,0,JUEVES,4,ABRIL,4,SI,"CONDUCE BAJO LA INFLUENCIA DE ALCOHOL, SUSTANCIAS ESTUPEFACIENTES O PSICOTROPICAS Y/O MEDICAMENTOS.",CHOQUE POSTERIOR,MOTOCICLETA,1,0,0,0,0,0,0,0,1,0,0,0,0,2,23,HOMBRE,LESIONADO,CONDUCTOR PRESENTE,NO,NO,0
18460,61527,61528,2019,0,0,-0.301371,-78.530935,PICHINCHA,QUITO,QUITO,URBANA,2019-04-18,02:00:00,2,JUEVES,4,ABRIL,4,SI,CONDUCIR VEHICULO SUPERANDO LOS LIMITES MAXIMOS DE VELOCIDAD.,ESTRELLAMIENTOS,CAMION,0,0,0,1,0,0,0,0,0,0,0,0,0,1,-1,NO IDENTIFICADO,NO IDENTIFICADO,CONDUCTOR AUSENTE,NO,NO,2
18461,61531,61532,2019,1,0,-0.319125,-78.557331,PICHINCHA,QUITO,QUITO,URBANA,2019-04-18,04:50:00,4,JUEVES,4,ABRIL,4,SI,CONDUCIR VEHICULO SUPERANDO LOS LIMITES MAXIMOS DE VELOCIDAD.,PERDIDA DE CARRIL,NO IDENTIFICADO,0,0,0,0,0,0,0,0,0,1,0,0,0,1,25,HOMBRE,LESIONADO,PASAJERO,NO,NO,0
18462,61537,61538,2019,0,0,-0.064334,-78.429354,PICHINCHA,QUITO,CALDERON (CARAPUNGO),RURAL,2019-04-18,06:10:00,6,JUEVES,4,ABRIL,4,SI,"CONDUCE BAJO LA INFLUENCIA DE ALCOHOL, SUSTANCIAS ESTUPEFACIENTES O PSICOTROPICAS Y/O MEDICAMENTOS.",CHOQUE FRONTAL,AUTOMOVIL,2,0,0,0,0,0,0,0,0,0,0,0,0,2,35,HOMBRE,ILESO,CONDUCTOR PRESENTE,NO,NO,3
18463,61550,61551,2019,1,0,-0.239079,-78.531357,PICHINCHA,QUITO,QUITO,URBANA,2019-04-18,12:30:00,12,JUEVES,4,ABRIL,4,SI,NO CEDER EL DERECHO DE VIA O PREFERENCIA DE PASO AL PEATON.,ATROPELLOS,NO IDENTIFICADO,0,0,0,0,0,0,0,0,0,1,0,0,0,1,9,MUJER,LESIONADO,PEATON,NO,NO,0
18464,61553,61554,2019,0,0,-0.244435,-78.482091,PICHINCHA,QUITO,QUITO,RURAL,2019-04-18,13:10:00,13,JUEVES,4,ABRIL,4,SI,NO MANTENER LA DISTANCIA PRUDENCIAL CON RESPECTO AL VEHICULO QUE LE ANTECEDE.,CHOQUE POSTERIOR,AUTOMOVIL,2,0,0,0,0,0,0,0,0,0,0,0,0,2,23,HOMBRE,ILESO,CONDUCTOR PRESENTE,NO,NO,3
18465,61555,61556,2019,1,0,-0.289417,-78.534451,PICHINCHA,QUITO,QUITO,URBANA,2019-04-18,14:10:00,14,JUEVES,4,ABRIL,4,SI,CONDUCIR VEHICULO SUPERANDO LOS LIMITES MAXIMOS DE VELOCIDAD.,VOLCAMIENTOS,AUTOMOVIL,1,0,0,0,0,0,0,0,0,0,0,0,0,1,30,HOMBRE,LESIONADO,CONDUCTOR PRESENTE,NO,NO,0
18466,61556,61557,2019,0,0,-0.220761,-78.456451,PICHINCHA,QUITO,CUMBAYA,RURAL,2019-04-18,14:15:00,14,JUEVES,4,ABRIL,4,SI,"CONDUCIR DESATENTO A LAS CONDICIONES DE TRANSITO (CELULAR, PANTALLAS DE VIDEO, COMIDA, MAQUILLAJE O CUALQUIER OTRO ELEMENTO DISTRACTOR).",ESTRELLAMIENTOS,CAMION,1,0,0,1,0,0,0,0,0,0,0,0,0,2,20,MUJER,ILESO,PASAJERO,NO,NO,3
18467,61558,61559,2019,1,0,-0.328831,-78.560625,PICHINCHA,QUITO,QUITO,URBANA,2019-04-18,14:45:00,14,JUEVES,4,ABRIL,4,SI,NO GUARDAR LA DISTANCIA LATERAL MINIMA DE SEGURIDAD ENTRE VEHICULOS.,OTROS,NO IDENTIFICADO,0,0,0,0,0,0,0,0,0,2,0,0,0,2,19,HOMBRE,LESIONADO,CONDUCTOR PRESENTE,NO,NO,0
18468,61562,61563,2019,1,0,-0.242893,-78.526686,PICHINCHA,QUITO,QUITO,URBANA,2019-04-18,15:30:00,15,JUEVES,4,ABRIL,4,SI,DEJAR O RECOGER PASAJEROS EN LUGARES NO PERMITIDOS.,CAIDA DE PASAJERO,BUS,0,0,1,0,0,0,0,0,0,0,0,0,0,1,63,MUJER,LESIONADO,PASAJERO,NO,NO,0
18469,61563,61564,2019,0,0,-0.090945,-78.476083,PICHINCHA,QUITO,QUITO,URBANA,2019-04-18,15:43:00,15,JUEVES,4,ABRIL,4,SI,NO MANTENER LA DISTANCIA PRUDENCIAL CON RESPECTO AL VEHICULO QUE LE ANTECEDE.,COLISION,AUTOMOVIL,2,0,0,0,1,0,0,0,0,0,0,0,0,3,38,HOMBRE,ILESO,CONDUCTOR PRESENTE,NO,NO,0
18470,61574,61575,2019,1,0,-0.255041,-78.517643,PICHINCHA,QUITO,QUITO,URBANA,2019-04-18,19:10:00,19,JUEVES,4,ABRIL,4,SI,CONDUCIR VEHICULO SUPERANDO LOS LIMITES MAXIMOS DE VELOCIDAD.,ATROPELLOS,NO IDENTIFICADO,0,0,0,0,0,0,0,0,0,1,0,0,0,1,25,HOMBRE,LESIONADO,PEATON,NO,NO,0
18471,61575,61576,2019,1,0,-0.254545,-78.542505,PICHINCHA,QUITO,QUITO,URBANA,2019-04-18,19:25:00,19,JUEVES,4,ABRIL,4,SI,"CONDICIONES AMBIENTALES Y/O ATMOSFERICAS (NIEBLA, NEBLINA, GRANIZO, LLUVIA).",PERDIDA DE CARRIL,NO IDENTIFICADO,0,0,0,0,0,0,0,0,0,1,0,0,0,1,38,HOMBRE,LESIONADO,CONDUCTOR PRESENTE,NO,NO,0
18472,61581,61582,2019,2,0,-0.189939,-78.496903,PICHINCHA,QUITO,QUITO,URBANA,2019-04-18,20:55:00,20,JUEVES,4,ABRIL,4,SI,"NO RESPETAR LAS SENIALES REGLAMENTARIAS DE TRANSITO. (PARE, CEDA EL PASO, LUZ ROJA DEL SEMAFORO, ETC).",CHOQUE LATERAL,AUTOMOVIL,1,0,0,0,0,0,0,0,1,0,0,0,0,2,16,MUJER,LESIONADO,PASAJERO,SI,NO,0
18473,61588,61589,2019,0,0,-0.202224,-78.500619,PICHINCHA,QUITO,QUITO,URBANA,2019-04-18,22:30:00,22,JUEVES,4,ABRIL,4,SI,"CONDUCIR EN ESTADO DE SOMNOLENCIA O MALAS CONDICIONES FISICAS (SUENIO, CANSANCIO Y FATIGA).",ESTRELLAMIENTOS,AUTOMOVIL,1,0,0,0,0,0,0,0,0,0,0,0,0,1,-1,NO IDENTIFICADO,NO IDENTIFICADO,CONDUCTOR AUSENTE,NO,NO,2
18474,61589,61590,2019,0,0,-0.208764,-78.506741,PICHINCHA,QUITO,QUITO,URBANA,2019-04-18,22:35:00,22,JUEVES,4,ABRIL,4,SI,NO CEDER EL DERECHO DE VIA O PREFERENCIA DE PASO A VEHICULOS.,CHOQUE LATERAL,AUTOMOVIL,2,0,0,0,0,0,0,0,0,0,0,0,0,2,28,HOMBRE,ILESO,CONDUCTOR PRESENTE,NO,NO,0
18475,61594,61595,2019,0,0,-0.271991,-78.529167,PICHINCHA,QUITO,QUITO,URBANA,2019-04-18,23:50:00,23,JUEVES,4,ABRIL,4,SI,"CONDUCE BAJO LA INFLUENCIA DE ALCOHOL, SUSTANCIAS ESTUPEFACIENTES O PSICOTROPICAS Y/O MEDICAMENTOS.",COLISION,AUTOMOVIL,2,0,0,0,1,0,0,0,0,0,0,0,0,3,22,MUJER,ILESO,PASAJERO,NO,NO,0
18476,61596,61597,2019,2,0,-0.111743,-78.478795,PICHINCHA,QUITO,QUITO,URBANA,2019-04-19,00:25:00,0,VIERNES,5,ABRIL,4,SI,"CONDUCE BAJO LA INFLUENCIA DE ALCOHOL, SUSTANCIAS ESTUPEFACIENTES O PSICOTROPICAS Y/O MEDICAMENTOS.",COLISION,AUTOMOVIL,3,0,0,0,0,0,0,0,0,0,0,0,0,3,32,MUJER,LESIONADO,PASAJERO,NO,NO,0
18477,61597,61598,2019,2,0,-0.287723,-78.545057,PICHINCHA,QUITO,QUITO,URBANA,2019-04-19,01:00:00,1,VIERNES,5,ABRIL,4,SI,"NO RESPETAR LAS SENIALES REGLAMENTARIAS DE TRANSITO. (PARE, CEDA EL PASO, LUZ ROJA DEL SEMAFORO, ETC).",ESTRELLAMIENTOS,MOTOCICLETA,0,0,0,0,0,0,0,0,1,0,0,0,0,1,29,HOMBRE,LESIONADO,PASAJERO,NO,NO,0
18478,61598,61599,2019,0,0,-0.061331,-78.379419,PICHINCHA,QUITO,GUAYLLABAMBA,RURAL,2019-04-19,01:10:00,1,VIERNES,5,ABRIL,4,SI,"CONDUCIR EN ESTADO DE SOMNOLENCIA O MALAS CONDICIONES FISICAS (SUENIO, CANSANCIO Y FATIGA).",PERDIDA DE CARRIL,VEHICULO DEPORTIVO UTILITARIO,0,0,0,0,0,0,0,0,0,0,0,0,1,1,25,HOMBRE,ILESO,CONDUCTOR PRESENTE,NO,SI,3
18479,61600,61601,2019,0,0,-0.117293,-78.503566,PICHINCHA,QUITO,QUITO,URBANA,2019-04-19,02:10:00,2,VIERNES,5,ABRIL,4,SI,"PEATON TRANSITA BAJO INFLUENCIA DE ALCOHOL, SUSTANCIAS ESTUPEFACIENTES O PSICOTROPICAS Y/O MEDICAMENTOS.",CHOQUE POSTERIOR,AUTOMOVIL,2,0,0,0,0,0,0,0,0,0,0,0,0,2,28,HOMBRE,ILESO,CONDUCTOR PRESENTE,NO,NO,0
18480,61603,61604,2019,0,0,-0.263504,-78.506361,PICHINCHA,QUITO,QUITO,URBANA,2019-04-19,02:50:00,2,VIERNES,5,ABRIL,4,SI,NO MANTENER LA DISTANCIA PRUDENCIAL CON RESPECTO AL VEHICULO QUE LE ANTECEDE.,CHOQUE POSTERIOR,CAMION,1,0,0,1,0,0,0,0,0,0,0,0,0,2,30,HOMBRE,ILESO,CONDUCTOR PRESENTE,NO,NO,0
18481,61607,61608,2019,0,0,-0.198054,-78.496075,PICHINCHA,QUITO,QUITO,URBANA,2019-04-19,04:24:00,4,VIERNES,5,ABRIL,4,SI,CONDUCIR VEHICULO SUPERANDO LOS LIMITES MAXIMOS DE VELOCIDAD.,ESTRELLAMIENTOS,AUTOMOVIL,1,0,0,0,0,0,0,0,0,0,0,0,0,1,24,HOMBRE,ILESO,PASAJERO,NO,NO,0
18482,61614,61615,2019,1,0,-0.206438,-78.370261,PICHINCHA,QUITO,PUEMBO,RURAL,2019-04-19,05:00:00,5,VIERNES,5,ABRIL,4,SI,CONDUCIR VEHICULO SUPERANDO LOS LIMITES MAXIMOS DE VELOCIDAD.,ESTRELLAMIENTOS,AUTOMOVIL,1,0,0,0,0,0,0,0,0,0,0,0,0,1,21,HOMBRE,LESIONADO,PASAJERO,NO,NO,3
18483,61615,61616,2019,1,1,-0.150289,-78.453334,PICHINCHA,QUITO,QUITO,RURAL,2019-04-19,05:17:00,5,VIERNES,5,ABRIL,4,SI,CONDUCIR VEHICULO SUPERANDO LOS LIMITES MAXIMOS DE VELOCIDAD.,CHOQUE FRONTAL,AUTOMOVIL,1,0,1,0,0,0,0,0,0,0,0,0,0,2,55,MUJER,FALLECIDO,PASAJERO,NO,NO,3
18484,61617,61618,2019,2,0,-0.237492,-78.484551,PICHINCHA,QUITO,QUITO,URBANA,2019-04-19,05:45:00,5,VIERNES,5,ABRIL,4,SI,"CASO FORTUITO O FUERZA MAYOR (EXPLOSION DE NEUMATICO NUEVO, DERRUMBE, INUNDACION, CAIDA DE PUENTE, ARBOL, PRESENCIA INTEMPESTIVA E IMPREVISTA DE SEMOVIENTES EN LA VIA, ETC.).",OTROS,AUTOMOVIL,1,0,0,0,0,0,0,0,0,0,0,0,0,1,29,MUJER,LESIONADO,PASAJERO,NO,NO,2
18485,61622,61623,2019,0,0,-0.166077,-78.464221,PICHINCHA,QUITO,QUITO,URBANA,2019-04-19,06:42:00,6,VIERNES,5,ABRIL,4,SI,"PRESENCIA DE AGENTES EXTERNOS EN LA VIA (AGUA, ACEITE, PIEDRA, LASTRE, ESCOMBROS, MADEROS, ETC.).",ESTRELLAMIENTOS,AUTOMOVIL,1,0,0,1,1,0,0,0,0,0,0,0,0,3,33,HOMBRE,ILESO,CONDUCTOR PRESENTE,NO,NO,0
18486,61623,61624,2019,0,0,-0.163073,-78.462599,PICHINCHA,QUITO,QUITO,URBANA,2019-04-19,07:20:00,7,VIERNES,5,ABRIL,4,SI,NO MANTENER LA DISTANCIA PRUDENCIAL CON RESPECTO AL VEHICULO QUE LE ANTECEDE.,COLISION,CAMIONETA,1,0,1,0,1,0,0,0,0,0,0,0,0,3,29,HOMBRE,ILESO,CONDUCTOR PRESENTE,NO,NO,0
18487,61626,61627,2019,0,0,-0.201667,-78.476303,PICHINCHA,QUITO,QUITO,RURAL,2019-04-19,08:00:00,8,VIERNES,5,ABRIL,4,SI,"CONDUCE BAJO LA INFLUENCIA DE ALCOHOL, SUSTANCIAS ESTUPEFACIENTES O PSICOTROPICAS Y/O MEDICAMENTOS.",ESTRELLAMIENTOS,AUTOMOVIL,1,0,0,0,0,0,0,0,0,0,0,0,0,1,33,HOMBRE,ILESO,CONDUCTOR PRESENTE,NO,NO,3
18488,61627,61628,2019,4,0,-0.171497,-78.490692,PICHINCHA,QUITO,QUITO,URBANA,2019-04-19,08:20:00,8,VIERNES,5,ABRIL,4,SI,"NO RESPETAR LAS SENIALES REGLAMENTARIAS DE TRANSITO. (PARE, CEDA EL PASO, LUZ ROJA DEL SEMAFORO, ETC).",CHOQUE LATERAL,MOTOCICLETA,1,0,0,0,0,0,0,0,1,0,0,0,0,2,26,HOMBRE,LESIONADO,CONDUCTOR PRESENTE,NO,NO,0
18489,61635,61636,2019,1,0,-0.244553,-78.502496,PICHINCHA,QUITO,QUITO,URBANA,2019-04-19,11:00:00,11,VIERNES,5,ABRIL,4,SI,NO GUARDAR LA DISTANCIA LATERAL MINIMA DE SEGURIDAD ENTRE VEHICULOS.,CHOQUE LATERAL,MOTOCICLETA,0,0,0,0,0,0,0,0,1,1,0,0,0,2,23,HOMBRE,LESIONADO,CONDUCTOR PRESENTE,NO,NO,0
18490,61638,61639,2019,0,0,-0.243301,-78.519933,PICHINCHA,QUITO,QUITO,URBANA,2019-04-19,12:30:00,12,VIERNES,5,ABRIL,4,SI,NO MANTENER LA DISTANCIA PRUDENCIAL CON RESPECTO AL VEHICULO QUE LE ANTECEDE.,CHOQUE POSTERIOR,AUTOMOVIL,1,0,0,0,0,0,0,0,1,0,0,0,0,2,55,MUJER,ILESO,CONDUCTOR PRESENTE,NO,NO,0
18491,61639,61640,2019,1,0,-0.089881,-78.517157,PICHINCHA,QUITO,QUITO,URBANA,2019-04-19,13:00:00,13,VIERNES,5,ABRIL,4,SI,MALAS CONDICIONES DE LA VIA Y/O CONFIGURACION. (ILUMINACION Y DISENIO).,PERDIDA DE CARRIL,MOTOCICLETA,0,0,0,0,0,0,0,0,1,0,0,0,0,1,43,HOMBRE,LESIONADO,PASAJERO,NO,NO,0
18492,61655,61656,2019,0,1,-0.000128,-78.514076,PICHINCHA,QUITO,CALACALI,RURAL,2019-04-19,16:30:00,16,VIERNES,5,ABRIL,4,SI,CONDUCIR VEHICULO SUPERANDO LOS LIMITES MAXIMOS DE VELOCIDAD.,PERDIDA DE CARRIL,CAMIONETA,0,0,0,0,1,0,0,0,0,0,0,0,0,1,86,HOMBRE,FALLECIDO,PASAJERO,NO,NO,3
18493,61658,61659,2019,1,0,-0.305841,-78.546061,PICHINCHA,QUITO,QUITO,URBANA,2019-04-19,17:10:00,17,VIERNES,5,ABRIL,4,SI,NO TRANSITAR POR LAS ACERAS O ZONAS DE SEGURIDAD DESTINADAS PARA EL EFECTO.,ATROPELLOS,NO IDENTIFICADO,0,0,0,0,0,0,0,0,0,1,0,0,0,1,41,HOMBRE,LESIONADO,PEATON,NO,NO,0