,Unnamed: 0,ID,ANIO,LESIONADOS,FALLECIDOS,LATITUD_Y,LONGITUD_X,PROVINCIA,CANTON,PARROQUIA,ZONA,FECHA,HORA,PERIODO_2,DIA_1,DIA_2,MES_1,MES_2,FERIADO,CAUSA_PROBABLE,TIPO_DE_SINIESTRO,TIPO_DE_VEHICULO_1,AUTOMOVIL,BICICLETA,BUS,CAMION,CAMIONETA,EMERGENCIAS,ESPECIAL,FURGONETA,MOTOCICLETA,NO_IDENTIFICADO,SCOOTER_ELECTRICO,TRICIMOTO,VEHICULO_DEPORTIVO_UTILITARIO,SUMA_DE_VEHICULOS,EDAD_1,SEXO_1,CONDICION_1,PARTICIPANTE_1,CASCO_1,CINTURON_1,KMeans_Cluster
18494,61660,61661,2019,0,0,-0.206192,-78.512112,PICHINCHA,QUITO,QUITO,URBANA,2019-04-19,17:45:00,17,VIERNES,5,ABRIL,4,SI,"CONDUCE BAJO LA INFLUENCIA DE ALCOHOL, SUSTANCIAS ESTUPEFACIENTES O PSICOTROPICAS Y/O MEDICAMENTOS.",ESTRELLAMIENTOS,AUTOMOVIL,2,0,0,0,0,0,0,0,0,0,0,0,0,2,38,HOMBRE,ILESO,CONDUCTOR PRESENTE,NO,NO,0
18495,61661,61662,2019,0,0,-0.212824,-78.402686,PICHINCHA,QUITO,TUMBACO,RURAL,2019-04-19,18:10:00,18,VIERNES,5,ABRIL,4,SI,NO GUARDAR LA DISTANCIA LATERAL MINIMA DE SEGURIDAD ENTRE VEHICULOS.,CHOQUE LATERAL,MOTOCICLETA,0,0,0,0,0,0,0,0,1,1,0,0,0,2,30,HOMBRE,ILESO,CONDUCTOR PRESENTE,NO,NO,3
18496,61668,61669,2019,1,0,-0.258215,-78.541309,PICHINCHA,QUITO,QUITO,URBANA,2019-04-19,19:30:00,19,VIERNES,5,ABRIL,4,SI,"NO RESPETAR LAS SENIALES REGLAMENTARIAS DE TRANSITO. (PARE, CEDA EL PASO, LUZ ROJA DEL SEMAFORO, ETC).",CHOQUE LATERAL,MOTOCICLETA,0,0,0,0,0,0,0,0,1,1,0,0,0,2,32,HOMBRE,LESIONADO,PASAJERO,NO,NO,0
18497,61673,61674,2019,0,1,-0.441441,-78.555052,PICHINCHA,MEJIA,ALOAG,RURAL,2019-04-19,22:15:00,22,VIERNES,5,ABRIL,4,SI,NO TRANSITAR POR LAS ACERAS O ZONAS DE SEGURIDAD DESTINADAS PARA EL EFECTO.,ATROPELLOS,NO IDENTIFICADO,0,0,0,0,0,0,0,0,0,1,0,0,0,1,43,HOMBRE,FALLECIDO,PEATON,NO,SI,3
18498,61675,61676,2019,0,0,-0.075537,-78.456903,PICHINCHA,QUITO,QUITO,URBANA,2019-04-19,23:00:00,23,VIERNES,5,ABRIL,4,SI,DANIOS MECANICOS PREVISIBLES.,ESTRELLAMIENTOS,AUTOMOVIL,1,0,1,0,0,0,0,0,0,0,0,0,0,2,43,HOMBRE,ILESO,CONDUCTOR PRESENTE,NO,NO,0
18499,61676,61677,2019,1,0,-0.069844,-78.164088,PICHINCHA,CAYAMBE,CANGAHUA,RURAL,2019-04-19,23:30:00,23,VIERNES,5,ABRIL,4,SI,"CONDUCE BAJO LA INFLUENCIA DE ALCOHOL, SUSTANCIAS ESTUPEFACIENTES O PSICOTROPICAS Y/O MEDICAMENTOS.",ATROPELLOS,NO IDENTIFICADO,0,0,0,0,0,0,0,0,0,1,0,0,0,1,19,MUJER,LESIONADO,PEATON,NO,SI,3
18500,61680,61681,2019,0,0,-0.105384,-78.497732,PICHINCHA,QUITO,QUITO,URBANA,2019-04-20,01:50:00,1,SABADO,6,ABRIL,4,SI,CONDUCIR VEHICULO SUPERANDO LOS LIMITES MAXIMOS DE VELOCIDAD.,ESTRELLAMIENTOS,AUTOMOVIL,1,0,0,0,0,0,0,0,0,0,0,0,0,1,-1,NO IDENTIFICADO,NO IDENTIFICADO,CONDUCTOR AUSENTE,NO,NO,2
18501,61685,61686,2019,1,0,-0.122166,-78.493972,PICHINCHA,QUITO,QUITO,URBANA,2019-04-20,03:50:00,3,SABADO,6,ABRIL,4,SI,"CONDICIONES AMBIENTALES Y/O ATMOSFERICAS (NIEBLA, NEBLINA, GRANIZO, LLUVIA).",ESTRELLAMIENTOS,MOTOCICLETA,0,0,0,0,0,0,0,0,1,0,0,0,0,1,23,HOMBRE,LESIONADO,CONDUCTOR PRESENTE,NO,NO,0
18502,61686,61687,2019,0,1,-0.354141,-78.466344,PICHINCHA,RUMINIAHUI,SANGOLQUI,URBANA,2019-04-20,04:10:00,4,SABADO,6,ABRIL,4,SI,"CONDUCIR DESATENTO A LAS CONDICIONES DE TRANSITO (CELULAR, PANTALLAS DE VIDEO, COMIDA, MAQUILLAJE O CUALQUIER OTRO ELEMENTO DISTRACTOR).",PERDIDA DE CARRIL,NO IDENTIFICADO,0,0,0,0,0,0,0,0,0,1,0,0,0,1,17,HOMBRE,FALLECIDO,PEATON,NO,SI,0
18503,61700,61701,2019,1,0,-0.259445,-78.524488,PICHINCHA,QUITO,QUITO,URBANA,2019-04-20,11:39:00,11,SABADO,6,ABRIL,4,SI,NO TRANSITAR POR LAS ACERAS O ZONAS DE SEGURIDAD DESTINADAS PARA EL EFECTO.,ARROLLAMIENTOS,AUTOMOVIL,1,0,0,0,0,0,0,0,0,0,0,0,0,1,27,HOMBRE,LESIONADO,PEATON,NO,NO,0
18504,61704,61705,2019,0,0,-0.332311,-78.560242,PICHINCHA,QUITO,QUITO,URBANA,2019-04-20,12:55:00,12,SABADO,6,ABRIL,4,SI,NO CEDER EL DERECHO DE VIA O PREFERENCIA DE PASO A VEHICULOS.,CHOQUE LATERAL,MOTOCICLETA,0,0,0,0,0,0,0,0,1,1,0,0,0,2,21,HOMBRE,ILESO,CONDUCTOR PRESENTE,NO,NO,0
18505,61708,61709,2019,0,0,-0.236888,-78.527931,PICHINCHA,QUITO,QUITO,URBANA,2019-04-20,15:30:00,15,SABADO,6,ABRIL,4,SI,"CONDUCE BAJO LA INFLUENCIA DE ALCOHOL, SUSTANCIAS ESTUPEFACIENTES O PSICOTROPICAS Y/O MEDICAMENTOS.",COLISION,AUTOMOVIL,3,0,0,0,0,0,0,0,0,0,0,0,0,3,59,HOMBRE,ILESO,CONDUCTOR PRESENTE,NO,NO,0
18506,61710,61711,2019,0,0,-0.196607,-78.495475,PICHINCHA,QUITO,QUITO,URBANA,2019-04-20,15:40:00,15,SABADO,6,ABRIL,4,SI,NO GUARDAR LA DISTANCIA LATERAL MINIMA DE SEGURIDAD ENTRE VEHICULOS.,CHOQUE LATERAL,AUTOMOVIL,2,0,0,0,0,0,0,0,0,0,0,0,0,2,43,MUJER,ILESO,CONDUCTOR PRESENTE,NO,NO,0
18507,61714,61715,2019,0,0,-0.271553,-78.553122,PICHINCHA,QUITO,QUITO,URBANA,2019-04-20,16:15:00,16,SABADO,6,ABRIL,4,SI,"NO RESPETAR LAS SENIALES REGLAMENTARIAS DE TRANSITO. (PARE, CEDA EL PASO, LUZ ROJA DEL SEMAFORO, ETC).",CHOQUE LATERAL,AUTOMOVIL,1,0,0,0,0,0,0,0,0,1,0,0,0,2,32,HOMBRE,ILESO,CONDUCTOR PRESENTE,NO,NO,0
18508,61715,61716,2019,1,0,-0.146272,-78.475036,PICHINCHA,QUITO,QUITO,URBANA,2019-04-20,16:20:00,16,SABADO,6,ABRIL,4,SI,"CONDUCE BAJO LA INFLUENCIA DE ALCOHOL, SUSTANCIAS ESTUPEFACIENTES O PSICOTROPICAS Y/O MEDICAMENTOS.",ATROPELLOS,MOTOCICLETA,0,0,0,0,0,0,0,0,1,0,0,0,0,1,4,HOMBRE,LESIONADO,PEATON,NO,NO,0
18509,61725,61726,2019,0,0,-0.257664,-78.545911,PICHINCHA,QUITO,QUITO,URBANA,2019-04-20,18:40:00,18,SABADO,6,ABRIL,4,SI,"NO RESPETAR LAS SENIALES REGLAMENTARIAS DE TRANSITO. (PARE, CEDA EL PASO, LUZ ROJA DEL SEMAFORO, ETC).",CHOQUE LATERAL,AUTOMOVIL,1,0,0,0,0,0,0,0,0,1,0,0,0,2,33,MUJER,ILESO,CONDUCTOR PRESENTE,NO,NO,0
18510,61734,61735,2019,1,0,-0.091585,-78.439052,PICHINCHA,QUITO,CALDERON (CARAPUNGO),RURAL,2019-04-20,19:55:00,19,SABADO,6,ABRIL,4,SI,BAJARSE O SUBIRSE DE VEHICULOS EN MOVIMIENTO SIN TOMAR LAS PRECAUCIONES DEBIDAS.,ATROPELLOS,BUS,0,0,1,0,0,0,0,0,0,0,0,0,0,1,32,HOMBRE,LESIONADO,PEATON,NO,NO,3
18511,61743,61744,2019,0,0,-0.291131,-78.524158,PICHINCHA,QUITO,QUITO,URBANA,2019-04-20,21:40:00,21,SABADO,6,ABRIL,4,SI,REALIZAR CAMBIO BRUSCO O INDEBIDO DE CARRIL.,CHOQUE LATERAL,AUTOMOVIL,2,0,0,0,0,0,0,0,0,0,0,0,0,2,6,MUJER,ILESO,PASAJERO,NO,NO,0
18512,61747,61748,2019,1,0,-0.271125,-78.551998,PICHINCHA,QUITO,QUITO,URBANA,2019-04-20,22:00:00,22,SABADO,6,ABRIL,4,SI,"CONDUCE BAJO LA INFLUENCIA DE ALCOHOL, SUSTANCIAS ESTUPEFACIENTES O PSICOTROPICAS Y/O MEDICAMENTOS.",CHOQUE POSTERIOR,AUTOMOVIL,1,0,0,0,0,0,0,0,1,0,0,0,0,2,29,HOMBRE,LESIONADO,CONDUCTOR PRESENTE,NO,NO,0
18513,61748,61749,2019,0,0,-0.119381,-78.471224,PICHINCHA,QUITO,QUITO,URBANA,2019-04-20,22:20:00,22,SABADO,6,ABRIL,4,SI,CONDUCIR VEHICULO SUPERANDO LOS LIMITES MAXIMOS DE VELOCIDAD.,ESTRELLAMIENTOS,AUTOMOVIL,1,0,0,0,0,0,0,0,0,0,0,0,0,1,-1,NO IDENTIFICADO,NO IDENTIFICADO,CONDUCTOR AUSENTE,NO,NO,2
18514,61751,61752,2019,0,0,-0.214698,-78.503449,PICHINCHA,QUITO,QUITO,URBANA,2019-04-20,23:10:00,23,SABADO,6,ABRIL,4,SI,"CONDUCE BAJO LA INFLUENCIA DE ALCOHOL, SUSTANCIAS ESTUPEFACIENTES O PSICOTROPICAS Y/O MEDICAMENTOS.",CHOQUE POSTERIOR,AUTOMOVIL,2,0,0,0,0,0,0,0,0,0,0,0,0,2,30,HOMBRE,ILESO,CONDUCTOR PRESENTE,NO,NO,0
18515,61757,61758,2019,5,0,-0.232351,-78.524315,PICHINCHA,QUITO,QUITO,URBANA,2019-04-21,00:45:00,0,DOMINGO,7,ABRIL,4,SI,"NO RESPETAR LAS SENIALES REGLAMENTARIAS DE TRANSITO. (PARE, CEDA EL PASO, LUZ ROJA DEL SEMAFORO, ETC).",CHOQUE LATERAL,AUTOMOVIL,1,0,0,0,0,0,0,0,0,1,0,0,0,2,25,HOMBRE,LESIONADO,PASAJERO,NO,NO,0
18516,61765,61766,2019,0,0,-0.091585,-78.439052,PICHINCHA,QUITO,CALDERON (CARAPUNGO),RURAL,2019-04-21,02:00:00,2,DOMINGO,7,ABRIL,4,SI,"CONDUCIR EN ESTADO DE SOMNOLENCIA O MALAS CONDICIONES FISICAS (SUENIO, CANSANCIO Y FATIGA).",ESTRELLAMIENTOS,AUTOMOVIL,1,0,0,0,0,0,0,0,0,0,0,0,0,1,51,HOMBRE,ILESO,CONDUCTOR PRESENTE,NO,NO,3
18517,61766,61767,2019,0,0,-0.129197,-78.502316,PICHINCHA,QUITO,QUITO,URBANA,2019-04-21,02:20:00,2,DOMINGO,7,ABRIL,4,SI,"CONDUCIR EN ESTADO DE SOMNOLENCIA O MALAS CONDICIONES FISICAS (SUENIO, CANSANCIO Y FATIGA).",ESTRELLAMIENTOS,MOTOCICLETA,0,0,0,0,0,0,0,0,1,0,0,0,0,1,-1,NO IDENTIFICADO,NO IDENTIFICADO,CONDUCTOR AUSENTE,NO,NO,2
18518,61769,61770,2019,1,0,-0.000134,-78.443192,PICHINCHA,QUITO,SAN ANTONIO (QUITO),RURAL,2019-04-21,02:30:00,2,DOMINGO,7,ABRIL,4,SI,"CONDUCIR EN ESTADO DE SOMNOLENCIA O MALAS CONDICIONES FISICAS (SUENIO, CANSANCIO Y FATIGA).",ESTRELLAMIENTOS,MOTOCICLETA,0,0,0,0,0,0,0,0,1,0,0,0,0,1,19,HOMBRE,LESIONADO,CONDUCTOR PRESENTE,NO,NO,3
18519,61781,61782,2019,1,0,-0.001688,-78.176117,PICHINCHA,CAYAMBE,CANGAHUA,RURAL,2019-04-21,05:45:00,5,DOMINGO,7,ABRIL,4,SI,"CONDUCIR DESATENTO A LAS CONDICIONES DE TRANSITO (CELULAR, PANTALLAS DE VIDEO, COMIDA, MAQUILLAJE O CUALQUIER OTRO ELEMENTO DISTRACTOR).",ATROPELLOS,AUTOMOVIL,1,0,0,0,0,0,0,0,0,0,0,0,0,1,28,HOMBRE,LESIONADO,PEATON,NO,SI,3
18520,61785,61786,2019,0,1,0.039931,-78.250192,PICHINCHA,PEDRO MONCAYO,LA ESPERANZA (PEDRO MONCAYO),RURAL,2019-04-21,06:50:00,6,DOMINGO,7,ABRIL,4,SI,"CONDUCIR DESATENTO A LAS CONDICIONES DE TRANSITO (CELULAR, PANTALLAS DE VIDEO, COMIDA, MAQUILLAJE O CUALQUIER OTRO ELEMENTO DISTRACTOR).",ATROPELLOS,NO IDENTIFICADO,0,0,0,0,0,0,0,0,0,1,0,0,0,1,54,HOMBRE,FALLECIDO,PEATON,NO,NO,3
18521,61786,61787,2019,0,1,-0.263504,-78.506361,PICHINCHA,QUITO,QUITO,URBANA,2019-04-21,06:50:00,6,DOMINGO,7,ABRIL,4,SI,CONDUCIR VEHICULO SUPERANDO LOS LIMITES MAXIMOS DE VELOCIDAD.,PERDIDA DE CARRIL,MOTOCICLETA,0,0,0,0,0,0,0,0,1,0,0,0,0,1,42,HOMBRE,FALLECIDO,CONDUCTOR PRESENTE,NO,NO,0
18522,61788,61789,2019,2,0,-0.250213,-78.544145,PICHINCHA,QUITO,QUITO,URBANA,2019-04-21,08:30:00,8,DOMINGO,7,ABRIL,4,SI,"CONDUCE BAJO LA INFLUENCIA DE ALCOHOL, SUSTANCIAS ESTUPEFACIENTES O PSICOTROPICAS Y/O MEDICAMENTOS.",ATROPELLOS,AUTOMOVIL,1,0,0,0,0,0,0,0,0,0,0,0,0,1,1,MUJER,LESIONADO,PEATON,NO,NO,0
18523,61791,61792,2019,0,0,-0.117922,-78.468361,PICHINCHA,QUITO,QUITO,URBANA,2019-04-21,09:20:00,9,DOMINGO,7,ABRIL,4,SI,"CONDUCE BAJO LA INFLUENCIA DE ALCOHOL, SUSTANCIAS ESTUPEFACIENTES O PSICOTROPICAS Y/O MEDICAMENTOS.",CHOQUE LATERAL,AUTOMOVIL,1,0,0,0,0,0,0,1,0,0,0,0,0,2,40,HOMBRE,ILESO,CONDUCTOR PRESENTE,NO,NO,0
18524,61792,61793,2019,0,0,-0.207958,-78.490206,PICHINCHA,QUITO,QUITO,URBANA,2019-04-21,09:25:00,9,DOMINGO,7,ABRIL,4,SI,"NO RESPETAR LAS SENIALES REGLAMENTARIAS DE TRANSITO. (PARE, CEDA EL PASO, LUZ ROJA DEL SEMAFORO, ETC).",CHOQUE LATERAL,CAMIONETA,1,0,0,0,1,0,0,0,0,0,0,0,0,2,36,HOMBRE,ILESO,CONDUCTOR PRESENTE,NO,NO,0
18525,61796,61797,2019,0,0,-0.242029,-78.520966,PICHINCHA,QUITO,QUITO,URBANA,2019-04-21,10:30:00,10,DOMINGO,7,ABRIL,4,SI,"CONDUCE BAJO LA INFLUENCIA DE ALCOHOL, SUSTANCIAS ESTUPEFACIENTES O PSICOTROPICAS Y/O MEDICAMENTOS.",COLISION,AUTOMOVIL,3,0,0,0,0,0,0,0,0,0,0,0,0,3,33,MUJER,ILESO,PASAJERO,NO,NO,0
18526,61820,61821,2019,0,1,0.073674,-78.124992,PICHINCHA,CAYAMBE,SAN JOSE DE AYORA,RURAL,2019-04-21,18:15:00,18,DOMINGO,7,ABRIL,4,SI,"CONDUCIR DESATENTO A LAS CONDICIONES DE TRANSITO (CELULAR, PANTALLAS DE VIDEO, COMIDA, MAQUILLAJE O CUALQUIER OTRO ELEMENTO DISTRACTOR).",CHOQUE FRONTAL,CAMION,0,0,0,1,0,0,0,0,0,0,0,0,1,2,43,HOMBRE,FALLECIDO,CONDUCTOR PRESENTE,NO,SI,3
18527,61822,61823,2019,3,0,-0.120098,-78.475171,PICHINCHA,QUITO,QUITO,RURAL,2019-04-21,18:30:00,18,DOMINGO,7,ABRIL,4,SI,CONDUCIR EN SENTIDO CONTRARIO A LA VIA NORMAL DE CIRCULACION.,CHOQUE FRONTAL,CAMIONETA,0,0,0,0,2,0,0,0,0,0,0,0,0,2,41,HOMBRE,LESIONADO,PASAJERO,NO,NO,3
18528,61825,61826,2019,2,0,-0.260629,-78.546185,PICHINCHA,QUITO,QUITO,URBANA,2019-04-21,18:40:00,18,DOMINGO,7,ABRIL,4,SI,PEATON QUE CRUZA LA CALZADA SIN RESPETAR LA SENIALIZACION EXISTENTE (SEMAFOROS O SENIALES MANUALES).,ATROPELLOS,CAMION,0,0,0,1,0,0,0,0,0,0,0,0,0,1,7,MUJER,LESIONADO,PEATON,NO,NO,0
18529,61827,61828,2019,1,0,-0.176144,-78.477625,PICHINCHA,QUITO,QUITO,URBANA,2019-04-21,19:00:00,19,DOMINGO,7,ABRIL,4,SI,"CONDUCE BAJO LA INFLUENCIA DE ALCOHOL, SUSTANCIAS ESTUPEFACIENTES O PSICOTROPICAS Y/O MEDICAMENTOS.",CHOQUE LATERAL,BUS,0,1,1,0,0,0,0,0,0,0,0,0,0,2,34,HOMBRE,LESIONADO,CONDUCTOR PRESENTE,NO,NO,0
18530,61836,61837,2019,2,0,-0.119451,-78.506659,PICHINCHA,QUITO,QUITO,URBANA,2019-04-21,20:10:00,20,DOMINGO,7,ABRIL,4,SI,"CONDUCE BAJO LA INFLUENCIA DE ALCOHOL, SUSTANCIAS ESTUPEFACIENTES O PSICOTROPICAS Y/O MEDICAMENTOS.",ESTRELLAMIENTOS,AUTOMOVIL,1,0,0,0,0,0,0,0,0,0,0,0,0,1,9,MUJER,LESIONADO,PEATON,NO,NO,0
18531,61839,61840,2019,0,0,-0.311014,-78.565703,PICHINCHA,QUITO,QUITO,URBANA,2019-04-21,20:30:00,20,DOMINGO,7,ABRIL,4,SI,"CONDUCE BAJO LA INFLUENCIA DE ALCOHOL, SUSTANCIAS ESTUPEFACIENTES O PSICOTROPICAS Y/O MEDICAMENTOS.",CHOQUE LATERAL,AUTOMOVIL,2,0,0,0,0,0,0,0,0,0,0,0,0,2,36,HOMBRE,ILESO,CONDUCTOR PRESENTE,NO,NO,0
18532,61845,61846,2019,0,0,-0.096115,-78.467567,PICHINCHA,QUITO,QUITO,URBANA,2019-04-21,23:00:00,23,DOMINGO,7,ABRIL,4,SI,NO MANTENER LA DISTANCIA PRUDENCIAL CON RESPECTO AL VEHICULO QUE LE ANTECEDE.,COLISION,AUTOMOVIL,1,0,1,1,1,0,0,0,0,0,0,0,0,4,58,HOMBRE,ILESO,CONDUCTOR PRESENTE,NO,NO,0
18533,61851,61852,2019,0,0,-0.320954,-78.547227,PICHINCHA,QUITO,QUITO,URBANA,2019-04-22,04:30:00,4,LUNES,1,ABRIL,4,NO,CONDUCIR VEHICULO SUPERANDO LOS LIMITES MAXIMOS DE VELOCIDAD.,ESTRELLAMIENTOS,CAMIONETA,0,0,0,0,1,0,0,0,0,0,0,0,0,1,-1,NO IDENTIFICADO,NO IDENTIFICADO,CONDUCTOR AUSENTE,NO,NO,2
18534,61853,61854,2019,1,1,-0.313761,-78.546196,PICHINCHA,QUITO,QUITO,URBANA,2019-04-22,05:55:00,5,LUNES,1,ABRIL,4,NO,NO GUARDAR LA DISTANCIA LATERAL MINIMA DE SEGURIDAD ENTRE VEHICULOS.,CHOQUE LATERAL,MOTOCICLETA,0,0,0,0,0,0,0,0,1,1,0,0,0,2,36,HOMBRE,FALLECIDO,PASAJERO,NO,NO,0
18535,61860,61861,2019,2,0,-0.275005,-78.529921,PICHINCHA,QUITO,QUITO,URBANA,2019-04-22,08:40:00,8,LUNES,1,ABRIL,4,NO,NO CEDER EL DERECHO DE VIA O PREFERENCIA DE PASO A VEHICULOS.,CHOQUE LATERAL,MOTOCICLETA,0,0,0,0,0,0,0,0,1,1,0,0,0,2,30,MUJER,LESIONADO,PASAJERO,NO,NO,0
18536,61865,61866,2019,1,0,-0.273825,-78.510216,PICHINCHA,QUITO,QUITO,URBANA,2019-04-22,11:40:00,11,LUNES,1,ABRIL,4,NO,NO TRANSITAR POR LAS ACERAS O ZONAS DE SEGURIDAD DESTINADAS PARA EL EFECTO.,ATROPELLOS,MOTOCICLETA,0,0,0,0,0,0,0,0,1,0,0,0,0,1,7,HOMBRE,LESIONADO,PEATON,NO,NO,0
18537,61868,61869,2019,3,0,-0.168047,-78.472076,PICHINCHA,QUITO,QUITO,URBANA,2019-04-22,13:13:00,13,LUNES,1,ABRIL,4,NO,PEATON QUE CRUZA LA CALZADA SIN RESPETAR LA SENIALIZACION EXISTENTE (SEMAFOROS O SENIALES MANUALES).,ATROPELLOS,AUTOMOVIL,1,0,0,0,0,0,0,0,0,0,0,0,0,1,29,HOMBRE,LESIONADO,PEATON,NO,NO,0
18538,61870,61871,2019,1,0,-0.221111,-78.507021,PICHINCHA,QUITO,QUITO,URBANA,2019-04-22,13:40:00,13,LUNES,1,ABRIL,4,NO,NO MANTENER LA DISTANCIA PRUDENCIAL CON RESPECTO AL VEHICULO QUE LE ANTECEDE.,COLISION,AUTOMOVIL,2,0,1,0,0,0,0,0,0,0,0,0,0,3,33,HOMBRE,LESIONADO,CONDUCTOR PRESENTE,NO,NO,0
18539,61871,61872,2019,0,0,-0.331111,-78.550647,PICHINCHA,QUITO,QUITO,URBANA,2019-04-22,13:50:00,13,LUNES,1,ABRIL,4,NO,"NO RESPETAR LAS SENIALES REGLAMENTARIAS DE TRANSITO. (PARE, CEDA EL PASO, LUZ ROJA DEL SEMAFORO, ETC).",CHOQUE LATERAL,CAMIONETA,0,0,0,0,2,0,0,0,0,0,0,0,0,2,51,HOMBRE,ILESO,CONDUCTOR PRESENTE,NO,NO,0
18540,61874,61875,2019,0,0,-0.181249,-78.505204,PICHINCHA,QUITO,QUITO,URBANA,2019-04-22,14:10:00,14,LUNES,1,ABRIL,4,NO,"FALLA MECANICA EN LOS SISTEMAS Y/O NEUMATICOS (SISTEMA DE FRENOS, DIRECCION, ELECTRONICO O MECANICO).",CHOQUE LATERAL,AUTOMOVIL,2,0,0,0,0,0,0,0,0,0,0,0,0,2,25,HOMBRE,ILESO,PASAJERO,NO,NO,0
18541,61879,61880,2019,2,0,-0.090091,-78.403312,PICHINCHA,QUITO,CALDERON (CARAPUNGO),RURAL,2019-04-22,15:45:00,15,LUNES,1,ABRIL,4,NO,"CONDUCIR DESATENTO A LAS CONDICIONES DE TRANSITO (CELULAR, PANTALLAS DE VIDEO, COMIDA, MAQUILLAJE O CUALQUIER OTRO ELEMENTO DISTRACTOR).",VOLCAMIENTOS,VEHICULO DEPORTIVO UTILITARIO,0,0,0,0,0,0,0,0,0,0,0,0,1,1,5,HOMBRE,LESIONADO,PASAJERO,NO,SI,3
18542,61880,61881,2019,2,0,-0.278454,-78.552583,PICHINCHA,QUITO,QUITO,URBANA,2019-04-22,15:45:00,15,LUNES,1,ABRIL,4,NO,CONDUCIR VEHICULO SUPERANDO LOS LIMITES MAXIMOS DE VELOCIDAD.,ESTRELLAMIENTOS,CAMIONETA,0,0,0,0,1,0,0,0,1,0,0,0,0,2,22,MUJER,LESIONADO,PASAJERO,NO,NO,0
18543,61882,61883,2019,0,0,-0.216154,-78.513897,PICHINCHA,QUITO,QUITO,URBANA,2019-04-22,16:18:00,16,LUNES,1,ABRIL,4,NO,"CONDUCIR DESATENTO A LAS CONDICIONES DE TRANSITO (CELULAR, PANTALLAS DE VIDEO, COMIDA, MAQUILLAJE O CUALQUIER OTRO ELEMENTO DISTRACTOR).",CHOQUE LATERAL,CAMIONETA,1,0,0,0,1,0,0,0,0,0,0,0,0,2,40,MUJER,ILESO,CONDUCTOR PRESENTE,NO,NO,0
18544,61888,61889,2019,0,0,-0.222961,-78.439761,PICHINCHA,QUITO,CUMBAYA,RURAL,2019-04-22,17:40:00,17,LUNES,1,ABRIL,4,NO,NO CEDER EL DERECHO DE VIA O PREFERENCIA DE PASO A VEHICULOS.,CHOQUE LATERAL,FURGONETA,1,0,0,0,0,0,0,1,0,0,0,0,0,2,48,MUJER,ILESO,CONDUCTOR PRESENTE,NO,NO,3
18545,61894,61895,2019,0,0,-0.294301,-78.464289,PICHINCHA,QUITO,CONOCOTO,RURAL,2019-04-22,19:24:00,19,LUNES,1,ABRIL,4,NO,"CONDUCIR DESATENTO A LAS CONDICIONES DE TRANSITO (CELULAR, PANTALLAS DE VIDEO, COMIDA, MAQUILLAJE O CUALQUIER OTRO ELEMENTO DISTRACTOR).",CHOQUE LATERAL,AUTOMOVIL,2,0,0,0,0,0,0,0,0,0,0,0,0,2,20,HOMBRE,ILESO,CONDUCTOR PRESENTE,NO,NO,3
18546,61896,61897,2019,1,0,-0.319741,-78.549451,PICHINCHA,QUITO,QUITO,URBANA,2019-04-22,20:00:00,20,LUNES,1,ABRIL,4,NO,CONDUCIR VEHICULO SUPERANDO LOS LIMITES MAXIMOS DE VELOCIDAD.,ESTRELLAMIENTOS,NO IDENTIFICADO,0,0,0,0,0,0,0,0,0,1,0,0,0,1,47,MUJER,LESIONADO,PASAJERO,NO,NO,0
18547,61903,61904,2019,0,0,-0.121124,-78.441886,PICHINCHA,QUITO,CALDERON (CARAPUNGO),RURAL,2019-04-22,22:00:00,22,LUNES,1,ABRIL,4,NO,CONDUCIR EN SENTIDO CONTRARIO A LA VIA NORMAL DE CIRCULACION.,ESTRELLAMIENTOS,AUTOMOVIL,2,0,1,0,0,0,0,0,0,0,0,0,0,3,47,MUJER,ILESO,PASAJERO,NO,NO,3
18548,61907,61908,2019,0,1,-0.294599,-78.548481,PICHINCHA,QUITO,QUITO,URBANA,2019-04-23,01:30:00,1,MARTES,2,ABRIL,4,NO,"CONDUCE BAJO LA INFLUENCIA DE ALCOHOL, SUSTANCIAS ESTUPEFACIENTES O PSICOTROPICAS Y/O MEDICAMENTOS.",ATROPELLOS,CAMION,0,0,0,2,0,0,1,0,0,0,0,0,0,3,21,HOMBRE,FALLECIDO,PEATON,NO,NO,0
18549,61910,61911,2019,0,0,-0.277624,-78.531251,PICHINCHA,QUITO,QUITO,URBANA,2019-04-23,05:50:00,5,MARTES,2,ABRIL,4,NO,REALIZAR CAMBIO BRUSCO O INDEBIDO DE CARRIL.,CHOQUE LATERAL,BUS,0,0,2,0,0,0,0,0,0,0,0,0,0,2,50,HOMBRE,ILESO,CONDUCTOR PRESENTE,NO,NO,0
18550,61911,61912,2019,0,0,-0.093454,-78.416283,PICHINCHA,QUITO,CALDERON (CARAPUNGO),RURAL,2019-04-23,06:30:00,6,MARTES,2,ABRIL,4,NO,DANIOS MECANICOS PREVISIBLES.,PERDIDA DE CARRIL,VEHICULO DEPORTIVO UTILITARIO,0,0,0,0,0,0,0,0,0,0,0,0,1,1,52,HOMBRE,ILESO,CONDUCTOR PRESENTE,NO,SI,3
18551,61912,61913,2019,0,1,-0.193744,-78.494284,PICHINCHA,QUITO,QUITO,URBANA,2019-04-23,06:45:00,6,MARTES,2,ABRIL,4,NO,"PRESENCIA DE AGENTES EXTERNOS EN LA VIA (AGUA, ACEITE, PIEDRA, LASTRE, ESCOMBROS, MADEROS, ETC.).",ESTRELLAMIENTOS,BICICLETA,0,1,0,0,0,0,0,0,0,0,0,0,0,1,22,HOMBRE,FALLECIDO,CONDUCTOR PRESENTE,NO,NO,0