,Unnamed: 0,ID,ANIO,LESIONADOS,FALLECIDOS,LATITUD_Y,LONGITUD_X,PROVINCIA,CANTON,PARROQUIA,ZONA,FECHA,HORA,PERIODO_2,DIA_1,DIA_2,MES_1,MES_2,FERIADO,CAUSA_PROBABLE,TIPO_DE_SINIESTRO,TIPO_DE_VEHICULO_1,AUTOMOVIL,BICICLETA,BUS,CAMION,CAMIONETA,EMERGENCIAS,ESPECIAL,FURGONETA,MOTOCICLETA,NO_IDENTIFICADO,SCOOTER_ELECTRICO,TRICIMOTO,VEHICULO_DEPORTIVO_UTILITARIO,SUMA_DE_VEHICULOS,EDAD_1,SEXO_1,CONDICION_1,PARTICIPANTE_1,CASCO_1,CINTURON_1,KMeans_Cluster
18552,61922,61923,2019,0,0,-0.277351,-78.528677,PICHINCHA,QUITO,QUITO,URBANA,2019-04-23,11:15:00,11,MARTES,2,ABRIL,4,NO,CONDUCIR VEHICULO SUPERANDO LOS LIMITES MAXIMOS DE VELOCIDAD.,ESTRELLAMIENTOS,MOTOCICLETA,0,0,0,0,0,0,0,0,1,0,0,0,0,1,26,HOMBRE,ILESO,PASAJERO,NO,NO,0
18553,61923,61924,2019,2,0,-0.249706,-78.494983,PICHINCHA,QUITO,QUITO,URBANA,2019-04-23,11:55:00,11,MARTES,2,ABRIL,4,NO,NO MANTENER LA DISTANCIA PRUDENCIAL CON RESPECTO AL VEHICULO QUE LE ANTECEDE.,CHOQUE POSTERIOR,AUTOMOVIL,1,0,0,0,0,0,0,0,1,0,0,0,0,2,44,MUJER,LESIONADO,CONDUCTOR PRESENTE,NO,NO,0
18554,61932,61933,2019,1,0,-0.295421,-78.555032,PICHINCHA,QUITO,QUITO,URBANA,2019-04-23,13:50:00,13,MARTES,2,ABRIL,4,NO,DEJAR O RECOGER PASAJEROS EN LUGARES NO PERMITIDOS.,OTROS,BUS,0,0,1,0,0,0,0,0,0,0,0,0,0,1,30,MUJER,LESIONADO,PASAJERO,NO,NO,0
18555,61934,61935,2019,0,0,-0.024242,-78.333371,PICHINCHA,QUITO,GUAYLLABAMBA,RURAL,2019-04-23,15:00:00,15,MARTES,2,ABRIL,4,NO,"CONDUCIR DESATENTO A LAS CONDICIONES DE TRANSITO (CELULAR, PANTALLAS DE VIDEO, COMIDA, MAQUILLAJE O CUALQUIER OTRO ELEMENTO DISTRACTOR).",COLISION,VEHICULO DEPORTIVO UTILITARIO,0,0,0,1,0,0,0,0,0,0,0,0,2,3,43,HOMBRE,ILESO,CONDUCTOR PRESENTE,NO,SI,3
18556,61939,61940,2019,1,0,-0.120476,-78.493981,PICHINCHA,QUITO,QUITO,URBANA,2019-04-23,16:35:00,16,MARTES,2,ABRIL,4,NO,PEATON QUE CRUZA LA CALZADA SIN RESPETAR LA SENIALIZACION EXISTENTE (SEMAFOROS O SENIALES MANUALES).,ATROPELLOS,BUS,0,0,1,0,0,0,0,0,0,0,0,0,0,1,24,HOMBRE,LESIONADO,PEATON,NO,NO,0
18557,61950,61951,2019,2,0,-0.239082,-78.523432,PICHINCHA,QUITO,QUITO,URBANA,2019-04-23,19:50:00,19,MARTES,2,ABRIL,4,NO,PEATON QUE CRUZA LA CALZADA SIN RESPETAR LA SENIALIZACION EXISTENTE (SEMAFOROS O SENIALES MANUALES).,ATROPELLOS,AUTOMOVIL,1,0,0,0,0,0,0,0,0,0,0,0,0,1,49,MUJER,LESIONADO,PEATON,NO,NO,0
18558,61952,61953,2019,4,0,-0.298206,-78.453846,PICHINCHA,QUITO,ALANGASI,RURAL,2019-04-23,20:25:00,20,MARTES,2,ABRIL,4,NO,"NO RESPETAR LAS SENIALES REGLAMENTARIAS DE TRANSITO. (PARE, CEDA EL PASO, LUZ ROJA DEL SEMAFORO, ETC).",CHOQUE LATERAL,AUTOMOVIL,2,0,0,0,0,0,0,0,0,0,0,0,0,2,19,MUJER,LESIONADO,PASAJERO,NO,NO,3
18559,61953,61954,2019,0,0,-0.208211,-78.494981,PICHINCHA,QUITO,QUITO,URBANA,2019-04-23,21:45:00,21,MARTES,2,ABRIL,4,NO,"CONDUCE BAJO LA INFLUENCIA DE ALCOHOL, SUSTANCIAS ESTUPEFACIENTES O PSICOTROPICAS Y/O MEDICAMENTOS.",CHOQUE LATERAL,CAMIONETA,1,0,0,0,1,0,0,0,0,0,0,0,0,2,46,HOMBRE,ILESO,CONDUCTOR PRESENTE,NO,NO,0
18560,61955,61956,2019,0,0,-0.249556,-78.539232,PICHINCHA,QUITO,QUITO,URBANA,2019-04-23,22:35:00,22,MARTES,2,ABRIL,4,NO,"NO RESPETAR LAS SENIALES REGLAMENTARIAS DE TRANSITO. (PARE, CEDA EL PASO, LUZ ROJA DEL SEMAFORO, ETC).",CHOQUE POSTERIOR,AUTOMOVIL,1,0,0,0,0,0,0,0,0,1,0,0,0,2,24,HOMBRE,ILESO,CONDUCTOR PRESENTE,NO,NO,0
18561,61959,61960,2019,0,0,-0.246102,-78.530807,PICHINCHA,QUITO,QUITO,URBANA,2019-04-24,02:50:00,2,MIERCOLES,3,ABRIL,4,NO,CONDUCIR VEHICULO SUPERANDO LOS LIMITES MAXIMOS DE VELOCIDAD.,ESTRELLAMIENTOS,AUTOMOVIL,1,0,0,0,0,0,0,0,0,0,0,0,0,1,-1,NO IDENTIFICADO,NO IDENTIFICADO,CONDUCTOR AUSENTE,NO,NO,2
18562,61960,61961,2019,0,0,-0.253827,-78.520514,PICHINCHA,QUITO,QUITO,URBANA,2019-04-24,03:50:00,3,MIERCOLES,3,ABRIL,4,NO,"PRESENCIA DE AGENTES EXTERNOS EN LA VIA (AGUA, ACEITE, PIEDRA, LASTRE, ESCOMBROS, MADEROS, ETC.).",ESTRELLAMIENTOS,AUTOMOVIL,1,0,0,0,0,0,0,0,0,0,0,0,0,1,-1,NO IDENTIFICADO,NO IDENTIFICADO,CONDUCTOR AUSENTE,NO,NO,2
18563,61962,61963,2019,0,0,-0.255497,-78.541508,PICHINCHA,QUITO,QUITO,URBANA,2019-04-24,07:20:00,7,MIERCOLES,3,ABRIL,4,NO,NO MANTENER LA DISTANCIA PRUDENCIAL CON RESPECTO AL VEHICULO QUE LE ANTECEDE.,CHOQUE POSTERIOR,AUTOMOVIL,1,0,0,0,0,0,0,1,0,0,0,0,0,2,48,HOMBRE,ILESO,CONDUCTOR PRESENTE,NO,NO,0
18564,61991,61992,2019,0,0,-0.275824,-78.501786,PICHINCHA,QUITO,CONOCOTO,RURAL,2019-04-24,17:55:00,17,MIERCOLES,3,ABRIL,4,NO,CONDUCIR VEHICULO SUPERANDO LOS LIMITES MAXIMOS DE VELOCIDAD.,ESTRELLAMIENTOS,AUTOMOVIL,1,0,1,0,0,0,0,0,0,0,0,0,0,2,33,HOMBRE,ILESO,CONDUCTOR PRESENTE,NO,NO,3
18565,61994,61995,2019,0,0,-0.179259,-78.479165,PICHINCHA,QUITO,QUITO,URBANA,2019-04-24,19:00:00,19,MIERCOLES,3,ABRIL,4,NO,NO GUARDAR LA DISTANCIA LATERAL MINIMA DE SEGURIDAD ENTRE VEHICULOS.,ROZAMIENTOS,AUTOMOVIL,1,0,0,0,0,0,0,0,0,1,0,0,0,2,51,MUJER,ILESO,CONDUCTOR PRESENTE,NO,NO,0
18566,62001,62002,2019,0,0,-0.089004,-78.420446,PICHINCHA,QUITO,CALDERON (CARAPUNGO),RURAL,2019-04-24,21:00:00,21,MIERCOLES,3,ABRIL,4,NO,"NO RESPETAR LAS SENIALES REGLAMENTARIAS DE TRANSITO. (PARE, CEDA EL PASO, LUZ ROJA DEL SEMAFORO, ETC).",CHOQUE FRONTAL,AUTOMOVIL,2,0,0,0,0,0,0,0,0,0,0,0,0,2,48,HOMBRE,ILESO,CONDUCTOR PRESENTE,NO,NO,3
18567,62004,62005,2019,1,0,-0.294687,-78.534977,PICHINCHA,QUITO,QUITO,URBANA,2019-04-24,21:20:00,21,MIERCOLES,3,ABRIL,4,NO,"CONDICIONES AMBIENTALES Y/O ATMOSFERICAS (NIEBLA, NEBLINA, GRANIZO, LLUVIA).",ARROLLAMIENTOS,MOTOCICLETA,0,0,0,0,0,0,0,0,1,1,0,0,0,2,24,HOMBRE,LESIONADO,PEATON,NO,NO,0
18568,62005,62006,2019,1,0,-0.282706,-78.554325,PICHINCHA,QUITO,QUITO,URBANA,2019-04-24,21:50:00,21,MIERCOLES,3,ABRIL,4,NO,"PEATON TRANSITA BAJO INFLUENCIA DE ALCOHOL, SUSTANCIAS ESTUPEFACIENTES O PSICOTROPICAS Y/O MEDICAMENTOS.",ATROPELLOS,MOTOCICLETA,0,0,0,0,0,0,0,0,1,0,0,0,0,1,38,HOMBRE,LESIONADO,CONDUCTOR PRESENTE,SI,NO,0
18569,62009,62010,2019,0,0,-0.143773,-78.500065,PICHINCHA,QUITO,QUITO,URBANA,2019-04-25,01:30:00,1,JUEVES,4,ABRIL,4,NO,CONDUCIR VEHICULO SUPERANDO LOS LIMITES MAXIMOS DE VELOCIDAD.,CHOQUE POSTERIOR,AUTOMOVIL,2,0,0,0,0,0,0,0,0,0,0,0,0,2,44,HOMBRE,ILESO,CONDUCTOR PRESENTE,NO,NO,0
18570,62011,62012,2019,1,0,-0.144493,-78.500205,PICHINCHA,QUITO,QUITO,URBANA,2019-04-25,02:00:00,2,JUEVES,4,ABRIL,4,NO,NO MANTENER LA DISTANCIA PRUDENCIAL CON RESPECTO AL VEHICULO QUE LE ANTECEDE.,CHOQUE POSTERIOR,NO IDENTIFICADO,0,0,0,0,0,0,0,0,0,2,0,0,0,2,42,HOMBRE,LESIONADO,PASAJERO,NO,NO,0
18571,62019,62020,2019,0,0,-0.234791,-78.528636,PICHINCHA,QUITO,QUITO,URBANA,2019-04-25,07:25:00,7,JUEVES,4,ABRIL,4,NO,NO CEDER EL DERECHO DE VIA O PREFERENCIA DE PASO A VEHICULOS.,CHOQUE LATERAL,AUTOMOVIL,2,0,0,0,0,0,0,0,0,0,0,0,0,2,22,HOMBRE,ILESO,CONDUCTOR PRESENTE,NO,NO,0
18572,62026,62027,2019,1,0,-0.210558,-78.386186,PICHINCHA,QUITO,TUMBACO,RURAL,2019-04-25,09:10:00,9,JUEVES,4,ABRIL,4,NO,CONDUCIR VEHICULO SUPERANDO LOS LIMITES MAXIMOS DE VELOCIDAD.,CHOQUE LATERAL,AUTOMOVIL,2,0,0,0,0,0,0,0,0,0,0,0,0,2,25,MUJER,LESIONADO,CONDUCTOR PRESENTE,NO,NO,3
18573,62029,62030,2019,1,0,-0.159088,-78.466714,PICHINCHA,QUITO,QUITO,URBANA,2019-04-25,10:05:00,10,JUEVES,4,ABRIL,4,NO,PEATON QUE CRUZA LA CALZADA SIN RESPETAR LA SENIALIZACION EXISTENTE (SEMAFOROS O SENIALES MANUALES).,ATROPELLOS,FURGONETA,0,0,0,0,0,0,0,1,0,0,0,0,0,1,58,HOMBRE,LESIONADO,PEATON,NO,NO,0
18574,62039,62040,2019,1,0,-0.260811,-78.538734,PICHINCHA,QUITO,QUITO,URBANA,2019-04-25,14:15:00,14,JUEVES,4,ABRIL,4,NO,"NO RESPETAR LAS SENIALES REGLAMENTARIAS DE TRANSITO. (PARE, CEDA EL PASO, LUZ ROJA DEL SEMAFORO, ETC).",CHOQUE LATERAL,MOTOCICLETA,0,0,0,0,0,0,0,0,1,1,0,0,0,2,25,HOMBRE,LESIONADO,CONDUCTOR PRESENTE,NO,NO,0
18575,62048,62049,2019,1,0,-0.210992,-78.404428,PICHINCHA,QUITO,TUMBACO,RURAL,2019-04-25,16:40:00,16,JUEVES,4,ABRIL,4,NO,PEATON QUE CRUZA LA CALZADA SIN RESPETAR LA SENIALIZACION EXISTENTE (SEMAFOROS O SENIALES MANUALES).,ARROLLAMIENTOS,AUTOMOVIL,1,0,0,0,0,0,0,0,0,0,0,0,0,1,59,MUJER,LESIONADO,PEATON,NO,NO,3
18576,62057,62058,2019,0,0,-0.187341,-78.479724,PICHINCHA,QUITO,QUITO,URBANA,2019-04-25,19:55:00,19,JUEVES,4,ABRIL,4,NO,"NO RESPETAR LAS SENIALES REGLAMENTARIAS DE TRANSITO. (PARE, CEDA EL PASO, LUZ ROJA DEL SEMAFORO, ETC).",CHOQUE LATERAL,AUTOMOVIL,2,0,0,0,0,0,0,0,0,0,0,0,0,2,41,HOMBRE,ILESO,CONDUCTOR PRESENTE,NO,NO,0
18577,62061,62062,2019,0,0,-0.292837,-78.542341,PICHINCHA,QUITO,QUITO,URBANA,2019-04-25,21:55:00,21,JUEVES,4,ABRIL,4,NO,"NO RESPETAR LAS SENIALES REGLAMENTARIAS DE TRANSITO. (PARE, CEDA EL PASO, LUZ ROJA DEL SEMAFORO, ETC).",CHOQUE LATERAL,AUTOMOVIL,2,0,0,0,0,0,0,0,0,0,0,0,0,2,66,HOMBRE,ILESO,PASAJERO,NO,NO,0
18578,62065,62066,2019,0,0,-0.273825,-78.510216,PICHINCHA,QUITO,QUITO,URBANA,2019-04-25,23:15:00,23,JUEVES,4,ABRIL,4,NO,CONDUCIR VEHICULO SUPERANDO LOS LIMITES MAXIMOS DE VELOCIDAD.,CHOQUE POSTERIOR,AUTOMOVIL,2,0,0,0,0,0,0,0,0,0,0,0,0,2,50,HOMBRE,ILESO,CONDUCTOR PRESENTE,NO,NO,0
18579,62068,62069,2019,1,0,-0.167915,-78.479501,PICHINCHA,QUITO,QUITO,URBANA,2019-04-26,00:38:00,0,VIERNES,5,ABRIL,4,NO,"CONDUCE BAJO LA INFLUENCIA DE ALCOHOL, SUSTANCIAS ESTUPEFACIENTES O PSICOTROPICAS Y/O MEDICAMENTOS.",CHOQUE LATERAL,AUTOMOVIL,2,0,0,0,0,0,0,0,0,0,0,0,0,2,27,MUJER,LESIONADO,PASAJERO,NO,NO,0
18580,62074,62075,2019,0,0,-0.226486,-78.339567,PICHINCHA,QUITO,PIFO,RURAL,2019-04-26,05:30:00,5,VIERNES,5,ABRIL,4,NO,"NO RESPETAR LAS SENIALES REGLAMENTARIAS DE TRANSITO. (PARE, CEDA EL PASO, LUZ ROJA DEL SEMAFORO, ETC).",COLISION,AUTOMOVIL,1,0,0,2,0,0,0,0,0,0,0,0,0,3,34,HOMBRE,ILESO,CONDUCTOR PRESENTE,NO,NO,3
18581,62076,62077,2019,1,0,-0.200254,-78.499976,PICHINCHA,QUITO,QUITO,URBANA,2019-04-26,06:30:00,6,VIERNES,5,ABRIL,4,NO,CONDUCIR VEHICULO SUPERANDO LOS LIMITES MAXIMOS DE VELOCIDAD.,CHOQUE LATERAL,MOTOCICLETA,0,0,0,0,0,0,0,0,1,1,0,0,0,2,42,HOMBRE,LESIONADO,CONDUCTOR PRESENTE,SI,NO,0
18582,62077,62078,2019,0,0,-0.106567,-78.476473,PICHINCHA,QUITO,QUITO,URBANA,2019-04-26,06:57:00,6,VIERNES,5,ABRIL,4,NO,NO MANTENER LA DISTANCIA PRUDENCIAL CON RESPECTO AL VEHICULO QUE LE ANTECEDE.,CHOQUE POSTERIOR,AUTOMOVIL,1,0,0,0,1,0,0,0,0,0,0,0,0,2,35,HOMBRE,ILESO,CONDUCTOR PRESENTE,NO,NO,0
18583,62083,62084,2019,0,0,-0.134602,-78.474131,PICHINCHA,QUITO,QUITO,URBANA,2019-04-26,08:00:00,8,VIERNES,5,ABRIL,4,NO,NO MANTENER LA DISTANCIA PRUDENCIAL CON RESPECTO AL VEHICULO QUE LE ANTECEDE.,CHOQUE POSTERIOR,AUTOMOVIL,2,0,0,0,0,0,0,0,0,0,0,0,0,2,51,HOMBRE,ILESO,CONDUCTOR PRESENTE,NO,NO,0
18584,62084,62085,2019,1,0,-0.212775,-78.488348,PICHINCHA,QUITO,QUITO,URBANA,2019-04-26,08:55:00,8,VIERNES,5,ABRIL,4,NO,PEATON QUE CRUZA LA CALZADA SIN RESPETAR LA SENIALIZACION EXISTENTE (SEMAFOROS O SENIALES MANUALES).,ATROPELLOS,AUTOMOVIL,1,0,0,0,0,0,0,0,0,0,0,0,0,1,24,MUJER,LESIONADO,PEATON,NO,NO,0
18585,62104,62105,2019,2,0,-0.188478,-78.447371,PICHINCHA,QUITO,NAYON,RURAL,2019-04-26,13:50:00,13,VIERNES,5,ABRIL,4,NO,CONDUCIR VEHICULO SUPERANDO LOS LIMITES MAXIMOS DE VELOCIDAD.,CHOQUE FRONTAL,AUTOMOVIL,2,0,0,0,0,0,0,0,0,0,0,0,0,2,25,HOMBRE,LESIONADO,CONDUCTOR PRESENTE,NO,NO,3
18586,62106,62107,2019,2,0,-0.174501,-78.478554,PICHINCHA,QUITO,QUITO,URBANA,2019-04-26,15:20:00,15,VIERNES,5,ABRIL,4,NO,"CONDUCIR DESATENTO A LAS CONDICIONES DE TRANSITO (CELULAR, PANTALLAS DE VIDEO, COMIDA, MAQUILLAJE O CUALQUIER OTRO ELEMENTO DISTRACTOR).",CHOQUE LATERAL,CAMION,0,0,0,1,1,0,0,0,0,0,0,0,0,2,-1,HOMBRE,LESIONADO,PASAJERO,NO,NO,0
18587,62114,62115,2019,0,0,-0.292724,-78.476486,PICHINCHA,QUITO,CONOCOTO,RURAL,2019-04-26,16:30:00,16,VIERNES,5,ABRIL,4,NO,"CONDUCE BAJO LA INFLUENCIA DE ALCOHOL, SUSTANCIAS ESTUPEFACIENTES O PSICOTROPICAS Y/O MEDICAMENTOS.",CHOQUE FRONTAL,CAMIONETA,0,0,0,0,2,0,0,0,0,0,0,0,0,2,28,HOMBRE,ILESO,CONDUCTOR PRESENTE,NO,NO,3
18588,62120,62121,2019,2,0,-0.277424,-78.555531,PICHINCHA,QUITO,QUITO,URBANA,2019-04-26,18:10:00,18,VIERNES,5,ABRIL,4,NO,"NO RESPETAR LAS SENIALES REGLAMENTARIAS DE TRANSITO. (PARE, CEDA EL PASO, LUZ ROJA DEL SEMAFORO, ETC).",OTROS,MOTOCICLETA,0,0,0,0,0,0,0,0,1,1,0,0,0,2,24,HOMBRE,LESIONADO,CONDUCTOR PRESENTE,NO,NO,0
18589,62123,62124,2019,1,0,-0.237699,-78.515977,PICHINCHA,QUITO,QUITO,URBANA,2019-04-26,18:30:00,18,VIERNES,5,ABRIL,4,NO,NO CEDER EL DERECHO DE VIA O PREFERENCIA DE PASO AL PEATON.,ATROPELLOS,NO IDENTIFICADO,0,0,0,0,0,0,0,0,0,1,0,0,0,1,40,MUJER,LESIONADO,PEATON,NO,NO,0
18590,62128,62129,2019,0,0,-0.255624,-78.543679,PICHINCHA,QUITO,QUITO,URBANA,2019-04-26,19:01:00,19,VIERNES,5,ABRIL,4,NO,"NO RESPETAR LAS SENIALES REGLAMENTARIAS DE TRANSITO. (PARE, CEDA EL PASO, LUZ ROJA DEL SEMAFORO, ETC).",ROZAMIENTOS,AUTOMOVIL,1,0,0,0,0,0,0,0,0,1,0,0,0,2,47,MUJER,ILESO,CONDUCTOR PRESENTE,NO,NO,0
18591,62129,62130,2019,0,0,-0.328239,-78.538128,PICHINCHA,QUITO,QUITO,URBANA,2019-04-26,19:20:00,19,VIERNES,5,ABRIL,4,NO,"CONDUCIR DESATENTO A LAS CONDICIONES DE TRANSITO (CELULAR, PANTALLAS DE VIDEO, COMIDA, MAQUILLAJE O CUALQUIER OTRO ELEMENTO DISTRACTOR).",ROZAMIENTOS,FURGONETA,0,0,0,0,0,0,0,1,0,1,0,0,0,2,23,HOMBRE,ILESO,CONDUCTOR PRESENTE,NO,NO,0
18592,62131,62132,2019,0,0,-0.348684,-78.538868,PICHINCHA,QUITO,QUITO,URBANA,2019-04-26,19:30:00,19,VIERNES,5,ABRIL,4,NO,"CASO FORTUITO O FUERZA MAYOR (EXPLOSION DE NEUMATICO NUEVO, DERRUMBE, INUNDACION, CAIDA DE PUENTE, ARBOL, PRESENCIA INTEMPESTIVA E IMPREVISTA DE SEMOVIENTES EN LA VIA, ETC.).",OTROS,CAMION,0,0,0,1,0,0,0,0,0,0,0,0,0,1,49,HOMBRE,ILESO,CONDUCTOR PRESENTE,NO,NO,0
18593,62132,62133,2019,0,0,-0.286581,-78.549902,PICHINCHA,QUITO,QUITO,URBANA,2019-04-26,20:00:00,20,VIERNES,5,ABRIL,4,NO,"CONDUCE BAJO LA INFLUENCIA DE ALCOHOL, SUSTANCIAS ESTUPEFACIENTES O PSICOTROPICAS Y/O MEDICAMENTOS.",CHOQUE POSTERIOR,AUTOMOVIL,2,0,0,0,0,0,0,0,0,0,0,0,0,2,43,HOMBRE,ILESO,CONDUCTOR PRESENTE,NO,NO,0
18594,62137,62138,2019,0,0,-0.202961,-78.504445,PICHINCHA,QUITO,QUITO,URBANA,2019-04-26,20:45:00,20,VIERNES,5,ABRIL,4,NO,"CONDUCE BAJO LA INFLUENCIA DE ALCOHOL, SUSTANCIAS ESTUPEFACIENTES O PSICOTROPICAS Y/O MEDICAMENTOS.",CHOQUE POSTERIOR,AUTOMOVIL,1,0,0,0,1,0,0,0,0,0,0,0,0,2,42,HOMBRE,ILESO,CONDUCTOR PRESENTE,NO,NO,0
18595,62142,62143,2019,1,1,-0.207363,-78.512548,PICHINCHA,QUITO,QUITO,URBANA,2019-04-26,23:30:00,23,VIERNES,5,ABRIL,4,NO,"CONDUCIR EN ESTADO DE SOMNOLENCIA O MALAS CONDICIONES FISICAS (SUENIO, CANSANCIO Y FATIGA).",ESTRELLAMIENTOS,AUTOMOVIL,1,0,0,0,0,0,0,0,0,0,0,0,0,1,48,HOMBRE,FALLECIDO,CONDUCTOR PRESENTE,NO,NO,0
18596,62147,62148,2019,1,0,-0.256876,-78.542948,PICHINCHA,QUITO,QUITO,URBANA,2019-04-27,00:48:00,0,SABADO,6,ABRIL,4,NO,"CONDUCE BAJO LA INFLUENCIA DE ALCOHOL, SUSTANCIAS ESTUPEFACIENTES O PSICOTROPICAS Y/O MEDICAMENTOS.",ATROPELLOS,MOTOCICLETA,0,0,0,0,0,0,0,0,1,0,0,0,0,1,30,HOMBRE,LESIONADO,PEATON,NO,NO,0
18597,62148,62149,2019,0,0,-0.135447,-78.482002,PICHINCHA,QUITO,QUITO,URBANA,2019-04-27,01:30:00,1,SABADO,6,ABRIL,4,NO,"CONDUCIR EN ESTADO DE SOMNOLENCIA O MALAS CONDICIONES FISICAS (SUENIO, CANSANCIO Y FATIGA).",ESTRELLAMIENTOS,AUTOMOVIL,1,0,0,0,0,0,0,0,0,0,0,0,0,1,23,HOMBRE,ILESO,PASAJERO,NO,NO,0
18598,62151,62152,2019,0,0,-0.216263,-78.444058,PICHINCHA,QUITO,CUMBAYA,RURAL,2019-04-27,01:50:00,1,SABADO,6,ABRIL,4,NO,"CASO FORTUITO O FUERZA MAYOR (EXPLOSION DE NEUMATICO NUEVO, DERRUMBE, INUNDACION, CAIDA DE PUENTE, ARBOL, PRESENCIA INTEMPESTIVA E IMPREVISTA DE SEMOVIENTES EN LA VIA, ETC.).",ESTRELLAMIENTOS,AUTOMOVIL,1,0,0,0,0,0,0,0,0,0,0,0,0,1,57,HOMBRE,ILESO,CONDUCTOR PRESENTE,NO,NO,3
18599,62154,62155,2019,0,0,-0.234814,-78.490231,PICHINCHA,QUITO,QUITO,URBANA,2019-04-27,03:30:00,3,SABADO,6,ABRIL,4,NO,"CONDUCIR EN ESTADO DE SOMNOLENCIA O MALAS CONDICIONES FISICAS (SUENIO, CANSANCIO Y FATIGA).",ESTRELLAMIENTOS,AUTOMOVIL,1,0,0,0,0,0,0,0,0,0,0,0,0,1,-1,NO IDENTIFICADO,NO IDENTIFICADO,CONDUCTOR AUSENTE,NO,NO,2
18600,62159,62160,2019,0,0,-0.325994,-78.555998,PICHINCHA,QUITO,QUITO,URBANA,2019-04-27,05:30:00,5,SABADO,6,ABRIL,4,NO,REALIZAR CAMBIO BRUSCO O INDEBIDO DE CARRIL.,CHOQUE LATERAL,AUTOMOVIL,1,0,0,0,1,0,0,0,0,0,0,0,0,2,40,HOMBRE,ILESO,CONDUCTOR PRESENTE,NO,NO,0
18601,62162,62163,2019,0,0,-0.286078,-78.504654,PICHINCHA,QUITO,CONOCOTO,RURAL,2019-04-27,06:20:00,6,SABADO,6,ABRIL,4,NO,NO GUARDAR LA DISTANCIA LATERAL MINIMA DE SEGURIDAD ENTRE VEHICULOS.,CHOQUE LATERAL,CAMIONETA,1,0,0,0,1,0,0,0,0,0,0,0,0,2,40,HOMBRE,ILESO,CONDUCTOR PRESENTE,NO,NO,3
18602,62178,62179,2019,0,0,-0.197247,-78.478994,PICHINCHA,QUITO,QUITO,URBANA,2019-04-27,11:00:00,11,SABADO,6,ABRIL,4,NO,NO CEDER EL DERECHO DE VIA O PREFERENCIA DE PASO A VEHICULOS.,CHOQUE LATERAL,AUTOMOVIL,2,0,0,0,0,0,0,0,0,0,0,0,0,2,59,HOMBRE,ILESO,CONDUCTOR PRESENTE,NO,NO,0
18603,62183,62184,2019,0,0,-0.091346,-78.432026,PICHINCHA,QUITO,CALDERON (CARAPUNGO),RURAL,2019-04-27,12:00:00,12,SABADO,6,ABRIL,4,NO,"CONDUCIR DESATENTO A LAS CONDICIONES DE TRANSITO (CELULAR, PANTALLAS DE VIDEO, COMIDA, MAQUILLAJE O CUALQUIER OTRO ELEMENTO DISTRACTOR).",OTROS,MOTOCICLETA,0,0,0,0,0,0,0,0,1,0,0,0,0,1,-1,NO IDENTIFICADO,NO IDENTIFICADO,CONDUCTOR AUSENTE,NO,NO,2
18604,62184,62185,2019,2,0,-0.217338,-78.489517,PICHINCHA,QUITO,QUITO,URBANA,2019-04-27,12:00:00,12,SABADO,6,ABRIL,4,NO,REALIZAR CAMBIO BRUSCO O INDEBIDO DE CARRIL.,CHOQUE LATERAL,MOTOCICLETA,1,0,0,0,0,0,0,0,1,0,0,0,0,2,27,HOMBRE,LESIONADO,PASAJERO,NO,NO,0
18605,62187,62188,2019,0,0,-0.190933,-78.480366,PICHINCHA,QUITO,QUITO,RURAL,2019-04-27,13:23:00,13,SABADO,6,ABRIL,4,NO,"ADELANTAR O REBASAR A OTRO VEHICULO EN MOVIMIENTO EN ZONAS O SITIOS PELIGROSOS TALES COMO: CURVAS, PUENTES, TUNELES, PENDIENTES, ETC.",COLISION,AUTOMOVIL,4,0,1,0,0,0,0,0,0,0,0,0,0,5,44,HOMBRE,ILESO,CONDUCTOR PRESENTE,NO,NO,3
18606,62192,62193,2019,0,0,-0.262607,-78.527563,PICHINCHA,QUITO,QUITO,URBANA,2019-04-27,14:45:00,14,SABADO,6,ABRIL,4,NO,NO CEDER EL DERECHO DE VIA O PREFERENCIA DE PASO A VEHICULOS.,OTROS,MOTOCICLETA,0,0,0,0,0,0,0,0,1,0,0,0,0,1,-1,NO IDENTIFICADO,NO IDENTIFICADO,CONDUCTOR AUSENTE,NO,NO,2
18607,62200,62201,2019,0,0,-0.302446,-78.483162,PICHINCHA,QUITO,CONOCOTO,RURAL,2019-04-27,17:00:00,17,SABADO,6,ABRIL,4,NO,"CONDUCE BAJO LA INFLUENCIA DE ALCOHOL, SUSTANCIAS ESTUPEFACIENTES O PSICOTROPICAS Y/O MEDICAMENTOS.",ESTRELLAMIENTOS,AUTOMOVIL,2,0,0,1,0,0,0,0,0,0,0,0,0,3,29,MUJER,ILESO,CONDUCTOR PRESENTE,NO,NO,3
18608,62201,62202,2019,0,0,-0.181406,-78.505089,PICHINCHA,QUITO,QUITO,URBANA,2019-04-27,18:00:00,18,SABADO,6,ABRIL,4,NO,NO MANTENER LA DISTANCIA PRUDENCIAL CON RESPECTO AL VEHICULO QUE LE ANTECEDE.,CHOQUE POSTERIOR,AUTOMOVIL,2,0,0,0,0,0,0,0,0,0,0,0,0,2,31,MUJER,ILESO,CONDUCTOR PRESENTE,NO,NO,0