,Unnamed: 0,ID,ANIO,LESIONADOS,FALLECIDOS,LATITUD_Y,LONGITUD_X,PROVINCIA,CANTON,PARROQUIA,ZONA,FECHA,HORA,PERIODO_2,DIA_1,DIA_2,MES_1,MES_2,FERIADO,CAUSA_PROBABLE,TIPO_DE_SINIESTRO,TIPO_DE_VEHICULO_1,AUTOMOVIL,BICICLETA,BUS,CAMION,CAMIONETA,EMERGENCIAS,ESPECIAL,FURGONETA,MOTOCICLETA,NO_IDENTIFICADO,SCOOTER_ELECTRICO,TRICIMOTO,VEHICULO_DEPORTIVO_UTILITARIO,SUMA_DE_VEHICULOS,EDAD_1,SEXO_1,CONDICION_1,PARTICIPANTE_1,CASCO_1,CINTURON_1,KMeans_Cluster
18609,62202,62203,2019,0,0,-0.135531,-78.447636,PICHINCHA,QUITO,LLANO CHICO,RURAL,2019-04-27,18:30:00,18,SABADO,6,ABRIL,4,NO,"CONDUCE BAJO LA INFLUENCIA DE ALCOHOL, SUSTANCIAS ESTUPEFACIENTES O PSICOTROPICAS Y/O MEDICAMENTOS.",CHOQUE LATERAL,AUTOMOVIL,1,0,0,0,1,0,0,0,0,0,0,0,0,2,28,MUJER,ILESO,CONDUCTOR PRESENTE,NO,NO,3
18610,62216,62217,2019,0,1,-0.279442,-78.476343,PICHINCHA,QUITO,CONOCOTO,RURAL,2019-04-27,22:30:00,22,SABADO,6,ABRIL,4,NO,"CONDUCIR DESATENTO A LAS CONDICIONES DE TRANSITO (CELULAR, PANTALLAS DE VIDEO, COMIDA, MAQUILLAJE O CUALQUIER OTRO ELEMENTO DISTRACTOR).",ATROPELLOS,NO IDENTIFICADO,0,0,0,0,0,0,0,0,0,1,0,0,0,1,38,HOMBRE,FALLECIDO,PEATON,NO,SI,3
18611,62217,62218,2019,2,0,-0.212949,-78.510448,PICHINCHA,QUITO,QUITO,URBANA,2019-04-27,22:45:00,22,SABADO,6,ABRIL,4,NO,"NO RESPETAR LAS SENIALES REGLAMENTARIAS DE TRANSITO. (PARE, CEDA EL PASO, LUZ ROJA DEL SEMAFORO, ETC).",ESTRELLAMIENTOS,AUTOMOVIL,1,0,0,0,0,0,0,0,0,0,0,0,0,1,16,MUJER,LESIONADO,PASAJERO,NO,NO,0
18612,62220,62221,2019,0,0,-0.089185,-78.428042,PICHINCHA,QUITO,CALDERON (CARAPUNGO),RURAL,2019-04-28,00:50:00,0,DOMINGO,7,ABRIL,4,NO,"CONDUCE BAJO LA INFLUENCIA DE ALCOHOL, SUSTANCIAS ESTUPEFACIENTES O PSICOTROPICAS Y/O MEDICAMENTOS.",CHOQUE POSTERIOR,AUTOMOVIL,2,0,0,0,0,0,0,0,0,0,0,0,0,2,29,HOMBRE,ILESO,CONDUCTOR PRESENTE,NO,NO,3
18613,62233,62234,2019,0,0,-0.121285,-78.480084,PICHINCHA,QUITO,QUITO,URBANA,2019-04-28,02:30:00,2,DOMINGO,7,ABRIL,4,NO,CONDUCIR VEHICULO SUPERANDO LOS LIMITES MAXIMOS DE VELOCIDAD.,ESTRELLAMIENTOS,AUTOMOVIL,1,0,0,0,0,0,0,0,0,0,0,0,0,1,-1,NO IDENTIFICADO,NO IDENTIFICADO,CONDUCTOR AUSENTE,NO,NO,2
18614,62235,62236,2019,0,0,-0.249954,-78.525211,PICHINCHA,QUITO,QUITO,URBANA,2019-04-28,03:00:00,3,DOMINGO,7,ABRIL,4,NO,"NO RESPETAR LAS SENIALES REGLAMENTARIAS DE TRANSITO. (PARE, CEDA EL PASO, LUZ ROJA DEL SEMAFORO, ETC).",OTROS,AUTOMOVIL,1,0,0,0,0,0,0,0,0,0,0,0,0,1,-1,NO IDENTIFICADO,NO IDENTIFICADO,CONDUCTOR AUSENTE,NO,NO,2
18615,62238,62239,2019,0,0,-0.124306,-78.455715,PICHINCHA,QUITO,LLANO CHICO,RURAL,2019-04-28,03:15:00,3,DOMINGO,7,ABRIL,4,NO,PESO Y VOLUMEN - NO CUMPLIR CON LAS NORMAS DE SEGURIDAD NECESARIAS AL TRANSPORTAR CARGAS.,ESTRELLAMIENTOS,CAMION,0,0,0,1,0,0,0,0,0,0,0,0,0,1,-1,NO IDENTIFICADO,NO IDENTIFICADO,CONDUCTOR AUSENTE,NO,NO,2
18616,62239,62240,2019,1,0,-0.133554,-78.501956,PICHINCHA,QUITO,QUITO,URBANA,2019-04-28,03:15:00,3,DOMINGO,7,ABRIL,4,NO,NO MANTENER LA DISTANCIA PRUDENCIAL CON RESPECTO AL VEHICULO QUE LE ANTECEDE.,CHOQUE POSTERIOR,AUTOMOVIL,1,0,0,0,0,0,0,0,0,1,0,0,0,2,31,HOMBRE,LESIONADO,PASAJERO,NO,NO,0
18617,62248,62249,2019,0,0,-0.119451,-78.506659,PICHINCHA,QUITO,QUITO,URBANA,2019-04-28,05:50:00,5,DOMINGO,7,ABRIL,4,NO,NO MANTENER LA DISTANCIA PRUDENCIAL CON RESPECTO AL VEHICULO QUE LE ANTECEDE.,CHOQUE POSTERIOR,CAMION,0,0,0,1,0,0,0,0,0,1,0,0,0,2,23,HOMBRE,ILESO,CONDUCTOR PRESENTE,NO,NO,0
18618,62251,62252,2019,0,0,-0.159211,-78.504425,PICHINCHA,QUITO,QUITO,URBANA,2019-04-28,06:50:00,6,DOMINGO,7,ABRIL,4,NO,"NO RESPETAR LAS SENIALES REGLAMENTARIAS DE TRANSITO. (PARE, CEDA EL PASO, LUZ ROJA DEL SEMAFORO, ETC).",ESTRELLAMIENTOS,NO IDENTIFICADO,0,0,0,0,0,0,0,0,0,1,0,0,0,1,-1,NO IDENTIFICADO,NO IDENTIFICADO,CONDUCTOR AUSENTE,NO,NO,2
18619,62254,62255,2019,0,0,-0.302801,-78.491098,PICHINCHA,QUITO,CONOCOTO,RURAL,2019-04-28,07:00:00,7,DOMINGO,7,ABRIL,4,NO,"NO RESPETAR LAS SENIALES REGLAMENTARIAS DE TRANSITO. (PARE, CEDA EL PASO, LUZ ROJA DEL SEMAFORO, ETC).",ESTRELLAMIENTOS,AUTOMOVIL,1,0,0,0,0,0,0,0,0,0,0,0,0,1,30,HOMBRE,ILESO,CONDUCTOR PRESENTE,NO,NO,3
18620,62260,62261,2019,0,0,-0.129155,-78.483721,PICHINCHA,QUITO,QUITO,URBANA,2019-04-28,09:40:00,9,DOMINGO,7,ABRIL,4,NO,"NO RESPETAR LAS SENIALES REGLAMENTARIAS DE TRANSITO. (PARE, CEDA EL PASO, LUZ ROJA DEL SEMAFORO, ETC).",OTROS,CAMIONETA,0,0,0,0,1,0,0,0,0,0,0,0,0,1,-1,NO IDENTIFICADO,NO IDENTIFICADO,CONDUCTOR AUSENTE,NO,NO,2
18621,62262,62263,2019,1,0,-0.197727,-78.500219,PICHINCHA,QUITO,QUITO,URBANA,2019-04-28,10:40:00,10,DOMINGO,7,ABRIL,4,NO,DEJAR O RECOGER PASAJEROS EN LUGARES NO PERMITIDOS.,CAIDA DE PASAJERO,NO IDENTIFICADO,0,0,0,0,0,0,0,0,0,1,0,0,0,1,62,MUJER,LESIONADO,PASAJERO,NO,NO,0
18622,62267,62268,2019,4,0,-0.328479,-78.522294,PICHINCHA,QUITO,QUITO,URBANA,2019-04-28,12:40:00,12,DOMINGO,7,ABRIL,4,NO,NO MANTENER LA DISTANCIA PRUDENCIAL CON RESPECTO AL VEHICULO QUE LE ANTECEDE.,CHOQUE POSTERIOR,CAMIONETA,1,0,0,0,1,0,0,0,0,0,0,0,0,2,38,MUJER,LESIONADO,PASAJERO,NO,NO,0
18623,62272,62273,2019,1,0,-0.115977,-78.464077,PICHINCHA,QUITO,QUITO,URBANA,2019-04-28,14:20:00,14,DOMINGO,7,ABRIL,4,NO,CONDUCIR VEHICULO SUPERANDO LOS LIMITES MAXIMOS DE VELOCIDAD.,PERDIDA DE CARRIL,MOTOCICLETA,0,0,0,0,0,0,0,0,1,0,0,0,0,1,24,HOMBRE,LESIONADO,PASAJERO,NO,NO,0
18624,62275,62276,2019,1,0,-0.416195,-78.799109,PICHINCHA,MEJIA,MANUEL CORNEJO ASTORGA,RURAL,2019-04-28,15:30:00,15,DOMINGO,7,ABRIL,4,NO,"CONDUCIR DESATENTO A LAS CONDICIONES DE TRANSITO (CELULAR, PANTALLAS DE VIDEO, COMIDA, MAQUILLAJE O CUALQUIER OTRO ELEMENTO DISTRACTOR).",CAIDA DE PASAJERO,BUS,0,0,1,0,0,0,0,0,0,0,0,0,0,1,71,HOMBRE,LESIONADO,PASAJERO,NO,SI,3
18625,62295,62296,2019,2,0,-0.015219,-78.319874,PICHINCHA,PEDRO MONCAYO,TOCACHI,RURAL,2019-04-29,00:00:00,0,LUNES,1,ABRIL,4,NO,"CONDUCIR EN ESTADO DE SOMNOLENCIA O MALAS CONDICIONES FISICAS (SUENIO, CANSANCIO Y FATIGA).",PERDIDA DE CARRIL,CAMIONETA,0,0,0,0,1,0,0,0,0,0,0,0,0,1,45,MUJER,LESIONADO,PASAJERO,NO,SI,3
18626,62301,62302,2019,0,0,-0.237235,-78.526655,PICHINCHA,QUITO,QUITO,URBANA,2019-04-29,05:55:00,5,LUNES,1,ABRIL,4,NO,"NO RESPETAR LAS SENIALES REGLAMENTARIAS DE TRANSITO. (PARE, CEDA EL PASO, LUZ ROJA DEL SEMAFORO, ETC).",CHOQUE LATERAL,AUTOMOVIL,1,0,1,0,0,0,0,0,0,0,0,0,0,2,46,HOMBRE,ILESO,CONDUCTOR PRESENTE,NO,NO,0
18627,62317,62318,2019,1,0,-0.299928,-78.530781,PICHINCHA,QUITO,QUITO,URBANA,2019-04-29,10:20:00,10,LUNES,1,ABRIL,4,NO,"CONDUCIR DESATENTO A LAS CONDICIONES DE TRANSITO (CELULAR, PANTALLAS DE VIDEO, COMIDA, MAQUILLAJE O CUALQUIER OTRO ELEMENTO DISTRACTOR).",CHOQUE LATERAL,BICICLETA,0,1,0,0,0,0,0,0,0,1,0,0,0,2,58,HOMBRE,LESIONADO,CONDUCTOR PRESENTE,NO,NO,0
18628,62324,62325,2019,1,0,-0.283086,-78.584569,PICHINCHA,QUITO,QUITO,URBANA,2019-04-29,13:00:00,13,LUNES,1,ABRIL,4,NO,DEJAR O RECOGER PASAJEROS EN LUGARES NO PERMITIDOS.,CAIDA DE PASAJERO,NO IDENTIFICADO,0,0,0,0,0,0,0,0,0,1,0,0,0,1,10,HOMBRE,LESIONADO,PASAJERO,NO,NO,0
18629,62327,62328,2019,3,0,-0.196797,-78.435922,PICHINCHA,QUITO,CUMBAYA,RURAL,2019-04-29,13:30:00,13,LUNES,1,ABRIL,4,NO,REALIZAR CAMBIO BRUSCO O INDEBIDO DE CARRIL.,CHOQUE FRONTAL,AUTOMOVIL,2,0,0,0,0,0,0,0,0,0,0,0,0,2,6,HOMBRE,LESIONADO,PASAJERO,NO,NO,3
18630,62331,62332,2019,0,0,-0.269397,-78.547278,PICHINCHA,QUITO,QUITO,URBANA,2019-04-29,16:00:00,16,LUNES,1,ABRIL,4,NO,NO CEDER EL DERECHO DE VIA O PREFERENCIA DE PASO A VEHICULOS.,CHOQUE LATERAL,AUTOMOVIL,2,0,0,0,0,0,0,0,0,0,0,0,0,2,39,HOMBRE,ILESO,CONDUCTOR PRESENTE,NO,NO,0
18631,62335,62336,2019,0,0,-0.289913,-78.537629,PICHINCHA,QUITO,QUITO,URBANA,2019-04-29,17:10:00,17,LUNES,1,ABRIL,4,NO,NO MANTENER LA DISTANCIA PRUDENCIAL CON RESPECTO AL VEHICULO QUE LE ANTECEDE.,OTROS,AUTOMOVIL,4,0,0,1,0,0,0,0,0,0,0,0,0,5,36,HOMBRE,ILESO,CONDUCTOR PRESENTE,NO,NO,0
18632,62342,62343,2019,2,0,-0.154858,-78.477865,PICHINCHA,QUITO,QUITO,URBANA,2019-04-29,21:00:00,21,LUNES,1,ABRIL,4,NO,"NO RESPETAR LAS SENIALES REGLAMENTARIAS DE TRANSITO. (PARE, CEDA EL PASO, LUZ ROJA DEL SEMAFORO, ETC).",CHOQUE LATERAL,MOTOCICLETA,1,0,0,0,0,0,0,0,1,0,0,0,0,2,20,HOMBRE,LESIONADO,CONDUCTOR PRESENTE,NO,NO,0
18633,62352,62353,2019,0,0,-0.103721,-78.495751,PICHINCHA,QUITO,QUITO,URBANA,2019-04-30,01:00:00,1,MARTES,2,ABRIL,4,NO,MALAS CONDICIONES DE LA VIA Y/O CONFIGURACION. (ILUMINACION Y DISENIO).,ESTRELLAMIENTOS,AUTOMOVIL,1,0,0,0,0,0,0,0,0,0,0,0,0,1,25,HOMBRE,ILESO,CONDUCTOR PRESENTE,NO,NO,0
18634,62356,62357,2019,0,0,-0.160922,-78.230037,PICHINCHA,QUITO,CHECA (CHILPA),RURAL,2019-04-30,05:50:00,5,MARTES,2,ABRIL,4,NO,CONDUCIR VEHICULO SUPERANDO LOS LIMITES MAXIMOS DE VELOCIDAD.,OTROS,AUTOMOVIL,1,0,0,0,0,0,0,0,0,0,0,0,0,1,-1,NO IDENTIFICADO,NO IDENTIFICADO,CONDUCTOR AUSENTE,NO,NO,2
18635,62358,62359,2019,0,0,-0.254185,-78.522285,PICHINCHA,QUITO,QUITO,URBANA,2019-04-30,06:55:00,6,MARTES,2,ABRIL,4,NO,NO GUARDAR LA DISTANCIA LATERAL MINIMA DE SEGURIDAD ENTRE VEHICULOS.,CHOQUE LATERAL,AUTOMOVIL,1,0,0,0,1,0,0,0,0,0,0,0,0,2,55,HOMBRE,ILESO,CONDUCTOR PRESENTE,NO,NO,0
18636,62360,62361,2019,0,0,-0.314958,-78.544768,PICHINCHA,QUITO,QUITO,URBANA,2019-04-30,08:00:00,8,MARTES,2,ABRIL,4,NO,NO CEDER EL DERECHO DE VIA O PREFERENCIA DE PASO A VEHICULOS.,CHOQUE LATERAL,AUTOMOVIL,2,0,0,0,0,0,0,0,0,0,0,0,0,2,23,HOMBRE,ILESO,CONDUCTOR PRESENTE,NO,NO,0
18637,62361,62362,2019,0,0,-0.199767,-78.428809,PICHINCHA,QUITO,CUMBAYA,RURAL,2019-04-30,08:15:00,8,MARTES,2,ABRIL,4,NO,"CASO FORTUITO O FUERZA MAYOR (EXPLOSION DE NEUMATICO NUEVO, DERRUMBE, INUNDACION, CAIDA DE PUENTE, ARBOL, PRESENCIA INTEMPESTIVA E IMPREVISTA DE SEMOVIENTES EN LA VIA, ETC.).",CHOQUE POSTERIOR,AUTOMOVIL,1,0,0,0,1,0,0,0,0,0,0,0,0,2,35,HOMBRE,ILESO,CONDUCTOR PRESENTE,NO,NO,3
18638,62362,62363,2019,0,0,-0.210486,-78.425509,PICHINCHA,QUITO,CUMBAYA,RURAL,2019-04-30,08:20:00,8,MARTES,2,ABRIL,4,NO,"CONDUCIR DESATENTO A LAS CONDICIONES DE TRANSITO (CELULAR, PANTALLAS DE VIDEO, COMIDA, MAQUILLAJE O CUALQUIER OTRO ELEMENTO DISTRACTOR).",COLISION,BUS,2,0,1,0,0,0,0,0,0,0,0,0,0,3,31,HOMBRE,ILESO,CONDUCTOR PRESENTE,NO,NO,3
18639,62370,62371,2019,1,0,-0.191414,-78.486699,PICHINCHA,QUITO,QUITO,URBANA,2019-04-30,12:23:00,12,MARTES,2,ABRIL,4,NO,NO GUARDAR LA DISTANCIA LATERAL MINIMA DE SEGURIDAD ENTRE VEHICULOS.,CHOQUE LATERAL,MOTOCICLETA,1,0,0,0,0,0,0,0,1,0,0,0,0,2,44,HOMBRE,LESIONADO,CONDUCTOR PRESENTE,SI,NO,0
18640,62372,62373,2019,0,0,-0.302721,-78.556678,PICHINCHA,QUITO,QUITO,URBANA,2019-04-30,12:45:00,12,MARTES,2,ABRIL,4,NO,NO GUARDAR LA DISTANCIA LATERAL MINIMA DE SEGURIDAD ENTRE VEHICULOS.,CHOQUE LATERAL,AUTOMOVIL,2,0,0,0,0,0,0,0,0,0,0,0,0,2,41,HOMBRE,ILESO,CONDUCTOR PRESENTE,NO,NO,0
18641,62379,62380,2019,1,0,-0.287051,-78.531139,PICHINCHA,QUITO,QUITO,URBANA,2019-04-30,15:40:00,15,MARTES,2,ABRIL,4,NO,NO CEDER EL DERECHO DE VIA O PREFERENCIA DE PASO AL PEATON.,ATROPELLOS,BUS,0,0,1,0,0,0,0,0,0,0,0,0,0,1,76,HOMBRE,LESIONADO,PEATON,NO,NO,0
18642,62383,62384,2019,1,0,-0.091585,-78.439052,PICHINCHA,QUITO,CALDERON (CARAPUNGO),RURAL,2019-04-30,17:10:00,17,MARTES,2,ABRIL,4,NO,NO TRANSITAR POR LAS ACERAS O ZONAS DE SEGURIDAD DESTINADAS PARA EL EFECTO.,ATROPELLOS,MOTOCICLETA,0,0,0,0,0,0,0,0,1,0,0,0,0,1,89,HOMBRE,LESIONADO,PEATON,NO,NO,3
18643,62387,62388,2019,0,0,-0.184414,-78.487161,PICHINCHA,QUITO,QUITO,URBANA,2019-04-30,18:40:00,18,MARTES,2,ABRIL,4,NO,NO CEDER EL DERECHO DE VIA O PREFERENCIA DE PASO A VEHICULOS.,CHOQUE LATERAL,AUTOMOVIL,2,0,0,0,0,0,0,0,0,0,0,0,0,2,40,MUJER,ILESO,CONDUCTOR PRESENTE,NO,NO,0
18644,62388,62389,2019,1,0,-0.246184,-78.540009,PICHINCHA,QUITO,QUITO,URBANA,2019-04-30,19:15:00,19,MARTES,2,ABRIL,4,NO,CONDUCIR VEHICULO SUPERANDO LOS LIMITES MAXIMOS DE VELOCIDAD.,OTROS,NO IDENTIFICADO,0,0,0,0,0,0,0,0,0,1,0,0,0,1,31,MUJER,LESIONADO,PASAJERO,NO,NO,0
18645,62392,62393,2019,1,0,-0.182997,-78.503721,PICHINCHA,QUITO,QUITO,URBANA,2019-04-30,20:00:00,20,MARTES,2,ABRIL,4,NO,NO TRANSITAR POR LAS ACERAS O ZONAS DE SEGURIDAD DESTINADAS PARA EL EFECTO.,ATROPELLOS,AUTOMOVIL,1,0,0,0,0,0,0,0,0,0,0,0,0,1,19,HOMBRE,LESIONADO,PEATON,NO,NO,0
18646,62395,62396,2019,0,0,-0.242405,-78.521401,PICHINCHA,QUITO,QUITO,URBANA,2019-04-30,21:15:00,21,MARTES,2,ABRIL,4,NO,NO MANTENER LA DISTANCIA PRUDENCIAL CON RESPECTO AL VEHICULO QUE LE ANTECEDE.,COLISION,AUTOMOVIL,1,0,0,0,0,0,0,0,0,2,0,0,0,3,33,HOMBRE,ILESO,CONDUCTOR PRESENTE,NO,NO,0
18647,62401,62402,2019,0,0,-0.196123,-78.495036,PICHINCHA,QUITO,QUITO,URBANA,2019-05-01,00:02:00,0,MIERCOLES,3,MAYO,5,SI,NO GUARDAR LA DISTANCIA LATERAL MINIMA DE SEGURIDAD ENTRE VEHICULOS.,CHOQUE LATERAL,AUTOMOVIL,2,0,0,0,0,0,0,0,0,0,0,0,0,2,39,HOMBRE,ILESO,CONDUCTOR PRESENTE,NO,NO,0
18648,62412,62413,2019,0,0,-0.286188,-78.545418,PICHINCHA,QUITO,QUITO,URBANA,2019-05-01,06:00:00,6,MIERCOLES,3,MAYO,5,SI,"NO RESPETAR LAS SENIALES REGLAMENTARIAS DE TRANSITO. (PARE, CEDA EL PASO, LUZ ROJA DEL SEMAFORO, ETC).",OTROS,AUTOMOVIL,2,0,0,0,1,0,0,0,0,0,0,0,0,3,63,HOMBRE,ILESO,CONDUCTOR PRESENTE,NO,NO,0
18649,62417,62418,2019,1,0,-0.214643,-78.516701,PICHINCHA,QUITO,QUITO,URBANA,2019-05-01,07:30:00,7,MIERCOLES,3,MAYO,5,SI,NO MANTENER LA DISTANCIA PRUDENCIAL CON RESPECTO AL VEHICULO QUE LE ANTECEDE.,CHOQUE POSTERIOR,AUTOMOVIL,1,0,0,0,0,0,0,0,1,0,0,0,0,2,26,HOMBRE,LESIONADO,CONDUCTOR PRESENTE,NO,NO,0
18650,62418,62419,2019,1,0,-0.180457,-78.487221,PICHINCHA,QUITO,QUITO,URBANA,2019-05-01,08:10:00,8,MIERCOLES,3,MAYO,5,SI,"NO RESPETAR LAS SENIALES REGLAMENTARIAS DE TRANSITO. (PARE, CEDA EL PASO, LUZ ROJA DEL SEMAFORO, ETC).",CHOQUE LATERAL,AUTOMOVIL,2,0,0,0,0,0,0,0,0,0,0,0,0,2,41,MUJER,LESIONADO,CONDUCTOR PRESENTE,NO,NO,0
18651,62419,62420,2019,1,0,-0.318673,-78.548625,PICHINCHA,QUITO,QUITO,URBANA,2019-05-01,08:10:00,8,MIERCOLES,3,MAYO,5,SI,NO CEDER EL DERECHO DE VIA O PREFERENCIA DE PASO A VEHICULOS.,CHOQUE LATERAL,MOTOCICLETA,1,0,0,0,0,0,0,0,1,0,0,0,0,2,42,HOMBRE,LESIONADO,CONDUCTOR PRESENTE,NO,NO,0
18652,62420,62421,2019,1,0,-0.272778,-78.537921,PICHINCHA,QUITO,QUITO,URBANA,2019-05-01,08:15:00,8,MIERCOLES,3,MAYO,5,SI,NO CEDER EL DERECHO DE VIA O PREFERENCIA DE PASO AL PEATON.,ATROPELLOS,NO IDENTIFICADO,0,0,0,0,0,0,0,0,0,1,0,0,0,1,63,HOMBRE,LESIONADO,PEATON,NO,NO,0
18653,62422,62423,2019,1,0,-0.141714,-78.460427,PICHINCHA,QUITO,QUITO,URBANA,2019-05-01,08:40:00,8,MIERCOLES,3,MAYO,5,SI,"CONDUCE BAJO LA INFLUENCIA DE ALCOHOL, SUSTANCIAS ESTUPEFACIENTES O PSICOTROPICAS Y/O MEDICAMENTOS.",CHOQUE LATERAL,MOTOCICLETA,1,0,0,0,0,0,0,0,1,0,0,0,0,2,40,HOMBRE,LESIONADO,CONDUCTOR PRESENTE,NO,NO,0
18654,62423,62424,2019,0,1,-0.151955,-78.476471,PICHINCHA,QUITO,QUITO,URBANA,2019-05-01,09:25:00,9,MIERCOLES,3,MAYO,5,SI,NO TRANSITAR POR LAS ACERAS O ZONAS DE SEGURIDAD DESTINADAS PARA EL EFECTO.,ATROPELLOS,NO IDENTIFICADO,0,0,0,0,0,0,0,0,0,1,0,0,0,1,84,HOMBRE,FALLECIDO,PEATON,NO,NO,0
18655,62424,62425,2019,1,0,-0.151955,-78.476471,PICHINCHA,QUITO,QUITO,URBANA,2019-05-01,09:25:00,9,MIERCOLES,3,MAYO,5,SI,CONDUCIR VEHICULO SUPERANDO LOS LIMITES MAXIMOS DE VELOCIDAD.,PERDIDA DE CARRIL,MOTOCICLETA,0,0,0,0,0,0,0,0,1,0,0,0,0,1,26,HOMBRE,LESIONADO,CONDUCTOR PRESENTE,SI,NO,0
18656,62427,62428,2019,1,0,-0.117432,-78.485892,PICHINCHA,QUITO,QUITO,URBANA,2019-05-01,10:25:00,10,MIERCOLES,3,MAYO,5,SI,PEATON QUE CRUZA LA CALZADA SIN RESPETAR LA SENIALIZACION EXISTENTE (SEMAFOROS O SENIALES MANUALES).,ATROPELLOS,MOTOCICLETA,0,0,0,0,0,0,0,0,1,0,0,0,0,1,23,MUJER,LESIONADO,PEATON,NO,NO,0
18657,62431,62432,2019,0,0,-0.283345,-78.560718,PICHINCHA,QUITO,QUITO,URBANA,2019-05-01,13:30:00,13,MIERCOLES,3,MAYO,5,SI,NO GUARDAR LA DISTANCIA LATERAL MINIMA DE SEGURIDAD ENTRE VEHICULOS.,CHOQUE LATERAL,AUTOMOVIL,2,0,0,0,0,0,0,0,0,0,0,0,0,2,37,HOMBRE,ILESO,CONDUCTOR PRESENTE,NO,NO,0
18658,62433,62434,2019,1,0,-0.324393,-78.554343,PICHINCHA,QUITO,QUITO,URBANA,2019-05-01,13:45:00,13,MIERCOLES,3,MAYO,5,SI,DEJAR O RECOGER PASAJEROS EN LUGARES NO PERMITIDOS.,CAIDA DE PASAJERO,BUS,0,0,1,0,0,0,0,0,0,0,0,0,0,1,25,MUJER,LESIONADO,PASAJERO,NO,NO,0
18659,62435,62436,2019,0,0,-0.251151,-78.524265,PICHINCHA,QUITO,QUITO,URBANA,2019-05-01,14:00:00,14,MIERCOLES,3,MAYO,5,SI,"CONDUCE BAJO LA INFLUENCIA DE ALCOHOL, SUSTANCIAS ESTUPEFACIENTES O PSICOTROPICAS Y/O MEDICAMENTOS.",ROZAMIENTOS,AUTOMOVIL,2,0,0,0,0,0,0,0,0,0,0,0,0,2,31,HOMBRE,ILESO,CONDUCTOR PRESENTE,NO,NO,0
18660,62437,62438,2019,0,0,-0.092106,-78.478848,PICHINCHA,QUITO,QUITO,URBANA,2019-05-01,14:45:00,14,MIERCOLES,3,MAYO,5,SI,NO CEDER EL DERECHO DE VIA O PREFERENCIA DE PASO A VEHICULOS.,CHOQUE LATERAL,AUTOMOVIL,2,0,0,0,0,0,0,0,0,0,0,0,0,2,26,HOMBRE,ILESO,CONDUCTOR PRESENTE,NO,NO,0
18661,62456,62457,2019,0,0,-0.266634,-78.544461,PICHINCHA,QUITO,QUITO,URBANA,2019-05-01,20:30:00,20,MIERCOLES,3,MAYO,5,SI,"CONDUCE BAJO LA INFLUENCIA DE ALCOHOL, SUSTANCIAS ESTUPEFACIENTES O PSICOTROPICAS Y/O MEDICAMENTOS.",CHOQUE LATERAL,AUTOMOVIL,2,0,0,0,0,0,0,0,0,0,0,0,0,2,32,HOMBRE,ILESO,CONDUCTOR PRESENTE,NO,NO,0
18662,62457,62458,2019,3,0,-0.104835,-78.471222,PICHINCHA,QUITO,QUITO,URBANA,2019-05-01,20:50:00,20,MIERCOLES,3,MAYO,5,SI,NO CEDER EL DERECHO DE VIA O PREFERENCIA DE PASO A VEHICULOS.,CHOQUE LATERAL,AUTOMOVIL,2,0,0,0,0,0,0,0,0,0,0,0,0,2,23,MUJER,LESIONADO,PASAJERO,NO,NO,0
18663,62461,62462,2019,0,0,-0.187785,-78.487661,PICHINCHA,QUITO,QUITO,URBANA,2019-05-01,21:31:00,21,MIERCOLES,3,MAYO,5,SI,CONDUCIR VEHICULO SUPERANDO LOS LIMITES MAXIMOS DE VELOCIDAD.,ESTRELLAMIENTOS,AUTOMOVIL,1,0,0,0,0,0,0,0,0,0,0,0,0,1,-1,NO IDENTIFICADO,NO IDENTIFICADO,CONDUCTOR AUSENTE,NO,NO,2
18664,62464,62465,2019,1,0,-0.084083,-78.435472,PICHINCHA,QUITO,CALDERON (CARAPUNGO),RURAL,2019-05-01,23:00:00,23,MIERCOLES,3,MAYO,5,SI,"CONDUCIR DESATENTO A LAS CONDICIONES DE TRANSITO (CELULAR, PANTALLAS DE VIDEO, COMIDA, MAQUILLAJE O CUALQUIER OTRO ELEMENTO DISTRACTOR).",PERDIDA DE CARRIL,MOTOCICLETA,0,0,0,0,0,0,0,0,1,0,0,0,0,1,34,HOMBRE,LESIONADO,CONDUCTOR PRESENTE,NO,NO,3
18665,62465,62466,2019,1,0,-0.208246,-78.513031,PICHINCHA,QUITO,QUITO,URBANA,2019-05-01,23:10:00,23,MIERCOLES,3,MAYO,5,SI,"CONDUCIR DESATENTO A LAS CONDICIONES DE TRANSITO (CELULAR, PANTALLAS DE VIDEO, COMIDA, MAQUILLAJE O CUALQUIER OTRO ELEMENTO DISTRACTOR).",CHOQUE POSTERIOR,AUTOMOVIL,2,0,0,0,0,0,0,0,0,0,0,0,0,2,15,MUJER,LESIONADO,PASAJERO,NO,NO,0
18666,62471,62472,2019,0,0,-0.105624,-78.484021,PICHINCHA,QUITO,QUITO,URBANA,2019-05-02,00:15:00,0,JUEVES,4,MAYO,5,SI,"CONDUCE BAJO LA INFLUENCIA DE ALCOHOL, SUSTANCIAS ESTUPEFACIENTES O PSICOTROPICAS Y/O MEDICAMENTOS.",ESTRELLAMIENTOS,AUTOMOVIL,1,0,0,0,0,0,0,0,0,0,0,0,0,1,39,HOMBRE,ILESO,CONDUCTOR PRESENTE,NO,NO,0