,Unnamed: 0,ID,ANIO,LESIONADOS,FALLECIDOS,LATITUD_Y,LONGITUD_X,PROVINCIA,CANTON,PARROQUIA,ZONA,FECHA,HORA,PERIODO_2,DIA_1,DIA_2,MES_1,MES_2,FERIADO,CAUSA_PROBABLE,TIPO_DE_SINIESTRO,TIPO_DE_VEHICULO_1,AUTOMOVIL,BICICLETA,BUS,CAMION,CAMIONETA,EMERGENCIAS,ESPECIAL,FURGONETA,MOTOCICLETA,NO_IDENTIFICADO,SCOOTER_ELECTRICO,TRICIMOTO,VEHICULO_DEPORTIVO_UTILITARIO,SUMA_DE_VEHICULOS,EDAD_1,SEXO_1,CONDICION_1,PARTICIPANTE_1,CASCO_1,CINTURON_1,KMeans_Cluster
18667,62475,62476,2019,0,0,-0.286559,-78.537388,PICHINCHA,QUITO,QUITO,URBANA,2019-05-02,01:50:00,1,JUEVES,4,MAYO,5,SI,CONDUCIR VEHICULO SUPERANDO LOS LIMITES MAXIMOS DE VELOCIDAD.,ESTRELLAMIENTOS,AUTOMOVIL,1,0,0,0,0,0,0,0,0,0,0,0,0,1,-1,NO IDENTIFICADO,NO IDENTIFICADO,CONDUCTOR AUSENTE,NO,NO,2
18668,62478,62479,2019,1,0,-0.242681,-78.497364,PICHINCHA,QUITO,QUITO,URBANA,2019-05-02,06:20:00,6,JUEVES,4,MAYO,5,SI,CONDUCIR VEHICULO SUPERANDO LOS LIMITES MAXIMOS DE VELOCIDAD.,COLISION,AUTOMOVIL,3,0,0,0,0,0,0,0,0,0,0,0,0,3,30,MUJER,LESIONADO,CONDUCTOR PRESENTE,NO,NO,2
18669,62481,62482,2019,1,0,-0.268811,-78.533271,PICHINCHA,QUITO,QUITO,URBANA,2019-05-02,07:10:00,7,JUEVES,4,MAYO,5,SI,"NO RESPETAR LAS SENIALES REGLAMENTARIAS DE TRANSITO. (PARE, CEDA EL PASO, LUZ ROJA DEL SEMAFORO, ETC).",CHOQUE LATERAL,NO IDENTIFICADO,0,0,0,0,0,0,0,0,0,2,0,0,0,2,63,HOMBRE,LESIONADO,CONDUCTOR PRESENTE,NO,NO,0
18670,62492,62493,2019,0,0,-0.186388,-78.495486,PICHINCHA,QUITO,QUITO,URBANA,2019-05-02,11:50:00,11,JUEVES,4,MAYO,5,SI,"ADELANTAR O REBASAR A OTRO VEHICULO EN MOVIMIENTO EN ZONAS O SITIOS PELIGROSOS TALES COMO: CURVAS, PUENTES, TUNELES, PENDIENTES, ETC.",CHOQUE LATERAL,CAMION,1,0,0,1,0,0,0,0,0,0,0,0,0,2,55,HOMBRE,ILESO,CONDUCTOR PRESENTE,NO,NO,0
18671,62521,62522,2019,1,0,-0.095915,-78.450505,PICHINCHA,QUITO,CALDERON (CARAPUNGO),RURAL,2019-05-02,19:40:00,19,JUEVES,4,MAYO,5,SI,"NO RESPETAR LAS SENIALES REGLAMENTARIAS DE TRANSITO. (PARE, CEDA EL PASO, LUZ ROJA DEL SEMAFORO, ETC).",CHOQUE LATERAL,AUTOMOVIL,1,0,0,0,0,0,0,0,1,0,0,0,0,2,51,HOMBRE,LESIONADO,CONDUCTOR PRESENTE,NO,NO,3
18672,62522,62523,2019,0,0,-0.282242,-78.558957,PICHINCHA,QUITO,QUITO,URBANA,2019-05-02,19:50:00,19,JUEVES,4,MAYO,5,SI,NO CEDER EL DERECHO DE VIA O PREFERENCIA DE PASO A VEHICULOS.,CHOQUE LATERAL,CAMIONETA,1,0,0,0,1,0,0,0,1,0,0,0,0,3,1,HOMBRE,ILESO,PASAJERO,NO,NO,0
18673,62524,62525,2019,1,1,0.011302,-78.485055,PICHINCHA,QUITO,SAN ANTONIO (QUITO),URBANA,2019-05-02,20:00:00,20,JUEVES,4,MAYO,5,SI,CONDUCIR VEHICULO SUPERANDO LOS LIMITES MAXIMOS DE VELOCIDAD.,CHOQUE LATERAL,MOTOCICLETA,0,0,0,0,1,0,0,0,1,0,0,0,0,2,25,HOMBRE,FALLECIDO,CONDUCTOR PRESENTE,NO,SI,0
18674,62528,62529,2019,0,0,-0.185623,-78.343085,PICHINCHA,QUITO,TABABELA,RURAL,2019-05-02,21:20:00,21,JUEVES,4,MAYO,5,SI,NO MANTENER LA DISTANCIA PRUDENCIAL CON RESPECTO AL VEHICULO QUE LE ANTECEDE.,COLISION,AUTOMOVIL,3,0,0,0,0,0,0,0,0,0,0,0,0,3,44,MUJER,ILESO,CONDUCTOR PRESENTE,NO,NO,3
18675,62532,62533,2019,0,0,-0.058111,-78.344101,PICHINCHA,QUITO,GUAYLLABAMBA,RURAL,2019-05-02,23:00:00,23,JUEVES,4,MAYO,5,SI,CONDUCIR VEHICULO SUPERANDO LOS LIMITES MAXIMOS DE VELOCIDAD.,ESTRELLAMIENTOS,AUTOMOVIL,1,0,0,0,0,0,0,0,0,0,0,0,0,1,-1,NO IDENTIFICADO,NO IDENTIFICADO,CONDUCTOR AUSENTE,NO,NO,2
18676,62538,62539,2019,3,0,-0.098885,-78.470687,PICHINCHA,QUITO,QUITO,URBANA,2019-05-03,00:30:00,0,VIERNES,5,MAYO,5,SI,"CONDUCE BAJO LA INFLUENCIA DE ALCOHOL, SUSTANCIAS ESTUPEFACIENTES O PSICOTROPICAS Y/O MEDICAMENTOS.",OTROS,FURGONETA,1,0,0,0,0,0,0,1,0,1,0,0,0,3,46,MUJER,LESIONADO,PASAJERO,NO,NO,0
18677,62541,62542,2019,2,0,-0.258156,-78.529528,PICHINCHA,QUITO,QUITO,URBANA,2019-05-03,00:45:00,0,VIERNES,5,MAYO,5,SI,"CONDUCIR EN ESTADO DE SOMNOLENCIA O MALAS CONDICIONES FISICAS (SUENIO, CANSANCIO Y FATIGA).",ESTRELLAMIENTOS,MOTOCICLETA,0,0,0,0,0,0,0,0,1,0,0,0,0,1,37,HOMBRE,LESIONADO,PASAJERO,NO,NO,0
18678,62542,62543,2019,0,1,-0.022611,-78.452139,PICHINCHA,QUITO,SAN ANTONIO (QUITO),RURAL,2019-05-03,01:00:00,1,VIERNES,5,MAYO,5,SI,CONDUCIR VEHICULO SUPERANDO LOS LIMITES MAXIMOS DE VELOCIDAD.,CHOQUE FRONTAL,MOTOCICLETA,0,0,0,0,0,0,0,0,1,0,0,0,0,1,24,HOMBRE,FALLECIDO,CONDUCTOR PRESENTE,NO,SI,3
18679,62543,62544,2019,0,1,-0.341031,-78.448781,PICHINCHA,RUMINIAHUI,SANGOLQUI,URBANA,2019-05-03,01:30:00,1,VIERNES,5,MAYO,5,SI,"CONDUCE BAJO LA INFLUENCIA DE ALCOHOL, SUSTANCIAS ESTUPEFACIENTES O PSICOTROPICAS Y/O MEDICAMENTOS.",CHOQUE FRONTAL,MOTOCICLETA,0,0,0,0,0,0,0,0,1,0,0,0,1,2,28,HOMBRE,FALLECIDO,CONDUCTOR PRESENTE,NO,SI,0
18680,62544,62545,2019,0,0,-0.159801,-78.483775,PICHINCHA,QUITO,QUITO,URBANA,2019-05-03,01:30:00,1,VIERNES,5,MAYO,5,SI,"CONDUCE BAJO LA INFLUENCIA DE ALCOHOL, SUSTANCIAS ESTUPEFACIENTES O PSICOTROPICAS Y/O MEDICAMENTOS.",ESTRELLAMIENTOS,AUTOMOVIL,2,0,0,0,0,0,0,0,0,0,0,0,0,2,29,HOMBRE,ILESO,CONDUCTOR PRESENTE,NO,NO,0
18681,62549,62550,2019,2,0,-0.204592,-78.455985,PICHINCHA,QUITO,QUITO,RURAL,2019-05-03,01:45:00,1,VIERNES,5,MAYO,5,SI,"CONDUCE BAJO LA INFLUENCIA DE ALCOHOL, SUSTANCIAS ESTUPEFACIENTES O PSICOTROPICAS Y/O MEDICAMENTOS.",CHOQUE POSTERIOR,CAMION,1,0,0,1,0,0,0,0,0,0,0,0,0,2,23,HOMBRE,LESIONADO,PASAJERO,NO,NO,3
18682,62550,62551,2019,1,0,-0.230489,-78.534608,PICHINCHA,QUITO,QUITO,URBANA,2019-05-03,03:00:00,3,VIERNES,5,MAYO,5,SI,DEJAR O RECOGER PASAJEROS EN LUGARES NO PERMITIDOS.,CAIDA DE PASAJERO,NO IDENTIFICADO,0,0,0,0,0,0,0,0,0,1,0,0,0,1,29,MUJER,LESIONADO,PASAJERO,NO,NO,0
18683,62553,62554,2019,0,0,-0.291144,-78.545957,PICHINCHA,QUITO,QUITO,URBANA,2019-05-03,03:30:00,3,VIERNES,5,MAYO,5,SI,NO CEDER EL DERECHO DE VIA O PREFERENCIA DE PASO A VEHICULOS.,CHOQUE LATERAL,AUTOMOVIL,1,0,0,1,0,0,0,0,0,0,0,0,0,2,47,HOMBRE,ILESO,CONDUCTOR PRESENTE,NO,NO,0
18684,62559,62560,2019,0,0,-0.099017,-78.473729,PICHINCHA,QUITO,QUITO,URBANA,2019-05-03,06:00:00,6,VIERNES,5,MAYO,5,SI,CONDUCIR VEHICULO SUPERANDO LOS LIMITES MAXIMOS DE VELOCIDAD.,ESTRELLAMIENTOS,AUTOMOVIL,1,0,0,0,0,0,0,0,0,0,0,0,0,1,-1,NO IDENTIFICADO,NO IDENTIFICADO,CONDUCTOR AUSENTE,NO,NO,2
18685,62570,62571,2019,0,0,-0.348548,-78.548944,PICHINCHA,QUITO,QUITO,URBANA,2019-05-03,10:00:00,10,VIERNES,5,MAYO,5,SI,NO MANTENER LA DISTANCIA PRUDENCIAL CON RESPECTO AL VEHICULO QUE LE ANTECEDE.,COLISION,AUTOMOVIL,2,0,1,0,0,0,0,0,0,0,0,0,0,3,44,HOMBRE,ILESO,CONDUCTOR PRESENTE,NO,NO,0
18686,62589,62590,2019,0,0,-0.085894,-78.510717,PICHINCHA,QUITO,QUITO,URBANA,2019-05-03,17:30:00,17,VIERNES,5,MAYO,5,SI,NO MANTENER LA DISTANCIA PRUDENCIAL CON RESPECTO AL VEHICULO QUE LE ANTECEDE.,CHOQUE POSTERIOR,AUTOMOVIL,2,0,0,0,0,0,0,0,0,0,0,0,0,2,27,HOMBRE,ILESO,CONDUCTOR PRESENTE,NO,NO,0
18687,62590,62591,2019,2,0,-0.273309,-78.568203,PICHINCHA,QUITO,QUITO,URBANA,2019-05-03,17:35:00,17,VIERNES,5,MAYO,5,SI,NO CEDER EL DERECHO DE VIA O PREFERENCIA DE PASO A VEHICULOS.,CHOQUE LATERAL,MOTOCICLETA,1,0,0,0,0,0,0,0,1,0,0,0,0,2,22,HOMBRE,LESIONADO,PASAJERO,NO,NO,0
18688,62600,62601,2019,0,0,-0.117893,-78.358046,PICHINCHA,QUITO,TABABELA,RURAL,2019-05-03,19:45:00,19,VIERNES,5,MAYO,5,SI,CONDUCIR VEHICULO SUPERANDO LOS LIMITES MAXIMOS DE VELOCIDAD.,CHOQUE LATERAL,AUTOMOVIL,1,0,0,0,1,0,0,0,0,0,0,0,0,2,25,MUJER,ILESO,PASAJERO,NO,NO,3
18689,62605,62606,2019,1,0,-0.112213,-78.474367,PICHINCHA,QUITO,QUITO,URBANA,2019-05-03,20:30:00,20,VIERNES,5,MAYO,5,SI,CONDUCIR VEHICULO SUPERANDO LOS LIMITES MAXIMOS DE VELOCIDAD.,PERDIDA DE CARRIL,CAMIONETA,0,0,0,0,1,0,0,0,0,0,0,0,0,1,-1,HOMBRE,LESIONADO,PASAJERO,NO,NO,0
18690,62608,62609,2019,1,0,-0.131336,-78.468168,PICHINCHA,QUITO,QUITO,URBANA,2019-05-03,21:05:00,21,VIERNES,5,MAYO,5,SI,"NO RESPETAR LAS SENIALES REGLAMENTARIAS DE TRANSITO. (PARE, CEDA EL PASO, LUZ ROJA DEL SEMAFORO, ETC).",CHOQUE LATERAL,AUTOMOVIL,1,0,0,0,0,0,0,0,1,0,0,0,0,2,35,HOMBRE,LESIONADO,CONDUCTOR PRESENTE,NO,NO,0
18691,62610,62611,2019,1,0,-0.254661,-78.515731,PICHINCHA,QUITO,QUITO,URBANA,2019-05-03,21:45:00,21,VIERNES,5,MAYO,5,SI,"CONDUCE BAJO LA INFLUENCIA DE ALCOHOL, SUSTANCIAS ESTUPEFACIENTES O PSICOTROPICAS Y/O MEDICAMENTOS.",ATROPELLOS,AUTOMOVIL,1,0,0,0,0,0,0,0,0,0,0,0,0,1,11,HOMBRE,LESIONADO,PEATON,NO,NO,0
18692,62618,62619,2019,0,0,-0.105583,-78.499743,PICHINCHA,QUITO,QUITO,URBANA,2019-05-04,01:10:00,1,SABADO,6,MAYO,5,SI,"CONDUCIR EN ESTADO DE SOMNOLENCIA O MALAS CONDICIONES FISICAS (SUENIO, CANSANCIO Y FATIGA).",ESTRELLAMIENTOS,AUTOMOVIL,1,0,0,0,0,0,0,0,0,0,0,0,0,1,30,HOMBRE,ILESO,CONDUCTOR PRESENTE,NO,NO,0
18693,62624,62625,2019,3,0,-0.099083,-78.421844,PICHINCHA,QUITO,CALDERON (CARAPUNGO),URBANA,2019-05-04,02:30:00,2,SABADO,6,MAYO,5,SI,"PRESENCIA DE AGENTES EXTERNOS EN LA VIA (AGUA, ACEITE, PIEDRA, LASTRE, ESCOMBROS, MADEROS, ETC.).",PERDIDA DE CARRIL,MOTOCICLETA,0,0,0,0,0,0,0,0,1,0,0,0,0,1,17,MUJER,LESIONADO,PASAJERO,NO,NO,0
18694,62625,62626,2019,0,0,-0.021146,-78.419122,PICHINCHA,QUITO,SAN ANTONIO (QUITO),RURAL,2019-05-04,02:30:00,2,SABADO,6,MAYO,5,SI,CONDUCIR VEHICULO SUPERANDO LOS LIMITES MAXIMOS DE VELOCIDAD.,ESTRELLAMIENTOS,AUTOMOVIL,1,0,0,0,0,0,0,0,0,0,0,0,0,1,51,HOMBRE,ILESO,CONDUCTOR PRESENTE,NO,NO,3
18695,62635,62636,2019,1,0,-0.271194,-78.551881,PICHINCHA,QUITO,QUITO,URBANA,2019-05-04,04:36:00,4,SABADO,6,MAYO,5,SI,NO CEDER EL DERECHO DE VIA O PREFERENCIA DE PASO A VEHICULOS.,CHOQUE LATERAL,MOTOCICLETA,0,0,0,0,0,0,0,0,1,1,0,0,0,2,24,HOMBRE,LESIONADO,CONDUCTOR PRESENTE,NO,NO,0
18696,62645,62646,2019,1,0,-0.128693,-78.471214,PICHINCHA,QUITO,QUITO,URBANA,2019-05-04,09:05:00,9,SABADO,6,MAYO,5,SI,"CONDUCE BAJO LA INFLUENCIA DE ALCOHOL, SUSTANCIAS ESTUPEFACIENTES O PSICOTROPICAS Y/O MEDICAMENTOS.",CHOQUE LATERAL,AUTOMOVIL,1,0,0,0,0,0,0,0,1,0,0,0,0,2,23,HOMBRE,LESIONADO,CONDUCTOR PRESENTE,NO,NO,0
18697,62646,62647,2019,0,0,-0.106567,-78.476473,PICHINCHA,QUITO,QUITO,URBANA,2019-05-04,09:50:00,9,SABADO,6,MAYO,5,SI,"CONDUCE BAJO LA INFLUENCIA DE ALCOHOL, SUSTANCIAS ESTUPEFACIENTES O PSICOTROPICAS Y/O MEDICAMENTOS.",CHOQUE POSTERIOR,AUTOMOVIL,1,0,0,0,1,0,0,0,0,0,0,0,0,2,60,HOMBRE,ILESO,CONDUCTOR PRESENTE,NO,NO,0
18698,62647,62648,2019,0,0,-0.318873,-78.552489,PICHINCHA,QUITO,QUITO,URBANA,2019-05-04,09:50:00,9,SABADO,6,MAYO,5,SI,NO CEDER EL DERECHO DE VIA O PREFERENCIA DE PASO A VEHICULOS.,CHOQUE LATERAL,BUS,1,0,1,0,0,0,0,0,0,0,0,0,0,2,35,HOMBRE,ILESO,CONDUCTOR PRESENTE,NO,NO,0
18699,62659,62660,2019,1,0,-0.265393,-78.546033,PICHINCHA,QUITO,QUITO,URBANA,2019-05-04,11:10:00,11,SABADO,6,MAYO,5,SI,NO CEDER EL DERECHO DE VIA O PREFERENCIA DE PASO AL PEATON.,ATROPELLOS,NO IDENTIFICADO,0,0,0,0,0,0,0,0,0,1,0,0,0,1,18,MUJER,LESIONADO,PEATON,NO,NO,0
18700,62661,62662,2019,1,0,-0.204361,-78.484481,PICHINCHA,QUITO,QUITO,URBANA,2019-05-04,12:55:00,12,SABADO,6,MAYO,5,SI,NO CEDER EL DERECHO DE VIA O PREFERENCIA DE PASO A VEHICULOS.,CHOQUE LATERAL,MOTOCICLETA,0,0,0,0,1,0,0,0,1,0,0,0,0,2,33,HOMBRE,LESIONADO,CONDUCTOR PRESENTE,NO,NO,0
18701,62662,62663,2019,1,0,-0.214473,-78.407145,PICHINCHA,QUITO,TUMBACO,RURAL,2019-05-04,13:33:00,13,SABADO,6,MAYO,5,SI,DEJAR O RECOGER PASAJEROS EN LUGARES NO PERMITIDOS.,CAIDA DE PASAJERO,BUS,0,0,1,0,0,0,0,0,0,0,0,0,0,1,38,MUJER,LESIONADO,PASAJERO,NO,NO,3
18702,62667,62668,2019,0,0,-0.196669,-78.466599,PICHINCHA,QUITO,QUITO,URBANA,2019-05-04,14:15:00,14,SABADO,6,MAYO,5,SI,CONDUCIR VEHICULO SUPERANDO LOS LIMITES MAXIMOS DE VELOCIDAD.,ESTRELLAMIENTOS,AUTOMOVIL,1,0,0,0,0,0,0,0,0,0,0,0,0,1,-1,NO IDENTIFICADO,NO IDENTIFICADO,CONDUCTOR AUSENTE,NO,NO,2
18703,62682,62683,2019,0,0,-0.133549,-78.500783,PICHINCHA,QUITO,QUITO,URBANA,2019-05-04,19:28:00,19,SABADO,6,MAYO,5,SI,NO CEDER EL DERECHO DE VIA O PREFERENCIA DE PASO A VEHICULOS.,CHOQUE LATERAL,CAMIONETA,0,0,0,0,2,0,0,0,0,0,0,0,0,2,30,MUJER,ILESO,CONDUCTOR PRESENTE,NO,NO,0
18704,62685,62686,2019,0,1,-0.445628,-78.664641,PICHINCHA,MEJIA,ALOAG,RURAL,2019-05-04,20:00:00,20,SABADO,6,MAYO,5,SI,"CONDICIONES AMBIENTALES Y/O ATMOSFERICAS (NIEBLA, NEBLINA, GRANIZO, LLUVIA).",ESTRELLAMIENTOS,VEHICULO DEPORTIVO UTILITARIO,1,0,0,0,0,0,0,0,0,0,0,0,1,2,-1,MUJER,FALLECIDO,CONDUCTOR PRESENTE,NO,SI,3
18705,62699,62700,2019,0,0,-0.299621,-78.524243,PICHINCHA,QUITO,QUITO,URBANA,2019-05-04,22:20:00,22,SABADO,6,MAYO,5,SI,"CONDUCE BAJO LA INFLUENCIA DE ALCOHOL, SUSTANCIAS ESTUPEFACIENTES O PSICOTROPICAS Y/O MEDICAMENTOS.",CHOQUE LATERAL,AUTOMOVIL,2,0,0,0,0,0,0,0,0,0,0,0,0,2,29,HOMBRE,ILESO,CONDUCTOR PRESENTE,NO,NO,0
18706,62700,62701,2019,1,0,-0.215402,-78.407051,PICHINCHA,QUITO,TUMBACO,URBANA,2019-05-04,23:00:00,23,SABADO,6,MAYO,5,SI,CONDUCIR VEHICULO SUPERANDO LOS LIMITES MAXIMOS DE VELOCIDAD.,PERDIDA DE CARRIL,MOTOCICLETA,0,0,0,0,0,0,0,0,1,0,0,0,0,1,27,HOMBRE,LESIONADO,CONDUCTOR PRESENTE,NO,NO,0
18707,62702,62703,2019,1,0,-0.238771,-78.531742,PICHINCHA,QUITO,QUITO,URBANA,2019-05-05,00:05:00,0,DOMINGO,7,MAYO,5,SI,"CONDUCE BAJO LA INFLUENCIA DE ALCOHOL, SUSTANCIAS ESTUPEFACIENTES O PSICOTROPICAS Y/O MEDICAMENTOS.",CHOQUE LATERAL,MOTOCICLETA,1,0,0,0,0,0,0,0,1,0,0,0,0,2,21,HOMBRE,LESIONADO,CONDUCTOR PRESENTE,NO,NO,0
18708,62704,62705,2019,0,0,-0.240223,-78.531309,PICHINCHA,QUITO,QUITO,URBANA,2019-05-05,01:05:00,1,DOMINGO,7,MAYO,5,SI,"NO RESPETAR LAS SENIALES REGLAMENTARIAS DE TRANSITO. (PARE, CEDA EL PASO, LUZ ROJA DEL SEMAFORO, ETC).",OTROS,MOTOCICLETA,0,0,0,0,0,0,0,0,1,0,0,0,0,1,-1,NO IDENTIFICADO,NO IDENTIFICADO,CONDUCTOR AUSENTE,NO,NO,2
18709,62707,62708,2019,0,0,-0.161208,-78.495838,PICHINCHA,QUITO,QUITO,URBANA,2019-05-05,02:30:00,2,DOMINGO,7,MAYO,5,SI,CONDUCIR VEHICULO SUPERANDO LOS LIMITES MAXIMOS DE VELOCIDAD.,ESTRELLAMIENTOS,AUTOMOVIL,1,0,0,0,0,0,0,0,0,0,0,0,0,1,-1,NO IDENTIFICADO,NO IDENTIFICADO,CONDUCTOR AUSENTE,NO,NO,2
18710,62708,62709,2019,1,0,-0.091585,-78.439052,PICHINCHA,QUITO,CALDERON (CARAPUNGO),RURAL,2019-05-05,03:00:00,3,DOMINGO,7,MAYO,5,SI,"CONDUCIR EN ESTADO DE SOMNOLENCIA O MALAS CONDICIONES FISICAS (SUENIO, CANSANCIO Y FATIGA).",CHOQUE POSTERIOR,AUTOMOVIL,1,0,0,0,0,0,0,0,0,1,0,0,0,2,46,HOMBRE,LESIONADO,CONDUCTOR PRESENTE,NO,NO,3
18711,62712,62713,2019,0,0,-0.108255,-78.461339,PICHINCHA,QUITO,CALDERON (CARAPUNGO),RURAL,2019-05-05,03:25:00,3,DOMINGO,7,MAYO,5,SI,"CONDUCIR EN ESTADO DE SOMNOLENCIA O MALAS CONDICIONES FISICAS (SUENIO, CANSANCIO Y FATIGA).",ESTRELLAMIENTOS,AUTOMOVIL,1,0,0,0,0,0,0,0,0,0,0,0,0,1,24,MUJER,ILESO,CONDUCTOR PRESENTE,NO,NO,3
18712,62715,62716,2019,2,0,0.046911,-78.219849,PICHINCHA,PEDRO MONCAYO,TABACUNDO,RURAL,2019-05-05,03:35:00,3,DOMINGO,7,MAYO,5,SI,"CONDUCIR DESATENTO A LAS CONDICIONES DE TRANSITO (CELULAR, PANTALLAS DE VIDEO, COMIDA, MAQUILLAJE O CUALQUIER OTRO ELEMENTO DISTRACTOR).",ESTRELLAMIENTOS,MOTOCICLETA,0,0,0,0,0,0,0,0,1,0,0,0,0,1,32,HOMBRE,LESIONADO,PASAJERO,NO,NO,3
18713,62720,62721,2019,0,0,-0.273825,-78.510216,PICHINCHA,QUITO,QUITO,URBANA,2019-05-05,04:30:00,4,DOMINGO,7,MAYO,5,SI,"CONDUCIR EN ESTADO DE SOMNOLENCIA O MALAS CONDICIONES FISICAS (SUENIO, CANSANCIO Y FATIGA).",ESTRELLAMIENTOS,AUTOMOVIL,1,0,0,0,0,0,0,0,0,0,0,0,0,1,31,HOMBRE,ILESO,CONDUCTOR PRESENTE,NO,NO,0
18714,62729,62730,2019,1,0,-0.250641,-78.538033,PICHINCHA,QUITO,QUITO,URBANA,2019-05-05,07:15:00,7,DOMINGO,7,MAYO,5,SI,NO CEDER EL DERECHO DE VIA O PREFERENCIA DE PASO AL PEATON.,ATROPELLOS,NO IDENTIFICADO,0,0,0,0,0,0,0,0,0,1,0,0,0,1,77,MUJER,LESIONADO,PEATON,NO,NO,0
18715,62736,62737,2019,0,0,-0.039874,-78.454811,PICHINCHA,QUITO,POMASQUI,RURAL,2019-05-05,08:15:00,8,DOMINGO,7,MAYO,5,SI,"CONDUCIR DESATENTO A LAS CONDICIONES DE TRANSITO (CELULAR, PANTALLAS DE VIDEO, COMIDA, MAQUILLAJE O CUALQUIER OTRO ELEMENTO DISTRACTOR).",PERDIDA DE PISTA,AUTOMOVIL,1,0,0,0,0,0,0,0,0,0,0,0,0,1,32,HOMBRE,ILESO,PASAJERO,NO,SI,3
18716,62737,62738,2019,0,0,-0.215393,-78.490727,PICHINCHA,QUITO,QUITO,URBANA,2019-05-05,09:24:00,9,DOMINGO,7,MAYO,5,SI,"CONDUCIR DESATENTO A LAS CONDICIONES DE TRANSITO (CELULAR, PANTALLAS DE VIDEO, COMIDA, MAQUILLAJE O CUALQUIER OTRO ELEMENTO DISTRACTOR).",ESTRELLAMIENTOS,AUTOMOVIL,1,0,0,0,0,0,0,0,0,0,0,0,0,1,50,HOMBRE,ILESO,CONDUCTOR PRESENTE,NO,NO,0
18717,62738,62739,2019,1,0,-0.178881,-78.465881,PICHINCHA,QUITO,QUITO,URBANA,2019-05-05,09:30:00,9,DOMINGO,7,MAYO,5,SI,NO CEDER EL DERECHO DE VIA O PREFERENCIA DE PASO AL PEATON.,ATROPELLOS,AUTOMOVIL,1,0,0,0,0,0,0,0,0,0,0,0,0,1,6,HOMBRE,LESIONADO,PEATON,NO,NO,0
18718,62741,62742,2019,1,0,-0.332421,-78.553865,PICHINCHA,QUITO,QUITO,URBANA,2019-05-05,10:30:00,10,DOMINGO,7,MAYO,5,SI,"NO RESPETAR LAS SENIALES REGLAMENTARIAS DE TRANSITO. (PARE, CEDA EL PASO, LUZ ROJA DEL SEMAFORO, ETC).",CHOQUE LATERAL,AUTOMOVIL,1,0,0,0,0,0,0,0,1,0,0,0,0,2,23,HOMBRE,LESIONADO,CONDUCTOR PRESENTE,NO,NO,0
18719,62748,62749,2019,1,0,-0.105102,-78.490818,PICHINCHA,QUITO,QUITO,URBANA,2019-05-05,13:25:00,13,DOMINGO,7,MAYO,5,SI,NO CEDER EL DERECHO DE VIA O PREFERENCIA DE PASO A VEHICULOS.,CHOQUE LATERAL,AUTOMOVIL,2,0,0,0,0,0,0,0,0,0,0,0,0,2,41,MUJER,LESIONADO,PASAJERO,NO,NO,0
18720,62749,62750,2019,0,0,-0.291361,-78.506556,PICHINCHA,QUITO,CONOCOTO,RURAL,2019-05-05,13:30:00,13,DOMINGO,7,MAYO,5,SI,"CONDUCE BAJO LA INFLUENCIA DE ALCOHOL, SUSTANCIAS ESTUPEFACIENTES O PSICOTROPICAS Y/O MEDICAMENTOS.",CHOQUE LATERAL,AUTOMOVIL,2,0,0,0,0,0,0,0,0,0,0,0,0,2,36,HOMBRE,ILESO,CONDUCTOR PRESENTE,NO,NO,3
18721,62752,62753,2019,0,0,-0.294427,-78.476892,PICHINCHA,QUITO,CONOCOTO,RURAL,2019-05-05,13:37:00,13,DOMINGO,7,MAYO,5,SI,"CONDUCIR DESATENTO A LAS CONDICIONES DE TRANSITO (CELULAR, PANTALLAS DE VIDEO, COMIDA, MAQUILLAJE O CUALQUIER OTRO ELEMENTO DISTRACTOR).",CHOQUE LATERAL,AUTOMOVIL,2,0,0,0,0,0,0,0,0,0,0,0,0,2,39,MUJER,ILESO,PASAJERO,NO,NO,3
18722,62754,62755,2019,0,1,-0.246392,-78.314375,PICHINCHA,QUITO,PIFO,RURAL,2019-05-05,13:45:00,13,DOMINGO,7,MAYO,5,SI,"CONDUCIR DESATENTO A LAS CONDICIONES DE TRANSITO (CELULAR, PANTALLAS DE VIDEO, COMIDA, MAQUILLAJE O CUALQUIER OTRO ELEMENTO DISTRACTOR).",VOLCAMIENTOS,MOTOCICLETA,0,0,0,0,0,0,0,0,1,0,0,0,0,1,48,HOMBRE,FALLECIDO,CONDUCTOR PRESENTE,NO,SI,3
18723,62760,62761,2019,1,0,-0.139788,-78.474622,PICHINCHA,QUITO,QUITO,URBANA,2019-05-05,15:00:00,15,DOMINGO,7,MAYO,5,SI,NO CEDER EL DERECHO DE VIA O PREFERENCIA DE PASO AL PEATON.,ATROPELLOS,MOTOCICLETA,0,0,0,0,0,0,0,0,1,0,0,0,0,1,28,MUJER,LESIONADO,PEATON,NO,NO,0
18724,62762,62763,2019,4,0,-0.299391,-78.544282,PICHINCHA,QUITO,QUITO,URBANA,2019-05-05,15:35:00,15,DOMINGO,7,MAYO,5,SI,REALIZAR CAMBIO BRUSCO O INDEBIDO DE CARRIL.,CHOQUE LATERAL,BUS,1,0,1,0,0,0,0,0,0,0,0,0,0,2,12,MUJER,LESIONADO,PASAJERO,NO,NO,0
18725,62778,62779,2019,0,0,-0.184056,-78.509297,PICHINCHA,QUITO,QUITO,URBANA,2019-05-05,19:15:00,19,DOMINGO,7,MAYO,5,SI,NO GUARDAR LA DISTANCIA LATERAL MINIMA DE SEGURIDAD ENTRE VEHICULOS.,ROZAMIENTOS,AUTOMOVIL,1,0,0,0,0,0,0,0,1,0,0,0,0,2,30,HOMBRE,ILESO,CONDUCTOR PRESENTE,NO,NO,0