,Unnamed: 0,ID,ANIO,LESIONADOS,FALLECIDOS,LATITUD_Y,LONGITUD_X,PROVINCIA,CANTON,PARROQUIA,ZONA,FECHA,HORA,PERIODO_2,DIA_1,DIA_2,MES_1,MES_2,FERIADO,CAUSA_PROBABLE,TIPO_DE_SINIESTRO,TIPO_DE_VEHICULO_1,AUTOMOVIL,BICICLETA,BUS,CAMION,CAMIONETA,EMERGENCIAS,ESPECIAL,FURGONETA,MOTOCICLETA,NO_IDENTIFICADO,SCOOTER_ELECTRICO,TRICIMOTO,VEHICULO_DEPORTIVO_UTILITARIO,SUMA_DE_VEHICULOS,EDAD_1,SEXO_1,CONDICION_1,PARTICIPANTE_1,CASCO_1,CINTURON_1,KMeans_Cluster
18726,62783,62784,2019,0,0,-0.283576,-78.535479,PICHINCHA,QUITO,QUITO,URBANA,2019-05-05,20:30:00,20,DOMINGO,7,MAYO,5,SI,"NO RESPETAR LAS SENIALES REGLAMENTARIAS DE TRANSITO. (PARE, CEDA EL PASO, LUZ ROJA DEL SEMAFORO, ETC).",CHOQUE LATERAL,AUTOMOVIL,2,0,0,0,0,0,0,0,0,0,0,0,0,2,30,HOMBRE,ILESO,CONDUCTOR PRESENTE,NO,NO,0
18727,62805,62806,2019,0,0,-0.250595,-78.534027,PICHINCHA,QUITO,QUITO,URBANA,2019-05-06,08:30:00,8,LUNES,1,MAYO,5,NO,"CONDUCE BAJO LA INFLUENCIA DE ALCOHOL, SUSTANCIAS ESTUPEFACIENTES O PSICOTROPICAS Y/O MEDICAMENTOS.",CHOQUE LATERAL,AUTOMOVIL,1,0,1,0,1,0,0,0,0,0,0,0,0,3,48,HOMBRE,ILESO,CONDUCTOR PRESENTE,NO,NO,0
18728,62811,62812,2019,0,0,-0.291706,-78.477204,PICHINCHA,QUITO,CONOCOTO,RURAL,2019-05-06,10:20:00,10,LUNES,1,MAYO,5,NO,NO GUARDAR LA DISTANCIA LATERAL MINIMA DE SEGURIDAD ENTRE VEHICULOS.,ROZAMIENTOS,BUS,0,0,1,0,1,0,0,0,0,0,0,0,0,2,40,HOMBRE,ILESO,CONDUCTOR PRESENTE,NO,NO,3
18729,62821,62822,2019,3,0,-0.290948,-78.474697,PICHINCHA,QUITO,CONOCOTO,RURAL,2019-05-06,14:07:00,14,LUNES,1,MAYO,5,NO,PEATON QUE CRUZA LA CALZADA SIN RESPETAR LA SENIALIZACION EXISTENTE (SEMAFOROS O SENIALES MANUALES).,ATROPELLOS,NO IDENTIFICADO,0,0,0,0,0,0,0,0,0,1,0,0,0,1,11,HOMBRE,LESIONADO,PEATON,NO,NO,3
18730,62829,62830,2019,2,0,-0.211667,-78.501353,PICHINCHA,QUITO,QUITO,URBANA,2019-05-06,17:00:00,17,LUNES,1,MAYO,5,NO,PEATON QUE CRUZA LA CALZADA SIN RESPETAR LA SENIALIZACION EXISTENTE (SEMAFOROS O SENIALES MANUALES).,ATROPELLOS,BUS,0,0,1,0,0,0,0,0,0,0,0,0,0,1,36,MUJER,LESIONADO,PEATON,NO,NO,0
18731,62836,62837,2019,2,0,-0.203644,-78.490504,PICHINCHA,QUITO,QUITO,URBANA,2019-05-06,18:00:00,18,LUNES,1,MAYO,5,NO,"NO RESPETAR LAS SENIALES REGLAMENTARIAS DE TRANSITO. (PARE, CEDA EL PASO, LUZ ROJA DEL SEMAFORO, ETC).",CHOQUE LATERAL,AUTOMOVIL,1,0,0,0,0,0,0,0,1,0,0,0,0,2,40,HOMBRE,LESIONADO,PASAJERO,SI,NO,0
18732,62839,62840,2019,1,1,-0.468675,-78.565787,PICHINCHA,MEJIA,MACHACHI,RURAL,2019-05-06,19:00:00,19,LUNES,1,MAYO,5,NO,"CONDUCIR DESATENTO A LAS CONDICIONES DE TRANSITO (CELULAR, PANTALLAS DE VIDEO, COMIDA, MAQUILLAJE O CUALQUIER OTRO ELEMENTO DISTRACTOR).",CHOQUE LATERAL,CAMIONETA,0,0,1,0,2,0,0,0,0,0,0,0,0,3,53,HOMBRE,FALLECIDO,CONDUCTOR PRESENTE,NO,SI,3
18733,62845,62846,2019,4,0,-0.212824,-78.402686,PICHINCHA,QUITO,TUMBACO,RURAL,2019-05-06,20:20:00,20,LUNES,1,MAYO,5,NO,REALIZAR CAMBIO BRUSCO O INDEBIDO DE CARRIL.,CHOQUE LATERAL,AUTOMOVIL,1,0,0,0,1,0,0,0,0,0,0,0,0,2,13,HOMBRE,LESIONADO,PASAJERO,NO,NO,3
18734,62848,62849,2019,0,0,-0.261768,-78.538399,PICHINCHA,QUITO,QUITO,URBANA,2019-05-06,21:05:00,21,LUNES,1,MAYO,5,NO,NO CEDER EL DERECHO DE VIA O PREFERENCIA DE PASO A VEHICULOS.,CHOQUE LATERAL,MOTOCICLETA,1,0,0,0,0,0,0,0,1,0,0,0,0,2,26,HOMBRE,ILESO,CONDUCTOR PRESENTE,NO,NO,0
18735,62849,62850,2019,0,0,-0.100003,-78.483174,PICHINCHA,QUITO,QUITO,URBANA,2019-05-06,23:00:00,23,LUNES,1,MAYO,5,NO,"CONDUCE BAJO LA INFLUENCIA DE ALCOHOL, SUSTANCIAS ESTUPEFACIENTES O PSICOTROPICAS Y/O MEDICAMENTOS.",ESTRELLAMIENTOS,AUTOMOVIL,1,0,0,0,0,0,0,0,0,0,0,0,0,1,23,HOMBRE,ILESO,CONDUCTOR PRESENTE,NO,NO,0
18736,62854,62855,2019,0,0,-0.204592,-78.455985,PICHINCHA,QUITO,QUITO,RURAL,2019-05-07,01:47:00,1,MARTES,2,MAYO,5,NO,"CONDUCIR EN ESTADO DE SOMNOLENCIA O MALAS CONDICIONES FISICAS (SUENIO, CANSANCIO Y FATIGA).",PERDIDA DE CARRIL,CAMION,0,0,0,1,0,0,0,0,0,0,0,0,0,1,-1,NO IDENTIFICADO,NO IDENTIFICADO,CONDUCTOR AUSENTE,NO,NO,2
18737,62865,62866,2019,0,0,-0.293641,-78.447654,PICHINCHA,QUITO,ALANGASI,RURAL,2019-05-07,08:20:00,8,MARTES,2,MAYO,5,NO,"CONDUCIR DESATENTO A LAS CONDICIONES DE TRANSITO (CELULAR, PANTALLAS DE VIDEO, COMIDA, MAQUILLAJE O CUALQUIER OTRO ELEMENTO DISTRACTOR).",CHOQUE LATERAL,AUTOMOVIL,2,0,0,0,0,0,0,0,0,0,0,0,0,2,5,HOMBRE,ILESO,PASAJERO,NO,NO,3
18738,62870,62871,2019,0,0,-0.181537,-78.481949,PICHINCHA,QUITO,QUITO,URBANA,2019-05-07,12:00:00,12,MARTES,2,MAYO,5,NO,NO MANTENER LA DISTANCIA PRUDENCIAL CON RESPECTO AL VEHICULO QUE LE ANTECEDE.,COLISION,AUTOMOVIL,2,0,0,0,1,0,0,0,0,0,0,0,0,3,44,HOMBRE,ILESO,CONDUCTOR PRESENTE,NO,NO,0
18739,62875,62876,2019,1,0,-0.282706,-78.554325,PICHINCHA,QUITO,QUITO,URBANA,2019-05-07,13:10:00,13,MARTES,2,MAYO,5,NO,NO CEDER EL DERECHO DE VIA O PREFERENCIA DE PASO AL PEATON.,ATROPELLOS,AUTOMOVIL,1,0,0,0,0,0,0,0,0,0,0,0,0,1,42,HOMBRE,LESIONADO,PEATON,NO,NO,0
18740,62880,62881,2019,1,0,-0.206523,-78.512161,PICHINCHA,QUITO,QUITO,URBANA,2019-05-07,14:00:00,14,MARTES,2,MAYO,5,NO,NO MANTENER LA DISTANCIA PRUDENCIAL CON RESPECTO AL VEHICULO QUE LE ANTECEDE.,CHOQUE POSTERIOR,AUTOMOVIL,1,0,0,0,0,0,0,0,1,0,0,0,0,2,26,HOMBRE,LESIONADO,CONDUCTOR PRESENTE,SI,NO,0
18741,62882,62883,2019,1,0,-0.170102,-78.480592,PICHINCHA,QUITO,QUITO,URBANA,2019-05-07,14:30:00,14,MARTES,2,MAYO,5,NO,"CONDUCIR DESATENTO A LAS CONDICIONES DE TRANSITO (CELULAR, PANTALLAS DE VIDEO, COMIDA, MAQUILLAJE O CUALQUIER OTRO ELEMENTO DISTRACTOR).",CHOQUE LATERAL,MOTOCICLETA,1,0,0,0,0,0,0,0,1,0,0,0,0,2,18,HOMBRE,LESIONADO,CONDUCTOR PRESENTE,NO,NO,0
18742,62886,62887,2019,0,0,-0.027611,-78.756409,PICHINCHA,SAN MIGUEL DE LOS BANCOS,MINDO,RURAL,2019-05-07,15:30:00,15,MARTES,2,MAYO,5,NO,"CONDICIONES AMBIENTALES Y/O ATMOSFERICAS (NIEBLA, NEBLINA, GRANIZO, LLUVIA).",VOLCAMIENTOS,CAMION,0,0,0,1,0,0,0,0,0,0,0,0,0,1,27,HOMBRE,ILESO,CONDUCTOR PRESENTE,NO,SI,3
18743,62891,62892,2019,0,0,-0.206048,-78.422227,PICHINCHA,QUITO,CUMBAYA,RURAL,2019-05-07,16:25:00,16,MARTES,2,MAYO,5,NO,"ADELANTAR O REBASAR A OTRO VEHICULO EN MOVIMIENTO EN ZONAS O SITIOS PELIGROSOS TALES COMO: CURVAS, PUENTES, TUNELES, PENDIENTES, ETC.",CHOQUE FRONTAL,AUTOMOVIL,1,0,0,1,0,0,0,0,0,0,0,0,0,2,19,HOMBRE,ILESO,CONDUCTOR PRESENTE,NO,NO,3
18744,62893,62894,2019,1,0,-0.242681,-78.497364,PICHINCHA,QUITO,QUITO,URBANA,2019-05-07,17:10:00,17,MARTES,2,MAYO,5,NO,NO TRANSITAR POR LAS ACERAS O ZONAS DE SEGURIDAD DESTINADAS PARA EL EFECTO.,ATROPELLOS,AUTOMOVIL,1,0,0,0,0,0,0,0,0,0,0,0,0,1,88,HOMBRE,LESIONADO,PEATON,NO,NO,0
18745,62904,62905,2019,1,0,-0.282706,-78.554325,PICHINCHA,QUITO,QUITO,URBANA,2019-05-07,20:00:00,20,MARTES,2,MAYO,5,NO,NO CEDER EL DERECHO DE VIA O PREFERENCIA DE PASO AL PEATON.,ATROPELLOS,NO IDENTIFICADO,0,0,0,0,0,0,0,0,0,1,0,0,0,1,36,HOMBRE,LESIONADO,PEATON,NO,NO,0
18746,62908,62909,2019,1,0,-0.295604,-78.561141,PICHINCHA,QUITO,QUITO,URBANA,2019-05-07,22:30:00,22,MARTES,2,MAYO,5,NO,NO CEDER EL DERECHO DE VIA O PREFERENCIA DE PASO A VEHICULOS.,CHOQUE LATERAL,MOTOCICLETA,1,0,0,0,0,0,0,0,1,0,0,0,0,2,20,HOMBRE,LESIONADO,CONDUCTOR PRESENTE,NO,NO,0
18747,62910,62911,2019,1,0,-0.241375,-78.517733,PICHINCHA,QUITO,QUITO,URBANA,2019-05-08,01:45:00,1,MIERCOLES,3,MAYO,5,NO,NO CEDER EL DERECHO DE VIA O PREFERENCIA DE PASO AL PEATON.,ATROPELLOS,NO IDENTIFICADO,0,0,0,0,0,0,0,0,0,1,0,0,0,1,23,HOMBRE,LESIONADO,PEATON,NO,NO,0
18748,62916,62917,2019,2,0,-0.239549,-78.529463,PICHINCHA,QUITO,QUITO,URBANA,2019-05-08,06:30:00,6,MIERCOLES,3,MAYO,5,NO,NO CEDER EL DERECHO DE VIA O PREFERENCIA DE PASO A VEHICULOS.,CHOQUE LATERAL,MOTOCICLETA,0,0,0,0,0,0,0,0,1,1,0,0,0,2,13,HOMBRE,LESIONADO,PASAJERO,NO,NO,0
18749,62924,62925,2019,0,0,-0.202667,-78.492462,PICHINCHA,QUITO,QUITO,URBANA,2019-05-08,09:00:00,9,MIERCOLES,3,MAYO,5,NO,"NO RESPETAR LAS SENIALES REGLAMENTARIAS DE TRANSITO. (PARE, CEDA EL PASO, LUZ ROJA DEL SEMAFORO, ETC).",CHOQUE LATERAL,AUTOMOVIL,2,0,0,0,0,0,0,0,0,0,0,0,0,2,36,HOMBRE,ILESO,CONDUCTOR PRESENTE,NO,NO,0
18750,62929,62930,2019,0,1,0.009838,-78.208237,PICHINCHA,CAYAMBE,CANGAHUA,RURAL,2019-05-08,09:50:00,9,MIERCOLES,3,MAYO,5,NO,"CONDUCIR DESATENTO A LAS CONDICIONES DE TRANSITO (CELULAR, PANTALLAS DE VIDEO, COMIDA, MAQUILLAJE O CUALQUIER OTRO ELEMENTO DISTRACTOR).",ATROPELLOS,AUTOMOVIL,1,0,0,0,0,0,0,0,0,0,0,0,0,1,9,HOMBRE,FALLECIDO,PEATON,NO,SI,3
18751,62932,62933,2019,0,0,-0.094321,-78.437221,PICHINCHA,QUITO,CALDERON (CARAPUNGO),RURAL,2019-05-08,11:00:00,11,MIERCOLES,3,MAYO,5,NO,NO MANTENER LA DISTANCIA PRUDENCIAL CON RESPECTO AL VEHICULO QUE LE ANTECEDE.,CHOQUE POSTERIOR,AUTOMOVIL,2,0,0,0,0,0,0,0,0,0,0,0,0,2,47,HOMBRE,ILESO,CONDUCTOR PRESENTE,NO,NO,3
18752,62938,62939,2019,0,0,-0.227324,-78.450086,PICHINCHA,QUITO,CUMBAYA,RURAL,2019-05-08,13:00:00,13,MIERCOLES,3,MAYO,5,NO,CONDUCIR VEHICULO SUPERANDO LOS LIMITES MAXIMOS DE VELOCIDAD.,COLISION,AUTOMOVIL,3,0,0,0,0,0,0,0,0,0,0,0,0,3,26,HOMBRE,ILESO,CONDUCTOR PRESENTE,NO,NO,3
18753,62947,62948,2019,0,0,-0.070157,-78.475635,PICHINCHA,QUITO,POMASQUI,RURAL,2019-05-08,17:00:00,17,MIERCOLES,3,MAYO,5,NO,"CONDUCIR DESATENTO A LAS CONDICIONES DE TRANSITO (CELULAR, PANTALLAS DE VIDEO, COMIDA, MAQUILLAJE O CUALQUIER OTRO ELEMENTO DISTRACTOR).",PERDIDA DE CARRIL,AUTOMOVIL,1,0,0,0,0,0,0,0,0,0,0,0,0,1,-1,NO IDENTIFICADO,NO IDENTIFICADO,CONDUCTOR AUSENTE,NO,NO,2
18754,62950,62951,2019,1,0,-0.096607,-78.440945,PICHINCHA,QUITO,CALDERON (CARAPUNGO),RURAL,2019-05-08,18:00:00,18,MIERCOLES,3,MAYO,5,NO,NO CEDER EL DERECHO DE VIA O PREFERENCIA DE PASO A VEHICULOS.,CHOQUE LATERAL,MOTOCICLETA,1,0,0,0,0,0,0,0,1,0,0,0,0,2,34,HOMBRE,LESIONADO,CONDUCTOR PRESENTE,NO,NO,3
18755,62957,62958,2019,3,0,-0.065951,-78.457691,PICHINCHA,QUITO,POMASQUI,RURAL,2019-05-08,20:30:00,20,MIERCOLES,3,MAYO,5,NO,"CONDUCIR DESATENTO A LAS CONDICIONES DE TRANSITO (CELULAR, PANTALLAS DE VIDEO, COMIDA, MAQUILLAJE O CUALQUIER OTRO ELEMENTO DISTRACTOR).",PERDIDA DE CARRIL,AUTOMOVIL,1,0,0,0,0,0,0,0,0,0,0,0,0,1,35,HOMBRE,LESIONADO,PASAJERO,NO,SI,3
18756,62961,62962,2019,0,0,-0.204388,-78.489991,PICHINCHA,QUITO,QUITO,URBANA,2019-05-08,22:05:00,22,MIERCOLES,3,MAYO,5,NO,CONDUCIR VEHICULO SUPERANDO LOS LIMITES MAXIMOS DE VELOCIDAD.,ESTRELLAMIENTOS,AUTOMOVIL,1,0,0,0,0,0,0,0,0,0,0,0,0,1,38,HOMBRE,ILESO,CONDUCTOR PRESENTE,NO,NO,0
18757,62963,62964,2019,1,0,-0.099508,-78.481507,PICHINCHA,QUITO,QUITO,URBANA,2019-05-08,23:20:00,23,MIERCOLES,3,MAYO,5,NO,NO MANTENER LA DISTANCIA PRUDENCIAL CON RESPECTO AL VEHICULO QUE LE ANTECEDE.,CHOQUE POSTERIOR,MOTOCICLETA,0,0,0,0,0,0,0,0,1,1,0,0,0,2,33,HOMBRE,LESIONADO,CONDUCTOR PRESENTE,NO,NO,0
18758,62967,62968,2019,1,0,-0.277624,-78.531251,PICHINCHA,QUITO,QUITO,URBANA,2019-05-09,01:00:00,1,JUEVES,4,MAYO,5,NO,NO CEDER EL DERECHO DE VIA O PREFERENCIA DE PASO A VEHICULOS.,CHOQUE LATERAL,AUTOMOVIL,1,0,0,0,0,0,0,0,0,1,0,0,0,2,46,HOMBRE,LESIONADO,CONDUCTOR PRESENTE,NO,NO,0
18759,62970,62971,2019,0,0,-0.331557,-78.464971,PICHINCHA,RUMINIAHUI,SANGOLQUI,URBANA,2019-05-09,03:03:00,3,JUEVES,4,MAYO,5,NO,"CASO FORTUITO O FUERZA MAYOR (EXPLOSION DE NEUMATICO NUEVO, DERRUMBE, INUNDACION, CAIDA DE PUENTE, ARBOL, PRESENCIA INTEMPESTIVA E IMPREVISTA DE SEMOVIENTES EN LA VIA, ETC.).",PERDIDA DE CARRIL,AUTOMOVIL,1,0,0,0,0,0,0,0,0,0,0,0,0,1,31,HOMBRE,ILESO,CONDUCTOR PRESENTE,NO,SI,0
18760,62971,62972,2019,2,0,-0.276981,-78.557221,PICHINCHA,QUITO,QUITO,URBANA,2019-05-09,04:40:00,4,JUEVES,4,MAYO,5,NO,"CONDUCIR EN ESTADO DE SOMNOLENCIA O MALAS CONDICIONES FISICAS (SUENIO, CANSANCIO Y FATIGA).",CHOQUE POSTERIOR,FURGONETA,0,0,1,0,0,0,0,1,0,0,0,0,0,2,36,HOMBRE,LESIONADO,PASAJERO,NO,NO,0
18761,62978,62979,2019,1,0,-0.242475,-78.497488,PICHINCHA,QUITO,QUITO,URBANA,2019-05-09,06:00:00,6,JUEVES,4,MAYO,5,NO,CONDUCIR VEHICULO SUPERANDO LOS LIMITES MAXIMOS DE VELOCIDAD.,COLISION,AUTOMOVIL,2,0,0,2,0,0,0,0,0,0,0,0,0,4,33,MUJER,LESIONADO,CONDUCTOR PRESENTE,NO,NO,0
18762,62980,62981,2019,1,0,-0.207958,-78.490206,PICHINCHA,QUITO,QUITO,URBANA,2019-05-09,06:50:00,6,JUEVES,4,MAYO,5,NO,NO MANTENER LA DISTANCIA PRUDENCIAL CON RESPECTO AL VEHICULO QUE LE ANTECEDE.,CHOQUE POSTERIOR,AUTOMOVIL,1,0,1,0,0,0,0,0,0,0,0,0,0,2,30,MUJER,LESIONADO,PASAJERO,NO,NO,0
18763,62984,62985,2019,1,0,-0.212824,-78.402686,PICHINCHA,QUITO,TUMBACO,RURAL,2019-05-09,07:15:00,7,JUEVES,4,MAYO,5,NO,NO TRANSITAR POR LAS ACERAS O ZONAS DE SEGURIDAD DESTINADAS PARA EL EFECTO.,ATROPELLOS,NO IDENTIFICADO,0,0,0,0,0,0,0,0,0,1,0,0,0,1,29,HOMBRE,LESIONADO,PEATON,NO,NO,3
18764,62985,62986,2019,0,0,-0.239048,-78.510436,PICHINCHA,QUITO,QUITO,URBANA,2019-05-09,07:30:00,7,JUEVES,4,MAYO,5,NO,NO CEDER EL DERECHO DE VIA O PREFERENCIA DE PASO A VEHICULOS.,CHOQUE LATERAL,AUTOMOVIL,1,0,1,0,0,0,0,0,0,0,0,0,0,2,32,HOMBRE,ILESO,CONDUCTOR PRESENTE,NO,NO,0
18765,62991,62992,2019,1,0,-0.151169,-78.474896,PICHINCHA,QUITO,QUITO,URBANA,2019-05-09,09:12:00,9,JUEVES,4,MAYO,5,NO,"NO RESPETAR LAS SENIALES REGLAMENTARIAS DE TRANSITO. (PARE, CEDA EL PASO, LUZ ROJA DEL SEMAFORO, ETC).",CHOQUE LATERAL,AUTOMOVIL,1,0,0,0,0,0,0,0,1,0,0,0,0,2,29,MUJER,LESIONADO,CONDUCTOR PRESENTE,NO,NO,0
18766,62998,62999,2019,1,0,-0.318674,-78.553884,PICHINCHA,QUITO,QUITO,URBANA,2019-05-09,11:00:00,11,JUEVES,4,MAYO,5,NO,NO CEDER EL DERECHO DE VIA O PREFERENCIA DE PASO A VEHICULOS.,CHOQUE LATERAL,MOTOCICLETA,0,0,0,0,1,0,0,0,1,0,0,0,0,2,32,HOMBRE,LESIONADO,CONDUCTOR PRESENTE,NO,NO,0
18767,63001,63002,2019,1,0,-0.238206,-78.529597,PICHINCHA,QUITO,QUITO,URBANA,2019-05-09,12:12:00,12,JUEVES,4,MAYO,5,NO,NO CEDER EL DERECHO DE VIA O PREFERENCIA DE PASO AL PEATON.,ATROPELLOS,AUTOMOVIL,1,0,1,0,0,0,0,0,0,0,0,0,0,2,71,MUJER,LESIONADO,PEATON,NO,NO,0
18768,63005,63006,2019,2,0,-0.279531,-78.558061,PICHINCHA,QUITO,QUITO,URBANA,2019-05-09,12:50:00,12,JUEVES,4,MAYO,5,NO,"NO RESPETAR LAS SENIALES REGLAMENTARIAS DE TRANSITO. (PARE, CEDA EL PASO, LUZ ROJA DEL SEMAFORO, ETC).",CHOQUE LATERAL,AUTOMOVIL,2,0,0,0,0,0,0,0,0,0,0,0,0,2,0,HOMBRE,LESIONADO,PASAJERO,NO,NO,0
18769,63007,63008,2019,2,0,-0.323661,-78.556475,PICHINCHA,QUITO,QUITO,URBANA,2019-05-09,13:50:00,13,JUEVES,4,MAYO,5,NO,NO CEDER EL DERECHO DE VIA O PREFERENCIA DE PASO AL PEATON.,ATROPELLOS,CAMIONETA,0,0,0,0,1,0,0,0,0,0,0,0,0,1,19,MUJER,LESIONADO,PEATON,NO,NO,0
18770,63014,63015,2019,0,0,-0.271766,-78.550331,PICHINCHA,QUITO,QUITO,URBANA,2019-05-09,16:15:00,16,JUEVES,4,MAYO,5,NO,"CONDICIONES AMBIENTALES Y/O ATMOSFERICAS (NIEBLA, NEBLINA, GRANIZO, LLUVIA).",CHOQUE LATERAL,MOTOCICLETA,0,0,0,0,0,0,0,0,1,1,0,0,0,2,23,HOMBRE,ILESO,CONDUCTOR PRESENTE,NO,NO,0
18771,63025,63026,2019,0,0,-0.118048,-78.495807,PICHINCHA,QUITO,QUITO,URBANA,2019-05-09,20:00:00,20,JUEVES,4,MAYO,5,NO,"NO RESPETAR LAS SENIALES REGLAMENTARIAS DE TRANSITO. (PARE, CEDA EL PASO, LUZ ROJA DEL SEMAFORO, ETC).",CHOQUE LATERAL,AUTOMOVIL,2,0,0,0,0,0,0,0,0,0,0,0,0,2,57,HOMBRE,ILESO,CONDUCTOR PRESENTE,NO,NO,0
18772,63027,63028,2019,0,1,-0.408211,-78.804829,PICHINCHA,MEJIA,MANUEL CORNEJO ASTORGA,RURAL,2019-05-09,21:30:00,21,JUEVES,4,MAYO,5,NO,"CONDUCIR DESATENTO A LAS CONDICIONES DE TRANSITO (CELULAR, PANTALLAS DE VIDEO, COMIDA, MAQUILLAJE O CUALQUIER OTRO ELEMENTO DISTRACTOR).",ESTRELLAMIENTOS,CAMION,0,0,0,3,0,0,0,0,0,0,0,0,0,3,30,HOMBRE,FALLECIDO,CONDUCTOR PRESENTE,NO,SI,3
18773,63039,63040,2019,0,0,-0.272254,-78.540269,PICHINCHA,QUITO,QUITO,URBANA,2019-05-10,05:43:00,5,VIERNES,5,MAYO,5,NO,"NO RESPETAR LAS SENIALES REGLAMENTARIAS DE TRANSITO. (PARE, CEDA EL PASO, LUZ ROJA DEL SEMAFORO, ETC).",CHOQUE LATERAL,AUTOMOVIL,2,0,0,0,0,0,0,0,0,0,0,0,0,2,33,HOMBRE,ILESO,CONDUCTOR PRESENTE,NO,NO,0
18774,63043,63044,2019,1,0,-0.237235,-78.526655,PICHINCHA,QUITO,QUITO,URBANA,2019-05-10,07:10:00,7,VIERNES,5,MAYO,5,NO,NO CEDER EL DERECHO DE VIA O PREFERENCIA DE PASO A VEHICULOS.,CHOQUE LATERAL,AUTOMOVIL,1,0,1,0,0,0,0,0,0,0,0,0,0,2,26,HOMBRE,LESIONADO,CONDUCTOR PRESENTE,NO,NO,0
18775,63048,63049,2019,1,0,-0.238111,-78.529084,PICHINCHA,QUITO,QUITO,URBANA,2019-05-10,08:30:00,8,VIERNES,5,MAYO,5,NO,REALIZAR CAMBIO BRUSCO O INDEBIDO DE CARRIL.,VOLCAMIENTOS,MOTOCICLETA,0,0,0,0,0,0,0,0,1,0,0,0,0,1,30,HOMBRE,LESIONADO,CONDUCTOR PRESENTE,NO,NO,0
18776,63051,63052,2019,1,0,-0.242405,-78.521401,PICHINCHA,QUITO,QUITO,URBANA,2019-05-10,09:10:00,9,VIERNES,5,MAYO,5,NO,"NO RESPETAR LAS SENIALES REGLAMENTARIAS DE TRANSITO. (PARE, CEDA EL PASO, LUZ ROJA DEL SEMAFORO, ETC).",OTROS,AUTOMOVIL,2,0,0,0,0,0,0,0,1,0,0,0,0,3,28,HOMBRE,LESIONADO,CONDUCTOR PRESENTE,NO,NO,0
18777,63053,63054,2019,0,0,-0.133554,-78.501956,PICHINCHA,QUITO,QUITO,URBANA,2019-05-10,10:15:00,10,VIERNES,5,MAYO,5,NO,NO MANTENER LA DISTANCIA PRUDENCIAL CON RESPECTO AL VEHICULO QUE LE ANTECEDE.,CHOQUE POSTERIOR,AUTOMOVIL,2,0,0,0,0,0,0,0,0,0,0,0,0,2,22,HOMBRE,ILESO,CONDUCTOR PRESENTE,NO,NO,0
18778,63073,63074,2019,2,0,-0.091211,-78.441414,PICHINCHA,QUITO,CALDERON (CARAPUNGO),RURAL,2019-05-10,19:40:00,19,VIERNES,5,MAYO,5,NO,PEATON QUE CRUZA LA CALZADA SIN RESPETAR LA SENIALIZACION EXISTENTE (SEMAFOROS O SENIALES MANUALES).,ATROPELLOS,MOTOCICLETA,0,0,0,0,0,0,0,0,1,0,0,0,0,1,29,MUJER,LESIONADO,PEATON,NO,NO,3
18779,63077,63078,2019,1,0,-0.113677,-78.474373,PICHINCHA,QUITO,QUITO,URBANA,2019-05-10,20:25:00,20,VIERNES,5,MAYO,5,NO,"CONDUCE BAJO LA INFLUENCIA DE ALCOHOL, SUSTANCIAS ESTUPEFACIENTES O PSICOTROPICAS Y/O MEDICAMENTOS.",CHOQUE LATERAL,AUTOMOVIL,2,0,0,0,0,0,0,0,0,0,0,0,0,2,53,MUJER,LESIONADO,CONDUCTOR PRESENTE,NO,NO,0
18780,63082,63083,2019,0,0,-0.238968,-78.540302,PICHINCHA,QUITO,QUITO,URBANA,2019-05-10,21:30:00,21,VIERNES,5,MAYO,5,NO,"CONDUCE BAJO LA INFLUENCIA DE ALCOHOL, SUSTANCIAS ESTUPEFACIENTES O PSICOTROPICAS Y/O MEDICAMENTOS.",CHOQUE LATERAL,AUTOMOVIL,2,0,0,0,0,0,0,0,0,0,0,0,0,2,31,HOMBRE,ILESO,CONDUCTOR PRESENTE,NO,NO,0
18781,63087,63088,2019,0,0,-0.188003,-78.491954,PICHINCHA,QUITO,QUITO,URBANA,2019-05-10,22:40:00,22,VIERNES,5,MAYO,5,NO,NO MANTENER LA DISTANCIA PRUDENCIAL CON RESPECTO AL VEHICULO QUE LE ANTECEDE.,CHOQUE POSTERIOR,AUTOMOVIL,2,0,0,0,0,0,0,0,0,0,0,0,0,2,30,HOMBRE,ILESO,CONDUCTOR PRESENTE,NO,NO,0
18782,63089,63090,2019,1,1,-0.226486,-78.339567,PICHINCHA,QUITO,PIFO,RURAL,2019-05-10,23:00:00,23,VIERNES,5,MAYO,5,NO,CONDUCIR VEHICULO SUPERANDO LOS LIMITES MAXIMOS DE VELOCIDAD.,VOLCAMIENTOS,CAMIONETA,0,0,0,0,1,0,0,0,0,0,0,0,0,1,40,HOMBRE,FALLECIDO,PASAJERO,NO,NO,3
18783,63096,63097,2019,0,1,-0.327385,-78.476814,PICHINCHA,RUMINIAHUI,SANGOLQUI,RURAL,2019-05-11,02:00:00,2,SABADO,6,MAYO,5,NO,"CONDUCIR EN ESTADO DE SOMNOLENCIA O MALAS CONDICIONES FISICAS (SUENIO, CANSANCIO Y FATIGA).",VOLCAMIENTOS,MOTOCICLETA,0,0,0,0,0,0,0,0,1,0,0,0,0,1,28,HOMBRE,FALLECIDO,CONDUCTOR PRESENTE,SI,NO,3