,Unnamed: 0,ID,ANIO,LESIONADOS,FALLECIDOS,LATITUD_Y,LONGITUD_X,PROVINCIA,CANTON,PARROQUIA,ZONA,FECHA,HORA,PERIODO_2,DIA_1,DIA_2,MES_1,MES_2,FERIADO,CAUSA_PROBABLE,TIPO_DE_SINIESTRO,TIPO_DE_VEHICULO_1,AUTOMOVIL,BICICLETA,BUS,CAMION,CAMIONETA,EMERGENCIAS,ESPECIAL,FURGONETA,MOTOCICLETA,NO_IDENTIFICADO,SCOOTER_ELECTRICO,TRICIMOTO,VEHICULO_DEPORTIVO_UTILITARIO,SUMA_DE_VEHICULOS,EDAD_1,SEXO_1,CONDICION_1,PARTICIPANTE_1,CASCO_1,CINTURON_1,KMeans_Cluster
18784,63102,63103,2019,0,0,-0.197511,-78.500475,PICHINCHA,QUITO,QUITO,URBANA,2019-05-11,03:45:00,3,SABADO,6,MAYO,5,NO,"CONDUCE BAJO LA INFLUENCIA DE ALCOHOL, SUSTANCIAS ESTUPEFACIENTES O PSICOTROPICAS Y/O MEDICAMENTOS.",CHOQUE LATERAL,AUTOMOVIL,2,0,0,0,0,0,0,0,0,0,0,0,0,2,29,HOMBRE,ILESO,CONDUCTOR PRESENTE,NO,NO,0
18785,63107,63108,2019,0,0,-0.281321,-78.494625,PICHINCHA,QUITO,CONOCOTO,RURAL,2019-05-11,05:35:00,5,SABADO,6,MAYO,5,NO,"CONDUCIR DESATENTO A LAS CONDICIONES DE TRANSITO (CELULAR, PANTALLAS DE VIDEO, COMIDA, MAQUILLAJE O CUALQUIER OTRO ELEMENTO DISTRACTOR).",ESTRELLAMIENTOS,AUTOMOVIL,1,0,0,0,0,0,0,0,0,0,0,0,0,1,35,HOMBRE,ILESO,CONDUCTOR PRESENTE,NO,NO,3
18786,63111,63112,2019,0,1,-0.237387,-78.484528,PICHINCHA,QUITO,QUITO,URBANA,2019-05-11,06:00:00,6,SABADO,6,MAYO,5,NO,CONDUCIR VEHICULO SUPERANDO LOS LIMITES MAXIMOS DE VELOCIDAD.,PERDIDA DE CARRIL,MOTOCICLETA,0,0,0,0,0,0,0,0,1,0,0,0,0,1,26,HOMBRE,FALLECIDO,CONDUCTOR PRESENTE,NO,NO,0
18787,63117,63118,2019,4,0,-0.111705,-78.507641,PICHINCHA,QUITO,QUITO,URBANA,2019-05-11,08:50:00,8,SABADO,6,MAYO,5,NO,"FALLA MECANICA EN LOS SISTEMAS Y/O NEUMATICOS (SISTEMA DE FRENOS, DIRECCION, ELECTRONICO O MECANICO).",VOLCAMIENTOS,CAMIONETA,0,0,0,0,1,0,0,0,0,0,0,0,0,1,11,HOMBRE,LESIONADO,PASAJERO,NO,NO,0
18788,63125,63126,2019,1,0,-0.062041,-78.376511,PICHINCHA,QUITO,GUAYLLABAMBA,RURAL,2019-05-11,12:30:00,12,SABADO,6,MAYO,5,NO,"CONDUCIR DESATENTO A LAS CONDICIONES DE TRANSITO (CELULAR, PANTALLAS DE VIDEO, COMIDA, MAQUILLAJE O CUALQUIER OTRO ELEMENTO DISTRACTOR).",PERDIDA DE PISTA,MOTOCICLETA,0,0,0,0,0,0,0,0,1,0,0,0,0,1,54,HOMBRE,LESIONADO,CONDUCTOR PRESENTE,NO,SI,3
18789,63134,63135,2019,0,1,-0.190709,-78.480868,PICHINCHA,QUITO,QUITO,URBANA,2019-05-11,15:45:00,15,SABADO,6,MAYO,5,NO,CONDUCIR VEHICULO SUPERANDO LOS LIMITES MAXIMOS DE VELOCIDAD.,ESTRELLAMIENTOS,MOTOCICLETA,0,0,0,0,0,0,0,0,1,0,0,0,0,1,27,HOMBRE,FALLECIDO,CONDUCTOR PRESENTE,NO,NO,0
18790,63135,63136,2019,1,0,-0.257793,-78.451644,PICHINCHA,QUITO,GUANGOPOLO,RURAL,2019-05-11,16:00:00,16,SABADO,6,MAYO,5,NO,NO TRANSITAR POR LAS ACERAS O ZONAS DE SEGURIDAD DESTINADAS PARA EL EFECTO.,ATROPELLOS,NO IDENTIFICADO,0,0,0,0,0,0,0,0,0,1,0,0,0,1,2,HOMBRE,LESIONADO,PEATON,NO,NO,3
18791,63138,63139,2019,2,0,-0.245705,-78.519529,PICHINCHA,QUITO,QUITO,URBANA,2019-05-11,16:25:00,16,SABADO,6,MAYO,5,NO,NO MANTENER LA DISTANCIA PRUDENCIAL CON RESPECTO AL VEHICULO QUE LE ANTECEDE.,CHOQUE POSTERIOR,MOTOCICLETA,1,0,0,0,0,0,0,0,1,0,0,0,0,2,27,MUJER,LESIONADO,PASAJERO,NO,NO,0
18792,63143,63144,2019,1,0,-0.165451,-78.476871,PICHINCHA,QUITO,QUITO,URBANA,2019-05-11,19:20:00,19,SABADO,6,MAYO,5,NO,NO CEDER EL DERECHO DE VIA O PREFERENCIA DE PASO A VEHICULOS.,CHOQUE LATERAL,MOTOCICLETA,0,0,0,1,0,0,0,0,1,0,0,0,0,2,32,HOMBRE,LESIONADO,CONDUCTOR PRESENTE,NO,NO,0
18793,63150,63151,2019,1,0,-0.352902,-78.555201,PICHINCHA,QUITO,QUITO,URBANA,2019-05-11,20:00:00,20,SABADO,6,MAYO,5,NO,NO TRANSITAR POR LAS ACERAS O ZONAS DE SEGURIDAD DESTINADAS PARA EL EFECTO.,ATROPELLOS,NO IDENTIFICADO,0,0,0,0,0,0,0,0,0,1,0,0,0,1,27,HOMBRE,LESIONADO,PEATON,NO,NO,0
18794,63164,63165,2019,0,0,-0.096164,-78.468848,PICHINCHA,QUITO,QUITO,URBANA,2019-05-11,22:02:00,22,SABADO,6,MAYO,5,NO,REALIZAR CAMBIO BRUSCO O INDEBIDO DE CARRIL.,CHOQUE LATERAL,AUTOMOVIL,1,0,0,0,1,0,0,0,0,0,0,0,0,2,33,HOMBRE,ILESO,CONDUCTOR PRESENTE,NO,NO,0
18795,63166,63167,2019,0,0,-0.217348,-78.508132,PICHINCHA,QUITO,QUITO,URBANA,2019-05-11,23:10:00,23,SABADO,6,MAYO,5,NO,"CONDUCE BAJO LA INFLUENCIA DE ALCOHOL, SUSTANCIAS ESTUPEFACIENTES O PSICOTROPICAS Y/O MEDICAMENTOS.",CHOQUE LATERAL,AUTOMOVIL,2,0,0,0,0,0,0,0,0,0,0,0,0,2,39,HOMBRE,ILESO,CONDUCTOR PRESENTE,NO,NO,0
18796,63169,63170,2019,2,0,-0.140621,-78.495153,PICHINCHA,QUITO,QUITO,URBANA,2019-05-12,00:05:00,0,DOMINGO,7,MAYO,5,NO,"CONDUCE BAJO LA INFLUENCIA DE ALCOHOL, SUSTANCIAS ESTUPEFACIENTES O PSICOTROPICAS Y/O MEDICAMENTOS.",CHOQUE LATERAL,AUTOMOVIL,1,0,0,0,1,0,0,0,0,0,0,0,0,2,62,MUJER,LESIONADO,PASAJERO,NO,NO,0
18797,63170,63171,2019,0,0,-0.163073,-78.462599,PICHINCHA,QUITO,QUITO,URBANA,2019-05-12,00:33:00,0,DOMINGO,7,MAYO,5,NO,"CONDUCIR DESATENTO A LAS CONDICIONES DE TRANSITO (CELULAR, PANTALLAS DE VIDEO, COMIDA, MAQUILLAJE O CUALQUIER OTRO ELEMENTO DISTRACTOR).",ESTRELLAMIENTOS,AUTOMOVIL,1,0,0,0,0,0,0,0,0,0,0,0,0,1,-1,NO IDENTIFICADO,NO IDENTIFICADO,CONDUCTOR AUSENTE,NO,NO,2
18798,63176,63177,2019,1,0,-0.099083,-78.421844,PICHINCHA,QUITO,CALDERON (CARAPUNGO),RURAL,2019-05-12,02:50:00,2,DOMINGO,7,MAYO,5,NO,"CONDUCIR EN ESTADO DE SOMNOLENCIA O MALAS CONDICIONES FISICAS (SUENIO, CANSANCIO Y FATIGA).",ESTRELLAMIENTOS,MOTOCICLETA,0,0,0,0,0,0,0,0,1,0,0,0,0,1,21,HOMBRE,LESIONADO,CONDUCTOR PRESENTE,NO,NO,3
18799,63181,63182,2019,2,0,-0.184611,-78.344977,PICHINCHA,QUITO,TABABELA,RURAL,2019-05-12,03:34:00,3,DOMINGO,7,MAYO,5,NO,"CONDUCE BAJO LA INFLUENCIA DE ALCOHOL, SUSTANCIAS ESTUPEFACIENTES O PSICOTROPICAS Y/O MEDICAMENTOS.",COLISION,AUTOMOVIL,1,0,0,0,1,0,0,1,0,0,0,0,0,3,43,MUJER,LESIONADO,PASAJERO,NO,NO,3
18800,63182,63183,2019,0,0,-0.211752,-78.440456,PICHINCHA,QUITO,CUMBAYA,RURAL,2019-05-12,03:50:00,3,DOMINGO,7,MAYO,5,NO,"CONDUCIR EN ESTADO DE SOMNOLENCIA O MALAS CONDICIONES FISICAS (SUENIO, CANSANCIO Y FATIGA).",ESTRELLAMIENTOS,CAMIONETA,0,0,0,0,1,0,0,0,0,0,0,0,0,1,58,HOMBRE,ILESO,CONDUCTOR PRESENTE,NO,NO,3
18801,63184,63185,2019,0,0,-0.189339,-78.476597,PICHINCHA,QUITO,QUITO,URBANA,2019-05-12,04:30:00,4,DOMINGO,7,MAYO,5,NO,"CONDUCIR EN ESTADO DE SOMNOLENCIA O MALAS CONDICIONES FISICAS (SUENIO, CANSANCIO Y FATIGA).",ESTRELLAMIENTOS,CAMIONETA,0,0,0,0,1,0,0,0,0,0,0,0,0,1,-1,NO IDENTIFICADO,NO IDENTIFICADO,CONDUCTOR AUSENTE,NO,NO,2
18802,63187,63188,2019,4,0,-0.108255,-78.466133,PICHINCHA,QUITO,QUITO,RURAL,2019-05-12,05:00:00,5,DOMINGO,7,MAYO,5,NO,CONDUCIR VEHICULO SUPERANDO LOS LIMITES MAXIMOS DE VELOCIDAD.,CHOQUE POSTERIOR,AUTOMOVIL,2,0,0,0,0,0,0,0,0,0,0,0,0,2,40,MUJER,LESIONADO,PASAJERO,NO,NO,3
18803,63189,63190,2019,0,0,-0.065972,-78.460937,PICHINCHA,QUITO,POMASQUI,RURAL,2019-05-12,05:10:00,5,DOMINGO,7,MAYO,5,NO,"CONDUCIR DESATENTO A LAS CONDICIONES DE TRANSITO (CELULAR, PANTALLAS DE VIDEO, COMIDA, MAQUILLAJE O CUALQUIER OTRO ELEMENTO DISTRACTOR).",PERDIDA DE CARRIL,AUTOMOVIL,1,0,0,0,0,0,0,0,0,0,0,0,0,1,-1,NO IDENTIFICADO,NO IDENTIFICADO,CONDUCTOR AUSENTE,NO,SI,2
18804,63193,63194,2019,1,0,-0.287051,-78.531139,PICHINCHA,QUITO,QUITO,URBANA,2019-05-12,06:30:00,6,DOMINGO,7,MAYO,5,NO,PEATON QUE CRUZA LA CALZADA SIN RESPETAR LA SENIALIZACION EXISTENTE (SEMAFOROS O SENIALES MANUALES).,ATROPELLOS,NO IDENTIFICADO,0,0,0,0,0,0,0,0,0,1,0,0,0,1,24,HOMBRE,LESIONADO,PEATON,NO,NO,0
18805,63194,63195,2019,4,0,-0.216154,-78.513897,PICHINCHA,QUITO,QUITO,URBANA,2019-05-12,06:30:00,6,DOMINGO,7,MAYO,5,NO,NO CEDER EL DERECHO DE VIA O PREFERENCIA DE PASO A VEHICULOS.,CHOQUE LATERAL,AUTOMOVIL,2,0,0,0,0,0,0,0,0,0,0,0,0,2,5,HOMBRE,LESIONADO,PASAJERO,NO,NO,0
18806,63197,63198,2019,2,1,-0.189479,-78.453468,PICHINCHA,QUITO,NAYON,RURAL,2019-05-12,06:50:00,6,DOMINGO,7,MAYO,5,NO,CONDUCIR VEHICULO SUPERANDO LOS LIMITES MAXIMOS DE VELOCIDAD.,ESTRELLAMIENTOS,AUTOMOVIL,1,0,0,0,0,0,0,0,0,0,0,0,0,1,69,MUJER,FALLECIDO,PASAJERO,NO,NO,3
18807,63205,63206,2019,0,0,-0.232483,-78.448305,PICHINCHA,QUITO,CUMBAYA,RURAL,2019-05-12,08:25:00,8,DOMINGO,7,MAYO,5,NO,"CONDICIONES AMBIENTALES Y/O ATMOSFERICAS (NIEBLA, NEBLINA, GRANIZO, LLUVIA).",ESTRELLAMIENTOS,AUTOMOVIL,1,0,0,0,0,0,0,0,0,0,0,0,0,1,31,HOMBRE,ILESO,CONDUCTOR PRESENTE,NO,NO,3
18808,63207,63208,2019,0,0,-0.088098,-78.476095,PICHINCHA,QUITO,QUITO,URBANA,2019-05-12,08:45:00,8,DOMINGO,7,MAYO,5,NO,"CONDUCE BAJO LA INFLUENCIA DE ALCOHOL, SUSTANCIAS ESTUPEFACIENTES O PSICOTROPICAS Y/O MEDICAMENTOS.",CHOQUE FRONTAL,AUTOMOVIL,2,0,0,0,0,0,0,0,0,0,0,0,0,2,75,MUJER,ILESO,PASAJERO,NO,NO,0
18809,63208,63209,2019,0,0,-0.119451,-78.506659,PICHINCHA,QUITO,QUITO,URBANA,2019-05-12,09:20:00,9,DOMINGO,7,MAYO,5,NO,NO MANTENER LA DISTANCIA PRUDENCIAL CON RESPECTO AL VEHICULO QUE LE ANTECEDE.,COLISION,AUTOMOVIL,4,0,0,0,0,0,0,0,0,0,0,0,0,4,32,HOMBRE,ILESO,CONDUCTOR PRESENTE,NO,NO,0
18810,63214,63215,2019,0,0,-0.284269,-78.518971,PICHINCHA,QUITO,QUITO,RURAL,2019-05-12,10:15:00,10,DOMINGO,7,MAYO,5,NO,NO MANTENER LA DISTANCIA PRUDENCIAL CON RESPECTO AL VEHICULO QUE LE ANTECEDE.,CHOQUE POSTERIOR,AUTOMOVIL,2,0,0,0,0,0,0,0,0,0,0,0,0,2,37,HOMBRE,ILESO,CONDUCTOR PRESENTE,NO,NO,3
18811,63220,63221,2019,1,0,-0.254415,-78.522299,PICHINCHA,QUITO,QUITO,URBANA,2019-05-12,12:30:00,12,DOMINGO,7,MAYO,5,NO,CONDUCIR VEHICULO SUPERANDO LOS LIMITES MAXIMOS DE VELOCIDAD.,CAIDA DE PASAJERO,BUS,0,0,1,0,0,0,0,0,0,0,0,0,0,1,63,MUJER,LESIONADO,PASAJERO,NO,NO,0
18812,63221,63222,2019,1,0,-0.391004,-78.543806,PICHINCHA,MEJIA,UYUMBICHO,RURAL,2019-05-12,12:40:00,12,DOMINGO,7,MAYO,5,NO,"CONDUCIR DESATENTO A LAS CONDICIONES DE TRANSITO (CELULAR, PANTALLAS DE VIDEO, COMIDA, MAQUILLAJE O CUALQUIER OTRO ELEMENTO DISTRACTOR).",CHOQUE LATERAL,AUTOMOVIL,1,0,1,0,0,0,0,0,0,0,0,0,0,2,45,HOMBRE,LESIONADO,CONDUCTOR PRESENTE,NO,SI,3
18813,63233,63234,2019,0,0,-0.064334,-78.429354,PICHINCHA,QUITO,CALDERON (CARAPUNGO),RURAL,2019-05-12,15:51:00,15,DOMINGO,7,MAYO,5,NO,"CONDUCE BAJO LA INFLUENCIA DE ALCOHOL, SUSTANCIAS ESTUPEFACIENTES O PSICOTROPICAS Y/O MEDICAMENTOS.",CHOQUE FRONTAL,AUTOMOVIL,1,0,0,0,1,0,0,0,0,0,0,0,0,2,80,MUJER,ILESO,PASAJERO,NO,NO,3
18814,63246,63247,2019,0,0,-0.241176,-78.518583,PICHINCHA,QUITO,QUITO,URBANA,2019-05-12,18:50:00,18,DOMINGO,7,MAYO,5,NO,"CONDUCE BAJO LA INFLUENCIA DE ALCOHOL, SUSTANCIAS ESTUPEFACIENTES O PSICOTROPICAS Y/O MEDICAMENTOS.",CHOQUE LATERAL,AUTOMOVIL,2,0,0,0,0,0,0,0,0,0,0,0,0,2,64,HOMBRE,ILESO,CONDUCTOR PRESENTE,NO,NO,0
18815,63248,63249,2019,0,0,-0.072259,-78.474766,PICHINCHA,QUITO,POMASQUI,RURAL,2019-05-12,19:20:00,19,DOMINGO,7,MAYO,5,NO,"CONDUCIR DESATENTO A LAS CONDICIONES DE TRANSITO (CELULAR, PANTALLAS DE VIDEO, COMIDA, MAQUILLAJE O CUALQUIER OTRO ELEMENTO DISTRACTOR).",CHOQUE POSTERIOR,AUTOMOVIL,1,0,0,0,0,0,0,0,0,0,0,0,2,3,61,HOMBRE,ILESO,CONDUCTOR PRESENTE,NO,SI,3
18816,63249,63250,2019,1,0,-0.232716,-78.503774,PICHINCHA,QUITO,QUITO,URBANA,2019-05-12,19:25:00,19,DOMINGO,7,MAYO,5,NO,"CONDUCIR DESATENTO A LAS CONDICIONES DE TRANSITO (CELULAR, PANTALLAS DE VIDEO, COMIDA, MAQUILLAJE O CUALQUIER OTRO ELEMENTO DISTRACTOR).",ESTRELLAMIENTOS,MOTOCICLETA,0,0,0,0,0,0,0,0,1,0,0,0,0,1,25,HOMBRE,LESIONADO,CONDUCTOR PRESENTE,NO,NO,0
18817,63260,63261,2019,5,0,-0.230594,-78.519867,PICHINCHA,QUITO,QUITO,URBANA,2019-05-12,20:45:00,20,DOMINGO,7,MAYO,5,NO,"ADELANTAR O REBASAR A OTRO VEHICULO EN MOVIMIENTO EN ZONAS O SITIOS PELIGROSOS TALES COMO: CURVAS, PUENTES, TUNELES, PENDIENTES, ETC.",CHOQUE FRONTAL,AUTOMOVIL,2,0,0,0,0,0,0,0,0,0,0,0,0,2,22,MUJER,LESIONADO,PASAJERO,NO,NO,0
18818,63264,63265,2019,0,0,-0.235295,-78.488181,PICHINCHA,QUITO,QUITO,URBANA,2019-05-12,22:00:00,22,DOMINGO,7,MAYO,5,NO,CONDUCIR VEHICULO SUPERANDO LOS LIMITES MAXIMOS DE VELOCIDAD.,PERDIDA DE CARRIL,AUTOMOVIL,1,0,0,0,0,0,0,0,0,0,0,0,0,1,-1,NO IDENTIFICADO,NO IDENTIFICADO,CONDUCTOR AUSENTE,NO,NO,2
18819,63271,63272,2019,2,0,-0.276147,-78.552391,PICHINCHA,QUITO,QUITO,URBANA,2019-05-13,00:15:00,0,LUNES,1,MAYO,5,NO,"NO RESPETAR LAS SENIALES REGLAMENTARIAS DE TRANSITO. (PARE, CEDA EL PASO, LUZ ROJA DEL SEMAFORO, ETC).",OTROS,MOTOCICLETA,0,0,0,0,0,0,0,0,1,1,0,0,0,2,20,HOMBRE,LESIONADO,PASAJERO,NO,NO,0
18820,63284,63285,2019,0,1,-0.177047,-78.328795,PICHINCHA,QUITO,YARUQUI,RURAL,2019-05-13,07:25:00,7,LUNES,1,MAYO,5,NO,"CONDUCIR DESATENTO A LAS CONDICIONES DE TRANSITO (CELULAR, PANTALLAS DE VIDEO, COMIDA, MAQUILLAJE O CUALQUIER OTRO ELEMENTO DISTRACTOR).",ATROPELLOS,CAMION,0,0,0,1,0,0,0,0,0,0,0,0,0,1,76,MUJER,FALLECIDO,PEATON,NO,SI,3
18821,63292,63293,2019,1,0,-0.099083,-78.421844,PICHINCHA,QUITO,CALDERON (CARAPUNGO),RURAL,2019-05-13,10:20:00,10,LUNES,1,MAYO,5,NO,NO CEDER EL DERECHO DE VIA O PREFERENCIA DE PASO AL PEATON.,ATROPELLOS,MOTOCICLETA,0,0,0,0,0,0,0,0,1,0,0,0,0,1,64,HOMBRE,LESIONADO,PEATON,NO,NO,3
18822,63296,63297,2019,0,0,-0.299621,-78.524243,PICHINCHA,QUITO,QUITO,URBANA,2019-05-13,11:30:00,11,LUNES,1,MAYO,5,NO,"ADELANTAR O REBASAR A OTRO VEHICULO EN MOVIMIENTO EN ZONAS O SITIOS PELIGROSOS TALES COMO: CURVAS, PUENTES, TUNELES, PENDIENTES, ETC.",CHOQUE LATERAL,AUTOMOVIL,1,0,0,0,1,0,0,0,0,0,0,0,0,2,38,HOMBRE,ILESO,CONDUCTOR PRESENTE,NO,NO,0
18823,63297,63298,2019,5,0,-0.199767,-78.428809,PICHINCHA,QUITO,CUMBAYA,RURAL,2019-05-13,11:30:00,11,LUNES,1,MAYO,5,NO,REALIZAR CAMBIO BRUSCO O INDEBIDO DE CARRIL.,CHOQUE LATERAL,AUTOMOVIL,1,0,0,0,1,0,0,0,0,0,0,0,0,2,24,HOMBRE,LESIONADO,CONDUCTOR PRESENTE,NO,NO,3
18824,63299,63300,2019,0,0,-0.171246,-78.470635,PICHINCHA,QUITO,QUITO,URBANA,2019-05-13,12:14:00,12,LUNES,1,MAYO,5,NO,NO MANTENER LA DISTANCIA PRUDENCIAL CON RESPECTO AL VEHICULO QUE LE ANTECEDE.,CHOQUE POSTERIOR,CAMIONETA,1,0,0,0,1,0,0,0,0,0,0,0,0,2,56,HOMBRE,ILESO,CONDUCTOR PRESENTE,NO,NO,0
18825,63300,63301,2019,0,0,-0.142041,-78.443217,PICHINCHA,QUITO,LLANO CHICO,RURAL,2019-05-13,12:18:00,12,LUNES,1,MAYO,5,NO,"CONDICIONES AMBIENTALES Y/O ATMOSFERICAS (NIEBLA, NEBLINA, GRANIZO, LLUVIA).",ESTRELLAMIENTOS,AUTOMOVIL,2,0,0,1,0,0,0,0,0,1,0,0,0,4,40,MUJER,ILESO,PASAJERO,NO,NO,3
18826,63301,63302,2019,0,0,-0.245278,-78.498167,PICHINCHA,QUITO,QUITO,URBANA,2019-05-13,12:55:00,12,LUNES,1,MAYO,5,NO,CONDUCIR VEHICULO SUPERANDO LOS LIMITES MAXIMOS DE VELOCIDAD.,ESTRELLAMIENTOS,CAMIONETA,0,0,0,1,1,0,0,0,0,0,0,0,0,2,49,HOMBRE,ILESO,CONDUCTOR PRESENTE,NO,NO,0
18827,63309,63310,2019,1,0,-0.244786,-78.513583,PICHINCHA,QUITO,QUITO,URBANA,2019-05-13,15:30:00,15,LUNES,1,MAYO,5,NO,NO CEDER EL DERECHO DE VIA O PREFERENCIA DE PASO AL PEATON.,ARROLLAMIENTOS,NO IDENTIFICADO,0,0,0,0,0,0,0,0,0,1,0,0,0,1,9,MUJER,LESIONADO,PEATON,NO,NO,0
18828,63319,63320,2019,1,0,0.044092,-78.155377,PICHINCHA,CAYAMBE,CAYAMBE,RURAL,2019-05-13,18:55:00,18,LUNES,1,MAYO,5,NO,"CONDUCIR DESATENTO A LAS CONDICIONES DE TRANSITO (CELULAR, PANTALLAS DE VIDEO, COMIDA, MAQUILLAJE O CUALQUIER OTRO ELEMENTO DISTRACTOR).",ATROPELLOS,NO IDENTIFICADO,0,0,0,0,0,0,0,0,0,1,0,0,0,1,13,HOMBRE,LESIONADO,PEATON,NO,SI,3
18829,63321,63322,2019,0,0,-0.171258,-78.486751,PICHINCHA,QUITO,QUITO,URBANA,2019-05-13,19:20:00,19,LUNES,1,MAYO,5,NO,REALIZAR CAMBIO BRUSCO O INDEBIDO DE CARRIL.,CHOQUE LATERAL,AUTOMOVIL,2,0,0,0,0,0,0,0,0,0,0,0,0,2,32,MUJER,ILESO,CONDUCTOR PRESENTE,NO,NO,0
18830,63336,63337,2019,1,0,-0.281546,-78.556523,PICHINCHA,QUITO,QUITO,URBANA,2019-05-14,05:30:00,5,MARTES,2,MAYO,5,NO,NO TRANSITAR POR LAS ACERAS O ZONAS DE SEGURIDAD DESTINADAS PARA EL EFECTO.,ATROPELLOS,NO IDENTIFICADO,0,0,0,0,0,0,0,0,0,1,0,0,0,1,60,HOMBRE,LESIONADO,PEATON,NO,NO,0
18831,63342,63343,2019,2,0,-0.160272,-78.481184,PICHINCHA,QUITO,QUITO,URBANA,2019-05-14,08:25:00,8,MARTES,2,MAYO,5,NO,"NO RESPETAR LAS SENIALES REGLAMENTARIAS DE TRANSITO. (PARE, CEDA EL PASO, LUZ ROJA DEL SEMAFORO, ETC).",CHOQUE LATERAL,AUTOMOVIL,2,0,0,0,0,0,0,0,0,0,0,0,0,2,29,MUJER,LESIONADO,PASAJERO,NO,NO,0
18832,63346,63347,2019,0,0,-0.273825,-78.510216,PICHINCHA,QUITO,QUITO,URBANA,2019-05-14,10:04:00,10,MARTES,2,MAYO,5,NO,NO MANTENER LA DISTANCIA PRUDENCIAL CON RESPECTO AL VEHICULO QUE LE ANTECEDE.,CHOQUE POSTERIOR,AUTOMOVIL,1,0,0,1,0,0,0,0,0,0,0,0,0,2,35,HOMBRE,ILESO,CONDUCTOR PRESENTE,NO,NO,0
18833,63347,63348,2019,1,0,-0.182997,-78.503721,PICHINCHA,QUITO,QUITO,URBANA,2019-05-14,10:20:00,10,MARTES,2,MAYO,5,NO,DEJAR O RECOGER PASAJEROS EN LUGARES NO PERMITIDOS.,CAIDA DE PASAJERO,NO IDENTIFICADO,0,0,0,0,0,0,0,0,0,1,0,0,0,1,28,HOMBRE,LESIONADO,PASAJERO,NO,NO,0
18834,63350,63351,2019,1,0,-0.176055,-78.472761,PICHINCHA,QUITO,QUITO,URBANA,2019-05-14,13:05:00,13,MARTES,2,MAYO,5,NO,NO MANTENER LA DISTANCIA PRUDENCIAL CON RESPECTO AL VEHICULO QUE LE ANTECEDE.,CHOQUE POSTERIOR,MOTOCICLETA,0,0,0,0,0,0,0,0,1,1,0,0,0,2,34,MUJER,LESIONADO,PASAJERO,NO,NO,0
18835,63352,63353,2019,0,0,-0.279239,-78.552753,PICHINCHA,QUITO,QUITO,URBANA,2019-05-14,13:27:00,13,MARTES,2,MAYO,5,NO,CONDUCIR VEHICULO SUPERANDO LOS LIMITES MAXIMOS DE VELOCIDAD.,CHOQUE POSTERIOR,MOTOCICLETA,0,0,0,0,1,0,0,0,1,0,0,0,0,2,19,MUJER,ILESO,PASAJERO,NO,NO,0
18836,63362,63363,2019,2,1,-0.099083,-78.421844,PICHINCHA,QUITO,CALDERON (CARAPUNGO),RURAL,2019-05-14,15:30:00,15,MARTES,2,MAYO,5,NO,CONDUCIR VEHICULO SUPERANDO LOS LIMITES MAXIMOS DE VELOCIDAD.,ESTRELLAMIENTOS,AUTOMOVIL,1,0,1,0,0,0,0,0,1,0,0,0,0,3,25,MUJER,FALLECIDO,PASAJERO,NO,NO,3
18837,63369,63370,2019,1,0,-0.252168,-78.539221,PICHINCHA,QUITO,QUITO,URBANA,2019-05-14,17:40:00,17,MARTES,2,MAYO,5,NO,NO TRANSITAR POR LAS ACERAS O ZONAS DE SEGURIDAD DESTINADAS PARA EL EFECTO.,ATROPELLOS,NO IDENTIFICADO,0,0,0,0,0,0,0,0,0,1,0,0,0,1,13,HOMBRE,LESIONADO,PEATON,NO,NO,0
18838,63374,63375,2019,1,0,-0.271991,-78.529167,PICHINCHA,QUITO,QUITO,URBANA,2019-05-14,19:15:00,19,MARTES,2,MAYO,5,NO,DEJAR O RECOGER PASAJEROS EN LUGARES NO PERMITIDOS.,CAIDA DE PASAJERO,NO IDENTIFICADO,0,0,0,0,0,0,0,0,0,1,0,0,0,1,14,HOMBRE,LESIONADO,PASAJERO,NO,NO,0
18839,63375,63376,2019,0,0,-0.259465,-78.551371,PICHINCHA,QUITO,QUITO,URBANA,2019-05-14,19:20:00,19,MARTES,2,MAYO,5,NO,"CONDUCE BAJO LA INFLUENCIA DE ALCOHOL, SUSTANCIAS ESTUPEFACIENTES O PSICOTROPICAS Y/O MEDICAMENTOS.",CHOQUE FRONTAL,CAMIONETA,0,0,0,0,2,0,0,0,0,0,0,0,0,2,40,HOMBRE,ILESO,CONDUCTOR PRESENTE,NO,NO,0
18840,63379,63380,2019,0,0,-0.275506,-78.555167,PICHINCHA,QUITO,QUITO,URBANA,2019-05-14,22:30:00,22,MARTES,2,MAYO,5,NO,"NO RESPETAR LAS SENIALES REGLAMENTARIAS DE TRANSITO. (PARE, CEDA EL PASO, LUZ ROJA DEL SEMAFORO, ETC).",CHOQUE LATERAL,AUTOMOVIL,2,0,0,0,0,0,0,0,0,0,0,0,0,2,23,HOMBRE,ILESO,CONDUCTOR PRESENTE,NO,NO,0
18841,63388,63389,2019,0,0,-0.267229,-78.527199,PICHINCHA,QUITO,QUITO,URBANA,2019-05-15,05:59:00,5,MIERCOLES,3,MAYO,5,NO,NO GUARDAR LA DISTANCIA LATERAL MINIMA DE SEGURIDAD ENTRE VEHICULOS.,CHOQUE LATERAL,BUS,0,0,1,0,1,0,0,0,0,0,0,0,0,2,39,HOMBRE,ILESO,CONDUCTOR PRESENTE,NO,NO,0