,Unnamed: 0,ID,ANIO,LESIONADOS,FALLECIDOS,LATITUD_Y,LONGITUD_X,PROVINCIA,CANTON,PARROQUIA,ZONA,FECHA,HORA,PERIODO_2,DIA_1,DIA_2,MES_1,MES_2,FERIADO,CAUSA_PROBABLE,TIPO_DE_SINIESTRO,TIPO_DE_VEHICULO_1,AUTOMOVIL,BICICLETA,BUS,CAMION,CAMIONETA,EMERGENCIAS,ESPECIAL,FURGONETA,MOTOCICLETA,NO_IDENTIFICADO,SCOOTER_ELECTRICO,TRICIMOTO,VEHICULO_DEPORTIVO_UTILITARIO,SUMA_DE_VEHICULOS,EDAD_1,SEXO_1,CONDICION_1,PARTICIPANTE_1,CASCO_1,CINTURON_1,KMeans_Cluster
18842,63390,63391,2019,1,0,-0.286229,-78.563741,PICHINCHA,QUITO,QUITO,URBANA,2019-05-15,06:10:00,6,MIERCOLES,3,MAYO,5,NO,"NO RESPETAR LAS SENIALES REGLAMENTARIAS DE TRANSITO. (PARE, CEDA EL PASO, LUZ ROJA DEL SEMAFORO, ETC).",ATROPELLOS,AUTOMOVIL,1,0,0,0,0,0,0,0,0,0,0,0,0,1,8,HOMBRE,LESIONADO,PEATON,NO,NO,0
18843,63397,63398,2019,1,0,-0.271125,-78.551998,PICHINCHA,QUITO,QUITO,URBANA,2019-05-15,09:55:00,9,MIERCOLES,3,MAYO,5,NO,"NO RESPETAR LAS SENIALES REGLAMENTARIAS DE TRANSITO. (PARE, CEDA EL PASO, LUZ ROJA DEL SEMAFORO, ETC).",CHOQUE LATERAL,MOTOCICLETA,0,0,0,0,1,0,0,0,1,0,0,0,0,2,29,HOMBRE,LESIONADO,CONDUCTOR PRESENTE,NO,NO,0
18844,63401,63402,2019,1,0,-0.358481,-78.480353,PICHINCHA,QUITO,AMAGUANIA,RURAL,2019-05-15,11:25:00,11,MIERCOLES,3,MAYO,5,NO,DEJAR O RECOGER PASAJEROS EN LUGARES NO PERMITIDOS.,CAIDA DE PASAJERO,BUS,0,0,1,0,0,0,0,0,0,0,0,0,0,1,66,MUJER,LESIONADO,PASAJERO,NO,NO,3
18845,63402,63403,2019,1,0,-0.346416,-78.441551,PICHINCHA,RUMINIAHUI,SANGOLQUI,URBANA,2019-05-15,11:30:00,11,MIERCOLES,3,MAYO,5,NO,"CONDUCIR DESATENTO A LAS CONDICIONES DE TRANSITO (CELULAR, PANTALLAS DE VIDEO, COMIDA, MAQUILLAJE O CUALQUIER OTRO ELEMENTO DISTRACTOR).",ATROPELLOS,CAMION,0,0,0,1,0,0,0,0,0,0,0,0,0,1,70,HOMBRE,LESIONADO,PEATON,NO,SI,0
18846,63408,63409,2019,0,0,-0.091585,-78.439052,PICHINCHA,QUITO,CALDERON (CARAPUNGO),RURAL,2019-05-15,14:35:00,14,MIERCOLES,3,MAYO,5,NO,"CONDUCIR DESATENTO A LAS CONDICIONES DE TRANSITO (CELULAR, PANTALLAS DE VIDEO, COMIDA, MAQUILLAJE O CUALQUIER OTRO ELEMENTO DISTRACTOR).",ESTRELLAMIENTOS,AUTOMOVIL,1,0,1,0,1,0,0,0,0,0,0,0,0,3,22,HOMBRE,ILESO,CONDUCTOR PRESENTE,NO,NO,3
18847,63419,63420,2019,1,0,-0.285961,-78.440097,PICHINCHA,QUITO,ALANGASI,RURAL,2019-05-15,19:00:00,19,MIERCOLES,3,MAYO,5,NO,"CONDUCE BAJO LA INFLUENCIA DE ALCOHOL, SUSTANCIAS ESTUPEFACIENTES O PSICOTROPICAS Y/O MEDICAMENTOS.",CHOQUE POSTERIOR,AUTOMOVIL,2,0,0,0,0,0,0,0,0,0,0,0,0,2,66,HOMBRE,LESIONADO,CONDUCTOR PRESENTE,NO,NO,3
18848,63430,63431,2019,1,0,-0.099083,-78.421844,PICHINCHA,QUITO,CALDERON (CARAPUNGO),RURAL,2019-05-16,01:40:00,1,JUEVES,4,MAYO,5,NO,"CONDUCIR EN ESTADO DE SOMNOLENCIA O MALAS CONDICIONES FISICAS (SUENIO, CANSANCIO Y FATIGA).",PERDIDA DE CARRIL,MOTOCICLETA,0,0,0,0,0,0,0,0,1,0,0,0,0,1,21,HOMBRE,LESIONADO,CONDUCTOR PRESENTE,NO,NO,3
18849,63439,63440,2019,0,0,-0.271991,-78.529167,PICHINCHA,QUITO,QUITO,URBANA,2019-05-16,06:25:00,6,JUEVES,4,MAYO,5,NO,NO MANTENER LA DISTANCIA PRUDENCIAL CON RESPECTO AL VEHICULO QUE LE ANTECEDE.,CHOQUE POSTERIOR,CAMIONETA,1,0,0,0,1,0,0,0,0,0,0,0,0,2,41,HOMBRE,ILESO,CONDUCTOR PRESENTE,NO,NO,0
18850,63450,63451,2019,0,0,-0.162847,-78.478474,PICHINCHA,QUITO,QUITO,URBANA,2019-05-16,08:20:00,8,JUEVES,4,MAYO,5,NO,NO MANTENER LA DISTANCIA PRUDENCIAL CON RESPECTO AL VEHICULO QUE LE ANTECEDE.,CHOQUE POSTERIOR,AUTOMOVIL,1,0,1,0,0,0,0,0,0,0,0,0,0,2,34,HOMBRE,ILESO,CONDUCTOR PRESENTE,NO,NO,0
18851,63454,63455,2019,0,0,-0.165451,-78.476847,PICHINCHA,QUITO,QUITO,URBANA,2019-05-16,09:30:00,9,JUEVES,4,MAYO,5,NO,NO CEDER EL DERECHO DE VIA O PREFERENCIA DE PASO A VEHICULOS.,CHOQUE LATERAL,AUTOMOVIL,2,0,0,0,0,0,0,0,0,0,0,0,0,2,39,HOMBRE,ILESO,CONDUCTOR PRESENTE,NO,NO,0
18852,63465,63466,2019,1,0,-0.249098,-78.536736,PICHINCHA,QUITO,QUITO,URBANA,2019-05-16,14:20:00,14,JUEVES,4,MAYO,5,NO,NO CEDER EL DERECHO DE VIA O PREFERENCIA DE PASO AL PEATON.,ATROPELLOS,AUTOMOVIL,1,0,0,0,0,0,0,0,0,0,0,0,0,1,17,MUJER,LESIONADO,PEATON,NO,NO,0
18853,63466,63467,2019,0,0,-0.236974,-78.487124,PICHINCHA,QUITO,QUITO,RURAL,2019-05-16,15:20:00,15,JUEVES,4,MAYO,5,NO,NO MANTENER LA DISTANCIA PRUDENCIAL CON RESPECTO AL VEHICULO QUE LE ANTECEDE.,CHOQUE POSTERIOR,AUTOMOVIL,2,0,0,0,0,0,0,0,0,0,0,0,0,2,28,HOMBRE,ILESO,CONDUCTOR PRESENTE,NO,NO,3
18854,63470,63471,2019,0,0,-0.265625,-78.541403,PICHINCHA,QUITO,QUITO,URBANA,2019-05-16,16:15:00,16,JUEVES,4,MAYO,5,NO,NO CEDER EL DERECHO DE VIA O PREFERENCIA DE PASO A VEHICULOS.,CHOQUE LATERAL,AUTOMOVIL,2,0,0,0,0,0,0,0,0,0,0,0,0,2,53,HOMBRE,ILESO,CONDUCTOR PRESENTE,NO,NO,0
18855,63477,63478,2019,0,0,-0.197511,-78.500475,PICHINCHA,QUITO,QUITO,URBANA,2019-05-16,17:59:00,17,JUEVES,4,MAYO,5,NO,"CONDUCIR DESATENTO A LAS CONDICIONES DE TRANSITO (CELULAR, PANTALLAS DE VIDEO, COMIDA, MAQUILLAJE O CUALQUIER OTRO ELEMENTO DISTRACTOR).",ESTRELLAMIENTOS,AUTOMOVIL,1,0,0,0,0,0,0,0,0,0,0,0,0,1,39,HOMBRE,ILESO,CONDUCTOR PRESENTE,NO,NO,0
18856,63478,63479,2019,0,0,-0.140439,-78.477904,PICHINCHA,QUITO,QUITO,URBANA,2019-05-16,18:20:00,18,JUEVES,4,MAYO,5,NO,NO CEDER EL DERECHO DE VIA O PREFERENCIA DE PASO A VEHICULOS.,CHOQUE LATERAL,AUTOMOVIL,2,0,0,0,0,0,0,0,0,0,0,0,0,2,27,HOMBRE,ILESO,CONDUCTOR PRESENTE,NO,NO,0
18857,63486,63487,2019,3,0,-0.251951,-78.536611,PICHINCHA,QUITO,QUITO,URBANA,2019-05-16,19:40:00,19,JUEVES,4,MAYO,5,NO,PEATON QUE CRUZA LA CALZADA SIN RESPETAR LA SENIALIZACION EXISTENTE (SEMAFOROS O SENIALES MANUALES).,ATROPELLOS,MOTOCICLETA,0,0,0,0,0,0,0,0,1,0,0,0,0,1,30,HOMBRE,LESIONADO,PASAJERO,NO,NO,0
18858,63491,63492,2019,0,0,-0.282706,-78.554325,PICHINCHA,QUITO,QUITO,URBANA,2019-05-16,20:40:00,20,JUEVES,4,MAYO,5,NO,NO MANTENER LA DISTANCIA PRUDENCIAL CON RESPECTO AL VEHICULO QUE LE ANTECEDE.,CHOQUE POSTERIOR,AUTOMOVIL,2,0,0,0,0,0,0,0,0,0,0,0,0,2,35,HOMBRE,ILESO,CONDUCTOR PRESENTE,NO,NO,0
18859,63495,63496,2019,0,0,-0.297401,-78.541481,PICHINCHA,QUITO,QUITO,URBANA,2019-05-16,23:40:00,23,JUEVES,4,MAYO,5,NO,"CONDUCE BAJO LA INFLUENCIA DE ALCOHOL, SUSTANCIAS ESTUPEFACIENTES O PSICOTROPICAS Y/O MEDICAMENTOS.",OTROS,AUTOMOVIL,2,0,0,0,0,0,0,0,0,0,0,0,0,2,19,HOMBRE,ILESO,CONDUCTOR PRESENTE,NO,NO,0
18860,63499,63500,2019,1,0,-0.104134,-78.494764,PICHINCHA,QUITO,QUITO,URBANA,2019-05-17,01:57:00,1,VIERNES,5,MAYO,5,NO,REALIZAR CAMBIO BRUSCO O INDEBIDO DE CARRIL.,CHOQUE FRONTAL,AUTOMOVIL,2,0,0,0,0,0,0,0,0,0,0,0,0,2,26,HOMBRE,LESIONADO,CONDUCTOR PRESENTE,NO,NO,0
18861,63503,63504,2019,1,0,-0.120823,-78.495581,PICHINCHA,QUITO,QUITO,URBANA,2019-05-17,05:20:00,5,VIERNES,5,MAYO,5,NO,"CONDUCE BAJO LA INFLUENCIA DE ALCOHOL, SUSTANCIAS ESTUPEFACIENTES O PSICOTROPICAS Y/O MEDICAMENTOS.",CHOQUE FRONTAL,BUS,1,0,1,0,0,0,0,0,0,0,0,0,0,2,37,HOMBRE,LESIONADO,CONDUCTOR PRESENTE,NO,NO,0
18862,63505,63506,2019,1,0,-0.096939,-78.441891,PICHINCHA,QUITO,CALDERON (CARAPUNGO),RURAL,2019-05-17,06:00:00,6,VIERNES,5,MAYO,5,NO,"MAL ESTACIONADO - EL CONDUCTOR QUE DETENGA O ESTACIONE VEHICULOS EN SITIOS O ZONAS QUE ENTRANIEN PELIGRO, TALES COMO ZONA DE SEGURIDAD, CURVAS, PUENTES, TUNELES, PENDIENTES.",ESTRELLAMIENTOS,AUTOMOVIL,1,0,0,0,0,0,0,0,0,1,0,0,0,2,54,MUJER,LESIONADO,PEATON,NO,NO,3
18863,63510,63511,2019,0,0,-0.239732,-78.522687,PICHINCHA,QUITO,QUITO,URBANA,2019-05-17,07:20:00,7,VIERNES,5,MAYO,5,NO,NO MANTENER LA DISTANCIA PRUDENCIAL CON RESPECTO AL VEHICULO QUE LE ANTECEDE.,CHOQUE POSTERIOR,AUTOMOVIL,1,0,1,0,0,0,0,0,0,0,0,0,0,2,39,MUJER,ILESO,CONDUCTOR PRESENTE,NO,NO,0
18864,63516,63517,2019,1,0,-0.157975,-78.472849,PICHINCHA,QUITO,QUITO,URBANA,2019-05-17,07:50:00,7,VIERNES,5,MAYO,5,NO,"NO RESPETAR LAS SENIALES REGLAMENTARIAS DE TRANSITO. (PARE, CEDA EL PASO, LUZ ROJA DEL SEMAFORO, ETC).",CHOQUE LATERAL,FURGONETA,0,0,0,0,0,0,0,1,1,0,0,0,0,2,22,HOMBRE,LESIONADO,CONDUCTOR PRESENTE,NO,NO,0
18865,63517,63518,2019,0,0,-0.122966,-78.496155,PICHINCHA,QUITO,QUITO,URBANA,2019-05-17,08:03:00,8,VIERNES,5,MAYO,5,NO,NO GUARDAR LA DISTANCIA LATERAL MINIMA DE SEGURIDAD ENTRE VEHICULOS.,CHOQUE LATERAL,AUTOMOVIL,2,0,0,0,0,0,0,0,0,0,0,0,0,2,24,HOMBRE,ILESO,CONDUCTOR PRESENTE,NO,NO,0
18866,63520,63521,2019,0,0,-0.121385,-78.484826,PICHINCHA,QUITO,QUITO,URBANA,2019-05-17,08:35:00,8,VIERNES,5,MAYO,5,NO,NO GUARDAR LA DISTANCIA LATERAL MINIMA DE SEGURIDAD ENTRE VEHICULOS.,CHOQUE LATERAL,CAMIONETA,1,0,0,0,1,0,0,0,0,0,0,0,0,2,60,HOMBRE,ILESO,CONDUCTOR PRESENTE,NO,NO,0
18867,63521,63522,2019,1,0,-0.214651,-78.500491,PICHINCHA,QUITO,QUITO,URBANA,2019-05-17,09:45:00,9,VIERNES,5,MAYO,5,NO,PEATON QUE CRUZA LA CALZADA SIN RESPETAR LA SENIALIZACION EXISTENTE (SEMAFOROS O SENIALES MANUALES).,ATROPELLOS,BUS,0,0,1,0,0,0,0,0,0,0,0,0,0,1,58,HOMBRE,LESIONADO,PEATON,NO,NO,0
18868,63523,63524,2019,0,1,-0.190017,-78.453854,PICHINCHA,QUITO,NAYON,RURAL,2019-05-17,10:15:00,10,VIERNES,5,MAYO,5,NO,CONDUCIR VEHICULO SUPERANDO LOS LIMITES MAXIMOS DE VELOCIDAD.,ESTRELLAMIENTOS,MOTOCICLETA,0,0,0,0,0,0,0,0,1,0,0,0,0,1,24,HOMBRE,FALLECIDO,CONDUCTOR PRESENTE,NO,NO,3
18869,63525,63526,2019,0,0,-0.140259,-78.492735,PICHINCHA,QUITO,QUITO,URBANA,2019-05-17,10:45:00,10,VIERNES,5,MAYO,5,NO,NO GUARDAR LA DISTANCIA LATERAL MINIMA DE SEGURIDAD ENTRE VEHICULOS.,CHOQUE LATERAL,CAMIONETA,1,0,0,0,1,0,0,0,0,0,0,0,0,2,28,HOMBRE,ILESO,CONDUCTOR PRESENTE,NO,NO,0
18870,63530,63531,2019,1,0,-0.298771,-78.547256,PICHINCHA,QUITO,QUITO,URBANA,2019-05-17,11:50:00,11,VIERNES,5,MAYO,5,NO,PEATON QUE CRUZA LA CALZADA SIN RESPETAR LA SENIALIZACION EXISTENTE (SEMAFOROS O SENIALES MANUALES).,ATROPELLOS,BUS,0,0,1,0,0,0,0,0,0,0,0,0,0,1,32,MUJER,LESIONADO,PEATON,NO,NO,0
18871,63538,63539,2019,0,0,-0.165154,-78.478889,PICHINCHA,QUITO,QUITO,URBANA,2019-05-17,16:10:00,16,VIERNES,5,MAYO,5,NO,NO GUARDAR LA DISTANCIA LATERAL MINIMA DE SEGURIDAD ENTRE VEHICULOS.,CHOQUE LATERAL,CAMIONETA,1,0,0,0,1,0,0,0,0,0,0,0,0,2,30,MUJER,ILESO,CONDUCTOR PRESENTE,NO,NO,0
18872,63545,63546,2019,3,0,-0.031211,-78.453261,PICHINCHA,QUITO,SAN ANTONIO (QUITO),URBANA,2019-05-17,18:14:00,18,VIERNES,5,MAYO,5,NO,CONDUCIR VEHICULO SUPERANDO LOS LIMITES MAXIMOS DE VELOCIDAD.,CHOQUE LATERAL,BUS,0,0,1,1,0,0,0,0,0,0,0,0,0,2,28,MUJER,LESIONADO,PASAJERO,NO,SI,0
18873,63554,63555,2019,1,0,-0.291105,-78.545859,PICHINCHA,QUITO,QUITO,URBANA,2019-05-17,21:10:00,21,VIERNES,5,MAYO,5,NO,CONDUCIR VEHICULO SUPERANDO LOS LIMITES MAXIMOS DE VELOCIDAD.,OTROS,AUTOMOVIL,1,0,0,0,0,0,0,0,0,0,0,0,0,1,19,MUJER,LESIONADO,PASAJERO,NO,NO,0
18874,63558,63559,2019,0,0,-0.249372,-78.543246,PICHINCHA,QUITO,QUITO,URBANA,2019-05-17,22:00:00,22,VIERNES,5,MAYO,5,NO,NO GUARDAR LA DISTANCIA LATERAL MINIMA DE SEGURIDAD ENTRE VEHICULOS.,ROZAMIENTOS,AUTOMOVIL,1,0,0,1,0,0,0,0,0,0,0,0,0,2,37,MUJER,ILESO,PASAJERO,NO,NO,0
18875,63562,63563,2019,0,0,-0.146812,-78.493863,PICHINCHA,QUITO,QUITO,URBANA,2019-05-18,00:05:00,0,SABADO,6,MAYO,5,NO,"NO RESPETAR LAS SENIALES REGLAMENTARIAS DE TRANSITO. (PARE, CEDA EL PASO, LUZ ROJA DEL SEMAFORO, ETC).",CHOQUE LATERAL,AUTOMOVIL,2,0,0,0,0,0,0,0,0,0,0,0,0,2,49,HOMBRE,ILESO,CONDUCTOR PRESENTE,NO,NO,0
18876,63564,63565,2019,0,0,-0.197677,-78.500203,PICHINCHA,QUITO,QUITO,URBANA,2019-05-18,00:20:00,0,SABADO,6,MAYO,5,NO,NO MANTENER LA DISTANCIA PRUDENCIAL CON RESPECTO AL VEHICULO QUE LE ANTECEDE.,CHOQUE POSTERIOR,MOTOCICLETA,0,0,0,0,0,0,0,0,1,1,0,0,0,2,20,MUJER,ILESO,PASAJERO,NO,NO,0
18877,63565,63566,2019,0,0,-0.299022,-78.531384,PICHINCHA,QUITO,QUITO,URBANA,2019-05-18,00:45:00,0,SABADO,6,MAYO,5,NO,CONDUCIR VEHICULO SUPERANDO LOS LIMITES MAXIMOS DE VELOCIDAD.,ESTRELLAMIENTOS,AUTOMOVIL,1,0,0,0,0,0,0,0,0,0,0,0,0,1,-1,NO IDENTIFICADO,NO IDENTIFICADO,CONDUCTOR AUSENTE,NO,NO,2
18878,63566,63567,2019,1,0,-0.196087,-78.495258,PICHINCHA,QUITO,QUITO,URBANA,2019-05-18,01:30:00,1,SABADO,6,MAYO,5,NO,"CASO FORTUITO O FUERZA MAYOR (EXPLOSION DE NEUMATICO NUEVO, DERRUMBE, INUNDACION, CAIDA DE PUENTE, ARBOL, PRESENCIA INTEMPESTIVA E IMPREVISTA DE SEMOVIENTES EN LA VIA, ETC.).",PERDIDA DE CARRIL,MOTOCICLETA,0,0,0,0,0,0,0,0,1,0,0,0,0,1,31,HOMBRE,LESIONADO,PASAJERO,NO,NO,0
18879,63570,63571,2019,1,1,-0.084415,-78.509429,PICHINCHA,QUITO,QUITO,URBANA,2019-05-18,03:00:00,3,SABADO,6,MAYO,5,NO,CONDUCIR VEHICULO SUPERANDO LOS LIMITES MAXIMOS DE VELOCIDAD.,ESTRELLAMIENTOS,MOTOCICLETA,0,0,0,0,0,0,0,0,1,0,0,0,0,1,29,HOMBRE,FALLECIDO,CONDUCTOR PRESENTE,NO,NO,0
18880,63571,63572,2019,0,0,-0.238306,-78.539597,PICHINCHA,QUITO,QUITO,URBANA,2019-05-18,03:00:00,3,SABADO,6,MAYO,5,NO,"CASO FORTUITO O FUERZA MAYOR (EXPLOSION DE NEUMATICO NUEVO, DERRUMBE, INUNDACION, CAIDA DE PUENTE, ARBOL, PRESENCIA INTEMPESTIVA E IMPREVISTA DE SEMOVIENTES EN LA VIA, ETC.).",OTROS,AUTOMOVIL,1,0,0,0,0,0,0,0,0,0,0,0,0,1,-1,NO IDENTIFICADO,NO IDENTIFICADO,CONDUCTOR AUSENTE,NO,NO,2
18881,63573,63574,2019,0,0,-0.245435,-78.494931,PICHINCHA,QUITO,QUITO,URBANA,2019-05-18,03:10:00,3,SABADO,6,MAYO,5,NO,CONDUCIR VEHICULO SUPERANDO LOS LIMITES MAXIMOS DE VELOCIDAD.,ESTRELLAMIENTOS,AUTOMOVIL,1,0,0,0,0,0,0,0,0,0,0,0,0,1,25,MUJER,ILESO,CONDUCTOR PRESENTE,NO,NO,0
18882,63582,63583,2019,1,0,-0.309885,-78.550277,PICHINCHA,QUITO,QUITO,URBANA,2019-05-18,09:00:00,9,SABADO,6,MAYO,5,NO,"NO RESPETAR LAS SENIALES REGLAMENTARIAS DE TRANSITO. (PARE, CEDA EL PASO, LUZ ROJA DEL SEMAFORO, ETC).",ESTRELLAMIENTOS,AUTOMOVIL,1,0,0,0,1,0,0,0,0,0,0,0,0,2,32,HOMBRE,LESIONADO,CONDUCTOR PRESENTE,NO,NO,0
18883,63583,63584,2019,0,0,-0.286708,-78.570076,PICHINCHA,QUITO,QUITO,URBANA,2019-05-18,09:35:00,9,SABADO,6,MAYO,5,NO,CONDUCIR VEHICULO SUPERANDO LOS LIMITES MAXIMOS DE VELOCIDAD.,ESTRELLAMIENTOS,NO IDENTIFICADO,0,0,0,0,0,0,0,0,0,1,0,0,0,1,-1,NO IDENTIFICADO,NO IDENTIFICADO,CONDUCTOR AUSENTE,NO,NO,2
18884,63584,63585,2019,0,0,-0.103851,-78.386951,PICHINCHA,QUITO,CALDERON (CARAPUNGO),RURAL,2019-05-18,09:50:00,9,SABADO,6,MAYO,5,NO,DANIOS MECANICOS PREVISIBLES.,VOLCAMIENTOS,CAMION,0,0,0,1,0,0,0,0,0,0,0,0,0,1,32,HOMBRE,ILESO,PASAJERO,NO,SI,3
18885,63585,63586,2019,1,0,-0.105384,-78.497732,PICHINCHA,QUITO,QUITO,URBANA,2019-05-18,11:45:00,11,SABADO,6,MAYO,5,NO,PEATON QUE CRUZA LA CALZADA SIN RESPETAR LA SENIALIZACION EXISTENTE (SEMAFOROS O SENIALES MANUALES).,ATROPELLOS,CAMION,0,0,0,1,0,0,0,0,0,0,0,0,0,1,34,MUJER,LESIONADO,PEATON,NO,NO,0
18886,63586,63587,2019,1,0,-0.261605,-78.531191,PICHINCHA,QUITO,QUITO,URBANA,2019-05-18,12:00:00,12,SABADO,6,MAYO,5,NO,NO TRANSITAR POR LAS ACERAS O ZONAS DE SEGURIDAD DESTINADAS PARA EL EFECTO.,ATROPELLOS,NO IDENTIFICADO,0,0,0,0,0,0,0,0,0,1,0,0,0,1,71,MUJER,LESIONADO,PEATON,NO,NO,0
18887,63588,63589,2019,0,0,-0.153141,-78.496841,PICHINCHA,QUITO,QUITO,URBANA,2019-05-18,12:30:00,12,SABADO,6,MAYO,5,NO,NO GUARDAR LA DISTANCIA LATERAL MINIMA DE SEGURIDAD ENTRE VEHICULOS.,ROZAMIENTOS,AUTOMOVIL,2,0,0,0,0,0,0,0,0,0,0,0,0,2,56,HOMBRE,ILESO,CONDUCTOR PRESENTE,NO,NO,0
18888,63595,63596,2019,1,0,-0.245472,-78.494917,PICHINCHA,QUITO,QUITO,URBANA,2019-05-18,15:10:00,15,SABADO,6,MAYO,5,NO,BAJARSE O SUBIRSE DE VEHICULOS EN MOVIMIENTO SIN TOMAR LAS PRECAUCIONES DEBIDAS.,CAIDA DE PASAJERO,BUS,0,0,1,0,0,0,0,0,0,0,0,0,0,1,14,MUJER,LESIONADO,PASAJERO,NO,NO,0
18889,63596,63597,2019,1,0,-0.085325,-78.410699,PICHINCHA,QUITO,CALDERON (CARAPUNGO),RURAL,2019-05-18,15:30:00,15,SABADO,6,MAYO,5,NO,NO TRANSITAR POR LAS ACERAS O ZONAS DE SEGURIDAD DESTINADAS PARA EL EFECTO.,ATROPELLOS,MOTOCICLETA,0,0,0,0,0,0,0,0,1,0,0,0,0,1,37,HOMBRE,LESIONADO,PEATON,NO,NO,3
18890,63607,63608,2019,0,0,-0.206463,-78.512244,PICHINCHA,QUITO,QUITO,URBANA,2019-05-18,18:08:00,18,SABADO,6,MAYO,5,NO,"CONDUCE BAJO LA INFLUENCIA DE ALCOHOL, SUSTANCIAS ESTUPEFACIENTES O PSICOTROPICAS Y/O MEDICAMENTOS.",CHOQUE POSTERIOR,AUTOMOVIL,2,0,0,0,0,0,0,0,0,0,0,0,0,2,25,HOMBRE,ILESO,CONDUCTOR PRESENTE,NO,NO,0
18891,63608,63609,2019,0,0,-0.203732,-78.510533,PICHINCHA,QUITO,QUITO,URBANA,2019-05-18,18:30:00,18,SABADO,6,MAYO,5,NO,NO MANTENER LA DISTANCIA PRUDENCIAL CON RESPECTO AL VEHICULO QUE LE ANTECEDE.,CHOQUE POSTERIOR,AUTOMOVIL,2,0,0,0,0,0,0,0,0,0,0,0,0,2,74,HOMBRE,ILESO,CONDUCTOR PRESENTE,NO,NO,0
18892,63612,63613,2019,1,0,-0.230432,-78.492398,PICHINCHA,QUITO,QUITO,URBANA,2019-05-18,19:50:00,19,SABADO,6,MAYO,5,NO,NO MANTENER LA DISTANCIA PRUDENCIAL CON RESPECTO AL VEHICULO QUE LE ANTECEDE.,CHOQUE POSTERIOR,AUTOMOVIL,1,0,0,0,0,0,0,0,1,0,0,0,0,2,21,MUJER,LESIONADO,PASAJERO,NO,NO,0
18893,63614,63615,2019,0,0,-0.212824,-78.402686,PICHINCHA,QUITO,TUMBACO,RURAL,2019-05-18,20:00:00,20,SABADO,6,MAYO,5,NO,CONDUCIR VEHICULO SUPERANDO LOS LIMITES MAXIMOS DE VELOCIDAD.,ESTRELLAMIENTOS,AUTOMOVIL,1,0,0,0,0,0,0,0,0,0,0,0,0,1,22,MUJER,ILESO,CONDUCTOR PRESENTE,NO,NO,3
18894,63622,63623,2019,0,0,-0.176695,-78.493953,PICHINCHA,QUITO,QUITO,URBANA,2019-05-18,22:10:00,22,SABADO,6,MAYO,5,NO,CONDUCIR VEHICULO SUPERANDO LOS LIMITES MAXIMOS DE VELOCIDAD.,ESTRELLAMIENTOS,AUTOMOVIL,1,0,0,0,0,0,0,0,0,0,0,0,0,1,59,HOMBRE,ILESO,CONDUCTOR PRESENTE,NO,NO,0
18895,63623,63624,2019,0,0,-0.183631,-78.490441,PICHINCHA,QUITO,QUITO,URBANA,2019-05-18,22:15:00,22,SABADO,6,MAYO,5,NO,CONDUCIR VEHICULO SUPERANDO LOS LIMITES MAXIMOS DE VELOCIDAD.,ESTRELLAMIENTOS,CAMIONETA,0,0,0,0,1,0,0,0,0,0,0,0,0,1,-1,NO IDENTIFICADO,NO IDENTIFICADO,CONDUCTOR AUSENTE,NO,NO,2
18896,63625,63626,2019,0,0,-0.161461,-78.487356,PICHINCHA,QUITO,QUITO,URBANA,2019-05-18,23:30:00,23,SABADO,6,MAYO,5,NO,CONDUCIR VEHICULO SUPERANDO LOS LIMITES MAXIMOS DE VELOCIDAD.,ESTRELLAMIENTOS,AUTOMOVIL,1,0,0,0,0,0,0,0,0,0,0,0,0,1,-1,NO IDENTIFICADO,NO IDENTIFICADO,CONDUCTOR AUSENTE,NO,NO,2
18897,63628,63629,2019,5,0,-0.197826,-78.466466,PICHINCHA,QUITO,QUITO,RURAL,2019-05-19,00:23:00,0,DOMINGO,7,MAYO,5,NO,"CONDUCE BAJO LA INFLUENCIA DE ALCOHOL, SUSTANCIAS ESTUPEFACIENTES O PSICOTROPICAS Y/O MEDICAMENTOS.",ESTRELLAMIENTOS,AUTOMOVIL,2,0,0,0,0,0,0,0,0,0,0,0,0,2,29,MUJER,LESIONADO,PASAJERO,NO,NO,3
18898,63633,63634,2019,2,0,-0.232484,-78.483231,PICHINCHA,QUITO,QUITO,URBANA,2019-05-19,01:15:00,1,DOMINGO,7,MAYO,5,NO,"CONDUCE BAJO LA INFLUENCIA DE ALCOHOL, SUSTANCIAS ESTUPEFACIENTES O PSICOTROPICAS Y/O MEDICAMENTOS.",ESTRELLAMIENTOS,AUTOMOVIL,1,0,0,0,0,0,0,0,0,0,0,0,0,1,30,HOMBRE,LESIONADO,PASAJERO,NO,NO,0
18899,63641,63642,2019,3,0,-0.148951,-78.485041,PICHINCHA,QUITO,QUITO,URBANA,2019-05-19,03:30:00,3,DOMINGO,7,MAYO,5,NO,CONDUCIR VEHICULO SUPERANDO LOS LIMITES MAXIMOS DE VELOCIDAD.,ESTRELLAMIENTOS,CAMION,1,0,0,1,0,0,0,0,0,0,0,0,0,2,23,HOMBRE,LESIONADO,PASAJERO,NO,NO,0
18900,63642,63643,2019,0,0,-0.116769,-78.473429,PICHINCHA,QUITO,QUITO,URBANA,2019-05-19,03:40:00,3,DOMINGO,7,MAYO,5,NO,"CONDUCE BAJO LA INFLUENCIA DE ALCOHOL, SUSTANCIAS ESTUPEFACIENTES O PSICOTROPICAS Y/O MEDICAMENTOS.",CHOQUE POSTERIOR,AUTOMOVIL,2,0,0,0,0,0,0,0,0,0,0,0,0,2,22,HOMBRE,ILESO,CONDUCTOR PRESENTE,NO,NO,0