,Unnamed: 0,ID,ANIO,LESIONADOS,FALLECIDOS,LATITUD_Y,LONGITUD_X,PROVINCIA,CANTON,PARROQUIA,ZONA,FECHA,HORA,PERIODO_2,DIA_1,DIA_2,MES_1,MES_2,FERIADO,CAUSA_PROBABLE,TIPO_DE_SINIESTRO,TIPO_DE_VEHICULO_1,AUTOMOVIL,BICICLETA,BUS,CAMION,CAMIONETA,EMERGENCIAS,ESPECIAL,FURGONETA,MOTOCICLETA,NO_IDENTIFICADO,SCOOTER_ELECTRICO,TRICIMOTO,VEHICULO_DEPORTIVO_UTILITARIO,SUMA_DE_VEHICULOS,EDAD_1,SEXO_1,CONDICION_1,PARTICIPANTE_1,CASCO_1,CINTURON_1,KMeans_Cluster
18901,63646,63647,2019,0,0,-0.284269,-78.518971,PICHINCHA,QUITO,QUITO,URBANA,2019-05-19,04:35:00,4,DOMINGO,7,MAYO,5,NO,"CONDUCIR EN ESTADO DE SOMNOLENCIA O MALAS CONDICIONES FISICAS (SUENIO, CANSANCIO Y FATIGA).",ESTRELLAMIENTOS,AUTOMOVIL,1,0,0,0,0,0,0,0,0,0,0,0,0,1,-1,NO IDENTIFICADO,NO IDENTIFICADO,CONDUCTOR AUSENTE,NO,NO,2
18902,63653,63654,2019,0,0,-0.252347,-78.495341,PICHINCHA,QUITO,QUITO,URBANA,2019-05-19,06:15:00,6,DOMINGO,7,MAYO,5,NO,CONDUCIR VEHICULO SUPERANDO LOS LIMITES MAXIMOS DE VELOCIDAD.,ESTRELLAMIENTOS,AUTOMOVIL,1,0,0,0,0,0,0,0,0,0,0,0,0,1,-1,NO IDENTIFICADO,NO IDENTIFICADO,CONDUCTOR AUSENTE,NO,NO,2
18903,63655,63656,2019,3,0,-0.106767,-78.441933,PICHINCHA,QUITO,CALDERON (CARAPUNGO),RURAL,2019-05-19,06:25:00,6,DOMINGO,7,MAYO,5,NO,CONDUCIR VEHICULO SUPERANDO LOS LIMITES MAXIMOS DE VELOCIDAD.,ESTRELLAMIENTOS,AUTOMOVIL,1,0,0,0,0,0,0,0,0,0,0,0,0,1,5,MUJER,LESIONADO,PASAJERO,NO,NO,3
18904,63661,63662,2019,0,0,-0.208721,-78.509607,PICHINCHA,QUITO,QUITO,URBANA,2019-05-19,07:45:00,7,DOMINGO,7,MAYO,5,NO,CONDUCIR VEHICULO SUPERANDO LOS LIMITES MAXIMOS DE VELOCIDAD.,ESTRELLAMIENTOS,AUTOMOVIL,1,0,0,0,0,0,0,0,0,0,0,0,0,1,-1,NO IDENTIFICADO,NO IDENTIFICADO,CONDUCTOR AUSENTE,NO,NO,2
18905,63664,63665,2019,0,0,-0.237628,-78.484445,PICHINCHA,QUITO,QUITO,URBANA,2019-05-19,08:13:00,8,DOMINGO,7,MAYO,5,NO,CONDUCIR VEHICULO SUPERANDO LOS LIMITES MAXIMOS DE VELOCIDAD.,ESTRELLAMIENTOS,CAMIONETA,0,0,0,0,1,0,0,0,0,0,0,0,0,1,41,HOMBRE,ILESO,CONDUCTOR PRESENTE,NO,NO,0
18906,63665,63666,2019,1,0,-0.281865,-78.534304,PICHINCHA,QUITO,QUITO,URBANA,2019-05-19,09:00:00,9,DOMINGO,7,MAYO,5,NO,DEJAR O RECOGER PASAJEROS EN LUGARES NO PERMITIDOS.,CAIDA DE PASAJERO,BUS,0,0,1,0,0,0,0,0,0,0,0,0,0,1,65,MUJER,LESIONADO,PASAJERO,NO,NO,0
18907,63669,63670,2019,2,0,-0.211453,-78.423614,PICHINCHA,QUITO,CUMBAYA,RURAL,2019-05-19,09:30:00,9,DOMINGO,7,MAYO,5,NO,CONDUCIR EN SENTIDO CONTRARIO A LA VIA NORMAL DE CIRCULACION.,CHOQUE FRONTAL,AUTOMOVIL,2,0,0,0,0,0,0,0,0,0,0,0,0,2,68,HOMBRE,LESIONADO,CONDUCTOR PRESENTE,NO,NO,3
18908,63671,63672,2019,1,0,-0.263972,-78.500833,PICHINCHA,QUITO,CONOCOTO,RURAL,2019-05-19,09:35:00,9,DOMINGO,7,MAYO,5,NO,NO GUARDAR LA DISTANCIA LATERAL MINIMA DE SEGURIDAD ENTRE VEHICULOS.,CHOQUE LATERAL,MOTOCICLETA,0,0,0,0,0,0,0,0,1,1,0,0,0,2,37,HOMBRE,LESIONADO,CONDUCTOR PRESENTE,NO,NO,3
18909,63675,63676,2019,0,0,-0.158348,-78.491646,PICHINCHA,QUITO,QUITO,URBANA,2019-05-19,11:00:00,11,DOMINGO,7,MAYO,5,NO,CONDUCIR VEHICULO SUPERANDO LOS LIMITES MAXIMOS DE VELOCIDAD.,ESTRELLAMIENTOS,AUTOMOVIL,2,0,0,0,0,0,0,0,0,0,0,0,0,2,48,HOMBRE,ILESO,CONDUCTOR PRESENTE,NO,NO,0
18910,63677,63678,2019,0,0,-0.231587,-78.491108,PICHINCHA,QUITO,QUITO,URBANA,2019-05-19,11:25:00,11,DOMINGO,7,MAYO,5,NO,"CONDICIONES AMBIENTALES Y/O ATMOSFERICAS (NIEBLA, NEBLINA, GRANIZO, LLUVIA).",ESTRELLAMIENTOS,AUTOMOVIL,3,0,0,0,0,0,0,0,0,0,0,0,0,3,39,HOMBRE,ILESO,CONDUCTOR PRESENTE,NO,NO,0
18911,63678,63679,2019,0,0,-0.199638,-78.492479,PICHINCHA,QUITO,QUITO,URBANA,2019-05-19,11:42:00,11,DOMINGO,7,MAYO,5,NO,NO MANTENER LA DISTANCIA PRUDENCIAL CON RESPECTO AL VEHICULO QUE LE ANTECEDE.,CHOQUE POSTERIOR,AUTOMOVIL,2,0,0,0,0,0,0,0,0,0,0,0,0,2,31,MUJER,ILESO,CONDUCTOR PRESENTE,NO,NO,0
18912,63680,63681,2019,0,0,-0.238075,-78.520841,PICHINCHA,QUITO,QUITO,URBANA,2019-05-19,12:00:00,12,DOMINGO,7,MAYO,5,NO,"CONDUCE BAJO LA INFLUENCIA DE ALCOHOL, SUSTANCIAS ESTUPEFACIENTES O PSICOTROPICAS Y/O MEDICAMENTOS.",CHOQUE LATERAL,CAMIONETA,1,0,0,0,1,0,0,0,0,0,0,0,0,2,47,HOMBRE,ILESO,CONDUCTOR PRESENTE,NO,NO,0
18913,63684,63685,2019,3,0,-0.150393,-78.453592,PICHINCHA,QUITO,QUITO,RURAL,2019-05-19,13:29:00,13,DOMINGO,7,MAYO,5,NO,CONDUCIR VEHICULO SUPERANDO LOS LIMITES MAXIMOS DE VELOCIDAD.,ESTRELLAMIENTOS,AUTOMOVIL,2,0,0,0,0,0,0,0,0,0,0,0,0,2,52,MUJER,LESIONADO,PASAJERO,NO,NO,3
18914,63685,63686,2019,0,0,-0.199767,-78.428809,PICHINCHA,QUITO,CUMBAYA,RURAL,2019-05-19,13:35:00,13,DOMINGO,7,MAYO,5,NO,"CONDICIONES AMBIENTALES Y/O ATMOSFERICAS (NIEBLA, NEBLINA, GRANIZO, LLUVIA).",CHOQUE POSTERIOR,AUTOMOVIL,2,0,0,0,0,0,0,0,0,0,0,0,0,2,52,HOMBRE,ILESO,CONDUCTOR PRESENTE,NO,NO,3
18915,63687,63688,2019,0,0,-0.242463,-78.482784,PICHINCHA,QUITO,QUITO,RURAL,2019-05-19,13:50:00,13,DOMINGO,7,MAYO,5,NO,NO MANTENER LA DISTANCIA PRUDENCIAL CON RESPECTO AL VEHICULO QUE LE ANTECEDE.,CHOQUE POSTERIOR,AUTOMOVIL,2,0,0,0,0,0,0,0,0,0,0,0,0,2,28,HOMBRE,ILESO,CONDUCTOR PRESENTE,NO,NO,3
18916,63691,63692,2019,0,0,-0.153537,-78.466901,PICHINCHA,QUITO,QUITO,URBANA,2019-05-19,15:30:00,15,DOMINGO,7,MAYO,5,NO,CONDUCIR VEHICULO SUPERANDO LOS LIMITES MAXIMOS DE VELOCIDAD.,ESTRELLAMIENTOS,AUTOMOVIL,3,0,0,0,0,0,0,0,0,0,0,0,0,3,36,HOMBRE,ILESO,CONDUCTOR PRESENTE,NO,NO,0
18917,63692,63693,2019,2,0,-0.242463,-78.482784,PICHINCHA,QUITO,QUITO,RURAL,2019-05-19,15:44:00,15,DOMINGO,7,MAYO,5,NO,CONDUCIR VEHICULO SUPERANDO LOS LIMITES MAXIMOS DE VELOCIDAD.,PERDIDA DE CARRIL,CAMIONETA,0,0,0,0,1,0,0,0,0,0,0,0,0,1,57,MUJER,LESIONADO,PASAJERO,NO,NO,3
18918,63699,63700,2019,0,1,-0.446911,-78.654098,PICHINCHA,MEJIA,ALOAG,RURAL,2019-05-19,17:41:00,17,DOMINGO,7,MAYO,5,NO,"CONDUCIR DESATENTO A LAS CONDICIONES DE TRANSITO (CELULAR, PANTALLAS DE VIDEO, COMIDA, MAQUILLAJE O CUALQUIER OTRO ELEMENTO DISTRACTOR).",ESTRELLAMIENTOS,VEHICULO DEPORTIVO UTILITARIO,0,0,0,0,0,0,0,0,0,0,0,0,1,1,64,HOMBRE,FALLECIDO,PASAJERO,NO,SI,3
18919,63707,63708,2019,0,0,-0.355609,-78.548711,PICHINCHA,QUITO,QUITO,URBANA,2019-05-19,19:30:00,19,DOMINGO,7,MAYO,5,NO,CONDUCIR VEHICULO SUPERANDO LOS LIMITES MAXIMOS DE VELOCIDAD.,OTROS,AUTOMOVIL,2,0,0,0,0,0,0,0,0,1,0,0,0,3,30,HOMBRE,ILESO,CONDUCTOR PRESENTE,NO,NO,0
18920,63724,63725,2019,2,0,-0.237604,-78.484574,PICHINCHA,QUITO,QUITO,RURAL,2019-05-20,06:00:00,6,LUNES,1,MAYO,5,NO,NO CEDER EL DERECHO DE VIA O PREFERENCIA DE PASO AL PEATON.,ATROPELLOS,MOTOCICLETA,0,0,0,0,0,0,0,0,1,0,0,0,0,1,32,MUJER,LESIONADO,PEATON,NO,NO,3
18921,63725,63726,2019,1,0,-0.262591,-78.545136,PICHINCHA,QUITO,QUITO,URBANA,2019-05-20,06:35:00,6,LUNES,1,MAYO,5,NO,PEATON QUE CRUZA LA CALZADA SIN RESPETAR LA SENIALIZACION EXISTENTE (SEMAFOROS O SENIALES MANUALES).,ATROPELLOS,NO IDENTIFICADO,0,0,0,0,0,0,0,0,0,1,0,0,0,1,58,HOMBRE,LESIONADO,PEATON,NO,NO,0
18922,63728,63729,2019,3,0,-0.105568,-78.497653,PICHINCHA,QUITO,QUITO,URBANA,2019-05-20,06:50:00,6,LUNES,1,MAYO,5,NO,"NO RESPETAR LAS SENIALES REGLAMENTARIAS DE TRANSITO. (PARE, CEDA EL PASO, LUZ ROJA DEL SEMAFORO, ETC).",CHOQUE LATERAL,MOTOCICLETA,0,0,0,0,0,0,0,0,2,0,0,0,0,2,42,MUJER,LESIONADO,PASAJERO,NO,NO,0
18923,63732,63733,2019,1,0,-0.259445,-78.524488,PICHINCHA,QUITO,QUITO,URBANA,2019-05-20,07:00:00,7,LUNES,1,MAYO,5,NO,NO TRANSITAR POR LAS ACERAS O ZONAS DE SEGURIDAD DESTINADAS PARA EL EFECTO.,ATROPELLOS,NO IDENTIFICADO,0,0,0,0,0,0,0,0,0,1,0,0,0,1,7,MUJER,LESIONADO,PEATON,NO,NO,0
18924,63733,63734,2019,0,0,-0.306473,-78.543494,PICHINCHA,QUITO,QUITO,URBANA,2019-05-20,07:10:00,7,LUNES,1,MAYO,5,NO,NO GUARDAR LA DISTANCIA LATERAL MINIMA DE SEGURIDAD ENTRE VEHICULOS.,ROZAMIENTOS,ESPECIAL,1,0,0,0,0,0,1,0,0,0,0,0,0,2,49,HOMBRE,ILESO,CONDUCTOR PRESENTE,NO,NO,0
18925,63737,63738,2019,1,0,-0.109369,-78.458375,PICHINCHA,QUITO,CALDERON (CARAPUNGO),RURAL,2019-05-20,08:05:00,8,LUNES,1,MAYO,5,NO,NO TRANSITAR POR LAS ACERAS O ZONAS DE SEGURIDAD DESTINADAS PARA EL EFECTO.,ATROPELLOS,AUTOMOVIL,1,0,0,0,0,0,0,0,0,0,0,0,0,1,19,MUJER,LESIONADO,PEATON,NO,NO,3
18926,63746,63747,2019,0,1,-0.201128,-78.510808,PICHINCHA,QUITO,QUITO,URBANA,2019-05-20,12:45:00,12,LUNES,1,MAYO,5,NO,PEATON QUE CRUZA LA CALZADA SIN RESPETAR LA SENIALIZACION EXISTENTE (SEMAFOROS O SENIALES MANUALES).,ARROLLAMIENTOS,AUTOMOVIL,1,0,0,0,0,0,0,0,0,0,0,0,0,1,4,HOMBRE,FALLECIDO,PEATON,NO,NO,0
18927,63769,63770,2019,0,0,-0.237387,-78.484528,PICHINCHA,QUITO,QUITO,URBANA,2019-05-20,20:30:00,20,LUNES,1,MAYO,5,NO,NO MANTENER LA DISTANCIA PRUDENCIAL CON RESPECTO AL VEHICULO QUE LE ANTECEDE.,CHOQUE POSTERIOR,AUTOMOVIL,1,0,0,0,0,0,0,1,0,0,0,0,0,2,41,HOMBRE,ILESO,CONDUCTOR PRESENTE,NO,NO,0
18928,63776,63777,2019,1,0,-0.112189,-78.504802,PICHINCHA,QUITO,QUITO,URBANA,2019-05-21,01:00:00,1,MARTES,2,MAYO,5,NO,CONDUCIR VEHICULO SUPERANDO LOS LIMITES MAXIMOS DE VELOCIDAD.,CHOQUE POSTERIOR,AUTOMOVIL,1,0,0,0,0,0,0,0,0,1,0,0,0,2,27,HOMBRE,LESIONADO,CONDUCTOR PRESENTE,NO,NO,0
18929,63778,63779,2019,0,0,-0.187531,-78.487611,PICHINCHA,QUITO,QUITO,URBANA,2019-05-21,02:20:00,2,MARTES,2,MAYO,5,NO,"CONDUCIR EN ESTADO DE SOMNOLENCIA O MALAS CONDICIONES FISICAS (SUENIO, CANSANCIO Y FATIGA).",ESTRELLAMIENTOS,AUTOMOVIL,1,0,0,0,0,0,0,0,0,0,0,0,0,1,-1,NO IDENTIFICADO,NO IDENTIFICADO,CONDUCTOR AUSENTE,NO,NO,2
18930,63780,63781,2019,1,0,-0.296761,-78.552699,PICHINCHA,QUITO,QUITO,URBANA,2019-05-21,06:00:00,6,MARTES,2,MAYO,5,NO,CONDUCIR VEHICULO SUPERANDO LOS LIMITES MAXIMOS DE VELOCIDAD.,ESTRELLAMIENTOS,AUTOMOVIL,1,0,0,0,0,0,0,0,0,0,0,0,0,1,53,HOMBRE,LESIONADO,CONDUCTOR PRESENTE,NO,NO,0
18931,63787,63788,2019,2,0,-0.291105,-78.545859,PICHINCHA,QUITO,QUITO,URBANA,2019-05-21,08:49:00,8,MARTES,2,MAYO,5,NO,CONDUCIR VEHICULO SUPERANDO LOS LIMITES MAXIMOS DE VELOCIDAD.,CHOQUE LATERAL,CAMION,1,0,0,1,0,0,0,0,0,0,0,0,0,2,42,HOMBRE,LESIONADO,CONDUCTOR PRESENTE,NO,NO,0
18932,63789,63790,2019,4,0,-0.172997,-78.485145,PICHINCHA,QUITO,QUITO,URBANA,2019-05-21,09:12:00,9,MARTES,2,MAYO,5,NO,NO MANTENER LA DISTANCIA PRUDENCIAL CON RESPECTO AL VEHICULO QUE LE ANTECEDE.,COLISION,AUTOMOVIL,2,0,0,0,0,0,0,0,1,0,0,0,0,3,65,MUJER,LESIONADO,CONDUCTOR PRESENTE,NO,NO,0
18933,63793,63794,2019,1,0,-0.136812,-78.473598,PICHINCHA,QUITO,QUITO,URBANA,2019-05-21,10:55:00,10,MARTES,2,MAYO,5,NO,NO CEDER EL DERECHO DE VIA O PREFERENCIA DE PASO AL PEATON.,ATROPELLOS,NO IDENTIFICADO,0,0,0,0,0,0,0,0,0,1,0,0,0,1,80,MUJER,LESIONADO,PEATON,NO,NO,0
18934,63794,63795,2019,1,0,-0.223129,-78.516526,PICHINCHA,QUITO,QUITO,URBANA,2019-05-21,11:10:00,11,MARTES,2,MAYO,5,NO,NO GUARDAR LA DISTANCIA LATERAL MINIMA DE SEGURIDAD ENTRE VEHICULOS.,CHOQUE LATERAL,BUS,1,0,1,0,0,0,0,0,0,0,0,0,0,2,74,MUJER,LESIONADO,PASAJERO,NO,NO,0
18935,63800,63801,2019,0,0,-0.092503,-78.434123,PICHINCHA,QUITO,CALDERON (CARAPUNGO),RURAL,2019-05-21,14:00:00,14,MARTES,2,MAYO,5,NO,NO MANTENER LA DISTANCIA PRUDENCIAL CON RESPECTO AL VEHICULO QUE LE ANTECEDE.,CHOQUE POSTERIOR,AUTOMOVIL,2,0,0,0,0,0,0,0,0,0,0,0,0,2,37,HOMBRE,ILESO,CONDUCTOR PRESENTE,NO,NO,3
18936,63803,63804,2019,0,0,-0.165977,-78.468635,PICHINCHA,QUITO,QUITO,URBANA,2019-05-21,15:34:00,15,MARTES,2,MAYO,5,NO,NO MANTENER LA DISTANCIA PRUDENCIAL CON RESPECTO AL VEHICULO QUE LE ANTECEDE.,CHOQUE POSTERIOR,AUTOMOVIL,2,0,0,0,0,0,0,0,0,0,0,0,0,2,24,MUJER,ILESO,CONDUCTOR PRESENTE,NO,NO,0
18937,63807,63808,2019,1,0,-0.205235,-78.497707,PICHINCHA,QUITO,QUITO,URBANA,2019-05-21,18:00:00,18,MARTES,2,MAYO,5,NO,CONDUCIR VEHICULO SUPERANDO LOS LIMITES MAXIMOS DE VELOCIDAD.,ESTRELLAMIENTOS,AUTOMOVIL,2,0,0,0,0,0,0,0,0,0,0,0,0,2,34,HOMBRE,LESIONADO,CONDUCTOR PRESENTE,NO,NO,0
18938,63811,63812,2019,0,0,-0.248554,-78.527753,PICHINCHA,QUITO,QUITO,URBANA,2019-05-21,20:08:00,20,MARTES,2,MAYO,5,NO,CONDUCIR VEHICULO SUPERANDO LOS LIMITES MAXIMOS DE VELOCIDAD.,OTROS,AUTOMOVIL,2,0,0,0,0,0,0,0,0,0,0,0,0,2,37,HOMBRE,ILESO,CONDUCTOR PRESENTE,NO,NO,0
18939,63817,63818,2019,2,0,-0.162023,-78.318223,PICHINCHA,QUITO,YARUQUI,RURAL,2019-05-22,03:00:00,3,MIERCOLES,3,MAYO,5,NO,CONDUCIR VEHICULO SUPERANDO LOS LIMITES MAXIMOS DE VELOCIDAD.,ESTRELLAMIENTOS,AUTOMOVIL,1,0,0,0,0,0,0,0,0,0,0,0,0,1,29,HOMBRE,LESIONADO,PASAJERO,NO,NO,3
18940,63822,63823,2019,1,0,-0.216851,-78.398795,PICHINCHA,QUITO,TUMBACO,RURAL,2019-05-22,05:45:00,5,MIERCOLES,3,MAYO,5,NO,CONDUCIR VEHICULO SUPERANDO LOS LIMITES MAXIMOS DE VELOCIDAD.,ATROPELLOS,NO IDENTIFICADO,0,0,0,0,0,0,0,0,0,1,0,0,0,1,17,HOMBRE,LESIONADO,PEATON,NO,NO,3
18941,63823,63824,2019,0,0,-0.243671,-78.485361,PICHINCHA,QUITO,QUITO,URBANA,2019-05-22,05:55:00,5,MIERCOLES,3,MAYO,5,NO,"NO RESPETAR LAS SENIALES REGLAMENTARIAS DE TRANSITO. (PARE, CEDA EL PASO, LUZ ROJA DEL SEMAFORO, ETC).",CHOQUE LATERAL,AUTOMOVIL,2,0,0,0,0,0,0,0,0,0,0,0,0,2,30,HOMBRE,ILESO,CONDUCTOR PRESENTE,NO,NO,0
18942,63830,63831,2019,0,0,-0.104841,-78.427376,PICHINCHA,QUITO,CALDERON (CARAPUNGO),RURAL,2019-05-22,09:15:00,9,MIERCOLES,3,MAYO,5,NO,"CONDUCE BAJO LA INFLUENCIA DE ALCOHOL, SUSTANCIAS ESTUPEFACIENTES O PSICOTROPICAS Y/O MEDICAMENTOS.",COLISION,CAMIONETA,2,0,0,0,1,0,0,0,0,0,0,0,0,3,38,HOMBRE,ILESO,CONDUCTOR PRESENTE,NO,NO,3
18943,63832,63833,2019,1,0,-0.150149,-78.490322,PICHINCHA,QUITO,QUITO,URBANA,2019-05-22,09:40:00,9,MIERCOLES,3,MAYO,5,NO,NO MANTENER LA DISTANCIA PRUDENCIAL CON RESPECTO AL VEHICULO QUE LE ANTECEDE.,CHOQUE POSTERIOR,CAMIONETA,1,0,0,0,1,0,0,0,0,0,0,0,0,2,35,MUJER,LESIONADO,CONDUCTOR PRESENTE,NO,NO,0
18944,63840,63841,2019,0,0,-0.282595,-78.470666,PICHINCHA,QUITO,CONOCOTO,RURAL,2019-05-22,12:50:00,12,MIERCOLES,3,MAYO,5,NO,CONDUCIR VEHICULO SUPERANDO LOS LIMITES MAXIMOS DE VELOCIDAD.,ESTRELLAMIENTOS,NO IDENTIFICADO,0,0,0,0,0,0,0,0,0,1,0,0,0,1,-1,NO IDENTIFICADO,NO IDENTIFICADO,CONDUCTOR AUSENTE,NO,NO,2
18945,63850,63851,2019,1,0,-0.150099,-78.453481,PICHINCHA,QUITO,QUITO,RURAL,2019-05-22,16:30:00,16,MIERCOLES,3,MAYO,5,NO,NO GUARDAR LA DISTANCIA LATERAL MINIMA DE SEGURIDAD ENTRE VEHICULOS.,ROZAMIENTOS,MOTOCICLETA,0,0,0,0,0,0,0,0,1,1,0,0,0,2,0,MUJER,LESIONADO,PASAJERO,NO,NO,3
18946,63854,63855,2019,1,0,-0.089832,-78.476221,PICHINCHA,QUITO,QUITO,RURAL,2019-05-22,19:15:00,19,MIERCOLES,3,MAYO,5,NO,PEATON QUE CRUZA LA CALZADA SIN RESPETAR LA SENIALIZACION EXISTENTE (SEMAFOROS O SENIALES MANUALES).,ATROPELLOS,AUTOMOVIL,1,0,0,0,0,0,0,0,0,0,0,0,0,1,6,HOMBRE,LESIONADO,PEATON,NO,NO,3
18947,63858,63859,2019,1,0,-0.214643,-78.516701,PICHINCHA,QUITO,QUITO,URBANA,2019-05-22,19:29:00,19,MIERCOLES,3,MAYO,5,NO,PEATON QUE CRUZA LA CALZADA SIN RESPETAR LA SENIALIZACION EXISTENTE (SEMAFOROS O SENIALES MANUALES).,ATROPELLOS,AUTOMOVIL,1,0,0,0,0,0,0,0,0,0,0,0,0,1,28,HOMBRE,LESIONADO,PEATON,NO,NO,0
18948,63869,63870,2019,1,0,-0.332815,-78.553441,PICHINCHA,QUITO,QUITO,URBANA,2019-05-22,23:30:00,23,MIERCOLES,3,MAYO,5,NO,CONDUCIR VEHICULO SUPERANDO LOS LIMITES MAXIMOS DE VELOCIDAD.,PERDIDA DE CARRIL,AUTOMOVIL,1,0,0,0,0,0,0,0,0,0,0,0,0,1,42,HOMBRE,LESIONADO,PASAJERO,NO,NO,0
18949,63871,63872,2019,3,0,-0.177392,-78.478207,PICHINCHA,QUITO,QUITO,URBANA,2019-05-23,00:05:00,0,JUEVES,4,MAYO,5,SI,"CONDUCE BAJO LA INFLUENCIA DE ALCOHOL, SUSTANCIAS ESTUPEFACIENTES O PSICOTROPICAS Y/O MEDICAMENTOS.",CHOQUE POSTERIOR,AUTOMOVIL,2,0,0,0,0,0,0,0,0,0,0,0,0,2,35,HOMBRE,LESIONADO,CONDUCTOR PRESENTE,NO,NO,0
18950,63874,63875,2019,0,0,-0.156465,-78.486234,PICHINCHA,QUITO,QUITO,URBANA,2019-05-23,01:50:00,1,JUEVES,4,MAYO,5,SI,CONDUCIR VEHICULO SUPERANDO LOS LIMITES MAXIMOS DE VELOCIDAD.,ESTRELLAMIENTOS,AUTOMOVIL,1,0,0,0,0,0,0,0,0,0,0,0,0,1,-1,NO IDENTIFICADO,NO IDENTIFICADO,CONDUCTOR AUSENTE,NO,NO,2
18951,63879,63880,2019,2,0,-0.127399,-78.312431,PICHINCHA,QUITO,CHECA (CHILPA),RURAL,2019-05-23,06:15:00,6,JUEVES,4,MAYO,5,SI,PEATON QUE CRUZA LA CALZADA SIN RESPETAR LA SENIALIZACION EXISTENTE (SEMAFOROS O SENIALES MANUALES).,ATROPELLOS,MOTOCICLETA,0,0,0,0,0,0,0,0,1,0,0,0,0,1,30,MUJER,LESIONADO,PEATON,NO,NO,3
18952,63882,63883,2019,0,0,-0.246043,-78.518524,PICHINCHA,QUITO,QUITO,URBANA,2019-05-23,08:07:00,8,JUEVES,4,MAYO,5,SI,"CONDUCE BAJO LA INFLUENCIA DE ALCOHOL, SUSTANCIAS ESTUPEFACIENTES O PSICOTROPICAS Y/O MEDICAMENTOS.",ROZAMIENTOS,CAMION,1,0,0,1,0,0,0,0,0,0,0,0,0,2,50,HOMBRE,ILESO,CONDUCTOR PRESENTE,NO,NO,0
18953,63883,63884,2019,0,0,-0.317898,-78.535609,PICHINCHA,QUITO,QUITO,URBANA,2019-05-23,08:10:00,8,JUEVES,4,MAYO,5,SI,NO GUARDAR LA DISTANCIA LATERAL MINIMA DE SEGURIDAD ENTRE VEHICULOS.,CHOQUE LATERAL,AUTOMOVIL,2,0,0,0,0,0,0,0,0,0,0,0,0,2,42,HOMBRE,ILESO,CONDUCTOR PRESENTE,NO,NO,0
18954,63884,63885,2019,2,0,-0.161592,-78.447584,PICHINCHA,QUITO,NAYON,RURAL,2019-05-23,08:35:00,8,JUEVES,4,MAYO,5,SI,CONDUCIR VEHICULO SUPERANDO LOS LIMITES MAXIMOS DE VELOCIDAD.,ESTRELLAMIENTOS,CAMION,0,0,0,2,0,0,0,0,0,0,0,0,0,2,24,HOMBRE,LESIONADO,PASAJERO,NO,NO,3
18955,63885,63886,2019,1,0,-0.252512,-78.521456,PICHINCHA,QUITO,QUITO,URBANA,2019-05-23,09:00:00,9,JUEVES,4,MAYO,5,SI,BAJARSE O SUBIRSE DE VEHICULOS EN MOVIMIENTO SIN TOMAR LAS PRECAUCIONES DEBIDAS.,CAIDA DE PASAJERO,NO IDENTIFICADO,0,0,0,0,0,0,0,0,0,1,0,0,0,1,76,MUJER,LESIONADO,PASAJERO,NO,NO,0
18956,63888,63889,2019,0,0,-0.214156,-78.360039,PICHINCHA,QUITO,PUEMBO,RURAL,2019-05-23,11:10:00,11,JUEVES,4,MAYO,5,SI,NO MANTENER LA DISTANCIA PRUDENCIAL CON RESPECTO AL VEHICULO QUE LE ANTECEDE.,COLISION,AUTOMOVIL,3,0,0,0,0,0,0,0,0,0,0,0,0,3,37,MUJER,ILESO,CONDUCTOR PRESENTE,NO,NO,3
18957,63893,63894,2019,1,0,-0.233765,-78.514155,PICHINCHA,QUITO,QUITO,URBANA,2019-05-23,12:35:00,12,JUEVES,4,MAYO,5,SI,NO MANTENER LA DISTANCIA PRUDENCIAL CON RESPECTO AL VEHICULO QUE LE ANTECEDE.,CHOQUE POSTERIOR,AUTOMOVIL,2,0,0,0,0,0,0,0,0,0,0,0,0,2,57,MUJER,LESIONADO,PASAJERO,NO,NO,0
18958,63896,63897,2019,1,0,-0.273094,-78.556705,PICHINCHA,QUITO,QUITO,URBANA,2019-05-23,13:30:00,13,JUEVES,4,MAYO,5,SI,NO TRANSITAR POR LAS ACERAS O ZONAS DE SEGURIDAD DESTINADAS PARA EL EFECTO.,ATROPELLOS,AUTOMOVIL,1,0,0,0,0,0,0,0,0,0,0,0,0,1,13,HOMBRE,LESIONADO,PEATON,NO,NO,0
18959,63898,63899,2019,0,0,-0.158928,-78.483775,PICHINCHA,QUITO,QUITO,URBANA,2019-05-23,14:00:00,14,JUEVES,4,MAYO,5,SI,NO MANTENER LA DISTANCIA PRUDENCIAL CON RESPECTO AL VEHICULO QUE LE ANTECEDE.,CHOQUE POSTERIOR,AUTOMOVIL,2,0,0,0,0,0,0,0,0,0,0,0,0,2,73,HOMBRE,ILESO,CONDUCTOR PRESENTE,NO,NO,0
18960,63899,63900,2019,1,0,-0.085894,-78.510717,PICHINCHA,QUITO,QUITO,URBANA,2019-05-23,14:10:00,14,JUEVES,4,MAYO,5,SI,NO TRANSITAR POR LAS ACERAS O ZONAS DE SEGURIDAD DESTINADAS PARA EL EFECTO.,ATROPELLOS,NO IDENTIFICADO,0,0,0,0,0,0,0,0,0,1,0,0,0,1,8,MUJER,LESIONADO,PEATON,NO,NO,0