,Unnamed: 0,ID,ANIO,LESIONADOS,FALLECIDOS,LATITUD_Y,LONGITUD_X,PROVINCIA,CANTON,PARROQUIA,ZONA,FECHA,HORA,PERIODO_2,DIA_1,DIA_2,MES_1,MES_2,FERIADO,CAUSA_PROBABLE,TIPO_DE_SINIESTRO,TIPO_DE_VEHICULO_1,AUTOMOVIL,BICICLETA,BUS,CAMION,CAMIONETA,EMERGENCIAS,ESPECIAL,FURGONETA,MOTOCICLETA,NO_IDENTIFICADO,SCOOTER_ELECTRICO,TRICIMOTO,VEHICULO_DEPORTIVO_UTILITARIO,SUMA_DE_VEHICULOS,EDAD_1,SEXO_1,CONDICION_1,PARTICIPANTE_1,CASCO_1,CINTURON_1,KMeans_Cluster
18961,63901,63902,2019,2,0,-0.063434,-78.287816,PICHINCHA,CAYAMBE,ASCAZUBI,RURAL,2019-05-23,14:30:00,14,JUEVES,4,MAYO,5,SI,"CONDUCIR DESATENTO A LAS CONDICIONES DE TRANSITO (CELULAR, PANTALLAS DE VIDEO, COMIDA, MAQUILLAJE O CUALQUIER OTRO ELEMENTO DISTRACTOR).",CHOQUE FRONTAL,CAMIONETA,0,0,0,0,2,0,0,0,0,0,0,0,0,2,0,MUJER,LESIONADO,PASAJERO,NO,SI,3
18962,63906,63907,2019,0,0,-0.336567,-78.438921,PICHINCHA,RUMINIAHUI,SANGOLQUI,URBANA,2019-05-23,15:20:00,15,JUEVES,4,MAYO,5,SI,"CONDUCE BAJO LA INFLUENCIA DE ALCOHOL, SUSTANCIAS ESTUPEFACIENTES O PSICOTROPICAS Y/O MEDICAMENTOS.",ESTRELLAMIENTOS,VEHICULO DEPORTIVO UTILITARIO,0,0,0,0,0,0,0,0,0,0,0,0,2,2,31,HOMBRE,ILESO,CONDUCTOR PRESENTE,NO,SI,0
18963,63911,63912,2019,1,0,-0.166275,-78.486863,PICHINCHA,QUITO,QUITO,URBANA,2019-05-23,17:15:00,17,JUEVES,4,MAYO,5,SI,NO MANTENER LA DISTANCIA PRUDENCIAL CON RESPECTO AL VEHICULO QUE LE ANTECEDE.,CHOQUE POSTERIOR,MOTOCICLETA,0,0,0,0,0,0,0,0,1,1,0,0,0,2,39,MUJER,LESIONADO,CONDUCTOR PRESENTE,NO,NO,0
18964,63913,63914,2019,0,0,-0.193327,-78.476315,PICHINCHA,QUITO,QUITO,URBANA,2019-05-23,19:25:00,19,JUEVES,4,MAYO,5,SI,NO MANTENER LA DISTANCIA PRUDENCIAL CON RESPECTO AL VEHICULO QUE LE ANTECEDE.,CHOQUE POSTERIOR,AUTOMOVIL,1,0,0,0,1,0,0,0,0,0,0,0,0,2,26,HOMBRE,ILESO,CONDUCTOR PRESENTE,NO,NO,0
18965,63917,63918,2019,0,0,-0.285382,-78.536795,PICHINCHA,QUITO,QUITO,URBANA,2019-05-23,20:50:00,20,JUEVES,4,MAYO,5,SI,NO MANTENER LA DISTANCIA PRUDENCIAL CON RESPECTO AL VEHICULO QUE LE ANTECEDE.,COLISION,AUTOMOVIL,2,0,0,0,0,0,0,0,0,1,0,0,0,3,32,HOMBRE,ILESO,CONDUCTOR PRESENTE,NO,NO,0
18966,63921,63922,2019,2,1,-0.229195,-78.500781,PICHINCHA,QUITO,QUITO,URBANA,2019-05-23,23:10:00,23,JUEVES,4,MAYO,5,SI,"CONDUCE BAJO LA INFLUENCIA DE ALCOHOL, SUSTANCIAS ESTUPEFACIENTES O PSICOTROPICAS Y/O MEDICAMENTOS.",CHOQUE FRONTAL,AUTOMOVIL,2,0,0,0,0,0,0,0,0,0,0,0,0,2,-1,MUJER,FALLECIDO,PASAJERO,NO,NO,0
18967,63922,63923,2019,1,0,-0.103278,-78.451558,PICHINCHA,QUITO,CALDERON (CARAPUNGO),RURAL,2019-05-23,23:11:00,23,JUEVES,4,MAYO,5,SI,"CONDUCE BAJO LA INFLUENCIA DE ALCOHOL, SUSTANCIAS ESTUPEFACIENTES O PSICOTROPICAS Y/O MEDICAMENTOS.",CHOQUE LATERAL,AUTOMOVIL,2,0,0,0,0,0,0,0,0,0,0,0,0,2,20,HOMBRE,LESIONADO,CONDUCTOR PRESENTE,NO,NO,3
18968,63924,63925,2019,0,0,-0.105701,-78.497596,PICHINCHA,QUITO,QUITO,URBANA,2019-05-23,23:42:00,23,JUEVES,4,MAYO,5,SI,"CONDUCE BAJO LA INFLUENCIA DE ALCOHOL, SUSTANCIAS ESTUPEFACIENTES O PSICOTROPICAS Y/O MEDICAMENTOS.",ROZAMIENTOS,AUTOMOVIL,2,0,0,0,0,0,0,0,0,0,0,0,0,2,26,HOMBRE,ILESO,CONDUCTOR PRESENTE,NO,NO,0
18969,63929,63930,2019,2,0,-0.344929,-78.548639,PICHINCHA,QUITO,QUITO,URBANA,2019-05-24,01:37:00,1,VIERNES,5,MAYO,5,SI,CONDUCIR VEHICULO SUPERANDO LOS LIMITES MAXIMOS DE VELOCIDAD.,ESTRELLAMIENTOS,AUTOMOVIL,2,0,0,0,0,0,0,0,0,0,0,0,0,2,52,MUJER,LESIONADO,PASAJERO,NO,NO,0
18970,63948,63949,2019,1,0,-0.097059,-78.428042,PICHINCHA,QUITO,CALDERON (CARAPUNGO),RURAL,2019-05-24,08:50:00,8,VIERNES,5,MAYO,5,SI,NO GUARDAR LA DISTANCIA LATERAL MINIMA DE SEGURIDAD ENTRE VEHICULOS.,CHOQUE LATERAL,MOTOCICLETA,1,0,0,0,0,0,0,0,1,0,0,0,0,2,30,HOMBRE,LESIONADO,CONDUCTOR PRESENTE,NO,NO,3
18971,63949,63950,2019,0,0,-0.210681,-78.424322,PICHINCHA,QUITO,CUMBAYA,RURAL,2019-05-24,09:10:00,9,VIERNES,5,MAYO,5,SI,"CONDICIONES AMBIENTALES Y/O ATMOSFERICAS (NIEBLA, NEBLINA, GRANIZO, LLUVIA).",CHOQUE LATERAL,CAMIONETA,1,0,0,0,1,0,0,0,0,0,0,0,0,2,69,HOMBRE,ILESO,CONDUCTOR PRESENTE,NO,NO,3
18972,63950,63951,2019,0,0,-0.142041,-78.443217,PICHINCHA,QUITO,LLANO CHICO,RURAL,2019-05-24,09:48:00,9,VIERNES,5,MAYO,5,SI,"CONDICIONES AMBIENTALES Y/O ATMOSFERICAS (NIEBLA, NEBLINA, GRANIZO, LLUVIA).",CHOQUE LATERAL,CAMIONETA,0,0,0,0,2,0,0,0,0,0,0,0,0,2,33,HOMBRE,ILESO,CONDUCTOR PRESENTE,NO,NO,3
18973,63951,63952,2019,5,0,-0.286505,-78.541696,PICHINCHA,QUITO,QUITO,URBANA,2019-05-24,10:10:00,10,VIERNES,5,MAYO,5,SI,"FALLA MECANICA EN LOS SISTEMAS Y/O NEUMATICOS (SISTEMA DE FRENOS, DIRECCION, ELECTRONICO O MECANICO).",ATROPELLOS,AUTOMOVIL,5,0,1,0,0,0,0,0,0,0,0,0,0,6,16,HOMBRE,LESIONADO,PEATON,NO,NO,0
18974,63953,63954,2019,0,0,-0.375496,-78.506023,PICHINCHA,QUITO,AMAGUANIA,RURAL,2019-05-24,11:00:00,11,VIERNES,5,MAYO,5,SI,NO GUARDAR LA DISTANCIA LATERAL MINIMA DE SEGURIDAD ENTRE VEHICULOS.,ROZAMIENTOS,AUTOMOVIL,1,0,0,0,0,0,0,0,0,1,0,0,0,2,36,HOMBRE,ILESO,CONDUCTOR PRESENTE,NO,NO,3
18975,63955,63956,2019,1,0,-0.545769,-78.585078,PICHINCHA,MEJIA,MACHACHI,RURAL,2019-05-24,11:30:00,11,VIERNES,5,MAYO,5,SI,BAJARSE O SUBIRSE DE VEHICULOS EN MOVIMIENTO SIN TOMAR LAS PRECAUCIONES DEBIDAS.,CAIDA DE PASAJERO,BUS,0,0,1,0,0,0,0,0,0,0,0,0,0,1,75,HOMBRE,LESIONADO,PASAJERO,NO,SI,3
18976,63961,63962,2019,0,0,-0.183572,-78.478838,PICHINCHA,QUITO,QUITO,URBANA,2019-05-24,14:41:00,14,VIERNES,5,MAYO,5,SI,"CONDUCE BAJO LA INFLUENCIA DE ALCOHOL, SUSTANCIAS ESTUPEFACIENTES O PSICOTROPICAS Y/O MEDICAMENTOS.",COLISION,CAMIONETA,1,0,0,0,1,0,0,0,1,0,0,0,0,3,36,HOMBRE,ILESO,CONDUCTOR PRESENTE,NO,NO,0
18977,63972,63973,2019,0,0,-0.161977,-78.483188,PICHINCHA,QUITO,QUITO,URBANA,2019-05-24,16:30:00,16,VIERNES,5,MAYO,5,SI,CONDUCIR VEHICULO SUPERANDO LOS LIMITES MAXIMOS DE VELOCIDAD.,PERDIDA DE CARRIL,AUTOMOVIL,1,0,0,0,0,0,0,0,0,0,0,0,0,1,28,HOMBRE,ILESO,CONDUCTOR PRESENTE,NO,NO,0
18978,63979,63980,2019,1,0,-0.131895,-78.311516,PICHINCHA,QUITO,CHECA (CHILPA),RURAL,2019-05-24,19:30:00,19,VIERNES,5,MAYO,5,SI,MALAS CONDICIONES DE LA VIA Y/O CONFIGURACION. (ILUMINACION Y DISENIO).,ATROPELLOS,NO IDENTIFICADO,0,0,0,0,0,0,0,0,0,1,0,0,0,1,36,MUJER,LESIONADO,PEATON,NO,SI,3
18979,63980,63981,2019,0,0,-0.186898,-78.482923,PICHINCHA,QUITO,QUITO,URBANA,2019-05-24,19:30:00,19,VIERNES,5,MAYO,5,SI,NO MANTENER LA DISTANCIA PRUDENCIAL CON RESPECTO AL VEHICULO QUE LE ANTECEDE.,COLISION,AUTOMOVIL,3,0,0,0,1,0,0,0,0,0,0,0,0,4,0,HOMBRE,ILESO,PASAJERO,NO,NO,0
18980,63981,63982,2019,1,0,-0.166817,-78.324895,PICHINCHA,QUITO,YARUQUI,RURAL,2019-05-24,19:40:00,19,VIERNES,5,MAYO,5,SI,"CONDUCIR DESATENTO A LAS CONDICIONES DE TRANSITO (CELULAR, PANTALLAS DE VIDEO, COMIDA, MAQUILLAJE O CUALQUIER OTRO ELEMENTO DISTRACTOR).",ATROPELLOS,NO IDENTIFICADO,0,0,0,0,0,0,0,0,0,1,0,0,0,1,16,HOMBRE,LESIONADO,PEATON,NO,SI,3
18981,63988,63989,2019,0,0,-0.146812,-78.493863,PICHINCHA,QUITO,QUITO,URBANA,2019-05-24,22:15:00,22,VIERNES,5,MAYO,5,SI,"NO RESPETAR LAS SENIALES REGLAMENTARIAS DE TRANSITO. (PARE, CEDA EL PASO, LUZ ROJA DEL SEMAFORO, ETC).",CHOQUE POSTERIOR,AUTOMOVIL,2,0,0,0,0,0,0,0,0,0,0,0,0,2,29,MUJER,ILESO,CONDUCTOR PRESENTE,NO,NO,0
18982,63993,63994,2019,0,0,-0.239251,-78.533402,PICHINCHA,QUITO,QUITO,URBANA,2019-05-25,00:20:00,0,SABADO,6,MAYO,5,SI,CONDUCIR VEHICULO SUPERANDO LOS LIMITES MAXIMOS DE VELOCIDAD.,ESTRELLAMIENTOS,AUTOMOVIL,1,0,0,0,0,0,0,0,0,0,0,0,0,1,-1,NO IDENTIFICADO,NO IDENTIFICADO,CONDUCTOR AUSENTE,NO,NO,2
18983,64002,64003,2019,1,0,-0.462714,-78.568451,PICHINCHA,MEJIA,ALOAG,RURAL,2019-05-25,05:20:00,5,SABADO,6,MAYO,5,SI,"CONDUCIR DESATENTO A LAS CONDICIONES DE TRANSITO (CELULAR, PANTALLAS DE VIDEO, COMIDA, MAQUILLAJE O CUALQUIER OTRO ELEMENTO DISTRACTOR).",ATROPELLOS,NO IDENTIFICADO,0,0,0,0,0,0,0,0,0,1,0,0,0,1,28,HOMBRE,LESIONADO,PEATON,NO,SI,3
18984,64007,64008,2019,1,0,-0.116014,-78.479591,PICHINCHA,QUITO,QUITO,URBANA,2019-05-25,05:50:00,5,SABADO,6,MAYO,5,SI,NO GUARDAR LA DISTANCIA LATERAL MINIMA DE SEGURIDAD ENTRE VEHICULOS.,CHOQUE LATERAL,MOTOCICLETA,1,0,0,0,0,0,0,0,1,0,0,0,0,2,22,HOMBRE,LESIONADO,CONDUCTOR PRESENTE,NO,NO,0
18985,64012,64013,2019,1,0,-0.250641,-78.538033,PICHINCHA,QUITO,QUITO,URBANA,2019-05-25,08:25:00,8,SABADO,6,MAYO,5,SI,CONDUCIR EN SENTIDO CONTRARIO A LA VIA NORMAL DE CIRCULACION.,CHOQUE FRONTAL,AUTOMOVIL,1,0,0,0,1,0,0,0,0,0,0,0,0,2,30,MUJER,LESIONADO,PASAJERO,NO,NO,0
18986,64013,64014,2019,0,0,-0.094214,-78.498201,PICHINCHA,QUITO,QUITO,URBANA,2019-05-25,08:30:00,8,SABADO,6,MAYO,5,SI,CONDUCIR EN SENTIDO CONTRARIO A LA VIA NORMAL DE CIRCULACION.,CHOQUE FRONTAL,CAMIONETA,0,0,0,0,1,0,0,0,1,0,0,0,0,2,-1,NO IDENTIFICADO,NO IDENTIFICADO,CONDUCTOR AUSENTE,NO,NO,2
18987,64015,64016,2019,1,0,-0.208705,-78.521981,PICHINCHA,QUITO,QUITO,URBANA,2019-05-25,08:40:00,8,SABADO,6,MAYO,5,SI,CONDUCIR VEHICULO SUPERANDO LOS LIMITES MAXIMOS DE VELOCIDAD.,PERDIDA DE CARRIL,MOTOCICLETA,0,0,0,0,0,0,0,0,1,0,0,0,0,1,20,HOMBRE,LESIONADO,PASAJERO,NO,NO,0
18988,64021,64022,2019,1,0,-0.129221,-78.444637,PICHINCHA,QUITO,LLANO CHICO,RURAL,2019-05-25,11:00:00,11,SABADO,6,MAYO,5,SI,CONDUCIR VEHICULO SUPERANDO LOS LIMITES MAXIMOS DE VELOCIDAD.,ESTRELLAMIENTOS,BICICLETA,1,1,0,0,0,0,0,0,0,0,0,0,0,2,13,HOMBRE,LESIONADO,PEATON,NO,NO,3
18989,64024,64025,2019,0,0,-0.217302,-78.505557,PICHINCHA,QUITO,QUITO,URBANA,2019-05-25,11:45:00,11,SABADO,6,MAYO,5,SI,CONDUCIR VEHICULO SUPERANDO LOS LIMITES MAXIMOS DE VELOCIDAD.,ESTRELLAMIENTOS,CAMION,0,0,0,1,0,0,0,0,0,0,0,0,0,1,31,HOMBRE,ILESO,CONDUCTOR PRESENTE,NO,NO,0
18990,64026,64027,2019,1,0,-0.258418,-78.544605,PICHINCHA,QUITO,QUITO,URBANA,2019-05-25,12:20:00,12,SABADO,6,MAYO,5,SI,"CONDUCE BAJO LA INFLUENCIA DE ALCOHOL, SUSTANCIAS ESTUPEFACIENTES O PSICOTROPICAS Y/O MEDICAMENTOS.",ATROPELLOS,AUTOMOVIL,1,0,0,0,0,0,0,0,0,0,0,0,0,1,44,HOMBRE,LESIONADO,PEATON,NO,NO,0
18991,64045,64046,2019,1,0,-0.172151,-78.491143,PICHINCHA,QUITO,QUITO,URBANA,2019-05-25,17:45:00,17,SABADO,6,MAYO,5,SI,PEATON QUE CRUZA LA CALZADA SIN RESPETAR LA SENIALIZACION EXISTENTE (SEMAFOROS O SENIALES MANUALES).,ATROPELLOS,AUTOMOVIL,1,0,0,0,0,0,0,0,0,0,0,0,0,1,37,HOMBRE,LESIONADO,PEATON,NO,NO,0
18992,64049,64050,2019,2,0,-0.212846,-78.487297,PICHINCHA,QUITO,QUITO,URBANA,2019-05-25,18:40:00,18,SABADO,6,MAYO,5,SI,NO CEDER EL DERECHO DE VIA O PREFERENCIA DE PASO A VEHICULOS.,CHOQUE LATERAL,MOTOCICLETA,1,0,0,0,0,0,0,0,1,0,0,0,0,2,18,MUJER,LESIONADO,PASAJERO,NO,NO,0
18993,64051,64052,2019,1,0,-0.445827,-78.680663,PICHINCHA,MEJIA,ALOAG,RURAL,2019-05-25,19:00:00,19,SABADO,6,MAYO,5,SI,"CONDUCIR DESATENTO A LAS CONDICIONES DE TRANSITO (CELULAR, PANTALLAS DE VIDEO, COMIDA, MAQUILLAJE O CUALQUIER OTRO ELEMENTO DISTRACTOR).",CHOQUE FRONTAL,CAMION,0,0,0,1,1,0,0,0,0,0,0,0,0,2,60,MUJER,LESIONADO,PASAJERO,NO,SI,3
18994,64053,64054,2019,0,1,-0.379975,-78.504195,PICHINCHA,QUITO,AMAGUANIA,RURAL,2019-05-25,19:15:00,19,SABADO,6,MAYO,5,SI,"CONDUCIR DESATENTO A LAS CONDICIONES DE TRANSITO (CELULAR, PANTALLAS DE VIDEO, COMIDA, MAQUILLAJE O CUALQUIER OTRO ELEMENTO DISTRACTOR).",ATROPELLOS,NO IDENTIFICADO,0,0,0,0,0,0,0,0,0,1,0,0,0,1,64,HOMBRE,FALLECIDO,PEATON,NO,SI,3
18995,64054,64055,2019,0,1,-0.108098,-78.298019,PICHINCHA,QUITO,EL QUINCHE,RURAL,2019-05-25,19:30:00,19,SABADO,6,MAYO,5,SI,"CONDUCIR DESATENTO A LAS CONDICIONES DE TRANSITO (CELULAR, PANTALLAS DE VIDEO, COMIDA, MAQUILLAJE O CUALQUIER OTRO ELEMENTO DISTRACTOR).",ATROPELLOS,NO IDENTIFICADO,0,0,0,0,0,0,0,0,0,1,0,0,0,1,0,HOMBRE,FALLECIDO,PEATON,NO,SI,3
18996,64063,64064,2019,0,0,-0.091585,-78.439052,PICHINCHA,QUITO,CALDERON (CARAPUNGO),RURAL,2019-05-25,21:30:00,21,SABADO,6,MAYO,5,SI,"CONDUCE BAJO LA INFLUENCIA DE ALCOHOL, SUSTANCIAS ESTUPEFACIENTES O PSICOTROPICAS Y/O MEDICAMENTOS.",ESTRELLAMIENTOS,AUTOMOVIL,3,0,0,0,0,0,0,0,0,0,0,0,0,3,57,HOMBRE,ILESO,CONDUCTOR PRESENTE,NO,NO,3
18997,64064,64065,2019,1,0,-0.243582,-78.518611,PICHINCHA,QUITO,QUITO,URBANA,2019-05-25,21:30:00,21,SABADO,6,MAYO,5,SI,CONDUCIR VEHICULO SUPERANDO LOS LIMITES MAXIMOS DE VELOCIDAD.,PERDIDA DE CARRIL,MOTOCICLETA,0,0,0,0,0,0,0,0,1,0,0,0,0,1,34,HOMBRE,LESIONADO,CONDUCTOR PRESENTE,NO,NO,0
18998,64065,64066,2019,1,0,-0.317898,-78.535609,PICHINCHA,QUITO,QUITO,URBANA,2019-05-25,21:50:00,21,SABADO,6,MAYO,5,SI,NO CEDER EL DERECHO DE VIA O PREFERENCIA DE PASO A VEHICULOS.,CHOQUE LATERAL,AUTOMOVIL,1,0,0,0,0,0,0,0,0,1,0,0,0,2,46,HOMBRE,LESIONADO,PEATON,NO,NO,0
18999,64073,64074,2019,0,0,-0.123889,-78.485799,PICHINCHA,QUITO,QUITO,URBANA,2019-05-25,23:06:00,23,SABADO,6,MAYO,5,SI,REALIZAR CAMBIO BRUSCO O INDEBIDO DE CARRIL.,CHOQUE LATERAL,CAMIONETA,1,0,0,0,1,0,0,0,0,0,0,0,0,2,49,HOMBRE,ILESO,CONDUCTOR PRESENTE,NO,NO,0
19000,64087,64088,2019,0,0,-0.241598,-78.532357,PICHINCHA,QUITO,QUITO,URBANA,2019-05-26,02:30:00,2,DOMINGO,7,MAYO,5,SI,"NO RESPETAR LAS SENIALES REGLAMENTARIAS DE TRANSITO. (PARE, CEDA EL PASO, LUZ ROJA DEL SEMAFORO, ETC).",CHOQUE LATERAL,MOTOCICLETA,0,0,0,0,0,0,0,0,1,1,0,0,0,2,28,MUJER,ILESO,PASAJERO,NO,NO,0
19001,64090,64091,2019,0,0,-0.204095,-78.458081,PICHINCHA,QUITO,QUITO,RURAL,2019-05-26,03:15:00,3,DOMINGO,7,MAYO,5,SI,CONDUCIR VEHICULO SUPERANDO LOS LIMITES MAXIMOS DE VELOCIDAD.,ESTRELLAMIENTOS,CAMIONETA,0,0,0,0,1,0,0,0,0,0,0,0,0,1,-1,NO IDENTIFICADO,NO IDENTIFICADO,CONDUCTOR AUSENTE,NO,NO,2
19002,64100,64101,2019,0,0,-0.257637,-78.517722,PICHINCHA,QUITO,QUITO,URBANA,2019-05-26,07:45:00,7,DOMINGO,7,MAYO,5,SI,NO CEDER EL DERECHO DE VIA O PREFERENCIA DE PASO A VEHICULOS.,CHOQUE LATERAL,CAMIONETA,0,0,0,0,1,0,0,0,0,1,0,0,0,2,30,HOMBRE,ILESO,CONDUCTOR PRESENTE,NO,NO,0
19003,64105,64106,2019,1,0,-0.331503,-78.544341,PICHINCHA,QUITO,QUITO,URBANA,2019-05-26,10:10:00,10,DOMINGO,7,MAYO,5,SI,"CONDUCE BAJO LA INFLUENCIA DE ALCOHOL, SUSTANCIAS ESTUPEFACIENTES O PSICOTROPICAS Y/O MEDICAMENTOS.",ATROPELLOS,AUTOMOVIL,1,0,0,0,0,0,0,0,0,0,0,0,0,1,43,HOMBRE,LESIONADO,PEATON,NO,NO,0
19004,64116,64117,2019,0,0,-0.005868,-78.445074,PICHINCHA,QUITO,SAN ANTONIO (QUITO),RURAL,2019-05-26,15:00:00,15,DOMINGO,7,MAYO,5,SI,REALIZAR CAMBIO BRUSCO O INDEBIDO DE CARRIL.,CHOQUE LATERAL,AUTOMOVIL,2,0,0,0,0,0,0,0,0,0,0,0,0,2,41,HOMBRE,ILESO,CONDUCTOR PRESENTE,NO,NO,3
19005,64118,64119,2019,1,0,-0.229973,-78.501252,PICHINCHA,QUITO,QUITO,URBANA,2019-05-26,15:25:00,15,DOMINGO,7,MAYO,5,SI,NO MANTENER LA DISTANCIA PRUDENCIAL CON RESPECTO AL VEHICULO QUE LE ANTECEDE.,CHOQUE POSTERIOR,MOTOCICLETA,1,0,0,0,0,0,0,0,1,0,0,0,0,2,21,HOMBRE,LESIONADO,CONDUCTOR PRESENTE,NO,NO,0
19006,64122,64123,2019,0,0,-0.185623,-78.343085,PICHINCHA,QUITO,TABABELA,RURAL,2019-05-26,16:15:00,16,DOMINGO,7,MAYO,5,SI,CONDUCIR VEHICULO SUPERANDO LOS LIMITES MAXIMOS DE VELOCIDAD.,ESTRELLAMIENTOS,AUTOMOVIL,2,0,0,0,0,0,0,0,0,0,0,0,0,2,18,HOMBRE,ILESO,PASAJERO,NO,NO,3
19007,64125,64126,2019,1,0,-0.006491,-78.228775,PICHINCHA,CAYAMBE,CANGAHUA,RURAL,2019-05-26,16:50:00,16,DOMINGO,7,MAYO,5,SI,"CONDUCIR DESATENTO A LAS CONDICIONES DE TRANSITO (CELULAR, PANTALLAS DE VIDEO, COMIDA, MAQUILLAJE O CUALQUIER OTRO ELEMENTO DISTRACTOR).",CHOQUE POSTERIOR,AUTOMOVIL,2,0,0,0,0,0,0,0,0,0,0,0,0,2,9,HOMBRE,LESIONADO,PASAJERO,NO,SI,3
19008,64128,64129,2019,1,0,-0.280955,-78.548788,PICHINCHA,QUITO,QUITO,URBANA,2019-05-26,18:20:00,18,DOMINGO,7,MAYO,5,SI,NO MANTENER LA DISTANCIA PRUDENCIAL CON RESPECTO AL VEHICULO QUE LE ANTECEDE.,CHOQUE POSTERIOR,AUTOMOVIL,2,0,0,0,0,0,0,0,0,0,0,0,0,2,34,MUJER,LESIONADO,PASAJERO,NO,NO,0
19009,64130,64131,2019,1,0,-0.233589,-78.539717,PICHINCHA,QUITO,QUITO,URBANA,2019-05-26,18:48:00,18,DOMINGO,7,MAYO,5,SI,DEJAR O RECOGER PASAJEROS EN LUGARES NO PERMITIDOS.,CAIDA DE PASAJERO,BUS,0,0,1,0,0,0,0,0,0,0,0,0,0,1,55,HOMBRE,LESIONADO,PASAJERO,NO,NO,0
19010,64151,64152,2019,0,0,-0.062211,-78.432685,PICHINCHA,QUITO,CALDERON (CARAPUNGO),RURAL,2019-05-27,07:25:00,7,LUNES,1,MAYO,5,NO,"CONDUCIR DESATENTO A LAS CONDICIONES DE TRANSITO (CELULAR, PANTALLAS DE VIDEO, COMIDA, MAQUILLAJE O CUALQUIER OTRO ELEMENTO DISTRACTOR).",ESTRELLAMIENTOS,FURGONETA,0,0,0,0,0,0,0,1,0,0,0,0,0,1,-1,NO IDENTIFICADO,NO IDENTIFICADO,CONDUCTOR AUSENTE,NO,NO,2
19011,64154,64155,2019,1,0,-0.291144,-78.545957,PICHINCHA,QUITO,QUITO,URBANA,2019-05-27,07:53:00,7,LUNES,1,MAYO,5,NO,"NO RESPETAR LAS SENIALES REGLAMENTARIAS DE TRANSITO. (PARE, CEDA EL PASO, LUZ ROJA DEL SEMAFORO, ETC).",OTROS,AUTOMOVIL,3,0,0,0,0,0,0,0,0,0,0,0,0,3,22,HOMBRE,LESIONADO,CONDUCTOR PRESENTE,NO,NO,0
19012,64157,64158,2019,0,0,-0.273311,-78.495406,PICHINCHA,QUITO,CONOCOTO,RURAL,2019-05-27,08:40:00,8,LUNES,1,MAYO,5,NO,"NO RESPETAR LAS SENIALES REGLAMENTARIAS DE TRANSITO. (PARE, CEDA EL PASO, LUZ ROJA DEL SEMAFORO, ETC).",CHOQUE LATERAL,CAMIONETA,0,0,0,0,2,0,0,0,0,0,0,0,0,2,42,HOMBRE,ILESO,CONDUCTOR PRESENTE,NO,NO,3
19013,64169,64170,2019,1,0,-0.286581,-78.549902,PICHINCHA,QUITO,QUITO,URBANA,2019-05-27,13:10:00,13,LUNES,1,MAYO,5,NO,NO CEDER EL DERECHO DE VIA O PREFERENCIA DE PASO AL PEATON.,ATROPELLOS,NO IDENTIFICADO,0,0,0,0,0,0,0,0,0,1,0,0,0,1,6,MUJER,LESIONADO,PEATON,NO,NO,0
19014,64175,64176,2019,1,0,-0.240991,-78.531973,PICHINCHA,QUITO,QUITO,URBANA,2019-05-27,14:40:00,14,LUNES,1,MAYO,5,NO,"NO RESPETAR LAS SENIALES REGLAMENTARIAS DE TRANSITO. (PARE, CEDA EL PASO, LUZ ROJA DEL SEMAFORO, ETC).",ATROPELLOS,AUTOMOVIL,1,0,0,0,0,0,0,0,0,0,0,0,0,1,6,HOMBRE,LESIONADO,PEATON,NO,NO,0
19015,64179,64180,2019,0,0,-0.158324,-78.491711,PICHINCHA,QUITO,QUITO,URBANA,2019-05-27,16:08:00,16,LUNES,1,MAYO,5,NO,CONDUCIR VEHICULO SUPERANDO LOS LIMITES MAXIMOS DE VELOCIDAD.,ESTRELLAMIENTOS,CAMIONETA,0,0,0,0,1,0,0,0,0,0,0,0,0,1,22,HOMBRE,ILESO,CONDUCTOR PRESENTE,NO,NO,0
19016,64180,64181,2019,1,0,-0.243671,-78.486351,PICHINCHA,QUITO,QUITO,URBANA,2019-05-27,16:10:00,16,LUNES,1,MAYO,5,NO,NO TRANSITAR POR LAS ACERAS O ZONAS DE SEGURIDAD DESTINADAS PARA EL EFECTO.,ATROPELLOS,MOTOCICLETA,0,0,0,0,0,0,0,0,1,0,0,0,0,1,27,HOMBRE,LESIONADO,CONDUCTOR PRESENTE,NO,NO,0
19017,64184,64185,2019,1,0,-0.259984,-78.530679,PICHINCHA,QUITO,QUITO,URBANA,2019-05-27,18:50:00,18,LUNES,1,MAYO,5,NO,"NO RESPETAR LAS SENIALES REGLAMENTARIAS DE TRANSITO. (PARE, CEDA EL PASO, LUZ ROJA DEL SEMAFORO, ETC).",COLISION,CAMIONETA,2,0,0,0,1,0,0,0,0,0,0,0,0,3,37,HOMBRE,LESIONADO,CONDUCTOR PRESENTE,NO,NO,0
19018,64187,64188,2019,1,0,-0.334961,-78.548029,PICHINCHA,QUITO,QUITO,URBANA,2019-05-27,19:30:00,19,LUNES,1,MAYO,5,NO,"ADELANTAR O REBASAR A OTRO VEHICULO EN MOVIMIENTO EN ZONAS O SITIOS PELIGROSOS TALES COMO: CURVAS, PUENTES, TUNELES, PENDIENTES, ETC.",ROZAMIENTOS,BICICLETA,1,1,0,0,0,0,0,0,0,0,0,0,0,2,15,HOMBRE,LESIONADO,PASAJERO,NO,NO,0
19019,64192,64193,2019,0,0,-0.139026,-78.501143,PICHINCHA,QUITO,QUITO,URBANA,2019-05-27,22:18:00,22,LUNES,1,MAYO,5,NO,"NO RESPETAR LAS SENIALES REGLAMENTARIAS DE TRANSITO. (PARE, CEDA EL PASO, LUZ ROJA DEL SEMAFORO, ETC).",CHOQUE LATERAL,AUTOMOVIL,2,0,0,0,0,0,0,0,0,0,0,0,0,2,19,HOMBRE,ILESO,CONDUCTOR PRESENTE,NO,NO,0