,Unnamed: 0,ID,ANIO,LESIONADOS,FALLECIDOS,LATITUD_Y,LONGITUD_X,PROVINCIA,CANTON,PARROQUIA,ZONA,FECHA,HORA,PERIODO_2,DIA_1,DIA_2,MES_1,MES_2,FERIADO,CAUSA_PROBABLE,TIPO_DE_SINIESTRO,TIPO_DE_VEHICULO_1,AUTOMOVIL,BICICLETA,BUS,CAMION,CAMIONETA,EMERGENCIAS,ESPECIAL,FURGONETA,MOTOCICLETA,NO_IDENTIFICADO,SCOOTER_ELECTRICO,TRICIMOTO,VEHICULO_DEPORTIVO_UTILITARIO,SUMA_DE_VEHICULOS,EDAD_1,SEXO_1,CONDICION_1,PARTICIPANTE_1,CASCO_1,CINTURON_1,KMeans_Cluster
19020,64194,64195,2019,0,0,-0.099083,-78.421844,PICHINCHA,QUITO,CALDERON (CARAPUNGO),RURAL,2019-05-28,00:40:00,0,MARTES,2,MAYO,5,NO,NO MANTENER LA DISTANCIA PRUDENCIAL CON RESPECTO AL VEHICULO QUE LE ANTECEDE.,CHOQUE POSTERIOR,CAMIONETA,0,0,0,0,2,0,0,0,0,0,0,0,0,2,29,MUJER,ILESO,CONDUCTOR PRESENTE,NO,NO,3
19021,64213,64214,2019,0,0,-0.370511,-78.551414,PICHINCHA,MEJIA,CUTUGLAHUA,RURAL,2019-05-28,11:00:00,11,MARTES,2,MAYO,5,NO,"CONDUCIR DESATENTO A LAS CONDICIONES DE TRANSITO (CELULAR, PANTALLAS DE VIDEO, COMIDA, MAQUILLAJE O CUALQUIER OTRO ELEMENTO DISTRACTOR).",CHOQUE POSTERIOR,CAMION,0,0,1,1,0,0,0,0,0,0,0,0,0,2,69,HOMBRE,ILESO,CONDUCTOR PRESENTE,NO,SI,3
19022,64222,64223,2019,0,0,-0.139611,-78.473846,PICHINCHA,QUITO,QUITO,URBANA,2019-05-28,14:45:00,14,MARTES,2,MAYO,5,NO,"ADELANTAR O REBASAR A OTRO VEHICULO EN MOVIMIENTO EN ZONAS O SITIOS PELIGROSOS TALES COMO: CURVAS, PUENTES, TUNELES, PENDIENTES, ETC.",ROZAMIENTOS,CAMIONETA,2,0,0,0,1,0,0,0,0,0,0,0,0,3,77,HOMBRE,ILESO,CONDUCTOR PRESENTE,NO,NO,0
19023,64229,64230,2019,0,0,-0.104832,-78.501595,PICHINCHA,QUITO,QUITO,URBANA,2019-05-28,19:15:00,19,MARTES,2,MAYO,5,NO,"NO RESPETAR LAS SENIALES REGLAMENTARIAS DE TRANSITO. (PARE, CEDA EL PASO, LUZ ROJA DEL SEMAFORO, ETC).",CHOQUE LATERAL,MOTOCICLETA,1,0,0,0,0,0,0,0,1,0,0,0,0,2,25,HOMBRE,ILESO,CONDUCTOR PRESENTE,NO,NO,0
19024,64237,64238,2019,4,0,-0.084163,-78.418921,PICHINCHA,QUITO,CALDERON (CARAPUNGO),RURAL,2019-05-28,22:15:00,22,MARTES,2,MAYO,5,NO,"NO RESPETAR LAS SENIALES REGLAMENTARIAS DE TRANSITO. (PARE, CEDA EL PASO, LUZ ROJA DEL SEMAFORO, ETC).",CHOQUE LATERAL,MOTOCICLETA,0,0,0,0,0,0,0,0,2,0,0,0,0,2,7,HOMBRE,LESIONADO,PASAJERO,NO,NO,3
19025,64244,64245,2019,0,0,-0.257311,-78.554582,PICHINCHA,QUITO,QUITO,URBANA,2019-05-29,05:25:00,5,MIERCOLES,3,MAYO,5,NO,CONDUCIR VEHICULO SUPERANDO LOS LIMITES MAXIMOS DE VELOCIDAD.,ESTRELLAMIENTOS,CAMIONETA,0,0,0,0,1,0,0,0,0,0,0,0,0,1,27,HOMBRE,ILESO,CONDUCTOR PRESENTE,NO,NO,0
19026,64245,64246,2019,0,0,-0.215377,-78.515878,PICHINCHA,QUITO,QUITO,URBANA,2019-05-29,06:15:00,6,MIERCOLES,3,MAYO,5,NO,NO CEDER EL DERECHO DE VIA O PREFERENCIA DE PASO A VEHICULOS.,CHOQUE LATERAL,AUTOMOVIL,2,0,0,0,0,0,0,0,0,0,0,0,0,2,29,HOMBRE,ILESO,CONDUCTOR PRESENTE,NO,NO,0
19027,64246,64247,2019,1,0,-0.084742,-78.585075,PICHINCHA,QUITO,NONO,URBANA,2019-05-29,06:25:00,6,MIERCOLES,3,MAYO,5,NO,NO GUARDAR LA DISTANCIA LATERAL MINIMA DE SEGURIDAD ENTRE VEHICULOS.,CHOQUE LATERAL,NO IDENTIFICADO,0,0,0,0,0,0,0,0,0,2,0,0,0,2,48,HOMBRE,LESIONADO,CONDUCTOR PRESENTE,NO,NO,0
19028,64249,64250,2019,0,0,-0.234268,-78.514554,PICHINCHA,QUITO,QUITO,URBANA,2019-05-29,07:30:00,7,MIERCOLES,3,MAYO,5,NO,NO GUARDAR LA DISTANCIA LATERAL MINIMA DE SEGURIDAD ENTRE VEHICULOS.,ROZAMIENTOS,MOTOCICLETA,0,0,0,0,0,0,0,0,1,1,0,0,0,2,28,HOMBRE,ILESO,CONDUCTOR PRESENTE,NO,NO,0
19029,64251,64252,2019,0,0,-0.086861,-78.469736,PICHINCHA,QUITO,QUITO,URBANA,2019-05-29,10:20:00,10,MIERCOLES,3,MAYO,5,NO,REALIZAR CAMBIO BRUSCO O INDEBIDO DE CARRIL.,OTROS,CAMION,0,0,0,2,0,0,0,0,0,0,0,0,0,2,22,HOMBRE,ILESO,PASAJERO,NO,NO,0
19030,64260,64261,2019,1,0,-0.092821,-78.414481,PICHINCHA,QUITO,CALDERON (CARAPUNGO),RURAL,2019-05-29,12:45:00,12,MIERCOLES,3,MAYO,5,NO,"CONDUCIR DESATENTO A LAS CONDICIONES DE TRANSITO (CELULAR, PANTALLAS DE VIDEO, COMIDA, MAQUILLAJE O CUALQUIER OTRO ELEMENTO DISTRACTOR).",ATROPELLOS,NO IDENTIFICADO,0,0,0,0,0,0,0,0,0,1,0,0,0,1,8,MUJER,LESIONADO,PEATON,NO,SI,3
19031,64263,64264,2019,0,0,-0.099083,-78.421844,PICHINCHA,QUITO,CALDERON (CARAPUNGO),RURAL,2019-05-29,13:48:00,13,MIERCOLES,3,MAYO,5,NO,NO MANTENER LA DISTANCIA PRUDENCIAL CON RESPECTO AL VEHICULO QUE LE ANTECEDE.,CHOQUE POSTERIOR,AUTOMOVIL,2,0,0,0,0,0,0,0,0,0,0,0,0,2,19,HOMBRE,ILESO,CONDUCTOR PRESENTE,NO,NO,3
19032,64266,64267,2019,0,0,-0.199638,-78.492479,PICHINCHA,QUITO,QUITO,URBANA,2019-05-29,14:45:00,14,MIERCOLES,3,MAYO,5,NO,NO CEDER EL DERECHO DE VIA O PREFERENCIA DE PASO A VEHICULOS.,CHOQUE LATERAL,AUTOMOVIL,2,0,0,0,0,0,0,0,0,0,0,0,0,2,26,MUJER,ILESO,CONDUCTOR PRESENTE,NO,NO,0
19033,64270,64271,2019,0,0,-0.137645,-78.501298,PICHINCHA,QUITO,QUITO,URBANA,2019-05-29,15:45:00,15,MIERCOLES,3,MAYO,5,NO,NO MANTENER LA DISTANCIA PRUDENCIAL CON RESPECTO AL VEHICULO QUE LE ANTECEDE.,COLISION,AUTOMOVIL,3,0,0,0,0,0,0,0,0,0,0,0,0,3,54,MUJER,ILESO,CONDUCTOR PRESENTE,NO,NO,0
19034,64288,64289,2019,0,0,-0.211771,-78.392531,PICHINCHA,QUITO,TUMBACO,RURAL,2019-05-29,22:30:00,22,MIERCOLES,3,MAYO,5,NO,NO CEDER EL DERECHO DE VIA O PREFERENCIA DE PASO AL PEATON.,ATROPELLOS,MOTOCICLETA,0,0,0,0,0,0,0,0,1,0,0,0,0,1,36,HOMBRE,ILESO,PEATON,NO,NO,3
19035,64290,64291,2019,1,0,-0.093091,-78.479288,PICHINCHA,QUITO,QUITO,URBANA,2019-05-29,23:59:00,23,MIERCOLES,3,MAYO,5,NO,NO MANTENER LA DISTANCIA PRUDENCIAL CON RESPECTO AL VEHICULO QUE LE ANTECEDE.,CHOQUE POSTERIOR,CAMION,0,0,0,1,0,0,0,0,1,0,0,0,0,2,22,HOMBRE,LESIONADO,CONDUCTOR PRESENTE,NO,NO,0
19036,64292,64293,2019,0,0,-0.144973,-78.469451,PICHINCHA,QUITO,QUITO,URBANA,2019-05-30,01:45:00,1,JUEVES,4,MAYO,5,NO,"CONDUCE BAJO LA INFLUENCIA DE ALCOHOL, SUSTANCIAS ESTUPEFACIENTES O PSICOTROPICAS Y/O MEDICAMENTOS.",ESTRELLAMIENTOS,AUTOMOVIL,1,0,0,0,0,0,0,0,0,0,0,0,0,1,32,HOMBRE,ILESO,CONDUCTOR PRESENTE,NO,NO,0
19037,64295,64296,2019,0,0,-0.271991,-78.529167,PICHINCHA,QUITO,QUITO,URBANA,2019-05-30,05:15:00,5,JUEVES,4,MAYO,5,NO,"CONDUCE BAJO LA INFLUENCIA DE ALCOHOL, SUSTANCIAS ESTUPEFACIENTES O PSICOTROPICAS Y/O MEDICAMENTOS.",CHOQUE LATERAL,AUTOMOVIL,2,0,0,0,0,0,0,0,0,0,0,0,0,2,29,HOMBRE,ILESO,CONDUCTOR PRESENTE,NO,NO,0
19038,64296,64297,2019,1,0,-0.267229,-78.527199,PICHINCHA,QUITO,QUITO,URBANA,2019-05-30,06:00:00,6,JUEVES,4,MAYO,5,NO,NO GUARDAR LA DISTANCIA LATERAL MINIMA DE SEGURIDAD ENTRE VEHICULOS.,CHOQUE LATERAL,MOTOCICLETA,1,0,0,0,0,0,0,0,1,0,0,0,0,2,29,HOMBRE,LESIONADO,CONDUCTOR PRESENTE,NO,NO,0
19039,64299,64300,2019,0,0,-0.140855,-78.479931,PICHINCHA,QUITO,QUITO,URBANA,2019-05-30,07:10:00,7,JUEVES,4,MAYO,5,NO,"NO RESPETAR LAS SENIALES REGLAMENTARIAS DE TRANSITO. (PARE, CEDA EL PASO, LUZ ROJA DEL SEMAFORO, ETC).",CHOQUE LATERAL,AUTOMOVIL,1,0,0,0,1,0,0,0,0,0,0,0,0,2,40,MUJER,ILESO,CONDUCTOR PRESENTE,NO,NO,0
19040,64300,64301,2019,0,0,-0.163331,-78.489608,PICHINCHA,QUITO,QUITO,URBANA,2019-05-30,08:15:00,8,JUEVES,4,MAYO,5,NO,"NO RESPETAR LAS SENIALES REGLAMENTARIAS DE TRANSITO. (PARE, CEDA EL PASO, LUZ ROJA DEL SEMAFORO, ETC).",CHOQUE LATERAL,AUTOMOVIL,1,0,0,0,0,0,0,0,1,0,0,0,0,2,44,HOMBRE,ILESO,CONDUCTOR PRESENTE,NO,NO,0
19041,64307,64308,2019,1,0,-0.256082,-78.552479,PICHINCHA,QUITO,QUITO,URBANA,2019-05-30,12:20:00,12,JUEVES,4,MAYO,5,NO,NO CEDER EL DERECHO DE VIA O PREFERENCIA DE PASO AL PEATON.,ATROPELLOS,NO IDENTIFICADO,0,0,0,0,0,0,0,0,0,1,0,0,0,1,9,HOMBRE,LESIONADO,PEATON,NO,NO,0
19042,64311,64312,2019,0,0,-0.275541,-78.545262,PICHINCHA,QUITO,QUITO,URBANA,2019-05-30,14:20:00,14,JUEVES,4,MAYO,5,NO,NO GUARDAR LA DISTANCIA LATERAL MINIMA DE SEGURIDAD ENTRE VEHICULOS.,CHOQUE LATERAL,CAMION,1,0,0,1,0,0,0,0,0,0,0,0,0,2,34,HOMBRE,ILESO,CONDUCTOR PRESENTE,NO,NO,0
19043,64314,64315,2019,0,0,-0.237587,-78.484667,PICHINCHA,QUITO,QUITO,URBANA,2019-05-30,16:10:00,16,JUEVES,4,MAYO,5,NO,CONDUCIR VEHICULO SUPERANDO LOS LIMITES MAXIMOS DE VELOCIDAD.,ESTRELLAMIENTOS,CAMIONETA,0,0,0,0,1,0,0,0,0,0,0,0,0,1,52,HOMBRE,ILESO,CONDUCTOR PRESENTE,NO,NO,0
19044,64315,64316,2019,0,0,-0.237436,-78.484272,PICHINCHA,QUITO,QUITO,URBANA,2019-05-30,16:10:00,16,JUEVES,4,MAYO,5,NO,NO MANTENER LA DISTANCIA PRUDENCIAL CON RESPECTO AL VEHICULO QUE LE ANTECEDE.,CHOQUE POSTERIOR,AUTOMOVIL,2,0,0,0,0,0,0,0,0,0,0,0,0,2,45,MUJER,ILESO,CONDUCTOR PRESENTE,NO,NO,0
19045,64319,64320,2019,0,0,-0.114911,-78.488609,PICHINCHA,QUITO,QUITO,URBANA,2019-05-30,17:15:00,17,JUEVES,4,MAYO,5,NO,"NO RESPETAR LAS SENIALES REGLAMENTARIAS DE TRANSITO. (PARE, CEDA EL PASO, LUZ ROJA DEL SEMAFORO, ETC).",CHOQUE LATERAL,AUTOMOVIL,2,0,0,0,0,0,0,0,0,0,0,0,0,2,32,HOMBRE,ILESO,CONDUCTOR PRESENTE,NO,NO,0
19046,64327,64328,2019,0,0,-0.249045,-78.512119,PICHINCHA,QUITO,QUITO,URBANA,2019-05-30,20:00:00,20,JUEVES,4,MAYO,5,NO,NO GUARDAR LA DISTANCIA LATERAL MINIMA DE SEGURIDAD ENTRE VEHICULOS.,CHOQUE LATERAL,AUTOMOVIL,1,0,0,0,0,0,0,0,0,1,0,0,0,2,27,HOMBRE,ILESO,CONDUCTOR PRESENTE,NO,NO,0
19047,64331,64332,2019,1,0,-0.280841,-78.548733,PICHINCHA,QUITO,QUITO,URBANA,2019-05-30,21:30:00,21,JUEVES,4,MAYO,5,NO,NO GUARDAR LA DISTANCIA LATERAL MINIMA DE SEGURIDAD ENTRE VEHICULOS.,CHOQUE LATERAL,MOTOCICLETA,1,0,0,0,0,0,0,0,1,0,0,0,0,2,22,HOMBRE,LESIONADO,PASAJERO,NO,NO,0
19048,64337,64338,2019,1,0,-0.239336,-78.509581,PICHINCHA,QUITO,QUITO,URBANA,2019-05-30,23:40:00,23,JUEVES,4,MAYO,5,NO,CONDUCIR VEHICULO SUPERANDO LOS LIMITES MAXIMOS DE VELOCIDAD.,ATROPELLOS,NO IDENTIFICADO,0,0,0,0,0,0,0,0,0,1,0,0,0,1,36,HOMBRE,LESIONADO,PEATON,NO,NO,0
19049,64338,64339,2019,0,0,-0.074413,-78.461781,PICHINCHA,QUITO,QUITO,URBANA,2019-05-31,00:15:00,0,VIERNES,5,MAYO,5,NO,CONDUCIR VEHICULO SUPERANDO LOS LIMITES MAXIMOS DE VELOCIDAD.,ESTRELLAMIENTOS,AUTOMOVIL,1,0,0,0,0,0,0,0,0,0,0,0,0,1,-1,NO IDENTIFICADO,NO IDENTIFICADO,CONDUCTOR AUSENTE,NO,NO,2
19050,64339,64340,2019,0,0,-0.162568,-78.494124,PICHINCHA,QUITO,QUITO,URBANA,2019-05-31,01:10:00,1,VIERNES,5,MAYO,5,NO,CONDUCIR VEHICULO SUPERANDO LOS LIMITES MAXIMOS DE VELOCIDAD.,PERDIDA DE CARRIL,AUTOMOVIL,1,0,0,0,0,0,0,0,0,0,0,0,0,1,-1,NO IDENTIFICADO,NO IDENTIFICADO,CONDUCTOR AUSENTE,NO,NO,2
19051,64340,64341,2019,2,0,-0.241882,-78.518664,PICHINCHA,QUITO,QUITO,URBANA,2019-05-31,01:30:00,1,VIERNES,5,MAYO,5,NO,"CONDUCE BAJO LA INFLUENCIA DE ALCOHOL, SUSTANCIAS ESTUPEFACIENTES O PSICOTROPICAS Y/O MEDICAMENTOS.",CHOQUE LATERAL,MOTOCICLETA,1,0,0,0,0,0,0,0,1,0,0,0,0,2,27,HOMBRE,LESIONADO,CONDUCTOR PRESENTE,NO,NO,0
19052,64347,64348,2019,0,0,-0.099083,-78.421844,PICHINCHA,QUITO,CALDERON (CARAPUNGO),RURAL,2019-05-31,05:00:00,5,VIERNES,5,MAYO,5,NO,CONDUCIR VEHICULO SUPERANDO LOS LIMITES MAXIMOS DE VELOCIDAD.,ESTRELLAMIENTOS,AUTOMOVIL,1,0,0,0,0,0,0,0,0,0,0,0,0,1,47,MUJER,ILESO,CONDUCTOR PRESENTE,NO,NO,3
19053,64351,64352,2019,1,0,-0.235681,-78.524885,PICHINCHA,QUITO,QUITO,URBANA,2019-05-31,06:00:00,6,VIERNES,5,MAYO,5,NO,"CONDICIONES AMBIENTALES Y/O ATMOSFERICAS (NIEBLA, NEBLINA, GRANIZO, LLUVIA).",ATROPELLOS,BICICLETA,0,1,0,0,0,0,0,0,0,1,0,0,0,2,29,HOMBRE,LESIONADO,CONDUCTOR PRESENTE,NO,NO,0
19054,64353,64354,2019,2,0,0.033649,-78.148725,PICHINCHA,CAYAMBE,CAYAMBE,RURAL,2019-05-31,07:00:00,7,VIERNES,5,MAYO,5,NO,"CONDUCIR DESATENTO A LAS CONDICIONES DE TRANSITO (CELULAR, PANTALLAS DE VIDEO, COMIDA, MAQUILLAJE O CUALQUIER OTRO ELEMENTO DISTRACTOR).",ATROPELLOS,NO IDENTIFICADO,0,0,0,0,0,0,0,0,0,1,0,0,0,1,4,MUJER,LESIONADO,PEATON,NO,SI,3
19055,64354,64355,2019,1,0,-0.303766,-78.542681,PICHINCHA,QUITO,QUITO,URBANA,2019-05-31,07:10:00,7,VIERNES,5,MAYO,5,NO,NO TRANSITAR POR LAS ACERAS O ZONAS DE SEGURIDAD DESTINADAS PARA EL EFECTO.,ATROPELLOS,AUTOMOVIL,2,0,0,0,0,0,0,0,0,1,0,0,0,3,10,MUJER,LESIONADO,PEATON,NO,NO,0
19056,64357,64358,2019,1,0,-0.295319,-78.555128,PICHINCHA,QUITO,QUITO,URBANA,2019-05-31,07:36:00,7,VIERNES,5,MAYO,5,NO,PEATON QUE CRUZA LA CALZADA SIN RESPETAR LA SENIALIZACION EXISTENTE (SEMAFOROS O SENIALES MANUALES).,ATROPELLOS,CAMIONETA,0,0,0,0,1,0,0,0,0,0,0,0,0,1,20,MUJER,LESIONADO,PEATON,NO,NO,0
19057,64366,64367,2019,0,0,-0.156508,-78.486351,PICHINCHA,QUITO,QUITO,URBANA,2019-05-31,11:40:00,11,VIERNES,5,MAYO,5,NO,CONDUCIR VEHICULO SUPERANDO LOS LIMITES MAXIMOS DE VELOCIDAD.,ROZAMIENTOS,CAMIONETA,0,0,0,0,2,0,0,0,0,0,0,0,0,2,53,MUJER,ILESO,CONDUCTOR PRESENTE,NO,NO,0
19058,64369,64370,2019,0,0,-0.221954,-78.508211,PICHINCHA,QUITO,QUITO,URBANA,2019-05-31,13:03:00,13,VIERNES,5,MAYO,5,NO,NO MANTENER LA DISTANCIA PRUDENCIAL CON RESPECTO AL VEHICULO QUE LE ANTECEDE.,CHOQUE POSTERIOR,CAMIONETA,1,0,0,0,1,0,0,0,0,0,0,0,0,2,43,HOMBRE,ILESO,CONDUCTOR PRESENTE,NO,NO,0
19059,64377,64378,2019,3,0,-0.439862,-78.702775,PICHINCHA,MEJIA,ALOAG,RURAL,2019-05-31,15:40:00,15,VIERNES,5,MAYO,5,NO,"CONDUCIR DESATENTO A LAS CONDICIONES DE TRANSITO (CELULAR, PANTALLAS DE VIDEO, COMIDA, MAQUILLAJE O CUALQUIER OTRO ELEMENTO DISTRACTOR).",CHOQUE POSTERIOR,CAMIONETA,1,0,0,0,1,0,0,0,0,0,0,0,0,2,-1,HOMBRE,LESIONADO,CONDUCTOR PRESENTE,NO,SI,3
19060,64381,64382,2019,1,0,-0.206438,-78.370261,PICHINCHA,QUITO,PUEMBO,RURAL,2019-05-31,16:35:00,16,VIERNES,5,MAYO,5,NO,NO MANTENER LA DISTANCIA PRUDENCIAL CON RESPECTO AL VEHICULO QUE LE ANTECEDE.,COLISION,AUTOMOVIL,2,0,0,1,0,0,0,0,0,0,0,0,0,3,40,HOMBRE,LESIONADO,PASAJERO,NO,NO,3
19061,64386,64387,2019,0,0,-0.202179,-78.491596,PICHINCHA,QUITO,QUITO,URBANA,2019-05-31,17:28:00,17,VIERNES,5,MAYO,5,NO,NO CEDER EL DERECHO DE VIA O PREFERENCIA DE PASO A VEHICULOS.,CHOQUE LATERAL,AUTOMOVIL,2,0,0,0,0,0,0,0,0,0,0,0,0,2,23,MUJER,ILESO,CONDUCTOR PRESENTE,NO,NO,0
19062,64390,64391,2019,0,0,-0.144688,-78.483295,PICHINCHA,QUITO,QUITO,URBANA,2019-05-31,18:58:00,18,VIERNES,5,MAYO,5,NO,NO MANTENER LA DISTANCIA PRUDENCIAL CON RESPECTO AL VEHICULO QUE LE ANTECEDE.,CHOQUE POSTERIOR,CAMIONETA,1,0,0,0,1,0,0,0,0,0,0,0,0,2,57,HOMBRE,ILESO,CONDUCTOR PRESENTE,NO,NO,0
19063,64395,64396,2019,2,0,-0.305235,-78.541119,PICHINCHA,QUITO,QUITO,URBANA,2019-05-31,20:30:00,20,VIERNES,5,MAYO,5,NO,"CONDUCE BAJO LA INFLUENCIA DE ALCOHOL, SUSTANCIAS ESTUPEFACIENTES O PSICOTROPICAS Y/O MEDICAMENTOS.",COLISION,AUTOMOVIL,1,0,0,0,0,0,0,1,1,0,0,0,0,3,19,MUJER,LESIONADO,PASAJERO,NO,NO,0
19064,64396,64397,2019,0,0,-0.174278,-78.493456,PICHINCHA,QUITO,QUITO,URBANA,2019-05-31,20:30:00,20,VIERNES,5,MAYO,5,NO,NO GUARDAR LA DISTANCIA LATERAL MINIMA DE SEGURIDAD ENTRE VEHICULOS.,CHOQUE LATERAL,AUTOMOVIL,2,0,0,0,0,0,0,0,0,0,0,0,0,2,23,HOMBRE,ILESO,CONDUCTOR PRESENTE,NO,NO,0
19065,64403,64404,2019,4,0,-0.172951,-78.480394,PICHINCHA,QUITO,QUITO,URBANA,2019-05-31,22:00:00,22,VIERNES,5,MAYO,5,NO,NO CEDER EL DERECHO DE VIA O PREFERENCIA DE PASO A VEHICULOS.,CHOQUE LATERAL,AUTOMOVIL,2,0,0,0,0,0,0,0,0,0,0,0,0,2,5,MUJER,LESIONADO,PASAJERO,NO,NO,0
19066,64405,64406,2019,0,0,-0.140188,-78.473988,PICHINCHA,QUITO,QUITO,URBANA,2019-05-31,22:45:00,22,VIERNES,5,MAYO,5,NO,NO GUARDAR LA DISTANCIA LATERAL MINIMA DE SEGURIDAD ENTRE VEHICULOS.,CHOQUE LATERAL,AUTOMOVIL,2,0,0,0,0,0,0,0,0,0,0,0,0,2,57,MUJER,ILESO,CONDUCTOR PRESENTE,NO,NO,0
19067,64406,64407,2019,0,1,-0.347111,-78.548646,PICHINCHA,QUITO,QUITO,URBANA,2019-05-31,23:00:00,23,VIERNES,5,MAYO,5,NO,NO CEDER EL DERECHO DE VIA O PREFERENCIA DE PASO AL PEATON.,ATROPELLOS,NO IDENTIFICADO,0,0,0,0,0,0,0,0,0,1,0,0,0,1,41,HOMBRE,FALLECIDO,PEATON,NO,NO,0
19068,64408,64409,2019,2,0,-0.105568,-78.497653,PICHINCHA,QUITO,QUITO,URBANA,2019-05-31,23:10:00,23,VIERNES,5,MAYO,5,NO,"CONDUCE BAJO LA INFLUENCIA DE ALCOHOL, SUSTANCIAS ESTUPEFACIENTES O PSICOTROPICAS Y/O MEDICAMENTOS.",CHOQUE LATERAL,AUTOMOVIL,2,0,0,0,0,0,0,0,0,0,0,0,0,2,19,HOMBRE,LESIONADO,CONDUCTOR PRESENTE,NO,NO,0
19069,64413,64414,2019,0,1,-0.181765,-78.475517,PICHINCHA,QUITO,QUITO,URBANA,2019-06-01,01:00:00,1,SABADO,6,JUNIO,6,NO,"CONDUCE BAJO LA INFLUENCIA DE ALCOHOL, SUSTANCIAS ESTUPEFACIENTES O PSICOTROPICAS Y/O MEDICAMENTOS.",CHOQUE FRONTAL,AUTOMOVIL,2,0,0,0,0,0,0,0,0,0,0,0,0,2,44,HOMBRE,FALLECIDO,CONDUCTOR PRESENTE,NO,NO,0
19070,64414,64415,2019,1,0,-0.204852,-78.490874,PICHINCHA,QUITO,QUITO,URBANA,2019-06-01,01:35:00,1,SABADO,6,JUNIO,6,NO,"NO RESPETAR LAS SENIALES REGLAMENTARIAS DE TRANSITO. (PARE, CEDA EL PASO, LUZ ROJA DEL SEMAFORO, ETC).",ARROLLAMIENTOS,NO IDENTIFICADO,0,0,0,0,0,0,0,0,0,1,0,0,0,1,36,HOMBRE,LESIONADO,PEATON,NO,NO,0
19071,64416,64417,2019,1,0,-0.070408,-78.470694,PICHINCHA,QUITO,POMASQUI,RURAL,2019-06-01,02:00:00,2,SABADO,6,JUNIO,6,NO,"CONDUCE BAJO LA INFLUENCIA DE ALCOHOL, SUSTANCIAS ESTUPEFACIENTES O PSICOTROPICAS Y/O MEDICAMENTOS.",ATROPELLOS,CAMIONETA,0,0,0,0,1,0,0,0,0,0,0,0,0,1,28,HOMBRE,LESIONADO,PEATON,NO,SI,3
19072,64420,64421,2019,0,0,-0.116195,-78.500991,PICHINCHA,QUITO,QUITO,URBANA,2019-06-01,03:00:00,3,SABADO,6,JUNIO,6,NO,"CONDUCIR EN ESTADO DE SOMNOLENCIA O MALAS CONDICIONES FISICAS (SUENIO, CANSANCIO Y FATIGA).",ESTRELLAMIENTOS,AUTOMOVIL,1,0,0,0,0,0,0,0,0,0,0,0,0,1,-1,NO IDENTIFICADO,NO IDENTIFICADO,CONDUCTOR AUSENTE,NO,NO,2
19073,64421,64422,2019,2,0,-0.144688,-78.483295,PICHINCHA,QUITO,QUITO,URBANA,2019-06-01,03:00:00,3,SABADO,6,JUNIO,6,NO,"CONDUCIR EN ESTADO DE SOMNOLENCIA O MALAS CONDICIONES FISICAS (SUENIO, CANSANCIO Y FATIGA).",OTROS,MOTOCICLETA,0,0,0,0,0,0,0,0,1,1,0,0,0,2,37,HOMBRE,LESIONADO,PASAJERO,NO,NO,0
19074,64429,64430,2019,0,0,-0.200525,-78.499327,PICHINCHA,QUITO,QUITO,URBANA,2019-06-01,06:00:00,6,SABADO,6,JUNIO,6,NO,CONDUCIR VEHICULO SUPERANDO LOS LIMITES MAXIMOS DE VELOCIDAD.,ESTRELLAMIENTOS,AUTOMOVIL,1,0,0,0,0,0,0,0,0,0,0,0,0,1,-1,NO IDENTIFICADO,NO IDENTIFICADO,CONDUCTOR AUSENTE,NO,NO,2
19075,64431,64432,2019,0,0,-0.150393,-78.453592,PICHINCHA,QUITO,QUITO,RURAL,2019-06-01,06:30:00,6,SABADO,6,JUNIO,6,NO,NO GUARDAR LA DISTANCIA LATERAL MINIMA DE SEGURIDAD ENTRE VEHICULOS.,CHOQUE LATERAL,AUTOMOVIL,2,0,0,0,0,0,0,0,0,0,0,0,0,2,53,HOMBRE,ILESO,CONDUCTOR PRESENTE,NO,NO,3
19076,64436,64437,2019,1,0,-0.182174,-78.490011,PICHINCHA,QUITO,QUITO,URBANA,2019-06-01,09:00:00,9,SABADO,6,JUNIO,6,NO,NO TRANSITAR POR LAS ACERAS O ZONAS DE SEGURIDAD DESTINADAS PARA EL EFECTO.,ATROPELLOS,CAMIONETA,0,0,0,0,1,0,0,0,0,0,0,0,0,1,26,MUJER,LESIONADO,PEATON,NO,NO,0
19077,64441,64442,2019,0,0,-0.111006,-78.480681,PICHINCHA,QUITO,QUITO,URBANA,2019-06-01,10:40:00,10,SABADO,6,JUNIO,6,NO,"CONDUCE BAJO LA INFLUENCIA DE ALCOHOL, SUSTANCIAS ESTUPEFACIENTES O PSICOTROPICAS Y/O MEDICAMENTOS.",ESTRELLAMIENTOS,AUTOMOVIL,2,0,0,0,0,0,0,0,0,0,0,0,0,2,29,HOMBRE,ILESO,CONDUCTOR PRESENTE,NO,NO,0
19078,64444,64445,2019,0,0,-0.107915,-78.451698,PICHINCHA,QUITO,CALDERON (CARAPUNGO),RURAL,2019-06-01,11:20:00,11,SABADO,6,JUNIO,6,NO,"CONDUCIR DESATENTO A LAS CONDICIONES DE TRANSITO (CELULAR, PANTALLAS DE VIDEO, COMIDA, MAQUILLAJE O CUALQUIER OTRO ELEMENTO DISTRACTOR).",OTROS,AUTOMOVIL,1,0,0,0,0,0,0,0,0,0,0,0,0,1,-1,NO IDENTIFICADO,NO IDENTIFICADO,CONDUCTOR AUSENTE,NO,NO,2