,Unnamed: 0,ID,ANIO,LESIONADOS,FALLECIDOS,LATITUD_Y,LONGITUD_X,PROVINCIA,CANTON,PARROQUIA,ZONA,FECHA,HORA,PERIODO_2,DIA_1,DIA_2,MES_1,MES_2,FERIADO,CAUSA_PROBABLE,TIPO_DE_SINIESTRO,TIPO_DE_VEHICULO_1,AUTOMOVIL,BICICLETA,BUS,CAMION,CAMIONETA,EMERGENCIAS,ESPECIAL,FURGONETA,MOTOCICLETA,NO_IDENTIFICADO,SCOOTER_ELECTRICO,TRICIMOTO,VEHICULO_DEPORTIVO_UTILITARIO,SUMA_DE_VEHICULOS,EDAD_1,SEXO_1,CONDICION_1,PARTICIPANTE_1,CASCO_1,CINTURON_1,KMeans_Cluster
19079,64446,64447,2019,0,0,-0.181406,-78.505089,PICHINCHA,QUITO,QUITO,URBANA,2019-06-01,11:56:00,11,SABADO,6,JUNIO,6,NO,NO MANTENER LA DISTANCIA PRUDENCIAL CON RESPECTO AL VEHICULO QUE LE ANTECEDE.,COLISION,AUTOMOVIL,3,0,0,0,0,0,0,0,0,0,0,0,0,3,38,MUJER,ILESO,CONDUCTOR PRESENTE,NO,NO,0
19080,64451,64452,2019,0,0,-0.197826,-78.466466,PICHINCHA,QUITO,QUITO,RURAL,2019-06-01,15:00:00,15,SABADO,6,JUNIO,6,NO,NO MANTENER LA DISTANCIA PRUDENCIAL CON RESPECTO AL VEHICULO QUE LE ANTECEDE.,COLISION,AUTOMOVIL,3,0,0,0,0,0,0,0,0,0,0,0,0,3,22,HOMBRE,ILESO,CONDUCTOR PRESENTE,NO,NO,3
19081,64460,64461,2019,0,0,-0.345961,-78.554493,PICHINCHA,QUITO,QUITO,URBANA,2019-06-01,17:00:00,17,SABADO,6,JUNIO,6,NO,"CONDUCIR DESATENTO A LAS CONDICIONES DE TRANSITO (CELULAR, PANTALLAS DE VIDEO, COMIDA, MAQUILLAJE O CUALQUIER OTRO ELEMENTO DISTRACTOR).",ESTRELLAMIENTOS,CAMIONETA,0,0,0,0,1,0,0,0,0,1,0,0,0,2,-1,NO IDENTIFICADO,NO IDENTIFICADO,CONDUCTOR AUSENTE,NO,NO,2
19082,64467,64468,2019,0,1,-0.106767,-78.441933,PICHINCHA,QUITO,CALDERON (CARAPUNGO),RURAL,2019-06-01,17:50:00,17,SABADO,6,JUNIO,6,NO,"CONDUCE BAJO LA INFLUENCIA DE ALCOHOL, SUSTANCIAS ESTUPEFACIENTES O PSICOTROPICAS Y/O MEDICAMENTOS.",ARROLLAMIENTOS,MOTOCICLETA,1,0,0,0,0,0,0,0,1,0,0,0,0,2,34,HOMBRE,FALLECIDO,CONDUCTOR PRESENTE,NO,NO,3
19083,64470,64471,2019,0,0,-0.115635,-78.491799,PICHINCHA,QUITO,QUITO,URBANA,2019-06-01,18:30:00,18,SABADO,6,JUNIO,6,NO,NO CEDER EL DERECHO DE VIA O PREFERENCIA DE PASO A VEHICULOS.,CHOQUE LATERAL,AUTOMOVIL,1,0,1,0,0,0,0,0,0,0,0,0,0,2,34,MUJER,ILESO,CONDUCTOR PRESENTE,NO,NO,0
19084,64471,64472,2019,0,0,-0.287593,-78.448215,PICHINCHA,QUITO,ALANGASI,RURAL,2019-06-01,18:35:00,18,SABADO,6,JUNIO,6,NO,CONDUCIR VEHICULO SUPERANDO LOS LIMITES MAXIMOS DE VELOCIDAD.,OTROS,CAMION,0,0,0,1,0,0,0,0,0,0,0,0,0,1,70,HOMBRE,ILESO,CONDUCTOR PRESENTE,NO,NO,3
19085,64473,64474,2019,1,1,0.044969,-79.277186,PICHINCHA,PUERTO QUITO,PUERTO QUITO,URBANA,2019-06-01,19:15:00,19,SABADO,6,JUNIO,6,NO,CONDUCIR VEHICULO SUPERANDO LOS LIMITES MAXIMOS DE VELOCIDAD.,ATROPELLOS,MOTOCICLETA,0,0,0,0,0,0,0,0,1,0,0,0,0,1,64,HOMBRE,FALLECIDO,PEATON,NO,SI,0
19086,64476,64477,2019,0,0,-0.172505,-78.487772,PICHINCHA,QUITO,QUITO,URBANA,2019-06-01,19:30:00,19,SABADO,6,JUNIO,6,NO,"CONDUCE BAJO LA INFLUENCIA DE ALCOHOL, SUSTANCIAS ESTUPEFACIENTES O PSICOTROPICAS Y/O MEDICAMENTOS.",CHOQUE POSTERIOR,AUTOMOVIL,2,0,0,0,0,0,0,0,0,0,0,0,0,2,68,HOMBRE,ILESO,CONDUCTOR PRESENTE,NO,NO,0
19087,64492,64493,2019,0,0,-0.230591,-78.509846,PICHINCHA,QUITO,QUITO,URBANA,2019-06-01,23:20:00,23,SABADO,6,JUNIO,6,NO,"CONDUCE BAJO LA INFLUENCIA DE ALCOHOL, SUSTANCIAS ESTUPEFACIENTES O PSICOTROPICAS Y/O MEDICAMENTOS.",CHOQUE LATERAL,CAMIONETA,1,0,0,0,1,0,0,0,0,0,0,0,0,2,74,HOMBRE,ILESO,CONDUCTOR PRESENTE,NO,NO,0
19088,64495,64496,2019,0,0,-0.251921,-78.531092,PICHINCHA,QUITO,QUITO,URBANA,2019-06-02,00:00:00,0,DOMINGO,7,JUNIO,6,NO,"CONDUCE BAJO LA INFLUENCIA DE ALCOHOL, SUSTANCIAS ESTUPEFACIENTES O PSICOTROPICAS Y/O MEDICAMENTOS.",ESTRELLAMIENTOS,AUTOMOVIL,2,0,0,0,0,0,0,0,0,0,0,0,0,2,28,HOMBRE,ILESO,CONDUCTOR PRESENTE,NO,NO,0
19089,64501,64502,2019,0,0,0.046258,-78.226848,PICHINCHA,PEDRO MONCAYO,TABACUNDO,RURAL,2019-06-02,01:07:00,1,DOMINGO,7,JUNIO,6,NO,"CONDUCIR DESATENTO A LAS CONDICIONES DE TRANSITO (CELULAR, PANTALLAS DE VIDEO, COMIDA, MAQUILLAJE O CUALQUIER OTRO ELEMENTO DISTRACTOR).",ESTRELLAMIENTOS,AUTOMOVIL,1,0,0,1,0,0,0,0,0,0,0,0,0,2,-1,NO IDENTIFICADO,NO IDENTIFICADO,CONDUCTOR AUSENTE,NO,NO,2
19090,64502,64503,2019,0,0,-0.302932,-78.551237,PICHINCHA,QUITO,QUITO,URBANA,2019-06-02,01:10:00,1,DOMINGO,7,JUNIO,6,NO,"CONDICIONES AMBIENTALES Y/O ATMOSFERICAS (NIEBLA, NEBLINA, GRANIZO, LLUVIA).",ESTRELLAMIENTOS,AUTOMOVIL,1,0,0,0,0,0,0,0,0,0,0,0,0,1,-1,NO IDENTIFICADO,NO IDENTIFICADO,CONDUCTOR AUSENTE,NO,NO,2
19091,64504,64505,2019,0,0,-0.213448,-78.502726,PICHINCHA,QUITO,QUITO,URBANA,2019-06-02,01:50:00,1,DOMINGO,7,JUNIO,6,NO,CONDUCIR VEHICULO SUPERANDO LOS LIMITES MAXIMOS DE VELOCIDAD.,ESTRELLAMIENTOS,AUTOMOVIL,1,0,0,0,0,0,0,0,0,0,0,0,0,1,-1,NO IDENTIFICADO,NO IDENTIFICADO,CONDUCTOR AUSENTE,NO,NO,2
19092,64506,64507,2019,1,0,-0.264263,-78.550014,PICHINCHA,QUITO,QUITO,URBANA,2019-06-02,02:00:00,2,DOMINGO,7,JUNIO,6,NO,CONDUCIR VEHICULO SUPERANDO LOS LIMITES MAXIMOS DE VELOCIDAD.,OTROS,NO IDENTIFICADO,0,0,0,0,0,0,0,0,0,1,0,0,0,1,24,MUJER,LESIONADO,PASAJERO,NO,NO,0
19093,64513,64514,2019,1,0,-0.237542,-78.422911,PICHINCHA,QUITO,TUMBACO,URBANA,2019-06-02,03:20:00,3,DOMINGO,7,JUNIO,6,NO,CONDUCIR VEHICULO SUPERANDO LOS LIMITES MAXIMOS DE VELOCIDAD.,ESTRELLAMIENTOS,AUTOMOVIL,1,0,0,0,0,0,0,0,0,0,0,0,0,1,28,HOMBRE,LESIONADO,PASAJERO,NO,NO,0
19094,64516,64517,2019,1,0,-0.116014,-78.479591,PICHINCHA,QUITO,QUITO,URBANA,2019-06-02,03:35:00,3,DOMINGO,7,JUNIO,6,NO,CONDUCIR VEHICULO SUPERANDO LOS LIMITES MAXIMOS DE VELOCIDAD.,VOLCAMIENTOS,MOTOCICLETA,0,0,0,0,0,0,0,0,1,0,0,0,0,1,29,HOMBRE,LESIONADO,CONDUCTOR PRESENTE,NO,NO,0
19095,64522,64523,2019,4,0,-0.198943,-78.489526,PICHINCHA,QUITO,QUITO,URBANA,2019-06-02,04:00:00,4,DOMINGO,7,JUNIO,6,NO,"CONDUCE BAJO LA INFLUENCIA DE ALCOHOL, SUSTANCIAS ESTUPEFACIENTES O PSICOTROPICAS Y/O MEDICAMENTOS.",CHOQUE LATERAL,AUTOMOVIL,2,0,0,0,0,0,0,0,0,0,0,0,0,2,25,MUJER,LESIONADO,PASAJERO,NO,NO,0
19096,64523,64524,2019,3,0,-0.066288,-78.458028,PICHINCHA,QUITO,POMASQUI,RURAL,2019-06-02,04:10:00,4,DOMINGO,7,JUNIO,6,NO,CONDUCIR VEHICULO SUPERANDO LOS LIMITES MAXIMOS DE VELOCIDAD.,PERDIDA DE CARRIL,AUTOMOVIL,1,0,0,0,0,0,0,0,0,0,0,0,0,1,26,HOMBRE,LESIONADO,PASAJERO,NO,SI,3
19097,64528,64529,2019,2,0,-0.150393,-78.453592,PICHINCHA,QUITO,QUITO,RURAL,2019-06-02,04:50:00,4,DOMINGO,7,JUNIO,6,NO,REALIZAR CAMBIO BRUSCO O INDEBIDO DE CARRIL.,CHOQUE FRONTAL,AUTOMOVIL,2,0,0,0,0,0,0,0,0,0,0,0,0,2,23,MUJER,LESIONADO,PASAJERO,NO,NO,3
19098,64535,64536,2019,0,0,-0.275053,-78.540441,PICHINCHA,QUITO,QUITO,URBANA,2019-06-02,07:10:00,7,DOMINGO,7,JUNIO,6,NO,CONDUCIR VEHICULO SUPERANDO LOS LIMITES MAXIMOS DE VELOCIDAD.,ESTRELLAMIENTOS,AUTOMOVIL,1,0,0,0,0,0,0,0,0,0,0,0,0,1,-1,NO IDENTIFICADO,NO IDENTIFICADO,CONDUCTOR AUSENTE,NO,NO,2
19099,64541,64542,2019,0,1,-0.100744,-78.373547,PICHINCHA,QUITO,TABABELA,RURAL,2019-06-02,09:35:00,9,DOMINGO,7,JUNIO,6,NO,"CONDUCIR DESATENTO A LAS CONDICIONES DE TRANSITO (CELULAR, PANTALLAS DE VIDEO, COMIDA, MAQUILLAJE O CUALQUIER OTRO ELEMENTO DISTRACTOR).",PERDIDA DE CARRIL,NO IDENTIFICADO,0,0,0,0,0,0,0,0,0,1,0,0,0,1,47,MUJER,FALLECIDO,CONDUCTOR PRESENTE,NO,SI,3
19100,64548,64549,2019,0,0,-0.266334,-78.544051,PICHINCHA,QUITO,QUITO,URBANA,2019-06-02,13:40:00,13,DOMINGO,7,JUNIO,6,NO,"CONDUCE BAJO LA INFLUENCIA DE ALCOHOL, SUSTANCIAS ESTUPEFACIENTES O PSICOTROPICAS Y/O MEDICAMENTOS.",CHOQUE LATERAL,AUTOMOVIL,2,0,0,0,0,0,0,0,0,0,0,0,0,2,56,HOMBRE,ILESO,CONDUCTOR PRESENTE,NO,NO,0
19101,64549,64550,2019,0,0,-0.174287,-78.493456,PICHINCHA,QUITO,QUITO,URBANA,2019-06-02,14:20:00,14,DOMINGO,7,JUNIO,6,NO,NO MANTENER LA DISTANCIA PRUDENCIAL CON RESPECTO AL VEHICULO QUE LE ANTECEDE.,CHOQUE POSTERIOR,AUTOMOVIL,2,0,0,0,0,0,0,0,0,0,0,0,0,2,60,HOMBRE,ILESO,CONDUCTOR PRESENTE,NO,NO,0
19102,64555,64556,2019,1,0,-0.203635,-78.496791,PICHINCHA,QUITO,QUITO,URBANA,2019-06-02,17:30:00,17,DOMINGO,7,JUNIO,6,NO,NO CEDER EL DERECHO DE VIA O PREFERENCIA DE PASO A VEHICULOS.,CHOQUE LATERAL,MOTOCICLETA,0,0,0,0,0,0,0,0,1,1,0,0,0,2,23,HOMBRE,LESIONADO,CONDUCTOR PRESENTE,NO,NO,0
19103,64572,64573,2019,0,0,-0.111814,-78.482283,PICHINCHA,QUITO,QUITO,URBANA,2019-06-02,21:00:00,21,DOMINGO,7,JUNIO,6,NO,CONDUCIR VEHICULO SUPERANDO LOS LIMITES MAXIMOS DE VELOCIDAD.,ESTRELLAMIENTOS,AUTOMOVIL,1,0,0,0,0,0,0,0,0,0,0,0,0,1,26,HOMBRE,ILESO,PASAJERO,NO,NO,0
19104,64581,64582,2019,0,0,-0.256959,-78.534427,PICHINCHA,QUITO,QUITO,URBANA,2019-06-02,22:42:00,22,DOMINGO,7,JUNIO,6,NO,CONDUCIR VEHICULO SUPERANDO LOS LIMITES MAXIMOS DE VELOCIDAD.,ESTRELLAMIENTOS,AUTOMOVIL,1,0,0,0,0,0,0,0,0,0,0,0,0,1,-1,NO IDENTIFICADO,NO IDENTIFICADO,CONDUCTOR AUSENTE,NO,NO,2
19105,64582,64583,2019,2,0,-0.123589,-78.498716,PICHINCHA,QUITO,QUITO,URBANA,2019-06-02,22:50:00,22,DOMINGO,7,JUNIO,6,NO,"CONDUCE BAJO LA INFLUENCIA DE ALCOHOL, SUSTANCIAS ESTUPEFACIENTES O PSICOTROPICAS Y/O MEDICAMENTOS.",CHOQUE LATERAL,AUTOMOVIL,1,0,0,0,0,0,0,0,1,0,0,0,0,2,20,MUJER,LESIONADO,PASAJERO,NO,NO,0
19106,64585,64586,2019,0,0,-0.206931,-78.425899,PICHINCHA,QUITO,CUMBAYA,RURAL,2019-06-03,00:25:00,0,LUNES,1,JUNIO,6,NO,"CONDUCE BAJO LA INFLUENCIA DE ALCOHOL, SUSTANCIAS ESTUPEFACIENTES O PSICOTROPICAS Y/O MEDICAMENTOS.",ESTRELLAMIENTOS,CAMIONETA,0,0,0,0,1,0,0,0,0,0,0,0,0,1,29,MUJER,ILESO,CONDUCTOR PRESENTE,NO,NO,3
19107,64588,64589,2019,1,0,-0.275777,-78.553507,PICHINCHA,QUITO,QUITO,URBANA,2019-06-03,06:00:00,6,LUNES,1,JUNIO,6,NO,"CONDUCE BAJO LA INFLUENCIA DE ALCOHOL, SUSTANCIAS ESTUPEFACIENTES O PSICOTROPICAS Y/O MEDICAMENTOS.",ROZAMIENTOS,AUTOMOVIL,2,0,0,0,0,0,0,0,0,0,0,0,0,2,36,MUJER,LESIONADO,CONDUCTOR PRESENTE,NO,NO,0
19108,64589,64590,2019,0,0,-0.244303,-78.519274,PICHINCHA,QUITO,QUITO,URBANA,2019-06-03,06:30:00,6,LUNES,1,JUNIO,6,NO,"NO RESPETAR LAS SENIALES REGLAMENTARIAS DE TRANSITO. (PARE, CEDA EL PASO, LUZ ROJA DEL SEMAFORO, ETC).",CHOQUE LATERAL,AUTOMOVIL,2,0,0,0,0,0,0,0,0,0,0,0,0,2,54,HOMBRE,ILESO,CONDUCTOR PRESENTE,NO,NO,0
19109,64591,64592,2019,2,0,-0.273668,-78.537641,PICHINCHA,QUITO,QUITO,URBANA,2019-06-03,06:50:00,6,LUNES,1,JUNIO,6,NO,NO MANTENER LA DISTANCIA PRUDENCIAL CON RESPECTO AL VEHICULO QUE LE ANTECEDE.,CAIDA DE PASAJERO,CAMION,0,0,1,1,0,0,0,0,0,0,0,0,0,2,36,HOMBRE,LESIONADO,PASAJERO,NO,NO,0
19110,64595,64596,2019,0,0,-0.280597,-78.517214,PICHINCHA,QUITO,QUITO,URBANA,2019-06-03,07:15:00,7,LUNES,1,JUNIO,6,NO,NO MANTENER LA DISTANCIA PRUDENCIAL CON RESPECTO AL VEHICULO QUE LE ANTECEDE.,COLISION,AUTOMOVIL,2,0,0,0,0,0,0,0,0,1,0,0,0,3,58,HOMBRE,ILESO,CONDUCTOR PRESENTE,NO,NO,0
19111,64599,64600,2019,0,0,-0.135719,-78.482163,PICHINCHA,QUITO,QUITO,URBANA,2019-06-03,08:30:00,8,LUNES,1,JUNIO,6,NO,REALIZAR CAMBIO BRUSCO O INDEBIDO DE CARRIL.,CHOQUE LATERAL,AUTOMOVIL,2,0,0,0,0,0,0,0,0,0,0,0,0,2,33,MUJER,ILESO,CONDUCTOR PRESENTE,NO,NO,0
19112,64605,64606,2019,0,1,-0.120261,-78.480155,PICHINCHA,QUITO,QUITO,URBANA,2019-06-03,09:50:00,9,LUNES,1,JUNIO,6,NO,NO TRANSITAR POR LAS ACERAS O ZONAS DE SEGURIDAD DESTINADAS PARA EL EFECTO.,ATROPELLOS,NO IDENTIFICADO,0,0,0,0,0,0,0,0,0,1,0,0,0,1,73,HOMBRE,FALLECIDO,PEATON,NO,NO,0
19113,64613,64614,2019,2,0,-0.184611,-78.344977,PICHINCHA,QUITO,TABABELA,RURAL,2019-06-03,13:50:00,13,LUNES,1,JUNIO,6,NO,NO MANTENER LA DISTANCIA PRUDENCIAL CON RESPECTO AL VEHICULO QUE LE ANTECEDE.,CHOQUE POSTERIOR,MOTOCICLETA,0,0,0,0,0,0,0,0,2,0,0,0,0,2,32,HOMBRE,LESIONADO,CONDUCTOR PRESENTE,NO,NO,3
19114,64615,64616,2019,0,0,-0.292882,-78.542349,PICHINCHA,QUITO,QUITO,URBANA,2019-06-03,14:20:00,14,LUNES,1,JUNIO,6,NO,CONDUCIR VEHICULO SUPERANDO LOS LIMITES MAXIMOS DE VELOCIDAD.,OTROS,CAMIONETA,2,0,0,0,1,0,0,0,0,0,0,0,0,3,50,HOMBRE,ILESO,CONDUCTOR PRESENTE,NO,NO,0
19115,64626,64627,2019,0,1,-0.362155,-78.838736,PICHINCHA,MEJIA,MANUEL CORNEJO ASTORGA,RURAL,2019-06-03,17:30:00,17,LUNES,1,JUNIO,6,NO,"CONDUCIR DESATENTO A LAS CONDICIONES DE TRANSITO (CELULAR, PANTALLAS DE VIDEO, COMIDA, MAQUILLAJE O CUALQUIER OTRO ELEMENTO DISTRACTOR).",VOLCAMIENTOS,MOTOCICLETA,0,0,0,0,1,0,0,0,1,0,0,0,0,2,50,HOMBRE,FALLECIDO,CONDUCTOR PRESENTE,NO,SI,3
19116,64639,64640,2019,0,0,-0.146984,-78.473721,PICHINCHA,QUITO,QUITO,URBANA,2019-06-04,01:15:00,1,MARTES,2,JUNIO,6,NO,NO GUARDAR LA DISTANCIA LATERAL MINIMA DE SEGURIDAD ENTRE VEHICULOS.,CHOQUE LATERAL,AUTOMOVIL,2,0,0,0,0,0,0,0,0,0,0,0,0,2,26,MUJER,ILESO,CONDUCTOR PRESENTE,NO,NO,0
19117,64641,64642,2019,0,0,-0.196685,-78.498751,PICHINCHA,QUITO,QUITO,URBANA,2019-06-04,03:30:00,3,MARTES,2,JUNIO,6,NO,NO GUARDAR LA DISTANCIA LATERAL MINIMA DE SEGURIDAD ENTRE VEHICULOS.,CHOQUE LATERAL,AUTOMOVIL,2,0,0,0,0,0,0,0,0,0,0,0,0,2,37,HOMBRE,ILESO,CONDUCTOR PRESENTE,NO,NO,0
19118,64642,64643,2019,2,0,-0.286226,-78.519067,PICHINCHA,QUITO,QUITO,URBANA,2019-06-04,05:40:00,5,MARTES,2,JUNIO,6,NO,"CONDUCE BAJO LA INFLUENCIA DE ALCOHOL, SUSTANCIAS ESTUPEFACIENTES O PSICOTROPICAS Y/O MEDICAMENTOS.",CHOQUE POSTERIOR,AUTOMOVIL,1,0,0,0,0,0,0,0,1,0,0,0,0,2,27,MUJER,LESIONADO,PASAJERO,NO,NO,0
19119,64652,64653,2019,1,0,-0.159772,-78.487867,PICHINCHA,QUITO,QUITO,URBANA,2019-06-04,08:20:00,8,MARTES,2,JUNIO,6,NO,NO CEDER EL DERECHO DE VIA O PREFERENCIA DE PASO AL PEATON.,ATROPELLOS,AUTOMOVIL,1,0,0,0,0,0,0,0,0,0,0,0,0,1,53,MUJER,LESIONADO,PEATON,NO,NO,0
19120,64655,64656,2019,1,0,-0.088884,-78.439915,PICHINCHA,QUITO,CALDERON (CARAPUNGO),RURAL,2019-06-04,08:45:00,8,MARTES,2,JUNIO,6,NO,NO TRANSITAR POR LAS ACERAS O ZONAS DE SEGURIDAD DESTINADAS PARA EL EFECTO.,ATROPELLOS,MOTOCICLETA,0,0,0,0,0,0,0,0,1,0,0,0,0,1,43,HOMBRE,LESIONADO,PEATON,NO,NO,3
19121,64657,64658,2019,1,0,-0.245316,-78.537546,PICHINCHA,QUITO,QUITO,URBANA,2019-06-04,09:20:00,9,MARTES,2,JUNIO,6,NO,CONDUCIR VEHICULO SUPERANDO LOS LIMITES MAXIMOS DE VELOCIDAD.,ATROPELLOS,MOTOCICLETA,0,0,0,0,0,0,0,0,1,0,0,0,0,1,44,MUJER,LESIONADO,PEATON,NO,NO,0
19122,64660,64661,2019,0,1,-0.199767,-78.428809,PICHINCHA,QUITO,CUMBAYA,RURAL,2019-06-04,09:54:00,9,MARTES,2,JUNIO,6,NO,PEATON QUE CRUZA LA CALZADA SIN RESPETAR LA SENIALIZACION EXISTENTE (SEMAFOROS O SENIALES MANUALES).,ARROLLAMIENTOS,AUTOMOVIL,1,0,0,0,0,0,0,0,0,0,0,0,0,1,24,MUJER,FALLECIDO,PEATON,NO,NO,3
19123,64668,64669,2019,2,0,-0.164692,-78.493594,PICHINCHA,QUITO,QUITO,URBANA,2019-06-04,14:30:00,14,MARTES,2,JUNIO,6,NO,CONDUCIR VEHICULO SUPERANDO LOS LIMITES MAXIMOS DE VELOCIDAD.,ESTRELLAMIENTOS,AUTOMOVIL,1,0,0,0,0,0,0,0,0,0,0,0,0,1,1,MUJER,LESIONADO,PASAJERO,NO,NO,0
19124,64672,64673,2019,0,1,-0.219672,-78.330489,PICHINCHA,QUITO,PIFO,RURAL,2019-06-04,15:30:00,15,MARTES,2,JUNIO,6,NO,"CONDUCIR DESATENTO A LAS CONDICIONES DE TRANSITO (CELULAR, PANTALLAS DE VIDEO, COMIDA, MAQUILLAJE O CUALQUIER OTRO ELEMENTO DISTRACTOR).",ATROPELLOS,MOTOCICLETA,0,0,1,0,0,0,0,0,1,0,0,0,0,2,20,HOMBRE,FALLECIDO,CONDUCTOR PRESENTE,NO,SI,3
19125,64676,64677,2019,0,0,-0.262203,-78.549792,PICHINCHA,QUITO,QUITO,URBANA,2019-06-04,17:00:00,17,MARTES,2,JUNIO,6,NO,NO GUARDAR LA DISTANCIA LATERAL MINIMA DE SEGURIDAD ENTRE VEHICULOS.,CHOQUE LATERAL,AUTOMOVIL,1,0,0,0,0,0,0,0,0,1,0,0,0,2,58,MUJER,ILESO,CONDUCTOR PRESENTE,NO,NO,0
19126,64678,64679,2019,1,0,-0.251381,-78.516721,PICHINCHA,QUITO,QUITO,URBANA,2019-06-04,17:20:00,17,MARTES,2,JUNIO,6,NO,NO TRANSITAR POR LAS ACERAS O ZONAS DE SEGURIDAD DESTINADAS PARA EL EFECTO.,ATROPELLOS,CAMIONETA,0,0,0,0,1,0,0,0,0,0,0,0,0,1,8,MUJER,LESIONADO,PEATON,NO,NO,0
19127,64679,64680,2019,1,0,-0.297133,-78.560461,PICHINCHA,QUITO,QUITO,URBANA,2019-06-04,17:30:00,17,MARTES,2,JUNIO,6,NO,PEATON QUE CRUZA LA CALZADA SIN RESPETAR LA SENIALIZACION EXISTENTE (SEMAFOROS O SENIALES MANUALES).,ATROPELLOS,AUTOMOVIL,1,0,0,0,0,0,0,0,0,0,0,0,0,1,80,MUJER,LESIONADO,PEATON,NO,NO,0
19128,64682,64683,2019,0,0,-0.169058,-78.485896,PICHINCHA,QUITO,QUITO,URBANA,2019-06-04,18:35:00,18,MARTES,2,JUNIO,6,NO,"NO RESPETAR LAS SENIALES REGLAMENTARIAS DE TRANSITO. (PARE, CEDA EL PASO, LUZ ROJA DEL SEMAFORO, ETC).",CHOQUE LATERAL,AUTOMOVIL,2,0,0,0,0,0,0,0,0,0,0,0,0,2,22,HOMBRE,ILESO,CONDUCTOR PRESENTE,NO,NO,0
19129,64697,64698,2019,1,0,-0.289325,-78.572557,PICHINCHA,QUITO,QUITO,URBANA,2019-06-05,01:20:00,1,MIERCOLES,3,JUNIO,6,NO,"CONDUCIR EN ESTADO DE SOMNOLENCIA O MALAS CONDICIONES FISICAS (SUENIO, CANSANCIO Y FATIGA).",PERDIDA DE CARRIL,NO IDENTIFICADO,0,0,0,0,0,0,0,0,0,1,0,0,0,1,21,HOMBRE,LESIONADO,CONDUCTOR PRESENTE,NO,NO,0
19130,64699,64700,2019,0,0,-0.286003,-78.561215,PICHINCHA,QUITO,QUITO,URBANA,2019-06-05,04:15:00,4,MIERCOLES,3,JUNIO,6,NO,"CONDUCE BAJO LA INFLUENCIA DE ALCOHOL, SUSTANCIAS ESTUPEFACIENTES O PSICOTROPICAS Y/O MEDICAMENTOS.",CHOQUE FRONTAL,AUTOMOVIL,2,0,0,0,0,0,0,0,0,0,0,0,0,2,21,HOMBRE,ILESO,CONDUCTOR PRESENTE,NO,NO,0
19131,64700,64701,2019,0,0,-0.278509,-78.561012,PICHINCHA,QUITO,QUITO,URBANA,2019-06-05,05:20:00,5,MIERCOLES,3,JUNIO,6,NO,NO CEDER EL DERECHO DE VIA O PREFERENCIA DE PASO A VEHICULOS.,CHOQUE LATERAL,CAMION,1,0,0,1,0,0,0,0,0,0,0,0,0,2,35,HOMBRE,ILESO,PASAJERO,NO,NO,0
19132,64703,64704,2019,1,0,-0.161208,-78.495838,PICHINCHA,QUITO,QUITO,URBANA,2019-06-05,08:20:00,8,MIERCOLES,3,JUNIO,6,NO,NO CEDER EL DERECHO DE VIA O PREFERENCIA DE PASO AL PEATON.,ATROPELLOS,NO IDENTIFICADO,0,0,0,0,0,0,0,0,0,1,0,0,0,1,55,MUJER,LESIONADO,PEATON,NO,NO,0
19133,64710,64711,2019,1,0,-0.187996,-78.501537,PICHINCHA,QUITO,QUITO,URBANA,2019-06-05,09:30:00,9,MIERCOLES,3,JUNIO,6,NO,REALIZAR CAMBIO BRUSCO O INDEBIDO DE CARRIL.,CHOQUE LATERAL,AUTOMOVIL,2,0,0,0,0,0,0,0,0,0,0,0,0,2,54,HOMBRE,LESIONADO,CONDUCTOR PRESENTE,NO,NO,0
19134,64725,64726,2019,0,0,-0.242029,-78.520966,PICHINCHA,QUITO,QUITO,URBANA,2019-06-05,15:20:00,15,MIERCOLES,3,JUNIO,6,NO,"CONDUCIR DESATENTO A LAS CONDICIONES DE TRANSITO (CELULAR, PANTALLAS DE VIDEO, COMIDA, MAQUILLAJE O CUALQUIER OTRO ELEMENTO DISTRACTOR).",OTROS,CAMION,0,0,0,1,0,0,0,0,0,0,0,0,0,1,47,HOMBRE,ILESO,CONDUCTOR PRESENTE,NO,NO,0
19135,64726,64727,2019,3,0,-0.181432,-78.481931,PICHINCHA,QUITO,QUITO,URBANA,2019-06-05,15:25:00,15,MIERCOLES,3,JUNIO,6,NO,CONDUCIR VEHICULO SUPERANDO LOS LIMITES MAXIMOS DE VELOCIDAD.,CHOQUE LATERAL,AUTOMOVIL,1,0,0,0,0,0,0,0,1,0,0,0,0,2,31,HOMBRE,LESIONADO,PASAJERO,NO,NO,0
19136,64729,64730,2019,1,0,0.041718,-78.154349,PICHINCHA,CAYAMBE,CAYAMBE,URBANA,2019-06-05,16:05:00,16,MIERCOLES,3,JUNIO,6,NO,"CONDUCIR DESATENTO A LAS CONDICIONES DE TRANSITO (CELULAR, PANTALLAS DE VIDEO, COMIDA, MAQUILLAJE O CUALQUIER OTRO ELEMENTO DISTRACTOR).",ATROPELLOS,NO IDENTIFICADO,0,0,0,0,0,0,0,0,0,1,0,0,0,1,11,HOMBRE,LESIONADO,PEATON,NO,SI,0
19137,64744,64745,2019,0,0,-0.172742,-78.471178,PICHINCHA,QUITO,QUITO,URBANA,2019-06-05,21:00:00,21,MIERCOLES,3,JUNIO,6,NO,NO MANTENER LA DISTANCIA PRUDENCIAL CON RESPECTO AL VEHICULO QUE LE ANTECEDE.,COLISION,AUTOMOVIL,3,0,0,0,0,0,0,0,0,0,0,0,0,3,26,MUJER,ILESO,PEATON,NO,NO,0