,Unnamed: 0,ID,ANIO,LESIONADOS,FALLECIDOS,LATITUD_Y,LONGITUD_X,PROVINCIA,CANTON,PARROQUIA,ZONA,FECHA,HORA,PERIODO_2,DIA_1,DIA_2,MES_1,MES_2,FERIADO,CAUSA_PROBABLE,TIPO_DE_SINIESTRO,TIPO_DE_VEHICULO_1,AUTOMOVIL,BICICLETA,BUS,CAMION,CAMIONETA,EMERGENCIAS,ESPECIAL,FURGONETA,MOTOCICLETA,NO_IDENTIFICADO,SCOOTER_ELECTRICO,TRICIMOTO,VEHICULO_DEPORTIVO_UTILITARIO,SUMA_DE_VEHICULOS,EDAD_1,SEXO_1,CONDICION_1,PARTICIPANTE_1,CASCO_1,CINTURON_1,KMeans_Cluster
19138,64746,64747,2019,0,0,-0.156561,-78.439725,PICHINCHA,QUITO,NAYON,RURAL,2019-06-05,21:40:00,21,MIERCOLES,3,JUNIO,6,NO,"CONDUCE BAJO LA INFLUENCIA DE ALCOHOL, SUSTANCIAS ESTUPEFACIENTES O PSICOTROPICAS Y/O MEDICAMENTOS.",ESTRELLAMIENTOS,CAMION,1,0,0,1,0,0,0,0,0,0,0,0,0,2,64,HOMBRE,ILESO,CONDUCTOR PRESENTE,NO,NO,3
19139,64747,64748,2019,0,0,-0.304167,-78.542831,PICHINCHA,QUITO,QUITO,URBANA,2019-06-05,21:45:00,21,MIERCOLES,3,JUNIO,6,NO,NO MANTENER LA DISTANCIA PRUDENCIAL CON RESPECTO AL VEHICULO QUE LE ANTECEDE.,CHOQUE POSTERIOR,MOTOCICLETA,1,0,0,0,0,0,0,0,1,0,0,0,0,2,28,HOMBRE,ILESO,CONDUCTOR PRESENTE,NO,NO,0
19140,64759,64760,2019,0,0,-0.150405,-78.484129,PICHINCHA,QUITO,QUITO,URBANA,2019-06-06,03:00:00,3,JUEVES,4,JUNIO,6,NO,"CONDUCE BAJO LA INFLUENCIA DE ALCOHOL, SUSTANCIAS ESTUPEFACIENTES O PSICOTROPICAS Y/O MEDICAMENTOS.",CHOQUE POSTERIOR,AUTOMOVIL,2,0,0,0,0,0,0,0,0,0,0,0,0,2,26,HOMBRE,ILESO,CONDUCTOR PRESENTE,NO,NO,0
19141,64762,64763,2019,0,0,-0.109781,-78.488991,PICHINCHA,QUITO,QUITO,URBANA,2019-06-06,06:42:00,6,JUEVES,4,JUNIO,6,NO,NO MANTENER LA DISTANCIA PRUDENCIAL CON RESPECTO AL VEHICULO QUE LE ANTECEDE.,CHOQUE POSTERIOR,AUTOMOVIL,2,0,0,0,0,0,0,0,0,0,0,0,0,2,23,HOMBRE,ILESO,CONDUCTOR PRESENTE,NO,NO,0
19142,64766,64767,2019,0,0,-0.095729,-78.507821,PICHINCHA,QUITO,QUITO,URBANA,2019-06-06,07:45:00,7,JUEVES,4,JUNIO,6,NO,DANIOS MECANICOS PREVISIBLES.,ESTRELLAMIENTOS,NO IDENTIFICADO,0,0,0,0,0,0,0,0,0,1,0,0,0,1,-1,NO IDENTIFICADO,NO IDENTIFICADO,CONDUCTOR AUSENTE,NO,NO,2
19143,64768,64769,2019,1,0,-0.161184,-78.495683,PICHINCHA,QUITO,QUITO,URBANA,2019-06-06,08:35:00,8,JUEVES,4,JUNIO,6,NO,REALIZAR CAMBIO BRUSCO O INDEBIDO DE CARRIL.,COLISION,BUS,1,0,1,0,0,0,0,0,1,0,0,0,0,3,20,HOMBRE,LESIONADO,CONDUCTOR PRESENTE,NO,NO,0
19144,64774,64775,2019,0,1,-0.232211,-78.503718,PICHINCHA,QUITO,QUITO,URBANA,2019-06-06,11:05:00,11,JUEVES,4,JUNIO,6,NO,CONDUCIR VEHICULO SUPERANDO LOS LIMITES MAXIMOS DE VELOCIDAD.,ESTRELLAMIENTOS,MOTOCICLETA,0,0,0,1,0,0,0,0,1,0,0,0,0,2,19,HOMBRE,FALLECIDO,CONDUCTOR PRESENTE,NO,NO,0
19145,64776,64777,2019,0,0,-0.141439,-78.482942,PICHINCHA,QUITO,QUITO,URBANA,2019-06-06,11:50:00,11,JUEVES,4,JUNIO,6,NO,NO CEDER EL DERECHO DE VIA O PREFERENCIA DE PASO A VEHICULOS.,CHOQUE LATERAL,CAMIONETA,1,0,0,0,1,0,0,0,0,0,0,0,0,2,34,HOMBRE,ILESO,CONDUCTOR PRESENTE,NO,NO,0
19146,64791,64792,2019,1,0,-0.176811,-78.481329,PICHINCHA,QUITO,QUITO,URBANA,2019-06-06,19:35:00,19,JUEVES,4,JUNIO,6,NO,"NO RESPETAR LAS SENIALES REGLAMENTARIAS DE TRANSITO. (PARE, CEDA EL PASO, LUZ ROJA DEL SEMAFORO, ETC).",CAIDA DE PASAJERO,AUTOMOVIL,1,0,1,0,0,0,0,0,0,0,0,0,0,2,24,MUJER,LESIONADO,PASAJERO,NO,NO,0
19147,64796,64797,2019,0,0,-0.179484,-78.481435,PICHINCHA,QUITO,QUITO,URBANA,2019-06-06,23:05:00,23,JUEVES,4,JUNIO,6,NO,CONDUCIR VEHICULO SUPERANDO LOS LIMITES MAXIMOS DE VELOCIDAD.,ESTRELLAMIENTOS,AUTOMOVIL,1,0,0,0,0,0,0,0,0,0,0,0,0,1,35,MUJER,ILESO,CONDUCTOR PRESENTE,NO,NO,0
19148,64797,64798,2019,0,0,-0.489029,-78.569954,PICHINCHA,MEJIA,MACHACHI,RURAL,2019-06-06,23:25:00,23,JUEVES,4,JUNIO,6,NO,"CONDUCE BAJO LA INFLUENCIA DE ALCOHOL, SUSTANCIAS ESTUPEFACIENTES O PSICOTROPICAS Y/O MEDICAMENTOS.",CHOQUE FRONTAL,CAMION,1,0,0,1,0,0,0,0,0,0,0,0,0,2,36,HOMBRE,ILESO,CONDUCTOR PRESENTE,NO,SI,3
19149,64801,64802,2019,2,1,-0.340146,-78.548912,PICHINCHA,QUITO,QUITO,URBANA,2019-06-07,01:30:00,1,VIERNES,5,JUNIO,6,NO,"NO RESPETAR LAS SENIALES REGLAMENTARIAS DE TRANSITO. (PARE, CEDA EL PASO, LUZ ROJA DEL SEMAFORO, ETC).",CHOQUE LATERAL,MOTOCICLETA,0,0,0,0,0,0,0,0,1,1,0,0,0,2,22,HOMBRE,FALLECIDO,PASAJERO,NO,NO,0
19150,64804,64805,2019,0,0,-0.282703,-78.558265,PICHINCHA,QUITO,QUITO,URBANA,2019-06-07,05:00:00,5,VIERNES,5,JUNIO,6,NO,"CONDUCIR EN ESTADO DE SOMNOLENCIA O MALAS CONDICIONES FISICAS (SUENIO, CANSANCIO Y FATIGA).",OTROS,CAMION,0,0,0,1,0,0,0,0,0,0,0,0,0,1,31,HOMBRE,ILESO,CONDUCTOR PRESENTE,NO,NO,0
19151,64806,64807,2019,1,0,-0.085001,-78.515178,PICHINCHA,QUITO,QUITO,URBANA,2019-06-07,06:05:00,6,VIERNES,5,JUNIO,6,NO,CONDUCIR VEHICULO SUPERANDO LOS LIMITES MAXIMOS DE VELOCIDAD.,ESTRELLAMIENTOS,CAMIONETA,0,0,0,0,1,0,0,0,0,0,0,0,0,1,38,MUJER,LESIONADO,CONDUCTOR PRESENTE,NO,NO,0
19152,64814,64815,2019,1,0,-0.105384,-78.497732,PICHINCHA,QUITO,QUITO,URBANA,2019-06-07,09:40:00,9,VIERNES,5,JUNIO,6,NO,NO MANTENER LA DISTANCIA PRUDENCIAL CON RESPECTO AL VEHICULO QUE LE ANTECEDE.,CHOQUE POSTERIOR,CAMIONETA,2,0,0,0,1,0,0,0,0,0,0,0,0,3,37,HOMBRE,LESIONADO,PASAJERO,NO,NO,0
19153,64820,64821,2019,1,0,-0.094355,-78.497618,PICHINCHA,QUITO,QUITO,URBANA,2019-06-07,11:50:00,11,VIERNES,5,JUNIO,6,NO,NO CEDER EL DERECHO DE VIA O PREFERENCIA DE PASO A VEHICULOS.,CHOQUE LATERAL,AUTOMOVIL,1,0,0,0,0,0,0,0,1,0,0,0,0,2,53,HOMBRE,LESIONADO,CONDUCTOR PRESENTE,NO,NO,0
19154,64824,64825,2019,2,0,-0.232484,-78.493231,PICHINCHA,QUITO,QUITO,RURAL,2019-06-07,15:33:00,15,VIERNES,5,JUNIO,6,NO,CONDUCIR VEHICULO SUPERANDO LOS LIMITES MAXIMOS DE VELOCIDAD.,ESTRELLAMIENTOS,CAMION,0,0,0,1,0,0,0,0,0,0,0,0,0,1,32,HOMBRE,LESIONADO,CONDUCTOR PRESENTE,NO,NO,3
19155,64826,64827,2019,0,1,-0.375126,-78.481867,PICHINCHA,QUITO,AMAGUANIA,RURAL,2019-06-07,16:00:00,16,VIERNES,5,JUNIO,6,NO,NO TRANSITAR POR LAS ACERAS O ZONAS DE SEGURIDAD DESTINADAS PARA EL EFECTO.,ARROLLAMIENTOS,BUS,0,0,1,0,0,0,0,0,0,0,0,0,0,1,80,MUJER,FALLECIDO,PEATON,NO,NO,3
19156,64837,64838,2019,1,0,-0.216551,-78.515378,PICHINCHA,QUITO,QUITO,URBANA,2019-06-07,18:22:00,18,VIERNES,5,JUNIO,6,NO,NO CEDER EL DERECHO DE VIA O PREFERENCIA DE PASO AL PEATON.,ARROLLAMIENTOS,AUTOMOVIL,1,0,0,0,0,0,0,0,0,0,0,0,0,1,8,MUJER,LESIONADO,PEATON,NO,NO,0
19157,64843,64844,2019,0,1,-0.303012,-78.551249,PICHINCHA,QUITO,QUITO,URBANA,2019-06-07,19:30:00,19,VIERNES,5,JUNIO,6,NO,CONDUCIR VEHICULO SUPERANDO LOS LIMITES MAXIMOS DE VELOCIDAD.,OTROS,NO IDENTIFICADO,0,0,0,0,0,0,0,0,0,1,0,0,0,1,50,HOMBRE,FALLECIDO,PASAJERO,NO,NO,0
19158,64845,64846,2019,0,0,-0.319976,-78.564972,PICHINCHA,QUITO,QUITO,URBANA,2019-06-07,19:55:00,19,VIERNES,5,JUNIO,6,NO,CONDUCIR EN SENTIDO CONTRARIO A LA VIA NORMAL DE CIRCULACION.,CHOQUE FRONTAL,FURGONETA,0,0,0,0,1,0,0,1,0,0,0,0,0,2,63,HOMBRE,ILESO,CONDUCTOR PRESENTE,NO,NO,0
19159,64847,64848,2019,0,0,-0.237129,-78.473251,PICHINCHA,QUITO,QUITO,RURAL,2019-06-07,20:15:00,20,VIERNES,5,JUNIO,6,NO,NO MANTENER LA DISTANCIA PRUDENCIAL CON RESPECTO AL VEHICULO QUE LE ANTECEDE.,COLISION,AUTOMOVIL,3,0,0,0,0,0,0,0,0,0,0,0,0,3,33,MUJER,ILESO,CONDUCTOR PRESENTE,NO,NO,3
19160,64848,64849,2019,0,0,-0.090421,-78.520306,PICHINCHA,QUITO,QUITO,URBANA,2019-06-07,20:45:00,20,VIERNES,5,JUNIO,6,NO,CONDUCIR VEHICULO SUPERANDO LOS LIMITES MAXIMOS DE VELOCIDAD.,ESTRELLAMIENTOS,CAMION,0,0,0,1,0,0,0,0,0,0,0,0,0,1,-1,NO IDENTIFICADO,NO IDENTIFICADO,CONDUCTOR AUSENTE,NO,NO,2
19161,64851,64852,2019,0,0,-0.223602,-78.507111,PICHINCHA,QUITO,QUITO,URBANA,2019-06-07,22:45:00,22,VIERNES,5,JUNIO,6,NO,"CONDUCE BAJO LA INFLUENCIA DE ALCOHOL, SUSTANCIAS ESTUPEFACIENTES O PSICOTROPICAS Y/O MEDICAMENTOS.",CHOQUE LATERAL,AUTOMOVIL,2,0,0,0,0,0,0,0,0,0,0,0,0,2,46,HOMBRE,ILESO,CONDUCTOR PRESENTE,NO,NO,0
19162,64853,64854,2019,1,0,-0.269632,-78.528768,PICHINCHA,QUITO,QUITO,URBANA,2019-06-07,22:50:00,22,VIERNES,5,JUNIO,6,NO,"CONDUCE BAJO LA INFLUENCIA DE ALCOHOL, SUSTANCIAS ESTUPEFACIENTES O PSICOTROPICAS Y/O MEDICAMENTOS.",CHOQUE FRONTAL,CAMION,0,0,0,1,0,0,0,0,1,0,0,0,0,2,22,HOMBRE,LESIONADO,CONDUCTOR PRESENTE,NO,NO,0
19163,64856,64857,2019,0,0,-0.262722,-78.538106,PICHINCHA,QUITO,QUITO,URBANA,2019-06-07,23:50:00,23,VIERNES,5,JUNIO,6,NO,"CONDUCIR DESATENTO A LAS CONDICIONES DE TRANSITO (CELULAR, PANTALLAS DE VIDEO, COMIDA, MAQUILLAJE O CUALQUIER OTRO ELEMENTO DISTRACTOR).",OTROS,AUTOMOVIL,1,0,0,0,0,0,0,0,0,1,0,0,0,2,34,HOMBRE,ILESO,CONDUCTOR PRESENTE,NO,NO,0
19164,64870,64871,2019,0,0,-0.191729,-78.493359,PICHINCHA,QUITO,QUITO,URBANA,2019-06-08,02:25:00,2,SABADO,6,JUNIO,6,NO,"CONDUCE BAJO LA INFLUENCIA DE ALCOHOL, SUSTANCIAS ESTUPEFACIENTES O PSICOTROPICAS Y/O MEDICAMENTOS.",CHOQUE POSTERIOR,CAMIONETA,1,0,0,0,1,0,0,0,0,0,0,0,0,2,34,HOMBRE,ILESO,CONDUCTOR PRESENTE,NO,NO,0
19165,64872,64873,2019,1,0,-0.243311,-78.519933,PICHINCHA,QUITO,QUITO,URBANA,2019-06-08,02:30:00,2,SABADO,6,JUNIO,6,NO,DEJAR O RECOGER PASAJEROS EN LUGARES NO PERMITIDOS.,CAIDA DE PASAJERO,NO IDENTIFICADO,0,0,0,0,0,0,0,0,0,1,0,0,0,1,26,MUJER,LESIONADO,PASAJERO,NO,NO,0
19166,64873,64874,2019,0,0,-0.198651,-78.484369,PICHINCHA,QUITO,QUITO,URBANA,2019-06-08,02:30:00,2,SABADO,6,JUNIO,6,NO,"CONDUCIR EN ESTADO DE SOMNOLENCIA O MALAS CONDICIONES FISICAS (SUENIO, CANSANCIO Y FATIGA).",ESTRELLAMIENTOS,AUTOMOVIL,1,0,0,0,0,0,0,0,0,0,0,0,0,1,-1,NO IDENTIFICADO,NO IDENTIFICADO,CONDUCTOR AUSENTE,NO,NO,2
19167,64875,64876,2019,0,0,-0.251319,-78.521366,PICHINCHA,QUITO,QUITO,URBANA,2019-06-08,03:00:00,3,SABADO,6,JUNIO,6,NO,"NO RESPETAR LAS SENIALES REGLAMENTARIAS DE TRANSITO. (PARE, CEDA EL PASO, LUZ ROJA DEL SEMAFORO, ETC).",CHOQUE LATERAL,AUTOMOVIL,1,0,0,0,0,0,0,0,0,1,0,0,0,2,51,MUJER,ILESO,PASAJERO,NO,NO,0
19168,64876,64877,2019,0,0,-0.085772,-78.485156,PICHINCHA,QUITO,QUITO,RURAL,2019-06-08,03:35:00,3,SABADO,6,JUNIO,6,NO,"CONDUCIR DESATENTO A LAS CONDICIONES DE TRANSITO (CELULAR, PANTALLAS DE VIDEO, COMIDA, MAQUILLAJE O CUALQUIER OTRO ELEMENTO DISTRACTOR).",ESTRELLAMIENTOS,AUTOMOVIL,1,0,0,0,0,0,0,0,0,0,0,0,0,1,-1,NO IDENTIFICADO,NO IDENTIFICADO,CONDUCTOR AUSENTE,NO,SI,2
19169,64877,64878,2019,0,0,-0.188478,-78.447371,PICHINCHA,QUITO,NAYON,RURAL,2019-06-08,03:35:00,3,SABADO,6,JUNIO,6,NO,CONDUCIR VEHICULO SUPERANDO LOS LIMITES MAXIMOS DE VELOCIDAD.,ESTRELLAMIENTOS,AUTOMOVIL,1,0,0,0,0,0,0,0,0,0,0,0,0,1,33,HOMBRE,ILESO,CONDUCTOR PRESENTE,NO,NO,3
19170,64880,64881,2019,2,0,-0.128693,-78.471214,PICHINCHA,QUITO,QUITO,URBANA,2019-06-08,04:45:00,4,SABADO,6,JUNIO,6,NO,"CONDUCE BAJO LA INFLUENCIA DE ALCOHOL, SUSTANCIAS ESTUPEFACIENTES O PSICOTROPICAS Y/O MEDICAMENTOS.",ESTRELLAMIENTOS,AUTOMOVIL,1,0,0,0,0,0,0,0,0,0,0,0,0,1,34,HOMBRE,LESIONADO,CONDUCTOR PRESENTE,NO,NO,0
19171,64886,64887,2019,3,0,-0.198121,-78.496103,PICHINCHA,QUITO,QUITO,URBANA,2019-06-08,07:00:00,7,SABADO,6,JUNIO,6,NO,"CONDUCE BAJO LA INFLUENCIA DE ALCOHOL, SUSTANCIAS ESTUPEFACIENTES O PSICOTROPICAS Y/O MEDICAMENTOS.",ESTRELLAMIENTOS,AUTOMOVIL,2,0,0,0,0,0,0,0,0,0,0,0,0,2,13,MUJER,LESIONADO,PASAJERO,NO,NO,0
19172,64887,64888,2019,0,0,0.045634,-78.173146,PICHINCHA,PEDRO MONCAYO,TABACUNDO,RURAL,2019-06-08,07:10:00,7,SABADO,6,JUNIO,6,NO,"CONDUCE BAJO LA INFLUENCIA DE ALCOHOL, SUSTANCIAS ESTUPEFACIENTES O PSICOTROPICAS Y/O MEDICAMENTOS.",CHOQUE LATERAL,CAMIONETA,0,0,0,0,2,0,0,0,0,0,0,0,0,2,28,HOMBRE,ILESO,CONDUCTOR PRESENTE,NO,SI,3
19173,64899,64900,2019,0,0,-0.088239,-78.396906,PICHINCHA,QUITO,CALDERON (CARAPUNGO),RURAL,2019-06-08,09:53:00,9,SABADO,6,JUNIO,6,NO,DANIOS MECANICOS PREVISIBLES.,PERDIDA DE PISTA,BUS,0,0,1,0,0,0,0,0,0,0,0,0,0,1,27,HOMBRE,ILESO,CONDUCTOR PRESENTE,NO,SI,3
19174,64905,64906,2019,1,0,-0.194721,-78.331731,PICHINCHA,QUITO,TABABELA,RURAL,2019-06-08,12:30:00,12,SABADO,6,JUNIO,6,NO,"CONDUCE BAJO LA INFLUENCIA DE ALCOHOL, SUSTANCIAS ESTUPEFACIENTES O PSICOTROPICAS Y/O MEDICAMENTOS.",ARROLLAMIENTOS,AUTOMOVIL,1,0,0,0,0,0,0,0,0,0,0,0,0,1,81,MUJER,LESIONADO,PEATON,NO,NO,3
19175,64907,64908,2019,0,0,-0.296191,-78.565253,PICHINCHA,QUITO,QUITO,URBANA,2019-06-08,13:40:00,13,SABADO,6,JUNIO,6,NO,"CONDUCE BAJO LA INFLUENCIA DE ALCOHOL, SUSTANCIAS ESTUPEFACIENTES O PSICOTROPICAS Y/O MEDICAMENTOS.",ROZAMIENTOS,AUTOMOVIL,1,0,1,0,0,0,0,0,0,0,0,0,0,2,18,HOMBRE,ILESO,CONDUCTOR PRESENTE,NO,NO,0
19176,64908,64909,2019,1,0,-0.177282,-78.359537,PICHINCHA,QUITO,PUEMBO,RURAL,2019-06-08,14:00:00,14,SABADO,6,JUNIO,6,NO,NO GUARDAR LA DISTANCIA LATERAL MINIMA DE SEGURIDAD ENTRE VEHICULOS.,CHOQUE LATERAL,MOTOCICLETA,0,0,0,0,0,0,0,0,1,1,0,0,0,2,34,HOMBRE,LESIONADO,PASAJERO,NO,NO,3
19177,64921,64922,2019,0,0,-0.156616,-78.466161,PICHINCHA,QUITO,QUITO,URBANA,2019-06-08,17:40:00,17,SABADO,6,JUNIO,6,NO,"CONDUCE BAJO LA INFLUENCIA DE ALCOHOL, SUSTANCIAS ESTUPEFACIENTES O PSICOTROPICAS Y/O MEDICAMENTOS.",ESTRELLAMIENTOS,AUTOMOVIL,2,0,0,0,0,0,0,0,0,0,0,0,0,2,42,HOMBRE,ILESO,CONDUCTOR PRESENTE,NO,NO,0
19178,64931,64932,2019,2,0,-0.238478,-78.526367,PICHINCHA,QUITO,QUITO,URBANA,2019-06-08,19:30:00,19,SABADO,6,JUNIO,6,NO,NO CEDER EL DERECHO DE VIA O PREFERENCIA DE PASO AL PEATON.,ATROPELLOS,NO IDENTIFICADO,0,0,0,0,0,0,0,0,0,1,0,0,0,1,33,MUJER,LESIONADO,PEATON,NO,NO,0
19179,64932,64933,2019,0,0,-0.289741,-78.538178,PICHINCHA,QUITO,QUITO,URBANA,2019-06-08,19:35:00,19,SABADO,6,JUNIO,6,NO,REALIZAR CAMBIO BRUSCO O INDEBIDO DE CARRIL.,CHOQUE LATERAL,CAMIONETA,0,0,0,0,1,0,0,0,0,1,0,0,0,2,52,HOMBRE,ILESO,CONDUCTOR PRESENTE,NO,NO,0
19180,64945,64946,2019,1,1,-0.297824,-78.542931,PICHINCHA,QUITO,QUITO,URBANA,2019-06-08,21:50:00,21,SABADO,6,JUNIO,6,NO,"CONDUCE BAJO LA INFLUENCIA DE ALCOHOL, SUSTANCIAS ESTUPEFACIENTES O PSICOTROPICAS Y/O MEDICAMENTOS.",CHOQUE LATERAL,BUS,0,0,1,0,0,0,0,0,1,0,0,0,0,2,33,MUJER,FALLECIDO,PASAJERO,NO,NO,0
19181,64946,64947,2019,0,0,-0.298152,-78.566364,PICHINCHA,QUITO,QUITO,URBANA,2019-06-08,22:15:00,22,SABADO,6,JUNIO,6,NO,NO CEDER EL DERECHO DE VIA O PREFERENCIA DE PASO A VEHICULOS.,CHOQUE LATERAL,AUTOMOVIL,1,0,0,0,0,0,0,0,1,0,0,0,0,2,28,MUJER,ILESO,CONDUCTOR PRESENTE,NO,NO,0
19182,64951,64952,2019,1,0,-0.279239,-78.552753,PICHINCHA,QUITO,QUITO,URBANA,2019-06-09,00:00:00,0,DOMINGO,7,JUNIO,6,NO,CONDUCIR VEHICULO SUPERANDO LOS LIMITES MAXIMOS DE VELOCIDAD.,CAIDA DE PASAJERO,NO IDENTIFICADO,0,0,0,0,0,0,0,0,0,1,0,0,0,1,25,MUJER,LESIONADO,PASAJERO,NO,NO,0
19183,64955,64956,2019,0,0,-0.085807,-78.485178,PICHINCHA,QUITO,QUITO,RURAL,2019-06-09,00:40:00,0,DOMINGO,7,JUNIO,6,NO,"CONDUCE BAJO LA INFLUENCIA DE ALCOHOL, SUSTANCIAS ESTUPEFACIENTES O PSICOTROPICAS Y/O MEDICAMENTOS.",CHOQUE LATERAL,VEHICULO DEPORTIVO UTILITARIO,1,0,0,0,0,0,0,0,0,0,0,0,1,2,42,HOMBRE,ILESO,CONDUCTOR PRESENTE,NO,SI,3
19184,64961,64962,2019,1,0,-0.033731,-78.446066,PICHINCHA,QUITO,POMASQUI,RURAL,2019-06-09,02:30:00,2,DOMINGO,7,JUNIO,6,NO,"CONDUCIR EN ESTADO DE SOMNOLENCIA O MALAS CONDICIONES FISICAS (SUENIO, CANSANCIO Y FATIGA).",VOLCAMIENTOS,AUTOMOVIL,1,0,0,0,0,0,0,0,0,0,0,0,0,1,44,MUJER,LESIONADO,PASAJERO,NO,NO,3
19185,64962,64963,2019,0,0,-0.317412,-78.548859,PICHINCHA,QUITO,QUITO,URBANA,2019-06-09,03:00:00,3,DOMINGO,7,JUNIO,6,NO,CONDUCIR VEHICULO SUPERANDO LOS LIMITES MAXIMOS DE VELOCIDAD.,OTROS,AUTOMOVIL,1,0,0,0,1,0,0,0,0,1,0,0,0,3,34,HOMBRE,ILESO,CONDUCTOR PRESENTE,NO,NO,0
19186,64966,64967,2019,1,0,-0.121236,-78.480158,PICHINCHA,QUITO,QUITO,URBANA,2019-06-09,03:45:00,3,DOMINGO,7,JUNIO,6,NO,CONDUCIR VEHICULO SUPERANDO LOS LIMITES MAXIMOS DE VELOCIDAD.,ESTRELLAMIENTOS,AUTOMOVIL,1,0,0,0,0,0,0,0,0,0,0,0,0,1,33,HOMBRE,LESIONADO,PASAJERO,NO,NO,0
19187,64970,64971,2019,0,0,-0.109361,-78.496264,PICHINCHA,QUITO,QUITO,URBANA,2019-06-09,04:30:00,4,DOMINGO,7,JUNIO,6,NO,CONDUCIR VEHICULO SUPERANDO LOS LIMITES MAXIMOS DE VELOCIDAD.,ESTRELLAMIENTOS,CAMIONETA,0,0,0,0,1,0,0,0,0,0,0,0,0,1,20,HOMBRE,ILESO,CONDUCTOR PRESENTE,NO,NO,0
19188,64971,64972,2019,0,0,-0.245326,-78.534069,PICHINCHA,QUITO,QUITO,URBANA,2019-06-09,04:50:00,4,DOMINGO,7,JUNIO,6,NO,NO MANTENER LA DISTANCIA PRUDENCIAL CON RESPECTO AL VEHICULO QUE LE ANTECEDE.,CHOQUE POSTERIOR,AUTOMOVIL,1,0,0,0,1,0,0,0,0,0,0,0,0,2,54,HOMBRE,ILESO,CONDUCTOR PRESENTE,NO,NO,0
19189,64974,64975,2019,1,0,-0.025685,-78.261358,PICHINCHA,CAYAMBE,OTON,RURAL,2019-06-09,05:35:00,5,DOMINGO,7,JUNIO,6,NO,"CONDUCIR DESATENTO A LAS CONDICIONES DE TRANSITO (CELULAR, PANTALLAS DE VIDEO, COMIDA, MAQUILLAJE O CUALQUIER OTRO ELEMENTO DISTRACTOR).",ATROPELLOS,NO IDENTIFICADO,0,0,0,0,0,0,0,0,0,1,0,0,0,1,36,HOMBRE,LESIONADO,PEATON,NO,SI,3
19190,64986,64987,2019,2,0,-0.305953,-78.470254,PICHINCHA,QUITO,CONOCOTO,RURAL,2019-06-09,09:40:00,9,DOMINGO,7,JUNIO,6,NO,"NO RESPETAR LAS SENIALES REGLAMENTARIAS DE TRANSITO. (PARE, CEDA EL PASO, LUZ ROJA DEL SEMAFORO, ETC).",CHOQUE LATERAL,MOTOCICLETA,1,0,0,0,0,0,0,0,1,0,0,0,0,2,22,HOMBRE,LESIONADO,CONDUCTOR PRESENTE,SI,NO,3
19191,64989,64990,2019,0,0,-0.123984,-78.485867,PICHINCHA,QUITO,QUITO,URBANA,2019-06-09,10:30:00,10,DOMINGO,7,JUNIO,6,NO,NO CEDER EL DERECHO DE VIA O PREFERENCIA DE PASO A VEHICULOS.,CHOQUE LATERAL,AUTOMOVIL,2,0,0,0,0,0,0,0,0,0,0,0,0,2,35,HOMBRE,ILESO,CONDUCTOR PRESENTE,NO,NO,0
19192,64993,64994,2019,1,0,-0.110291,-78.457491,PICHINCHA,QUITO,CALDERON (CARAPUNGO),RURAL,2019-06-09,11:45:00,11,DOMINGO,7,JUNIO,6,NO,NO GUARDAR LA DISTANCIA LATERAL MINIMA DE SEGURIDAD ENTRE VEHICULOS.,ROZAMIENTOS,FURGONETA,0,0,0,0,0,0,0,1,1,0,0,0,0,2,36,MUJER,LESIONADO,CONDUCTOR PRESENTE,NO,NO,3
19193,64994,64995,2019,1,0,-0.086913,-78.475124,PICHINCHA,QUITO,QUITO,URBANA,2019-06-09,11:50:00,11,DOMINGO,7,JUNIO,6,NO,"PEATON TRANSITA BAJO INFLUENCIA DE ALCOHOL, SUSTANCIAS ESTUPEFACIENTES O PSICOTROPICAS Y/O MEDICAMENTOS.",ATROPELLOS,FURGONETA,0,0,0,0,0,0,0,1,0,0,0,0,0,1,35,HOMBRE,LESIONADO,PEATON,NO,NO,0
19194,64998,64999,2019,0,0,-0.007215,-78.442111,PICHINCHA,QUITO,SAN ANTONIO (QUITO),RURAL,2019-06-09,13:15:00,13,DOMINGO,7,JUNIO,6,NO,"CONDUCE BAJO LA INFLUENCIA DE ALCOHOL, SUSTANCIAS ESTUPEFACIENTES O PSICOTROPICAS Y/O MEDICAMENTOS.",ESTRELLAMIENTOS,AUTOMOVIL,1,0,0,0,0,0,0,0,0,0,0,0,1,2,32,MUJER,ILESO,CONDUCTOR PRESENTE,NO,NO,3
19195,65000,65001,2019,2,2,-0.085894,-78.510717,PICHINCHA,QUITO,QUITO,URBANA,2019-06-09,14:15:00,14,DOMINGO,7,JUNIO,6,NO,CONDUCIR VEHICULO SUPERANDO LOS LIMITES MAXIMOS DE VELOCIDAD.,PERDIDA DE CARRIL,MOTOCICLETA,0,0,0,0,0,0,0,0,1,0,0,0,0,1,35,MUJER,FALLECIDO,PASAJERO,NO,NO,0
19196,65005,65006,2019,0,0,-0.197826,-78.466466,PICHINCHA,QUITO,QUITO,RURAL,2019-06-09,15:10:00,15,DOMINGO,7,JUNIO,6,NO,CONDUCIR VEHICULO SUPERANDO LOS LIMITES MAXIMOS DE VELOCIDAD.,ESTRELLAMIENTOS,AUTOMOVIL,3,0,0,0,0,0,0,0,0,0,0,0,0,3,45,MUJER,ILESO,CONDUCTOR PRESENTE,NO,NO,3