,Unnamed: 0,ID,ANIO,LESIONADOS,FALLECIDOS,LATITUD_Y,LONGITUD_X,PROVINCIA,CANTON,PARROQUIA,ZONA,FECHA,HORA,PERIODO_2,DIA_1,DIA_2,MES_1,MES_2,FERIADO,CAUSA_PROBABLE,TIPO_DE_SINIESTRO,TIPO_DE_VEHICULO_1,AUTOMOVIL,BICICLETA,BUS,CAMION,CAMIONETA,EMERGENCIAS,ESPECIAL,FURGONETA,MOTOCICLETA,NO_IDENTIFICADO,SCOOTER_ELECTRICO,TRICIMOTO,VEHICULO_DEPORTIVO_UTILITARIO,SUMA_DE_VEHICULOS,EDAD_1,SEXO_1,CONDICION_1,PARTICIPANTE_1,CASCO_1,CINTURON_1,KMeans_Cluster
19197,65010,65011,2019,2,0,-0.156465,-78.486234,PICHINCHA,QUITO,QUITO,URBANA,2019-06-09,16:00:00,16,DOMINGO,7,JUNIO,6,NO,NO TRANSITAR POR LAS ACERAS O ZONAS DE SEGURIDAD DESTINADAS PARA EL EFECTO.,ATROPELLOS,MOTOCICLETA,0,0,0,0,0,0,0,0,1,0,0,0,0,1,46,MUJER,LESIONADO,PEATON,NO,NO,0
19198,65022,65023,2019,1,0,-0.335348,-78.544442,PICHINCHA,QUITO,QUITO,URBANA,2019-06-09,18:30:00,18,DOMINGO,7,JUNIO,6,NO,"CONDUCE BAJO LA INFLUENCIA DE ALCOHOL, SUSTANCIAS ESTUPEFACIENTES O PSICOTROPICAS Y/O MEDICAMENTOS.",ATROPELLOS,AUTOMOVIL,1,0,0,0,0,0,0,0,0,0,0,0,0,1,35,MUJER,LESIONADO,PEATON,NO,NO,0
19199,65026,65027,2019,0,0,-0.021206,-78.452311,PICHINCHA,QUITO,SAN ANTONIO (QUITO),RURAL,2019-06-09,20:00:00,20,DOMINGO,7,JUNIO,6,NO,"CONDUCIR DESATENTO A LAS CONDICIONES DE TRANSITO (CELULAR, PANTALLAS DE VIDEO, COMIDA, MAQUILLAJE O CUALQUIER OTRO ELEMENTO DISTRACTOR).",CHOQUE LATERAL,CAMIONETA,0,0,0,0,1,0,0,0,0,0,0,0,0,1,35,HOMBRE,ILESO,CONDUCTOR PRESENTE,NO,SI,3
19200,65030,65031,2019,2,0,-0.292724,-78.476486,PICHINCHA,QUITO,CONOCOTO,URBANA,2019-06-09,21:30:00,21,DOMINGO,7,JUNIO,6,NO,"CONDUCE BAJO LA INFLUENCIA DE ALCOHOL, SUSTANCIAS ESTUPEFACIENTES O PSICOTROPICAS Y/O MEDICAMENTOS.",OTROS,AUTOMOVIL,2,0,0,0,0,0,0,0,1,0,0,0,0,3,38,HOMBRE,LESIONADO,CONDUCTOR PRESENTE,NO,NO,0
19201,65034,65035,2019,0,0,-0.262674,-78.538052,PICHINCHA,QUITO,QUITO,URBANA,2019-06-09,23:10:00,23,DOMINGO,7,JUNIO,6,NO,CONDUCIR VEHICULO SUPERANDO LOS LIMITES MAXIMOS DE VELOCIDAD.,CHOQUE LATERAL,AUTOMOVIL,2,0,0,0,0,0,0,0,0,0,0,0,0,2,48,HOMBRE,ILESO,CONDUCTOR PRESENTE,NO,NO,0
19202,65036,65037,2019,0,0,-0.247491,-78.508366,PICHINCHA,QUITO,QUITO,URBANA,2019-06-10,00:10:00,0,LUNES,1,JUNIO,6,NO,"CONDUCIR EN ESTADO DE SOMNOLENCIA O MALAS CONDICIONES FISICAS (SUENIO, CANSANCIO Y FATIGA).",ESTRELLAMIENTOS,AUTOMOVIL,1,0,0,0,0,0,0,0,0,0,0,0,0,1,-1,NO IDENTIFICADO,NO IDENTIFICADO,CONDUCTOR AUSENTE,NO,NO,2
19203,65039,65040,2019,0,0,-0.121124,-78.441886,PICHINCHA,QUITO,CALDERON (CARAPUNGO),RURAL,2019-06-10,02:38:00,2,LUNES,1,JUNIO,6,NO,CONDUCIR VEHICULO SUPERANDO LOS LIMITES MAXIMOS DE VELOCIDAD.,ESTRELLAMIENTOS,AUTOMOVIL,1,0,0,0,0,0,0,0,0,0,0,0,0,1,0,NO IDENTIFICADO,NO IDENTIFICADO,CONDUCTOR AUSENTE,NO,NO,2
19204,65041,65042,2019,1,0,-0.163058,-78.475467,PICHINCHA,QUITO,QUITO,URBANA,2019-06-10,06:40:00,6,LUNES,1,JUNIO,6,NO,"NO RESPETAR LAS SENIALES REGLAMENTARIAS DE TRANSITO. (PARE, CEDA EL PASO, LUZ ROJA DEL SEMAFORO, ETC).",ATROPELLOS,AUTOMOVIL,1,0,0,0,0,0,0,0,0,0,0,0,0,1,19,HOMBRE,LESIONADO,PEATON,NO,NO,0
19205,65044,65045,2019,0,0,-0.105373,-78.462381,PICHINCHA,QUITO,QUITO,RURAL,2019-06-10,07:14:00,7,LUNES,1,JUNIO,6,NO,"CONDUCIR DESATENTO A LAS CONDICIONES DE TRANSITO (CELULAR, PANTALLAS DE VIDEO, COMIDA, MAQUILLAJE O CUALQUIER OTRO ELEMENTO DISTRACTOR).",CHOQUE POSTERIOR,AUTOMOVIL,2,0,0,0,0,0,0,0,0,0,0,0,0,2,22,MUJER,ILESO,CONDUCTOR PRESENTE,NO,NO,3
19206,65048,65049,2019,0,0,-0.304167,-78.542831,PICHINCHA,QUITO,QUITO,URBANA,2019-06-10,09:43:00,9,LUNES,1,JUNIO,6,NO,NO GUARDAR LA DISTANCIA LATERAL MINIMA DE SEGURIDAD ENTRE VEHICULOS.,ROZAMIENTOS,BUS,0,0,2,0,0,0,0,0,0,0,0,0,0,2,49,HOMBRE,ILESO,CONDUCTOR PRESENTE,NO,NO,0
19207,65056,65057,2019,1,0,-0.246231,-78.518561,PICHINCHA,QUITO,QUITO,URBANA,2019-06-10,12:00:00,12,LUNES,1,JUNIO,6,NO,CONDUCIR VEHICULO SUPERANDO LOS LIMITES MAXIMOS DE VELOCIDAD.,VOLCAMIENTOS,MOTOCICLETA,0,0,0,0,0,0,0,0,1,0,0,0,0,1,25,HOMBRE,LESIONADO,CONDUCTOR PRESENTE,NO,NO,0
19208,65059,65060,2019,1,0,-0.314679,-78.559898,PICHINCHA,QUITO,QUITO,URBANA,2019-06-10,13:20:00,13,LUNES,1,JUNIO,6,NO,NO TRANSITAR POR LAS ACERAS O ZONAS DE SEGURIDAD DESTINADAS PARA EL EFECTO.,ATROPELLOS,CAMIONETA,0,0,0,0,1,0,0,0,0,0,0,0,0,1,10,HOMBRE,LESIONADO,PEATON,NO,NO,0
19209,65061,65062,2019,2,0,-0.107343,-78.492479,PICHINCHA,QUITO,QUITO,URBANA,2019-06-10,13:30:00,13,LUNES,1,JUNIO,6,NO,REALIZAR CAMBIO BRUSCO O INDEBIDO DE CARRIL.,CHOQUE LATERAL,AUTOMOVIL,1,0,0,0,1,0,0,0,0,0,0,0,0,2,51,MUJER,LESIONADO,PASAJERO,NO,NO,0
19210,65063,65064,2019,0,0,-0.297762,-78.550301,PICHINCHA,QUITO,QUITO,URBANA,2019-06-10,13:50:00,13,LUNES,1,JUNIO,6,NO,"NO RESPETAR LAS SENIALES REGLAMENTARIAS DE TRANSITO. (PARE, CEDA EL PASO, LUZ ROJA DEL SEMAFORO, ETC).",CHOQUE LATERAL,BUS,1,0,1,0,0,0,0,0,0,0,0,0,0,2,30,HOMBRE,ILESO,CONDUCTOR PRESENTE,NO,NO,0
19211,65067,65068,2019,0,0,-0.225899,-78.502567,PICHINCHA,QUITO,QUITO,URBANA,2019-06-10,15:00:00,15,LUNES,1,JUNIO,6,NO,"FALLA MECANICA EN LOS SISTEMAS Y/O NEUMATICOS (SISTEMA DE FRENOS, DIRECCION, ELECTRONICO O MECANICO).",ESTRELLAMIENTOS,CAMION,0,0,0,1,0,0,0,0,0,0,0,0,0,1,-1,NO IDENTIFICADO,NO IDENTIFICADO,CONDUCTOR AUSENTE,NO,NO,2
19212,65077,65078,2019,0,0,-0.102796,-78.470661,PICHINCHA,QUITO,QUITO,URBANA,2019-06-10,16:40:00,16,LUNES,1,JUNIO,6,NO,"CONDUCE BAJO LA INFLUENCIA DE ALCOHOL, SUSTANCIAS ESTUPEFACIENTES O PSICOTROPICAS Y/O MEDICAMENTOS.",CHOQUE LATERAL,AUTOMOVIL,1,0,0,0,1,0,0,0,0,0,0,0,0,2,26,MUJER,ILESO,CONDUCTOR PRESENTE,NO,NO,0
19213,65079,65080,2019,0,0,-0.200543,-78.510933,PICHINCHA,QUITO,QUITO,URBANA,2019-06-10,17:25:00,17,LUNES,1,JUNIO,6,NO,NO CEDER EL DERECHO DE VIA O PREFERENCIA DE PASO A VEHICULOS.,CHOQUE LATERAL,AUTOMOVIL,2,0,0,0,0,0,0,0,0,0,0,0,0,2,26,MUJER,ILESO,CONDUCTOR PRESENTE,NO,NO,0
19214,65089,65090,2019,1,0,-0.299877,-78.542315,PICHINCHA,QUITO,QUITO,URBANA,2019-06-10,21:00:00,21,LUNES,1,JUNIO,6,NO,"CONDUCE BAJO LA INFLUENCIA DE ALCOHOL, SUSTANCIAS ESTUPEFACIENTES O PSICOTROPICAS Y/O MEDICAMENTOS.",CHOQUE POSTERIOR,AUTOMOVIL,1,0,0,0,0,0,0,0,1,0,0,0,0,2,29,HOMBRE,LESIONADO,CONDUCTOR PRESENTE,NO,NO,0
19215,65092,65093,2019,1,0,-0.110591,-78.478637,PICHINCHA,QUITO,QUITO,URBANA,2019-06-10,23:30:00,23,LUNES,1,JUNIO,6,NO,NO MANTENER LA DISTANCIA PRUDENCIAL CON RESPECTO AL VEHICULO QUE LE ANTECEDE.,CHOQUE POSTERIOR,CAMIONETA,0,0,0,0,1,0,0,0,0,1,0,0,0,2,35,HOMBRE,LESIONADO,PASAJERO,NO,NO,0
19216,65100,65101,2019,1,0,-0.260434,-78.538911,PICHINCHA,QUITO,QUITO,URBANA,2019-06-11,05:45:00,5,MARTES,2,JUNIO,6,NO,NO CEDER EL DERECHO DE VIA O PREFERENCIA DE PASO A VEHICULOS.,CHOQUE LATERAL,MOTOCICLETA,1,0,0,0,0,0,0,0,1,0,0,0,0,2,31,HOMBRE,LESIONADO,CONDUCTOR PRESENTE,NO,NO,0
19217,65105,65106,2019,1,0,-0.282706,-78.554325,PICHINCHA,QUITO,QUITO,URBANA,2019-06-11,06:58:00,6,MARTES,2,JUNIO,6,NO,NO CEDER EL DERECHO DE VIA O PREFERENCIA DE PASO AL PEATON.,ATROPELLOS,AUTOMOVIL,1,0,0,0,0,0,0,0,0,0,0,0,0,1,61,HOMBRE,LESIONADO,PEATON,NO,NO,0
19218,65110,65111,2019,2,0,-0.126731,-78.491913,PICHINCHA,QUITO,QUITO,URBANA,2019-06-11,07:50:00,7,MARTES,2,JUNIO,6,NO,"NO RESPETAR LAS SENIALES REGLAMENTARIAS DE TRANSITO. (PARE, CEDA EL PASO, LUZ ROJA DEL SEMAFORO, ETC).",CHOQUE LATERAL,CAMIONETA,0,0,0,0,1,0,0,0,1,0,0,0,0,2,22,MUJER,LESIONADO,PASAJERO,NO,NO,0
19219,65115,65116,2019,0,2,-0.211464,-78.419122,PICHINCHA,QUITO,TUMBACO,RURAL,2019-06-11,08:30:00,8,MARTES,2,JUNIO,6,NO,CONDUCIR VEHICULO SUPERANDO LOS LIMITES MAXIMOS DE VELOCIDAD.,CHOQUE LATERAL,BUS,1,0,1,0,0,0,0,0,0,0,0,0,0,2,47,MUJER,FALLECIDO,PASAJERO,NO,NO,3
19220,65118,65119,2019,0,0,-0.242463,-78.482784,PICHINCHA,QUITO,QUITO,RURAL,2019-06-11,08:50:00,8,MARTES,2,JUNIO,6,NO,CONDUCIR VEHICULO SUPERANDO LOS LIMITES MAXIMOS DE VELOCIDAD.,ESTRELLAMIENTOS,AUTOMOVIL,2,0,0,0,0,0,0,0,0,0,0,0,0,2,2,HOMBRE,ILESO,PASAJERO,NO,NO,3
19221,65122,65123,2019,0,0,-0.188478,-78.447371,PICHINCHA,QUITO,NAYON,RURAL,2019-06-11,09:45:00,9,MARTES,2,JUNIO,6,NO,"ADELANTAR O REBASAR A OTRO VEHICULO EN MOVIMIENTO EN ZONAS O SITIOS PELIGROSOS TALES COMO: CURVAS, PUENTES, TUNELES, PENDIENTES, ETC.",OTROS,AUTOMOVIL,2,0,0,0,1,0,0,0,0,0,0,0,0,3,42,HOMBRE,ILESO,CONDUCTOR PRESENTE,NO,NO,3
19222,65123,65124,2019,0,0,-0.214643,-78.516711,PICHINCHA,QUITO,QUITO,URBANA,2019-06-11,10:30:00,10,MARTES,2,JUNIO,6,NO,NO MANTENER LA DISTANCIA PRUDENCIAL CON RESPECTO AL VEHICULO QUE LE ANTECEDE.,CHOQUE POSTERIOR,FURGONETA,1,0,0,0,0,0,0,1,0,0,0,0,0,2,30,HOMBRE,ILESO,CONDUCTOR PRESENTE,NO,NO,0
19223,65129,65130,2019,1,0,-0.258761,-78.525481,PICHINCHA,QUITO,QUITO,URBANA,2019-06-11,12:10:00,12,MARTES,2,JUNIO,6,NO,NO CEDER EL DERECHO DE VIA O PREFERENCIA DE PASO AL PEATON.,ATROPELLOS,AUTOMOVIL,1,0,0,0,0,0,0,0,0,0,0,0,0,1,14,HOMBRE,LESIONADO,PEATON,NO,NO,0
19224,65136,65137,2019,1,0,-0.165128,-78.479025,PICHINCHA,QUITO,QUITO,URBANA,2019-06-11,14:30:00,14,MARTES,2,JUNIO,6,NO,"NO RESPETAR LAS SENIALES REGLAMENTARIAS DE TRANSITO. (PARE, CEDA EL PASO, LUZ ROJA DEL SEMAFORO, ETC).",ATROPELLOS,AUTOMOVIL,1,0,0,0,0,0,0,0,0,0,0,0,0,1,80,HOMBRE,LESIONADO,PEATON,NO,NO,0
19225,65139,65140,2019,0,0,-0.247623,-78.516098,PICHINCHA,QUITO,QUITO,URBANA,2019-06-11,15:30:00,15,MARTES,2,JUNIO,6,NO,CONDUCIR EN SENTIDO CONTRARIO A LA VIA NORMAL DE CIRCULACION.,OTROS,CAMIONETA,0,0,0,0,2,0,0,0,0,0,0,0,0,2,-1,NO IDENTIFICADO,NO IDENTIFICADO,CONDUCTOR AUSENTE,NO,NO,2
19226,65140,65141,2019,0,0,-0.002722,-78.443116,PICHINCHA,QUITO,SAN ANTONIO (QUITO),RURAL,2019-06-11,15:30:00,15,MARTES,2,JUNIO,6,NO,REALIZAR CAMBIO BRUSCO O INDEBIDO DE CARRIL.,ROZAMIENTOS,AUTOMOVIL,2,0,0,0,0,0,0,0,0,0,0,0,0,2,53,HOMBRE,ILESO,CONDUCTOR PRESENTE,NO,NO,3
19227,65153,65154,2019,2,0,-0.176715,-78.493866,PICHINCHA,QUITO,QUITO,URBANA,2019-06-11,21:21:00,21,MARTES,2,JUNIO,6,NO,NO TRANSITAR POR LAS ACERAS O ZONAS DE SEGURIDAD DESTINADAS PARA EL EFECTO.,ATROPELLOS,MOTOCICLETA,0,0,0,0,0,0,0,0,1,0,0,0,0,1,57,HOMBRE,LESIONADO,PEATON,NO,NO,0
19228,65154,65155,2019,2,0,-0.333031,-78.543153,PICHINCHA,QUITO,QUITO,URBANA,2019-06-11,21:45:00,21,MARTES,2,JUNIO,6,NO,CONDUCIR VEHICULO SUPERANDO LOS LIMITES MAXIMOS DE VELOCIDAD.,PERDIDA DE CARRIL,NO IDENTIFICADO,0,0,0,0,0,0,0,0,0,1,0,0,0,1,37,MUJER,LESIONADO,PASAJERO,NO,NO,0
19229,65158,65159,2019,2,0,-0.140017,-78.501191,PICHINCHA,QUITO,QUITO,URBANA,2019-06-12,00:15:00,0,MIERCOLES,3,JUNIO,6,NO,NO MANTENER LA DISTANCIA PRUDENCIAL CON RESPECTO AL VEHICULO QUE LE ANTECEDE.,CHOQUE POSTERIOR,AUTOMOVIL,2,0,0,0,0,0,0,0,0,0,0,0,0,2,26,HOMBRE,LESIONADO,CONDUCTOR PRESENTE,NO,NO,0
19230,65162,65163,2019,0,0,-0.195771,-78.484198,PICHINCHA,QUITO,QUITO,URBANA,2019-06-12,03:00:00,3,MIERCOLES,3,JUNIO,6,NO,"NO RESPETAR LAS SENIALES REGLAMENTARIAS DE TRANSITO. (PARE, CEDA EL PASO, LUZ ROJA DEL SEMAFORO, ETC).",CHOQUE LATERAL,AUTOMOVIL,1,0,0,1,0,0,0,0,0,0,0,0,0,2,34,HOMBRE,ILESO,CONDUCTOR PRESENTE,NO,NO,0
19231,65165,65166,2019,1,0,-0.343621,-78.555281,PICHINCHA,QUITO,QUITO,URBANA,2019-06-12,06:30:00,6,MIERCOLES,3,JUNIO,6,NO,"CONDUCIR DESATENTO A LAS CONDICIONES DE TRANSITO (CELULAR, PANTALLAS DE VIDEO, COMIDA, MAQUILLAJE O CUALQUIER OTRO ELEMENTO DISTRACTOR).",CHOQUE LATERAL,AUTOMOVIL,2,0,0,0,0,0,0,0,0,0,0,0,0,2,6,HOMBRE,LESIONADO,PASAJERO,NO,NO,0
19232,65167,65168,2019,0,0,-0.295548,-78.478189,PICHINCHA,QUITO,CONOCOTO,RURAL,2019-06-12,06:35:00,6,MIERCOLES,3,JUNIO,6,NO,NO CEDER EL DERECHO DE VIA O PREFERENCIA DE PASO A VEHICULOS.,CHOQUE LATERAL,AUTOMOVIL,2,0,0,0,0,0,0,0,0,0,0,0,0,2,26,HOMBRE,ILESO,CONDUCTOR PRESENTE,NO,NO,3
19233,65168,65169,2019,3,0,-0.131662,-78.500511,PICHINCHA,QUITO,QUITO,URBANA,2019-06-12,06:45:00,6,MIERCOLES,3,JUNIO,6,NO,REALIZAR CAMBIO BRUSCO O INDEBIDO DE CARRIL.,CHOQUE LATERAL,AUTOMOVIL,2,0,0,0,0,0,0,0,0,0,0,0,0,2,10,MUJER,LESIONADO,PASAJERO,NO,NO,0
19234,65170,65171,2019,1,0,-0.239721,-78.512058,PICHINCHA,QUITO,QUITO,URBANA,2019-06-12,07:00:00,7,MIERCOLES,3,JUNIO,6,NO,NO CEDER EL DERECHO DE VIA O PREFERENCIA DE PASO A VEHICULOS.,CHOQUE LATERAL,AUTOMOVIL,2,0,0,0,0,0,0,0,0,0,0,0,0,2,5,HOMBRE,LESIONADO,PASAJERO,NO,NO,0
19235,65172,65173,2019,1,0,-0.126753,-78.496441,PICHINCHA,QUITO,QUITO,URBANA,2019-06-12,07:20:00,7,MIERCOLES,3,JUNIO,6,NO,PEATON QUE CRUZA LA CALZADA SIN RESPETAR LA SENIALIZACION EXISTENTE (SEMAFOROS O SENIALES MANUALES).,ATROPELLOS,AUTOMOVIL,1,0,0,0,0,0,0,0,0,0,0,0,0,1,10,HOMBRE,LESIONADO,PEATON,NO,NO,0
19236,65174,65175,2019,1,0,-0.289998,-78.476392,PICHINCHA,QUITO,CONOCOTO,RURAL,2019-06-12,08:20:00,8,MIERCOLES,3,JUNIO,6,NO,"NO RESPETAR LAS SENIALES REGLAMENTARIAS DE TRANSITO. (PARE, CEDA EL PASO, LUZ ROJA DEL SEMAFORO, ETC).",CHOQUE LATERAL,MOTOCICLETA,0,0,0,0,0,0,0,0,1,1,0,0,0,2,42,HOMBRE,LESIONADO,CONDUCTOR PRESENTE,NO,NO,3
19237,65176,65177,2019,0,0,-0.292724,-78.476486,PICHINCHA,QUITO,CONOCOTO,RURAL,2019-06-12,08:54:00,8,MIERCOLES,3,JUNIO,6,NO,NO MANTENER LA DISTANCIA PRUDENCIAL CON RESPECTO AL VEHICULO QUE LE ANTECEDE.,COLISION,AUTOMOVIL,3,0,1,0,0,0,0,0,0,0,0,0,0,4,53,HOMBRE,ILESO,CONDUCTOR PRESENTE,NO,NO,3
19238,65184,65185,2019,1,0,-0.254429,-78.530641,PICHINCHA,QUITO,QUITO,URBANA,2019-06-12,10:50:00,10,MIERCOLES,3,JUNIO,6,NO,NO TRANSITAR POR LAS ACERAS O ZONAS DE SEGURIDAD DESTINADAS PARA EL EFECTO.,ATROPELLOS,CAMIONETA,0,0,0,0,1,0,0,0,0,0,0,0,0,1,64,MUJER,LESIONADO,PEATON,NO,NO,0
19239,65188,65189,2019,0,0,-0.295604,-78.561141,PICHINCHA,QUITO,QUITO,URBANA,2019-06-12,13:00:00,13,MIERCOLES,3,JUNIO,6,NO,"CONDUCIR DESATENTO A LAS CONDICIONES DE TRANSITO (CELULAR, PANTALLAS DE VIDEO, COMIDA, MAQUILLAJE O CUALQUIER OTRO ELEMENTO DISTRACTOR).",OTROS,AUTOMOVIL,1,0,0,0,0,0,0,0,0,0,0,0,0,1,-1,NO IDENTIFICADO,NO IDENTIFICADO,CONDUCTOR AUSENTE,NO,NO,2
19240,65194,65195,2019,1,0,-0.007423,-78.447961,PICHINCHA,QUITO,SAN ANTONIO (QUITO),RURAL,2019-06-12,14:40:00,14,MIERCOLES,3,JUNIO,6,NO,NO CEDER EL DERECHO DE VIA O PREFERENCIA DE PASO AL PEATON.,ATROPELLOS,BUS,0,0,1,0,0,0,0,0,1,0,0,0,0,2,25,HOMBRE,LESIONADO,PEATON,NO,NO,3
19241,65199,65200,2019,0,0,-0.188478,-78.447371,PICHINCHA,QUITO,NAYON,RURAL,2019-06-12,15:30:00,15,MIERCOLES,3,JUNIO,6,NO,CONDUCIR VEHICULO SUPERANDO LOS LIMITES MAXIMOS DE VELOCIDAD.,VOLCAMIENTOS,FURGONETA,0,0,0,0,0,0,0,1,0,0,0,0,0,1,-1,NO IDENTIFICADO,NO IDENTIFICADO,CONDUCTOR AUSENTE,NO,NO,2
19242,65210,65211,2019,2,0,-0.319976,-78.564972,PICHINCHA,QUITO,QUITO,URBANA,2019-06-12,19:30:00,19,MIERCOLES,3,JUNIO,6,NO,CONDUCIR VEHICULO SUPERANDO LOS LIMITES MAXIMOS DE VELOCIDAD.,PERDIDA DE CARRIL,NO IDENTIFICADO,0,0,0,0,0,0,0,0,0,1,0,0,0,1,23,HOMBRE,LESIONADO,CONDUCTOR PRESENTE,NO,NO,0
19243,65223,65224,2019,0,0,-0.230591,-78.509846,PICHINCHA,QUITO,QUITO,URBANA,2019-06-12,23:05:00,23,MIERCOLES,3,JUNIO,6,NO,"CONDUCIR DESATENTO A LAS CONDICIONES DE TRANSITO (CELULAR, PANTALLAS DE VIDEO, COMIDA, MAQUILLAJE O CUALQUIER OTRO ELEMENTO DISTRACTOR).",ESTRELLAMIENTOS,AUTOMOVIL,1,0,0,0,0,0,0,0,0,0,0,0,0,1,-1,NO IDENTIFICADO,NO IDENTIFICADO,CONDUCTOR AUSENTE,NO,NO,2
19244,65226,65227,2019,1,0,-0.105384,-78.497732,PICHINCHA,QUITO,QUITO,URBANA,2019-06-13,00:10:00,0,JUEVES,4,JUNIO,6,NO,CONDUCIR VEHICULO SUPERANDO LOS LIMITES MAXIMOS DE VELOCIDAD.,ESTRELLAMIENTOS,AUTOMOVIL,1,0,0,0,0,0,0,0,0,0,0,0,0,1,60,HOMBRE,LESIONADO,CONDUCTOR PRESENTE,NO,NO,0
19245,65227,65228,2019,0,0,-0.217821,-78.491471,PICHINCHA,QUITO,QUITO,URBANA,2019-06-13,00:30:00,0,JUEVES,4,JUNIO,6,NO,"CONDUCIR EN ESTADO DE SOMNOLENCIA O MALAS CONDICIONES FISICAS (SUENIO, CANSANCIO Y FATIGA).",ESTRELLAMIENTOS,AUTOMOVIL,1,0,0,0,0,0,0,0,0,0,0,0,0,1,-1,NO IDENTIFICADO,NO IDENTIFICADO,CONDUCTOR AUSENTE,NO,NO,2
19246,65231,65232,2019,0,0,-0.100622,-78.472207,PICHINCHA,QUITO,QUITO,URBANA,2019-06-13,04:15:00,4,JUEVES,4,JUNIO,6,NO,REALIZAR CAMBIO BRUSCO O INDEBIDO DE CARRIL.,CHOQUE LATERAL,AUTOMOVIL,2,0,0,0,0,0,0,0,0,0,0,0,0,2,43,HOMBRE,ILESO,CONDUCTOR PRESENTE,NO,NO,0
19247,65244,65245,2019,0,0,-0.251467,-78.482758,PICHINCHA,QUITO,QUITO,URBANA,2019-06-13,10:00:00,10,JUEVES,4,JUNIO,6,NO,"CONDUCIR DESATENTO A LAS CONDICIONES DE TRANSITO (CELULAR, PANTALLAS DE VIDEO, COMIDA, MAQUILLAJE O CUALQUIER OTRO ELEMENTO DISTRACTOR).",CHOQUE POSTERIOR,MOTOCICLETA,1,0,0,0,0,0,0,0,1,0,0,0,0,2,54,MUJER,ILESO,CONDUCTOR PRESENTE,NO,SI,0
19248,65246,65247,2019,0,0,-0.122371,-78.495545,PICHINCHA,QUITO,QUITO,URBANA,2019-06-13,10:30:00,10,JUEVES,4,JUNIO,6,NO,REALIZAR CAMBIO BRUSCO O INDEBIDO DE CARRIL.,CHOQUE LATERAL,AUTOMOVIL,2,0,0,0,0,0,0,0,0,0,0,0,0,2,35,HOMBRE,ILESO,CONDUCTOR PRESENTE,NO,NO,0
19249,65247,65248,2019,1,0,-0.291821,-78.558443,PICHINCHA,QUITO,QUITO,URBANA,2019-06-13,10:30:00,10,JUEVES,4,JUNIO,6,NO,"CASO FORTUITO O FUERZA MAYOR (EXPLOSION DE NEUMATICO NUEVO, DERRUMBE, INUNDACION, CAIDA DE PUENTE, ARBOL, PRESENCIA INTEMPESTIVA E IMPREVISTA DE SEMOVIENTES EN LA VIA, ETC.).",PERDIDA DE CARRIL,MOTOCICLETA,0,0,0,0,0,0,0,0,1,0,0,0,0,1,31,HOMBRE,LESIONADO,CONDUCTOR PRESENTE,NO,NO,0
19250,65271,65272,2019,2,0,-0.309695,-78.484376,PICHINCHA,QUITO,CONOCOTO,RURAL,2019-06-13,18:55:00,18,JUEVES,4,JUNIO,6,NO,NO CEDER EL DERECHO DE VIA O PREFERENCIA DE PASO AL PEATON.,ATROPELLOS,NO IDENTIFICADO,0,0,0,0,0,0,0,0,0,1,0,0,0,1,15,MUJER,LESIONADO,PEATON,NO,NO,3
19251,65272,65273,2019,1,0,-0.295641,-78.561141,PICHINCHA,QUITO,QUITO,URBANA,2019-06-13,19:10:00,19,JUEVES,4,JUNIO,6,NO,"CONDUCIR DESATENTO A LAS CONDICIONES DE TRANSITO (CELULAR, PANTALLAS DE VIDEO, COMIDA, MAQUILLAJE O CUALQUIER OTRO ELEMENTO DISTRACTOR).",OTROS,AUTOMOVIL,1,0,1,0,0,0,0,0,0,0,0,0,0,2,10,HOMBRE,LESIONADO,PASAJERO,NO,NO,0
19252,65276,65277,2019,0,0,-0.274018,-78.541391,PICHINCHA,QUITO,QUITO,URBANA,2019-06-13,20:00:00,20,JUEVES,4,JUNIO,6,NO,"CONDUCE BAJO LA INFLUENCIA DE ALCOHOL, SUSTANCIAS ESTUPEFACIENTES O PSICOTROPICAS Y/O MEDICAMENTOS.",ESTRELLAMIENTOS,AUTOMOVIL,2,0,0,0,0,0,0,0,0,0,0,0,0,2,28,HOMBRE,ILESO,CONDUCTOR PRESENTE,NO,NO,0
19253,65278,65279,2019,0,0,-0.260613,-78.546297,PICHINCHA,QUITO,QUITO,URBANA,2019-06-13,23:55:00,23,JUEVES,4,JUNIO,6,NO,"CONDUCE BAJO LA INFLUENCIA DE ALCOHOL, SUSTANCIAS ESTUPEFACIENTES O PSICOTROPICAS Y/O MEDICAMENTOS.",CHOQUE LATERAL,AUTOMOVIL,1,0,0,0,0,0,0,0,1,0,0,0,0,2,23,HOMBRE,ILESO,CONDUCTOR PRESENTE,NO,NO,0
19254,65283,65284,2019,0,0,-0.217131,-78.490441,PICHINCHA,QUITO,QUITO,URBANA,2019-06-14,02:00:00,2,VIERNES,5,JUNIO,6,NO,"CONDUCIR EN ESTADO DE SOMNOLENCIA O MALAS CONDICIONES FISICAS (SUENIO, CANSANCIO Y FATIGA).",ESTRELLAMIENTOS,AUTOMOVIL,1,0,0,0,0,0,0,0,0,0,0,0,0,1,38,HOMBRE,ILESO,PASAJERO,NO,NO,0
19255,65285,65286,2019,0,0,-0.331526,-78.551327,PICHINCHA,QUITO,QUITO,URBANA,2019-06-14,03:40:00,3,VIERNES,5,JUNIO,6,NO,"NO RESPETAR LAS SENIALES REGLAMENTARIAS DE TRANSITO. (PARE, CEDA EL PASO, LUZ ROJA DEL SEMAFORO, ETC).",CHOQUE LATERAL,AUTOMOVIL,2,0,0,0,0,0,0,0,0,0,0,0,0,2,43,HOMBRE,ILESO,CONDUCTOR PRESENTE,NO,NO,0