,Unnamed: 0,ID,ANIO,LESIONADOS,FALLECIDOS,LATITUD_Y,LONGITUD_X,PROVINCIA,CANTON,PARROQUIA,ZONA,FECHA,HORA,PERIODO_2,DIA_1,DIA_2,MES_1,MES_2,FERIADO,CAUSA_PROBABLE,TIPO_DE_SINIESTRO,TIPO_DE_VEHICULO_1,AUTOMOVIL,BICICLETA,BUS,CAMION,CAMIONETA,EMERGENCIAS,ESPECIAL,FURGONETA,MOTOCICLETA,NO_IDENTIFICADO,SCOOTER_ELECTRICO,TRICIMOTO,VEHICULO_DEPORTIVO_UTILITARIO,SUMA_DE_VEHICULOS,EDAD_1,SEXO_1,CONDICION_1,PARTICIPANTE_1,CASCO_1,CINTURON_1,KMeans_Cluster
19256,65292,65293,2019,17,0,-0.103479,-78.509386,PICHINCHA,QUITO,QUITO,URBANA,2019-06-14,05:34:00,5,VIERNES,5,JUNIO,6,NO,CONDUCIR VEHICULO SUPERANDO LOS LIMITES MAXIMOS DE VELOCIDAD.,ESTRELLAMIENTOS,BUS,0,0,1,0,0,0,0,0,0,0,0,0,0,1,59,MUJER,LESIONADO,PASAJERO,NO,NO,0
19257,65295,65296,2019,0,0,-0.090253,-78.522132,PICHINCHA,QUITO,QUITO,URBANA,2019-06-14,06:40:00,6,VIERNES,5,JUNIO,6,NO,NO CEDER EL DERECHO DE VIA O PREFERENCIA DE PASO A VEHICULOS.,CHOQUE LATERAL,AUTOMOVIL,1,0,1,0,0,0,0,0,0,0,0,0,0,2,45,HOMBRE,ILESO,CONDUCTOR PRESENTE,NO,NO,0
19258,65299,65300,2019,0,0,-0.237587,-78.484667,PICHINCHA,QUITO,QUITO,URBANA,2019-06-14,07:18:00,7,VIERNES,5,JUNIO,6,NO,NO MANTENER LA DISTANCIA PRUDENCIAL CON RESPECTO AL VEHICULO QUE LE ANTECEDE.,CHOQUE POSTERIOR,AUTOMOVIL,2,0,0,0,0,0,0,0,0,0,0,0,0,2,39,HOMBRE,ILESO,CONDUCTOR PRESENTE,NO,NO,0
19259,65301,65302,2019,0,0,-0.158725,-78.488838,PICHINCHA,QUITO,QUITO,URBANA,2019-06-14,08:10:00,8,VIERNES,5,JUNIO,6,NO,CONDUCIR VEHICULO SUPERANDO LOS LIMITES MAXIMOS DE VELOCIDAD.,ESTRELLAMIENTOS,CAMIONETA,1,0,0,0,1,0,0,0,1,0,0,0,0,3,48,MUJER,ILESO,CONDUCTOR PRESENTE,NO,NO,0
19260,65305,65306,2019,2,1,-0.252466,-78.515731,PICHINCHA,QUITO,QUITO,URBANA,2019-06-14,09:15:00,9,VIERNES,5,JUNIO,6,NO,CONDUCIR VEHICULO SUPERANDO LOS LIMITES MAXIMOS DE VELOCIDAD.,ARROLLAMIENTOS,MOTOCICLETA,1,0,0,0,0,0,0,0,1,0,0,0,0,2,4,HOMBRE,FALLECIDO,PASAJERO,SI,NO,0
19261,65310,65311,2019,0,0,-0.252466,-78.515731,PICHINCHA,QUITO,QUITO,URBANA,2019-06-14,10:50:00,10,VIERNES,5,JUNIO,6,NO,"CONDUCE BAJO LA INFLUENCIA DE ALCOHOL, SUSTANCIAS ESTUPEFACIENTES O PSICOTROPICAS Y/O MEDICAMENTOS.",ESTRELLAMIENTOS,AUTOMOVIL,2,0,0,0,0,0,0,0,0,0,0,0,0,2,33,HOMBRE,ILESO,CONDUCTOR PRESENTE,NO,NO,0
19262,65314,65315,2019,0,0,-0.160417,-78.496922,PICHINCHA,QUITO,QUITO,URBANA,2019-06-14,12:30:00,12,VIERNES,5,JUNIO,6,NO,CONDUCIR VEHICULO SUPERANDO LOS LIMITES MAXIMOS DE VELOCIDAD.,ESTRELLAMIENTOS,FURGONETA,0,0,0,0,0,0,0,1,0,0,0,0,0,1,8,HOMBRE,ILESO,PASAJERO,NO,NO,0
19263,65318,65319,2019,0,0,-0.121013,-78.464289,PICHINCHA,QUITO,QUITO,URBANA,2019-06-14,13:00:00,13,VIERNES,5,JUNIO,6,NO,CONDUCIR VEHICULO SUPERANDO LOS LIMITES MAXIMOS DE VELOCIDAD.,ESTRELLAMIENTOS,FURGONETA,0,0,0,0,0,0,0,1,0,0,0,0,0,1,45,HOMBRE,ILESO,CONDUCTOR PRESENTE,NO,NO,0
19264,65319,65320,2019,1,0,-0.270221,-78.545319,PICHINCHA,QUITO,QUITO,URBANA,2019-06-14,13:00:00,13,VIERNES,5,JUNIO,6,NO,NO CEDER EL DERECHO DE VIA O PREFERENCIA DE PASO AL PEATON.,ATROPELLOS,CAMIONETA,0,0,0,0,1,0,0,0,0,0,0,0,0,1,9,HOMBRE,LESIONADO,PEATON,NO,NO,0
19265,65327,65328,2019,0,0,-0.191372,-78.480874,PICHINCHA,QUITO,QUITO,URBANA,2019-06-14,15:20:00,15,VIERNES,5,JUNIO,6,NO,NO MANTENER LA DISTANCIA PRUDENCIAL CON RESPECTO AL VEHICULO QUE LE ANTECEDE.,CHOQUE POSTERIOR,AUTOMOVIL,2,0,0,0,0,0,0,0,0,0,0,0,0,2,31,MUJER,ILESO,CONDUCTOR PRESENTE,NO,NO,0
19266,65328,65329,2019,1,0,-0.257521,-78.543671,PICHINCHA,QUITO,QUITO,URBANA,2019-06-14,15:30:00,15,VIERNES,5,JUNIO,6,NO,DEJAR O RECOGER PASAJEROS EN LUGARES NO PERMITIDOS.,CAIDA DE PASAJERO,NO IDENTIFICADO,0,0,0,0,0,0,0,0,0,1,0,0,0,1,67,MUJER,LESIONADO,PASAJERO,NO,NO,0
19267,65333,65334,2019,4,0,-0.237685,-78.484591,PICHINCHA,QUITO,QUITO,URBANA,2019-06-14,17:15:00,17,VIERNES,5,JUNIO,6,NO,CONDUCIR VEHICULO SUPERANDO LOS LIMITES MAXIMOS DE VELOCIDAD.,ESTRELLAMIENTOS,AUTOMOVIL,2,0,0,0,1,0,0,0,0,0,0,0,0,3,31,HOMBRE,LESIONADO,CONDUCTOR PRESENTE,NO,NO,0
19268,65338,65339,2019,1,0,-0.250172,-78.532445,PICHINCHA,QUITO,QUITO,URBANA,2019-06-14,18:42:00,18,VIERNES,5,JUNIO,6,NO,"NO RESPETAR LAS SENIALES REGLAMENTARIAS DE TRANSITO. (PARE, CEDA EL PASO, LUZ ROJA DEL SEMAFORO, ETC).",ATROPELLOS,AUTOMOVIL,1,0,0,0,0,0,0,0,0,0,0,0,0,1,17,MUJER,LESIONADO,PEATON,NO,NO,0
19269,65341,65342,2019,0,0,-0.289231,-78.539072,PICHINCHA,QUITO,QUITO,URBANA,2019-06-14,19:00:00,19,VIERNES,5,JUNIO,6,NO,NO MANTENER LA DISTANCIA PRUDENCIAL CON RESPECTO AL VEHICULO QUE LE ANTECEDE.,CHOQUE POSTERIOR,AUTOMOVIL,1,0,0,0,0,0,0,0,1,0,0,0,0,2,38,HOMBRE,ILESO,CONDUCTOR PRESENTE,NO,NO,0
19270,65361,65362,2019,0,0,-0.222988,-78.526341,PICHINCHA,QUITO,QUITO,URBANA,2019-06-14,23:15:00,23,VIERNES,5,JUNIO,6,NO,"CONDICIONES AMBIENTALES Y/O ATMOSFERICAS (NIEBLA, NEBLINA, GRANIZO, LLUVIA).",ESTRELLAMIENTOS,AUTOMOVIL,1,0,0,0,0,0,0,0,0,0,0,0,0,1,-1,NO IDENTIFICADO,NO IDENTIFICADO,CONDUCTOR AUSENTE,NO,NO,2
19271,65362,65363,2019,0,0,-0.154364,-78.473173,PICHINCHA,QUITO,QUITO,URBANA,2019-06-14,23:30:00,23,VIERNES,5,JUNIO,6,NO,NO CEDER EL DERECHO DE VIA O PREFERENCIA DE PASO A VEHICULOS.,CHOQUE LATERAL,MOTOCICLETA,0,0,0,1,0,0,0,0,1,0,0,0,0,2,38,HOMBRE,ILESO,CONDUCTOR PRESENTE,NO,NO,0
19272,65364,65365,2019,0,0,-0.120476,-78.493981,PICHINCHA,QUITO,QUITO,URBANA,2019-06-15,00:10:00,0,SABADO,6,JUNIO,6,NO,"NO RESPETAR LAS SENIALES REGLAMENTARIAS DE TRANSITO. (PARE, CEDA EL PASO, LUZ ROJA DEL SEMAFORO, ETC).",CHOQUE LATERAL,AUTOMOVIL,2,0,0,0,0,0,0,0,0,0,0,0,0,2,65,HOMBRE,ILESO,CONDUCTOR PRESENTE,NO,NO,0
19273,65369,65370,2019,0,0,-0.157572,-78.470978,PICHINCHA,QUITO,QUITO,URBANA,2019-06-15,01:45:00,1,SABADO,6,JUNIO,6,NO,"CONDUCE BAJO LA INFLUENCIA DE ALCOHOL, SUSTANCIAS ESTUPEFACIENTES O PSICOTROPICAS Y/O MEDICAMENTOS.",CHOQUE LATERAL,AUTOMOVIL,2,0,0,0,0,0,0,0,0,0,0,0,0,2,30,HOMBRE,ILESO,CONDUCTOR PRESENTE,NO,NO,0
19274,65371,65372,2019,1,0,-0.264697,-78.521909,PICHINCHA,QUITO,QUITO,URBANA,2019-06-15,02:30:00,2,SABADO,6,JUNIO,6,NO,"CONDUCIR EN ESTADO DE SOMNOLENCIA O MALAS CONDICIONES FISICAS (SUENIO, CANSANCIO Y FATIGA).",PERDIDA DE CARRIL,MOTOCICLETA,0,0,0,0,0,0,0,0,1,0,0,0,0,1,24,HOMBRE,LESIONADO,PASAJERO,NO,NO,0
19275,65372,65373,2019,1,0,-0.228727,-78.485702,PICHINCHA,QUITO,QUITO,URBANA,2019-06-15,02:30:00,2,SABADO,6,JUNIO,6,NO,"CONDUCE BAJO LA INFLUENCIA DE ALCOHOL, SUSTANCIAS ESTUPEFACIENTES O PSICOTROPICAS Y/O MEDICAMENTOS.",CHOQUE FRONTAL,MOTOCICLETA,1,0,0,0,0,0,0,0,1,0,0,0,0,2,31,HOMBRE,LESIONADO,CONDUCTOR PRESENTE,NO,NO,0
19276,65373,65374,2019,0,0,-0.291739,-78.535594,PICHINCHA,QUITO,QUITO,URBANA,2019-06-15,02:35:00,2,SABADO,6,JUNIO,6,NO,"CONDUCIR EN ESTADO DE SOMNOLENCIA O MALAS CONDICIONES FISICAS (SUENIO, CANSANCIO Y FATIGA).",ESTRELLAMIENTOS,AUTOMOVIL,1,0,0,0,0,0,0,0,0,0,0,0,0,1,-1,NO IDENTIFICADO,NO IDENTIFICADO,CONDUCTOR AUSENTE,NO,NO,2
19277,65375,65376,2019,0,0,-0.209568,-78.507023,PICHINCHA,QUITO,QUITO,URBANA,2019-06-15,02:45:00,2,SABADO,6,JUNIO,6,NO,CONDUCIR VEHICULO SUPERANDO LOS LIMITES MAXIMOS DE VELOCIDAD.,ESTRELLAMIENTOS,AUTOMOVIL,1,0,0,0,0,0,0,0,0,0,0,0,0,1,-1,NO IDENTIFICADO,NO IDENTIFICADO,CONDUCTOR AUSENTE,NO,NO,2
19278,65378,65379,2019,0,0,-0.157264,-78.481009,PICHINCHA,QUITO,QUITO,URBANA,2019-06-15,03:20:00,3,SABADO,6,JUNIO,6,NO,"CONDICIONES AMBIENTALES Y/O ATMOSFERICAS (NIEBLA, NEBLINA, GRANIZO, LLUVIA).",CHOQUE LATERAL,AUTOMOVIL,1,0,0,0,0,0,0,0,0,1,0,0,0,2,-1,NO IDENTIFICADO,NO IDENTIFICADO,CONDUCTOR AUSENTE,NO,NO,2
19279,65382,65383,2019,0,0,-0.341999,-78.479506,PICHINCHA,QUITO,AMAGUANIA,RURAL,2019-06-15,03:55:00,3,SABADO,6,JUNIO,6,NO,"CONDUCE BAJO LA INFLUENCIA DE ALCOHOL, SUSTANCIAS ESTUPEFACIENTES O PSICOTROPICAS Y/O MEDICAMENTOS.",ESTRELLAMIENTOS,AUTOMOVIL,2,0,0,0,0,0,0,0,0,0,0,0,0,2,22,MUJER,ILESO,CONDUCTOR PRESENTE,NO,NO,3
19280,65385,65386,2019,0,0,-0.060833,-78.420614,PICHINCHA,QUITO,CALDERON (CARAPUNGO),RURAL,2019-06-15,05:20:00,5,SABADO,6,JUNIO,6,NO,"CONDUCIR EN ESTADO DE SOMNOLENCIA O MALAS CONDICIONES FISICAS (SUENIO, CANSANCIO Y FATIGA).",ESTRELLAMIENTOS,AUTOMOVIL,1,0,0,0,0,0,0,0,0,0,0,0,0,1,-1,NO IDENTIFICADO,NO IDENTIFICADO,CONDUCTOR AUSENTE,NO,NO,2
19281,65386,65387,2019,0,0,-0.465484,-78.565081,PICHINCHA,MEJIA,MACHACHI,RURAL,2019-06-15,07:00:00,7,SABADO,6,JUNIO,6,NO,"CONDUCIR DESATENTO A LAS CONDICIONES DE TRANSITO (CELULAR, PANTALLAS DE VIDEO, COMIDA, MAQUILLAJE O CUALQUIER OTRO ELEMENTO DISTRACTOR).",PERDIDA DE CARRIL,CAMION,0,0,0,1,0,0,0,0,0,0,0,0,0,1,-1,NO IDENTIFICADO,NO IDENTIFICADO,CONDUCTOR AUSENTE,NO,SI,2
19282,65390,65391,2019,0,0,-0.161611,-78.496752,PICHINCHA,QUITO,QUITO,URBANA,2019-06-15,07:20:00,7,SABADO,6,JUNIO,6,NO,"CONDUCIR DESATENTO A LAS CONDICIONES DE TRANSITO (CELULAR, PANTALLAS DE VIDEO, COMIDA, MAQUILLAJE O CUALQUIER OTRO ELEMENTO DISTRACTOR).",OTROS,CAMION,0,0,0,1,0,0,0,0,0,0,0,0,0,1,-1,NO IDENTIFICADO,NO IDENTIFICADO,CONDUCTOR AUSENTE,NO,NO,2
19283,65392,65393,2019,0,0,-0.205941,-78.501741,PICHINCHA,QUITO,QUITO,URBANA,2019-06-15,08:30:00,8,SABADO,6,JUNIO,6,NO,"NO RESPETAR LAS SENIALES REGLAMENTARIAS DE TRANSITO. (PARE, CEDA EL PASO, LUZ ROJA DEL SEMAFORO, ETC).",CHOQUE LATERAL,AUTOMOVIL,1,0,0,0,0,0,0,0,1,0,0,0,0,2,20,HOMBRE,ILESO,CONDUCTOR PRESENTE,NO,NO,0
19284,65394,65395,2019,2,0,-0.091585,-78.439052,PICHINCHA,QUITO,CALDERON (CARAPUNGO),RURAL,2019-06-15,10:00:00,10,SABADO,6,JUNIO,6,NO,NO CEDER EL DERECHO DE VIA O PREFERENCIA DE PASO A VEHICULOS.,CHOQUE LATERAL,MOTOCICLETA,0,0,0,1,0,0,0,0,1,0,0,0,0,2,30,HOMBRE,LESIONADO,PASAJERO,NO,NO,3
19285,65398,65399,2019,1,0,-0.128945,-78.464351,PICHINCHA,QUITO,QUITO,URBANA,2019-06-15,11:50:00,11,SABADO,6,JUNIO,6,NO,"NO RESPETAR LAS SENIALES REGLAMENTARIAS DE TRANSITO. (PARE, CEDA EL PASO, LUZ ROJA DEL SEMAFORO, ETC).",CHOQUE LATERAL,MOTOCICLETA,1,0,0,0,0,0,0,0,1,0,0,0,0,2,42,HOMBRE,LESIONADO,CONDUCTOR PRESENTE,NO,NO,0
19286,65404,65405,2019,0,0,-0.335406,-78.541017,PICHINCHA,QUITO,QUITO,URBANA,2019-06-15,13:20:00,13,SABADO,6,JUNIO,6,NO,"CONDUCIR DESATENTO A LAS CONDICIONES DE TRANSITO (CELULAR, PANTALLAS DE VIDEO, COMIDA, MAQUILLAJE O CUALQUIER OTRO ELEMENTO DISTRACTOR).",OTROS,AUTOMOVIL,1,0,0,0,0,0,0,0,0,0,0,0,0,1,-1,NO IDENTIFICADO,NO IDENTIFICADO,CONDUCTOR AUSENTE,NO,NO,2
19287,65406,65407,2019,0,0,-0.245278,-78.498167,PICHINCHA,QUITO,QUITO,URBANA,2019-06-15,13:30:00,13,SABADO,6,JUNIO,6,NO,NO MANTENER LA DISTANCIA PRUDENCIAL CON RESPECTO AL VEHICULO QUE LE ANTECEDE.,COLISION,AUTOMOVIL,4,0,0,0,0,0,0,0,0,0,0,0,0,4,36,HOMBRE,ILESO,CONDUCTOR PRESENTE,NO,NO,0
19288,65409,65410,2019,0,0,-0.253045,-78.519901,PICHINCHA,QUITO,QUITO,URBANA,2019-06-15,14:00:00,14,SABADO,6,JUNIO,6,NO,NO CEDER EL DERECHO DE VIA O PREFERENCIA DE PASO A VEHICULOS.,CHOQUE LATERAL,AUTOMOVIL,1,0,1,0,0,0,0,0,0,0,0,0,0,2,54,HOMBRE,ILESO,CONDUCTOR PRESENTE,NO,NO,0
19289,65411,65412,2019,0,0,-0.206138,-78.483123,PICHINCHA,QUITO,QUITO,URBANA,2019-06-15,14:30:00,14,SABADO,6,JUNIO,6,NO,NO MANTENER LA DISTANCIA PRUDENCIAL CON RESPECTO AL VEHICULO QUE LE ANTECEDE.,COLISION,AUTOMOVIL,3,0,0,0,0,0,0,0,0,0,0,0,0,3,36,HOMBRE,ILESO,CONDUCTOR PRESENTE,NO,NO,0
19290,65412,65413,2019,0,0,-0.292028,-78.558295,PICHINCHA,QUITO,QUITO,URBANA,2019-06-15,14:45:00,14,SABADO,6,JUNIO,6,NO,NO MANTENER LA DISTANCIA PRUDENCIAL CON RESPECTO AL VEHICULO QUE LE ANTECEDE.,CHOQUE POSTERIOR,AUTOMOVIL,1,0,0,0,0,0,0,0,0,1,0,0,0,2,25,MUJER,ILESO,CONDUCTOR PRESENTE,NO,NO,0
19291,65414,65415,2019,0,0,-0.129724,-78.309086,PICHINCHA,QUITO,CHECA (CHILPA),RURAL,2019-06-15,15:00:00,15,SABADO,6,JUNIO,6,NO,NO CEDER EL DERECHO DE VIA O PREFERENCIA DE PASO A VEHICULOS.,CHOQUE LATERAL,AUTOMOVIL,2,0,0,0,0,0,0,0,0,0,0,0,0,2,47,HOMBRE,ILESO,CONDUCTOR PRESENTE,NO,NO,3
19292,65415,65416,2019,1,0,-0.308109,-78.544678,PICHINCHA,QUITO,QUITO,URBANA,2019-06-15,15:15:00,15,SABADO,6,JUNIO,6,NO,"NO RESPETAR LAS SENIALES REGLAMENTARIAS DE TRANSITO. (PARE, CEDA EL PASO, LUZ ROJA DEL SEMAFORO, ETC).",CHOQUE LATERAL,MOTOCICLETA,1,0,0,0,0,0,0,0,1,0,0,0,0,2,26,HOMBRE,LESIONADO,CONDUCTOR PRESENTE,NO,NO,0
19293,65425,65426,2019,0,0,-0.034306,-78.453866,PICHINCHA,QUITO,POMASQUI,RURAL,2019-06-15,19:00:00,19,SABADO,6,JUNIO,6,NO,"CONDUCE BAJO LA INFLUENCIA DE ALCOHOL, SUSTANCIAS ESTUPEFACIENTES O PSICOTROPICAS Y/O MEDICAMENTOS.",CHOQUE POSTERIOR,CAMION,1,0,0,1,0,0,0,0,0,0,0,0,0,2,59,HOMBRE,ILESO,CONDUCTOR PRESENTE,NO,SI,3
19294,65433,65434,2019,0,0,-0.158326,-78.497669,PICHINCHA,QUITO,QUITO,URBANA,2019-06-15,20:00:00,20,SABADO,6,JUNIO,6,NO,"CONDUCE BAJO LA INFLUENCIA DE ALCOHOL, SUSTANCIAS ESTUPEFACIENTES O PSICOTROPICAS Y/O MEDICAMENTOS.",ESTRELLAMIENTOS,AUTOMOVIL,3,0,0,0,0,0,0,0,0,0,0,0,0,3,38,HOMBRE,ILESO,CONDUCTOR PRESENTE,NO,NO,0
19295,65439,65440,2019,0,0,-0.168343,-78.486643,PICHINCHA,QUITO,QUITO,URBANA,2019-06-15,21:00:00,21,SABADO,6,JUNIO,6,NO,"NO RESPETAR LAS SENIALES REGLAMENTARIAS DE TRANSITO. (PARE, CEDA EL PASO, LUZ ROJA DEL SEMAFORO, ETC).",CHOQUE LATERAL,AUTOMOVIL,2,0,0,0,0,0,0,0,0,0,0,0,0,2,28,HOMBRE,ILESO,CONDUCTOR PRESENTE,NO,NO,0
19296,65440,65441,2019,2,0,-0.223311,-78.487151,PICHINCHA,QUITO,QUITO,URBANA,2019-06-15,21:40:00,21,SABADO,6,JUNIO,6,NO,"CONDICIONES AMBIENTALES Y/O ATMOSFERICAS (NIEBLA, NEBLINA, GRANIZO, LLUVIA).",ESTRELLAMIENTOS,MOTOCICLETA,0,0,0,0,0,0,0,0,1,0,0,0,0,1,25,HOMBRE,LESIONADO,PASAJERO,NO,NO,0
19297,65442,65443,2019,1,0,-0.234333,-78.523822,PICHINCHA,QUITO,QUITO,URBANA,2019-06-15,22:00:00,22,SABADO,6,JUNIO,6,NO,"CONDUCE BAJO LA INFLUENCIA DE ALCOHOL, SUSTANCIAS ESTUPEFACIENTES O PSICOTROPICAS Y/O MEDICAMENTOS.",CHOQUE FRONTAL,AUTOMOVIL,1,0,0,0,0,0,0,0,1,0,0,0,0,2,31,HOMBRE,LESIONADO,CONDUCTOR PRESENTE,NO,NO,0
19298,65445,65446,2019,0,0,-0.184611,-78.344977,PICHINCHA,QUITO,TABABELA,RURAL,2019-06-15,22:45:00,22,SABADO,6,JUNIO,6,NO,CONDUCIR VEHICULO SUPERANDO LOS LIMITES MAXIMOS DE VELOCIDAD.,ESTRELLAMIENTOS,AUTOMOVIL,1,0,0,0,0,0,0,0,0,0,0,0,0,1,30,HOMBRE,ILESO,PASAJERO,NO,NO,3
19299,65454,65455,2019,1,0,-0.237711,-78.484465,PICHINCHA,QUITO,QUITO,URBANA,2019-06-15,23:15:00,23,SABADO,6,JUNIO,6,NO,"CONDICIONES AMBIENTALES Y/O ATMOSFERICAS (NIEBLA, NEBLINA, GRANIZO, LLUVIA).",OTROS,MOTOCICLETA,0,0,0,0,0,0,0,0,1,1,0,0,0,2,26,HOMBRE,LESIONADO,CONDUCTOR PRESENTE,NO,NO,0
19300,65473,65474,2019,0,0,-0.148951,-78.489504,PICHINCHA,QUITO,QUITO,URBANA,2019-06-16,02:40:00,2,DOMINGO,7,JUNIO,6,NO,"CONDUCIR EN ESTADO DE SOMNOLENCIA O MALAS CONDICIONES FISICAS (SUENIO, CANSANCIO Y FATIGA).",ESTRELLAMIENTOS,AUTOMOVIL,1,0,0,0,0,0,0,0,0,0,0,0,0,1,47,HOMBRE,ILESO,CONDUCTOR PRESENTE,NO,NO,0
19301,65474,65475,2019,1,0,-0.237909,-78.529145,PICHINCHA,QUITO,QUITO,URBANA,2019-06-16,03:00:00,3,DOMINGO,7,JUNIO,6,NO,CONDUCIR VEHICULO SUPERANDO LOS LIMITES MAXIMOS DE VELOCIDAD.,ESTRELLAMIENTOS,AUTOMOVIL,1,0,0,0,0,0,0,0,0,0,0,0,0,1,20,HOMBRE,LESIONADO,PASAJERO,NO,NO,0
19302,65478,65479,2019,1,0,-0.262753,-78.451793,PICHINCHA,QUITO,GUANGOPOLO,URBANA,2019-06-16,03:30:00,3,DOMINGO,7,JUNIO,6,NO,PEATON QUE CRUZA LA CALZADA SIN RESPETAR LA SENIALIZACION EXISTENTE (SEMAFOROS O SENIALES MANUALES).,ATROPELLOS,NO IDENTIFICADO,0,0,0,0,0,0,0,0,0,1,0,0,0,1,26,HOMBRE,LESIONADO,PEATON,NO,NO,0
19303,65481,65482,2019,5,0,-0.001411,-78.544438,PICHINCHA,QUITO,CALACALI,RURAL,2019-06-16,04:00:00,4,DOMINGO,7,JUNIO,6,NO,"CONDUCIR EN ESTADO DE SOMNOLENCIA O MALAS CONDICIONES FISICAS (SUENIO, CANSANCIO Y FATIGA).",VOLCAMIENTOS,AUTOMOVIL,1,0,0,0,0,0,0,0,0,0,0,0,0,1,14,HOMBRE,LESIONADO,PASAJERO,NO,NO,3
19304,65486,65487,2019,0,0,-0.144973,-78.469451,PICHINCHA,QUITO,QUITO,URBANA,2019-06-16,04:30:00,4,DOMINGO,7,JUNIO,6,NO,CONDUCIR VEHICULO SUPERANDO LOS LIMITES MAXIMOS DE VELOCIDAD.,ESTRELLAMIENTOS,AUTOMOVIL,1,0,0,0,0,0,0,0,0,0,0,0,0,1,-1,NO IDENTIFICADO,NO IDENTIFICADO,CONDUCTOR AUSENTE,NO,NO,2
19305,65492,65493,2019,1,0,-0.355057,-78.549323,PICHINCHA,QUITO,QUITO,URBANA,2019-06-16,05:50:00,5,DOMINGO,7,JUNIO,6,NO,CONDUCIR VEHICULO SUPERANDO LOS LIMITES MAXIMOS DE VELOCIDAD.,PERDIDA DE CARRIL,MOTOCICLETA,0,0,0,0,0,0,0,0,1,0,0,0,0,1,23,HOMBRE,LESIONADO,CONDUCTOR PRESENTE,NO,NO,0
19306,65497,65498,2019,0,0,-0.375496,-78.506023,PICHINCHA,QUITO,AMAGUANIA,RURAL,2019-06-16,07:00:00,7,DOMINGO,7,JUNIO,6,NO,NO GUARDAR LA DISTANCIA LATERAL MINIMA DE SEGURIDAD ENTRE VEHICULOS.,ROZAMIENTOS,CAMIONETA,0,0,0,0,2,0,0,0,0,0,0,0,0,2,78,HOMBRE,ILESO,CONDUCTOR PRESENTE,NO,NO,3
19307,65507,65508,2019,1,0,-0.141439,-78.482942,PICHINCHA,QUITO,QUITO,URBANA,2019-06-16,08:24:00,8,DOMINGO,7,JUNIO,6,NO,CONDUCIR VEHICULO SUPERANDO LOS LIMITES MAXIMOS DE VELOCIDAD.,ESTRELLAMIENTOS,CAMIONETA,0,0,0,0,1,0,0,0,0,0,0,0,0,1,21,MUJER,LESIONADO,PASAJERO,NO,NO,0
19308,65510,65511,2019,2,0,-0.205684,-78.503271,PICHINCHA,QUITO,QUITO,URBANA,2019-06-16,09:00:00,9,DOMINGO,7,JUNIO,6,NO,DEJAR O RECOGER PASAJEROS EN LUGARES NO PERMITIDOS.,CAIDA DE PASAJERO,BUS,0,0,1,0,0,0,0,0,0,0,0,0,0,1,28,HOMBRE,LESIONADO,PASAJERO,NO,NO,0
19309,65514,65515,2019,0,0,-0.181406,-78.505089,PICHINCHA,QUITO,QUITO,URBANA,2019-06-16,09:54:00,9,DOMINGO,7,JUNIO,6,NO,CONDUCIR VEHICULO SUPERANDO LOS LIMITES MAXIMOS DE VELOCIDAD.,COLISION,AUTOMOVIL,3,0,0,0,0,0,0,0,0,0,0,0,0,3,70,HOMBRE,ILESO,CONDUCTOR PRESENTE,NO,NO,0
19310,65518,65519,2019,0,0,-0.103032,-78.512727,PICHINCHA,QUITO,QUITO,URBANA,2019-06-16,11:20:00,11,DOMINGO,7,JUNIO,6,NO,"CASO FORTUITO O FUERZA MAYOR (EXPLOSION DE NEUMATICO NUEVO, DERRUMBE, INUNDACION, CAIDA DE PUENTE, ARBOL, PRESENCIA INTEMPESTIVA E IMPREVISTA DE SEMOVIENTES EN LA VIA, ETC.).",OTROS,AUTOMOVIL,1,0,0,0,1,0,0,0,0,0,0,0,0,2,76,HOMBRE,ILESO,CONDUCTOR PRESENTE,NO,NO,0
19311,65528,65529,2019,1,0,0.015551,-78.479261,PICHINCHA,QUITO,CALACALI,RURAL,2019-06-16,15:15:00,15,DOMINGO,7,JUNIO,6,NO,REALIZAR CAMBIO BRUSCO O INDEBIDO DE CARRIL.,CHOQUE LATERAL,MOTOCICLETA,1,0,0,0,0,0,0,0,1,0,0,0,0,2,36,HOMBRE,LESIONADO,CONDUCTOR PRESENTE,NO,SI,3
19312,65529,65530,2019,0,0,-0.182025,-78.478736,PICHINCHA,QUITO,QUITO,URBANA,2019-06-16,15:17:00,15,DOMINGO,7,JUNIO,6,NO,NO MANTENER LA DISTANCIA PRUDENCIAL CON RESPECTO AL VEHICULO QUE LE ANTECEDE.,COLISION,AUTOMOVIL,3,0,0,0,0,0,0,0,0,0,0,0,0,3,33,HOMBRE,ILESO,CONDUCTOR PRESENTE,NO,NO,0
19313,65532,65533,2019,0,0,-0.328479,-78.522294,PICHINCHA,QUITO,QUITO,URBANA,2019-06-16,15:45:00,15,DOMINGO,7,JUNIO,6,NO,NO GUARDAR LA DISTANCIA LATERAL MINIMA DE SEGURIDAD ENTRE VEHICULOS.,CHOQUE LATERAL,AUTOMOVIL,2,0,0,0,0,0,0,0,0,0,0,0,0,2,53,HOMBRE,ILESO,CONDUCTOR PRESENTE,NO,NO,0