,Unnamed: 0,ID,ANIO,LESIONADOS,FALLECIDOS,LATITUD_Y,LONGITUD_X,PROVINCIA,CANTON,PARROQUIA,ZONA,FECHA,HORA,PERIODO_2,DIA_1,DIA_2,MES_1,MES_2,FERIADO,CAUSA_PROBABLE,TIPO_DE_SINIESTRO,TIPO_DE_VEHICULO_1,AUTOMOVIL,BICICLETA,BUS,CAMION,CAMIONETA,EMERGENCIAS,ESPECIAL,FURGONETA,MOTOCICLETA,NO_IDENTIFICADO,SCOOTER_ELECTRICO,TRICIMOTO,VEHICULO_DEPORTIVO_UTILITARIO,SUMA_DE_VEHICULOS,EDAD_1,SEXO_1,CONDICION_1,PARTICIPANTE_1,CASCO_1,CINTURON_1,KMeans_Cluster
19314,65534,65535,2019,3,0,-0.182313,-78.489987,PICHINCHA,QUITO,QUITO,URBANA,2019-06-16,16:20:00,16,DOMINGO,7,JUNIO,6,NO,"CONDUCE BAJO LA INFLUENCIA DE ALCOHOL, SUSTANCIAS ESTUPEFACIENTES O PSICOTROPICAS Y/O MEDICAMENTOS.",CHOQUE LATERAL,CAMIONETA,1,0,0,0,1,0,0,0,0,0,0,0,0,2,0,MUJER,LESIONADO,PASAJERO,NO,NO,0
19315,65558,65559,2019,0,0,-0.572063,-78.594456,PICHINCHA,MEJIA,ALOASI,RURAL,2019-06-16,18:40:00,18,DOMINGO,7,JUNIO,6,NO,"CONDUCE BAJO LA INFLUENCIA DE ALCOHOL, SUSTANCIAS ESTUPEFACIENTES O PSICOTROPICAS Y/O MEDICAMENTOS.",CHOQUE POSTERIOR,VEHICULO DEPORTIVO UTILITARIO,0,0,0,0,0,0,0,0,0,0,0,0,2,2,38,MUJER,ILESO,CONDUCTOR PRESENTE,NO,SI,3
19316,65560,65561,2019,0,0,-0.245022,-78.530797,PICHINCHA,QUITO,QUITO,URBANA,2019-06-16,18:50:00,18,DOMINGO,7,JUNIO,6,NO,"CONDUCIR DESATENTO A LAS CONDICIONES DE TRANSITO (CELULAR, PANTALLAS DE VIDEO, COMIDA, MAQUILLAJE O CUALQUIER OTRO ELEMENTO DISTRACTOR).",OTROS,AUTOMOVIL,1,0,0,0,0,0,0,0,0,0,0,0,0,1,-1,NO IDENTIFICADO,NO IDENTIFICADO,CONDUCTOR AUSENTE,NO,NO,2
19317,65574,65575,2019,0,0,-0.299877,-78.542315,PICHINCHA,QUITO,QUITO,URBANA,2019-06-16,22:40:00,22,DOMINGO,7,JUNIO,6,NO,"CONDUCE BAJO LA INFLUENCIA DE ALCOHOL, SUSTANCIAS ESTUPEFACIENTES O PSICOTROPICAS Y/O MEDICAMENTOS.",CHOQUE LATERAL,AUTOMOVIL,2,0,0,0,0,0,0,0,0,0,0,0,0,2,35,MUJER,ILESO,PASAJERO,NO,NO,0
19318,65580,65581,2019,0,0,-0.216833,-78.357078,PICHINCHA,QUITO,PIFO,RURAL,2019-06-17,00:35:00,0,LUNES,1,JUNIO,6,NO,CONDUCIR VEHICULO SUPERANDO LOS LIMITES MAXIMOS DE VELOCIDAD.,ESTRELLAMIENTOS,AUTOMOVIL,1,0,0,0,0,0,0,0,0,0,0,0,0,1,-1,NO IDENTIFICADO,NO IDENTIFICADO,CONDUCTOR AUSENTE,NO,NO,2
19319,65591,65592,2019,0,0,-0.181249,-78.505204,PICHINCHA,QUITO,QUITO,URBANA,2019-06-17,07:15:00,7,LUNES,1,JUNIO,6,NO,REALIZAR CAMBIO BRUSCO O INDEBIDO DE CARRIL.,COLISION,AUTOMOVIL,3,0,0,0,0,0,0,0,0,0,0,0,0,3,29,HOMBRE,ILESO,CONDUCTOR PRESENTE,NO,NO,0
19320,65592,65593,2019,0,0,-0.195164,-78.479483,PICHINCHA,QUITO,QUITO,URBANA,2019-06-17,07:15:00,7,LUNES,1,JUNIO,6,NO,NO CEDER EL DERECHO DE VIA O PREFERENCIA DE PASO A VEHICULOS.,COLISION,AUTOMOVIL,3,0,0,0,0,0,0,0,0,0,0,0,0,3,53,HOMBRE,ILESO,CONDUCTOR PRESENTE,NO,NO,0
19321,65594,65595,2019,0,0,-0.174401,-78.493518,PICHINCHA,QUITO,QUITO,URBANA,2019-06-17,08:25:00,8,LUNES,1,JUNIO,6,NO,"ADELANTAR O REBASAR A OTRO VEHICULO EN MOVIMIENTO EN ZONAS O SITIOS PELIGROSOS TALES COMO: CURVAS, PUENTES, TUNELES, PENDIENTES, ETC.",COLISION,CAMIONETA,2,0,0,0,1,0,0,1,0,0,0,0,0,4,32,HOMBRE,ILESO,CONDUCTOR PRESENTE,NO,NO,0
19322,65599,65600,2019,0,0,-0.140638,-78.475811,PICHINCHA,QUITO,QUITO,URBANA,2019-06-17,09:40:00,9,LUNES,1,JUNIO,6,NO,"NO RESPETAR LAS SENIALES REGLAMENTARIAS DE TRANSITO. (PARE, CEDA EL PASO, LUZ ROJA DEL SEMAFORO, ETC).",CHOQUE LATERAL,AUTOMOVIL,2,0,0,0,0,0,0,0,0,0,0,0,0,2,60,HOMBRE,ILESO,CONDUCTOR PRESENTE,NO,NO,0
19323,65609,65610,2019,1,0,-0.213591,-78.497504,PICHINCHA,QUITO,QUITO,URBANA,2019-06-17,14:00:00,14,LUNES,1,JUNIO,6,NO,NO TRANSITAR POR LAS ACERAS O ZONAS DE SEGURIDAD DESTINADAS PARA EL EFECTO.,ATROPELLOS,AUTOMOVIL,1,0,0,0,0,0,0,0,0,0,0,0,0,1,6,MUJER,LESIONADO,PEATON,NO,NO,0
19324,65611,65612,2019,0,0,-0.242681,-78.497364,PICHINCHA,QUITO,QUITO,URBANA,2019-06-17,14:25:00,14,LUNES,1,JUNIO,6,NO,NO MANTENER LA DISTANCIA PRUDENCIAL CON RESPECTO AL VEHICULO QUE LE ANTECEDE.,CHOQUE POSTERIOR,BUS,1,0,1,0,0,0,0,0,0,0,0,0,0,2,42,HOMBRE,ILESO,CONDUCTOR PRESENTE,NO,NO,0
19325,65616,65617,2019,0,0,-0.109235,-78.486305,PICHINCHA,QUITO,QUITO,URBANA,2019-06-17,15:20:00,15,LUNES,1,JUNIO,6,NO,CONDUCIR VEHICULO SUPERANDO LOS LIMITES MAXIMOS DE VELOCIDAD.,ESTRELLAMIENTOS,BUS,0,0,1,0,0,0,0,0,0,0,0,0,0,1,48,HOMBRE,ILESO,CONDUCTOR PRESENTE,NO,NO,0
19326,65625,65626,2019,0,0,-0.163073,-78.462599,PICHINCHA,QUITO,QUITO,URBANA,2019-06-17,18:25:00,18,LUNES,1,JUNIO,6,NO,NO MANTENER LA DISTANCIA PRUDENCIAL CON RESPECTO AL VEHICULO QUE LE ANTECEDE.,COLISION,AUTOMOVIL,3,0,0,0,0,0,0,0,0,0,0,0,0,3,36,MUJER,ILESO,CONDUCTOR PRESENTE,NO,NO,0
19327,65626,65627,2019,1,0,-0.232254,-78.505317,PICHINCHA,QUITO,QUITO,URBANA,2019-06-17,18:45:00,18,LUNES,1,JUNIO,6,NO,"CONDUCE BAJO LA INFLUENCIA DE ALCOHOL, SUSTANCIAS ESTUPEFACIENTES O PSICOTROPICAS Y/O MEDICAMENTOS.",CHOQUE POSTERIOR,AUTOMOVIL,1,0,0,0,1,0,0,0,1,0,0,0,0,3,27,HOMBRE,LESIONADO,CONDUCTOR PRESENTE,NO,NO,0
19328,65635,65636,2019,0,0,-0.282438,-78.543773,PICHINCHA,QUITO,QUITO,URBANA,2019-06-17,23:50:00,23,LUNES,1,JUNIO,6,NO,NO MANTENER LA DISTANCIA PRUDENCIAL CON RESPECTO AL VEHICULO QUE LE ANTECEDE.,CHOQUE POSTERIOR,AUTOMOVIL,2,0,0,0,0,0,0,0,0,0,0,0,0,2,29,MUJER,ILESO,PASAJERO,NO,NO,0
19329,65639,65640,2019,1,0,-0.265504,-78.541456,PICHINCHA,QUITO,QUITO,URBANA,2019-06-18,03:45:00,3,MARTES,2,JUNIO,6,NO,"NO RESPETAR LAS SENIALES REGLAMENTARIAS DE TRANSITO. (PARE, CEDA EL PASO, LUZ ROJA DEL SEMAFORO, ETC).",CHOQUE LATERAL,MOTOCICLETA,0,0,0,0,0,0,0,0,1,1,0,0,0,2,23,HOMBRE,LESIONADO,CONDUCTOR PRESENTE,NO,NO,0
19330,65651,65652,2019,2,0,-0.197826,-78.466466,PICHINCHA,QUITO,QUITO,RURAL,2019-06-18,10:20:00,10,MARTES,2,JUNIO,6,NO,"PRESENCIA DE AGENTES EXTERNOS EN LA VIA (AGUA, ACEITE, PIEDRA, LASTRE, ESCOMBROS, MADEROS, ETC.).",ESTRELLAMIENTOS,CAMIONETA,1,0,0,0,1,0,0,0,0,0,0,0,0,2,36,HOMBRE,LESIONADO,CONDUCTOR PRESENTE,NO,NO,3
19331,65652,65653,2019,1,0,-0.092503,-78.434123,PICHINCHA,QUITO,CALDERON (CARAPUNGO),RURAL,2019-06-18,11:10:00,11,MARTES,2,JUNIO,6,NO,NO CEDER EL DERECHO DE VIA O PREFERENCIA DE PASO AL PEATON.,ATROPELLOS,NO IDENTIFICADO,0,0,0,0,0,0,0,0,0,1,0,0,0,1,5,MUJER,LESIONADO,PEATON,NO,NO,3
19332,65661,65662,2019,1,0,-0.089881,-78.517157,PICHINCHA,QUITO,QUITO,URBANA,2019-06-18,13:24:00,13,MARTES,2,JUNIO,6,NO,NO CEDER EL DERECHO DE VIA O PREFERENCIA DE PASO A VEHICULOS.,CHOQUE LATERAL,MOTOCICLETA,0,1,0,0,0,0,0,0,1,0,0,0,0,2,15,HOMBRE,LESIONADO,PASAJERO,NO,NO,0
19333,65668,65669,2019,0,0,-0.297773,-78.524662,PICHINCHA,QUITO,QUITO,URBANA,2019-06-18,15:53:00,15,MARTES,2,JUNIO,6,NO,REALIZAR CAMBIO BRUSCO O INDEBIDO DE CARRIL.,CHOQUE LATERAL,CAMIONETA,0,0,1,0,1,0,0,0,0,0,0,0,0,2,59,MUJER,ILESO,PASAJERO,NO,NO,0
19334,65675,65676,2019,1,0,-0.140621,-78.495153,PICHINCHA,QUITO,QUITO,URBANA,2019-06-18,18:00:00,18,MARTES,2,JUNIO,6,NO,"NO RESPETAR LAS SENIALES REGLAMENTARIAS DE TRANSITO. (PARE, CEDA EL PASO, LUZ ROJA DEL SEMAFORO, ETC).",CHOQUE LATERAL,CAMIONETA,1,0,0,0,1,0,0,0,0,0,0,0,0,2,86,MUJER,LESIONADO,PASAJERO,NO,NO,0
19335,65676,65677,2019,1,0,-0.287778,-78.491251,PICHINCHA,QUITO,CONOCOTO,RURAL,2019-06-18,18:10:00,18,MARTES,2,JUNIO,6,NO,DEJAR O RECOGER PASAJEROS EN LUGARES NO PERMITIDOS.,CAIDA DE PASAJERO,BUS,0,0,1,0,0,0,0,0,0,0,0,0,0,1,69,MUJER,LESIONADO,PASAJERO,NO,NO,3
19336,65679,65680,2019,0,0,-0.209399,-78.488047,PICHINCHA,QUITO,QUITO,URBANA,2019-06-18,19:27:00,19,MARTES,2,JUNIO,6,NO,"CONDUCE BAJO LA INFLUENCIA DE ALCOHOL, SUSTANCIAS ESTUPEFACIENTES O PSICOTROPICAS Y/O MEDICAMENTOS.",CHOQUE LATERAL,AUTOMOVIL,2,0,0,0,0,0,0,0,0,0,0,0,0,2,23,HOMBRE,ILESO,CONDUCTOR PRESENTE,NO,NO,0
19337,65681,65682,2019,2,0,-0.116068,-78.488281,PICHINCHA,QUITO,QUITO,URBANA,2019-06-18,20:00:00,20,MARTES,2,JUNIO,6,NO,NO MANTENER LA DISTANCIA PRUDENCIAL CON RESPECTO AL VEHICULO QUE LE ANTECEDE.,CHOQUE POSTERIOR,MOTOCICLETA,1,0,0,0,0,0,0,0,1,0,0,0,0,2,24,MUJER,LESIONADO,PASAJERO,NO,NO,0
19338,65682,65683,2019,0,0,-0.311611,-78.551796,PICHINCHA,QUITO,QUITO,URBANA,2019-06-18,20:20:00,20,MARTES,2,JUNIO,6,NO,NO CEDER EL DERECHO DE VIA O PREFERENCIA DE PASO A VEHICULOS.,CHOQUE LATERAL,AUTOMOVIL,2,0,0,0,0,0,0,0,0,0,0,0,0,2,57,HOMBRE,ILESO,CONDUCTOR PRESENTE,NO,NO,0
19339,65696,65697,2019,6,0,-0.102274,-78.477198,PICHINCHA,QUITO,QUITO,URBANA,2019-06-19,06:30:00,6,MIERCOLES,3,JUNIO,6,NO,"NO RESPETAR LAS SENIALES REGLAMENTARIAS DE TRANSITO. (PARE, CEDA EL PASO, LUZ ROJA DEL SEMAFORO, ETC).",CHOQUE LATERAL,FURGONETA,1,0,0,0,0,0,0,1,0,0,0,0,0,2,32,HOMBRE,LESIONADO,PASAJERO,NO,NO,0
19340,65698,65699,2019,1,0,-0.308006,-78.559416,PICHINCHA,QUITO,QUITO,URBANA,2019-06-19,07:25:00,7,MIERCOLES,3,JUNIO,6,NO,"CONDUCIR DESATENTO A LAS CONDICIONES DE TRANSITO (CELULAR, PANTALLAS DE VIDEO, COMIDA, MAQUILLAJE O CUALQUIER OTRO ELEMENTO DISTRACTOR).",OTROS,MOTOCICLETA,0,0,0,0,0,0,0,0,1,0,0,0,0,1,21,MUJER,LESIONADO,PASAJERO,NO,NO,0
19341,65699,65700,2019,2,0,-0.267286,-78.527086,PICHINCHA,QUITO,QUITO,URBANA,2019-06-19,07:32:00,7,MIERCOLES,3,JUNIO,6,NO,PEATON QUE CRUZA LA CALZADA SIN RESPETAR LA SENIALIZACION EXISTENTE (SEMAFOROS O SENIALES MANUALES).,ATROPELLOS,MOTOCICLETA,0,0,0,0,0,0,0,0,1,0,0,0,0,1,37,HOMBRE,LESIONADO,CONDUCTOR PRESENTE,NO,NO,0
19342,65706,65707,2019,0,0,-0.249969,-78.527287,PICHINCHA,QUITO,QUITO,URBANA,2019-06-19,09:15:00,9,MIERCOLES,3,JUNIO,6,NO,"NO RESPETAR LAS SENIALES REGLAMENTARIAS DE TRANSITO. (PARE, CEDA EL PASO, LUZ ROJA DEL SEMAFORO, ETC).",CHOQUE LATERAL,AUTOMOVIL,2,0,0,0,0,0,0,0,0,0,0,0,0,2,28,MUJER,ILESO,CONDUCTOR PRESENTE,NO,NO,0
19343,65708,65709,2019,0,0,-0.190933,-78.480366,PICHINCHA,QUITO,QUITO,URBANA,2019-06-19,11:48:00,11,MIERCOLES,3,JUNIO,6,NO,"ADELANTAR O REBASAR A OTRO VEHICULO EN MOVIMIENTO EN ZONAS O SITIOS PELIGROSOS TALES COMO: CURVAS, PUENTES, TUNELES, PENDIENTES, ETC.",COLISION,AUTOMOVIL,3,0,0,0,0,0,0,0,0,0,0,0,0,3,34,HOMBRE,ILESO,CONDUCTOR PRESENTE,NO,NO,0
19344,65710,65711,2019,1,0,-0.269551,-78.528794,PICHINCHA,QUITO,QUITO,URBANA,2019-06-19,13:30:00,13,MIERCOLES,3,JUNIO,6,NO,"PRESENCIA DE AGENTES EXTERNOS EN LA VIA (AGUA, ACEITE, PIEDRA, LASTRE, ESCOMBROS, MADEROS, ETC.).",OTROS,NO IDENTIFICADO,0,0,0,0,0,0,0,0,0,1,0,0,0,1,23,MUJER,LESIONADO,PASAJERO,NO,NO,0
19345,65731,65732,2019,0,0,-0.204095,-78.458082,PICHINCHA,QUITO,QUITO,RURAL,2019-06-19,19:30:00,19,MIERCOLES,3,JUNIO,6,NO,DANIOS MECANICOS PREVISIBLES.,OTROS,MOTOCICLETA,0,0,0,0,0,0,0,0,1,0,0,0,0,1,-1,NO IDENTIFICADO,NO IDENTIFICADO,CONDUCTOR AUSENTE,NO,NO,2
19346,65737,65738,2019,3,0,-0.216851,-78.398795,PICHINCHA,QUITO,TUMBACO,RURAL,2019-06-20,00:01:00,0,JUEVES,4,JUNIO,6,NO,CONDUCIR VEHICULO SUPERANDO LOS LIMITES MAXIMOS DE VELOCIDAD.,VOLCAMIENTOS,MOTOCICLETA,0,0,0,0,0,0,0,0,1,0,0,0,0,1,28,HOMBRE,LESIONADO,PASAJERO,NO,NO,3
19347,65740,65741,2019,0,0,-0.141153,-78.481444,PICHINCHA,QUITO,QUITO,URBANA,2019-06-20,01:20:00,1,JUEVES,4,JUNIO,6,NO,"CONDUCE BAJO LA INFLUENCIA DE ALCOHOL, SUSTANCIAS ESTUPEFACIENTES O PSICOTROPICAS Y/O MEDICAMENTOS.",CHOQUE LATERAL,FURGONETA,1,0,0,0,0,0,0,1,0,0,0,0,0,2,28,HOMBRE,ILESO,CONDUCTOR PRESENTE,NO,NO,0
19348,65744,65745,2019,0,0,-0.262722,-78.538106,PICHINCHA,QUITO,QUITO,URBANA,2019-06-20,03:33:00,3,JUEVES,4,JUNIO,6,NO,"CONDUCE BAJO LA INFLUENCIA DE ALCOHOL, SUSTANCIAS ESTUPEFACIENTES O PSICOTROPICAS Y/O MEDICAMENTOS.",CHOQUE LATERAL,AUTOMOVIL,1,0,0,0,1,0,0,0,0,0,0,0,0,2,37,HOMBRE,ILESO,CONDUCTOR PRESENTE,NO,NO,0
19349,65746,65747,2019,2,0,-0.162346,-78.485742,PICHINCHA,QUITO,QUITO,URBANA,2019-06-20,06:10:00,6,JUEVES,4,JUNIO,6,NO,NO TRANSITAR POR LAS ACERAS O ZONAS DE SEGURIDAD DESTINADAS PARA EL EFECTO.,ATROPELLOS,BUS,0,0,1,0,0,0,0,0,0,0,0,0,0,1,45,MUJER,LESIONADO,PASAJERO,NO,NO,0
19350,65770,65771,2019,0,0,-0.195933,-78.495002,PICHINCHA,QUITO,QUITO,URBANA,2019-06-20,12:30:00,12,JUEVES,4,JUNIO,6,NO,NO CEDER EL DERECHO DE VIA O PREFERENCIA DE PASO A VEHICULOS.,CHOQUE LATERAL,AUTOMOVIL,2,0,0,0,0,0,0,0,0,0,0,0,0,2,49,HOMBRE,ILESO,CONDUCTOR PRESENTE,NO,NO,0
19351,65781,65782,2019,1,0,-0.201854,-78.489286,PICHINCHA,QUITO,QUITO,URBANA,2019-06-20,15:20:00,15,JUEVES,4,JUNIO,6,NO,NO CEDER EL DERECHO DE VIA O PREFERENCIA DE PASO AL PEATON.,ATROPELLOS,AUTOMOVIL,1,0,0,0,0,0,0,1,0,0,0,0,0,2,49,MUJER,LESIONADO,PEATON,NO,NO,0
19352,65785,65786,2019,1,0,-0.302183,-78.569591,PICHINCHA,QUITO,QUITO,URBANA,2019-06-20,16:00:00,16,JUEVES,4,JUNIO,6,NO,"NO RESPETAR LAS SENIALES REGLAMENTARIAS DE TRANSITO. (PARE, CEDA EL PASO, LUZ ROJA DEL SEMAFORO, ETC).",OTROS,AUTOMOVIL,2,0,0,0,1,0,0,0,0,0,0,0,0,3,35,HOMBRE,LESIONADO,PASAJERO,NO,NO,0
19353,65799,65800,2019,0,0,-0.203464,-78.482992,PICHINCHA,QUITO,QUITO,URBANA,2019-06-20,23:25:00,23,JUEVES,4,JUNIO,6,NO,"CONDUCIR DESATENTO A LAS CONDICIONES DE TRANSITO (CELULAR, PANTALLAS DE VIDEO, COMIDA, MAQUILLAJE O CUALQUIER OTRO ELEMENTO DISTRACTOR).",ESTRELLAMIENTOS,AUTOMOVIL,1,0,0,0,0,0,0,0,0,0,0,0,0,1,-1,NO IDENTIFICADO,NO IDENTIFICADO,CONDUCTOR AUSENTE,NO,NO,2
19354,65800,65801,2019,1,0,-0.340146,-78.548912,PICHINCHA,QUITO,QUITO,URBANA,2019-06-20,23:25:00,23,JUEVES,4,JUNIO,6,NO,"CONDUCE BAJO LA INFLUENCIA DE ALCOHOL, SUSTANCIAS ESTUPEFACIENTES O PSICOTROPICAS Y/O MEDICAMENTOS.",COLISION,AUTOMOVIL,1,0,0,0,1,0,0,0,1,0,0,0,0,3,26,HOMBRE,LESIONADO,CONDUCTOR PRESENTE,NO,NO,0
19355,65804,65805,2019,0,0,-0.232615,-78.503695,PICHINCHA,QUITO,QUITO,URBANA,2019-06-21,03:00:00,3,VIERNES,5,JUNIO,6,NO,"CONDUCIR EN ESTADO DE SOMNOLENCIA O MALAS CONDICIONES FISICAS (SUENIO, CANSANCIO Y FATIGA).",VOLCAMIENTOS,AUTOMOVIL,1,0,0,0,0,0,0,0,0,0,0,0,0,1,-1,NO IDENTIFICADO,NO IDENTIFICADO,CONDUCTOR AUSENTE,NO,NO,2
19356,65805,65806,2019,1,0,-0.157264,-78.481009,PICHINCHA,QUITO,QUITO,URBANA,2019-06-21,03:15:00,3,VIERNES,5,JUNIO,6,NO,"CONDUCIR EN ESTADO DE SOMNOLENCIA O MALAS CONDICIONES FISICAS (SUENIO, CANSANCIO Y FATIGA).",ESTRELLAMIENTOS,AUTOMOVIL,1,0,0,0,0,0,0,0,0,0,0,0,0,1,48,HOMBRE,LESIONADO,PASAJERO,NO,NO,0
19357,65808,65809,2019,2,0,-0.058111,-78.344111,PICHINCHA,QUITO,GUAYLLABAMBA,RURAL,2019-06-21,05:15:00,5,VIERNES,5,JUNIO,6,NO,CONDUCIR VEHICULO SUPERANDO LOS LIMITES MAXIMOS DE VELOCIDAD.,ESTRELLAMIENTOS,MOTOCICLETA,0,0,0,0,0,0,0,0,1,0,0,0,0,1,28,MUJER,LESIONADO,PASAJERO,NO,NO,3
19358,65810,65811,2019,0,0,-0.153303,-78.484482,PICHINCHA,QUITO,QUITO,URBANA,2019-06-21,06:20:00,6,VIERNES,5,JUNIO,6,NO,"NO RESPETAR LAS SENIALES REGLAMENTARIAS DE TRANSITO. (PARE, CEDA EL PASO, LUZ ROJA DEL SEMAFORO, ETC).",CHOQUE LATERAL,AUTOMOVIL,2,0,0,0,0,0,0,0,0,0,0,0,0,2,15,MUJER,ILESO,PASAJERO,NO,NO,0
19359,65813,65814,2019,1,0,-0.087025,-78.424091,PICHINCHA,QUITO,CALDERON (CARAPUNGO),RURAL,2019-06-21,06:50:00,6,VIERNES,5,JUNIO,6,NO,NO CEDER EL DERECHO DE VIA O PREFERENCIA DE PASO A VEHICULOS.,CHOQUE LATERAL,MOTOCICLETA,0,0,0,0,0,0,0,0,1,1,0,0,0,2,29,HOMBRE,LESIONADO,CONDUCTOR PRESENTE,NO,NO,3
19360,65814,65815,2019,0,1,-0.441835,-78.555196,PICHINCHA,MEJIA,MACHACHI,RURAL,2019-06-21,07:00:00,7,VIERNES,5,JUNIO,6,NO,NO TRANSITAR POR LAS ACERAS O ZONAS DE SEGURIDAD DESTINADAS PARA EL EFECTO.,ATROPELLOS,CAMION,0,0,0,1,0,0,0,0,0,0,0,0,0,1,24,MUJER,FALLECIDO,PEATON,NO,SI,3
19361,65820,65821,2019,1,0,-0.207754,-78.499891,PICHINCHA,QUITO,QUITO,URBANA,2019-06-21,08:00:00,8,VIERNES,5,JUNIO,6,NO,PEATON QUE CRUZA LA CALZADA SIN RESPETAR LA SENIALIZACION EXISTENTE (SEMAFOROS O SENIALES MANUALES).,ATROPELLOS,BUS,0,0,1,0,0,0,0,0,0,0,0,0,0,1,20,MUJER,LESIONADO,PEATON,NO,NO,0
19362,65824,65825,2019,2,0,-0.128693,-78.471214,PICHINCHA,QUITO,QUITO,URBANA,2019-06-21,09:00:00,9,VIERNES,5,JUNIO,6,NO,NO CEDER EL DERECHO DE VIA O PREFERENCIA DE PASO AL PEATON.,ATROPELLOS,MOTOCICLETA,0,0,0,0,0,0,0,0,1,0,0,0,0,1,37,HOMBRE,LESIONADO,PEATON,NO,NO,0
19363,65839,65840,2019,2,0,-0.155782,-78.488513,PICHINCHA,QUITO,QUITO,URBANA,2019-06-21,12:12:00,12,VIERNES,5,JUNIO,6,NO,NO CEDER EL DERECHO DE VIA O PREFERENCIA DE PASO AL PEATON.,ATROPELLOS,MOTOCICLETA,0,0,0,0,0,0,0,0,1,1,0,0,0,2,77,HOMBRE,LESIONADO,PEATON,NO,NO,0
19364,65841,65842,2019,1,0,-0.275053,-78.540441,PICHINCHA,QUITO,QUITO,URBANA,2019-06-21,12:48:00,12,VIERNES,5,JUNIO,6,NO,NO TRANSITAR POR LAS ACERAS O ZONAS DE SEGURIDAD DESTINADAS PARA EL EFECTO.,ATROPELLOS,AUTOMOVIL,1,0,0,0,0,0,0,0,0,0,0,0,0,1,23,MUJER,LESIONADO,PEATON,NO,NO,0
19365,65848,65849,2019,1,1,-0.091273,-78.473221,PICHINCHA,QUITO,QUITO,URBANA,2019-06-21,14:30:00,14,VIERNES,5,JUNIO,6,NO,"NO RESPETAR LAS SENIALES REGLAMENTARIAS DE TRANSITO. (PARE, CEDA EL PASO, LUZ ROJA DEL SEMAFORO, ETC).",ATROPELLOS,NO IDENTIFICADO,0,0,0,0,0,0,0,0,0,1,0,0,0,1,83,MUJER,FALLECIDO,PEATON,NO,NO,0
19366,65851,65852,2019,0,0,-0.102274,-78.477198,PICHINCHA,QUITO,QUITO,URBANA,2019-06-21,15:10:00,15,VIERNES,5,JUNIO,6,NO,"NO RESPETAR LAS SENIALES REGLAMENTARIAS DE TRANSITO. (PARE, CEDA EL PASO, LUZ ROJA DEL SEMAFORO, ETC).",CHOQUE LATERAL,AUTOMOVIL,2,0,0,0,0,0,0,0,0,0,0,0,0,2,35,HOMBRE,ILESO,CONDUCTOR PRESENTE,NO,NO,0
19367,65852,65853,2019,3,0,-0.196193,-78.499505,PICHINCHA,QUITO,QUITO,URBANA,2019-06-21,16:01:00,16,VIERNES,5,JUNIO,6,NO,NO CEDER EL DERECHO DE VIA O PREFERENCIA DE PASO A VEHICULOS.,CHOQUE LATERAL,AUTOMOVIL,1,0,1,0,0,0,0,0,0,0,0,0,0,2,55,MUJER,LESIONADO,PASAJERO,NO,NO,0
19368,65853,65854,2019,1,0,-0.249474,-78.494641,PICHINCHA,QUITO,QUITO,URBANA,2019-06-21,16:15:00,16,VIERNES,5,JUNIO,6,NO,CONDUCIR VEHICULO SUPERANDO LOS LIMITES MAXIMOS DE VELOCIDAD.,OTROS,MOTOCICLETA,0,0,1,0,0,0,0,0,1,0,0,0,0,2,28,HOMBRE,LESIONADO,CONDUCTOR PRESENTE,NO,NO,0
19369,65858,65859,2019,1,0,-0.187127,-78.487619,PICHINCHA,QUITO,QUITO,URBANA,2019-06-21,17:20:00,17,VIERNES,5,JUNIO,6,NO,NO MANTENER LA DISTANCIA PRUDENCIAL CON RESPECTO AL VEHICULO QUE LE ANTECEDE.,CHOQUE POSTERIOR,AUTOMOVIL,2,0,0,0,0,0,0,0,0,0,0,0,0,2,46,MUJER,LESIONADO,CONDUCTOR PRESENTE,NO,NO,0
19370,65866,65867,2019,0,0,-0.242681,-78.497364,PICHINCHA,QUITO,QUITO,URBANA,2019-06-21,20:05:00,20,VIERNES,5,JUNIO,6,NO,"FALLA MECANICA EN LOS SISTEMAS Y/O NEUMATICOS (SISTEMA DE FRENOS, DIRECCION, ELECTRONICO O MECANICO).",COLISION,AUTOMOVIL,2,0,0,0,0,0,0,1,0,0,0,0,0,3,31,HOMBRE,ILESO,CONDUCTOR PRESENTE,NO,NO,0
19371,65869,65870,2019,6,1,-0.082789,-78.292922,PICHINCHA,CAYAMBE,ASCAZUBI,RURAL,2019-06-21,21:00:00,21,VIERNES,5,JUNIO,6,NO,"CONDUCIR DESATENTO A LAS CONDICIONES DE TRANSITO (CELULAR, PANTALLAS DE VIDEO, COMIDA, MAQUILLAJE O CUALQUIER OTRO ELEMENTO DISTRACTOR).",ATROPELLOS,MOTOCICLETA,1,0,0,0,0,0,0,0,1,0,0,0,0,2,29,HOMBRE,FALLECIDO,PEATON,NO,SI,3
19372,65870,65871,2019,2,0,-0.256876,-78.542948,PICHINCHA,QUITO,QUITO,URBANA,2019-06-21,21:25:00,21,VIERNES,5,JUNIO,6,NO,NO GUARDAR LA DISTANCIA LATERAL MINIMA DE SEGURIDAD ENTRE VEHICULOS.,CHOQUE LATERAL,MOTOCICLETA,0,0,0,0,0,0,0,0,1,1,0,0,0,2,21,MUJER,LESIONADO,PASAJERO,NO,NO,0