,Unnamed: 0,ID,ANIO,LESIONADOS,FALLECIDOS,LATITUD_Y,LONGITUD_X,PROVINCIA,CANTON,PARROQUIA,ZONA,FECHA,HORA,PERIODO_2,DIA_1,DIA_2,MES_1,MES_2,FERIADO,CAUSA_PROBABLE,TIPO_DE_SINIESTRO,TIPO_DE_VEHICULO_1,AUTOMOVIL,BICICLETA,BUS,CAMION,CAMIONETA,EMERGENCIAS,ESPECIAL,FURGONETA,MOTOCICLETA,NO_IDENTIFICADO,SCOOTER_ELECTRICO,TRICIMOTO,VEHICULO_DEPORTIVO_UTILITARIO,SUMA_DE_VEHICULOS,EDAD_1,SEXO_1,CONDICION_1,PARTICIPANTE_1,CASCO_1,CINTURON_1,KMeans_Cluster
19373,65881,65882,2019,2,0,-0.100622,-78.472207,PICHINCHA,QUITO,QUITO,URBANA,2019-06-21,23:55:00,23,VIERNES,5,JUNIO,6,NO,NO GUARDAR LA DISTANCIA LATERAL MINIMA DE SEGURIDAD ENTRE VEHICULOS.,CHOQUE LATERAL,CAMIONETA,0,0,0,0,1,0,0,0,1,0,0,0,0,2,36,HOMBRE,LESIONADO,CONDUCTOR PRESENTE,NO,NO,0
19374,65883,65884,2019,1,0,-0.210318,-78.494183,PICHINCHA,QUITO,QUITO,URBANA,2019-06-22,00:08:00,0,SABADO,6,JUNIO,6,NO,CONDUCIR VEHICULO SUPERANDO LOS LIMITES MAXIMOS DE VELOCIDAD.,ESTRELLAMIENTOS,MOTOCICLETA,0,0,0,0,0,0,0,0,1,0,0,0,0,1,29,HOMBRE,LESIONADO,PASAJERO,SI,NO,0
19375,65884,65885,2019,3,0,-0.205371,-78.487855,PICHINCHA,QUITO,QUITO,URBANA,2019-06-22,00:30:00,0,SABADO,6,JUNIO,6,NO,"CONDUCE BAJO LA INFLUENCIA DE ALCOHOL, SUSTANCIAS ESTUPEFACIENTES O PSICOTROPICAS Y/O MEDICAMENTOS.",CHOQUE LATERAL,AUTOMOVIL,2,0,0,0,0,0,0,0,0,0,0,0,0,2,26,HOMBRE,LESIONADO,PASAJERO,NO,NO,0
19376,65891,65892,2019,0,0,-0.198714,-78.484273,PICHINCHA,QUITO,QUITO,URBANA,2019-06-22,01:30:00,1,SABADO,6,JUNIO,6,NO,NO MANTENER LA DISTANCIA PRUDENCIAL CON RESPECTO AL VEHICULO QUE LE ANTECEDE.,CHOQUE POSTERIOR,AUTOMOVIL,2,0,0,0,0,0,0,0,0,0,0,0,0,2,55,HOMBRE,ILESO,CONDUCTOR PRESENTE,NO,NO,0
19377,65892,65893,2019,0,0,-0.231582,-78.491878,PICHINCHA,QUITO,QUITO,URBANA,2019-06-22,01:30:00,1,SABADO,6,JUNIO,6,NO,"PRESENCIA DE AGENTES EXTERNOS EN LA VIA (AGUA, ACEITE, PIEDRA, LASTRE, ESCOMBROS, MADEROS, ETC.).",ESTRELLAMIENTOS,AUTOMOVIL,1,0,0,0,0,0,0,0,0,0,0,0,0,1,-1,NO IDENTIFICADO,NO IDENTIFICADO,CONDUCTOR AUSENTE,NO,NO,2
19378,65893,65894,2019,0,0,-0.214853,-78.500373,PICHINCHA,QUITO,QUITO,URBANA,2019-06-22,01:40:00,1,SABADO,6,JUNIO,6,NO,"CONDUCIR EN ESTADO DE SOMNOLENCIA O MALAS CONDICIONES FISICAS (SUENIO, CANSANCIO Y FATIGA).",ESTRELLAMIENTOS,AUTOMOVIL,1,0,0,0,0,0,0,0,0,0,0,0,0,1,52,HOMBRE,ILESO,CONDUCTOR PRESENTE,NO,NO,0
19379,65898,65899,2019,0,0,-0.271125,-78.551998,PICHINCHA,QUITO,QUITO,URBANA,2019-06-22,03:00:00,3,SABADO,6,JUNIO,6,NO,"CONDUCIR EN ESTADO DE SOMNOLENCIA O MALAS CONDICIONES FISICAS (SUENIO, CANSANCIO Y FATIGA).",OTROS,MOTOCICLETA,0,0,0,0,0,0,0,0,1,0,0,0,0,1,28,HOMBRE,ILESO,PASAJERO,NO,NO,0
19380,65901,65902,2019,0,0,-0.084001,-78.484089,PICHINCHA,QUITO,QUITO,RURAL,2019-06-22,03:15:00,3,SABADO,6,JUNIO,6,NO,"CONDUCIR DESATENTO A LAS CONDICIONES DE TRANSITO (CELULAR, PANTALLAS DE VIDEO, COMIDA, MAQUILLAJE O CUALQUIER OTRO ELEMENTO DISTRACTOR).",CHOQUE LATERAL,AUTOMOVIL,1,0,0,0,1,0,0,0,0,0,0,0,0,2,36,HOMBRE,ILESO,CONDUCTOR PRESENTE,NO,SI,3
19381,65906,65907,2019,0,1,-0.018202,-78.452525,PICHINCHA,QUITO,SAN ANTONIO (QUITO),RURAL,2019-06-22,04:30:00,4,SABADO,6,JUNIO,6,NO,"CONDUCIR DESATENTO A LAS CONDICIONES DE TRANSITO (CELULAR, PANTALLAS DE VIDEO, COMIDA, MAQUILLAJE O CUALQUIER OTRO ELEMENTO DISTRACTOR).",CHOQUE FRONTAL,MOTOCICLETA,0,0,0,0,0,0,0,0,1,0,0,0,0,1,26,HOMBRE,FALLECIDO,CONDUCTOR PRESENTE,NO,SI,3
19382,65911,65912,2019,0,0,-0.212824,-78.402686,PICHINCHA,QUITO,TUMBACO,RURAL,2019-06-22,05:50:00,5,SABADO,6,JUNIO,6,NO,"CONDUCIR DESATENTO A LAS CONDICIONES DE TRANSITO (CELULAR, PANTALLAS DE VIDEO, COMIDA, MAQUILLAJE O CUALQUIER OTRO ELEMENTO DISTRACTOR).",OTROS,MOTOCICLETA,0,0,0,0,0,0,0,0,1,0,0,0,0,1,-1,NO IDENTIFICADO,NO IDENTIFICADO,CONDUCTOR AUSENTE,NO,NO,2
19383,65914,65915,2019,0,0,-0.206451,-78.512129,PICHINCHA,QUITO,QUITO,URBANA,2019-06-22,06:05:00,6,SABADO,6,JUNIO,6,NO,NO CEDER EL DERECHO DE VIA O PREFERENCIA DE PASO AL PEATON.,ATROPELLOS,NO IDENTIFICADO,0,0,0,0,0,0,0,0,0,1,0,0,0,1,53,HOMBRE,ILESO,PEATON,NO,NO,0
19384,65916,65917,2019,1,0,-0.091391,-78.469442,PICHINCHA,QUITO,QUITO,URBANA,2019-06-22,06:30:00,6,SABADO,6,JUNIO,6,NO,"NO RESPETAR LAS SENIALES REGLAMENTARIAS DE TRANSITO. (PARE, CEDA EL PASO, LUZ ROJA DEL SEMAFORO, ETC).",CHOQUE LATERAL,AUTOMOVIL,1,0,0,0,0,0,0,0,1,0,0,0,0,2,28,HOMBRE,LESIONADO,CONDUCTOR PRESENTE,NO,NO,0
19385,65923,65924,2019,0,0,-0.206518,-78.489757,PICHINCHA,QUITO,QUITO,URBANA,2019-06-22,08:00:00,8,SABADO,6,JUNIO,6,NO,"NO RESPETAR LAS SENIALES REGLAMENTARIAS DE TRANSITO. (PARE, CEDA EL PASO, LUZ ROJA DEL SEMAFORO, ETC).",CHOQUE LATERAL,AUTOMOVIL,2,0,0,0,0,0,0,0,0,0,0,0,0,2,60,HOMBRE,ILESO,CONDUCTOR PRESENTE,NO,NO,0
19386,65925,65926,2019,0,1,-0.264263,-78.550014,PICHINCHA,QUITO,QUITO,URBANA,2019-06-22,09:00:00,9,SABADO,6,JUNIO,6,NO,NO TRANSITAR POR LAS ACERAS O ZONAS DE SEGURIDAD DESTINADAS PARA EL EFECTO.,ATROPELLOS,BUS,0,0,1,0,0,0,0,0,0,0,0,0,0,1,50,MUJER,FALLECIDO,PEATON,NO,NO,0
19387,65936,65937,2019,0,0,-0.165451,-78.476847,PICHINCHA,QUITO,QUITO,URBANA,2019-06-22,12:05:00,12,SABADO,6,JUNIO,6,NO,"NO RESPETAR LAS SENIALES REGLAMENTARIAS DE TRANSITO. (PARE, CEDA EL PASO, LUZ ROJA DEL SEMAFORO, ETC).",CHOQUE LATERAL,AUTOMOVIL,2,0,0,0,0,0,0,0,0,0,0,0,0,2,32,HOMBRE,ILESO,CONDUCTOR PRESENTE,NO,NO,0
19388,65949,65950,2019,1,0,-0.295571,-78.575524,PICHINCHA,QUITO,QUITO,URBANA,2019-06-22,17:10:00,17,SABADO,6,JUNIO,6,NO,NO GUARDAR LA DISTANCIA LATERAL MINIMA DE SEGURIDAD ENTRE VEHICULOS.,ROZAMIENTOS,BICICLETA,0,1,0,0,0,0,0,0,1,0,0,0,0,2,23,HOMBRE,LESIONADO,CONDUCTOR PRESENTE,NO,NO,0
19389,65955,65956,2019,1,0,-0.242681,-78.497364,PICHINCHA,QUITO,QUITO,URBANA,2019-06-22,19:15:00,19,SABADO,6,JUNIO,6,NO,CONDUCIR VEHICULO SUPERANDO LOS LIMITES MAXIMOS DE VELOCIDAD.,CHOQUE POSTERIOR,AUTOMOVIL,1,0,0,0,0,0,0,0,1,0,0,0,0,2,18,HOMBRE,LESIONADO,PASAJERO,NO,NO,0
19390,65959,65960,2019,0,0,-0.286306,-78.563786,PICHINCHA,QUITO,QUITO,URBANA,2019-06-22,20:00:00,20,SABADO,6,JUNIO,6,NO,"CONDUCE BAJO LA INFLUENCIA DE ALCOHOL, SUSTANCIAS ESTUPEFACIENTES O PSICOTROPICAS Y/O MEDICAMENTOS.",ESTRELLAMIENTOS,AUTOMOVIL,4,0,0,1,0,0,0,0,0,0,0,0,0,5,37,HOMBRE,ILESO,CONDUCTOR PRESENTE,NO,NO,0
19391,65966,65967,2019,2,0,-0.356917,-78.378015,PICHINCHA,QUITO,PINTAG,RURAL,2019-06-22,21:17:00,21,SABADO,6,JUNIO,6,NO,"CONDUCE BAJO LA INFLUENCIA DE ALCOHOL, SUSTANCIAS ESTUPEFACIENTES O PSICOTROPICAS Y/O MEDICAMENTOS.",CHOQUE LATERAL,AUTOMOVIL,1,0,0,0,0,0,0,0,1,0,0,0,0,2,27,MUJER,LESIONADO,CONDUCTOR PRESENTE,NO,NO,3
19392,65969,65970,2019,0,0,-0.213454,-78.490122,PICHINCHA,QUITO,QUITO,URBANA,2019-06-22,21:50:00,21,SABADO,6,JUNIO,6,NO,"CONDUCIR DESATENTO A LAS CONDICIONES DE TRANSITO (CELULAR, PANTALLAS DE VIDEO, COMIDA, MAQUILLAJE O CUALQUIER OTRO ELEMENTO DISTRACTOR).",ESTRELLAMIENTOS,AUTOMOVIL,1,0,0,0,0,0,0,0,0,0,0,0,0,1,-1,NO IDENTIFICADO,NO IDENTIFICADO,CONDUCTOR AUSENTE,NO,NO,2
19393,65972,65973,2019,2,0,-0.137645,-78.501298,PICHINCHA,QUITO,QUITO,URBANA,2019-06-22,22:30:00,22,SABADO,6,JUNIO,6,NO,"CONDUCE BAJO LA INFLUENCIA DE ALCOHOL, SUSTANCIAS ESTUPEFACIENTES O PSICOTROPICAS Y/O MEDICAMENTOS.",ARROLLAMIENTOS,AUTOMOVIL,3,0,0,0,0,0,0,0,0,0,0,0,0,3,23,HOMBRE,LESIONADO,PEATON,NO,NO,0
19394,65973,65974,2019,0,0,-0.004031,-78.441051,PICHINCHA,QUITO,SAN ANTONIO (QUITO),RURAL,2019-06-22,22:40:00,22,SABADO,6,JUNIO,6,NO,CONDUCIR VEHICULO SUPERANDO LOS LIMITES MAXIMOS DE VELOCIDAD.,ESTRELLAMIENTOS,AUTOMOVIL,1,0,0,0,0,0,0,0,0,0,0,0,0,1,-1,NO IDENTIFICADO,NO IDENTIFICADO,CONDUCTOR AUSENTE,NO,NO,2
19395,65976,65977,2019,0,0,-0.292724,-78.476486,PICHINCHA,QUITO,CONOCOTO,RURAL,2019-06-22,22:45:00,22,SABADO,6,JUNIO,6,NO,CONDUCIR VEHICULO SUPERANDO LOS LIMITES MAXIMOS DE VELOCIDAD.,ESTRELLAMIENTOS,AUTOMOVIL,1,0,0,0,0,0,0,0,0,0,0,0,0,1,-1,NO IDENTIFICADO,NO IDENTIFICADO,CONDUCTOR AUSENTE,NO,NO,2
19396,65983,65984,2019,0,0,-0.261967,-78.522473,PICHINCHA,QUITO,QUITO,URBANA,2019-06-22,23:30:00,23,SABADO,6,JUNIO,6,NO,NO MANTENER LA DISTANCIA PRUDENCIAL CON RESPECTO AL VEHICULO QUE LE ANTECEDE.,CHOQUE POSTERIOR,AUTOMOVIL,1,0,0,0,0,0,0,0,0,1,0,0,0,2,30,HOMBRE,ILESO,CONDUCTOR PRESENTE,NO,NO,0
19397,65988,65989,2019,0,0,-0.284538,-78.560536,PICHINCHA,QUITO,QUITO,URBANA,2019-06-23,00:55:00,0,DOMINGO,7,JUNIO,6,NO,CONDUCIR VEHICULO SUPERANDO LOS LIMITES MAXIMOS DE VELOCIDAD.,ESTRELLAMIENTOS,CAMION,0,0,0,1,0,0,0,0,0,0,0,0,0,1,-1,NO IDENTIFICADO,NO IDENTIFICADO,CONDUCTOR AUSENTE,NO,NO,2
19398,65992,65993,2019,0,0,-0.282703,-78.558265,PICHINCHA,QUITO,QUITO,URBANA,2019-06-23,01:30:00,1,DOMINGO,7,JUNIO,6,NO,CONDUCIR EN SENTIDO CONTRARIO A LA VIA NORMAL DE CIRCULACION.,CHOQUE FRONTAL,CAMION,0,0,0,1,0,0,0,0,0,1,0,0,0,2,29,HOMBRE,ILESO,CONDUCTOR PRESENTE,NO,NO,0
19399,65993,65994,2019,0,0,-0.197826,-78.466466,PICHINCHA,QUITO,QUITO,RURAL,2019-06-23,01:35:00,1,DOMINGO,7,JUNIO,6,NO,"CONDUCIR EN ESTADO DE SOMNOLENCIA O MALAS CONDICIONES FISICAS (SUENIO, CANSANCIO Y FATIGA).",ESTRELLAMIENTOS,AUTOMOVIL,1,0,0,0,0,0,0,0,0,0,0,0,0,1,-1,NO IDENTIFICADO,NO IDENTIFICADO,CONDUCTOR AUSENTE,NO,NO,2
19400,65998,65999,2019,4,0,-0.199015,-78.493988,PICHINCHA,QUITO,QUITO,URBANA,2019-06-23,02:35:00,2,DOMINGO,7,JUNIO,6,NO,"NO RESPETAR LAS SENIALES REGLAMENTARIAS DE TRANSITO. (PARE, CEDA EL PASO, LUZ ROJA DEL SEMAFORO, ETC).",CHOQUE LATERAL,AUTOMOVIL,1,0,0,0,0,1,0,0,0,0,0,0,0,2,0,HOMBRE,LESIONADO,PASAJERO,NO,NO,0
19401,65999,66000,2019,0,0,-0.262722,-78.538106,PICHINCHA,QUITO,QUITO,URBANA,2019-06-23,02:40:00,2,DOMINGO,7,JUNIO,6,NO,"CONDUCE BAJO LA INFLUENCIA DE ALCOHOL, SUSTANCIAS ESTUPEFACIENTES O PSICOTROPICAS Y/O MEDICAMENTOS.",CHOQUE FRONTAL,AUTOMOVIL,2,0,0,0,0,0,0,0,0,0,0,0,0,2,29,HOMBRE,ILESO,CONDUCTOR PRESENTE,NO,NO,0
19402,66004,66005,2019,1,0,-0.317898,-78.535609,PICHINCHA,QUITO,QUITO,URBANA,2019-06-23,03:57:00,3,DOMINGO,7,JUNIO,6,NO,"CONDUCE BAJO LA INFLUENCIA DE ALCOHOL, SUSTANCIAS ESTUPEFACIENTES O PSICOTROPICAS Y/O MEDICAMENTOS.",ARROLLAMIENTOS,AUTOMOVIL,1,0,0,0,0,0,0,0,0,0,0,0,0,1,40,HOMBRE,LESIONADO,PEATON,NO,NO,0
19403,66017,66018,2019,1,0,-0.212999,-78.410367,PICHINCHA,QUITO,TUMBACO,RURAL,2019-06-23,09:20:00,9,DOMINGO,7,JUNIO,6,NO,NO CEDER EL DERECHO DE VIA O PREFERENCIA DE PASO AL PEATON.,ATROPELLOS,NO IDENTIFICADO,0,0,0,0,0,0,0,0,0,1,0,0,0,1,65,MUJER,LESIONADO,PEATON,NO,NO,3
19404,66029,66030,2019,2,0,-0.260945,-78.539661,PICHINCHA,QUITO,QUITO,URBANA,2019-06-23,12:10:00,12,DOMINGO,7,JUNIO,6,NO,"NO RESPETAR LAS SENIALES REGLAMENTARIAS DE TRANSITO. (PARE, CEDA EL PASO, LUZ ROJA DEL SEMAFORO, ETC).",CHOQUE LATERAL,AUTOMOVIL,1,0,0,0,0,0,0,1,0,0,0,0,0,2,13,HOMBRE,LESIONADO,PASAJERO,NO,NO,0
19405,66034,66035,2019,0,0,-0.112562,-78.296989,PICHINCHA,QUITO,EL QUINCHE,RURAL,2019-06-23,14:00:00,14,DOMINGO,7,JUNIO,6,NO,"CONDUCIR DESATENTO A LAS CONDICIONES DE TRANSITO (CELULAR, PANTALLAS DE VIDEO, COMIDA, MAQUILLAJE O CUALQUIER OTRO ELEMENTO DISTRACTOR).",ATROPELLOS,CAMION,0,0,0,1,0,0,0,0,0,0,0,0,0,1,35,HOMBRE,ILESO,CONDUCTOR PRESENTE,NO,SI,3
19406,66040,66041,2019,2,0,-0.358481,-78.480353,PICHINCHA,QUITO,AMAGUANIA,RURAL,2019-06-23,16:39:00,16,DOMINGO,7,JUNIO,6,NO,NO CEDER EL DERECHO DE VIA O PREFERENCIA DE PASO A VEHICULOS.,CHOQUE LATERAL,MOTOCICLETA,0,0,0,0,0,0,0,0,1,1,0,0,0,2,22,HOMBRE,LESIONADO,CONDUCTOR PRESENTE,NO,NO,3
19407,66044,66045,2019,1,0,-0.116828,-78.496611,PICHINCHA,QUITO,QUITO,URBANA,2019-06-23,18:00:00,18,DOMINGO,7,JUNIO,6,NO,"CONDUCE BAJO LA INFLUENCIA DE ALCOHOL, SUSTANCIAS ESTUPEFACIENTES O PSICOTROPICAS Y/O MEDICAMENTOS.",CHOQUE LATERAL,AUTOMOVIL,1,0,0,0,0,0,0,0,1,0,0,0,0,2,40,HOMBRE,LESIONADO,CONDUCTOR PRESENTE,NO,NO,0
19408,66049,66050,2019,1,0,-0.336257,-78.562528,PICHINCHA,QUITO,QUITO,URBANA,2019-06-23,19:20:00,19,DOMINGO,7,JUNIO,6,NO,NO TRANSITAR POR LAS ACERAS O ZONAS DE SEGURIDAD DESTINADAS PARA EL EFECTO.,ARROLLAMIENTOS,NO IDENTIFICADO,0,0,0,0,0,0,0,0,0,1,0,0,0,1,44,MUJER,LESIONADO,PEATON,NO,NO,0
19409,66057,66058,2019,1,0,0.139935,-78.076887,PICHINCHA,CAYAMBE,OLMEDO (PESILLO),RURAL,2019-06-23,21:55:00,21,DOMINGO,7,JUNIO,6,NO,"CONDUCIR DESATENTO A LAS CONDICIONES DE TRANSITO (CELULAR, PANTALLAS DE VIDEO, COMIDA, MAQUILLAJE O CUALQUIER OTRO ELEMENTO DISTRACTOR).",ESTRELLAMIENTOS,MOTOCICLETA,0,0,0,0,0,0,0,0,1,0,0,0,0,1,31,HOMBRE,LESIONADO,CONDUCTOR PRESENTE,NO,SI,3
19410,66065,66066,2019,1,0,-0.254502,-78.522202,PICHINCHA,QUITO,QUITO,URBANA,2019-06-24,06:15:00,6,LUNES,1,JUNIO,6,NO,REALIZAR CAMBIO BRUSCO O INDEBIDO DE CARRIL.,VOLCAMIENTOS,MOTOCICLETA,0,0,0,0,0,0,0,0,1,0,0,0,0,1,44,HOMBRE,LESIONADO,CONDUCTOR PRESENTE,NO,NO,0
19411,66067,66068,2019,1,0,-0.278454,-78.552583,PICHINCHA,QUITO,QUITO,URBANA,2019-06-24,06:40:00,6,LUNES,1,JUNIO,6,NO,DEJAR O RECOGER PASAJEROS EN LUGARES NO PERMITIDOS.,CAIDA DE PASAJERO,NO IDENTIFICADO,0,0,0,0,0,0,0,0,0,1,0,0,0,1,12,MUJER,LESIONADO,PASAJERO,NO,NO,0
19412,66077,66078,2019,0,1,-0.231584,-78.451205,PICHINCHA,QUITO,CUMBAYA,RURAL,2019-06-24,12:45:00,12,LUNES,1,JUNIO,6,NO,NO CEDER EL DERECHO DE VIA O PREFERENCIA DE PASO AL PEATON.,ATROPELLOS,CAMION,0,0,0,1,0,0,0,0,0,0,0,0,0,1,31,MUJER,FALLECIDO,PEATON,NO,NO,3
19413,66094,66095,2019,0,1,-0.277624,-78.531251,PICHINCHA,QUITO,QUITO,URBANA,2019-06-24,17:50:00,17,LUNES,1,JUNIO,6,NO,PEATON QUE CRUZA LA CALZADA SIN RESPETAR LA SENIALIZACION EXISTENTE (SEMAFOROS O SENIALES MANUALES).,ATROPELLOS,BUS,0,0,1,0,0,0,0,0,0,0,0,0,0,1,38,HOMBRE,FALLECIDO,PEATON,NO,NO,0
19414,66097,66098,2019,0,0,-0.291144,-78.545957,PICHINCHA,QUITO,QUITO,URBANA,2019-06-24,20:25:00,20,LUNES,1,JUNIO,6,NO,"NO RESPETAR LAS SENIALES REGLAMENTARIAS DE TRANSITO. (PARE, CEDA EL PASO, LUZ ROJA DEL SEMAFORO, ETC).",CHOQUE LATERAL,AUTOMOVIL,2,0,0,0,0,0,0,0,0,0,0,0,0,2,69,HOMBRE,ILESO,CONDUCTOR PRESENTE,NO,NO,0
19415,66105,66106,2019,1,0,-0.179549,-78.474024,PICHINCHA,QUITO,QUITO,URBANA,2019-06-25,09:00:00,9,MARTES,2,JUNIO,6,NO,NO MANTENER LA DISTANCIA PRUDENCIAL CON RESPECTO AL VEHICULO QUE LE ANTECEDE.,CHOQUE POSTERIOR,MOTOCICLETA,0,0,0,0,0,0,0,0,1,1,0,0,0,2,36,HOMBRE,LESIONADO,CONDUCTOR PRESENTE,NO,NO,0
19416,66107,66108,2019,1,0,-0.175725,-78.487568,PICHINCHA,QUITO,QUITO,URBANA,2019-06-25,09:30:00,9,MARTES,2,JUNIO,6,NO,PEATON QUE CRUZA LA CALZADA SIN RESPETAR LA SENIALIZACION EXISTENTE (SEMAFOROS O SENIALES MANUALES).,ATROPELLOS,AUTOMOVIL,1,0,0,0,0,0,0,0,0,0,0,0,0,1,35,HOMBRE,LESIONADO,PEATON,NO,NO,0
19417,66112,66113,2019,0,0,-0.158066,-78.446231,PICHINCHA,QUITO,NAYON,RURAL,2019-06-25,11:34:00,11,MARTES,2,JUNIO,6,NO,CONDUCIR VEHICULO SUPERANDO LOS LIMITES MAXIMOS DE VELOCIDAD.,CHOQUE LATERAL,AUTOMOVIL,2,0,0,0,0,0,0,0,0,0,0,0,0,2,31,MUJER,ILESO,PASAJERO,NO,NO,3
19418,66117,66118,2019,2,0,-0.239054,-78.510443,PICHINCHA,QUITO,QUITO,URBANA,2019-06-25,12:45:00,12,MARTES,2,JUNIO,6,NO,DEJAR O RECOGER PASAJEROS EN LUGARES NO PERMITIDOS.,CAIDA DE PASAJERO,BUS,0,0,1,0,0,0,0,0,0,0,0,0,0,1,49,MUJER,LESIONADO,PASAJERO,NO,NO,0
19419,66118,66119,2019,0,0,-0.259984,-78.530679,PICHINCHA,QUITO,QUITO,URBANA,2019-06-25,12:55:00,12,MARTES,2,JUNIO,6,NO,"CONDUCE BAJO LA INFLUENCIA DE ALCOHOL, SUSTANCIAS ESTUPEFACIENTES O PSICOTROPICAS Y/O MEDICAMENTOS.",CHOQUE LATERAL,AUTOMOVIL,2,0,0,0,0,0,0,0,0,0,0,0,0,2,56,HOMBRE,ILESO,CONDUCTOR PRESENTE,NO,NO,0
19420,66121,66122,2019,1,0,-0.257152,-78.533235,PICHINCHA,QUITO,QUITO,URBANA,2019-06-25,14:20:00,14,MARTES,2,JUNIO,6,NO,NO TRANSITAR POR LAS ACERAS O ZONAS DE SEGURIDAD DESTINADAS PARA EL EFECTO.,ATROPELLOS,AUTOMOVIL,1,0,0,0,0,0,0,0,0,0,0,0,0,1,89,HOMBRE,LESIONADO,PEATON,NO,NO,0
19421,66128,66129,2019,2,0,-0.302932,-78.551237,PICHINCHA,QUITO,QUITO,URBANA,2019-06-25,15:10:00,15,MARTES,2,JUNIO,6,NO,CONDUCIR VEHICULO SUPERANDO LOS LIMITES MAXIMOS DE VELOCIDAD.,PERDIDA DE CARRIL,NO IDENTIFICADO,0,0,0,0,0,0,0,0,0,1,0,0,0,1,23,MUJER,LESIONADO,PASAJERO,NO,NO,0
19422,66129,66130,2019,2,0,-0.239332,-78.532134,PICHINCHA,QUITO,QUITO,URBANA,2019-06-25,15:50:00,15,MARTES,2,JUNIO,6,NO,"CONDUCIR DESATENTO A LAS CONDICIONES DE TRANSITO (CELULAR, PANTALLAS DE VIDEO, COMIDA, MAQUILLAJE O CUALQUIER OTRO ELEMENTO DISTRACTOR).",OTROS,AUTOMOVIL,3,0,0,0,0,0,0,0,0,0,0,0,0,3,53,HOMBRE,LESIONADO,PASAJERO,NO,NO,0
19423,66144,66145,2019,0,0,-0.012839,-78.447307,PICHINCHA,QUITO,SAN ANTONIO (QUITO),RURAL,2019-06-25,20:30:00,20,MARTES,2,JUNIO,6,NO,"CONDUCE BAJO LA INFLUENCIA DE ALCOHOL, SUSTANCIAS ESTUPEFACIENTES O PSICOTROPICAS Y/O MEDICAMENTOS.",ESTRELLAMIENTOS,AUTOMOVIL,2,0,0,0,1,0,0,0,0,0,0,0,0,3,63,HOMBRE,ILESO,CONDUCTOR PRESENTE,NO,NO,3
19424,66145,66146,2019,1,0,-0.190042,-78.488129,PICHINCHA,QUITO,QUITO,URBANA,2019-06-25,20:40:00,20,MARTES,2,JUNIO,6,NO,"NO RESPETAR LAS SENIALES REGLAMENTARIAS DE TRANSITO. (PARE, CEDA EL PASO, LUZ ROJA DEL SEMAFORO, ETC).",CHOQUE LATERAL,MOTOCICLETA,0,0,0,0,1,0,0,0,1,0,0,0,0,2,25,HOMBRE,LESIONADO,CONDUCTOR PRESENTE,NO,NO,0
19425,66156,66157,2019,0,1,-0.091585,-78.439052,PICHINCHA,QUITO,CALDERON (CARAPUNGO),RURAL,2019-06-26,07:30:00,7,MIERCOLES,3,JUNIO,6,NO,CONDUCIR VEHICULO SUPERANDO LOS LIMITES MAXIMOS DE VELOCIDAD.,ARROLLAMIENTOS,CAMION,0,0,0,1,0,0,0,0,1,0,0,0,0,2,21,HOMBRE,FALLECIDO,CONDUCTOR PRESENTE,NO,NO,3
19426,66159,66160,2019,0,0,-0.251525,-78.515633,PICHINCHA,QUITO,QUITO,URBANA,2019-06-26,09:10:00,9,MIERCOLES,3,JUNIO,6,NO,"NO RESPETAR LAS SENIALES REGLAMENTARIAS DE TRANSITO. (PARE, CEDA EL PASO, LUZ ROJA DEL SEMAFORO, ETC).",CHOQUE LATERAL,AUTOMOVIL,1,0,0,0,0,0,0,0,0,1,0,0,0,2,22,HOMBRE,ILESO,CONDUCTOR PRESENTE,NO,NO,0
19427,66169,66170,2019,1,0,-0.286581,-78.549902,PICHINCHA,QUITO,QUITO,URBANA,2019-06-26,12:40:00,12,MIERCOLES,3,JUNIO,6,NO,CONDUCIR VEHICULO SUPERANDO LOS LIMITES MAXIMOS DE VELOCIDAD.,ATROPELLOS,NO IDENTIFICADO,0,0,0,0,0,0,0,0,0,1,0,0,0,1,11,HOMBRE,LESIONADO,PEATON,NO,NO,0
19428,66170,66171,2019,1,0,-0.310826,-78.561891,PICHINCHA,QUITO,QUITO,URBANA,2019-06-26,13:15:00,13,MIERCOLES,3,JUNIO,6,NO,NO TRANSITAR POR LAS ACERAS O ZONAS DE SEGURIDAD DESTINADAS PARA EL EFECTO.,ATROPELLOS,FURGONETA,0,0,0,0,0,0,0,1,0,0,0,0,0,1,83,MUJER,LESIONADO,PEATON,NO,NO,0
19429,66171,66172,2019,1,0,-0.188854,-78.482785,PICHINCHA,QUITO,QUITO,URBANA,2019-06-26,13:20:00,13,MIERCOLES,3,JUNIO,6,NO,BAJARSE O SUBIRSE DE VEHICULOS EN MOVIMIENTO SIN TOMAR LAS PRECAUCIONES DEBIDAS.,CAIDA DE PASAJERO,AUTOMOVIL,1,0,1,0,0,0,0,0,0,0,0,0,0,2,21,MUJER,LESIONADO,PASAJERO,NO,NO,0
19430,66172,66173,2019,1,0,-0.316054,-78.548804,PICHINCHA,QUITO,QUITO,URBANA,2019-06-26,13:50:00,13,MIERCOLES,3,JUNIO,6,NO,CONDUCIR VEHICULO SUPERANDO LOS LIMITES MAXIMOS DE VELOCIDAD.,VOLCAMIENTOS,MOTOCICLETA,0,0,0,0,0,0,0,0,1,0,0,0,0,1,24,HOMBRE,LESIONADO,CONDUCTOR PRESENTE,NO,NO,0