,Unnamed: 0,ID,ANIO,LESIONADOS,FALLECIDOS,LATITUD_Y,LONGITUD_X,PROVINCIA,CANTON,PARROQUIA,ZONA,FECHA,HORA,PERIODO_2,DIA_1,DIA_2,MES_1,MES_2,FERIADO,CAUSA_PROBABLE,TIPO_DE_SINIESTRO,TIPO_DE_VEHICULO_1,AUTOMOVIL,BICICLETA,BUS,CAMION,CAMIONETA,EMERGENCIAS,ESPECIAL,FURGONETA,MOTOCICLETA,NO_IDENTIFICADO,SCOOTER_ELECTRICO,TRICIMOTO,VEHICULO_DEPORTIVO_UTILITARIO,SUMA_DE_VEHICULOS,EDAD_1,SEXO_1,CONDICION_1,PARTICIPANTE_1,CASCO_1,CINTURON_1,KMeans_Cluster
19490,66393,66394,2019,0,0,-0.242463,-78.482784,PICHINCHA,QUITO,QUITO,RURAL,2019-06-29,15:05:00,15,SABADO,6,JUNIO,6,NO,REALIZAR CAMBIO BRUSCO O INDEBIDO DE CARRIL.,CHOQUE LATERAL,AUTOMOVIL,1,0,0,1,0,0,0,0,0,0,0,0,0,2,56,HOMBRE,ILESO,CONDUCTOR PRESENTE,NO,NO,3
19491,66394,66395,2019,1,0,-0.163073,-78.462599,PICHINCHA,QUITO,QUITO,URBANA,2019-06-29,15:40:00,15,SABADO,6,JUNIO,6,NO,"CONDUCIR DESATENTO A LAS CONDICIONES DE TRANSITO (CELULAR, PANTALLAS DE VIDEO, COMIDA, MAQUILLAJE O CUALQUIER OTRO ELEMENTO DISTRACTOR).",PERDIDA DE CARRIL,MOTOCICLETA,0,0,0,0,0,0,0,0,1,0,0,0,0,1,36,HOMBRE,LESIONADO,CONDUCTOR PRESENTE,NO,NO,0
19492,66395,66396,2019,1,0,-0.215856,-78.496651,PICHINCHA,QUITO,QUITO,URBANA,2019-06-29,16:05:00,16,SABADO,6,JUNIO,6,NO,NO GUARDAR LA DISTANCIA LATERAL MINIMA DE SEGURIDAD ENTRE VEHICULOS.,CHOQUE LATERAL,AUTOMOVIL,1,0,0,0,0,0,0,0,1,0,0,0,0,2,40,HOMBRE,LESIONADO,CONDUCTOR PRESENTE,NO,NO,0
19493,66402,66403,2019,1,0,-0.272208,-78.552081,PICHINCHA,QUITO,QUITO,URBANA,2019-06-29,17:40:00,17,SABADO,6,JUNIO,6,NO,NO CEDER EL DERECHO DE VIA O PREFERENCIA DE PASO AL PEATON.,ATROPELLOS,BUS,0,0,1,0,0,0,0,0,0,0,0,0,0,1,20,HOMBRE,LESIONADO,PEATON,NO,NO,0
19494,66405,66406,2019,0,0,-0.159549,-78.460561,PICHINCHA,QUITO,QUITO,URBANA,2019-06-29,18:30:00,18,SABADO,6,JUNIO,6,NO,"CONDUCE BAJO LA INFLUENCIA DE ALCOHOL, SUSTANCIAS ESTUPEFACIENTES O PSICOTROPICAS Y/O MEDICAMENTOS.",ESTRELLAMIENTOS,AUTOMOVIL,3,0,0,0,0,0,0,0,0,0,0,0,0,3,20,HOMBRE,ILESO,CONDUCTOR PRESENTE,NO,NO,0
19495,66409,66410,2019,0,0,-0.188211,-78.516441,PICHINCHA,QUITO,QUITO,URBANA,2019-06-29,19:00:00,19,SABADO,6,JUNIO,6,NO,CONDUCIR VEHICULO SUPERANDO LOS LIMITES MAXIMOS DE VELOCIDAD.,ESTRELLAMIENTOS,AUTOMOVIL,1,0,0,0,0,0,0,0,0,0,0,0,0,1,39,MUJER,ILESO,CONDUCTOR PRESENTE,NO,NO,0
19496,66422,66423,2019,1,0,-0.188531,-78.516799,PICHINCHA,QUITO,QUITO,URBANA,2019-06-29,21:00:00,21,SABADO,6,JUNIO,6,NO,"CONDUCE BAJO LA INFLUENCIA DE ALCOHOL, SUSTANCIAS ESTUPEFACIENTES O PSICOTROPICAS Y/O MEDICAMENTOS.",ATROPELLOS,CAMIONETA,2,0,0,0,1,0,0,0,0,0,0,0,0,3,51,MUJER,LESIONADO,PEATON,NO,NO,0
19497,66429,66430,2019,0,0,-0.236812,-78.508077,PICHINCHA,QUITO,QUITO,URBANA,2019-06-29,23:30:00,23,SABADO,6,JUNIO,6,NO,CONDUCIR VEHICULO SUPERANDO LOS LIMITES MAXIMOS DE VELOCIDAD.,ESTRELLAMIENTOS,AUTOMOVIL,1,0,0,0,0,0,0,0,0,0,0,0,0,1,42,HOMBRE,ILESO,CONDUCTOR PRESENTE,NO,NO,0
19498,66435,66436,2019,0,0,-0.112189,-78.504802,PICHINCHA,QUITO,QUITO,URBANA,2019-06-30,01:50:00,1,DOMINGO,7,JUNIO,6,NO,CONDUCIR VEHICULO SUPERANDO LOS LIMITES MAXIMOS DE VELOCIDAD.,ESTRELLAMIENTOS,AUTOMOVIL,1,0,0,0,0,0,0,0,0,0,0,0,0,1,-1,NO IDENTIFICADO,NO IDENTIFICADO,CONDUCTOR AUSENTE,NO,NO,2
19499,66436,66437,2019,0,0,-0.283155,-78.559601,PICHINCHA,QUITO,QUITO,URBANA,2019-06-30,02:07:00,2,DOMINGO,7,JUNIO,6,NO,CONDUCIR VEHICULO SUPERANDO LOS LIMITES MAXIMOS DE VELOCIDAD.,ESTRELLAMIENTOS,AUTOMOVIL,1,0,0,0,0,0,0,0,0,0,0,0,0,1,18,MUJER,ILESO,PASAJERO,NO,NO,0
19500,66442,66443,2019,0,0,-0.153022,-78.464746,PICHINCHA,QUITO,QUITO,URBANA,2019-06-30,02:40:00,2,DOMINGO,7,JUNIO,6,NO,"CONDUCIR EN ESTADO DE SOMNOLENCIA O MALAS CONDICIONES FISICAS (SUENIO, CANSANCIO Y FATIGA).",ESTRELLAMIENTOS,AUTOMOVIL,1,0,0,0,0,0,0,0,0,0,0,0,0,1,-1,NO IDENTIFICADO,NO IDENTIFICADO,CONDUCTOR AUSENTE,NO,NO,2
19501,66447,66448,2019,2,0,-0.215965,-78.406232,PICHINCHA,QUITO,TUMBACO,RURAL,2019-06-30,03:00:00,3,DOMINGO,7,JUNIO,6,NO,"CONDUCE BAJO LA INFLUENCIA DE ALCOHOL, SUSTANCIAS ESTUPEFACIENTES O PSICOTROPICAS Y/O MEDICAMENTOS.",CHOQUE LATERAL,AUTOMOVIL,2,0,0,0,0,0,0,0,0,0,0,0,0,2,28,MUJER,LESIONADO,PASAJERO,NO,NO,3
19502,66448,66449,2019,0,0,-0.104335,-78.500499,PICHINCHA,QUITO,QUITO,URBANA,2019-06-30,03:03:00,3,DOMINGO,7,JUNIO,6,NO,CONDUCIR VEHICULO SUPERANDO LOS LIMITES MAXIMOS DE VELOCIDAD.,VOLCAMIENTOS,CAMION,0,0,0,1,0,0,0,0,0,0,0,0,0,1,-1,NO IDENTIFICADO,NO IDENTIFICADO,CONDUCTOR AUSENTE,NO,NO,2
19503,66456,66457,2019,0,0,-0.229051,-78.500814,PICHINCHA,QUITO,QUITO,URBANA,2019-06-30,04:20:00,4,DOMINGO,7,JUNIO,6,NO,CONDUCIR VEHICULO SUPERANDO LOS LIMITES MAXIMOS DE VELOCIDAD.,ESTRELLAMIENTOS,AUTOMOVIL,1,0,0,0,0,0,0,0,0,0,0,0,0,1,-1,NO IDENTIFICADO,NO IDENTIFICADO,CONDUCTOR AUSENTE,NO,NO,2
19504,66469,66470,2019,0,0,-0.088884,-78.439915,PICHINCHA,QUITO,CALDERON (CARAPUNGO),RURAL,2019-06-30,09:40:00,9,DOMINGO,7,JUNIO,6,NO,CONDUCIR VEHICULO SUPERANDO LOS LIMITES MAXIMOS DE VELOCIDAD.,ESTRELLAMIENTOS,CAMION,0,0,0,1,0,0,0,0,0,0,0,0,0,1,-1,NO IDENTIFICADO,NO IDENTIFICADO,CONDUCTOR AUSENTE,NO,NO,2
19505,66472,66473,2019,2,0,-0.330134,-78.547741,PICHINCHA,QUITO,QUITO,URBANA,2019-06-30,12:15:00,12,DOMINGO,7,JUNIO,6,NO,NO CEDER EL DERECHO DE VIA O PREFERENCIA DE PASO AL PEATON.,ATROPELLOS,AUTOMOVIL,1,0,0,0,0,0,0,0,0,1,0,0,0,2,23,MUJER,LESIONADO,PEATON,NO,NO,0
19506,66473,66474,2019,0,0,-0.203644,-78.490504,PICHINCHA,QUITO,QUITO,URBANA,2019-06-30,12:30:00,12,DOMINGO,7,JUNIO,6,NO,"NO RESPETAR LAS SENIALES REGLAMENTARIAS DE TRANSITO. (PARE, CEDA EL PASO, LUZ ROJA DEL SEMAFORO, ETC).",CHOQUE LATERAL,AUTOMOVIL,2,0,0,0,0,0,0,0,0,0,0,0,0,2,27,HOMBRE,ILESO,CONDUCTOR PRESENTE,NO,NO,0
19507,66474,66475,2019,0,0,-0.119322,-78.500886,PICHINCHA,QUITO,QUITO,URBANA,2019-06-30,12:40:00,12,DOMINGO,7,JUNIO,6,NO,"CONDUCIR DESATENTO A LAS CONDICIONES DE TRANSITO (CELULAR, PANTALLAS DE VIDEO, COMIDA, MAQUILLAJE O CUALQUIER OTRO ELEMENTO DISTRACTOR).",ESTRELLAMIENTOS,AUTOMOVIL,2,0,0,0,0,0,0,0,0,0,0,0,0,2,31,HOMBRE,ILESO,CONDUCTOR PRESENTE,NO,NO,0
19508,66475,66476,2019,0,0,-0.162023,-78.318223,PICHINCHA,QUITO,YARUQUI,RURAL,2019-06-30,12:40:00,12,DOMINGO,7,JUNIO,6,NO,NO CEDER EL DERECHO DE VIA O PREFERENCIA DE PASO A VEHICULOS.,CHOQUE LATERAL,CAMIONETA,1,0,0,0,1,0,0,0,0,0,0,0,0,2,72,HOMBRE,ILESO,CONDUCTOR PRESENTE,NO,NO,3
19509,66484,66485,2019,1,0,-0.115282,-78.494995,PICHINCHA,QUITO,QUITO,URBANA,2019-06-30,15:10:00,15,DOMINGO,7,JUNIO,6,NO,NO GUARDAR LA DISTANCIA LATERAL MINIMA DE SEGURIDAD ENTRE VEHICULOS.,CHOQUE LATERAL,MOTOCICLETA,1,0,0,0,0,0,0,0,1,0,0,0,0,2,22,HOMBRE,LESIONADO,CONDUCTOR PRESENTE,NO,NO,0
19510,66486,66487,2019,0,0,0.049183,-78.205586,PICHINCHA,PEDRO MONCAYO,TABACUNDO,RURAL,2019-06-30,16:20:00,16,DOMINGO,7,JUNIO,6,NO,"FALLA MECANICA EN LOS SISTEMAS Y/O NEUMATICOS (SISTEMA DE FRENOS, DIRECCION, ELECTRONICO O MECANICO).",ESTRELLAMIENTOS,BUS,0,0,2,0,0,0,0,0,0,0,0,0,0,2,55,HOMBRE,ILESO,CONDUCTOR PRESENTE,NO,NO,3
19511,66491,66492,2019,1,0,-0.216651,-78.491078,PICHINCHA,QUITO,QUITO,URBANA,2019-06-30,17:50:00,17,DOMINGO,7,JUNIO,6,NO,NO GUARDAR LA DISTANCIA LATERAL MINIMA DE SEGURIDAD ENTRE VEHICULOS.,CHOQUE LATERAL,AUTOMOVIL,2,0,0,0,0,0,0,0,0,0,0,0,0,2,9,MUJER,LESIONADO,PASAJERO,NO,NO,0
19512,66496,66497,2019,1,0,-0.184611,-78.344977,PICHINCHA,QUITO,TABABELA,RURAL,2019-06-30,18:30:00,18,DOMINGO,7,JUNIO,6,NO,CONDUCIR VEHICULO SUPERANDO LOS LIMITES MAXIMOS DE VELOCIDAD.,PERDIDA DE CARRIL,MOTOCICLETA,0,0,0,0,0,0,0,0,1,0,0,0,0,1,54,HOMBRE,LESIONADO,CONDUCTOR PRESENTE,NO,NO,3
19513,66497,66498,2019,0,0,-0.244461,-78.518134,PICHINCHA,QUITO,QUITO,URBANA,2019-06-30,18:45:00,18,DOMINGO,7,JUNIO,6,NO,NO MANTENER LA DISTANCIA PRUDENCIAL CON RESPECTO AL VEHICULO QUE LE ANTECEDE.,CHOQUE POSTERIOR,AUTOMOVIL,1,0,0,0,0,0,0,0,0,1,0,0,0,2,50,HOMBRE,ILESO,CONDUCTOR PRESENTE,NO,NO,0
19514,66500,66501,2019,1,0,-0.000128,-78.514067,PICHINCHA,QUITO,CALACALI,RURAL,2019-06-30,19:00:00,19,DOMINGO,7,JUNIO,6,NO,NO CEDER EL DERECHO DE VIA O PREFERENCIA DE PASO AL PEATON.,ATROPELLOS,NO IDENTIFICADO,0,0,0,0,0,0,0,0,0,1,0,0,0,1,81,HOMBRE,LESIONADO,PEATON,NO,NO,3
19515,66501,66502,2019,0,0,-0.237393,-78.484403,PICHINCHA,QUITO,QUITO,URBANA,2019-06-30,19:05:00,19,DOMINGO,7,JUNIO,6,NO,NO MANTENER LA DISTANCIA PRUDENCIAL CON RESPECTO AL VEHICULO QUE LE ANTECEDE.,CHOQUE POSTERIOR,AUTOMOVIL,2,0,0,0,0,0,0,0,0,0,0,0,0,2,34,HOMBRE,ILESO,CONDUCTOR PRESENTE,NO,NO,0
19516,66502,66503,2019,1,0,-0.248554,-78.527753,PICHINCHA,QUITO,QUITO,URBANA,2019-06-30,19:20:00,19,DOMINGO,7,JUNIO,6,NO,"CONDUCE BAJO LA INFLUENCIA DE ALCOHOL, SUSTANCIAS ESTUPEFACIENTES O PSICOTROPICAS Y/O MEDICAMENTOS.",CHOQUE POSTERIOR,AUTOMOVIL,1,0,0,0,0,0,0,0,1,0,0,0,0,2,42,HOMBRE,LESIONADO,CONDUCTOR PRESENTE,NO,NO,0
19517,66507,66508,2019,1,0,-0.206518,-78.494387,PICHINCHA,QUITO,QUITO,URBANA,2019-06-30,22:00:00,22,DOMINGO,7,JUNIO,6,NO,NO CEDER EL DERECHO DE VIA O PREFERENCIA DE PASO A VEHICULOS.,CHOQUE LATERAL,MOTOCICLETA,0,0,0,0,0,0,0,0,1,1,0,0,0,2,22,HOMBRE,LESIONADO,CONDUCTOR PRESENTE,NO,NO,0
19518,66514,66515,2019,0,0,-0.230871,-78.504294,PICHINCHA,QUITO,QUITO,URBANA,2019-07-01,01:05:00,1,LUNES,1,JULIO,7,NO,CONDUCIR VEHICULO SUPERANDO LOS LIMITES MAXIMOS DE VELOCIDAD.,ESTRELLAMIENTOS,AUTOMOVIL,1,0,0,0,0,0,0,0,0,0,0,0,0,1,46,HOMBRE,ILESO,CONDUCTOR PRESENTE,NO,NO,0
19519,66526,66527,2019,0,0,-0.236249,-78.521309,PICHINCHA,QUITO,QUITO,URBANA,2019-07-01,06:30:00,6,LUNES,1,JULIO,7,NO,NO CEDER EL DERECHO DE VIA O PREFERENCIA DE PASO A VEHICULOS.,CHOQUE LATERAL,AUTOMOVIL,2,0,0,0,1,0,0,0,0,0,0,0,0,3,46,MUJER,ILESO,CONDUCTOR PRESENTE,NO,NO,0
19520,66536,66537,2019,2,0,-0.178641,-78.489731,PICHINCHA,QUITO,QUITO,URBANA,2019-07-01,08:25:00,8,LUNES,1,JULIO,7,NO,NO TRANSITAR POR LAS ACERAS O ZONAS DE SEGURIDAD DESTINADAS PARA EL EFECTO.,ATROPELLOS,BUS,0,0,1,0,0,0,0,0,0,0,0,0,0,1,32,HOMBRE,LESIONADO,PASAJERO,NO,NO,0
19521,66538,66539,2019,0,0,-0.182025,-78.478736,PICHINCHA,QUITO,QUITO,URBANA,2019-07-01,10:45:00,10,LUNES,1,JULIO,7,NO,NO MANTENER LA DISTANCIA PRUDENCIAL CON RESPECTO AL VEHICULO QUE LE ANTECEDE.,CHOQUE POSTERIOR,AUTOMOVIL,2,0,0,0,0,0,0,0,0,0,0,0,0,2,55,HOMBRE,ILESO,CONDUCTOR PRESENTE,NO,NO,0
19522,66540,66541,2019,0,0,-0.338484,-78.561391,PICHINCHA,QUITO,QUITO,URBANA,2019-07-01,11:55:00,11,LUNES,1,JULIO,7,NO,CONDUCIR VEHICULO SUPERANDO LOS LIMITES MAXIMOS DE VELOCIDAD.,ESTRELLAMIENTOS,BUS,0,0,1,0,0,0,0,0,0,0,0,0,0,1,24,HOMBRE,ILESO,CONDUCTOR PRESENTE,NO,NO,0
19523,66541,66542,2019,1,0,-0.285382,-78.536795,PICHINCHA,QUITO,QUITO,URBANA,2019-07-01,12:30:00,12,LUNES,1,JULIO,7,NO,PEATON QUE CRUZA LA CALZADA SIN RESPETAR LA SENIALIZACION EXISTENTE (SEMAFOROS O SENIALES MANUALES).,ATROPELLOS,MOTOCICLETA,0,0,0,0,0,0,0,0,1,0,0,0,0,1,69,MUJER,LESIONADO,PEATON,NO,NO,0
19524,66545,66546,2019,1,0,-0.181249,-78.505204,PICHINCHA,QUITO,QUITO,URBANA,2019-07-01,13:30:00,13,LUNES,1,JULIO,7,NO,NO TRANSITAR POR LAS ACERAS O ZONAS DE SEGURIDAD DESTINADAS PARA EL EFECTO.,ATROPELLOS,MOTOCICLETA,0,0,0,0,0,0,0,0,1,0,0,0,0,1,41,HOMBRE,LESIONADO,PEATON,NO,NO,0
19525,66547,66548,2019,2,0,-0.245589,-78.519532,PICHINCHA,QUITO,QUITO,URBANA,2019-07-01,14:15:00,14,LUNES,1,JULIO,7,NO,DEJAR O RECOGER PASAJEROS EN LUGARES NO PERMITIDOS.,CAIDA DE PASAJERO,NO IDENTIFICADO,0,0,0,0,0,0,0,0,0,1,0,0,0,1,5,MUJER,LESIONADO,PASAJERO,NO,NO,0
19526,66550,66551,2019,0,0,-0.191071,-78.513028,PICHINCHA,QUITO,QUITO,URBANA,2019-07-01,15:00:00,15,LUNES,1,JULIO,7,NO,NO CEDER EL DERECHO DE VIA O PREFERENCIA DE PASO A VEHICULOS.,CHOQUE LATERAL,MOTOCICLETA,1,0,0,0,0,0,0,0,1,0,0,0,0,2,26,HOMBRE,ILESO,CONDUCTOR PRESENTE,NO,NO,0
19527,66560,66561,2019,0,0,-0.242935,-78.482638,PICHINCHA,QUITO,QUITO,URBANA,2019-07-01,19:25:00,19,LUNES,1,JULIO,7,NO,NO MANTENER LA DISTANCIA PRUDENCIAL CON RESPECTO AL VEHICULO QUE LE ANTECEDE.,CHOQUE POSTERIOR,AUTOMOVIL,2,0,0,0,0,0,0,0,0,0,0,0,0,2,28,HOMBRE,ILESO,CONDUCTOR PRESENTE,NO,NO,0
19528,66564,66565,2019,1,0,-0.091387,-78.472554,PICHINCHA,QUITO,QUITO,URBANA,2019-07-01,20:10:00,20,LUNES,1,JULIO,7,NO,NO TRANSITAR POR LAS ACERAS O ZONAS DE SEGURIDAD DESTINADAS PARA EL EFECTO.,ATROPELLOS,NO IDENTIFICADO,0,0,0,0,0,0,0,0,0,1,0,0,0,1,16,HOMBRE,LESIONADO,PEATON,NO,NO,0
19529,66569,66570,2019,0,0,-0.258137,-78.529538,PICHINCHA,QUITO,QUITO,URBANA,2019-07-01,21:00:00,21,LUNES,1,JULIO,7,NO,CONDUCIR VEHICULO SUPERANDO LOS LIMITES MAXIMOS DE VELOCIDAD.,CHOQUE POSTERIOR,AUTOMOVIL,1,0,0,0,0,0,0,0,0,1,0,0,0,2,32,HOMBRE,ILESO,CONDUCTOR PRESENTE,NO,NO,0
19530,66571,66572,2019,0,0,-0.191657,-78.490808,PICHINCHA,QUITO,QUITO,URBANA,2019-07-01,22:15:00,22,LUNES,1,JULIO,7,NO,NO CEDER EL DERECHO DE VIA O PREFERENCIA DE PASO A VEHICULOS.,CHOQUE LATERAL,AUTOMOVIL,2,0,0,0,0,0,0,0,0,0,0,0,0,2,26,MUJER,ILESO,CONDUCTOR PRESENTE,NO,NO,0
19531,66572,66573,2019,0,0,-0.268257,-78.529527,PICHINCHA,QUITO,QUITO,URBANA,2019-07-01,22:20:00,22,LUNES,1,JULIO,7,NO,"CONDUCE BAJO LA INFLUENCIA DE ALCOHOL, SUSTANCIAS ESTUPEFACIENTES O PSICOTROPICAS Y/O MEDICAMENTOS.",CHOQUE POSTERIOR,AUTOMOVIL,2,0,0,0,0,0,0,0,0,0,0,0,0,2,30,HOMBRE,ILESO,CONDUCTOR PRESENTE,NO,NO,0
19532,66574,66575,2019,0,0,-0.245301,-78.513986,PICHINCHA,QUITO,QUITO,URBANA,2019-07-01,22:50:00,22,LUNES,1,JULIO,7,NO,"CONDUCIR DESATENTO A LAS CONDICIONES DE TRANSITO (CELULAR, PANTALLAS DE VIDEO, COMIDA, MAQUILLAJE O CUALQUIER OTRO ELEMENTO DISTRACTOR).",ESTRELLAMIENTOS,AUTOMOVIL,1,0,0,1,0,0,0,0,0,0,0,0,0,2,27,HOMBRE,ILESO,CONDUCTOR PRESENTE,NO,NO,0
19533,66577,66578,2019,0,0,-0.257058,-78.517731,PICHINCHA,QUITO,QUITO,URBANA,2019-07-02,01:30:00,1,MARTES,2,JULIO,7,NO,CONDUCIR VEHICULO SUPERANDO LOS LIMITES MAXIMOS DE VELOCIDAD.,ESTRELLAMIENTOS,AUTOMOVIL,1,0,0,0,0,0,0,0,0,0,0,0,0,1,-1,NO IDENTIFICADO,NO IDENTIFICADO,CONDUCTOR AUSENTE,NO,NO,2
19534,66586,66587,2019,1,0,-0.096164,-78.468848,PICHINCHA,QUITO,QUITO,URBANA,2019-07-02,06:15:00,6,MARTES,2,JULIO,7,NO,NO CEDER EL DERECHO DE VIA O PREFERENCIA DE PASO AL PEATON.,ATROPELLOS,MOTOCICLETA,0,0,0,0,0,0,0,0,1,0,0,0,0,1,44,MUJER,LESIONADO,PEATON,NO,NO,0
19535,66587,66588,2019,0,0,-0.194866,-78.502555,PICHINCHA,QUITO,QUITO,URBANA,2019-07-02,06:33:00,6,MARTES,2,JULIO,7,NO,NO GUARDAR LA DISTANCIA LATERAL MINIMA DE SEGURIDAD ENTRE VEHICULOS.,CHOQUE LATERAL,FURGONETA,1,0,0,0,0,0,0,1,0,0,0,0,0,2,46,HOMBRE,ILESO,CONDUCTOR PRESENTE,NO,NO,0
19536,66590,66591,2019,1,0,0.045194,-78.219871,PICHINCHA,PEDRO MONCAYO,TABACUNDO,RURAL,2019-07-02,08:06:00,8,MARTES,2,JULIO,7,NO,NO TRANSITAR POR LAS ACERAS O ZONAS DE SEGURIDAD DESTINADAS PARA EL EFECTO.,ATROPELLOS,AUTOMOVIL,1,0,0,0,0,0,0,0,0,0,0,0,0,1,29,MUJER,LESIONADO,PEATON,NO,SI,3
19537,66593,66594,2019,0,0,-0.150393,-78.453592,PICHINCHA,QUITO,QUITO,RURAL,2019-07-02,11:05:00,11,MARTES,2,JULIO,7,NO,NO MANTENER LA DISTANCIA PRUDENCIAL CON RESPECTO AL VEHICULO QUE LE ANTECEDE.,CHOQUE POSTERIOR,BUS,1,0,1,0,0,0,0,0,0,0,0,0,0,2,40,HOMBRE,ILESO,CONDUCTOR PRESENTE,NO,NO,3
19538,66601,66602,2019,1,0,-0.128543,-78.487431,PICHINCHA,QUITO,QUITO,URBANA,2019-07-02,13:10:00,13,MARTES,2,JULIO,7,NO,DEJAR O RECOGER PASAJEROS EN LUGARES NO PERMITIDOS.,CAIDA DE PASAJERO,NO IDENTIFICADO,0,0,0,0,0,0,0,0,0,1,0,0,0,1,12,MUJER,LESIONADO,PASAJERO,NO,NO,0
19539,66606,66607,2019,1,0,-0.190128,-78.410428,PICHINCHA,QUITO,CUMBAYA,RURAL,2019-07-02,14:00:00,14,MARTES,2,JULIO,7,NO,MALAS CONDICIONES DE LA VIA Y/O CONFIGURACION. (ILUMINACION Y DISENIO).,ESTRELLAMIENTOS,MOTOCICLETA,0,0,0,0,0,0,0,0,1,0,0,0,0,1,22,HOMBRE,LESIONADO,CONDUCTOR PRESENTE,NO,NO,3
19540,66608,66609,2019,2,0,-0.121583,-78.480127,PICHINCHA,QUITO,QUITO,URBANA,2019-07-02,14:10:00,14,MARTES,2,JULIO,7,NO,NO CEDER EL DERECHO DE VIA O PREFERENCIA DE PASO AL PEATON.,ATROPELLOS,MOTOCICLETA,0,0,0,0,0,0,0,0,1,0,0,0,0,1,54,MUJER,LESIONADO,PEATON,NO,NO,0
19541,66610,66611,2019,0,1,-0.301948,-78.542311,PICHINCHA,QUITO,QUITO,URBANA,2019-07-02,15:05:00,15,MARTES,2,JULIO,7,NO,NO TRANSITAR POR LAS ACERAS O ZONAS DE SEGURIDAD DESTINADAS PARA EL EFECTO.,ATROPELLOS,BUS,0,0,1,0,0,0,0,0,0,0,0,0,0,1,25,HOMBRE,FALLECIDO,PEATON,NO,NO,0
19542,66620,66621,2019,1,0,-0.271544,-78.550944,PICHINCHA,QUITO,QUITO,URBANA,2019-07-02,18:00:00,18,MARTES,2,JULIO,7,NO,"NO RESPETAR LAS SENIALES REGLAMENTARIAS DE TRANSITO. (PARE, CEDA EL PASO, LUZ ROJA DEL SEMAFORO, ETC).",CHOQUE FRONTAL,MOTOCICLETA,1,0,0,0,0,0,0,0,1,0,0,0,0,2,28,HOMBRE,LESIONADO,CONDUCTOR PRESENTE,NO,NO,0
19543,66622,66623,2019,1,0,-0.277037,-78.557194,PICHINCHA,QUITO,QUITO,URBANA,2019-07-02,18:40:00,18,MARTES,2,JULIO,7,NO,NO CEDER EL DERECHO DE VIA O PREFERENCIA DE PASO AL PEATON.,ATROPELLOS,NO IDENTIFICADO,0,0,0,0,0,0,0,0,0,1,0,0,0,1,77,MUJER,LESIONADO,PEATON,NO,NO,0
19544,66623,66624,2019,0,0,-0.209862,-78.404809,PICHINCHA,QUITO,TUMBACO,RURAL,2019-07-02,19:25:00,19,MARTES,2,JULIO,7,NO,"NO RESPETAR LAS SENIALES REGLAMENTARIAS DE TRANSITO. (PARE, CEDA EL PASO, LUZ ROJA DEL SEMAFORO, ETC).",CHOQUE LATERAL,CAMIONETA,0,0,0,0,2,0,0,0,0,0,0,0,0,2,35,HOMBRE,ILESO,CONDUCTOR PRESENTE,NO,NO,3
19545,66632,66633,2019,0,1,-0.193311,-78.497266,PICHINCHA,QUITO,QUITO,URBANA,2019-07-02,21:15:00,21,MARTES,2,JULIO,7,NO,"NO RESPETAR LAS SENIALES REGLAMENTARIAS DE TRANSITO. (PARE, CEDA EL PASO, LUZ ROJA DEL SEMAFORO, ETC).",ARROLLAMIENTOS,MOTOCICLETA,0,0,1,0,0,0,0,0,1,0,0,0,0,2,21,HOMBRE,FALLECIDO,CONDUCTOR PRESENTE,NO,NO,0
19546,66634,66635,2019,1,0,-0.289305,-78.538485,PICHINCHA,QUITO,QUITO,URBANA,2019-07-02,22:15:00,22,MARTES,2,JULIO,7,NO,NO CEDER EL DERECHO DE VIA O PREFERENCIA DE PASO AL PEATON.,ATROPELLOS,NO IDENTIFICADO,0,0,0,0,0,0,0,0,0,1,0,0,0,1,44,HOMBRE,LESIONADO,PEATON,NO,NO,0
19547,66636,66637,2019,0,0,-0.293646,-78.539922,PICHINCHA,QUITO,QUITO,URBANA,2019-07-02,23:00:00,23,MARTES,2,JULIO,7,NO,"CONDUCIR DESATENTO A LAS CONDICIONES DE TRANSITO (CELULAR, PANTALLAS DE VIDEO, COMIDA, MAQUILLAJE O CUALQUIER OTRO ELEMENTO DISTRACTOR).",OTROS,MOTOCICLETA,0,0,0,0,0,0,0,0,1,0,0,0,0,1,-1,NO IDENTIFICADO,NO IDENTIFICADO,CONDUCTOR AUSENTE,NO,NO,2
19548,66638,66639,2019,1,0,-0.166259,-78.486838,PICHINCHA,QUITO,QUITO,URBANA,2019-07-03,01:45:00,1,MIERCOLES,3,JULIO,7,NO,"CONDUCIR EN ESTADO DE SOMNOLENCIA O MALAS CONDICIONES FISICAS (SUENIO, CANSANCIO Y FATIGA).",ESTRELLAMIENTOS,MOTOCICLETA,0,0,0,0,0,0,0,0,1,0,0,0,0,1,26,HOMBRE,LESIONADO,CONDUCTOR PRESENTE,NO,NO,0
19549,66640,66641,2019,0,0,-0.246027,-78.518453,PICHINCHA,QUITO,QUITO,URBANA,2019-07-03,02:30:00,2,MIERCOLES,3,JULIO,7,NO,"CONDUCIR EN ESTADO DE SOMNOLENCIA O MALAS CONDICIONES FISICAS (SUENIO, CANSANCIO Y FATIGA).",OTROS,AUTOMOVIL,1,0,0,0,0,0,0,0,0,0,0,0,0,1,-1,NO IDENTIFICADO,NO IDENTIFICADO,CONDUCTOR AUSENTE,NO,NO,2