,Unnamed: 0,ID,ANIO,LESIONADOS,FALLECIDOS,LATITUD_Y,LONGITUD_X,PROVINCIA,CANTON,PARROQUIA,ZONA,FECHA,HORA,PERIODO_2,DIA_1,DIA_2,MES_1,MES_2,FERIADO,CAUSA_PROBABLE,TIPO_DE_SINIESTRO,TIPO_DE_VEHICULO_1,AUTOMOVIL,BICICLETA,BUS,CAMION,CAMIONETA,EMERGENCIAS,ESPECIAL,FURGONETA,MOTOCICLETA,NO_IDENTIFICADO,SCOOTER_ELECTRICO,TRICIMOTO,VEHICULO_DEPORTIVO_UTILITARIO,SUMA_DE_VEHICULOS,EDAD_1,SEXO_1,CONDICION_1,PARTICIPANTE_1,CASCO_1,CINTURON_1,KMeans_Cluster
19550,66644,66645,2019,1,0,-0.328001,-78.541311,PICHINCHA,QUITO,QUITO,URBANA,2019-07-03,05:15:00,5,MIERCOLES,3,JULIO,7,NO,NO TRANSITAR POR LAS ACERAS O ZONAS DE SEGURIDAD DESTINADAS PARA EL EFECTO.,ATROPELLOS,NO IDENTIFICADO,0,0,0,0,0,0,0,0,0,1,0,0,0,1,34,HOMBRE,LESIONADO,PEATON,NO,NO,0
19551,66646,66647,2019,0,0,-0.096471,-78.472437,PICHINCHA,QUITO,QUITO,URBANA,2019-07-03,06:25:00,6,MIERCOLES,3,JULIO,7,NO,NO CEDER EL DERECHO DE VIA O PREFERENCIA DE PASO A VEHICULOS.,CHOQUE LATERAL,AUTOMOVIL,2,0,0,0,0,0,0,0,0,0,0,0,0,2,41,HOMBRE,ILESO,CONDUCTOR PRESENTE,NO,NO,0
19552,66652,66653,2019,0,0,-0.204818,-78.490901,PICHINCHA,QUITO,QUITO,URBANA,2019-07-03,07:15:00,7,MIERCOLES,3,JULIO,7,NO,NO CEDER EL DERECHO DE VIA O PREFERENCIA DE PASO A VEHICULOS.,CHOQUE LATERAL,AUTOMOVIL,2,0,0,0,0,0,0,0,0,0,0,0,0,2,32,HOMBRE,ILESO,CONDUCTOR PRESENTE,NO,NO,0
19553,66657,66658,2019,0,0,-0.102365,-78.490629,PICHINCHA,QUITO,QUITO,URBANA,2019-07-03,12:00:00,12,MIERCOLES,3,JULIO,7,NO,"CONDUCIR DESATENTO A LAS CONDICIONES DE TRANSITO (CELULAR, PANTALLAS DE VIDEO, COMIDA, MAQUILLAJE O CUALQUIER OTRO ELEMENTO DISTRACTOR).",CHOQUE POSTERIOR,AUTOMOVIL,2,0,0,0,0,0,0,0,0,0,0,0,0,2,48,HOMBRE,ILESO,CONDUCTOR PRESENTE,NO,NO,0
19554,66662,66663,2019,0,1,0.046825,-79.263812,PICHINCHA,PUERTO QUITO,PUERTO QUITO,RURAL,2019-07-03,13:20:00,13,MIERCOLES,3,JULIO,7,NO,"CONDUCIR DESATENTO A LAS CONDICIONES DE TRANSITO (CELULAR, PANTALLAS DE VIDEO, COMIDA, MAQUILLAJE O CUALQUIER OTRO ELEMENTO DISTRACTOR).",ATROPELLOS,NO IDENTIFICADO,0,0,0,0,0,0,0,0,0,1,0,0,0,1,5,MUJER,FALLECIDO,PEATON,NO,SI,3
19555,66673,66674,2019,0,0,-0.204802,-78.376946,PICHINCHA,QUITO,TUMBACO,RURAL,2019-07-03,15:15:00,15,MIERCOLES,3,JULIO,7,NO,"NO RESPETAR LAS SENIALES REGLAMENTARIAS DE TRANSITO. (PARE, CEDA EL PASO, LUZ ROJA DEL SEMAFORO, ETC).",ESTRELLAMIENTOS,AUTOMOVIL,1,0,0,0,0,0,0,0,0,0,0,0,0,1,45,HOMBRE,ILESO,PASAJERO,NO,NO,3
19556,66674,66675,2019,1,0,-0.172656,-78.487005,PICHINCHA,QUITO,QUITO,URBANA,2019-07-03,15:15:00,15,MIERCOLES,3,JULIO,7,NO,"CONDUCIR DESATENTO A LAS CONDICIONES DE TRANSITO (CELULAR, PANTALLAS DE VIDEO, COMIDA, MAQUILLAJE O CUALQUIER OTRO ELEMENTO DISTRACTOR).",PERDIDA DE CARRIL,MOTOCICLETA,0,0,0,0,0,0,0,0,1,0,0,0,0,1,48,HOMBRE,LESIONADO,CONDUCTOR PRESENTE,NO,NO,0
19557,66678,66679,2019,0,0,-0.282706,-78.554325,PICHINCHA,QUITO,QUITO,URBANA,2019-07-03,17:00:00,17,MIERCOLES,3,JULIO,7,NO,NO MANTENER LA DISTANCIA PRUDENCIAL CON RESPECTO AL VEHICULO QUE LE ANTECEDE.,CHOQUE POSTERIOR,CAMIONETA,0,0,0,1,1,0,0,0,0,0,0,0,0,2,23,HOMBRE,ILESO,CONDUCTOR PRESENTE,NO,NO,0
19558,66683,66684,2019,0,0,-0.150393,-78.453592,PICHINCHA,QUITO,QUITO,RURAL,2019-07-03,19:22:00,19,MIERCOLES,3,JULIO,7,NO,NO MANTENER LA DISTANCIA PRUDENCIAL CON RESPECTO AL VEHICULO QUE LE ANTECEDE.,COLISION,AUTOMOVIL,3,0,0,0,0,0,0,0,0,0,0,0,0,3,52,HOMBRE,ILESO,CONDUCTOR PRESENTE,NO,NO,3
19559,66687,66688,2019,2,0,-0.292724,-78.476486,PICHINCHA,QUITO,CONOCOTO,RURAL,2019-07-03,21:10:00,21,MIERCOLES,3,JULIO,7,NO,CONDUCIR EN SENTIDO CONTRARIO A LA VIA NORMAL DE CIRCULACION.,CHOQUE FRONTAL,AUTOMOVIL,1,0,0,0,1,0,0,0,0,0,0,0,0,2,31,HOMBRE,LESIONADO,PASAJERO,NO,NO,3
19560,66690,66691,2019,0,0,-0.210387,-78.483417,PICHINCHA,QUITO,QUITO,URBANA,2019-07-03,22:10:00,22,MIERCOLES,3,JULIO,7,NO,"CONDUCE BAJO LA INFLUENCIA DE ALCOHOL, SUSTANCIAS ESTUPEFACIENTES O PSICOTROPICAS Y/O MEDICAMENTOS.",CHOQUE FRONTAL,AUTOMOVIL,2,0,0,0,0,0,0,0,0,0,0,0,0,2,44,HOMBRE,ILESO,CONDUCTOR PRESENTE,NO,NO,0
19561,66692,66693,2019,0,0,-0.218324,-78.486095,PICHINCHA,QUITO,QUITO,URBANA,2019-07-03,22:25:00,22,MIERCOLES,3,JULIO,7,NO,CONDUCIR VEHICULO SUPERANDO LOS LIMITES MAXIMOS DE VELOCIDAD.,ESTRELLAMIENTOS,AUTOMOVIL,1,0,0,0,0,0,0,0,0,0,0,0,0,1,17,MUJER,ILESO,PASAJERO,NO,NO,0
19562,66698,66699,2019,1,0,-0.216614,-78.504895,PICHINCHA,QUITO,QUITO,URBANA,2019-07-04,00:25:00,0,JUEVES,4,JULIO,7,NO,"CONDUCE BAJO LA INFLUENCIA DE ALCOHOL, SUSTANCIAS ESTUPEFACIENTES O PSICOTROPICAS Y/O MEDICAMENTOS.",CHOQUE POSTERIOR,AUTOMOVIL,2,0,0,0,0,0,0,0,0,0,0,0,0,2,29,HOMBRE,LESIONADO,CONDUCTOR PRESENTE,NO,NO,0
19563,66699,66700,2019,1,0,-0.313671,-78.549353,PICHINCHA,QUITO,QUITO,URBANA,2019-07-04,01:55:00,1,JUEVES,4,JULIO,7,NO,"CONDUCIR EN ESTADO DE SOMNOLENCIA O MALAS CONDICIONES FISICAS (SUENIO, CANSANCIO Y FATIGA).",ESTRELLAMIENTOS,AUTOMOVIL,1,0,0,0,0,0,0,0,0,0,0,0,0,1,36,HOMBRE,LESIONADO,CONDUCTOR PRESENTE,NO,NO,0
19564,66702,66703,2019,1,0,-0.317898,-78.535609,PICHINCHA,QUITO,QUITO,URBANA,2019-07-04,03:00:00,3,JUEVES,4,JULIO,7,NO,"CONDUCIR EN ESTADO DE SOMNOLENCIA O MALAS CONDICIONES FISICAS (SUENIO, CANSANCIO Y FATIGA).",ESTRELLAMIENTOS,AUTOMOVIL,1,0,0,0,0,0,0,0,0,0,0,0,0,1,25,HOMBRE,LESIONADO,PASAJERO,NO,NO,0
19565,66713,66714,2019,1,0,-0.243842,-78.530752,PICHINCHA,QUITO,QUITO,URBANA,2019-07-04,09:15:00,9,JUEVES,4,JULIO,7,NO,NO CEDER EL DERECHO DE VIA O PREFERENCIA DE PASO AL PEATON.,ATROPELLOS,CAMION,0,0,0,1,0,0,0,0,0,0,0,0,0,1,51,HOMBRE,LESIONADO,PEATON,NO,NO,0
19566,66722,66723,2019,0,0,-0.239775,-78.537462,PICHINCHA,QUITO,QUITO,URBANA,2019-07-04,12:00:00,12,JUEVES,4,JULIO,7,NO,"CONDUCE BAJO LA INFLUENCIA DE ALCOHOL, SUSTANCIAS ESTUPEFACIENTES O PSICOTROPICAS Y/O MEDICAMENTOS.",CHOQUE FRONTAL,AUTOMOVIL,2,0,0,0,0,0,0,0,0,0,0,0,0,2,43,MUJER,ILESO,CONDUCTOR PRESENTE,NO,NO,0
19567,66724,66725,2019,0,1,-0.149117,-78.465921,PICHINCHA,QUITO,QUITO,URBANA,2019-07-04,13:00:00,13,JUEVES,4,JULIO,7,NO,PEATON QUE CRUZA LA CALZADA SIN RESPETAR LA SENIALIZACION EXISTENTE (SEMAFOROS O SENIALES MANUALES).,ARROLLAMIENTOS,CAMION,0,0,0,1,0,0,0,0,0,0,0,0,0,1,47,HOMBRE,FALLECIDO,PEATON,NO,NO,0
19568,66729,66730,2019,2,0,-0.206451,-78.512129,PICHINCHA,QUITO,QUITO,URBANA,2019-07-04,15:15:00,15,JUEVES,4,JULIO,7,NO,"CONDUCE BAJO LA INFLUENCIA DE ALCOHOL, SUSTANCIAS ESTUPEFACIENTES O PSICOTROPICAS Y/O MEDICAMENTOS.",CHOQUE POSTERIOR,CAMION,0,0,0,1,0,0,0,0,1,0,0,0,0,2,23,MUJER,LESIONADO,PASAJERO,NO,NO,0
19569,66730,66731,2019,1,0,-0.081438,-78.468159,PICHINCHA,QUITO,QUITO,URBANA,2019-07-04,15:20:00,15,JUEVES,4,JULIO,7,NO,NO CEDER EL DERECHO DE VIA O PREFERENCIA DE PASO AL PEATON.,ARROLLAMIENTOS,AUTOMOVIL,1,0,0,0,0,0,0,0,0,0,0,0,0,1,31,HOMBRE,LESIONADO,PEATON,NO,NO,0
19570,66733,66734,2019,2,0,-0.164692,-78.493594,PICHINCHA,QUITO,QUITO,URBANA,2019-07-04,15:40:00,15,JUEVES,4,JULIO,7,NO,"CONDICIONES AMBIENTALES Y/O ATMOSFERICAS (NIEBLA, NEBLINA, GRANIZO, LLUVIA).",PERDIDA DE CARRIL,MOTOCICLETA,0,0,0,0,0,0,0,0,1,0,0,0,0,1,25,HOMBRE,LESIONADO,CONDUCTOR PRESENTE,NO,NO,0
19571,66738,66739,2019,1,0,-0.221348,-78.396647,PICHINCHA,QUITO,TUMBACO,RURAL,2019-07-04,16:55:00,16,JUEVES,4,JULIO,7,NO,CONDUCIR VEHICULO SUPERANDO LOS LIMITES MAXIMOS DE VELOCIDAD.,CHOQUE POSTERIOR,AUTOMOVIL,1,0,1,0,0,0,0,0,0,0,0,0,0,2,47,MUJER,LESIONADO,CONDUCTOR PRESENTE,NO,NO,3
19572,66741,66742,2019,0,0,-0.140023,-78.499981,PICHINCHA,QUITO,QUITO,URBANA,2019-07-04,18:35:00,18,JUEVES,4,JULIO,7,NO,NO GUARDAR LA DISTANCIA LATERAL MINIMA DE SEGURIDAD ENTRE VEHICULOS.,CHOQUE LATERAL,CAMION,0,0,1,1,0,0,0,0,0,0,0,0,0,2,28,HOMBRE,ILESO,CONDUCTOR PRESENTE,NO,NO,0
19573,66742,66743,2019,1,0,-0.291871,-78.558463,PICHINCHA,QUITO,QUITO,URBANA,2019-07-04,18:50:00,18,JUEVES,4,JULIO,7,NO,PEATON QUE CRUZA LA CALZADA SIN RESPETAR LA SENIALIZACION EXISTENTE (SEMAFOROS O SENIALES MANUALES).,ATROPELLOS,NO IDENTIFICADO,0,0,0,0,0,0,0,0,0,1,0,0,0,1,79,MUJER,LESIONADO,PEATON,NO,NO,0
19574,66757,66758,2019,0,0,-0.128531,-78.487493,PICHINCHA,QUITO,QUITO,URBANA,2019-07-05,02:20:00,2,VIERNES,5,JULIO,7,NO,CONDUCIR VEHICULO SUPERANDO LOS LIMITES MAXIMOS DE VELOCIDAD.,ESTRELLAMIENTOS,CAMION,0,0,0,1,0,0,0,0,0,0,0,0,0,1,-1,NO IDENTIFICADO,NO IDENTIFICADO,CONDUCTOR AUSENTE,NO,NO,2
19575,66758,66759,2019,0,0,-0.197278,-78.489709,PICHINCHA,QUITO,QUITO,URBANA,2019-07-05,04:10:00,4,VIERNES,5,JULIO,7,NO,"CONDUCIR EN ESTADO DE SOMNOLENCIA O MALAS CONDICIONES FISICAS (SUENIO, CANSANCIO Y FATIGA).",ESTRELLAMIENTOS,AUTOMOVIL,1,0,0,0,0,0,0,0,0,0,0,0,0,1,-1,NO IDENTIFICADO,NO IDENTIFICADO,CONDUCTOR AUSENTE,NO,NO,2
19576,66766,66767,2019,1,0,-0.242071,-78.520241,PICHINCHA,QUITO,QUITO,URBANA,2019-07-05,07:20:00,7,VIERNES,5,JULIO,7,NO,NO CEDER EL DERECHO DE VIA O PREFERENCIA DE PASO AL PEATON.,ATROPELLOS,NO IDENTIFICADO,0,0,0,0,0,0,0,0,0,1,0,0,0,1,66,MUJER,LESIONADO,PEATON,NO,NO,0
19577,66773,66774,2019,0,0,-0.166952,-78.486293,PICHINCHA,QUITO,QUITO,URBANA,2019-07-05,10:10:00,10,VIERNES,5,JULIO,7,NO,"ADELANTAR O REBASAR A OTRO VEHICULO EN MOVIMIENTO EN ZONAS O SITIOS PELIGROSOS TALES COMO: CURVAS, PUENTES, TUNELES, PENDIENTES, ETC.",CHOQUE POSTERIOR,AUTOMOVIL,2,0,0,0,0,0,0,0,0,0,0,0,0,2,27,HOMBRE,ILESO,CONDUCTOR PRESENTE,NO,NO,0
19578,66774,66775,2019,0,0,-0.176062,-78.483762,PICHINCHA,QUITO,QUITO,URBANA,2019-07-05,10:25:00,10,VIERNES,5,JULIO,7,NO,"CONDUCIR DESATENTO A LAS CONDICIONES DE TRANSITO (CELULAR, PANTALLAS DE VIDEO, COMIDA, MAQUILLAJE O CUALQUIER OTRO ELEMENTO DISTRACTOR).",ESTRELLAMIENTOS,CAMIONETA,0,0,0,0,1,0,0,0,0,0,0,0,0,1,68,HOMBRE,ILESO,CONDUCTOR PRESENTE,NO,NO,0
19579,66776,66777,2019,1,0,-0.238001,-78.529084,PICHINCHA,QUITO,QUITO,URBANA,2019-07-05,13:19:00,13,VIERNES,5,JULIO,7,NO,REALIZAR CAMBIO BRUSCO O INDEBIDO DE CARRIL.,OTROS,NO IDENTIFICADO,0,0,0,0,0,0,0,0,0,1,0,0,0,1,27,MUJER,LESIONADO,PEATON,NO,NO,0
19580,66777,66778,2019,0,0,-0.245326,-78.534069,PICHINCHA,QUITO,QUITO,URBANA,2019-07-05,13:45:00,13,VIERNES,5,JULIO,7,NO,NO MANTENER LA DISTANCIA PRUDENCIAL CON RESPECTO AL VEHICULO QUE LE ANTECEDE.,CHOQUE POSTERIOR,AUTOMOVIL,2,0,0,0,0,0,0,0,0,0,0,0,0,2,31,HOMBRE,ILESO,CONDUCTOR PRESENTE,NO,NO,0
19581,66778,66779,2019,1,0,-0.198804,-78.500543,PICHINCHA,QUITO,QUITO,URBANA,2019-07-05,13:55:00,13,VIERNES,5,JULIO,7,NO,PEATON QUE CRUZA LA CALZADA SIN RESPETAR LA SENIALIZACION EXISTENTE (SEMAFOROS O SENIALES MANUALES).,ATROPELLOS,BUS,0,0,1,0,0,0,0,0,0,0,0,0,0,1,22,HOMBRE,LESIONADO,PEATON,NO,NO,0
19582,66787,66788,2019,0,0,-0.244435,-78.482091,PICHINCHA,QUITO,QUITO,RURAL,2019-07-05,16:10:00,16,VIERNES,5,JULIO,7,NO,CONDUCIR VEHICULO SUPERANDO LOS LIMITES MAXIMOS DE VELOCIDAD.,ESTRELLAMIENTOS,CAMION,0,0,0,1,0,0,0,0,0,0,0,0,0,1,28,HOMBRE,ILESO,CONDUCTOR PRESENTE,NO,NO,3
19583,66792,66793,2019,1,0,-0.315061,-78.558299,PICHINCHA,QUITO,QUITO,URBANA,2019-07-05,16:50:00,16,VIERNES,5,JULIO,7,NO,NO TRANSITAR POR LAS ACERAS O ZONAS DE SEGURIDAD DESTINADAS PARA EL EFECTO.,ATROPELLOS,MOTOCICLETA,0,0,0,0,0,0,0,0,1,0,0,0,0,1,16,MUJER,LESIONADO,PEATON,NO,NO,0
19584,66795,66796,2019,1,0,-0.109723,-78.496486,PICHINCHA,QUITO,QUITO,URBANA,2019-07-05,17:30:00,17,VIERNES,5,JULIO,7,NO,"NO RESPETAR LAS SENIALES REGLAMENTARIAS DE TRANSITO. (PARE, CEDA EL PASO, LUZ ROJA DEL SEMAFORO, ETC).",CHOQUE LATERAL,AUTOMOVIL,1,0,0,0,0,0,0,0,1,0,0,0,0,2,29,HOMBRE,LESIONADO,CONDUCTOR PRESENTE,NO,NO,0
19585,66802,66803,2019,1,0,-0.328239,-78.538128,PICHINCHA,QUITO,QUITO,URBANA,2019-07-05,19:00:00,19,VIERNES,5,JULIO,7,NO,CONDUCIR VEHICULO SUPERANDO LOS LIMITES MAXIMOS DE VELOCIDAD.,CHOQUE POSTERIOR,BUS,0,0,1,1,0,0,0,0,0,0,0,0,0,2,54,HOMBRE,LESIONADO,CONDUCTOR PRESENTE,NO,NO,0
19586,66807,66808,2019,1,0,-0.254686,-78.504316,PICHINCHA,QUITO,QUITO,URBANA,2019-07-05,20:30:00,20,VIERNES,5,JULIO,7,NO,NO MANTENER LA DISTANCIA PRUDENCIAL CON RESPECTO AL VEHICULO QUE LE ANTECEDE.,COLISION,AUTOMOVIL,2,0,0,1,0,0,0,0,0,0,0,0,0,3,52,HOMBRE,LESIONADO,CONDUCTOR PRESENTE,NO,NO,0
19587,66808,66809,2019,0,0,-0.292724,-78.476486,PICHINCHA,QUITO,CONOCOTO,RURAL,2019-07-05,20:30:00,20,VIERNES,5,JULIO,7,NO,NO GUARDAR LA DISTANCIA LATERAL MINIMA DE SEGURIDAD ENTRE VEHICULOS.,ROZAMIENTOS,AUTOMOVIL,2,0,0,0,0,0,0,0,0,0,0,0,0,2,46,MUJER,ILESO,CONDUCTOR PRESENTE,NO,NO,3
19588,66810,66811,2019,0,0,-0.211464,-78.419122,PICHINCHA,QUITO,TUMBACO,RURAL,2019-07-05,21:10:00,21,VIERNES,5,JULIO,7,NO,NO GUARDAR LA DISTANCIA LATERAL MINIMA DE SEGURIDAD ENTRE VEHICULOS.,CHOQUE LATERAL,AUTOMOVIL,2,0,0,0,0,0,0,0,0,0,0,0,0,2,43,HOMBRE,ILESO,CONDUCTOR PRESENTE,NO,NO,3
19589,66814,66815,2019,0,0,-0.161268,-78.495828,PICHINCHA,QUITO,QUITO,URBANA,2019-07-05,21:35:00,21,VIERNES,5,JULIO,7,NO,CONDUCIR VEHICULO SUPERANDO LOS LIMITES MAXIMOS DE VELOCIDAD.,ESTRELLAMIENTOS,AUTOMOVIL,1,0,0,0,0,0,0,0,0,0,0,0,0,1,25,MUJER,ILESO,CONDUCTOR PRESENTE,NO,NO,0
19590,66816,66817,2019,3,0,-0.188003,-78.491954,PICHINCHA,QUITO,QUITO,URBANA,2019-07-05,21:40:00,21,VIERNES,5,JULIO,7,NO,"CONDUCE BAJO LA INFLUENCIA DE ALCOHOL, SUSTANCIAS ESTUPEFACIENTES O PSICOTROPICAS Y/O MEDICAMENTOS.",CHOQUE LATERAL,CAMIONETA,0,0,0,0,2,0,0,0,0,0,0,0,0,2,28,HOMBRE,LESIONADO,CONDUCTOR PRESENTE,NO,NO,0
19591,66819,66820,2019,0,0,-0.245523,-78.522508,PICHINCHA,QUITO,QUITO,URBANA,2019-07-05,22:01:00,22,VIERNES,5,JULIO,7,NO,NO MANTENER LA DISTANCIA PRUDENCIAL CON RESPECTO AL VEHICULO QUE LE ANTECEDE.,CHOQUE POSTERIOR,MOTOCICLETA,1,0,0,0,0,0,0,0,1,0,0,0,0,2,26,HOMBRE,ILESO,CONDUCTOR PRESENTE,NO,NO,0
19592,66820,66821,2019,1,0,-0.166302,-78.486907,PICHINCHA,QUITO,QUITO,URBANA,2019-07-05,22:10:00,22,VIERNES,5,JULIO,7,NO,"CONDUCE BAJO LA INFLUENCIA DE ALCOHOL, SUSTANCIAS ESTUPEFACIENTES O PSICOTROPICAS Y/O MEDICAMENTOS.",COLISION,AUTOMOVIL,3,0,0,0,0,0,0,1,0,0,0,0,0,4,31,MUJER,LESIONADO,PASAJERO,NO,NO,0
19593,66826,66827,2019,0,0,-0.149641,-78.492776,PICHINCHA,QUITO,QUITO,URBANA,2019-07-06,00:01:00,0,SABADO,6,JULIO,7,NO,"CONDUCIR EN ESTADO DE SOMNOLENCIA O MALAS CONDICIONES FISICAS (SUENIO, CANSANCIO Y FATIGA).",OTROS,MOTOCICLETA,0,0,0,0,0,0,0,0,1,0,0,0,0,1,-1,NO IDENTIFICADO,NO IDENTIFICADO,CONDUCTOR AUSENTE,NO,NO,2
19594,66828,66829,2019,1,0,-0.128693,-78.471214,PICHINCHA,QUITO,QUITO,URBANA,2019-07-06,00:05:00,0,SABADO,6,JULIO,7,NO,"CONDUCIR EN ESTADO DE SOMNOLENCIA O MALAS CONDICIONES FISICAS (SUENIO, CANSANCIO Y FATIGA).",ESTRELLAMIENTOS,MOTOCICLETA,0,0,0,0,0,0,0,0,1,0,0,0,0,1,28,HOMBRE,LESIONADO,CONDUCTOR PRESENTE,NO,NO,0
19595,66839,66840,2019,0,0,-0.104824,-78.427376,PICHINCHA,QUITO,CALDERON (CARAPUNGO),RURAL,2019-07-06,04:15:00,4,SABADO,6,JULIO,7,NO,"CONDUCIR EN ESTADO DE SOMNOLENCIA O MALAS CONDICIONES FISICAS (SUENIO, CANSANCIO Y FATIGA).",ESTRELLAMIENTOS,AUTOMOVIL,1,0,0,0,0,0,0,0,0,0,0,0,0,1,-1,NO IDENTIFICADO,NO IDENTIFICADO,CONDUCTOR AUSENTE,NO,NO,2
19596,66841,66842,2019,1,0,-0.064731,-78.359662,PICHINCHA,QUITO,GUAYLLABAMBA,RURAL,2019-07-06,04:58:00,4,SABADO,6,JULIO,7,NO,"PEATON TRANSITA BAJO INFLUENCIA DE ALCOHOL, SUSTANCIAS ESTUPEFACIENTES O PSICOTROPICAS Y/O MEDICAMENTOS.",ATROPELLOS,FURGONETA,0,0,0,0,0,0,0,1,0,0,0,0,0,1,20,HOMBRE,LESIONADO,PEATON,NO,NO,3
19597,66853,66854,2019,0,1,0.023893,-78.873601,PICHINCHA,SAN MIGUEL DE LOS BANCOS,SAN MIGUEL DE LOS BANCOS,URBANA,2019-07-06,07:50:00,7,SABADO,6,JULIO,7,NO,DANIOS MECANICOS PREVISIBLES.,PERDIDA DE PISTA,NO IDENTIFICADO,0,0,0,0,0,0,0,0,0,1,0,0,0,1,35,MUJER,FALLECIDO,CONDUCTOR PRESENTE,NO,SI,0
19598,66857,66858,2019,1,0,-0.175517,-78.488397,PICHINCHA,QUITO,QUITO,URBANA,2019-07-06,10:10:00,10,SABADO,6,JULIO,7,NO,NO MANTENER LA DISTANCIA PRUDENCIAL CON RESPECTO AL VEHICULO QUE LE ANTECEDE.,CHOQUE POSTERIOR,BUS,0,0,2,0,0,0,0,0,0,0,0,0,0,2,54,HOMBRE,LESIONADO,PASAJERO,NO,NO,0
19599,66858,66859,2019,1,0,-0.151091,-78.484153,PICHINCHA,QUITO,QUITO,URBANA,2019-07-06,10:20:00,10,SABADO,6,JULIO,7,NO,NO TRANSITAR POR LAS ACERAS O ZONAS DE SEGURIDAD DESTINADAS PARA EL EFECTO.,ATROPELLOS,AUTOMOVIL,1,0,0,0,0,0,0,0,0,0,0,0,0,1,55,HOMBRE,LESIONADO,PEATON,NO,NO,0
19600,66861,66862,2019,0,0,-0.128659,-78.486392,PICHINCHA,QUITO,QUITO,URBANA,2019-07-06,11:30:00,11,SABADO,6,JULIO,7,NO,CONDUCIR VEHICULO SUPERANDO LOS LIMITES MAXIMOS DE VELOCIDAD.,ESTRELLAMIENTOS,AUTOMOVIL,2,0,0,0,0,0,0,0,0,0,0,0,0,2,69,HOMBRE,ILESO,CONDUCTOR PRESENTE,NO,NO,0
19601,66866,66867,2019,1,0,-0.128723,-78.481062,PICHINCHA,QUITO,QUITO,URBANA,2019-07-06,13:15:00,13,SABADO,6,JULIO,7,NO,NO TRANSITAR POR LAS ACERAS O ZONAS DE SEGURIDAD DESTINADAS PARA EL EFECTO.,ATROPELLOS,AUTOMOVIL,1,0,0,0,0,0,0,0,0,0,0,0,0,1,66,HOMBRE,LESIONADO,PEATON,NO,NO,0
19602,66873,66874,2019,1,0,-0.294537,-78.561111,PICHINCHA,QUITO,QUITO,URBANA,2019-07-06,15:40:00,15,SABADO,6,JULIO,7,NO,CONDUCIR VEHICULO SUPERANDO LOS LIMITES MAXIMOS DE VELOCIDAD.,ESTRELLAMIENTOS,CAMIONETA,0,0,0,0,1,0,0,0,0,1,0,0,0,2,27,HOMBRE,LESIONADO,PASAJERO,NO,NO,0
19603,66884,66885,2019,4,0,-0.232366,-78.503038,PICHINCHA,QUITO,QUITO,URBANA,2019-07-06,17:35:00,17,SABADO,6,JULIO,7,NO,NO GUARDAR LA DISTANCIA LATERAL MINIMA DE SEGURIDAD ENTRE VEHICULOS.,CHOQUE LATERAL,AUTOMOVIL,2,0,0,0,0,0,0,0,0,0,0,0,0,2,49,MUJER,LESIONADO,PASAJERO,NO,NO,0
19604,66893,66894,2019,1,0,-0.058134,-78.455701,PICHINCHA,QUITO,POMASQUI,URBANA,2019-07-06,19:50:00,19,SABADO,6,JULIO,7,NO,NO TRANSITAR POR LAS ACERAS O ZONAS DE SEGURIDAD DESTINADAS PARA EL EFECTO.,ATROPELLOS,AUTOMOVIL,1,0,0,0,0,0,0,0,0,0,0,0,0,1,78,MUJER,LESIONADO,PEATON,NO,SI,0
19605,66896,66897,2019,0,0,-0.249799,-78.531396,PICHINCHA,QUITO,QUITO,URBANA,2019-07-06,20:00:00,20,SABADO,6,JULIO,7,NO,"CONDUCIR DESATENTO A LAS CONDICIONES DE TRANSITO (CELULAR, PANTALLAS DE VIDEO, COMIDA, MAQUILLAJE O CUALQUIER OTRO ELEMENTO DISTRACTOR).",OTROS,AUTOMOVIL,1,0,0,0,0,0,0,0,0,0,0,0,0,1,-1,NO IDENTIFICADO,NO IDENTIFICADO,CONDUCTOR AUSENTE,NO,NO,2
19606,66910,66911,2019,0,0,-0.007423,-78.447961,PICHINCHA,QUITO,SAN ANTONIO (QUITO),RURAL,2019-07-06,22:20:00,22,SABADO,6,JULIO,7,NO,"CONDUCIR DESATENTO A LAS CONDICIONES DE TRANSITO (CELULAR, PANTALLAS DE VIDEO, COMIDA, MAQUILLAJE O CUALQUIER OTRO ELEMENTO DISTRACTOR).",ESTRELLAMIENTOS,AUTOMOVIL,1,0,0,0,0,0,0,1,0,0,0,0,0,2,-1,NO IDENTIFICADO,NO IDENTIFICADO,CONDUCTOR AUSENTE,NO,NO,2
19607,66914,66915,2019,0,0,-0.229787,-78.485515,PICHINCHA,QUITO,QUITO,URBANA,2019-07-06,23:00:00,23,SABADO,6,JULIO,7,NO,CONDUCIR VEHICULO SUPERANDO LOS LIMITES MAXIMOS DE VELOCIDAD.,VOLCAMIENTOS,AUTOMOVIL,1,0,0,0,0,0,0,0,0,0,0,0,0,1,-1,NO IDENTIFICADO,NO IDENTIFICADO,CONDUCTOR AUSENTE,NO,NO,2