,Unnamed: 0,ID,ANIO,LESIONADOS,FALLECIDOS,LATITUD_Y,LONGITUD_X,PROVINCIA,CANTON,PARROQUIA,ZONA,FECHA,HORA,PERIODO_2,DIA_1,DIA_2,MES_1,MES_2,FERIADO,CAUSA_PROBABLE,TIPO_DE_SINIESTRO,TIPO_DE_VEHICULO_1,AUTOMOVIL,BICICLETA,BUS,CAMION,CAMIONETA,EMERGENCIAS,ESPECIAL,FURGONETA,MOTOCICLETA,NO_IDENTIFICADO,SCOOTER_ELECTRICO,TRICIMOTO,VEHICULO_DEPORTIVO_UTILITARIO,SUMA_DE_VEHICULOS,EDAD_1,SEXO_1,CONDICION_1,PARTICIPANTE_1,CASCO_1,CINTURON_1,KMeans_Cluster
19664,67249,67250,2019,1,0,-0.280642,-78.559821,PICHINCHA,QUITO,QUITO,URBANA,2019-07-12,10:20:00,10,VIERNES,5,JULIO,7,NO,"CONDUCIR EN ESTADO DE SOMNOLENCIA O MALAS CONDICIONES FISICAS (SUENIO, CANSANCIO Y FATIGA).",OTROS,AUTOMOVIL,2,0,0,0,0,0,0,0,0,0,0,0,0,2,33,HOMBRE,LESIONADO,PEATON,NO,NO,0
19665,67251,67252,2019,1,0,-0.328479,-78.522294,PICHINCHA,QUITO,QUITO,URBANA,2019-07-12,11:30:00,11,VIERNES,5,JULIO,7,NO,NO MANTENER LA DISTANCIA PRUDENCIAL CON RESPECTO AL VEHICULO QUE LE ANTECEDE.,CHOQUE POSTERIOR,MOTOCICLETA,0,0,0,0,1,0,0,0,1,0,0,0,0,2,0,MUJER,LESIONADO,PASAJERO,SI,NO,0
19666,67253,67254,2019,0,0,-0.165285,-78.468255,PICHINCHA,QUITO,QUITO,URBANA,2019-07-12,11:40:00,11,VIERNES,5,JULIO,7,NO,NO MANTENER LA DISTANCIA PRUDENCIAL CON RESPECTO AL VEHICULO QUE LE ANTECEDE.,COLISION,AUTOMOVIL,3,0,0,0,0,0,0,0,0,1,0,0,0,4,61,MUJER,ILESO,PASAJERO,NO,NO,0
19667,67256,67257,2019,0,0,-0.204361,-78.484481,PICHINCHA,QUITO,QUITO,URBANA,2019-07-12,12:05:00,12,VIERNES,5,JULIO,7,NO,CONDUCIR VEHICULO SUPERANDO LOS LIMITES MAXIMOS DE VELOCIDAD.,CHOQUE LATERAL,AUTOMOVIL,2,0,0,0,0,0,0,0,0,0,0,0,0,2,38,MUJER,ILESO,CONDUCTOR PRESENTE,NO,NO,0
19668,67266,67267,2019,1,0,-0.355085,-78.422141,PICHINCHA,RUMINIAHUI,SANGOLQUI,URBANA,2019-07-12,14:48:00,14,VIERNES,5,JULIO,7,NO,NO TRANSITAR POR LAS ACERAS O ZONAS DE SEGURIDAD DESTINADAS PARA EL EFECTO.,ATROPELLOS,VEHICULO DEPORTIVO UTILITARIO,0,0,0,0,0,0,0,0,0,0,0,0,1,1,64,MUJER,LESIONADO,PEATON,NO,SI,0
19669,67270,67271,2019,1,0,-0.197114,-78.490513,PICHINCHA,QUITO,QUITO,URBANA,2019-07-12,16:33:00,16,VIERNES,5,JULIO,7,NO,NO CEDER EL DERECHO DE VIA O PREFERENCIA DE PASO A VEHICULOS.,CHOQUE LATERAL,AUTOMOVIL,2,0,0,0,0,0,0,0,0,0,0,0,0,2,27,HOMBRE,LESIONADO,CONDUCTOR PRESENTE,NO,NO,0
19670,67277,67278,2019,2,0,-0.087091,-78.485891,PICHINCHA,QUITO,QUITO,RURAL,2019-07-12,19:00:00,19,VIERNES,5,JULIO,7,NO,"CONDUCIR DESATENTO A LAS CONDICIONES DE TRANSITO (CELULAR, PANTALLAS DE VIDEO, COMIDA, MAQUILLAJE O CUALQUIER OTRO ELEMENTO DISTRACTOR).",CHOQUE LATERAL,CAMIONETA,1,0,0,0,2,0,0,0,0,0,0,0,0,3,43,HOMBRE,LESIONADO,CONDUCTOR PRESENTE,NO,SI,3
19671,67279,67280,2019,0,0,-0.117893,-78.358046,PICHINCHA,QUITO,TABABELA,RURAL,2019-07-12,19:00:00,19,VIERNES,5,JULIO,7,NO,NO MANTENER LA DISTANCIA PRUDENCIAL CON RESPECTO AL VEHICULO QUE LE ANTECEDE.,CHOQUE POSTERIOR,CAMION,1,0,0,1,0,0,0,0,0,0,0,0,0,2,22,HOMBRE,ILESO,CONDUCTOR PRESENTE,NO,NO,3
19672,67280,67281,2019,1,0,-0.224383,-78.496888,PICHINCHA,QUITO,QUITO,URBANA,2019-07-12,19:30:00,19,VIERNES,5,JULIO,7,NO,"CASO FORTUITO O FUERZA MAYOR (EXPLOSION DE NEUMATICO NUEVO, DERRUMBE, INUNDACION, CAIDA DE PUENTE, ARBOL, PRESENCIA INTEMPESTIVA E IMPREVISTA DE SEMOVIENTES EN LA VIA, ETC.).",ATROPELLOS,NO IDENTIFICADO,0,0,0,0,0,0,0,0,0,1,0,0,0,1,21,HOMBRE,LESIONADO,PEATON,NO,NO,0
19673,67283,67284,2019,0,0,-0.299621,-78.524243,PICHINCHA,QUITO,QUITO,URBANA,2019-07-12,21:00:00,21,VIERNES,5,JULIO,7,NO,"PRESENCIA DE AGENTES EXTERNOS EN LA VIA (AGUA, ACEITE, PIEDRA, LASTRE, ESCOMBROS, MADEROS, ETC.).",OTROS,CAMIONETA,0,0,0,0,1,0,0,0,0,0,0,0,0,1,-1,NO IDENTIFICADO,NO IDENTIFICADO,CONDUCTOR AUSENTE,NO,NO,2
19674,67285,67286,2019,1,0,-0.198145,-78.473543,PICHINCHA,QUITO,QUITO,URBANA,2019-07-12,21:02:00,21,VIERNES,5,JULIO,7,NO,CONDUCIR EN SENTIDO CONTRARIO A LA VIA NORMAL DE CIRCULACION.,CHOQUE FRONTAL,AUTOMOVIL,2,0,0,0,0,0,0,0,0,0,0,0,0,2,50,HOMBRE,LESIONADO,CONDUCTOR PRESENTE,NO,NO,0
19675,67295,67296,2019,1,0,-0.163331,-78.489608,PICHINCHA,QUITO,QUITO,URBANA,2019-07-12,23:55:00,23,VIERNES,5,JULIO,7,NO,"CONDUCE BAJO LA INFLUENCIA DE ALCOHOL, SUSTANCIAS ESTUPEFACIENTES O PSICOTROPICAS Y/O MEDICAMENTOS.",ATROPELLOS,MOTOCICLETA,1,0,0,0,0,0,0,0,1,0,0,0,0,2,28,HOMBRE,LESIONADO,PEATON,NO,NO,0
19676,67296,67297,2019,1,0,-0.233682,-78.523438,PICHINCHA,QUITO,QUITO,URBANA,2019-07-13,00:30:00,0,SABADO,6,JULIO,7,NO,"CASO FORTUITO O FUERZA MAYOR (EXPLOSION DE NEUMATICO NUEVO, DERRUMBE, INUNDACION, CAIDA DE PUENTE, ARBOL, PRESENCIA INTEMPESTIVA E IMPREVISTA DE SEMOVIENTES EN LA VIA, ETC.).",PERDIDA DE CARRIL,MOTOCICLETA,0,0,0,0,0,0,0,0,1,0,0,0,0,1,26,HOMBRE,LESIONADO,PASAJERO,NO,NO,0
19677,67299,67300,2019,0,0,-0.218421,-78.388507,PICHINCHA,QUITO,TUMBACO,RURAL,2019-07-13,01:10:00,1,SABADO,6,JULIO,7,NO,CONDUCIR VEHICULO SUPERANDO LOS LIMITES MAXIMOS DE VELOCIDAD.,ESTRELLAMIENTOS,CAMIONETA,0,0,0,0,1,0,0,0,0,0,0,0,0,1,-1,NO IDENTIFICADO,NO IDENTIFICADO,CONDUCTOR AUSENTE,NO,NO,2
19678,67309,67310,2019,0,1,-0.295459,-78.528204,PICHINCHA,QUITO,QUITO,URBANA,2019-07-13,02:35:00,2,SABADO,6,JULIO,7,NO,"NO RESPETAR LAS SENIALES REGLAMENTARIAS DE TRANSITO. (PARE, CEDA EL PASO, LUZ ROJA DEL SEMAFORO, ETC).",ATROPELLOS,NO IDENTIFICADO,0,0,0,0,0,0,0,0,0,1,0,0,0,1,22,HOMBRE,FALLECIDO,PEATON,NO,NO,0
19679,67311,67312,2019,2,0,-0.099781,-78.445765,PICHINCHA,QUITO,CALDERON (CARAPUNGO),RURAL,2019-07-13,03:20:00,3,SABADO,6,JULIO,7,NO,DANIOS MECANICOS PREVISIBLES.,ESTRELLAMIENTOS,MOTOCICLETA,0,0,0,0,0,0,0,0,1,0,0,0,0,1,32,MUJER,LESIONADO,PASAJERO,NO,NO,3
19680,67317,67318,2019,0,0,-0.128645,-78.487494,PICHINCHA,QUITO,QUITO,URBANA,2019-07-13,04:17:00,4,SABADO,6,JULIO,7,NO,CONDUCIR VEHICULO SUPERANDO LOS LIMITES MAXIMOS DE VELOCIDAD.,OTROS,AUTOMOVIL,1,0,0,0,0,0,0,0,0,0,0,0,0,1,-1,NO IDENTIFICADO,NO IDENTIFICADO,CONDUCTOR AUSENTE,NO,NO,2
19681,67321,67322,2019,0,0,-0.187687,-78.487604,PICHINCHA,QUITO,QUITO,URBANA,2019-07-13,05:30:00,5,SABADO,6,JULIO,7,NO,"CASO FORTUITO O FUERZA MAYOR (EXPLOSION DE NEUMATICO NUEVO, DERRUMBE, INUNDACION, CAIDA DE PUENTE, ARBOL, PRESENCIA INTEMPESTIVA E IMPREVISTA DE SEMOVIENTES EN LA VIA, ETC.).",OTROS,MOTOCICLETA,0,0,0,0,0,0,0,0,1,0,0,0,0,1,-1,NO IDENTIFICADO,NO IDENTIFICADO,CONDUCTOR AUSENTE,NO,NO,2
19682,67322,67323,2019,1,0,-0.337955,-78.575296,PICHINCHA,QUITO,QUITO,URBANA,2019-07-13,05:30:00,5,SABADO,6,JULIO,7,NO,CONDUCIR VEHICULO SUPERANDO LOS LIMITES MAXIMOS DE VELOCIDAD.,ESTRELLAMIENTOS,CAMIONETA,0,0,0,0,1,0,0,0,0,1,0,0,0,2,26,HOMBRE,LESIONADO,PASAJERO,NO,NO,0
19683,67325,67326,2019,0,0,-0.334331,-78.548283,PICHINCHA,QUITO,QUITO,URBANA,2019-07-13,06:00:00,6,SABADO,6,JULIO,7,NO,CONDUCIR VEHICULO SUPERANDO LOS LIMITES MAXIMOS DE VELOCIDAD.,OTROS,MOTOCICLETA,0,0,0,0,0,0,0,0,1,0,0,0,0,1,-1,NO IDENTIFICADO,NO IDENTIFICADO,CONDUCTOR AUSENTE,NO,NO,2
19684,67326,67327,2019,0,0,-0.334301,-78.548283,PICHINCHA,QUITO,QUITO,URBANA,2019-07-13,06:20:00,6,SABADO,6,JULIO,7,NO,CONDUCIR VEHICULO SUPERANDO LOS LIMITES MAXIMOS DE VELOCIDAD.,OTROS,MOTOCICLETA,0,0,0,0,0,0,0,0,1,0,0,0,0,1,-1,NO IDENTIFICADO,NO IDENTIFICADO,CONDUCTOR AUSENTE,NO,NO,2
19685,67328,67329,2019,1,0,-0.026303,-78.258365,PICHINCHA,CAYAMBE,OTON,RURAL,2019-07-13,07:40:00,7,SABADO,6,JULIO,7,NO,"CONDUCIR DESATENTO A LAS CONDICIONES DE TRANSITO (CELULAR, PANTALLAS DE VIDEO, COMIDA, MAQUILLAJE O CUALQUIER OTRO ELEMENTO DISTRACTOR).",CHOQUE LATERAL,MOTOCICLETA,1,0,0,0,0,0,0,0,1,0,0,0,0,2,33,HOMBRE,LESIONADO,CONDUCTOR PRESENTE,NO,SI,3
19686,67333,67334,2019,1,0,-0.280588,-78.533461,PICHINCHA,QUITO,QUITO,URBANA,2019-07-13,08:38:00,8,SABADO,6,JULIO,7,NO,CONDUCIR VEHICULO SUPERANDO LOS LIMITES MAXIMOS DE VELOCIDAD.,CAIDA DE PASAJERO,NO IDENTIFICADO,0,0,0,0,0,0,0,0,0,1,0,0,0,1,28,MUJER,LESIONADO,PASAJERO,NO,NO,0
19687,67341,67342,2019,0,0,-0.276267,-78.543141,PICHINCHA,QUITO,QUITO,URBANA,2019-07-13,12:00:00,12,SABADO,6,JULIO,7,NO,"CONDUCIR DESATENTO A LAS CONDICIONES DE TRANSITO (CELULAR, PANTALLAS DE VIDEO, COMIDA, MAQUILLAJE O CUALQUIER OTRO ELEMENTO DISTRACTOR).",CHOQUE LATERAL,MOTOCICLETA,0,0,0,0,0,0,0,0,1,1,0,0,0,2,20,HOMBRE,ILESO,PASAJERO,NO,NO,0
19688,67343,67344,2019,0,0,-0.335078,-78.552148,PICHINCHA,QUITO,QUITO,URBANA,2019-07-13,14:00:00,14,SABADO,6,JULIO,7,NO,"NO RESPETAR LAS SENIALES REGLAMENTARIAS DE TRANSITO. (PARE, CEDA EL PASO, LUZ ROJA DEL SEMAFORO, ETC).",CHOQUE LATERAL,BUS,0,0,1,0,1,0,0,0,0,0,0,0,0,2,36,HOMBRE,ILESO,CONDUCTOR PRESENTE,NO,NO,0
19689,67346,67347,2019,0,0,-0.352902,-78.555201,PICHINCHA,QUITO,QUITO,URBANA,2019-07-13,14:30:00,14,SABADO,6,JULIO,7,NO,CONDUCIR VEHICULO SUPERANDO LOS LIMITES MAXIMOS DE VELOCIDAD.,PERDIDA DE CARRIL,CAMIONETA,0,0,0,0,1,0,0,0,0,0,0,0,0,1,-1,NO IDENTIFICADO,NO IDENTIFICADO,CONDUCTOR AUSENTE,NO,NO,2
19690,67349,67350,2019,1,0,-0.266174,-78.552026,PICHINCHA,QUITO,QUITO,URBANA,2019-07-13,15:31:00,15,SABADO,6,JULIO,7,NO,BAJARSE O SUBIRSE DE VEHICULOS EN MOVIMIENTO SIN TOMAR LAS PRECAUCIONES DEBIDAS.,CAIDA DE PASAJERO,BUS,0,0,1,0,0,0,0,0,0,0,0,0,0,1,86,HOMBRE,LESIONADO,PASAJERO,NO,NO,0
19691,67351,67352,2019,1,0,-0.271448,-78.551758,PICHINCHA,QUITO,QUITO,URBANA,2019-07-13,15:56:00,15,SABADO,6,JULIO,7,NO,CONDUCIR VEHICULO SUPERANDO LOS LIMITES MAXIMOS DE VELOCIDAD.,ATROPELLOS,AUTOMOVIL,1,0,0,0,0,0,0,0,0,1,0,0,0,2,25,HOMBRE,LESIONADO,PEATON,NO,NO,0
19692,67358,67359,2019,0,0,-0.253071,-78.509277,PICHINCHA,QUITO,QUITO,URBANA,2019-07-13,18:35:00,18,SABADO,6,JULIO,7,NO,NO CEDER EL DERECHO DE VIA O PREFERENCIA DE PASO A VEHICULOS.,CHOQUE LATERAL,AUTOMOVIL,1,0,0,0,0,0,0,0,0,1,0,0,0,2,37,HOMBRE,ILESO,CONDUCTOR PRESENTE,NO,NO,0
19693,67380,67381,2019,0,0,-0.315475,-78.548577,PICHINCHA,QUITO,QUITO,URBANA,2019-07-14,00:00:00,0,DOMINGO,7,JULIO,7,NO,CONDUCIR VEHICULO SUPERANDO LOS LIMITES MAXIMOS DE VELOCIDAD.,ESTRELLAMIENTOS,MOTOCICLETA,0,0,0,0,0,0,0,0,1,0,0,0,0,1,-1,NO IDENTIFICADO,NO IDENTIFICADO,CONDUCTOR AUSENTE,NO,NO,2
19694,67388,67389,2019,1,0,-0.183795,-78.495092,PICHINCHA,QUITO,QUITO,URBANA,2019-07-14,01:22:00,1,DOMINGO,7,JULIO,7,NO,CONDUCIR VEHICULO SUPERANDO LOS LIMITES MAXIMOS DE VELOCIDAD.,ESTRELLAMIENTOS,AUTOMOVIL,1,0,0,0,0,0,0,0,0,0,0,0,0,1,35,HOMBRE,LESIONADO,PASAJERO,NO,NO,0
19695,67392,67393,2019,0,0,-0.296879,-78.552792,PICHINCHA,QUITO,QUITO,URBANA,2019-07-14,01:40:00,1,DOMINGO,7,JULIO,7,NO,"CONDUCE BAJO LA INFLUENCIA DE ALCOHOL, SUSTANCIAS ESTUPEFACIENTES O PSICOTROPICAS Y/O MEDICAMENTOS.",COLISION,AUTOMOVIL,2,0,0,0,0,0,0,0,0,1,0,0,0,3,30,HOMBRE,ILESO,CONDUCTOR PRESENTE,NO,NO,0
19696,67395,67396,2019,0,0,-0.207346,-78.487093,PICHINCHA,QUITO,QUITO,URBANA,2019-07-14,02:15:00,2,DOMINGO,7,JULIO,7,NO,"CONDUCE BAJO LA INFLUENCIA DE ALCOHOL, SUSTANCIAS ESTUPEFACIENTES O PSICOTROPICAS Y/O MEDICAMENTOS.",CHOQUE LATERAL,AUTOMOVIL,2,0,0,0,0,0,0,0,0,0,0,0,0,2,22,HOMBRE,ILESO,CONDUCTOR PRESENTE,NO,NO,0
19697,67396,67397,2019,0,0,-0.297762,-78.550301,PICHINCHA,QUITO,QUITO,URBANA,2019-07-14,02:20:00,2,DOMINGO,7,JULIO,7,NO,"CONDUCE BAJO LA INFLUENCIA DE ALCOHOL, SUSTANCIAS ESTUPEFACIENTES O PSICOTROPICAS Y/O MEDICAMENTOS.",CHOQUE LATERAL,AUTOMOVIL,2,0,0,0,0,0,0,0,0,0,0,0,0,2,38,MUJER,ILESO,CONDUCTOR PRESENTE,NO,NO,0
19698,67398,67399,2019,2,0,-0.449411,-78.585734,PICHINCHA,MEJIA,ALOAG,RURAL,2019-07-14,03:00:00,3,DOMINGO,7,JULIO,7,NO,"CONDUCIR DESATENTO A LAS CONDICIONES DE TRANSITO (CELULAR, PANTALLAS DE VIDEO, COMIDA, MAQUILLAJE O CUALQUIER OTRO ELEMENTO DISTRACTOR).",CHOQUE POSTERIOR,CAMIONETA,0,0,0,0,3,0,0,0,0,0,0,0,0,3,31,HOMBRE,LESIONADO,CONDUCTOR PRESENTE,NO,SI,3
19699,67399,67400,2019,0,0,-0.199886,-78.500774,PICHINCHA,QUITO,QUITO,URBANA,2019-07-14,03:10:00,3,DOMINGO,7,JULIO,7,NO,CONDUCIR VEHICULO SUPERANDO LOS LIMITES MAXIMOS DE VELOCIDAD.,ESTRELLAMIENTOS,AUTOMOVIL,1,0,0,0,0,0,0,0,0,0,0,0,0,1,-1,NO IDENTIFICADO,NO IDENTIFICADO,CONDUCTOR AUSENTE,NO,NO,2
19700,67400,67401,2019,0,0,-0.115548,-78.474521,PICHINCHA,QUITO,QUITO,URBANA,2019-07-14,03:30:00,3,DOMINGO,7,JULIO,7,NO,CONDUCIR VEHICULO SUPERANDO LOS LIMITES MAXIMOS DE VELOCIDAD.,ESTRELLAMIENTOS,AUTOMOVIL,1,0,0,0,0,0,0,0,0,0,0,0,0,1,-1,NO IDENTIFICADO,NO IDENTIFICADO,CONDUCTOR AUSENTE,NO,NO,2
19701,67404,67405,2019,0,0,-0.165769,-78.475508,PICHINCHA,QUITO,QUITO,URBANA,2019-07-14,03:45:00,3,DOMINGO,7,JULIO,7,NO,CONDUCIR VEHICULO SUPERANDO LOS LIMITES MAXIMOS DE VELOCIDAD.,CHOQUE POSTERIOR,AUTOMOVIL,3,0,0,0,0,0,0,0,0,0,0,0,0,3,37,HOMBRE,ILESO,CONDUCTOR PRESENTE,NO,NO,0
19702,67411,67412,2019,1,0,-0.292724,-78.476486,PICHINCHA,QUITO,CONOCOTO,RURAL,2019-07-14,04:45:00,4,DOMINGO,7,JULIO,7,NO,"CONDUCE BAJO LA INFLUENCIA DE ALCOHOL, SUSTANCIAS ESTUPEFACIENTES O PSICOTROPICAS Y/O MEDICAMENTOS.",CHOQUE FRONTAL,CAMIONETA,1,0,0,0,1,0,0,0,0,0,0,0,0,2,63,HOMBRE,LESIONADO,CONDUCTOR PRESENTE,NO,NO,3
19703,67412,67413,2019,0,1,-0.329422,-78.387293,PICHINCHA,QUITO,PINTAG,URBANA,2019-07-14,04:45:00,4,DOMINGO,7,JULIO,7,NO,"CONDUCIR DESATENTO A LAS CONDICIONES DE TRANSITO (CELULAR, PANTALLAS DE VIDEO, COMIDA, MAQUILLAJE O CUALQUIER OTRO ELEMENTO DISTRACTOR).",CHOQUE FRONTAL,MOTOCICLETA,0,0,0,0,0,0,0,0,1,0,0,0,1,2,30,HOMBRE,FALLECIDO,CONDUCTOR PRESENTE,NO,SI,0
19704,67418,67419,2019,0,0,-0.061551,-78.456569,PICHINCHA,QUITO,POMASQUI,RURAL,2019-07-14,06:30:00,6,DOMINGO,7,JULIO,7,NO,CONDUCIR VEHICULO SUPERANDO LOS LIMITES MAXIMOS DE VELOCIDAD.,PERDIDA DE CARRIL,AUTOMOVIL,1,0,0,0,0,0,0,0,0,0,0,0,0,1,28,HOMBRE,ILESO,CONDUCTOR PRESENTE,NO,SI,3
19705,67419,67420,2019,0,0,-0.105411,-78.499867,PICHINCHA,QUITO,QUITO,URBANA,2019-07-14,07:00:00,7,DOMINGO,7,JULIO,7,NO,"FALLA MECANICA EN LOS SISTEMAS Y/O NEUMATICOS (SISTEMA DE FRENOS, DIRECCION, ELECTRONICO O MECANICO).",OTROS,AUTOMOVIL,1,0,0,0,0,0,0,0,0,0,0,0,0,1,-1,NO IDENTIFICADO,NO IDENTIFICADO,CONDUCTOR AUSENTE,NO,NO,2
19706,67425,67426,2019,0,0,-0.324322,-78.562536,PICHINCHA,QUITO,QUITO,URBANA,2019-07-14,08:30:00,8,DOMINGO,7,JULIO,7,NO,NO GUARDAR LA DISTANCIA LATERAL MINIMA DE SEGURIDAD ENTRE VEHICULOS.,CHOQUE LATERAL,AUTOMOVIL,1,0,0,0,0,0,0,0,0,1,0,0,0,2,-1,NO IDENTIFICADO,NO IDENTIFICADO,CONDUCTOR AUSENTE,NO,NO,2
19707,67431,67432,2019,1,0,-0.201311,-78.499601,PICHINCHA,QUITO,QUITO,URBANA,2019-07-14,10:00:00,10,DOMINGO,7,JULIO,7,NO,NO TRANSITAR POR LAS ACERAS O ZONAS DE SEGURIDAD DESTINADAS PARA EL EFECTO.,ATROPELLOS,AUTOMOVIL,1,0,0,0,0,0,0,0,0,0,0,0,0,1,77,MUJER,LESIONADO,PEATON,NO,NO,0
19708,67440,67441,2019,25,0,-0.175534,-78.488304,PICHINCHA,QUITO,QUITO,URBANA,2019-07-14,12:50:00,12,DOMINGO,7,JULIO,7,NO,"FALLA MECANICA EN LOS SISTEMAS Y/O NEUMATICOS (SISTEMA DE FRENOS, DIRECCION, ELECTRONICO O MECANICO).",ATROPELLOS,BUS,0,0,1,0,0,0,0,0,0,0,0,0,0,1,11,HOMBRE,LESIONADO,PASAJERO,NO,NO,0
19709,67448,67449,2019,0,0,-0.156561,-78.439725,PICHINCHA,QUITO,NAYON,RURAL,2019-07-14,15:50:00,15,DOMINGO,7,JULIO,7,NO,"CONDUCIR DESATENTO A LAS CONDICIONES DE TRANSITO (CELULAR, PANTALLAS DE VIDEO, COMIDA, MAQUILLAJE O CUALQUIER OTRO ELEMENTO DISTRACTOR).",ESTRELLAMIENTOS,AUTOMOVIL,1,0,0,0,1,0,0,0,0,0,0,0,0,2,42,HOMBRE,ILESO,CONDUCTOR PRESENTE,NO,NO,3
19710,67449,67450,2019,0,0,-0.328013,-78.542751,PICHINCHA,QUITO,QUITO,URBANA,2019-07-14,16:00:00,16,DOMINGO,7,JULIO,7,NO,CONDUCIR VEHICULO SUPERANDO LOS LIMITES MAXIMOS DE VELOCIDAD.,OTROS,AUTOMOVIL,1,0,0,0,0,0,0,0,0,1,0,0,0,2,39,HOMBRE,ILESO,CONDUCTOR PRESENTE,NO,NO,0
19711,67450,67451,2019,0,0,-0.328239,-78.538128,PICHINCHA,QUITO,QUITO,URBANA,2019-07-14,16:45:00,16,DOMINGO,7,JULIO,7,NO,"NO RESPETAR LAS SENIALES REGLAMENTARIAS DE TRANSITO. (PARE, CEDA EL PASO, LUZ ROJA DEL SEMAFORO, ETC).",CHOQUE FRONTAL,AUTOMOVIL,1,0,0,0,0,0,0,0,0,1,0,0,0,2,44,HOMBRE,ILESO,CONDUCTOR PRESENTE,NO,NO,0
19712,67451,67452,2019,1,0,-0.249709,-78.541726,PICHINCHA,QUITO,QUITO,URBANA,2019-07-14,16:47:00,16,DOMINGO,7,JULIO,7,NO,CONDUCIR VEHICULO SUPERANDO LOS LIMITES MAXIMOS DE VELOCIDAD.,ESTRELLAMIENTOS,AUTOMOVIL,3,0,0,0,0,0,0,0,0,0,0,0,0,3,40,MUJER,LESIONADO,PEATON,NO,NO,0
19713,67452,67453,2019,0,0,-0.215264,-78.457051,PICHINCHA,QUITO,CUMBAYA,RURAL,2019-07-14,17:20:00,17,DOMINGO,7,JULIO,7,NO,"CONDICIONES AMBIENTALES Y/O ATMOSFERICAS (NIEBLA, NEBLINA, GRANIZO, LLUVIA).",COLISION,CAMION,2,0,0,1,0,0,0,0,0,0,0,0,0,3,34,HOMBRE,ILESO,CONDUCTOR PRESENTE,NO,NO,3
19714,67453,67454,2019,0,0,-0.212824,-78.402686,PICHINCHA,QUITO,TUMBACO,RURAL,2019-07-14,17:40:00,17,DOMINGO,7,JULIO,7,NO,"CONDICIONES AMBIENTALES Y/O ATMOSFERICAS (NIEBLA, NEBLINA, GRANIZO, LLUVIA).",ESTRELLAMIENTOS,AUTOMOVIL,1,0,0,0,0,0,0,0,0,0,0,0,0,1,10,MUJER,ILESO,PASAJERO,NO,NO,3
19715,67455,67456,2019,0,0,-0.206438,-78.370261,PICHINCHA,QUITO,PUEMBO,RURAL,2019-07-14,17:50:00,17,DOMINGO,7,JULIO,7,NO,"CONDICIONES AMBIENTALES Y/O ATMOSFERICAS (NIEBLA, NEBLINA, GRANIZO, LLUVIA).",CHOQUE FRONTAL,CAMIONETA,1,0,0,0,1,0,0,0,0,0,0,0,0,2,57,HOMBRE,ILESO,CONDUCTOR PRESENTE,NO,NO,3
19716,67474,67475,2019,0,0,-0.170676,-78.476424,PICHINCHA,QUITO,QUITO,URBANA,2019-07-14,23:40:00,23,DOMINGO,7,JULIO,7,NO,"CONDUCE BAJO LA INFLUENCIA DE ALCOHOL, SUSTANCIAS ESTUPEFACIENTES O PSICOTROPICAS Y/O MEDICAMENTOS.",CHOQUE LATERAL,AUTOMOVIL,2,0,0,0,0,0,0,0,0,0,0,0,0,2,44,HOMBRE,ILESO,CONDUCTOR PRESENTE,NO,NO,0
19717,67480,67481,2019,0,0,-0.105373,-78.462381,PICHINCHA,QUITO,QUITO,RURAL,2019-07-15,00:40:00,0,LUNES,1,JULIO,7,NO,"PRESENCIA DE AGENTES EXTERNOS EN LA VIA (AGUA, ACEITE, PIEDRA, LASTRE, ESCOMBROS, MADEROS, ETC.).",ESTRELLAMIENTOS,AUTOMOVIL,1,0,0,0,0,0,0,0,0,0,0,0,0,1,35,HOMBRE,ILESO,CONDUCTOR PRESENTE,NO,NO,3
19718,67489,67490,2019,1,0,-0.236662,-78.508294,PICHINCHA,QUITO,QUITO,URBANA,2019-07-15,06:00:00,6,LUNES,1,JULIO,7,NO,CONDUCIR VEHICULO SUPERANDO LOS LIMITES MAXIMOS DE VELOCIDAD.,VOLCAMIENTOS,BUS,0,0,1,0,0,0,0,0,0,0,0,0,0,1,34,MUJER,LESIONADO,PASAJERO,NO,NO,0
19719,67504,67505,2019,1,0,-0.204283,-78.505631,PICHINCHA,QUITO,QUITO,URBANA,2019-07-15,10:25:00,10,LUNES,1,JULIO,7,NO,"NO RESPETAR LAS SENIALES REGLAMENTARIAS DE TRANSITO. (PARE, CEDA EL PASO, LUZ ROJA DEL SEMAFORO, ETC).",CHOQUE LATERAL,AUTOMOVIL,1,0,1,0,1,0,0,0,0,0,0,0,0,3,0,MUJER,LESIONADO,PASAJERO,NO,NO,0
19720,67505,67506,2019,0,0,-0.195942,-78.595033,PICHINCHA,QUITO,LLOA,URBANA,2019-07-15,10:43:00,10,LUNES,1,JULIO,7,NO,CONDUCIR VEHICULO SUPERANDO LOS LIMITES MAXIMOS DE VELOCIDAD.,CHOQUE LATERAL,AUTOMOVIL,2,0,0,0,0,0,0,0,0,0,0,0,0,2,36,HOMBRE,ILESO,CONDUCTOR PRESENTE,NO,NO,0
19721,67508,67509,2019,1,0,-0.243671,-78.485361,PICHINCHA,QUITO,QUITO,URBANA,2019-07-15,11:10:00,11,LUNES,1,JULIO,7,NO,CONDUCIR VEHICULO SUPERANDO LOS LIMITES MAXIMOS DE VELOCIDAD.,CHOQUE LATERAL,MOTOCICLETA,1,0,0,0,0,0,0,0,1,0,0,0,0,2,52,HOMBRE,LESIONADO,CONDUCTOR PRESENTE,SI,NO,0