,Unnamed: 0,ID,ANIO,LESIONADOS,FALLECIDOS,LATITUD_Y,LONGITUD_X,PROVINCIA,CANTON,PARROQUIA,ZONA,FECHA,HORA,PERIODO_2,DIA_1,DIA_2,MES_1,MES_2,FERIADO,CAUSA_PROBABLE,TIPO_DE_SINIESTRO,TIPO_DE_VEHICULO_1,AUTOMOVIL,BICICLETA,BUS,CAMION,CAMIONETA,EMERGENCIAS,ESPECIAL,FURGONETA,MOTOCICLETA,NO_IDENTIFICADO,SCOOTER_ELECTRICO,TRICIMOTO,VEHICULO_DEPORTIVO_UTILITARIO,SUMA_DE_VEHICULOS,EDAD_1,SEXO_1,CONDICION_1,PARTICIPANTE_1,CASCO_1,CINTURON_1,KMeans_Cluster
19722,67513,67514,2019,0,0,-0.283576,-78.535379,PICHINCHA,QUITO,QUITO,URBANA,2019-07-15,11:45:00,11,LUNES,1,JULIO,7,NO,"CASO FORTUITO O FUERZA MAYOR (EXPLOSION DE NEUMATICO NUEVO, DERRUMBE, INUNDACION, CAIDA DE PUENTE, ARBOL, PRESENCIA INTEMPESTIVA E IMPREVISTA DE SEMOVIENTES EN LA VIA, ETC.).",OTROS,MOTOCICLETA,0,0,0,0,0,0,0,0,1,0,0,0,0,1,-1,NO IDENTIFICADO,NO IDENTIFICADO,CONDUCTOR AUSENTE,NO,NO,2
19723,67520,67521,2019,0,0,-0.118095,-78.455421,PICHINCHA,QUITO,QUITO,RURAL,2019-07-15,13:40:00,13,LUNES,1,JULIO,7,NO,"FALLA MECANICA EN LOS SISTEMAS Y/O NEUMATICOS (SISTEMA DE FRENOS, DIRECCION, ELECTRONICO O MECANICO).",ESTRELLAMIENTOS,CAMIONETA,0,0,0,0,1,0,0,0,0,0,0,0,0,1,82,HOMBRE,ILESO,CONDUCTOR PRESENTE,NO,NO,3
19724,67523,67524,2019,0,0,-0.189087,-78.442793,PICHINCHA,QUITO,NAYON,RURAL,2019-07-15,14:30:00,14,LUNES,1,JULIO,7,NO,"FALLA MECANICA EN LOS SISTEMAS Y/O NEUMATICOS (SISTEMA DE FRENOS, DIRECCION, ELECTRONICO O MECANICO).",CHOQUE LATERAL,CAMIONETA,1,0,0,0,1,0,0,0,0,0,0,0,0,2,33,HOMBRE,ILESO,CONDUCTOR PRESENTE,NO,NO,3
19725,67525,67526,2019,2,0,-0.171258,-78.486751,PICHINCHA,QUITO,QUITO,URBANA,2019-07-15,15:00:00,15,LUNES,1,JULIO,7,NO,PEATON QUE CRUZA LA CALZADA SIN RESPETAR LA SENIALIZACION EXISTENTE (SEMAFOROS O SENIALES MANUALES).,ATROPELLOS,AUTOMOVIL,1,0,0,0,0,0,0,0,0,0,0,0,0,1,62,HOMBRE,LESIONADO,PEATON,NO,NO,0
19726,67528,67529,2019,1,0,-0.191497,-78.443053,PICHINCHA,QUITO,NAYON,RURAL,2019-07-15,15:35:00,15,LUNES,1,JULIO,7,NO,"FALLA MECANICA EN LOS SISTEMAS Y/O NEUMATICOS (SISTEMA DE FRENOS, DIRECCION, ELECTRONICO O MECANICO).",CHOQUE FRONTAL,AUTOMOVIL,1,0,0,0,0,0,0,0,1,0,0,0,0,2,38,HOMBRE,LESIONADO,CONDUCTOR PRESENTE,NO,NO,3
19727,67531,67532,2019,0,0,-0.148497,-78.498391,PICHINCHA,QUITO,QUITO,URBANA,2019-07-15,17:00:00,17,LUNES,1,JULIO,7,NO,NO MANTENER LA DISTANCIA PRUDENCIAL CON RESPECTO AL VEHICULO QUE LE ANTECEDE.,COLISION,AUTOMOVIL,3,0,1,0,1,0,0,0,0,0,0,0,0,5,29,HOMBRE,ILESO,CONDUCTOR PRESENTE,NO,NO,0
19728,67532,67533,2019,1,0,-0.112189,-78.504802,PICHINCHA,QUITO,QUITO,URBANA,2019-07-15,17:22:00,17,LUNES,1,JULIO,7,NO,NO GUARDAR LA DISTANCIA LATERAL MINIMA DE SEGURIDAD ENTRE VEHICULOS.,CHOQUE LATERAL,CAMIONETA,0,0,0,0,1,0,0,0,1,0,0,0,0,2,34,HOMBRE,LESIONADO,CONDUCTOR PRESENTE,NO,NO,0
19729,67533,67534,2019,0,0,-0.098002,-78.474077,PICHINCHA,QUITO,QUITO,URBANA,2019-07-15,17:40:00,17,LUNES,1,JULIO,7,NO,CONDUCIR VEHICULO SUPERANDO LOS LIMITES MAXIMOS DE VELOCIDAD.,ESTRELLAMIENTOS,AUTOMOVIL,3,0,0,0,0,0,0,0,0,0,0,0,0,3,52,HOMBRE,ILESO,CONDUCTOR PRESENTE,NO,NO,0
19730,67534,67535,2019,1,0,-0.104692,-78.296994,PICHINCHA,QUITO,EL QUINCHE,RURAL,2019-07-15,17:45:00,17,LUNES,1,JULIO,7,NO,"CONDUCIR DESATENTO A LAS CONDICIONES DE TRANSITO (CELULAR, PANTALLAS DE VIDEO, COMIDA, MAQUILLAJE O CUALQUIER OTRO ELEMENTO DISTRACTOR).",ATROPELLOS,CAMIONETA,0,0,0,0,1,0,0,0,0,0,0,0,0,1,77,HOMBRE,LESIONADO,PEATON,NO,SI,3
19731,67543,67544,2019,1,0,-0.244474,-78.518257,PICHINCHA,QUITO,QUITO,URBANA,2019-07-15,20:15:00,20,LUNES,1,JULIO,7,NO,NO CEDER EL DERECHO DE VIA O PREFERENCIA DE PASO AL PEATON.,ATROPELLOS,MOTOCICLETA,0,0,0,0,0,0,0,0,1,0,0,0,0,1,9,HOMBRE,LESIONADO,PASAJERO,NO,NO,0
19732,67546,67547,2019,2,0,-0.212493,-78.484717,PICHINCHA,QUITO,QUITO,URBANA,2019-07-15,20:50:00,20,LUNES,1,JULIO,7,NO,"PRESENCIA DE AGENTES EXTERNOS EN LA VIA (AGUA, ACEITE, PIEDRA, LASTRE, ESCOMBROS, MADEROS, ETC.).",CHOQUE LATERAL,MOTOCICLETA,1,0,0,0,0,0,0,0,1,0,0,0,0,2,18,MUJER,LESIONADO,PASAJERO,NO,NO,0
19733,67548,67549,2019,2,0,-0.312084,-78.452525,PICHINCHA,RUMINIAHUI,SANGOLQUI,URBANA,2019-07-15,21:50:00,21,LUNES,1,JULIO,7,NO,"CONDUCIR DESATENTO A LAS CONDICIONES DE TRANSITO (CELULAR, PANTALLAS DE VIDEO, COMIDA, MAQUILLAJE O CUALQUIER OTRO ELEMENTO DISTRACTOR).",CHOQUE LATERAL,MOTOCICLETA,0,0,0,0,0,0,0,0,1,0,0,0,1,2,29,HOMBRE,LESIONADO,CONDUCTOR PRESENTE,NO,SI,0
19734,67562,67563,2019,1,0,-0.195946,-78.495031,PICHINCHA,QUITO,QUITO,URBANA,2019-07-16,07:05:00,7,MARTES,2,JULIO,7,NO,"NO RESPETAR LAS SENIALES REGLAMENTARIAS DE TRANSITO. (PARE, CEDA EL PASO, LUZ ROJA DEL SEMAFORO, ETC).",CHOQUE LATERAL,MOTOCICLETA,1,0,0,0,0,0,0,0,1,0,0,0,0,2,37,HOMBRE,LESIONADO,CONDUCTOR PRESENTE,NO,NO,0
19735,67564,67565,2019,1,0,-0.242665,-78.497575,PICHINCHA,QUITO,QUITO,URBANA,2019-07-16,08:20:00,8,MARTES,2,JULIO,7,NO,"NO RESPETAR LAS SENIALES REGLAMENTARIAS DE TRANSITO. (PARE, CEDA EL PASO, LUZ ROJA DEL SEMAFORO, ETC).",CHOQUE LATERAL,CAMION,0,0,0,1,0,0,0,0,1,0,0,0,0,2,33,HOMBRE,LESIONADO,CONDUCTOR PRESENTE,NO,NO,0
19736,67574,67575,2019,0,0,-0.123743,-78.502111,PICHINCHA,QUITO,QUITO,URBANA,2019-07-16,11:50:00,11,MARTES,2,JULIO,7,NO,NO GUARDAR LA DISTANCIA LATERAL MINIMA DE SEGURIDAD ENTRE VEHICULOS.,ESTRELLAMIENTOS,AUTOMOVIL,2,0,0,0,0,0,0,0,0,0,0,0,0,2,42,HOMBRE,ILESO,CONDUCTOR PRESENTE,NO,NO,0
19737,67577,67578,2019,1,0,-0.297773,-78.524662,PICHINCHA,QUITO,QUITO,URBANA,2019-07-16,12:50:00,12,MARTES,2,JULIO,7,NO,NO TRANSITAR POR LAS ACERAS O ZONAS DE SEGURIDAD DESTINADAS PARA EL EFECTO.,ATROPELLOS,CAMION,0,0,0,1,0,0,0,0,0,0,0,0,0,1,86,HOMBRE,LESIONADO,PEATON,NO,NO,0
19738,67580,67581,2019,2,1,0.073471,-78.996849,PICHINCHA,PEDRO VICENTE MALDONADO,PEDRO VICENTE MALDONADO,RURAL,2019-07-16,14:10:00,14,MARTES,2,JULIO,7,NO,"CONDUCIR DESATENTO A LAS CONDICIONES DE TRANSITO (CELULAR, PANTALLAS DE VIDEO, COMIDA, MAQUILLAJE O CUALQUIER OTRO ELEMENTO DISTRACTOR).",CHOQUE FRONTAL,VEHICULO DEPORTIVO UTILITARIO,0,0,0,1,0,0,0,0,0,0,0,0,1,2,65,HOMBRE,FALLECIDO,CONDUCTOR PRESENTE,NO,SI,3
19739,67581,67582,2019,1,0,-0.213448,-78.502726,PICHINCHA,QUITO,QUITO,URBANA,2019-07-16,14:15:00,14,MARTES,2,JULIO,7,NO,PEATON QUE CRUZA LA CALZADA SIN RESPETAR LA SENIALIZACION EXISTENTE (SEMAFOROS O SENIALES MANUALES).,ATROPELLOS,BUS,0,0,1,0,0,0,0,0,0,0,0,0,0,1,18,MUJER,LESIONADO,PEATON,NO,NO,0
19740,67583,67584,2019,0,0,-0.339264,-78.540201,PICHINCHA,QUITO,QUITO,URBANA,2019-07-16,14:50:00,14,MARTES,2,JULIO,7,NO,"FALLA MECANICA EN LOS SISTEMAS Y/O NEUMATICOS (SISTEMA DE FRENOS, DIRECCION, ELECTRONICO O MECANICO).",ESTRELLAMIENTOS,CAMION,0,0,0,1,0,0,0,0,0,0,0,0,0,1,49,HOMBRE,ILESO,CONDUCTOR PRESENTE,NO,NO,0
19741,67587,67588,2019,0,0,-0.161184,-78.495683,PICHINCHA,QUITO,QUITO,URBANA,2019-07-16,16:20:00,16,MARTES,2,JULIO,7,NO,CONDUCIR VEHICULO SUPERANDO LOS LIMITES MAXIMOS DE VELOCIDAD.,ESTRELLAMIENTOS,AUTOMOVIL,1,0,0,0,0,0,0,0,0,0,0,0,0,1,38,HOMBRE,ILESO,CONDUCTOR PRESENTE,NO,NO,0
19742,67588,67589,2019,1,0,-0.307425,-78.548004,PICHINCHA,QUITO,QUITO,URBANA,2019-07-16,16:30:00,16,MARTES,2,JULIO,7,NO,"NO RESPETAR LAS SENIALES REGLAMENTARIAS DE TRANSITO. (PARE, CEDA EL PASO, LUZ ROJA DEL SEMAFORO, ETC).",ATROPELLOS,NO IDENTIFICADO,0,0,0,0,0,0,0,0,0,1,0,0,0,1,10,MUJER,LESIONADO,PEATON,NO,NO,0
19743,67593,67594,2019,1,0,-0.348671,-78.550803,PICHINCHA,QUITO,QUITO,URBANA,2019-07-16,17:35:00,17,MARTES,2,JULIO,7,NO,NO TRANSITAR POR LAS ACERAS O ZONAS DE SEGURIDAD DESTINADAS PARA EL EFECTO.,ATROPELLOS,NO IDENTIFICADO,0,0,0,0,0,0,0,0,0,1,0,0,0,1,27,HOMBRE,LESIONADO,PEATON,NO,NO,0
19744,67594,67595,2019,0,0,-0.303917,-78.553554,PICHINCHA,QUITO,QUITO,URBANA,2019-07-16,17:58:00,17,MARTES,2,JULIO,7,NO,"CONDUCE BAJO LA INFLUENCIA DE ALCOHOL, SUSTANCIAS ESTUPEFACIENTES O PSICOTROPICAS Y/O MEDICAMENTOS.",CHOQUE POSTERIOR,AUTOMOVIL,1,0,0,0,0,0,0,0,1,0,0,0,0,2,36,MUJER,ILESO,CONDUCTOR PRESENTE,NO,NO,0
19745,67595,67596,2019,0,0,-0.127286,-78.498456,PICHINCHA,QUITO,QUITO,URBANA,2019-07-16,18:00:00,18,MARTES,2,JULIO,7,NO,"CONDUCE BAJO LA INFLUENCIA DE ALCOHOL, SUSTANCIAS ESTUPEFACIENTES O PSICOTROPICAS Y/O MEDICAMENTOS.",CHOQUE FRONTAL,AUTOMOVIL,1,0,0,0,1,0,0,0,0,0,0,0,0,2,32,HOMBRE,ILESO,CONDUCTOR PRESENTE,NO,NO,0
19746,67600,67601,2019,0,0,-0.075112,-78.462915,PICHINCHA,QUITO,QUITO,URBANA,2019-07-16,23:05:00,23,MARTES,2,JULIO,7,NO,"FALLA MECANICA EN LOS SISTEMAS Y/O NEUMATICOS (SISTEMA DE FRENOS, DIRECCION, ELECTRONICO O MECANICO).",ESTRELLAMIENTOS,AUTOMOVIL,1,0,0,0,0,0,0,0,0,0,0,0,0,1,57,HOMBRE,ILESO,CONDUCTOR PRESENTE,NO,NO,0
19747,67602,67603,2019,1,0,-0.182174,-78.490011,PICHINCHA,QUITO,QUITO,URBANA,2019-07-17,00:05:00,0,MIERCOLES,3,JULIO,7,NO,PEATON QUE CRUZA LA CALZADA SIN RESPETAR LA SENIALIZACION EXISTENTE (SEMAFOROS O SENIALES MANUALES).,ATROPELLOS,BUS,0,0,1,0,0,0,0,0,0,0,0,0,0,1,21,HOMBRE,LESIONADO,PEATON,NO,NO,0
19748,67606,67607,2019,1,0,-0.265064,-78.536095,PICHINCHA,QUITO,QUITO,URBANA,2019-07-17,05:20:00,5,MIERCOLES,3,JULIO,7,NO,"NO RESPETAR LAS SENIALES REGLAMENTARIAS DE TRANSITO. (PARE, CEDA EL PASO, LUZ ROJA DEL SEMAFORO, ETC).",ATROPELLOS,NO IDENTIFICADO,0,0,0,0,0,0,0,0,0,1,0,0,0,1,50,HOMBRE,LESIONADO,PEATON,NO,NO,0
19749,67626,67627,2019,3,0,-0.241375,-78.517633,PICHINCHA,QUITO,QUITO,URBANA,2019-07-17,14:55:00,14,MIERCOLES,3,JULIO,7,NO,"NO RESPETAR LAS SENIALES REGLAMENTARIAS DE TRANSITO. (PARE, CEDA EL PASO, LUZ ROJA DEL SEMAFORO, ETC).",OTROS,AUTOMOVIL,1,0,1,0,0,0,0,0,0,0,0,0,0,2,23,MUJER,LESIONADO,PASAJERO,NO,NO,0
19750,67632,67633,2019,0,0,-0.199767,-78.428809,PICHINCHA,QUITO,CUMBAYA,RURAL,2019-07-17,15:30:00,15,MIERCOLES,3,JULIO,7,NO,"NO RESPETAR LAS SENIALES REGLAMENTARIAS DE TRANSITO. (PARE, CEDA EL PASO, LUZ ROJA DEL SEMAFORO, ETC).",OTROS,AUTOMOVIL,1,0,0,1,0,0,0,0,0,0,0,0,0,2,-1,NO IDENTIFICADO,NO IDENTIFICADO,CONDUCTOR AUSENTE,NO,NO,2
19751,67642,67643,2019,1,0,0.127254,-78.080411,PICHINCHA,CAYAMBE,OLMEDO (PESILLO),RURAL,2019-07-17,18:30:00,18,MIERCOLES,3,JULIO,7,NO,"CONDUCE BAJO LA INFLUENCIA DE ALCOHOL, SUSTANCIAS ESTUPEFACIENTES O PSICOTROPICAS Y/O MEDICAMENTOS.",PERDIDA DE PISTA,CAMIONETA,0,0,0,0,1,0,0,0,0,1,0,0,0,2,36,HOMBRE,LESIONADO,CONDUCTOR PRESENTE,NO,SI,3
19752,67645,67646,2019,0,1,-0.112317,-78.454131,PICHINCHA,QUITO,CALDERON (CARAPUNGO),RURAL,2019-07-17,19:45:00,19,MIERCOLES,3,JULIO,7,NO,"NO RESPETAR LAS SENIALES REGLAMENTARIAS DE TRANSITO. (PARE, CEDA EL PASO, LUZ ROJA DEL SEMAFORO, ETC).",ATROPELLOS,NO IDENTIFICADO,0,0,0,0,0,0,0,0,0,1,0,0,0,1,37,HOMBRE,FALLECIDO,PEATON,NO,NO,3
19753,67656,67657,2019,0,0,-0.298794,-78.547167,PICHINCHA,QUITO,QUITO,URBANA,2019-07-17,21:50:00,21,MIERCOLES,3,JULIO,7,NO,"CONDUCE BAJO LA INFLUENCIA DE ALCOHOL, SUSTANCIAS ESTUPEFACIENTES O PSICOTROPICAS Y/O MEDICAMENTOS.",CHOQUE POSTERIOR,AUTOMOVIL,2,0,0,0,0,0,0,0,0,0,0,0,0,2,28,MUJER,ILESO,CONDUCTOR PRESENTE,NO,NO,0
19754,67662,67663,2019,0,0,-0.083348,-78.467135,PICHINCHA,QUITO,QUITO,URBANA,2019-07-18,00:05:00,0,JUEVES,4,JULIO,7,NO,CONDUCIR VEHICULO SUPERANDO LOS LIMITES MAXIMOS DE VELOCIDAD.,ESTRELLAMIENTOS,CAMION,0,0,0,1,0,0,0,0,0,0,0,0,0,1,31,HOMBRE,ILESO,CONDUCTOR PRESENTE,NO,NO,0
19755,67671,67672,2019,0,0,-0.126572,-78.495448,PICHINCHA,QUITO,QUITO,URBANA,2019-07-18,06:15:00,6,JUEVES,4,JULIO,7,NO,"NO RESPETAR LAS SENIALES REGLAMENTARIAS DE TRANSITO. (PARE, CEDA EL PASO, LUZ ROJA DEL SEMAFORO, ETC).",CHOQUE LATERAL,AUTOMOVIL,2,0,0,0,0,0,0,0,0,0,0,0,0,2,60,HOMBRE,ILESO,CONDUCTOR PRESENTE,NO,NO,0
19756,67683,67684,2019,0,0,-0.188131,-78.487511,PICHINCHA,QUITO,QUITO,URBANA,2019-07-18,11:10:00,11,JUEVES,4,JULIO,7,NO,NO MANTENER LA DISTANCIA PRUDENCIAL CON RESPECTO AL VEHICULO QUE LE ANTECEDE.,COLISION,AUTOMOVIL,2,0,0,0,0,0,0,0,0,1,0,0,0,3,27,HOMBRE,ILESO,CONDUCTOR PRESENTE,NO,NO,0
19757,67691,67692,2019,0,0,-0.221723,-78.507443,PICHINCHA,QUITO,QUITO,URBANA,2019-07-18,16:25:00,16,JUEVES,4,JULIO,7,NO,NO GUARDAR LA DISTANCIA LATERAL MINIMA DE SEGURIDAD ENTRE VEHICULOS.,CHOQUE LATERAL,AUTOMOVIL,1,0,0,0,1,0,0,0,0,0,0,0,0,2,55,HOMBRE,ILESO,CONDUCTOR PRESENTE,NO,NO,0
19758,67711,67712,2019,0,0,-0.091585,-78.439052,PICHINCHA,QUITO,CALDERON (CARAPUNGO),RURAL,2019-07-18,23:10:00,23,JUEVES,4,JULIO,7,NO,"NO RESPETAR LAS SENIALES REGLAMENTARIAS DE TRANSITO. (PARE, CEDA EL PASO, LUZ ROJA DEL SEMAFORO, ETC).",CHOQUE LATERAL,AUTOMOVIL,2,0,0,0,0,0,0,0,0,0,0,0,0,2,47,HOMBRE,ILESO,CONDUCTOR PRESENTE,NO,NO,3
19759,67713,67714,2019,2,0,-0.316054,-78.548804,PICHINCHA,QUITO,QUITO,URBANA,2019-07-18,23:45:00,23,JUEVES,4,JULIO,7,NO,NO TRANSITAR POR LAS ACERAS O ZONAS DE SEGURIDAD DESTINADAS PARA EL EFECTO.,ATROPELLOS,MOTOCICLETA,0,0,0,0,0,0,0,0,1,0,0,0,0,1,15,HOMBRE,LESIONADO,PEATON,NO,NO,0
19760,67715,67716,2019,1,0,-0.098535,-78.497824,PICHINCHA,QUITO,QUITO,URBANA,2019-07-19,01:12:00,1,VIERNES,5,JULIO,7,NO,CONDUCIR EN SENTIDO CONTRARIO A LA VIA NORMAL DE CIRCULACION.,ROZAMIENTOS,AUTOMOVIL,1,0,0,0,0,0,0,0,1,0,0,0,0,2,22,HOMBRE,LESIONADO,PASAJERO,NO,NO,0
19761,67722,67723,2019,0,0,-0.299761,-78.542296,PICHINCHA,QUITO,QUITO,URBANA,2019-07-19,05:40:00,5,VIERNES,5,JULIO,7,NO,NO MANTENER LA DISTANCIA PRUDENCIAL CON RESPECTO AL VEHICULO QUE LE ANTECEDE.,CHOQUE POSTERIOR,AUTOMOVIL,2,0,0,0,0,0,0,0,0,0,0,0,0,2,33,HOMBRE,ILESO,CONDUCTOR PRESENTE,NO,NO,0
19762,67723,67724,2019,1,0,-0.242463,-78.482784,PICHINCHA,QUITO,QUITO,RURAL,2019-07-19,05:45:00,5,VIERNES,5,JULIO,7,NO,"CONDUCIR EN ESTADO DE SOMNOLENCIA O MALAS CONDICIONES FISICAS (SUENIO, CANSANCIO Y FATIGA).",ESTRELLAMIENTOS,CAMIONETA,0,0,0,0,1,0,0,0,0,0,0,0,0,1,50,HOMBRE,LESIONADO,CONDUCTOR PRESENTE,NO,NO,3
19763,67734,67735,2019,1,0,-0.239336,-78.509581,PICHINCHA,QUITO,QUITO,URBANA,2019-07-19,07:50:00,7,VIERNES,5,JULIO,7,NO,"PEATON TRANSITA BAJO INFLUENCIA DE ALCOHOL, SUSTANCIAS ESTUPEFACIENTES O PSICOTROPICAS Y/O MEDICAMENTOS.",ATROPELLOS,AUTOMOVIL,1,0,0,0,0,0,0,0,0,0,0,0,0,1,23,HOMBRE,LESIONADO,PEATON,NO,NO,0
19764,67742,67743,2019,0,0,-0.163192,-78.495443,PICHINCHA,QUITO,QUITO,URBANA,2019-07-19,09:52:00,9,VIERNES,5,JULIO,7,NO,NO MANTENER LA DISTANCIA PRUDENCIAL CON RESPECTO AL VEHICULO QUE LE ANTECEDE.,COLISION,AUTOMOVIL,3,0,0,0,0,0,0,0,0,0,0,0,0,3,30,MUJER,ILESO,CONDUCTOR PRESENTE,NO,NO,0
19765,67744,67745,2019,0,0,-0.200633,-78.510307,PICHINCHA,QUITO,QUITO,URBANA,2019-07-19,10:18:00,10,VIERNES,5,JULIO,7,NO,"CONDUCE BAJO LA INFLUENCIA DE ALCOHOL, SUSTANCIAS ESTUPEFACIENTES O PSICOTROPICAS Y/O MEDICAMENTOS.",OTROS,AUTOMOVIL,2,0,0,0,0,0,0,0,0,0,0,0,0,2,33,HOMBRE,ILESO,CONDUCTOR PRESENTE,NO,NO,0
19766,67747,67748,2019,3,0,-0.355144,-78.549159,PICHINCHA,QUITO,QUITO,URBANA,2019-07-19,10:42:00,10,VIERNES,5,JULIO,7,NO,NO GUARDAR LA DISTANCIA LATERAL MINIMA DE SEGURIDAD ENTRE VEHICULOS.,CHOQUE LATERAL,BUS,0,0,1,0,1,0,0,0,0,0,0,0,0,2,41,MUJER,LESIONADO,PASAJERO,NO,NO,0
19767,67751,67752,2019,1,0,-0.209834,-78.502909,PICHINCHA,QUITO,QUITO,URBANA,2019-07-19,12:00:00,12,VIERNES,5,JULIO,7,NO,BAJARSE O SUBIRSE DE VEHICULOS EN MOVIMIENTO SIN TOMAR LAS PRECAUCIONES DEBIDAS.,CAIDA DE PASAJERO,AUTOMOVIL,1,0,0,0,0,0,0,0,0,0,0,0,0,1,43,MUJER,LESIONADO,PASAJERO,NO,NO,0
19768,67752,67753,2019,0,0,-0.128404,-78.488059,PICHINCHA,QUITO,QUITO,URBANA,2019-07-19,12:40:00,12,VIERNES,5,JULIO,7,NO,CONDUCIR VEHICULO SUPERANDO LOS LIMITES MAXIMOS DE VELOCIDAD.,ESTRELLAMIENTOS,CAMIONETA,1,0,0,0,1,0,0,0,0,0,0,0,0,2,61,HOMBRE,ILESO,CONDUCTOR PRESENTE,NO,NO,0
19769,67759,67760,2019,0,0,-0.234041,-78.238041,PICHINCHA,QUITO,PIFO,URBANA,2019-07-19,14:40:00,14,VIERNES,5,JULIO,7,NO,REALIZAR CAMBIO BRUSCO O INDEBIDO DE CARRIL.,CHOQUE LATERAL,AUTOMOVIL,2,0,0,0,0,0,0,0,0,0,0,0,0,2,38,HOMBRE,ILESO,CONDUCTOR PRESENTE,NO,NO,0
19770,67763,67764,2019,0,0,-0.273707,-78.537301,PICHINCHA,QUITO,QUITO,URBANA,2019-07-19,16:54:00,16,VIERNES,5,JULIO,7,NO,NO TRANSITAR POR LAS ACERAS O ZONAS DE SEGURIDAD DESTINADAS PARA EL EFECTO.,ATROPELLOS,CAMIONETA,0,0,0,0,1,0,0,0,0,0,0,0,0,1,42,MUJER,ILESO,PEATON,NO,NO,0
19771,67773,67774,2019,1,0,-0.309589,-78.567305,PICHINCHA,QUITO,QUITO,URBANA,2019-07-19,18:40:00,18,VIERNES,5,JULIO,7,NO,"NO RESPETAR LAS SENIALES REGLAMENTARIAS DE TRANSITO. (PARE, CEDA EL PASO, LUZ ROJA DEL SEMAFORO, ETC).",CHOQUE LATERAL,NO IDENTIFICADO,0,0,0,0,0,0,0,0,0,2,0,0,0,2,31,MUJER,LESIONADO,CONDUCTOR PRESENTE,NO,NO,0
19772,67777,67778,2019,0,0,-0.236974,-78.487124,PICHINCHA,QUITO,QUITO,RURAL,2019-07-19,20:00:00,20,VIERNES,5,JULIO,7,NO,"PRESENCIA DE AGENTES EXTERNOS EN LA VIA (AGUA, ACEITE, PIEDRA, LASTRE, ESCOMBROS, MADEROS, ETC.).",ESTRELLAMIENTOS,CAMION,0,0,0,1,0,0,0,0,0,0,0,0,0,1,28,HOMBRE,ILESO,CONDUCTOR PRESENTE,NO,NO,3
19773,67778,67779,2019,0,0,-0.197031,-78.483551,PICHINCHA,QUITO,QUITO,URBANA,2019-07-19,20:28:00,20,VIERNES,5,JULIO,7,NO,"NO RESPETAR LAS SENIALES REGLAMENTARIAS DE TRANSITO. (PARE, CEDA EL PASO, LUZ ROJA DEL SEMAFORO, ETC).",CHOQUE LATERAL,AUTOMOVIL,2,0,0,0,0,0,0,0,0,0,0,0,0,2,23,HOMBRE,ILESO,CONDUCTOR PRESENTE,NO,NO,0
19774,67782,67783,2019,8,0,-0.214039,-78.389436,PICHINCHA,QUITO,TUMBACO,RURAL,2019-07-19,22:25:00,22,VIERNES,5,JULIO,7,NO,"CONDUCE BAJO LA INFLUENCIA DE ALCOHOL, SUSTANCIAS ESTUPEFACIENTES O PSICOTROPICAS Y/O MEDICAMENTOS.",COLISION,CAMIONETA,2,0,0,0,1,0,0,0,0,0,0,0,0,3,40,MUJER,LESIONADO,PASAJERO,NO,NO,3
19775,67784,67785,2019,2,0,-0.197896,-78.487472,PICHINCHA,QUITO,QUITO,URBANA,2019-07-19,22:30:00,22,VIERNES,5,JULIO,7,NO,"CONDUCE BAJO LA INFLUENCIA DE ALCOHOL, SUSTANCIAS ESTUPEFACIENTES O PSICOTROPICAS Y/O MEDICAMENTOS.",CHOQUE LATERAL,MOTOCICLETA,1,0,0,0,0,0,0,0,1,0,0,0,0,2,33,HOMBRE,LESIONADO,CONDUCTOR PRESENTE,NO,NO,0
19776,67788,67789,2019,2,0,-0.105339,-78.455465,PICHINCHA,QUITO,CALDERON (CARAPUNGO),RURAL,2019-07-19,23:45:00,23,VIERNES,5,JULIO,7,NO,"CONDUCE BAJO LA INFLUENCIA DE ALCOHOL, SUSTANCIAS ESTUPEFACIENTES O PSICOTROPICAS Y/O MEDICAMENTOS.",ESTRELLAMIENTOS,MOTOCICLETA,0,0,0,0,0,0,0,0,1,0,0,0,0,1,28,HOMBRE,LESIONADO,PASAJERO,NO,NO,3
19777,67795,67796,2019,1,0,-0.154326,-78.476958,PICHINCHA,QUITO,QUITO,URBANA,2019-07-20,02:15:00,2,SABADO,6,JULIO,7,NO,"NO RESPETAR LAS SENIALES REGLAMENTARIAS DE TRANSITO. (PARE, CEDA EL PASO, LUZ ROJA DEL SEMAFORO, ETC).",CHOQUE LATERAL,AUTOMOVIL,1,0,0,0,0,0,0,0,1,0,0,0,0,2,23,HOMBRE,LESIONADO,CONDUCTOR PRESENTE,NO,NO,0
19778,67801,67802,2019,0,0,-0.094039,-78.502956,PICHINCHA,QUITO,QUITO,URBANA,2019-07-20,04:00:00,4,SABADO,6,JULIO,7,NO,"NO RESPETAR LAS SENIALES REGLAMENTARIAS DE TRANSITO. (PARE, CEDA EL PASO, LUZ ROJA DEL SEMAFORO, ETC).",CHOQUE LATERAL,MOTOCICLETA,1,0,0,0,0,0,0,0,1,0,0,0,0,2,28,HOMBRE,ILESO,CONDUCTOR PRESENTE,NO,NO,0
19779,67804,67805,2019,1,0,-0.144708,-78.474749,PICHINCHA,QUITO,QUITO,URBANA,2019-07-20,05:00:00,5,SABADO,6,JULIO,7,NO,CONDUCIR VEHICULO SUPERANDO LOS LIMITES MAXIMOS DE VELOCIDAD.,ESTRELLAMIENTOS,AUTOMOVIL,1,0,0,0,0,0,0,0,0,0,0,0,0,1,35,MUJER,LESIONADO,PASAJERO,NO,NO,0