,Unnamed: 0,ID,ANIO,LESIONADOS,FALLECIDOS,LATITUD_Y,LONGITUD_X,PROVINCIA,CANTON,PARROQUIA,ZONA,FECHA,HORA,PERIODO_2,DIA_1,DIA_2,MES_1,MES_2,FERIADO,CAUSA_PROBABLE,TIPO_DE_SINIESTRO,TIPO_DE_VEHICULO_1,AUTOMOVIL,BICICLETA,BUS,CAMION,CAMIONETA,EMERGENCIAS,ESPECIAL,FURGONETA,MOTOCICLETA,NO_IDENTIFICADO,SCOOTER_ELECTRICO,TRICIMOTO,VEHICULO_DEPORTIVO_UTILITARIO,SUMA_DE_VEHICULOS,EDAD_1,SEXO_1,CONDICION_1,PARTICIPANTE_1,CASCO_1,CINTURON_1,KMeans_Cluster
19780,67811,67812,2019,3,0,-0.254567,-78.550644,PICHINCHA,QUITO,QUITO,URBANA,2019-07-20,07:10:00,7,SABADO,6,JULIO,7,NO,CONDUCIR VEHICULO SUPERANDO LOS LIMITES MAXIMOS DE VELOCIDAD.,VOLCAMIENTOS,NO IDENTIFICADO,0,0,0,0,0,0,0,0,0,1,0,0,0,1,32,HOMBRE,LESIONADO,PASAJERO,NO,NO,0
19781,67815,67816,2019,2,0,-0.238001,-78.529084,PICHINCHA,QUITO,QUITO,URBANA,2019-07-20,08:00:00,8,SABADO,6,JULIO,7,NO,"CONDUCE BAJO LA INFLUENCIA DE ALCOHOL, SUSTANCIAS ESTUPEFACIENTES O PSICOTROPICAS Y/O MEDICAMENTOS.",COLISION,MOTOCICLETA,2,0,0,0,0,0,0,0,1,0,0,0,0,3,27,HOMBRE,LESIONADO,PASAJERO,NO,NO,0
19782,67821,67822,2019,2,0,0.097411,-78.191851,PICHINCHA,PEDRO MONCAYO,TUPIGACHI,RURAL,2019-07-20,10:55:00,10,SABADO,6,JULIO,7,NO,"CONDUCIR DESATENTO A LAS CONDICIONES DE TRANSITO (CELULAR, PANTALLAS DE VIDEO, COMIDA, MAQUILLAJE O CUALQUIER OTRO ELEMENTO DISTRACTOR).",CHOQUE LATERAL,MOTOCICLETA,0,0,0,0,0,0,0,0,1,0,0,0,1,2,25,MUJER,LESIONADO,PASAJERO,NO,SI,3
19783,67824,67825,2019,1,0,-0.109418,-78.298373,PICHINCHA,QUITO,EL QUINCHE,RURAL,2019-07-20,12:00:00,12,SABADO,6,JULIO,7,NO,"CONDUCIR DESATENTO A LAS CONDICIONES DE TRANSITO (CELULAR, PANTALLAS DE VIDEO, COMIDA, MAQUILLAJE O CUALQUIER OTRO ELEMENTO DISTRACTOR).",CHOQUE LATERAL,AUTOMOVIL,3,0,0,1,0,0,0,0,1,0,0,0,0,5,36,MUJER,LESIONADO,PEATON,NO,SI,3
19784,67833,67834,2019,0,0,-0.083119,-78.417989,PICHINCHA,QUITO,CALDERON (CARAPUNGO),RURAL,2019-07-20,15:00:00,15,SABADO,6,JULIO,7,NO,CONDUCIR VEHICULO SUPERANDO LOS LIMITES MAXIMOS DE VELOCIDAD.,ESTRELLAMIENTOS,AUTOMOVIL,2,0,0,0,0,0,0,0,0,0,0,0,0,2,32,MUJER,ILESO,CONDUCTOR PRESENTE,NO,NO,3
19785,67838,67839,2019,2,0,-0.282347,-78.545281,PICHINCHA,QUITO,QUITO,URBANA,2019-07-20,16:30:00,16,SABADO,6,JULIO,7,NO,CONDUCIR VEHICULO SUPERANDO LOS LIMITES MAXIMOS DE VELOCIDAD.,CAIDA DE PASAJERO,BUS,0,0,1,0,0,0,0,0,0,0,0,0,0,1,0,HOMBRE,LESIONADO,PASAJERO,NO,NO,0
19786,67839,67840,2019,0,0,-0.196348,-78.441514,PICHINCHA,QUITO,CUMBAYA,RURAL,2019-07-20,17:15:00,17,SABADO,6,JULIO,7,NO,CONDUCIR VEHICULO SUPERANDO LOS LIMITES MAXIMOS DE VELOCIDAD.,ESTRELLAMIENTOS,AUTOMOVIL,1,0,0,0,0,0,0,0,0,0,0,0,0,1,42,HOMBRE,ILESO,CONDUCTOR PRESENTE,NO,NO,3
19787,67844,67845,2019,1,0,-0.299901,-78.538232,PICHINCHA,QUITO,QUITO,URBANA,2019-07-20,18:30:00,18,SABADO,6,JULIO,7,NO,REALIZAR CAMBIO BRUSCO O INDEBIDO DE CARRIL.,CHOQUE FRONTAL,AUTOMOVIL,1,0,0,0,0,0,0,0,1,0,0,0,0,2,22,HOMBRE,LESIONADO,CONDUCTOR PRESENTE,NO,NO,0
19788,67845,67846,2019,2,1,-0.037728,-78.279705,PICHINCHA,CAYAMBE,SANTA ROSA DE CUZUBAMBA,RURAL,2019-07-20,18:50:00,18,SABADO,6,JULIO,7,NO,"CONDUCIR DESATENTO A LAS CONDICIONES DE TRANSITO (CELULAR, PANTALLAS DE VIDEO, COMIDA, MAQUILLAJE O CUALQUIER OTRO ELEMENTO DISTRACTOR).",VOLCAMIENTOS,CAMIONETA,0,0,0,0,1,0,0,0,0,0,0,0,0,1,52,HOMBRE,FALLECIDO,PASAJERO,NO,SI,3
19789,67847,67848,2019,0,0,-0.126497,-78.491797,PICHINCHA,QUITO,QUITO,URBANA,2019-07-20,19:15:00,19,SABADO,6,JULIO,7,NO,"NO RESPETAR LAS SENIALES REGLAMENTARIAS DE TRANSITO. (PARE, CEDA EL PASO, LUZ ROJA DEL SEMAFORO, ETC).",CHOQUE LATERAL,AUTOMOVIL,2,0,0,0,0,0,0,0,0,0,0,0,0,2,53,HOMBRE,ILESO,CONDUCTOR PRESENTE,NO,NO,0
19790,67857,67858,2019,1,0,-0.308041,-78.560595,PICHINCHA,QUITO,QUITO,URBANA,2019-07-20,20:30:00,20,SABADO,6,JULIO,7,NO,NO CEDER EL DERECHO DE VIA O PREFERENCIA DE PASO AL PEATON.,ATROPELLOS,AUTOMOVIL,1,0,0,0,0,0,0,0,0,0,0,0,0,1,33,HOMBRE,LESIONADO,PEATON,NO,NO,0
19791,67858,67859,2019,1,0,-0.287864,-78.522086,PICHINCHA,QUITO,QUITO,URBANA,2019-07-20,20:31:00,20,SABADO,6,JULIO,7,NO,NO CEDER EL DERECHO DE VIA O PREFERENCIA DE PASO AL PEATON.,ATROPELLOS,NO IDENTIFICADO,0,0,0,0,0,0,0,0,0,1,0,0,0,1,13,HOMBRE,LESIONADO,PEATON,NO,NO,0
19792,67862,67863,2019,1,0,-0.128693,-78.471214,PICHINCHA,QUITO,QUITO,URBANA,2019-07-20,21:45:00,21,SABADO,6,JULIO,7,NO,"CONDUCE BAJO LA INFLUENCIA DE ALCOHOL, SUSTANCIAS ESTUPEFACIENTES O PSICOTROPICAS Y/O MEDICAMENTOS.",CHOQUE LATERAL,AUTOMOVIL,2,0,0,0,0,0,0,0,0,0,0,0,0,2,54,MUJER,LESIONADO,PASAJERO,NO,NO,0
19793,67865,67866,2019,0,0,-0.104335,-78.500499,PICHINCHA,QUITO,QUITO,URBANA,2019-07-20,23:00:00,23,SABADO,6,JULIO,7,NO,"CONDUCE BAJO LA INFLUENCIA DE ALCOHOL, SUSTANCIAS ESTUPEFACIENTES O PSICOTROPICAS Y/O MEDICAMENTOS.",COLISION,AUTOMOVIL,3,0,0,0,0,0,0,0,0,0,0,0,0,3,50,HOMBRE,ILESO,CONDUCTOR PRESENTE,NO,NO,0
19794,67877,67878,2019,0,0,-0.273707,-78.537301,PICHINCHA,QUITO,QUITO,URBANA,2019-07-21,02:25:00,2,DOMINGO,7,JULIO,7,NO,CONDUCIR VEHICULO SUPERANDO LOS LIMITES MAXIMOS DE VELOCIDAD.,ESTRELLAMIENTOS,AUTOMOVIL,1,0,0,0,0,0,0,0,0,0,0,0,0,1,-1,NO IDENTIFICADO,NO IDENTIFICADO,CONDUCTOR AUSENTE,NO,NO,2
19795,67879,67880,2019,0,0,-0.270629,-78.528475,PICHINCHA,QUITO,QUITO,URBANA,2019-07-21,02:50:00,2,DOMINGO,7,JULIO,7,NO,CONDUCIR VEHICULO SUPERANDO LOS LIMITES MAXIMOS DE VELOCIDAD.,ESTRELLAMIENTOS,AUTOMOVIL,1,0,0,0,0,0,0,0,0,0,0,0,0,1,25,MUJER,ILESO,PASAJERO,NO,NO,0
19796,67887,67888,2019,4,0,-0.144229,-78.469533,PICHINCHA,QUITO,QUITO,URBANA,2019-07-21,04:15:00,4,DOMINGO,7,JULIO,7,NO,"CONDUCE BAJO LA INFLUENCIA DE ALCOHOL, SUSTANCIAS ESTUPEFACIENTES O PSICOTROPICAS Y/O MEDICAMENTOS.",CHOQUE LATERAL,AUTOMOVIL,2,0,0,0,0,0,0,0,0,0,0,0,0,2,20,MUJER,LESIONADO,PASAJERO,NO,NO,2
19797,67888,67889,2019,0,0,-0.212243,-78.499305,PICHINCHA,QUITO,QUITO,URBANA,2019-07-21,04:20:00,4,DOMINGO,7,JULIO,7,NO,CONDUCIR VEHICULO SUPERANDO LOS LIMITES MAXIMOS DE VELOCIDAD.,ESTRELLAMIENTOS,NO IDENTIFICADO,0,0,0,0,0,0,0,0,0,1,0,0,0,1,-1,NO IDENTIFICADO,NO IDENTIFICADO,CONDUCTOR AUSENTE,NO,NO,2
19798,67902,67903,2019,0,0,-0.091585,-78.439052,PICHINCHA,QUITO,CALDERON (CARAPUNGO),RURAL,2019-07-21,09:40:00,9,DOMINGO,7,JULIO,7,NO,NO MANTENER LA DISTANCIA PRUDENCIAL CON RESPECTO AL VEHICULO QUE LE ANTECEDE.,CHOQUE POSTERIOR,AUTOMOVIL,2,0,0,0,0,0,0,0,0,0,0,0,0,2,40,HOMBRE,ILESO,CONDUCTOR PRESENTE,NO,NO,3
19799,67908,67909,2019,0,0,-0.264263,-78.550014,PICHINCHA,QUITO,QUITO,URBANA,2019-07-21,11:00:00,11,DOMINGO,7,JULIO,7,NO,"CONDUCE BAJO LA INFLUENCIA DE ALCOHOL, SUSTANCIAS ESTUPEFACIENTES O PSICOTROPICAS Y/O MEDICAMENTOS.",CHOQUE POSTERIOR,AUTOMOVIL,2,0,0,0,0,0,0,0,0,0,0,0,0,2,38,HOMBRE,ILESO,CONDUCTOR PRESENTE,NO,NO,0
19800,67909,67910,2019,4,0,-0.163073,-78.462599,PICHINCHA,QUITO,QUITO,RURAL,2019-07-21,11:15:00,11,DOMINGO,7,JULIO,7,NO,CONDUCIR VEHICULO SUPERANDO LOS LIMITES MAXIMOS DE VELOCIDAD.,CHOQUE POSTERIOR,AUTOMOVIL,1,0,1,0,0,0,0,0,0,0,0,0,0,2,50,MUJER,LESIONADO,PASAJERO,NO,NO,3
19801,67918,67919,2019,0,0,-0.273671,-78.538292,PICHINCHA,QUITO,QUITO,URBANA,2019-07-21,15:00:00,15,DOMINGO,7,JULIO,7,NO,NO MANTENER LA DISTANCIA PRUDENCIAL CON RESPECTO AL VEHICULO QUE LE ANTECEDE.,CHOQUE POSTERIOR,AUTOMOVIL,1,0,0,0,0,0,0,0,0,1,0,0,0,2,32,HOMBRE,ILESO,CONDUCTOR PRESENTE,NO,NO,0
19802,67920,67921,2019,0,0,-0.244063,-78.533462,PICHINCHA,QUITO,QUITO,URBANA,2019-07-21,15:30:00,15,DOMINGO,7,JULIO,7,NO,NO MANTENER LA DISTANCIA PRUDENCIAL CON RESPECTO AL VEHICULO QUE LE ANTECEDE.,COLISION,AUTOMOVIL,3,0,0,0,0,0,0,0,0,0,0,0,0,3,5,MUJER,ILESO,PASAJERO,NO,NO,0
19803,67935,67936,2019,0,1,-0.224461,-78.521422,PICHINCHA,QUITO,QUITO,URBANA,2019-07-21,20:15:00,20,DOMINGO,7,JULIO,7,NO,NO MANTENER LA DISTANCIA PRUDENCIAL CON RESPECTO AL VEHICULO QUE LE ANTECEDE.,CHOQUE POSTERIOR,CAMION,0,0,0,1,0,0,0,0,1,0,0,0,0,2,24,HOMBRE,FALLECIDO,CONDUCTOR PRESENTE,NO,NO,0
19804,67943,67944,2019,1,0,-0.287051,-78.531139,PICHINCHA,QUITO,QUITO,URBANA,2019-07-21,22:15:00,22,DOMINGO,7,JULIO,7,NO,"CONDUCE BAJO LA INFLUENCIA DE ALCOHOL, SUSTANCIAS ESTUPEFACIENTES O PSICOTROPICAS Y/O MEDICAMENTOS.",CHOQUE FRONTAL,BUS,0,0,1,0,0,0,0,0,1,0,0,0,0,2,28,HOMBRE,LESIONADO,CONDUCTOR PRESENTE,NO,NO,0
19805,67944,67945,2019,0,0,-0.183785,-78.495092,PICHINCHA,QUITO,QUITO,URBANA,2019-07-21,22:30:00,22,DOMINGO,7,JULIO,7,NO,CONDUCIR VEHICULO SUPERANDO LOS LIMITES MAXIMOS DE VELOCIDAD.,ESTRELLAMIENTOS,AUTOMOVIL,1,0,0,0,0,0,0,0,0,0,0,0,0,1,43,HOMBRE,ILESO,CONDUCTOR PRESENTE,NO,NO,0
19806,67951,67952,2019,3,0,-0.346695,-78.459413,PICHINCHA,RUMINIAHUI,SANGOLQUI,URBANA,2019-07-21,23:50:00,23,DOMINGO,7,JULIO,7,NO,"CONDUCIR DESATENTO A LAS CONDICIONES DE TRANSITO (CELULAR, PANTALLAS DE VIDEO, COMIDA, MAQUILLAJE O CUALQUIER OTRO ELEMENTO DISTRACTOR).",PERDIDA DE PISTA,MOTOCICLETA,0,0,0,0,0,0,0,0,1,0,0,0,0,1,33,HOMBRE,LESIONADO,PASAJERO,NO,SI,0
19807,67956,67957,2019,0,1,-0.358142,-78.469396,PICHINCHA,RUMINIAHUI,SANGOLQUI,RURAL,2019-07-22,05:25:00,5,LUNES,1,JULIO,7,NO,"CONDUCIR DESATENTO A LAS CONDICIONES DE TRANSITO (CELULAR, PANTALLAS DE VIDEO, COMIDA, MAQUILLAJE O CUALQUIER OTRO ELEMENTO DISTRACTOR).",CHOQUE FRONTAL,VEHICULO DEPORTIVO UTILITARIO,0,0,0,0,1,0,0,0,0,0,0,0,1,2,44,HOMBRE,FALLECIDO,CONDUCTOR PRESENTE,NO,SI,3
19808,67962,67963,2019,0,0,-0.160191,-78.485448,PICHINCHA,QUITO,QUITO,URBANA,2019-07-22,07:53:00,7,LUNES,1,JULIO,7,NO,NO MANTENER LA DISTANCIA PRUDENCIAL CON RESPECTO AL VEHICULO QUE LE ANTECEDE.,CHOQUE POSTERIOR,AUTOMOVIL,2,0,0,0,0,0,0,0,0,0,0,0,0,2,42,MUJER,ILESO,CONDUCTOR PRESENTE,NO,NO,0
19809,67964,67965,2019,0,0,-0.212775,-78.488348,PICHINCHA,QUITO,QUITO,URBANA,2019-07-22,07:55:00,7,LUNES,1,JULIO,7,NO,NO MANTENER LA DISTANCIA PRUDENCIAL CON RESPECTO AL VEHICULO QUE LE ANTECEDE.,CHOQUE POSTERIOR,AUTOMOVIL,1,0,1,0,0,0,0,0,0,0,0,0,0,2,70,HOMBRE,ILESO,CONDUCTOR PRESENTE,NO,NO,0
19810,67965,67966,2019,0,0,-0.152193,-78.464571,PICHINCHA,QUITO,QUITO,URBANA,2019-07-22,08:20:00,8,LUNES,1,JULIO,7,NO,NO MANTENER LA DISTANCIA PRUDENCIAL CON RESPECTO AL VEHICULO QUE LE ANTECEDE.,CHOQUE POSTERIOR,AUTOMOVIL,2,0,0,0,0,0,0,0,0,0,0,0,0,2,75,HOMBRE,ILESO,CONDUCTOR PRESENTE,NO,NO,0
19811,67967,67968,2019,0,0,-0.204592,-78.455985,PICHINCHA,QUITO,QUITO,RURAL,2019-07-22,08:40:00,8,LUNES,1,JULIO,7,NO,"PRESENCIA DE AGENTES EXTERNOS EN LA VIA (AGUA, ACEITE, PIEDRA, LASTRE, ESCOMBROS, MADEROS, ETC.).",ESTRELLAMIENTOS,CAMIONETA,0,0,0,0,1,0,0,0,0,0,0,0,0,1,28,HOMBRE,ILESO,CONDUCTOR PRESENTE,NO,NO,3
19812,67973,67974,2019,0,1,-0.218658,-78.481783,PICHINCHA,QUITO,QUITO,URBANA,2019-07-22,11:05:00,11,LUNES,1,JULIO,7,NO,NO TRANSITAR POR LAS ACERAS O ZONAS DE SEGURIDAD DESTINADAS PARA EL EFECTO.,ATROPELLOS,NO IDENTIFICADO,0,0,0,0,0,0,0,0,0,1,0,0,0,1,75,MUJER,FALLECIDO,PEATON,NO,NO,0
19813,67986,67987,2019,0,0,-0.251915,-78.519741,PICHINCHA,QUITO,QUITO,URBANA,2019-07-22,14:40:00,14,LUNES,1,JULIO,7,NO,NO CEDER EL DERECHO DE VIA O PREFERENCIA DE PASO A VEHICULOS.,CHOQUE LATERAL,AUTOMOVIL,2,0,0,0,0,0,0,0,0,0,0,0,0,2,67,HOMBRE,ILESO,CONDUCTOR PRESENTE,NO,NO,0
19814,67995,67996,2019,0,0,-0.122242,-78.498569,PICHINCHA,QUITO,QUITO,URBANA,2019-07-22,17:15:00,17,LUNES,1,JULIO,7,NO,DANIOS MECANICOS PREVISIBLES.,ESTRELLAMIENTOS,BUS,0,0,1,0,0,0,0,0,0,0,0,0,0,1,-1,NO IDENTIFICADO,NO IDENTIFICADO,CONDUCTOR AUSENTE,NO,NO,2
19815,68005,68006,2019,1,0,-0.252259,-78.539108,PICHINCHA,QUITO,QUITO,URBANA,2019-07-22,21:43:00,21,LUNES,1,JULIO,7,NO,NO TRANSITAR POR LAS ACERAS O ZONAS DE SEGURIDAD DESTINADAS PARA EL EFECTO.,ATROPELLOS,BUS,0,0,1,0,0,0,0,0,0,0,0,0,0,1,33,HOMBRE,LESIONADO,PEATON,NO,NO,0
19816,68010,68011,2019,0,0,-0.108255,-78.461339,PICHINCHA,QUITO,CALDERON (CARAPUNGO),RURAL,2019-07-23,01:50:00,1,MARTES,2,JULIO,7,NO,"PRESENCIA DE AGENTES EXTERNOS EN LA VIA (AGUA, ACEITE, PIEDRA, LASTRE, ESCOMBROS, MADEROS, ETC.).",PERDIDA DE CARRIL,AUTOMOVIL,1,0,0,0,0,0,0,0,0,0,0,0,0,1,-1,NO IDENTIFICADO,NO IDENTIFICADO,CONDUCTOR AUSENTE,NO,NO,2
19817,68016,68017,2019,2,0,-0.199767,-78.428809,PICHINCHA,QUITO,CUMBAYA,RURAL,2019-07-23,06:20:00,6,MARTES,2,JULIO,7,NO,REALIZAR CAMBIO BRUSCO O INDEBIDO DE CARRIL.,CHOQUE LATERAL,MOTOCICLETA,0,0,0,0,0,0,0,0,1,1,0,0,0,2,36,MUJER,LESIONADO,PASAJERO,NO,NO,3
19818,68018,68019,2019,0,0,-0.119364,-78.471343,PICHINCHA,QUITO,QUITO,URBANA,2019-07-23,06:40:00,6,MARTES,2,JULIO,7,NO,CONDUCIR VEHICULO SUPERANDO LOS LIMITES MAXIMOS DE VELOCIDAD.,CHOQUE LATERAL,CAMIONETA,0,0,1,0,1,0,0,0,0,0,0,0,0,2,41,HOMBRE,ILESO,CONDUCTOR PRESENTE,NO,NO,0
19819,68022,68023,2019,1,0,-0.211464,-78.419122,PICHINCHA,QUITO,TUMBACO,RURAL,2019-07-23,07:50:00,7,MARTES,2,JULIO,7,NO,CONDUCIR VEHICULO SUPERANDO LOS LIMITES MAXIMOS DE VELOCIDAD.,OTROS,CAMION,0,0,0,1,0,0,0,0,0,0,0,0,0,1,65,HOMBRE,LESIONADO,PEATON,NO,NO,3
19820,68025,68026,2019,1,0,-0.215856,-78.496651,PICHINCHA,QUITO,QUITO,URBANA,2019-07-23,08:15:00,8,MARTES,2,JULIO,7,NO,NO TRANSITAR POR LAS ACERAS O ZONAS DE SEGURIDAD DESTINADAS PARA EL EFECTO.,ATROPELLOS,AUTOMOVIL,1,0,0,0,0,0,0,0,0,0,0,0,0,1,15,HOMBRE,LESIONADO,PEATON,NO,NO,0
19821,68028,68029,2019,0,0,-0.187808,-78.444336,PICHINCHA,QUITO,NAYON,RURAL,2019-07-23,08:55:00,8,MARTES,2,JULIO,7,NO,CONDUCIR VEHICULO SUPERANDO LOS LIMITES MAXIMOS DE VELOCIDAD.,ESTRELLAMIENTOS,AUTOMOVIL,3,0,0,0,0,0,0,0,0,0,0,0,0,3,44,HOMBRE,ILESO,CONDUCTOR PRESENTE,NO,NO,3
19822,68034,68035,2019,0,0,-0.066417,-78.466118,PICHINCHA,QUITO,POMASQUI,RURAL,2019-07-23,10:36:00,10,MARTES,2,JULIO,7,NO,"CONDUCIR DESATENTO A LAS CONDICIONES DE TRANSITO (CELULAR, PANTALLAS DE VIDEO, COMIDA, MAQUILLAJE O CUALQUIER OTRO ELEMENTO DISTRACTOR).",CHOQUE POSTERIOR,CAMIONETA,0,0,0,0,1,0,0,0,0,0,0,0,1,2,49,MUJER,ILESO,CONDUCTOR PRESENTE,NO,SI,3
19823,68035,68036,2019,0,0,-0.191097,-78.486025,PICHINCHA,QUITO,QUITO,URBANA,2019-07-23,11:09:00,11,MARTES,2,JULIO,7,NO,"CONDUCIR DESATENTO A LAS CONDICIONES DE TRANSITO (CELULAR, PANTALLAS DE VIDEO, COMIDA, MAQUILLAJE O CUALQUIER OTRO ELEMENTO DISTRACTOR).",ESTRELLAMIENTOS,AUTOMOVIL,1,0,0,0,0,0,0,0,0,0,0,0,0,1,19,HOMBRE,ILESO,CONDUCTOR PRESENTE,NO,NO,0
19824,68038,68039,2019,2,0,-0.442785,-78.745611,PICHINCHA,MEJIA,MANUEL CORNEJO ASTORGA,RURAL,2019-07-23,12:10:00,12,MARTES,2,JULIO,7,NO,NO TRANSITAR POR LAS ACERAS O ZONAS DE SEGURIDAD DESTINADAS PARA EL EFECTO.,ESTRELLAMIENTOS,CAMIONETA,0,0,0,0,1,0,0,0,0,0,0,0,0,1,0,NO IDENTIFICADO,LESIONADO,PEATON,NO,SI,3
19825,68043,68044,2019,0,0,-0.242475,-78.497488,PICHINCHA,QUITO,QUITO,URBANA,2019-07-23,13:30:00,13,MARTES,2,JULIO,7,NO,NO GUARDAR LA DISTANCIA LATERAL MINIMA DE SEGURIDAD ENTRE VEHICULOS.,CHOQUE LATERAL,AUTOMOVIL,2,0,0,0,0,0,0,0,0,0,0,0,0,2,24,HOMBRE,ILESO,CONDUCTOR PRESENTE,NO,NO,0
19826,68045,68046,2019,1,0,-0.263992,-78.523687,PICHINCHA,QUITO,QUITO,URBANA,2019-07-23,14:00:00,14,MARTES,2,JULIO,7,NO,NO GUARDAR LA DISTANCIA LATERAL MINIMA DE SEGURIDAD ENTRE VEHICULOS.,CHOQUE LATERAL,NO IDENTIFICADO,0,0,0,0,0,0,0,0,0,2,0,0,0,2,24,MUJER,LESIONADO,CONDUCTOR PRESENTE,NO,NO,0
19827,68047,68048,2019,0,0,-0.232768,-78.508857,PICHINCHA,QUITO,QUITO,URBANA,2019-07-23,14:30:00,14,MARTES,2,JULIO,7,NO,"CASO FORTUITO O FUERZA MAYOR (EXPLOSION DE NEUMATICO NUEVO, DERRUMBE, INUNDACION, CAIDA DE PUENTE, ARBOL, PRESENCIA INTEMPESTIVA E IMPREVISTA DE SEMOVIENTES EN LA VIA, ETC.).",CHOQUE LATERAL,BICICLETA,1,1,0,0,0,0,0,0,0,0,0,0,0,2,51,HOMBRE,ILESO,CONDUCTOR PRESENTE,SI,NO,0
19828,68061,68062,2019,0,2,-0.017895,-78.385975,PICHINCHA,PEDRO MONCAYO,MALCHINGUI,RURAL,2019-07-23,18:40:00,18,MARTES,2,JULIO,7,NO,"CONDUCE BAJO LA INFLUENCIA DE ALCOHOL, SUSTANCIAS ESTUPEFACIENTES O PSICOTROPICAS Y/O MEDICAMENTOS.",ESTRELLAMIENTOS,CAMION,0,0,0,1,0,0,0,0,0,0,0,0,0,1,44,MUJER,FALLECIDO,PASAJERO,NO,NO,3
19829,68063,68064,2019,1,0,-0.242681,-78.497364,PICHINCHA,QUITO,QUITO,URBANA,2019-07-23,18:45:00,18,MARTES,2,JULIO,7,NO,"CONDUCIR DESATENTO A LAS CONDICIONES DE TRANSITO (CELULAR, PANTALLAS DE VIDEO, COMIDA, MAQUILLAJE O CUALQUIER OTRO ELEMENTO DISTRACTOR).",COLISION,AUTOMOVIL,2,0,0,0,0,0,0,0,1,0,0,0,0,3,26,HOMBRE,LESIONADO,CONDUCTOR PRESENTE,NO,NO,0
19830,68066,68067,2019,0,0,-0.006131,-78.449851,PICHINCHA,QUITO,SAN ANTONIO (QUITO),RURAL,2019-07-23,19:05:00,19,MARTES,2,JULIO,7,NO,"CONDUCE BAJO LA INFLUENCIA DE ALCOHOL, SUSTANCIAS ESTUPEFACIENTES O PSICOTROPICAS Y/O MEDICAMENTOS.",ESTRELLAMIENTOS,AUTOMOVIL,2,0,0,0,0,0,0,0,0,0,0,0,0,2,54,HOMBRE,ILESO,CONDUCTOR PRESENTE,NO,NO,3
19831,68067,68068,2019,0,0,-0.233564,-78.482412,PICHINCHA,QUITO,QUITO,URBANA,2019-07-23,19:20:00,19,MARTES,2,JULIO,7,NO,CONDUCIR VEHICULO SUPERANDO LOS LIMITES MAXIMOS DE VELOCIDAD.,CHOQUE LATERAL,AUTOMOVIL,2,0,0,0,0,0,0,0,0,0,0,0,0,2,33,HOMBRE,ILESO,CONDUCTOR PRESENTE,NO,NO,0
19832,68073,68074,2019,0,0,-0.144701,-78.483489,PICHINCHA,QUITO,QUITO,URBANA,2019-07-23,22:00:00,22,MARTES,2,JULIO,7,NO,NO GUARDAR LA DISTANCIA LATERAL MINIMA DE SEGURIDAD ENTRE VEHICULOS.,ROZAMIENTOS,AUTOMOVIL,1,0,0,0,1,0,0,0,0,0,0,0,0,2,24,HOMBRE,ILESO,CONDUCTOR PRESENTE,NO,NO,0
19833,68074,68075,2019,1,0,-0.121274,-78.480055,PICHINCHA,QUITO,QUITO,URBANA,2019-07-23,22:00:00,22,MARTES,2,JULIO,7,NO,NO TRANSITAR POR LAS ACERAS O ZONAS DE SEGURIDAD DESTINADAS PARA EL EFECTO.,ATROPELLOS,AUTOMOVIL,1,0,0,0,0,0,0,0,0,0,0,0,0,1,65,HOMBRE,LESIONADO,PEATON,NO,NO,0
19834,68075,68076,2019,1,0,-0.197826,-78.466466,PICHINCHA,QUITO,QUITO,RURAL,2019-07-23,22:30:00,22,MARTES,2,JULIO,7,NO,"PRESENCIA DE AGENTES EXTERNOS EN LA VIA (AGUA, ACEITE, PIEDRA, LASTRE, ESCOMBROS, MADEROS, ETC.).",ESTRELLAMIENTOS,AUTOMOVIL,1,0,0,0,0,0,0,0,0,0,0,0,0,1,24,HOMBRE,LESIONADO,CONDUCTOR PRESENTE,NO,NO,3
19835,68076,68077,2019,1,0,-0.255295,-78.505611,PICHINCHA,QUITO,QUITO,URBANA,2019-07-23,22:35:00,22,MARTES,2,JULIO,7,NO,CONDUCIR VEHICULO SUPERANDO LOS LIMITES MAXIMOS DE VELOCIDAD.,PERDIDA DE CARRIL,MOTOCICLETA,0,0,0,0,0,0,0,0,1,0,0,0,0,1,25,HOMBRE,LESIONADO,PASAJERO,NO,NO,0
19836,68080,68081,2019,0,1,-0.546627,-78.585498,PICHINCHA,MEJIA,ALOASI,RURAL,2019-07-24,00:30:00,0,MIERCOLES,3,JULIO,7,NO,"CONDUCIR DESATENTO A LAS CONDICIONES DE TRANSITO (CELULAR, PANTALLAS DE VIDEO, COMIDA, MAQUILLAJE O CUALQUIER OTRO ELEMENTO DISTRACTOR).",ATROPELLOS,NO IDENTIFICADO,0,0,0,0,0,0,0,0,0,1,0,0,0,1,33,HOMBRE,FALLECIDO,PEATON,NO,SI,3
19837,68084,68085,2019,0,1,-0.091179,-78.409405,PICHINCHA,QUITO,CALDERON (CARAPUNGO),RURAL,2019-07-24,06:45:00,6,MIERCOLES,3,JULIO,7,NO,"CONDICIONES AMBIENTALES Y/O ATMOSFERICAS (NIEBLA, NEBLINA, GRANIZO, LLUVIA).",PERDIDA DE CARRIL,MOTOCICLETA,0,0,0,1,0,0,0,0,1,0,0,0,0,2,28,HOMBRE,FALLECIDO,CONDUCTOR PRESENTE,NO,SI,3