,Unnamed: 0,ID,ANIO,LESIONADOS,FALLECIDOS,LATITUD_Y,LONGITUD_X,PROVINCIA,CANTON,PARROQUIA,ZONA,FECHA,HORA,PERIODO_2,DIA_1,DIA_2,MES_1,MES_2,FERIADO,CAUSA_PROBABLE,TIPO_DE_SINIESTRO,TIPO_DE_VEHICULO_1,AUTOMOVIL,BICICLETA,BUS,CAMION,CAMIONETA,EMERGENCIAS,ESPECIAL,FURGONETA,MOTOCICLETA,NO_IDENTIFICADO,SCOOTER_ELECTRICO,TRICIMOTO,VEHICULO_DEPORTIVO_UTILITARIO,SUMA_DE_VEHICULOS,EDAD_1,SEXO_1,CONDICION_1,PARTICIPANTE_1,CASCO_1,CINTURON_1,KMeans_Cluster
19838,68085,68086,2019,1,0,-0.150099,-78.453481,PICHINCHA,QUITO,QUITO,RURAL,2019-07-24,07:10:00,7,MIERCOLES,3,JULIO,7,NO,CONDUCIR VEHICULO SUPERANDO LOS LIMITES MAXIMOS DE VELOCIDAD.,CHOQUE LATERAL,AUTOMOVIL,2,0,0,0,0,0,0,0,0,0,0,0,0,2,40,HOMBRE,LESIONADO,CONDUCTOR PRESENTE,NO,NO,3
19839,68086,68087,2019,0,0,-0.237474,-78.484642,PICHINCHA,QUITO,QUITO,URBANA,2019-07-24,07:14:00,7,MIERCOLES,3,JULIO,7,NO,"FALLA MECANICA EN LOS SISTEMAS Y/O NEUMATICOS (SISTEMA DE FRENOS, DIRECCION, ELECTRONICO O MECANICO).",ESTRELLAMIENTOS,AUTOMOVIL,1,0,0,0,0,0,0,0,0,0,0,0,0,1,46,HOMBRE,ILESO,CONDUCTOR PRESENTE,NO,NO,0
19840,68089,68090,2019,1,0,-0.249488,-78.517301,PICHINCHA,QUITO,QUITO,URBANA,2019-07-24,07:50:00,7,MIERCOLES,3,JULIO,7,NO,NO TRANSITAR POR LAS ACERAS O ZONAS DE SEGURIDAD DESTINADAS PARA EL EFECTO.,ATROPELLOS,CAMIONETA,0,0,0,0,1,0,0,0,0,0,0,0,0,1,9,MUJER,LESIONADO,PEATON,NO,NO,0
19841,68095,68096,2019,0,0,-0.212824,-78.402686,PICHINCHA,QUITO,TUMBACO,RURAL,2019-07-24,09:10:00,9,MIERCOLES,3,JULIO,7,NO,"CONDICIONES AMBIENTALES Y/O ATMOSFERICAS (NIEBLA, NEBLINA, GRANIZO, LLUVIA).",COLISION,AUTOMOVIL,1,0,0,0,2,0,0,0,1,0,0,0,0,4,38,HOMBRE,ILESO,CONDUCTOR PRESENTE,NO,NO,3
19842,68099,68100,2019,1,0,-0.209484,-78.426091,PICHINCHA,QUITO,CUMBAYA,RURAL,2019-07-24,10:40:00,10,MIERCOLES,3,JULIO,7,NO,"CONDICIONES AMBIENTALES Y/O ATMOSFERICAS (NIEBLA, NEBLINA, GRANIZO, LLUVIA).",OTROS,AUTOMOVIL,1,0,0,0,0,0,0,0,0,0,0,0,0,1,93,HOMBRE,LESIONADO,PASAJERO,NO,NO,3
19843,68103,68104,2019,0,0,-0.182997,-78.503721,PICHINCHA,QUITO,QUITO,URBANA,2019-07-24,11:55:00,11,MIERCOLES,3,JULIO,7,NO,"NO RESPETAR LAS SENIALES REGLAMENTARIAS DE TRANSITO. (PARE, CEDA EL PASO, LUZ ROJA DEL SEMAFORO, ETC).",CHOQUE LATERAL,CAMIONETA,1,0,0,0,1,0,0,0,0,0,0,0,0,2,31,HOMBRE,ILESO,CONDUCTOR PRESENTE,NO,NO,0
19844,68104,68105,2019,0,0,-0.293117,-78.477928,PICHINCHA,QUITO,CONOCOTO,RURAL,2019-07-24,11:58:00,11,MIERCOLES,3,JULIO,7,NO,NO GUARDAR LA DISTANCIA LATERAL MINIMA DE SEGURIDAD ENTRE VEHICULOS.,ROZAMIENTOS,AUTOMOVIL,2,0,0,0,0,0,0,0,0,0,0,0,0,2,28,MUJER,ILESO,CONDUCTOR PRESENTE,NO,NO,3
19845,68113,68114,2019,2,0,-0.286581,-78.549902,PICHINCHA,QUITO,QUITO,URBANA,2019-07-24,13:15:00,13,MIERCOLES,3,JULIO,7,NO,NO TRANSITAR POR LAS ACERAS O ZONAS DE SEGURIDAD DESTINADAS PARA EL EFECTO.,ATROPELLOS,MOTOCICLETA,0,0,0,0,0,0,0,0,1,0,0,0,0,1,8,HOMBRE,LESIONADO,PEATON,NO,NO,0
19846,68119,68120,2019,2,0,-0.250131,-78.514559,PICHINCHA,QUITO,QUITO,URBANA,2019-07-24,15:10:00,15,MIERCOLES,3,JULIO,7,NO,CONDUCIR VEHICULO SUPERANDO LOS LIMITES MAXIMOS DE VELOCIDAD.,CHOQUE LATERAL,AUTOMOVIL,2,0,0,0,0,0,0,0,0,0,0,0,0,2,47,MUJER,LESIONADO,PASAJERO,NO,NO,0
19847,68124,68125,2019,1,0,-0.202191,-78.497852,PICHINCHA,QUITO,QUITO,URBANA,2019-07-24,16:00:00,16,MIERCOLES,3,JULIO,7,NO,CONDUCIR VEHICULO SUPERANDO LOS LIMITES MAXIMOS DE VELOCIDAD.,ATROPELLOS,CAMIONETA,0,0,0,0,1,0,0,0,0,0,0,0,0,1,25,MUJER,LESIONADO,PEATON,NO,NO,0
19848,68125,68126,2019,1,0,-0.142705,-78.492413,PICHINCHA,QUITO,QUITO,URBANA,2019-07-24,17:15:00,17,MIERCOLES,3,JULIO,7,NO,NO CEDER EL DERECHO DE VIA O PREFERENCIA DE PASO AL PEATON.,ATROPELLOS,AUTOMOVIL,1,0,0,0,0,0,0,0,0,0,0,0,0,1,13,HOMBRE,LESIONADO,PEATON,NO,NO,0
19849,68126,68127,2019,1,0,-0.056246,-78.454861,PICHINCHA,QUITO,POMASQUI,RURAL,2019-07-24,17:50:00,17,MIERCOLES,3,JULIO,7,NO,"CONDUCIR DESATENTO A LAS CONDICIONES DE TRANSITO (CELULAR, PANTALLAS DE VIDEO, COMIDA, MAQUILLAJE O CUALQUIER OTRO ELEMENTO DISTRACTOR).",PERDIDA DE CARRIL,AUTOMOVIL,4,0,0,0,0,0,0,0,0,0,0,0,0,4,8,MUJER,LESIONADO,PASAJERO,NO,SI,3
19850,68133,68134,2019,0,0,-0.297669,-78.550122,PICHINCHA,QUITO,QUITO,URBANA,2019-07-24,22:05:00,22,MIERCOLES,3,JULIO,7,NO,CONDUCIR VEHICULO SUPERANDO LOS LIMITES MAXIMOS DE VELOCIDAD.,ESTRELLAMIENTOS,AUTOMOVIL,1,0,0,0,0,0,0,0,0,0,0,0,0,1,-1,NO IDENTIFICADO,NO IDENTIFICADO,CONDUCTOR AUSENTE,NO,NO,2
19851,68136,68137,2019,0,0,-0.228821,-78.502945,PICHINCHA,QUITO,QUITO,URBANA,2019-07-24,22:45:00,22,MIERCOLES,3,JULIO,7,NO,CONDUCIR VEHICULO SUPERANDO LOS LIMITES MAXIMOS DE VELOCIDAD.,ESTRELLAMIENTOS,AUTOMOVIL,1,0,0,0,0,0,0,0,0,0,0,0,0,1,-1,NO IDENTIFICADO,NO IDENTIFICADO,CONDUCTOR AUSENTE,NO,NO,2
19852,68141,68142,2019,0,0,-0.289913,-78.537629,PICHINCHA,QUITO,QUITO,URBANA,2019-07-25,01:45:00,1,JUEVES,4,JULIO,7,NO,REALIZAR CAMBIO BRUSCO O INDEBIDO DE CARRIL.,ESTRELLAMIENTOS,AUTOMOVIL,2,0,0,0,0,0,0,0,0,0,0,0,0,2,36,HOMBRE,ILESO,CONDUCTOR PRESENTE,NO,NO,0
19853,68146,68147,2019,2,0,-0.207128,-78.493915,PICHINCHA,QUITO,QUITO,URBANA,2019-07-25,06:50:00,6,JUEVES,4,JULIO,7,NO,"NO RESPETAR LAS SENIALES REGLAMENTARIAS DE TRANSITO. (PARE, CEDA EL PASO, LUZ ROJA DEL SEMAFORO, ETC).",CHOQUE LATERAL,AUTOMOVIL,2,0,0,0,0,0,0,0,0,0,0,0,0,2,80,MUJER,LESIONADO,PASAJERO,NO,NO,0
19854,68149,68150,2019,0,0,-0.187589,-78.475484,PICHINCHA,QUITO,QUITO,URBANA,2019-07-25,07:10:00,7,JUEVES,4,JULIO,7,NO,CONDUCIR VEHICULO SUPERANDO LOS LIMITES MAXIMOS DE VELOCIDAD.,VOLCAMIENTOS,AUTOMOVIL,1,0,0,0,0,0,0,0,0,0,0,0,0,1,-1,NO IDENTIFICADO,NO IDENTIFICADO,CONDUCTOR AUSENTE,NO,NO,2
19855,68160,68161,2019,0,0,-0.237369,-78.484618,PICHINCHA,QUITO,QUITO,URBANA,2019-07-25,10:25:00,10,JUEVES,4,JULIO,7,NO,"FALLA MECANICA EN LOS SISTEMAS Y/O NEUMATICOS (SISTEMA DE FRENOS, DIRECCION, ELECTRONICO O MECANICO).",ESTRELLAMIENTOS,AUTOMOVIL,1,0,0,0,0,0,0,0,0,0,0,0,0,1,33,HOMBRE,ILESO,CONDUCTOR PRESENTE,NO,NO,0
19856,68183,68184,2019,0,0,-0.250595,-78.534027,PICHINCHA,QUITO,QUITO,URBANA,2019-07-25,20:00:00,20,JUEVES,4,JULIO,7,NO,CONDUCIR VEHICULO SUPERANDO LOS LIMITES MAXIMOS DE VELOCIDAD.,ESTRELLAMIENTOS,AUTOMOVIL,1,0,0,0,0,0,0,0,0,0,0,0,0,1,35,HOMBRE,ILESO,PASAJERO,NO,NO,0
19857,68189,68190,2019,1,0,-0.171171,-78.490285,PICHINCHA,QUITO,QUITO,URBANA,2019-07-25,21:20:00,21,JUEVES,4,JULIO,7,NO,"CONDUCE BAJO LA INFLUENCIA DE ALCOHOL, SUSTANCIAS ESTUPEFACIENTES O PSICOTROPICAS Y/O MEDICAMENTOS.",COLISION,AUTOMOVIL,3,0,0,0,0,0,0,0,0,0,0,0,0,3,22,HOMBRE,LESIONADO,CONDUCTOR PRESENTE,NO,NO,0
19858,68191,68192,2019,0,0,-0.307057,-78.551774,PICHINCHA,QUITO,QUITO,URBANA,2019-07-25,22:20:00,22,JUEVES,4,JULIO,7,NO,NO CEDER EL DERECHO DE VIA O PREFERENCIA DE PASO A VEHICULOS.,CHOQUE LATERAL,AUTOMOVIL,2,0,0,0,0,0,0,0,0,0,0,0,0,2,26,MUJER,ILESO,CONDUCTOR PRESENTE,NO,NO,0
19859,68192,68193,2019,0,0,-0.126572,-78.495448,PICHINCHA,QUITO,QUITO,URBANA,2019-07-25,23:20:00,23,JUEVES,4,JULIO,7,NO,"NO RESPETAR LAS SENIALES REGLAMENTARIAS DE TRANSITO. (PARE, CEDA EL PASO, LUZ ROJA DEL SEMAFORO, ETC).",CHOQUE LATERAL,AUTOMOVIL,2,0,0,0,0,0,0,0,0,0,0,0,0,2,14,MUJER,ILESO,PASAJERO,NO,NO,0
19860,68200,68201,2019,0,0,-0.148497,-78.498391,PICHINCHA,QUITO,QUITO,URBANA,2019-07-26,01:00:00,1,VIERNES,5,JULIO,7,NO,"CONDUCIR DESATENTO A LAS CONDICIONES DE TRANSITO (CELULAR, PANTALLAS DE VIDEO, COMIDA, MAQUILLAJE O CUALQUIER OTRO ELEMENTO DISTRACTOR).",ESTRELLAMIENTOS,AUTOMOVIL,1,0,0,0,0,0,0,0,0,1,0,0,0,2,29,HOMBRE,ILESO,CONDUCTOR PRESENTE,NO,NO,0
19861,68201,68202,2019,1,0,-0.082332,-78.436814,PICHINCHA,QUITO,CALDERON (CARAPUNGO),RURAL,2019-07-26,01:20:00,1,VIERNES,5,JULIO,7,NO,CONDUCIR VEHICULO SUPERANDO LOS LIMITES MAXIMOS DE VELOCIDAD.,OTROS,MOTOCICLETA,0,0,0,0,0,0,0,0,1,0,0,0,0,1,24,HOMBRE,LESIONADO,CONDUCTOR PRESENTE,NO,NO,3
19862,68208,68209,2019,0,0,-0.283634,-78.535666,PICHINCHA,QUITO,QUITO,URBANA,2019-07-26,04:05:00,4,VIERNES,5,JULIO,7,NO,"CONDUCE BAJO LA INFLUENCIA DE ALCOHOL, SUSTANCIAS ESTUPEFACIENTES O PSICOTROPICAS Y/O MEDICAMENTOS.",CHOQUE POSTERIOR,BUS,1,0,1,0,0,0,0,0,0,0,0,0,0,2,29,HOMBRE,ILESO,CONDUCTOR PRESENTE,NO,NO,0
19863,68215,68216,2019,0,0,-0.093556,-78.479751,PICHINCHA,QUITO,QUITO,URBANA,2019-07-26,06:15:00,6,VIERNES,5,JULIO,7,NO,NO MANTENER LA DISTANCIA PRUDENCIAL CON RESPECTO AL VEHICULO QUE LE ANTECEDE.,COLISION,AUTOMOVIL,2,0,0,0,0,0,0,1,0,0,0,0,0,3,26,MUJER,ILESO,CONDUCTOR PRESENTE,NO,NO,0
19864,68219,68220,2019,0,0,-0.232881,-78.524489,PICHINCHA,QUITO,QUITO,URBANA,2019-07-26,07:35:00,7,VIERNES,5,JULIO,7,NO,REALIZAR CAMBIO BRUSCO O INDEBIDO DE CARRIL.,CHOQUE POSTERIOR,AUTOMOVIL,2,0,0,0,0,0,0,0,0,0,0,0,0,2,74,HOMBRE,ILESO,CONDUCTOR PRESENTE,NO,NO,0
19865,68250,68251,2019,0,0,-0.184741,-78.492577,PICHINCHA,QUITO,QUITO,URBANA,2019-07-26,20:00:00,20,VIERNES,5,JULIO,7,NO,CONDUCIR VEHICULO SUPERANDO LOS LIMITES MAXIMOS DE VELOCIDAD.,ESTRELLAMIENTOS,AUTOMOVIL,1,0,0,0,0,0,0,0,0,0,0,0,0,1,-1,NO IDENTIFICADO,NO IDENTIFICADO,CONDUCTOR AUSENTE,NO,NO,2
19866,68262,68263,2019,1,0,-0.103276,-78.423617,PICHINCHA,QUITO,CALDERON (CARAPUNGO),RURAL,2019-07-26,22:45:00,22,VIERNES,5,JULIO,7,NO,"CONDUCIR EN ESTADO DE SOMNOLENCIA O MALAS CONDICIONES FISICAS (SUENIO, CANSANCIO Y FATIGA).",PERDIDA DE CARRIL,NO IDENTIFICADO,0,0,0,0,0,0,0,0,0,1,0,0,0,1,25,HOMBRE,LESIONADO,PASAJERO,NO,NO,3
19867,68263,68264,2019,0,0,-0.123551,-78.426711,PICHINCHA,QUITO,CALDERON (CARAPUNGO),RURAL,2019-07-26,23:00:00,23,VIERNES,5,JULIO,7,NO,CONDUCIR VEHICULO SUPERANDO LOS LIMITES MAXIMOS DE VELOCIDAD.,CHOQUE LATERAL,AUTOMOVIL,1,0,0,0,0,0,0,0,0,1,0,0,0,2,35,MUJER,ILESO,PASAJERO,NO,NO,3
19868,68264,68265,2019,1,0,-0.058111,-78.344101,PICHINCHA,QUITO,GUAYLLABAMBA,RURAL,2019-07-26,23:40:00,23,VIERNES,5,JULIO,7,NO,NO MANTENER LA DISTANCIA PRUDENCIAL CON RESPECTO AL VEHICULO QUE LE ANTECEDE.,CHOQUE POSTERIOR,MOTOCICLETA,0,0,0,0,0,0,0,0,2,0,0,0,0,2,26,HOMBRE,LESIONADO,PASAJERO,NO,NO,3
19869,68267,68268,2019,0,1,-0.245224,-78.513953,PICHINCHA,QUITO,QUITO,URBANA,2019-07-27,00:30:00,0,SABADO,6,JULIO,7,NO,CONDUCIR VEHICULO SUPERANDO LOS LIMITES MAXIMOS DE VELOCIDAD.,ATROPELLOS,NO IDENTIFICADO,0,0,0,0,0,0,0,0,0,1,0,0,0,1,49,HOMBRE,FALLECIDO,PEATON,NO,NO,0
19870,68268,68269,2019,0,0,-0.340146,-78.548912,PICHINCHA,QUITO,QUITO,URBANA,2019-07-27,00:50:00,0,SABADO,6,JULIO,7,NO,NO GUARDAR LA DISTANCIA LATERAL MINIMA DE SEGURIDAD ENTRE VEHICULOS.,CHOQUE LATERAL,CAMION,1,0,0,1,0,0,0,0,0,0,0,0,0,2,60,HOMBRE,ILESO,CONDUCTOR PRESENTE,NO,NO,0
19871,68275,68276,2019,0,0,-0.154681,-78.477643,PICHINCHA,QUITO,QUITO,URBANA,2019-07-27,02:45:00,2,SABADO,6,JULIO,7,NO,"NO RESPETAR LAS SENIALES REGLAMENTARIAS DE TRANSITO. (PARE, CEDA EL PASO, LUZ ROJA DEL SEMAFORO, ETC).",ESTRELLAMIENTOS,AUTOMOVIL,1,0,0,0,0,0,0,0,0,0,0,0,0,1,-1,NO IDENTIFICADO,NO IDENTIFICADO,CONDUCTOR AUSENTE,NO,NO,2
19872,68276,68277,2019,0,0,-0.176549,-78.481391,PICHINCHA,QUITO,QUITO,URBANA,2019-07-27,03:00:00,3,SABADO,6,JULIO,7,NO,"CONDUCE BAJO LA INFLUENCIA DE ALCOHOL, SUSTANCIAS ESTUPEFACIENTES O PSICOTROPICAS Y/O MEDICAMENTOS.",CHOQUE LATERAL,AUTOMOVIL,2,0,0,0,0,0,0,0,0,0,0,0,0,2,43,HOMBRE,ILESO,CONDUCTOR PRESENTE,NO,NO,0
19873,68278,68279,2019,1,0,-0.272971,-78.529361,PICHINCHA,QUITO,QUITO,URBANA,2019-07-27,03:50:00,3,SABADO,6,JULIO,7,NO,NO GUARDAR LA DISTANCIA LATERAL MINIMA DE SEGURIDAD ENTRE VEHICULOS.,CHOQUE LATERAL,MOTOCICLETA,0,0,0,0,0,0,0,0,1,1,0,0,0,2,31,HOMBRE,LESIONADO,CONDUCTOR PRESENTE,NO,NO,0
19874,68281,68282,2019,1,0,-0.268201,-78.546463,PICHINCHA,QUITO,QUITO,URBANA,2019-07-27,04:10:00,4,SABADO,6,JULIO,7,NO,"NO RESPETAR LAS SENIALES REGLAMENTARIAS DE TRANSITO. (PARE, CEDA EL PASO, LUZ ROJA DEL SEMAFORO, ETC).",CHOQUE LATERAL,CAMIONETA,0,0,0,0,1,0,0,1,0,0,0,0,0,2,50,MUJER,LESIONADO,PASAJERO,NO,NO,0
19875,68283,68284,2019,0,2,-0.204095,-78.458081,PICHINCHA,QUITO,QUITO,RURAL,2019-07-27,04:40:00,4,SABADO,6,JULIO,7,NO,CONDUCIR VEHICULO SUPERANDO LOS LIMITES MAXIMOS DE VELOCIDAD.,ESTRELLAMIENTOS,MOTOCICLETA,0,0,0,0,0,0,0,0,1,0,0,0,0,1,21,HOMBRE,FALLECIDO,PASAJERO,NO,NO,3
19876,68287,68288,2019,0,0,-0.161461,-78.487356,PICHINCHA,QUITO,QUITO,URBANA,2019-07-27,05:20:00,5,SABADO,6,JULIO,7,NO,CONDUCIR VEHICULO SUPERANDO LOS LIMITES MAXIMOS DE VELOCIDAD.,ESTRELLAMIENTOS,AUTOMOVIL,1,0,0,0,0,0,0,0,0,0,0,0,0,1,-1,NO IDENTIFICADO,NO IDENTIFICADO,CONDUCTOR AUSENTE,NO,NO,2
19877,68292,68293,2019,1,0,-0.235827,-78.515048,PICHINCHA,QUITO,QUITO,URBANA,2019-07-27,08:00:00,8,SABADO,6,JULIO,7,NO,CONDUCIR VEHICULO SUPERANDO LOS LIMITES MAXIMOS DE VELOCIDAD.,CHOQUE LATERAL,MOTOCICLETA,1,0,0,0,0,0,0,0,1,0,0,0,0,2,28,HOMBRE,LESIONADO,CONDUCTOR PRESENTE,NO,NO,0
19878,68293,68294,2019,0,0,-0.271091,-78.542803,PICHINCHA,QUITO,QUITO,URBANA,2019-07-27,08:00:00,8,SABADO,6,JULIO,7,NO,"CONDUCE BAJO LA INFLUENCIA DE ALCOHOL, SUSTANCIAS ESTUPEFACIENTES O PSICOTROPICAS Y/O MEDICAMENTOS.",CHOQUE LATERAL,AUTOMOVIL,2,0,0,0,0,0,0,0,0,0,0,0,0,2,43,HOMBRE,ILESO,CONDUCTOR PRESENTE,NO,NO,0
19879,68294,68295,2019,1,0,-0.229326,-78.514629,PICHINCHA,QUITO,QUITO,URBANA,2019-07-27,08:10:00,8,SABADO,6,JULIO,7,NO,NO MANTENER LA DISTANCIA PRUDENCIAL CON RESPECTO AL VEHICULO QUE LE ANTECEDE.,CHOQUE POSTERIOR,BICICLETA,0,1,0,0,0,0,0,0,0,1,0,0,0,2,51,HOMBRE,LESIONADO,CONDUCTOR PRESENTE,NO,NO,0
19880,68296,68297,2019,1,0,-0.111134,-78.496281,PICHINCHA,QUITO,QUITO,URBANA,2019-07-27,08:30:00,8,SABADO,6,JULIO,7,NO,"FALLA MECANICA EN LOS SISTEMAS Y/O NEUMATICOS (SISTEMA DE FRENOS, DIRECCION, ELECTRONICO O MECANICO).",CHOQUE LATERAL,MOTOCICLETA,0,0,0,0,1,0,0,0,1,0,0,0,0,2,35,HOMBRE,LESIONADO,CONDUCTOR PRESENTE,NO,NO,0
19881,68302,68303,2019,0,0,-0.231317,-78.499082,PICHINCHA,QUITO,QUITO,URBANA,2019-07-27,09:35:00,9,SABADO,6,JULIO,7,NO,NO MANTENER LA DISTANCIA PRUDENCIAL CON RESPECTO AL VEHICULO QUE LE ANTECEDE.,COLISION,AUTOMOVIL,4,0,0,0,0,0,0,0,0,0,0,0,0,4,25,HOMBRE,ILESO,CONDUCTOR PRESENTE,NO,NO,0
19882,68303,68304,2019,0,0,-0.243255,-78.508901,PICHINCHA,QUITO,QUITO,URBANA,2019-07-27,09:45:00,9,SABADO,6,JULIO,7,NO,CONDUCIR VEHICULO SUPERANDO LOS LIMITES MAXIMOS DE VELOCIDAD.,CHOQUE POSTERIOR,AUTOMOVIL,1,0,0,0,1,0,0,0,0,0,0,0,0,2,48,HOMBRE,ILESO,CONDUCTOR PRESENTE,NO,NO,0
19883,68304,68305,2019,0,0,-0.153266,-78.482746,PICHINCHA,QUITO,QUITO,URBANA,2019-07-27,10:10:00,10,SABADO,6,JULIO,7,NO,"NO RESPETAR LAS SENIALES REGLAMENTARIAS DE TRANSITO. (PARE, CEDA EL PASO, LUZ ROJA DEL SEMAFORO, ETC).",CHOQUE LATERAL,MOTOCICLETA,1,0,0,0,0,0,0,0,1,0,0,0,0,2,40,HOMBRE,ILESO,CONDUCTOR PRESENTE,NO,NO,0
19884,68305,68306,2019,0,0,-0.219469,-78.506959,PICHINCHA,QUITO,QUITO,URBANA,2019-07-27,10:34:00,10,SABADO,6,JULIO,7,NO,NO MANTENER LA DISTANCIA PRUDENCIAL CON RESPECTO AL VEHICULO QUE LE ANTECEDE.,CHOQUE POSTERIOR,BUS,1,0,1,0,0,0,0,0,0,0,0,0,0,2,23,HOMBRE,ILESO,CONDUCTOR PRESENTE,NO,NO,0
19885,68306,68307,2019,2,0,-0.091585,-78.439052,PICHINCHA,QUITO,CALDERON (CARAPUNGO),RURAL,2019-07-27,11:10:00,11,SABADO,6,JULIO,7,NO,NO TRANSITAR POR LAS ACERAS O ZONAS DE SEGURIDAD DESTINADAS PARA EL EFECTO.,ATROPELLOS,AUTOMOVIL,1,0,0,0,0,0,0,0,0,0,0,0,0,1,64,MUJER,LESIONADO,PEATON,NO,NO,3
19886,68314,68315,2019,0,0,-0.226885,-78.508521,PICHINCHA,QUITO,QUITO,URBANA,2019-07-27,16:00:00,16,SABADO,6,JULIO,7,NO,REALIZAR CAMBIO BRUSCO O INDEBIDO DE CARRIL.,CHOQUE LATERAL,AUTOMOVIL,2,0,0,0,0,0,0,0,0,0,0,0,0,2,70,HOMBRE,ILESO,CONDUCTOR PRESENTE,NO,NO,0
19887,68319,68320,2019,3,0,-0.299119,-78.561642,PICHINCHA,QUITO,QUITO,URBANA,2019-07-27,16:40:00,16,SABADO,6,JULIO,7,NO,"CONDUCIR EN ESTADO DE SOMNOLENCIA O MALAS CONDICIONES FISICAS (SUENIO, CANSANCIO Y FATIGA).",CHOQUE LATERAL,MOTOCICLETA,0,0,1,0,0,0,0,0,1,0,0,0,0,2,2,MUJER,LESIONADO,PASAJERO,NO,NO,0
19888,68330,68331,2019,1,0,-0.098885,-78.470687,PICHINCHA,QUITO,QUITO,URBANA,2019-07-27,20:00:00,20,SABADO,6,JULIO,7,NO,"CONDUCE BAJO LA INFLUENCIA DE ALCOHOL, SUSTANCIAS ESTUPEFACIENTES O PSICOTROPICAS Y/O MEDICAMENTOS.",CHOQUE FRONTAL,AUTOMOVIL,2,0,0,0,0,0,0,0,0,0,0,0,0,2,56,HOMBRE,LESIONADO,CONDUCTOR PRESENTE,NO,NO,0
19889,68335,68336,2019,1,0,-0.089986,-78.450844,PICHINCHA,QUITO,CALDERON (CARAPUNGO),RURAL,2019-07-27,20:20:00,20,SABADO,6,JULIO,7,NO,"CONDUCE BAJO LA INFLUENCIA DE ALCOHOL, SUSTANCIAS ESTUPEFACIENTES O PSICOTROPICAS Y/O MEDICAMENTOS.",ATROPELLOS,MOTOCICLETA,0,0,0,0,0,0,0,0,1,0,0,0,0,1,5,HOMBRE,LESIONADO,PEATON,NO,NO,3
19890,68344,68345,2019,1,0,-0.242613,-78.529803,PICHINCHA,QUITO,QUITO,URBANA,2019-07-27,21:45:00,21,SABADO,6,JULIO,7,NO,NO TRANSITAR POR LAS ACERAS O ZONAS DE SEGURIDAD DESTINADAS PARA EL EFECTO.,ATROPELLOS,AUTOMOVIL,1,0,0,0,0,0,0,0,0,0,0,0,0,1,6,MUJER,LESIONADO,PEATON,NO,NO,0
19891,68362,68363,2019,2,0,-0.072315,-78.474926,PICHINCHA,QUITO,POMASQUI,RURAL,2019-07-28,03:00:00,3,DOMINGO,7,JULIO,7,NO,"CONDUCIR DESATENTO A LAS CONDICIONES DE TRANSITO (CELULAR, PANTALLAS DE VIDEO, COMIDA, MAQUILLAJE O CUALQUIER OTRO ELEMENTO DISTRACTOR).",CHOQUE LATERAL,AUTOMOVIL,2,0,0,0,0,0,0,0,0,0,0,0,0,2,40,MUJER,LESIONADO,PASAJERO,NO,SI,3
19892,68363,68364,2019,0,0,-0.206931,-78.425899,PICHINCHA,QUITO,CUMBAYA,RURAL,2019-07-28,03:00:00,3,DOMINGO,7,JULIO,7,NO,CONDUCIR VEHICULO SUPERANDO LOS LIMITES MAXIMOS DE VELOCIDAD.,VOLCAMIENTOS,AUTOMOVIL,1,0,0,0,0,0,0,0,0,0,0,0,0,1,-1,NO IDENTIFICADO,NO IDENTIFICADO,CONDUCTOR AUSENTE,NO,NO,2
19893,68367,68368,2019,1,1,-0.471488,-78.566287,PICHINCHA,MEJIA,MACHACHI,RURAL,2019-07-28,03:40:00,3,DOMINGO,7,JULIO,7,NO,"CONDUCIR DESATENTO A LAS CONDICIONES DE TRANSITO (CELULAR, PANTALLAS DE VIDEO, COMIDA, MAQUILLAJE O CUALQUIER OTRO ELEMENTO DISTRACTOR).",PERDIDA DE PISTA,AUTOMOVIL,1,0,0,0,0,0,0,0,0,0,0,0,0,1,2,MUJER,FALLECIDO,PASAJERO,NO,SI,3
19894,68370,68371,2019,0,0,-0.151809,-78.497911,PICHINCHA,QUITO,QUITO,URBANA,2019-07-28,04:35:00,4,DOMINGO,7,JULIO,7,NO,"CASO FORTUITO O FUERZA MAYOR (EXPLOSION DE NEUMATICO NUEVO, DERRUMBE, INUNDACION, CAIDA DE PUENTE, ARBOL, PRESENCIA INTEMPESTIVA E IMPREVISTA DE SEMOVIENTES EN LA VIA, ETC.).",PERDIDA DE CARRIL,AUTOMOVIL,1,0,0,0,0,0,0,0,0,0,0,0,0,1,-1,NO IDENTIFICADO,NO IDENTIFICADO,CONDUCTOR AUSENTE,NO,NO,2
19895,68374,68375,2019,0,0,-0.213591,-78.497504,PICHINCHA,QUITO,QUITO,URBANA,2019-07-28,05:25:00,5,DOMINGO,7,JULIO,7,NO,CONDUCIR VEHICULO SUPERANDO LOS LIMITES MAXIMOS DE VELOCIDAD.,ESTRELLAMIENTOS,AUTOMOVIL,1,0,0,0,0,0,0,0,0,0,0,0,0,1,24,HOMBRE,ILESO,PASAJERO,NO,NO,0
19896,68377,68378,2019,1,0,-0.299532,-78.459219,PICHINCHA,RUMINIAHUI,SANGOLQUI,URBANA,2019-07-28,05:45:00,5,DOMINGO,7,JULIO,7,NO,"CONDUCE BAJO LA INFLUENCIA DE ALCOHOL, SUSTANCIAS ESTUPEFACIENTES O PSICOTROPICAS Y/O MEDICAMENTOS.",ESTRELLAMIENTOS,AUTOMOVIL,1,0,0,1,0,0,0,0,0,0,0,0,0,2,44,HOMBRE,LESIONADO,CONDUCTOR PRESENTE,NO,SI,0