,Unnamed: 0,ID,ANIO,LESIONADOS,FALLECIDOS,LATITUD_Y,LONGITUD_X,PROVINCIA,CANTON,PARROQUIA,ZONA,FECHA,HORA,PERIODO_2,DIA_1,DIA_2,MES_1,MES_2,FERIADO,CAUSA_PROBABLE,TIPO_DE_SINIESTRO,TIPO_DE_VEHICULO_1,AUTOMOVIL,BICICLETA,BUS,CAMION,CAMIONETA,EMERGENCIAS,ESPECIAL,FURGONETA,MOTOCICLETA,NO_IDENTIFICADO,SCOOTER_ELECTRICO,TRICIMOTO,VEHICULO_DEPORTIVO_UTILITARIO,SUMA_DE_VEHICULOS,EDAD_1,SEXO_1,CONDICION_1,PARTICIPANTE_1,CASCO_1,CINTURON_1,KMeans_Cluster
19897,68379,68380,2019,1,0,-0.126245,-78.480937,PICHINCHA,QUITO,QUITO,URBANA,2019-07-28,06:10:00,6,DOMINGO,7,JULIO,7,NO,CONDUCIR VEHICULO SUPERANDO LOS LIMITES MAXIMOS DE VELOCIDAD.,ATROPELLOS,BUS,0,0,1,0,0,0,0,0,0,0,0,0,0,1,46,HOMBRE,LESIONADO,PEATON,NO,NO,0
19898,68383,68384,2019,0,1,-0.006166,-78.444379,PICHINCHA,QUITO,SAN ANTONIO (QUITO),RURAL,2019-07-28,07:25:00,7,DOMINGO,7,JULIO,7,NO,NO CEDER EL DERECHO DE VIA O PREFERENCIA DE PASO AL PEATON.,ARROLLAMIENTOS,BUS,0,0,1,0,0,0,0,0,0,0,0,0,0,1,48,HOMBRE,FALLECIDO,PEATON,NO,NO,3
19899,68386,68387,2019,0,0,-0.033731,-78.446001,PICHINCHA,QUITO,POMASQUI,RURAL,2019-07-28,08:30:00,8,DOMINGO,7,JULIO,7,NO,NO MANTENER LA DISTANCIA PRUDENCIAL CON RESPECTO AL VEHICULO QUE LE ANTECEDE.,CHOQUE POSTERIOR,AUTOMOVIL,2,0,0,0,0,0,0,0,0,0,0,0,0,2,27,HOMBRE,ILESO,CONDUCTOR PRESENTE,NO,NO,3
19900,68399,68400,2019,0,0,-0.255314,-78.534281,PICHINCHA,QUITO,QUITO,URBANA,2019-07-28,14:30:00,14,DOMINGO,7,JULIO,7,NO,NO MANTENER LA DISTANCIA PRUDENCIAL CON RESPECTO AL VEHICULO QUE LE ANTECEDE.,CHOQUE POSTERIOR,AUTOMOVIL,1,0,0,0,0,0,0,0,0,1,0,0,0,2,46,HOMBRE,ILESO,CONDUCTOR PRESENTE,NO,NO,0
19901,68403,68404,2019,0,0,-0.242071,-78.521014,PICHINCHA,QUITO,QUITO,URBANA,2019-07-28,16:05:00,16,DOMINGO,7,JULIO,7,NO,"CONDUCE BAJO LA INFLUENCIA DE ALCOHOL, SUSTANCIAS ESTUPEFACIENTES O PSICOTROPICAS Y/O MEDICAMENTOS.",COLISION,AUTOMOVIL,3,0,0,0,0,0,0,0,0,0,0,0,0,3,9,HOMBRE,ILESO,PASAJERO,NO,NO,0
19902,68415,68416,2019,0,0,-0.129197,-78.502316,PICHINCHA,QUITO,QUITO,URBANA,2019-07-28,19:25:00,19,DOMINGO,7,JULIO,7,NO,CONDUCIR VEHICULO SUPERANDO LOS LIMITES MAXIMOS DE VELOCIDAD.,ESTRELLAMIENTOS,AUTOMOVIL,1,0,0,0,0,0,0,0,0,0,0,0,0,1,54,HOMBRE,ILESO,CONDUCTOR PRESENTE,NO,NO,0
19903,68421,68422,2019,2,0,-0.150393,-78.453592,PICHINCHA,QUITO,QUITO,RURAL,2019-07-28,21:30:00,21,DOMINGO,7,JULIO,7,NO,"FALLA MECANICA EN LOS SISTEMAS Y/O NEUMATICOS (SISTEMA DE FRENOS, DIRECCION, ELECTRONICO O MECANICO).",PERDIDA DE CARRIL,MOTOCICLETA,0,0,0,0,0,0,0,0,1,0,0,0,0,1,28,MUJER,LESIONADO,PASAJERO,NO,NO,3
19904,68423,68424,2019,0,0,-0.160801,-78.321267,PICHINCHA,QUITO,YARUQUI,RURAL,2019-07-28,21:45:00,21,DOMINGO,7,JULIO,7,NO,"CONDUCIR DESATENTO A LAS CONDICIONES DE TRANSITO (CELULAR, PANTALLAS DE VIDEO, COMIDA, MAQUILLAJE O CUALQUIER OTRO ELEMENTO DISTRACTOR).",CHOQUE POSTERIOR,BUS,1,0,1,0,0,0,0,0,0,0,0,0,0,2,50,HOMBRE,ILESO,CONDUCTOR PRESENTE,NO,SI,3
19905,68425,68426,2019,0,0,-0.158397,-78.485193,PICHINCHA,QUITO,QUITO,URBANA,2019-07-28,22:00:00,22,DOMINGO,7,JULIO,7,NO,CONDUCIR VEHICULO SUPERANDO LOS LIMITES MAXIMOS DE VELOCIDAD.,ESTRELLAMIENTOS,AUTOMOVIL,1,0,0,0,0,0,0,0,0,0,0,0,0,1,-1,NO IDENTIFICADO,NO IDENTIFICADO,CONDUCTOR AUSENTE,NO,NO,2
19906,68432,68433,2019,1,0,-0.443199,-78.684418,PICHINCHA,MEJIA,ALOAG,RURAL,2019-07-29,01:40:00,1,LUNES,1,JULIO,7,NO,"CONDUCIR DESATENTO A LAS CONDICIONES DE TRANSITO (CELULAR, PANTALLAS DE VIDEO, COMIDA, MAQUILLAJE O CUALQUIER OTRO ELEMENTO DISTRACTOR).",VOLCAMIENTOS,AUTOMOVIL,1,0,0,0,0,0,0,0,0,0,0,0,0,1,44,HOMBRE,LESIONADO,CONDUCTOR PRESENTE,NO,SI,3
19907,68435,68436,2019,0,0,-0.190119,-78.454217,PICHINCHA,QUITO,NAYON,RURAL,2019-07-29,05:20:00,5,LUNES,1,JULIO,7,NO,"PRESENCIA DE AGENTES EXTERNOS EN LA VIA (AGUA, ACEITE, PIEDRA, LASTRE, ESCOMBROS, MADEROS, ETC.).",ESTRELLAMIENTOS,CAMION,0,0,0,1,0,0,0,0,0,0,0,0,0,1,42,HOMBRE,ILESO,CONDUCTOR PRESENTE,NO,NO,3
19908,68436,68437,2019,1,0,-0.008351,-78.453037,PICHINCHA,QUITO,SAN ANTONIO (QUITO),RURAL,2019-07-29,06:30:00,6,LUNES,1,JULIO,7,NO,"CONDUCIR DESATENTO A LAS CONDICIONES DE TRANSITO (CELULAR, PANTALLAS DE VIDEO, COMIDA, MAQUILLAJE O CUALQUIER OTRO ELEMENTO DISTRACTOR).",CHOQUE LATERAL,AUTOMOVIL,2,0,0,0,0,0,0,0,0,0,0,0,0,2,62,HOMBRE,LESIONADO,CONDUCTOR PRESENTE,NO,SI,3
19909,68438,68439,2019,1,0,-0.318641,-78.549386,PICHINCHA,QUITO,QUITO,URBANA,2019-07-29,07:30:00,7,LUNES,1,JULIO,7,NO,"CASO FORTUITO O FUERZA MAYOR (EXPLOSION DE NEUMATICO NUEVO, DERRUMBE, INUNDACION, CAIDA DE PUENTE, ARBOL, PRESENCIA INTEMPESTIVA E IMPREVISTA DE SEMOVIENTES EN LA VIA, ETC.).",VOLCAMIENTOS,MOTOCICLETA,0,0,0,0,0,0,0,0,1,0,0,0,0,1,29,HOMBRE,LESIONADO,CONDUCTOR PRESENTE,NO,NO,0
19910,68444,68445,2019,0,0,-0.174894,-78.501169,PICHINCHA,QUITO,QUITO,URBANA,2019-07-29,08:30:00,8,LUNES,1,JULIO,7,NO,NO MANTENER LA DISTANCIA PRUDENCIAL CON RESPECTO AL VEHICULO QUE LE ANTECEDE.,COLISION,AUTOMOVIL,3,0,0,0,0,0,0,0,0,0,0,0,0,3,32,HOMBRE,ILESO,CONDUCTOR PRESENTE,NO,NO,0
19911,68446,68447,2019,0,0,-0.203604,-78.488524,PICHINCHA,QUITO,QUITO,URBANA,2019-07-29,09:30:00,9,LUNES,1,JULIO,7,NO,REALIZAR CAMBIO BRUSCO O INDEBIDO DE CARRIL.,CHOQUE LATERAL,AUTOMOVIL,1,0,0,0,0,0,0,0,1,0,0,0,0,2,27,HOMBRE,ILESO,CONDUCTOR PRESENTE,NO,NO,0
19912,68465,68466,2019,0,0,-0.169297,-78.476304,PICHINCHA,QUITO,QUITO,URBANA,2019-07-29,15:00:00,15,LUNES,1,JULIO,7,NO,CONDUCIR VEHICULO SUPERANDO LOS LIMITES MAXIMOS DE VELOCIDAD.,CHOQUE LATERAL,AUTOMOVIL,2,0,0,0,0,0,0,0,0,0,0,0,0,2,38,MUJER,ILESO,CONDUCTOR PRESENTE,NO,NO,0
19913,68467,68468,2019,0,0,-0.210318,-78.494183,PICHINCHA,QUITO,QUITO,URBANA,2019-07-29,15:49:00,15,LUNES,1,JULIO,7,NO,CONDUCIR VEHICULO SUPERANDO LOS LIMITES MAXIMOS DE VELOCIDAD.,CHOQUE LATERAL,AUTOMOVIL,2,0,0,0,0,0,0,0,0,0,0,0,0,2,60,HOMBRE,ILESO,CONDUCTOR PRESENTE,NO,NO,0
19914,68478,68479,2019,1,0,-0.279865,-78.559221,PICHINCHA,QUITO,QUITO,URBANA,2019-07-29,21:05:00,21,LUNES,1,JULIO,7,NO,NO TRANSITAR POR LAS ACERAS O ZONAS DE SEGURIDAD DESTINADAS PARA EL EFECTO.,ATROPELLOS,CAMION,0,0,0,1,0,0,0,0,0,0,0,0,0,1,-1,MUJER,LESIONADO,PEATON,NO,NO,0
19915,68479,68480,2019,0,0,-0.274405,-78.553441,PICHINCHA,QUITO,QUITO,URBANA,2019-07-29,21:20:00,21,LUNES,1,JULIO,7,NO,"FALLA MECANICA EN LOS SISTEMAS Y/O NEUMATICOS (SISTEMA DE FRENOS, DIRECCION, ELECTRONICO O MECANICO).",ESTRELLAMIENTOS,BUS,0,0,1,0,0,0,0,0,0,0,0,0,0,1,61,HOMBRE,ILESO,CONDUCTOR PRESENTE,NO,NO,0
19916,68485,68486,2019,2,0,-0.188003,-78.491954,PICHINCHA,QUITO,QUITO,URBANA,2019-07-29,23:40:00,23,LUNES,1,JULIO,7,NO,CONDUCIR VEHICULO SUPERANDO LOS LIMITES MAXIMOS DE VELOCIDAD.,ESTRELLAMIENTOS,MOTOCICLETA,0,0,0,0,0,0,0,0,1,0,0,0,0,1,32,HOMBRE,LESIONADO,PASAJERO,NO,NO,0
19917,68491,68492,2019,2,0,-0.141456,-78.483041,PICHINCHA,QUITO,QUITO,URBANA,2019-07-30,05:45:00,5,MARTES,2,JULIO,7,NO,PEATON QUE CRUZA LA CALZADA SIN RESPETAR LA SENIALIZACION EXISTENTE (SEMAFOROS O SENIALES MANUALES).,ATROPELLOS,MOTOCICLETA,0,0,0,0,0,0,0,0,1,0,0,0,0,1,27,HOMBRE,LESIONADO,CONDUCTOR PRESENTE,NO,NO,0
19918,68495,68496,2019,1,0,-0.121935,-78.491561,PICHINCHA,QUITO,QUITO,URBANA,2019-07-30,06:43:00,6,MARTES,2,JULIO,7,NO,NO GUARDAR LA DISTANCIA LATERAL MINIMA DE SEGURIDAD ENTRE VEHICULOS.,CHOQUE LATERAL,AUTOMOVIL,1,0,0,0,1,0,0,0,0,0,0,0,0,2,44,HOMBRE,LESIONADO,CONDUCTOR PRESENTE,NO,NO,0
19919,68499,68500,2019,0,0,-0.181995,-78.475521,PICHINCHA,QUITO,QUITO,URBANA,2019-07-30,07:39:00,7,MARTES,2,JULIO,7,NO,NO MANTENER LA DISTANCIA PRUDENCIAL CON RESPECTO AL VEHICULO QUE LE ANTECEDE.,COLISION,AUTOMOVIL,2,0,0,0,0,0,0,0,1,0,0,0,0,3,21,HOMBRE,ILESO,CONDUCTOR PRESENTE,NO,NO,0
19920,68516,68517,2019,0,0,-0.245744,-78.543713,PICHINCHA,QUITO,QUITO,URBANA,2019-07-30,13:15:00,13,MARTES,2,JULIO,7,NO,NO GUARDAR LA DISTANCIA LATERAL MINIMA DE SEGURIDAD ENTRE VEHICULOS.,CHOQUE LATERAL,AUTOMOVIL,1,0,0,0,0,0,0,1,0,0,0,0,0,2,27,HOMBRE,ILESO,CONDUCTOR PRESENTE,NO,NO,0
19921,68530,68531,2019,1,0,-0.211285,-78.482743,PICHINCHA,QUITO,QUITO,URBANA,2019-07-30,18:10:00,18,MARTES,2,JULIO,7,NO,NO TRANSITAR POR LAS ACERAS O ZONAS DE SEGURIDAD DESTINADAS PARA EL EFECTO.,ATROPELLOS,AUTOMOVIL,1,0,0,0,0,0,0,0,0,0,0,0,0,1,41,HOMBRE,LESIONADO,PEATON,NO,NO,0
19922,68531,68532,2019,2,1,-0.424429,-78.551573,PICHINCHA,MEJIA,TAMBILLO (MEJIA),RURAL,2019-07-30,18:15:00,18,MARTES,2,JULIO,7,NO,"CONDUCIR DESATENTO A LAS CONDICIONES DE TRANSITO (CELULAR, PANTALLAS DE VIDEO, COMIDA, MAQUILLAJE O CUALQUIER OTRO ELEMENTO DISTRACTOR).",CHOQUE FRONTAL,CAMION,1,0,0,1,0,0,0,0,0,0,0,0,0,2,58,HOMBRE,FALLECIDO,CONDUCTOR PRESENTE,NO,SI,3
19923,68540,68541,2019,1,0,-0.247859,-78.526241,PICHINCHA,QUITO,QUITO,URBANA,2019-07-30,21:30:00,21,MARTES,2,JULIO,7,NO,"NO RESPETAR LAS SENIALES REGLAMENTARIAS DE TRANSITO. (PARE, CEDA EL PASO, LUZ ROJA DEL SEMAFORO, ETC).",CHOQUE LATERAL,AUTOMOVIL,2,0,0,0,0,0,0,0,0,0,0,0,0,2,42,HOMBRE,LESIONADO,CONDUCTOR PRESENTE,NO,NO,0
19924,68544,68545,2019,0,0,-0.281048,-78.535522,PICHINCHA,QUITO,QUITO,URBANA,2019-07-30,23:25:00,23,MARTES,2,JULIO,7,NO,"CONDUCE BAJO LA INFLUENCIA DE ALCOHOL, SUSTANCIAS ESTUPEFACIENTES O PSICOTROPICAS Y/O MEDICAMENTOS.",CHOQUE POSTERIOR,AUTOMOVIL,1,0,0,0,0,0,0,0,1,0,0,0,0,2,41,MUJER,ILESO,CONDUCTOR PRESENTE,NO,NO,0
19925,68546,68547,2019,0,0,-0.205027,-78.501426,PICHINCHA,QUITO,QUITO,URBANA,2019-07-31,00:10:00,0,MIERCOLES,3,JULIO,7,NO,"CONDUCE BAJO LA INFLUENCIA DE ALCOHOL, SUSTANCIAS ESTUPEFACIENTES O PSICOTROPICAS Y/O MEDICAMENTOS.",CHOQUE LATERAL,AUTOMOVIL,2,0,0,0,0,0,0,0,0,0,0,0,0,2,27,HOMBRE,ILESO,CONDUCTOR PRESENTE,NO,NO,0
19926,68550,68551,2019,2,0,-0.181249,-78.505204,PICHINCHA,QUITO,QUITO,URBANA,2019-07-31,03:30:00,3,MIERCOLES,3,JULIO,7,NO,"CONDUCE BAJO LA INFLUENCIA DE ALCOHOL, SUSTANCIAS ESTUPEFACIENTES O PSICOTROPICAS Y/O MEDICAMENTOS.",ESTRELLAMIENTOS,AUTOMOVIL,1,0,0,0,0,0,0,0,0,0,0,0,0,1,18,HOMBRE,LESIONADO,PASAJERO,NO,NO,0
19927,68552,68553,2019,1,0,-0.290955,-78.536336,PICHINCHA,QUITO,QUITO,URBANA,2019-07-31,05:30:00,5,MIERCOLES,3,JULIO,7,NO,"CONDUCE BAJO LA INFLUENCIA DE ALCOHOL, SUSTANCIAS ESTUPEFACIENTES O PSICOTROPICAS Y/O MEDICAMENTOS.",ARROLLAMIENTOS,CAMIONETA,0,0,0,0,1,0,0,0,0,0,0,0,0,1,38,HOMBRE,LESIONADO,PEATON,NO,NO,0
19928,68556,68557,2019,1,0,-0.185775,-78.482516,PICHINCHA,QUITO,QUITO,URBANA,2019-07-31,07:00:00,7,MIERCOLES,3,JULIO,7,NO,PEATON QUE CRUZA LA CALZADA SIN RESPETAR LA SENIALIZACION EXISTENTE (SEMAFOROS O SENIALES MANUALES).,ATROPELLOS,AUTOMOVIL,1,0,0,0,0,0,0,0,0,0,0,0,0,1,21,HOMBRE,LESIONADO,PEATON,NO,NO,0
19929,68557,68558,2019,0,0,-0.292887,-78.542349,PICHINCHA,QUITO,QUITO,URBANA,2019-07-31,07:15:00,7,MIERCOLES,3,JULIO,7,NO,CONDUCIR VEHICULO SUPERANDO LOS LIMITES MAXIMOS DE VELOCIDAD.,OTROS,AUTOMOVIL,1,0,0,0,0,0,0,0,0,0,0,0,0,1,-1,NO IDENTIFICADO,NO IDENTIFICADO,CONDUCTOR AUSENTE,NO,NO,2
19930,68559,68560,2019,1,0,-0.203295,-78.498339,PICHINCHA,QUITO,QUITO,URBANA,2019-07-31,07:30:00,7,MIERCOLES,3,JULIO,7,NO,CONDUCIR VEHICULO SUPERANDO LOS LIMITES MAXIMOS DE VELOCIDAD.,CHOQUE LATERAL,MOTOCICLETA,1,0,0,0,0,0,0,0,1,0,0,0,0,2,29,HOMBRE,LESIONADO,CONDUCTOR PRESENTE,NO,NO,0
19931,68562,68563,2019,1,0,-0.277639,-78.559844,PICHINCHA,QUITO,QUITO,URBANA,2019-07-31,08:00:00,8,MIERCOLES,3,JULIO,7,NO,NO CEDER EL DERECHO DE VIA O PREFERENCIA DE PASO AL PEATON.,ATROPELLOS,NO IDENTIFICADO,0,0,0,0,0,0,0,0,0,1,0,0,0,1,25,MUJER,LESIONADO,PEATON,NO,NO,0
19932,68566,68567,2019,0,0,-0.148497,-78.498391,PICHINCHA,QUITO,QUITO,URBANA,2019-07-31,09:10:00,9,MIERCOLES,3,JULIO,7,NO,NO MANTENER LA DISTANCIA PRUDENCIAL CON RESPECTO AL VEHICULO QUE LE ANTECEDE.,COLISION,CAMIONETA,1,0,0,0,1,0,0,1,0,0,0,0,0,3,45,HOMBRE,ILESO,PASAJERO,NO,NO,0
19933,68570,68571,2019,0,0,-0.102365,-78.490624,PICHINCHA,QUITO,QUITO,URBANA,2019-07-31,12:40:00,12,MIERCOLES,3,JULIO,7,NO,"NO RESPETAR LAS SENIALES REGLAMENTARIAS DE TRANSITO. (PARE, CEDA EL PASO, LUZ ROJA DEL SEMAFORO, ETC).",OTROS,AUTOMOVIL,1,0,0,0,0,0,0,0,0,0,0,0,0,1,-1,NO IDENTIFICADO,NO IDENTIFICADO,CONDUCTOR AUSENTE,NO,NO,2
19934,68572,68573,2019,0,0,-0.086473,-78.472366,PICHINCHA,QUITO,QUITO,URBANA,2019-07-31,13:20:00,13,MIERCOLES,3,JULIO,7,NO,CONDUCIR VEHICULO SUPERANDO LOS LIMITES MAXIMOS DE VELOCIDAD.,ESTRELLAMIENTOS,AUTOMOVIL,1,0,0,0,0,0,0,0,0,0,0,0,0,1,47,HOMBRE,ILESO,CONDUCTOR PRESENTE,NO,NO,0
19935,68575,68576,2019,1,0,-0.125876,-78.444289,PICHINCHA,QUITO,LLANO CHICO,RURAL,2019-07-31,14:50:00,14,MIERCOLES,3,JULIO,7,NO,PEATON QUE CRUZA LA CALZADA SIN RESPETAR LA SENIALIZACION EXISTENTE (SEMAFOROS O SENIALES MANUALES).,ATROPELLOS,AUTOMOVIL,1,0,0,0,0,0,0,0,0,0,0,0,0,1,22,HOMBRE,LESIONADO,PEATON,NO,NO,3
19936,68579,68580,2019,1,0,-0.244954,-78.502954,PICHINCHA,QUITO,QUITO,URBANA,2019-07-31,16:07:00,16,MIERCOLES,3,JULIO,7,NO,"PRESENCIA DE AGENTES EXTERNOS EN LA VIA (AGUA, ACEITE, PIEDRA, LASTRE, ESCOMBROS, MADEROS, ETC.).",CHOQUE LATERAL,MOTOCICLETA,1,0,0,0,0,0,0,0,1,0,0,0,0,2,30,HOMBRE,LESIONADO,CONDUCTOR PRESENTE,SI,NO,0
19937,68583,68584,2019,0,0,-0.090945,-78.476083,PICHINCHA,QUITO,QUITO,URBANA,2019-07-31,16:50:00,16,MIERCOLES,3,JULIO,7,NO,NO MANTENER LA DISTANCIA PRUDENCIAL CON RESPECTO AL VEHICULO QUE LE ANTECEDE.,CHOQUE POSTERIOR,AUTOMOVIL,2,0,0,0,0,0,0,0,0,0,0,0,0,2,65,HOMBRE,ILESO,CONDUCTOR PRESENTE,NO,NO,0
19938,68584,68585,2019,1,0,-0.112213,-78.474367,PICHINCHA,QUITO,QUITO,URBANA,2019-07-31,16:50:00,16,MIERCOLES,3,JULIO,7,NO,NO GUARDAR LA DISTANCIA LATERAL MINIMA DE SEGURIDAD ENTRE VEHICULOS.,CHOQUE LATERAL,AUTOMOVIL,2,0,0,0,0,0,0,0,0,0,0,0,0,2,26,MUJER,LESIONADO,PASAJERO,NO,NO,0
19939,68585,68586,2019,1,0,-0.212522,-78.502125,PICHINCHA,QUITO,QUITO,URBANA,2019-07-31,17:35:00,17,MIERCOLES,3,JULIO,7,NO,NO TRANSITAR POR LAS ACERAS O ZONAS DE SEGURIDAD DESTINADAS PARA EL EFECTO.,ATROPELLOS,BUS,0,0,1,0,0,0,0,0,0,0,0,0,0,1,58,HOMBRE,LESIONADO,PEATON,NO,NO,0
19940,68589,68590,2019,0,0,-0.296543,-78.454131,PICHINCHA,QUITO,ALANGASI,RURAL,2019-07-31,19:00:00,19,MIERCOLES,3,JULIO,7,NO,CONDUCIR VEHICULO SUPERANDO LOS LIMITES MAXIMOS DE VELOCIDAD.,ESTRELLAMIENTOS,AUTOMOVIL,2,0,0,0,0,0,0,0,0,0,0,0,0,2,-1,NO IDENTIFICADO,NO IDENTIFICADO,CONDUCTOR AUSENTE,NO,NO,2
19941,68593,68594,2019,0,0,-0.227354,-78.512873,PICHINCHA,QUITO,QUITO,URBANA,2019-07-31,20:35:00,20,MIERCOLES,3,JULIO,7,NO,CONDUCIR VEHICULO SUPERANDO LOS LIMITES MAXIMOS DE VELOCIDAD.,CHOQUE LATERAL,AUTOMOVIL,2,0,0,0,0,0,0,0,0,0,0,0,0,2,27,HOMBRE,ILESO,CONDUCTOR PRESENTE,NO,NO,0
19942,68597,68598,2019,2,0,-0.129724,-78.309086,PICHINCHA,QUITO,CHECA (CHILPA),RURAL,2019-07-31,21:30:00,21,MIERCOLES,3,JULIO,7,NO,NO GUARDAR LA DISTANCIA LATERAL MINIMA DE SEGURIDAD ENTRE VEHICULOS.,CHOQUE LATERAL,AUTOMOVIL,2,0,0,0,0,0,0,0,0,0,0,0,0,2,41,HOMBRE,LESIONADO,PASAJERO,NO,NO,3
19943,68598,68599,2019,1,0,-0.105373,-78.462381,PICHINCHA,QUITO,QUITO,RURAL,2019-07-31,21:30:00,21,MIERCOLES,3,JULIO,7,NO,NO MANTENER LA DISTANCIA PRUDENCIAL CON RESPECTO AL VEHICULO QUE LE ANTECEDE.,CHOQUE POSTERIOR,AUTOMOVIL,1,0,0,0,0,0,0,0,1,0,0,0,0,2,30,HOMBRE,LESIONADO,CONDUCTOR PRESENTE,NO,NO,3
19944,68601,68602,2019,4,0,-0.296543,-78.454131,PICHINCHA,QUITO,ALANGASI,RURAL,2019-07-31,22:30:00,22,MIERCOLES,3,JULIO,7,NO,"NO RESPETAR LAS SENIALES REGLAMENTARIAS DE TRANSITO. (PARE, CEDA EL PASO, LUZ ROJA DEL SEMAFORO, ETC).",CHOQUE LATERAL,AUTOMOVIL,2,0,0,0,0,0,0,0,0,0,0,0,0,2,70,HOMBRE,LESIONADO,CONDUCTOR PRESENTE,NO,NO,3
19945,68604,68605,2019,0,0,-0.208423,-78.495898,PICHINCHA,QUITO,QUITO,URBANA,2019-07-31,22:55:00,22,MIERCOLES,3,JULIO,7,NO,"CONDUCIR DESATENTO A LAS CONDICIONES DE TRANSITO (CELULAR, PANTALLAS DE VIDEO, COMIDA, MAQUILLAJE O CUALQUIER OTRO ELEMENTO DISTRACTOR).",CHOQUE LATERAL,AUTOMOVIL,2,0,0,0,0,0,0,0,0,0,0,0,0,2,34,HOMBRE,ILESO,CONDUCTOR PRESENTE,NO,NO,0
19946,68607,68608,2019,1,0,-0.177282,-78.359537,PICHINCHA,QUITO,PUEMBO,RURAL,2019-07-31,23:50:00,23,MIERCOLES,3,JULIO,7,NO,"CONDUCIR EN ESTADO DE SOMNOLENCIA O MALAS CONDICIONES FISICAS (SUENIO, CANSANCIO Y FATIGA).",ESTRELLAMIENTOS,AUTOMOVIL,1,0,0,0,0,0,0,0,0,0,0,0,0,1,33,HOMBRE,LESIONADO,CONDUCTOR PRESENTE,NO,NO,3
19947,68608,68609,2019,1,0,-0.084163,-78.418921,PICHINCHA,QUITO,CALDERON (CARAPUNGO),RURAL,2019-08-01,00:00:00,0,JUEVES,4,AGOSTO,8,NO,CONDUCIR VEHICULO SUPERANDO LOS LIMITES MAXIMOS DE VELOCIDAD.,PERDIDA DE CARRIL,MOTOCICLETA,0,0,0,0,0,0,0,0,1,0,0,0,0,1,28,HOMBRE,LESIONADO,CONDUCTOR PRESENTE,NO,NO,3
19948,68614,68615,2019,1,0,-0.261591,-78.530804,PICHINCHA,QUITO,QUITO,URBANA,2019-08-01,06:20:00,6,JUEVES,4,AGOSTO,8,NO,"CONDUCE BAJO LA INFLUENCIA DE ALCOHOL, SUSTANCIAS ESTUPEFACIENTES O PSICOTROPICAS Y/O MEDICAMENTOS.",ATROPELLOS,MOTOCICLETA,0,0,0,0,0,0,0,0,1,0,0,0,0,1,84,HOMBRE,LESIONADO,PEATON,NO,NO,0
19949,68615,68616,2019,0,0,-0.235401,-78.514713,PICHINCHA,QUITO,QUITO,URBANA,2019-08-01,06:50:00,6,JUEVES,4,AGOSTO,8,NO,REALIZAR CAMBIO BRUSCO O INDEBIDO DE CARRIL.,ESTRELLAMIENTOS,AUTOMOVIL,3,0,0,0,0,0,0,0,0,0,0,0,0,3,47,HOMBRE,ILESO,CONDUCTOR PRESENTE,NO,NO,0
19950,68617,68618,2019,0,0,-0.284269,-78.518971,PICHINCHA,QUITO,QUITO,URBANA,2019-08-01,07:20:00,7,JUEVES,4,AGOSTO,8,NO,NO MANTENER LA DISTANCIA PRUDENCIAL CON RESPECTO AL VEHICULO QUE LE ANTECEDE.,COLISION,AUTOMOVIL,3,0,0,0,0,0,0,0,0,0,0,0,0,3,34,MUJER,ILESO,PASAJERO,NO,NO,0
19951,68621,68622,2019,0,0,-0.192323,-78.481347,PICHINCHA,QUITO,QUITO,URBANA,2019-08-01,09:08:00,9,JUEVES,4,AGOSTO,8,NO,CONDUCIR VEHICULO SUPERANDO LOS LIMITES MAXIMOS DE VELOCIDAD.,CHOQUE LATERAL,BUS,1,0,1,0,0,0,0,0,0,0,0,0,0,2,39,HOMBRE,ILESO,CONDUCTOR PRESENTE,NO,NO,0
19952,68622,68623,2019,0,0,-0.183821,-78.495021,PICHINCHA,QUITO,QUITO,URBANA,2019-08-01,09:16:00,9,JUEVES,4,AGOSTO,8,NO,NO MANTENER LA DISTANCIA PRUDENCIAL CON RESPECTO AL VEHICULO QUE LE ANTECEDE.,COLISION,AUTOMOVIL,2,0,0,0,0,0,0,1,0,0,0,0,0,3,46,HOMBRE,ILESO,CONDUCTOR PRESENTE,NO,NO,0
19953,68627,68628,2019,1,0,-0.119161,-78.439956,PICHINCHA,QUITO,CALDERON (CARAPUNGO),RURAL,2019-08-01,10:15:00,10,JUEVES,4,AGOSTO,8,NO,"CASO FORTUITO O FUERZA MAYOR (EXPLOSION DE NEUMATICO NUEVO, DERRUMBE, INUNDACION, CAIDA DE PUENTE, ARBOL, PRESENCIA INTEMPESTIVA E IMPREVISTA DE SEMOVIENTES EN LA VIA, ETC.).",CHOQUE LATERAL,MOTOCICLETA,0,0,0,0,1,0,0,0,1,0,0,0,0,2,32,HOMBRE,LESIONADO,CONDUCTOR PRESENTE,NO,NO,3
19954,68628,68629,2019,1,0,-0.153033,-78.464746,PICHINCHA,QUITO,QUITO,URBANA,2019-08-01,10:15:00,10,JUEVES,4,AGOSTO,8,NO,NO MANTENER LA DISTANCIA PRUDENCIAL CON RESPECTO AL VEHICULO QUE LE ANTECEDE.,CHOQUE POSTERIOR,BICICLETA,0,1,0,0,0,0,0,0,0,1,0,0,0,2,21,HOMBRE,LESIONADO,CONDUCTOR PRESENTE,NO,NO,0