,Unnamed: 0,ID,ANIO,LESIONADOS,FALLECIDOS,LATITUD_Y,LONGITUD_X,PROVINCIA,CANTON,PARROQUIA,ZONA,FECHA,HORA,PERIODO_2,DIA_1,DIA_2,MES_1,MES_2,FERIADO,CAUSA_PROBABLE,TIPO_DE_SINIESTRO,TIPO_DE_VEHICULO_1,AUTOMOVIL,BICICLETA,BUS,CAMION,CAMIONETA,EMERGENCIAS,ESPECIAL,FURGONETA,MOTOCICLETA,NO_IDENTIFICADO,SCOOTER_ELECTRICO,TRICIMOTO,VEHICULO_DEPORTIVO_UTILITARIO,SUMA_DE_VEHICULOS,EDAD_1,SEXO_1,CONDICION_1,PARTICIPANTE_1,CASCO_1,CINTURON_1,KMeans_Cluster
20012,68996,68997,2019,1,0,-0.190042,-78.488129,PICHINCHA,QUITO,QUITO,URBANA,2019-08-05,11:31:00,11,LUNES,1,AGOSTO,8,NO,NO TRANSITAR POR LAS ACERAS O ZONAS DE SEGURIDAD DESTINADAS PARA EL EFECTO.,ATROPELLOS,AUTOMOVIL,1,0,0,0,0,0,0,0,0,0,0,0,0,1,41,MUJER,LESIONADO,PEATON,NO,NO,0
20013,69008,69009,2019,0,0,-0.216061,-78.517814,PICHINCHA,QUITO,QUITO,URBANA,2019-08-05,16:00:00,16,LUNES,1,AGOSTO,8,NO,REALIZAR CAMBIO BRUSCO O INDEBIDO DE CARRIL.,ROZAMIENTOS,AUTOMOVIL,1,0,0,0,0,0,0,0,0,1,0,0,0,2,27,HOMBRE,ILESO,CONDUCTOR PRESENTE,NO,NO,0
20014,69010,69011,2019,2,0,-0.244435,-78.482091,PICHINCHA,QUITO,QUITO,URBANA,2019-08-05,17:00:00,17,LUNES,1,AGOSTO,8,NO,"CONDUCIR DESATENTO A LAS CONDICIONES DE TRANSITO (CELULAR, PANTALLAS DE VIDEO, COMIDA, MAQUILLAJE O CUALQUIER OTRO ELEMENTO DISTRACTOR).",CHOQUE LATERAL,MOTOCICLETA,0,0,0,0,0,0,0,0,1,1,0,0,0,2,43,HOMBRE,LESIONADO,CONDUCTOR PRESENTE,NO,NO,0
20015,69011,69012,2019,1,0,-0.206523,-78.512161,PICHINCHA,QUITO,QUITO,URBANA,2019-08-05,17:12:00,17,LUNES,1,AGOSTO,8,NO,"NO RESPETAR LAS SENIALES REGLAMENTARIAS DE TRANSITO. (PARE, CEDA EL PASO, LUZ ROJA DEL SEMAFORO, ETC).",CHOQUE POSTERIOR,AUTOMOVIL,2,0,0,0,0,0,0,0,0,0,0,0,0,2,40,MUJER,LESIONADO,PASAJERO,NO,NO,0
20016,69017,69018,2019,1,0,0.076096,-78.180449,PICHINCHA,PEDRO MONCAYO,TUPIGACHI,RURAL,2019-08-05,18:30:00,18,LUNES,1,AGOSTO,8,NO,"CONDUCIR DESATENTO A LAS CONDICIONES DE TRANSITO (CELULAR, PANTALLAS DE VIDEO, COMIDA, MAQUILLAJE O CUALQUIER OTRO ELEMENTO DISTRACTOR).",ATROPELLOS,CAMIONETA,0,0,0,0,1,0,0,0,0,0,0,0,0,1,8,HOMBRE,LESIONADO,PEATON,NO,NO,3
20017,69028,69029,2019,1,0,-0.211196,-78.498032,PICHINCHA,QUITO,QUITO,URBANA,2019-08-05,20:45:00,20,LUNES,1,AGOSTO,8,NO,"NO RESPETAR LAS SENIALES REGLAMENTARIAS DE TRANSITO. (PARE, CEDA EL PASO, LUZ ROJA DEL SEMAFORO, ETC).",CHOQUE LATERAL,AUTOMOVIL,2,0,0,0,0,0,0,0,0,0,0,0,0,2,29,MUJER,LESIONADO,CONDUCTOR PRESENTE,NO,NO,0
20018,69038,69039,2019,0,0,-0.300176,-78.534291,PICHINCHA,QUITO,QUITO,URBANA,2019-08-06,04:50:00,4,MARTES,2,AGOSTO,8,NO,"CONDUCIR EN ESTADO DE SOMNOLENCIA O MALAS CONDICIONES FISICAS (SUENIO, CANSANCIO Y FATIGA).",ESTRELLAMIENTOS,CAMIONETA,0,0,0,0,1,0,0,0,0,0,0,0,0,1,-1,NO IDENTIFICADO,NO IDENTIFICADO,CONDUCTOR AUSENTE,NO,NO,2
20019,69039,69040,2019,0,0,-0.118844,-78.474928,PICHINCHA,QUITO,QUITO,URBANA,2019-08-06,05:00:00,5,MARTES,2,AGOSTO,8,NO,"NO RESPETAR LAS SENIALES REGLAMENTARIAS DE TRANSITO. (PARE, CEDA EL PASO, LUZ ROJA DEL SEMAFORO, ETC).",ESTRELLAMIENTOS,NO IDENTIFICADO,0,0,0,0,0,0,0,0,0,1,0,0,0,1,-1,NO IDENTIFICADO,NO IDENTIFICADO,CONDUCTOR AUSENTE,NO,NO,2
20020,69042,69043,2019,5,0,-0.137645,-78.501298,PICHINCHA,QUITO,QUITO,URBANA,2019-08-06,07:10:00,7,MARTES,2,AGOSTO,8,NO,NO GUARDAR LA DISTANCIA LATERAL MINIMA DE SEGURIDAD ENTRE VEHICULOS.,CHOQUE LATERAL,AUTOMOVIL,1,0,0,0,1,0,0,0,0,0,0,0,0,2,1,MUJER,LESIONADO,PASAJERO,NO,NO,0
20021,69047,69048,2019,2,0,-0.161977,-78.483188,PICHINCHA,QUITO,QUITO,URBANA,2019-08-06,08:37:00,8,MARTES,2,AGOSTO,8,NO,NO MANTENER LA DISTANCIA PRUDENCIAL CON RESPECTO AL VEHICULO QUE LE ANTECEDE.,CHOQUE POSTERIOR,AUTOMOVIL,1,0,0,0,0,0,0,0,1,0,0,0,0,2,50,MUJER,LESIONADO,CONDUCTOR PRESENTE,NO,NO,0
20022,69048,69049,2019,3,0,-0.273825,-78.510216,PICHINCHA,QUITO,QUITO,URBANA,2019-08-06,08:45:00,8,MARTES,2,AGOSTO,8,NO,NO MANTENER LA DISTANCIA PRUDENCIAL CON RESPECTO AL VEHICULO QUE LE ANTECEDE.,COLISION,CAMIONETA,1,0,0,0,1,0,0,0,0,1,0,0,0,3,17,MUJER,LESIONADO,PASAJERO,NO,NO,0
20023,69056,69057,2019,1,0,-0.151955,-78.476471,PICHINCHA,QUITO,QUITO,URBANA,2019-08-06,11:30:00,11,MARTES,2,AGOSTO,8,NO,NO GUARDAR LA DISTANCIA LATERAL MINIMA DE SEGURIDAD ENTRE VEHICULOS.,CHOQUE LATERAL,AUTOMOVIL,2,0,0,0,0,0,0,0,0,0,0,0,0,2,50,MUJER,LESIONADO,PASAJERO,NO,NO,0
20024,69057,69058,2019,1,0,-0.254215,-78.540422,PICHINCHA,QUITO,QUITO,URBANA,2019-08-06,12:40:00,12,MARTES,2,AGOSTO,8,NO,NO TRANSITAR POR LAS ACERAS O ZONAS DE SEGURIDAD DESTINADAS PARA EL EFECTO.,ATROPELLOS,MOTOCICLETA,0,0,0,0,0,0,0,0,1,0,0,0,0,1,14,MUJER,LESIONADO,PEATON,NO,NO,0
20025,69063,69064,2019,0,0,-0.091585,-78.439052,PICHINCHA,QUITO,CALDERON (CARAPUNGO),RURAL,2019-08-06,14:00:00,14,MARTES,2,AGOSTO,8,NO,"PRESENCIA DE AGENTES EXTERNOS EN LA VIA (AGUA, ACEITE, PIEDRA, LASTRE, ESCOMBROS, MADEROS, ETC.).",OTROS,FURGONETA,0,0,0,0,0,0,0,1,0,0,0,0,0,1,57,HOMBRE,ILESO,CONDUCTOR PRESENTE,NO,NO,3
20026,69066,69067,2019,1,0,-0.237369,-78.484618,PICHINCHA,QUITO,QUITO,URBANA,2019-08-06,15:25:00,15,MARTES,2,AGOSTO,8,NO,NO MANTENER LA DISTANCIA PRUDENCIAL CON RESPECTO AL VEHICULO QUE LE ANTECEDE.,CHOQUE POSTERIOR,AUTOMOVIL,1,0,0,0,0,0,0,0,1,0,0,0,0,2,30,HOMBRE,LESIONADO,CONDUCTOR PRESENTE,NO,NO,0
20027,69067,69068,2019,1,1,-0.400089,-78.566559,PICHINCHA,MEJIA,TAMBILLO (MEJIA),RURAL,2019-08-06,17:00:00,17,MARTES,2,AGOSTO,8,NO,"CONDUCIR DESATENTO A LAS CONDICIONES DE TRANSITO (CELULAR, PANTALLAS DE VIDEO, COMIDA, MAQUILLAJE O CUALQUIER OTRO ELEMENTO DISTRACTOR).",PERDIDA DE PISTA,CAMIONETA,0,0,0,0,1,0,0,0,0,0,0,0,0,1,8,HOMBRE,FALLECIDO,PASAJERO,NO,SI,3
20028,69078,69079,2019,2,0,-0.209731,-78.366854,PICHINCHA,QUITO,PUEMBO,RURAL,2019-08-06,22:00:00,22,MARTES,2,AGOSTO,8,NO,CONDUCIR VEHICULO SUPERANDO LOS LIMITES MAXIMOS DE VELOCIDAD.,CHOQUE LATERAL,AUTOMOVIL,2,0,0,0,0,0,0,0,0,0,0,0,0,2,43,MUJER,LESIONADO,PASAJERO,NO,NO,3
20029,69080,69081,2019,1,0,-0.100622,-78.472207,PICHINCHA,QUITO,QUITO,URBANA,2019-08-06,22:25:00,22,MARTES,2,AGOSTO,8,NO,"NO RESPETAR LAS SENIALES REGLAMENTARIAS DE TRANSITO. (PARE, CEDA EL PASO, LUZ ROJA DEL SEMAFORO, ETC).",CHOQUE LATERAL,MOTOCICLETA,1,0,0,0,0,0,0,0,1,0,0,0,0,2,30,HOMBRE,LESIONADO,CONDUCTOR PRESENTE,NO,NO,0
20030,69082,69083,2019,0,0,-0.291069,-78.545923,PICHINCHA,QUITO,QUITO,URBANA,2019-08-06,23:25:00,23,MARTES,2,AGOSTO,8,NO,"CONDUCE BAJO LA INFLUENCIA DE ALCOHOL, SUSTANCIAS ESTUPEFACIENTES O PSICOTROPICAS Y/O MEDICAMENTOS.",CHOQUE POSTERIOR,AUTOMOVIL,2,0,0,0,0,0,0,0,0,0,0,0,0,2,25,HOMBRE,ILESO,CONDUCTOR PRESENTE,NO,NO,0
20031,69088,69089,2019,3,0,-0.449411,-78.585734,PICHINCHA,MEJIA,ALOAG,RURAL,2019-08-07,03:40:00,3,MIERCOLES,3,AGOSTO,8,NO,"CONDUCE BAJO LA INFLUENCIA DE ALCOHOL, SUSTANCIAS ESTUPEFACIENTES O PSICOTROPICAS Y/O MEDICAMENTOS.",ESTRELLAMIENTOS,CAMIONETA,0,0,0,0,1,0,0,0,0,0,0,0,0,1,24,HOMBRE,LESIONADO,PASAJERO,NO,SI,3
20032,69089,69090,2019,1,0,-0.222988,-78.418143,PICHINCHA,QUITO,TUMBACO,RURAL,2019-08-07,04:10:00,4,MIERCOLES,3,AGOSTO,8,NO,CONDUCIR VEHICULO SUPERANDO LOS LIMITES MAXIMOS DE VELOCIDAD.,VOLCAMIENTOS,MOTOCICLETA,0,0,0,0,0,0,0,0,1,0,0,0,0,1,37,HOMBRE,LESIONADO,CONDUCTOR PRESENTE,NO,NO,3
20033,69093,69094,2019,0,0,-0.187371,-78.479666,PICHINCHA,QUITO,QUITO,URBANA,2019-08-07,08:08:00,8,MIERCOLES,3,AGOSTO,8,NO,NO MANTENER LA DISTANCIA PRUDENCIAL CON RESPECTO AL VEHICULO QUE LE ANTECEDE.,CHOQUE POSTERIOR,AUTOMOVIL,2,0,0,0,0,0,0,0,0,0,0,0,0,2,21,HOMBRE,ILESO,CONDUCTOR PRESENTE,NO,NO,0
20034,69095,69096,2019,1,0,-0.108255,-78.461339,PICHINCHA,QUITO,CALDERON (CARAPUNGO),RURAL,2019-08-07,08:22:00,8,MIERCOLES,3,AGOSTO,8,NO,NO TRANSITAR POR LAS ACERAS O ZONAS DE SEGURIDAD DESTINADAS PARA EL EFECTO.,ATROPELLOS,MOTOCICLETA,0,0,0,0,0,0,0,0,1,0,0,0,0,1,40,MUJER,LESIONADO,PEATON,NO,NO,3
20035,69097,69098,2019,1,0,-0.287051,-78.531139,PICHINCHA,QUITO,QUITO,URBANA,2019-08-07,09:05:00,9,MIERCOLES,3,AGOSTO,8,NO,CONDUCIR EN SENTIDO CONTRARIO A LA VIA NORMAL DE CIRCULACION.,ATROPELLOS,NO IDENTIFICADO,0,0,0,0,0,0,0,0,0,1,0,0,0,1,9,HOMBRE,LESIONADO,PEATON,NO,NO,0
20036,69099,69100,2019,0,0,-0.190369,-78.484933,PICHINCHA,QUITO,QUITO,URBANA,2019-08-07,09:30:00,9,MIERCOLES,3,AGOSTO,8,NO,CONDUCIR VEHICULO SUPERANDO LOS LIMITES MAXIMOS DE VELOCIDAD.,CHOQUE LATERAL,CAMION,1,0,0,1,0,0,0,0,0,0,0,0,0,2,47,HOMBRE,ILESO,CONDUCTOR PRESENTE,NO,NO,0
20037,69100,69101,2019,1,0,-0.335559,-78.462953,PICHINCHA,RUMINIAHUI,SANGOLQUI,URBANA,2019-08-07,09:50:00,9,MIERCOLES,3,AGOSTO,8,NO,NO TRANSITAR POR LAS ACERAS O ZONAS DE SEGURIDAD DESTINADAS PARA EL EFECTO.,ATROPELLOS,BUS,0,0,1,0,0,0,0,0,0,0,0,0,0,1,70,MUJER,LESIONADO,PEATON,NO,SI,0
20038,69106,69107,2019,0,0,-0.194566,-78.502555,PICHINCHA,QUITO,QUITO,URBANA,2019-08-07,10:50:00,10,MIERCOLES,3,AGOSTO,8,NO,"NO RESPETAR LAS SENIALES REGLAMENTARIAS DE TRANSITO. (PARE, CEDA EL PASO, LUZ ROJA DEL SEMAFORO, ETC).",CHOQUE LATERAL,AUTOMOVIL,2,0,0,0,0,0,0,0,0,0,0,0,0,2,45,HOMBRE,ILESO,CONDUCTOR PRESENTE,NO,NO,0
20039,69107,69108,2019,1,0,-0.118265,-78.479689,PICHINCHA,QUITO,QUITO,URBANA,2019-08-07,11:10:00,11,MIERCOLES,3,AGOSTO,8,NO,NO CEDER EL DERECHO DE VIA O PREFERENCIA DE PASO AL PEATON.,ATROPELLOS,MOTOCICLETA,0,0,0,0,0,0,0,0,1,0,0,0,0,1,41,HOMBRE,LESIONADO,PEATON,NO,NO,0
20040,69116,69117,2019,1,0,-0.108139,-78.512333,PICHINCHA,QUITO,QUITO,URBANA,2019-08-07,13:55:00,13,MIERCOLES,3,AGOSTO,8,NO,CONDUCIR VEHICULO SUPERANDO LOS LIMITES MAXIMOS DE VELOCIDAD.,ESTRELLAMIENTOS,CAMIONETA,0,0,0,0,1,0,0,0,1,0,0,0,0,2,25,HOMBRE,LESIONADO,CONDUCTOR PRESENTE,NO,NO,0
20041,69120,69121,2019,0,0,-0.266079,-78.543192,PICHINCHA,QUITO,QUITO,URBANA,2019-08-07,15:10:00,15,MIERCOLES,3,AGOSTO,8,NO,NO GUARDAR LA DISTANCIA LATERAL MINIMA DE SEGURIDAD ENTRE VEHICULOS.,ROZAMIENTOS,AUTOMOVIL,2,0,0,0,0,0,0,0,0,0,0,0,0,2,34,HOMBRE,ILESO,CONDUCTOR PRESENTE,NO,NO,0
20042,69127,69128,2019,2,0,-0.231141,-78.503901,PICHINCHA,QUITO,QUITO,URBANA,2019-08-07,16:00:00,16,MIERCOLES,3,AGOSTO,8,NO,NO MANTENER LA DISTANCIA PRUDENCIAL CON RESPECTO AL VEHICULO QUE LE ANTECEDE.,COLISION,AUTOMOVIL,2,0,2,0,0,0,0,0,0,0,0,0,0,4,21,MUJER,LESIONADO,PASAJERO,NO,NO,0
20043,69130,69131,2019,3,0,-0.156069,-78.439391,PICHINCHA,QUITO,NAYON,RURAL,2019-08-07,16:49:00,16,MIERCOLES,3,AGOSTO,8,NO,"NO RESPETAR LAS SENIALES REGLAMENTARIAS DE TRANSITO. (PARE, CEDA EL PASO, LUZ ROJA DEL SEMAFORO, ETC).",ESTRELLAMIENTOS,CAMION,2,0,0,2,0,0,0,0,0,0,0,0,0,4,49,MUJER,LESIONADO,PASAJERO,NO,NO,3
20044,69142,69143,2019,2,0,-0.447605,-78.590268,PICHINCHA,MEJIA,ALOAG,RURAL,2019-08-07,19:30:00,19,MIERCOLES,3,AGOSTO,8,NO,"CONDUCIR DESATENTO A LAS CONDICIONES DE TRANSITO (CELULAR, PANTALLAS DE VIDEO, COMIDA, MAQUILLAJE O CUALQUIER OTRO ELEMENTO DISTRACTOR).",CHOQUE LATERAL,MOTOCICLETA,1,0,0,0,0,0,0,0,1,0,0,0,0,2,8,HOMBRE,LESIONADO,PASAJERO,NO,SI,3
20045,69145,69146,2019,0,0,-0.226658,-78.525281,PICHINCHA,QUITO,QUITO,URBANA,2019-08-07,22:50:00,22,MIERCOLES,3,AGOSTO,8,NO,"CONDUCIR EN ESTADO DE SOMNOLENCIA O MALAS CONDICIONES FISICAS (SUENIO, CANSANCIO Y FATIGA).",ESTRELLAMIENTOS,AUTOMOVIL,2,0,0,0,0,0,0,0,0,0,0,0,0,2,22,HOMBRE,ILESO,CONDUCTOR PRESENTE,NO,NO,0
20046,69155,69156,2019,0,0,-0.096232,-78.467523,PICHINCHA,QUITO,QUITO,URBANA,2019-08-08,05:20:00,5,JUEVES,4,AGOSTO,8,NO,"CONDUCIR EN ESTADO DE SOMNOLENCIA O MALAS CONDICIONES FISICAS (SUENIO, CANSANCIO Y FATIGA).",ESTRELLAMIENTOS,AUTOMOVIL,1,0,0,0,0,0,0,0,0,0,0,0,0,1,30,HOMBRE,ILESO,CONDUCTOR PRESENTE,NO,NO,0
20047,69163,69164,2019,0,0,-0.203767,-78.500709,PICHINCHA,QUITO,QUITO,URBANA,2019-08-08,09:45:00,9,JUEVES,4,AGOSTO,8,NO,REALIZAR CAMBIO BRUSCO O INDEBIDO DE CARRIL.,CHOQUE LATERAL,AUTOMOVIL,1,0,1,0,0,0,0,0,0,0,0,0,0,2,20,HOMBRE,ILESO,CONDUCTOR PRESENTE,NO,NO,0
20048,69174,69175,2019,0,0,-0.297651,-78.550178,PICHINCHA,QUITO,QUITO,URBANA,2019-08-08,15:55:00,15,JUEVES,4,AGOSTO,8,NO,"CONDUCE BAJO LA INFLUENCIA DE ALCOHOL, SUSTANCIAS ESTUPEFACIENTES O PSICOTROPICAS Y/O MEDICAMENTOS.",OTROS,CAMIONETA,1,0,0,0,1,0,0,0,1,0,0,0,0,3,38,HOMBRE,ILESO,CONDUCTOR PRESENTE,NO,NO,0
20049,69179,69180,2019,1,0,-0.192161,-78.460217,PICHINCHA,QUITO,QUITO,RURAL,2019-08-08,16:35:00,16,JUEVES,4,AGOSTO,8,NO,NO CEDER EL DERECHO DE VIA O PREFERENCIA DE PASO AL PEATON.,ATROPELLOS,NO IDENTIFICADO,0,0,0,0,0,0,0,0,0,1,0,0,0,1,14,MUJER,LESIONADO,PEATON,NO,NO,3
20050,69183,69184,2019,1,0,-0.279165,-78.542854,PICHINCHA,QUITO,QUITO,URBANA,2019-08-08,18:20:00,18,JUEVES,4,AGOSTO,8,NO,NO CEDER EL DERECHO DE VIA O PREFERENCIA DE PASO AL PEATON.,ARROLLAMIENTOS,BUS,0,0,1,0,0,0,0,0,0,0,0,0,0,1,12,HOMBRE,LESIONADO,PEATON,NO,NO,0
20051,69191,69192,2019,0,0,-0.122966,-78.496155,PICHINCHA,QUITO,QUITO,URBANA,2019-08-08,20:20:00,20,JUEVES,4,AGOSTO,8,NO,CONDUCIR VEHICULO SUPERANDO LOS LIMITES MAXIMOS DE VELOCIDAD.,CHOQUE LATERAL,CAMIONETA,1,0,0,0,1,0,0,0,0,0,0,0,0,2,33,HOMBRE,ILESO,PASAJERO,NO,NO,0
20052,69195,69196,2019,0,0,-0.260613,-78.546297,PICHINCHA,QUITO,QUITO,URBANA,2019-08-08,22:00:00,22,JUEVES,4,AGOSTO,8,NO,"NO RESPETAR LAS SENIALES REGLAMENTARIAS DE TRANSITO. (PARE, CEDA EL PASO, LUZ ROJA DEL SEMAFORO, ETC).",OTROS,MOTOCICLETA,0,0,0,0,0,0,0,0,1,0,0,0,0,1,-1,NO IDENTIFICADO,NO IDENTIFICADO,CONDUCTOR AUSENTE,NO,NO,2
20053,69213,69214,2019,0,0,-0.094816,-78.405178,PICHINCHA,QUITO,CALDERON (CARAPUNGO),RURAL,2019-08-09,05:30:00,5,VIERNES,5,AGOSTO,8,NO,"CONDUCIR DESATENTO A LAS CONDICIONES DE TRANSITO (CELULAR, PANTALLAS DE VIDEO, COMIDA, MAQUILLAJE O CUALQUIER OTRO ELEMENTO DISTRACTOR).",CHOQUE LATERAL,AUTOMOVIL,1,0,0,0,0,0,0,0,0,0,0,0,1,2,44,HOMBRE,ILESO,CONDUCTOR PRESENTE,NO,SI,3
20054,69214,69215,2019,0,0,-0.112213,-78.474367,PICHINCHA,QUITO,QUITO,URBANA,2019-08-09,05:45:00,5,VIERNES,5,AGOSTO,8,NO,NO MANTENER LA DISTANCIA PRUDENCIAL CON RESPECTO AL VEHICULO QUE LE ANTECEDE.,COLISION,AUTOMOVIL,3,0,0,0,0,0,0,0,0,0,0,0,0,3,58,HOMBRE,ILESO,CONDUCTOR PRESENTE,NO,NO,0
20055,69216,69217,2019,1,0,-0.271433,-78.489893,PICHINCHA,QUITO,CONOCOTO,URBANA,2019-08-09,06:00:00,6,VIERNES,5,AGOSTO,8,NO,"CONDUCIR DESATENTO A LAS CONDICIONES DE TRANSITO (CELULAR, PANTALLAS DE VIDEO, COMIDA, MAQUILLAJE O CUALQUIER OTRO ELEMENTO DISTRACTOR).",PERDIDA DE PISTA,AUTOMOVIL,1,0,0,0,0,0,0,0,0,0,0,0,0,1,22,HOMBRE,LESIONADO,PASAJERO,NO,SI,0
20056,69221,69222,2019,0,0,-0.165535,-78.476786,PICHINCHA,QUITO,QUITO,URBANA,2019-08-09,09:25:00,9,VIERNES,5,AGOSTO,8,NO,CONDUCIR VEHICULO SUPERANDO LOS LIMITES MAXIMOS DE VELOCIDAD.,CHOQUE LATERAL,AUTOMOVIL,1,0,0,0,0,0,0,1,0,0,0,0,0,2,67,HOMBRE,ILESO,CONDUCTOR PRESENTE,NO,NO,0
20057,69223,69224,2019,0,0,-0.258215,-78.541309,PICHINCHA,QUITO,QUITO,URBANA,2019-08-09,09:40:00,9,VIERNES,5,AGOSTO,8,NO,CONDUCIR VEHICULO SUPERANDO LOS LIMITES MAXIMOS DE VELOCIDAD.,CHOQUE LATERAL,CAMIONETA,1,0,0,0,1,0,0,0,0,0,0,0,0,2,23,HOMBRE,ILESO,CONDUCTOR PRESENTE,NO,NO,0
20058,69227,69228,2019,1,0,-0.242681,-78.497364,PICHINCHA,QUITO,QUITO,URBANA,2019-08-09,11:00:00,11,VIERNES,5,AGOSTO,8,NO,NO TRANSITAR POR LAS ACERAS O ZONAS DE SEGURIDAD DESTINADAS PARA EL EFECTO.,ATROPELLOS,BUS,0,0,1,0,0,0,0,0,0,0,0,0,0,1,12,HOMBRE,LESIONADO,PEATON,NO,NO,0
20059,69246,69247,2019,1,0,-0.295878,-78.556329,PICHINCHA,QUITO,QUITO,URBANA,2019-08-09,17:45:00,17,VIERNES,5,AGOSTO,8,NO,NO CEDER EL DERECHO DE VIA O PREFERENCIA DE PASO AL PEATON.,ATROPELLOS,BUS,0,0,1,0,0,0,0,0,0,0,0,0,0,1,72,HOMBRE,LESIONADO,PEATON,NO,NO,0
20060,69250,69251,2019,1,0,-0.312474,-78.527062,PICHINCHA,QUITO,QUITO,URBANA,2019-08-09,19:00:00,19,VIERNES,5,AGOSTO,8,NO,"PEATON TRANSITA BAJO INFLUENCIA DE ALCOHOL, SUSTANCIAS ESTUPEFACIENTES O PSICOTROPICAS Y/O MEDICAMENTOS.",ATROPELLOS,MOTOCICLETA,0,0,0,0,0,0,0,0,1,0,0,0,0,1,38,HOMBRE,LESIONADO,PEATON,NO,NO,0
20061,69260,69261,2019,1,0,-0.189939,-78.496903,PICHINCHA,QUITO,QUITO,URBANA,2019-08-09,21:30:00,21,VIERNES,5,AGOSTO,8,NO,"CONDUCE BAJO LA INFLUENCIA DE ALCOHOL, SUSTANCIAS ESTUPEFACIENTES O PSICOTROPICAS Y/O MEDICAMENTOS.",CHOQUE LATERAL,MOTOCICLETA,1,0,0,0,0,0,0,0,1,0,0,0,0,2,36,HOMBRE,LESIONADO,CONDUCTOR PRESENTE,NO,NO,0
20062,69267,69268,2019,0,0,-0.206762,-78.483805,PICHINCHA,QUITO,QUITO,URBANA,2019-08-09,23:04:00,23,VIERNES,5,AGOSTO,8,NO,"NO RESPETAR LAS SENIALES REGLAMENTARIAS DE TRANSITO. (PARE, CEDA EL PASO, LUZ ROJA DEL SEMAFORO, ETC).",CHOQUE LATERAL,AUTOMOVIL,2,0,0,0,0,0,0,0,0,0,0,0,0,2,25,HOMBRE,ILESO,CONDUCTOR PRESENTE,NO,NO,0
20063,69275,69276,2019,0,0,-0.255541,-78.521383,PICHINCHA,QUITO,QUITO,URBANA,2019-08-10,02:35:00,2,SABADO,6,AGOSTO,8,NO,CONDUCIR VEHICULO SUPERANDO LOS LIMITES MAXIMOS DE VELOCIDAD.,ESTRELLAMIENTOS,CAMIONETA,0,0,0,0,1,0,0,0,0,0,0,0,0,1,-1,NO IDENTIFICADO,NO IDENTIFICADO,CONDUCTOR AUSENTE,NO,NO,2
20064,69279,69280,2019,0,0,-0.171846,-78.487749,PICHINCHA,QUITO,QUITO,URBANA,2019-08-10,03:30:00,3,SABADO,6,AGOSTO,8,NO,"NO RESPETAR LAS SENIALES REGLAMENTARIAS DE TRANSITO. (PARE, CEDA EL PASO, LUZ ROJA DEL SEMAFORO, ETC).",ESTRELLAMIENTOS,NO IDENTIFICADO,0,0,0,0,0,0,0,0,0,1,0,0,0,1,-1,NO IDENTIFICADO,NO IDENTIFICADO,CONDUCTOR AUSENTE,NO,NO,2
20065,69289,69290,2019,0,0,-0.328001,-78.541921,PICHINCHA,QUITO,QUITO,URBANA,2019-08-10,05:10:00,5,SABADO,6,AGOSTO,8,NO,CONDUCIR VEHICULO SUPERANDO LOS LIMITES MAXIMOS DE VELOCIDAD.,ESTRELLAMIENTOS,MOTOCICLETA,0,0,0,0,0,0,0,0,1,0,0,0,0,1,-1,NO IDENTIFICADO,NO IDENTIFICADO,CONDUCTOR AUSENTE,NO,NO,2
20066,69291,69292,2019,0,0,-0.103147,-78.494084,PICHINCHA,QUITO,QUITO,URBANA,2019-08-10,06:00:00,6,SABADO,6,AGOSTO,8,NO,NO MANTENER LA DISTANCIA PRUDENCIAL CON RESPECTO AL VEHICULO QUE LE ANTECEDE.,CHOQUE POSTERIOR,CAMIONETA,1,0,0,0,1,0,0,0,0,0,0,0,0,2,56,HOMBRE,ILESO,CONDUCTOR PRESENTE,NO,NO,0
20067,69304,69305,2019,0,0,0.044689,-78.225526,PICHINCHA,PEDRO MONCAYO,TABACUNDO,RURAL,2019-08-10,11:00:00,11,SABADO,6,AGOSTO,8,NO,"CONDUCIR DESATENTO A LAS CONDICIONES DE TRANSITO (CELULAR, PANTALLAS DE VIDEO, COMIDA, MAQUILLAJE O CUALQUIER OTRO ELEMENTO DISTRACTOR).",CHOQUE LATERAL,AUTOMOVIL,2,0,0,0,0,0,0,0,0,0,0,0,0,2,36,HOMBRE,ILESO,CONDUCTOR PRESENTE,NO,NO,3
20068,69309,69310,2019,1,0,-0.030808,-78.453007,PICHINCHA,QUITO,SAN ANTONIO (QUITO),RURAL,2019-08-10,12:14:00,12,SABADO,6,AGOSTO,8,NO,"CONDUCIR DESATENTO A LAS CONDICIONES DE TRANSITO (CELULAR, PANTALLAS DE VIDEO, COMIDA, MAQUILLAJE O CUALQUIER OTRO ELEMENTO DISTRACTOR).",PERDIDA DE PISTA,MOTOCICLETA,0,0,0,0,0,0,0,0,1,0,0,0,0,1,26,HOMBRE,LESIONADO,CONDUCTOR PRESENTE,NO,SI,3
20069,69310,69311,2019,0,0,-0.124188,-78.480689,PICHINCHA,QUITO,QUITO,URBANA,2019-08-10,13:00:00,13,SABADO,6,AGOSTO,8,NO,"NO RESPETAR LAS SENIALES REGLAMENTARIAS DE TRANSITO. (PARE, CEDA EL PASO, LUZ ROJA DEL SEMAFORO, ETC).",ESTRELLAMIENTOS,AUTOMOVIL,1,0,0,0,0,0,0,0,0,0,0,0,0,1,-1,NO IDENTIFICADO,NO IDENTIFICADO,CONDUCTOR AUSENTE,NO,NO,2