,Unnamed: 0,ID,ANIO,LESIONADOS,FALLECIDOS,LATITUD_Y,LONGITUD_X,PROVINCIA,CANTON,PARROQUIA,ZONA,FECHA,HORA,PERIODO_2,DIA_1,DIA_2,MES_1,MES_2,FERIADO,CAUSA_PROBABLE,TIPO_DE_SINIESTRO,TIPO_DE_VEHICULO_1,AUTOMOVIL,BICICLETA,BUS,CAMION,CAMIONETA,EMERGENCIAS,ESPECIAL,FURGONETA,MOTOCICLETA,NO_IDENTIFICADO,SCOOTER_ELECTRICO,TRICIMOTO,VEHICULO_DEPORTIVO_UTILITARIO,SUMA_DE_VEHICULOS,EDAD_1,SEXO_1,CONDICION_1,PARTICIPANTE_1,CASCO_1,CINTURON_1,KMeans_Cluster
20070,69311,69312,2019,1,0,-0.272977,-78.529361,PICHINCHA,QUITO,QUITO,URBANA,2019-08-10,13:20:00,13,SABADO,6,AGOSTO,8,NO,"NO RESPETAR LAS SENIALES REGLAMENTARIAS DE TRANSITO. (PARE, CEDA EL PASO, LUZ ROJA DEL SEMAFORO, ETC).",CHOQUE LATERAL,AUTOMOVIL,1,0,0,0,1,0,0,0,0,0,0,0,0,2,40,MUJER,LESIONADO,PASAJERO,NO,NO,0
20071,69318,69319,2019,5,0,-0.188466,-78.499692,PICHINCHA,QUITO,QUITO,URBANA,2019-08-10,14:35:00,14,SABADO,6,AGOSTO,8,NO,NO GUARDAR LA DISTANCIA LATERAL MINIMA DE SEGURIDAD ENTRE VEHICULOS.,CHOQUE LATERAL,AUTOMOVIL,1,0,0,0,1,0,0,0,0,0,0,0,0,2,14,MUJER,LESIONADO,PASAJERO,NO,NO,0
20072,69319,69320,2019,1,0,-0.256905,-78.521688,PICHINCHA,QUITO,QUITO,URBANA,2019-08-10,15:00:00,15,SABADO,6,AGOSTO,8,NO,CONDUCIR VEHICULO SUPERANDO LOS LIMITES MAXIMOS DE VELOCIDAD.,ESTRELLAMIENTOS,AUTOMOVIL,1,0,0,0,0,0,0,0,0,0,0,0,0,1,46,HOMBRE,LESIONADO,PASAJERO,NO,NO,0
20073,69335,69336,2019,0,0,-0.238306,-78.529597,PICHINCHA,QUITO,QUITO,URBANA,2019-08-10,18:05:00,18,SABADO,6,AGOSTO,8,NO,NO GUARDAR LA DISTANCIA LATERAL MINIMA DE SEGURIDAD ENTRE VEHICULOS.,ROZAMIENTOS,AUTOMOVIL,1,0,0,0,0,0,0,0,0,1,0,0,0,2,28,HOMBRE,ILESO,CONDUCTOR PRESENTE,NO,NO,0
20074,69341,69342,2019,0,0,-0.085332,-78.502581,PICHINCHA,QUITO,QUITO,URBANA,2019-08-10,19:40:00,19,SABADO,6,AGOSTO,8,NO,"CONDUCIR DESATENTO A LAS CONDICIONES DE TRANSITO (CELULAR, PANTALLAS DE VIDEO, COMIDA, MAQUILLAJE O CUALQUIER OTRO ELEMENTO DISTRACTOR).",OTROS,CAMION,0,0,0,1,0,0,0,0,0,0,0,0,0,1,47,HOMBRE,ILESO,CONDUCTOR PRESENTE,NO,NO,0
20075,69344,69345,2019,0,1,-0.113663,-78.474506,PICHINCHA,QUITO,QUITO,URBANA,2019-08-10,20:05:00,20,SABADO,6,AGOSTO,8,NO,CONDUCIR VEHICULO SUPERANDO LOS LIMITES MAXIMOS DE VELOCIDAD.,ESTRELLAMIENTOS,CAMIONETA,0,0,0,0,1,0,0,0,0,0,0,0,0,1,53,HOMBRE,FALLECIDO,CONDUCTOR PRESENTE,NO,NO,0
20076,69351,69352,2019,1,0,-0.194185,-78.482112,PICHINCHA,QUITO,QUITO,URBANA,2019-08-10,22:30:00,22,SABADO,6,AGOSTO,8,NO,"NO RESPETAR LAS SENIALES REGLAMENTARIAS DE TRANSITO. (PARE, CEDA EL PASO, LUZ ROJA DEL SEMAFORO, ETC).",CHOQUE LATERAL,MOTOCICLETA,1,0,0,0,0,0,0,0,1,0,0,0,0,2,28,HOMBRE,LESIONADO,CONDUCTOR PRESENTE,NO,NO,0
20077,69352,69353,2019,0,0,-0.295604,-78.561141,PICHINCHA,QUITO,QUITO,URBANA,2019-08-10,22:35:00,22,SABADO,6,AGOSTO,8,NO,CONDUCIR VEHICULO SUPERANDO LOS LIMITES MAXIMOS DE VELOCIDAD.,ESTRELLAMIENTOS,AUTOMOVIL,1,0,0,0,0,0,0,0,0,0,0,0,0,1,-1,NO IDENTIFICADO,NO IDENTIFICADO,CONDUCTOR AUSENTE,NO,NO,2
20078,69353,69354,2019,1,1,-0.378381,-78.552321,PICHINCHA,MEJIA,CUTUGLAHUA,RURAL,2019-08-10,23:00:00,23,SABADO,6,AGOSTO,8,NO,"CONDUCIR DESATENTO A LAS CONDICIONES DE TRANSITO (CELULAR, PANTALLAS DE VIDEO, COMIDA, MAQUILLAJE O CUALQUIER OTRO ELEMENTO DISTRACTOR).",CHOQUE LATERAL,CAMIONETA,1,0,0,0,1,0,0,0,0,0,0,0,0,2,44,HOMBRE,FALLECIDO,PASAJERO,NO,SI,3
20079,69359,69360,2019,0,0,-0.247146,-78.535093,PICHINCHA,QUITO,QUITO,URBANA,2019-08-11,01:15:00,1,DOMINGO,7,AGOSTO,8,NO,"CONDUCE BAJO LA INFLUENCIA DE ALCOHOL, SUSTANCIAS ESTUPEFACIENTES O PSICOTROPICAS Y/O MEDICAMENTOS.",CHOQUE LATERAL,AUTOMOVIL,2,0,0,0,0,0,0,0,0,0,0,0,0,2,28,HOMBRE,ILESO,CONDUCTOR PRESENTE,NO,NO,0
20080,69366,69367,2019,0,0,-0.084163,-78.418921,PICHINCHA,QUITO,CALDERON (CARAPUNGO),RURAL,2019-08-11,03:25:00,3,DOMINGO,7,AGOSTO,8,NO,REALIZAR CAMBIO BRUSCO O INDEBIDO DE CARRIL.,ESTRELLAMIENTOS,AUTOMOVIL,1,0,0,0,0,0,0,0,0,0,0,0,0,1,-1,NO IDENTIFICADO,NO IDENTIFICADO,CONDUCTOR AUSENTE,NO,NO,2
20081,69368,69369,2019,2,0,-0.164475,-78.320197,PICHINCHA,QUITO,YARUQUI,URBANA,2019-08-11,03:45:00,3,DOMINGO,7,AGOSTO,8,NO,CONDUCIR VEHICULO SUPERANDO LOS LIMITES MAXIMOS DE VELOCIDAD.,CHOQUE LATERAL,AUTOMOVIL,1,0,0,0,0,0,0,0,1,0,0,0,0,2,28,HOMBRE,LESIONADO,CONDUCTOR PRESENTE,NO,NO,0
20082,69369,69370,2019,0,0,-0.112189,-78.504802,PICHINCHA,QUITO,QUITO,URBANA,2019-08-11,04:00:00,4,DOMINGO,7,AGOSTO,8,NO,CONDUCIR VEHICULO SUPERANDO LOS LIMITES MAXIMOS DE VELOCIDAD.,ESTRELLAMIENTOS,AUTOMOVIL,1,0,0,0,0,0,0,0,0,0,0,0,0,1,-1,NO IDENTIFICADO,NO IDENTIFICADO,CONDUCTOR AUSENTE,NO,NO,2
20083,69382,69383,2019,1,0,-0.204495,-78.484404,PICHINCHA,QUITO,QUITO,URBANA,2019-08-11,08:10:00,8,DOMINGO,7,AGOSTO,8,NO,"NO RESPETAR LAS SENIALES REGLAMENTARIAS DE TRANSITO. (PARE, CEDA EL PASO, LUZ ROJA DEL SEMAFORO, ETC).",ESTRELLAMIENTOS,AUTOMOVIL,1,0,0,0,0,0,0,0,0,0,0,0,0,1,38,HOMBRE,LESIONADO,CONDUCTOR PRESENTE,NO,NO,0
20084,69390,69391,2019,0,0,-0.298222,-78.532387,PICHINCHA,QUITO,QUITO,URBANA,2019-08-11,10:30:00,10,DOMINGO,7,AGOSTO,8,NO,NO GUARDAR LA DISTANCIA LATERAL MINIMA DE SEGURIDAD ENTRE VEHICULOS.,CHOQUE LATERAL,AUTOMOVIL,2,0,0,0,0,0,0,0,0,0,0,0,0,2,41,HOMBRE,ILESO,CONDUCTOR PRESENTE,NO,NO,0
20085,69399,69400,2019,1,0,-0.463109,-78.570308,PICHINCHA,MEJIA,ALOAG,RURAL,2019-08-11,13:50:00,13,DOMINGO,7,AGOSTO,8,NO,"CONDUCIR DESATENTO A LAS CONDICIONES DE TRANSITO (CELULAR, PANTALLAS DE VIDEO, COMIDA, MAQUILLAJE O CUALQUIER OTRO ELEMENTO DISTRACTOR).",CHOQUE POSTERIOR,MOTOCICLETA,0,0,1,0,0,0,0,0,1,0,0,0,0,2,24,HOMBRE,LESIONADO,CONDUCTOR PRESENTE,NO,SI,3
20086,69405,69406,2019,0,0,-0.287686,-78.565254,PICHINCHA,QUITO,QUITO,URBANA,2019-08-11,15:45:00,15,DOMINGO,7,AGOSTO,8,NO,CONDUCIR VEHICULO SUPERANDO LOS LIMITES MAXIMOS DE VELOCIDAD.,ESTRELLAMIENTOS,AUTOMOVIL,1,0,0,0,1,0,0,0,0,1,0,0,0,3,-1,NO IDENTIFICADO,NO IDENTIFICADO,CONDUCTOR AUSENTE,NO,NO,2
20087,69407,69408,2019,0,0,-0.197247,-78.478994,PICHINCHA,QUITO,QUITO,URBANA,2019-08-11,17:25:00,17,DOMINGO,7,AGOSTO,8,NO,CONDUCIR VEHICULO SUPERANDO LOS LIMITES MAXIMOS DE VELOCIDAD.,OTROS,AUTOMOVIL,2,0,0,0,0,0,0,0,0,0,0,0,0,2,38,HOMBRE,ILESO,CONDUCTOR PRESENTE,NO,NO,0
20088,69415,69416,2019,2,0,-0.232011,-78.523463,PICHINCHA,QUITO,QUITO,URBANA,2019-08-11,19:30:00,19,DOMINGO,7,AGOSTO,8,NO,NO CEDER EL DERECHO DE VIA O PREFERENCIA DE PASO AL PEATON.,ATROPELLOS,MOTOCICLETA,0,0,0,0,0,0,0,0,1,0,0,0,0,1,24,MUJER,LESIONADO,PEATON,NO,NO,0
20089,69426,69427,2019,2,0,-0.218421,-78.388507,PICHINCHA,QUITO,TUMBACO,RURAL,2019-08-11,21:20:00,21,DOMINGO,7,AGOSTO,8,NO,CONDUCIR VEHICULO SUPERANDO LOS LIMITES MAXIMOS DE VELOCIDAD.,PERDIDA DE CARRIL,MOTOCICLETA,0,0,0,0,0,0,0,0,1,0,0,0,0,1,37,MUJER,LESIONADO,PASAJERO,NO,NO,3
20090,69440,69441,2019,1,0,-0.085718,-78.399082,PICHINCHA,QUITO,CALDERON (CARAPUNGO),RURAL,2019-08-12,06:50:00,6,LUNES,1,AGOSTO,8,NO,"CONDUCIR DESATENTO A LAS CONDICIONES DE TRANSITO (CELULAR, PANTALLAS DE VIDEO, COMIDA, MAQUILLAJE O CUALQUIER OTRO ELEMENTO DISTRACTOR).",PERDIDA DE CARRIL,VEHICULO DEPORTIVO UTILITARIO,0,0,0,0,0,0,0,0,0,0,0,0,1,1,37,HOMBRE,LESIONADO,CONDUCTOR PRESENTE,NO,SI,3
20091,69454,69455,2019,0,0,-0.204802,-78.376946,PICHINCHA,QUITO,TUMBACO,RURAL,2019-08-12,09:45:00,9,LUNES,1,AGOSTO,8,NO,"CONDUCIR DESATENTO A LAS CONDICIONES DE TRANSITO (CELULAR, PANTALLAS DE VIDEO, COMIDA, MAQUILLAJE O CUALQUIER OTRO ELEMENTO DISTRACTOR).",CHOQUE FRONTAL,AUTOMOVIL,2,0,0,0,0,0,0,0,0,0,0,0,0,2,33,MUJER,ILESO,CONDUCTOR PRESENTE,NO,NO,3
20092,69465,69466,2019,0,0,-0.274321,-78.544261,PICHINCHA,QUITO,QUITO,URBANA,2019-08-12,13:10:00,13,LUNES,1,AGOSTO,8,NO,NO GUARDAR LA DISTANCIA LATERAL MINIMA DE SEGURIDAD ENTRE VEHICULOS.,CHOQUE LATERAL,AUTOMOVIL,2,0,0,0,0,0,0,0,0,0,0,0,0,2,29,HOMBRE,ILESO,CONDUCTOR PRESENTE,NO,NO,0
20093,69468,69469,2019,0,0,-0.282873,-78.544223,PICHINCHA,QUITO,QUITO,URBANA,2019-08-12,14:27:00,14,LUNES,1,AGOSTO,8,NO,NO GUARDAR LA DISTANCIA LATERAL MINIMA DE SEGURIDAD ENTRE VEHICULOS.,OTROS,CAMION,1,0,0,1,0,0,0,0,0,0,0,0,0,2,30,HOMBRE,ILESO,CONDUCTOR PRESENTE,NO,NO,0
20094,69476,69477,2019,1,0,-0.252493,-78.511555,PICHINCHA,QUITO,QUITO,URBANA,2019-08-12,16:20:00,16,LUNES,1,AGOSTO,8,NO,"CASO FORTUITO O FUERZA MAYOR (EXPLOSION DE NEUMATICO NUEVO, DERRUMBE, INUNDACION, CAIDA DE PUENTE, ARBOL, PRESENCIA INTEMPESTIVA E IMPREVISTA DE SEMOVIENTES EN LA VIA, ETC.).",OTROS,MOTOCICLETA,0,0,0,0,0,0,0,0,1,0,0,0,0,1,36,HOMBRE,LESIONADO,PASAJERO,NO,NO,0
20095,69477,69478,2019,0,0,-0.264847,-78.539723,PICHINCHA,QUITO,QUITO,URBANA,2019-08-12,16:30:00,16,LUNES,1,AGOSTO,8,NO,NO CEDER EL DERECHO DE VIA O PREFERENCIA DE PASO AL PEATON.,ATROPELLOS,AUTOMOVIL,1,0,0,0,0,0,0,0,0,0,0,0,0,1,77,HOMBRE,ILESO,PEATON,NO,NO,0
20096,69481,69482,2019,0,0,-0.263512,-78.525746,PICHINCHA,QUITO,QUITO,URBANA,2019-08-12,17:00:00,17,LUNES,1,AGOSTO,8,NO,CONDUCIR VEHICULO SUPERANDO LOS LIMITES MAXIMOS DE VELOCIDAD.,CHOQUE POSTERIOR,AUTOMOVIL,1,0,0,0,0,0,0,0,0,1,0,0,0,2,33,MUJER,ILESO,CONDUCTOR PRESENTE,NO,NO,0
20097,69485,69486,2019,0,0,-0.137645,-78.501298,PICHINCHA,QUITO,QUITO,URBANA,2019-08-12,17:48:00,17,LUNES,1,AGOSTO,8,NO,NO MANTENER LA DISTANCIA PRUDENCIAL CON RESPECTO AL VEHICULO QUE LE ANTECEDE.,COLISION,AUTOMOVIL,3,0,0,0,1,0,0,0,0,0,0,0,0,4,37,HOMBRE,ILESO,CONDUCTOR PRESENTE,NO,NO,0
20098,69499,69500,2019,0,0,-0.305953,-78.470254,PICHINCHA,QUITO,CONOCOTO,RURAL,2019-08-12,23:45:00,23,LUNES,1,AGOSTO,8,NO,CONDUCIR VEHICULO SUPERANDO LOS LIMITES MAXIMOS DE VELOCIDAD.,OTROS,AUTOMOVIL,1,0,0,0,0,0,0,0,0,0,0,0,0,1,-1,NO IDENTIFICADO,NO IDENTIFICADO,CONDUCTOR AUSENTE,NO,NO,2
20099,69505,69506,2019,0,1,-0.517479,-78.576379,PICHINCHA,MEJIA,MACHACHI,RURAL,2019-08-13,04:45:00,4,MARTES,2,AGOSTO,8,NO,"CONDUCIR DESATENTO A LAS CONDICIONES DE TRANSITO (CELULAR, PANTALLAS DE VIDEO, COMIDA, MAQUILLAJE O CUALQUIER OTRO ELEMENTO DISTRACTOR).",ARROLLAMIENTOS,VEHICULO DEPORTIVO UTILITARIO,0,0,0,0,0,0,0,0,0,0,0,0,1,1,83,HOMBRE,FALLECIDO,PEATON,NO,SI,3
20100,69510,69511,2019,3,0,-0.196691,-78.466599,PICHINCHA,QUITO,QUITO,RURAL,2019-08-13,07:25:00,7,MARTES,2,AGOSTO,8,NO,CONDUCIR VEHICULO SUPERANDO LOS LIMITES MAXIMOS DE VELOCIDAD.,CHOQUE FRONTAL,MOTOCICLETA,0,0,0,0,0,0,0,0,2,0,0,0,0,2,22,MUJER,LESIONADO,PASAJERO,NO,NO,3
20101,69521,69522,2019,0,0,-0.328831,-78.560625,PICHINCHA,QUITO,QUITO,URBANA,2019-08-13,09:40:00,9,MARTES,2,AGOSTO,8,NO,REALIZAR CAMBIO BRUSCO O INDEBIDO DE CARRIL.,OTROS,MOTOCICLETA,0,0,0,0,0,0,0,0,1,0,0,0,0,1,-1,NO IDENTIFICADO,NO IDENTIFICADO,CONDUCTOR AUSENTE,NO,NO,2
20102,69523,69524,2019,0,0,-0.163352,-78.463473,PICHINCHA,QUITO,QUITO,URBANA,2019-08-13,11:00:00,11,MARTES,2,AGOSTO,8,NO,NO MANTENER LA DISTANCIA PRUDENCIAL CON RESPECTO AL VEHICULO QUE LE ANTECEDE.,COLISION,BUS,2,0,1,0,0,0,0,0,0,0,0,0,0,3,30,MUJER,ILESO,CONDUCTOR PRESENTE,NO,NO,0
20103,69530,69531,2019,0,0,-0.102365,-78.490629,PICHINCHA,QUITO,QUITO,URBANA,2019-08-13,13:50:00,13,MARTES,2,AGOSTO,8,NO,"CONDUCE BAJO LA INFLUENCIA DE ALCOHOL, SUSTANCIAS ESTUPEFACIENTES O PSICOTROPICAS Y/O MEDICAMENTOS.",ROZAMIENTOS,AUTOMOVIL,2,0,0,0,0,0,0,0,0,0,0,0,0,2,60,MUJER,ILESO,CONDUCTOR PRESENTE,NO,NO,0
20104,69558,69559,2019,1,0,-0.167231,-78.325299,PICHINCHA,QUITO,YARUQUI,RURAL,2019-08-13,21:45:00,21,MARTES,2,AGOSTO,8,NO,"CONDUCE BAJO LA INFLUENCIA DE ALCOHOL, SUSTANCIAS ESTUPEFACIENTES O PSICOTROPICAS Y/O MEDICAMENTOS.",PERDIDA DE PISTA,MOTOCICLETA,0,0,0,0,0,0,0,0,1,0,0,0,0,1,26,HOMBRE,LESIONADO,PASAJERO,NO,SI,3
20105,69562,69563,2019,0,0,-0.288068,-78.528373,PICHINCHA,QUITO,QUITO,URBANA,2019-08-13,22:45:00,22,MARTES,2,AGOSTO,8,NO,CONDUCIR VEHICULO SUPERANDO LOS LIMITES MAXIMOS DE VELOCIDAD.,ESTRELLAMIENTOS,AUTOMOVIL,1,0,0,0,0,0,0,0,0,0,0,0,0,1,-1,NO IDENTIFICADO,NO IDENTIFICADO,CONDUCTOR AUSENTE,NO,NO,2
20106,69567,69568,2019,0,0,-0.258452,-78.486171,PICHINCHA,QUITO,CONOCOTO,URBANA,2019-08-14,05:40:00,5,MIERCOLES,3,AGOSTO,8,NO,"CONDUCIR DESATENTO A LAS CONDICIONES DE TRANSITO (CELULAR, PANTALLAS DE VIDEO, COMIDA, MAQUILLAJE O CUALQUIER OTRO ELEMENTO DISTRACTOR).",PERDIDA DE CARRIL,CAMIONETA,0,0,0,0,1,0,0,0,0,0,0,0,0,1,26,HOMBRE,ILESO,CONDUCTOR PRESENTE,NO,SI,0
20107,69568,69569,2019,1,0,-0.164784,-78.468117,PICHINCHA,QUITO,QUITO,URBANA,2019-08-14,06:05:00,6,MIERCOLES,3,AGOSTO,8,NO,NO MANTENER LA DISTANCIA PRUDENCIAL CON RESPECTO AL VEHICULO QUE LE ANTECEDE.,CHOQUE POSTERIOR,AUTOMOVIL,2,0,0,0,0,0,0,0,0,0,0,0,0,2,48,HOMBRE,LESIONADO,CONDUCTOR PRESENTE,NO,NO,0
20108,69572,69573,2019,1,0,-0.171497,-78.490692,PICHINCHA,QUITO,QUITO,URBANA,2019-08-14,06:53:00,6,MIERCOLES,3,AGOSTO,8,NO,"CASO FORTUITO O FUERZA MAYOR (EXPLOSION DE NEUMATICO NUEVO, DERRUMBE, INUNDACION, CAIDA DE PUENTE, ARBOL, PRESENCIA INTEMPESTIVA E IMPREVISTA DE SEMOVIENTES EN LA VIA, ETC.).",CHOQUE LATERAL,AUTOMOVIL,1,0,0,0,0,0,0,0,1,0,0,0,0,2,33,HOMBRE,LESIONADO,CONDUCTOR PRESENTE,NO,NO,0
20109,69603,69604,2019,0,0,-0.139547,-78.473708,PICHINCHA,QUITO,QUITO,URBANA,2019-08-14,20:30:00,20,MIERCOLES,3,AGOSTO,8,NO,"CONDUCIR DESATENTO A LAS CONDICIONES DE TRANSITO (CELULAR, PANTALLAS DE VIDEO, COMIDA, MAQUILLAJE O CUALQUIER OTRO ELEMENTO DISTRACTOR).",ROZAMIENTOS,AUTOMOVIL,2,0,0,0,0,0,0,0,0,0,0,0,0,2,24,MUJER,ILESO,PASAJERO,NO,NO,0
20110,69606,69607,2019,1,0,-0.442523,-78.672337,PICHINCHA,MEJIA,ALOAG,URBANA,2019-08-14,21:30:00,21,MIERCOLES,3,AGOSTO,8,NO,"CONDUCIR DESATENTO A LAS CONDICIONES DE TRANSITO (CELULAR, PANTALLAS DE VIDEO, COMIDA, MAQUILLAJE O CUALQUIER OTRO ELEMENTO DISTRACTOR).",CHOQUE POSTERIOR,MOTOCICLETA,0,0,0,0,1,0,0,0,1,0,0,0,0,2,38,HOMBRE,LESIONADO,CONDUCTOR PRESENTE,NO,SI,0
20111,69609,69610,2019,3,0,-0.188566,-78.491949,PICHINCHA,QUITO,QUITO,URBANA,2019-08-15,00:50:00,0,JUEVES,4,AGOSTO,8,NO,"NO RESPETAR LAS SENIALES REGLAMENTARIAS DE TRANSITO. (PARE, CEDA EL PASO, LUZ ROJA DEL SEMAFORO, ETC).",CHOQUE LATERAL,BUS,1,0,1,0,0,0,0,0,0,0,0,0,0,2,20,HOMBRE,LESIONADO,PASAJERO,NO,NO,0
20112,69623,69624,2019,2,0,-0.199767,-78.428809,PICHINCHA,QUITO,CUMBAYA,RURAL,2019-08-15,07:25:00,7,JUEVES,4,AGOSTO,8,NO,CONDUCIR VEHICULO SUPERANDO LOS LIMITES MAXIMOS DE VELOCIDAD.,ESTRELLAMIENTOS,MOTOCICLETA,0,0,0,0,0,0,0,0,1,0,0,0,0,1,30,HOMBRE,LESIONADO,PASAJERO,NO,NO,3
20113,69636,69637,2019,0,0,-0.215643,-78.489747,PICHINCHA,QUITO,QUITO,URBANA,2019-08-15,10:00:00,10,JUEVES,4,AGOSTO,8,NO,NO MANTENER LA DISTANCIA PRUDENCIAL CON RESPECTO AL VEHICULO QUE LE ANTECEDE.,CHOQUE POSTERIOR,AUTOMOVIL,2,0,0,0,0,0,0,0,0,0,0,0,0,2,32,HOMBRE,ILESO,CONDUCTOR PRESENTE,NO,NO,0
20114,69651,69652,2019,0,0,-0.150518,-78.502351,PICHINCHA,QUITO,QUITO,URBANA,2019-08-15,14:15:00,14,JUEVES,4,AGOSTO,8,NO,CONDUCIR VEHICULO SUPERANDO LOS LIMITES MAXIMOS DE VELOCIDAD.,ESTRELLAMIENTOS,FURGONETA,0,0,0,0,0,0,0,1,0,0,0,0,0,1,-1,NO IDENTIFICADO,NO IDENTIFICADO,CONDUCTOR AUSENTE,NO,NO,2
20115,69652,69653,2019,1,0,-0.249302,-78.524277,PICHINCHA,QUITO,QUITO,URBANA,2019-08-15,15:00:00,15,JUEVES,4,AGOSTO,8,NO,"CONDICIONES AMBIENTALES Y/O ATMOSFERICAS (NIEBLA, NEBLINA, GRANIZO, LLUVIA).",OTROS,MOTOCICLETA,0,0,0,0,0,0,0,0,1,0,0,0,0,1,22,HOMBRE,LESIONADO,CONDUCTOR PRESENTE,NO,NO,0
20116,69661,69662,2019,2,0,-0.188543,-78.482007,PICHINCHA,QUITO,QUITO,URBANA,2019-08-15,17:41:00,17,JUEVES,4,AGOSTO,8,NO,"NO RESPETAR LAS SENIALES REGLAMENTARIAS DE TRANSITO. (PARE, CEDA EL PASO, LUZ ROJA DEL SEMAFORO, ETC).",CHOQUE LATERAL,MOTOCICLETA,1,0,0,0,0,0,0,0,1,0,0,0,0,2,21,HOMBRE,LESIONADO,PASAJERO,NO,NO,0
20117,69663,69664,2019,0,0,-0.304504,-78.566841,PICHINCHA,QUITO,QUITO,URBANA,2019-08-15,18:45:00,18,JUEVES,4,AGOSTO,8,NO,"CONDUCE BAJO LA INFLUENCIA DE ALCOHOL, SUSTANCIAS ESTUPEFACIENTES O PSICOTROPICAS Y/O MEDICAMENTOS.",CHOQUE POSTERIOR,AUTOMOVIL,2,0,0,0,0,0,0,0,0,0,0,0,0,2,32,HOMBRE,ILESO,CONDUCTOR PRESENTE,NO,NO,0
20118,69665,69666,2019,1,0,-0.205819,-78.499217,PICHINCHA,QUITO,QUITO,URBANA,2019-08-15,19:00:00,19,JUEVES,4,AGOSTO,8,NO,CONDUCIR VEHICULO SUPERANDO LOS LIMITES MAXIMOS DE VELOCIDAD.,ATROPELLOS,MOTOCICLETA,0,0,0,0,0,0,0,0,1,0,0,0,0,1,79,MUJER,LESIONADO,PEATON,NO,NO,0
20119,69666,69667,2019,0,0,-0.207395,-78.495825,PICHINCHA,QUITO,QUITO,URBANA,2019-08-15,19:15:00,19,JUEVES,4,AGOSTO,8,NO,CONDUCIR VEHICULO SUPERANDO LOS LIMITES MAXIMOS DE VELOCIDAD.,COLISION,AUTOMOVIL,3,0,0,0,0,0,0,0,0,0,0,0,0,3,28,HOMBRE,ILESO,PASAJERO,NO,NO,0
20120,69684,69685,2019,2,1,0.080423,-79.008351,PICHINCHA,PEDRO VICENTE MALDONADO,PEDRO VICENTE MALDONADO,RURAL,2019-08-16,02:30:00,2,VIERNES,5,AGOSTO,8,NO,"CONDUCIR DESATENTO A LAS CONDICIONES DE TRANSITO (CELULAR, PANTALLAS DE VIDEO, COMIDA, MAQUILLAJE O CUALQUIER OTRO ELEMENTO DISTRACTOR).",PERDIDA DE PISTA,MOTOCICLETA,0,0,0,0,0,0,0,0,2,0,0,0,0,2,19,HOMBRE,FALLECIDO,PASAJERO,NO,SI,3
20121,69690,69691,2019,0,0,-0.291889,-78.558471,PICHINCHA,QUITO,QUITO,URBANA,2019-08-16,03:50:00,3,VIERNES,5,AGOSTO,8,NO,CONDUCIR VEHICULO SUPERANDO LOS LIMITES MAXIMOS DE VELOCIDAD.,OTROS,AUTOMOVIL,1,0,0,0,0,0,0,0,0,0,0,0,0,1,-1,NO IDENTIFICADO,NO IDENTIFICADO,CONDUCTOR AUSENTE,NO,NO,2
20122,69693,69694,2019,1,0,-0.172501,-78.488419,PICHINCHA,QUITO,QUITO,URBANA,2019-08-16,06:40:00,6,VIERNES,5,AGOSTO,8,NO,NO CEDER EL DERECHO DE VIA O PREFERENCIA DE PASO A VEHICULOS.,CHOQUE LATERAL,BICICLETA,0,1,0,0,0,0,0,0,0,1,0,0,0,2,35,HOMBRE,LESIONADO,CONDUCTOR PRESENTE,SI,NO,0
20123,69695,69696,2019,0,0,-0.271073,-78.563659,PICHINCHA,QUITO,QUITO,URBANA,2019-08-16,07:00:00,7,VIERNES,5,AGOSTO,8,NO,DANIOS MECANICOS PREVISIBLES.,ESTRELLAMIENTOS,MOTOCICLETA,0,0,0,0,0,0,0,0,1,0,0,0,0,1,-1,NO IDENTIFICADO,NO IDENTIFICADO,CONDUCTOR AUSENTE,NO,NO,2
20124,69702,69703,2019,1,0,-0.174794,-78.491591,PICHINCHA,QUITO,QUITO,URBANA,2019-08-16,10:00:00,10,VIERNES,5,AGOSTO,8,NO,CONDUCIR VEHICULO SUPERANDO LOS LIMITES MAXIMOS DE VELOCIDAD.,CHOQUE LATERAL,MOTOCICLETA,0,0,0,0,0,0,0,0,1,1,0,0,0,2,56,HOMBRE,LESIONADO,CONDUCTOR PRESENTE,SI,NO,0
20125,69717,69718,2019,0,0,-0.206664,-78.500979,PICHINCHA,QUITO,QUITO,URBANA,2019-08-16,15:05:00,15,VIERNES,5,AGOSTO,8,NO,CONDUCIR VEHICULO SUPERANDO LOS LIMITES MAXIMOS DE VELOCIDAD.,CHOQUE LATERAL,AUTOMOVIL,2,0,0,0,0,0,0,0,0,0,0,0,0,2,29,HOMBRE,ILESO,CONDUCTOR PRESENTE,NO,NO,0
20126,69720,69721,2019,1,1,-0.016951,-79.113251,PICHINCHA,SAN MIGUEL DE LOS BANCOS,SAN MIGUEL DE LOS BANCOS,RURAL,2019-08-16,17:00:00,17,VIERNES,5,AGOSTO,8,NO,"CONDUCE BAJO LA INFLUENCIA DE ALCOHOL, SUSTANCIAS ESTUPEFACIENTES O PSICOTROPICAS Y/O MEDICAMENTOS.",ATROPELLOS,MOTOCICLETA,0,0,0,0,0,0,0,0,1,0,0,0,0,1,61,MUJER,FALLECIDO,PEATON,NO,SI,3
20127,69737,69738,2019,1,0,-0.085479,-78.448755,PICHINCHA,QUITO,CALDERON (CARAPUNGO),RURAL,2019-08-16,22:20:00,22,VIERNES,5,AGOSTO,8,NO,"CONDUCE BAJO LA INFLUENCIA DE ALCOHOL, SUSTANCIAS ESTUPEFACIENTES O PSICOTROPICAS Y/O MEDICAMENTOS.",CHOQUE LATERAL,AUTOMOVIL,1,0,0,0,0,0,0,1,0,0,0,0,0,2,35,HOMBRE,LESIONADO,CONDUCTOR PRESENTE,NO,NO,3