,Unnamed: 0,ID,ANIO,LESIONADOS,FALLECIDOS,LATITUD_Y,LONGITUD_X,PROVINCIA,CANTON,PARROQUIA,ZONA,FECHA,HORA,PERIODO_2,DIA_1,DIA_2,MES_1,MES_2,FERIADO,CAUSA_PROBABLE,TIPO_DE_SINIESTRO,TIPO_DE_VEHICULO_1,AUTOMOVIL,BICICLETA,BUS,CAMION,CAMIONETA,EMERGENCIAS,ESPECIAL,FURGONETA,MOTOCICLETA,NO_IDENTIFICADO,SCOOTER_ELECTRICO,TRICIMOTO,VEHICULO_DEPORTIVO_UTILITARIO,SUMA_DE_VEHICULOS,EDAD_1,SEXO_1,CONDICION_1,PARTICIPANTE_1,CASCO_1,CINTURON_1,KMeans_Cluster
20128,69739,69740,2019,0,2,-0.099083,-78.421844,PICHINCHA,QUITO,CALDERON (CARAPUNGO),RURAL,2019-08-16,22:45:00,22,VIERNES,5,AGOSTO,8,NO,CONDUCIR VEHICULO SUPERANDO LOS LIMITES MAXIMOS DE VELOCIDAD.,CHOQUE LATERAL,MOTOCICLETA,0,0,0,0,0,0,0,0,1,1,0,0,0,2,48,HOMBRE,FALLECIDO,PASAJERO,NO,NO,3
20129,69743,69744,2019,0,0,-0.190134,-78.454044,PICHINCHA,QUITO,NAYON,RURAL,2019-08-17,00:10:00,0,SABADO,6,AGOSTO,8,NO,"NO RESPETAR LAS SENIALES REGLAMENTARIAS DE TRANSITO. (PARE, CEDA EL PASO, LUZ ROJA DEL SEMAFORO, ETC).",ESTRELLAMIENTOS,CAMIONETA,0,0,0,0,1,0,0,0,0,0,0,0,0,1,-1,NO IDENTIFICADO,NO IDENTIFICADO,CONDUCTOR AUSENTE,NO,NO,2
20130,69744,69745,2019,0,1,-0.231578,-78.523838,PICHINCHA,QUITO,QUITO,URBANA,2019-08-17,00:15:00,0,SABADO,6,AGOSTO,8,NO,CONDUCIR VEHICULO SUPERANDO LOS LIMITES MAXIMOS DE VELOCIDAD.,OTROS,NO IDENTIFICADO,0,0,0,0,0,0,0,0,0,2,0,0,0,2,24,HOMBRE,FALLECIDO,PASAJERO,NO,NO,0
20131,69747,69748,2019,0,0,-0.262386,-78.450859,PICHINCHA,QUITO,GUANGOPOLO,URBANA,2019-08-17,01:20:00,1,SABADO,6,AGOSTO,8,NO,"CONDUCIR DESATENTO A LAS CONDICIONES DE TRANSITO (CELULAR, PANTALLAS DE VIDEO, COMIDA, MAQUILLAJE O CUALQUIER OTRO ELEMENTO DISTRACTOR).",PERDIDA DE CARRIL,VEHICULO DEPORTIVO UTILITARIO,0,0,0,0,0,0,0,0,0,0,0,0,1,1,20,HOMBRE,ILESO,CONDUCTOR PRESENTE,NO,SI,0
20132,69749,69750,2019,0,0,-0.237436,-78.484272,PICHINCHA,QUITO,QUITO,URBANA,2019-08-17,02:12:00,2,SABADO,6,AGOSTO,8,NO,CONDUCIR VEHICULO SUPERANDO LOS LIMITES MAXIMOS DE VELOCIDAD.,ESTRELLAMIENTOS,CAMION,0,0,0,1,0,0,0,0,0,0,0,0,0,1,38,HOMBRE,ILESO,CONDUCTOR PRESENTE,NO,NO,0
20133,69752,69753,2019,0,0,-0.204901,-78.496467,PICHINCHA,QUITO,QUITO,URBANA,2019-08-17,02:50:00,2,SABADO,6,AGOSTO,8,NO,"CONDUCE BAJO LA INFLUENCIA DE ALCOHOL, SUSTANCIAS ESTUPEFACIENTES O PSICOTROPICAS Y/O MEDICAMENTOS.",CHOQUE LATERAL,AUTOMOVIL,2,0,0,0,0,0,0,0,0,0,0,0,0,2,32,MUJER,ILESO,CONDUCTOR PRESENTE,NO,NO,0
20134,69761,69762,2019,2,0,-0.375496,-78.506023,PICHINCHA,QUITO,AMAGUANIA,RURAL,2019-08-17,04:16:00,4,SABADO,6,AGOSTO,8,NO,NO GUARDAR LA DISTANCIA LATERAL MINIMA DE SEGURIDAD ENTRE VEHICULOS.,CHOQUE LATERAL,MOTOCICLETA,0,0,0,0,1,0,0,0,1,0,0,0,0,2,22,HOMBRE,LESIONADO,PASAJERO,NO,NO,3
20135,69762,69763,2019,0,0,-0.278461,-78.514554,PICHINCHA,QUITO,QUITO,URBANA,2019-08-17,04:18:00,4,SABADO,6,AGOSTO,8,NO,"CONDUCIR EN ESTADO DE SOMNOLENCIA O MALAS CONDICIONES FISICAS (SUENIO, CANSANCIO Y FATIGA).",ESTRELLAMIENTOS,CAMION,0,0,0,1,0,0,0,0,0,0,0,0,0,1,36,HOMBRE,ILESO,CONDUCTOR PRESENTE,NO,NO,0
20136,69765,69766,2019,0,0,-0.220117,-78.421377,PICHINCHA,QUITO,TUMBACO,RURAL,2019-08-17,05:50:00,5,SABADO,6,AGOSTO,8,NO,"CONDUCIR DESATENTO A LAS CONDICIONES DE TRANSITO (CELULAR, PANTALLAS DE VIDEO, COMIDA, MAQUILLAJE O CUALQUIER OTRO ELEMENTO DISTRACTOR).",ESTRELLAMIENTOS,CAMION,0,0,0,1,0,0,0,0,0,0,0,0,0,1,36,HOMBRE,ILESO,CONDUCTOR PRESENTE,NO,NO,3
20137,69769,69770,2019,1,0,-0.315475,-78.548577,PICHINCHA,QUITO,QUITO,URBANA,2019-08-17,06:30:00,6,SABADO,6,AGOSTO,8,NO,CONDUCIR VEHICULO SUPERANDO LOS LIMITES MAXIMOS DE VELOCIDAD.,CHOQUE POSTERIOR,MOTOCICLETA,0,0,0,0,0,0,0,0,1,1,0,0,0,2,21,HOMBRE,LESIONADO,CONDUCTOR PRESENTE,NO,NO,0
20138,69770,69771,2019,0,0,-0.328239,-78.538128,PICHINCHA,QUITO,QUITO,URBANA,2019-08-17,06:30:00,6,SABADO,6,AGOSTO,8,NO,CONDUCIR VEHICULO SUPERANDO LOS LIMITES MAXIMOS DE VELOCIDAD.,CHOQUE LATERAL,AUTOMOVIL,1,0,1,0,0,0,0,0,0,0,0,0,0,2,70,HOMBRE,ILESO,CONDUCTOR PRESENTE,NO,NO,0
20139,69772,69773,2019,0,1,-0.149645,-78.475892,PICHINCHA,QUITO,QUITO,URBANA,2019-08-17,07:00:00,7,SABADO,6,AGOSTO,8,NO,"PEATON TRANSITA BAJO INFLUENCIA DE ALCOHOL, SUSTANCIAS ESTUPEFACIENTES O PSICOTROPICAS Y/O MEDICAMENTOS.",ATROPELLOS,NO IDENTIFICADO,0,0,0,0,0,0,0,0,0,1,0,0,0,1,21,HOMBRE,FALLECIDO,PEATON,NO,NO,0
20140,69773,69774,2019,1,0,-0.283634,-78.535666,PICHINCHA,QUITO,QUITO,URBANA,2019-08-17,07:03:00,7,SABADO,6,AGOSTO,8,NO,NO TRANSITAR POR LAS ACERAS O ZONAS DE SEGURIDAD DESTINADAS PARA EL EFECTO.,ATROPELLOS,CAMIONETA,0,0,0,0,1,0,0,0,0,0,0,0,0,1,16,HOMBRE,LESIONADO,PEATON,NO,NO,0
20141,69774,69775,2019,0,0,-0.101492,-78.468991,PICHINCHA,QUITO,QUITO,URBANA,2019-08-17,07:05:00,7,SABADO,6,AGOSTO,8,NO,"CONDUCE BAJO LA INFLUENCIA DE ALCOHOL, SUSTANCIAS ESTUPEFACIENTES O PSICOTROPICAS Y/O MEDICAMENTOS.",ESTRELLAMIENTOS,AUTOMOVIL,2,0,0,0,0,0,0,0,0,0,0,0,0,2,30,HOMBRE,ILESO,CONDUCTOR PRESENTE,NO,NO,0
20142,69780,69781,2019,2,1,-0.188521,-78.446509,PICHINCHA,QUITO,NAYON,RURAL,2019-08-17,09:35:00,9,SABADO,6,AGOSTO,8,NO,"CONDUCE BAJO LA INFLUENCIA DE ALCOHOL, SUSTANCIAS ESTUPEFACIENTES O PSICOTROPICAS Y/O MEDICAMENTOS.",CHOQUE FRONTAL,AUTOMOVIL,2,0,0,0,0,0,0,0,0,0,0,0,0,2,83,HOMBRE,FALLECIDO,PASAJERO,NO,NO,3
20143,69783,69784,2019,1,0,-0.208645,-78.501729,PICHINCHA,QUITO,QUITO,URBANA,2019-08-17,10:30:00,10,SABADO,6,AGOSTO,8,NO,NO TRANSITAR POR LAS ACERAS O ZONAS DE SEGURIDAD DESTINADAS PARA EL EFECTO.,ATROPELLOS,AUTOMOVIL,1,0,0,0,0,0,0,0,0,0,0,0,0,1,79,MUJER,LESIONADO,PEATON,NO,NO,0
20144,69795,69796,2019,0,0,-0.156069,-78.439391,PICHINCHA,QUITO,NAYON,RURAL,2019-08-17,14:46:00,14,SABADO,6,AGOSTO,8,NO,CONDUCIR VEHICULO SUPERANDO LOS LIMITES MAXIMOS DE VELOCIDAD.,ESTRELLAMIENTOS,FURGONETA,0,0,0,0,0,0,0,1,0,0,0,0,0,1,-1,NO IDENTIFICADO,NO IDENTIFICADO,CONDUCTOR AUSENTE,NO,NO,2
20145,69796,69797,2019,1,0,-0.270301,-78.525729,PICHINCHA,QUITO,QUITO,URBANA,2019-08-17,15:00:00,15,SABADO,6,AGOSTO,8,NO,CONDUCIR VEHICULO SUPERANDO LOS LIMITES MAXIMOS DE VELOCIDAD.,OTROS,MOTOCICLETA,0,0,0,0,0,0,0,0,1,0,0,0,0,1,40,HOMBRE,LESIONADO,PASAJERO,NO,NO,0
20146,69801,69802,2019,2,1,-0.112182,-78.432826,PICHINCHA,QUITO,CALDERON (CARAPUNGO),RURAL,2019-08-17,16:50:00,16,SABADO,6,AGOSTO,8,NO,PEATON QUE CRUZA LA CALZADA SIN RESPETAR LA SENIALIZACION EXISTENTE (SEMAFOROS O SENIALES MANUALES).,ATROPELLOS,MOTOCICLETA,0,0,0,0,0,0,0,0,1,0,0,0,0,1,75,HOMBRE,FALLECIDO,PEATON,NO,NO,3
20147,69802,69803,2019,0,0,-0.318178,-78.369441,PICHINCHA,QUITO,PINTAG,URBANA,2019-08-17,17:00:00,17,SABADO,6,AGOSTO,8,NO,"CONDUCIR DESATENTO A LAS CONDICIONES DE TRANSITO (CELULAR, PANTALLAS DE VIDEO, COMIDA, MAQUILLAJE O CUALQUIER OTRO ELEMENTO DISTRACTOR).",PERDIDA DE CARRIL,CAMIONETA,0,0,0,0,1,0,0,0,0,0,0,0,0,1,37,MUJER,ILESO,PASAJERO,NO,SI,0
20148,69848,69849,2019,0,0,-0.195942,-78.495033,PICHINCHA,QUITO,QUITO,URBANA,2019-08-18,02:45:00,2,DOMINGO,7,AGOSTO,8,NO,NO GUARDAR LA DISTANCIA LATERAL MINIMA DE SEGURIDAD ENTRE VEHICULOS.,CHOQUE LATERAL,AUTOMOVIL,2,0,0,0,0,0,0,0,0,0,0,0,0,2,33,HOMBRE,ILESO,CONDUCTOR PRESENTE,NO,NO,0
20149,69850,69851,2019,0,0,-0.252259,-78.539108,PICHINCHA,QUITO,QUITO,URBANA,2019-08-18,02:56:00,2,DOMINGO,7,AGOSTO,8,NO,"CONDUCE BAJO LA INFLUENCIA DE ALCOHOL, SUSTANCIAS ESTUPEFACIENTES O PSICOTROPICAS Y/O MEDICAMENTOS.",CHOQUE LATERAL,AUTOMOVIL,1,0,0,0,1,0,0,0,0,0,0,0,0,2,33,HOMBRE,ILESO,CONDUCTOR PRESENTE,NO,NO,0
20150,69861,69862,2019,0,0,-0.088136,-78.474828,PICHINCHA,QUITO,QUITO,URBANA,2019-08-18,04:30:00,4,DOMINGO,7,AGOSTO,8,NO,"CONDUCE BAJO LA INFLUENCIA DE ALCOHOL, SUSTANCIAS ESTUPEFACIENTES O PSICOTROPICAS Y/O MEDICAMENTOS.",CHOQUE POSTERIOR,AUTOMOVIL,2,0,0,0,0,0,0,0,0,0,0,0,0,2,21,MUJER,ILESO,PASAJERO,NO,NO,0
20151,69872,69873,2019,1,0,-0.197154,-78.489795,PICHINCHA,QUITO,QUITO,URBANA,2019-08-18,09:03:00,9,DOMINGO,7,AGOSTO,8,NO,"CONDUCIR DESATENTO A LAS CONDICIONES DE TRANSITO (CELULAR, PANTALLAS DE VIDEO, COMIDA, MAQUILLAJE O CUALQUIER OTRO ELEMENTO DISTRACTOR).",PERDIDA DE CARRIL,MOTOCICLETA,0,0,0,0,0,0,0,0,1,0,0,0,0,1,21,HOMBRE,LESIONADO,CONDUCTOR PRESENTE,NO,NO,0
20152,69877,69878,2019,0,0,-0.088315,-78.500188,PICHINCHA,QUITO,QUITO,URBANA,2019-08-18,10:40:00,10,DOMINGO,7,AGOSTO,8,NO,"NO RESPETAR LAS SENIALES REGLAMENTARIAS DE TRANSITO. (PARE, CEDA EL PASO, LUZ ROJA DEL SEMAFORO, ETC).",ESTRELLAMIENTOS,AUTOMOVIL,1,0,0,0,0,0,0,0,0,0,0,0,0,1,-1,NO IDENTIFICADO,NO IDENTIFICADO,CONDUCTOR AUSENTE,NO,NO,2
20153,69882,69883,2019,0,0,-0.257655,-78.509337,PICHINCHA,QUITO,QUITO,URBANA,2019-08-18,12:15:00,12,DOMINGO,7,AGOSTO,8,NO,"CONDUCIR DESATENTO A LAS CONDICIONES DE TRANSITO (CELULAR, PANTALLAS DE VIDEO, COMIDA, MAQUILLAJE O CUALQUIER OTRO ELEMENTO DISTRACTOR).",ESTRELLAMIENTOS,FURGONETA,0,0,0,0,0,0,0,1,0,0,0,0,0,1,52,HOMBRE,ILESO,CONDUCTOR PRESENTE,NO,NO,0
20154,69885,69886,2019,1,0,-0.155095,-78.504529,PICHINCHA,QUITO,QUITO,URBANA,2019-08-18,14:30:00,14,DOMINGO,7,AGOSTO,8,NO,"CONDUCE BAJO LA INFLUENCIA DE ALCOHOL, SUSTANCIAS ESTUPEFACIENTES O PSICOTROPICAS Y/O MEDICAMENTOS.",ATROPELLOS,AUTOMOVIL,1,0,0,0,0,0,0,0,0,0,0,0,0,1,40,MUJER,LESIONADO,PEATON,NO,NO,0
20155,69898,69899,2019,1,0,-0.229455,-78.500881,PICHINCHA,QUITO,QUITO,URBANA,2019-08-18,17:10:00,17,DOMINGO,7,AGOSTO,8,NO,NO GUARDAR LA DISTANCIA LATERAL MINIMA DE SEGURIDAD ENTRE VEHICULOS.,CHOQUE LATERAL,MOTOCICLETA,0,0,0,0,0,0,0,0,1,1,0,0,0,2,19,HOMBRE,LESIONADO,CONDUCTOR PRESENTE,NO,NO,0
20156,69899,69900,2019,0,0,-0.210256,-78.502342,PICHINCHA,QUITO,QUITO,URBANA,2019-08-18,17:20:00,17,DOMINGO,7,AGOSTO,8,NO,NO GUARDAR LA DISTANCIA LATERAL MINIMA DE SEGURIDAD ENTRE VEHICULOS.,CHOQUE LATERAL,AUTOMOVIL,1,0,0,0,1,0,0,0,0,0,0,0,0,2,20,MUJER,ILESO,CONDUCTOR PRESENTE,NO,NO,0
20157,69910,69911,2019,2,0,-0.232711,-78.503685,PICHINCHA,QUITO,QUITO,URBANA,2019-08-18,21:35:00,21,DOMINGO,7,AGOSTO,8,NO,CONDUCIR VEHICULO SUPERANDO LOS LIMITES MAXIMOS DE VELOCIDAD.,ESTRELLAMIENTOS,AUTOMOVIL,1,0,0,0,0,0,0,0,0,0,0,0,0,1,31,HOMBRE,LESIONADO,CONDUCTOR PRESENTE,NO,NO,0
20158,69912,69913,2019,0,0,-0.286675,-78.519301,PICHINCHA,QUITO,QUITO,URBANA,2019-08-18,21:40:00,21,DOMINGO,7,AGOSTO,8,NO,CONDUCIR VEHICULO SUPERANDO LOS LIMITES MAXIMOS DE VELOCIDAD.,ESTRELLAMIENTOS,CAMION,0,0,0,1,0,0,0,0,0,0,0,0,0,1,30,HOMBRE,ILESO,CONDUCTOR PRESENTE,NO,NO,0
20159,69920,69921,2019,2,1,0.071582,-78.976335,PICHINCHA,PEDRO VICENTE MALDONADO,PEDRO VICENTE MALDONADO,RURAL,2019-08-19,03:00:00,3,LUNES,1,AGOSTO,8,NO,"CONDUCIR DESATENTO A LAS CONDICIONES DE TRANSITO (CELULAR, PANTALLAS DE VIDEO, COMIDA, MAQUILLAJE O CUALQUIER OTRO ELEMENTO DISTRACTOR).",CHOQUE FRONTAL,BUS,0,0,1,0,0,0,0,0,0,0,0,0,1,2,48,HOMBRE,FALLECIDO,CONDUCTOR PRESENTE,NO,SI,3
20160,69924,69925,2019,1,0,-0.299877,-78.542315,PICHINCHA,QUITO,QUITO,URBANA,2019-08-19,06:00:00,6,LUNES,1,AGOSTO,8,NO,"CASO FORTUITO O FUERZA MAYOR (EXPLOSION DE NEUMATICO NUEVO, DERRUMBE, INUNDACION, CAIDA DE PUENTE, ARBOL, PRESENCIA INTEMPESTIVA E IMPREVISTA DE SEMOVIENTES EN LA VIA, ETC.).",ATROPELLOS,NO IDENTIFICADO,0,0,0,0,0,0,0,0,0,1,0,0,0,1,31,MUJER,LESIONADO,PEATON,NO,NO,0
20161,69925,69926,2019,0,1,-0.210739,-78.421093,PICHINCHA,QUITO,TUMBACO,RURAL,2019-08-19,07:00:00,7,LUNES,1,AGOSTO,8,NO,CONDUCIR VEHICULO SUPERANDO LOS LIMITES MAXIMOS DE VELOCIDAD.,ESTRELLAMIENTOS,MOTOCICLETA,0,0,0,0,0,0,0,0,1,0,0,0,0,1,21,HOMBRE,FALLECIDO,CONDUCTOR PRESENTE,NO,NO,3
20162,69944,69945,2019,0,0,-0.099083,-78.421844,PICHINCHA,QUITO,CALDERON (CARAPUNGO),RURAL,2019-08-19,15:00:00,15,LUNES,1,AGOSTO,8,NO,CONDUCIR VEHICULO SUPERANDO LOS LIMITES MAXIMOS DE VELOCIDAD.,OTROS,AUTOMOVIL,1,0,0,1,0,0,0,0,0,0,0,0,0,2,53,HOMBRE,ILESO,CONDUCTOR PRESENTE,NO,NO,3
20163,69946,69947,2019,0,0,-0.210801,-78.503231,PICHINCHA,QUITO,QUITO,URBANA,2019-08-19,15:30:00,15,LUNES,1,AGOSTO,8,NO,NO GUARDAR LA DISTANCIA LATERAL MINIMA DE SEGURIDAD ENTRE VEHICULOS.,CHOQUE LATERAL,CAMIONETA,1,0,0,0,1,0,0,0,0,0,0,0,0,2,27,HOMBRE,ILESO,CONDUCTOR PRESENTE,NO,NO,0
20164,69948,69949,2019,0,0,-0.271991,-78.529167,PICHINCHA,QUITO,QUITO,URBANA,2019-08-19,15:40:00,15,LUNES,1,AGOSTO,8,NO,"NO RESPETAR LAS SENIALES REGLAMENTARIAS DE TRANSITO. (PARE, CEDA EL PASO, LUZ ROJA DEL SEMAFORO, ETC).",CHOQUE LATERAL,BUS,1,0,1,0,0,0,0,0,0,0,0,0,0,2,40,MUJER,ILESO,PASAJERO,NO,NO,0
20165,69956,69957,2019,0,1,-0.441085,-78.698408,PICHINCHA,MEJIA,ALOAG,RURAL,2019-08-19,17:45:00,17,LUNES,1,AGOSTO,8,NO,"CONDUCIR DESATENTO A LAS CONDICIONES DE TRANSITO (CELULAR, PANTALLAS DE VIDEO, COMIDA, MAQUILLAJE O CUALQUIER OTRO ELEMENTO DISTRACTOR).",CHOQUE LATERAL,CAMION,1,0,0,1,0,0,0,0,0,0,0,0,0,2,35,HOMBRE,FALLECIDO,CONDUCTOR PRESENTE,NO,SI,3
20166,69966,69967,2019,1,0,-0.119706,-78.465098,PICHINCHA,QUITO,QUITO,URBANA,2019-08-19,21:30:00,21,LUNES,1,AGOSTO,8,NO,PEATON QUE CRUZA LA CALZADA SIN RESPETAR LA SENIALIZACION EXISTENTE (SEMAFOROS O SENIALES MANUALES).,ATROPELLOS,MOTOCICLETA,0,0,0,0,0,0,0,0,1,0,0,0,0,1,39,HOMBRE,LESIONADO,PEATON,NO,NO,0
20167,69981,69982,2019,0,0,-0.146272,-78.475036,PICHINCHA,QUITO,QUITO,URBANA,2019-08-20,08:30:00,8,MARTES,2,AGOSTO,8,NO,CONDUCIR VEHICULO SUPERANDO LOS LIMITES MAXIMOS DE VELOCIDAD.,ESTRELLAMIENTOS,AUTOMOVIL,1,0,0,0,0,0,0,0,0,0,0,0,0,1,32,HOMBRE,ILESO,CONDUCTOR PRESENTE,NO,NO,0
20168,69987,69988,2019,0,0,-0.280982,-78.516477,PICHINCHA,QUITO,QUITO,URBANA,2019-08-20,10:00:00,10,MARTES,2,AGOSTO,8,NO,NO MANTENER LA DISTANCIA PRUDENCIAL CON RESPECTO AL VEHICULO QUE LE ANTECEDE.,COLISION,AUTOMOVIL,3,0,1,0,0,0,0,0,0,0,0,0,0,4,42,HOMBRE,ILESO,CONDUCTOR PRESENTE,NO,NO,0
20169,69988,69989,2019,0,0,-0.237679,-78.509248,PICHINCHA,QUITO,QUITO,URBANA,2019-08-20,10:05:00,10,MARTES,2,AGOSTO,8,NO,NO MANTENER LA DISTANCIA PRUDENCIAL CON RESPECTO AL VEHICULO QUE LE ANTECEDE.,CHOQUE POSTERIOR,AUTOMOVIL,1,0,1,0,0,0,0,0,0,0,0,0,0,2,60,MUJER,ILESO,PASAJERO,NO,NO,0
20170,69989,69990,2019,0,0,-0.112226,-78.474231,PICHINCHA,QUITO,QUITO,URBANA,2019-08-20,10:25:00,10,MARTES,2,AGOSTO,8,NO,NO GUARDAR LA DISTANCIA LATERAL MINIMA DE SEGURIDAD ENTRE VEHICULOS.,CHOQUE LATERAL,AUTOMOVIL,2,0,0,0,0,0,0,0,0,0,0,0,0,2,62,HOMBRE,ILESO,CONDUCTOR PRESENTE,NO,NO,0
20171,69996,69997,2019,1,0,-0.236171,-78.526913,PICHINCHA,QUITO,QUITO,URBANA,2019-08-20,12:05:00,12,MARTES,2,AGOSTO,8,NO,CONDUCIR VEHICULO SUPERANDO LOS LIMITES MAXIMOS DE VELOCIDAD.,CAIDA DE PASAJERO,NO IDENTIFICADO,0,0,0,0,0,0,0,0,0,1,0,0,0,1,74,MUJER,LESIONADO,PASAJERO,NO,NO,0
20172,69998,69999,2019,0,0,-0.202961,-78.504445,PICHINCHA,QUITO,QUITO,URBANA,2019-08-20,13:00:00,13,MARTES,2,AGOSTO,8,NO,CONDUCIR VEHICULO SUPERANDO LOS LIMITES MAXIMOS DE VELOCIDAD.,CHOQUE POSTERIOR,AUTOMOVIL,1,0,0,0,1,0,0,0,0,0,0,0,0,2,35,MUJER,ILESO,CONDUCTOR PRESENTE,NO,NO,0
20173,70001,70002,2019,0,0,-0.092597,-78.513776,PICHINCHA,QUITO,QUITO,URBANA,2019-08-20,13:40:00,13,MARTES,2,AGOSTO,8,NO,NO GUARDAR LA DISTANCIA LATERAL MINIMA DE SEGURIDAD ENTRE VEHICULOS.,ESTRELLAMIENTOS,CAMIONETA,0,0,0,0,1,0,0,0,0,0,0,0,0,1,20,HOMBRE,ILESO,CONDUCTOR PRESENTE,NO,NO,0
20174,70003,70004,2019,0,0,-0.177282,-78.359537,PICHINCHA,QUITO,PUEMBO,RURAL,2019-08-20,14:22:00,14,MARTES,2,AGOSTO,8,NO,"CONDUCIR EN ESTADO DE SOMNOLENCIA O MALAS CONDICIONES FISICAS (SUENIO, CANSANCIO Y FATIGA).",ESTRELLAMIENTOS,CAMIONETA,0,0,0,0,1,0,0,0,0,0,0,0,0,1,74,HOMBRE,ILESO,CONDUCTOR PRESENTE,NO,NO,3
20175,70004,70005,2019,0,0,-0.190292,-78.494321,PICHINCHA,QUITO,QUITO,URBANA,2019-08-20,14:55:00,14,MARTES,2,AGOSTO,8,NO,"NO RESPETAR LAS SENIALES REGLAMENTARIAS DE TRANSITO. (PARE, CEDA EL PASO, LUZ ROJA DEL SEMAFORO, ETC).",CHOQUE LATERAL,AUTOMOVIL,1,0,0,1,0,0,0,0,0,0,0,0,0,2,20,MUJER,ILESO,PASAJERO,NO,NO,0
20176,70010,70011,2019,0,0,-0.348684,-78.538868,PICHINCHA,QUITO,QUITO,URBANA,2019-08-20,15:45:00,15,MARTES,2,AGOSTO,8,NO,NO MANTENER LA DISTANCIA PRUDENCIAL CON RESPECTO AL VEHICULO QUE LE ANTECEDE.,OTROS,CAMION,0,0,1,1,0,0,0,0,0,0,0,0,0,2,-1,NO IDENTIFICADO,NO IDENTIFICADO,CONDUCTOR AUSENTE,NO,NO,2
20177,70012,70013,2019,1,0,-0.236791,-78.507766,PICHINCHA,QUITO,QUITO,URBANA,2019-08-20,15:50:00,15,MARTES,2,AGOSTO,8,NO,NO CEDER EL DERECHO DE VIA O PREFERENCIA DE PASO AL PEATON.,ATROPELLOS,AUTOMOVIL,1,0,0,0,0,0,0,0,0,0,0,0,0,1,75,HOMBRE,LESIONADO,PEATON,NO,NO,0
20178,70014,70015,2019,1,0,-0.161977,-78.483188,PICHINCHA,QUITO,QUITO,URBANA,2019-08-20,16:00:00,16,MARTES,2,AGOSTO,8,NO,NO GUARDAR LA DISTANCIA LATERAL MINIMA DE SEGURIDAD ENTRE VEHICULOS.,ROZAMIENTOS,MOTOCICLETA,0,0,0,0,0,0,0,0,1,1,0,0,0,2,38,HOMBRE,LESIONADO,CONDUCTOR PRESENTE,NO,NO,0
20179,70030,70031,2019,1,0,-0.239082,-78.523432,PICHINCHA,QUITO,QUITO,URBANA,2019-08-20,20:15:00,20,MARTES,2,AGOSTO,8,NO,CONDUCIR EN SENTIDO CONTRARIO A LA VIA NORMAL DE CIRCULACION.,OTROS,MOTOCICLETA,1,0,0,0,0,0,0,0,1,0,0,0,0,2,29,HOMBRE,LESIONADO,PEATON,NO,NO,0
20180,70037,70038,2019,1,0,-0.259681,-78.530358,PICHINCHA,QUITO,QUITO,URBANA,2019-08-20,23:20:00,23,MARTES,2,AGOSTO,8,NO,NO MANTENER LA DISTANCIA PRUDENCIAL CON RESPECTO AL VEHICULO QUE LE ANTECEDE.,CHOQUE POSTERIOR,MOTOCICLETA,0,0,0,0,0,0,0,0,2,0,0,0,0,2,36,HOMBRE,LESIONADO,CONDUCTOR PRESENTE,NO,NO,0
20181,70050,70051,2019,1,0,-0.215341,-78.506411,PICHINCHA,QUITO,QUITO,URBANA,2019-08-21,10:50:00,10,MIERCOLES,3,AGOSTO,8,NO,NO TRANSITAR POR LAS ACERAS O ZONAS DE SEGURIDAD DESTINADAS PARA EL EFECTO.,ATROPELLOS,AUTOMOVIL,1,0,0,0,0,0,0,0,0,0,0,0,0,1,38,MUJER,LESIONADO,PEATON,NO,NO,0
20182,70051,70052,2019,0,0,-0.226486,-78.339567,PICHINCHA,QUITO,PIFO,RURAL,2019-08-21,10:50:00,10,MIERCOLES,3,AGOSTO,8,NO,CONDUCIR VEHICULO SUPERANDO LOS LIMITES MAXIMOS DE VELOCIDAD.,COLISION,BUS,2,0,1,0,0,0,0,0,0,0,0,0,0,3,62,HOMBRE,ILESO,CONDUCTOR PRESENTE,NO,NO,3
20183,70058,70059,2019,2,0,-0.303012,-78.551249,PICHINCHA,QUITO,QUITO,URBANA,2019-08-21,13:30:00,13,MIERCOLES,3,AGOSTO,8,NO,PEATON QUE CRUZA LA CALZADA SIN RESPETAR LA SENIALIZACION EXISTENTE (SEMAFOROS O SENIALES MANUALES).,ATROPELLOS,AUTOMOVIL,1,0,0,0,0,0,0,0,0,0,0,0,0,1,14,HOMBRE,LESIONADO,PEATON,NO,NO,0
20184,70061,70062,2019,0,0,-0.265995,-78.561266,PICHINCHA,QUITO,QUITO,URBANA,2019-08-21,14:30:00,14,MIERCOLES,3,AGOSTO,8,NO,"CASO FORTUITO O FUERZA MAYOR (EXPLOSION DE NEUMATICO NUEVO, DERRUMBE, INUNDACION, CAIDA DE PUENTE, ARBOL, PRESENCIA INTEMPESTIVA E IMPREVISTA DE SEMOVIENTES EN LA VIA, ETC.).",ESTRELLAMIENTOS,CAMION,0,0,0,1,0,0,0,0,0,0,0,0,0,1,33,HOMBRE,ILESO,CONDUCTOR PRESENTE,NO,NO,0
20185,70081,70082,2019,0,0,-0.113555,-78.497601,PICHINCHA,QUITO,QUITO,URBANA,2019-08-21,19:40:00,19,MIERCOLES,3,AGOSTO,8,NO,CONDUCIR VEHICULO SUPERANDO LOS LIMITES MAXIMOS DE VELOCIDAD.,CHOQUE LATERAL,AUTOMOVIL,2,0,0,0,0,0,0,0,0,0,0,0,0,2,41,MUJER,ILESO,CONDUCTOR PRESENTE,NO,NO,0