,Unnamed: 0,ID,ANIO,LESIONADOS,FALLECIDOS,LATITUD_Y,LONGITUD_X,PROVINCIA,CANTON,PARROQUIA,ZONA,FECHA,HORA,PERIODO_2,DIA_1,DIA_2,MES_1,MES_2,FERIADO,CAUSA_PROBABLE,TIPO_DE_SINIESTRO,TIPO_DE_VEHICULO_1,AUTOMOVIL,BICICLETA,BUS,CAMION,CAMIONETA,EMERGENCIAS,ESPECIAL,FURGONETA,MOTOCICLETA,NO_IDENTIFICADO,SCOOTER_ELECTRICO,TRICIMOTO,VEHICULO_DEPORTIVO_UTILITARIO,SUMA_DE_VEHICULOS,EDAD_1,SEXO_1,CONDICION_1,PARTICIPANTE_1,CASCO_1,CINTURON_1,KMeans_Cluster
20186,70091,70092,2019,0,0,-0.239251,-78.533402,PICHINCHA,QUITO,QUITO,URBANA,2019-08-21,22:15:00,22,MIERCOLES,3,AGOSTO,8,NO,DANIOS MECANICOS PREVISIBLES.,ROZAMIENTOS,CAMIONETA,0,0,0,0,1,0,0,0,0,0,0,0,0,1,-1,NO IDENTIFICADO,NO IDENTIFICADO,CONDUCTOR AUSENTE,NO,NO,2
20187,70096,70097,2019,3,0,-0.100622,-78.472207,PICHINCHA,QUITO,QUITO,URBANA,2019-08-22,04:00:00,4,JUEVES,4,AGOSTO,8,NO,"CONDUCIR EN ESTADO DE SOMNOLENCIA O MALAS CONDICIONES FISICAS (SUENIO, CANSANCIO Y FATIGA).",CHOQUE LATERAL,AUTOMOVIL,2,0,0,0,0,0,0,0,0,0,0,0,0,2,59,HOMBRE,LESIONADO,CONDUCTOR PRESENTE,NO,NO,0
20188,70097,70098,2019,1,0,-0.319976,-78.564972,PICHINCHA,QUITO,QUITO,URBANA,2019-08-22,04:30:00,4,JUEVES,4,AGOSTO,8,NO,"CASO FORTUITO O FUERZA MAYOR (EXPLOSION DE NEUMATICO NUEVO, DERRUMBE, INUNDACION, CAIDA DE PUENTE, ARBOL, PRESENCIA INTEMPESTIVA E IMPREVISTA DE SEMOVIENTES EN LA VIA, ETC.).",OTROS,NO IDENTIFICADO,0,0,0,0,0,0,0,0,0,1,0,0,0,1,33,HOMBRE,LESIONADO,PEATON,NO,NO,0
20189,70103,70104,2019,0,0,-0.297674,-78.550282,PICHINCHA,QUITO,QUITO,URBANA,2019-08-22,05:47:00,5,JUEVES,4,AGOSTO,8,NO,"NO RESPETAR LAS SENIALES REGLAMENTARIAS DE TRANSITO. (PARE, CEDA EL PASO, LUZ ROJA DEL SEMAFORO, ETC).",CHOQUE LATERAL,BUS,1,0,1,0,0,0,0,0,0,0,0,0,0,2,35,HOMBRE,ILESO,CONDUCTOR PRESENTE,NO,NO,0
20190,70105,70106,2019,0,0,-0.094521,-78.481712,PICHINCHA,QUITO,QUITO,URBANA,2019-08-22,05:50:00,5,JUEVES,4,AGOSTO,8,NO,"NO RESPETAR LAS SENIALES REGLAMENTARIAS DE TRANSITO. (PARE, CEDA EL PASO, LUZ ROJA DEL SEMAFORO, ETC).",CHOQUE LATERAL,CAMION,1,0,0,1,0,0,0,0,0,0,0,0,0,2,37,HOMBRE,ILESO,CONDUCTOR PRESENTE,NO,NO,0
20191,70114,70115,2019,0,0,-0.328239,-78.538128,PICHINCHA,QUITO,QUITO,URBANA,2019-08-22,09:00:00,9,JUEVES,4,AGOSTO,8,NO,"CASO FORTUITO O FUERZA MAYOR (EXPLOSION DE NEUMATICO NUEVO, DERRUMBE, INUNDACION, CAIDA DE PUENTE, ARBOL, PRESENCIA INTEMPESTIVA E IMPREVISTA DE SEMOVIENTES EN LA VIA, ETC.).",OTROS,CAMION,0,0,0,1,0,0,0,0,0,0,0,0,0,1,-1,NO IDENTIFICADO,NO IDENTIFICADO,CONDUCTOR AUSENTE,NO,NO,2
20192,70115,70116,2019,0,0,-0.164784,-78.468117,PICHINCHA,QUITO,QUITO,URBANA,2019-08-22,10:50:00,10,JUEVES,4,AGOSTO,8,NO,NO MANTENER LA DISTANCIA PRUDENCIAL CON RESPECTO AL VEHICULO QUE LE ANTECEDE.,COLISION,AUTOMOVIL,3,0,0,0,0,0,0,0,0,0,0,0,0,3,36,HOMBRE,ILESO,CONDUCTOR PRESENTE,NO,NO,0
20193,70119,70120,2019,0,0,-0.210318,-78.494183,PICHINCHA,QUITO,QUITO,URBANA,2019-08-22,11:45:00,11,JUEVES,4,AGOSTO,8,NO,NO MANTENER LA DISTANCIA PRUDENCIAL CON RESPECTO AL VEHICULO QUE LE ANTECEDE.,COLISION,AUTOMOVIL,2,0,0,1,0,0,0,0,0,0,0,0,0,3,58,HOMBRE,ILESO,CONDUCTOR PRESENTE,NO,NO,0
20194,70121,70122,2019,0,0,-0.190017,-78.453854,PICHINCHA,QUITO,NAYON,RURAL,2019-08-22,12:15:00,12,JUEVES,4,AGOSTO,8,NO,NO MANTENER LA DISTANCIA PRUDENCIAL CON RESPECTO AL VEHICULO QUE LE ANTECEDE.,CHOQUE POSTERIOR,AUTOMOVIL,1,0,0,0,1,0,0,0,0,0,0,0,0,2,21,HOMBRE,ILESO,CONDUCTOR PRESENTE,NO,NO,3
20195,70122,70123,2019,0,0,-0.119071,-78.473411,PICHINCHA,QUITO,QUITO,URBANA,2019-08-22,13:00:00,13,JUEVES,4,AGOSTO,8,NO,"NO RESPETAR LAS SENIALES REGLAMENTARIAS DE TRANSITO. (PARE, CEDA EL PASO, LUZ ROJA DEL SEMAFORO, ETC).",OTROS,AUTOMOVIL,1,0,0,0,0,0,0,0,0,0,0,0,0,1,-1,NO IDENTIFICADO,NO IDENTIFICADO,CONDUCTOR AUSENTE,NO,NO,2
20196,70124,70125,2019,2,0,-0.206931,-78.425899,PICHINCHA,QUITO,CUMBAYA,RURAL,2019-08-22,14:30:00,14,JUEVES,4,AGOSTO,8,NO,NO TRANSITAR POR LAS ACERAS O ZONAS DE SEGURIDAD DESTINADAS PARA EL EFECTO.,ATROPELLOS,NO IDENTIFICADO,0,0,0,0,0,0,0,0,0,1,0,0,0,1,33,HOMBRE,LESIONADO,PEATON,NO,NO,3
20197,70125,70126,2019,4,0,-0.203655,-78.500667,PICHINCHA,QUITO,QUITO,URBANA,2019-08-22,14:31:00,14,JUEVES,4,AGOSTO,8,NO,NO GUARDAR LA DISTANCIA LATERAL MINIMA DE SEGURIDAD ENTRE VEHICULOS.,CHOQUE LATERAL,FURGONETA,0,0,1,0,0,0,0,1,0,0,0,0,0,2,64,MUJER,LESIONADO,PASAJERO,NO,NO,0
20198,70134,70135,2019,0,0,-0.114496,-78.492054,PICHINCHA,QUITO,QUITO,URBANA,2019-08-22,17:50:00,17,JUEVES,4,AGOSTO,8,NO,NO GUARDAR LA DISTANCIA LATERAL MINIMA DE SEGURIDAD ENTRE VEHICULOS.,CHOQUE LATERAL,AUTOMOVIL,2,0,0,0,0,0,0,0,0,0,0,0,0,2,43,HOMBRE,ILESO,CONDUCTOR PRESENTE,NO,NO,0
20199,70139,70140,2019,1,0,-0.278678,-78.473258,PICHINCHA,QUITO,CONOCOTO,RURAL,2019-08-22,18:40:00,18,JUEVES,4,AGOSTO,8,NO,NO CEDER EL DERECHO DE VIA O PREFERENCIA DE PASO AL PEATON.,ATROPELLOS,NO IDENTIFICADO,0,0,0,0,0,0,0,0,0,1,0,0,0,1,87,HOMBRE,LESIONADO,PEATON,NO,NO,3
20200,70140,70141,2019,0,0,-0.232118,-78.496209,PICHINCHA,QUITO,QUITO,URBANA,2019-08-22,19:05:00,19,JUEVES,4,AGOSTO,8,NO,"CONDUCIR DESATENTO A LAS CONDICIONES DE TRANSITO (CELULAR, PANTALLAS DE VIDEO, COMIDA, MAQUILLAJE O CUALQUIER OTRO ELEMENTO DISTRACTOR).",OTROS,FURGONETA,0,0,0,0,0,0,0,1,0,0,0,0,0,1,25,HOMBRE,ILESO,CONDUCTOR PRESENTE,NO,NO,0
20201,70142,70143,2019,1,0,-0.138062,-78.479903,PICHINCHA,QUITO,QUITO,URBANA,2019-08-22,19:30:00,19,JUEVES,4,AGOSTO,8,NO,PEATON QUE CRUZA LA CALZADA SIN RESPETAR LA SENIALIZACION EXISTENTE (SEMAFOROS O SENIALES MANUALES).,OTROS,MOTOCICLETA,0,0,0,0,0,0,0,0,1,1,0,0,0,2,86,HOMBRE,LESIONADO,PEATON,NO,NO,0
20202,70147,70148,2019,0,0,-0.105373,-78.462381,PICHINCHA,QUITO,QUITO,RURAL,2019-08-22,23:30:00,23,JUEVES,4,AGOSTO,8,NO,"CONDUCIR DESATENTO A LAS CONDICIONES DE TRANSITO (CELULAR, PANTALLAS DE VIDEO, COMIDA, MAQUILLAJE O CUALQUIER OTRO ELEMENTO DISTRACTOR).",ESTRELLAMIENTOS,AUTOMOVIL,1,0,0,0,0,0,0,0,0,0,0,0,0,1,24,HOMBRE,ILESO,CONDUCTOR PRESENTE,NO,NO,3
20203,70158,70159,2019,2,0,-0.241955,-78.529236,PICHINCHA,QUITO,QUITO,URBANA,2019-08-23,07:00:00,7,VIERNES,5,AGOSTO,8,NO,CONDUCIR VEHICULO SUPERANDO LOS LIMITES MAXIMOS DE VELOCIDAD.,OTROS,AUTOMOVIL,2,0,0,0,0,0,0,0,0,0,0,0,0,2,34,MUJER,LESIONADO,PASAJERO,NO,NO,0
20204,70161,70162,2019,0,0,-0.241176,-78.518583,PICHINCHA,QUITO,QUITO,URBANA,2019-08-23,09:00:00,9,VIERNES,5,AGOSTO,8,NO,"NO RESPETAR LAS SENIALES REGLAMENTARIAS DE TRANSITO. (PARE, CEDA EL PASO, LUZ ROJA DEL SEMAFORO, ETC).",CHOQUE LATERAL,MOTOCICLETA,1,0,0,0,0,0,0,0,1,0,0,0,0,2,23,HOMBRE,ILESO,CONDUCTOR PRESENTE,NO,NO,0
20205,70162,70163,2019,1,0,-0.251559,-78.518386,PICHINCHA,QUITO,QUITO,URBANA,2019-08-23,09:10:00,9,VIERNES,5,AGOSTO,8,NO,NO TRANSITAR POR LAS ACERAS O ZONAS DE SEGURIDAD DESTINADAS PARA EL EFECTO.,ATROPELLOS,NO IDENTIFICADO,0,0,0,0,0,0,0,0,0,1,0,0,0,1,60,MUJER,LESIONADO,PEATON,NO,NO,0
20206,70172,70173,2019,0,0,-0.111332,-78.500851,PICHINCHA,QUITO,QUITO,URBANA,2019-08-23,15:00:00,15,VIERNES,5,AGOSTO,8,NO,CONDUCIR VEHICULO SUPERANDO LOS LIMITES MAXIMOS DE VELOCIDAD.,CHOQUE LATERAL,AUTOMOVIL,2,0,0,0,0,0,0,0,0,0,0,0,0,2,56,HOMBRE,ILESO,CONDUCTOR PRESENTE,NO,NO,0
20207,70173,70174,2019,4,0,-0.190933,-78.480366,PICHINCHA,QUITO,QUITO,URBANA,2019-08-23,15:02:00,15,VIERNES,5,AGOSTO,8,NO,CONDUCIR EN SENTIDO CONTRARIO A LA VIA NORMAL DE CIRCULACION.,CHOQUE FRONTAL,AUTOMOVIL,1,0,0,0,0,0,0,0,1,0,0,0,0,2,62,HOMBRE,LESIONADO,CONDUCTOR PRESENTE,NO,NO,0
20208,70175,70176,2019,0,1,-0.451701,-78.589851,PICHINCHA,MEJIA,ALOAG,RURAL,2019-08-23,16:38:00,16,VIERNES,5,AGOSTO,8,NO,"CONDUCIR DESATENTO A LAS CONDICIONES DE TRANSITO (CELULAR, PANTALLAS DE VIDEO, COMIDA, MAQUILLAJE O CUALQUIER OTRO ELEMENTO DISTRACTOR).",ATROPELLOS,CAMIONETA,0,0,0,0,1,0,0,0,0,0,0,0,0,1,64,MUJER,FALLECIDO,PEATON,NO,SI,3
20209,70182,70183,2019,0,0,-0.328831,-78.560625,PICHINCHA,QUITO,QUITO,URBANA,2019-08-23,19:05:00,19,VIERNES,5,AGOSTO,8,NO,"CONDUCE BAJO LA INFLUENCIA DE ALCOHOL, SUSTANCIAS ESTUPEFACIENTES O PSICOTROPICAS Y/O MEDICAMENTOS.",ESTRELLAMIENTOS,AUTOMOVIL,1,0,0,1,0,0,0,0,0,0,0,0,0,2,43,HOMBRE,ILESO,CONDUCTOR PRESENTE,NO,NO,0
20210,70186,70187,2019,0,0,-0.230422,-78.498148,PICHINCHA,QUITO,QUITO,URBANA,2019-08-23,20:00:00,20,VIERNES,5,AGOSTO,8,NO,"CONDUCE BAJO LA INFLUENCIA DE ALCOHOL, SUSTANCIAS ESTUPEFACIENTES O PSICOTROPICAS Y/O MEDICAMENTOS.",CHOQUE LATERAL,CAMIONETA,1,0,0,0,1,0,0,0,0,0,0,0,0,2,52,HOMBRE,ILESO,CONDUCTOR PRESENTE,NO,NO,0
20211,70190,70191,2019,0,0,-0.278501,-78.556314,PICHINCHA,QUITO,QUITO,URBANA,2019-08-23,20:20:00,20,VIERNES,5,AGOSTO,8,NO,"CONDUCE BAJO LA INFLUENCIA DE ALCOHOL, SUSTANCIAS ESTUPEFACIENTES O PSICOTROPICAS Y/O MEDICAMENTOS.",ESTRELLAMIENTOS,AUTOMOVIL,3,0,0,0,0,0,0,0,0,0,0,0,0,3,27,HOMBRE,ILESO,CONDUCTOR PRESENTE,NO,NO,0
20212,70206,70207,2019,0,0,-0.212824,-78.402686,PICHINCHA,QUITO,TUMBACO,RURAL,2019-08-24,01:30:00,1,SABADO,6,AGOSTO,8,NO,"CONDUCE BAJO LA INFLUENCIA DE ALCOHOL, SUSTANCIAS ESTUPEFACIENTES O PSICOTROPICAS Y/O MEDICAMENTOS.",PERDIDA DE CARRIL,AUTOMOVIL,1,0,0,0,0,0,0,0,0,0,0,0,0,1,34,HOMBRE,ILESO,CONDUCTOR PRESENTE,NO,NO,3
20213,70207,70208,2019,1,1,-0.264263,-78.550014,PICHINCHA,QUITO,QUITO,URBANA,2019-08-24,02:13:00,2,SABADO,6,AGOSTO,8,NO,"NO RESPETAR LAS SENIALES REGLAMENTARIAS DE TRANSITO. (PARE, CEDA EL PASO, LUZ ROJA DEL SEMAFORO, ETC).",OTROS,MOTOCICLETA,1,0,0,0,0,0,0,0,1,0,0,0,0,2,26,HOMBRE,FALLECIDO,PASAJERO,NO,NO,0
20214,70209,70210,2019,2,0,-0.185435,-78.490973,PICHINCHA,QUITO,QUITO,URBANA,2019-08-24,02:20:00,2,SABADO,6,AGOSTO,8,NO,REALIZAR CAMBIO BRUSCO O INDEBIDO DE CARRIL.,ESTRELLAMIENTOS,MOTOCICLETA,0,0,0,0,0,0,0,0,1,0,0,0,0,1,23,MUJER,LESIONADO,PASAJERO,NO,NO,0
20215,70215,70216,2019,0,0,-0.175523,-78.488366,PICHINCHA,QUITO,QUITO,URBANA,2019-08-24,03:00:00,3,SABADO,6,AGOSTO,8,NO,CONDUCIR VEHICULO SUPERANDO LOS LIMITES MAXIMOS DE VELOCIDAD.,ESTRELLAMIENTOS,AUTOMOVIL,1,0,0,0,0,0,0,0,0,0,0,0,0,1,-1,NO IDENTIFICADO,NO IDENTIFICADO,CONDUCTOR AUSENTE,NO,NO,2
20216,70216,70217,2019,1,0,-0.249646,-78.530711,PICHINCHA,QUITO,QUITO,URBANA,2019-08-24,03:00:00,3,SABADO,6,AGOSTO,8,NO,CONDUCIR VEHICULO SUPERANDO LOS LIMITES MAXIMOS DE VELOCIDAD.,PERDIDA DE CARRIL,MOTOCICLETA,0,0,0,0,0,0,0,0,1,0,0,0,0,1,24,HOMBRE,LESIONADO,PASAJERO,NO,NO,0
20217,70229,70230,2019,1,0,-0.336081,-78.434281,PICHINCHA,RUMINIAHUI,SANGOLQUI,URBANA,2019-08-24,07:50:00,7,SABADO,6,AGOSTO,8,NO,"CONDUCIR DESATENTO A LAS CONDICIONES DE TRANSITO (CELULAR, PANTALLAS DE VIDEO, COMIDA, MAQUILLAJE O CUALQUIER OTRO ELEMENTO DISTRACTOR).",CHOQUE LATERAL,CAMION,0,0,0,1,0,0,0,0,1,0,0,0,0,2,32,HOMBRE,LESIONADO,CONDUCTOR PRESENTE,NO,SI,0
20218,70232,70233,2019,0,0,-0.199767,-78.428809,PICHINCHA,QUITO,CUMBAYA,RURAL,2019-08-24,08:20:00,8,SABADO,6,AGOSTO,8,NO,CONDUCIR VEHICULO SUPERANDO LOS LIMITES MAXIMOS DE VELOCIDAD.,ESTRELLAMIENTOS,CAMIONETA,0,0,0,0,1,0,0,0,0,0,0,0,0,1,-1,NO IDENTIFICADO,NO IDENTIFICADO,CONDUCTOR AUSENTE,NO,NO,2
20219,70237,70238,2019,0,0,-0.097992,-78.470302,PICHINCHA,QUITO,QUITO,URBANA,2019-08-24,09:45:00,9,SABADO,6,AGOSTO,8,NO,NO MANTENER LA DISTANCIA PRUDENCIAL CON RESPECTO AL VEHICULO QUE LE ANTECEDE.,COLISION,AUTOMOVIL,3,0,0,0,0,0,0,0,0,0,0,0,0,3,66,HOMBRE,ILESO,CONDUCTOR PRESENTE,NO,NO,0
20220,70241,70242,2019,1,0,-0.237117,-78.522067,PICHINCHA,QUITO,QUITO,URBANA,2019-08-24,12:40:00,12,SABADO,6,AGOSTO,8,NO,NO MANTENER LA DISTANCIA PRUDENCIAL CON RESPECTO AL VEHICULO QUE LE ANTECEDE.,CHOQUE FRONTAL,CAMIONETA,0,0,0,0,1,0,0,0,1,0,0,0,0,2,34,HOMBRE,LESIONADO,CONDUCTOR PRESENTE,NO,NO,0
20221,70246,70247,2019,0,0,-0.255955,-78.541032,PICHINCHA,QUITO,QUITO,URBANA,2019-08-24,14:10:00,14,SABADO,6,AGOSTO,8,NO,CONDUCIR VEHICULO SUPERANDO LOS LIMITES MAXIMOS DE VELOCIDAD.,CHOQUE LATERAL,AUTOMOVIL,1,0,0,0,0,0,0,0,0,1,0,0,0,2,30,HOMBRE,ILESO,CONDUCTOR PRESENTE,NO,NO,0
20222,70250,70251,2019,1,0,-0.333471,-78.553808,PICHINCHA,QUITO,QUITO,URBANA,2019-08-24,15:00:00,15,SABADO,6,AGOSTO,8,NO,NO TRANSITAR POR LAS ACERAS O ZONAS DE SEGURIDAD DESTINADAS PARA EL EFECTO.,ATROPELLOS,CAMIONETA,0,0,0,0,1,0,0,0,0,0,0,0,0,1,53,HOMBRE,LESIONADO,PEATON,NO,NO,0
20223,70269,70270,2019,0,0,-0.199767,-78.428809,PICHINCHA,QUITO,CUMBAYA,RURAL,2019-08-24,21:00:00,21,SABADO,6,AGOSTO,8,NO,"CONDUCE BAJO LA INFLUENCIA DE ALCOHOL, SUSTANCIAS ESTUPEFACIENTES O PSICOTROPICAS Y/O MEDICAMENTOS.",CHOQUE FRONTAL,AUTOMOVIL,1,0,0,0,0,0,0,0,1,0,0,0,0,2,23,HOMBRE,ILESO,CONDUCTOR PRESENTE,NO,NO,3
20224,70272,70273,2019,1,0,-0.242463,-78.482784,PICHINCHA,QUITO,QUITO,RURAL,2019-08-24,21:49:00,21,SABADO,6,AGOSTO,8,NO,CONDUCIR VEHICULO SUPERANDO LOS LIMITES MAXIMOS DE VELOCIDAD.,ESTRELLAMIENTOS,AUTOMOVIL,1,0,0,0,0,0,0,0,0,0,0,0,0,1,36,HOMBRE,LESIONADO,CONDUCTOR PRESENTE,NO,NO,3
20225,70275,70276,2019,2,0,-0.252665,-78.519385,PICHINCHA,QUITO,QUITO,URBANA,2019-08-24,22:50:00,22,SABADO,6,AGOSTO,8,NO,CONDUCIR VEHICULO SUPERANDO LOS LIMITES MAXIMOS DE VELOCIDAD.,ESTRELLAMIENTOS,AUTOMOVIL,1,0,0,0,0,0,0,0,0,0,0,0,0,1,32,HOMBRE,LESIONADO,PASAJERO,NO,NO,0
20226,70293,70294,2019,2,0,0.000541,-78.504517,PICHINCHA,QUITO,CALACALI,RURAL,2019-08-25,02:50:00,2,DOMINGO,7,AGOSTO,8,NO,"CONDUCIR DESATENTO A LAS CONDICIONES DE TRANSITO (CELULAR, PANTALLAS DE VIDEO, COMIDA, MAQUILLAJE O CUALQUIER OTRO ELEMENTO DISTRACTOR).",PERDIDA DE PISTA,AUTOMOVIL,1,0,0,0,0,0,0,0,0,0,0,0,0,1,26,HOMBRE,LESIONADO,CONDUCTOR PRESENTE,NO,SI,3
20227,70295,70296,2019,0,0,-0.127811,-78.444082,PICHINCHA,QUITO,LLANO CHICO,RURAL,2019-08-25,03:05:00,3,DOMINGO,7,AGOSTO,8,NO,"CONDUCE BAJO LA INFLUENCIA DE ALCOHOL, SUSTANCIAS ESTUPEFACIENTES O PSICOTROPICAS Y/O MEDICAMENTOS.",CHOQUE POSTERIOR,AUTOMOVIL,2,0,0,0,0,0,0,0,0,0,0,0,0,2,30,MUJER,ILESO,CONDUCTOR PRESENTE,NO,NO,3
20228,70297,70298,2019,0,0,-0.227698,-78.500298,PICHINCHA,QUITO,QUITO,URBANA,2019-08-25,04:00:00,4,DOMINGO,7,AGOSTO,8,NO,"NO RESPETAR LAS SENIALES REGLAMENTARIAS DE TRANSITO. (PARE, CEDA EL PASO, LUZ ROJA DEL SEMAFORO, ETC).",ESTRELLAMIENTOS,AUTOMOVIL,1,0,0,0,0,0,0,0,0,0,0,0,0,1,-1,NO IDENTIFICADO,NO IDENTIFICADO,CONDUCTOR AUSENTE,NO,NO,2
20229,70300,70301,2019,1,0,-0.222138,-78.520102,PICHINCHA,QUITO,QUITO,URBANA,2019-08-25,04:16:00,4,DOMINGO,7,AGOSTO,8,NO,CONDUCIR VEHICULO SUPERANDO LOS LIMITES MAXIMOS DE VELOCIDAD.,ESTRELLAMIENTOS,AUTOMOVIL,1,0,0,0,0,0,0,0,0,0,0,0,0,1,49,HOMBRE,LESIONADO,PASAJERO,NO,NO,0
20230,70303,70304,2019,0,0,-0.224383,-78.496888,PICHINCHA,QUITO,QUITO,URBANA,2019-08-25,04:40:00,4,DOMINGO,7,AGOSTO,8,NO,CONDUCIR VEHICULO SUPERANDO LOS LIMITES MAXIMOS DE VELOCIDAD.,ESTRELLAMIENTOS,AUTOMOVIL,1,0,0,0,0,0,0,0,0,0,0,0,0,1,-1,NO IDENTIFICADO,NO IDENTIFICADO,CONDUCTOR AUSENTE,NO,NO,2
20231,70309,70310,2019,1,0,-0.294768,-78.559281,PICHINCHA,QUITO,QUITO,URBANA,2019-08-25,06:30:00,6,DOMINGO,7,AGOSTO,8,NO,CONDUCIR VEHICULO SUPERANDO LOS LIMITES MAXIMOS DE VELOCIDAD.,CHOQUE LATERAL,MOTOCICLETA,0,0,0,0,0,0,0,0,1,1,0,0,0,2,27,HOMBRE,LESIONADO,CONDUCTOR PRESENTE,NO,NO,0
20232,70320,70321,2019,1,0,-0.318641,-78.549386,PICHINCHA,QUITO,QUITO,URBANA,2019-08-25,10:10:00,10,DOMINGO,7,AGOSTO,8,NO,NO TRANSITAR POR LAS ACERAS O ZONAS DE SEGURIDAD DESTINADAS PARA EL EFECTO.,ATROPELLOS,BUS,0,0,1,0,0,0,0,0,0,0,0,0,0,1,40,MUJER,LESIONADO,PEATON,NO,NO,0
20233,70336,70337,2019,0,0,-0.251525,-78.515633,PICHINCHA,QUITO,QUITO,URBANA,2019-08-25,15:10:00,15,DOMINGO,7,AGOSTO,8,NO,CONDUCIR VEHICULO SUPERANDO LOS LIMITES MAXIMOS DE VELOCIDAD.,ESTRELLAMIENTOS,AUTOMOVIL,1,0,1,0,0,0,0,0,0,0,0,0,0,2,25,HOMBRE,ILESO,CONDUCTOR PRESENTE,NO,NO,0
20234,70355,70356,2019,0,0,-0.105373,-78.462381,PICHINCHA,QUITO,QUITO,URBANA,2019-08-25,21:10:00,21,DOMINGO,7,AGOSTO,8,NO,"CONDUCE BAJO LA INFLUENCIA DE ALCOHOL, SUSTANCIAS ESTUPEFACIENTES O PSICOTROPICAS Y/O MEDICAMENTOS.",CHOQUE POSTERIOR,AUTOMOVIL,2,0,0,0,0,0,0,0,0,0,0,0,0,2,33,HOMBRE,ILESO,CONDUCTOR PRESENTE,NO,NO,0
20235,70363,70364,2019,0,0,-0.266495,-78.538251,PICHINCHA,QUITO,QUITO,URBANA,2019-08-25,23:30:00,23,DOMINGO,7,AGOSTO,8,NO,"CONDUCE BAJO LA INFLUENCIA DE ALCOHOL, SUSTANCIAS ESTUPEFACIENTES O PSICOTROPICAS Y/O MEDICAMENTOS.",ESTRELLAMIENTOS,AUTOMOVIL,2,0,0,0,0,0,0,0,0,0,0,0,0,2,27,HOMBRE,ILESO,CONDUCTOR PRESENTE,NO,NO,0
20236,70366,70367,2019,1,0,-0.152986,-78.480881,PICHINCHA,QUITO,QUITO,URBANA,2019-08-26,00:20:00,0,LUNES,1,AGOSTO,8,NO,CONDUCIR VEHICULO SUPERANDO LOS LIMITES MAXIMOS DE VELOCIDAD.,ESTRELLAMIENTOS,MOTOCICLETA,0,0,0,0,0,0,0,0,1,0,0,0,0,1,28,HOMBRE,LESIONADO,CONDUCTOR PRESENTE,NO,NO,0
20237,70367,70368,2019,1,0,-0.143773,-78.500065,PICHINCHA,QUITO,QUITO,URBANA,2019-08-26,01:15:00,1,LUNES,1,AGOSTO,8,NO,NO GUARDAR LA DISTANCIA LATERAL MINIMA DE SEGURIDAD ENTRE VEHICULOS.,CHOQUE LATERAL,AUTOMOVIL,2,0,0,0,0,0,0,0,0,0,0,0,0,2,8,MUJER,LESIONADO,PASAJERO,NO,NO,0
20238,70369,70370,2019,0,1,-0.293646,-78.539922,PICHINCHA,QUITO,QUITO,URBANA,2019-08-26,04:30:00,4,LUNES,1,AGOSTO,8,NO,CONDUCIR VEHICULO SUPERANDO LOS LIMITES MAXIMOS DE VELOCIDAD.,PERDIDA DE CARRIL,MOTOCICLETA,0,0,0,0,0,0,0,0,1,0,0,0,0,1,26,HOMBRE,FALLECIDO,CONDUCTOR PRESENTE,NO,NO,0
20239,70371,70372,2019,0,0,-0.128329,-78.502404,PICHINCHA,QUITO,QUITO,URBANA,2019-08-26,05:00:00,5,LUNES,1,AGOSTO,8,NO,NO CEDER EL DERECHO DE VIA O PREFERENCIA DE PASO A VEHICULOS.,CHOQUE LATERAL,MOTOCICLETA,1,0,0,0,0,0,0,0,1,0,0,0,0,2,20,HOMBRE,ILESO,CONDUCTOR PRESENTE,SI,NO,0
20240,70377,70378,2019,0,0,-0.202543,-78.494032,PICHINCHA,QUITO,QUITO,URBANA,2019-08-26,07:30:00,7,LUNES,1,AGOSTO,8,NO,NO GUARDAR LA DISTANCIA LATERAL MINIMA DE SEGURIDAD ENTRE VEHICULOS.,CHOQUE LATERAL,AUTOMOVIL,2,0,0,0,0,0,0,0,0,0,0,0,0,2,19,HOMBRE,ILESO,CONDUCTOR PRESENTE,NO,NO,0
20241,70380,70381,2019,1,0,-0.288901,-78.538232,PICHINCHA,QUITO,QUITO,URBANA,2019-08-26,08:00:00,8,LUNES,1,AGOSTO,8,NO,NO CEDER EL DERECHO DE VIA O PREFERENCIA DE PASO AL PEATON.,ATROPELLOS,NO IDENTIFICADO,0,0,0,0,0,0,0,0,0,1,0,0,0,1,28,MUJER,LESIONADO,PEATON,NO,NO,0
20242,70384,70385,2019,1,0,-0.133549,-78.500783,PICHINCHA,QUITO,QUITO,URBANA,2019-08-26,10:15:00,10,LUNES,1,AGOSTO,8,NO,"NO RESPETAR LAS SENIALES REGLAMENTARIAS DE TRANSITO. (PARE, CEDA EL PASO, LUZ ROJA DEL SEMAFORO, ETC).",CHOQUE LATERAL,MOTOCICLETA,0,0,0,0,0,0,0,0,1,1,0,0,0,2,28,HOMBRE,LESIONADO,CONDUCTOR PRESENTE,SI,NO,0
20243,70386,70387,2019,1,0,-0.168489,-78.496749,PICHINCHA,QUITO,QUITO,URBANA,2019-08-26,11:00:00,11,LUNES,1,AGOSTO,8,NO,CONDUCIR VEHICULO SUPERANDO LOS LIMITES MAXIMOS DE VELOCIDAD.,ESTRELLAMIENTOS,AUTOMOVIL,1,0,0,0,0,0,0,0,0,0,0,0,0,1,70,MUJER,LESIONADO,CONDUCTOR PRESENTE,NO,NO,0