,Unnamed: 0,ID,ANIO,LESIONADOS,FALLECIDOS,LATITUD_Y,LONGITUD_X,PROVINCIA,CANTON,PARROQUIA,ZONA,FECHA,HORA,PERIODO_2,DIA_1,DIA_2,MES_1,MES_2,FERIADO,CAUSA_PROBABLE,TIPO_DE_SINIESTRO,TIPO_DE_VEHICULO_1,AUTOMOVIL,BICICLETA,BUS,CAMION,CAMIONETA,EMERGENCIAS,ESPECIAL,FURGONETA,MOTOCICLETA,NO_IDENTIFICADO,SCOOTER_ELECTRICO,TRICIMOTO,VEHICULO_DEPORTIVO_UTILITARIO,SUMA_DE_VEHICULOS,EDAD_1,SEXO_1,CONDICION_1,PARTICIPANTE_1,CASCO_1,CINTURON_1,KMeans_Cluster
20244,70406,70407,2019,0,0,-0.108629,-78.454011,PICHINCHA,QUITO,CALDERON (CARAPUNGO),RURAL,2019-08-26,16:25:00,16,LUNES,1,AGOSTO,8,NO,NO MANTENER LA DISTANCIA PRUDENCIAL CON RESPECTO AL VEHICULO QUE LE ANTECEDE.,CHOQUE POSTERIOR,AUTOMOVIL,2,0,0,0,0,0,0,0,0,0,0,0,0,2,26,HOMBRE,ILESO,CONDUCTOR PRESENTE,NO,NO,3
20245,70409,70410,2019,0,0,-0.201667,-78.476303,PICHINCHA,QUITO,QUITO,URBANA,2019-08-26,17:05:00,17,LUNES,1,AGOSTO,8,NO,NO MANTENER LA DISTANCIA PRUDENCIAL CON RESPECTO AL VEHICULO QUE LE ANTECEDE.,CHOQUE POSTERIOR,AUTOMOVIL,1,0,0,0,1,0,0,0,0,0,0,0,0,2,28,MUJER,ILESO,CONDUCTOR PRESENTE,NO,NO,0
20246,70411,70412,2019,1,0,-0.280642,-78.559821,PICHINCHA,QUITO,QUITO,URBANA,2019-08-26,18:15:00,18,LUNES,1,AGOSTO,8,NO,NO CEDER EL DERECHO DE VIA O PREFERENCIA DE PASO A VEHICULOS.,CHOQUE LATERAL,AUTOMOVIL,1,0,0,0,0,0,0,1,0,0,0,0,0,2,66,MUJER,LESIONADO,PASAJERO,NO,NO,0
20247,70424,70425,2019,0,0,-0.303814,-78.544977,PICHINCHA,QUITO,QUITO,URBANA,2019-08-26,21:10:00,21,LUNES,1,AGOSTO,8,NO,NO GUARDAR LA DISTANCIA LATERAL MINIMA DE SEGURIDAD ENTRE VEHICULOS.,CHOQUE LATERAL,AUTOMOVIL,2,0,0,0,0,0,0,0,0,0,0,0,0,2,25,HOMBRE,ILESO,CONDUCTOR PRESENTE,NO,NO,0
20248,70429,70430,2019,0,0,-0.310973,-78.546689,PICHINCHA,QUITO,QUITO,URBANA,2019-08-26,23:35:00,23,LUNES,1,AGOSTO,8,NO,CONDUCIR VEHICULO SUPERANDO LOS LIMITES MAXIMOS DE VELOCIDAD.,ESTRELLAMIENTOS,AUTOMOVIL,1,0,0,0,0,0,0,0,0,0,0,0,0,1,25,HOMBRE,ILESO,CONDUCTOR PRESENTE,NO,NO,0
20249,70434,70435,2019,2,0,-0.210318,-78.494183,PICHINCHA,QUITO,QUITO,URBANA,2019-08-27,03:05:00,3,MARTES,2,AGOSTO,8,NO,"CONDUCIR EN ESTADO DE SOMNOLENCIA O MALAS CONDICIONES FISICAS (SUENIO, CANSANCIO Y FATIGA).",VOLCAMIENTOS,MOTOCICLETA,0,0,0,0,0,0,0,0,1,0,0,0,0,1,33,HOMBRE,LESIONADO,PASAJERO,NO,NO,0
20250,70441,70442,2019,0,0,-0.296386,-78.296386,PICHINCHA,QUITO,PIFO,RURAL,2019-08-27,08:15:00,8,MARTES,2,AGOSTO,8,NO,"CONDUCIR DESATENTO A LAS CONDICIONES DE TRANSITO (CELULAR, PANTALLAS DE VIDEO, COMIDA, MAQUILLAJE O CUALQUIER OTRO ELEMENTO DISTRACTOR).",ESTRELLAMIENTOS,ESPECIAL,0,0,0,0,0,0,1,0,0,0,0,0,0,1,38,HOMBRE,ILESO,CONDUCTOR PRESENTE,NO,NO,3
20251,70447,70448,2019,1,0,-0.279141,-78.532268,PICHINCHA,QUITO,QUITO,URBANA,2019-08-27,10:15:00,10,MARTES,2,AGOSTO,8,NO,NO TRANSITAR POR LAS ACERAS O ZONAS DE SEGURIDAD DESTINADAS PARA EL EFECTO.,ATROPELLOS,NO IDENTIFICADO,0,0,0,0,0,0,0,0,0,1,0,0,0,1,35,MUJER,LESIONADO,PEATON,NO,NO,0
20252,70451,70452,2019,2,0,-0.085001,-78.515178,PICHINCHA,QUITO,QUITO,URBANA,2019-08-27,11:50:00,11,MARTES,2,AGOSTO,8,NO,CONDUCIR VEHICULO SUPERANDO LOS LIMITES MAXIMOS DE VELOCIDAD.,ROZAMIENTOS,MOTOCICLETA,0,0,0,0,0,0,0,0,1,1,0,0,0,2,20,HOMBRE,LESIONADO,PASAJERO,NO,NO,0
20253,70458,70459,2019,0,0,-0.108124,-78.452871,PICHINCHA,QUITO,CALDERON (CARAPUNGO),RURAL,2019-08-27,12:43:00,12,MARTES,2,AGOSTO,8,NO,CONDUCIR VEHICULO SUPERANDO LOS LIMITES MAXIMOS DE VELOCIDAD.,CHOQUE LATERAL,CAMIONETA,1,0,0,0,1,0,0,0,0,0,0,0,0,2,44,MUJER,ILESO,PASAJERO,NO,NO,3
20254,70459,70460,2019,0,0,-0.193662,-78.483031,PICHINCHA,QUITO,QUITO,URBANA,2019-08-27,12:50:00,12,MARTES,2,AGOSTO,8,NO,CONDUCIR VEHICULO SUPERANDO LOS LIMITES MAXIMOS DE VELOCIDAD.,CHOQUE POSTERIOR,AUTOMOVIL,1,0,1,0,0,0,0,0,0,0,0,0,0,2,39,HOMBRE,ILESO,CONDUCTOR PRESENTE,NO,NO,0
20255,70460,70461,2019,0,0,-0.209074,-78.482271,PICHINCHA,QUITO,QUITO,URBANA,2019-08-27,12:50:00,12,MARTES,2,AGOSTO,8,NO,CONDUCIR VEHICULO SUPERANDO LOS LIMITES MAXIMOS DE VELOCIDAD.,ESTRELLAMIENTOS,AUTOMOVIL,4,0,0,0,0,0,0,0,0,0,0,0,0,4,23,HOMBRE,ILESO,CONDUCTOR PRESENTE,NO,NO,0
20256,70471,70472,2019,0,1,-0.376107,-78.530341,PICHINCHA,MEJIA,CUTUGLAHUA,RURAL,2019-08-27,16:00:00,16,MARTES,2,AGOSTO,8,NO,"CONDUCIR DESATENTO A LAS CONDICIONES DE TRANSITO (CELULAR, PANTALLAS DE VIDEO, COMIDA, MAQUILLAJE O CUALQUIER OTRO ELEMENTO DISTRACTOR).",PERDIDA DE PISTA,MOTOCICLETA,0,0,0,0,0,0,0,0,1,0,0,0,0,1,63,HOMBRE,FALLECIDO,CONDUCTOR PRESENTE,NO,SI,3
20257,70476,70477,2019,0,0,-0.088281,-78.469325,PICHINCHA,QUITO,QUITO,URBANA,2019-08-27,16:42:00,16,MARTES,2,AGOSTO,8,NO,CONDUCIR VEHICULO SUPERANDO LOS LIMITES MAXIMOS DE VELOCIDAD.,ESTRELLAMIENTOS,FURGONETA,0,0,0,1,0,0,0,1,0,0,0,0,0,2,59,HOMBRE,ILESO,CONDUCTOR PRESENTE,NO,NO,0
20258,70484,70485,2019,0,0,-0.123011,-78.493947,PICHINCHA,QUITO,QUITO,URBANA,2019-08-27,18:00:00,18,MARTES,2,AGOSTO,8,NO,"CONDUCIR DESATENTO A LAS CONDICIONES DE TRANSITO (CELULAR, PANTALLAS DE VIDEO, COMIDA, MAQUILLAJE O CUALQUIER OTRO ELEMENTO DISTRACTOR).",CHOQUE LATERAL,AUTOMOVIL,1,0,0,0,1,0,0,0,0,0,0,0,0,2,28,HOMBRE,ILESO,CONDUCTOR PRESENTE,NO,NO,0
20259,70488,70489,2019,1,0,0.038102,-78.147354,PICHINCHA,CAYAMBE,CAYAMBE,URBANA,2019-08-27,18:50:00,18,MARTES,2,AGOSTO,8,NO,"CONDUCIR DESATENTO A LAS CONDICIONES DE TRANSITO (CELULAR, PANTALLAS DE VIDEO, COMIDA, MAQUILLAJE O CUALQUIER OTRO ELEMENTO DISTRACTOR).",VOLCAMIENTOS,NO IDENTIFICADO,0,0,0,0,0,0,0,0,0,2,0,0,0,2,13,HOMBRE,LESIONADO,PASAJERO,NO,SI,0
20260,70489,70490,2019,1,0,-0.462665,-78.567825,PICHINCHA,MEJIA,ALOAG,RURAL,2019-08-27,19:00:00,19,MARTES,2,AGOSTO,8,NO,"CONDUCIR DESATENTO A LAS CONDICIONES DE TRANSITO (CELULAR, PANTALLAS DE VIDEO, COMIDA, MAQUILLAJE O CUALQUIER OTRO ELEMENTO DISTRACTOR).",ATROPELLOS,CAMION,0,0,0,1,0,0,0,0,0,0,0,0,0,1,44,HOMBRE,LESIONADO,PEATON,NO,SI,3
20261,70493,70494,2019,0,0,-0.251559,-78.518386,PICHINCHA,QUITO,QUITO,URBANA,2019-08-27,20:30:00,20,MARTES,2,AGOSTO,8,NO,NO GUARDAR LA DISTANCIA LATERAL MINIMA DE SEGURIDAD ENTRE VEHICULOS.,CHOQUE LATERAL,MOTOCICLETA,1,0,0,0,0,0,0,0,1,0,0,0,0,2,27,MUJER,ILESO,PASAJERO,NO,NO,0
20262,70497,70498,2019,2,0,-0.029188,-78.558471,PICHINCHA,QUITO,NONO,URBANA,2019-08-27,22:15:00,22,MARTES,2,AGOSTO,8,NO,"NO RESPETAR LAS SENIALES REGLAMENTARIAS DE TRANSITO. (PARE, CEDA EL PASO, LUZ ROJA DEL SEMAFORO, ETC).",CHOQUE LATERAL,MOTOCICLETA,1,0,0,0,0,0,0,0,1,0,0,0,0,2,23,MUJER,LESIONADO,PASAJERO,NO,NO,0
20263,70502,70503,2019,0,0,-0.275824,-78.501786,PICHINCHA,QUITO,CONOCOTO,RURAL,2019-08-28,04:00:00,4,MIERCOLES,3,AGOSTO,8,NO,"NO RESPETAR LAS SENIALES REGLAMENTARIAS DE TRANSITO. (PARE, CEDA EL PASO, LUZ ROJA DEL SEMAFORO, ETC).",OTROS,AUTOMOVIL,1,0,0,0,0,0,0,0,0,1,0,0,0,2,25,HOMBRE,ILESO,CONDUCTOR PRESENTE,NO,NO,3
20264,70503,70504,2019,0,0,-0.118653,-78.455407,PICHINCHA,QUITO,QUITO,RURAL,2019-08-28,04:30:00,4,MIERCOLES,3,AGOSTO,8,NO,MALAS CONDICIONES DE LA VIA Y/O CONFIGURACION. (ILUMINACION Y DISENIO).,ESTRELLAMIENTOS,CAMION,0,0,0,1,0,0,0,0,0,0,0,0,0,1,56,HOMBRE,ILESO,CONDUCTOR PRESENTE,NO,NO,3
20265,70506,70507,2019,0,0,-0.294657,-78.551645,PICHINCHA,QUITO,QUITO,URBANA,2019-08-28,06:20:00,6,MIERCOLES,3,AGOSTO,8,NO,"NO RESPETAR LAS SENIALES REGLAMENTARIAS DE TRANSITO. (PARE, CEDA EL PASO, LUZ ROJA DEL SEMAFORO, ETC).",CHOQUE LATERAL,BUS,1,0,1,0,0,0,0,0,0,0,0,0,0,2,45,HOMBRE,ILESO,CONDUCTOR PRESENTE,NO,NO,0
20266,70507,70508,2019,2,0,-0.178637,-78.486021,PICHINCHA,QUITO,QUITO,URBANA,2019-08-28,06:45:00,6,MIERCOLES,3,AGOSTO,8,NO,NO GUARDAR LA DISTANCIA LATERAL MINIMA DE SEGURIDAD ENTRE VEHICULOS.,CHOQUE LATERAL,MOTOCICLETA,0,0,0,1,0,0,0,0,1,0,0,0,0,2,22,MUJER,LESIONADO,PASAJERO,NO,NO,0
20267,70511,70512,2019,1,0,-0.156661,-78.460168,PICHINCHA,QUITO,QUITO,URBANA,2019-08-28,08:25:00,8,MIERCOLES,3,AGOSTO,8,NO,CONDUCIR VEHICULO SUPERANDO LOS LIMITES MAXIMOS DE VELOCIDAD.,OTROS,MOTOCICLETA,0,0,0,0,0,0,0,0,1,1,0,0,0,2,22,HOMBRE,LESIONADO,CONDUCTOR PRESENTE,NO,NO,0
20268,70519,70520,2019,0,0,-0.138171,-78.493318,PICHINCHA,QUITO,QUITO,URBANA,2019-08-28,11:30:00,11,MIERCOLES,3,AGOSTO,8,NO,NO GUARDAR LA DISTANCIA LATERAL MINIMA DE SEGURIDAD ENTRE VEHICULOS.,CHOQUE LATERAL,AUTOMOVIL,1,0,0,0,1,0,0,0,0,0,0,0,0,2,38,HOMBRE,ILESO,CONDUCTOR PRESENTE,NO,NO,0
20269,70520,70521,2019,0,0,-0.193311,-78.467311,PICHINCHA,QUITO,QUITO,URBANA,2019-08-28,11:30:00,11,MIERCOLES,3,AGOSTO,8,NO,NO MANTENER LA DISTANCIA PRUDENCIAL CON RESPECTO AL VEHICULO QUE LE ANTECEDE.,COLISION,AUTOMOVIL,2,0,0,0,0,0,0,0,0,1,0,0,0,3,35,HOMBRE,ILESO,CONDUCTOR PRESENTE,NO,NO,0
20270,70528,70529,2019,1,0,-0.204818,-78.490901,PICHINCHA,QUITO,QUITO,URBANA,2019-08-28,14:27:00,14,MIERCOLES,3,AGOSTO,8,NO,"NO RESPETAR LAS SENIALES REGLAMENTARIAS DE TRANSITO. (PARE, CEDA EL PASO, LUZ ROJA DEL SEMAFORO, ETC).",CHOQUE LATERAL,BUS,0,1,1,0,0,0,0,0,0,0,0,0,0,2,33,HOMBRE,LESIONADO,CONDUCTOR PRESENTE,NO,NO,0
20271,70536,70537,2019,0,1,-0.105384,-78.497732,PICHINCHA,QUITO,QUITO,URBANA,2019-08-28,19:00:00,19,MIERCOLES,3,AGOSTO,8,NO,NO CEDER EL DERECHO DE VIA O PREFERENCIA DE PASO AL PEATON.,ATROPELLOS,NO IDENTIFICADO,0,0,0,0,0,0,0,0,0,1,0,0,0,1,45,HOMBRE,FALLECIDO,PEATON,NO,NO,0
20272,70537,70538,2019,0,0,-0.126471,-78.478019,PICHINCHA,QUITO,QUITO,URBANA,2019-08-28,19:31:00,19,MIERCOLES,3,AGOSTO,8,NO,NO MANTENER LA DISTANCIA PRUDENCIAL CON RESPECTO AL VEHICULO QUE LE ANTECEDE.,CHOQUE POSTERIOR,AUTOMOVIL,2,0,0,0,0,0,0,0,0,0,0,0,0,2,36,HOMBRE,ILESO,CONDUCTOR PRESENTE,NO,NO,0
20273,70541,70542,2019,0,0,-0.224383,-78.496888,PICHINCHA,QUITO,QUITO,URBANA,2019-08-28,21:20:00,21,MIERCOLES,3,AGOSTO,8,NO,NO MANTENER LA DISTANCIA PRUDENCIAL CON RESPECTO AL VEHICULO QUE LE ANTECEDE.,CHOQUE POSTERIOR,AUTOMOVIL,2,0,0,0,0,0,0,0,0,0,0,0,0,2,51,MUJER,ILESO,CONDUCTOR PRESENTE,NO,NO,0
20274,70546,70547,2019,0,0,-0.345107,-78.456194,PICHINCHA,RUMINIAHUI,SANGOLQUI,URBANA,2019-08-28,23:35:00,23,MIERCOLES,3,AGOSTO,8,NO,"CONDUCIR DESATENTO A LAS CONDICIONES DE TRANSITO (CELULAR, PANTALLAS DE VIDEO, COMIDA, MAQUILLAJE O CUALQUIER OTRO ELEMENTO DISTRACTOR).",CHOQUE POSTERIOR,CAMIONETA,0,0,0,1,1,0,0,0,0,0,0,0,0,2,53,HOMBRE,ILESO,CONDUCTOR PRESENTE,NO,SI,0
20275,70550,70551,2019,2,1,-0.489286,-78.570121,PICHINCHA,MEJIA,ALOAG,RURAL,2019-08-29,01:20:00,1,JUEVES,4,AGOSTO,8,NO,"CONDUCIR DESATENTO A LAS CONDICIONES DE TRANSITO (CELULAR, PANTALLAS DE VIDEO, COMIDA, MAQUILLAJE O CUALQUIER OTRO ELEMENTO DISTRACTOR).",CHOQUE FRONTAL,AUTOMOVIL,1,0,0,1,0,0,0,0,0,0,0,0,0,2,32,HOMBRE,FALLECIDO,PASAJERO,NO,SI,3
20276,70554,70555,2019,1,0,-0.210916,-78.498406,PICHINCHA,QUITO,QUITO,URBANA,2019-08-29,04:36:00,4,JUEVES,4,AGOSTO,8,NO,"CONDUCIR DESATENTO A LAS CONDICIONES DE TRANSITO (CELULAR, PANTALLAS DE VIDEO, COMIDA, MAQUILLAJE O CUALQUIER OTRO ELEMENTO DISTRACTOR).",CHOQUE LATERAL,AUTOMOVIL,2,0,0,0,0,0,0,0,0,0,0,0,0,2,24,HOMBRE,LESIONADO,PASAJERO,NO,NO,0
20277,70562,70563,2019,0,0,-0.211402,-78.376174,PICHINCHA,QUITO,TUMBACO,RURAL,2019-08-29,06:35:00,6,JUEVES,4,AGOSTO,8,NO,CONDUCIR VEHICULO SUPERANDO LOS LIMITES MAXIMOS DE VELOCIDAD.,ESTRELLAMIENTOS,AUTOMOVIL,1,0,0,0,0,0,0,0,0,0,0,0,0,1,-1,NO IDENTIFICADO,NO IDENTIFICADO,CONDUCTOR AUSENTE,NO,NO,2
20278,70563,70564,2019,0,0,-0.142041,-78.443217,PICHINCHA,QUITO,LLANO CHICO,RURAL,2019-08-29,06:35:00,6,JUEVES,4,AGOSTO,8,NO,CONDUCIR VEHICULO SUPERANDO LOS LIMITES MAXIMOS DE VELOCIDAD.,COLISION,AUTOMOVIL,6,0,0,0,0,0,0,0,0,0,0,0,0,6,22,HOMBRE,ILESO,CONDUCTOR PRESENTE,NO,NO,3
20279,70586,70587,2019,1,0,-0.236791,-78.507766,PICHINCHA,QUITO,QUITO,URBANA,2019-08-29,14:58:00,14,JUEVES,4,AGOSTO,8,NO,PEATON QUE CRUZA LA CALZADA SIN RESPETAR LA SENIALIZACION EXISTENTE (SEMAFOROS O SENIALES MANUALES).,ATROPELLOS,AUTOMOVIL,1,0,0,0,0,0,0,0,0,0,0,0,0,1,17,MUJER,LESIONADO,PEATON,NO,NO,0
20280,70588,70589,2019,1,0,-0.262147,-78.529357,PICHINCHA,QUITO,QUITO,URBANA,2019-08-29,16:00:00,16,JUEVES,4,AGOSTO,8,NO,NO CEDER EL DERECHO DE VIA O PREFERENCIA DE PASO AL PEATON.,ARROLLAMIENTOS,NO IDENTIFICADO,0,0,0,0,0,0,0,0,0,1,0,0,0,1,47,MUJER,LESIONADO,PEATON,NO,NO,0
20281,70589,70590,2019,1,0,-0.202224,-78.500619,PICHINCHA,QUITO,QUITO,URBANA,2019-08-29,16:20:00,16,JUEVES,4,AGOSTO,8,NO,PEATON QUE CRUZA LA CALZADA SIN RESPETAR LA SENIALIZACION EXISTENTE (SEMAFOROS O SENIALES MANUALES).,ATROPELLOS,BUS,0,0,1,0,0,0,0,0,0,0,0,0,0,1,61,MUJER,LESIONADO,PEATON,NO,NO,0
20282,70593,70594,2019,0,0,-0.102365,-78.490629,PICHINCHA,QUITO,QUITO,URBANA,2019-08-29,18:45:00,18,JUEVES,4,AGOSTO,8,NO,CONDUCIR VEHICULO SUPERANDO LOS LIMITES MAXIMOS DE VELOCIDAD.,ESTRELLAMIENTOS,AUTOMOVIL,1,0,0,0,0,0,0,0,0,0,0,0,0,1,76,HOMBRE,ILESO,CONDUCTOR PRESENTE,NO,NO,0
20283,70594,70595,2019,1,0,-0.292724,-78.476486,PICHINCHA,QUITO,CONOCOTO,RURAL,2019-08-29,19:10:00,19,JUEVES,4,AGOSTO,8,NO,NO CEDER EL DERECHO DE VIA O PREFERENCIA DE PASO AL PEATON.,ATROPELLOS,NO IDENTIFICADO,0,0,0,0,0,0,0,0,0,1,0,0,0,1,69,MUJER,LESIONADO,PEATON,NO,NO,3
20284,70597,70598,2019,1,0,-0.244954,-78.502295,PICHINCHA,QUITO,QUITO,URBANA,2019-08-29,21:05:00,21,JUEVES,4,AGOSTO,8,NO,REALIZAR CAMBIO BRUSCO O INDEBIDO DE CARRIL.,CHOQUE FRONTAL,MOTOCICLETA,1,0,0,0,0,0,0,0,1,0,0,0,0,2,22,HOMBRE,LESIONADO,CONDUCTOR PRESENTE,NO,NO,0
20285,70599,70600,2019,0,0,-0.227324,-78.450086,PICHINCHA,QUITO,CUMBAYA,RURAL,2019-08-29,21:20:00,21,JUEVES,4,AGOSTO,8,NO,"CONDUCE BAJO LA INFLUENCIA DE ALCOHOL, SUSTANCIAS ESTUPEFACIENTES O PSICOTROPICAS Y/O MEDICAMENTOS.",CHOQUE POSTERIOR,AUTOMOVIL,2,0,0,0,0,0,0,0,0,0,0,0,0,2,23,HOMBRE,ILESO,CONDUCTOR PRESENTE,NO,NO,3
20286,70600,70601,2019,0,0,-0.185673,-78.479242,PICHINCHA,QUITO,QUITO,URBANA,2019-08-29,22:00:00,22,JUEVES,4,AGOSTO,8,NO,"NO RESPETAR LAS SENIALES REGLAMENTARIAS DE TRANSITO. (PARE, CEDA EL PASO, LUZ ROJA DEL SEMAFORO, ETC).",ESTRELLAMIENTOS,AUTOMOVIL,1,0,0,0,0,0,0,0,0,0,0,0,0,1,-1,NO IDENTIFICADO,NO IDENTIFICADO,CONDUCTOR AUSENTE,NO,NO,2
20287,70608,70609,2019,0,0,-0.262161,-78.548079,PICHINCHA,QUITO,QUITO,URBANA,2019-08-30,05:00:00,5,VIERNES,5,AGOSTO,8,NO,CONDUCIR VEHICULO SUPERANDO LOS LIMITES MAXIMOS DE VELOCIDAD.,ESTRELLAMIENTOS,CAMIONETA,0,0,0,0,1,0,0,0,0,0,0,0,0,1,38,HOMBRE,ILESO,CONDUCTOR PRESENTE,NO,NO,0
20288,70610,70611,2019,0,0,-0.064334,-78.429354,PICHINCHA,QUITO,CALDERON (CARAPUNGO),RURAL,2019-08-30,05:30:00,5,VIERNES,5,AGOSTO,8,NO,"CONDUCIR DESATENTO A LAS CONDICIONES DE TRANSITO (CELULAR, PANTALLAS DE VIDEO, COMIDA, MAQUILLAJE O CUALQUIER OTRO ELEMENTO DISTRACTOR).",CHOQUE LATERAL,CAMION,1,0,0,1,0,0,0,0,0,0,0,0,0,2,36,HOMBRE,ILESO,CONDUCTOR PRESENTE,NO,NO,3
20289,70611,70612,2019,0,0,-0.134965,-78.483421,PICHINCHA,QUITO,QUITO,URBANA,2019-08-30,05:55:00,5,VIERNES,5,AGOSTO,8,NO,NO GUARDAR LA DISTANCIA LATERAL MINIMA DE SEGURIDAD ENTRE VEHICULOS.,CHOQUE LATERAL,AUTOMOVIL,2,0,0,0,0,0,0,0,0,0,0,0,0,2,60,HOMBRE,ILESO,CONDUCTOR PRESENTE,NO,NO,0
20290,70622,70623,2019,0,1,-0.120363,-78.493256,PICHINCHA,QUITO,QUITO,URBANA,2019-08-30,08:50:00,8,VIERNES,5,AGOSTO,8,NO,PEATON QUE CRUZA LA CALZADA SIN RESPETAR LA SENIALIZACION EXISTENTE (SEMAFOROS O SENIALES MANUALES).,ATROPELLOS,BUS,0,0,1,0,0,0,0,0,0,0,0,0,0,1,83,MUJER,FALLECIDO,PEATON,NO,NO,0
20291,70626,70627,2019,2,0,-0.089185,-78.428042,PICHINCHA,QUITO,CALDERON (CARAPUNGO),RURAL,2019-08-30,12:15:00,12,VIERNES,5,AGOSTO,8,NO,NO GUARDAR LA DISTANCIA LATERAL MINIMA DE SEGURIDAD ENTRE VEHICULOS.,CHOQUE LATERAL,MOTOCICLETA,0,0,0,0,1,0,0,0,1,0,0,0,0,2,29,MUJER,LESIONADO,PASAJERO,NO,NO,3
20292,70629,70630,2019,0,0,-0.173985,-78.474281,PICHINCHA,QUITO,QUITO,URBANA,2019-08-30,13:10:00,13,VIERNES,5,AGOSTO,8,NO,CONDUCIR VEHICULO SUPERANDO LOS LIMITES MAXIMOS DE VELOCIDAD.,CHOQUE LATERAL,AUTOMOVIL,2,0,0,0,0,0,0,0,0,0,0,0,0,2,73,HOMBRE,ILESO,CONDUCTOR PRESENTE,NO,NO,0
20293,70645,70646,2019,0,0,-0.247576,-78.529532,PICHINCHA,QUITO,QUITO,URBANA,2019-08-30,17:05:00,17,VIERNES,5,AGOSTO,8,NO,NO CEDER EL DERECHO DE VIA O PREFERENCIA DE PASO A VEHICULOS.,CHOQUE LATERAL,AUTOMOVIL,2,0,0,0,0,0,0,0,0,0,0,0,0,2,23,MUJER,ILESO,PASAJERO,NO,NO,0
20294,70646,70647,2019,1,0,-0.308006,-78.559416,PICHINCHA,QUITO,QUITO,URBANA,2019-08-30,17:10:00,17,VIERNES,5,AGOSTO,8,NO,NO MANTENER LA DISTANCIA PRUDENCIAL CON RESPECTO AL VEHICULO QUE LE ANTECEDE.,OTROS,AUTOMOVIL,1,0,0,0,0,0,0,0,1,0,0,0,0,2,22,HOMBRE,LESIONADO,CONDUCTOR PRESENTE,NO,NO,0
20295,70653,70654,2019,0,0,-0.147644,-78.494505,PICHINCHA,QUITO,QUITO,URBANA,2019-08-30,19:00:00,19,VIERNES,5,AGOSTO,8,NO,"NO RESPETAR LAS SENIALES REGLAMENTARIAS DE TRANSITO. (PARE, CEDA EL PASO, LUZ ROJA DEL SEMAFORO, ETC).",CHOQUE LATERAL,AUTOMOVIL,2,0,0,0,0,0,0,0,0,0,0,0,0,2,49,HOMBRE,ILESO,CONDUCTOR PRESENTE,NO,NO,0
20296,70658,70659,2019,1,0,-0.299508,-78.560777,PICHINCHA,QUITO,QUITO,URBANA,2019-08-30,20:00:00,20,VIERNES,5,AGOSTO,8,NO,NO CEDER EL DERECHO DE VIA O PREFERENCIA DE PASO AL PEATON.,ATROPELLOS,NO IDENTIFICADO,0,0,0,0,0,0,0,0,0,1,0,0,0,1,27,MUJER,LESIONADO,PEATON,NO,NO,0
20297,70661,70662,2019,0,0,-0.254686,-78.504316,PICHINCHA,QUITO,QUITO,URBANA,2019-08-30,20:50:00,20,VIERNES,5,AGOSTO,8,NO,NO GUARDAR LA DISTANCIA LATERAL MINIMA DE SEGURIDAD ENTRE VEHICULOS.,CHOQUE LATERAL,AUTOMOVIL,1,0,0,1,0,0,0,0,0,0,0,0,0,2,5,MUJER,ILESO,PASAJERO,NO,NO,0
20298,70663,70664,2019,0,0,-0.276501,-78.554508,PICHINCHA,QUITO,QUITO,URBANA,2019-08-30,21:00:00,21,VIERNES,5,AGOSTO,8,NO,REALIZAR CAMBIO BRUSCO O INDEBIDO DE CARRIL.,CHOQUE LATERAL,AUTOMOVIL,1,0,0,0,0,0,0,0,0,1,0,0,0,2,31,HOMBRE,ILESO,CONDUCTOR PRESENTE,NO,NO,0
20299,70664,70665,2019,0,1,-0.519532,-78.576993,PICHINCHA,MEJIA,MACHACHI,RURAL,2019-08-30,21:20:00,21,VIERNES,5,AGOSTO,8,NO,"CONDUCIR DESATENTO A LAS CONDICIONES DE TRANSITO (CELULAR, PANTALLAS DE VIDEO, COMIDA, MAQUILLAJE O CUALQUIER OTRO ELEMENTO DISTRACTOR).",ATROPELLOS,AUTOMOVIL,1,0,0,0,0,0,0,0,0,0,0,0,0,1,85,MUJER,FALLECIDO,PEATON,NO,SI,3
20300,70667,70668,2019,3,0,-0.083394,-78.509028,PICHINCHA,QUITO,QUITO,URBANA,2019-08-30,22:00:00,22,VIERNES,5,AGOSTO,8,NO,"CONDUCE BAJO LA INFLUENCIA DE ALCOHOL, SUSTANCIAS ESTUPEFACIENTES O PSICOTROPICAS Y/O MEDICAMENTOS.",CHOQUE FRONTAL,FURGONETA,0,0,0,0,0,0,0,1,1,0,0,0,0,2,13,HOMBRE,LESIONADO,PASAJERO,NO,NO,0
20301,70669,70670,2019,0,0,-0.291245,-78.447132,PICHINCHA,QUITO,ALANGASI,RURAL,2019-08-30,23:00:00,23,VIERNES,5,AGOSTO,8,NO,NO GUARDAR LA DISTANCIA LATERAL MINIMA DE SEGURIDAD ENTRE VEHICULOS.,ROZAMIENTOS,AUTOMOVIL,2,0,0,0,0,0,0,0,0,0,0,0,0,2,38,HOMBRE,ILESO,CONDUCTOR PRESENTE,NO,NO,3
20302,70671,70672,2019,0,0,-0.091585,-78.439052,PICHINCHA,QUITO,CALDERON (CARAPUNGO),URBANA,2019-08-30,23:30:00,23,VIERNES,5,AGOSTO,8,NO,CONDUCIR VEHICULO SUPERANDO LOS LIMITES MAXIMOS DE VELOCIDAD.,ESTRELLAMIENTOS,AUTOMOVIL,1,0,0,0,0,0,0,0,0,0,0,0,0,1,-1,NO IDENTIFICADO,NO IDENTIFICADO,CONDUCTOR AUSENTE,NO,NO,2