,Unnamed: 0,ID,ANIO,LESIONADOS,FALLECIDOS,LATITUD_Y,LONGITUD_X,PROVINCIA,CANTON,PARROQUIA,ZONA,FECHA,HORA,PERIODO_2,DIA_1,DIA_2,MES_1,MES_2,FERIADO,CAUSA_PROBABLE,TIPO_DE_SINIESTRO,TIPO_DE_VEHICULO_1,AUTOMOVIL,BICICLETA,BUS,CAMION,CAMIONETA,EMERGENCIAS,ESPECIAL,FURGONETA,MOTOCICLETA,NO_IDENTIFICADO,SCOOTER_ELECTRICO,TRICIMOTO,VEHICULO_DEPORTIVO_UTILITARIO,SUMA_DE_VEHICULOS,EDAD_1,SEXO_1,CONDICION_1,PARTICIPANTE_1,CASCO_1,CINTURON_1,KMeans_Cluster
20303,70672,70673,2019,0,0,-0.097292,-78.470302,PICHINCHA,QUITO,QUITO,URBANA,2019-08-30,23:50:00,23,VIERNES,5,AGOSTO,8,NO,NO MANTENER LA DISTANCIA PRUDENCIAL CON RESPECTO AL VEHICULO QUE LE ANTECEDE.,CHOQUE POSTERIOR,MOTOCICLETA,0,0,0,0,0,0,0,0,1,1,0,0,0,2,-1,NO IDENTIFICADO,NO IDENTIFICADO,CONDUCTOR AUSENTE,NO,NO,2
20304,70673,70674,2019,1,0,-0.098885,-78.470871,PICHINCHA,QUITO,QUITO,URBANA,2019-08-31,00:20:00,0,SABADO,6,AGOSTO,8,NO,NO CEDER EL DERECHO DE VIA O PREFERENCIA DE PASO A VEHICULOS.,CHOQUE LATERAL,AUTOMOVIL,2,0,0,0,0,0,0,0,0,0,0,0,0,2,17,MUJER,LESIONADO,PASAJERO,NO,NO,0
20305,70676,70677,2019,0,0,-0.304191,-78.564591,PICHINCHA,QUITO,QUITO,URBANA,2019-08-31,00:30:00,0,SABADO,6,AGOSTO,8,NO,NO CEDER EL DERECHO DE VIA O PREFERENCIA DE PASO A VEHICULOS.,CHOQUE LATERAL,AUTOMOVIL,1,0,0,0,0,0,0,0,0,1,0,0,0,2,16,MUJER,ILESO,PASAJERO,NO,NO,0
20306,70683,70684,2019,3,1,-0.046483,-78.285455,PICHINCHA,CAYAMBE,SANTA ROSA DE CUZUBAMBA,RURAL,2019-08-31,02:15:00,2,SABADO,6,AGOSTO,8,NO,"CONDUCE BAJO LA INFLUENCIA DE ALCOHOL, SUSTANCIAS ESTUPEFACIENTES O PSICOTROPICAS Y/O MEDICAMENTOS.",PERDIDA DE CARRIL,AUTOMOVIL,1,0,0,0,0,0,0,0,0,0,0,0,0,1,30,HOMBRE,FALLECIDO,PEATON,NO,SI,3
20307,70684,70685,2019,0,1,-0.279239,-78.552753,PICHINCHA,QUITO,QUITO,URBANA,2019-08-31,02:40:00,2,SABADO,6,AGOSTO,8,NO,CONDUCIR VEHICULO SUPERANDO LOS LIMITES MAXIMOS DE VELOCIDAD.,ESTRELLAMIENTOS,MOTOCICLETA,0,0,0,0,0,0,0,0,1,0,0,0,0,1,23,HOMBRE,FALLECIDO,CONDUCTOR PRESENTE,NO,NO,0
20308,70687,70688,2019,1,0,-0.095004,-78.474779,PICHINCHA,QUITO,QUITO,URBANA,2019-08-31,03:00:00,3,SABADO,6,AGOSTO,8,NO,"NO RESPETAR LAS SENIALES REGLAMENTARIAS DE TRANSITO. (PARE, CEDA EL PASO, LUZ ROJA DEL SEMAFORO, ETC).",ESTRELLAMIENTOS,AUTOMOVIL,1,0,0,0,0,0,0,0,0,0,0,0,0,1,38,MUJER,LESIONADO,PASAJERO,NO,NO,0
20309,70688,70689,2019,0,0,-0.242463,-78.482784,PICHINCHA,QUITO,QUITO,RURAL,2019-08-31,04:30:00,4,SABADO,6,AGOSTO,8,NO,CONDUCIR VEHICULO SUPERANDO LOS LIMITES MAXIMOS DE VELOCIDAD.,ESTRELLAMIENTOS,CAMIONETA,0,0,0,0,1,0,0,0,0,0,0,0,0,1,-1,NO IDENTIFICADO,NO IDENTIFICADO,CONDUCTOR AUSENTE,NO,NO,2
20310,70689,70690,2019,0,0,-0.161942,-78.483181,PICHINCHA,QUITO,QUITO,URBANA,2019-08-31,05:00:00,5,SABADO,6,AGOSTO,8,NO,CONDUCIR VEHICULO SUPERANDO LOS LIMITES MAXIMOS DE VELOCIDAD.,ESTRELLAMIENTOS,AUTOMOVIL,1,0,0,0,0,0,0,0,0,0,0,0,0,1,24,HOMBRE,ILESO,CONDUCTOR PRESENTE,NO,NO,0
20311,70700,70701,2019,0,0,-0.223348,-78.507291,PICHINCHA,QUITO,QUITO,URBANA,2019-08-31,07:50:00,7,SABADO,6,AGOSTO,8,NO,CONDUCIR VEHICULO SUPERANDO LOS LIMITES MAXIMOS DE VELOCIDAD.,ESTRELLAMIENTOS,AUTOMOVIL,1,0,0,0,0,0,0,0,0,0,0,0,0,1,-1,NO IDENTIFICADO,NO IDENTIFICADO,CONDUCTOR AUSENTE,NO,NO,2
20312,70707,70708,2019,1,0,-0.115779,-78.492347,PICHINCHA,QUITO,QUITO,URBANA,2019-08-31,10:00:00,10,SABADO,6,AGOSTO,8,NO,NO TRANSITAR POR LAS ACERAS O ZONAS DE SEGURIDAD DESTINADAS PARA EL EFECTO.,ATROPELLOS,AUTOMOVIL,1,0,0,0,0,0,0,0,0,0,0,0,0,1,83,MUJER,LESIONADO,PEATON,NO,NO,0
20313,70710,70711,2019,0,1,-0.174894,-78.501169,PICHINCHA,QUITO,QUITO,URBANA,2019-08-31,12:30:00,12,SABADO,6,AGOSTO,8,NO,CONDUCIR VEHICULO SUPERANDO LOS LIMITES MAXIMOS DE VELOCIDAD.,OTROS,MOTOCICLETA,1,0,0,0,0,0,0,0,1,0,0,0,0,2,20,HOMBRE,FALLECIDO,CONDUCTOR PRESENTE,NO,NO,0
20314,70714,70715,2019,0,0,-0.279539,-78.558061,PICHINCHA,QUITO,QUITO,URBANA,2019-08-31,13:10:00,13,SABADO,6,AGOSTO,8,NO,"NO RESPETAR LAS SENIALES REGLAMENTARIAS DE TRANSITO. (PARE, CEDA EL PASO, LUZ ROJA DEL SEMAFORO, ETC).",CHOQUE LATERAL,CAMIONETA,0,0,0,0,2,0,0,0,0,0,0,0,0,2,35,HOMBRE,ILESO,CONDUCTOR PRESENTE,NO,NO,0
20315,70717,70718,2019,0,0,-0.308662,-78.445873,PICHINCHA,RUMINIAHUI,SANGOLQUI,URBANA,2019-08-31,14:00:00,14,SABADO,6,AGOSTO,8,NO,"CONDUCIR DESATENTO A LAS CONDICIONES DE TRANSITO (CELULAR, PANTALLAS DE VIDEO, COMIDA, MAQUILLAJE O CUALQUIER OTRO ELEMENTO DISTRACTOR).",CHOQUE POSTERIOR,VEHICULO DEPORTIVO UTILITARIO,1,0,0,0,0,0,0,0,0,0,0,0,1,2,50,HOMBRE,ILESO,CONDUCTOR PRESENTE,NO,SI,0
20316,70726,70727,2019,1,0,-0.317898,-78.535609,PICHINCHA,QUITO,QUITO,URBANA,2019-08-31,17:00:00,17,SABADO,6,AGOSTO,8,NO,"CONDUCE BAJO LA INFLUENCIA DE ALCOHOL, SUSTANCIAS ESTUPEFACIENTES O PSICOTROPICAS Y/O MEDICAMENTOS.",ATROPELLOS,AUTOMOVIL,1,0,0,0,0,0,0,0,0,0,0,0,0,1,40,MUJER,LESIONADO,PEATON,NO,NO,0
20317,70732,70733,2019,0,0,-0.298594,-78.549287,PICHINCHA,QUITO,QUITO,URBANA,2019-08-31,18:20:00,18,SABADO,6,AGOSTO,8,NO,NO MANTENER LA DISTANCIA PRUDENCIAL CON RESPECTO AL VEHICULO QUE LE ANTECEDE.,COLISION,AUTOMOVIL,1,0,0,0,0,0,0,0,0,2,0,0,0,3,42,HOMBRE,ILESO,CONDUCTOR PRESENTE,NO,NO,0
20318,70733,70734,2019,1,0,-0.238956,-78.532317,PICHINCHA,QUITO,QUITO,URBANA,2019-08-31,18:30:00,18,SABADO,6,AGOSTO,8,NO,CONDUCIR VEHICULO SUPERANDO LOS LIMITES MAXIMOS DE VELOCIDAD.,PERDIDA DE CARRIL,NO IDENTIFICADO,0,0,0,0,0,0,0,0,0,1,0,0,0,1,36,HOMBRE,LESIONADO,CONDUCTOR PRESENTE,NO,NO,0
20319,70734,70735,2019,0,0,-0.291126,-78.547925,PICHINCHA,QUITO,QUITO,URBANA,2019-08-31,18:30:00,18,SABADO,6,AGOSTO,8,NO,NO MANTENER LA DISTANCIA PRUDENCIAL CON RESPECTO AL VEHICULO QUE LE ANTECEDE.,COLISION,AUTOMOVIL,1,0,0,0,0,0,0,0,1,1,0,0,0,3,42,HOMBRE,ILESO,CONDUCTOR PRESENTE,NO,NO,0
20320,70741,70742,2019,0,0,-0.258071,-78.544161,PICHINCHA,QUITO,QUITO,URBANA,2019-08-31,20:10:00,20,SABADO,6,AGOSTO,8,NO,"CONDUCE BAJO LA INFLUENCIA DE ALCOHOL, SUSTANCIAS ESTUPEFACIENTES O PSICOTROPICAS Y/O MEDICAMENTOS.",ESTRELLAMIENTOS,AUTOMOVIL,1,0,0,0,0,0,0,0,0,0,0,0,0,1,42,HOMBRE,ILESO,CONDUCTOR PRESENTE,NO,NO,0
20321,70745,70746,2019,0,0,-0.295442,-78.561499,PICHINCHA,QUITO,QUITO,URBANA,2019-08-31,20:30:00,20,SABADO,6,AGOSTO,8,NO,"CONDUCE BAJO LA INFLUENCIA DE ALCOHOL, SUSTANCIAS ESTUPEFACIENTES O PSICOTROPICAS Y/O MEDICAMENTOS.",ESTRELLAMIENTOS,AUTOMOVIL,2,0,0,0,0,0,0,0,0,0,0,0,0,2,45,HOMBRE,ILESO,CONDUCTOR PRESENTE,NO,NO,0
20322,70748,70749,2019,1,0,-0.101956,-78.409454,PICHINCHA,QUITO,CALDERON (CARAPUNGO),RURAL,2019-08-31,20:50:00,20,SABADO,6,AGOSTO,8,NO,"CONDUCE BAJO LA INFLUENCIA DE ALCOHOL, SUSTANCIAS ESTUPEFACIENTES O PSICOTROPICAS Y/O MEDICAMENTOS.",CHOQUE FRONTAL,AUTOMOVIL,1,0,0,0,0,0,0,0,0,0,0,0,1,2,40,HOMBRE,LESIONADO,CONDUCTOR PRESENTE,NO,SI,3
20323,70750,70751,2019,0,0,-0.214031,-78.498858,PICHINCHA,QUITO,QUITO,URBANA,2019-08-31,21:20:00,21,SABADO,6,AGOSTO,8,NO,CONDUCIR VEHICULO SUPERANDO LOS LIMITES MAXIMOS DE VELOCIDAD.,ESTRELLAMIENTOS,AUTOMOVIL,1,0,0,0,0,0,0,0,0,0,0,0,0,1,33,MUJER,ILESO,CONDUCTOR PRESENTE,NO,NO,0
20324,70757,70758,2019,0,0,-0.277624,-78.531251,PICHINCHA,QUITO,QUITO,URBANA,2019-08-31,23:15:00,23,SABADO,6,AGOSTO,8,NO,"CONDUCE BAJO LA INFLUENCIA DE ALCOHOL, SUSTANCIAS ESTUPEFACIENTES O PSICOTROPICAS Y/O MEDICAMENTOS.",COLISION,AUTOMOVIL,3,0,0,0,1,0,0,0,0,0,0,0,0,4,52,HOMBRE,ILESO,CONDUCTOR PRESENTE,NO,NO,0
20325,70758,70759,2019,1,0,-0.497404,-78.571798,PICHINCHA,MEJIA,MACHACHI,RURAL,2019-08-31,23:25:00,23,SABADO,6,AGOSTO,8,NO,"CONDUCIR DESATENTO A LAS CONDICIONES DE TRANSITO (CELULAR, PANTALLAS DE VIDEO, COMIDA, MAQUILLAJE O CUALQUIER OTRO ELEMENTO DISTRACTOR).",PERDIDA DE PISTA,AUTOMOVIL,1,0,0,0,0,0,0,0,0,0,0,0,0,1,24,HOMBRE,LESIONADO,PASAJERO,NO,SI,3
20326,70764,70765,2019,0,1,-0.102365,-78.490629,PICHINCHA,QUITO,QUITO,URBANA,2019-09-01,01:30:00,1,DOMINGO,7,SEPTIEMBRE,9,NO,NO CEDER EL DERECHO DE VIA O PREFERENCIA DE PASO AL PEATON.,ATROPELLOS,NO IDENTIFICADO,0,0,0,0,0,0,0,0,0,1,0,0,0,1,45,HOMBRE,FALLECIDO,PEATON,NO,NO,0
20327,70767,70768,2019,2,0,-0.355609,-78.548711,PICHINCHA,QUITO,QUITO,URBANA,2019-09-01,02:00:00,2,DOMINGO,7,SEPTIEMBRE,9,NO,CONDUCIR VEHICULO SUPERANDO LOS LIMITES MAXIMOS DE VELOCIDAD.,VOLCAMIENTOS,CAMION,0,0,0,1,0,0,0,0,0,0,0,0,0,1,26,HOMBRE,LESIONADO,PASAJERO,NO,NO,0
20328,70772,70773,2019,0,0,-0.287151,-78.467438,PICHINCHA,QUITO,CONOCOTO,URBANA,2019-09-01,03:00:00,3,DOMINGO,7,SEPTIEMBRE,9,NO,"CONDUCIR DESATENTO A LAS CONDICIONES DE TRANSITO (CELULAR, PANTALLAS DE VIDEO, COMIDA, MAQUILLAJE O CUALQUIER OTRO ELEMENTO DISTRACTOR).",PERDIDA DE CARRIL,AUTOMOVIL,1,0,0,0,0,0,0,0,0,0,0,0,0,1,-1,NO IDENTIFICADO,NO IDENTIFICADO,CONDUCTOR AUSENTE,NO,SI,2
20329,70774,70775,2019,1,0,-0.313774,-78.522136,PICHINCHA,QUITO,QUITO,URBANA,2019-09-01,03:18:00,3,DOMINGO,7,SEPTIEMBRE,9,NO,"CONDUCIR EN ESTADO DE SOMNOLENCIA O MALAS CONDICIONES FISICAS (SUENIO, CANSANCIO Y FATIGA).",ESTRELLAMIENTOS,CAMION,0,0,0,1,0,0,0,0,1,0,0,0,0,2,31,HOMBRE,LESIONADO,CONDUCTOR PRESENTE,NO,NO,0
20330,70785,70786,2019,0,0,-0.164052,-78.471665,PICHINCHA,QUITO,QUITO,URBANA,2019-09-01,05:30:00,5,DOMINGO,7,SEPTIEMBRE,9,NO,"CONDUCE BAJO LA INFLUENCIA DE ALCOHOL, SUSTANCIAS ESTUPEFACIENTES O PSICOTROPICAS Y/O MEDICAMENTOS.",CHOQUE LATERAL,AUTOMOVIL,2,0,0,0,0,0,0,0,0,0,0,0,0,2,41,HOMBRE,ILESO,CONDUCTOR PRESENTE,NO,NO,0
20331,70790,70791,2019,1,0,-0.092556,-78.471472,PICHINCHA,QUITO,QUITO,URBANA,2019-09-01,06:00:00,6,DOMINGO,7,SEPTIEMBRE,9,NO,"CONDUCE BAJO LA INFLUENCIA DE ALCOHOL, SUSTANCIAS ESTUPEFACIENTES O PSICOTROPICAS Y/O MEDICAMENTOS.",CHOQUE LATERAL,AUTOMOVIL,1,0,0,0,0,0,0,0,1,0,0,0,0,2,26,HOMBRE,LESIONADO,CONDUCTOR PRESENTE,NO,NO,0
20332,70796,70797,2019,0,0,-0.277942,-78.547869,PICHINCHA,QUITO,QUITO,URBANA,2019-09-01,06:30:00,6,DOMINGO,7,SEPTIEMBRE,9,NO,CONDUCIR VEHICULO SUPERANDO LOS LIMITES MAXIMOS DE VELOCIDAD.,ESTRELLAMIENTOS,AUTOMOVIL,1,0,0,0,0,0,0,0,0,0,0,0,0,1,-1,NO IDENTIFICADO,NO IDENTIFICADO,CONDUCTOR AUSENTE,NO,NO,2
20333,70797,70798,2019,0,0,-0.198855,-78.436693,PICHINCHA,QUITO,CUMBAYA,RURAL,2019-09-01,06:40:00,6,DOMINGO,7,SEPTIEMBRE,9,NO,CONDUCIR VEHICULO SUPERANDO LOS LIMITES MAXIMOS DE VELOCIDAD.,ESTRELLAMIENTOS,AUTOMOVIL,1,0,0,0,0,0,0,0,0,0,0,0,0,1,-1,NO IDENTIFICADO,NO IDENTIFICADO,CONDUCTOR AUSENTE,NO,NO,2
20334,70806,70807,2019,1,0,-0.255497,-78.541508,PICHINCHA,QUITO,QUITO,URBANA,2019-09-01,10:40:00,10,DOMINGO,7,SEPTIEMBRE,9,NO,CONDUCIR VEHICULO SUPERANDO LOS LIMITES MAXIMOS DE VELOCIDAD.,PERDIDA DE CARRIL,NO IDENTIFICADO,0,0,0,0,0,0,0,0,0,1,0,0,0,1,29,HOMBRE,LESIONADO,PASAJERO,NO,NO,0
20335,70820,70821,2019,1,0,-0.273202,-78.552353,PICHINCHA,QUITO,QUITO,URBANA,2019-09-01,14:50:00,14,DOMINGO,7,SEPTIEMBRE,9,NO,NO MANTENER LA DISTANCIA PRUDENCIAL CON RESPECTO AL VEHICULO QUE LE ANTECEDE.,CHOQUE POSTERIOR,CAMIONETA,0,0,0,0,1,0,0,0,1,0,0,0,0,2,20,HOMBRE,LESIONADO,CONDUCTOR PRESENTE,NO,NO,0
20336,70835,70836,2019,0,1,-0.150393,-78.453592,PICHINCHA,QUITO,QUITO,URBANA,2019-09-01,18:25:00,18,DOMINGO,7,SEPTIEMBRE,9,NO,NO CEDER EL DERECHO DE VIA O PREFERENCIA DE PASO AL PEATON.,ATROPELLOS,AUTOMOVIL,2,0,0,0,1,0,0,0,0,0,0,0,0,3,47,HOMBRE,FALLECIDO,PEATON,NO,NO,0
20337,70841,70842,2019,0,2,-0.298676,-78.522848,PICHINCHA,QUITO,QUITO,URBANA,2019-09-01,20:00:00,20,DOMINGO,7,SEPTIEMBRE,9,NO,NO GUARDAR LA DISTANCIA LATERAL MINIMA DE SEGURIDAD ENTRE VEHICULOS.,CHOQUE LATERAL,MOTOCICLETA,1,0,0,0,0,0,0,0,1,0,0,0,0,2,30,MUJER,FALLECIDO,PASAJERO,NO,NO,0
20338,70849,70850,2019,0,0,-0.307923,-78.545151,PICHINCHA,QUITO,QUITO,URBANA,2019-09-01,22:00:00,22,DOMINGO,7,SEPTIEMBRE,9,NO,CONDUCIR VEHICULO SUPERANDO LOS LIMITES MAXIMOS DE VELOCIDAD.,ESTRELLAMIENTOS,AUTOMOVIL,1,0,0,0,0,0,0,0,0,1,0,0,0,2,40,HOMBRE,ILESO,CONDUCTOR PRESENTE,NO,NO,0
20339,70857,70858,2019,0,0,-0.293117,-78.477928,PICHINCHA,QUITO,CONOCOTO,RURAL,2019-09-02,06:25:00,6,LUNES,1,SEPTIEMBRE,9,NO,"NO RESPETAR LAS SENIALES REGLAMENTARIAS DE TRANSITO. (PARE, CEDA EL PASO, LUZ ROJA DEL SEMAFORO, ETC).",CHOQUE LATERAL,AUTOMOVIL,2,0,0,0,0,0,0,0,0,0,0,0,0,2,30,MUJER,ILESO,CONDUCTOR PRESENTE,NO,NO,3
20340,70865,70866,2019,1,0,-0.099083,-78.411844,PICHINCHA,QUITO,CALDERON (CARAPUNGO),RURAL,2019-09-02,08:05:00,8,LUNES,1,SEPTIEMBRE,9,NO,"NO RESPETAR LAS SENIALES REGLAMENTARIAS DE TRANSITO. (PARE, CEDA EL PASO, LUZ ROJA DEL SEMAFORO, ETC).",ESTRELLAMIENTOS,AUTOMOVIL,1,0,0,0,0,0,0,0,0,1,0,0,0,2,37,HOMBRE,LESIONADO,CONDUCTOR PRESENTE,NO,NO,3
20341,70869,70870,2019,1,0,-0.133311,-78.481911,PICHINCHA,QUITO,QUITO,URBANA,2019-09-02,08:40:00,8,LUNES,1,SEPTIEMBRE,9,NO,CONDUCIR VEHICULO SUPERANDO LOS LIMITES MAXIMOS DE VELOCIDAD.,ATROPELLOS,AUTOMOVIL,1,0,1,0,0,0,0,0,0,0,0,0,0,2,40,MUJER,LESIONADO,PEATON,NO,NO,0
20342,70871,70872,2019,1,0,-0.279126,-78.558722,PICHINCHA,QUITO,QUITO,URBANA,2019-09-02,09:00:00,9,LUNES,1,SEPTIEMBRE,9,NO,"NO RESPETAR LAS SENIALES REGLAMENTARIAS DE TRANSITO. (PARE, CEDA EL PASO, LUZ ROJA DEL SEMAFORO, ETC).",ATROPELLOS,NO IDENTIFICADO,0,0,0,0,0,0,0,0,0,1,0,0,0,1,27,HOMBRE,LESIONADO,PEATON,NO,NO,0
20343,70872,70873,2019,0,1,-0.201149,-78.488775,PICHINCHA,QUITO,QUITO,URBANA,2019-09-02,09:30:00,9,LUNES,1,SEPTIEMBRE,9,NO,PEATON QUE CRUZA LA CALZADA SIN RESPETAR LA SENIALIZACION EXISTENTE (SEMAFOROS O SENIALES MANUALES).,ATROPELLOS,CAMIONETA,0,0,0,0,1,0,0,0,0,0,0,0,0,1,79,MUJER,FALLECIDO,PEATON,NO,NO,0
20344,70875,70876,2019,0,1,-0.207617,-78.509236,PICHINCHA,QUITO,QUITO,URBANA,2019-09-02,11:40:00,11,LUNES,1,SEPTIEMBRE,9,NO,NO CEDER EL DERECHO DE VIA O PREFERENCIA DE PASO AL PEATON.,ARROLLAMIENTOS,CAMION,0,0,0,1,0,0,0,0,0,0,0,0,0,1,88,MUJER,FALLECIDO,PEATON,NO,NO,0
20345,70880,70881,2019,0,0,-0.190933,-78.480366,PICHINCHA,QUITO,QUITO,URBANA,2019-09-02,12:05:00,12,LUNES,1,SEPTIEMBRE,9,NO,NO GUARDAR LA DISTANCIA LATERAL MINIMA DE SEGURIDAD ENTRE VEHICULOS.,CHOQUE LATERAL,AUTOMOVIL,2,0,0,0,1,0,0,0,0,0,0,0,0,3,51,HOMBRE,ILESO,CONDUCTOR PRESENTE,NO,NO,0
20346,70888,70889,2019,0,0,-0.238726,-78.518937,PICHINCHA,QUITO,QUITO,URBANA,2019-09-02,14:20:00,14,LUNES,1,SEPTIEMBRE,9,NO,"NO RESPETAR LAS SENIALES REGLAMENTARIAS DE TRANSITO. (PARE, CEDA EL PASO, LUZ ROJA DEL SEMAFORO, ETC).",CHOQUE LATERAL,AUTOMOVIL,2,0,0,0,0,0,0,0,0,0,0,0,0,2,42,HOMBRE,ILESO,CONDUCTOR PRESENTE,NO,NO,0
20347,70893,70894,2019,0,0,-0.327284,-78.550355,PICHINCHA,QUITO,QUITO,URBANA,2019-09-02,15:30:00,15,LUNES,1,SEPTIEMBRE,9,NO,CONDUCIR VEHICULO SUPERANDO LOS LIMITES MAXIMOS DE VELOCIDAD.,OTROS,CAMION,1,0,0,1,0,0,0,0,0,0,0,0,0,2,38,MUJER,ILESO,CONDUCTOR PRESENTE,NO,NO,0
20348,70896,70897,2019,0,0,-0.171446,-78.473788,PICHINCHA,QUITO,QUITO,URBANA,2019-09-02,16:10:00,16,LUNES,1,SEPTIEMBRE,9,NO,CONDUCIR VEHICULO SUPERANDO LOS LIMITES MAXIMOS DE VELOCIDAD.,CHOQUE LATERAL,AUTOMOVIL,2,0,0,0,0,0,0,0,0,0,0,0,0,2,19,HOMBRE,ILESO,CONDUCTOR PRESENTE,NO,NO,0
20349,70903,70904,2019,1,0,-0.241325,-78.525175,PICHINCHA,QUITO,QUITO,URBANA,2019-09-02,18:00:00,18,LUNES,1,SEPTIEMBRE,9,NO,CONDUCIR VEHICULO SUPERANDO LOS LIMITES MAXIMOS DE VELOCIDAD.,CHOQUE FRONTAL,MOTOCICLETA,1,0,0,0,0,0,0,0,1,0,0,0,0,2,29,HOMBRE,LESIONADO,CONDUCTOR PRESENTE,NO,NO,0
20350,70907,70908,2019,2,0,-0.206346,-78.499574,PICHINCHA,QUITO,QUITO,RURAL,2019-09-02,19:00:00,19,LUNES,1,SEPTIEMBRE,9,NO,"NO RESPETAR LAS SENIALES REGLAMENTARIAS DE TRANSITO. (PARE, CEDA EL PASO, LUZ ROJA DEL SEMAFORO, ETC).",CHOQUE LATERAL,AUTOMOVIL,1,0,0,0,0,0,0,0,1,0,0,0,0,2,66,MUJER,LESIONADO,CONDUCTOR PRESENTE,NO,NO,3
20351,70916,70917,2019,1,0,-0.244634,-78.510901,PICHINCHA,QUITO,QUITO,URBANA,2019-09-02,20:20:00,20,LUNES,1,SEPTIEMBRE,9,NO,NO CEDER EL DERECHO DE VIA O PREFERENCIA DE PASO AL PEATON.,ATROPELLOS,NO IDENTIFICADO,0,0,0,0,0,0,0,0,0,1,0,0,0,1,51,HOMBRE,LESIONADO,PEATON,NO,NO,0
20352,70924,70925,2019,0,0,-0.129944,-78.469461,PICHINCHA,QUITO,QUITO,URBANA,2019-09-03,06:40:00,6,MARTES,2,SEPTIEMBRE,9,NO,"CONDUCE BAJO LA INFLUENCIA DE ALCOHOL, SUSTANCIAS ESTUPEFACIENTES O PSICOTROPICAS Y/O MEDICAMENTOS.",CHOQUE LATERAL,AUTOMOVIL,2,0,0,0,0,0,0,0,0,0,0,0,0,2,47,HOMBRE,ILESO,CONDUCTOR PRESENTE,NO,NO,0
20353,70932,70933,2019,1,0,-0.091585,-78.439052,PICHINCHA,QUITO,CALDERON (CARAPUNGO),RURAL,2019-09-03,08:19:00,8,MARTES,2,SEPTIEMBRE,9,NO,NO GUARDAR LA DISTANCIA LATERAL MINIMA DE SEGURIDAD ENTRE VEHICULOS.,CHOQUE LATERAL,BUS,0,0,1,0,0,0,0,0,1,0,0,0,0,2,22,HOMBRE,LESIONADO,CONDUCTOR PRESENTE,NO,NO,3
20354,70936,70937,2019,0,0,-0.061049,-78.511143,PICHINCHA,QUITO,NONO,URBANA,2019-09-03,08:40:00,8,MARTES,2,SEPTIEMBRE,9,NO,REALIZAR CAMBIO BRUSCO O INDEBIDO DE CARRIL.,CHOQUE LATERAL,CAMION,1,0,0,1,0,0,0,0,0,0,0,0,0,2,44,HOMBRE,ILESO,CONDUCTOR PRESENTE,NO,NO,0
20355,70938,70939,2019,1,0,-0.295452,-78.555062,PICHINCHA,QUITO,QUITO,URBANA,2019-09-03,09:55:00,9,MARTES,2,SEPTIEMBRE,9,NO,NO CEDER EL DERECHO DE VIA O PREFERENCIA DE PASO AL PEATON.,ATROPELLOS,NO IDENTIFICADO,0,0,0,0,0,0,0,0,0,1,0,0,0,1,19,MUJER,LESIONADO,PEATON,NO,NO,0
20356,70940,70941,2019,1,0,-0.171497,-78.490692,PICHINCHA,QUITO,QUITO,URBANA,2019-09-03,10:15:00,10,MARTES,2,SEPTIEMBRE,9,NO,NO CEDER EL DERECHO DE VIA O PREFERENCIA DE PASO AL PEATON.,ATROPELLOS,AUTOMOVIL,1,0,0,0,0,0,0,0,0,0,0,0,0,1,28,MUJER,LESIONADO,PEATON,NO,NO,0
20357,70941,70942,2019,1,0,-0.245245,-78.513953,PICHINCHA,QUITO,QUITO,URBANA,2019-09-03,10:30:00,10,MARTES,2,SEPTIEMBRE,9,NO,NO TRANSITAR POR LAS ACERAS O ZONAS DE SEGURIDAD DESTINADAS PARA EL EFECTO.,ATROPELLOS,AUTOMOVIL,1,0,0,0,0,0,0,0,0,0,0,0,0,1,6,HOMBRE,LESIONADO,PEATON,NO,NO,0
20358,70944,70945,2019,0,0,-0.299015,-78.531528,PICHINCHA,QUITO,QUITO,URBANA,2019-09-03,11:40:00,11,MARTES,2,SEPTIEMBRE,9,NO,"CONDUCE BAJO LA INFLUENCIA DE ALCOHOL, SUSTANCIAS ESTUPEFACIENTES O PSICOTROPICAS Y/O MEDICAMENTOS.",CHOQUE LATERAL,CAMIONETA,1,0,0,0,1,0,0,0,0,0,0,0,0,2,46,HOMBRE,ILESO,CONDUCTOR PRESENTE,NO,NO,0
20359,70948,70949,2019,0,0,-0.175234,-78.500971,PICHINCHA,QUITO,QUITO,URBANA,2019-09-03,14:00:00,14,MARTES,2,SEPTIEMBRE,9,NO,NO MANTENER LA DISTANCIA PRUDENCIAL CON RESPECTO AL VEHICULO QUE LE ANTECEDE.,CHOQUE POSTERIOR,AUTOMOVIL,2,0,0,0,0,0,0,0,0,0,0,0,0,2,56,HOMBRE,ILESO,CONDUCTOR PRESENTE,NO,NO,0
20360,70951,70952,2019,1,0,-0.176466,-78.485731,PICHINCHA,QUITO,QUITO,URBANA,2019-09-03,15:00:00,15,MARTES,2,SEPTIEMBRE,9,NO,"NO RESPETAR LAS SENIALES REGLAMENTARIAS DE TRANSITO. (PARE, CEDA EL PASO, LUZ ROJA DEL SEMAFORO, ETC).",CHOQUE LATERAL,MOTOCICLETA,0,0,1,0,0,0,0,0,1,0,0,0,0,2,46,HOMBRE,LESIONADO,CONDUCTOR PRESENTE,NO,NO,0