,Unnamed: 0,ID,ANIO,LESIONADOS,FALLECIDOS,LATITUD_Y,LONGITUD_X,PROVINCIA,CANTON,PARROQUIA,ZONA,FECHA,HORA,PERIODO_2,DIA_1,DIA_2,MES_1,MES_2,FERIADO,CAUSA_PROBABLE,TIPO_DE_SINIESTRO,TIPO_DE_VEHICULO_1,AUTOMOVIL,BICICLETA,BUS,CAMION,CAMIONETA,EMERGENCIAS,ESPECIAL,FURGONETA,MOTOCICLETA,NO_IDENTIFICADO,SCOOTER_ELECTRICO,TRICIMOTO,VEHICULO_DEPORTIVO_UTILITARIO,SUMA_DE_VEHICULOS,EDAD_1,SEXO_1,CONDICION_1,PARTICIPANTE_1,CASCO_1,CINTURON_1,KMeans_Cluster
20418,71240,71241,2019,0,0,-0.162785,-78.483222,PICHINCHA,QUITO,QUITO,URBANA,2019-09-07,20:45:00,20,SABADO,6,SEPTIEMBRE,9,NO,NO MANTENER LA DISTANCIA PRUDENCIAL CON RESPECTO AL VEHICULO QUE LE ANTECEDE.,CHOQUE POSTERIOR,AUTOMOVIL,1,0,0,0,1,0,0,0,0,0,0,0,0,2,27,MUJER,ILESO,CONDUCTOR PRESENTE,NO,NO,0
20419,71243,71244,2019,0,0,-0.128541,-78.487481,PICHINCHA,QUITO,QUITO,URBANA,2019-09-07,21:20:00,21,SABADO,6,SEPTIEMBRE,9,NO,"CONDUCE BAJO LA INFLUENCIA DE ALCOHOL, SUSTANCIAS ESTUPEFACIENTES O PSICOTROPICAS Y/O MEDICAMENTOS.",COLISION,AUTOMOVIL,2,0,0,0,1,0,0,0,0,0,0,0,0,3,21,HOMBRE,ILESO,CONDUCTOR PRESENTE,NO,NO,0
20420,71244,71245,2019,0,0,-0.120424,-78.415686,PICHINCHA,QUITO,CALDERON (CARAPUNGO),RURAL,2019-09-07,21:22:00,21,SABADO,6,SEPTIEMBRE,9,NO,"CONDUCE BAJO LA INFLUENCIA DE ALCOHOL, SUSTANCIAS ESTUPEFACIENTES O PSICOTROPICAS Y/O MEDICAMENTOS.",CHOQUE POSTERIOR,AUTOMOVIL,2,0,0,0,0,0,0,0,0,0,0,0,0,2,36,HOMBRE,ILESO,CONDUCTOR PRESENTE,NO,NO,3
20421,71247,71248,2019,0,0,-0.201637,-78.497839,PICHINCHA,QUITO,QUITO,URBANA,2019-09-07,21:45:00,21,SABADO,6,SEPTIEMBRE,9,NO,"CONDUCE BAJO LA INFLUENCIA DE ALCOHOL, SUSTANCIAS ESTUPEFACIENTES O PSICOTROPICAS Y/O MEDICAMENTOS.",CHOQUE FRONTAL,AUTOMOVIL,2,0,0,0,0,0,0,0,0,0,0,0,0,2,32,HOMBRE,ILESO,CONDUCTOR PRESENTE,NO,NO,0
20422,71248,71249,2019,0,0,-0.129856,-78.309284,PICHINCHA,QUITO,CHECA (CHILPA),RURAL,2019-09-07,22:20:00,22,SABADO,6,SEPTIEMBRE,9,NO,"CONDUCE BAJO LA INFLUENCIA DE ALCOHOL, SUSTANCIAS ESTUPEFACIENTES O PSICOTROPICAS Y/O MEDICAMENTOS.",CHOQUE POSTERIOR,AUTOMOVIL,1,0,0,0,0,0,0,0,0,0,0,0,0,1,34,HOMBRE,ILESO,CONDUCTOR PRESENTE,NO,SI,3
20423,71251,71252,2019,0,0,-0.247827,-78.526114,PICHINCHA,QUITO,QUITO,URBANA,2019-09-07,22:50:00,22,SABADO,6,SEPTIEMBRE,9,NO,CONDUCIR VEHICULO SUPERANDO LOS LIMITES MAXIMOS DE VELOCIDAD.,PERDIDA DE CARRIL,MOTOCICLETA,0,0,0,0,0,0,0,0,1,0,0,0,0,1,-1,NO IDENTIFICADO,NO IDENTIFICADO,CONDUCTOR AUSENTE,NO,NO,2
20424,71260,71261,2019,0,1,-0.052627,-78.349196,PICHINCHA,QUITO,GUAYLLABAMBA,RURAL,2019-09-08,01:25:00,1,DOMINGO,7,SEPTIEMBRE,9,NO,"CONDUCIR DESATENTO A LAS CONDICIONES DE TRANSITO (CELULAR, PANTALLAS DE VIDEO, COMIDA, MAQUILLAJE O CUALQUIER OTRO ELEMENTO DISTRACTOR).",ESTRELLAMIENTOS,CAMION,0,0,0,1,0,0,0,0,0,0,0,0,0,1,45,HOMBRE,FALLECIDO,CONDUCTOR PRESENTE,NO,SI,3
20425,71261,71262,2019,0,0,-0.190265,-78.481543,PICHINCHA,QUITO,QUITO,URBANA,2019-09-08,01:30:00,1,DOMINGO,7,SEPTIEMBRE,9,NO,"NO RESPETAR LAS SENIALES REGLAMENTARIAS DE TRANSITO. (PARE, CEDA EL PASO, LUZ ROJA DEL SEMAFORO, ETC).",OTROS,AUTOMOVIL,1,0,0,0,0,0,0,0,0,0,0,0,0,1,-1,NO IDENTIFICADO,NO IDENTIFICADO,CONDUCTOR AUSENTE,NO,NO,2
20426,71272,71273,2019,0,0,-0.215383,-78.341486,PICHINCHA,QUITO,PIFO,RURAL,2019-09-08,04:50:00,4,DOMINGO,7,SEPTIEMBRE,9,NO,CONDUCIR VEHICULO SUPERANDO LOS LIMITES MAXIMOS DE VELOCIDAD.,ESTRELLAMIENTOS,AUTOMOVIL,2,0,0,0,0,0,0,0,0,0,0,0,0,2,-1,NO IDENTIFICADO,NO IDENTIFICADO,CONDUCTOR AUSENTE,NO,NO,2
20427,71277,71278,2019,0,0,-0.241875,-78.506677,PICHINCHA,QUITO,QUITO,URBANA,2019-09-08,05:10:00,5,DOMINGO,7,SEPTIEMBRE,9,NO,CONDUCIR VEHICULO SUPERANDO LOS LIMITES MAXIMOS DE VELOCIDAD.,ESTRELLAMIENTOS,AUTOMOVIL,1,0,0,0,0,0,0,0,0,0,0,0,0,1,-1,NO IDENTIFICADO,NO IDENTIFICADO,CONDUCTOR AUSENTE,NO,NO,2
20428,71283,71284,2019,0,1,-0.244435,-78.482091,PICHINCHA,QUITO,QUITO,RURAL,2019-09-08,07:10:00,7,DOMINGO,7,SEPTIEMBRE,9,NO,CONDUCIR VEHICULO SUPERANDO LOS LIMITES MAXIMOS DE VELOCIDAD.,ESTRELLAMIENTOS,MOTOCICLETA,0,0,0,0,0,0,0,0,1,0,0,0,0,1,34,HOMBRE,FALLECIDO,CONDUCTOR PRESENTE,NO,NO,3
20429,71290,71291,2019,1,1,-0.245841,-78.582313,PICHINCHA,QUITO,LLOA,RURAL,2019-09-08,11:15:00,11,DOMINGO,7,SEPTIEMBRE,9,NO,CONDUCIR EN SENTIDO CONTRARIO A LA VIA NORMAL DE CIRCULACION.,OTROS,AUTOMOVIL,2,0,0,0,0,0,0,0,1,0,0,0,0,3,36,MUJER,FALLECIDO,PASAJERO,NO,NO,3
20430,71292,71293,2019,0,0,-0.314713,-78.537168,PICHINCHA,QUITO,QUITO,URBANA,2019-09-08,11:30:00,11,DOMINGO,7,SEPTIEMBRE,9,NO,CONDUCIR VEHICULO SUPERANDO LOS LIMITES MAXIMOS DE VELOCIDAD.,ESTRELLAMIENTOS,AUTOMOVIL,1,0,0,0,0,0,0,0,0,0,0,0,0,1,-1,NO IDENTIFICADO,NO IDENTIFICADO,CONDUCTOR AUSENTE,NO,NO,2
20431,71294,71295,2019,0,0,-0.242475,-78.497488,PICHINCHA,QUITO,QUITO,URBANA,2019-09-08,12:40:00,12,DOMINGO,7,SEPTIEMBRE,9,NO,NO CEDER EL DERECHO DE VIA O PREFERENCIA DE PASO A VEHICULOS.,ESTRELLAMIENTOS,AUTOMOVIL,1,0,0,0,0,0,0,0,0,0,0,0,0,1,-1,NO IDENTIFICADO,NO IDENTIFICADO,CONDUCTOR AUSENTE,NO,NO,2
20432,71295,71296,2019,0,0,-0.265732,-78.507397,PICHINCHA,QUITO,QUITO,URBANA,2019-09-08,12:57:00,12,DOMINGO,7,SEPTIEMBRE,9,NO,NO GUARDAR LA DISTANCIA LATERAL MINIMA DE SEGURIDAD ENTRE VEHICULOS.,CHOQUE LATERAL,AUTOMOVIL,2,0,0,0,0,0,0,0,0,0,0,0,0,2,40,MUJER,ILESO,CONDUCTOR PRESENTE,NO,NO,0
20433,71300,71301,2019,4,0,-0.150393,-78.453592,PICHINCHA,QUITO,QUITO,RURAL,2019-09-08,13:50:00,13,DOMINGO,7,SEPTIEMBRE,9,NO,"NO RESPETAR LAS SENIALES REGLAMENTARIAS DE TRANSITO. (PARE, CEDA EL PASO, LUZ ROJA DEL SEMAFORO, ETC).",CHOQUE FRONTAL,AUTOMOVIL,2,0,0,0,0,0,0,0,0,0,0,0,0,2,45,HOMBRE,LESIONADO,CONDUCTOR PRESENTE,NO,NO,3
20434,71302,71303,2019,0,0,-0.057874,-78.455604,PICHINCHA,QUITO,POMASQUI,URBANA,2019-09-08,14:30:00,14,DOMINGO,7,SEPTIEMBRE,9,NO,"CONDUCIR DESATENTO A LAS CONDICIONES DE TRANSITO (CELULAR, PANTALLAS DE VIDEO, COMIDA, MAQUILLAJE O CUALQUIER OTRO ELEMENTO DISTRACTOR).",PERDIDA DE PISTA,MOTOCICLETA,0,0,0,0,0,0,0,0,1,0,0,0,0,1,30,HOMBRE,ILESO,CONDUCTOR PRESENTE,NO,SI,0
20435,71303,71304,2019,1,0,-0.288772,-78.566601,PICHINCHA,QUITO,QUITO,URBANA,2019-09-08,15:10:00,15,DOMINGO,7,SEPTIEMBRE,9,NO,NO CEDER EL DERECHO DE VIA O PREFERENCIA DE PASO A VEHICULOS.,CHOQUE LATERAL,AUTOMOVIL,1,0,0,0,0,0,0,0,1,0,0,0,0,2,30,HOMBRE,LESIONADO,CONDUCTOR PRESENTE,NO,NO,0
20436,71316,71317,2019,3,0,-0.101523,-78.486498,PICHINCHA,QUITO,QUITO,URBANA,2019-09-08,17:30:00,17,DOMINGO,7,SEPTIEMBRE,9,NO,NO TRANSITAR POR LAS ACERAS O ZONAS DE SEGURIDAD DESTINADAS PARA EL EFECTO.,ATROPELLOS,AUTOMOVIL,1,0,0,0,0,0,0,0,0,0,0,0,0,1,18,MUJER,LESIONADO,PEATON,NO,NO,0
20437,71317,71318,2019,1,0,-0.242681,-78.497364,PICHINCHA,QUITO,QUITO,URBANA,2019-09-08,17:45:00,17,DOMINGO,7,SEPTIEMBRE,9,NO,NO TRANSITAR POR LAS ACERAS O ZONAS DE SEGURIDAD DESTINADAS PARA EL EFECTO.,ATROPELLOS,AUTOMOVIL,1,0,0,0,0,0,0,0,0,0,0,0,0,1,79,HOMBRE,LESIONADO,CONDUCTOR PRESENTE,NO,NO,0
20438,71333,71334,2019,0,0,-0.290728,-78.560681,PICHINCHA,QUITO,QUITO,URBANA,2019-09-08,20:30:00,20,DOMINGO,7,SEPTIEMBRE,9,NO,CONDUCIR VEHICULO SUPERANDO LOS LIMITES MAXIMOS DE VELOCIDAD.,OTROS,AUTOMOVIL,1,0,0,1,0,0,0,0,0,0,0,0,0,2,70,HOMBRE,ILESO,CONDUCTOR PRESENTE,NO,NO,0
20439,71334,71335,2019,0,1,-0.380811,-78.531249,PICHINCHA,MEJIA,CUTUGLAHUA,RURAL,2019-09-08,21:05:00,21,DOMINGO,7,SEPTIEMBRE,9,NO,NO TRANSITAR POR LAS ACERAS O ZONAS DE SEGURIDAD DESTINADAS PARA EL EFECTO.,ATROPELLOS,NO IDENTIFICADO,0,0,0,0,0,0,0,0,0,1,0,0,0,1,70,HOMBRE,FALLECIDO,PEATON,NO,SI,3
20440,71337,71338,2019,0,0,-0.065942,-78.416251,PICHINCHA,QUITO,CALDERON (CARAPUNGO),RURAL,2019-09-08,23:00:00,23,DOMINGO,7,SEPTIEMBRE,9,NO,"NO RESPETAR LAS SENIALES REGLAMENTARIAS DE TRANSITO. (PARE, CEDA EL PASO, LUZ ROJA DEL SEMAFORO, ETC).",ESTRELLAMIENTOS,AUTOMOVIL,1,0,0,0,0,0,0,0,0,0,0,0,0,1,-1,NO IDENTIFICADO,NO IDENTIFICADO,CONDUCTOR AUSENTE,NO,NO,2
20441,71338,71339,2019,1,0,-0.299015,-78.531528,PICHINCHA,QUITO,QUITO,URBANA,2019-09-08,23:10:00,23,DOMINGO,7,SEPTIEMBRE,9,NO,NO TRANSITAR POR LAS ACERAS O ZONAS DE SEGURIDAD DESTINADAS PARA EL EFECTO.,ATROPELLOS,NO IDENTIFICADO,0,0,0,0,0,0,0,0,0,1,0,0,0,1,29,HOMBRE,LESIONADO,PEATON,NO,NO,0
20442,71343,71344,2019,0,0,-0.263657,-78.545947,PICHINCHA,QUITO,QUITO,URBANA,2019-09-09,01:10:00,1,LUNES,1,SEPTIEMBRE,9,NO,"NO RESPETAR LAS SENIALES REGLAMENTARIAS DE TRANSITO. (PARE, CEDA EL PASO, LUZ ROJA DEL SEMAFORO, ETC).",ESTRELLAMIENTOS,AUTOMOVIL,1,0,0,0,0,0,0,0,0,0,0,0,0,1,-1,NO IDENTIFICADO,NO IDENTIFICADO,CONDUCTOR AUSENTE,NO,NO,2
20443,71344,71345,2019,2,0,-0.294768,-78.559281,PICHINCHA,QUITO,QUITO,URBANA,2019-09-09,03:45:00,3,LUNES,1,SEPTIEMBRE,9,NO,REALIZAR CAMBIO BRUSCO O INDEBIDO DE CARRIL.,CHOQUE LATERAL,BUS,1,0,1,0,0,0,0,0,0,0,0,0,0,2,28,HOMBRE,LESIONADO,PASAJERO,NO,NO,0
20444,71346,71347,2019,0,0,-0.205804,-78.493837,PICHINCHA,QUITO,QUITO,URBANA,2019-09-09,06:00:00,6,LUNES,1,SEPTIEMBRE,9,NO,"NO RESPETAR LAS SENIALES REGLAMENTARIAS DE TRANSITO. (PARE, CEDA EL PASO, LUZ ROJA DEL SEMAFORO, ETC).",ESTRELLAMIENTOS,NO IDENTIFICADO,0,0,0,0,0,0,0,0,0,1,0,0,0,1,-1,NO IDENTIFICADO,NO IDENTIFICADO,CONDUCTOR AUSENTE,NO,NO,2
20445,71352,71353,2019,1,0,-0.163664,-78.473052,PICHINCHA,QUITO,QUITO,URBANA,2019-09-09,07:10:00,7,LUNES,1,SEPTIEMBRE,9,NO,NO CEDER EL DERECHO DE VIA O PREFERENCIA DE PASO AL PEATON.,ARROLLAMIENTOS,BUS,0,0,1,0,0,0,0,0,0,0,0,0,0,1,77,HOMBRE,LESIONADO,PEATON,NO,NO,0
20446,71353,71354,2019,0,0,-0.273933,-78.564355,PICHINCHA,QUITO,QUITO,URBANA,2019-09-09,08:00:00,8,LUNES,1,SEPTIEMBRE,9,NO,"NO RESPETAR LAS SENIALES REGLAMENTARIAS DE TRANSITO. (PARE, CEDA EL PASO, LUZ ROJA DEL SEMAFORO, ETC).",CHOQUE LATERAL,AUTOMOVIL,2,0,0,0,0,0,0,0,0,0,0,0,0,2,42,HOMBRE,ILESO,CONDUCTOR PRESENTE,NO,NO,0
20447,71356,71357,2019,1,0,-0.331642,-78.555122,PICHINCHA,QUITO,QUITO,URBANA,2019-09-09,08:50:00,8,LUNES,1,SEPTIEMBRE,9,NO,NO CEDER EL DERECHO DE VIA O PREFERENCIA DE PASO A VEHICULOS.,CHOQUE FRONTAL,AUTOMOVIL,2,0,0,0,0,0,0,0,0,0,0,0,0,2,38,MUJER,LESIONADO,PASAJERO,NO,NO,0
20448,71368,71369,2019,0,0,-0.227116,-78.506847,PICHINCHA,QUITO,QUITO,URBANA,2019-09-09,13:00:00,13,LUNES,1,SEPTIEMBRE,9,NO,NO CEDER EL DERECHO DE VIA O PREFERENCIA DE PASO A VEHICULOS.,ESTRELLAMIENTOS,FURGONETA,1,0,0,0,0,0,0,1,0,0,0,0,0,2,28,HOMBRE,ILESO,CONDUCTOR PRESENTE,NO,NO,0
20449,71370,71371,2019,1,0,-0.244021,-78.496562,PICHINCHA,QUITO,QUITO,URBANA,2019-09-09,13:40:00,13,LUNES,1,SEPTIEMBRE,9,NO,NO CEDER EL DERECHO DE VIA O PREFERENCIA DE PASO A VEHICULOS.,CHOQUE LATERAL,MOTOCICLETA,1,0,0,0,0,0,0,0,1,0,0,0,0,2,22,HOMBRE,LESIONADO,CONDUCTOR PRESENTE,NO,NO,0
20450,71389,71390,2019,1,0,-0.338304,-78.549273,PICHINCHA,QUITO,QUITO,URBANA,2019-09-09,19:30:00,19,LUNES,1,SEPTIEMBRE,9,NO,DEJAR O RECOGER PASAJEROS EN LUGARES NO PERMITIDOS.,CAIDA DE PASAJERO,NO IDENTIFICADO,0,0,0,0,0,0,0,0,0,1,0,0,0,1,11,HOMBRE,LESIONADO,PEATON,NO,NO,0
20451,71391,71392,2019,1,0,-0.099083,-78.421844,PICHINCHA,QUITO,CALDERON (CARAPUNGO),RURAL,2019-09-09,19:55:00,19,LUNES,1,SEPTIEMBRE,9,NO,"CONDUCIR EN ESTADO DE SOMNOLENCIA O MALAS CONDICIONES FISICAS (SUENIO, CANSANCIO Y FATIGA).",ESTRELLAMIENTOS,MOTOCICLETA,0,0,0,0,0,0,0,0,1,0,0,0,0,1,24,HOMBRE,LESIONADO,CONDUCTOR PRESENTE,NO,NO,3
20452,71397,71398,2019,0,0,-0.259451,-78.513159,PICHINCHA,QUITO,QUITO,URBANA,2019-09-09,21:00:00,21,LUNES,1,SEPTIEMBRE,9,NO,"NO RESPETAR LAS SENIALES REGLAMENTARIAS DE TRANSITO. (PARE, CEDA EL PASO, LUZ ROJA DEL SEMAFORO, ETC).",ESTRELLAMIENTOS,AUTOMOVIL,2,0,0,0,0,0,0,0,0,0,0,0,0,2,-1,NO IDENTIFICADO,NO IDENTIFICADO,CONDUCTOR AUSENTE,NO,NO,2
20453,71400,71401,2019,0,0,-0.144229,-78.469533,PICHINCHA,QUITO,QUITO,URBANA,2019-09-10,01:00:00,1,MARTES,2,SEPTIEMBRE,9,NO,CONDUCIR VEHICULO SUPERANDO LOS LIMITES MAXIMOS DE VELOCIDAD.,CHOQUE LATERAL,AUTOMOVIL,1,0,0,0,1,0,0,0,0,0,0,0,0,2,36,HOMBRE,ILESO,CONDUCTOR PRESENTE,NO,NO,0
20454,71404,71405,2019,0,1,-0.328479,-78.522294,PICHINCHA,QUITO,QUITO,URBANA,2019-09-10,05:35:00,5,MARTES,2,SEPTIEMBRE,9,NO,NO CEDER EL DERECHO DE VIA O PREFERENCIA DE PASO AL PEATON.,ATROPELLOS,NO IDENTIFICADO,0,0,0,0,0,0,0,0,0,1,0,0,0,1,-1,NO IDENTIFICADO,FALLECIDO,PEATON,NO,NO,0
20455,71406,71407,2019,0,1,-0.379176,-78.531049,PICHINCHA,MEJIA,CUTUGLAHUA,RURAL,2019-09-10,05:50:00,5,MARTES,2,SEPTIEMBRE,9,NO,CONDUCIR VEHICULO SUPERANDO LOS LIMITES MAXIMOS DE VELOCIDAD.,ATROPELLOS,CAMION,0,0,0,2,0,0,0,0,0,0,0,0,0,2,28,HOMBRE,FALLECIDO,CONDUCTOR PRESENTE,NO,SI,3
20456,71408,71409,2019,0,0,-0.255305,-78.508066,PICHINCHA,QUITO,QUITO,URBANA,2019-09-10,07:30:00,7,MARTES,2,SEPTIEMBRE,9,NO,CONDUCIR VEHICULO SUPERANDO LOS LIMITES MAXIMOS DE VELOCIDAD.,VOLCAMIENTOS,AUTOMOVIL,1,0,0,0,0,0,0,0,0,0,0,0,0,1,31,MUJER,ILESO,CONDUCTOR PRESENTE,NO,NO,0
20457,71409,71410,2019,1,0,-0.241961,-78.532528,PICHINCHA,QUITO,QUITO,URBANA,2019-09-10,08:00:00,8,MARTES,2,SEPTIEMBRE,9,NO,NO CEDER EL DERECHO DE VIA O PREFERENCIA DE PASO AL PEATON.,ATROPELLOS,MOTOCICLETA,0,0,0,0,0,0,0,0,1,0,0,0,0,1,51,MUJER,LESIONADO,PEATON,NO,NO,0
20458,71411,71412,2019,1,0,-0.237712,-78.530991,PICHINCHA,QUITO,QUITO,URBANA,2019-09-10,09:00:00,9,MARTES,2,SEPTIEMBRE,9,NO,REALIZAR CAMBIO BRUSCO O INDEBIDO DE CARRIL.,CHOQUE LATERAL,AUTOMOVIL,1,0,0,0,0,0,0,0,1,0,0,0,0,2,32,HOMBRE,LESIONADO,CONDUCTOR PRESENTE,NO,NO,0
20459,71412,71413,2019,0,0,-0.255305,-78.508066,PICHINCHA,QUITO,QUITO,URBANA,2019-09-10,09:10:00,9,MARTES,2,SEPTIEMBRE,9,NO,NO CEDER EL DERECHO DE VIA O PREFERENCIA DE PASO A VEHICULOS.,ESTRELLAMIENTOS,AUTOMOVIL,1,0,1,0,0,0,0,0,0,0,0,0,0,2,41,HOMBRE,ILESO,CONDUCTOR PRESENTE,NO,NO,0
20460,71420,71421,2019,0,0,-0.140538,-78.478401,PICHINCHA,QUITO,QUITO,URBANA,2019-09-10,12:10:00,12,MARTES,2,SEPTIEMBRE,9,NO,CONDUCIR VEHICULO SUPERANDO LOS LIMITES MAXIMOS DE VELOCIDAD.,ESTRELLAMIENTOS,AUTOMOVIL,2,0,0,0,0,0,0,0,0,0,0,0,0,2,26,MUJER,ILESO,CONDUCTOR PRESENTE,NO,NO,0
20461,71423,71424,2019,0,0,-0.108255,-78.461339,PICHINCHA,QUITO,CALDERON (CARAPUNGO),RURAL,2019-09-10,12:20:00,12,MARTES,2,SEPTIEMBRE,9,NO,CONDUCIR VEHICULO SUPERANDO LOS LIMITES MAXIMOS DE VELOCIDAD.,ESTRELLAMIENTOS,CAMIONETA,0,0,0,0,1,0,0,0,0,0,0,0,0,1,27,HOMBRE,ILESO,CONDUCTOR PRESENTE,NO,NO,3
20462,71425,71426,2019,0,1,-0.177423,-78.477939,PICHINCHA,QUITO,QUITO,URBANA,2019-09-10,12:50:00,12,MARTES,2,SEPTIEMBRE,9,NO,PEATON QUE CRUZA LA CALZADA SIN RESPETAR LA SENIALIZACION EXISTENTE (SEMAFOROS O SENIALES MANUALES).,ATROPELLOS,BUS,0,0,1,0,0,0,0,0,0,0,0,0,0,1,50,HOMBRE,FALLECIDO,PEATON,NO,NO,0
20463,71426,71427,2019,0,0,-0.190709,-78.480868,PICHINCHA,QUITO,QUITO,URBANA,2019-09-10,13:00:00,13,MARTES,2,SEPTIEMBRE,9,NO,NO GUARDAR LA DISTANCIA LATERAL MINIMA DE SEGURIDAD ENTRE VEHICULOS.,CHOQUE LATERAL,AUTOMOVIL,1,0,0,0,0,0,0,1,0,0,0,0,0,2,45,HOMBRE,ILESO,CONDUCTOR PRESENTE,NO,NO,0
20464,71428,71429,2019,1,0,-0.083838,-78.509198,PICHINCHA,QUITO,QUITO,URBANA,2019-09-10,14:00:00,14,MARTES,2,SEPTIEMBRE,9,NO,NO CEDER EL DERECHO DE VIA O PREFERENCIA DE PASO AL PEATON.,ATROPELLOS,CAMIONETA,0,0,0,0,1,0,0,0,0,0,0,0,0,1,9,MUJER,LESIONADO,PEATON,NO,NO,0
20465,71432,71433,2019,1,0,-0.106567,-78.476473,PICHINCHA,QUITO,QUITO,URBANA,2019-09-10,14:30:00,14,MARTES,2,SEPTIEMBRE,9,NO,"NO RESPETAR LAS SENIALES REGLAMENTARIAS DE TRANSITO. (PARE, CEDA EL PASO, LUZ ROJA DEL SEMAFORO, ETC).",CHOQUE LATERAL,AUTOMOVIL,2,0,0,0,0,0,0,0,0,0,0,0,0,2,36,HOMBRE,LESIONADO,CONDUCTOR PRESENTE,NO,NO,0
20466,71440,71441,2019,0,0,-0.258774,-78.525495,PICHINCHA,QUITO,QUITO,URBANA,2019-09-10,16:00:00,16,MARTES,2,SEPTIEMBRE,9,NO,"CONDUCIR DESATENTO A LAS CONDICIONES DE TRANSITO (CELULAR, PANTALLAS DE VIDEO, COMIDA, MAQUILLAJE O CUALQUIER OTRO ELEMENTO DISTRACTOR).",ESTRELLAMIENTOS,AUTOMOVIL,1,0,0,0,0,0,0,0,0,0,0,0,0,1,52,HOMBRE,ILESO,CONDUCTOR PRESENTE,NO,NO,0
20467,71448,71449,2019,0,0,-0.114007,-78.499643,PICHINCHA,QUITO,QUITO,URBANA,2019-09-10,18:30:00,18,MARTES,2,SEPTIEMBRE,9,NO,"NO RESPETAR LAS SENIALES REGLAMENTARIAS DE TRANSITO. (PARE, CEDA EL PASO, LUZ ROJA DEL SEMAFORO, ETC).",CHOQUE LATERAL,AUTOMOVIL,2,0,0,0,0,0,0,0,0,0,0,0,0,2,41,HOMBRE,ILESO,CONDUCTOR PRESENTE,NO,NO,0
20468,71454,71455,2019,0,1,-0.214114,-78.503021,PICHINCHA,QUITO,QUITO,URBANA,2019-09-10,20:39:00,20,MARTES,2,SEPTIEMBRE,9,NO,NO CEDER EL DERECHO DE VIA O PREFERENCIA DE PASO AL PEATON.,ATROPELLOS,BUS,0,0,1,0,0,0,0,0,0,0,0,0,0,1,50,HOMBRE,FALLECIDO,PEATON,NO,NO,0
20469,71455,71456,2019,1,0,-0.289533,-78.550048,PICHINCHA,QUITO,QUITO,URBANA,2019-09-10,20:40:00,20,MARTES,2,SEPTIEMBRE,9,NO,NO CEDER EL DERECHO DE VIA O PREFERENCIA DE PASO AL PEATON.,ATROPELLOS,NO IDENTIFICADO,0,0,0,0,0,0,0,0,0,1,0,0,0,1,38,HOMBRE,LESIONADO,PEATON,NO,NO,0
20470,71456,71457,2019,0,0,-0.003964,-78.452707,PICHINCHA,QUITO,SAN ANTONIO (QUITO),URBANA,2019-09-10,21:20:00,21,MARTES,2,SEPTIEMBRE,9,NO,"CONDUCIR DESATENTO A LAS CONDICIONES DE TRANSITO (CELULAR, PANTALLAS DE VIDEO, COMIDA, MAQUILLAJE O CUALQUIER OTRO ELEMENTO DISTRACTOR).",ROZAMIENTOS,CAMION,1,0,0,1,0,0,0,0,0,0,0,0,0,2,49,HOMBRE,ILESO,CONDUCTOR PRESENTE,NO,SI,0
20471,71458,71459,2019,0,0,-0.206762,-78.483805,PICHINCHA,QUITO,QUITO,URBANA,2019-09-10,21:38:00,21,MARTES,2,SEPTIEMBRE,9,NO,"CONDUCE BAJO LA INFLUENCIA DE ALCOHOL, SUSTANCIAS ESTUPEFACIENTES O PSICOTROPICAS Y/O MEDICAMENTOS.",CHOQUE LATERAL,AUTOMOVIL,2,0,0,0,0,0,0,0,0,0,0,0,0,2,36,HOMBRE,ILESO,CONDUCTOR PRESENTE,NO,NO,0
20472,71459,71460,2019,1,0,-0.325994,-78.555998,PICHINCHA,QUITO,QUITO,URBANA,2019-09-10,21:55:00,21,MARTES,2,SEPTIEMBRE,9,NO,NO CEDER EL DERECHO DE VIA O PREFERENCIA DE PASO AL PEATON.,ATROPELLOS,NO IDENTIFICADO,0,0,0,0,0,0,0,0,0,1,0,0,0,1,15,HOMBRE,LESIONADO,PEATON,NO,NO,0
20473,71463,71464,2019,1,0,-0.261591,-78.530804,PICHINCHA,QUITO,QUITO,URBANA,2019-09-11,00:05:00,0,MIERCOLES,3,SEPTIEMBRE,9,NO,CONDUCIR VEHICULO SUPERANDO LOS LIMITES MAXIMOS DE VELOCIDAD.,CHOQUE LATERAL,MOTOCICLETA,1,0,0,0,0,0,0,0,1,0,0,0,0,2,27,HOMBRE,LESIONADO,CONDUCTOR PRESENTE,NO,NO,0
20474,71471,71472,2019,0,0,-0.157521,-78.462381,PICHINCHA,QUITO,QUITO,URBANA,2019-09-11,04:08:00,4,MIERCOLES,3,SEPTIEMBRE,9,NO,"CONDUCE BAJO LA INFLUENCIA DE ALCOHOL, SUSTANCIAS ESTUPEFACIENTES O PSICOTROPICAS Y/O MEDICAMENTOS.",CHOQUE LATERAL,AUTOMOVIL,2,0,0,0,0,0,0,0,0,0,0,0,0,2,23,HOMBRE,ILESO,CONDUCTOR PRESENTE,NO,NO,0
20475,71476,71477,2019,1,0,-0.328001,-78.541445,PICHINCHA,QUITO,QUITO,URBANA,2019-09-11,07:20:00,7,MIERCOLES,3,SEPTIEMBRE,9,NO,NO GUARDAR LA DISTANCIA LATERAL MINIMA DE SEGURIDAD ENTRE VEHICULOS.,CHOQUE LATERAL,AUTOMOVIL,1,0,0,0,1,0,0,0,0,0,0,0,0,2,45,HOMBRE,LESIONADO,CONDUCTOR PRESENTE,NO,NO,0