,Unnamed: 0,ID,ANIO,LESIONADOS,FALLECIDOS,LATITUD_Y,LONGITUD_X,PROVINCIA,CANTON,PARROQUIA,ZONA,FECHA,HORA,PERIODO_2,DIA_1,DIA_2,MES_1,MES_2,FERIADO,CAUSA_PROBABLE,TIPO_DE_SINIESTRO,TIPO_DE_VEHICULO_1,AUTOMOVIL,BICICLETA,BUS,CAMION,CAMIONETA,EMERGENCIAS,ESPECIAL,FURGONETA,MOTOCICLETA,NO_IDENTIFICADO,SCOOTER_ELECTRICO,TRICIMOTO,VEHICULO_DEPORTIVO_UTILITARIO,SUMA_DE_VEHICULOS,EDAD_1,SEXO_1,CONDICION_1,PARTICIPANTE_1,CASCO_1,CINTURON_1,KMeans_Cluster
20532,71765,71766,2019,0,0,-0.321051,-78.563018,PICHINCHA,QUITO,QUITO,URBANA,2019-09-15,03:30:00,3,DOMINGO,7,SEPTIEMBRE,9,NO,CONDUCIR VEHICULO SUPERANDO LOS LIMITES MAXIMOS DE VELOCIDAD.,ESTRELLAMIENTOS,CAMIONETA,0,0,0,0,1,0,0,0,0,0,0,0,0,1,-1,NO IDENTIFICADO,NO IDENTIFICADO,CONDUCTOR AUSENTE,NO,NO,2
20533,71777,71778,2019,2,0,-0.112539,-78.479121,PICHINCHA,QUITO,QUITO,URBANA,2019-09-15,05:50:00,5,DOMINGO,7,SEPTIEMBRE,9,NO,CONDUCIR VEHICULO SUPERANDO LOS LIMITES MAXIMOS DE VELOCIDAD.,ESTRELLAMIENTOS,FURGONETA,0,0,0,0,0,0,0,1,0,0,0,0,0,1,22,HOMBRE,LESIONADO,PASAJERO,NO,NO,0
20534,71782,71783,2019,0,0,-0.052634,-78.454084,PICHINCHA,QUITO,POMASQUI,RURAL,2019-09-15,07:45:00,7,DOMINGO,7,SEPTIEMBRE,9,NO,CONDUCIR VEHICULO SUPERANDO LOS LIMITES MAXIMOS DE VELOCIDAD.,ESTRELLAMIENTOS,CAMIONETA,0,0,0,0,1,0,0,0,0,0,0,0,0,1,-1,NO IDENTIFICADO,NO IDENTIFICADO,CONDUCTOR AUSENTE,NO,NO,2
20535,71792,71793,2019,0,0,-0.099083,-78.421844,PICHINCHA,QUITO,CALDERON (CARAPUNGO),URBANA,2019-09-15,10:55:00,10,DOMINGO,7,SEPTIEMBRE,9,NO,NO MANTENER LA DISTANCIA PRUDENCIAL CON RESPECTO AL VEHICULO QUE LE ANTECEDE.,CHOQUE POSTERIOR,AUTOMOVIL,1,0,0,0,1,0,0,0,0,0,0,0,0,2,48,HOMBRE,ILESO,CONDUCTOR PRESENTE,NO,NO,0
20536,71794,71795,2019,0,0,-0.202103,-78.486509,PICHINCHA,QUITO,QUITO,URBANA,2019-09-15,11:20:00,11,DOMINGO,7,SEPTIEMBRE,9,NO,NO GUARDAR LA DISTANCIA LATERAL MINIMA DE SEGURIDAD ENTRE VEHICULOS.,CHOQUE LATERAL,BUS,1,0,1,0,0,0,0,0,0,0,0,0,0,2,55,HOMBRE,ILESO,CONDUCTOR PRESENTE,NO,NO,0
20537,71796,71797,2019,0,0,-0.261591,-78.530804,PICHINCHA,QUITO,QUITO,URBANA,2019-09-15,11:50:00,11,DOMINGO,7,SEPTIEMBRE,9,NO,"CONDUCIR DESATENTO A LAS CONDICIONES DE TRANSITO (CELULAR, PANTALLAS DE VIDEO, COMIDA, MAQUILLAJE O CUALQUIER OTRO ELEMENTO DISTRACTOR).",CHOQUE LATERAL,BUS,0,0,1,0,0,0,0,0,1,0,0,0,0,2,56,MUJER,ILESO,PASAJERO,NO,NO,0
20538,71798,71799,2019,0,0,-0.178647,-78.470947,PICHINCHA,QUITO,QUITO,RURAL,2019-09-15,12:00:00,12,DOMINGO,7,SEPTIEMBRE,9,NO,"CONDUCIR DESATENTO A LAS CONDICIONES DE TRANSITO (CELULAR, PANTALLAS DE VIDEO, COMIDA, MAQUILLAJE O CUALQUIER OTRO ELEMENTO DISTRACTOR).",ESTRELLAMIENTOS,CAMION,0,0,0,1,0,0,0,0,0,0,0,0,0,1,-1,NO IDENTIFICADO,NO IDENTIFICADO,CONDUCTOR AUSENTE,NO,NO,2
20539,71820,71821,2019,0,0,-0.190017,-78.453854,PICHINCHA,QUITO,NAYON,RURAL,2019-09-15,17:20:00,17,DOMINGO,7,SEPTIEMBRE,9,NO,CONDUCIR VEHICULO SUPERANDO LOS LIMITES MAXIMOS DE VELOCIDAD.,CHOQUE POSTERIOR,FURGONETA,1,0,0,0,0,0,0,1,0,0,0,0,0,2,61,HOMBRE,ILESO,CONDUCTOR PRESENTE,NO,NO,3
20540,71842,71843,2019,0,0,-0.051583,-78.454667,PICHINCHA,QUITO,POMASQUI,RURAL,2019-09-16,01:00:00,1,LUNES,1,SEPTIEMBRE,9,NO,"CASO FORTUITO O FUERZA MAYOR (EXPLOSION DE NEUMATICO NUEVO, DERRUMBE, INUNDACION, CAIDA DE PUENTE, ARBOL, PRESENCIA INTEMPESTIVA E IMPREVISTA DE SEMOVIENTES EN LA VIA, ETC.).",OTROS,AUTOMOVIL,1,0,0,1,0,0,0,0,0,0,0,0,0,2,-1,NO IDENTIFICADO,NO IDENTIFICADO,CONDUCTOR AUSENTE,NO,NO,2
20541,71850,71851,2019,0,0,-0.249174,-78.512084,PICHINCHA,QUITO,QUITO,URBANA,2019-09-16,06:45:00,6,LUNES,1,SEPTIEMBRE,9,NO,CONDUCIR VEHICULO SUPERANDO LOS LIMITES MAXIMOS DE VELOCIDAD.,CHOQUE POSTERIOR,AUTOMOVIL,2,0,0,0,0,0,0,0,0,0,0,0,0,2,11,MUJER,ILESO,PASAJERO,NO,NO,0
20542,71851,71852,2019,1,0,-0.109374,-78.504265,PICHINCHA,QUITO,QUITO,URBANA,2019-09-16,07:00:00,7,LUNES,1,SEPTIEMBRE,9,NO,NO MANTENER LA DISTANCIA PRUDENCIAL CON RESPECTO AL VEHICULO QUE LE ANTECEDE.,COLISION,AUTOMOVIL,3,0,0,0,0,0,0,0,0,0,0,0,0,3,33,MUJER,LESIONADO,PASAJERO,NO,NO,0
20543,71853,71854,2019,0,0,-0.154132,-78.469639,PICHINCHA,QUITO,QUITO,URBANA,2019-09-16,07:50:00,7,LUNES,1,SEPTIEMBRE,9,NO,"CONDUCIR DESATENTO A LAS CONDICIONES DE TRANSITO (CELULAR, PANTALLAS DE VIDEO, COMIDA, MAQUILLAJE O CUALQUIER OTRO ELEMENTO DISTRACTOR).",OTROS,BUS,0,0,2,0,0,0,0,1,0,0,0,0,0,3,37,HOMBRE,ILESO,CONDUCTOR PRESENTE,NO,NO,0
20544,71858,71859,2019,0,0,-0.141096,-78.500985,PICHINCHA,QUITO,QUITO,URBANA,2019-09-16,09:00:00,9,LUNES,1,SEPTIEMBRE,9,NO,NO MANTENER LA DISTANCIA PRUDENCIAL CON RESPECTO AL VEHICULO QUE LE ANTECEDE.,COLISION,CAMIONETA,1,0,0,0,2,0,0,0,0,0,0,0,0,3,34,HOMBRE,ILESO,CONDUCTOR PRESENTE,NO,NO,0
20545,71875,71876,2019,0,0,-0.221901,-78.419319,PICHINCHA,QUITO,TUMBACO,RURAL,2019-09-16,14:30:00,14,LUNES,1,SEPTIEMBRE,9,NO,CONDUCIR VEHICULO SUPERANDO LOS LIMITES MAXIMOS DE VELOCIDAD.,ESTRELLAMIENTOS,NO IDENTIFICADO,0,0,0,0,0,0,0,0,0,1,0,0,0,1,-1,NO IDENTIFICADO,NO IDENTIFICADO,CONDUCTOR AUSENTE,NO,NO,2
20546,71878,71879,2019,0,0,-0.279531,-78.475724,PICHINCHA,QUITO,CONOCOTO,RURAL,2019-09-16,15:15:00,15,LUNES,1,SEPTIEMBRE,9,NO,"CONDUCIR DESATENTO A LAS CONDICIONES DE TRANSITO (CELULAR, PANTALLAS DE VIDEO, COMIDA, MAQUILLAJE O CUALQUIER OTRO ELEMENTO DISTRACTOR).",CHOQUE FRONTAL,AUTOMOVIL,1,0,0,0,1,0,0,0,0,0,0,0,0,2,21,HOMBRE,ILESO,CONDUCTOR PRESENTE,NO,NO,3
20547,71887,71888,2019,0,0,-0.240118,-78.528826,PICHINCHA,QUITO,QUITO,URBANA,2019-09-16,17:40:00,17,LUNES,1,SEPTIEMBRE,9,NO,NO GUARDAR LA DISTANCIA LATERAL MINIMA DE SEGURIDAD ENTRE VEHICULOS.,CHOQUE LATERAL,AUTOMOVIL,2,0,0,0,0,0,0,0,0,0,0,0,0,2,48,HOMBRE,ILESO,CONDUCTOR PRESENTE,NO,NO,0
20548,71893,71894,2019,0,0,-0.179571,-78.496389,PICHINCHA,QUITO,QUITO,URBANA,2019-09-16,21:00:00,21,LUNES,1,SEPTIEMBRE,9,NO,"MAL ESTACIONADO - EL CONDUCTOR QUE DETENGA O ESTACIONE VEHICULOS EN SITIOS O ZONAS QUE ENTRANIEN PELIGRO, TALES COMO ZONA DE SEGURIDAD, CURVAS, PUENTES, TUNELES, PENDIENTES.",OTROS,AUTOMOVIL,2,0,0,0,0,0,0,0,0,0,0,0,0,2,31,MUJER,ILESO,CONDUCTOR PRESENTE,NO,NO,0
20549,71895,71896,2019,1,0,-0.199767,-78.428809,PICHINCHA,QUITO,CUMBAYA,RURAL,2019-09-16,21:10:00,21,LUNES,1,SEPTIEMBRE,9,NO,REALIZAR CAMBIO BRUSCO O INDEBIDO DE CARRIL.,CHOQUE LATERAL,MOTOCICLETA,1,0,0,0,0,0,0,0,1,0,0,0,0,2,23,HOMBRE,LESIONADO,CONDUCTOR PRESENTE,NO,NO,3
20550,71897,71898,2019,0,0,-0.140341,-78.477365,PICHINCHA,QUITO,QUITO,URBANA,2019-09-16,22:00:00,22,LUNES,1,SEPTIEMBRE,9,NO,"FALLA MECANICA EN LOS SISTEMAS Y/O NEUMATICOS (SISTEMA DE FRENOS, DIRECCION, ELECTRONICO O MECANICO).",ESTRELLAMIENTOS,AUTOMOVIL,1,0,0,0,0,0,0,0,0,0,0,0,0,1,-1,NO IDENTIFICADO,NO IDENTIFICADO,CONDUCTOR AUSENTE,NO,NO,2
20551,71899,71900,2019,0,0,-0.249628,-78.527394,PICHINCHA,QUITO,QUITO,URBANA,2019-09-17,03:25:00,3,MARTES,2,SEPTIEMBRE,9,NO,"CONDUCE BAJO LA INFLUENCIA DE ALCOHOL, SUSTANCIAS ESTUPEFACIENTES O PSICOTROPICAS Y/O MEDICAMENTOS.",CHOQUE LATERAL,CAMIONETA,1,0,0,0,1,0,0,0,0,0,0,0,0,2,65,HOMBRE,ILESO,CONDUCTOR PRESENTE,NO,NO,0
20552,71903,71904,2019,0,0,-0.295286,-78.478847,PICHINCHA,QUITO,CONOCOTO,RURAL,2019-09-17,06:00:00,6,MARTES,2,SEPTIEMBRE,9,NO,"NO RESPETAR LAS SENIALES REGLAMENTARIAS DE TRANSITO. (PARE, CEDA EL PASO, LUZ ROJA DEL SEMAFORO, ETC).",CHOQUE LATERAL,CAMION,0,0,0,1,0,0,0,1,0,0,0,0,0,2,42,HOMBRE,ILESO,CONDUCTOR PRESENTE,NO,NO,3
20553,71906,71907,2019,0,0,-0.232716,-78.503774,PICHINCHA,QUITO,QUITO,URBANA,2019-09-17,06:50:00,6,MARTES,2,SEPTIEMBRE,9,NO,"NO RESPETAR LAS SENIALES REGLAMENTARIAS DE TRANSITO. (PARE, CEDA EL PASO, LUZ ROJA DEL SEMAFORO, ETC).",CHOQUE LATERAL,AUTOMOVIL,2,0,0,0,0,0,0,0,0,0,0,0,0,2,39,HOMBRE,ILESO,CONDUCTOR PRESENTE,NO,NO,0
20554,71911,71912,2019,0,0,-0.232254,-78.505317,PICHINCHA,QUITO,QUITO,URBANA,2019-09-17,08:30:00,8,MARTES,2,SEPTIEMBRE,9,NO,REALIZAR CAMBIO BRUSCO O INDEBIDO DE CARRIL.,CHOQUE POSTERIOR,AUTOMOVIL,1,0,1,0,0,0,0,0,0,0,0,0,0,2,32,HOMBRE,ILESO,CONDUCTOR PRESENTE,NO,NO,0
20555,71915,71916,2019,0,0,-0.302748,-78.552837,PICHINCHA,QUITO,QUITO,URBANA,2019-09-17,08:45:00,8,MARTES,2,SEPTIEMBRE,9,NO,NO MANTENER LA DISTANCIA PRUDENCIAL CON RESPECTO AL VEHICULO QUE LE ANTECEDE.,CHOQUE POSTERIOR,AUTOMOVIL,2,0,0,0,0,0,0,0,0,0,0,0,0,2,45,HOMBRE,ILESO,CONDUCTOR PRESENTE,NO,NO,0
20556,71916,71917,2019,0,0,-0.287891,-78.540625,PICHINCHA,QUITO,QUITO,URBANA,2019-09-17,09:35:00,9,MARTES,2,SEPTIEMBRE,9,NO,CONDUCIR VEHICULO SUPERANDO LOS LIMITES MAXIMOS DE VELOCIDAD.,CHOQUE POSTERIOR,CAMION,1,0,0,2,0,0,0,0,0,0,0,0,0,3,29,MUJER,ILESO,PASAJERO,NO,NO,0
20557,71921,71922,2019,1,0,-0.188771,-78.455768,PICHINCHA,QUITO,QUITO,RURAL,2019-09-17,12:35:00,12,MARTES,2,SEPTIEMBRE,9,NO,NO MANTENER LA DISTANCIA PRUDENCIAL CON RESPECTO AL VEHICULO QUE LE ANTECEDE.,CHOQUE POSTERIOR,AUTOMOVIL,1,0,0,0,1,0,0,0,0,0,0,0,0,2,29,MUJER,LESIONADO,CONDUCTOR PRESENTE,NO,NO,3
20558,71923,71924,2019,2,0,-0.178201,-78.359842,PICHINCHA,QUITO,PUEMBO,RURAL,2019-09-17,13:10:00,13,MARTES,2,SEPTIEMBRE,9,NO,CONDUCIR VEHICULO SUPERANDO LOS LIMITES MAXIMOS DE VELOCIDAD.,CHOQUE POSTERIOR,CAMION,0,0,0,2,0,0,0,0,0,0,0,0,0,2,30,HOMBRE,LESIONADO,CONDUCTOR PRESENTE,NO,NO,3
20559,71925,71926,2019,1,0,-0.273707,-78.537301,PICHINCHA,QUITO,QUITO,URBANA,2019-09-17,13:40:00,13,MARTES,2,SEPTIEMBRE,9,NO,NO GUARDAR LA DISTANCIA LATERAL MINIMA DE SEGURIDAD ENTRE VEHICULOS.,CHOQUE LATERAL,MOTOCICLETA,1,0,0,0,0,0,0,0,1,0,0,0,0,2,35,HOMBRE,LESIONADO,CONDUCTOR PRESENTE,NO,NO,0
20560,71930,71931,2019,0,0,-0.143773,-78.500006,PICHINCHA,QUITO,QUITO,URBANA,2019-09-17,17:10:00,17,MARTES,2,SEPTIEMBRE,9,NO,NO MANTENER LA DISTANCIA PRUDENCIAL CON RESPECTO AL VEHICULO QUE LE ANTECEDE.,CHOQUE POSTERIOR,AUTOMOVIL,1,0,0,0,0,0,0,0,1,0,0,0,0,2,23,HOMBRE,ILESO,PASAJERO,SI,NO,0
20561,71941,71942,2019,2,0,-0.262204,-78.591541,PICHINCHA,QUITO,LLOA,URBANA,2019-09-17,19:50:00,19,MARTES,2,SEPTIEMBRE,9,NO,"NO RESPETAR LAS SENIALES REGLAMENTARIAS DE TRANSITO. (PARE, CEDA EL PASO, LUZ ROJA DEL SEMAFORO, ETC).",OTROS,AUTOMOVIL,1,0,0,0,0,0,0,0,0,1,0,0,0,2,25,HOMBRE,LESIONADO,CONDUCTOR PRESENTE,NO,NO,0
20562,71943,71944,2019,0,0,-0.250649,-78.527031,PICHINCHA,QUITO,QUITO,URBANA,2019-09-17,20:10:00,20,MARTES,2,SEPTIEMBRE,9,NO,"CONDUCE BAJO LA INFLUENCIA DE ALCOHOL, SUSTANCIAS ESTUPEFACIENTES O PSICOTROPICAS Y/O MEDICAMENTOS.",CHOQUE LATERAL,AUTOMOVIL,1,0,0,0,0,0,0,0,1,0,0,0,0,2,32,HOMBRE,ILESO,CONDUCTOR PRESENTE,NO,NO,0
20563,71944,71945,2019,1,0,-0.061514,-78.168168,PICHINCHA,CAYAMBE,CANGAHUA,RURAL,2019-09-17,20:26:00,20,MARTES,2,SEPTIEMBRE,9,NO,"CONDUCIR DESATENTO A LAS CONDICIONES DE TRANSITO (CELULAR, PANTALLAS DE VIDEO, COMIDA, MAQUILLAJE O CUALQUIER OTRO ELEMENTO DISTRACTOR).",CHOQUE LATERAL,MOTOCICLETA,0,0,0,0,0,0,0,0,1,1,0,0,0,2,20,HOMBRE,LESIONADO,CONDUCTOR PRESENTE,NO,SI,3
20564,71951,71952,2019,2,0,-0.216986,-78.398281,PICHINCHA,QUITO,TUMBACO,RURAL,2019-09-18,00:50:00,0,MIERCOLES,3,SEPTIEMBRE,9,NO,CONDUCIR VEHICULO SUPERANDO LOS LIMITES MAXIMOS DE VELOCIDAD.,ESTRELLAMIENTOS,CAMIONETA,0,0,0,0,1,0,0,0,0,0,0,0,0,1,21,HOMBRE,LESIONADO,PASAJERO,NO,NO,3
20565,71968,71969,2019,4,0,-0.291105,-78.545859,PICHINCHA,QUITO,QUITO,URBANA,2019-09-18,09:45:00,9,MIERCOLES,3,SEPTIEMBRE,9,NO,"NO RESPETAR LAS SENIALES REGLAMENTARIAS DE TRANSITO. (PARE, CEDA EL PASO, LUZ ROJA DEL SEMAFORO, ETC).",CHOQUE LATERAL,CAMIONETA,1,0,0,0,1,0,0,0,0,0,0,0,0,2,62,MUJER,LESIONADO,PASAJERO,NO,NO,0
20566,71969,71970,2019,1,0,-0.242834,-78.541824,PICHINCHA,QUITO,QUITO,URBANA,2019-09-18,10:00:00,10,MIERCOLES,3,SEPTIEMBRE,9,NO,NO CEDER EL DERECHO DE VIA O PREFERENCIA DE PASO AL PEATON.,ATROPELLOS,NO IDENTIFICADO,0,0,0,0,0,0,0,0,0,1,0,0,0,1,88,HOMBRE,LESIONADO,PEATON,NO,NO,0
20567,71972,71973,2019,1,0,-0.288311,-78.519273,PICHINCHA,QUITO,QUITO,URBANA,2019-09-18,11:25:00,11,MIERCOLES,3,SEPTIEMBRE,9,NO,"PEATON TRANSITA BAJO INFLUENCIA DE ALCOHOL, SUSTANCIAS ESTUPEFACIENTES O PSICOTROPICAS Y/O MEDICAMENTOS.",ATROPELLOS,MOTOCICLETA,0,0,0,0,0,0,0,0,1,0,0,0,0,1,42,HOMBRE,LESIONADO,PEATON,NO,NO,0
20568,71973,71974,2019,0,0,0.077099,-78.692681,PICHINCHA,QUITO,NANEGALITO,RURAL,2019-09-18,11:50:00,11,MIERCOLES,3,SEPTIEMBRE,9,NO,CONDUCIR VEHICULO SUPERANDO LOS LIMITES MAXIMOS DE VELOCIDAD.,PERDIDA DE CARRIL,CAMIONETA,0,0,0,0,1,0,0,0,0,0,0,0,0,1,-1,NO IDENTIFICADO,NO IDENTIFICADO,CONDUCTOR AUSENTE,NO,NO,2
20569,71976,71977,2019,0,0,-0.090894,-78.431195,PICHINCHA,QUITO,CALDERON (CARAPUNGO),RURAL,2019-09-18,12:35:00,12,MIERCOLES,3,SEPTIEMBRE,9,NO,"CONDUCIR DESATENTO A LAS CONDICIONES DE TRANSITO (CELULAR, PANTALLAS DE VIDEO, COMIDA, MAQUILLAJE O CUALQUIER OTRO ELEMENTO DISTRACTOR).",CHOQUE LATERAL,MOTOCICLETA,1,0,0,0,0,0,0,0,1,0,0,0,0,2,33,HOMBRE,ILESO,CONDUCTOR PRESENTE,NO,NO,3
20570,71979,71980,2019,2,0,-0.128615,-78.470704,PICHINCHA,QUITO,QUITO,URBANA,2019-09-18,13:00:00,13,MIERCOLES,3,SEPTIEMBRE,9,NO,NO CEDER EL DERECHO DE VIA O PREFERENCIA DE PASO AL PEATON.,ATROPELLOS,BUS,0,0,1,0,0,0,0,0,0,0,0,0,0,1,28,MUJER,LESIONADO,PEATON,NO,NO,0
20571,71985,71986,2019,0,0,-0.304345,-78.539391,PICHINCHA,QUITO,QUITO,URBANA,2019-09-18,14:00:00,14,MIERCOLES,3,SEPTIEMBRE,9,NO,NO CEDER EL DERECHO DE VIA O PREFERENCIA DE PASO A VEHICULOS.,CHOQUE LATERAL,AUTOMOVIL,2,0,0,0,0,0,0,0,0,0,0,0,0,2,75,HOMBRE,ILESO,CONDUCTOR PRESENTE,NO,NO,0
20572,71987,71988,2019,1,0,-0.272977,-78.529361,PICHINCHA,QUITO,QUITO,URBANA,2019-09-18,14:45:00,14,MIERCOLES,3,SEPTIEMBRE,9,NO,NO CEDER EL DERECHO DE VIA O PREFERENCIA DE PASO A VEHICULOS.,CHOQUE LATERAL,CAMION,0,0,0,1,0,0,0,0,1,0,0,0,0,2,21,HOMBRE,LESIONADO,CONDUCTOR PRESENTE,NO,NO,0
20573,71993,71994,2019,0,0,-0.122307,-78.496775,PICHINCHA,QUITO,QUITO,URBANA,2019-09-18,17:30:00,17,MIERCOLES,3,SEPTIEMBRE,9,NO,"CONDUCIR DESATENTO A LAS CONDICIONES DE TRANSITO (CELULAR, PANTALLAS DE VIDEO, COMIDA, MAQUILLAJE O CUALQUIER OTRO ELEMENTO DISTRACTOR).",CHOQUE LATERAL,AUTOMOVIL,2,0,0,0,0,0,0,1,0,0,0,0,0,3,48,MUJER,ILESO,CONDUCTOR PRESENTE,NO,NO,0
20574,71997,71998,2019,2,0,-0.289546,-78.444936,PICHINCHA,QUITO,ALANGASI,RURAL,2019-09-18,19:00:00,19,MIERCOLES,3,SEPTIEMBRE,9,NO,"CONDUCE BAJO LA INFLUENCIA DE ALCOHOL, SUSTANCIAS ESTUPEFACIENTES O PSICOTROPICAS Y/O MEDICAMENTOS.",OTROS,FURGONETA,1,0,0,0,0,0,0,1,0,0,0,0,0,2,8,HOMBRE,LESIONADO,PASAJERO,NO,NO,3
20575,71998,71999,2019,0,0,-0.289546,-78.444936,PICHINCHA,QUITO,ALANGASI,RURAL,2019-09-18,19:00:00,19,MIERCOLES,3,SEPTIEMBRE,9,NO,"CONDUCE BAJO LA INFLUENCIA DE ALCOHOL, SUSTANCIAS ESTUPEFACIENTES O PSICOTROPICAS Y/O MEDICAMENTOS.",OTROS,AUTOMOVIL,2,0,0,0,0,0,0,0,0,0,0,0,0,2,22,HOMBRE,ILESO,CONDUCTOR PRESENTE,NO,NO,3
20576,72003,72004,2019,1,0,-0.155337,-78.465792,PICHINCHA,QUITO,QUITO,URBANA,2019-09-18,21:35:00,21,MIERCOLES,3,SEPTIEMBRE,9,NO,NO TRANSITAR POR LAS ACERAS O ZONAS DE SEGURIDAD DESTINADAS PARA EL EFECTO.,ATROPELLOS,AUTOMOVIL,1,0,0,0,0,0,0,0,0,0,0,0,0,1,56,MUJER,LESIONADO,PEATON,NO,NO,0
20577,72004,72005,2019,1,0,-0.258481,-78.546946,PICHINCHA,QUITO,QUITO,URBANA,2019-09-18,22:47:00,22,MIERCOLES,3,SEPTIEMBRE,9,NO,"CONDUCIR DESATENTO A LAS CONDICIONES DE TRANSITO (CELULAR, PANTALLAS DE VIDEO, COMIDA, MAQUILLAJE O CUALQUIER OTRO ELEMENTO DISTRACTOR).",OTROS,NO IDENTIFICADO,0,0,0,0,0,0,0,0,0,2,0,0,0,2,24,HOMBRE,LESIONADO,CONDUCTOR PRESENTE,NO,NO,0
20578,72006,72007,2019,0,0,-0.199797,-78.428809,PICHINCHA,QUITO,CUMBAYA,RURAL,2019-09-18,23:00:00,23,MIERCOLES,3,SEPTIEMBRE,9,NO,NO GUARDAR LA DISTANCIA LATERAL MINIMA DE SEGURIDAD ENTRE VEHICULOS.,CHOQUE LATERAL,AUTOMOVIL,2,0,0,0,0,0,0,0,0,0,0,0,0,2,32,HOMBRE,ILESO,CONDUCTOR PRESENTE,NO,NO,3
20579,72008,72009,2019,0,0,-0.201667,-78.476303,PICHINCHA,QUITO,QUITO,RURAL,2019-09-18,23:35:00,23,MIERCOLES,3,SEPTIEMBRE,9,NO,CONDUCIR VEHICULO SUPERANDO LOS LIMITES MAXIMOS DE VELOCIDAD.,PERDIDA DE CARRIL,AUTOMOVIL,1,0,0,0,0,0,0,0,0,0,0,0,0,1,32,HOMBRE,ILESO,CONDUCTOR PRESENTE,NO,NO,3
20580,72015,72016,2019,1,0,-0.295604,-78.561141,PICHINCHA,QUITO,QUITO,URBANA,2019-09-19,07:00:00,7,JUEVES,4,SEPTIEMBRE,9,NO,CONDUCIR VEHICULO SUPERANDO LOS LIMITES MAXIMOS DE VELOCIDAD.,CHOQUE LATERAL,BICICLETA,0,1,0,0,0,0,0,0,0,1,0,0,0,2,25,HOMBRE,LESIONADO,CONDUCTOR PRESENTE,NO,NO,0
20581,72016,72017,2019,2,0,-0.192701,-78.453143,PICHINCHA,QUITO,NAYON,RURAL,2019-09-19,07:15:00,7,JUEVES,4,SEPTIEMBRE,9,NO,CONDUCIR VEHICULO SUPERANDO LOS LIMITES MAXIMOS DE VELOCIDAD.,CHOQUE FRONTAL,AUTOMOVIL,2,0,0,0,0,0,0,0,0,0,0,0,0,2,48,HOMBRE,LESIONADO,CONDUCTOR PRESENTE,NO,NO,3
20582,72031,72032,2019,3,0,-0.176549,-78.481391,PICHINCHA,QUITO,QUITO,URBANA,2019-09-19,13:15:00,13,JUEVES,4,SEPTIEMBRE,9,NO,NO CEDER EL DERECHO DE VIA O PREFERENCIA DE PASO AL PEATON.,ATROPELLOS,MOTOCICLETA,0,0,0,0,0,0,0,0,1,0,0,0,0,1,40,MUJER,LESIONADO,PASAJERO,NO,NO,0
20583,72032,72033,2019,0,0,-0.204592,-78.455985,PICHINCHA,QUITO,QUITO,RURAL,2019-09-19,13:30:00,13,JUEVES,4,SEPTIEMBRE,9,NO,"PRESENCIA DE AGENTES EXTERNOS EN LA VIA (AGUA, ACEITE, PIEDRA, LASTRE, ESCOMBROS, MADEROS, ETC.).",ESTRELLAMIENTOS,CAMIONETA,0,0,0,0,1,0,0,0,0,0,0,0,0,1,-1,NO IDENTIFICADO,NO IDENTIFICADO,CONDUCTOR AUSENTE,NO,NO,2
20584,72038,72039,2019,2,1,0.119811,-79.258723,PICHINCHA,PUERTO QUITO,PUERTO QUITO,URBANA,2019-09-19,16:45:00,16,JUEVES,4,SEPTIEMBRE,9,NO,"CONDUCIR DESATENTO A LAS CONDICIONES DE TRANSITO (CELULAR, PANTALLAS DE VIDEO, COMIDA, MAQUILLAJE O CUALQUIER OTRO ELEMENTO DISTRACTOR).",CHOQUE POSTERIOR,NO IDENTIFICADO,0,0,0,0,0,0,0,0,0,1,0,0,0,1,2,MUJER,FALLECIDO,PASAJERO,NO,SI,0
20585,72039,72040,2019,1,0,-0.097992,-78.470302,PICHINCHA,QUITO,QUITO,URBANA,2019-09-19,16:57:00,16,JUEVES,4,SEPTIEMBRE,9,NO,CONDUCIR VEHICULO SUPERANDO LOS LIMITES MAXIMOS DE VELOCIDAD.,VOLCAMIENTOS,AUTOMOVIL,1,0,0,0,0,0,0,0,0,0,0,0,0,1,37,HOMBRE,LESIONADO,CONDUCTOR PRESENTE,NO,NO,0
20586,72042,72043,2019,1,0,-0.217821,-78.491471,PICHINCHA,QUITO,QUITO,URBANA,2019-09-19,17:15:00,17,JUEVES,4,SEPTIEMBRE,9,NO,PEATON QUE CRUZA LA CALZADA SIN RESPETAR LA SENIALIZACION EXISTENTE (SEMAFOROS O SENIALES MANUALES).,ATROPELLOS,AUTOMOVIL,1,0,0,0,0,0,0,0,0,0,0,0,0,1,60,HOMBRE,LESIONADO,PEATON,NO,NO,0
20587,72047,72048,2019,0,0,-0.105991,-78.499975,PICHINCHA,QUITO,QUITO,URBANA,2019-09-19,18:40:00,18,JUEVES,4,SEPTIEMBRE,9,NO,DANIOS MECANICOS PREVISIBLES.,CHOQUE FRONTAL,CAMIONETA,1,0,0,0,1,0,0,0,0,0,0,0,0,2,25,HOMBRE,ILESO,CONDUCTOR PRESENTE,NO,NO,0
20588,72049,72050,2019,1,0,-0.188089,-78.454131,PICHINCHA,QUITO,NAYON,RURAL,2019-09-19,19:30:00,19,JUEVES,4,SEPTIEMBRE,9,NO,"CONDICIONES AMBIENTALES Y/O ATMOSFERICAS (NIEBLA, NEBLINA, GRANIZO, LLUVIA).",CHOQUE LATERAL,AUTOMOVIL,1,0,0,0,0,0,1,0,0,0,0,0,0,2,41,HOMBRE,LESIONADO,CONDUCTOR PRESENTE,NO,NO,3