,Unnamed: 0,ID,ANIO,LESIONADOS,FALLECIDOS,LATITUD_Y,LONGITUD_X,PROVINCIA,CANTON,PARROQUIA,ZONA,FECHA,HORA,PERIODO_2,DIA_1,DIA_2,MES_1,MES_2,FERIADO,CAUSA_PROBABLE,TIPO_DE_SINIESTRO,TIPO_DE_VEHICULO_1,AUTOMOVIL,BICICLETA,BUS,CAMION,CAMIONETA,EMERGENCIAS,ESPECIAL,FURGONETA,MOTOCICLETA,NO_IDENTIFICADO,SCOOTER_ELECTRICO,TRICIMOTO,VEHICULO_DEPORTIVO_UTILITARIO,SUMA_DE_VEHICULOS,EDAD_1,SEXO_1,CONDICION_1,PARTICIPANTE_1,CASCO_1,CINTURON_1,KMeans_Cluster
20647,72310,72311,2019,0,0,-0.271991,-78.529167,PICHINCHA,QUITO,QUITO,URBANA,2019-09-22,17:45:00,17,DOMINGO,7,SEPTIEMBRE,9,NO,"CONDUCE BAJO LA INFLUENCIA DE ALCOHOL, SUSTANCIAS ESTUPEFACIENTES O PSICOTROPICAS Y/O MEDICAMENTOS.",ROZAMIENTOS,AUTOMOVIL,2,0,0,0,0,0,0,0,0,0,0,0,0,2,45,HOMBRE,ILESO,CONDUCTOR PRESENTE,NO,NO,0
20648,72318,72319,2019,0,1,-0.228036,-78.770871,PICHINCHA,QUITO,LLOA,RURAL,2019-09-22,19:30:00,19,DOMINGO,7,SEPTIEMBRE,9,NO,"CASO FORTUITO O FUERZA MAYOR (EXPLOSION DE NEUMATICO NUEVO, DERRUMBE, INUNDACION, CAIDA DE PUENTE, ARBOL, PRESENCIA INTEMPESTIVA E IMPREVISTA DE SEMOVIENTES EN LA VIA, ETC.).",OTROS,AUTOMOVIL,1,0,0,0,0,0,0,0,0,0,0,0,0,1,50,HOMBRE,FALLECIDO,CONDUCTOR PRESENTE,NO,NO,3
20649,72330,72331,2019,0,0,-0.199796,-78.496735,PICHINCHA,QUITO,QUITO,URBANA,2019-09-23,01:00:00,1,LUNES,1,SEPTIEMBRE,9,NO,CONDUCIR VEHICULO SUPERANDO LOS LIMITES MAXIMOS DE VELOCIDAD.,ESTRELLAMIENTOS,AUTOMOVIL,1,0,0,0,0,0,0,0,0,0,0,0,0,1,-1,NO IDENTIFICADO,NO IDENTIFICADO,CONDUCTOR AUSENTE,NO,NO,2
20650,72337,72338,2019,0,0,-0.236791,-78.507766,PICHINCHA,QUITO,QUITO,URBANA,2019-09-23,07:00:00,7,LUNES,1,SEPTIEMBRE,9,NO,NO MANTENER LA DISTANCIA PRUDENCIAL CON RESPECTO AL VEHICULO QUE LE ANTECEDE.,CHOQUE POSTERIOR,AUTOMOVIL,2,0,0,0,0,0,0,0,0,0,0,0,0,2,29,HOMBRE,ILESO,CONDUCTOR PRESENTE,NO,NO,0
20651,72345,72346,2019,0,0,-0.106121,-78.501477,PICHINCHA,QUITO,QUITO,URBANA,2019-09-23,12:00:00,12,LUNES,1,SEPTIEMBRE,9,NO,NO MANTENER LA DISTANCIA PRUDENCIAL CON RESPECTO AL VEHICULO QUE LE ANTECEDE.,CHOQUE POSTERIOR,AUTOMOVIL,2,0,0,0,0,0,0,0,0,0,0,0,0,2,28,HOMBRE,ILESO,CONDUCTOR PRESENTE,NO,NO,0
20652,72346,72347,2019,1,0,-0.261198,-78.516103,PICHINCHA,QUITO,QUITO,URBANA,2019-09-23,12:40:00,12,LUNES,1,SEPTIEMBRE,9,NO,"CONDUCIR DESATENTO A LAS CONDICIONES DE TRANSITO (CELULAR, PANTALLAS DE VIDEO, COMIDA, MAQUILLAJE O CUALQUIER OTRO ELEMENTO DISTRACTOR).",ATROPELLOS,AUTOMOVIL,1,0,0,0,0,0,0,0,0,0,0,0,0,1,5,MUJER,LESIONADO,PEATON,NO,NO,0
20653,72360,72361,2019,0,0,-0.105583,-78.499743,PICHINCHA,QUITO,QUITO,URBANA,2019-09-23,18:40:00,18,LUNES,1,SEPTIEMBRE,9,NO,NO GUARDAR LA DISTANCIA LATERAL MINIMA DE SEGURIDAD ENTRE VEHICULOS.,CHOQUE LATERAL,AUTOMOVIL,1,0,0,0,1,0,0,0,0,0,0,0,0,2,32,HOMBRE,ILESO,CONDUCTOR PRESENTE,NO,NO,0
20654,72368,72369,2019,3,0,-0.292724,-78.476486,PICHINCHA,QUITO,CONOCOTO,RURAL,2019-09-23,21:30:00,21,LUNES,1,SEPTIEMBRE,9,NO,"CONDUCE BAJO LA INFLUENCIA DE ALCOHOL, SUSTANCIAS ESTUPEFACIENTES O PSICOTROPICAS Y/O MEDICAMENTOS.",CHOQUE LATERAL,AUTOMOVIL,1,0,0,0,1,0,0,0,0,0,0,0,0,2,32,MUJER,LESIONADO,PASAJERO,NO,NO,3
20655,72377,72378,2019,0,0,-0.113555,-78.497601,PICHINCHA,QUITO,QUITO,URBANA,2019-09-24,00:45:00,0,MARTES,2,SEPTIEMBRE,9,NO,CONDUCIR VEHICULO SUPERANDO LOS LIMITES MAXIMOS DE VELOCIDAD.,ESTRELLAMIENTOS,AUTOMOVIL,1,0,0,0,0,0,0,0,0,0,0,0,0,1,-1,NO IDENTIFICADO,NO IDENTIFICADO,CONDUCTOR AUSENTE,NO,NO,2
20656,72378,72379,2019,0,0,-0.200681,-78.457883,PICHINCHA,QUITO,QUITO,RURAL,2019-09-24,01:10:00,1,MARTES,2,SEPTIEMBRE,9,NO,CONDUCIR VEHICULO SUPERANDO LOS LIMITES MAXIMOS DE VELOCIDAD.,ESTRELLAMIENTOS,AUTOMOVIL,1,0,0,0,0,0,0,0,0,0,0,0,0,1,-1,NO IDENTIFICADO,NO IDENTIFICADO,CONDUCTOR AUSENTE,NO,NO,2
20657,72381,72382,2019,2,0,-0.449003,-78.631997,PICHINCHA,MEJIA,ALOAG,RURAL,2019-09-24,05:30:00,5,MARTES,2,SEPTIEMBRE,9,NO,"CONDUCIR DESATENTO A LAS CONDICIONES DE TRANSITO (CELULAR, PANTALLAS DE VIDEO, COMIDA, MAQUILLAJE O CUALQUIER OTRO ELEMENTO DISTRACTOR).",PERDIDA DE PISTA,AUTOMOVIL,1,0,0,0,0,0,0,0,0,0,0,0,0,1,16,MUJER,LESIONADO,PASAJERO,NO,SI,3
20658,72385,72386,2019,1,0,-0.517484,-78.576383,PICHINCHA,MEJIA,MACHACHI,RURAL,2019-09-24,06:52:00,6,MARTES,2,SEPTIEMBRE,9,NO,NO TRANSITAR POR LAS ACERAS O ZONAS DE SEGURIDAD DESTINADAS PARA EL EFECTO.,ATROPELLOS,CAMIONETA,0,0,0,0,1,0,0,0,0,0,0,0,0,1,52,MUJER,LESIONADO,PEATON,NO,SI,3
20659,72395,72396,2019,0,0,-0.299374,-78.520917,PICHINCHA,QUITO,QUITO,URBANA,2019-09-24,11:30:00,11,MARTES,2,SEPTIEMBRE,9,NO,CONDUCIR VEHICULO SUPERANDO LOS LIMITES MAXIMOS DE VELOCIDAD.,COLISION,AUTOMOVIL,3,0,0,0,0,0,0,0,0,1,0,0,0,4,39,HOMBRE,ILESO,CONDUCTOR PRESENTE,NO,NO,0
20660,72397,72398,2019,1,0,-0.123546,-78.503311,PICHINCHA,QUITO,QUITO,URBANA,2019-09-24,12:00:00,12,MARTES,2,SEPTIEMBRE,9,NO,NO GUARDAR LA DISTANCIA LATERAL MINIMA DE SEGURIDAD ENTRE VEHICULOS.,CHOQUE LATERAL,AUTOMOVIL,2,0,0,0,0,0,0,0,0,0,0,0,0,2,26,MUJER,LESIONADO,PASAJERO,NO,NO,0
20661,72411,72412,2019,0,0,-0.088884,-78.439915,PICHINCHA,QUITO,CALDERON (CARAPUNGO),RURAL,2019-09-24,16:20:00,16,MARTES,2,SEPTIEMBRE,9,NO,"CONDICIONES AMBIENTALES Y/O ATMOSFERICAS (NIEBLA, NEBLINA, GRANIZO, LLUVIA).",ESTRELLAMIENTOS,CAMION,0,0,0,1,0,0,0,0,0,0,0,0,0,1,-1,NO IDENTIFICADO,NO IDENTIFICADO,CONDUCTOR AUSENTE,NO,NO,2
20662,72412,72413,2019,0,0,-0.272977,-78.529361,PICHINCHA,QUITO,QUITO,URBANA,2019-09-24,16:21:00,16,MARTES,2,SEPTIEMBRE,9,NO,"CASO FORTUITO O FUERZA MAYOR (EXPLOSION DE NEUMATICO NUEVO, DERRUMBE, INUNDACION, CAIDA DE PUENTE, ARBOL, PRESENCIA INTEMPESTIVA E IMPREVISTA DE SEMOVIENTES EN LA VIA, ETC.).",CHOQUE LATERAL,CAMIONETA,1,0,0,0,1,0,0,0,0,0,0,0,0,2,32,HOMBRE,ILESO,CONDUCTOR PRESENTE,NO,NO,0
20663,72429,72430,2019,0,0,-0.299432,-78.559038,PICHINCHA,QUITO,QUITO,URBANA,2019-09-24,20:30:00,20,MARTES,2,SEPTIEMBRE,9,NO,NO MANTENER LA DISTANCIA PRUDENCIAL CON RESPECTO AL VEHICULO QUE LE ANTECEDE.,CHOQUE POSTERIOR,AUTOMOVIL,2,0,0,0,0,0,0,0,0,0,0,0,0,2,29,HOMBRE,ILESO,CONDUCTOR PRESENTE,NO,NO,0
20664,72431,72432,2019,0,0,-0.299015,-78.531528,PICHINCHA,QUITO,QUITO,URBANA,2019-09-24,22:00:00,22,MARTES,2,SEPTIEMBRE,9,NO,"NO RESPETAR LAS SENIALES REGLAMENTARIAS DE TRANSITO. (PARE, CEDA EL PASO, LUZ ROJA DEL SEMAFORO, ETC).",ESTRELLAMIENTOS,AUTOMOVIL,1,0,0,0,0,0,0,0,0,0,0,0,0,1,-1,NO IDENTIFICADO,NO IDENTIFICADO,CONDUCTOR AUSENTE,NO,NO,2
20665,72435,72436,2019,0,0,-0.265158,-78.520699,PICHINCHA,QUITO,QUITO,URBANA,2019-09-25,02:30:00,2,MIERCOLES,3,SEPTIEMBRE,9,NO,CONDUCIR VEHICULO SUPERANDO LOS LIMITES MAXIMOS DE VELOCIDAD.,ESTRELLAMIENTOS,AUTOMOVIL,1,0,0,0,0,0,0,0,0,0,0,0,0,1,-1,NO IDENTIFICADO,NO IDENTIFICADO,CONDUCTOR AUSENTE,NO,NO,2
20666,72437,72438,2019,2,0,-0.198719,-78.484402,PICHINCHA,QUITO,QUITO,URBANA,2019-09-25,04:25:00,4,MIERCOLES,3,SEPTIEMBRE,9,NO,"NO RESPETAR LAS SENIALES REGLAMENTARIAS DE TRANSITO. (PARE, CEDA EL PASO, LUZ ROJA DEL SEMAFORO, ETC).",CHOQUE LATERAL,AUTOMOVIL,2,0,0,0,0,0,0,0,0,0,0,0,0,2,41,HOMBRE,LESIONADO,CONDUCTOR PRESENTE,NO,NO,0
20667,72440,72441,2019,16,1,-0.145155,-78.453871,PICHINCHA,QUITO,QUITO,URBANA,2019-09-25,07:30:00,7,MIERCOLES,3,SEPTIEMBRE,9,NO,"NO RESPETAR LAS SENIALES REGLAMENTARIAS DE TRANSITO. (PARE, CEDA EL PASO, LUZ ROJA DEL SEMAFORO, ETC).",ESTRELLAMIENTOS,BUS,0,0,1,0,0,0,0,0,0,0,0,0,0,1,33,HOMBRE,FALLECIDO,CONDUCTOR PRESENTE,NO,NO,0
20668,72454,72455,2019,0,0,-0.121176,-78.466968,PICHINCHA,QUITO,QUITO,URBANA,2019-09-25,13:10:00,13,MIERCOLES,3,SEPTIEMBRE,9,NO,"CONDUCE BAJO LA INFLUENCIA DE ALCOHOL, SUSTANCIAS ESTUPEFACIENTES O PSICOTROPICAS Y/O MEDICAMENTOS.",OTROS,MOTOCICLETA,1,0,0,0,0,0,0,0,1,0,0,0,0,2,38,HOMBRE,ILESO,CONDUCTOR PRESENTE,NO,NO,0
20669,72457,72458,2019,1,0,-0.142178,-78.500536,PICHINCHA,QUITO,QUITO,URBANA,2019-09-25,15:20:00,15,MIERCOLES,3,SEPTIEMBRE,9,NO,NO MANTENER LA DISTANCIA PRUDENCIAL CON RESPECTO AL VEHICULO QUE LE ANTECEDE.,CHOQUE POSTERIOR,AUTOMOVIL,1,0,0,0,0,0,0,0,1,0,0,0,0,2,21,HOMBRE,LESIONADO,CONDUCTOR PRESENTE,SI,NO,0
20670,72458,72459,2019,0,0,-0.210558,-78.386186,PICHINCHA,QUITO,TUMBACO,RURAL,2019-09-25,15:50:00,15,MIERCOLES,3,SEPTIEMBRE,9,NO,CONDUCIR VEHICULO SUPERANDO LOS LIMITES MAXIMOS DE VELOCIDAD.,ESTRELLAMIENTOS,FURGONETA,0,0,0,0,0,0,0,1,0,0,0,0,0,1,-1,NO IDENTIFICADO,NO IDENTIFICADO,CONDUCTOR AUSENTE,NO,NO,2
20671,72468,72469,2019,1,0,-0.105312,-78.433076,PICHINCHA,QUITO,CALDERON (CARAPUNGO),RURAL,2019-09-25,21:09:00,21,MIERCOLES,3,SEPTIEMBRE,9,NO,CONDUCIR VEHICULO SUPERANDO LOS LIMITES MAXIMOS DE VELOCIDAD.,VOLCAMIENTOS,MOTOCICLETA,0,0,0,0,0,0,0,0,1,0,0,0,0,1,30,HOMBRE,LESIONADO,CONDUCTOR PRESENTE,SI,NO,3
20672,72474,72475,2019,1,0,-0.309753,-78.552531,PICHINCHA,QUITO,QUITO,URBANA,2019-09-25,23:30:00,23,MIERCOLES,3,SEPTIEMBRE,9,NO,"CONDUCE BAJO LA INFLUENCIA DE ALCOHOL, SUSTANCIAS ESTUPEFACIENTES O PSICOTROPICAS Y/O MEDICAMENTOS.",CHOQUE LATERAL,FURGONETA,0,0,0,0,0,0,0,1,1,0,0,0,0,2,20,HOMBRE,LESIONADO,PASAJERO,NO,NO,0
20673,72475,72476,2019,0,0,-0.176928,-78.481017,PICHINCHA,QUITO,QUITO,URBANA,2019-09-26,00:00:00,0,JUEVES,4,SEPTIEMBRE,9,NO,NO MANTENER LA DISTANCIA PRUDENCIAL CON RESPECTO AL VEHICULO QUE LE ANTECEDE.,CHOQUE POSTERIOR,AUTOMOVIL,2,0,0,0,0,0,0,0,0,0,0,0,0,2,29,HOMBRE,ILESO,PASAJERO,NO,NO,0
20674,72479,72480,2019,0,0,-0.182997,-78.503721,PICHINCHA,QUITO,QUITO,URBANA,2019-09-26,01:00:00,1,JUEVES,4,SEPTIEMBRE,9,NO,"CONDUCIR EN ESTADO DE SOMNOLENCIA O MALAS CONDICIONES FISICAS (SUENIO, CANSANCIO Y FATIGA).",ESTRELLAMIENTOS,CAMIONETA,0,0,0,0,1,0,0,0,0,0,0,0,0,1,46,MUJER,ILESO,CONDUCTOR PRESENTE,NO,NO,0
20675,72480,72481,2019,0,0,-0.188854,-78.482785,PICHINCHA,QUITO,QUITO,URBANA,2019-09-26,01:50:00,1,JUEVES,4,SEPTIEMBRE,9,NO,"NO RESPETAR LAS SENIALES REGLAMENTARIAS DE TRANSITO. (PARE, CEDA EL PASO, LUZ ROJA DEL SEMAFORO, ETC).",ESTRELLAMIENTOS,AUTOMOVIL,1,0,0,0,0,0,0,0,0,0,0,0,0,1,-1,NO IDENTIFICADO,NO IDENTIFICADO,CONDUCTOR AUSENTE,NO,NO,2
20676,72490,72491,2019,0,0,-0.175579,-78.487537,PICHINCHA,QUITO,QUITO,URBANA,2019-09-26,06:45:00,6,JUEVES,4,SEPTIEMBRE,9,NO,CONDUCIR VEHICULO SUPERANDO LOS LIMITES MAXIMOS DE VELOCIDAD.,CHOQUE LATERAL,AUTOMOVIL,2,0,0,0,0,0,0,0,0,0,0,0,0,2,34,HOMBRE,ILESO,CONDUCTOR PRESENTE,NO,NO,0
20677,72492,72493,2019,0,0,-0.138171,-78.480445,PICHINCHA,QUITO,QUITO,URBANA,2019-09-26,07:35:00,7,JUEVES,4,SEPTIEMBRE,9,NO,CONDUCIR VEHICULO SUPERANDO LOS LIMITES MAXIMOS DE VELOCIDAD.,ESTRELLAMIENTOS,AUTOMOVIL,3,0,0,0,0,0,0,0,0,0,0,0,0,3,43,MUJER,ILESO,CONDUCTOR PRESENTE,NO,NO,0
20678,72496,72497,2019,1,0,-0.142012,-78.496384,PICHINCHA,QUITO,QUITO,URBANA,2019-09-26,09:25:00,9,JUEVES,4,SEPTIEMBRE,9,NO,"NO RESPETAR LAS SENIALES REGLAMENTARIAS DE TRANSITO. (PARE, CEDA EL PASO, LUZ ROJA DEL SEMAFORO, ETC).",CHOQUE FRONTAL,MOTOCICLETA,1,0,0,0,0,0,0,0,1,0,0,0,0,2,27,MUJER,LESIONADO,CONDUCTOR PRESENTE,NO,NO,0
20679,72510,72511,2019,2,0,-0.207305,-78.497847,PICHINCHA,QUITO,QUITO,URBANA,2019-09-26,14:00:00,14,JUEVES,4,SEPTIEMBRE,9,NO,NO TRANSITAR POR LAS ACERAS O ZONAS DE SEGURIDAD DESTINADAS PARA EL EFECTO.,ATROPELLOS,MOTOCICLETA,0,0,0,0,0,0,0,0,1,0,0,0,0,1,66,MUJER,LESIONADO,PEATON,NO,NO,0
20680,72512,72513,2019,0,0,-0.133464,-78.494995,PICHINCHA,QUITO,QUITO,URBANA,2019-09-26,14:55:00,14,JUEVES,4,SEPTIEMBRE,9,NO,NO MANTENER LA DISTANCIA PRUDENCIAL CON RESPECTO AL VEHICULO QUE LE ANTECEDE.,CHOQUE POSTERIOR,AUTOMOVIL,2,0,0,0,0,0,0,0,0,0,0,0,0,2,29,HOMBRE,ILESO,CONDUCTOR PRESENTE,NO,NO,0
20681,72513,72514,2019,1,0,-0.128693,-78.471214,PICHINCHA,QUITO,QUITO,URBANA,2019-09-26,15:00:00,15,JUEVES,4,SEPTIEMBRE,9,NO,"CONDUCIR DESATENTO A LAS CONDICIONES DE TRANSITO (CELULAR, PANTALLAS DE VIDEO, COMIDA, MAQUILLAJE O CUALQUIER OTRO ELEMENTO DISTRACTOR).",CHOQUE LATERAL,AUTOMOVIL,1,0,0,0,0,0,0,0,0,1,0,0,0,2,22,HOMBRE,LESIONADO,CONDUCTOR PRESENTE,NO,NO,0
20682,72518,72519,2019,0,0,-0.133581,-78.486777,PICHINCHA,QUITO,QUITO,URBANA,2019-09-26,17:20:00,17,JUEVES,4,SEPTIEMBRE,9,NO,CONDUCIR VEHICULO SUPERANDO LOS LIMITES MAXIMOS DE VELOCIDAD.,ESTRELLAMIENTOS,AUTOMOVIL,1,0,0,0,1,0,0,1,0,0,0,0,0,3,35,MUJER,ILESO,CONDUCTOR PRESENTE,NO,NO,0
20683,72535,72536,2019,1,0,-0.172268,-78.451339,PICHINCHA,QUITO,QUITO,URBANA,2019-09-27,01:53:00,1,VIERNES,5,SEPTIEMBRE,9,NO,"CONDUCIR EN ESTADO DE SOMNOLENCIA O MALAS CONDICIONES FISICAS (SUENIO, CANSANCIO Y FATIGA).",ESTRELLAMIENTOS,AUTOMOVIL,1,0,0,0,0,0,0,0,0,0,0,0,0,1,22,HOMBRE,LESIONADO,PASAJERO,NO,NO,0
20684,72541,72542,2019,0,0,-0.200326,-78.430397,PICHINCHA,QUITO,CUMBAYA,RURAL,2019-09-27,03:10:00,3,VIERNES,5,SEPTIEMBRE,9,NO,"NO RESPETAR LAS SENIALES REGLAMENTARIAS DE TRANSITO. (PARE, CEDA EL PASO, LUZ ROJA DEL SEMAFORO, ETC).",ESTRELLAMIENTOS,AUTOMOVIL,1,0,0,0,0,0,0,0,0,0,0,0,0,1,-1,NO IDENTIFICADO,NO IDENTIFICADO,CONDUCTOR AUSENTE,NO,NO,2
20685,72544,72545,2019,0,0,-0.195969,-78.495101,PICHINCHA,QUITO,QUITO,URBANA,2019-09-27,04:50:00,4,VIERNES,5,SEPTIEMBRE,9,NO,CONDUCIR VEHICULO SUPERANDO LOS LIMITES MAXIMOS DE VELOCIDAD.,ESTRELLAMIENTOS,AUTOMOVIL,1,0,0,0,0,0,0,0,0,0,0,0,0,1,-1,NO IDENTIFICADO,NO IDENTIFICADO,CONDUCTOR AUSENTE,NO,NO,2
20686,72547,72548,2019,1,0,-0.226361,-78.523866,PICHINCHA,QUITO,QUITO,URBANA,2019-09-27,06:15:00,6,VIERNES,5,SEPTIEMBRE,9,NO,DEJAR O RECOGER PASAJEROS EN LUGARES NO PERMITIDOS.,CAIDA DE PASAJERO,BUS,0,0,1,0,0,0,0,0,0,0,0,0,0,1,16,MUJER,LESIONADO,PASAJERO,NO,NO,0
20687,72548,72549,2019,0,0,-0.237053,-78.486621,PICHINCHA,QUITO,QUITO,URBANA,2019-09-27,06:20:00,6,VIERNES,5,SEPTIEMBRE,9,NO,CONDUCIR VEHICULO SUPERANDO LOS LIMITES MAXIMOS DE VELOCIDAD.,ESTRELLAMIENTOS,CAMION,0,0,0,1,0,0,0,0,0,0,0,0,0,1,38,HOMBRE,ILESO,CONDUCTOR PRESENTE,NO,NO,0
20688,72554,72555,2019,1,0,-0.320395,-78.557079,PICHINCHA,QUITO,QUITO,URBANA,2019-09-27,06:55:00,6,VIERNES,5,SEPTIEMBRE,9,NO,NO GUARDAR LA DISTANCIA LATERAL MINIMA DE SEGURIDAD ENTRE VEHICULOS.,CHOQUE LATERAL,AUTOMOVIL,2,0,0,0,0,0,0,0,0,0,0,0,0,2,30,MUJER,LESIONADO,CONDUCTOR PRESENTE,NO,NO,0
20689,72557,72558,2019,2,0,-0.118298,-78.483786,PICHINCHA,QUITO,QUITO,URBANA,2019-09-27,07:28:00,7,VIERNES,5,SEPTIEMBRE,9,NO,NO GUARDAR LA DISTANCIA LATERAL MINIMA DE SEGURIDAD ENTRE VEHICULOS.,CHOQUE LATERAL,AUTOMOVIL,2,0,0,0,0,0,0,0,0,0,0,0,0,2,78,MUJER,LESIONADO,PASAJERO,NO,NO,0
20690,72560,72561,2019,1,0,-0.089185,-78.428042,PICHINCHA,QUITO,CALDERON (CARAPUNGO),RURAL,2019-09-27,07:55:00,7,VIERNES,5,SEPTIEMBRE,9,NO,DEJAR O RECOGER PASAJEROS EN LUGARES NO PERMITIDOS.,CAIDA DE PASAJERO,BUS,0,0,1,0,0,0,0,0,0,0,0,0,0,1,60,MUJER,LESIONADO,CONDUCTOR PRESENTE,NO,NO,3
20691,72564,72565,2019,1,0,-0.240223,-78.531309,PICHINCHA,QUITO,QUITO,URBANA,2019-09-27,08:45:00,8,VIERNES,5,SEPTIEMBRE,9,NO,NO TRANSITAR POR LAS ACERAS O ZONAS DE SEGURIDAD DESTINADAS PARA EL EFECTO.,ATROPELLOS,AUTOMOVIL,1,0,0,0,0,0,0,0,0,0,0,0,0,1,89,MUJER,LESIONADO,PEATON,NO,NO,0
20692,72581,72582,2019,0,0,-0.258957,-78.527653,PICHINCHA,QUITO,QUITO,URBANA,2019-09-27,15:10:00,15,VIERNES,5,SEPTIEMBRE,9,NO,CONDUCIR VEHICULO SUPERANDO LOS LIMITES MAXIMOS DE VELOCIDAD.,ESTRELLAMIENTOS,AUTOMOVIL,1,0,0,0,0,0,0,0,0,1,0,0,0,2,-1,NO IDENTIFICADO,NO IDENTIFICADO,CONDUCTOR AUSENTE,NO,NO,2
20693,72583,72584,2019,0,0,-0.159584,-78.477172,PICHINCHA,QUITO,QUITO,URBANA,2019-09-27,15:17:00,15,VIERNES,5,SEPTIEMBRE,9,NO,REALIZAR CAMBIO BRUSCO O INDEBIDO DE CARRIL.,CHOQUE LATERAL,CAMIONETA,1,0,0,0,1,0,0,0,0,0,0,0,0,2,26,HOMBRE,ILESO,CONDUCTOR PRESENTE,NO,NO,0
20694,72584,72585,2019,0,0,-0.280381,-78.556701,PICHINCHA,QUITO,QUITO,URBANA,2019-09-27,15:20:00,15,VIERNES,5,SEPTIEMBRE,9,NO,CONDUCIR VEHICULO SUPERANDO LOS LIMITES MAXIMOS DE VELOCIDAD.,CHOQUE LATERAL,AUTOMOVIL,1,0,0,0,0,0,0,0,1,0,0,0,0,2,50,HOMBRE,ILESO,CONDUCTOR PRESENTE,NO,NO,0
20695,72585,72586,2019,1,0,-0.144398,-78.471266,PICHINCHA,QUITO,QUITO,URBANA,2019-09-27,15:45:00,15,VIERNES,5,SEPTIEMBRE,9,NO,CONDUCIR VEHICULO SUPERANDO LOS LIMITES MAXIMOS DE VELOCIDAD.,CHOQUE LATERAL,MOTOCICLETA,0,0,0,0,1,0,0,0,1,0,0,0,0,2,26,HOMBRE,LESIONADO,CONDUCTOR PRESENTE,NO,NO,0
20696,72604,72605,2019,2,0,-0.209411,-78.502023,PICHINCHA,QUITO,QUITO,URBANA,2019-09-27,21:29:00,21,VIERNES,5,SEPTIEMBRE,9,NO,NO GUARDAR LA DISTANCIA LATERAL MINIMA DE SEGURIDAD ENTRE VEHICULOS.,CHOQUE LATERAL,AUTOMOVIL,2,0,0,0,0,0,0,0,0,0,0,0,0,2,65,HOMBRE,LESIONADO,PASAJERO,NO,NO,0
20697,72605,72606,2019,0,0,-0.202346,-78.509235,PICHINCHA,QUITO,QUITO,URBANA,2019-09-27,21:50:00,21,VIERNES,5,SEPTIEMBRE,9,NO,DEJAR O RECOGER PASAJEROS EN LUGARES NO PERMITIDOS.,VOLCAMIENTOS,CAMIONETA,0,0,0,0,1,0,0,0,0,0,0,0,0,1,52,HOMBRE,ILESO,CONDUCTOR PRESENTE,NO,NO,0
20698,72608,72609,2019,0,0,-0.085894,-78.510717,PICHINCHA,QUITO,QUITO,URBANA,2019-09-27,22:15:00,22,VIERNES,5,SEPTIEMBRE,9,NO,"CONDUCIR EN ESTADO DE SOMNOLENCIA O MALAS CONDICIONES FISICAS (SUENIO, CANSANCIO Y FATIGA).",OTROS,BUS,0,0,1,0,0,0,0,0,0,0,0,0,0,1,34,HOMBRE,ILESO,CONDUCTOR PRESENTE,NO,NO,0
20699,72609,72610,2019,0,0,-0.094218,-78.481195,PICHINCHA,QUITO,QUITO,URBANA,2019-09-27,22:30:00,22,VIERNES,5,SEPTIEMBRE,9,NO,"CONDUCE BAJO LA INFLUENCIA DE ALCOHOL, SUSTANCIAS ESTUPEFACIENTES O PSICOTROPICAS Y/O MEDICAMENTOS.",COLISION,AUTOMOVIL,3,0,0,0,0,0,0,0,0,0,0,0,0,3,62,MUJER,ILESO,CONDUCTOR PRESENTE,NO,NO,0
20700,72610,72611,2019,1,0,-0.237474,-78.484642,PICHINCHA,QUITO,QUITO,URBANA,2019-09-27,22:37:00,22,VIERNES,5,SEPTIEMBRE,9,NO,"PRESENCIA DE AGENTES EXTERNOS EN LA VIA (AGUA, ACEITE, PIEDRA, LASTRE, ESCOMBROS, MADEROS, ETC.).",CHOQUE LATERAL,MOTOCICLETA,1,0,0,0,0,0,0,0,1,0,0,0,0,2,23,HOMBRE,LESIONADO,CONDUCTOR PRESENTE,NO,NO,0
20701,72613,72614,2019,1,0,-0.123564,-78.503311,PICHINCHA,QUITO,QUITO,URBANA,2019-09-28,00:00:00,0,SABADO,6,SEPTIEMBRE,9,NO,NO GUARDAR LA DISTANCIA LATERAL MINIMA DE SEGURIDAD ENTRE VEHICULOS.,CHOQUE LATERAL,MOTOCICLETA,1,0,0,0,0,0,0,0,1,0,0,0,0,2,32,HOMBRE,LESIONADO,CONDUCTOR PRESENTE,NO,NO,0
20702,72618,72619,2019,0,0,-0.258505,-78.541022,PICHINCHA,QUITO,QUITO,URBANA,2019-09-28,01:15:00,1,SABADO,6,SEPTIEMBRE,9,NO,NO CEDER EL DERECHO DE VIA O PREFERENCIA DE PASO AL PEATON.,ATROPELLOS,NO IDENTIFICADO,0,0,0,0,0,0,0,0,0,1,0,0,0,1,34,MUJER,ILESO,PEATON,NO,NO,0
20703,72619,72620,2019,0,0,-0.181614,-78.486655,PICHINCHA,QUITO,QUITO,URBANA,2019-09-28,01:46:00,1,SABADO,6,SEPTIEMBRE,9,NO,"NO RESPETAR LAS SENIALES REGLAMENTARIAS DE TRANSITO. (PARE, CEDA EL PASO, LUZ ROJA DEL SEMAFORO, ETC).",ESTRELLAMIENTOS,AUTOMOVIL,1,0,0,0,0,0,0,0,0,0,0,0,0,1,31,HOMBRE,ILESO,CONDUCTOR PRESENTE,NO,NO,0