,Unnamed: 0,ID,ANIO,LESIONADOS,FALLECIDOS,LATITUD_Y,LONGITUD_X,PROVINCIA,CANTON,PARROQUIA,ZONA,FECHA,HORA,PERIODO_2,DIA_1,DIA_2,MES_1,MES_2,FERIADO,CAUSA_PROBABLE,TIPO_DE_SINIESTRO,TIPO_DE_VEHICULO_1,AUTOMOVIL,BICICLETA,BUS,CAMION,CAMIONETA,EMERGENCIAS,ESPECIAL,FURGONETA,MOTOCICLETA,NO_IDENTIFICADO,SCOOTER_ELECTRICO,TRICIMOTO,VEHICULO_DEPORTIVO_UTILITARIO,SUMA_DE_VEHICULOS,EDAD_1,SEXO_1,CONDICION_1,PARTICIPANTE_1,CASCO_1,CINTURON_1,KMeans_Cluster
20704,72624,72625,2019,1,0,-0.100181,-78.471675,PICHINCHA,QUITO,QUITO,URBANA,2019-09-28,03:40:00,3,SABADO,6,SEPTIEMBRE,9,NO,NO GUARDAR LA DISTANCIA LATERAL MINIMA DE SEGURIDAD ENTRE VEHICULOS.,CHOQUE LATERAL,MOTOCICLETA,1,0,0,0,0,0,0,0,1,0,0,0,0,2,38,HOMBRE,LESIONADO,CONDUCTOR PRESENTE,NO,NO,0
20705,72625,72626,2019,3,0,-0.094839,-78.482724,PICHINCHA,QUITO,QUITO,URBANA,2019-09-28,04:00:00,4,SABADO,6,SEPTIEMBRE,9,NO,NO MANTENER LA DISTANCIA PRUDENCIAL CON RESPECTO AL VEHICULO QUE LE ANTECEDE.,CHOQUE POSTERIOR,AUTOMOVIL,1,0,0,0,0,0,0,0,0,1,0,0,0,2,45,HOMBRE,LESIONADO,PASAJERO,NO,NO,0
20706,72632,72633,2019,0,0,-0.141096,-78.500985,PICHINCHA,QUITO,QUITO,URBANA,2019-09-28,06:00:00,6,SABADO,6,SEPTIEMBRE,9,NO,CONDUCIR VEHICULO SUPERANDO LOS LIMITES MAXIMOS DE VELOCIDAD.,ESTRELLAMIENTOS,AUTOMOVIL,1,0,0,0,0,0,0,0,0,0,0,0,0,1,-1,NO IDENTIFICADO,NO IDENTIFICADO,CONDUCTOR AUSENTE,NO,NO,2
20707,72634,72635,2019,0,0,-0.261325,-78.520301,PICHINCHA,QUITO,QUITO,URBANA,2019-09-28,06:15:00,6,SABADO,6,SEPTIEMBRE,9,NO,CONDUCIR VEHICULO SUPERANDO LOS LIMITES MAXIMOS DE VELOCIDAD.,ESTRELLAMIENTOS,NO IDENTIFICADO,0,0,0,0,0,0,0,0,0,1,0,0,0,1,-1,NO IDENTIFICADO,NO IDENTIFICADO,CONDUCTOR AUSENTE,NO,NO,2
20708,72639,72640,2019,0,0,-0.308006,-78.559416,PICHINCHA,QUITO,QUITO,URBANA,2019-09-28,07:15:00,7,SABADO,6,SEPTIEMBRE,9,NO,"CONDUCE BAJO LA INFLUENCIA DE ALCOHOL, SUSTANCIAS ESTUPEFACIENTES O PSICOTROPICAS Y/O MEDICAMENTOS.",CHOQUE LATERAL,AUTOMOVIL,2,0,0,0,0,0,0,0,0,0,0,0,0,2,23,HOMBRE,ILESO,CONDUCTOR PRESENTE,NO,NO,0
20709,72659,72660,2019,0,0,-0.220112,-78.507495,PICHINCHA,QUITO,QUITO,URBANA,2019-09-28,14:00:00,14,SABADO,6,SEPTIEMBRE,9,NO,"CONDUCIR DESATENTO A LAS CONDICIONES DE TRANSITO (CELULAR, PANTALLAS DE VIDEO, COMIDA, MAQUILLAJE O CUALQUIER OTRO ELEMENTO DISTRACTOR).",CHOQUE POSTERIOR,AUTOMOVIL,2,0,0,0,0,0,0,0,0,0,0,0,0,2,47,MUJER,ILESO,CONDUCTOR PRESENTE,NO,NO,0
20710,72666,72667,2019,1,0,-0.088884,-78.439915,PICHINCHA,QUITO,CALDERON (CARAPUNGO),RURAL,2019-09-28,16:36:00,16,SABADO,6,SEPTIEMBRE,9,NO,NO CEDER EL DERECHO DE VIA O PREFERENCIA DE PASO A VEHICULOS.,CHOQUE LATERAL,AUTOMOVIL,1,0,0,0,0,0,0,0,1,0,0,0,0,2,20,HOMBRE,LESIONADO,CONDUCTOR PRESENTE,NO,NO,3
20711,72671,72672,2019,2,0,-0.150393,-78.453592,PICHINCHA,QUITO,QUITO,RURAL,2019-09-28,18:00:00,18,SABADO,6,SEPTIEMBRE,9,NO,"CONDUCE BAJO LA INFLUENCIA DE ALCOHOL, SUSTANCIAS ESTUPEFACIENTES O PSICOTROPICAS Y/O MEDICAMENTOS.",CHOQUE POSTERIOR,MOTOCICLETA,0,0,0,0,1,0,0,0,1,0,0,0,0,2,36,HOMBRE,LESIONADO,PASAJERO,NO,NO,3
20712,72674,72675,2019,1,0,-0.125205,-78.522807,PICHINCHA,QUITO,QUITO,URBANA,2019-09-28,18:50:00,18,SABADO,6,SEPTIEMBRE,9,NO,"CONDUCE BAJO LA INFLUENCIA DE ALCOHOL, SUSTANCIAS ESTUPEFACIENTES O PSICOTROPICAS Y/O MEDICAMENTOS.",ATROPELLOS,AUTOMOVIL,1,0,0,0,0,0,0,0,0,0,0,0,0,1,48,HOMBRE,LESIONADO,PEATON,NO,NO,0
20713,72681,72682,2019,0,0,-0.277334,-78.546535,PICHINCHA,QUITO,QUITO,URBANA,2019-09-28,19:10:00,19,SABADO,6,SEPTIEMBRE,9,NO,"NO RESPETAR LAS SENIALES REGLAMENTARIAS DE TRANSITO. (PARE, CEDA EL PASO, LUZ ROJA DEL SEMAFORO, ETC).",PERDIDA DE CARRIL,MOTOCICLETA,0,0,0,0,0,0,0,0,1,0,0,0,0,1,-1,NO IDENTIFICADO,NO IDENTIFICADO,CONDUCTOR AUSENTE,NO,NO,2
20714,72682,72683,2019,1,0,-0.091585,-78.439052,PICHINCHA,QUITO,CALDERON (CARAPUNGO),RURAL,2019-09-28,19:15:00,19,SABADO,6,SEPTIEMBRE,9,NO,PEATON QUE CRUZA LA CALZADA SIN RESPETAR LA SENIALIZACION EXISTENTE (SEMAFOROS O SENIALES MANUALES).,ATROPELLOS,AUTOMOVIL,1,0,0,0,0,0,0,0,0,0,0,0,0,1,61,HOMBRE,LESIONADO,PEATON,NO,NO,3
20715,72709,72710,2019,0,0,-0.166418,-78.486801,PICHINCHA,QUITO,QUITO,URBANA,2019-09-29,02:05:00,2,DOMINGO,7,SEPTIEMBRE,9,NO,"NO RESPETAR LAS SENIALES REGLAMENTARIAS DE TRANSITO. (PARE, CEDA EL PASO, LUZ ROJA DEL SEMAFORO, ETC).",ESTRELLAMIENTOS,AUTOMOVIL,1,0,0,0,0,0,0,0,0,0,0,0,0,1,-1,NO IDENTIFICADO,NO IDENTIFICADO,CONDUCTOR AUSENTE,NO,NO,2
20716,72727,72728,2019,1,0,-0.252186,-78.512803,PICHINCHA,QUITO,QUITO,URBANA,2019-09-29,04:30:00,4,DOMINGO,7,SEPTIEMBRE,9,NO,"NO RESPETAR LAS SENIALES REGLAMENTARIAS DE TRANSITO. (PARE, CEDA EL PASO, LUZ ROJA DEL SEMAFORO, ETC).",ESTRELLAMIENTOS,AUTOMOVIL,1,0,0,0,0,0,0,0,0,0,0,0,0,1,27,HOMBRE,LESIONADO,PASAJERO,NO,NO,0
20717,72742,72743,2019,0,0,-0.242786,-78.474696,PICHINCHA,QUITO,QUITO,RURAL,2019-09-29,07:00:00,7,DOMINGO,7,SEPTIEMBRE,9,NO,CONDUCIR VEHICULO SUPERANDO LOS LIMITES MAXIMOS DE VELOCIDAD.,ESTRELLAMIENTOS,AUTOMOVIL,1,0,0,0,0,0,0,0,0,0,0,0,0,1,20,HOMBRE,ILESO,CONDUCTOR PRESENTE,NO,NO,3
20718,72743,72744,2019,0,0,-0.190933,-78.480366,PICHINCHA,QUITO,QUITO,RURAL,2019-09-29,07:15:00,7,DOMINGO,7,SEPTIEMBRE,9,NO,"CONDUCE BAJO LA INFLUENCIA DE ALCOHOL, SUSTANCIAS ESTUPEFACIENTES O PSICOTROPICAS Y/O MEDICAMENTOS.",COLISION,AUTOMOVIL,3,0,0,0,0,0,0,0,0,0,0,0,0,3,62,HOMBRE,ILESO,CONDUCTOR PRESENTE,NO,NO,3
20719,72746,72747,2019,0,0,-0.336412,-78.544583,PICHINCHA,QUITO,QUITO,URBANA,2019-09-29,08:10:00,8,DOMINGO,7,SEPTIEMBRE,9,NO,NO GUARDAR LA DISTANCIA LATERAL MINIMA DE SEGURIDAD ENTRE VEHICULOS.,CHOQUE LATERAL,AUTOMOVIL,1,0,0,0,0,0,0,0,0,1,0,0,0,2,32,HOMBRE,ILESO,CONDUCTOR PRESENTE,NO,NO,0
20720,72747,72748,2019,0,0,-0.131535,-78.499813,PICHINCHA,QUITO,QUITO,URBANA,2019-09-29,08:52:00,8,DOMINGO,7,SEPTIEMBRE,9,NO,NO GUARDAR LA DISTANCIA LATERAL MINIMA DE SEGURIDAD ENTRE VEHICULOS.,CHOQUE LATERAL,AUTOMOVIL,2,0,0,0,0,0,0,0,0,0,0,0,0,2,34,HOMBRE,ILESO,CONDUCTOR PRESENTE,NO,NO,0
20721,72750,72751,2019,1,0,-0.221214,-78.511301,PICHINCHA,QUITO,QUITO,URBANA,2019-09-29,09:55:00,9,DOMINGO,7,SEPTIEMBRE,9,NO,NO CEDER EL DERECHO DE VIA O PREFERENCIA DE PASO A VEHICULOS.,CHOQUE FRONTAL,BICICLETA,0,1,0,0,0,0,0,0,0,1,0,0,0,2,32,MUJER,LESIONADO,CONDUCTOR PRESENTE,NO,NO,0
20722,72778,72779,2019,0,0,-0.104643,-78.453801,PICHINCHA,QUITO,CALDERON (CARAPUNGO),URBANA,2019-09-29,16:50:00,16,DOMINGO,7,SEPTIEMBRE,9,NO,"CONDUCE BAJO LA INFLUENCIA DE ALCOHOL, SUSTANCIAS ESTUPEFACIENTES O PSICOTROPICAS Y/O MEDICAMENTOS.",ESTRELLAMIENTOS,AUTOMOVIL,1,0,0,0,0,0,0,0,0,0,0,0,0,1,56,HOMBRE,ILESO,CONDUCTOR PRESENTE,NO,NO,0
20723,72779,72780,2019,0,0,-0.212328,-78.426698,PICHINCHA,QUITO,CUMBAYA,RURAL,2019-09-29,17:00:00,17,DOMINGO,7,SEPTIEMBRE,9,NO,"PRESENCIA DE AGENTES EXTERNOS EN LA VIA (AGUA, ACEITE, PIEDRA, LASTRE, ESCOMBROS, MADEROS, ETC.).",ESTRELLAMIENTOS,AUTOMOVIL,1,0,0,0,0,0,0,0,0,0,0,0,0,1,32,HOMBRE,ILESO,CONDUCTOR PRESENTE,NO,NO,3
20724,72789,72790,2019,0,0,-0.294472,-78.451391,PICHINCHA,QUITO,ALANGASI,RURAL,2019-09-29,19:32:00,19,DOMINGO,7,SEPTIEMBRE,9,NO,NO MANTENER LA DISTANCIA PRUDENCIAL CON RESPECTO AL VEHICULO QUE LE ANTECEDE.,COLISION,CAMIONETA,2,0,0,0,1,0,0,0,0,0,0,0,0,3,29,HOMBRE,ILESO,CONDUCTOR PRESENTE,NO,NO,3
20725,72800,72801,2019,0,0,-0.271194,-78.271194,PICHINCHA,QUITO,PIFO,URBANA,2019-09-29,21:20:00,21,DOMINGO,7,SEPTIEMBRE,9,NO,"CONDUCE BAJO LA INFLUENCIA DE ALCOHOL, SUSTANCIAS ESTUPEFACIENTES O PSICOTROPICAS Y/O MEDICAMENTOS.",COLISION,AUTOMOVIL,3,0,0,0,0,0,0,0,0,0,0,0,0,3,39,HOMBRE,ILESO,CONDUCTOR PRESENTE,NO,NO,0
20726,72802,72803,2019,0,0,-0.163239,-78.463033,PICHINCHA,QUITO,QUITO,URBANA,2019-09-29,22:10:00,22,DOMINGO,7,SEPTIEMBRE,9,NO,CONDUCIR VEHICULO SUPERANDO LOS LIMITES MAXIMOS DE VELOCIDAD.,ESTRELLAMIENTOS,CAMIONETA,0,0,0,0,1,0,0,0,0,0,0,0,0,1,30,HOMBRE,ILESO,CONDUCTOR PRESENTE,NO,NO,0
20727,72805,72806,2019,0,0,-0.299877,-78.542351,PICHINCHA,QUITO,QUITO,URBANA,2019-09-29,23:03:00,23,DOMINGO,7,SEPTIEMBRE,9,NO,CONDUCIR VEHICULO SUPERANDO LOS LIMITES MAXIMOS DE VELOCIDAD.,ROZAMIENTOS,AUTOMOVIL,2,0,0,0,0,0,0,0,1,0,0,0,0,3,-1,NO IDENTIFICADO,NO IDENTIFICADO,CONDUCTOR AUSENTE,NO,NO,2
20728,72810,72811,2019,0,0,-0.091585,-78.439052,PICHINCHA,QUITO,CALDERON (CARAPUNGO),RURAL,2019-09-30,00:25:00,0,LUNES,1,SEPTIEMBRE,9,NO,"NO RESPETAR LAS SENIALES REGLAMENTARIAS DE TRANSITO. (PARE, CEDA EL PASO, LUZ ROJA DEL SEMAFORO, ETC).",ESTRELLAMIENTOS,AUTOMOVIL,1,0,0,0,0,0,0,0,0,0,0,0,0,1,-1,NO IDENTIFICADO,NO IDENTIFICADO,CONDUCTOR AUSENTE,NO,NO,2
20729,72812,72813,2019,1,0,-0.198918,-78.496433,PICHINCHA,QUITO,QUITO,RURAL,2019-09-30,04:40:00,4,LUNES,1,SEPTIEMBRE,9,NO,CONDUCIR VEHICULO SUPERANDO LOS LIMITES MAXIMOS DE VELOCIDAD.,ROZAMIENTOS,AUTOMOVIL,1,0,0,1,0,0,0,0,0,0,0,0,0,2,32,HOMBRE,LESIONADO,CONDUCTOR PRESENTE,NO,NO,3
20730,72813,72814,2019,0,1,-0.058317,-78.170501,PICHINCHA,CAYAMBE,CANGAHUA,RURAL,2019-09-30,05:45:00,5,LUNES,1,SEPTIEMBRE,9,NO,"CONDUCIR DESATENTO A LAS CONDICIONES DE TRANSITO (CELULAR, PANTALLAS DE VIDEO, COMIDA, MAQUILLAJE O CUALQUIER OTRO ELEMENTO DISTRACTOR).",CHOQUE LATERAL,MOTOCICLETA,0,0,0,0,0,0,0,0,1,0,0,0,1,2,24,MUJER,FALLECIDO,PASAJERO,NO,SI,3
20731,72816,72817,2019,0,0,-0.284269,-78.518971,PICHINCHA,QUITO,QUITO,RURAL,2019-09-30,08:23:00,8,LUNES,1,SEPTIEMBRE,9,NO,"FALLA MECANICA EN LOS SISTEMAS Y/O NEUMATICOS (SISTEMA DE FRENOS, DIRECCION, ELECTRONICO O MECANICO).",CHOQUE FRONTAL,CAMION,1,0,0,1,0,0,0,0,0,0,0,0,0,2,31,HOMBRE,ILESO,CONDUCTOR PRESENTE,NO,NO,3
20732,72818,72819,2019,1,0,-0.153303,-78.484482,PICHINCHA,QUITO,QUITO,URBANA,2019-09-30,09:00:00,9,LUNES,1,SEPTIEMBRE,9,NO,"CONDUCIR EN ESTADO DE SOMNOLENCIA O MALAS CONDICIONES FISICAS (SUENIO, CANSANCIO Y FATIGA).",ESTRELLAMIENTOS,AUTOMOVIL,1,0,0,0,0,0,0,0,0,0,0,0,0,1,67,HOMBRE,LESIONADO,CONDUCTOR PRESENTE,NO,NO,0
20733,72820,72821,2019,1,0,-0.205785,-78.484632,PICHINCHA,QUITO,QUITO,URBANA,2019-09-30,10:50:00,10,LUNES,1,SEPTIEMBRE,9,NO,NO GUARDAR LA DISTANCIA LATERAL MINIMA DE SEGURIDAD ENTRE VEHICULOS.,CHOQUE LATERAL,MOTOCICLETA,1,0,0,0,0,0,0,0,1,0,0,0,0,2,49,MUJER,LESIONADO,CONDUCTOR PRESENTE,NO,NO,0
20734,72822,72823,2019,1,0,-0.268914,-78.460937,PICHINCHA,QUITO,CONOCOTO,RURAL,2019-09-30,11:24:00,11,LUNES,1,SEPTIEMBRE,9,NO,CONDUCIR VEHICULO SUPERANDO LOS LIMITES MAXIMOS DE VELOCIDAD.,VOLCAMIENTOS,CAMIONETA,0,0,0,0,1,0,0,0,0,0,0,0,0,1,41,HOMBRE,LESIONADO,CONDUCTOR PRESENTE,NO,NO,3
20735,72833,72834,2019,0,0,-0.212824,-78.402686,PICHINCHA,QUITO,TUMBACO,RURAL,2019-09-30,15:05:00,15,LUNES,1,SEPTIEMBRE,9,NO,"CONDICIONES AMBIENTALES Y/O ATMOSFERICAS (NIEBLA, NEBLINA, GRANIZO, LLUVIA).",ESTRELLAMIENTOS,AUTOMOVIL,1,0,0,0,0,0,0,0,0,0,0,0,0,1,22,HOMBRE,ILESO,CONDUCTOR PRESENTE,NO,NO,3
20736,72836,72837,2019,0,0,-0.210106,-78.447618,PICHINCHA,QUITO,CUMBAYA,RURAL,2019-09-30,15:30:00,15,LUNES,1,SEPTIEMBRE,9,NO,"CONDICIONES AMBIENTALES Y/O ATMOSFERICAS (NIEBLA, NEBLINA, GRANIZO, LLUVIA).",ESTRELLAMIENTOS,CAMIONETA,0,0,0,0,1,0,0,0,0,0,0,0,0,1,33,MUJER,ILESO,CONDUCTOR PRESENTE,NO,NO,3
20737,72838,72839,2019,0,0,-0.188521,-78.448241,PICHINCHA,QUITO,NAYON,RURAL,2019-09-30,16:15:00,16,LUNES,1,SEPTIEMBRE,9,NO,"CONDICIONES AMBIENTALES Y/O ATMOSFERICAS (NIEBLA, NEBLINA, GRANIZO, LLUVIA).",CHOQUE LATERAL,AUTOMOVIL,1,0,0,0,1,0,0,0,0,0,0,0,0,2,58,MUJER,ILESO,CONDUCTOR PRESENTE,NO,NO,3
20738,72840,72841,2019,1,0,-0.161592,-78.447584,PICHINCHA,QUITO,NAYON,RURAL,2019-09-30,16:30:00,16,LUNES,1,SEPTIEMBRE,9,NO,"PRESENCIA DE AGENTES EXTERNOS EN LA VIA (AGUA, ACEITE, PIEDRA, LASTRE, ESCOMBROS, MADEROS, ETC.).",OTROS,AUTOMOVIL,1,0,0,0,1,0,0,0,0,0,0,0,0,2,60,HOMBRE,LESIONADO,PASAJERO,NO,NO,3
20739,72849,72850,2019,1,0,0.028617,-78.268679,PICHINCHA,PEDRO MONCAYO,TOCACHI,RURAL,2019-09-30,19:00:00,19,LUNES,1,SEPTIEMBRE,9,NO,"CONDUCIR DESATENTO A LAS CONDICIONES DE TRANSITO (CELULAR, PANTALLAS DE VIDEO, COMIDA, MAQUILLAJE O CUALQUIER OTRO ELEMENTO DISTRACTOR).",ATROPELLOS,CAMION,0,0,0,1,0,0,0,0,0,0,0,0,0,1,19,HOMBRE,LESIONADO,PEATON,NO,NO,3
20740,72854,72855,2019,2,0,-0.058111,-78.344101,PICHINCHA,QUITO,GUAYLLABAMBA,RURAL,2019-09-30,20:40:00,20,LUNES,1,SEPTIEMBRE,9,NO,NO CEDER EL DERECHO DE VIA O PREFERENCIA DE PASO A VEHICULOS.,CHOQUE LATERAL,BICICLETA,0,1,0,0,1,0,0,0,0,0,0,0,0,2,25,MUJER,LESIONADO,CONDUCTOR PRESENTE,SI,NO,3
20741,72855,72856,2019,1,0,-0.249018,-78.536667,PICHINCHA,QUITO,QUITO,URBANA,2019-09-30,20:50:00,20,LUNES,1,SEPTIEMBRE,9,NO,CONDUCIR VEHICULO SUPERANDO LOS LIMITES MAXIMOS DE VELOCIDAD.,CHOQUE LATERAL,AUTOMOVIL,2,0,0,0,0,0,0,0,0,0,0,0,0,2,32,MUJER,LESIONADO,PASAJERO,NO,NO,0
20742,72859,72860,2019,0,0,-0.176708,-78.493897,PICHINCHA,QUITO,QUITO,URBANA,2019-09-30,23:20:00,23,LUNES,1,SEPTIEMBRE,9,NO,"CONDUCIR EN ESTADO DE SOMNOLENCIA O MALAS CONDICIONES FISICAS (SUENIO, CANSANCIO Y FATIGA).",ESTRELLAMIENTOS,CAMION,0,0,0,1,0,0,0,0,0,0,0,0,0,1,60,HOMBRE,ILESO,CONDUCTOR PRESENTE,NO,NO,0
20743,72874,72875,2019,0,0,-0.279313,-78.562341,PICHINCHA,QUITO,QUITO,URBANA,2019-10-01,11:00:00,11,MARTES,2,OCTUBRE,10,NO,CONDUCIR VEHICULO SUPERANDO LOS LIMITES MAXIMOS DE VELOCIDAD.,CHOQUE LATERAL,AUTOMOVIL,2,0,0,0,0,0,0,0,0,0,0,0,0,2,22,HOMBRE,ILESO,CONDUCTOR PRESENTE,NO,NO,0
20744,72875,72876,2019,0,0,-0.217655,-78.404856,PICHINCHA,QUITO,TUMBACO,RURAL,2019-10-01,11:40:00,11,MARTES,2,OCTUBRE,10,NO,CONDUCIR VEHICULO SUPERANDO LOS LIMITES MAXIMOS DE VELOCIDAD.,ESTRELLAMIENTOS,AUTOMOVIL,1,0,0,0,0,0,0,0,0,0,0,0,0,1,-1,NO IDENTIFICADO,NO IDENTIFICADO,CONDUCTOR AUSENTE,NO,NO,2
20745,72884,72885,2019,0,0,-0.212875,-78.484266,PICHINCHA,QUITO,QUITO,URBANA,2019-10-01,13:40:00,13,MARTES,2,OCTUBRE,10,NO,"CASO FORTUITO O FUERZA MAYOR (EXPLOSION DE NEUMATICO NUEVO, DERRUMBE, INUNDACION, CAIDA DE PUENTE, ARBOL, PRESENCIA INTEMPESTIVA E IMPREVISTA DE SEMOVIENTES EN LA VIA, ETC.).",CHOQUE POSTERIOR,AUTOMOVIL,2,0,0,0,0,0,0,0,0,0,0,0,0,2,27,MUJER,ILESO,CONDUCTOR PRESENTE,NO,NO,0
20746,72896,72897,2019,0,0,-0.229464,-78.522935,PICHINCHA,QUITO,QUITO,URBANA,2019-10-01,17:18:00,17,MARTES,2,OCTUBRE,10,NO,NO MANTENER LA DISTANCIA PRUDENCIAL CON RESPECTO AL VEHICULO QUE LE ANTECEDE.,COLISION,BUS,3,0,1,0,0,0,0,0,0,0,0,0,0,4,19,HOMBRE,ILESO,CONDUCTOR PRESENTE,NO,NO,0
20747,72900,72901,2019,0,0,-0.138257,-78.424325,PICHINCHA,QUITO,LLANO CHICO,RURAL,2019-10-01,19:10:00,19,MARTES,2,OCTUBRE,10,NO,MALAS CONDICIONES DE LA VIA Y/O CONFIGURACION. (ILUMINACION Y DISENIO).,ESTRELLAMIENTOS,AUTOMOVIL,1,0,0,0,0,0,0,0,0,0,0,0,0,1,28,HOMBRE,ILESO,CONDUCTOR PRESENTE,NO,NO,3
20748,72903,72904,2019,0,0,-0.210171,-78.485504,PICHINCHA,QUITO,QUITO,URBANA,2019-10-01,21:50:00,21,MARTES,2,OCTUBRE,10,NO,"CONDUCIR EN ESTADO DE SOMNOLENCIA O MALAS CONDICIONES FISICAS (SUENIO, CANSANCIO Y FATIGA).",ESTRELLAMIENTOS,AUTOMOVIL,1,0,0,0,0,0,0,0,0,0,0,0,0,1,-1,NO IDENTIFICADO,NO IDENTIFICADO,CONDUCTOR AUSENTE,NO,NO,2
20749,72908,72909,2019,0,0,-0.268534,-78.551576,PICHINCHA,QUITO,QUITO,URBANA,2019-10-02,01:15:00,1,MIERCOLES,3,OCTUBRE,10,NO,CONDUCIR VEHICULO SUPERANDO LOS LIMITES MAXIMOS DE VELOCIDAD.,ESTRELLAMIENTOS,AUTOMOVIL,1,0,0,0,0,0,0,0,0,0,0,0,0,1,-1,NO IDENTIFICADO,NO IDENTIFICADO,CONDUCTOR AUSENTE,NO,NO,2
20750,72910,72911,2019,0,0,-0.382689,-78.506351,PICHINCHA,QUITO,AMAGUANIA,URBANA,2019-10-02,04:45:00,4,MIERCOLES,3,OCTUBRE,10,NO,"CONDUCIR DESATENTO A LAS CONDICIONES DE TRANSITO (CELULAR, PANTALLAS DE VIDEO, COMIDA, MAQUILLAJE O CUALQUIER OTRO ELEMENTO DISTRACTOR).",CHOQUE LATERAL,ESPECIAL,0,0,0,0,1,0,1,0,0,0,0,0,0,2,24,HOMBRE,ILESO,CONDUCTOR PRESENTE,NO,NO,0
20751,72914,72915,2019,2,0,-0.240751,-78.529367,PICHINCHA,QUITO,QUITO,URBANA,2019-10-02,06:20:00,6,MIERCOLES,3,OCTUBRE,10,NO,"NO RESPETAR LAS SENIALES REGLAMENTARIAS DE TRANSITO. (PARE, CEDA EL PASO, LUZ ROJA DEL SEMAFORO, ETC).",CHOQUE LATERAL,FURGONETA,1,0,0,0,0,0,0,1,0,0,0,0,0,2,12,HOMBRE,LESIONADO,PASAJERO,NO,NO,0
20752,72918,72919,2019,0,0,-0.089176,-78.469701,PICHINCHA,QUITO,QUITO,URBANA,2019-10-02,08:40:00,8,MIERCOLES,3,OCTUBRE,10,NO,DANIOS MECANICOS PREVISIBLES.,ESTRELLAMIENTOS,AUTOMOVIL,1,0,0,0,0,0,0,0,0,0,0,0,0,1,42,HOMBRE,ILESO,CONDUCTOR PRESENTE,NO,NO,0
20753,72931,72932,2019,0,0,-0.080161,-78.441932,PICHINCHA,QUITO,CALDERON (CARAPUNGO),RURAL,2019-10-02,16:00:00,16,MIERCOLES,3,OCTUBRE,10,NO,"CONDICIONES AMBIENTALES Y/O ATMOSFERICAS (NIEBLA, NEBLINA, GRANIZO, LLUVIA).",ESTRELLAMIENTOS,AUTOMOVIL,1,0,0,0,0,0,0,0,0,0,0,0,0,1,-1,NO IDENTIFICADO,NO IDENTIFICADO,CONDUCTOR AUSENTE,NO,NO,2
20754,72935,72936,2019,1,0,-0.315831,-78.550274,PICHINCHA,QUITO,QUITO,URBANA,2019-10-02,17:45:00,17,MIERCOLES,3,OCTUBRE,10,NO,"NO RESPETAR LAS SENIALES REGLAMENTARIAS DE TRANSITO. (PARE, CEDA EL PASO, LUZ ROJA DEL SEMAFORO, ETC).",CHOQUE LATERAL,MOTOCICLETA,0,0,0,0,1,0,0,0,1,0,0,0,0,2,25,MUJER,LESIONADO,CONDUCTOR PRESENTE,SI,NO,0
20755,72936,72937,2019,1,0,-0.251319,-78.521366,PICHINCHA,QUITO,QUITO,URBANA,2019-10-02,18:25:00,18,MIERCOLES,3,OCTUBRE,10,NO,NO CEDER EL DERECHO DE VIA O PREFERENCIA DE PASO AL PEATON.,ATROPELLOS,MOTOCICLETA,0,0,0,0,0,0,0,0,1,0,0,0,0,1,72,MUJER,LESIONADO,PEATON,NO,NO,0
20756,72938,72939,2019,1,0,-0.281321,-78.494625,PICHINCHA,QUITO,CONOCOTO,RURAL,2019-10-02,18:30:00,18,MIERCOLES,3,OCTUBRE,10,NO,REALIZAR CAMBIO BRUSCO O INDEBIDO DE CARRIL.,CHOQUE LATERAL,AUTOMOVIL,1,0,0,0,0,0,0,0,0,1,0,0,0,2,36,MUJER,LESIONADO,CONDUCTOR PRESENTE,NO,NO,3
20757,72943,72944,2019,0,0,-0.159835,-78.487856,PICHINCHA,QUITO,QUITO,URBANA,2019-10-02,21:15:00,21,MIERCOLES,3,OCTUBRE,10,NO,"CONDUCIR EN ESTADO DE SOMNOLENCIA O MALAS CONDICIONES FISICAS (SUENIO, CANSANCIO Y FATIGA).",CHOQUE LATERAL,AUTOMOVIL,1,0,1,0,0,0,0,0,0,0,0,0,0,2,49,HOMBRE,ILESO,CONDUCTOR PRESENTE,NO,NO,0
20758,72944,72945,2019,0,0,-0.133668,-78.501945,PICHINCHA,QUITO,QUITO,URBANA,2019-10-02,22:10:00,22,MIERCOLES,3,OCTUBRE,10,NO,NO MANTENER LA DISTANCIA PRUDENCIAL CON RESPECTO AL VEHICULO QUE LE ANTECEDE.,COLISION,CAMIONETA,2,0,0,0,1,0,0,0,0,0,0,0,0,3,17,MUJER,ILESO,PASAJERO,NO,NO,0
20759,72950,72951,2019,0,0,-0.197826,-78.466466,PICHINCHA,QUITO,QUITO,RURAL,2019-10-03,06:44:00,6,JUEVES,4,OCTUBRE,10,NO,CONDUCIR VEHICULO SUPERANDO LOS LIMITES MAXIMOS DE VELOCIDAD.,ESTRELLAMIENTOS,AUTOMOVIL,1,0,0,0,0,0,0,0,0,0,0,0,0,1,28,MUJER,ILESO,CONDUCTOR PRESENTE,NO,NO,3
20760,72951,72952,2019,0,0,-0.188521,-78.448241,PICHINCHA,QUITO,NAYON,URBANA,2019-10-03,07:00:00,7,JUEVES,4,OCTUBRE,10,NO,CONDUCIR VEHICULO SUPERANDO LOS LIMITES MAXIMOS DE VELOCIDAD.,CHOQUE LATERAL,AUTOMOVIL,1,0,0,0,1,0,0,0,0,0,0,0,0,2,23,HOMBRE,ILESO,CONDUCTOR PRESENTE,NO,NO,0
20761,72967,72968,2019,0,0,-0.203827,-78.502028,PICHINCHA,QUITO,QUITO,URBANA,2019-10-03,13:25:00,13,JUEVES,4,OCTUBRE,10,NO,"NO RESPETAR LAS SENIALES REGLAMENTARIAS DE TRANSITO. (PARE, CEDA EL PASO, LUZ ROJA DEL SEMAFORO, ETC).",CHOQUE LATERAL,AUTOMOVIL,2,0,0,0,0,0,0,0,0,0,0,0,0,2,51,HOMBRE,ILESO,CONDUCTOR PRESENTE,NO,NO,0