,Unnamed: 0,ID,ANIO,LESIONADOS,FALLECIDOS,LATITUD_Y,LONGITUD_X,PROVINCIA,CANTON,PARROQUIA,ZONA,FECHA,HORA,PERIODO_2,DIA_1,DIA_2,MES_1,MES_2,FERIADO,CAUSA_PROBABLE,TIPO_DE_SINIESTRO,TIPO_DE_VEHICULO_1,AUTOMOVIL,BICICLETA,BUS,CAMION,CAMIONETA,EMERGENCIAS,ESPECIAL,FURGONETA,MOTOCICLETA,NO_IDENTIFICADO,SCOOTER_ELECTRICO,TRICIMOTO,VEHICULO_DEPORTIVO_UTILITARIO,SUMA_DE_VEHICULOS,EDAD_1,SEXO_1,CONDICION_1,PARTICIPANTE_1,CASCO_1,CINTURON_1,KMeans_Cluster
20762,72976,72977,2019,1,0,-0.191729,-78.493359,PICHINCHA,QUITO,QUITO,URBANA,2019-10-03,17:00:00,17,JUEVES,4,OCTUBRE,10,NO,CONDUCIR VEHICULO SUPERANDO LOS LIMITES MAXIMOS DE VELOCIDAD.,OTROS,MOTOCICLETA,0,0,0,0,0,0,0,0,1,1,0,0,0,2,22,HOMBRE,LESIONADO,CONDUCTOR PRESENTE,NO,NO,0
20763,72979,72980,2019,1,0,-0.142041,-78.443217,PICHINCHA,QUITO,LLANO CHICO,RURAL,2019-10-03,18:20:00,18,JUEVES,4,OCTUBRE,10,NO,REALIZAR CAMBIO BRUSCO O INDEBIDO DE CARRIL.,CHOQUE LATERAL,BICICLETA,0,1,1,0,0,0,0,0,0,0,0,0,0,2,19,HOMBRE,LESIONADO,CONDUCTOR PRESENTE,NO,NO,3
20764,72986,72987,2019,1,1,-0.233682,-78.523438,PICHINCHA,QUITO,QUITO,URBANA,2019-10-03,20:30:00,20,JUEVES,4,OCTUBRE,10,NO,CONDUCIR VEHICULO SUPERANDO LOS LIMITES MAXIMOS DE VELOCIDAD.,ESTRELLAMIENTOS,MOTOCICLETA,0,0,0,0,0,0,0,0,1,0,0,0,0,1,30,MUJER,FALLECIDO,PASAJERO,NO,NO,0
20765,72994,72995,2019,0,0,-0.091585,-78.439052,PICHINCHA,QUITO,CALDERON (CARAPUNGO),RURAL,2019-10-04,01:30:00,1,VIERNES,5,OCTUBRE,10,NO,"FALLA MECANICA EN LOS SISTEMAS Y/O NEUMATICOS (SISTEMA DE FRENOS, DIRECCION, ELECTRONICO O MECANICO).",ESTRELLAMIENTOS,AUTOMOVIL,1,0,0,0,0,0,0,0,0,0,0,0,0,1,-1,NO IDENTIFICADO,NO IDENTIFICADO,CONDUCTOR AUSENTE,NO,NO,2
20766,72995,72996,2019,1,0,-0.232716,-78.503774,PICHINCHA,QUITO,QUITO,URBANA,2019-10-04,02:28:00,2,VIERNES,5,OCTUBRE,10,NO,CONDUCIR VEHICULO SUPERANDO LOS LIMITES MAXIMOS DE VELOCIDAD.,ESTRELLAMIENTOS,AUTOMOVIL,1,0,0,0,0,0,0,0,0,0,0,0,0,1,21,HOMBRE,LESIONADO,CONDUCTOR PRESENTE,NO,NO,0
20767,72999,73000,2019,1,0,-0.298369,-78.534088,PICHINCHA,QUITO,QUITO,URBANA,2019-10-04,05:50:00,5,VIERNES,5,OCTUBRE,10,NO,CONDUCIR VEHICULO SUPERANDO LOS LIMITES MAXIMOS DE VELOCIDAD.,PERDIDA DE CARRIL,MOTOCICLETA,0,0,0,0,0,0,0,0,1,0,0,0,0,1,32,HOMBRE,LESIONADO,CONDUCTOR PRESENTE,NO,NO,0
20768,73008,73009,2019,0,0,-0.205371,-78.487855,PICHINCHA,QUITO,QUITO,URBANA,2019-10-04,09:50:00,9,VIERNES,5,OCTUBRE,10,NO,NO GUARDAR LA DISTANCIA LATERAL MINIMA DE SEGURIDAD ENTRE VEHICULOS.,CHOQUE LATERAL,AUTOMOVIL,2,0,0,0,0,0,0,0,0,0,0,0,0,2,43,HOMBRE,ILESO,CONDUCTOR PRESENTE,NO,NO,0
20769,73035,73036,2019,2,0,-0.295131,-78.544171,PICHINCHA,QUITO,QUITO,URBANA,2019-10-04,19:30:00,19,VIERNES,5,OCTUBRE,10,NO,"NO RESPETAR LAS SENIALES REGLAMENTARIAS DE TRANSITO. (PARE, CEDA EL PASO, LUZ ROJA DEL SEMAFORO, ETC).",CHOQUE LATERAL,MOTOCICLETA,0,0,0,0,0,0,0,0,1,1,0,0,0,2,28,HOMBRE,LESIONADO,PASAJERO,NO,NO,0
20770,73046,73047,2019,0,0,-0.144688,-78.483295,PICHINCHA,QUITO,QUITO,URBANA,2019-10-05,00:30:00,0,SABADO,6,OCTUBRE,10,NO,"CONDUCIR EN ESTADO DE SOMNOLENCIA O MALAS CONDICIONES FISICAS (SUENIO, CANSANCIO Y FATIGA).",ESTRELLAMIENTOS,AUTOMOVIL,1,0,0,0,0,0,0,0,0,0,0,0,0,1,-1,NO IDENTIFICADO,NO IDENTIFICADO,CONDUCTOR AUSENTE,NO,NO,2
20771,73050,73051,2019,1,1,-0.057149,-78.344952,PICHINCHA,QUITO,GUAYLLABAMBA,RURAL,2019-10-05,05:05:00,5,SABADO,6,OCTUBRE,10,NO,CONDUCIR VEHICULO SUPERANDO LOS LIMITES MAXIMOS DE VELOCIDAD.,OTROS,MOTOCICLETA,0,0,0,0,0,0,0,0,1,1,0,0,0,2,28,HOMBRE,FALLECIDO,CONDUCTOR PRESENTE,NO,NO,3
20772,73052,73053,2019,0,0,-0.271125,-78.551998,PICHINCHA,QUITO,QUITO,URBANA,2019-10-05,06:15:00,6,SABADO,6,OCTUBRE,10,NO,"CONDUCE BAJO LA INFLUENCIA DE ALCOHOL, SUSTANCIAS ESTUPEFACIENTES O PSICOTROPICAS Y/O MEDICAMENTOS.",CHOQUE POSTERIOR,CAMIONETA,1,0,0,0,1,0,0,0,0,0,0,0,0,2,27,MUJER,ILESO,PASAJERO,NO,NO,0
20773,73056,73057,2019,0,0,-0.303374,-78.547872,PICHINCHA,QUITO,QUITO,URBANA,2019-10-05,07:30:00,7,SABADO,6,OCTUBRE,10,NO,CONDUCIR VEHICULO SUPERANDO LOS LIMITES MAXIMOS DE VELOCIDAD.,COLISION,CAMIONETA,1,0,0,0,1,0,0,0,0,1,0,0,0,3,38,HOMBRE,ILESO,CONDUCTOR PRESENTE,NO,NO,0
20774,73062,73063,2019,0,1,-0.135918,-78.460992,PICHINCHA,QUITO,QUITO,URBANA,2019-10-05,10:00:00,10,SABADO,6,OCTUBRE,10,NO,PEATON QUE CRUZA LA CALZADA SIN RESPETAR LA SENIALIZACION EXISTENTE (SEMAFOROS O SENIALES MANUALES).,ARROLLAMIENTOS,AUTOMOVIL,1,0,0,0,0,0,0,0,0,0,0,0,0,1,7,HOMBRE,FALLECIDO,PEATON,NO,NO,0
20775,73071,73072,2019,0,0,-0.144204,-78.500066,PICHINCHA,QUITO,QUITO,URBANA,2019-10-05,13:00:00,13,SABADO,6,OCTUBRE,10,NO,NO MANTENER LA DISTANCIA PRUDENCIAL CON RESPECTO AL VEHICULO QUE LE ANTECEDE.,CHOQUE POSTERIOR,CAMIONETA,1,0,0,0,1,0,0,0,0,0,0,0,0,2,82,MUJER,ILESO,CONDUCTOR PRESENTE,NO,NO,0
20776,73074,73075,2019,0,0,-0.100622,-78.427207,PICHINCHA,QUITO,CALDERON (CARAPUNGO),URBANA,2019-10-05,14:20:00,14,SABADO,6,OCTUBRE,10,NO,"CONDUCE BAJO LA INFLUENCIA DE ALCOHOL, SUSTANCIAS ESTUPEFACIENTES O PSICOTROPICAS Y/O MEDICAMENTOS.",CHOQUE POSTERIOR,AUTOMOVIL,2,0,0,0,0,0,0,0,0,0,0,0,0,2,39,HOMBRE,ILESO,CONDUCTOR PRESENTE,NO,NO,0
20777,73075,73076,2019,0,0,-0.232716,-78.503774,PICHINCHA,QUITO,QUITO,URBANA,2019-10-05,14:25:00,14,SABADO,6,OCTUBRE,10,NO,NO MANTENER LA DISTANCIA PRUDENCIAL CON RESPECTO AL VEHICULO QUE LE ANTECEDE.,CHOQUE POSTERIOR,AUTOMOVIL,2,0,0,0,0,0,0,0,0,0,0,0,0,2,26,HOMBRE,ILESO,CONDUCTOR PRESENTE,NO,NO,0
20778,73076,73077,2019,0,0,-0.163073,-78.462599,PICHINCHA,QUITO,QUITO,RURAL,2019-10-05,14:30:00,14,SABADO,6,OCTUBRE,10,NO,NO MANTENER LA DISTANCIA PRUDENCIAL CON RESPECTO AL VEHICULO QUE LE ANTECEDE.,CHOQUE POSTERIOR,AUTOMOVIL,2,0,0,0,0,0,0,0,0,0,0,0,0,2,26,HOMBRE,ILESO,CONDUCTOR PRESENTE,NO,NO,3
20779,73077,73078,2019,0,1,-0.105384,-78.497732,PICHINCHA,QUITO,QUITO,URBANA,2019-10-05,14:40:00,14,SABADO,6,OCTUBRE,10,NO,"NO RESPETAR LAS SENIALES REGLAMENTARIAS DE TRANSITO. (PARE, CEDA EL PASO, LUZ ROJA DEL SEMAFORO, ETC).",ATROPELLOS,MOTOCICLETA,0,0,0,0,0,0,0,0,1,0,0,0,0,1,71,HOMBRE,FALLECIDO,PASAJERO,NO,NO,0
20780,73083,73084,2019,0,0,-0.293005,-78.527001,PICHINCHA,QUITO,QUITO,URBANA,2019-10-05,15:35:00,15,SABADO,6,OCTUBRE,10,NO,CONDUCIR VEHICULO SUPERANDO LOS LIMITES MAXIMOS DE VELOCIDAD.,CHOQUE LATERAL,CAMIONETA,0,0,0,0,1,0,0,0,1,0,0,0,0,2,44,HOMBRE,ILESO,CONDUCTOR PRESENTE,NO,NO,0
20781,73084,73085,2019,1,0,-0.171632,-78.484776,PICHINCHA,QUITO,QUITO,URBANA,2019-10-05,16:35:00,16,SABADO,6,OCTUBRE,10,NO,"ADELANTAR O REBASAR A OTRO VEHICULO EN MOVIMIENTO EN ZONAS O SITIOS PELIGROSOS TALES COMO: CURVAS, PUENTES, TUNELES, PENDIENTES, ETC.",CHOQUE LATERAL,AUTOMOVIL,1,0,0,0,0,0,0,0,1,0,0,0,0,2,24,HOMBRE,LESIONADO,CONDUCTOR PRESENTE,NO,NO,0
20782,73101,73102,2019,1,0,-0.281865,-78.534304,PICHINCHA,QUITO,QUITO,URBANA,2019-10-05,20:45:00,20,SABADO,6,OCTUBRE,10,NO,NO MANTENER LA DISTANCIA PRUDENCIAL CON RESPECTO AL VEHICULO QUE LE ANTECEDE.,CHOQUE POSTERIOR,CAMIONETA,0,0,0,0,1,0,0,0,0,1,0,0,0,2,27,HOMBRE,LESIONADO,PASAJERO,NO,NO,0
20783,73107,73108,2019,0,1,0.049531,-78.145691,PICHINCHA,CAYAMBE,CAYAMBE,RURAL,2019-10-05,22:50:00,22,SABADO,6,OCTUBRE,10,NO,CONDUCIR VEHICULO SUPERANDO LOS LIMITES MAXIMOS DE VELOCIDAD.,ESTRELLAMIENTOS,MOTOCICLETA,0,0,0,0,0,0,0,0,1,0,0,0,0,1,28,HOMBRE,FALLECIDO,CONDUCTOR PRESENTE,NO,SI,3
20784,73115,73116,2019,0,0,-0.096681,-78.469779,PICHINCHA,QUITO,QUITO,URBANA,2019-10-06,00:15:00,0,DOMINGO,7,OCTUBRE,10,NO,CONDUCIR VEHICULO SUPERANDO LOS LIMITES MAXIMOS DE VELOCIDAD.,ESTRELLAMIENTOS,AUTOMOVIL,1,0,0,0,0,0,0,0,0,0,0,0,0,1,-1,NO IDENTIFICADO,NO IDENTIFICADO,CONDUCTOR AUSENTE,NO,NO,2
20785,73118,73119,2019,0,0,-0.193691,-78.485061,PICHINCHA,QUITO,QUITO,URBANA,2019-10-06,01:05:00,1,DOMINGO,7,OCTUBRE,10,NO,CONDUCIR VEHICULO SUPERANDO LOS LIMITES MAXIMOS DE VELOCIDAD.,ESTRELLAMIENTOS,AUTOMOVIL,2,0,0,0,0,0,0,0,0,0,0,0,0,2,-1,NO IDENTIFICADO,NO IDENTIFICADO,CONDUCTOR AUSENTE,NO,NO,2
20786,73127,73128,2019,0,1,-0.323661,-78.556475,PICHINCHA,QUITO,QUITO,URBANA,2019-10-06,02:56:00,2,DOMINGO,7,OCTUBRE,10,NO,NO CEDER EL DERECHO DE VIA O PREFERENCIA DE PASO AL PEATON.,ATROPELLOS,NO IDENTIFICADO,0,0,0,0,0,0,0,0,0,1,0,0,0,1,22,HOMBRE,FALLECIDO,PEATON,NO,NO,0
20787,73138,73139,2019,1,0,-0.256772,-78.542845,PICHINCHA,QUITO,QUITO,URBANA,2019-10-06,04:50:00,4,DOMINGO,7,OCTUBRE,10,NO,NO CEDER EL DERECHO DE VIA O PREFERENCIA DE PASO AL PEATON.,ATROPELLOS,CAMIONETA,0,0,0,0,1,0,0,0,0,0,0,0,0,1,41,HOMBRE,LESIONADO,PEATON,NO,NO,0
20788,73139,73140,2019,0,1,-0.258918,-78.522644,PICHINCHA,QUITO,QUITO,URBANA,2019-10-06,04:55:00,4,DOMINGO,7,OCTUBRE,10,NO,CONDUCIR VEHICULO SUPERANDO LOS LIMITES MAXIMOS DE VELOCIDAD.,ATROPELLOS,NO IDENTIFICADO,0,0,0,0,0,0,0,0,0,1,0,0,0,1,25,HOMBRE,FALLECIDO,PEATON,NO,NO,0
20789,73140,73141,2019,2,0,-0.082554,-78.292816,PICHINCHA,CAYAMBE,ASCAZUBI,RURAL,2019-10-06,05:30:00,5,DOMINGO,7,OCTUBRE,10,NO,"NO RESPETAR LAS SENIALES REGLAMENTARIAS DE TRANSITO. (PARE, CEDA EL PASO, LUZ ROJA DEL SEMAFORO, ETC).",ESTRELLAMIENTOS,MOTOCICLETA,0,0,0,0,0,0,0,0,1,0,0,0,0,1,31,MUJER,LESIONADO,PASAJERO,NO,SI,3
20790,73149,73150,2019,1,0,-0.254239,-78.530566,PICHINCHA,QUITO,QUITO,URBANA,2019-10-06,09:45:00,9,DOMINGO,7,OCTUBRE,10,NO,NO TRANSITAR POR LAS ACERAS O ZONAS DE SEGURIDAD DESTINADAS PARA EL EFECTO.,CHOQUE LATERAL,BICICLETA,0,1,0,0,0,0,0,0,1,0,0,0,0,2,14,HOMBRE,LESIONADO,PASAJERO,NO,NO,0
20791,73151,73152,2019,0,0,-0.144688,-78.483295,PICHINCHA,QUITO,QUITO,URBANA,2019-10-06,10:00:00,10,DOMINGO,7,OCTUBRE,10,NO,"CONDUCE BAJO LA INFLUENCIA DE ALCOHOL, SUSTANCIAS ESTUPEFACIENTES O PSICOTROPICAS Y/O MEDICAMENTOS.",CHOQUE LATERAL,AUTOMOVIL,2,0,0,0,0,0,0,0,0,0,0,0,0,2,45,HOMBRE,ILESO,CONDUCTOR PRESENTE,NO,NO,0
20792,73162,73163,2019,0,0,-0.246617,-78.524906,PICHINCHA,QUITO,QUITO,URBANA,2019-10-06,12:30:00,12,DOMINGO,7,OCTUBRE,10,NO,NO MANTENER LA DISTANCIA PRUDENCIAL CON RESPECTO AL VEHICULO QUE LE ANTECEDE.,CHOQUE POSTERIOR,FURGONETA,0,0,0,0,0,0,0,1,0,1,0,0,0,2,49,MUJER,ILESO,CONDUCTOR PRESENTE,NO,NO,0
20793,73181,73182,2019,0,0,-0.305037,-78.534099,PICHINCHA,QUITO,QUITO,URBANA,2019-10-06,18:00:00,18,DOMINGO,7,OCTUBRE,10,NO,"ADELANTAR O REBASAR A OTRO VEHICULO EN MOVIMIENTO EN ZONAS O SITIOS PELIGROSOS TALES COMO: CURVAS, PUENTES, TUNELES, PENDIENTES, ETC.",CHOQUE LATERAL,CAMIONETA,1,0,0,0,1,0,0,0,0,0,0,0,0,2,67,HOMBRE,ILESO,CONDUCTOR PRESENTE,NO,NO,0
20794,73187,73188,2019,0,0,-0.201465,-78.478301,PICHINCHA,QUITO,QUITO,URBANA,2019-10-06,21:00:00,21,DOMINGO,7,OCTUBRE,10,NO,"CONDUCE BAJO LA INFLUENCIA DE ALCOHOL, SUSTANCIAS ESTUPEFACIENTES O PSICOTROPICAS Y/O MEDICAMENTOS.",ROZAMIENTOS,CAMIONETA,1,0,0,0,1,0,0,0,0,0,0,0,0,2,52,HOMBRE,ILESO,CONDUCTOR PRESENTE,NO,NO,0
20795,73190,73191,2019,1,0,-0.102758,-78.295438,PICHINCHA,QUITO,EL QUINCHE,RURAL,2019-10-06,22:15:00,22,DOMINGO,7,OCTUBRE,10,NO,"CONDUCE BAJO LA INFLUENCIA DE ALCOHOL, SUSTANCIAS ESTUPEFACIENTES O PSICOTROPICAS Y/O MEDICAMENTOS.",CHOQUE LATERAL,AUTOMOVIL,1,0,0,0,0,0,0,0,0,1,0,0,0,2,30,HOMBRE,LESIONADO,CONDUCTOR PRESENTE,NO,SI,3
20796,73193,73194,2019,0,0,-0.246102,-78.531101,PICHINCHA,QUITO,QUITO,URBANA,2019-10-06,23:30:00,23,DOMINGO,7,OCTUBRE,10,NO,CONDUCIR VEHICULO SUPERANDO LOS LIMITES MAXIMOS DE VELOCIDAD.,ESTRELLAMIENTOS,AUTOMOVIL,1,0,0,0,0,0,0,0,0,0,0,0,0,1,-1,NO IDENTIFICADO,NO IDENTIFICADO,CONDUCTOR AUSENTE,NO,NO,2
20797,73194,73195,2019,0,0,-0.061063,-78.456431,PICHINCHA,QUITO,POMASQUI,RURAL,2019-10-06,23:57:00,23,DOMINGO,7,OCTUBRE,10,NO,"CONDUCIR DESATENTO A LAS CONDICIONES DE TRANSITO (CELULAR, PANTALLAS DE VIDEO, COMIDA, MAQUILLAJE O CUALQUIER OTRO ELEMENTO DISTRACTOR).",PERDIDA DE PISTA,VEHICULO DEPORTIVO UTILITARIO,0,0,0,0,0,0,0,0,0,0,0,0,1,1,56,HOMBRE,ILESO,CONDUCTOR PRESENTE,NO,SI,3
20798,73206,73207,2019,0,0,-0.310575,-78.568304,PICHINCHA,QUITO,QUITO,URBANA,2019-10-07,10:30:00,10,LUNES,1,OCTUBRE,10,NO,NO GUARDAR LA DISTANCIA LATERAL MINIMA DE SEGURIDAD ENTRE VEHICULOS.,CHOQUE LATERAL,AUTOMOVIL,1,0,0,0,0,0,0,0,1,0,0,0,0,2,41,HOMBRE,ILESO,CONDUCTOR PRESENTE,NO,NO,0
20799,73223,73224,2019,1,0,-0.099083,-78.421844,PICHINCHA,QUITO,CALDERON (CARAPUNGO),RURAL,2019-10-07,16:05:00,16,LUNES,1,OCTUBRE,10,NO,"ADELANTAR O REBASAR A OTRO VEHICULO EN MOVIMIENTO EN ZONAS O SITIOS PELIGROSOS TALES COMO: CURVAS, PUENTES, TUNELES, PENDIENTES, ETC.",CHOQUE LATERAL,AUTOMOVIL,1,0,0,0,1,0,0,0,0,0,0,0,0,2,42,HOMBRE,LESIONADO,CONDUCTOR PRESENTE,NO,NO,3
20800,73227,73228,2019,1,0,-0.123011,-78.493947,PICHINCHA,QUITO,QUITO,URBANA,2019-10-07,18:35:00,18,LUNES,1,OCTUBRE,10,NO,PEATON QUE CRUZA LA CALZADA SIN RESPETAR LA SENIALIZACION EXISTENTE (SEMAFOROS O SENIALES MANUALES).,ATROPELLOS,CAMIONETA,0,0,0,0,1,0,0,0,0,0,0,0,0,1,72,HOMBRE,LESIONADO,PEATON,NO,NO,0
20801,73244,73245,2019,0,0,-0.106694,-78.481991,PICHINCHA,QUITO,QUITO,URBANA,2019-10-08,08:20:00,8,MARTES,2,OCTUBRE,10,NO,CONDUCIR VEHICULO SUPERANDO LOS LIMITES MAXIMOS DE VELOCIDAD.,CHOQUE LATERAL,AUTOMOVIL,2,0,0,0,0,0,0,0,0,0,0,0,0,2,35,HOMBRE,ILESO,CONDUCTOR PRESENTE,NO,NO,0
20802,73249,73250,2019,0,0,-0.155606,-78.487531,PICHINCHA,QUITO,QUITO,URBANA,2019-10-08,13:30:00,13,MARTES,2,OCTUBRE,10,NO,NO MANTENER LA DISTANCIA PRUDENCIAL CON RESPECTO AL VEHICULO QUE LE ANTECEDE.,CHOQUE POSTERIOR,CAMIONETA,1,0,0,0,1,0,0,0,0,0,0,0,0,2,60,HOMBRE,ILESO,CONDUCTOR PRESENTE,NO,NO,0
20803,73251,73252,2019,1,0,-0.131282,-78.497994,PICHINCHA,QUITO,QUITO,URBANA,2019-10-08,14:00:00,14,MARTES,2,OCTUBRE,10,NO,CONDUCIR VEHICULO SUPERANDO LOS LIMITES MAXIMOS DE VELOCIDAD.,ATROPELLOS,AUTOMOVIL,1,0,0,0,0,0,0,0,0,0,0,0,0,1,74,HOMBRE,LESIONADO,PEATON,NO,NO,0
20804,73270,73271,2019,0,0,-0.299877,-78.542315,PICHINCHA,QUITO,QUITO,URBANA,2019-10-08,20:00:00,20,MARTES,2,OCTUBRE,10,NO,MALAS CONDICIONES DE LA VIA Y/O CONFIGURACION. (ILUMINACION Y DISENIO).,OTROS,CAMIONETA,0,0,0,0,1,0,0,0,0,0,0,0,0,1,-1,NO IDENTIFICADO,NO IDENTIFICADO,CONDUCTOR AUSENTE,NO,NO,2
20805,73280,73281,2019,1,1,-0.293265,-78.564925,PICHINCHA,QUITO,QUITO,URBANA,2019-10-09,06:07:00,6,MIERCOLES,3,OCTUBRE,10,NO,CONDUCIR VEHICULO SUPERANDO LOS LIMITES MAXIMOS DE VELOCIDAD.,CHOQUE LATERAL,MOTOCICLETA,0,0,0,0,0,0,0,0,1,1,0,0,0,2,28,HOMBRE,FALLECIDO,CONDUCTOR PRESENTE,NO,NO,0
20806,73283,73284,2019,2,0,-0.316388,-78.553764,PICHINCHA,QUITO,QUITO,URBANA,2019-10-09,08:20:00,8,MIERCOLES,3,OCTUBRE,10,NO,NO TRANSITAR POR LAS ACERAS O ZONAS DE SEGURIDAD DESTINADAS PARA EL EFECTO.,ATROPELLOS,MOTOCICLETA,0,0,0,0,0,0,0,0,1,0,0,0,0,1,22,HOMBRE,LESIONADO,CONDUCTOR PRESENTE,NO,NO,0
20807,73287,73288,2019,1,0,-0.243671,-78.485361,PICHINCHA,QUITO,QUITO,URBANA,2019-10-09,10:50:00,10,MIERCOLES,3,OCTUBRE,10,NO,REALIZAR CAMBIO BRUSCO O INDEBIDO DE CARRIL.,CHOQUE LATERAL,MOTOCICLETA,0,0,0,0,0,0,0,1,1,0,0,0,0,2,33,HOMBRE,LESIONADO,CONDUCTOR PRESENTE,NO,NO,0
20808,73288,73289,2019,1,0,-0.268411,-78.532193,PICHINCHA,QUITO,QUITO,URBANA,2019-10-09,11:30:00,11,MIERCOLES,3,OCTUBRE,10,NO,CONDUCIR VEHICULO SUPERANDO LOS LIMITES MAXIMOS DE VELOCIDAD.,PERDIDA DE CARRIL,NO IDENTIFICADO,0,0,0,0,0,0,0,0,0,1,0,0,0,1,31,HOMBRE,LESIONADO,CONDUCTOR PRESENTE,NO,NO,0
20809,73289,73290,2019,1,0,-0.181505,-78.486639,PICHINCHA,QUITO,QUITO,URBANA,2019-10-09,11:43:00,11,MIERCOLES,3,OCTUBRE,10,NO,PEATON QUE CRUZA LA CALZADA SIN RESPETAR LA SENIALIZACION EXISTENTE (SEMAFOROS O SENIALES MANUALES).,ATROPELLOS,AUTOMOVIL,1,0,0,0,0,0,0,0,0,0,0,0,0,1,40,MUJER,LESIONADO,PEATON,NO,NO,0
20810,73291,73292,2019,1,0,-0.231386,-78.491361,PICHINCHA,QUITO,QUITO,URBANA,2019-10-09,13:20:00,13,MIERCOLES,3,OCTUBRE,10,NO,CONDUCIR EN SENTIDO CONTRARIO A LA VIA NORMAL DE CIRCULACION.,CHOQUE FRONTAL,MOTOCICLETA,1,0,0,0,0,0,0,0,1,0,0,0,0,2,29,HOMBRE,LESIONADO,CONDUCTOR PRESENTE,NO,NO,0
20811,73297,73298,2019,1,0,-0.144216,-78.469414,PICHINCHA,QUITO,QUITO,URBANA,2019-10-09,18:10:00,18,MIERCOLES,3,OCTUBRE,10,NO,REALIZAR CAMBIO BRUSCO O INDEBIDO DE CARRIL.,CHOQUE LATERAL,MOTOCICLETA,1,0,0,0,0,0,0,0,1,0,0,0,0,2,25,HOMBRE,LESIONADO,CONDUCTOR PRESENTE,NO,NO,0
20812,73301,73302,2019,0,0,-0.283576,-78.534791,PICHINCHA,QUITO,QUITO,URBANA,2019-10-09,20:15:00,20,MIERCOLES,3,OCTUBRE,10,NO,CONDUCIR VEHICULO SUPERANDO LOS LIMITES MAXIMOS DE VELOCIDAD.,ESTRELLAMIENTOS,AUTOMOVIL,1,0,0,0,0,0,0,0,0,0,0,0,0,1,-1,NO IDENTIFICADO,NO IDENTIFICADO,CONDUCTOR AUSENTE,NO,NO,2
20813,73305,73306,2019,0,0,-0.178735,-78.496427,PICHINCHA,QUITO,QUITO,URBANA,2019-10-09,22:00:00,22,MIERCOLES,3,OCTUBRE,10,NO,CONDUCIR VEHICULO SUPERANDO LOS LIMITES MAXIMOS DE VELOCIDAD.,ESTRELLAMIENTOS,AUTOMOVIL,1,0,0,0,0,0,0,0,0,0,0,0,0,1,27,HOMBRE,ILESO,CONDUCTOR PRESENTE,NO,NO,0
20814,73306,73307,2019,1,0,0.026385,-78.277941,PICHINCHA,PEDRO MONCAYO,TOCACHI,RURAL,2019-10-09,22:30:00,22,MIERCOLES,3,OCTUBRE,10,NO,"CONDUCIR DESATENTO A LAS CONDICIONES DE TRANSITO (CELULAR, PANTALLAS DE VIDEO, COMIDA, MAQUILLAJE O CUALQUIER OTRO ELEMENTO DISTRACTOR).",PERDIDA DE PISTA,MOTOCICLETA,0,0,0,0,0,0,0,0,1,0,0,0,0,1,35,MUJER,LESIONADO,PASAJERO,NO,NO,3
20815,73307,73308,2019,0,1,-0.115525,-78.497403,PICHINCHA,QUITO,QUITO,URBANA,2019-10-09,23:00:00,23,MIERCOLES,3,OCTUBRE,10,NO,CONDUCIR VEHICULO SUPERANDO LOS LIMITES MAXIMOS DE VELOCIDAD.,ESTRELLAMIENTOS,MOTOCICLETA,0,0,0,0,0,0,0,0,1,0,0,0,0,1,31,HOMBRE,FALLECIDO,CONDUCTOR PRESENTE,NO,NO,0
20816,73313,73314,2019,1,0,-0.104411,-78.426866,PICHINCHA,QUITO,CALDERON (CARAPUNGO),RURAL,2019-10-10,05:30:00,5,JUEVES,4,OCTUBRE,10,SI,CONDUCIR EN SENTIDO CONTRARIO A LA VIA NORMAL DE CIRCULACION.,CHOQUE LATERAL,AUTOMOVIL,1,0,0,0,0,0,0,1,0,0,0,0,0,2,23,HOMBRE,LESIONADO,CONDUCTOR PRESENTE,NO,NO,3
20817,73314,73315,2019,1,0,-0.108629,-78.454011,PICHINCHA,QUITO,CALDERON (CARAPUNGO),RURAL,2019-10-10,07:06:00,7,JUEVES,4,OCTUBRE,10,SI,CONDUCIR EN SENTIDO CONTRARIO A LA VIA NORMAL DE CIRCULACION.,CHOQUE LATERAL,MOTOCICLETA,1,0,0,0,0,0,0,0,1,0,0,0,0,2,23,MUJER,LESIONADO,CONDUCTOR PRESENTE,NO,NO,3
20818,73317,73318,2019,3,0,-0.069753,-78.373795,PICHINCHA,QUITO,CALDERON (CARAPUNGO),RURAL,2019-10-10,09:10:00,9,JUEVES,4,OCTUBRE,10,SI,CONDUCIR EN SENTIDO CONTRARIO A LA VIA NORMAL DE CIRCULACION.,CHOQUE FRONTAL,MOTOCICLETA,0,0,0,0,1,0,0,0,1,0,0,0,0,2,42,HOMBRE,LESIONADO,PASAJERO,NO,NO,3
20819,73318,73319,2019,1,0,-0.148312,-78.475438,PICHINCHA,QUITO,QUITO,URBANA,2019-10-10,11:35:00,11,JUEVES,4,OCTUBRE,10,SI,NO TRANSITAR POR LAS ACERAS O ZONAS DE SEGURIDAD DESTINADAS PARA EL EFECTO.,ATROPELLOS,MOTOCICLETA,0,0,0,0,0,0,0,0,1,0,0,0,0,1,80,MUJER,LESIONADO,PEATON,NO,NO,0