,Unnamed: 0,ID,ANIO,LESIONADOS,FALLECIDOS,LATITUD_Y,LONGITUD_X,PROVINCIA,CANTON,PARROQUIA,ZONA,FECHA,HORA,PERIODO_2,DIA_1,DIA_2,MES_1,MES_2,FERIADO,CAUSA_PROBABLE,TIPO_DE_SINIESTRO,TIPO_DE_VEHICULO_1,AUTOMOVIL,BICICLETA,BUS,CAMION,CAMIONETA,EMERGENCIAS,ESPECIAL,FURGONETA,MOTOCICLETA,NO_IDENTIFICADO,SCOOTER_ELECTRICO,TRICIMOTO,VEHICULO_DEPORTIVO_UTILITARIO,SUMA_DE_VEHICULOS,EDAD_1,SEXO_1,CONDICION_1,PARTICIPANTE_1,CASCO_1,CINTURON_1,KMeans_Cluster
20820,73330,73331,2019,0,0,-0.109369,-78.458375,PICHINCHA,QUITO,CALDERON (CARAPUNGO),RURAL,2019-10-10,17:30:00,17,JUEVES,4,OCTUBRE,10,SI,NO GUARDAR LA DISTANCIA LATERAL MINIMA DE SEGURIDAD ENTRE VEHICULOS.,ROZAMIENTOS,AUTOMOVIL,2,0,0,0,0,0,0,0,0,0,0,0,0,2,31,MUJER,ILESO,CONDUCTOR PRESENTE,NO,NO,3
20821,73333,73334,2019,0,0,-0.286507,-78.541696,PICHINCHA,QUITO,QUITO,URBANA,2019-10-10,18:20:00,18,JUEVES,4,OCTUBRE,10,SI,NO MANTENER LA DISTANCIA PRUDENCIAL CON RESPECTO AL VEHICULO QUE LE ANTECEDE.,COLISION,AUTOMOVIL,3,0,0,0,0,0,0,0,1,0,0,0,0,4,23,HOMBRE,ILESO,CONDUCTOR PRESENTE,NO,NO,0
20822,73335,73336,2019,1,0,-0.319911,-78.485692,PICHINCHA,QUITO,CONOCOTO,RURAL,2019-10-10,18:38:00,18,JUEVES,4,OCTUBRE,10,SI,REALIZAR CAMBIO BRUSCO O INDEBIDO DE CARRIL.,CHOQUE FRONTAL,CAMIONETA,0,0,0,0,1,0,0,0,1,0,0,0,0,2,32,HOMBRE,LESIONADO,CONDUCTOR PRESENTE,NO,NO,3
20823,73345,73346,2019,1,1,-0.245522,-78.510143,PICHINCHA,QUITO,QUITO,URBANA,2019-10-10,23:00:00,23,JUEVES,4,OCTUBRE,10,SI,"NO RESPETAR LAS SENIALES REGLAMENTARIAS DE TRANSITO. (PARE, CEDA EL PASO, LUZ ROJA DEL SEMAFORO, ETC).",CHOQUE LATERAL,MOTOCICLETA,0,0,0,0,0,0,0,0,2,0,0,0,0,2,23,HOMBRE,FALLECIDO,CONDUCTOR PRESENTE,NO,NO,0
20824,73351,73352,2019,2,0,-0.291456,-78.473781,PICHINCHA,QUITO,CONOCOTO,RURAL,2019-10-11,06:45:00,6,VIERNES,5,OCTUBRE,10,SI,"CONDUCE BAJO LA INFLUENCIA DE ALCOHOL, SUSTANCIAS ESTUPEFACIENTES O PSICOTROPICAS Y/O MEDICAMENTOS.",CHOQUE LATERAL,MOTOCICLETA,0,0,0,0,0,0,0,0,2,0,0,0,0,2,39,MUJER,LESIONADO,CONDUCTOR PRESENTE,NO,NO,3
20825,73352,73353,2019,0,0,-0.217989,-78.508704,PICHINCHA,QUITO,QUITO,URBANA,2019-10-11,07:00:00,7,VIERNES,5,OCTUBRE,10,SI,"CONDUCE BAJO LA INFLUENCIA DE ALCOHOL, SUSTANCIAS ESTUPEFACIENTES O PSICOTROPICAS Y/O MEDICAMENTOS.",CHOQUE LATERAL,CAMIONETA,1,0,0,0,1,0,0,0,0,0,0,0,0,2,64,HOMBRE,ILESO,CONDUCTOR PRESENTE,NO,NO,0
20826,73356,73357,2019,0,0,-0.123984,-78.485867,PICHINCHA,QUITO,QUITO,URBANA,2019-10-11,08:20:00,8,VIERNES,5,OCTUBRE,10,SI,NO GUARDAR LA DISTANCIA LATERAL MINIMA DE SEGURIDAD ENTRE VEHICULOS.,CHOQUE LATERAL,MOTOCICLETA,1,0,0,0,0,0,0,0,1,0,0,0,0,2,18,HOMBRE,ILESO,CONDUCTOR PRESENTE,NO,NO,0
20827,73359,73360,2019,0,0,-0.224868,-78.504546,PICHINCHA,QUITO,QUITO,URBANA,2019-10-11,11:50:00,11,VIERNES,5,OCTUBRE,10,SI,"NO RESPETAR LAS SENIALES REGLAMENTARIAS DE TRANSITO. (PARE, CEDA EL PASO, LUZ ROJA DEL SEMAFORO, ETC).",CHOQUE LATERAL,CAMIONETA,0,0,0,0,1,0,0,0,1,0,0,0,0,2,43,HOMBRE,ILESO,CONDUCTOR PRESENTE,NO,NO,0
20828,73371,73372,2019,2,1,0.028511,-78.632093,PICHINCHA,QUITO,NONO,URBANA,2019-10-11,16:40:00,16,VIERNES,5,OCTUBRE,10,SI,"CONDUCIR DESATENTO A LAS CONDICIONES DE TRANSITO (CELULAR, PANTALLAS DE VIDEO, COMIDA, MAQUILLAJE O CUALQUIER OTRO ELEMENTO DISTRACTOR).",PERDIDA DE CARRIL,CAMION,0,0,0,1,0,0,0,0,0,0,0,0,0,1,50,HOMBRE,FALLECIDO,PASAJERO,NO,NO,0
20829,73379,73380,2019,0,0,-0.295021,-78.527571,PICHINCHA,QUITO,QUITO,URBANA,2019-10-11,20:30:00,20,VIERNES,5,OCTUBRE,10,SI,NO GUARDAR LA DISTANCIA LATERAL MINIMA DE SEGURIDAD ENTRE VEHICULOS.,ROZAMIENTOS,BUS,1,0,1,0,0,0,0,0,0,0,0,0,0,2,24,HOMBRE,ILESO,CONDUCTOR PRESENTE,NO,NO,0
20830,73388,73389,2019,2,0,-0.260161,-78.513844,PICHINCHA,QUITO,QUITO,URBANA,2019-10-11,23:50:00,23,VIERNES,5,OCTUBRE,10,SI,CONDUCIR VEHICULO SUPERANDO LOS LIMITES MAXIMOS DE VELOCIDAD.,CHOQUE LATERAL,MOTOCICLETA,0,0,0,0,0,0,0,0,1,1,0,0,0,2,30,HOMBRE,LESIONADO,CONDUCTOR PRESENTE,NO,NO,0
20831,73389,73390,2019,0,0,-0.126471,-78.478019,PICHINCHA,QUITO,QUITO,URBANA,2019-10-12,00:05:00,0,SABADO,6,OCTUBRE,10,SI,NO GUARDAR LA DISTANCIA LATERAL MINIMA DE SEGURIDAD ENTRE VEHICULOS.,CHOQUE LATERAL,AUTOMOVIL,2,0,0,0,0,0,0,0,0,0,0,0,0,2,-1,NO IDENTIFICADO,NO IDENTIFICADO,CONDUCTOR AUSENTE,NO,NO,2
20832,73390,73391,2019,1,0,-0.318843,-78.547558,PICHINCHA,QUITO,QUITO,URBANA,2019-10-12,00:15:00,0,SABADO,6,OCTUBRE,10,SI,CONDUCIR VEHICULO SUPERANDO LOS LIMITES MAXIMOS DE VELOCIDAD.,OTROS,NO IDENTIFICADO,0,0,0,0,0,0,0,0,0,1,0,0,0,1,23,HOMBRE,LESIONADO,PASAJERO,NO,NO,0
20833,73394,73395,2019,1,0,-0.225378,-78.521737,PICHINCHA,QUITO,QUITO,URBANA,2019-10-12,01:15:00,1,SABADO,6,OCTUBRE,10,SI,CONDUCIR VEHICULO SUPERANDO LOS LIMITES MAXIMOS DE VELOCIDAD.,ESTRELLAMIENTOS,MOTOCICLETA,0,0,0,0,0,0,0,0,1,0,0,0,0,1,24,HOMBRE,LESIONADO,CONDUCTOR PRESENTE,NO,NO,0
20834,73395,73396,2019,0,0,-0.172951,-78.480394,PICHINCHA,QUITO,QUITO,URBANA,2019-10-12,01:45:00,1,SABADO,6,OCTUBRE,10,SI,CONDUCIR VEHICULO SUPERANDO LOS LIMITES MAXIMOS DE VELOCIDAD.,ESTRELLAMIENTOS,AUTOMOVIL,1,0,0,0,0,0,0,0,0,0,0,0,0,1,57,MUJER,ILESO,CONDUCTOR PRESENTE,NO,NO,0
20835,73397,73398,2019,2,0,-0.121479,-78.465975,PICHINCHA,QUITO,QUITO,URBANA,2019-10-12,03:15:00,3,SABADO,6,OCTUBRE,10,SI,CONDUCIR VEHICULO SUPERANDO LOS LIMITES MAXIMOS DE VELOCIDAD.,CHOQUE FRONTAL,AUTOMOVIL,1,0,0,0,0,0,0,0,0,1,0,0,0,2,31,HOMBRE,LESIONADO,PASAJERO,NO,NO,0
20836,73404,73405,2019,0,0,-0.112841,-78.497688,PICHINCHA,QUITO,QUITO,URBANA,2019-10-12,05:30:00,5,SABADO,6,OCTUBRE,10,SI,"CONDUCE BAJO LA INFLUENCIA DE ALCOHOL, SUSTANCIAS ESTUPEFACIENTES O PSICOTROPICAS Y/O MEDICAMENTOS.",PERDIDA DE CARRIL,AUTOMOVIL,2,0,0,0,0,0,0,0,0,0,0,0,0,2,54,HOMBRE,ILESO,CONDUCTOR PRESENTE,NO,NO,0
20837,73405,73406,2019,0,1,-0.276708,-78.542623,PICHINCHA,QUITO,QUITO,URBANA,2019-10-12,05:50:00,5,SABADO,6,OCTUBRE,10,SI,NO CEDER EL DERECHO DE VIA O PREFERENCIA DE PASO AL PEATON.,ATROPELLOS,NO IDENTIFICADO,0,0,0,0,0,0,0,0,0,1,0,0,0,1,41,HOMBRE,FALLECIDO,PEATON,NO,NO,0
20838,73411,73412,2019,1,0,-0.202667,-78.492462,PICHINCHA,QUITO,QUITO,URBANA,2019-10-12,07:29:00,7,SABADO,6,OCTUBRE,10,SI,"NO RESPETAR LAS SENIALES REGLAMENTARIAS DE TRANSITO. (PARE, CEDA EL PASO, LUZ ROJA DEL SEMAFORO, ETC).",CHOQUE LATERAL,MOTOCICLETA,1,0,0,0,0,0,0,0,1,0,0,0,0,2,41,MUJER,LESIONADO,PASAJERO,NO,NO,0
20839,73412,73413,2019,1,0,-0.232254,-78.505317,PICHINCHA,QUITO,QUITO,URBANA,2019-10-12,08:00:00,8,SABADO,6,OCTUBRE,10,SI,NO MANTENER LA DISTANCIA PRUDENCIAL CON RESPECTO AL VEHICULO QUE LE ANTECEDE.,CHOQUE POSTERIOR,MOTOCICLETA,0,0,0,0,0,0,0,0,1,1,0,0,0,2,19,HOMBRE,LESIONADO,CONDUCTOR PRESENTE,NO,NO,0
20840,73452,73453,2019,0,0,-0.206451,-78.512129,PICHINCHA,QUITO,QUITO,URBANA,2019-10-13,02:50:00,2,DOMINGO,7,OCTUBRE,10,SI,CONDUCIR VEHICULO SUPERANDO LOS LIMITES MAXIMOS DE VELOCIDAD.,ESTRELLAMIENTOS,AUTOMOVIL,1,0,0,0,0,0,0,0,0,0,0,0,0,1,-1,NO IDENTIFICADO,NO IDENTIFICADO,CONDUCTOR AUSENTE,NO,NO,2
20841,73506,73507,2019,0,0,-0.240226,-78.506613,PICHINCHA,QUITO,QUITO,URBANA,2019-10-14,08:15:00,8,LUNES,1,OCTUBRE,10,NO,NO GUARDAR LA DISTANCIA LATERAL MINIMA DE SEGURIDAD ENTRE VEHICULOS.,CHOQUE LATERAL,AUTOMOVIL,1,0,0,0,0,0,0,0,0,1,0,0,0,2,25,HOMBRE,ILESO,CONDUCTOR PRESENTE,NO,NO,0
20842,73511,73512,2019,1,0,-0.224297,-78.515201,PICHINCHA,QUITO,QUITO,URBANA,2019-10-14,10:15:00,10,LUNES,1,OCTUBRE,10,NO,DEJAR O RECOGER PASAJEROS EN LUGARES NO PERMITIDOS.,ATROPELLOS,MOTOCICLETA,0,0,0,0,0,0,0,0,1,0,0,0,0,1,60,MUJER,LESIONADO,PEATON,NO,NO,0
20843,73547,73548,2019,1,0,-0.125961,-78.525528,PICHINCHA,QUITO,QUITO,URBANA,2019-10-15,07:10:00,7,MARTES,2,OCTUBRE,10,NO,PEATON QUE CRUZA LA CALZADA SIN RESPETAR LA SENIALIZACION EXISTENTE (SEMAFOROS O SENIALES MANUALES).,ATROPELLOS,MOTOCICLETA,0,0,0,0,0,0,0,0,1,0,0,0,0,1,52,MUJER,LESIONADO,PEATON,NO,NO,0
20844,73551,73552,2019,2,0,-0.315061,-78.558299,PICHINCHA,QUITO,QUITO,URBANA,2019-10-15,07:50:00,7,MARTES,2,OCTUBRE,10,NO,NO CEDER EL DERECHO DE VIA O PREFERENCIA DE PASO AL PEATON.,ATROPELLOS,NO IDENTIFICADO,0,0,0,0,0,0,0,0,0,1,0,0,0,1,68,HOMBRE,LESIONADO,PEATON,NO,NO,0
20845,73554,73555,2019,1,0,-0.136729,-78.486386,PICHINCHA,QUITO,QUITO,URBANA,2019-10-15,08:15:00,8,MARTES,2,OCTUBRE,10,NO,NO GUARDAR LA DISTANCIA LATERAL MINIMA DE SEGURIDAD ENTRE VEHICULOS.,CHOQUE LATERAL,AUTOMOVIL,2,0,0,0,0,0,0,0,0,0,0,0,0,2,32,MUJER,LESIONADO,CONDUCTOR PRESENTE,NO,NO,0
20846,73559,73560,2019,1,0,-0.266758,-78.538025,PICHINCHA,QUITO,QUITO,URBANA,2019-10-15,10:40:00,10,MARTES,2,OCTUBRE,10,NO,"NO RESPETAR LAS SENIALES REGLAMENTARIAS DE TRANSITO. (PARE, CEDA EL PASO, LUZ ROJA DEL SEMAFORO, ETC).",CHOQUE LATERAL,AUTOMOVIL,1,0,0,0,0,0,0,0,1,0,0,0,0,2,23,MUJER,LESIONADO,PASAJERO,NO,NO,0
20847,73569,73570,2019,2,0,-0.320395,-78.557079,PICHINCHA,QUITO,QUITO,URBANA,2019-10-15,14:35:00,14,MARTES,2,OCTUBRE,10,NO,NO MANTENER LA DISTANCIA PRUDENCIAL CON RESPECTO AL VEHICULO QUE LE ANTECEDE.,CHOQUE POSTERIOR,AUTOMOVIL,1,0,0,0,0,0,0,0,0,1,0,0,0,2,34,MUJER,LESIONADO,PASAJERO,NO,NO,0
20848,73580,73581,2019,0,0,-0.168724,-78.474954,PICHINCHA,QUITO,QUITO,URBANA,2019-10-15,19:05:00,19,MARTES,2,OCTUBRE,10,NO,NO GUARDAR LA DISTANCIA LATERAL MINIMA DE SEGURIDAD ENTRE VEHICULOS.,CHOQUE LATERAL,CAMIONETA,1,0,0,0,1,0,0,0,0,0,0,0,0,2,32,MUJER,ILESO,CONDUCTOR PRESENTE,NO,NO,0
20849,73581,73582,2019,1,0,-0.275541,-78.545262,PICHINCHA,QUITO,QUITO,URBANA,2019-10-15,19:20:00,19,MARTES,2,OCTUBRE,10,NO,NO CEDER EL DERECHO DE VIA O PREFERENCIA DE PASO AL PEATON.,ATROPELLOS,NO IDENTIFICADO,0,0,0,0,0,0,0,0,0,1,0,0,0,1,55,HOMBRE,LESIONADO,PEATON,NO,NO,0
20850,73589,73590,2019,1,0,-0.237723,-78.508969,PICHINCHA,QUITO,QUITO,URBANA,2019-10-16,00:45:00,0,MIERCOLES,3,OCTUBRE,10,NO,CONDUCIR VEHICULO SUPERANDO LOS LIMITES MAXIMOS DE VELOCIDAD.,ESTRELLAMIENTOS,CAMIONETA,0,0,0,0,1,0,0,0,0,0,0,0,0,1,44,HOMBRE,LESIONADO,PEATON,NO,NO,0
20851,73598,73599,2019,1,0,-0.208498,-78.485714,PICHINCHA,QUITO,QUITO,URBANA,2019-10-16,07:51:00,7,MIERCOLES,3,OCTUBRE,10,NO,"NO RESPETAR LAS SENIALES REGLAMENTARIAS DE TRANSITO. (PARE, CEDA EL PASO, LUZ ROJA DEL SEMAFORO, ETC).",ATROPELLOS,AUTOMOVIL,1,0,0,0,0,0,0,0,0,0,0,0,0,1,50,HOMBRE,LESIONADO,PEATON,NO,NO,0
20852,73600,73601,2019,2,0,-0.237604,-78.484574,PICHINCHA,QUITO,QUITO,URBANA,2019-10-16,08:45:00,8,MIERCOLES,3,OCTUBRE,10,NO,NO GUARDAR LA DISTANCIA LATERAL MINIMA DE SEGURIDAD ENTRE VEHICULOS.,CHOQUE LATERAL,MOTOCICLETA,0,0,0,0,0,0,0,0,1,1,0,0,0,2,30,MUJER,LESIONADO,PASAJERO,NO,NO,0
20853,73602,73603,2019,1,0,-0.294843,-78.564504,PICHINCHA,QUITO,QUITO,URBANA,2019-10-16,09:10:00,9,MIERCOLES,3,OCTUBRE,10,NO,NO CEDER EL DERECHO DE VIA O PREFERENCIA DE PASO AL PEATON.,ATROPELLOS,AUTOMOVIL,1,0,0,0,0,0,0,0,0,0,0,0,0,1,76,MUJER,LESIONADO,PEATON,NO,NO,0
20854,73605,73606,2019,0,0,-0.301659,-78.463312,PICHINCHA,QUITO,CONOCOTO,RURAL,2019-10-16,10:30:00,10,MIERCOLES,3,OCTUBRE,10,NO,CONDUCIR VEHICULO SUPERANDO LOS LIMITES MAXIMOS DE VELOCIDAD.,CHOQUE LATERAL,AUTOMOVIL,2,0,0,0,0,0,0,0,0,0,0,0,0,2,73,MUJER,ILESO,CONDUCTOR PRESENTE,NO,NO,3
20855,73618,73619,2019,0,0,-0.292724,-78.476486,PICHINCHA,QUITO,CONOCOTO,RURAL,2019-10-16,15:20:00,15,MIERCOLES,3,OCTUBRE,10,NO,NO GUARDAR LA DISTANCIA LATERAL MINIMA DE SEGURIDAD ENTRE VEHICULOS.,OTROS,AUTOMOVIL,2,0,0,0,0,0,0,0,0,0,0,0,0,2,38,HOMBRE,ILESO,CONDUCTOR PRESENTE,NO,NO,3
20856,73622,73623,2019,1,0,-0.250641,-78.538033,PICHINCHA,QUITO,QUITO,URBANA,2019-10-16,16:10:00,16,MIERCOLES,3,OCTUBRE,10,NO,NO CEDER EL DERECHO DE VIA O PREFERENCIA DE PASO AL PEATON.,ATROPELLOS,NO IDENTIFICADO,0,0,0,0,0,0,0,0,0,1,0,0,0,1,40,MUJER,LESIONADO,PEATON,NO,NO,0
20857,73629,73630,2019,0,0,-0.221551,-78.524172,PICHINCHA,QUITO,QUITO,URBANA,2019-10-16,18:10:00,18,MIERCOLES,3,OCTUBRE,10,NO,"CASO FORTUITO O FUERZA MAYOR (EXPLOSION DE NEUMATICO NUEVO, DERRUMBE, INUNDACION, CAIDA DE PUENTE, ARBOL, PRESENCIA INTEMPESTIVA E IMPREVISTA DE SEMOVIENTES EN LA VIA, ETC.).",ESTRELLAMIENTOS,AUTOMOVIL,1,0,0,0,0,0,0,0,0,0,0,0,0,1,25,HOMBRE,ILESO,CONDUCTOR PRESENTE,NO,NO,0
20858,73632,73633,2019,0,0,-0.105373,-78.462381,PICHINCHA,QUITO,QUITO,RURAL,2019-10-16,19:20:00,19,MIERCOLES,3,OCTUBRE,10,NO,"CONDUCE BAJO LA INFLUENCIA DE ALCOHOL, SUSTANCIAS ESTUPEFACIENTES O PSICOTROPICAS Y/O MEDICAMENTOS.",CHOQUE POSTERIOR,AUTOMOVIL,1,0,0,0,1,0,0,0,0,0,0,0,0,2,58,HOMBRE,ILESO,CONDUCTOR PRESENTE,NO,NO,3
20859,73633,73634,2019,0,0,-0.191051,-78.494673,PICHINCHA,QUITO,QUITO,URBANA,2019-10-16,19:20:00,19,MIERCOLES,3,OCTUBRE,10,NO,"NO RESPETAR LAS SENIALES REGLAMENTARIAS DE TRANSITO. (PARE, CEDA EL PASO, LUZ ROJA DEL SEMAFORO, ETC).",CHOQUE LATERAL,AUTOMOVIL,2,0,0,0,0,0,0,0,0,0,0,0,0,2,45,HOMBRE,ILESO,CONDUCTOR PRESENTE,NO,NO,0
20860,73642,73643,2019,1,0,-0.222068,-78.384087,PICHINCHA,QUITO,TUMBACO,RURAL,2019-10-16,21:20:00,21,MIERCOLES,3,OCTUBRE,10,NO,REALIZAR CAMBIO BRUSCO O INDEBIDO DE CARRIL.,CHOQUE FRONTAL,MOTOCICLETA,1,0,0,0,0,0,0,0,1,0,0,0,0,2,21,HOMBRE,LESIONADO,CONDUCTOR PRESENTE,NO,NO,3
20861,73645,73646,2019,0,0,-0.127201,-78.471433,PICHINCHA,QUITO,QUITO,URBANA,2019-10-16,23:40:00,23,MIERCOLES,3,OCTUBRE,10,NO,"NO RESPETAR LAS SENIALES REGLAMENTARIAS DE TRANSITO. (PARE, CEDA EL PASO, LUZ ROJA DEL SEMAFORO, ETC).",ESTRELLAMIENTOS,AUTOMOVIL,1,0,0,0,0,0,0,0,0,0,0,0,0,1,-1,NO IDENTIFICADO,NO IDENTIFICADO,CONDUCTOR AUSENTE,NO,NO,2
20862,73646,73647,2019,0,0,-0.198054,-78.496075,PICHINCHA,QUITO,QUITO,URBANA,2019-10-17,01:00:00,1,JUEVES,4,OCTUBRE,10,NO,CONDUCIR EN SENTIDO CONTRARIO A LA VIA NORMAL DE CIRCULACION.,ESTRELLAMIENTOS,FURGONETA,0,0,0,0,0,0,0,1,0,0,0,0,0,1,-1,NO IDENTIFICADO,NO IDENTIFICADO,CONDUCTOR AUSENTE,NO,NO,2
20863,73648,73649,2019,0,0,-0.182174,-78.490011,PICHINCHA,QUITO,QUITO,URBANA,2019-10-17,02:00:00,2,JUEVES,4,OCTUBRE,10,NO,"CONDICIONES AMBIENTALES Y/O ATMOSFERICAS (NIEBLA, NEBLINA, GRANIZO, LLUVIA).",ESTRELLAMIENTOS,AUTOMOVIL,1,0,0,0,0,0,0,0,0,0,0,0,0,1,52,HOMBRE,ILESO,CONDUCTOR PRESENTE,NO,NO,0
20864,73652,73653,2019,0,0,-0.201004,-78.491306,PICHINCHA,QUITO,QUITO,URBANA,2019-10-17,06:42:00,6,JUEVES,4,OCTUBRE,10,NO,CONDUCIR VEHICULO SUPERANDO LOS LIMITES MAXIMOS DE VELOCIDAD.,CHOQUE POSTERIOR,AUTOMOVIL,2,0,0,0,0,0,0,0,0,0,0,0,0,2,32,HOMBRE,ILESO,CONDUCTOR PRESENTE,NO,NO,0
20865,73654,73655,2019,0,0,-0.206308,-78.499415,PICHINCHA,QUITO,QUITO,URBANA,2019-10-17,07:15:00,7,JUEVES,4,OCTUBRE,10,NO,MALAS CONDICIONES DE LA VIA Y/O CONFIGURACION. (ILUMINACION Y DISENIO).,OTROS,BUS,0,0,1,0,0,0,0,0,0,0,0,0,0,1,23,HOMBRE,ILESO,CONDUCTOR PRESENTE,NO,NO,0
20866,73655,73656,2019,0,0,-0.011247,-78.447339,PICHINCHA,QUITO,SAN ANTONIO (QUITO),RURAL,2019-10-17,07:15:00,7,JUEVES,4,OCTUBRE,10,NO,"NO RESPETAR LAS SENIALES REGLAMENTARIAS DE TRANSITO. (PARE, CEDA EL PASO, LUZ ROJA DEL SEMAFORO, ETC).",CHOQUE LATERAL,AUTOMOVIL,1,0,0,0,0,0,0,0,1,0,0,0,0,2,20,HOMBRE,ILESO,CONDUCTOR PRESENTE,NO,NO,3
20867,73656,73657,2019,1,0,-0.225194,-78.525096,PICHINCHA,QUITO,QUITO,URBANA,2019-10-17,07:25:00,7,JUEVES,4,OCTUBRE,10,NO,NO TRANSITAR POR LAS ACERAS O ZONAS DE SEGURIDAD DESTINADAS PARA EL EFECTO.,ATROPELLOS,AUTOMOVIL,1,0,0,0,0,0,0,0,0,0,0,0,0,1,82,MUJER,LESIONADO,CONDUCTOR PRESENTE,NO,NO,0
20868,73660,73661,2019,0,0,-0.115164,-78.477369,PICHINCHA,QUITO,QUITO,URBANA,2019-10-17,09:00:00,9,JUEVES,4,OCTUBRE,10,NO,"CONDUCIR DESATENTO A LAS CONDICIONES DE TRANSITO (CELULAR, PANTALLAS DE VIDEO, COMIDA, MAQUILLAJE O CUALQUIER OTRO ELEMENTO DISTRACTOR).",CHOQUE LATERAL,CAMIONETA,1,0,0,0,2,0,0,0,0,0,0,0,0,3,51,HOMBRE,ILESO,CONDUCTOR PRESENTE,NO,NO,0
20869,73663,73664,2019,1,0,-0.225185,-78.516076,PICHINCHA,QUITO,QUITO,URBANA,2019-10-17,11:50:00,11,JUEVES,4,OCTUBRE,10,NO,CONDUCIR VEHICULO SUPERANDO LOS LIMITES MAXIMOS DE VELOCIDAD.,ATROPELLOS,FURGONETA,0,0,0,0,0,0,0,1,0,0,0,0,0,1,86,HOMBRE,LESIONADO,PEATON,NO,NO,0
20870,73667,73668,2019,0,0,-0.218238,-78.433617,PICHINCHA,QUITO,CUMBAYA,RURAL,2019-10-17,12:30:00,12,JUEVES,4,OCTUBRE,10,NO,NO GUARDAR LA DISTANCIA LATERAL MINIMA DE SEGURIDAD ENTRE VEHICULOS.,CHOQUE LATERAL,AUTOMOVIL,1,0,0,1,0,0,0,0,0,0,0,0,0,2,49,HOMBRE,ILESO,CONDUCTOR PRESENTE,NO,NO,3
20871,73672,73673,2019,2,0,-0.203607,-78.368177,PICHINCHA,QUITO,PUEMBO,RURAL,2019-10-17,14:10:00,14,JUEVES,4,OCTUBRE,10,NO,"NO RESPETAR LAS SENIALES REGLAMENTARIAS DE TRANSITO. (PARE, CEDA EL PASO, LUZ ROJA DEL SEMAFORO, ETC).",CHOQUE FRONTAL,CAMIONETA,1,0,0,0,1,0,0,0,0,0,0,0,0,2,23,HOMBRE,LESIONADO,PASAJERO,NO,NO,3
20872,73686,73687,2019,0,0,-0.105568,-78.497653,PICHINCHA,QUITO,QUITO,URBANA,2019-10-17,19:00:00,19,JUEVES,4,OCTUBRE,10,NO,NO GUARDAR LA DISTANCIA LATERAL MINIMA DE SEGURIDAD ENTRE VEHICULOS.,CHOQUE POSTERIOR,AUTOMOVIL,2,0,0,0,0,0,0,0,0,0,0,0,0,2,53,HOMBRE,ILESO,CONDUCTOR PRESENTE,NO,NO,0
20873,73687,73688,2019,1,0,-0.328138,-78.369468,PICHINCHA,QUITO,PINTAG,RURAL,2019-10-17,19:05:00,19,JUEVES,4,OCTUBRE,10,NO,NO CEDER EL DERECHO DE VIA O PREFERENCIA DE PASO AL PEATON.,ATROPELLOS,NO IDENTIFICADO,0,0,0,0,0,0,0,0,0,1,0,0,0,1,9,HOMBRE,LESIONADO,PEATON,NO,NO,3
20874,73689,73690,2019,0,0,-0.206816,-78.492031,PICHINCHA,QUITO,QUITO,URBANA,2019-10-17,19:45:00,19,JUEVES,4,OCTUBRE,10,NO,"CONDUCIR EN ESTADO DE SOMNOLENCIA O MALAS CONDICIONES FISICAS (SUENIO, CANSANCIO Y FATIGA).",ESTRELLAMIENTOS,AUTOMOVIL,2,0,0,0,0,0,0,0,0,0,0,0,0,2,-1,NO IDENTIFICADO,NO IDENTIFICADO,CONDUCTOR AUSENTE,NO,NO,2
20875,73695,73696,2019,0,0,-0.205331,-78.491741,PICHINCHA,QUITO,QUITO,URBANA,2019-10-17,22:00:00,22,JUEVES,4,OCTUBRE,10,NO,REALIZAR CAMBIO BRUSCO O INDEBIDO DE CARRIL.,CHOQUE LATERAL,BUS,1,0,1,0,0,0,0,0,0,0,0,0,0,2,43,HOMBRE,ILESO,CONDUCTOR PRESENTE,NO,NO,0
20876,73706,73707,2019,0,0,-0.138561,-78.482436,PICHINCHA,QUITO,QUITO,URBANA,2019-10-18,07:00:00,7,VIERNES,5,OCTUBRE,10,NO,NO MANTENER LA DISTANCIA PRUDENCIAL CON RESPECTO AL VEHICULO QUE LE ANTECEDE.,COLISION,BUS,0,0,1,0,2,0,0,0,0,0,0,0,0,3,56,HOMBRE,ILESO,CONDUCTOR PRESENTE,NO,NO,0
20877,73708,73709,2019,2,0,-0.204592,-78.455985,PICHINCHA,QUITO,QUITO,RURAL,2019-10-18,07:45:00,7,VIERNES,5,OCTUBRE,10,NO,"NO RESPETAR LAS SENIALES REGLAMENTARIAS DE TRANSITO. (PARE, CEDA EL PASO, LUZ ROJA DEL SEMAFORO, ETC).",ATROPELLOS,NO IDENTIFICADO,0,0,0,0,0,0,0,0,0,1,0,0,0,1,28,MUJER,LESIONADO,PEATON,NO,NO,3
20878,73715,73716,2019,1,0,-0.091585,-78.439052,PICHINCHA,QUITO,CALDERON (CARAPUNGO),RURAL,2019-10-18,12:00:00,12,VIERNES,5,OCTUBRE,10,NO,NO CEDER EL DERECHO DE VIA O PREFERENCIA DE PASO A VEHICULOS.,ESTRELLAMIENTOS,CAMION,0,0,0,1,0,0,0,1,0,0,0,0,0,2,36,HOMBRE,LESIONADO,CONDUCTOR PRESENTE,NO,NO,3