,Unnamed: 0,ID,ANIO,LESIONADOS,FALLECIDOS,LATITUD_Y,LONGITUD_X,PROVINCIA,CANTON,PARROQUIA,ZONA,FECHA,HORA,PERIODO_2,DIA_1,DIA_2,MES_1,MES_2,FERIADO,CAUSA_PROBABLE,TIPO_DE_SINIESTRO,TIPO_DE_VEHICULO_1,AUTOMOVIL,BICICLETA,BUS,CAMION,CAMIONETA,EMERGENCIAS,ESPECIAL,FURGONETA,MOTOCICLETA,NO_IDENTIFICADO,SCOOTER_ELECTRICO,TRICIMOTO,VEHICULO_DEPORTIVO_UTILITARIO,SUMA_DE_VEHICULOS,EDAD_1,SEXO_1,CONDICION_1,PARTICIPANTE_1,CASCO_1,CINTURON_1,KMeans_Cluster
20879,73730,73731,2019,1,0,-0.116462,-78.502454,PICHINCHA,QUITO,QUITO,RURAL,2019-10-18,16:11:00,16,VIERNES,5,OCTUBRE,10,NO,NO CEDER EL DERECHO DE VIA O PREFERENCIA DE PASO AL PEATON.,ATROPELLOS,NO IDENTIFICADO,0,0,0,0,0,0,0,0,0,1,0,0,0,1,2,HOMBRE,LESIONADO,PEATON,NO,NO,3
20880,73748,73749,2019,2,1,-0.224383,-78.496888,PICHINCHA,QUITO,QUITO,URBANA,2019-10-18,19:15:00,19,VIERNES,5,OCTUBRE,10,NO,"CONDUCE BAJO LA INFLUENCIA DE ALCOHOL, SUSTANCIAS ESTUPEFACIENTES O PSICOTROPICAS Y/O MEDICAMENTOS.",ESTRELLAMIENTOS,CAMION,0,0,0,1,0,0,0,0,0,0,0,0,0,1,33,HOMBRE,FALLECIDO,PASAJERO,NO,NO,0
20881,73760,73761,2019,1,0,-0.232484,-78.493231,PICHINCHA,QUITO,QUITO,RURAL,2019-10-18,22:00:00,22,VIERNES,5,OCTUBRE,10,NO,CONDUCIR VEHICULO SUPERANDO LOS LIMITES MAXIMOS DE VELOCIDAD.,PERDIDA DE CARRIL,AUTOMOVIL,1,0,0,0,0,0,0,0,0,0,0,0,0,1,22,HOMBRE,LESIONADO,CONDUCTOR PRESENTE,NO,NO,3
20882,73768,73769,2019,0,0,-0.286581,-78.549902,PICHINCHA,QUITO,QUITO,URBANA,2019-10-18,23:20:00,23,VIERNES,5,OCTUBRE,10,NO,"CONDUCE BAJO LA INFLUENCIA DE ALCOHOL, SUSTANCIAS ESTUPEFACIENTES O PSICOTROPICAS Y/O MEDICAMENTOS.",CHOQUE POSTERIOR,AUTOMOVIL,2,0,0,0,0,0,0,0,0,0,0,0,0,2,31,HOMBRE,ILESO,CONDUCTOR PRESENTE,NO,NO,0
20883,73769,73770,2019,0,0,-0.266071,-78.527563,PICHINCHA,QUITO,QUITO,URBANA,2019-10-18,23:30:00,23,VIERNES,5,OCTUBRE,10,NO,"CONDUCE BAJO LA INFLUENCIA DE ALCOHOL, SUSTANCIAS ESTUPEFACIENTES O PSICOTROPICAS Y/O MEDICAMENTOS.",CHOQUE FRONTAL,AUTOMOVIL,2,0,0,0,0,0,0,0,0,0,0,0,0,2,36,HOMBRE,ILESO,CONDUCTOR PRESENTE,NO,NO,0
20884,73771,73772,2019,0,0,-0.089881,-78.517157,PICHINCHA,QUITO,QUITO,URBANA,2019-10-19,00:30:00,0,SABADO,6,OCTUBRE,10,NO,"CONDUCIR DESATENTO A LAS CONDICIONES DE TRANSITO (CELULAR, PANTALLAS DE VIDEO, COMIDA, MAQUILLAJE O CUALQUIER OTRO ELEMENTO DISTRACTOR).",ESTRELLAMIENTOS,AUTOMOVIL,1,0,0,0,0,0,0,0,0,0,0,0,0,1,3,HOMBRE,ILESO,PASAJERO,NO,NO,0
20885,73774,73775,2019,0,0,-0.271169,-78.541237,PICHINCHA,QUITO,QUITO,URBANA,2019-10-19,01:30:00,1,SABADO,6,OCTUBRE,10,NO,"CONDUCE BAJO LA INFLUENCIA DE ALCOHOL, SUSTANCIAS ESTUPEFACIENTES O PSICOTROPICAS Y/O MEDICAMENTOS.",ESTRELLAMIENTOS,AUTOMOVIL,2,0,0,0,0,0,0,0,0,0,0,0,0,2,48,HOMBRE,ILESO,CONDUCTOR PRESENTE,NO,NO,0
20886,73775,73776,2019,0,0,-0.055538,-78.455101,PICHINCHA,QUITO,POMASQUI,URBANA,2019-10-19,01:50:00,1,SABADO,6,OCTUBRE,10,NO,"CONDUCIR DESATENTO A LAS CONDICIONES DE TRANSITO (CELULAR, PANTALLAS DE VIDEO, COMIDA, MAQUILLAJE O CUALQUIER OTRO ELEMENTO DISTRACTOR).",ESTRELLAMIENTOS,AUTOMOVIL,1,0,0,0,1,0,0,0,0,0,0,0,0,2,18,HOMBRE,ILESO,CONDUCTOR PRESENTE,NO,SI,0
20887,73778,73779,2019,2,0,-0.244831,-78.514223,PICHINCHA,QUITO,QUITO,URBANA,2019-10-19,02:30:00,2,SABADO,6,OCTUBRE,10,NO,CONDUCIR VEHICULO SUPERANDO LOS LIMITES MAXIMOS DE VELOCIDAD.,CHOQUE LATERAL,AUTOMOVIL,2,0,0,0,0,0,0,0,0,0,0,0,0,2,27,HOMBRE,LESIONADO,CONDUCTOR PRESENTE,NO,NO,0
20888,73779,73780,2019,0,0,-0.190082,-78.488029,PICHINCHA,QUITO,QUITO,URBANA,2019-10-19,02:30:00,2,SABADO,6,OCTUBRE,10,NO,"CONDUCE BAJO LA INFLUENCIA DE ALCOHOL, SUSTANCIAS ESTUPEFACIENTES O PSICOTROPICAS Y/O MEDICAMENTOS.",CHOQUE LATERAL,AUTOMOVIL,2,0,0,0,0,0,0,0,0,0,0,0,0,2,42,HOMBRE,ILESO,CONDUCTOR PRESENTE,NO,NO,0
20889,73782,73783,2019,0,0,-0.162687,-78.487329,PICHINCHA,QUITO,QUITO,URBANA,2019-10-19,03:05:00,3,SABADO,6,OCTUBRE,10,NO,PEATON QUE CRUZA LA CALZADA SIN RESPETAR LA SENIALIZACION EXISTENTE (SEMAFOROS O SENIALES MANUALES).,ESTRELLAMIENTOS,AUTOMOVIL,1,0,0,0,0,0,0,0,0,0,0,0,0,1,-1,NO IDENTIFICADO,NO IDENTIFICADO,CONDUCTOR AUSENTE,NO,NO,2
20890,73787,73788,2019,1,0,-0.097059,-78.441603,PICHINCHA,QUITO,CALDERON (CARAPUNGO),RURAL,2019-10-19,03:40:00,3,SABADO,6,OCTUBRE,10,NO,"CONDUCE BAJO LA INFLUENCIA DE ALCOHOL, SUSTANCIAS ESTUPEFACIENTES O PSICOTROPICAS Y/O MEDICAMENTOS.",CHOQUE LATERAL,AUTOMOVIL,2,0,0,0,0,0,0,0,0,0,0,0,0,2,32,HOMBRE,LESIONADO,CONDUCTOR PRESENTE,NO,NO,3
20891,73793,73794,2019,0,0,-0.197826,-78.466466,PICHINCHA,QUITO,QUITO,RURAL,2019-10-19,04:20:00,4,SABADO,6,OCTUBRE,10,NO,CONDUCIR VEHICULO SUPERANDO LOS LIMITES MAXIMOS DE VELOCIDAD.,ESTRELLAMIENTOS,CAMION,0,0,0,1,0,0,0,0,0,0,0,0,0,1,-1,NO IDENTIFICADO,NO IDENTIFICADO,CONDUCTOR AUSENTE,NO,NO,2
20892,73798,73799,2019,0,1,-0.095691,-78.510955,PICHINCHA,QUITO,QUITO,URBANA,2019-10-19,06:00:00,6,SABADO,6,OCTUBRE,10,NO,"NO RESPETAR LAS SENIALES REGLAMENTARIAS DE TRANSITO. (PARE, CEDA EL PASO, LUZ ROJA DEL SEMAFORO, ETC).",ESTRELLAMIENTOS,MOTOCICLETA,0,0,0,0,0,0,0,0,1,0,0,0,0,1,20,HOMBRE,FALLECIDO,CONDUCTOR PRESENTE,NO,NO,0
20893,73819,73820,2019,0,0,-0.185623,-78.343085,PICHINCHA,QUITO,TABABELA,RURAL,2019-10-19,14:05:00,14,SABADO,6,OCTUBRE,10,NO,NO MANTENER LA DISTANCIA PRUDENCIAL CON RESPECTO AL VEHICULO QUE LE ANTECEDE.,CHOQUE POSTERIOR,AUTOMOVIL,2,0,0,0,0,0,0,0,0,0,0,0,0,2,6,HOMBRE,ILESO,PASAJERO,NO,NO,3
20894,73821,73822,2019,1,0,-0.345748,-78.546799,PICHINCHA,QUITO,QUITO,URBANA,2019-10-19,14:30:00,14,SABADO,6,OCTUBRE,10,NO,CONDUCIR VEHICULO SUPERANDO LOS LIMITES MAXIMOS DE VELOCIDAD.,ATROPELLOS,NO IDENTIFICADO,0,0,0,0,0,0,0,0,0,1,0,0,0,1,11,HOMBRE,LESIONADO,PEATON,NO,NO,0
20895,73826,73827,2019,0,0,-0.241673,-78.518641,PICHINCHA,QUITO,QUITO,URBANA,2019-10-19,15:50:00,15,SABADO,6,OCTUBRE,10,NO,"CASO FORTUITO O FUERZA MAYOR (EXPLOSION DE NEUMATICO NUEVO, DERRUMBE, INUNDACION, CAIDA DE PUENTE, ARBOL, PRESENCIA INTEMPESTIVA E IMPREVISTA DE SEMOVIENTES EN LA VIA, ETC.).",CHOQUE LATERAL,AUTOMOVIL,2,0,0,0,0,0,0,0,0,0,0,0,0,2,21,HOMBRE,ILESO,CONDUCTOR PRESENTE,NO,NO,0
20896,73836,73837,2019,0,0,-0.212775,-78.488348,PICHINCHA,QUITO,QUITO,URBANA,2019-10-19,18:45:00,18,SABADO,6,OCTUBRE,10,NO,NO MANTENER LA DISTANCIA PRUDENCIAL CON RESPECTO AL VEHICULO QUE LE ANTECEDE.,CHOQUE POSTERIOR,AUTOMOVIL,2,0,0,0,0,0,0,0,0,0,0,0,0,2,24,MUJER,ILESO,CONDUCTOR PRESENTE,NO,NO,0
20897,73837,73838,2019,2,0,-0.175095,-78.488308,PICHINCHA,QUITO,QUITO,URBANA,2019-10-19,18:55:00,18,SABADO,6,OCTUBRE,10,NO,PEATON QUE CRUZA LA CALZADA SIN RESPETAR LA SENIALIZACION EXISTENTE (SEMAFOROS O SENIALES MANUALES).,ATROPELLOS,MOTOCICLETA,0,0,0,0,0,0,0,0,1,0,0,0,0,1,39,MUJER,LESIONADO,PEATON,NO,NO,0
20898,73844,73845,2019,0,0,-0.117893,-78.358046,PICHINCHA,QUITO,TABABELA,RURAL,2019-10-19,20:35:00,20,SABADO,6,OCTUBRE,10,NO,CONDUCIR VEHICULO SUPERANDO LOS LIMITES MAXIMOS DE VELOCIDAD.,CHOQUE LATERAL,AUTOMOVIL,1,0,0,0,1,0,0,0,0,0,0,0,0,2,29,HOMBRE,ILESO,CONDUCTOR PRESENTE,NO,NO,3
20899,73851,73852,2019,0,0,-0.196149,-78.442169,PICHINCHA,QUITO,CUMBAYA,RURAL,2019-10-19,21:00:00,21,SABADO,6,OCTUBRE,10,NO,REALIZAR CAMBIO BRUSCO O INDEBIDO DE CARRIL.,ESTRELLAMIENTOS,AUTOMOVIL,1,0,0,0,0,0,0,0,0,0,0,0,0,1,19,MUJER,ILESO,CONDUCTOR PRESENTE,NO,NO,3
20900,73875,73876,2019,2,0,-0.280218,-78.515678,PICHINCHA,QUITO,QUITO,URBANA,2019-10-20,01:00:00,1,DOMINGO,7,OCTUBRE,10,NO,CONDUCIR VEHICULO SUPERANDO LOS LIMITES MAXIMOS DE VELOCIDAD.,VOLCAMIENTOS,BUS,0,0,1,0,0,0,0,0,0,0,0,0,0,1,22,MUJER,LESIONADO,PASAJERO,NO,NO,2
20901,73876,73877,2019,1,0,-0.328239,-78.538128,PICHINCHA,QUITO,QUITO,URBANA,2019-10-20,01:05:00,1,DOMINGO,7,OCTUBRE,10,NO,NO CEDER EL DERECHO DE VIA O PREFERENCIA DE PASO AL PEATON.,ATROPELLOS,NO IDENTIFICADO,0,0,0,0,0,0,0,0,0,1,0,0,0,1,25,HOMBRE,LESIONADO,PEATON,NO,NO,0
20902,73878,73879,2019,3,1,-0.232615,-78.503695,PICHINCHA,QUITO,QUITO,URBANA,2019-10-20,01:10:00,1,DOMINGO,7,OCTUBRE,10,NO,"CONDICIONES AMBIENTALES Y/O ATMOSFERICAS (NIEBLA, NEBLINA, GRANIZO, LLUVIA).",CHOQUE FRONTAL,AUTOMOVIL,2,0,0,0,0,0,0,0,0,0,0,0,0,2,47,HOMBRE,FALLECIDO,CONDUCTOR PRESENTE,NO,NO,0
20903,73887,73888,2019,0,0,-0.195974,-78.478506,PICHINCHA,QUITO,QUITO,URBANA,2019-10-20,03:00:00,3,DOMINGO,7,OCTUBRE,10,NO,CONDUCIR VEHICULO SUPERANDO LOS LIMITES MAXIMOS DE VELOCIDAD.,ESTRELLAMIENTOS,AUTOMOVIL,1,0,0,0,0,0,0,0,0,0,0,0,0,1,-1,NO IDENTIFICADO,NO IDENTIFICADO,CONDUCTOR AUSENTE,NO,NO,2
20904,73896,73897,2019,0,0,-0.237341,-78.492437,PICHINCHA,QUITO,QUITO,URBANA,2019-10-20,04:48:00,4,DOMINGO,7,OCTUBRE,10,NO,"FALLA MECANICA EN LOS SISTEMAS Y/O NEUMATICOS (SISTEMA DE FRENOS, DIRECCION, ELECTRONICO O MECANICO).",ESTRELLAMIENTOS,CAMIONETA,0,0,0,0,1,0,0,0,0,0,0,0,0,1,-1,NO IDENTIFICADO,NO IDENTIFICADO,CONDUCTOR AUSENTE,NO,NO,2
20905,73897,73898,2019,0,0,-0.224446,-78.521422,PICHINCHA,QUITO,QUITO,URBANA,2019-10-20,05:04:00,5,DOMINGO,7,OCTUBRE,10,NO,"NO RESPETAR LAS SENIALES REGLAMENTARIAS DE TRANSITO. (PARE, CEDA EL PASO, LUZ ROJA DEL SEMAFORO, ETC).",ESTRELLAMIENTOS,AUTOMOVIL,1,0,0,0,0,0,0,0,0,0,0,0,0,1,-1,NO IDENTIFICADO,NO IDENTIFICADO,CONDUCTOR AUSENTE,NO,NO,2
20906,73903,73904,2019,1,0,-0.103904,-78.470271,PICHINCHA,QUITO,QUITO,URBANA,2019-10-20,07:04:00,7,DOMINGO,7,OCTUBRE,10,NO,NO TRANSITAR POR LAS ACERAS O ZONAS DE SEGURIDAD DESTINADAS PARA EL EFECTO.,ATROPELLOS,AUTOMOVIL,1,0,0,0,0,0,0,0,0,0,0,0,0,1,70,HOMBRE,LESIONADO,PEATON,NO,NO,0
20907,73913,73914,2019,0,0,-0.289979,-78.537624,PICHINCHA,QUITO,QUITO,URBANA,2019-10-20,11:40:00,11,DOMINGO,7,OCTUBRE,10,NO,NO MANTENER LA DISTANCIA PRUDENCIAL CON RESPECTO AL VEHICULO QUE LE ANTECEDE.,COLISION,AUTOMOVIL,3,0,0,0,0,0,0,0,0,0,0,0,0,3,29,MUJER,ILESO,CONDUCTOR PRESENTE,NO,NO,0
20908,73914,73915,2019,0,0,-0.163313,-78.489511,PICHINCHA,QUITO,QUITO,URBANA,2019-10-20,11:45:00,11,DOMINGO,7,OCTUBRE,10,NO,NO MANTENER LA DISTANCIA PRUDENCIAL CON RESPECTO AL VEHICULO QUE LE ANTECEDE.,COLISION,CAMIONETA,2,0,0,0,1,0,0,0,0,0,0,0,0,3,49,MUJER,ILESO,CONDUCTOR PRESENTE,NO,NO,0
20909,73916,73917,2019,2,0,-0.158066,-78.446231,PICHINCHA,QUITO,NAYON,RURAL,2019-10-20,12:40:00,12,DOMINGO,7,OCTUBRE,10,NO,NO GUARDAR LA DISTANCIA LATERAL MINIMA DE SEGURIDAD ENTRE VEHICULOS.,CHOQUE LATERAL,AUTOMOVIL,2,0,0,0,0,0,0,0,0,0,0,0,0,2,35,HOMBRE,LESIONADO,PASAJERO,NO,NO,3
20910,73919,73920,2019,2,0,-0.066444,-78.466402,PICHINCHA,QUITO,POMASQUI,RURAL,2019-10-20,13:40:00,13,DOMINGO,7,OCTUBRE,10,NO,"CONDUCIR DESATENTO A LAS CONDICIONES DE TRANSITO (CELULAR, PANTALLAS DE VIDEO, COMIDA, MAQUILLAJE O CUALQUIER OTRO ELEMENTO DISTRACTOR).",CHOQUE LATERAL,MOTOCICLETA,1,0,0,0,0,0,0,0,1,0,0,0,0,2,32,HOMBRE,LESIONADO,CONDUCTOR PRESENTE,NO,NO,3
20911,73921,73922,2019,1,0,-0.355609,-78.548711,PICHINCHA,QUITO,QUITO,URBANA,2019-10-20,14:30:00,14,DOMINGO,7,OCTUBRE,10,NO,NO CEDER EL DERECHO DE VIA O PREFERENCIA DE PASO AL PEATON.,ATROPELLOS,NO IDENTIFICADO,0,0,0,0,0,0,0,0,0,1,0,0,0,1,23,MUJER,LESIONADO,PEATON,NO,NO,0
20912,73931,73932,2019,0,0,-0.063387,-78.452341,PICHINCHA,QUITO,CALDERON (CARAPUNGO),RURAL,2019-10-20,18:05:00,18,DOMINGO,7,OCTUBRE,10,NO,"NO RESPETAR LAS SENIALES REGLAMENTARIAS DE TRANSITO. (PARE, CEDA EL PASO, LUZ ROJA DEL SEMAFORO, ETC).",CHOQUE LATERAL,AUTOMOVIL,2,0,0,0,0,0,0,0,0,0,0,0,0,2,21,MUJER,ILESO,CONDUCTOR PRESENTE,NO,NO,3
20913,73934,73935,2019,0,0,-0.236662,-78.508294,PICHINCHA,QUITO,QUITO,URBANA,2019-10-20,19:14:00,19,DOMINGO,7,OCTUBRE,10,NO,CONDUCIR VEHICULO SUPERANDO LOS LIMITES MAXIMOS DE VELOCIDAD.,CHOQUE FRONTAL,BUS,0,0,1,0,0,0,0,0,1,0,0,0,0,2,41,HOMBRE,ILESO,CONDUCTOR PRESENTE,NO,NO,0
20914,73935,73936,2019,0,0,-0.109371,-78.498707,PICHINCHA,QUITO,QUITO,URBANA,2019-10-20,19:45:00,19,DOMINGO,7,OCTUBRE,10,NO,"NO RESPETAR LAS SENIALES REGLAMENTARIAS DE TRANSITO. (PARE, CEDA EL PASO, LUZ ROJA DEL SEMAFORO, ETC).",CHOQUE LATERAL,AUTOMOVIL,1,0,0,1,0,0,0,0,0,0,0,0,0,2,46,HOMBRE,ILESO,CONDUCTOR PRESENTE,NO,NO,0
20915,73951,73952,2019,1,0,-0.171611,-78.484882,PICHINCHA,QUITO,QUITO,URBANA,2019-10-21,06:45:00,6,LUNES,1,OCTUBRE,10,NO,NO GUARDAR LA DISTANCIA LATERAL MINIMA DE SEGURIDAD ENTRE VEHICULOS.,CHOQUE LATERAL,AUTOMOVIL,2,0,0,0,0,0,0,0,0,0,0,0,0,2,37,MUJER,LESIONADO,PASAJERO,NO,NO,0
20916,73961,73962,2019,1,0,-0.208645,-78.501729,PICHINCHA,QUITO,QUITO,URBANA,2019-10-21,08:50:00,8,LUNES,1,OCTUBRE,10,NO,PEATON QUE CRUZA LA CALZADA SIN RESPETAR LA SENIALIZACION EXISTENTE (SEMAFOROS O SENIALES MANUALES).,ATROPELLOS,AUTOMOVIL,2,0,0,0,0,0,0,0,0,0,0,0,0,2,24,HOMBRE,LESIONADO,PEATON,NO,NO,0
20917,73966,73967,2019,1,0,-0.316054,-78.548804,PICHINCHA,QUITO,QUITO,URBANA,2019-10-21,10:45:00,10,LUNES,1,OCTUBRE,10,NO,"CONDUCIR DESATENTO A LAS CONDICIONES DE TRANSITO (CELULAR, PANTALLAS DE VIDEO, COMIDA, MAQUILLAJE O CUALQUIER OTRO ELEMENTO DISTRACTOR).",OTROS,CAMION,1,0,0,1,0,0,0,0,1,0,0,0,0,3,24,HOMBRE,LESIONADO,CONDUCTOR PRESENTE,NO,NO,0
20918,73974,73975,2019,1,0,-0.247973,-78.515675,PICHINCHA,QUITO,QUITO,URBANA,2019-10-21,13:09:00,13,LUNES,1,OCTUBRE,10,NO,NO CEDER EL DERECHO DE VIA O PREFERENCIA DE PASO AL PEATON.,ATROPELLOS,NO IDENTIFICADO,0,0,0,0,0,0,0,0,0,1,0,0,0,1,22,HOMBRE,LESIONADO,PEATON,NO,NO,0
20919,73976,73977,2019,0,0,-0.186443,-78.488225,PICHINCHA,QUITO,QUITO,URBANA,2019-10-21,13:30:00,13,LUNES,1,OCTUBRE,10,NO,NO GUARDAR LA DISTANCIA LATERAL MINIMA DE SEGURIDAD ENTRE VEHICULOS.,CHOQUE LATERAL,CAMION,0,0,0,1,1,0,0,0,0,0,0,0,0,2,33,MUJER,ILESO,CONDUCTOR PRESENTE,NO,NO,0
20920,73994,73995,2019,1,0,-0.241302,-78.535257,PICHINCHA,QUITO,QUITO,URBANA,2019-10-21,18:30:00,18,LUNES,1,OCTUBRE,10,NO,NO CEDER EL DERECHO DE VIA O PREFERENCIA DE PASO AL PEATON.,ATROPELLOS,NO IDENTIFICADO,0,0,0,0,0,0,0,0,0,1,0,0,0,1,48,HOMBRE,LESIONADO,PEATON,NO,NO,0
20921,73997,73998,2019,1,0,-0.283174,-78.543956,PICHINCHA,QUITO,QUITO,URBANA,2019-10-21,19:20:00,19,LUNES,1,OCTUBRE,10,NO,REALIZAR CAMBIO BRUSCO O INDEBIDO DE CARRIL.,CHOQUE LATERAL,MOTOCICLETA,1,0,0,0,0,0,0,0,1,0,0,0,0,2,28,HOMBRE,LESIONADO,CONDUCTOR PRESENTE,NO,NO,0
20922,74003,74004,2019,0,0,-0.188466,-78.499692,PICHINCHA,QUITO,QUITO,URBANA,2019-10-21,20:40:00,20,LUNES,1,OCTUBRE,10,NO,CONDUCIR VEHICULO SUPERANDO LOS LIMITES MAXIMOS DE VELOCIDAD.,CHOQUE LATERAL,AUTOMOVIL,2,0,0,0,0,0,0,0,0,0,0,0,0,2,22,HOMBRE,ILESO,CONDUCTOR PRESENTE,NO,NO,0
20923,74005,74006,2019,0,0,-0.241961,-78.538655,PICHINCHA,QUITO,QUITO,URBANA,2019-10-21,21:15:00,21,LUNES,1,OCTUBRE,10,NO,CONDUCIR VEHICULO SUPERANDO LOS LIMITES MAXIMOS DE VELOCIDAD.,OTROS,MOTOCICLETA,0,0,0,0,0,0,0,0,1,0,0,0,0,1,-1,NO IDENTIFICADO,NO IDENTIFICADO,CONDUCTOR AUSENTE,NO,NO,2
20924,74008,74009,2019,0,0,-0.242681,-78.497364,PICHINCHA,QUITO,QUITO,URBANA,2019-10-21,22:10:00,22,LUNES,1,OCTUBRE,10,NO,NO MANTENER LA DISTANCIA PRUDENCIAL CON RESPECTO AL VEHICULO QUE LE ANTECEDE.,COLISION,CAMIONETA,0,0,0,0,3,0,0,0,0,0,0,0,0,3,27,HOMBRE,ILESO,CONDUCTOR PRESENTE,NO,NO,0
20925,74009,74010,2019,1,0,-0.117893,-78.358046,PICHINCHA,QUITO,TABABELA,RURAL,2019-10-21,22:45:00,22,LUNES,1,OCTUBRE,10,NO,NO MANTENER LA DISTANCIA PRUDENCIAL CON RESPECTO AL VEHICULO QUE LE ANTECEDE.,CHOQUE POSTERIOR,CAMION,0,0,0,1,1,0,0,0,0,0,0,0,0,2,58,HOMBRE,LESIONADO,CONDUCTOR PRESENTE,NO,NO,3
20926,74010,74011,2019,0,0,-0.144229,-78.469533,PICHINCHA,QUITO,QUITO,URBANA,2019-10-21,23:50:00,23,LUNES,1,OCTUBRE,10,NO,"CONDUCE BAJO LA INFLUENCIA DE ALCOHOL, SUSTANCIAS ESTUPEFACIENTES O PSICOTROPICAS Y/O MEDICAMENTOS.",CHOQUE POSTERIOR,AUTOMOVIL,2,0,0,0,0,0,0,0,0,0,0,0,0,2,50,HOMBRE,ILESO,CONDUCTOR PRESENTE,NO,NO,0
20927,74011,74012,2019,1,0,-0.295452,-78.555062,PICHINCHA,QUITO,QUITO,URBANA,2019-10-22,00:01:00,0,MARTES,2,OCTUBRE,10,NO,NO GUARDAR LA DISTANCIA LATERAL MINIMA DE SEGURIDAD ENTRE VEHICULOS.,CHOQUE LATERAL,MOTOCICLETA,0,0,1,0,0,0,0,0,1,0,0,0,0,2,50,HOMBRE,LESIONADO,CONDUCTOR PRESENTE,SI,NO,0
20928,74022,74023,2019,1,0,-0.206611,-78.488113,PICHINCHA,QUITO,QUITO,URBANA,2019-10-22,07:20:00,7,MARTES,2,OCTUBRE,10,NO,NO CEDER EL DERECHO DE VIA O PREFERENCIA DE PASO AL PEATON.,ATROPELLOS,AUTOMOVIL,1,0,0,0,0,0,0,0,0,0,0,0,0,1,16,MUJER,LESIONADO,PEATON,NO,NO,0
20929,74023,74024,2019,0,0,-0.136172,-78.470287,PICHINCHA,QUITO,QUITO,URBANA,2019-10-22,08:05:00,8,MARTES,2,OCTUBRE,10,NO,NO GUARDAR LA DISTANCIA LATERAL MINIMA DE SEGURIDAD ENTRE VEHICULOS.,CHOQUE LATERAL,AUTOMOVIL,2,0,0,0,0,0,0,0,0,0,0,0,0,2,39,HOMBRE,ILESO,CONDUCTOR PRESENTE,NO,NO,0
20930,74024,74025,2019,2,0,-0.133311,-78.481911,PICHINCHA,QUITO,QUITO,URBANA,2019-10-22,08:10:00,8,MARTES,2,OCTUBRE,10,NO,PEATON QUE CRUZA LA CALZADA SIN RESPETAR LA SENIALIZACION EXISTENTE (SEMAFOROS O SENIALES MANUALES).,ATROPELLOS,MOTOCICLETA,0,0,0,0,0,0,0,0,1,0,0,0,0,1,67,MUJER,LESIONADO,CONDUCTOR PRESENTE,NO,NO,0
20931,74027,74028,2019,0,0,-0.279539,-78.558061,PICHINCHA,QUITO,QUITO,URBANA,2019-10-22,09:20:00,9,MARTES,2,OCTUBRE,10,NO,"NO RESPETAR LAS SENIALES REGLAMENTARIAS DE TRANSITO. (PARE, CEDA EL PASO, LUZ ROJA DEL SEMAFORO, ETC).",CHOQUE LATERAL,AUTOMOVIL,2,0,0,0,0,0,0,0,0,0,0,0,0,2,57,HOMBRE,ILESO,CONDUCTOR PRESENTE,NO,NO,0
20932,74030,74031,2019,0,1,-0.226486,-78.339567,PICHINCHA,QUITO,PIFO,RURAL,2019-10-22,10:45:00,10,MARTES,2,OCTUBRE,10,NO,"CASO FORTUITO O FUERZA MAYOR (EXPLOSION DE NEUMATICO NUEVO, DERRUMBE, INUNDACION, CAIDA DE PUENTE, ARBOL, PRESENCIA INTEMPESTIVA E IMPREVISTA DE SEMOVIENTES EN LA VIA, ETC.).",VOLCAMIENTOS,ESPECIAL,0,0,0,0,0,0,1,0,0,0,0,0,0,1,45,HOMBRE,FALLECIDO,CONDUCTOR PRESENTE,NO,NO,3
20933,74034,74035,2019,1,0,-0.262203,-78.547992,PICHINCHA,QUITO,QUITO,URBANA,2019-10-22,12:30:00,12,MARTES,2,OCTUBRE,10,NO,NO CEDER EL DERECHO DE VIA O PREFERENCIA DE PASO AL PEATON.,ATROPELLOS,MOTOCICLETA,0,0,0,0,0,0,0,0,1,0,0,0,0,1,55,HOMBRE,LESIONADO,PEATON,NO,NO,0
20934,74041,74042,2019,1,0,-0.181249,-78.505204,PICHINCHA,QUITO,QUITO,URBANA,2019-10-22,14:25:00,14,MARTES,2,OCTUBRE,10,NO,NO CEDER EL DERECHO DE VIA O PREFERENCIA DE PASO AL PEATON.,ATROPELLOS,NO IDENTIFICADO,0,0,0,0,0,0,0,0,0,1,0,0,0,1,63,HOMBRE,LESIONADO,PEATON,NO,NO,0
20935,74048,74049,2019,1,0,-0.118095,-78.455421,PICHINCHA,QUITO,QUITO,URBANA,2019-10-22,16:45:00,16,MARTES,2,OCTUBRE,10,NO,NO MANTENER LA DISTANCIA PRUDENCIAL CON RESPECTO AL VEHICULO QUE LE ANTECEDE.,CHOQUE POSTERIOR,CAMION,0,0,0,1,0,0,0,0,1,0,0,0,0,2,19,HOMBRE,LESIONADO,CONDUCTOR PRESENTE,NO,NO,0
20936,74051,74052,2019,2,0,-0.275231,-78.552645,PICHINCHA,QUITO,QUITO,URBANA,2019-10-22,18:33:00,18,MARTES,2,OCTUBRE,10,NO,CONDUCIR VEHICULO SUPERANDO LOS LIMITES MAXIMOS DE VELOCIDAD.,CHOQUE POSTERIOR,MOTOCICLETA,0,0,0,0,0,0,0,0,1,1,0,0,0,2,11,MUJER,LESIONADO,PASAJERO,NO,NO,0
20937,74059,74060,2019,0,0,-0.355609,-78.548711,PICHINCHA,QUITO,QUITO,URBANA,2019-10-22,19:45:00,19,MARTES,2,OCTUBRE,10,NO,"CONDICIONES AMBIENTALES Y/O ATMOSFERICAS (NIEBLA, NEBLINA, GRANIZO, LLUVIA).",OTROS,AUTOMOVIL,1,0,0,0,0,0,0,0,0,1,0,0,0,2,66,HOMBRE,ILESO,CONDUCTOR PRESENTE,NO,NO,0