,Unnamed: 0,ID,ANIO,LESIONADOS,FALLECIDOS,LATITUD_Y,LONGITUD_X,PROVINCIA,CANTON,PARROQUIA,ZONA,FECHA,HORA,PERIODO_2,DIA_1,DIA_2,MES_1,MES_2,FERIADO,CAUSA_PROBABLE,TIPO_DE_SINIESTRO,TIPO_DE_VEHICULO_1,AUTOMOVIL,BICICLETA,BUS,CAMION,CAMIONETA,EMERGENCIAS,ESPECIAL,FURGONETA,MOTOCICLETA,NO_IDENTIFICADO,SCOOTER_ELECTRICO,TRICIMOTO,VEHICULO_DEPORTIVO_UTILITARIO,SUMA_DE_VEHICULOS,EDAD_1,SEXO_1,CONDICION_1,PARTICIPANTE_1,CASCO_1,CINTURON_1,KMeans_Cluster
20996,74437,74438,2019,1,1,-0.420345,-78.550988,PICHINCHA,MEJIA,TAMBILLO (MEJIA),RURAL,2019-10-28,00:50:00,0,LUNES,1,OCTUBRE,10,NO,"CONDUCIR DESATENTO A LAS CONDICIONES DE TRANSITO (CELULAR, PANTALLAS DE VIDEO, COMIDA, MAQUILLAJE O CUALQUIER OTRO ELEMENTO DISTRACTOR).",PERDIDA DE CARRIL,AUTOMOVIL,1,0,0,0,0,0,0,0,0,0,0,0,0,1,50,HOMBRE,FALLECIDO,PASAJERO,NO,SI,3
20997,74444,74445,2019,1,0,-0.247859,-78.526124,PICHINCHA,QUITO,QUITO,URBANA,2019-10-28,06:33:00,6,LUNES,1,OCTUBRE,10,NO,NO TRANSITAR POR LAS ACERAS O ZONAS DE SEGURIDAD DESTINADAS PARA EL EFECTO.,ATROPELLOS,NO IDENTIFICADO,0,0,0,0,0,0,0,0,0,1,0,0,0,1,16,HOMBRE,LESIONADO,PEATON,NO,NO,0
20998,74448,74449,2019,0,0,-0.230871,-78.504294,PICHINCHA,QUITO,QUITO,URBANA,2019-10-28,08:10:00,8,LUNES,1,OCTUBRE,10,NO,NO MANTENER LA DISTANCIA PRUDENCIAL CON RESPECTO AL VEHICULO QUE LE ANTECEDE.,CHOQUE POSTERIOR,AUTOMOVIL,2,0,0,0,0,0,0,0,0,0,0,0,0,2,69,HOMBRE,ILESO,CONDUCTOR PRESENTE,NO,NO,0
20999,74452,74453,2019,0,0,-0.202667,-78.492462,PICHINCHA,QUITO,QUITO,URBANA,2019-10-28,11:45:00,11,LUNES,1,OCTUBRE,10,NO,"NO RESPETAR LAS SENIALES REGLAMENTARIAS DE TRANSITO. (PARE, CEDA EL PASO, LUZ ROJA DEL SEMAFORO, ETC).",CHOQUE LATERAL,AUTOMOVIL,1,0,0,0,1,0,0,0,0,0,0,0,0,2,66,MUJER,ILESO,PASAJERO,NO,NO,0
21000,74460,74461,2019,1,0,-0.169296,-78.476348,PICHINCHA,QUITO,QUITO,URBANA,2019-10-28,13:00:00,13,LUNES,1,OCTUBRE,10,NO,PEATON QUE CRUZA LA CALZADA SIN RESPETAR LA SENIALIZACION EXISTENTE (SEMAFOROS O SENIALES MANUALES).,ATROPELLOS,MOTOCICLETA,0,0,0,0,0,0,0,0,1,0,0,0,0,1,68,HOMBRE,LESIONADO,PEATON,NO,NO,0
21001,74468,74469,2019,0,0,-0.125741,-78.483455,PICHINCHA,QUITO,QUITO,URBANA,2019-10-28,15:45:00,15,LUNES,1,OCTUBRE,10,NO,CONDUCIR VEHICULO SUPERANDO LOS LIMITES MAXIMOS DE VELOCIDAD.,ESTRELLAMIENTOS,AUTOMOVIL,1,0,0,1,0,0,0,0,0,0,0,0,0,2,30,HOMBRE,ILESO,CONDUCTOR PRESENTE,NO,NO,0
21002,74471,74472,2019,0,0,-0.343865,-78.548771,PICHINCHA,QUITO,QUITO,URBANA,2019-10-28,16:56:00,16,LUNES,1,OCTUBRE,10,NO,"CONDUCE BAJO LA INFLUENCIA DE ALCOHOL, SUSTANCIAS ESTUPEFACIENTES O PSICOTROPICAS Y/O MEDICAMENTOS.",CHOQUE POSTERIOR,CAMIONETA,0,0,0,0,2,0,0,0,0,0,0,0,0,2,27,HOMBRE,ILESO,CONDUCTOR PRESENTE,NO,NO,0
21003,74473,74474,2019,0,0,-0.302956,-78.543172,PICHINCHA,QUITO,QUITO,URBANA,2019-10-28,17:45:00,17,LUNES,1,OCTUBRE,10,NO,CONDUCIR VEHICULO SUPERANDO LOS LIMITES MAXIMOS DE VELOCIDAD.,ESTRELLAMIENTOS,CAMION,0,0,0,1,0,0,0,0,0,0,0,0,0,1,-1,NO IDENTIFICADO,NO IDENTIFICADO,CONDUCTOR AUSENTE,NO,NO,2
21004,74480,74481,2019,0,0,-0.196283,-78.512594,PICHINCHA,QUITO,QUITO,URBANA,2019-10-28,21:08:00,21,LUNES,1,OCTUBRE,10,NO,CONDUCIR VEHICULO SUPERANDO LOS LIMITES MAXIMOS DE VELOCIDAD.,ESTRELLAMIENTOS,AUTOMOVIL,1,0,0,0,0,0,0,0,0,0,0,0,0,1,-1,NO IDENTIFICADO,NO IDENTIFICADO,CONDUCTOR AUSENTE,NO,NO,2
21005,74491,74492,2019,0,0,-0.296321,-78.554124,PICHINCHA,QUITO,QUITO,URBANA,2019-10-29,01:05:00,1,MARTES,2,OCTUBRE,10,NO,"CONDUCIR EN ESTADO DE SOMNOLENCIA O MALAS CONDICIONES FISICAS (SUENIO, CANSANCIO Y FATIGA).",ESTRELLAMIENTOS,AUTOMOVIL,1,0,0,0,0,0,0,0,0,0,0,0,0,1,28,HOMBRE,ILESO,CONDUCTOR PRESENTE,NO,NO,0
21006,74503,74504,2019,0,0,-0.241961,-78.532528,PICHINCHA,QUITO,QUITO,URBANA,2019-10-29,08:31:00,8,MARTES,2,OCTUBRE,10,NO,NO CEDER EL DERECHO DE VIA O PREFERENCIA DE PASO A VEHICULOS.,OTROS,BUS,1,0,2,0,0,0,0,0,0,0,0,0,0,3,34,HOMBRE,ILESO,CONDUCTOR PRESENTE,NO,NO,0
21007,74509,74510,2019,1,0,-0.278454,-78.552831,PICHINCHA,QUITO,QUITO,URBANA,2019-10-29,10:55:00,10,MARTES,2,OCTUBRE,10,NO,NO TRANSITAR POR LAS ACERAS O ZONAS DE SEGURIDAD DESTINADAS PARA EL EFECTO.,ATROPELLOS,MOTOCICLETA,0,0,0,0,0,0,0,0,1,0,0,0,0,1,91,HOMBRE,LESIONADO,PEATON,NO,NO,0
21008,74513,74514,2019,1,0,-0.114432,-78.495088,PICHINCHA,QUITO,QUITO,RURAL,2019-10-29,13:00:00,13,MARTES,2,OCTUBRE,10,NO,CONDUCIR VEHICULO SUPERANDO LOS LIMITES MAXIMOS DE VELOCIDAD.,CHOQUE FRONTAL,AUTOMOVIL,1,0,0,0,0,0,0,0,1,0,0,0,0,2,25,HOMBRE,LESIONADO,CONDUCTOR PRESENTE,NO,NO,3
21009,74516,74517,2019,1,0,-0.169296,-78.476348,PICHINCHA,QUITO,QUITO,URBANA,2019-10-29,13:20:00,13,MARTES,2,OCTUBRE,10,NO,DEJAR O RECOGER PASAJEROS EN LUGARES NO PERMITIDOS.,CAIDA DE PASAJERO,BUS,0,0,1,0,0,0,0,0,0,0,0,0,0,1,17,MUJER,LESIONADO,PEATON,NO,NO,0
21010,74519,74520,2019,0,1,-0.163471,-78.474805,PICHINCHA,QUITO,QUITO,URBANA,2019-10-29,14:25:00,14,MARTES,2,OCTUBRE,10,NO,PEATON QUE CRUZA LA CALZADA SIN RESPETAR LA SENIALIZACION EXISTENTE (SEMAFOROS O SENIALES MANUALES).,ARROLLAMIENTOS,BUS,0,0,1,0,0,0,0,0,0,0,0,0,0,1,4,HOMBRE,FALLECIDO,PEATON,NO,NO,0
21011,74527,74528,2019,1,0,-0.168932,-78.486501,PICHINCHA,QUITO,QUITO,URBANA,2019-10-29,16:30:00,16,MARTES,2,OCTUBRE,10,NO,"NO RESPETAR LAS SENIALES REGLAMENTARIAS DE TRANSITO. (PARE, CEDA EL PASO, LUZ ROJA DEL SEMAFORO, ETC).",CHOQUE LATERAL,MOTOCICLETA,1,0,0,0,0,0,0,0,1,0,0,0,0,2,25,HOMBRE,LESIONADO,CONDUCTOR PRESENTE,NO,NO,0
21012,74529,74530,2019,0,0,-0.068518,-78.452156,PICHINCHA,QUITO,CALDERON (CARAPUNGO),RURAL,2019-10-29,17:36:00,17,MARTES,2,OCTUBRE,10,NO,NO MANTENER LA DISTANCIA PRUDENCIAL CON RESPECTO AL VEHICULO QUE LE ANTECEDE.,COLISION,AUTOMOVIL,1,0,0,2,0,0,0,0,0,0,0,0,0,3,36,MUJER,ILESO,CONDUCTOR PRESENTE,NO,NO,3
21013,74530,74531,2019,1,0,-0.283805,-78.553021,PICHINCHA,QUITO,QUITO,URBANA,2019-10-29,17:40:00,17,MARTES,2,OCTUBRE,10,NO,"NO RESPETAR LAS SENIALES REGLAMENTARIAS DE TRANSITO. (PARE, CEDA EL PASO, LUZ ROJA DEL SEMAFORO, ETC).",CHOQUE LATERAL,AUTOMOVIL,1,0,0,0,0,0,0,0,1,0,0,0,0,2,38,HOMBRE,LESIONADO,CONDUCTOR PRESENTE,NO,NO,0
21014,74531,74532,2019,0,0,-0.255024,-78.516826,PICHINCHA,QUITO,QUITO,URBANA,2019-10-29,17:45:00,17,MARTES,2,OCTUBRE,10,NO,CONDUCIR EN SENTIDO CONTRARIO A LA VIA NORMAL DE CIRCULACION.,CHOQUE LATERAL,AUTOMOVIL,2,0,0,0,0,0,0,0,0,0,0,0,0,2,32,MUJER,ILESO,CONDUCTOR PRESENTE,NO,NO,0
21015,74537,74538,2019,2,0,-0.173177,-78.492372,PICHINCHA,QUITO,QUITO,URBANA,2019-10-29,19:10:00,19,MARTES,2,OCTUBRE,10,NO,NO GUARDAR LA DISTANCIA LATERAL MINIMA DE SEGURIDAD ENTRE VEHICULOS.,CHOQUE LATERAL,MOTOCICLETA,1,0,0,0,0,0,0,0,1,0,0,0,0,2,25,HOMBRE,LESIONADO,PASAJERO,NO,NO,0
21016,74541,74542,2019,1,0,-0.110291,-78.457491,PICHINCHA,QUITO,CALDERON (CARAPUNGO),RURAL,2019-10-29,19:50:00,19,MARTES,2,OCTUBRE,10,NO,NO GUARDAR LA DISTANCIA LATERAL MINIMA DE SEGURIDAD ENTRE VEHICULOS.,CHOQUE LATERAL,CAMION,1,0,0,1,0,0,0,0,1,0,0,0,0,3,19,HOMBRE,LESIONADO,CONDUCTOR PRESENTE,NO,NO,3
21017,74553,74554,2019,2,0,-0.087394,-78.486047,PICHINCHA,QUITO,QUITO,URBANA,2019-10-30,05:00:00,5,MIERCOLES,3,OCTUBRE,10,NO,"CONDUCIR DESATENTO A LAS CONDICIONES DE TRANSITO (CELULAR, PANTALLAS DE VIDEO, COMIDA, MAQUILLAJE O CUALQUIER OTRO ELEMENTO DISTRACTOR).",PERDIDA DE PISTA,CAMION,0,0,0,1,0,0,0,0,0,0,0,0,0,1,41,HOMBRE,LESIONADO,CONDUCTOR PRESENTE,NO,SI,0
21018,74575,74576,2019,0,0,-0.160531,-78.463619,PICHINCHA,QUITO,QUITO,URBANA,2019-10-30,14:50:00,14,MIERCOLES,3,OCTUBRE,10,NO,"CONDUCIR DESATENTO A LAS CONDICIONES DE TRANSITO (CELULAR, PANTALLAS DE VIDEO, COMIDA, MAQUILLAJE O CUALQUIER OTRO ELEMENTO DISTRACTOR).",CHOQUE POSTERIOR,AUTOMOVIL,2,0,0,0,0,0,0,0,0,0,0,0,0,2,45,HOMBRE,ILESO,CONDUCTOR PRESENTE,NO,NO,0
21019,74583,74584,2019,1,0,-0.283634,-78.535666,PICHINCHA,QUITO,QUITO,URBANA,2019-10-30,16:32:00,16,MIERCOLES,3,OCTUBRE,10,NO,NO GUARDAR LA DISTANCIA LATERAL MINIMA DE SEGURIDAD ENTRE VEHICULOS.,CHOQUE LATERAL,AUTOMOVIL,1,0,0,0,0,0,0,0,1,0,0,0,0,2,23,HOMBRE,LESIONADO,CONDUCTOR PRESENTE,NO,NO,0
21020,74589,74590,2019,0,0,-0.166771,-78.486251,PICHINCHA,QUITO,QUITO,URBANA,2019-10-30,18:45:00,18,MIERCOLES,3,OCTUBRE,10,NO,"CONDUCIR DESATENTO A LAS CONDICIONES DE TRANSITO (CELULAR, PANTALLAS DE VIDEO, COMIDA, MAQUILLAJE O CUALQUIER OTRO ELEMENTO DISTRACTOR).",CHOQUE LATERAL,AUTOMOVIL,2,0,0,0,0,0,0,0,0,0,0,0,0,2,35,MUJER,ILESO,CONDUCTOR PRESENTE,NO,NO,0
21021,74590,74591,2019,1,0,-0.203346,-78.503001,PICHINCHA,QUITO,QUITO,URBANA,2019-10-30,18:50:00,18,MIERCOLES,3,OCTUBRE,10,NO,CONDUCIR VEHICULO SUPERANDO LOS LIMITES MAXIMOS DE VELOCIDAD.,CHOQUE LATERAL,AUTOMOVIL,2,0,0,0,0,0,0,0,0,0,0,0,0,2,43,HOMBRE,LESIONADO,CONDUCTOR PRESENTE,NO,NO,0
21022,74592,74593,2019,1,0,-0.259689,-78.531076,PICHINCHA,QUITO,QUITO,URBANA,2019-10-30,19:00:00,19,MIERCOLES,3,OCTUBRE,10,NO,PEATON QUE CRUZA LA CALZADA SIN RESPETAR LA SENIALIZACION EXISTENTE (SEMAFOROS O SENIALES MANUALES).,ATROPELLOS,FURGONETA,0,0,0,0,0,0,0,1,0,0,0,0,0,1,80,HOMBRE,LESIONADO,PEATON,NO,NO,0
21023,74612,74613,2019,0,0,-0.129357,-78.481279,PICHINCHA,QUITO,QUITO,URBANA,2019-10-31,06:00:00,6,JUEVES,4,OCTUBRE,10,SI,CONDUCIR VEHICULO SUPERANDO LOS LIMITES MAXIMOS DE VELOCIDAD.,OTROS,AUTOMOVIL,1,0,0,0,0,0,0,0,0,0,0,0,0,1,-1,NO IDENTIFICADO,NO IDENTIFICADO,CONDUCTOR AUSENTE,NO,NO,2
21024,74613,74614,2019,1,0,-0.105373,-78.462381,PICHINCHA,QUITO,QUITO,RURAL,2019-10-31,06:22:00,6,JUEVES,4,OCTUBRE,10,SI,NO MANTENER LA DISTANCIA PRUDENCIAL CON RESPECTO AL VEHICULO QUE LE ANTECEDE.,CHOQUE POSTERIOR,MOTOCICLETA,1,0,0,0,0,0,0,0,1,0,0,0,0,2,23,HOMBRE,LESIONADO,CONDUCTOR PRESENTE,NO,NO,3
21025,74623,74624,2019,0,0,-0.102365,-78.490629,PICHINCHA,QUITO,QUITO,URBANA,2019-10-31,10:05:00,10,JUEVES,4,OCTUBRE,10,SI,CONDUCIR VEHICULO SUPERANDO LOS LIMITES MAXIMOS DE VELOCIDAD.,ESTRELLAMIENTOS,AUTOMOVIL,1,0,0,0,0,0,0,0,0,0,0,0,0,1,27,HOMBRE,ILESO,CONDUCTOR PRESENTE,NO,NO,0
21026,74628,74629,2019,2,0,-0.232755,-78.524559,PICHINCHA,QUITO,QUITO,URBANA,2019-10-31,14:30:00,14,JUEVES,4,OCTUBRE,10,SI,PEATON QUE CRUZA LA CALZADA SIN RESPETAR LA SENIALIZACION EXISTENTE (SEMAFOROS O SENIALES MANUALES).,ATROPELLOS,MOTOCICLETA,0,0,0,0,0,0,0,0,1,0,0,0,0,1,11,HOMBRE,LESIONADO,PASAJERO,NO,NO,0
21027,74630,74631,2019,0,0,-0.292724,-78.476486,PICHINCHA,QUITO,CONOCOTO,RURAL,2019-10-31,15:15:00,15,JUEVES,4,OCTUBRE,10,SI,"CONDUCIR DESATENTO A LAS CONDICIONES DE TRANSITO (CELULAR, PANTALLAS DE VIDEO, COMIDA, MAQUILLAJE O CUALQUIER OTRO ELEMENTO DISTRACTOR).",CHOQUE FRONTAL,AUTOMOVIL,2,0,0,0,0,0,0,0,0,0,0,0,0,2,29,MUJER,ILESO,CONDUCTOR PRESENTE,NO,NO,3
21028,74631,74632,2019,1,0,-0.149632,-78.476502,PICHINCHA,QUITO,QUITO,URBANA,2019-10-31,16:10:00,16,JUEVES,4,OCTUBRE,10,SI,NO GUARDAR LA DISTANCIA LATERAL MINIMA DE SEGURIDAD ENTRE VEHICULOS.,CHOQUE LATERAL,MOTOCICLETA,1,0,0,0,0,0,0,0,1,0,0,0,0,2,19,HOMBRE,LESIONADO,CONDUCTOR PRESENTE,NO,NO,0
21029,74632,74633,2019,1,0,0.036042,-78.675684,PICHINCHA,QUITO,NONO,RURAL,2019-10-31,16:35:00,16,JUEVES,4,OCTUBRE,10,SI,"CONDICIONES AMBIENTALES Y/O ATMOSFERICAS (NIEBLA, NEBLINA, GRANIZO, LLUVIA).",PERDIDA DE CARRIL,CAMIONETA,0,0,0,0,1,0,0,0,0,0,0,0,0,1,33,HOMBRE,LESIONADO,CONDUCTOR PRESENTE,NO,SI,3
21030,74639,74640,2019,0,0,-0.106829,-78.465973,PICHINCHA,QUITO,QUITO,RURAL,2019-10-31,18:55:00,18,JUEVES,4,OCTUBRE,10,SI,NO MANTENER LA DISTANCIA PRUDENCIAL CON RESPECTO AL VEHICULO QUE LE ANTECEDE.,CHOQUE POSTERIOR,CAMION,1,0,0,1,0,0,0,0,0,0,0,0,0,2,27,HOMBRE,ILESO,CONDUCTOR PRESENTE,NO,NO,3
21031,74647,74648,2019,0,0,-0.206541,-78.499524,PICHINCHA,QUITO,QUITO,URBANA,2019-10-31,21:30:00,21,JUEVES,4,OCTUBRE,10,SI,"CONDUCE BAJO LA INFLUENCIA DE ALCOHOL, SUSTANCIAS ESTUPEFACIENTES O PSICOTROPICAS Y/O MEDICAMENTOS.",CHOQUE POSTERIOR,MOTOCICLETA,1,0,0,0,0,0,0,0,1,0,0,0,0,2,22,HOMBRE,ILESO,CONDUCTOR PRESENTE,NO,NO,0
21032,74656,74657,2019,0,0,-0.093225,-78.479229,PICHINCHA,QUITO,QUITO,URBANA,2019-11-01,00:10:00,0,VIERNES,5,NOVIEMBRE,11,SI,"CONDUCIR DESATENTO A LAS CONDICIONES DE TRANSITO (CELULAR, PANTALLAS DE VIDEO, COMIDA, MAQUILLAJE O CUALQUIER OTRO ELEMENTO DISTRACTOR).",CHOQUE LATERAL,AUTOMOVIL,2,0,0,0,0,0,0,0,0,0,0,0,0,2,28,HOMBRE,ILESO,CONDUCTOR PRESENTE,NO,NO,0
21033,74666,74667,2019,0,0,-0.217795,-78.491319,PICHINCHA,QUITO,QUITO,URBANA,2019-11-01,03:20:00,3,VIERNES,5,NOVIEMBRE,11,SI,CONDUCIR VEHICULO SUPERANDO LOS LIMITES MAXIMOS DE VELOCIDAD.,ESTRELLAMIENTOS,AUTOMOVIL,1,0,0,0,0,0,0,0,0,0,0,0,0,1,28,HOMBRE,ILESO,CONDUCTOR PRESENTE,NO,NO,0
21034,74669,74670,2019,1,0,-0.189229,-78.496564,PICHINCHA,QUITO,QUITO,URBANA,2019-11-01,04:00:00,4,VIERNES,5,NOVIEMBRE,11,SI,"PRESENCIA DE AGENTES EXTERNOS EN LA VIA (AGUA, ACEITE, PIEDRA, LASTRE, ESCOMBROS, MADEROS, ETC.).",ESTRELLAMIENTOS,AUTOMOVIL,1,0,0,0,0,0,0,0,0,0,0,0,0,1,32,HOMBRE,LESIONADO,PASAJERO,NO,NO,0
21035,74672,74673,2019,1,0,-0.091585,-78.439052,PICHINCHA,QUITO,CALDERON (CARAPUNGO),RURAL,2019-11-01,04:40:00,4,VIERNES,5,NOVIEMBRE,11,SI,NO MANTENER LA DISTANCIA PRUDENCIAL CON RESPECTO AL VEHICULO QUE LE ANTECEDE.,CHOQUE POSTERIOR,AUTOMOVIL,1,0,0,0,0,0,0,0,1,0,0,0,0,2,19,HOMBRE,LESIONADO,CONDUCTOR PRESENTE,NO,NO,3
21036,74673,74674,2019,0,0,-0.049267,-78.447219,PICHINCHA,QUITO,POMASQUI,RURAL,2019-11-01,04:45:00,4,VIERNES,5,NOVIEMBRE,11,SI,"CONDUCIR DESATENTO A LAS CONDICIONES DE TRANSITO (CELULAR, PANTALLAS DE VIDEO, COMIDA, MAQUILLAJE O CUALQUIER OTRO ELEMENTO DISTRACTOR).",ESTRELLAMIENTOS,AUTOMOVIL,1,0,0,0,0,0,0,0,0,0,0,0,0,1,33,HOMBRE,ILESO,CONDUCTOR PRESENTE,NO,NO,3
21037,74678,74679,2019,2,0,-0.213591,-78.497504,PICHINCHA,QUITO,QUITO,RURAL,2019-11-01,05:30:00,5,VIERNES,5,NOVIEMBRE,11,SI,CONDUCIR VEHICULO SUPERANDO LOS LIMITES MAXIMOS DE VELOCIDAD.,ATROPELLOS,NO IDENTIFICADO,0,0,0,0,0,0,0,0,0,1,0,0,0,1,65,MUJER,LESIONADO,PEATON,NO,NO,3
21038,74679,74680,2019,0,0,-0.227871,-78.511899,PICHINCHA,QUITO,QUITO,URBANA,2019-11-01,05:40:00,5,VIERNES,5,NOVIEMBRE,11,SI,"CONDUCE BAJO LA INFLUENCIA DE ALCOHOL, SUSTANCIAS ESTUPEFACIENTES O PSICOTROPICAS Y/O MEDICAMENTOS.",VOLCAMIENTOS,AUTOMOVIL,1,0,0,0,0,0,0,0,0,0,0,0,0,1,19,HOMBRE,ILESO,PASAJERO,NO,NO,0
21039,74682,74683,2019,0,0,-0.174278,-78.493456,PICHINCHA,QUITO,QUITO,URBANA,2019-11-01,06:25:00,6,VIERNES,5,NOVIEMBRE,11,SI,CONDUCIR EN SENTIDO CONTRARIO A LA VIA NORMAL DE CIRCULACION.,ESTRELLAMIENTOS,AUTOMOVIL,1,0,0,0,0,0,0,0,0,0,0,0,0,1,-1,NO IDENTIFICADO,NO IDENTIFICADO,CONDUCTOR AUSENTE,NO,NO,2
21040,74684,74685,2019,0,0,-0.115517,-78.483301,PICHINCHA,QUITO,QUITO,URBANA,2019-11-01,06:30:00,6,VIERNES,5,NOVIEMBRE,11,SI,"PRESENCIA DE AGENTES EXTERNOS EN LA VIA (AGUA, ACEITE, PIEDRA, LASTRE, ESCOMBROS, MADEROS, ETC.).",VOLCAMIENTOS,AUTOMOVIL,1,0,0,0,0,0,0,0,0,0,0,0,0,1,-1,NO IDENTIFICADO,NO IDENTIFICADO,CONDUCTOR AUSENTE,NO,NO,2
21041,74688,74689,2019,0,0,-0.291738,-78.564382,PICHINCHA,QUITO,QUITO,URBANA,2019-11-01,08:15:00,8,VIERNES,5,NOVIEMBRE,11,SI,"NO RESPETAR LAS SENIALES REGLAMENTARIAS DE TRANSITO. (PARE, CEDA EL PASO, LUZ ROJA DEL SEMAFORO, ETC).",ESTRELLAMIENTOS,AUTOMOVIL,2,0,0,0,0,0,0,0,0,0,0,0,0,2,32,HOMBRE,ILESO,CONDUCTOR PRESENTE,NO,NO,0
21042,74695,74696,2019,1,0,-0.066672,-78.577391,PICHINCHA,QUITO,NONO,RURAL,2019-11-01,10:30:00,10,VIERNES,5,NOVIEMBRE,11,SI,CONDUCIR VEHICULO SUPERANDO LOS LIMITES MAXIMOS DE VELOCIDAD.,VOLCAMIENTOS,AUTOMOVIL,1,0,0,0,0,0,0,0,0,0,0,0,0,1,86,MUJER,LESIONADO,PASAJERO,NO,NO,3
21043,74696,74697,2019,1,0,-0.243922,-78.539909,PICHINCHA,QUITO,QUITO,URBANA,2019-11-01,10:30:00,10,VIERNES,5,NOVIEMBRE,11,SI,NO CEDER EL DERECHO DE VIA O PREFERENCIA DE PASO AL PEATON.,ATROPELLOS,NO IDENTIFICADO,0,0,0,0,0,0,0,0,0,1,0,0,0,1,1,HOMBRE,LESIONADO,PEATON,NO,NO,0
21044,74700,74701,2019,1,2,0.102991,-79.104495,PICHINCHA,PEDRO VICENTE MALDONADO,PEDRO VICENTE MALDONADO,RURAL,2019-11-01,11:40:00,11,VIERNES,5,NOVIEMBRE,11,SI,"CONDUCIR DESATENTO A LAS CONDICIONES DE TRANSITO (CELULAR, PANTALLAS DE VIDEO, COMIDA, MAQUILLAJE O CUALQUIER OTRO ELEMENTO DISTRACTOR).",CHOQUE FRONTAL,AUTOMOVIL,1,0,0,1,1,0,0,0,0,0,0,0,1,4,47,HOMBRE,FALLECIDO,CONDUCTOR PRESENTE,NO,SI,3
21045,74707,74708,2019,4,0,-0.177282,-78.359537,PICHINCHA,QUITO,PUEMBO,RURAL,2019-11-01,16:20:00,16,VIERNES,5,NOVIEMBRE,11,SI,"NO RESPETAR LAS SENIALES REGLAMENTARIAS DE TRANSITO. (PARE, CEDA EL PASO, LUZ ROJA DEL SEMAFORO, ETC).",CHOQUE FRONTAL,AUTOMOVIL,1,0,0,1,0,0,0,0,0,0,0,0,0,2,27,MUJER,LESIONADO,PASAJERO,NO,NO,3
21046,74718,74719,2019,0,0,-0.272302,-78.548941,PICHINCHA,QUITO,QUITO,URBANA,2019-11-01,18:40:00,18,VIERNES,5,NOVIEMBRE,11,SI,CONDUCIR VEHICULO SUPERANDO LOS LIMITES MAXIMOS DE VELOCIDAD.,CHOQUE LATERAL,CAMIONETA,0,0,0,0,2,0,0,0,0,0,0,0,0,2,64,HOMBRE,ILESO,CONDUCTOR PRESENTE,NO,NO,0
21047,74727,74728,2019,0,0,-0.149645,-78.475892,PICHINCHA,QUITO,QUITO,URBANA,2019-11-01,19:40:00,19,VIERNES,5,NOVIEMBRE,11,SI,CONDUCIR VEHICULO SUPERANDO LOS LIMITES MAXIMOS DE VELOCIDAD.,ESTRELLAMIENTOS,AUTOMOVIL,1,0,0,0,0,0,0,0,0,0,0,0,0,1,-1,NO IDENTIFICADO,NO IDENTIFICADO,CONDUCTOR AUSENTE,NO,NO,2
21048,74734,74735,2019,0,0,-0.211553,-78.422755,PICHINCHA,QUITO,TUMBACO,RURAL,2019-11-01,20:55:00,20,VIERNES,5,NOVIEMBRE,11,SI,NO GUARDAR LA DISTANCIA LATERAL MINIMA DE SEGURIDAD ENTRE VEHICULOS.,CHOQUE LATERAL,AUTOMOVIL,2,0,0,0,0,0,0,0,0,0,0,0,0,2,63,HOMBRE,ILESO,CONDUCTOR PRESENTE,NO,NO,3
21049,74737,74738,2019,0,1,-0.123984,-78.485867,PICHINCHA,QUITO,QUITO,URBANA,2019-11-01,21:05:00,21,VIERNES,5,NOVIEMBRE,11,SI,CONDUCIR VEHICULO SUPERANDO LOS LIMITES MAXIMOS DE VELOCIDAD.,ATROPELLOS,NO IDENTIFICADO,0,0,0,0,0,0,0,0,0,1,0,0,0,1,46,HOMBRE,FALLECIDO,PEATON,NO,NO,0
21050,74738,74739,2019,0,0,-0.099083,-78.421844,PICHINCHA,QUITO,CALDERON (CARAPUNGO),RURAL,2019-11-01,21:11:00,21,VIERNES,5,NOVIEMBRE,11,SI,"CONDUCE BAJO LA INFLUENCIA DE ALCOHOL, SUSTANCIAS ESTUPEFACIENTES O PSICOTROPICAS Y/O MEDICAMENTOS.",ESTRELLAMIENTOS,AUTOMOVIL,1,0,0,1,0,0,0,0,0,0,0,0,0,2,35,HOMBRE,ILESO,CONDUCTOR PRESENTE,NO,NO,3
21051,74740,74741,2019,3,0,-0.206438,-78.370261,PICHINCHA,QUITO,PUEMBO,RURAL,2019-11-01,21:30:00,21,VIERNES,5,NOVIEMBRE,11,SI,"NO RESPETAR LAS SENIALES REGLAMENTARIAS DE TRANSITO. (PARE, CEDA EL PASO, LUZ ROJA DEL SEMAFORO, ETC).",CHOQUE FRONTAL,AUTOMOVIL,1,0,0,1,0,0,0,0,0,0,0,0,0,2,32,HOMBRE,LESIONADO,CONDUCTOR PRESENTE,NO,NO,3
21052,74742,74743,2019,2,0,-0.319883,-78.561321,PICHINCHA,QUITO,QUITO,URBANA,2019-11-01,22:03:00,22,VIERNES,5,NOVIEMBRE,11,SI,NO CEDER EL DERECHO DE VIA O PREFERENCIA DE PASO A VEHICULOS.,CHOQUE LATERAL,MOTOCICLETA,1,0,0,0,0,0,0,0,1,0,0,0,0,2,39,MUJER,LESIONADO,PASAJERO,NO,NO,0