,Unnamed: 0,ID,ANIO,LESIONADOS,FALLECIDOS,LATITUD_Y,LONGITUD_X,PROVINCIA,CANTON,PARROQUIA,ZONA,FECHA,HORA,PERIODO_2,DIA_1,DIA_2,MES_1,MES_2,FERIADO,CAUSA_PROBABLE,TIPO_DE_SINIESTRO,TIPO_DE_VEHICULO_1,AUTOMOVIL,BICICLETA,BUS,CAMION,CAMIONETA,EMERGENCIAS,ESPECIAL,FURGONETA,MOTOCICLETA,NO_IDENTIFICADO,SCOOTER_ELECTRICO,TRICIMOTO,VEHICULO_DEPORTIVO_UTILITARIO,SUMA_DE_VEHICULOS,EDAD_1,SEXO_1,CONDICION_1,PARTICIPANTE_1,CASCO_1,CINTURON_1,KMeans_Cluster
21053,74744,74745,2019,2,0,-0.209101,-78.365448,PICHINCHA,QUITO,PUEMBO,RURAL,2019-11-01,22:20:00,22,VIERNES,5,NOVIEMBRE,11,SI,CONDUCIR VEHICULO SUPERANDO LOS LIMITES MAXIMOS DE VELOCIDAD.,ESTRELLAMIENTOS,FURGONETA,0,0,0,0,0,0,0,1,0,0,0,0,0,1,2,HOMBRE,LESIONADO,PASAJERO,NO,NO,3
21054,74745,74746,2019,0,1,-0.449906,-78.559285,PICHINCHA,MEJIA,MACHACHI,RURAL,2019-11-01,22:20:00,22,VIERNES,5,NOVIEMBRE,11,SI,"CONDUCIR DESATENTO A LAS CONDICIONES DE TRANSITO (CELULAR, PANTALLAS DE VIDEO, COMIDA, MAQUILLAJE O CUALQUIER OTRO ELEMENTO DISTRACTOR).",ARROLLAMIENTOS,AUTOMOVIL,1,0,0,0,0,0,0,0,0,0,0,0,0,1,38,HOMBRE,FALLECIDO,PEATON,NO,SI,3
21055,74746,74747,2019,0,0,-0.282694,-78.560266,PICHINCHA,QUITO,QUITO,URBANA,2019-11-01,22:30:00,22,VIERNES,5,NOVIEMBRE,11,SI,CONDUCIR VEHICULO SUPERANDO LOS LIMITES MAXIMOS DE VELOCIDAD.,CHOQUE LATERAL,AUTOMOVIL,2,0,0,0,0,0,0,0,0,0,0,0,0,2,4,HOMBRE,ILESO,PASAJERO,NO,NO,0
21056,74749,74750,2019,0,1,-0.288901,-78.538232,PICHINCHA,QUITO,QUITO,URBANA,2019-11-01,23:30:00,23,VIERNES,5,NOVIEMBRE,11,SI,NO TRANSITAR POR LAS ACERAS O ZONAS DE SEGURIDAD DESTINADAS PARA EL EFECTO.,ARROLLAMIENTOS,NO IDENTIFICADO,0,0,0,0,0,0,0,0,0,1,0,0,0,1,40,HOMBRE,FALLECIDO,PEATON,NO,NO,0
21057,74753,74754,2019,0,0,-0.111743,-78.478795,PICHINCHA,QUITO,QUITO,URBANA,2019-11-02,00:25:00,0,SABADO,6,NOVIEMBRE,11,SI,CONDUCIR VEHICULO SUPERANDO LOS LIMITES MAXIMOS DE VELOCIDAD.,ESTRELLAMIENTOS,AUTOMOVIL,1,0,0,0,0,0,0,0,0,0,0,0,0,1,-1,NO IDENTIFICADO,NO IDENTIFICADO,CONDUCTOR AUSENTE,NO,NO,2
21058,74755,74756,2019,1,0,-0.196669,-78.466599,PICHINCHA,QUITO,QUITO,RURAL,2019-11-02,00:45:00,0,SABADO,6,NOVIEMBRE,11,SI,"FALLA MECANICA EN LOS SISTEMAS Y/O NEUMATICOS (SISTEMA DE FRENOS, DIRECCION, ELECTRONICO O MECANICO).",ESTRELLAMIENTOS,AUTOMOVIL,1,0,0,0,0,0,0,0,0,0,0,0,0,1,33,MUJER,LESIONADO,PASAJERO,NO,NO,3
21059,74765,74766,2019,0,0,-0.289265,-78.537661,PICHINCHA,QUITO,QUITO,URBANA,2019-11-02,02:40:00,2,SABADO,6,NOVIEMBRE,11,SI,"CONDUCE BAJO LA INFLUENCIA DE ALCOHOL, SUSTANCIAS ESTUPEFACIENTES O PSICOTROPICAS Y/O MEDICAMENTOS.",ESTRELLAMIENTOS,CAMIONETA,1,0,0,0,1,0,0,0,0,0,0,0,0,2,34,HOMBRE,ILESO,CONDUCTOR PRESENTE,NO,NO,0
21060,74775,74776,2019,3,1,-0.068454,-78.372923,PICHINCHA,QUITO,GUAYLLABAMBA,RURAL,2019-11-02,04:10:00,4,SABADO,6,NOVIEMBRE,11,SI,"CONDUCIR DESATENTO A LAS CONDICIONES DE TRANSITO (CELULAR, PANTALLAS DE VIDEO, COMIDA, MAQUILLAJE O CUALQUIER OTRO ELEMENTO DISTRACTOR).",PERDIDA DE CARRIL,VEHICULO DEPORTIVO UTILITARIO,0,0,0,0,0,0,0,0,0,0,0,0,1,1,83,HOMBRE,FALLECIDO,PASAJERO,NO,SI,3
21061,74776,74777,2019,1,3,-0.101376,-78.294025,PICHINCHA,QUITO,EL QUINCHE,RURAL,2019-11-02,04:35:00,4,SABADO,6,NOVIEMBRE,11,SI,"CONDUCE BAJO LA INFLUENCIA DE ALCOHOL, SUSTANCIAS ESTUPEFACIENTES O PSICOTROPICAS Y/O MEDICAMENTOS.",CHOQUE FRONTAL,CAMION,1,0,0,1,0,0,0,0,0,0,0,0,0,2,25,HOMBRE,FALLECIDO,PASAJERO,NO,SI,3
21062,74786,74787,2019,1,0,-0.232484,-78.493231,PICHINCHA,QUITO,QUITO,RURAL,2019-11-02,07:15:00,7,SABADO,6,NOVIEMBRE,11,SI,CONDUCIR VEHICULO SUPERANDO LOS LIMITES MAXIMOS DE VELOCIDAD.,ESTRELLAMIENTOS,AUTOMOVIL,1,0,0,0,0,0,0,0,0,0,0,0,0,1,29,HOMBRE,LESIONADO,CONDUCTOR PRESENTE,NO,NO,3
21063,74789,74790,2019,1,0,-0.122237,-78.495545,PICHINCHA,QUITO,QUITO,URBANA,2019-11-02,08:00:00,8,SABADO,6,NOVIEMBRE,11,SI,NO GUARDAR LA DISTANCIA LATERAL MINIMA DE SEGURIDAD ENTRE VEHICULOS.,CHOQUE LATERAL,MOTOCICLETA,1,0,0,0,0,0,0,0,1,0,0,0,0,2,26,HOMBRE,LESIONADO,CONDUCTOR PRESENTE,NO,NO,0
21064,74801,74802,2019,0,0,-0.206438,-78.370261,PICHINCHA,QUITO,PUEMBO,RURAL,2019-11-02,11:19:00,11,SABADO,6,NOVIEMBRE,11,SI,"NO RESPETAR LAS SENIALES REGLAMENTARIAS DE TRANSITO. (PARE, CEDA EL PASO, LUZ ROJA DEL SEMAFORO, ETC).",CHOQUE FRONTAL,MOTOCICLETA,0,0,0,0,1,0,0,0,1,0,0,0,0,2,34,HOMBRE,ILESO,CONDUCTOR PRESENTE,NO,NO,3
21065,74811,74812,2019,0,0,-0.243238,-78.516009,PICHINCHA,QUITO,QUITO,URBANA,2019-11-02,14:00:00,14,SABADO,6,NOVIEMBRE,11,SI,CONDUCIR VEHICULO SUPERANDO LOS LIMITES MAXIMOS DE VELOCIDAD.,ESTRELLAMIENTOS,AUTOMOVIL,1,0,0,0,0,0,0,0,0,1,0,0,0,2,-1,NO IDENTIFICADO,NO IDENTIFICADO,CONDUCTOR AUSENTE,NO,NO,2
21066,74818,74819,2019,0,0,-0.242357,-78.537182,PICHINCHA,QUITO,QUITO,URBANA,2019-11-02,15:20:00,15,SABADO,6,NOVIEMBRE,11,SI,"CONDUCIR DESATENTO A LAS CONDICIONES DE TRANSITO (CELULAR, PANTALLAS DE VIDEO, COMIDA, MAQUILLAJE O CUALQUIER OTRO ELEMENTO DISTRACTOR).",OTROS,CAMIONETA,0,0,0,0,1,0,0,0,0,1,0,0,0,2,29,HOMBRE,ILESO,CONDUCTOR PRESENTE,NO,NO,0
21067,74819,74820,2019,0,0,-0.279964,-78.557372,PICHINCHA,QUITO,QUITO,URBANA,2019-11-02,15:35:00,15,SABADO,6,NOVIEMBRE,11,SI,NO GUARDAR LA DISTANCIA LATERAL MINIMA DE SEGURIDAD ENTRE VEHICULOS.,CHOQUE LATERAL,CAMIONETA,0,0,0,0,1,0,0,0,0,1,0,0,0,2,64,HOMBRE,ILESO,CONDUCTOR PRESENTE,NO,NO,0
21068,74827,74828,2019,0,0,-0.212824,-78.402686,PICHINCHA,QUITO,TUMBACO,RURAL,2019-11-02,17:40:00,17,SABADO,6,NOVIEMBRE,11,SI,CONDUCIR VEHICULO SUPERANDO LOS LIMITES MAXIMOS DE VELOCIDAD.,ESTRELLAMIENTOS,CAMIONETA,0,0,0,0,1,0,0,0,0,0,0,0,0,1,25,HOMBRE,ILESO,CONDUCTOR PRESENTE,NO,NO,3
21069,74829,74830,2019,0,0,-0.267399,-78.554514,PICHINCHA,QUITO,QUITO,URBANA,2019-11-02,18:40:00,18,SABADO,6,NOVIEMBRE,11,SI,"CONDUCE BAJO LA INFLUENCIA DE ALCOHOL, SUSTANCIAS ESTUPEFACIENTES O PSICOTROPICAS Y/O MEDICAMENTOS.",CHOQUE FRONTAL,CAMIONETA,0,0,0,0,2,0,0,0,0,0,0,0,0,2,48,MUJER,ILESO,PASAJERO,NO,NO,0
21070,74834,74835,2019,2,0,-0.282342,-78.527433,PICHINCHA,QUITO,QUITO,URBANA,2019-11-02,20:20:00,20,SABADO,6,NOVIEMBRE,11,SI,CONDUCIR VEHICULO SUPERANDO LOS LIMITES MAXIMOS DE VELOCIDAD.,OTROS,NO IDENTIFICADO,0,0,0,0,0,0,0,0,0,2,0,0,0,2,22,HOMBRE,LESIONADO,PASAJERO,NO,NO,0
21071,74860,74861,2019,0,0,-0.103829,-78.494993,PICHINCHA,QUITO,QUITO,URBANA,2019-11-03,02:20:00,2,DOMINGO,7,NOVIEMBRE,11,SI,"NO RESPETAR LAS SENIALES REGLAMENTARIAS DE TRANSITO. (PARE, CEDA EL PASO, LUZ ROJA DEL SEMAFORO, ETC).",ESTRELLAMIENTOS,AUTOMOVIL,1,0,0,0,0,0,0,0,0,0,0,0,0,1,45,HOMBRE,ILESO,PASAJERO,NO,NO,0
21072,74863,74864,2019,0,0,-0.115548,-78.474521,PICHINCHA,QUITO,QUITO,URBANA,2019-11-03,02:45:00,2,DOMINGO,7,NOVIEMBRE,11,SI,CONDUCIR VEHICULO SUPERANDO LOS LIMITES MAXIMOS DE VELOCIDAD.,ESTRELLAMIENTOS,AUTOMOVIL,1,0,0,0,0,0,0,0,0,0,0,0,0,1,-1,NO IDENTIFICADO,NO IDENTIFICADO,CONDUCTOR AUSENTE,NO,NO,2
21073,74866,74867,2019,0,0,-0.283652,-78.543665,PICHINCHA,QUITO,QUITO,URBANA,2019-11-03,03:00:00,3,DOMINGO,7,NOVIEMBRE,11,SI,"CONDUCE BAJO LA INFLUENCIA DE ALCOHOL, SUSTANCIAS ESTUPEFACIENTES O PSICOTROPICAS Y/O MEDICAMENTOS.",CHOQUE POSTERIOR,AUTOMOVIL,2,0,0,0,0,0,0,0,0,0,0,0,0,2,42,HOMBRE,ILESO,CONDUCTOR PRESENTE,NO,NO,0
21074,74879,74880,2019,1,0,0.045441,-78.177137,PICHINCHA,PEDRO MONCAYO,TABACUNDO,RURAL,2019-11-03,06:25:00,6,DOMINGO,7,NOVIEMBRE,11,SI,"CONDUCIR DESATENTO A LAS CONDICIONES DE TRANSITO (CELULAR, PANTALLAS DE VIDEO, COMIDA, MAQUILLAJE O CUALQUIER OTRO ELEMENTO DISTRACTOR).",ARROLLAMIENTOS,AUTOMOVIL,1,0,0,0,0,0,0,0,0,0,0,0,0,1,18,HOMBRE,LESIONADO,CONDUCTOR PRESENTE,NO,SI,3
21075,74884,74885,2019,0,0,-0.248516,-78.514667,PICHINCHA,QUITO,QUITO,URBANA,2019-11-03,07:10:00,7,DOMINGO,7,NOVIEMBRE,11,SI,"NO RESPETAR LAS SENIALES REGLAMENTARIAS DE TRANSITO. (PARE, CEDA EL PASO, LUZ ROJA DEL SEMAFORO, ETC).",ESTRELLAMIENTOS,AUTOMOVIL,1,0,0,0,0,0,0,0,0,1,0,0,0,2,-1,NO IDENTIFICADO,NO IDENTIFICADO,CONDUCTOR AUSENTE,NO,NO,2
21076,74885,74886,2019,0,0,-0.335391,-78.542761,PICHINCHA,QUITO,QUITO,URBANA,2019-11-03,07:40:00,7,DOMINGO,7,NOVIEMBRE,11,SI,CONDUCIR VEHICULO SUPERANDO LOS LIMITES MAXIMOS DE VELOCIDAD.,ESTRELLAMIENTOS,CAMIONETA,0,0,0,0,1,0,0,0,0,0,0,0,0,1,26,HOMBRE,ILESO,CONDUCTOR PRESENTE,NO,NO,0
21077,74887,74888,2019,1,0,-0.343621,-78.555281,PICHINCHA,QUITO,QUITO,URBANA,2019-11-03,08:30:00,8,DOMINGO,7,NOVIEMBRE,11,SI,"NO RESPETAR LAS SENIALES REGLAMENTARIAS DE TRANSITO. (PARE, CEDA EL PASO, LUZ ROJA DEL SEMAFORO, ETC).",CHOQUE LATERAL,AUTOMOVIL,1,0,0,1,0,0,0,0,0,0,0,0,0,2,28,MUJER,LESIONADO,CONDUCTOR PRESENTE,NO,NO,2
21078,74890,74891,2019,1,0,-0.280556,-78.533493,PICHINCHA,QUITO,QUITO,URBANA,2019-11-03,08:45:00,8,DOMINGO,7,NOVIEMBRE,11,SI,"CASO FORTUITO O FUERZA MAYOR (EXPLOSION DE NEUMATICO NUEVO, DERRUMBE, INUNDACION, CAIDA DE PUENTE, ARBOL, PRESENCIA INTEMPESTIVA E IMPREVISTA DE SEMOVIENTES EN LA VIA, ETC.).",PERDIDA DE CARRIL,MOTOCICLETA,0,0,0,0,0,0,0,0,1,0,0,0,0,1,27,HOMBRE,LESIONADO,CONDUCTOR PRESENTE,NO,NO,0
21079,74898,74899,2019,1,0,-0.008503,-78.180055,PICHINCHA,CAYAMBE,CANGAHUA,RURAL,2019-11-03,10:30:00,10,DOMINGO,7,NOVIEMBRE,11,SI,"CONDUCIR DESATENTO A LAS CONDICIONES DE TRANSITO (CELULAR, PANTALLAS DE VIDEO, COMIDA, MAQUILLAJE O CUALQUIER OTRO ELEMENTO DISTRACTOR).",ATROPELLOS,MOTOCICLETA,0,0,0,0,0,0,0,0,1,0,0,0,0,1,39,HOMBRE,LESIONADO,CONDUCTOR PRESENTE,NO,SI,3
21080,74923,74924,2019,1,0,-0.241459,-78.532168,PICHINCHA,QUITO,QUITO,URBANA,2019-11-03,18:00:00,18,DOMINGO,7,NOVIEMBRE,11,SI,CONDUCIR VEHICULO SUPERANDO LOS LIMITES MAXIMOS DE VELOCIDAD.,ATROPELLOS,NO IDENTIFICADO,0,0,0,0,0,0,0,0,0,1,0,0,0,1,48,HOMBRE,LESIONADO,PEATON,NO,NO,0
21081,74946,74947,2019,1,0,-0.160885,-78.495761,PICHINCHA,QUITO,QUITO,URBANA,2019-11-04,05:00:00,5,LUNES,1,NOVIEMBRE,11,SI,CONDUCIR VEHICULO SUPERANDO LOS LIMITES MAXIMOS DE VELOCIDAD.,VOLCAMIENTOS,MOTOCICLETA,0,0,0,0,0,0,0,0,1,0,0,0,0,1,26,HOMBRE,LESIONADO,PASAJERO,NO,NO,0
21082,74947,74948,2019,0,1,-0.226486,-78.339567,PICHINCHA,QUITO,PIFO,RURAL,2019-11-04,05:30:00,5,LUNES,1,NOVIEMBRE,11,SI,CONDUCIR VEHICULO SUPERANDO LOS LIMITES MAXIMOS DE VELOCIDAD.,ESTRELLAMIENTOS,AUTOMOVIL,1,0,0,0,0,0,0,0,0,0,0,0,0,1,24,HOMBRE,FALLECIDO,CONDUCTOR PRESENTE,NO,NO,3
21083,74956,74957,2019,0,0,-0.058111,-78.344101,PICHINCHA,QUITO,GUAYLLABAMBA,RURAL,2019-11-04,09:56:00,9,LUNES,1,NOVIEMBRE,11,SI,CONDUCIR VEHICULO SUPERANDO LOS LIMITES MAXIMOS DE VELOCIDAD.,ESTRELLAMIENTOS,AUTOMOVIL,1,0,0,0,0,0,0,0,0,0,0,0,0,1,-1,NO IDENTIFICADO,NO IDENTIFICADO,CONDUCTOR AUSENTE,NO,NO,2
21084,74965,74966,2019,1,0,0.045741,-78.193445,PICHINCHA,PEDRO MONCAYO,TABACUNDO,RURAL,2019-11-04,12:10:00,12,LUNES,1,NOVIEMBRE,11,SI,"CONDUCIR DESATENTO A LAS CONDICIONES DE TRANSITO (CELULAR, PANTALLAS DE VIDEO, COMIDA, MAQUILLAJE O CUALQUIER OTRO ELEMENTO DISTRACTOR).",ATROPELLOS,CAMION,0,0,0,1,0,0,0,0,0,0,0,0,0,1,54,HOMBRE,LESIONADO,PEATON,NO,SI,3
21085,74967,74968,2019,0,0,-0.206451,-78.512129,PICHINCHA,QUITO,QUITO,URBANA,2019-11-04,12:30:00,12,LUNES,1,NOVIEMBRE,11,SI,"FALLA MECANICA EN LOS SISTEMAS Y/O NEUMATICOS (SISTEMA DE FRENOS, DIRECCION, ELECTRONICO O MECANICO).",ESTRELLAMIENTOS,CAMIONETA,1,0,0,0,1,0,0,0,0,0,0,0,0,2,52,HOMBRE,ILESO,CONDUCTOR PRESENTE,NO,NO,0
21086,74977,74978,2019,1,0,-0.440233,-78.773456,PICHINCHA,MEJIA,MANUEL CORNEJO ASTORGA,RURAL,2019-11-04,14:30:00,14,LUNES,1,NOVIEMBRE,11,SI,"NO RESPETAR LAS SENIALES REGLAMENTARIAS DE TRANSITO. (PARE, CEDA EL PASO, LUZ ROJA DEL SEMAFORO, ETC).",CHOQUE LATERAL,CAMION,0,0,0,1,0,0,0,0,0,0,0,0,1,2,32,HOMBRE,LESIONADO,CONDUCTOR PRESENTE,NO,NO,3
21087,74987,74988,2019,1,0,-0.107761,-78.448329,PICHINCHA,QUITO,CALDERON (CARAPUNGO),RURAL,2019-11-04,17:52:00,17,LUNES,1,NOVIEMBRE,11,SI,PEATON QUE CRUZA LA CALZADA SIN RESPETAR LA SENIALIZACION EXISTENTE (SEMAFOROS O SENIALES MANUALES).,ATROPELLOS,BUS,0,0,1,0,0,0,0,0,0,0,0,0,0,1,43,HOMBRE,LESIONADO,PEATON,NO,NO,3
21088,75010,75011,2019,1,0,-0.267266,-78.554465,PICHINCHA,QUITO,QUITO,URBANA,2019-11-05,07:00:00,7,MARTES,2,NOVIEMBRE,11,NO,NO TRANSITAR POR LAS ACERAS O ZONAS DE SEGURIDAD DESTINADAS PARA EL EFECTO.,ATROPELLOS,MOTOCICLETA,0,0,0,0,0,0,0,0,1,0,0,0,0,1,8,HOMBRE,LESIONADO,PEATON,NO,NO,0
21089,75011,75012,2019,1,0,-0.154071,-78.492034,PICHINCHA,QUITO,QUITO,URBANA,2019-11-05,07:00:00,7,MARTES,2,NOVIEMBRE,11,NO,BAJARSE O SUBIRSE DE VEHICULOS EN MOVIMIENTO SIN TOMAR LAS PRECAUCIONES DEBIDAS.,CAIDA DE PASAJERO,BUS,0,0,1,0,0,0,0,0,0,0,0,0,0,1,55,MUJER,LESIONADO,PASAJERO,NO,NO,0
21090,75012,75013,2019,0,0,-0.240615,-78.512456,PICHINCHA,QUITO,QUITO,URBANA,2019-11-05,07:05:00,7,MARTES,2,NOVIEMBRE,11,NO,"NO RESPETAR LAS SENIALES REGLAMENTARIAS DE TRANSITO. (PARE, CEDA EL PASO, LUZ ROJA DEL SEMAFORO, ETC).",CHOQUE LATERAL,AUTOMOVIL,1,0,0,0,0,0,0,1,0,0,0,0,0,2,34,HOMBRE,ILESO,CONDUCTOR PRESENTE,NO,NO,0
21091,75016,75017,2019,0,0,-0.294301,-78.464289,PICHINCHA,QUITO,CONOCOTO,RURAL,2019-11-05,08:15:00,8,MARTES,2,NOVIEMBRE,11,NO,"CONDUCIR DESATENTO A LAS CONDICIONES DE TRANSITO (CELULAR, PANTALLAS DE VIDEO, COMIDA, MAQUILLAJE O CUALQUIER OTRO ELEMENTO DISTRACTOR).",CHOQUE FRONTAL,FURGONETA,0,0,0,0,0,0,0,1,0,1,0,0,0,2,54,HOMBRE,ILESO,CONDUCTOR PRESENTE,NO,NO,3
21092,75019,75020,2019,0,0,-0.199767,-78.428809,PICHINCHA,QUITO,CUMBAYA,RURAL,2019-11-05,08:31:00,8,MARTES,2,NOVIEMBRE,11,NO,NO MANTENER LA DISTANCIA PRUDENCIAL CON RESPECTO AL VEHICULO QUE LE ANTECEDE.,COLISION,AUTOMOVIL,3,0,0,0,0,0,0,0,0,0,0,0,0,3,36,HOMBRE,ILESO,CONDUCTOR PRESENTE,NO,NO,3
21093,75020,75021,2019,0,0,-0.133549,-78.500783,PICHINCHA,QUITO,QUITO,URBANA,2019-11-05,08:35:00,8,MARTES,2,NOVIEMBRE,11,NO,CONDUCIR VEHICULO SUPERANDO LOS LIMITES MAXIMOS DE VELOCIDAD.,ROZAMIENTOS,AUTOMOVIL,2,0,0,0,0,0,0,0,0,0,0,0,0,2,2,MUJER,ILESO,PASAJERO,NO,NO,0
21094,75021,75022,2019,2,0,-0.072135,-78.474605,PICHINCHA,QUITO,POMASQUI,URBANA,2019-11-05,08:40:00,8,MARTES,2,NOVIEMBRE,11,NO,"CONDUCIR DESATENTO A LAS CONDICIONES DE TRANSITO (CELULAR, PANTALLAS DE VIDEO, COMIDA, MAQUILLAJE O CUALQUIER OTRO ELEMENTO DISTRACTOR).",ATROPELLOS,MOTOCICLETA,0,0,0,0,0,0,0,0,1,0,0,0,0,1,36,HOMBRE,LESIONADO,CONDUCTOR PRESENTE,NO,SI,0
21095,75024,75025,2019,0,0,-0.175725,-78.487568,PICHINCHA,QUITO,QUITO,URBANA,2019-11-05,12:03:00,12,MARTES,2,NOVIEMBRE,11,NO,"CONDUCIR DESATENTO A LAS CONDICIONES DE TRANSITO (CELULAR, PANTALLAS DE VIDEO, COMIDA, MAQUILLAJE O CUALQUIER OTRO ELEMENTO DISTRACTOR).",CHOQUE LATERAL,AUTOMOVIL,2,0,0,0,0,0,0,0,0,0,0,0,0,2,50,HOMBRE,ILESO,CONDUCTOR PRESENTE,NO,NO,0
21096,75025,75026,2019,2,0,-0.107072,-78.502372,PICHINCHA,QUITO,QUITO,URBANA,2019-11-05,12:20:00,12,MARTES,2,NOVIEMBRE,11,NO,NO CEDER EL DERECHO DE VIA O PREFERENCIA DE PASO AL PEATON.,ATROPELLOS,CAMIONETA,0,0,0,0,1,0,0,0,0,0,0,0,0,1,4,MUJER,LESIONADO,PEATON,NO,NO,0
21097,75033,75034,2019,1,0,-0.180291,-78.478552,PICHINCHA,QUITO,QUITO,URBANA,2019-11-05,15:50:00,15,MARTES,2,NOVIEMBRE,11,NO,NO TRANSITAR POR LAS ACERAS O ZONAS DE SEGURIDAD DESTINADAS PARA EL EFECTO.,ATROPELLOS,BUS,0,0,1,0,0,0,0,0,0,0,0,0,0,1,59,MUJER,LESIONADO,PEATON,NO,NO,0
21098,75038,75039,2019,0,0,-0.096685,-78.515931,PICHINCHA,QUITO,QUITO,URBANA,2019-11-05,16:50:00,16,MARTES,2,NOVIEMBRE,11,NO,"CONDUCIR DESATENTO A LAS CONDICIONES DE TRANSITO (CELULAR, PANTALLAS DE VIDEO, COMIDA, MAQUILLAJE O CUALQUIER OTRO ELEMENTO DISTRACTOR).",ESTRELLAMIENTOS,AUTOMOVIL,1,0,0,0,0,0,0,0,1,0,0,0,0,2,30,MUJER,ILESO,PASAJERO,NO,NO,0
21099,75044,75045,2019,0,1,-0.293005,-78.527001,PICHINCHA,QUITO,QUITO,URBANA,2019-11-05,19:40:00,19,MARTES,2,NOVIEMBRE,11,NO,PEATON QUE CRUZA LA CALZADA SIN RESPETAR LA SENIALIZACION EXISTENTE (SEMAFOROS O SENIALES MANUALES).,ATROPELLOS,NO IDENTIFICADO,0,0,0,0,0,0,0,0,0,1,0,0,0,1,47,MUJER,FALLECIDO,PEATON,NO,NO,0
21100,75060,75061,2019,0,0,-0.236918,-78.535782,PICHINCHA,QUITO,QUITO,URBANA,2019-11-06,09:15:00,9,MIERCOLES,3,NOVIEMBRE,11,NO,CONDUCIR VEHICULO SUPERANDO LOS LIMITES MAXIMOS DE VELOCIDAD.,ESTRELLAMIENTOS,CAMION,0,0,0,1,0,0,0,0,0,0,0,0,0,1,-1,NO IDENTIFICADO,NO IDENTIFICADO,CONDUCTOR AUSENTE,NO,NO,2
21101,75062,75063,2019,0,0,-0.167098,-78.484092,PICHINCHA,QUITO,QUITO,URBANA,2019-11-06,10:00:00,10,MIERCOLES,3,NOVIEMBRE,11,NO,CONDUCIR VEHICULO SUPERANDO LOS LIMITES MAXIMOS DE VELOCIDAD.,COLISION,AUTOMOVIL,3,0,0,0,0,0,0,0,0,0,0,0,0,3,38,HOMBRE,ILESO,CONDUCTOR PRESENTE,NO,NO,0
21102,75066,75067,2019,2,0,-0.280955,-78.548788,PICHINCHA,QUITO,QUITO,URBANA,2019-11-06,11:15:00,11,MIERCOLES,3,NOVIEMBRE,11,NO,"FALLA MECANICA EN LOS SISTEMAS Y/O NEUMATICOS (SISTEMA DE FRENOS, DIRECCION, ELECTRONICO O MECANICO).",ESTRELLAMIENTOS,FURGONETA,0,0,0,0,0,0,0,1,0,0,0,0,0,1,30,HOMBRE,LESIONADO,CONDUCTOR PRESENTE,NO,NO,0
21103,75069,75070,2019,0,0,-0.187725,-78.504711,PICHINCHA,QUITO,QUITO,URBANA,2019-11-06,12:00:00,12,MIERCOLES,3,NOVIEMBRE,11,NO,"NO RESPETAR LAS SENIALES REGLAMENTARIAS DE TRANSITO. (PARE, CEDA EL PASO, LUZ ROJA DEL SEMAFORO, ETC).",CHOQUE LATERAL,AUTOMOVIL,2,0,0,0,0,0,0,0,0,0,0,0,0,2,44,MUJER,ILESO,PASAJERO,NO,NO,0
21104,75070,75071,2019,0,0,-0.328239,-78.538128,PICHINCHA,QUITO,QUITO,URBANA,2019-11-06,13:35:00,13,MIERCOLES,3,NOVIEMBRE,11,NO,"NO RESPETAR LAS SENIALES REGLAMENTARIAS DE TRANSITO. (PARE, CEDA EL PASO, LUZ ROJA DEL SEMAFORO, ETC).",CHOQUE LATERAL,CAMIONETA,0,0,0,0,1,0,0,0,1,0,0,0,0,2,42,MUJER,ILESO,CONDUCTOR PRESENTE,NO,NO,0
21105,75073,75074,2019,0,0,-0.100965,-78.483391,PICHINCHA,QUITO,QUITO,URBANA,2019-11-06,14:35:00,14,MIERCOLES,3,NOVIEMBRE,11,NO,NO MANTENER LA DISTANCIA PRUDENCIAL CON RESPECTO AL VEHICULO QUE LE ANTECEDE.,CHOQUE POSTERIOR,AUTOMOVIL,2,0,0,0,0,0,0,0,0,0,0,0,0,2,26,MUJER,ILESO,CONDUCTOR PRESENTE,NO,NO,0
21106,75075,75076,2019,0,0,-0.175341,-78.487491,PICHINCHA,QUITO,QUITO,URBANA,2019-11-06,15:50:00,15,MIERCOLES,3,NOVIEMBRE,11,NO,"CONDUCE BAJO LA INFLUENCIA DE ALCOHOL, SUSTANCIAS ESTUPEFACIENTES O PSICOTROPICAS Y/O MEDICAMENTOS.",CHOQUE LATERAL,AUTOMOVIL,2,0,0,0,0,0,0,0,0,0,0,0,0,2,-1,MUJER,ILESO,CONDUCTOR PRESENTE,NO,NO,0
21107,75078,75079,2019,0,0,-0.448334,-78.650827,PICHINCHA,MEJIA,ALOAG,RURAL,2019-11-06,16:30:00,16,MIERCOLES,3,NOVIEMBRE,11,NO,"CONDUCIR DESATENTO A LAS CONDICIONES DE TRANSITO (CELULAR, PANTALLAS DE VIDEO, COMIDA, MAQUILLAJE O CUALQUIER OTRO ELEMENTO DISTRACTOR).",PERDIDA DE PISTA,CAMION,0,0,0,2,0,0,0,0,0,0,0,0,1,3,49,HOMBRE,ILESO,CONDUCTOR PRESENTE,NO,NO,3
21108,75081,75082,2019,0,0,-0.187808,-78.444336,PICHINCHA,QUITO,NAYON,RURAL,2019-11-06,17:15:00,17,MIERCOLES,3,NOVIEMBRE,11,NO,CONDUCIR VEHICULO SUPERANDO LOS LIMITES MAXIMOS DE VELOCIDAD.,CHOQUE LATERAL,CAMIONETA,1,0,0,0,1,0,0,0,0,0,0,0,0,2,58,HOMBRE,ILESO,CONDUCTOR PRESENTE,NO,NO,3