,Unnamed: 0,ID,ANIO,LESIONADOS,FALLECIDOS,LATITUD_Y,LONGITUD_X,PROVINCIA,CANTON,PARROQUIA,ZONA,FECHA,HORA,PERIODO_2,DIA_1,DIA_2,MES_1,MES_2,FERIADO,CAUSA_PROBABLE,TIPO_DE_SINIESTRO,TIPO_DE_VEHICULO_1,AUTOMOVIL,BICICLETA,BUS,CAMION,CAMIONETA,EMERGENCIAS,ESPECIAL,FURGONETA,MOTOCICLETA,NO_IDENTIFICADO,SCOOTER_ELECTRICO,TRICIMOTO,VEHICULO_DEPORTIVO_UTILITARIO,SUMA_DE_VEHICULOS,EDAD_1,SEXO_1,CONDICION_1,PARTICIPANTE_1,CASCO_1,CINTURON_1,KMeans_Cluster
21167,75354,75355,2019,0,0,-0.154453,-78.477363,PICHINCHA,QUITO,QUITO,URBANA,2019-11-10,13:00:00,13,DOMINGO,7,NOVIEMBRE,11,NO,CONDUCIR VEHICULO SUPERANDO LOS LIMITES MAXIMOS DE VELOCIDAD.,COLISION,AUTOMOVIL,3,0,0,0,0,0,0,0,0,0,0,0,0,3,69,HOMBRE,ILESO,PASAJERO,NO,NO,0
21168,75355,75356,2019,0,1,-0.297168,-78.534604,PICHINCHA,QUITO,QUITO,URBANA,2019-11-10,13:25:00,13,DOMINGO,7,NOVIEMBRE,11,NO,CONDUCIR VEHICULO SUPERANDO LOS LIMITES MAXIMOS DE VELOCIDAD.,PERDIDA DE CARRIL,MOTOCICLETA,0,0,0,0,0,0,0,0,1,0,0,0,0,1,26,HOMBRE,FALLECIDO,CONDUCTOR PRESENTE,NO,NO,0
21169,75363,75364,2019,0,0,0.111651,-78.746001,PICHINCHA,QUITO,GUALEA,RURAL,2019-11-10,16:00:00,16,DOMINGO,7,NOVIEMBRE,11,NO,CONDUCIR VEHICULO SUPERANDO LOS LIMITES MAXIMOS DE VELOCIDAD.,CHOQUE FRONTAL,MOTOCICLETA,0,0,0,0,0,0,0,0,1,1,0,0,0,2,-1,NO IDENTIFICADO,NO IDENTIFICADO,CONDUCTOR AUSENTE,NO,NO,2
21170,75372,75373,2019,1,0,-0.349707,-78.549133,PICHINCHA,QUITO,QUITO,URBANA,2019-11-10,17:50:00,17,DOMINGO,7,NOVIEMBRE,11,NO,NO CEDER EL DERECHO DE VIA O PREFERENCIA DE PASO AL PEATON.,ATROPELLOS,NO IDENTIFICADO,0,0,0,0,0,0,0,0,0,1,0,0,0,1,7,HOMBRE,LESIONADO,PEATON,NO,NO,0
21171,75375,75376,2019,0,0,-0.264875,-78.544664,PICHINCHA,QUITO,QUITO,URBANA,2019-11-10,18:10:00,18,DOMINGO,7,NOVIEMBRE,11,NO,"NO RESPETAR LAS SENIALES REGLAMENTARIAS DE TRANSITO. (PARE, CEDA EL PASO, LUZ ROJA DEL SEMAFORO, ETC).",CHOQUE LATERAL,AUTOMOVIL,2,0,0,0,0,0,0,0,0,0,0,0,0,2,6,MUJER,ILESO,PASAJERO,NO,NO,0
21172,75387,75388,2019,2,0,-0.136811,-78.473598,PICHINCHA,QUITO,QUITO,URBANA,2019-11-10,20:30:00,20,DOMINGO,7,NOVIEMBRE,11,NO,NO GUARDAR LA DISTANCIA LATERAL MINIMA DE SEGURIDAD ENTRE VEHICULOS.,CHOQUE LATERAL,MOTOCICLETA,1,0,0,0,0,0,0,0,1,0,0,0,0,2,17,MUJER,LESIONADO,PASAJERO,NO,NO,0
21173,75401,75402,2019,0,0,-0.328831,-78.560625,PICHINCHA,QUITO,QUITO,URBANA,2019-11-11,06:48:00,6,LUNES,1,NOVIEMBRE,11,NO,"CONDICIONES AMBIENTALES Y/O ATMOSFERICAS (NIEBLA, NEBLINA, GRANIZO, LLUVIA).",ESTRELLAMIENTOS,CAMION,1,0,0,1,0,0,0,0,0,0,0,0,0,2,35,HOMBRE,ILESO,CONDUCTOR PRESENTE,NO,NO,0
21174,75402,75403,2019,0,0,-0.120471,-78.488967,PICHINCHA,QUITO,QUITO,URBANA,2019-11-11,06:55:00,6,LUNES,1,NOVIEMBRE,11,NO,NO GUARDAR LA DISTANCIA LATERAL MINIMA DE SEGURIDAD ENTRE VEHICULOS.,CHOQUE LATERAL,AUTOMOVIL,2,0,0,0,0,0,0,0,0,0,0,0,0,2,31,MUJER,ILESO,CONDUCTOR PRESENTE,NO,NO,0
21175,75409,75410,2019,2,0,-0.188521,-78.448241,PICHINCHA,QUITO,NAYON,RURAL,2019-11-11,08:10:00,8,LUNES,1,NOVIEMBRE,11,NO,CONDUCIR EN SENTIDO CONTRARIO A LA VIA NORMAL DE CIRCULACION.,ESTRELLAMIENTOS,AUTOMOVIL,3,0,0,0,0,0,0,0,0,0,0,0,0,3,23,MUJER,LESIONADO,CONDUCTOR PRESENTE,NO,NO,3
21176,75412,75413,2019,1,0,-0.188521,-78.448241,PICHINCHA,QUITO,NAYON,URBANA,2019-11-11,08:59:00,8,LUNES,1,NOVIEMBRE,11,NO,CONDUCIR VEHICULO SUPERANDO LOS LIMITES MAXIMOS DE VELOCIDAD.,CHOQUE LATERAL,MOTOCICLETA,1,0,0,0,0,0,0,0,1,0,0,0,0,2,24,HOMBRE,LESIONADO,CONDUCTOR PRESENTE,NO,NO,0
21177,75422,75423,2019,1,0,-0.242071,-78.506603,PICHINCHA,QUITO,QUITO,URBANA,2019-11-11,13:30:00,13,LUNES,1,NOVIEMBRE,11,NO,CONDUCIR VEHICULO SUPERANDO LOS LIMITES MAXIMOS DE VELOCIDAD.,CHOQUE LATERAL,MOTOCICLETA,1,0,0,0,0,0,0,0,1,0,0,0,0,2,25,HOMBRE,LESIONADO,CONDUCTOR PRESENTE,NO,NO,0
21178,75426,75427,2019,0,0,-0.114501,-78.499601,PICHINCHA,QUITO,QUITO,URBANA,2019-11-11,15:30:00,15,LUNES,1,NOVIEMBRE,11,NO,NO GUARDAR LA DISTANCIA LATERAL MINIMA DE SEGURIDAD ENTRE VEHICULOS.,CHOQUE LATERAL,CAMIONETA,1,0,0,0,1,0,0,0,0,0,0,0,0,2,56,HOMBRE,ILESO,CONDUCTOR PRESENTE,NO,NO,0
21179,75427,75428,2019,2,0,-0.208883,-78.503547,PICHINCHA,QUITO,QUITO,URBANA,2019-11-11,15:50:00,15,LUNES,1,NOVIEMBRE,11,NO,PEATON QUE CRUZA LA CALZADA SIN RESPETAR LA SENIALIZACION EXISTENTE (SEMAFOROS O SENIALES MANUALES).,ATROPELLOS,CAMIONETA,0,0,0,0,1,0,0,0,0,0,0,0,0,1,7,HOMBRE,LESIONADO,PEATON,NO,NO,0
21180,75431,75432,2019,0,1,0.072087,-78.961545,PICHINCHA,PEDRO VICENTE MALDONADO,PEDRO VICENTE MALDONADO,RURAL,2019-11-11,16:40:00,16,LUNES,1,NOVIEMBRE,11,NO,"CONDUCIR DESATENTO A LAS CONDICIONES DE TRANSITO (CELULAR, PANTALLAS DE VIDEO, COMIDA, MAQUILLAJE O CUALQUIER OTRO ELEMENTO DISTRACTOR).",CHOQUE LATERAL,MOTOCICLETA,0,0,0,1,0,0,0,0,1,0,0,0,0,2,30,HOMBRE,FALLECIDO,CONDUCTOR PRESENTE,NO,SI,3
21181,75433,75434,2019,0,0,-0.098038,-78.462807,PICHINCHA,QUITO,QUITO,URBANA,2019-11-11,16:50:00,16,LUNES,1,NOVIEMBRE,11,NO,"FALLA MECANICA EN LOS SISTEMAS Y/O NEUMATICOS (SISTEMA DE FRENOS, DIRECCION, ELECTRONICO O MECANICO).",ESTRELLAMIENTOS,AUTOMOVIL,1,0,0,0,0,0,0,0,0,0,0,0,0,1,-1,NO IDENTIFICADO,NO IDENTIFICADO,CONDUCTOR AUSENTE,NO,NO,2
21182,75441,75442,2019,0,0,-0.272597,-78.519621,PICHINCHA,QUITO,QUITO,URBANA,2019-11-11,20:40:00,20,LUNES,1,NOVIEMBRE,11,NO,"CONDICIONES AMBIENTALES Y/O ATMOSFERICAS (NIEBLA, NEBLINA, GRANIZO, LLUVIA).",CHOQUE FRONTAL,AUTOMOVIL,2,0,0,0,0,0,0,0,0,0,0,0,0,2,22,HOMBRE,ILESO,CONDUCTOR PRESENTE,NO,NO,0
21183,75446,75447,2019,1,0,-0.319594,-78.570859,PICHINCHA,QUITO,QUITO,URBANA,2019-11-12,00:40:00,0,MARTES,2,NOVIEMBRE,11,NO,CONDUCIR VEHICULO SUPERANDO LOS LIMITES MAXIMOS DE VELOCIDAD.,ATROPELLOS,NO IDENTIFICADO,0,0,0,0,0,0,0,0,0,1,0,0,0,1,44,HOMBRE,LESIONADO,PEATON,NO,NO,0
21184,75449,75450,2019,3,0,-0.076935,-78.462521,PICHINCHA,QUITO,QUITO,URBANA,2019-11-12,05:05:00,5,MARTES,2,NOVIEMBRE,11,NO,"CONDICIONES AMBIENTALES Y/O ATMOSFERICAS (NIEBLA, NEBLINA, GRANIZO, LLUVIA).",ESTRELLAMIENTOS,CAMION,1,0,0,2,1,0,0,0,0,0,0,0,0,4,29,MUJER,LESIONADO,PASAJERO,NO,NO,0
21185,75452,75453,2019,0,0,-0.067325,-78.418911,PICHINCHA,QUITO,CALDERON (CARAPUNGO),RURAL,2019-11-12,06:20:00,6,MARTES,2,NOVIEMBRE,11,NO,MALAS CONDICIONES DE LA VIA Y/O CONFIGURACION. (ILUMINACION Y DISENIO).,OTROS,MOTOCICLETA,0,0,0,0,0,0,0,0,1,0,0,0,0,1,-1,NO IDENTIFICADO,NO IDENTIFICADO,CONDUCTOR AUSENTE,NO,NO,2
21186,75454,75455,2019,0,0,-0.244678,-78.476244,PICHINCHA,QUITO,QUITO,RURAL,2019-11-12,06:30:00,6,MARTES,2,NOVIEMBRE,11,NO,"NO RESPETAR LAS SENIALES REGLAMENTARIAS DE TRANSITO. (PARE, CEDA EL PASO, LUZ ROJA DEL SEMAFORO, ETC).",ESTRELLAMIENTOS,AUTOMOVIL,1,0,0,0,0,0,0,0,0,0,0,0,0,1,28,HOMBRE,ILESO,CONDUCTOR PRESENTE,NO,NO,3
21187,75463,75464,2019,1,0,-0.148925,-78.489384,PICHINCHA,QUITO,QUITO,URBANA,2019-11-12,10:20:00,10,MARTES,2,NOVIEMBRE,11,NO,NO GUARDAR LA DISTANCIA LATERAL MINIMA DE SEGURIDAD ENTRE VEHICULOS.,CHOQUE LATERAL,CAMION,1,0,0,1,0,0,0,0,0,0,0,0,0,2,70,HOMBRE,LESIONADO,CONDUCTOR PRESENTE,NO,NO,0
21188,75473,75474,2019,0,0,-0.384913,-78.510931,PICHINCHA,QUITO,AMAGUANIA,RURAL,2019-11-12,14:05:00,14,MARTES,2,NOVIEMBRE,11,NO,CONDUCIR VEHICULO SUPERANDO LOS LIMITES MAXIMOS DE VELOCIDAD.,OTROS,AUTOMOVIL,1,0,0,0,0,0,0,0,0,0,0,0,0,1,-1,NO IDENTIFICADO,NO IDENTIFICADO,CONDUCTOR AUSENTE,NO,NO,2
21189,75479,75480,2019,0,0,-0.292882,-78.542349,PICHINCHA,QUITO,QUITO,URBANA,2019-11-12,15:25:00,15,MARTES,2,NOVIEMBRE,11,NO,"NO RESPETAR LAS SENIALES REGLAMENTARIAS DE TRANSITO. (PARE, CEDA EL PASO, LUZ ROJA DEL SEMAFORO, ETC).",CHOQUE LATERAL,CAMIONETA,1,0,0,0,1,0,0,0,0,0,0,0,0,2,58,HOMBRE,ILESO,CONDUCTOR PRESENTE,NO,NO,0
21190,75486,75487,2019,1,0,-0.266102,-78.530807,PICHINCHA,QUITO,QUITO,URBANA,2019-11-12,17:10:00,17,MARTES,2,NOVIEMBRE,11,NO,CONDUCIR VEHICULO SUPERANDO LOS LIMITES MAXIMOS DE VELOCIDAD.,ATROPELLOS,NO IDENTIFICADO,0,0,0,0,0,0,0,0,0,1,0,0,0,1,72,HOMBRE,LESIONADO,PEATON,NO,NO,0
21191,75488,75489,2019,1,0,-0.328831,-78.560625,PICHINCHA,QUITO,QUITO,URBANA,2019-11-12,17:40:00,17,MARTES,2,NOVIEMBRE,11,NO,"CONDICIONES AMBIENTALES Y/O ATMOSFERICAS (NIEBLA, NEBLINA, GRANIZO, LLUVIA).",ATROPELLOS,AUTOMOVIL,1,0,0,0,0,0,0,0,0,0,0,0,0,1,7,HOMBRE,LESIONADO,PEATON,NO,NO,0
21192,75493,75494,2019,0,0,-0.240832,-78.511092,PICHINCHA,QUITO,QUITO,URBANA,2019-11-12,19:00:00,19,MARTES,2,NOVIEMBRE,11,NO,CONDUCIR VEHICULO SUPERANDO LOS LIMITES MAXIMOS DE VELOCIDAD.,OTROS,AUTOMOVIL,2,0,0,0,0,0,0,0,0,0,0,0,0,2,-1,NO IDENTIFICADO,NO IDENTIFICADO,CONDUCTOR AUSENTE,NO,NO,2
21193,75502,75503,2019,1,0,-0.291547,-78.527054,PICHINCHA,QUITO,QUITO,URBANA,2019-11-13,00:30:00,0,MIERCOLES,3,NOVIEMBRE,11,NO,"CONDICIONES AMBIENTALES Y/O ATMOSFERICAS (NIEBLA, NEBLINA, GRANIZO, LLUVIA).",ATROPELLOS,AUTOMOVIL,1,0,0,0,0,0,0,0,0,0,0,0,0,1,25,HOMBRE,LESIONADO,PEATON,NO,NO,0
21194,75516,75517,2019,1,0,-0.117777,-78.494648,PICHINCHA,QUITO,QUITO,URBANA,2019-11-13,12:30:00,12,MIERCOLES,3,NOVIEMBRE,11,NO,"NO RESPETAR LAS SENIALES REGLAMENTARIAS DE TRANSITO. (PARE, CEDA EL PASO, LUZ ROJA DEL SEMAFORO, ETC).",CHOQUE FRONTAL,AUTOMOVIL,2,0,0,0,0,0,0,0,0,0,0,0,0,2,13,MUJER,LESIONADO,PASAJERO,NO,NO,0
21195,75517,75518,2019,2,0,-0.163073,-78.462599,PICHINCHA,QUITO,QUITO,RURAL,2019-11-13,13:30:00,13,MIERCOLES,3,NOVIEMBRE,11,NO,"CONDICIONES AMBIENTALES Y/O ATMOSFERICAS (NIEBLA, NEBLINA, GRANIZO, LLUVIA).",CHOQUE LATERAL,AUTOMOVIL,2,0,0,0,0,0,0,0,0,0,0,0,0,2,27,MUJER,LESIONADO,PASAJERO,NO,NO,3
21196,75518,75519,2019,0,0,-0.243374,-78.522093,PICHINCHA,QUITO,QUITO,URBANA,2019-11-13,13:35:00,13,MIERCOLES,3,NOVIEMBRE,11,NO,CONDUCIR VEHICULO SUPERANDO LOS LIMITES MAXIMOS DE VELOCIDAD.,CHOQUE LATERAL,BICICLETA,0,1,0,0,0,0,0,0,0,1,0,0,0,2,39,HOMBRE,ILESO,CONDUCTOR PRESENTE,NO,NO,0
21197,75526,75527,2019,0,1,-0.250086,-78.503077,PICHINCHA,QUITO,QUITO,URBANA,2019-11-13,15:30:00,15,MIERCOLES,3,NOVIEMBRE,11,NO,"CONDUCIR DESATENTO A LAS CONDICIONES DE TRANSITO (CELULAR, PANTALLAS DE VIDEO, COMIDA, MAQUILLAJE O CUALQUIER OTRO ELEMENTO DISTRACTOR).",ATROPELLOS,NO IDENTIFICADO,0,0,0,0,0,0,0,0,0,1,0,0,0,1,83,MUJER,FALLECIDO,PEATON,NO,NO,0
21198,75528,75529,2019,0,0,-0.215928,-78.394843,PICHINCHA,QUITO,TUMBACO,RURAL,2019-11-13,16:15:00,16,MIERCOLES,3,NOVIEMBRE,11,NO,NO MANTENER LA DISTANCIA PRUDENCIAL CON RESPECTO AL VEHICULO QUE LE ANTECEDE.,COLISION,AUTOMOVIL,2,0,0,0,1,0,0,0,0,0,0,0,0,3,18,MUJER,ILESO,PASAJERO,NO,NO,3
21199,75536,75537,2019,1,0,-0.279531,-78.475724,PICHINCHA,QUITO,CONOCOTO,RURAL,2019-11-13,18:55:00,18,MIERCOLES,3,NOVIEMBRE,11,NO,"NO RESPETAR LAS SENIALES REGLAMENTARIAS DE TRANSITO. (PARE, CEDA EL PASO, LUZ ROJA DEL SEMAFORO, ETC).",CHOQUE LATERAL,MOTOCICLETA,0,0,0,0,0,0,0,0,1,1,0,0,0,2,54,HOMBRE,LESIONADO,CONDUCTOR PRESENTE,NO,NO,3
21200,75538,75539,2019,1,0,-0.210919,-78.403091,PICHINCHA,QUITO,TUMBACO,RURAL,2019-11-13,19:11:00,19,MIERCOLES,3,NOVIEMBRE,11,NO,BAJARSE O SUBIRSE DE VEHICULOS EN MOVIMIENTO SIN TOMAR LAS PRECAUCIONES DEBIDAS.,CAIDA DE PASAJERO,BUS,0,0,1,0,0,0,0,0,0,0,0,0,0,1,73,HOMBRE,LESIONADO,PASAJERO,NO,NO,3
21201,75551,75552,2019,1,0,-0.303012,-78.551249,PICHINCHA,QUITO,QUITO,URBANA,2019-11-14,02:15:00,2,JUEVES,4,NOVIEMBRE,11,NO,"CONDICIONES AMBIENTALES Y/O ATMOSFERICAS (NIEBLA, NEBLINA, GRANIZO, LLUVIA).",OTROS,MOTOCICLETA,0,0,0,0,0,0,0,0,1,0,0,0,0,1,22,HOMBRE,LESIONADO,PASAJERO,NO,NO,0
21202,75555,75556,2019,0,0,-0.131894,-78.470829,PICHINCHA,QUITO,QUITO,URBANA,2019-11-14,06:00:00,6,JUEVES,4,NOVIEMBRE,11,NO,"FALLA MECANICA EN LOS SISTEMAS Y/O NEUMATICOS (SISTEMA DE FRENOS, DIRECCION, ELECTRONICO O MECANICO).",ESTRELLAMIENTOS,AUTOMOVIL,1,0,0,0,0,0,0,0,0,0,0,0,0,1,22,MUJER,ILESO,PASAJERO,NO,NO,0
21203,75556,75557,2019,6,0,-0.226486,-78.339567,PICHINCHA,QUITO,PIFO,RURAL,2019-11-14,06:15:00,6,JUEVES,4,NOVIEMBRE,11,NO,NO MANTENER LA DISTANCIA PRUDENCIAL CON RESPECTO AL VEHICULO QUE LE ANTECEDE.,CHOQUE POSTERIOR,FURGONETA,0,0,0,1,0,0,0,1,0,0,0,0,0,2,42,HOMBRE,LESIONADO,PASAJERO,NO,NO,3
21204,75561,75562,2019,2,0,-0.214643,-78.516701,PICHINCHA,QUITO,QUITO,URBANA,2019-11-14,09:08:00,9,JUEVES,4,NOVIEMBRE,11,NO,REALIZAR CAMBIO BRUSCO O INDEBIDO DE CARRIL.,CHOQUE LATERAL,BUS,1,0,1,0,0,0,0,0,0,0,0,0,0,2,27,MUJER,LESIONADO,PASAJERO,NO,NO,0
21205,75564,75565,2019,1,0,-0.246162,-78.507002,PICHINCHA,QUITO,QUITO,URBANA,2019-11-14,10:00:00,10,JUEVES,4,NOVIEMBRE,11,NO,NO TRANSITAR POR LAS ACERAS O ZONAS DE SEGURIDAD DESTINADAS PARA EL EFECTO.,ARROLLAMIENTOS,NO IDENTIFICADO,0,0,0,0,0,0,0,0,0,1,0,0,0,1,45,HOMBRE,LESIONADO,PEATON,NO,NO,0
21206,75567,75568,2019,0,0,-0.100259,-78.433952,PICHINCHA,QUITO,CALDERON (CARAPUNGO),RURAL,2019-11-14,11:10:00,11,JUEVES,4,NOVIEMBRE,11,NO,NO GUARDAR LA DISTANCIA LATERAL MINIMA DE SEGURIDAD ENTRE VEHICULOS.,CHOQUE LATERAL,AUTOMOVIL,2,0,0,0,0,0,0,0,0,0,0,0,0,2,57,HOMBRE,ILESO,CONDUCTOR PRESENTE,NO,NO,3
21207,75569,75570,2019,0,0,-0.144204,-78.500066,PICHINCHA,QUITO,QUITO,URBANA,2019-11-14,13:15:00,13,JUEVES,4,NOVIEMBRE,11,NO,CONDUCIR VEHICULO SUPERANDO LOS LIMITES MAXIMOS DE VELOCIDAD.,COLISION,CAMIONETA,3,0,0,0,1,0,0,0,0,0,0,0,0,4,42,HOMBRE,ILESO,CONDUCTOR PRESENTE,NO,NO,0
21208,75573,75574,2019,0,1,-0.299015,-78.531528,PICHINCHA,QUITO,QUITO,URBANA,2019-11-14,13:33:00,13,JUEVES,4,NOVIEMBRE,11,NO,PEATON QUE CRUZA LA CALZADA SIN RESPETAR LA SENIALIZACION EXISTENTE (SEMAFOROS O SENIALES MANUALES).,ATROPELLOS,CAMION,0,0,0,1,0,0,0,0,0,0,0,0,0,1,89,HOMBRE,FALLECIDO,PEATON,NO,NO,0
21209,75581,75582,2019,0,0,-0.292724,-78.476486,PICHINCHA,QUITO,CONOCOTO,RURAL,2019-11-14,17:45:00,17,JUEVES,4,NOVIEMBRE,11,NO,"NO RESPETAR LAS SENIALES REGLAMENTARIAS DE TRANSITO. (PARE, CEDA EL PASO, LUZ ROJA DEL SEMAFORO, ETC).",ESTRELLAMIENTOS,AUTOMOVIL,1,0,0,0,0,0,0,0,0,0,0,0,0,1,-1,NO IDENTIFICADO,NO IDENTIFICADO,CONDUCTOR AUSENTE,NO,NO,2
21210,75583,75584,2019,0,0,-0.184414,-78.487161,PICHINCHA,QUITO,QUITO,URBANA,2019-11-14,17:50:00,17,JUEVES,4,NOVIEMBRE,11,NO,NO GUARDAR LA DISTANCIA LATERAL MINIMA DE SEGURIDAD ENTRE VEHICULOS.,CHOQUE LATERAL,AUTOMOVIL,2,0,0,0,0,0,0,0,0,0,0,0,0,2,25,MUJER,ILESO,PASAJERO,NO,NO,0
21211,75589,75590,2019,0,0,-0.277334,-78.546535,PICHINCHA,QUITO,QUITO,URBANA,2019-11-14,21:00:00,21,JUEVES,4,NOVIEMBRE,11,NO,"CONDUCE BAJO LA INFLUENCIA DE ALCOHOL, SUSTANCIAS ESTUPEFACIENTES O PSICOTROPICAS Y/O MEDICAMENTOS.",CHOQUE LATERAL,AUTOMOVIL,2,0,0,0,0,0,0,0,0,0,0,0,0,2,33,HOMBRE,ILESO,CONDUCTOR PRESENTE,NO,NO,0
21212,75590,75591,2019,0,0,-0.177282,-78.359537,PICHINCHA,QUITO,PUEMBO,RURAL,2019-11-14,22:00:00,22,JUEVES,4,NOVIEMBRE,11,NO,"CONDUCIR EN ESTADO DE SOMNOLENCIA O MALAS CONDICIONES FISICAS (SUENIO, CANSANCIO Y FATIGA).",COLISION,AUTOMOVIL,2,0,0,0,1,0,0,0,0,0,0,0,0,3,48,HOMBRE,ILESO,CONDUCTOR PRESENTE,NO,NO,3
21213,75592,75593,2019,0,0,-0.186388,-78.495486,PICHINCHA,QUITO,QUITO,URBANA,2019-11-14,22:30:00,22,JUEVES,4,NOVIEMBRE,11,NO,"CONDUCE BAJO LA INFLUENCIA DE ALCOHOL, SUSTANCIAS ESTUPEFACIENTES O PSICOTROPICAS Y/O MEDICAMENTOS.",CHOQUE POSTERIOR,AUTOMOVIL,2,0,0,0,0,0,0,0,0,0,0,0,0,2,40,HOMBRE,ILESO,CONDUCTOR PRESENTE,NO,NO,0
21214,75598,75599,2019,0,0,-0.149678,-78.490334,PICHINCHA,QUITO,QUITO,URBANA,2019-11-14,23:50:00,23,JUEVES,4,NOVIEMBRE,11,NO,"CONDUCE BAJO LA INFLUENCIA DE ALCOHOL, SUSTANCIAS ESTUPEFACIENTES O PSICOTROPICAS Y/O MEDICAMENTOS.",CHOQUE POSTERIOR,AUTOMOVIL,2,0,0,0,0,0,0,0,0,0,0,0,0,2,28,HOMBRE,ILESO,CONDUCTOR PRESENTE,NO,NO,0
21215,75604,75605,2019,0,0,-0.167134,-78.484099,PICHINCHA,QUITO,QUITO,URBANA,2019-11-15,01:40:00,1,VIERNES,5,NOVIEMBRE,11,NO,DANIOS MECANICOS PREVISIBLES.,ESTRELLAMIENTOS,AUTOMOVIL,1,0,0,0,0,0,0,0,0,0,0,0,0,1,-1,NO IDENTIFICADO,NO IDENTIFICADO,CONDUCTOR AUSENTE,NO,NO,2
21216,75610,75611,2019,0,1,-0.099424,-78.407109,PICHINCHA,QUITO,CALDERON (CARAPUNGO),RURAL,2019-11-15,03:20:00,3,VIERNES,5,NOVIEMBRE,11,NO,"CONDUCIR DESATENTO A LAS CONDICIONES DE TRANSITO (CELULAR, PANTALLAS DE VIDEO, COMIDA, MAQUILLAJE O CUALQUIER OTRO ELEMENTO DISTRACTOR).",PERDIDA DE CARRIL,MOTOCICLETA,0,0,0,0,0,0,0,0,1,0,0,0,0,1,1,HOMBRE,FALLECIDO,PASAJERO,NO,SI,3
21217,75611,75612,2019,1,0,-0.197511,-78.500475,PICHINCHA,QUITO,QUITO,URBANA,2019-11-15,04:00:00,4,VIERNES,5,NOVIEMBRE,11,NO,NO GUARDAR LA DISTANCIA LATERAL MINIMA DE SEGURIDAD ENTRE VEHICULOS.,CHOQUE LATERAL,MOTOCICLETA,1,0,0,0,0,0,0,0,1,0,0,0,0,2,39,HOMBRE,LESIONADO,CONDUCTOR PRESENTE,NO,NO,0
21218,75628,75629,2019,1,0,-0.212522,-78.502125,PICHINCHA,QUITO,QUITO,URBANA,2019-11-15,08:48:00,8,VIERNES,5,NOVIEMBRE,11,NO,PEATON QUE CRUZA LA CALZADA SIN RESPETAR LA SENIALIZACION EXISTENTE (SEMAFOROS O SENIALES MANUALES).,ATROPELLOS,BUS,0,0,1,0,0,0,0,0,0,0,0,0,0,1,23,MUJER,LESIONADO,CONDUCTOR PRESENTE,NO,NO,0
21219,75633,75634,2019,0,1,-0.434167,-78.780001,PICHINCHA,MEJIA,MANUEL CORNEJO ASTORGA,RURAL,2019-11-15,11:35:00,11,VIERNES,5,NOVIEMBRE,11,NO,"CASO FORTUITO O FUERZA MAYOR (EXPLOSION DE NEUMATICO NUEVO, DERRUMBE, INUNDACION, CAIDA DE PUENTE, ARBOL, PRESENCIA INTEMPESTIVA E IMPREVISTA DE SEMOVIENTES EN LA VIA, ETC.).",OTROS,CAMION,0,0,0,2,0,0,0,0,0,0,0,0,0,2,-1,HOMBRE,FALLECIDO,CONDUCTOR PRESENTE,NO,NO,3
21220,75634,75635,2019,1,0,-0.105384,-78.497732,PICHINCHA,QUITO,QUITO,URBANA,2019-11-15,11:35:00,11,VIERNES,5,NOVIEMBRE,11,NO,NO MANTENER LA DISTANCIA PRUDENCIAL CON RESPECTO AL VEHICULO QUE LE ANTECEDE.,OTROS,MOTOCICLETA,0,0,0,0,1,0,0,0,1,0,0,0,0,2,28,HOMBRE,LESIONADO,CONDUCTOR PRESENTE,NO,NO,0
21221,75639,75640,2019,1,0,-0.031829,-78.552791,PICHINCHA,QUITO,NONO,URBANA,2019-11-15,13:07:00,13,VIERNES,5,NOVIEMBRE,11,NO,PEATON QUE CRUZA LA CALZADA SIN RESPETAR LA SENIALIZACION EXISTENTE (SEMAFOROS O SENIALES MANUALES).,ATROPELLOS,AUTOMOVIL,1,0,0,0,0,0,0,0,0,0,0,0,0,1,38,MUJER,LESIONADO,PEATON,NO,NO,0
21222,75646,75647,2019,0,0,-0.209731,-78.366854,PICHINCHA,QUITO,PUEMBO,RURAL,2019-11-15,15:30:00,15,VIERNES,5,NOVIEMBRE,11,NO,NO GUARDAR LA DISTANCIA LATERAL MINIMA DE SEGURIDAD ENTRE VEHICULOS.,CHOQUE LATERAL,AUTOMOVIL,2,0,0,0,0,0,0,0,0,0,0,0,0,2,22,HOMBRE,ILESO,CONDUCTOR PRESENTE,NO,NO,3
21223,75649,75650,2019,0,0,-0.207161,-78.490857,PICHINCHA,QUITO,QUITO,URBANA,2019-11-15,16:35:00,16,VIERNES,5,NOVIEMBRE,11,NO,"NO RESPETAR LAS SENIALES REGLAMENTARIAS DE TRANSITO. (PARE, CEDA EL PASO, LUZ ROJA DEL SEMAFORO, ETC).",CHOQUE LATERAL,AUTOMOVIL,2,0,0,0,0,0,0,0,0,0,0,0,0,2,52,HOMBRE,ILESO,CONDUCTOR PRESENTE,NO,NO,0
21224,75656,75657,2019,1,0,-0.256525,-78.551552,PICHINCHA,QUITO,QUITO,URBANA,2019-11-15,18:12:00,18,VIERNES,5,NOVIEMBRE,11,NO,NO TRANSITAR POR LAS ACERAS O ZONAS DE SEGURIDAD DESTINADAS PARA EL EFECTO.,ATROPELLOS,NO IDENTIFICADO,0,0,0,0,0,0,0,0,0,1,0,0,0,1,17,MUJER,LESIONADO,PEATON,NO,NO,0