,Unnamed: 0,ID,ANIO,LESIONADOS,FALLECIDOS,LATITUD_Y,LONGITUD_X,PROVINCIA,CANTON,PARROQUIA,ZONA,FECHA,HORA,PERIODO_2,DIA_1,DIA_2,MES_1,MES_2,FERIADO,CAUSA_PROBABLE,TIPO_DE_SINIESTRO,TIPO_DE_VEHICULO_1,AUTOMOVIL,BICICLETA,BUS,CAMION,CAMIONETA,EMERGENCIAS,ESPECIAL,FURGONETA,MOTOCICLETA,NO_IDENTIFICADO,SCOOTER_ELECTRICO,TRICIMOTO,VEHICULO_DEPORTIVO_UTILITARIO,SUMA_DE_VEHICULOS,EDAD_1,SEXO_1,CONDICION_1,PARTICIPANTE_1,CASCO_1,CINTURON_1,KMeans_Cluster
21281,75941,75942,2019,1,0,-0.086627,-78.423388,PICHINCHA,QUITO,CALDERON (CARAPUNGO),RURAL,2019-11-18,16:00:00,16,LUNES,1,NOVIEMBRE,11,NO,"CONDUCE BAJO LA INFLUENCIA DE ALCOHOL, SUSTANCIAS ESTUPEFACIENTES O PSICOTROPICAS Y/O MEDICAMENTOS.",CHOQUE LATERAL,CAMIONETA,0,0,0,0,1,0,0,0,1,0,0,0,0,2,21,HOMBRE,LESIONADO,CONDUCTOR PRESENTE,NO,NO,3
21282,75942,75943,2019,0,0,-0.252209,-78.541453,PICHINCHA,QUITO,QUITO,URBANA,2019-11-18,16:05:00,16,LUNES,1,NOVIEMBRE,11,NO,"CONDICIONES AMBIENTALES Y/O ATMOSFERICAS (NIEBLA, NEBLINA, GRANIZO, LLUVIA).",ESTRELLAMIENTOS,FURGONETA,0,0,0,0,0,0,0,1,0,0,0,0,0,1,-1,NO IDENTIFICADO,NO IDENTIFICADO,CONDUCTOR AUSENTE,NO,NO,2
21283,75951,75952,2019,1,0,-0.058111,-78.344101,PICHINCHA,QUITO,GUAYLLABAMBA,RURAL,2019-11-18,18:45:00,18,LUNES,1,NOVIEMBRE,11,NO,NO GUARDAR LA DISTANCIA LATERAL MINIMA DE SEGURIDAD ENTRE VEHICULOS.,CHOQUE LATERAL,MOTOCICLETA,1,0,0,0,0,0,0,0,1,0,0,0,0,2,24,HOMBRE,LESIONADO,CONDUCTOR PRESENTE,NO,NO,3
21284,75954,75955,2019,1,0,-0.241611,-78.519942,PICHINCHA,QUITO,QUITO,URBANA,2019-11-18,19:45:00,19,LUNES,1,NOVIEMBRE,11,NO,NO CEDER EL DERECHO DE VIA O PREFERENCIA DE PASO AL PEATON.,ATROPELLOS,NO IDENTIFICADO,0,0,0,0,0,0,0,0,0,1,0,0,0,1,24,HOMBRE,LESIONADO,PEATON,NO,NO,0
21285,75965,75966,2019,0,0,-0.275824,-78.501786,PICHINCHA,QUITO,CONOCOTO,RURAL,2019-11-19,04:08:00,4,MARTES,2,NOVIEMBRE,11,NO,"CONDICIONES AMBIENTALES Y/O ATMOSFERICAS (NIEBLA, NEBLINA, GRANIZO, LLUVIA).",ESTRELLAMIENTOS,AUTOMOVIL,1,0,0,0,0,0,0,0,0,0,0,0,0,1,38,HOMBRE,ILESO,CONDUCTOR PRESENTE,NO,NO,3
21286,75967,75968,2019,0,0,-0.307057,-78.551774,PICHINCHA,QUITO,QUITO,URBANA,2019-11-19,05:50:00,5,MARTES,2,NOVIEMBRE,11,NO,NO CEDER EL DERECHO DE VIA O PREFERENCIA DE PASO A VEHICULOS.,CHOQUE LATERAL,AUTOMOVIL,1,0,0,0,1,0,0,0,0,0,0,0,0,2,47,HOMBRE,ILESO,CONDUCTOR PRESENTE,NO,NO,0
21287,75974,75975,2019,1,0,-0.107057,-78.479784,PICHINCHA,QUITO,QUITO,URBANA,2019-11-19,08:15:00,8,MARTES,2,NOVIEMBRE,11,NO,NO TRANSITAR POR LAS ACERAS O ZONAS DE SEGURIDAD DESTINADAS PARA EL EFECTO.,ATROPELLOS,AUTOMOVIL,1,0,0,0,0,0,0,0,0,0,0,0,0,1,18,HOMBRE,LESIONADO,PEATON,NO,NO,0
21288,75977,75978,2019,0,0,-0.087893,-78.425652,PICHINCHA,QUITO,CALDERON (CARAPUNGO),RURAL,2019-11-19,09:30:00,9,MARTES,2,NOVIEMBRE,11,NO,NO MANTENER LA DISTANCIA PRUDENCIAL CON RESPECTO AL VEHICULO QUE LE ANTECEDE.,CHOQUE POSTERIOR,AUTOMOVIL,2,0,0,0,0,0,0,0,0,0,0,0,0,2,19,HOMBRE,ILESO,CONDUCTOR PRESENTE,NO,NO,3
21289,76006,76007,2019,1,0,-0.141439,-78.482942,PICHINCHA,QUITO,QUITO,URBANA,2019-11-19,19:50:00,19,MARTES,2,NOVIEMBRE,11,NO,"CONDICIONES AMBIENTALES Y/O ATMOSFERICAS (NIEBLA, NEBLINA, GRANIZO, LLUVIA).",CHOQUE LATERAL,MOTOCICLETA,0,0,0,0,1,0,0,0,1,0,0,0,0,2,37,HOMBRE,LESIONADO,CONDUCTOR PRESENTE,NO,NO,0
21290,76008,76009,2019,1,0,-0.295452,-78.555062,PICHINCHA,QUITO,QUITO,URBANA,2019-11-19,20:55:00,20,MARTES,2,NOVIEMBRE,11,NO,"NO RESPETAR LAS SENIALES REGLAMENTARIAS DE TRANSITO. (PARE, CEDA EL PASO, LUZ ROJA DEL SEMAFORO, ETC).",ATROPELLOS,BUS,0,0,1,0,0,0,0,0,0,0,0,0,0,1,87,MUJER,LESIONADO,PEATON,NO,NO,0
21291,76011,76012,2019,15,0,-0.109351,-78.458267,PICHINCHA,QUITO,CALDERON (CARAPUNGO),RURAL,2019-11-19,22:00:00,22,MARTES,2,NOVIEMBRE,11,NO,CONDUCIR VEHICULO SUPERANDO LOS LIMITES MAXIMOS DE VELOCIDAD.,COLISION,AUTOMOVIL,1,0,1,0,0,0,0,1,0,0,0,0,0,3,21,HOMBRE,LESIONADO,PASAJERO,NO,NO,3
21292,76012,76013,2019,0,1,-0.404343,-78.540331,PICHINCHA,MEJIA,TAMBILLO (MEJIA),RURAL,2019-11-20,01:10:00,1,MIERCOLES,3,NOVIEMBRE,11,NO,"CONDUCIR DESATENTO A LAS CONDICIONES DE TRANSITO (CELULAR, PANTALLAS DE VIDEO, COMIDA, MAQUILLAJE O CUALQUIER OTRO ELEMENTO DISTRACTOR).",ATROPELLOS,NO IDENTIFICADO,0,0,0,0,0,0,0,0,0,1,0,0,0,1,-1,HOMBRE,FALLECIDO,PEATON,NO,SI,3
21293,76013,76014,2019,0,0,-0.249018,-78.536667,PICHINCHA,QUITO,QUITO,URBANA,2019-11-20,03:55:00,3,MIERCOLES,3,NOVIEMBRE,11,NO,CONDUCIR VEHICULO SUPERANDO LOS LIMITES MAXIMOS DE VELOCIDAD.,OTROS,AUTOMOVIL,1,0,0,0,0,0,0,0,0,0,0,0,0,1,-1,NO IDENTIFICADO,NO IDENTIFICADO,CONDUCTOR AUSENTE,NO,NO,2
21294,76018,76019,2019,0,0,-0.102218,-78.491328,PICHINCHA,QUITO,QUITO,URBANA,2019-11-20,07:30:00,7,MIERCOLES,3,NOVIEMBRE,11,NO,NO MANTENER LA DISTANCIA PRUDENCIAL CON RESPECTO AL VEHICULO QUE LE ANTECEDE.,CHOQUE POSTERIOR,AUTOMOVIL,2,0,0,0,0,0,0,0,0,0,0,0,0,2,37,HOMBRE,ILESO,CONDUCTOR PRESENTE,NO,NO,0
21295,76019,76020,2019,1,0,-0.156524,-78.491271,PICHINCHA,QUITO,QUITO,URBANA,2019-11-20,07:50:00,7,MIERCOLES,3,NOVIEMBRE,11,NO,"ADELANTAR O REBASAR A OTRO VEHICULO EN MOVIMIENTO EN ZONAS O SITIOS PELIGROSOS TALES COMO: CURVAS, PUENTES, TUNELES, PENDIENTES, ETC.",CHOQUE LATERAL,MOTOCICLETA,1,0,0,0,0,0,0,0,1,0,0,0,0,2,5,MUJER,LESIONADO,PASAJERO,NO,NO,0
21296,76022,76023,2019,0,0,-0.140439,-78.477904,PICHINCHA,QUITO,QUITO,URBANA,2019-11-20,10:25:00,10,MIERCOLES,3,NOVIEMBRE,11,NO,REALIZAR CAMBIO BRUSCO O INDEBIDO DE CARRIL.,CHOQUE LATERAL,AUTOMOVIL,2,0,0,0,0,0,0,0,0,0,0,0,0,2,-1,HOMBRE,ILESO,CONDUCTOR PRESENTE,NO,NO,0
21297,76023,76024,2019,1,0,-0.276719,-78.522088,PICHINCHA,QUITO,QUITO,URBANA,2019-11-20,11:15:00,11,MIERCOLES,3,NOVIEMBRE,11,NO,CONDUCIR EN SENTIDO CONTRARIO A LA VIA NORMAL DE CIRCULACION.,CHOQUE FRONTAL,AUTOMOVIL,1,0,0,0,0,0,0,0,1,0,0,0,0,2,21,HOMBRE,LESIONADO,CONDUCTOR PRESENTE,NO,NO,0
21298,76026,76027,2019,0,1,0.044679,-78.147411,PICHINCHA,CAYAMBE,CAYAMBE,RURAL,2019-11-20,12:40:00,12,MIERCOLES,3,NOVIEMBRE,11,NO,"CONDUCIR DESATENTO A LAS CONDICIONES DE TRANSITO (CELULAR, PANTALLAS DE VIDEO, COMIDA, MAQUILLAJE O CUALQUIER OTRO ELEMENTO DISTRACTOR).",CHOQUE FRONTAL,MOTOCICLETA,0,0,0,0,0,0,0,0,1,1,0,0,0,2,62,HOMBRE,FALLECIDO,CONDUCTOR PRESENTE,NO,SI,3
21299,76030,76031,2019,0,0,-0.213597,-78.506287,PICHINCHA,QUITO,QUITO,URBANA,2019-11-20,14:00:00,14,MIERCOLES,3,NOVIEMBRE,11,NO,"NO RESPETAR LAS SENIALES REGLAMENTARIAS DE TRANSITO. (PARE, CEDA EL PASO, LUZ ROJA DEL SEMAFORO, ETC).",CHOQUE LATERAL,AUTOMOVIL,2,0,0,0,0,0,0,0,0,0,0,0,0,2,31,HOMBRE,ILESO,CONDUCTOR PRESENTE,NO,NO,0
21300,76042,76043,2019,2,0,0.106949,-78.430756,PICHINCHA,QUITO,PUELLARO,URBANA,2019-11-20,17:00:00,17,MIERCOLES,3,NOVIEMBRE,11,NO,"CONDUCIR DESATENTO A LAS CONDICIONES DE TRANSITO (CELULAR, PANTALLAS DE VIDEO, COMIDA, MAQUILLAJE O CUALQUIER OTRO ELEMENTO DISTRACTOR).",PERDIDA DE CARRIL,CAMION,0,0,0,1,0,0,0,0,0,0,0,0,0,1,80,MUJER,LESIONADO,PASAJERO,NO,SI,0
21301,76044,76045,2019,1,0,-0.211653,-78.513739,PICHINCHA,QUITO,QUITO,URBANA,2019-11-20,17:20:00,17,MIERCOLES,3,NOVIEMBRE,11,NO,CONDUCIR VEHICULO SUPERANDO LOS LIMITES MAXIMOS DE VELOCIDAD.,ESTRELLAMIENTOS,AUTOMOVIL,1,0,0,0,0,0,0,0,0,0,0,0,0,1,42,MUJER,LESIONADO,PASAJERO,NO,NO,0
21302,76047,76048,2019,0,0,-0.244435,-78.482091,PICHINCHA,QUITO,QUITO,URBANA,2019-11-20,18:45:00,18,MIERCOLES,3,NOVIEMBRE,11,NO,NO MANTENER LA DISTANCIA PRUDENCIAL CON RESPECTO AL VEHICULO QUE LE ANTECEDE.,CHOQUE POSTERIOR,AUTOMOVIL,1,0,0,0,1,0,0,0,0,0,0,0,0,2,38,HOMBRE,ILESO,CONDUCTOR PRESENTE,NO,NO,0
21303,76061,76062,2019,0,0,-0.108255,-78.461339,PICHINCHA,QUITO,CALDERON (CARAPUNGO),RURAL,2019-11-21,04:07:00,4,JUEVES,4,NOVIEMBRE,11,NO,NO MANTENER LA DISTANCIA PRUDENCIAL CON RESPECTO AL VEHICULO QUE LE ANTECEDE.,CHOQUE POSTERIOR,AUTOMOVIL,2,0,0,0,0,0,0,0,0,0,0,0,0,2,38,HOMBRE,ILESO,CONDUCTOR PRESENTE,NO,NO,3
21304,76062,76063,2019,0,0,-0.099083,-78.421844,PICHINCHA,QUITO,CALDERON (CARAPUNGO),RURAL,2019-11-21,05:30:00,5,JUEVES,4,NOVIEMBRE,11,NO,"NO RESPETAR LAS SENIALES REGLAMENTARIAS DE TRANSITO. (PARE, CEDA EL PASO, LUZ ROJA DEL SEMAFORO, ETC).",CHOQUE FRONTAL,BUS,1,0,1,0,0,0,0,0,0,0,0,0,0,2,42,HOMBRE,ILESO,CONDUCTOR PRESENTE,NO,NO,3
21305,76063,76064,2019,0,1,-0.264361,-78.549885,PICHINCHA,QUITO,QUITO,URBANA,2019-11-21,06:00:00,6,JUEVES,4,NOVIEMBRE,11,NO,"CONDICIONES AMBIENTALES Y/O ATMOSFERICAS (NIEBLA, NEBLINA, GRANIZO, LLUVIA).",ATROPELLOS,BUS,0,0,1,0,0,0,0,0,0,0,0,0,0,1,57,HOMBRE,FALLECIDO,PEATON,NO,NO,0
21306,76069,76070,2019,0,1,-0.171758,-78.453112,PICHINCHA,QUITO,QUITO,RURAL,2019-11-21,07:27:00,7,JUEVES,4,NOVIEMBRE,11,NO,PEATON QUE CRUZA LA CALZADA SIN RESPETAR LA SENIALIZACION EXISTENTE (SEMAFOROS O SENIALES MANUALES).,ATROPELLOS,AUTOMOVIL,1,0,0,0,0,0,0,0,0,0,0,0,0,1,50,HOMBRE,FALLECIDO,PEATON,NO,NO,3
21307,76070,76071,2019,0,0,-0.144655,-78.500992,PICHINCHA,QUITO,QUITO,URBANA,2019-11-21,08:09:00,8,JUEVES,4,NOVIEMBRE,11,NO,"CONDUCIR DESATENTO A LAS CONDICIONES DE TRANSITO (CELULAR, PANTALLAS DE VIDEO, COMIDA, MAQUILLAJE O CUALQUIER OTRO ELEMENTO DISTRACTOR).",CHOQUE LATERAL,AUTOMOVIL,2,0,0,0,0,0,0,0,0,0,0,0,0,2,32,MUJER,ILESO,CONDUCTOR PRESENTE,NO,NO,0
21308,76074,76075,2019,1,0,-0.133668,-78.501945,PICHINCHA,QUITO,QUITO,URBANA,2019-11-21,08:40:00,8,JUEVES,4,NOVIEMBRE,11,NO,REALIZAR CAMBIO BRUSCO O INDEBIDO DE CARRIL.,CHOQUE POSTERIOR,AUTOMOVIL,1,0,0,0,0,0,0,0,1,0,0,0,0,2,24,HOMBRE,LESIONADO,CONDUCTOR PRESENTE,NO,NO,0
21309,76085,76086,2019,2,0,-0.208786,-78.495556,PICHINCHA,QUITO,QUITO,URBANA,2019-11-21,11:40:00,11,JUEVES,4,NOVIEMBRE,11,NO,NO TRANSITAR POR LAS ACERAS O ZONAS DE SEGURIDAD DESTINADAS PARA EL EFECTO.,ATROPELLOS,BUS,0,0,1,0,0,0,0,0,0,0,0,0,0,1,13,HOMBRE,LESIONADO,PEATON,NO,NO,0
21310,76087,76088,2019,0,0,-0.179861,-78.494297,PICHINCHA,QUITO,QUITO,URBANA,2019-11-21,12:15:00,12,JUEVES,4,NOVIEMBRE,11,NO,"NO RESPETAR LAS SENIALES REGLAMENTARIAS DE TRANSITO. (PARE, CEDA EL PASO, LUZ ROJA DEL SEMAFORO, ETC).",ESTRELLAMIENTOS,AUTOMOVIL,1,0,0,1,0,0,0,0,0,0,0,0,0,2,28,HOMBRE,ILESO,CONDUCTOR PRESENTE,NO,NO,0
21311,76089,76090,2019,0,0,-0.291177,-78.545891,PICHINCHA,QUITO,QUITO,URBANA,2019-11-21,12:20:00,12,JUEVES,4,NOVIEMBRE,11,NO,CONDUCIR VEHICULO SUPERANDO LOS LIMITES MAXIMOS DE VELOCIDAD.,CHOQUE LATERAL,AUTOMOVIL,2,0,0,0,0,0,0,0,0,0,0,0,0,2,57,HOMBRE,ILESO,CONDUCTOR PRESENTE,NO,NO,0
21312,76101,76102,2019,0,0,-0.177728,-78.359537,PICHINCHA,QUITO,PUEMBO,RURAL,2019-11-21,18:30:00,18,JUEVES,4,NOVIEMBRE,11,NO,NO MANTENER LA DISTANCIA PRUDENCIAL CON RESPECTO AL VEHICULO QUE LE ANTECEDE.,CHOQUE POSTERIOR,AUTOMOVIL,2,0,0,0,0,0,0,0,0,0,0,0,0,2,36,MUJER,ILESO,PASAJERO,NO,NO,3
21313,76103,76104,2019,0,1,-0.295033,-78.534923,PICHINCHA,QUITO,QUITO,URBANA,2019-11-21,19:20:00,19,JUEVES,4,NOVIEMBRE,11,NO,PEATON QUE CRUZA LA CALZADA SIN RESPETAR LA SENIALIZACION EXISTENTE (SEMAFOROS O SENIALES MANUALES).,ARROLLAMIENTOS,NO IDENTIFICADO,0,0,0,0,0,0,0,0,0,1,0,0,0,1,45,HOMBRE,FALLECIDO,PEATON,NO,NO,0
21314,76107,76108,2019,0,0,-0.097059,-78.441603,PICHINCHA,QUITO,CALDERON (CARAPUNGO),RURAL,2019-11-21,19:30:00,19,JUEVES,4,NOVIEMBRE,11,NO,CONDUCIR VEHICULO SUPERANDO LOS LIMITES MAXIMOS DE VELOCIDAD.,COLISION,AUTOMOVIL,2,0,0,0,0,0,0,0,1,0,0,0,0,3,24,HOMBRE,ILESO,CONDUCTOR PRESENTE,NO,NO,3
21315,76115,76116,2019,0,0,-0.195771,-78.484198,PICHINCHA,QUITO,QUITO,URBANA,2019-11-21,22:25:00,22,JUEVES,4,NOVIEMBRE,11,NO,NO GUARDAR LA DISTANCIA LATERAL MINIMA DE SEGURIDAD ENTRE VEHICULOS.,CHOQUE LATERAL,AUTOMOVIL,2,0,0,0,0,0,0,0,0,0,0,0,0,2,42,HOMBRE,ILESO,CONDUCTOR PRESENTE,NO,NO,0
21316,76120,76121,2019,0,1,-0.346244,-78.454756,PICHINCHA,RUMINIAHUI,SANGOLQUI,URBANA,2019-11-21,23:35:00,23,JUEVES,4,NOVIEMBRE,11,NO,"NO RESPETAR LAS SENIALES REGLAMENTARIAS DE TRANSITO. (PARE, CEDA EL PASO, LUZ ROJA DEL SEMAFORO, ETC).",ESTRELLAMIENTOS,MOTOCICLETA,0,0,0,1,0,0,0,0,1,0,0,0,0,2,25,HOMBRE,FALLECIDO,CONDUCTOR PRESENTE,NO,SI,0
21317,76127,76128,2019,0,0,-0.198668,-78.484338,PICHINCHA,QUITO,QUITO,URBANA,2019-11-22,02:05:00,2,VIERNES,5,NOVIEMBRE,11,NO,CONDUCIR VEHICULO SUPERANDO LOS LIMITES MAXIMOS DE VELOCIDAD.,ESTRELLAMIENTOS,CAMIONETA,0,0,0,0,1,0,0,0,0,0,0,0,0,1,-1,NO IDENTIFICADO,NO IDENTIFICADO,CONDUCTOR AUSENTE,NO,NO,2
21318,76132,76133,2019,1,0,-0.246961,-78.513456,PICHINCHA,QUITO,QUITO,URBANA,2019-11-22,07:20:00,7,VIERNES,5,NOVIEMBRE,11,NO,NO TRANSITAR POR LAS ACERAS O ZONAS DE SEGURIDAD DESTINADAS PARA EL EFECTO.,ATROPELLOS,CAMIONETA,0,0,0,0,1,0,0,0,0,0,0,0,0,1,89,MUJER,LESIONADO,PEATON,NO,NO,0
21319,76133,76134,2019,1,0,-0.197782,-78.500102,PICHINCHA,QUITO,QUITO,URBANA,2019-11-22,07:50:00,7,VIERNES,5,NOVIEMBRE,11,NO,NO TRANSITAR POR LAS ACERAS O ZONAS DE SEGURIDAD DESTINADAS PARA EL EFECTO.,ATROPELLOS,AUTOMOVIL,1,0,0,0,0,0,0,0,0,0,0,0,0,1,21,MUJER,LESIONADO,PEATON,NO,NO,0
21320,76138,76139,2019,1,0,-0.237326,-78.529536,PICHINCHA,QUITO,QUITO,URBANA,2019-11-22,09:50:00,9,VIERNES,5,NOVIEMBRE,11,NO,CONDUCIR VEHICULO SUPERANDO LOS LIMITES MAXIMOS DE VELOCIDAD.,CAIDA DE PASAJERO,NO IDENTIFICADO,0,0,0,0,0,0,0,0,0,1,0,0,0,1,31,MUJER,LESIONADO,PASAJERO,NO,NO,0
21321,76139,76140,2019,2,0,-0.267229,-78.527199,PICHINCHA,QUITO,QUITO,URBANA,2019-11-22,10:00:00,10,VIERNES,5,NOVIEMBRE,11,NO,PEATON QUE CRUZA LA CALZADA SIN RESPETAR LA SENIALIZACION EXISTENTE (SEMAFOROS O SENIALES MANUALES).,ATROPELLOS,BUS,0,0,1,0,0,0,0,0,0,0,0,0,0,1,17,MUJER,LESIONADO,PEATON,NO,NO,0
21322,76140,76141,2019,1,0,-0.112189,-78.504802,PICHINCHA,QUITO,QUITO,URBANA,2019-11-22,10:30:00,10,VIERNES,5,NOVIEMBRE,11,NO,NO MANTENER LA DISTANCIA PRUDENCIAL CON RESPECTO AL VEHICULO QUE LE ANTECEDE.,CHOQUE POSTERIOR,CAMION,1,0,0,1,0,0,0,0,0,0,0,0,0,2,82,MUJER,LESIONADO,PASAJERO,NO,NO,0
21323,76145,76146,2019,0,0,-0.185856,-78.477867,PICHINCHA,QUITO,QUITO,URBANA,2019-11-22,12:15:00,12,VIERNES,5,NOVIEMBRE,11,NO,NO MANTENER LA DISTANCIA PRUDENCIAL CON RESPECTO AL VEHICULO QUE LE ANTECEDE.,CHOQUE POSTERIOR,CAMIONETA,1,0,0,0,1,0,0,0,0,0,0,0,0,2,43,HOMBRE,ILESO,CONDUCTOR PRESENTE,NO,NO,0
21324,76149,76150,2019,3,0,-0.096046,-78.440081,PICHINCHA,QUITO,CALDERON (CARAPUNGO),RURAL,2019-11-22,12:50:00,12,VIERNES,5,NOVIEMBRE,11,NO,"NO RESPETAR LAS SENIALES REGLAMENTARIAS DE TRANSITO. (PARE, CEDA EL PASO, LUZ ROJA DEL SEMAFORO, ETC).",ATROPELLOS,MOTOCICLETA,0,0,0,0,0,0,0,1,1,0,0,0,0,2,19,MUJER,LESIONADO,PEATON,NO,NO,3
21325,76152,76153,2019,1,0,-0.204592,-78.455985,PICHINCHA,QUITO,QUITO,RURAL,2019-11-22,13:35:00,13,VIERNES,5,NOVIEMBRE,11,NO,"CONDICIONES AMBIENTALES Y/O ATMOSFERICAS (NIEBLA, NEBLINA, GRANIZO, LLUVIA).",CHOQUE LATERAL,AUTOMOVIL,1,0,0,0,0,0,0,0,1,0,0,0,0,2,29,HOMBRE,LESIONADO,CONDUCTOR PRESENTE,NO,NO,3
21326,76165,76166,2019,1,0,-0.337324,-78.549776,PICHINCHA,QUITO,QUITO,URBANA,2019-11-22,18:50:00,18,VIERNES,5,NOVIEMBRE,11,NO,BAJARSE O SUBIRSE DE VEHICULOS EN MOVIMIENTO SIN TOMAR LAS PRECAUCIONES DEBIDAS.,CAIDA DE PASAJERO,NO IDENTIFICADO,0,0,0,0,0,0,0,0,0,1,0,0,0,1,65,HOMBRE,LESIONADO,PASAJERO,NO,NO,0
21327,76166,76167,2019,0,1,-0.375491,-78.373155,PICHINCHA,QUITO,PINTAG,RURAL,2019-11-22,19:05:00,19,VIERNES,5,NOVIEMBRE,11,NO,NO CEDER EL DERECHO DE VIA O PREFERENCIA DE PASO AL PEATON.,ATROPELLOS,NO IDENTIFICADO,0,0,0,0,0,0,0,0,0,1,0,0,0,1,62,HOMBRE,FALLECIDO,PEATON,NO,NO,3
21328,76174,76175,2019,3,0,-0.241961,-78.532528,PICHINCHA,QUITO,QUITO,URBANA,2019-11-22,21:20:00,21,VIERNES,5,NOVIEMBRE,11,NO,"NO RESPETAR LAS SENIALES REGLAMENTARIAS DE TRANSITO. (PARE, CEDA EL PASO, LUZ ROJA DEL SEMAFORO, ETC).",CHOQUE LATERAL,MOTOCICLETA,0,0,1,0,0,0,0,0,1,0,0,0,0,2,16,MUJER,LESIONADO,PASAJERO,NO,NO,0
21329,76178,76179,2019,0,0,-0.286735,-78.473847,PICHINCHA,QUITO,CONOCOTO,RURAL,2019-11-22,22:25:00,22,VIERNES,5,NOVIEMBRE,11,NO,"CONDUCE BAJO LA INFLUENCIA DE ALCOHOL, SUSTANCIAS ESTUPEFACIENTES O PSICOTROPICAS Y/O MEDICAMENTOS.",CHOQUE POSTERIOR,CAMION,1,0,0,1,0,0,0,0,0,0,0,0,0,2,47,MUJER,ILESO,PASAJERO,NO,NO,3
21330,76181,76182,2019,2,1,-0.355609,-78.548711,PICHINCHA,QUITO,QUITO,URBANA,2019-11-22,23:30:00,23,VIERNES,5,NOVIEMBRE,11,NO,NO MANTENER LA DISTANCIA PRUDENCIAL CON RESPECTO AL VEHICULO QUE LE ANTECEDE.,CHOQUE POSTERIOR,MOTOCICLETA,0,0,0,0,0,0,0,0,1,1,0,0,0,2,30,HOMBRE,FALLECIDO,CONDUCTOR PRESENTE,SI,NO,0
21331,76184,76185,2019,0,0,-0.205321,-78.483767,PICHINCHA,QUITO,QUITO,URBANA,2019-11-23,00:40:00,0,SABADO,6,NOVIEMBRE,11,NO,"CONDUCE BAJO LA INFLUENCIA DE ALCOHOL, SUSTANCIAS ESTUPEFACIENTES O PSICOTROPICAS Y/O MEDICAMENTOS.",ESTRELLAMIENTOS,AUTOMOVIL,3,0,0,0,0,0,0,0,0,0,0,0,0,3,20,HOMBRE,ILESO,PASAJERO,NO,NO,0
21332,76185,76186,2019,0,0,-0.267255,-78.507547,PICHINCHA,QUITO,QUITO,URBANA,2019-11-23,00:44:00,0,SABADO,6,NOVIEMBRE,11,NO,CONDUCIR VEHICULO SUPERANDO LOS LIMITES MAXIMOS DE VELOCIDAD.,ESTRELLAMIENTOS,AUTOMOVIL,1,0,0,0,0,0,0,0,0,0,0,0,0,1,-1,NO IDENTIFICADO,NO IDENTIFICADO,CONDUCTOR AUSENTE,NO,NO,2
21333,76193,76194,2019,0,0,-0.107535,-78.447011,PICHINCHA,QUITO,CALDERON (CARAPUNGO),RURAL,2019-11-23,03:20:00,3,SABADO,6,NOVIEMBRE,11,NO,"NO RESPETAR LAS SENIALES REGLAMENTARIAS DE TRANSITO. (PARE, CEDA EL PASO, LUZ ROJA DEL SEMAFORO, ETC).",ESTRELLAMIENTOS,AUTOMOVIL,1,0,0,0,0,0,0,0,0,0,0,0,0,1,-1,NO IDENTIFICADO,NO IDENTIFICADO,CONDUCTOR AUSENTE,NO,NO,2
21334,76201,76202,2019,0,0,-0.141439,-78.482942,PICHINCHA,QUITO,QUITO,URBANA,2019-11-23,05:25:00,5,SABADO,6,NOVIEMBRE,11,NO,NO MANTENER LA DISTANCIA PRUDENCIAL CON RESPECTO AL VEHICULO QUE LE ANTECEDE.,CHOQUE POSTERIOR,AUTOMOVIL,2,0,0,0,0,0,0,0,0,0,0,0,0,2,45,HOMBRE,ILESO,CONDUCTOR PRESENTE,NO,NO,0
21335,76206,76207,2019,0,0,-0.273707,-78.537301,PICHINCHA,QUITO,QUITO,URBANA,2019-11-23,07:15:00,7,SABADO,6,NOVIEMBRE,11,NO,CONDUCIR VEHICULO SUPERANDO LOS LIMITES MAXIMOS DE VELOCIDAD.,ESTRELLAMIENTOS,AUTOMOVIL,1,0,0,0,0,0,0,0,0,0,0,0,0,1,43,HOMBRE,ILESO,CONDUCTOR PRESENTE,NO,NO,0
21336,76215,76216,2019,0,0,-0.184661,-78.344977,PICHINCHA,QUITO,TABABELA,RURAL,2019-11-23,08:45:00,8,SABADO,6,NOVIEMBRE,11,NO,NO GUARDAR LA DISTANCIA LATERAL MINIMA DE SEGURIDAD ENTRE VEHICULOS.,ROZAMIENTOS,AUTOMOVIL,2,0,0,0,0,0,0,0,0,0,0,0,0,2,29,HOMBRE,ILESO,CONDUCTOR PRESENTE,NO,NO,3
21337,76225,76226,2019,1,0,-0.314575,-78.485672,PICHINCHA,QUITO,CONOCOTO,RURAL,2019-11-23,12:20:00,12,SABADO,6,NOVIEMBRE,11,NO,NO GUARDAR LA DISTANCIA LATERAL MINIMA DE SEGURIDAD ENTRE VEHICULOS.,CHOQUE LATERAL,AUTOMOVIL,1,0,0,0,0,0,0,0,1,0,0,0,0,2,22,HOMBRE,LESIONADO,CONDUCTOR PRESENTE,NO,NO,3
21338,76227,76228,2019,0,0,-0.084083,-78.435472,PICHINCHA,QUITO,CALDERON (CARAPUNGO),RURAL,2019-11-23,13:00:00,13,SABADO,6,NOVIEMBRE,11,NO,NO GUARDAR LA DISTANCIA LATERAL MINIMA DE SEGURIDAD ENTRE VEHICULOS.,CHOQUE LATERAL,AUTOMOVIL,2,0,0,0,0,0,0,0,0,0,0,0,0,2,48,MUJER,ILESO,CONDUCTOR PRESENTE,NO,NO,3