,Unnamed: 0,ID,ANIO,LESIONADOS,FALLECIDOS,LATITUD_Y,LONGITUD_X,PROVINCIA,CANTON,PARROQUIA,ZONA,FECHA,HORA,PERIODO_2,DIA_1,DIA_2,MES_1,MES_2,FERIADO,CAUSA_PROBABLE,TIPO_DE_SINIESTRO,TIPO_DE_VEHICULO_1,AUTOMOVIL,BICICLETA,BUS,CAMION,CAMIONETA,EMERGENCIAS,ESPECIAL,FURGONETA,MOTOCICLETA,NO_IDENTIFICADO,SCOOTER_ELECTRICO,TRICIMOTO,VEHICULO_DEPORTIVO_UTILITARIO,SUMA_DE_VEHICULOS,EDAD_1,SEXO_1,CONDICION_1,PARTICIPANTE_1,CASCO_1,CINTURON_1,KMeans_Cluster
21339,76239,76240,2019,0,0,-0.239732,-78.522687,PICHINCHA,QUITO,QUITO,URBANA,2019-11-23,17:30:00,17,SABADO,6,NOVIEMBRE,11,NO,CONDUCIR VEHICULO SUPERANDO LOS LIMITES MAXIMOS DE VELOCIDAD.,CAIDA DE PASAJERO,NO IDENTIFICADO,0,0,0,0,0,0,0,0,0,1,0,0,0,1,9,MUJER,ILESO,PASAJERO,NO,NO,0
21340,76242,76243,2019,2,0,-0.233971,-78.533017,PICHINCHA,QUITO,QUITO,URBANA,2019-11-23,17:45:00,17,SABADO,6,NOVIEMBRE,11,NO,CONDUCIR VEHICULO SUPERANDO LOS LIMITES MAXIMOS DE VELOCIDAD.,PERDIDA DE CARRIL,NO IDENTIFICADO,0,0,0,0,0,0,0,0,0,1,0,0,0,1,22,HOMBRE,LESIONADO,PASAJERO,NO,NO,0
21341,76244,76245,2019,0,0,-0.208073,-78.519336,PICHINCHA,QUITO,QUITO,URBANA,2019-11-23,18:25:00,18,SABADO,6,NOVIEMBRE,11,NO,CONDUCIR VEHICULO SUPERANDO LOS LIMITES MAXIMOS DE VELOCIDAD.,ESTRELLAMIENTOS,CAMIONETA,0,0,0,0,1,0,0,0,0,0,0,0,0,1,-1,NO IDENTIFICADO,NO IDENTIFICADO,CONDUCTOR AUSENTE,NO,NO,2
21342,76246,76247,2019,3,0,-0.263502,-78.487997,PICHINCHA,QUITO,CONOCOTO,URBANA,2019-11-23,18:45:00,18,SABADO,6,NOVIEMBRE,11,NO,"CONDUCIR DESATENTO A LAS CONDICIONES DE TRANSITO (CELULAR, PANTALLAS DE VIDEO, COMIDA, MAQUILLAJE O CUALQUIER OTRO ELEMENTO DISTRACTOR).",PERDIDA DE PISTA,CAMION,0,0,0,1,0,0,0,0,0,0,0,0,0,1,50,MUJER,LESIONADO,PEATON,NO,SI,0
21343,76251,76252,2019,0,0,-0.257354,-78.515207,PICHINCHA,QUITO,QUITO,URBANA,2019-11-23,19:15:00,19,SABADO,6,NOVIEMBRE,11,NO,CONDUCIR VEHICULO SUPERANDO LOS LIMITES MAXIMOS DE VELOCIDAD.,ESTRELLAMIENTOS,AUTOMOVIL,1,0,0,0,0,0,0,0,0,1,0,0,0,2,-1,NO IDENTIFICADO,NO IDENTIFICADO,CONDUCTOR AUSENTE,NO,NO,2
21344,76261,76262,2019,1,0,-0.355609,-78.548711,PICHINCHA,QUITO,QUITO,URBANA,2019-11-23,21:20:00,21,SABADO,6,NOVIEMBRE,11,NO,NO TRANSITAR POR LAS ACERAS O ZONAS DE SEGURIDAD DESTINADAS PARA EL EFECTO.,ATROPELLOS,NO IDENTIFICADO,0,0,0,0,0,0,0,0,0,1,0,0,0,1,32,HOMBRE,LESIONADO,PEATON,NO,NO,0
21345,76263,76264,2019,0,1,-0.092061,-78.433271,PICHINCHA,QUITO,CALDERON (CARAPUNGO),RURAL,2019-11-23,22:05:00,22,SABADO,6,NOVIEMBRE,11,NO,"CONDUCE BAJO LA INFLUENCIA DE ALCOHOL, SUSTANCIAS ESTUPEFACIENTES O PSICOTROPICAS Y/O MEDICAMENTOS.",ATROPELLOS,AUTOMOVIL,2,0,0,0,0,0,0,0,0,0,0,0,0,2,63,MUJER,FALLECIDO,PEATON,NO,NO,3
21346,76270,76271,2019,4,0,-0.105384,-78.497732,PICHINCHA,QUITO,QUITO,URBANA,2019-11-24,00:05:00,0,DOMINGO,7,NOVIEMBRE,11,NO,"NO RESPETAR LAS SENIALES REGLAMENTARIAS DE TRANSITO. (PARE, CEDA EL PASO, LUZ ROJA DEL SEMAFORO, ETC).",CHOQUE FRONTAL,AUTOMOVIL,2,0,0,0,0,0,0,0,0,0,0,0,0,2,17,MUJER,LESIONADO,PASAJERO,NO,NO,0
21347,76279,76280,2019,0,0,-0.262372,-78.523666,PICHINCHA,QUITO,QUITO,URBANA,2019-11-24,01:40:00,1,DOMINGO,7,NOVIEMBRE,11,NO,PEATON QUE CRUZA LA CALZADA SIN RESPETAR LA SENIALIZACION EXISTENTE (SEMAFOROS O SENIALES MANUALES).,OTROS,AUTOMOVIL,1,0,0,0,0,0,0,0,0,0,0,0,0,1,-1,NO IDENTIFICADO,NO IDENTIFICADO,CONDUCTOR AUSENTE,NO,NO,2
21348,76283,76284,2019,1,0,-0.309316,-78.526086,PICHINCHA,QUITO,QUITO,URBANA,2019-11-24,02:00:00,2,DOMINGO,7,NOVIEMBRE,11,NO,CONDUCIR VEHICULO SUPERANDO LOS LIMITES MAXIMOS DE VELOCIDAD.,ATROPELLOS,NO IDENTIFICADO,0,0,0,0,0,0,0,0,0,1,0,0,0,1,62,HOMBRE,LESIONADO,PEATON,NO,NO,0
21349,76298,76299,2019,0,0,-0.253771,-78.540291,PICHINCHA,QUITO,QUITO,URBANA,2019-11-24,04:09:00,4,DOMINGO,7,NOVIEMBRE,11,NO,"CONDUCE BAJO LA INFLUENCIA DE ALCOHOL, SUSTANCIAS ESTUPEFACIENTES O PSICOTROPICAS Y/O MEDICAMENTOS.",COLISION,AUTOMOVIL,2,0,0,0,1,0,0,0,0,0,0,0,0,3,23,HOMBRE,ILESO,CONDUCTOR PRESENTE,NO,NO,0
21350,76303,76304,2019,0,0,-0.096232,-78.467523,PICHINCHA,QUITO,QUITO,URBANA,2019-11-24,05:00:00,5,DOMINGO,7,NOVIEMBRE,11,NO,"FALLA MECANICA EN LOS SISTEMAS Y/O NEUMATICOS (SISTEMA DE FRENOS, DIRECCION, ELECTRONICO O MECANICO).",ESTRELLAMIENTOS,AUTOMOVIL,1,0,0,0,0,0,0,0,0,0,0,0,0,1,-1,NO IDENTIFICADO,NO IDENTIFICADO,CONDUCTOR AUSENTE,NO,NO,2
21351,76308,76309,2019,0,0,-0.205827,-78.509201,PICHINCHA,QUITO,QUITO,URBANA,2019-11-24,05:30:00,5,DOMINGO,7,NOVIEMBRE,11,NO,CONDUCIR VEHICULO SUPERANDO LOS LIMITES MAXIMOS DE VELOCIDAD.,VOLCAMIENTOS,AUTOMOVIL,1,0,0,0,0,0,0,0,0,0,0,0,0,1,-1,NO IDENTIFICADO,NO IDENTIFICADO,CONDUCTOR AUSENTE,NO,NO,2
21352,76317,76318,2019,0,0,-0.203424,-78.482884,PICHINCHA,QUITO,QUITO,URBANA,2019-11-24,08:20:00,8,DOMINGO,7,NOVIEMBRE,11,NO,CONDUCIR VEHICULO SUPERANDO LOS LIMITES MAXIMOS DE VELOCIDAD.,ESTRELLAMIENTOS,AUTOMOVIL,1,0,0,0,0,0,0,0,0,0,0,0,0,1,-1,NO IDENTIFICADO,NO IDENTIFICADO,CONDUCTOR AUSENTE,NO,NO,2
21353,76319,76320,2019,0,0,-0.324863,-78.553391,PICHINCHA,QUITO,QUITO,URBANA,2019-11-24,09:20:00,9,DOMINGO,7,NOVIEMBRE,11,NO,PEATON QUE CRUZA LA CALZADA SIN RESPETAR LA SENIALIZACION EXISTENTE (SEMAFOROS O SENIALES MANUALES).,OTROS,MOTOCICLETA,0,0,0,0,0,0,0,0,1,0,0,0,0,1,-1,NO IDENTIFICADO,NO IDENTIFICADO,CONDUCTOR AUSENTE,NO,NO,2
21354,76328,76329,2019,0,0,-0.238889,-78.533158,PICHINCHA,QUITO,QUITO,URBANA,2019-11-24,11:20:00,11,DOMINGO,7,NOVIEMBRE,11,NO,CONDUCIR VEHICULO SUPERANDO LOS LIMITES MAXIMOS DE VELOCIDAD.,OTROS,CAMIONETA,1,0,0,0,1,0,0,0,0,1,0,0,0,3,18,HOMBRE,ILESO,PASAJERO,NO,NO,0
21355,76339,76340,2019,0,0,-0.197826,-78.466466,PICHINCHA,QUITO,QUITO,RURAL,2019-11-24,15:30:00,15,DOMINGO,7,NOVIEMBRE,11,NO,CONDUCIR VEHICULO SUPERANDO LOS LIMITES MAXIMOS DE VELOCIDAD.,ESTRELLAMIENTOS,AUTOMOVIL,1,0,0,0,0,0,0,0,0,0,0,0,0,1,30,HOMBRE,ILESO,CONDUCTOR PRESENTE,NO,NO,3
21356,76344,76345,2019,0,0,-0.246476,-78.542182,PICHINCHA,QUITO,QUITO,URBANA,2019-11-24,16:40:00,16,DOMINGO,7,NOVIEMBRE,11,NO,CONDUCIR VEHICULO SUPERANDO LOS LIMITES MAXIMOS DE VELOCIDAD.,CHOQUE POSTERIOR,AUTOMOVIL,2,0,0,0,0,0,0,0,0,0,0,0,0,2,58,HOMBRE,ILESO,CONDUCTOR PRESENTE,NO,NO,0
21357,76345,76346,2019,0,0,-0.208624,-78.492864,PICHINCHA,QUITO,QUITO,URBANA,2019-11-24,16:40:00,16,DOMINGO,7,NOVIEMBRE,11,NO,"NO RESPETAR LAS SENIALES REGLAMENTARIAS DE TRANSITO. (PARE, CEDA EL PASO, LUZ ROJA DEL SEMAFORO, ETC).",CHOQUE LATERAL,AUTOMOVIL,2,0,0,0,0,0,0,0,0,0,0,0,0,2,75,HOMBRE,ILESO,CONDUCTOR PRESENTE,NO,NO,0
21358,76366,76367,2019,1,0,-0.280642,-78.559821,PICHINCHA,QUITO,QUITO,URBANA,2019-11-24,22:20:00,22,DOMINGO,7,NOVIEMBRE,11,NO,"CONDUCE BAJO LA INFLUENCIA DE ALCOHOL, SUSTANCIAS ESTUPEFACIENTES O PSICOTROPICAS Y/O MEDICAMENTOS.",ESTRELLAMIENTOS,AUTOMOVIL,2,0,0,1,1,0,0,0,0,0,0,0,0,4,19,HOMBRE,LESIONADO,CONDUCTOR PRESENTE,NO,NO,0
21359,76370,76371,2019,0,1,-0.500183,-78.572374,PICHINCHA,MEJIA,MACHACHI,RURAL,2019-11-24,23:20:00,23,DOMINGO,7,NOVIEMBRE,11,NO,"CONDUCIR DESATENTO A LAS CONDICIONES DE TRANSITO (CELULAR, PANTALLAS DE VIDEO, COMIDA, MAQUILLAJE O CUALQUIER OTRO ELEMENTO DISTRACTOR).",ATROPELLOS,BUS,0,0,1,0,0,0,0,0,0,0,0,0,0,1,-1,HOMBRE,FALLECIDO,PEATON,NO,SI,3
21360,76373,76374,2019,0,1,-0.302932,-78.551237,PICHINCHA,QUITO,QUITO,URBANA,2019-11-25,02:35:00,2,LUNES,1,NOVIEMBRE,11,NO,"NO RESPETAR LAS SENIALES REGLAMENTARIAS DE TRANSITO. (PARE, CEDA EL PASO, LUZ ROJA DEL SEMAFORO, ETC).",CHOQUE LATERAL,AUTOMOVIL,1,0,1,0,0,0,0,0,0,0,0,0,0,2,25,HOMBRE,FALLECIDO,CONDUCTOR PRESENTE,NO,NO,0
21361,76378,76379,2019,1,0,-0.328239,-78.538128,PICHINCHA,QUITO,QUITO,URBANA,2019-11-25,07:15:00,7,LUNES,1,NOVIEMBRE,11,NO,NO CEDER EL DERECHO DE VIA O PREFERENCIA DE PASO AL PEATON.,ATROPELLOS,NO IDENTIFICADO,0,0,0,0,0,0,0,0,0,1,0,0,0,1,17,MUJER,LESIONADO,PEATON,NO,NO,0
21362,76381,76382,2019,2,0,-0.180141,-78.444214,PICHINCHA,QUITO,QUITO,RURAL,2019-11-25,07:55:00,7,LUNES,1,NOVIEMBRE,11,NO,CONDUCIR VEHICULO SUPERANDO LOS LIMITES MAXIMOS DE VELOCIDAD.,ROZAMIENTOS,FURGONETA,3,0,0,0,0,0,0,1,0,0,0,0,0,4,44,HOMBRE,LESIONADO,CONDUCTOR PRESENTE,NO,NO,3
21363,76384,76385,2019,3,0,-0.289913,-78.537629,PICHINCHA,QUITO,QUITO,URBANA,2019-11-25,10:35:00,10,LUNES,1,NOVIEMBRE,11,NO,CONDUCIR VEHICULO SUPERANDO LOS LIMITES MAXIMOS DE VELOCIDAD.,OTROS,CAMION,4,0,0,1,0,0,0,0,0,0,0,0,0,5,23,HOMBRE,LESIONADO,CONDUCTOR PRESENTE,NO,NO,0
21364,76387,76388,2019,0,0,-0.293641,-78.447654,PICHINCHA,QUITO,ALANGASI,RURAL,2019-11-25,12:30:00,12,LUNES,1,NOVIEMBRE,11,NO,NO GUARDAR LA DISTANCIA LATERAL MINIMA DE SEGURIDAD ENTRE VEHICULOS.,CHOQUE LATERAL,AUTOMOVIL,2,0,0,0,0,0,0,0,0,0,0,0,0,2,34,HOMBRE,ILESO,CONDUCTOR PRESENTE,NO,NO,3
21365,76398,76399,2019,2,0,-0.194401,-78.501619,PICHINCHA,QUITO,QUITO,URBANA,2019-11-25,15:45:00,15,LUNES,1,NOVIEMBRE,11,NO,"CONDUCE BAJO LA INFLUENCIA DE ALCOHOL, SUSTANCIAS ESTUPEFACIENTES O PSICOTROPICAS Y/O MEDICAMENTOS.",CHOQUE FRONTAL,AUTOMOVIL,2,0,0,0,0,0,0,0,0,0,0,0,0,2,45,MUJER,LESIONADO,PASAJERO,NO,NO,0
21366,76404,76405,2019,0,0,-0.094521,-78.481712,PICHINCHA,QUITO,QUITO,URBANA,2019-11-25,17:41:00,17,LUNES,1,NOVIEMBRE,11,NO,"CONDUCE BAJO LA INFLUENCIA DE ALCOHOL, SUSTANCIAS ESTUPEFACIENTES O PSICOTROPICAS Y/O MEDICAMENTOS.",CHOQUE POSTERIOR,AUTOMOVIL,2,0,0,0,0,0,0,0,0,0,0,0,0,2,67,HOMBRE,ILESO,CONDUCTOR PRESENTE,NO,NO,0
21367,76417,76418,2019,0,0,-0.215928,-78.394843,PICHINCHA,QUITO,TUMBACO,RURAL,2019-11-25,21:40:00,21,LUNES,1,NOVIEMBRE,11,NO,"CONDUCE BAJO LA INFLUENCIA DE ALCOHOL, SUSTANCIAS ESTUPEFACIENTES O PSICOTROPICAS Y/O MEDICAMENTOS.",CHOQUE POSTERIOR,AUTOMOVIL,2,0,0,0,0,0,0,0,0,0,0,0,0,2,29,HOMBRE,ILESO,CONDUCTOR PRESENTE,NO,NO,3
21368,76421,76422,2019,1,0,-0.259681,-78.530358,PICHINCHA,QUITO,QUITO,URBANA,2019-11-26,00:05:00,0,MARTES,2,NOVIEMBRE,11,NO,CONDUCIR VEHICULO SUPERANDO LOS LIMITES MAXIMOS DE VELOCIDAD.,OTROS,NO IDENTIFICADO,0,0,0,0,0,0,0,0,0,1,0,0,0,1,22,HOMBRE,LESIONADO,CONDUCTOR PRESENTE,NO,NO,0
21369,76428,76429,2019,0,0,-0.126471,-78.478019,PICHINCHA,QUITO,QUITO,URBANA,2019-11-26,07:00:00,7,MARTES,2,NOVIEMBRE,11,NO,NO GUARDAR LA DISTANCIA LATERAL MINIMA DE SEGURIDAD ENTRE VEHICULOS.,CHOQUE LATERAL,AUTOMOVIL,2,0,0,0,0,0,0,0,0,0,0,0,0,2,36,HOMBRE,ILESO,CONDUCTOR PRESENTE,NO,NO,0
21370,76441,76442,2019,1,0,-0.195788,-78.434982,PICHINCHA,QUITO,CUMBAYA,RURAL,2019-11-26,11:40:00,11,MARTES,2,NOVIEMBRE,11,NO,CONDUCIR VEHICULO SUPERANDO LOS LIMITES MAXIMOS DE VELOCIDAD.,CHOQUE LATERAL,MOTOCICLETA,0,0,0,0,0,0,0,0,1,1,0,0,0,2,23,HOMBRE,LESIONADO,CONDUCTOR PRESENTE,NO,NO,3
21371,76442,76443,2019,0,0,-0.125614,-78.498611,PICHINCHA,QUITO,QUITO,URBANA,2019-11-26,12:45:00,12,MARTES,2,NOVIEMBRE,11,NO,NO GUARDAR LA DISTANCIA LATERAL MINIMA DE SEGURIDAD ENTRE VEHICULOS.,CHOQUE LATERAL,AUTOMOVIL,1,0,0,0,0,0,0,0,1,0,0,0,0,2,45,HOMBRE,ILESO,CONDUCTOR PRESENTE,NO,NO,0
21372,76444,76445,2019,3,0,-0.219905,-78.420521,PICHINCHA,QUITO,TUMBACO,RURAL,2019-11-26,13:30:00,13,MARTES,2,NOVIEMBRE,11,NO,"FALLA MECANICA EN LOS SISTEMAS Y/O NEUMATICOS (SISTEMA DE FRENOS, DIRECCION, ELECTRONICO O MECANICO).",ESTRELLAMIENTOS,AUTOMOVIL,1,0,0,0,1,0,0,0,0,0,0,0,0,2,56,HOMBRE,LESIONADO,CONDUCTOR PRESENTE,NO,NO,3
21373,76449,76450,2019,0,0,-0.263053,-78.507339,PICHINCHA,QUITO,QUITO,URBANA,2019-11-26,15:30:00,15,MARTES,2,NOVIEMBRE,11,NO,NO MANTENER LA DISTANCIA PRUDENCIAL CON RESPECTO AL VEHICULO QUE LE ANTECEDE.,COLISION,AUTOMOVIL,3,0,0,0,0,0,0,0,0,0,0,0,0,3,60,HOMBRE,ILESO,CONDUCTOR PRESENTE,NO,NO,0
21374,76452,76453,2019,1,0,-0.250226,-78.516996,PICHINCHA,QUITO,QUITO,URBANA,2019-11-26,16:25:00,16,MARTES,2,NOVIEMBRE,11,NO,NO TRANSITAR POR LAS ACERAS O ZONAS DE SEGURIDAD DESTINADAS PARA EL EFECTO.,OTROS,BUS,0,0,1,0,0,0,0,0,0,0,0,0,0,1,66,HOMBRE,LESIONADO,PEATON,NO,NO,0
21375,76457,76458,2019,1,1,-0.132009,-78.481715,PICHINCHA,QUITO,QUITO,URBANA,2019-11-26,17:30:00,17,MARTES,2,NOVIEMBRE,11,NO,PEATON QUE CRUZA LA CALZADA SIN RESPETAR LA SENIALIZACION EXISTENTE (SEMAFOROS O SENIALES MANUALES).,ATROPELLOS,MOTOCICLETA,0,0,0,0,0,0,0,0,1,0,0,0,0,1,30,HOMBRE,FALLECIDO,CONDUCTOR PRESENTE,NO,NO,0
21376,76474,76475,2019,0,0,-0.155751,-78.488556,PICHINCHA,QUITO,QUITO,URBANA,2019-11-27,01:30:00,1,MIERCOLES,3,NOVIEMBRE,11,NO,NO MANTENER LA DISTANCIA PRUDENCIAL CON RESPECTO AL VEHICULO QUE LE ANTECEDE.,CHOQUE POSTERIOR,AUTOMOVIL,2,0,0,0,0,0,0,0,0,0,0,0,0,2,43,HOMBRE,ILESO,CONDUCTOR PRESENTE,NO,NO,0
21377,76475,76476,2019,0,0,-0.268611,-78.540053,PICHINCHA,QUITO,QUITO,URBANA,2019-11-27,01:57:00,1,MIERCOLES,3,NOVIEMBRE,11,NO,"CONDUCE BAJO LA INFLUENCIA DE ALCOHOL, SUSTANCIAS ESTUPEFACIENTES O PSICOTROPICAS Y/O MEDICAMENTOS.",OTROS,AUTOMOVIL,2,0,0,0,0,0,0,0,0,0,0,0,0,2,26,HOMBRE,ILESO,CONDUCTOR PRESENTE,NO,NO,0
21378,76479,76480,2019,0,0,-0.085001,-78.515178,PICHINCHA,QUITO,QUITO,URBANA,2019-11-27,05:10:00,5,MIERCOLES,3,NOVIEMBRE,11,NO,DANIOS MECANICOS PREVISIBLES.,ESTRELLAMIENTOS,AUTOMOVIL,1,0,0,0,0,0,0,0,0,0,0,0,0,1,43,HOMBRE,ILESO,CONDUCTOR PRESENTE,NO,NO,0
21379,76481,76482,2019,0,0,-0.309798,-78.558984,PICHINCHA,QUITO,QUITO,URBANA,2019-11-27,06:05:00,6,MIERCOLES,3,NOVIEMBRE,11,NO,CONDUCIR VEHICULO SUPERANDO LOS LIMITES MAXIMOS DE VELOCIDAD.,ESTRELLAMIENTOS,BUS,0,0,1,0,0,0,0,0,0,0,0,0,0,1,44,HOMBRE,ILESO,CONDUCTOR PRESENTE,NO,NO,0
21380,76484,76485,2019,1,0,-0.092531,-78.436732,PICHINCHA,QUITO,CALDERON (CARAPUNGO),URBANA,2019-11-27,07:15:00,7,MIERCOLES,3,NOVIEMBRE,11,NO,NO MANTENER LA DISTANCIA PRUDENCIAL CON RESPECTO AL VEHICULO QUE LE ANTECEDE.,COLISION,AUTOMOVIL,3,0,0,0,0,0,0,0,0,0,0,0,0,3,31,HOMBRE,LESIONADO,CONDUCTOR PRESENTE,NO,NO,0
21381,76486,76487,2019,3,0,-0.444756,-78.745925,PICHINCHA,MEJIA,MANUEL CORNEJO ASTORGA,RURAL,2019-11-27,07:30:00,7,MIERCOLES,3,NOVIEMBRE,11,NO,"CONDUCIR DESATENTO A LAS CONDICIONES DE TRANSITO (CELULAR, PANTALLAS DE VIDEO, COMIDA, MAQUILLAJE O CUALQUIER OTRO ELEMENTO DISTRACTOR).",ESTRELLAMIENTOS,CAMIONETA,0,0,0,0,1,0,0,0,0,0,0,0,0,1,-1,NO IDENTIFICADO,LESIONADO,PASAJERO,NO,NO,3
21382,76495,76496,2019,2,0,-0.174894,-78.501169,PICHINCHA,QUITO,QUITO,URBANA,2019-11-27,13:20:00,13,MIERCOLES,3,NOVIEMBRE,11,NO,NO GUARDAR LA DISTANCIA LATERAL MINIMA DE SEGURIDAD ENTRE VEHICULOS.,ROZAMIENTOS,MOTOCICLETA,0,0,0,0,0,0,0,0,1,1,0,0,0,2,22,HOMBRE,LESIONADO,CONDUCTOR PRESENTE,NO,NO,0
21383,76500,76501,2019,0,0,-0.154161,-78.492008,PICHINCHA,QUITO,QUITO,URBANA,2019-11-27,15:00:00,15,MIERCOLES,3,NOVIEMBRE,11,NO,NO CEDER EL DERECHO DE VIA O PREFERENCIA DE PASO A VEHICULOS.,CHOQUE LATERAL,AUTOMOVIL,2,0,0,0,0,0,0,0,0,0,0,0,0,2,30,HOMBRE,ILESO,CONDUCTOR PRESENTE,NO,NO,0
21384,76510,76511,2019,0,0,-0.287924,-78.540758,PICHINCHA,QUITO,QUITO,URBANA,2019-11-27,18:00:00,18,MIERCOLES,3,NOVIEMBRE,11,NO,CONDUCIR VEHICULO SUPERANDO LOS LIMITES MAXIMOS DE VELOCIDAD.,OTROS,AUTOMOVIL,1,0,0,1,0,0,0,0,0,0,0,0,0,2,59,HOMBRE,ILESO,CONDUCTOR PRESENTE,NO,NO,0
21385,76512,76513,2019,4,0,-0.328831,-78.560625,PICHINCHA,QUITO,QUITO,URBANA,2019-11-27,19:10:00,19,MIERCOLES,3,NOVIEMBRE,11,NO,"NO RESPETAR LAS SENIALES REGLAMENTARIAS DE TRANSITO. (PARE, CEDA EL PASO, LUZ ROJA DEL SEMAFORO, ETC).",CHOQUE LATERAL,CAMIONETA,0,0,0,0,1,0,0,0,0,1,0,0,0,2,20,HOMBRE,LESIONADO,PASAJERO,NO,NO,0
21386,76516,76517,2019,1,0,-0.240538,-78.518601,PICHINCHA,QUITO,QUITO,URBANA,2019-11-27,21:20:00,21,MIERCOLES,3,NOVIEMBRE,11,NO,"PRESENCIA DE AGENTES EXTERNOS EN LA VIA (AGUA, ACEITE, PIEDRA, LASTRE, ESCOMBROS, MADEROS, ETC.).",VOLCAMIENTOS,NO IDENTIFICADO,0,0,0,0,0,0,0,0,0,1,0,0,0,1,19,HOMBRE,LESIONADO,CONDUCTOR PRESENTE,NO,NO,0
21387,76523,76524,2019,0,0,-0.216742,-78.504639,PICHINCHA,QUITO,QUITO,URBANA,2019-11-28,00:20:00,0,JUEVES,4,NOVIEMBRE,11,NO,CONDUCIR VEHICULO SUPERANDO LOS LIMITES MAXIMOS DE VELOCIDAD.,ESTRELLAMIENTOS,AUTOMOVIL,1,0,0,0,0,0,0,0,0,0,0,0,0,1,-1,NO IDENTIFICADO,NO IDENTIFICADO,CONDUCTOR AUSENTE,NO,NO,2
21388,76525,76526,2019,0,0,-0.130263,-78.470961,PICHINCHA,QUITO,QUITO,URBANA,2019-11-28,01:00:00,1,JUEVES,4,NOVIEMBRE,11,NO,CONDUCIR VEHICULO SUPERANDO LOS LIMITES MAXIMOS DE VELOCIDAD.,PERDIDA DE CARRIL,AUTOMOVIL,1,0,0,0,0,0,0,0,0,0,0,0,0,1,-1,NO IDENTIFICADO,NO IDENTIFICADO,CONDUCTOR AUSENTE,NO,NO,2
21389,76527,76528,2019,0,0,-0.018411,-78.452299,PICHINCHA,QUITO,SAN ANTONIO (QUITO),URBANA,2019-11-28,01:30:00,1,JUEVES,4,NOVIEMBRE,11,NO,"CONDUCIR DESATENTO A LAS CONDICIONES DE TRANSITO (CELULAR, PANTALLAS DE VIDEO, COMIDA, MAQUILLAJE O CUALQUIER OTRO ELEMENTO DISTRACTOR).",PERDIDA DE CARRIL,AUTOMOVIL,1,0,0,0,0,0,0,0,0,0,0,0,0,1,35,HOMBRE,ILESO,CONDUCTOR PRESENTE,NO,SI,0
21390,76531,76532,2019,0,0,-0.119451,-78.506659,PICHINCHA,QUITO,QUITO,URBANA,2019-11-28,05:01:00,5,JUEVES,4,NOVIEMBRE,11,NO,NO MANTENER LA DISTANCIA PRUDENCIAL CON RESPECTO AL VEHICULO QUE LE ANTECEDE.,CHOQUE POSTERIOR,AUTOMOVIL,2,0,0,0,0,0,0,0,0,0,0,0,0,2,-1,NO IDENTIFICADO,NO IDENTIFICADO,CONDUCTOR AUSENTE,NO,NO,2
21391,76534,76535,2019,3,0,-0.228461,-78.544684,PICHINCHA,QUITO,QUITO,URBANA,2019-11-28,07:15:00,7,JUEVES,4,NOVIEMBRE,11,NO,CONDUCIR VEHICULO SUPERANDO LOS LIMITES MAXIMOS DE VELOCIDAD.,OTROS,AUTOMOVIL,1,0,0,0,0,0,0,0,0,1,0,0,0,2,5,HOMBRE,LESIONADO,PASAJERO,NO,NO,0
21392,76543,76544,2019,0,0,-0.297773,-78.524662,PICHINCHA,QUITO,QUITO,URBANA,2019-11-28,12:00:00,12,JUEVES,4,NOVIEMBRE,11,NO,"CONDUCE BAJO LA INFLUENCIA DE ALCOHOL, SUSTANCIAS ESTUPEFACIENTES O PSICOTROPICAS Y/O MEDICAMENTOS.",CHOQUE LATERAL,AUTOMOVIL,2,0,0,0,0,0,0,0,0,0,0,0,0,2,41,HOMBRE,ILESO,CONDUCTOR PRESENTE,NO,NO,0
21393,76544,76545,2019,1,0,-0.268545,-78.527651,PICHINCHA,QUITO,QUITO,URBANA,2019-11-28,12:15:00,12,JUEVES,4,NOVIEMBRE,11,NO,PEATON QUE CRUZA LA CALZADA SIN RESPETAR LA SENIALIZACION EXISTENTE (SEMAFOROS O SENIALES MANUALES).,ATROPELLOS,FURGONETA,0,0,0,0,0,0,0,1,0,0,0,0,0,1,82,HOMBRE,LESIONADO,PEATON,NO,NO,0
21394,76556,76557,2019,0,0,-0.270539,-78.558061,PICHINCHA,QUITO,QUITO,URBANA,2019-11-28,16:00:00,16,JUEVES,4,NOVIEMBRE,11,NO,"NO RESPETAR LAS SENIALES REGLAMENTARIAS DE TRANSITO. (PARE, CEDA EL PASO, LUZ ROJA DEL SEMAFORO, ETC).",CHOQUE LATERAL,BUS,1,0,1,0,0,0,0,0,0,0,0,0,0,2,20,HOMBRE,ILESO,CONDUCTOR PRESENTE,NO,NO,0
21395,76558,76559,2019,1,0,-0.262925,-78.543023,PICHINCHA,QUITO,QUITO,URBANA,2019-11-28,16:30:00,16,JUEVES,4,NOVIEMBRE,11,NO,NO CEDER EL DERECHO DE VIA O PREFERENCIA DE PASO AL PEATON.,ATROPELLOS,NO IDENTIFICADO,0,0,0,0,0,0,0,0,0,1,0,0,0,1,66,HOMBRE,LESIONADO,PEATON,NO,NO,0
21396,76566,76567,2019,0,0,-0.089881,-78.517157,PICHINCHA,QUITO,QUITO,URBANA,2019-11-28,18:00:00,18,JUEVES,4,NOVIEMBRE,11,NO,"CONDUCIR DESATENTO A LAS CONDICIONES DE TRANSITO (CELULAR, PANTALLAS DE VIDEO, COMIDA, MAQUILLAJE O CUALQUIER OTRO ELEMENTO DISTRACTOR).",CHOQUE FRONTAL,AUTOMOVIL,2,0,0,0,0,0,0,0,0,0,0,0,0,2,8,MUJER,ILESO,PASAJERO,NO,NO,0