,Unnamed: 0,ID,ANIO,LESIONADOS,FALLECIDOS,LATITUD_Y,LONGITUD_X,PROVINCIA,CANTON,PARROQUIA,ZONA,FECHA,HORA,PERIODO_2,DIA_1,DIA_2,MES_1,MES_2,FERIADO,CAUSA_PROBABLE,TIPO_DE_SINIESTRO,TIPO_DE_VEHICULO_1,AUTOMOVIL,BICICLETA,BUS,CAMION,CAMIONETA,EMERGENCIAS,ESPECIAL,FURGONETA,MOTOCICLETA,NO_IDENTIFICADO,SCOOTER_ELECTRICO,TRICIMOTO,VEHICULO_DEPORTIVO_UTILITARIO,SUMA_DE_VEHICULOS,EDAD_1,SEXO_1,CONDICION_1,PARTICIPANTE_1,CASCO_1,CINTURON_1,KMeans_Cluster
21397,76570,76571,2019,1,0,-0.276434,-78.552487,PICHINCHA,QUITO,QUITO,URBANA,2019-11-28,18:10:00,18,JUEVES,4,NOVIEMBRE,11,NO,"CONDICIONES AMBIENTALES Y/O ATMOSFERICAS (NIEBLA, NEBLINA, GRANIZO, LLUVIA).",ATROPELLOS,NO IDENTIFICADO,0,0,0,0,0,0,0,0,0,1,0,0,0,1,37,MUJER,LESIONADO,PEATON,NO,NO,0
21398,76573,76574,2019,0,0,-0.169343,-78.484403,PICHINCHA,QUITO,QUITO,URBANA,2019-11-28,19:15:00,19,JUEVES,4,NOVIEMBRE,11,NO,NO GUARDAR LA DISTANCIA LATERAL MINIMA DE SEGURIDAD ENTRE VEHICULOS.,CHOQUE LATERAL,AUTOMOVIL,2,0,0,0,0,0,0,0,0,0,0,0,0,2,30,HOMBRE,ILESO,CONDUCTOR PRESENTE,NO,NO,0
21399,76578,76579,2019,2,0,-0.229823,-78.501095,PICHINCHA,QUITO,QUITO,URBANA,2019-11-28,20:25:00,20,JUEVES,4,NOVIEMBRE,11,NO,CONDUCIR VEHICULO SUPERANDO LOS LIMITES MAXIMOS DE VELOCIDAD.,CHOQUE POSTERIOR,AUTOMOVIL,2,0,0,0,0,0,0,0,0,0,0,0,0,2,36,HOMBRE,LESIONADO,CONDUCTOR PRESENTE,NO,NO,0
21400,76585,76586,2019,0,0,-0.175165,-78.485403,PICHINCHA,QUITO,QUITO,URBANA,2019-11-29,00:10:00,0,VIERNES,5,NOVIEMBRE,11,NO,"CONDUCIR EN ESTADO DE SOMNOLENCIA O MALAS CONDICIONES FISICAS (SUENIO, CANSANCIO Y FATIGA).",CHOQUE LATERAL,AUTOMOVIL,2,0,0,0,0,0,0,0,0,0,0,0,0,2,20,HOMBRE,ILESO,CONDUCTOR PRESENTE,NO,NO,0
21401,76588,76589,2019,0,0,-0.161499,-78.495616,PICHINCHA,QUITO,QUITO,URBANA,2019-11-29,03:00:00,3,VIERNES,5,NOVIEMBRE,11,NO,CONDUCIR VEHICULO SUPERANDO LOS LIMITES MAXIMOS DE VELOCIDAD.,ESTRELLAMIENTOS,AUTOMOVIL,1,0,0,0,0,0,0,0,0,0,0,0,0,1,-1,NO IDENTIFICADO,NO IDENTIFICADO,CONDUCTOR AUSENTE,NO,NO,2
21402,76591,76592,2019,0,0,-0.091585,-78.439052,PICHINCHA,QUITO,CALDERON (CARAPUNGO),RURAL,2019-11-29,04:05:00,4,VIERNES,5,NOVIEMBRE,11,NO,NO GUARDAR LA DISTANCIA LATERAL MINIMA DE SEGURIDAD ENTRE VEHICULOS.,CHOQUE LATERAL,AUTOMOVIL,1,0,0,0,0,0,0,1,0,0,0,0,0,2,37,HOMBRE,ILESO,CONDUCTOR PRESENTE,NO,NO,3
21403,76592,76593,2019,0,0,-0.188532,-78.492028,PICHINCHA,QUITO,QUITO,URBANA,2019-11-29,04:20:00,4,VIERNES,5,NOVIEMBRE,11,NO,CONDUCIR VEHICULO SUPERANDO LOS LIMITES MAXIMOS DE VELOCIDAD.,ESTRELLAMIENTOS,AUTOMOVIL,1,0,0,0,0,0,0,0,0,0,0,0,0,1,-1,NO IDENTIFICADO,NO IDENTIFICADO,CONDUCTOR AUSENTE,NO,NO,2
21404,76609,76610,2019,0,0,-0.218701,-78.510415,PICHINCHA,QUITO,QUITO,URBANA,2019-11-29,08:27:00,8,VIERNES,5,NOVIEMBRE,11,NO,"NO RESPETAR LAS SENIALES REGLAMENTARIAS DE TRANSITO. (PARE, CEDA EL PASO, LUZ ROJA DEL SEMAFORO, ETC).",CHOQUE LATERAL,AUTOMOVIL,2,0,0,0,0,0,0,0,0,0,0,0,0,2,36,HOMBRE,ILESO,CONDUCTOR PRESENTE,NO,NO,0
21405,76613,76614,2019,0,0,-0.286665,-78.539551,PICHINCHA,QUITO,QUITO,URBANA,2019-11-29,10:30:00,10,VIERNES,5,NOVIEMBRE,11,NO,"CONDUCIR DESATENTO A LAS CONDICIONES DE TRANSITO (CELULAR, PANTALLAS DE VIDEO, COMIDA, MAQUILLAJE O CUALQUIER OTRO ELEMENTO DISTRACTOR).",ROZAMIENTOS,AUTOMOVIL,2,0,0,0,0,0,0,0,0,0,0,0,0,2,38,HOMBRE,ILESO,CONDUCTOR PRESENTE,NO,NO,0
21406,76614,76615,2019,0,0,-0.100959,-78.483228,PICHINCHA,QUITO,QUITO,URBANA,2019-11-29,10:50:00,10,VIERNES,5,NOVIEMBRE,11,NO,"CONDUCIR DESATENTO A LAS CONDICIONES DE TRANSITO (CELULAR, PANTALLAS DE VIDEO, COMIDA, MAQUILLAJE O CUALQUIER OTRO ELEMENTO DISTRACTOR).",CHOQUE LATERAL,MOTOCICLETA,0,0,0,0,1,0,0,0,1,0,0,0,0,2,31,HOMBRE,ILESO,CONDUCTOR PRESENTE,NO,NO,0
21407,76617,76618,2019,0,0,-0.211681,-78.503537,PICHINCHA,QUITO,QUITO,URBANA,2019-11-29,11:50:00,11,VIERNES,5,NOVIEMBRE,11,NO,"NO RESPETAR LAS SENIALES REGLAMENTARIAS DE TRANSITO. (PARE, CEDA EL PASO, LUZ ROJA DEL SEMAFORO, ETC).",ESTRELLAMIENTOS,AUTOMOVIL,3,0,0,0,0,0,0,0,0,0,0,0,0,3,32,HOMBRE,ILESO,CONDUCTOR PRESENTE,NO,NO,0
21408,76628,76629,2019,0,0,-0.208452,-78.493998,PICHINCHA,QUITO,QUITO,URBANA,2019-11-29,13:50:00,13,VIERNES,5,NOVIEMBRE,11,NO,CONDUCIR VEHICULO SUPERANDO LOS LIMITES MAXIMOS DE VELOCIDAD.,ESTRELLAMIENTOS,AUTOMOVIL,1,0,0,0,0,0,0,0,0,0,0,0,0,1,20,MUJER,ILESO,CONDUCTOR PRESENTE,NO,NO,0
21409,76630,76631,2019,2,0,-0.147327,-78.496263,PICHINCHA,QUITO,QUITO,URBANA,2019-11-29,14:25:00,14,VIERNES,5,NOVIEMBRE,11,NO,REALIZAR CAMBIO BRUSCO O INDEBIDO DE CARRIL.,CHOQUE LATERAL,AUTOMOVIL,2,0,0,0,0,0,0,0,0,0,0,0,0,2,31,MUJER,LESIONADO,CONDUCTOR PRESENTE,NO,NO,0
21410,76636,76637,2019,0,0,-0.245392,-78.536054,PICHINCHA,QUITO,QUITO,URBANA,2019-11-29,15:30:00,15,VIERNES,5,NOVIEMBRE,11,NO,NO MANTENER LA DISTANCIA PRUDENCIAL CON RESPECTO AL VEHICULO QUE LE ANTECEDE.,CHOQUE POSTERIOR,AUTOMOVIL,1,0,0,0,0,0,0,0,0,1,0,0,0,2,36,HOMBRE,ILESO,CONDUCTOR PRESENTE,NO,NO,0
21411,76639,76640,2019,0,0,-0.163073,-78.462599,PICHINCHA,QUITO,QUITO,URBANA,2019-11-29,16:30:00,16,VIERNES,5,NOVIEMBRE,11,NO,"CONDUCIR EN ESTADO DE SOMNOLENCIA O MALAS CONDICIONES FISICAS (SUENIO, CANSANCIO Y FATIGA).",ESTRELLAMIENTOS,CAMIONETA,1,0,0,0,1,0,0,0,0,0,0,0,0,2,56,HOMBRE,ILESO,CONDUCTOR PRESENTE,NO,NO,0
21412,76640,76641,2019,1,0,-0.241598,-78.532357,PICHINCHA,QUITO,QUITO,URBANA,2019-11-29,16:40:00,16,VIERNES,5,NOVIEMBRE,11,NO,"NO RESPETAR LAS SENIALES REGLAMENTARIAS DE TRANSITO. (PARE, CEDA EL PASO, LUZ ROJA DEL SEMAFORO, ETC).",ATROPELLOS,AUTOMOVIL,1,0,0,0,0,0,0,0,0,0,0,0,0,1,15,MUJER,LESIONADO,PEATON,NO,NO,0
21413,76641,76642,2019,0,0,-0.202618,-78.501253,PICHINCHA,QUITO,QUITO,URBANA,2019-11-29,16:45:00,16,VIERNES,5,NOVIEMBRE,11,NO,NO GUARDAR LA DISTANCIA LATERAL MINIMA DE SEGURIDAD ENTRE VEHICULOS.,ROZAMIENTOS,BUS,1,0,1,0,0,0,0,0,0,0,0,0,0,2,20,HOMBRE,ILESO,CONDUCTOR PRESENTE,NO,NO,0
21414,76650,76651,2019,1,0,-0.255497,-78.541508,PICHINCHA,QUITO,QUITO,URBANA,2019-11-29,19:30:00,19,VIERNES,5,NOVIEMBRE,11,NO,PEATON QUE CRUZA LA CALZADA SIN RESPETAR LA SENIALIZACION EXISTENTE (SEMAFOROS O SENIALES MANUALES).,ATROPELLOS,CAMIONETA,0,0,0,0,1,0,0,0,0,0,0,0,0,1,20,HOMBRE,LESIONADO,PEATON,NO,NO,0
21415,76653,76654,2019,0,0,-0.121626,-78.493929,PICHINCHA,QUITO,QUITO,URBANA,2019-11-29,21:30:00,21,VIERNES,5,NOVIEMBRE,11,NO,CONDUCIR VEHICULO SUPERANDO LOS LIMITES MAXIMOS DE VELOCIDAD.,CHOQUE POSTERIOR,AUTOMOVIL,2,0,0,0,0,0,0,0,0,0,0,0,0,2,26,HOMBRE,ILESO,CONDUCTOR PRESENTE,NO,NO,0
21416,76654,76655,2019,1,0,-0.300813,-78.567886,PICHINCHA,QUITO,QUITO,URBANA,2019-11-29,21:40:00,21,VIERNES,5,NOVIEMBRE,11,NO,"CONDUCE BAJO LA INFLUENCIA DE ALCOHOL, SUSTANCIAS ESTUPEFACIENTES O PSICOTROPICAS Y/O MEDICAMENTOS.",ESTRELLAMIENTOS,AUTOMOVIL,1,0,0,1,0,0,0,0,0,0,0,0,0,2,35,HOMBRE,LESIONADO,PASAJERO,NO,NO,0
21417,76661,76662,2019,0,0,-0.102441,-78.469145,PICHINCHA,QUITO,QUITO,URBANA,2019-11-29,23:25:00,23,VIERNES,5,NOVIEMBRE,11,NO,"CONDUCE BAJO LA INFLUENCIA DE ALCOHOL, SUSTANCIAS ESTUPEFACIENTES O PSICOTROPICAS Y/O MEDICAMENTOS.",ESTRELLAMIENTOS,AUTOMOVIL,2,0,0,0,0,0,0,0,0,0,0,0,0,2,51,HOMBRE,ILESO,CONDUCTOR PRESENTE,NO,NO,0
21418,76665,76666,2019,3,0,-0.445153,-78.632442,PICHINCHA,MEJIA,ALOAG,RURAL,2019-11-30,00:55:00,0,SABADO,6,NOVIEMBRE,11,NO,"CONDUCIR DESATENTO A LAS CONDICIONES DE TRANSITO (CELULAR, PANTALLAS DE VIDEO, COMIDA, MAQUILLAJE O CUALQUIER OTRO ELEMENTO DISTRACTOR).",PERDIDA DE PISTA,CAMION,0,0,0,1,0,0,0,0,0,0,0,0,0,1,34,HOMBRE,LESIONADO,CONDUCTOR PRESENTE,NO,SI,3
21419,76668,76669,2019,1,0,-0.128693,-78.471214,PICHINCHA,QUITO,QUITO,URBANA,2019-11-30,01:15:00,1,SABADO,6,NOVIEMBRE,11,NO,CONDUCIR VEHICULO SUPERANDO LOS LIMITES MAXIMOS DE VELOCIDAD.,CHOQUE LATERAL,MOTOCICLETA,0,0,0,0,0,0,0,0,1,1,0,0,0,2,20,HOMBRE,LESIONADO,PASAJERO,NO,NO,0
21420,76670,76671,2019,0,0,-0.219686,-78.506695,PICHINCHA,QUITO,QUITO,URBANA,2019-11-30,01:50:00,1,SABADO,6,NOVIEMBRE,11,NO,"NO RESPETAR LAS SENIALES REGLAMENTARIAS DE TRANSITO. (PARE, CEDA EL PASO, LUZ ROJA DEL SEMAFORO, ETC).",CHOQUE LATERAL,AUTOMOVIL,2,0,0,0,0,0,0,0,0,0,0,0,0,2,27,HOMBRE,ILESO,CONDUCTOR PRESENTE,NO,NO,0
21421,76675,76676,2019,1,0,-0.247251,-78.534943,PICHINCHA,QUITO,QUITO,URBANA,2019-11-30,02:34:00,2,SABADO,6,NOVIEMBRE,11,NO,CONDUCIR VEHICULO SUPERANDO LOS LIMITES MAXIMOS DE VELOCIDAD.,PERDIDA DE CARRIL,MOTOCICLETA,0,0,0,0,0,0,0,0,1,0,0,0,0,1,28,HOMBRE,LESIONADO,CONDUCTOR PRESENTE,NO,NO,0
21422,76679,76680,2019,0,0,-0.328831,-78.560625,PICHINCHA,QUITO,QUITO,URBANA,2019-11-30,03:10:00,3,SABADO,6,NOVIEMBRE,11,NO,CONDUCIR VEHICULO SUPERANDO LOS LIMITES MAXIMOS DE VELOCIDAD.,ESTRELLAMIENTOS,CAMION,0,0,0,1,0,0,0,0,0,0,0,0,0,1,26,HOMBRE,ILESO,PASAJERO,NO,NO,0
21423,76680,76681,2019,0,0,-0.100919,-78.453561,PICHINCHA,QUITO,CALDERON (CARAPUNGO),RURAL,2019-11-30,03:10:00,3,SABADO,6,NOVIEMBRE,11,NO,"CONDUCE BAJO LA INFLUENCIA DE ALCOHOL, SUSTANCIAS ESTUPEFACIENTES O PSICOTROPICAS Y/O MEDICAMENTOS.",CHOQUE POSTERIOR,AUTOMOVIL,2,0,0,0,0,0,0,0,0,0,0,0,0,2,41,HOMBRE,ILESO,CONDUCTOR PRESENTE,NO,NO,3
21424,76687,76688,2019,0,0,-0.229291,-78.451589,PICHINCHA,QUITO,CUMBAYA,RURAL,2019-11-30,04:40:00,4,SABADO,6,NOVIEMBRE,11,NO,CONDUCIR VEHICULO SUPERANDO LOS LIMITES MAXIMOS DE VELOCIDAD.,ESTRELLAMIENTOS,AUTOMOVIL,1,0,0,0,0,0,0,0,0,0,0,0,0,1,62,HOMBRE,ILESO,CONDUCTOR PRESENTE,NO,NO,3
21425,76689,76690,2019,0,0,-0.091585,-78.439052,PICHINCHA,QUITO,CALDERON (CARAPUNGO),RURAL,2019-11-30,05:10:00,5,SABADO,6,NOVIEMBRE,11,NO,CONDUCIR VEHICULO SUPERANDO LOS LIMITES MAXIMOS DE VELOCIDAD.,ESTRELLAMIENTOS,AUTOMOVIL,1,0,0,0,0,0,0,0,0,0,0,0,0,1,-1,NO IDENTIFICADO,NO IDENTIFICADO,CONDUCTOR AUSENTE,NO,NO,2
21426,76690,76691,2019,0,0,-0.250641,-78.538033,PICHINCHA,QUITO,QUITO,URBANA,2019-11-30,05:30:00,5,SABADO,6,NOVIEMBRE,11,NO,"CONDUCE BAJO LA INFLUENCIA DE ALCOHOL, SUSTANCIAS ESTUPEFACIENTES O PSICOTROPICAS Y/O MEDICAMENTOS.",CHOQUE LATERAL,AUTOMOVIL,2,0,0,0,0,0,0,0,0,0,0,0,0,2,36,HOMBRE,ILESO,CONDUCTOR PRESENTE,NO,NO,0
21427,76694,76695,2019,2,0,-0.251067,-78.337281,PICHINCHA,QUITO,PIFO,URBANA,2019-11-30,07:45:00,7,SABADO,6,NOVIEMBRE,11,NO,"CONDUCIR DESATENTO A LAS CONDICIONES DE TRANSITO (CELULAR, PANTALLAS DE VIDEO, COMIDA, MAQUILLAJE O CUALQUIER OTRO ELEMENTO DISTRACTOR).",ATROPELLOS,AUTOMOVIL,1,0,0,0,0,0,0,0,0,0,0,0,0,1,21,HOMBRE,LESIONADO,PEATON,NO,SI,0
21428,76703,76704,2019,1,0,-0.109369,-78.458375,PICHINCHA,QUITO,CALDERON (CARAPUNGO),RURAL,2019-11-30,11:00:00,11,SABADO,6,NOVIEMBRE,11,NO,CONDUCIR VEHICULO SUPERANDO LOS LIMITES MAXIMOS DE VELOCIDAD.,CHOQUE POSTERIOR,CAMION,0,0,0,1,0,0,0,1,0,0,0,0,0,2,27,HOMBRE,LESIONADO,CONDUCTOR PRESENTE,NO,NO,3
21429,76704,76705,2019,1,0,-0.140846,-78.496473,PICHINCHA,QUITO,QUITO,URBANA,2019-11-30,11:25:00,11,SABADO,6,NOVIEMBRE,11,NO,"NO RESPETAR LAS SENIALES REGLAMENTARIAS DE TRANSITO. (PARE, CEDA EL PASO, LUZ ROJA DEL SEMAFORO, ETC).",OTROS,MOTOCICLETA,1,0,0,0,0,0,0,0,1,0,0,0,0,2,36,HOMBRE,LESIONADO,CONDUCTOR PRESENTE,NO,NO,0
21430,76711,76712,2019,1,0,-0.122237,-78.495545,PICHINCHA,QUITO,QUITO,URBANA,2019-11-30,12:40:00,12,SABADO,6,NOVIEMBRE,11,NO,"CONDUCE BAJO LA INFLUENCIA DE ALCOHOL, SUSTANCIAS ESTUPEFACIENTES O PSICOTROPICAS Y/O MEDICAMENTOS.",CHOQUE LATERAL,AUTOMOVIL,1,0,0,0,0,0,0,0,1,0,0,0,0,2,25,HOMBRE,LESIONADO,CONDUCTOR PRESENTE,NO,NO,0
21431,76714,76715,2019,1,0,-0.291479,-78.479459,PICHINCHA,QUITO,CONOCOTO,RURAL,2019-11-30,13:55:00,13,SABADO,6,NOVIEMBRE,11,NO,NO CEDER EL DERECHO DE VIA O PREFERENCIA DE PASO AL PEATON.,ATROPELLOS,NO IDENTIFICADO,0,0,0,0,0,0,0,0,0,1,0,0,0,1,87,HOMBRE,LESIONADO,PEATON,NO,NO,3
21432,76723,76724,2019,2,0,-0.263759,-78.541684,PICHINCHA,QUITO,QUITO,URBANA,2019-11-30,16:00:00,16,SABADO,6,NOVIEMBRE,11,NO,CONDUCIR VEHICULO SUPERANDO LOS LIMITES MAXIMOS DE VELOCIDAD.,ATROPELLOS,AUTOMOVIL,1,0,0,0,0,0,0,0,0,0,0,0,0,1,80,MUJER,LESIONADO,PEATON,NO,NO,0
21433,76726,76727,2019,1,0,-0.116014,-78.479591,PICHINCHA,QUITO,QUITO,URBANA,2019-11-30,17:22:00,17,SABADO,6,NOVIEMBRE,11,NO,"CONDUCE BAJO LA INFLUENCIA DE ALCOHOL, SUSTANCIAS ESTUPEFACIENTES O PSICOTROPICAS Y/O MEDICAMENTOS.",ESTRELLAMIENTOS,CAMIONETA,1,0,0,0,1,0,0,0,1,0,0,0,0,3,21,HOMBRE,LESIONADO,CONDUCTOR PRESENTE,NO,NO,0
21434,76733,76734,2019,2,0,-0.177802,-78.488934,PICHINCHA,QUITO,QUITO,URBANA,2019-11-30,20:00:00,20,SABADO,6,NOVIEMBRE,11,NO,"CONDUCE BAJO LA INFLUENCIA DE ALCOHOL, SUSTANCIAS ESTUPEFACIENTES O PSICOTROPICAS Y/O MEDICAMENTOS.",CHOQUE POSTERIOR,CAMIONETA,1,0,0,0,1,0,0,0,0,0,0,0,0,2,56,MUJER,LESIONADO,PASAJERO,NO,NO,0
21435,76741,76742,2019,0,0,-0.292059,-78.478306,PICHINCHA,QUITO,CONOCOTO,RURAL,2019-11-30,22:20:00,22,SABADO,6,NOVIEMBRE,11,NO,"CONDUCE BAJO LA INFLUENCIA DE ALCOHOL, SUSTANCIAS ESTUPEFACIENTES O PSICOTROPICAS Y/O MEDICAMENTOS.",CHOQUE LATERAL,AUTOMOVIL,2,0,0,0,0,0,0,0,0,0,0,0,0,2,32,HOMBRE,ILESO,CONDUCTOR PRESENTE,NO,NO,3
21436,76742,76743,2019,0,0,-0.299432,-78.559038,PICHINCHA,QUITO,QUITO,URBANA,2019-11-30,22:45:00,22,SABADO,6,NOVIEMBRE,11,NO,NO MANTENER LA DISTANCIA PRUDENCIAL CON RESPECTO AL VEHICULO QUE LE ANTECEDE.,CHOQUE POSTERIOR,AUTOMOVIL,2,0,0,0,0,0,0,0,0,0,0,0,0,2,33,MUJER,ILESO,CONDUCTOR PRESENTE,NO,NO,0
21437,76745,76746,2019,0,0,-0.244553,-78.502496,PICHINCHA,QUITO,QUITO,URBANA,2019-12-01,00:00:00,0,DOMINGO,7,DICIEMBRE,12,NO,"CASO FORTUITO O FUERZA MAYOR (EXPLOSION DE NEUMATICO NUEVO, DERRUMBE, INUNDACION, CAIDA DE PUENTE, ARBOL, PRESENCIA INTEMPESTIVA E IMPREVISTA DE SEMOVIENTES EN LA VIA, ETC.).",OTROS,CAMIONETA,0,0,0,0,1,0,0,0,0,0,0,0,0,1,-1,NO IDENTIFICADO,NO IDENTIFICADO,CONDUCTOR AUSENTE,NO,NO,2
21438,76754,76755,2019,0,0,-0.109369,-78.458375,PICHINCHA,QUITO,CALDERON (CARAPUNGO),RURAL,2019-12-01,01:20:00,1,DOMINGO,7,DICIEMBRE,12,NO,"CONDICIONES AMBIENTALES Y/O ATMOSFERICAS (NIEBLA, NEBLINA, GRANIZO, LLUVIA).",ESTRELLAMIENTOS,AUTOMOVIL,1,0,0,0,0,0,0,0,0,0,0,0,0,1,21,HOMBRE,ILESO,CONDUCTOR PRESENTE,NO,NO,3
21439,76756,76757,2019,0,0,-0.298305,-78.452523,PICHINCHA,QUITO,ALANGASI,RURAL,2019-12-01,01:30:00,1,DOMINGO,7,DICIEMBRE,12,NO,"NO RESPETAR LAS SENIALES REGLAMENTARIAS DE TRANSITO. (PARE, CEDA EL PASO, LUZ ROJA DEL SEMAFORO, ETC).",OTROS,AUTOMOVIL,1,0,0,0,0,0,0,0,0,0,0,0,0,1,-1,NO IDENTIFICADO,NO IDENTIFICADO,CONDUCTOR AUSENTE,NO,NO,2
21440,76758,76759,2019,2,0,-0.304504,-78.566841,PICHINCHA,QUITO,QUITO,URBANA,2019-12-01,02:10:00,2,DOMINGO,7,DICIEMBRE,12,NO,CONDUCIR VEHICULO SUPERANDO LOS LIMITES MAXIMOS DE VELOCIDAD.,CHOQUE LATERAL,AUTOMOVIL,1,0,0,0,0,0,0,0,1,0,0,0,0,2,51,MUJER,LESIONADO,PASAJERO,NO,NO,0
21441,76761,76762,2019,0,0,-0.128701,-78.493882,PICHINCHA,QUITO,QUITO,URBANA,2019-12-01,02:20:00,2,DOMINGO,7,DICIEMBRE,12,NO,DANIOS MECANICOS PREVISIBLES.,ESTRELLAMIENTOS,AUTOMOVIL,1,0,0,0,0,0,0,0,0,0,0,0,0,1,-1,NO IDENTIFICADO,NO IDENTIFICADO,CONDUCTOR AUSENTE,NO,NO,2
21442,76762,76763,2019,0,0,-0.291889,-78.558471,PICHINCHA,QUITO,QUITO,URBANA,2019-12-01,02:50:00,2,DOMINGO,7,DICIEMBRE,12,NO,"CONDUCIR DESATENTO A LAS CONDICIONES DE TRANSITO (CELULAR, PANTALLAS DE VIDEO, COMIDA, MAQUILLAJE O CUALQUIER OTRO ELEMENTO DISTRACTOR).",ESTRELLAMIENTOS,AUTOMOVIL,1,0,0,0,0,0,0,0,0,0,0,0,0,1,36,HOMBRE,ILESO,CONDUCTOR PRESENTE,NO,NO,0
21443,76766,76767,2019,0,0,-0.223576,-78.510911,PICHINCHA,QUITO,QUITO,URBANA,2019-12-01,03:15:00,3,DOMINGO,7,DICIEMBRE,12,NO,"CONDUCE BAJO LA INFLUENCIA DE ALCOHOL, SUSTANCIAS ESTUPEFACIENTES O PSICOTROPICAS Y/O MEDICAMENTOS.",CHOQUE LATERAL,AUTOMOVIL,2,0,0,0,0,0,0,0,0,0,0,0,0,2,31,HOMBRE,ILESO,CONDUCTOR PRESENTE,NO,NO,0
21444,76767,76768,2019,0,0,-0.059541,-78.456194,PICHINCHA,QUITO,POMASQUI,URBANA,2019-12-01,03:20:00,3,DOMINGO,7,DICIEMBRE,12,NO,"CONDUCIR DESATENTO A LAS CONDICIONES DE TRANSITO (CELULAR, PANTALLAS DE VIDEO, COMIDA, MAQUILLAJE O CUALQUIER OTRO ELEMENTO DISTRACTOR).",PERDIDA DE PISTA,AUTOMOVIL,1,0,0,0,0,0,0,0,0,0,0,0,1,2,36,MUJER,ILESO,CONDUCTOR PRESENTE,NO,SI,2
21445,76778,76779,2019,0,0,-0.279006,-78.552851,PICHINCHA,QUITO,QUITO,URBANA,2019-12-01,05:20:00,5,DOMINGO,7,DICIEMBRE,12,NO,NO GUARDAR LA DISTANCIA LATERAL MINIMA DE SEGURIDAD ENTRE VEHICULOS.,CHOQUE LATERAL,CAMIONETA,1,0,0,0,1,0,0,0,0,0,0,0,0,2,58,HOMBRE,ILESO,CONDUCTOR PRESENTE,NO,NO,0
21446,76783,76784,2019,0,0,-0.211021,-78.498468,PICHINCHA,QUITO,QUITO,URBANA,2019-12-01,06:20:00,6,DOMINGO,7,DICIEMBRE,12,NO,CONDUCIR VEHICULO SUPERANDO LOS LIMITES MAXIMOS DE VELOCIDAD.,ESTRELLAMIENTOS,AUTOMOVIL,1,0,0,0,0,0,0,0,0,0,0,0,0,1,57,MUJER,ILESO,CONDUCTOR PRESENTE,NO,NO,0
21447,76787,76788,2019,1,0,-0.163401,-78.475184,PICHINCHA,QUITO,QUITO,URBANA,2019-12-01,06:55:00,6,DOMINGO,7,DICIEMBRE,12,NO,NO CEDER EL DERECHO DE VIA O PREFERENCIA DE PASO AL PEATON.,ATROPELLOS,MOTOCICLETA,0,0,0,0,0,0,0,0,1,0,0,0,0,1,67,MUJER,LESIONADO,PEATON,NO,NO,0
21448,76791,76792,2019,0,0,-0.094383,-78.437331,PICHINCHA,QUITO,CALDERON (CARAPUNGO),RURAL,2019-12-01,07:20:00,7,DOMINGO,7,DICIEMBRE,12,NO,DANIOS MECANICOS PREVISIBLES.,ESTRELLAMIENTOS,AUTOMOVIL,1,0,0,0,0,0,0,0,0,0,0,0,0,1,-1,NO IDENTIFICADO,NO IDENTIFICADO,CONDUCTOR AUSENTE,NO,NO,2
21449,76797,76798,2019,0,0,-0.232011,-78.523463,PICHINCHA,QUITO,QUITO,URBANA,2019-12-01,08:00:00,8,DOMINGO,7,DICIEMBRE,12,NO,DANIOS MECANICOS PREVISIBLES.,CHOQUE POSTERIOR,AUTOMOVIL,2,0,0,0,0,0,0,0,0,0,0,0,0,2,44,MUJER,ILESO,CONDUCTOR PRESENTE,NO,NO,0
21450,76812,76813,2019,0,0,-0.442272,-78.771225,PICHINCHA,MEJIA,MANUEL CORNEJO ASTORGA,RURAL,2019-12-01,13:00:00,13,DOMINGO,7,DICIEMBRE,12,NO,"CONDUCIR DESATENTO A LAS CONDICIONES DE TRANSITO (CELULAR, PANTALLAS DE VIDEO, COMIDA, MAQUILLAJE O CUALQUIER OTRO ELEMENTO DISTRACTOR).",PERDIDA DE PISTA,CAMIONETA,0,0,0,0,1,0,0,0,0,0,0,0,0,1,-1,NO IDENTIFICADO,NO IDENTIFICADO,CONDUCTOR AUSENTE,NO,NO,2
21451,76816,76817,2019,1,0,-0.312421,-78.527362,PICHINCHA,QUITO,QUITO,URBANA,2019-12-01,14:15:00,14,DOMINGO,7,DICIEMBRE,12,NO,CONDUCIR VEHICULO SUPERANDO LOS LIMITES MAXIMOS DE VELOCIDAD.,OTROS,AUTOMOVIL,2,0,0,0,0,0,0,0,0,1,0,0,0,3,42,HOMBRE,LESIONADO,PEATON,NO,NO,0
21452,76827,76828,2019,1,0,-0.150393,-78.453592,PICHINCHA,QUITO,QUITO,RURAL,2019-12-01,16:05:00,16,DOMINGO,7,DICIEMBRE,12,NO,"CONDICIONES AMBIENTALES Y/O ATMOSFERICAS (NIEBLA, NEBLINA, GRANIZO, LLUVIA).",OTROS,MOTOCICLETA,1,0,0,0,0,0,0,0,1,1,0,0,0,3,26,HOMBRE,LESIONADO,CONDUCTOR PRESENTE,NO,NO,3
21453,76842,76843,2019,2,0,-0.251915,-78.519741,PICHINCHA,QUITO,QUITO,URBANA,2019-12-01,19:00:00,19,DOMINGO,7,DICIEMBRE,12,NO,"CONDUCE BAJO LA INFLUENCIA DE ALCOHOL, SUSTANCIAS ESTUPEFACIENTES O PSICOTROPICAS Y/O MEDICAMENTOS.",ATROPELLOS,AUTOMOVIL,1,0,0,0,0,0,0,0,0,0,0,0,0,1,3,HOMBRE,LESIONADO,PEATON,NO,NO,0