,Unnamed: 0,ID,ANIO,LESIONADOS,FALLECIDOS,LATITUD_Y,LONGITUD_X,PROVINCIA,CANTON,PARROQUIA,ZONA,FECHA,HORA,PERIODO_2,DIA_1,DIA_2,MES_1,MES_2,FERIADO,CAUSA_PROBABLE,TIPO_DE_SINIESTRO,TIPO_DE_VEHICULO_1,AUTOMOVIL,BICICLETA,BUS,CAMION,CAMIONETA,EMERGENCIAS,ESPECIAL,FURGONETA,MOTOCICLETA,NO_IDENTIFICADO,SCOOTER_ELECTRICO,TRICIMOTO,VEHICULO_DEPORTIVO_UTILITARIO,SUMA_DE_VEHICULOS,EDAD_1,SEXO_1,CONDICION_1,PARTICIPANTE_1,CASCO_1,CINTURON_1,KMeans_Cluster
21454,76848,76849,2019,0,0,-0.154921,-78.503537,PICHINCHA,QUITO,QUITO,URBANA,2019-12-01,19:50:00,19,DOMINGO,7,DICIEMBRE,12,NO,DANIOS MECANICOS PREVISIBLES.,ESTRELLAMIENTOS,AUTOMOVIL,2,0,0,0,0,0,0,0,0,0,0,0,0,2,-1,NO IDENTIFICADO,NO IDENTIFICADO,CONDUCTOR AUSENTE,NO,NO,2
21455,76859,76860,2019,0,1,-0.404636,-78.808187,PICHINCHA,MEJIA,MANUEL CORNEJO ASTORGA,RURAL,2019-12-01,21:00:00,21,DOMINGO,7,DICIEMBRE,12,NO,"CONDUCIR DESATENTO A LAS CONDICIONES DE TRANSITO (CELULAR, PANTALLAS DE VIDEO, COMIDA, MAQUILLAJE O CUALQUIER OTRO ELEMENTO DISTRACTOR).",ATROPELLOS,VEHICULO DEPORTIVO UTILITARIO,0,0,0,0,0,0,0,0,0,0,0,0,1,1,42,HOMBRE,FALLECIDO,PEATON,NO,NO,3
21456,76866,76867,2019,0,0,-0.232254,-78.505317,PICHINCHA,QUITO,QUITO,URBANA,2019-12-01,23:30:00,23,DOMINGO,7,DICIEMBRE,12,NO,"NO RESPETAR LAS SENIALES REGLAMENTARIAS DE TRANSITO. (PARE, CEDA EL PASO, LUZ ROJA DEL SEMAFORO, ETC).",CHOQUE LATERAL,AUTOMOVIL,2,0,0,0,0,0,0,0,0,0,0,0,0,2,1,MUJER,ILESO,PASAJERO,NO,NO,0
21457,76872,76873,2019,0,0,-0.211526,-78.446722,PICHINCHA,QUITO,CUMBAYA,RURAL,2019-12-02,05:34:00,5,LUNES,1,DICIEMBRE,12,NO,"CONDUCIR EN ESTADO DE SOMNOLENCIA O MALAS CONDICIONES FISICAS (SUENIO, CANSANCIO Y FATIGA).",ESTRELLAMIENTOS,AUTOMOVIL,1,0,0,0,0,0,0,0,0,0,0,0,0,1,39,MUJER,ILESO,CONDUCTOR PRESENTE,NO,NO,3
21458,76876,76877,2019,0,0,-0.239612,-78.530704,PICHINCHA,QUITO,QUITO,URBANA,2019-12-02,06:30:00,6,LUNES,1,DICIEMBRE,12,NO,CONDUCIR VEHICULO SUPERANDO LOS LIMITES MAXIMOS DE VELOCIDAD.,CHOQUE LATERAL,FURGONETA,0,0,1,0,0,0,0,1,0,0,0,0,0,2,7,HOMBRE,ILESO,PASAJERO,NO,NO,0
21459,76877,76878,2019,0,0,-0.237474,-78.484642,PICHINCHA,QUITO,QUITO,URBANA,2019-12-02,06:38:00,6,LUNES,1,DICIEMBRE,12,NO,NO MANTENER LA DISTANCIA PRUDENCIAL CON RESPECTO AL VEHICULO QUE LE ANTECEDE.,CHOQUE POSTERIOR,AUTOMOVIL,2,0,0,0,0,0,0,0,0,0,0,0,0,2,23,MUJER,ILESO,CONDUCTOR PRESENTE,NO,NO,0
21460,76881,76882,2019,0,0,-0.007423,-78.447961,PICHINCHA,QUITO,SAN ANTONIO (QUITO),RURAL,2019-12-02,07:18:00,7,LUNES,1,DICIEMBRE,12,NO,NO GUARDAR LA DISTANCIA LATERAL MINIMA DE SEGURIDAD ENTRE VEHICULOS.,CHOQUE LATERAL,AUTOMOVIL,2,0,0,0,0,0,0,0,0,0,0,0,0,2,36,HOMBRE,ILESO,CONDUCTOR PRESENTE,NO,NO,3
21461,76885,76886,2019,0,0,-0.141949,-78.494951,PICHINCHA,QUITO,QUITO,URBANA,2019-12-02,08:15:00,8,LUNES,1,DICIEMBRE,12,NO,NO GUARDAR LA DISTANCIA LATERAL MINIMA DE SEGURIDAD ENTRE VEHICULOS.,CHOQUE LATERAL,AUTOMOVIL,2,0,0,0,0,0,0,0,0,0,0,0,0,2,30,MUJER,ILESO,CONDUCTOR PRESENTE,NO,NO,0
21462,76899,76900,2019,0,0,-0.177282,-78.359537,PICHINCHA,QUITO,PUEMBO,RURAL,2019-12-02,12:08:00,12,LUNES,1,DICIEMBRE,12,NO,CONDUCIR VEHICULO SUPERANDO LOS LIMITES MAXIMOS DE VELOCIDAD.,ATROPELLOS,CAMIONETA,0,0,0,0,1,0,0,0,0,0,0,0,0,1,-1,NO IDENTIFICADO,NO IDENTIFICADO,CONDUCTOR AUSENTE,NO,NO,2
21463,76903,76904,2019,0,1,-0.188478,-78.447371,PICHINCHA,QUITO,NAYON,RURAL,2019-12-02,14:30:00,14,LUNES,1,DICIEMBRE,12,NO,CONDUCIR VEHICULO SUPERANDO LOS LIMITES MAXIMOS DE VELOCIDAD.,ESTRELLAMIENTOS,MOTOCICLETA,0,0,0,0,0,0,0,0,1,0,0,0,0,1,25,HOMBRE,FALLECIDO,CONDUCTOR PRESENTE,NO,NO,3
21464,76914,76915,2019,1,0,-0.410785,-78.547688,PICHINCHA,MEJIA,TAMBILLO (MEJIA),RURAL,2019-12-02,19:00:00,19,LUNES,1,DICIEMBRE,12,NO,"CONDUCIR DESATENTO A LAS CONDICIONES DE TRANSITO (CELULAR, PANTALLAS DE VIDEO, COMIDA, MAQUILLAJE O CUALQUIER OTRO ELEMENTO DISTRACTOR).",ATROPELLOS,CAMIONETA,0,0,0,0,1,0,0,0,0,0,0,0,0,1,15,MUJER,LESIONADO,PEATON,NO,NO,3
21465,76915,76916,2019,1,0,-0.262681,-78.547311,PICHINCHA,QUITO,QUITO,URBANA,2019-12-02,19:15:00,19,LUNES,1,DICIEMBRE,12,NO,CONDUCIR VEHICULO SUPERANDO LOS LIMITES MAXIMOS DE VELOCIDAD.,ATROPELLOS,NO IDENTIFICADO,0,0,0,0,0,0,0,0,0,1,0,0,0,1,20,HOMBRE,LESIONADO,PEATON,NO,NO,0
21466,76919,76920,2019,2,0,-0.174794,-78.491591,PICHINCHA,QUITO,QUITO,URBANA,2019-12-02,20:00:00,20,LUNES,1,DICIEMBRE,12,NO,"NO RESPETAR LAS SENIALES REGLAMENTARIAS DE TRANSITO. (PARE, CEDA EL PASO, LUZ ROJA DEL SEMAFORO, ETC).",CHOQUE LATERAL,MOTOCICLETA,0,0,0,0,0,0,0,1,1,0,0,0,0,2,20,MUJER,LESIONADO,PASAJERO,NO,NO,0
21467,76920,76921,2019,0,0,-0.228105,-78.514513,PICHINCHA,QUITO,QUITO,URBANA,2019-12-02,21:00:00,21,LUNES,1,DICIEMBRE,12,NO,NO MANTENER LA DISTANCIA PRUDENCIAL CON RESPECTO AL VEHICULO QUE LE ANTECEDE.,CHOQUE POSTERIOR,AUTOMOVIL,2,0,0,0,0,0,0,0,0,0,0,0,0,2,46,HOMBRE,ILESO,CONDUCTOR PRESENTE,NO,NO,0
21468,76931,76932,2019,0,0,-0.447555,-78.712194,PICHINCHA,MEJIA,ALOAG,RURAL,2019-12-03,01:45:00,1,MARTES,2,DICIEMBRE,12,NO,"CONDUCIR DESATENTO A LAS CONDICIONES DE TRANSITO (CELULAR, PANTALLAS DE VIDEO, COMIDA, MAQUILLAJE O CUALQUIER OTRO ELEMENTO DISTRACTOR).",PERDIDA DE PISTA,CAMION,0,0,0,1,0,0,0,0,0,0,0,0,0,1,-1,NO IDENTIFICADO,NO IDENTIFICADO,CONDUCTOR AUSENTE,NO,NO,2
21469,76935,76936,2019,0,0,-0.289581,-78.538399,PICHINCHA,QUITO,QUITO,URBANA,2019-12-03,05:10:00,5,MARTES,2,DICIEMBRE,12,NO,CONDUCIR VEHICULO SUPERANDO LOS LIMITES MAXIMOS DE VELOCIDAD.,ESTRELLAMIENTOS,AUTOMOVIL,1,0,0,0,0,0,0,0,0,0,0,0,0,1,-1,NO IDENTIFICADO,NO IDENTIFICADO,CONDUCTOR AUSENTE,NO,NO,2
21470,76936,76937,2019,0,0,-0.247491,-78.508366,PICHINCHA,QUITO,QUITO,URBANA,2019-12-03,06:30:00,6,MARTES,2,DICIEMBRE,12,NO,NO GUARDAR LA DISTANCIA LATERAL MINIMA DE SEGURIDAD ENTRE VEHICULOS.,OTROS,AUTOMOVIL,1,0,0,0,0,0,0,0,0,0,0,0,0,1,-1,NO IDENTIFICADO,NO IDENTIFICADO,CONDUCTOR AUSENTE,NO,NO,2
21471,76941,76942,2019,1,0,-0.249714,-78.517205,PICHINCHA,QUITO,QUITO,URBANA,2019-12-03,07:30:00,7,MARTES,2,DICIEMBRE,12,NO,PEATON QUE CRUZA LA CALZADA SIN RESPETAR LA SENIALIZACION EXISTENTE (SEMAFOROS O SENIALES MANUALES).,ATROPELLOS,MOTOCICLETA,0,0,0,0,0,0,0,0,1,0,0,0,0,1,29,MUJER,LESIONADO,CONDUCTOR PRESENTE,NO,NO,0
21472,76946,76947,2019,1,0,-0.284269,-78.518971,PICHINCHA,QUITO,QUITO,URBANA,2019-12-03,08:22:00,8,MARTES,2,DICIEMBRE,12,NO,NO MANTENER LA DISTANCIA PRUDENCIAL CON RESPECTO AL VEHICULO QUE LE ANTECEDE.,CHOQUE POSTERIOR,AUTOMOVIL,1,0,0,0,0,0,0,0,0,1,0,0,0,2,30,HOMBRE,LESIONADO,CONDUCTOR PRESENTE,NO,NO,0
21473,76947,76948,2019,0,0,-0.328479,-78.522294,PICHINCHA,QUITO,QUITO,RURAL,2019-12-03,08:25:00,8,MARTES,2,DICIEMBRE,12,NO,CONDUCIR VEHICULO SUPERANDO LOS LIMITES MAXIMOS DE VELOCIDAD.,COLISION,AUTOMOVIL,3,0,0,0,1,0,0,0,0,0,0,0,0,4,22,HOMBRE,ILESO,CONDUCTOR PRESENTE,NO,NO,3
21474,76954,76955,2019,0,0,-0.142074,-78.477831,PICHINCHA,QUITO,QUITO,URBANA,2019-12-03,10:50:00,10,MARTES,2,DICIEMBRE,12,NO,NO MANTENER LA DISTANCIA PRUDENCIAL CON RESPECTO AL VEHICULO QUE LE ANTECEDE.,COLISION,AUTOMOVIL,3,0,0,0,0,0,0,0,0,0,0,0,0,3,34,MUJER,ILESO,CONDUCTOR PRESENTE,NO,NO,0
21475,76967,76968,2019,3,0,-0.291131,-78.524158,PICHINCHA,QUITO,QUITO,URBANA,2019-12-03,15:30:00,15,MARTES,2,DICIEMBRE,12,NO,CONDUCIR VEHICULO SUPERANDO LOS LIMITES MAXIMOS DE VELOCIDAD.,CHOQUE LATERAL,AUTOMOVIL,1,0,0,0,0,0,0,0,0,1,0,0,0,2,38,MUJER,LESIONADO,PASAJERO,NO,NO,0
21476,76970,76971,2019,0,0,-0.246929,-78.532839,PICHINCHA,QUITO,QUITO,URBANA,2019-12-03,17:20:00,17,MARTES,2,DICIEMBRE,12,NO,"NO RESPETAR LAS SENIALES REGLAMENTARIAS DE TRANSITO. (PARE, CEDA EL PASO, LUZ ROJA DEL SEMAFORO, ETC).",CHOQUE LATERAL,AUTOMOVIL,2,0,0,0,0,0,0,0,0,0,0,0,0,2,38,HOMBRE,ILESO,CONDUCTOR PRESENTE,NO,NO,0
21477,76974,76975,2019,0,0,-0.293696,-78.568667,PICHINCHA,QUITO,QUITO,URBANA,2019-12-03,17:49:00,17,MARTES,2,DICIEMBRE,12,NO,CONDUCIR VEHICULO SUPERANDO LOS LIMITES MAXIMOS DE VELOCIDAD.,OTROS,AUTOMOVIL,1,0,0,0,0,0,0,0,0,0,0,0,0,1,-1,NO IDENTIFICADO,NO IDENTIFICADO,CONDUCTOR AUSENTE,NO,NO,2
21478,76976,76977,2019,2,0,-0.259418,-78.518988,PICHINCHA,QUITO,QUITO,URBANA,2019-12-03,18:30:00,18,MARTES,2,DICIEMBRE,12,NO,NO CEDER EL DERECHO DE VIA O PREFERENCIA DE PASO AL PEATON.,ATROPELLOS,NO IDENTIFICADO,0,0,0,0,0,0,0,0,0,1,0,0,0,1,28,HOMBRE,LESIONADO,PEATON,NO,NO,0
21479,76979,76980,2019,0,0,-0.224592,-78.396554,PICHINCHA,QUITO,TUMBACO,RURAL,2019-12-03,18:43:00,18,MARTES,2,DICIEMBRE,12,NO,CONDUCIR VEHICULO SUPERANDO LOS LIMITES MAXIMOS DE VELOCIDAD.,OTROS,AUTOMOVIL,3,0,0,0,0,0,0,0,0,0,0,0,0,3,55,HOMBRE,ILESO,CONDUCTOR PRESENTE,NO,NO,3
21480,76980,76981,2019,1,0,-0.211092,-78.512713,PICHINCHA,QUITO,QUITO,URBANA,2019-12-03,18:45:00,18,MARTES,2,DICIEMBRE,12,NO,CONDUCIR VEHICULO SUPERANDO LOS LIMITES MAXIMOS DE VELOCIDAD.,CHOQUE LATERAL,MOTOCICLETA,1,0,0,0,0,0,0,0,1,0,0,0,0,2,26,HOMBRE,LESIONADO,CONDUCTOR PRESENTE,NO,NO,0
21481,76981,76982,2019,0,0,-0.346573,-78.863466,PICHINCHA,MEJIA,MANUEL CORNEJO ASTORGA,RURAL,2019-12-03,19:30:00,19,MARTES,2,DICIEMBRE,12,NO,"CONDUCIR DESATENTO A LAS CONDICIONES DE TRANSITO (CELULAR, PANTALLAS DE VIDEO, COMIDA, MAQUILLAJE O CUALQUIER OTRO ELEMENTO DISTRACTOR).",PERDIDA DE PISTA,CAMION,1,0,0,1,0,0,0,0,0,0,0,0,0,2,-1,HOMBRE,ILESO,CONDUCTOR PRESENTE,NO,NO,3
21482,76982,76983,2019,0,0,-0.121941,-78.466432,PICHINCHA,QUITO,QUITO,URBANA,2019-12-03,19:50:00,19,MARTES,2,DICIEMBRE,12,NO,NO MANTENER LA DISTANCIA PRUDENCIAL CON RESPECTO AL VEHICULO QUE LE ANTECEDE.,CHOQUE POSTERIOR,MOTOCICLETA,1,0,0,0,0,0,0,0,1,0,0,0,0,2,22,HOMBRE,ILESO,CONDUCTOR PRESENTE,SI,NO,0
21483,76988,76989,2019,0,0,-0.180895,-78.494573,PICHINCHA,QUITO,QUITO,URBANA,2019-12-03,22:30:00,22,MARTES,2,DICIEMBRE,12,NO,"CONDUCIR DESATENTO A LAS CONDICIONES DE TRANSITO (CELULAR, PANTALLAS DE VIDEO, COMIDA, MAQUILLAJE O CUALQUIER OTRO ELEMENTO DISTRACTOR).",ESTRELLAMIENTOS,MOTOCICLETA,0,0,0,0,0,0,0,0,1,0,0,0,0,1,33,HOMBRE,ILESO,CONDUCTOR PRESENTE,NO,NO,0
21484,76993,76994,2019,3,0,-0.163331,-78.489608,PICHINCHA,QUITO,QUITO,URBANA,2019-12-04,06:20:00,6,MIERCOLES,3,DICIEMBRE,12,NO,"NO RESPETAR LAS SENIALES REGLAMENTARIAS DE TRANSITO. (PARE, CEDA EL PASO, LUZ ROJA DEL SEMAFORO, ETC).",CHOQUE LATERAL,AUTOMOVIL,2,0,0,0,0,0,0,0,0,0,0,0,0,2,27,HOMBRE,LESIONADO,CONDUCTOR PRESENTE,NO,NO,0
21485,76994,76995,2019,1,0,-0.327377,-78.574206,PICHINCHA,QUITO,QUITO,URBANA,2019-12-04,06:35:00,6,MIERCOLES,3,DICIEMBRE,12,NO,NO TRANSITAR POR LAS ACERAS O ZONAS DE SEGURIDAD DESTINADAS PARA EL EFECTO.,ATROPELLOS,MOTOCICLETA,0,0,0,0,0,0,0,0,1,0,0,0,0,1,14,MUJER,LESIONADO,PEATON,NO,NO,0
21486,76998,76999,2019,0,0,-0.360881,-78.838455,PICHINCHA,MEJIA,MANUEL CORNEJO ASTORGA,RURAL,2019-12-04,07:00:00,7,MIERCOLES,3,DICIEMBRE,12,NO,"CONDUCIR DESATENTO A LAS CONDICIONES DE TRANSITO (CELULAR, PANTALLAS DE VIDEO, COMIDA, MAQUILLAJE O CUALQUIER OTRO ELEMENTO DISTRACTOR).",VOLCAMIENTOS,CAMION,0,0,0,1,1,0,0,0,0,0,0,0,0,2,72,HOMBRE,ILESO,CONDUCTOR PRESENTE,NO,NO,3
21487,77003,77004,2019,1,0,-0.302497,-78.559042,PICHINCHA,QUITO,QUITO,URBANA,2019-12-04,08:20:00,8,MIERCOLES,3,DICIEMBRE,12,NO,"NO RESPETAR LAS SENIALES REGLAMENTARIAS DE TRANSITO. (PARE, CEDA EL PASO, LUZ ROJA DEL SEMAFORO, ETC).",CHOQUE LATERAL,MOTOCICLETA,0,0,0,0,0,0,0,0,1,1,0,0,0,2,22,HOMBRE,LESIONADO,CONDUCTOR PRESENTE,NO,NO,0
21488,77010,77011,2019,0,0,-0.333072,-78.546113,PICHINCHA,QUITO,QUITO,URBANA,2019-12-04,12:15:00,12,MIERCOLES,3,DICIEMBRE,12,NO,NO CEDER EL DERECHO DE VIA O PREFERENCIA DE PASO A VEHICULOS.,CHOQUE LATERAL,AUTOMOVIL,2,0,0,0,0,0,0,0,0,0,0,0,0,2,38,HOMBRE,ILESO,CONDUCTOR PRESENTE,NO,NO,0
21489,77011,77012,2019,1,0,-0.141527,-78.496397,PICHINCHA,QUITO,QUITO,URBANA,2019-12-04,12:50:00,12,MIERCOLES,3,DICIEMBRE,12,NO,NO TRANSITAR POR LAS ACERAS O ZONAS DE SEGURIDAD DESTINADAS PARA EL EFECTO.,CHOQUE LATERAL,BICICLETA,0,1,0,0,1,0,0,0,0,0,0,0,0,2,19,HOMBRE,LESIONADO,CONDUCTOR PRESENTE,NO,NO,0
21490,77015,77016,2019,0,0,-0.106567,-78.476473,PICHINCHA,QUITO,QUITO,URBANA,2019-12-04,13:30:00,13,MIERCOLES,3,DICIEMBRE,12,NO,NO MANTENER LA DISTANCIA PRUDENCIAL CON RESPECTO AL VEHICULO QUE LE ANTECEDE.,CHOQUE POSTERIOR,AUTOMOVIL,1,0,1,0,0,0,0,0,0,0,0,0,0,2,51,HOMBRE,ILESO,CONDUCTOR PRESENTE,NO,NO,0
21491,77018,77019,2019,0,0,-0.122237,-78.495545,PICHINCHA,QUITO,QUITO,URBANA,2019-12-04,14:10:00,14,MIERCOLES,3,DICIEMBRE,12,NO,NO GUARDAR LA DISTANCIA LATERAL MINIMA DE SEGURIDAD ENTRE VEHICULOS.,CHOQUE LATERAL,AUTOMOVIL,2,0,0,0,0,0,0,0,0,0,0,0,0,2,26,HOMBRE,ILESO,CONDUCTOR PRESENTE,NO,NO,0
21492,77019,77020,2019,1,0,-0.175517,-78.488397,PICHINCHA,QUITO,QUITO,URBANA,2019-12-04,14:45:00,14,MIERCOLES,3,DICIEMBRE,12,NO,NO GUARDAR LA DISTANCIA LATERAL MINIMA DE SEGURIDAD ENTRE VEHICULOS.,CHOQUE LATERAL,AUTOMOVIL,1,0,0,0,0,0,0,0,1,0,0,0,0,2,56,HOMBRE,LESIONADO,CONDUCTOR PRESENTE,NO,NO,0
21493,77022,77023,2019,1,0,-0.227219,-78.529821,PICHINCHA,QUITO,QUITO,URBANA,2019-12-04,17:00:00,17,MIERCOLES,3,DICIEMBRE,12,NO,NO TRANSITAR POR LAS ACERAS O ZONAS DE SEGURIDAD DESTINADAS PARA EL EFECTO.,OTROS,NO IDENTIFICADO,0,0,0,0,0,0,0,0,0,1,0,0,0,1,6,HOMBRE,LESIONADO,PASAJERO,NO,NO,0
21494,77024,77025,2019,1,0,-0.264263,-78.550014,PICHINCHA,QUITO,QUITO,URBANA,2019-12-04,17:23:00,17,MIERCOLES,3,DICIEMBRE,12,NO,NO CEDER EL DERECHO DE VIA O PREFERENCIA DE PASO AL PEATON.,ATROPELLOS,NO IDENTIFICADO,0,0,0,0,0,0,0,0,0,1,0,0,0,1,26,MUJER,LESIONADO,PEATON,NO,NO,0
21495,77034,77035,2019,1,0,-0.138929,-78.493171,PICHINCHA,QUITO,QUITO,URBANA,2019-12-04,19:28:00,19,MIERCOLES,3,DICIEMBRE,12,NO,NO GUARDAR LA DISTANCIA LATERAL MINIMA DE SEGURIDAD ENTRE VEHICULOS.,CHOQUE LATERAL,MOTOCICLETA,0,0,1,0,0,0,0,0,1,0,0,0,0,2,27,HOMBRE,LESIONADO,CONDUCTOR PRESENTE,NO,NO,0
21496,77040,77041,2019,0,0,-0.117726,-78.483711,PICHINCHA,QUITO,QUITO,URBANA,2019-12-04,20:30:00,20,MIERCOLES,3,DICIEMBRE,12,NO,"CONDUCE BAJO LA INFLUENCIA DE ALCOHOL, SUSTANCIAS ESTUPEFACIENTES O PSICOTROPICAS Y/O MEDICAMENTOS.",ESTRELLAMIENTOS,CAMIONETA,1,0,0,0,1,0,0,0,0,0,0,0,0,2,38,HOMBRE,ILESO,CONDUCTOR PRESENTE,NO,NO,0
21497,77042,77043,2019,0,1,-0.156069,-78.439391,PICHINCHA,QUITO,NAYON,RURAL,2019-12-04,21:50:00,21,MIERCOLES,3,DICIEMBRE,12,NO,CONDUCIR VEHICULO SUPERANDO LOS LIMITES MAXIMOS DE VELOCIDAD.,ATROPELLOS,NO IDENTIFICADO,0,0,0,0,0,0,0,0,0,1,0,0,0,1,50,HOMBRE,FALLECIDO,PEATON,NO,NO,3
21498,77045,77046,2019,0,0,-0.269397,-78.547278,PICHINCHA,QUITO,QUITO,URBANA,2019-12-04,22:45:00,22,MIERCOLES,3,DICIEMBRE,12,NO,CONDUCIR VEHICULO SUPERANDO LOS LIMITES MAXIMOS DE VELOCIDAD.,ESTRELLAMIENTOS,AUTOMOVIL,2,0,0,0,0,0,0,0,0,0,0,0,0,2,28,HOMBRE,ILESO,CONDUCTOR PRESENTE,NO,NO,0
21499,77047,77048,2019,0,0,-0.109369,-78.458375,PICHINCHA,QUITO,CALDERON (CARAPUNGO),RURAL,2019-12-04,23:30:00,23,MIERCOLES,3,DICIEMBRE,12,NO,"PRESENCIA DE AGENTES EXTERNOS EN LA VIA (AGUA, ACEITE, PIEDRA, LASTRE, ESCOMBROS, MADEROS, ETC.).",ESTRELLAMIENTOS,CAMIONETA,0,0,0,0,1,0,0,0,0,0,0,0,0,1,46,HOMBRE,ILESO,CONDUCTOR PRESENTE,NO,NO,3
21500,77049,77050,2019,1,0,-0.265504,-78.541456,PICHINCHA,QUITO,QUITO,URBANA,2019-12-05,00:10:00,0,JUEVES,4,DICIEMBRE,12,SI,NO CEDER EL DERECHO DE VIA O PREFERENCIA DE PASO A VEHICULOS.,CHOQUE POSTERIOR,NO IDENTIFICADO,0,0,0,0,0,0,0,0,0,2,0,0,0,2,28,HOMBRE,LESIONADO,CONDUCTOR PRESENTE,NO,NO,0
21501,77050,77051,2019,0,0,-0.207363,-78.512548,PICHINCHA,QUITO,QUITO,URBANA,2019-12-05,00:20:00,0,JUEVES,4,DICIEMBRE,12,SI,"CONDUCE BAJO LA INFLUENCIA DE ALCOHOL, SUSTANCIAS ESTUPEFACIENTES O PSICOTROPICAS Y/O MEDICAMENTOS.",COLISION,AUTOMOVIL,3,0,0,0,0,0,0,0,0,0,0,0,0,3,27,HOMBRE,ILESO,CONDUCTOR PRESENTE,NO,NO,0
21502,77054,77055,2019,1,0,-0.206463,-78.512244,PICHINCHA,QUITO,QUITO,URBANA,2019-12-05,04:40:00,4,JUEVES,4,DICIEMBRE,12,SI,"CASO FORTUITO O FUERZA MAYOR (EXPLOSION DE NEUMATICO NUEVO, DERRUMBE, INUNDACION, CAIDA DE PUENTE, ARBOL, PRESENCIA INTEMPESTIVA E IMPREVISTA DE SEMOVIENTES EN LA VIA, ETC.).",PERDIDA DE CARRIL,MOTOCICLETA,0,0,0,0,0,0,0,0,1,0,0,0,0,1,32,MUJER,LESIONADO,CONDUCTOR PRESENTE,NO,NO,2
21503,77055,77056,2019,0,0,-0.121583,-78.480127,PICHINCHA,QUITO,QUITO,URBANA,2019-12-05,05:00:00,5,JUEVES,4,DICIEMBRE,12,SI,DANIOS MECANICOS PREVISIBLES.,ESTRELLAMIENTOS,AUTOMOVIL,1,0,0,0,0,0,0,0,0,0,0,0,0,1,-1,NO IDENTIFICADO,NO IDENTIFICADO,CONDUCTOR AUSENTE,NO,NO,2
21504,77059,77060,2019,0,0,-0.270186,-78.544617,PICHINCHA,QUITO,QUITO,URBANA,2019-12-05,06:25:00,6,JUEVES,4,DICIEMBRE,12,SI,"PRESENCIA DE AGENTES EXTERNOS EN LA VIA (AGUA, ACEITE, PIEDRA, LASTRE, ESCOMBROS, MADEROS, ETC.).",ESTRELLAMIENTOS,AUTOMOVIL,2,0,0,0,0,0,0,0,0,0,0,0,0,2,20,HOMBRE,ILESO,CONDUCTOR PRESENTE,NO,NO,0
21505,77064,77065,2019,1,0,-0.273707,-78.537301,PICHINCHA,QUITO,QUITO,URBANA,2019-12-05,07:40:00,7,JUEVES,4,DICIEMBRE,12,SI,"CONDUCIR DESATENTO A LAS CONDICIONES DE TRANSITO (CELULAR, PANTALLAS DE VIDEO, COMIDA, MAQUILLAJE O CUALQUIER OTRO ELEMENTO DISTRACTOR).",ATROPELLOS,CAMIONETA,0,0,0,0,1,0,0,0,0,0,0,0,0,1,60,MUJER,LESIONADO,PEATON,NO,NO,0
21506,77065,77066,2019,0,1,-0.065666,-78.462996,PICHINCHA,QUITO,POMASQUI,RURAL,2019-12-05,08:10:00,8,JUEVES,4,DICIEMBRE,12,SI,NO TRANSITAR POR LAS ACERAS O ZONAS DE SEGURIDAD DESTINADAS PARA EL EFECTO.,ATROPELLOS,AUTOMOVIL,1,0,0,0,0,0,0,0,0,0,0,0,0,1,79,HOMBRE,FALLECIDO,PEATON,NO,SI,3
21507,77068,77069,2019,0,0,-0.096164,-78.468848,PICHINCHA,QUITO,QUITO,URBANA,2019-12-05,09:00:00,9,JUEVES,4,DICIEMBRE,12,SI,NO GUARDAR LA DISTANCIA LATERAL MINIMA DE SEGURIDAD ENTRE VEHICULOS.,CHOQUE LATERAL,AUTOMOVIL,2,0,0,0,0,0,0,0,0,0,0,0,0,2,23,MUJER,ILESO,CONDUCTOR PRESENTE,NO,NO,0
21508,77070,77071,2019,0,1,0.001195,-78.501963,PICHINCHA,QUITO,CALACALI,RURAL,2019-12-05,09:20:00,9,JUEVES,4,DICIEMBRE,12,SI,"CONDUCIR DESATENTO A LAS CONDICIONES DE TRANSITO (CELULAR, PANTALLAS DE VIDEO, COMIDA, MAQUILLAJE O CUALQUIER OTRO ELEMENTO DISTRACTOR).",ATROPELLOS,MOTOCICLETA,0,0,1,0,0,0,0,0,1,0,0,0,0,2,43,HOMBRE,FALLECIDO,CONDUCTOR PRESENTE,NO,NO,3
21509,77078,77079,2019,1,0,-0.205331,-78.491741,PICHINCHA,QUITO,QUITO,URBANA,2019-12-05,12:10:00,12,JUEVES,4,DICIEMBRE,12,SI,CONDUCIR VEHICULO SUPERANDO LOS LIMITES MAXIMOS DE VELOCIDAD.,ATROPELLOS,AUTOMOVIL,1,0,0,0,0,0,0,0,0,0,0,0,0,1,22,MUJER,LESIONADO,PEATON,NO,NO,0
21510,77093,77094,2019,1,0,-0.242893,-78.526686,PICHINCHA,QUITO,QUITO,URBANA,2019-12-05,15:50:00,15,JUEVES,4,DICIEMBRE,12,SI,CONDUCIR VEHICULO SUPERANDO LOS LIMITES MAXIMOS DE VELOCIDAD.,ATROPELLOS,MOTOCICLETA,0,0,0,0,0,0,0,0,1,0,0,0,0,1,78,MUJER,LESIONADO,PEATON,NO,NO,0