,Unnamed: 0,ID,ANIO,LESIONADOS,FALLECIDOS,LATITUD_Y,LONGITUD_X,PROVINCIA,CANTON,PARROQUIA,ZONA,FECHA,HORA,PERIODO_2,DIA_1,DIA_2,MES_1,MES_2,FERIADO,CAUSA_PROBABLE,TIPO_DE_SINIESTRO,TIPO_DE_VEHICULO_1,AUTOMOVIL,BICICLETA,BUS,CAMION,CAMIONETA,EMERGENCIAS,ESPECIAL,FURGONETA,MOTOCICLETA,NO_IDENTIFICADO,SCOOTER_ELECTRICO,TRICIMOTO,VEHICULO_DEPORTIVO_UTILITARIO,SUMA_DE_VEHICULOS,EDAD_1,SEXO_1,CONDICION_1,PARTICIPANTE_1,CASCO_1,CINTURON_1,KMeans_Cluster
21569,77354,77355,2019,0,0,-0.299621,-78.524243,PICHINCHA,QUITO,QUITO,URBANA,2019-12-08,17:40:00,17,DOMINGO,7,DICIEMBRE,12,SI,NO GUARDAR LA DISTANCIA LATERAL MINIMA DE SEGURIDAD ENTRE VEHICULOS.,CHOQUE LATERAL,AUTOMOVIL,2,0,0,0,0,0,0,0,0,0,0,0,0,2,44,HOMBRE,ILESO,CONDUCTOR PRESENTE,NO,NO,0
21570,77360,77361,2019,1,0,-0.177194,-78.487172,PICHINCHA,QUITO,QUITO,URBANA,2019-12-08,18:45:00,18,DOMINGO,7,DICIEMBRE,12,SI,"NO RESPETAR LAS SENIALES REGLAMENTARIAS DE TRANSITO. (PARE, CEDA EL PASO, LUZ ROJA DEL SEMAFORO, ETC).",CHOQUE LATERAL,AUTOMOVIL,2,0,0,0,0,0,0,0,0,0,0,0,0,2,2,HOMBRE,LESIONADO,PASAJERO,NO,NO,0
21571,77384,77385,2019,11,3,-0.011335,-78.317856,PICHINCHA,PEDRO MONCAYO,TOCACHI,RURAL,2019-12-09,04:40:00,4,LUNES,1,DICIEMBRE,12,NO,"CONDUCIR EN ESTADO DE SOMNOLENCIA O MALAS CONDICIONES FISICAS (SUENIO, CANSANCIO Y FATIGA).",PERDIDA DE CARRIL,BUS,0,0,1,0,0,0,0,0,0,0,0,0,0,1,44,HOMBRE,FALLECIDO,PASAJERO,NO,NO,3
21572,77386,77387,2019,2,0,-0.268811,-78.533271,PICHINCHA,QUITO,QUITO,URBANA,2019-12-09,05:40:00,5,LUNES,1,DICIEMBRE,12,NO,CONDUCIR VEHICULO SUPERANDO LOS LIMITES MAXIMOS DE VELOCIDAD.,ATROPELLOS,NO IDENTIFICADO,0,0,0,0,0,0,0,0,0,1,0,0,0,1,55,HOMBRE,LESIONADO,PEATON,NO,NO,0
21573,77399,77400,2019,0,0,-0.312084,-78.442225,PICHINCHA,RUMINIAHUI,SANGOLQUI,URBANA,2019-12-09,09:55:00,9,LUNES,1,DICIEMBRE,12,NO,"CONDUCIR DESATENTO A LAS CONDICIONES DE TRANSITO (CELULAR, PANTALLAS DE VIDEO, COMIDA, MAQUILLAJE O CUALQUIER OTRO ELEMENTO DISTRACTOR).",CHOQUE LATERAL,AUTOMOVIL,2,0,0,0,0,0,0,0,0,0,0,0,0,2,57,HOMBRE,ILESO,CONDUCTOR PRESENTE,NO,SI,1
21574,77400,77401,2019,1,0,-0.153183,-78.482893,PICHINCHA,QUITO,QUITO,URBANA,2019-12-09,10:00:00,10,LUNES,1,DICIEMBRE,12,NO,NO GUARDAR LA DISTANCIA LATERAL MINIMA DE SEGURIDAD ENTRE VEHICULOS.,CHOQUE LATERAL,MOTOCICLETA,1,0,0,0,0,0,0,0,1,0,0,0,0,2,27,HOMBRE,LESIONADO,CONDUCTOR PRESENTE,NO,NO,0
21575,77404,77405,2019,0,0,-0.241611,-78.491617,PICHINCHA,QUITO,QUITO,URBANA,2019-12-09,11:45:00,11,LUNES,1,DICIEMBRE,12,NO,"FALLA MECANICA EN LOS SISTEMAS Y/O NEUMATICOS (SISTEMA DE FRENOS, DIRECCION, ELECTRONICO O MECANICO).",CHOQUE POSTERIOR,CAMIONETA,0,0,0,0,2,0,0,0,0,0,0,0,0,2,34,HOMBRE,ILESO,CONDUCTOR PRESENTE,NO,NO,0
21576,77407,77408,2019,0,0,-0.232254,-78.505317,PICHINCHA,QUITO,QUITO,URBANA,2019-12-09,12:25:00,12,LUNES,1,DICIEMBRE,12,NO,"NO RESPETAR LAS SENIALES REGLAMENTARIAS DE TRANSITO. (PARE, CEDA EL PASO, LUZ ROJA DEL SEMAFORO, ETC).",COLISION,AUTOMOVIL,2,0,1,0,0,0,0,0,0,0,0,0,0,3,-1,MUJER,ILESO,PASAJERO,NO,NO,0
21577,77408,77409,2019,3,0,-0.322911,-78.563118,PICHINCHA,QUITO,QUITO,URBANA,2019-12-09,12:43:00,12,LUNES,1,DICIEMBRE,12,NO,"CASO FORTUITO O FUERZA MAYOR (EXPLOSION DE NEUMATICO NUEVO, DERRUMBE, INUNDACION, CAIDA DE PUENTE, ARBOL, PRESENCIA INTEMPESTIVA E IMPREVISTA DE SEMOVIENTES EN LA VIA, ETC.).",CHOQUE FRONTAL,MOTOCICLETA,1,0,0,0,0,0,0,0,1,0,0,0,0,2,8,MUJER,LESIONADO,PASAJERO,NO,NO,0
21578,77411,77412,2019,1,0,-0.221804,-78.522738,PICHINCHA,QUITO,QUITO,URBANA,2019-12-09,14:10:00,14,LUNES,1,DICIEMBRE,12,NO,"PEATON TRANSITA BAJO INFLUENCIA DE ALCOHOL, SUSTANCIAS ESTUPEFACIENTES O PSICOTROPICAS Y/O MEDICAMENTOS.",ARROLLAMIENTOS,AUTOMOVIL,1,0,0,0,0,0,0,0,0,0,0,0,0,1,63,HOMBRE,LESIONADO,PEATON,NO,NO,0
21579,77417,77418,2019,0,0,-0.328239,-78.538128,PICHINCHA,QUITO,QUITO,URBANA,2019-12-09,15:30:00,15,LUNES,1,DICIEMBRE,12,NO,NO CEDER EL DERECHO DE VIA O PREFERENCIA DE PASO A VEHICULOS.,CHOQUE LATERAL,AUTOMOVIL,2,0,0,0,0,0,0,0,0,0,0,0,0,2,34,HOMBRE,ILESO,CONDUCTOR PRESENTE,NO,NO,0
21580,77422,77423,2019,0,0,-0.338008,-78.536055,PICHINCHA,QUITO,QUITO,URBANA,2019-12-09,17:00:00,17,LUNES,1,DICIEMBRE,12,NO,NO MANTENER LA DISTANCIA PRUDENCIAL CON RESPECTO AL VEHICULO QUE LE ANTECEDE.,CHOQUE POSTERIOR,AUTOMOVIL,1,0,0,1,0,0,0,0,0,0,0,0,0,2,28,HOMBRE,ILESO,CONDUCTOR PRESENTE,NO,NO,0
21581,77423,77424,2019,1,0,-0.154894,-78.468759,PICHINCHA,QUITO,QUITO,URBANA,2019-12-09,17:50:00,17,LUNES,1,DICIEMBRE,12,NO,REALIZAR CAMBIO BRUSCO O INDEBIDO DE CARRIL.,CHOQUE LATERAL,MOTOCICLETA,1,0,0,0,0,0,0,0,1,0,0,0,0,2,43,HOMBRE,LESIONADO,CONDUCTOR PRESENTE,NO,NO,0
21582,77432,77433,2019,0,0,-0.156069,-78.439391,PICHINCHA,QUITO,NAYON,RURAL,2019-12-09,19:00:00,19,LUNES,1,DICIEMBRE,12,NO,"CONDUCE BAJO LA INFLUENCIA DE ALCOHOL, SUSTANCIAS ESTUPEFACIENTES O PSICOTROPICAS Y/O MEDICAMENTOS.",CHOQUE FRONTAL,AUTOMOVIL,2,0,0,0,0,0,0,0,0,0,0,0,0,2,74,HOMBRE,ILESO,CONDUCTOR PRESENTE,NO,NO,3
21583,77439,77440,2019,0,0,-0.142041,-78.443217,PICHINCHA,QUITO,LLANO CHICO,RURAL,2019-12-09,21:00:00,21,LUNES,1,DICIEMBRE,12,NO,NO MANTENER LA DISTANCIA PRUDENCIAL CON RESPECTO AL VEHICULO QUE LE ANTECEDE.,CHOQUE POSTERIOR,AUTOMOVIL,2,0,0,0,0,0,0,0,0,0,0,0,0,2,49,HOMBRE,ILESO,CONDUCTOR PRESENTE,NO,NO,3
21584,77441,77442,2019,0,1,-0.156069,-78.439391,PICHINCHA,QUITO,NAYON,RURAL,2019-12-09,23:15:00,23,LUNES,1,DICIEMBRE,12,NO,"PRESENCIA DE AGENTES EXTERNOS EN LA VIA (AGUA, ACEITE, PIEDRA, LASTRE, ESCOMBROS, MADEROS, ETC.).",ESTRELLAMIENTOS,AUTOMOVIL,1,0,0,0,0,0,0,0,0,0,0,0,0,1,24,HOMBRE,FALLECIDO,PASAJERO,NO,NO,3
21585,77443,77444,2019,0,0,-0.286689,-78.545354,PICHINCHA,QUITO,QUITO,URBANA,2019-12-10,04:20:00,4,MARTES,2,DICIEMBRE,12,NO,CONDUCIR VEHICULO SUPERANDO LOS LIMITES MAXIMOS DE VELOCIDAD.,ESTRELLAMIENTOS,AUTOMOVIL,1,0,0,0,0,0,0,0,0,0,0,0,0,1,-1,NO IDENTIFICADO,NO IDENTIFICADO,CONDUCTOR AUSENTE,NO,NO,2
21586,77446,77447,2019,0,0,-0.240227,-78.526957,PICHINCHA,QUITO,QUITO,URBANA,2019-12-10,07:30:00,7,MARTES,2,DICIEMBRE,12,NO,CONDUCIR VEHICULO SUPERANDO LOS LIMITES MAXIMOS DE VELOCIDAD.,CHOQUE POSTERIOR,AUTOMOVIL,1,0,1,0,0,0,0,0,0,0,0,0,0,2,42,MUJER,ILESO,CONDUCTOR PRESENTE,NO,NO,0
21587,77449,77450,2019,1,0,-0.249358,-78.520739,PICHINCHA,QUITO,QUITO,URBANA,2019-12-10,08:00:00,8,MARTES,2,DICIEMBRE,12,NO,CONDUCIR VEHICULO SUPERANDO LOS LIMITES MAXIMOS DE VELOCIDAD.,OTROS,BUS,0,0,1,0,0,0,0,0,0,0,0,0,0,1,49,MUJER,LESIONADO,PASAJERO,NO,NO,0
21588,77452,77453,2019,0,0,-0.222923,-78.406839,PICHINCHA,QUITO,TUMBACO,RURAL,2019-12-10,09:15:00,9,MARTES,2,DICIEMBRE,12,NO,CONDUCIR VEHICULO SUPERANDO LOS LIMITES MAXIMOS DE VELOCIDAD.,ESTRELLAMIENTOS,AUTOMOVIL,1,0,0,0,0,0,0,0,0,0,0,0,0,1,34,MUJER,ILESO,CONDUCTOR PRESENTE,NO,NO,3
21589,77457,77458,2019,0,0,-0.198783,-78.484309,PICHINCHA,QUITO,QUITO,URBANA,2019-12-10,10:20:00,10,MARTES,2,DICIEMBRE,12,NO,REALIZAR CAMBIO BRUSCO O INDEBIDO DE CARRIL.,CHOQUE LATERAL,BUS,1,0,1,0,0,0,0,0,0,0,0,0,0,2,47,MUJER,ILESO,PASAJERO,NO,NO,0
21590,77461,77462,2019,0,0,-0.201366,-78.490501,PICHINCHA,QUITO,QUITO,URBANA,2019-12-10,10:40:00,10,MARTES,2,DICIEMBRE,12,NO,"NO RESPETAR LAS SENIALES REGLAMENTARIAS DE TRANSITO. (PARE, CEDA EL PASO, LUZ ROJA DEL SEMAFORO, ETC).",CHOQUE LATERAL,AUTOMOVIL,2,0,0,0,0,0,0,0,0,0,0,0,0,2,34,HOMBRE,ILESO,CONDUCTOR PRESENTE,NO,NO,0
21591,77484,77485,2019,0,0,-0.181788,-78.475452,PICHINCHA,QUITO,QUITO,URBANA,2019-12-10,19:55:00,19,MARTES,2,DICIEMBRE,12,NO,NO MANTENER LA DISTANCIA PRUDENCIAL CON RESPECTO AL VEHICULO QUE LE ANTECEDE.,COLISION,AUTOMOVIL,3,0,0,0,0,0,0,0,0,0,0,0,0,3,37,HOMBRE,ILESO,CONDUCTOR PRESENTE,NO,NO,0
21592,77489,77490,2019,0,0,-0.111705,-78.507641,PICHINCHA,QUITO,QUITO,URBANA,2019-12-10,21:45:00,21,MARTES,2,DICIEMBRE,12,NO,CONDUCIR VEHICULO SUPERANDO LOS LIMITES MAXIMOS DE VELOCIDAD.,ESTRELLAMIENTOS,AUTOMOVIL,1,0,1,0,0,0,0,0,0,0,0,0,0,2,42,HOMBRE,ILESO,CONDUCTOR PRESENTE,NO,NO,0
21593,77498,77499,2019,0,0,-0.089963,-78.440543,PICHINCHA,QUITO,CALDERON (CARAPUNGO),RURAL,2019-12-11,06:40:00,6,MIERCOLES,3,DICIEMBRE,12,NO,DANIOS MECANICOS PREVISIBLES.,ESTRELLAMIENTOS,AUTOMOVIL,1,0,0,0,0,0,0,0,0,0,0,0,0,1,-1,NO IDENTIFICADO,NO IDENTIFICADO,CONDUCTOR AUSENTE,NO,NO,2
21594,77509,77510,2019,1,0,-0.135704,-78.493786,PICHINCHA,QUITO,QUITO,URBANA,2019-12-11,11:20:00,11,MIERCOLES,3,DICIEMBRE,12,NO,PEATON QUE CRUZA LA CALZADA SIN RESPETAR LA SENIALIZACION EXISTENTE (SEMAFOROS O SENIALES MANUALES).,ATROPELLOS,BUS,0,0,1,0,0,0,0,0,0,0,0,0,0,1,53,MUJER,LESIONADO,PEATON,NO,NO,0
21595,77516,77517,2019,0,0,-0.101884,-78.491351,PICHINCHA,QUITO,QUITO,URBANA,2019-12-11,15:00:00,15,MIERCOLES,3,DICIEMBRE,12,NO,"CONDUCIR DESATENTO A LAS CONDICIONES DE TRANSITO (CELULAR, PANTALLAS DE VIDEO, COMIDA, MAQUILLAJE O CUALQUIER OTRO ELEMENTO DISTRACTOR).",COLISION,AUTOMOVIL,2,0,0,1,0,0,0,0,0,0,0,0,0,3,52,MUJER,ILESO,CONDUCTOR PRESENTE,NO,NO,0
21596,77517,77518,2019,0,0,-0.245967,-78.520334,PICHINCHA,QUITO,QUITO,URBANA,2019-12-11,15:10:00,15,MIERCOLES,3,DICIEMBRE,12,NO,"NO RESPETAR LAS SENIALES REGLAMENTARIAS DE TRANSITO. (PARE, CEDA EL PASO, LUZ ROJA DEL SEMAFORO, ETC).",CHOQUE LATERAL,AUTOMOVIL,2,0,0,0,0,0,0,0,0,0,0,0,0,2,28,HOMBRE,ILESO,CONDUCTOR PRESENTE,NO,NO,0
21597,77519,77520,2019,1,0,-0.149671,-78.490285,PICHINCHA,QUITO,QUITO,URBANA,2019-12-11,15:25:00,15,MIERCOLES,3,DICIEMBRE,12,NO,NO TRANSITAR POR LAS ACERAS O ZONAS DE SEGURIDAD DESTINADAS PARA EL EFECTO.,ATROPELLOS,AUTOMOVIL,1,0,0,0,0,0,0,0,0,0,0,0,0,1,82,MUJER,LESIONADO,PEATON,NO,NO,0
21598,77524,77525,2019,0,0,-0.117427,-78.494179,PICHINCHA,QUITO,QUITO,URBANA,2019-12-11,17:30:00,17,MIERCOLES,3,DICIEMBRE,12,NO,NO GUARDAR LA DISTANCIA LATERAL MINIMA DE SEGURIDAD ENTRE VEHICULOS.,ROZAMIENTOS,AUTOMOVIL,1,0,0,0,0,0,0,0,0,1,0,0,0,2,-1,NO IDENTIFICADO,NO IDENTIFICADO,CONDUCTOR AUSENTE,NO,NO,2
21599,77525,77526,2019,0,0,-0.200435,-78.492728,PICHINCHA,QUITO,QUITO,URBANA,2019-12-11,17:40:00,17,MIERCOLES,3,DICIEMBRE,12,NO,NO GUARDAR LA DISTANCIA LATERAL MINIMA DE SEGURIDAD ENTRE VEHICULOS.,CHOQUE LATERAL,AUTOMOVIL,2,0,0,0,0,0,0,0,0,0,0,0,0,2,21,HOMBRE,ILESO,CONDUCTOR PRESENTE,NO,NO,0
21600,77526,77527,2019,4,0,-0.031825,-78.557591,PICHINCHA,QUITO,NONO,URBANA,2019-12-11,18:40:00,18,MIERCOLES,3,DICIEMBRE,12,NO,PEATON QUE CRUZA LA CALZADA SIN RESPETAR LA SENIALIZACION EXISTENTE (SEMAFOROS O SENIALES MANUALES).,ATROPELLOS,MOTOCICLETA,0,0,0,0,0,0,0,0,1,0,0,0,0,1,0,HOMBRE,LESIONADO,PEATON,NO,NO,0
21601,77533,77534,2019,0,0,-0.102365,-78.490629,PICHINCHA,QUITO,QUITO,URBANA,2019-12-11,19:40:00,19,MIERCOLES,3,DICIEMBRE,12,NO,NO MANTENER LA DISTANCIA PRUDENCIAL CON RESPECTO AL VEHICULO QUE LE ANTECEDE.,CHOQUE POSTERIOR,AUTOMOVIL,1,0,0,0,1,0,0,0,0,0,0,0,0,2,36,HOMBRE,ILESO,CONDUCTOR PRESENTE,NO,NO,0
21602,77541,77542,2019,1,0,-0.108408,-78.488156,PICHINCHA,QUITO,QUITO,URBANA,2019-12-11,22:30:00,22,MIERCOLES,3,DICIEMBRE,12,NO,NO TRANSITAR POR LAS ACERAS O ZONAS DE SEGURIDAD DESTINADAS PARA EL EFECTO.,ARROLLAMIENTOS,CAMIONETA,0,0,0,0,1,0,0,0,0,0,0,0,0,1,24,HOMBRE,LESIONADO,PEATON,NO,NO,0
21603,77542,77543,2019,0,0,-0.192371,-78.481234,PICHINCHA,QUITO,QUITO,URBANA,2019-12-11,22:30:00,22,MIERCOLES,3,DICIEMBRE,12,NO,"CONDICIONES AMBIENTALES Y/O ATMOSFERICAS (NIEBLA, NEBLINA, GRANIZO, LLUVIA).",CHOQUE LATERAL,AUTOMOVIL,1,0,0,1,0,0,0,0,0,0,0,0,0,2,27,HOMBRE,ILESO,CONDUCTOR PRESENTE,NO,NO,0
21604,77545,77546,2019,0,0,-0.119724,-78.484241,PICHINCHA,QUITO,QUITO,URBANA,2019-12-12,00:20:00,0,JUEVES,4,DICIEMBRE,12,NO,CONDUCIR VEHICULO SUPERANDO LOS LIMITES MAXIMOS DE VELOCIDAD.,VOLCAMIENTOS,AUTOMOVIL,1,0,0,0,0,0,0,0,0,0,0,0,0,1,-1,NO IDENTIFICADO,NO IDENTIFICADO,CONDUCTOR AUSENTE,NO,NO,2
21605,77546,77547,2019,0,0,-0.123889,-78.485799,PICHINCHA,QUITO,QUITO,URBANA,2019-12-12,01:20:00,1,JUEVES,4,DICIEMBRE,12,NO,CONDUCIR VEHICULO SUPERANDO LOS LIMITES MAXIMOS DE VELOCIDAD.,ESTRELLAMIENTOS,AUTOMOVIL,1,0,0,0,0,0,0,0,0,0,0,0,0,1,-1,NO IDENTIFICADO,NO IDENTIFICADO,CONDUCTOR AUSENTE,NO,NO,2
21606,77547,77548,2019,0,1,0.013346,-78.169021,PICHINCHA,CAYAMBE,CAYAMBE,RURAL,2019-12-12,02:00:00,2,JUEVES,4,DICIEMBRE,12,NO,"CONDUCIR DESATENTO A LAS CONDICIONES DE TRANSITO (CELULAR, PANTALLAS DE VIDEO, COMIDA, MAQUILLAJE O CUALQUIER OTRO ELEMENTO DISTRACTOR).",CHOQUE FRONTAL,MOTOCICLETA,0,0,0,0,0,0,0,0,1,1,0,0,0,2,20,HOMBRE,FALLECIDO,CONDUCTOR PRESENTE,NO,NO,3
21607,77548,77549,2019,0,0,-0.144229,-78.469533,PICHINCHA,QUITO,QUITO,URBANA,2019-12-12,02:05:00,2,JUEVES,4,DICIEMBRE,12,NO,"CONDUCE BAJO LA INFLUENCIA DE ALCOHOL, SUSTANCIAS ESTUPEFACIENTES O PSICOTROPICAS Y/O MEDICAMENTOS.",CHOQUE LATERAL,AUTOMOVIL,2,0,0,0,0,0,0,0,0,0,0,0,0,2,27,MUJER,ILESO,CONDUCTOR PRESENTE,NO,NO,0
21608,77550,77551,2019,0,0,-0.214883,-78.433737,PICHINCHA,QUITO,CUMBAYA,RURAL,2019-12-12,02:50:00,2,JUEVES,4,DICIEMBRE,12,NO,"CONDUCIR DESATENTO A LAS CONDICIONES DE TRANSITO (CELULAR, PANTALLAS DE VIDEO, COMIDA, MAQUILLAJE O CUALQUIER OTRO ELEMENTO DISTRACTOR).",ESTRELLAMIENTOS,AUTOMOVIL,1,0,0,0,0,0,0,0,0,0,0,0,0,1,-1,NO IDENTIFICADO,NO IDENTIFICADO,CONDUCTOR AUSENTE,NO,NO,2
21609,77554,77555,2019,1,0,-0.226081,-78.498245,PICHINCHA,QUITO,QUITO,URBANA,2019-12-12,04:40:00,4,JUEVES,4,DICIEMBRE,12,NO,"CONDICIONES AMBIENTALES Y/O ATMOSFERICAS (NIEBLA, NEBLINA, GRANIZO, LLUVIA).",PERDIDA DE CARRIL,MOTOCICLETA,0,0,0,0,0,0,0,0,1,0,0,0,0,1,29,HOMBRE,LESIONADO,CONDUCTOR PRESENTE,NO,NO,0
21610,77556,77557,2019,2,0,-0.245278,-78.498167,PICHINCHA,QUITO,QUITO,RURAL,2019-12-12,05:30:00,5,JUEVES,4,DICIEMBRE,12,NO,CONDUCIR VEHICULO SUPERANDO LOS LIMITES MAXIMOS DE VELOCIDAD.,ESTRELLAMIENTOS,AUTOMOVIL,1,0,0,0,0,0,0,0,0,0,0,0,0,1,40,MUJER,LESIONADO,PASAJERO,NO,NO,3
21611,77557,77558,2019,3,0,-0.117774,-78.455011,PICHINCHA,QUITO,QUITO,RURAL,2019-12-12,06:00:00,6,JUEVES,4,DICIEMBRE,12,NO,CONDUCIR VEHICULO SUPERANDO LOS LIMITES MAXIMOS DE VELOCIDAD.,OTROS,CAMIONETA,0,0,0,0,1,0,0,0,1,0,0,0,0,2,26,MUJER,LESIONADO,PASAJERO,NO,NO,3
21612,77563,77564,2019,1,0,-0.225112,-78.512078,PICHINCHA,QUITO,QUITO,URBANA,2019-12-12,08:00:00,8,JUEVES,4,DICIEMBRE,12,NO,PEATON QUE CRUZA LA CALZADA SIN RESPETAR LA SENIALIZACION EXISTENTE (SEMAFOROS O SENIALES MANUALES).,ATROPELLOS,AUTOMOVIL,1,0,0,0,0,0,0,0,0,0,0,0,0,1,48,HOMBRE,LESIONADO,PEATON,NO,NO,0
21613,77564,77565,2019,1,0,-0.275778,-78.535148,PICHINCHA,QUITO,QUITO,URBANA,2019-12-12,08:00:00,8,JUEVES,4,DICIEMBRE,12,NO,NO GUARDAR LA DISTANCIA LATERAL MINIMA DE SEGURIDAD ENTRE VEHICULOS.,ROZAMIENTOS,MOTOCICLETA,0,0,0,0,0,0,0,0,1,1,0,0,0,2,30,HOMBRE,LESIONADO,CONDUCTOR PRESENTE,NO,NO,0
21614,77567,77568,2019,0,0,-0.024124,-78.534643,PICHINCHA,QUITO,CALACALI,URBANA,2019-12-12,08:20:00,8,JUEVES,4,DICIEMBRE,12,NO,NO GUARDAR LA DISTANCIA LATERAL MINIMA DE SEGURIDAD ENTRE VEHICULOS.,CHOQUE LATERAL,AUTOMOVIL,2,0,0,0,0,0,0,0,0,0,0,0,0,2,33,HOMBRE,ILESO,CONDUCTOR PRESENTE,NO,NO,0
21615,77569,77570,2019,2,0,-0.144643,-78.475392,PICHINCHA,QUITO,QUITO,RURAL,2019-12-12,09:00:00,9,JUEVES,4,DICIEMBRE,12,NO,"NO RESPETAR LAS SENIALES REGLAMENTARIAS DE TRANSITO. (PARE, CEDA EL PASO, LUZ ROJA DEL SEMAFORO, ETC).",CHOQUE LATERAL,AUTOMOVIL,2,0,0,0,0,0,0,0,0,0,0,0,0,2,-1,HOMBRE,LESIONADO,PASAJERO,NO,NO,3
21616,77571,77572,2019,1,2,-0.240674,-78.330323,PICHINCHA,QUITO,PIFO,URBANA,2019-12-12,10:30:00,10,JUEVES,4,DICIEMBRE,12,NO,"CONDUCIR DESATENTO A LAS CONDICIONES DE TRANSITO (CELULAR, PANTALLAS DE VIDEO, COMIDA, MAQUILLAJE O CUALQUIER OTRO ELEMENTO DISTRACTOR).",PERDIDA DE CARRIL,CAMION,1,0,1,2,1,0,0,0,0,0,0,0,0,5,60,MUJER,FALLECIDO,PEATON,NO,NO,0
21617,77578,77579,2019,0,0,-0.162704,-78.489332,PICHINCHA,QUITO,QUITO,URBANA,2019-12-12,13:42:00,13,JUEVES,4,DICIEMBRE,12,NO,NO CEDER EL DERECHO DE VIA O PREFERENCIA DE PASO A VEHICULOS.,CHOQUE LATERAL,AUTOMOVIL,1,0,0,0,1,0,0,0,0,0,0,0,0,2,50,HOMBRE,ILESO,CONDUCTOR PRESENTE,NO,NO,0
21618,77579,77580,2019,0,1,0.095181,-79.085612,PICHINCHA,PEDRO VICENTE MALDONADO,PEDRO VICENTE MALDONADO,RURAL,2019-12-12,14:00:00,14,JUEVES,4,DICIEMBRE,12,NO,"CONDUCIR DESATENTO A LAS CONDICIONES DE TRANSITO (CELULAR, PANTALLAS DE VIDEO, COMIDA, MAQUILLAJE O CUALQUIER OTRO ELEMENTO DISTRACTOR).",CHOQUE FRONTAL,CAMION,0,0,0,1,0,0,0,0,0,0,0,0,1,2,69,HOMBRE,FALLECIDO,CONDUCTOR PRESENTE,NO,NO,3
21619,77580,77581,2019,1,0,-0.175523,-78.488366,PICHINCHA,QUITO,QUITO,URBANA,2019-12-12,14:00:00,14,JUEVES,4,DICIEMBRE,12,NO,"NO RESPETAR LAS SENIALES REGLAMENTARIAS DE TRANSITO. (PARE, CEDA EL PASO, LUZ ROJA DEL SEMAFORO, ETC).",ATROPELLOS,MOTOCICLETA,0,0,0,0,0,0,0,0,1,0,0,0,0,1,25,MUJER,LESIONADO,PEATON,NO,NO,0
21620,77581,77582,2019,1,0,-0.254686,-78.504316,PICHINCHA,QUITO,QUITO,URBANA,2019-12-12,14:08:00,14,JUEVES,4,DICIEMBRE,12,NO,"PRESENCIA DE AGENTES EXTERNOS EN LA VIA (AGUA, ACEITE, PIEDRA, LASTRE, ESCOMBROS, MADEROS, ETC.).",ESTRELLAMIENTOS,AUTOMOVIL,1,0,0,0,0,0,0,0,0,0,0,0,0,1,69,HOMBRE,LESIONADO,CONDUCTOR PRESENTE,NO,NO,0
21621,77587,77588,2019,1,0,-0.223793,-78.513293,PICHINCHA,QUITO,QUITO,URBANA,2019-12-12,15:55:00,15,JUEVES,4,DICIEMBRE,12,NO,CONDUCIR EN SENTIDO CONTRARIO A LA VIA NORMAL DE CIRCULACION.,ATROPELLOS,MOTOCICLETA,0,0,0,0,0,0,0,0,1,0,0,0,0,1,20,MUJER,LESIONADO,PEATON,NO,NO,0
21622,77591,77592,2019,0,0,-0.191597,-78.481351,PICHINCHA,QUITO,QUITO,URBANA,2019-12-12,17:20:00,17,JUEVES,4,DICIEMBRE,12,NO,"FALLA MECANICA EN LOS SISTEMAS Y/O NEUMATICOS (SISTEMA DE FRENOS, DIRECCION, ELECTRONICO O MECANICO).",CHOQUE POSTERIOR,AUTOMOVIL,2,0,0,0,0,0,0,0,0,0,0,0,0,2,85,HOMBRE,ILESO,CONDUCTOR PRESENTE,NO,NO,0
21623,77596,77597,2019,1,0,-0.270341,-78.558726,PICHINCHA,QUITO,QUITO,URBANA,2019-12-12,18:50:00,18,JUEVES,4,DICIEMBRE,12,NO,NO TRANSITAR POR LAS ACERAS O ZONAS DE SEGURIDAD DESTINADAS PARA EL EFECTO.,ATROPELLOS,NO IDENTIFICADO,0,0,0,0,0,0,0,0,0,1,0,0,0,1,4,MUJER,LESIONADO,PEATON,NO,NO,0
21624,77599,77600,2019,0,0,-0.296264,-78.562505,PICHINCHA,QUITO,QUITO,URBANA,2019-12-12,20:00:00,20,JUEVES,4,DICIEMBRE,12,NO,"CONDUCE BAJO LA INFLUENCIA DE ALCOHOL, SUSTANCIAS ESTUPEFACIENTES O PSICOTROPICAS Y/O MEDICAMENTOS.",CHOQUE LATERAL,AUTOMOVIL,2,0,0,0,0,0,0,0,0,0,0,0,0,2,32,HOMBRE,ILESO,CONDUCTOR PRESENTE,NO,NO,0
21625,77601,77602,2019,0,1,-0.517479,-78.576381,PICHINCHA,MEJIA,MACHACHI,RURAL,2019-12-12,20:30:00,20,JUEVES,4,DICIEMBRE,12,NO,CONDUCIR VEHICULO SUPERANDO LOS LIMITES MAXIMOS DE VELOCIDAD.,ATROPELLOS,NO IDENTIFICADO,0,0,0,0,0,0,0,0,0,1,0,0,0,1,30,HOMBRE,FALLECIDO,PEATON,NO,NO,3
21626,77603,77604,2019,1,0,-0.286961,-78.565073,PICHINCHA,QUITO,QUITO,URBANA,2019-12-12,20:45:00,20,JUEVES,4,DICIEMBRE,12,NO,NO CEDER EL DERECHO DE VIA O PREFERENCIA DE PASO A VEHICULOS.,CHOQUE LATERAL,BICICLETA,0,1,0,0,0,0,0,0,0,1,0,0,0,2,18,HOMBRE,LESIONADO,CONDUCTOR PRESENTE,NO,NO,0