,Unnamed: 0,ID,ANIO,LESIONADOS,FALLECIDOS,LATITUD_Y,LONGITUD_X,PROVINCIA,CANTON,PARROQUIA,ZONA,FECHA,HORA,PERIODO_2,DIA_1,DIA_2,MES_1,MES_2,FERIADO,CAUSA_PROBABLE,TIPO_DE_SINIESTRO,TIPO_DE_VEHICULO_1,AUTOMOVIL,BICICLETA,BUS,CAMION,CAMIONETA,EMERGENCIAS,ESPECIAL,FURGONETA,MOTOCICLETA,NO_IDENTIFICADO,SCOOTER_ELECTRICO,TRICIMOTO,VEHICULO_DEPORTIVO_UTILITARIO,SUMA_DE_VEHICULOS,EDAD_1,SEXO_1,CONDICION_1,PARTICIPANTE_1,CASCO_1,CINTURON_1,KMeans_Cluster
21684,77894,77895,2019,1,0,-0.172855,-78.361325,PICHINCHA,QUITO,PUEMBO,RURAL,2019-12-16,13:20:00,13,LUNES,1,DICIEMBRE,12,NO,"CONDUCE BAJO LA INFLUENCIA DE ALCOHOL, SUSTANCIAS ESTUPEFACIENTES O PSICOTROPICAS Y/O MEDICAMENTOS.",CHOQUE FRONTAL,MOTOCICLETA,1,0,0,0,0,0,0,0,1,0,0,0,0,2,43,HOMBRE,LESIONADO,CONDUCTOR PRESENTE,NO,NO,3
21685,77900,77901,2019,3,0,-0.478061,-78.644298,PICHINCHA,MEJIA,ALOAG,RURAL,2019-12-16,15:35:00,15,LUNES,1,DICIEMBRE,12,NO,CONDUCIR EN SENTIDO CONTRARIO A LA VIA NORMAL DE CIRCULACION.,CHOQUE FRONTAL,CAMION,0,0,0,1,0,0,0,0,0,0,0,0,1,2,33,HOMBRE,LESIONADO,CONDUCTOR PRESENTE,NO,NO,3
21686,77902,77903,2019,0,0,-0.190042,-78.488129,PICHINCHA,QUITO,QUITO,URBANA,2019-12-16,16:25:00,16,LUNES,1,DICIEMBRE,12,NO,NO MANTENER LA DISTANCIA PRUDENCIAL CON RESPECTO AL VEHICULO QUE LE ANTECEDE.,CHOQUE POSTERIOR,AUTOMOVIL,1,0,0,1,0,0,0,0,0,0,0,0,0,2,62,HOMBRE,ILESO,CONDUCTOR PRESENTE,NO,NO,0
21687,77915,77916,2019,0,0,-0.261822,-78.540082,PICHINCHA,QUITO,QUITO,URBANA,2019-12-16,21:04:00,21,LUNES,1,DICIEMBRE,12,NO,"NO RESPETAR LAS SENIALES REGLAMENTARIAS DE TRANSITO. (PARE, CEDA EL PASO, LUZ ROJA DEL SEMAFORO, ETC).",CHOQUE LATERAL,AUTOMOVIL,1,0,0,0,1,0,0,0,0,0,0,0,0,2,39,HOMBRE,ILESO,CONDUCTOR PRESENTE,NO,NO,0
21688,77926,77927,2019,0,0,-0.125714,-78.500374,PICHINCHA,QUITO,QUITO,URBANA,2019-12-17,01:00:00,1,MARTES,2,DICIEMBRE,12,NO,"NO RESPETAR LAS SENIALES REGLAMENTARIAS DE TRANSITO. (PARE, CEDA EL PASO, LUZ ROJA DEL SEMAFORO, ETC).",CHOQUE LATERAL,AUTOMOVIL,2,0,0,0,0,0,0,0,0,0,0,0,0,2,29,HOMBRE,ILESO,CONDUCTOR PRESENTE,NO,NO,0
21689,77927,77928,2019,0,0,-0.083562,-78.483767,PICHINCHA,QUITO,QUITO,URBANA,2019-12-17,01:30:00,1,MARTES,2,DICIEMBRE,12,NO,"CONDUCIR DESATENTO A LAS CONDICIONES DE TRANSITO (CELULAR, PANTALLAS DE VIDEO, COMIDA, MAQUILLAJE O CUALQUIER OTRO ELEMENTO DISTRACTOR).",PERDIDA DE CARRIL,VEHICULO DEPORTIVO UTILITARIO,0,0,0,0,0,0,0,0,0,0,0,0,1,1,52,HOMBRE,ILESO,CONDUCTOR PRESENTE,NO,SI,0
21690,77932,77933,2019,6,0,-0.222068,-78.384087,PICHINCHA,QUITO,TUMBACO,RURAL,2019-12-17,07:15:00,7,MARTES,2,DICIEMBRE,12,NO,NO GUARDAR LA DISTANCIA LATERAL MINIMA DE SEGURIDAD ENTRE VEHICULOS.,CHOQUE LATERAL,AUTOMOVIL,2,0,0,0,0,0,0,0,0,0,0,0,0,2,7,MUJER,LESIONADO,PASAJERO,NO,NO,3
21691,77934,77935,2019,0,0,-0.130289,-78.471087,PICHINCHA,QUITO,QUITO,URBANA,2019-12-17,07:45:00,7,MARTES,2,DICIEMBRE,12,NO,NO MANTENER LA DISTANCIA PRUDENCIAL CON RESPECTO AL VEHICULO QUE LE ANTECEDE.,COLISION,AUTOMOVIL,5,0,0,0,0,0,0,0,0,0,0,0,0,5,46,MUJER,ILESO,CONDUCTOR PRESENTE,NO,NO,0
21692,77941,77942,2019,2,0,-0.203857,-78.488945,PICHINCHA,QUITO,QUITO,URBANA,2019-12-17,10:55:00,10,MARTES,2,DICIEMBRE,12,NO,NO GUARDAR LA DISTANCIA LATERAL MINIMA DE SEGURIDAD ENTRE VEHICULOS.,CHOQUE LATERAL,BUS,0,0,1,0,0,0,0,0,1,0,0,0,0,2,37,HOMBRE,LESIONADO,CONDUCTOR PRESENTE,NO,NO,0
21693,77945,77946,2019,1,0,-0.318491,-78.551018,PICHINCHA,QUITO,QUITO,URBANA,2019-12-17,12:40:00,12,MARTES,2,DICIEMBRE,12,NO,CONDUCIR VEHICULO SUPERANDO LOS LIMITES MAXIMOS DE VELOCIDAD.,ATROPELLOS,NO IDENTIFICADO,0,0,0,0,0,0,0,0,0,1,0,0,0,1,12,HOMBRE,LESIONADO,PEATON,NO,NO,0
21694,77950,77951,2019,1,0,-0.283991,-78.549701,PICHINCHA,QUITO,QUITO,URBANA,2019-12-17,13:00:00,13,MARTES,2,DICIEMBRE,12,NO,CONDUCIR VEHICULO SUPERANDO LOS LIMITES MAXIMOS DE VELOCIDAD.,ATROPELLOS,AUTOMOVIL,1,0,0,0,0,0,0,0,0,0,0,0,0,1,49,MUJER,LESIONADO,PEATON,NO,NO,0
21695,77951,77952,2019,1,0,-0.001583,-78.443085,PICHINCHA,QUITO,SAN ANTONIO (QUITO),RURAL,2019-12-17,13:52:00,13,MARTES,2,DICIEMBRE,12,NO,NO CEDER EL DERECHO DE VIA O PREFERENCIA DE PASO AL PEATON.,ATROPELLOS,AUTOMOVIL,1,0,0,0,0,0,0,0,0,0,0,0,0,1,50,HOMBRE,LESIONADO,PEATON,NO,NO,3
21696,77952,77953,2019,2,0,0.044196,-78.155508,PICHINCHA,CAYAMBE,CAYAMBE,RURAL,2019-12-17,14:20:00,14,MARTES,2,DICIEMBRE,12,NO,NO TRANSITAR POR LAS ACERAS O ZONAS DE SEGURIDAD DESTINADAS PARA EL EFECTO.,ATROPELLOS,MOTOCICLETA,0,0,0,0,0,0,0,0,1,0,0,0,0,1,35,MUJER,LESIONADO,PEATON,NO,SI,3
21697,77966,77967,2019,1,0,-0.161461,-78.487356,PICHINCHA,QUITO,QUITO,URBANA,2019-12-17,17:05:00,17,MARTES,2,DICIEMBRE,12,NO,"NO RESPETAR LAS SENIALES REGLAMENTARIAS DE TRANSITO. (PARE, CEDA EL PASO, LUZ ROJA DEL SEMAFORO, ETC).",ESTRELLAMIENTOS,AUTOMOVIL,2,0,0,0,0,0,0,0,1,0,0,0,0,3,33,HOMBRE,LESIONADO,CONDUCTOR PRESENTE,NO,NO,0
21698,77967,77968,2019,1,0,-0.264263,-78.550014,PICHINCHA,QUITO,QUITO,URBANA,2019-12-17,17:05:00,17,MARTES,2,DICIEMBRE,12,NO,NO TRANSITAR POR LAS ACERAS O ZONAS DE SEGURIDAD DESTINADAS PARA EL EFECTO.,ATROPELLOS,BUS,0,0,1,0,0,0,0,0,0,0,0,0,0,1,17,HOMBRE,LESIONADO,PEATON,NO,NO,0
21699,77970,77971,2019,0,0,-0.168724,-78.474954,PICHINCHA,QUITO,QUITO,URBANA,2019-12-17,19:00:00,19,MARTES,2,DICIEMBRE,12,NO,NO MANTENER LA DISTANCIA PRUDENCIAL CON RESPECTO AL VEHICULO QUE LE ANTECEDE.,CHOQUE POSTERIOR,AUTOMOVIL,2,0,0,0,0,0,0,0,0,0,0,0,0,2,20,MUJER,ILESO,CONDUCTOR PRESENTE,NO,NO,0
21700,77971,77972,2019,1,0,-0.297861,-78.573381,PICHINCHA,QUITO,QUITO,URBANA,2019-12-17,19:00:00,19,MARTES,2,DICIEMBRE,12,NO,"ADELANTAR O REBASAR A OTRO VEHICULO EN MOVIMIENTO EN ZONAS O SITIOS PELIGROSOS TALES COMO: CURVAS, PUENTES, TUNELES, PENDIENTES, ETC.",OTROS,NO IDENTIFICADO,0,0,0,0,0,0,0,0,0,2,0,0,0,2,29,HOMBRE,LESIONADO,CONDUCTOR PRESENTE,NO,NO,0
21701,77979,77980,2019,1,0,-0.301132,-78.521206,PICHINCHA,QUITO,QUITO,URBANA,2019-12-17,22:40:00,22,MARTES,2,DICIEMBRE,12,NO,"CONDUCE BAJO LA INFLUENCIA DE ALCOHOL, SUSTANCIAS ESTUPEFACIENTES O PSICOTROPICAS Y/O MEDICAMENTOS.",ATROPELLOS,AUTOMOVIL,1,0,0,0,0,0,0,0,0,0,0,0,0,1,35,HOMBRE,LESIONADO,PEATON,NO,NO,0
21702,77986,77987,2019,0,0,-0.272791,-78.547641,PICHINCHA,QUITO,QUITO,URBANA,2019-12-18,00:35:00,0,MIERCOLES,3,DICIEMBRE,12,NO,CONDUCIR VEHICULO SUPERANDO LOS LIMITES MAXIMOS DE VELOCIDAD.,ESTRELLAMIENTOS,AUTOMOVIL,1,0,0,0,0,0,0,0,0,0,0,0,0,1,-1,NO IDENTIFICADO,NO IDENTIFICADO,CONDUCTOR AUSENTE,NO,NO,2
21703,77988,77989,2019,1,0,-0.239054,-78.510443,PICHINCHA,QUITO,QUITO,URBANA,2019-12-18,01:00:00,1,MIERCOLES,3,DICIEMBRE,12,NO,"CASO FORTUITO O FUERZA MAYOR (EXPLOSION DE NEUMATICO NUEVO, DERRUMBE, INUNDACION, CAIDA DE PUENTE, ARBOL, PRESENCIA INTEMPESTIVA E IMPREVISTA DE SEMOVIENTES EN LA VIA, ETC.).",ESTRELLAMIENTOS,MOTOCICLETA,0,0,0,0,0,0,0,0,1,1,0,0,0,2,27,HOMBRE,LESIONADO,CONDUCTOR PRESENTE,SI,NO,0
21704,77996,77997,2019,0,0,0.035967,-78.146421,PICHINCHA,CAYAMBE,CAYAMBE,URBANA,2019-12-18,06:30:00,6,MIERCOLES,3,DICIEMBRE,12,NO,"CONDUCIR DESATENTO A LAS CONDICIONES DE TRANSITO (CELULAR, PANTALLAS DE VIDEO, COMIDA, MAQUILLAJE O CUALQUIER OTRO ELEMENTO DISTRACTOR).",CHOQUE LATERAL,MOTOCICLETA,1,0,0,0,0,0,0,0,1,0,0,0,0,2,25,HOMBRE,ILESO,CONDUCTOR PRESENTE,NO,SI,0
21705,78006,78007,2019,1,0,-0.142311,-78.461781,PICHINCHA,QUITO,QUITO,URBANA,2019-12-18,08:10:00,8,MIERCOLES,3,DICIEMBRE,12,NO,"NO RESPETAR LAS SENIALES REGLAMENTARIAS DE TRANSITO. (PARE, CEDA EL PASO, LUZ ROJA DEL SEMAFORO, ETC).",CHOQUE LATERAL,AUTOMOVIL,2,0,0,0,0,0,0,0,0,0,0,0,0,2,14,MUJER,LESIONADO,PASAJERO,NO,NO,0
21706,78009,78010,2019,0,0,-0.514607,-78.564271,PICHINCHA,MEJIA,MACHACHI,URBANA,2019-12-18,10:15:00,10,MIERCOLES,3,DICIEMBRE,12,NO,"CONDUCIR DESATENTO A LAS CONDICIONES DE TRANSITO (CELULAR, PANTALLAS DE VIDEO, COMIDA, MAQUILLAJE O CUALQUIER OTRO ELEMENTO DISTRACTOR).",CHOQUE LATERAL,AUTOMOVIL,1,0,0,0,1,0,0,0,0,0,0,0,0,2,63,HOMBRE,ILESO,CONDUCTOR PRESENTE,NO,SI,1
21707,78013,78014,2019,0,1,0.012045,-78.351926,PICHINCHA,PEDRO MONCAYO,MALCHINGUI,RURAL,2019-12-18,11:35:00,11,MIERCOLES,3,DICIEMBRE,12,NO,"CONDUCE BAJO LA INFLUENCIA DE ALCOHOL, SUSTANCIAS ESTUPEFACIENTES O PSICOTROPICAS Y/O MEDICAMENTOS.",PERDIDA DE CARRIL,CAMIONETA,0,0,0,0,1,0,0,0,0,0,0,0,0,1,62,HOMBRE,FALLECIDO,CONDUCTOR PRESENTE,NO,NO,3
21708,78014,78015,2019,0,0,-0.291177,-78.545891,PICHINCHA,QUITO,QUITO,URBANA,2019-12-18,11:35:00,11,MIERCOLES,3,DICIEMBRE,12,NO,"NO RESPETAR LAS SENIALES REGLAMENTARIAS DE TRANSITO. (PARE, CEDA EL PASO, LUZ ROJA DEL SEMAFORO, ETC).",CHOQUE LATERAL,MOTOCICLETA,1,0,0,0,0,0,0,0,1,0,0,0,0,2,24,HOMBRE,ILESO,CONDUCTOR PRESENTE,NO,NO,0
21709,78016,78017,2019,0,1,-0.198175,-78.499269,PICHINCHA,QUITO,QUITO,URBANA,2019-12-18,12:15:00,12,MIERCOLES,3,DICIEMBRE,12,NO,PEATON QUE CRUZA LA CALZADA SIN RESPETAR LA SENIALIZACION EXISTENTE (SEMAFOROS O SENIALES MANUALES).,ATROPELLOS,AUTOMOVIL,1,0,0,0,0,0,0,0,0,0,0,0,0,1,60,MUJER,FALLECIDO,PEATON,NO,NO,0
21710,78028,78029,2019,1,0,-0.176549,-78.481391,PICHINCHA,QUITO,QUITO,URBANA,2019-12-18,15:50:00,15,MIERCOLES,3,DICIEMBRE,12,NO,NO TRANSITAR POR LAS ACERAS O ZONAS DE SEGURIDAD DESTINADAS PARA EL EFECTO.,ATROPELLOS,MOTOCICLETA,0,0,0,0,0,0,0,0,1,0,0,0,0,1,41,MUJER,LESIONADO,PEATON,NO,NO,0
21711,78045,78046,2019,0,0,-0.234231,-78.489577,PICHINCHA,QUITO,QUITO,URBANA,2019-12-18,22:28:00,22,MIERCOLES,3,DICIEMBRE,12,NO,CONDUCIR VEHICULO SUPERANDO LOS LIMITES MAXIMOS DE VELOCIDAD.,OTROS,NO IDENTIFICADO,0,0,0,0,0,0,0,0,0,1,0,0,0,1,-1,NO IDENTIFICADO,NO IDENTIFICADO,CONDUCTOR AUSENTE,NO,NO,2
21712,78055,78056,2019,0,0,-0.282438,-78.537731,PICHINCHA,QUITO,QUITO,URBANA,2019-12-19,00:45:00,0,JUEVES,4,DICIEMBRE,12,NO,CONDUCIR VEHICULO SUPERANDO LOS LIMITES MAXIMOS DE VELOCIDAD.,ESTRELLAMIENTOS,AUTOMOVIL,1,0,0,0,0,0,0,0,0,0,0,0,0,1,-1,NO IDENTIFICADO,NO IDENTIFICADO,CONDUCTOR AUSENTE,NO,NO,2
21713,78060,78061,2019,2,0,-0.250815,-78.516538,PICHINCHA,QUITO,QUITO,URBANA,2019-12-19,06:00:00,6,JUEVES,4,DICIEMBRE,12,NO,"CONDUCE BAJO LA INFLUENCIA DE ALCOHOL, SUSTANCIAS ESTUPEFACIENTES O PSICOTROPICAS Y/O MEDICAMENTOS.",ATROPELLOS,AUTOMOVIL,1,0,0,0,0,0,0,0,0,0,0,0,0,1,31,MUJER,LESIONADO,PEATON,NO,NO,0
21714,78073,78074,2019,1,0,-0.256308,-78.556599,PICHINCHA,QUITO,QUITO,URBANA,2019-12-19,11:30:00,11,JUEVES,4,DICIEMBRE,12,NO,"MAL ESTACIONADO - EL CONDUCTOR QUE DETENGA O ESTACIONE VEHICULOS EN SITIOS O ZONAS QUE ENTRANIEN PELIGRO, TALES COMO ZONA DE SEGURIDAD, CURVAS, PUENTES, TUNELES, PENDIENTES.",CHOQUE FRONTAL,CAMION,0,0,0,2,0,0,0,0,0,0,0,0,0,2,41,HOMBRE,LESIONADO,CONDUCTOR PRESENTE,NO,NO,0
21715,78085,78086,2019,0,0,-0.100959,-78.483228,PICHINCHA,QUITO,QUITO,URBANA,2019-12-19,14:15:00,14,JUEVES,4,DICIEMBRE,12,NO,CONDUCIR VEHICULO SUPERANDO LOS LIMITES MAXIMOS DE VELOCIDAD.,ESTRELLAMIENTOS,AUTOMOVIL,1,0,0,0,0,0,0,0,0,0,0,0,0,1,54,MUJER,ILESO,PEATON,NO,NO,0
21716,78087,78088,2019,0,0,-0.199767,-78.428809,PICHINCHA,QUITO,CUMBAYA,RURAL,2019-12-19,14:25:00,14,JUEVES,4,DICIEMBRE,12,NO,CONDUCIR VEHICULO SUPERANDO LOS LIMITES MAXIMOS DE VELOCIDAD.,CHOQUE FRONTAL,AUTOMOVIL,2,0,0,0,0,0,0,0,0,0,0,0,0,2,62,MUJER,ILESO,CONDUCTOR PRESENTE,NO,NO,3
21717,78091,78092,2019,0,1,-0.212226,-78.499352,PICHINCHA,QUITO,QUITO,URBANA,2019-12-19,15:00:00,15,JUEVES,4,DICIEMBRE,12,NO,"CASO FORTUITO O FUERZA MAYOR (EXPLOSION DE NEUMATICO NUEVO, DERRUMBE, INUNDACION, CAIDA DE PUENTE, ARBOL, PRESENCIA INTEMPESTIVA E IMPREVISTA DE SEMOVIENTES EN LA VIA, ETC.).",ATROPELLOS,CAMION,0,0,0,1,0,0,0,0,0,0,0,0,0,1,40,HOMBRE,FALLECIDO,PEATON,NO,NO,0
21718,78092,78093,2019,1,0,-0.175598,-78.486161,PICHINCHA,QUITO,QUITO,URBANA,2019-12-19,15:03:00,15,JUEVES,4,DICIEMBRE,12,NO,NO CEDER EL DERECHO DE VIA O PREFERENCIA DE PASO AL PEATON.,ATROPELLOS,AUTOMOVIL,1,0,0,0,0,0,0,0,0,0,0,0,0,1,73,HOMBRE,LESIONADO,PEATON,NO,NO,0
21719,78096,78097,2019,0,0,-0.144229,-78.469533,PICHINCHA,QUITO,QUITO,URBANA,2019-12-19,16:50:00,16,JUEVES,4,DICIEMBRE,12,NO,CONDUCIR VEHICULO SUPERANDO LOS LIMITES MAXIMOS DE VELOCIDAD.,OTROS,AUTOMOVIL,5,0,0,0,0,0,0,0,0,0,0,0,0,5,38,HOMBRE,ILESO,CONDUCTOR PRESENTE,NO,NO,0
21720,78097,78098,2019,1,0,-0.038261,-78.448872,PICHINCHA,QUITO,POMASQUI,RURAL,2019-12-19,17:00:00,17,JUEVES,4,DICIEMBRE,12,NO,CONDUCIR VEHICULO SUPERANDO LOS LIMITES MAXIMOS DE VELOCIDAD.,ESTRELLAMIENTOS,AUTOMOVIL,1,0,0,0,0,0,0,0,0,0,0,0,0,1,70,MUJER,LESIONADO,PASAJERO,NO,NO,3
21721,78102,78103,2019,0,0,-0.274321,-78.544261,PICHINCHA,QUITO,QUITO,URBANA,2019-12-19,18:45:00,18,JUEVES,4,DICIEMBRE,12,NO,CONDUCIR EN SENTIDO CONTRARIO A LA VIA NORMAL DE CIRCULACION.,CHOQUE FRONTAL,AUTOMOVIL,1,0,0,0,0,0,0,0,0,1,0,0,0,2,29,MUJER,ILESO,CONDUCTOR PRESENTE,NO,NO,0
21722,78103,78104,2019,0,0,-0.096159,-78.419433,PICHINCHA,QUITO,CALDERON (CARAPUNGO),RURAL,2019-12-19,19:10:00,19,JUEVES,4,DICIEMBRE,12,NO,PESO Y VOLUMEN - NO CUMPLIR CON LAS NORMAS DE SEGURIDAD NECESARIAS AL TRANSPORTAR CARGAS.,ESTRELLAMIENTOS,NO IDENTIFICADO,0,0,0,0,0,0,0,0,0,1,0,0,0,1,-1,NO IDENTIFICADO,NO IDENTIFICADO,CONDUCTOR AUSENTE,NO,NO,2
21723,78109,78110,2019,0,0,-0.162212,-78.498049,PICHINCHA,QUITO,QUITO,URBANA,2019-12-19,19:30:00,19,JUEVES,4,DICIEMBRE,12,NO,NO MANTENER LA DISTANCIA PRUDENCIAL CON RESPECTO AL VEHICULO QUE LE ANTECEDE.,CHOQUE POSTERIOR,AUTOMOVIL,2,0,0,0,0,0,0,0,0,0,0,0,0,2,55,MUJER,ILESO,CONDUCTOR PRESENTE,NO,NO,0
21724,78110,78111,2019,2,0,-0.080417,-78.413751,PICHINCHA,QUITO,CALDERON (CARAPUNGO),RURAL,2019-12-19,19:40:00,19,JUEVES,4,DICIEMBRE,12,NO,NO TRANSITAR POR LAS ACERAS O ZONAS DE SEGURIDAD DESTINADAS PARA EL EFECTO.,ATROPELLOS,MOTOCICLETA,0,0,0,0,0,0,0,0,1,0,0,0,0,1,29,HOMBRE,LESIONADO,PEATON,NO,NO,3
21725,78116,78117,2019,0,0,-0.213512,-78.509807,PICHINCHA,QUITO,QUITO,URBANA,2019-12-19,20:05:00,20,JUEVES,4,DICIEMBRE,12,NO,"CONDUCE BAJO LA INFLUENCIA DE ALCOHOL, SUSTANCIAS ESTUPEFACIENTES O PSICOTROPICAS Y/O MEDICAMENTOS.",ROZAMIENTOS,AUTOMOVIL,2,0,0,0,0,0,0,0,0,0,0,0,0,2,59,HOMBRE,ILESO,CONDUCTOR PRESENTE,NO,NO,0
21726,78121,78122,2019,0,0,-0.212775,-78.488348,PICHINCHA,QUITO,QUITO,URBANA,2019-12-19,22:10:00,22,JUEVES,4,DICIEMBRE,12,NO,CONDUCIR VEHICULO SUPERANDO LOS LIMITES MAXIMOS DE VELOCIDAD.,ESTRELLAMIENTOS,AUTOMOVIL,1,0,0,0,0,0,0,0,0,0,0,0,0,1,24,HOMBRE,ILESO,CONDUCTOR PRESENTE,NO,NO,0
21727,78126,78127,2019,2,0,-0.229787,-78.485515,PICHINCHA,QUITO,QUITO,URBANA,2019-12-19,23:35:00,23,JUEVES,4,DICIEMBRE,12,NO,"CONDUCE BAJO LA INFLUENCIA DE ALCOHOL, SUSTANCIAS ESTUPEFACIENTES O PSICOTROPICAS Y/O MEDICAMENTOS.",VOLCAMIENTOS,MOTOCICLETA,0,0,0,0,0,0,0,0,1,0,0,0,0,1,26,HOMBRE,LESIONADO,PASAJERO,NO,NO,0
21728,78128,78129,2019,0,0,-0.188882,-78.454292,PICHINCHA,QUITO,NAYON,RURAL,2019-12-20,00:20:00,0,VIERNES,5,DICIEMBRE,12,SI,"PRESENCIA DE AGENTES EXTERNOS EN LA VIA (AGUA, ACEITE, PIEDRA, LASTRE, ESCOMBROS, MADEROS, ETC.).",ESTRELLAMIENTOS,CAMIONETA,0,0,0,0,1,0,0,0,0,0,0,0,0,1,-1,NO IDENTIFICADO,NO IDENTIFICADO,CONDUCTOR AUSENTE,NO,NO,2
21729,78130,78131,2019,0,0,-0.450001,-78.686944,PICHINCHA,MEJIA,ALOAG,RURAL,2019-12-20,01:30:00,1,VIERNES,5,DICIEMBRE,12,SI,"NO RESPETAR LAS SENIALES REGLAMENTARIAS DE TRANSITO. (PARE, CEDA EL PASO, LUZ ROJA DEL SEMAFORO, ETC).",CHOQUE LATERAL,CAMIONETA,0,0,0,2,1,0,0,0,0,0,0,0,0,3,23,HOMBRE,ILESO,CONDUCTOR PRESENTE,NO,SI,3
21730,78137,78138,2019,0,0,-0.221222,-78.508701,PICHINCHA,QUITO,QUITO,URBANA,2019-12-20,02:30:00,2,VIERNES,5,DICIEMBRE,12,SI,"NO RESPETAR LAS SENIALES REGLAMENTARIAS DE TRANSITO. (PARE, CEDA EL PASO, LUZ ROJA DEL SEMAFORO, ETC).",ESTRELLAMIENTOS,AUTOMOVIL,1,0,0,0,0,0,0,0,0,0,0,0,0,1,-1,NO IDENTIFICADO,NO IDENTIFICADO,CONDUCTOR AUSENTE,NO,NO,2
21731,78138,78139,2019,0,0,-0.260041,-78.539328,PICHINCHA,QUITO,QUITO,URBANA,2019-12-20,02:40:00,2,VIERNES,5,DICIEMBRE,12,SI,CONDUCIR VEHICULO SUPERANDO LOS LIMITES MAXIMOS DE VELOCIDAD.,COLISION,AUTOMOVIL,4,0,0,0,1,0,0,0,0,0,0,0,0,5,42,HOMBRE,ILESO,CONDUCTOR PRESENTE,NO,NO,0
21732,78142,78143,2019,1,0,-0.412012,-78.547884,PICHINCHA,MEJIA,TAMBILLO (MEJIA),RURAL,2019-12-20,04:00:00,4,VIERNES,5,DICIEMBRE,12,SI,"CONDUCIR DESATENTO A LAS CONDICIONES DE TRANSITO (CELULAR, PANTALLAS DE VIDEO, COMIDA, MAQUILLAJE O CUALQUIER OTRO ELEMENTO DISTRACTOR).",PERDIDA DE CARRIL,AUTOMOVIL,1,0,0,0,0,0,0,0,0,0,0,0,0,1,23,HOMBRE,LESIONADO,PASAJERO,NO,NO,3
21733,78148,78149,2019,1,0,-0.260629,-78.546185,PICHINCHA,QUITO,QUITO,URBANA,2019-12-20,06:00:00,6,VIERNES,5,DICIEMBRE,12,SI,DEJAR O RECOGER PASAJEROS EN LUGARES NO PERMITIDOS.,CHOQUE LATERAL,BUS,0,0,1,0,0,0,0,1,0,0,0,0,0,2,39,HOMBRE,LESIONADO,PASAJERO,NO,NO,0
21734,78157,78158,2019,0,1,-0.355057,-78.549323,PICHINCHA,QUITO,QUITO,URBANA,2019-12-20,09:10:00,9,VIERNES,5,DICIEMBRE,12,SI,NO CEDER EL DERECHO DE VIA O PREFERENCIA DE PASO AL PEATON.,ATROPELLOS,CAMION,0,0,0,1,0,0,0,0,0,0,0,0,0,1,53,HOMBRE,FALLECIDO,PEATON,NO,NO,0
21735,78161,78162,2019,1,0,-0.202667,-78.492462,PICHINCHA,QUITO,QUITO,URBANA,2019-12-20,10:35:00,10,VIERNES,5,DICIEMBRE,12,SI,"NO RESPETAR LAS SENIALES REGLAMENTARIAS DE TRANSITO. (PARE, CEDA EL PASO, LUZ ROJA DEL SEMAFORO, ETC).",CHOQUE LATERAL,MOTOCICLETA,1,0,0,0,0,0,0,0,1,0,0,0,0,2,36,HOMBRE,LESIONADO,CONDUCTOR PRESENTE,NO,NO,0
21736,78166,78167,2019,1,0,-0.268966,-78.555272,PICHINCHA,QUITO,QUITO,URBANA,2019-12-20,12:15:00,12,VIERNES,5,DICIEMBRE,12,SI,CONDUCIR VEHICULO SUPERANDO LOS LIMITES MAXIMOS DE VELOCIDAD.,PERDIDA DE CARRIL,NO IDENTIFICADO,0,0,0,0,0,0,0,0,0,1,0,0,0,1,25,MUJER,LESIONADO,CONDUCTOR PRESENTE,NO,NO,0
21737,78168,78169,2019,1,0,-0.209009,-78.505987,PICHINCHA,QUITO,QUITO,URBANA,2019-12-20,12:50:00,12,VIERNES,5,DICIEMBRE,12,SI,NO GUARDAR LA DISTANCIA LATERAL MINIMA DE SEGURIDAD ENTRE VEHICULOS.,CHOQUE LATERAL,MOTOCICLETA,1,0,0,0,0,0,0,0,1,0,0,0,0,2,35,HOMBRE,LESIONADO,CONDUCTOR PRESENTE,NO,NO,0
21738,78174,78175,2019,0,0,-0.244585,-78.510941,PICHINCHA,QUITO,QUITO,URBANA,2019-12-20,15:00:00,15,VIERNES,5,DICIEMBRE,12,SI,"CONDUCE BAJO LA INFLUENCIA DE ALCOHOL, SUSTANCIAS ESTUPEFACIENTES O PSICOTROPICAS Y/O MEDICAMENTOS.",OTROS,AUTOMOVIL,2,0,0,0,0,0,0,0,0,0,0,0,0,2,18,HOMBRE,ILESO,CONDUCTOR PRESENTE,NO,NO,0
21739,78175,78176,2019,1,0,-0.190099,-78.509787,PICHINCHA,QUITO,QUITO,URBANA,2019-12-20,15:30:00,15,VIERNES,5,DICIEMBRE,12,SI,CONDUCIR VEHICULO SUPERANDO LOS LIMITES MAXIMOS DE VELOCIDAD.,ESTRELLAMIENTOS,MOTOCICLETA,0,0,0,0,0,0,0,0,1,0,0,0,0,1,20,HOMBRE,LESIONADO,CONDUCTOR PRESENTE,NO,NO,0