,Unnamed: 0,ID,ANIO,LESIONADOS,FALLECIDOS,LATITUD_Y,LONGITUD_X,PROVINCIA,CANTON,PARROQUIA,ZONA,FECHA,HORA,PERIODO_2,DIA_1,DIA_2,MES_1,MES_2,FERIADO,CAUSA_PROBABLE,TIPO_DE_SINIESTRO,TIPO_DE_VEHICULO_1,AUTOMOVIL,BICICLETA,BUS,CAMION,CAMIONETA,EMERGENCIAS,ESPECIAL,FURGONETA,MOTOCICLETA,NO_IDENTIFICADO,SCOOTER_ELECTRICO,TRICIMOTO,VEHICULO_DEPORTIVO_UTILITARIO,SUMA_DE_VEHICULOS,EDAD_1,SEXO_1,CONDICION_1,PARTICIPANTE_1,CASCO_1,CINTURON_1,KMeans_Cluster
21740,78186,78187,2019,0,0,-0.292714,-78.476486,PICHINCHA,QUITO,CONOCOTO,RURAL,2019-12-20,19:05:00,19,VIERNES,5,DICIEMBRE,12,SI,"CONDUCE BAJO LA INFLUENCIA DE ALCOHOL, SUSTANCIAS ESTUPEFACIENTES O PSICOTROPICAS Y/O MEDICAMENTOS.",CHOQUE POSTERIOR,AUTOMOVIL,2,0,0,0,0,0,0,0,0,0,0,0,0,2,48,MUJER,ILESO,CONDUCTOR PRESENTE,NO,NO,3
21741,78201,78202,2019,2,2,-0.386597,-78.514087,PICHINCHA,QUITO,AMAGUANIA,RURAL,2019-12-20,22:00:00,22,VIERNES,5,DICIEMBRE,12,SI,"CONDUCIR DESATENTO A LAS CONDICIONES DE TRANSITO (CELULAR, PANTALLAS DE VIDEO, COMIDA, MAQUILLAJE O CUALQUIER OTRO ELEMENTO DISTRACTOR).",PERDIDA DE CARRIL,CAMIONETA,0,0,0,0,1,0,0,0,0,0,0,0,1,2,36,HOMBRE,FALLECIDO,CONDUCTOR PRESENTE,NO,NO,3
21742,78202,78203,2019,1,0,-0.237587,-78.484667,PICHINCHA,QUITO,QUITO,URBANA,2019-12-20,22:00:00,22,VIERNES,5,DICIEMBRE,12,SI,CONDUCIR VEHICULO SUPERANDO LOS LIMITES MAXIMOS DE VELOCIDAD.,CHOQUE POSTERIOR,CAMIONETA,1,0,0,0,1,0,0,0,0,0,0,0,0,2,31,MUJER,LESIONADO,PASAJERO,NO,NO,0
21743,78204,78205,2019,0,0,-0.204186,-78.492523,PICHINCHA,QUITO,QUITO,URBANA,2019-12-20,22:10:00,22,VIERNES,5,DICIEMBRE,12,SI,CONDUCIR VEHICULO SUPERANDO LOS LIMITES MAXIMOS DE VELOCIDAD.,ESTRELLAMIENTOS,CAMIONETA,1,0,0,0,1,0,0,0,0,0,0,0,0,2,-1,NO IDENTIFICADO,NO IDENTIFICADO,CONDUCTOR AUSENTE,NO,NO,2
21744,78206,78207,2019,0,0,-0.197163,-78.497918,PICHINCHA,QUITO,QUITO,URBANA,2019-12-20,22:40:00,22,VIERNES,5,DICIEMBRE,12,SI,REALIZAR CAMBIO BRUSCO O INDEBIDO DE CARRIL.,CHOQUE LATERAL,CAMIONETA,0,0,0,1,1,0,0,0,0,0,0,0,0,2,53,HOMBRE,ILESO,CONDUCTOR PRESENTE,NO,NO,0
21745,78209,78210,2019,2,0,-0.099781,-78.445765,PICHINCHA,QUITO,CALDERON (CARAPUNGO),RURAL,2019-12-20,22:50:00,22,VIERNES,5,DICIEMBRE,12,SI,CONDUCIR VEHICULO SUPERANDO LOS LIMITES MAXIMOS DE VELOCIDAD.,CHOQUE LATERAL,AUTOMOVIL,2,0,0,0,0,0,0,0,0,0,0,0,0,2,38,HOMBRE,LESIONADO,PASAJERO,NO,NO,3
21746,78211,78212,2019,1,0,-0.197253,-78.489843,PICHINCHA,QUITO,QUITO,URBANA,2019-12-20,23:00:00,23,VIERNES,5,DICIEMBRE,12,SI,"CASO FORTUITO O FUERZA MAYOR (EXPLOSION DE NEUMATICO NUEVO, DERRUMBE, INUNDACION, CAIDA DE PUENTE, ARBOL, PRESENCIA INTEMPESTIVA E IMPREVISTA DE SEMOVIENTES EN LA VIA, ETC.).",ATROPELLOS,AUTOMOVIL,1,0,0,0,0,0,0,0,0,0,0,0,0,1,22,HOMBRE,LESIONADO,PEATON,NO,NO,0
21747,78214,78215,2019,0,0,-0.190285,-78.454454,PICHINCHA,QUITO,QUITO,RURAL,2019-12-20,23:16:00,23,VIERNES,5,DICIEMBRE,12,SI,CONDUCIR VEHICULO SUPERANDO LOS LIMITES MAXIMOS DE VELOCIDAD.,PERDIDA DE CARRIL,AUTOMOVIL,1,0,0,0,0,0,0,0,0,0,0,0,0,1,41,HOMBRE,ILESO,CONDUCTOR PRESENTE,NO,NO,3
21748,78215,78216,2019,0,1,-0.472541,-78.566518,PICHINCHA,MEJIA,MACHACHI,RURAL,2019-12-20,23:20:00,23,VIERNES,5,DICIEMBRE,12,SI,"CONDUCIR DESATENTO A LAS CONDICIONES DE TRANSITO (CELULAR, PANTALLAS DE VIDEO, COMIDA, MAQUILLAJE O CUALQUIER OTRO ELEMENTO DISTRACTOR).",ATROPELLOS,NO IDENTIFICADO,0,0,0,0,0,0,0,0,0,1,0,0,0,1,30,HOMBRE,FALLECIDO,PEATON,NO,NO,3
21749,78218,78219,2019,2,1,-0.163073,-78.462599,PICHINCHA,QUITO,QUITO,URBANA,2019-12-20,23:45:00,23,VIERNES,5,DICIEMBRE,12,SI,"CONDUCE BAJO LA INFLUENCIA DE ALCOHOL, SUSTANCIAS ESTUPEFACIENTES O PSICOTROPICAS Y/O MEDICAMENTOS.",ATROPELLOS,AUTOMOVIL,1,0,0,0,0,0,0,0,0,0,0,0,0,1,21,HOMBRE,FALLECIDO,PEATON,NO,NO,0
21750,78221,78222,2019,0,0,-0.108219,-78.503819,PICHINCHA,QUITO,QUITO,URBANA,2019-12-21,00:35:00,0,SABADO,6,DICIEMBRE,12,SI,DANIOS MECANICOS PREVISIBLES.,ESTRELLAMIENTOS,AUTOMOVIL,1,0,0,0,0,0,0,0,0,0,0,0,0,1,26,HOMBRE,ILESO,CONDUCTOR PRESENTE,NO,NO,0
21751,78223,78224,2019,2,0,-0.107535,-78.447011,PICHINCHA,QUITO,CALDERON (CARAPUNGO),RURAL,2019-12-21,01:10:00,1,SABADO,6,DICIEMBRE,12,SI,"NO RESPETAR LAS SENIALES REGLAMENTARIAS DE TRANSITO. (PARE, CEDA EL PASO, LUZ ROJA DEL SEMAFORO, ETC).",CHOQUE LATERAL,AUTOMOVIL,2,0,0,0,0,0,0,0,0,0,0,0,0,2,21,HOMBRE,LESIONADO,PASAJERO,NO,NO,3
21752,78224,78225,2019,0,0,-0.129333,-78.494061,PICHINCHA,QUITO,QUITO,URBANA,2019-12-21,01:15:00,1,SABADO,6,DICIEMBRE,12,SI,DANIOS MECANICOS PREVISIBLES.,ESTRELLAMIENTOS,AUTOMOVIL,1,0,0,0,0,0,0,0,0,0,0,0,0,1,33,HOMBRE,ILESO,CONDUCTOR PRESENTE,NO,NO,0
21753,78226,78227,2019,0,0,-0.237474,-78.484642,PICHINCHA,QUITO,QUITO,URBANA,2019-12-21,01:20:00,1,SABADO,6,DICIEMBRE,12,SI,"CONDUCE BAJO LA INFLUENCIA DE ALCOHOL, SUSTANCIAS ESTUPEFACIENTES O PSICOTROPICAS Y/O MEDICAMENTOS.",CHOQUE POSTERIOR,AUTOMOVIL,2,0,0,0,0,0,0,0,0,0,0,0,0,2,32,HOMBRE,ILESO,CONDUCTOR PRESENTE,NO,NO,0
21754,78227,78228,2019,1,0,-0.176708,-78.493897,PICHINCHA,QUITO,QUITO,URBANA,2019-12-21,01:50:00,1,SABADO,6,DICIEMBRE,12,SI,CONDUCIR VEHICULO SUPERANDO LOS LIMITES MAXIMOS DE VELOCIDAD.,ESTRELLAMIENTOS,AUTOMOVIL,1,0,0,0,0,0,0,0,0,0,0,0,0,1,40,HOMBRE,LESIONADO,PASAJERO,NO,NO,0
21755,78230,78231,2019,2,0,-0.271125,-78.551998,PICHINCHA,QUITO,QUITO,URBANA,2019-12-21,02:00:00,2,SABADO,6,DICIEMBRE,12,SI,CONDUCIR VEHICULO SUPERANDO LOS LIMITES MAXIMOS DE VELOCIDAD.,CHOQUE LATERAL,MOTOCICLETA,1,0,0,0,0,0,0,0,1,0,0,0,0,2,27,HOMBRE,LESIONADO,PASAJERO,NO,NO,0
21756,78234,78235,2019,1,2,-0.243671,-78.485361,PICHINCHA,QUITO,QUITO,URBANA,2019-12-21,02:58:00,2,SABADO,6,DICIEMBRE,12,SI,"CONDUCE BAJO LA INFLUENCIA DE ALCOHOL, SUSTANCIAS ESTUPEFACIENTES O PSICOTROPICAS Y/O MEDICAMENTOS.",CHOQUE FRONTAL,MOTOCICLETA,1,0,0,0,0,0,0,0,1,0,0,0,0,2,36,MUJER,FALLECIDO,PASAJERO,NO,NO,0
21757,78236,78237,2019,0,0,-0.192433,-78.471726,PICHINCHA,QUITO,QUITO,URBANA,2019-12-21,03:14:00,3,SABADO,6,DICIEMBRE,12,SI,CONDUCIR VEHICULO SUPERANDO LOS LIMITES MAXIMOS DE VELOCIDAD.,ESTRELLAMIENTOS,AUTOMOVIL,1,0,0,0,0,0,0,0,0,0,0,0,0,1,-1,NO IDENTIFICADO,NO IDENTIFICADO,CONDUCTOR AUSENTE,NO,NO,2
21758,78239,78240,2019,2,0,-0.229787,-78.485515,PICHINCHA,QUITO,QUITO,URBANA,2019-12-21,03:30:00,3,SABADO,6,DICIEMBRE,12,SI,"CONDUCE BAJO LA INFLUENCIA DE ALCOHOL, SUSTANCIAS ESTUPEFACIENTES O PSICOTROPICAS Y/O MEDICAMENTOS.",ESTRELLAMIENTOS,AUTOMOVIL,3,0,0,0,0,0,0,0,0,0,0,0,0,3,23,MUJER,LESIONADO,PASAJERO,NO,NO,2
21759,78240,78241,2019,1,0,-0.188822,-78.454292,PICHINCHA,QUITO,NAYON,RURAL,2019-12-21,03:50:00,3,SABADO,6,DICIEMBRE,12,SI,"FALLA MECANICA EN LOS SISTEMAS Y/O NEUMATICOS (SISTEMA DE FRENOS, DIRECCION, ELECTRONICO O MECANICO).",ESTRELLAMIENTOS,MOTOCICLETA,0,0,0,0,0,0,0,0,1,0,0,0,0,1,28,HOMBRE,LESIONADO,PEATON,NO,NO,3
21760,78241,78242,2019,2,0,-0.245326,-78.534069,PICHINCHA,QUITO,QUITO,URBANA,2019-12-21,04:20:00,4,SABADO,6,DICIEMBRE,12,SI,CONDUCIR VEHICULO SUPERANDO LOS LIMITES MAXIMOS DE VELOCIDAD.,OTROS,NO IDENTIFICADO,0,0,0,0,0,0,0,0,0,1,0,0,0,1,29,HOMBRE,LESIONADO,PASAJERO,NO,NO,0
21761,78248,78249,2019,0,0,-0.208498,-78.485714,PICHINCHA,QUITO,QUITO,URBANA,2019-12-21,05:45:00,5,SABADO,6,DICIEMBRE,12,SI,"CONDUCIR EN ESTADO DE SOMNOLENCIA O MALAS CONDICIONES FISICAS (SUENIO, CANSANCIO Y FATIGA).",OTROS,AUTOMOVIL,2,0,0,0,0,0,0,0,0,0,0,0,0,2,26,MUJER,ILESO,CONDUCTOR PRESENTE,NO,NO,0
21762,78252,78253,2019,0,0,-0.118364,-78.497116,PICHINCHA,QUITO,QUITO,URBANA,2019-12-21,06:30:00,6,SABADO,6,DICIEMBRE,12,SI,"CONDUCE BAJO LA INFLUENCIA DE ALCOHOL, SUSTANCIAS ESTUPEFACIENTES O PSICOTROPICAS Y/O MEDICAMENTOS.",CHOQUE LATERAL,AUTOMOVIL,2,0,0,0,0,0,0,0,0,0,0,0,0,2,19,HOMBRE,ILESO,CONDUCTOR PRESENTE,NO,NO,0
21763,78255,78256,2019,4,0,-0.196669,-78.466599,PICHINCHA,QUITO,QUITO,RURAL,2019-12-21,07:20:00,7,SABADO,6,DICIEMBRE,12,SI,"CONDUCE BAJO LA INFLUENCIA DE ALCOHOL, SUSTANCIAS ESTUPEFACIENTES O PSICOTROPICAS Y/O MEDICAMENTOS.",CHOQUE LATERAL,AUTOMOVIL,1,0,0,0,1,0,0,0,0,0,0,0,0,2,32,HOMBRE,LESIONADO,CONDUCTOR PRESENTE,NO,NO,3
21764,78261,78262,2019,1,0,-0.172625,-78.423226,PICHINCHA,QUITO,NAYON,RURAL,2019-12-21,08:50:00,8,SABADO,6,DICIEMBRE,12,SI,CONDUCIR VEHICULO SUPERANDO LOS LIMITES MAXIMOS DE VELOCIDAD.,ESTRELLAMIENTOS,CAMIONETA,0,0,0,0,1,0,0,0,1,0,0,0,0,2,22,HOMBRE,LESIONADO,CONDUCTOR PRESENTE,NO,NO,3
21765,78262,78263,2019,0,0,-0.140523,-78.501098,PICHINCHA,QUITO,QUITO,URBANA,2019-12-21,08:50:00,8,SABADO,6,DICIEMBRE,12,SI,DANIOS MECANICOS PREVISIBLES.,ESTRELLAMIENTOS,CAMION,0,0,0,1,0,0,0,0,0,0,0,0,0,1,48,HOMBRE,ILESO,CONDUCTOR PRESENTE,NO,NO,0
21766,78264,78265,2019,0,0,-0.254686,-78.504316,PICHINCHA,QUITO,QUITO,URBANA,2019-12-21,09:10:00,9,SABADO,6,DICIEMBRE,12,SI,NO MANTENER LA DISTANCIA PRUDENCIAL CON RESPECTO AL VEHICULO QUE LE ANTECEDE.,CHOQUE POSTERIOR,CAMIONETA,1,0,0,0,1,0,0,0,0,0,0,0,0,2,43,HOMBRE,ILESO,CONDUCTOR PRESENTE,NO,NO,0
21767,78269,78270,2019,0,0,-0.133681,-78.455611,PICHINCHA,QUITO,QUITO,URBANA,2019-12-21,11:45:00,11,SABADO,6,DICIEMBRE,12,SI,DANIOS MECANICOS PREVISIBLES.,ATROPELLOS,MOTOCICLETA,0,0,0,0,0,0,0,0,1,0,0,0,0,1,87,MUJER,ILESO,PEATON,NO,NO,0
21768,78271,78272,2019,3,0,-0.206518,-78.494387,PICHINCHA,QUITO,QUITO,URBANA,2019-12-21,12:50:00,12,SABADO,6,DICIEMBRE,12,SI,CONDUCIR VEHICULO SUPERANDO LOS LIMITES MAXIMOS DE VELOCIDAD.,CHOQUE LATERAL,CAMIONETA,1,0,0,0,1,0,0,0,0,0,0,0,0,2,25,MUJER,LESIONADO,PASAJERO,NO,NO,0
21769,78275,78276,2019,2,0,-0.197727,-78.500219,PICHINCHA,QUITO,QUITO,URBANA,2019-12-21,13:55:00,13,SABADO,6,DICIEMBRE,12,SI,"CASO FORTUITO O FUERZA MAYOR (EXPLOSION DE NEUMATICO NUEVO, DERRUMBE, INUNDACION, CAIDA DE PUENTE, ARBOL, PRESENCIA INTEMPESTIVA E IMPREVISTA DE SEMOVIENTES EN LA VIA, ETC.).",ATROPELLOS,MOTOCICLETA,0,0,0,0,0,0,0,0,1,1,0,0,0,2,20,HOMBRE,LESIONADO,CONDUCTOR PRESENTE,NO,NO,0
21770,78278,78279,2019,2,2,0.073379,-78.998494,PICHINCHA,PEDRO VICENTE MALDONADO,PEDRO VICENTE MALDONADO,RURAL,2019-12-21,15:00:00,15,SABADO,6,DICIEMBRE,12,SI,"CONDUCE BAJO LA INFLUENCIA DE ALCOHOL, SUSTANCIAS ESTUPEFACIENTES O PSICOTROPICAS Y/O MEDICAMENTOS.",CHOQUE FRONTAL,CAMIONETA,0,0,0,0,1,0,0,0,2,0,0,0,0,3,27,HOMBRE,FALLECIDO,CONDUCTOR PRESENTE,NO,NO,3
21771,78279,78280,2019,0,0,-0.243171,-78.493331,PICHINCHA,QUITO,QUITO,URBANA,2019-12-21,15:00:00,15,SABADO,6,DICIEMBRE,12,SI,CONDUCIR VEHICULO SUPERANDO LOS LIMITES MAXIMOS DE VELOCIDAD.,ESTRELLAMIENTOS,AUTOMOVIL,1,0,0,0,0,0,0,0,0,0,0,0,0,1,-1,NO IDENTIFICADO,NO IDENTIFICADO,CONDUCTOR AUSENTE,NO,NO,2
21772,78280,78281,2019,0,0,-0.262021,-78.539865,PICHINCHA,QUITO,QUITO,URBANA,2019-12-21,15:30:00,15,SABADO,6,DICIEMBRE,12,SI,CONDUCIR VEHICULO SUPERANDO LOS LIMITES MAXIMOS DE VELOCIDAD.,CHOQUE LATERAL,CAMIONETA,1,0,0,0,1,0,0,0,0,0,0,0,0,2,19,MUJER,ILESO,CONDUCTOR PRESENTE,NO,NO,0
21773,78282,78283,2019,0,0,-0.109361,-78.496264,PICHINCHA,QUITO,QUITO,URBANA,2019-12-21,16:10:00,16,SABADO,6,DICIEMBRE,12,SI,"CONDUCE BAJO LA INFLUENCIA DE ALCOHOL, SUSTANCIAS ESTUPEFACIENTES O PSICOTROPICAS Y/O MEDICAMENTOS.",CHOQUE POSTERIOR,MOTOCICLETA,1,0,0,0,0,0,0,0,1,0,0,0,0,2,54,HOMBRE,ILESO,CONDUCTOR PRESENTE,NO,NO,0
21774,78283,78284,2019,0,1,-0.219987,-78.518373,PICHINCHA,QUITO,QUITO,URBANA,2019-12-21,16:20:00,16,SABADO,6,DICIEMBRE,12,SI,NO CEDER EL DERECHO DE VIA O PREFERENCIA DE PASO A VEHICULOS.,ARROLLAMIENTOS,CAMION,0,0,0,1,0,0,0,0,0,0,0,0,0,1,73,HOMBRE,FALLECIDO,PEATON,NO,NO,0
21775,78287,78288,2019,1,0,0.039089,-78.248033,PICHINCHA,PEDRO MONCAYO,LA ESPERANZA (PEDRO MONCAYO),RURAL,2019-12-21,17:00:00,17,SABADO,6,DICIEMBRE,12,SI,"CONDUCIR DESATENTO A LAS CONDICIONES DE TRANSITO (CELULAR, PANTALLAS DE VIDEO, COMIDA, MAQUILLAJE O CUALQUIER OTRO ELEMENTO DISTRACTOR).",ATROPELLOS,VEHICULO DEPORTIVO UTILITARIO,0,0,0,0,0,0,0,0,0,0,0,0,1,1,40,HOMBRE,LESIONADO,PEATON,NO,SI,3
21776,78289,78290,2019,0,0,-0.241871,-78.506651,PICHINCHA,QUITO,QUITO,URBANA,2019-12-21,17:00:00,17,SABADO,6,DICIEMBRE,12,SI,"FALLA MECANICA EN LOS SISTEMAS Y/O NEUMATICOS (SISTEMA DE FRENOS, DIRECCION, ELECTRONICO O MECANICO).",ESTRELLAMIENTOS,AUTOMOVIL,2,0,0,0,0,0,0,0,0,0,0,0,0,2,47,MUJER,ILESO,CONDUCTOR PRESENTE,NO,NO,0
21777,78290,78291,2019,0,0,-0.108255,-78.461339,PICHINCHA,QUITO,CALDERON (CARAPUNGO),RURAL,2019-12-21,17:05:00,17,SABADO,6,DICIEMBRE,12,SI,"NO RESPETAR LAS SENIALES REGLAMENTARIAS DE TRANSITO. (PARE, CEDA EL PASO, LUZ ROJA DEL SEMAFORO, ETC).",CHOQUE LATERAL,AUTOMOVIL,2,0,0,0,0,0,0,0,0,0,0,0,0,2,60,HOMBRE,ILESO,CONDUCTOR PRESENTE,NO,NO,3
21778,78299,78300,2019,2,0,-0.261967,-78.522473,PICHINCHA,QUITO,QUITO,URBANA,2019-12-21,18:50:00,18,SABADO,6,DICIEMBRE,12,SI,CONDUCIR VEHICULO SUPERANDO LOS LIMITES MAXIMOS DE VELOCIDAD.,ESTRELLAMIENTOS,AUTOMOVIL,2,0,1,0,0,0,0,0,0,0,0,0,0,3,33,MUJER,LESIONADO,PASAJERO,NO,NO,0
21779,78307,78308,2019,0,0,-0.206202,-78.500814,PICHINCHA,QUITO,QUITO,URBANA,2019-12-21,20:30:00,20,SABADO,6,DICIEMBRE,12,SI,"NO RESPETAR LAS SENIALES REGLAMENTARIAS DE TRANSITO. (PARE, CEDA EL PASO, LUZ ROJA DEL SEMAFORO, ETC).",CHOQUE LATERAL,AUTOMOVIL,1,0,0,0,0,0,0,1,0,0,0,0,0,2,33,HOMBRE,ILESO,CONDUCTOR PRESENTE,NO,NO,0
21780,78316,78317,2019,0,1,-0.162023,-78.318223,PICHINCHA,QUITO,YARUQUI,RURAL,2019-12-21,22:20:00,22,SABADO,6,DICIEMBRE,12,SI,"CASO FORTUITO O FUERZA MAYOR (EXPLOSION DE NEUMATICO NUEVO, DERRUMBE, INUNDACION, CAIDA DE PUENTE, ARBOL, PRESENCIA INTEMPESTIVA E IMPREVISTA DE SEMOVIENTES EN LA VIA, ETC.).",PERDIDA DE CARRIL,CAMIONETA,0,0,0,0,1,0,0,0,0,0,0,0,0,1,30,HOMBRE,FALLECIDO,CONDUCTOR PRESENTE,NO,NO,3
21781,78322,78323,2019,1,0,0.035602,-78.224569,PICHINCHA,PEDRO MONCAYO,TABACUNDO,RURAL,2019-12-21,23:00:00,23,SABADO,6,DICIEMBRE,12,SI,"CONDUCIR DESATENTO A LAS CONDICIONES DE TRANSITO (CELULAR, PANTALLAS DE VIDEO, COMIDA, MAQUILLAJE O CUALQUIER OTRO ELEMENTO DISTRACTOR).",ATROPELLOS,NO IDENTIFICADO,0,0,0,0,0,0,0,0,0,1,0,0,0,1,43,HOMBRE,LESIONADO,CONDUCTOR PRESENTE,NO,NO,3
21782,78325,78326,2019,0,0,-0.296075,-78.563829,PICHINCHA,QUITO,QUITO,URBANA,2019-12-21,23:40:00,23,SABADO,6,DICIEMBRE,12,SI,"CONDUCE BAJO LA INFLUENCIA DE ALCOHOL, SUSTANCIAS ESTUPEFACIENTES O PSICOTROPICAS Y/O MEDICAMENTOS.",ESTRELLAMIENTOS,CAMION,1,0,0,1,0,0,0,0,0,0,0,0,0,2,32,HOMBRE,ILESO,CONDUCTOR PRESENTE,NO,NO,0
21783,78334,78335,2019,0,0,-0.273707,-78.537301,PICHINCHA,QUITO,QUITO,URBANA,2019-12-22,01:07:00,1,DOMINGO,7,DICIEMBRE,12,SI,"CONDUCE BAJO LA INFLUENCIA DE ALCOHOL, SUSTANCIAS ESTUPEFACIENTES O PSICOTROPICAS Y/O MEDICAMENTOS.",CHOQUE POSTERIOR,AUTOMOVIL,2,0,0,0,0,0,0,0,0,0,0,0,0,2,47,HOMBRE,ILESO,CONDUCTOR PRESENTE,NO,NO,0
21784,78342,78343,2019,1,0,-0.292129,-78.563829,PICHINCHA,QUITO,QUITO,URBANA,2019-12-22,02:25:00,2,DOMINGO,7,DICIEMBRE,12,SI,CONDUCIR VEHICULO SUPERANDO LOS LIMITES MAXIMOS DE VELOCIDAD.,ATROPELLOS,NO IDENTIFICADO,0,0,0,0,0,0,0,0,0,1,0,0,0,1,29,HOMBRE,LESIONADO,CONDUCTOR PRESENTE,NO,NO,0
21785,78351,78352,2019,0,0,-0.287232,-78.439466,PICHINCHA,QUITO,ALANGASI,RURAL,2019-12-22,03:30:00,3,DOMINGO,7,DICIEMBRE,12,SI,CONDUCIR VEHICULO SUPERANDO LOS LIMITES MAXIMOS DE VELOCIDAD.,ESTRELLAMIENTOS,AUTOMOVIL,1,0,0,0,0,0,0,0,0,0,0,0,0,1,-1,NO IDENTIFICADO,NO IDENTIFICADO,CONDUCTOR AUSENTE,NO,NO,2
21786,78354,78355,2019,0,0,-0.108255,-78.461339,PICHINCHA,QUITO,CALDERON (CARAPUNGO),RURAL,2019-12-22,03:45:00,3,DOMINGO,7,DICIEMBRE,12,SI,CONDUCIR VEHICULO SUPERANDO LOS LIMITES MAXIMOS DE VELOCIDAD.,ESTRELLAMIENTOS,AUTOMOVIL,1,0,0,0,0,0,0,0,0,0,0,0,0,1,-1,NO IDENTIFICADO,NO IDENTIFICADO,CONDUCTOR AUSENTE,NO,NO,2
21787,78355,78356,2019,0,0,-0.312857,-78.544142,PICHINCHA,QUITO,QUITO,URBANA,2019-12-22,03:48:00,3,DOMINGO,7,DICIEMBRE,12,SI,"CONDUCE BAJO LA INFLUENCIA DE ALCOHOL, SUSTANCIAS ESTUPEFACIENTES O PSICOTROPICAS Y/O MEDICAMENTOS.",ESTRELLAMIENTOS,CAMION,0,0,0,1,0,0,0,0,0,0,0,0,0,1,43,HOMBRE,ILESO,CONDUCTOR PRESENTE,NO,NO,0
21788,78367,78368,2019,0,0,-0.250641,-78.538033,PICHINCHA,QUITO,QUITO,URBANA,2019-12-22,05:30:00,5,DOMINGO,7,DICIEMBRE,12,SI,CONDUCIR VEHICULO SUPERANDO LOS LIMITES MAXIMOS DE VELOCIDAD.,ESTRELLAMIENTOS,AUTOMOVIL,1,0,0,0,0,0,0,0,0,0,0,0,0,1,-1,NO IDENTIFICADO,NO IDENTIFICADO,CONDUCTOR AUSENTE,NO,NO,2
21789,78371,78372,2019,0,0,0.037373,-78.340553,PICHINCHA,PEDRO MONCAYO,MALCHINGUI,RURAL,2019-12-22,05:50:00,5,DOMINGO,7,DICIEMBRE,12,SI,"CONDUCIR DESATENTO A LAS CONDICIONES DE TRANSITO (CELULAR, PANTALLAS DE VIDEO, COMIDA, MAQUILLAJE O CUALQUIER OTRO ELEMENTO DISTRACTOR).",ESTRELLAMIENTOS,CAMIONETA,0,0,0,0,1,0,0,0,0,0,0,0,0,1,-1,NO IDENTIFICADO,NO IDENTIFICADO,CONDUCTOR AUSENTE,NO,NO,2
21790,78373,78374,2019,0,0,-0.249488,-78.517301,PICHINCHA,QUITO,QUITO,URBANA,2019-12-22,06:00:00,6,DOMINGO,7,DICIEMBRE,12,SI,CONDUCIR VEHICULO SUPERANDO LOS LIMITES MAXIMOS DE VELOCIDAD.,ESTRELLAMIENTOS,AUTOMOVIL,1,0,0,0,0,0,0,0,0,0,0,0,0,1,-1,NO IDENTIFICADO,NO IDENTIFICADO,CONDUCTOR AUSENTE,NO,NO,2
21791,78378,78379,2019,0,0,-0.241332,-78.499089,PICHINCHA,QUITO,QUITO,URBANA,2019-12-22,07:00:00,7,DOMINGO,7,DICIEMBRE,12,SI,NO MANTENER LA DISTANCIA PRUDENCIAL CON RESPECTO AL VEHICULO QUE LE ANTECEDE.,CHOQUE POSTERIOR,AUTOMOVIL,2,0,0,0,0,0,0,0,0,0,0,0,0,2,40,MUJER,ILESO,CONDUCTOR PRESENTE,NO,NO,0
21792,78395,78396,2019,1,0,-0.222676,-78.518911,PICHINCHA,QUITO,QUITO,URBANA,2019-12-22,13:00:00,13,DOMINGO,7,DICIEMBRE,12,SI,PEATON QUE CRUZA LA CALZADA SIN RESPETAR LA SENIALIZACION EXISTENTE (SEMAFOROS O SENIALES MANUALES).,ATROPELLOS,AUTOMOVIL,1,0,0,0,0,0,0,0,0,0,0,0,0,1,7,HOMBRE,LESIONADO,PEATON,NO,NO,0
21793,78400,78401,2019,1,0,-0.244303,-78.519274,PICHINCHA,QUITO,QUITO,URBANA,2019-12-22,14:30:00,14,DOMINGO,7,DICIEMBRE,12,SI,DEJAR O RECOGER PASAJEROS EN LUGARES NO PERMITIDOS.,CAIDA DE PASAJERO,BUS,0,0,1,0,0,0,0,0,0,0,0,0,0,1,65,MUJER,LESIONADO,PASAJERO,NO,NO,0
21794,78401,78402,2019,0,0,-0.195771,-78.484198,PICHINCHA,QUITO,QUITO,URBANA,2019-12-22,14:50:00,14,DOMINGO,7,DICIEMBRE,12,SI,REALIZAR CAMBIO BRUSCO O INDEBIDO DE CARRIL.,CHOQUE LATERAL,AUTOMOVIL,2,0,0,0,0,0,0,0,0,0,0,0,0,2,27,MUJER,ILESO,PASAJERO,NO,NO,0
21795,78414,78415,2019,1,0,-0.260015,-78.509946,PICHINCHA,QUITO,QUITO,URBANA,2019-12-22,19:00:00,19,DOMINGO,7,DICIEMBRE,12,SI,CONDUCIR VEHICULO SUPERANDO LOS LIMITES MAXIMOS DE VELOCIDAD.,ATROPELLOS,NO IDENTIFICADO,0,0,0,0,0,0,0,0,0,1,0,0,0,1,72,MUJER,LESIONADO,PEATON,NO,NO,0
21796,78415,78416,2019,0,0,-0.290559,-78.566054,PICHINCHA,QUITO,QUITO,URBANA,2019-12-22,19:00:00,19,DOMINGO,7,DICIEMBRE,12,SI,"CONDUCE BAJO LA INFLUENCIA DE ALCOHOL, SUSTANCIAS ESTUPEFACIENTES O PSICOTROPICAS Y/O MEDICAMENTOS.",ESTRELLAMIENTOS,AUTOMOVIL,2,0,0,0,0,0,0,0,0,0,0,0,0,2,47,HOMBRE,ILESO,CONDUCTOR PRESENTE,NO,NO,1