,Unnamed: 0,ID,ANIO,LESIONADOS,FALLECIDOS,LATITUD_Y,LONGITUD_X,PROVINCIA,CANTON,PARROQUIA,ZONA,FECHA,HORA,PERIODO_2,DIA_1,DIA_2,MES_1,MES_2,FERIADO,CAUSA_PROBABLE,TIPO_DE_SINIESTRO,TIPO_DE_VEHICULO_1,AUTOMOVIL,BICICLETA,BUS,CAMION,CAMIONETA,EMERGENCIAS,ESPECIAL,FURGONETA,MOTOCICLETA,NO_IDENTIFICADO,SCOOTER_ELECTRICO,TRICIMOTO,VEHICULO_DEPORTIVO_UTILITARIO,SUMA_DE_VEHICULOS,EDAD_1,SEXO_1,CONDICION_1,PARTICIPANTE_1,CASCO_1,CINTURON_1,KMeans_Cluster
21797,78428,78429,2019,1,0,-0.299621,-78.524243,PICHINCHA,QUITO,QUITO,URBANA,2019-12-22,22:30:00,22,DOMINGO,7,DICIEMBRE,12,SI,NO CEDER EL DERECHO DE VIA O PREFERENCIA DE PASO AL PEATON.,ATROPELLOS,AUTOMOVIL,1,0,0,0,0,0,0,0,0,0,0,0,0,1,21,HOMBRE,LESIONADO,CONDUCTOR PRESENTE,NO,NO,0
21798,78435,78436,2019,0,0,-0.146649,-78.493129,PICHINCHA,QUITO,QUITO,URBANA,2019-12-23,00:25:00,0,LUNES,1,DICIEMBRE,12,SI,NO GUARDAR LA DISTANCIA LATERAL MINIMA DE SEGURIDAD ENTRE VEHICULOS.,CHOQUE LATERAL,AUTOMOVIL,2,0,0,0,0,0,0,0,0,0,0,0,0,2,31,HOMBRE,ILESO,CONDUCTOR PRESENTE,NO,NO,0
21799,78440,78441,2019,0,0,-0.217577,-78.505525,PICHINCHA,QUITO,QUITO,URBANA,2019-12-23,05:30:00,5,LUNES,1,DICIEMBRE,12,SI,CONDUCIR VEHICULO SUPERANDO LOS LIMITES MAXIMOS DE VELOCIDAD.,ESTRELLAMIENTOS,CAMION,0,0,0,1,0,0,0,0,0,0,0,0,0,1,-1,NO IDENTIFICADO,NO IDENTIFICADO,CONDUCTOR AUSENTE,NO,NO,2
21800,78450,78451,2019,0,0,-0.265158,-78.520699,PICHINCHA,QUITO,QUITO,URBANA,2019-12-23,08:30:00,8,LUNES,1,DICIEMBRE,12,SI,"CONDUCIR DESATENTO A LAS CONDICIONES DE TRANSITO (CELULAR, PANTALLAS DE VIDEO, COMIDA, MAQUILLAJE O CUALQUIER OTRO ELEMENTO DISTRACTOR).",OTROS,AUTOMOVIL,1,0,0,0,0,0,0,0,0,0,0,0,0,1,-1,NO IDENTIFICADO,NO IDENTIFICADO,CONDUCTOR AUSENTE,NO,NO,2
21801,78451,78452,2019,0,0,-0.219832,-78.510211,PICHINCHA,QUITO,QUITO,URBANA,2019-12-23,09:06:00,9,LUNES,1,DICIEMBRE,12,SI,CONDUCIR VEHICULO SUPERANDO LOS LIMITES MAXIMOS DE VELOCIDAD.,ESTRELLAMIENTOS,BUS,0,0,1,0,0,0,0,0,0,0,0,0,0,1,38,HOMBRE,ILESO,CONDUCTOR PRESENTE,NO,NO,0
21802,78452,78453,2019,2,0,-0.240715,-78.528166,PICHINCHA,QUITO,QUITO,URBANA,2019-12-23,09:20:00,9,LUNES,1,DICIEMBRE,12,SI,NO TRANSITAR POR LAS ACERAS O ZONAS DE SEGURIDAD DESTINADAS PARA EL EFECTO.,ARROLLAMIENTOS,NO IDENTIFICADO,0,0,0,0,0,0,0,0,0,1,0,0,0,1,17,HOMBRE,LESIONADO,PEATON,NO,NO,0
21803,78459,78460,2019,2,0,-0.255453,-78.530321,PICHINCHA,QUITO,QUITO,URBANA,2019-12-23,11:40:00,11,LUNES,1,DICIEMBRE,12,SI,PEATON QUE CRUZA LA CALZADA SIN RESPETAR LA SENIALIZACION EXISTENTE (SEMAFOROS O SENIALES MANUALES).,ATROPELLOS,MOTOCICLETA,0,0,0,0,0,0,0,0,1,0,0,0,0,1,16,MUJER,LESIONADO,PEATON,NO,NO,0
21804,78461,78462,2019,0,0,-0.298971,-78.451957,PICHINCHA,QUITO,ALANGASI,RURAL,2019-12-23,11:57:00,11,LUNES,1,DICIEMBRE,12,SI,NO GUARDAR LA DISTANCIA LATERAL MINIMA DE SEGURIDAD ENTRE VEHICULOS.,CHOQUE LATERAL,AUTOMOVIL,2,0,0,0,0,0,0,0,0,0,0,0,0,2,43,HOMBRE,ILESO,PASAJERO,NO,NO,3
21805,78476,78477,2019,3,0,-0.162191,-78.462688,PICHINCHA,QUITO,QUITO,URBANA,2019-12-23,15:20:00,15,LUNES,1,DICIEMBRE,12,SI,NO GUARDAR LA DISTANCIA LATERAL MINIMA DE SEGURIDAD ENTRE VEHICULOS.,CHOQUE LATERAL,AUTOMOVIL,1,0,0,0,1,0,0,0,0,0,0,0,0,2,71,HOMBRE,LESIONADO,CONDUCTOR PRESENTE,NO,NO,0
21806,78477,78478,2019,1,0,-0.145523,-78.491587,PICHINCHA,QUITO,QUITO,URBANA,2019-12-23,15:40:00,15,LUNES,1,DICIEMBRE,12,SI,CONDUCIR VEHICULO SUPERANDO LOS LIMITES MAXIMOS DE VELOCIDAD.,PERDIDA DE CARRIL,MOTOCICLETA,0,0,0,0,0,0,0,0,1,0,0,0,0,1,18,HOMBRE,LESIONADO,PASAJERO,NO,NO,0
21807,78478,78479,2019,0,0,-0.218421,-78.388507,PICHINCHA,QUITO,TUMBACO,RURAL,2019-12-23,15:42:00,15,LUNES,1,DICIEMBRE,12,SI,"CONDICIONES AMBIENTALES Y/O ATMOSFERICAS (NIEBLA, NEBLINA, GRANIZO, LLUVIA).",ESTRELLAMIENTOS,CAMIONETA,0,0,0,0,1,0,0,0,0,0,0,0,0,1,42,HOMBRE,ILESO,CONDUCTOR PRESENTE,NO,NO,3
21808,78485,78486,2019,0,0,-0.227324,-78.450086,PICHINCHA,QUITO,CUMBAYA,RURAL,2019-12-23,18:00:00,18,LUNES,1,DICIEMBRE,12,SI,"CONDICIONES AMBIENTALES Y/O ATMOSFERICAS (NIEBLA, NEBLINA, GRANIZO, LLUVIA).",CHOQUE POSTERIOR,AUTOMOVIL,2,0,0,0,0,0,0,0,0,0,0,0,0,2,57,MUJER,ILESO,PASAJERO,NO,NO,3
21809,78487,78488,2019,1,0,-0.299432,-78.559038,PICHINCHA,QUITO,QUITO,URBANA,2019-12-23,18:30:00,18,LUNES,1,DICIEMBRE,12,SI,PEATON QUE CRUZA LA CALZADA SIN RESPETAR LA SENIALIZACION EXISTENTE (SEMAFOROS O SENIALES MANUALES).,ATROPELLOS,CAMIONETA,0,0,0,0,1,0,0,0,0,0,0,0,0,1,79,MUJER,LESIONADO,CONDUCTOR PRESENTE,NO,NO,0
21810,78498,78499,2019,0,0,-0.268859,-78.530821,PICHINCHA,QUITO,QUITO,URBANA,2019-12-23,21:20:00,21,LUNES,1,DICIEMBRE,12,SI,"CONDUCE BAJO LA INFLUENCIA DE ALCOHOL, SUSTANCIAS ESTUPEFACIENTES O PSICOTROPICAS Y/O MEDICAMENTOS.",ROZAMIENTOS,AUTOMOVIL,2,0,0,0,0,0,0,0,0,0,0,0,0,2,43,HOMBRE,ILESO,CONDUCTOR PRESENTE,NO,NO,0
21811,78499,78500,2019,1,0,-0.198599,-78.498546,PICHINCHA,QUITO,QUITO,URBANA,2019-12-23,21:35:00,21,LUNES,1,DICIEMBRE,12,SI,NO CEDER EL DERECHO DE VIA O PREFERENCIA DE PASO AL PEATON.,ATROPELLOS,AUTOMOVIL,1,0,0,0,0,0,0,0,0,0,0,0,0,1,32,HOMBRE,LESIONADO,PEATON,NO,NO,0
21812,78507,78508,2019,0,1,-0.291131,-78.524158,PICHINCHA,QUITO,QUITO,URBANA,2019-12-23,23:25:00,23,LUNES,1,DICIEMBRE,12,SI,NO CEDER EL DERECHO DE VIA O PREFERENCIA DE PASO AL PEATON.,ATROPELLOS,AUTOMOVIL,1,0,0,0,0,0,0,0,0,0,0,0,0,1,25,HOMBRE,FALLECIDO,PEATON,NO,NO,0
21813,78509,78510,2019,0,0,-0.104812,-78.462548,PICHINCHA,QUITO,QUITO,RURAL,2019-12-24,00:10:00,0,MARTES,2,DICIEMBRE,12,SI,"CONDUCE BAJO LA INFLUENCIA DE ALCOHOL, SUSTANCIAS ESTUPEFACIENTES O PSICOTROPICAS Y/O MEDICAMENTOS.",CHOQUE POSTERIOR,AUTOMOVIL,2,0,0,0,0,0,0,0,0,0,0,0,0,2,35,HOMBRE,ILESO,CONDUCTOR PRESENTE,NO,NO,3
21814,78518,78519,2019,2,0,0.009701,-78.352541,PICHINCHA,PEDRO MONCAYO,MALCHINGUI,RURAL,2019-12-24,05:50:00,5,MARTES,2,DICIEMBRE,12,SI,CONDUCIR EN SENTIDO CONTRARIO A LA VIA NORMAL DE CIRCULACION.,ESTRELLAMIENTOS,CAMIONETA,0,0,0,0,1,0,0,0,0,0,0,0,0,1,25,MUJER,LESIONADO,PASAJERO,NO,NO,3
21815,78519,78520,2019,0,0,-0.277202,-78.555399,PICHINCHA,QUITO,QUITO,URBANA,2019-12-24,06:35:00,6,MARTES,2,DICIEMBRE,12,SI,MALAS CONDICIONES DE LA VIA Y/O CONFIGURACION. (ILUMINACION Y DISENIO).,CHOQUE LATERAL,AUTOMOVIL,2,0,0,0,0,0,0,0,0,0,0,0,0,2,22,MUJER,ILESO,CONDUCTOR PRESENTE,NO,NO,0
21816,78522,78523,2019,1,0,-0.102347,-78.419764,PICHINCHA,QUITO,CALDERON (CARAPUNGO),RURAL,2019-12-24,07:35:00,7,MARTES,2,DICIEMBRE,12,SI,NO MANTENER LA DISTANCIA PRUDENCIAL CON RESPECTO AL VEHICULO QUE LE ANTECEDE.,CHOQUE POSTERIOR,MOTOCICLETA,1,0,0,0,0,0,0,0,1,0,0,0,0,2,29,HOMBRE,LESIONADO,CONDUCTOR PRESENTE,NO,NO,3
21817,78525,78526,2019,0,0,0.023278,-78.628493,PICHINCHA,QUITO,NONO,RURAL,2019-12-24,09:00:00,9,MARTES,2,DICIEMBRE,12,SI,REALIZAR CAMBIO BRUSCO O INDEBIDO DE CARRIL.,CHOQUE POSTERIOR,BUS,0,0,1,0,1,0,0,0,0,0,0,0,1,3,80,HOMBRE,ILESO,CONDUCTOR PRESENTE,NO,SI,3
21818,78529,78530,2019,1,0,-0.123087,-78.491701,PICHINCHA,QUITO,QUITO,URBANA,2019-12-24,10:00:00,10,MARTES,2,DICIEMBRE,12,SI,"NO RESPETAR LAS SENIALES REGLAMENTARIAS DE TRANSITO. (PARE, CEDA EL PASO, LUZ ROJA DEL SEMAFORO, ETC).",CHOQUE LATERAL,AUTOMOVIL,1,0,0,0,0,0,0,0,1,0,0,0,0,2,27,HOMBRE,LESIONADO,CONDUCTOR PRESENTE,NO,NO,0
21819,78533,78534,2019,0,0,-0.289258,-78.538371,PICHINCHA,QUITO,QUITO,URBANA,2019-12-24,11:00:00,11,MARTES,2,DICIEMBRE,12,SI,REALIZAR CAMBIO BRUSCO O INDEBIDO DE CARRIL.,OTROS,CAMIONETA,1,0,0,0,1,0,0,0,0,0,0,0,0,2,40,HOMBRE,ILESO,CONDUCTOR PRESENTE,NO,NO,0
21820,78535,78536,2019,0,1,-0.163294,-78.462564,PICHINCHA,QUITO,QUITO,RURAL,2019-12-24,12:15:00,12,MARTES,2,DICIEMBRE,12,SI,"CONDUCIR EN ESTADO DE SOMNOLENCIA O MALAS CONDICIONES FISICAS (SUENIO, CANSANCIO Y FATIGA).",ESTRELLAMIENTOS,AUTOMOVIL,1,0,0,0,0,0,0,0,0,0,0,0,0,1,85,HOMBRE,FALLECIDO,CONDUCTOR PRESENTE,NO,NO,3
21821,78536,78537,2019,0,0,-0.203644,-78.490504,PICHINCHA,QUITO,QUITO,URBANA,2019-12-24,12:25:00,12,MARTES,2,DICIEMBRE,12,SI,"NO RESPETAR LAS SENIALES REGLAMENTARIAS DE TRANSITO. (PARE, CEDA EL PASO, LUZ ROJA DEL SEMAFORO, ETC).",CHOQUE LATERAL,AUTOMOVIL,2,0,0,0,0,0,0,0,0,0,0,0,0,2,30,HOMBRE,ILESO,CONDUCTOR PRESENTE,NO,NO,0
21822,78537,78538,2019,6,0,-0.443583,-78.715138,PICHINCHA,MEJIA,MANUEL CORNEJO ASTORGA,RURAL,2019-12-24,12:26:00,12,MARTES,2,DICIEMBRE,12,SI,"CONDUCIR DESATENTO A LAS CONDICIONES DE TRANSITO (CELULAR, PANTALLAS DE VIDEO, COMIDA, MAQUILLAJE O CUALQUIER OTRO ELEMENTO DISTRACTOR).",VOLCAMIENTOS,CAMIONETA,0,0,0,0,1,0,0,0,0,0,0,0,0,1,-1,NO IDENTIFICADO,LESIONADO,PASAJERO,NO,NO,3
21823,78541,78542,2019,0,0,-0.119759,-78.493999,PICHINCHA,QUITO,QUITO,URBANA,2019-12-24,14:00:00,14,MARTES,2,DICIEMBRE,12,SI,"CONDUCE BAJO LA INFLUENCIA DE ALCOHOL, SUSTANCIAS ESTUPEFACIENTES O PSICOTROPICAS Y/O MEDICAMENTOS.",CHOQUE POSTERIOR,AUTOMOVIL,2,0,0,0,0,0,0,0,0,0,0,0,0,2,41,HOMBRE,ILESO,CONDUCTOR PRESENTE,NO,NO,0
21824,78550,78551,2019,1,0,-0.292724,-78.476486,PICHINCHA,QUITO,CONOCOTO,RURAL,2019-12-24,17:40:00,17,MARTES,2,DICIEMBRE,12,SI,REALIZAR CAMBIO BRUSCO O INDEBIDO DE CARRIL.,CHOQUE FRONTAL,FURGONETA,0,0,1,0,0,0,0,1,0,0,0,0,0,2,35,HOMBRE,LESIONADO,CONDUCTOR PRESENTE,NO,NO,3
21825,78551,78552,2019,2,1,-0.452101,-78.753466,PICHINCHA,MEJIA,MANUEL CORNEJO ASTORGA,RURAL,2019-12-24,17:42:00,17,MARTES,2,DICIEMBRE,12,SI,"CONDUCIR DESATENTO A LAS CONDICIONES DE TRANSITO (CELULAR, PANTALLAS DE VIDEO, COMIDA, MAQUILLAJE O CUALQUIER OTRO ELEMENTO DISTRACTOR).",PERDIDA DE PISTA,BUS,1,0,1,0,0,0,0,0,0,0,0,0,0,2,-1,NO IDENTIFICADO,FALLECIDO,PASAJERO,NO,NO,3
21826,78570,78571,2019,4,0,-0.277624,-78.531251,PICHINCHA,QUITO,QUITO,URBANA,2019-12-24,23:55:00,23,MARTES,2,DICIEMBRE,12,SI,"CONDUCE BAJO LA INFLUENCIA DE ALCOHOL, SUSTANCIAS ESTUPEFACIENTES O PSICOTROPICAS Y/O MEDICAMENTOS.",CHOQUE LATERAL,MOTOCICLETA,0,0,0,0,0,0,0,0,2,0,0,0,0,2,4,HOMBRE,LESIONADO,PASAJERO,NO,NO,0
21827,78577,78578,2019,0,0,-0.085894,-78.510717,PICHINCHA,QUITO,QUITO,URBANA,2019-12-25,02:30:00,2,MIERCOLES,3,DICIEMBRE,12,SI,"CONDUCE BAJO LA INFLUENCIA DE ALCOHOL, SUSTANCIAS ESTUPEFACIENTES O PSICOTROPICAS Y/O MEDICAMENTOS.",CHOQUE POSTERIOR,AUTOMOVIL,1,0,0,0,1,0,0,0,0,0,0,0,0,2,39,HOMBRE,ILESO,CONDUCTOR PRESENTE,NO,NO,0
21828,78582,78583,2019,1,0,0.067638,-78.139706,PICHINCHA,CAYAMBE,SAN JOSE DE AYORA,RURAL,2019-12-25,03:50:00,3,MIERCOLES,3,DICIEMBRE,12,SI,"CONDUCIR DESATENTO A LAS CONDICIONES DE TRANSITO (CELULAR, PANTALLAS DE VIDEO, COMIDA, MAQUILLAJE O CUALQUIER OTRO ELEMENTO DISTRACTOR).",ESTRELLAMIENTOS,AUTOMOVIL,1,0,0,0,0,0,0,0,0,0,0,0,0,1,32,HOMBRE,LESIONADO,CONDUCTOR PRESENTE,NO,SI,3
21829,78583,78584,2019,0,0,-0.091585,-78.439052,PICHINCHA,QUITO,CALDERON (CARAPUNGO),RURAL,2019-12-25,04:15:00,4,MIERCOLES,3,DICIEMBRE,12,SI,"CONDUCE BAJO LA INFLUENCIA DE ALCOHOL, SUSTANCIAS ESTUPEFACIENTES O PSICOTROPICAS Y/O MEDICAMENTOS.",ESTRELLAMIENTOS,CAMIONETA,2,0,0,0,1,0,0,0,0,0,0,0,0,3,21,HOMBRE,ILESO,CONDUCTOR PRESENTE,NO,NO,3
21830,78591,78592,2019,1,0,-0.215569,-78.517442,PICHINCHA,QUITO,QUITO,URBANA,2019-12-25,06:05:00,6,MIERCOLES,3,DICIEMBRE,12,SI,"CONDUCIR EN ESTADO DE SOMNOLENCIA O MALAS CONDICIONES FISICAS (SUENIO, CANSANCIO Y FATIGA).",PERDIDA DE CARRIL,MOTOCICLETA,0,0,0,0,0,0,0,0,1,0,0,0,0,1,63,HOMBRE,LESIONADO,CONDUCTOR PRESENTE,NO,NO,0
21831,78594,78595,2019,0,0,-0.291111,-78.538592,PICHINCHA,QUITO,QUITO,URBANA,2019-12-25,06:50:00,6,MIERCOLES,3,DICIEMBRE,12,SI,"CONDUCE BAJO LA INFLUENCIA DE ALCOHOL, SUSTANCIAS ESTUPEFACIENTES O PSICOTROPICAS Y/O MEDICAMENTOS.",CHOQUE POSTERIOR,BUS,1,0,1,0,0,0,0,0,0,0,0,0,0,2,36,HOMBRE,ILESO,CONDUCTOR PRESENTE,NO,NO,0
21832,78595,78596,2019,0,0,-0.297762,-78.550301,PICHINCHA,QUITO,QUITO,URBANA,2019-12-25,07:00:00,7,MIERCOLES,3,DICIEMBRE,12,SI,"CONDUCE BAJO LA INFLUENCIA DE ALCOHOL, SUSTANCIAS ESTUPEFACIENTES O PSICOTROPICAS Y/O MEDICAMENTOS.",CHOQUE FRONTAL,AUTOMOVIL,1,0,0,0,0,0,0,0,1,0,0,0,0,2,25,MUJER,ILESO,PASAJERO,SI,NO,0
21833,78598,78599,2019,0,0,-0.244303,-78.519274,PICHINCHA,QUITO,QUITO,URBANA,2019-12-25,07:45:00,7,MIERCOLES,3,DICIEMBRE,12,SI,CONDUCIR VEHICULO SUPERANDO LOS LIMITES MAXIMOS DE VELOCIDAD.,ESTRELLAMIENTOS,AUTOMOVIL,1,0,0,0,0,0,0,0,0,0,0,0,0,1,22,HOMBRE,ILESO,CONDUCTOR PRESENTE,NO,NO,0
21834,78605,78606,2019,0,0,-0.289258,-78.538371,PICHINCHA,QUITO,QUITO,URBANA,2019-12-25,08:55:00,8,MIERCOLES,3,DICIEMBRE,12,SI,REALIZAR CAMBIO BRUSCO O INDEBIDO DE CARRIL.,ESTRELLAMIENTOS,AUTOMOVIL,1,0,0,0,0,0,0,0,0,0,0,0,0,1,-1,NO IDENTIFICADO,NO IDENTIFICADO,CONDUCTOR AUSENTE,NO,NO,2
21835,78606,78607,2019,0,0,-0.259621,-78.544861,PICHINCHA,QUITO,QUITO,URBANA,2019-12-25,09:20:00,9,MIERCOLES,3,DICIEMBRE,12,SI,CONDUCIR VEHICULO SUPERANDO LOS LIMITES MAXIMOS DE VELOCIDAD.,ESTRELLAMIENTOS,MOTOCICLETA,1,0,0,0,0,0,0,0,1,0,0,0,0,2,-1,NO IDENTIFICADO,NO IDENTIFICADO,CONDUCTOR AUSENTE,NO,NO,2
21836,78609,78610,2019,1,0,-0.180302,-78.504371,PICHINCHA,QUITO,QUITO,URBANA,2019-12-25,09:50:00,9,MIERCOLES,3,DICIEMBRE,12,SI,CONDUCIR VEHICULO SUPERANDO LOS LIMITES MAXIMOS DE VELOCIDAD.,VOLCAMIENTOS,MOTOCICLETA,0,0,0,0,0,0,0,0,1,0,0,0,0,1,38,HOMBRE,LESIONADO,CONDUCTOR PRESENTE,NO,NO,0
21837,78614,78615,2019,0,0,-0.469344,-78.585047,PICHINCHA,MEJIA,ALOAG,URBANA,2019-12-25,11:45:00,11,MIERCOLES,3,DICIEMBRE,12,SI,"CONDUCIR DESATENTO A LAS CONDICIONES DE TRANSITO (CELULAR, PANTALLAS DE VIDEO, COMIDA, MAQUILLAJE O CUALQUIER OTRO ELEMENTO DISTRACTOR).",CHOQUE LATERAL,VEHICULO DEPORTIVO UTILITARIO,1,0,0,0,0,0,0,0,0,0,0,0,1,2,28,HOMBRE,ILESO,CONDUCTOR PRESENTE,NO,SI,3
21838,78619,78620,2019,0,0,-0.174132,-78.469639,PICHINCHA,QUITO,QUITO,URBANA,2019-12-25,12:40:00,12,MIERCOLES,3,DICIEMBRE,12,SI,CONDUCIR VEHICULO SUPERANDO LOS LIMITES MAXIMOS DE VELOCIDAD.,OTROS,AUTOMOVIL,3,0,0,0,0,0,0,0,0,0,0,0,0,3,46,HOMBRE,ILESO,CONDUCTOR PRESENTE,NO,NO,0
21839,78620,78621,2019,0,0,-0.249284,-78.527498,PICHINCHA,QUITO,QUITO,URBANA,2019-12-25,12:45:00,12,MIERCOLES,3,DICIEMBRE,12,SI,NO GUARDAR LA DISTANCIA LATERAL MINIMA DE SEGURIDAD ENTRE VEHICULOS.,CHOQUE LATERAL,CAMIONETA,1,0,0,0,1,0,0,0,0,0,0,0,0,2,45,HOMBRE,ILESO,CONDUCTOR PRESENTE,NO,NO,0
21840,78624,78625,2019,3,0,-0.378214,-78.552331,PICHINCHA,MEJIA,CUTUGLAHUA,RURAL,2019-12-25,14:05:00,14,MIERCOLES,3,DICIEMBRE,12,SI,"CONDUCIR DESATENTO A LAS CONDICIONES DE TRANSITO (CELULAR, PANTALLAS DE VIDEO, COMIDA, MAQUILLAJE O CUALQUIER OTRO ELEMENTO DISTRACTOR).",CHOQUE LATERAL,CAMIONETA,1,0,0,0,1,0,0,0,0,0,0,0,0,2,0,HOMBRE,LESIONADO,PASAJERO,NO,NO,3
21841,78641,78642,2019,1,0,0.051753,-78.680377,PICHINCHA,QUITO,NANEGALITO,RURAL,2019-12-25,17:45:00,17,MIERCOLES,3,DICIEMBRE,12,SI,"CONDUCE BAJO LA INFLUENCIA DE ALCOHOL, SUSTANCIAS ESTUPEFACIENTES O PSICOTROPICAS Y/O MEDICAMENTOS.",CHOQUE FRONTAL,VEHICULO DEPORTIVO UTILITARIO,1,0,0,0,0,0,0,0,0,0,0,0,1,2,39,HOMBRE,LESIONADO,PASAJERO,NO,NO,3
21842,78644,78645,2019,0,0,-0.237587,-78.484667,PICHINCHA,QUITO,QUITO,URBANA,2019-12-25,17:50:00,17,MIERCOLES,3,DICIEMBRE,12,SI,NO MANTENER LA DISTANCIA PRUDENCIAL CON RESPECTO AL VEHICULO QUE LE ANTECEDE.,COLISION,AUTOMOVIL,3,0,0,0,0,0,0,0,0,0,0,0,0,3,35,HOMBRE,ILESO,CONDUCTOR PRESENTE,NO,NO,0
21843,78647,78648,2019,0,0,-0.124541,-78.478401,PICHINCHA,QUITO,QUITO,URBANA,2019-12-25,19:00:00,19,MIERCOLES,3,DICIEMBRE,12,SI,CONDUCIR VEHICULO SUPERANDO LOS LIMITES MAXIMOS DE VELOCIDAD.,ESTRELLAMIENTOS,AUTOMOVIL,2,0,0,0,0,0,0,0,0,0,0,0,0,2,-1,NO IDENTIFICADO,NO IDENTIFICADO,CONDUCTOR AUSENTE,NO,NO,2
21844,78651,78652,2019,0,0,-0.112213,-78.474367,PICHINCHA,QUITO,QUITO,URBANA,2019-12-25,20:25:00,20,MIERCOLES,3,DICIEMBRE,12,SI,"CONDUCE BAJO LA INFLUENCIA DE ALCOHOL, SUSTANCIAS ESTUPEFACIENTES O PSICOTROPICAS Y/O MEDICAMENTOS.",ESTRELLAMIENTOS,AUTOMOVIL,1,0,0,0,0,0,0,0,0,0,0,0,0,1,35,HOMBRE,ILESO,CONDUCTOR PRESENTE,NO,NO,0
21845,78653,78654,2019,0,0,-0.232011,-78.523463,PICHINCHA,QUITO,QUITO,URBANA,2019-12-25,21:30:00,21,MIERCOLES,3,DICIEMBRE,12,SI,"CONDUCE BAJO LA INFLUENCIA DE ALCOHOL, SUSTANCIAS ESTUPEFACIENTES O PSICOTROPICAS Y/O MEDICAMENTOS.",CHOQUE POSTERIOR,CAMIONETA,1,0,0,0,1,0,0,0,0,0,0,0,0,2,36,HOMBRE,ILESO,CONDUCTOR PRESENTE,NO,NO,0
21846,78676,78677,2019,1,0,-0.296321,-78.554124,PICHINCHA,QUITO,QUITO,URBANA,2019-12-26,07:01:00,7,JUEVES,4,DICIEMBRE,12,NO,NO TRANSITAR POR LAS ACERAS O ZONAS DE SEGURIDAD DESTINADAS PARA EL EFECTO.,ATROPELLOS,BUS,0,0,1,0,0,0,0,0,0,0,0,0,0,1,51,HOMBRE,LESIONADO,PEATON,NO,NO,0
21847,78677,78678,2019,0,0,-0.232335,-78.524315,PICHINCHA,QUITO,QUITO,URBANA,2019-12-26,07:05:00,7,JUEVES,4,DICIEMBRE,12,NO,NO MANTENER LA DISTANCIA PRUDENCIAL CON RESPECTO AL VEHICULO QUE LE ANTECEDE.,CHOQUE POSTERIOR,FURGONETA,0,0,0,0,0,0,0,1,1,0,0,0,0,2,22,HOMBRE,ILESO,CONDUCTOR PRESENTE,NO,NO,0
21848,78680,78681,2019,1,0,-0.237326,-78.529535,PICHINCHA,QUITO,QUITO,URBANA,2019-12-26,09:00:00,9,JUEVES,4,DICIEMBRE,12,NO,NO GUARDAR LA DISTANCIA LATERAL MINIMA DE SEGURIDAD ENTRE VEHICULOS.,ROZAMIENTOS,BUS,0,0,1,0,0,0,0,0,1,0,0,0,0,2,27,HOMBRE,LESIONADO,CONDUCTOR PRESENTE,NO,NO,0
21849,78682,78683,2019,1,0,-0.320529,-78.553926,PICHINCHA,QUITO,QUITO,URBANA,2019-12-26,10:00:00,10,JUEVES,4,DICIEMBRE,12,NO,NO TRANSITAR POR LAS ACERAS O ZONAS DE SEGURIDAD DESTINADAS PARA EL EFECTO.,ATROPELLOS,AUTOMOVIL,1,0,0,0,0,0,0,0,0,0,0,0,0,1,83,MUJER,LESIONADO,PEATON,NO,NO,0
21850,78686,78687,2019,1,0,-0.088884,-78.439915,PICHINCHA,QUITO,CALDERON (CARAPUNGO),RURAL,2019-12-26,11:10:00,11,JUEVES,4,DICIEMBRE,12,NO,PEATON QUE CRUZA LA CALZADA SIN RESPETAR LA SENIALIZACION EXISTENTE (SEMAFOROS O SENIALES MANUALES).,ARROLLAMIENTOS,ESPECIAL,0,0,0,0,0,0,1,0,0,0,0,0,0,1,28,HOMBRE,LESIONADO,PEATON,NO,NO,3
21851,78687,78688,2019,1,0,-0.188566,-78.491949,PICHINCHA,QUITO,QUITO,URBANA,2019-12-26,11:25:00,11,JUEVES,4,DICIEMBRE,12,NO,PEATON QUE CRUZA LA CALZADA SIN RESPETAR LA SENIALIZACION EXISTENTE (SEMAFOROS O SENIALES MANUALES).,ATROPELLOS,BUS,0,0,1,0,0,0,0,0,0,0,0,0,0,1,49,HOMBRE,LESIONADO,PEATON,NO,NO,0
21852,78690,78691,2019,2,0,-0.100932,-78.476253,PICHINCHA,QUITO,QUITO,URBANA,2019-12-26,12:30:00,12,JUEVES,4,DICIEMBRE,12,NO,NO GUARDAR LA DISTANCIA LATERAL MINIMA DE SEGURIDAD ENTRE VEHICULOS.,CHOQUE LATERAL,FURGONETA,0,0,0,0,0,0,0,1,1,0,0,0,0,2,33,HOMBRE,LESIONADO,PASAJERO,NO,NO,0
21853,78691,78692,2019,1,0,-0.159771,-78.487804,PICHINCHA,QUITO,QUITO,URBANA,2019-12-26,12:35:00,12,JUEVES,4,DICIEMBRE,12,NO,NO GUARDAR LA DISTANCIA LATERAL MINIMA DE SEGURIDAD ENTRE VEHICULOS.,ROZAMIENTOS,MOTOCICLETA,1,0,0,0,0,0,0,0,1,0,0,0,0,2,37,HOMBRE,LESIONADO,CONDUCTOR PRESENTE,NO,NO,0
21854,78692,78693,2019,0,0,-0.128693,-78.471214,PICHINCHA,QUITO,QUITO,URBANA,2019-12-26,13:24:00,13,JUEVES,4,DICIEMBRE,12,NO,"CONDUCIR DESATENTO A LAS CONDICIONES DE TRANSITO (CELULAR, PANTALLAS DE VIDEO, COMIDA, MAQUILLAJE O CUALQUIER OTRO ELEMENTO DISTRACTOR).",COLISION,AUTOMOVIL,3,0,1,0,0,0,0,0,0,0,0,0,0,4,58,HOMBRE,ILESO,CONDUCTOR PRESENTE,NO,NO,0