,Unnamed: 0,ID,ANIO,LESIONADOS,FALLECIDOS,LATITUD_Y,LONGITUD_X,PROVINCIA,CANTON,PARROQUIA,ZONA,FECHA,HORA,PERIODO_2,DIA_1,DIA_2,MES_1,MES_2,FERIADO,CAUSA_PROBABLE,TIPO_DE_SINIESTRO,TIPO_DE_VEHICULO_1,AUTOMOVIL,BICICLETA,BUS,CAMION,CAMIONETA,EMERGENCIAS,ESPECIAL,FURGONETA,MOTOCICLETA,NO_IDENTIFICADO,SCOOTER_ELECTRICO,TRICIMOTO,VEHICULO_DEPORTIVO_UTILITARIO,SUMA_DE_VEHICULOS,EDAD_1,SEXO_1,CONDICION_1,PARTICIPANTE_1,CASCO_1,CINTURON_1,KMeans_Cluster
21855,78694,78695,2019,1,0,-0.243922,-78.539909,PICHINCHA,QUITO,QUITO,URBANA,2019-12-26,14:00:00,14,JUEVES,4,DICIEMBRE,12,NO,CONDUCIR VEHICULO SUPERANDO LOS LIMITES MAXIMOS DE VELOCIDAD.,ARROLLAMIENTOS,NO IDENTIFICADO,0,0,0,0,0,0,0,0,0,1,0,0,0,1,86,HOMBRE,LESIONADO,PEATON,NO,NO,0
21856,78705,78706,2019,1,0,0.075433,-78.139956,PICHINCHA,CAYAMBE,SAN JOSE DE AYORA,RURAL,2019-12-26,17:00:00,17,JUEVES,4,DICIEMBRE,12,NO,"CONDUCIR DESATENTO A LAS CONDICIONES DE TRANSITO (CELULAR, PANTALLAS DE VIDEO, COMIDA, MAQUILLAJE O CUALQUIER OTRO ELEMENTO DISTRACTOR).",CHOQUE FRONTAL,BUS,0,0,1,0,0,0,0,0,1,0,0,0,0,2,33,HOMBRE,LESIONADO,CONDUCTOR PRESENTE,NO,NO,3
21857,78706,78707,2019,1,0,-0.280982,-78.516477,PICHINCHA,QUITO,QUITO,URBANA,2019-12-26,17:00:00,17,JUEVES,4,DICIEMBRE,12,NO,NO MANTENER LA DISTANCIA PRUDENCIAL CON RESPECTO AL VEHICULO QUE LE ANTECEDE.,CHOQUE POSTERIOR,CAMIONETA,0,0,0,0,1,0,0,0,1,0,0,0,0,2,36,HOMBRE,LESIONADO,CONDUCTOR PRESENTE,NO,NO,0
21858,78716,78717,2019,1,0,-0.324159,-78.534781,PICHINCHA,QUITO,QUITO,URBANA,2019-12-26,19:25:00,19,JUEVES,4,DICIEMBRE,12,NO,CONDUCIR VEHICULO SUPERANDO LOS LIMITES MAXIMOS DE VELOCIDAD.,CHOQUE LATERAL,NO IDENTIFICADO,0,0,0,0,0,0,0,0,0,2,0,0,0,2,27,MUJER,LESIONADO,PASAJERO,NO,NO,0
21859,78717,78718,2019,1,0,-0.185951,-78.477095,PICHINCHA,QUITO,QUITO,URBANA,2019-12-26,19:30:00,19,JUEVES,4,DICIEMBRE,12,NO,NO TRANSITAR POR LAS ACERAS O ZONAS DE SEGURIDAD DESTINADAS PARA EL EFECTO.,ATROPELLOS,AUTOMOVIL,1,0,0,0,0,0,0,0,0,0,0,0,0,1,30,MUJER,LESIONADO,PEATON,NO,NO,0
21860,78720,78721,2019,1,0,-0.171508,-78.485574,PICHINCHA,QUITO,QUITO,URBANA,2019-12-26,20:55:00,20,JUEVES,4,DICIEMBRE,12,NO,NO GUARDAR LA DISTANCIA LATERAL MINIMA DE SEGURIDAD ENTRE VEHICULOS.,CHOQUE LATERAL,AUTOMOVIL,1,0,0,0,0,0,0,0,0,1,0,0,0,2,52,HOMBRE,LESIONADO,CONDUCTOR PRESENTE,NO,NO,0
21861,78722,78723,2019,1,0,-0.206371,-78.491406,PICHINCHA,QUITO,QUITO,URBANA,2019-12-26,23:10:00,23,JUEVES,4,DICIEMBRE,12,NO,"NO RESPETAR LAS SENIALES REGLAMENTARIAS DE TRANSITO. (PARE, CEDA EL PASO, LUZ ROJA DEL SEMAFORO, ETC).",CHOQUE LATERAL,MOTOCICLETA,0,0,0,0,0,0,0,0,1,1,0,0,0,2,49,HOMBRE,LESIONADO,CONDUCTOR PRESENTE,NO,NO,0
21862,78726,78727,2019,1,0,-0.267625,-78.537271,PICHINCHA,QUITO,QUITO,URBANA,2019-12-27,02:36:00,2,VIERNES,5,DICIEMBRE,12,SI,CONDUCIR VEHICULO SUPERANDO LOS LIMITES MAXIMOS DE VELOCIDAD.,VOLCAMIENTOS,MOTOCICLETA,0,0,0,0,0,0,0,0,1,0,0,0,0,1,27,MUJER,LESIONADO,PASAJERO,NO,NO,2
21863,78738,78739,2019,0,0,-0.208498,-78.485714,PICHINCHA,QUITO,QUITO,URBANA,2019-12-27,08:10:00,8,VIERNES,5,DICIEMBRE,12,SI,"NO RESPETAR LAS SENIALES REGLAMENTARIAS DE TRANSITO. (PARE, CEDA EL PASO, LUZ ROJA DEL SEMAFORO, ETC).",CHOQUE LATERAL,AUTOMOVIL,2,0,0,0,0,0,0,0,0,0,0,0,0,2,25,HOMBRE,ILESO,CONDUCTOR PRESENTE,NO,NO,0
21864,78746,78747,2019,0,0,-0.200008,-78.336431,PICHINCHA,QUITO,TABABELA,URBANA,2019-12-27,10:55:00,10,VIERNES,5,DICIEMBRE,12,SI,"CONDUCE BAJO LA INFLUENCIA DE ALCOHOL, SUSTANCIAS ESTUPEFACIENTES O PSICOTROPICAS Y/O MEDICAMENTOS.",CHOQUE POSTERIOR,CAMIONETA,0,0,0,0,1,0,0,0,0,0,0,0,1,2,52,HOMBRE,ILESO,CONDUCTOR PRESENTE,NO,SI,1
21865,78754,78755,2019,1,0,-0.268337,-78.546411,PICHINCHA,QUITO,QUITO,URBANA,2019-12-27,12:25:00,12,VIERNES,5,DICIEMBRE,12,SI,"PRESENCIA DE AGENTES EXTERNOS EN LA VIA (AGUA, ACEITE, PIEDRA, LASTRE, ESCOMBROS, MADEROS, ETC.).",VOLCAMIENTOS,MOTOCICLETA,0,0,0,0,0,0,0,0,1,0,0,0,0,1,4,MUJER,LESIONADO,PASAJERO,NO,NO,0
21866,78767,78768,2019,0,0,-0.266334,-78.544051,PICHINCHA,QUITO,QUITO,URBANA,2019-12-27,17:30:00,17,VIERNES,5,DICIEMBRE,12,SI,NO MANTENER LA DISTANCIA PRUDENCIAL CON RESPECTO AL VEHICULO QUE LE ANTECEDE.,COLISION,AUTOMOVIL,2,0,0,0,1,0,0,0,0,0,0,0,0,3,38,HOMBRE,ILESO,CONDUCTOR PRESENTE,NO,NO,0
21867,78770,78771,2019,0,0,-0.247524,-78.530766,PICHINCHA,QUITO,QUITO,URBANA,2019-12-27,18:45:00,18,VIERNES,5,DICIEMBRE,12,SI,NO MANTENER LA DISTANCIA PRUDENCIAL CON RESPECTO AL VEHICULO QUE LE ANTECEDE.,CHOQUE POSTERIOR,AUTOMOVIL,1,0,0,0,0,0,0,0,0,1,0,0,0,2,28,MUJER,ILESO,CONDUCTOR PRESENTE,NO,NO,0
21868,78778,78779,2019,0,1,-0.189085,-78.511758,PICHINCHA,QUITO,QUITO,URBANA,2019-12-27,21:15:00,21,VIERNES,5,DICIEMBRE,12,SI,NO TRANSITAR POR LAS ACERAS O ZONAS DE SEGURIDAD DESTINADAS PARA EL EFECTO.,ATROPELLOS,NO IDENTIFICADO,0,0,0,0,0,0,0,0,0,1,0,0,0,1,26,HOMBRE,FALLECIDO,PEATON,NO,NO,0
21869,78780,78781,2019,0,0,-0.238736,-78.481548,PICHINCHA,QUITO,QUITO,URBANA,2019-12-27,21:40:00,21,VIERNES,5,DICIEMBRE,12,SI,"CONDUCE BAJO LA INFLUENCIA DE ALCOHOL, SUSTANCIAS ESTUPEFACIENTES O PSICOTROPICAS Y/O MEDICAMENTOS.",ESTRELLAMIENTOS,AUTOMOVIL,1,0,0,0,1,0,0,0,0,0,0,0,0,2,31,HOMBRE,ILESO,CONDUCTOR PRESENTE,NO,NO,0
21870,78785,78786,2019,0,0,-0.292724,-78.476486,PICHINCHA,QUITO,CONOCOTO,RURAL,2019-12-27,23:30:00,23,VIERNES,5,DICIEMBRE,12,SI,"NO RESPETAR LAS SENIALES REGLAMENTARIAS DE TRANSITO. (PARE, CEDA EL PASO, LUZ ROJA DEL SEMAFORO, ETC).",CHOQUE FRONTAL,AUTOMOVIL,2,0,0,0,0,0,0,0,0,0,0,0,0,2,43,HOMBRE,ILESO,CONDUCTOR PRESENTE,NO,NO,3
21871,78788,78789,2019,1,0,-0.087935,-78.427801,PICHINCHA,QUITO,CALDERON (CARAPUNGO),RURAL,2019-12-27,23:50:00,23,VIERNES,5,DICIEMBRE,12,SI,NO TRANSITAR POR LAS ACERAS O ZONAS DE SEGURIDAD DESTINADAS PARA EL EFECTO.,ATROPELLOS,AUTOMOVIL,1,0,0,0,0,0,0,0,0,0,0,0,0,1,41,HOMBRE,LESIONADO,PEATON,NO,NO,3
21872,78789,78790,2019,0,0,-0.125732,-78.448052,PICHINCHA,QUITO,LLANO CHICO,RURAL,2019-12-27,23:53:00,23,VIERNES,5,DICIEMBRE,12,SI,"CONDUCE BAJO LA INFLUENCIA DE ALCOHOL, SUSTANCIAS ESTUPEFACIENTES O PSICOTROPICAS Y/O MEDICAMENTOS.",CHOQUE POSTERIOR,AUTOMOVIL,2,0,0,0,0,0,0,0,0,0,0,0,0,2,4,HOMBRE,ILESO,PASAJERO,NO,NO,3
21873,78791,78792,2019,1,0,-0.378583,-78.552312,PICHINCHA,MEJIA,CUTUGLAHUA,RURAL,2019-12-28,00:10:00,0,SABADO,6,DICIEMBRE,12,SI,"CONDUCIR DESATENTO A LAS CONDICIONES DE TRANSITO (CELULAR, PANTALLAS DE VIDEO, COMIDA, MAQUILLAJE O CUALQUIER OTRO ELEMENTO DISTRACTOR).",PERDIDA DE CARRIL,MOTOCICLETA,0,0,0,0,0,0,0,0,1,0,0,0,0,1,20,HOMBRE,LESIONADO,CONDUCTOR PRESENTE,NO,SI,3
21874,78793,78794,2019,0,0,-0.334717,-78.550263,PICHINCHA,QUITO,QUITO,URBANA,2019-12-28,00:25:00,0,SABADO,6,DICIEMBRE,12,SI,"NO RESPETAR LAS SENIALES REGLAMENTARIAS DE TRANSITO. (PARE, CEDA EL PASO, LUZ ROJA DEL SEMAFORO, ETC).",ESTRELLAMIENTOS,AUTOMOVIL,1,0,0,0,0,0,0,0,1,0,0,0,0,2,28,HOMBRE,ILESO,CONDUCTOR PRESENTE,NO,NO,0
21875,78794,78795,2019,0,0,-0.300005,-78.564738,PICHINCHA,QUITO,QUITO,URBANA,2019-12-28,00:30:00,0,SABADO,6,DICIEMBRE,12,SI,"NO RESPETAR LAS SENIALES REGLAMENTARIAS DE TRANSITO. (PARE, CEDA EL PASO, LUZ ROJA DEL SEMAFORO, ETC).",CHOQUE LATERAL,AUTOMOVIL,2,0,0,0,0,0,0,0,0,0,0,0,0,2,31,HOMBRE,ILESO,CONDUCTOR PRESENTE,NO,NO,0
21876,78796,78797,2019,0,0,-0.168411,-78.486758,PICHINCHA,QUITO,QUITO,URBANA,2019-12-28,00:40:00,0,SABADO,6,DICIEMBRE,12,SI,"CONDUCE BAJO LA INFLUENCIA DE ALCOHOL, SUSTANCIAS ESTUPEFACIENTES O PSICOTROPICAS Y/O MEDICAMENTOS.",CHOQUE POSTERIOR,AUTOMOVIL,2,0,0,0,0,0,0,0,0,0,0,0,0,2,32,HOMBRE,ILESO,CONDUCTOR PRESENTE,NO,NO,0
21877,78799,78800,2019,0,0,-0.194806,-78.509604,PICHINCHA,QUITO,QUITO,URBANA,2019-12-28,01:10:00,1,SABADO,6,DICIEMBRE,12,SI,"CONDUCIR EN ESTADO DE SOMNOLENCIA O MALAS CONDICIONES FISICAS (SUENIO, CANSANCIO Y FATIGA).",ESTRELLAMIENTOS,AUTOMOVIL,1,0,0,0,0,0,0,0,0,0,0,0,0,1,67,HOMBRE,ILESO,CONDUCTOR PRESENTE,NO,NO,0
21878,78800,78801,2019,2,1,0.017461,-78.135423,PICHINCHA,CAYAMBE,CAYAMBE,URBANA,2019-12-28,01:19:00,1,SABADO,6,DICIEMBRE,12,SI,"CONDUCE BAJO LA INFLUENCIA DE ALCOHOL, SUSTANCIAS ESTUPEFACIENTES O PSICOTROPICAS Y/O MEDICAMENTOS.",CHOQUE LATERAL,MOTOCICLETA,0,0,0,0,0,0,0,0,2,0,0,0,0,2,25,HOMBRE,FALLECIDO,CONDUCTOR PRESENTE,NO,SI,3
21879,78801,78802,2019,0,0,-0.282438,-78.543773,PICHINCHA,QUITO,QUITO,URBANA,2019-12-28,01:30:00,1,SABADO,6,DICIEMBRE,12,SI,NO GUARDAR LA DISTANCIA LATERAL MINIMA DE SEGURIDAD ENTRE VEHICULOS.,CHOQUE LATERAL,AUTOMOVIL,2,0,0,0,0,0,0,0,0,0,0,0,0,2,31,HOMBRE,ILESO,CONDUCTOR PRESENTE,NO,NO,0
21880,78806,78807,2019,0,0,-0.226486,-78.339567,PICHINCHA,QUITO,PIFO,RURAL,2019-12-28,02:00:00,2,SABADO,6,DICIEMBRE,12,SI,CONDUCIR VEHICULO SUPERANDO LOS LIMITES MAXIMOS DE VELOCIDAD.,ESTRELLAMIENTOS,AUTOMOVIL,1,0,0,0,0,0,0,0,0,0,0,0,0,1,-1,NO IDENTIFICADO,NO IDENTIFICADO,CONDUCTOR AUSENTE,NO,NO,2
21881,78807,78808,2019,1,0,-0.254429,-78.530341,PICHINCHA,QUITO,QUITO,URBANA,2019-12-28,02:45:00,2,SABADO,6,DICIEMBRE,12,SI,CONDUCIR VEHICULO SUPERANDO LOS LIMITES MAXIMOS DE VELOCIDAD.,ESTRELLAMIENTOS,AUTOMOVIL,1,0,0,0,0,0,0,0,0,0,0,0,0,1,30,HOMBRE,LESIONADO,PASAJERO,NO,NO,0
21882,78811,78812,2019,0,0,-0.155752,-78.441234,PICHINCHA,QUITO,NAYON,RURAL,2019-12-28,03:25:00,3,SABADO,6,DICIEMBRE,12,SI,PESO Y VOLUMEN - NO CUMPLIR CON LAS NORMAS DE SEGURIDAD NECESARIAS AL TRANSPORTAR CARGAS.,ESTRELLAMIENTOS,AUTOMOVIL,2,0,0,0,0,0,0,0,0,0,0,0,0,2,36,HOMBRE,ILESO,CONDUCTOR PRESENTE,NO,NO,3
21883,78817,78818,2019,0,0,-0.328479,-78.522294,PICHINCHA,QUITO,QUITO,URBANA,2019-12-28,04:20:00,4,SABADO,6,DICIEMBRE,12,SI,"CONDUCE BAJO LA INFLUENCIA DE ALCOHOL, SUSTANCIAS ESTUPEFACIENTES O PSICOTROPICAS Y/O MEDICAMENTOS.",CHOQUE POSTERIOR,CAMIONETA,1,0,0,0,1,0,0,0,0,0,0,0,0,2,27,HOMBRE,ILESO,CONDUCTOR PRESENTE,NO,NO,0
21884,78819,78820,2019,0,0,-0.186376,-78.495734,PICHINCHA,QUITO,QUITO,URBANA,2019-12-28,04:35:00,4,SABADO,6,DICIEMBRE,12,SI,CONDUCIR VEHICULO SUPERANDO LOS LIMITES MAXIMOS DE VELOCIDAD.,ESTRELLAMIENTOS,AUTOMOVIL,1,0,0,0,0,0,0,0,0,0,0,0,0,1,52,MUJER,ILESO,CONDUCTOR PRESENTE,NO,NO,0
21885,78824,78825,2019,1,0,-0.128615,-78.470704,PICHINCHA,QUITO,QUITO,URBANA,2019-12-28,07:35:00,7,SABADO,6,DICIEMBRE,12,SI,NO TRANSITAR POR LAS ACERAS O ZONAS DE SEGURIDAD DESTINADAS PARA EL EFECTO.,ATROPELLOS,MOTOCICLETA,0,0,0,0,0,0,0,0,1,0,0,0,0,1,32,MUJER,LESIONADO,PEATON,NO,NO,0
21886,78830,78831,2019,0,0,-0.280982,-78.516477,PICHINCHA,QUITO,QUITO,URBANA,2019-12-28,10:33:00,10,SABADO,6,DICIEMBRE,12,SI,"CONDUCIR EN ESTADO DE SOMNOLENCIA O MALAS CONDICIONES FISICAS (SUENIO, CANSANCIO Y FATIGA).",ESTRELLAMIENTOS,AUTOMOVIL,1,0,0,0,0,0,0,0,0,0,0,0,0,1,-1,NO IDENTIFICADO,NO IDENTIFICADO,CONDUCTOR AUSENTE,NO,NO,2
21887,78833,78834,2019,0,0,-0.237369,-78.484618,PICHINCHA,QUITO,QUITO,URBANA,2019-12-28,11:25:00,11,SABADO,6,DICIEMBRE,12,SI,"NO RESPETAR LAS SENIALES REGLAMENTARIAS DE TRANSITO. (PARE, CEDA EL PASO, LUZ ROJA DEL SEMAFORO, ETC).",CHOQUE LATERAL,CAMION,1,0,0,1,0,0,0,0,0,0,0,0,0,2,32,HOMBRE,ILESO,CONDUCTOR PRESENTE,NO,NO,0
21888,78841,78842,2019,0,0,-0.212328,-78.426698,PICHINCHA,QUITO,CUMBAYA,RURAL,2019-12-28,13:50:00,13,SABADO,6,DICIEMBRE,12,SI,CONDUCIR VEHICULO SUPERANDO LOS LIMITES MAXIMOS DE VELOCIDAD.,ESTRELLAMIENTOS,CAMIONETA,0,0,0,0,1,0,0,0,0,0,0,0,0,1,16,MUJER,ILESO,CONDUCTOR PRESENTE,NO,NO,3
21889,78854,78855,2019,1,0,-0.116041,-78.479591,PICHINCHA,QUITO,QUITO,URBANA,2019-12-28,19:20:00,19,SABADO,6,DICIEMBRE,12,SI,NO CEDER EL DERECHO DE VIA O PREFERENCIA DE PASO AL PEATON.,ATROPELLOS,AUTOMOVIL,1,0,0,0,0,0,0,0,0,0,0,0,0,1,33,HOMBRE,LESIONADO,PEATON,NO,NO,0
21890,78856,78857,2019,0,0,-0.254686,-78.504316,PICHINCHA,QUITO,QUITO,URBANA,2019-12-28,19:45:00,19,SABADO,6,DICIEMBRE,12,SI,"CONDUCIR DESATENTO A LAS CONDICIONES DE TRANSITO (CELULAR, PANTALLAS DE VIDEO, COMIDA, MAQUILLAJE O CUALQUIER OTRO ELEMENTO DISTRACTOR).",CHOQUE POSTERIOR,AUTOMOVIL,2,0,0,0,0,0,0,0,0,0,0,0,0,2,24,HOMBRE,ILESO,CONDUCTOR PRESENTE,NO,NO,0
21891,78858,78859,2019,1,0,-0.206039,-78.512993,PICHINCHA,QUITO,QUITO,URBANA,2019-12-28,20:00:00,20,SABADO,6,DICIEMBRE,12,SI,CONDUCIR VEHICULO SUPERANDO LOS LIMITES MAXIMOS DE VELOCIDAD.,PERDIDA DE CARRIL,MOTOCICLETA,0,0,0,0,0,0,0,0,1,0,0,0,0,1,43,HOMBRE,LESIONADO,CONDUCTOR PRESENTE,NO,NO,0
21892,78863,78864,2019,0,0,-0.129197,-78.502316,PICHINCHA,QUITO,QUITO,URBANA,2019-12-28,21:05:00,21,SABADO,6,DICIEMBRE,12,SI,CONDUCIR VEHICULO SUPERANDO LOS LIMITES MAXIMOS DE VELOCIDAD.,OTROS,AUTOMOVIL,1,0,0,0,0,0,0,0,0,0,0,0,0,1,-1,NO IDENTIFICADO,NO IDENTIFICADO,CONDUCTOR AUSENTE,NO,NO,2
21893,78873,78874,2019,0,0,-0.297178,-78.565821,PICHINCHA,QUITO,QUITO,URBANA,2019-12-28,23:00:00,23,SABADO,6,DICIEMBRE,12,SI,"NO RESPETAR LAS SENIALES REGLAMENTARIAS DE TRANSITO. (PARE, CEDA EL PASO, LUZ ROJA DEL SEMAFORO, ETC).",CHOQUE FRONTAL,BUS,1,0,1,0,0,0,0,0,0,0,0,0,0,2,51,HOMBRE,ILESO,CONDUCTOR PRESENTE,NO,NO,0
21894,78874,78875,2019,0,0,-0.120476,-78.493981,PICHINCHA,QUITO,QUITO,URBANA,2019-12-28,23:30:00,23,SABADO,6,DICIEMBRE,12,SI,NO GUARDAR LA DISTANCIA LATERAL MINIMA DE SEGURIDAD ENTRE VEHICULOS.,CHOQUE LATERAL,AUTOMOVIL,2,0,0,0,0,0,0,0,0,0,0,0,0,2,30,HOMBRE,ILESO,CONDUCTOR PRESENTE,NO,NO,0
21895,78882,78883,2019,0,0,-0.240223,-78.531309,PICHINCHA,QUITO,QUITO,URBANA,2019-12-29,01:35:00,1,DOMINGO,7,DICIEMBRE,12,SI,CONDUCIR VEHICULO SUPERANDO LOS LIMITES MAXIMOS DE VELOCIDAD.,ESTRELLAMIENTOS,CAMION,0,0,0,1,0,0,0,0,0,0,0,0,0,1,-1,NO IDENTIFICADO,NO IDENTIFICADO,CONDUCTOR AUSENTE,NO,NO,2
21896,78886,78887,2019,1,0,-0.288967,-78.483621,PICHINCHA,QUITO,CONOCOTO,RURAL,2019-12-29,02:50:00,2,DOMINGO,7,DICIEMBRE,12,SI,CONDUCIR VEHICULO SUPERANDO LOS LIMITES MAXIMOS DE VELOCIDAD.,ESTRELLAMIENTOS,CAMION,0,0,0,1,0,0,0,0,0,0,0,0,0,1,36,MUJER,LESIONADO,PASAJERO,NO,NO,3
21897,78898,78899,2019,0,0,-0.273933,-78.564355,PICHINCHA,QUITO,QUITO,URBANA,2019-12-29,05:30:00,5,DOMINGO,7,DICIEMBRE,12,SI,"NO RESPETAR LAS SENIALES REGLAMENTARIAS DE TRANSITO. (PARE, CEDA EL PASO, LUZ ROJA DEL SEMAFORO, ETC).",OTROS,MOTOCICLETA,0,0,0,0,0,0,0,0,1,0,0,0,0,1,-1,NO IDENTIFICADO,NO IDENTIFICADO,CONDUCTOR AUSENTE,NO,NO,2
21898,78899,78900,2019,0,1,-0.206438,-78.370261,PICHINCHA,QUITO,PUEMBO,RURAL,2019-12-29,05:40:00,5,DOMINGO,7,DICIEMBRE,12,SI,"NO RESPETAR LAS SENIALES REGLAMENTARIAS DE TRANSITO. (PARE, CEDA EL PASO, LUZ ROJA DEL SEMAFORO, ETC).",OTROS,MOTOCICLETA,0,0,0,0,0,0,0,0,1,2,0,0,0,3,27,HOMBRE,FALLECIDO,CONDUCTOR PRESENTE,NO,NO,3
21899,78900,78901,2019,2,3,-0.473953,-78.566821,PICHINCHA,MEJIA,MACHACHI,RURAL,2019-12-29,05:45:00,5,DOMINGO,7,DICIEMBRE,12,SI,"CONDUCE BAJO LA INFLUENCIA DE ALCOHOL, SUSTANCIAS ESTUPEFACIENTES O PSICOTROPICAS Y/O MEDICAMENTOS.",CHOQUE FRONTAL,VEHICULO DEPORTIVO UTILITARIO,1,0,0,0,0,0,0,0,0,0,0,0,1,2,85,MUJER,FALLECIDO,PASAJERO,NO,SI,3
21900,78901,78902,2019,1,0,-0.279165,-78.542854,PICHINCHA,QUITO,QUITO,URBANA,2019-12-29,05:50:00,5,DOMINGO,7,DICIEMBRE,12,SI,"CONDUCE BAJO LA INFLUENCIA DE ALCOHOL, SUSTANCIAS ESTUPEFACIENTES O PSICOTROPICAS Y/O MEDICAMENTOS.",ATROPELLOS,AUTOMOVIL,2,0,0,0,0,0,0,0,0,0,0,0,0,2,49,HOMBRE,LESIONADO,PEATON,NO,NO,0
21901,78907,78908,2019,1,0,-0.285559,-78.543247,PICHINCHA,QUITO,QUITO,URBANA,2019-12-29,07:00:00,7,DOMINGO,7,DICIEMBRE,12,SI,CONDUCIR EN SENTIDO CONTRARIO A LA VIA NORMAL DE CIRCULACION.,CHOQUE LATERAL,BICICLETA,0,1,0,0,1,0,0,0,0,0,0,0,0,2,69,HOMBRE,LESIONADO,CONDUCTOR PRESENTE,NO,NO,0
21902,78909,78910,2019,0,0,-0.264965,-78.562152,PICHINCHA,QUITO,QUITO,URBANA,2019-12-29,07:20:00,7,DOMINGO,7,DICIEMBRE,12,SI,NO TRANSITAR POR LAS ACERAS O ZONAS DE SEGURIDAD DESTINADAS PARA EL EFECTO.,OTROS,NO IDENTIFICADO,0,0,0,0,0,0,0,0,0,1,0,0,0,1,22,MUJER,ILESO,PEATON,NO,NO,0
21903,78910,78911,2019,2,0,-0.451301,-78.560001,PICHINCHA,MEJIA,ALOAG,RURAL,2019-12-29,07:30:00,7,DOMINGO,7,DICIEMBRE,12,SI,"CONDUCIR DESATENTO A LAS CONDICIONES DE TRANSITO (CELULAR, PANTALLAS DE VIDEO, COMIDA, MAQUILLAJE O CUALQUIER OTRO ELEMENTO DISTRACTOR).",PERDIDA DE CARRIL,AUTOMOVIL,1,0,0,0,0,0,0,0,0,0,0,0,0,1,22,MUJER,LESIONADO,CONDUCTOR PRESENTE,NO,SI,3
21904,78932,78933,2019,0,0,-0.265995,-78.561266,PICHINCHA,QUITO,QUITO,URBANA,2019-12-29,17:45:00,17,DOMINGO,7,DICIEMBRE,12,SI,CONDUCIR VEHICULO SUPERANDO LOS LIMITES MAXIMOS DE VELOCIDAD.,ESTRELLAMIENTOS,AUTOMOVIL,1,0,0,0,0,0,0,0,0,0,0,0,0,1,-1,NO IDENTIFICADO,NO IDENTIFICADO,CONDUCTOR AUSENTE,NO,NO,2
21905,78947,78948,2019,0,0,-0.336235,-78.557837,PICHINCHA,QUITO,QUITO,URBANA,2019-12-29,20:30:00,20,DOMINGO,7,DICIEMBRE,12,SI,NO GUARDAR LA DISTANCIA LATERAL MINIMA DE SEGURIDAD ENTRE VEHICULOS.,ROZAMIENTOS,CAMIONETA,1,0,0,0,1,0,0,0,0,0,0,0,0,2,26,HOMBRE,ILESO,CONDUCTOR PRESENTE,NO,NO,0
21906,78952,78953,2019,0,1,0.048745,-79.334521,PICHINCHA,PUERTO QUITO,PUERTO QUITO,RURAL,2019-12-29,21:00:00,21,DOMINGO,7,DICIEMBRE,12,SI,"CONDUCIR DESATENTO A LAS CONDICIONES DE TRANSITO (CELULAR, PANTALLAS DE VIDEO, COMIDA, MAQUILLAJE O CUALQUIER OTRO ELEMENTO DISTRACTOR).",PERDIDA DE PISTA,CAMIONETA,0,0,0,0,1,0,0,0,0,0,0,0,0,1,25,HOMBRE,FALLECIDO,CONDUCTOR PRESENTE,NO,SI,3
21907,78954,78955,2019,1,0,-0.295024,-78.475498,PICHINCHA,QUITO,CONOCOTO,RURAL,2019-12-29,21:45:00,21,DOMINGO,7,DICIEMBRE,12,SI,CONDUCIR VEHICULO SUPERANDO LOS LIMITES MAXIMOS DE VELOCIDAD.,PERDIDA DE CARRIL,MOTOCICLETA,0,0,0,0,0,0,0,0,1,0,0,0,0,1,33,HOMBRE,LESIONADO,CONDUCTOR PRESENTE,NO,NO,3
21908,78957,78958,2019,0,0,-0.328001,-78.541445,PICHINCHA,QUITO,QUITO,URBANA,2019-12-29,22:10:00,22,DOMINGO,7,DICIEMBRE,12,SI,CONDUCIR VEHICULO SUPERANDO LOS LIMITES MAXIMOS DE VELOCIDAD.,OTROS,MOTOCICLETA,0,0,0,0,0,0,0,0,1,0,0,0,0,1,-1,NO IDENTIFICADO,NO IDENTIFICADO,CONDUCTOR AUSENTE,NO,NO,2
21909,78960,78961,2019,0,0,-0.247576,-78.529532,PICHINCHA,QUITO,QUITO,URBANA,2019-12-29,23:10:00,23,DOMINGO,7,DICIEMBRE,12,SI,"CONDUCE BAJO LA INFLUENCIA DE ALCOHOL, SUSTANCIAS ESTUPEFACIENTES O PSICOTROPICAS Y/O MEDICAMENTOS.",CHOQUE POSTERIOR,CAMIONETA,1,0,0,0,1,0,0,0,0,0,0,0,0,2,52,HOMBRE,ILESO,CONDUCTOR PRESENTE,NO,NO,0
21910,78982,78983,2019,1,0,-0.243528,-78.506028,PICHINCHA,QUITO,QUITO,URBANA,2019-12-30,13:50:00,13,LUNES,1,DICIEMBRE,12,SI,REALIZAR CAMBIO BRUSCO O INDEBIDO DE CARRIL.,CHOQUE LATERAL,AUTOMOVIL,1,0,0,0,0,0,0,0,1,0,0,0,0,2,22,MUJER,LESIONADO,PASAJERO,NO,NO,0
21911,78985,78986,2019,0,0,-0.203601,-78.483057,PICHINCHA,QUITO,QUITO,URBANA,2019-12-30,14:38:00,14,LUNES,1,DICIEMBRE,12,SI,NO CEDER EL DERECHO DE VIA O PREFERENCIA DE PASO A VEHICULOS.,CHOQUE LATERAL,BUS,0,0,2,0,0,0,0,0,0,0,0,0,0,2,38,HOMBRE,ILESO,CONDUCTOR PRESENTE,NO,NO,0