,Unnamed: 0,ID,ANIO,LESIONADOS,FALLECIDOS,LATITUD_Y,LONGITUD_X,PROVINCIA,CANTON,PARROQUIA,ZONA,FECHA,HORA,PERIODO_2,DIA_1,DIA_2,MES_1,MES_2,FERIADO,CAUSA_PROBABLE,TIPO_DE_SINIESTRO,TIPO_DE_VEHICULO_1,AUTOMOVIL,BICICLETA,BUS,CAMION,CAMIONETA,EMERGENCIAS,ESPECIAL,FURGONETA,MOTOCICLETA,NO_IDENTIFICADO,SCOOTER_ELECTRICO,TRICIMOTO,VEHICULO_DEPORTIVO_UTILITARIO,SUMA_DE_VEHICULOS,EDAD_1,SEXO_1,CONDICION_1,PARTICIPANTE_1,CASCO_1,CINTURON_1,KMeans_Cluster
21912,78987,78988,2019,1,0,-0.283634,-78.535666,PICHINCHA,QUITO,QUITO,URBANA,2019-12-30,14:50:00,14,LUNES,1,DICIEMBRE,12,SI,NO TRANSITAR POR LAS ACERAS O ZONAS DE SEGURIDAD DESTINADAS PARA EL EFECTO.,ATROPELLOS,BUS,0,0,1,0,0,0,0,0,0,0,0,0,0,1,36,MUJER,LESIONADO,PEATON,NO,NO,0
21913,78989,78990,2019,0,0,-0.171095,-78.490623,PICHINCHA,QUITO,QUITO,URBANA,2019-12-30,15:30:00,15,LUNES,1,DICIEMBRE,12,SI,NO GUARDAR LA DISTANCIA LATERAL MINIMA DE SEGURIDAD ENTRE VEHICULOS.,CHOQUE LATERAL,AUTOMOVIL,2,0,0,0,0,0,0,0,0,0,0,0,0,2,35,MUJER,ILESO,CONDUCTOR PRESENTE,NO,NO,0
21914,78990,78991,2019,0,0,-0.375491,-78.373155,PICHINCHA,QUITO,PINTAG,RURAL,2019-12-30,16:20:00,16,LUNES,1,DICIEMBRE,12,SI,"CONDICIONES AMBIENTALES Y/O ATMOSFERICAS (NIEBLA, NEBLINA, GRANIZO, LLUVIA).",CHOQUE FRONTAL,AUTOMOVIL,1,0,0,0,1,0,0,0,0,0,0,0,0,2,24,HOMBRE,ILESO,CONDUCTOR PRESENTE,NO,NO,3
21915,78994,78995,2019,0,0,-0.199767,-78.428809,PICHINCHA,QUITO,CUMBAYA,RURAL,2019-12-30,17:12:00,17,LUNES,1,DICIEMBRE,12,SI,"CONDICIONES AMBIENTALES Y/O ATMOSFERICAS (NIEBLA, NEBLINA, GRANIZO, LLUVIA).",ESTRELLAMIENTOS,AUTOMOVIL,3,0,0,0,0,0,0,0,0,0,0,0,0,3,2,MUJER,ILESO,PASAJERO,NO,NO,3
21916,78997,78998,2019,0,0,-0.364141,-78.838008,PICHINCHA,MEJIA,MANUEL CORNEJO ASTORGA,RURAL,2019-12-30,17:50:00,17,LUNES,1,DICIEMBRE,12,SI,"NO RESPETAR LAS SENIALES REGLAMENTARIAS DE TRANSITO. (PARE, CEDA EL PASO, LUZ ROJA DEL SEMAFORO, ETC).",CHOQUE LATERAL,VEHICULO DEPORTIVO UTILITARIO,1,0,0,0,0,0,0,0,0,0,0,0,1,2,51,HOMBRE,ILESO,CONDUCTOR PRESENTE,NO,NO,3
21917,78998,78999,2019,0,0,-0.289488,-78.538461,PICHINCHA,QUITO,QUITO,URBANA,2019-12-30,18:00:00,18,LUNES,1,DICIEMBRE,12,SI,"CONDICIONES AMBIENTALES Y/O ATMOSFERICAS (NIEBLA, NEBLINA, GRANIZO, LLUVIA).",CHOQUE POSTERIOR,AUTOMOVIL,1,0,0,0,0,0,0,0,1,0,0,0,0,2,18,HOMBRE,ILESO,CONDUCTOR PRESENTE,NO,NO,0
21918,78999,79000,2019,0,0,-0.299432,-78.559038,PICHINCHA,QUITO,QUITO,URBANA,2019-12-30,18:00:00,18,LUNES,1,DICIEMBRE,12,SI,NO GUARDAR LA DISTANCIA LATERAL MINIMA DE SEGURIDAD ENTRE VEHICULOS.,CHOQUE LATERAL,AUTOMOVIL,1,0,0,0,1,0,0,0,0,0,0,0,0,2,50,HOMBRE,ILESO,CONDUCTOR PRESENTE,NO,NO,0
21919,79002,79003,2019,1,0,-0.212824,-78.402686,PICHINCHA,QUITO,TUMBACO,RURAL,2019-12-30,18:35:00,18,LUNES,1,DICIEMBRE,12,SI,"CONDICIONES AMBIENTALES Y/O ATMOSFERICAS (NIEBLA, NEBLINA, GRANIZO, LLUVIA).",ATROPELLOS,CAMIONETA,0,0,0,0,1,0,0,0,0,0,0,0,0,1,76,MUJER,LESIONADO,PEATON,NO,NO,3
21920,79015,79016,2019,1,0,-0.295878,-78.556329,PICHINCHA,QUITO,QUITO,URBANA,2019-12-30,20:10:00,20,LUNES,1,DICIEMBRE,12,SI,"CONDICIONES AMBIENTALES Y/O ATMOSFERICAS (NIEBLA, NEBLINA, GRANIZO, LLUVIA).",ATROPELLOS,BUS,0,0,1,0,0,0,0,0,0,0,0,0,0,1,36,HOMBRE,LESIONADO,PEATON,NO,NO,0
21921,79017,79018,2019,0,0,-0.438644,-78.712791,PICHINCHA,MEJIA,ALOAG,RURAL,2019-12-30,21:00:00,21,LUNES,1,DICIEMBRE,12,SI,"CONDUCIR DESATENTO A LAS CONDICIONES DE TRANSITO (CELULAR, PANTALLAS DE VIDEO, COMIDA, MAQUILLAJE O CUALQUIER OTRO ELEMENTO DISTRACTOR).",PERDIDA DE PISTA,AUTOMOVIL,1,0,0,0,0,0,0,0,0,0,0,0,0,1,-1,NO IDENTIFICADO,ILESO,CONDUCTOR PRESENTE,NO,NO,3
21922,79019,79020,2019,0,0,-0.334547,-78.535165,PICHINCHA,QUITO,QUITO,URBANA,2019-12-30,22:08:00,22,LUNES,1,DICIEMBRE,12,SI,"CONDICIONES AMBIENTALES Y/O ATMOSFERICAS (NIEBLA, NEBLINA, GRANIZO, LLUVIA).",CHOQUE POSTERIOR,AUTOMOVIL,1,0,0,0,1,0,0,0,0,0,0,0,0,2,38,HOMBRE,ILESO,CONDUCTOR PRESENTE,NO,NO,0
21923,79029,79030,2019,0,0,-0.228521,-78.500718,PICHINCHA,QUITO,QUITO,URBANA,2019-12-31,01:45:00,1,MARTES,2,DICIEMBRE,12,SI,CONDUCIR VEHICULO SUPERANDO LOS LIMITES MAXIMOS DE VELOCIDAD.,ESTRELLAMIENTOS,AUTOMOVIL,1,0,0,0,0,0,0,0,0,0,0,0,0,1,-1,NO IDENTIFICADO,NO IDENTIFICADO,CONDUCTOR AUSENTE,NO,NO,2
21924,79039,79040,2019,1,0,-0.158066,-78.446231,PICHINCHA,QUITO,NAYON,RURAL,2019-12-31,06:45:00,6,MARTES,2,DICIEMBRE,12,SI,CONDUCIR VEHICULO SUPERANDO LOS LIMITES MAXIMOS DE VELOCIDAD.,CHOQUE POSTERIOR,BUS,0,0,1,0,0,0,0,0,1,0,0,0,0,2,31,HOMBRE,LESIONADO,CONDUCTOR PRESENTE,NO,NO,3
21925,79041,79042,2019,1,0,-0.208624,-78.492864,PICHINCHA,QUITO,QUITO,URBANA,2019-12-31,07:30:00,7,MARTES,2,DICIEMBRE,12,SI,NO GUARDAR LA DISTANCIA LATERAL MINIMA DE SEGURIDAD ENTRE VEHICULOS.,CHOQUE LATERAL,AUTOMOVIL,1,0,0,0,0,0,0,0,1,0,0,0,0,2,24,MUJER,LESIONADO,CONDUCTOR PRESENTE,NO,NO,0
21926,79043,79044,2019,2,0,-0.185856,-78.477867,PICHINCHA,QUITO,QUITO,URBANA,2019-12-31,07:50:00,7,MARTES,2,DICIEMBRE,12,SI,NO MANTENER LA DISTANCIA PRUDENCIAL CON RESPECTO AL VEHICULO QUE LE ANTECEDE.,OTROS,CAMIONETA,1,0,0,0,2,0,0,0,0,0,0,0,0,3,41,HOMBRE,LESIONADO,CONDUCTOR PRESENTE,NO,NO,0
21927,79049,79050,2019,1,0,-0.207732,-78.497071,PICHINCHA,QUITO,QUITO,URBANA,2019-12-31,11:59:00,11,MARTES,2,DICIEMBRE,12,SI,NO TRANSITAR POR LAS ACERAS O ZONAS DE SEGURIDAD DESTINADAS PARA EL EFECTO.,ATROPELLOS,AUTOMOVIL,1,0,0,0,0,0,0,0,0,0,0,0,0,1,74,MUJER,LESIONADO,PEATON,NO,NO,0
21928,79055,79056,2019,1,0,-0.435807,-78.553054,PICHINCHA,MEJIA,MACHACHI,RURAL,2019-12-31,13:20:00,13,MARTES,2,DICIEMBRE,12,SI,"CONDUCIR DESATENTO A LAS CONDICIONES DE TRANSITO (CELULAR, PANTALLAS DE VIDEO, COMIDA, MAQUILLAJE O CUALQUIER OTRO ELEMENTO DISTRACTOR).",PERDIDA DE CARRIL,MOTOCICLETA,0,0,0,0,0,0,0,0,1,0,0,0,0,1,24,HOMBRE,LESIONADO,CONDUCTOR PRESENTE,NO,SI,3
21929,79056,79057,2019,1,0,-0.102876,-78.473614,PICHINCHA,QUITO,QUITO,URBANA,2019-12-31,13:50:00,13,MARTES,2,DICIEMBRE,12,SI,NO TRANSITAR POR LAS ACERAS O ZONAS DE SEGURIDAD DESTINADAS PARA EL EFECTO.,ATROPELLOS,MOTOCICLETA,0,0,0,0,0,0,0,0,1,0,0,0,0,1,74,MUJER,LESIONADO,PEATON,NO,NO,0
21930,79062,79063,2019,0,1,-0.273707,-78.537301,PICHINCHA,QUITO,QUITO,URBANA,2019-12-31,17:15:00,17,MARTES,2,DICIEMBRE,12,SI,PEATON QUE CRUZA LA CALZADA SIN RESPETAR LA SENIALIZACION EXISTENTE (SEMAFOROS O SENIALES MANUALES).,ARROLLAMIENTOS,NO IDENTIFICADO,0,0,0,0,0,0,0,0,0,1,0,0,0,1,41,HOMBRE,FALLECIDO,PEATON,NO,NO,0
21931,79065,79066,2019,0,0,-0.210857,-78.513508,PICHINCHA,QUITO,QUITO,URBANA,2019-12-31,18:30:00,18,MARTES,2,DICIEMBRE,12,SI,"CONDICIONES AMBIENTALES Y/O ATMOSFERICAS (NIEBLA, NEBLINA, GRANIZO, LLUVIA).",ESTRELLAMIENTOS,AUTOMOVIL,1,0,0,0,0,0,0,0,0,0,0,0,0,1,29,HOMBRE,ILESO,CONDUCTOR PRESENTE,NO,NO,0
21932,79070,79071,2019,0,0,-0.091585,-78.439052,PICHINCHA,QUITO,CALDERON (CARAPUNGO),RURAL,2019-12-31,19:45:00,19,MARTES,2,DICIEMBRE,12,SI,CONDUCIR VEHICULO SUPERANDO LOS LIMITES MAXIMOS DE VELOCIDAD.,COLISION,AUTOMOVIL,1,0,0,0,1,0,0,0,0,1,0,0,0,3,45,HOMBRE,ILESO,CONDUCTOR PRESENTE,NO,NO,3
21933,79075,79076,2019,1,0,-0.299621,-78.524243,PICHINCHA,QUITO,QUITO,URBANA,2019-12-31,21:00:00,21,MARTES,2,DICIEMBRE,12,SI,NO MANTENER LA DISTANCIA PRUDENCIAL CON RESPECTO AL VEHICULO QUE LE ANTECEDE.,CHOQUE POSTERIOR,MOTOCICLETA,0,0,0,0,0,0,0,0,1,1,0,0,0,2,21,HOMBRE,LESIONADO,PASAJERO,NO,NO,0
21934,79079,79080,2019,0,0,-0.552601,-78.587188,PICHINCHA,MEJIA,MACHACHI,RURAL,2019-12-31,21:30:00,21,MARTES,2,DICIEMBRE,12,SI,"CONDUCIR DESATENTO A LAS CONDICIONES DE TRANSITO (CELULAR, PANTALLAS DE VIDEO, COMIDA, MAQUILLAJE O CUALQUIER OTRO ELEMENTO DISTRACTOR).",ESTRELLAMIENTOS,MOTOCICLETA,1,0,0,0,0,0,0,0,1,0,0,0,0,2,40,HOMBRE,ILESO,CONDUCTOR PRESENTE,NO,NO,3
21935,79080,79081,2019,0,0,-0.144708,-78.474794,PICHINCHA,QUITO,QUITO,URBANA,2019-12-31,21:40:00,21,MARTES,2,DICIEMBRE,12,SI,"CONDICIONES AMBIENTALES Y/O ATMOSFERICAS (NIEBLA, NEBLINA, GRANIZO, LLUVIA).",CHOQUE LATERAL,AUTOMOVIL,2,0,0,0,0,0,0,0,0,0,0,0,0,2,62,HOMBRE,ILESO,CONDUCTOR PRESENTE,NO,NO,0
21936,79082,79083,2019,0,0,-0.212131,-78.387611,PICHINCHA,QUITO,TUMBACO,RURAL,2019-12-31,21:45:00,21,MARTES,2,DICIEMBRE,12,SI,"CONDICIONES AMBIENTALES Y/O ATMOSFERICAS (NIEBLA, NEBLINA, GRANIZO, LLUVIA).",CHOQUE POSTERIOR,AUTOMOVIL,2,0,0,0,0,0,0,0,0,0,0,0,0,2,30,HOMBRE,ILESO,PASAJERO,NO,NO,3
21937,79092,79093,2020,0,0,-0.221954,-78.508261,PICHINCHA,QUITO,QUITO,URBANA,2020-01-01,00:10:00,0,MIERCOLES,3,ENERO,1,SI,CONDUCIR EN SENTIDO CONTRARIO A LA VIA NORMAL DE CIRCULACION.,PERDIDA DE CARRIL,AUTOMOVIL,1,0,0,0,0,0,0,0,0,0,0,0,0,1,-1,NO IDENTIFICADO,NO IDENTIFICADO,CONDUCTOR AUSENTE,NO,NO,2
21938,79097,79098,2020,0,0,-0.100609,-78.472184,PICHINCHA,QUITO,QUITO,URBANA,2020-01-01,01:00:00,1,MIERCOLES,3,ENERO,1,SI,"NO RESPETAR LAS SENIALES REGLAMENTARIAS DE TRANSITO. (PARE, CEDA EL PASO, LUZ ROJA DEL SEMAFORO, ETC).",CHOQUE LATERAL,AUTOMOVIL,2,0,0,0,0,0,0,0,0,0,0,0,0,2,44,MUJER,ILESO,CONDUCTOR PRESENTE,NO,NO,1
21939,79103,79104,2020,0,0,-0.290305,-78.465399,PICHINCHA,QUITO,CONOCOTO,URBANA,2020-01-01,01:30:00,1,MIERCOLES,3,ENERO,1,SI,"CONDUCIR DESATENTO A LAS CONDICIONES DE TRANSITO (CELULAR, PANTALLAS DE VIDEO, COMIDA, MAQUILLAJE O CUALQUIER OTRO ELEMENTO DISTRACTOR).",ESTRELLAMIENTOS,VEHICULO DEPORTIVO UTILITARIO,0,0,0,0,0,0,0,0,0,0,0,0,1,1,39,HOMBRE,ILESO,CONDUCTOR PRESENTE,NO,SI,1
21940,79111,79112,2020,2,0,-0.318225,-78.527136,PICHINCHA,QUITO,QUITO,URBANA,2020-01-01,02:30:00,2,MIERCOLES,3,ENERO,1,SI,NO MANTENER LA DISTANCIA PRUDENCIAL CON RESPECTO AL VEHICULO QUE LE ANTECEDE.,CHOQUE POSTERIOR,AUTOMOVIL,2,0,0,0,0,0,0,0,0,0,0,0,0,2,18,MUJER,LESIONADO,PASAJERO,NO,NO,1
21941,79132,79133,2020,1,0,-0.317941,-78.535613,PICHINCHA,QUITO,QUITO,URBANA,2020-01-01,06:02:00,6,MIERCOLES,3,ENERO,1,SI,CONDUCIR VEHICULO SUPERANDO LOS LIMITES MAXIMOS DE VELOCIDAD.,ATROPELLOS,AUTOMOVIL,2,0,0,0,0,0,0,0,0,0,0,0,0,2,65,HOMBRE,LESIONADO,CONDUCTOR PRESENTE,NO,NO,1
21942,79133,79134,2020,0,0,-0.240996,-78.483016,PICHINCHA,QUITO,QUITO,RURAL,2020-01-01,06:12:00,6,MIERCOLES,3,ENERO,1,SI,CONDUCIR VEHICULO SUPERANDO LOS LIMITES MAXIMOS DE VELOCIDAD.,ATROPELLOS,AUTOMOVIL,1,0,0,0,0,0,0,0,0,0,0,0,0,1,-1,NO IDENTIFICADO,NO IDENTIFICADO,CONDUCTOR AUSENTE,NO,NO,2
21943,79137,79138,2020,1,0,-0.242463,-78.482774,PICHINCHA,QUITO,QUITO,RURAL,2020-01-01,06:27:00,6,MIERCOLES,3,ENERO,1,SI,"NO RESPETAR LAS SENIALES REGLAMENTARIAS DE TRANSITO. (PARE, CEDA EL PASO, LUZ ROJA DEL SEMAFORO, ETC).",ATROPELLOS,AUTOMOVIL,2,0,0,0,0,0,0,0,0,0,0,0,0,2,28,MUJER,LESIONADO,PEATON,NO,NO,3
21944,79138,79139,2020,0,0,-0.349789,-78.556588,PICHINCHA,QUITO,QUITO,URBANA,2020-01-01,06:30:00,6,MIERCOLES,3,ENERO,1,SI,CONDUCIR VEHICULO SUPERANDO LOS LIMITES MAXIMOS DE VELOCIDAD.,ESTRELLAMIENTOS,AUTOMOVIL,1,0,0,0,0,0,0,0,0,0,0,0,0,1,-1,NO IDENTIFICADO,NO IDENTIFICADO,CONDUCTOR AUSENTE,NO,NO,2
21945,79140,79141,2020,0,0,-0.294486,-78.453665,PICHINCHA,QUITO,ALANGASI,RURAL,2020-01-01,06:44:00,6,MIERCOLES,3,ENERO,1,SI,"NO RESPETAR LAS SENIALES REGLAMENTARIAS DE TRANSITO. (PARE, CEDA EL PASO, LUZ ROJA DEL SEMAFORO, ETC).",ATROPELLOS,AUTOMOVIL,1,0,0,0,0,0,0,0,0,0,0,0,0,1,-1,NO IDENTIFICADO,NO IDENTIFICADO,CONDUCTOR AUSENTE,NO,NO,2
21946,79154,79155,2020,0,0,-0.144708,-78.474749,PICHINCHA,QUITO,QUITO,URBANA,2020-01-01,07:30:00,7,MIERCOLES,3,ENERO,1,SI,CONDUCIR VEHICULO SUPERANDO LOS LIMITES MAXIMOS DE VELOCIDAD.,PERDIDA DE CARRIL,AUTOMOVIL,1,0,0,0,0,0,0,0,0,0,0,0,0,1,-1,NO IDENTIFICADO,NO IDENTIFICADO,CONDUCTOR AUSENTE,NO,NO,2
21947,79159,79160,2020,0,0,-0.321268,-78.372273,PICHINCHA,QUITO,LA MERCED,RURAL,2020-01-01,08:10:00,8,MIERCOLES,3,ENERO,1,SI,"CONDUCIR DESATENTO A LAS CONDICIONES DE TRANSITO (CELULAR, PANTALLAS DE VIDEO, COMIDA, MAQUILLAJE O CUALQUIER OTRO ELEMENTO DISTRACTOR).",PERDIDA DE CARRIL,AUTOMOVIL,1,0,0,0,0,0,0,0,0,0,0,0,0,1,28,HOMBRE,ILESO,CONDUCTOR PRESENTE,NO,SI,3
21948,79161,79162,2020,0,0,-0.203076,-78.458418,PICHINCHA,QUITO,QUITO,RURAL,2020-01-01,08:30:00,8,MIERCOLES,3,ENERO,1,SI,"CONDICIONES AMBIENTALES Y/O ATMOSFERICAS (NIEBLA, NEBLINA, GRANIZO, LLUVIA).",ESTRELLAMIENTOS,CAMIONETA,0,0,0,0,1,0,0,0,0,0,0,0,0,1,49,HOMBRE,ILESO,CONDUCTOR PRESENTE,NO,NO,3
21949,79162,79163,2020,0,0,-0.141457,-78.483041,PICHINCHA,QUITO,QUITO,URBANA,2020-01-01,08:30:00,8,MIERCOLES,3,ENERO,1,SI,DANIOS MECANICOS PREVISIBLES.,ESTRELLAMIENTOS,AUTOMOVIL,1,0,0,0,0,0,0,0,0,0,0,0,0,1,-1,NO IDENTIFICADO,NO IDENTIFICADO,CONDUCTOR AUSENTE,NO,NO,2
21950,79186,79187,2020,1,0,-0.250001,-78.520995,PICHINCHA,QUITO,QUITO,URBANA,2020-01-01,13:25:00,13,MIERCOLES,3,ENERO,1,SI,"PEATON TRANSITA BAJO INFLUENCIA DE ALCOHOL, SUSTANCIAS ESTUPEFACIENTES O PSICOTROPICAS Y/O MEDICAMENTOS.",ATROPELLOS,AUTOMOVIL,1,0,0,0,0,0,0,0,0,0,0,0,0,1,27,HOMBRE,LESIONADO,PEATON,NO,NO,1
21951,79189,79190,2020,0,0,-0.062211,-78.432935,PICHINCHA,QUITO,CALDERON (CARAPUNGO),RURAL,2020-01-01,13:52:00,13,MIERCOLES,3,ENERO,1,SI,DANIOS MECANICOS PREVISIBLES.,ESTRELLAMIENTOS,AUTOMOVIL,1,0,0,0,0,0,0,0,0,0,0,0,0,1,-1,NO IDENTIFICADO,NO IDENTIFICADO,CONDUCTOR AUSENTE,NO,NO,2
21952,79203,79204,2020,0,0,-0.199119,-78.485269,PICHINCHA,QUITO,QUITO,URBANA,2020-01-01,16:00:00,16,MIERCOLES,3,ENERO,1,SI,CONDUCIR VEHICULO SUPERANDO LOS LIMITES MAXIMOS DE VELOCIDAD.,CHOQUE LATERAL,AUTOMOVIL,2,0,0,0,0,0,0,0,0,0,0,0,0,2,29,HOMBRE,ILESO,CONDUCTOR PRESENTE,NO,NO,1
21953,79204,79205,2020,0,0,-0.237449,-78.484425,PICHINCHA,QUITO,QUITO,URBANA,2020-01-01,16:02:00,16,MIERCOLES,3,ENERO,1,SI,"PRESENCIA DE AGENTES EXTERNOS EN LA VIA (AGUA, ACEITE, PIEDRA, LASTRE, ESCOMBROS, MADEROS, ETC.).",ESTRELLAMIENTOS,AUTOMOVIL,1,0,0,0,0,0,0,0,0,0,0,0,0,1,56,HOMBRE,ILESO,CONDUCTOR PRESENTE,NO,NO,1
21954,79217,79218,2020,3,0,-0.196645,-78.466765,PICHINCHA,QUITO,QUITO,RURAL,2020-01-01,18:38:00,18,MIERCOLES,3,ENERO,1,SI,"PRESENCIA DE AGENTES EXTERNOS EN LA VIA (AGUA, ACEITE, PIEDRA, LASTRE, ESCOMBROS, MADEROS, ETC.).",ESTRELLAMIENTOS,CAMIONETA,0,0,0,0,1,0,0,0,0,0,0,0,0,1,34,HOMBRE,LESIONADO,CONDUCTOR PRESENTE,NO,NO,3
21955,79234,79235,2020,2,0,-0.142121,-78.443217,PICHINCHA,QUITO,LLANO CHICO,RURAL,2020-01-01,21:30:00,21,MIERCOLES,3,ENERO,1,SI,CONDUCIR VEHICULO SUPERANDO LOS LIMITES MAXIMOS DE VELOCIDAD.,ESTRELLAMIENTOS,AUTOMOVIL,1,0,0,0,0,0,0,0,0,0,0,0,0,1,27,MUJER,LESIONADO,PASAJERO,NO,NO,3
21956,79238,79239,2020,0,0,-0.410649,-78.547545,PICHINCHA,MEJIA,TAMBILLO (MEJIA),RURAL,2020-01-01,21:50:00,21,MIERCOLES,3,ENERO,1,SI,"CONDUCE BAJO LA INFLUENCIA DE ALCOHOL, SUSTANCIAS ESTUPEFACIENTES O PSICOTROPICAS Y/O MEDICAMENTOS.",CHOQUE FRONTAL,AUTOMOVIL,1,0,0,0,1,0,0,0,0,0,0,0,0,2,35,HOMBRE,ILESO,CONDUCTOR PRESENTE,NO,SI,3
21957,79247,79248,2020,0,0,-0.323651,-78.556465,PICHINCHA,QUITO,QUITO,URBANA,2020-01-02,04:40:00,4,JUEVES,4,ENERO,1,NO,NO MANTENER LA DISTANCIA PRUDENCIAL CON RESPECTO AL VEHICULO QUE LE ANTECEDE.,CHOQUE POSTERIOR,AUTOMOVIL,2,0,0,0,0,0,0,0,0,0,0,0,0,2,29,HOMBRE,ILESO,CONDUCTOR PRESENTE,NO,NO,1
21958,79250,79251,2020,1,0,-0.128128,-78.484059,PICHINCHA,QUITO,QUITO,URBANA,2020-01-02,06:50:00,6,JUEVES,4,ENERO,1,NO,"CONDUCIR DESATENTO A LAS CONDICIONES DE TRANSITO (CELULAR, PANTALLAS DE VIDEO, COMIDA, MAQUILLAJE O CUALQUIER OTRO ELEMENTO DISTRACTOR).",CHOQUE LATERAL,FURGONETA,1,0,0,0,0,0,0,1,0,0,0,0,0,2,69,MUJER,LESIONADO,PASAJERO,NO,NO,1
21959,79254,79255,2020,3,0,-0.217041,-78.398581,PICHINCHA,QUITO,TUMBACO,RURAL,2020-01-02,08:15:00,8,JUEVES,4,ENERO,1,NO,"NO RESPETAR LAS SENIALES REGLAMENTARIAS DE TRANSITO. (PARE, CEDA EL PASO, LUZ ROJA DEL SEMAFORO, ETC).",CHOQUE LATERAL,AUTOMOVIL,2,0,0,0,0,0,0,0,0,0,0,0,0,2,33,MUJER,LESIONADO,CONDUCTOR PRESENTE,NO,NO,3
21960,79256,79257,2020,0,0,-0.220532,-78.440571,PICHINCHA,QUITO,CUMBAYA,RURAL,2020-01-02,10:43:00,10,JUEVES,4,ENERO,1,NO,CONDUCIR VEHICULO SUPERANDO LOS LIMITES MAXIMOS DE VELOCIDAD.,ESTRELLAMIENTOS,AUTOMOVIL,2,0,0,0,0,0,0,0,0,0,0,0,0,2,34,HOMBRE,ILESO,CONDUCTOR PRESENTE,NO,NO,3
21961,79257,79258,2020,0,0,-0.101633,-78.491268,PICHINCHA,QUITO,QUITO,URBANA,2020-01-02,10:47:00,10,JUEVES,4,ENERO,1,NO,NO GUARDAR LA DISTANCIA LATERAL MINIMA DE SEGURIDAD ENTRE VEHICULOS.,ROZAMIENTOS,FURGONETA,1,0,0,0,0,0,0,1,0,0,0,0,0,2,44,HOMBRE,ILESO,CONDUCTOR PRESENTE,NO,NO,1
21962,79258,79259,2020,0,0,-0.289478,-78.538451,PICHINCHA,QUITO,QUITO,URBANA,2020-01-02,11:50:00,11,JUEVES,4,ENERO,1,NO,NO MANTENER LA DISTANCIA PRUDENCIAL CON RESPECTO AL VEHICULO QUE LE ANTECEDE.,CHOQUE POSTERIOR,AUTOMOVIL,2,0,0,0,0,0,0,0,0,0,0,0,0,2,27,HOMBRE,ILESO,CONDUCTOR PRESENTE,NO,NO,1
21963,79259,79260,2020,3,1,-0.197826,-78.466486,PICHINCHA,QUITO,QUITO,RURAL,2020-01-02,12:10:00,12,JUEVES,4,ENERO,1,NO,"CASO FORTUITO O FUERZA MAYOR (EXPLOSION DE NEUMATICO NUEVO, DERRUMBE, INUNDACION, CAIDA DE PUENTE, ARBOL, PRESENCIA INTEMPESTIVA E IMPREVISTA DE SEMOVIENTES EN LA VIA, ETC.).",ATROPELLOS,AUTOMOVIL,1,0,0,0,0,0,0,0,0,0,0,0,0,1,60,MUJER,FALLECIDO,PASAJERO,NO,NO,3
21964,79272,79273,2020,0,0,-0.195946,-78.495073,PICHINCHA,QUITO,QUITO,URBANA,2020-01-02,16:54:00,16,JUEVES,4,ENERO,1,NO,CONDUCIR VEHICULO SUPERANDO LOS LIMITES MAXIMOS DE VELOCIDAD.,CHOQUE LATERAL,AUTOMOVIL,2,0,0,0,0,0,0,0,0,0,0,0,0,2,47,HOMBRE,ILESO,CONDUCTOR PRESENTE,NO,NO,1
21965,79276,79277,2020,0,0,-0.119364,-78.471373,PICHINCHA,QUITO,QUITO,URBANA,2020-01-02,17:35:00,17,JUEVES,4,ENERO,1,NO,"CONDUCIR DESATENTO A LAS CONDICIONES DE TRANSITO (CELULAR, PANTALLAS DE VIDEO, COMIDA, MAQUILLAJE O CUALQUIER OTRO ELEMENTO DISTRACTOR).",CHOQUE LATERAL,BUS,1,0,1,0,0,0,0,0,0,0,0,0,0,2,51,HOMBRE,ILESO,CONDUCTOR PRESENTE,NO,NO,1
21966,79284,79285,2020,1,0,-0.230768,-78.511144,PICHINCHA,QUITO,QUITO,URBANA,2020-01-02,21:25:00,21,JUEVES,4,ENERO,1,NO,CONDUCIR EN SENTIDO CONTRARIO A LA VIA NORMAL DE CIRCULACION.,CHOQUE FRONTAL,BUS,1,0,1,0,0,0,0,0,0,0,0,0,0,2,33,HOMBRE,LESIONADO,PASAJERO,NO,NO,1
21967,79287,79288,2020,0,0,-0.221196,-78.508725,PICHINCHA,QUITO,QUITO,URBANA,2020-01-02,23:30:00,23,JUEVES,4,ENERO,1,NO,"CASO FORTUITO O FUERZA MAYOR (EXPLOSION DE NEUMATICO NUEVO, DERRUMBE, INUNDACION, CAIDA DE PUENTE, ARBOL, PRESENCIA INTEMPESTIVA E IMPREVISTA DE SEMOVIENTES EN LA VIA, ETC.).",PERDIDA DE CARRIL,BUS,0,0,1,0,0,0,0,0,0,0,0,0,0,1,53,HOMBRE,ILESO,CONDUCTOR PRESENTE,NO,NO,1
21968,79295,79296,2020,0,0,-0.264001,-78.487774,PICHINCHA,QUITO,CONOCOTO,RURAL,2020-01-03,06:45:00,6,VIERNES,5,ENERO,1,NO,"NO RESPETAR LAS SENIALES REGLAMENTARIAS DE TRANSITO. (PARE, CEDA EL PASO, LUZ ROJA DEL SEMAFORO, ETC).",CHOQUE LATERAL,AUTOMOVIL,1,0,0,0,1,0,0,0,0,0,0,0,0,2,35,MUJER,ILESO,CONDUCTOR PRESENTE,NO,NO,3