,Unnamed: 0,ID,ANIO,LESIONADOS,FALLECIDOS,LATITUD_Y,LONGITUD_X,PROVINCIA,CANTON,PARROQUIA,ZONA,FECHA,HORA,PERIODO_2,DIA_1,DIA_2,MES_1,MES_2,FERIADO,CAUSA_PROBABLE,TIPO_DE_SINIESTRO,TIPO_DE_VEHICULO_1,AUTOMOVIL,BICICLETA,BUS,CAMION,CAMIONETA,EMERGENCIAS,ESPECIAL,FURGONETA,MOTOCICLETA,NO_IDENTIFICADO,SCOOTER_ELECTRICO,TRICIMOTO,VEHICULO_DEPORTIVO_UTILITARIO,SUMA_DE_VEHICULOS,EDAD_1,SEXO_1,CONDICION_1,PARTICIPANTE_1,CASCO_1,CINTURON_1,KMeans_Cluster
21969,79300,79301,2020,0,0,-0.267578,-78.468785,PICHINCHA,QUITO,CONOCOTO,RURAL,2020-01-03,09:00:00,9,VIERNES,5,ENERO,1,NO,"NO RESPETAR LAS SENIALES REGLAMENTARIAS DE TRANSITO. (PARE, CEDA EL PASO, LUZ ROJA DEL SEMAFORO, ETC).",ESTRELLAMIENTOS,CAMIONETA,0,0,0,0,1,0,0,0,0,0,0,0,0,1,-1,NO IDENTIFICADO,NO IDENTIFICADO,CONDUCTOR AUSENTE,NO,NO,2
21970,79301,79302,2020,1,0,-0.185691,-78.482505,PICHINCHA,QUITO,QUITO,URBANA,2020-01-03,09:20:00,9,VIERNES,5,ENERO,1,NO,PEATON QUE CRUZA LA CALZADA SIN RESPETAR LA SENIALIZACION EXISTENTE (SEMAFOROS O SENIALES MANUALES).,ARROLLAMIENTOS,FURGONETA,0,0,0,0,0,0,0,1,0,0,0,0,0,1,34,HOMBRE,LESIONADO,PASAJERO,NO,NO,0
21971,79310,79311,2020,0,0,-0.163073,-78.462599,PICHINCHA,QUITO,QUITO,URBANA,2020-01-03,13:15:00,13,VIERNES,5,ENERO,1,NO,"CASO FORTUITO O FUERZA MAYOR (EXPLOSION DE NEUMATICO NUEVO, DERRUMBE, INUNDACION, CAIDA DE PUENTE, ARBOL, PRESENCIA INTEMPESTIVA E IMPREVISTA DE SEMOVIENTES EN LA VIA, ETC.).",ATROPELLOS,CAMION,1,0,0,1,0,0,0,0,0,0,0,0,0,2,45,HOMBRE,ILESO,PASAJERO,NO,NO,1
21972,79313,79314,2020,0,0,-0.090925,-78.476083,PICHINCHA,QUITO,QUITO,URBANA,2020-01-03,14:00:00,14,VIERNES,5,ENERO,1,NO,NO MANTENER LA DISTANCIA PRUDENCIAL CON RESPECTO AL VEHICULO QUE LE ANTECEDE.,CHOQUE POSTERIOR,AUTOMOVIL,2,0,0,0,0,0,0,0,0,0,0,0,0,2,38,HOMBRE,ILESO,CONDUCTOR PRESENTE,NO,NO,1
21973,79314,79315,2020,1,0,-0.292615,-78.448995,PICHINCHA,QUITO,ALANGASI,RURAL,2020-01-03,14:20:00,14,VIERNES,5,ENERO,1,NO,"CASO FORTUITO O FUERZA MAYOR (EXPLOSION DE NEUMATICO NUEVO, DERRUMBE, INUNDACION, CAIDA DE PUENTE, ARBOL, PRESENCIA INTEMPESTIVA E IMPREVISTA DE SEMOVIENTES EN LA VIA, ETC.).",CHOQUE LATERAL,MOTOCICLETA,0,0,0,0,1,0,0,0,1,0,0,0,0,2,24,HOMBRE,LESIONADO,CONDUCTOR PRESENTE,NO,NO,3
21974,79320,79321,2020,1,0,-0.251301,-78.511331,PICHINCHA,QUITO,QUITO,URBANA,2020-01-03,16:30:00,16,VIERNES,5,ENERO,1,NO,CONDUCIR VEHICULO SUPERANDO LOS LIMITES MAXIMOS DE VELOCIDAD.,PERDIDA DE CARRIL,NO IDENTIFICADO,0,0,0,0,0,0,0,0,0,1,0,0,0,1,22,HOMBRE,LESIONADO,PASAJERO,NO,NO,1
21975,79335,79336,2020,2,1,-0.089171,-78.521759,PICHINCHA,QUITO,QUITO,URBANA,2020-01-03,23:00:00,23,VIERNES,5,ENERO,1,NO,CONDUCIR VEHICULO SUPERANDO LOS LIMITES MAXIMOS DE VELOCIDAD.,ESTRELLAMIENTOS,MOTOCICLETA,0,0,0,0,0,0,0,0,1,0,0,0,0,1,31,HOMBRE,FALLECIDO,CONDUCTOR PRESENTE,NO,NO,1
21976,79336,79337,2020,1,0,-0.232254,-78.505317,PICHINCHA,QUITO,QUITO,URBANA,2020-01-03,23:45:00,23,VIERNES,5,ENERO,1,NO,"NO RESPETAR LAS SENIALES REGLAMENTARIAS DE TRANSITO. (PARE, CEDA EL PASO, LUZ ROJA DEL SEMAFORO, ETC).",ROZAMIENTOS,MOTOCICLETA,1,0,0,0,0,0,0,0,1,0,0,0,0,2,35,HOMBRE,LESIONADO,CONDUCTOR PRESENTE,NO,NO,1
21977,79339,79340,2020,1,4,-0.188822,-78.454252,PICHINCHA,QUITO,NAYON,RURAL,2020-01-04,04:00:00,4,SABADO,6,ENERO,1,NO,CONDUCIR VEHICULO SUPERANDO LOS LIMITES MAXIMOS DE VELOCIDAD.,CHOQUE FRONTAL,AUTOMOVIL,2,0,0,0,0,0,0,0,0,0,0,0,0,2,29,HOMBRE,FALLECIDO,PASAJERO,NO,NO,3
21978,79342,79343,2020,1,0,-0.096222,-78.467523,PICHINCHA,QUITO,QUITO,URBANA,2020-01-04,06:00:00,6,SABADO,6,ENERO,1,NO,CONDUCIR EN SENTIDO CONTRARIO A LA VIA NORMAL DE CIRCULACION.,CHOQUE POSTERIOR,CAMION,0,0,0,1,1,0,0,0,0,0,0,0,0,2,39,HOMBRE,LESIONADO,CONDUCTOR PRESENTE,NO,NO,1
21979,79351,79352,2020,0,0,-0.121124,-78.496869,PICHINCHA,QUITO,QUITO,URBANA,2020-01-04,08:20:00,8,SABADO,6,ENERO,1,NO,REALIZAR CAMBIO BRUSCO O INDEBIDO DE CARRIL.,CHOQUE LATERAL,CAMIONETA,1,0,0,0,1,0,0,0,0,0,0,0,0,2,32,HOMBRE,ILESO,CONDUCTOR PRESENTE,NO,NO,1
21980,79359,79360,2020,0,0,-0.307973,-78.545151,PICHINCHA,QUITO,QUITO,URBANA,2020-01-04,11:30:00,11,SABADO,6,ENERO,1,NO,CONDUCIR VEHICULO SUPERANDO LOS LIMITES MAXIMOS DE VELOCIDAD.,CHOQUE LATERAL,MOTOCICLETA,1,0,0,0,0,0,0,0,1,0,0,0,0,2,22,HOMBRE,ILESO,CONDUCTOR PRESENTE,NO,NO,1
21981,79374,79375,2020,0,0,-0.178637,-78.486021,PICHINCHA,QUITO,QUITO,URBANA,2020-01-04,16:00:00,16,SABADO,6,ENERO,1,NO,NO MANTENER LA DISTANCIA PRUDENCIAL CON RESPECTO AL VEHICULO QUE LE ANTECEDE.,CHOQUE POSTERIOR,CAMIONETA,0,0,1,0,1,0,0,0,0,0,0,0,0,2,25,HOMBRE,ILESO,CONDUCTOR PRESENTE,NO,NO,1
21982,79378,79379,2020,0,0,-0.227553,-78.485693,PICHINCHA,QUITO,QUITO,URBANA,2020-01-04,17:45:00,17,SABADO,6,ENERO,1,NO,"CONDUCE BAJO LA INFLUENCIA DE ALCOHOL, SUSTANCIAS ESTUPEFACIENTES O PSICOTROPICAS Y/O MEDICAMENTOS.",ESTRELLAMIENTOS,AUTOMOVIL,1,0,0,0,0,0,0,0,1,0,0,0,0,2,32,HOMBRE,ILESO,CONDUCTOR PRESENTE,NO,NO,1
21983,79379,79380,2020,0,0,-0.129332,-78.494021,PICHINCHA,QUITO,QUITO,URBANA,2020-01-04,18:30:00,18,SABADO,6,ENERO,1,NO,CONDUCIR EN SENTIDO CONTRARIO A LA VIA NORMAL DE CIRCULACION.,ESTRELLAMIENTOS,AUTOMOVIL,2,0,0,0,0,0,0,0,1,0,0,0,0,3,31,HOMBRE,ILESO,CONDUCTOR PRESENTE,NO,NO,1
21984,79383,79384,2020,2,0,-0.208326,-78.520929,PICHINCHA,QUITO,QUITO,URBANA,2020-01-04,19:30:00,19,SABADO,6,ENERO,1,NO,NO CEDER EL DERECHO DE VIA O PREFERENCIA DE PASO A VEHICULOS.,CHOQUE FRONTAL,AUTOMOVIL,1,0,0,0,0,0,0,0,1,0,0,0,0,2,22,HOMBRE,LESIONADO,CONDUCTOR PRESENTE,NO,NO,1
21985,79390,79391,2020,0,0,-0.307557,-78.534893,PICHINCHA,QUITO,QUITO,URBANA,2020-01-04,20:45:00,20,SABADO,6,ENERO,1,NO,CONDUCIR VEHICULO SUPERANDO LOS LIMITES MAXIMOS DE VELOCIDAD.,ESTRELLAMIENTOS,AUTOMOVIL,1,0,0,0,0,0,0,0,0,0,0,0,0,1,-1,NO IDENTIFICADO,NO IDENTIFICADO,CONDUCTOR AUSENTE,NO,NO,2
21986,79403,79404,2020,0,1,-0.105373,-78.462381,PICHINCHA,QUITO,QUITO,RURAL,2020-01-05,00:45:00,0,DOMINGO,7,ENERO,1,NO,NO TRANSITAR POR LAS ACERAS O ZONAS DE SEGURIDAD DESTINADAS PARA EL EFECTO.,ATROPELLOS,NO IDENTIFICADO,0,0,0,0,0,0,0,0,0,1,0,0,0,1,-1,HOMBRE,FALLECIDO,PEATON,NO,NO,3
21987,79404,79405,2020,0,0,-0.118095,-78.365346,PICHINCHA,QUITO,TABABELA,RURAL,2020-01-05,01:40:00,1,DOMINGO,7,ENERO,1,NO,"CONDICIONES AMBIENTALES Y/O ATMOSFERICAS (NIEBLA, NEBLINA, GRANIZO, LLUVIA).",CHOQUE POSTERIOR,AUTOMOVIL,2,0,0,0,0,0,0,0,0,0,0,0,0,2,46,HOMBRE,ILESO,CONDUCTOR PRESENTE,NO,NO,3
21988,79412,79413,2020,0,0,-0.187942,-78.493219,PICHINCHA,QUITO,QUITO,URBANA,2020-01-05,07:10:00,7,DOMINGO,7,ENERO,1,NO,"NO RESPETAR LAS SENIALES REGLAMENTARIAS DE TRANSITO. (PARE, CEDA EL PASO, LUZ ROJA DEL SEMAFORO, ETC).",CHOQUE LATERAL,AUTOMOVIL,2,0,0,0,0,0,0,0,0,0,0,0,0,2,44,HOMBRE,ILESO,CONDUCTOR PRESENTE,NO,NO,1
21989,79418,79419,2020,0,0,-0.234722,-78.495747,PICHINCHA,QUITO,QUITO,URBANA,2020-01-05,10:35:00,10,DOMINGO,7,ENERO,1,NO,"NO RESPETAR LAS SENIALES REGLAMENTARIAS DE TRANSITO. (PARE, CEDA EL PASO, LUZ ROJA DEL SEMAFORO, ETC).",CHOQUE LATERAL,AUTOMOVIL,2,0,0,0,0,0,0,0,0,0,0,0,0,2,54,HOMBRE,ILESO,CONDUCTOR PRESENTE,NO,NO,1
21990,79431,79432,2020,0,0,-0.164258,-78.483489,PICHINCHA,QUITO,QUITO,URBANA,2020-01-05,15:00:00,15,DOMINGO,7,ENERO,1,NO,CONDUCIR VEHICULO SUPERANDO LOS LIMITES MAXIMOS DE VELOCIDAD.,CHOQUE LATERAL,AUTOMOVIL,2,0,0,0,0,0,0,0,0,0,0,0,0,2,44,HOMBRE,ILESO,CONDUCTOR PRESENTE,NO,NO,1
21991,79441,79442,2020,0,0,-0.280272,-78.523684,PICHINCHA,QUITO,QUITO,URBANA,2020-01-05,20:10:00,20,DOMINGO,7,ENERO,1,NO,"CONDUCE BAJO LA INFLUENCIA DE ALCOHOL, SUSTANCIAS ESTUPEFACIENTES O PSICOTROPICAS Y/O MEDICAMENTOS.",ESTRELLAMIENTOS,AUTOMOVIL,2,0,0,0,0,0,0,0,0,0,0,0,0,2,40,HOMBRE,ILESO,CONDUCTOR PRESENTE,NO,NO,1
21992,79447,79448,2020,0,0,-0.162164,-78.491154,PICHINCHA,QUITO,QUITO,URBANA,2020-01-05,21:20:00,21,DOMINGO,7,ENERO,1,NO,"NO RESPETAR LAS SENIALES REGLAMENTARIAS DE TRANSITO. (PARE, CEDA EL PASO, LUZ ROJA DEL SEMAFORO, ETC).",CHOQUE LATERAL,AUTOMOVIL,1,0,0,0,0,0,0,0,0,1,0,0,0,2,27,HOMBRE,ILESO,CONDUCTOR PRESENTE,NO,NO,1
21993,79451,79452,2020,1,0,-0.198054,-78.496075,PICHINCHA,QUITO,QUITO,URBANA,2020-01-05,22:40:00,22,DOMINGO,7,ENERO,1,NO,"NO RESPETAR LAS SENIALES REGLAMENTARIAS DE TRANSITO. (PARE, CEDA EL PASO, LUZ ROJA DEL SEMAFORO, ETC).",CHOQUE LATERAL,MOTOCICLETA,1,0,0,0,0,0,0,0,1,0,0,0,0,2,19,HOMBRE,LESIONADO,CONDUCTOR PRESENTE,NO,NO,1
21994,79452,79453,2020,2,0,-0.197846,-78.466476,PICHINCHA,QUITO,QUITO,RURAL,2020-01-05,22:40:00,22,DOMINGO,7,ENERO,1,NO,"CONDUCIR DESATENTO A LAS CONDICIONES DE TRANSITO (CELULAR, PANTALLAS DE VIDEO, COMIDA, MAQUILLAJE O CUALQUIER OTRO ELEMENTO DISTRACTOR).",CHOQUE FRONTAL,FURGONETA,0,0,0,0,1,0,0,1,0,1,0,0,0,3,60,HOMBRE,LESIONADO,CONDUCTOR PRESENTE,NO,NO,3
21995,79459,79460,2020,2,0,-0.302549,-78.553718,PICHINCHA,QUITO,QUITO,URBANA,2020-01-06,06:15:00,6,LUNES,1,ENERO,1,NO,PEATON QUE CRUZA LA CALZADA SIN RESPETAR LA SENIALIZACION EXISTENTE (SEMAFOROS O SENIALES MANUALES).,ATROPELLOS,NO IDENTIFICADO,0,0,0,0,0,0,0,0,0,1,0,0,0,1,43,HOMBRE,LESIONADO,PEATON,NO,NO,0
21996,79464,79465,2020,1,0,-0.240895,-78.531778,PICHINCHA,QUITO,QUITO,URBANA,2020-01-06,07:30:00,7,LUNES,1,ENERO,1,NO,"NO RESPETAR LAS SENIALES REGLAMENTARIAS DE TRANSITO. (PARE, CEDA EL PASO, LUZ ROJA DEL SEMAFORO, ETC).",CHOQUE LATERAL,AUTOMOVIL,1,0,0,0,0,0,0,0,1,0,0,0,0,2,34,HOMBRE,LESIONADO,CONDUCTOR PRESENTE,NO,NO,1
21997,79465,79466,2020,0,0,-0.209485,-78.424994,PICHINCHA,QUITO,CUMBAYA,RURAL,2020-01-06,07:30:00,7,LUNES,1,ENERO,1,NO,"CONDICIONES AMBIENTALES Y/O ATMOSFERICAS (NIEBLA, NEBLINA, GRANIZO, LLUVIA).",ATROPELLOS,AUTOMOVIL,2,0,1,0,0,0,0,0,0,0,0,0,0,3,36,HOMBRE,ILESO,CONDUCTOR PRESENTE,NO,NO,3
21998,79468,79469,2020,3,0,-0.188418,-78.447371,PICHINCHA,QUITO,NAYON,RURAL,2020-01-06,09:10:00,9,LUNES,1,ENERO,1,NO,"CONDICIONES AMBIENTALES Y/O ATMOSFERICAS (NIEBLA, NEBLINA, GRANIZO, LLUVIA).",CHOQUE LATERAL,AUTOMOVIL,2,0,0,0,0,0,0,0,0,0,0,0,0,2,38,HOMBRE,LESIONADO,PASAJERO,NO,NO,3
21999,79469,79470,2020,2,0,-0.258774,-78.525495,PICHINCHA,QUITO,QUITO,URBANA,2020-01-06,09:15:00,9,LUNES,1,ENERO,1,NO,MALAS CONDICIONES DE LA VIA Y/O CONFIGURACION. (ILUMINACION Y DISENIO).,CAIDA DE PASAJERO,BUS,0,0,1,0,0,0,0,0,0,0,0,0,0,1,63,MUJER,LESIONADO,PASAJERO,NO,NO,0
22000,79471,79472,2020,2,0,-0.188793,-78.480271,PICHINCHA,QUITO,QUITO,URBANA,2020-01-06,09:30:00,9,LUNES,1,ENERO,1,NO,"NO RESPETAR LAS SENIALES REGLAMENTARIAS DE TRANSITO. (PARE, CEDA EL PASO, LUZ ROJA DEL SEMAFORO, ETC).",ATROPELLOS,AUTOMOVIL,1,0,0,0,0,0,0,0,0,0,0,0,0,1,39,MUJER,LESIONADO,CONDUCTOR PRESENTE,NO,NO,1
22001,79474,79475,2020,1,0,-0.100642,-78.472207,PICHINCHA,QUITO,QUITO,URBANA,2020-01-06,11:58:00,11,LUNES,1,ENERO,1,NO,NO GUARDAR LA DISTANCIA LATERAL MINIMA DE SEGURIDAD ENTRE VEHICULOS.,ROZAMIENTOS,MOTOCICLETA,0,0,0,0,1,0,0,0,1,0,0,0,0,2,48,HOMBRE,LESIONADO,CONDUCTOR PRESENTE,NO,NO,0
22002,79479,79480,2020,0,0,-0.099093,-78.421844,PICHINCHA,QUITO,CALDERON (CARAPUNGO),RURAL,2020-01-06,14:43:00,14,LUNES,1,ENERO,1,NO,"CONDUCE BAJO LA INFLUENCIA DE ALCOHOL, SUSTANCIAS ESTUPEFACIENTES O PSICOTROPICAS Y/O MEDICAMENTOS.",CHOQUE LATERAL,CAMION,1,0,0,1,0,0,0,0,0,0,0,0,0,2,54,HOMBRE,ILESO,CONDUCTOR PRESENTE,NO,NO,3
22003,79482,79483,2020,1,0,-0.268811,-78.533311,PICHINCHA,QUITO,QUITO,URBANA,2020-01-06,15:30:00,15,LUNES,1,ENERO,1,NO,"CONDUCIR DESATENTO A LAS CONDICIONES DE TRANSITO (CELULAR, PANTALLAS DE VIDEO, COMIDA, MAQUILLAJE O CUALQUIER OTRO ELEMENTO DISTRACTOR).",ROZAMIENTOS,BICICLETA,0,1,1,0,0,0,0,0,0,0,0,0,0,2,56,HOMBRE,LESIONADO,CONDUCTOR PRESENTE,NO,NO,1
22004,79489,79490,2020,0,0,-0.248511,-78.515928,PICHINCHA,QUITO,QUITO,URBANA,2020-01-06,18:50:00,18,LUNES,1,ENERO,1,NO,"CONDUCE BAJO LA INFLUENCIA DE ALCOHOL, SUSTANCIAS ESTUPEFACIENTES O PSICOTROPICAS Y/O MEDICAMENTOS.",COLISION,AUTOMOVIL,2,0,0,0,1,0,0,0,0,0,0,0,0,3,41,HOMBRE,ILESO,CONDUCTOR PRESENTE,NO,NO,1
22005,79500,79501,2020,2,0,-0.033758,-78.453812,PICHINCHA,QUITO,POMASQUI,RURAL,2020-01-07,06:00:00,6,MARTES,2,ENERO,1,NO,"CONDUCE BAJO LA INFLUENCIA DE ALCOHOL, SUSTANCIAS ESTUPEFACIENTES O PSICOTROPICAS Y/O MEDICAMENTOS.",VOLCAMIENTOS,CAMION,0,0,0,1,0,0,0,0,0,0,0,0,0,1,38,HOMBRE,LESIONADO,CONDUCTOR PRESENTE,NO,SI,3
22006,79503,79504,2020,0,0,-0.282963,-78.540671,PICHINCHA,QUITO,QUITO,URBANA,2020-01-07,06:39:00,6,MARTES,2,ENERO,1,NO,"NO RESPETAR LAS SENIALES REGLAMENTARIAS DE TRANSITO. (PARE, CEDA EL PASO, LUZ ROJA DEL SEMAFORO, ETC).",CHOQUE LATERAL,AUTOMOVIL,2,0,0,0,0,0,0,0,0,0,0,0,0,2,39,HOMBRE,ILESO,CONDUCTOR PRESENTE,NO,NO,1
22007,79514,79515,2020,0,0,-0.215614,-78.404756,PICHINCHA,QUITO,TUMBACO,RURAL,2020-01-07,15:22:00,15,MARTES,2,ENERO,1,NO,NO MANTENER LA DISTANCIA PRUDENCIAL CON RESPECTO AL VEHICULO QUE LE ANTECEDE.,CHOQUE POSTERIOR,FURGONETA,0,0,0,0,0,0,0,1,1,0,0,0,0,2,24,HOMBRE,ILESO,CONDUCTOR PRESENTE,NO,NO,3
22008,79515,79516,2020,1,0,-0.270497,-78.551738,PICHINCHA,QUITO,QUITO,URBANA,2020-01-07,15:30:00,15,MARTES,2,ENERO,1,NO,CONDUCIR VEHICULO SUPERANDO LOS LIMITES MAXIMOS DE VELOCIDAD.,ATROPELLOS,NO IDENTIFICADO,0,0,0,0,0,0,0,0,0,1,0,0,0,1,36,HOMBRE,LESIONADO,PEATON,NO,NO,0
22009,79516,79517,2020,0,0,-0.306873,-78.531926,PICHINCHA,QUITO,QUITO,URBANA,2020-01-07,16:15:00,16,MARTES,2,ENERO,1,NO,"CASO FORTUITO O FUERZA MAYOR (EXPLOSION DE NEUMATICO NUEVO, DERRUMBE, INUNDACION, CAIDA DE PUENTE, ARBOL, PRESENCIA INTEMPESTIVA E IMPREVISTA DE SEMOVIENTES EN LA VIA, ETC.).",ESTRELLAMIENTOS,AUTOMOVIL,1,0,0,0,0,0,0,0,0,0,0,0,0,1,30,MUJER,ILESO,CONDUCTOR PRESENTE,NO,NO,1
22010,79526,79527,2020,1,0,-0.273707,-78.537261,PICHINCHA,QUITO,QUITO,URBANA,2020-01-07,22:10:00,22,MARTES,2,ENERO,1,NO,NO MANTENER LA DISTANCIA PRUDENCIAL CON RESPECTO AL VEHICULO QUE LE ANTECEDE.,CHOQUE POSTERIOR,MOTOCICLETA,0,0,0,0,0,0,0,0,1,1,0,0,0,2,18,HOMBRE,LESIONADO,CONDUCTOR PRESENTE,NO,NO,0
22011,79530,79531,2020,1,0,-0.021249,-78.265714,PICHINCHA,CAYAMBE,OTON,RURAL,2020-01-07,23:15:00,23,MARTES,2,ENERO,1,NO,"CONDUCIR DESATENTO A LAS CONDICIONES DE TRANSITO (CELULAR, PANTALLAS DE VIDEO, COMIDA, MAQUILLAJE O CUALQUIER OTRO ELEMENTO DISTRACTOR).",CHOQUE LATERAL,CAMION,0,0,0,2,0,0,0,0,0,0,0,0,0,2,28,HOMBRE,LESIONADO,PASAJERO,NO,NO,3
22012,79535,79536,2020,1,0,-0.094471,-78.481762,PICHINCHA,QUITO,QUITO,URBANA,2020-01-08,02:20:00,2,MIERCOLES,3,ENERO,1,NO,DANIOS MECANICOS PREVISIBLES.,PERDIDA DE CARRIL,MOTOCICLETA,0,0,0,0,0,0,0,0,1,0,0,0,0,1,24,HOMBRE,LESIONADO,PASAJERO,NO,NO,1
22013,79536,79537,2020,1,0,-0.121054,-78.480244,PICHINCHA,QUITO,QUITO,URBANA,2020-01-08,02:35:00,2,MIERCOLES,3,ENERO,1,NO,DANIOS MECANICOS PREVISIBLES.,PERDIDA DE CARRIL,MOTOCICLETA,0,0,0,0,0,0,0,0,1,0,0,0,0,1,29,HOMBRE,LESIONADO,CONDUCTOR PRESENTE,NO,NO,1
22014,79537,79538,2020,2,0,-0.224346,-78.396521,PICHINCHA,QUITO,TUMBACO,RURAL,2020-01-08,05:53:00,5,MIERCOLES,3,ENERO,1,NO,CONDUCIR VEHICULO SUPERANDO LOS LIMITES MAXIMOS DE VELOCIDAD.,ESTRELLAMIENTOS,CAMIONETA,0,0,0,0,1,0,0,0,0,0,0,0,0,1,20,HOMBRE,LESIONADO,PASAJERO,NO,NO,3
22015,79540,79541,2020,5,0,-0.245007,-78.498116,PICHINCHA,QUITO,QUITO,URBANA,2020-01-08,07:01:00,7,MIERCOLES,3,ENERO,1,NO,NO MANTENER LA DISTANCIA PRUDENCIAL CON RESPECTO AL VEHICULO QUE LE ANTECEDE.,COLISION,AUTOMOVIL,1,0,0,1,0,0,0,1,0,0,0,0,0,3,39,HOMBRE,LESIONADO,PASAJERO,NO,NO,1
22016,79543,79544,2020,1,0,-0.293005,-78.527031,PICHINCHA,QUITO,QUITO,URBANA,2020-01-08,07:10:00,7,MIERCOLES,3,ENERO,1,NO,REALIZAR CAMBIO BRUSCO O INDEBIDO DE CARRIL.,ESTRELLAMIENTOS,CAMIONETA,2,0,0,0,1,0,0,0,0,0,0,0,0,3,33,MUJER,LESIONADO,CONDUCTOR PRESENTE,NO,NO,0
22017,79546,79547,2020,2,0,-0.144814,-78.477508,PICHINCHA,QUITO,QUITO,URBANA,2020-01-08,08:00:00,8,MIERCOLES,3,ENERO,1,NO,CONDUCIR VEHICULO SUPERANDO LOS LIMITES MAXIMOS DE VELOCIDAD.,ATROPELLOS,AUTOMOVIL,4,0,0,0,0,0,0,0,0,0,0,0,0,4,67,HOMBRE,LESIONADO,PEATON,NO,NO,1
22018,79547,79548,2020,0,0,-0.279776,-78.472219,PICHINCHA,QUITO,CONOCOTO,RURAL,2020-01-08,08:05:00,8,MIERCOLES,3,ENERO,1,NO,"CASO FORTUITO O FUERZA MAYOR (EXPLOSION DE NEUMATICO NUEVO, DERRUMBE, INUNDACION, CAIDA DE PUENTE, ARBOL, PRESENCIA INTEMPESTIVA E IMPREVISTA DE SEMOVIENTES EN LA VIA, ETC.).",ESTRELLAMIENTOS,AUTOMOVIL,1,0,0,0,0,0,0,0,0,0,0,0,0,1,-1,NO IDENTIFICADO,NO IDENTIFICADO,CONDUCTOR AUSENTE,NO,NO,2
22019,79574,79575,2020,0,0,-0.072085,-78.424452,PICHINCHA,QUITO,CALDERON (CARAPUNGO),RURAL,2020-01-08,18:30:00,18,MIERCOLES,3,ENERO,1,NO,CONDUCIR EN SENTIDO CONTRARIO A LA VIA NORMAL DE CIRCULACION.,ATROPELLOS,CAMION,0,0,0,1,0,0,0,1,0,0,0,0,0,2,33,HOMBRE,ILESO,CONDUCTOR PRESENTE,NO,NO,3
22020,79577,79578,2020,1,0,-0.190158,-78.454191,PICHINCHA,QUITO,NAYON,URBANA,2020-01-08,20:30:00,20,MIERCOLES,3,ENERO,1,NO,"NO RESPETAR LAS SENIALES REGLAMENTARIAS DE TRANSITO. (PARE, CEDA EL PASO, LUZ ROJA DEL SEMAFORO, ETC).",ATROPELLOS,MOTOCICLETA,1,0,0,0,0,0,0,0,1,0,0,0,0,2,30,HOMBRE,LESIONADO,PEATON,NO,NO,0
22021,79579,79580,2020,0,1,-0.273131,-78.509429,PICHINCHA,QUITO,QUITO,URBANA,2020-01-08,22:39:00,22,MIERCOLES,3,ENERO,1,NO,CONDUCIR VEHICULO SUPERANDO LOS LIMITES MAXIMOS DE VELOCIDAD.,ATROPELLOS,NO IDENTIFICADO,0,0,0,0,0,0,0,0,0,1,0,0,0,1,40,HOMBRE,FALLECIDO,PEATON,NO,NO,1
22022,79582,79583,2020,1,0,-0.163073,-78.462509,PICHINCHA,QUITO,QUITO,URBANA,2020-01-08,23:30:00,23,MIERCOLES,3,ENERO,1,NO,"NO RESPETAR LAS SENIALES REGLAMENTARIAS DE TRANSITO. (PARE, CEDA EL PASO, LUZ ROJA DEL SEMAFORO, ETC).",ATROPELLOS,AUTOMOVIL,1,0,0,0,0,0,0,0,0,0,0,0,0,1,31,MUJER,LESIONADO,PEATON,NO,NO,1
22023,79583,79584,2020,0,0,-0.286559,-78.537428,PICHINCHA,QUITO,QUITO,URBANA,2020-01-09,00:20:00,0,JUEVES,4,ENERO,1,NO,"CONDUCE BAJO LA INFLUENCIA DE ALCOHOL, SUSTANCIAS ESTUPEFACIENTES O PSICOTROPICAS Y/O MEDICAMENTOS.",CHOQUE LATERAL,FURGONETA,0,0,0,0,1,0,0,1,0,0,0,0,0,2,43,HOMBRE,ILESO,CONDUCTOR PRESENTE,NO,NO,1
22024,79586,79587,2020,1,0,-0.162346,-78.485742,PICHINCHA,QUITO,QUITO,URBANA,2020-01-09,05:45:00,5,JUEVES,4,ENERO,1,NO,"NO RESPETAR LAS SENIALES REGLAMENTARIAS DE TRANSITO. (PARE, CEDA EL PASO, LUZ ROJA DEL SEMAFORO, ETC).",ATROPELLOS,MOTOCICLETA,0,0,0,0,0,0,0,0,1,1,0,0,0,2,33,HOMBRE,LESIONADO,CONDUCTOR PRESENTE,NO,NO,0
22025,79590,79591,2020,3,0,-0.299703,-78.547297,PICHINCHA,QUITO,QUITO,URBANA,2020-01-09,06:50:00,6,JUEVES,4,ENERO,1,NO,NO MANTENER LA DISTANCIA PRUDENCIAL CON RESPECTO AL VEHICULO QUE LE ANTECEDE.,CHOQUE POSTERIOR,FURGONETA,0,0,0,0,0,0,0,2,0,0,0,0,0,2,46,MUJER,LESIONADO,PASAJERO,NO,NO,0
22026,79591,79592,2020,0,0,-0.119364,-78.471363,PICHINCHA,QUITO,QUITO,URBANA,2020-01-09,07:00:00,7,JUEVES,4,ENERO,1,NO,CONDUCIR EN SENTIDO CONTRARIO A LA VIA NORMAL DE CIRCULACION.,CHOQUE LATERAL,AUTOMOVIL,1,0,0,1,0,0,0,0,0,0,0,0,0,2,37,HOMBRE,ILESO,CONDUCTOR PRESENTE,NO,NO,1