,Unnamed: 0,ID,ANIO,LESIONADOS,FALLECIDOS,LATITUD_Y,LONGITUD_X,PROVINCIA,CANTON,PARROQUIA,ZONA,FECHA,HORA,PERIODO_2,DIA_1,DIA_2,MES_1,MES_2,FERIADO,CAUSA_PROBABLE,TIPO_DE_SINIESTRO,TIPO_DE_VEHICULO_1,AUTOMOVIL,BICICLETA,BUS,CAMION,CAMIONETA,EMERGENCIAS,ESPECIAL,FURGONETA,MOTOCICLETA,NO_IDENTIFICADO,SCOOTER_ELECTRICO,TRICIMOTO,VEHICULO_DEPORTIVO_UTILITARIO,SUMA_DE_VEHICULOS,EDAD_1,SEXO_1,CONDICION_1,PARTICIPANTE_1,CASCO_1,CINTURON_1,KMeans_Cluster
22027,79594,79595,2020,0,0,-0.202179,-78.491576,PICHINCHA,QUITO,QUITO,URBANA,2020-01-09,07:45:00,7,JUEVES,4,ENERO,1,NO,"NO RESPETAR LAS SENIALES REGLAMENTARIAS DE TRANSITO. (PARE, CEDA EL PASO, LUZ ROJA DEL SEMAFORO, ETC).",CHOQUE LATERAL,AUTOMOVIL,2,0,0,0,0,0,0,0,0,0,0,0,0,2,31,HOMBRE,ILESO,CONDUCTOR PRESENTE,NO,NO,1
22028,79608,79609,2020,0,0,-0.208764,-78.506741,PICHINCHA,QUITO,QUITO,URBANA,2020-01-09,10:45:00,10,JUEVES,4,ENERO,1,NO,CONDUCIR EN SENTIDO CONTRARIO A LA VIA NORMAL DE CIRCULACION.,ROZAMIENTOS,AUTOMOVIL,1,0,0,1,0,0,0,0,0,0,0,0,0,2,33,HOMBRE,ILESO,CONDUCTOR PRESENTE,NO,NO,1
22029,79609,79610,2020,1,0,-0.188854,-78.482785,PICHINCHA,QUITO,QUITO,URBANA,2020-01-09,11:15:00,11,JUEVES,4,ENERO,1,NO,CONDUCIR VEHICULO SUPERANDO LOS LIMITES MAXIMOS DE VELOCIDAD.,CHOQUE POSTERIOR,MOTOCICLETA,0,0,0,0,1,0,0,0,1,0,0,0,0,2,34,HOMBRE,LESIONADO,CONDUCTOR PRESENTE,NO,NO,1
22030,79620,79621,2020,0,0,-0.209306,-78.384907,PICHINCHA,QUITO,TUMBACO,RURAL,2020-01-09,16:40:00,16,JUEVES,4,ENERO,1,NO,"NO RESPETAR LAS SENIALES REGLAMENTARIAS DE TRANSITO. (PARE, CEDA EL PASO, LUZ ROJA DEL SEMAFORO, ETC).",CHOQUE LATERAL,AUTOMOVIL,2,0,0,0,0,0,0,0,0,0,0,0,0,2,29,HOMBRE,ILESO,CONDUCTOR PRESENTE,NO,NO,3
22031,79622,79623,2020,1,0,-0.111715,-78.507641,PICHINCHA,QUITO,QUITO,URBANA,2020-01-09,17:15:00,17,JUEVES,4,ENERO,1,NO,CONDUCIR EN SENTIDO CONTRARIO A LA VIA NORMAL DE CIRCULACION.,CHOQUE FRONTAL,AUTOMOVIL,2,0,0,0,0,0,0,0,0,0,0,0,0,2,56,HOMBRE,LESIONADO,CONDUCTOR PRESENTE,NO,NO,1
22032,79627,79628,2020,2,0,-0.260041,-78.539328,PICHINCHA,QUITO,QUITO,URBANA,2020-01-09,18:15:00,18,JUEVES,4,ENERO,1,NO,REALIZAR CAMBIO BRUSCO O INDEBIDO DE CARRIL.,CHOQUE FRONTAL,MOTOCICLETA,1,0,0,0,0,0,0,0,1,0,0,0,0,2,26,MUJER,LESIONADO,PASAJERO,NO,NO,0
22033,79630,79631,2020,0,0,-0.299621,-78.524243,PICHINCHA,QUITO,QUITO,URBANA,2020-01-09,18:50:00,18,JUEVES,4,ENERO,1,NO,CONDUCIR VEHICULO SUPERANDO LOS LIMITES MAXIMOS DE VELOCIDAD.,PERDIDA DE CARRIL,MOTOCICLETA,0,0,0,0,0,0,0,0,1,0,0,0,0,1,-1,NO IDENTIFICADO,NO IDENTIFICADO,CONDUCTOR AUSENTE,NO,NO,2
22034,79634,79635,2020,1,0,-0.285252,-78.542566,PICHINCHA,QUITO,QUITO,URBANA,2020-01-09,20:10:00,20,JUEVES,4,ENERO,1,NO,NO TRANSITAR POR LAS ACERAS O ZONAS DE SEGURIDAD DESTINADAS PARA EL EFECTO.,ATROPELLOS,BUS,0,0,1,0,0,0,0,0,0,0,0,0,0,1,7,HOMBRE,LESIONADO,PEATON,NO,NO,1
22035,79635,79636,2020,1,0,-0.150419,-78.484182,PICHINCHA,QUITO,QUITO,URBANA,2020-01-09,21:05:00,21,JUEVES,4,ENERO,1,NO,"CASO FORTUITO O FUERZA MAYOR (EXPLOSION DE NEUMATICO NUEVO, DERRUMBE, INUNDACION, CAIDA DE PUENTE, ARBOL, PRESENCIA INTEMPESTIVA E IMPREVISTA DE SEMOVIENTES EN LA VIA, ETC.).",CHOQUE LATERAL,MOTOCICLETA,1,0,0,0,0,0,0,0,1,0,0,0,0,2,27,HOMBRE,LESIONADO,CONDUCTOR PRESENTE,NO,NO,1
22036,79636,79637,2020,1,0,-0.057699,-78.343898,PICHINCHA,QUITO,GUAYLLABAMBA,RURAL,2020-01-09,21:12:00,21,JUEVES,4,ENERO,1,NO,REALIZAR CAMBIO BRUSCO O INDEBIDO DE CARRIL.,CHOQUE LATERAL,MOTOCICLETA,1,0,0,0,0,0,0,0,1,0,0,0,0,2,21,HOMBRE,LESIONADO,CONDUCTOR PRESENTE,NO,NO,3
22037,79639,79640,2020,0,0,-0.110762,-78.482493,PICHINCHA,QUITO,QUITO,URBANA,2020-01-09,22:40:00,22,JUEVES,4,ENERO,1,NO,CONDUCIR VEHICULO SUPERANDO LOS LIMITES MAXIMOS DE VELOCIDAD.,ESTRELLAMIENTOS,AUTOMOVIL,2,0,0,0,0,0,0,0,0,0,0,0,0,2,51,HOMBRE,ILESO,CONDUCTOR PRESENTE,NO,NO,1
22038,79645,79646,2020,1,0,-0.170477,-78.489687,PICHINCHA,QUITO,QUITO,URBANA,2020-01-10,02:20:00,2,VIERNES,5,ENERO,1,NO,CONDUCIR VEHICULO SUPERANDO LOS LIMITES MAXIMOS DE VELOCIDAD.,ESTRELLAMIENTOS,MOTOCICLETA,0,0,0,0,0,0,0,0,1,0,0,0,0,1,23,HOMBRE,LESIONADO,PASAJERO,NO,NO,1
22039,79657,79658,2020,0,0,-0.219073,-78.512914,PICHINCHA,QUITO,QUITO,URBANA,2020-01-10,08:15:00,8,VIERNES,5,ENERO,1,NO,"CONDUCE BAJO LA INFLUENCIA DE ALCOHOL, SUSTANCIAS ESTUPEFACIENTES O PSICOTROPICAS Y/O MEDICAMENTOS.",CHOQUE LATERAL,AUTOMOVIL,2,0,0,0,0,0,0,0,0,0,0,0,0,2,58,HOMBRE,ILESO,CONDUCTOR PRESENTE,NO,NO,1
22040,79666,79667,2020,0,1,-0.318256,-78.557591,PICHINCHA,QUITO,QUITO,URBANA,2020-01-10,13:40:00,13,VIERNES,5,ENERO,1,NO,REALIZAR CAMBIO BRUSCO O INDEBIDO DE CARRIL.,ATROPELLOS,CAMIONETA,0,0,0,0,2,0,0,0,0,0,0,0,0,2,18,MUJER,FALLECIDO,PEATON,NO,NO,1
22041,79668,79669,2020,1,0,-0.123753,-78.502121,PICHINCHA,QUITO,QUITO,URBANA,2020-01-10,14:00:00,14,VIERNES,5,ENERO,1,NO,NO TRANSITAR POR LAS ACERAS O ZONAS DE SEGURIDAD DESTINADAS PARA EL EFECTO.,ATROPELLOS,AUTOMOVIL,1,0,0,0,0,0,0,0,0,0,0,0,0,1,34,MUJER,LESIONADO,PEATON,NO,NO,1
22042,79671,79672,2020,2,0,-0.063476,-78.458785,PICHINCHA,QUITO,POMASQUI,RURAL,2020-01-10,15:35:00,15,VIERNES,5,ENERO,1,NO,"NO RESPETAR LAS SENIALES REGLAMENTARIAS DE TRANSITO. (PARE, CEDA EL PASO, LUZ ROJA DEL SEMAFORO, ETC).",CHOQUE FRONTAL,AUTOMOVIL,2,0,0,0,0,0,0,0,0,0,0,0,0,2,30,HOMBRE,LESIONADO,CONDUCTOR PRESENTE,NO,NO,3
22043,79672,79673,2020,1,0,-0.259484,-78.539933,PICHINCHA,QUITO,QUITO,URBANA,2020-01-10,15:48:00,15,VIERNES,5,ENERO,1,NO,NO MANTENER LA DISTANCIA PRUDENCIAL CON RESPECTO AL VEHICULO QUE LE ANTECEDE.,CHOQUE POSTERIOR,FURGONETA,0,0,0,0,0,0,0,1,1,0,0,0,0,2,22,HOMBRE,LESIONADO,CONDUCTOR PRESENTE,NO,NO,1
22044,79686,79687,2020,0,0,-0.268811,-78.533311,PICHINCHA,QUITO,QUITO,URBANA,2020-01-10,21:50:00,21,VIERNES,5,ENERO,1,NO,"CONDUCE BAJO LA INFLUENCIA DE ALCOHOL, SUSTANCIAS ESTUPEFACIENTES O PSICOTROPICAS Y/O MEDICAMENTOS.",ESTRELLAMIENTOS,AUTOMOVIL,1,0,0,0,0,0,0,0,0,0,0,0,0,1,30,HOMBRE,ILESO,CONDUCTOR PRESENTE,NO,NO,1
22045,79688,79689,2020,0,0,-0.000921,-78.450998,PICHINCHA,QUITO,SAN ANTONIO (QUITO),RURAL,2020-01-10,22:50:00,22,VIERNES,5,ENERO,1,NO,"CONDUCE BAJO LA INFLUENCIA DE ALCOHOL, SUSTANCIAS ESTUPEFACIENTES O PSICOTROPICAS Y/O MEDICAMENTOS.",ROZAMIENTOS,AUTOMOVIL,2,0,0,0,0,0,0,0,0,0,0,0,0,2,37,MUJER,ILESO,PASAJERO,NO,NO,3
22046,79699,79700,2020,2,0,-0.092503,-78.434123,PICHINCHA,QUITO,CALDERON (CARAPUNGO),RURAL,2020-01-11,01:45:00,1,SABADO,6,ENERO,1,NO,CONDUCIR VEHICULO SUPERANDO LOS LIMITES MAXIMOS DE VELOCIDAD.,CHOQUE LATERAL,MOTOCICLETA,0,0,0,0,0,0,0,0,1,1,0,0,0,2,23,HOMBRE,LESIONADO,PASAJERO,NO,NO,3
22047,79700,79701,2020,1,0,-0.169297,-78.476251,PICHINCHA,QUITO,QUITO,URBANA,2020-01-11,02:00:00,2,SABADO,6,ENERO,1,NO,"ADELANTAR O REBASAR A OTRO VEHICULO EN MOVIMIENTO EN ZONAS O SITIOS PELIGROSOS TALES COMO: CURVAS, PUENTES, TUNELES, PENDIENTES, ETC.",CHOQUE LATERAL,AUTOMOVIL,1,0,0,0,1,0,0,0,0,0,0,0,0,2,30,HOMBRE,LESIONADO,CONDUCTOR PRESENTE,NO,NO,1
22048,79702,79703,2020,3,0,-0.206316,-78.499439,PICHINCHA,QUITO,QUITO,URBANA,2020-01-11,02:15:00,2,SABADO,6,ENERO,1,NO,"CONDUCE BAJO LA INFLUENCIA DE ALCOHOL, SUSTANCIAS ESTUPEFACIENTES O PSICOTROPICAS Y/O MEDICAMENTOS.",ESTRELLAMIENTOS,CAMION,1,0,0,1,0,0,0,0,0,0,0,0,0,2,38,HOMBRE,LESIONADO,PASAJERO,NO,NO,1
22049,79708,79709,2020,0,0,-0.200525,-78.497129,PICHINCHA,QUITO,QUITO,URBANA,2020-01-11,03:20:00,3,SABADO,6,ENERO,1,NO,"NO RESPETAR LAS SENIALES REGLAMENTARIAS DE TRANSITO. (PARE, CEDA EL PASO, LUZ ROJA DEL SEMAFORO, ETC).",CHOQUE LATERAL,AUTOMOVIL,2,0,0,0,0,0,0,0,0,0,0,0,0,2,27,HOMBRE,ILESO,CONDUCTOR PRESENTE,NO,NO,1
22050,79709,79710,2020,1,0,-0.284176,-78.519087,PICHINCHA,QUITO,QUITO,URBANA,2020-01-11,03:20:00,3,SABADO,6,ENERO,1,NO,CONDUCIR VEHICULO SUPERANDO LOS LIMITES MAXIMOS DE VELOCIDAD.,ESTRELLAMIENTOS,MOTOCICLETA,0,0,0,0,0,0,0,0,1,0,0,0,0,1,27,HOMBRE,LESIONADO,CONDUCTOR PRESENTE,NO,NO,1
22051,79718,79719,2020,1,0,-0.203931,-78.481092,PICHINCHA,QUITO,QUITO,URBANA,2020-01-11,05:35:00,5,SABADO,6,ENERO,1,NO,CONDUCIR VEHICULO SUPERANDO LOS LIMITES MAXIMOS DE VELOCIDAD.,ESTRELLAMIENTOS,AUTOMOVIL,1,0,0,0,0,0,0,0,0,0,0,0,0,1,23,HOMBRE,LESIONADO,PASAJERO,NO,NO,1
22052,79721,79722,2020,0,0,-0.264263,-78.550014,PICHINCHA,QUITO,QUITO,URBANA,2020-01-11,06:30:00,6,SABADO,6,ENERO,1,NO,NO MANTENER LA DISTANCIA PRUDENCIAL CON RESPECTO AL VEHICULO QUE LE ANTECEDE.,COLISION,AUTOMOVIL,2,0,0,0,0,0,0,0,0,1,0,0,0,3,30,HOMBRE,ILESO,CONDUCTOR PRESENTE,NO,NO,1
22053,79724,79725,2020,0,0,-0.269407,-78.547278,PICHINCHA,QUITO,QUITO,URBANA,2020-01-11,08:05:00,8,SABADO,6,ENERO,1,NO,"NO RESPETAR LAS SENIALES REGLAMENTARIAS DE TRANSITO. (PARE, CEDA EL PASO, LUZ ROJA DEL SEMAFORO, ETC).",CHOQUE LATERAL,AUTOMOVIL,2,0,0,0,0,0,0,0,0,0,0,0,0,2,36,HOMBRE,ILESO,CONDUCTOR PRESENTE,NO,NO,1
22054,79728,79729,2020,1,0,-0.214643,-78.516701,PICHINCHA,QUITO,QUITO,URBANA,2020-01-11,08:25:00,8,SABADO,6,ENERO,1,NO,NO GUARDAR LA DISTANCIA LATERAL MINIMA DE SEGURIDAD ENTRE VEHICULOS.,ROZAMIENTOS,AUTOMOVIL,2,0,0,0,0,0,0,0,0,0,0,0,0,2,37,HOMBRE,LESIONADO,CONDUCTOR PRESENTE,NO,NO,1
22055,79729,79730,2020,1,0,-0.274393,-78.548321,PICHINCHA,QUITO,QUITO,URBANA,2020-01-11,08:50:00,8,SABADO,6,ENERO,1,NO,CONDUCIR VEHICULO SUPERANDO LOS LIMITES MAXIMOS DE VELOCIDAD.,ATROPELLOS,NO IDENTIFICADO,0,0,0,0,0,0,0,0,0,1,0,0,0,1,4,HOMBRE,LESIONADO,PEATON,NO,NO,1
22056,79730,79731,2020,0,0,-0.111802,-78.502015,PICHINCHA,QUITO,QUITO,URBANA,2020-01-11,09:45:00,9,SABADO,6,ENERO,1,NO,CONDUCIR VEHICULO SUPERANDO LOS LIMITES MAXIMOS DE VELOCIDAD.,CHOQUE LATERAL,AUTOMOVIL,2,0,0,0,0,0,0,0,0,0,0,0,0,2,46,MUJER,ILESO,CONDUCTOR PRESENTE,NO,NO,1
22057,79733,79734,2020,1,0,-0.271571,-78.528871,PICHINCHA,QUITO,QUITO,URBANA,2020-01-11,10:40:00,10,SABADO,6,ENERO,1,NO,NO TRANSITAR POR LAS ACERAS O ZONAS DE SEGURIDAD DESTINADAS PARA EL EFECTO.,ATROPELLOS,BUS,0,0,1,0,0,0,0,0,0,0,0,0,0,1,22,MUJER,LESIONADO,PEATON,NO,NO,1
22058,79740,79741,2020,2,0,-0.140017,-78.501221,PICHINCHA,QUITO,QUITO,URBANA,2020-01-11,12:17:00,12,SABADO,6,ENERO,1,NO,NO MANTENER LA DISTANCIA PRUDENCIAL CON RESPECTO AL VEHICULO QUE LE ANTECEDE.,COLISION,CAMIONETA,2,0,0,0,1,0,0,0,0,0,0,0,0,3,62,MUJER,LESIONADO,CONDUCTOR PRESENTE,NO,NO,1
22059,79745,79746,2020,0,0,-0.126977,-78.494005,PICHINCHA,QUITO,QUITO,URBANA,2020-01-11,13:10:00,13,SABADO,6,ENERO,1,NO,CONDUCIR VEHICULO SUPERANDO LOS LIMITES MAXIMOS DE VELOCIDAD.,CHOQUE LATERAL,AUTOMOVIL,2,0,0,0,0,0,0,0,0,0,0,0,0,2,21,HOMBRE,ILESO,PASAJERO,NO,NO,1
22060,79753,79754,2020,1,0,-0.175725,-78.487568,PICHINCHA,QUITO,QUITO,URBANA,2020-01-11,15:50:00,15,SABADO,6,ENERO,1,NO,"NO RESPETAR LAS SENIALES REGLAMENTARIAS DE TRANSITO. (PARE, CEDA EL PASO, LUZ ROJA DEL SEMAFORO, ETC).",CHOQUE LATERAL,MOTOCICLETA,1,0,0,0,0,0,0,0,1,0,0,0,0,2,52,MUJER,LESIONADO,PASAJERO,NO,NO,1
22061,79760,79761,2020,1,0,-0.247001,-78.522134,PICHINCHA,QUITO,QUITO,URBANA,2020-01-11,18:30:00,18,SABADO,6,ENERO,1,NO,CONDUCIR VEHICULO SUPERANDO LOS LIMITES MAXIMOS DE VELOCIDAD.,CAIDA DE PASAJERO,NO IDENTIFICADO,0,0,0,0,0,0,0,0,0,1,0,0,0,1,94,HOMBRE,LESIONADO,PASAJERO,NO,NO,1
22062,79762,79763,2020,1,0,-0.191684,-78.493446,PICHINCHA,QUITO,QUITO,URBANA,2020-01-11,19:20:00,19,SABADO,6,ENERO,1,NO,PEATON QUE CRUZA LA CALZADA SIN RESPETAR LA SENIALIZACION EXISTENTE (SEMAFOROS O SENIALES MANUALES).,ATROPELLOS,BUS,0,0,1,0,0,0,0,0,0,0,0,0,0,1,40,HOMBRE,LESIONADO,PEATON,NO,NO,1
22063,79780,79781,2020,0,0,-0.091093,-78.431567,PICHINCHA,QUITO,CALDERON (CARAPUNGO),RURAL,2020-01-11,21:45:00,21,SABADO,6,ENERO,1,NO,"CONDUCE BAJO LA INFLUENCIA DE ALCOHOL, SUSTANCIAS ESTUPEFACIENTES O PSICOTROPICAS Y/O MEDICAMENTOS.",CHOQUE LATERAL,AUTOMOVIL,2,0,0,0,0,0,0,0,0,0,0,0,0,2,19,HOMBRE,ILESO,CONDUCTOR PRESENTE,NO,NO,3
22064,79785,79786,2020,0,0,-0.203357,-78.480396,PICHINCHA,QUITO,QUITO,URBANA,2020-01-11,23:20:00,23,SABADO,6,ENERO,1,NO,"CONDUCE BAJO LA INFLUENCIA DE ALCOHOL, SUSTANCIAS ESTUPEFACIENTES O PSICOTROPICAS Y/O MEDICAMENTOS.",CHOQUE LATERAL,AUTOMOVIL,3,0,0,0,0,0,0,0,0,0,0,0,0,3,35,MUJER,ILESO,CONDUCTOR PRESENTE,NO,NO,1
22065,79786,79787,2020,1,0,-0.057825,-78.343649,PICHINCHA,QUITO,GUAYLLABAMBA,RURAL,2020-01-11,23:35:00,23,SABADO,6,ENERO,1,NO,"CONDUCE BAJO LA INFLUENCIA DE ALCOHOL, SUSTANCIAS ESTUPEFACIENTES O PSICOTROPICAS Y/O MEDICAMENTOS.",ARROLLAMIENTOS,AUTOMOVIL,1,0,0,0,0,0,0,0,0,0,0,0,0,1,10,MUJER,LESIONADO,PEATON,NO,NO,3
22066,79794,79795,2020,2,0,-0.000161,-78.515698,PICHINCHA,QUITO,CALACALI,RURAL,2020-01-12,02:00:00,2,DOMINGO,7,ENERO,1,NO,CONDUCIR VEHICULO SUPERANDO LOS LIMITES MAXIMOS DE VELOCIDAD.,ARROLLAMIENTOS,AUTOMOVIL,1,0,0,0,0,0,0,0,0,0,0,0,0,1,23,MUJER,LESIONADO,PEATON,NO,NO,3
22067,79797,79798,2020,0,0,-0.293646,-78.539962,PICHINCHA,QUITO,QUITO,URBANA,2020-01-12,02:30:00,2,DOMINGO,7,ENERO,1,NO,CONDUCIR VEHICULO SUPERANDO LOS LIMITES MAXIMOS DE VELOCIDAD.,CHOQUE POSTERIOR,AUTOMOVIL,1,0,0,0,0,0,0,0,1,0,0,0,0,2,28,HOMBRE,ILESO,CONDUCTOR PRESENTE,NO,NO,1
22068,79798,79799,2020,1,0,-0.274321,-78.544261,PICHINCHA,QUITO,QUITO,URBANA,2020-01-12,02:40:00,2,DOMINGO,7,ENERO,1,NO,NO GUARDAR LA DISTANCIA LATERAL MINIMA DE SEGURIDAD ENTRE VEHICULOS.,ATROPELLOS,MOTOCICLETA,0,0,0,0,0,0,0,0,1,1,0,0,0,2,32,HOMBRE,LESIONADO,CONDUCTOR PRESENTE,NO,NO,1
22069,79799,79800,2020,0,2,-0.236249,-78.521309,PICHINCHA,QUITO,QUITO,URBANA,2020-01-12,02:45:00,2,DOMINGO,7,ENERO,1,NO,CONDUCIR VEHICULO SUPERANDO LOS LIMITES MAXIMOS DE VELOCIDAD.,ESTRELLAMIENTOS,MOTOCICLETA,0,0,0,0,0,0,0,0,1,0,0,0,0,1,-1,MUJER,FALLECIDO,PASAJERO,NO,NO,1
22070,79800,79801,2020,2,0,-0.260613,-78.546297,PICHINCHA,QUITO,QUITO,URBANA,2020-01-12,02:45:00,2,DOMINGO,7,ENERO,1,NO,"CONDUCE BAJO LA INFLUENCIA DE ALCOHOL, SUSTANCIAS ESTUPEFACIENTES O PSICOTROPICAS Y/O MEDICAMENTOS.",CHOQUE LATERAL,AUTOMOVIL,1,0,0,0,1,0,0,0,0,0,0,0,0,2,19,MUJER,LESIONADO,PASAJERO,NO,NO,2
22071,79802,79803,2020,5,0,-0.261047,-78.538624,PICHINCHA,QUITO,QUITO,URBANA,2020-01-12,03:05:00,3,DOMINGO,7,ENERO,1,NO,"CONDUCE BAJO LA INFLUENCIA DE ALCOHOL, SUSTANCIAS ESTUPEFACIENTES O PSICOTROPICAS Y/O MEDICAMENTOS.",CHOQUE FRONTAL,AUTOMOVIL,2,0,0,0,0,0,0,0,0,0,0,0,0,2,20,MUJER,LESIONADO,PASAJERO,NO,NO,2
22072,79806,79807,2020,0,1,-0.278531,-78.481267,PICHINCHA,QUITO,CONOCOTO,URBANA,2020-01-12,04:20:00,4,DOMINGO,7,ENERO,1,NO,"CONDUCIR DESATENTO A LAS CONDICIONES DE TRANSITO (CELULAR, PANTALLAS DE VIDEO, COMIDA, MAQUILLAJE O CUALQUIER OTRO ELEMENTO DISTRACTOR).",PERDIDA DE CARRIL,MOTOCICLETA,0,0,0,0,0,0,0,0,1,0,0,0,0,1,27,HOMBRE,FALLECIDO,CONDUCTOR PRESENTE,NO,SI,1
22073,79810,79811,2020,0,0,-0.279259,-78.552753,PICHINCHA,QUITO,QUITO,URBANA,2020-01-12,05:30:00,5,DOMINGO,7,ENERO,1,NO,MALAS CONDICIONES DE LA VIA Y/O CONFIGURACION. (ILUMINACION Y DISENIO).,ESTRELLAMIENTOS,CAMION,0,0,0,1,0,0,0,0,0,0,0,0,0,1,20,HOMBRE,ILESO,CONDUCTOR PRESENTE,NO,NO,1
22074,79811,79812,2020,0,0,-0.226771,-78.340131,PICHINCHA,QUITO,PIFO,RURAL,2020-01-12,05:35:00,5,DOMINGO,7,ENERO,1,NO,CONDUCIR VEHICULO SUPERANDO LOS LIMITES MAXIMOS DE VELOCIDAD.,ESTRELLAMIENTOS,CAMIONETA,0,0,0,0,1,0,0,0,0,0,0,0,0,1,-1,NO IDENTIFICADO,NO IDENTIFICADO,CONDUCTOR AUSENTE,NO,NO,2
22075,79813,79814,2020,0,0,-0.124089,-78.485731,PICHINCHA,QUITO,QUITO,URBANA,2020-01-12,07:55:00,7,DOMINGO,7,ENERO,1,NO,NO MANTENER LA DISTANCIA PRUDENCIAL CON RESPECTO AL VEHICULO QUE LE ANTECEDE.,CHOQUE POSTERIOR,AUTOMOVIL,2,0,0,0,0,0,0,0,0,0,0,0,0,2,67,MUJER,ILESO,CONDUCTOR PRESENTE,NO,NO,1
22076,79815,79816,2020,0,0,-0.091735,-78.438922,PICHINCHA,QUITO,CALDERON (CARAPUNGO),RURAL,2020-01-12,08:30:00,8,DOMINGO,7,ENERO,1,NO,"NO RESPETAR LAS SENIALES REGLAMENTARIAS DE TRANSITO. (PARE, CEDA EL PASO, LUZ ROJA DEL SEMAFORO, ETC).",CHOQUE POSTERIOR,AUTOMOVIL,2,0,0,0,0,0,0,0,0,0,0,0,0,2,44,HOMBRE,ILESO,CONDUCTOR PRESENTE,NO,NO,3
22077,79817,79818,2020,0,0,-0.195773,-78.505788,PICHINCHA,QUITO,QUITO,URBANA,2020-01-12,08:40:00,8,DOMINGO,7,ENERO,1,NO,"CONDUCE BAJO LA INFLUENCIA DE ALCOHOL, SUSTANCIAS ESTUPEFACIENTES O PSICOTROPICAS Y/O MEDICAMENTOS.",CHOQUE LATERAL,AUTOMOVIL,2,0,0,0,0,0,0,0,0,0,0,0,0,2,40,HOMBRE,ILESO,CONDUCTOR PRESENTE,NO,NO,1
22078,79818,79819,2020,0,0,-0.328139,-78.538128,PICHINCHA,QUITO,QUITO,URBANA,2020-01-12,09:05:00,9,DOMINGO,7,ENERO,1,NO,"NO RESPETAR LAS SENIALES REGLAMENTARIAS DE TRANSITO. (PARE, CEDA EL PASO, LUZ ROJA DEL SEMAFORO, ETC).",CHOQUE LATERAL,BUS,1,0,1,0,0,0,0,0,0,0,0,0,0,2,49,HOMBRE,ILESO,CONDUCTOR PRESENTE,NO,NO,1
22079,79819,79820,2020,0,0,-0.254987,-78.513828,PICHINCHA,QUITO,QUITO,URBANA,2020-01-12,09:25:00,9,DOMINGO,7,ENERO,1,NO,"NO RESPETAR LAS SENIALES REGLAMENTARIAS DE TRANSITO. (PARE, CEDA EL PASO, LUZ ROJA DEL SEMAFORO, ETC).",CHOQUE LATERAL,AUTOMOVIL,1,0,0,1,0,0,0,0,0,0,0,0,0,2,25,HOMBRE,ILESO,CONDUCTOR PRESENTE,NO,NO,1
22080,79825,79826,2020,1,0,-0.131572,-78.444136,PICHINCHA,QUITO,LLANO CHICO,RURAL,2020-01-12,11:15:00,11,DOMINGO,7,ENERO,1,NO,"CONDUCE BAJO LA INFLUENCIA DE ALCOHOL, SUSTANCIAS ESTUPEFACIENTES O PSICOTROPICAS Y/O MEDICAMENTOS.",CHOQUE FRONTAL,AUTOMOVIL,1,0,0,0,0,0,0,0,1,0,0,0,0,2,46,HOMBRE,LESIONADO,CONDUCTOR PRESENTE,NO,NO,3
22081,79828,79829,2020,1,0,-0.084203,-78.418921,PICHINCHA,QUITO,CALDERON (CARAPUNGO),RURAL,2020-01-12,11:50:00,11,DOMINGO,7,ENERO,1,NO,"NO RESPETAR LAS SENIALES REGLAMENTARIAS DE TRANSITO. (PARE, CEDA EL PASO, LUZ ROJA DEL SEMAFORO, ETC).",CHOQUE LATERAL,AUTOMOVIL,1,0,0,0,0,0,0,0,1,0,0,0,0,2,50,HOMBRE,LESIONADO,CONDUCTOR PRESENTE,NO,NO,3
22082,79830,79831,2020,0,1,-0.252991,-78.509633,PICHINCHA,QUITO,QUITO,URBANA,2020-01-12,12:20:00,12,DOMINGO,7,ENERO,1,NO,"NO RESPETAR LAS SENIALES REGLAMENTARIAS DE TRANSITO. (PARE, CEDA EL PASO, LUZ ROJA DEL SEMAFORO, ETC).",ARROLLAMIENTOS,BUS,0,0,1,0,0,0,0,0,0,0,0,0,0,1,11,MUJER,FALLECIDO,PEATON,NO,NO,1
22083,79831,79832,2020,2,0,-0.219905,-78.420521,PICHINCHA,QUITO,TUMBACO,RURAL,2020-01-12,12:20:00,12,DOMINGO,7,ENERO,1,NO,CONDUCIR VEHICULO SUPERANDO LOS LIMITES MAXIMOS DE VELOCIDAD.,CHOQUE LATERAL,AUTOMOVIL,1,0,0,0,0,0,0,0,1,0,0,0,0,2,35,MUJER,LESIONADO,PASAJERO,NO,NO,3
22084,79843,79844,2020,0,0,-0.254415,-78.522309,PICHINCHA,QUITO,QUITO,URBANA,2020-01-12,15:45:00,15,DOMINGO,7,ENERO,1,NO,"CONDUCE BAJO LA INFLUENCIA DE ALCOHOL, SUSTANCIAS ESTUPEFACIENTES O PSICOTROPICAS Y/O MEDICAMENTOS.",CHOQUE POSTERIOR,MOTOCICLETA,1,0,0,0,0,0,0,0,1,0,0,0,0,2,28,HOMBRE,ILESO,CONDUCTOR PRESENTE,NO,NO,1
22085,79844,79845,2020,0,0,-0.032428,-78.453673,PICHINCHA,QUITO,POMASQUI,RURAL,2020-01-12,16:00:00,16,DOMINGO,7,ENERO,1,NO,"CONDUCIR DESATENTO A LAS CONDICIONES DE TRANSITO (CELULAR, PANTALLAS DE VIDEO, COMIDA, MAQUILLAJE O CUALQUIER OTRO ELEMENTO DISTRACTOR).",CHOQUE LATERAL,MOTOCICLETA,1,0,0,0,0,0,0,0,1,0,0,0,0,2,77,MUJER,ILESO,CONDUCTOR PRESENTE,NO,SI,3