,Unnamed: 0,ID,ANIO,LESIONADOS,FALLECIDOS,LATITUD_Y,LONGITUD_X,PROVINCIA,CANTON,PARROQUIA,ZONA,FECHA,HORA,PERIODO_2,DIA_1,DIA_2,MES_1,MES_2,FERIADO,CAUSA_PROBABLE,TIPO_DE_SINIESTRO,TIPO_DE_VEHICULO_1,AUTOMOVIL,BICICLETA,BUS,CAMION,CAMIONETA,EMERGENCIAS,ESPECIAL,FURGONETA,MOTOCICLETA,NO_IDENTIFICADO,SCOOTER_ELECTRICO,TRICIMOTO,VEHICULO_DEPORTIVO_UTILITARIO,SUMA_DE_VEHICULOS,EDAD_1,SEXO_1,CONDICION_1,PARTICIPANTE_1,CASCO_1,CINTURON_1,KMeans_Cluster
22086,79845,79846,2020,0,0,-0.234293,-78.539001,PICHINCHA,QUITO,QUITO,URBANA,2020-01-12,16:00:00,16,DOMINGO,7,ENERO,1,NO,MALAS CONDICIONES DE LA VIA Y/O CONFIGURACION. (ILUMINACION Y DISENIO).,ATROPELLOS,AUTOMOVIL,1,0,0,0,0,0,0,0,0,0,0,0,0,1,-1,NO IDENTIFICADO,NO IDENTIFICADO,CONDUCTOR AUSENTE,NO,NO,2
22087,79859,79860,2020,0,0,-0.270629,-78.528455,PICHINCHA,QUITO,QUITO,URBANA,2020-01-12,20:30:00,20,DOMINGO,7,ENERO,1,NO,NO GUARDAR LA DISTANCIA LATERAL MINIMA DE SEGURIDAD ENTRE VEHICULOS.,ROZAMIENTOS,AUTOMOVIL,1,0,1,0,0,0,0,0,0,0,0,0,0,2,30,HOMBRE,ILESO,CONDUCTOR PRESENTE,NO,NO,1
22088,79861,79862,2020,0,0,-0.310151,-78.471889,PICHINCHA,QUITO,CONOCOTO,RURAL,2020-01-12,21:05:00,21,DOMINGO,7,ENERO,1,NO,CONDUCIR VEHICULO SUPERANDO LOS LIMITES MAXIMOS DE VELOCIDAD.,ATROPELLOS,AUTOMOVIL,1,0,0,0,0,0,0,0,0,0,0,0,0,1,-1,NO IDENTIFICADO,NO IDENTIFICADO,CONDUCTOR AUSENTE,NO,NO,2
22089,79866,79867,2020,0,0,-0.307584,-78.545625,PICHINCHA,QUITO,QUITO,URBANA,2020-01-12,23:40:00,23,DOMINGO,7,ENERO,1,NO,CONDUCIR VEHICULO SUPERANDO LOS LIMITES MAXIMOS DE VELOCIDAD.,ESTRELLAMIENTOS,NO IDENTIFICADO,0,0,0,0,0,0,0,0,0,1,0,0,0,1,-1,NO IDENTIFICADO,NO IDENTIFICADO,CONDUCTOR AUSENTE,NO,NO,2
22090,79871,79872,2020,0,0,-0.053982,-78.455593,PICHINCHA,QUITO,POMASQUI,RURAL,2020-01-13,04:15:00,4,LUNES,1,ENERO,1,NO,"CONDUCIR DESATENTO A LAS CONDICIONES DE TRANSITO (CELULAR, PANTALLAS DE VIDEO, COMIDA, MAQUILLAJE O CUALQUIER OTRO ELEMENTO DISTRACTOR).",CHOQUE LATERAL,AUTOMOVIL,1,0,0,0,0,0,1,0,0,0,0,0,0,2,37,HOMBRE,ILESO,CONDUCTOR PRESENTE,NO,NO,3
22091,79872,79873,2020,0,0,-0.104805,-78.471222,PICHINCHA,QUITO,QUITO,URBANA,2020-01-13,04:48:00,4,LUNES,1,ENERO,1,NO,CONDUCIR VEHICULO SUPERANDO LOS LIMITES MAXIMOS DE VELOCIDAD.,ESTRELLAMIENTOS,CAMIONETA,0,0,0,0,1,0,0,0,0,0,0,0,0,1,-1,NO IDENTIFICADO,NO IDENTIFICADO,CONDUCTOR AUSENTE,NO,NO,2
22092,79873,79874,2020,0,0,-0.083455,-78.435437,PICHINCHA,QUITO,CALDERON (CARAPUNGO),RURAL,2020-01-13,05:00:00,5,LUNES,1,ENERO,1,NO,CONDUCIR VEHICULO SUPERANDO LOS LIMITES MAXIMOS DE VELOCIDAD.,PERDIDA DE CARRIL,AUTOMOVIL,1,0,0,0,0,0,0,0,0,0,0,0,0,1,-1,NO IDENTIFICADO,NO IDENTIFICADO,CONDUCTOR AUSENTE,NO,NO,2
22093,79874,79875,2020,1,0,-0.441786,-78.731966,PICHINCHA,MEJIA,MANUEL CORNEJO ASTORGA,RURAL,2020-01-13,05:30:00,5,LUNES,1,ENERO,1,NO,"NO RESPETAR LAS SENIALES REGLAMENTARIAS DE TRANSITO. (PARE, CEDA EL PASO, LUZ ROJA DEL SEMAFORO, ETC).",CHOQUE LATERAL,CAMIONETA,0,0,0,0,2,0,0,0,0,0,0,0,0,2,26,HOMBRE,LESIONADO,CONDUCTOR PRESENTE,NO,SI,3
22094,79875,79876,2020,1,0,-0.299877,-78.542315,PICHINCHA,QUITO,QUITO,URBANA,2020-01-13,06:50:00,6,LUNES,1,ENERO,1,NO,NO MANTENER LA DISTANCIA PRUDENCIAL CON RESPECTO AL VEHICULO QUE LE ANTECEDE.,CHOQUE POSTERIOR,AUTOMOVIL,1,0,1,0,0,0,0,0,0,0,0,0,0,2,35,MUJER,LESIONADO,CONDUCTOR PRESENTE,NO,NO,1
22095,79879,79880,2020,0,0,-0.185761,-78.343393,PICHINCHA,QUITO,TABABELA,RURAL,2020-01-13,08:00:00,8,LUNES,1,ENERO,1,NO,"PRESENCIA DE AGENTES EXTERNOS EN LA VIA (AGUA, ACEITE, PIEDRA, LASTRE, ESCOMBROS, MADEROS, ETC.).",CHOQUE POSTERIOR,AUTOMOVIL,2,0,0,0,0,0,0,0,0,0,0,0,0,2,30,MUJER,ILESO,CONDUCTOR PRESENTE,NO,NO,3
22096,79892,79893,2020,0,0,-0.204209,-78.505757,PICHINCHA,QUITO,QUITO,URBANA,2020-01-13,12:30:00,12,LUNES,1,ENERO,1,NO,NO MANTENER LA DISTANCIA PRUDENCIAL CON RESPECTO AL VEHICULO QUE LE ANTECEDE.,CHOQUE POSTERIOR,AUTOMOVIL,1,0,1,0,0,0,0,0,0,0,0,0,0,2,30,HOMBRE,ILESO,CONDUCTOR PRESENTE,NO,NO,1
22097,79893,79894,2020,1,0,-0.327284,-78.550325,PICHINCHA,QUITO,QUITO,URBANA,2020-01-13,12:30:00,12,LUNES,1,ENERO,1,NO,NO TRANSITAR POR LAS ACERAS O ZONAS DE SEGURIDAD DESTINADAS PARA EL EFECTO.,ATROPELLOS,NO IDENTIFICADO,0,0,0,0,0,0,0,0,0,1,0,0,0,1,13,HOMBRE,LESIONADO,PEATON,NO,NO,0
22098,79894,79895,2020,1,0,-0.001601,-78.443097,PICHINCHA,QUITO,SAN ANTONIO (QUITO),RURAL,2020-01-13,12:50:00,12,LUNES,1,ENERO,1,NO,NO CEDER EL DERECHO DE VIA O PREFERENCIA DE PASO A VEHICULOS.,ATROPELLOS,MOTOCICLETA,1,0,0,0,0,0,0,0,1,0,0,0,0,2,25,HOMBRE,LESIONADO,PASAJERO,NO,NO,3
22099,79898,79899,2020,0,0,-0.098061,-78.453774,PICHINCHA,QUITO,CALDERON (CARAPUNGO),RURAL,2020-01-13,14:15:00,14,LUNES,1,ENERO,1,NO,NO CEDER EL DERECHO DE VIA O PREFERENCIA DE PASO A VEHICULOS.,CHOQUE LATERAL,AUTOMOVIL,2,0,0,0,0,0,0,0,0,0,0,0,0,2,56,HOMBRE,ILESO,CONDUCTOR PRESENTE,NO,NO,3
22100,79914,79915,2020,1,0,-0.296036,-78.473531,PICHINCHA,QUITO,CONOCOTO,RURAL,2020-01-13,19:30:00,19,LUNES,1,ENERO,1,NO,NO CEDER EL DERECHO DE VIA O PREFERENCIA DE PASO AL PEATON.,ATROPELLOS,NO IDENTIFICADO,0,0,0,0,0,0,0,0,0,1,0,0,0,1,26,HOMBRE,LESIONADO,PEATON,NO,NO,3
22101,79921,79922,2020,2,0,-0.243691,-78.485518,PICHINCHA,QUITO,QUITO,URBANA,2020-01-14,05:45:00,5,MARTES,2,ENERO,1,NO,CONDUCIR VEHICULO SUPERANDO LOS LIMITES MAXIMOS DE VELOCIDAD.,CHOQUE FRONTAL,AUTOMOVIL,1,0,0,0,0,0,0,1,0,0,0,0,0,2,37,HOMBRE,LESIONADO,CONDUCTOR PRESENTE,NO,NO,1
22102,79923,79924,2020,0,0,-0.299542,-78.578257,PICHINCHA,QUITO,QUITO,URBANA,2020-01-14,06:20:00,6,MARTES,2,ENERO,1,NO,NO MANTENER LA DISTANCIA PRUDENCIAL CON RESPECTO AL VEHICULO QUE LE ANTECEDE.,CHOQUE POSTERIOR,AUTOMOVIL,1,0,0,0,0,0,0,0,0,1,0,0,0,2,79,HOMBRE,ILESO,CONDUCTOR PRESENTE,NO,NO,1
22103,79928,79929,2020,1,0,-0.212944,-78.402589,PICHINCHA,QUITO,TUMBACO,RURAL,2020-01-14,08:35:00,8,MARTES,2,ENERO,1,NO,NO CEDER EL DERECHO DE VIA O PREFERENCIA DE PASO A VEHICULOS.,CHOQUE LATERAL,MOTOCICLETA,1,0,0,0,0,0,0,0,1,0,0,0,0,2,18,HOMBRE,LESIONADO,CONDUCTOR PRESENTE,NO,NO,3
22104,79930,79931,2020,1,1,-0.205684,-78.503271,PICHINCHA,QUITO,QUITO,URBANA,2020-01-14,08:45:00,8,MARTES,2,ENERO,1,NO,"NO RESPETAR LAS SENIALES REGLAMENTARIAS DE TRANSITO. (PARE, CEDA EL PASO, LUZ ROJA DEL SEMAFORO, ETC).",ATROPELLOS,AUTOMOVIL,1,0,0,0,0,0,0,0,0,0,0,0,0,1,67,MUJER,FALLECIDO,PEATON,NO,NO,1
22105,79931,79932,2020,0,0,-0.322267,-78.468861,PICHINCHA,QUITO,CONOCOTO,RURAL,2020-01-14,09:15:00,9,MARTES,2,ENERO,1,NO,CONDUCIR VEHICULO SUPERANDO LOS LIMITES MAXIMOS DE VELOCIDAD.,CHOQUE LATERAL,AUTOMOVIL,2,0,0,0,0,0,0,0,0,0,0,0,0,2,32,HOMBRE,ILESO,CONDUCTOR PRESENTE,NO,NO,3
22106,79932,79933,2020,1,0,-0.224383,-78.496888,PICHINCHA,QUITO,QUITO,URBANA,2020-01-14,09:20:00,9,MARTES,2,ENERO,1,NO,NO MANTENER LA DISTANCIA PRUDENCIAL CON RESPECTO AL VEHICULO QUE LE ANTECEDE.,CHOQUE POSTERIOR,CAMION,0,0,0,1,0,0,0,0,1,0,0,0,0,2,43,HOMBRE,LESIONADO,CONDUCTOR PRESENTE,NO,NO,1
22107,79935,79936,2020,0,0,-0.175919,-78.497381,PICHINCHA,QUITO,QUITO,URBANA,2020-01-14,11:25:00,11,MARTES,2,ENERO,1,NO,CONDUCIR EN SENTIDO CONTRARIO A LA VIA NORMAL DE CIRCULACION.,ESTRELLAMIENTOS,AUTOMOVIL,1,0,0,0,0,0,0,0,0,0,0,0,0,1,36,MUJER,ILESO,CONDUCTOR PRESENTE,NO,NO,1
22108,79937,79938,2020,0,0,-0.162142,-78.320083,PICHINCHA,QUITO,YARUQUI,RURAL,2020-01-14,11:40:00,11,MARTES,2,ENERO,1,NO,"NO RESPETAR LAS SENIALES REGLAMENTARIAS DE TRANSITO. (PARE, CEDA EL PASO, LUZ ROJA DEL SEMAFORO, ETC).",ESTRELLAMIENTOS,AUTOMOVIL,1,0,0,0,0,0,0,0,0,0,0,0,0,1,64,HOMBRE,ILESO,CONDUCTOR PRESENTE,NO,NO,3
22109,79940,79941,2020,0,0,-0.111783,-78.478795,PICHINCHA,QUITO,QUITO,URBANA,2020-01-14,12:20:00,12,MARTES,2,ENERO,1,NO,CONDUCIR VEHICULO SUPERANDO LOS LIMITES MAXIMOS DE VELOCIDAD.,CHOQUE LATERAL,AUTOMOVIL,2,0,0,0,0,0,0,0,0,0,0,0,0,2,38,HOMBRE,ILESO,CONDUCTOR PRESENTE,NO,NO,1
22110,79945,79946,2020,1,0,-0.186848,-78.482931,PICHINCHA,QUITO,QUITO,URBANA,2020-01-14,15:25:00,15,MARTES,2,ENERO,1,NO,CONDUCIR VEHICULO SUPERANDO LOS LIMITES MAXIMOS DE VELOCIDAD.,CHOQUE LATERAL,MOTOCICLETA,1,0,0,0,0,0,0,0,1,0,0,0,0,2,29,HOMBRE,LESIONADO,CONDUCTOR PRESENTE,NO,NO,1
22111,79950,79951,2020,0,0,-0.105373,-78.462381,PICHINCHA,QUITO,QUITO,RURAL,2020-01-14,17:00:00,17,MARTES,2,ENERO,1,NO,NO MANTENER LA DISTANCIA PRUDENCIAL CON RESPECTO AL VEHICULO QUE LE ANTECEDE.,COLISION,AUTOMOVIL,1,0,0,0,1,0,0,0,0,1,0,0,0,3,36,HOMBRE,ILESO,CONDUCTOR PRESENTE,NO,NO,3
22112,79954,79955,2020,1,0,-0.254987,-78.513828,PICHINCHA,QUITO,QUITO,URBANA,2020-01-14,17:45:00,17,MARTES,2,ENERO,1,NO,CONDUCIR VEHICULO SUPERANDO LOS LIMITES MAXIMOS DE VELOCIDAD.,ATROPELLOS,NO IDENTIFICADO,0,0,0,0,0,0,0,0,0,1,0,0,0,1,85,HOMBRE,LESIONADO,PEATON,NO,NO,0
22113,79956,79957,2020,0,0,-0.188468,-78.447541,PICHINCHA,QUITO,NAYON,RURAL,2020-01-14,18:15:00,18,MARTES,2,ENERO,1,NO,CONDUCIR VEHICULO SUPERANDO LOS LIMITES MAXIMOS DE VELOCIDAD.,ESTRELLAMIENTOS,CAMIONETA,1,0,0,0,1,0,0,0,0,0,0,0,0,2,22,HOMBRE,ILESO,CONDUCTOR PRESENTE,NO,NO,3
22114,79963,79964,2020,0,0,-0.251599,-78.541234,PICHINCHA,QUITO,QUITO,URBANA,2020-01-14,21:45:00,21,MARTES,2,ENERO,1,NO,"CONDUCE BAJO LA INFLUENCIA DE ALCOHOL, SUSTANCIAS ESTUPEFACIENTES O PSICOTROPICAS Y/O MEDICAMENTOS.",CHOQUE POSTERIOR,MOTOCICLETA,0,0,0,0,0,0,0,0,2,0,0,0,0,2,24,HOMBRE,ILESO,CONDUCTOR PRESENTE,NO,NO,1
22115,79972,79973,2020,0,0,-0.482568,-78.568553,PICHINCHA,MEJIA,MACHACHI,RURAL,2020-01-15,01:00:00,1,MIERCOLES,3,ENERO,1,NO,MALAS CONDICIONES DE LA VIA Y/O CONFIGURACION. (ILUMINACION Y DISENIO).,ATROPELLOS,NO IDENTIFICADO,0,0,0,0,0,0,0,0,0,1,0,0,0,1,-1,NO IDENTIFICADO,NO IDENTIFICADO,CONDUCTOR AUSENTE,NO,SI,2
22116,79975,79976,2020,0,0,-0.138569,-78.422646,PICHINCHA,QUITO,LLANO CHICO,RURAL,2020-01-15,02:45:00,2,MIERCOLES,3,ENERO,1,NO,CONDUCIR VEHICULO SUPERANDO LOS LIMITES MAXIMOS DE VELOCIDAD.,ESTRELLAMIENTOS,CAMIONETA,0,0,0,0,1,0,0,0,0,0,0,0,0,1,34,HOMBRE,ILESO,CONDUCTOR PRESENTE,NO,NO,3
22117,79980,79981,2020,0,0,-0.247143,-78.477794,PICHINCHA,QUITO,QUITO,RURAL,2020-01-15,06:45:00,6,MIERCOLES,3,ENERO,1,NO,CONDUCIR VEHICULO SUPERANDO LOS LIMITES MAXIMOS DE VELOCIDAD.,ESTRELLAMIENTOS,AUTOMOVIL,1,0,0,0,0,0,0,0,0,0,0,0,0,1,39,MUJER,ILESO,CONDUCTOR PRESENTE,NO,NO,3
22118,79982,79983,2020,0,2,-0.252175,-78.302321,PICHINCHA,QUITO,PIFO,RURAL,2020-01-15,07:15:00,7,MIERCOLES,3,ENERO,1,NO,"CONDUCIR DESATENTO A LAS CONDICIONES DE TRANSITO (CELULAR, PANTALLAS DE VIDEO, COMIDA, MAQUILLAJE O CUALQUIER OTRO ELEMENTO DISTRACTOR).",PERDIDA DE CARRIL,CAMIONETA,0,0,0,0,1,0,0,0,0,0,0,0,0,1,38,HOMBRE,FALLECIDO,PASAJERO,NO,SI,3
22119,79988,79989,2020,0,0,-0.182148,-78.487806,PICHINCHA,QUITO,QUITO,URBANA,2020-01-15,09:00:00,9,MIERCOLES,3,ENERO,1,NO,CONDUCIR VEHICULO SUPERANDO LOS LIMITES MAXIMOS DE VELOCIDAD.,COLISION,AUTOMOVIL,3,0,0,0,0,0,0,0,0,0,0,0,0,3,39,MUJER,ILESO,CONDUCTOR PRESENTE,NO,NO,1
22120,79997,79998,2020,1,0,-0.261677,-78.525591,PICHINCHA,QUITO,QUITO,URBANA,2020-01-15,13:35:00,13,MIERCOLES,3,ENERO,1,NO,"NO RESPETAR LAS SENIALES REGLAMENTARIAS DE TRANSITO. (PARE, CEDA EL PASO, LUZ ROJA DEL SEMAFORO, ETC).",CHOQUE LATERAL,MOTOCICLETA,0,0,1,0,0,0,0,0,1,0,0,0,0,2,46,HOMBRE,LESIONADO,CONDUCTOR PRESENTE,NO,NO,1
22121,79998,79999,2020,1,0,-0.151897,-78.463681,PICHINCHA,QUITO,QUITO,URBANA,2020-01-15,13:45:00,13,MIERCOLES,3,ENERO,1,NO,"FALLA MECANICA EN LOS SISTEMAS Y/O NEUMATICOS (SISTEMA DE FRENOS, DIRECCION, ELECTRONICO O MECANICO).",ATROPELLOS,AUTOMOVIL,1,0,0,0,0,0,0,0,0,0,0,0,0,1,65,HOMBRE,LESIONADO,CONDUCTOR PRESENTE,NO,NO,1
22122,80003,80004,2020,0,2,0.137641,-79.261451,PICHINCHA,PUERTO QUITO,PUERTO QUITO,RURAL,2020-01-15,15:00:00,15,MIERCOLES,3,ENERO,1,NO,"CONDUCIR DESATENTO A LAS CONDICIONES DE TRANSITO (CELULAR, PANTALLAS DE VIDEO, COMIDA, MAQUILLAJE O CUALQUIER OTRO ELEMENTO DISTRACTOR).",CHOQUE FRONTAL,BUS,0,0,1,0,0,0,0,0,0,0,0,0,0,1,28,HOMBRE,FALLECIDO,CONDUCTOR PRESENTE,NO,NO,3
22123,80005,80006,2020,1,0,-0.109419,-78.458375,PICHINCHA,QUITO,CALDERON (CARAPUNGO),RURAL,2020-01-15,15:30:00,15,MIERCOLES,3,ENERO,1,NO,"CONDUCIR DESATENTO A LAS CONDICIONES DE TRANSITO (CELULAR, PANTALLAS DE VIDEO, COMIDA, MAQUILLAJE O CUALQUIER OTRO ELEMENTO DISTRACTOR).",ATROPELLOS,AUTOMOVIL,1,0,0,0,0,0,0,0,0,0,0,0,0,1,71,HOMBRE,LESIONADO,PEATON,NO,NO,3
22124,80014,80015,2020,0,1,-0.258995,-78.502654,PICHINCHA,QUITO,QUITO,URBANA,2020-01-15,17:15:00,17,MIERCOLES,3,ENERO,1,NO,REALIZAR CAMBIO BRUSCO O INDEBIDO DE CARRIL.,ATROPELLOS,MOTOCICLETA,1,0,0,0,0,0,0,0,1,0,0,0,0,2,32,HOMBRE,FALLECIDO,CONDUCTOR PRESENTE,NO,NO,1
22125,80018,80019,2020,1,0,-0.296407,-78.559224,PICHINCHA,QUITO,QUITO,URBANA,2020-01-15,20:15:00,20,MIERCOLES,3,ENERO,1,NO,"FALLA MECANICA EN LOS SISTEMAS Y/O NEUMATICOS (SISTEMA DE FRENOS, DIRECCION, ELECTRONICO O MECANICO).",CAIDA DE PASAJERO,NO IDENTIFICADO,0,0,0,0,0,0,0,0,0,1,0,0,0,1,48,MUJER,LESIONADO,PASAJERO,NO,NO,0
22126,80020,80021,2020,1,0,-0.302718,-78.552837,PICHINCHA,QUITO,QUITO,URBANA,2020-01-15,21:15:00,21,MIERCOLES,3,ENERO,1,NO,CONDUCIR EN SENTIDO CONTRARIO A LA VIA NORMAL DE CIRCULACION.,CHOQUE FRONTAL,MOTOCICLETA,0,0,0,0,0,0,0,0,1,1,0,0,0,2,24,HOMBRE,LESIONADO,CONDUCTOR PRESENTE,NO,NO,1
22127,80021,80022,2020,0,0,-0.333767,-78.540211,PICHINCHA,QUITO,QUITO,URBANA,2020-01-15,21:20:00,21,MIERCOLES,3,ENERO,1,NO,NO CEDER EL DERECHO DE VIA O PREFERENCIA DE PASO A VEHICULOS.,ATROPELLOS,NO IDENTIFICADO,0,0,0,0,0,0,0,0,0,1,0,0,0,1,-1,NO IDENTIFICADO,NO IDENTIFICADO,CONDUCTOR AUSENTE,NO,NO,2
22128,80023,80024,2020,0,0,-0.212999,-78.410367,PICHINCHA,QUITO,TUMBACO,RURAL,2020-01-15,22:45:00,22,MIERCOLES,3,ENERO,1,NO,"PRESENCIA DE AGENTES EXTERNOS EN LA VIA (AGUA, ACEITE, PIEDRA, LASTRE, ESCOMBROS, MADEROS, ETC.).",ESTRELLAMIENTOS,AUTOMOVIL,1,0,0,0,0,0,0,0,0,0,0,0,0,1,42,MUJER,ILESO,CONDUCTOR PRESENTE,NO,NO,3
22129,80027,80028,2020,0,0,-0.173088,-78.498178,PICHINCHA,QUITO,QUITO,URBANA,2020-01-16,00:00:00,0,JUEVES,4,ENERO,1,NO,CONDUCIR VEHICULO SUPERANDO LOS LIMITES MAXIMOS DE VELOCIDAD.,ESTRELLAMIENTOS,AUTOMOVIL,1,0,0,0,0,0,0,0,0,0,0,0,0,1,21,HOMBRE,ILESO,CONDUCTOR PRESENTE,NO,NO,1
22130,80028,80029,2020,0,0,-0.109299,-78.458375,PICHINCHA,QUITO,CALDERON (CARAPUNGO),RURAL,2020-01-16,00:00:00,0,JUEVES,4,ENERO,1,NO,CONDUCIR VEHICULO SUPERANDO LOS LIMITES MAXIMOS DE VELOCIDAD.,PERDIDA DE CARRIL,AUTOMOVIL,1,0,0,0,0,0,0,0,0,0,0,0,0,1,-1,NO IDENTIFICADO,NO IDENTIFICADO,CONDUCTOR AUSENTE,NO,NO,2
22131,80034,80035,2020,0,0,-0.301901,-78.485028,PICHINCHA,QUITO,CONOCOTO,RURAL,2020-01-16,05:30:00,5,JUEVES,4,ENERO,1,NO,CONDUCIR EN SENTIDO CONTRARIO A LA VIA NORMAL DE CIRCULACION.,ESTRELLAMIENTOS,AUTOMOVIL,1,0,0,0,0,0,0,0,0,0,0,0,0,1,28,HOMBRE,ILESO,CONDUCTOR PRESENTE,NO,NO,3
22132,80036,80037,2020,2,0,-0.120437,-78.493971,PICHINCHA,QUITO,QUITO,URBANA,2020-01-16,06:45:00,6,JUEVES,4,ENERO,1,NO,CONDUCIR VEHICULO SUPERANDO LOS LIMITES MAXIMOS DE VELOCIDAD.,CHOQUE LATERAL,MOTOCICLETA,0,0,0,0,0,0,0,0,1,1,0,0,0,2,14,MUJER,LESIONADO,PASAJERO,NO,NO,0
22133,80040,80041,2020,1,0,-0.188566,-78.491949,PICHINCHA,QUITO,QUITO,URBANA,2020-01-16,07:35:00,7,JUEVES,4,ENERO,1,NO,NO TRANSITAR POR LAS ACERAS O ZONAS DE SEGURIDAD DESTINADAS PARA EL EFECTO.,ATROPELLOS,BUS,0,0,1,0,0,0,0,0,0,0,0,0,0,1,19,MUJER,LESIONADO,PEATON,NO,NO,1
22134,80042,80043,2020,0,0,-0.129061,-78.474181,PICHINCHA,QUITO,QUITO,URBANA,2020-01-16,08:45:00,8,JUEVES,4,ENERO,1,NO,CONDUCIR VEHICULO SUPERANDO LOS LIMITES MAXIMOS DE VELOCIDAD.,CHOQUE POSTERIOR,CAMION,1,0,0,1,0,0,0,0,0,0,0,0,0,2,26,MUJER,ILESO,PASAJERO,NO,NO,1
22135,80043,80044,2020,0,0,-0.273892,-78.529687,PICHINCHA,QUITO,QUITO,URBANA,2020-01-16,08:50:00,8,JUEVES,4,ENERO,1,NO,"NO RESPETAR LAS SENIALES REGLAMENTARIAS DE TRANSITO. (PARE, CEDA EL PASO, LUZ ROJA DEL SEMAFORO, ETC).",CHOQUE LATERAL,AUTOMOVIL,1,0,0,0,1,0,0,0,0,0,0,0,0,2,54,HOMBRE,ILESO,CONDUCTOR PRESENTE,NO,NO,1
22136,80045,80046,2020,0,0,-0.209917,-78.483986,PICHINCHA,QUITO,QUITO,URBANA,2020-01-16,09:30:00,9,JUEVES,4,ENERO,1,NO,CONDUCIR VEHICULO SUPERANDO LOS LIMITES MAXIMOS DE VELOCIDAD.,ESTRELLAMIENTOS,AUTOMOVIL,2,0,0,0,0,0,0,0,0,0,0,0,0,2,33,MUJER,ILESO,CONDUCTOR PRESENTE,NO,NO,1
22137,80058,80059,2020,0,0,-0.310966,-78.564638,PICHINCHA,QUITO,QUITO,URBANA,2020-01-16,15:10:00,15,JUEVES,4,ENERO,1,NO,"CONDUCE BAJO LA INFLUENCIA DE ALCOHOL, SUSTANCIAS ESTUPEFACIENTES O PSICOTROPICAS Y/O MEDICAMENTOS.",CHOQUE POSTERIOR,AUTOMOVIL,1,0,0,0,0,0,1,0,0,0,0,0,0,2,25,HOMBRE,ILESO,CONDUCTOR PRESENTE,NO,NO,1
22138,80069,80070,2020,8,0,-0.355566,-78.549059,PICHINCHA,QUITO,QUITO,URBANA,2020-01-16,19:00:00,19,JUEVES,4,ENERO,1,NO,NO MANTENER LA DISTANCIA PRUDENCIAL CON RESPECTO AL VEHICULO QUE LE ANTECEDE.,CHOQUE POSTERIOR,BUS,0,0,2,0,0,0,0,0,0,0,0,0,0,2,43,HOMBRE,LESIONADO,PASAJERO,NO,NO,1
22139,80073,80074,2020,1,0,-0.329432,-78.560881,PICHINCHA,QUITO,QUITO,URBANA,2020-01-16,20:30:00,20,JUEVES,4,ENERO,1,NO,"NO RESPETAR LAS SENIALES REGLAMENTARIAS DE TRANSITO. (PARE, CEDA EL PASO, LUZ ROJA DEL SEMAFORO, ETC).",CHOQUE LATERAL,AUTOMOVIL,1,0,0,0,0,0,0,0,1,0,0,0,0,2,30,HOMBRE,LESIONADO,CONDUCTOR PRESENTE,NO,NO,1
22140,80081,80082,2020,2,0,-0.165696,-78.489068,PICHINCHA,QUITO,QUITO,URBANA,2020-01-17,01:00:00,1,VIERNES,5,ENERO,1,NO,"CONDUCE BAJO LA INFLUENCIA DE ALCOHOL, SUSTANCIAS ESTUPEFACIENTES O PSICOTROPICAS Y/O MEDICAMENTOS.",PERDIDA DE CARRIL,AUTOMOVIL,1,0,0,0,0,0,0,0,0,0,0,0,0,1,33,HOMBRE,LESIONADO,PASAJERO,NO,NO,1
22141,80084,80085,2020,0,0,-0.131058,-78.481369,PICHINCHA,QUITO,QUITO,URBANA,2020-01-17,01:45:00,1,VIERNES,5,ENERO,1,NO,CONDUCIR VEHICULO SUPERANDO LOS LIMITES MAXIMOS DE VELOCIDAD.,ESTRELLAMIENTOS,AUTOMOVIL,1,0,0,0,0,0,0,0,0,0,0,0,0,1,-1,NO IDENTIFICADO,NO IDENTIFICADO,CONDUCTOR AUSENTE,NO,NO,2
22142,80091,80092,2020,0,0,-0.186898,-78.482873,PICHINCHA,QUITO,QUITO,URBANA,2020-01-17,06:50:00,6,VIERNES,5,ENERO,1,NO,"NO RESPETAR LAS SENIALES REGLAMENTARIAS DE TRANSITO. (PARE, CEDA EL PASO, LUZ ROJA DEL SEMAFORO, ETC).",CHOQUE LATERAL,AUTOMOVIL,2,0,0,0,0,0,0,0,0,0,0,0,0,2,28,HOMBRE,ILESO,CONDUCTOR PRESENTE,NO,NO,1
22143,80094,80095,2020,1,0,-0.163526,-78.496228,PICHINCHA,QUITO,QUITO,URBANA,2020-01-17,07:10:00,7,VIERNES,5,ENERO,1,NO,NO TRANSITAR POR LAS ACERAS O ZONAS DE SEGURIDAD DESTINADAS PARA EL EFECTO.,ATROPELLOS,FURGONETA,0,0,0,0,0,0,0,1,0,0,0,0,0,1,30,MUJER,LESIONADO,PEATON,NO,NO,0
22144,80097,80098,2020,2,0,-0.263304,-78.506785,PICHINCHA,QUITO,QUITO,URBANA,2020-01-17,07:30:00,7,VIERNES,5,ENERO,1,NO,CONDUCIR VEHICULO SUPERANDO LOS LIMITES MAXIMOS DE VELOCIDAD.,COLISION,AUTOMOVIL,3,0,0,0,0,0,0,0,0,0,0,0,0,3,39,MUJER,LESIONADO,CONDUCTOR PRESENTE,NO,NO,1