,Unnamed: 0,ID,ANIO,LESIONADOS,FALLECIDOS,LATITUD_Y,LONGITUD_X,PROVINCIA,CANTON,PARROQUIA,ZONA,FECHA,HORA,PERIODO_2,DIA_1,DIA_2,MES_1,MES_2,FERIADO,CAUSA_PROBABLE,TIPO_DE_SINIESTRO,TIPO_DE_VEHICULO_1,AUTOMOVIL,BICICLETA,BUS,CAMION,CAMIONETA,EMERGENCIAS,ESPECIAL,FURGONETA,MOTOCICLETA,NO_IDENTIFICADO,SCOOTER_ELECTRICO,TRICIMOTO,VEHICULO_DEPORTIVO_UTILITARIO,SUMA_DE_VEHICULOS,EDAD_1,SEXO_1,CONDICION_1,PARTICIPANTE_1,CASCO_1,CINTURON_1,KMeans_Cluster
22145,80103,80104,2020,1,0,-0.256714,-78.542801,PICHINCHA,QUITO,QUITO,URBANA,2020-01-17,10:05:00,10,VIERNES,5,ENERO,1,NO,"CONDUCE BAJO LA INFLUENCIA DE ALCOHOL, SUSTANCIAS ESTUPEFACIENTES O PSICOTROPICAS Y/O MEDICAMENTOS.",ATROPELLOS,FURGONETA,0,0,0,0,0,0,0,1,0,0,0,0,0,1,21,MUJER,LESIONADO,PEATON,NO,NO,1
22146,80120,80121,2020,2,0,-0.242661,-78.497364,PICHINCHA,QUITO,QUITO,URBANA,2020-01-17,15:15:00,15,VIERNES,5,ENERO,1,NO,"CASO FORTUITO O FUERZA MAYOR (EXPLOSION DE NEUMATICO NUEVO, DERRUMBE, INUNDACION, CAIDA DE PUENTE, ARBOL, PRESENCIA INTEMPESTIVA E IMPREVISTA DE SEMOVIENTES EN LA VIA, ETC.).",CHOQUE FRONTAL,CAMIONETA,1,0,0,0,1,0,0,0,0,0,0,0,0,2,33,HOMBRE,LESIONADO,CONDUCTOR PRESENTE,NO,NO,1
22147,80123,80124,2020,1,0,-0.233894,-78.514412,PICHINCHA,QUITO,QUITO,URBANA,2020-01-17,16:30:00,16,VIERNES,5,ENERO,1,NO,CONDUCIR VEHICULO SUPERANDO LOS LIMITES MAXIMOS DE VELOCIDAD.,ATROPELLOS,NO IDENTIFICADO,0,0,0,0,0,0,0,0,0,1,0,0,0,1,19,HOMBRE,LESIONADO,PEATON,NO,NO,1
22148,80127,80128,2020,0,0,-0.226753,-78.490475,PICHINCHA,QUITO,QUITO,URBANA,2020-01-17,17:10:00,17,VIERNES,5,ENERO,1,NO,NO MANTENER LA DISTANCIA PRUDENCIAL CON RESPECTO AL VEHICULO QUE LE ANTECEDE.,COLISION,AUTOMOVIL,3,0,0,0,0,0,0,0,0,1,0,0,0,4,51,HOMBRE,ILESO,CONDUCTOR PRESENTE,NO,NO,1
22149,80129,80130,2020,1,0,-0.253069,-78.519859,PICHINCHA,QUITO,QUITO,URBANA,2020-01-17,17:30:00,17,VIERNES,5,ENERO,1,NO,"NO RESPETAR LAS SENIALES REGLAMENTARIAS DE TRANSITO. (PARE, CEDA EL PASO, LUZ ROJA DEL SEMAFORO, ETC).",CHOQUE LATERAL,AUTOMOVIL,1,0,0,0,0,0,0,0,1,0,0,0,0,2,8,MUJER,LESIONADO,PASAJERO,NO,NO,1
22150,80143,80144,2020,0,0,-0.133554,-78.501956,PICHINCHA,QUITO,QUITO,URBANA,2020-01-17,23:55:00,23,VIERNES,5,ENERO,1,NO,"FALLA MECANICA EN LOS SISTEMAS Y/O NEUMATICOS (SISTEMA DE FRENOS, DIRECCION, ELECTRONICO O MECANICO).",ATROPELLOS,AUTOMOVIL,1,0,0,0,0,0,0,0,0,1,0,0,0,2,34,HOMBRE,ILESO,CONDUCTOR PRESENTE,NO,NO,1
22151,80144,80145,2020,0,0,-0.093293,-78.477564,PICHINCHA,QUITO,QUITO,URBANA,2020-01-18,00:17:00,0,SABADO,6,ENERO,1,NO,CONDUCIR VEHICULO SUPERANDO LOS LIMITES MAXIMOS DE VELOCIDAD.,ESTRELLAMIENTOS,AUTOMOVIL,1,0,0,0,0,0,0,0,0,0,0,0,0,1,-1,NO IDENTIFICADO,NO IDENTIFICADO,CONDUCTOR AUSENTE,NO,NO,2
22152,80147,80148,2020,0,0,-0.170662,-78.476308,PICHINCHA,QUITO,QUITO,URBANA,2020-01-18,01:30:00,1,SABADO,6,ENERO,1,NO,NO MANTENER LA DISTANCIA PRUDENCIAL CON RESPECTO AL VEHICULO QUE LE ANTECEDE.,CHOQUE POSTERIOR,AUTOMOVIL,2,0,0,0,0,0,0,0,0,0,0,0,0,2,37,MUJER,ILESO,CONDUCTOR PRESENTE,NO,NO,1
22153,80149,80150,2020,1,0,-0.304112,-78.466667,PICHINCHA,QUITO,CONOCOTO,RURAL,2020-01-18,02:25:00,2,SABADO,6,ENERO,1,NO,"CASO FORTUITO O FUERZA MAYOR (EXPLOSION DE NEUMATICO NUEVO, DERRUMBE, INUNDACION, CAIDA DE PUENTE, ARBOL, PRESENCIA INTEMPESTIVA E IMPREVISTA DE SEMOVIENTES EN LA VIA, ETC.).",CHOQUE POSTERIOR,MOTOCICLETA,0,0,0,0,0,0,0,0,1,1,0,0,0,2,20,HOMBRE,LESIONADO,PASAJERO,NO,NO,3
22154,80155,80156,2020,0,0,-0.202975,-78.458371,PICHINCHA,QUITO,QUITO,RURAL,2020-01-18,05:55:00,5,SABADO,6,ENERO,1,NO,"FALLA MECANICA EN LOS SISTEMAS Y/O NEUMATICOS (SISTEMA DE FRENOS, DIRECCION, ELECTRONICO O MECANICO).",ESTRELLAMIENTOS,AUTOMOVIL,1,0,0,0,0,0,0,0,0,0,0,0,0,1,27,HOMBRE,ILESO,CONDUCTOR PRESENTE,NO,NO,3
22155,80162,80163,2020,0,0,-0.188864,-78.454261,PICHINCHA,QUITO,NAYON,RURAL,2020-01-18,08:00:00,8,SABADO,6,ENERO,1,NO,"NO RESPETAR LAS SENIALES REGLAMENTARIAS DE TRANSITO. (PARE, CEDA EL PASO, LUZ ROJA DEL SEMAFORO, ETC).",CHOQUE LATERAL,AUTOMOVIL,2,0,0,0,0,0,0,0,0,0,0,0,0,2,35,HOMBRE,ILESO,CONDUCTOR PRESENTE,NO,NO,3
22156,80165,80166,2020,0,0,-0.130749,-78.486441,PICHINCHA,QUITO,QUITO,URBANA,2020-01-18,09:00:00,9,SABADO,6,ENERO,1,NO,CONDUCIR VEHICULO SUPERANDO LOS LIMITES MAXIMOS DE VELOCIDAD.,CHOQUE LATERAL,AUTOMOVIL,2,0,0,0,0,0,0,0,0,0,0,0,0,2,51,MUJER,ILESO,CONDUCTOR PRESENTE,NO,NO,1
22157,80166,80167,2020,1,0,-0.297168,-78.534604,PICHINCHA,QUITO,QUITO,URBANA,2020-01-18,09:15:00,9,SABADO,6,ENERO,1,NO,CONDUCIR VEHICULO SUPERANDO LOS LIMITES MAXIMOS DE VELOCIDAD.,ATROPELLOS,NO IDENTIFICADO,0,0,0,0,0,0,0,0,0,1,0,0,0,1,4,HOMBRE,LESIONADO,PEATON,NO,NO,1
22158,80170,80171,2020,0,0,-0.185014,-78.492012,PICHINCHA,QUITO,QUITO,URBANA,2020-01-18,10:15:00,10,SABADO,6,ENERO,1,NO,CONDUCIR VEHICULO SUPERANDO LOS LIMITES MAXIMOS DE VELOCIDAD.,ATROPELLOS,AUTOMOVIL,1,0,0,0,0,0,0,0,0,0,0,0,0,1,-1,NO IDENTIFICADO,NO IDENTIFICADO,CONDUCTOR AUSENTE,NO,NO,2
22159,80177,80178,2020,0,0,-0.053194,-78.349824,PICHINCHA,QUITO,GUAYLLABAMBA,RURAL,2020-01-18,11:57:00,11,SABADO,6,ENERO,1,NO,CONDUCIR VEHICULO SUPERANDO LOS LIMITES MAXIMOS DE VELOCIDAD.,ESTRELLAMIENTOS,MOTOCICLETA,0,0,0,0,0,0,0,0,1,0,0,0,0,1,-1,NO IDENTIFICADO,NO IDENTIFICADO,CONDUCTOR AUSENTE,NO,NO,2
22160,80180,80181,2020,2,0,-0.270221,-78.545319,PICHINCHA,QUITO,QUITO,URBANA,2020-01-18,13:00:00,13,SABADO,6,ENERO,1,NO,CONDUCIR VEHICULO SUPERANDO LOS LIMITES MAXIMOS DE VELOCIDAD.,CHOQUE LATERAL,MOTOCICLETA,1,0,0,0,0,0,0,0,1,0,0,0,0,2,26,MUJER,LESIONADO,PASAJERO,NO,NO,1
22161,80191,80192,2020,0,0,-0.175579,-78.487537,PICHINCHA,QUITO,QUITO,URBANA,2020-01-18,18:30:00,18,SABADO,6,ENERO,1,NO,NO GUARDAR LA DISTANCIA LATERAL MINIMA DE SEGURIDAD ENTRE VEHICULOS.,CHOQUE LATERAL,AUTOMOVIL,2,0,0,0,0,0,0,0,0,0,0,0,0,2,44,HOMBRE,ILESO,CONDUCTOR PRESENTE,NO,NO,1
22162,80199,80200,2020,1,0,-0.210023,-78.502939,PICHINCHA,QUITO,QUITO,URBANA,2020-01-18,19:30:00,19,SABADO,6,ENERO,1,NO,"NO RESPETAR LAS SENIALES REGLAMENTARIAS DE TRANSITO. (PARE, CEDA EL PASO, LUZ ROJA DEL SEMAFORO, ETC).",CHOQUE LATERAL,AUTOMOVIL,2,0,0,0,0,0,0,0,0,0,0,0,0,2,54,HOMBRE,LESIONADO,PASAJERO,NO,NO,1
22163,80200,80201,2020,0,0,-0.239305,-78.513741,PICHINCHA,QUITO,QUITO,URBANA,2020-01-18,20:15:00,20,SABADO,6,ENERO,1,NO,CONDUCIR VEHICULO SUPERANDO LOS LIMITES MAXIMOS DE VELOCIDAD.,ATROPELLOS,MOTOCICLETA,2,0,0,0,0,0,0,0,1,0,0,0,0,3,22,HOMBRE,ILESO,CONDUCTOR PRESENTE,NO,NO,1
22164,80205,80206,2020,0,0,-0.328101,-78.538239,PICHINCHA,QUITO,QUITO,URBANA,2020-01-18,21:00:00,21,SABADO,6,ENERO,1,NO,CONDUCIR VEHICULO SUPERANDO LOS LIMITES MAXIMOS DE VELOCIDAD.,ATROPELLOS,CAMIONETA,0,0,0,0,1,0,0,0,0,0,0,0,0,1,-1,NO IDENTIFICADO,NO IDENTIFICADO,CONDUCTOR AUSENTE,NO,NO,2
22165,80218,80219,2020,0,0,-0.203706,-78.368067,PICHINCHA,QUITO,PUEMBO,RURAL,2020-01-19,01:13:00,1,DOMINGO,7,ENERO,1,NO,CONDUCIR VEHICULO SUPERANDO LOS LIMITES MAXIMOS DE VELOCIDAD.,ESTRELLAMIENTOS,AUTOMOVIL,1,0,0,0,0,0,0,0,0,0,0,0,0,1,-1,NO IDENTIFICADO,NO IDENTIFICADO,CONDUCTOR AUSENTE,NO,NO,2
22166,80241,80242,2020,0,0,-0.213438,-78.502726,PICHINCHA,QUITO,QUITO,URBANA,2020-01-19,06:00:00,6,DOMINGO,7,ENERO,1,NO,NO MANTENER LA DISTANCIA PRUDENCIAL CON RESPECTO AL VEHICULO QUE LE ANTECEDE.,CHOQUE POSTERIOR,CAMIONETA,1,0,0,0,1,0,0,0,0,0,0,0,0,2,38,HOMBRE,ILESO,CONDUCTOR PRESENTE,NO,NO,1
22167,80244,80245,2020,1,1,-0.230608,-78.509845,PICHINCHA,QUITO,QUITO,URBANA,2020-01-19,07:00:00,7,DOMINGO,7,ENERO,1,NO,"CONDUCE BAJO LA INFLUENCIA DE ALCOHOL, SUSTANCIAS ESTUPEFACIENTES O PSICOTROPICAS Y/O MEDICAMENTOS.",CHOQUE FRONTAL,MOTOCICLETA,1,0,0,0,0,0,0,0,1,0,0,0,0,2,32,HOMBRE,FALLECIDO,CONDUCTOR PRESENTE,NO,NO,1
22168,80249,80250,2020,1,0,-0.165849,-78.478182,PICHINCHA,QUITO,QUITO,URBANA,2020-01-19,07:50:00,7,DOMINGO,7,ENERO,1,NO,"NO RESPETAR LAS SENIALES REGLAMENTARIAS DE TRANSITO. (PARE, CEDA EL PASO, LUZ ROJA DEL SEMAFORO, ETC).",CHOQUE LATERAL,MOTOCICLETA,1,0,0,0,0,0,0,0,1,0,0,0,0,2,27,HOMBRE,LESIONADO,CONDUCTOR PRESENTE,NO,NO,1
22169,80258,80259,2020,1,0,-0.204386,-78.506007,PICHINCHA,QUITO,QUITO,URBANA,2020-01-19,10:30:00,10,DOMINGO,7,ENERO,1,NO,CONDUCIR VEHICULO SUPERANDO LOS LIMITES MAXIMOS DE VELOCIDAD.,ATROPELLOS,AUTOMOVIL,1,0,0,0,0,0,0,0,0,0,0,0,0,1,81,HOMBRE,LESIONADO,PEATON,NO,NO,1
22170,80261,80262,2020,1,0,-0.092563,-78.437051,PICHINCHA,QUITO,CALDERON (CARAPUNGO),RURAL,2020-01-19,11:15:00,11,DOMINGO,7,ENERO,1,NO,PEATON QUE CRUZA LA CALZADA SIN RESPETAR LA SENIALIZACION EXISTENTE (SEMAFOROS O SENIALES MANUALES).,ATROPELLOS,AUTOMOVIL,1,0,0,0,0,0,0,0,0,0,0,0,0,1,9,MUJER,LESIONADO,PEATON,NO,NO,3
22171,80264,80265,2020,1,1,-0.414183,-78.800761,PICHINCHA,MEJIA,MANUEL CORNEJO ASTORGA,RURAL,2020-01-19,12:48:00,12,DOMINGO,7,ENERO,1,NO,"CONDUCIR DESATENTO A LAS CONDICIONES DE TRANSITO (CELULAR, PANTALLAS DE VIDEO, COMIDA, MAQUILLAJE O CUALQUIER OTRO ELEMENTO DISTRACTOR).",ESTRELLAMIENTOS,CAMION,0,0,0,1,0,0,0,0,0,1,0,0,0,2,-1,NO IDENTIFICADO,FALLECIDO,PASAJERO,NO,NO,3
22172,80274,80275,2020,3,0,-0.204421,-78.492727,PICHINCHA,QUITO,QUITO,URBANA,2020-01-19,15:50:00,15,DOMINGO,7,ENERO,1,NO,CONDUCIR VEHICULO SUPERANDO LOS LIMITES MAXIMOS DE VELOCIDAD.,ESTRELLAMIENTOS,AUTOMOVIL,1,0,0,0,0,0,0,0,0,0,0,0,0,1,36,MUJER,LESIONADO,PASAJERO,NO,NO,1
22173,80277,80278,2020,0,0,-0.101925,-78.508429,PICHINCHA,QUITO,QUITO,URBANA,2020-01-19,17:05:00,17,DOMINGO,7,ENERO,1,NO,CONDUCIR VEHICULO SUPERANDO LOS LIMITES MAXIMOS DE VELOCIDAD.,PERDIDA DE CARRIL,CAMIONETA,0,0,0,0,1,0,0,0,0,0,0,0,0,1,-1,NO IDENTIFICADO,NO IDENTIFICADO,CONDUCTOR AUSENTE,NO,NO,2
22174,80279,80280,2020,0,0,-0.290955,-78.536336,PICHINCHA,QUITO,QUITO,URBANA,2020-01-19,17:15:00,17,DOMINGO,7,ENERO,1,NO,"FALLA MECANICA EN LOS SISTEMAS Y/O NEUMATICOS (SISTEMA DE FRENOS, DIRECCION, ELECTRONICO O MECANICO).",ESTRELLAMIENTOS,BUS,0,0,1,0,0,0,0,0,0,0,0,0,0,1,51,HOMBRE,ILESO,CONDUCTOR PRESENTE,NO,NO,1
22175,80285,80286,2020,0,0,-0.129185,-78.501501,PICHINCHA,QUITO,QUITO,URBANA,2020-01-19,18:50:00,18,DOMINGO,7,ENERO,1,NO,"CONDUCE BAJO LA INFLUENCIA DE ALCOHOL, SUSTANCIAS ESTUPEFACIENTES O PSICOTROPICAS Y/O MEDICAMENTOS.",CHOQUE LATERAL,AUTOMOVIL,2,0,0,0,0,0,0,0,0,0,0,0,0,2,48,HOMBRE,ILESO,CONDUCTOR PRESENTE,NO,NO,1
22176,80295,80296,2020,0,0,-0.273825,-78.510276,PICHINCHA,QUITO,QUITO,URBANA,2020-01-19,20:50:00,20,DOMINGO,7,ENERO,1,NO,CONDUCIR VEHICULO SUPERANDO LOS LIMITES MAXIMOS DE VELOCIDAD.,ESTRELLAMIENTOS,AUTOMOVIL,1,0,0,0,0,0,0,0,0,0,0,0,0,1,-1,NO IDENTIFICADO,NO IDENTIFICADO,CONDUCTOR AUSENTE,NO,NO,2
22177,80303,80304,2020,1,0,-0.297421,-78.549965,PICHINCHA,QUITO,QUITO,URBANA,2020-01-20,03:30:00,3,LUNES,1,ENERO,1,NO,CONDUCIR VEHICULO SUPERANDO LOS LIMITES MAXIMOS DE VELOCIDAD.,ATROPELLOS,MOTOCICLETA,0,0,0,0,0,0,0,0,1,1,0,0,0,2,26,HOMBRE,LESIONADO,CONDUCTOR PRESENTE,NO,NO,0
22178,80310,80311,2020,0,1,-0.062956,-78.287644,PICHINCHA,CAYAMBE,ASCAZUBI,RURAL,2020-01-20,06:30:00,6,LUNES,1,ENERO,1,NO,"CONDUCIR DESATENTO A LAS CONDICIONES DE TRANSITO (CELULAR, PANTALLAS DE VIDEO, COMIDA, MAQUILLAJE O CUALQUIER OTRO ELEMENTO DISTRACTOR).",ATROPELLOS,NO IDENTIFICADO,0,0,0,0,0,0,0,0,0,1,0,0,0,1,70,HOMBRE,FALLECIDO,PEATON,NO,NO,3
22179,80315,80316,2020,0,0,-0.302631,-78.480188,PICHINCHA,QUITO,CONOCOTO,RURAL,2020-01-20,07:15:00,7,LUNES,1,ENERO,1,NO,NO CEDER EL DERECHO DE VIA O PREFERENCIA DE PASO A VEHICULOS.,CHOQUE LATERAL,AUTOMOVIL,1,0,1,0,0,0,0,0,0,0,0,0,0,2,48,MUJER,ILESO,CONDUCTOR PRESENTE,NO,NO,3
22180,80318,80319,2020,2,0,-0.256529,-78.532457,PICHINCHA,QUITO,QUITO,URBANA,2020-01-20,07:30:00,7,LUNES,1,ENERO,1,NO,NO GUARDAR LA DISTANCIA LATERAL MINIMA DE SEGURIDAD ENTRE VEHICULOS.,ATROPELLOS,MOTOCICLETA,1,0,0,0,0,0,0,0,1,0,0,0,0,2,60,MUJER,LESIONADO,PEATON,NO,NO,0
22181,80321,80322,2020,2,0,-0.207453,-78.501301,PICHINCHA,QUITO,QUITO,URBANA,2020-01-20,08:45:00,8,LUNES,1,ENERO,1,NO,CONDUCIR VEHICULO SUPERANDO LOS LIMITES MAXIMOS DE VELOCIDAD.,CHOQUE LATERAL,AUTOMOVIL,2,0,0,0,0,0,0,0,0,0,0,0,0,2,28,HOMBRE,LESIONADO,CONDUCTOR PRESENTE,NO,NO,1
22182,80329,80330,2020,0,0,-0.211216,-78.498032,PICHINCHA,QUITO,QUITO,URBANA,2020-01-20,10:45:00,10,LUNES,1,ENERO,1,NO,NO GUARDAR LA DISTANCIA LATERAL MINIMA DE SEGURIDAD ENTRE VEHICULOS.,ROZAMIENTOS,AUTOMOVIL,2,0,0,0,0,0,0,0,0,0,0,0,0,2,33,MUJER,ILESO,CONDUCTOR PRESENTE,NO,NO,1
22183,80340,80341,2020,1,0,-0.297401,-78.541461,PICHINCHA,QUITO,QUITO,URBANA,2020-01-20,14:00:00,14,LUNES,1,ENERO,1,NO,NO TRANSITAR POR LAS ACERAS O ZONAS DE SEGURIDAD DESTINADAS PARA EL EFECTO.,ATROPELLOS,AUTOMOVIL,1,0,0,0,0,0,0,0,0,0,0,0,0,1,12,HOMBRE,LESIONADO,PEATON,NO,NO,1
22184,80341,80342,2020,1,0,-0.204352,-78.503305,PICHINCHA,QUITO,QUITO,URBANA,2020-01-20,15:04:00,15,LUNES,1,ENERO,1,NO,CONDUCIR VEHICULO SUPERANDO LOS LIMITES MAXIMOS DE VELOCIDAD.,CHOQUE LATERAL,AUTOMOVIL,1,0,1,0,0,0,0,0,0,0,0,0,0,2,25,MUJER,LESIONADO,CONDUCTOR PRESENTE,NO,NO,1
22185,80350,80351,2020,0,0,-0.237474,-78.484642,PICHINCHA,QUITO,QUITO,URBANA,2020-01-20,19:00:00,19,LUNES,1,ENERO,1,NO,"FALLA MECANICA EN LOS SISTEMAS Y/O NEUMATICOS (SISTEMA DE FRENOS, DIRECCION, ELECTRONICO O MECANICO).",PERDIDA DE CARRIL,BUS,0,0,1,0,0,0,0,0,0,0,0,0,0,1,24,HOMBRE,ILESO,CONDUCTOR PRESENTE,NO,NO,1
22186,80351,80352,2020,0,0,-0.060688,-78.378238,PICHINCHA,QUITO,GUAYLLABAMBA,RURAL,2020-01-20,19:50:00,19,LUNES,1,ENERO,1,NO,"CONDICIONES AMBIENTALES Y/O ATMOSFERICAS (NIEBLA, NEBLINA, GRANIZO, LLUVIA).",PERDIDA DE CARRIL,CAMIONETA,0,0,0,0,1,0,0,0,0,0,0,0,0,1,36,HOMBRE,ILESO,CONDUCTOR PRESENTE,NO,SI,3
22187,80358,80359,2020,0,0,-0.210007,-78.507976,PICHINCHA,QUITO,QUITO,URBANA,2020-01-20,20:25:00,20,LUNES,1,ENERO,1,NO,"CONDICIONES AMBIENTALES Y/O ATMOSFERICAS (NIEBLA, NEBLINA, GRANIZO, LLUVIA).",CHOQUE LATERAL,AUTOMOVIL,2,0,0,0,0,0,0,0,0,0,0,0,0,2,31,HOMBRE,ILESO,CONDUCTOR PRESENTE,NO,NO,1
22188,80363,80364,2020,0,0,-0.274003,-78.567045,PICHINCHA,QUITO,QUITO,URBANA,2020-01-21,00:00:00,0,MARTES,2,ENERO,1,NO,CONDUCIR VEHICULO SUPERANDO LOS LIMITES MAXIMOS DE VELOCIDAD.,ESTRELLAMIENTOS,AUTOMOVIL,1,0,0,0,0,0,0,0,0,0,0,0,0,1,-1,NO IDENTIFICADO,NO IDENTIFICADO,CONDUCTOR AUSENTE,NO,NO,2
22189,80371,80372,2020,0,0,-0.155621,-78.472637,PICHINCHA,QUITO,QUITO,URBANA,2020-01-21,07:00:00,7,MARTES,2,ENERO,1,NO,CONDUCIR VEHICULO SUPERANDO LOS LIMITES MAXIMOS DE VELOCIDAD.,ATROPELLOS,AUTOMOVIL,1,0,0,0,0,0,0,0,0,0,0,0,0,1,-1,NO IDENTIFICADO,NO IDENTIFICADO,CONDUCTOR AUSENTE,NO,NO,2
22190,80373,80374,2020,1,0,-0.211464,-78.419102,PICHINCHA,QUITO,TUMBACO,RURAL,2020-01-21,07:28:00,7,MARTES,2,ENERO,1,NO,REALIZAR CAMBIO BRUSCO O INDEBIDO DE CARRIL.,CHOQUE LATERAL,MOTOCICLETA,0,0,0,0,0,0,0,0,1,1,0,0,0,2,26,HOMBRE,LESIONADO,CONDUCTOR PRESENTE,NO,NO,3
22191,80378,80379,2020,1,0,-0.162441,-78.475671,PICHINCHA,QUITO,QUITO,URBANA,2020-01-21,08:40:00,8,MARTES,2,ENERO,1,NO,CONDUCIR EN SENTIDO CONTRARIO A LA VIA NORMAL DE CIRCULACION.,ATROPELLOS,AUTOMOVIL,1,0,0,0,0,0,0,0,0,0,0,0,0,1,22,MUJER,LESIONADO,CONDUCTOR PRESENTE,NO,NO,1
22192,80379,80380,2020,1,0,-0.449411,-78.585734,PICHINCHA,MEJIA,ALOAG,RURAL,2020-01-21,09:00:00,9,MARTES,2,ENERO,1,NO,"CONDUCIR DESATENTO A LAS CONDICIONES DE TRANSITO (CELULAR, PANTALLAS DE VIDEO, COMIDA, MAQUILLAJE O CUALQUIER OTRO ELEMENTO DISTRACTOR).",ATROPELLOS,NO IDENTIFICADO,0,0,0,0,0,0,0,0,0,1,0,0,0,1,-1,HOMBRE,LESIONADO,PEATON,NO,SI,3
22193,80382,80383,2020,0,0,-0.178931,-78.357966,PICHINCHA,QUITO,PUEMBO,RURAL,2020-01-21,09:50:00,9,MARTES,2,ENERO,1,NO,CONDUCIR VEHICULO SUPERANDO LOS LIMITES MAXIMOS DE VELOCIDAD.,ESTRELLAMIENTOS,AUTOMOVIL,1,0,0,0,0,0,0,0,0,0,0,0,0,1,31,MUJER,ILESO,CONDUCTOR PRESENTE,NO,NO,3
22194,80383,80384,2020,2,0,-0.292168,-78.543986,PICHINCHA,QUITO,QUITO,URBANA,2020-01-21,10:15:00,10,MARTES,2,ENERO,1,NO,NO TRANSITAR POR LAS ACERAS O ZONAS DE SEGURIDAD DESTINADAS PARA EL EFECTO.,ATROPELLOS,AUTOMOVIL,3,0,0,0,0,0,0,0,0,0,0,0,0,3,60,MUJER,LESIONADO,PEATON,NO,NO,1
22195,80385,80386,2020,0,0,-0.276708,-78.542663,PICHINCHA,QUITO,QUITO,URBANA,2020-01-21,11:18:00,11,MARTES,2,ENERO,1,NO,NO MANTENER LA DISTANCIA PRUDENCIAL CON RESPECTO AL VEHICULO QUE LE ANTECEDE.,CHOQUE POSTERIOR,CAMION,1,0,0,1,0,0,0,0,0,0,0,0,0,2,31,HOMBRE,ILESO,CONDUCTOR PRESENTE,NO,NO,1
22196,80394,80395,2020,0,0,-0.158066,-78.446231,PICHINCHA,QUITO,NAYON,RURAL,2020-01-21,14:00:00,14,MARTES,2,ENERO,1,NO,CONDUCIR VEHICULO SUPERANDO LOS LIMITES MAXIMOS DE VELOCIDAD.,COLISION,CAMIONETA,1,0,0,0,2,0,0,0,0,0,0,0,0,3,27,HOMBRE,ILESO,CONDUCTOR PRESENTE,NO,NO,3
22197,80400,80401,2020,0,0,-0.284198,-78.519101,PICHINCHA,QUITO,QUITO,URBANA,2020-01-21,16:50:00,16,MARTES,2,ENERO,1,NO,"PRESENCIA DE AGENTES EXTERNOS EN LA VIA (AGUA, ACEITE, PIEDRA, LASTRE, ESCOMBROS, MADEROS, ETC.).",ESTRELLAMIENTOS,CAMIONETA,0,0,0,0,1,0,0,0,0,0,0,0,0,1,35,HOMBRE,ILESO,CONDUCTOR PRESENTE,NO,NO,1
22198,80405,80406,2020,1,0,-0.213033,-78.532553,PICHINCHA,QUITO,QUITO,URBANA,2020-01-21,17:50:00,17,MARTES,2,ENERO,1,NO,"CASO FORTUITO O FUERZA MAYOR (EXPLOSION DE NEUMATICO NUEVO, DERRUMBE, INUNDACION, CAIDA DE PUENTE, ARBOL, PRESENCIA INTEMPESTIVA E IMPREVISTA DE SEMOVIENTES EN LA VIA, ETC.).",ATROPELLOS,NO IDENTIFICADO,0,0,0,0,0,0,0,0,0,1,0,0,0,1,25,MUJER,LESIONADO,CONDUCTOR PRESENTE,NO,NO,0
22199,80406,80407,2020,1,0,-0.354559,-78.551211,PICHINCHA,QUITO,QUITO,URBANA,2020-01-21,18:00:00,18,MARTES,2,ENERO,1,NO,CONDUCIR VEHICULO SUPERANDO LOS LIMITES MAXIMOS DE VELOCIDAD.,ATROPELLOS,AUTOMOVIL,1,0,0,0,0,0,0,0,0,0,0,0,0,1,30,HOMBRE,LESIONADO,PEATON,NO,NO,1
22200,80407,80408,2020,1,0,-0.155818,-78.488613,PICHINCHA,QUITO,QUITO,URBANA,2020-01-21,18:25:00,18,MARTES,2,ENERO,1,NO,"CONDUCE BAJO LA INFLUENCIA DE ALCOHOL, SUSTANCIAS ESTUPEFACIENTES O PSICOTROPICAS Y/O MEDICAMENTOS.",CHOQUE LATERAL,AUTOMOVIL,1,0,0,0,1,0,0,0,0,0,0,0,0,2,38,HOMBRE,LESIONADO,CONDUCTOR PRESENTE,NO,NO,1
22201,80412,80413,2020,0,0,-0.239732,-78.522687,PICHINCHA,QUITO,QUITO,URBANA,2020-01-21,19:50:00,19,MARTES,2,ENERO,1,NO,CONDUCIR VEHICULO SUPERANDO LOS LIMITES MAXIMOS DE VELOCIDAD.,ESTRELLAMIENTOS,AUTOMOVIL,1,0,0,0,0,0,0,0,0,0,0,0,0,1,-1,NO IDENTIFICADO,NO IDENTIFICADO,CONDUCTOR AUSENTE,NO,NO,2
22202,80423,80424,2020,0,0,-0.331114,-78.550647,PICHINCHA,QUITO,QUITO,URBANA,2020-01-22,00:30:00,0,MIERCOLES,3,ENERO,1,NO,"CONDUCE BAJO LA INFLUENCIA DE ALCOHOL, SUSTANCIAS ESTUPEFACIENTES O PSICOTROPICAS Y/O MEDICAMENTOS.",ATROPELLOS,AUTOMOVIL,1,0,0,0,1,0,0,0,0,0,0,0,0,2,20,HOMBRE,ILESO,CONDUCTOR PRESENTE,NO,NO,1