,Unnamed: 0,ID,ANIO,LESIONADOS,FALLECIDOS,LATITUD_Y,LONGITUD_X,PROVINCIA,CANTON,PARROQUIA,ZONA,FECHA,HORA,PERIODO_2,DIA_1,DIA_2,MES_1,MES_2,FERIADO,CAUSA_PROBABLE,TIPO_DE_SINIESTRO,TIPO_DE_VEHICULO_1,AUTOMOVIL,BICICLETA,BUS,CAMION,CAMIONETA,EMERGENCIAS,ESPECIAL,FURGONETA,MOTOCICLETA,NO_IDENTIFICADO,SCOOTER_ELECTRICO,TRICIMOTO,VEHICULO_DEPORTIVO_UTILITARIO,SUMA_DE_VEHICULOS,EDAD_1,SEXO_1,CONDICION_1,PARTICIPANTE_1,CASCO_1,CINTURON_1,KMeans_Cluster
22318,80993,80994,2020,0,1,-0.112612,-78.297037,PICHINCHA,QUITO,EL QUINCHE,RURAL,2020-01-31,23:15:00,23,VIERNES,5,ENERO,1,NO,"CONDUCIR DESATENTO A LAS CONDICIONES DE TRANSITO (CELULAR, PANTALLAS DE VIDEO, COMIDA, MAQUILLAJE O CUALQUIER OTRO ELEMENTO DISTRACTOR).",CHOQUE LATERAL,MOTOCICLETA,1,0,0,0,0,0,0,0,1,0,0,0,0,2,25,HOMBRE,FALLECIDO,CONDUCTOR PRESENTE,NO,NO,3
22319,81001,81002,2020,0,0,-0.290305,-78.465385,PICHINCHA,QUITO,CONOCOTO,URBANA,2020-02-01,01:30:00,1,SABADO,6,FEBRERO,2,NO,"CONDUCIR DESATENTO A LAS CONDICIONES DE TRANSITO (CELULAR, PANTALLAS DE VIDEO, COMIDA, MAQUILLAJE O CUALQUIER OTRO ELEMENTO DISTRACTOR).",ESTRELLAMIENTOS,VEHICULO DEPORTIVO UTILITARIO,0,0,0,0,0,0,0,0,0,0,0,0,1,1,39,HOMBRE,ILESO,CONDUCTOR PRESENTE,NO,SI,1
22320,81004,81005,2020,1,1,0.037507,-78.147412,PICHINCHA,CAYAMBE,CAYAMBE,URBANA,2020-02-01,02:00:00,2,SABADO,6,FEBRERO,2,NO,"CONDUCE BAJO LA INFLUENCIA DE ALCOHOL, SUSTANCIAS ESTUPEFACIENTES O PSICOTROPICAS Y/O MEDICAMENTOS.",ESTRELLAMIENTOS,VEHICULO DEPORTIVO UTILITARIO,0,0,0,0,1,0,0,0,0,0,0,0,1,2,49,HOMBRE,FALLECIDO,CONDUCTOR PRESENTE,NO,NO,1
22321,81008,81009,2020,0,0,-0.212824,-78.402686,PICHINCHA,QUITO,TUMBACO,RURAL,2020-02-01,02:50:00,2,SABADO,6,FEBRERO,2,NO,CONDUCIR VEHICULO SUPERANDO LOS LIMITES MAXIMOS DE VELOCIDAD.,ESTRELLAMIENTOS,AUTOMOVIL,1,0,0,0,0,0,0,0,0,0,0,0,0,1,-1,NO IDENTIFICADO,NO IDENTIFICADO,CONDUCTOR AUSENTE,NO,NO,2
22322,81010,81011,2020,0,0,-0.188532,-78.492028,PICHINCHA,QUITO,QUITO,URBANA,2020-02-01,03:20:00,3,SABADO,6,FEBRERO,2,NO,CONDUCIR VEHICULO SUPERANDO LOS LIMITES MAXIMOS DE VELOCIDAD.,ESTRELLAMIENTOS,AUTOMOVIL,1,0,0,0,0,0,0,0,0,0,0,0,0,1,-1,NO IDENTIFICADO,NO IDENTIFICADO,CONDUCTOR AUSENTE,NO,NO,2
22323,81012,81013,2020,3,2,-0.091586,-78.439052,PICHINCHA,QUITO,CALDERON (CARAPUNGO),RURAL,2020-02-01,04:05:00,4,SABADO,6,FEBRERO,2,NO,"NO RESPETAR LAS SENIALES REGLAMENTARIAS DE TRANSITO. (PARE, CEDA EL PASO, LUZ ROJA DEL SEMAFORO, ETC).",CHOQUE LATERAL,CAMIONETA,0,0,0,0,2,0,0,0,0,0,0,0,0,2,35,HOMBRE,FALLECIDO,CONDUCTOR PRESENTE,NO,NO,3
22324,81016,81017,2020,0,0,-0.203056,-78.458398,PICHINCHA,QUITO,QUITO,RURAL,2020-02-01,06:00:00,6,SABADO,6,FEBRERO,2,NO,CONDUCIR VEHICULO SUPERANDO LOS LIMITES MAXIMOS DE VELOCIDAD.,OTROS,AUTOMOVIL,1,0,0,0,0,0,0,0,0,0,0,0,0,1,-1,NO IDENTIFICADO,NO IDENTIFICADO,CONDUCTOR AUSENTE,NO,NO,2
22325,81022,81023,2020,0,0,-0.217447,-78.509342,PICHINCHA,QUITO,QUITO,URBANA,2020-02-01,07:40:00,7,SABADO,6,FEBRERO,2,NO,"NO RESPETAR LAS SENIALES REGLAMENTARIAS DE TRANSITO. (PARE, CEDA EL PASO, LUZ ROJA DEL SEMAFORO, ETC).",CHOQUE LATERAL,AUTOMOVIL,2,0,0,0,0,0,0,0,0,0,0,0,0,2,48,HOMBRE,ILESO,CONDUCTOR PRESENTE,NO,NO,1
22326,81025,81026,2020,0,0,-0.321218,-78.372273,PICHINCHA,QUITO,LA MERCED,RURAL,2020-02-01,08:10:00,8,SABADO,6,FEBRERO,2,NO,"CONDUCIR DESATENTO A LAS CONDICIONES DE TRANSITO (CELULAR, PANTALLAS DE VIDEO, COMIDA, MAQUILLAJE O CUALQUIER OTRO ELEMENTO DISTRACTOR).",PERDIDA DE CARRIL,AUTOMOVIL,1,0,0,0,0,0,0,0,0,0,0,0,0,1,28,HOMBRE,ILESO,CONDUCTOR PRESENTE,NO,SI,3
22327,81027,81028,2020,1,0,-0.219011,-78.506146,PICHINCHA,QUITO,QUITO,URBANA,2020-02-01,08:43:00,8,SABADO,6,FEBRERO,2,NO,CONDUCIR VEHICULO SUPERANDO LOS LIMITES MAXIMOS DE VELOCIDAD.,CHOQUE LATERAL,MOTOCICLETA,1,0,0,0,0,0,0,0,1,0,0,0,0,2,28,HOMBRE,LESIONADO,CONDUCTOR PRESENTE,NO,NO,1
22328,81028,81029,2020,3,0,-0.308141,-78.543135,PICHINCHA,QUITO,QUITO,URBANA,2020-02-01,09:22:00,9,SABADO,6,FEBRERO,2,NO,"CONDUCE BAJO LA INFLUENCIA DE ALCOHOL, SUSTANCIAS ESTUPEFACIENTES O PSICOTROPICAS Y/O MEDICAMENTOS.",CHOQUE LATERAL,AUTOMOVIL,1,0,0,0,1,0,0,0,0,0,0,0,0,2,14,MUJER,LESIONADO,PASAJERO,NO,NO,1
22329,81034,81035,2020,0,0,-0.134522,-78.474166,PICHINCHA,QUITO,QUITO,URBANA,2020-02-01,12:30:00,12,SABADO,6,FEBRERO,2,NO,"NO RESPETAR LAS SENIALES REGLAMENTARIAS DE TRANSITO. (PARE, CEDA EL PASO, LUZ ROJA DEL SEMAFORO, ETC).",CHOQUE LATERAL,CAMION,1,0,0,1,0,0,0,0,0,0,0,0,0,2,32,HOMBRE,ILESO,CONDUCTOR PRESENTE,NO,NO,1
22330,81037,81038,2020,0,0,-0.207754,-78.499891,PICHINCHA,QUITO,QUITO,URBANA,2020-02-01,13:00:00,13,SABADO,6,FEBRERO,2,NO,PESO Y VOLUMEN - NO CUMPLIR CON LAS NORMAS DE SEGURIDAD NECESARIAS AL TRANSPORTAR CARGAS.,ESTRELLAMIENTOS,CAMION,0,0,0,1,0,0,0,0,0,0,0,0,0,1,40,HOMBRE,ILESO,CONDUCTOR PRESENTE,NO,NO,1
22331,81039,81040,2020,0,0,-0.288068,-78.528373,PICHINCHA,QUITO,QUITO,URBANA,2020-02-01,13:30:00,13,SABADO,6,FEBRERO,2,NO,NO MANTENER LA DISTANCIA PRUDENCIAL CON RESPECTO AL VEHICULO QUE LE ANTECEDE.,CHOQUE POSTERIOR,AUTOMOVIL,2,0,0,0,0,0,0,0,0,0,0,0,0,2,29,HOMBRE,ILESO,CONDUCTOR PRESENTE,NO,NO,1
22332,81040,81041,2020,0,0,-0.225627,-78.527166,PICHINCHA,QUITO,QUITO,URBANA,2020-02-01,14:10:00,14,SABADO,6,FEBRERO,2,NO,"NO RESPETAR LAS SENIALES REGLAMENTARIAS DE TRANSITO. (PARE, CEDA EL PASO, LUZ ROJA DEL SEMAFORO, ETC).",OTROS,AUTOMOVIL,1,0,0,0,0,0,0,0,0,0,0,0,0,1,-1,NO IDENTIFICADO,NO IDENTIFICADO,CONDUCTOR AUSENTE,NO,NO,2
22333,81044,81045,2020,0,0,-0.200055,-78.489155,PICHINCHA,QUITO,QUITO,URBANA,2020-02-01,15:40:00,15,SABADO,6,FEBRERO,2,NO,"NO RESPETAR LAS SENIALES REGLAMENTARIAS DE TRANSITO. (PARE, CEDA EL PASO, LUZ ROJA DEL SEMAFORO, ETC).",CHOQUE LATERAL,AUTOMOVIL,2,0,0,0,0,0,0,0,0,0,0,0,0,2,45,HOMBRE,ILESO,CONDUCTOR PRESENTE,NO,NO,1
22334,81049,81050,2020,1,0,-0.099083,-78.421844,PICHINCHA,QUITO,CALDERON (CARAPUNGO),RURAL,2020-02-01,16:05:00,16,SABADO,6,FEBRERO,2,NO,"CASO FORTUITO O FUERZA MAYOR (EXPLOSION DE NEUMATICO NUEVO, DERRUMBE, INUNDACION, CAIDA DE PUENTE, ARBOL, PRESENCIA INTEMPESTIVA E IMPREVISTA DE SEMOVIENTES EN LA VIA, ETC.).",ROZAMIENTOS,CAMIONETA,0,0,0,0,1,0,0,0,1,0,0,0,0,2,22,HOMBRE,LESIONADO,CONDUCTOR PRESENTE,NO,NO,3
22335,81050,81051,2020,0,0,-0.292724,-78.476486,PICHINCHA,QUITO,CONOCOTO,RURAL,2020-02-01,16:20:00,16,SABADO,6,FEBRERO,2,NO,"NO RESPETAR LAS SENIALES REGLAMENTARIAS DE TRANSITO. (PARE, CEDA EL PASO, LUZ ROJA DEL SEMAFORO, ETC).",CHOQUE LATERAL,AUTOMOVIL,2,0,0,0,0,0,0,0,0,0,0,0,0,2,65,MUJER,ILESO,PASAJERO,NO,NO,3
22336,81052,81053,2020,0,0,-0.441366,-78.742275,PICHINCHA,MEJIA,MANUEL CORNEJO ASTORGA,RURAL,2020-02-01,16:30:00,16,SABADO,6,FEBRERO,2,NO,"CONDUCIR DESATENTO A LAS CONDICIONES DE TRANSITO (CELULAR, PANTALLAS DE VIDEO, COMIDA, MAQUILLAJE O CUALQUIER OTRO ELEMENTO DISTRACTOR).",VOLCAMIENTOS,CAMION,0,0,0,1,0,0,0,0,0,0,0,0,0,1,-1,NO IDENTIFICADO,NO IDENTIFICADO,CONDUCTOR AUSENTE,NO,NO,2
22337,81053,81054,2020,0,0,-0.231015,-78.504008,PICHINCHA,QUITO,QUITO,URBANA,2020-02-01,16:35:00,16,SABADO,6,FEBRERO,2,NO,NO MANTENER LA DISTANCIA PRUDENCIAL CON RESPECTO AL VEHICULO QUE LE ANTECEDE.,CHOQUE POSTERIOR,AUTOMOVIL,2,0,0,0,0,0,0,0,0,0,0,0,0,2,40,HOMBRE,ILESO,CONDUCTOR PRESENTE,NO,NO,1
22338,81061,81062,2020,0,0,-0.261533,-78.544355,PICHINCHA,QUITO,QUITO,URBANA,2020-02-01,17:50:00,17,SABADO,6,FEBRERO,2,NO,"CONDUCE BAJO LA INFLUENCIA DE ALCOHOL, SUSTANCIAS ESTUPEFACIENTES O PSICOTROPICAS Y/O MEDICAMENTOS.",CHOQUE POSTERIOR,AUTOMOVIL,2,0,0,0,0,0,0,0,0,0,0,0,0,2,34,HOMBRE,ILESO,CONDUCTOR PRESENTE,NO,NO,1
22339,81067,81068,2020,2,0,-0.255962,-78.532402,PICHINCHA,QUITO,QUITO,URBANA,2020-02-01,20:00:00,20,SABADO,6,FEBRERO,2,NO,"CONDUCE BAJO LA INFLUENCIA DE ALCOHOL, SUSTANCIAS ESTUPEFACIENTES O PSICOTROPICAS Y/O MEDICAMENTOS.",CHOQUE LATERAL,AUTOMOVIL,2,0,0,0,0,0,0,0,0,0,0,0,0,2,25,MUJER,LESIONADO,PASAJERO,NO,NO,1
22340,81069,81070,2020,1,0,-0.209101,-78.365448,PICHINCHA,QUITO,PUEMBO,RURAL,2020-02-01,20:20:00,20,SABADO,6,FEBRERO,2,NO,"CONDUCE BAJO LA INFLUENCIA DE ALCOHOL, SUSTANCIAS ESTUPEFACIENTES O PSICOTROPICAS Y/O MEDICAMENTOS.",CHOQUE POSTERIOR,AUTOMOVIL,1,0,0,0,1,0,0,0,0,0,0,0,0,2,25,HOMBRE,LESIONADO,PASAJERO,NO,NO,3
22341,81072,81073,2020,1,0,-0.105384,-78.497732,PICHINCHA,QUITO,QUITO,URBANA,2020-02-01,20:45:00,20,SABADO,6,FEBRERO,2,NO,NO TRANSITAR POR LAS ACERAS O ZONAS DE SEGURIDAD DESTINADAS PARA EL EFECTO.,ATROPELLOS,CAMIONETA,0,0,0,0,1,0,0,0,0,0,0,0,0,1,28,HOMBRE,LESIONADO,PEATON,NO,NO,1
22342,81091,81092,2020,0,0,-0.271125,-78.551998,PICHINCHA,QUITO,QUITO,URBANA,2020-02-01,22:40:00,22,SABADO,6,FEBRERO,2,NO,"NO RESPETAR LAS SENIALES REGLAMENTARIAS DE TRANSITO. (PARE, CEDA EL PASO, LUZ ROJA DEL SEMAFORO, ETC).",CHOQUE LATERAL,MOTOCICLETA,1,0,0,0,0,0,0,0,1,0,0,0,0,2,24,HOMBRE,ILESO,CONDUCTOR PRESENTE,NO,NO,1
22343,81102,81103,2020,1,0,-0.298722,-78.546842,PICHINCHA,QUITO,QUITO,URBANA,2020-02-02,02:40:00,2,DOMINGO,7,FEBRERO,2,NO,CONDUCIR VEHICULO SUPERANDO LOS LIMITES MAXIMOS DE VELOCIDAD.,ATROPELLOS,NO IDENTIFICADO,0,0,0,0,0,0,0,0,0,1,0,0,0,1,27,HOMBRE,LESIONADO,PEATON,NO,NO,1
22344,81112,81113,2020,0,4,-0.117492,-78.321963,PICHINCHA,QUITO,CHECA (CHILPA),RURAL,2020-02-02,04:00:00,4,DOMINGO,7,FEBRERO,2,NO,"CONDUCIR EN ESTADO DE SOMNOLENCIA O MALAS CONDICIONES FISICAS (SUENIO, CANSANCIO Y FATIGA).",PERDIDA DE CARRIL,CAMIONETA,0,0,0,0,1,0,0,0,0,0,0,0,0,1,71,HOMBRE,FALLECIDO,PASAJERO,NO,NO,3
22345,81114,81115,2020,0,0,-0.268789,-78.533277,PICHINCHA,QUITO,QUITO,URBANA,2020-02-02,04:20:00,4,DOMINGO,7,FEBRERO,2,NO,CONDUCIR VEHICULO SUPERANDO LOS LIMITES MAXIMOS DE VELOCIDAD.,ESTRELLAMIENTOS,MOTOCICLETA,0,0,0,0,0,0,0,0,1,0,0,0,0,1,-1,NO IDENTIFICADO,NO IDENTIFICADO,CONDUCTOR AUSENTE,NO,NO,2
22346,81120,81121,2020,3,0,-0.244435,-78.482091,PICHINCHA,QUITO,QUITO,RURAL,2020-02-02,05:15:00,5,DOMINGO,7,FEBRERO,2,NO,"CONDUCIR EN ESTADO DE SOMNOLENCIA O MALAS CONDICIONES FISICAS (SUENIO, CANSANCIO Y FATIGA).",ESTRELLAMIENTOS,AUTOMOVIL,1,0,0,0,0,0,0,0,0,0,0,0,0,1,21,MUJER,LESIONADO,PASAJERO,NO,NO,3
22347,81124,81125,2020,0,0,-0.281743,-78.546189,PICHINCHA,QUITO,QUITO,URBANA,2020-02-02,05:45:00,5,DOMINGO,7,FEBRERO,2,NO,CONDUCIR VEHICULO SUPERANDO LOS LIMITES MAXIMOS DE VELOCIDAD.,ESTRELLAMIENTOS,AUTOMOVIL,1,0,0,0,0,0,0,0,0,0,0,0,0,1,-1,NO IDENTIFICADO,NO IDENTIFICADO,CONDUCTOR AUSENTE,NO,NO,2
22348,81134,81135,2020,1,0,-0.309384,-78.562665,PICHINCHA,QUITO,QUITO,URBANA,2020-02-02,11:40:00,11,DOMINGO,7,FEBRERO,2,NO,CONDUCIR EN SENTIDO CONTRARIO A LA VIA NORMAL DE CIRCULACION.,CHOQUE FRONTAL,MOTOCICLETA,0,0,0,1,0,0,0,0,1,0,0,0,0,2,21,HOMBRE,LESIONADO,CONDUCTOR PRESENTE,NO,NO,1
22349,81135,81136,2020,1,0,-0.410683,-78.547551,PICHINCHA,MEJIA,TAMBILLO (MEJIA),RURAL,2020-02-02,11:50:00,11,DOMINGO,7,FEBRERO,2,NO,"CONDUCIR DESATENTO A LAS CONDICIONES DE TRANSITO (CELULAR, PANTALLAS DE VIDEO, COMIDA, MAQUILLAJE O CUALQUIER OTRO ELEMENTO DISTRACTOR).",PERDIDA DE PISTA,AUTOMOVIL,1,0,0,0,0,0,0,0,0,0,0,0,0,1,-1,MUJER,LESIONADO,CONDUCTOR PRESENTE,NO,SI,3
22350,81136,81137,2020,0,0,-0.275951,-78.489003,PICHINCHA,QUITO,CONOCOTO,RURAL,2020-02-02,12:50:00,12,DOMINGO,7,FEBRERO,2,NO,"CONDUCIR DESATENTO A LAS CONDICIONES DE TRANSITO (CELULAR, PANTALLAS DE VIDEO, COMIDA, MAQUILLAJE O CUALQUIER OTRO ELEMENTO DISTRACTOR).",PERDIDA DE CARRIL,AUTOMOVIL,1,0,0,0,0,0,0,0,0,0,0,0,0,1,27,HOMBRE,ILESO,CONDUCTOR PRESENTE,NO,SI,3
22351,81138,81139,2020,1,0,-0.107507,-78.366001,PICHINCHA,QUITO,TABABELA,RURAL,2020-02-02,14:00:00,14,DOMINGO,7,FEBRERO,2,NO,"CONDUCIR DESATENTO A LAS CONDICIONES DE TRANSITO (CELULAR, PANTALLAS DE VIDEO, COMIDA, MAQUILLAJE O CUALQUIER OTRO ELEMENTO DISTRACTOR).",ATROPELLOS,AUTOMOVIL,1,0,0,0,0,0,0,0,0,0,0,0,0,1,54,HOMBRE,LESIONADO,PEATON,NO,NO,3
22352,81140,81141,2020,1,0,-0.327248,-78.550355,PICHINCHA,QUITO,QUITO,URBANA,2020-02-02,14:10:00,14,DOMINGO,7,FEBRERO,2,NO,"PEATON TRANSITA BAJO INFLUENCIA DE ALCOHOL, SUSTANCIAS ESTUPEFACIENTES O PSICOTROPICAS Y/O MEDICAMENTOS.",ATROPELLOS,BUS,0,0,1,0,0,0,0,0,0,0,0,0,0,1,33,MUJER,LESIONADO,PEATON,NO,NO,1
22353,81146,81147,2020,0,0,-0.101379,-78.479131,PICHINCHA,QUITO,QUITO,URBANA,2020-02-02,15:20:00,15,DOMINGO,7,FEBRERO,2,NO,"CONDUCE BAJO LA INFLUENCIA DE ALCOHOL, SUSTANCIAS ESTUPEFACIENTES O PSICOTROPICAS Y/O MEDICAMENTOS.",ROZAMIENTOS,AUTOMOVIL,2,0,0,0,0,0,0,0,0,0,0,0,0,2,21,HOMBRE,ILESO,CONDUCTOR PRESENTE,NO,NO,1
22354,81153,81154,2020,1,0,-0.117427,-78.494174,PICHINCHA,QUITO,QUITO,URBANA,2020-02-02,17:15:00,17,DOMINGO,7,FEBRERO,2,NO,"CONDUCE BAJO LA INFLUENCIA DE ALCOHOL, SUSTANCIAS ESTUPEFACIENTES O PSICOTROPICAS Y/O MEDICAMENTOS.",ESTRELLAMIENTOS,CAMIONETA,0,0,0,0,1,0,0,1,0,0,0,0,0,2,12,HOMBRE,LESIONADO,PASAJERO,NO,NO,1
22355,81162,81163,2020,0,0,-0.195771,-78.484198,PICHINCHA,QUITO,QUITO,URBANA,2020-02-02,18:30:00,18,DOMINGO,7,FEBRERO,2,NO,CONDUCIR VEHICULO SUPERANDO LOS LIMITES MAXIMOS DE VELOCIDAD.,OTROS,AUTOMOVIL,1,0,1,0,1,0,0,0,0,0,0,0,0,3,29,HOMBRE,ILESO,PASAJERO,NO,NO,1
22356,81173,81174,2020,4,0,-0.154618,-78.497349,PICHINCHA,QUITO,QUITO,URBANA,2020-02-02,19:40:00,19,DOMINGO,7,FEBRERO,2,NO,CONDUCIR VEHICULO SUPERANDO LOS LIMITES MAXIMOS DE VELOCIDAD.,COLISION,AUTOMOVIL,3,0,0,0,0,0,0,0,0,0,0,0,0,3,7,HOMBRE,LESIONADO,PASAJERO,NO,NO,1
22357,81175,81176,2020,0,0,-0.240724,-78.505394,PICHINCHA,QUITO,QUITO,URBANA,2020-02-02,20:00:00,20,DOMINGO,7,FEBRERO,2,NO,NO GUARDAR LA DISTANCIA LATERAL MINIMA DE SEGURIDAD ENTRE VEHICULOS.,CHOQUE LATERAL,AUTOMOVIL,2,0,0,0,0,0,0,0,0,0,0,0,0,2,62,HOMBRE,ILESO,CONDUCTOR PRESENTE,NO,NO,1
22358,81184,81185,2020,1,0,-0.235009,-78.336482,PICHINCHA,QUITO,PIFO,RURAL,2020-02-02,22:50:00,22,DOMINGO,7,FEBRERO,2,NO,"CONDUCIR DESATENTO A LAS CONDICIONES DE TRANSITO (CELULAR, PANTALLAS DE VIDEO, COMIDA, MAQUILLAJE O CUALQUIER OTRO ELEMENTO DISTRACTOR).",ESTRELLAMIENTOS,MOTOCICLETA,0,0,0,0,0,0,0,0,1,0,0,0,0,1,26,HOMBRE,LESIONADO,CONDUCTOR PRESENTE,NO,SI,3
22359,81187,81188,2020,0,1,-0.301132,-78.521061,PICHINCHA,QUITO,QUITO,URBANA,2020-02-03,00:45:00,0,LUNES,1,FEBRERO,2,NO,PEATON QUE CRUZA LA CALZADA SIN RESPETAR LA SENIALIZACION EXISTENTE (SEMAFOROS O SENIALES MANUALES).,ATROPELLOS,NO IDENTIFICADO,0,0,0,0,0,0,0,0,0,1,0,0,0,1,-1,HOMBRE,FALLECIDO,PEATON,NO,NO,0
22360,81190,81191,2020,0,0,-0.279126,-78.558722,PICHINCHA,QUITO,QUITO,URBANA,2020-02-03,04:00:00,4,LUNES,1,FEBRERO,2,NO,"CONDUCE BAJO LA INFLUENCIA DE ALCOHOL, SUSTANCIAS ESTUPEFACIENTES O PSICOTROPICAS Y/O MEDICAMENTOS.",ESTRELLAMIENTOS,AUTOMOVIL,1,0,0,0,0,0,0,0,0,0,0,0,0,1,-1,MUJER,ILESO,PASAJERO,NO,NO,1
22361,81192,81193,2020,1,0,-0.276583,-78.496537,PICHINCHA,QUITO,CONOCOTO,RURAL,2020-02-03,06:40:00,6,LUNES,1,FEBRERO,2,NO,CONDUCIR VEHICULO SUPERANDO LOS LIMITES MAXIMOS DE VELOCIDAD.,OTROS,MOTOCICLETA,0,0,0,0,0,0,0,0,1,1,0,0,0,2,35,HOMBRE,LESIONADO,CONDUCTOR PRESENTE,NO,NO,3
22362,81193,81194,2020,0,0,-0.219011,-78.506146,PICHINCHA,QUITO,QUITO,URBANA,2020-02-03,06:43:00,6,LUNES,1,FEBRERO,2,NO,"NO RESPETAR LAS SENIALES REGLAMENTARIAS DE TRANSITO. (PARE, CEDA EL PASO, LUZ ROJA DEL SEMAFORO, ETC).",CHOQUE LATERAL,AUTOMOVIL,2,0,0,0,0,0,0,0,0,0,0,0,0,2,39,MUJER,ILESO,CONDUCTOR PRESENTE,NO,NO,1
22363,81195,81196,2020,1,0,-0.102778,-78.443583,PICHINCHA,QUITO,CALDERON (CARAPUNGO),RURAL,2020-02-03,07:00:00,7,LUNES,1,FEBRERO,2,NO,NO CEDER EL DERECHO DE VIA O PREFERENCIA DE PASO AL PEATON.,ATROPELLOS,AUTOMOVIL,1,0,0,0,0,0,0,0,0,0,0,0,0,1,71,HOMBRE,LESIONADO,PEATON,NO,NO,3
22364,81201,81202,2020,1,0,-0.236662,-78.508294,PICHINCHA,QUITO,QUITO,URBANA,2020-02-03,07:59:00,7,LUNES,1,FEBRERO,2,NO,CONDUCIR VEHICULO SUPERANDO LOS LIMITES MAXIMOS DE VELOCIDAD.,CHOQUE LATERAL,MOTOCICLETA,1,0,0,0,0,0,0,0,1,0,0,0,0,2,31,HOMBRE,LESIONADO,CONDUCTOR PRESENTE,NO,NO,1
22365,81204,81205,2020,0,0,-0.277624,-78.531251,PICHINCHA,QUITO,QUITO,URBANA,2020-02-03,09:08:00,9,LUNES,1,FEBRERO,2,NO,"CONDUCIR DESATENTO A LAS CONDICIONES DE TRANSITO (CELULAR, PANTALLAS DE VIDEO, COMIDA, MAQUILLAJE O CUALQUIER OTRO ELEMENTO DISTRACTOR).",ATROPELLOS,AUTOMOVIL,1,0,0,0,0,0,0,0,0,0,0,0,0,1,91,HOMBRE,ILESO,PEATON,NO,NO,1
22366,81205,81206,2020,0,0,-0.173461,-78.476865,PICHINCHA,QUITO,QUITO,URBANA,2020-02-03,09:25:00,9,LUNES,1,FEBRERO,2,NO,"NO RESPETAR LAS SENIALES REGLAMENTARIAS DE TRANSITO. (PARE, CEDA EL PASO, LUZ ROJA DEL SEMAFORO, ETC).",CHOQUE LATERAL,AUTOMOVIL,2,0,0,0,0,0,0,0,0,0,0,0,0,2,54,HOMBRE,ILESO,CONDUCTOR PRESENTE,NO,NO,1
22367,81210,81211,2020,2,0,-0.288389,-78.541539,PICHINCHA,QUITO,QUITO,URBANA,2020-02-03,11:45:00,11,LUNES,1,FEBRERO,2,NO,"NO RESPETAR LAS SENIALES REGLAMENTARIAS DE TRANSITO. (PARE, CEDA EL PASO, LUZ ROJA DEL SEMAFORO, ETC).",CHOQUE LATERAL,AUTOMOVIL,1,0,0,0,0,0,0,0,1,0,0,0,0,2,53,MUJER,LESIONADO,PASAJERO,NO,NO,1
22368,81215,81216,2020,2,0,-0.279351,-78.555006,PICHINCHA,QUITO,QUITO,URBANA,2020-02-03,12:30:00,12,LUNES,1,FEBRERO,2,NO,"NO RESPETAR LAS SENIALES REGLAMENTARIAS DE TRANSITO. (PARE, CEDA EL PASO, LUZ ROJA DEL SEMAFORO, ETC).",CHOQUE LATERAL,AUTOMOVIL,1,0,0,0,0,0,0,0,1,0,0,0,0,2,31,MUJER,LESIONADO,PASAJERO,NO,NO,1
22369,81228,81229,2020,0,0,-0.300547,-78.438713,PICHINCHA,QUITO,ALANGASI,RURAL,2020-02-03,19:10:00,19,LUNES,1,FEBRERO,2,NO,NO GUARDAR LA DISTANCIA LATERAL MINIMA DE SEGURIDAD ENTRE VEHICULOS.,CHOQUE LATERAL,AUTOMOVIL,1,0,0,0,1,0,0,0,0,0,0,0,0,2,26,MUJER,ILESO,CONDUCTOR PRESENTE,NO,NO,3
22370,81233,81234,2020,2,0,-0.203469,-78.503011,PICHINCHA,QUITO,QUITO,URBANA,2020-02-03,20:00:00,20,LUNES,1,FEBRERO,2,NO,"NO RESPETAR LAS SENIALES REGLAMENTARIAS DE TRANSITO. (PARE, CEDA EL PASO, LUZ ROJA DEL SEMAFORO, ETC).",CHOQUE LATERAL,BUS,0,0,1,0,0,0,0,0,1,0,0,0,0,2,21,HOMBRE,LESIONADO,PASAJERO,NO,NO,1
22371,81244,81245,2020,0,0,-0.211526,-78.446722,PICHINCHA,QUITO,CUMBAYA,RURAL,2020-02-04,02:25:00,2,MARTES,2,FEBRERO,2,NO,"CONDICIONES AMBIENTALES Y/O ATMOSFERICAS (NIEBLA, NEBLINA, GRANIZO, LLUVIA).",ESTRELLAMIENTOS,CAMION,0,0,0,1,0,0,0,0,0,0,0,0,0,1,36,HOMBRE,ILESO,CONDUCTOR PRESENTE,NO,NO,3
22372,81246,81247,2020,1,0,-0.293646,-78.539922,PICHINCHA,QUITO,QUITO,URBANA,2020-02-04,05:45:00,5,MARTES,2,FEBRERO,2,NO,PEATON QUE CRUZA LA CALZADA SIN RESPETAR LA SENIALIZACION EXISTENTE (SEMAFOROS O SENIALES MANUALES).,OTROS,FURGONETA,0,0,1,0,0,0,0,1,0,0,0,0,0,2,47,MUJER,LESIONADO,PEATON,NO,NO,0
22373,81251,81252,2020,0,0,-0.254415,-78.522299,PICHINCHA,QUITO,QUITO,URBANA,2020-02-04,07:29:00,7,MARTES,2,FEBRERO,2,NO,NO MANTENER LA DISTANCIA PRUDENCIAL CON RESPECTO AL VEHICULO QUE LE ANTECEDE.,COLISION,AUTOMOVIL,4,0,0,0,0,0,0,0,0,0,0,0,0,4,31,MUJER,ILESO,CONDUCTOR PRESENTE,NO,NO,1