,Unnamed: 0,ID,ANIO,LESIONADOS,FALLECIDOS,LATITUD_Y,LONGITUD_X,PROVINCIA,CANTON,PARROQUIA,ZONA,FECHA,HORA,PERIODO_2,DIA_1,DIA_2,MES_1,MES_2,FERIADO,CAUSA_PROBABLE,TIPO_DE_SINIESTRO,TIPO_DE_VEHICULO_1,AUTOMOVIL,BICICLETA,BUS,CAMION,CAMIONETA,EMERGENCIAS,ESPECIAL,FURGONETA,MOTOCICLETA,NO_IDENTIFICADO,SCOOTER_ELECTRICO,TRICIMOTO,VEHICULO_DEPORTIVO_UTILITARIO,SUMA_DE_VEHICULOS,EDAD_1,SEXO_1,CONDICION_1,PARTICIPANTE_1,CASCO_1,CINTURON_1,KMeans_Cluster
22489,81793,81794,2020,0,0,-0.279161,-78.542889,PICHINCHA,QUITO,QUITO,URBANA,2020-02-12,02:45:00,2,MIERCOLES,3,FEBRERO,2,NO,CONDUCIR VEHICULO SUPERANDO LOS LIMITES MAXIMOS DE VELOCIDAD.,ESTRELLAMIENTOS,AUTOMOVIL,1,0,0,0,0,0,0,0,0,0,0,0,0,1,-1,NO IDENTIFICADO,NO IDENTIFICADO,CONDUCTOR AUSENTE,NO,NO,2
22490,81797,81798,2020,1,0,-0.164699,-78.481424,PICHINCHA,QUITO,QUITO,URBANA,2020-02-12,08:21:00,8,MIERCOLES,3,FEBRERO,2,NO,"NO RESPETAR LAS SENIALES REGLAMENTARIAS DE TRANSITO. (PARE, CEDA EL PASO, LUZ ROJA DEL SEMAFORO, ETC).",CHOQUE LATERAL,AUTOMOVIL,2,0,0,0,0,0,0,0,0,0,0,0,0,2,51,MUJER,LESIONADO,PASAJERO,NO,NO,1
22491,81799,81800,2020,0,0,-0.300095,-78.474469,PICHINCHA,QUITO,CONOCOTO,RURAL,2020-02-12,09:00:00,9,MIERCOLES,3,FEBRERO,2,NO,NO CEDER EL DERECHO DE VIA O PREFERENCIA DE PASO A VEHICULOS.,CHOQUE LATERAL,CAMIONETA,0,0,0,0,2,0,0,0,0,0,0,0,0,2,40,HOMBRE,ILESO,CONDUCTOR PRESENTE,NO,NO,3
22492,81806,81807,2020,0,0,-0.170794,-78.475987,PICHINCHA,QUITO,QUITO,URBANA,2020-02-12,13:25:00,13,MIERCOLES,3,FEBRERO,2,NO,NO MANTENER LA DISTANCIA PRUDENCIAL CON RESPECTO AL VEHICULO QUE LE ANTECEDE.,CHOQUE POSTERIOR,AUTOMOVIL,1,0,0,0,1,0,0,0,0,0,0,0,0,2,51,HOMBRE,ILESO,CONDUCTOR PRESENTE,NO,NO,1
22493,81815,81816,2020,1,0,-0.387417,-78.511392,PICHINCHA,QUITO,AMAGUANIA,RURAL,2020-02-12,20:00:00,20,MIERCOLES,3,FEBRERO,2,NO,NO CEDER EL DERECHO DE VIA O PREFERENCIA DE PASO AL PEATON.,ATROPELLOS,NO IDENTIFICADO,0,0,0,0,0,0,0,0,0,1,0,0,0,1,-1,HOMBRE,LESIONADO,PEATON,NO,NO,3
22494,81818,81819,2020,0,0,-0.283634,-78.535666,PICHINCHA,QUITO,QUITO,URBANA,2020-02-12,20:30:00,20,MIERCOLES,3,FEBRERO,2,NO,REALIZAR CAMBIO BRUSCO O INDEBIDO DE CARRIL.,ROZAMIENTOS,BUS,0,0,1,0,1,0,0,0,0,0,0,0,0,2,31,HOMBRE,ILESO,CONDUCTOR PRESENTE,NO,NO,1
22495,81823,81824,2020,1,0,-0.199929,-78.482771,PICHINCHA,QUITO,QUITO,URBANA,2020-02-13,00:30:00,0,JUEVES,4,FEBRERO,2,NO,"NO RESPETAR LAS SENIALES REGLAMENTARIAS DE TRANSITO. (PARE, CEDA EL PASO, LUZ ROJA DEL SEMAFORO, ETC).",CHOQUE FRONTAL,AUTOMOVIL,2,0,0,0,0,0,0,0,0,0,0,0,0,2,34,HOMBRE,LESIONADO,CONDUCTOR PRESENTE,NO,NO,1
22496,81824,81825,2020,1,0,-0.164779,-78.453565,PICHINCHA,QUITO,QUITO,URBANA,2020-02-13,00:30:00,0,JUEVES,4,FEBRERO,2,NO,CONDUCIR VEHICULO SUPERANDO LOS LIMITES MAXIMOS DE VELOCIDAD.,COLISION,AUTOMOVIL,1,0,0,0,1,0,0,0,0,1,0,0,0,3,28,HOMBRE,LESIONADO,CONDUCTOR PRESENTE,NO,NO,1
22497,81826,81827,2020,0,0,-0.373916,-78.832277,PICHINCHA,MEJIA,MANUEL CORNEJO ASTORGA,RURAL,2020-02-13,06:35:00,6,JUEVES,4,FEBRERO,2,NO,"CONDUCIR DESATENTO A LAS CONDICIONES DE TRANSITO (CELULAR, PANTALLAS DE VIDEO, COMIDA, MAQUILLAJE O CUALQUIER OTRO ELEMENTO DISTRACTOR).",ESTRELLAMIENTOS,CAMION,0,0,0,1,0,0,0,0,0,0,0,0,0,1,41,HOMBRE,ILESO,CONDUCTOR PRESENTE,NO,SI,3
22498,81839,81840,2020,1,0,-0.227324,-78.450086,PICHINCHA,QUITO,CUMBAYA,RURAL,2020-02-13,14:45:00,14,JUEVES,4,FEBRERO,2,NO,NO MANTENER LA DISTANCIA PRUDENCIAL CON RESPECTO AL VEHICULO QUE LE ANTECEDE.,CHOQUE POSTERIOR,MOTOCICLETA,1,0,0,0,0,0,0,0,1,0,0,0,0,2,25,HOMBRE,LESIONADO,CONDUCTOR PRESENTE,NO,NO,3
22499,81841,81842,2020,1,0,-0.201428,-78.481612,PICHINCHA,QUITO,QUITO,URBANA,2020-02-13,15:30:00,15,JUEVES,4,FEBRERO,2,NO,NO GUARDAR LA DISTANCIA LATERAL MINIMA DE SEGURIDAD ENTRE VEHICULOS.,CHOQUE LATERAL,AUTOMOVIL,1,0,0,0,0,0,0,0,1,0,0,0,0,2,44,HOMBRE,LESIONADO,CONDUCTOR PRESENTE,NO,NO,1
22500,81845,81846,2020,1,0,-0.194195,-78.478846,PICHINCHA,QUITO,QUITO,URBANA,2020-02-13,16:50:00,16,JUEVES,4,FEBRERO,2,NO,CONDUCIR VEHICULO SUPERANDO LOS LIMITES MAXIMOS DE VELOCIDAD.,CHOQUE LATERAL,MOTOCICLETA,0,0,0,0,0,0,0,0,1,1,0,0,0,2,29,HOMBRE,LESIONADO,CONDUCTOR PRESENTE,NO,NO,1
22501,81851,81852,2020,1,0,-0.297168,-78.534604,PICHINCHA,QUITO,QUITO,URBANA,2020-02-13,17:20:00,17,JUEVES,4,FEBRERO,2,NO,CONDUCIR VEHICULO SUPERANDO LOS LIMITES MAXIMOS DE VELOCIDAD.,CAIDA DE PASAJERO,BUS,0,0,1,0,0,0,0,0,0,0,0,0,0,1,46,MUJER,LESIONADO,PASAJERO,NO,NO,1
22502,81859,81860,2020,0,0,-0.308113,-78.561892,PICHINCHA,QUITO,QUITO,URBANA,2020-02-13,19:40:00,19,JUEVES,4,FEBRERO,2,NO,"CASO FORTUITO O FUERZA MAYOR (EXPLOSION DE NEUMATICO NUEVO, DERRUMBE, INUNDACION, CAIDA DE PUENTE, ARBOL, PRESENCIA INTEMPESTIVA E IMPREVISTA DE SEMOVIENTES EN LA VIA, ETC.).",OTROS,MOTOCICLETA,0,0,0,0,0,0,0,0,1,1,0,0,0,2,20,HOMBRE,ILESO,CONDUCTOR PRESENTE,NO,NO,1
22503,81868,81869,2020,1,0,-0.283154,-78.543938,PICHINCHA,QUITO,QUITO,URBANA,2020-02-13,23:00:00,23,JUEVES,4,FEBRERO,2,NO,NO GUARDAR LA DISTANCIA LATERAL MINIMA DE SEGURIDAD ENTRE VEHICULOS.,CHOQUE LATERAL,AUTOMOVIL,2,0,0,0,0,0,0,0,0,0,0,0,0,2,33,HOMBRE,LESIONADO,PASAJERO,NO,NO,1
22504,81872,81873,2020,0,0,-0.208015,-78.490206,PICHINCHA,QUITO,QUITO,URBANA,2020-02-13,23:10:00,23,JUEVES,4,FEBRERO,2,NO,"CONDUCE BAJO LA INFLUENCIA DE ALCOHOL, SUSTANCIAS ESTUPEFACIENTES O PSICOTROPICAS Y/O MEDICAMENTOS.",CHOQUE POSTERIOR,AUTOMOVIL,2,0,0,0,0,0,0,0,0,0,0,0,0,2,55,HOMBRE,ILESO,CONDUCTOR PRESENTE,NO,NO,1
22505,81874,81875,2020,1,0,-0.247141,-78.475845,PICHINCHA,QUITO,QUITO,RURAL,2020-02-14,00:30:00,0,VIERNES,5,FEBRERO,2,NO,"PRESENCIA DE AGENTES EXTERNOS EN LA VIA (AGUA, ACEITE, PIEDRA, LASTRE, ESCOMBROS, MADEROS, ETC.).",ESTRELLAMIENTOS,CAMIONETA,0,0,0,0,1,0,0,0,0,0,0,0,0,1,33,HOMBRE,LESIONADO,PASAJERO,NO,NO,3
22506,81881,81882,2020,0,0,-0.251322,-78.513948,PICHINCHA,QUITO,QUITO,URBANA,2020-02-14,03:20:00,3,VIERNES,5,FEBRERO,2,NO,"CONDUCIR EN ESTADO DE SOMNOLENCIA O MALAS CONDICIONES FISICAS (SUENIO, CANSANCIO Y FATIGA).",ESTRELLAMIENTOS,AUTOMOVIL,1,0,0,0,0,0,0,0,0,0,0,0,0,1,-1,NO IDENTIFICADO,NO IDENTIFICADO,CONDUCTOR AUSENTE,NO,NO,2
22507,81883,81884,2020,0,0,-0.229112,-78.507495,PICHINCHA,QUITO,QUITO,URBANA,2020-02-14,04:30:00,4,VIERNES,5,FEBRERO,2,NO,"NO RESPETAR LAS SENIALES REGLAMENTARIAS DE TRANSITO. (PARE, CEDA EL PASO, LUZ ROJA DEL SEMAFORO, ETC).",ESTRELLAMIENTOS,ESPECIAL,0,0,0,0,0,0,1,0,0,0,0,0,0,1,47,HOMBRE,ILESO,CONDUCTOR PRESENTE,NO,NO,1
22508,81884,81885,2020,0,0,-0.217302,-78.399421,PICHINCHA,QUITO,TUMBACO,RURAL,2020-02-14,04:59:00,4,VIERNES,5,FEBRERO,2,NO,CONDUCIR VEHICULO SUPERANDO LOS LIMITES MAXIMOS DE VELOCIDAD.,ESTRELLAMIENTOS,CAMIONETA,0,0,0,0,1,0,0,0,0,0,0,0,0,1,-1,NO IDENTIFICADO,NO IDENTIFICADO,CONDUCTOR AUSENTE,NO,NO,2
22509,81888,81889,2020,1,0,-0.117995,-78.506546,PICHINCHA,QUITO,QUITO,URBANA,2020-02-14,06:38:00,6,VIERNES,5,FEBRERO,2,NO,DEJAR O RECOGER PASAJEROS EN LUGARES NO PERMITIDOS.,CAIDA DE PASAJERO,BUS,0,0,1,0,0,0,0,0,0,0,0,0,0,1,39,MUJER,LESIONADO,PASAJERO,NO,NO,1
22510,81889,81890,2020,0,0,-0.108661,-78.488243,PICHINCHA,QUITO,QUITO,URBANA,2020-02-14,06:40:00,6,VIERNES,5,FEBRERO,2,NO,NO MANTENER LA DISTANCIA PRUDENCIAL CON RESPECTO AL VEHICULO QUE LE ANTECEDE.,CHOQUE POSTERIOR,AUTOMOVIL,2,0,0,0,0,0,0,0,0,0,0,0,0,2,25,HOMBRE,ILESO,CONDUCTOR PRESENTE,NO,NO,1
22511,81893,81894,2020,1,0,-0.205252,-78.507863,PICHINCHA,QUITO,QUITO,URBANA,2020-02-14,07:35:00,7,VIERNES,5,FEBRERO,2,NO,PEATON QUE CRUZA LA CALZADA SIN RESPETAR LA SENIALIZACION EXISTENTE (SEMAFOROS O SENIALES MANUALES).,ATROPELLOS,MOTOCICLETA,0,0,0,0,0,0,0,0,1,0,0,0,0,1,38,MUJER,LESIONADO,PEATON,NO,NO,0
22512,81895,81896,2020,1,0,-0.134965,-78.483421,PICHINCHA,QUITO,QUITO,URBANA,2020-02-14,07:50:00,7,VIERNES,5,FEBRERO,2,NO,PEATON QUE CRUZA LA CALZADA SIN RESPETAR LA SENIALIZACION EXISTENTE (SEMAFOROS O SENIALES MANUALES).,ATROPELLOS,AUTOMOVIL,1,0,0,0,0,0,0,0,0,0,0,0,0,1,39,HOMBRE,LESIONADO,PEATON,NO,NO,1
22513,81898,81899,2020,1,0,-0.140621,-78.495153,PICHINCHA,QUITO,QUITO,URBANA,2020-02-14,08:40:00,8,VIERNES,5,FEBRERO,2,NO,NO GUARDAR LA DISTANCIA LATERAL MINIMA DE SEGURIDAD ENTRE VEHICULOS.,CHOQUE LATERAL,BICICLETA,1,1,0,0,0,0,0,0,0,0,0,0,0,2,42,HOMBRE,LESIONADO,CONDUCTOR PRESENTE,NO,NO,1
22514,81904,81905,2020,0,0,-0.328021,-78.540467,PICHINCHA,QUITO,QUITO,URBANA,2020-02-14,12:30:00,12,VIERNES,5,FEBRERO,2,NO,CONDUCIR VEHICULO SUPERANDO LOS LIMITES MAXIMOS DE VELOCIDAD.,ESTRELLAMIENTOS,CAMIONETA,0,0,0,0,1,0,0,0,0,0,0,0,0,1,15,MUJER,ILESO,PASAJERO,NO,NO,1
22515,81905,81906,2020,0,1,-0.230682,-78.509963,PICHINCHA,QUITO,QUITO,URBANA,2020-02-14,13:10:00,13,VIERNES,5,FEBRERO,2,NO,"CONDUCE BAJO LA INFLUENCIA DE ALCOHOL, SUSTANCIAS ESTUPEFACIENTES O PSICOTROPICAS Y/O MEDICAMENTOS.",OTROS,MOTOCICLETA,0,0,1,1,0,0,0,0,1,0,0,0,0,3,23,HOMBRE,FALLECIDO,CONDUCTOR PRESENTE,NO,NO,1
22516,81906,81907,2020,0,0,-0.201108,-78.474432,PICHINCHA,QUITO,QUITO,URBANA,2020-02-14,13:25:00,13,VIERNES,5,FEBRERO,2,NO,NO MANTENER LA DISTANCIA PRUDENCIAL CON RESPECTO AL VEHICULO QUE LE ANTECEDE.,CHOQUE POSTERIOR,AUTOMOVIL,1,0,0,1,0,0,0,0,0,0,0,0,0,2,43,HOMBRE,ILESO,CONDUCTOR PRESENTE,NO,NO,1
22517,81908,81909,2020,1,0,-0.328831,-78.560625,PICHINCHA,QUITO,QUITO,URBANA,2020-02-14,13:30:00,13,VIERNES,5,FEBRERO,2,NO,"NO RESPETAR LAS SENIALES REGLAMENTARIAS DE TRANSITO. (PARE, CEDA EL PASO, LUZ ROJA DEL SEMAFORO, ETC).",OTROS,BICICLETA,0,1,0,0,0,0,0,0,0,0,0,0,0,1,30,HOMBRE,LESIONADO,CONDUCTOR PRESENTE,NO,NO,1
22518,81910,81911,2020,2,0,-0.181432,-78.481931,PICHINCHA,QUITO,QUITO,URBANA,2020-02-14,14:05:00,14,VIERNES,5,FEBRERO,2,NO,"NO RESPETAR LAS SENIALES REGLAMENTARIAS DE TRANSITO. (PARE, CEDA EL PASO, LUZ ROJA DEL SEMAFORO, ETC).",CHOQUE LATERAL,MOTOCICLETA,1,0,0,0,0,0,0,0,1,0,0,0,0,2,23,MUJER,LESIONADO,PASAJERO,NO,NO,1
22519,81911,81912,2020,0,0,-0.234151,-78.482614,PICHINCHA,QUITO,QUITO,URBANA,2020-02-14,14:35:00,14,VIERNES,5,FEBRERO,2,NO,NO MANTENER LA DISTANCIA PRUDENCIAL CON RESPECTO AL VEHICULO QUE LE ANTECEDE.,COLISION,AUTOMOVIL,2,0,0,0,0,0,0,1,0,0,0,0,0,3,81,HOMBRE,ILESO,PASAJERO,NO,NO,1
22520,81917,81918,2020,0,0,-0.388622,-78.534214,PICHINCHA,MEJIA,UYUMBICHO,RURAL,2020-02-14,15:45:00,15,VIERNES,5,FEBRERO,2,NO,"CONDUCIR DESATENTO A LAS CONDICIONES DE TRANSITO (CELULAR, PANTALLAS DE VIDEO, COMIDA, MAQUILLAJE O CUALQUIER OTRO ELEMENTO DISTRACTOR).",ATROPELLOS,CAMION,0,0,0,1,0,0,0,0,0,0,0,0,0,1,46,HOMBRE,ILESO,PEATON,NO,SI,3
22521,81918,81919,2020,0,0,-0.220707,-78.519523,PICHINCHA,QUITO,QUITO,URBANA,2020-02-14,15:45:00,15,VIERNES,5,FEBRERO,2,NO,CONDUCIR VEHICULO SUPERANDO LOS LIMITES MAXIMOS DE VELOCIDAD.,CHOQUE LATERAL,AUTOMOVIL,2,0,0,0,0,0,0,0,0,0,0,0,0,2,68,MUJER,ILESO,CONDUCTOR PRESENTE,NO,NO,1
22522,81919,81920,2020,1,0,-0.260613,-78.546297,PICHINCHA,QUITO,QUITO,URBANA,2020-02-14,15:50:00,15,VIERNES,5,FEBRERO,2,NO,"NO RESPETAR LAS SENIALES REGLAMENTARIAS DE TRANSITO. (PARE, CEDA EL PASO, LUZ ROJA DEL SEMAFORO, ETC).",ATROPELLOS,NO IDENTIFICADO,0,0,0,0,0,0,0,0,0,1,0,0,0,1,37,HOMBRE,LESIONADO,PEATON,NO,NO,0
22523,81926,81927,2020,0,0,-0.112213,-78.474367,PICHINCHA,QUITO,QUITO,URBANA,2020-02-14,17:00:00,17,VIERNES,5,FEBRERO,2,NO,NO GUARDAR LA DISTANCIA LATERAL MINIMA DE SEGURIDAD ENTRE VEHICULOS.,CHOQUE LATERAL,AUTOMOVIL,2,0,0,0,0,0,0,0,0,0,0,0,0,2,40,HOMBRE,ILESO,CONDUCTOR PRESENTE,NO,NO,1
22524,81936,81937,2020,1,0,-0.187345,-78.502802,PICHINCHA,QUITO,QUITO,URBANA,2020-02-14,18:40:00,18,VIERNES,5,FEBRERO,2,NO,CONDUCIR VEHICULO SUPERANDO LOS LIMITES MAXIMOS DE VELOCIDAD.,CHOQUE LATERAL,MOTOCICLETA,1,0,0,0,0,0,0,0,1,0,0,0,0,2,27,HOMBRE,LESIONADO,CONDUCTOR PRESENTE,NO,NO,1
22525,81939,81940,2020,1,0,-0.261533,-78.544355,PICHINCHA,QUITO,QUITO,URBANA,2020-02-14,18:55:00,18,VIERNES,5,FEBRERO,2,NO,CONDUCIR VEHICULO SUPERANDO LOS LIMITES MAXIMOS DE VELOCIDAD.,ATROPELLOS,AUTOMOVIL,1,0,0,0,0,0,0,0,0,0,0,0,0,1,19,MUJER,LESIONADO,PEATON,NO,NO,1
22526,81950,81951,2020,0,0,-0.133309,-78.494043,PICHINCHA,QUITO,QUITO,URBANA,2020-02-14,22:55:00,22,VIERNES,5,FEBRERO,2,NO,CONDUCIR VEHICULO SUPERANDO LOS LIMITES MAXIMOS DE VELOCIDAD.,PERDIDA DE CARRIL,MOTOCICLETA,0,0,0,0,0,0,0,0,1,0,0,0,0,1,-1,NO IDENTIFICADO,NO IDENTIFICADO,CONDUCTOR AUSENTE,NO,NO,2
22527,81951,81952,2020,0,1,-0.449062,-78.558854,PICHINCHA,MEJIA,MACHACHI,RURAL,2020-02-14,23:30:00,23,VIERNES,5,FEBRERO,2,NO,"CONDUCIR DESATENTO A LAS CONDICIONES DE TRANSITO (CELULAR, PANTALLAS DE VIDEO, COMIDA, MAQUILLAJE O CUALQUIER OTRO ELEMENTO DISTRACTOR).",ATROPELLOS,VEHICULO DEPORTIVO UTILITARIO,0,0,0,0,0,0,0,0,0,0,0,0,1,1,-1,HOMBRE,FALLECIDO,PEATON,NO,SI,3
22528,81953,81954,2020,0,0,0.012181,-78.560478,PICHINCHA,QUITO,CALACALI,RURAL,2020-02-15,00:29:00,0,SABADO,6,FEBRERO,2,NO,"PRESENCIA DE AGENTES EXTERNOS EN LA VIA (AGUA, ACEITE, PIEDRA, LASTRE, ESCOMBROS, MADEROS, ETC.).",PERDIDA DE CARRIL,VEHICULO DEPORTIVO UTILITARIO,0,0,0,0,0,0,0,0,0,0,0,0,1,1,-1,HOMBRE,ILESO,CONDUCTOR PRESENTE,NO,SI,3
22529,81959,81960,2020,0,0,-0.120476,-78.493981,PICHINCHA,QUITO,QUITO,URBANA,2020-02-15,01:45:00,1,SABADO,6,FEBRERO,2,NO,"CONDUCIR DESATENTO A LAS CONDICIONES DE TRANSITO (CELULAR, PANTALLAS DE VIDEO, COMIDA, MAQUILLAJE O CUALQUIER OTRO ELEMENTO DISTRACTOR).",CHOQUE LATERAL,AUTOMOVIL,2,0,0,0,0,0,0,0,0,0,0,0,0,2,38,HOMBRE,ILESO,CONDUCTOR PRESENTE,NO,NO,1
22530,81964,81965,2020,0,0,-0.291144,-78.545957,PICHINCHA,QUITO,QUITO,URBANA,2020-02-15,02:50:00,2,SABADO,6,FEBRERO,2,NO,CONDUCIR VEHICULO SUPERANDO LOS LIMITES MAXIMOS DE VELOCIDAD.,OTROS,AUTOMOVIL,1,0,0,0,0,0,0,0,0,0,0,0,0,1,-1,NO IDENTIFICADO,NO IDENTIFICADO,CONDUCTOR AUSENTE,NO,NO,2
22531,81970,81971,2020,1,0,-0.295604,-78.561141,PICHINCHA,QUITO,QUITO,URBANA,2020-02-15,05:05:00,5,SABADO,6,FEBRERO,2,NO,"NO RESPETAR LAS SENIALES REGLAMENTARIAS DE TRANSITO. (PARE, CEDA EL PASO, LUZ ROJA DEL SEMAFORO, ETC).",CHOQUE LATERAL,AUTOMOVIL,1,0,0,0,0,0,0,0,1,0,0,0,0,2,39,MUJER,LESIONADO,PASAJERO,NO,NO,1
22532,81974,81975,2020,1,0,-0.391241,-78.540737,PICHINCHA,MEJIA,UYUMBICHO,RURAL,2020-02-15,05:30:00,5,SABADO,6,FEBRERO,2,NO,"CONDUCIR DESATENTO A LAS CONDICIONES DE TRANSITO (CELULAR, PANTALLAS DE VIDEO, COMIDA, MAQUILLAJE O CUALQUIER OTRO ELEMENTO DISTRACTOR).",ESTRELLAMIENTOS,MOTOCICLETA,0,0,0,0,0,0,0,0,1,0,0,0,0,1,19,HOMBRE,LESIONADO,CONDUCTOR PRESENTE,NO,SI,3
22533,81975,81976,2020,0,0,-0.175517,-78.488397,PICHINCHA,QUITO,QUITO,URBANA,2020-02-15,05:30:00,5,SABADO,6,FEBRERO,2,NO,CONDUCIR VEHICULO SUPERANDO LOS LIMITES MAXIMOS DE VELOCIDAD.,ESTRELLAMIENTOS,AUTOMOVIL,1,0,0,0,0,0,0,0,0,0,0,0,0,1,-1,NO IDENTIFICADO,NO IDENTIFICADO,CONDUCTOR AUSENTE,NO,NO,2
22534,81978,81979,2020,1,0,-0.115635,-78.491799,PICHINCHA,QUITO,QUITO,RURAL,2020-02-15,06:10:00,6,SABADO,6,FEBRERO,2,NO,"CONDUCE BAJO LA INFLUENCIA DE ALCOHOL, SUSTANCIAS ESTUPEFACIENTES O PSICOTROPICAS Y/O MEDICAMENTOS.",CHOQUE FRONTAL,AUTOMOVIL,2,0,0,0,0,0,0,0,0,0,0,0,0,2,52,HOMBRE,LESIONADO,CONDUCTOR PRESENTE,NO,NO,3
22535,81980,81981,2020,1,0,-0.168468,-78.469449,PICHINCHA,QUITO,QUITO,URBANA,2020-02-15,07:00:00,7,SABADO,6,FEBRERO,2,NO,"CONDUCE BAJO LA INFLUENCIA DE ALCOHOL, SUSTANCIAS ESTUPEFACIENTES O PSICOTROPICAS Y/O MEDICAMENTOS.",CHOQUE LATERAL,CAMIONETA,1,0,0,0,1,0,0,0,0,0,0,0,0,2,44,HOMBRE,LESIONADO,CONDUCTOR PRESENTE,NO,NO,1
22536,81981,81982,2020,0,0,-0.354642,-78.549217,PICHINCHA,QUITO,QUITO,URBANA,2020-02-15,07:00:00,7,SABADO,6,FEBRERO,2,NO,CONDUCIR VEHICULO SUPERANDO LOS LIMITES MAXIMOS DE VELOCIDAD.,OTROS,CAMIONETA,0,0,0,0,1,0,0,0,0,0,0,0,0,1,-1,NO IDENTIFICADO,NO IDENTIFICADO,CONDUCTOR AUSENTE,NO,NO,2
22537,81984,81985,2020,1,0,-0.240223,-78.531309,PICHINCHA,QUITO,QUITO,URBANA,2020-02-15,07:54:00,7,SABADO,6,FEBRERO,2,NO,CONDUCIR VEHICULO SUPERANDO LOS LIMITES MAXIMOS DE VELOCIDAD.,PERDIDA DE CARRIL,MOTOCICLETA,0,0,0,0,0,0,0,0,1,0,0,0,0,1,30,HOMBRE,LESIONADO,CONDUCTOR PRESENTE,NO,NO,1
22538,81988,81989,2020,1,0,-0.213591,-78.497504,PICHINCHA,QUITO,QUITO,URBANA,2020-02-15,10:05:00,10,SABADO,6,FEBRERO,2,NO,NO CEDER EL DERECHO DE VIA O PREFERENCIA DE PASO AL PEATON.,ARROLLAMIENTOS,AUTOMOVIL,1,0,0,0,0,0,0,0,0,0,0,0,0,1,24,MUJER,LESIONADO,PEATON,NO,NO,1
22539,81997,81998,2020,0,0,-0.206518,-78.494387,PICHINCHA,QUITO,QUITO,URBANA,2020-02-15,12:30:00,12,SABADO,6,FEBRERO,2,NO,"NO RESPETAR LAS SENIALES REGLAMENTARIAS DE TRANSITO. (PARE, CEDA EL PASO, LUZ ROJA DEL SEMAFORO, ETC).",CHOQUE LATERAL,AUTOMOVIL,2,0,0,0,0,0,0,0,0,0,0,0,0,2,57,HOMBRE,ILESO,CONDUCTOR PRESENTE,NO,NO,1
22540,82000,82001,2020,1,0,-0.328389,-78.543675,PICHINCHA,QUITO,QUITO,URBANA,2020-02-15,13:59:00,13,SABADO,6,FEBRERO,2,NO,CONDUCIR VEHICULO SUPERANDO LOS LIMITES MAXIMOS DE VELOCIDAD.,ATROPELLOS,NO IDENTIFICADO,0,0,0,0,0,0,0,0,0,1,0,0,0,1,71,HOMBRE,LESIONADO,PEATON,NO,NO,1
22541,82006,82007,2020,1,0,-0.241881,-78.513513,PICHINCHA,QUITO,QUITO,URBANA,2020-02-15,15:30:00,15,SABADO,6,FEBRERO,2,NO,NO MANTENER LA DISTANCIA PRUDENCIAL CON RESPECTO AL VEHICULO QUE LE ANTECEDE.,OTROS,MOTOCICLETA,0,0,0,0,1,0,0,0,1,0,0,0,0,2,40,HOMBRE,LESIONADO,PASAJERO,NO,NO,1
22542,82008,82009,2020,1,0,-0.005048,-78.452932,PICHINCHA,QUITO,SAN ANTONIO (QUITO),RURAL,2020-02-15,17:00:00,17,SABADO,6,FEBRERO,2,NO,"CONDUCIR DESATENTO A LAS CONDICIONES DE TRANSITO (CELULAR, PANTALLAS DE VIDEO, COMIDA, MAQUILLAJE O CUALQUIER OTRO ELEMENTO DISTRACTOR).",ROZAMIENTOS,MOTOCICLETA,0,0,0,0,0,0,0,0,1,0,0,0,0,1,-1,HOMBRE,LESIONADO,CONDUCTOR PRESENTE,NO,SI,3
22543,82009,82010,2020,0,0,-0.292724,-78.476486,PICHINCHA,QUITO,CONOCOTO,RURAL,2020-02-15,17:15:00,17,SABADO,6,FEBRERO,2,NO,CONDUCIR VEHICULO SUPERANDO LOS LIMITES MAXIMOS DE VELOCIDAD.,ESTRELLAMIENTOS,CAMIONETA,0,0,0,0,1,0,0,0,0,0,0,0,0,1,30,HOMBRE,ILESO,CONDUCTOR PRESENTE,NO,NO,3
22544,82015,82016,2020,0,0,-0.155271,-78.465928,PICHINCHA,QUITO,QUITO,URBANA,2020-02-15,18:25:00,18,SABADO,6,FEBRERO,2,NO,CONDUCIR VEHICULO SUPERANDO LOS LIMITES MAXIMOS DE VELOCIDAD.,ESTRELLAMIENTOS,AUTOMOVIL,1,0,0,0,0,0,0,0,0,0,0,0,0,1,-1,NO IDENTIFICADO,NO IDENTIFICADO,CONDUCTOR AUSENTE,NO,NO,2
22545,82020,82021,2020,0,0,-0.052634,-78.454084,PICHINCHA,QUITO,POMASQUI,RURAL,2020-02-15,20:15:00,20,SABADO,6,FEBRERO,2,NO,"CONDUCE BAJO LA INFLUENCIA DE ALCOHOL, SUSTANCIAS ESTUPEFACIENTES O PSICOTROPICAS Y/O MEDICAMENTOS.",ESTRELLAMIENTOS,AUTOMOVIL,1,0,0,0,1,0,0,0,0,0,0,0,0,2,34,HOMBRE,ILESO,CONDUCTOR PRESENTE,NO,NO,3