,Unnamed: 0,ID,ANIO,LESIONADOS,FALLECIDOS,LATITUD_Y,LONGITUD_X,PROVINCIA,CANTON,PARROQUIA,ZONA,FECHA,HORA,PERIODO_2,DIA_1,DIA_2,MES_1,MES_2,FERIADO,CAUSA_PROBABLE,TIPO_DE_SINIESTRO,TIPO_DE_VEHICULO_1,AUTOMOVIL,BICICLETA,BUS,CAMION,CAMIONETA,EMERGENCIAS,ESPECIAL,FURGONETA,MOTOCICLETA,NO_IDENTIFICADO,SCOOTER_ELECTRICO,TRICIMOTO,VEHICULO_DEPORTIVO_UTILITARIO,SUMA_DE_VEHICULOS,EDAD_1,SEXO_1,CONDICION_1,PARTICIPANTE_1,CASCO_1,CINTURON_1,KMeans_Cluster
22546,82022,82023,2020,1,0,-0.108255,-78.461339,PICHINCHA,QUITO,CALDERON (CARAPUNGO),RURAL,2020-02-15,20:20:00,20,SABADO,6,FEBRERO,2,NO,"CONDUCE BAJO LA INFLUENCIA DE ALCOHOL, SUSTANCIAS ESTUPEFACIENTES O PSICOTROPICAS Y/O MEDICAMENTOS.",CHOQUE LATERAL,AUTOMOVIL,1,0,0,0,0,0,0,0,1,0,0,0,0,2,24,HOMBRE,LESIONADO,CONDUCTOR PRESENTE,NO,NO,3
22547,82026,82027,2020,0,0,-0.442986,-78.671402,PICHINCHA,MEJIA,ALOAG,RURAL,2020-02-15,22:00:00,22,SABADO,6,FEBRERO,2,NO,CONDUCIR EN SENTIDO CONTRARIO A LA VIA NORMAL DE CIRCULACION.,CHOQUE FRONTAL,AUTOMOVIL,1,0,0,0,0,0,0,0,0,0,0,0,1,2,38,HOMBRE,ILESO,CONDUCTOR PRESENTE,NO,NO,3
22548,82027,82028,2020,1,0,-0.212059,-78.445411,PICHINCHA,QUITO,CUMBAYA,RURAL,2020-02-15,22:20:00,22,SABADO,6,FEBRERO,2,NO,CONDUCIR VEHICULO SUPERANDO LOS LIMITES MAXIMOS DE VELOCIDAD.,ESTRELLAMIENTOS,AUTOMOVIL,1,0,0,0,0,0,0,0,0,0,0,0,0,1,58,HOMBRE,LESIONADO,PASAJERO,NO,NO,3
22549,82029,82030,2020,3,0,-0.303397,-78.539198,PICHINCHA,QUITO,QUITO,URBANA,2020-02-15,22:30:00,22,SABADO,6,FEBRERO,2,NO,"CONDUCE BAJO LA INFLUENCIA DE ALCOHOL, SUSTANCIAS ESTUPEFACIENTES O PSICOTROPICAS Y/O MEDICAMENTOS.",OTROS,ESPECIAL,1,0,0,0,0,0,1,0,0,1,0,0,0,3,34,MUJER,LESIONADO,CONDUCTOR PRESENTE,NO,NO,1
22550,82036,82037,2020,0,1,-0.102998,-78.425573,PICHINCHA,QUITO,CALDERON (CARAPUNGO),URBANA,2020-02-15,23:30:00,23,SABADO,6,FEBRERO,2,NO,"CASO FORTUITO O FUERZA MAYOR (EXPLOSION DE NEUMATICO NUEVO, DERRUMBE, INUNDACION, CAIDA DE PUENTE, ARBOL, PRESENCIA INTEMPESTIVA E IMPREVISTA DE SEMOVIENTES EN LA VIA, ETC.).",OTROS,NO IDENTIFICADO,0,0,0,0,0,0,0,0,0,1,0,0,0,1,21,HOMBRE,FALLECIDO,PEATON,NO,NO,1
22551,82037,82038,2020,3,0,-0.231761,-78.502721,PICHINCHA,QUITO,QUITO,URBANA,2020-02-15,23:30:00,23,SABADO,6,FEBRERO,2,NO,"NO RESPETAR LAS SENIALES REGLAMENTARIAS DE TRANSITO. (PARE, CEDA EL PASO, LUZ ROJA DEL SEMAFORO, ETC).",CHOQUE LATERAL,AUTOMOVIL,2,0,0,0,0,0,0,0,0,0,0,0,0,2,27,HOMBRE,LESIONADO,PASAJERO,NO,NO,1
22552,82038,82039,2020,0,0,-0.203827,-78.502028,PICHINCHA,QUITO,QUITO,URBANA,2020-02-15,23:35:00,23,SABADO,6,FEBRERO,2,NO,CONDUCIR VEHICULO SUPERANDO LOS LIMITES MAXIMOS DE VELOCIDAD.,CHOQUE LATERAL,AUTOMOVIL,2,0,0,0,0,0,0,0,0,0,0,0,0,2,26,HOMBRE,ILESO,CONDUCTOR PRESENTE,NO,NO,1
22553,82042,82043,2020,0,0,-0.176466,-78.485731,PICHINCHA,QUITO,QUITO,URBANA,2020-02-16,00:15:00,0,DOMINGO,7,FEBRERO,2,NO,"NO RESPETAR LAS SENIALES REGLAMENTARIAS DE TRANSITO. (PARE, CEDA EL PASO, LUZ ROJA DEL SEMAFORO, ETC).",CHOQUE LATERAL,FURGONETA,1,0,0,0,0,0,0,1,0,0,0,0,0,2,59,HOMBRE,ILESO,CONDUCTOR PRESENTE,NO,NO,1
22554,82044,82045,2020,0,0,-0.188986,-78.482707,PICHINCHA,QUITO,QUITO,RURAL,2020-02-16,01:10:00,1,DOMINGO,7,FEBRERO,2,NO,CONDUCIR VEHICULO SUPERANDO LOS LIMITES MAXIMOS DE VELOCIDAD.,ESTRELLAMIENTOS,AUTOMOVIL,1,0,0,0,0,0,0,0,0,0,0,0,0,1,-1,NO IDENTIFICADO,NO IDENTIFICADO,CONDUCTOR AUSENTE,NO,NO,2
22555,82045,82046,2020,0,0,-0.329006,-78.533692,PICHINCHA,QUITO,QUITO,URBANA,2020-02-16,01:30:00,1,DOMINGO,7,FEBRERO,2,NO,CONDUCIR VEHICULO SUPERANDO LOS LIMITES MAXIMOS DE VELOCIDAD.,ESTRELLAMIENTOS,AUTOMOVIL,1,0,0,0,0,0,0,0,0,0,0,0,0,1,-1,NO IDENTIFICADO,NO IDENTIFICADO,CONDUCTOR AUSENTE,NO,NO,2
22556,82048,82049,2020,0,0,-0.314095,-78.553289,PICHINCHA,QUITO,QUITO,URBANA,2020-02-16,01:50:00,1,DOMINGO,7,FEBRERO,2,NO,CONDUCIR VEHICULO SUPERANDO LOS LIMITES MAXIMOS DE VELOCIDAD.,ESTRELLAMIENTOS,AUTOMOVIL,1,0,0,0,0,0,0,0,0,0,0,0,0,1,-1,NO IDENTIFICADO,NO IDENTIFICADO,CONDUCTOR AUSENTE,NO,NO,2
22557,82056,82057,2020,0,2,-0.123772,-78.502884,PICHINCHA,QUITO,QUITO,URBANA,2020-02-16,04:00:00,4,DOMINGO,7,FEBRERO,2,NO,CONDUCIR VEHICULO SUPERANDO LOS LIMITES MAXIMOS DE VELOCIDAD.,PERDIDA DE CARRIL,NO IDENTIFICADO,0,0,0,0,0,0,0,0,0,1,0,0,0,1,-1,HOMBRE,FALLECIDO,CONDUCTOR PRESENTE,NO,NO,1
22558,82058,82059,2020,0,0,-0.196283,-78.515294,PICHINCHA,QUITO,QUITO,URBANA,2020-02-16,04:30:00,4,DOMINGO,7,FEBRERO,2,NO,CONDUCIR VEHICULO SUPERANDO LOS LIMITES MAXIMOS DE VELOCIDAD.,CHOQUE POSTERIOR,AUTOMOVIL,2,0,0,0,0,0,0,0,0,0,0,0,0,2,37,HOMBRE,ILESO,CONDUCTOR PRESENTE,NO,NO,1
22559,82059,82060,2020,0,0,-0.220917,-78.374917,PICHINCHA,QUITO,TUMBACO,RURAL,2020-02-16,05:10:00,5,DOMINGO,7,FEBRERO,2,NO,CONDUCIR VEHICULO SUPERANDO LOS LIMITES MAXIMOS DE VELOCIDAD.,PERDIDA DE CARRIL,CAMIONETA,0,0,0,0,1,0,0,0,0,0,0,0,0,1,-1,NO IDENTIFICADO,NO IDENTIFICADO,CONDUCTOR AUSENTE,NO,NO,2
22560,82063,82064,2020,0,0,-0.295063,-78.563254,PICHINCHA,QUITO,QUITO,URBANA,2020-02-16,06:00:00,6,DOMINGO,7,FEBRERO,2,NO,CONDUCIR VEHICULO SUPERANDO LOS LIMITES MAXIMOS DE VELOCIDAD.,CHOQUE LATERAL,AUTOMOVIL,2,0,0,0,0,0,0,0,0,0,0,0,0,2,47,HOMBRE,ILESO,CONDUCTOR PRESENTE,NO,NO,1
22561,82069,82070,2020,1,0,-0.104643,-78.453801,PICHINCHA,QUITO,CALDERON (CARAPUNGO),RURAL,2020-02-16,07:25:00,7,DOMINGO,7,FEBRERO,2,NO,"CONDUCE BAJO LA INFLUENCIA DE ALCOHOL, SUSTANCIAS ESTUPEFACIENTES O PSICOTROPICAS Y/O MEDICAMENTOS.",COLISION,AUTOMOVIL,3,0,0,0,1,0,0,1,0,0,0,0,0,5,19,MUJER,LESIONADO,PASAJERO,NO,NO,3
22562,82076,82077,2020,1,0,-0.272385,-78.548716,PICHINCHA,QUITO,QUITO,URBANA,2020-02-16,10:00:00,10,DOMINGO,7,FEBRERO,2,NO,NO CEDER EL DERECHO DE VIA O PREFERENCIA DE PASO AL PEATON.,ATROPELLOS,AUTOMOVIL,1,0,0,0,0,0,0,0,0,0,0,0,0,1,85,HOMBRE,LESIONADO,PEATON,NO,NO,1
22563,82077,82078,2020,2,0,-0.106567,-78.476473,PICHINCHA,QUITO,QUITO,RURAL,2020-02-16,10:00:00,10,DOMINGO,7,FEBRERO,2,NO,"CONDUCE BAJO LA INFLUENCIA DE ALCOHOL, SUSTANCIAS ESTUPEFACIENTES O PSICOTROPICAS Y/O MEDICAMENTOS.",CHOQUE LATERAL,AUTOMOVIL,1,0,0,0,1,0,0,0,0,0,0,0,0,2,32,HOMBRE,LESIONADO,CONDUCTOR PRESENTE,NO,NO,3
22564,82088,82089,2020,0,0,-0.234848,-78.496442,PICHINCHA,QUITO,QUITO,URBANA,2020-02-16,12:30:00,12,DOMINGO,7,FEBRERO,2,NO,"CASO FORTUITO O FUERZA MAYOR (EXPLOSION DE NEUMATICO NUEVO, DERRUMBE, INUNDACION, CAIDA DE PUENTE, ARBOL, PRESENCIA INTEMPESTIVA E IMPREVISTA DE SEMOVIENTES EN LA VIA, ETC.).",OTROS,CAMION,0,0,0,1,0,0,0,0,0,0,0,0,0,1,58,HOMBRE,ILESO,CONDUCTOR PRESENTE,NO,NO,1
22565,82099,82100,2020,1,0,-0.342382,-78.561944,PICHINCHA,QUITO,QUITO,URBANA,2020-02-16,15:15:00,15,DOMINGO,7,FEBRERO,2,NO,NO TRANSITAR POR LAS ACERAS O ZONAS DE SEGURIDAD DESTINADAS PARA EL EFECTO.,ARROLLAMIENTOS,AUTOMOVIL,1,0,0,0,0,0,0,0,0,0,0,0,0,1,59,HOMBRE,LESIONADO,PEATON,NO,NO,1
22566,82104,82105,2020,2,0,-0.277617,-78.517149,PICHINCHA,QUITO,QUITO,URBANA,2020-02-16,16:20:00,16,DOMINGO,7,FEBRERO,2,NO,CONDUCIR VEHICULO SUPERANDO LOS LIMITES MAXIMOS DE VELOCIDAD.,CHOQUE FRONTAL,AUTOMOVIL,1,0,0,0,1,0,0,0,0,0,0,0,0,2,65,HOMBRE,LESIONADO,PASAJERO,NO,NO,1
22567,82107,82108,2020,1,0,-0.285641,-78.559212,PICHINCHA,QUITO,QUITO,URBANA,2020-02-16,17:05:00,17,DOMINGO,7,FEBRERO,2,NO,NO GUARDAR LA DISTANCIA LATERAL MINIMA DE SEGURIDAD ENTRE VEHICULOS.,CHOQUE LATERAL,BUS,0,0,1,0,1,0,0,0,0,0,0,0,0,2,21,MUJER,LESIONADO,PASAJERO,NO,NO,1
22568,82112,82113,2020,2,0,-0.052634,-78.454084,PICHINCHA,QUITO,POMASQUI,RURAL,2020-02-16,18:30:00,18,DOMINGO,7,FEBRERO,2,NO,CONDUCIR VEHICULO SUPERANDO LOS LIMITES MAXIMOS DE VELOCIDAD.,PERDIDA DE CARRIL,AUTOMOVIL,1,0,0,0,0,0,0,0,0,0,0,0,0,1,20,MUJER,LESIONADO,PASAJERO,NO,NO,3
22569,82113,82114,2020,0,1,-0.181537,-78.481949,PICHINCHA,QUITO,QUITO,URBANA,2020-02-16,18:30:00,18,DOMINGO,7,FEBRERO,2,NO,CONDUCIR VEHICULO SUPERANDO LOS LIMITES MAXIMOS DE VELOCIDAD.,ATROPELLOS,AUTOMOVIL,1,0,0,0,0,0,0,0,0,0,0,0,0,1,42,HOMBRE,FALLECIDO,PASAJERO,NO,NO,1
22570,82118,82119,2020,0,0,-0.248624,-78.512226,PICHINCHA,QUITO,QUITO,URBANA,2020-02-16,20:00:00,20,DOMINGO,7,FEBRERO,2,NO,"CONDUCE BAJO LA INFLUENCIA DE ALCOHOL, SUSTANCIAS ESTUPEFACIENTES O PSICOTROPICAS Y/O MEDICAMENTOS.",ROZAMIENTOS,AUTOMOVIL,2,0,0,0,0,0,0,0,0,0,0,0,0,2,28,MUJER,ILESO,CONDUCTOR PRESENTE,NO,NO,1
22571,82120,82121,2020,1,0,-0.251186,-78.500044,PICHINCHA,QUITO,QUITO,URBANA,2020-02-16,20:10:00,20,DOMINGO,7,FEBRERO,2,NO,CONDUCIR VEHICULO SUPERANDO LOS LIMITES MAXIMOS DE VELOCIDAD.,ESTRELLAMIENTOS,CAMIONETA,0,0,0,0,1,0,0,0,0,0,0,0,0,1,40,MUJER,LESIONADO,PASAJERO,NO,NO,1
22572,82126,82127,2020,0,0,-0.217302,-78.399421,PICHINCHA,QUITO,TUMBACO,RURAL,2020-02-16,21:30:00,21,DOMINGO,7,FEBRERO,2,NO,NO GUARDAR LA DISTANCIA LATERAL MINIMA DE SEGURIDAD ENTRE VEHICULOS.,CHOQUE LATERAL,AUTOMOVIL,2,0,0,0,0,0,0,0,0,0,0,0,0,2,19,HOMBRE,ILESO,CONDUCTOR PRESENTE,NO,NO,3
22573,82129,82130,2020,1,0,-0.123889,-78.485799,PICHINCHA,QUITO,QUITO,URBANA,2020-02-16,22:55:00,22,DOMINGO,7,FEBRERO,2,NO,CONDUCIR VEHICULO SUPERANDO LOS LIMITES MAXIMOS DE VELOCIDAD.,ESTRELLAMIENTOS,MOTOCICLETA,0,0,0,0,0,0,0,0,1,0,0,0,0,1,23,HOMBRE,LESIONADO,PASAJERO,NO,NO,1
22574,82130,82131,2020,0,0,-0.165696,-78.489118,PICHINCHA,QUITO,QUITO,URBANA,2020-02-16,23:50:00,23,DOMINGO,7,FEBRERO,2,NO,REALIZAR CAMBIO BRUSCO O INDEBIDO DE CARRIL.,ESTRELLAMIENTOS,AUTOMOVIL,1,0,0,0,0,0,0,0,0,0,0,0,0,1,63,HOMBRE,ILESO,CONDUCTOR PRESENTE,NO,NO,1
22575,82137,82138,2020,1,0,-0.272987,-78.547114,PICHINCHA,QUITO,QUITO,URBANA,2020-02-17,07:15:00,7,LUNES,1,FEBRERO,2,NO,"NO RESPETAR LAS SENIALES REGLAMENTARIAS DE TRANSITO. (PARE, CEDA EL PASO, LUZ ROJA DEL SEMAFORO, ETC).",CHOQUE LATERAL,BICICLETA,1,1,0,0,0,0,0,0,0,0,0,0,0,2,70,HOMBRE,LESIONADO,CONDUCTOR PRESENTE,NO,NO,1
22576,82140,82141,2020,1,0,-0.109235,-78.489061,PICHINCHA,QUITO,QUITO,URBANA,2020-02-17,07:40:00,7,LUNES,1,FEBRERO,2,NO,PEATON QUE CRUZA LA CALZADA SIN RESPETAR LA SENIALIZACION EXISTENTE (SEMAFOROS O SENIALES MANUALES).,ATROPELLOS,BUS,0,0,1,0,0,0,0,0,0,0,0,0,0,1,48,MUJER,LESIONADO,PEATON,NO,NO,0
22577,82142,82143,2020,2,0,-0.292007,-78.525496,PICHINCHA,QUITO,QUITO,URBANA,2020-02-17,07:45:00,7,LUNES,1,FEBRERO,2,NO,NO GUARDAR LA DISTANCIA LATERAL MINIMA DE SEGURIDAD ENTRE VEHICULOS.,CHOQUE LATERAL,AUTOMOVIL,1,0,0,0,0,0,0,0,1,0,0,0,0,2,27,HOMBRE,LESIONADO,PASAJERO,NO,NO,1
22578,82144,82145,2020,0,0,-0.191132,-78.478105,PICHINCHA,QUITO,QUITO,URBANA,2020-02-17,08:05:00,8,LUNES,1,FEBRERO,2,NO,CONDUCIR VEHICULO SUPERANDO LOS LIMITES MAXIMOS DE VELOCIDAD.,CHOQUE LATERAL,AUTOMOVIL,2,0,0,0,0,0,0,0,0,0,0,0,0,2,31,HOMBRE,ILESO,CONDUCTOR PRESENTE,NO,NO,1
22579,82150,82151,2020,0,0,-0.121025,-78.480297,PICHINCHA,QUITO,QUITO,URBANA,2020-02-17,10:00:00,10,LUNES,1,FEBRERO,2,NO,NO MANTENER LA DISTANCIA PRUDENCIAL CON RESPECTO AL VEHICULO QUE LE ANTECEDE.,CHOQUE POSTERIOR,AUTOMOVIL,1,0,1,0,0,0,0,0,0,0,0,0,0,2,47,HOMBRE,ILESO,CONDUCTOR PRESENTE,NO,NO,1
22580,82152,82153,2020,0,0,-0.164997,-78.479699,PICHINCHA,QUITO,QUITO,URBANA,2020-02-17,10:42:00,10,LUNES,1,FEBRERO,2,NO,"NO RESPETAR LAS SENIALES REGLAMENTARIAS DE TRANSITO. (PARE, CEDA EL PASO, LUZ ROJA DEL SEMAFORO, ETC).",CHOQUE LATERAL,AUTOMOVIL,1,0,0,0,0,0,0,0,0,1,0,0,0,2,28,HOMBRE,ILESO,CONDUCTOR PRESENTE,NO,NO,1
22581,82155,82156,2020,0,0,-0.207732,-78.497071,PICHINCHA,QUITO,QUITO,URBANA,2020-02-17,12:30:00,12,LUNES,1,FEBRERO,2,NO,NO MANTENER LA DISTANCIA PRUDENCIAL CON RESPECTO AL VEHICULO QUE LE ANTECEDE.,CHOQUE POSTERIOR,AUTOMOVIL,1,0,0,1,0,0,0,0,0,0,0,0,0,2,52,HOMBRE,ILESO,CONDUCTOR PRESENTE,NO,NO,1
22582,82165,82166,2020,2,0,-0.201248,-78.432752,PICHINCHA,QUITO,CUMBAYA,RURAL,2020-02-17,17:49:00,17,LUNES,1,FEBRERO,2,NO,PEATON QUE CRUZA LA CALZADA SIN RESPETAR LA SENIALIZACION EXISTENTE (SEMAFOROS O SENIALES MANUALES).,ATROPELLOS,AUTOMOVIL,1,0,0,0,0,0,0,0,0,0,0,0,0,1,5,MUJER,LESIONADO,PEATON,NO,NO,3
22583,82183,82184,2020,1,0,-0.258918,-78.522644,PICHINCHA,QUITO,QUITO,URBANA,2020-02-18,05:50:00,5,MARTES,2,FEBRERO,2,NO,"NO RESPETAR LAS SENIALES REGLAMENTARIAS DE TRANSITO. (PARE, CEDA EL PASO, LUZ ROJA DEL SEMAFORO, ETC).",ESTRELLAMIENTOS,MOTOCICLETA,0,0,0,0,0,0,0,0,1,0,0,0,0,1,39,HOMBRE,LESIONADO,CONDUCTOR PRESENTE,NO,NO,1
22584,82184,82185,2020,1,0,-0.232484,-78.493231,PICHINCHA,QUITO,QUITO,URBANA,2020-02-18,06:00:00,6,MARTES,2,FEBRERO,2,NO,"NO RESPETAR LAS SENIALES REGLAMENTARIAS DE TRANSITO. (PARE, CEDA EL PASO, LUZ ROJA DEL SEMAFORO, ETC).",ESTRELLAMIENTOS,AUTOMOVIL,1,0,0,0,0,0,0,0,0,0,0,0,0,1,60,HOMBRE,LESIONADO,PASAJERO,NO,NO,1
22585,82187,82188,2020,0,0,-0.197798,-78.512253,PICHINCHA,QUITO,QUITO,URBANA,2020-02-18,06:55:00,6,MARTES,2,FEBRERO,2,NO,DANIOS MECANICOS PREVISIBLES.,ESTRELLAMIENTOS,AUTOMOVIL,1,0,0,0,0,0,0,0,0,0,0,0,0,1,32,MUJER,ILESO,CONDUCTOR PRESENTE,NO,NO,1
22586,82188,82189,2020,1,0,-0.192308,-78.496791,PICHINCHA,QUITO,QUITO,URBANA,2020-02-18,07:00:00,7,MARTES,2,FEBRERO,2,NO,"CONDUCE BAJO LA INFLUENCIA DE ALCOHOL, SUSTANCIAS ESTUPEFACIENTES O PSICOTROPICAS Y/O MEDICAMENTOS.",CHOQUE LATERAL,MOTOCICLETA,1,0,0,0,0,0,0,0,1,0,0,0,0,2,26,HOMBRE,LESIONADO,CONDUCTOR PRESENTE,NO,NO,1
22587,82193,82194,2020,1,0,-0.210536,-78.504042,PICHINCHA,QUITO,QUITO,URBANA,2020-02-18,08:30:00,8,MARTES,2,FEBRERO,2,NO,"NO RESPETAR LAS SENIALES REGLAMENTARIAS DE TRANSITO. (PARE, CEDA EL PASO, LUZ ROJA DEL SEMAFORO, ETC).",CHOQUE LATERAL,FURGONETA,0,0,0,0,0,0,0,1,1,0,0,0,0,2,24,MUJER,LESIONADO,CONDUCTOR PRESENTE,NO,NO,0
22588,82195,82196,2020,1,0,-0.283806,-78.560044,PICHINCHA,QUITO,QUITO,URBANA,2020-02-18,09:52:00,9,MARTES,2,FEBRERO,2,NO,NO GUARDAR LA DISTANCIA LATERAL MINIMA DE SEGURIDAD ENTRE VEHICULOS.,CHOQUE LATERAL,AUTOMOVIL,1,0,0,0,1,0,0,0,0,0,0,0,0,2,0,HOMBRE,LESIONADO,PASAJERO,NO,NO,1
22589,82198,82199,2020,0,0,-0.094321,-78.437227,PICHINCHA,QUITO,CALDERON (CARAPUNGO),RURAL,2020-02-18,11:15:00,11,MARTES,2,FEBRERO,2,NO,"NO RESPETAR LAS SENIALES REGLAMENTARIAS DE TRANSITO. (PARE, CEDA EL PASO, LUZ ROJA DEL SEMAFORO, ETC).",CHOQUE LATERAL,AUTOMOVIL,1,0,0,0,0,0,0,0,1,0,0,0,0,2,23,HOMBRE,ILESO,CONDUCTOR PRESENTE,NO,NO,3
22590,82201,82202,2020,3,0,-0.271748,-78.517853,PICHINCHA,QUITO,QUITO,URBANA,2020-02-18,13:00:00,13,MARTES,2,FEBRERO,2,NO,NO CEDER EL DERECHO DE VIA O PREFERENCIA DE PASO AL PEATON.,ATROPELLOS,BUS,0,0,1,0,0,0,0,0,0,0,0,0,0,1,24,HOMBRE,LESIONADO,CONDUCTOR PRESENTE,NO,NO,1
22591,82211,82212,2020,1,0,-0.102274,-78.477198,PICHINCHA,QUITO,QUITO,URBANA,2020-02-18,16:40:00,16,MARTES,2,FEBRERO,2,NO,"CONDUCIR DESATENTO A LAS CONDICIONES DE TRANSITO (CELULAR, PANTALLAS DE VIDEO, COMIDA, MAQUILLAJE O CUALQUIER OTRO ELEMENTO DISTRACTOR).",CHOQUE LATERAL,CAMIONETA,0,0,0,0,1,0,0,0,1,0,0,0,0,2,32,HOMBRE,LESIONADO,CONDUCTOR PRESENTE,NO,NO,1
22592,82218,82219,2020,2,0,-0.304063,-78.559177,PICHINCHA,QUITO,QUITO,URBANA,2020-02-18,18:20:00,18,MARTES,2,FEBRERO,2,NO,"CONDUCIR DESATENTO A LAS CONDICIONES DE TRANSITO (CELULAR, PANTALLAS DE VIDEO, COMIDA, MAQUILLAJE O CUALQUIER OTRO ELEMENTO DISTRACTOR).",ARROLLAMIENTOS,BUS,0,0,1,0,0,0,0,0,0,0,0,0,0,1,5,MUJER,LESIONADO,PEATON,NO,NO,1
22593,82220,82221,2020,0,0,-0.256687,-78.503943,PICHINCHA,QUITO,QUITO,URBANA,2020-02-18,18:45:00,18,MARTES,2,FEBRERO,2,NO,CONDUCIR VEHICULO SUPERANDO LOS LIMITES MAXIMOS DE VELOCIDAD.,ESTRELLAMIENTOS,AUTOMOVIL,1,0,0,0,0,0,0,0,0,0,0,0,0,1,-1,NO IDENTIFICADO,NO IDENTIFICADO,CONDUCTOR AUSENTE,NO,NO,2
22594,82223,82224,2020,2,0,-0.217302,-78.399421,PICHINCHA,QUITO,TUMBACO,RURAL,2020-02-18,19:10:00,19,MARTES,2,FEBRERO,2,NO,"NO RESPETAR LAS SENIALES REGLAMENTARIAS DE TRANSITO. (PARE, CEDA EL PASO, LUZ ROJA DEL SEMAFORO, ETC).",CHOQUE LATERAL,AUTOMOVIL,1,0,0,0,1,0,0,0,0,0,0,0,0,2,36,HOMBRE,LESIONADO,CONDUCTOR PRESENTE,NO,NO,3
22595,82225,82226,2020,1,0,-0.318085,-78.555051,PICHINCHA,QUITO,QUITO,URBANA,2020-02-18,19:30:00,19,MARTES,2,FEBRERO,2,NO,NO GUARDAR LA DISTANCIA LATERAL MINIMA DE SEGURIDAD ENTRE VEHICULOS.,CHOQUE LATERAL,MOTOCICLETA,0,0,0,0,0,0,0,0,1,1,0,0,0,2,26,HOMBRE,LESIONADO,CONDUCTOR PRESENTE,NO,NO,1
22596,82238,82239,2020,1,0,0.006307,-78.581748,PICHINCHA,QUITO,CALACALI,RURAL,2020-02-19,00:39:00,0,MIERCOLES,3,FEBRERO,2,NO,"CONDICIONES AMBIENTALES Y/O ATMOSFERICAS (NIEBLA, NEBLINA, GRANIZO, LLUVIA).",CHOQUE LATERAL,CAMIONETA,0,0,0,1,1,0,0,0,0,0,0,0,0,2,29,HOMBRE,LESIONADO,PASAJERO,NO,NO,3
22597,82239,82240,2020,1,0,-0.210732,-78.500907,PICHINCHA,QUITO,QUITO,URBANA,2020-02-19,02:00:00,2,MIERCOLES,3,FEBRERO,2,NO,"PRESENCIA DE AGENTES EXTERNOS EN LA VIA (AGUA, ACEITE, PIEDRA, LASTRE, ESCOMBROS, MADEROS, ETC.).",PERDIDA DE CARRIL,MOTOCICLETA,0,0,0,0,0,0,0,0,1,0,0,0,0,1,26,HOMBRE,LESIONADO,CONDUCTOR PRESENTE,NO,NO,1
22598,82244,82245,2020,0,0,-0.218421,-78.388507,PICHINCHA,QUITO,TUMBACO,RURAL,2020-02-19,08:35:00,8,MIERCOLES,3,FEBRERO,2,NO,"CASO FORTUITO O FUERZA MAYOR (EXPLOSION DE NEUMATICO NUEVO, DERRUMBE, INUNDACION, CAIDA DE PUENTE, ARBOL, PRESENCIA INTEMPESTIVA E IMPREVISTA DE SEMOVIENTES EN LA VIA, ETC.).",CHOQUE POSTERIOR,AUTOMOVIL,1,0,0,0,0,0,0,1,0,0,0,0,0,2,25,MUJER,ILESO,PASAJERO,NO,NO,3
22599,82245,82246,2020,0,0,-0.206611,-78.488113,PICHINCHA,QUITO,QUITO,URBANA,2020-02-19,08:45:00,8,MIERCOLES,3,FEBRERO,2,NO,REALIZAR CAMBIO BRUSCO O INDEBIDO DE CARRIL.,ESTRELLAMIENTOS,AUTOMOVIL,2,0,0,0,0,0,0,0,0,0,0,0,0,2,50,HOMBRE,ILESO,CONDUCTOR PRESENTE,NO,NO,1
22600,82246,82247,2020,0,0,-0.182196,-78.490084,PICHINCHA,QUITO,QUITO,URBANA,2020-02-19,10:08:00,10,MIERCOLES,3,FEBRERO,2,NO,NO MANTENER LA DISTANCIA PRUDENCIAL CON RESPECTO AL VEHICULO QUE LE ANTECEDE.,CHOQUE POSTERIOR,AUTOMOVIL,2,0,0,0,0,0,0,0,0,0,0,0,0,2,39,HOMBRE,ILESO,CONDUCTOR PRESENTE,NO,NO,1
22601,82248,82249,2020,0,0,-0.254215,-78.540422,PICHINCHA,QUITO,QUITO,URBANA,2020-02-19,10:58:00,10,MIERCOLES,3,FEBRERO,2,NO,CONDUCIR VEHICULO SUPERANDO LOS LIMITES MAXIMOS DE VELOCIDAD.,CHOQUE LATERAL,MOTOCICLETA,0,0,0,0,0,0,0,0,1,1,0,0,0,2,30,HOMBRE,ILESO,CONDUCTOR PRESENTE,NO,NO,1
22602,82256,82257,2020,1,0,-0.171133,-78.487409,PICHINCHA,QUITO,QUITO,URBANA,2020-02-19,13:51:00,13,MIERCOLES,3,FEBRERO,2,NO,NO TRANSITAR POR LAS ACERAS O ZONAS DE SEGURIDAD DESTINADAS PARA EL EFECTO.,ATROPELLOS,MOTOCICLETA,0,0,0,0,0,0,0,0,1,0,0,0,0,1,36,MUJER,LESIONADO,PEATON,NO,NO,0
22603,82257,82258,2020,1,0,-0.210558,-78.386186,PICHINCHA,QUITO,TUMBACO,RURAL,2020-02-19,13:55:00,13,MIERCOLES,3,FEBRERO,2,NO,"NO RESPETAR LAS SENIALES REGLAMENTARIAS DE TRANSITO. (PARE, CEDA EL PASO, LUZ ROJA DEL SEMAFORO, ETC).",CHOQUE LATERAL,MOTOCICLETA,1,0,0,0,0,0,0,0,1,0,0,0,0,2,24,HOMBRE,LESIONADO,CONDUCTOR PRESENTE,NO,NO,3
22604,82264,82265,2020,0,0,-0.255558,-78.538855,PICHINCHA,QUITO,QUITO,URBANA,2020-02-19,15:35:00,15,MIERCOLES,3,FEBRERO,2,NO,REALIZAR CAMBIO BRUSCO O INDEBIDO DE CARRIL.,CHOQUE LATERAL,CAMION,1,0,0,1,0,0,0,0,0,0,0,0,0,2,44,HOMBRE,ILESO,CONDUCTOR PRESENTE,NO,NO,1