,Unnamed: 0,ID,ANIO,LESIONADOS,FALLECIDOS,LATITUD_Y,LONGITUD_X,PROVINCIA,CANTON,PARROQUIA,ZONA,FECHA,HORA,PERIODO_2,DIA_1,DIA_2,MES_1,MES_2,FERIADO,CAUSA_PROBABLE,TIPO_DE_SINIESTRO,TIPO_DE_VEHICULO_1,AUTOMOVIL,BICICLETA,BUS,CAMION,CAMIONETA,EMERGENCIAS,ESPECIAL,FURGONETA,MOTOCICLETA,NO_IDENTIFICADO,SCOOTER_ELECTRICO,TRICIMOTO,VEHICULO_DEPORTIVO_UTILITARIO,SUMA_DE_VEHICULOS,EDAD_1,SEXO_1,CONDICION_1,PARTICIPANTE_1,CASCO_1,CINTURON_1,KMeans_Cluster
22605,82271,82272,2020,0,1,-0.121124,-78.441886,PICHINCHA,QUITO,CALDERON (CARAPUNGO),RURAL,2020-02-19,18:05:00,18,MIERCOLES,3,FEBRERO,2,NO,BAJARSE O SUBIRSE DE VEHICULOS EN MOVIMIENTO SIN TOMAR LAS PRECAUCIONES DEBIDAS.,CAIDA DE PASAJERO,BUS,0,0,1,0,0,0,0,0,0,0,0,0,0,1,21,MUJER,FALLECIDO,PASAJERO,NO,NO,3
22606,82274,82275,2020,1,0,-0.273707,-78.537301,PICHINCHA,QUITO,QUITO,URBANA,2020-02-19,19:45:00,19,MIERCOLES,3,FEBRERO,2,NO,CONDUCIR VEHICULO SUPERANDO LOS LIMITES MAXIMOS DE VELOCIDAD.,ATROPELLOS,MOTOCICLETA,0,0,0,0,0,0,0,0,1,0,0,0,0,1,78,HOMBRE,LESIONADO,PEATON,NO,NO,1
22607,82277,82278,2020,1,0,-0.328528,-78.535869,PICHINCHA,QUITO,QUITO,URBANA,2020-02-19,21:00:00,21,MIERCOLES,3,FEBRERO,2,NO,CONDUCIR VEHICULO SUPERANDO LOS LIMITES MAXIMOS DE VELOCIDAD.,CHOQUE LATERAL,MOTOCICLETA,0,0,0,0,0,0,0,0,1,1,0,0,0,2,25,HOMBRE,LESIONADO,PASAJERO,NO,NO,1
22608,82290,82291,2020,0,0,-0.197826,-78.466466,PICHINCHA,QUITO,QUITO,RURAL,2020-02-20,08:06:00,8,JUEVES,4,FEBRERO,2,NO,"FALLA MECANICA EN LOS SISTEMAS Y/O NEUMATICOS (SISTEMA DE FRENOS, DIRECCION, ELECTRONICO O MECANICO).",COLISION,AUTOMOVIL,2,0,0,0,1,0,0,0,0,0,0,0,0,3,28,MUJER,ILESO,CONDUCTOR PRESENTE,NO,NO,3
22609,82294,82295,2020,2,0,-0.277081,-78.542506,PICHINCHA,QUITO,QUITO,URBANA,2020-02-20,09:01:00,9,JUEVES,4,FEBRERO,2,NO,CONDUCIR VEHICULO SUPERANDO LOS LIMITES MAXIMOS DE VELOCIDAD.,CHOQUE LATERAL,AUTOMOVIL,2,0,0,0,0,0,0,0,0,0,0,0,0,2,-1,MUJER,LESIONADO,PASAJERO,NO,NO,1
22610,82307,82308,2020,0,0,-0.301001,-78.556479,PICHINCHA,QUITO,QUITO,URBANA,2020-02-20,13:50:00,13,JUEVES,4,FEBRERO,2,NO,"MAL ESTACIONADO - EL CONDUCTOR QUE DETENGA O ESTACIONE VEHICULOS EN SITIOS O ZONAS QUE ENTRANIEN PELIGRO, TALES COMO ZONA DE SEGURIDAD, CURVAS, PUENTES, TUNELES, PENDIENTES.",OTROS,MOTOCICLETA,0,0,0,0,0,0,0,0,1,0,0,0,0,1,-1,NO IDENTIFICADO,NO IDENTIFICADO,CONDUCTOR AUSENTE,NO,NO,2
22611,82312,82313,2020,0,0,-0.156174,-78.464485,PICHINCHA,QUITO,QUITO,URBANA,2020-02-20,15:00:00,15,JUEVES,4,FEBRERO,2,NO,"CONDUCE BAJO LA INFLUENCIA DE ALCOHOL, SUSTANCIAS ESTUPEFACIENTES O PSICOTROPICAS Y/O MEDICAMENTOS.",ESTRELLAMIENTOS,AUTOMOVIL,3,0,0,0,0,0,0,0,0,0,0,0,0,3,32,MUJER,ILESO,CONDUCTOR PRESENTE,NO,NO,1
22612,82313,82314,2020,0,0,-0.465716,-78.591531,PICHINCHA,MEJIA,ALOAG,RURAL,2020-02-20,15:30:00,15,JUEVES,4,FEBRERO,2,NO,"CONDUCIR DESATENTO A LAS CONDICIONES DE TRANSITO (CELULAR, PANTALLAS DE VIDEO, COMIDA, MAQUILLAJE O CUALQUIER OTRO ELEMENTO DISTRACTOR).",PERDIDA DE PISTA,MOTOCICLETA,0,0,0,0,0,0,0,0,1,0,0,0,0,1,-1,NO IDENTIFICADO,NO IDENTIFICADO,CONDUCTOR AUSENTE,NO,NO,2
22613,82315,82316,2020,1,0,-0.276708,-78.542623,PICHINCHA,QUITO,QUITO,URBANA,2020-02-20,15:45:00,15,JUEVES,4,FEBRERO,2,NO,NO CEDER EL DERECHO DE VIA O PREFERENCIA DE PASO AL PEATON.,ATROPELLOS,NO IDENTIFICADO,0,0,0,0,0,0,0,0,0,1,0,0,0,1,35,MUJER,LESIONADO,PEATON,NO,NO,0
22614,82319,82320,2020,1,0,-0.104824,-78.427376,PICHINCHA,QUITO,CALDERON (CARAPUNGO),RURAL,2020-02-20,17:30:00,17,JUEVES,4,FEBRERO,2,NO,NO TRANSITAR POR LAS ACERAS O ZONAS DE SEGURIDAD DESTINADAS PARA EL EFECTO.,ATROPELLOS,AUTOMOVIL,1,0,0,0,0,0,0,0,0,0,0,0,0,1,33,HOMBRE,LESIONADO,PEATON,NO,NO,3
22615,82320,82321,2020,0,0,-0.091585,-78.439052,PICHINCHA,QUITO,CALDERON (CARAPUNGO),RURAL,2020-02-20,18:00:00,18,JUEVES,4,FEBRERO,2,NO,"CONDUCE BAJO LA INFLUENCIA DE ALCOHOL, SUSTANCIAS ESTUPEFACIENTES O PSICOTROPICAS Y/O MEDICAMENTOS.",CHOQUE POSTERIOR,AUTOMOVIL,2,0,0,0,0,0,0,0,0,0,0,0,0,2,45,HOMBRE,ILESO,CONDUCTOR PRESENTE,NO,NO,3
22616,82325,82326,2020,0,0,-0.192107,-78.495697,PICHINCHA,QUITO,QUITO,URBANA,2020-02-20,19:40:00,19,JUEVES,4,FEBRERO,2,NO,"NO RESPETAR LAS SENIALES REGLAMENTARIAS DE TRANSITO. (PARE, CEDA EL PASO, LUZ ROJA DEL SEMAFORO, ETC).",CHOQUE LATERAL,AUTOMOVIL,2,0,0,0,0,0,0,0,0,0,0,0,0,2,33,HOMBRE,ILESO,CONDUCTOR PRESENTE,NO,NO,1
22617,82328,82329,2020,0,0,-0.270853,-78.519359,PICHINCHA,QUITO,QUITO,URBANA,2020-02-20,20:50:00,20,JUEVES,4,FEBRERO,2,NO,"CASO FORTUITO O FUERZA MAYOR (EXPLOSION DE NEUMATICO NUEVO, DERRUMBE, INUNDACION, CAIDA DE PUENTE, ARBOL, PRESENCIA INTEMPESTIVA E IMPREVISTA DE SEMOVIENTES EN LA VIA, ETC.).",OTROS,CAMION,0,0,0,1,0,0,0,0,0,0,0,0,0,1,-1,NO IDENTIFICADO,NO IDENTIFICADO,CONDUCTOR AUSENTE,NO,NO,2
22618,82335,82336,2020,0,0,-0.215178,-78.487965,PICHINCHA,QUITO,QUITO,URBANA,2020-02-20,23:35:00,23,JUEVES,4,FEBRERO,2,NO,"CONDUCIR DESATENTO A LAS CONDICIONES DE TRANSITO (CELULAR, PANTALLAS DE VIDEO, COMIDA, MAQUILLAJE O CUALQUIER OTRO ELEMENTO DISTRACTOR).",CHOQUE LATERAL,AUTOMOVIL,1,0,0,0,1,0,0,0,0,0,0,0,0,2,31,MUJER,ILESO,CONDUCTOR PRESENTE,NO,NO,1
22619,82336,82337,2020,0,0,-0.126799,-78.449333,PICHINCHA,QUITO,LLANO CHICO,RURAL,2020-02-21,00:00:00,0,VIERNES,5,FEBRERO,2,SI,"PRESENCIA DE AGENTES EXTERNOS EN LA VIA (AGUA, ACEITE, PIEDRA, LASTRE, ESCOMBROS, MADEROS, ETC.).",ESTRELLAMIENTOS,AUTOMOVIL,1,0,0,0,0,0,0,0,0,0,0,0,0,1,24,HOMBRE,ILESO,CONDUCTOR PRESENTE,NO,NO,3
22620,82339,82340,2020,0,0,-0.114384,-78.494586,PICHINCHA,QUITO,QUITO,URBANA,2020-02-21,01:20:00,1,VIERNES,5,FEBRERO,2,SI,"CONDUCE BAJO LA INFLUENCIA DE ALCOHOL, SUSTANCIAS ESTUPEFACIENTES O PSICOTROPICAS Y/O MEDICAMENTOS.",CHOQUE POSTERIOR,AUTOMOVIL,2,0,0,0,0,0,0,0,0,0,0,0,0,2,33,HOMBRE,ILESO,CONDUCTOR PRESENTE,NO,NO,1
22621,82351,82352,2020,1,0,-0.282701,-78.544403,PICHINCHA,QUITO,QUITO,URBANA,2020-02-21,09:30:00,9,VIERNES,5,FEBRERO,2,SI,NO TRANSITAR POR LAS ACERAS O ZONAS DE SEGURIDAD DESTINADAS PARA EL EFECTO.,ATROPELLOS,AUTOMOVIL,1,0,0,0,0,0,0,0,0,0,0,0,0,1,-1,HOMBRE,LESIONADO,PEATON,NO,NO,1
22622,82357,82358,2020,1,0,-0.277334,-78.546535,PICHINCHA,QUITO,QUITO,URBANA,2020-02-21,10:50:00,10,VIERNES,5,FEBRERO,2,SI,NO CEDER EL DERECHO DE VIA O PREFERENCIA DE PASO AL PEATON.,ATROPELLOS,MOTOCICLETA,0,0,0,0,0,0,0,0,1,0,0,0,0,1,60,HOMBRE,LESIONADO,PEATON,NO,NO,1
22623,82359,82360,2020,0,0,-0.243671,-78.485361,PICHINCHA,QUITO,QUITO,URBANA,2020-02-21,11:50:00,11,VIERNES,5,FEBRERO,2,SI,"NO RESPETAR LAS SENIALES REGLAMENTARIAS DE TRANSITO. (PARE, CEDA EL PASO, LUZ ROJA DEL SEMAFORO, ETC).",CHOQUE LATERAL,CAMIONETA,1,0,0,0,1,0,0,0,0,0,0,0,0,2,37,HOMBRE,ILESO,CONDUCTOR PRESENTE,NO,NO,1
22624,82368,82369,2020,0,0,-0.197826,-78.466466,PICHINCHA,QUITO,QUITO,RURAL,2020-02-21,13:25:00,13,VIERNES,5,FEBRERO,2,SI,"CONDICIONES AMBIENTALES Y/O ATMOSFERICAS (NIEBLA, NEBLINA, GRANIZO, LLUVIA).",CHOQUE LATERAL,AUTOMOVIL,1,0,0,0,1,0,0,0,0,0,0,0,0,2,30,HOMBRE,ILESO,CONDUCTOR PRESENTE,NO,NO,3
22625,82376,82377,2020,0,0,-0.209421,-78.425094,PICHINCHA,QUITO,CUMBAYA,RURAL,2020-02-21,15:08:00,15,VIERNES,5,FEBRERO,2,SI,"NO RESPETAR LAS SENIALES REGLAMENTARIAS DE TRANSITO. (PARE, CEDA EL PASO, LUZ ROJA DEL SEMAFORO, ETC).",ESTRELLAMIENTOS,AUTOMOVIL,1,0,0,0,0,0,0,0,0,0,0,0,0,1,-1,NO IDENTIFICADO,NO IDENTIFICADO,CONDUCTOR AUSENTE,NO,NO,2
22626,82382,82383,2020,0,0,-0.460795,-78.594983,PICHINCHA,MEJIA,ALOAG,RURAL,2020-02-21,16:30:00,16,VIERNES,5,FEBRERO,2,SI,CONDUCIR EN SENTIDO CONTRARIO A LA VIA NORMAL DE CIRCULACION.,CHOQUE FRONTAL,AUTOMOVIL,1,0,0,0,1,0,0,0,0,0,0,0,0,2,-1,NO IDENTIFICADO,ILESO,CONDUCTOR PRESENTE,NO,NO,3
22627,82383,82384,2020,2,0,-0.113555,-78.497601,PICHINCHA,QUITO,QUITO,URBANA,2020-02-21,17:20:00,17,VIERNES,5,FEBRERO,2,SI,"CONDICIONES AMBIENTALES Y/O ATMOSFERICAS (NIEBLA, NEBLINA, GRANIZO, LLUVIA).",CHOQUE LATERAL,AUTOMOVIL,2,0,0,0,0,0,0,0,0,0,0,0,0,2,26,MUJER,LESIONADO,PASAJERO,NO,NO,1
22628,82385,82386,2020,1,0,-0.204592,-78.377815,PICHINCHA,QUITO,TUMBACO,RURAL,2020-02-21,17:35:00,17,VIERNES,5,FEBRERO,2,SI,"CONDICIONES AMBIENTALES Y/O ATMOSFERICAS (NIEBLA, NEBLINA, GRANIZO, LLUVIA).",CHOQUE LATERAL,AUTOMOVIL,1,0,0,0,0,0,0,0,1,0,0,0,0,2,63,MUJER,LESIONADO,CONDUCTOR PRESENTE,NO,NO,3
22629,82388,82389,2020,1,0,-0.232711,-78.503685,PICHINCHA,QUITO,QUITO,URBANA,2020-02-21,18:17:00,18,VIERNES,5,FEBRERO,2,SI,"CONDICIONES AMBIENTALES Y/O ATMOSFERICAS (NIEBLA, NEBLINA, GRANIZO, LLUVIA).",VOLCAMIENTOS,MOTOCICLETA,0,0,0,0,0,0,0,0,1,0,0,0,0,1,34,HOMBRE,LESIONADO,CONDUCTOR PRESENTE,NO,NO,1
22630,82395,82396,2020,1,0,-0.155545,-78.487425,PICHINCHA,QUITO,QUITO,URBANA,2020-02-21,20:32:00,20,VIERNES,5,FEBRERO,2,SI,NO GUARDAR LA DISTANCIA LATERAL MINIMA DE SEGURIDAD ENTRE VEHICULOS.,CHOQUE LATERAL,AUTOMOVIL,2,0,0,0,0,0,0,0,0,0,0,0,0,2,38,MUJER,LESIONADO,CONDUCTOR PRESENTE,NO,NO,1
22631,82401,82402,2020,0,0,-0.232624,-78.503782,PICHINCHA,QUITO,QUITO,URBANA,2020-02-21,22:10:00,22,VIERNES,5,FEBRERO,2,SI,NO GUARDAR LA DISTANCIA LATERAL MINIMA DE SEGURIDAD ENTRE VEHICULOS.,ROZAMIENTOS,AUTOMOVIL,1,0,0,1,0,0,0,0,0,0,0,0,0,2,38,MUJER,ILESO,CONDUCTOR PRESENTE,NO,NO,1
22632,82402,82403,2020,0,0,-0.292724,-78.476486,PICHINCHA,QUITO,CONOCOTO,RURAL,2020-02-21,22:15:00,22,VIERNES,5,FEBRERO,2,SI,"CONDUCE BAJO LA INFLUENCIA DE ALCOHOL, SUSTANCIAS ESTUPEFACIENTES O PSICOTROPICAS Y/O MEDICAMENTOS.",CHOQUE FRONTAL,AUTOMOVIL,2,0,0,0,0,0,0,0,0,0,0,0,0,2,37,HOMBRE,ILESO,CONDUCTOR PRESENTE,NO,NO,3
22633,82403,82404,2020,0,0,-0.199767,-78.428809,PICHINCHA,QUITO,CUMBAYA,RURAL,2020-02-21,22:30:00,22,VIERNES,5,FEBRERO,2,SI,"CONDUCE BAJO LA INFLUENCIA DE ALCOHOL, SUSTANCIAS ESTUPEFACIENTES O PSICOTROPICAS Y/O MEDICAMENTOS.",CHOQUE FRONTAL,AUTOMOVIL,2,0,0,0,0,0,0,0,0,0,0,0,0,2,68,MUJER,ILESO,CONDUCTOR PRESENTE,NO,NO,3
22634,82404,82405,2020,0,0,-0.144329,-78.482836,PICHINCHA,QUITO,QUITO,URBANA,2020-02-21,22:30:00,22,VIERNES,5,FEBRERO,2,SI,"CONDUCE BAJO LA INFLUENCIA DE ALCOHOL, SUSTANCIAS ESTUPEFACIENTES O PSICOTROPICAS Y/O MEDICAMENTOS.",COLISION,AUTOMOVIL,3,0,0,0,0,0,0,0,0,0,0,0,0,3,16,MUJER,ILESO,PASAJERO,NO,NO,1
22635,82417,82418,2020,0,0,-0.128693,-78.471214,PICHINCHA,QUITO,QUITO,URBANA,2020-02-22,00:30:00,0,SABADO,6,FEBRERO,2,SI,CONDUCIR VEHICULO SUPERANDO LOS LIMITES MAXIMOS DE VELOCIDAD.,PERDIDA DE CARRIL,CAMIONETA,0,0,0,0,1,0,0,0,0,0,0,0,0,1,-1,NO IDENTIFICADO,NO IDENTIFICADO,CONDUCTOR AUSENTE,NO,NO,2
22636,82420,82421,2020,0,0,-0.101492,-78.468991,PICHINCHA,QUITO,QUITO,RURAL,2020-02-22,00:50:00,0,SABADO,6,FEBRERO,2,SI,CONDUCIR VEHICULO SUPERANDO LOS LIMITES MAXIMOS DE VELOCIDAD.,ESTRELLAMIENTOS,AUTOMOVIL,1,0,0,0,0,0,0,0,0,0,0,0,0,1,36,MUJER,ILESO,PASAJERO,NO,NO,3
22637,82421,82422,2020,0,0,-0.277624,-78.531251,PICHINCHA,QUITO,QUITO,URBANA,2020-02-22,00:50:00,0,SABADO,6,FEBRERO,2,SI,CONDUCIR VEHICULO SUPERANDO LOS LIMITES MAXIMOS DE VELOCIDAD.,ESTRELLAMIENTOS,AUTOMOVIL,1,0,0,0,0,0,0,0,0,0,0,0,0,1,-1,NO IDENTIFICADO,NO IDENTIFICADO,CONDUCTOR AUSENTE,NO,NO,2
22638,82422,82423,2020,0,0,-0.105692,-78.499884,PICHINCHA,QUITO,QUITO,URBANA,2020-02-22,01:00:00,1,SABADO,6,FEBRERO,2,SI,"CONDUCE BAJO LA INFLUENCIA DE ALCOHOL, SUSTANCIAS ESTUPEFACIENTES O PSICOTROPICAS Y/O MEDICAMENTOS.",CHOQUE POSTERIOR,AUTOMOVIL,2,0,0,0,1,0,0,0,0,0,0,0,0,3,31,HOMBRE,ILESO,CONDUCTOR PRESENTE,NO,NO,1
22639,82430,82431,2020,0,0,-0.203089,-78.492041,PICHINCHA,QUITO,QUITO,URBANA,2020-02-22,03:00:00,3,SABADO,6,FEBRERO,2,SI,CONDUCIR VEHICULO SUPERANDO LOS LIMITES MAXIMOS DE VELOCIDAD.,ESTRELLAMIENTOS,AUTOMOVIL,1,0,0,0,0,0,0,0,0,0,0,0,0,1,-1,NO IDENTIFICADO,NO IDENTIFICADO,CONDUCTOR AUSENTE,NO,NO,2
22640,82436,82437,2020,0,0,-0.183839,-78.501869,PICHINCHA,QUITO,QUITO,URBANA,2020-02-22,04:53:00,4,SABADO,6,FEBRERO,2,SI,"CONDUCE BAJO LA INFLUENCIA DE ALCOHOL, SUSTANCIAS ESTUPEFACIENTES O PSICOTROPICAS Y/O MEDICAMENTOS.",ESTRELLAMIENTOS,AUTOMOVIL,1,0,0,0,0,0,0,0,0,0,0,0,0,1,39,HOMBRE,ILESO,CONDUCTOR PRESENTE,NO,NO,1
22641,82440,82441,2020,0,0,-0.452194,-78.752433,PICHINCHA,MEJIA,MANUEL CORNEJO ASTORGA,RURAL,2020-02-22,06:30:00,6,SABADO,6,FEBRERO,2,SI,"CONDUCIR DESATENTO A LAS CONDICIONES DE TRANSITO (CELULAR, PANTALLAS DE VIDEO, COMIDA, MAQUILLAJE O CUALQUIER OTRO ELEMENTO DISTRACTOR).",PERDIDA DE PISTA,AUTOMOVIL,1,0,0,0,0,0,0,0,0,0,0,0,0,1,-1,NO IDENTIFICADO,ILESO,CONDUCTOR PRESENTE,NO,NO,2
22642,82441,82442,2020,0,0,-0.174894,-78.501169,PICHINCHA,QUITO,QUITO,URBANA,2020-02-22,06:45:00,6,SABADO,6,FEBRERO,2,SI,"NO RESPETAR LAS SENIALES REGLAMENTARIAS DE TRANSITO. (PARE, CEDA EL PASO, LUZ ROJA DEL SEMAFORO, ETC).",CHOQUE LATERAL,AUTOMOVIL,2,0,0,0,0,0,0,0,0,0,0,0,0,2,48,HOMBRE,ILESO,CONDUCTOR PRESENTE,NO,NO,1
22643,82444,82445,2020,1,0,-0.216261,-78.509382,PICHINCHA,QUITO,QUITO,URBANA,2020-02-22,07:30:00,7,SABADO,6,FEBRERO,2,SI,NO GUARDAR LA DISTANCIA LATERAL MINIMA DE SEGURIDAD ENTRE VEHICULOS.,CHOQUE LATERAL,AUTOMOVIL,2,0,0,0,0,0,0,0,0,0,0,0,0,2,32,HOMBRE,LESIONADO,CONDUCTOR PRESENTE,NO,NO,1
22644,82445,82446,2020,0,0,-0.204592,-78.455985,PICHINCHA,QUITO,QUITO,RURAL,2020-02-22,07:40:00,7,SABADO,6,FEBRERO,2,SI,"CONDICIONES AMBIENTALES Y/O ATMOSFERICAS (NIEBLA, NEBLINA, GRANIZO, LLUVIA).",ESTRELLAMIENTOS,CAMIONETA,0,0,0,0,1,0,0,0,0,0,0,0,0,1,41,HOMBRE,ILESO,CONDUCTOR PRESENTE,NO,NO,3
22645,82453,82454,2020,0,0,-0.120363,-78.493256,PICHINCHA,QUITO,QUITO,URBANA,2020-02-22,11:30:00,11,SABADO,6,FEBRERO,2,SI,NO GUARDAR LA DISTANCIA LATERAL MINIMA DE SEGURIDAD ENTRE VEHICULOS.,CHOQUE LATERAL,AUTOMOVIL,2,0,0,0,0,0,0,0,0,0,0,0,0,2,20,HOMBRE,ILESO,CONDUCTOR PRESENTE,NO,NO,1
22646,82455,82456,2020,0,0,-0.199767,-78.428809,PICHINCHA,QUITO,CUMBAYA,RURAL,2020-02-22,12:55:00,12,SABADO,6,FEBRERO,2,SI,CONDUCIR VEHICULO SUPERANDO LOS LIMITES MAXIMOS DE VELOCIDAD.,CHOQUE LATERAL,AUTOMOVIL,2,0,0,0,0,0,0,0,0,0,0,0,0,2,54,MUJER,ILESO,CONDUCTOR PRESENTE,NO,NO,3
22647,82456,82457,2020,1,0,-0.257611,-78.517731,PICHINCHA,QUITO,QUITO,URBANA,2020-02-22,13:00:00,13,SABADO,6,FEBRERO,2,SI,NO GUARDAR LA DISTANCIA LATERAL MINIMA DE SEGURIDAD ENTRE VEHICULOS.,CHOQUE LATERAL,MOTOCICLETA,1,0,0,0,0,0,0,0,1,0,0,0,0,2,33,HOMBRE,LESIONADO,CONDUCTOR PRESENTE,NO,NO,1
22648,82460,82461,2020,0,0,-0.237587,-78.484667,PICHINCHA,QUITO,QUITO,RURAL,2020-02-22,13:44:00,13,SABADO,6,FEBRERO,2,SI,NO MANTENER LA DISTANCIA PRUDENCIAL CON RESPECTO AL VEHICULO QUE LE ANTECEDE.,CHOQUE POSTERIOR,AUTOMOVIL,1,0,0,1,0,0,0,0,0,0,0,0,0,2,62,MUJER,ILESO,CONDUCTOR PRESENTE,NO,NO,3
22649,82468,82469,2020,0,0,-0.192826,-78.498075,PICHINCHA,QUITO,QUITO,URBANA,2020-02-22,15:50:00,15,SABADO,6,FEBRERO,2,SI,"CONDICIONES AMBIENTALES Y/O ATMOSFERICAS (NIEBLA, NEBLINA, GRANIZO, LLUVIA).",CHOQUE LATERAL,AUTOMOVIL,1,0,0,0,0,0,0,0,1,0,0,0,0,2,33,HOMBRE,ILESO,CONDUCTOR PRESENTE,NO,NO,1
22650,82479,82480,2020,2,0,-0.301001,-78.556479,PICHINCHA,QUITO,QUITO,URBANA,2020-02-22,18:20:00,18,SABADO,6,FEBRERO,2,SI,CONDUCIR VEHICULO SUPERANDO LOS LIMITES MAXIMOS DE VELOCIDAD.,VOLCAMIENTOS,MOTOCICLETA,0,0,0,0,0,0,0,0,1,0,0,0,0,1,4,HOMBRE,LESIONADO,PASAJERO,NO,NO,1
22651,82480,82481,2020,2,0,-0.246969,-78.582183,PICHINCHA,QUITO,LLOA,URBANA,2020-02-22,18:30:00,18,SABADO,6,FEBRERO,2,SI,"CONDUCE BAJO LA INFLUENCIA DE ALCOHOL, SUSTANCIAS ESTUPEFACIENTES O PSICOTROPICAS Y/O MEDICAMENTOS.",CHOQUE FRONTAL,CAMIONETA,0,0,0,0,2,0,0,0,0,0,0,0,0,2,74,MUJER,LESIONADO,PASAJERO,NO,NO,1
22652,82484,82485,2020,0,0,-0.328564,-78.449091,PICHINCHA,RUMINIAHUI,SANGOLQUI,RURAL,2020-02-22,19:10:00,19,SABADO,6,FEBRERO,2,SI,"CONDUCIR DESATENTO A LAS CONDICIONES DE TRANSITO (CELULAR, PANTALLAS DE VIDEO, COMIDA, MAQUILLAJE O CUALQUIER OTRO ELEMENTO DISTRACTOR).",ROZAMIENTOS,AUTOMOVIL,2,0,0,0,0,0,0,0,0,0,0,0,0,2,37,HOMBRE,ILESO,CONDUCTOR PRESENTE,NO,SI,3
22653,82486,82487,2020,0,0,-0.141457,-78.483041,PICHINCHA,QUITO,QUITO,URBANA,2020-02-22,19:25:00,19,SABADO,6,FEBRERO,2,SI,"CONDICIONES AMBIENTALES Y/O ATMOSFERICAS (NIEBLA, NEBLINA, GRANIZO, LLUVIA).",PERDIDA DE CARRIL,AUTOMOVIL,1,0,0,0,0,0,0,0,0,0,0,0,0,1,-1,NO IDENTIFICADO,NO IDENTIFICADO,CONDUCTOR AUSENTE,NO,NO,2
22654,82495,82496,2020,1,0,0.045634,-78.179776,PICHINCHA,PEDRO MONCAYO,TUPIGACHI,RURAL,2020-02-22,20:00:00,20,SABADO,6,FEBRERO,2,SI,"MAL ESTACIONADO - EL CONDUCTOR QUE DETENGA O ESTACIONE VEHICULOS EN SITIOS O ZONAS QUE ENTRANIEN PELIGRO, TALES COMO ZONA DE SEGURIDAD, CURVAS, PUENTES, TUNELES, PENDIENTES.",CHOQUE LATERAL,MOTOCICLETA,0,0,0,0,0,0,0,0,1,0,0,0,0,1,45,HOMBRE,LESIONADO,CONDUCTOR PRESENTE,NO,SI,3
22655,82505,82506,2020,1,0,-0.304167,-78.542831,PICHINCHA,QUITO,QUITO,URBANA,2020-02-22,22:25:00,22,SABADO,6,FEBRERO,2,SI,DEJAR O RECOGER PASAJEROS EN LUGARES NO PERMITIDOS.,CAIDA DE PASAJERO,NO IDENTIFICADO,0,0,0,0,0,0,0,0,0,1,0,0,0,1,37,HOMBRE,LESIONADO,PASAJERO,NO,NO,1
22656,82512,82513,2020,0,0,-0.210739,-78.421093,PICHINCHA,QUITO,TUMBACO,RURAL,2020-02-23,00:05:00,0,DOMINGO,7,FEBRERO,2,SI,NO MANTENER LA DISTANCIA PRUDENCIAL CON RESPECTO AL VEHICULO QUE LE ANTECEDE.,CHOQUE POSTERIOR,AUTOMOVIL,2,0,0,0,0,0,0,0,0,0,0,0,0,2,27,HOMBRE,ILESO,PASAJERO,NO,NO,3
22657,82517,82518,2020,1,0,-0.287332,-78.564429,PICHINCHA,QUITO,QUITO,URBANA,2020-02-23,01:10:00,1,DOMINGO,7,FEBRERO,2,SI,"CONDICIONES AMBIENTALES Y/O ATMOSFERICAS (NIEBLA, NEBLINA, GRANIZO, LLUVIA).",CHOQUE FRONTAL,MOTOCICLETA,1,0,0,0,0,0,0,0,1,0,0,0,0,2,30,HOMBRE,LESIONADO,PASAJERO,NO,NO,1
22658,82518,82519,2020,1,0,-0.246122,-78.520731,PICHINCHA,QUITO,QUITO,URBANA,2020-02-23,01:10:00,1,DOMINGO,7,FEBRERO,2,SI,NO CEDER EL DERECHO DE VIA O PREFERENCIA DE PASO AL PEATON.,ATROPELLOS,NO IDENTIFICADO,0,0,0,0,0,0,0,0,0,1,0,0,0,1,29,MUJER,LESIONADO,PEATON,NO,NO,1
22659,82520,82521,2020,0,0,-0.304714,-78.416503,PICHINCHA,QUITO,ALANGASI,RURAL,2020-02-23,01:40:00,1,DOMINGO,7,FEBRERO,2,SI,CONDUCIR VEHICULO SUPERANDO LOS LIMITES MAXIMOS DE VELOCIDAD.,ESTRELLAMIENTOS,AUTOMOVIL,2,0,0,0,0,0,0,0,0,0,0,0,0,2,71,HOMBRE,ILESO,CONDUCTOR PRESENTE,NO,NO,3
22660,82532,82533,2020,0,0,-0.319976,-78.564972,PICHINCHA,QUITO,QUITO,URBANA,2020-02-23,05:00:00,5,DOMINGO,7,FEBRERO,2,SI,"CONDUCE BAJO LA INFLUENCIA DE ALCOHOL, SUSTANCIAS ESTUPEFACIENTES O PSICOTROPICAS Y/O MEDICAMENTOS.",ESTRELLAMIENTOS,AUTOMOVIL,1,0,0,0,0,0,0,0,0,0,0,0,0,1,37,HOMBRE,ILESO,CONDUCTOR PRESENTE,NO,NO,1
22661,82538,82539,2020,1,0,-0.444053,-78.665077,PICHINCHA,MEJIA,ALOAG,RURAL,2020-02-23,06:15:00,6,DOMINGO,7,FEBRERO,2,SI,BAJARSE O SUBIRSE DE VEHICULOS EN MOVIMIENTO SIN TOMAR LAS PRECAUCIONES DEBIDAS.,CAIDA DE PASAJERO,MOTOCICLETA,0,0,0,0,0,0,0,0,1,0,0,0,0,1,-1,NO IDENTIFICADO,LESIONADO,CONDUCTOR PRESENTE,NO,NO,3