,Unnamed: 0,ID,ANIO,LESIONADOS,FALLECIDOS,LATITUD_Y,LONGITUD_X,PROVINCIA,CANTON,PARROQUIA,ZONA,FECHA,HORA,PERIODO_2,DIA_1,DIA_2,MES_1,MES_2,FERIADO,CAUSA_PROBABLE,TIPO_DE_SINIESTRO,TIPO_DE_VEHICULO_1,AUTOMOVIL,BICICLETA,BUS,CAMION,CAMIONETA,EMERGENCIAS,ESPECIAL,FURGONETA,MOTOCICLETA,NO_IDENTIFICADO,SCOOTER_ELECTRICO,TRICIMOTO,VEHICULO_DEPORTIVO_UTILITARIO,SUMA_DE_VEHICULOS,EDAD_1,SEXO_1,CONDICION_1,PARTICIPANTE_1,CASCO_1,CINTURON_1,KMeans_Cluster
22662,82539,82540,2020,0,0,-0.189479,-78.453468,PICHINCHA,QUITO,NAYON,RURAL,2020-02-23,08:00:00,8,DOMINGO,7,FEBRERO,2,SI,"PRESENCIA DE AGENTES EXTERNOS EN LA VIA (AGUA, ACEITE, PIEDRA, LASTRE, ESCOMBROS, MADEROS, ETC.).",CHOQUE LATERAL,AUTOMOVIL,1,0,0,1,0,0,0,0,0,0,0,0,0,2,54,HOMBRE,ILESO,CONDUCTOR PRESENTE,NO,NO,3
22663,82543,82544,2020,1,0,-0.261858,-78.515301,PICHINCHA,QUITO,QUITO,URBANA,2020-02-23,10:35:00,10,DOMINGO,7,FEBRERO,2,SI,CONDUCIR VEHICULO SUPERANDO LOS LIMITES MAXIMOS DE VELOCIDAD.,ESTRELLAMIENTOS,CAMIONETA,0,0,0,0,1,0,0,0,0,0,0,0,0,1,28,HOMBRE,LESIONADO,PASAJERO,NO,NO,1
22664,82557,82558,2020,0,1,-0.387714,-78.533664,PICHINCHA,MEJIA,UYUMBICHO,RURAL,2020-02-23,13:25:00,13,DOMINGO,7,FEBRERO,2,SI,"CONDUCIR DESATENTO A LAS CONDICIONES DE TRANSITO (CELULAR, PANTALLAS DE VIDEO, COMIDA, MAQUILLAJE O CUALQUIER OTRO ELEMENTO DISTRACTOR).",ATROPELLOS,VEHICULO DEPORTIVO UTILITARIO,0,0,0,0,0,0,0,0,0,0,0,0,1,1,-1,HOMBRE,FALLECIDO,PEATON,NO,SI,3
22665,82568,82569,2020,0,0,-0.453175,-78.758086,PICHINCHA,MEJIA,MANUEL CORNEJO ASTORGA,RURAL,2020-02-23,16:00:00,16,DOMINGO,7,FEBRERO,2,SI,"CONDUCIR DESATENTO A LAS CONDICIONES DE TRANSITO (CELULAR, PANTALLAS DE VIDEO, COMIDA, MAQUILLAJE O CUALQUIER OTRO ELEMENTO DISTRACTOR).",PERDIDA DE PISTA,VEHICULO DEPORTIVO UTILITARIO,0,0,0,0,0,0,0,0,0,0,0,0,1,1,-1,NO IDENTIFICADO,NO IDENTIFICADO,CONDUCTOR AUSENTE,NO,NO,2
22666,82569,82570,2020,0,0,-0.113511,-78.496832,PICHINCHA,QUITO,QUITO,URBANA,2020-02-23,16:20:00,16,DOMINGO,7,FEBRERO,2,SI,"CONDUCE BAJO LA INFLUENCIA DE ALCOHOL, SUSTANCIAS ESTUPEFACIENTES O PSICOTROPICAS Y/O MEDICAMENTOS.",CHOQUE LATERAL,AUTOMOVIL,2,0,0,0,0,0,0,0,0,0,0,0,0,2,44,MUJER,ILESO,PASAJERO,NO,NO,1
22667,82611,82612,2020,1,0,-0.219905,-78.420521,PICHINCHA,QUITO,TUMBACO,RURAL,2020-02-24,03:30:00,3,LUNES,1,FEBRERO,2,SI,"PRESENCIA DE AGENTES EXTERNOS EN LA VIA (AGUA, ACEITE, PIEDRA, LASTRE, ESCOMBROS, MADEROS, ETC.).",ESTRELLAMIENTOS,AUTOMOVIL,1,0,0,0,0,0,0,0,0,0,0,0,0,1,36,MUJER,LESIONADO,CONDUCTOR PRESENTE,NO,NO,3
22668,82614,82615,2020,0,0,-0.196125,-78.495452,PICHINCHA,QUITO,QUITO,URBANA,2020-02-24,04:00:00,4,LUNES,1,FEBRERO,2,SI,"NO RESPETAR LAS SENIALES REGLAMENTARIAS DE TRANSITO. (PARE, CEDA EL PASO, LUZ ROJA DEL SEMAFORO, ETC).",ESTRELLAMIENTOS,AUTOMOVIL,1,0,0,0,0,0,0,0,0,0,0,0,0,1,-1,NO IDENTIFICADO,NO IDENTIFICADO,CONDUCTOR AUSENTE,NO,NO,2
22669,82619,82620,2020,1,0,-0.176695,-78.493953,PICHINCHA,QUITO,QUITO,URBANA,2020-02-24,07:10:00,7,LUNES,1,FEBRERO,2,SI,CONDUCIR VEHICULO SUPERANDO LOS LIMITES MAXIMOS DE VELOCIDAD.,CHOQUE LATERAL,AUTOMOVIL,2,0,0,0,0,0,0,0,0,0,0,0,0,2,30,MUJER,LESIONADO,PASAJERO,NO,NO,1
22670,82620,82621,2020,0,0,-0.112189,-78.504802,PICHINCHA,QUITO,QUITO,URBANA,2020-02-24,07:40:00,7,LUNES,1,FEBRERO,2,SI,"CONDICIONES AMBIENTALES Y/O ATMOSFERICAS (NIEBLA, NEBLINA, GRANIZO, LLUVIA).",CHOQUE POSTERIOR,AUTOMOVIL,2,0,0,0,0,0,0,0,0,0,0,0,0,2,38,HOMBRE,ILESO,CONDUCTOR PRESENTE,NO,NO,1
22671,82623,82624,2020,2,0,-0.129197,-78.502316,PICHINCHA,QUITO,QUITO,URBANA,2020-02-24,11:00:00,11,LUNES,1,FEBRERO,2,SI,CONDUCIR VEHICULO SUPERANDO LOS LIMITES MAXIMOS DE VELOCIDAD.,ESTRELLAMIENTOS,CAMIONETA,1,0,0,0,1,0,0,0,0,0,0,0,0,2,26,MUJER,LESIONADO,PASAJERO,NO,NO,1
22672,82636,82637,2020,0,0,-0.239082,-78.523432,PICHINCHA,QUITO,QUITO,URBANA,2020-02-24,16:30:00,16,LUNES,1,FEBRERO,2,SI,"CONDUCIR DESATENTO A LAS CONDICIONES DE TRANSITO (CELULAR, PANTALLAS DE VIDEO, COMIDA, MAQUILLAJE O CUALQUIER OTRO ELEMENTO DISTRACTOR).",COLISION,FURGONETA,2,0,0,0,0,0,0,1,0,0,0,0,0,3,51,MUJER,ILESO,PASAJERO,NO,NO,1
22673,82637,82638,2020,1,0,-0.375496,-78.506023,PICHINCHA,QUITO,AMAGUANIA,RURAL,2020-02-24,16:45:00,16,LUNES,1,FEBRERO,2,SI,"CASO FORTUITO O FUERZA MAYOR (EXPLOSION DE NEUMATICO NUEVO, DERRUMBE, INUNDACION, CAIDA DE PUENTE, ARBOL, PRESENCIA INTEMPESTIVA E IMPREVISTA DE SEMOVIENTES EN LA VIA, ETC.).",ATROPELLOS,CAMIONETA,0,0,0,0,1,0,0,0,0,0,0,0,0,1,50,HOMBRE,LESIONADO,PEATON,NO,NO,3
22674,82639,82640,2020,0,0,-0.246527,-78.506928,PICHINCHA,QUITO,QUITO,URBANA,2020-02-24,17:20:00,17,LUNES,1,FEBRERO,2,SI,"FALLA MECANICA EN LOS SISTEMAS Y/O NEUMATICOS (SISTEMA DE FRENOS, DIRECCION, ELECTRONICO O MECANICO).",CHOQUE FRONTAL,AUTOMOVIL,1,0,0,0,1,0,0,0,0,0,0,0,0,2,11,MUJER,ILESO,PASAJERO,NO,NO,1
22675,82647,82648,2020,1,0,-0.177282,-78.359537,PICHINCHA,QUITO,PUEMBO,RURAL,2020-02-24,20:15:00,20,LUNES,1,FEBRERO,2,SI,"CONDUCE BAJO LA INFLUENCIA DE ALCOHOL, SUSTANCIAS ESTUPEFACIENTES O PSICOTROPICAS Y/O MEDICAMENTOS.",CHOQUE POSTERIOR,BUS,1,0,1,0,0,0,0,0,0,0,0,0,0,2,27,HOMBRE,LESIONADO,CONDUCTOR PRESENTE,NO,NO,3
22676,82652,82653,2020,1,0,-0.274321,-78.544261,PICHINCHA,QUITO,QUITO,URBANA,2020-02-24,20:40:00,20,LUNES,1,FEBRERO,2,SI,NO CEDER EL DERECHO DE VIA O PREFERENCIA DE PASO AL PEATON.,ATROPELLOS,AUTOMOVIL,1,0,0,0,0,0,0,0,0,0,0,0,0,1,47,HOMBRE,LESIONADO,PEATON,NO,NO,1
22677,82658,82659,2020,0,0,-0.001158,-78.443085,PICHINCHA,QUITO,SAN ANTONIO (QUITO),RURAL,2020-02-24,21:30:00,21,LUNES,1,FEBRERO,2,SI,"CONDUCE BAJO LA INFLUENCIA DE ALCOHOL, SUSTANCIAS ESTUPEFACIENTES O PSICOTROPICAS Y/O MEDICAMENTOS.",ESTRELLAMIENTOS,AUTOMOVIL,2,0,0,0,0,0,0,0,0,0,0,0,0,2,55,HOMBRE,ILESO,CONDUCTOR PRESENTE,NO,NO,3
22678,82662,82663,2020,0,0,-0.242421,-78.512657,PICHINCHA,QUITO,QUITO,URBANA,2020-02-24,22:15:00,22,LUNES,1,FEBRERO,2,SI,"CONDUCE BAJO LA INFLUENCIA DE ALCOHOL, SUSTANCIAS ESTUPEFACIENTES O PSICOTROPICAS Y/O MEDICAMENTOS.",OTROS,CAMIONETA,1,0,0,0,1,0,0,0,0,0,0,0,0,2,59,HOMBRE,ILESO,CONDUCTOR PRESENTE,NO,NO,1
22679,82666,82667,2020,0,0,-0.283643,-78.558887,PICHINCHA,QUITO,QUITO,URBANA,2020-02-24,22:45:00,22,LUNES,1,FEBRERO,2,SI,CONDUCIR VEHICULO SUPERANDO LOS LIMITES MAXIMOS DE VELOCIDAD.,ESTRELLAMIENTOS,AUTOMOVIL,1,0,0,0,0,0,0,0,0,0,0,0,0,1,-1,NO IDENTIFICADO,NO IDENTIFICADO,CONDUCTOR AUSENTE,NO,NO,2
22680,82674,82675,2020,1,0,-0.548581,-78.586097,PICHINCHA,MEJIA,ALOASI,RURAL,2020-02-25,01:38:00,1,MARTES,2,FEBRERO,2,SI,"CONDUCIR DESATENTO A LAS CONDICIONES DE TRANSITO (CELULAR, PANTALLAS DE VIDEO, COMIDA, MAQUILLAJE O CUALQUIER OTRO ELEMENTO DISTRACTOR).",COLISION,CAMIONETA,1,0,0,1,1,0,0,0,0,0,0,0,1,4,-1,HOMBRE,LESIONADO,PASAJERO,NO,SI,3
22681,82686,82687,2020,2,0,-0.328479,-78.522294,PICHINCHA,QUITO,QUITO,URBANA,2020-02-25,09:04:00,9,MARTES,2,FEBRERO,2,SI,"NO RESPETAR LAS SENIALES REGLAMENTARIAS DE TRANSITO. (PARE, CEDA EL PASO, LUZ ROJA DEL SEMAFORO, ETC).",CHOQUE LATERAL,AUTOMOVIL,1,0,1,0,0,0,0,0,0,0,0,0,0,2,48,MUJER,LESIONADO,PASAJERO,NO,NO,1
22682,82697,82698,2020,1,0,-0.277477,-78.470774,PICHINCHA,QUITO,CONOCOTO,RURAL,2020-02-25,12:30:00,12,MARTES,2,FEBRERO,2,SI,NO GUARDAR LA DISTANCIA LATERAL MINIMA DE SEGURIDAD ENTRE VEHICULOS.,CHOQUE LATERAL,CAMION,0,0,0,1,1,0,0,0,0,0,0,0,0,2,69,HOMBRE,LESIONADO,CONDUCTOR PRESENTE,NO,NO,3
22683,82699,82700,2020,1,0,-0.097726,-78.489712,PICHINCHA,QUITO,QUITO,URBANA,2020-02-25,14:24:00,14,MARTES,2,FEBRERO,2,SI,NO MANTENER LA DISTANCIA PRUDENCIAL CON RESPECTO AL VEHICULO QUE LE ANTECEDE.,CHOQUE POSTERIOR,CAMION,0,0,0,1,1,0,0,0,0,0,0,0,0,2,51,MUJER,LESIONADO,CONDUCTOR PRESENTE,NO,NO,1
22684,82722,82723,2020,1,2,-0.348442,-78.859937,PICHINCHA,MEJIA,MANUEL CORNEJO ASTORGA,RURAL,2020-02-25,19:50:00,19,MARTES,2,FEBRERO,2,SI,CONDUCIR EN SENTIDO CONTRARIO A LA VIA NORMAL DE CIRCULACION.,CHOQUE FRONTAL,CAMION,0,0,0,1,0,0,0,0,1,0,0,0,0,2,-1,NO IDENTIFICADO,FALLECIDO,CONDUCTOR PRESENTE,NO,NO,3
22685,82732,82733,2020,0,0,0.268041,-79.198479,PICHINCHA,PUERTO QUITO,PUERTO QUITO,RURAL,2020-02-25,22:00:00,22,MARTES,2,FEBRERO,2,SI,"MAL ESTACIONADO - EL CONDUCTOR QUE DETENGA O ESTACIONE VEHICULOS EN SITIOS O ZONAS QUE ENTRANIEN PELIGRO, TALES COMO ZONA DE SEGURIDAD, CURVAS, PUENTES, TUNELES, PENDIENTES.",CHOQUE FRONTAL,CAMIONETA,1,0,0,0,1,0,0,0,0,0,0,0,0,2,-1,NO IDENTIFICADO,NO IDENTIFICADO,CONDUCTOR AUSENTE,NO,SI,3
22686,82733,82734,2020,1,0,-0.307252,-78.548755,PICHINCHA,QUITO,QUITO,URBANA,2020-02-25,22:35:00,22,MARTES,2,FEBRERO,2,SI,"ADELANTAR O REBASAR A OTRO VEHICULO EN MOVIMIENTO EN ZONAS O SITIOS PELIGROSOS TALES COMO: CURVAS, PUENTES, TUNELES, PENDIENTES, ETC.",CHOQUE LATERAL,AUTOMOVIL,1,0,0,0,0,0,0,0,1,0,0,0,0,2,23,HOMBRE,LESIONADO,PASAJERO,NO,NO,1
22687,82735,82736,2020,0,0,-0.099591,-78.490169,PICHINCHA,QUITO,QUITO,URBANA,2020-02-25,22:50:00,22,MARTES,2,FEBRERO,2,SI,"CONDUCIR DESATENTO A LAS CONDICIONES DE TRANSITO (CELULAR, PANTALLAS DE VIDEO, COMIDA, MAQUILLAJE O CUALQUIER OTRO ELEMENTO DISTRACTOR).",CHOQUE LATERAL,AUTOMOVIL,1,0,0,0,0,0,0,0,0,1,0,0,0,2,51,HOMBRE,ILESO,PEATON,NO,NO,1
22688,82740,82741,2020,1,0,-0.221954,-78.508211,PICHINCHA,QUITO,QUITO,URBANA,2020-02-25,23:30:00,23,MARTES,2,FEBRERO,2,SI,"CONDICIONES AMBIENTALES Y/O ATMOSFERICAS (NIEBLA, NEBLINA, GRANIZO, LLUVIA).",ESTRELLAMIENTOS,AUTOMOVIL,1,0,0,0,0,0,0,0,0,0,0,0,0,1,29,HOMBRE,LESIONADO,CONDUCTOR PRESENTE,NO,NO,1
22689,82745,82746,2020,0,0,-0.334717,-78.550263,PICHINCHA,QUITO,QUITO,URBANA,2020-02-26,07:00:00,7,MIERCOLES,3,FEBRERO,2,NO,CONDUCIR VEHICULO SUPERANDO LOS LIMITES MAXIMOS DE VELOCIDAD.,COLISION,AUTOMOVIL,1,0,0,0,2,0,0,0,0,0,0,0,0,3,27,HOMBRE,ILESO,CONDUCTOR PRESENTE,NO,NO,1
22690,82749,82750,2020,1,0,-0.321645,-78.564612,PICHINCHA,QUITO,QUITO,URBANA,2020-02-26,10:55:00,10,MIERCOLES,3,FEBRERO,2,NO,NO TRANSITAR POR LAS ACERAS O ZONAS DE SEGURIDAD DESTINADAS PARA EL EFECTO.,ATROPELLOS,MOTOCICLETA,0,0,0,0,0,0,0,0,1,0,0,0,0,1,41,MUJER,LESIONADO,PEATON,NO,NO,0
22691,82759,82760,2020,0,0,-0.254202,-78.531771,PICHINCHA,QUITO,QUITO,URBANA,2020-02-26,15:00:00,15,MIERCOLES,3,FEBRERO,2,NO,CONDUCIR VEHICULO SUPERANDO LOS LIMITES MAXIMOS DE VELOCIDAD.,OTROS,AUTOMOVIL,1,0,0,0,0,0,0,0,0,0,0,0,0,1,-1,NO IDENTIFICADO,NO IDENTIFICADO,CONDUCTOR AUSENTE,NO,NO,2
22692,82760,82761,2020,0,0,-0.292393,-78.448618,PICHINCHA,QUITO,ALANGASI,RURAL,2020-02-26,15:05:00,15,MIERCOLES,3,FEBRERO,2,NO,NO MANTENER LA DISTANCIA PRUDENCIAL CON RESPECTO AL VEHICULO QUE LE ANTECEDE.,COLISION,AUTOMOVIL,1,0,0,0,3,0,0,0,0,0,0,0,0,4,54,MUJER,ILESO,CONDUCTOR PRESENTE,NO,NO,3
22693,82761,82762,2020,0,0,-0.299621,-78.524243,PICHINCHA,QUITO,QUITO,URBANA,2020-02-26,17:00:00,17,MIERCOLES,3,FEBRERO,2,NO,"CASO FORTUITO O FUERZA MAYOR (EXPLOSION DE NEUMATICO NUEVO, DERRUMBE, INUNDACION, CAIDA DE PUENTE, ARBOL, PRESENCIA INTEMPESTIVA E IMPREVISTA DE SEMOVIENTES EN LA VIA, ETC.).",OTROS,CAMION,0,0,0,1,0,0,0,0,0,0,0,0,0,1,39,HOMBRE,ILESO,CONDUCTOR PRESENTE,NO,NO,1
22694,82768,82769,2020,0,0,-0.297773,-78.524662,PICHINCHA,QUITO,QUITO,URBANA,2020-02-26,18:10:00,18,MIERCOLES,3,FEBRERO,2,NO,"PRESENCIA DE AGENTES EXTERNOS EN LA VIA (AGUA, ACEITE, PIEDRA, LASTRE, ESCOMBROS, MADEROS, ETC.).",ESTRELLAMIENTOS,CAMIONETA,0,0,0,0,1,0,0,0,0,0,0,0,0,1,39,HOMBRE,ILESO,CONDUCTOR PRESENTE,NO,NO,1
22695,82778,82779,2020,1,0,-0.128131,-78.312609,PICHINCHA,QUITO,CHECA (CHILPA),RURAL,2020-02-26,22:15:00,22,MIERCOLES,3,FEBRERO,2,NO,CONDUCIR VEHICULO SUPERANDO LOS LIMITES MAXIMOS DE VELOCIDAD.,OTROS,MOTOCICLETA,1,0,0,0,0,0,0,0,1,0,0,0,0,2,22,HOMBRE,LESIONADO,CONDUCTOR PRESENTE,NO,NO,3
22696,82785,82786,2020,0,0,-0.112539,-78.479121,PICHINCHA,QUITO,QUITO,URBANA,2020-02-27,02:55:00,2,JUEVES,4,FEBRERO,2,NO,"CONDICIONES AMBIENTALES Y/O ATMOSFERICAS (NIEBLA, NEBLINA, GRANIZO, LLUVIA).",ESTRELLAMIENTOS,AUTOMOVIL,1,0,0,0,0,0,0,0,0,0,0,0,0,1,-1,NO IDENTIFICADO,NO IDENTIFICADO,CONDUCTOR AUSENTE,NO,NO,2
22697,82789,82790,2020,0,1,-0.121179,-78.480316,PICHINCHA,QUITO,QUITO,URBANA,2020-02-27,05:40:00,5,JUEVES,4,FEBRERO,2,NO,CONDUCIR VEHICULO SUPERANDO LOS LIMITES MAXIMOS DE VELOCIDAD.,ESTRELLAMIENTOS,AUTOMOVIL,1,0,0,0,0,0,0,0,0,0,0,0,0,1,39,HOMBRE,FALLECIDO,CONDUCTOR PRESENTE,NO,NO,1
22698,82790,82791,2020,0,1,-0.300323,-78.520997,PICHINCHA,QUITO,QUITO,URBANA,2020-02-27,06:20:00,6,JUEVES,4,FEBRERO,2,NO,PEATON QUE CRUZA LA CALZADA SIN RESPETAR LA SENIALIZACION EXISTENTE (SEMAFOROS O SENIALES MANUALES).,ATROPELLOS,AUTOMOVIL,1,0,0,0,0,0,0,0,0,0,0,0,0,1,26,MUJER,FALLECIDO,PEATON,NO,NO,1
22699,82793,82794,2020,0,0,-0.281112,-78.557226,PICHINCHA,QUITO,QUITO,URBANA,2020-02-27,06:50:00,6,JUEVES,4,FEBRERO,2,NO,CONDUCIR VEHICULO SUPERANDO LOS LIMITES MAXIMOS DE VELOCIDAD.,COLISION,AUTOMOVIL,2,0,0,0,0,0,0,1,0,0,0,0,0,3,37,MUJER,ILESO,CONDUCTOR PRESENTE,NO,NO,1
22700,82796,82797,2020,0,0,0.017161,-78.477373,PICHINCHA,QUITO,SAN ANTONIO (QUITO),URBANA,2020-02-27,07:45:00,7,JUEVES,4,FEBRERO,2,NO,"CONDICIONES AMBIENTALES Y/O ATMOSFERICAS (NIEBLA, NEBLINA, GRANIZO, LLUVIA).",CHOQUE FRONTAL,CAMION,0,0,0,2,0,0,0,0,0,0,0,0,0,2,34,HOMBRE,ILESO,CONDUCTOR PRESENTE,NO,SI,1
22701,82798,82799,2020,1,0,-0.145593,-78.491625,PICHINCHA,QUITO,QUITO,URBANA,2020-02-27,08:35:00,8,JUEVES,4,FEBRERO,2,NO,"CONDUCIR DESATENTO A LAS CONDICIONES DE TRANSITO (CELULAR, PANTALLAS DE VIDEO, COMIDA, MAQUILLAJE O CUALQUIER OTRO ELEMENTO DISTRACTOR).",OTROS,AUTOMOVIL,1,0,0,0,1,0,0,0,1,0,0,0,0,3,61,HOMBRE,LESIONADO,CONDUCTOR PRESENTE,NO,NO,1
22702,82800,82801,2020,0,0,-0.142808,-78.481623,PICHINCHA,QUITO,QUITO,URBANA,2020-02-27,09:25:00,9,JUEVES,4,FEBRERO,2,NO,"CONDUCIR DESATENTO A LAS CONDICIONES DE TRANSITO (CELULAR, PANTALLAS DE VIDEO, COMIDA, MAQUILLAJE O CUALQUIER OTRO ELEMENTO DISTRACTOR).",CHOQUE LATERAL,AUTOMOVIL,2,0,0,0,0,0,0,0,0,0,0,0,0,2,80,HOMBRE,ILESO,CONDUCTOR PRESENTE,NO,NO,1
22703,82803,82804,2020,1,0,-0.323869,-78.550108,PICHINCHA,QUITO,QUITO,URBANA,2020-02-27,12:25:00,12,JUEVES,4,FEBRERO,2,NO,PEATON QUE CRUZA LA CALZADA SIN RESPETAR LA SENIALIZACION EXISTENTE (SEMAFOROS O SENIALES MANUALES).,ARROLLAMIENTOS,BUS,0,0,1,0,0,0,0,0,0,0,0,0,0,1,12,HOMBRE,LESIONADO,PEATON,NO,NO,1
22704,82805,82806,2020,1,0,-0.258459,-78.550832,PICHINCHA,QUITO,QUITO,URBANA,2020-02-27,13:00:00,13,JUEVES,4,FEBRERO,2,NO,NO TRANSITAR POR LAS ACERAS O ZONAS DE SEGURIDAD DESTINADAS PARA EL EFECTO.,ARROLLAMIENTOS,AUTOMOVIL,1,0,0,0,0,0,0,0,0,0,0,0,0,1,6,HOMBRE,LESIONADO,PEATON,NO,NO,1
22705,82807,82808,2020,0,0,-0.346224,-78.485829,PICHINCHA,QUITO,AMAGUANIA,RURAL,2020-02-27,13:25:00,13,JUEVES,4,FEBRERO,2,NO,NO GUARDAR LA DISTANCIA LATERAL MINIMA DE SEGURIDAD ENTRE VEHICULOS.,CHOQUE LATERAL,AUTOMOVIL,2,0,0,0,0,0,0,0,0,0,0,0,0,2,23,HOMBRE,ILESO,CONDUCTOR PRESENTE,NO,NO,3
22706,82813,82814,2020,0,0,-0.220556,-78.393037,PICHINCHA,QUITO,TUMBACO,RURAL,2020-02-27,15:50:00,15,JUEVES,4,FEBRERO,2,NO,CONDUCIR VEHICULO SUPERANDO LOS LIMITES MAXIMOS DE VELOCIDAD.,ESTRELLAMIENTOS,AUTOMOVIL,1,0,0,0,0,0,0,0,0,0,0,0,0,1,-1,NO IDENTIFICADO,NO IDENTIFICADO,CONDUCTOR AUSENTE,NO,NO,2
22707,82815,82816,2020,0,0,-0.328351,-78.577171,PICHINCHA,QUITO,QUITO,URBANA,2020-02-27,18:00:00,18,JUEVES,4,FEBRERO,2,NO,"CONDUCE BAJO LA INFLUENCIA DE ALCOHOL, SUSTANCIAS ESTUPEFACIENTES O PSICOTROPICAS Y/O MEDICAMENTOS.",CHOQUE LATERAL,AUTOMOVIL,1,0,0,1,0,0,0,0,0,0,0,0,0,2,27,HOMBRE,ILESO,CONDUCTOR PRESENTE,NO,NO,1
22708,82828,82829,2020,0,0,-0.336931,-78.578601,PICHINCHA,QUITO,QUITO,URBANA,2020-02-28,01:00:00,1,VIERNES,5,FEBRERO,2,NO,"CONDUCE BAJO LA INFLUENCIA DE ALCOHOL, SUSTANCIAS ESTUPEFACIENTES O PSICOTROPICAS Y/O MEDICAMENTOS.",ESTRELLAMIENTOS,BUS,0,0,2,0,0,0,0,0,0,0,0,0,0,2,19,HOMBRE,ILESO,CONDUCTOR PRESENTE,NO,NO,1
22709,82829,82830,2020,0,0,-0.191414,-78.486699,PICHINCHA,QUITO,QUITO,URBANA,2020-02-28,01:05:00,1,VIERNES,5,FEBRERO,2,NO,"NO RESPETAR LAS SENIALES REGLAMENTARIAS DE TRANSITO. (PARE, CEDA EL PASO, LUZ ROJA DEL SEMAFORO, ETC).",ESTRELLAMIENTOS,AUTOMOVIL,1,0,0,0,0,0,0,0,0,0,0,0,0,1,68,HOMBRE,ILESO,CONDUCTOR PRESENTE,NO,NO,1
22710,82831,82832,2020,0,0,-0.281961,-78.574846,PICHINCHA,QUITO,QUITO,URBANA,2020-02-28,04:20:00,4,VIERNES,5,FEBRERO,2,NO,CONDUCIR VEHICULO SUPERANDO LOS LIMITES MAXIMOS DE VELOCIDAD.,PERDIDA DE CARRIL,AUTOMOVIL,1,0,0,0,0,0,0,0,0,0,0,0,0,1,-1,NO IDENTIFICADO,NO IDENTIFICADO,CONDUCTOR AUSENTE,NO,NO,2
22711,82832,82833,2020,2,0,-0.065583,-78.363561,PICHINCHA,QUITO,GUAYLLABAMBA,RURAL,2020-02-28,04:40:00,4,VIERNES,5,FEBRERO,2,NO,"CONDUCIR DESATENTO A LAS CONDICIONES DE TRANSITO (CELULAR, PANTALLAS DE VIDEO, COMIDA, MAQUILLAJE O CUALQUIER OTRO ELEMENTO DISTRACTOR).",PERDIDA DE CARRIL,CAMIONETA,0,0,0,0,1,0,0,0,0,0,0,0,1,2,26,MUJER,LESIONADO,PASAJERO,NO,NO,3
22712,82835,82836,2020,1,0,-0.112906,-78.494742,PICHINCHA,QUITO,QUITO,URBANA,2020-02-28,05:55:00,5,VIERNES,5,FEBRERO,2,NO,NO TRANSITAR POR LAS ACERAS O ZONAS DE SEGURIDAD DESTINADAS PARA EL EFECTO.,ATROPELLOS,CAMIONETA,0,0,0,0,1,0,0,0,0,0,0,0,0,1,75,MUJER,LESIONADO,PEATON,NO,NO,1
22713,82839,82840,2020,0,0,-0.285559,-78.543247,PICHINCHA,QUITO,QUITO,URBANA,2020-02-28,07:40:00,7,VIERNES,5,FEBRERO,2,NO,NO MANTENER LA DISTANCIA PRUDENCIAL CON RESPECTO AL VEHICULO QUE LE ANTECEDE.,CHOQUE POSTERIOR,AUTOMOVIL,2,0,0,0,0,0,0,0,0,0,0,0,0,2,37,HOMBRE,ILESO,CONDUCTOR PRESENTE,NO,NO,1
22714,82844,82845,2020,2,0,-0.112439,-78.460288,PICHINCHA,QUITO,QUITO,URBANA,2020-02-28,10:15:00,10,VIERNES,5,FEBRERO,2,NO,DANIOS MECANICOS PREVISIBLES.,VOLCAMIENTOS,CAMION,0,0,0,1,0,0,0,0,0,0,0,0,0,1,30,HOMBRE,LESIONADO,PASAJERO,NO,NO,1
22715,82846,82847,2020,1,0,-0.208194,-78.496274,PICHINCHA,QUITO,QUITO,URBANA,2020-02-28,10:55:00,10,VIERNES,5,FEBRERO,2,NO,NO MANTENER LA DISTANCIA PRUDENCIAL CON RESPECTO AL VEHICULO QUE LE ANTECEDE.,CHOQUE POSTERIOR,AUTOMOVIL,2,0,0,0,0,0,0,0,0,0,0,0,0,2,49,MUJER,LESIONADO,PASAJERO,NO,NO,1
22716,82860,82861,2020,2,0,-0.256233,-78.523643,PICHINCHA,QUITO,QUITO,URBANA,2020-02-28,16:10:00,16,VIERNES,5,FEBRERO,2,NO,"CONDICIONES AMBIENTALES Y/O ATMOSFERICAS (NIEBLA, NEBLINA, GRANIZO, LLUVIA).",ESTRELLAMIENTOS,AUTOMOVIL,2,0,0,0,0,0,0,0,0,0,0,0,0,2,70,MUJER,LESIONADO,PASAJERO,NO,NO,1
22717,82863,82864,2020,1,0,-0.238001,-78.529084,PICHINCHA,QUITO,QUITO,URBANA,2020-02-28,17:30:00,17,VIERNES,5,FEBRERO,2,NO,"PEATON TRANSITA BAJO INFLUENCIA DE ALCOHOL, SUSTANCIAS ESTUPEFACIENTES O PSICOTROPICAS Y/O MEDICAMENTOS.",ATROPELLOS,BUS,0,0,1,0,0,0,0,0,0,0,0,0,0,1,25,HOMBRE,LESIONADO,PEATON,NO,NO,1