,Unnamed: 0,ID,ANIO,LESIONADOS,FALLECIDOS,LATITUD_Y,LONGITUD_X,PROVINCIA,CANTON,PARROQUIA,ZONA,FECHA,HORA,PERIODO_2,DIA_1,DIA_2,MES_1,MES_2,FERIADO,CAUSA_PROBABLE,TIPO_DE_SINIESTRO,TIPO_DE_VEHICULO_1,AUTOMOVIL,BICICLETA,BUS,CAMION,CAMIONETA,EMERGENCIAS,ESPECIAL,FURGONETA,MOTOCICLETA,NO_IDENTIFICADO,SCOOTER_ELECTRICO,TRICIMOTO,VEHICULO_DEPORTIVO_UTILITARIO,SUMA_DE_VEHICULOS,EDAD_1,SEXO_1,CONDICION_1,PARTICIPANTE_1,CASCO_1,CINTURON_1,KMeans_Cluster
22718,82870,82871,2020,0,1,-0.425116,-78.551648,PICHINCHA,MEJIA,TAMBILLO (MEJIA),RURAL,2020-02-28,20:15:00,20,VIERNES,5,FEBRERO,2,NO,"CONDUCIR DESATENTO A LAS CONDICIONES DE TRANSITO (CELULAR, PANTALLAS DE VIDEO, COMIDA, MAQUILLAJE O CUALQUIER OTRO ELEMENTO DISTRACTOR).",CHOQUE FRONTAL,BUS,1,0,1,0,0,0,0,0,0,0,0,0,0,2,22,HOMBRE,FALLECIDO,CONDUCTOR PRESENTE,NO,NO,3
22719,82873,82874,2020,0,0,-0.247607,-78.516011,PICHINCHA,QUITO,QUITO,URBANA,2020-02-28,22:50:00,22,VIERNES,5,FEBRERO,2,NO,NO MANTENER LA DISTANCIA PRUDENCIAL CON RESPECTO AL VEHICULO QUE LE ANTECEDE.,CHOQUE POSTERIOR,AUTOMOVIL,1,0,0,0,0,0,0,0,0,1,0,0,0,2,49,MUJER,ILESO,CONDUCTOR PRESENTE,NO,NO,1
22720,82877,82878,2020,0,0,-0.127286,-78.498456,PICHINCHA,QUITO,QUITO,URBANA,2020-02-29,00:30:00,0,SABADO,6,FEBRERO,2,NO,DANIOS MECANICOS PREVISIBLES.,ESTRELLAMIENTOS,AUTOMOVIL,1,0,0,0,0,0,0,0,0,0,0,0,0,1,33,HOMBRE,ILESO,CONDUCTOR PRESENTE,NO,NO,1
22721,82878,82879,2020,0,1,0.003255,-78.462567,PICHINCHA,QUITO,SAN ANTONIO (QUITO),RURAL,2020-02-29,00:30:00,0,SABADO,6,FEBRERO,2,NO,"CONDUCIR DESATENTO A LAS CONDICIONES DE TRANSITO (CELULAR, PANTALLAS DE VIDEO, COMIDA, MAQUILLAJE O CUALQUIER OTRO ELEMENTO DISTRACTOR).",CHOQUE POSTERIOR,MOTOCICLETA,0,0,0,0,0,0,0,0,1,0,0,0,0,1,21,HOMBRE,FALLECIDO,CONDUCTOR PRESENTE,NO,SI,3
22722,82879,82880,2020,1,0,-0.301421,-78.457353,PICHINCHA,RUMINIAHUI,SANGOLQUI,URBANA,2020-02-29,00:30:00,0,SABADO,6,FEBRERO,2,NO,"CONDUCIR DESATENTO A LAS CONDICIONES DE TRANSITO (CELULAR, PANTALLAS DE VIDEO, COMIDA, MAQUILLAJE O CUALQUIER OTRO ELEMENTO DISTRACTOR).",CHOQUE POSTERIOR,AUTOMOVIL,1,0,0,0,0,0,0,0,0,0,0,0,1,2,22,HOMBRE,LESIONADO,PASAJERO,NO,NO,1
22723,82881,82882,2020,0,1,-0.209101,-78.365448,PICHINCHA,QUITO,PUEMBO,RURAL,2020-02-29,00:45:00,0,SABADO,6,FEBRERO,2,NO,CONDUCIR VEHICULO SUPERANDO LOS LIMITES MAXIMOS DE VELOCIDAD.,ESTRELLAMIENTOS,AUTOMOVIL,1,0,0,0,0,0,0,0,0,0,0,0,0,1,29,HOMBRE,FALLECIDO,CONDUCTOR PRESENTE,NO,NO,3
22724,82883,82884,2020,2,0,-0.193691,-78.485061,PICHINCHA,QUITO,QUITO,URBANA,2020-02-29,01:30:00,1,SABADO,6,FEBRERO,2,NO,"CONDUCE BAJO LA INFLUENCIA DE ALCOHOL, SUSTANCIAS ESTUPEFACIENTES O PSICOTROPICAS Y/O MEDICAMENTOS.",ATROPELLOS,AUTOMOVIL,1,0,0,0,0,0,0,0,0,0,0,0,0,1,33,MUJER,LESIONADO,PEATON,NO,NO,1
22725,82884,82885,2020,0,0,-0.277624,-78.531251,PICHINCHA,QUITO,QUITO,URBANA,2020-02-29,01:30:00,1,SABADO,6,FEBRERO,2,NO,CONDUCIR VEHICULO SUPERANDO LOS LIMITES MAXIMOS DE VELOCIDAD.,ESTRELLAMIENTOS,AUTOMOVIL,1,0,0,0,0,0,0,0,0,0,0,0,0,1,-1,NO IDENTIFICADO,NO IDENTIFICADO,CONDUCTOR AUSENTE,NO,NO,2
22726,82885,82886,2020,0,1,-0.331246,-78.545881,PICHINCHA,QUITO,QUITO,URBANA,2020-02-29,02:30:00,2,SABADO,6,FEBRERO,2,NO,CONDUCIR VEHICULO SUPERANDO LOS LIMITES MAXIMOS DE VELOCIDAD.,ESTRELLAMIENTOS,MOTOCICLETA,0,0,0,0,0,0,0,0,1,0,0,0,0,1,26,HOMBRE,FALLECIDO,CONDUCTOR PRESENTE,NO,NO,1
22727,82890,82891,2020,1,0,-0.156998,-78.485094,PICHINCHA,QUITO,QUITO,URBANA,2020-02-29,05:00:00,5,SABADO,6,FEBRERO,2,NO,CONDUCIR VEHICULO SUPERANDO LOS LIMITES MAXIMOS DE VELOCIDAD.,ESTRELLAMIENTOS,AUTOMOVIL,1,0,0,0,0,0,0,0,0,0,0,0,0,1,35,HOMBRE,LESIONADO,PASAJERO,NO,NO,1
22728,82893,82894,2020,0,0,-0.280326,-78.529125,PICHINCHA,QUITO,QUITO,URBANA,2020-02-29,07:00:00,7,SABADO,6,FEBRERO,2,NO,CONDUCIR VEHICULO SUPERANDO LOS LIMITES MAXIMOS DE VELOCIDAD.,ESTRELLAMIENTOS,AUTOMOVIL,1,0,0,0,0,0,0,0,0,0,0,0,0,1,-1,NO IDENTIFICADO,NO IDENTIFICADO,CONDUCTOR AUSENTE,NO,NO,2
22729,82896,82897,2020,0,0,-0.149611,-78.473846,PICHINCHA,QUITO,QUITO,URBANA,2020-02-29,08:20:00,8,SABADO,6,FEBRERO,2,NO,DANIOS MECANICOS PREVISIBLES.,COLISION,FURGONETA,2,0,0,0,0,0,1,1,0,0,0,0,0,4,52,HOMBRE,ILESO,CONDUCTOR PRESENTE,NO,NO,1
22730,82901,82902,2020,1,0,-0.515557,-78.570831,PICHINCHA,MEJIA,MACHACHI,URBANA,2020-02-29,10:40:00,10,SABADO,6,FEBRERO,2,NO,"CONDUCE BAJO LA INFLUENCIA DE ALCOHOL, SUSTANCIAS ESTUPEFACIENTES O PSICOTROPICAS Y/O MEDICAMENTOS.",ATROPELLOS,VEHICULO DEPORTIVO UTILITARIO,0,0,0,0,0,0,0,0,0,0,0,0,1,1,32,HOMBRE,LESIONADO,PEATON,NO,SI,1
22731,82903,82904,2020,0,0,-0.206328,-78.501901,PICHINCHA,QUITO,QUITO,URBANA,2020-02-29,12:00:00,12,SABADO,6,FEBRERO,2,NO,"CONDUCE BAJO LA INFLUENCIA DE ALCOHOL, SUSTANCIAS ESTUPEFACIENTES O PSICOTROPICAS Y/O MEDICAMENTOS.",CHOQUE LATERAL,FURGONETA,1,0,0,0,0,0,0,1,0,0,0,0,0,2,55,HOMBRE,ILESO,CONDUCTOR PRESENTE,NO,NO,1
22732,82905,82906,2020,0,0,-0.203829,-78.488967,PICHINCHA,QUITO,QUITO,URBANA,2020-02-29,13:30:00,13,SABADO,6,FEBRERO,2,NO,"NO RESPETAR LAS SENIALES REGLAMENTARIAS DE TRANSITO. (PARE, CEDA EL PASO, LUZ ROJA DEL SEMAFORO, ETC).",CHOQUE LATERAL,FURGONETA,1,0,0,0,0,0,0,1,0,0,0,0,0,2,44,HOMBRE,ILESO,CONDUCTOR PRESENTE,NO,NO,1
22733,82906,82907,2020,3,0,-0.268242,-78.546497,PICHINCHA,QUITO,QUITO,URBANA,2020-02-29,13:30:00,13,SABADO,6,FEBRERO,2,NO,NO TRANSITAR POR LAS ACERAS O ZONAS DE SEGURIDAD DESTINADAS PARA EL EFECTO.,ATROPELLOS,MOTOCICLETA,0,0,0,0,0,0,0,0,1,0,0,0,0,1,34,HOMBRE,LESIONADO,PEATON,NO,NO,1
22734,82911,82912,2020,0,0,-0.099138,-78.407301,PICHINCHA,QUITO,CALDERON (CARAPUNGO),RURAL,2020-02-29,16:00:00,16,SABADO,6,FEBRERO,2,NO,"CONDUCIR DESATENTO A LAS CONDICIONES DE TRANSITO (CELULAR, PANTALLAS DE VIDEO, COMIDA, MAQUILLAJE O CUALQUIER OTRO ELEMENTO DISTRACTOR).",ROZAMIENTOS,CAMION,0,0,0,1,0,0,0,0,0,0,0,0,0,1,23,HOMBRE,ILESO,CONDUCTOR PRESENTE,NO,SI,3
22735,82915,82916,2020,0,0,-0.099083,-78.421844,PICHINCHA,QUITO,CALDERON (CARAPUNGO),RURAL,2020-02-29,19:20:00,19,SABADO,6,FEBRERO,2,NO,CONDUCIR VEHICULO SUPERANDO LOS LIMITES MAXIMOS DE VELOCIDAD.,ESTRELLAMIENTOS,CAMIONETA,0,0,0,0,1,0,0,0,0,0,0,0,0,1,48,MUJER,ILESO,CONDUCTOR PRESENTE,NO,NO,3
22736,82916,82917,2020,0,0,-0.294301,-78.464289,PICHINCHA,QUITO,CONOCOTO,RURAL,2020-02-29,19:30:00,19,SABADO,6,FEBRERO,2,NO,"NO RESPETAR LAS SENIALES REGLAMENTARIAS DE TRANSITO. (PARE, CEDA EL PASO, LUZ ROJA DEL SEMAFORO, ETC).",CHOQUE FRONTAL,AUTOMOVIL,2,0,0,0,0,0,0,0,0,0,0,0,0,2,20,HOMBRE,ILESO,CONDUCTOR PRESENTE,NO,NO,3
22737,82923,82924,2020,2,0,-0.257611,-78.517731,PICHINCHA,QUITO,QUITO,URBANA,2020-02-29,21:15:00,21,SABADO,6,FEBRERO,2,NO,NO CEDER EL DERECHO DE VIA O PREFERENCIA DE PASO A VEHICULOS.,CHOQUE LATERAL,AUTOMOVIL,1,0,0,0,0,0,0,0,1,0,0,0,0,2,21,HOMBRE,LESIONADO,PASAJERO,NO,NO,1
22738,82934,82935,2020,0,0,-0.274321,-78.544261,PICHINCHA,QUITO,QUITO,URBANA,2020-03-01,01:45:00,1,DOMINGO,7,MARZO,3,NO,"CONDUCIR DESATENTO A LAS CONDICIONES DE TRANSITO (CELULAR, PANTALLAS DE VIDEO, COMIDA, MAQUILLAJE O CUALQUIER OTRO ELEMENTO DISTRACTOR).",ARROLLAMIENTOS,AUTOMOVIL,2,0,0,0,0,0,0,0,0,0,0,0,0,2,36,HOMBRE,ILESO,CONDUCTOR PRESENTE,NO,NO,1
22739,82939,82940,2020,1,0,-0.219429,-78.520717,PICHINCHA,QUITO,QUITO,URBANA,2020-03-01,02:30:00,2,DOMINGO,7,MARZO,3,NO,"CONDUCIR DESATENTO A LAS CONDICIONES DE TRANSITO (CELULAR, PANTALLAS DE VIDEO, COMIDA, MAQUILLAJE O CUALQUIER OTRO ELEMENTO DISTRACTOR).",ARROLLAMIENTOS,AUTOMOVIL,1,0,0,0,0,0,0,0,0,0,0,0,0,1,23,HOMBRE,LESIONADO,CONDUCTOR PRESENTE,NO,NO,1
22740,82942,82943,2020,0,0,-0.106767,-78.441933,PICHINCHA,QUITO,CALDERON (CARAPUNGO),RURAL,2020-03-01,03:40:00,3,DOMINGO,7,MARZO,3,NO,"CONDUCIR DESATENTO A LAS CONDICIONES DE TRANSITO (CELULAR, PANTALLAS DE VIDEO, COMIDA, MAQUILLAJE O CUALQUIER OTRO ELEMENTO DISTRACTOR).",ARROLLAMIENTOS,AUTOMOVIL,1,0,0,0,0,0,0,0,0,0,0,0,0,1,-1,NO IDENTIFICADO,NO IDENTIFICADO,CONDUCTOR AUSENTE,NO,NO,2
22741,82946,82947,2020,1,0,-0.119685,-78.440611,PICHINCHA,QUITO,CALDERON (CARAPUNGO),RURAL,2020-03-01,04:10:00,4,DOMINGO,7,MARZO,3,NO,"CONDUCIR DESATENTO A LAS CONDICIONES DE TRANSITO (CELULAR, PANTALLAS DE VIDEO, COMIDA, MAQUILLAJE O CUALQUIER OTRO ELEMENTO DISTRACTOR).",ARROLLAMIENTOS,MOTOCICLETA,0,0,0,0,0,0,0,0,1,0,0,0,0,1,26,HOMBRE,LESIONADO,PASAJERO,NO,NO,3
22742,82947,82948,2020,2,0,-0.119685,-78.440611,PICHINCHA,QUITO,CALDERON (CARAPUNGO),RURAL,2020-03-01,04:10:00,4,DOMINGO,7,MARZO,3,NO,"CONDUCIR DESATENTO A LAS CONDICIONES DE TRANSITO (CELULAR, PANTALLAS DE VIDEO, COMIDA, MAQUILLAJE O CUALQUIER OTRO ELEMENTO DISTRACTOR).",ARROLLAMIENTOS,MOTOCICLETA,0,0,0,0,0,0,0,0,1,0,0,0,0,1,33,HOMBRE,LESIONADO,PASAJERO,NO,NO,3
22743,82950,82951,2020,0,0,-0.282701,-78.544403,PICHINCHA,QUITO,QUITO,URBANA,2020-03-01,04:30:00,4,DOMINGO,7,MARZO,3,NO,"CONDUCIR DESATENTO A LAS CONDICIONES DE TRANSITO (CELULAR, PANTALLAS DE VIDEO, COMIDA, MAQUILLAJE O CUALQUIER OTRO ELEMENTO DISTRACTOR).",ARROLLAMIENTOS,AUTOMOVIL,2,0,0,0,0,0,0,0,0,0,0,0,0,2,29,HOMBRE,ILESO,CONDUCTOR PRESENTE,NO,NO,1
22744,82954,82955,2020,0,0,-0.212824,-78.402686,PICHINCHA,QUITO,TUMBACO,RURAL,2020-03-01,05:25:00,5,DOMINGO,7,MARZO,3,NO,"CONDUCIR DESATENTO A LAS CONDICIONES DE TRANSITO (CELULAR, PANTALLAS DE VIDEO, COMIDA, MAQUILLAJE O CUALQUIER OTRO ELEMENTO DISTRACTOR).",ARROLLAMIENTOS,AUTOMOVIL,1,0,0,0,0,0,0,0,0,0,0,0,0,1,-1,NO IDENTIFICADO,NO IDENTIFICADO,CONDUCTOR AUSENTE,NO,NO,2
22745,82957,82958,2020,0,0,-0.046069,-78.285475,PICHINCHA,CAYAMBE,SANTA ROSA DE CUZUBAMBA,RURAL,2020-03-01,05:50:00,5,DOMINGO,7,MARZO,3,NO,"CONDUCIR DESATENTO A LAS CONDICIONES DE TRANSITO (CELULAR, PANTALLAS DE VIDEO, COMIDA, MAQUILLAJE O CUALQUIER OTRO ELEMENTO DISTRACTOR).",ARROLLAMIENTOS,CAMION,0,0,0,1,0,0,0,0,0,0,0,0,0,1,54,HOMBRE,ILESO,CONDUCTOR PRESENTE,NO,SI,3
22746,82958,82959,2020,1,0,-0.162023,-78.318223,PICHINCHA,QUITO,YARUQUI,RURAL,2020-03-01,06:30:00,6,DOMINGO,7,MARZO,3,NO,"CONDUCIR DESATENTO A LAS CONDICIONES DE TRANSITO (CELULAR, PANTALLAS DE VIDEO, COMIDA, MAQUILLAJE O CUALQUIER OTRO ELEMENTO DISTRACTOR).",ARROLLAMIENTOS,AUTOMOVIL,2,0,0,0,0,0,0,0,0,0,0,0,0,2,32,HOMBRE,LESIONADO,CONDUCTOR PRESENTE,NO,NO,3
22747,82964,82965,2020,0,0,-0.398458,-78.808916,PICHINCHA,MEJIA,MANUEL CORNEJO ASTORGA,RURAL,2020-03-01,08:30:00,8,DOMINGO,7,MARZO,3,NO,"CONDUCIR DESATENTO A LAS CONDICIONES DE TRANSITO (CELULAR, PANTALLAS DE VIDEO, COMIDA, MAQUILLAJE O CUALQUIER OTRO ELEMENTO DISTRACTOR).",ARROLLAMIENTOS,AUTOMOVIL,1,0,0,0,0,0,0,0,0,1,0,0,0,2,-1,NO IDENTIFICADO,ILESO,CONDUCTOR PRESENTE,NO,NO,3
22748,82965,82966,2020,0,0,-0.171095,-78.490623,PICHINCHA,QUITO,QUITO,URBANA,2020-03-01,08:35:00,8,DOMINGO,7,MARZO,3,NO,"CONDUCIR DESATENTO A LAS CONDICIONES DE TRANSITO (CELULAR, PANTALLAS DE VIDEO, COMIDA, MAQUILLAJE O CUALQUIER OTRO ELEMENTO DISTRACTOR).",ARROLLAMIENTOS,AUTOMOVIL,2,0,0,0,0,0,0,0,0,0,0,0,0,2,31,MUJER,ILESO,PASAJERO,NO,NO,1
22749,82970,82971,2020,0,0,-0.223348,-78.507921,PICHINCHA,QUITO,QUITO,URBANA,2020-03-01,09:55:00,9,DOMINGO,7,MARZO,3,NO,"CONDUCIR DESATENTO A LAS CONDICIONES DE TRANSITO (CELULAR, PANTALLAS DE VIDEO, COMIDA, MAQUILLAJE O CUALQUIER OTRO ELEMENTO DISTRACTOR).",ARROLLAMIENTOS,CAMIONETA,0,0,0,0,1,0,0,0,0,0,0,0,0,1,32,HOMBRE,ILESO,CONDUCTOR PRESENTE,NO,NO,1
22750,82977,82978,2020,1,0,-0.031438,-78.453272,PICHINCHA,QUITO,SAN ANTONIO (QUITO),URBANA,2020-03-01,11:50:00,11,DOMINGO,7,MARZO,3,NO,"CONDUCIR DESATENTO A LAS CONDICIONES DE TRANSITO (CELULAR, PANTALLAS DE VIDEO, COMIDA, MAQUILLAJE O CUALQUIER OTRO ELEMENTO DISTRACTOR).",ARROLLAMIENTOS,CAMION,0,0,0,1,0,0,0,0,0,0,0,0,0,1,51,HOMBRE,LESIONADO,PEATON,NO,SI,1
22751,82983,82984,2020,0,0,-0.299621,-78.524243,PICHINCHA,QUITO,QUITO,URBANA,2020-03-01,15:15:00,15,DOMINGO,7,MARZO,3,NO,"CONDUCIR DESATENTO A LAS CONDICIONES DE TRANSITO (CELULAR, PANTALLAS DE VIDEO, COMIDA, MAQUILLAJE O CUALQUIER OTRO ELEMENTO DISTRACTOR).",ARROLLAMIENTOS,CAMIONETA,0,0,0,0,2,0,0,0,0,0,0,0,0,2,34,HOMBRE,ILESO,CONDUCTOR PRESENTE,NO,NO,1
22752,82989,82990,2020,0,0,-0.291069,-78.545923,PICHINCHA,QUITO,QUITO,URBANA,2020-03-01,18:15:00,18,DOMINGO,7,MARZO,3,NO,"CONDUCIR DESATENTO A LAS CONDICIONES DE TRANSITO (CELULAR, PANTALLAS DE VIDEO, COMIDA, MAQUILLAJE O CUALQUIER OTRO ELEMENTO DISTRACTOR).",ARROLLAMIENTOS,AUTOMOVIL,2,0,0,0,0,0,0,0,0,0,0,0,0,2,54,HOMBRE,ILESO,CONDUCTOR PRESENTE,NO,NO,1
22753,82992,82993,2020,0,0,-0.254112,-78.483762,PICHINCHA,QUITO,CONOCOTO,RURAL,2020-03-01,18:40:00,18,DOMINGO,7,MARZO,3,NO,"CONDUCIR DESATENTO A LAS CONDICIONES DE TRANSITO (CELULAR, PANTALLAS DE VIDEO, COMIDA, MAQUILLAJE O CUALQUIER OTRO ELEMENTO DISTRACTOR).",ARROLLAMIENTOS,CAMION,0,0,0,1,0,0,0,0,0,0,0,0,0,1,71,HOMBRE,ILESO,CONDUCTOR PRESENTE,NO,SI,3
22754,82998,82999,2020,0,0,-0.232108,-78.506222,PICHINCHA,QUITO,QUITO,URBANA,2020-03-01,20:35:00,20,DOMINGO,7,MARZO,3,NO,"CONDUCIR DESATENTO A LAS CONDICIONES DE TRANSITO (CELULAR, PANTALLAS DE VIDEO, COMIDA, MAQUILLAJE O CUALQUIER OTRO ELEMENTO DISTRACTOR).",ARROLLAMIENTOS,AUTOMOVIL,2,0,0,0,0,0,0,0,0,0,0,0,0,2,35,MUJER,ILESO,CONDUCTOR PRESENTE,NO,NO,1
22755,83003,83004,2020,0,0,-0.154263,-78.501783,PICHINCHA,QUITO,QUITO,URBANA,2020-03-01,22:30:00,22,DOMINGO,7,MARZO,3,NO,"CONDUCIR DESATENTO A LAS CONDICIONES DE TRANSITO (CELULAR, PANTALLAS DE VIDEO, COMIDA, MAQUILLAJE O CUALQUIER OTRO ELEMENTO DISTRACTOR).",ARROLLAMIENTOS,AUTOMOVIL,2,0,0,0,0,0,0,0,0,0,0,0,0,2,33,HOMBRE,ILESO,CONDUCTOR PRESENTE,NO,NO,1
22756,83005,83006,2020,1,0,-0.295459,-78.528204,PICHINCHA,QUITO,QUITO,URBANA,2020-03-01,22:50:00,22,DOMINGO,7,MARZO,3,NO,"CONDUCIR DESATENTO A LAS CONDICIONES DE TRANSITO (CELULAR, PANTALLAS DE VIDEO, COMIDA, MAQUILLAJE O CUALQUIER OTRO ELEMENTO DISTRACTOR).",ARROLLAMIENTOS,NO IDENTIFICADO,0,0,0,0,0,0,0,0,0,1,0,0,0,1,25,MUJER,LESIONADO,PASAJERO,NO,NO,1
22757,83018,83019,2020,0,0,-0.331895,-78.554775,PICHINCHA,QUITO,QUITO,URBANA,2020-03-02,09:04:00,9,LUNES,1,MARZO,3,NO,"CONDUCIR DESATENTO A LAS CONDICIONES DE TRANSITO (CELULAR, PANTALLAS DE VIDEO, COMIDA, MAQUILLAJE O CUALQUIER OTRO ELEMENTO DISTRACTOR).",ARROLLAMIENTOS,AUTOMOVIL,1,0,0,0,0,0,0,0,0,0,0,0,0,1,-1,NO IDENTIFICADO,NO IDENTIFICADO,CONDUCTOR AUSENTE,NO,NO,2
22758,83022,83023,2020,0,0,-0.318873,-78.552489,PICHINCHA,QUITO,QUITO,URBANA,2020-03-02,12:00:00,12,LUNES,1,MARZO,3,NO,"CONDUCIR DESATENTO A LAS CONDICIONES DE TRANSITO (CELULAR, PANTALLAS DE VIDEO, COMIDA, MAQUILLAJE O CUALQUIER OTRO ELEMENTO DISTRACTOR).",ARROLLAMIENTOS,AUTOMOVIL,2,0,0,0,0,0,0,0,0,0,0,0,0,2,31,HOMBRE,ILESO,CONDUCTOR PRESENTE,NO,NO,1
22759,83032,83033,2020,2,0,-0.263991,-78.487764,PICHINCHA,QUITO,CONOCOTO,RURAL,2020-03-02,15:00:00,15,LUNES,1,MARZO,3,NO,"CONDUCIR DESATENTO A LAS CONDICIONES DE TRANSITO (CELULAR, PANTALLAS DE VIDEO, COMIDA, MAQUILLAJE O CUALQUIER OTRO ELEMENTO DISTRACTOR).",ARROLLAMIENTOS,CAMION,0,0,0,1,0,0,0,0,0,0,0,0,0,1,28,MUJER,LESIONADO,PASAJERO,NO,NO,3
22760,83039,83040,2020,2,0,-0.207617,-78.509236,PICHINCHA,QUITO,QUITO,URBANA,2020-03-02,16:50:00,16,LUNES,1,MARZO,3,NO,"CONDUCIR DESATENTO A LAS CONDICIONES DE TRANSITO (CELULAR, PANTALLAS DE VIDEO, COMIDA, MAQUILLAJE O CUALQUIER OTRO ELEMENTO DISTRACTOR).",ARROLLAMIENTOS,AUTOMOVIL,2,0,0,0,0,0,0,0,0,0,0,0,0,2,66,MUJER,LESIONADO,PASAJERO,NO,NO,1
22761,83040,83041,2020,3,0,-0.296851,-78.552767,PICHINCHA,QUITO,QUITO,URBANA,2020-03-02,17:00:00,17,LUNES,1,MARZO,3,NO,"CONDUCIR DESATENTO A LAS CONDICIONES DE TRANSITO (CELULAR, PANTALLAS DE VIDEO, COMIDA, MAQUILLAJE O CUALQUIER OTRO ELEMENTO DISTRACTOR).",ARROLLAMIENTOS,BUS,1,0,1,0,0,0,0,0,0,0,0,0,0,2,37,HOMBRE,LESIONADO,PASAJERO,NO,NO,1
22762,83041,83042,2020,1,0,-0.308006,-78.559416,PICHINCHA,QUITO,QUITO,URBANA,2020-03-02,17:00:00,17,LUNES,1,MARZO,3,NO,"CONDUCIR DESATENTO A LAS CONDICIONES DE TRANSITO (CELULAR, PANTALLAS DE VIDEO, COMIDA, MAQUILLAJE O CUALQUIER OTRO ELEMENTO DISTRACTOR).",ARROLLAMIENTOS,MOTOCICLETA,0,0,0,0,0,0,0,0,1,0,0,0,0,1,23,HOMBRE,LESIONADO,CONDUCTOR PRESENTE,NO,NO,1
22763,83042,83043,2020,0,0,-0.276434,-78.552487,PICHINCHA,QUITO,QUITO,URBANA,2020-03-02,17:10:00,17,LUNES,1,MARZO,3,NO,"CONDUCIR DESATENTO A LAS CONDICIONES DE TRANSITO (CELULAR, PANTALLAS DE VIDEO, COMIDA, MAQUILLAJE O CUALQUIER OTRO ELEMENTO DISTRACTOR).",ARROLLAMIENTOS,AUTOMOVIL,2,0,0,0,0,0,0,0,0,0,0,0,0,2,27,HOMBRE,ILESO,CONDUCTOR PRESENTE,NO,NO,1
22764,83045,83046,2020,0,0,-0.192851,-78.509121,PICHINCHA,QUITO,QUITO,URBANA,2020-03-02,18:00:00,18,LUNES,1,MARZO,3,NO,"CONDUCIR DESATENTO A LAS CONDICIONES DE TRANSITO (CELULAR, PANTALLAS DE VIDEO, COMIDA, MAQUILLAJE O CUALQUIER OTRO ELEMENTO DISTRACTOR).",ARROLLAMIENTOS,AUTOMOVIL,2,0,0,0,0,0,0,0,0,0,0,0,0,2,28,HOMBRE,ILESO,CONDUCTOR PRESENTE,NO,NO,1
22765,83047,83048,2020,1,0,-0.234333,-78.523822,PICHINCHA,QUITO,QUITO,URBANA,2020-03-02,19:20:00,19,LUNES,1,MARZO,3,NO,"CONDUCIR DESATENTO A LAS CONDICIONES DE TRANSITO (CELULAR, PANTALLAS DE VIDEO, COMIDA, MAQUILLAJE O CUALQUIER OTRO ELEMENTO DISTRACTOR).",ARROLLAMIENTOS,NO IDENTIFICADO,0,0,0,0,0,0,0,0,0,1,0,0,0,1,31,HOMBRE,LESIONADO,PEATON,NO,NO,1
22766,83053,83054,2020,0,0,-0.306473,-78.543494,PICHINCHA,QUITO,QUITO,URBANA,2020-03-02,21:40:00,21,LUNES,1,MARZO,3,NO,"CONDUCIR DESATENTO A LAS CONDICIONES DE TRANSITO (CELULAR, PANTALLAS DE VIDEO, COMIDA, MAQUILLAJE O CUALQUIER OTRO ELEMENTO DISTRACTOR).",ARROLLAMIENTOS,CAMION,0,0,0,1,0,0,0,0,0,0,0,0,0,1,-1,NO IDENTIFICADO,NO IDENTIFICADO,CONDUCTOR AUSENTE,NO,NO,2
22767,83063,83064,2020,0,0,-0.247748,-78.512293,PICHINCHA,QUITO,QUITO,URBANA,2020-03-03,08:00:00,8,MARTES,2,MARZO,3,NO,"CONDUCIR DESATENTO A LAS CONDICIONES DE TRANSITO (CELULAR, PANTALLAS DE VIDEO, COMIDA, MAQUILLAJE O CUALQUIER OTRO ELEMENTO DISTRACTOR).",ARROLLAMIENTOS,AUTOMOVIL,2,0,0,0,0,0,0,0,0,0,0,0,0,2,71,HOMBRE,ILESO,CONDUCTOR PRESENTE,NO,NO,1
22768,83068,83069,2020,2,0,-0.105384,-78.497732,PICHINCHA,QUITO,QUITO,URBANA,2020-03-03,10:24:00,10,MARTES,2,MARZO,3,NO,"CONDUCIR DESATENTO A LAS CONDICIONES DE TRANSITO (CELULAR, PANTALLAS DE VIDEO, COMIDA, MAQUILLAJE O CUALQUIER OTRO ELEMENTO DISTRACTOR).",ARROLLAMIENTOS,AUTOMOVIL,1,0,1,0,0,0,0,0,0,0,0,0,0,2,38,MUJER,LESIONADO,PASAJERO,NO,NO,1
22769,83071,83072,2020,1,0,-0.191684,-78.493446,PICHINCHA,QUITO,QUITO,URBANA,2020-03-03,12:30:00,12,MARTES,2,MARZO,3,NO,"CONDUCIR DESATENTO A LAS CONDICIONES DE TRANSITO (CELULAR, PANTALLAS DE VIDEO, COMIDA, MAQUILLAJE O CUALQUIER OTRO ELEMENTO DISTRACTOR).",ARROLLAMIENTOS,BUS,0,0,1,0,0,0,0,0,0,0,0,0,0,1,18,HOMBRE,LESIONADO,PEATON,NO,NO,1
22770,83072,83073,2020,0,0,-0.328479,-78.522294,PICHINCHA,QUITO,QUITO,URBANA,2020-03-03,14:10:00,14,MARTES,2,MARZO,3,NO,"CONDUCIR DESATENTO A LAS CONDICIONES DE TRANSITO (CELULAR, PANTALLAS DE VIDEO, COMIDA, MAQUILLAJE O CUALQUIER OTRO ELEMENTO DISTRACTOR).",ARROLLAMIENTOS,CAMION,0,0,0,2,0,0,0,0,0,0,0,0,0,2,32,HOMBRE,ILESO,CONDUCTOR PRESENTE,NO,NO,1