,Unnamed: 0,ID,ANIO,LESIONADOS,FALLECIDOS,LATITUD_Y,LONGITUD_X,PROVINCIA,CANTON,PARROQUIA,ZONA,FECHA,HORA,PERIODO_2,DIA_1,DIA_2,MES_1,MES_2,FERIADO,CAUSA_PROBABLE,TIPO_DE_SINIESTRO,TIPO_DE_VEHICULO_1,AUTOMOVIL,BICICLETA,BUS,CAMION,CAMIONETA,EMERGENCIAS,ESPECIAL,FURGONETA,MOTOCICLETA,NO_IDENTIFICADO,SCOOTER_ELECTRICO,TRICIMOTO,VEHICULO_DEPORTIVO_UTILITARIO,SUMA_DE_VEHICULOS,EDAD_1,SEXO_1,CONDICION_1,PARTICIPANTE_1,CASCO_1,CINTURON_1,KMeans_Cluster
22969,83993,83994,2020,0,0,-0.088884,-78.439915,PICHINCHA,QUITO,CALDERON (CARAPUNGO),RURAL,2020-03-29,11:50:00,11,DOMINGO,7,MARZO,3,NO,"CONDUCIR DESATENTO A LAS CONDICIONES DE TRANSITO (CELULAR, PANTALLAS DE VIDEO, COMIDA, MAQUILLAJE O CUALQUIER OTRO ELEMENTO DISTRACTOR).",ARROLLAMIENTOS,MOTOCICLETA,0,0,0,0,0,0,0,0,1,0,0,0,0,1,-1,NO IDENTIFICADO,NO IDENTIFICADO,CONDUCTOR AUSENTE,NO,NO,2
22970,83995,83996,2020,2,0,-0.293005,-78.527001,PICHINCHA,QUITO,QUITO,URBANA,2020-03-29,12:55:00,12,DOMINGO,7,MARZO,3,NO,"CONDUCIR DESATENTO A LAS CONDICIONES DE TRANSITO (CELULAR, PANTALLAS DE VIDEO, COMIDA, MAQUILLAJE O CUALQUIER OTRO ELEMENTO DISTRACTOR).",ARROLLAMIENTOS,MOTOCICLETA,0,0,0,0,0,0,0,0,1,1,0,0,0,2,30,MUJER,LESIONADO,PASAJERO,NO,NO,1
22971,84001,84002,2020,0,0,-0.214794,-78.512062,PICHINCHA,QUITO,QUITO,URBANA,2020-03-30,06:30:00,6,LUNES,1,MARZO,3,NO,"CONDUCIR DESATENTO A LAS CONDICIONES DE TRANSITO (CELULAR, PANTALLAS DE VIDEO, COMIDA, MAQUILLAJE O CUALQUIER OTRO ELEMENTO DISTRACTOR).",ARROLLAMIENTOS,AUTOMOVIL,2,0,0,0,0,0,0,0,0,0,0,0,0,2,25,HOMBRE,ILESO,CONDUCTOR PRESENTE,NO,NO,1
22972,84006,84007,2020,1,0,-0.439831,-78.694397,PICHINCHA,MEJIA,ALOAG,RURAL,2020-03-30,12:45:00,12,LUNES,1,MARZO,3,NO,"CONDUCIR DESATENTO A LAS CONDICIONES DE TRANSITO (CELULAR, PANTALLAS DE VIDEO, COMIDA, MAQUILLAJE O CUALQUIER OTRO ELEMENTO DISTRACTOR).",ARROLLAMIENTOS,AUTOMOVIL,1,0,0,1,0,0,0,0,0,0,0,0,0,2,56,HOMBRE,LESIONADO,CONDUCTOR PRESENTE,NO,NO,3
22973,84010,84011,2020,0,0,-0.128693,-78.471214,PICHINCHA,QUITO,QUITO,URBANA,2020-03-31,07:00:00,7,MARTES,2,MARZO,3,NO,"CONDUCIR DESATENTO A LAS CONDICIONES DE TRANSITO (CELULAR, PANTALLAS DE VIDEO, COMIDA, MAQUILLAJE O CUALQUIER OTRO ELEMENTO DISTRACTOR).",ARROLLAMIENTOS,CAMION,1,0,0,1,0,0,0,0,0,0,0,0,0,2,20,HOMBRE,ILESO,CONDUCTOR PRESENTE,NO,NO,1
22974,84011,84012,2020,0,0,-0.279964,-78.557372,PICHINCHA,QUITO,QUITO,URBANA,2020-03-31,07:20:00,7,MARTES,2,MARZO,3,NO,"CONDUCIR DESATENTO A LAS CONDICIONES DE TRANSITO (CELULAR, PANTALLAS DE VIDEO, COMIDA, MAQUILLAJE O CUALQUIER OTRO ELEMENTO DISTRACTOR).",ARROLLAMIENTOS,AUTOMOVIL,2,0,0,0,0,0,0,0,0,0,0,0,0,2,34,HOMBRE,ILESO,CONDUCTOR PRESENTE,NO,NO,1
22975,84014,84015,2020,2,0,-0.342039,-78.548835,PICHINCHA,QUITO,QUITO,URBANA,2020-03-31,13:15:00,13,MARTES,2,MARZO,3,NO,"CONDUCIR DESATENTO A LAS CONDICIONES DE TRANSITO (CELULAR, PANTALLAS DE VIDEO, COMIDA, MAQUILLAJE O CUALQUIER OTRO ELEMENTO DISTRACTOR).",ARROLLAMIENTOS,AUTOMOVIL,1,0,0,0,1,0,0,0,0,0,0,0,0,2,31,HOMBRE,LESIONADO,PASAJERO,NO,NO,1
22976,84020,84021,2020,0,0,-0.267229,-78.527199,PICHINCHA,QUITO,QUITO,URBANA,2020-04-01,08:30:00,8,MIERCOLES,3,ABRIL,4,NO,"CONDUCE BAJO LA INFLUENCIA DE ALCOHOL, SUSTANCIAS ESTUPEFACIENTES O PSICOTROPICAS Y/O MEDICAMENTOS.",ESTRELLAMIENTOS,CAMION,0,0,0,1,0,0,0,0,0,0,0,0,0,1,23,HOMBRE,ILESO,CONDUCTOR PRESENTE,NO,NO,1
22977,84023,84024,2020,0,0,-0.322513,-78.563001,PICHINCHA,QUITO,QUITO,URBANA,2020-04-01,11:15:00,11,MIERCOLES,3,ABRIL,4,NO,CONDUCIR VEHICULO SUPERANDO LOS LIMITES MAXIMOS DE VELOCIDAD.,ESTRELLAMIENTOS,AUTOMOVIL,1,0,0,0,0,0,0,0,0,0,0,0,0,1,-1,NO IDENTIFICADO,NO IDENTIFICADO,CONDUCTOR AUSENTE,NO,NO,2
22978,84029,84030,2020,0,0,-0.119451,-78.506659,PICHINCHA,QUITO,QUITO,URBANA,2020-04-01,18:42:00,18,MIERCOLES,3,ABRIL,4,NO,"CONDUCE BAJO LA INFLUENCIA DE ALCOHOL, SUSTANCIAS ESTUPEFACIENTES O PSICOTROPICAS Y/O MEDICAMENTOS.",CHOQUE POSTERIOR,MOTOCICLETA,1,0,0,0,0,0,0,0,1,0,0,0,0,2,37,HOMBRE,ILESO,PASAJERO,NO,NO,1
22979,84031,84032,2020,1,0,-0.263341,-78.550831,PICHINCHA,QUITO,QUITO,URBANA,2020-04-02,08:10:00,8,JUEVES,4,ABRIL,4,NO,"FALLA MECANICA EN LOS SISTEMAS Y/O NEUMATICOS (SISTEMA DE FRENOS, DIRECCION, ELECTRONICO O MECANICO).",ESTRELLAMIENTOS,MOTOCICLETA,0,0,0,0,0,0,0,0,1,0,0,0,0,1,27,HOMBRE,LESIONADO,CONDUCTOR PRESENTE,NO,NO,1
22980,84033,84034,2020,2,0,-0.126572,-78.495448,PICHINCHA,QUITO,QUITO,URBANA,2020-04-02,11:30:00,11,JUEVES,4,ABRIL,4,NO,"NO RESPETAR LAS SENIALES REGLAMENTARIAS DE TRANSITO. (PARE, CEDA EL PASO, LUZ ROJA DEL SEMAFORO, ETC).",CHOQUE LATERAL,MOTOCICLETA,0,0,0,0,0,0,0,0,2,0,0,0,0,2,37,HOMBRE,LESIONADO,CONDUCTOR PRESENTE,NO,NO,1
22981,84044,84045,2020,0,1,-0.342057,-78.548941,PICHINCHA,QUITO,QUITO,URBANA,2020-04-03,06:45:00,6,VIERNES,5,ABRIL,4,NO,CONDUCIR VEHICULO SUPERANDO LOS LIMITES MAXIMOS DE VELOCIDAD.,ATROPELLOS,MOTOCICLETA,0,0,0,0,0,0,0,0,1,0,0,0,0,1,22,HOMBRE,FALLECIDO,CONDUCTOR PRESENTE,NO,NO,1
22982,84048,84049,2020,0,0,-0.187327,-78.505347,PICHINCHA,QUITO,QUITO,URBANA,2020-04-03,10:30:00,10,VIERNES,5,ABRIL,4,NO,CONDUCIR VEHICULO SUPERANDO LOS LIMITES MAXIMOS DE VELOCIDAD.,CHOQUE LATERAL,AUTOMOVIL,2,0,0,0,0,0,0,0,0,0,0,0,0,2,31,HOMBRE,ILESO,CONDUCTOR PRESENTE,NO,NO,1
22983,84051,84052,2020,1,0,-0.133596,-78.497687,PICHINCHA,QUITO,QUITO,URBANA,2020-04-03,12:05:00,12,VIERNES,5,ABRIL,4,NO,"NO RESPETAR LAS SENIALES REGLAMENTARIAS DE TRANSITO. (PARE, CEDA EL PASO, LUZ ROJA DEL SEMAFORO, ETC).",CHOQUE LATERAL,MOTOCICLETA,1,0,0,0,0,0,0,0,1,0,0,0,0,2,26,HOMBRE,LESIONADO,CONDUCTOR PRESENTE,NO,NO,1
22984,84064,84065,2020,2,0,-0.049503,-78.337615,PICHINCHA,QUITO,GUAYLLABAMBA,RURAL,2020-04-04,11:20:00,11,SABADO,6,ABRIL,4,NO,"CONDUCIR DESATENTO A LAS CONDICIONES DE TRANSITO (CELULAR, PANTALLAS DE VIDEO, COMIDA, MAQUILLAJE O CUALQUIER OTRO ELEMENTO DISTRACTOR).",CHOQUE FRONTAL,CAMIONETA,0,0,0,0,2,0,0,0,0,0,0,0,0,2,18,MUJER,LESIONADO,PASAJERO,NO,SI,3
22985,84068,84069,2020,0,0,-0.270608,-78.500031,PICHINCHA,QUITO,CONOCOTO,RURAL,2020-04-04,16:30:00,16,SABADO,6,ABRIL,4,NO,CONDUCIR VEHICULO SUPERANDO LOS LIMITES MAXIMOS DE VELOCIDAD.,VOLCAMIENTOS,FURGONETA,0,0,0,0,0,0,0,1,0,0,0,0,0,1,33,HOMBRE,ILESO,PASAJERO,NO,NO,3
22986,84071,84072,2020,0,0,-0.103576,-78.490194,PICHINCHA,QUITO,QUITO,URBANA,2020-04-04,21:48:00,21,SABADO,6,ABRIL,4,NO,CONDUCIR VEHICULO SUPERANDO LOS LIMITES MAXIMOS DE VELOCIDAD.,ESTRELLAMIENTOS,AUTOMOVIL,1,0,0,0,0,0,0,0,0,0,0,0,0,1,-1,NO IDENTIFICADO,NO IDENTIFICADO,CONDUCTOR AUSENTE,NO,NO,2
22987,84072,84073,2020,0,0,-0.249285,-78.517389,PICHINCHA,QUITO,QUITO,URBANA,2020-04-04,22:30:00,22,SABADO,6,ABRIL,4,NO,CONDUCIR VEHICULO SUPERANDO LOS LIMITES MAXIMOS DE VELOCIDAD.,ESTRELLAMIENTOS,AUTOMOVIL,1,0,0,0,0,0,0,0,0,0,0,0,0,1,26,HOMBRE,ILESO,PASAJERO,NO,NO,1
22988,84078,84079,2020,0,0,-0.199767,-78.428809,PICHINCHA,QUITO,CUMBAYA,RURAL,2020-04-05,13:40:00,13,DOMINGO,7,ABRIL,4,NO,"NO RESPETAR LAS SENIALES REGLAMENTARIAS DE TRANSITO. (PARE, CEDA EL PASO, LUZ ROJA DEL SEMAFORO, ETC).",CHOQUE LATERAL,CAMIONETA,1,0,0,0,1,0,0,0,0,0,0,0,0,2,46,HOMBRE,ILESO,CONDUCTOR PRESENTE,NO,NO,3
22989,84088,84089,2020,0,0,-0.225664,-78.524289,PICHINCHA,QUITO,QUITO,URBANA,2020-04-06,12:50:00,12,LUNES,1,ABRIL,4,NO,CONDUCIR VEHICULO SUPERANDO LOS LIMITES MAXIMOS DE VELOCIDAD.,ESTRELLAMIENTOS,AUTOMOVIL,1,0,0,0,0,0,0,0,0,0,0,0,0,1,-1,NO IDENTIFICADO,NO IDENTIFICADO,CONDUCTOR AUSENTE,NO,NO,2
22990,84090,84091,2020,1,0,-0.274364,-78.539376,PICHINCHA,QUITO,QUITO,URBANA,2020-04-06,13:40:00,13,LUNES,1,ABRIL,4,NO,REALIZAR CAMBIO BRUSCO O INDEBIDO DE CARRIL.,PERDIDA DE CARRIL,MOTOCICLETA,0,0,0,0,0,0,0,0,1,0,0,0,0,1,33,MUJER,LESIONADO,PASAJERO,NO,NO,1
22991,84092,84093,2020,0,0,-0.120571,-78.441675,PICHINCHA,QUITO,CALDERON (CARAPUNGO),RURAL,2020-04-06,15:30:00,15,LUNES,1,ABRIL,4,NO,"FALLA MECANICA EN LOS SISTEMAS Y/O NEUMATICOS (SISTEMA DE FRENOS, DIRECCION, ELECTRONICO O MECANICO).",ESTRELLAMIENTOS,AUTOMOVIL,1,0,0,0,0,0,0,0,0,0,0,0,0,1,35,HOMBRE,ILESO,CONDUCTOR PRESENTE,NO,NO,3
22992,84094,84095,2020,0,0,-0.323788,-78.482889,PICHINCHA,QUITO,AMAGUANIA,RURAL,2020-04-06,17:40:00,17,LUNES,1,ABRIL,4,NO,CONDUCIR VEHICULO SUPERANDO LOS LIMITES MAXIMOS DE VELOCIDAD.,ATROPELLOS,AUTOMOVIL,1,0,0,0,0,0,0,0,0,0,0,0,0,1,-1,NO IDENTIFICADO,NO IDENTIFICADO,CONDUCTOR AUSENTE,NO,NO,2
22993,84098,84099,2020,2,0,-0.096561,-78.511331,PICHINCHA,QUITO,QUITO,URBANA,2020-04-07,07:50:00,7,MARTES,2,ABRIL,4,NO,CONDUCIR VEHICULO SUPERANDO LOS LIMITES MAXIMOS DE VELOCIDAD.,CHOQUE LATERAL,AUTOMOVIL,1,0,0,0,0,0,0,0,1,0,0,0,0,2,29,HOMBRE,LESIONADO,CONDUCTOR PRESENTE,NO,NO,1
22994,84109,84110,2020,0,0,-0.141151,-78.508977,PICHINCHA,QUITO,QUITO,URBANA,2020-04-07,13:42:00,13,MARTES,2,ABRIL,4,NO,"FALLA MECANICA EN LOS SISTEMAS Y/O NEUMATICOS (SISTEMA DE FRENOS, DIRECCION, ELECTRONICO O MECANICO).",ATROPELLOS,AUTOMOVIL,2,0,0,1,0,0,0,0,0,0,0,0,0,3,-1,NO IDENTIFICADO,NO IDENTIFICADO,CONDUCTOR AUSENTE,NO,NO,2
22995,84112,84113,2020,0,1,-0.173911,-78.411208,PICHINCHA,QUITO,TUMBACO,RURAL,2020-04-07,17:40:00,17,MARTES,2,ABRIL,4,NO,CONDUCIR VEHICULO SUPERANDO LOS LIMITES MAXIMOS DE VELOCIDAD.,ESTRELLAMIENTOS,MOTOCICLETA,0,0,0,0,0,0,0,0,1,0,0,0,0,1,21,HOMBRE,FALLECIDO,CONDUCTOR PRESENTE,NO,NO,3
22996,84122,84123,2020,0,0,-0.154462,-78.476013,PICHINCHA,QUITO,QUITO,URBANA,2020-04-08,14:00:00,14,MIERCOLES,3,ABRIL,4,NO,"NO RESPETAR LAS SENIALES REGLAMENTARIAS DE TRANSITO. (PARE, CEDA EL PASO, LUZ ROJA DEL SEMAFORO, ETC).",CHOQUE LATERAL,AUTOMOVIL,1,0,0,0,0,0,0,0,1,0,0,0,0,2,43,HOMBRE,ILESO,CONDUCTOR PRESENTE,NO,NO,1
22997,84130,84131,2020,0,0,-0.289258,-78.538371,PICHINCHA,QUITO,QUITO,URBANA,2020-04-09,04:00:00,4,JUEVES,4,ABRIL,4,SI,CONDUCIR VEHICULO SUPERANDO LOS LIMITES MAXIMOS DE VELOCIDAD.,PERDIDA DE CARRIL,CAMION,0,0,0,1,0,0,0,0,0,0,0,0,0,1,45,HOMBRE,ILESO,PASAJERO,NO,NO,1
22998,84133,84134,2020,1,0,-0.273707,-78.537301,PICHINCHA,QUITO,QUITO,URBANA,2020-04-09,08:25:00,8,JUEVES,4,ABRIL,4,SI,CONDUCIR EN SENTIDO CONTRARIO A LA VIA NORMAL DE CIRCULACION.,ARROLLAMIENTOS,AUTOMOVIL,1,0,0,0,0,0,0,0,0,0,0,0,0,1,41,MUJER,LESIONADO,PEATON,NO,NO,1
22999,84136,84137,2020,0,0,-0.254375,-78.504069,PICHINCHA,QUITO,QUITO,URBANA,2020-04-09,10:00:00,10,JUEVES,4,ABRIL,4,SI,"FALLA MECANICA EN LOS SISTEMAS Y/O NEUMATICOS (SISTEMA DE FRENOS, DIRECCION, ELECTRONICO O MECANICO).",ESTRELLAMIENTOS,CAMION,1,0,0,1,0,0,0,0,0,0,0,0,0,2,34,HOMBRE,ILESO,CONDUCTOR PRESENTE,NO,NO,1
23000,84137,84138,2020,0,0,-0.171095,-78.490623,PICHINCHA,QUITO,QUITO,URBANA,2020-04-09,10:50:00,10,JUEVES,4,ABRIL,4,SI,"NO RESPETAR LAS SENIALES REGLAMENTARIAS DE TRANSITO. (PARE, CEDA EL PASO, LUZ ROJA DEL SEMAFORO, ETC).",CHOQUE LATERAL,AUTOMOVIL,1,0,0,0,1,0,0,0,0,0,0,0,0,2,32,HOMBRE,ILESO,CONDUCTOR PRESENTE,NO,NO,1
23001,84138,84139,2020,2,0,-0.308109,-78.544678,PICHINCHA,QUITO,QUITO,URBANA,2020-04-09,11:10:00,11,JUEVES,4,ABRIL,4,SI,NO GUARDAR LA DISTANCIA LATERAL MINIMA DE SEGURIDAD ENTRE VEHICULOS.,ROZAMIENTOS,MOTOCICLETA,1,0,0,0,0,0,0,0,1,0,0,0,0,2,18,MUJER,LESIONADO,PASAJERO,NO,NO,1
23002,84139,84140,2020,1,0,-0.466555,-78.585333,PICHINCHA,MEJIA,ALOAG,RURAL,2020-04-09,11:30:00,11,JUEVES,4,ABRIL,4,SI,"CONDUCIR DESATENTO A LAS CONDICIONES DE TRANSITO (CELULAR, PANTALLAS DE VIDEO, COMIDA, MAQUILLAJE O CUALQUIER OTRO ELEMENTO DISTRACTOR).",ATROPELLOS,NO IDENTIFICADO,0,0,0,0,0,0,0,0,0,1,0,0,0,1,-1,NO IDENTIFICADO,LESIONADO,PEATON,NO,NO,3
23003,84145,84146,2020,1,1,-0.095782,-78.391079,PICHINCHA,QUITO,CALDERON (CARAPUNGO),RURAL,2020-04-09,14:40:00,14,JUEVES,4,ABRIL,4,SI,"CONDUCIR DESATENTO A LAS CONDICIONES DE TRANSITO (CELULAR, PANTALLAS DE VIDEO, COMIDA, MAQUILLAJE O CUALQUIER OTRO ELEMENTO DISTRACTOR).",PERDIDA DE PISTA,CAMION,0,0,0,1,0,0,0,0,0,0,0,0,0,1,26,HOMBRE,FALLECIDO,PASAJERO,NO,SI,3
23004,84148,84149,2020,0,2,-0.443777,-78.605277,PICHINCHA,MEJIA,ALOAG,RURAL,2020-04-10,05:15:00,5,VIERNES,5,ABRIL,4,SI,"CONDUCIR DESATENTO A LAS CONDICIONES DE TRANSITO (CELULAR, PANTALLAS DE VIDEO, COMIDA, MAQUILLAJE O CUALQUIER OTRO ELEMENTO DISTRACTOR).",ESTRELLAMIENTOS,CAMION,0,0,0,2,0,0,0,0,0,0,0,0,0,2,-1,NO IDENTIFICADO,FALLECIDO,PASAJERO,NO,NO,3
23005,84152,84153,2020,0,0,-0.172625,-78.423626,PICHINCHA,QUITO,NAYON,RURAL,2020-04-10,09:20:00,9,VIERNES,5,ABRIL,4,SI,"FALLA MECANICA EN LOS SISTEMAS Y/O NEUMATICOS (SISTEMA DE FRENOS, DIRECCION, ELECTRONICO O MECANICO).",ESTRELLAMIENTOS,CAMIONETA,0,0,0,0,1,0,0,0,0,0,0,0,0,1,40,HOMBRE,ILESO,CONDUCTOR PRESENTE,NO,NO,3
23006,84157,84158,2020,0,0,-0.276484,-78.552341,PICHINCHA,QUITO,QUITO,URBANA,2020-04-10,14:40:00,14,VIERNES,5,ABRIL,4,SI,"PRESENCIA DE AGENTES EXTERNOS EN LA VIA (AGUA, ACEITE, PIEDRA, LASTRE, ESCOMBROS, MADEROS, ETC.).",ATROPELLOS,ESPECIAL,0,0,0,0,0,0,1,0,0,0,0,0,0,1,29,HOMBRE,ILESO,CONDUCTOR PRESENTE,NO,NO,1
23007,84162,84163,2020,2,0,-0.243301,-78.519933,PICHINCHA,QUITO,QUITO,URBANA,2020-04-10,17:10:00,17,VIERNES,5,ABRIL,4,SI,REALIZAR CAMBIO BRUSCO O INDEBIDO DE CARRIL.,ATROPELLOS,MOTOCICLETA,0,0,0,0,0,0,0,0,1,1,0,0,0,2,30,HOMBRE,LESIONADO,PASAJERO,NO,NO,1
23008,84165,84166,2020,0,1,0.119856,-79.258571,PICHINCHA,PUERTO QUITO,PUERTO QUITO,RURAL,2020-04-10,19:50:00,19,VIERNES,5,ABRIL,4,SI,BAJARSE O SUBIRSE DE VEHICULOS EN MOVIMIENTO SIN TOMAR LAS PRECAUCIONES DEBIDAS.,CAIDA DE PASAJERO,CAMIONETA,0,0,0,0,1,0,0,0,0,0,0,0,0,1,18,HOMBRE,FALLECIDO,PASAJERO,NO,SI,3
23009,84169,84170,2020,1,0,-0.199767,-78.428809,PICHINCHA,QUITO,CUMBAYA,RURAL,2020-04-11,06:12:00,6,SABADO,6,ABRIL,4,SI,"CONDICIONES AMBIENTALES Y/O ATMOSFERICAS (NIEBLA, NEBLINA, GRANIZO, LLUVIA).",ESTRELLAMIENTOS,MOTOCICLETA,0,0,0,0,0,0,0,0,1,0,0,0,0,1,22,HOMBRE,LESIONADO,CONDUCTOR PRESENTE,NO,NO,3
23010,84180,84181,2020,0,0,-0.229262,-78.522085,PICHINCHA,QUITO,QUITO,URBANA,2020-04-11,19:00:00,19,SABADO,6,ABRIL,4,SI,"CONDUCE BAJO LA INFLUENCIA DE ALCOHOL, SUSTANCIAS ESTUPEFACIENTES O PSICOTROPICAS Y/O MEDICAMENTOS.",ESTRELLAMIENTOS,CAMIONETA,0,0,0,0,1,0,0,0,0,0,0,0,0,1,30,HOMBRE,ILESO,CONDUCTOR PRESENTE,NO,NO,1
23011,84183,84184,2020,0,0,-0.319769,-78.563737,PICHINCHA,QUITO,QUITO,URBANA,2020-04-11,23:00:00,23,SABADO,6,ABRIL,4,SI,CONDUCIR VEHICULO SUPERANDO LOS LIMITES MAXIMOS DE VELOCIDAD.,ESTRELLAMIENTOS,AUTOMOVIL,1,0,0,0,0,0,0,0,0,0,0,0,0,1,-1,NO IDENTIFICADO,NO IDENTIFICADO,CONDUCTOR AUSENTE,NO,NO,2
23012,84190,84191,2020,0,0,-0.119675,-78.507412,PICHINCHA,QUITO,QUITO,URBANA,2020-04-12,12:30:00,12,DOMINGO,7,ABRIL,4,SI,CONDUCIR VEHICULO SUPERANDO LOS LIMITES MAXIMOS DE VELOCIDAD.,ESTRELLAMIENTOS,AUTOMOVIL,1,0,0,0,0,0,0,0,0,0,0,0,0,1,-1,NO IDENTIFICADO,NO IDENTIFICADO,CONDUCTOR AUSENTE,NO,NO,2
23013,84195,84196,2020,0,0,-0.212824,-78.402686,PICHINCHA,QUITO,TUMBACO,RURAL,2020-04-13,07:10:00,7,LUNES,1,ABRIL,4,NO,NO MANTENER LA DISTANCIA PRUDENCIAL CON RESPECTO AL VEHICULO QUE LE ANTECEDE.,CHOQUE POSTERIOR,AUTOMOVIL,1,0,0,0,0,0,0,1,0,0,0,0,0,2,33,MUJER,ILESO,CONDUCTOR PRESENTE,NO,NO,3
23014,84208,84209,2020,0,0,-0.099083,-78.421844,PICHINCHA,QUITO,CALDERON (CARAPUNGO),RURAL,2020-04-14,04:20:00,4,MARTES,2,ABRIL,4,NO,CONDUCIR EN SENTIDO CONTRARIO A LA VIA NORMAL DE CIRCULACION.,ESTRELLAMIENTOS,AUTOMOVIL,1,0,0,0,0,0,0,0,0,0,0,0,0,1,-1,NO IDENTIFICADO,NO IDENTIFICADO,CONDUCTOR AUSENTE,NO,NO,2
23015,84214,84215,2020,0,1,-0.343865,-78.548771,PICHINCHA,QUITO,QUITO,URBANA,2020-04-14,19:30:00,19,MARTES,2,ABRIL,4,NO,NO TRANSITAR POR LAS ACERAS O ZONAS DE SEGURIDAD DESTINADAS PARA EL EFECTO.,ATROPELLOS,BICICLETA,0,1,0,0,0,0,0,0,0,1,0,0,0,2,25,HOMBRE,FALLECIDO,CONDUCTOR PRESENTE,NO,NO,1
23016,84217,84218,2020,0,0,-0.304464,-78.540006,PICHINCHA,QUITO,QUITO,URBANA,2020-04-15,00:25:00,0,MIERCOLES,3,ABRIL,4,NO,CONDUCIR VEHICULO SUPERANDO LOS LIMITES MAXIMOS DE VELOCIDAD.,ATROPELLOS,AUTOMOVIL,1,0,0,0,0,0,0,0,0,0,0,0,0,1,-1,NO IDENTIFICADO,NO IDENTIFICADO,CONDUCTOR AUSENTE,NO,NO,2
23017,84222,84223,2020,1,0,-0.453341,-78.592253,PICHINCHA,MEJIA,ALOAG,RURAL,2020-04-15,08:10:00,8,MIERCOLES,3,ABRIL,4,NO,"CONDUCIR DESATENTO A LAS CONDICIONES DE TRANSITO (CELULAR, PANTALLAS DE VIDEO, COMIDA, MAQUILLAJE O CUALQUIER OTRO ELEMENTO DISTRACTOR).",PERDIDA DE PISTA,AUTOMOVIL,1,0,0,0,0,0,0,0,0,0,0,0,0,1,36,HOMBRE,LESIONADO,CONDUCTOR PRESENTE,NO,NO,3
23018,84223,84224,2020,0,0,-0.077237,-78.384131,PICHINCHA,QUITO,CALDERON (CARAPUNGO),RURAL,2020-04-15,09:00:00,9,MIERCOLES,3,ABRIL,4,NO,"CONDICIONES AMBIENTALES Y/O ATMOSFERICAS (NIEBLA, NEBLINA, GRANIZO, LLUVIA).",ESTRELLAMIENTOS,VEHICULO DEPORTIVO UTILITARIO,0,0,0,0,1,0,0,0,0,0,0,0,1,2,28,HOMBRE,ILESO,CONDUCTOR PRESENTE,NO,SI,3
23019,84227,84228,2020,0,0,-0.244435,-78.482091,PICHINCHA,QUITO,QUITO,URBANA,2020-04-15,11:00:00,11,MIERCOLES,3,ABRIL,4,NO,"CONDICIONES AMBIENTALES Y/O ATMOSFERICAS (NIEBLA, NEBLINA, GRANIZO, LLUVIA).",ESTRELLAMIENTOS,AUTOMOVIL,1,0,0,0,0,0,0,0,0,0,0,0,0,1,31,MUJER,ILESO,CONDUCTOR PRESENTE,NO,NO,1
23020,84229,84230,2020,0,0,-0.098993,-78.478996,PICHINCHA,QUITO,QUITO,URBANA,2020-04-15,12:38:00,12,MIERCOLES,3,ABRIL,4,NO,NO GUARDAR LA DISTANCIA LATERAL MINIMA DE SEGURIDAD ENTRE VEHICULOS.,CHOQUE LATERAL,AUTOMOVIL,2,0,0,0,0,0,0,0,0,0,0,0,0,2,22,HOMBRE,ILESO,PASAJERO,NO,NO,1
23021,84231,84232,2020,0,1,-0.328479,-78.522294,PICHINCHA,QUITO,QUITO,URBANA,2020-04-15,14:30:00,14,MIERCOLES,3,ABRIL,4,NO,CONDUCIR VEHICULO SUPERANDO LOS LIMITES MAXIMOS DE VELOCIDAD.,CHOQUE LATERAL,MOTOCICLETA,0,0,0,0,0,0,1,0,1,0,0,0,0,2,40,HOMBRE,FALLECIDO,CONDUCTOR PRESENTE,NO,NO,1
23022,84236,84237,2020,0,0,-0.154618,-78.497349,PICHINCHA,QUITO,QUITO,URBANA,2020-04-15,22:10:00,22,MIERCOLES,3,ABRIL,4,NO,CONDUCIR VEHICULO SUPERANDO LOS LIMITES MAXIMOS DE VELOCIDAD.,ESTRELLAMIENTOS,AUTOMOVIL,1,0,0,0,0,0,0,0,0,0,0,0,0,1,33,HOMBRE,ILESO,CONDUCTOR PRESENTE,NO,NO,1
23023,84237,84238,2020,0,0,-0.316095,-78.562819,PICHINCHA,QUITO,QUITO,URBANA,2020-04-15,22:55:00,22,MIERCOLES,3,ABRIL,4,NO,CONDUCIR VEHICULO SUPERANDO LOS LIMITES MAXIMOS DE VELOCIDAD.,ATROPELLOS,AUTOMOVIL,1,0,0,0,0,0,0,0,0,0,0,0,0,1,-1,NO IDENTIFICADO,NO IDENTIFICADO,CONDUCTOR AUSENTE,NO,NO,2
23024,84240,84241,2020,0,0,-0.104832,-78.501595,PICHINCHA,QUITO,QUITO,URBANA,2020-04-16,09:25:00,9,JUEVES,4,ABRIL,4,NO,DANIOS MECANICOS PREVISIBLES.,ESTRELLAMIENTOS,AUTOMOVIL,1,0,0,0,0,0,0,0,0,0,0,0,0,1,31,HOMBRE,ILESO,CONDUCTOR PRESENTE,NO,NO,1
23025,84247,84248,2020,1,0,-0.117316,-78.430598,PICHINCHA,QUITO,CALDERON (CARAPUNGO),RURAL,2020-04-16,15:30:00,15,JUEVES,4,ABRIL,4,NO,"CONDUCE BAJO LA INFLUENCIA DE ALCOHOL, SUSTANCIAS ESTUPEFACIENTES O PSICOTROPICAS Y/O MEDICAMENTOS.",ATROPELLOS,AUTOMOVIL,1,0,0,0,0,0,0,0,0,0,0,0,0,1,30,MUJER,LESIONADO,PEATON,NO,NO,3