,Unnamed: 0,ID,ANIO,LESIONADOS,FALLECIDOS,LATITUD_Y,LONGITUD_X,PROVINCIA,CANTON,PARROQUIA,ZONA,FECHA,HORA,PERIODO_2,DIA_1,DIA_2,MES_1,MES_2,FERIADO,CAUSA_PROBABLE,TIPO_DE_SINIESTRO,TIPO_DE_VEHICULO_1,AUTOMOVIL,BICICLETA,BUS,CAMION,CAMIONETA,EMERGENCIAS,ESPECIAL,FURGONETA,MOTOCICLETA,NO_IDENTIFICADO,SCOOTER_ELECTRICO,TRICIMOTO,VEHICULO_DEPORTIVO_UTILITARIO,SUMA_DE_VEHICULOS,EDAD_1,SEXO_1,CONDICION_1,PARTICIPANTE_1,CASCO_1,CINTURON_1,KMeans_Cluster
23026,84248,84249,2020,0,0,-0.271073,-78.563659,PICHINCHA,QUITO,QUITO,URBANA,2020-04-16,15:30:00,15,JUEVES,4,ABRIL,4,NO,"NO RESPETAR LAS SENIALES REGLAMENTARIAS DE TRANSITO. (PARE, CEDA EL PASO, LUZ ROJA DEL SEMAFORO, ETC).",ATROPELLOS,AUTOMOVIL,1,0,0,0,0,0,0,0,0,0,0,0,0,1,-1,NO IDENTIFICADO,NO IDENTIFICADO,CONDUCTOR AUSENTE,NO,NO,2
23027,84249,84250,2020,2,0,-0.390618,-78.538742,PICHINCHA,MEJIA,UYUMBICHO,RURAL,2020-04-16,15:30:00,15,JUEVES,4,ABRIL,4,NO,"CONDUCIR DESATENTO A LAS CONDICIONES DE TRANSITO (CELULAR, PANTALLAS DE VIDEO, COMIDA, MAQUILLAJE O CUALQUIER OTRO ELEMENTO DISTRACTOR).",PERDIDA DE CARRIL,VEHICULO DEPORTIVO UTILITARIO,0,0,0,0,0,0,0,0,0,0,0,0,1,1,27,HOMBRE,LESIONADO,PASAJERO,NO,SI,3
23028,84250,84251,2020,0,0,-0.272859,-78.523861,PICHINCHA,QUITO,QUITO,URBANA,2020-04-16,15:50:00,15,JUEVES,4,ABRIL,4,NO,CONDUCIR VEHICULO SUPERANDO LOS LIMITES MAXIMOS DE VELOCIDAD.,ESTRELLAMIENTOS,CAMION,0,0,0,1,0,0,0,0,0,0,0,0,0,1,-1,NO IDENTIFICADO,NO IDENTIFICADO,CONDUCTOR AUSENTE,NO,NO,2
23029,84252,84253,2020,3,0,-0.328936,-78.534103,PICHINCHA,QUITO,QUITO,URBANA,2020-04-16,16:19:00,16,JUEVES,4,ABRIL,4,NO,"NO RESPETAR LAS SENIALES REGLAMENTARIAS DE TRANSITO. (PARE, CEDA EL PASO, LUZ ROJA DEL SEMAFORO, ETC).",CHOQUE LATERAL,CAMIONETA,1,0,0,0,1,0,0,0,0,0,0,0,0,2,25,HOMBRE,LESIONADO,PASAJERO,NO,NO,1
23030,84254,84255,2020,1,0,-0.279141,-78.532268,PICHINCHA,QUITO,QUITO,URBANA,2020-04-16,17:30:00,17,JUEVES,4,ABRIL,4,NO,NO CEDER EL DERECHO DE VIA O PREFERENCIA DE PASO AL PEATON.,ATROPELLOS,NO IDENTIFICADO,0,0,0,0,0,0,0,0,0,1,0,0,0,1,34,HOMBRE,LESIONADO,PEATON,NO,NO,1
23031,84255,84256,2020,1,0,-0.179484,-78.481435,PICHINCHA,QUITO,QUITO,URBANA,2020-04-16,21:15:00,21,JUEVES,4,ABRIL,4,NO,"CONDICIONES AMBIENTALES Y/O ATMOSFERICAS (NIEBLA, NEBLINA, GRANIZO, LLUVIA).",ESTRELLAMIENTOS,MOTOCICLETA,0,0,0,0,0,0,0,0,1,0,0,0,0,1,25,HOMBRE,LESIONADO,CONDUCTOR PRESENTE,NO,NO,1
23032,84259,84260,2020,0,0,-0.304198,-78.564062,PICHINCHA,QUITO,QUITO,URBANA,2020-04-17,05:46:00,5,VIERNES,5,ABRIL,4,NO,"NO RESPETAR LAS SENIALES REGLAMENTARIAS DE TRANSITO. (PARE, CEDA EL PASO, LUZ ROJA DEL SEMAFORO, ETC).",ATROPELLOS,MOTOCICLETA,0,0,0,0,0,0,0,0,1,0,0,0,0,1,-1,NO IDENTIFICADO,NO IDENTIFICADO,CONDUCTOR AUSENTE,NO,NO,2
23033,84261,84262,2020,1,0,-0.308006,-78.559416,PICHINCHA,QUITO,QUITO,URBANA,2020-04-17,09:20:00,9,VIERNES,5,ABRIL,4,NO,NO CEDER EL DERECHO DE VIA O PREFERENCIA DE PASO AL PEATON.,ATROPELLOS,NO IDENTIFICADO,0,0,0,0,0,0,0,0,0,1,0,0,0,1,27,HOMBRE,LESIONADO,PEATON,NO,NO,1
23034,84266,84267,2020,3,0,-0.224416,-78.512704,PICHINCHA,QUITO,QUITO,URBANA,2020-04-17,20:30:00,20,VIERNES,5,ABRIL,4,NO,"CONDUCE BAJO LA INFLUENCIA DE ALCOHOL, SUSTANCIAS ESTUPEFACIENTES O PSICOTROPICAS Y/O MEDICAMENTOS.",CHOQUE FRONTAL,CAMION,1,0,0,1,0,0,0,0,0,0,0,0,0,2,30,HOMBRE,LESIONADO,PASAJERO,NO,NO,1
23035,84269,84270,2020,0,0,-0.209101,-78.365448,PICHINCHA,QUITO,PUEMBO,RURAL,2020-04-18,05:07:00,5,SABADO,6,ABRIL,4,NO,"CONDICIONES AMBIENTALES Y/O ATMOSFERICAS (NIEBLA, NEBLINA, GRANIZO, LLUVIA).",ESTRELLAMIENTOS,AUTOMOVIL,1,0,0,0,0,0,0,0,0,0,0,0,0,1,21,HOMBRE,ILESO,CONDUCTOR PRESENTE,NO,NO,3
23036,84271,84272,2020,1,0,-0.212824,-78.402686,PICHINCHA,QUITO,TUMBACO,RURAL,2020-04-18,07:45:00,7,SABADO,6,ABRIL,4,NO,CONDUCIR VEHICULO SUPERANDO LOS LIMITES MAXIMOS DE VELOCIDAD.,ESTRELLAMIENTOS,CAMIONETA,0,0,0,0,1,0,0,0,0,0,0,0,0,1,31,MUJER,LESIONADO,CONDUCTOR PRESENTE,NO,NO,3
23037,84280,84281,2020,0,0,-0.312043,-78.565381,PICHINCHA,QUITO,QUITO,URBANA,2020-04-18,14:00:00,14,SABADO,6,ABRIL,4,NO,"NO RESPETAR LAS SENIALES REGLAMENTARIAS DE TRANSITO. (PARE, CEDA EL PASO, LUZ ROJA DEL SEMAFORO, ETC).",ATROPELLOS,ESPECIAL,0,0,0,0,0,0,1,0,0,0,0,0,0,1,-1,NO IDENTIFICADO,NO IDENTIFICADO,CONDUCTOR AUSENTE,NO,NO,2
23038,84282,84283,2020,0,0,-0.232615,-78.503695,PICHINCHA,QUITO,QUITO,URBANA,2020-04-18,15:00:00,15,SABADO,6,ABRIL,4,NO,CONDUCIR VEHICULO SUPERANDO LOS LIMITES MAXIMOS DE VELOCIDAD.,PERDIDA DE CARRIL,AUTOMOVIL,1,0,0,0,0,0,0,0,0,0,0,0,0,1,29,HOMBRE,ILESO,CONDUCTOR PRESENTE,NO,NO,1
23039,84284,84285,2020,0,0,-0.327284,-78.550355,PICHINCHA,QUITO,QUITO,URBANA,2020-04-18,19:40:00,19,SABADO,6,ABRIL,4,NO,CONDUCIR VEHICULO SUPERANDO LOS LIMITES MAXIMOS DE VELOCIDAD.,ATROPELLOS,AUTOMOVIL,1,0,0,0,0,0,0,0,0,0,0,0,0,1,-1,NO IDENTIFICADO,NO IDENTIFICADO,CONDUCTOR AUSENTE,NO,NO,2
23040,84288,84289,2020,1,0,-0.119451,-78.506659,PICHINCHA,QUITO,QUITO,URBANA,2020-04-18,21:10:00,21,SABADO,6,ABRIL,4,NO,"CONDUCE BAJO LA INFLUENCIA DE ALCOHOL, SUSTANCIAS ESTUPEFACIENTES O PSICOTROPICAS Y/O MEDICAMENTOS.",ATROPELLOS,CAMIONETA,0,0,0,0,1,0,0,0,0,0,0,0,0,1,50,HOMBRE,LESIONADO,PEATON,NO,NO,1
23041,84289,84290,2020,0,0,-0.246408,-78.535641,PICHINCHA,QUITO,QUITO,URBANA,2020-04-18,21:50:00,21,SABADO,6,ABRIL,4,NO,CONDUCIR VEHICULO SUPERANDO LOS LIMITES MAXIMOS DE VELOCIDAD.,ESTRELLAMIENTOS,AUTOMOVIL,1,0,0,0,0,0,0,0,0,0,0,0,0,1,-1,NO IDENTIFICADO,NO IDENTIFICADO,CONDUCTOR AUSENTE,NO,NO,2
23042,84298,84299,2020,1,0,-0.105384,-78.497732,PICHINCHA,QUITO,QUITO,URBANA,2020-04-19,12:45:00,12,DOMINGO,7,ABRIL,4,NO,"NO RESPETAR LAS SENIALES REGLAMENTARIAS DE TRANSITO. (PARE, CEDA EL PASO, LUZ ROJA DEL SEMAFORO, ETC).",CHOQUE FRONTAL,MOTOCICLETA,1,0,0,0,0,0,0,0,1,0,0,0,0,2,32,HOMBRE,LESIONADO,CONDUCTOR PRESENTE,NO,NO,1
23043,84304,84305,2020,0,0,-0.188475,-78.492143,PICHINCHA,QUITO,QUITO,URBANA,2020-04-19,19:00:00,19,DOMINGO,7,ABRIL,4,NO,CONDUCIR VEHICULO SUPERANDO LOS LIMITES MAXIMOS DE VELOCIDAD.,ESTRELLAMIENTOS,CAMIONETA,0,0,0,0,1,0,0,0,0,0,0,0,0,1,35,HOMBRE,ILESO,CONDUCTOR PRESENTE,NO,NO,1
23044,84306,84307,2020,1,0,-0.547935,-78.585751,PICHINCHA,MEJIA,MACHACHI,RURAL,2020-04-19,20:40:00,20,DOMINGO,7,ABRIL,4,NO,"CONDUCIR DESATENTO A LAS CONDICIONES DE TRANSITO (CELULAR, PANTALLAS DE VIDEO, COMIDA, MAQUILLAJE O CUALQUIER OTRO ELEMENTO DISTRACTOR).",CHOQUE POSTERIOR,CAMION,0,0,0,1,0,0,0,0,0,0,0,0,0,1,41,HOMBRE,LESIONADO,CONDUCTOR PRESENTE,NO,SI,3
23045,84311,84312,2020,0,0,-0.118771,-78.475602,PICHINCHA,QUITO,QUITO,URBANA,2020-04-20,07:28:00,7,LUNES,1,ABRIL,4,NO,"NO RESPETAR LAS SENIALES REGLAMENTARIAS DE TRANSITO. (PARE, CEDA EL PASO, LUZ ROJA DEL SEMAFORO, ETC).",CHOQUE LATERAL,AUTOMOVIL,2,0,0,0,0,0,0,0,0,0,0,0,0,2,30,MUJER,ILESO,CONDUCTOR PRESENTE,NO,NO,1
23046,84320,84321,2020,1,0,-0.227221,-78.522259,PICHINCHA,QUITO,QUITO,URBANA,2020-04-20,09:47:00,9,LUNES,1,ABRIL,4,NO,CONDUCIR VEHICULO SUPERANDO LOS LIMITES MAXIMOS DE VELOCIDAD.,CHOQUE LATERAL,MOTOCICLETA,1,0,0,0,0,0,0,0,1,0,0,0,0,2,40,HOMBRE,LESIONADO,CONDUCTOR PRESENTE,NO,NO,1
23047,84326,84327,2020,0,0,-0.198599,-78.498546,PICHINCHA,QUITO,QUITO,URBANA,2020-04-20,11:50:00,11,LUNES,1,ABRIL,4,NO,"NO RESPETAR LAS SENIALES REGLAMENTARIAS DE TRANSITO. (PARE, CEDA EL PASO, LUZ ROJA DEL SEMAFORO, ETC).",CHOQUE LATERAL,AUTOMOVIL,1,0,0,0,0,0,0,0,1,0,0,0,0,2,23,HOMBRE,ILESO,CONDUCTOR PRESENTE,NO,NO,1
23048,84330,84331,2020,1,0,-0.114152,-78.463177,PICHINCHA,QUITO,QUITO,URBANA,2020-04-20,12:40:00,12,LUNES,1,ABRIL,4,NO,CONDUCIR VEHICULO SUPERANDO LOS LIMITES MAXIMOS DE VELOCIDAD.,CHOQUE POSTERIOR,BICICLETA,0,1,0,1,0,0,0,0,0,0,0,0,0,2,16,HOMBRE,LESIONADO,CONDUCTOR PRESENTE,NO,NO,1
23049,84333,84334,2020,1,0,-0.290539,-78.533171,PICHINCHA,QUITO,QUITO,URBANA,2020-04-20,14:00:00,14,LUNES,1,ABRIL,4,NO,CONDUCIR VEHICULO SUPERANDO LOS LIMITES MAXIMOS DE VELOCIDAD.,PERDIDA DE CARRIL,AUTOMOVIL,1,0,0,0,0,0,0,0,0,0,0,0,0,1,43,HOMBRE,LESIONADO,PASAJERO,NO,NO,1
23050,84338,84339,2020,1,0,-0.246849,-78.423226,PICHINCHA,QUITO,TUMBACO,URBANA,2020-04-20,17:15:00,17,LUNES,1,ABRIL,4,NO,"NO RESPETAR LAS SENIALES REGLAMENTARIAS DE TRANSITO. (PARE, CEDA EL PASO, LUZ ROJA DEL SEMAFORO, ETC).",CHOQUE LATERAL,MOTOCICLETA,0,0,0,0,0,0,0,0,1,0,0,0,0,1,24,HOMBRE,LESIONADO,CONDUCTOR PRESENTE,NO,NO,1
23051,84341,84342,2020,0,0,-0.340931,-78.560302,PICHINCHA,QUITO,QUITO,URBANA,2020-04-20,18:50:00,18,LUNES,1,ABRIL,4,NO,"CONDICIONES AMBIENTALES Y/O ATMOSFERICAS (NIEBLA, NEBLINA, GRANIZO, LLUVIA).",ESTRELLAMIENTOS,CAMION,0,0,0,1,0,0,0,0,0,0,0,0,0,1,-1,NO IDENTIFICADO,NO IDENTIFICADO,CONDUCTOR AUSENTE,NO,NO,2
23052,84344,84345,2020,0,0,-0.303374,-78.547872,PICHINCHA,QUITO,QUITO,URBANA,2020-04-20,21:26:00,21,LUNES,1,ABRIL,4,NO,CONDUCIR VEHICULO SUPERANDO LOS LIMITES MAXIMOS DE VELOCIDAD.,ESTRELLAMIENTOS,AUTOMOVIL,1,0,0,0,0,0,0,0,0,0,0,0,0,1,27,HOMBRE,ILESO,PASAJERO,NO,NO,1
23053,84346,84347,2020,0,0,-0.269141,-78.540641,PICHINCHA,QUITO,QUITO,URBANA,2020-04-21,06:45:00,6,MARTES,2,ABRIL,4,NO,"NO RESPETAR LAS SENIALES REGLAMENTARIAS DE TRANSITO. (PARE, CEDA EL PASO, LUZ ROJA DEL SEMAFORO, ETC).",CHOQUE LATERAL,AUTOMOVIL,1,0,0,0,0,0,0,0,1,0,0,0,0,2,32,HOMBRE,ILESO,CONDUCTOR PRESENTE,NO,NO,1
23054,84349,84350,2020,0,0,-0.196607,-78.495475,PICHINCHA,QUITO,QUITO,URBANA,2020-04-21,07:30:00,7,MARTES,2,ABRIL,4,NO,"NO RESPETAR LAS SENIALES REGLAMENTARIAS DE TRANSITO. (PARE, CEDA EL PASO, LUZ ROJA DEL SEMAFORO, ETC).",CHOQUE LATERAL,AUTOMOVIL,2,0,0,0,0,0,0,0,0,0,0,0,0,2,49,HOMBRE,ILESO,CONDUCTOR PRESENTE,NO,NO,1
23055,84356,84357,2020,0,1,0.011456,-78.385378,PICHINCHA,PEDRO MONCAYO,MALCHINGUI,RURAL,2020-04-21,14:15:00,14,MARTES,2,ABRIL,4,NO,CONDUCIR VEHICULO SUPERANDO LOS LIMITES MAXIMOS DE VELOCIDAD.,CHOQUE FRONTAL,MOTOCICLETA,0,0,0,1,0,0,0,0,1,0,0,0,0,2,19,HOMBRE,FALLECIDO,CONDUCTOR PRESENTE,NO,NO,3
23056,84357,84358,2020,1,0,-0.337955,-78.575296,PICHINCHA,QUITO,QUITO,URBANA,2020-04-21,16:20:00,16,MARTES,2,ABRIL,4,NO,NO TRANSITAR POR LAS ACERAS O ZONAS DE SEGURIDAD DESTINADAS PARA EL EFECTO.,ATROPELLOS,NO IDENTIFICADO,0,0,0,0,0,0,0,0,0,1,0,0,0,1,21,HOMBRE,LESIONADO,PEATON,NO,NO,1
23057,84362,84363,2020,0,0,-0.292879,-78.547042,PICHINCHA,QUITO,QUITO,URBANA,2020-04-21,21:50:00,21,MARTES,2,ABRIL,4,NO,CONDUCIR VEHICULO SUPERANDO LOS LIMITES MAXIMOS DE VELOCIDAD.,ESTRELLAMIENTOS,AUTOMOVIL,1,0,0,0,0,0,0,0,0,0,0,0,0,1,-1,NO IDENTIFICADO,NO IDENTIFICADO,CONDUCTOR AUSENTE,NO,NO,2
23058,84364,84365,2020,1,0,-0.444183,-78.604525,PICHINCHA,MEJIA,ALOAG,RURAL,2020-04-22,03:45:00,3,MIERCOLES,3,ABRIL,4,NO,"CONDUCIR DESATENTO A LAS CONDICIONES DE TRANSITO (CELULAR, PANTALLAS DE VIDEO, COMIDA, MAQUILLAJE O CUALQUIER OTRO ELEMENTO DISTRACTOR).",VOLCAMIENTOS,CAMION,0,0,0,2,0,0,0,0,0,0,0,0,0,2,33,HOMBRE,LESIONADO,CONDUCTOR PRESENTE,NO,NO,3
23059,84368,84369,2020,0,0,-0.390259,-78.519701,PICHINCHA,MEJIA,UYUMBICHO,RURAL,2020-04-22,06:40:00,6,MIERCOLES,3,ABRIL,4,NO,"CONDUCIR DESATENTO A LAS CONDICIONES DE TRANSITO (CELULAR, PANTALLAS DE VIDEO, COMIDA, MAQUILLAJE O CUALQUIER OTRO ELEMENTO DISTRACTOR).",CHOQUE LATERAL,AUTOMOVIL,2,0,0,0,0,0,0,0,0,0,0,0,0,2,31,HOMBRE,ILESO,CONDUCTOR PRESENTE,NO,SI,3
23060,84375,84376,2020,0,0,-0.292724,-78.476486,PICHINCHA,QUITO,CONOCOTO,RURAL,2020-04-22,11:10:00,11,MIERCOLES,3,ABRIL,4,NO,REALIZAR CAMBIO BRUSCO O INDEBIDO DE CARRIL.,PERDIDA DE CARRIL,FURGONETA,0,0,0,0,0,0,0,1,0,0,0,0,0,1,26,HOMBRE,ILESO,CONDUCTOR PRESENTE,NO,NO,3
23061,84384,84385,2020,0,0,-0.244339,-78.500871,PICHINCHA,QUITO,QUITO,URBANA,2020-04-22,18:27:00,18,MIERCOLES,3,ABRIL,4,NO,CONDUCIR VEHICULO SUPERANDO LOS LIMITES MAXIMOS DE VELOCIDAD.,ESTRELLAMIENTOS,AUTOMOVIL,1,0,0,0,0,0,0,0,0,0,0,0,0,1,-1,NO IDENTIFICADO,NO IDENTIFICADO,CONDUCTOR AUSENTE,NO,NO,2
23062,84385,84386,2020,1,0,-0.258418,-78.544605,PICHINCHA,QUITO,QUITO,URBANA,2020-04-22,18:45:00,18,MIERCOLES,3,ABRIL,4,NO,"CONDICIONES AMBIENTALES Y/O ATMOSFERICAS (NIEBLA, NEBLINA, GRANIZO, LLUVIA).",ESTRELLAMIENTOS,BUS,0,0,1,0,0,0,0,0,1,0,0,0,0,2,33,HOMBRE,LESIONADO,CONDUCTOR PRESENTE,NO,NO,1
23063,84399,84400,2020,2,0,-0.201366,-78.490501,PICHINCHA,QUITO,QUITO,URBANA,2020-04-23,13:48:00,13,JUEVES,4,ABRIL,4,NO,"NO RESPETAR LAS SENIALES REGLAMENTARIAS DE TRANSITO. (PARE, CEDA EL PASO, LUZ ROJA DEL SEMAFORO, ETC).",CHOQUE LATERAL,MOTOCICLETA,0,0,0,0,0,0,0,0,2,0,0,0,0,2,47,MUJER,LESIONADO,PASAJERO,NO,NO,1
23064,84401,84402,2020,1,0,-0.242071,-78.521024,PICHINCHA,QUITO,QUITO,URBANA,2020-04-23,17:30:00,17,JUEVES,4,ABRIL,4,NO,"NO RESPETAR LAS SENIALES REGLAMENTARIAS DE TRANSITO. (PARE, CEDA EL PASO, LUZ ROJA DEL SEMAFORO, ETC).",CHOQUE LATERAL,MOTOCICLETA,1,0,0,0,0,0,0,0,1,0,0,0,0,2,31,HOMBRE,LESIONADO,CONDUCTOR PRESENTE,NO,NO,1
23065,84412,84413,2020,1,0,-0.318943,-78.547037,PICHINCHA,QUITO,QUITO,URBANA,2020-04-24,12:55:00,12,VIERNES,5,ABRIL,4,NO,REALIZAR CAMBIO BRUSCO O INDEBIDO DE CARRIL.,ATROPELLOS,MOTOCICLETA,0,0,0,0,0,0,0,0,1,1,0,0,0,2,21,MUJER,LESIONADO,PASAJERO,NO,NO,1
23066,84415,84416,2020,0,0,-0.289266,-78.567789,PICHINCHA,QUITO,QUITO,URBANA,2020-04-24,13:50:00,13,VIERNES,5,ABRIL,4,NO,PEATON QUE CRUZA LA CALZADA SIN RESPETAR LA SENIALIZACION EXISTENTE (SEMAFOROS O SENIALES MANUALES).,ATROPELLOS,AUTOMOVIL,1,0,0,0,0,0,0,0,0,0,0,0,0,1,50,MUJER,ILESO,PEATON,NO,NO,1
23067,84417,84418,2020,0,0,-0.181788,-78.475452,PICHINCHA,QUITO,QUITO,URBANA,2020-04-24,14:20:00,14,VIERNES,5,ABRIL,4,NO,DANIOS MECANICOS PREVISIBLES.,PERDIDA DE CARRIL,AUTOMOVIL,1,0,0,0,0,0,0,0,0,0,0,0,0,1,30,HOMBRE,ILESO,CONDUCTOR PRESENTE,NO,NO,1
23068,84423,84424,2020,1,0,-0.447527,-78.712944,PICHINCHA,MEJIA,MANUEL CORNEJO ASTORGA,RURAL,2020-04-24,20:05:00,20,VIERNES,5,ABRIL,4,NO,"CONDUCIR DESATENTO A LAS CONDICIONES DE TRANSITO (CELULAR, PANTALLAS DE VIDEO, COMIDA, MAQUILLAJE O CUALQUIER OTRO ELEMENTO DISTRACTOR).",PERDIDA DE PISTA,CAMION,0,0,0,1,0,0,0,0,0,0,0,0,0,1,47,HOMBRE,LESIONADO,CONDUCTOR PRESENTE,NO,NO,3
23069,84429,84430,2020,0,0,-0.203056,-78.458398,PICHINCHA,QUITO,QUITO,RURAL,2020-04-25,06:40:00,6,SABADO,6,ABRIL,4,NO,NO MANTENER LA DISTANCIA PRUDENCIAL CON RESPECTO AL VEHICULO QUE LE ANTECEDE.,CHOQUE POSTERIOR,AUTOMOVIL,2,0,0,0,0,0,0,0,0,0,0,0,0,2,34,MUJER,ILESO,CONDUCTOR PRESENTE,NO,NO,3
23070,84430,84431,2020,1,0,-0.072887,-78.422536,PICHINCHA,QUITO,CALDERON (CARAPUNGO),RURAL,2020-04-25,06:40:00,6,SABADO,6,ABRIL,4,NO,"NO RESPETAR LAS SENIALES REGLAMENTARIAS DE TRANSITO. (PARE, CEDA EL PASO, LUZ ROJA DEL SEMAFORO, ETC).",CHOQUE LATERAL,MOTOCICLETA,0,0,0,0,1,0,0,0,1,0,0,0,0,2,21,HOMBRE,LESIONADO,CONDUCTOR PRESENTE,NO,NO,3
23071,84431,84432,2020,0,0,-0.085214,-78.398215,PICHINCHA,QUITO,CALDERON (CARAPUNGO),RURAL,2020-04-25,08:00:00,8,SABADO,6,ABRIL,4,NO,"CONDICIONES AMBIENTALES Y/O ATMOSFERICAS (NIEBLA, NEBLINA, GRANIZO, LLUVIA).",PERDIDA DE CARRIL,VEHICULO DEPORTIVO UTILITARIO,0,0,0,0,0,0,0,0,0,0,0,0,1,1,32,HOMBRE,ILESO,CONDUCTOR PRESENTE,NO,SI,3
23072,84435,84436,2020,0,0,-0.253833,-78.531028,PICHINCHA,QUITO,QUITO,URBANA,2020-04-25,12:15:00,12,SABADO,6,ABRIL,4,NO,"CONDUCE BAJO LA INFLUENCIA DE ALCOHOL, SUSTANCIAS ESTUPEFACIENTES O PSICOTROPICAS Y/O MEDICAMENTOS.",CHOQUE POSTERIOR,CAMION,0,0,0,2,0,0,0,0,0,0,0,0,0,2,42,HOMBRE,ILESO,CONDUCTOR PRESENTE,NO,NO,1
23073,84439,84440,2020,0,0,-0.334971,-78.555546,PICHINCHA,QUITO,QUITO,URBANA,2020-04-25,16:10:00,16,SABADO,6,ABRIL,4,NO,"FALLA MECANICA EN LOS SISTEMAS Y/O NEUMATICOS (SISTEMA DE FRENOS, DIRECCION, ELECTRONICO O MECANICO).",ATROPELLOS,CAMION,0,0,0,1,0,0,0,0,0,0,0,0,0,1,-1,NO IDENTIFICADO,NO IDENTIFICADO,CONDUCTOR AUSENTE,NO,NO,2
23074,84442,84443,2020,1,0,-0.129944,-78.469461,PICHINCHA,QUITO,QUITO,URBANA,2020-04-25,19:15:00,19,SABADO,6,ABRIL,4,NO,"NO RESPETAR LAS SENIALES REGLAMENTARIAS DE TRANSITO. (PARE, CEDA EL PASO, LUZ ROJA DEL SEMAFORO, ETC).",CHOQUE LATERAL,FURGONETA,0,0,0,0,0,0,0,1,1,0,0,0,0,2,38,HOMBRE,LESIONADO,CONDUCTOR PRESENTE,NO,NO,1
23075,84443,84444,2020,0,0,-0.283634,-78.535666,PICHINCHA,QUITO,QUITO,URBANA,2020-04-25,19:20:00,19,SABADO,6,ABRIL,4,NO,CONDUCIR VEHICULO SUPERANDO LOS LIMITES MAXIMOS DE VELOCIDAD.,ESTRELLAMIENTOS,AUTOMOVIL,1,0,0,0,0,0,0,0,0,0,0,0,0,1,-1,NO IDENTIFICADO,NO IDENTIFICADO,CONDUCTOR AUSENTE,NO,NO,2
23076,84447,84448,2020,0,0,-0.282703,-78.558265,PICHINCHA,QUITO,QUITO,URBANA,2020-04-26,08:40:00,8,DOMINGO,7,ABRIL,4,NO,CONDUCIR EN SENTIDO CONTRARIO A LA VIA NORMAL DE CIRCULACION.,ESTRELLAMIENTOS,AUTOMOVIL,1,0,0,0,0,0,0,0,0,0,0,0,0,1,-1,NO IDENTIFICADO,NO IDENTIFICADO,CONDUCTOR AUSENTE,NO,NO,2
23077,84448,84449,2020,2,0,-0.108255,-78.461339,PICHINCHA,QUITO,CALDERON (CARAPUNGO),URBANA,2020-04-26,09:00:00,9,DOMINGO,7,ABRIL,4,NO,CONDUCIR VEHICULO SUPERANDO LOS LIMITES MAXIMOS DE VELOCIDAD.,CHOQUE FRONTAL,AUTOMOVIL,1,0,0,0,0,0,0,0,1,0,0,0,0,2,30,HOMBRE,LESIONADO,PASAJERO,NO,NO,1
23078,84449,84450,2020,1,0,-0.325289,-78.556132,PICHINCHA,QUITO,QUITO,URBANA,2020-04-26,09:46:00,9,DOMINGO,7,ABRIL,4,NO,CONDUCIR VEHICULO SUPERANDO LOS LIMITES MAXIMOS DE VELOCIDAD.,ESTRELLAMIENTOS,CAMION,0,0,0,1,0,0,0,0,0,0,0,0,0,1,30,HOMBRE,LESIONADO,PASAJERO,NO,NO,1
23079,84456,84457,2020,0,0,-0.121124,-78.441886,PICHINCHA,QUITO,CALDERON (CARAPUNGO),RURAL,2020-04-26,21:30:00,21,DOMINGO,7,ABRIL,4,NO,"MAL ESTACIONADO - EL CONDUCTOR QUE DETENGA O ESTACIONE VEHICULOS EN SITIOS O ZONAS QUE ENTRANIEN PELIGRO, TALES COMO ZONA DE SEGURIDAD, CURVAS, PUENTES, TUNELES, PENDIENTES.",ESTRELLAMIENTOS,AUTOMOVIL,2,0,0,0,0,0,0,0,0,0,0,0,0,2,-1,NO IDENTIFICADO,NO IDENTIFICADO,CONDUCTOR AUSENTE,NO,NO,2
23080,84462,84463,2020,1,0,-0.148471,-78.498271,PICHINCHA,QUITO,QUITO,URBANA,2020-04-27,08:45:00,8,LUNES,1,ABRIL,4,NO,"NO RESPETAR LAS SENIALES REGLAMENTARIAS DE TRANSITO. (PARE, CEDA EL PASO, LUZ ROJA DEL SEMAFORO, ETC).",ROZAMIENTOS,MOTOCICLETA,1,0,0,0,0,0,0,0,1,0,0,0,0,2,23,HOMBRE,LESIONADO,CONDUCTOR PRESENTE,NO,NO,1
23081,84472,84473,2020,1,0,-0.197511,-78.500475,PICHINCHA,QUITO,QUITO,URBANA,2020-04-27,17:20:00,17,LUNES,1,ABRIL,4,NO,"NO RESPETAR LAS SENIALES REGLAMENTARIAS DE TRANSITO. (PARE, CEDA EL PASO, LUZ ROJA DEL SEMAFORO, ETC).",CHOQUE LATERAL,MOTOCICLETA,0,0,0,0,1,0,0,0,1,0,0,0,0,2,21,HOMBRE,LESIONADO,CONDUCTOR PRESENTE,NO,NO,1
23082,84489,84490,2020,0,0,-0.198156,-78.436072,PICHINCHA,QUITO,CUMBAYA,URBANA,2020-04-28,14:00:00,14,MARTES,2,ABRIL,4,NO,CONDUCIR VEHICULO SUPERANDO LOS LIMITES MAXIMOS DE VELOCIDAD.,ESTRELLAMIENTOS,MOTOCICLETA,0,0,0,0,0,0,0,0,1,0,0,0,0,1,-1,NO IDENTIFICADO,NO IDENTIFICADO,CONDUCTOR AUSENTE,NO,NO,2
23083,84498,84499,2020,2,0,-0.240257,-78.531268,PICHINCHA,QUITO,QUITO,URBANA,2020-04-29,01:45:00,1,MIERCOLES,3,ABRIL,4,NO,"NO RESPETAR LAS SENIALES REGLAMENTARIAS DE TRANSITO. (PARE, CEDA EL PASO, LUZ ROJA DEL SEMAFORO, ETC).",CHOQUE LATERAL,MOTOCICLETA,0,0,0,0,0,0,0,0,1,1,0,0,0,2,21,HOMBRE,LESIONADO,PASAJERO,NO,NO,1