,Unnamed: 0,ID,ANIO,LESIONADOS,FALLECIDOS,LATITUD_Y,LONGITUD_X,PROVINCIA,CANTON,PARROQUIA,ZONA,FECHA,HORA,PERIODO_2,DIA_1,DIA_2,MES_1,MES_2,FERIADO,CAUSA_PROBABLE,TIPO_DE_SINIESTRO,TIPO_DE_VEHICULO_1,AUTOMOVIL,BICICLETA,BUS,CAMION,CAMIONETA,EMERGENCIAS,ESPECIAL,FURGONETA,MOTOCICLETA,NO_IDENTIFICADO,SCOOTER_ELECTRICO,TRICIMOTO,VEHICULO_DEPORTIVO_UTILITARIO,SUMA_DE_VEHICULOS,EDAD_1,SEXO_1,CONDICION_1,PARTICIPANTE_1,CASCO_1,CINTURON_1,KMeans_Cluster
23084,84505,84506,2020,0,0,-0.197371,-78.506161,PICHINCHA,QUITO,QUITO,URBANA,2020-04-29,09:15:00,9,MIERCOLES,3,ABRIL,4,NO,CONDUCIR VEHICULO SUPERANDO LOS LIMITES MAXIMOS DE VELOCIDAD.,ESTRELLAMIENTOS,AUTOMOVIL,2,0,0,0,0,0,0,0,0,0,0,0,0,2,29,HOMBRE,ILESO,PASAJERO,NO,NO,1
23085,84512,84513,2020,0,0,-0.356352,-78.547031,PICHINCHA,QUITO,QUITO,URBANA,2020-04-29,18:20:00,18,MIERCOLES,3,ABRIL,4,NO,CONDUCIR VEHICULO SUPERANDO LOS LIMITES MAXIMOS DE VELOCIDAD.,ESTRELLAMIENTOS,CAMION,0,0,0,1,0,0,0,0,0,0,0,0,0,1,55,HOMBRE,ILESO,CONDUCTOR PRESENTE,NO,NO,1
23086,84514,84515,2020,0,0,-0.083671,-78.504529,PICHINCHA,QUITO,QUITO,URBANA,2020-04-29,19:00:00,19,MIERCOLES,3,ABRIL,4,NO,"NO RESPETAR LAS SENIALES REGLAMENTARIAS DE TRANSITO. (PARE, CEDA EL PASO, LUZ ROJA DEL SEMAFORO, ETC).",CHOQUE LATERAL,FURGONETA,1,0,0,0,0,0,0,1,0,0,0,0,0,2,24,HOMBRE,ILESO,CONDUCTOR PRESENTE,NO,NO,1
23087,84527,84528,2020,1,0,-0.317346,-78.571097,PICHINCHA,QUITO,QUITO,URBANA,2020-04-30,12:30:00,12,JUEVES,4,ABRIL,4,SI,NO CEDER EL DERECHO DE VIA O PREFERENCIA DE PASO AL PEATON.,ARROLLAMIENTOS,CAMIONETA,0,0,0,0,1,0,0,0,0,0,0,0,0,1,2,HOMBRE,LESIONADO,PEATON,NO,NO,1
23088,84528,84529,2020,0,0,-0.276737,-78.556041,PICHINCHA,QUITO,QUITO,URBANA,2020-04-30,13:20:00,13,JUEVES,4,ABRIL,4,SI,"NO RESPETAR LAS SENIALES REGLAMENTARIAS DE TRANSITO. (PARE, CEDA EL PASO, LUZ ROJA DEL SEMAFORO, ETC).",CHOQUE LATERAL,CAMIONETA,0,0,0,0,2,0,0,0,0,0,0,0,0,2,59,HOMBRE,ILESO,CONDUCTOR PRESENTE,NO,NO,1
23089,84532,84533,2020,4,0,-0.445798,-78.628965,PICHINCHA,MEJIA,ALOAG,RURAL,2020-04-30,17:23:00,17,JUEVES,4,ABRIL,4,SI,"NO RESPETAR LAS SENIALES REGLAMENTARIAS DE TRANSITO. (PARE, CEDA EL PASO, LUZ ROJA DEL SEMAFORO, ETC).",CHOQUE LATERAL,CAMIONETA,0,0,0,1,1,0,0,0,0,0,0,0,0,2,31,HOMBRE,LESIONADO,CONDUCTOR PRESENTE,NO,NO,3
23090,84535,84536,2020,0,0,-0.311518,-78.565012,PICHINCHA,QUITO,QUITO,URBANA,2020-04-30,20:45:00,20,JUEVES,4,ABRIL,4,SI,CONDUCIR VEHICULO SUPERANDO LOS LIMITES MAXIMOS DE VELOCIDAD.,ESTRELLAMIENTOS,CAMION,0,0,0,1,0,0,0,0,0,0,0,0,0,1,-1,NO IDENTIFICADO,NO IDENTIFICADO,CONDUCTOR AUSENTE,NO,NO,2
23091,84542,84543,2020,0,0,-0.152397,-78.488396,PICHINCHA,QUITO,QUITO,URBANA,2020-05-01,09:50:00,9,VIERNES,5,MAYO,5,SI,CONDUCIR VEHICULO SUPERANDO LOS LIMITES MAXIMOS DE VELOCIDAD.,ESTRELLAMIENTOS,AUTOMOVIL,1,0,0,0,0,0,0,0,0,0,0,0,0,1,41,HOMBRE,ILESO,CONDUCTOR PRESENTE,NO,NO,1
23092,84543,84544,2020,1,0,-0.199671,-78.428809,PICHINCHA,QUITO,CUMBAYA,RURAL,2020-05-01,09:55:00,9,VIERNES,5,MAYO,5,SI,"NO RESPETAR LAS SENIALES REGLAMENTARIAS DE TRANSITO. (PARE, CEDA EL PASO, LUZ ROJA DEL SEMAFORO, ETC).",CHOQUE LATERAL,MOTOCICLETA,0,0,0,0,0,0,0,0,1,1,0,0,0,2,35,HOMBRE,LESIONADO,CONDUCTOR PRESENTE,NO,NO,3
23093,84548,84549,2020,1,0,-0.251559,-78.518386,PICHINCHA,QUITO,QUITO,URBANA,2020-05-01,12:50:00,12,VIERNES,5,MAYO,5,SI,"CONDUCE BAJO LA INFLUENCIA DE ALCOHOL, SUSTANCIAS ESTUPEFACIENTES O PSICOTROPICAS Y/O MEDICAMENTOS.",ATROPELLOS,AUTOMOVIL,1,0,0,0,0,0,0,0,0,0,0,0,0,1,85,HOMBRE,LESIONADO,PEATON,NO,NO,1
23094,84550,84551,2020,0,1,-0.099092,-78.514036,PICHINCHA,QUITO,QUITO,URBANA,2020-05-01,14:05:00,14,VIERNES,5,MAYO,5,SI,CONDUCIR VEHICULO SUPERANDO LOS LIMITES MAXIMOS DE VELOCIDAD.,ESTRELLAMIENTOS,MOTOCICLETA,0,0,0,0,0,0,0,0,1,0,0,0,0,1,32,HOMBRE,FALLECIDO,PASAJERO,NO,NO,1
23095,84551,84552,2020,1,0,-0.156069,-78.439391,PICHINCHA,QUITO,NAYON,RURAL,2020-05-01,17:40:00,17,VIERNES,5,MAYO,5,SI,CONDUCIR VEHICULO SUPERANDO LOS LIMITES MAXIMOS DE VELOCIDAD.,ESTRELLAMIENTOS,AUTOMOVIL,1,0,0,0,0,0,0,0,0,0,0,0,0,1,35,MUJER,LESIONADO,CONDUCTOR PRESENTE,NO,NO,3
23096,84554,84555,2020,1,1,-0.326703,-78.915819,PICHINCHA,MEJIA,MANUEL CORNEJO ASTORGA,RURAL,2020-05-01,20:09:00,20,VIERNES,5,MAYO,5,SI,"NO RESPETAR LAS SENIALES REGLAMENTARIAS DE TRANSITO. (PARE, CEDA EL PASO, LUZ ROJA DEL SEMAFORO, ETC).",ESTRELLAMIENTOS,CAMION,0,0,0,2,0,0,0,0,0,0,0,0,0,2,56,HOMBRE,FALLECIDO,CONDUCTOR PRESENTE,NO,NO,3
23097,84555,84556,2020,0,0,-0.312261,-78.541858,PICHINCHA,QUITO,QUITO,URBANA,2020-05-01,20:20:00,20,VIERNES,5,MAYO,5,SI,CONDUCIR VEHICULO SUPERANDO LOS LIMITES MAXIMOS DE VELOCIDAD.,OTROS,AUTOMOVIL,1,0,0,0,0,0,0,0,0,0,0,0,0,1,-1,NO IDENTIFICADO,NO IDENTIFICADO,CONDUCTOR AUSENTE,NO,NO,2
23098,84557,84558,2020,1,0,-0.198613,-78.512483,PICHINCHA,QUITO,QUITO,URBANA,2020-05-01,21:05:00,21,VIERNES,5,MAYO,5,SI,"NO RESPETAR LAS SENIALES REGLAMENTARIAS DE TRANSITO. (PARE, CEDA EL PASO, LUZ ROJA DEL SEMAFORO, ETC).",CHOQUE FRONTAL,MOTOCICLETA,0,0,0,0,0,0,0,0,1,1,0,0,0,2,25,HOMBRE,LESIONADO,CONDUCTOR PRESENTE,NO,NO,1
23099,84561,84562,2020,0,0,-0.262722,-78.538106,PICHINCHA,QUITO,QUITO,URBANA,2020-05-01,21:40:00,21,VIERNES,5,MAYO,5,SI,CONDUCIR VEHICULO SUPERANDO LOS LIMITES MAXIMOS DE VELOCIDAD.,ESTRELLAMIENTOS,CAMION,0,0,0,1,0,0,0,0,0,0,0,0,0,1,-1,NO IDENTIFICADO,NO IDENTIFICADO,CONDUCTOR AUSENTE,NO,NO,2
23100,84568,84569,2020,0,0,-0.273727,-78.523211,PICHINCHA,QUITO,QUITO,URBANA,2020-05-02,11:40:00,11,SABADO,6,MAYO,5,SI,"CONDUCE BAJO LA INFLUENCIA DE ALCOHOL, SUSTANCIAS ESTUPEFACIENTES O PSICOTROPICAS Y/O MEDICAMENTOS.",ESTRELLAMIENTOS,AUTOMOVIL,1,0,0,0,0,0,0,0,0,0,0,0,0,1,36,HOMBRE,ILESO,CONDUCTOR PRESENTE,NO,NO,1
23101,84573,84574,2020,0,0,-0.257611,-78.550444,PICHINCHA,QUITO,QUITO,URBANA,2020-05-02,19:20:00,19,SABADO,6,MAYO,5,SI,"NO RESPETAR LAS SENIALES REGLAMENTARIAS DE TRANSITO. (PARE, CEDA EL PASO, LUZ ROJA DEL SEMAFORO, ETC).",ESTRELLAMIENTOS,CAMION,0,0,0,1,0,0,0,0,0,0,0,0,0,1,-1,NO IDENTIFICADO,NO IDENTIFICADO,CONDUCTOR AUSENTE,NO,NO,2
23102,84574,84575,2020,1,1,-0.246355,-78.510575,PICHINCHA,QUITO,QUITO,URBANA,2020-05-02,19:30:00,19,SABADO,6,MAYO,5,SI,"CONDUCE BAJO LA INFLUENCIA DE ALCOHOL, SUSTANCIAS ESTUPEFACIENTES O PSICOTROPICAS Y/O MEDICAMENTOS.",CHOQUE POSTERIOR,MOTOCICLETA,1,0,0,0,0,0,0,0,1,0,0,0,0,2,22,MUJER,FALLECIDO,PASAJERO,NO,NO,1
23103,84577,84578,2020,2,1,-0.281865,-78.534304,PICHINCHA,QUITO,QUITO,URBANA,2020-05-02,22:00:00,22,SABADO,6,MAYO,5,SI,"CONDUCE BAJO LA INFLUENCIA DE ALCOHOL, SUSTANCIAS ESTUPEFACIENTES O PSICOTROPICAS Y/O MEDICAMENTOS.",CHOQUE LATERAL,MOTOCICLETA,1,0,0,0,0,0,0,0,1,0,0,0,0,2,26,HOMBRE,FALLECIDO,CONDUCTOR PRESENTE,NO,NO,1
23104,84584,84585,2020,1,0,-0.243301,-78.519933,PICHINCHA,QUITO,QUITO,URBANA,2020-05-03,11:00:00,11,DOMINGO,7,MAYO,5,SI,"NO RESPETAR LAS SENIALES REGLAMENTARIAS DE TRANSITO. (PARE, CEDA EL PASO, LUZ ROJA DEL SEMAFORO, ETC).",CHOQUE LATERAL,MOTOCICLETA,1,0,0,0,0,0,0,0,1,0,0,0,0,2,32,HOMBRE,LESIONADO,PASAJERO,NO,NO,1
23105,84588,84589,2020,0,0,-0.241713,-78.532411,PICHINCHA,QUITO,QUITO,URBANA,2020-05-03,17:35:00,17,DOMINGO,7,MAYO,5,SI,CONDUCIR VEHICULO SUPERANDO LOS LIMITES MAXIMOS DE VELOCIDAD.,ESTRELLAMIENTOS,CAMIONETA,0,0,0,0,1,0,0,0,0,0,0,0,0,1,-1,NO IDENTIFICADO,NO IDENTIFICADO,CONDUCTOR AUSENTE,NO,NO,2
23106,84590,84591,2020,0,1,-0.460044,-78.757739,PICHINCHA,MEJIA,MANUEL CORNEJO ASTORGA,URBANA,2020-05-04,01:30:00,1,LUNES,1,MAYO,5,NO,"CONDUCIR DESATENTO A LAS CONDICIONES DE TRANSITO (CELULAR, PANTALLAS DE VIDEO, COMIDA, MAQUILLAJE O CUALQUIER OTRO ELEMENTO DISTRACTOR).",PERDIDA DE CARRIL,VEHICULO DEPORTIVO UTILITARIO,0,0,0,0,0,0,0,0,0,0,0,0,1,1,58,HOMBRE,FALLECIDO,CONDUCTOR PRESENTE,NO,SI,1
23107,84597,84598,2020,2,0,-0.308006,-78.559416,PICHINCHA,QUITO,QUITO,URBANA,2020-05-04,06:25:00,6,LUNES,1,MAYO,5,NO,REALIZAR CAMBIO BRUSCO O INDEBIDO DE CARRIL.,CHOQUE FRONTAL,FURGONETA,0,1,0,0,0,0,0,1,0,0,0,0,0,2,31,MUJER,LESIONADO,PASAJERO,NO,NO,1
23108,84602,84603,2020,1,0,-0.288901,-78.538232,PICHINCHA,QUITO,QUITO,URBANA,2020-05-04,11:00:00,11,LUNES,1,MAYO,5,NO,CONDUCIR VEHICULO SUPERANDO LOS LIMITES MAXIMOS DE VELOCIDAD.,ESTRELLAMIENTOS,CAMIONETA,0,0,0,0,1,0,0,0,0,0,0,0,0,1,24,HOMBRE,LESIONADO,CONDUCTOR PRESENTE,NO,NO,1
23109,84604,84605,2020,1,0,-0.254205,-78.484058,PICHINCHA,QUITO,QUITO,RURAL,2020-05-04,12:30:00,12,LUNES,1,MAYO,5,NO,DEJAR O RECOGER PASAJEROS EN LUGARES NO PERMITIDOS.,CAIDA DE PASAJERO,NO IDENTIFICADO,0,0,0,0,0,0,0,0,0,1,0,0,0,1,28,HOMBRE,LESIONADO,PASAJERO,NO,NO,3
23110,84605,84606,2020,1,0,-0.359756,-78.565378,PICHINCHA,MEJIA,CUTUGLAHUA,URBANA,2020-05-04,13:00:00,13,LUNES,1,MAYO,5,NO,"CONDUCIR DESATENTO A LAS CONDICIONES DE TRANSITO (CELULAR, PANTALLAS DE VIDEO, COMIDA, MAQUILLAJE O CUALQUIER OTRO ELEMENTO DISTRACTOR).",ARROLLAMIENTOS,CAMIONETA,0,0,0,0,1,0,0,0,1,0,0,0,0,2,42,MUJER,LESIONADO,PEATON,NO,SI,1
23111,84606,84607,2020,0,0,-0.303012,-78.551249,PICHINCHA,QUITO,QUITO,URBANA,2020-05-04,13:05:00,13,LUNES,1,MAYO,5,NO,"CONDICIONES AMBIENTALES Y/O ATMOSFERICAS (NIEBLA, NEBLINA, GRANIZO, LLUVIA).",CHOQUE POSTERIOR,AUTOMOVIL,1,0,0,1,0,0,0,0,0,0,0,0,0,2,26,HOMBRE,ILESO,CONDUCTOR PRESENTE,NO,NO,1
23112,84608,84609,2020,1,0,-0.199767,-78.428809,PICHINCHA,QUITO,CUMBAYA,RURAL,2020-05-04,13:30:00,13,LUNES,1,MAYO,5,NO,"PRESENCIA DE AGENTES EXTERNOS EN LA VIA (AGUA, ACEITE, PIEDRA, LASTRE, ESCOMBROS, MADEROS, ETC.).",PERDIDA DE CARRIL,MOTOCICLETA,0,0,0,0,0,0,0,0,1,0,0,0,0,1,28,MUJER,LESIONADO,CONDUCTOR PRESENTE,NO,NO,3
23113,84614,84615,2020,0,0,-0.213664,-78.515913,PICHINCHA,QUITO,QUITO,URBANA,2020-05-04,17:00:00,17,LUNES,1,MAYO,5,NO,NO MANTENER LA DISTANCIA PRUDENCIAL CON RESPECTO AL VEHICULO QUE LE ANTECEDE.,CHOQUE POSTERIOR,AUTOMOVIL,1,0,0,0,1,0,0,0,0,0,0,0,0,2,31,HOMBRE,ILESO,CONDUCTOR PRESENTE,NO,NO,1
23114,84617,84618,2020,0,0,-0.304167,-78.542831,PICHINCHA,QUITO,QUITO,URBANA,2020-05-04,19:30:00,19,LUNES,1,MAYO,5,NO,CONDUCIR VEHICULO SUPERANDO LOS LIMITES MAXIMOS DE VELOCIDAD.,OTROS,CAMIONETA,0,0,0,0,1,0,0,0,0,0,0,0,0,1,22,HOMBRE,ILESO,CONDUCTOR PRESENTE,NO,NO,1
23115,84619,84620,2020,1,0,-0.309424,-78.563372,PICHINCHA,QUITO,QUITO,URBANA,2020-05-04,21:20:00,21,LUNES,1,MAYO,5,NO,"CONDUCE BAJO LA INFLUENCIA DE ALCOHOL, SUSTANCIAS ESTUPEFACIENTES O PSICOTROPICAS Y/O MEDICAMENTOS.",OTROS,CAMION,0,0,0,1,1,0,0,0,0,0,0,0,0,2,26,HOMBRE,LESIONADO,PEATON,NO,NO,1
23116,84620,84621,2020,0,0,-0.142178,-78.500536,PICHINCHA,QUITO,QUITO,URBANA,2020-05-04,21:50:00,21,LUNES,1,MAYO,5,NO,"CONDUCE BAJO LA INFLUENCIA DE ALCOHOL, SUSTANCIAS ESTUPEFACIENTES O PSICOTROPICAS Y/O MEDICAMENTOS.",ROZAMIENTOS,AUTOMOVIL,2,0,0,0,0,0,0,0,0,0,0,0,0,2,32,HOMBRE,ILESO,CONDUCTOR PRESENTE,NO,NO,1
23117,84629,84630,2020,2,0,-0.207457,-78.453437,PICHINCHA,QUITO,CUMBAYA,RURAL,2020-05-05,12:00:00,12,MARTES,2,MAYO,5,NO,CONDUCIR VEHICULO SUPERANDO LOS LIMITES MAXIMOS DE VELOCIDAD.,ESTRELLAMIENTOS,CAMIONETA,0,0,0,0,1,0,0,0,0,0,0,0,0,1,39,MUJER,LESIONADO,PASAJERO,NO,NO,3
23118,84636,84637,2020,1,0,-0.103278,-78.451558,PICHINCHA,QUITO,CALDERON (CARAPUNGO),RURAL,2020-05-05,15:45:00,15,MARTES,2,MAYO,5,NO,"CONDUCE BAJO LA INFLUENCIA DE ALCOHOL, SUSTANCIAS ESTUPEFACIENTES O PSICOTROPICAS Y/O MEDICAMENTOS.",CHOQUE LATERAL,MOTOCICLETA,1,0,0,0,0,0,0,0,1,0,0,0,0,2,44,HOMBRE,LESIONADO,CONDUCTOR PRESENTE,NO,NO,3
23119,84642,84643,2020,0,0,-0.160312,-78.466911,PICHINCHA,QUITO,QUITO,URBANA,2020-05-05,19:30:00,19,MARTES,2,MAYO,5,NO,"CONDUCE BAJO LA INFLUENCIA DE ALCOHOL, SUSTANCIAS ESTUPEFACIENTES O PSICOTROPICAS Y/O MEDICAMENTOS.",CHOQUE POSTERIOR,AUTOMOVIL,2,0,0,0,0,0,0,0,0,0,0,0,0,2,35,MUJER,ILESO,CONDUCTOR PRESENTE,NO,NO,1
23120,84643,84644,2020,0,0,-0.314181,-78.562403,PICHINCHA,QUITO,QUITO,URBANA,2020-05-05,19:30:00,19,MARTES,2,MAYO,5,NO,CONDUCIR VEHICULO SUPERANDO LOS LIMITES MAXIMOS DE VELOCIDAD.,OTROS,AUTOMOVIL,1,0,0,0,0,0,0,0,0,0,0,0,0,1,-1,NO IDENTIFICADO,NO IDENTIFICADO,CONDUCTOR AUSENTE,NO,NO,2
23121,84654,84655,2020,1,0,-0.207363,-78.512548,PICHINCHA,QUITO,QUITO,URBANA,2020-05-06,10:10:00,10,MIERCOLES,3,MAYO,5,NO,NO CEDER EL DERECHO DE VIA O PREFERENCIA DE PASO AL PEATON.,ATROPELLOS,AUTOMOVIL,1,0,0,0,0,0,0,0,0,0,0,0,0,1,68,HOMBRE,LESIONADO,PEATON,NO,NO,1
23122,84664,84665,2020,1,0,0.049992,-78.253563,PICHINCHA,PEDRO MONCAYO,LA ESPERANZA (PEDRO MONCAYO),RURAL,2020-05-06,16:20:00,16,MIERCOLES,3,MAYO,5,NO,"CONDUCIR DESATENTO A LAS CONDICIONES DE TRANSITO (CELULAR, PANTALLAS DE VIDEO, COMIDA, MAQUILLAJE O CUALQUIER OTRO ELEMENTO DISTRACTOR).",CHOQUE FRONTAL,NO IDENTIFICADO,0,0,0,0,0,0,0,0,0,2,0,0,0,2,31,HOMBRE,LESIONADO,CONDUCTOR PRESENTE,NO,NO,3
23123,84671,84672,2020,0,0,-0.206155,-78.496151,PICHINCHA,QUITO,QUITO,URBANA,2020-05-07,01:15:00,1,JUEVES,4,MAYO,5,NO,"CONDUCE BAJO LA INFLUENCIA DE ALCOHOL, SUSTANCIAS ESTUPEFACIENTES O PSICOTROPICAS Y/O MEDICAMENTOS.",CHOQUE LATERAL,AUTOMOVIL,2,0,0,0,0,0,0,0,0,0,0,0,0,2,26,HOMBRE,ILESO,CONDUCTOR PRESENTE,NO,NO,1
23124,84674,84675,2020,0,0,-0.312777,-78.945472,PICHINCHA,MEJIA,MANUEL CORNEJO ASTORGA,RURAL,2020-05-07,07:00:00,7,JUEVES,4,MAYO,5,NO,"CONDUCIR DESATENTO A LAS CONDICIONES DE TRANSITO (CELULAR, PANTALLAS DE VIDEO, COMIDA, MAQUILLAJE O CUALQUIER OTRO ELEMENTO DISTRACTOR).",PERDIDA DE PISTA,CAMIONETA,1,0,0,0,1,0,0,0,0,0,0,0,0,2,-1,NO IDENTIFICADO,ILESO,CONDUCTOR PRESENTE,NO,NO,3
23125,84683,84684,2020,1,0,-0.101677,-78.423909,PICHINCHA,QUITO,CALDERON (CARAPUNGO),RURAL,2020-05-07,13:45:00,13,JUEVES,4,MAYO,5,NO,"CONDUCE BAJO LA INFLUENCIA DE ALCOHOL, SUSTANCIAS ESTUPEFACIENTES O PSICOTROPICAS Y/O MEDICAMENTOS.",CHOQUE LATERAL,AUTOMOVIL,1,0,0,0,0,0,0,0,1,0,0,0,0,2,20,HOMBRE,LESIONADO,PASAJERO,NO,NO,3
23126,84684,84685,2020,1,0,-0.047006,-78.305648,PICHINCHA,QUITO,GUAYLLABAMBA,RURAL,2020-05-07,14:20:00,14,JUEVES,4,MAYO,5,NO,CONDUCIR VEHICULO SUPERANDO LOS LIMITES MAXIMOS DE VELOCIDAD.,OTROS,NO IDENTIFICADO,0,0,0,0,0,0,0,0,0,1,0,0,0,1,32,HOMBRE,LESIONADO,PASAJERO,NO,NO,3
23127,84692,84693,2020,1,0,-0.222098,-78.517772,PICHINCHA,QUITO,QUITO,URBANA,2020-05-08,06:50:00,6,VIERNES,5,MAYO,5,NO,"PRESENCIA DE AGENTES EXTERNOS EN LA VIA (AGUA, ACEITE, PIEDRA, LASTRE, ESCOMBROS, MADEROS, ETC.).",PERDIDA DE CARRIL,MOTOCICLETA,0,0,0,0,0,0,0,0,1,0,0,0,0,1,29,HOMBRE,LESIONADO,CONDUCTOR PRESENTE,NO,NO,1
23128,84694,84695,2020,1,0,-0.033731,-78.446066,PICHINCHA,QUITO,POMASQUI,RURAL,2020-05-08,08:00:00,8,VIERNES,5,MAYO,5,NO,REALIZAR CAMBIO BRUSCO O INDEBIDO DE CARRIL.,CHOQUE LATERAL,AUTOMOVIL,1,0,0,0,1,0,0,0,0,0,0,0,0,2,29,HOMBRE,LESIONADO,CONDUCTOR PRESENTE,NO,NO,3
23129,84696,84697,2020,2,0,-0.299015,-78.531528,PICHINCHA,QUITO,QUITO,URBANA,2020-05-08,08:40:00,8,VIERNES,5,MAYO,5,NO,CONDUCIR EN SENTIDO CONTRARIO A LA VIA NORMAL DE CIRCULACION.,CHOQUE FRONTAL,BICICLETA,0,1,0,0,0,0,0,0,1,0,0,0,0,2,20,HOMBRE,LESIONADO,CONDUCTOR PRESENTE,NO,NO,1
23130,84702,84703,2020,1,0,-0.124529,-78.498678,PICHINCHA,QUITO,QUITO,URBANA,2020-05-08,12:00:00,12,VIERNES,5,MAYO,5,NO,"NO RESPETAR LAS SENIALES REGLAMENTARIAS DE TRANSITO. (PARE, CEDA EL PASO, LUZ ROJA DEL SEMAFORO, ETC).",CHOQUE LATERAL,FURGONETA,0,0,0,0,0,0,0,1,1,0,0,0,0,2,32,HOMBRE,LESIONADO,CONDUCTOR PRESENTE,NO,NO,1
23131,84714,84715,2020,0,1,0.045833,-78.210351,PICHINCHA,PEDRO MONCAYO,TABACUNDO,URBANA,2020-05-08,22:40:00,22,VIERNES,5,MAYO,5,NO,"CONDUCIR DESATENTO A LAS CONDICIONES DE TRANSITO (CELULAR, PANTALLAS DE VIDEO, COMIDA, MAQUILLAJE O CUALQUIER OTRO ELEMENTO DISTRACTOR).",ATROPELLOS,AUTOMOVIL,1,0,0,0,0,0,0,0,0,0,0,0,0,1,29,HOMBRE,FALLECIDO,PEATON,NO,SI,1
23132,84719,84720,2020,0,1,-0.088304,-78.292279,PICHINCHA,CAYAMBE,ASCAZUBI,URBANA,2020-05-09,06:30:00,6,SABADO,6,MAYO,5,NO,"CONDUCIR DESATENTO A LAS CONDICIONES DE TRANSITO (CELULAR, PANTALLAS DE VIDEO, COMIDA, MAQUILLAJE O CUALQUIER OTRO ELEMENTO DISTRACTOR).",ATROPELLOS,NO IDENTIFICADO,0,0,0,0,0,0,0,0,0,1,0,0,0,1,38,HOMBRE,FALLECIDO,PEATON,NO,SI,1
23133,84720,84721,2020,1,0,-0.104074,-78.492344,PICHINCHA,QUITO,QUITO,URBANA,2020-05-09,08:05:00,8,SABADO,6,MAYO,5,NO,CONDUCIR VEHICULO SUPERANDO LOS LIMITES MAXIMOS DE VELOCIDAD.,CHOQUE LATERAL,MOTOCICLETA,1,0,0,0,0,0,0,0,1,0,0,0,0,2,27,HOMBRE,LESIONADO,CONDUCTOR PRESENTE,NO,NO,1
23134,84722,84723,2020,1,0,-0.292724,-78.476486,PICHINCHA,QUITO,CONOCOTO,RURAL,2020-05-09,10:50:00,10,SABADO,6,MAYO,5,NO,PEATON QUE CRUZA LA CALZADA SIN RESPETAR LA SENIALIZACION EXISTENTE (SEMAFOROS O SENIALES MANUALES).,ATROPELLOS,MOTOCICLETA,0,0,0,0,0,0,0,0,1,0,0,0,0,1,75,HOMBRE,LESIONADO,PEATON,NO,NO,3
23135,84723,84724,2020,0,0,-0.096164,-78.468848,PICHINCHA,QUITO,QUITO,URBANA,2020-05-09,11:28:00,11,SABADO,6,MAYO,5,NO,REALIZAR CAMBIO BRUSCO O INDEBIDO DE CARRIL.,CHOQUE LATERAL,AUTOMOVIL,1,0,0,1,0,0,0,0,0,0,0,0,0,2,38,MUJER,ILESO,PASAJERO,NO,NO,1
23136,84738,84739,2020,1,0,-0.176101,-78.496575,PICHINCHA,QUITO,QUITO,URBANA,2020-05-09,20:40:00,20,SABADO,6,MAYO,5,NO,"NO RESPETAR LAS SENIALES REGLAMENTARIAS DE TRANSITO. (PARE, CEDA EL PASO, LUZ ROJA DEL SEMAFORO, ETC).",CHOQUE LATERAL,MOTOCICLETA,1,0,0,0,0,0,0,0,1,0,0,0,0,2,40,HOMBRE,LESIONADO,CONDUCTOR PRESENTE,NO,NO,1
23137,84750,84751,2020,2,0,-0.033731,-78.446066,PICHINCHA,QUITO,POMASQUI,RURAL,2020-05-10,09:20:00,9,DOMINGO,7,MAYO,5,NO,"NO RESPETAR LAS SENIALES REGLAMENTARIAS DE TRANSITO. (PARE, CEDA EL PASO, LUZ ROJA DEL SEMAFORO, ETC).",CHOQUE LATERAL,MOTOCICLETA,1,0,0,0,0,0,0,0,1,0,0,0,0,2,22,MUJER,LESIONADO,PASAJERO,NO,NO,3
23138,84751,84752,2020,0,1,-0.174858,-78.407053,PICHINCHA,QUITO,TUMBACO,RURAL,2020-05-10,09:45:00,9,DOMINGO,7,MAYO,5,NO,CONDUCIR VEHICULO SUPERANDO LOS LIMITES MAXIMOS DE VELOCIDAD.,VOLCAMIENTOS,CAMIONETA,0,0,0,0,1,0,0,0,0,0,0,0,0,1,39,HOMBRE,FALLECIDO,CONDUCTOR PRESENTE,NO,NO,3
23139,84772,84773,2020,0,0,-0.074051,-78.458833,PICHINCHA,QUITO,QUITO,URBANA,2020-05-10,04:50:00,4,DOMINGO,7,MAYO,5,NO,"FALLA MECANICA EN LOS SISTEMAS Y/O NEUMATICOS (SISTEMA DE FRENOS, DIRECCION, ELECTRONICO O MECANICO).",ESTRELLAMIENTOS,CAMIONETA,0,0,0,0,1,0,0,0,0,0,0,0,0,1,30,MUJER,ILESO,CONDUCTOR PRESENTE,NO,NO,1
23140,84773,84774,2020,0,0,-0.125183,-78.480127,PICHINCHA,QUITO,QUITO,URBANA,2020-05-10,06:30:00,6,DOMINGO,7,MAYO,5,NO,CONDUCIR VEHICULO SUPERANDO LOS LIMITES MAXIMOS DE VELOCIDAD.,ESTRELLAMIENTOS,AUTOMOVIL,1,0,0,0,0,0,0,0,0,0,0,0,0,1,-1,NO IDENTIFICADO,NO IDENTIFICADO,CONDUCTOR AUSENTE,NO,NO,2