,Unnamed: 0,ID,ANIO,LESIONADOS,FALLECIDOS,LATITUD_Y,LONGITUD_X,PROVINCIA,CANTON,PARROQUIA,ZONA,FECHA,HORA,PERIODO_2,DIA_1,DIA_2,MES_1,MES_2,FERIADO,CAUSA_PROBABLE,TIPO_DE_SINIESTRO,TIPO_DE_VEHICULO_1,AUTOMOVIL,BICICLETA,BUS,CAMION,CAMIONETA,EMERGENCIAS,ESPECIAL,FURGONETA,MOTOCICLETA,NO_IDENTIFICADO,SCOOTER_ELECTRICO,TRICIMOTO,VEHICULO_DEPORTIVO_UTILITARIO,SUMA_DE_VEHICULOS,EDAD_1,SEXO_1,CONDICION_1,PARTICIPANTE_1,CASCO_1,CINTURON_1,KMeans_Cluster
23141,84774,84775,2020,0,0,-0.238075,-78.506192,PICHINCHA,QUITO,QUITO,URBANA,2020-05-11,00:15:00,0,LUNES,1,MAYO,5,NO,CONDUCIR VEHICULO SUPERANDO LOS LIMITES MAXIMOS DE VELOCIDAD.,ESTRELLAMIENTOS,AUTOMOVIL,1,0,0,0,0,0,0,0,0,0,0,0,0,1,-1,NO IDENTIFICADO,NO IDENTIFICADO,CONDUCTOR AUSENTE,NO,NO,2
23142,84782,84783,2020,0,0,-0.088041,-78.413751,PICHINCHA,QUITO,CALDERON (CARAPUNGO),RURAL,2020-05-11,06:45:00,6,LUNES,1,MAYO,5,NO,"NO RESPETAR LAS SENIALES REGLAMENTARIAS DE TRANSITO. (PARE, CEDA EL PASO, LUZ ROJA DEL SEMAFORO, ETC).",CHOQUE LATERAL,AUTOMOVIL,1,0,0,0,0,0,0,1,0,0,0,0,0,2,28,HOMBRE,ILESO,CONDUCTOR PRESENTE,NO,NO,3
23143,84787,84788,2020,0,0,-0.265504,-78.541456,PICHINCHA,QUITO,QUITO,URBANA,2020-05-11,10:20:00,10,LUNES,1,MAYO,5,NO,CONDUCIR VEHICULO SUPERANDO LOS LIMITES MAXIMOS DE VELOCIDAD.,CHOQUE LATERAL,AUTOMOVIL,2,0,0,0,0,0,0,0,0,0,0,0,0,2,38,HOMBRE,ILESO,CONDUCTOR PRESENTE,NO,NO,1
23144,84796,84797,2020,0,0,-0.104643,-78.453801,PICHINCHA,QUITO,CALDERON (CARAPUNGO),RURAL,2020-05-11,14:30:00,14,LUNES,1,MAYO,5,NO,PESO Y VOLUMEN - NO CUMPLIR CON LAS NORMAS DE SEGURIDAD NECESARIAS AL TRANSPORTAR CARGAS.,ESTRELLAMIENTOS,ESPECIAL,0,0,0,0,0,0,1,0,0,0,0,0,0,1,43,HOMBRE,ILESO,CONDUCTOR PRESENTE,NO,NO,3
23145,84799,84800,2020,0,0,-0.280392,-78.476679,PICHINCHA,QUITO,CONOCOTO,RURAL,2020-05-11,18:00:00,18,LUNES,1,MAYO,5,NO,"CONDICIONES AMBIENTALES Y/O ATMOSFERICAS (NIEBLA, NEBLINA, GRANIZO, LLUVIA).",ESTRELLAMIENTOS,NO IDENTIFICADO,0,0,0,0,0,0,0,0,0,1,0,0,0,1,-1,NO IDENTIFICADO,NO IDENTIFICADO,CONDUCTOR AUSENTE,NO,NO,2
23146,84800,84801,2020,0,1,-0.272977,-78.529361,PICHINCHA,QUITO,QUITO,URBANA,2020-05-11,18:35:00,18,LUNES,1,MAYO,5,NO,"CONDICIONES AMBIENTALES Y/O ATMOSFERICAS (NIEBLA, NEBLINA, GRANIZO, LLUVIA).",VOLCAMIENTOS,MOTOCICLETA,0,0,0,0,0,0,0,0,1,1,0,0,0,2,31,HOMBRE,FALLECIDO,CONDUCTOR PRESENTE,NO,NO,1
23147,84812,84813,2020,0,0,-0.304198,-78.564062,PICHINCHA,QUITO,QUITO,URBANA,2020-05-12,08:20:00,8,MARTES,2,MAYO,5,NO,"NO RESPETAR LAS SENIALES REGLAMENTARIAS DE TRANSITO. (PARE, CEDA EL PASO, LUZ ROJA DEL SEMAFORO, ETC).",CHOQUE LATERAL,CAMIONETA,0,0,0,0,2,0,0,0,0,0,0,0,0,2,25,HOMBRE,ILESO,CONDUCTOR PRESENTE,NO,NO,1
23148,84814,84815,2020,0,0,-0.202667,-78.492461,PICHINCHA,QUITO,QUITO,URBANA,2020-05-12,08:45:00,8,MARTES,2,MAYO,5,NO,"CONDUCIR DESATENTO A LAS CONDICIONES DE TRANSITO (CELULAR, PANTALLAS DE VIDEO, COMIDA, MAQUILLAJE O CUALQUIER OTRO ELEMENTO DISTRACTOR).",CHOQUE LATERAL,AUTOMOVIL,2,0,0,0,0,0,0,0,0,0,0,0,0,2,36,MUJER,ILESO,CONDUCTOR PRESENTE,NO,NO,1
23149,84818,84819,2020,1,0,-0.283643,-78.558887,PICHINCHA,QUITO,QUITO,URBANA,2020-05-12,09:50:00,9,MARTES,2,MAYO,5,NO,"NO RESPETAR LAS SENIALES REGLAMENTARIAS DE TRANSITO. (PARE, CEDA EL PASO, LUZ ROJA DEL SEMAFORO, ETC).",OTROS,BICICLETA,0,1,0,0,1,0,0,0,0,0,0,0,0,2,35,HOMBRE,LESIONADO,CONDUCTOR PRESENTE,NO,NO,1
23150,84823,84824,2020,2,0,-0.282703,-78.558265,PICHINCHA,QUITO,QUITO,URBANA,2020-05-12,12:00:00,12,MARTES,2,MAYO,5,NO,NO CEDER EL DERECHO DE VIA O PREFERENCIA DE PASO AL PEATON.,OTROS,NO IDENTIFICADO,0,0,0,0,0,0,0,0,0,1,0,0,0,1,28,HOMBRE,LESIONADO,PEATON,NO,NO,1
23151,84837,84838,2020,0,0,-0.187271,-78.477429,PICHINCHA,QUITO,QUITO,URBANA,2020-05-12,15:40:00,15,MARTES,2,MAYO,5,NO,NO GUARDAR LA DISTANCIA LATERAL MINIMA DE SEGURIDAD ENTRE VEHICULOS.,ROZAMIENTOS,CAMIONETA,0,0,0,0,2,0,0,0,0,0,0,0,0,2,35,HOMBRE,ILESO,CONDUCTOR PRESENTE,NO,NO,1
23152,84841,84842,2020,0,0,-0.251319,-78.521366,PICHINCHA,QUITO,QUITO,URBANA,2020-05-13,00:25:00,0,MIERCOLES,3,MAYO,5,NO,"CONDUCIR DESATENTO A LAS CONDICIONES DE TRANSITO (CELULAR, PANTALLAS DE VIDEO, COMIDA, MAQUILLAJE O CUALQUIER OTRO ELEMENTO DISTRACTOR).",OTROS,AUTOMOVIL,1,0,0,0,0,0,0,0,0,0,0,0,0,1,45,HOMBRE,ILESO,CONDUCTOR PRESENTE,NO,NO,1
23153,84842,84843,2020,0,0,-0.193467,-78.443541,PICHINCHA,QUITO,NAYON,RURAL,2020-05-13,05:15:00,5,MIERCOLES,3,MAYO,5,NO,"CONDICIONES AMBIENTALES Y/O ATMOSFERICAS (NIEBLA, NEBLINA, GRANIZO, LLUVIA).",ESTRELLAMIENTOS,AUTOMOVIL,1,0,0,0,0,0,0,0,0,0,0,0,0,1,47,HOMBRE,ILESO,CONDUCTOR PRESENTE,NO,NO,3
23154,84846,84847,2020,1,0,-0.218378,-78.508233,PICHINCHA,QUITO,QUITO,URBANA,2020-05-13,06:50:00,6,MIERCOLES,3,MAYO,5,NO,REALIZAR CAMBIO BRUSCO O INDEBIDO DE CARRIL.,CHOQUE LATERAL,BICICLETA,0,1,0,0,1,0,0,0,0,0,0,0,0,2,38,HOMBRE,LESIONADO,CONDUCTOR PRESENTE,NO,NO,1
23155,84847,84848,2020,0,0,-0.281259,-78.515715,PICHINCHA,QUITO,QUITO,URBANA,2020-05-13,07:20:00,7,MIERCOLES,3,MAYO,5,NO,"NO RESPETAR LAS SENIALES REGLAMENTARIAS DE TRANSITO. (PARE, CEDA EL PASO, LUZ ROJA DEL SEMAFORO, ETC).",CHOQUE LATERAL,AUTOMOVIL,2,0,0,0,0,0,0,0,0,0,0,0,0,2,67,HOMBRE,ILESO,CONDUCTOR PRESENTE,NO,NO,1
23156,84848,84849,2020,0,0,-0.055528,-78.455046,PICHINCHA,QUITO,POMASQUI,URBANA,2020-05-13,08:25:00,8,MIERCOLES,3,MAYO,5,NO,"CONDICIONES AMBIENTALES Y/O ATMOSFERICAS (NIEBLA, NEBLINA, GRANIZO, LLUVIA).",ESTRELLAMIENTOS,NO IDENTIFICADO,0,0,0,0,0,0,0,0,0,1,0,0,0,1,34,HOMBRE,ILESO,PASAJERO,NO,SI,1
23157,84871,84872,2020,0,0,-0.256925,-78.545844,PICHINCHA,QUITO,QUITO,URBANA,2020-05-14,02:20:00,2,JUEVES,4,MAYO,5,NO,CONDUCIR VEHICULO SUPERANDO LOS LIMITES MAXIMOS DE VELOCIDAD.,ESTRELLAMIENTOS,AUTOMOVIL,1,0,0,0,0,0,0,0,0,0,0,0,0,1,-1,NO IDENTIFICADO,NO IDENTIFICADO,CONDUCTOR AUSENTE,NO,NO,2
23158,84875,84876,2020,1,0,-0.260059,-78.522887,PICHINCHA,QUITO,QUITO,URBANA,2020-05-14,07:10:00,7,JUEVES,4,MAYO,5,NO,NO TRANSITAR POR LAS ACERAS O ZONAS DE SEGURIDAD DESTINADAS PARA EL EFECTO.,ATROPELLOS,BICICLETA,0,1,0,0,0,0,0,0,0,0,0,0,0,1,30,MUJER,LESIONADO,PEATON,NO,NO,1
23159,84882,84883,2020,0,0,-0.302932,-78.551237,PICHINCHA,QUITO,QUITO,URBANA,2020-05-14,12:55:00,12,JUEVES,4,MAYO,5,NO,NO GUARDAR LA DISTANCIA LATERAL MINIMA DE SEGURIDAD ENTRE VEHICULOS.,ROZAMIENTOS,AUTOMOVIL,1,0,0,0,0,0,1,0,0,0,0,0,0,2,32,HOMBRE,ILESO,CONDUCTOR PRESENTE,NO,NO,1
23160,84888,84889,2020,0,0,-0.263991,-78.487764,PICHINCHA,QUITO,CONOCOTO,RURAL,2020-05-14,18:05:00,18,JUEVES,4,MAYO,5,NO,CONDUCIR VEHICULO SUPERANDO LOS LIMITES MAXIMOS DE VELOCIDAD.,PERDIDA DE CARRIL,AUTOMOVIL,1,0,0,0,0,0,0,0,0,0,0,0,0,1,-1,NO IDENTIFICADO,NO IDENTIFICADO,CONDUCTOR AUSENTE,NO,NO,2
23161,84892,84893,2020,0,0,-0.063387,-78.452341,PICHINCHA,QUITO,CALDERON (CARAPUNGO),RURAL,2020-05-14,20:45:00,20,JUEVES,4,MAYO,5,NO,CONDUCIR VEHICULO SUPERANDO LOS LIMITES MAXIMOS DE VELOCIDAD.,ESTRELLAMIENTOS,AUTOMOVIL,1,0,0,0,0,0,0,0,0,0,0,0,0,1,19,MUJER,ILESO,PASAJERO,NO,NO,3
23162,84896,84897,2020,0,0,-0.123106,-78.493908,PICHINCHA,QUITO,QUITO,URBANA,2020-05-15,04:20:00,4,VIERNES,5,MAYO,5,NO,"CONDUCE BAJO LA INFLUENCIA DE ALCOHOL, SUSTANCIAS ESTUPEFACIENTES O PSICOTROPICAS Y/O MEDICAMENTOS.",ESTRELLAMIENTOS,AUTOMOVIL,1,0,0,0,0,0,0,0,0,0,0,0,0,1,24,HOMBRE,ILESO,CONDUCTOR PRESENTE,NO,NO,1
23163,84912,84913,2020,0,0,-0.254554,-78.537659,PICHINCHA,QUITO,QUITO,URBANA,2020-05-15,11:30:00,11,VIERNES,5,MAYO,5,NO,"NO RESPETAR LAS SENIALES REGLAMENTARIAS DE TRANSITO. (PARE, CEDA EL PASO, LUZ ROJA DEL SEMAFORO, ETC).",OTROS,CAMION,0,0,0,1,0,0,0,0,0,0,0,0,0,1,46,HOMBRE,ILESO,CONDUCTOR PRESENTE,NO,NO,1
23164,84915,84916,2020,0,0,-0.227324,-78.450086,PICHINCHA,QUITO,CUMBAYA,RURAL,2020-05-15,15:00:00,15,VIERNES,5,MAYO,5,NO,REALIZAR CAMBIO BRUSCO O INDEBIDO DE CARRIL.,CHOQUE LATERAL,AUTOMOVIL,2,0,0,0,0,0,0,0,0,0,0,0,0,2,56,HOMBRE,ILESO,CONDUCTOR PRESENTE,NO,NO,3
23165,84917,84918,2020,0,0,-0.121872,-78.466271,PICHINCHA,QUITO,QUITO,URBANA,2020-05-15,17:00:00,17,VIERNES,5,MAYO,5,NO,CONDUCIR VEHICULO SUPERANDO LOS LIMITES MAXIMOS DE VELOCIDAD.,ESTRELLAMIENTOS,CAMION,0,0,0,1,0,0,0,0,0,0,0,0,0,1,10,MUJER,ILESO,PASAJERO,NO,NO,1
23166,84920,84921,2020,0,1,-0.094631,-78.482043,PICHINCHA,QUITO,QUITO,URBANA,2020-05-15,17:50:00,17,VIERNES,5,MAYO,5,NO,"NO RESPETAR LAS SENIALES REGLAMENTARIAS DE TRANSITO. (PARE, CEDA EL PASO, LUZ ROJA DEL SEMAFORO, ETC).",CHOQUE LATERAL,MOTOCICLETA,1,0,0,0,0,0,0,0,1,0,0,0,0,2,34,HOMBRE,FALLECIDO,CONDUCTOR PRESENTE,NO,NO,1
23167,84922,84923,2020,0,0,-0.160085,-78.485434,PICHINCHA,QUITO,QUITO,URBANA,2020-05-15,18:30:00,18,VIERNES,5,MAYO,5,NO,REALIZAR CAMBIO BRUSCO O INDEBIDO DE CARRIL.,CHOQUE LATERAL,AUTOMOVIL,2,0,0,0,0,0,0,0,0,0,0,0,0,2,26,MUJER,ILESO,CONDUCTOR PRESENTE,NO,NO,1
23168,84930,84931,2020,0,0,-0.092801,-78.498308,PICHINCHA,QUITO,QUITO,URBANA,2020-05-16,04:10:00,4,SABADO,6,MAYO,5,NO,CONDUCIR VEHICULO SUPERANDO LOS LIMITES MAXIMOS DE VELOCIDAD.,ESTRELLAMIENTOS,AUTOMOVIL,1,0,0,0,0,0,0,0,0,0,0,0,0,1,-1,NO IDENTIFICADO,NO IDENTIFICADO,CONDUCTOR AUSENTE,NO,NO,2
23169,84934,84935,2020,0,0,-0.336183,-78.546184,PICHINCHA,QUITO,QUITO,URBANA,2020-05-16,10:50:00,10,SABADO,6,MAYO,5,NO,NO CEDER EL DERECHO DE VIA O PREFERENCIA DE PASO A VEHICULOS.,CHOQUE LATERAL,AUTOMOVIL,2,0,0,0,0,0,0,0,0,0,0,0,0,2,38,HOMBRE,ILESO,CONDUCTOR PRESENTE,NO,NO,1
23170,84939,84940,2020,1,0,-0.251319,-78.521366,PICHINCHA,QUITO,QUITO,URBANA,2020-05-16,12:00:00,12,SABADO,6,MAYO,5,NO,CONDUCIR VEHICULO SUPERANDO LOS LIMITES MAXIMOS DE VELOCIDAD.,CHOQUE LATERAL,BICICLETA,0,1,0,0,1,0,0,0,0,0,0,0,0,2,44,HOMBRE,LESIONADO,CONDUCTOR PRESENTE,NO,NO,1
23171,84956,84957,2020,0,0,-0.319976,-78.564972,PICHINCHA,QUITO,QUITO,URBANA,2020-05-16,21:00:00,21,SABADO,6,MAYO,5,NO,CONDUCIR VEHICULO SUPERANDO LOS LIMITES MAXIMOS DE VELOCIDAD.,ESTRELLAMIENTOS,CAMIONETA,0,0,0,0,1,0,0,0,0,0,0,0,0,1,-1,NO IDENTIFICADO,NO IDENTIFICADO,CONDUCTOR AUSENTE,NO,NO,2
23172,84963,84964,2020,0,0,-0.142178,-78.500536,PICHINCHA,QUITO,QUITO,URBANA,2020-05-16,23:20:00,23,SABADO,6,MAYO,5,NO,"CONDUCE BAJO LA INFLUENCIA DE ALCOHOL, SUSTANCIAS ESTUPEFACIENTES O PSICOTROPICAS Y/O MEDICAMENTOS.",ESTRELLAMIENTOS,MOTOCICLETA,0,0,0,0,0,0,0,0,1,0,0,0,0,1,26,HOMBRE,ILESO,CONDUCTOR PRESENTE,NO,NO,1
23173,84975,84976,2020,0,0,-0.279286,-78.522699,PICHINCHA,QUITO,QUITO,URBANA,2020-05-17,11:15:00,11,DOMINGO,7,MAYO,5,NO,"CONDUCE BAJO LA INFLUENCIA DE ALCOHOL, SUSTANCIAS ESTUPEFACIENTES O PSICOTROPICAS Y/O MEDICAMENTOS.",CHOQUE LATERAL,AUTOMOVIL,2,0,0,0,0,0,0,0,0,0,0,0,0,2,35,HOMBRE,ILESO,CONDUCTOR PRESENTE,NO,NO,1
23174,84976,84977,2020,0,0,-0.074413,-78.461781,PICHINCHA,QUITO,QUITO,URBANA,2020-05-17,13:00:00,13,DOMINGO,7,MAYO,5,NO,CONDUCIR VEHICULO SUPERANDO LOS LIMITES MAXIMOS DE VELOCIDAD.,ESTRELLAMIENTOS,MOTOCICLETA,0,0,0,0,0,0,0,0,1,0,0,0,0,1,-1,NO IDENTIFICADO,NO IDENTIFICADO,CONDUCTOR AUSENTE,NO,NO,2
23175,84980,84981,2020,0,0,-0.083371,-78.504866,PICHINCHA,QUITO,QUITO,URBANA,2020-05-17,17:55:00,17,DOMINGO,7,MAYO,5,NO,CONDUCIR VEHICULO SUPERANDO LOS LIMITES MAXIMOS DE VELOCIDAD.,ESTRELLAMIENTOS,AUTOMOVIL,1,0,0,0,0,0,0,0,0,0,0,0,0,1,-1,NO IDENTIFICADO,NO IDENTIFICADO,CONDUCTOR AUSENTE,NO,NO,2
23176,84988,84989,2020,0,1,-0.108608,-78.423667,PICHINCHA,QUITO,CALDERON (CARAPUNGO),RURAL,2020-05-18,06:40:00,6,LUNES,1,MAYO,5,NO,CONDUCIR VEHICULO SUPERANDO LOS LIMITES MAXIMOS DE VELOCIDAD.,PERDIDA DE CARRIL,MOTOCICLETA,0,0,0,0,0,0,0,0,1,0,0,0,0,1,29,HOMBRE,FALLECIDO,CONDUCTOR PRESENTE,NO,NO,3
23177,84990,84991,2020,1,0,-0.175517,-78.493914,PICHINCHA,QUITO,QUITO,URBANA,2020-05-18,08:06:00,8,LUNES,1,MAYO,5,NO,"NO RESPETAR LAS SENIALES REGLAMENTARIAS DE TRANSITO. (PARE, CEDA EL PASO, LUZ ROJA DEL SEMAFORO, ETC).",CHOQUE LATERAL,AUTOMOVIL,1,0,0,0,0,0,0,0,1,0,0,0,0,2,43,HOMBRE,LESIONADO,CONDUCTOR PRESENTE,NO,NO,1
23178,85002,85003,2020,0,0,-0.227324,-78.450086,PICHINCHA,QUITO,CUMBAYA,RURAL,2020-05-18,23:00:00,23,LUNES,1,MAYO,5,NO,"FALLA MECANICA EN LOS SISTEMAS Y/O NEUMATICOS (SISTEMA DE FRENOS, DIRECCION, ELECTRONICO O MECANICO).",ESTRELLAMIENTOS,AUTOMOVIL,1,0,0,0,0,0,0,0,0,0,0,0,0,1,36,MUJER,ILESO,CONDUCTOR PRESENTE,NO,NO,3
23179,85005,85006,2020,1,1,-0.099714,-78.413718,PICHINCHA,QUITO,CALDERON (CARAPUNGO),URBANA,2020-05-19,02:45:00,2,MARTES,2,MAYO,5,NO,"CONDUCIR DESATENTO A LAS CONDICIONES DE TRANSITO (CELULAR, PANTALLAS DE VIDEO, COMIDA, MAQUILLAJE O CUALQUIER OTRO ELEMENTO DISTRACTOR).",VOLCAMIENTOS,ESPECIAL,0,0,0,0,0,0,1,0,0,0,0,0,0,1,27,HOMBRE,FALLECIDO,PASAJERO,NO,SI,1
23180,85006,85007,2020,0,0,-0.235681,-78.524885,PICHINCHA,QUITO,QUITO,URBANA,2020-05-19,04:00:00,4,MARTES,2,MAYO,5,NO,CONDUCIR VEHICULO SUPERANDO LOS LIMITES MAXIMOS DE VELOCIDAD.,ESTRELLAMIENTOS,AUTOMOVIL,1,0,0,0,0,0,0,0,0,0,0,0,0,1,-1,NO IDENTIFICADO,NO IDENTIFICADO,CONDUCTOR AUSENTE,NO,NO,2
23181,85009,85010,2020,1,0,-0.244781,-78.533662,PICHINCHA,QUITO,QUITO,URBANA,2020-05-19,11:30:00,11,MARTES,2,MAYO,5,NO,"ADELANTAR O REBASAR A OTRO VEHICULO EN MOVIMIENTO EN ZONAS O SITIOS PELIGROSOS TALES COMO: CURVAS, PUENTES, TUNELES, PENDIENTES, ETC.",CHOQUE LATERAL,BICICLETA,0,1,0,0,0,0,1,0,0,0,0,0,0,2,20,HOMBRE,LESIONADO,CONDUCTOR PRESENTE,NO,NO,1
23182,85011,85012,2020,0,0,-0.190916,-78.486124,PICHINCHA,QUITO,QUITO,URBANA,2020-05-19,14:00:00,14,MARTES,2,MAYO,5,NO,"CONDUCE BAJO LA INFLUENCIA DE ALCOHOL, SUSTANCIAS ESTUPEFACIENTES O PSICOTROPICAS Y/O MEDICAMENTOS.",COLISION,AUTOMOVIL,3,0,0,0,0,0,0,0,0,1,0,0,0,4,48,HOMBRE,ILESO,CONDUCTOR PRESENTE,NO,NO,1
23183,85017,85018,2020,1,0,-0.100553,-78.472156,PICHINCHA,QUITO,QUITO,URBANA,2020-05-19,20:25:00,20,MARTES,2,MAYO,5,NO,"NO RESPETAR LAS SENIALES REGLAMENTARIAS DE TRANSITO. (PARE, CEDA EL PASO, LUZ ROJA DEL SEMAFORO, ETC).",CHOQUE LATERAL,AUTOMOVIL,1,0,0,0,0,0,0,0,1,0,0,0,0,2,22,HOMBRE,LESIONADO,CONDUCTOR PRESENTE,NO,NO,1
23184,85018,85019,2020,4,0,-0.322345,-78.554165,PICHINCHA,QUITO,QUITO,URBANA,2020-05-19,21:50:00,21,MARTES,2,MAYO,5,NO,"CONDUCE BAJO LA INFLUENCIA DE ALCOHOL, SUSTANCIAS ESTUPEFACIENTES O PSICOTROPICAS Y/O MEDICAMENTOS.",CHOQUE POSTERIOR,CAMIONETA,1,0,0,0,1,0,0,0,0,0,0,0,0,2,9,MUJER,LESIONADO,PASAJERO,NO,NO,1
23185,85019,85020,2020,0,0,-0.108901,-78.455515,PICHINCHA,QUITO,CALDERON (CARAPUNGO),RURAL,2020-05-19,22:00:00,22,MARTES,2,MAYO,5,NO,"CONDUCE BAJO LA INFLUENCIA DE ALCOHOL, SUSTANCIAS ESTUPEFACIENTES O PSICOTROPICAS Y/O MEDICAMENTOS.",ESTRELLAMIENTOS,CAMIONETA,1,0,0,0,1,0,0,0,0,0,0,0,0,2,24,HOMBRE,ILESO,CONDUCTOR PRESENTE,NO,NO,3
23186,85028,85029,2020,1,0,-0.279784,-78.554343,PICHINCHA,QUITO,QUITO,URBANA,2020-05-20,08:40:00,8,MIERCOLES,3,MAYO,5,NO,NO CEDER EL DERECHO DE VIA O PREFERENCIA DE PASO AL PEATON.,ATROPELLOS,NO IDENTIFICADO,0,0,0,0,0,0,0,0,0,1,0,0,0,1,72,HOMBRE,LESIONADO,PEATON,NO,NO,1
23187,85032,85033,2020,1,0,-0.241961,-78.532528,PICHINCHA,QUITO,QUITO,URBANA,2020-05-20,09:34:00,9,MIERCOLES,3,MAYO,5,NO,PEATON QUE CRUZA LA CALZADA SIN RESPETAR LA SENIALIZACION EXISTENTE (SEMAFOROS O SENIALES MANUALES).,ATROPELLOS,AUTOMOVIL,1,0,0,0,0,0,0,0,0,0,0,0,0,1,46,HOMBRE,LESIONADO,PEATON,NO,NO,1
23188,85033,85034,2020,0,0,-0.177282,-78.359537,PICHINCHA,QUITO,PUEMBO,RURAL,2020-05-20,13:40:00,13,MIERCOLES,3,MAYO,5,NO,"FALLA MECANICA EN LOS SISTEMAS Y/O NEUMATICOS (SISTEMA DE FRENOS, DIRECCION, ELECTRONICO O MECANICO).",ESTRELLAMIENTOS,CAMIONETA,0,0,0,0,1,0,0,0,0,0,0,0,0,1,24,HOMBRE,ILESO,CONDUCTOR PRESENTE,NO,NO,3
23189,85034,85035,2020,0,0,-0.141457,-78.483041,PICHINCHA,QUITO,QUITO,URBANA,2020-05-20,14:25:00,14,MIERCOLES,3,MAYO,5,NO,"CONDUCE BAJO LA INFLUENCIA DE ALCOHOL, SUSTANCIAS ESTUPEFACIENTES O PSICOTROPICAS Y/O MEDICAMENTOS.",COLISION,AUTOMOVIL,2,0,0,0,0,0,0,0,0,1,0,0,0,3,43,MUJER,ILESO,PASAJERO,NO,NO,1
23190,85041,85042,2020,0,0,-0.206931,-78.425899,PICHINCHA,QUITO,CUMBAYA,RURAL,2020-05-20,19:40:00,19,MIERCOLES,3,MAYO,5,NO,NO MANTENER LA DISTANCIA PRUDENCIAL CON RESPECTO AL VEHICULO QUE LE ANTECEDE.,CHOQUE POSTERIOR,AUTOMOVIL,2,0,0,0,0,0,0,0,0,0,0,0,0,2,33,HOMBRE,ILESO,CONDUCTOR PRESENTE,NO,NO,3
23191,85042,85043,2020,0,0,-0.259754,-78.548031,PICHINCHA,QUITO,QUITO,URBANA,2020-05-20,21:00:00,21,MIERCOLES,3,MAYO,5,NO,"CONDUCE BAJO LA INFLUENCIA DE ALCOHOL, SUSTANCIAS ESTUPEFACIENTES O PSICOTROPICAS Y/O MEDICAMENTOS.",CHOQUE POSTERIOR,AUTOMOVIL,2,0,0,0,0,0,0,0,0,0,0,0,0,2,41,HOMBRE,ILESO,CONDUCTOR PRESENTE,NO,NO,1
23192,85043,85044,2020,0,0,-0.129197,-78.502316,PICHINCHA,QUITO,QUITO,URBANA,2020-05-20,22:30:00,22,MIERCOLES,3,MAYO,5,NO,CONDUCIR VEHICULO SUPERANDO LOS LIMITES MAXIMOS DE VELOCIDAD.,ESTRELLAMIENTOS,AUTOMOVIL,1,0,0,0,0,0,0,0,0,0,0,0,0,1,-1,NO IDENTIFICADO,NO IDENTIFICADO,CONDUCTOR AUSENTE,NO,NO,2
23193,85052,85053,2020,0,0,-0.318901,-78.561322,PICHINCHA,QUITO,QUITO,URBANA,2020-05-21,09:25:00,9,JUEVES,4,MAYO,5,NO,NO CEDER EL DERECHO DE VIA O PREFERENCIA DE PASO A VEHICULOS.,CHOQUE LATERAL,AUTOMOVIL,1,0,0,0,0,0,0,0,1,0,0,0,0,2,33,HOMBRE,ILESO,CONDUCTOR PRESENTE,NO,NO,1
23194,85055,85056,2020,2,0,-0.191729,-78.493359,PICHINCHA,QUITO,QUITO,URBANA,2020-05-21,12:10:00,12,JUEVES,4,MAYO,5,NO,"NO RESPETAR LAS SENIALES REGLAMENTARIAS DE TRANSITO. (PARE, CEDA EL PASO, LUZ ROJA DEL SEMAFORO, ETC).",CHOQUE LATERAL,AUTOMOVIL,1,0,0,0,0,0,0,0,1,0,0,0,0,2,29,HOMBRE,LESIONADO,PASAJERO,NO,NO,1
23195,85059,85060,2020,1,0,-0.265881,-78.535357,PICHINCHA,QUITO,QUITO,URBANA,2020-05-21,14:00:00,14,JUEVES,4,MAYO,5,NO,"NO RESPETAR LAS SENIALES REGLAMENTARIAS DE TRANSITO. (PARE, CEDA EL PASO, LUZ ROJA DEL SEMAFORO, ETC).",CHOQUE LATERAL,MOTOCICLETA,1,0,0,0,0,0,0,0,1,0,0,0,0,2,18,HOMBRE,LESIONADO,CONDUCTOR PRESENTE,NO,NO,1
23196,85064,85065,2020,0,0,-0.254102,-78.543357,PICHINCHA,QUITO,QUITO,URBANA,2020-05-21,16:29:00,16,JUEVES,4,MAYO,5,NO,"CONDUCE BAJO LA INFLUENCIA DE ALCOHOL, SUSTANCIAS ESTUPEFACIENTES O PSICOTROPICAS Y/O MEDICAMENTOS.",COLISION,AUTOMOVIL,3,0,0,0,0,0,0,0,0,0,0,0,0,3,48,HOMBRE,ILESO,CONDUCTOR PRESENTE,NO,NO,1
23197,85068,85069,2020,1,2,-0.356287,-78.527991,PICHINCHA,QUITO,QUITO,URBANA,2020-05-21,19:15:00,19,JUEVES,4,MAYO,5,NO,CONDUCIR VEHICULO SUPERANDO LOS LIMITES MAXIMOS DE VELOCIDAD.,CHOQUE POSTERIOR,AUTOMOVIL,1,0,0,0,0,0,0,0,0,1,0,0,0,2,32,MUJER,FALLECIDO,PASAJERO,NO,NO,1
23198,85073,85074,2020,0,0,-0.146514,-78.464571,PICHINCHA,QUITO,QUITO,URBANA,2020-05-21,20:30:00,20,JUEVES,4,MAYO,5,NO,"CONDUCE BAJO LA INFLUENCIA DE ALCOHOL, SUSTANCIAS ESTUPEFACIENTES O PSICOTROPICAS Y/O MEDICAMENTOS.",CHOQUE LATERAL,AUTOMOVIL,2,0,0,0,0,0,0,0,0,0,0,0,0,2,40,HOMBRE,ILESO,CONDUCTOR PRESENTE,NO,NO,1
23199,85077,85078,2020,1,0,-0.247141,-78.475845,PICHINCHA,QUITO,QUITO,RURAL,2020-05-22,03:45:00,3,VIERNES,5,MAYO,5,SI,REALIZAR CAMBIO BRUSCO O INDEBIDO DE CARRIL.,OTROS,CAMION,1,0,0,2,0,0,0,0,0,0,0,0,0,3,21,HOMBRE,LESIONADO,PASAJERO,NO,NO,3