,Unnamed: 0,ID,ANIO,LESIONADOS,FALLECIDOS,LATITUD_Y,LONGITUD_X,PROVINCIA,CANTON,PARROQUIA,ZONA,FECHA,HORA,PERIODO_2,DIA_1,DIA_2,MES_1,MES_2,FERIADO,CAUSA_PROBABLE,TIPO_DE_SINIESTRO,TIPO_DE_VEHICULO_1,AUTOMOVIL,BICICLETA,BUS,CAMION,CAMIONETA,EMERGENCIAS,ESPECIAL,FURGONETA,MOTOCICLETA,NO_IDENTIFICADO,SCOOTER_ELECTRICO,TRICIMOTO,VEHICULO_DEPORTIVO_UTILITARIO,SUMA_DE_VEHICULOS,EDAD_1,SEXO_1,CONDICION_1,PARTICIPANTE_1,CASCO_1,CINTURON_1,KMeans_Cluster
23200,85083,85084,2020,0,0,-0.248516,-78.514667,PICHINCHA,QUITO,QUITO,URBANA,2020-05-22,08:00:00,8,VIERNES,5,MAYO,5,SI,"NO RESPETAR LAS SENIALES REGLAMENTARIAS DE TRANSITO. (PARE, CEDA EL PASO, LUZ ROJA DEL SEMAFORO, ETC).",COLISION,AUTOMOVIL,3,0,0,0,0,0,0,0,0,0,0,0,0,3,45,HOMBRE,ILESO,CONDUCTOR PRESENTE,NO,NO,1
23201,85086,85087,2020,1,0,-0.101705,-78.486457,PICHINCHA,QUITO,QUITO,URBANA,2020-05-22,08:40:00,8,VIERNES,5,MAYO,5,SI,NO TRANSITAR POR LAS ACERAS O ZONAS DE SEGURIDAD DESTINADAS PARA EL EFECTO.,ATROPELLOS,CAMIONETA,0,0,0,0,1,0,0,0,0,0,0,0,0,1,74,MUJER,LESIONADO,PEATON,NO,NO,1
23202,85089,85090,2020,0,0,-0.110762,-78.482493,PICHINCHA,QUITO,QUITO,URBANA,2020-05-22,10:40:00,10,VIERNES,5,MAYO,5,SI,CONDUCIR VEHICULO SUPERANDO LOS LIMITES MAXIMOS DE VELOCIDAD.,ESTRELLAMIENTOS,AUTOMOVIL,1,0,0,0,0,0,0,0,0,0,0,0,0,1,-1,NO IDENTIFICADO,NO IDENTIFICADO,CONDUCTOR AUSENTE,NO,NO,2
23203,85091,85092,2020,0,0,-0.099083,-78.421844,PICHINCHA,QUITO,CALDERON (CARAPUNGO),RURAL,2020-05-22,11:00:00,11,VIERNES,5,MAYO,5,SI,"NO RESPETAR LAS SENIALES REGLAMENTARIAS DE TRANSITO. (PARE, CEDA EL PASO, LUZ ROJA DEL SEMAFORO, ETC).",OTROS,CAMIONETA,1,0,0,0,1,0,0,0,0,0,0,0,0,2,39,HOMBRE,ILESO,CONDUCTOR PRESENTE,NO,NO,3
23204,85093,85094,2020,0,0,-0.328351,-78.577171,PICHINCHA,QUITO,QUITO,URBANA,2020-05-22,11:15:00,11,VIERNES,5,MAYO,5,SI,CONDUCIR VEHICULO SUPERANDO LOS LIMITES MAXIMOS DE VELOCIDAD.,OTROS,CAMION,0,0,0,1,0,0,0,0,0,0,0,0,0,1,48,HOMBRE,ILESO,CONDUCTOR PRESENTE,NO,NO,1
23205,85098,85099,2020,1,1,-0.252437,-78.482979,PICHINCHA,QUITO,QUITO,URBANA,2020-05-22,13:30:00,13,VIERNES,5,MAYO,5,SI,"CONDUCIR DESATENTO A LAS CONDICIONES DE TRANSITO (CELULAR, PANTALLAS DE VIDEO, COMIDA, MAQUILLAJE O CUALQUIER OTRO ELEMENTO DISTRACTOR).",CHOQUE POSTERIOR,AUTOMOVIL,1,0,0,0,0,0,0,0,0,0,0,0,1,2,-1,HOMBRE,FALLECIDO,CONDUCTOR PRESENTE,NO,SI,1
23206,85099,85100,2020,0,0,-0.501143,-78.549256,PICHINCHA,MEJIA,MACHACHI,URBANA,2020-05-22,14:15:00,14,VIERNES,5,MAYO,5,SI,"CONDUCE BAJO LA INFLUENCIA DE ALCOHOL, SUSTANCIAS ESTUPEFACIENTES O PSICOTROPICAS Y/O MEDICAMENTOS.",ROZAMIENTOS,CAMIONETA,0,0,0,0,1,0,1,0,0,0,0,0,0,2,34,MUJER,ILESO,CONDUCTOR PRESENTE,NO,SI,1
23207,85100,85101,2020,0,0,-0.280642,-78.559821,PICHINCHA,QUITO,QUITO,URBANA,2020-05-22,14:30:00,14,VIERNES,5,MAYO,5,SI,CONDUCIR VEHICULO SUPERANDO LOS LIMITES MAXIMOS DE VELOCIDAD.,ESTRELLAMIENTOS,AUTOMOVIL,1,0,0,0,0,0,0,0,0,0,0,0,0,1,-1,NO IDENTIFICADO,NO IDENTIFICADO,CONDUCTOR AUSENTE,NO,NO,2
23208,85104,85105,2020,0,0,-0.292724,-78.497732,PICHINCHA,QUITO,CONOCOTO,URBANA,2020-05-22,15:30:00,15,VIERNES,5,MAYO,5,SI,"NO RESPETAR LAS SENIALES REGLAMENTARIAS DE TRANSITO. (PARE, CEDA EL PASO, LUZ ROJA DEL SEMAFORO, ETC).",CHOQUE LATERAL,AUTOMOVIL,1,0,0,0,0,0,0,0,1,0,0,0,0,2,44,HOMBRE,ILESO,CONDUCTOR PRESENTE,NO,NO,1
23209,85112,85113,2020,0,0,-0.172945,-78.401577,PICHINCHA,QUITO,TUMBACO,RURAL,2020-05-22,21:00:00,21,VIERNES,5,MAYO,5,SI,CONDUCIR VEHICULO SUPERANDO LOS LIMITES MAXIMOS DE VELOCIDAD.,ESTRELLAMIENTOS,AUTOMOVIL,1,0,0,0,0,0,0,0,0,0,0,0,0,1,-1,NO IDENTIFICADO,NO IDENTIFICADO,CONDUCTOR AUSENTE,NO,NO,2
23210,85113,85114,2020,0,0,-0.210333,-78.417301,PICHINCHA,QUITO,TUMBACO,RURAL,2020-05-22,21:05:00,21,VIERNES,5,MAYO,5,SI,CONDUCIR VEHICULO SUPERANDO LOS LIMITES MAXIMOS DE VELOCIDAD.,VOLCAMIENTOS,AUTOMOVIL,1,0,0,0,0,0,0,0,0,0,0,0,0,1,-1,NO IDENTIFICADO,NO IDENTIFICADO,CONDUCTOR AUSENTE,NO,NO,2
23211,85117,85118,2020,0,0,-0.105373,-78.462381,PICHINCHA,QUITO,QUITO,RURAL,2020-05-23,00:05:00,0,SABADO,6,MAYO,5,SI,CONDUCIR VEHICULO SUPERANDO LOS LIMITES MAXIMOS DE VELOCIDAD.,ESTRELLAMIENTOS,AUTOMOVIL,1,0,0,0,1,0,0,0,0,0,0,0,0,2,-1,NO IDENTIFICADO,NO IDENTIFICADO,CONDUCTOR AUSENTE,NO,NO,2
23212,85118,85119,2020,4,0,-0.450037,-78.644671,PICHINCHA,MEJIA,ALOAG,RURAL,2020-05-23,00:15:00,0,SABADO,6,MAYO,5,SI,"CONDUCIR DESATENTO A LAS CONDICIONES DE TRANSITO (CELULAR, PANTALLAS DE VIDEO, COMIDA, MAQUILLAJE O CUALQUIER OTRO ELEMENTO DISTRACTOR).",CHOQUE LATERAL,CAMIONETA,0,0,0,0,1,0,0,0,0,0,0,0,0,1,-1,HOMBRE,LESIONADO,PASAJERO,NO,NO,3
23213,85119,85120,2020,0,1,-0.273738,-78.490392,PICHINCHA,QUITO,CONOCOTO,URBANA,2020-05-23,00:30:00,0,SABADO,6,MAYO,5,SI,"CONDUCIR DESATENTO A LAS CONDICIONES DE TRANSITO (CELULAR, PANTALLAS DE VIDEO, COMIDA, MAQUILLAJE O CUALQUIER OTRO ELEMENTO DISTRACTOR).",ESTRELLAMIENTOS,MOTOCICLETA,0,0,0,0,0,0,0,0,1,0,0,0,0,1,30,HOMBRE,FALLECIDO,CONDUCTOR PRESENTE,NO,SI,1
23214,85121,85122,2020,0,0,-0.292724,-78.476486,PICHINCHA,QUITO,CONOCOTO,RURAL,2020-05-23,02:46:00,2,SABADO,6,MAYO,5,SI,CONDUCIR VEHICULO SUPERANDO LOS LIMITES MAXIMOS DE VELOCIDAD.,ESTRELLAMIENTOS,CAMIONETA,0,0,0,0,1,0,0,0,0,0,0,0,0,1,-1,NO IDENTIFICADO,NO IDENTIFICADO,CONDUCTOR AUSENTE,NO,NO,2
23215,85122,85123,2020,0,0,-0.142178,-78.500536,PICHINCHA,QUITO,QUITO,URBANA,2020-05-23,04:30:00,4,SABADO,6,MAYO,5,SI,"FALLA MECANICA EN LOS SISTEMAS Y/O NEUMATICOS (SISTEMA DE FRENOS, DIRECCION, ELECTRONICO O MECANICO).",ESTRELLAMIENTOS,AUTOMOVIL,1,0,0,0,0,0,0,0,0,0,0,0,0,1,57,HOMBRE,ILESO,CONDUCTOR PRESENTE,NO,NO,1
23216,85132,85133,2020,0,0,-0.009051,-78.445588,PICHINCHA,QUITO,SAN ANTONIO (QUITO),RURAL,2020-05-23,13:25:00,13,SABADO,6,MAYO,5,SI,NO GUARDAR LA DISTANCIA LATERAL MINIMA DE SEGURIDAD ENTRE VEHICULOS.,ROZAMIENTOS,AUTOMOVIL,1,0,0,1,0,0,0,0,0,0,0,0,0,2,30,MUJER,ILESO,CONDUCTOR PRESENTE,NO,NO,3
23217,85133,85134,2020,1,1,-0.275211,-78.448142,PICHINCHA,QUITO,ALANGASI,URBANA,2020-05-23,13:30:00,13,SABADO,6,MAYO,5,SI,"CONDUCIR DESATENTO A LAS CONDICIONES DE TRANSITO (CELULAR, PANTALLAS DE VIDEO, COMIDA, MAQUILLAJE O CUALQUIER OTRO ELEMENTO DISTRACTOR).",CHOQUE FRONTAL,AUTOMOVIL,1,0,0,0,0,0,0,0,0,0,0,0,1,2,40,HOMBRE,FALLECIDO,CONDUCTOR PRESENTE,NO,SI,1
23218,85143,85144,2020,1,0,-0.122773,-78.516801,PICHINCHA,QUITO,QUITO,URBANA,2020-05-23,19:00:00,19,SABADO,6,MAYO,5,SI,"CONDUCE BAJO LA INFLUENCIA DE ALCOHOL, SUSTANCIAS ESTUPEFACIENTES O PSICOTROPICAS Y/O MEDICAMENTOS.",ESTRELLAMIENTOS,AUTOMOVIL,1,0,0,0,0,0,0,0,0,0,0,0,0,1,38,HOMBRE,LESIONADO,CONDUCTOR PRESENTE,NO,NO,1
23219,85147,85148,2020,0,1,-0.212824,-78.402686,PICHINCHA,QUITO,TUMBACO,RURAL,2020-05-23,19:40:00,19,SABADO,6,MAYO,5,SI,NO MANTENER LA DISTANCIA PRUDENCIAL CON RESPECTO AL VEHICULO QUE LE ANTECEDE.,CHOQUE POSTERIOR,BICICLETA,0,1,0,0,0,0,0,0,0,1,0,0,0,2,39,HOMBRE,FALLECIDO,CONDUCTOR PRESENTE,NO,NO,3
23220,85153,85154,2020,3,0,-0.076711,-78.467999,PICHINCHA,QUITO,QUITO,URBANA,2020-05-23,20:30:00,20,SABADO,6,MAYO,5,SI,"CONDUCE BAJO LA INFLUENCIA DE ALCOHOL, SUSTANCIAS ESTUPEFACIENTES O PSICOTROPICAS Y/O MEDICAMENTOS.",CHOQUE FRONTAL,AUTOMOVIL,2,0,0,0,0,0,0,0,0,0,0,0,0,2,47,HOMBRE,LESIONADO,CONDUCTOR PRESENTE,NO,NO,1
23221,85161,85162,2020,0,0,-0.293646,-78.539922,PICHINCHA,QUITO,QUITO,URBANA,2020-05-24,03:15:00,3,DOMINGO,7,MAYO,5,SI,"NO RESPETAR LAS SENIALES REGLAMENTARIAS DE TRANSITO. (PARE, CEDA EL PASO, LUZ ROJA DEL SEMAFORO, ETC).",OTROS,AUTOMOVIL,1,0,0,0,0,0,0,0,0,0,0,0,0,1,-1,NO IDENTIFICADO,NO IDENTIFICADO,CONDUCTOR AUSENTE,NO,NO,2
23222,85162,85163,2020,0,0,-0.242336,-78.512782,PICHINCHA,QUITO,QUITO,URBANA,2020-05-24,03:45:00,3,DOMINGO,7,MAYO,5,SI,"CONDUCE BAJO LA INFLUENCIA DE ALCOHOL, SUSTANCIAS ESTUPEFACIENTES O PSICOTROPICAS Y/O MEDICAMENTOS.",ESTRELLAMIENTOS,AUTOMOVIL,1,0,0,0,0,0,0,0,0,0,0,0,0,1,27,MUJER,ILESO,CONDUCTOR PRESENTE,NO,NO,2
23223,85163,85164,2020,0,0,-0.105384,-78.497732,PICHINCHA,QUITO,QUITO,URBANA,2020-05-24,04:00:00,4,DOMINGO,7,MAYO,5,SI,CONDUCIR VEHICULO SUPERANDO LOS LIMITES MAXIMOS DE VELOCIDAD.,ESTRELLAMIENTOS,AUTOMOVIL,1,0,0,0,0,0,0,0,0,0,0,0,0,1,-1,NO IDENTIFICADO,NO IDENTIFICADO,CONDUCTOR AUSENTE,NO,NO,2
23224,85173,85174,2020,0,1,-0.329534,-78.419564,PICHINCHA,QUITO,ALANGASI,URBANA,2020-05-24,12:25:00,12,DOMINGO,7,MAYO,5,SI,"CONDUCIR DESATENTO A LAS CONDICIONES DE TRANSITO (CELULAR, PANTALLAS DE VIDEO, COMIDA, MAQUILLAJE O CUALQUIER OTRO ELEMENTO DISTRACTOR).",ARROLLAMIENTOS,NO IDENTIFICADO,0,0,0,0,0,0,0,0,0,1,0,0,0,1,31,HOMBRE,FALLECIDO,PEATON,NO,SI,1
23225,85174,85175,2020,2,0,-0.239082,-78.523432,PICHINCHA,QUITO,QUITO,URBANA,2020-05-24,12:30:00,12,DOMINGO,7,MAYO,5,SI,NO TRANSITAR POR LAS ACERAS O ZONAS DE SEGURIDAD DESTINADAS PARA EL EFECTO.,ATROPELLOS,MOTOCICLETA,0,0,0,0,0,0,0,0,1,0,0,0,0,1,56,MUJER,LESIONADO,PEATON,NO,NO,1
23226,85175,85176,2020,0,0,-0.134131,-78.472274,PICHINCHA,QUITO,QUITO,URBANA,2020-05-24,13:00:00,13,DOMINGO,7,MAYO,5,SI,CONDUCIR VEHICULO SUPERANDO LOS LIMITES MAXIMOS DE VELOCIDAD.,ESTRELLAMIENTOS,CAMIONETA,0,0,0,0,1,0,0,0,0,0,0,0,0,1,-1,NO IDENTIFICADO,NO IDENTIFICADO,CONDUCTOR AUSENTE,NO,NO,2
23227,85178,85179,2020,0,0,-0.448088,-78.662321,PICHINCHA,MEJIA,ALOAG,RURAL,2020-05-24,15:30:00,15,DOMINGO,7,MAYO,5,SI,"NO RESPETAR LAS SENIALES REGLAMENTARIAS DE TRANSITO. (PARE, CEDA EL PASO, LUZ ROJA DEL SEMAFORO, ETC).",CAIDA DE PASAJERO,CAMIONETA,0,0,0,1,1,0,0,0,0,0,0,0,0,2,45,HOMBRE,ILESO,CONDUCTOR PRESENTE,NO,NO,3
23228,85179,85180,2020,0,0,-0.280814,-78.556011,PICHINCHA,QUITO,QUITO,URBANA,2020-05-24,16:30:00,16,DOMINGO,7,MAYO,5,SI,CONDUCIR VEHICULO SUPERANDO LOS LIMITES MAXIMOS DE VELOCIDAD.,ESTRELLAMIENTOS,AUTOMOVIL,1,0,0,0,0,0,0,0,0,0,0,0,0,1,-1,NO IDENTIFICADO,NO IDENTIFICADO,CONDUCTOR AUSENTE,NO,NO,2
23229,85182,85183,2020,0,0,-0.104643,-78.453801,PICHINCHA,QUITO,CALDERON (CARAPUNGO),RURAL,2020-05-24,18:00:00,18,DOMINGO,7,MAYO,5,SI,"CONDUCE BAJO LA INFLUENCIA DE ALCOHOL, SUSTANCIAS ESTUPEFACIENTES O PSICOTROPICAS Y/O MEDICAMENTOS.",CHOQUE LATERAL,AUTOMOVIL,1,0,0,0,1,0,0,0,0,0,0,0,0,2,46,HOMBRE,ILESO,CONDUCTOR PRESENTE,NO,NO,3
23230,85199,85200,2020,2,0,-0.297752,-78.550301,PICHINCHA,QUITO,QUITO,URBANA,2020-05-25,11:30:00,11,LUNES,1,MAYO,5,SI,"NO RESPETAR LAS SENIALES REGLAMENTARIAS DE TRANSITO. (PARE, CEDA EL PASO, LUZ ROJA DEL SEMAFORO, ETC).",CHOQUE LATERAL,CAMIONETA,1,0,0,0,1,0,0,0,0,0,0,0,0,2,49,MUJER,LESIONADO,PASAJERO,NO,NO,1
23231,85204,85205,2020,0,0,-0.163058,-78.475467,PICHINCHA,QUITO,QUITO,URBANA,2020-05-25,15:30:00,15,LUNES,1,MAYO,5,SI,"NO RESPETAR LAS SENIALES REGLAMENTARIAS DE TRANSITO. (PARE, CEDA EL PASO, LUZ ROJA DEL SEMAFORO, ETC).",CHOQUE LATERAL,AUTOMOVIL,1,0,0,0,1,0,0,0,0,0,0,0,0,2,40,HOMBRE,ILESO,CONDUCTOR PRESENTE,NO,NO,1
23232,85205,85206,2020,0,0,-0.122223,-78.495545,PICHINCHA,QUITO,QUITO,URBANA,2020-05-25,15:40:00,15,LUNES,1,MAYO,5,SI,"CONDUCIR DESATENTO A LAS CONDICIONES DE TRANSITO (CELULAR, PANTALLAS DE VIDEO, COMIDA, MAQUILLAJE O CUALQUIER OTRO ELEMENTO DISTRACTOR).",CHOQUE LATERAL,AUTOMOVIL,1,0,0,0,0,0,0,0,1,0,0,0,0,2,35,HOMBRE,ILESO,CONDUCTOR PRESENTE,NO,NO,1
23233,85215,85216,2020,0,1,-0.203444,-78.344167,PICHINCHA,QUITO,PUEMBO,RURAL,2020-05-26,01:30:00,1,MARTES,2,MAYO,5,NO,CONDUCIR VEHICULO SUPERANDO LOS LIMITES MAXIMOS DE VELOCIDAD.,ESTRELLAMIENTOS,MOTOCICLETA,0,0,0,0,0,0,0,0,1,0,0,0,0,1,25,HOMBRE,FALLECIDO,CONDUCTOR PRESENTE,NO,NO,3
23234,85227,85228,2020,1,0,-0.226515,-78.488502,PICHINCHA,QUITO,QUITO,URBANA,2020-05-26,10:35:00,10,MARTES,2,MAYO,5,NO,NO TRANSITAR POR LAS ACERAS O ZONAS DE SEGURIDAD DESTINADAS PARA EL EFECTO.,ATROPELLOS,AUTOMOVIL,1,0,0,0,0,0,0,0,0,0,0,0,0,1,78,MUJER,LESIONADO,PEATON,NO,NO,1
23235,85228,85229,2020,0,1,-0.132082,-78.498057,PICHINCHA,QUITO,QUITO,URBANA,2020-05-26,10:45:00,10,MARTES,2,MAYO,5,NO,NO CEDER EL DERECHO DE VIA O PREFERENCIA DE PASO AL PEATON.,ATROPELLOS,NO IDENTIFICADO,0,0,0,0,0,0,0,0,0,1,0,0,0,1,91,MUJER,FALLECIDO,PEATON,NO,NO,1
23236,85239,85240,2020,1,0,-0.121124,-78.496869,PICHINCHA,QUITO,QUITO,URBANA,2020-05-26,16:30:00,16,MARTES,2,MAYO,5,NO,"NO RESPETAR LAS SENIALES REGLAMENTARIAS DE TRANSITO. (PARE, CEDA EL PASO, LUZ ROJA DEL SEMAFORO, ETC).",CHOQUE LATERAL,AUTOMOVIL,1,0,0,0,0,0,0,0,1,0,0,0,0,2,28,HOMBRE,LESIONADO,CONDUCTOR PRESENTE,NO,NO,1
23237,85263,85264,2020,1,0,-0.324101,-78.549334,PICHINCHA,QUITO,QUITO,URBANA,2020-05-27,12:30:00,12,MIERCOLES,3,MAYO,5,NO,NO TRANSITAR POR LAS ACERAS O ZONAS DE SEGURIDAD DESTINADAS PARA EL EFECTO.,ATROPELLOS,NO IDENTIFICADO,0,0,0,0,0,0,0,0,0,1,0,0,0,1,4,HOMBRE,LESIONADO,PEATON,NO,NO,1
23238,85268,85269,2020,2,1,-0.445461,-78.680603,PICHINCHA,MEJIA,ALOAG,RURAL,2020-05-27,16:12:00,16,MIERCOLES,3,MAYO,5,NO,"CONDUCIR DESATENTO A LAS CONDICIONES DE TRANSITO (CELULAR, PANTALLAS DE VIDEO, COMIDA, MAQUILLAJE O CUALQUIER OTRO ELEMENTO DISTRACTOR).",CHOQUE POSTERIOR,CAMIONETA,0,0,0,0,1,0,0,0,0,0,0,0,0,1,-1,NO IDENTIFICADO,FALLECIDO,PASAJERO,NO,NO,3
23239,85269,85270,2020,1,0,-0.111705,-78.507641,PICHINCHA,QUITO,QUITO,URBANA,2020-05-27,16:40:00,16,MIERCOLES,3,MAYO,5,NO,CONDUCIR VEHICULO SUPERANDO LOS LIMITES MAXIMOS DE VELOCIDAD.,ESTRELLAMIENTOS,CAMIONETA,0,0,0,0,1,0,0,0,0,0,0,0,0,1,40,HOMBRE,LESIONADO,PASAJERO,NO,NO,1
23240,85280,85281,2020,0,0,-0.180103,-78.489285,PICHINCHA,QUITO,QUITO,URBANA,2020-05-28,01:40:00,1,JUEVES,4,MAYO,5,NO,"CONDUCIR EN ESTADO DE SOMNOLENCIA O MALAS CONDICIONES FISICAS (SUENIO, CANSANCIO Y FATIGA).",ESTRELLAMIENTOS,CAMIONETA,0,0,0,0,1,0,0,0,0,0,0,0,0,1,33,HOMBRE,ILESO,CONDUCTOR PRESENTE,NO,NO,1
23241,85283,85284,2020,0,1,-0.239636,-78.493133,PICHINCHA,QUITO,QUITO,URBANA,2020-05-28,06:50:00,6,JUEVES,4,MAYO,5,NO,NO CEDER EL DERECHO DE VIA O PREFERENCIA DE PASO A VEHICULOS.,CHOQUE LATERAL,BICICLETA,0,1,0,0,0,0,0,0,0,1,0,0,0,2,50,MUJER,FALLECIDO,PASAJERO,NO,NO,1
23242,85290,85291,2020,0,0,-0.247141,-78.475845,PICHINCHA,QUITO,QUITO,RURAL,2020-05-28,09:20:00,9,JUEVES,4,MAYO,5,NO,NO CEDER EL DERECHO DE VIA O PREFERENCIA DE PASO A VEHICULOS.,CHOQUE LATERAL,ESPECIAL,0,0,0,0,0,0,2,0,0,0,0,0,0,2,57,HOMBRE,ILESO,CONDUCTOR PRESENTE,NO,NO,3
23243,85291,85292,2020,1,0,-0.290965,-78.567131,PICHINCHA,QUITO,QUITO,URBANA,2020-05-28,09:50:00,9,JUEVES,4,MAYO,5,NO,NO TRANSITAR POR LAS ACERAS O ZONAS DE SEGURIDAD DESTINADAS PARA EL EFECTO.,ATROPELLOS,MOTOCICLETA,0,0,0,0,0,0,0,0,1,0,0,0,0,1,61,MUJER,LESIONADO,PEATON,NO,NO,1
23244,85292,85293,2020,1,0,-0.303766,-78.542681,PICHINCHA,QUITO,QUITO,URBANA,2020-05-28,10:15:00,10,JUEVES,4,MAYO,5,NO,NO TRANSITAR POR LAS ACERAS O ZONAS DE SEGURIDAD DESTINADAS PARA EL EFECTO.,ATROPELLOS,FURGONETA,0,0,0,0,0,0,0,1,0,0,0,0,0,1,49,MUJER,LESIONADO,PEATON,NO,NO,1
23245,85293,85294,2020,0,0,-0.163073,-78.462599,PICHINCHA,QUITO,QUITO,URBANA,2020-05-28,11:35:00,11,JUEVES,4,MAYO,5,NO,"NO RESPETAR LAS SENIALES REGLAMENTARIAS DE TRANSITO. (PARE, CEDA EL PASO, LUZ ROJA DEL SEMAFORO, ETC).",CHOQUE LATERAL,AUTOMOVIL,1,0,0,1,0,0,0,0,0,0,0,0,0,2,31,HOMBRE,ILESO,CONDUCTOR PRESENTE,NO,NO,1
23246,85295,85296,2020,0,0,-0.216154,-78.513897,PICHINCHA,QUITO,QUITO,URBANA,2020-05-28,13:45:00,13,JUEVES,4,MAYO,5,NO,REALIZAR CAMBIO BRUSCO O INDEBIDO DE CARRIL.,CHOQUE LATERAL,AUTOMOVIL,1,0,0,0,0,0,0,1,0,0,0,0,0,2,40,HOMBRE,ILESO,CONDUCTOR PRESENTE,NO,NO,1
23247,85302,85303,2020,0,0,-0.204814,-78.459862,PICHINCHA,QUITO,QUITO,RURAL,2020-05-28,17:10:00,17,JUEVES,4,MAYO,5,NO,CONDUCIR VEHICULO SUPERANDO LOS LIMITES MAXIMOS DE VELOCIDAD.,PERDIDA DE CARRIL,CAMIONETA,0,0,0,0,1,0,0,0,0,0,0,0,0,1,-1,NO IDENTIFICADO,NO IDENTIFICADO,CONDUCTOR AUSENTE,NO,NO,2
23248,85307,85308,2020,1,0,-0.281149,-78.562764,PICHINCHA,QUITO,QUITO,URBANA,2020-05-28,19:35:00,19,JUEVES,4,MAYO,5,NO,CONDUCIR VEHICULO SUPERANDO LOS LIMITES MAXIMOS DE VELOCIDAD.,ESTRELLAMIENTOS,AUTOMOVIL,1,0,0,0,0,0,0,0,1,0,0,0,0,2,40,HOMBRE,LESIONADO,CONDUCTOR PRESENTE,NO,NO,1
23249,85321,85322,2020,1,0,-0.237117,-78.522067,PICHINCHA,QUITO,QUITO,URBANA,2020-05-29,10:00:00,10,VIERNES,5,MAYO,5,NO,NO CEDER EL DERECHO DE VIA O PREFERENCIA DE PASO A VEHICULOS.,CHOQUE FRONTAL,BICICLETA,0,1,0,1,0,0,0,0,0,0,0,0,0,2,-1,HOMBRE,LESIONADO,CONDUCTOR PRESENTE,NO,NO,1
23250,85339,85340,2020,0,0,-0.183454,-78.490335,PICHINCHA,QUITO,QUITO,URBANA,2020-05-29,04:50:00,4,VIERNES,5,MAYO,5,NO,CONDUCIR VEHICULO SUPERANDO LOS LIMITES MAXIMOS DE VELOCIDAD.,PERDIDA DE CARRIL,AUTOMOVIL,1,0,0,0,0,0,0,0,0,0,0,0,0,1,-1,NO IDENTIFICADO,NO IDENTIFICADO,CONDUCTOR AUSENTE,NO,NO,2
23251,85341,85342,2020,0,0,-0.196669,-78.466599,PICHINCHA,QUITO,QUITO,RURAL,2020-05-30,01:55:00,1,SABADO,6,MAYO,5,NO,CONDUCIR VEHICULO SUPERANDO LOS LIMITES MAXIMOS DE VELOCIDAD.,ESTRELLAMIENTOS,CAMIONETA,0,0,0,0,1,0,0,0,0,0,0,0,0,1,-1,NO IDENTIFICADO,NO IDENTIFICADO,CONDUCTOR AUSENTE,NO,NO,2
23252,85342,85343,2020,1,1,-0.236129,-78.526758,PICHINCHA,QUITO,QUITO,URBANA,2020-05-30,02:00:00,2,SABADO,6,MAYO,5,NO,CONDUCIR VEHICULO SUPERANDO LOS LIMITES MAXIMOS DE VELOCIDAD.,ESTRELLAMIENTOS,CAMIONETA,0,0,0,0,1,0,0,0,0,0,0,0,0,1,47,HOMBRE,FALLECIDO,CONDUCTOR PRESENTE,NO,NO,1
23253,85343,85344,2020,0,1,-0.191459,-78.512809,PICHINCHA,QUITO,QUITO,URBANA,2020-05-30,02:45:00,2,SABADO,6,MAYO,5,NO,CONDUCIR VEHICULO SUPERANDO LOS LIMITES MAXIMOS DE VELOCIDAD.,PERDIDA DE CARRIL,MOTOCICLETA,0,0,0,0,0,0,0,0,1,0,0,0,0,1,-1,HOMBRE,FALLECIDO,CONDUCTOR PRESENTE,NO,NO,1
23254,85349,85350,2020,2,0,-0.122271,-78.485151,PICHINCHA,QUITO,QUITO,URBANA,2020-05-30,08:30:00,8,SABADO,6,MAYO,5,NO,"NO RESPETAR LAS SENIALES REGLAMENTARIAS DE TRANSITO. (PARE, CEDA EL PASO, LUZ ROJA DEL SEMAFORO, ETC).",CHOQUE LATERAL,CAMIONETA,0,0,0,0,1,0,0,0,1,0,0,0,0,2,26,MUJER,LESIONADO,PASAJERO,NO,NO,1
23255,85352,85353,2020,0,0,-0.065577,-78.361207,PICHINCHA,QUITO,GUAYLLABAMBA,RURAL,2020-05-30,11:45:00,11,SABADO,6,MAYO,5,NO,"PRESENCIA DE AGENTES EXTERNOS EN LA VIA (AGUA, ACEITE, PIEDRA, LASTRE, ESCOMBROS, MADEROS, ETC.).",PERDIDA DE CARRIL,MOTOCICLETA,0,0,0,0,0,0,0,0,1,0,0,0,0,1,57,HOMBRE,ILESO,PASAJERO,NO,NO,3
23256,85360,85361,2020,1,0,-0.177282,-78.359537,PICHINCHA,QUITO,PUEMBO,RURAL,2020-05-30,16:30:00,16,SABADO,6,MAYO,5,NO,"NO RESPETAR LAS SENIALES REGLAMENTARIAS DE TRANSITO. (PARE, CEDA EL PASO, LUZ ROJA DEL SEMAFORO, ETC).",CHOQUE LATERAL,AUTOMOVIL,1,0,0,1,0,0,0,0,0,0,0,0,0,2,32,HOMBRE,LESIONADO,CONDUCTOR PRESENTE,NO,NO,3
23257,85361,85362,2020,0,0,-0.227235,-78.506517,PICHINCHA,QUITO,QUITO,URBANA,2020-05-30,17:10:00,17,SABADO,6,MAYO,5,NO,"FALLA MECANICA EN LOS SISTEMAS Y/O NEUMATICOS (SISTEMA DE FRENOS, DIRECCION, ELECTRONICO O MECANICO).",ESTRELLAMIENTOS,FURGONETA,0,0,0,0,0,0,0,1,0,0,0,0,0,1,50,HOMBRE,ILESO,CONDUCTOR PRESENTE,NO,NO,1