,Unnamed: 0,ID,ANIO,LESIONADOS,FALLECIDOS,LATITUD_Y,LONGITUD_X,PROVINCIA,CANTON,PARROQUIA,ZONA,FECHA,HORA,PERIODO_2,DIA_1,DIA_2,MES_1,MES_2,FERIADO,CAUSA_PROBABLE,TIPO_DE_SINIESTRO,TIPO_DE_VEHICULO_1,AUTOMOVIL,BICICLETA,BUS,CAMION,CAMIONETA,EMERGENCIAS,ESPECIAL,FURGONETA,MOTOCICLETA,NO_IDENTIFICADO,SCOOTER_ELECTRICO,TRICIMOTO,VEHICULO_DEPORTIVO_UTILITARIO,SUMA_DE_VEHICULOS,EDAD_1,SEXO_1,CONDICION_1,PARTICIPANTE_1,CASCO_1,CINTURON_1,KMeans_Cluster
23316,85734,85735,2020,1,0,-0.199768,-78.496789,PICHINCHA,QUITO,QUITO,URBANA,2020-06-09,10:45:00,10,MARTES,2,JUNIO,6,NO,PEATON QUE CRUZA LA CALZADA SIN RESPETAR LA SENIALIZACION EXISTENTE (SEMAFOROS O SENIALES MANUALES).,ATROPELLOS,BUS,0,0,1,0,0,0,0,0,0,0,0,0,0,1,69,HOMBRE,LESIONADO,PEATON,NO,NO,1
23317,85756,85757,2020,0,0,-0.276434,-78.552487,PICHINCHA,QUITO,QUITO,URBANA,2020-06-09,18:00:00,18,MARTES,2,JUNIO,6,NO,"CONDUCIR DESATENTO A LAS CONDICIONES DE TRANSITO (CELULAR, PANTALLAS DE VIDEO, COMIDA, MAQUILLAJE O CUALQUIER OTRO ELEMENTO DISTRACTOR).",OTROS,CAMION,0,0,0,1,0,0,0,0,0,0,0,0,0,1,33,HOMBRE,ILESO,CONDUCTOR PRESENTE,NO,NO,1
23318,85767,85768,2020,0,0,-0.062271,-78.375981,PICHINCHA,QUITO,GUAYLLABAMBA,URBANA,2020-06-10,05:25:00,5,MIERCOLES,3,JUNIO,6,NO,"CONDICIONES AMBIENTALES Y/O ATMOSFERICAS (NIEBLA, NEBLINA, GRANIZO, LLUVIA).",PERDIDA DE CARRIL,CAMIONETA,0,0,0,0,1,0,0,0,0,0,0,0,0,1,38,HOMBRE,ILESO,PASAJERO,NO,SI,1
23319,85771,85772,2020,0,0,-0.240254,-78.524339,PICHINCHA,QUITO,QUITO,URBANA,2020-06-10,07:20:00,7,MIERCOLES,3,JUNIO,6,NO,NO GUARDAR LA DISTANCIA LATERAL MINIMA DE SEGURIDAD ENTRE VEHICULOS.,CHOQUE LATERAL,CAMIONETA,1,0,0,0,1,0,0,0,0,0,0,0,0,2,-1,HOMBRE,ILESO,PASAJERO,NO,NO,1
23320,85783,85784,2020,3,0,-0.204901,-78.496467,PICHINCHA,QUITO,QUITO,URBANA,2020-06-10,14:30:00,14,MIERCOLES,3,JUNIO,6,NO,NO GUARDAR LA DISTANCIA LATERAL MINIMA DE SEGURIDAD ENTRE VEHICULOS.,CHOQUE LATERAL,AUTOMOVIL,2,0,0,0,0,0,0,0,0,0,0,0,0,2,56,MUJER,LESIONADO,PASAJERO,NO,NO,1
23321,85787,85788,2020,1,0,-0.279074,-78.563186,PICHINCHA,QUITO,QUITO,URBANA,2020-06-10,17:10:00,17,MIERCOLES,3,JUNIO,6,NO,"CONDICIONES AMBIENTALES Y/O ATMOSFERICAS (NIEBLA, NEBLINA, GRANIZO, LLUVIA).",CHOQUE LATERAL,MOTOCICLETA,1,0,0,0,0,0,0,0,1,0,0,0,0,2,37,HOMBRE,LESIONADO,CONDUCTOR PRESENTE,NO,NO,1
23322,85807,85808,2020,1,0,-0.177348,-78.473568,PICHINCHA,QUITO,QUITO,URBANA,2020-06-11,16:28:00,16,JUEVES,4,JUNIO,6,NO,NO GUARDAR LA DISTANCIA LATERAL MINIMA DE SEGURIDAD ENTRE VEHICULOS.,ROZAMIENTOS,MOTOCICLETA,1,0,0,0,0,0,0,0,1,0,0,0,0,2,30,HOMBRE,LESIONADO,CONDUCTOR PRESENTE,NO,NO,1
23323,85808,85809,2020,4,0,-0.262161,-78.548079,PICHINCHA,QUITO,QUITO,URBANA,2020-06-11,16:30:00,16,JUEVES,4,JUNIO,6,NO,"NO RESPETAR LAS SENIALES REGLAMENTARIAS DE TRANSITO. (PARE, CEDA EL PASO, LUZ ROJA DEL SEMAFORO, ETC).",CHOQUE LATERAL,BUS,1,0,1,0,0,0,0,0,0,0,0,0,0,2,29,MUJER,LESIONADO,PASAJERO,NO,NO,1
23324,85809,85810,2020,1,0,-0.279721,-78.562978,PICHINCHA,QUITO,QUITO,URBANA,2020-06-11,16:35:00,16,JUEVES,4,JUNIO,6,NO,NO GUARDAR LA DISTANCIA LATERAL MINIMA DE SEGURIDAD ENTRE VEHICULOS.,CHOQUE LATERAL,AUTOMOVIL,1,1,0,0,0,0,0,0,0,0,0,0,0,2,16,HOMBRE,LESIONADO,CONDUCTOR PRESENTE,NO,NO,1
23325,85812,85813,2020,1,0,-0.286581,-78.549902,PICHINCHA,QUITO,QUITO,URBANA,2020-06-11,17:45:00,17,JUEVES,4,JUNIO,6,NO,"NO RESPETAR LAS SENIALES REGLAMENTARIAS DE TRANSITO. (PARE, CEDA EL PASO, LUZ ROJA DEL SEMAFORO, ETC).",OTROS,BICICLETA,0,1,0,0,1,0,0,0,0,0,0,0,0,2,30,HOMBRE,LESIONADO,CONDUCTOR PRESENTE,NO,NO,1
23326,85814,85815,2020,2,0,-0.308226,-78.544093,PICHINCHA,QUITO,QUITO,URBANA,2020-06-11,18:05:00,18,JUEVES,4,JUNIO,6,NO,"NO RESPETAR LAS SENIALES REGLAMENTARIAS DE TRANSITO. (PARE, CEDA EL PASO, LUZ ROJA DEL SEMAFORO, ETC).",OTROS,MOTOCICLETA,0,0,0,0,0,0,0,0,1,1,0,0,0,2,27,MUJER,LESIONADO,PASAJERO,NO,NO,1
23327,85815,85816,2020,2,0,-0.120191,-78.491566,PICHINCHA,QUITO,QUITO,URBANA,2020-06-11,18:20:00,18,JUEVES,4,JUNIO,6,NO,NO GUARDAR LA DISTANCIA LATERAL MINIMA DE SEGURIDAD ENTRE VEHICULOS.,CHOQUE LATERAL,MOTOCICLETA,0,0,1,0,0,0,0,0,1,0,0,0,0,2,35,HOMBRE,LESIONADO,CONDUCTOR PRESENTE,NO,NO,1
23328,85817,85818,2020,0,0,-0.264281,-78.522941,PICHINCHA,QUITO,QUITO,URBANA,2020-06-11,19:20:00,19,JUEVES,4,JUNIO,6,NO,"CONDUCE BAJO LA INFLUENCIA DE ALCOHOL, SUSTANCIAS ESTUPEFACIENTES O PSICOTROPICAS Y/O MEDICAMENTOS.",ESTRELLAMIENTOS,AUTOMOVIL,3,0,0,0,0,0,0,0,0,0,0,0,0,3,33,HOMBRE,ILESO,CONDUCTOR PRESENTE,NO,NO,1
23329,85826,85827,2020,0,0,-0.116769,-78.473429,PICHINCHA,QUITO,QUITO,URBANA,2020-06-12,03:10:00,3,VIERNES,5,JUNIO,6,NO,"NO RESPETAR LAS SENIALES REGLAMENTARIAS DE TRANSITO. (PARE, CEDA EL PASO, LUZ ROJA DEL SEMAFORO, ETC).",ESTRELLAMIENTOS,MOTOCICLETA,0,0,0,0,0,0,0,0,1,0,0,0,0,1,-1,NO IDENTIFICADO,NO IDENTIFICADO,CONDUCTOR AUSENTE,NO,NO,2
23330,85830,85831,2020,0,0,-0.237756,-78.528961,PICHINCHA,QUITO,QUITO,URBANA,2020-06-12,07:30:00,7,VIERNES,5,JUNIO,6,NO,"NO RESPETAR LAS SENIALES REGLAMENTARIAS DE TRANSITO. (PARE, CEDA EL PASO, LUZ ROJA DEL SEMAFORO, ETC).",CHOQUE LATERAL,MOTOCICLETA,1,0,0,0,0,0,0,0,1,0,0,0,0,2,31,HOMBRE,ILESO,CONDUCTOR PRESENTE,NO,NO,1
23331,85833,85834,2020,1,0,-0.303374,-78.547872,PICHINCHA,QUITO,QUITO,URBANA,2020-06-12,10:15:00,10,VIERNES,5,JUNIO,6,NO,NO GUARDAR LA DISTANCIA LATERAL MINIMA DE SEGURIDAD ENTRE VEHICULOS.,CHOQUE LATERAL,BICICLETA,0,1,0,0,0,0,0,0,1,0,0,0,0,2,62,HOMBRE,LESIONADO,CONDUCTOR PRESENTE,NO,NO,1
23332,85839,85840,2020,1,0,-0.237831,-78.539865,PICHINCHA,QUITO,QUITO,URBANA,2020-06-12,13:45:00,13,VIERNES,5,JUNIO,6,NO,NO CEDER EL DERECHO DE VIA O PREFERENCIA DE PASO AL PEATON.,ATROPELLOS,NO IDENTIFICADO,0,0,0,0,0,0,0,0,0,1,0,0,0,1,39,HOMBRE,LESIONADO,PEATON,NO,NO,1
23333,85840,85841,2020,0,0,-0.284645,-78.518327,PICHINCHA,QUITO,QUITO,URBANA,2020-06-12,13:55:00,13,VIERNES,5,JUNIO,6,NO,NO MANTENER LA DISTANCIA PRUDENCIAL CON RESPECTO AL VEHICULO QUE LE ANTECEDE.,CHOQUE LATERAL,AUTOMOVIL,2,0,0,0,0,0,0,0,0,0,0,0,0,2,34,HOMBRE,ILESO,CONDUCTOR PRESENTE,NO,NO,1
23334,85845,85846,2020,1,0,-0.208094,-78.376655,PICHINCHA,QUITO,TUMBACO,RURAL,2020-06-12,17:55:00,17,VIERNES,5,JUNIO,6,NO,PEATON QUE CRUZA LA CALZADA SIN RESPETAR LA SENIALIZACION EXISTENTE (SEMAFOROS O SENIALES MANUALES).,ATROPELLOS,AUTOMOVIL,1,0,0,0,0,0,0,0,0,0,0,0,0,1,25,MUJER,LESIONADO,PEATON,NO,NO,3
23335,85847,85848,2020,0,0,-0.287732,-78.559328,PICHINCHA,QUITO,QUITO,URBANA,2020-06-12,18:00:00,18,VIERNES,5,JUNIO,6,NO,CONDUCIR VEHICULO SUPERANDO LOS LIMITES MAXIMOS DE VELOCIDAD.,OTROS,MOTOCICLETA,0,0,0,0,0,0,0,0,1,0,0,0,0,1,-1,NO IDENTIFICADO,NO IDENTIFICADO,CONDUCTOR AUSENTE,NO,NO,2
23336,85848,85849,2020,0,1,-0.142041,-78.443217,PICHINCHA,QUITO,LLANO CHICO,RURAL,2020-06-12,19:35:00,19,VIERNES,5,JUNIO,6,NO,"CASO FORTUITO O FUERZA MAYOR (EXPLOSION DE NEUMATICO NUEVO, DERRUMBE, INUNDACION, CAIDA DE PUENTE, ARBOL, PRESENCIA INTEMPESTIVA E IMPREVISTA DE SEMOVIENTES EN LA VIA, ETC.).",OTROS,CAMION,0,0,0,1,1,0,0,0,0,0,0,0,0,2,49,HOMBRE,FALLECIDO,CONDUCTOR PRESENTE,NO,NO,3
23337,85853,85854,2020,0,0,-0.190933,-78.480366,PICHINCHA,QUITO,QUITO,RURAL,2020-06-12,20:30:00,20,VIERNES,5,JUNIO,6,NO,CONDUCIR VEHICULO SUPERANDO LOS LIMITES MAXIMOS DE VELOCIDAD.,ESTRELLAMIENTOS,AUTOMOVIL,1,0,0,0,0,0,0,0,0,0,0,0,0,1,40,MUJER,ILESO,CONDUCTOR PRESENTE,NO,NO,3
23338,85859,85860,2020,0,0,-0.233058,-78.524151,PICHINCHA,QUITO,QUITO,URBANA,2020-06-12,23:00:00,23,VIERNES,5,JUNIO,6,NO,"CONDUCE BAJO LA INFLUENCIA DE ALCOHOL, SUSTANCIAS ESTUPEFACIENTES O PSICOTROPICAS Y/O MEDICAMENTOS.",CHOQUE LATERAL,AUTOMOVIL,2,0,0,0,0,0,0,0,0,0,0,0,0,2,26,HOMBRE,ILESO,CONDUCTOR PRESENTE,NO,NO,1
23339,85862,85863,2020,2,0,-0.085504,-78.506835,PICHINCHA,QUITO,QUITO,URBANA,2020-06-13,01:00:00,1,SABADO,6,JUNIO,6,NO,CONDUCIR VEHICULO SUPERANDO LOS LIMITES MAXIMOS DE VELOCIDAD.,ESTRELLAMIENTOS,CAMIONETA,0,0,0,0,1,0,0,0,0,0,0,0,0,1,40,HOMBRE,LESIONADO,PASAJERO,NO,NO,1
23340,85864,85865,2020,0,1,-0.389824,-78.546863,PICHINCHA,MEJIA,CUTUGLAHUA,URBANA,2020-06-13,05:00:00,5,SABADO,6,JUNIO,6,NO,"CONDUCIR DESATENTO A LAS CONDICIONES DE TRANSITO (CELULAR, PANTALLAS DE VIDEO, COMIDA, MAQUILLAJE O CUALQUIER OTRO ELEMENTO DISTRACTOR).",CHOQUE LATERAL,CAMION,0,0,0,2,0,0,0,0,0,0,0,0,0,2,-1,HOMBRE,FALLECIDO,PEATON,NO,SI,1
23341,85867,85868,2020,0,0,-0.282706,-78.554325,PICHINCHA,QUITO,QUITO,URBANA,2020-06-13,06:40:00,6,SABADO,6,JUNIO,6,NO,"CONDUCE BAJO LA INFLUENCIA DE ALCOHOL, SUSTANCIAS ESTUPEFACIENTES O PSICOTROPICAS Y/O MEDICAMENTOS.",CHOQUE LATERAL,AUTOMOVIL,2,0,0,0,0,0,0,0,0,0,0,0,0,2,30,MUJER,ILESO,CONDUCTOR PRESENTE,NO,NO,1
23342,85872,85873,2020,2,0,-0.118095,-78.455421,PICHINCHA,QUITO,QUITO,URBANA,2020-06-13,11:00:00,11,SABADO,6,JUNIO,6,NO,"NO RESPETAR LAS SENIALES REGLAMENTARIAS DE TRANSITO. (PARE, CEDA EL PASO, LUZ ROJA DEL SEMAFORO, ETC).",ESTRELLAMIENTOS,BICICLETA,0,1,0,0,0,0,0,0,1,1,0,0,0,3,27,HOMBRE,LESIONADO,CONDUCTOR PRESENTE,NO,NO,1
23343,85884,85885,2020,1,0,-0.154208,-78.470632,PICHINCHA,QUITO,QUITO,URBANA,2020-06-13,16:45:00,16,SABADO,6,JUNIO,6,NO,"CONDUCE BAJO LA INFLUENCIA DE ALCOHOL, SUSTANCIAS ESTUPEFACIENTES O PSICOTROPICAS Y/O MEDICAMENTOS.",ATROPELLOS,CAMIONETA,0,0,0,0,1,0,0,0,0,0,0,0,0,1,61,HOMBRE,LESIONADO,PEATON,NO,NO,1
23344,85894,85895,2020,0,0,-0.209731,-78.366855,PICHINCHA,QUITO,PUEMBO,RURAL,2020-06-13,20:21:00,20,SABADO,6,JUNIO,6,NO,"CONDUCE BAJO LA INFLUENCIA DE ALCOHOL, SUSTANCIAS ESTUPEFACIENTES O PSICOTROPICAS Y/O MEDICAMENTOS.",CHOQUE LATERAL,CAMIONETA,1,0,0,0,1,0,0,0,0,0,0,0,0,2,47,MUJER,ILESO,PASAJERO,NO,NO,3
23345,85898,85899,2020,1,1,-0.293005,-78.527001,PICHINCHA,QUITO,QUITO,URBANA,2020-06-13,20:50:00,20,SABADO,6,JUNIO,6,NO,CONDUCIR VEHICULO SUPERANDO LOS LIMITES MAXIMOS DE VELOCIDAD.,ESTRELLAMIENTOS,MOTOCICLETA,0,0,0,0,0,0,0,0,1,0,0,0,0,1,27,HOMBRE,FALLECIDO,CONDUCTOR PRESENTE,NO,NO,1
23346,85909,85910,2020,0,2,-0.072928,-78.439646,PICHINCHA,QUITO,CALDERON (CARAPUNGO),RURAL,2020-06-13,22:30:00,22,SABADO,6,JUNIO,6,NO,"CONDICIONES AMBIENTALES Y/O ATMOSFERICAS (NIEBLA, NEBLINA, GRANIZO, LLUVIA).",VOLCAMIENTOS,AUTOMOVIL,1,0,0,0,0,0,0,0,0,0,0,0,0,1,51,MUJER,FALLECIDO,PASAJERO,NO,NO,3
23347,85911,85912,2020,1,0,-0.201144,-78.545957,PICHINCHA,QUITO,QUITO,URBANA,2020-06-13,23:05:00,23,SABADO,6,JUNIO,6,NO,"NO RESPETAR LAS SENIALES REGLAMENTARIAS DE TRANSITO. (PARE, CEDA EL PASO, LUZ ROJA DEL SEMAFORO, ETC).",OTROS,BICICLETA,0,1,0,0,0,0,0,0,0,1,0,0,0,2,23,HOMBRE,LESIONADO,CONDUCTOR PRESENTE,NO,NO,1
23348,85919,85920,2020,0,0,-0.182241,-78.494852,PICHINCHA,QUITO,QUITO,URBANA,2020-06-14,02:30:00,2,DOMINGO,7,JUNIO,6,NO,"NO RESPETAR LAS SENIALES REGLAMENTARIAS DE TRANSITO. (PARE, CEDA EL PASO, LUZ ROJA DEL SEMAFORO, ETC).",ESTRELLAMIENTOS,CAMIONETA,0,0,0,0,1,0,0,0,0,0,0,0,0,1,25,HOMBRE,ILESO,CONDUCTOR PRESENTE,NO,NO,1
23349,85920,85921,2020,0,0,-0.318256,-78.557591,PICHINCHA,QUITO,QUITO,URBANA,2020-06-14,03:50:00,3,DOMINGO,7,JUNIO,6,NO,CONDUCIR VEHICULO SUPERANDO LOS LIMITES MAXIMOS DE VELOCIDAD.,ESTRELLAMIENTOS,AUTOMOVIL,1,0,0,0,0,0,0,0,0,0,0,0,0,1,-1,NO IDENTIFICADO,NO IDENTIFICADO,CONDUCTOR AUSENTE,NO,NO,2
23350,85928,85929,2020,4,0,-0.292195,-78.565007,PICHINCHA,QUITO,QUITO,URBANA,2020-06-14,08:45:00,8,DOMINGO,7,JUNIO,6,NO,"CONDUCE BAJO LA INFLUENCIA DE ALCOHOL, SUSTANCIAS ESTUPEFACIENTES O PSICOTROPICAS Y/O MEDICAMENTOS.",CHOQUE FRONTAL,AUTOMOVIL,2,0,0,0,0,0,0,0,0,0,0,0,0,2,15,MUJER,LESIONADO,PASAJERO,NO,NO,1
23351,85935,85936,2020,0,0,-0.303603,-78.568789,PICHINCHA,QUITO,QUITO,URBANA,2020-06-14,15:00:00,15,DOMINGO,7,JUNIO,6,NO,"CONDUCE BAJO LA INFLUENCIA DE ALCOHOL, SUSTANCIAS ESTUPEFACIENTES O PSICOTROPICAS Y/O MEDICAMENTOS.",CHOQUE LATERAL,AUTOMOVIL,2,0,0,0,0,0,0,0,0,0,0,0,0,2,28,HOMBRE,ILESO,CONDUCTOR PRESENTE,NO,NO,1
23352,85937,85938,2020,0,0,-0.242152,-78.504009,PICHINCHA,QUITO,QUITO,URBANA,2020-06-14,16:45:00,16,DOMINGO,7,JUNIO,6,NO,"NO RESPETAR LAS SENIALES REGLAMENTARIAS DE TRANSITO. (PARE, CEDA EL PASO, LUZ ROJA DEL SEMAFORO, ETC).",ESTRELLAMIENTOS,AUTOMOVIL,1,0,0,0,0,0,0,0,0,0,0,0,0,1,-1,NO IDENTIFICADO,NO IDENTIFICADO,CONDUCTOR AUSENTE,NO,NO,2
23353,85940,85941,2020,0,0,-0.066922,-78.577327,PICHINCHA,QUITO,NONO,RURAL,2020-06-14,18:30:00,18,DOMINGO,7,JUNIO,6,NO,CONDUCIR VEHICULO SUPERANDO LOS LIMITES MAXIMOS DE VELOCIDAD.,VOLCAMIENTOS,AUTOMOVIL,1,0,0,0,0,0,0,0,0,0,0,0,0,1,-1,NO IDENTIFICADO,NO IDENTIFICADO,CONDUCTOR AUSENTE,NO,NO,2
23354,85943,85944,2020,1,0,-0.221176,-78.520668,PICHINCHA,QUITO,QUITO,URBANA,2020-06-15,00:05:00,0,LUNES,1,JUNIO,6,NO,CONDUCIR VEHICULO SUPERANDO LOS LIMITES MAXIMOS DE VELOCIDAD.,ESTRELLAMIENTOS,MOTOCICLETA,0,0,0,0,0,0,0,0,1,0,0,0,0,1,35,HOMBRE,LESIONADO,CONDUCTOR PRESENTE,NO,NO,1
23355,85950,85951,2020,0,0,-0.098142,-78.470207,PICHINCHA,QUITO,QUITO,URBANA,2020-06-15,07:30:00,7,LUNES,1,JUNIO,6,NO,NO MANTENER LA DISTANCIA PRUDENCIAL CON RESPECTO AL VEHICULO QUE LE ANTECEDE.,COLISION,AUTOMOVIL,2,0,0,0,3,0,0,0,0,0,0,0,0,5,37,HOMBRE,ILESO,CONDUCTOR PRESENTE,NO,NO,1
23356,85958,85959,2020,3,0,-0.129366,-78.499048,PICHINCHA,QUITO,QUITO,URBANA,2020-06-15,12:50:00,12,LUNES,1,JUNIO,6,NO,NO TRANSITAR POR LAS ACERAS O ZONAS DE SEGURIDAD DESTINADAS PARA EL EFECTO.,ATROPELLOS,MOTOCICLETA,0,0,0,0,0,0,0,0,1,0,0,0,0,1,85,HOMBRE,LESIONADO,PEATON,NO,NO,1
23357,85960,85961,2020,0,0,-0.096051,-78.468131,PICHINCHA,QUITO,QUITO,URBANA,2020-06-15,13:25:00,13,LUNES,1,JUNIO,6,NO,"CONDUCIR DESATENTO A LAS CONDICIONES DE TRANSITO (CELULAR, PANTALLAS DE VIDEO, COMIDA, MAQUILLAJE O CUALQUIER OTRO ELEMENTO DISTRACTOR).",CHOQUE LATERAL,CAMION,1,0,0,1,0,0,0,0,0,0,0,0,0,2,47,HOMBRE,ILESO,CONDUCTOR PRESENTE,NO,NO,1
23358,85966,85967,2020,0,0,-0.291889,-78.558471,PICHINCHA,QUITO,QUITO,URBANA,2020-06-15,18:20:00,18,LUNES,1,JUNIO,6,NO,"CONDUCE BAJO LA INFLUENCIA DE ALCOHOL, SUSTANCIAS ESTUPEFACIENTES O PSICOTROPICAS Y/O MEDICAMENTOS.",COLISION,AUTOMOVIL,3,0,0,0,0,0,0,0,0,0,0,0,0,3,36,HOMBRE,ILESO,CONDUCTOR PRESENTE,NO,NO,1
23359,85969,85970,2020,0,1,-0.082652,-78.292874,PICHINCHA,CAYAMBE,ASCAZUBI,URBANA,2020-06-15,19:25:00,19,LUNES,1,JUNIO,6,NO,"CONDUCIR DESATENTO A LAS CONDICIONES DE TRANSITO (CELULAR, PANTALLAS DE VIDEO, COMIDA, MAQUILLAJE O CUALQUIER OTRO ELEMENTO DISTRACTOR).",CHOQUE LATERAL,MOTOCICLETA,0,0,1,0,0,0,0,0,1,0,0,0,0,2,43,HOMBRE,FALLECIDO,CONDUCTOR PRESENTE,NO,SI,1
23360,85980,85981,2020,0,1,0.044631,-78.232537,PICHINCHA,PEDRO MONCAYO,TABACUNDO,URBANA,2020-06-16,01:30:00,1,MARTES,2,JUNIO,6,NO,PEATON QUE CRUZA LA CALZADA SIN RESPETAR LA SENIALIZACION EXISTENTE (SEMAFOROS O SENIALES MANUALES).,ATROPELLOS,NO IDENTIFICADO,0,0,0,0,0,0,0,0,0,1,0,0,0,1,21,HOMBRE,FALLECIDO,PEATON,NO,SI,1
23361,85981,85982,2020,0,1,0.044631,-78.232537,PICHINCHA,PEDRO MONCAYO,TABACUNDO,URBANA,2020-06-16,01:30:00,1,MARTES,2,JUNIO,6,NO,DANIOS MECANICOS PREVISIBLES.,ROZAMIENTOS,NO IDENTIFICADO,0,0,0,0,0,0,0,0,0,1,0,0,0,1,21,HOMBRE,FALLECIDO,PEATON,NO,SI,1
23362,85982,85983,2020,1,0,-0.052212,-78.456108,PICHINCHA,QUITO,POMASQUI,URBANA,2020-06-16,03:30:00,3,MARTES,2,JUNIO,6,NO,"CASO FORTUITO O FUERZA MAYOR (EXPLOSION DE NEUMATICO NUEVO, DERRUMBE, INUNDACION, CAIDA DE PUENTE, ARBOL, PRESENCIA INTEMPESTIVA E IMPREVISTA DE SEMOVIENTES EN LA VIA, ETC.).",CHOQUE FRONTAL,MOTOCICLETA,0,0,0,0,0,0,0,0,1,0,0,0,0,1,20,HOMBRE,LESIONADO,CONDUCTOR PRESENTE,NO,SI,1
23363,85993,85994,2020,0,0,-0.174894,-78.501169,PICHINCHA,QUITO,QUITO,URBANA,2020-06-16,10:30:00,10,MARTES,2,JUNIO,6,NO,NO MANTENER LA DISTANCIA PRUDENCIAL CON RESPECTO AL VEHICULO QUE LE ANTECEDE.,COLISION,AUTOMOVIL,3,0,0,0,1,0,0,0,0,0,0,0,0,4,34,HOMBRE,ILESO,CONDUCTOR PRESENTE,NO,NO,1
23364,86000,86001,2020,0,0,-0.089692,-78.450381,PICHINCHA,QUITO,CALDERON (CARAPUNGO),RURAL,2020-06-16,17:30:00,17,MARTES,2,JUNIO,6,NO,CONDUCIR VEHICULO SUPERANDO LOS LIMITES MAXIMOS DE VELOCIDAD.,ESTRELLAMIENTOS,CAMIONETA,0,0,0,0,1,0,0,0,0,0,0,0,0,1,-1,NO IDENTIFICADO,NO IDENTIFICADO,CONDUCTOR AUSENTE,NO,NO,2
23365,86011,86012,2020,3,0,-0.159011,-78.483728,PICHINCHA,QUITO,QUITO,URBANA,2020-06-17,00:03:00,0,MIERCOLES,3,JUNIO,6,NO,CONDUCIR VEHICULO SUPERANDO LOS LIMITES MAXIMOS DE VELOCIDAD.,ESTRELLAMIENTOS,AUTOMOVIL,1,0,0,0,0,0,0,0,0,0,0,0,0,1,41,HOMBRE,LESIONADO,PASAJERO,NO,NO,1
23366,86020,86021,2020,0,0,-0.222556,-78.513472,PICHINCHA,QUITO,QUITO,URBANA,2020-06-17,07:47:00,7,MIERCOLES,3,JUNIO,6,NO,"CONDUCIR DESATENTO A LAS CONDICIONES DE TRANSITO (CELULAR, PANTALLAS DE VIDEO, COMIDA, MAQUILLAJE O CUALQUIER OTRO ELEMENTO DISTRACTOR).",CHOQUE LATERAL,AUTOMOVIL,2,0,0,0,0,0,0,0,0,0,0,0,0,2,38,HOMBRE,ILESO,CONDUCTOR PRESENTE,NO,NO,1
23367,86022,86023,2020,0,1,-0.109369,-78.458375,PICHINCHA,QUITO,CALDERON (CARAPUNGO),RURAL,2020-06-17,08:30:00,8,MIERCOLES,3,JUNIO,6,NO,NO TRANSITAR POR LAS ACERAS O ZONAS DE SEGURIDAD DESTINADAS PARA EL EFECTO.,ATROPELLOS,NO IDENTIFICADO,0,0,0,0,0,0,0,0,0,1,0,0,0,1,65,MUJER,FALLECIDO,PEATON,NO,NO,3
23368,86028,86029,2020,0,0,-0.271571,-78.528881,PICHINCHA,QUITO,QUITO,URBANA,2020-06-17,11:28:00,11,MIERCOLES,3,JUNIO,6,NO,REALIZAR CAMBIO BRUSCO O INDEBIDO DE CARRIL.,CHOQUE LATERAL,BUS,1,0,1,0,0,0,0,0,0,0,0,0,0,2,41,HOMBRE,ILESO,CONDUCTOR PRESENTE,NO,NO,1
23369,86033,86034,2020,0,0,-0.109369,-78.458375,PICHINCHA,QUITO,CALDERON (CARAPUNGO),RURAL,2020-06-17,14:00:00,14,MIERCOLES,3,JUNIO,6,NO,"NO RESPETAR LAS SENIALES REGLAMENTARIAS DE TRANSITO. (PARE, CEDA EL PASO, LUZ ROJA DEL SEMAFORO, ETC).",OTROS,AUTOMOVIL,1,0,0,0,0,0,0,0,0,0,0,0,0,1,-1,NO IDENTIFICADO,NO IDENTIFICADO,CONDUCTOR AUSENTE,NO,NO,2
23370,86035,86036,2020,0,0,-0.291177,-78.545891,PICHINCHA,QUITO,QUITO,URBANA,2020-06-17,14:15:00,14,MIERCOLES,3,JUNIO,6,NO,"NO RESPETAR LAS SENIALES REGLAMENTARIAS DE TRANSITO. (PARE, CEDA EL PASO, LUZ ROJA DEL SEMAFORO, ETC).",ESTRELLAMIENTOS,AUTOMOVIL,1,0,0,0,0,0,0,0,0,0,0,0,0,1,53,HOMBRE,ILESO,CONDUCTOR PRESENTE,NO,NO,1
23371,86057,86058,2020,0,0,-0.190933,-78.480366,PICHINCHA,QUITO,QUITO,RURAL,2020-06-18,08:37:00,8,JUEVES,4,JUNIO,6,NO,"NO RESPETAR LAS SENIALES REGLAMENTARIAS DE TRANSITO. (PARE, CEDA EL PASO, LUZ ROJA DEL SEMAFORO, ETC).",ESTRELLAMIENTOS,AUTOMOVIL,1,0,0,0,0,0,0,0,0,0,0,0,0,1,32,HOMBRE,ILESO,CONDUCTOR PRESENTE,NO,NO,3
23372,86059,86060,2020,0,0,-0.190933,-78.480366,PICHINCHA,QUITO,QUITO,RURAL,2020-06-18,08:41:00,8,JUEVES,4,JUNIO,6,NO,"PRESENCIA DE AGENTES EXTERNOS EN LA VIA (AGUA, ACEITE, PIEDRA, LASTRE, ESCOMBROS, MADEROS, ETC.).",VOLCAMIENTOS,FURGONETA,0,0,0,0,0,0,0,1,0,0,0,0,0,1,54,HOMBRE,ILESO,CONDUCTOR PRESENTE,NO,NO,3