,Unnamed: 0,ID,ANIO,LESIONADOS,FALLECIDOS,LATITUD_Y,LONGITUD_X,PROVINCIA,CANTON,PARROQUIA,ZONA,FECHA,HORA,PERIODO_2,DIA_1,DIA_2,MES_1,MES_2,FERIADO,CAUSA_PROBABLE,TIPO_DE_SINIESTRO,TIPO_DE_VEHICULO_1,AUTOMOVIL,BICICLETA,BUS,CAMION,CAMIONETA,EMERGENCIAS,ESPECIAL,FURGONETA,MOTOCICLETA,NO_IDENTIFICADO,SCOOTER_ELECTRICO,TRICIMOTO,VEHICULO_DEPORTIVO_UTILITARIO,SUMA_DE_VEHICULOS,EDAD_1,SEXO_1,CONDICION_1,PARTICIPANTE_1,CASCO_1,CINTURON_1,KMeans_Cluster
23373,86061,86062,2020,0,0,-0.234209,-78.514298,PICHINCHA,QUITO,QUITO,URBANA,2020-06-18,10:15:00,10,JUEVES,4,JUNIO,6,NO,REALIZAR CAMBIO BRUSCO O INDEBIDO DE CARRIL.,CHOQUE LATERAL,AUTOMOVIL,1,0,0,0,0,0,0,0,0,1,0,0,0,2,42,HOMBRE,ILESO,CONDUCTOR PRESENTE,NO,NO,1
23374,86065,86066,2020,0,0,-0.088884,-78.439915,PICHINCHA,QUITO,CALDERON (CARAPUNGO),RURAL,2020-06-18,14:50:00,14,JUEVES,4,JUNIO,6,NO,CONDUCIR VEHICULO SUPERANDO LOS LIMITES MAXIMOS DE VELOCIDAD.,ESTRELLAMIENTOS,AUTOMOVIL,1,0,0,0,0,0,0,0,0,0,0,0,0,1,23,HOMBRE,ILESO,CONDUCTOR PRESENTE,NO,NO,3
23375,86067,86068,2020,0,0,-0.310589,-78.546306,PICHINCHA,QUITO,QUITO,URBANA,2020-06-18,16:49:00,16,JUEVES,4,JUNIO,6,NO,"NO RESPETAR LAS SENIALES REGLAMENTARIAS DE TRANSITO. (PARE, CEDA EL PASO, LUZ ROJA DEL SEMAFORO, ETC).",OTROS,AUTOMOVIL,1,0,0,1,0,0,0,0,0,0,0,0,0,2,-1,NO IDENTIFICADO,NO IDENTIFICADO,CONDUCTOR AUSENTE,NO,NO,2
23376,86068,86069,2020,0,0,-0.222111,-78.524912,PICHINCHA,QUITO,QUITO,URBANA,2020-06-18,19:15:00,19,JUEVES,4,JUNIO,6,NO,CONDUCIR VEHICULO SUPERANDO LOS LIMITES MAXIMOS DE VELOCIDAD.,ESTRELLAMIENTOS,AUTOMOVIL,1,0,0,0,0,0,0,0,0,0,0,0,0,1,-1,NO IDENTIFICADO,NO IDENTIFICADO,CONDUCTOR AUSENTE,NO,NO,2
23377,86073,86074,2020,0,0,-0.104468,-78.497653,PICHINCHA,QUITO,QUITO,URBANA,2020-06-19,01:15:00,1,VIERNES,5,JUNIO,6,NO,"CONDICIONES AMBIENTALES Y/O ATMOSFERICAS (NIEBLA, NEBLINA, GRANIZO, LLUVIA).",PERDIDA DE CARRIL,AUTOMOVIL,1,0,0,0,0,0,0,0,0,0,0,0,0,1,-1,NO IDENTIFICADO,NO IDENTIFICADO,CONDUCTOR AUSENTE,NO,NO,2
23378,86074,86075,2020,0,0,-0.336493,-78.520346,PICHINCHA,QUITO,QUITO,URBANA,2020-06-19,01:38:00,1,VIERNES,5,JUNIO,6,NO,CONDUCIR VEHICULO SUPERANDO LOS LIMITES MAXIMOS DE VELOCIDAD.,PERDIDA DE CARRIL,AUTOMOVIL,1,0,0,0,0,0,0,0,0,0,0,0,0,1,-1,NO IDENTIFICADO,NO IDENTIFICADO,CONDUCTOR AUSENTE,NO,NO,2
23379,86078,86079,2020,1,0,-0.258658,-78.552549,PICHINCHA,QUITO,QUITO,URBANA,2020-06-19,06:05:00,6,VIERNES,5,JUNIO,6,NO,CONDUCIR VEHICULO SUPERANDO LOS LIMITES MAXIMOS DE VELOCIDAD.,CHOQUE LATERAL,AUTOMOVIL,1,0,0,0,0,0,0,0,1,0,0,0,0,2,31,MUJER,LESIONADO,PASAJERO,NO,NO,1
23380,86081,86082,2020,2,0,-0.085514,-78.390979,PICHINCHA,QUITO,CALDERON (CARAPUNGO),URBANA,2020-06-19,07:35:00,7,VIERNES,5,JUNIO,6,NO,"CONDICIONES AMBIENTALES Y/O ATMOSFERICAS (NIEBLA, NEBLINA, GRANIZO, LLUVIA).",PERDIDA DE CARRIL,VEHICULO DEPORTIVO UTILITARIO,0,0,0,0,0,0,0,0,0,0,0,0,1,1,39,HOMBRE,LESIONADO,PASAJERO,NO,SI,1
23381,86094,86095,2020,1,0,-0.202224,-78.500619,PICHINCHA,QUITO,QUITO,URBANA,2020-06-19,11:45:00,11,VIERNES,5,JUNIO,6,NO,NO TRANSITAR POR LAS ACERAS O ZONAS DE SEGURIDAD DESTINADAS PARA EL EFECTO.,ATROPELLOS,AUTOMOVIL,1,0,0,0,0,0,0,0,0,0,0,0,0,1,55,HOMBRE,LESIONADO,PEATON,NO,NO,1
23382,86112,86113,2020,1,0,-0.119451,-78.506659,PICHINCHA,QUITO,QUITO,URBANA,2020-06-19,20:40:00,20,VIERNES,5,JUNIO,6,NO,CONDUCIR VEHICULO SUPERANDO LOS LIMITES MAXIMOS DE VELOCIDAD.,PERDIDA DE CARRIL,MOTOCICLETA,0,0,0,0,0,0,0,0,1,0,0,0,0,1,30,HOMBRE,LESIONADO,PASAJERO,NO,NO,1
23383,86118,86119,2020,0,0,-0.255811,-78.558409,PICHINCHA,QUITO,QUITO,URBANA,2020-06-19,22:45:00,22,VIERNES,5,JUNIO,6,NO,"NO RESPETAR LAS SENIALES REGLAMENTARIAS DE TRANSITO. (PARE, CEDA EL PASO, LUZ ROJA DEL SEMAFORO, ETC).",ESTRELLAMIENTOS,BUS,0,0,1,0,0,0,0,0,0,0,0,0,0,1,-1,NO IDENTIFICADO,NO IDENTIFICADO,CONDUCTOR AUSENTE,NO,NO,2
23384,86124,86125,2020,1,1,0.041092,-78.244131,PICHINCHA,PEDRO MONCAYO,LA ESPERANZA (PEDRO MONCAYO),URBANA,2020-06-20,02:30:00,2,SABADO,6,JUNIO,6,NO,"CONDUCIR DESATENTO A LAS CONDICIONES DE TRANSITO (CELULAR, PANTALLAS DE VIDEO, COMIDA, MAQUILLAJE O CUALQUIER OTRO ELEMENTO DISTRACTOR).",ESTRELLAMIENTOS,MOTOCICLETA,0,0,0,1,0,0,0,0,1,0,0,0,0,2,20,HOMBRE,FALLECIDO,CONDUCTOR PRESENTE,NO,SI,1
23385,86125,86126,2020,0,0,-0.122333,-78.443244,PICHINCHA,QUITO,CALDERON (CARAPUNGO),URBANA,2020-06-20,04:22:00,4,SABADO,6,JUNIO,6,NO,"NO RESPETAR LAS SENIALES REGLAMENTARIAS DE TRANSITO. (PARE, CEDA EL PASO, LUZ ROJA DEL SEMAFORO, ETC).",ESTRELLAMIENTOS,FURGONETA,0,0,0,0,0,0,0,1,0,0,0,0,0,1,-1,NO IDENTIFICADO,NO IDENTIFICADO,CONDUCTOR AUSENTE,NO,NO,2
23386,86128,86129,2020,0,0,-0.303012,-78.551249,PICHINCHA,QUITO,QUITO,URBANA,2020-06-20,05:30:00,5,SABADO,6,JUNIO,6,NO,CONDUCIR VEHICULO SUPERANDO LOS LIMITES MAXIMOS DE VELOCIDAD.,CHOQUE LATERAL,AUTOMOVIL,2,0,0,0,0,0,0,0,0,0,0,0,0,2,30,HOMBRE,ILESO,CONDUCTOR PRESENTE,NO,NO,1
23387,86131,86132,2020,0,0,-0.096378,-78.511462,PICHINCHA,QUITO,QUITO,URBANA,2020-06-20,06:44:00,6,SABADO,6,JUNIO,6,NO,DANIOS MECANICOS PREVISIBLES.,ESTRELLAMIENTOS,CAMION,0,0,0,1,0,0,0,0,0,0,0,0,0,1,55,HOMBRE,ILESO,CONDUCTOR PRESENTE,NO,NO,1
23388,86134,86135,2020,1,0,-0.510091,-78.561336,PICHINCHA,MEJIA,MACHACHI,URBANA,2020-06-20,07:50:00,7,SABADO,6,JUNIO,6,NO,"CONDUCIR DESATENTO A LAS CONDICIONES DE TRANSITO (CELULAR, PANTALLAS DE VIDEO, COMIDA, MAQUILLAJE O CUALQUIER OTRO ELEMENTO DISTRACTOR).",ATROPELLOS,CAMIONETA,0,0,0,0,1,0,0,0,0,0,0,0,0,1,39,HOMBRE,LESIONADO,PEATON,NO,SI,1
23389,86135,86136,2020,0,0,-0.253479,-78.504225,PICHINCHA,QUITO,QUITO,URBANA,2020-06-20,08:10:00,8,SABADO,6,JUNIO,6,NO,NO GUARDAR LA DISTANCIA LATERAL MINIMA DE SEGURIDAD ENTRE VEHICULOS.,ROZAMIENTOS,CAMIONETA,1,0,0,0,1,0,0,0,0,0,0,0,0,2,34,HOMBRE,ILESO,CONDUCTOR PRESENTE,NO,NO,1
23390,86136,86137,2020,0,0,-0.185884,-78.453561,PICHINCHA,QUITO,NAYON,URBANA,2020-06-20,08:35:00,8,SABADO,6,JUNIO,6,NO,"PRESENCIA DE AGENTES EXTERNOS EN LA VIA (AGUA, ACEITE, PIEDRA, LASTRE, ESCOMBROS, MADEROS, ETC.).",ESTRELLAMIENTOS,AUTOMOVIL,1,0,0,0,0,0,0,0,0,0,0,0,0,1,58,HOMBRE,ILESO,CONDUCTOR PRESENTE,NO,NO,1
23391,86144,86145,2020,0,0,-0.220556,-78.393037,PICHINCHA,QUITO,TUMBACO,RURAL,2020-06-20,10:30:00,10,SABADO,6,JUNIO,6,NO,NO MANTENER LA DISTANCIA PRUDENCIAL CON RESPECTO AL VEHICULO QUE LE ANTECEDE.,CHOQUE LATERAL,CAMIONETA,0,0,0,0,2,0,0,0,0,0,0,0,0,2,33,HOMBRE,ILESO,CONDUCTOR PRESENTE,NO,NO,3
23392,86150,86151,2020,0,0,-0.312913,-78.480314,PICHINCHA,QUITO,CONOCOTO,RURAL,2020-06-20,12:50:00,12,SABADO,6,JUNIO,6,NO,NO CEDER EL DERECHO DE VIA O PREFERENCIA DE PASO A VEHICULOS.,CHOQUE LATERAL,MOTOCICLETA,1,0,0,0,0,0,0,0,1,0,0,0,0,2,49,HOMBRE,ILESO,CONDUCTOR PRESENTE,NO,NO,3
23393,86151,86152,2020,0,0,-0.302599,-78.565475,PICHINCHA,QUITO,QUITO,URBANA,2020-06-20,12:50:00,12,SABADO,6,JUNIO,6,NO,"NO RESPETAR LAS SENIALES REGLAMENTARIAS DE TRANSITO. (PARE, CEDA EL PASO, LUZ ROJA DEL SEMAFORO, ETC).",CHOQUE LATERAL,MOTOCICLETA,1,0,0,0,0,0,0,0,1,0,0,0,0,2,25,MUJER,ILESO,CONDUCTOR PRESENTE,NO,NO,1
23394,86155,86156,2020,0,0,-0.106899,-78.492375,PICHINCHA,QUITO,QUITO,URBANA,2020-06-20,15:40:00,15,SABADO,6,JUNIO,6,NO,NO GUARDAR LA DISTANCIA LATERAL MINIMA DE SEGURIDAD ENTRE VEHICULOS.,CHOQUE LATERAL,AUTOMOVIL,2,0,0,0,0,0,0,0,0,0,0,0,0,2,27,HOMBRE,ILESO,CONDUCTOR PRESENTE,NO,NO,1
23395,86156,86157,2020,0,0,-0.446111,-78.745833,PICHINCHA,MEJIA,MANUEL CORNEJO ASTORGA,RURAL,2020-06-20,15:46:00,15,SABADO,6,JUNIO,6,NO,"CONDUCIR DESATENTO A LAS CONDICIONES DE TRANSITO (CELULAR, PANTALLAS DE VIDEO, COMIDA, MAQUILLAJE O CUALQUIER OTRO ELEMENTO DISTRACTOR).",PERDIDA DE CARRIL,AUTOMOVIL,1,0,0,0,0,0,0,0,0,0,0,0,0,1,-1,HOMBRE,ILESO,CONDUCTOR PRESENTE,NO,NO,3
23396,86160,86161,2020,1,0,0.048564,-78.219805,PICHINCHA,PEDRO MONCAYO,TABACUNDO,RURAL,2020-06-20,18:00:00,18,SABADO,6,JUNIO,6,NO,"CONDUCIR DESATENTO A LAS CONDICIONES DE TRANSITO (CELULAR, PANTALLAS DE VIDEO, COMIDA, MAQUILLAJE O CUALQUIER OTRO ELEMENTO DISTRACTOR).",CAIDA DE PASAJERO,BUS,0,0,1,0,0,0,0,0,0,0,0,0,0,1,21,HOMBRE,LESIONADO,PASAJERO,NO,NO,3
23397,86161,86162,2020,0,2,-0.174894,-78.501169,PICHINCHA,QUITO,QUITO,URBANA,2020-06-20,18:30:00,18,SABADO,6,JUNIO,6,NO,CONDUCIR VEHICULO SUPERANDO LOS LIMITES MAXIMOS DE VELOCIDAD.,ESTRELLAMIENTOS,AUTOMOVIL,1,0,0,0,0,0,0,0,0,0,0,0,0,1,24,MUJER,FALLECIDO,PASAJERO,NO,NO,1
23398,86168,86169,2020,0,0,-0.087553,-78.486041,PICHINCHA,QUITO,QUITO,URBANA,2020-06-20,19:30:00,19,SABADO,6,JUNIO,6,NO,"CONDUCIR DESATENTO A LAS CONDICIONES DE TRANSITO (CELULAR, PANTALLAS DE VIDEO, COMIDA, MAQUILLAJE O CUALQUIER OTRO ELEMENTO DISTRACTOR).",ESTRELLAMIENTOS,AUTOMOVIL,1,0,0,0,0,0,0,0,0,0,0,0,0,1,29,MUJER,ILESO,PASAJERO,NO,SI,1
23399,86174,86175,2020,1,0,-0.509447,-78.587751,PICHINCHA,MEJIA,ALOASI,URBANA,2020-06-20,20:00:00,20,SABADO,6,JUNIO,6,NO,"CONDUCIR DESATENTO A LAS CONDICIONES DE TRANSITO (CELULAR, PANTALLAS DE VIDEO, COMIDA, MAQUILLAJE O CUALQUIER OTRO ELEMENTO DISTRACTOR).",ESTRELLAMIENTOS,MOTOCICLETA,0,0,0,1,0,0,0,0,1,0,0,0,0,2,33,HOMBRE,LESIONADO,CONDUCTOR PRESENTE,NO,SI,1
23400,86175,86176,2020,0,0,-0.128693,-78.471214,PICHINCHA,QUITO,QUITO,URBANA,2020-06-20,20:20:00,20,SABADO,6,JUNIO,6,NO,"CONDUCE BAJO LA INFLUENCIA DE ALCOHOL, SUSTANCIAS ESTUPEFACIENTES O PSICOTROPICAS Y/O MEDICAMENTOS.",CHOQUE LATERAL,AUTOMOVIL,2,0,0,0,0,0,0,0,0,0,0,0,0,2,21,HOMBRE,ILESO,CONDUCTOR PRESENTE,NO,NO,1
23401,86178,86179,2020,0,0,-0.183598,-78.490381,PICHINCHA,QUITO,QUITO,URBANA,2020-06-20,21:00:00,21,SABADO,6,JUNIO,6,NO,"CONDUCE BAJO LA INFLUENCIA DE ALCOHOL, SUSTANCIAS ESTUPEFACIENTES O PSICOTROPICAS Y/O MEDICAMENTOS.",CHOQUE LATERAL,AUTOMOVIL,2,0,0,0,0,0,0,0,0,0,0,0,0,2,52,MUJER,ILESO,PASAJERO,NO,NO,1
23402,86182,86183,2020,0,0,-0.155095,-78.504529,PICHINCHA,QUITO,QUITO,URBANA,2020-06-20,22:20:00,22,SABADO,6,JUNIO,6,NO,"NO RESPETAR LAS SENIALES REGLAMENTARIAS DE TRANSITO. (PARE, CEDA EL PASO, LUZ ROJA DEL SEMAFORO, ETC).",ESTRELLAMIENTOS,AUTOMOVIL,1,0,0,0,0,0,0,0,0,0,0,0,0,1,-1,NO IDENTIFICADO,NO IDENTIFICADO,CONDUCTOR AUSENTE,NO,NO,2
23403,86183,86184,2020,0,0,-0.128531,-78.487493,PICHINCHA,QUITO,QUITO,URBANA,2020-06-20,22:25:00,22,SABADO,6,JUNIO,6,NO,"NO RESPETAR LAS SENIALES REGLAMENTARIAS DE TRANSITO. (PARE, CEDA EL PASO, LUZ ROJA DEL SEMAFORO, ETC).",ESTRELLAMIENTOS,AUTOMOVIL,1,0,0,0,0,0,0,0,0,0,0,0,0,1,-1,NO IDENTIFICADO,NO IDENTIFICADO,CONDUCTOR AUSENTE,NO,NO,2
23404,86188,86189,2020,0,0,-0.284269,-78.518971,PICHINCHA,QUITO,QUITO,URBANA,2020-06-21,00:35:00,0,DOMINGO,7,JUNIO,6,NO,"CONDICIONES AMBIENTALES Y/O ATMOSFERICAS (NIEBLA, NEBLINA, GRANIZO, LLUVIA).",ESTRELLAMIENTOS,AUTOMOVIL,1,0,0,0,0,0,0,0,0,0,0,0,0,1,-1,NO IDENTIFICADO,NO IDENTIFICADO,CONDUCTOR AUSENTE,NO,NO,2
23405,86191,86192,2020,0,0,-0.286581,-78.549902,PICHINCHA,QUITO,QUITO,URBANA,2020-06-21,01:00:00,1,DOMINGO,7,JUNIO,6,NO,CONDUCIR VEHICULO SUPERANDO LOS LIMITES MAXIMOS DE VELOCIDAD.,VOLCAMIENTOS,FURGONETA,0,0,0,0,0,0,0,1,0,0,0,0,0,1,-1,NO IDENTIFICADO,NO IDENTIFICADO,CONDUCTOR AUSENTE,NO,NO,2
23406,86192,86193,2020,0,0,-0.262722,-78.538106,PICHINCHA,QUITO,QUITO,URBANA,2020-06-21,01:15:00,1,DOMINGO,7,JUNIO,6,NO,NO GUARDAR LA DISTANCIA LATERAL MINIMA DE SEGURIDAD ENTRE VEHICULOS.,CHOQUE LATERAL,MOTOCICLETA,0,0,0,0,0,0,0,0,2,0,0,0,0,2,30,MUJER,ILESO,CONDUCTOR PRESENTE,NO,NO,1
23407,86193,86194,2020,0,0,-0.284269,-78.518971,PICHINCHA,QUITO,QUITO,URBANA,2020-06-21,01:24:00,1,DOMINGO,7,JUNIO,6,NO,"CONDUCE BAJO LA INFLUENCIA DE ALCOHOL, SUSTANCIAS ESTUPEFACIENTES O PSICOTROPICAS Y/O MEDICAMENTOS.",ESTRELLAMIENTOS,CAMIONETA,0,0,0,0,2,0,0,0,0,0,0,0,0,2,42,HOMBRE,ILESO,CONDUCTOR PRESENTE,NO,NO,1
23408,86194,86195,2020,0,0,-0.284269,-78.518971,PICHINCHA,QUITO,QUITO,URBANA,2020-06-21,01:56:00,1,DOMINGO,7,JUNIO,6,NO,"CONDUCE BAJO LA INFLUENCIA DE ALCOHOL, SUSTANCIAS ESTUPEFACIENTES O PSICOTROPICAS Y/O MEDICAMENTOS.",ESTRELLAMIENTOS,AUTOMOVIL,1,0,0,0,0,0,0,0,0,0,0,0,0,1,46,HOMBRE,ILESO,CONDUCTOR PRESENTE,NO,NO,1
23409,86197,86198,2020,1,0,-0.250988,-78.516602,PICHINCHA,QUITO,QUITO,URBANA,2020-06-21,03:00:00,3,DOMINGO,7,JUNIO,6,NO,"PRESENCIA DE AGENTES EXTERNOS EN LA VIA (AGUA, ACEITE, PIEDRA, LASTRE, ESCOMBROS, MADEROS, ETC.).",VOLCAMIENTOS,MOTOCICLETA,0,0,0,0,0,0,0,0,1,0,0,0,0,1,35,HOMBRE,LESIONADO,CONDUCTOR PRESENTE,NO,NO,1
23410,86200,86201,2020,0,0,-0.289522,-78.538473,PICHINCHA,QUITO,QUITO,URBANA,2020-06-21,04:45:00,4,DOMINGO,7,JUNIO,6,NO,"PRESENCIA DE AGENTES EXTERNOS EN LA VIA (AGUA, ACEITE, PIEDRA, LASTRE, ESCOMBROS, MADEROS, ETC.).",ESTRELLAMIENTOS,AUTOMOVIL,1,0,0,0,0,0,0,0,0,0,0,0,0,1,29,MUJER,ILESO,CONDUCTOR PRESENTE,NO,NO,1
23411,86204,86205,2020,0,0,-0.105384,-78.497732,PICHINCHA,QUITO,QUITO,URBANA,2020-06-21,06:00:00,6,DOMINGO,7,JUNIO,6,NO,"CONDICIONES AMBIENTALES Y/O ATMOSFERICAS (NIEBLA, NEBLINA, GRANIZO, LLUVIA).",CHOQUE LATERAL,AUTOMOVIL,1,0,0,1,0,0,0,0,0,0,0,0,0,2,36,HOMBRE,ILESO,CONDUCTOR PRESENTE,NO,NO,1
23412,86206,86207,2020,1,0,-0.052169,-78.456129,PICHINCHA,QUITO,POMASQUI,URBANA,2020-06-21,06:20:00,6,DOMINGO,7,JUNIO,6,NO,"CONDUCIR DESATENTO A LAS CONDICIONES DE TRANSITO (CELULAR, PANTALLAS DE VIDEO, COMIDA, MAQUILLAJE O CUALQUIER OTRO ELEMENTO DISTRACTOR).",ATROPELLOS,NO IDENTIFICADO,0,0,0,0,0,0,0,0,0,1,0,0,0,1,26,HOMBRE,LESIONADO,PEATON,NO,SI,1
23413,86209,86210,2020,1,0,-0.396083,-78.811527,PICHINCHA,MEJIA,MANUEL CORNEJO ASTORGA,RURAL,2020-06-21,07:30:00,7,DOMINGO,7,JUNIO,6,NO,CONDUCIR EN SENTIDO CONTRARIO A LA VIA NORMAL DE CIRCULACION.,CHOQUE FRONTAL,AUTOMOVIL,1,0,0,1,0,0,0,0,0,0,0,0,0,2,-1,NO IDENTIFICADO,LESIONADO,CONDUCTOR PRESENTE,NO,NO,2
23414,86215,86216,2020,1,0,-0.093201,-78.437227,PICHINCHA,QUITO,CALDERON (CARAPUNGO),RURAL,2020-06-21,11:05:00,11,DOMINGO,7,JUNIO,6,NO,"NO RESPETAR LAS SENIALES REGLAMENTARIAS DE TRANSITO. (PARE, CEDA EL PASO, LUZ ROJA DEL SEMAFORO, ETC).",CHOQUE LATERAL,AUTOMOVIL,1,0,0,0,0,0,0,0,1,0,0,0,0,2,25,HOMBRE,LESIONADO,CONDUCTOR PRESENTE,NO,NO,3
23415,86216,86217,2020,0,0,-0.276908,-78.542353,PICHINCHA,QUITO,QUITO,URBANA,2020-06-21,12:10:00,12,DOMINGO,7,JUNIO,6,NO,NO GUARDAR LA DISTANCIA LATERAL MINIMA DE SEGURIDAD ENTRE VEHICULOS.,CHOQUE LATERAL,AUTOMOVIL,1,0,0,0,1,0,0,0,0,0,0,0,0,2,22,HOMBRE,ILESO,CONDUCTOR PRESENTE,NO,NO,1
23416,86227,86228,2020,0,0,-0.106694,-78.481991,PICHINCHA,QUITO,QUITO,URBANA,2020-06-21,17:00:00,17,DOMINGO,7,JUNIO,6,NO,DANIOS MECANICOS PREVISIBLES.,ESTRELLAMIENTOS,AUTOMOVIL,1,0,0,0,0,0,0,0,0,0,0,0,0,1,69,HOMBRE,ILESO,CONDUCTOR PRESENTE,NO,NO,1
23417,86235,86236,2020,1,0,-0.289679,-78.542208,PICHINCHA,QUITO,QUITO,URBANA,2020-06-21,19:00:00,19,DOMINGO,7,JUNIO,6,NO,CONDUCIR VEHICULO SUPERANDO LOS LIMITES MAXIMOS DE VELOCIDAD.,PERDIDA DE CARRIL,MOTOCICLETA,0,0,0,0,0,0,0,0,1,0,0,0,0,1,35,HOMBRE,LESIONADO,CONDUCTOR PRESENTE,NO,NO,1
23418,86247,86248,2020,0,1,-0.332815,-78.550344,PICHINCHA,QUITO,QUITO,URBANA,2020-06-21,22:05:00,22,DOMINGO,7,JUNIO,6,NO,CONDUCIR VEHICULO SUPERANDO LOS LIMITES MAXIMOS DE VELOCIDAD.,OTROS,NO IDENTIFICADO,0,0,0,0,0,0,0,0,0,1,0,0,0,1,20,HOMBRE,FALLECIDO,PEATON,NO,NO,1
23419,86251,86252,2020,0,0,-0.375496,-78.506023,PICHINCHA,QUITO,AMAGUANIA,RURAL,2020-06-22,00:10:00,0,LUNES,1,JUNIO,6,NO,CONDUCIR VEHICULO SUPERANDO LOS LIMITES MAXIMOS DE VELOCIDAD.,OTROS,MOTOCICLETA,0,0,0,0,0,0,0,0,2,0,0,0,0,2,-1,NO IDENTIFICADO,NO IDENTIFICADO,CONDUCTOR AUSENTE,NO,NO,2
23420,86254,86255,2020,0,0,-0.213659,-78.491491,PICHINCHA,QUITO,QUITO,URBANA,2020-06-22,00:40:00,0,LUNES,1,JUNIO,6,NO,CONDUCIR VEHICULO SUPERANDO LOS LIMITES MAXIMOS DE VELOCIDAD.,ESTRELLAMIENTOS,AUTOMOVIL,1,0,0,0,0,0,0,0,0,0,0,0,0,1,30,HOMBRE,ILESO,PASAJERO,NO,NO,1
23421,86258,86259,2020,0,0,-0.197511,-78.500475,PICHINCHA,QUITO,QUITO,URBANA,2020-06-22,03:30:00,3,LUNES,1,JUNIO,6,NO,"NO RESPETAR LAS SENIALES REGLAMENTARIAS DE TRANSITO. (PARE, CEDA EL PASO, LUZ ROJA DEL SEMAFORO, ETC).",CHOQUE LATERAL,AUTOMOVIL,1,0,0,0,0,0,0,1,0,0,0,0,0,2,51,HOMBRE,ILESO,CONDUCTOR PRESENTE,NO,NO,1
23422,86265,86266,2020,0,0,-0.308006,-78.559416,PICHINCHA,QUITO,QUITO,URBANA,2020-06-22,06:10:00,6,LUNES,1,JUNIO,6,NO,CONDUCIR VEHICULO SUPERANDO LOS LIMITES MAXIMOS DE VELOCIDAD.,ESTRELLAMIENTOS,CAMIONETA,0,0,0,0,1,0,0,0,0,0,0,0,0,1,24,HOMBRE,ILESO,CONDUCTOR PRESENTE,NO,NO,1
23423,86268,86269,2020,1,0,-0.264263,-78.550001,PICHINCHA,QUITO,QUITO,URBANA,2020-06-22,08:25:00,8,LUNES,1,JUNIO,6,NO,NO TRANSITAR POR LAS ACERAS O ZONAS DE SEGURIDAD DESTINADAS PARA EL EFECTO.,ATROPELLOS,BUS,0,0,1,0,0,0,0,0,0,0,0,0,0,1,57,MUJER,LESIONADO,PEATON,NO,NO,1
23424,86289,86290,2020,0,0,-0.176371,-78.495323,PICHINCHA,QUITO,QUITO,URBANA,2020-06-22,20:35:00,20,LUNES,1,JUNIO,6,NO,NO GUARDAR LA DISTANCIA LATERAL MINIMA DE SEGURIDAD ENTRE VEHICULOS.,CHOQUE LATERAL,AUTOMOVIL,2,0,0,0,0,0,0,0,0,0,0,0,0,2,27,MUJER,ILESO,CONDUCTOR PRESENTE,NO,NO,1
23425,86296,86297,2020,0,0,-0.081652,-78.482501,PICHINCHA,QUITO,QUITO,URBANA,2020-06-23,10:20:00,10,MARTES,2,JUNIO,6,NO,CONDUCIR VEHICULO SUPERANDO LOS LIMITES MAXIMOS DE VELOCIDAD.,CHOQUE LATERAL,CAMION,1,0,0,1,0,0,0,0,0,0,0,0,0,2,25,HOMBRE,ILESO,PASAJERO,NO,SI,1
23426,86297,86298,2020,1,0,-0.154457,-78.476966,PICHINCHA,QUITO,QUITO,URBANA,2020-06-23,10:20:00,10,MARTES,2,JUNIO,6,NO,CONDUCIR VEHICULO SUPERANDO LOS LIMITES MAXIMOS DE VELOCIDAD.,OTROS,MOTOCICLETA,0,0,0,0,0,0,0,0,1,1,0,0,0,2,50,HOMBRE,LESIONADO,CONDUCTOR PRESENTE,NO,NO,1
23427,86300,86301,2020,0,0,-0.154457,-78.476966,PICHINCHA,QUITO,QUITO,URBANA,2020-06-23,11:10:00,11,MARTES,2,JUNIO,6,NO,NO GUARDAR LA DISTANCIA LATERAL MINIMA DE SEGURIDAD ENTRE VEHICULOS.,CHOQUE LATERAL,AUTOMOVIL,2,0,0,0,0,0,0,0,0,0,0,0,0,2,25,HOMBRE,ILESO,CONDUCTOR PRESENTE,NO,NO,1
23428,86302,86303,2020,0,0,-0.299783,-78.565911,PICHINCHA,QUITO,QUITO,URBANA,2020-06-23,14:00:00,14,MARTES,2,JUNIO,6,NO,CONDUCIR VEHICULO SUPERANDO LOS LIMITES MAXIMOS DE VELOCIDAD.,OTROS,AUTOMOVIL,4,0,0,0,0,0,0,0,0,0,0,0,0,4,62,HOMBRE,ILESO,CONDUCTOR PRESENTE,NO,NO,1
23429,86305,86306,2020,0,0,-0.271286,-78.466036,PICHINCHA,QUITO,CONOCOTO,RURAL,2020-06-23,15:55:00,15,MARTES,2,JUNIO,6,NO,NO MANTENER LA DISTANCIA PRUDENCIAL CON RESPECTO AL VEHICULO QUE LE ANTECEDE.,CHOQUE LATERAL,CAMIONETA,1,0,0,0,1,0,0,0,0,0,0,0,0,2,55,HOMBRE,ILESO,CONDUCTOR PRESENTE,NO,NO,3
23430,86309,86310,2020,0,0,-0.237492,-78.484551,PICHINCHA,QUITO,QUITO,URBANA,2020-06-23,17:55:00,17,MARTES,2,JUNIO,6,NO,NO MANTENER LA DISTANCIA PRUDENCIAL CON RESPECTO AL VEHICULO QUE LE ANTECEDE.,COLISION,CAMIONETA,3,0,0,0,1,0,0,0,0,0,0,0,0,4,42,HOMBRE,ILESO,CONDUCTOR PRESENTE,NO,NO,1