,Unnamed: 0,ID,ANIO,LESIONADOS,FALLECIDOS,LATITUD_Y,LONGITUD_X,PROVINCIA,CANTON,PARROQUIA,ZONA,FECHA,HORA,PERIODO_2,DIA_1,DIA_2,MES_1,MES_2,FERIADO,CAUSA_PROBABLE,TIPO_DE_SINIESTRO,TIPO_DE_VEHICULO_1,AUTOMOVIL,BICICLETA,BUS,CAMION,CAMIONETA,EMERGENCIAS,ESPECIAL,FURGONETA,MOTOCICLETA,NO_IDENTIFICADO,SCOOTER_ELECTRICO,TRICIMOTO,VEHICULO_DEPORTIVO_UTILITARIO,SUMA_DE_VEHICULOS,EDAD_1,SEXO_1,CONDICION_1,PARTICIPANTE_1,CASCO_1,CINTURON_1,KMeans_Cluster
23431,86311,86312,2020,0,0,-0.267286,-78.527086,PICHINCHA,QUITO,QUITO,URBANA,2020-06-23,18:25:00,18,MARTES,2,JUNIO,6,NO,"NO RESPETAR LAS SENIALES REGLAMENTARIAS DE TRANSITO. (PARE, CEDA EL PASO, LUZ ROJA DEL SEMAFORO, ETC).",CHOQUE LATERAL,CAMION,0,0,0,1,1,0,0,0,0,0,0,0,0,2,30,HOMBRE,ILESO,CONDUCTOR PRESENTE,NO,NO,1
23432,86314,86315,2020,1,0,-0.091585,-78.439052,PICHINCHA,QUITO,CALDERON (CARAPUNGO),RURAL,2020-06-23,23:25:00,23,MARTES,2,JUNIO,6,NO,"CONDUCE BAJO LA INFLUENCIA DE ALCOHOL, SUSTANCIAS ESTUPEFACIENTES O PSICOTROPICAS Y/O MEDICAMENTOS.",CHOQUE LATERAL,AUTOMOVIL,1,0,0,0,1,0,0,0,0,0,0,0,0,2,23,HOMBRE,LESIONADO,CONDUCTOR PRESENTE,NO,NO,3
23433,86318,86319,2020,3,0,-0.099083,-78.421844,PICHINCHA,QUITO,CALDERON (CARAPUNGO),RURAL,2020-06-24,07:50:00,7,MIERCOLES,3,JUNIO,6,NO,NO GUARDAR LA DISTANCIA LATERAL MINIMA DE SEGURIDAD ENTRE VEHICULOS.,CHOQUE LATERAL,MOTOCICLETA,0,0,0,0,1,0,0,0,1,0,0,0,0,2,5,MUJER,LESIONADO,PASAJERO,NO,NO,3
23434,86319,86320,2020,1,0,-0.171497,-78.490692,PICHINCHA,QUITO,QUITO,URBANA,2020-06-24,07:55:00,7,MIERCOLES,3,JUNIO,6,NO,NO MANTENER LA DISTANCIA PRUDENCIAL CON RESPECTO AL VEHICULO QUE LE ANTECEDE.,CHOQUE LATERAL,CAMIONETA,1,0,0,0,1,0,0,0,0,0,0,0,0,2,31,MUJER,LESIONADO,PASAJERO,NO,NO,1
23435,86321,86322,2020,2,0,-0.123264,-78.465506,PICHINCHA,QUITO,QUITO,URBANA,2020-06-24,09:30:00,9,MIERCOLES,3,JUNIO,6,NO,NO GUARDAR LA DISTANCIA LATERAL MINIMA DE SEGURIDAD ENTRE VEHICULOS.,CHOQUE LATERAL,MOTOCICLETA,0,0,0,0,0,0,0,0,2,0,0,0,0,2,29,HOMBRE,LESIONADO,CONDUCTOR PRESENTE,NO,NO,1
23436,86332,86333,2020,1,0,-0.280642,-78.559821,PICHINCHA,QUITO,QUITO,URBANA,2020-06-24,14:00:00,14,MIERCOLES,3,JUNIO,6,NO,REALIZAR CAMBIO BRUSCO O INDEBIDO DE CARRIL.,CHOQUE FRONTAL,MOTOCICLETA,1,0,0,0,0,0,0,0,1,0,0,0,0,2,33,HOMBRE,LESIONADO,CONDUCTOR PRESENTE,NO,NO,1
23437,86335,86336,2020,1,0,-0.142041,-78.443217,PICHINCHA,QUITO,LLANO CHICO,RURAL,2020-06-24,15:07:00,15,MIERCOLES,3,JUNIO,6,NO,"PRESENCIA DE AGENTES EXTERNOS EN LA VIA (AGUA, ACEITE, PIEDRA, LASTRE, ESCOMBROS, MADEROS, ETC.).",PERDIDA DE CARRIL,MOTOCICLETA,0,0,0,0,0,0,0,0,1,0,0,0,0,1,33,HOMBRE,LESIONADO,CONDUCTOR PRESENTE,NO,NO,3
23438,86339,86340,2020,0,0,-0.291082,-78.461208,PICHINCHA,QUITO,ALANGASI,RURAL,2020-06-24,16:35:00,16,MIERCOLES,3,JUNIO,6,NO,CONDUCIR VEHICULO SUPERANDO LOS LIMITES MAXIMOS DE VELOCIDAD.,OTROS,CAMION,0,0,0,1,0,0,0,0,0,0,0,0,0,1,72,HOMBRE,ILESO,CONDUCTOR PRESENTE,NO,NO,3
23439,86341,86342,2020,0,0,-0.001331,-78.447963,PICHINCHA,QUITO,SAN ANTONIO (QUITO),RURAL,2020-06-24,17:19:00,17,MIERCOLES,3,JUNIO,6,NO,NO GUARDAR LA DISTANCIA LATERAL MINIMA DE SEGURIDAD ENTRE VEHICULOS.,CHOQUE LATERAL,AUTOMOVIL,1,0,0,0,1,0,0,0,0,0,0,0,0,2,1,MUJER,ILESO,PASAJERO,NO,NO,3
23440,86347,86348,2020,0,0,-0.315072,-78.511836,PICHINCHA,QUITO,QUITO,URBANA,2020-06-24,20:13:00,20,MIERCOLES,3,JUNIO,6,NO,NO GUARDAR LA DISTANCIA LATERAL MINIMA DE SEGURIDAD ENTRE VEHICULOS.,CHOQUE LATERAL,AUTOMOVIL,2,0,0,0,0,0,0,0,0,0,0,0,0,2,41,MUJER,ILESO,PASAJERO,NO,NO,1
23441,86349,86350,2020,1,0,-0.256905,-78.521688,PICHINCHA,QUITO,QUITO,URBANA,2020-06-24,21:30:00,21,MIERCOLES,3,JUNIO,6,NO,"CONDUCE BAJO LA INFLUENCIA DE ALCOHOL, SUSTANCIAS ESTUPEFACIENTES O PSICOTROPICAS Y/O MEDICAMENTOS.",CHOQUE FRONTAL,AUTOMOVIL,1,0,0,0,0,0,0,0,1,0,0,0,0,2,41,HOMBRE,LESIONADO,CONDUCTOR PRESENTE,NO,NO,1
23442,86351,86352,2020,0,0,-0.206535,-78.512278,PICHINCHA,QUITO,QUITO,URBANA,2020-06-24,22:55:00,22,MIERCOLES,3,JUNIO,6,NO,CONDUCIR VEHICULO SUPERANDO LOS LIMITES MAXIMOS DE VELOCIDAD.,ESTRELLAMIENTOS,FURGONETA,0,0,0,0,0,0,0,1,0,0,0,0,0,1,33,HOMBRE,ILESO,PASAJERO,NO,NO,1
23443,86355,86356,2020,1,0,-0.154927,-78.476996,PICHINCHA,QUITO,QUITO,URBANA,2020-06-25,07:30:00,7,JUEVES,4,JUNIO,6,NO,CONDUCIR VEHICULO SUPERANDO LOS LIMITES MAXIMOS DE VELOCIDAD.,OTROS,AUTOMOVIL,2,0,0,0,0,0,0,0,1,0,0,0,0,3,24,HOMBRE,LESIONADO,CONDUCTOR PRESENTE,NO,NO,1
23444,86356,86357,2020,0,0,-0.305953,-78.470254,PICHINCHA,QUITO,CONOCOTO,RURAL,2020-06-25,08:00:00,8,JUEVES,4,JUNIO,6,NO,CONDUCIR VEHICULO SUPERANDO LOS LIMITES MAXIMOS DE VELOCIDAD.,ESTRELLAMIENTOS,AUTOMOVIL,1,0,0,0,0,0,0,0,0,0,0,0,0,1,33,HOMBRE,ILESO,CONDUCTOR PRESENTE,NO,NO,3
23445,86370,86371,2020,0,0,-0.196283,-78.512594,PICHINCHA,QUITO,QUITO,URBANA,2020-06-25,18:00:00,18,JUEVES,4,JUNIO,6,NO,"CONDUCE BAJO LA INFLUENCIA DE ALCOHOL, SUSTANCIAS ESTUPEFACIENTES O PSICOTROPICAS Y/O MEDICAMENTOS.",CHOQUE LATERAL,AUTOMOVIL,2,0,0,0,0,0,0,0,0,0,0,0,0,2,44,HOMBRE,ILESO,CONDUCTOR PRESENTE,NO,NO,1
23446,86374,86375,2020,0,0,-0.192249,-78.488383,PICHINCHA,QUITO,QUITO,URBANA,2020-06-25,20:40:00,20,JUEVES,4,JUNIO,6,NO,CONDUCIR VEHICULO SUPERANDO LOS LIMITES MAXIMOS DE VELOCIDAD.,ESTRELLAMIENTOS,AUTOMOVIL,1,0,0,0,0,0,0,0,0,0,0,0,0,1,-1,NO IDENTIFICADO,NO IDENTIFICADO,CONDUCTOR AUSENTE,NO,NO,2
23447,86375,86376,2020,0,1,-0.159774,-78.490108,PICHINCHA,QUITO,QUITO,URBANA,2020-06-25,21:20:00,21,JUEVES,4,JUNIO,6,NO,"NO RESPETAR LAS SENIALES REGLAMENTARIAS DE TRANSITO. (PARE, CEDA EL PASO, LUZ ROJA DEL SEMAFORO, ETC).",OTROS,BICICLETA,0,1,0,0,0,0,0,0,0,1,0,0,0,2,51,HOMBRE,FALLECIDO,CONDUCTOR PRESENTE,NO,NO,1
23448,86376,86377,2020,0,0,-0.115381,-78.490774,PICHINCHA,QUITO,QUITO,URBANA,2020-06-26,00:20:00,0,VIERNES,5,JUNIO,6,NO,"CONDUCIR EN ESTADO DE SOMNOLENCIA O MALAS CONDICIONES FISICAS (SUENIO, CANSANCIO Y FATIGA).",ESTRELLAMIENTOS,AUTOMOVIL,1,0,0,0,0,0,0,0,0,0,0,0,0,1,46,HOMBRE,ILESO,CONDUCTOR PRESENTE,NO,NO,1
23449,86379,86380,2020,1,0,-0.283576,-78.535479,PICHINCHA,QUITO,QUITO,URBANA,2020-06-26,06:30:00,6,VIERNES,5,JUNIO,6,NO,"NO RESPETAR LAS SENIALES REGLAMENTARIAS DE TRANSITO. (PARE, CEDA EL PASO, LUZ ROJA DEL SEMAFORO, ETC).",CHOQUE LATERAL,AUTOMOVIL,1,0,0,0,1,0,0,0,0,0,0,0,0,2,38,MUJER,LESIONADO,PASAJERO,NO,NO,1
23450,86381,86382,2020,0,0,-0.153691,-78.492136,PICHINCHA,QUITO,QUITO,URBANA,2020-06-26,08:40:00,8,VIERNES,5,JUNIO,6,NO,CONDUCIR VEHICULO SUPERANDO LOS LIMITES MAXIMOS DE VELOCIDAD.,ESTRELLAMIENTOS,AUTOMOVIL,3,0,0,0,1,0,0,0,0,0,0,0,0,4,35,HOMBRE,ILESO,CONDUCTOR PRESENTE,NO,NO,1
23451,86386,86387,2020,3,0,-0.065602,-78.463168,PICHINCHA,QUITO,POMASQUI,URBANA,2020-06-26,10:33:00,10,VIERNES,5,JUNIO,6,NO,"CONDUCIR DESATENTO A LAS CONDICIONES DE TRANSITO (CELULAR, PANTALLAS DE VIDEO, COMIDA, MAQUILLAJE O CUALQUIER OTRO ELEMENTO DISTRACTOR).",PERDIDA DE CARRIL,VEHICULO DEPORTIVO UTILITARIO,0,0,0,0,0,0,0,0,0,0,0,0,1,1,31,MUJER,LESIONADO,PASAJERO,NO,SI,1
23452,86393,86394,2020,1,0,-0.441826,-78.700632,PICHINCHA,MEJIA,ALOAG,RURAL,2020-06-26,15:47:00,15,VIERNES,5,JUNIO,6,NO,"CONDUCIR DESATENTO A LAS CONDICIONES DE TRANSITO (CELULAR, PANTALLAS DE VIDEO, COMIDA, MAQUILLAJE O CUALQUIER OTRO ELEMENTO DISTRACTOR).",PERDIDA DE CARRIL,CAMIONETA,0,0,0,1,1,0,0,0,0,0,0,0,0,2,-1,NO IDENTIFICADO,LESIONADO,PASAJERO,NO,NO,3
23453,86396,86397,2020,2,0,-0.387602,-78.815397,PICHINCHA,MEJIA,MANUEL CORNEJO ASTORGA,RURAL,2020-06-26,16:45:00,16,VIERNES,5,JUNIO,6,NO,NO GUARDAR LA DISTANCIA LATERAL MINIMA DE SEGURIDAD ENTRE VEHICULOS.,ROZAMIENTOS,VEHICULO DEPORTIVO UTILITARIO,1,0,0,1,0,0,0,0,0,0,0,0,1,3,-1,NO IDENTIFICADO,LESIONADO,PASAJERO,NO,NO,3
23454,86397,86398,2020,0,0,-0.441953,-78.712702,PICHINCHA,MEJIA,ALOAG,RURAL,2020-06-26,17:30:00,17,VIERNES,5,JUNIO,6,NO,"CONDUCIR DESATENTO A LAS CONDICIONES DE TRANSITO (CELULAR, PANTALLAS DE VIDEO, COMIDA, MAQUILLAJE O CUALQUIER OTRO ELEMENTO DISTRACTOR).",PERDIDA DE CARRIL,CAMIONETA,0,0,0,0,1,0,0,0,0,0,0,0,0,1,56,HOMBRE,ILESO,CONDUCTOR PRESENTE,NO,NO,3
23455,86402,86403,2020,0,0,-0.243253,-78.519879,PICHINCHA,QUITO,QUITO,URBANA,2020-06-26,18:50:00,18,VIERNES,5,JUNIO,6,NO,NO CEDER EL DERECHO DE VIA O PREFERENCIA DE PASO A VEHICULOS.,CHOQUE LATERAL,AUTOMOVIL,2,0,0,0,0,0,0,0,0,0,0,0,0,2,50,HOMBRE,ILESO,CONDUCTOR PRESENTE,NO,NO,1
23456,86403,86404,2020,2,0,-0.282685,-78.490613,PICHINCHA,QUITO,CONOCOTO,RURAL,2020-06-26,19:00:00,19,VIERNES,5,JUNIO,6,NO,"NO RESPETAR LAS SENIALES REGLAMENTARIAS DE TRANSITO. (PARE, CEDA EL PASO, LUZ ROJA DEL SEMAFORO, ETC).",CHOQUE LATERAL,MOTOCICLETA,0,0,0,0,1,0,0,0,1,0,0,0,0,2,20,HOMBRE,LESIONADO,CONDUCTOR PRESENTE,NO,NO,3
23457,86408,86409,2020,0,0,-0.148221,-78.480086,PICHINCHA,QUITO,QUITO,URBANA,2020-06-26,20:50:00,20,VIERNES,5,JUNIO,6,NO,"CONDUCE BAJO LA INFLUENCIA DE ALCOHOL, SUSTANCIAS ESTUPEFACIENTES O PSICOTROPICAS Y/O MEDICAMENTOS.",CHOQUE LATERAL,AUTOMOVIL,2,0,0,0,0,0,0,0,0,0,0,0,0,2,48,HOMBRE,ILESO,CONDUCTOR PRESENTE,NO,NO,1
23458,86413,86414,2020,0,1,-0.065665,-78.463308,PICHINCHA,QUITO,POMASQUI,RURAL,2020-06-26,21:55:00,21,VIERNES,5,JUNIO,6,NO,"CONDICIONES AMBIENTALES Y/O ATMOSFERICAS (NIEBLA, NEBLINA, GRANIZO, LLUVIA).",ATROPELLOS,NO IDENTIFICADO,0,0,0,0,0,0,0,0,0,1,0,0,0,1,63,HOMBRE,FALLECIDO,PEATON,NO,NO,3
23459,86418,86419,2020,2,0,-0.390253,-78.546102,PICHINCHA,MEJIA,CUTUGLAHUA,URBANA,2020-06-27,02:45:00,2,SABADO,6,JUNIO,6,NO,"CONDUCIR DESATENTO A LAS CONDICIONES DE TRANSITO (CELULAR, PANTALLAS DE VIDEO, COMIDA, MAQUILLAJE O CUALQUIER OTRO ELEMENTO DISTRACTOR).",CHOQUE FRONTAL,CAMIONETA,0,0,0,0,1,0,0,0,0,0,0,0,1,2,29,HOMBRE,LESIONADO,CONDUCTOR PRESENTE,NO,SI,1
23460,86419,86420,2020,0,0,-0.108771,-78.455571,PICHINCHA,QUITO,CALDERON (CARAPUNGO),RURAL,2020-06-27,03:30:00,3,SABADO,6,JUNIO,6,NO,"CONDUCE BAJO LA INFLUENCIA DE ALCOHOL, SUSTANCIAS ESTUPEFACIENTES O PSICOTROPICAS Y/O MEDICAMENTOS.",ESTRELLAMIENTOS,AUTOMOVIL,1,0,0,0,0,0,0,0,0,0,0,0,0,1,40,HOMBRE,ILESO,CONDUCTOR PRESENTE,NO,NO,3
23461,86437,86438,2020,0,0,-0.106997,-78.502463,PICHINCHA,QUITO,QUITO,URBANA,2020-06-27,12:38:00,12,SABADO,6,JUNIO,6,NO,CONDUCIR VEHICULO SUPERANDO LOS LIMITES MAXIMOS DE VELOCIDAD.,ESTRELLAMIENTOS,AUTOMOVIL,1,0,0,0,0,0,0,0,0,0,0,0,0,1,22,HOMBRE,ILESO,CONDUCTOR PRESENTE,NO,NO,1
23462,86440,86441,2020,1,0,-0.278934,-78.555665,PICHINCHA,QUITO,QUITO,URBANA,2020-06-27,13:10:00,13,SABADO,6,JUNIO,6,NO,"NO RESPETAR LAS SENIALES REGLAMENTARIAS DE TRANSITO. (PARE, CEDA EL PASO, LUZ ROJA DEL SEMAFORO, ETC).",CHOQUE LATERAL,MOTOCICLETA,1,0,0,0,0,0,0,0,1,0,0,0,0,2,30,MUJER,LESIONADO,PASAJERO,NO,NO,1
23463,86441,86442,2020,0,0,-0.057083,-78.355021,PICHINCHA,QUITO,GUAYLLABAMBA,URBANA,2020-06-27,13:20:00,13,SABADO,6,JUNIO,6,NO,"CASO FORTUITO O FUERZA MAYOR (EXPLOSION DE NEUMATICO NUEVO, DERRUMBE, INUNDACION, CAIDA DE PUENTE, ARBOL, PRESENCIA INTEMPESTIVA E IMPREVISTA DE SEMOVIENTES EN LA VIA, ETC.).",PERDIDA DE CARRIL,AUTOMOVIL,1,0,0,0,0,0,0,0,0,0,0,0,0,1,36,HOMBRE,ILESO,CONDUCTOR PRESENTE,NO,SI,1
23464,86443,86444,2020,0,1,-0.227116,-78.506847,PICHINCHA,QUITO,QUITO,URBANA,2020-06-27,15:00:00,15,SABADO,6,JUNIO,6,NO,DEJAR O RECOGER PASAJEROS EN LUGARES NO PERMITIDOS.,CAIDA DE PASAJERO,NO IDENTIFICADO,0,0,0,0,0,0,0,0,0,1,0,0,0,1,28,MUJER,FALLECIDO,PASAJERO,NO,NO,1
23465,86446,86447,2020,1,0,-0.276583,-78.496537,PICHINCHA,QUITO,CONOCOTO,RURAL,2020-06-27,15:30:00,15,SABADO,6,JUNIO,6,NO,"NO RESPETAR LAS SENIALES REGLAMENTARIAS DE TRANSITO. (PARE, CEDA EL PASO, LUZ ROJA DEL SEMAFORO, ETC).",CHOQUE FRONTAL,FURGONETA,0,0,0,0,1,0,0,1,0,0,0,0,0,2,41,HOMBRE,LESIONADO,CONDUCTOR PRESENTE,NO,NO,3
23466,86450,86451,2020,1,0,-0.298056,-78.385833,PICHINCHA,QUITO,LA MERCED,RURAL,2020-06-27,15:50:00,15,SABADO,6,JUNIO,6,NO,CONDUCIR VEHICULO SUPERANDO LOS LIMITES MAXIMOS DE VELOCIDAD.,VOLCAMIENTOS,CAMIONETA,0,0,0,0,1,0,0,0,0,0,0,0,0,1,46,HOMBRE,LESIONADO,PASAJERO,NO,NO,3
23467,86461,86462,2020,1,0,-0.154453,-78.477363,PICHINCHA,QUITO,QUITO,URBANA,2020-06-27,20:20:00,20,SABADO,6,JUNIO,6,NO,"CONDUCE BAJO LA INFLUENCIA DE ALCOHOL, SUSTANCIAS ESTUPEFACIENTES O PSICOTROPICAS Y/O MEDICAMENTOS.",ATROPELLOS,MOTOCICLETA,0,0,0,0,0,0,0,0,1,0,0,0,0,1,23,HOMBRE,LESIONADO,PEATON,NO,NO,1
23468,86464,86465,2020,0,0,-0.273375,-78.543543,PICHINCHA,QUITO,QUITO,URBANA,2020-06-27,21:15:00,21,SABADO,6,JUNIO,6,NO,NO TRANSITAR POR LAS ACERAS O ZONAS DE SEGURIDAD DESTINADAS PARA EL EFECTO.,ATROPELLOS,NO IDENTIFICADO,0,0,0,0,0,0,0,0,0,1,0,0,0,1,28,MUJER,ILESO,PEATON,NO,NO,1
23469,86468,86469,2020,0,0,-0.093977,-78.470908,PICHINCHA,QUITO,QUITO,URBANA,2020-06-27,22:35:00,22,SABADO,6,JUNIO,6,NO,"NO RESPETAR LAS SENIALES REGLAMENTARIAS DE TRANSITO. (PARE, CEDA EL PASO, LUZ ROJA DEL SEMAFORO, ETC).",ESTRELLAMIENTOS,AUTOMOVIL,1,0,0,0,0,0,0,0,0,0,0,0,0,1,-1,NO IDENTIFICADO,NO IDENTIFICADO,CONDUCTOR AUSENTE,NO,NO,2
23470,86470,86471,2020,0,0,-0.189193,-78.483327,PICHINCHA,QUITO,QUITO,URBANA,2020-06-27,22:55:00,22,SABADO,6,JUNIO,6,NO,"NO RESPETAR LAS SENIALES REGLAMENTARIAS DE TRANSITO. (PARE, CEDA EL PASO, LUZ ROJA DEL SEMAFORO, ETC).",ESTRELLAMIENTOS,AUTOMOVIL,1,0,0,0,0,0,0,0,0,0,0,0,0,1,-1,NO IDENTIFICADO,NO IDENTIFICADO,CONDUCTOR AUSENTE,NO,NO,2
23471,86475,86476,2020,0,0,-0.156481,-78.488351,PICHINCHA,QUITO,QUITO,URBANA,2020-06-27,07:20:00,7,SABADO,6,JUNIO,6,NO,"CONDUCIR EN ESTADO DE SOMNOLENCIA O MALAS CONDICIONES FISICAS (SUENIO, CANSANCIO Y FATIGA).",ESTRELLAMIENTOS,AUTOMOVIL,1,0,0,0,0,0,0,0,0,0,0,0,0,1,29,HOMBRE,ILESO,CONDUCTOR PRESENTE,NO,NO,1
23472,86476,86477,2020,0,1,-0.363901,-78.473852,PICHINCHA,RUMINIAHUI,SANGOLQUI,URBANA,2020-06-28,00:10:00,0,DOMINGO,7,JUNIO,6,NO,"CONDUCIR DESATENTO A LAS CONDICIONES DE TRANSITO (CELULAR, PANTALLAS DE VIDEO, COMIDA, MAQUILLAJE O CUALQUIER OTRO ELEMENTO DISTRACTOR).",ATROPELLOS,NO IDENTIFICADO,0,0,0,0,0,0,0,0,0,1,0,0,0,1,25,HOMBRE,FALLECIDO,PEATON,NO,SI,1
23473,86477,86478,2020,0,2,-0.229592,-78.484866,PICHINCHA,QUITO,QUITO,URBANA,2020-06-28,00:10:00,0,DOMINGO,7,JUNIO,6,NO,"CONDUCIR DESATENTO A LAS CONDICIONES DE TRANSITO (CELULAR, PANTALLAS DE VIDEO, COMIDA, MAQUILLAJE O CUALQUIER OTRO ELEMENTO DISTRACTOR).",PERDIDA DE CARRIL,MOTOCICLETA,0,0,0,0,0,0,0,0,1,0,0,0,0,1,25,MUJER,FALLECIDO,PASAJERO,NO,SI,1
23474,86480,86481,2020,0,0,-0.328831,-78.560625,PICHINCHA,QUITO,QUITO,URBANA,2020-06-28,02:45:00,2,DOMINGO,7,JUNIO,6,NO,CONDUCIR VEHICULO SUPERANDO LOS LIMITES MAXIMOS DE VELOCIDAD.,ESTRELLAMIENTOS,AUTOMOVIL,1,0,0,0,0,0,0,0,0,0,0,0,0,1,-1,NO IDENTIFICADO,NO IDENTIFICADO,CONDUCTOR AUSENTE,NO,NO,2
23475,86481,86482,2020,0,0,-0.213287,-78.522503,PICHINCHA,QUITO,QUITO,URBANA,2020-06-28,03:10:00,3,DOMINGO,7,JUNIO,6,NO,CONDUCIR VEHICULO SUPERANDO LOS LIMITES MAXIMOS DE VELOCIDAD.,ESTRELLAMIENTOS,CAMIONETA,0,0,0,0,1,0,0,0,0,0,0,0,0,1,-1,NO IDENTIFICADO,NO IDENTIFICADO,CONDUCTOR AUSENTE,NO,NO,2
23476,86487,86488,2020,0,0,-0.099083,-78.421844,PICHINCHA,QUITO,CALDERON (CARAPUNGO),RURAL,2020-06-28,05:35:00,5,DOMINGO,7,JUNIO,6,NO,"NO RESPETAR LAS SENIALES REGLAMENTARIAS DE TRANSITO. (PARE, CEDA EL PASO, LUZ ROJA DEL SEMAFORO, ETC).",ESTRELLAMIENTOS,AUTOMOVIL,1,0,0,0,0,0,0,0,0,0,0,0,0,1,-1,NO IDENTIFICADO,NO IDENTIFICADO,CONDUCTOR AUSENTE,NO,NO,2
23477,86491,86492,2020,1,0,-0.117951,-78.462095,PICHINCHA,QUITO,QUITO,URBANA,2020-06-28,10:00:00,10,DOMINGO,7,JUNIO,6,NO,NO GUARDAR LA DISTANCIA LATERAL MINIMA DE SEGURIDAD ENTRE VEHICULOS.,CHOQUE LATERAL,AUTOMOVIL,2,0,0,0,0,0,0,0,0,0,0,0,0,2,50,HOMBRE,LESIONADO,CONDUCTOR PRESENTE,NO,NO,1
23478,86493,86494,2020,0,0,-0.447466,-78.712705,PICHINCHA,MEJIA,MANUEL CORNEJO ASTORGA,RURAL,2020-06-28,14:00:00,14,DOMINGO,7,JUNIO,6,NO,"CONDUCIR DESATENTO A LAS CONDICIONES DE TRANSITO (CELULAR, PANTALLAS DE VIDEO, COMIDA, MAQUILLAJE O CUALQUIER OTRO ELEMENTO DISTRACTOR).",PERDIDA DE CARRIL,CAMION,0,0,0,1,0,0,0,0,0,0,0,0,0,1,54,HOMBRE,ILESO,CONDUCTOR PRESENTE,NO,NO,3
23479,86496,86497,2020,0,0,-0.090451,-78.476204,PICHINCHA,QUITO,QUITO,URBANA,2020-06-28,16:10:00,16,DOMINGO,7,JUNIO,6,NO,NO MANTENER LA DISTANCIA PRUDENCIAL CON RESPECTO AL VEHICULO QUE LE ANTECEDE.,CHOQUE LATERAL,AUTOMOVIL,2,0,0,0,0,0,0,0,0,0,0,0,0,2,67,HOMBRE,ILESO,CONDUCTOR PRESENTE,NO,NO,1
23480,86508,86509,2020,1,0,-0.289258,-78.538371,PICHINCHA,QUITO,QUITO,URBANA,2020-06-28,23:25:00,23,DOMINGO,7,JUNIO,6,NO,"NO RESPETAR LAS SENIALES REGLAMENTARIAS DE TRANSITO. (PARE, CEDA EL PASO, LUZ ROJA DEL SEMAFORO, ETC).",VOLCAMIENTOS,MOTOCICLETA,0,0,0,0,0,0,0,0,1,0,0,0,0,1,53,HOMBRE,LESIONADO,PASAJERO,NO,NO,1
23481,86509,86510,2020,0,0,-0.174894,-78.501169,PICHINCHA,QUITO,QUITO,URBANA,2020-06-29,00:30:00,0,LUNES,1,JUNIO,6,NO,CONDUCIR VEHICULO SUPERANDO LOS LIMITES MAXIMOS DE VELOCIDAD.,ESTRELLAMIENTOS,AUTOMOVIL,1,0,0,0,0,0,0,0,0,0,0,0,0,1,34,HOMBRE,ILESO,CONDUCTOR PRESENTE,NO,NO,1
23482,86518,86519,2020,1,0,-0.174894,-78.501169,PICHINCHA,QUITO,QUITO,URBANA,2020-06-29,08:00:00,8,LUNES,1,JUNIO,6,NO,CONDUCIR VEHICULO SUPERANDO LOS LIMITES MAXIMOS DE VELOCIDAD.,VOLCAMIENTOS,MOTOCICLETA,0,0,0,0,0,0,0,0,1,0,0,0,0,1,52,HOMBRE,LESIONADO,CONDUCTOR PRESENTE,NO,NO,1
23483,86521,86522,2020,1,0,-0.282701,-78.544403,PICHINCHA,QUITO,QUITO,URBANA,2020-06-29,09:20:00,9,LUNES,1,JUNIO,6,NO,PEATON QUE CRUZA LA CALZADA SIN RESPETAR LA SENIALIZACION EXISTENTE (SEMAFOROS O SENIALES MANUALES).,ATROPELLOS,AUTOMOVIL,1,0,0,0,0,0,0,0,0,0,0,0,0,1,80,HOMBRE,LESIONADO,PEATON,NO,NO,1
23484,86540,86541,2020,0,0,-0.304167,-78.542831,PICHINCHA,QUITO,QUITO,URBANA,2020-06-29,16:30:00,16,LUNES,1,JUNIO,6,NO,CONDUCIR VEHICULO SUPERANDO LOS LIMITES MAXIMOS DE VELOCIDAD.,ESTRELLAMIENTOS,AUTOMOVIL,1,0,0,0,0,0,0,0,0,0,0,0,0,1,-1,NO IDENTIFICADO,NO IDENTIFICADO,CONDUCTOR AUSENTE,NO,NO,2
23485,86545,86546,2020,1,0,-0.241673,-78.518461,PICHINCHA,QUITO,QUITO,URBANA,2020-06-29,18:40:00,18,LUNES,1,JUNIO,6,NO,NO GUARDAR LA DISTANCIA LATERAL MINIMA DE SEGURIDAD ENTRE VEHICULOS.,ROZAMIENTOS,MOTOCICLETA,0,0,0,0,1,0,0,0,1,0,0,0,0,2,32,HOMBRE,LESIONADO,CONDUCTOR PRESENTE,NO,NO,1
23486,86551,86552,2020,0,0,-0.065942,-78.416251,PICHINCHA,QUITO,CALDERON (CARAPUNGO),RURAL,2020-06-30,05:50:00,5,MARTES,2,JUNIO,6,NO,PESO Y VOLUMEN - NO CUMPLIR CON LAS NORMAS DE SEGURIDAD NECESARIAS AL TRANSPORTAR CARGAS.,CHOQUE LATERAL,CAMION,1,0,0,1,0,0,0,0,0,0,0,0,0,2,28,HOMBRE,ILESO,CONDUCTOR PRESENTE,NO,NO,3
23487,86554,86555,2020,0,0,-0.254423,-78.503843,PICHINCHA,QUITO,QUITO,URBANA,2020-06-30,06:40:00,6,MARTES,2,JUNIO,6,NO,NO GUARDAR LA DISTANCIA LATERAL MINIMA DE SEGURIDAD ENTRE VEHICULOS.,CHOQUE LATERAL,CAMIONETA,1,0,0,0,1,0,0,0,0,0,0,0,0,2,28,HOMBRE,ILESO,CONDUCTOR PRESENTE,NO,NO,1