,Unnamed: 0,ID,ANIO,LESIONADOS,FALLECIDOS,LATITUD_Y,LONGITUD_X,PROVINCIA,CANTON,PARROQUIA,ZONA,FECHA,HORA,PERIODO_2,DIA_1,DIA_2,MES_1,MES_2,FERIADO,CAUSA_PROBABLE,TIPO_DE_SINIESTRO,TIPO_DE_VEHICULO_1,AUTOMOVIL,BICICLETA,BUS,CAMION,CAMIONETA,EMERGENCIAS,ESPECIAL,FURGONETA,MOTOCICLETA,NO_IDENTIFICADO,SCOOTER_ELECTRICO,TRICIMOTO,VEHICULO_DEPORTIVO_UTILITARIO,SUMA_DE_VEHICULOS,EDAD_1,SEXO_1,CONDICION_1,PARTICIPANTE_1,CASCO_1,CINTURON_1,KMeans_Cluster
23488,86558,86559,2020,0,0,-0.336412,-78.544583,PICHINCHA,QUITO,QUITO,URBANA,2020-06-30,08:35:00,8,MARTES,2,JUNIO,6,NO,"NO RESPETAR LAS SENIALES REGLAMENTARIAS DE TRANSITO. (PARE, CEDA EL PASO, LUZ ROJA DEL SEMAFORO, ETC).",CHOQUE LATERAL,MOTOCICLETA,1,0,0,0,0,0,0,0,1,0,0,0,0,2,40,HOMBRE,ILESO,CONDUCTOR PRESENTE,NO,NO,1
23489,86559,86560,2020,1,0,-0.160191,-78.485448,PICHINCHA,QUITO,QUITO,URBANA,2020-06-30,09:35:00,9,MARTES,2,JUNIO,6,NO,"CONDUCIR EN ESTADO DE SOMNOLENCIA O MALAS CONDICIONES FISICAS (SUENIO, CANSANCIO Y FATIGA).",COLISION,AUTOMOVIL,3,0,0,0,0,0,0,0,0,1,0,0,0,4,54,HOMBRE,LESIONADO,CONDUCTOR PRESENTE,NO,NO,1
23490,86560,86561,2020,1,0,-0.165061,-78.479012,PICHINCHA,QUITO,QUITO,URBANA,2020-06-30,10:15:00,10,MARTES,2,JUNIO,6,NO,NO CEDER EL DERECHO DE VIA O PREFERENCIA DE PASO AL PEATON.,ATROPELLOS,MOTOCICLETA,0,0,0,0,0,0,0,0,1,0,0,0,0,1,69,MUJER,LESIONADO,PEATON,NO,NO,1
23491,86565,86566,2020,0,0,-0.281756,-78.516767,PICHINCHA,QUITO,QUITO,URBANA,2020-06-30,15:10:00,15,MARTES,2,JUNIO,6,NO,NO MANTENER LA DISTANCIA PRUDENCIAL CON RESPECTO AL VEHICULO QUE LE ANTECEDE.,COLISION,CAMIONETA,3,0,0,0,1,0,0,0,0,0,0,0,0,4,47,HOMBRE,ILESO,CONDUCTOR PRESENTE,NO,NO,1
23492,86567,86568,2020,1,0,-0.445891,-78.651941,PICHINCHA,MEJIA,ALOAG,RURAL,2020-06-30,16:45:00,16,MARTES,2,JUNIO,6,NO,BAJARSE O SUBIRSE DE VEHICULOS EN MOVIMIENTO SIN TOMAR LAS PRECAUCIONES DEBIDAS.,CAIDA DE PASAJERO,NO IDENTIFICADO,0,0,0,0,0,0,0,0,0,1,0,0,0,1,-1,NO IDENTIFICADO,LESIONADO,PASAJERO,NO,NO,3
23493,86572,86573,2020,1,0,-0.244831,-78.514223,PICHINCHA,QUITO,QUITO,URBANA,2020-06-30,20:30:00,20,MARTES,2,JUNIO,6,NO,"CONDUCE BAJO LA INFLUENCIA DE ALCOHOL, SUSTANCIAS ESTUPEFACIENTES O PSICOTROPICAS Y/O MEDICAMENTOS.",CHOQUE LATERAL,MOTOCICLETA,1,0,0,0,0,0,0,0,1,0,0,0,0,2,44,HOMBRE,LESIONADO,CONDUCTOR PRESENTE,NO,NO,1
23494,86573,86574,2020,1,1,-0.450698,-78.559684,PICHINCHA,MEJIA,MACHACHI,URBANA,2020-06-30,20:50:00,20,MARTES,2,JUNIO,6,NO,"CONDUCIR DESATENTO A LAS CONDICIONES DE TRANSITO (CELULAR, PANTALLAS DE VIDEO, COMIDA, MAQUILLAJE O CUALQUIER OTRO ELEMENTO DISTRACTOR).",CHOQUE LATERAL,CAMION,0,0,0,1,1,0,0,0,0,0,0,0,0,2,31,HOMBRE,FALLECIDO,PASAJERO,NO,SI,1
23495,86574,86575,2020,1,1,-0.105384,-78.497732,PICHINCHA,QUITO,QUITO,URBANA,2020-06-30,21:15:00,21,MARTES,2,JUNIO,6,NO,CONDUCIR VEHICULO SUPERANDO LOS LIMITES MAXIMOS DE VELOCIDAD.,ESTRELLAMIENTOS,AUTOMOVIL,3,0,0,1,0,0,0,0,0,0,0,0,0,4,54,HOMBRE,FALLECIDO,CONDUCTOR PRESENTE,NO,NO,1
23496,86575,86576,2020,0,1,-0.290711,-78.519445,PICHINCHA,QUITO,QUITO,URBANA,2020-06-30,21:51:00,21,MARTES,2,JUNIO,6,NO,PEATON QUE CRUZA LA CALZADA SIN RESPETAR LA SENIALIZACION EXISTENTE (SEMAFOROS O SENIALES MANUALES).,ATROPELLOS,NO IDENTIFICADO,0,0,0,0,0,0,0,0,0,1,0,0,0,1,33,HOMBRE,FALLECIDO,PEATON,NO,NO,1
23497,86586,86587,2020,0,1,-0.244553,-78.502496,PICHINCHA,QUITO,QUITO,URBANA,2020-07-01,13:15:00,13,MIERCOLES,3,JULIO,7,NO,PEATON QUE CRUZA LA CALZADA SIN RESPETAR LA SENIALIZACION EXISTENTE (SEMAFOROS O SENIALES MANUALES).,ATROPELLOS,AUTOMOVIL,1,0,0,0,0,0,0,0,0,0,0,0,0,1,63,HOMBRE,FALLECIDO,PEATON,NO,NO,1
23498,86592,86593,2020,0,0,-0.197253,-78.489843,PICHINCHA,QUITO,QUITO,URBANA,2020-07-01,15:00:00,15,MIERCOLES,3,JULIO,7,NO,"NO RESPETAR LAS SENIALES REGLAMENTARIAS DE TRANSITO. (PARE, CEDA EL PASO, LUZ ROJA DEL SEMAFORO, ETC).",CHOQUE LATERAL,AUTOMOVIL,2,0,0,0,0,0,0,0,0,0,0,0,0,2,12,MUJER,ILESO,PASAJERO,NO,NO,1
23499,86596,86597,2020,0,0,-0.279964,-78.557372,PICHINCHA,QUITO,QUITO,URBANA,2020-07-01,15:47:00,15,MIERCOLES,3,JULIO,7,NO,REALIZAR CAMBIO BRUSCO O INDEBIDO DE CARRIL.,CHOQUE LATERAL,CAMION,0,0,0,1,0,0,0,0,1,0,0,0,0,2,49,HOMBRE,ILESO,CONDUCTOR PRESENTE,NO,NO,1
23500,86608,86609,2020,1,1,-0.050489,-78.185813,PICHINCHA,CAYAMBE,CANGAHUA,RURAL,2020-07-01,20:00:00,20,MIERCOLES,3,JULIO,7,NO,DANIOS MECANICOS PREVISIBLES.,PERDIDA DE CARRIL,CAMIONETA,0,0,0,0,1,0,0,0,0,0,0,0,0,1,4,HOMBRE,FALLECIDO,PASAJERO,NO,NO,3
23501,86612,86613,2020,0,0,-0.104185,-78.453523,PICHINCHA,QUITO,CALDERON (CARAPUNGO),RURAL,2020-07-02,02:00:00,2,JUEVES,4,JULIO,7,NO,PEATON QUE CRUZA LA CALZADA SIN RESPETAR LA SENIALIZACION EXISTENTE (SEMAFOROS O SENIALES MANUALES).,ESTRELLAMIENTOS,AUTOMOVIL,1,0,0,0,0,0,0,0,0,0,0,0,0,1,-1,NO IDENTIFICADO,NO IDENTIFICADO,CONDUCTOR AUSENTE,NO,NO,2
23502,86613,86614,2020,0,1,-0.151955,-78.476471,PICHINCHA,QUITO,QUITO,URBANA,2020-07-02,04:50:00,4,JUEVES,4,JULIO,7,NO,CONDUCIR VEHICULO SUPERANDO LOS LIMITES MAXIMOS DE VELOCIDAD.,ESTRELLAMIENTOS,MOTOCICLETA,0,0,0,0,0,0,0,0,1,0,0,0,0,1,22,HOMBRE,FALLECIDO,CONDUCTOR PRESENTE,NO,NO,1
23503,86614,86615,2020,0,0,-0.302932,-78.551237,PICHINCHA,QUITO,QUITO,URBANA,2020-07-02,06:50:00,6,JUEVES,4,JULIO,7,NO,NO CEDER EL DERECHO DE VIA O PREFERENCIA DE PASO AL PEATON.,ATROPELLOS,NO IDENTIFICADO,0,0,0,0,0,0,0,0,0,1,0,0,0,1,27,HOMBRE,NO IDENTIFICADO,CONDUCTOR AUSENTE,NO,NO,1
23504,86620,86621,2020,1,0,-0.097874,-78.405213,PICHINCHA,QUITO,CALDERON (CARAPUNGO),RURAL,2020-07-02,08:40:00,8,JUEVES,4,JULIO,7,NO,"CONDICIONES AMBIENTALES Y/O ATMOSFERICAS (NIEBLA, NEBLINA, GRANIZO, LLUVIA).",VOLCAMIENTOS,ESPECIAL,0,0,0,0,0,0,1,0,0,0,0,0,0,1,43,HOMBRE,LESIONADO,CONDUCTOR PRESENTE,NO,NO,3
23505,86638,86639,2020,0,0,-0.127054,-78.472908,PICHINCHA,QUITO,QUITO,URBANA,2020-07-02,19:25:00,19,JUEVES,4,JULIO,7,NO,CONDUCIR VEHICULO SUPERANDO LOS LIMITES MAXIMOS DE VELOCIDAD.,ESTRELLAMIENTOS,CAMIONETA,0,0,0,0,1,0,0,0,0,0,0,0,0,1,-1,NO IDENTIFICADO,NO IDENTIFICADO,CONDUCTOR AUSENTE,NO,NO,2
23506,86640,86641,2020,0,0,-0.091344,-78.467452,PICHINCHA,QUITO,QUITO,URBANA,2020-07-02,20:50:00,20,JUEVES,4,JULIO,7,NO,"CONDICIONES AMBIENTALES Y/O ATMOSFERICAS (NIEBLA, NEBLINA, GRANIZO, LLUVIA).",ESTRELLAMIENTOS,AUTOMOVIL,1,0,0,0,0,0,0,0,0,0,0,0,0,1,69,HOMBRE,ILESO,CONDUCTOR PRESENTE,NO,NO,1
23507,86647,86648,2020,0,0,-0.280982,-78.516477,PICHINCHA,QUITO,QUITO,URBANA,2020-07-03,07:10:00,7,VIERNES,5,JULIO,7,NO,NO MANTENER LA DISTANCIA PRUDENCIAL CON RESPECTO AL VEHICULO QUE LE ANTECEDE.,COLISION,AUTOMOVIL,3,0,0,0,0,0,0,0,0,0,0,0,0,3,57,HOMBRE,ILESO,CONDUCTOR PRESENTE,NO,NO,1
23508,86648,86649,2020,1,0,-0.340146,-78.548912,PICHINCHA,QUITO,QUITO,URBANA,2020-07-03,07:15:00,7,VIERNES,5,JULIO,7,NO,NO CEDER EL DERECHO DE VIA O PREFERENCIA DE PASO A VEHICULOS.,OTROS,BICICLETA,0,1,0,0,0,0,0,0,0,1,0,0,0,2,35,HOMBRE,LESIONADO,CONDUCTOR PRESENTE,NO,NO,1
23509,86649,86650,2020,0,0,-0.065231,-78.358367,PICHINCHA,QUITO,GUAYLLABAMBA,RURAL,2020-07-03,07:20:00,7,VIERNES,5,JULIO,7,NO,"CONDUCIR EN ESTADO DE SOMNOLENCIA O MALAS CONDICIONES FISICAS (SUENIO, CANSANCIO Y FATIGA).",ESTRELLAMIENTOS,AUTOMOVIL,1,0,0,0,0,0,0,0,0,0,0,0,0,1,25,HOMBRE,ILESO,CONDUCTOR PRESENTE,NO,NO,3
23510,86655,86656,2020,0,0,-0.192308,-78.496791,PICHINCHA,QUITO,QUITO,URBANA,2020-07-03,12:45:00,12,VIERNES,5,JULIO,7,NO,NO GUARDAR LA DISTANCIA LATERAL MINIMA DE SEGURIDAD ENTRE VEHICULOS.,CHOQUE LATERAL,AUTOMOVIL,2,0,0,0,0,0,0,0,0,0,0,0,0,2,34,HOMBRE,ILESO,CONDUCTOR PRESENTE,NO,NO,1
23511,86662,86663,2020,0,0,-0.133309,-78.494043,PICHINCHA,QUITO,QUITO,URBANA,2020-07-03,16:10:00,16,VIERNES,5,JULIO,7,NO,PEATON QUE CRUZA LA CALZADA SIN RESPETAR LA SENIALIZACION EXISTENTE (SEMAFOROS O SENIALES MANUALES).,ESTRELLAMIENTOS,BUS,0,0,1,0,0,0,0,0,0,0,0,0,0,1,53,HOMBRE,ILESO,CONDUCTOR PRESENTE,NO,NO,1
23512,86663,86664,2020,0,0,-0.233874,-78.508787,PICHINCHA,QUITO,QUITO,URBANA,2020-07-03,17:00:00,17,VIERNES,5,JULIO,7,NO,NO GUARDAR LA DISTANCIA LATERAL MINIMA DE SEGURIDAD ENTRE VEHICULOS.,CHOQUE LATERAL,AUTOMOVIL,1,0,1,0,0,0,0,0,0,0,0,0,0,2,58,HOMBRE,ILESO,CONDUCTOR PRESENTE,NO,NO,1
23513,86666,86667,2020,0,0,-0.292724,-78.476486,PICHINCHA,QUITO,CONOCOTO,RURAL,2020-07-03,18:00:00,18,VIERNES,5,JULIO,7,NO,NO GUARDAR LA DISTANCIA LATERAL MINIMA DE SEGURIDAD ENTRE VEHICULOS.,CHOQUE LATERAL,AUTOMOVIL,1,0,0,0,1,0,0,0,0,0,0,0,0,2,36,MUJER,ILESO,CONDUCTOR PRESENTE,NO,NO,3
23514,86668,86669,2020,1,0,-0.207589,-78.509972,PICHINCHA,QUITO,QUITO,URBANA,2020-07-03,19:00:00,19,VIERNES,5,JULIO,7,NO,NO GUARDAR LA DISTANCIA LATERAL MINIMA DE SEGURIDAD ENTRE VEHICULOS.,CHOQUE LATERAL,MOTOCICLETA,0,0,0,0,0,0,0,1,1,0,0,0,0,2,22,HOMBRE,LESIONADO,CONDUCTOR PRESENTE,NO,NO,1
23515,86676,86677,2020,0,1,-0.425293,-78.551702,PICHINCHA,MEJIA,TAMBILLO (MEJIA),RURAL,2020-07-03,22:15:00,22,VIERNES,5,JULIO,7,NO,"CONDUCIR DESATENTO A LAS CONDICIONES DE TRANSITO (CELULAR, PANTALLAS DE VIDEO, COMIDA, MAQUILLAJE O CUALQUIER OTRO ELEMENTO DISTRACTOR).",CHOQUE LATERAL,MOTOCICLETA,1,0,0,0,0,0,0,0,1,0,0,0,1,3,27,HOMBRE,FALLECIDO,CONDUCTOR PRESENTE,NO,NO,3
23516,86679,86680,2020,0,0,-0.328031,-78.539579,PICHINCHA,QUITO,QUITO,URBANA,2020-07-04,00:00:00,0,SABADO,6,JULIO,7,NO,CONDUCIR VEHICULO SUPERANDO LOS LIMITES MAXIMOS DE VELOCIDAD.,ESTRELLAMIENTOS,CAMIONETA,0,0,0,0,1,0,0,0,0,0,0,0,0,1,19,HOMBRE,ILESO,PASAJERO,NO,NO,1
23517,86692,86693,2020,0,0,-0.242681,-78.497364,PICHINCHA,QUITO,QUITO,URBANA,2020-07-04,10:15:00,10,SABADO,6,JULIO,7,NO,CONDUCIR VEHICULO SUPERANDO LOS LIMITES MAXIMOS DE VELOCIDAD.,ESTRELLAMIENTOS,AUTOMOVIL,1,0,0,0,0,0,0,0,0,0,0,0,0,1,68,MUJER,ILESO,PASAJERO,NO,NO,1
23518,86701,86702,2020,0,0,-0.188478,-78.447371,PICHINCHA,QUITO,NAYON,RURAL,2020-07-04,14:10:00,14,SABADO,6,JULIO,7,NO,NO GUARDAR LA DISTANCIA LATERAL MINIMA DE SEGURIDAD ENTRE VEHICULOS.,CHOQUE LATERAL,AUTOMOVIL,1,0,0,0,0,0,0,1,0,0,0,0,0,2,27,HOMBRE,ILESO,CONDUCTOR PRESENTE,NO,NO,3
23519,86703,86704,2020,0,0,-0.291294,-78.524047,PICHINCHA,QUITO,QUITO,URBANA,2020-07-04,14:50:00,14,SABADO,6,JULIO,7,NO,"CONDICIONES AMBIENTALES Y/O ATMOSFERICAS (NIEBLA, NEBLINA, GRANIZO, LLUVIA).",CHOQUE FRONTAL,AUTOMOVIL,1,0,0,0,1,0,0,0,0,0,0,0,0,2,31,HOMBRE,ILESO,CONDUCTOR PRESENTE,NO,NO,1
23520,86705,86706,2020,1,0,-0.596954,-78.634442,PICHINCHA,MEJIA,EL CHAUPI,URBANA,2020-07-04,15:15:00,15,SABADO,6,JULIO,7,NO,"CONDUCIR DESATENTO A LAS CONDICIONES DE TRANSITO (CELULAR, PANTALLAS DE VIDEO, COMIDA, MAQUILLAJE O CUALQUIER OTRO ELEMENTO DISTRACTOR).",ESTRELLAMIENTOS,AUTOMOVIL,1,0,0,0,0,0,0,0,0,1,0,0,0,2,29,HOMBRE,LESIONADO,CONDUCTOR PRESENTE,NO,NO,1
23521,86706,86707,2020,3,0,-0.442083,-78.727729,PICHINCHA,MEJIA,MANUEL CORNEJO ASTORGA,RURAL,2020-07-04,15:30:00,15,SABADO,6,JULIO,7,NO,"CONDUCIR DESATENTO A LAS CONDICIONES DE TRANSITO (CELULAR, PANTALLAS DE VIDEO, COMIDA, MAQUILLAJE O CUALQUIER OTRO ELEMENTO DISTRACTOR).",PERDIDA DE PISTA,NO IDENTIFICADO,0,0,0,0,0,0,0,0,0,1,0,0,0,1,-1,NO IDENTIFICADO,LESIONADO,PASAJERO,NO,NO,3
23522,86712,86713,2020,1,0,-0.357402,-78.533463,PICHINCHA,QUITO,QUITO,RURAL,2020-07-04,16:40:00,16,SABADO,6,JULIO,7,NO,"CONDUCIR DESATENTO A LAS CONDICIONES DE TRANSITO (CELULAR, PANTALLAS DE VIDEO, COMIDA, MAQUILLAJE O CUALQUIER OTRO ELEMENTO DISTRACTOR).",PERDIDA DE PISTA,AUTOMOVIL,1,0,0,0,0,0,0,0,0,0,0,0,0,1,34,HOMBRE,LESIONADO,PASAJERO,NO,NO,3
23523,86715,86716,2020,0,0,-0.328606,-78.535871,PICHINCHA,QUITO,QUITO,URBANA,2020-07-04,17:20:00,17,SABADO,6,JULIO,7,NO,"CONDUCIR DESATENTO A LAS CONDICIONES DE TRANSITO (CELULAR, PANTALLAS DE VIDEO, COMIDA, MAQUILLAJE O CUALQUIER OTRO ELEMENTO DISTRACTOR).",CHOQUE LATERAL,AUTOMOVIL,1,0,0,0,1,0,0,0,0,0,0,0,0,2,27,HOMBRE,ILESO,CONDUCTOR PRESENTE,NO,NO,1
23524,86723,86724,2020,0,0,-0.264263,-78.550014,PICHINCHA,QUITO,QUITO,URBANA,2020-07-04,20:00:00,20,SABADO,6,JULIO,7,NO,"CONDUCE BAJO LA INFLUENCIA DE ALCOHOL, SUSTANCIAS ESTUPEFACIENTES O PSICOTROPICAS Y/O MEDICAMENTOS.",CHOQUE LATERAL,CAMIONETA,1,0,0,0,1,0,0,0,0,0,0,0,0,2,35,HOMBRE,ILESO,CONDUCTOR PRESENTE,NO,NO,1
23525,86725,86726,2020,1,0,-0.165655,-78.447562,PICHINCHA,QUITO,QUITO,URBANA,2020-07-04,20:40:00,20,SABADO,6,JULIO,7,NO,"PRESENCIA DE AGENTES EXTERNOS EN LA VIA (AGUA, ACEITE, PIEDRA, LASTRE, ESCOMBROS, MADEROS, ETC.).",ESTRELLAMIENTOS,AUTOMOVIL,1,0,0,0,0,0,0,0,0,0,0,0,0,1,35,MUJER,LESIONADO,CONDUCTOR PRESENTE,NO,NO,1
23526,86727,86728,2020,0,0,-0.211526,-78.446722,PICHINCHA,QUITO,CUMBAYA,RURAL,2020-07-04,21:00:00,21,SABADO,6,JULIO,7,NO,CONDUCIR VEHICULO SUPERANDO LOS LIMITES MAXIMOS DE VELOCIDAD.,ESTRELLAMIENTOS,AUTOMOVIL,1,0,0,0,0,0,0,0,0,0,0,0,0,1,-1,NO IDENTIFICADO,NO IDENTIFICADO,CONDUCTOR AUSENTE,NO,NO,2
23527,86729,86730,2020,0,0,-0.206451,-78.512129,PICHINCHA,QUITO,QUITO,URBANA,2020-07-04,21:40:00,21,SABADO,6,JULIO,7,NO,"NO RESPETAR LAS SENIALES REGLAMENTARIAS DE TRANSITO. (PARE, CEDA EL PASO, LUZ ROJA DEL SEMAFORO, ETC).",ESTRELLAMIENTOS,AUTOMOVIL,1,0,0,0,0,0,0,0,0,0,0,0,0,1,-1,NO IDENTIFICADO,NO IDENTIFICADO,CONDUCTOR AUSENTE,NO,NO,2
23528,86730,86731,2020,1,0,-0.304726,-78.565529,PICHINCHA,QUITO,QUITO,URBANA,2020-07-04,21:40:00,21,SABADO,6,JULIO,7,NO,"NO RESPETAR LAS SENIALES REGLAMENTARIAS DE TRANSITO. (PARE, CEDA EL PASO, LUZ ROJA DEL SEMAFORO, ETC).",OTROS,MOTOCICLETA,0,0,0,0,0,0,0,0,1,0,0,0,0,1,43,HOMBRE,LESIONADO,PASAJERO,NO,NO,1
23529,86743,86744,2020,0,0,-0.355609,-78.548711,PICHINCHA,QUITO,QUITO,URBANA,2020-07-05,04:15:00,4,DOMINGO,7,JULIO,7,NO,CONDUCIR VEHICULO SUPERANDO LOS LIMITES MAXIMOS DE VELOCIDAD.,ESTRELLAMIENTOS,CAMION,0,0,0,1,0,0,0,0,0,0,0,0,0,1,-1,NO IDENTIFICADO,NO IDENTIFICADO,CONDUCTOR AUSENTE,NO,NO,2
23530,86744,86745,2020,0,0,-0.237728,-78.490401,PICHINCHA,QUITO,QUITO,URBANA,2020-07-05,04:30:00,4,DOMINGO,7,JULIO,7,NO,CONDUCIR VEHICULO SUPERANDO LOS LIMITES MAXIMOS DE VELOCIDAD.,ESTRELLAMIENTOS,AUTOMOVIL,1,0,0,0,0,0,0,0,0,0,0,0,0,1,37,HOMBRE,ILESO,CONDUCTOR PRESENTE,NO,NO,1
23531,86747,86748,2020,1,0,-0.100622,-78.472207,PICHINCHA,QUITO,QUITO,URBANA,2020-07-05,05:35:00,5,DOMINGO,7,JULIO,7,NO,NO MANTENER LA DISTANCIA PRUDENCIAL CON RESPECTO AL VEHICULO QUE LE ANTECEDE.,CHOQUE LATERAL,AUTOMOVIL,1,0,0,0,0,0,0,0,1,0,0,0,0,2,31,HOMBRE,LESIONADO,CONDUCTOR PRESENTE,NO,NO,1
23532,86749,86750,2020,0,0,-0.163073,-78.462599,PICHINCHA,QUITO,QUITO,URBANA,2020-07-05,06:40:00,6,DOMINGO,7,JULIO,7,NO,"FALLA MECANICA EN LOS SISTEMAS Y/O NEUMATICOS (SISTEMA DE FRENOS, DIRECCION, ELECTRONICO O MECANICO).",ESTRELLAMIENTOS,CAMIONETA,0,0,0,0,1,0,0,0,0,0,0,0,0,1,51,HOMBRE,ILESO,CONDUCTOR PRESENTE,NO,NO,1
23533,86761,86762,2020,1,0,-0.179701,-78.511261,PICHINCHA,QUITO,QUITO,URBANA,2020-07-05,14:40:00,14,DOMINGO,7,JULIO,7,NO,CONDUCIR VEHICULO SUPERANDO LOS LIMITES MAXIMOS DE VELOCIDAD.,VOLCAMIENTOS,AUTOMOVIL,1,0,0,0,0,0,0,0,0,0,0,0,0,1,38,HOMBRE,LESIONADO,PASAJERO,NO,NO,1
23534,86769,86770,2020,1,0,-0.206451,-78.512129,PICHINCHA,QUITO,QUITO,URBANA,2020-07-05,17:10:00,17,DOMINGO,7,JULIO,7,NO,"NO RESPETAR LAS SENIALES REGLAMENTARIAS DE TRANSITO. (PARE, CEDA EL PASO, LUZ ROJA DEL SEMAFORO, ETC).",CHOQUE LATERAL,BICICLETA,1,1,0,0,0,0,0,0,0,0,0,0,0,2,32,HOMBRE,LESIONADO,CONDUCTOR PRESENTE,NO,NO,1
23535,86778,86779,2020,1,0,-0.338935,-78.550353,PICHINCHA,QUITO,QUITO,URBANA,2020-07-05,21:10:00,21,DOMINGO,7,JULIO,7,NO,CONDUCIR VEHICULO SUPERANDO LOS LIMITES MAXIMOS DE VELOCIDAD.,ESTRELLAMIENTOS,MOTOCICLETA,0,0,0,0,0,0,0,0,1,1,0,0,0,2,22,HOMBRE,LESIONADO,CONDUCTOR PRESENTE,NO,NO,1
23536,86781,86782,2020,0,0,-0.359968,-78.556381,PICHINCHA,MEJIA,CUTUGLAHUA,URBANA,2020-07-05,23:00:00,23,DOMINGO,7,JULIO,7,NO,"CONDUCE BAJO LA INFLUENCIA DE ALCOHOL, SUSTANCIAS ESTUPEFACIENTES O PSICOTROPICAS Y/O MEDICAMENTOS.",ESTRELLAMIENTOS,CAMION,1,0,0,1,0,0,0,0,0,0,0,0,0,2,29,HOMBRE,ILESO,CONDUCTOR PRESENTE,NO,NO,1
23537,86785,86786,2020,0,0,-0.065581,-78.463221,PICHINCHA,QUITO,POMASQUI,URBANA,2020-07-06,00:38:00,0,LUNES,1,JULIO,7,NO,"CONDUCIR DESATENTO A LAS CONDICIONES DE TRANSITO (CELULAR, PANTALLAS DE VIDEO, COMIDA, MAQUILLAJE O CUALQUIER OTRO ELEMENTO DISTRACTOR).",PERDIDA DE PISTA,AUTOMOVIL,1,0,0,0,0,0,0,0,0,0,0,0,0,1,22,MUJER,ILESO,PASAJERO,NO,NO,1
23538,86790,86791,2020,0,0,-0.340212,-78.549313,PICHINCHA,QUITO,QUITO,URBANA,2020-07-06,05:30:00,5,LUNES,1,JULIO,7,NO,NO MANTENER LA DISTANCIA PRUDENCIAL CON RESPECTO AL VEHICULO QUE LE ANTECEDE.,CHOQUE LATERAL,FURGONETA,0,0,0,1,0,0,0,1,0,0,0,0,0,2,47,HOMBRE,ILESO,CONDUCTOR PRESENTE,NO,NO,1
23539,86791,86792,2020,0,0,-0.150393,-78.453592,PICHINCHA,QUITO,QUITO,RURAL,2020-07-06,06:45:00,6,LUNES,1,JULIO,7,NO,CONDUCIR VEHICULO SUPERANDO LOS LIMITES MAXIMOS DE VELOCIDAD.,ESTRELLAMIENTOS,CAMION,1,0,0,1,0,0,0,0,0,0,0,0,0,2,51,HOMBRE,ILESO,CONDUCTOR PRESENTE,NO,NO,3
23540,86799,86800,2020,1,0,-0.203056,-78.458398,PICHINCHA,QUITO,QUITO,RURAL,2020-07-06,10:27:00,10,LUNES,1,JULIO,7,NO,NO MANTENER LA DISTANCIA PRUDENCIAL CON RESPECTO AL VEHICULO QUE LE ANTECEDE.,CHOQUE LATERAL,AUTOMOVIL,1,0,0,0,1,0,0,0,0,0,0,0,0,2,49,HOMBRE,LESIONADO,PASAJERO,NO,NO,3
23541,86803,86804,2020,0,0,-0.248331,-78.512271,PICHINCHA,QUITO,QUITO,URBANA,2020-07-06,12:45:00,12,LUNES,1,JULIO,7,NO,NO CEDER EL DERECHO DE VIA O PREFERENCIA DE PASO AL PEATON.,ATROPELLOS,NO IDENTIFICADO,0,0,0,0,0,0,0,0,0,1,0,0,0,1,16,HOMBRE,NO IDENTIFICADO,CONDUCTOR AUSENTE,NO,NO,1
23542,86812,86813,2020,0,0,-0.268534,-78.551576,PICHINCHA,QUITO,QUITO,URBANA,2020-07-06,20:44:00,20,LUNES,1,JULIO,7,NO,NO GUARDAR LA DISTANCIA LATERAL MINIMA DE SEGURIDAD ENTRE VEHICULOS.,CHOQUE LATERAL,MOTOCICLETA,0,0,0,0,0,0,0,0,1,1,0,0,0,2,36,HOMBRE,ILESO,CONDUCTOR PRESENTE,NO,NO,1
23543,86816,86817,2020,1,0,-0.272977,-78.529361,PICHINCHA,QUITO,QUITO,URBANA,2020-07-07,06:40:00,6,MARTES,2,JULIO,7,NO,NO GUARDAR LA DISTANCIA LATERAL MINIMA DE SEGURIDAD ENTRE VEHICULOS.,CHOQUE LATERAL,MOTOCICLETA,0,0,0,1,0,0,0,0,1,0,0,0,0,2,27,HOMBRE,LESIONADO,CONDUCTOR PRESENTE,NO,NO,1
23544,86820,86821,2020,0,0,-0.112223,-78.495545,PICHINCHA,QUITO,QUITO,URBANA,2020-07-07,11:00:00,11,MARTES,2,JULIO,7,NO,NO GUARDAR LA DISTANCIA LATERAL MINIMA DE SEGURIDAD ENTRE VEHICULOS.,CHOQUE LATERAL,AUTOMOVIL,1,0,0,0,0,0,0,1,0,0,0,0,0,2,53,HOMBRE,ILESO,CONDUCTOR PRESENTE,NO,NO,1
23545,86833,86834,2020,0,1,-0.318256,-78.557591,PICHINCHA,QUITO,QUITO,URBANA,2020-07-07,19:00:00,19,MARTES,2,JULIO,7,NO,NO TRANSITAR POR LAS ACERAS O ZONAS DE SEGURIDAD DESTINADAS PARA EL EFECTO.,ATROPELLOS,AUTOMOVIL,1,0,0,0,0,0,0,0,0,0,0,0,0,1,58,HOMBRE,FALLECIDO,PEATON,NO,NO,1