,Unnamed: 0,ID,ANIO,LESIONADOS,FALLECIDOS,LATITUD_Y,LONGITUD_X,PROVINCIA,CANTON,PARROQUIA,ZONA,FECHA,HORA,PERIODO_2,DIA_1,DIA_2,MES_1,MES_2,FERIADO,CAUSA_PROBABLE,TIPO_DE_SINIESTRO,TIPO_DE_VEHICULO_1,AUTOMOVIL,BICICLETA,BUS,CAMION,CAMIONETA,EMERGENCIAS,ESPECIAL,FURGONETA,MOTOCICLETA,NO_IDENTIFICADO,SCOOTER_ELECTRICO,TRICIMOTO,VEHICULO_DEPORTIVO_UTILITARIO,SUMA_DE_VEHICULOS,EDAD_1,SEXO_1,CONDICION_1,PARTICIPANTE_1,CASCO_1,CINTURON_1,KMeans_Cluster
23546,86840,86841,2020,2,0,-0.105577,-78.382487,PICHINCHA,QUITO,TABABELA,RURAL,2020-07-07,20:00:00,20,MARTES,2,JULIO,7,NO,"CONDICIONES AMBIENTALES Y/O ATMOSFERICAS (NIEBLA, NEBLINA, GRANIZO, LLUVIA).",PERDIDA DE CARRIL,CAMION,0,0,0,1,0,0,0,0,0,0,0,0,0,1,37,HOMBRE,LESIONADO,CONDUCTOR PRESENTE,NO,NO,3
23547,86846,86847,2020,0,0,-0.220728,-78.352825,PICHINCHA,QUITO,PIFO,RURAL,2020-07-08,00:15:00,0,MIERCOLES,3,JULIO,7,NO,CONDUCIR VEHICULO SUPERANDO LOS LIMITES MAXIMOS DE VELOCIDAD.,ESTRELLAMIENTOS,CAMIONETA,0,0,0,0,1,0,0,0,0,0,0,0,0,1,68,HOMBRE,ILESO,CONDUCTOR PRESENTE,NO,NO,3
23548,86864,86865,2020,1,0,-0.197058,-78.483519,PICHINCHA,QUITO,QUITO,URBANA,2020-07-08,15:00:00,15,MIERCOLES,3,JULIO,7,NO,"NO RESPETAR LAS SENIALES REGLAMENTARIAS DE TRANSITO. (PARE, CEDA EL PASO, LUZ ROJA DEL SEMAFORO, ETC).",CHOQUE LATERAL,MOTOCICLETA,1,0,0,0,0,0,0,0,1,0,0,0,0,2,33,HOMBRE,LESIONADO,CONDUCTOR PRESENTE,NO,NO,1
23549,86877,86878,2020,0,0,-0.207363,-78.512544,PICHINCHA,QUITO,QUITO,URBANA,2020-07-08,20:00:00,20,MIERCOLES,3,JULIO,7,NO,CONDUCIR VEHICULO SUPERANDO LOS LIMITES MAXIMOS DE VELOCIDAD.,ESTRELLAMIENTOS,CAMIONETA,0,0,0,0,1,0,0,0,0,0,0,0,0,1,28,HOMBRE,ILESO,CONDUCTOR PRESENTE,NO,NO,1
23550,86880,86881,2020,0,0,-0.245278,-78.498167,PICHINCHA,QUITO,QUITO,URBANA,2020-07-08,20:10:00,20,MIERCOLES,3,JULIO,7,NO,"CASO FORTUITO O FUERZA MAYOR (EXPLOSION DE NEUMATICO NUEVO, DERRUMBE, INUNDACION, CAIDA DE PUENTE, ARBOL, PRESENCIA INTEMPESTIVA E IMPREVISTA DE SEMOVIENTES EN LA VIA, ETC.).",OTROS,ESPECIAL,0,0,0,0,0,0,1,0,0,0,0,0,0,1,43,HOMBRE,ILESO,CONDUCTOR PRESENTE,NO,NO,1
23551,86885,86886,2020,0,0,-0.175137,-78.488355,PICHINCHA,QUITO,QUITO,URBANA,2020-07-08,23:20:00,23,MIERCOLES,3,JULIO,7,NO,CONDUCIR VEHICULO SUPERANDO LOS LIMITES MAXIMOS DE VELOCIDAD.,CHOQUE LATERAL,AUTOMOVIL,2,0,0,0,0,0,0,0,0,0,0,0,0,2,48,HOMBRE,ILESO,PASAJERO,NO,NO,1
23552,86886,86887,2020,0,0,-0.175523,-78.488366,PICHINCHA,QUITO,QUITO,URBANA,2020-07-08,23:25:00,23,MIERCOLES,3,JULIO,7,NO,CONDUCIR VEHICULO SUPERANDO LOS LIMITES MAXIMOS DE VELOCIDAD.,ESTRELLAMIENTOS,AUTOMOVIL,1,0,0,0,0,0,0,0,0,0,0,0,0,1,21,MUJER,ILESO,PASAJERO,NO,NO,1
23553,86894,86895,2020,1,0,-0.243763,-78.502012,PICHINCHA,QUITO,QUITO,URBANA,2020-07-09,08:15:00,8,JUEVES,4,JULIO,7,NO,REALIZAR CAMBIO BRUSCO O INDEBIDO DE CARRIL.,CHOQUE LATERAL,CAMION,1,0,0,1,0,0,0,0,0,0,0,0,0,2,25,HOMBRE,LESIONADO,CONDUCTOR PRESENTE,NO,NO,1
23554,86898,86899,2020,1,0,-0.247335,-78.507031,PICHINCHA,QUITO,QUITO,URBANA,2020-07-09,11:20:00,11,JUEVES,4,JULIO,7,NO,CONDUCIR VEHICULO SUPERANDO LOS LIMITES MAXIMOS DE VELOCIDAD.,ESTRELLAMIENTOS,AUTOMOVIL,1,0,0,0,0,0,0,0,1,0,0,0,0,2,26,HOMBRE,LESIONADO,CONDUCTOR PRESENTE,NO,NO,1
23555,86900,86901,2020,1,0,-0.236289,-78.530231,PICHINCHA,QUITO,QUITO,URBANA,2020-07-09,11:45:00,11,JUEVES,4,JULIO,7,NO,NO GUARDAR LA DISTANCIA LATERAL MINIMA DE SEGURIDAD ENTRE VEHICULOS.,CHOQUE LATERAL,BICICLETA,1,1,0,0,0,0,0,0,0,0,0,0,0,2,31,HOMBRE,LESIONADO,CONDUCTOR PRESENTE,NO,NO,1
23556,86909,86910,2020,0,1,-0.301896,-78.533901,PICHINCHA,QUITO,QUITO,URBANA,2020-07-09,19:40:00,19,JUEVES,4,JULIO,7,NO,NO CEDER EL DERECHO DE VIA O PREFERENCIA DE PASO AL PEATON.,ATROPELLOS,MOTOCICLETA,0,0,0,0,0,0,0,0,1,0,0,0,0,1,40,MUJER,FALLECIDO,PEATON,NO,NO,1
23557,86913,86914,2020,1,0,-0.129461,-78.476388,PICHINCHA,QUITO,QUITO,URBANA,2020-07-09,22:31:00,22,JUEVES,4,JULIO,7,NO,"NO RESPETAR LAS SENIALES REGLAMENTARIAS DE TRANSITO. (PARE, CEDA EL PASO, LUZ ROJA DEL SEMAFORO, ETC).",CHOQUE FRONTAL,CAMIONETA,0,0,0,0,1,0,0,0,1,0,0,0,0,2,25,MUJER,LESIONADO,PASAJERO,NO,NO,1
23558,86917,86918,2020,1,0,-0.369505,-78.833584,PICHINCHA,MEJIA,MANUEL CORNEJO ASTORGA,RURAL,2020-07-10,01:05:00,1,VIERNES,5,JULIO,7,NO,"CONDUCIR DESATENTO A LAS CONDICIONES DE TRANSITO (CELULAR, PANTALLAS DE VIDEO, COMIDA, MAQUILLAJE O CUALQUIER OTRO ELEMENTO DISTRACTOR).",VOLCAMIENTOS,CAMION,0,0,0,3,0,0,0,0,0,0,0,0,0,3,-1,NO IDENTIFICADO,LESIONADO,CONDUCTOR PRESENTE,NO,NO,2
23559,86921,86922,2020,1,0,-0.275231,-78.552645,PICHINCHA,QUITO,QUITO,URBANA,2020-07-10,04:30:00,4,VIERNES,5,JULIO,7,NO,"CONDUCE BAJO LA INFLUENCIA DE ALCOHOL, SUSTANCIAS ESTUPEFACIENTES O PSICOTROPICAS Y/O MEDICAMENTOS.",CHOQUE LATERAL,AUTOMOVIL,1,0,0,0,1,0,0,0,0,0,0,0,0,2,34,HOMBRE,LESIONADO,PASAJERO,NO,NO,1
23560,86928,86929,2020,1,0,-0.299783,-78.565911,PICHINCHA,QUITO,QUITO,URBANA,2020-07-10,10:25:00,10,VIERNES,5,JULIO,7,NO,CONDUCIR VEHICULO SUPERANDO LOS LIMITES MAXIMOS DE VELOCIDAD.,OTROS,AUTOMOVIL,1,0,0,0,0,0,0,0,0,0,0,0,0,1,33,HOMBRE,LESIONADO,CONDUCTOR PRESENTE,NO,NO,1
23561,86936,86937,2020,1,0,-0.197826,-78.466466,PICHINCHA,QUITO,QUITO,RURAL,2020-07-10,16:00:00,16,VIERNES,5,JULIO,7,NO,"PRESENCIA DE AGENTES EXTERNOS EN LA VIA (AGUA, ACEITE, PIEDRA, LASTRE, ESCOMBROS, MADEROS, ETC.).",ESTRELLAMIENTOS,AUTOMOVIL,1,0,0,0,0,0,0,0,0,0,0,0,0,1,32,MUJER,LESIONADO,CONDUCTOR PRESENTE,NO,NO,3
23562,86938,86939,2020,0,0,-0.315923,-78.549341,PICHINCHA,QUITO,QUITO,URBANA,2020-07-10,18:30:00,18,VIERNES,5,JULIO,7,NO,"CONDUCE BAJO LA INFLUENCIA DE ALCOHOL, SUSTANCIAS ESTUPEFACIENTES O PSICOTROPICAS Y/O MEDICAMENTOS.",ROZAMIENTOS,AUTOMOVIL,2,0,0,0,0,0,0,0,0,0,0,0,0,2,28,HOMBRE,ILESO,CONDUCTOR PRESENTE,NO,NO,1
23563,86942,86943,2020,0,0,-0.123106,-78.493908,PICHINCHA,QUITO,QUITO,URBANA,2020-07-10,21:10:00,21,VIERNES,5,JULIO,7,NO,CONDUCIR VEHICULO SUPERANDO LOS LIMITES MAXIMOS DE VELOCIDAD.,ESTRELLAMIENTOS,AUTOMOVIL,1,0,0,0,0,0,0,0,0,0,0,0,0,1,-1,NO IDENTIFICADO,NO IDENTIFICADO,CONDUCTOR AUSENTE,NO,NO,2
23564,86945,86946,2020,0,0,-0.212764,-78.488441,PICHINCHA,QUITO,QUITO,URBANA,2020-07-11,01:20:00,1,SABADO,6,JULIO,7,NO,"NO RESPETAR LAS SENIALES REGLAMENTARIAS DE TRANSITO. (PARE, CEDA EL PASO, LUZ ROJA DEL SEMAFORO, ETC).",ESTRELLAMIENTOS,AUTOMOVIL,1,0,0,0,0,0,0,0,0,0,0,0,0,1,24,HOMBRE,ILESO,PASAJERO,NO,NO,1
23565,86960,86961,2020,0,0,-0.105384,-78.497732,PICHINCHA,QUITO,QUITO,URBANA,2020-07-11,15:00:00,15,SABADO,6,JULIO,7,NO,CONDUCIR VEHICULO SUPERANDO LOS LIMITES MAXIMOS DE VELOCIDAD.,COLISION,AUTOMOVIL,3,0,0,0,0,0,0,0,0,0,0,0,0,3,68,HOMBRE,ILESO,CONDUCTOR PRESENTE,NO,NO,1
23566,86967,86968,2020,1,0,-0.247251,-78.534943,PICHINCHA,QUITO,QUITO,URBANA,2020-07-11,16:10:00,16,SABADO,6,JULIO,7,NO,NO TRANSITAR POR LAS ACERAS O ZONAS DE SEGURIDAD DESTINADAS PARA EL EFECTO.,ATROPELLOS,BUS,0,0,1,0,0,0,0,0,0,0,0,0,0,1,23,HOMBRE,LESIONADO,PEATON,NO,NO,1
23567,86973,86974,2020,1,0,-0.268791,-78.533187,PICHINCHA,QUITO,QUITO,URBANA,2020-07-11,20:05:00,20,SABADO,6,JULIO,7,NO,"CONDICIONES AMBIENTALES Y/O ATMOSFERICAS (NIEBLA, NEBLINA, GRANIZO, LLUVIA).",PERDIDA DE CARRIL,MOTOCICLETA,0,0,0,0,0,0,0,0,1,0,0,0,0,1,50,HOMBRE,LESIONADO,CONDUCTOR PRESENTE,NO,NO,1
23568,86974,86975,2020,0,0,-0.260041,-78.539328,PICHINCHA,QUITO,QUITO,URBANA,2020-07-11,20:10:00,20,SABADO,6,JULIO,7,NO,CONDUCIR VEHICULO SUPERANDO LOS LIMITES MAXIMOS DE VELOCIDAD.,ESTRELLAMIENTOS,AUTOMOVIL,1,0,0,0,0,0,0,0,0,0,0,0,0,1,-1,NO IDENTIFICADO,NO IDENTIFICADO,CONDUCTOR AUSENTE,NO,NO,2
23569,86976,86977,2020,0,0,-0.351971,-78.553437,PICHINCHA,QUITO,QUITO,URBANA,2020-07-11,20:30:00,20,SABADO,6,JULIO,7,NO,"NO RESPETAR LAS SENIALES REGLAMENTARIAS DE TRANSITO. (PARE, CEDA EL PASO, LUZ ROJA DEL SEMAFORO, ETC).",OTROS,AUTOMOVIL,1,0,0,0,0,0,0,0,0,0,0,0,0,1,-1,NO IDENTIFICADO,NO IDENTIFICADO,CONDUCTOR AUSENTE,NO,NO,2
23570,86984,86985,2020,0,0,-0.309952,-78.521603,PICHINCHA,QUITO,QUITO,URBANA,2020-07-11,06:30:00,6,SABADO,6,JULIO,7,NO,CONDUCIR VEHICULO SUPERANDO LOS LIMITES MAXIMOS DE VELOCIDAD.,CHOQUE LATERAL,CAMION,0,0,0,2,0,0,0,0,0,0,0,0,0,2,20,MUJER,ILESO,PASAJERO,NO,NO,1
23571,86996,86997,2020,0,0,-0.321274,-78.571961,PICHINCHA,QUITO,QUITO,URBANA,2020-07-12,06:30:00,6,DOMINGO,7,JULIO,7,NO,"CONDUCE BAJO LA INFLUENCIA DE ALCOHOL, SUSTANCIAS ESTUPEFACIENTES O PSICOTROPICAS Y/O MEDICAMENTOS.",ESTRELLAMIENTOS,CAMION,0,0,0,1,0,0,0,0,0,0,0,0,0,1,25,HOMBRE,ILESO,CONDUCTOR PRESENTE,NO,NO,1
23572,86999,87000,2020,0,0,-0.214703,-78.503339,PICHINCHA,QUITO,QUITO,URBANA,2020-07-12,07:15:00,7,DOMINGO,7,JULIO,7,NO,NO MANTENER LA DISTANCIA PRUDENCIAL CON RESPECTO AL VEHICULO QUE LE ANTECEDE.,CHOQUE LATERAL,AUTOMOVIL,2,0,0,0,0,0,0,0,0,0,0,0,0,2,47,HOMBRE,ILESO,CONDUCTOR PRESENTE,NO,NO,1
23573,87007,87008,2020,3,0,-0.429859,-78.552061,PICHINCHA,MEJIA,TAMBILLO (MEJIA),RURAL,2020-07-12,10:35:00,10,DOMINGO,7,JULIO,7,NO,"CONDUCIR DESATENTO A LAS CONDICIONES DE TRANSITO (CELULAR, PANTALLAS DE VIDEO, COMIDA, MAQUILLAJE O CUALQUIER OTRO ELEMENTO DISTRACTOR).",COLISION,VEHICULO DEPORTIVO UTILITARIO,0,0,0,0,0,0,0,0,0,0,0,0,2,2,66,HOMBRE,LESIONADO,CONDUCTOR PRESENTE,NO,NO,3
23574,87010,87011,2020,0,0,-0.245522,-78.510143,PICHINCHA,QUITO,QUITO,URBANA,2020-07-12,11:55:00,11,DOMINGO,7,JULIO,7,NO,NO CEDER EL DERECHO DE VIA O PREFERENCIA DE PASO A VEHICULOS.,CHOQUE LATERAL,CAMIONETA,1,0,0,0,1,0,0,0,0,0,0,0,0,2,28,HOMBRE,ILESO,CONDUCTOR PRESENTE,NO,NO,1
23575,87017,87018,2020,0,0,-0.245009,-78.522507,PICHINCHA,QUITO,QUITO,URBANA,2020-07-12,14:30:00,14,DOMINGO,7,JULIO,7,NO,"NO RESPETAR LAS SENIALES REGLAMENTARIAS DE TRANSITO. (PARE, CEDA EL PASO, LUZ ROJA DEL SEMAFORO, ETC).",CHOQUE LATERAL,ESPECIAL,1,0,0,0,1,0,1,0,0,0,0,0,0,3,37,HOMBRE,ILESO,CONDUCTOR PRESENTE,NO,NO,1
23576,87021,87022,2020,1,0,-0.204386,-78.506007,PICHINCHA,QUITO,QUITO,URBANA,2020-07-12,17:20:00,17,DOMINGO,7,JULIO,7,NO,PEATON QUE CRUZA LA CALZADA SIN RESPETAR LA SENIALIZACION EXISTENTE (SEMAFOROS O SENIALES MANUALES).,ATROPELLOS,MOTOCICLETA,0,0,0,0,0,0,0,0,1,0,0,0,0,1,81,MUJER,LESIONADO,PEATON,NO,NO,1
23577,87023,87024,2020,0,0,-0.204095,-78.458081,PICHINCHA,QUITO,QUITO,RURAL,2020-07-12,18:45:00,18,DOMINGO,7,JULIO,7,NO,CONDUCIR VEHICULO SUPERANDO LOS LIMITES MAXIMOS DE VELOCIDAD.,ESTRELLAMIENTOS,CAMION,0,0,0,1,0,0,0,0,0,0,0,0,0,1,-1,NO IDENTIFICADO,NO IDENTIFICADO,CONDUCTOR AUSENTE,NO,NO,2
23578,87026,87027,2020,0,1,-0.449411,-78.585734,PICHINCHA,MEJIA,ALOAG,URBANA,2020-07-12,19:45:00,19,DOMINGO,7,JULIO,7,NO,MALAS CONDICIONES DE LA VIA Y/O CONFIGURACION. (ILUMINACION Y DISENIO).,CHOQUE FRONTAL,NO IDENTIFICADO,0,0,0,0,0,0,0,0,0,1,0,0,0,1,30,HOMBRE,FALLECIDO,PEATON,NO,NO,1
23579,87033,87034,2020,0,0,-0.328239,-78.538128,PICHINCHA,QUITO,QUITO,URBANA,2020-07-12,22:20:00,22,DOMINGO,7,JULIO,7,NO,"NO RESPETAR LAS SENIALES REGLAMENTARIAS DE TRANSITO. (PARE, CEDA EL PASO, LUZ ROJA DEL SEMAFORO, ETC).",ESTRELLAMIENTOS,CAMIONETA,0,0,0,0,1,0,0,0,0,0,0,0,0,1,-1,NO IDENTIFICADO,NO IDENTIFICADO,CONDUCTOR AUSENTE,NO,NO,2
23580,87035,87036,2020,0,0,-0.261858,-78.515301,PICHINCHA,QUITO,QUITO,URBANA,2020-07-12,22:40:00,22,DOMINGO,7,JULIO,7,NO,NO CEDER EL DERECHO DE VIA O PREFERENCIA DE PASO AL PEATON.,ARROLLAMIENTOS,NO IDENTIFICADO,0,0,0,0,0,0,0,0,0,1,0,0,0,1,25,HOMBRE,NO IDENTIFICADO,CONDUCTOR AUSENTE,NO,NO,1
23581,87046,87047,2020,0,0,-0.226486,-78.339567,PICHINCHA,QUITO,PIFO,RURAL,2020-07-13,09:21:00,9,LUNES,1,JULIO,7,NO,NO MANTENER LA DISTANCIA PRUDENCIAL CON RESPECTO AL VEHICULO QUE LE ANTECEDE.,COLISION,CAMIONETA,0,0,0,0,1,0,0,0,0,0,0,0,0,1,71,HOMBRE,ILESO,CONDUCTOR PRESENTE,NO,NO,3
23582,87055,87056,2020,1,0,-0.203056,-78.458398,PICHINCHA,QUITO,QUITO,RURAL,2020-07-13,13:00:00,13,LUNES,1,JULIO,7,NO,"CONDICIONES AMBIENTALES Y/O ATMOSFERICAS (NIEBLA, NEBLINA, GRANIZO, LLUVIA).",ESTRELLAMIENTOS,AUTOMOVIL,1,0,0,0,0,0,0,0,0,0,0,0,0,1,19,HOMBRE,LESIONADO,CONDUCTOR PRESENTE,NO,NO,3
23583,87057,87058,2020,1,0,-0.190746,-78.512615,PICHINCHA,QUITO,QUITO,URBANA,2020-07-13,14:39:00,14,LUNES,1,JULIO,7,NO,CONDUCIR VEHICULO SUPERANDO LOS LIMITES MAXIMOS DE VELOCIDAD.,ESTRELLAMIENTOS,AUTOMOVIL,1,0,0,0,0,0,0,0,0,0,0,0,0,1,23,HOMBRE,LESIONADO,CONDUCTOR PRESENTE,NO,NO,1
23584,87067,87068,2020,0,0,-0.263991,-78.487764,PICHINCHA,QUITO,CONOCOTO,RURAL,2020-07-13,20:50:00,20,LUNES,1,JULIO,7,NO,NO MANTENER LA DISTANCIA PRUDENCIAL CON RESPECTO AL VEHICULO QUE LE ANTECEDE.,CHOQUE LATERAL,AUTOMOVIL,2,0,0,0,0,0,0,0,0,0,0,0,0,2,30,HOMBRE,ILESO,CONDUCTOR PRESENTE,NO,NO,3
23585,87070,87071,2020,0,0,-0.279964,-78.557372,PICHINCHA,QUITO,QUITO,URBANA,2020-07-14,06:05:00,6,MARTES,2,JULIO,7,NO,NO GUARDAR LA DISTANCIA LATERAL MINIMA DE SEGURIDAD ENTRE VEHICULOS.,CHOQUE LATERAL,MOTOCICLETA,0,0,0,0,0,0,0,0,1,0,0,0,0,1,-1,NO IDENTIFICADO,NO IDENTIFICADO,CONDUCTOR AUSENTE,NO,NO,2
23586,87078,87079,2020,0,1,-0.311518,-78.565012,PICHINCHA,QUITO,QUITO,URBANA,2020-07-14,14:00:00,14,MARTES,2,JULIO,7,NO,"PRESENCIA DE AGENTES EXTERNOS EN LA VIA (AGUA, ACEITE, PIEDRA, LASTRE, ESCOMBROS, MADEROS, ETC.).",OTROS,ESPECIAL,1,0,0,0,0,0,1,0,0,0,0,0,0,2,50,HOMBRE,FALLECIDO,CONDUCTOR PRESENTE,NO,NO,1
23587,87086,87087,2020,0,0,-0.199767,-78.428809,PICHINCHA,QUITO,CUMBAYA,RURAL,2020-07-14,17:30:00,17,MARTES,2,JULIO,7,NO,"NO RESPETAR LAS SENIALES REGLAMENTARIAS DE TRANSITO. (PARE, CEDA EL PASO, LUZ ROJA DEL SEMAFORO, ETC).",ESTRELLAMIENTOS,AUTOMOVIL,2,0,0,0,0,0,0,0,0,0,0,0,0,2,21,HOMBRE,ILESO,CONDUCTOR PRESENTE,NO,NO,3
23588,87097,87098,2020,1,0,-0.330362,-78.520337,PICHINCHA,QUITO,QUITO,URBANA,2020-07-15,01:50:00,1,MIERCOLES,3,JULIO,7,NO,CONDUCIR VEHICULO SUPERANDO LOS LIMITES MAXIMOS DE VELOCIDAD.,CHOQUE LATERAL,AUTOMOVIL,1,0,1,0,0,0,0,0,0,0,0,0,0,2,58,MUJER,LESIONADO,PEATON,NO,NO,1
23589,87103,87104,2020,1,0,-0.258918,-78.522644,PICHINCHA,QUITO,QUITO,URBANA,2020-07-15,06:10:00,6,MIERCOLES,3,JULIO,7,NO,NO TRANSITAR POR LAS ACERAS O ZONAS DE SEGURIDAD DESTINADAS PARA EL EFECTO.,ATROPELLOS,CAMIONETA,1,0,0,0,1,0,0,0,0,0,0,0,0,2,37,HOMBRE,LESIONADO,CONDUCTOR PRESENTE,NO,NO,1
23590,87121,87122,2020,1,0,-0.312059,-78.547352,PICHINCHA,QUITO,QUITO,URBANA,2020-07-15,14:55:00,14,MIERCOLES,3,JULIO,7,NO,NO GUARDAR LA DISTANCIA LATERAL MINIMA DE SEGURIDAD ENTRE VEHICULOS.,ROZAMIENTOS,BUS,0,0,1,0,0,0,0,0,0,0,0,0,0,1,29,HOMBRE,LESIONADO,PEATON,NO,NO,1
23591,87123,87124,2020,0,1,-0.449411,-78.585734,PICHINCHA,MEJIA,ALOAG,URBANA,2020-07-15,15:40:00,15,MIERCOLES,3,JULIO,7,NO,CONDUCIR VEHICULO SUPERANDO LOS LIMITES MAXIMOS DE VELOCIDAD.,CHOQUE POSTERIOR,MOTOCICLETA,0,0,0,0,0,0,0,0,1,0,0,0,0,1,21,HOMBRE,FALLECIDO,CONDUCTOR PRESENTE,NO,NO,1
23592,87127,87128,2020,0,0,0.024799,-78.434501,PICHINCHA,QUITO,SAN ANTONIO (QUITO),URBANA,2020-07-15,17:10:00,17,MIERCOLES,3,JULIO,7,NO,"CASO FORTUITO O FUERZA MAYOR (EXPLOSION DE NEUMATICO NUEVO, DERRUMBE, INUNDACION, CAIDA DE PUENTE, ARBOL, PRESENCIA INTEMPESTIVA E IMPREVISTA DE SEMOVIENTES EN LA VIA, ETC.).",PERDIDA DE CARRIL,CAMIONETA,0,0,0,0,1,0,0,0,0,0,0,0,0,1,48,HOMBRE,ILESO,CONDUCTOR PRESENTE,NO,NO,1
23593,87133,87134,2020,0,0,-0.197826,-78.466466,PICHINCHA,QUITO,QUITO,RURAL,2020-07-15,19:00:00,19,MIERCOLES,3,JULIO,7,NO,CONDUCIR VEHICULO SUPERANDO LOS LIMITES MAXIMOS DE VELOCIDAD.,ESTRELLAMIENTOS,AUTOMOVIL,1,0,0,0,0,0,0,0,0,0,0,0,0,1,46,HOMBRE,ILESO,CONDUCTOR PRESENTE,NO,NO,3
23594,87135,87136,2020,0,0,-0.336522,-78.866264,PICHINCHA,MEJIA,MANUEL CORNEJO ASTORGA,RURAL,2020-07-15,19:10:00,19,MIERCOLES,3,JULIO,7,NO,"CONDUCIR DESATENTO A LAS CONDICIONES DE TRANSITO (CELULAR, PANTALLAS DE VIDEO, COMIDA, MAQUILLAJE O CUALQUIER OTRO ELEMENTO DISTRACTOR).",PERDIDA DE PISTA,CAMION,0,0,0,1,0,0,0,0,0,0,0,0,0,1,-1,NO IDENTIFICADO,ILESO,CONDUCTOR PRESENTE,NO,NO,3
23595,87138,87139,2020,0,0,-0.030207,-78.485764,PICHINCHA,QUITO,CALACALI,RURAL,2020-07-15,20:35:00,20,MIERCOLES,3,JULIO,7,NO,"CONDUCE BAJO LA INFLUENCIA DE ALCOHOL, SUSTANCIAS ESTUPEFACIENTES O PSICOTROPICAS Y/O MEDICAMENTOS.",ROZAMIENTOS,BUS,1,0,1,0,0,0,0,0,0,0,0,0,0,2,55,HOMBRE,ILESO,CONDUCTOR PRESENTE,NO,NO,3
23596,87140,87141,2020,0,0,-0.192249,-78.488383,PICHINCHA,QUITO,QUITO,URBANA,2020-07-15,23:20:00,23,MIERCOLES,3,JULIO,7,NO,"CONDUCE BAJO LA INFLUENCIA DE ALCOHOL, SUSTANCIAS ESTUPEFACIENTES O PSICOTROPICAS Y/O MEDICAMENTOS.",ESTRELLAMIENTOS,AUTOMOVIL,1,0,0,0,0,0,0,0,0,0,0,0,0,1,57,HOMBRE,ILESO,CONDUCTOR PRESENTE,NO,NO,1
23597,87156,87157,2020,0,0,-0.270629,-78.528475,PICHINCHA,QUITO,QUITO,URBANA,2020-07-16,15:30:00,15,JUEVES,4,JULIO,7,NO,"PEATON TRANSITA BAJO INFLUENCIA DE ALCOHOL, SUSTANCIAS ESTUPEFACIENTES O PSICOTROPICAS Y/O MEDICAMENTOS.",ATROPELLOS,AUTOMOVIL,3,0,0,0,0,0,0,0,0,0,0,0,0,3,28,HOMBRE,ILESO,CONDUCTOR PRESENTE,NO,NO,1
23598,87160,87161,2020,1,0,-0.301348,-78.539806,PICHINCHA,QUITO,QUITO,URBANA,2020-07-16,16:30:00,16,JUEVES,4,JULIO,7,NO,"NO RESPETAR LAS SENIALES REGLAMENTARIAS DE TRANSITO. (PARE, CEDA EL PASO, LUZ ROJA DEL SEMAFORO, ETC).",OTROS,MOTOCICLETA,0,0,0,0,0,0,0,0,1,0,0,0,0,1,24,HOMBRE,LESIONADO,PASAJERO,NO,NO,1
23599,87162,87163,2020,0,0,-0.112841,-78.497688,PICHINCHA,QUITO,QUITO,URBANA,2020-07-16,17:00:00,17,JUEVES,4,JULIO,7,NO,"NO RESPETAR LAS SENIALES REGLAMENTARIAS DE TRANSITO. (PARE, CEDA EL PASO, LUZ ROJA DEL SEMAFORO, ETC).",CHOQUE LATERAL,CAMIONETA,1,0,0,0,1,0,0,0,0,0,0,0,0,2,38,HOMBRE,ILESO,CONDUCTOR PRESENTE,NO,NO,1
23600,87167,87168,2020,1,0,-0.243056,-78.514305,PICHINCHA,QUITO,QUITO,URBANA,2020-07-16,18:10:00,18,JUEVES,4,JULIO,7,NO,CONDUCIR EN SENTIDO CONTRARIO A LA VIA NORMAL DE CIRCULACION.,ESTRELLAMIENTOS,MOTOCICLETA,0,0,0,0,0,0,0,0,1,0,0,0,0,1,9,HOMBRE,LESIONADO,PEATON,NO,NO,1
23601,87192,87193,2020,0,0,-0.156804,-78.496783,PICHINCHA,QUITO,QUITO,URBANA,2020-07-17,10:20:00,10,VIERNES,5,JULIO,7,NO,"CONDUCE BAJO LA INFLUENCIA DE ALCOHOL, SUSTANCIAS ESTUPEFACIENTES O PSICOTROPICAS Y/O MEDICAMENTOS.",ESTRELLAMIENTOS,AUTOMOVIL,2,0,0,0,1,0,0,0,0,0,0,0,0,3,66,HOMBRE,ILESO,CONDUCTOR PRESENTE,NO,NO,1
23602,87200,87201,2020,2,0,-0.446691,-78.764296,PICHINCHA,MEJIA,MANUEL CORNEJO ASTORGA,RURAL,2020-07-17,17:05:00,17,VIERNES,5,JULIO,7,NO,"CONDUCIR DESATENTO A LAS CONDICIONES DE TRANSITO (CELULAR, PANTALLAS DE VIDEO, COMIDA, MAQUILLAJE O CUALQUIER OTRO ELEMENTO DISTRACTOR).",PERDIDA DE PISTA,MOTOCICLETA,0,0,0,0,0,0,0,0,1,0,0,0,0,1,51,HOMBRE,LESIONADO,PEATON,NO,NO,3
23603,87203,87204,2020,1,0,-0.245278,-78.498167,PICHINCHA,QUITO,QUITO,URBANA,2020-07-17,19:50:00,19,VIERNES,5,JULIO,7,NO,NO MANTENER LA DISTANCIA PRUDENCIAL CON RESPECTO AL VEHICULO QUE LE ANTECEDE.,CHOQUE FRONTAL,BUS,0,0,1,0,0,0,0,0,1,0,0,0,0,2,26,HOMBRE,LESIONADO,CONDUCTOR PRESENTE,NO,NO,1