,Unnamed: 0,ID,ANIO,LESIONADOS,FALLECIDOS,LATITUD_Y,LONGITUD_X,PROVINCIA,CANTON,PARROQUIA,ZONA,FECHA,HORA,PERIODO_2,DIA_1,DIA_2,MES_1,MES_2,FERIADO,CAUSA_PROBABLE,TIPO_DE_SINIESTRO,TIPO_DE_VEHICULO_1,AUTOMOVIL,BICICLETA,BUS,CAMION,CAMIONETA,EMERGENCIAS,ESPECIAL,FURGONETA,MOTOCICLETA,NO_IDENTIFICADO,SCOOTER_ELECTRICO,TRICIMOTO,VEHICULO_DEPORTIVO_UTILITARIO,SUMA_DE_VEHICULOS,EDAD_1,SEXO_1,CONDICION_1,PARTICIPANTE_1,CASCO_1,CINTURON_1,KMeans_Cluster
23604,87205,87206,2020,1,0,-0.103923,-78.470401,PICHINCHA,QUITO,QUITO,URBANA,2020-07-17,22:45:00,22,VIERNES,5,JULIO,7,NO,"CONDUCE BAJO LA INFLUENCIA DE ALCOHOL, SUSTANCIAS ESTUPEFACIENTES O PSICOTROPICAS Y/O MEDICAMENTOS.",CHOQUE LATERAL,MOTOCICLETA,0,0,0,0,0,0,0,0,2,0,0,0,0,2,31,HOMBRE,LESIONADO,PASAJERO,NO,NO,1
23605,87209,87210,2020,0,0,-0.075112,-78.462915,PICHINCHA,QUITO,QUITO,URBANA,2020-07-18,00:40:00,0,SABADO,6,JULIO,7,NO,DANIOS MECANICOS PREVISIBLES.,PERDIDA DE PISTA,AUTOMOVIL,1,0,0,0,0,0,0,0,0,0,0,0,0,1,-1,NO IDENTIFICADO,NO IDENTIFICADO,CONDUCTOR AUSENTE,NO,NO,2
23606,87211,87212,2020,2,0,-0.295476,-78.555093,PICHINCHA,QUITO,QUITO,URBANA,2020-07-18,01:00:00,1,SABADO,6,JULIO,7,NO,"PRESENCIA DE AGENTES EXTERNOS EN LA VIA (AGUA, ACEITE, PIEDRA, LASTRE, ESCOMBROS, MADEROS, ETC.).",PERDIDA DE CARRIL,CAMIONETA,1,0,0,0,1,0,0,0,0,0,0,0,0,2,54,MUJER,LESIONADO,PASAJERO,NO,NO,1
23607,87217,87218,2020,0,0,-0.116023,-78.479518,PICHINCHA,QUITO,QUITO,URBANA,2020-07-18,09:28:00,9,SABADO,6,JULIO,7,NO,"FALLA MECANICA EN LOS SISTEMAS Y/O NEUMATICOS (SISTEMA DE FRENOS, DIRECCION, ELECTRONICO O MECANICO).",ESTRELLAMIENTOS,AUTOMOVIL,1,0,0,0,0,0,0,0,0,0,0,0,0,1,48,HOMBRE,ILESO,CONDUCTOR PRESENTE,NO,NO,1
23608,87222,87223,2020,1,0,-0.178438,-78.491703,PICHINCHA,QUITO,QUITO,URBANA,2020-07-18,12:30:00,12,SABADO,6,JULIO,7,NO,NO MANTENER LA DISTANCIA PRUDENCIAL CON RESPECTO AL VEHICULO QUE LE ANTECEDE.,CHOQUE LATERAL,AUTOMOVIL,1,0,0,0,0,0,0,0,1,0,0,0,0,2,41,HOMBRE,LESIONADO,CONDUCTOR PRESENTE,NO,NO,1
23609,87223,87224,2020,1,0,-0.306968,-78.541459,PICHINCHA,QUITO,QUITO,URBANA,2020-07-18,12:30:00,12,SABADO,6,JULIO,7,NO,PEATON QUE CRUZA LA CALZADA SIN RESPETAR LA SENIALIZACION EXISTENTE (SEMAFOROS O SENIALES MANUALES).,ATROPELLOS,MOTOCICLETA,0,0,0,0,0,0,0,0,1,0,0,0,0,1,35,HOMBRE,LESIONADO,CONDUCTOR PRESENTE,NO,NO,1
23610,87224,87225,2020,1,0,-0.281048,-78.535221,PICHINCHA,QUITO,QUITO,URBANA,2020-07-18,13:15:00,13,SABADO,6,JULIO,7,NO,CONDUCIR VEHICULO SUPERANDO LOS LIMITES MAXIMOS DE VELOCIDAD.,ESTRELLAMIENTOS,FURGONETA,0,0,0,0,1,0,0,1,0,0,0,0,0,2,26,MUJER,LESIONADO,PEATON,NO,NO,1
23611,87231,87232,2020,0,0,-0.271991,-78.529167,PICHINCHA,QUITO,QUITO,URBANA,2020-07-18,17:00:00,17,SABADO,6,JULIO,7,NO,CONDUCIR VEHICULO SUPERANDO LOS LIMITES MAXIMOS DE VELOCIDAD.,PERDIDA DE CARRIL,AUTOMOVIL,1,0,0,0,0,0,0,0,0,0,0,0,0,1,-1,NO IDENTIFICADO,NO IDENTIFICADO,CONDUCTOR AUSENTE,NO,NO,2
23612,87232,87233,2020,0,0,-0.224383,-78.496888,PICHINCHA,QUITO,QUITO,URBANA,2020-07-18,18:00:00,18,SABADO,6,JULIO,7,NO,CONDUCIR VEHICULO SUPERANDO LOS LIMITES MAXIMOS DE VELOCIDAD.,ESTRELLAMIENTOS,AUTOMOVIL,1,0,0,0,0,0,0,0,0,0,0,0,0,1,-1,NO IDENTIFICADO,NO IDENTIFICADO,CONDUCTOR AUSENTE,NO,NO,2
23613,87237,87238,2020,0,1,-0.063387,-78.452341,PICHINCHA,QUITO,CALDERON (CARAPUNGO),RURAL,2020-07-18,20:15:00,20,SABADO,6,JULIO,7,NO,NO MANTENER LA DISTANCIA PRUDENCIAL CON RESPECTO AL VEHICULO QUE LE ANTECEDE.,CHOQUE LATERAL,MOTOCICLETA,0,0,0,0,0,0,0,0,1,0,0,0,0,1,-1,NO IDENTIFICADO,FALLECIDO,CONDUCTOR PRESENTE,NO,NO,3
23614,87241,87242,2020,0,1,-0.248225,-78.385745,PICHINCHA,QUITO,TUMBACO,RURAL,2020-07-18,21:10:00,21,SABADO,6,JULIO,7,NO,PEATON QUE CRUZA LA CALZADA SIN RESPETAR LA SENIALIZACION EXISTENTE (SEMAFOROS O SENIALES MANUALES).,ATROPELLOS,AUTOMOVIL,1,0,0,0,0,0,0,0,0,0,0,0,0,1,-1,NO IDENTIFICADO,FALLECIDO,PEATON,NO,NO,3
23615,87243,87244,2020,0,0,-0.313063,-78.567994,PICHINCHA,QUITO,QUITO,URBANA,2020-07-18,21:30:00,21,SABADO,6,JULIO,7,NO,CONDUCIR VEHICULO SUPERANDO LOS LIMITES MAXIMOS DE VELOCIDAD.,ESTRELLAMIENTOS,AUTOMOVIL,2,0,0,0,0,0,0,0,0,0,0,0,0,2,43,HOMBRE,ILESO,CONDUCTOR PRESENTE,NO,NO,1
23616,87251,87252,2020,0,0,-0.293646,-78.539922,PICHINCHA,QUITO,QUITO,URBANA,2020-07-19,01:10:00,1,DOMINGO,7,JULIO,7,NO,CONDUCIR VEHICULO SUPERANDO LOS LIMITES MAXIMOS DE VELOCIDAD.,ESTRELLAMIENTOS,AUTOMOVIL,2,0,0,0,0,0,0,0,0,0,0,0,0,2,28,HOMBRE,ILESO,CONDUCTOR PRESENTE,NO,NO,1
23617,87267,87268,2020,0,0,-0.328082,-78.538347,PICHINCHA,QUITO,QUITO,URBANA,2020-07-19,11:45:00,11,DOMINGO,7,JULIO,7,NO,"CONDUCE BAJO LA INFLUENCIA DE ALCOHOL, SUSTANCIAS ESTUPEFACIENTES O PSICOTROPICAS Y/O MEDICAMENTOS.",CHOQUE LATERAL,AUTOMOVIL,1,0,0,0,0,0,0,0,0,0,0,0,0,1,-1,NO IDENTIFICADO,NO IDENTIFICADO,CONDUCTOR AUSENTE,NO,NO,2
23618,87272,87273,2020,0,0,-0.268869,-78.259679,PICHINCHA,QUITO,PIFO,URBANA,2020-07-19,16:30:00,16,DOMINGO,7,JULIO,7,NO,"CONDUCIR DESATENTO A LAS CONDICIONES DE TRANSITO (CELULAR, PANTALLAS DE VIDEO, COMIDA, MAQUILLAJE O CUALQUIER OTRO ELEMENTO DISTRACTOR).",PERDIDA DE CARRIL,VEHICULO DEPORTIVO UTILITARIO,1,0,0,0,0,0,0,0,0,0,0,0,1,2,25,MUJER,ILESO,CONDUCTOR PRESENTE,NO,NO,1
23619,87276,87277,2020,1,0,-0.125876,-78.444289,PICHINCHA,QUITO,LLANO CHICO,RURAL,2020-07-19,18:00:00,18,DOMINGO,7,JULIO,7,NO,"CONDUCE BAJO LA INFLUENCIA DE ALCOHOL, SUSTANCIAS ESTUPEFACIENTES O PSICOTROPICAS Y/O MEDICAMENTOS.",OTROS,CAMIONETA,0,0,0,0,1,0,0,0,0,0,0,0,0,1,18,MUJER,LESIONADO,PEATON,NO,NO,3
23620,87285,87286,2020,0,1,-0.311601,-78.551796,PICHINCHA,QUITO,QUITO,URBANA,2020-07-19,23:30:00,23,DOMINGO,7,JULIO,7,NO,CONDUCIR VEHICULO SUPERANDO LOS LIMITES MAXIMOS DE VELOCIDAD.,OTROS,MOTOCICLETA,0,0,0,0,0,0,0,0,1,0,0,0,0,1,22,HOMBRE,FALLECIDO,CONDUCTOR PRESENTE,NO,NO,1
23621,87286,87287,2020,2,0,0.092717,-78.722958,PICHINCHA,QUITO,NANEGALITO,RURAL,2020-07-19,23:30:00,23,DOMINGO,7,JULIO,7,NO,CONDUCIR VEHICULO SUPERANDO LOS LIMITES MAXIMOS DE VELOCIDAD.,ESTRELLAMIENTOS,MOTOCICLETA,1,0,0,0,0,0,0,0,1,0,0,0,0,2,33,MUJER,LESIONADO,PASAJERO,NO,NO,3
23622,87300,87301,2020,0,0,-0.249194,-78.531661,PICHINCHA,QUITO,QUITO,URBANA,2020-07-20,11:10:00,11,LUNES,1,JULIO,7,NO,"NO RESPETAR LAS SENIALES REGLAMENTARIAS DE TRANSITO. (PARE, CEDA EL PASO, LUZ ROJA DEL SEMAFORO, ETC).",CHOQUE LATERAL,AUTOMOVIL,2,0,0,0,0,0,0,0,0,0,0,0,0,2,30,MUJER,ILESO,CONDUCTOR PRESENTE,NO,NO,1
23623,87304,87305,2020,1,0,-0.441888,-78.712712,PICHINCHA,MEJIA,ALOAG,RURAL,2020-07-20,15:50:00,15,LUNES,1,JULIO,7,NO,"CONDUCIR DESATENTO A LAS CONDICIONES DE TRANSITO (CELULAR, PANTALLAS DE VIDEO, COMIDA, MAQUILLAJE O CUALQUIER OTRO ELEMENTO DISTRACTOR).",PERDIDA DE PISTA,AUTOMOVIL,1,0,0,0,0,0,0,0,0,0,0,0,0,1,-1,NO IDENTIFICADO,LESIONADO,CONDUCTOR PRESENTE,NO,NO,3
23624,87316,87317,2020,1,0,-0.069401,-78.469691,PICHINCHA,QUITO,POMASQUI,URBANA,2020-07-20,21:30:00,21,LUNES,1,JULIO,7,NO,"CONDUCE BAJO LA INFLUENCIA DE ALCOHOL, SUSTANCIAS ESTUPEFACIENTES O PSICOTROPICAS Y/O MEDICAMENTOS.",CHOQUE LATERAL,AUTOMOVIL,1,0,0,0,0,0,0,0,0,0,0,0,1,2,40,MUJER,LESIONADO,PASAJERO,NO,NO,1
23625,87325,87326,2020,1,0,-0.093287,-78.476301,PICHINCHA,QUITO,QUITO,URBANA,2020-07-21,10:22:00,10,MARTES,2,JULIO,7,NO,"CONDUCIR DESATENTO A LAS CONDICIONES DE TRANSITO (CELULAR, PANTALLAS DE VIDEO, COMIDA, MAQUILLAJE O CUALQUIER OTRO ELEMENTO DISTRACTOR).",CHOQUE LATERAL,AUTOMOVIL,1,0,0,0,0,0,0,0,1,0,0,0,0,2,23,HOMBRE,LESIONADO,CONDUCTOR PRESENTE,NO,NO,1
23626,87328,87329,2020,1,0,-0.259631,-78.521486,PICHINCHA,QUITO,QUITO,URBANA,2020-07-21,13:30:00,13,MARTES,2,JULIO,7,NO,CONDUCIR VEHICULO SUPERANDO LOS LIMITES MAXIMOS DE VELOCIDAD.,ESTRELLAMIENTOS,BICICLETA,0,1,0,0,0,0,0,0,0,1,0,0,0,2,25,HOMBRE,LESIONADO,CONDUCTOR PRESENTE,NO,NO,1
23627,87332,87333,2020,2,0,-0.258175,-78.534802,PICHINCHA,QUITO,QUITO,URBANA,2020-07-21,14:30:00,14,MARTES,2,JULIO,7,NO,CONDUCIR VEHICULO SUPERANDO LOS LIMITES MAXIMOS DE VELOCIDAD.,OTROS,AUTOMOVIL,1,0,0,0,0,0,0,0,1,0,0,0,0,2,21,MUJER,LESIONADO,PASAJERO,NO,NO,1
23628,87333,87334,2020,1,0,-0.270629,-78.528475,PICHINCHA,QUITO,QUITO,URBANA,2020-07-21,15:00:00,15,MARTES,2,JULIO,7,NO,NO CEDER EL DERECHO DE VIA O PREFERENCIA DE PASO A VEHICULOS.,OTROS,AUTOMOVIL,1,0,0,0,0,0,0,0,0,0,0,0,0,1,73,HOMBRE,LESIONADO,PEATON,NO,NO,1
23629,87335,87336,2020,0,0,-0.147345,-78.493129,PICHINCHA,QUITO,QUITO,URBANA,2020-07-21,15:30:00,15,MARTES,2,JULIO,7,NO,NO GUARDAR LA DISTANCIA LATERAL MINIMA DE SEGURIDAD ENTRE VEHICULOS.,CHOQUE LATERAL,AUTOMOVIL,2,0,0,0,0,0,0,0,0,0,0,0,0,2,48,HOMBRE,ILESO,CONDUCTOR PRESENTE,NO,NO,1
23630,87344,87345,2020,0,0,-0.295476,-78.555093,PICHINCHA,QUITO,QUITO,URBANA,2020-07-21,18:00:00,18,MARTES,2,JULIO,7,NO,"NO RESPETAR LAS SENIALES REGLAMENTARIAS DE TRANSITO. (PARE, CEDA EL PASO, LUZ ROJA DEL SEMAFORO, ETC).",CHOQUE LATERAL,CAMION,0,0,0,1,0,0,0,0,0,0,0,0,0,1,32,HOMBRE,ILESO,CONDUCTOR PRESENTE,NO,NO,1
23631,87345,87346,2020,0,0,-0.219366,-78.510932,PICHINCHA,QUITO,QUITO,URBANA,2020-07-21,18:14:00,18,MARTES,2,JULIO,7,NO,"NO RESPETAR LAS SENIALES REGLAMENTARIAS DE TRANSITO. (PARE, CEDA EL PASO, LUZ ROJA DEL SEMAFORO, ETC).",CHOQUE LATERAL,CAMION,0,0,0,1,0,0,0,0,0,0,0,0,0,1,34,HOMBRE,ILESO,CONDUCTOR PRESENTE,NO,NO,1
23632,87359,87360,2020,0,0,-0.233586,-78.513961,PICHINCHA,QUITO,QUITO,URBANA,2020-07-22,06:50:00,6,MIERCOLES,3,JULIO,7,NO,"CONDUCE BAJO LA INFLUENCIA DE ALCOHOL, SUSTANCIAS ESTUPEFACIENTES O PSICOTROPICAS Y/O MEDICAMENTOS.",CHOQUE LATERAL,AUTOMOVIL,1,0,0,0,1,0,0,0,0,0,0,0,0,2,38,HOMBRE,ILESO,CONDUCTOR PRESENTE,NO,NO,1
23633,87363,87364,2020,0,0,-0.202346,-78.464489,PICHINCHA,QUITO,QUITO,RURAL,2020-07-22,09:25:00,9,MIERCOLES,3,JULIO,7,NO,CONDUCIR VEHICULO SUPERANDO LOS LIMITES MAXIMOS DE VELOCIDAD.,PERDIDA DE CARRIL,AUTOMOVIL,2,0,0,0,0,0,0,0,0,0,0,0,0,2,33,HOMBRE,ILESO,CONDUCTOR PRESENTE,NO,NO,3
23634,87364,87365,2020,0,0,-0.200696,-78.497003,PICHINCHA,QUITO,QUITO,URBANA,2020-07-22,10:30:00,10,MIERCOLES,3,JULIO,7,NO,PEATON QUE CRUZA LA CALZADA SIN RESPETAR LA SENIALIZACION EXISTENTE (SEMAFOROS O SENIALES MANUALES).,ATROPELLOS,FURGONETA,1,0,0,0,0,0,0,1,0,0,0,0,0,2,51,HOMBRE,ILESO,CONDUCTOR PRESENTE,NO,NO,1
23635,87373,87374,2020,1,0,-0.442922,-78.697486,PICHINCHA,MEJIA,ALOAG,RURAL,2020-07-22,17:00:00,17,MIERCOLES,3,JULIO,7,NO,"NO RESPETAR LAS SENIALES REGLAMENTARIAS DE TRANSITO. (PARE, CEDA EL PASO, LUZ ROJA DEL SEMAFORO, ETC).",CHOQUE LATERAL,CAMIONETA,1,0,0,0,1,0,0,0,0,0,0,0,0,2,32,HOMBRE,LESIONADO,PASAJERO,NO,NO,3
23636,87381,87382,2020,0,0,-0.375496,-78.506023,PICHINCHA,QUITO,AMAGUANIA,RURAL,2020-07-22,20:10:00,20,MIERCOLES,3,JULIO,7,NO,"NO RESPETAR LAS SENIALES REGLAMENTARIAS DE TRANSITO. (PARE, CEDA EL PASO, LUZ ROJA DEL SEMAFORO, ETC).",CHOQUE LATERAL,MOTOCICLETA,0,0,0,0,0,0,0,0,1,0,0,0,0,1,22,HOMBRE,ILESO,CONDUCTOR PRESENTE,NO,NO,3
23637,87392,87393,2020,1,0,-0.163294,-78.462564,PICHINCHA,QUITO,QUITO,URBANA,2020-07-23,07:30:00,7,JUEVES,4,JULIO,7,NO,NO MANTENER LA DISTANCIA PRUDENCIAL CON RESPECTO AL VEHICULO QUE LE ANTECEDE.,CHOQUE LATERAL,MOTOCICLETA,0,0,0,0,0,0,0,0,1,0,0,0,0,1,40,HOMBRE,LESIONADO,CONDUCTOR PRESENTE,NO,NO,1
23638,87396,87397,2020,1,0,-0.095961,-78.517893,PICHINCHA,QUITO,QUITO,URBANA,2020-07-23,11:29:00,11,JUEVES,4,JULIO,7,NO,NO TRANSITAR POR LAS ACERAS O ZONAS DE SEGURIDAD DESTINADAS PARA EL EFECTO.,ATROPELLOS,AUTOMOVIL,2,0,0,0,0,0,0,0,0,0,0,0,0,2,33,HOMBRE,LESIONADO,PASAJERO,NO,NO,1
23639,87398,87399,2020,1,0,-0.279539,-78.558061,PICHINCHA,QUITO,QUITO,URBANA,2020-07-23,12:45:00,12,JUEVES,4,JULIO,7,NO,"NO RESPETAR LAS SENIALES REGLAMENTARIAS DE TRANSITO. (PARE, CEDA EL PASO, LUZ ROJA DEL SEMAFORO, ETC).",CHOQUE LATERAL,CAMIONETA,0,0,0,0,1,0,0,0,0,0,0,0,0,1,70,HOMBRE,LESIONADO,PEATON,NO,NO,1
23640,87401,87402,2020,2,1,-0.165522,-78.476861,PICHINCHA,QUITO,QUITO,URBANA,2020-07-23,14:00:00,14,JUEVES,4,JULIO,7,NO,"NO RESPETAR LAS SENIALES REGLAMENTARIAS DE TRANSITO. (PARE, CEDA EL PASO, LUZ ROJA DEL SEMAFORO, ETC).",CHOQUE LATERAL,CAMIONETA,0,0,0,0,1,0,0,0,0,0,0,0,0,1,40,HOMBRE,FALLECIDO,PEATON,NO,NO,1
23641,87405,87406,2020,0,0,-0.104525,-78.427138,PICHINCHA,QUITO,CALDERON (CARAPUNGO),RURAL,2020-07-23,16:15:00,16,JUEVES,4,JULIO,7,NO,NO TRANSITAR POR LAS ACERAS O ZONAS DE SEGURIDAD DESTINADAS PARA EL EFECTO.,ATROPELLOS,AUTOMOVIL,2,0,0,0,0,0,0,0,0,0,0,0,0,2,45,HOMBRE,ILESO,CONDUCTOR PRESENTE,NO,NO,3
23642,87407,87408,2020,0,0,-0.287947,-78.519949,PICHINCHA,QUITO,QUITO,URBANA,2020-07-23,17:10:00,17,JUEVES,4,JULIO,7,NO,NO TRANSITAR POR LAS ACERAS O ZONAS DE SEGURIDAD DESTINADAS PARA EL EFECTO.,ATROPELLOS,CAMIONETA,1,0,0,0,1,0,0,0,0,0,0,0,0,2,43,HOMBRE,ILESO,CONDUCTOR PRESENTE,NO,NO,1
23643,87408,87409,2020,2,0,-0.325994,-78.555998,PICHINCHA,QUITO,QUITO,URBANA,2020-07-23,18:05:00,18,JUEVES,4,JULIO,7,NO,CONDUCIR VEHICULO SUPERANDO LOS LIMITES MAXIMOS DE VELOCIDAD.,ESTRELLAMIENTOS,BICICLETA,0,1,0,0,0,0,0,0,0,1,0,0,0,2,33,MUJER,LESIONADO,PASAJERO,NO,NO,1
23644,87411,87412,2020,0,1,0.045291,-78.164371,PICHINCHA,CAYAMBE,CAYAMBE,URBANA,2020-07-23,18:40:00,18,JUEVES,4,JULIO,7,NO,"CONDUCIR DESATENTO A LAS CONDICIONES DE TRANSITO (CELULAR, PANTALLAS DE VIDEO, COMIDA, MAQUILLAJE O CUALQUIER OTRO ELEMENTO DISTRACTOR).",CHOQUE POSTERIOR,CAMION,1,0,0,1,0,0,0,0,1,0,0,0,0,3,28,HOMBRE,FALLECIDO,CONDUCTOR PRESENTE,NO,NO,1
23645,87414,87415,2020,0,0,-0.200015,-78.531528,PICHINCHA,QUITO,QUITO,URBANA,2020-07-23,20:50:00,20,JUEVES,4,JULIO,7,NO,"CONDUCE BAJO LA INFLUENCIA DE ALCOHOL, SUSTANCIAS ESTUPEFACIENTES O PSICOTROPICAS Y/O MEDICAMENTOS.",CHOQUE FRONTAL,AUTOMOVIL,2,0,0,0,0,0,0,0,0,0,0,0,0,2,33,HOMBRE,ILESO,CONDUCTOR PRESENTE,NO,NO,1
23646,87415,87416,2020,0,0,-0.268981,-78.525242,PICHINCHA,QUITO,QUITO,URBANA,2020-07-23,21:10:00,21,JUEVES,4,JULIO,7,NO,CONDUCIR VEHICULO SUPERANDO LOS LIMITES MAXIMOS DE VELOCIDAD.,ESTRELLAMIENTOS,AUTOMOVIL,2,0,0,0,0,0,0,0,0,0,0,0,0,2,50,HOMBRE,ILESO,CONDUCTOR PRESENTE,NO,NO,1
23647,87417,87418,2020,0,0,-0.282438,-78.543773,PICHINCHA,QUITO,QUITO,URBANA,2020-07-23,23:10:00,23,JUEVES,4,JULIO,7,NO,"CONDUCE BAJO LA INFLUENCIA DE ALCOHOL, SUSTANCIAS ESTUPEFACIENTES O PSICOTROPICAS Y/O MEDICAMENTOS.",CHOQUE LATERAL,AUTOMOVIL,1,0,0,0,0,0,0,0,0,0,0,0,0,1,-1,NO IDENTIFICADO,NO IDENTIFICADO,CONDUCTOR AUSENTE,NO,NO,2
23648,87437,87438,2020,1,0,-0.100668,-78.412871,PICHINCHA,QUITO,CALDERON (CARAPUNGO),RURAL,2020-07-24,16:45:00,16,VIERNES,5,JULIO,7,NO,"CONDUCIR DESATENTO A LAS CONDICIONES DE TRANSITO (CELULAR, PANTALLAS DE VIDEO, COMIDA, MAQUILLAJE O CUALQUIER OTRO ELEMENTO DISTRACTOR).",PERDIDA DE CARRIL,VEHICULO DEPORTIVO UTILITARIO,0,0,0,0,0,0,0,0,0,0,0,0,1,1,26,HOMBRE,LESIONADO,CONDUCTOR PRESENTE,NO,NO,3
23649,87439,87440,2020,0,0,-0.330647,-78.519272,PICHINCHA,QUITO,QUITO,URBANA,2020-07-24,17:19:00,17,VIERNES,5,JULIO,7,NO,CONDUCIR VEHICULO SUPERANDO LOS LIMITES MAXIMOS DE VELOCIDAD.,CHOQUE LATERAL,CAMION,0,0,0,1,0,0,0,0,0,0,0,0,0,1,-1,NO IDENTIFICADO,NO IDENTIFICADO,CONDUCTOR AUSENTE,NO,NO,2
23650,87444,87445,2020,0,0,-0.094218,-78.481195,PICHINCHA,QUITO,QUITO,URBANA,2020-07-24,18:20:00,18,VIERNES,5,JULIO,7,NO,"CONDICIONES AMBIENTALES Y/O ATMOSFERICAS (NIEBLA, NEBLINA, GRANIZO, LLUVIA).",CHOQUE LATERAL,CAMION,0,0,0,1,0,0,0,0,0,0,0,0,0,1,-1,NO IDENTIFICADO,NO IDENTIFICADO,CONDUCTOR AUSENTE,NO,NO,2
23651,87449,87450,2020,1,0,-0.227573,-78.487053,PICHINCHA,QUITO,QUITO,URBANA,2020-07-24,19:08:00,19,VIERNES,5,JULIO,7,NO,"CONDICIONES AMBIENTALES Y/O ATMOSFERICAS (NIEBLA, NEBLINA, GRANIZO, LLUVIA).",VOLCAMIENTOS,BUS,0,0,1,0,0,0,0,0,0,0,0,0,0,1,17,HOMBRE,LESIONADO,PEATON,NO,NO,1
23652,87454,87455,2020,0,0,-0.203056,-78.458398,PICHINCHA,QUITO,QUITO,RURAL,2020-07-24,20:00:00,20,VIERNES,5,JULIO,7,NO,CONDUCIR VEHICULO SUPERANDO LOS LIMITES MAXIMOS DE VELOCIDAD.,PERDIDA DE CARRIL,AUTOMOVIL,1,0,0,0,0,0,0,0,0,0,0,0,0,1,-1,NO IDENTIFICADO,NO IDENTIFICADO,CONDUCTOR AUSENTE,NO,NO,2
23653,87456,87457,2020,4,0,-0.155856,-78.477867,PICHINCHA,QUITO,QUITO,URBANA,2020-07-24,21:20:00,21,VIERNES,5,JULIO,7,NO,"CONDUCE BAJO LA INFLUENCIA DE ALCOHOL, SUSTANCIAS ESTUPEFACIENTES O PSICOTROPICAS Y/O MEDICAMENTOS.",CHOQUE LATERAL,CAMIONETA,1,0,0,0,1,0,0,0,0,0,0,0,0,2,30,MUJER,LESIONADO,PASAJERO,NO,NO,1
23654,87466,87467,2020,1,0,-0.191831,-78.487544,PICHINCHA,QUITO,QUITO,URBANA,2020-07-25,01:30:00,1,SABADO,6,JULIO,7,NO,"CONDICIONES AMBIENTALES Y/O ATMOSFERICAS (NIEBLA, NEBLINA, GRANIZO, LLUVIA).",CHOQUE LATERAL,MOTOCICLETA,0,0,0,0,0,0,0,0,1,0,0,0,0,1,43,HOMBRE,LESIONADO,CONDUCTOR PRESENTE,NO,NO,1
23655,87467,87468,2020,1,0,-0.137962,-78.479417,PICHINCHA,QUITO,QUITO,URBANA,2020-07-25,01:56:00,1,SABADO,6,JULIO,7,NO,CONDUCIR VEHICULO SUPERANDO LOS LIMITES MAXIMOS DE VELOCIDAD.,ESTRELLAMIENTOS,FURGONETA,1,0,0,0,0,0,0,1,0,0,0,0,0,2,25,MUJER,LESIONADO,PASAJERO,NO,NO,1
23656,87471,87472,2020,2,3,-0.390604,-78.545397,PICHINCHA,MEJIA,CUTUGLAHUA,RURAL,2020-07-25,05:35:00,5,SABADO,6,JULIO,7,NO,"CONDUCIR DESATENTO A LAS CONDICIONES DE TRANSITO (CELULAR, PANTALLAS DE VIDEO, COMIDA, MAQUILLAJE O CUALQUIER OTRO ELEMENTO DISTRACTOR).",CHOQUE FRONTAL,CAMION,0,0,0,2,0,0,0,0,0,0,0,0,0,2,-1,MUJER,FALLECIDO,PASAJERO,NO,NO,3
23657,87472,87473,2020,2,0,-0.212522,-78.502125,PICHINCHA,QUITO,QUITO,URBANA,2020-07-25,05:40:00,5,SABADO,6,JULIO,7,NO,CONDUCIR VEHICULO SUPERANDO LOS LIMITES MAXIMOS DE VELOCIDAD.,PERDIDA DE CARRIL,MOTOCICLETA,0,0,0,0,0,0,0,0,1,0,0,0,0,1,26,MUJER,LESIONADO,PASAJERO,NO,NO,1
23658,87474,87475,2020,1,0,-0.095694,-78.521222,PICHINCHA,QUITO,QUITO,URBANA,2020-07-25,06:30:00,6,SABADO,6,JULIO,7,NO,CONDUCIR VEHICULO SUPERANDO LOS LIMITES MAXIMOS DE VELOCIDAD.,CHOQUE LATERAL,MOTOCICLETA,1,0,0,0,0,0,0,0,1,0,0,0,0,2,21,HOMBRE,LESIONADO,CONDUCTOR PRESENTE,NO,NO,1
23659,87477,87478,2020,1,0,-0.133668,-78.501945,PICHINCHA,QUITO,QUITO,URBANA,2020-07-25,08:05:00,8,SABADO,6,JULIO,7,NO,CONDUCIR VEHICULO SUPERANDO LOS LIMITES MAXIMOS DE VELOCIDAD.,PERDIDA DE CARRIL,MOTOCICLETA,0,0,0,0,1,0,0,0,1,0,0,0,0,2,42,MUJER,LESIONADO,CONDUCTOR PRESENTE,NO,NO,1
23660,87494,87495,2020,2,0,-0.183454,-78.490336,PICHINCHA,QUITO,QUITO,URBANA,2020-07-25,15:40:00,15,SABADO,6,JULIO,7,NO,NO TRANSITAR POR LAS ACERAS O ZONAS DE SEGURIDAD DESTINADAS PARA EL EFECTO.,ATROPELLOS,BICICLETA,0,1,0,0,0,0,0,0,1,0,0,0,0,2,65,HOMBRE,LESIONADO,CONDUCTOR PRESENTE,NO,NO,1
23661,87504,87505,2020,0,0,-0.296643,-78.549735,PICHINCHA,QUITO,QUITO,URBANA,2020-07-25,18:10:00,18,SABADO,6,JULIO,7,NO,CONDUCIR VEHICULO SUPERANDO LOS LIMITES MAXIMOS DE VELOCIDAD.,ESTRELLAMIENTOS,AUTOMOVIL,1,0,0,0,0,0,0,0,0,0,0,0,0,1,-1,NO IDENTIFICADO,NO IDENTIFICADO,CONDUCTOR AUSENTE,NO,NO,2