,Unnamed: 0,ID,ANIO,LESIONADOS,FALLECIDOS,LATITUD_Y,LONGITUD_X,PROVINCIA,CANTON,PARROQUIA,ZONA,FECHA,HORA,PERIODO_2,DIA_1,DIA_2,MES_1,MES_2,FERIADO,CAUSA_PROBABLE,TIPO_DE_SINIESTRO,TIPO_DE_VEHICULO_1,AUTOMOVIL,BICICLETA,BUS,CAMION,CAMIONETA,EMERGENCIAS,ESPECIAL,FURGONETA,MOTOCICLETA,NO_IDENTIFICADO,SCOOTER_ELECTRICO,TRICIMOTO,VEHICULO_DEPORTIVO_UTILITARIO,SUMA_DE_VEHICULOS,EDAD_1,SEXO_1,CONDICION_1,PARTICIPANTE_1,CASCO_1,CINTURON_1,KMeans_Cluster
23719,87959,87960,2020,2,0,-0.113536,-78.490389,PICHINCHA,QUITO,QUITO,URBANA,2020-08-06,12:35:00,12,JUEVES,4,AGOSTO,8,NO,"NO RESPETAR LAS SENIALES REGLAMENTARIAS DE TRANSITO. (PARE, CEDA EL PASO, LUZ ROJA DEL SEMAFORO, ETC).",CHOQUE LATERAL,NO IDENTIFICADO,0,0,0,0,0,0,0,0,0,1,0,0,0,1,23,HOMBRE,LESIONADO,PASAJERO,NO,NO,1
23720,87962,87963,2020,0,1,-0.113888,-78.294972,PICHINCHA,QUITO,EL QUINCHE,RURAL,2020-08-06,13:30:00,13,JUEVES,4,AGOSTO,8,NO,"CONDUCIR DESATENTO A LAS CONDICIONES DE TRANSITO (CELULAR, PANTALLAS DE VIDEO, COMIDA, MAQUILLAJE O CUALQUIER OTRO ELEMENTO DISTRACTOR).",ATROPELLOS,NO IDENTIFICADO,0,0,0,0,0,0,0,0,0,1,0,0,0,1,26,HOMBRE,FALLECIDO,PEATON,NO,SI,3
23721,87970,87971,2020,0,0,-0.344742,-78.454928,PICHINCHA,RUMINIAHUI,SANGOLQUI,URBANA,2020-08-06,18:50:00,18,JUEVES,4,AGOSTO,8,NO,"CONDUCIR DESATENTO A LAS CONDICIONES DE TRANSITO (CELULAR, PANTALLAS DE VIDEO, COMIDA, MAQUILLAJE O CUALQUIER OTRO ELEMENTO DISTRACTOR).",CHOQUE LATERAL,AUTOMOVIL,1,0,0,0,0,0,0,0,1,0,0,0,0,2,24,HOMBRE,ILESO,CONDUCTOR PRESENTE,NO,SI,1
23722,87975,87976,2020,0,0,-0.065923,-78.457481,PICHINCHA,QUITO,POMASQUI,RURAL,2020-08-06,22:20:00,22,JUEVES,4,AGOSTO,8,NO,"CONDUCE BAJO LA INFLUENCIA DE ALCOHOL, SUSTANCIAS ESTUPEFACIENTES O PSICOTROPICAS Y/O MEDICAMENTOS.",PERDIDA DE PISTA,CAMION,0,0,0,1,0,0,0,0,0,0,0,0,0,1,22,HOMBRE,ILESO,CONDUCTOR PRESENTE,NO,SI,3
23723,87989,87990,2020,1,0,-0.231276,-78.513692,PICHINCHA,QUITO,QUITO,URBANA,2020-08-07,09:20:00,9,VIERNES,5,AGOSTO,8,SI,BAJARSE O SUBIRSE DE VEHICULOS EN MOVIMIENTO SIN TOMAR LAS PRECAUCIONES DEBIDAS.,CAIDA DE PASAJERO,BUS,0,0,1,0,0,0,0,0,0,0,0,0,0,1,56,MUJER,LESIONADO,PASAJERO,NO,NO,1
23724,88002,88003,2020,0,1,0.048681,-78.145981,PICHINCHA,CAYAMBE,CAYAMBE,RURAL,2020-08-07,13:35:00,13,VIERNES,5,AGOSTO,8,SI,"CONDUCIR DESATENTO A LAS CONDICIONES DE TRANSITO (CELULAR, PANTALLAS DE VIDEO, COMIDA, MAQUILLAJE O CUALQUIER OTRO ELEMENTO DISTRACTOR).",ATROPELLOS,CAMION,0,0,0,1,0,0,0,0,0,0,0,0,0,1,22,HOMBRE,FALLECIDO,PEATON,NO,SI,3
23725,88003,88004,2020,1,0,-0.198247,-78.496155,PICHINCHA,QUITO,QUITO,URBANA,2020-08-07,13:35:00,13,VIERNES,5,AGOSTO,8,SI,DEJAR O RECOGER PASAJEROS EN LUGARES NO PERMITIDOS.,CAIDA DE PASAJERO,BUS,0,0,1,0,0,0,0,0,0,0,0,0,0,1,70,MUJER,LESIONADO,PASAJERO,NO,NO,1
23726,88010,88011,2020,0,0,-0.228216,-78.495243,PICHINCHA,QUITO,QUITO,URBANA,2020-08-07,17:25:00,17,VIERNES,5,AGOSTO,8,SI,"NO RESPETAR LAS SENIALES REGLAMENTARIAS DE TRANSITO. (PARE, CEDA EL PASO, LUZ ROJA DEL SEMAFORO, ETC).",COLISION,AUTOMOVIL,3,0,0,0,0,0,0,0,0,0,0,0,0,3,22,HOMBRE,ILESO,CONDUCTOR PRESENTE,NO,NO,1
23727,88019,88020,2020,0,0,0.005487,-78.542733,PICHINCHA,QUITO,CALACALI,RURAL,2020-08-07,19:20:00,19,VIERNES,5,AGOSTO,8,SI,"CONDUCE BAJO LA INFLUENCIA DE ALCOHOL, SUSTANCIAS ESTUPEFACIENTES O PSICOTROPICAS Y/O MEDICAMENTOS.",CHOQUE FRONTAL,AUTOMOVIL,1,0,0,0,1,0,0,0,0,0,0,0,0,2,23,MUJER,ILESO,PASAJERO,NO,SI,3
23728,88022,88023,2020,0,1,-0.099301,-78.413697,PICHINCHA,QUITO,CALDERON (CARAPUNGO),RURAL,2020-08-07,20:30:00,20,VIERNES,5,AGOSTO,8,SI,"CONDUCE BAJO LA INFLUENCIA DE ALCOHOL, SUSTANCIAS ESTUPEFACIENTES O PSICOTROPICAS Y/O MEDICAMENTOS.",ATROPELLOS,NO IDENTIFICADO,0,0,0,0,0,0,0,0,0,1,0,0,0,1,24,HOMBRE,FALLECIDO,PEATON,NO,SI,3
23729,88037,88038,2020,0,0,-0.285632,-78.560215,PICHINCHA,QUITO,QUITO,URBANA,2020-08-07,04:50:00,4,VIERNES,5,AGOSTO,8,SI,CONDUCIR VEHICULO SUPERANDO LOS LIMITES MAXIMOS DE VELOCIDAD.,ESTRELLAMIENTOS,AUTOMOVIL,1,0,0,0,0,0,0,0,0,0,0,0,0,1,-1,NO IDENTIFICADO,NO IDENTIFICADO,CONDUCTOR AUSENTE,NO,NO,2
23730,88041,88042,2020,0,0,-0.091744,-78.444005,PICHINCHA,QUITO,CALDERON (CARAPUNGO),RURAL,2020-08-08,03:00:00,3,SABADO,6,AGOSTO,8,SI,CONDUCIR VEHICULO SUPERANDO LOS LIMITES MAXIMOS DE VELOCIDAD.,OTROS,AUTOMOVIL,1,0,0,0,0,0,0,0,0,0,0,0,0,1,-1,NO IDENTIFICADO,NO IDENTIFICADO,CONDUCTOR AUSENTE,NO,NO,2
23731,88042,88043,2020,0,0,-0.099083,-78.421844,PICHINCHA,QUITO,CALDERON (CARAPUNGO),URBANA,2020-08-08,03:30:00,3,SABADO,6,AGOSTO,8,SI,"FALLA MECANICA EN LOS SISTEMAS Y/O NEUMATICOS (SISTEMA DE FRENOS, DIRECCION, ELECTRONICO O MECANICO).",ESTRELLAMIENTOS,AUTOMOVIL,1,0,0,0,0,0,0,0,0,0,0,0,0,1,-1,NO IDENTIFICADO,NO IDENTIFICADO,CONDUCTOR AUSENTE,NO,NO,2
23732,88046,88047,2020,0,0,-0.292724,-78.476486,PICHINCHA,QUITO,CONOCOTO,RURAL,2020-08-08,07:25:00,7,SABADO,6,AGOSTO,8,SI,"NO RESPETAR LAS SENIALES REGLAMENTARIAS DE TRANSITO. (PARE, CEDA EL PASO, LUZ ROJA DEL SEMAFORO, ETC).",CHOQUE LATERAL,AUTOMOVIL,2,0,0,0,0,0,0,0,0,0,0,0,0,2,29,HOMBRE,ILESO,CONDUCTOR PRESENTE,NO,NO,3
23733,88054,88055,2020,0,0,-0.133309,-78.494043,PICHINCHA,QUITO,QUITO,RURAL,2020-08-08,14:00:00,14,SABADO,6,AGOSTO,8,SI,"CONDUCE BAJO LA INFLUENCIA DE ALCOHOL, SUSTANCIAS ESTUPEFACIENTES O PSICOTROPICAS Y/O MEDICAMENTOS.",COLISION,MOTOCICLETA,2,0,0,0,0,0,0,0,1,0,0,0,0,3,43,HOMBRE,ILESO,CONDUCTOR PRESENTE,NO,NO,3
23734,88059,88060,2020,0,0,-0.175912,-78.472553,PICHINCHA,QUITO,QUITO,URBANA,2020-08-08,15:30:00,15,SABADO,6,AGOSTO,8,SI,"NO RESPETAR LAS SENIALES REGLAMENTARIAS DE TRANSITO. (PARE, CEDA EL PASO, LUZ ROJA DEL SEMAFORO, ETC).",COLISION,CAMIONETA,3,0,0,0,1,0,0,0,0,0,0,0,0,4,40,MUJER,ILESO,CONDUCTOR PRESENTE,NO,NO,1
23735,88060,88061,2020,0,0,-0.052802,-78.285654,PICHINCHA,QUITO,GUAYLLABAMBA,RURAL,2020-08-08,15:30:00,15,SABADO,6,AGOSTO,8,SI,"CONDUCIR DESATENTO A LAS CONDICIONES DE TRANSITO (CELULAR, PANTALLAS DE VIDEO, COMIDA, MAQUILLAJE O CUALQUIER OTRO ELEMENTO DISTRACTOR).",ATROPELLOS,NO IDENTIFICADO,0,0,0,0,0,0,0,0,0,1,0,0,0,1,23,HOMBRE,ILESO,PEATON,NO,SI,3
23736,88065,88066,2020,0,0,-0.148665,-78.470914,PICHINCHA,QUITO,QUITO,URBANA,2020-08-08,17:30:00,17,SABADO,6,AGOSTO,8,SI,CONDUCIR VEHICULO SUPERANDO LOS LIMITES MAXIMOS DE VELOCIDAD.,ESTRELLAMIENTOS,AUTOMOVIL,1,0,0,0,0,0,0,0,0,0,0,0,0,1,-1,NO IDENTIFICADO,NO IDENTIFICADO,CONDUCTOR AUSENTE,NO,NO,2
23737,88069,88070,2020,1,0,-0.345252,-78.449961,PICHINCHA,RUMINIAHUI,SANGOLQUI,URBANA,2020-08-08,18:30:00,18,SABADO,6,AGOSTO,8,SI,"CONDUCIR DESATENTO A LAS CONDICIONES DE TRANSITO (CELULAR, PANTALLAS DE VIDEO, COMIDA, MAQUILLAJE O CUALQUIER OTRO ELEMENTO DISTRACTOR).",ATROPELLOS,NO IDENTIFICADO,0,0,0,0,0,0,0,0,0,1,0,0,0,1,52,MUJER,LESIONADO,PEATON,NO,SI,1
23738,88077,88078,2020,0,0,-0.122134,-78.486997,PICHINCHA,QUITO,QUITO,URBANA,2020-08-08,21:20:00,21,SABADO,6,AGOSTO,8,SI,"PRESENCIA DE AGENTES EXTERNOS EN LA VIA (AGUA, ACEITE, PIEDRA, LASTRE, ESCOMBROS, MADEROS, ETC.).",ESTRELLAMIENTOS,AUTOMOVIL,1,0,0,0,0,0,0,0,0,0,0,0,0,1,-1,NO IDENTIFICADO,NO IDENTIFICADO,CONDUCTOR AUSENTE,NO,NO,2
23739,88081,88082,2020,0,0,-0.134337,-78.497554,PICHINCHA,QUITO,QUITO,URBANA,2020-08-08,22:30:00,22,SABADO,6,AGOSTO,8,SI,NO CEDER EL DERECHO DE VIA O PREFERENCIA DE PASO A VEHICULOS.,CHOQUE LATERAL,AUTOMOVIL,2,0,0,0,0,0,0,0,0,0,0,0,0,2,38,HOMBRE,ILESO,CONDUCTOR PRESENTE,NO,NO,1
23740,88082,88083,2020,1,0,-0.285382,-78.536795,PICHINCHA,QUITO,QUITO,URBANA,2020-08-08,22:40:00,22,SABADO,6,AGOSTO,8,SI,"CONDUCE BAJO LA INFLUENCIA DE ALCOHOL, SUSTANCIAS ESTUPEFACIENTES O PSICOTROPICAS Y/O MEDICAMENTOS.",ATROPELLOS,AUTOMOVIL,1,0,0,0,0,0,0,0,0,0,0,0,0,1,26,HOMBRE,LESIONADO,PEATON,NO,NO,1
23741,88095,88096,2020,0,0,-0.252134,-78.482867,PICHINCHA,QUITO,QUITO,URBANA,2020-08-09,03:00:00,3,DOMINGO,7,AGOSTO,8,SI,"CONDUCIR DESATENTO A LAS CONDICIONES DE TRANSITO (CELULAR, PANTALLAS DE VIDEO, COMIDA, MAQUILLAJE O CUALQUIER OTRO ELEMENTO DISTRACTOR).",PERDIDA DE CARRIL,AUTOMOVIL,1,0,0,0,0,0,0,0,0,0,0,0,0,1,-1,NO IDENTIFICADO,NO IDENTIFICADO,CONDUCTOR AUSENTE,NO,SI,2
23742,88097,88098,2020,1,0,-0.289913,-78.537629,PICHINCHA,QUITO,QUITO,URBANA,2020-08-09,03:35:00,3,DOMINGO,7,AGOSTO,8,SI,CONDUCIR VEHICULO SUPERANDO LOS LIMITES MAXIMOS DE VELOCIDAD.,PERDIDA DE CARRIL,MOTOCICLETA,0,0,0,0,0,0,0,0,1,0,0,0,0,1,32,HOMBRE,LESIONADO,CONDUCTOR PRESENTE,NO,NO,1
23743,88110,88111,2020,4,0,-0.141527,-78.496397,PICHINCHA,QUITO,QUITO,URBANA,2020-08-09,10:00:00,10,DOMINGO,7,AGOSTO,8,SI,"NO RESPETAR LAS SENIALES REGLAMENTARIAS DE TRANSITO. (PARE, CEDA EL PASO, LUZ ROJA DEL SEMAFORO, ETC).",ESTRELLAMIENTOS,CAMIONETA,2,0,0,0,1,0,0,0,0,0,0,0,0,3,72,MUJER,LESIONADO,PASAJERO,NO,NO,1
23744,88125,88126,2020,0,0,-0.088353,-78.515336,PICHINCHA,QUITO,QUITO,URBANA,2020-08-09,15:00:00,15,DOMINGO,7,AGOSTO,8,SI,"CONDUCIR DESATENTO A LAS CONDICIONES DE TRANSITO (CELULAR, PANTALLAS DE VIDEO, COMIDA, MAQUILLAJE O CUALQUIER OTRO ELEMENTO DISTRACTOR).",CHOQUE POSTERIOR,AUTOMOVIL,1,0,0,0,1,0,0,0,0,0,0,0,0,2,29,HOMBRE,ILESO,CONDUCTOR PRESENTE,NO,NO,1
23745,88131,88132,2020,0,0,-0.104643,-78.453801,PICHINCHA,QUITO,CALDERON (CARAPUNGO),RURAL,2020-08-09,17:35:00,17,DOMINGO,7,AGOSTO,8,SI,"NO RESPETAR LAS SENIALES REGLAMENTARIAS DE TRANSITO. (PARE, CEDA EL PASO, LUZ ROJA DEL SEMAFORO, ETC).",CHOQUE LATERAL,AUTOMOVIL,2,0,0,0,0,0,0,0,0,0,0,0,0,2,39,HOMBRE,ILESO,CONDUCTOR PRESENTE,NO,NO,3
23746,88135,88136,2020,0,1,0.002139,-78.500053,PICHINCHA,QUITO,CALACALI,RURAL,2020-08-09,18:40:00,18,DOMINGO,7,AGOSTO,8,SI,"CONDUCIR DESATENTO A LAS CONDICIONES DE TRANSITO (CELULAR, PANTALLAS DE VIDEO, COMIDA, MAQUILLAJE O CUALQUIER OTRO ELEMENTO DISTRACTOR).",ARROLLAMIENTOS,NO IDENTIFICADO,0,0,0,0,0,0,0,0,0,1,0,0,0,1,53,MUJER,FALLECIDO,PEATON,NO,SI,3
23747,88159,88160,2020,1,0,-0.180786,-78.455465,PICHINCHA,QUITO,QUITO,URBANA,2020-08-10,12:10:00,12,LUNES,1,AGOSTO,8,SI,CONDUCIR VEHICULO SUPERANDO LOS LIMITES MAXIMOS DE VELOCIDAD.,ESTRELLAMIENTOS,MOTOCICLETA,0,0,0,0,0,0,0,0,1,0,0,0,0,1,45,HOMBRE,LESIONADO,CONDUCTOR PRESENTE,NO,NO,1
23748,88176,88177,2020,1,0,-0.274321,-78.544261,PICHINCHA,QUITO,QUITO,URBANA,2020-08-10,18:55:00,18,LUNES,1,AGOSTO,8,SI,CONDUCIR VEHICULO SUPERANDO LOS LIMITES MAXIMOS DE VELOCIDAD.,ATROPELLOS,NO IDENTIFICADO,0,0,0,0,0,0,0,0,0,1,0,0,0,1,43,HOMBRE,LESIONADO,PEATON,NO,NO,1
23749,88177,88178,2020,0,0,-0.239466,-78.488631,PICHINCHA,QUITO,QUITO,URBANA,2020-08-10,19:10:00,19,LUNES,1,AGOSTO,8,SI,"NO RESPETAR LAS SENIALES REGLAMENTARIAS DE TRANSITO. (PARE, CEDA EL PASO, LUZ ROJA DEL SEMAFORO, ETC).",ESTRELLAMIENTOS,NO IDENTIFICADO,0,0,0,0,0,0,0,0,0,1,0,0,0,1,-1,NO IDENTIFICADO,NO IDENTIFICADO,CONDUCTOR AUSENTE,NO,NO,2
23750,88183,88184,2020,0,0,-0.292724,-78.476486,PICHINCHA,QUITO,CONOCOTO,RURAL,2020-08-10,20:25:00,20,LUNES,1,AGOSTO,8,SI,"FALLA MECANICA EN LOS SISTEMAS Y/O NEUMATICOS (SISTEMA DE FRENOS, DIRECCION, ELECTRONICO O MECANICO).",OTROS,AUTOMOVIL,1,0,0,0,0,0,0,0,0,0,0,0,0,1,-1,NO IDENTIFICADO,NO IDENTIFICADO,CONDUCTOR AUSENTE,NO,NO,2
23751,88185,88186,2020,0,0,-0.241875,-78.506677,PICHINCHA,QUITO,QUITO,URBANA,2020-08-10,21:10:00,21,LUNES,1,AGOSTO,8,SI,"CONDUCIR DESATENTO A LAS CONDICIONES DE TRANSITO (CELULAR, PANTALLAS DE VIDEO, COMIDA, MAQUILLAJE O CUALQUIER OTRO ELEMENTO DISTRACTOR).",CHOQUE FRONTAL,AUTOMOVIL,1,0,0,0,1,0,0,0,0,0,0,0,0,2,65,HOMBRE,ILESO,CONDUCTOR PRESENTE,NO,NO,1
23752,88188,88189,2020,0,0,-0.093977,-78.470908,PICHINCHA,QUITO,QUITO,URBANA,2020-08-11,01:55:00,1,MARTES,2,AGOSTO,8,NO,CONDUCIR VEHICULO SUPERANDO LOS LIMITES MAXIMOS DE VELOCIDAD.,ESTRELLAMIENTOS,AUTOMOVIL,1,0,0,0,0,0,0,0,0,0,0,0,0,1,-1,NO IDENTIFICADO,NO IDENTIFICADO,CONDUCTOR AUSENTE,NO,NO,2
23753,88189,88190,2020,0,0,-0.447544,-78.745638,PICHINCHA,MEJIA,MANUEL CORNEJO ASTORGA,RURAL,2020-08-11,04:32:00,4,MARTES,2,AGOSTO,8,NO,CONDUCIR EN SENTIDO CONTRARIO A LA VIA NORMAL DE CIRCULACION.,CHOQUE FRONTAL,AUTOMOVIL,2,0,0,0,0,0,0,0,0,0,0,0,0,2,-1,HOMBRE,ILESO,CONDUCTOR PRESENTE,NO,NO,3
23754,88194,88195,2020,1,0,-0.188986,-78.482707,PICHINCHA,QUITO,QUITO,URBANA,2020-08-11,07:30:00,7,MARTES,2,AGOSTO,8,NO,NO CEDER EL DERECHO DE VIA O PREFERENCIA DE PASO A VEHICULOS.,CHOQUE LATERAL,MOTOCICLETA,1,0,0,0,0,0,0,0,1,0,0,0,0,2,27,HOMBRE,LESIONADO,CONDUCTOR PRESENTE,NO,NO,1
23755,88196,88197,2020,2,0,-0.144229,-78.469533,PICHINCHA,QUITO,QUITO,URBANA,2020-08-11,09:10:00,9,MARTES,2,AGOSTO,8,NO,NO MANTENER LA DISTANCIA PRUDENCIAL CON RESPECTO AL VEHICULO QUE LE ANTECEDE.,CHOQUE POSTERIOR,CAMION,0,0,0,2,0,0,0,0,0,0,0,0,0,2,25,HOMBRE,LESIONADO,PASAJERO,NO,NO,1
23756,88203,88204,2020,0,0,-0.294246,-78.567381,PICHINCHA,QUITO,QUITO,URBANA,2020-08-11,15:30:00,15,MARTES,2,AGOSTO,8,NO,"CONDUCE BAJO LA INFLUENCIA DE ALCOHOL, SUSTANCIAS ESTUPEFACIENTES O PSICOTROPICAS Y/O MEDICAMENTOS.",ESTRELLAMIENTOS,AUTOMOVIL,2,0,0,0,0,0,0,0,0,0,0,0,0,2,56,HOMBRE,ILESO,CONDUCTOR PRESENTE,NO,NO,1
23757,88205,88206,2020,0,0,-0.255497,-78.541508,PICHINCHA,QUITO,QUITO,URBANA,2020-08-11,16:00:00,16,MARTES,2,AGOSTO,8,NO,"CONDUCE BAJO LA INFLUENCIA DE ALCOHOL, SUSTANCIAS ESTUPEFACIENTES O PSICOTROPICAS Y/O MEDICAMENTOS.",CHOQUE FRONTAL,AUTOMOVIL,1,0,0,0,0,0,0,0,1,0,0,0,0,2,33,HOMBRE,ILESO,CONDUCTOR PRESENTE,NO,NO,1
23758,88211,88212,2020,2,0,-0.215983,-78.520084,PICHINCHA,QUITO,QUITO,URBANA,2020-08-11,18:20:00,18,MARTES,2,AGOSTO,8,NO,NO MANTENER LA DISTANCIA PRUDENCIAL CON RESPECTO AL VEHICULO QUE LE ANTECEDE.,CHOQUE POSTERIOR,MOTOCICLETA,0,0,0,0,0,0,0,0,1,1,0,0,0,2,23,HOMBRE,LESIONADO,PASAJERO,NO,NO,1
23759,88214,88215,2020,0,0,-0.186873,-78.479609,PICHINCHA,QUITO,QUITO,URBANA,2020-08-11,20:00:00,20,MARTES,2,AGOSTO,8,NO,"NO RESPETAR LAS SENIALES REGLAMENTARIAS DE TRANSITO. (PARE, CEDA EL PASO, LUZ ROJA DEL SEMAFORO, ETC).",CHOQUE LATERAL,AUTOMOVIL,2,0,0,0,0,0,0,0,0,0,0,0,0,2,44,HOMBRE,ILESO,CONDUCTOR PRESENTE,NO,NO,1
23760,88218,88219,2020,0,0,-0.161127,-78.318387,PICHINCHA,QUITO,YARUQUI,RURAL,2020-08-11,06:30:00,6,MARTES,2,AGOSTO,8,NO,CONDUCIR VEHICULO SUPERANDO LOS LIMITES MAXIMOS DE VELOCIDAD.,ESTRELLAMIENTOS,CAMIONETA,0,0,0,0,1,0,0,0,0,0,0,0,0,1,-1,NO IDENTIFICADO,NO IDENTIFICADO,CONDUCTOR AUSENTE,NO,NO,2
23761,88219,88220,2020,0,0,-0.091585,-78.439052,PICHINCHA,QUITO,CALDERON (CARAPUNGO),RURAL,2020-08-12,03:44:00,3,MIERCOLES,3,AGOSTO,8,NO,"PRESENCIA DE AGENTES EXTERNOS EN LA VIA (AGUA, ACEITE, PIEDRA, LASTRE, ESCOMBROS, MADEROS, ETC.).",PERDIDA DE CARRIL,AUTOMOVIL,1,0,0,0,0,0,0,0,0,0,0,0,0,1,-1,NO IDENTIFICADO,NO IDENTIFICADO,CONDUCTOR AUSENTE,NO,NO,2
23762,88224,88225,2020,1,0,-0.144814,-78.477508,PICHINCHA,QUITO,QUITO,URBANA,2020-08-12,09:15:00,9,MIERCOLES,3,AGOSTO,8,NO,CONDUCIR VEHICULO SUPERANDO LOS LIMITES MAXIMOS DE VELOCIDAD.,ESTRELLAMIENTOS,AUTOMOVIL,2,0,0,0,0,0,0,0,1,0,0,0,0,3,44,HOMBRE,LESIONADO,CONDUCTOR PRESENTE,NO,NO,1
23763,88225,88226,2020,1,0,-0.105384,-78.497732,PICHINCHA,QUITO,QUITO,URBANA,2020-08-12,09:15:00,9,MIERCOLES,3,AGOSTO,8,NO,NO CEDER EL DERECHO DE VIA O PREFERENCIA DE PASO AL PEATON.,ATROPELLOS,CAMIONETA,0,0,0,0,1,0,0,0,0,0,0,0,0,1,51,MUJER,LESIONADO,PEATON,NO,NO,1
23764,88239,88240,2020,0,0,-0.148663,-78.502839,PICHINCHA,QUITO,QUITO,URBANA,2020-08-12,17:45:00,17,MIERCOLES,3,AGOSTO,8,NO,NO MANTENER LA DISTANCIA PRUDENCIAL CON RESPECTO AL VEHICULO QUE LE ANTECEDE.,CHOQUE POSTERIOR,AUTOMOVIL,2,0,0,0,0,0,0,0,0,0,0,0,0,2,22,HOMBRE,ILESO,CONDUCTOR PRESENTE,NO,NO,1
23765,88243,88244,2020,0,0,-0.263076,-78.488316,PICHINCHA,QUITO,CONOCOTO,URBANA,2020-08-12,21:00:00,21,MIERCOLES,3,AGOSTO,8,NO,"CONDUCIR DESATENTO A LAS CONDICIONES DE TRANSITO (CELULAR, PANTALLAS DE VIDEO, COMIDA, MAQUILLAJE O CUALQUIER OTRO ELEMENTO DISTRACTOR).",CHOQUE POSTERIOR,CAMIONETA,0,0,0,1,1,0,0,0,0,0,0,0,0,2,32,HOMBRE,ILESO,CONDUCTOR PRESENTE,NO,SI,1
23766,88245,88246,2020,0,0,-0.277723,-78.552649,PICHINCHA,QUITO,QUITO,URBANA,2020-08-13,03:50:00,3,JUEVES,4,AGOSTO,8,NO,CONDUCIR VEHICULO SUPERANDO LOS LIMITES MAXIMOS DE VELOCIDAD.,ESTRELLAMIENTOS,AUTOMOVIL,1,0,0,0,0,0,0,0,0,0,0,0,0,1,-1,NO IDENTIFICADO,NO IDENTIFICADO,CONDUCTOR AUSENTE,NO,NO,2
23767,88246,88247,2020,0,0,-0.242681,-78.497364,PICHINCHA,QUITO,QUITO,URBANA,2020-08-13,05:00:00,5,JUEVES,4,AGOSTO,8,NO,CONDUCIR VEHICULO SUPERANDO LOS LIMITES MAXIMOS DE VELOCIDAD.,ESTRELLAMIENTOS,AUTOMOVIL,1,0,0,0,0,0,0,0,0,0,0,0,0,1,-1,NO IDENTIFICADO,NO IDENTIFICADO,CONDUCTOR AUSENTE,NO,NO,2
23768,88251,88252,2020,0,0,-0.212249,-78.384395,PICHINCHA,QUITO,TUMBACO,URBANA,2020-08-13,07:57:00,7,JUEVES,4,AGOSTO,8,NO,CONDUCIR VEHICULO SUPERANDO LOS LIMITES MAXIMOS DE VELOCIDAD.,ESTRELLAMIENTOS,AUTOMOVIL,2,0,0,0,1,0,0,0,0,0,0,0,0,3,35,HOMBRE,ILESO,CONDUCTOR PRESENTE,NO,NO,1
23769,88252,88253,2020,1,0,-0.318988,-78.550648,PICHINCHA,QUITO,QUITO,URBANA,2020-08-13,08:25:00,8,JUEVES,4,AGOSTO,8,NO,NO CEDER EL DERECHO DE VIA O PREFERENCIA DE PASO AL PEATON.,ATROPELLOS,NO IDENTIFICADO,0,0,0,0,0,0,0,0,0,1,0,0,0,1,32,MUJER,LESIONADO,PEATON,NO,NO,1
23770,88255,88256,2020,1,0,-0.096889,-78.499865,PICHINCHA,QUITO,QUITO,URBANA,2020-08-13,10:55:00,10,JUEVES,4,AGOSTO,8,NO,"FALLA MECANICA EN LOS SISTEMAS Y/O NEUMATICOS (SISTEMA DE FRENOS, DIRECCION, ELECTRONICO O MECANICO).",ATROPELLOS,AUTOMOVIL,1,0,0,0,0,0,0,0,0,0,0,0,0,1,18,HOMBRE,LESIONADO,PEATON,NO,NO,1
23771,88276,88277,2020,1,0,-0.112213,-78.474367,PICHINCHA,QUITO,QUITO,URBANA,2020-08-13,22:08:00,22,JUEVES,4,AGOSTO,8,NO,DANIOS MECANICOS PREVISIBLES.,PERDIDA DE CARRIL,MOTOCICLETA,0,0,0,0,0,0,0,0,1,0,0,0,0,1,30,HOMBRE,LESIONADO,CONDUCTOR PRESENTE,NO,NO,1
23772,88283,88284,2020,0,0,-0.239882,-78.507098,PICHINCHA,QUITO,QUITO,URBANA,2020-08-14,02:45:00,2,VIERNES,5,AGOSTO,8,NO,CONDUCIR VEHICULO SUPERANDO LOS LIMITES MAXIMOS DE VELOCIDAD.,ESTRELLAMIENTOS,AUTOMOVIL,1,0,0,0,0,0,0,0,0,0,0,0,0,1,-1,NO IDENTIFICADO,NO IDENTIFICADO,CONDUCTOR AUSENTE,NO,NO,2
23773,88284,88285,2020,0,0,-0.203056,-78.458398,PICHINCHA,QUITO,QUITO,RURAL,2020-08-14,02:50:00,2,VIERNES,5,AGOSTO,8,NO,CONDUCIR VEHICULO SUPERANDO LOS LIMITES MAXIMOS DE VELOCIDAD.,ESTRELLAMIENTOS,CAMIONETA,0,0,0,0,1,0,0,0,0,0,0,0,0,1,-1,NO IDENTIFICADO,NO IDENTIFICADO,CONDUCTOR AUSENTE,NO,NO,2
23774,88285,88286,2020,0,0,-0.151841,-78.460003,PICHINCHA,QUITO,QUITO,URBANA,2020-08-14,03:30:00,3,VIERNES,5,AGOSTO,8,NO,CONDUCIR VEHICULO SUPERANDO LOS LIMITES MAXIMOS DE VELOCIDAD.,ESTRELLAMIENTOS,ESPECIAL,0,0,0,0,0,0,1,0,0,0,0,0,0,1,49,HOMBRE,ILESO,CONDUCTOR PRESENTE,NO,NO,1
23775,88289,88290,2020,0,1,-0.184718,-78.344695,PICHINCHA,QUITO,TABABELA,RURAL,2020-08-14,06:10:00,6,VIERNES,5,AGOSTO,8,NO,NO MANTENER LA DISTANCIA PRUDENCIAL CON RESPECTO AL VEHICULO QUE LE ANTECEDE.,CHOQUE POSTERIOR,MOTOCICLETA,0,0,0,0,0,0,0,0,1,1,0,0,0,2,35,HOMBRE,FALLECIDO,CONDUCTOR PRESENTE,NO,NO,3