,Unnamed: 0,ID,ANIO,LESIONADOS,FALLECIDOS,LATITUD_Y,LONGITUD_X,PROVINCIA,CANTON,PARROQUIA,ZONA,FECHA,HORA,PERIODO_2,DIA_1,DIA_2,MES_1,MES_2,FERIADO,CAUSA_PROBABLE,TIPO_DE_SINIESTRO,TIPO_DE_VEHICULO_1,AUTOMOVIL,BICICLETA,BUS,CAMION,CAMIONETA,EMERGENCIAS,ESPECIAL,FURGONETA,MOTOCICLETA,NO_IDENTIFICADO,SCOOTER_ELECTRICO,TRICIMOTO,VEHICULO_DEPORTIVO_UTILITARIO,SUMA_DE_VEHICULOS,EDAD_1,SEXO_1,CONDICION_1,PARTICIPANTE_1,CASCO_1,CINTURON_1,KMeans_Cluster
23776,88291,88292,2020,2,0,-0.187808,-78.444336,PICHINCHA,QUITO,NAYON,RURAL,2020-08-14,07:35:00,7,VIERNES,5,AGOSTO,8,NO,CONDUCIR VEHICULO SUPERANDO LOS LIMITES MAXIMOS DE VELOCIDAD.,ESTRELLAMIENTOS,CAMIONETA,0,0,0,0,1,0,0,0,0,0,0,0,0,1,31,HOMBRE,LESIONADO,PASAJERO,NO,NO,3
23777,88302,88303,2020,0,0,-0.067979,-78.414021,PICHINCHA,QUITO,CALDERON (CARAPUNGO),RURAL,2020-08-14,11:40:00,11,VIERNES,5,AGOSTO,8,NO,"PRESENCIA DE AGENTES EXTERNOS EN LA VIA (AGUA, ACEITE, PIEDRA, LASTRE, ESCOMBROS, MADEROS, ETC.).",OTROS,MOTOCICLETA,0,0,0,0,0,0,0,0,1,0,0,0,0,1,-1,NO IDENTIFICADO,NO IDENTIFICADO,CONDUCTOR AUSENTE,NO,NO,2
23778,88305,88306,2020,1,0,-0.174346,-78.470797,PICHINCHA,QUITO,QUITO,URBANA,2020-08-14,11:50:00,11,VIERNES,5,AGOSTO,8,NO,"NO RESPETAR LAS SENIALES REGLAMENTARIAS DE TRANSITO. (PARE, CEDA EL PASO, LUZ ROJA DEL SEMAFORO, ETC).",CHOQUE LATERAL,AUTOMOVIL,2,0,0,0,0,0,0,0,0,0,0,0,0,2,60,HOMBRE,LESIONADO,CONDUCTOR PRESENTE,NO,NO,1
23779,88310,88311,2020,0,0,-0.214651,-78.500491,PICHINCHA,QUITO,QUITO,URBANA,2020-08-14,14:10:00,14,VIERNES,5,AGOSTO,8,NO,"NO RESPETAR LAS SENIALES REGLAMENTARIAS DE TRANSITO. (PARE, CEDA EL PASO, LUZ ROJA DEL SEMAFORO, ETC).",CHOQUE LATERAL,AUTOMOVIL,1,0,1,0,0,0,0,0,0,0,0,0,0,2,31,HOMBRE,ILESO,CONDUCTOR PRESENTE,NO,NO,1
23780,88317,88318,2020,1,0,-0.118692,-78.492091,PICHINCHA,QUITO,QUITO,URBANA,2020-08-14,15:55:00,15,VIERNES,5,AGOSTO,8,NO,"NO RESPETAR LAS SENIALES REGLAMENTARIAS DE TRANSITO. (PARE, CEDA EL PASO, LUZ ROJA DEL SEMAFORO, ETC).",CHOQUE LATERAL,MOTOCICLETA,1,0,0,0,0,0,0,0,1,0,0,0,0,2,23,HOMBRE,LESIONADO,CONDUCTOR PRESENTE,NO,NO,1
23781,88337,88338,2020,0,0,-0.067905,-78.463218,PICHINCHA,QUITO,POMASQUI,RURAL,2020-08-14,23:15:00,23,VIERNES,5,AGOSTO,8,NO,CONDUCIR VEHICULO SUPERANDO LOS LIMITES MAXIMOS DE VELOCIDAD.,ESTRELLAMIENTOS,AUTOMOVIL,1,0,0,0,0,0,0,0,0,0,0,0,0,1,-1,NO IDENTIFICADO,NO IDENTIFICADO,CONDUCTOR AUSENTE,NO,NO,2
23782,88339,88340,2020,0,0,-0.195508,-78.499367,PICHINCHA,QUITO,QUITO,URBANA,2020-08-14,05:40:00,5,VIERNES,5,AGOSTO,8,NO,CONDUCIR VEHICULO SUPERANDO LOS LIMITES MAXIMOS DE VELOCIDAD.,ESTRELLAMIENTOS,AUTOMOVIL,1,0,0,0,0,0,0,0,0,0,0,0,0,1,-1,NO IDENTIFICADO,NO IDENTIFICADO,CONDUCTOR AUSENTE,NO,NO,2
23783,88346,88347,2020,1,0,-0.224896,-78.519286,PICHINCHA,QUITO,QUITO,URBANA,2020-08-15,01:55:00,1,SABADO,6,AGOSTO,8,NO,"FALLA MECANICA EN LOS SISTEMAS Y/O NEUMATICOS (SISTEMA DE FRENOS, DIRECCION, ELECTRONICO O MECANICO).",ATROPELLOS,CAMION,0,0,0,1,0,0,0,0,0,0,0,0,0,1,11,MUJER,LESIONADO,PEATON,NO,NO,1
23784,88354,88355,2020,0,1,-0.162731,-78.366629,PICHINCHA,QUITO,PUEMBO,RURAL,2020-08-15,09:00:00,9,SABADO,6,AGOSTO,8,NO,CONDUCIR VEHICULO SUPERANDO LOS LIMITES MAXIMOS DE VELOCIDAD.,PERDIDA DE CARRIL,MOTOCICLETA,0,0,0,0,0,0,0,0,1,0,0,0,0,1,26,HOMBRE,FALLECIDO,CONDUCTOR PRESENTE,NO,NO,3
23785,88361,88362,2020,1,0,-0.291361,-78.506556,PICHINCHA,QUITO,CONOCOTO,RURAL,2020-08-15,13:00:00,13,SABADO,6,AGOSTO,8,NO,CONDUCIR VEHICULO SUPERANDO LOS LIMITES MAXIMOS DE VELOCIDAD.,PERDIDA DE CARRIL,MOTOCICLETA,0,0,0,0,0,0,0,0,1,0,0,0,0,1,49,HOMBRE,LESIONADO,PASAJERO,SI,NO,3
23786,88363,88364,2020,1,0,-0.120042,-78.415686,PICHINCHA,QUITO,CALDERON (CARAPUNGO),RURAL,2020-08-15,14:55:00,14,SABADO,6,AGOSTO,8,NO,REALIZAR CAMBIO BRUSCO O INDEBIDO DE CARRIL.,CHOQUE LATERAL,MOTOCICLETA,1,0,0,0,0,0,0,0,1,0,0,0,0,2,29,HOMBRE,LESIONADO,CONDUCTOR PRESENTE,NO,NO,3
23787,88366,88367,2020,4,0,-0.441642,-78.724301,PICHINCHA,MEJIA,MANUEL CORNEJO ASTORGA,RURAL,2020-08-15,15:30:00,15,SABADO,6,AGOSTO,8,NO,CONDUCIR EN SENTIDO CONTRARIO A LA VIA NORMAL DE CIRCULACION.,CHOQUE FRONTAL,AUTOMOVIL,1,0,0,1,0,0,0,0,0,0,0,0,0,2,-1,NO IDENTIFICADO,LESIONADO,CONDUCTOR PRESENTE,NO,NO,3
23788,88379,88380,2020,0,0,-0.075112,-78.462915,PICHINCHA,QUITO,QUITO,URBANA,2020-08-15,19:10:00,19,SABADO,6,AGOSTO,8,NO,"CONDUCE BAJO LA INFLUENCIA DE ALCOHOL, SUSTANCIAS ESTUPEFACIENTES O PSICOTROPICAS Y/O MEDICAMENTOS.",COLISION,AUTOMOVIL,2,0,0,0,0,0,0,1,0,0,0,0,0,3,44,HOMBRE,ILESO,CONDUCTOR PRESENTE,NO,NO,1
23789,88381,88382,2020,1,0,-0.328239,-78.538128,PICHINCHA,QUITO,QUITO,URBANA,2020-08-15,19:25:00,19,SABADO,6,AGOSTO,8,NO,NO CEDER EL DERECHO DE VIA O PREFERENCIA DE PASO AL PEATON.,ATROPELLOS,AUTOMOVIL,1,0,0,0,0,0,0,0,0,0,0,0,0,1,71,HOMBRE,LESIONADO,PEATON,NO,NO,1
23790,88386,88387,2020,1,1,-0.090894,-78.431195,PICHINCHA,QUITO,CALDERON (CARAPUNGO),RURAL,2020-08-15,20:15:00,20,SABADO,6,AGOSTO,8,NO,"NO RESPETAR LAS SENIALES REGLAMENTARIAS DE TRANSITO. (PARE, CEDA EL PASO, LUZ ROJA DEL SEMAFORO, ETC).",CHOQUE POSTERIOR,MOTOCICLETA,0,0,0,0,0,0,0,0,1,1,0,0,0,2,26,HOMBRE,FALLECIDO,PASAJERO,NO,NO,3
23791,88395,88396,2020,1,0,-0.309885,-78.550277,PICHINCHA,QUITO,QUITO,URBANA,2020-08-15,21:30:00,21,SABADO,6,AGOSTO,8,NO,"NO RESPETAR LAS SENIALES REGLAMENTARIAS DE TRANSITO. (PARE, CEDA EL PASO, LUZ ROJA DEL SEMAFORO, ETC).",CHOQUE LATERAL,NO IDENTIFICADO,0,0,0,0,0,0,0,0,0,2,0,0,0,2,24,HOMBRE,LESIONADO,PASAJERO,NO,NO,1
23792,88399,88400,2020,0,1,-0.316596,-78.442177,PICHINCHA,RUMINIAHUI,SANGOLQUI,URBANA,2020-08-15,22:45:00,22,SABADO,6,AGOSTO,8,NO,"CONDUCIR DESATENTO A LAS CONDICIONES DE TRANSITO (CELULAR, PANTALLAS DE VIDEO, COMIDA, MAQUILLAJE O CUALQUIER OTRO ELEMENTO DISTRACTOR).",PERDIDA DE CARRIL,MOTOCICLETA,0,0,0,0,0,0,0,0,1,0,0,0,0,1,43,HOMBRE,FALLECIDO,CONDUCTOR PRESENTE,NO,SI,1
23793,88400,88401,2020,0,1,0.045141,-78.225116,PICHINCHA,PEDRO MONCAYO,TABACUNDO,URBANA,2020-08-15,23:00:00,23,SABADO,6,AGOSTO,8,NO,"CONDUCIR DESATENTO A LAS CONDICIONES DE TRANSITO (CELULAR, PANTALLAS DE VIDEO, COMIDA, MAQUILLAJE O CUALQUIER OTRO ELEMENTO DISTRACTOR).",ATROPELLOS,NO IDENTIFICADO,0,0,0,0,0,0,0,0,0,1,0,0,0,1,24,HOMBRE,FALLECIDO,PEATON,NO,SI,1
23794,88403,88404,2020,0,0,-0.241041,-78.482961,PICHINCHA,QUITO,QUITO,URBANA,2020-08-16,01:40:00,1,DOMINGO,7,AGOSTO,8,NO,CONDUCIR VEHICULO SUPERANDO LOS LIMITES MAXIMOS DE VELOCIDAD.,PERDIDA DE CARRIL,MOTOCICLETA,0,0,0,0,0,0,0,0,1,0,0,0,0,1,30,HOMBRE,ILESO,PASAJERO,NO,NO,1
23795,88406,88407,2020,0,0,-0.282595,-78.470666,PICHINCHA,QUITO,CONOCOTO,RURAL,2020-08-16,02:15:00,2,DOMINGO,7,AGOSTO,8,NO,"CONDUCIR EN ESTADO DE SOMNOLENCIA O MALAS CONDICIONES FISICAS (SUENIO, CANSANCIO Y FATIGA).",OTROS,AUTOMOVIL,1,0,0,0,0,0,0,0,0,0,0,0,0,1,-1,NO IDENTIFICADO,NO IDENTIFICADO,CONDUCTOR AUSENTE,NO,NO,2
23796,88408,88409,2020,0,0,-0.198238,-78.495827,PICHINCHA,QUITO,QUITO,URBANA,2020-08-16,03:37:00,3,DOMINGO,7,AGOSTO,8,NO,"NO RESPETAR LAS SENIALES REGLAMENTARIAS DE TRANSITO. (PARE, CEDA EL PASO, LUZ ROJA DEL SEMAFORO, ETC).",CHOQUE LATERAL,AUTOMOVIL,2,0,0,0,0,0,0,0,0,0,0,0,0,2,38,MUJER,ILESO,CONDUCTOR PRESENTE,NO,NO,1
23797,88417,88418,2020,0,0,-0.115802,-78.295057,PICHINCHA,QUITO,EL QUINCHE,RURAL,2020-08-16,08:00:00,8,DOMINGO,7,AGOSTO,8,NO,"CONDUCIR DESATENTO A LAS CONDICIONES DE TRANSITO (CELULAR, PANTALLAS DE VIDEO, COMIDA, MAQUILLAJE O CUALQUIER OTRO ELEMENTO DISTRACTOR).",ATROPELLOS,AUTOMOVIL,1,0,0,0,0,0,0,0,0,0,0,0,0,1,71,HOMBRE,ILESO,PEATON,NO,SI,3
23798,88418,88419,2020,0,1,-0.079969,-78.462681,PICHINCHA,QUITO,QUITO,URBANA,2020-08-16,09:00:00,9,DOMINGO,7,AGOSTO,8,NO,DANIOS MECANICOS PREVISIBLES.,PERDIDA DE CARRIL,BICICLETA,0,1,0,0,0,0,0,0,0,0,0,0,0,1,36,MUJER,FALLECIDO,CONDUCTOR PRESENTE,NO,NO,1
23799,88428,88429,2020,1,0,-0.074961,-78.290015,PICHINCHA,CAYAMBE,ASCAZUBI,RURAL,2020-08-16,17:00:00,17,DOMINGO,7,AGOSTO,8,NO,"CONDUCE BAJO LA INFLUENCIA DE ALCOHOL, SUSTANCIAS ESTUPEFACIENTES O PSICOTROPICAS Y/O MEDICAMENTOS.",CHOQUE LATERAL,MOTOCICLETA,1,0,0,0,0,0,0,0,1,0,0,0,0,2,48,HOMBRE,LESIONADO,CONDUCTOR PRESENTE,NO,SI,3
23800,88442,88443,2020,0,0,-0.156069,-78.439391,PICHINCHA,QUITO,NAYON,RURAL,2020-08-16,21:00:00,21,DOMINGO,7,AGOSTO,8,NO,CONDUCIR VEHICULO SUPERANDO LOS LIMITES MAXIMOS DE VELOCIDAD.,ESTRELLAMIENTOS,CAMIONETA,0,0,0,0,2,0,0,0,0,0,0,0,0,2,-1,NO IDENTIFICADO,NO IDENTIFICADO,CONDUCTOR AUSENTE,NO,NO,2
23801,88453,88454,2020,4,0,-0.333413,-78.519725,PICHINCHA,QUITO,QUITO,URBANA,2020-08-17,06:10:00,6,LUNES,1,AGOSTO,8,NO,CONDUCIR VEHICULO SUPERANDO LOS LIMITES MAXIMOS DE VELOCIDAD.,COLISION,CAMIONETA,1,0,0,0,1,0,0,0,0,1,0,0,0,3,34,HOMBRE,LESIONADO,PASAJERO,NO,NO,1
23802,88455,88456,2020,0,0,-0.467884,-78.565635,PICHINCHA,MEJIA,MACHACHI,RURAL,2020-08-17,06:40:00,6,LUNES,1,AGOSTO,8,NO,"CONDUCIR DESATENTO A LAS CONDICIONES DE TRANSITO (CELULAR, PANTALLAS DE VIDEO, COMIDA, MAQUILLAJE O CUALQUIER OTRO ELEMENTO DISTRACTOR).",CHOQUE LATERAL,AUTOMOVIL,1,0,0,0,1,0,0,0,0,0,0,0,0,2,40,HOMBRE,ILESO,CONDUCTOR PRESENTE,NO,SI,3
23803,88460,88461,2020,1,0,-0.245585,-78.515521,PICHINCHA,QUITO,QUITO,URBANA,2020-08-17,10:20:00,10,LUNES,1,AGOSTO,8,NO,NO GUARDAR LA DISTANCIA LATERAL MINIMA DE SEGURIDAD ENTRE VEHICULOS.,ROZAMIENTOS,AUTOMOVIL,1,0,0,0,0,0,0,0,1,0,0,0,0,2,42,HOMBRE,LESIONADO,CONDUCTOR PRESENTE,NO,NO,1
23804,88464,88465,2020,1,0,-0.084163,-78.418921,PICHINCHA,QUITO,CALDERON (CARAPUNGO),RURAL,2020-08-17,12:20:00,12,LUNES,1,AGOSTO,8,NO,NO CEDER EL DERECHO DE VIA O PREFERENCIA DE PASO A VEHICULOS.,CHOQUE FRONTAL,MOTOCICLETA,1,0,0,0,0,0,0,0,1,0,0,0,0,2,24,HOMBRE,LESIONADO,CONDUCTOR PRESENTE,NO,NO,3
23805,88477,88478,2020,5,0,-0.123662,-78.495509,PICHINCHA,QUITO,QUITO,URBANA,2020-08-17,18:00:00,18,LUNES,1,AGOSTO,8,NO,"NO RESPETAR LAS SENIALES REGLAMENTARIAS DE TRANSITO. (PARE, CEDA EL PASO, LUZ ROJA DEL SEMAFORO, ETC).",CHOQUE LATERAL,CAMIONETA,1,0,0,0,1,0,0,0,0,0,0,0,0,2,24,HOMBRE,LESIONADO,PASAJERO,NO,NO,1
23806,88482,88483,2020,0,0,-0.118081,-78.455573,PICHINCHA,QUITO,QUITO,RURAL,2020-08-17,20:51:00,20,LUNES,1,AGOSTO,8,NO,"CONDUCE BAJO LA INFLUENCIA DE ALCOHOL, SUSTANCIAS ESTUPEFACIENTES O PSICOTROPICAS Y/O MEDICAMENTOS.",CHOQUE LATERAL,BUS,1,0,1,0,0,0,0,0,0,0,0,0,0,2,49,HOMBRE,ILESO,CONDUCTOR PRESENTE,NO,NO,3
23807,88491,88492,2020,2,0,-0.441995,-78.729781,PICHINCHA,MEJIA,MANUEL CORNEJO ASTORGA,RURAL,2020-08-18,00:40:00,0,MARTES,2,AGOSTO,8,NO,"CONDUCIR DESATENTO A LAS CONDICIONES DE TRANSITO (CELULAR, PANTALLAS DE VIDEO, COMIDA, MAQUILLAJE O CUALQUIER OTRO ELEMENTO DISTRACTOR).",ESTRELLAMIENTOS,CAMION,0,0,0,1,0,0,0,0,0,0,0,0,0,1,-1,NO IDENTIFICADO,LESIONADO,CONDUCTOR PRESENTE,NO,NO,2
23808,88492,88493,2020,0,1,-0.199767,-78.428809,PICHINCHA,QUITO,CUMBAYA,RURAL,2020-08-18,05:15:00,5,MARTES,2,AGOSTO,8,NO,CONDUCIR VEHICULO SUPERANDO LOS LIMITES MAXIMOS DE VELOCIDAD.,ESTRELLAMIENTOS,BUS,0,0,1,0,0,0,0,1,0,0,0,0,0,2,32,HOMBRE,FALLECIDO,CONDUCTOR PRESENTE,NO,NO,3
23809,88495,88496,2020,2,0,-0.440081,-78.736769,PICHINCHA,MEJIA,MANUEL CORNEJO ASTORGA,RURAL,2020-08-18,06:40:00,6,MARTES,2,AGOSTO,8,NO,CONDUCIR EN SENTIDO CONTRARIO A LA VIA NORMAL DE CIRCULACION.,CHOQUE FRONTAL,CAMIONETA,0,0,0,1,1,0,0,0,0,0,0,0,0,2,-1,NO IDENTIFICADO,LESIONADO,PASAJERO,NO,NO,3
23810,88503,88504,2020,0,0,-0.304504,-78.566891,PICHINCHA,QUITO,QUITO,URBANA,2020-08-18,10:30:00,10,MARTES,2,AGOSTO,8,NO,"CONDUCIR DESATENTO A LAS CONDICIONES DE TRANSITO (CELULAR, PANTALLAS DE VIDEO, COMIDA, MAQUILLAJE O CUALQUIER OTRO ELEMENTO DISTRACTOR).",CHOQUE FRONTAL,AUTOMOVIL,1,0,0,0,0,0,0,0,0,1,0,0,0,2,66,HOMBRE,ILESO,CONDUCTOR PRESENTE,NO,NO,1
23811,88505,88506,2020,0,1,-0.123564,-78.503311,PICHINCHA,QUITO,QUITO,URBANA,2020-08-18,12:05:00,12,MARTES,2,AGOSTO,8,NO,PEATON QUE CRUZA LA CALZADA SIN RESPETAR LA SENIALIZACION EXISTENTE (SEMAFOROS O SENIALES MANUALES).,ATROPELLOS,NO IDENTIFICADO,0,0,0,0,0,0,0,0,0,1,0,0,0,1,82,HOMBRE,FALLECIDO,PEATON,NO,NO,1
23812,88509,88510,2020,0,0,-0.237542,-78.484291,PICHINCHA,QUITO,QUITO,RURAL,2020-08-18,16:18:00,16,MARTES,2,AGOSTO,8,NO,CONDUCIR VEHICULO SUPERANDO LOS LIMITES MAXIMOS DE VELOCIDAD.,ESTRELLAMIENTOS,CAMIONETA,0,0,0,0,1,0,0,0,0,0,0,0,0,1,53,HOMBRE,ILESO,CONDUCTOR PRESENTE,NO,NO,3
23813,88521,88522,2020,0,0,-0.195493,-78.442359,PICHINCHA,QUITO,CUMBAYA,URBANA,2020-08-18,20:20:00,20,MARTES,2,AGOSTO,8,NO,CONDUCIR VEHICULO SUPERANDO LOS LIMITES MAXIMOS DE VELOCIDAD.,ESTRELLAMIENTOS,AUTOMOVIL,1,0,0,0,0,0,0,0,0,0,0,0,0,1,21,MUJER,ILESO,CONDUCTOR PRESENTE,NO,NO,1
23814,88522,88523,2020,1,0,-0.122235,-78.496781,PICHINCHA,QUITO,QUITO,URBANA,2020-08-18,20:45:00,20,MARTES,2,AGOSTO,8,NO,"NO RESPETAR LAS SENIALES REGLAMENTARIAS DE TRANSITO. (PARE, CEDA EL PASO, LUZ ROJA DEL SEMAFORO, ETC).",CHOQUE LATERAL,MOTOCICLETA,0,0,0,0,0,0,0,0,1,1,0,0,0,2,43,HOMBRE,LESIONADO,CONDUCTOR PRESENTE,NO,NO,1
23815,88531,88532,2020,0,0,-0.201004,-78.491306,PICHINCHA,QUITO,QUITO,URBANA,2020-08-19,11:25:00,11,MIERCOLES,3,AGOSTO,8,NO,NO CEDER EL DERECHO DE VIA O PREFERENCIA DE PASO A VEHICULOS.,CHOQUE LATERAL,AUTOMOVIL,2,0,0,0,0,0,0,0,0,0,0,0,0,2,53,HOMBRE,ILESO,CONDUCTOR PRESENTE,NO,NO,1
23816,88543,88544,2020,0,0,-0.204802,-78.376946,PICHINCHA,QUITO,TUMBACO,RURAL,2020-08-19,18:00:00,18,MIERCOLES,3,AGOSTO,8,NO,NO CEDER EL DERECHO DE VIA O PREFERENCIA DE PASO A VEHICULOS.,CHOQUE LATERAL,AUTOMOVIL,2,0,0,0,0,0,0,0,0,0,0,0,0,2,26,HOMBRE,ILESO,CONDUCTOR PRESENTE,NO,NO,3
23817,88545,88546,2020,1,0,-0.097891,-78.483413,PICHINCHA,QUITO,QUITO,URBANA,2020-08-19,18:50:00,18,MIERCOLES,3,AGOSTO,8,NO,"CONDUCE BAJO LA INFLUENCIA DE ALCOHOL, SUSTANCIAS ESTUPEFACIENTES O PSICOTROPICAS Y/O MEDICAMENTOS.",CHOQUE POSTERIOR,CAMIONETA,1,0,0,0,1,0,0,0,1,0,0,0,0,3,28,HOMBRE,LESIONADO,CONDUCTOR PRESENTE,NO,NO,1
23818,88551,88552,2020,1,1,-0.282334,-78.554148,PICHINCHA,QUITO,QUITO,URBANA,2020-08-19,22:40:00,22,MIERCOLES,3,AGOSTO,8,NO,CONDUCIR VEHICULO SUPERANDO LOS LIMITES MAXIMOS DE VELOCIDAD.,ESTRELLAMIENTOS,AUTOMOVIL,1,0,0,0,0,0,0,0,0,0,0,0,0,1,22,HOMBRE,FALLECIDO,CONDUCTOR PRESENTE,NO,NO,1
23819,88554,88555,2020,0,0,-0.053769,-78.327979,PICHINCHA,QUITO,GUAYLLABAMBA,RURAL,2020-08-20,05:45:00,5,JUEVES,4,AGOSTO,8,NO,"CONDICIONES AMBIENTALES Y/O ATMOSFERICAS (NIEBLA, NEBLINA, GRANIZO, LLUVIA).",CHOQUE POSTERIOR,CAMIONETA,0,0,0,0,1,0,0,0,0,0,0,0,1,2,-1,NO IDENTIFICADO,ILESO,PASAJERO,NO,SI,3
23820,88559,88560,2020,0,0,-0.162023,-78.318223,PICHINCHA,QUITO,YARUQUI,RURAL,2020-08-20,09:00:00,9,JUEVES,4,AGOSTO,8,NO,"CONDICIONES AMBIENTALES Y/O ATMOSFERICAS (NIEBLA, NEBLINA, GRANIZO, LLUVIA).",ESTRELLAMIENTOS,AUTOMOVIL,1,0,0,0,0,0,0,0,0,0,0,0,0,1,32,HOMBRE,ILESO,CONDUCTOR PRESENTE,NO,NO,3
23821,88560,88561,2020,0,0,-0.064806,-78.288299,PICHINCHA,CAYAMBE,ASCAZUBI,RURAL,2020-08-20,09:25:00,9,JUEVES,4,AGOSTO,8,NO,"CONDUCIR DESATENTO A LAS CONDICIONES DE TRANSITO (CELULAR, PANTALLAS DE VIDEO, COMIDA, MAQUILLAJE O CUALQUIER OTRO ELEMENTO DISTRACTOR).",CHOQUE LATERAL,MOTOCICLETA,0,0,0,1,0,0,0,0,1,0,0,0,0,2,31,HOMBRE,ILESO,CONDUCTOR PRESENTE,NO,SI,3
23822,88567,88568,2020,0,0,-0.200564,-78.456413,PICHINCHA,QUITO,QUITO,RURAL,2020-08-20,12:20:00,12,JUEVES,4,AGOSTO,8,NO,"CONDICIONES AMBIENTALES Y/O ATMOSFERICAS (NIEBLA, NEBLINA, GRANIZO, LLUVIA).",ESTRELLAMIENTOS,CAMION,3,0,0,1,0,0,1,0,0,0,0,0,0,5,23,MUJER,ILESO,PASAJERO,NO,NO,3
23823,88568,88569,2020,0,0,-0.111478,-78.489835,PICHINCHA,QUITO,QUITO,URBANA,2020-08-20,13:00:00,13,JUEVES,4,AGOSTO,8,NO,"NO RESPETAR LAS SENIALES REGLAMENTARIAS DE TRANSITO. (PARE, CEDA EL PASO, LUZ ROJA DEL SEMAFORO, ETC).",CHOQUE POSTERIOR,AUTOMOVIL,2,0,0,0,0,0,0,0,0,0,0,0,0,2,29,HOMBRE,ILESO,CONDUCTOR PRESENTE,NO,NO,1
23824,88576,88577,2020,0,0,-0.192805,-78.487266,PICHINCHA,QUITO,QUITO,URBANA,2020-08-20,14:50:00,14,JUEVES,4,AGOSTO,8,NO,NO CEDER EL DERECHO DE VIA O PREFERENCIA DE PASO A VEHICULOS.,CHOQUE LATERAL,AUTOMOVIL,2,0,0,0,0,0,0,0,0,0,0,0,0,2,25,HOMBRE,ILESO,CONDUCTOR PRESENTE,NO,NO,1
23825,88582,88583,2020,0,0,-0.260141,-78.551851,PICHINCHA,QUITO,QUITO,URBANA,2020-08-20,17:30:00,17,JUEVES,4,AGOSTO,8,NO,"NO RESPETAR LAS SENIALES REGLAMENTARIAS DE TRANSITO. (PARE, CEDA EL PASO, LUZ ROJA DEL SEMAFORO, ETC).",CHOQUE LATERAL,AUTOMOVIL,2,0,0,0,0,0,0,0,0,0,0,0,0,2,48,HOMBRE,ILESO,CONDUCTOR PRESENTE,NO,NO,1
23826,88589,88590,2020,2,0,-0.204592,-78.377815,PICHINCHA,QUITO,TUMBACO,RURAL,2020-08-20,19:35:00,19,JUEVES,4,AGOSTO,8,NO,"NO RESPETAR LAS SENIALES REGLAMENTARIAS DE TRANSITO. (PARE, CEDA EL PASO, LUZ ROJA DEL SEMAFORO, ETC).",CHOQUE LATERAL,MOTOCICLETA,1,0,0,0,0,0,0,0,1,0,0,0,0,2,17,MUJER,LESIONADO,PASAJERO,NO,NO,3
23827,88596,88597,2020,1,0,-0.297972,-78.446139,PICHINCHA,QUITO,ALANGASI,RURAL,2020-08-20,21:30:00,21,JUEVES,4,AGOSTO,8,NO,"CONDUCE BAJO LA INFLUENCIA DE ALCOHOL, SUSTANCIAS ESTUPEFACIENTES O PSICOTROPICAS Y/O MEDICAMENTOS.",CHOQUE FRONTAL,AUTOMOVIL,1,0,0,0,0,0,0,0,1,0,0,0,0,2,39,HOMBRE,LESIONADO,CONDUCTOR PRESENTE,NO,NO,3
23828,88599,88600,2020,1,0,-0.304726,-78.565529,PICHINCHA,QUITO,QUITO,URBANA,2020-08-20,22:20:00,22,JUEVES,4,AGOSTO,8,NO,"CONDUCE BAJO LA INFLUENCIA DE ALCOHOL, SUSTANCIAS ESTUPEFACIENTES O PSICOTROPICAS Y/O MEDICAMENTOS.",ATROPELLOS,CAMIONETA,0,0,0,0,1,0,0,0,0,0,0,0,0,1,19,HOMBRE,LESIONADO,PEATON,NO,NO,1
23829,88600,88601,2020,0,1,-0.328044,-78.538584,PICHINCHA,QUITO,QUITO,URBANA,2020-08-20,23:10:00,23,JUEVES,4,AGOSTO,8,NO,CONDUCIR VEHICULO SUPERANDO LOS LIMITES MAXIMOS DE VELOCIDAD.,ESTRELLAMIENTOS,MOTOCICLETA,0,0,0,0,0,0,0,0,1,0,0,0,0,1,27,HOMBRE,FALLECIDO,CONDUCTOR PRESENTE,NO,NO,1
23830,88608,88609,2020,0,0,-0.260629,-78.546185,PICHINCHA,QUITO,QUITO,URBANA,2020-08-21,06:30:00,6,VIERNES,5,AGOSTO,8,NO,"CONDICIONES AMBIENTALES Y/O ATMOSFERICAS (NIEBLA, NEBLINA, GRANIZO, LLUVIA).",COLISION,AUTOMOVIL,1,0,0,0,1,0,0,1,0,0,0,0,0,3,34,HOMBRE,ILESO,CONDUCTOR PRESENTE,NO,NO,1
23831,88609,88610,2020,1,0,-0.207931,-78.366854,PICHINCHA,QUITO,PUEMBO,RURAL,2020-08-21,06:45:00,6,VIERNES,5,AGOSTO,8,NO,"CONDICIONES AMBIENTALES Y/O ATMOSFERICAS (NIEBLA, NEBLINA, GRANIZO, LLUVIA).",PERDIDA DE CARRIL,CAMIONETA,0,0,0,0,1,0,0,0,0,0,0,0,0,1,48,HOMBRE,LESIONADO,CONDUCTOR PRESENTE,NO,NO,3
23832,88613,88614,2020,0,0,-0.211227,-78.363348,PICHINCHA,QUITO,PUEMBO,RURAL,2020-08-21,07:40:00,7,VIERNES,5,AGOSTO,8,NO,"CONDICIONES AMBIENTALES Y/O ATMOSFERICAS (NIEBLA, NEBLINA, GRANIZO, LLUVIA).",ESTRELLAMIENTOS,AUTOMOVIL,3,0,0,0,0,0,0,0,0,0,0,0,0,3,35,MUJER,ILESO,CONDUCTOR PRESENTE,NO,NO,3