,Unnamed: 0,ID,ANIO,LESIONADOS,FALLECIDOS,LATITUD_Y,LONGITUD_X,PROVINCIA,CANTON,PARROQUIA,ZONA,FECHA,HORA,PERIODO_2,DIA_1,DIA_2,MES_1,MES_2,FERIADO,CAUSA_PROBABLE,TIPO_DE_SINIESTRO,TIPO_DE_VEHICULO_1,AUTOMOVIL,BICICLETA,BUS,CAMION,CAMIONETA,EMERGENCIAS,ESPECIAL,FURGONETA,MOTOCICLETA,NO_IDENTIFICADO,SCOOTER_ELECTRICO,TRICIMOTO,VEHICULO_DEPORTIVO_UTILITARIO,SUMA_DE_VEHICULOS,EDAD_1,SEXO_1,CONDICION_1,PARTICIPANTE_1,CASCO_1,CINTURON_1,KMeans_Cluster
23833,88615,88616,2020,0,0,-0.058111,-78.344101,PICHINCHA,QUITO,GUAYLLABAMBA,URBANA,2020-08-21,08:20:00,8,VIERNES,5,AGOSTO,8,NO,"CONDUCE BAJO LA INFLUENCIA DE ALCOHOL, SUSTANCIAS ESTUPEFACIENTES O PSICOTROPICAS Y/O MEDICAMENTOS.",OTROS,AUTOMOVIL,2,0,0,0,0,0,0,0,0,0,0,0,0,2,33,MUJER,ILESO,CONDUCTOR PRESENTE,NO,NO,1
23834,88616,88617,2020,0,0,-0.274514,-78.526805,PICHINCHA,QUITO,QUITO,URBANA,2020-08-21,08:30:00,8,VIERNES,5,AGOSTO,8,NO,"NO RESPETAR LAS SENIALES REGLAMENTARIAS DE TRANSITO. (PARE, CEDA EL PASO, LUZ ROJA DEL SEMAFORO, ETC).",CHOQUE FRONTAL,AUTOMOVIL,2,0,0,0,0,0,0,0,0,0,0,0,0,2,21,HOMBRE,ILESO,CONDUCTOR PRESENTE,NO,NO,1
23835,88617,88618,2020,1,0,-0.282882,-78.542349,PICHINCHA,QUITO,QUITO,URBANA,2020-08-21,09:10:00,9,VIERNES,5,AGOSTO,8,NO,"CONDICIONES AMBIENTALES Y/O ATMOSFERICAS (NIEBLA, NEBLINA, GRANIZO, LLUVIA).",CHOQUE LATERAL,MOTOCICLETA,0,0,0,0,0,0,0,0,1,1,0,0,0,2,22,HOMBRE,LESIONADO,CONDUCTOR PRESENTE,NO,NO,1
23836,88618,88619,2020,0,0,-0.007482,-78.452918,PICHINCHA,QUITO,SAN ANTONIO (QUITO),URBANA,2020-08-21,09:30:00,9,VIERNES,5,AGOSTO,8,NO,"CONDUCIR DESATENTO A LAS CONDICIONES DE TRANSITO (CELULAR, PANTALLAS DE VIDEO, COMIDA, MAQUILLAJE O CUALQUIER OTRO ELEMENTO DISTRACTOR).",CHOQUE POSTERIOR,AUTOMOVIL,1,0,0,0,0,0,0,0,0,0,0,0,1,2,54,HOMBRE,ILESO,CONDUCTOR PRESENTE,NO,SI,1
23837,88620,88621,2020,0,0,-0.108255,-78.461339,PICHINCHA,QUITO,CALDERON (CARAPUNGO),RURAL,2020-08-21,10:00:00,10,VIERNES,5,AGOSTO,8,NO,"CONDICIONES AMBIENTALES Y/O ATMOSFERICAS (NIEBLA, NEBLINA, GRANIZO, LLUVIA).",CHOQUE LATERAL,CAMIONETA,1,0,0,0,1,0,0,0,0,0,0,0,0,2,28,HOMBRE,ILESO,CONDUCTOR PRESENTE,NO,NO,3
23838,88622,88623,2020,0,0,-0.188521,-78.448241,PICHINCHA,QUITO,NAYON,RURAL,2020-08-21,10:47:00,10,VIERNES,5,AGOSTO,8,NO,"CONDICIONES AMBIENTALES Y/O ATMOSFERICAS (NIEBLA, NEBLINA, GRANIZO, LLUVIA).",CHOQUE LATERAL,AUTOMOVIL,2,0,0,0,0,0,0,0,0,0,0,0,0,2,40,MUJER,ILESO,CONDUCTOR PRESENTE,NO,NO,3
23839,88624,88625,2020,1,0,0.025491,-78.642323,PICHINCHA,QUITO,NONO,RURAL,2020-08-21,12:40:00,12,VIERNES,5,AGOSTO,8,NO,"CONDICIONES AMBIENTALES Y/O ATMOSFERICAS (NIEBLA, NEBLINA, GRANIZO, LLUVIA).",PERDIDA DE CARRIL,CAMIONETA,0,0,0,0,1,0,0,0,0,0,0,0,0,1,58,HOMBRE,LESIONADO,PASAJERO,NO,SI,3
23840,88637,88638,2020,1,0,-0.239082,-78.523432,PICHINCHA,QUITO,QUITO,URBANA,2020-08-21,18:15:00,18,VIERNES,5,AGOSTO,8,NO,"NO RESPETAR LAS SENIALES REGLAMENTARIAS DE TRANSITO. (PARE, CEDA EL PASO, LUZ ROJA DEL SEMAFORO, ETC).",CHOQUE LATERAL,BICICLETA,1,1,0,0,0,0,0,0,0,0,0,0,0,2,44,HOMBRE,LESIONADO,CONDUCTOR PRESENTE,NO,NO,1
23841,88643,88644,2020,0,0,-0.121124,-78.441886,PICHINCHA,QUITO,CALDERON (CARAPUNGO),RURAL,2020-08-21,19:30:00,19,VIERNES,5,AGOSTO,8,NO,"ADELANTAR O REBASAR A OTRO VEHICULO EN MOVIMIENTO EN ZONAS O SITIOS PELIGROSOS TALES COMO: CURVAS, PUENTES, TUNELES, PENDIENTES, ETC.",CHOQUE FRONTAL,AUTOMOVIL,2,0,0,0,0,0,0,0,0,0,0,0,0,2,33,HOMBRE,ILESO,CONDUCTOR PRESENTE,NO,NO,3
23842,88644,88645,2020,1,0,-0.348684,-78.538868,PICHINCHA,QUITO,QUITO,URBANA,2020-08-21,20:10:00,20,VIERNES,5,AGOSTO,8,NO,CONDUCIR VEHICULO SUPERANDO LOS LIMITES MAXIMOS DE VELOCIDAD.,PERDIDA DE CARRIL,MOTOCICLETA,0,0,0,0,0,0,0,0,1,0,0,0,0,1,22,HOMBRE,LESIONADO,PASAJERO,SI,NO,1
23843,88645,88646,2020,2,0,-0.318641,-78.549386,PICHINCHA,QUITO,QUITO,URBANA,2020-08-21,20:40:00,20,VIERNES,5,AGOSTO,8,NO,"NO RESPETAR LAS SENIALES REGLAMENTARIAS DE TRANSITO. (PARE, CEDA EL PASO, LUZ ROJA DEL SEMAFORO, ETC).",OTROS,BICICLETA,0,1,0,0,0,0,0,0,0,1,0,0,0,2,26,HOMBRE,LESIONADO,PASAJERO,NO,NO,1
23844,88646,88647,2020,1,0,-0.219429,-78.520717,PICHINCHA,QUITO,QUITO,URBANA,2020-08-21,21:00:00,21,VIERNES,5,AGOSTO,8,NO,REALIZAR CAMBIO BRUSCO O INDEBIDO DE CARRIL.,ROZAMIENTOS,CAMION,0,0,0,1,0,0,0,0,1,0,0,0,0,2,27,HOMBRE,LESIONADO,CONDUCTOR PRESENTE,NO,NO,1
23845,88656,88657,2020,1,0,-0.100702,-78.421549,PICHINCHA,QUITO,CALDERON (CARAPUNGO),RURAL,2020-08-22,00:55:00,0,SABADO,6,AGOSTO,8,NO,NO CEDER EL DERECHO DE VIA O PREFERENCIA DE PASO A VEHICULOS.,CHOQUE LATERAL,MOTOCICLETA,0,0,0,0,0,0,0,0,1,1,0,0,0,2,28,HOMBRE,LESIONADO,CONDUCTOR PRESENTE,NO,NO,3
23846,88660,88661,2020,0,1,-0.501495,-78.572621,PICHINCHA,MEJIA,MACHACHI,RURAL,2020-08-22,05:30:00,5,SABADO,6,AGOSTO,8,NO,"CONDUCIR DESATENTO A LAS CONDICIONES DE TRANSITO (CELULAR, PANTALLAS DE VIDEO, COMIDA, MAQUILLAJE O CUALQUIER OTRO ELEMENTO DISTRACTOR).",CHOQUE LATERAL,CAMIONETA,0,0,0,0,1,0,0,0,0,0,0,0,0,1,-1,HOMBRE,FALLECIDO,CONDUCTOR PRESENTE,NO,SI,3
23847,88662,88663,2020,1,0,-0.279738,-78.557725,PICHINCHA,QUITO,QUITO,URBANA,2020-08-22,06:10:00,6,SABADO,6,AGOSTO,8,NO,"CONDUCE BAJO LA INFLUENCIA DE ALCOHOL, SUSTANCIAS ESTUPEFACIENTES O PSICOTROPICAS Y/O MEDICAMENTOS.",ESTRELLAMIENTOS,AUTOMOVIL,1,0,0,0,0,0,0,0,0,0,0,0,0,1,24,HOMBRE,LESIONADO,CONDUCTOR PRESENTE,NO,NO,1
23848,88665,88666,2020,0,0,-0.247767,-78.518033,PICHINCHA,QUITO,QUITO,URBANA,2020-08-22,08:10:00,8,SABADO,6,AGOSTO,8,NO,CONDUCIR VEHICULO SUPERANDO LOS LIMITES MAXIMOS DE VELOCIDAD.,ESTRELLAMIENTOS,AUTOMOVIL,2,0,0,0,0,0,0,0,0,0,0,0,0,2,-1,NO IDENTIFICADO,NO IDENTIFICADO,CONDUCTOR AUSENTE,NO,NO,2
23849,88670,88671,2020,0,0,-0.137645,-78.501298,PICHINCHA,QUITO,QUITO,URBANA,2020-08-22,10:18:00,10,SABADO,6,AGOSTO,8,NO,"NO RESPETAR LAS SENIALES REGLAMENTARIAS DE TRANSITO. (PARE, CEDA EL PASO, LUZ ROJA DEL SEMAFORO, ETC).",CHOQUE LATERAL,AUTOMOVIL,1,0,0,0,0,0,0,0,1,0,0,0,0,2,23,MUJER,ILESO,CONDUCTOR PRESENTE,NO,NO,1
23850,88672,88673,2020,1,0,-0.226486,-78.339567,PICHINCHA,QUITO,PIFO,RURAL,2020-08-22,10:35:00,10,SABADO,6,AGOSTO,8,NO,NO MANTENER LA DISTANCIA PRUDENCIAL CON RESPECTO AL VEHICULO QUE LE ANTECEDE.,CHOQUE POSTERIOR,AUTOMOVIL,1,0,0,1,0,0,0,0,0,0,0,0,0,2,9,HOMBRE,LESIONADO,PASAJERO,NO,NO,3
23851,88677,88678,2020,1,0,-0.280215,-78.550496,PICHINCHA,QUITO,QUITO,URBANA,2020-08-22,12:40:00,12,SABADO,6,AGOSTO,8,NO,PEATON QUE CRUZA LA CALZADA SIN RESPETAR LA SENIALIZACION EXISTENTE (SEMAFOROS O SENIALES MANUALES).,ATROPELLOS,NO IDENTIFICADO,0,0,0,0,0,0,0,0,0,1,0,0,0,1,14,MUJER,LESIONADO,PEATON,NO,NO,1
23852,88678,88679,2020,0,0,-0.290612,-78.536893,PICHINCHA,QUITO,QUITO,URBANA,2020-08-22,14:00:00,14,SABADO,6,AGOSTO,8,NO,"CONDUCIR DESATENTO A LAS CONDICIONES DE TRANSITO (CELULAR, PANTALLAS DE VIDEO, COMIDA, MAQUILLAJE O CUALQUIER OTRO ELEMENTO DISTRACTOR).",CHOQUE FRONTAL,AUTOMOVIL,2,0,0,0,0,0,0,0,0,0,0,0,0,2,25,MUJER,ILESO,PASAJERO,NO,NO,1
23853,88684,88685,2020,0,0,-0.089711,-78.476392,PICHINCHA,QUITO,QUITO,URBANA,2020-08-22,16:45:00,16,SABADO,6,AGOSTO,8,NO,"CONDUCE BAJO LA INFLUENCIA DE ALCOHOL, SUSTANCIAS ESTUPEFACIENTES O PSICOTROPICAS Y/O MEDICAMENTOS.",COLISION,AUTOMOVIL,3,0,0,0,0,0,0,0,0,0,0,0,0,3,34,HOMBRE,ILESO,CONDUCTOR PRESENTE,NO,NO,1
23854,88685,88686,2020,1,0,-0.281865,-78.534304,PICHINCHA,QUITO,QUITO,URBANA,2020-08-22,17:00:00,17,SABADO,6,AGOSTO,8,NO,NO TRANSITAR POR LAS ACERAS O ZONAS DE SEGURIDAD DESTINADAS PARA EL EFECTO.,ATROPELLOS,MOTOCICLETA,0,0,0,0,0,0,0,0,1,0,0,0,0,1,44,MUJER,LESIONADO,PEATON,NO,NO,1
23855,88695,88696,2020,0,0,-0.197511,-78.500475,PICHINCHA,QUITO,QUITO,URBANA,2020-08-22,20:10:00,20,SABADO,6,AGOSTO,8,NO,"NO RESPETAR LAS SENIALES REGLAMENTARIAS DE TRANSITO. (PARE, CEDA EL PASO, LUZ ROJA DEL SEMAFORO, ETC).",CHOQUE LATERAL,AUTOMOVIL,2,0,0,0,0,0,0,0,0,0,0,0,0,2,42,MUJER,ILESO,CONDUCTOR PRESENTE,NO,NO,1
23856,88697,88698,2020,0,0,-0.211446,-78.501233,PICHINCHA,QUITO,QUITO,URBANA,2020-08-22,20:30:00,20,SABADO,6,AGOSTO,8,NO,"CONDICIONES AMBIENTALES Y/O ATMOSFERICAS (NIEBLA, NEBLINA, GRANIZO, LLUVIA).",CHOQUE POSTERIOR,AUTOMOVIL,2,0,0,0,0,0,0,0,0,0,0,0,0,2,30,HOMBRE,ILESO,CONDUCTOR PRESENTE,NO,NO,1
23857,88704,88705,2020,1,0,-0.260613,-78.546297,PICHINCHA,QUITO,QUITO,URBANA,2020-08-22,22:18:00,22,SABADO,6,AGOSTO,8,NO,"CONDUCE BAJO LA INFLUENCIA DE ALCOHOL, SUSTANCIAS ESTUPEFACIENTES O PSICOTROPICAS Y/O MEDICAMENTOS.",CHOQUE LATERAL,MOTOCICLETA,1,0,0,0,0,0,0,0,1,0,0,0,0,2,34,HOMBRE,LESIONADO,CONDUCTOR PRESENTE,NO,NO,1
23858,88705,88706,2020,0,0,-0.327284,-78.550355,PICHINCHA,QUITO,QUITO,URBANA,2020-08-22,22:30:00,22,SABADO,6,AGOSTO,8,NO,"CONDUCE BAJO LA INFLUENCIA DE ALCOHOL, SUSTANCIAS ESTUPEFACIENTES O PSICOTROPICAS Y/O MEDICAMENTOS.",CHOQUE POSTERIOR,MOTOCICLETA,1,0,0,0,0,0,0,0,1,0,0,0,0,2,30,HOMBRE,ILESO,CONDUCTOR PRESENTE,NO,NO,1
23859,88711,88712,2020,2,0,-0.224383,-78.496888,PICHINCHA,QUITO,QUITO,URBANA,2020-08-23,00:35:00,0,DOMINGO,7,AGOSTO,8,NO,REALIZAR CAMBIO BRUSCO O INDEBIDO DE CARRIL.,PERDIDA DE CARRIL,CAMIONETA,0,0,0,0,1,0,0,0,0,0,0,0,0,1,36,MUJER,LESIONADO,PASAJERO,NO,NO,1
23860,88719,88720,2020,0,0,-0.447088,-78.712038,PICHINCHA,MEJIA,ALOAG,RURAL,2020-08-23,06:45:00,6,DOMINGO,7,AGOSTO,8,NO,NO GUARDAR LA DISTANCIA LATERAL MINIMA DE SEGURIDAD ENTRE VEHICULOS.,ROZAMIENTOS,AUTOMOVIL,1,0,0,0,0,0,0,0,0,0,0,0,0,1,-1,NO IDENTIFICADO,NO IDENTIFICADO,CONDUCTOR AUSENTE,NO,NO,2
23861,88721,88722,2020,0,0,-0.242628,-78.510521,PICHINCHA,QUITO,QUITO,URBANA,2020-08-23,09:00:00,9,DOMINGO,7,AGOSTO,8,NO,CONDUCIR VEHICULO SUPERANDO LOS LIMITES MAXIMOS DE VELOCIDAD.,OTROS,AUTOMOVIL,1,0,0,0,0,0,0,0,0,0,0,0,0,1,-1,NO IDENTIFICADO,NO IDENTIFICADO,CONDUCTOR AUSENTE,NO,NO,2
23862,88736,88737,2020,0,0,-0.141457,-78.483041,PICHINCHA,QUITO,QUITO,URBANA,2020-08-23,17:55:00,17,DOMINGO,7,AGOSTO,8,NO,"CONDUCE BAJO LA INFLUENCIA DE ALCOHOL, SUSTANCIAS ESTUPEFACIENTES O PSICOTROPICAS Y/O MEDICAMENTOS.",CHOQUE LATERAL,AUTOMOVIL,2,0,0,0,0,0,0,0,0,0,0,0,0,2,55,HOMBRE,ILESO,CONDUCTOR PRESENTE,NO,NO,1
23863,88740,88741,2020,0,0,-0.142808,-78.481623,PICHINCHA,QUITO,QUITO,URBANA,2020-08-23,19:09:00,19,DOMINGO,7,AGOSTO,8,NO,"CONDUCE BAJO LA INFLUENCIA DE ALCOHOL, SUSTANCIAS ESTUPEFACIENTES O PSICOTROPICAS Y/O MEDICAMENTOS.",ESTRELLAMIENTOS,AUTOMOVIL,3,0,0,0,0,0,0,0,0,0,0,0,0,3,50,HOMBRE,ILESO,CONDUCTOR PRESENTE,NO,NO,1
23864,88751,88752,2020,0,0,-0.255754,-78.541974,PICHINCHA,QUITO,QUITO,URBANA,2020-08-23,22:30:00,22,DOMINGO,7,AGOSTO,8,NO,"NO RESPETAR LAS SENIALES REGLAMENTARIAS DE TRANSITO. (PARE, CEDA EL PASO, LUZ ROJA DEL SEMAFORO, ETC).",ESTRELLAMIENTOS,AUTOMOVIL,1,0,0,0,0,0,0,0,0,0,0,0,0,1,-1,NO IDENTIFICADO,NO IDENTIFICADO,CONDUCTOR AUSENTE,NO,NO,2
23865,88757,88758,2020,0,1,-0.253032,-78.539738,PICHINCHA,QUITO,QUITO,URBANA,2020-08-24,01:00:00,1,LUNES,1,AGOSTO,8,NO,"CONDUCE BAJO LA INFLUENCIA DE ALCOHOL, SUSTANCIAS ESTUPEFACIENTES O PSICOTROPICAS Y/O MEDICAMENTOS.",CHOQUE POSTERIOR,MOTOCICLETA,1,0,0,0,0,0,0,0,1,0,0,0,0,2,34,MUJER,FALLECIDO,CONDUCTOR PRESENTE,NO,NO,1
23866,88763,88764,2020,0,0,-0.204528,-78.500222,PICHINCHA,QUITO,QUITO,URBANA,2020-08-24,07:49:00,7,LUNES,1,AGOSTO,8,NO,"NO RESPETAR LAS SENIALES REGLAMENTARIAS DE TRANSITO. (PARE, CEDA EL PASO, LUZ ROJA DEL SEMAFORO, ETC).",ESTRELLAMIENTOS,AUTOMOVIL,2,0,0,0,1,0,0,0,0,0,0,0,0,3,41,HOMBRE,ILESO,CONDUCTOR PRESENTE,NO,NO,1
23867,88764,88765,2020,0,0,-0.233647,-78.508763,PICHINCHA,QUITO,QUITO,URBANA,2020-08-24,08:03:00,8,LUNES,1,AGOSTO,8,NO,NO MANTENER LA DISTANCIA PRUDENCIAL CON RESPECTO AL VEHICULO QUE LE ANTECEDE.,COLISION,AUTOMOVIL,2,0,1,0,0,0,0,0,0,0,0,0,0,3,27,MUJER,ILESO,CONDUCTOR PRESENTE,NO,NO,1
23868,88766,88767,2020,1,0,-0.180241,-78.488515,PICHINCHA,QUITO,QUITO,URBANA,2020-08-24,09:15:00,9,LUNES,1,AGOSTO,8,NO,NO GUARDAR LA DISTANCIA LATERAL MINIMA DE SEGURIDAD ENTRE VEHICULOS.,CHOQUE LATERAL,AUTOMOVIL,2,0,0,0,0,0,0,0,0,0,0,0,0,2,14,HOMBRE,LESIONADO,PASAJERO,NO,NO,1
23869,88784,88785,2020,0,0,-0.443171,-78.689993,PICHINCHA,MEJIA,ALOAG,RURAL,2020-08-24,15:30:00,15,LUNES,1,AGOSTO,8,NO,"NO RESPETAR LAS SENIALES REGLAMENTARIAS DE TRANSITO. (PARE, CEDA EL PASO, LUZ ROJA DEL SEMAFORO, ETC).",CHOQUE LATERAL,AUTOMOVIL,1,0,0,1,0,0,0,0,0,0,0,0,0,2,32,HOMBRE,ILESO,CONDUCTOR PRESENTE,NO,NO,3
23870,88790,88791,2020,0,0,-0.168663,-78.452608,PICHINCHA,QUITO,QUITO,URBANA,2020-08-24,18:20:00,18,LUNES,1,AGOSTO,8,NO,CONDUCIR VEHICULO SUPERANDO LOS LIMITES MAXIMOS DE VELOCIDAD.,ESTRELLAMIENTOS,AUTOMOVIL,1,0,0,0,0,0,0,0,0,0,0,0,0,1,29,HOMBRE,ILESO,CONDUCTOR PRESENTE,NO,NO,1
23871,88796,88797,2020,0,0,-0.087594,-78.425103,PICHINCHA,QUITO,CALDERON (CARAPUNGO),RURAL,2020-08-24,20:00:00,20,LUNES,1,AGOSTO,8,NO,NO CEDER EL DERECHO DE VIA O PREFERENCIA DE PASO A VEHICULOS.,OTROS,CAMIONETA,0,0,0,0,1,0,0,0,0,0,0,0,0,1,-1,NO IDENTIFICADO,NO IDENTIFICADO,CONDUCTOR AUSENTE,NO,NO,2
23872,88803,88804,2020,1,0,-0.127286,-78.498456,PICHINCHA,QUITO,QUITO,URBANA,2020-08-25,00:45:00,0,MARTES,2,AGOSTO,8,NO,"CONDUCE BAJO LA INFLUENCIA DE ALCOHOL, SUSTANCIAS ESTUPEFACIENTES O PSICOTROPICAS Y/O MEDICAMENTOS.",ARROLLAMIENTOS,CAMIONETA,0,0,0,0,1,0,0,0,0,0,0,0,0,1,37,HOMBRE,LESIONADO,PEATON,NO,NO,1
23873,88807,88808,2020,0,0,-0.241713,-78.532411,PICHINCHA,QUITO,QUITO,URBANA,2020-08-25,08:48:00,8,MARTES,2,AGOSTO,8,NO,"CONDUCE BAJO LA INFLUENCIA DE ALCOHOL, SUSTANCIAS ESTUPEFACIENTES O PSICOTROPICAS Y/O MEDICAMENTOS.",CHOQUE POSTERIOR,AUTOMOVIL,1,0,0,0,0,0,1,0,0,0,0,0,0,2,40,HOMBRE,ILESO,CONDUCTOR PRESENTE,NO,NO,1
23874,88809,88810,2020,1,0,-0.057898,-78.455507,PICHINCHA,QUITO,POMASQUI,RURAL,2020-08-25,09:15:00,9,MARTES,2,AGOSTO,8,NO,"CONDUCIR DESATENTO A LAS CONDICIONES DE TRANSITO (CELULAR, PANTALLAS DE VIDEO, COMIDA, MAQUILLAJE O CUALQUIER OTRO ELEMENTO DISTRACTOR).",CHOQUE LATERAL,MOTOCICLETA,0,0,0,0,0,0,0,0,1,0,0,0,1,2,58,HOMBRE,LESIONADO,CONDUCTOR PRESENTE,NO,SI,3
23875,88810,88811,2020,1,0,-0.175165,-78.485403,PICHINCHA,QUITO,QUITO,URBANA,2020-08-25,09:17:00,9,MARTES,2,AGOSTO,8,NO,NO TRANSITAR POR LAS ACERAS O ZONAS DE SEGURIDAD DESTINADAS PARA EL EFECTO.,ATROPELLOS,BICICLETA,0,1,0,0,0,0,0,0,0,0,0,0,0,1,30,HOMBRE,LESIONADO,PEATON,NO,NO,1
23876,88822,88823,2020,1,0,-0.260613,-78.546297,PICHINCHA,QUITO,QUITO,URBANA,2020-08-25,17:45:00,17,MARTES,2,AGOSTO,8,NO,"CONDUCE BAJO LA INFLUENCIA DE ALCOHOL, SUSTANCIAS ESTUPEFACIENTES O PSICOTROPICAS Y/O MEDICAMENTOS.",CHOQUE LATERAL,MOTOCICLETA,1,0,0,0,0,0,0,0,1,0,0,0,0,2,55,HOMBRE,LESIONADO,CONDUCTOR PRESENTE,NO,NO,1
23877,88823,88824,2020,0,1,-0.049381,-78.153716,PICHINCHA,CAYAMBE,CANGAHUA,RURAL,2020-08-25,18:10:00,18,MARTES,2,AGOSTO,8,NO,CONDUCIR VEHICULO SUPERANDO LOS LIMITES MAXIMOS DE VELOCIDAD.,CHOQUE LATERAL,NO IDENTIFICADO,0,0,0,0,0,0,0,0,0,1,0,0,0,1,47,HOMBRE,FALLECIDO,CONDUCTOR PRESENTE,NO,SI,3
23878,88824,88825,2020,0,0,-0.206523,-78.512161,PICHINCHA,QUITO,QUITO,URBANA,2020-08-25,18:20:00,18,MARTES,2,AGOSTO,8,NO,NO GUARDAR LA DISTANCIA LATERAL MINIMA DE SEGURIDAD ENTRE VEHICULOS.,ROZAMIENTOS,AUTOMOVIL,2,0,0,0,0,0,0,0,0,0,0,0,0,2,56,HOMBRE,ILESO,CONDUCTOR PRESENTE,NO,NO,1
23879,88828,88829,2020,0,0,-0.187589,-78.475484,PICHINCHA,QUITO,QUITO,URBANA,2020-08-25,20:00:00,20,MARTES,2,AGOSTO,8,NO,CONDUCIR VEHICULO SUPERANDO LOS LIMITES MAXIMOS DE VELOCIDAD.,ESTRELLAMIENTOS,CAMIONETA,0,0,0,0,1,0,0,0,0,0,0,0,0,1,35,HOMBRE,ILESO,CONDUCTOR PRESENTE,NO,NO,1
23880,88829,88830,2020,0,0,-0.088884,-78.439915,PICHINCHA,QUITO,CALDERON (CARAPUNGO),RURAL,2020-08-25,20:05:00,20,MARTES,2,AGOSTO,8,NO,NO GUARDAR LA DISTANCIA LATERAL MINIMA DE SEGURIDAD ENTRE VEHICULOS.,ROZAMIENTOS,CAMIONETA,0,0,0,0,2,0,0,0,0,0,0,0,0,2,46,HOMBRE,ILESO,CONDUCTOR PRESENTE,NO,NO,3
23881,88831,88832,2020,3,0,-0.245396,-78.533881,PICHINCHA,QUITO,QUITO,URBANA,2020-08-25,20:45:00,20,MARTES,2,AGOSTO,8,NO,"CONDUCE BAJO LA INFLUENCIA DE ALCOHOL, SUSTANCIAS ESTUPEFACIENTES O PSICOTROPICAS Y/O MEDICAMENTOS.",COLISION,FURGONETA,1,0,0,0,1,0,0,1,0,0,0,0,0,3,33,MUJER,LESIONADO,PASAJERO,NO,NO,1
23882,88837,88838,2020,1,0,-0.188457,-78.454196,PICHINCHA,QUITO,NAYON,RURAL,2020-08-26,07:45:00,7,MIERCOLES,3,AGOSTO,8,NO,NO GUARDAR LA DISTANCIA LATERAL MINIMA DE SEGURIDAD ENTRE VEHICULOS.,CHOQUE LATERAL,MOTOCICLETA,0,0,0,0,0,0,0,0,1,1,0,0,0,2,21,HOMBRE,LESIONADO,CONDUCTOR PRESENTE,NO,NO,3
23883,88843,88844,2020,0,0,-0.212824,-78.402686,PICHINCHA,QUITO,TUMBACO,RURAL,2020-08-26,12:05:00,12,MIERCOLES,3,AGOSTO,8,NO,NO CEDER EL DERECHO DE VIA O PREFERENCIA DE PASO A VEHICULOS.,CHOQUE LATERAL,CAMIONETA,1,0,0,0,1,0,0,0,0,0,0,0,0,2,29,HOMBRE,ILESO,CONDUCTOR PRESENTE,NO,NO,3
23884,88851,88852,2020,0,0,-0.270043,-78.528934,PICHINCHA,QUITO,QUITO,URBANA,2020-08-26,15:25:00,15,MIERCOLES,3,AGOSTO,8,NO,NO GUARDAR LA DISTANCIA LATERAL MINIMA DE SEGURIDAD ENTRE VEHICULOS.,CHOQUE LATERAL,MOTOCICLETA,1,0,0,0,0,0,0,0,1,0,0,0,0,2,28,MUJER,ILESO,PASAJERO,NO,NO,1
23885,88852,88853,2020,0,0,-0.322384,-78.448748,PICHINCHA,RUMINIAHUI,SANGOLQUI,URBANA,2020-08-26,16:00:00,16,MIERCOLES,3,AGOSTO,8,NO,"CONDUCIR DESATENTO A LAS CONDICIONES DE TRANSITO (CELULAR, PANTALLAS DE VIDEO, COMIDA, MAQUILLAJE O CUALQUIER OTRO ELEMENTO DISTRACTOR).",CHOQUE LATERAL,MOTOCICLETA,0,0,0,0,0,0,0,0,1,0,0,0,0,1,33,HOMBRE,ILESO,CONDUCTOR PRESENTE,NO,SI,1
23886,88854,88855,2020,3,0,-0.153033,-78.464746,PICHINCHA,QUITO,QUITO,RURAL,2020-08-26,16:20:00,16,MIERCOLES,3,AGOSTO,8,NO,"CONDUCE BAJO LA INFLUENCIA DE ALCOHOL, SUSTANCIAS ESTUPEFACIENTES O PSICOTROPICAS Y/O MEDICAMENTOS.",CHOQUE POSTERIOR,MOTOCICLETA,1,0,0,0,0,0,0,0,1,0,0,0,0,2,25,MUJER,LESIONADO,PASAJERO,NO,NO,3
23887,88855,88856,2020,0,0,-0.152193,-78.464571,PICHINCHA,QUITO,QUITO,URBANA,2020-08-26,16:21:00,16,MIERCOLES,3,AGOSTO,8,NO,"CONDUCE BAJO LA INFLUENCIA DE ALCOHOL, SUSTANCIAS ESTUPEFACIENTES O PSICOTROPICAS Y/O MEDICAMENTOS.",COLISION,AUTOMOVIL,2,0,0,0,1,0,0,0,1,0,0,0,0,4,21,HOMBRE,ILESO,CONDUCTOR PRESENTE,NO,NO,1
23888,88860,88861,2020,0,0,-0.068349,-78.462008,PICHINCHA,QUITO,POMASQUI,RURAL,2020-08-26,18:00:00,18,MIERCOLES,3,AGOSTO,8,NO,CONDUCIR VEHICULO SUPERANDO LOS LIMITES MAXIMOS DE VELOCIDAD.,ESTRELLAMIENTOS,AUTOMOVIL,1,0,0,0,0,0,0,0,0,0,0,0,0,1,-1,NO IDENTIFICADO,NO IDENTIFICADO,CONDUCTOR AUSENTE,NO,NO,2
23889,88869,88870,2020,1,0,-0.107941,-78.447527,PICHINCHA,QUITO,CALDERON (CARAPUNGO),RURAL,2020-08-26,21:50:00,21,MIERCOLES,3,AGOSTO,8,NO,"CONDUCE BAJO LA INFLUENCIA DE ALCOHOL, SUSTANCIAS ESTUPEFACIENTES O PSICOTROPICAS Y/O MEDICAMENTOS.",ROZAMIENTOS,CAMIONETA,1,0,0,0,1,0,0,1,0,0,0,0,0,3,22,HOMBRE,LESIONADO,PASAJERO,NO,NO,3
23890,88875,88876,2020,0,0,-0.280949,-78.583875,PICHINCHA,QUITO,QUITO,URBANA,2020-08-27,01:35:00,1,JUEVES,4,AGOSTO,8,NO,CONDUCIR VEHICULO SUPERANDO LOS LIMITES MAXIMOS DE VELOCIDAD.,OTROS,AUTOMOVIL,1,0,0,0,0,0,0,0,0,0,0,0,0,1,-1,NO IDENTIFICADO,NO IDENTIFICADO,CONDUCTOR AUSENTE,NO,NO,2