,Unnamed: 0,ID,ANIO,LESIONADOS,FALLECIDOS,LATITUD_Y,LONGITUD_X,PROVINCIA,CANTON,PARROQUIA,ZONA,FECHA,HORA,PERIODO_2,DIA_1,DIA_2,MES_1,MES_2,FERIADO,CAUSA_PROBABLE,TIPO_DE_SINIESTRO,TIPO_DE_VEHICULO_1,AUTOMOVIL,BICICLETA,BUS,CAMION,CAMIONETA,EMERGENCIAS,ESPECIAL,FURGONETA,MOTOCICLETA,NO_IDENTIFICADO,SCOOTER_ELECTRICO,TRICIMOTO,VEHICULO_DEPORTIVO_UTILITARIO,SUMA_DE_VEHICULOS,EDAD_1,SEXO_1,CONDICION_1,PARTICIPANTE_1,CASCO_1,CINTURON_1,KMeans_Cluster
23891,88880,88881,2020,1,0,-0.311021,-78.558628,PICHINCHA,QUITO,QUITO,URBANA,2020-08-27,06:30:00,6,JUEVES,4,AGOSTO,8,NO,"NO RESPETAR LAS SENIALES REGLAMENTARIAS DE TRANSITO. (PARE, CEDA EL PASO, LUZ ROJA DEL SEMAFORO, ETC).",CHOQUE LATERAL,MOTOCICLETA,0,0,0,0,0,0,0,0,1,1,0,0,0,2,28,HOMBRE,LESIONADO,CONDUCTOR PRESENTE,NO,NO,1
23892,88884,88885,2020,1,0,-0.100512,-78.453525,PICHINCHA,QUITO,CALDERON (CARAPUNGO),RURAL,2020-08-27,07:45:00,7,JUEVES,4,AGOSTO,8,NO,REALIZAR CAMBIO BRUSCO O INDEBIDO DE CARRIL.,CHOQUE LATERAL,MOTOCICLETA,1,0,0,0,0,0,0,0,1,0,0,0,0,2,25,HOMBRE,LESIONADO,CONDUCTOR PRESENTE,NO,NO,3
23893,88888,88889,2020,1,0,-0.216109,-78.514838,PICHINCHA,QUITO,QUITO,URBANA,2020-08-27,11:45:00,11,JUEVES,4,AGOSTO,8,NO,NO CEDER EL DERECHO DE VIA O PREFERENCIA DE PASO AL PEATON.,ATROPELLOS,AUTOMOVIL,1,0,0,0,0,0,0,0,0,0,0,0,0,1,32,HOMBRE,LESIONADO,PEATON,NO,NO,1
23894,88890,88891,2020,0,0,-0.195652,-78.484196,PICHINCHA,QUITO,QUITO,URBANA,2020-08-27,13:30:00,13,JUEVES,4,AGOSTO,8,NO,REALIZAR CAMBIO BRUSCO O INDEBIDO DE CARRIL.,CHOQUE LATERAL,AUTOMOVIL,2,0,0,0,0,0,0,0,0,0,0,0,0,2,22,MUJER,ILESO,CONDUCTOR PRESENTE,NO,NO,1
23895,88894,88895,2020,0,0,-0.124575,-78.446077,PICHINCHA,QUITO,LLANO CHICO,RURAL,2020-08-27,16:00:00,16,JUEVES,4,AGOSTO,8,NO,MALAS CONDICIONES DE LA VIA Y/O CONFIGURACION. (ILUMINACION Y DISENIO).,CHOQUE FRONTAL,CAMIONETA,1,0,0,0,1,0,0,0,0,0,0,0,0,2,32,HOMBRE,ILESO,CONDUCTOR PRESENTE,NO,NO,3
23896,88897,88898,2020,2,0,-0.298676,-78.522848,PICHINCHA,QUITO,QUITO,URBANA,2020-08-27,16:30:00,16,JUEVES,4,AGOSTO,8,NO,CONDUCIR VEHICULO SUPERANDO LOS LIMITES MAXIMOS DE VELOCIDAD.,CHOQUE LATERAL,MOTOCICLETA,0,0,0,1,0,0,0,0,1,0,0,0,0,2,39,MUJER,LESIONADO,PASAJERO,NO,NO,1
23897,88901,88902,2020,0,0,-0.102489,-78.489106,PICHINCHA,QUITO,QUITO,URBANA,2020-08-27,20:20:00,20,JUEVES,4,AGOSTO,8,NO,"NO RESPETAR LAS SENIALES REGLAMENTARIAS DE TRANSITO. (PARE, CEDA EL PASO, LUZ ROJA DEL SEMAFORO, ETC).",CHOQUE FRONTAL,AUTOMOVIL,2,0,0,0,0,0,0,0,0,0,0,0,0,2,34,HOMBRE,ILESO,CONDUCTOR PRESENTE,NO,NO,1
23898,88902,88903,2020,0,0,-0.229262,-78.522085,PICHINCHA,QUITO,QUITO,URBANA,2020-08-27,21:40:00,21,JUEVES,4,AGOSTO,8,NO,NO CEDER EL DERECHO DE VIA O PREFERENCIA DE PASO A VEHICULOS.,ESTRELLAMIENTOS,AUTOMOVIL,1,0,0,0,0,0,0,0,0,0,0,0,0,1,29,HOMBRE,ILESO,CONDUCTOR PRESENTE,NO,NO,1
23899,88911,88912,2020,0,0,-0.102465,-78.463081,PICHINCHA,QUITO,QUITO,RURAL,2020-08-28,06:48:00,6,VIERNES,5,AGOSTO,8,NO,"CONDUCIR DESATENTO A LAS CONDICIONES DE TRANSITO (CELULAR, PANTALLAS DE VIDEO, COMIDA, MAQUILLAJE O CUALQUIER OTRO ELEMENTO DISTRACTOR).",OTROS,AUTOMOVIL,1,0,0,0,0,0,0,0,1,0,0,0,0,2,-1,NO IDENTIFICADO,NO IDENTIFICADO,CONDUCTOR AUSENTE,NO,NO,2
23900,88912,88913,2020,1,0,-0.292042,-78.464137,PICHINCHA,QUITO,CONOCOTO,URBANA,2020-08-28,08:00:00,8,VIERNES,5,AGOSTO,8,NO,"CONDUCIR DESATENTO A LAS CONDICIONES DE TRANSITO (CELULAR, PANTALLAS DE VIDEO, COMIDA, MAQUILLAJE O CUALQUIER OTRO ELEMENTO DISTRACTOR).",PERDIDA DE CARRIL,MOTOCICLETA,0,0,0,0,0,0,0,0,1,0,0,0,0,1,37,HOMBRE,LESIONADO,CONDUCTOR PRESENTE,NO,SI,1
23901,88921,88922,2020,1,0,-0.441374,-78.742553,PICHINCHA,MEJIA,MANUEL CORNEJO ASTORGA,RURAL,2020-08-28,13:13:00,13,VIERNES,5,AGOSTO,8,NO,CONDUCIR EN SENTIDO CONTRARIO A LA VIA NORMAL DE CIRCULACION.,CHOQUE FRONTAL,CAMIONETA,1,0,0,0,1,0,0,0,0,0,0,0,0,2,60,MUJER,LESIONADO,CONDUCTOR PRESENTE,NO,NO,3
23902,88924,88925,2020,2,0,-0.448048,-78.747462,PICHINCHA,MEJIA,MANUEL CORNEJO ASTORGA,RURAL,2020-08-28,14:10:00,14,VIERNES,5,AGOSTO,8,NO,"CONDUCIR DESATENTO A LAS CONDICIONES DE TRANSITO (CELULAR, PANTALLAS DE VIDEO, COMIDA, MAQUILLAJE O CUALQUIER OTRO ELEMENTO DISTRACTOR).",PERDIDA DE PISTA,CAMIONETA,1,0,0,0,1,0,0,0,0,0,0,0,0,2,-1,NO IDENTIFICADO,LESIONADO,CONDUCTOR PRESENTE,NO,NO,2
23903,88930,88931,2020,0,0,-0.141492,-78.483055,PICHINCHA,QUITO,QUITO,URBANA,2020-08-28,15:40:00,15,VIERNES,5,AGOSTO,8,NO,"CONDUCIR DESATENTO A LAS CONDICIONES DE TRANSITO (CELULAR, PANTALLAS DE VIDEO, COMIDA, MAQUILLAJE O CUALQUIER OTRO ELEMENTO DISTRACTOR).",COLISION,AUTOMOVIL,2,0,0,0,1,0,0,0,0,0,0,0,0,3,68,HOMBRE,ILESO,CONDUCTOR PRESENTE,NO,NO,1
23904,88934,88935,2020,1,0,-0.076556,-78.453633,PICHINCHA,QUITO,QUITO,URBANA,2020-08-28,16:32:00,16,VIERNES,5,AGOSTO,8,NO,"CONDUCE BAJO LA INFLUENCIA DE ALCOHOL, SUSTANCIAS ESTUPEFACIENTES O PSICOTROPICAS Y/O MEDICAMENTOS.",OTROS,CAMIONETA,1,0,0,0,1,0,0,0,1,0,0,0,0,3,23,HOMBRE,LESIONADO,CONDUCTOR PRESENTE,NO,NO,1
23905,88939,88940,2020,0,0,-0.244435,-78.482091,PICHINCHA,QUITO,QUITO,RURAL,2020-08-28,18:30:00,18,VIERNES,5,AGOSTO,8,NO,NO MANTENER LA DISTANCIA PRUDENCIAL CON RESPECTO AL VEHICULO QUE LE ANTECEDE.,COLISION,AUTOMOVIL,1,0,0,0,1,0,0,0,0,1,0,0,0,3,35,HOMBRE,ILESO,CONDUCTOR PRESENTE,NO,NO,3
23906,88940,88941,2020,1,0,-0.116742,-78.499333,PICHINCHA,QUITO,QUITO,URBANA,2020-08-28,19:05:00,19,VIERNES,5,AGOSTO,8,NO,"NO RESPETAR LAS SENIALES REGLAMENTARIAS DE TRANSITO. (PARE, CEDA EL PASO, LUZ ROJA DEL SEMAFORO, ETC).",CHOQUE LATERAL,AUTOMOVIL,1,0,0,0,0,0,0,0,1,0,0,0,0,2,22,HOMBRE,LESIONADO,CONDUCTOR PRESENTE,NO,NO,1
23907,88945,88946,2020,0,1,-0.300176,-78.534291,PICHINCHA,QUITO,QUITO,URBANA,2020-08-28,20:00:00,20,VIERNES,5,AGOSTO,8,NO,NO TRANSITAR POR LAS ACERAS O ZONAS DE SEGURIDAD DESTINADAS PARA EL EFECTO.,ATROPELLOS,NO IDENTIFICADO,0,0,0,0,0,0,0,0,0,1,0,0,0,1,37,HOMBRE,FALLECIDO,PEATON,NO,NO,1
23908,88949,88950,2020,0,0,-0.252321,-78.537334,PICHINCHA,QUITO,QUITO,URBANA,2020-08-28,22:15:00,22,VIERNES,5,AGOSTO,8,NO,CONDUCIR VEHICULO SUPERANDO LOS LIMITES MAXIMOS DE VELOCIDAD.,ESTRELLAMIENTOS,AUTOMOVIL,1,0,0,0,0,0,0,0,0,0,0,0,0,1,-1,NO IDENTIFICADO,NO IDENTIFICADO,CONDUCTOR AUSENTE,NO,NO,2
23909,88963,88964,2020,0,0,-0.072253,-78.474905,PICHINCHA,QUITO,POMASQUI,RURAL,2020-08-29,04:30:00,4,SABADO,6,AGOSTO,8,NO,"CONDUCIR DESATENTO A LAS CONDICIONES DE TRANSITO (CELULAR, PANTALLAS DE VIDEO, COMIDA, MAQUILLAJE O CUALQUIER OTRO ELEMENTO DISTRACTOR).",CHOQUE LATERAL,AUTOMOVIL,2,0,0,0,0,0,0,0,0,0,0,0,0,2,35,HOMBRE,ILESO,CONDUCTOR PRESENTE,NO,SI,3
23910,88978,88979,2020,0,0,0.000681,-78.457117,PICHINCHA,QUITO,SAN ANTONIO (QUITO),RURAL,2020-08-29,13:20:00,13,SABADO,6,AGOSTO,8,NO,"CONDUCIR DESATENTO A LAS CONDICIONES DE TRANSITO (CELULAR, PANTALLAS DE VIDEO, COMIDA, MAQUILLAJE O CUALQUIER OTRO ELEMENTO DISTRACTOR).",CHOQUE FRONTAL,MOTOCICLETA,0,0,0,1,0,0,0,0,1,0,0,0,0,2,23,HOMBRE,ILESO,CONDUCTOR PRESENTE,NO,SI,3
23911,88987,88988,2020,0,0,-0.116769,-78.473429,PICHINCHA,QUITO,QUITO,URBANA,2020-08-29,16:50:00,16,SABADO,6,AGOSTO,8,NO,NO MANTENER LA DISTANCIA PRUDENCIAL CON RESPECTO AL VEHICULO QUE LE ANTECEDE.,COLISION,CAMION,0,0,0,1,1,0,0,1,0,0,0,0,0,3,40,HOMBRE,ILESO,CONDUCTOR PRESENTE,NO,NO,1
23912,88993,88994,2020,0,0,-0.329121,-78.419981,PICHINCHA,RUMINIAHUI,SANGOLQUI,URBANA,2020-08-29,18:20:00,18,SABADO,6,AGOSTO,8,NO,"CONDUCIR DESATENTO A LAS CONDICIONES DE TRANSITO (CELULAR, PANTALLAS DE VIDEO, COMIDA, MAQUILLAJE O CUALQUIER OTRO ELEMENTO DISTRACTOR).",PERDIDA DE CARRIL,AUTOMOVIL,1,0,0,0,0,0,0,0,0,0,0,0,0,1,-1,NO IDENTIFICADO,NO IDENTIFICADO,CONDUCTOR AUSENTE,NO,SI,2
23913,89001,89002,2020,0,0,-0.283491,-78.558797,PICHINCHA,QUITO,QUITO,URBANA,2020-08-29,20:40:00,20,SABADO,6,AGOSTO,8,NO,"CONDUCE BAJO LA INFLUENCIA DE ALCOHOL, SUSTANCIAS ESTUPEFACIENTES O PSICOTROPICAS Y/O MEDICAMENTOS.",ESTRELLAMIENTOS,AUTOMOVIL,3,0,0,0,0,0,0,0,0,0,0,0,0,3,56,HOMBRE,ILESO,CONDUCTOR PRESENTE,NO,NO,1
23914,89003,89004,2020,0,0,-0.196669,-78.466599,PICHINCHA,QUITO,QUITO,RURAL,2020-08-29,20:45:00,20,SABADO,6,AGOSTO,8,NO,"CONDICIONES AMBIENTALES Y/O ATMOSFERICAS (NIEBLA, NEBLINA, GRANIZO, LLUVIA).",ESTRELLAMIENTOS,AUTOMOVIL,1,0,0,0,0,0,0,0,0,0,0,0,0,1,30,MUJER,ILESO,PASAJERO,NO,NO,3
23915,89005,89006,2020,0,0,-0.197826,-78.466466,PICHINCHA,QUITO,QUITO,RURAL,2020-08-29,21:00:00,21,SABADO,6,AGOSTO,8,NO,REALIZAR CAMBIO BRUSCO O INDEBIDO DE CARRIL.,OTROS,AUTOMOVIL,1,0,0,0,0,0,0,1,0,0,0,0,0,2,35,HOMBRE,ILESO,CONDUCTOR PRESENTE,NO,NO,3
23916,89008,89009,2020,1,0,-0.222572,-78.520353,PICHINCHA,QUITO,QUITO,URBANA,2020-08-29,22:10:00,22,SABADO,6,AGOSTO,8,NO,"NO RESPETAR LAS SENIALES REGLAMENTARIAS DE TRANSITO. (PARE, CEDA EL PASO, LUZ ROJA DEL SEMAFORO, ETC).",CHOQUE LATERAL,AUTOMOVIL,1,0,0,0,0,0,0,0,0,1,0,0,0,2,23,MUJER,LESIONADO,PASAJERO,NO,NO,1
23917,89009,89010,2020,0,0,-0.298495,-78.547199,PICHINCHA,QUITO,QUITO,URBANA,2020-08-29,22:10:00,22,SABADO,6,AGOSTO,8,NO,CONDUCIR VEHICULO SUPERANDO LOS LIMITES MAXIMOS DE VELOCIDAD.,ESTRELLAMIENTOS,AUTOMOVIL,1,0,0,0,0,0,0,0,0,0,0,0,0,1,-1,NO IDENTIFICADO,NO IDENTIFICADO,CONDUCTOR AUSENTE,NO,NO,2
23918,89019,89020,2020,0,0,-0.100622,-78.472207,PICHINCHA,QUITO,QUITO,URBANA,2020-08-30,00:30:00,0,DOMINGO,7,AGOSTO,8,NO,CONDUCIR VEHICULO SUPERANDO LOS LIMITES MAXIMOS DE VELOCIDAD.,ESTRELLAMIENTOS,AUTOMOVIL,1,0,0,0,0,0,0,0,0,0,0,0,0,1,-1,NO IDENTIFICADO,NO IDENTIFICADO,CONDUCTOR AUSENTE,NO,NO,2
23919,89034,89035,2020,2,0,-0.289488,-78.538461,PICHINCHA,QUITO,QUITO,URBANA,2020-08-30,06:05:00,6,DOMINGO,7,AGOSTO,8,NO,NO GUARDAR LA DISTANCIA LATERAL MINIMA DE SEGURIDAD ENTRE VEHICULOS.,CHOQUE LATERAL,MOTOCICLETA,0,0,0,0,0,0,0,0,2,0,0,0,0,2,29,HOMBRE,LESIONADO,CONDUCTOR PRESENTE,NO,NO,1
23920,89040,89041,2020,0,0,-0.241987,-78.520901,PICHINCHA,QUITO,QUITO,URBANA,2020-08-30,10:40:00,10,DOMINGO,7,AGOSTO,8,NO,CONDUCIR VEHICULO SUPERANDO LOS LIMITES MAXIMOS DE VELOCIDAD.,OTROS,AUTOMOVIL,1,0,0,0,0,0,0,0,0,1,0,0,0,2,30,HOMBRE,ILESO,CONDUCTOR PRESENTE,NO,NO,1
23921,89046,89047,2020,0,0,-0.279531,-78.475724,PICHINCHA,QUITO,CONOCOTO,RURAL,2020-08-30,13:56:00,13,DOMINGO,7,AGOSTO,8,NO,REALIZAR CAMBIO BRUSCO O INDEBIDO DE CARRIL.,CHOQUE LATERAL,AUTOMOVIL,2,0,0,0,0,0,0,0,0,0,0,0,0,2,49,HOMBRE,ILESO,CONDUCTOR PRESENTE,NO,NO,3
23922,89055,89056,2020,0,0,-0.272977,-78.529361,PICHINCHA,QUITO,QUITO,URBANA,2020-08-30,18:45:00,18,DOMINGO,7,AGOSTO,8,NO,"CONDICIONES AMBIENTALES Y/O ATMOSFERICAS (NIEBLA, NEBLINA, GRANIZO, LLUVIA).",PERDIDA DE CARRIL,MOTOCICLETA,0,0,0,0,0,0,0,0,1,0,0,0,0,1,-1,NO IDENTIFICADO,NO IDENTIFICADO,CONDUCTOR AUSENTE,NO,NO,2
23923,89070,89071,2020,0,0,-0.143621,-78.465306,PICHINCHA,QUITO,QUITO,URBANA,2020-08-30,20:45:00,20,DOMINGO,7,AGOSTO,8,NO,CONDUCIR VEHICULO SUPERANDO LOS LIMITES MAXIMOS DE VELOCIDAD.,ESTRELLAMIENTOS,AUTOMOVIL,1,0,0,0,0,0,0,0,0,0,0,0,0,1,76,HOMBRE,ILESO,PASAJERO,NO,NO,1
23924,89081,89082,2020,0,0,-0.184991,-78.509955,PICHINCHA,QUITO,QUITO,URBANA,2020-08-31,03:35:00,3,LUNES,1,AGOSTO,8,NO,"CONDUCE BAJO LA INFLUENCIA DE ALCOHOL, SUSTANCIAS ESTUPEFACIENTES O PSICOTROPICAS Y/O MEDICAMENTOS.",ESTRELLAMIENTOS,CAMION,0,0,0,1,0,0,0,0,0,0,0,0,0,1,41,HOMBRE,ILESO,CONDUCTOR PRESENTE,NO,NO,1
23925,89084,89085,2020,0,0,-0.283576,-78.535479,PICHINCHA,QUITO,QUITO,URBANA,2020-08-31,06:45:00,6,LUNES,1,AGOSTO,8,NO,NO MANTENER LA DISTANCIA PRUDENCIAL CON RESPECTO AL VEHICULO QUE LE ANTECEDE.,COLISION,AUTOMOVIL,2,0,1,0,1,0,0,0,0,0,0,0,0,4,30,HOMBRE,ILESO,CONDUCTOR PRESENTE,NO,NO,1
23926,89122,89123,2020,0,0,-0.107761,-78.448329,PICHINCHA,QUITO,CALDERON (CARAPUNGO),RURAL,2020-09-01,08:54:00,8,MARTES,2,SEPTIEMBRE,9,NO,"FALLA MECANICA EN LOS SISTEMAS Y/O NEUMATICOS (SISTEMA DE FRENOS, DIRECCION, ELECTRONICO O MECANICO).",COLISION,CAMIONETA,1,0,0,0,1,0,0,1,0,0,0,0,0,3,35,HOMBRE,ILESO,CONDUCTOR PRESENTE,NO,NO,3
23927,89140,89141,2020,1,0,-0.112213,-78.474367,PICHINCHA,QUITO,QUITO,URBANA,2020-09-01,17:30:00,17,MARTES,2,SEPTIEMBRE,9,NO,"NO RESPETAR LAS SENIALES REGLAMENTARIAS DE TRANSITO. (PARE, CEDA EL PASO, LUZ ROJA DEL SEMAFORO, ETC).",OTROS,BUS,1,0,1,0,0,0,0,0,0,0,0,0,0,2,22,HOMBRE,LESIONADO,PEATON,NO,NO,1
23928,89182,89183,2020,0,0,-0.214643,-78.516701,PICHINCHA,QUITO,QUITO,URBANA,2020-09-02,18:20:00,18,MIERCOLES,3,SEPTIEMBRE,9,NO,"CONDUCE BAJO LA INFLUENCIA DE ALCOHOL, SUSTANCIAS ESTUPEFACIENTES O PSICOTROPICAS Y/O MEDICAMENTOS.",CHOQUE POSTERIOR,AUTOMOVIL,2,0,0,0,0,0,0,0,0,0,0,0,0,2,38,HOMBRE,ILESO,CONDUCTOR PRESENTE,NO,NO,1
23929,89186,89187,2020,2,0,-0.107761,-78.448329,PICHINCHA,QUITO,CALDERON (CARAPUNGO),RURAL,2020-09-02,20:04:00,20,MIERCOLES,3,SEPTIEMBRE,9,NO,NO CEDER EL DERECHO DE VIA O PREFERENCIA DE PASO A VEHICULOS.,CHOQUE LATERAL,MOTOCICLETA,0,1,0,0,0,0,0,0,1,0,0,0,0,2,29,HOMBRE,LESIONADO,CONDUCTOR PRESENTE,NO,NO,3
23930,89194,89195,2020,2,0,-0.286306,-78.563786,PICHINCHA,QUITO,QUITO,URBANA,2020-09-02,21:35:00,21,MIERCOLES,3,SEPTIEMBRE,9,NO,NO CEDER EL DERECHO DE VIA O PREFERENCIA DE PASO AL PEATON.,ATROPELLOS,NO IDENTIFICADO,0,0,0,0,0,0,0,0,0,1,0,0,0,1,44,HOMBRE,LESIONADO,PEATON,NO,NO,1
23931,89213,89214,2020,0,0,-0.280444,-78.517515,PICHINCHA,QUITO,QUITO,URBANA,2020-09-03,09:10:00,9,JUEVES,4,SEPTIEMBRE,9,NO,NO GUARDAR LA DISTANCIA LATERAL MINIMA DE SEGURIDAD ENTRE VEHICULOS.,CHOQUE LATERAL,AUTOMOVIL,1,0,0,0,0,0,0,0,0,1,0,0,0,2,45,HOMBRE,ILESO,CONDUCTOR PRESENTE,NO,NO,1
23932,89215,89216,2020,0,0,-0.181903,-78.476421,PICHINCHA,QUITO,QUITO,URBANA,2020-09-03,09:35:00,9,JUEVES,4,SEPTIEMBRE,9,NO,"ADELANTAR O REBASAR A OTRO VEHICULO EN MOVIMIENTO EN ZONAS O SITIOS PELIGROSOS TALES COMO: CURVAS, PUENTES, TUNELES, PENDIENTES, ETC.",ESTRELLAMIENTOS,AUTOMOVIL,3,0,0,0,0,0,0,0,0,0,0,0,0,3,65,HOMBRE,ILESO,CONDUCTOR PRESENTE,NO,NO,1
23933,89222,89223,2020,1,0,-0.104118,-78.497753,PICHINCHA,QUITO,QUITO,URBANA,2020-09-03,13:40:00,13,JUEVES,4,SEPTIEMBRE,9,NO,NO GUARDAR LA DISTANCIA LATERAL MINIMA DE SEGURIDAD ENTRE VEHICULOS.,CHOQUE LATERAL,AUTOMOVIL,1,0,0,0,1,0,0,0,0,0,0,0,0,2,45,MUJER,LESIONADO,PASAJERO,NO,NO,1
23934,89231,89232,2020,0,0,-0.138184,-78.508678,PICHINCHA,QUITO,QUITO,URBANA,2020-09-03,15:30:00,15,JUEVES,4,SEPTIEMBRE,9,NO,"CONDUCE BAJO LA INFLUENCIA DE ALCOHOL, SUSTANCIAS ESTUPEFACIENTES O PSICOTROPICAS Y/O MEDICAMENTOS.",ESTRELLAMIENTOS,AUTOMOVIL,1,0,0,0,1,0,0,0,0,0,0,0,0,2,54,HOMBRE,ILESO,CONDUCTOR PRESENTE,NO,NO,1
23935,89232,89233,2020,0,0,-0.307792,-78.544327,PICHINCHA,QUITO,QUITO,URBANA,2020-09-03,16:10:00,16,JUEVES,4,SEPTIEMBRE,9,NO,"CONDUCE BAJO LA INFLUENCIA DE ALCOHOL, SUSTANCIAS ESTUPEFACIENTES O PSICOTROPICAS Y/O MEDICAMENTOS.",CHOQUE POSTERIOR,AUTOMOVIL,2,0,0,0,0,0,0,0,0,0,0,0,0,2,44,MUJER,ILESO,CONDUCTOR PRESENTE,NO,NO,1
23936,89234,89235,2020,0,1,-0.109369,-78.458375,PICHINCHA,QUITO,CALDERON (CARAPUNGO),RURAL,2020-09-03,17:28:00,17,JUEVES,4,SEPTIEMBRE,9,NO,PEATON QUE CRUZA LA CALZADA SIN RESPETAR LA SENIALIZACION EXISTENTE (SEMAFOROS O SENIALES MANUALES).,ARROLLAMIENTOS,NO IDENTIFICADO,0,0,0,0,0,0,0,0,0,1,0,0,0,1,35,HOMBRE,FALLECIDO,PEATON,NO,NO,3
23937,89238,89239,2020,0,1,-0.050001,-78.301959,PICHINCHA,QUITO,GUAYLLABAMBA,RURAL,2020-09-03,20:45:00,20,JUEVES,4,SEPTIEMBRE,9,NO,"CONDUCIR DESATENTO A LAS CONDICIONES DE TRANSITO (CELULAR, PANTALLAS DE VIDEO, COMIDA, MAQUILLAJE O CUALQUIER OTRO ELEMENTO DISTRACTOR).",CHOQUE LATERAL,NO IDENTIFICADO,0,0,0,0,0,0,0,0,0,2,0,0,0,2,-1,HOMBRE,FALLECIDO,CONDUCTOR PRESENTE,NO,SI,3
23938,89241,89242,2020,2,0,-0.263853,-78.531319,PICHINCHA,QUITO,QUITO,URBANA,2020-09-03,22:15:00,22,JUEVES,4,SEPTIEMBRE,9,NO,"CONDUCE BAJO LA INFLUENCIA DE ALCOHOL, SUSTANCIAS ESTUPEFACIENTES O PSICOTROPICAS Y/O MEDICAMENTOS.",ESTRELLAMIENTOS,MOTOCICLETA,0,0,0,0,0,0,0,0,1,0,0,0,0,1,23,HOMBRE,LESIONADO,PASAJERO,NO,NO,1
23939,89245,89246,2020,0,1,-0.296364,-78.461694,PICHINCHA,RUMINIAHUI,SANGOLQUI,URBANA,2020-09-03,23:17:00,23,JUEVES,4,SEPTIEMBRE,9,NO,"CONDUCIR DESATENTO A LAS CONDICIONES DE TRANSITO (CELULAR, PANTALLAS DE VIDEO, COMIDA, MAQUILLAJE O CUALQUIER OTRO ELEMENTO DISTRACTOR).",PERDIDA DE CARRIL,VEHICULO DEPORTIVO UTILITARIO,0,0,0,0,0,0,0,0,0,0,0,0,1,1,28,HOMBRE,FALLECIDO,CONDUCTOR PRESENTE,NO,SI,1
23940,89247,89248,2020,1,0,-0.250976,-78.503518,PICHINCHA,QUITO,QUITO,URBANA,2020-09-04,00:00:00,0,VIERNES,5,SEPTIEMBRE,9,NO,"PRESENCIA DE AGENTES EXTERNOS EN LA VIA (AGUA, ACEITE, PIEDRA, LASTRE, ESCOMBROS, MADEROS, ETC.).",ESTRELLAMIENTOS,CAMIONETA,0,0,0,0,1,0,0,0,0,0,0,0,0,1,24,HOMBRE,LESIONADO,PASAJERO,NO,NO,1
23941,89253,89254,2020,1,0,-0.238075,-78.520841,PICHINCHA,QUITO,QUITO,URBANA,2020-09-04,09:25:00,9,VIERNES,5,SEPTIEMBRE,9,NO,"NO RESPETAR LAS SENIALES REGLAMENTARIAS DE TRANSITO. (PARE, CEDA EL PASO, LUZ ROJA DEL SEMAFORO, ETC).",CHOQUE LATERAL,MOTOCICLETA,1,0,0,0,0,0,0,0,1,0,0,0,0,2,36,HOMBRE,LESIONADO,CONDUCTOR PRESENTE,NO,NO,1
23942,89256,89257,2020,1,0,-0.148497,-78.498391,PICHINCHA,QUITO,QUITO,URBANA,2020-09-04,11:00:00,11,VIERNES,5,SEPTIEMBRE,9,NO,NO GUARDAR LA DISTANCIA LATERAL MINIMA DE SEGURIDAD ENTRE VEHICULOS.,CHOQUE LATERAL,MOTOCICLETA,1,0,0,0,0,0,0,0,1,0,0,0,0,2,43,HOMBRE,LESIONADO,CONDUCTOR PRESENTE,NO,NO,1
23943,89257,89258,2020,0,0,-0.245278,-78.498167,PICHINCHA,QUITO,QUITO,URBANA,2020-09-04,11:05:00,11,VIERNES,5,SEPTIEMBRE,9,NO,"ADELANTAR O REBASAR A OTRO VEHICULO EN MOVIMIENTO EN ZONAS O SITIOS PELIGROSOS TALES COMO: CURVAS, PUENTES, TUNELES, PENDIENTES, ETC.",OTROS,CAMIONETA,1,0,0,0,2,0,0,0,0,0,0,0,0,3,62,HOMBRE,ILESO,CONDUCTOR PRESENTE,NO,NO,1
23944,89259,89260,2020,3,0,-0.129836,-78.468963,PICHINCHA,QUITO,QUITO,URBANA,2020-09-04,12:50:00,12,VIERNES,5,SEPTIEMBRE,9,NO,"CONDUCE BAJO LA INFLUENCIA DE ALCOHOL, SUSTANCIAS ESTUPEFACIENTES O PSICOTROPICAS Y/O MEDICAMENTOS.",ATROPELLOS,MOTOCICLETA,0,0,0,0,0,0,0,0,1,0,0,0,0,1,74,HOMBRE,LESIONADO,PEATON,NO,NO,1
23945,89262,89263,2020,0,0,-0.138907,-78.459241,PICHINCHA,QUITO,QUITO,URBANA,2020-09-04,13:35:00,13,VIERNES,5,SEPTIEMBRE,9,NO,DANIOS MECANICOS PREVISIBLES.,ESTRELLAMIENTOS,CAMION,0,0,0,1,0,0,0,0,0,0,0,0,0,1,27,HOMBRE,ILESO,CONDUCTOR PRESENTE,NO,NO,1
23946,89269,89270,2020,1,0,-0.410236,-78.803494,PICHINCHA,MEJIA,MANUEL CORNEJO ASTORGA,RURAL,2020-09-04,18:30:00,18,VIERNES,5,SEPTIEMBRE,9,NO,"CONDUCIR DESATENTO A LAS CONDICIONES DE TRANSITO (CELULAR, PANTALLAS DE VIDEO, COMIDA, MAQUILLAJE O CUALQUIER OTRO ELEMENTO DISTRACTOR).",ATROPELLOS,NO IDENTIFICADO,0,0,0,0,0,0,0,0,0,1,0,0,0,1,-1,NO IDENTIFICADO,LESIONADO,PEATON,NO,NO,3