,Unnamed: 0,ID,ANIO,LESIONADOS,FALLECIDOS,LATITUD_Y,LONGITUD_X,PROVINCIA,CANTON,PARROQUIA,ZONA,FECHA,HORA,PERIODO_2,DIA_1,DIA_2,MES_1,MES_2,FERIADO,CAUSA_PROBABLE,TIPO_DE_SINIESTRO,TIPO_DE_VEHICULO_1,AUTOMOVIL,BICICLETA,BUS,CAMION,CAMIONETA,EMERGENCIAS,ESPECIAL,FURGONETA,MOTOCICLETA,NO_IDENTIFICADO,SCOOTER_ELECTRICO,TRICIMOTO,VEHICULO_DEPORTIVO_UTILITARIO,SUMA_DE_VEHICULOS,EDAD_1,SEXO_1,CONDICION_1,PARTICIPANTE_1,CASCO_1,CINTURON_1,KMeans_Cluster
23947,89277,89278,2020,0,0,-0.203469,-78.503011,PICHINCHA,QUITO,QUITO,URBANA,2020-09-04,21:23:00,21,VIERNES,5,SEPTIEMBRE,9,NO,"CONDUCE BAJO LA INFLUENCIA DE ALCOHOL, SUSTANCIAS ESTUPEFACIENTES O PSICOTROPICAS Y/O MEDICAMENTOS.",CHOQUE LATERAL,BUS,1,0,1,0,0,0,0,0,0,0,0,0,0,2,36,HOMBRE,ILESO,CONDUCTOR PRESENTE,NO,NO,1
23948,89278,89279,2020,0,0,-0.224383,-78.496888,PICHINCHA,QUITO,QUITO,URBANA,2020-09-04,22:00:00,22,VIERNES,5,SEPTIEMBRE,9,NO,"CONDUCE BAJO LA INFLUENCIA DE ALCOHOL, SUSTANCIAS ESTUPEFACIENTES O PSICOTROPICAS Y/O MEDICAMENTOS.",COLISION,AUTOMOVIL,3,0,0,0,0,0,0,0,0,0,0,0,0,3,28,HOMBRE,ILESO,CONDUCTOR PRESENTE,NO,NO,1
23949,89280,89281,2020,0,0,-0.242071,-78.521024,PICHINCHA,QUITO,QUITO,URBANA,2020-09-04,22:45:00,22,VIERNES,5,SEPTIEMBRE,9,NO,"NO RESPETAR LAS SENIALES REGLAMENTARIAS DE TRANSITO. (PARE, CEDA EL PASO, LUZ ROJA DEL SEMAFORO, ETC).",CHOQUE LATERAL,AUTOMOVIL,2,0,0,0,0,0,0,0,0,0,0,0,0,2,30,HOMBRE,ILESO,CONDUCTOR PRESENTE,NO,NO,1
23950,89281,89282,2020,1,0,-0.101208,-78.448001,PICHINCHA,QUITO,CALDERON (CARAPUNGO),RURAL,2020-09-04,23:20:00,23,VIERNES,5,SEPTIEMBRE,9,NO,CONDUCIR VEHICULO SUPERANDO LOS LIMITES MAXIMOS DE VELOCIDAD.,ESTRELLAMIENTOS,AUTOMOVIL,1,0,0,0,0,0,0,0,0,0,0,0,0,1,36,HOMBRE,LESIONADO,CONDUCTOR PRESENTE,NO,NO,3
23951,89283,89284,2020,0,0,-0.283174,-78.543956,PICHINCHA,QUITO,QUITO,URBANA,2020-09-04,04:50:00,4,VIERNES,5,SEPTIEMBRE,9,NO,CONDUCIR VEHICULO SUPERANDO LOS LIMITES MAXIMOS DE VELOCIDAD.,ESTRELLAMIENTOS,AUTOMOVIL,1,0,0,0,0,0,0,0,0,0,0,0,0,1,-1,NO IDENTIFICADO,NO IDENTIFICADO,CONDUCTOR AUSENTE,NO,NO,2
23952,89290,89291,2020,0,0,-0.194721,-78.333163,PICHINCHA,QUITO,TABABELA,RURAL,2020-09-05,02:00:00,2,SABADO,6,SEPTIEMBRE,9,NO,CONDUCIR VEHICULO SUPERANDO LOS LIMITES MAXIMOS DE VELOCIDAD.,ESTRELLAMIENTOS,AUTOMOVIL,1,0,0,0,0,0,0,0,0,0,0,0,0,1,-1,NO IDENTIFICADO,NO IDENTIFICADO,CONDUCTOR AUSENTE,NO,NO,2
23953,89291,89292,2020,1,1,-0.383011,-78.531682,PICHINCHA,MEJIA,CUTUGLAHUA,RURAL,2020-09-05,02:00:00,2,SABADO,6,SEPTIEMBRE,9,NO,"CONDUCIR DESATENTO A LAS CONDICIONES DE TRANSITO (CELULAR, PANTALLAS DE VIDEO, COMIDA, MAQUILLAJE O CUALQUIER OTRO ELEMENTO DISTRACTOR).",PERDIDA DE PISTA,MOTOCICLETA,0,0,0,0,0,0,0,0,1,0,0,0,0,1,27,HOMBRE,FALLECIDO,PASAJERO,NO,SI,3
23954,89292,89293,2020,0,0,-0.129424,-78.415686,PICHINCHA,QUITO,CALDERON (CARAPUNGO),RURAL,2020-09-05,02:57:00,2,SABADO,6,SEPTIEMBRE,9,NO,"NO RESPETAR LAS SENIALES REGLAMENTARIAS DE TRANSITO. (PARE, CEDA EL PASO, LUZ ROJA DEL SEMAFORO, ETC).",ESTRELLAMIENTOS,AUTOMOVIL,1,0,0,0,0,0,0,0,0,0,0,0,0,1,-1,NO IDENTIFICADO,NO IDENTIFICADO,CONDUCTOR AUSENTE,NO,NO,2
23955,89298,89299,2020,3,0,-0.146331,-78.474926,PICHINCHA,QUITO,QUITO,URBANA,2020-09-05,06:20:00,6,SABADO,6,SEPTIEMBRE,9,NO,CONDUCIR VEHICULO SUPERANDO LOS LIMITES MAXIMOS DE VELOCIDAD.,ESTRELLAMIENTOS,BUS,0,0,1,0,0,0,1,0,0,0,0,0,0,2,46,HOMBRE,LESIONADO,PASAJERO,NO,NO,1
23956,89302,89303,2020,0,0,-0.227324,-78.450086,PICHINCHA,QUITO,CUMBAYA,RURAL,2020-09-05,07:15:00,7,SABADO,6,SEPTIEMBRE,9,NO,"PRESENCIA DE AGENTES EXTERNOS EN LA VIA (AGUA, ACEITE, PIEDRA, LASTRE, ESCOMBROS, MADEROS, ETC.).",ESTRELLAMIENTOS,AUTOMOVIL,1,0,0,0,0,0,0,0,0,0,0,0,0,1,-1,NO IDENTIFICADO,NO IDENTIFICADO,CONDUCTOR AUSENTE,NO,NO,2
23957,89308,89309,2020,0,0,-0.174685,-78.485322,PICHINCHA,QUITO,QUITO,URBANA,2020-09-05,09:45:00,9,SABADO,6,SEPTIEMBRE,9,NO,NO MANTENER LA DISTANCIA PRUDENCIAL CON RESPECTO AL VEHICULO QUE LE ANTECEDE.,COLISION,AUTOMOVIL,2,0,1,0,0,0,0,0,0,0,0,0,0,3,24,MUJER,ILESO,CONDUCTOR PRESENTE,NO,NO,1
23958,89309,89310,2020,0,0,-0.328239,-78.538128,PICHINCHA,QUITO,QUITO,URBANA,2020-09-05,10:25:00,10,SABADO,6,SEPTIEMBRE,9,NO,"CONDUCE BAJO LA INFLUENCIA DE ALCOHOL, SUSTANCIAS ESTUPEFACIENTES O PSICOTROPICAS Y/O MEDICAMENTOS.",CHOQUE POSTERIOR,AUTOMOVIL,2,0,0,0,0,0,0,0,0,0,0,0,0,2,42,HOMBRE,ILESO,CONDUCTOR PRESENTE,NO,NO,1
23959,89317,89318,2020,0,0,-0.191457,-78.380145,PICHINCHA,QUITO,TUMBACO,RURAL,2020-09-05,15:30:00,15,SABADO,6,SEPTIEMBRE,9,NO,CONDUCIR VEHICULO SUPERANDO LOS LIMITES MAXIMOS DE VELOCIDAD.,ESTRELLAMIENTOS,AUTOMOVIL,1,0,0,0,0,0,0,0,0,0,0,0,0,1,-1,NO IDENTIFICADO,NO IDENTIFICADO,CONDUCTOR AUSENTE,NO,NO,2
23960,89337,89338,2020,0,0,-0.148951,-78.489504,PICHINCHA,QUITO,QUITO,URBANA,2020-09-05,20:00:00,20,SABADO,6,SEPTIEMBRE,9,NO,"FALLA MECANICA EN LOS SISTEMAS Y/O NEUMATICOS (SISTEMA DE FRENOS, DIRECCION, ELECTRONICO O MECANICO).",CHOQUE LATERAL,AUTOMOVIL,2,0,0,0,0,0,0,0,0,0,0,0,0,2,30,MUJER,ILESO,PASAJERO,NO,NO,1
23961,89338,89339,2020,1,0,-0.140241,-78.476869,PICHINCHA,QUITO,QUITO,URBANA,2020-09-05,20:10:00,20,SABADO,6,SEPTIEMBRE,9,NO,NO GUARDAR LA DISTANCIA LATERAL MINIMA DE SEGURIDAD ENTRE VEHICULOS.,CHOQUE LATERAL,AUTOMOVIL,1,0,0,0,0,0,0,0,1,0,0,0,0,2,30,MUJER,LESIONADO,CONDUCTOR PRESENTE,NO,NO,1
23962,89339,89340,2020,0,0,-0.128693,-78.471214,PICHINCHA,QUITO,QUITO,URBANA,2020-09-05,20:50:00,20,SABADO,6,SEPTIEMBRE,9,NO,"NO RESPETAR LAS SENIALES REGLAMENTARIAS DE TRANSITO. (PARE, CEDA EL PASO, LUZ ROJA DEL SEMAFORO, ETC).",OTROS,AUTOMOVIL,1,0,0,0,0,0,0,0,0,0,0,0,0,1,-1,NO IDENTIFICADO,NO IDENTIFICADO,CONDUCTOR AUSENTE,NO,NO,2
23963,89342,89343,2020,0,0,-0.153396,-78.484496,PICHINCHA,QUITO,QUITO,URBANA,2020-09-05,21:15:00,21,SABADO,6,SEPTIEMBRE,9,NO,NO GUARDAR LA DISTANCIA LATERAL MINIMA DE SEGURIDAD ENTRE VEHICULOS.,CHOQUE LATERAL,AUTOMOVIL,2,0,0,0,0,0,0,0,0,0,0,0,0,2,37,MUJER,ILESO,CONDUCTOR PRESENTE,NO,NO,1
23964,89344,89345,2020,2,0,-0.198651,-78.484369,PICHINCHA,QUITO,QUITO,URBANA,2020-09-05,21:40:00,21,SABADO,6,SEPTIEMBRE,9,NO,NO GUARDAR LA DISTANCIA LATERAL MINIMA DE SEGURIDAD ENTRE VEHICULOS.,CHOQUE LATERAL,AUTOMOVIL,1,0,0,0,0,0,0,0,1,0,0,0,0,2,20,MUJER,LESIONADO,PASAJERO,NO,NO,1
23965,89353,89354,2020,0,0,-0.101606,-78.448713,PICHINCHA,QUITO,CALDERON (CARAPUNGO),RURAL,2020-09-06,00:25:00,0,DOMINGO,7,SEPTIEMBRE,9,NO,"NO RESPETAR LAS SENIALES REGLAMENTARIAS DE TRANSITO. (PARE, CEDA EL PASO, LUZ ROJA DEL SEMAFORO, ETC).",ESTRELLAMIENTOS,AUTOMOVIL,1,0,0,0,0,0,0,0,0,0,0,0,0,1,-1,NO IDENTIFICADO,NO IDENTIFICADO,CONDUCTOR AUSENTE,NO,NO,2
23966,89356,89357,2020,0,0,-0.163294,-78.462564,PICHINCHA,QUITO,QUITO,URBANA,2020-09-06,00:35:00,0,DOMINGO,7,SEPTIEMBRE,9,NO,"PRESENCIA DE AGENTES EXTERNOS EN LA VIA (AGUA, ACEITE, PIEDRA, LASTRE, ESCOMBROS, MADEROS, ETC.).",ESTRELLAMIENTOS,AUTOMOVIL,1,0,0,0,0,0,0,0,0,0,0,0,0,1,-1,NO IDENTIFICADO,NO IDENTIFICADO,CONDUCTOR AUSENTE,NO,NO,2
23967,89361,89362,2020,0,0,-0.318873,-78.552489,PICHINCHA,QUITO,QUITO,URBANA,2020-09-06,02:15:00,2,DOMINGO,7,SEPTIEMBRE,9,NO,"NO RESPETAR LAS SENIALES REGLAMENTARIAS DE TRANSITO. (PARE, CEDA EL PASO, LUZ ROJA DEL SEMAFORO, ETC).",ESTRELLAMIENTOS,AUTOMOVIL,1,0,0,0,0,0,0,0,0,0,0,0,0,1,-1,NO IDENTIFICADO,NO IDENTIFICADO,CONDUCTOR AUSENTE,NO,NO,2
23968,89370,89371,2020,0,0,-0.282701,-78.544403,PICHINCHA,QUITO,QUITO,URBANA,2020-09-06,06:00:00,6,DOMINGO,7,SEPTIEMBRE,9,NO,CONDUCIR VEHICULO SUPERANDO LOS LIMITES MAXIMOS DE VELOCIDAD.,ESTRELLAMIENTOS,MOTOCICLETA,0,0,0,0,0,0,0,0,1,0,0,0,0,1,-1,NO IDENTIFICADO,NO IDENTIFICADO,CONDUCTOR AUSENTE,NO,NO,2
23969,89378,89379,2020,1,0,0.012306,-78.469608,PICHINCHA,QUITO,SAN ANTONIO (QUITO),URBANA,2020-09-06,08:15:00,8,DOMINGO,7,SEPTIEMBRE,9,NO,"CONDUCE BAJO LA INFLUENCIA DE ALCOHOL, SUSTANCIAS ESTUPEFACIENTES O PSICOTROPICAS Y/O MEDICAMENTOS.",CHOQUE FRONTAL,AUTOMOVIL,1,0,0,1,0,0,0,0,0,0,0,0,0,2,38,HOMBRE,LESIONADO,CONDUCTOR PRESENTE,NO,SI,1
23970,89381,89382,2020,1,0,-0.192183,-78.488251,PICHINCHA,QUITO,QUITO,URBANA,2020-09-06,10:15:00,10,DOMINGO,7,SEPTIEMBRE,9,NO,NO CEDER EL DERECHO DE VIA O PREFERENCIA DE PASO A VEHICULOS.,CHOQUE LATERAL,MOTOCICLETA,1,0,0,0,0,0,0,0,1,0,0,0,0,2,28,HOMBRE,LESIONADO,CONDUCTOR PRESENTE,NO,NO,1
23971,89382,89383,2020,2,0,-0.147372,-78.507817,PICHINCHA,QUITO,QUITO,URBANA,2020-09-06,11:20:00,11,DOMINGO,7,SEPTIEMBRE,9,NO,CONDUCIR VEHICULO SUPERANDO LOS LIMITES MAXIMOS DE VELOCIDAD.,PERDIDA DE CARRIL,BICICLETA,0,1,0,0,0,0,0,0,0,0,0,0,0,1,3,HOMBRE,LESIONADO,PASAJERO,NO,NO,1
23972,89385,89386,2020,0,0,-0.337417,-78.888778,PICHINCHA,MEJIA,MANUEL CORNEJO ASTORGA,RURAL,2020-09-06,14:00:00,14,DOMINGO,7,SEPTIEMBRE,9,NO,"CONDUCIR DESATENTO A LAS CONDICIONES DE TRANSITO (CELULAR, PANTALLAS DE VIDEO, COMIDA, MAQUILLAJE O CUALQUIER OTRO ELEMENTO DISTRACTOR).",PERDIDA DE PISTA,AUTOMOVIL,1,0,0,0,0,0,0,0,0,0,0,0,0,1,-1,NO IDENTIFICADO,ILESO,CONDUCTOR PRESENTE,NO,NO,3
23973,89387,89388,2020,0,0,-0.083116,-78.468964,PICHINCHA,QUITO,QUITO,URBANA,2020-09-06,14:25:00,14,DOMINGO,7,SEPTIEMBRE,9,NO,DANIOS MECANICOS PREVISIBLES.,ESTRELLAMIENTOS,AUTOMOVIL,3,0,0,0,0,0,0,0,0,0,0,0,0,3,34,HOMBRE,ILESO,CONDUCTOR PRESENTE,NO,NO,1
23974,89392,89393,2020,0,0,-0.268385,-78.554998,PICHINCHA,QUITO,QUITO,URBANA,2020-09-06,16:00:00,16,DOMINGO,7,SEPTIEMBRE,9,NO,CONDUCIR VEHICULO SUPERANDO LOS LIMITES MAXIMOS DE VELOCIDAD.,VOLCAMIENTOS,AUTOMOVIL,1,0,0,0,0,0,0,0,0,0,0,0,0,1,-1,NO IDENTIFICADO,NO IDENTIFICADO,CONDUCTOR AUSENTE,NO,NO,2
23975,89405,89406,2020,0,0,-0.140855,-78.479931,PICHINCHA,QUITO,QUITO,URBANA,2020-09-06,19:20:00,19,DOMINGO,7,SEPTIEMBRE,9,NO,"CONDUCE BAJO LA INFLUENCIA DE ALCOHOL, SUSTANCIAS ESTUPEFACIENTES O PSICOTROPICAS Y/O MEDICAMENTOS.",ESTRELLAMIENTOS,AUTOMOVIL,3,0,0,0,0,0,0,0,0,0,0,0,0,3,55,HOMBRE,ILESO,CONDUCTOR PRESENTE,NO,NO,1
23976,89412,89413,2020,1,0,-0.167794,-78.487392,PICHINCHA,QUITO,QUITO,URBANA,2020-09-06,20:15:00,20,DOMINGO,7,SEPTIEMBRE,9,NO,CONDUCIR VEHICULO SUPERANDO LOS LIMITES MAXIMOS DE VELOCIDAD.,ESTRELLAMIENTOS,MOTOCICLETA,0,0,0,0,0,0,0,0,1,0,0,0,0,1,29,HOMBRE,LESIONADO,PASAJERO,NO,NO,1
23977,89413,89414,2020,1,0,-0.295535,-78.520179,PICHINCHA,QUITO,QUITO,URBANA,2020-09-06,20:35:00,20,DOMINGO,7,SEPTIEMBRE,9,NO,CONDUCIR VEHICULO SUPERANDO LOS LIMITES MAXIMOS DE VELOCIDAD.,CHOQUE LATERAL,MOTOCICLETA,0,0,0,0,0,0,0,0,1,1,0,0,0,2,22,HOMBRE,LESIONADO,CONDUCTOR PRESENTE,NO,NO,1
23978,89415,89416,2020,0,0,-0.061987,-78.376733,PICHINCHA,QUITO,GUAYLLABAMBA,RURAL,2020-09-06,21:00:00,21,DOMINGO,7,SEPTIEMBRE,9,NO,"CONDUCIR DESATENTO A LAS CONDICIONES DE TRANSITO (CELULAR, PANTALLAS DE VIDEO, COMIDA, MAQUILLAJE O CUALQUIER OTRO ELEMENTO DISTRACTOR).",PERDIDA DE PISTA,CAMION,0,0,0,1,0,0,0,0,0,0,0,0,0,1,35,HOMBRE,ILESO,PASAJERO,NO,SI,3
23979,89419,89420,2020,0,0,0.006402,-78.465208,PICHINCHA,QUITO,SAN ANTONIO (QUITO),URBANA,2020-09-07,01:03:00,1,LUNES,1,SEPTIEMBRE,9,NO,"CONDUCIR DESATENTO A LAS CONDICIONES DE TRANSITO (CELULAR, PANTALLAS DE VIDEO, COMIDA, MAQUILLAJE O CUALQUIER OTRO ELEMENTO DISTRACTOR).",ARROLLAMIENTOS,CAMIONETA,0,0,0,0,1,0,0,0,0,0,0,0,0,1,29,HOMBRE,ILESO,PEATON,NO,SI,1
23980,89434,89435,2020,1,0,-0.215783,-78.387234,PICHINCHA,QUITO,TUMBACO,RURAL,2020-09-07,12:30:00,12,LUNES,1,SEPTIEMBRE,9,NO,NO CEDER EL DERECHO DE VIA O PREFERENCIA DE PASO A VEHICULOS.,CHOQUE LATERAL,MOTOCICLETA,1,0,0,0,0,0,0,0,1,0,0,0,0,2,24,HOMBRE,LESIONADO,CONDUCTOR PRESENTE,NO,NO,3
23981,89437,89438,2020,1,0,-0.317426,-78.549126,PICHINCHA,QUITO,QUITO,URBANA,2020-09-07,13:40:00,13,LUNES,1,SEPTIEMBRE,9,NO,"CONDUCE BAJO LA INFLUENCIA DE ALCOHOL, SUSTANCIAS ESTUPEFACIENTES O PSICOTROPICAS Y/O MEDICAMENTOS.",CHOQUE LATERAL,MOTOCICLETA,0,0,0,0,1,0,0,0,1,0,0,0,0,2,22,HOMBRE,LESIONADO,CONDUCTOR PRESENTE,NO,NO,1
23982,89444,89445,2020,0,0,-0.299432,-78.559038,PICHINCHA,QUITO,QUITO,URBANA,2020-09-07,16:45:00,16,LUNES,1,SEPTIEMBRE,9,NO,"NO RESPETAR LAS SENIALES REGLAMENTARIAS DE TRANSITO. (PARE, CEDA EL PASO, LUZ ROJA DEL SEMAFORO, ETC).",CHOQUE FRONTAL,AUTOMOVIL,1,0,1,0,0,0,0,0,0,0,0,0,0,2,34,HOMBRE,ILESO,CONDUCTOR PRESENTE,NO,NO,1
23983,89445,89446,2020,0,0,-0.078184,-78.467972,PICHINCHA,QUITO,QUITO,URBANA,2020-09-07,16:50:00,16,LUNES,1,SEPTIEMBRE,9,NO,NO CEDER EL DERECHO DE VIA O PREFERENCIA DE PASO A VEHICULOS.,CHOQUE FRONTAL,AUTOMOVIL,2,0,0,0,0,0,0,0,0,0,0,0,0,2,38,HOMBRE,ILESO,CONDUCTOR PRESENTE,NO,NO,1
23984,89451,89452,2020,0,0,-0.212328,-78.426698,PICHINCHA,QUITO,CUMBAYA,RURAL,2020-09-07,18:00:00,18,LUNES,1,SEPTIEMBRE,9,NO,"NO RESPETAR LAS SENIALES REGLAMENTARIAS DE TRANSITO. (PARE, CEDA EL PASO, LUZ ROJA DEL SEMAFORO, ETC).",CHOQUE FRONTAL,AUTOMOVIL,2,0,0,0,0,0,0,0,0,0,0,0,0,2,25,HOMBRE,ILESO,CONDUCTOR PRESENTE,NO,NO,3
23985,89459,89460,2020,0,0,-0.197511,-78.500475,PICHINCHA,QUITO,QUITO,URBANA,2020-09-07,19:30:00,19,LUNES,1,SEPTIEMBRE,9,NO,NO GUARDAR LA DISTANCIA LATERAL MINIMA DE SEGURIDAD ENTRE VEHICULOS.,CHOQUE LATERAL,MOTOCICLETA,1,0,0,0,0,0,0,0,1,0,0,0,0,2,26,HOMBRE,ILESO,CONDUCTOR PRESENTE,NO,NO,1
23986,89461,89462,2020,0,0,-0.212824,-78.402686,PICHINCHA,QUITO,TUMBACO,RURAL,2020-09-07,21:00:00,21,LUNES,1,SEPTIEMBRE,9,NO,"CONDUCE BAJO LA INFLUENCIA DE ALCOHOL, SUSTANCIAS ESTUPEFACIENTES O PSICOTROPICAS Y/O MEDICAMENTOS.",ESTRELLAMIENTOS,AUTOMOVIL,2,0,0,0,0,0,0,0,0,0,0,0,0,2,55,HOMBRE,ILESO,CONDUCTOR PRESENTE,NO,NO,3
23987,89466,89467,2020,0,0,-0.304167,-78.542831,PICHINCHA,QUITO,QUITO,URBANA,2020-09-07,23:05:00,23,LUNES,1,SEPTIEMBRE,9,NO,"NO RESPETAR LAS SENIALES REGLAMENTARIAS DE TRANSITO. (PARE, CEDA EL PASO, LUZ ROJA DEL SEMAFORO, ETC).",ESTRELLAMIENTOS,AUTOMOVIL,1,0,0,0,0,0,0,0,0,0,0,0,0,1,-1,NO IDENTIFICADO,NO IDENTIFICADO,CONDUCTOR AUSENTE,NO,NO,2
23988,89470,89471,2020,0,0,-0.241875,-78.506677,PICHINCHA,QUITO,QUITO,URBANA,2020-09-08,04:45:00,4,MARTES,2,SEPTIEMBRE,9,NO,CONDUCIR VEHICULO SUPERANDO LOS LIMITES MAXIMOS DE VELOCIDAD.,ESTRELLAMIENTOS,AUTOMOVIL,1,0,0,0,0,0,0,0,0,0,0,0,0,1,-1,NO IDENTIFICADO,NO IDENTIFICADO,CONDUCTOR AUSENTE,NO,NO,2
23989,89499,89500,2020,2,0,-0.153033,-78.464746,PICHINCHA,QUITO,QUITO,URBANA,2020-09-08,21:30:00,21,MARTES,2,SEPTIEMBRE,9,NO,"CONDUCE BAJO LA INFLUENCIA DE ALCOHOL, SUSTANCIAS ESTUPEFACIENTES O PSICOTROPICAS Y/O MEDICAMENTOS.",OTROS,AUTOMOVIL,2,0,0,0,0,0,0,0,0,0,0,0,0,2,39,MUJER,LESIONADO,PASAJERO,NO,NO,1
23990,89505,89506,2020,0,1,-0.215393,-78.490727,PICHINCHA,QUITO,QUITO,URBANA,2020-09-09,06:00:00,6,MIERCOLES,3,SEPTIEMBRE,9,NO,NO TRANSITAR POR LAS ACERAS O ZONAS DE SEGURIDAD DESTINADAS PARA EL EFECTO.,ARROLLAMIENTOS,NO IDENTIFICADO,0,0,0,0,0,0,0,0,0,1,0,0,0,1,40,HOMBRE,FALLECIDO,PEATON,NO,NO,1
23991,89524,89525,2020,1,0,-0.251319,-78.521366,PICHINCHA,QUITO,QUITO,URBANA,2020-09-09,17:39:00,17,MIERCOLES,3,SEPTIEMBRE,9,NO,NO TRANSITAR POR LAS ACERAS O ZONAS DE SEGURIDAD DESTINADAS PARA EL EFECTO.,ATROPELLOS,MOTOCICLETA,0,0,0,0,0,0,0,0,1,0,0,0,0,1,32,MUJER,LESIONADO,PEATON,NO,NO,1
23992,89532,89533,2020,0,0,-0.088884,-78.439915,PICHINCHA,QUITO,CALDERON (CARAPUNGO),RURAL,2020-09-09,22:10:00,22,MIERCOLES,3,SEPTIEMBRE,9,NO,"CONDUCE BAJO LA INFLUENCIA DE ALCOHOL, SUSTANCIAS ESTUPEFACIENTES O PSICOTROPICAS Y/O MEDICAMENTOS.",ESTRELLAMIENTOS,CAMIONETA,1,0,0,0,2,0,0,0,0,0,0,0,0,3,40,HOMBRE,ILESO,CONDUCTOR PRESENTE,NO,NO,3
23993,89534,89535,2020,0,0,-0.183937,-78.501879,PICHINCHA,QUITO,QUITO,URBANA,2020-09-10,02:10:00,2,JUEVES,4,SEPTIEMBRE,9,NO,"NO RESPETAR LAS SENIALES REGLAMENTARIAS DE TRANSITO. (PARE, CEDA EL PASO, LUZ ROJA DEL SEMAFORO, ETC).",ESTRELLAMIENTOS,AUTOMOVIL,1,0,0,0,0,0,0,0,0,0,0,0,0,1,26,HOMBRE,ILESO,CONDUCTOR PRESENTE,NO,NO,1
23994,89538,89539,2020,2,0,-0.221632,-78.519816,PICHINCHA,QUITO,QUITO,URBANA,2020-09-10,08:00:00,8,JUEVES,4,SEPTIEMBRE,9,NO,NO TRANSITAR POR LAS ACERAS O ZONAS DE SEGURIDAD DESTINADAS PARA EL EFECTO.,ATROPELLOS,MOTOCICLETA,0,0,0,0,0,0,0,0,1,0,0,0,0,1,2,HOMBRE,LESIONADO,PEATON,NO,NO,1
23995,89539,89540,2020,0,0,-0.261651,-78.528897,PICHINCHA,QUITO,QUITO,URBANA,2020-09-10,08:10:00,8,JUEVES,4,SEPTIEMBRE,9,NO,NO CEDER EL DERECHO DE VIA O PREFERENCIA DE PASO A VEHICULOS.,CHOQUE LATERAL,AUTOMOVIL,1,0,0,0,0,0,0,0,1,0,0,0,0,2,42,HOMBRE,ILESO,CONDUCTOR PRESENTE,NO,NO,1
23996,89544,89545,2020,0,0,-0.220917,-78.374917,PICHINCHA,QUITO,TUMBACO,RURAL,2020-09-10,11:20:00,11,JUEVES,4,SEPTIEMBRE,9,NO,CONDUCIR VEHICULO SUPERANDO LOS LIMITES MAXIMOS DE VELOCIDAD.,ESTRELLAMIENTOS,CAMIONETA,0,0,0,0,1,0,0,0,0,0,0,0,0,1,-1,NO IDENTIFICADO,NO IDENTIFICADO,CONDUCTOR AUSENTE,NO,NO,2
23997,89553,89554,2020,0,0,-0.238075,-78.520841,PICHINCHA,QUITO,QUITO,URBANA,2020-09-10,15:20:00,15,JUEVES,4,SEPTIEMBRE,9,NO,"PRESENCIA DE AGENTES EXTERNOS EN LA VIA (AGUA, ACEITE, PIEDRA, LASTRE, ESCOMBROS, MADEROS, ETC.).",CHOQUE LATERAL,AUTOMOVIL,1,0,0,0,1,0,0,0,0,0,0,0,0,2,33,MUJER,ILESO,PASAJERO,NO,NO,1
23998,89561,89562,2020,1,0,-0.171497,-78.490692,PICHINCHA,QUITO,QUITO,URBANA,2020-09-10,18:25:00,18,JUEVES,4,SEPTIEMBRE,9,NO,"CONDUCE BAJO LA INFLUENCIA DE ALCOHOL, SUSTANCIAS ESTUPEFACIENTES O PSICOTROPICAS Y/O MEDICAMENTOS.",CHOQUE POSTERIOR,AUTOMOVIL,2,0,0,0,0,0,0,0,0,0,0,0,0,2,38,HOMBRE,LESIONADO,CONDUCTOR PRESENTE,NO,NO,1
23999,89565,89566,2020,0,0,-0.242024,-78.543031,PICHINCHA,QUITO,QUITO,URBANA,2020-09-10,19:28:00,19,JUEVES,4,SEPTIEMBRE,9,NO,"CONDUCE BAJO LA INFLUENCIA DE ALCOHOL, SUSTANCIAS ESTUPEFACIENTES O PSICOTROPICAS Y/O MEDICAMENTOS.",ESTRELLAMIENTOS,AUTOMOVIL,2,0,0,0,0,0,0,0,0,0,0,0,0,2,45,HOMBRE,ILESO,CONDUCTOR PRESENTE,NO,NO,1
24000,89567,89568,2020,1,0,-0.213198,-78.520647,PICHINCHA,QUITO,QUITO,URBANA,2020-09-10,20:00:00,20,JUEVES,4,SEPTIEMBRE,9,NO,CONDUCIR VEHICULO SUPERANDO LOS LIMITES MAXIMOS DE VELOCIDAD.,PERDIDA DE CARRIL,MOTOCICLETA,0,0,0,0,0,0,0,0,1,0,0,0,0,1,41,HOMBRE,LESIONADO,CONDUCTOR PRESENTE,NO,NO,1
24001,89573,89574,2020,0,0,-0.101417,-78.472778,PICHINCHA,QUITO,QUITO,URBANA,2020-09-10,23:10:00,23,JUEVES,4,SEPTIEMBRE,9,NO,DANIOS MECANICOS PREVISIBLES.,ESTRELLAMIENTOS,AUTOMOVIL,1,0,0,0,0,0,0,0,0,0,0,0,0,1,42,HOMBRE,ILESO,CONDUCTOR PRESENTE,NO,NO,1
24002,89580,89581,2020,0,0,-0.202438,-78.438255,PICHINCHA,QUITO,CUMBAYA,RURAL,2020-09-11,04:30:00,4,VIERNES,5,SEPTIEMBRE,9,NO,NO MANTENER LA DISTANCIA PRUDENCIAL CON RESPECTO AL VEHICULO QUE LE ANTECEDE.,CHOQUE POSTERIOR,AUTOMOVIL,1,0,0,0,1,0,0,0,0,0,0,0,0,2,41,MUJER,ILESO,CONDUCTOR PRESENTE,NO,NO,3
24003,89587,89588,2020,1,0,-0.204592,-78.455985,PICHINCHA,QUITO,QUITO,RURAL,2020-09-11,06:57:00,6,VIERNES,5,SEPTIEMBRE,9,NO,"CONDUCE BAJO LA INFLUENCIA DE ALCOHOL, SUSTANCIAS ESTUPEFACIENTES O PSICOTROPICAS Y/O MEDICAMENTOS.",OTROS,AUTOMOVIL,1,0,0,0,0,0,0,0,0,0,0,0,0,1,29,MUJER,LESIONADO,CONDUCTOR PRESENTE,NO,NO,3