,Unnamed: 0,ID,ANIO,LESIONADOS,FALLECIDOS,LATITUD_Y,LONGITUD_X,PROVINCIA,CANTON,PARROQUIA,ZONA,FECHA,HORA,PERIODO_2,DIA_1,DIA_2,MES_1,MES_2,FERIADO,CAUSA_PROBABLE,TIPO_DE_SINIESTRO,TIPO_DE_VEHICULO_1,AUTOMOVIL,BICICLETA,BUS,CAMION,CAMIONETA,EMERGENCIAS,ESPECIAL,FURGONETA,MOTOCICLETA,NO_IDENTIFICADO,SCOOTER_ELECTRICO,TRICIMOTO,VEHICULO_DEPORTIVO_UTILITARIO,SUMA_DE_VEHICULOS,EDAD_1,SEXO_1,CONDICION_1,PARTICIPANTE_1,CASCO_1,CINTURON_1,KMeans_Cluster
24060,89932,89933,2020,0,0,-0.237667,-78.484685,PICHINCHA,QUITO,QUITO,URBANA,2020-09-18,07:24:00,7,VIERNES,5,SEPTIEMBRE,9,NO,"PRESENCIA DE AGENTES EXTERNOS EN LA VIA (AGUA, ACEITE, PIEDRA, LASTRE, ESCOMBROS, MADEROS, ETC.).",ESTRELLAMIENTOS,AUTOMOVIL,1,0,0,0,0,0,0,0,0,0,0,0,0,1,37,HOMBRE,ILESO,CONDUCTOR PRESENTE,NO,NO,1
24061,89939,89940,2020,1,0,-0.217795,-78.491319,PICHINCHA,QUITO,QUITO,URBANA,2020-09-18,13:25:00,13,VIERNES,5,SEPTIEMBRE,9,NO,"FALLA MECANICA EN LOS SISTEMAS Y/O NEUMATICOS (SISTEMA DE FRENOS, DIRECCION, ELECTRONICO O MECANICO).",CHOQUE LATERAL,CAMIONETA,0,0,0,0,2,0,0,0,0,0,0,0,0,2,33,HOMBRE,LESIONADO,CONDUCTOR PRESENTE,NO,NO,1
24062,89959,89960,2020,0,2,-0.209961,-78.331447,PICHINCHA,QUITO,YARUQUI,RURAL,2020-09-18,21:00:00,21,VIERNES,5,SEPTIEMBRE,9,NO,"CONDUCIR DESATENTO A LAS CONDICIONES DE TRANSITO (CELULAR, PANTALLAS DE VIDEO, COMIDA, MAQUILLAJE O CUALQUIER OTRO ELEMENTO DISTRACTOR).",ATROPELLOS,AUTOMOVIL,2,0,0,0,0,0,0,0,2,0,0,0,0,4,38,MUJER,FALLECIDO,CONDUCTOR PRESENTE,NO,SI,3
24063,89962,89963,2020,0,1,-0.216177,-78.335551,PICHINCHA,QUITO,PIFO,RURAL,2020-09-18,22:00:00,22,VIERNES,5,SEPTIEMBRE,9,NO,"CONDUCIR DESATENTO A LAS CONDICIONES DE TRANSITO (CELULAR, PANTALLAS DE VIDEO, COMIDA, MAQUILLAJE O CUALQUIER OTRO ELEMENTO DISTRACTOR).",CHOQUE POSTERIOR,MOTOCICLETA,0,0,0,0,0,0,0,0,1,0,0,0,0,1,26,MUJER,FALLECIDO,PASAJERO,NO,SI,3
24064,89967,89968,2020,0,0,-0.156322,-78.473141,PICHINCHA,QUITO,QUITO,URBANA,2020-09-18,22:30:00,22,VIERNES,5,SEPTIEMBRE,9,NO,"NO RESPETAR LAS SENIALES REGLAMENTARIAS DE TRANSITO. (PARE, CEDA EL PASO, LUZ ROJA DEL SEMAFORO, ETC).",CHOQUE LATERAL,FURGONETA,1,0,0,0,0,0,0,1,0,0,0,0,0,2,31,HOMBRE,ILESO,CONDUCTOR PRESENTE,NO,NO,1
24065,89972,89973,2020,0,0,-0.073608,-78.478651,PICHINCHA,QUITO,POMASQUI,RURAL,2020-09-19,00:35:00,0,SABADO,6,SEPTIEMBRE,9,NO,"CONDUCIR DESATENTO A LAS CONDICIONES DE TRANSITO (CELULAR, PANTALLAS DE VIDEO, COMIDA, MAQUILLAJE O CUALQUIER OTRO ELEMENTO DISTRACTOR).",ATROPELLOS,NO IDENTIFICADO,0,0,0,0,0,0,0,0,0,1,0,0,0,1,31,HOMBRE,ILESO,PEATON,NO,SI,3
24066,89993,89994,2020,0,0,-0.284161,-78.580611,PICHINCHA,QUITO,QUITO,URBANA,2020-09-19,11:20:00,11,SABADO,6,SEPTIEMBRE,9,NO,NO CEDER EL DERECHO DE VIA O PREFERENCIA DE PASO A VEHICULOS.,OTROS,NO IDENTIFICADO,0,0,0,0,0,0,0,0,0,1,0,0,0,1,-1,NO IDENTIFICADO,NO IDENTIFICADO,CONDUCTOR AUSENTE,NO,NO,2
24067,90004,90005,2020,0,0,-0.217185,-78.486972,PICHINCHA,QUITO,QUITO,URBANA,2020-09-19,14:50:00,14,SABADO,6,SEPTIEMBRE,9,NO,"CONDUCE BAJO LA INFLUENCIA DE ALCOHOL, SUSTANCIAS ESTUPEFACIENTES O PSICOTROPICAS Y/O MEDICAMENTOS.",CHOQUE POSTERIOR,CAMIONETA,1,0,0,0,1,0,0,0,0,0,0,0,0,2,56,HOMBRE,ILESO,CONDUCTOR PRESENTE,NO,NO,1
24068,90008,90009,2020,0,0,-0.144991,-78.502451,PICHINCHA,QUITO,QUITO,URBANA,2020-09-19,16:50:00,16,SABADO,6,SEPTIEMBRE,9,NO,CONDUCIR VEHICULO SUPERANDO LOS LIMITES MAXIMOS DE VELOCIDAD.,CHOQUE LATERAL,AUTOMOVIL,1,0,0,0,0,0,0,0,1,0,0,0,0,2,49,HOMBRE,ILESO,CONDUCTOR PRESENTE,NO,NO,1
24069,90010,90011,2020,0,1,0.112603,-79.256157,PICHINCHA,PUERTO QUITO,PUERTO QUITO,RURAL,2020-09-19,17:30:00,17,SABADO,6,SEPTIEMBRE,9,NO,"ADELANTAR O REBASAR A OTRO VEHICULO EN MOVIMIENTO EN ZONAS O SITIOS PELIGROSOS TALES COMO: CURVAS, PUENTES, TUNELES, PENDIENTES, ETC.",ROZAMIENTOS,MOTOCICLETA,0,0,0,1,0,0,0,0,1,0,0,0,0,2,43,MUJER,FALLECIDO,PASAJERO,NO,SI,3
24070,90015,90016,2020,0,0,-0.106797,-78.442461,PICHINCHA,QUITO,CALDERON (CARAPUNGO),RURAL,2020-09-19,18:40:00,18,SABADO,6,SEPTIEMBRE,9,NO,"CONDUCE BAJO LA INFLUENCIA DE ALCOHOL, SUSTANCIAS ESTUPEFACIENTES O PSICOTROPICAS Y/O MEDICAMENTOS.",COLISION,AUTOMOVIL,3,0,0,0,0,0,0,0,0,0,0,0,0,3,39,HOMBRE,ILESO,CONDUCTOR PRESENTE,NO,NO,3
24071,90024,90025,2020,0,1,0.045221,-78.163648,PICHINCHA,CAYAMBE,CAYAMBE,URBANA,2020-09-19,19:30:00,19,SABADO,6,SEPTIEMBRE,9,NO,"PEATON TRANSITA BAJO INFLUENCIA DE ALCOHOL, SUSTANCIAS ESTUPEFACIENTES O PSICOTROPICAS Y/O MEDICAMENTOS.",ATROPELLOS,AUTOMOVIL,1,0,0,0,0,0,0,0,0,0,0,0,0,1,29,HOMBRE,FALLECIDO,PEATON,NO,SI,1
24072,90026,90027,2020,1,0,-0.298551,-78.562633,PICHINCHA,QUITO,QUITO,URBANA,2020-09-19,19:55:00,19,SABADO,6,SEPTIEMBRE,9,NO,NO CEDER EL DERECHO DE VIA O PREFERENCIA DE PASO A VEHICULOS.,OTROS,NO IDENTIFICADO,0,0,0,0,0,0,0,0,0,1,0,0,0,1,26,HOMBRE,LESIONADO,CONDUCTOR PRESENTE,NO,NO,1
24073,90035,90036,2020,0,0,-0.304063,-78.559177,PICHINCHA,QUITO,QUITO,URBANA,2020-09-19,21:40:00,21,SABADO,6,SEPTIEMBRE,9,NO,NO CEDER EL DERECHO DE VIA O PREFERENCIA DE PASO A VEHICULOS.,ESTRELLAMIENTOS,AUTOMOVIL,1,0,0,0,0,0,0,0,0,0,0,0,0,1,-1,NO IDENTIFICADO,NO IDENTIFICADO,CONDUCTOR AUSENTE,NO,NO,2
24074,90037,90038,2020,0,0,-0.304063,-78.559177,PICHINCHA,QUITO,QUITO,URBANA,2020-09-19,22:10:00,22,SABADO,6,SEPTIEMBRE,9,NO,"NO RESPETAR LAS SENIALES REGLAMENTARIAS DE TRANSITO. (PARE, CEDA EL PASO, LUZ ROJA DEL SEMAFORO, ETC).",OTROS,AUTOMOVIL,1,0,0,0,0,0,0,0,0,0,0,0,0,1,-1,NO IDENTIFICADO,NO IDENTIFICADO,CONDUCTOR AUSENTE,NO,NO,2
24075,90043,90044,2020,0,0,-0.270629,-78.528475,PICHINCHA,QUITO,QUITO,URBANA,2020-09-20,01:03:00,1,DOMINGO,7,SEPTIEMBRE,9,NO,CONDUCIR VEHICULO SUPERANDO LOS LIMITES MAXIMOS DE VELOCIDAD.,ESTRELLAMIENTOS,AUTOMOVIL,3,0,0,0,0,0,0,0,0,0,0,0,0,3,38,HOMBRE,ILESO,CONDUCTOR PRESENTE,NO,NO,1
24076,90044,90045,2020,0,0,-0.183621,-78.481459,PICHINCHA,QUITO,QUITO,URBANA,2020-09-20,01:12:00,1,DOMINGO,7,SEPTIEMBRE,9,NO,"CONDUCE BAJO LA INFLUENCIA DE ALCOHOL, SUSTANCIAS ESTUPEFACIENTES O PSICOTROPICAS Y/O MEDICAMENTOS.",CHOQUE LATERAL,MOTOCICLETA,1,0,0,0,0,0,0,0,1,0,0,0,0,2,29,HOMBRE,ILESO,CONDUCTOR PRESENTE,NO,NO,1
24077,90047,90048,2020,0,0,-0.095821,-78.439728,PICHINCHA,QUITO,CALDERON (CARAPUNGO),RURAL,2020-09-20,02:00:00,2,DOMINGO,7,SEPTIEMBRE,9,NO,"CONDUCE BAJO LA INFLUENCIA DE ALCOHOL, SUSTANCIAS ESTUPEFACIENTES O PSICOTROPICAS Y/O MEDICAMENTOS.",CHOQUE LATERAL,AUTOMOVIL,2,0,0,0,0,0,0,0,0,0,0,0,0,2,60,HOMBRE,ILESO,CONDUCTOR PRESENTE,NO,NO,3
24078,90050,90051,2020,0,0,-0.088884,-78.439915,PICHINCHA,QUITO,CALDERON (CARAPUNGO),RURAL,2020-09-20,02:42:00,2,DOMINGO,7,SEPTIEMBRE,9,NO,"CONDUCE BAJO LA INFLUENCIA DE ALCOHOL, SUSTANCIAS ESTUPEFACIENTES O PSICOTROPICAS Y/O MEDICAMENTOS.",ESTRELLAMIENTOS,CAMIONETA,0,0,0,0,1,0,0,0,0,0,0,0,0,1,40,HOMBRE,ILESO,CONDUCTOR PRESENTE,NO,NO,3
24079,90055,90056,2020,2,0,-0.237604,-78.484574,PICHINCHA,QUITO,QUITO,URBANA,2020-09-20,04:00:00,4,DOMINGO,7,SEPTIEMBRE,9,NO,CONDUCIR VEHICULO SUPERANDO LOS LIMITES MAXIMOS DE VELOCIDAD.,PERDIDA DE CARRIL,MOTOCICLETA,0,0,0,0,0,0,0,0,1,0,0,0,0,1,-1,HOMBRE,LESIONADO,PASAJERO,NO,NO,1
24080,90057,90058,2020,0,0,-0.091291,-78.472557,PICHINCHA,QUITO,QUITO,URBANA,2020-09-20,05:20:00,5,DOMINGO,7,SEPTIEMBRE,9,NO,CONDUCIR VEHICULO SUPERANDO LOS LIMITES MAXIMOS DE VELOCIDAD.,ESTRELLAMIENTOS,AUTOMOVIL,1,0,0,0,0,0,0,0,0,0,0,0,0,1,-1,NO IDENTIFICADO,NO IDENTIFICADO,CONDUCTOR AUSENTE,NO,NO,2
24081,90070,90071,2020,1,0,-0.273707,-78.537301,PICHINCHA,QUITO,QUITO,URBANA,2020-09-20,10:30:00,10,DOMINGO,7,SEPTIEMBRE,9,NO,"PEATON TRANSITA BAJO INFLUENCIA DE ALCOHOL, SUSTANCIAS ESTUPEFACIENTES O PSICOTROPICAS Y/O MEDICAMENTOS.",ATROPELLOS,ESPECIAL,0,0,0,0,0,0,1,0,0,0,0,0,0,1,26,HOMBRE,LESIONADO,PEATON,NO,NO,1
24082,90076,90077,2020,0,0,-0.267111,-78.558844,PICHINCHA,QUITO,QUITO,URBANA,2020-09-20,13:00:00,13,DOMINGO,7,SEPTIEMBRE,9,NO,PESO Y VOLUMEN - NO CUMPLIR CON LAS NORMAS DE SEGURIDAD NECESARIAS AL TRANSPORTAR CARGAS.,OTROS,CAMION,0,0,0,1,0,0,0,0,0,0,0,0,0,1,29,HOMBRE,ILESO,CONDUCTOR PRESENTE,NO,NO,1
24083,90090,90091,2020,0,0,-0.331895,-78.554775,PICHINCHA,QUITO,QUITO,URBANA,2020-09-20,18:30:00,18,DOMINGO,7,SEPTIEMBRE,9,NO,CONDUCIR VEHICULO SUPERANDO LOS LIMITES MAXIMOS DE VELOCIDAD.,ESTRELLAMIENTOS,AUTOMOVIL,1,0,0,0,0,0,0,0,0,0,0,0,0,1,-1,NO IDENTIFICADO,NO IDENTIFICADO,CONDUCTOR AUSENTE,NO,NO,2
24084,90097,90098,2020,2,0,-0.129197,-78.502316,PICHINCHA,QUITO,QUITO,URBANA,2020-09-20,19:50:00,19,DOMINGO,7,SEPTIEMBRE,9,NO,"CONDUCE BAJO LA INFLUENCIA DE ALCOHOL, SUSTANCIAS ESTUPEFACIENTES O PSICOTROPICAS Y/O MEDICAMENTOS.",CHOQUE LATERAL,MOTOCICLETA,1,0,0,0,0,0,0,0,1,0,0,0,0,2,35,HOMBRE,LESIONADO,PASAJERO,NO,NO,1
24085,90098,90099,2020,0,0,-0.218242,-78.488689,PICHINCHA,QUITO,QUITO,URBANA,2020-09-20,20:00:00,20,DOMINGO,7,SEPTIEMBRE,9,NO,"CONDUCE BAJO LA INFLUENCIA DE ALCOHOL, SUSTANCIAS ESTUPEFACIENTES O PSICOTROPICAS Y/O MEDICAMENTOS.",ESTRELLAMIENTOS,AUTOMOVIL,1,0,0,0,0,0,0,0,1,0,0,0,0,2,42,MUJER,ILESO,CONDUCTOR PRESENTE,NO,NO,1
24086,90099,90100,2020,0,0,-0.212824,-78.402686,PICHINCHA,QUITO,TUMBACO,RURAL,2020-09-20,20:00:00,20,DOMINGO,7,SEPTIEMBRE,9,NO,CONDUCIR VEHICULO SUPERANDO LOS LIMITES MAXIMOS DE VELOCIDAD.,ESTRELLAMIENTOS,NO IDENTIFICADO,0,0,0,0,0,0,0,0,0,1,0,0,0,1,-1,NO IDENTIFICADO,NO IDENTIFICADO,CONDUCTOR AUSENTE,NO,NO,2
24087,90101,90102,2020,0,1,0.090134,-79.048891,PICHINCHA,PEDRO VICENTE MALDONADO,PEDRO VICENTE MALDONADO,URBANA,2020-09-20,20:00:00,20,DOMINGO,7,SEPTIEMBRE,9,NO,CONDUCIR EN SENTIDO CONTRARIO A LA VIA NORMAL DE CIRCULACION.,ATROPELLOS,NO IDENTIFICADO,0,0,0,0,0,0,0,0,0,1,0,0,0,1,7,HOMBRE,FALLECIDO,PEATON,NO,SI,1
24088,90112,90113,2020,1,0,-0.454099,-78.754799,PICHINCHA,MEJIA,MANUEL CORNEJO ASTORGA,RURAL,2020-09-21,01:00:00,1,LUNES,1,SEPTIEMBRE,9,NO,"CONDUCIR DESATENTO A LAS CONDICIONES DE TRANSITO (CELULAR, PANTALLAS DE VIDEO, COMIDA, MAQUILLAJE O CUALQUIER OTRO ELEMENTO DISTRACTOR).",PERDIDA DE PISTA,AUTOMOVIL,1,0,0,0,0,0,0,0,0,0,0,0,0,1,-1,NO IDENTIFICADO,LESIONADO,CONDUCTOR PRESENTE,NO,NO,2
24089,90120,90121,2020,0,0,-0.243694,-78.520111,PICHINCHA,QUITO,QUITO,URBANA,2020-09-21,07:50:00,7,LUNES,1,SEPTIEMBRE,9,NO,NO CEDER EL DERECHO DE VIA O PREFERENCIA DE PASO A VEHICULOS.,CHOQUE LATERAL,AUTOMOVIL,2,0,0,0,0,0,0,0,0,0,0,0,0,2,56,HOMBRE,ILESO,CONDUCTOR PRESENTE,NO,NO,1
24090,90132,90133,2020,1,0,-0.321645,-78.564612,PICHINCHA,QUITO,QUITO,URBANA,2020-09-21,14:15:00,14,LUNES,1,SEPTIEMBRE,9,NO,DANIOS MECANICOS PREVISIBLES.,PERDIDA DE CARRIL,AUTOMOVIL,1,0,0,0,0,0,0,0,0,0,0,0,0,1,53,HOMBRE,LESIONADO,CONDUCTOR PRESENTE,NO,NO,1
24091,90134,90135,2020,2,0,-0.159543,-78.463936,PICHINCHA,QUITO,QUITO,URBANA,2020-09-21,14:55:00,14,LUNES,1,SEPTIEMBRE,9,NO,"NO RESPETAR LAS SENIALES REGLAMENTARIAS DE TRANSITO. (PARE, CEDA EL PASO, LUZ ROJA DEL SEMAFORO, ETC).",CHOQUE LATERAL,AUTOMOVIL,2,0,0,0,0,0,0,0,0,0,0,0,0,2,40,HOMBRE,LESIONADO,CONDUCTOR PRESENTE,NO,NO,1
24092,90143,90144,2020,0,0,-0.112189,-78.504802,PICHINCHA,QUITO,QUITO,URBANA,2020-09-21,18:15:00,18,LUNES,1,SEPTIEMBRE,9,NO,NO MANTENER LA DISTANCIA PRUDENCIAL CON RESPECTO AL VEHICULO QUE LE ANTECEDE.,CHOQUE POSTERIOR,AUTOMOVIL,2,0,0,0,0,0,0,0,0,0,0,0,0,2,38,MUJER,ILESO,CONDUCTOR PRESENTE,NO,NO,1
24093,90152,90153,2020,1,0,-0.244879,-78.514199,PICHINCHA,QUITO,QUITO,URBANA,2020-09-21,22:00:00,22,LUNES,1,SEPTIEMBRE,9,NO,"CONDUCE BAJO LA INFLUENCIA DE ALCOHOL, SUSTANCIAS ESTUPEFACIENTES O PSICOTROPICAS Y/O MEDICAMENTOS.",ATROPELLOS,CAMION,0,0,0,1,0,0,0,0,0,0,0,0,0,1,51,MUJER,LESIONADO,PEATON,NO,NO,1
24094,90153,90154,2020,0,0,-0.186786,-78.495461,PICHINCHA,QUITO,QUITO,URBANA,2020-09-21,22:30:00,22,LUNES,1,SEPTIEMBRE,9,NO,CONDUCIR VEHICULO SUPERANDO LOS LIMITES MAXIMOS DE VELOCIDAD.,ESTRELLAMIENTOS,AUTOMOVIL,1,0,0,0,0,0,0,0,0,0,0,0,0,1,-1,NO IDENTIFICADO,NO IDENTIFICADO,CONDUCTOR AUSENTE,NO,NO,2
24095,90154,90155,2020,0,0,-0.319976,-78.564972,PICHINCHA,QUITO,QUITO,URBANA,2020-09-21,23:00:00,23,LUNES,1,SEPTIEMBRE,9,NO,CONDUCIR VEHICULO SUPERANDO LOS LIMITES MAXIMOS DE VELOCIDAD.,ESTRELLAMIENTOS,AUTOMOVIL,1,0,0,0,0,0,0,0,0,0,0,0,0,1,-1,NO IDENTIFICADO,NO IDENTIFICADO,CONDUCTOR AUSENTE,NO,NO,2
24096,90156,90157,2020,0,0,-0.271125,-78.551998,PICHINCHA,QUITO,QUITO,URBANA,2020-09-22,01:40:00,1,MARTES,2,SEPTIEMBRE,9,NO,CONDUCIR VEHICULO SUPERANDO LOS LIMITES MAXIMOS DE VELOCIDAD.,ESTRELLAMIENTOS,CAMIONETA,1,0,0,0,1,0,0,0,0,0,0,0,0,2,-1,NO IDENTIFICADO,NO IDENTIFICADO,CONDUCTOR AUSENTE,NO,NO,2
24097,90158,90159,2020,1,0,-0.290213,-78.565006,PICHINCHA,QUITO,QUITO,URBANA,2020-09-22,08:00:00,8,MARTES,2,SEPTIEMBRE,9,NO,"CONDUCIR EN ESTADO DE SOMNOLENCIA O MALAS CONDICIONES FISICAS (SUENIO, CANSANCIO Y FATIGA).",OTROS,NO IDENTIFICADO,0,0,0,0,0,0,0,0,0,1,0,0,0,1,80,HOMBRE,LESIONADO,PASAJERO,NO,NO,1
24098,90161,90162,2020,1,0,-0.334185,-78.434328,PICHINCHA,RUMINIAHUI,SANGOLQUI,URBANA,2020-09-22,10:40:00,10,MARTES,2,SEPTIEMBRE,9,NO,"CONDUCIR DESATENTO A LAS CONDICIONES DE TRANSITO (CELULAR, PANTALLAS DE VIDEO, COMIDA, MAQUILLAJE O CUALQUIER OTRO ELEMENTO DISTRACTOR).",CHOQUE LATERAL,CAMION,0,0,0,1,0,0,0,0,0,0,0,0,0,1,31,HOMBRE,LESIONADO,CONDUCTOR PRESENTE,NO,SI,1
24099,90162,90163,2020,1,0,-0.139788,-78.474622,PICHINCHA,QUITO,QUITO,URBANA,2020-09-22,11:40:00,11,MARTES,2,SEPTIEMBRE,9,NO,DANIOS MECANICOS PREVISIBLES.,PERDIDA DE CARRIL,MOTOCICLETA,0,0,0,0,0,0,0,0,1,0,0,0,0,1,33,HOMBRE,LESIONADO,CONDUCTOR PRESENTE,NO,NO,1
24100,90164,90165,2020,1,0,-0.197826,-78.466466,PICHINCHA,QUITO,QUITO,RURAL,2020-09-22,13:15:00,13,MARTES,2,SEPTIEMBRE,9,NO,"PRESENCIA DE AGENTES EXTERNOS EN LA VIA (AGUA, ACEITE, PIEDRA, LASTRE, ESCOMBROS, MADEROS, ETC.).",PERDIDA DE CARRIL,MOTOCICLETA,0,0,0,0,0,0,0,0,1,0,0,0,0,1,23,HOMBRE,LESIONADO,CONDUCTOR PRESENTE,NO,NO,3
24101,90175,90176,2020,0,0,-0.150393,-78.453592,PICHINCHA,QUITO,QUITO,RURAL,2020-09-22,16:55:00,16,MARTES,2,SEPTIEMBRE,9,NO,"PRESENCIA DE AGENTES EXTERNOS EN LA VIA (AGUA, ACEITE, PIEDRA, LASTRE, ESCOMBROS, MADEROS, ETC.).",ESTRELLAMIENTOS,CAMIONETA,0,0,0,0,1,0,0,0,0,0,0,0,0,1,31,HOMBRE,ILESO,CONDUCTOR PRESENTE,NO,NO,3
24102,90176,90177,2020,1,0,-0.321446,-78.556232,PICHINCHA,QUITO,QUITO,URBANA,2020-09-22,17:20:00,17,MARTES,2,SEPTIEMBRE,9,NO,NO TRANSITAR POR LAS ACERAS O ZONAS DE SEGURIDAD DESTINADAS PARA EL EFECTO.,ATROPELLOS,NO IDENTIFICADO,0,0,0,0,0,0,0,0,0,1,0,0,0,1,5,HOMBRE,LESIONADO,PEATON,NO,NO,1
24103,90184,90185,2020,1,0,-0.088884,-78.439915,PICHINCHA,QUITO,CALDERON (CARAPUNGO),RURAL,2020-09-22,23:21:00,23,MARTES,2,SEPTIEMBRE,9,NO,"CONDUCE BAJO LA INFLUENCIA DE ALCOHOL, SUSTANCIAS ESTUPEFACIENTES O PSICOTROPICAS Y/O MEDICAMENTOS.",CHOQUE LATERAL,AUTOMOVIL,2,0,0,0,0,0,0,0,0,0,0,0,0,2,21,MUJER,LESIONADO,PASAJERO,NO,NO,3
24104,90192,90193,2020,0,0,-0.300356,-78.535544,PICHINCHA,QUITO,QUITO,URBANA,2020-09-23,07:40:00,7,MIERCOLES,3,SEPTIEMBRE,9,NO,"CONDUCE BAJO LA INFLUENCIA DE ALCOHOL, SUSTANCIAS ESTUPEFACIENTES O PSICOTROPICAS Y/O MEDICAMENTOS.",CHOQUE LATERAL,CAMIONETA,0,0,0,1,1,0,0,0,0,0,0,0,0,2,41,HOMBRE,ILESO,CONDUCTOR PRESENTE,NO,NO,1
24105,90205,90206,2020,1,0,-0.169382,-78.490163,PICHINCHA,QUITO,QUITO,URBANA,2020-09-23,19:10:00,19,MIERCOLES,3,SEPTIEMBRE,9,NO,NO CEDER EL DERECHO DE VIA O PREFERENCIA DE PASO A VEHICULOS.,CHOQUE LATERAL,AUTOMOVIL,1,0,0,0,0,0,0,0,1,0,0,0,0,2,25,HOMBRE,LESIONADO,CONDUCTOR PRESENTE,NO,NO,1
24106,90219,90220,2020,0,0,-0.249018,-78.566671,PICHINCHA,QUITO,QUITO,URBANA,2020-09-24,07:25:00,7,JUEVES,4,SEPTIEMBRE,9,NO,"FALLA MECANICA EN LOS SISTEMAS Y/O NEUMATICOS (SISTEMA DE FRENOS, DIRECCION, ELECTRONICO O MECANICO).",OTROS,FURGONETA,0,0,0,0,0,0,0,1,0,0,0,0,0,1,-1,NO IDENTIFICADO,NO IDENTIFICADO,CONDUCTOR AUSENTE,NO,NO,2
24107,90225,90226,2020,0,0,-0.159946,-78.474919,PICHINCHA,QUITO,QUITO,URBANA,2020-09-24,10:00:00,10,JUEVES,4,SEPTIEMBRE,9,NO,"NO RESPETAR LAS SENIALES REGLAMENTARIAS DE TRANSITO. (PARE, CEDA EL PASO, LUZ ROJA DEL SEMAFORO, ETC).",CHOQUE LATERAL,BUS,1,0,1,0,0,0,0,0,0,0,0,0,0,2,21,HOMBRE,ILESO,CONDUCTOR PRESENTE,NO,NO,1
24108,90237,90238,2020,1,0,-0.282873,-78.544223,PICHINCHA,QUITO,QUITO,URBANA,2020-09-24,17:10:00,17,JUEVES,4,SEPTIEMBRE,9,NO,"NO RESPETAR LAS SENIALES REGLAMENTARIAS DE TRANSITO. (PARE, CEDA EL PASO, LUZ ROJA DEL SEMAFORO, ETC).",ESTRELLAMIENTOS,AUTOMOVIL,1,0,1,0,0,0,0,0,0,0,0,0,0,2,44,HOMBRE,LESIONADO,CONDUCTOR PRESENTE,NO,NO,1
24109,90245,90246,2020,0,0,-0.177282,-78.359537,PICHINCHA,QUITO,PUEMBO,RURAL,2020-09-24,19:00:00,19,JUEVES,4,SEPTIEMBRE,9,NO,CONDUCIR VEHICULO SUPERANDO LOS LIMITES MAXIMOS DE VELOCIDAD.,ESTRELLAMIENTOS,AUTOMOVIL,1,0,0,0,0,0,0,0,0,0,0,0,0,1,-1,NO IDENTIFICADO,NO IDENTIFICADO,CONDUCTOR AUSENTE,NO,NO,2
24110,90248,90249,2020,0,0,-0.318244,-78.553801,PICHINCHA,QUITO,QUITO,URBANA,2020-09-24,20:45:00,20,JUEVES,4,SEPTIEMBRE,9,NO,"NO RESPETAR LAS SENIALES REGLAMENTARIAS DE TRANSITO. (PARE, CEDA EL PASO, LUZ ROJA DEL SEMAFORO, ETC).",OTROS,MOTOCICLETA,0,0,0,0,0,0,0,0,1,0,0,0,0,1,-1,NO IDENTIFICADO,NO IDENTIFICADO,CONDUCTOR AUSENTE,NO,NO,2
24111,90270,90271,2020,0,0,-0.235106,-78.527771,PICHINCHA,QUITO,QUITO,URBANA,2020-09-25,09:30:00,9,VIERNES,5,SEPTIEMBRE,9,NO,NO MANTENER LA DISTANCIA PRUDENCIAL CON RESPECTO AL VEHICULO QUE LE ANTECEDE.,CHOQUE POSTERIOR,AUTOMOVIL,1,0,0,0,0,0,0,0,0,0,0,0,0,1,21,HOMBRE,ILESO,CONDUCTOR PRESENTE,NO,NO,1
24112,90280,90281,2020,1,0,-0.221954,-78.508211,PICHINCHA,QUITO,QUITO,URBANA,2020-09-25,14:25:00,14,VIERNES,5,SEPTIEMBRE,9,NO,DEJAR O RECOGER PASAJEROS EN LUGARES NO PERMITIDOS.,CAIDA DE PASAJERO,BUS,0,0,1,0,0,0,0,0,0,0,0,0,0,1,37,MUJER,LESIONADO,PASAJERO,NO,NO,1
24113,90287,90288,2020,0,0,-0.294301,-78.464289,PICHINCHA,QUITO,CONOCOTO,RURAL,2020-09-25,18:18:00,18,VIERNES,5,SEPTIEMBRE,9,NO,"CONDUCE BAJO LA INFLUENCIA DE ALCOHOL, SUSTANCIAS ESTUPEFACIENTES O PSICOTROPICAS Y/O MEDICAMENTOS.",CHOQUE LATERAL,AUTOMOVIL,2,0,0,0,0,0,0,0,0,0,0,0,0,2,36,HOMBRE,ILESO,CONDUCTOR PRESENTE,NO,NO,3
24114,90293,90294,2020,0,0,-0.210216,-78.515338,PICHINCHA,QUITO,QUITO,URBANA,2020-09-25,19:40:00,19,VIERNES,5,SEPTIEMBRE,9,NO,"CONDUCE BAJO LA INFLUENCIA DE ALCOHOL, SUSTANCIAS ESTUPEFACIENTES O PSICOTROPICAS Y/O MEDICAMENTOS.",CHOQUE FRONTAL,AUTOMOVIL,1,0,0,0,1,0,0,0,0,0,0,0,0,2,61,HOMBRE,ILESO,CONDUCTOR PRESENTE,NO,NO,1
24115,90297,90298,2020,0,0,-0.123551,-78.426711,PICHINCHA,QUITO,CALDERON (CARAPUNGO),RURAL,2020-09-25,21:30:00,21,VIERNES,5,SEPTIEMBRE,9,NO,CONDUCIR VEHICULO SUPERANDO LOS LIMITES MAXIMOS DE VELOCIDAD.,VOLCAMIENTOS,CAMIONETA,1,0,0,0,1,0,0,0,0,0,0,0,0,2,-1,NO IDENTIFICADO,NO IDENTIFICADO,CONDUCTOR AUSENTE,NO,NO,2
24116,90301,90302,2020,1,0,-0.163073,-78.462599,PICHINCHA,QUITO,QUITO,RURAL,2020-09-25,23:15:00,23,VIERNES,5,SEPTIEMBRE,9,NO,"CONDUCE BAJO LA INFLUENCIA DE ALCOHOL, SUSTANCIAS ESTUPEFACIENTES O PSICOTROPICAS Y/O MEDICAMENTOS.",CHOQUE POSTERIOR,AUTOMOVIL,2,0,0,0,0,0,0,0,0,0,0,0,0,2,21,MUJER,LESIONADO,CONDUCTOR PRESENTE,NO,NO,3