,Unnamed: 0,ID,ANIO,LESIONADOS,FALLECIDOS,LATITUD_Y,LONGITUD_X,PROVINCIA,CANTON,PARROQUIA,ZONA,FECHA,HORA,PERIODO_2,DIA_1,DIA_2,MES_1,MES_2,FERIADO,CAUSA_PROBABLE,TIPO_DE_SINIESTRO,TIPO_DE_VEHICULO_1,AUTOMOVIL,BICICLETA,BUS,CAMION,CAMIONETA,EMERGENCIAS,ESPECIAL,FURGONETA,MOTOCICLETA,NO_IDENTIFICADO,SCOOTER_ELECTRICO,TRICIMOTO,VEHICULO_DEPORTIVO_UTILITARIO,SUMA_DE_VEHICULOS,EDAD_1,SEXO_1,CONDICION_1,PARTICIPANTE_1,CASCO_1,CINTURON_1,KMeans_Cluster
24117,90305,90306,2020,0,0,-0.133769,-78.470611,PICHINCHA,QUITO,QUITO,URBANA,2020-09-26,00:45:00,0,SABADO,6,SEPTIEMBRE,9,NO,"CONDUCE BAJO LA INFLUENCIA DE ALCOHOL, SUSTANCIAS ESTUPEFACIENTES O PSICOTROPICAS Y/O MEDICAMENTOS.",CHOQUE LATERAL,AUTOMOVIL,2,0,0,0,0,0,0,0,0,0,0,0,0,2,38,MUJER,ILESO,CONDUCTOR PRESENTE,NO,NO,1
24118,90316,90317,2020,0,0,-0.250224,-78.534724,PICHINCHA,QUITO,QUITO,URBANA,2020-09-26,04:50:00,4,SABADO,6,SEPTIEMBRE,9,NO,CONDUCIR VEHICULO SUPERANDO LOS LIMITES MAXIMOS DE VELOCIDAD.,ESTRELLAMIENTOS,AUTOMOVIL,1,0,0,0,0,0,0,0,0,0,0,0,0,1,-1,NO IDENTIFICADO,NO IDENTIFICADO,CONDUCTOR AUSENTE,NO,NO,2
24119,90317,90318,2020,0,0,-0.171611,-78.484882,PICHINCHA,QUITO,QUITO,URBANA,2020-09-26,05:20:00,5,SABADO,6,SEPTIEMBRE,9,NO,CONDUCIR VEHICULO SUPERANDO LOS LIMITES MAXIMOS DE VELOCIDAD.,ESTRELLAMIENTOS,AUTOMOVIL,1,0,0,0,0,0,0,0,0,0,0,0,0,1,-1,NO IDENTIFICADO,NO IDENTIFICADO,CONDUCTOR AUSENTE,NO,NO,2
24120,90318,90319,2020,1,0,-0.251162,-78.503288,PICHINCHA,QUITO,QUITO,URBANA,2020-09-26,05:45:00,5,SABADO,6,SEPTIEMBRE,9,NO,NO TRANSITAR POR LAS ACERAS O ZONAS DE SEGURIDAD DESTINADAS PARA EL EFECTO.,ATROPELLOS,AUTOMOVIL,1,0,0,0,0,0,0,0,0,0,0,0,0,1,21,HOMBRE,LESIONADO,PEATON,NO,NO,1
24121,90326,90327,2020,1,0,-0.182313,-78.489998,PICHINCHA,QUITO,QUITO,URBANA,2020-09-26,10:00:00,10,SABADO,6,SEPTIEMBRE,9,NO,NO CEDER EL DERECHO DE VIA O PREFERENCIA DE PASO A VEHICULOS.,OTROS,BICICLETA,0,1,0,0,0,0,0,0,0,1,0,0,0,2,26,MUJER,LESIONADO,CONDUCTOR PRESENTE,NO,NO,1
24122,90329,90330,2020,0,0,-0.227087,-78.511899,PICHINCHA,QUITO,QUITO,URBANA,2020-09-26,11:00:00,11,SABADO,6,SEPTIEMBRE,9,NO,DANIOS MECANICOS PREVISIBLES.,ESTRELLAMIENTOS,AUTOMOVIL,1,0,0,0,0,0,0,0,0,0,0,0,0,1,-1,NO IDENTIFICADO,NO IDENTIFICADO,CONDUCTOR AUSENTE,NO,NO,2
24123,90330,90331,2020,1,0,-0.141491,-78.495693,PICHINCHA,QUITO,QUITO,URBANA,2020-09-26,11:50:00,11,SABADO,6,SEPTIEMBRE,9,NO,"NO RESPETAR LAS SENIALES REGLAMENTARIAS DE TRANSITO. (PARE, CEDA EL PASO, LUZ ROJA DEL SEMAFORO, ETC).",CHOQUE LATERAL,AUTOMOVIL,2,0,0,0,0,0,0,0,0,0,0,0,0,2,35,MUJER,LESIONADO,CONDUCTOR PRESENTE,NO,NO,1
24124,90337,90338,2020,0,0,-0.158381,-78.461068,PICHINCHA,QUITO,QUITO,URBANA,2020-09-26,14:40:00,14,SABADO,6,SEPTIEMBRE,9,NO,"FALLA MECANICA EN LOS SISTEMAS Y/O NEUMATICOS (SISTEMA DE FRENOS, DIRECCION, ELECTRONICO O MECANICO).",ESTRELLAMIENTOS,AUTOMOVIL,1,0,0,0,1,0,0,0,0,0,0,0,0,2,36,HOMBRE,ILESO,CONDUCTOR PRESENTE,NO,NO,1
24125,90341,90342,2020,0,0,-0.254185,-78.522851,PICHINCHA,QUITO,QUITO,URBANA,2020-09-26,17:20:00,17,SABADO,6,SEPTIEMBRE,9,NO,"CONDUCE BAJO LA INFLUENCIA DE ALCOHOL, SUSTANCIAS ESTUPEFACIENTES O PSICOTROPICAS Y/O MEDICAMENTOS.",COLISION,AUTOMOVIL,3,0,0,0,0,0,0,0,0,0,0,0,0,3,32,HOMBRE,ILESO,CONDUCTOR PRESENTE,NO,NO,1
24126,90344,90345,2020,0,0,-0.123722,-78.485722,PICHINCHA,QUITO,QUITO,URBANA,2020-09-26,17:45:00,17,SABADO,6,SEPTIEMBRE,9,NO,"CONDUCE BAJO LA INFLUENCIA DE ALCOHOL, SUSTANCIAS ESTUPEFACIENTES O PSICOTROPICAS Y/O MEDICAMENTOS.",CHOQUE FRONTAL,AUTOMOVIL,2,0,0,0,0,0,0,0,0,0,0,0,0,2,56,HOMBRE,ILESO,CONDUCTOR PRESENTE,NO,NO,1
24127,90346,90347,2020,2,0,-0.459693,-78.758763,PICHINCHA,MEJIA,MANUEL CORNEJO ASTORGA,RURAL,2020-09-26,18:30:00,18,SABADO,6,SEPTIEMBRE,9,NO,"NO RESPETAR LAS SENIALES REGLAMENTARIAS DE TRANSITO. (PARE, CEDA EL PASO, LUZ ROJA DEL SEMAFORO, ETC).",CHOQUE LATERAL,CAMIONETA,0,0,0,0,1,0,0,0,0,0,0,0,0,1,-1,NO IDENTIFICADO,LESIONADO,CONDUCTOR PRESENTE,NO,NO,3
24128,90351,90352,2020,0,1,-0.355609,-78.548711,PICHINCHA,QUITO,QUITO,URBANA,2020-09-26,19:50:00,19,SABADO,6,SEPTIEMBRE,9,NO,NO TRANSITAR POR LAS ACERAS O ZONAS DE SEGURIDAD DESTINADAS PARA EL EFECTO.,ATROPELLOS,AUTOMOVIL,1,0,0,0,0,0,0,0,0,0,0,0,0,1,45,HOMBRE,FALLECIDO,PASAJERO,NO,NO,1
24129,90353,90354,2020,1,0,-0.234151,-78.482614,PICHINCHA,QUITO,QUITO,URBANA,2020-09-26,20:00:00,20,SABADO,6,SEPTIEMBRE,9,NO,"PEATON TRANSITA BAJO INFLUENCIA DE ALCOHOL, SUSTANCIAS ESTUPEFACIENTES O PSICOTROPICAS Y/O MEDICAMENTOS.",OTROS,MOTOCICLETA,0,0,0,0,0,0,0,0,1,1,0,0,0,2,41,HOMBRE,LESIONADO,CONDUCTOR PRESENTE,NO,NO,1
24130,90354,90355,2020,0,0,-0.333121,-78.554193,PICHINCHA,QUITO,QUITO,URBANA,2020-09-26,20:06:00,20,SABADO,6,SEPTIEMBRE,9,NO,CONDUCIR VEHICULO SUPERANDO LOS LIMITES MAXIMOS DE VELOCIDAD.,OTROS,NO IDENTIFICADO,0,0,0,0,0,0,0,0,0,1,0,0,0,1,-1,NO IDENTIFICADO,NO IDENTIFICADO,CONDUCTOR AUSENTE,NO,NO,2
24131,90359,90360,2020,0,0,-0.243253,-78.519874,PICHINCHA,QUITO,QUITO,URBANA,2020-09-26,21:08:00,21,SABADO,6,SEPTIEMBRE,9,NO,"CONDUCE BAJO LA INFLUENCIA DE ALCOHOL, SUSTANCIAS ESTUPEFACIENTES O PSICOTROPICAS Y/O MEDICAMENTOS.",CHOQUE POSTERIOR,AUTOMOVIL,2,0,0,0,0,0,0,0,0,0,0,0,0,2,27,HOMBRE,ILESO,CONDUCTOR PRESENTE,NO,NO,1
24132,90362,90363,2020,1,0,-0.092991,-78.408864,PICHINCHA,QUITO,CALDERON (CARAPUNGO),RURAL,2020-09-26,22:00:00,22,SABADO,6,SEPTIEMBRE,9,NO,"CONDUCIR DESATENTO A LAS CONDICIONES DE TRANSITO (CELULAR, PANTALLAS DE VIDEO, COMIDA, MAQUILLAJE O CUALQUIER OTRO ELEMENTO DISTRACTOR).",CHOQUE POSTERIOR,CAMIONETA,1,0,0,0,1,0,0,0,0,0,0,0,0,2,4,HOMBRE,LESIONADO,PASAJERO,NO,SI,3
24133,90364,90365,2020,0,0,-0.444561,-78.764496,PICHINCHA,MEJIA,MANUEL CORNEJO ASTORGA,RURAL,2020-09-26,22:35:00,22,SABADO,6,SEPTIEMBRE,9,NO,"CONDUCIR DESATENTO A LAS CONDICIONES DE TRANSITO (CELULAR, PANTALLAS DE VIDEO, COMIDA, MAQUILLAJE O CUALQUIER OTRO ELEMENTO DISTRACTOR).",PERDIDA DE PISTA,CAMION,0,0,0,1,0,0,0,0,0,0,0,0,0,1,-1,HOMBRE,ILESO,CONDUCTOR PRESENTE,NO,NO,3
24134,90374,90375,2020,1,1,-0.094355,-78.497618,PICHINCHA,QUITO,QUITO,URBANA,2020-09-27,01:20:00,1,DOMINGO,7,SEPTIEMBRE,9,NO,"CONDUCE BAJO LA INFLUENCIA DE ALCOHOL, SUSTANCIAS ESTUPEFACIENTES O PSICOTROPICAS Y/O MEDICAMENTOS.",ESTRELLAMIENTOS,AUTOMOVIL,1,0,0,0,0,0,0,0,0,0,0,0,0,1,25,MUJER,FALLECIDO,PASAJERO,NO,NO,1
24135,90380,90381,2020,1,0,-0.049845,-78.448321,PICHINCHA,QUITO,POMASQUI,RURAL,2020-09-27,02:50:00,2,DOMINGO,7,SEPTIEMBRE,9,NO,CONDUCIR VEHICULO SUPERANDO LOS LIMITES MAXIMOS DE VELOCIDAD.,ESTRELLAMIENTOS,FURGONETA,0,0,0,0,0,0,0,1,0,0,0,0,0,1,37,HOMBRE,LESIONADO,PASAJERO,NO,NO,3
24136,90382,90383,2020,0,0,-0.223964,-78.521132,PICHINCHA,QUITO,QUITO,URBANA,2020-09-27,03:20:00,3,DOMINGO,7,SEPTIEMBRE,9,NO,CONDUCIR VEHICULO SUPERANDO LOS LIMITES MAXIMOS DE VELOCIDAD.,ESTRELLAMIENTOS,AUTOMOVIL,1,0,0,0,0,0,0,0,0,0,0,0,0,1,-1,NO IDENTIFICADO,NO IDENTIFICADO,CONDUCTOR AUSENTE,NO,NO,2
24137,90385,90386,2020,0,1,-0.084163,-78.418921,PICHINCHA,QUITO,CALDERON (CARAPUNGO),RURAL,2020-09-27,04:15:00,4,DOMINGO,7,SEPTIEMBRE,9,NO,NO CEDER EL DERECHO DE VIA O PREFERENCIA DE PASO AL PEATON.,ATROPELLOS,NO IDENTIFICADO,0,0,0,0,0,0,0,0,0,1,0,0,0,1,27,MUJER,FALLECIDO,PEATON,NO,NO,3
24138,90390,90391,2020,1,0,-0.358218,-78.469391,PICHINCHA,RUMINIAHUI,SANGOLQUI,URBANA,2020-09-27,05:10:00,5,DOMINGO,7,SEPTIEMBRE,9,NO,"CONDUCIR DESATENTO A LAS CONDICIONES DE TRANSITO (CELULAR, PANTALLAS DE VIDEO, COMIDA, MAQUILLAJE O CUALQUIER OTRO ELEMENTO DISTRACTOR).",PERDIDA DE CARRIL,MOTOCICLETA,0,0,0,0,0,0,0,0,1,0,0,0,0,1,36,HOMBRE,LESIONADO,CONDUCTOR PRESENTE,NO,SI,1
24139,90393,90394,2020,1,0,-0.119364,-78.352895,PICHINCHA,QUITO,TABABELA,RURAL,2020-09-27,07:30:00,7,DOMINGO,7,SEPTIEMBRE,9,NO,"NO RESPETAR LAS SENIALES REGLAMENTARIAS DE TRANSITO. (PARE, CEDA EL PASO, LUZ ROJA DEL SEMAFORO, ETC).",CHOQUE LATERAL,MOTOCICLETA,0,0,0,0,1,0,0,0,1,0,0,0,0,2,27,HOMBRE,LESIONADO,CONDUCTOR PRESENTE,NO,NO,3
24140,90402,90403,2020,1,0,-0.098984,-78.482001,PICHINCHA,QUITO,QUITO,URBANA,2020-09-27,10:20:00,10,DOMINGO,7,SEPTIEMBRE,9,NO,DANIOS MECANICOS PREVISIBLES.,ESTRELLAMIENTOS,AUTOMOVIL,1,0,0,0,0,0,0,0,0,0,0,0,0,1,49,MUJER,LESIONADO,CONDUCTOR PRESENTE,NO,NO,1
24141,90404,90405,2020,0,0,-0.258161,-78.520615,PICHINCHA,QUITO,QUITO,URBANA,2020-09-27,10:52:00,10,DOMINGO,7,SEPTIEMBRE,9,NO,"CONDUCE BAJO LA INFLUENCIA DE ALCOHOL, SUSTANCIAS ESTUPEFACIENTES O PSICOTROPICAS Y/O MEDICAMENTOS.",CHOQUE LATERAL,AUTOMOVIL,1,1,0,0,0,0,0,0,0,0,0,0,0,2,16,HOMBRE,ILESO,CONDUCTOR PRESENTE,NO,NO,1
24142,90405,90406,2020,1,1,-0.075056,-78.467639,PICHINCHA,QUITO,QUITO,RURAL,2020-09-27,11:00:00,11,DOMINGO,7,SEPTIEMBRE,9,NO,CONDUCIR VEHICULO SUPERANDO LOS LIMITES MAXIMOS DE VELOCIDAD.,ESTRELLAMIENTOS,MOTOCICLETA,0,0,0,0,0,0,0,0,1,0,0,0,0,1,45,HOMBRE,FALLECIDO,CONDUCTOR PRESENTE,NO,NO,3
24143,90406,90407,2020,1,0,-0.258161,-78.520615,PICHINCHA,QUITO,QUITO,URBANA,2020-09-27,11:00:00,11,DOMINGO,7,SEPTIEMBRE,9,NO,"CONDUCE BAJO LA INFLUENCIA DE ALCOHOL, SUSTANCIAS ESTUPEFACIENTES O PSICOTROPICAS Y/O MEDICAMENTOS.",ATROPELLOS,BICICLETA,1,1,0,0,0,0,0,0,0,0,0,0,0,2,38,HOMBRE,LESIONADO,PEATON,NO,NO,1
24144,90410,90411,2020,0,0,-0.303766,-78.542681,PICHINCHA,QUITO,QUITO,URBANA,2020-09-27,12:20:00,12,DOMINGO,7,SEPTIEMBRE,9,NO,"CONDUCE BAJO LA INFLUENCIA DE ALCOHOL, SUSTANCIAS ESTUPEFACIENTES O PSICOTROPICAS Y/O MEDICAMENTOS.",CHOQUE POSTERIOR,BUS,0,0,1,0,1,0,0,0,0,0,0,0,0,2,44,HOMBRE,ILESO,CONDUCTOR PRESENTE,NO,NO,1
24145,90416,90417,2020,0,0,-0.269084,-78.274919,PICHINCHA,QUITO,PIFO,URBANA,2020-09-27,13:30:00,13,DOMINGO,7,SEPTIEMBRE,9,NO,"CONDUCIR DESATENTO A LAS CONDICIONES DE TRANSITO (CELULAR, PANTALLAS DE VIDEO, COMIDA, MAQUILLAJE O CUALQUIER OTRO ELEMENTO DISTRACTOR).",COLISION,AUTOMOVIL,1,0,0,0,0,0,0,0,0,0,0,0,2,3,55,HOMBRE,ILESO,PASAJERO,NO,SI,1
24146,90418,90419,2020,0,0,-0.159645,-78.470735,PICHINCHA,QUITO,QUITO,URBANA,2020-09-27,14:00:00,14,DOMINGO,7,SEPTIEMBRE,9,NO,"NO RESPETAR LAS SENIALES REGLAMENTARIAS DE TRANSITO. (PARE, CEDA EL PASO, LUZ ROJA DEL SEMAFORO, ETC).",CHOQUE LATERAL,AUTOMOVIL,2,0,0,0,0,0,0,0,0,0,0,0,0,2,26,HOMBRE,ILESO,CONDUCTOR PRESENTE,NO,NO,1
24147,90422,90423,2020,0,0,-0.267689,-78.507236,PICHINCHA,QUITO,QUITO,URBANA,2020-09-27,14:40:00,14,DOMINGO,7,SEPTIEMBRE,9,NO,"CONDICIONES AMBIENTALES Y/O ATMOSFERICAS (NIEBLA, NEBLINA, GRANIZO, LLUVIA).",CHOQUE LATERAL,AUTOMOVIL,1,0,0,0,0,0,0,0,0,0,0,0,0,1,14,MUJER,ILESO,PASAJERO,NO,NO,1
24148,90427,90428,2020,2,0,-0.357646,-78.492364,PICHINCHA,QUITO,AMAGUANIA,RURAL,2020-09-27,15:20:00,15,DOMINGO,7,SEPTIEMBRE,9,NO,CONDUCIR VEHICULO SUPERANDO LOS LIMITES MAXIMOS DE VELOCIDAD.,PERDIDA DE CARRIL,NO IDENTIFICADO,0,0,0,0,0,0,0,0,0,1,0,0,0,1,24,HOMBRE,LESIONADO,PASAJERO,NO,NO,3
24149,90435,90436,2020,0,0,-0.328831,-78.560625,PICHINCHA,QUITO,QUITO,URBANA,2020-09-27,18:30:00,18,DOMINGO,7,SEPTIEMBRE,9,NO,"CONDUCE BAJO LA INFLUENCIA DE ALCOHOL, SUSTANCIAS ESTUPEFACIENTES O PSICOTROPICAS Y/O MEDICAMENTOS.",CHOQUE POSTERIOR,AUTOMOVIL,2,0,0,0,0,0,0,0,0,0,0,0,0,2,33,HOMBRE,ILESO,CONDUCTOR PRESENTE,NO,NO,1
24150,90447,90448,2020,0,1,-0.110751,-78.293841,PICHINCHA,QUITO,EL QUINCHE,RURAL,2020-09-27,20:15:00,20,DOMINGO,7,SEPTIEMBRE,9,NO,CONDUCIR VEHICULO SUPERANDO LOS LIMITES MAXIMOS DE VELOCIDAD.,ESTRELLAMIENTOS,AUTOMOVIL,1,0,0,0,0,0,0,0,0,0,0,0,0,1,66,HOMBRE,FALLECIDO,CONDUCTOR PRESENTE,NO,NO,3
24151,90448,90449,2020,0,0,-0.304714,-78.416503,PICHINCHA,QUITO,ALANGASI,RURAL,2020-09-27,20:45:00,20,DOMINGO,7,SEPTIEMBRE,9,NO,CONDUCIR VEHICULO SUPERANDO LOS LIMITES MAXIMOS DE VELOCIDAD.,PERDIDA DE CARRIL,MOTOCICLETA,0,0,0,0,0,0,0,0,1,0,0,0,0,1,-1,NO IDENTIFICADO,NO IDENTIFICADO,CONDUCTOR AUSENTE,NO,NO,2
24152,90449,90450,2020,1,0,-0.218482,-78.521535,PICHINCHA,QUITO,QUITO,URBANA,2020-09-27,21:03:00,21,DOMINGO,7,SEPTIEMBRE,9,NO,CONDUCIR VEHICULO SUPERANDO LOS LIMITES MAXIMOS DE VELOCIDAD.,CHOQUE LATERAL,MOTOCICLETA,0,0,0,0,0,0,0,0,1,1,0,0,0,2,26,HOMBRE,LESIONADO,CONDUCTOR PRESENTE,NO,NO,1
24153,90452,90453,2020,1,0,-0.096164,-78.468848,PICHINCHA,QUITO,QUITO,URBANA,2020-09-27,22:50:00,22,DOMINGO,7,SEPTIEMBRE,9,NO,"FALLA MECANICA EN LOS SISTEMAS Y/O NEUMATICOS (SISTEMA DE FRENOS, DIRECCION, ELECTRONICO O MECANICO).",ESTRELLAMIENTOS,AUTOMOVIL,3,0,0,1,0,0,0,0,0,0,0,0,0,4,40,MUJER,LESIONADO,PASAJERO,NO,NO,1
24154,90457,90458,2020,0,0,-0.247731,-78.518048,PICHINCHA,QUITO,QUITO,URBANA,2020-09-28,00:10:00,0,LUNES,1,SEPTIEMBRE,9,NO,"CONDICIONES AMBIENTALES Y/O ATMOSFERICAS (NIEBLA, NEBLINA, GRANIZO, LLUVIA).",CHOQUE POSTERIOR,AUTOMOVIL,1,0,0,0,0,0,0,0,0,0,0,0,0,1,53,HOMBRE,ILESO,CONDUCTOR PRESENTE,NO,NO,1
24155,90462,90463,2020,2,0,-0.113663,-78.474506,PICHINCHA,QUITO,QUITO,URBANA,2020-09-28,08:12:00,8,LUNES,1,SEPTIEMBRE,9,NO,"NO RESPETAR LAS SENIALES REGLAMENTARIAS DE TRANSITO. (PARE, CEDA EL PASO, LUZ ROJA DEL SEMAFORO, ETC).",CHOQUE LATERAL,BUS,0,0,1,0,0,0,0,0,0,0,0,0,0,1,37,MUJER,LESIONADO,PASAJERO,NO,NO,1
24156,90464,90465,2020,1,0,-0.328489,-78.549246,PICHINCHA,QUITO,QUITO,URBANA,2020-09-28,08:35:00,8,LUNES,1,SEPTIEMBRE,9,NO,CONDUCIR VEHICULO SUPERANDO LOS LIMITES MAXIMOS DE VELOCIDAD.,ESTRELLAMIENTOS,MOTOCICLETA,1,0,0,0,0,0,0,0,1,0,0,0,0,2,24,HOMBRE,LESIONADO,CONDUCTOR PRESENTE,NO,NO,1
24157,90466,90467,2020,0,0,-0.293321,-78.400047,PICHINCHA,QUITO,LA MERCED,RURAL,2020-09-28,09:20:00,9,LUNES,1,SEPTIEMBRE,9,NO,"FALLA MECANICA EN LOS SISTEMAS Y/O NEUMATICOS (SISTEMA DE FRENOS, DIRECCION, ELECTRONICO O MECANICO).",ESTRELLAMIENTOS,AUTOMOVIL,3,0,0,0,1,0,0,0,0,0,0,0,0,4,47,HOMBRE,ILESO,CONDUCTOR PRESENTE,NO,NO,3
24158,90483,90484,2020,0,0,-0.229464,-78.522935,PICHINCHA,QUITO,QUITO,URBANA,2020-09-28,16:00:00,16,LUNES,1,SEPTIEMBRE,9,NO,"CONDICIONES AMBIENTALES Y/O ATMOSFERICAS (NIEBLA, NEBLINA, GRANIZO, LLUVIA).",ESTRELLAMIENTOS,FURGONETA,0,0,0,0,0,0,0,1,1,0,0,0,0,2,57,HOMBRE,ILESO,CONDUCTOR PRESENTE,NO,NO,1
24159,90488,90489,2020,0,0,-0.102789,-78.481093,PICHINCHA,QUITO,QUITO,URBANA,2020-09-28,17:35:00,17,LUNES,1,SEPTIEMBRE,9,NO,NO CEDER EL DERECHO DE VIA O PREFERENCIA DE PASO A VEHICULOS.,CHOQUE LATERAL,CAMION,0,0,0,1,0,0,0,0,0,0,0,0,0,1,63,HOMBRE,ILESO,CONDUCTOR PRESENTE,NO,NO,1
24160,90495,90496,2020,0,0,-0.295631,-78.525132,PICHINCHA,QUITO,QUITO,URBANA,2020-09-28,20:45:00,20,LUNES,1,SEPTIEMBRE,9,NO,"CONDICIONES AMBIENTALES Y/O ATMOSFERICAS (NIEBLA, NEBLINA, GRANIZO, LLUVIA).",OTROS,AUTOMOVIL,2,0,0,0,0,0,0,0,1,0,0,0,0,3,38,HOMBRE,ILESO,CONDUCTOR PRESENTE,NO,NO,1
24161,90505,90506,2020,2,0,-0.203424,-78.482884,PICHINCHA,QUITO,QUITO,URBANA,2020-09-29,07:15:00,7,MARTES,2,SEPTIEMBRE,9,NO,NO CEDER EL DERECHO DE VIA O PREFERENCIA DE PASO A VEHICULOS.,CHOQUE LATERAL,AUTOMOVIL,2,0,0,0,0,0,0,0,0,0,0,0,0,2,32,MUJER,LESIONADO,PASAJERO,NO,NO,1
24162,90511,90512,2020,0,0,-0.190292,-78.494432,PICHINCHA,QUITO,QUITO,URBANA,2020-09-29,13:20:00,13,MARTES,2,SEPTIEMBRE,9,NO,"NO RESPETAR LAS SENIALES REGLAMENTARIAS DE TRANSITO. (PARE, CEDA EL PASO, LUZ ROJA DEL SEMAFORO, ETC).",CHOQUE LATERAL,AUTOMOVIL,1,0,0,0,1,0,0,0,0,0,0,0,0,2,36,MUJER,ILESO,PASAJERO,NO,NO,1
24163,90512,90513,2020,0,0,-0.294436,-78.475213,PICHINCHA,QUITO,CONOCOTO,RURAL,2020-09-29,13:25:00,13,MARTES,2,SEPTIEMBRE,9,NO,NO CEDER EL DERECHO DE VIA O PREFERENCIA DE PASO A VEHICULOS.,CHOQUE LATERAL,MOTOCICLETA,0,0,0,0,0,0,0,0,2,0,0,0,0,2,64,MUJER,ILESO,CONDUCTOR PRESENTE,NO,NO,3
24164,90518,90519,2020,1,0,-0.169297,-78.476251,PICHINCHA,QUITO,QUITO,URBANA,2020-09-29,15:43:00,15,MARTES,2,SEPTIEMBRE,9,NO,"PRESENCIA DE AGENTES EXTERNOS EN LA VIA (AGUA, ACEITE, PIEDRA, LASTRE, ESCOMBROS, MADEROS, ETC.).",PERDIDA DE CARRIL,AUTOMOVIL,2,0,0,0,0,0,0,0,0,0,0,0,0,2,19,HOMBRE,LESIONADO,CONDUCTOR PRESENTE,NO,NO,1
24165,90526,90527,2020,1,0,-0.287778,-78.491251,PICHINCHA,QUITO,CONOCOTO,RURAL,2020-09-29,18:10:00,18,MARTES,2,SEPTIEMBRE,9,NO,"CONDICIONES AMBIENTALES Y/O ATMOSFERICAS (NIEBLA, NEBLINA, GRANIZO, LLUVIA).",ATROPELLOS,NO IDENTIFICADO,0,0,0,0,0,0,0,0,0,1,0,0,0,1,58,HOMBRE,LESIONADO,PEATON,NO,NO,3
24166,90530,90531,2020,6,0,-0.438834,-78.775045,PICHINCHA,MEJIA,MANUEL CORNEJO ASTORGA,RURAL,2020-09-29,19:45:00,19,MARTES,2,SEPTIEMBRE,9,NO,"CONDUCIR DESATENTO A LAS CONDICIONES DE TRANSITO (CELULAR, PANTALLAS DE VIDEO, COMIDA, MAQUILLAJE O CUALQUIER OTRO ELEMENTO DISTRACTOR).",PERDIDA DE PISTA,CAMION,0,0,0,2,1,0,0,0,0,0,0,0,0,3,-1,HOMBRE,LESIONADO,PASAJERO,NO,NO,3
24167,90532,90533,2020,0,0,-0.090945,-78.476083,PICHINCHA,QUITO,QUITO,URBANA,2020-09-29,20:40:00,20,MARTES,2,SEPTIEMBRE,9,NO,NO CEDER EL DERECHO DE VIA O PREFERENCIA DE PASO A VEHICULOS.,CHOQUE LATERAL,BICICLETA,0,1,0,0,0,0,0,0,0,0,0,0,0,1,66,HOMBRE,ILESO,CONDUCTOR PRESENTE,NO,NO,1
24168,90534,90535,2020,1,0,-0.105624,-78.484021,PICHINCHA,QUITO,QUITO,URBANA,2020-09-29,21:05:00,21,MARTES,2,SEPTIEMBRE,9,NO,"CONDUCE BAJO LA INFLUENCIA DE ALCOHOL, SUSTANCIAS ESTUPEFACIENTES O PSICOTROPICAS Y/O MEDICAMENTOS.",ROZAMIENTOS,CAMIONETA,0,0,0,0,2,0,0,0,0,0,0,0,0,2,27,MUJER,LESIONADO,PASAJERO,NO,NO,1
24169,90544,90545,2020,1,0,-0.207689,-78.507236,PICHINCHA,QUITO,QUITO,URBANA,2020-09-30,08:15:00,8,MIERCOLES,3,SEPTIEMBRE,9,NO,"NO RESPETAR LAS SENIALES REGLAMENTARIAS DE TRANSITO. (PARE, CEDA EL PASO, LUZ ROJA DEL SEMAFORO, ETC).",CHOQUE LATERAL,AUTOMOVIL,2,0,0,0,0,0,0,0,0,0,0,0,0,2,37,HOMBRE,LESIONADO,CONDUCTOR PRESENTE,NO,NO,1
24170,90555,90556,2020,0,0,-0.185623,-78.343085,PICHINCHA,QUITO,TABABELA,RURAL,2020-09-30,13:45:00,13,MIERCOLES,3,SEPTIEMBRE,9,NO,CONDUCIR VEHICULO SUPERANDO LOS LIMITES MAXIMOS DE VELOCIDAD.,COLISION,MOTOCICLETA,1,0,0,0,0,0,0,0,1,0,0,0,0,2,28,HOMBRE,ILESO,CONDUCTOR PRESENTE,NO,NO,3
24171,90565,90566,2020,0,0,-0.293169,-78.544599,PICHINCHA,QUITO,QUITO,URBANA,2020-09-30,16:15:00,16,MIERCOLES,3,SEPTIEMBRE,9,NO,CONDUCIR VEHICULO SUPERANDO LOS LIMITES MAXIMOS DE VELOCIDAD.,ESTRELLAMIENTOS,AUTOMOVIL,2,0,0,0,0,0,0,0,0,0,0,0,0,2,21,HOMBRE,ILESO,CONDUCTOR PRESENTE,NO,NO,1
24172,90579,90580,2020,0,0,-0.233639,-78.484997,PICHINCHA,QUITO,QUITO,URBANA,2020-09-30,21:20:00,21,MIERCOLES,3,SEPTIEMBRE,9,NO,NO CEDER EL DERECHO DE VIA O PREFERENCIA DE PASO A VEHICULOS.,CHOQUE LATERAL,AUTOMOVIL,2,0,0,0,0,0,0,0,0,0,0,0,0,2,46,MUJER,ILESO,CONDUCTOR PRESENTE,NO,NO,1
24173,90583,90584,2020,0,0,-0.217981,-78.492621,PICHINCHA,QUITO,QUITO,URBANA,2020-10-01,02:05:00,2,JUEVES,4,OCTUBRE,10,NO,"NO RESPETAR LAS SENIALES REGLAMENTARIAS DE TRANSITO. (PARE, CEDA EL PASO, LUZ ROJA DEL SEMAFORO, ETC).",ESTRELLAMIENTOS,AUTOMOVIL,1,0,0,0,0,0,0,0,0,0,0,0,0,1,-1,NO IDENTIFICADO,NO IDENTIFICADO,CONDUCTOR AUSENTE,NO,NO,2