,Unnamed: 0,ID,ANIO,LESIONADOS,FALLECIDOS,LATITUD_Y,LONGITUD_X,PROVINCIA,CANTON,PARROQUIA,ZONA,FECHA,HORA,PERIODO_2,DIA_1,DIA_2,MES_1,MES_2,FERIADO,CAUSA_PROBABLE,TIPO_DE_SINIESTRO,TIPO_DE_VEHICULO_1,AUTOMOVIL,BICICLETA,BUS,CAMION,CAMIONETA,EMERGENCIAS,ESPECIAL,FURGONETA,MOTOCICLETA,NO_IDENTIFICADO,SCOOTER_ELECTRICO,TRICIMOTO,VEHICULO_DEPORTIVO_UTILITARIO,SUMA_DE_VEHICULOS,EDAD_1,SEXO_1,CONDICION_1,PARTICIPANTE_1,CASCO_1,CINTURON_1,KMeans_Cluster
24288,91169,91170,2020,0,0,-0.033731,-78.446066,PICHINCHA,QUITO,POMASQUI,RURAL,2020-10-10,21:00:00,21,SABADO,6,OCTUBRE,10,SI,"CONDUCE BAJO LA INFLUENCIA DE ALCOHOL, SUSTANCIAS ESTUPEFACIENTES O PSICOTROPICAS Y/O MEDICAMENTOS.",CHOQUE POSTERIOR,AUTOMOVIL,2,0,0,0,0,0,0,0,0,0,0,0,0,2,29,HOMBRE,ILESO,CONDUCTOR PRESENTE,NO,NO,3
24289,91173,91174,2020,1,0,-0.280701,-78.557872,PICHINCHA,QUITO,QUITO,URBANA,2020-10-10,21:40:00,21,SABADO,6,OCTUBRE,10,SI,"CONDUCE BAJO LA INFLUENCIA DE ALCOHOL, SUSTANCIAS ESTUPEFACIENTES O PSICOTROPICAS Y/O MEDICAMENTOS.",CHOQUE FRONTAL,AUTOMOVIL,1,0,0,1,0,0,0,0,0,0,0,0,0,2,43,HOMBRE,LESIONADO,CONDUCTOR PRESENTE,NO,NO,1
24290,91185,91186,2020,0,1,-0.239928,-78.492526,PICHINCHA,QUITO,QUITO,URBANA,2020-10-10,06:30:00,6,SABADO,6,OCTUBRE,10,SI,CONDUCIR VEHICULO SUPERANDO LOS LIMITES MAXIMOS DE VELOCIDAD.,PERDIDA DE CARRIL,MOTOCICLETA,0,0,0,0,0,0,0,0,1,0,0,0,0,1,30,HOMBRE,FALLECIDO,CONDUCTOR PRESENTE,NO,NO,1
24291,91187,91188,2020,3,0,0.135409,-78.487619,PICHINCHA,QUITO,SAN JOSE DE MINAS,URBANA,2020-10-10,08:10:00,8,SABADO,6,OCTUBRE,10,SI,"CONDUCE BAJO LA INFLUENCIA DE ALCOHOL, SUSTANCIAS ESTUPEFACIENTES O PSICOTROPICAS Y/O MEDICAMENTOS.",OTROS,AUTOMOVIL,2,0,0,0,1,0,0,0,0,0,0,0,0,3,41,MUJER,LESIONADO,PASAJERO,NO,NO,1
24292,91203,91204,2020,0,0,-0.280955,-78.548788,PICHINCHA,QUITO,QUITO,URBANA,2020-10-11,04:20:00,4,DOMINGO,7,OCTUBRE,10,SI,CONDUCIR VEHICULO SUPERANDO LOS LIMITES MAXIMOS DE VELOCIDAD.,ESTRELLAMIENTOS,AUTOMOVIL,1,0,0,0,0,0,0,0,0,0,0,0,0,1,-1,NO IDENTIFICADO,NO IDENTIFICADO,CONDUCTOR AUSENTE,NO,NO,2
24293,91205,91206,2020,1,0,-0.100481,-78.470028,PICHINCHA,QUITO,QUITO,URBANA,2020-10-11,05:00:00,5,DOMINGO,7,OCTUBRE,10,SI,NO MANTENER LA DISTANCIA PRUDENCIAL CON RESPECTO AL VEHICULO QUE LE ANTECEDE.,CHOQUE POSTERIOR,MOTOCICLETA,0,0,0,0,0,0,0,0,1,1,0,0,0,2,29,HOMBRE,LESIONADO,PASAJERO,NO,NO,1
24294,91210,91211,2020,1,0,-0.270285,-78.488606,PICHINCHA,QUITO,CONOCOTO,URBANA,2020-10-11,07:00:00,7,DOMINGO,7,OCTUBRE,10,SI,"CONDUCIR DESATENTO A LAS CONDICIONES DE TRANSITO (CELULAR, PANTALLAS DE VIDEO, COMIDA, MAQUILLAJE O CUALQUIER OTRO ELEMENTO DISTRACTOR).",PERDIDA DE CARRIL,AUTOMOVIL,1,0,0,0,0,0,0,0,0,0,0,0,0,1,32,HOMBRE,LESIONADO,CONDUCTOR PRESENTE,NO,SI,1
24295,91211,91212,2020,1,0,-0.380563,-78.552219,PICHINCHA,MEJIA,CUTUGLAHUA,RURAL,2020-10-11,07:25:00,7,DOMINGO,7,OCTUBRE,10,SI,"CONDUCIR DESATENTO A LAS CONDICIONES DE TRANSITO (CELULAR, PANTALLAS DE VIDEO, COMIDA, MAQUILLAJE O CUALQUIER OTRO ELEMENTO DISTRACTOR).",CHOQUE FRONTAL,VEHICULO DEPORTIVO UTILITARIO,1,0,0,0,0,0,0,0,0,0,0,0,1,2,-1,HOMBRE,LESIONADO,CONDUCTOR PRESENTE,NO,SI,3
24296,91237,91238,2020,1,0,-0.310589,-78.546306,PICHINCHA,QUITO,QUITO,URBANA,2020-10-11,14:25:00,14,DOMINGO,7,OCTUBRE,10,SI,"CONDUCE BAJO LA INFLUENCIA DE ALCOHOL, SUSTANCIAS ESTUPEFACIENTES O PSICOTROPICAS Y/O MEDICAMENTOS.",CHOQUE LATERAL,BICICLETA,1,1,0,0,0,0,0,0,0,0,0,0,0,2,23,HOMBRE,LESIONADO,CONDUCTOR PRESENTE,NO,NO,1
24297,91245,91246,2020,0,0,-0.198599,-78.498546,PICHINCHA,QUITO,QUITO,URBANA,2020-10-11,16:35:00,16,DOMINGO,7,OCTUBRE,10,SI,"NO RESPETAR LAS SENIALES REGLAMENTARIAS DE TRANSITO. (PARE, CEDA EL PASO, LUZ ROJA DEL SEMAFORO, ETC).",CHOQUE LATERAL,AUTOMOVIL,2,0,0,0,0,0,0,0,0,0,0,0,0,2,37,HOMBRE,ILESO,CONDUCTOR PRESENTE,NO,NO,1
24298,91273,91274,2020,1,0,-0.224455,-78.337201,PICHINCHA,QUITO,PIFO,RURAL,2020-10-11,21:16:00,21,DOMINGO,7,OCTUBRE,10,SI,"PRESENCIA DE AGENTES EXTERNOS EN LA VIA (AGUA, ACEITE, PIEDRA, LASTRE, ESCOMBROS, MADEROS, ETC.).",PERDIDA DE CARRIL,MOTOCICLETA,0,0,0,0,0,0,0,0,1,0,0,0,0,1,53,HOMBRE,LESIONADO,CONDUCTOR PRESENTE,NO,NO,3
24299,91278,91279,2020,0,0,-0.254328,-78.553523,PICHINCHA,QUITO,QUITO,URBANA,2020-10-11,23:00:00,23,DOMINGO,7,OCTUBRE,10,SI,CONDUCIR VEHICULO SUPERANDO LOS LIMITES MAXIMOS DE VELOCIDAD.,ESTRELLAMIENTOS,AUTOMOVIL,1,0,0,0,0,0,0,0,0,0,0,0,0,1,-1,NO IDENTIFICADO,NO IDENTIFICADO,CONDUCTOR AUSENTE,NO,NO,2
24300,91282,91283,2020,0,0,-0.273323,-78.538385,PICHINCHA,QUITO,QUITO,URBANA,2020-10-12,01:50:00,1,LUNES,1,OCTUBRE,10,NO,REALIZAR CAMBIO BRUSCO O INDEBIDO DE CARRIL.,PERDIDA DE CARRIL,AUTOMOVIL,1,0,0,0,0,0,0,0,0,0,0,0,0,1,26,HOMBRE,ILESO,PASAJERO,NO,NO,1
24301,91292,91293,2020,0,0,-0.172811,-78.496003,PICHINCHA,QUITO,QUITO,URBANA,2020-10-12,07:45:00,7,LUNES,1,OCTUBRE,10,NO,NO MANTENER LA DISTANCIA PRUDENCIAL CON RESPECTO AL VEHICULO QUE LE ANTECEDE.,CHOQUE LATERAL,AUTOMOVIL,3,0,0,0,0,0,0,0,0,0,0,0,0,3,36,HOMBRE,ILESO,CONDUCTOR PRESENTE,NO,NO,1
24302,91293,91294,2020,0,0,-0.333031,-78.543153,PICHINCHA,QUITO,QUITO,URBANA,2020-10-12,07:50:00,7,LUNES,1,OCTUBRE,10,NO,"NO RESPETAR LAS SENIALES REGLAMENTARIAS DE TRANSITO. (PARE, CEDA EL PASO, LUZ ROJA DEL SEMAFORO, ETC).",CHOQUE LATERAL,CAMIONETA,1,0,0,0,1,0,0,0,0,0,0,0,0,2,43,HOMBRE,ILESO,CONDUCTOR PRESENTE,NO,NO,1
24303,91300,91301,2020,1,0,-0.091585,-78.439052,PICHINCHA,QUITO,CALDERON (CARAPUNGO),RURAL,2020-10-12,10:17:00,10,LUNES,1,OCTUBRE,10,NO,NO TRANSITAR POR LAS ACERAS O ZONAS DE SEGURIDAD DESTINADAS PARA EL EFECTO.,ATROPELLOS,AUTOMOVIL,1,0,0,0,0,0,0,0,0,0,0,0,0,1,23,MUJER,LESIONADO,PEATON,NO,NO,3
24304,91305,91306,2020,1,0,-0.308006,-78.559416,PICHINCHA,QUITO,QUITO,URBANA,2020-10-12,13:50:00,13,LUNES,1,OCTUBRE,10,NO,CONDUCIR VEHICULO SUPERANDO LOS LIMITES MAXIMOS DE VELOCIDAD.,ESTRELLAMIENTOS,CAMION,0,1,0,1,0,0,0,0,0,0,0,0,0,2,33,HOMBRE,LESIONADO,CONDUCTOR PRESENTE,NO,NO,1
24305,91321,91322,2020,1,0,-0.311518,-78.565012,PICHINCHA,QUITO,QUITO,URBANA,2020-10-12,19:00:00,19,LUNES,1,OCTUBRE,10,NO,NO CEDER EL DERECHO DE VIA O PREFERENCIA DE PASO AL PEATON.,ATROPELLOS,NO IDENTIFICADO,0,0,0,0,0,0,0,0,0,1,0,0,0,1,39,HOMBRE,LESIONADO,PEATON,NO,NO,1
24306,91333,91334,2020,0,0,-0.197826,-78.466466,PICHINCHA,QUITO,QUITO,RURAL,2020-10-13,04:55:00,4,MARTES,2,OCTUBRE,10,NO,CONDUCIR VEHICULO SUPERANDO LOS LIMITES MAXIMOS DE VELOCIDAD.,ESTRELLAMIENTOS,CAMION,0,0,0,1,0,0,0,0,0,0,0,0,0,1,33,HOMBRE,ILESO,CONDUCTOR PRESENTE,NO,NO,3
24307,91335,91336,2020,1,0,-0.100622,-78.472207,PICHINCHA,QUITO,QUITO,URBANA,2020-10-13,05:33:00,5,MARTES,2,OCTUBRE,10,NO,"NO RESPETAR LAS SENIALES REGLAMENTARIAS DE TRANSITO. (PARE, CEDA EL PASO, LUZ ROJA DEL SEMAFORO, ETC).",CHOQUE LATERAL,AUTOMOVIL,2,0,0,0,0,0,0,0,0,0,0,0,0,2,39,HOMBRE,LESIONADO,PASAJERO,NO,NO,1
24308,91339,91340,2020,0,0,0.0363,-78.669848,PICHINCHA,QUITO,NONO,RURAL,2020-10-13,07:33:00,7,MARTES,2,OCTUBRE,10,NO,"CONDUCIR DESATENTO A LAS CONDICIONES DE TRANSITO (CELULAR, PANTALLAS DE VIDEO, COMIDA, MAQUILLAJE O CUALQUIER OTRO ELEMENTO DISTRACTOR).",CHOQUE LATERAL,VEHICULO DEPORTIVO UTILITARIO,0,0,0,0,0,0,0,0,0,0,0,0,2,2,39,HOMBRE,ILESO,CONDUCTOR PRESENTE,NO,SI,3
24309,91340,91341,2020,2,0,-0.129369,-78.481353,PICHINCHA,QUITO,QUITO,URBANA,2020-10-13,07:50:00,7,MARTES,2,OCTUBRE,10,NO,"NO RESPETAR LAS SENIALES REGLAMENTARIAS DE TRANSITO. (PARE, CEDA EL PASO, LUZ ROJA DEL SEMAFORO, ETC).",CHOQUE POSTERIOR,AUTOMOVIL,1,0,0,0,0,0,0,0,1,0,0,0,0,2,27,MUJER,LESIONADO,CONDUCTOR PRESENTE,NO,NO,1
24310,91358,91359,2020,1,0,-0.239151,-78.526262,PICHINCHA,QUITO,QUITO,URBANA,2020-10-13,13:50:00,13,MARTES,2,OCTUBRE,10,NO,PEATON QUE CRUZA LA CALZADA SIN RESPETAR LA SENIALIZACION EXISTENTE (SEMAFOROS O SENIALES MANUALES).,ATROPELLOS,NO IDENTIFICADO,0,0,0,0,0,0,0,0,0,1,0,0,0,1,55,MUJER,LESIONADO,PEATON,NO,NO,1
24311,91362,91363,2020,1,0,-0.220265,-78.509501,PICHINCHA,QUITO,QUITO,URBANA,2020-10-13,14:30:00,14,MARTES,2,OCTUBRE,10,NO,PEATON QUE CRUZA LA CALZADA SIN RESPETAR LA SENIALIZACION EXISTENTE (SEMAFOROS O SENIALES MANUALES).,ARROLLAMIENTOS,BUS,0,0,1,0,0,0,0,0,0,0,0,0,0,1,3,HOMBRE,LESIONADO,PEATON,NO,NO,1
24312,91364,91365,2020,0,0,-0.261591,-78.530804,PICHINCHA,QUITO,QUITO,URBANA,2020-10-13,15:00:00,15,MARTES,2,OCTUBRE,10,NO,NO CEDER EL DERECHO DE VIA O PREFERENCIA DE PASO A VEHICULOS.,CHOQUE LATERAL,CAMIONETA,1,0,0,0,1,0,0,0,0,0,0,0,0,2,24,HOMBRE,ILESO,PASAJERO,NO,NO,1
24313,91368,91369,2020,1,0,-0.151448,-78.488849,PICHINCHA,QUITO,QUITO,URBANA,2020-10-13,17:00:00,17,MARTES,2,OCTUBRE,10,NO,NO CEDER EL DERECHO DE VIA O PREFERENCIA DE PASO A VEHICULOS.,CHOQUE LATERAL,MOTOCICLETA,0,0,0,0,1,0,0,0,1,0,0,0,0,2,33,HOMBRE,LESIONADO,CONDUCTOR PRESENTE,NO,NO,1
24314,91370,91371,2020,0,0,-0.194866,-78.502555,PICHINCHA,QUITO,QUITO,URBANA,2020-10-13,18:00:00,18,MARTES,2,OCTUBRE,10,NO,"NO RESPETAR LAS SENIALES REGLAMENTARIAS DE TRANSITO. (PARE, CEDA EL PASO, LUZ ROJA DEL SEMAFORO, ETC).",CHOQUE LATERAL,AUTOMOVIL,2,0,0,0,0,0,0,0,0,0,0,0,0,2,36,MUJER,ILESO,CONDUCTOR PRESENTE,NO,NO,1
24315,91383,91384,2020,0,0,-0.099083,-78.421844,PICHINCHA,QUITO,CALDERON (CARAPUNGO),RURAL,2020-10-13,22:05:00,22,MARTES,2,OCTUBRE,10,NO,CONDUCIR VEHICULO SUPERANDO LOS LIMITES MAXIMOS DE VELOCIDAD.,ESTRELLAMIENTOS,AUTOMOVIL,1,0,0,0,0,0,0,0,0,0,0,0,0,1,-1,NO IDENTIFICADO,NO IDENTIFICADO,CONDUCTOR AUSENTE,NO,NO,2
24316,91386,91387,2020,0,0,-0.203601,-78.483057,PICHINCHA,QUITO,QUITO,URBANA,2020-10-13,22:20:00,22,MARTES,2,OCTUBRE,10,NO,CONDUCIR VEHICULO SUPERANDO LOS LIMITES MAXIMOS DE VELOCIDAD.,ESTRELLAMIENTOS,AUTOMOVIL,1,0,0,0,0,0,0,0,0,0,0,0,0,1,32,HOMBRE,ILESO,CONDUCTOR PRESENTE,NO,NO,1
24317,91388,91389,2020,0,0,-0.291889,-78.558471,PICHINCHA,QUITO,QUITO,URBANA,2020-10-13,23:15:00,23,MARTES,2,OCTUBRE,10,NO,"CONDUCE BAJO LA INFLUENCIA DE ALCOHOL, SUSTANCIAS ESTUPEFACIENTES O PSICOTROPICAS Y/O MEDICAMENTOS.",CHOQUE LATERAL,AUTOMOVIL,2,0,0,0,0,0,0,0,0,0,0,0,0,2,35,HOMBRE,ILESO,CONDUCTOR PRESENTE,NO,NO,1
24318,91389,91390,2020,2,0,-0.159772,-78.487867,PICHINCHA,QUITO,QUITO,URBANA,2020-10-14,00:05:00,0,MIERCOLES,3,OCTUBRE,10,NO,"CONDUCE BAJO LA INFLUENCIA DE ALCOHOL, SUSTANCIAS ESTUPEFACIENTES O PSICOTROPICAS Y/O MEDICAMENTOS.",CHOQUE LATERAL,FURGONETA,1,0,0,0,0,0,0,1,0,0,0,0,0,2,24,HOMBRE,LESIONADO,CONDUCTOR PRESENTE,NO,NO,1
24319,91392,91393,2020,0,0,-0.231001,-78.533155,PICHINCHA,QUITO,QUITO,URBANA,2020-10-14,03:00:00,3,MIERCOLES,3,OCTUBRE,10,NO,CONDUCIR VEHICULO SUPERANDO LOS LIMITES MAXIMOS DE VELOCIDAD.,OTROS,AUTOMOVIL,1,0,0,0,0,0,0,0,0,0,0,0,0,1,-1,NO IDENTIFICADO,NO IDENTIFICADO,CONDUCTOR AUSENTE,NO,NO,2
24320,91393,91394,2020,0,0,-0.338484,-78.561391,PICHINCHA,QUITO,QUITO,URBANA,2020-10-14,04:05:00,4,MIERCOLES,3,OCTUBRE,10,NO,CONDUCIR VEHICULO SUPERANDO LOS LIMITES MAXIMOS DE VELOCIDAD.,ESTRELLAMIENTOS,AUTOMOVIL,1,0,0,0,0,0,0,0,0,0,0,0,0,1,21,HOMBRE,ILESO,CONDUCTOR PRESENTE,NO,NO,1
24321,91399,91400,2020,1,0,-0.162831,-78.486035,PICHINCHA,QUITO,QUITO,URBANA,2020-10-14,06:17:00,6,MIERCOLES,3,OCTUBRE,10,NO,PEATON QUE CRUZA LA CALZADA SIN RESPETAR LA SENIALIZACION EXISTENTE (SEMAFOROS O SENIALES MANUALES).,ATROPELLOS,CAMION,0,0,0,1,0,0,0,0,0,0,0,0,0,1,59,MUJER,LESIONADO,PEATON,NO,NO,1
24322,91400,91401,2020,2,0,-0.156442,-78.491264,PICHINCHA,QUITO,QUITO,URBANA,2020-10-14,07:30:00,7,MIERCOLES,3,OCTUBRE,10,NO,NO CEDER EL DERECHO DE VIA O PREFERENCIA DE PASO AL PEATON.,ATROPELLOS,MOTOCICLETA,0,0,0,0,0,0,0,0,1,0,0,0,0,1,37,HOMBRE,LESIONADO,PEATON,NO,NO,1
24323,91402,91403,2020,1,0,-0.289913,-78.537629,PICHINCHA,QUITO,QUITO,URBANA,2020-10-14,08:10:00,8,MIERCOLES,3,OCTUBRE,10,NO,NO CEDER EL DERECHO DE VIA O PREFERENCIA DE PASO A VEHICULOS.,OTROS,BICICLETA,0,1,0,0,0,0,0,0,0,1,0,0,0,2,24,HOMBRE,LESIONADO,CONDUCTOR PRESENTE,NO,NO,1
24324,91403,91404,2020,1,0,-0.282873,-78.544223,PICHINCHA,QUITO,QUITO,URBANA,2020-10-14,08:30:00,8,MIERCOLES,3,OCTUBRE,10,NO,PEATON QUE CRUZA LA CALZADA SIN RESPETAR LA SENIALIZACION EXISTENTE (SEMAFOROS O SENIALES MANUALES).,ATROPELLOS,CAMION,0,0,0,1,0,0,0,0,0,0,0,0,0,1,46,MUJER,LESIONADO,PEATON,NO,NO,1
24325,91405,91406,2020,1,0,-0.255314,-78.534281,PICHINCHA,QUITO,QUITO,URBANA,2020-10-14,08:50:00,8,MIERCOLES,3,OCTUBRE,10,NO,NO GUARDAR LA DISTANCIA LATERAL MINIMA DE SEGURIDAD ENTRE VEHICULOS.,ROZAMIENTOS,AUTOMOVIL,1,0,0,0,0,0,0,0,1,0,0,0,0,2,29,HOMBRE,LESIONADO,CONDUCTOR PRESENTE,NO,NO,1
24326,91420,91421,2020,0,0,-0.130179,-78.500403,PICHINCHA,QUITO,QUITO,URBANA,2020-10-14,16:00:00,16,MIERCOLES,3,OCTUBRE,10,NO,CONDUCIR VEHICULO SUPERANDO LOS LIMITES MAXIMOS DE VELOCIDAD.,ESTRELLAMIENTOS,AUTOMOVIL,1,0,0,0,0,0,0,0,0,0,0,0,0,1,-1,NO IDENTIFICADO,NO IDENTIFICADO,CONDUCTOR AUSENTE,NO,NO,2
24327,91423,91424,2020,0,0,-0.244786,-78.513583,PICHINCHA,QUITO,QUITO,URBANA,2020-10-14,19:05:00,19,MIERCOLES,3,OCTUBRE,10,NO,"CONDUCE BAJO LA INFLUENCIA DE ALCOHOL, SUSTANCIAS ESTUPEFACIENTES O PSICOTROPICAS Y/O MEDICAMENTOS.",CHOQUE LATERAL,CAMION,1,0,0,1,0,0,0,0,0,0,0,0,0,2,43,HOMBRE,ILESO,CONDUCTOR PRESENTE,NO,NO,1
24328,91426,91427,2020,1,1,-0.269311,-78.425899,PICHINCHA,QUITO,ALANGASI,RURAL,2020-10-14,19:20:00,19,MIERCOLES,3,OCTUBRE,10,NO,"NO RESPETAR LAS SENIALES REGLAMENTARIAS DE TRANSITO. (PARE, CEDA EL PASO, LUZ ROJA DEL SEMAFORO, ETC).",CHOQUE LATERAL,MOTOCICLETA,0,0,0,0,0,0,0,0,2,0,0,0,0,2,27,HOMBRE,FALLECIDO,CONDUCTOR PRESENTE,NO,NO,3
24329,91430,91431,2020,0,0,-0.200646,-78.497003,PICHINCHA,QUITO,QUITO,URBANA,2020-10-14,21:10:00,21,MIERCOLES,3,OCTUBRE,10,NO,"NO RESPETAR LAS SENIALES REGLAMENTARIAS DE TRANSITO. (PARE, CEDA EL PASO, LUZ ROJA DEL SEMAFORO, ETC).",CHOQUE LATERAL,AUTOMOVIL,2,0,0,0,0,0,0,0,0,0,0,0,0,2,57,HOMBRE,ILESO,CONDUCTOR PRESENTE,NO,NO,1
24330,91432,91433,2020,0,0,-0.239373,-78.532236,PICHINCHA,QUITO,QUITO,URBANA,2020-10-14,22:00:00,22,MIERCOLES,3,OCTUBRE,10,NO,NO CEDER EL DERECHO DE VIA O PREFERENCIA DE PASO A VEHICULOS.,CHOQUE LATERAL,MOTOCICLETA,1,0,0,0,0,0,0,0,1,0,0,0,0,2,30,HOMBRE,ILESO,CONDUCTOR PRESENTE,NO,NO,1
24331,91433,91434,2020,0,0,-0.292724,-78.476486,PICHINCHA,QUITO,CONOCOTO,RURAL,2020-10-14,22:26:00,22,MIERCOLES,3,OCTUBRE,10,NO,"CONDUCE BAJO LA INFLUENCIA DE ALCOHOL, SUSTANCIAS ESTUPEFACIENTES O PSICOTROPICAS Y/O MEDICAMENTOS.",CHOQUE POSTERIOR,AUTOMOVIL,2,0,0,0,0,0,0,0,0,0,0,0,0,2,35,MUJER,ILESO,CONDUCTOR PRESENTE,NO,NO,3
24332,91435,91436,2020,0,0,-0.328239,-78.538128,PICHINCHA,QUITO,QUITO,URBANA,2020-10-15,00:50:00,0,JUEVES,4,OCTUBRE,10,NO,CONDUCIR VEHICULO SUPERANDO LOS LIMITES MAXIMOS DE VELOCIDAD.,ESTRELLAMIENTOS,AUTOMOVIL,2,0,0,0,0,0,0,0,0,0,0,0,0,2,-1,NO IDENTIFICADO,NO IDENTIFICADO,CONDUCTOR AUSENTE,NO,NO,2
24333,91437,91438,2020,0,0,-0.236296,-78.529921,PICHINCHA,QUITO,QUITO,URBANA,2020-10-15,06:02:00,6,JUEVES,4,OCTUBRE,10,NO,"CONDUCE BAJO LA INFLUENCIA DE ALCOHOL, SUSTANCIAS ESTUPEFACIENTES O PSICOTROPICAS Y/O MEDICAMENTOS.",CHOQUE LATERAL,AUTOMOVIL,1,0,0,0,0,0,0,0,1,0,0,0,0,2,50,MUJER,ILESO,CONDUCTOR PRESENTE,NO,NO,1
24334,91438,91439,2020,2,0,-0.240615,-78.512456,PICHINCHA,QUITO,QUITO,URBANA,2020-10-15,07:30:00,7,JUEVES,4,OCTUBRE,10,NO,"NO RESPETAR LAS SENIALES REGLAMENTARIAS DE TRANSITO. (PARE, CEDA EL PASO, LUZ ROJA DEL SEMAFORO, ETC).",ESTRELLAMIENTOS,AUTOMOVIL,2,0,0,0,0,0,0,0,1,0,0,0,0,3,23,HOMBRE,LESIONADO,PASAJERO,NO,NO,1
24335,91446,91447,2020,1,0,-0.091585,-78.430521,PICHINCHA,QUITO,CALDERON (CARAPUNGO),RURAL,2020-10-15,12:10:00,12,JUEVES,4,OCTUBRE,10,NO,MALAS CONDICIONES DE LA VIA Y/O CONFIGURACION. (ILUMINACION Y DISENIO).,ATROPELLOS,MOTOCICLETA,0,0,0,0,0,0,0,0,1,0,0,0,0,1,23,MUJER,LESIONADO,PEATON,NO,NO,3
24336,91450,91451,2020,0,0,-0.008925,-78.452193,PICHINCHA,QUITO,SAN ANTONIO (QUITO),RURAL,2020-10-15,12:50:00,12,JUEVES,4,OCTUBRE,10,NO,"MAL ESTACIONADO - EL CONDUCTOR QUE DETENGA O ESTACIONE VEHICULOS EN SITIOS O ZONAS QUE ENTRANIEN PELIGRO, TALES COMO ZONA DE SEGURIDAD, CURVAS, PUENTES, TUNELES, PENDIENTES.",OTROS,CAMIONETA,0,0,0,0,1,0,0,0,0,0,0,0,0,1,-1,NO IDENTIFICADO,NO IDENTIFICADO,CONDUCTOR AUSENTE,NO,NO,2
24337,91455,91456,2020,0,0,-0.304063,-78.559177,PICHINCHA,QUITO,QUITO,URBANA,2020-10-15,16:38:00,16,JUEVES,4,OCTUBRE,10,NO,"NO RESPETAR LAS SENIALES REGLAMENTARIAS DE TRANSITO. (PARE, CEDA EL PASO, LUZ ROJA DEL SEMAFORO, ETC).",CHOQUE LATERAL,AUTOMOVIL,2,0,0,0,0,0,0,0,0,0,0,0,0,2,28,HOMBRE,ILESO,CONDUCTOR PRESENTE,NO,NO,1
24338,91456,91457,2020,1,0,-0.247146,-78.535093,PICHINCHA,QUITO,QUITO,URBANA,2020-10-15,16:50:00,16,JUEVES,4,OCTUBRE,10,NO,NO TRANSITAR POR LAS ACERAS O ZONAS DE SEGURIDAD DESTINADAS PARA EL EFECTO.,ATROPELLOS,AUTOMOVIL,1,0,0,0,0,0,0,0,0,0,0,0,0,1,28,HOMBRE,LESIONADO,PEATON,NO,NO,1
24339,91458,91459,2020,0,1,-0.252512,-78.521456,PICHINCHA,QUITO,QUITO,URBANA,2020-10-15,17:10:00,17,JUEVES,4,OCTUBRE,10,NO,"NO RESPETAR LAS SENIALES REGLAMENTARIAS DE TRANSITO. (PARE, CEDA EL PASO, LUZ ROJA DEL SEMAFORO, ETC).",CHOQUE LATERAL,BUS,0,0,1,0,0,0,0,0,1,0,0,0,0,2,26,HOMBRE,FALLECIDO,CONDUCTOR PRESENTE,NO,NO,1
24340,91461,91462,2020,2,0,-0.414289,-78.800665,PICHINCHA,MEJIA,MANUEL CORNEJO ASTORGA,RURAL,2020-10-15,18:04:00,18,JUEVES,4,OCTUBRE,10,NO,CONDUCIR EN SENTIDO CONTRARIO A LA VIA NORMAL DE CIRCULACION.,CHOQUE FRONTAL,AUTOMOVIL,1,0,0,0,0,0,0,0,0,1,0,0,0,2,-1,NO IDENTIFICADO,LESIONADO,PASAJERO,NO,NO,3
24341,91475,91476,2020,0,0,-0.160201,-78.504704,PICHINCHA,QUITO,QUITO,URBANA,2020-10-15,20:50:00,20,JUEVES,4,OCTUBRE,10,NO,CONDUCIR VEHICULO SUPERANDO LOS LIMITES MAXIMOS DE VELOCIDAD.,OTROS,CAMION,0,0,0,2,0,0,0,0,0,0,0,0,0,2,49,HOMBRE,ILESO,CONDUCTOR PRESENTE,NO,NO,1
24342,91481,91482,2020,0,0,-0.278574,-78.514791,PICHINCHA,QUITO,QUITO,URBANA,2020-10-15,23:20:00,23,JUEVES,4,OCTUBRE,10,NO,"CONDUCE BAJO LA INFLUENCIA DE ALCOHOL, SUSTANCIAS ESTUPEFACIENTES O PSICOTROPICAS Y/O MEDICAMENTOS.",ESTRELLAMIENTOS,AUTOMOVIL,2,0,0,0,0,0,0,0,0,0,0,0,0,2,34,HOMBRE,ILESO,CONDUCTOR PRESENTE,NO,NO,1
24343,91482,91483,2020,0,0,-0.112189,-78.504802,PICHINCHA,QUITO,QUITO,URBANA,2020-10-16,01:30:00,1,VIERNES,5,OCTUBRE,10,NO,REALIZAR CAMBIO BRUSCO O INDEBIDO DE CARRIL.,ESTRELLAMIENTOS,AUTOMOVIL,1,0,0,0,0,0,0,0,0,0,0,0,0,1,45,MUJER,ILESO,CONDUCTOR PRESENTE,NO,NO,1
24344,91483,91484,2020,1,0,-0.301964,-78.542378,PICHINCHA,QUITO,QUITO,URBANA,2020-10-16,02:50:00,2,VIERNES,5,OCTUBRE,10,NO,CONDUCIR VEHICULO SUPERANDO LOS LIMITES MAXIMOS DE VELOCIDAD.,ESTRELLAMIENTOS,CAMION,0,0,0,1,0,0,0,0,0,0,0,0,0,1,41,HOMBRE,LESIONADO,CONDUCTOR PRESENTE,NO,NO,1
24345,91487,91488,2020,4,0,-0.258774,-78.525495,PICHINCHA,QUITO,QUITO,URBANA,2020-10-16,05:40:00,5,VIERNES,5,OCTUBRE,10,NO,"CONDUCE BAJO LA INFLUENCIA DE ALCOHOL, SUSTANCIAS ESTUPEFACIENTES O PSICOTROPICAS Y/O MEDICAMENTOS.",CHOQUE LATERAL,FURGONETA,1,0,0,0,0,0,0,1,0,0,0,0,0,2,22,MUJER,LESIONADO,PASAJERO,NO,NO,1