,Unnamed: 0,ID,ANIO,LESIONADOS,FALLECIDOS,LATITUD_Y,LONGITUD_X,PROVINCIA,CANTON,PARROQUIA,ZONA,FECHA,HORA,PERIODO_2,DIA_1,DIA_2,MES_1,MES_2,FERIADO,CAUSA_PROBABLE,TIPO_DE_SINIESTRO,TIPO_DE_VEHICULO_1,AUTOMOVIL,BICICLETA,BUS,CAMION,CAMIONETA,EMERGENCIAS,ESPECIAL,FURGONETA,MOTOCICLETA,NO_IDENTIFICADO,SCOOTER_ELECTRICO,TRICIMOTO,VEHICULO_DEPORTIVO_UTILITARIO,SUMA_DE_VEHICULOS,EDAD_1,SEXO_1,CONDICION_1,PARTICIPANTE_1,CASCO_1,CINTURON_1,KMeans_Cluster
24346,91500,91501,2020,0,0,-0.105339,-78.455465,PICHINCHA,QUITO,CALDERON (CARAPUNGO),RURAL,2020-10-16,14:00:00,14,VIERNES,5,OCTUBRE,10,NO,"MAL ESTACIONADO - EL CONDUCTOR QUE DETENGA O ESTACIONE VEHICULOS EN SITIOS O ZONAS QUE ENTRANIEN PELIGRO, TALES COMO ZONA DE SEGURIDAD, CURVAS, PUENTES, TUNELES, PENDIENTES.",OTROS,CAMIONETA,0,0,0,0,1,0,0,0,0,0,0,0,0,1,-1,NO IDENTIFICADO,NO IDENTIFICADO,CONDUCTOR AUSENTE,NO,NO,2
24347,91502,91503,2020,0,0,-0.399455,-78.809267,PICHINCHA,MEJIA,MANUEL CORNEJO ASTORGA,RURAL,2020-10-16,14:40:00,14,VIERNES,5,OCTUBRE,10,NO,"CONDUCIR DESATENTO A LAS CONDICIONES DE TRANSITO (CELULAR, PANTALLAS DE VIDEO, COMIDA, MAQUILLAJE O CUALQUIER OTRO ELEMENTO DISTRACTOR).",PERDIDA DE PISTA,AUTOMOVIL,1,0,0,0,0,0,0,0,0,0,0,0,0,1,52,HOMBRE,ILESO,CONDUCTOR PRESENTE,NO,NO,3
24348,91503,91504,2020,0,1,-0.212593,-78.426673,PICHINCHA,QUITO,CUMBAYA,RURAL,2020-10-16,15:00:00,15,VIERNES,5,OCTUBRE,10,NO,NO TRANSITAR POR LAS ACERAS O ZONAS DE SEGURIDAD DESTINADAS PARA EL EFECTO.,ATROPELLOS,AUTOMOVIL,1,0,0,0,0,0,0,0,0,0,0,0,0,1,1,MUJER,FALLECIDO,PEATON,NO,NO,3
24349,91504,91505,2020,0,0,-0.389619,-78.813792,PICHINCHA,MEJIA,MANUEL CORNEJO ASTORGA,RURAL,2020-10-16,15:05:00,15,VIERNES,5,OCTUBRE,10,NO,"NO RESPETAR LAS SENIALES REGLAMENTARIAS DE TRANSITO. (PARE, CEDA EL PASO, LUZ ROJA DEL SEMAFORO, ETC).",CHOQUE LATERAL,AUTOMOVIL,1,0,0,0,0,0,0,0,0,0,0,0,0,1,-1,NO IDENTIFICADO,ILESO,CONDUCTOR PRESENTE,NO,NO,3
24350,91511,91512,2020,1,0,-0.306429,-78.566561,PICHINCHA,QUITO,QUITO,URBANA,2020-10-16,17:13:00,17,VIERNES,5,OCTUBRE,10,NO,NO TRANSITAR POR LAS ACERAS O ZONAS DE SEGURIDAD DESTINADAS PARA EL EFECTO.,ATROPELLOS,NO IDENTIFICADO,0,0,0,0,0,0,0,0,0,1,0,0,0,1,36,MUJER,LESIONADO,PEATON,NO,NO,1
24351,91525,91526,2020,0,0,-0.112189,-78.504802,PICHINCHA,QUITO,QUITO,URBANA,2020-10-16,23:30:00,23,VIERNES,5,OCTUBRE,10,NO,NO MANTENER LA DISTANCIA PRUDENCIAL CON RESPECTO AL VEHICULO QUE LE ANTECEDE.,CHOQUE POSTERIOR,AUTOMOVIL,2,0,0,0,0,0,0,0,0,0,0,0,0,2,36,HOMBRE,ILESO,CONDUCTOR PRESENTE,NO,NO,1
24352,91534,91535,2020,0,0,-0.250749,-78.503377,PICHINCHA,QUITO,QUITO,URBANA,2020-10-17,02:15:00,2,SABADO,6,OCTUBRE,10,NO,CONDUCIR VEHICULO SUPERANDO LOS LIMITES MAXIMOS DE VELOCIDAD.,ESTRELLAMIENTOS,AUTOMOVIL,1,0,0,0,0,0,0,0,0,0,0,0,0,1,37,HOMBRE,ILESO,CONDUCTOR PRESENTE,NO,NO,1
24353,91537,91538,2020,0,0,-0.223301,-78.487751,PICHINCHA,QUITO,QUITO,URBANA,2020-10-17,05:05:00,5,SABADO,6,OCTUBRE,10,NO,CONDUCIR VEHICULO SUPERANDO LOS LIMITES MAXIMOS DE VELOCIDAD.,ESTRELLAMIENTOS,CAMION,0,0,0,1,0,0,0,0,0,0,0,0,0,1,24,HOMBRE,ILESO,CONDUCTOR PRESENTE,NO,NO,1
24354,91546,91547,2020,4,0,-0.089881,-78.517157,PICHINCHA,QUITO,QUITO,URBANA,2020-10-17,08:09:00,8,SABADO,6,OCTUBRE,10,NO,"CONDUCE BAJO LA INFLUENCIA DE ALCOHOL, SUSTANCIAS ESTUPEFACIENTES O PSICOTROPICAS Y/O MEDICAMENTOS.",CHOQUE FRONTAL,CAMIONETA,1,0,0,0,1,0,0,0,0,0,0,0,0,2,49,MUJER,LESIONADO,PASAJERO,NO,NO,1
24355,91547,91548,2020,1,0,-0.114631,-78.489098,PICHINCHA,QUITO,QUITO,URBANA,2020-10-17,08:15:00,8,SABADO,6,OCTUBRE,10,NO,DANIOS MECANICOS PREVISIBLES.,ESTRELLAMIENTOS,MOTOCICLETA,0,0,0,0,0,0,0,0,1,0,0,0,0,1,21,HOMBRE,LESIONADO,PASAJERO,NO,NO,1
24356,91552,91553,2020,1,0,-0.251319,-78.521366,PICHINCHA,QUITO,QUITO,URBANA,2020-10-17,09:20:00,9,SABADO,6,OCTUBRE,10,NO,NO TRANSITAR POR LAS ACERAS O ZONAS DE SEGURIDAD DESTINADAS PARA EL EFECTO.,ATROPELLOS,CAMION,0,0,0,1,0,0,0,0,0,0,0,0,0,1,87,HOMBRE,LESIONADO,PEATON,NO,NO,1
24357,91559,91560,2020,0,0,-0.083352,-78.389784,PICHINCHA,QUITO,CALDERON (CARAPUNGO),RURAL,2020-10-17,12:45:00,12,SABADO,6,OCTUBRE,10,NO,"CONDUCIR DESATENTO A LAS CONDICIONES DE TRANSITO (CELULAR, PANTALLAS DE VIDEO, COMIDA, MAQUILLAJE O CUALQUIER OTRO ELEMENTO DISTRACTOR).",ATROPELLOS,AUTOMOVIL,1,0,0,0,0,0,0,0,0,0,0,0,0,1,27,HOMBRE,ILESO,CONDUCTOR PRESENTE,NO,SI,3
24358,91561,91562,2020,1,0,-0.232351,-78.524315,PICHINCHA,QUITO,QUITO,URBANA,2020-10-17,14:00:00,14,SABADO,6,OCTUBRE,10,NO,"NO RESPETAR LAS SENIALES REGLAMENTARIAS DE TRANSITO. (PARE, CEDA EL PASO, LUZ ROJA DEL SEMAFORO, ETC).",CHOQUE LATERAL,AUTOMOVIL,1,0,0,0,0,0,0,0,1,0,0,0,0,2,27,HOMBRE,LESIONADO,CONDUCTOR PRESENTE,NO,NO,1
24359,91568,91569,2020,0,0,-0.268629,-78.555113,PICHINCHA,QUITO,QUITO,URBANA,2020-10-17,15:30:00,15,SABADO,6,OCTUBRE,10,NO,DANIOS MECANICOS PREVISIBLES.,ESTRELLAMIENTOS,AUTOMOVIL,2,0,0,0,0,0,0,0,0,0,0,0,0,2,-1,NO IDENTIFICADO,NO IDENTIFICADO,CONDUCTOR AUSENTE,NO,NO,2
24360,91572,91573,2020,0,0,-0.438911,-78.739477,PICHINCHA,MEJIA,MANUEL CORNEJO ASTORGA,RURAL,2020-10-17,16:30:00,16,SABADO,6,OCTUBRE,10,NO,"CONDUCIR DESATENTO A LAS CONDICIONES DE TRANSITO (CELULAR, PANTALLAS DE VIDEO, COMIDA, MAQUILLAJE O CUALQUIER OTRO ELEMENTO DISTRACTOR).",ESTRELLAMIENTOS,AUTOMOVIL,1,0,0,0,0,0,0,0,0,0,0,0,0,1,-1,HOMBRE,ILESO,CONDUCTOR PRESENTE,NO,NO,3
24361,91576,91577,2020,1,0,-0.173318,-78.411676,PICHINCHA,QUITO,TUMBACO,RURAL,2020-10-17,17:00:00,17,SABADO,6,OCTUBRE,10,NO,CONDUCIR VEHICULO SUPERANDO LOS LIMITES MAXIMOS DE VELOCIDAD.,CHOQUE LATERAL,AUTOMOVIL,2,0,0,0,0,0,0,0,0,0,0,0,0,2,46,HOMBRE,LESIONADO,CONDUCTOR PRESENTE,NO,NO,3
24362,91579,91580,2020,0,0,-0.226486,-78.339567,PICHINCHA,QUITO,PIFO,RURAL,2020-10-17,17:30:00,17,SABADO,6,OCTUBRE,10,NO,CONDUCIR VEHICULO SUPERANDO LOS LIMITES MAXIMOS DE VELOCIDAD.,OTROS,CAMION,0,0,0,1,0,0,0,0,0,0,0,0,0,1,37,HOMBRE,ILESO,CONDUCTOR PRESENTE,NO,NO,3
24363,91580,91581,2020,0,0,-0.010162,-78.443826,PICHINCHA,QUITO,SAN ANTONIO (QUITO),RURAL,2020-10-17,17:45:00,17,SABADO,6,OCTUBRE,10,NO,"FALLA MECANICA EN LOS SISTEMAS Y/O NEUMATICOS (SISTEMA DE FRENOS, DIRECCION, ELECTRONICO O MECANICO).",ESTRELLAMIENTOS,AUTOMOVIL,1,0,0,0,0,0,0,0,0,0,0,0,0,1,37,HOMBRE,ILESO,CONDUCTOR PRESENTE,NO,NO,3
24364,91581,91582,2020,0,0,-0.253253,-78.514698,PICHINCHA,QUITO,QUITO,URBANA,2020-10-17,17:47:00,17,SABADO,6,OCTUBRE,10,NO,NO CEDER EL DERECHO DE VIA O PREFERENCIA DE PASO A VEHICULOS.,CHOQUE LATERAL,MOTOCICLETA,1,0,0,0,0,0,0,0,1,0,0,0,0,2,25,HOMBRE,ILESO,CONDUCTOR PRESENTE,NO,NO,1
24365,91582,91583,2020,0,0,-0.244725,-78.515717,PICHINCHA,QUITO,QUITO,URBANA,2020-10-17,18:00:00,18,SABADO,6,OCTUBRE,10,NO,"CONDUCE BAJO LA INFLUENCIA DE ALCOHOL, SUSTANCIAS ESTUPEFACIENTES O PSICOTROPICAS Y/O MEDICAMENTOS.",ESTRELLAMIENTOS,AUTOMOVIL,1,0,1,0,0,0,0,0,0,0,0,0,0,2,36,HOMBRE,ILESO,CONDUCTOR PRESENTE,NO,NO,1
24366,91586,91587,2020,0,1,-0.292724,-78.476486,PICHINCHA,QUITO,CONOCOTO,RURAL,2020-10-17,19:15:00,19,SABADO,6,OCTUBRE,10,NO,NO CEDER EL DERECHO DE VIA O PREFERENCIA DE PASO AL PEATON.,ATROPELLOS,NO IDENTIFICADO,0,0,0,0,0,0,0,0,0,1,0,0,0,1,69,HOMBRE,FALLECIDO,PEATON,NO,NO,3
24367,91601,91602,2020,0,1,-0.287051,-78.531139,PICHINCHA,QUITO,QUITO,URBANA,2020-10-17,21:30:00,21,SABADO,6,OCTUBRE,10,NO,CONDUCIR VEHICULO SUPERANDO LOS LIMITES MAXIMOS DE VELOCIDAD.,CHOQUE LATERAL,AUTOMOVIL,1,0,0,0,0,0,0,0,1,0,0,0,0,2,37,HOMBRE,FALLECIDO,CONDUCTOR PRESENTE,NO,NO,1
24368,91604,91605,2020,0,0,-0.111709,-78.298953,PICHINCHA,QUITO,EL QUINCHE,RURAL,2020-10-17,22:40:00,22,SABADO,6,OCTUBRE,10,NO,"CONDUCIR DESATENTO A LAS CONDICIONES DE TRANSITO (CELULAR, PANTALLAS DE VIDEO, COMIDA, MAQUILLAJE O CUALQUIER OTRO ELEMENTO DISTRACTOR).",CHOQUE FRONTAL,CAMIONETA,0,0,0,0,2,0,0,0,0,0,0,0,0,2,49,HOMBRE,ILESO,PASAJERO,NO,SI,3
24369,91606,91607,2020,0,0,-0.206438,-78.370261,PICHINCHA,QUITO,PUEMBO,RURAL,2020-10-18,00:00:00,0,DOMINGO,7,OCTUBRE,10,NO,"CONDUCE BAJO LA INFLUENCIA DE ALCOHOL, SUSTANCIAS ESTUPEFACIENTES O PSICOTROPICAS Y/O MEDICAMENTOS.",CHOQUE POSTERIOR,CAMIONETA,1,0,0,0,1,0,0,0,0,0,0,0,0,2,41,MUJER,ILESO,PASAJERO,NO,NO,3
24370,91629,91630,2020,0,0,0.00057,-78.534204,PICHINCHA,QUITO,CALACALI,RURAL,2020-10-18,06:00:00,6,DOMINGO,7,OCTUBRE,10,NO,"CONDUCIR EN ESTADO DE SOMNOLENCIA O MALAS CONDICIONES FISICAS (SUENIO, CANSANCIO Y FATIGA).",PERDIDA DE CARRIL,VEHICULO DEPORTIVO UTILITARIO,0,0,0,0,0,0,0,0,0,0,0,0,1,1,23,MUJER,ILESO,PASAJERO,NO,SI,3
24371,91630,91631,2020,0,0,-0.349102,-78.854705,PICHINCHA,MEJIA,MANUEL CORNEJO ASTORGA,RURAL,2020-10-18,06:00:00,6,DOMINGO,7,OCTUBRE,10,NO,"CONDUCIR DESATENTO A LAS CONDICIONES DE TRANSITO (CELULAR, PANTALLAS DE VIDEO, COMIDA, MAQUILLAJE O CUALQUIER OTRO ELEMENTO DISTRACTOR).",PERDIDA DE PISTA,VEHICULO DEPORTIVO UTILITARIO,0,0,0,0,0,0,0,0,0,0,0,0,1,1,-1,NO IDENTIFICADO,ILESO,CONDUCTOR PRESENTE,NO,NO,3
24372,91643,91644,2020,1,0,-0.313131,-78.538367,PICHINCHA,QUITO,QUITO,URBANA,2020-10-18,10:30:00,10,DOMINGO,7,OCTUBRE,10,NO,NO CEDER EL DERECHO DE VIA O PREFERENCIA DE PASO AL PEATON.,ATROPELLOS,AUTOMOVIL,1,0,0,0,0,0,0,0,0,0,0,0,0,1,60,MUJER,LESIONADO,PEATON,NO,NO,1
24373,91647,91648,2020,0,3,-0.370446,-78.551406,PICHINCHA,MEJIA,CUTUGLAHUA,RURAL,2020-10-18,11:45:00,11,DOMINGO,7,OCTUBRE,10,NO,"CONDUCIR DESATENTO A LAS CONDICIONES DE TRANSITO (CELULAR, PANTALLAS DE VIDEO, COMIDA, MAQUILLAJE O CUALQUIER OTRO ELEMENTO DISTRACTOR).",CHOQUE FRONTAL,AUTOMOVIL,1,0,0,0,0,0,0,0,0,0,0,0,2,3,-1,MUJER,FALLECIDO,PASAJERO,NO,SI,3
24374,91651,91652,2020,0,1,-0.002237,-78.307728,PICHINCHA,PEDRO MONCAYO,TOCACHI,URBANA,2020-10-18,13:10:00,13,DOMINGO,7,OCTUBRE,10,NO,"CONDUCIR DESATENTO A LAS CONDICIONES DE TRANSITO (CELULAR, PANTALLAS DE VIDEO, COMIDA, MAQUILLAJE O CUALQUIER OTRO ELEMENTO DISTRACTOR).",CHOQUE FRONTAL,MOTOCICLETA,0,0,0,0,0,0,0,0,1,0,0,0,1,2,29,HOMBRE,FALLECIDO,CONDUCTOR PRESENTE,NO,SI,1
24375,91653,91654,2020,1,0,-0.123387,-78.519541,PICHINCHA,QUITO,QUITO,URBANA,2020-10-18,14:20:00,14,DOMINGO,7,OCTUBRE,10,NO,CONDUCIR VEHICULO SUPERANDO LOS LIMITES MAXIMOS DE VELOCIDAD.,VOLCAMIENTOS,AUTOMOVIL,1,0,0,0,0,0,0,0,0,0,0,0,0,1,16,HOMBRE,LESIONADO,PASAJERO,NO,NO,1
24376,91662,91663,2020,0,0,-0.204095,-78.458081,PICHINCHA,QUITO,QUITO,RURAL,2020-10-18,16:06:00,16,DOMINGO,7,OCTUBRE,10,NO,"CONDICIONES AMBIENTALES Y/O ATMOSFERICAS (NIEBLA, NEBLINA, GRANIZO, LLUVIA).",ESTRELLAMIENTOS,AUTOMOVIL,1,0,0,0,0,0,0,0,0,0,0,0,0,1,40,MUJER,ILESO,CONDUCTOR PRESENTE,NO,NO,3
24377,91665,91666,2020,0,0,-0.227324,-78.450086,PICHINCHA,QUITO,CUMBAYA,RURAL,2020-10-18,17:50:00,17,DOMINGO,7,OCTUBRE,10,NO,CONDUCIR VEHICULO SUPERANDO LOS LIMITES MAXIMOS DE VELOCIDAD.,ESTRELLAMIENTOS,AUTOMOVIL,1,0,0,0,0,0,0,0,0,0,0,0,0,1,22,HOMBRE,ILESO,CONDUCTOR PRESENTE,NO,NO,3
24378,91678,91679,2020,0,0,-0.328821,-78.560625,PICHINCHA,QUITO,QUITO,URBANA,2020-10-18,21:46:00,21,DOMINGO,7,OCTUBRE,10,NO,"CONDUCE BAJO LA INFLUENCIA DE ALCOHOL, SUSTANCIAS ESTUPEFACIENTES O PSICOTROPICAS Y/O MEDICAMENTOS.",CHOQUE LATERAL,AUTOMOVIL,2,0,0,0,0,0,0,0,0,0,0,0,0,2,35,MUJER,ILESO,CONDUCTOR PRESENTE,NO,NO,1
24379,91683,91684,2020,0,0,-0.277624,-78.531251,PICHINCHA,QUITO,QUITO,URBANA,2020-10-18,08:20:00,8,DOMINGO,7,OCTUBRE,10,NO,"CONDUCE BAJO LA INFLUENCIA DE ALCOHOL, SUSTANCIAS ESTUPEFACIENTES O PSICOTROPICAS Y/O MEDICAMENTOS.",OTROS,AUTOMOVIL,3,0,0,0,0,0,0,0,0,0,0,0,0,3,42,MUJER,ILESO,PASAJERO,NO,NO,1
24380,91687,91688,2020,1,0,-0.264875,-78.544664,PICHINCHA,QUITO,QUITO,URBANA,2020-10-19,06:40:00,6,LUNES,1,OCTUBRE,10,NO,"CONDUCE BAJO LA INFLUENCIA DE ALCOHOL, SUSTANCIAS ESTUPEFACIENTES O PSICOTROPICAS Y/O MEDICAMENTOS.",CHOQUE LATERAL,AUTOMOVIL,1,0,0,0,0,0,0,0,1,0,0,0,0,2,24,HOMBRE,LESIONADO,CONDUCTOR PRESENTE,NO,NO,1
24381,91690,91691,2020,1,0,-0.200696,-78.497003,PICHINCHA,QUITO,QUITO,URBANA,2020-10-19,07:00:00,7,LUNES,1,OCTUBRE,10,NO,CONDUCIR VEHICULO SUPERANDO LOS LIMITES MAXIMOS DE VELOCIDAD.,PERDIDA DE CARRIL,MOTOCICLETA,0,0,0,0,0,0,0,0,1,0,0,0,0,1,32,HOMBRE,LESIONADO,CONDUCTOR PRESENTE,NO,NO,1
24382,91693,91694,2020,0,1,0.022314,-79.218491,PICHINCHA,PUERTO QUITO,PUERTO QUITO,RURAL,2020-10-19,09:00:00,9,LUNES,1,OCTUBRE,10,NO,"CONDUCIR DESATENTO A LAS CONDICIONES DE TRANSITO (CELULAR, PANTALLAS DE VIDEO, COMIDA, MAQUILLAJE O CUALQUIER OTRO ELEMENTO DISTRACTOR).",PERDIDA DE CARRIL,MOTOCICLETA,0,0,0,0,0,0,0,0,1,0,0,0,0,1,24,HOMBRE,FALLECIDO,CONDUCTOR PRESENTE,NO,SI,3
24383,91707,91708,2020,0,0,-0.200249,-78.490974,PICHINCHA,QUITO,QUITO,URBANA,2020-10-19,12:40:00,12,LUNES,1,OCTUBRE,10,NO,CONDUCIR VEHICULO SUPERANDO LOS LIMITES MAXIMOS DE VELOCIDAD.,CHOQUE POSTERIOR,AUTOMOVIL,1,0,1,0,0,0,0,0,0,0,0,0,0,2,37,HOMBRE,ILESO,PASAJERO,NO,NO,1
24384,91708,91709,2020,0,0,-0.196669,-78.466599,PICHINCHA,QUITO,QUITO,RURAL,2020-10-19,13:00:00,13,LUNES,1,OCTUBRE,10,NO,"CONDICIONES AMBIENTALES Y/O ATMOSFERICAS (NIEBLA, NEBLINA, GRANIZO, LLUVIA).",OTROS,CAMION,1,0,0,1,0,0,0,1,0,0,0,0,0,3,60,HOMBRE,ILESO,CONDUCTOR PRESENTE,NO,NO,3
24385,91723,91724,2020,1,0,-0.088884,-78.439915,PICHINCHA,QUITO,CALDERON (CARAPUNGO),RURAL,2020-10-19,16:05:00,16,LUNES,1,OCTUBRE,10,NO,NO TRANSITAR POR LAS ACERAS O ZONAS DE SEGURIDAD DESTINADAS PARA EL EFECTO.,ESTRELLAMIENTOS,BICICLETA,0,1,0,0,0,0,0,0,0,0,0,0,0,1,32,HOMBRE,LESIONADO,CONDUCTOR PRESENTE,NO,NO,3
24386,91725,91726,2020,0,0,-0.120296,-78.448774,PICHINCHA,QUITO,CALDERON (CARAPUNGO),RURAL,2020-10-19,16:43:00,16,LUNES,1,OCTUBRE,10,NO,NO MANTENER LA DISTANCIA PRUDENCIAL CON RESPECTO AL VEHICULO QUE LE ANTECEDE.,CHOQUE POSTERIOR,AUTOMOVIL,2,0,0,0,0,0,0,0,0,0,0,0,0,2,21,HOMBRE,ILESO,CONDUCTOR PRESENTE,NO,NO,3
24387,91730,91731,2020,0,0,-0.195489,-78.444796,PICHINCHA,QUITO,CUMBAYA,RURAL,2020-10-19,17:30:00,17,LUNES,1,OCTUBRE,10,NO,"CONDICIONES AMBIENTALES Y/O ATMOSFERICAS (NIEBLA, NEBLINA, GRANIZO, LLUVIA).",OTROS,AUTOMOVIL,2,0,0,0,1,0,0,0,0,0,0,0,0,3,61,MUJER,ILESO,CONDUCTOR PRESENTE,NO,NO,3
24388,91732,91733,2020,0,0,-0.244879,-78.514199,PICHINCHA,QUITO,QUITO,URBANA,2020-10-19,17:45:00,17,LUNES,1,OCTUBRE,10,NO,NO MANTENER LA DISTANCIA PRUDENCIAL CON RESPECTO AL VEHICULO QUE LE ANTECEDE.,CHOQUE POSTERIOR,CAMIONETA,1,0,0,0,1,0,0,0,0,0,0,0,0,2,32,HOMBRE,ILESO,CONDUCTOR PRESENTE,NO,NO,1
24389,91733,91734,2020,2,0,-0.439851,-78.774516,PICHINCHA,MEJIA,MANUEL CORNEJO ASTORGA,RURAL,2020-10-19,18:00:00,18,LUNES,1,OCTUBRE,10,NO,"NO RESPETAR LAS SENIALES REGLAMENTARIAS DE TRANSITO. (PARE, CEDA EL PASO, LUZ ROJA DEL SEMAFORO, ETC).",CHOQUE LATERAL,AUTOMOVIL,1,0,0,0,1,0,0,0,0,0,0,0,0,2,-1,NO IDENTIFICADO,LESIONADO,CONDUCTOR PRESENTE,NO,NO,3
24390,91735,91736,2020,0,0,-0.174278,-78.493453,PICHINCHA,QUITO,QUITO,URBANA,2020-10-19,18:26:00,18,LUNES,1,OCTUBRE,10,NO,"CONDUCE BAJO LA INFLUENCIA DE ALCOHOL, SUSTANCIAS ESTUPEFACIENTES O PSICOTROPICAS Y/O MEDICAMENTOS.",CHOQUE POSTERIOR,BUS,1,0,1,0,0,0,0,0,0,0,0,0,0,2,55,HOMBRE,ILESO,CONDUCTOR PRESENTE,NO,NO,1
24391,91738,91739,2020,0,0,-0.303766,-78.542681,PICHINCHA,QUITO,QUITO,URBANA,2020-10-19,19:15:00,19,LUNES,1,OCTUBRE,10,NO,"CONDUCE BAJO LA INFLUENCIA DE ALCOHOL, SUSTANCIAS ESTUPEFACIENTES O PSICOTROPICAS Y/O MEDICAMENTOS.",COLISION,AUTOMOVIL,4,0,0,0,0,0,0,0,0,0,0,0,0,4,45,HOMBRE,ILESO,CONDUCTOR PRESENTE,NO,NO,1
24392,91739,91740,2020,1,0,-0.446569,-78.621861,PICHINCHA,MEJIA,ALOAG,RURAL,2020-10-19,19:30:00,19,LUNES,1,OCTUBRE,10,NO,"CONDUCIR DESATENTO A LAS CONDICIONES DE TRANSITO (CELULAR, PANTALLAS DE VIDEO, COMIDA, MAQUILLAJE O CUALQUIER OTRO ELEMENTO DISTRACTOR).",ESTRELLAMIENTOS,VEHICULO DEPORTIVO UTILITARIO,0,0,0,1,0,0,0,0,0,0,0,0,1,2,32,MUJER,LESIONADO,PASAJERO,NO,NO,3
24393,91748,91749,2020,1,0,-0.223874,-78.517421,PICHINCHA,QUITO,QUITO,URBANA,2020-10-19,22:23:00,22,LUNES,1,OCTUBRE,10,NO,"NO RESPETAR LAS SENIALES REGLAMENTARIAS DE TRANSITO. (PARE, CEDA EL PASO, LUZ ROJA DEL SEMAFORO, ETC).",CHOQUE LATERAL,MOTOCICLETA,0,0,0,0,0,0,0,0,1,1,0,0,0,2,23,HOMBRE,LESIONADO,CONDUCTOR PRESENTE,NO,NO,1
24394,91752,91753,2020,1,0,-0.312059,-78.547352,PICHINCHA,QUITO,QUITO,URBANA,2020-10-20,00:35:00,0,MARTES,2,OCTUBRE,10,NO,CONDUCIR VEHICULO SUPERANDO LOS LIMITES MAXIMOS DE VELOCIDAD.,ESTRELLAMIENTOS,AUTOMOVIL,1,0,0,0,0,0,0,0,0,0,0,0,0,1,32,HOMBRE,LESIONADO,PASAJERO,NO,NO,1
24395,91764,91765,2020,1,0,-0.341999,-78.479506,PICHINCHA,QUITO,AMAGUANIA,RURAL,2020-10-20,10:45:00,10,MARTES,2,OCTUBRE,10,NO,BAJARSE O SUBIRSE DE VEHICULOS EN MOVIMIENTO SIN TOMAR LAS PRECAUCIONES DEBIDAS.,CAIDA DE PASAJERO,BUS,0,0,1,0,0,0,0,0,0,0,0,0,0,1,29,HOMBRE,LESIONADO,PASAJERO,NO,NO,3
24396,91765,91766,2020,1,0,-0.144697,-78.473961,PICHINCHA,QUITO,QUITO,URBANA,2020-10-20,11:10:00,11,MARTES,2,OCTUBRE,10,NO,"NO RESPETAR LAS SENIALES REGLAMENTARIAS DE TRANSITO. (PARE, CEDA EL PASO, LUZ ROJA DEL SEMAFORO, ETC).",CHOQUE LATERAL,AUTOMOVIL,1,0,0,0,0,0,0,0,1,0,0,0,0,2,27,HOMBRE,LESIONADO,CONDUCTOR PRESENTE,NO,NO,1
24397,91767,91768,2020,1,0,-0.100481,-78.470028,PICHINCHA,QUITO,QUITO,URBANA,2020-10-20,12:10:00,12,MARTES,2,OCTUBRE,10,NO,"NO RESPETAR LAS SENIALES REGLAMENTARIAS DE TRANSITO. (PARE, CEDA EL PASO, LUZ ROJA DEL SEMAFORO, ETC).",CHOQUE LATERAL,MOTOCICLETA,0,0,0,1,0,0,0,0,1,0,0,0,0,2,40,HOMBRE,LESIONADO,CONDUCTOR PRESENTE,NO,NO,1
24398,91782,91783,2020,1,0,-0.188478,-78.447371,PICHINCHA,QUITO,NAYON,RURAL,2020-10-20,16:00:00,16,MARTES,2,OCTUBRE,10,NO,CONDUCIR VEHICULO SUPERANDO LOS LIMITES MAXIMOS DE VELOCIDAD.,OTROS,AUTOMOVIL,1,0,0,0,0,0,0,0,1,0,0,0,0,2,22,HOMBRE,LESIONADO,CONDUCTOR PRESENTE,NO,NO,3
24399,91784,91785,2020,0,0,-0.397461,-78.809475,PICHINCHA,MEJIA,MANUEL CORNEJO ASTORGA,RURAL,2020-10-20,16:40:00,16,MARTES,2,OCTUBRE,10,NO,"CONDUCIR DESATENTO A LAS CONDICIONES DE TRANSITO (CELULAR, PANTALLAS DE VIDEO, COMIDA, MAQUILLAJE O CUALQUIER OTRO ELEMENTO DISTRACTOR).",PERDIDA DE PISTA,AUTOMOVIL,1,0,0,0,1,0,0,0,0,0,0,0,0,2,-1,HOMBRE,ILESO,CONDUCTOR PRESENTE,NO,NO,3
24400,91795,91796,2020,0,1,-0.257423,-78.451871,PICHINCHA,QUITO,GUANGOPOLO,RURAL,2020-10-20,19:50:00,19,MARTES,2,OCTUBRE,10,NO,PEATON QUE CRUZA LA CALZADA SIN RESPETAR LA SENIALIZACION EXISTENTE (SEMAFOROS O SENIALES MANUALES).,ARROLLAMIENTOS,BUS,0,0,1,0,0,0,0,0,0,0,0,0,0,1,43,HOMBRE,FALLECIDO,PEATON,NO,NO,3
24401,91798,91799,2020,0,0,-0.123011,-78.493947,PICHINCHA,QUITO,QUITO,URBANA,2020-10-20,23:15:00,23,MARTES,2,OCTUBRE,10,NO,"CONDICIONES AMBIENTALES Y/O ATMOSFERICAS (NIEBLA, NEBLINA, GRANIZO, LLUVIA).",ESTRELLAMIENTOS,AUTOMOVIL,1,0,0,0,0,0,0,0,0,0,0,0,0,1,-1,NO IDENTIFICADO,NO IDENTIFICADO,CONDUCTOR AUSENTE,NO,NO,2