,Unnamed: 0,ID,ANIO,LESIONADOS,FALLECIDOS,LATITUD_Y,LONGITUD_X,PROVINCIA,CANTON,PARROQUIA,ZONA,FECHA,HORA,PERIODO_2,DIA_1,DIA_2,MES_1,MES_2,FERIADO,CAUSA_PROBABLE,TIPO_DE_SINIESTRO,TIPO_DE_VEHICULO_1,AUTOMOVIL,BICICLETA,BUS,CAMION,CAMIONETA,EMERGENCIAS,ESPECIAL,FURGONETA,MOTOCICLETA,NO_IDENTIFICADO,SCOOTER_ELECTRICO,TRICIMOTO,VEHICULO_DEPORTIVO_UTILITARIO,SUMA_DE_VEHICULOS,EDAD_1,SEXO_1,CONDICION_1,PARTICIPANTE_1,CASCO_1,CINTURON_1,KMeans_Cluster
24402,91799,91800,2020,0,0,-0.221176,-78.520687,PICHINCHA,QUITO,QUITO,URBANA,2020-10-21,00:03:00,0,MIERCOLES,3,OCTUBRE,10,NO,"CONDICIONES AMBIENTALES Y/O ATMOSFERICAS (NIEBLA, NEBLINA, GRANIZO, LLUVIA).",ESTRELLAMIENTOS,AUTOMOVIL,1,0,0,0,0,0,0,0,0,0,0,0,0,1,32,MUJER,ILESO,CONDUCTOR PRESENTE,NO,NO,1
24403,91816,91817,2020,1,0,-0.210739,-78.421093,PICHINCHA,QUITO,TUMBACO,RURAL,2020-10-21,09:30:00,9,MIERCOLES,3,OCTUBRE,10,NO,"NO RESPETAR LAS SENIALES REGLAMENTARIAS DE TRANSITO. (PARE, CEDA EL PASO, LUZ ROJA DEL SEMAFORO, ETC).",OTROS,CAMION,1,0,0,1,0,0,0,0,1,0,0,0,0,3,31,HOMBRE,LESIONADO,CONDUCTOR PRESENTE,NO,NO,3
24404,91819,91820,2020,0,0,-0.282706,-78.554332,PICHINCHA,QUITO,QUITO,URBANA,2020-10-21,10:15:00,10,MIERCOLES,3,OCTUBRE,10,NO,NO CEDER EL DERECHO DE VIA O PREFERENCIA DE PASO A VEHICULOS.,CHOQUE LATERAL,BUS,1,0,1,0,0,0,0,0,0,0,0,0,0,2,25,HOMBRE,ILESO,CONDUCTOR PRESENTE,NO,NO,1
24405,91822,91823,2020,0,0,-0.232254,-78.505317,PICHINCHA,QUITO,QUITO,URBANA,2020-10-21,11:50:00,11,MIERCOLES,3,OCTUBRE,10,NO,NO MANTENER LA DISTANCIA PRUDENCIAL CON RESPECTO AL VEHICULO QUE LE ANTECEDE.,CHOQUE POSTERIOR,AUTOMOVIL,1,0,1,0,0,0,0,0,0,0,0,0,0,2,33,MUJER,ILESO,CONDUCTOR PRESENTE,NO,NO,1
24406,91828,91829,2020,0,1,-0.090093,-78.518271,PICHINCHA,QUITO,QUITO,URBANA,2020-10-21,14:00:00,14,MIERCOLES,3,OCTUBRE,10,NO,"FALLA MECANICA EN LOS SISTEMAS Y/O NEUMATICOS (SISTEMA DE FRENOS, DIRECCION, ELECTRONICO O MECANICO).",ESTRELLAMIENTOS,CAMIONETA,0,0,0,0,1,0,0,0,0,0,0,0,0,1,22,HOMBRE,FALLECIDO,CONDUCTOR PRESENTE,NO,NO,1
24407,91836,91837,2020,0,0,-0.293005,-78.527001,PICHINCHA,QUITO,QUITO,URBANA,2020-10-21,15:20:00,15,MIERCOLES,3,OCTUBRE,10,NO,"CONDUCE BAJO LA INFLUENCIA DE ALCOHOL, SUSTANCIAS ESTUPEFACIENTES O PSICOTROPICAS Y/O MEDICAMENTOS.",CHOQUE LATERAL,CAMIONETA,0,0,0,1,1,0,0,0,0,0,0,0,0,2,44,HOMBRE,ILESO,CONDUCTOR PRESENTE,NO,NO,1
24408,91841,91842,2020,0,0,-0.352169,-78.841844,PICHINCHA,MEJIA,MANUEL CORNEJO ASTORGA,RURAL,2020-10-21,16:30:00,16,MIERCOLES,3,OCTUBRE,10,NO,NO GUARDAR LA DISTANCIA LATERAL MINIMA DE SEGURIDAD ENTRE VEHICULOS.,ROZAMIENTOS,CAMION,0,0,0,1,0,0,0,0,0,0,0,0,0,1,-1,NO IDENTIFICADO,ILESO,CONDUCTOR PRESENTE,NO,NO,3
24409,91847,91848,2020,0,0,-0.291017,-78.464382,PICHINCHA,QUITO,CONOCOTO,RURAL,2020-10-21,18:40:00,18,MIERCOLES,3,OCTUBRE,10,NO,CONDUCIR VEHICULO SUPERANDO LOS LIMITES MAXIMOS DE VELOCIDAD.,COLISION,AUTOMOVIL,3,0,0,0,0,0,0,0,0,0,0,0,0,3,39,MUJER,ILESO,CONDUCTOR PRESENTE,NO,NO,3
24410,91851,91852,2020,0,0,-0.325994,-78.555998,PICHINCHA,QUITO,QUITO,URBANA,2020-10-21,20:20:00,20,MIERCOLES,3,OCTUBRE,10,NO,"CONDUCE BAJO LA INFLUENCIA DE ALCOHOL, SUSTANCIAS ESTUPEFACIENTES O PSICOTROPICAS Y/O MEDICAMENTOS.",CHOQUE POSTERIOR,AUTOMOVIL,2,0,0,0,0,0,0,0,0,0,0,0,0,2,12,HOMBRE,ILESO,PASAJERO,NO,NO,1
24411,91854,91855,2020,0,0,-0.194074,-78.492344,PICHINCHA,QUITO,QUITO,URBANA,2020-10-21,21:35:00,21,MIERCOLES,3,OCTUBRE,10,NO,"NO RESPETAR LAS SENIALES REGLAMENTARIAS DE TRANSITO. (PARE, CEDA EL PASO, LUZ ROJA DEL SEMAFORO, ETC).",CHOQUE LATERAL,AUTOMOVIL,2,0,0,0,0,0,0,0,0,0,0,0,0,2,32,MUJER,ILESO,CONDUCTOR PRESENTE,NO,NO,1
24412,91861,91862,2020,0,0,-0.217013,-78.409459,PICHINCHA,QUITO,TUMBACO,RURAL,2020-10-22,07:00:00,7,JUEVES,4,OCTUBRE,10,NO,CONDUCIR VEHICULO SUPERANDO LOS LIMITES MAXIMOS DE VELOCIDAD.,ESTRELLAMIENTOS,AUTOMOVIL,1,0,0,0,0,0,0,0,0,0,0,0,0,1,-1,NO IDENTIFICADO,NO IDENTIFICADO,CONDUCTOR AUSENTE,NO,NO,2
24413,91872,91873,2020,0,0,-0.264761,-78.515239,PICHINCHA,QUITO,QUITO,URBANA,2020-10-22,12:20:00,12,JUEVES,4,OCTUBRE,10,NO,REALIZAR CAMBIO BRUSCO O INDEBIDO DE CARRIL.,OTROS,CAMION,0,0,0,1,0,0,0,0,0,0,0,0,0,1,49,HOMBRE,ILESO,CONDUCTOR PRESENTE,NO,NO,1
24414,91879,91880,2020,0,0,-0.317352,-78.557842,PICHINCHA,QUITO,QUITO,URBANA,2020-10-22,14:35:00,14,JUEVES,4,OCTUBRE,10,NO,NO MANTENER LA DISTANCIA PRUDENCIAL CON RESPECTO AL VEHICULO QUE LE ANTECEDE.,CHOQUE POSTERIOR,AUTOMOVIL,1,0,0,1,0,0,0,0,0,0,0,0,0,2,56,HOMBRE,ILESO,CONDUCTOR PRESENTE,NO,NO,1
24415,91886,91887,2020,1,0,-0.237369,-78.484618,PICHINCHA,QUITO,QUITO,URBANA,2020-10-22,16:10:00,16,JUEVES,4,OCTUBRE,10,NO,"CONDUCE BAJO LA INFLUENCIA DE ALCOHOL, SUSTANCIAS ESTUPEFACIENTES O PSICOTROPICAS Y/O MEDICAMENTOS.",ESTRELLAMIENTOS,AUTOMOVIL,1,0,0,0,0,0,0,0,0,0,0,0,0,1,55,HOMBRE,LESIONADO,CONDUCTOR PRESENTE,NO,NO,1
24416,91898,91899,2020,0,0,-0.378037,-78.828149,PICHINCHA,MEJIA,MANUEL CORNEJO ASTORGA,RURAL,2020-10-23,00:30:00,0,VIERNES,5,OCTUBRE,10,NO,"NO RESPETAR LAS SENIALES REGLAMENTARIAS DE TRANSITO. (PARE, CEDA EL PASO, LUZ ROJA DEL SEMAFORO, ETC).",CHOQUE LATERAL,CAMIONETA,0,0,0,0,1,0,0,0,0,0,0,0,0,1,-1,NO IDENTIFICADO,ILESO,CONDUCTOR PRESENTE,NO,NO,3
24417,91899,91900,2020,0,0,-0.448129,-78.663062,PICHINCHA,MEJIA,ALOAG,RURAL,2020-10-23,00:30:00,0,VIERNES,5,OCTUBRE,10,NO,"CONDUCIR DESATENTO A LAS CONDICIONES DE TRANSITO (CELULAR, PANTALLAS DE VIDEO, COMIDA, MAQUILLAJE O CUALQUIER OTRO ELEMENTO DISTRACTOR).",PERDIDA DE PISTA,CAMION,0,0,0,2,0,0,0,0,0,0,0,0,0,2,-1,NO IDENTIFICADO,ILESO,CONDUCTOR PRESENTE,NO,NO,3
24418,91906,91907,2020,0,0,-0.138561,-78.482436,PICHINCHA,QUITO,QUITO,URBANA,2020-10-23,05:20:00,5,VIERNES,5,OCTUBRE,10,NO,"CONDUCE BAJO LA INFLUENCIA DE ALCOHOL, SUSTANCIAS ESTUPEFACIENTES O PSICOTROPICAS Y/O MEDICAMENTOS.",CHOQUE LATERAL,FURGONETA,1,0,0,0,0,0,0,1,0,0,0,0,0,2,43,HOMBRE,ILESO,CONDUCTOR PRESENTE,NO,NO,1
24419,91910,91911,2020,0,0,-0.436338,-78.553247,PICHINCHA,MEJIA,ALOAG,RURAL,2020-10-23,06:25:00,6,VIERNES,5,OCTUBRE,10,NO,"CONDUCIR DESATENTO A LAS CONDICIONES DE TRANSITO (CELULAR, PANTALLAS DE VIDEO, COMIDA, MAQUILLAJE O CUALQUIER OTRO ELEMENTO DISTRACTOR).",CHOQUE LATERAL,AUTOMOVIL,1,0,0,1,0,0,0,0,0,0,0,0,0,2,57,HOMBRE,ILESO,CONDUCTOR PRESENTE,NO,SI,3
24420,91914,91915,2020,0,0,-0.192308,-78.496791,PICHINCHA,QUITO,QUITO,URBANA,2020-10-23,07:40:00,7,VIERNES,5,OCTUBRE,10,NO,"NO RESPETAR LAS SENIALES REGLAMENTARIAS DE TRANSITO. (PARE, CEDA EL PASO, LUZ ROJA DEL SEMAFORO, ETC).",CHOQUE LATERAL,AUTOMOVIL,2,0,0,0,0,0,0,0,0,0,0,0,0,2,41,HOMBRE,ILESO,CONDUCTOR PRESENTE,NO,NO,1
24421,91917,91918,2020,1,0,-0.083183,-78.436811,PICHINCHA,QUITO,CALDERON (CARAPUNGO),RURAL,2020-10-23,08:45:00,8,VIERNES,5,OCTUBRE,10,NO,NO MANTENER LA DISTANCIA PRUDENCIAL CON RESPECTO AL VEHICULO QUE LE ANTECEDE.,CHOQUE POSTERIOR,BICICLETA,0,1,1,0,0,0,0,0,0,0,0,0,0,2,64,HOMBRE,LESIONADO,CONDUCTOR PRESENTE,NO,NO,3
24422,91922,91923,2020,1,0,-0.251196,-78.530655,PICHINCHA,QUITO,QUITO,URBANA,2020-10-23,11:18:00,11,VIERNES,5,OCTUBRE,10,NO,PEATON QUE CRUZA LA CALZADA SIN RESPETAR LA SENIALIZACION EXISTENTE (SEMAFOROS O SENIALES MANUALES).,ATROPELLOS,MOTOCICLETA,0,0,0,0,0,0,0,0,1,0,0,0,0,1,78,MUJER,LESIONADO,PEATON,NO,NO,1
24423,91925,91926,2020,0,0,-0.281523,-78.543026,PICHINCHA,QUITO,QUITO,URBANA,2020-10-23,12:40:00,12,VIERNES,5,OCTUBRE,10,NO,"CONDUCE BAJO LA INFLUENCIA DE ALCOHOL, SUSTANCIAS ESTUPEFACIENTES O PSICOTROPICAS Y/O MEDICAMENTOS.",CHOQUE POSTERIOR,AUTOMOVIL,1,0,0,0,1,0,0,0,0,0,0,0,0,2,-1,HOMBRE,ILESO,CONDUCTOR PRESENTE,NO,NO,1
24424,91929,91930,2020,0,0,-0.139611,-78.470075,PICHINCHA,QUITO,QUITO,URBANA,2020-10-23,15:30:00,15,VIERNES,5,OCTUBRE,10,NO,"NO RESPETAR LAS SENIALES REGLAMENTARIAS DE TRANSITO. (PARE, CEDA EL PASO, LUZ ROJA DEL SEMAFORO, ETC).",COLISION,AUTOMOVIL,2,0,0,0,0,0,0,0,0,1,0,0,0,3,48,MUJER,ILESO,CONDUCTOR PRESENTE,NO,NO,1
24425,91952,91953,2020,0,0,-0.426768,-78.551906,PICHINCHA,MEJIA,TAMBILLO (MEJIA),RURAL,2020-10-24,00:25:00,0,SABADO,6,OCTUBRE,10,NO,"CONDUCIR DESATENTO A LAS CONDICIONES DE TRANSITO (CELULAR, PANTALLAS DE VIDEO, COMIDA, MAQUILLAJE O CUALQUIER OTRO ELEMENTO DISTRACTOR).",ESTRELLAMIENTOS,CAMION,0,0,0,1,0,0,0,0,0,0,0,0,0,1,28,MUJER,ILESO,PASAJERO,NO,SI,3
24426,91956,91957,2020,1,0,-0.098885,-78.470687,PICHINCHA,QUITO,QUITO,URBANA,2020-10-24,01:00:00,1,SABADO,6,OCTUBRE,10,NO,CONDUCIR VEHICULO SUPERANDO LOS LIMITES MAXIMOS DE VELOCIDAD.,PERDIDA DE CARRIL,MOTOCICLETA,0,0,0,0,0,0,0,0,1,0,0,0,0,1,24,HOMBRE,LESIONADO,PASAJERO,NO,NO,1
24427,91960,91961,2020,0,1,-0.291131,-78.524158,PICHINCHA,QUITO,QUITO,URBANA,2020-10-24,02:00:00,2,SABADO,6,OCTUBRE,10,NO,NO TRANSITAR POR LAS ACERAS O ZONAS DE SEGURIDAD DESTINADAS PARA EL EFECTO.,ATROPELLOS,NO IDENTIFICADO,0,0,0,0,0,0,0,0,0,1,0,0,0,1,20,HOMBRE,FALLECIDO,PEATON,NO,NO,1
24428,91962,91963,2020,0,0,-0.316566,-78.368093,PICHINCHA,QUITO,PINTAG,URBANA,2020-10-24,02:15:00,2,SABADO,6,OCTUBRE,10,NO,"CONDUCIR DESATENTO A LAS CONDICIONES DE TRANSITO (CELULAR, PANTALLAS DE VIDEO, COMIDA, MAQUILLAJE O CUALQUIER OTRO ELEMENTO DISTRACTOR).",PERDIDA DE CARRIL,CAMIONETA,0,0,0,0,1,0,0,0,0,0,0,0,0,1,-1,NO IDENTIFICADO,NO IDENTIFICADO,CONDUCTOR AUSENTE,NO,SI,2
24429,91963,91964,2020,0,0,-0.223349,-78.507771,PICHINCHA,QUITO,QUITO,URBANA,2020-10-24,02:20:00,2,SABADO,6,OCTUBRE,10,NO,CONDUCIR VEHICULO SUPERANDO LOS LIMITES MAXIMOS DE VELOCIDAD.,PERDIDA DE CARRIL,AUTOMOVIL,1,0,0,0,0,0,0,0,0,0,0,0,0,1,25,HOMBRE,ILESO,PASAJERO,NO,NO,1
24430,91968,91969,2020,0,0,-0.240991,-78.531973,PICHINCHA,QUITO,QUITO,URBANA,2020-10-24,03:30:00,3,SABADO,6,OCTUBRE,10,NO,CONDUCIR VEHICULO SUPERANDO LOS LIMITES MAXIMOS DE VELOCIDAD.,ESTRELLAMIENTOS,AUTOMOVIL,1,0,0,0,0,0,0,0,0,0,0,0,0,1,-1,NO IDENTIFICADO,NO IDENTIFICADO,CONDUCTOR AUSENTE,NO,NO,2
24431,91972,91973,2020,0,0,-0.123772,-78.502884,PICHINCHA,QUITO,QUITO,URBANA,2020-10-24,04:45:00,4,SABADO,6,OCTUBRE,10,NO,NO CEDER EL DERECHO DE VIA O PREFERENCIA DE PASO A VEHICULOS.,CHOQUE LATERAL,AUTOMOVIL,2,0,0,0,0,0,0,0,0,0,0,0,0,2,61,HOMBRE,ILESO,CONDUCTOR PRESENTE,NO,NO,1
24432,91979,91980,2020,0,1,-0.129712,-78.309083,PICHINCHA,QUITO,CHECA (CHILPA),RURAL,2020-10-24,06:15:00,6,SABADO,6,OCTUBRE,10,NO,"CONDUCIR DESATENTO A LAS CONDICIONES DE TRANSITO (CELULAR, PANTALLAS DE VIDEO, COMIDA, MAQUILLAJE O CUALQUIER OTRO ELEMENTO DISTRACTOR).",PERDIDA DE CARRIL,MOTOCICLETA,0,0,0,0,0,0,0,0,1,0,0,0,0,1,44,HOMBRE,FALLECIDO,CONDUCTOR PRESENTE,NO,SI,3
24433,91989,91990,2020,0,0,-0.133854,-78.470718,PICHINCHA,QUITO,QUITO,URBANA,2020-10-24,14:00:00,14,SABADO,6,OCTUBRE,10,NO,"NO RESPETAR LAS SENIALES REGLAMENTARIAS DE TRANSITO. (PARE, CEDA EL PASO, LUZ ROJA DEL SEMAFORO, ETC).",CHOQUE LATERAL,AUTOMOVIL,2,0,0,0,0,0,0,0,0,0,0,0,0,2,42,MUJER,ILESO,CONDUCTOR PRESENTE,NO,NO,1
24434,91990,91991,2020,1,0,-0.326312,-78.395531,PICHINCHA,QUITO,LA MERCED,URBANA,2020-10-24,15:30:00,15,SABADO,6,OCTUBRE,10,NO,"CONDUCIR DESATENTO A LAS CONDICIONES DE TRANSITO (CELULAR, PANTALLAS DE VIDEO, COMIDA, MAQUILLAJE O CUALQUIER OTRO ELEMENTO DISTRACTOR).",ATROPELLOS,CAMIONETA,0,0,0,0,1,0,0,0,0,0,0,0,0,1,42,HOMBRE,LESIONADO,PEATON,NO,SI,1
24435,91993,91994,2020,1,0,-0.278934,-78.555665,PICHINCHA,QUITO,QUITO,URBANA,2020-10-24,16:40:00,16,SABADO,6,OCTUBRE,10,NO,"CONDUCE BAJO LA INFLUENCIA DE ALCOHOL, SUSTANCIAS ESTUPEFACIENTES O PSICOTROPICAS Y/O MEDICAMENTOS.",CHOQUE FRONTAL,CAMIONETA,0,0,0,0,1,0,0,0,1,0,0,0,0,2,30,HOMBRE,LESIONADO,CONDUCTOR PRESENTE,NO,NO,1
24436,92002,92003,2020,0,0,-0.328831,-78.560625,PICHINCHA,QUITO,QUITO,URBANA,2020-10-24,19:40:00,19,SABADO,6,OCTUBRE,10,NO,"FALLA MECANICA EN LOS SISTEMAS Y/O NEUMATICOS (SISTEMA DE FRENOS, DIRECCION, ELECTRONICO O MECANICO).",OTROS,CAMION,0,0,0,1,0,0,0,0,0,0,0,0,0,1,-1,NO IDENTIFICADO,NO IDENTIFICADO,CONDUCTOR AUSENTE,NO,NO,2
24437,92003,92004,2020,0,0,-0.439722,-78.773888,PICHINCHA,MEJIA,MANUEL CORNEJO ASTORGA,RURAL,2020-10-24,19:54:00,19,SABADO,6,OCTUBRE,10,NO,"NO RESPETAR LAS SENIALES REGLAMENTARIAS DE TRANSITO. (PARE, CEDA EL PASO, LUZ ROJA DEL SEMAFORO, ETC).",CHOQUE LATERAL,CAMION,1,0,0,1,0,0,0,0,0,0,0,0,0,2,50,HOMBRE,ILESO,CONDUCTOR PRESENTE,NO,NO,3
24438,92015,92016,2020,0,0,-0.292724,-78.476486,PICHINCHA,QUITO,CONOCOTO,RURAL,2020-10-24,20:45:00,20,SABADO,6,OCTUBRE,10,NO,CONDUCIR VEHICULO SUPERANDO LOS LIMITES MAXIMOS DE VELOCIDAD.,OTROS,AUTOMOVIL,1,0,0,0,0,0,0,0,0,0,0,0,0,1,-1,NO IDENTIFICADO,NO IDENTIFICADO,CONDUCTOR AUSENTE,NO,NO,2
24439,92020,92021,2020,0,0,-0.164784,-78.461171,PICHINCHA,QUITO,QUITO,URBANA,2020-10-24,22:07:00,22,SABADO,6,OCTUBRE,10,NO,"CONDUCE BAJO LA INFLUENCIA DE ALCOHOL, SUSTANCIAS ESTUPEFACIENTES O PSICOTROPICAS Y/O MEDICAMENTOS.",COLISION,AUTOMOVIL,3,0,0,0,0,0,0,0,0,0,0,0,0,3,34,HOMBRE,ILESO,CONDUCTOR PRESENTE,NO,NO,1
24440,92023,92024,2020,0,1,-0.295391,-78.356072,PICHINCHA,QUITO,PIFO,RURAL,2020-10-25,00:20:00,0,DOMINGO,7,OCTUBRE,10,NO,"CONDUCIR DESATENTO A LAS CONDICIONES DE TRANSITO (CELULAR, PANTALLAS DE VIDEO, COMIDA, MAQUILLAJE O CUALQUIER OTRO ELEMENTO DISTRACTOR).",ESTRELLAMIENTOS,VEHICULO DEPORTIVO UTILITARIO,0,0,0,0,0,0,0,0,0,0,0,0,1,1,29,HOMBRE,FALLECIDO,CONDUCTOR PRESENTE,NO,SI,3
24441,92036,92037,2020,2,0,-0.260041,-78.539328,PICHINCHA,QUITO,QUITO,URBANA,2020-10-25,04:50:00,4,DOMINGO,7,OCTUBRE,10,NO,"CONDUCE BAJO LA INFLUENCIA DE ALCOHOL, SUSTANCIAS ESTUPEFACIENTES O PSICOTROPICAS Y/O MEDICAMENTOS.",CHOQUE LATERAL,FURGONETA,1,0,0,0,0,0,0,1,0,0,0,0,0,2,53,HOMBRE,LESIONADO,CONDUCTOR PRESENTE,NO,NO,1
24442,92039,92040,2020,0,0,-0.218421,-78.388507,PICHINCHA,QUITO,TUMBACO,RURAL,2020-10-25,05:30:00,5,DOMINGO,7,OCTUBRE,10,NO,CONDUCIR VEHICULO SUPERANDO LOS LIMITES MAXIMOS DE VELOCIDAD.,ESTRELLAMIENTOS,AUTOMOVIL,1,0,0,0,0,0,0,0,0,0,0,0,0,1,-1,NO IDENTIFICADO,NO IDENTIFICADO,CONDUCTOR AUSENTE,NO,NO,2
24443,92041,92042,2020,0,0,-0.254554,-78.530844,PICHINCHA,QUITO,QUITO,URBANA,2020-10-25,07:10:00,7,DOMINGO,7,OCTUBRE,10,NO,"CONDUCE BAJO LA INFLUENCIA DE ALCOHOL, SUSTANCIAS ESTUPEFACIENTES O PSICOTROPICAS Y/O MEDICAMENTOS.",ESTRELLAMIENTOS,AUTOMOVIL,2,0,0,0,0,0,0,0,0,0,0,0,0,2,33,HOMBRE,ILESO,CONDUCTOR PRESENTE,NO,NO,1
24444,92048,92049,2020,3,0,-0.263991,-78.487764,PICHINCHA,QUITO,CONOCOTO,RURAL,2020-10-25,08:27:00,8,DOMINGO,7,OCTUBRE,10,NO,"NO RESPETAR LAS SENIALES REGLAMENTARIAS DE TRANSITO. (PARE, CEDA EL PASO, LUZ ROJA DEL SEMAFORO, ETC).",CHOQUE FRONTAL,AUTOMOVIL,1,0,0,0,1,0,0,0,0,0,0,0,0,2,24,MUJER,LESIONADO,PASAJERO,NO,NO,3
24445,92049,92050,2020,0,0,-0.328479,-78.522294,PICHINCHA,QUITO,QUITO,URBANA,2020-10-25,08:30:00,8,DOMINGO,7,OCTUBRE,10,NO,MALAS CONDICIONES DE LA VIA Y/O CONFIGURACION. (ILUMINACION Y DISENIO).,OTROS,AUTOMOVIL,1,0,0,0,0,0,0,0,0,0,0,0,0,1,-1,NO IDENTIFICADO,NO IDENTIFICADO,CONDUCTOR AUSENTE,NO,NO,2
24446,92051,92052,2020,1,0,-0.101884,-78.491351,PICHINCHA,QUITO,QUITO,URBANA,2020-10-25,08:50:00,8,DOMINGO,7,OCTUBRE,10,NO,"CONDUCE BAJO LA INFLUENCIA DE ALCOHOL, SUSTANCIAS ESTUPEFACIENTES O PSICOTROPICAS Y/O MEDICAMENTOS.",CHOQUE POSTERIOR,FURGONETA,1,0,0,0,0,0,0,1,0,0,0,0,0,2,43,MUJER,LESIONADO,PASAJERO,NO,NO,1
24447,92052,92053,2020,1,0,-0.286229,-78.563741,PICHINCHA,QUITO,QUITO,URBANA,2020-10-25,10:50:00,10,DOMINGO,7,OCTUBRE,10,NO,"NO RESPETAR LAS SENIALES REGLAMENTARIAS DE TRANSITO. (PARE, CEDA EL PASO, LUZ ROJA DEL SEMAFORO, ETC).",COLISION,AUTOMOVIL,3,0,0,0,0,0,0,0,0,0,0,0,0,3,20,MUJER,LESIONADO,PASAJERO,NO,NO,1
24448,92054,92055,2020,0,0,-0.222111,-78.524912,PICHINCHA,QUITO,QUITO,URBANA,2020-10-25,11:15:00,11,DOMINGO,7,OCTUBRE,10,NO,CONDUCIR VEHICULO SUPERANDO LOS LIMITES MAXIMOS DE VELOCIDAD.,ESTRELLAMIENTOS,MOTOCICLETA,1,0,0,0,0,0,0,0,1,0,0,0,0,2,-1,NO IDENTIFICADO,NO IDENTIFICADO,CONDUCTOR AUSENTE,NO,NO,2
24449,92055,92056,2020,0,0,-0.239775,-78.537462,PICHINCHA,QUITO,QUITO,URBANA,2020-10-25,11:30:00,11,DOMINGO,7,OCTUBRE,10,NO,"CONDUCE BAJO LA INFLUENCIA DE ALCOHOL, SUSTANCIAS ESTUPEFACIENTES O PSICOTROPICAS Y/O MEDICAMENTOS.",CHOQUE POSTERIOR,MOTOCICLETA,1,0,0,0,0,0,0,0,1,0,0,0,0,2,30,HOMBRE,ILESO,CONDUCTOR PRESENTE,NO,NO,1
24450,92063,92064,2020,0,0,-0.291177,-78.545891,PICHINCHA,QUITO,QUITO,URBANA,2020-10-25,13:10:00,13,DOMINGO,7,OCTUBRE,10,NO,"NO RESPETAR LAS SENIALES REGLAMENTARIAS DE TRANSITO. (PARE, CEDA EL PASO, LUZ ROJA DEL SEMAFORO, ETC).",CHOQUE LATERAL,CAMIONETA,0,0,0,0,1,0,0,1,0,0,0,0,0,2,32,HOMBRE,ILESO,CONDUCTOR PRESENTE,NO,NO,1
24451,92069,92070,2020,0,0,-0.120588,-78.481821,PICHINCHA,QUITO,QUITO,URBANA,2020-10-25,15:10:00,15,DOMINGO,7,OCTUBRE,10,NO,"CONDUCIR DESATENTO A LAS CONDICIONES DE TRANSITO (CELULAR, PANTALLAS DE VIDEO, COMIDA, MAQUILLAJE O CUALQUIER OTRO ELEMENTO DISTRACTOR).",OTROS,AUTOMOVIL,2,0,0,0,0,0,0,0,0,0,0,0,0,2,47,MUJER,ILESO,CONDUCTOR PRESENTE,NO,NO,1
24452,92078,92079,2020,0,0,-0.204444,-78.449444,PICHINCHA,QUITO,CUMBAYA,RURAL,2020-10-25,17:16:00,17,DOMINGO,7,OCTUBRE,10,NO,"CONDICIONES AMBIENTALES Y/O ATMOSFERICAS (NIEBLA, NEBLINA, GRANIZO, LLUVIA).",CHOQUE LATERAL,MOTOCICLETA,1,0,0,0,0,0,0,0,1,0,0,0,0,2,33,HOMBRE,ILESO,CONDUCTOR PRESENTE,NO,NO,3
24453,92087,92088,2020,1,0,-0.236129,-78.526758,PICHINCHA,QUITO,QUITO,URBANA,2020-10-25,20:15:00,20,DOMINGO,7,OCTUBRE,10,NO,PEATON QUE CRUZA LA CALZADA SIN RESPETAR LA SENIALIZACION EXISTENTE (SEMAFOROS O SENIALES MANUALES).,ATROPELLOS,NO IDENTIFICADO,0,0,0,0,0,0,0,0,0,1,0,0,0,1,60,MUJER,LESIONADO,PEATON,NO,NO,1
24454,92091,92092,2020,0,0,-0.338304,-78.549273,PICHINCHA,QUITO,QUITO,URBANA,2020-10-25,21:20:00,21,DOMINGO,7,OCTUBRE,10,NO,"CONDICIONES AMBIENTALES Y/O ATMOSFERICAS (NIEBLA, NEBLINA, GRANIZO, LLUVIA).",ESTRELLAMIENTOS,AUTOMOVIL,1,0,0,0,0,0,0,0,0,0,0,0,0,1,-1,NO IDENTIFICADO,NO IDENTIFICADO,CONDUCTOR AUSENTE,NO,NO,2
24455,92104,92105,2020,3,0,-0.299861,-78.473167,PICHINCHA,QUITO,CONOCOTO,RURAL,2020-10-26,07:00:00,7,LUNES,1,OCTUBRE,10,NO,CONDUCIR EN SENTIDO CONTRARIO A LA VIA NORMAL DE CIRCULACION.,CHOQUE FRONTAL,AUTOMOVIL,2,0,0,0,0,0,0,0,0,0,0,0,0,2,6,HOMBRE,LESIONADO,PASAJERO,NO,NO,3
24456,92116,92117,2020,1,0,-0.087001,-78.422459,PICHINCHA,QUITO,CALDERON (CARAPUNGO),RURAL,2020-10-26,09:40:00,9,LUNES,1,OCTUBRE,10,NO,"NO RESPETAR LAS SENIALES REGLAMENTARIAS DE TRANSITO. (PARE, CEDA EL PASO, LUZ ROJA DEL SEMAFORO, ETC).",CHOQUE FRONTAL,MOTOCICLETA,0,0,0,1,0,0,0,0,1,0,0,0,0,2,33,HOMBRE,LESIONADO,CONDUCTOR PRESENTE,NO,NO,3
24457,92122,92123,2020,1,0,-0.015519,-78.436791,PICHINCHA,QUITO,SAN ANTONIO (QUITO),RURAL,2020-10-26,13:55:00,13,LUNES,1,OCTUBRE,10,NO,NO CEDER EL DERECHO DE VIA O PREFERENCIA DE PASO A VEHICULOS.,CHOQUE LATERAL,MOTOCICLETA,0,0,0,0,0,0,0,0,1,1,0,0,0,2,27,HOMBRE,LESIONADO,CONDUCTOR PRESENTE,SI,NO,3