,Unnamed: 0,ID,ANIO,LESIONADOS,FALLECIDOS,LATITUD_Y,LONGITUD_X,PROVINCIA,CANTON,PARROQUIA,ZONA,FECHA,HORA,PERIODO_2,DIA_1,DIA_2,MES_1,MES_2,FERIADO,CAUSA_PROBABLE,TIPO_DE_SINIESTRO,TIPO_DE_VEHICULO_1,AUTOMOVIL,BICICLETA,BUS,CAMION,CAMIONETA,EMERGENCIAS,ESPECIAL,FURGONETA,MOTOCICLETA,NO_IDENTIFICADO,SCOOTER_ELECTRICO,TRICIMOTO,VEHICULO_DEPORTIVO_UTILITARIO,SUMA_DE_VEHICULOS,EDAD_1,SEXO_1,CONDICION_1,PARTICIPANTE_1,CASCO_1,CINTURON_1,KMeans_Cluster
24458,92126,92127,2020,1,0,0.044368,-78.145122,PICHINCHA,CAYAMBE,CAYAMBE,URBANA,2020-10-26,15:05:00,15,LUNES,1,OCTUBRE,10,NO,PEATON QUE CRUZA LA CALZADA SIN RESPETAR LA SENIALIZACION EXISTENTE (SEMAFOROS O SENIALES MANUALES).,ATROPELLOS,CAMIONETA,0,0,0,0,1,0,0,0,0,0,0,0,0,1,2,MUJER,LESIONADO,PEATON,NO,SI,1
24459,92140,92141,2020,0,0,-0.203056,-78.458398,PICHINCHA,QUITO,QUITO,RURAL,2020-10-26,22:00:00,22,LUNES,1,OCTUBRE,10,NO,CONDUCIR VEHICULO SUPERANDO LOS LIMITES MAXIMOS DE VELOCIDAD.,ESTRELLAMIENTOS,AUTOMOVIL,1,0,0,0,0,0,0,0,0,0,0,0,0,1,30,HOMBRE,ILESO,CONDUCTOR PRESENTE,NO,NO,3
24460,92145,92146,2020,0,0,-0.213591,-78.497504,PICHINCHA,QUITO,QUITO,URBANA,2020-10-27,04:15:00,4,MARTES,2,OCTUBRE,10,NO,CONDUCIR VEHICULO SUPERANDO LOS LIMITES MAXIMOS DE VELOCIDAD.,ESTRELLAMIENTOS,AUTOMOVIL,1,0,0,0,0,0,0,0,0,0,0,0,0,1,31,HOMBRE,ILESO,CONDUCTOR PRESENTE,NO,NO,1
24461,92148,92149,2020,0,0,-0.465839,-78.582297,PICHINCHA,MEJIA,ALOAG,RURAL,2020-10-27,06:20:00,6,MARTES,2,OCTUBRE,10,NO,"CONDUCIR DESATENTO A LAS CONDICIONES DE TRANSITO (CELULAR, PANTALLAS DE VIDEO, COMIDA, MAQUILLAJE O CUALQUIER OTRO ELEMENTO DISTRACTOR).",PERDIDA DE PISTA,CAMION,0,0,0,1,0,0,0,0,0,0,0,0,0,1,42,HOMBRE,ILESO,CONDUCTOR PRESENTE,NO,NO,3
24462,92151,92152,2020,0,0,-0.197511,-78.500475,PICHINCHA,QUITO,QUITO,URBANA,2020-10-27,07:20:00,7,MARTES,2,OCTUBRE,10,NO,"NO RESPETAR LAS SENIALES REGLAMENTARIAS DE TRANSITO. (PARE, CEDA EL PASO, LUZ ROJA DEL SEMAFORO, ETC).",CHOQUE POSTERIOR,AUTOMOVIL,1,0,1,0,0,0,0,0,0,0,0,0,0,2,50,HOMBRE,ILESO,CONDUCTOR PRESENTE,NO,NO,1
24463,92152,92153,2020,1,0,-0.218381,-78.521483,PICHINCHA,QUITO,QUITO,URBANA,2020-10-27,07:45:00,7,MARTES,2,OCTUBRE,10,NO,NO TRANSITAR POR LAS ACERAS O ZONAS DE SEGURIDAD DESTINADAS PARA EL EFECTO.,ATROPELLOS,AUTOMOVIL,1,0,0,0,0,0,0,0,0,0,0,0,0,1,58,MUJER,LESIONADO,PEATON,NO,NO,1
24464,92160,92161,2020,1,0,0.012525,-78.594661,PICHINCHA,QUITO,NONO,RURAL,2020-10-27,10:30:00,10,MARTES,2,OCTUBRE,10,NO,"CONDUCIR DESATENTO A LAS CONDICIONES DE TRANSITO (CELULAR, PANTALLAS DE VIDEO, COMIDA, MAQUILLAJE O CUALQUIER OTRO ELEMENTO DISTRACTOR).",CHOQUE FRONTAL,AUTOMOVIL,2,0,0,0,0,0,0,0,0,0,0,0,0,2,28,HOMBRE,LESIONADO,PASAJERO,NO,SI,3
24465,92162,92163,2020,1,0,-0.242681,-78.497364,PICHINCHA,QUITO,QUITO,URBANA,2020-10-27,11:59:00,11,MARTES,2,OCTUBRE,10,NO,NO MANTENER LA DISTANCIA PRUDENCIAL CON RESPECTO AL VEHICULO QUE LE ANTECEDE.,CHOQUE POSTERIOR,AUTOMOVIL,1,0,0,0,0,0,0,0,1,0,0,0,0,2,32,HOMBRE,LESIONADO,CONDUCTOR PRESENTE,NO,NO,1
24466,92169,92170,2020,0,0,-0.213467,-78.502702,PICHINCHA,QUITO,QUITO,URBANA,2020-10-27,13:20:00,13,MARTES,2,OCTUBRE,10,NO,CONDUCIR VEHICULO SUPERANDO LOS LIMITES MAXIMOS DE VELOCIDAD.,PERDIDA DE CARRIL,CAMIONETA,0,0,0,0,1,0,0,0,0,0,0,0,0,1,70,MUJER,ILESO,PASAJERO,NO,NO,1
24467,92175,92176,2020,0,0,-0.091166,-78.473788,PICHINCHA,QUITO,QUITO,URBANA,2020-10-27,16:15:00,16,MARTES,2,OCTUBRE,10,NO,"NO RESPETAR LAS SENIALES REGLAMENTARIAS DE TRANSITO. (PARE, CEDA EL PASO, LUZ ROJA DEL SEMAFORO, ETC).",CHOQUE POSTERIOR,AUTOMOVIL,2,0,0,0,0,0,0,0,0,0,0,0,0,2,24,HOMBRE,ILESO,CONDUCTOR PRESENTE,NO,NO,1
24468,92178,92179,2020,0,0,-0.245396,-78.533881,PICHINCHA,QUITO,QUITO,URBANA,2020-10-27,17:50:00,17,MARTES,2,OCTUBRE,10,NO,"NO RESPETAR LAS SENIALES REGLAMENTARIAS DE TRANSITO. (PARE, CEDA EL PASO, LUZ ROJA DEL SEMAFORO, ETC).",CHOQUE LATERAL,AUTOMOVIL,1,0,0,0,0,0,0,0,0,1,0,0,0,2,43,HOMBRE,ILESO,CONDUCTOR PRESENTE,NO,NO,1
24469,92185,92186,2020,0,0,-0.189987,-78.454053,PICHINCHA,QUITO,NAYON,RURAL,2020-10-28,02:10:00,2,MIERCOLES,3,OCTUBRE,10,NO,CONDUCIR VEHICULO SUPERANDO LOS LIMITES MAXIMOS DE VELOCIDAD.,ESTRELLAMIENTOS,CAMIONETA,0,0,0,0,1,0,0,0,0,0,0,0,0,1,47,HOMBRE,ILESO,CONDUCTOR PRESENTE,NO,NO,3
24470,92192,92193,2020,2,0,-0.136293,-78.471153,PICHINCHA,QUITO,QUITO,URBANA,2020-10-28,06:25:00,6,MIERCOLES,3,OCTUBRE,10,NO,"CONDUCIR DESATENTO A LAS CONDICIONES DE TRANSITO (CELULAR, PANTALLAS DE VIDEO, COMIDA, MAQUILLAJE O CUALQUIER OTRO ELEMENTO DISTRACTOR).",CHOQUE LATERAL,MOTOCICLETA,1,0,0,0,0,0,0,0,1,0,0,0,0,2,28,MUJER,LESIONADO,PASAJERO,NO,NO,1
24471,92193,92194,2020,1,0,-0.243374,-78.522093,PICHINCHA,QUITO,QUITO,URBANA,2020-10-28,06:50:00,6,MIERCOLES,3,OCTUBRE,10,NO,CONDUCIR VEHICULO SUPERANDO LOS LIMITES MAXIMOS DE VELOCIDAD.,ESTRELLAMIENTOS,MOTOCICLETA,1,0,0,0,0,0,0,0,1,0,0,0,0,2,29,HOMBRE,LESIONADO,CONDUCTOR PRESENTE,NO,NO,1
24472,92194,92195,2020,0,0,0.02452,-78.644163,PICHINCHA,QUITO,NONO,RURAL,2020-10-28,07:30:00,7,MIERCOLES,3,OCTUBRE,10,NO,"CONDUCIR DESATENTO A LAS CONDICIONES DE TRANSITO (CELULAR, PANTALLAS DE VIDEO, COMIDA, MAQUILLAJE O CUALQUIER OTRO ELEMENTO DISTRACTOR).",CHOQUE LATERAL,CAMIONETA,1,0,0,0,1,0,0,0,0,0,0,0,0,2,55,HOMBRE,ILESO,CONDUCTOR PRESENTE,NO,SI,3
24473,92196,92197,2020,1,0,-0.244123,-78.534562,PICHINCHA,QUITO,QUITO,URBANA,2020-10-28,08:30:00,8,MIERCOLES,3,OCTUBRE,10,NO,NO CEDER EL DERECHO DE VIA O PREFERENCIA DE PASO A VEHICULOS.,CHOQUE LATERAL,AUTOMOVIL,2,0,0,0,0,0,0,0,0,0,0,0,0,2,29,MUJER,LESIONADO,PASAJERO,NO,NO,1
24474,92197,92198,2020,3,0,-0.375496,-78.506023,PICHINCHA,QUITO,AMAGUANIA,RURAL,2020-10-28,09:00:00,9,MIERCOLES,3,OCTUBRE,10,NO,"ADELANTAR O REBASAR A OTRO VEHICULO EN MOVIMIENTO EN ZONAS O SITIOS PELIGROSOS TALES COMO: CURVAS, PUENTES, TUNELES, PENDIENTES, ETC.",CHOQUE FRONTAL,CAMIONETA,0,0,0,0,2,0,0,0,0,0,0,0,0,2,4,HOMBRE,LESIONADO,PASAJERO,NO,NO,3
24475,92202,92203,2020,0,0,-0.328715,-78.534802,PICHINCHA,QUITO,QUITO,URBANA,2020-10-28,11:20:00,11,MIERCOLES,3,OCTUBRE,10,NO,NO MANTENER LA DISTANCIA PRUDENCIAL CON RESPECTO AL VEHICULO QUE LE ANTECEDE.,CHOQUE POSTERIOR,AUTOMOVIL,1,0,0,0,0,0,0,0,0,1,0,0,0,2,24,MUJER,ILESO,CONDUCTOR PRESENTE,NO,NO,1
24476,92209,92210,2020,1,0,-0.177172,-78.479417,PICHINCHA,QUITO,QUITO,URBANA,2020-10-28,12:45:00,12,MIERCOLES,3,OCTUBRE,10,NO,PEATON QUE CRUZA LA CALZADA SIN RESPETAR LA SENIALIZACION EXISTENTE (SEMAFOROS O SENIALES MANUALES).,ATROPELLOS,CAMION,0,0,0,1,0,0,0,0,0,0,0,0,0,1,7,MUJER,LESIONADO,PEATON,NO,NO,1
24477,92211,92212,2020,1,0,-0.265393,-78.286271,PICHINCHA,QUITO,PIFO,URBANA,2020-10-28,14:00:00,14,MIERCOLES,3,OCTUBRE,10,NO,"CONDUCIR DESATENTO A LAS CONDICIONES DE TRANSITO (CELULAR, PANTALLAS DE VIDEO, COMIDA, MAQUILLAJE O CUALQUIER OTRO ELEMENTO DISTRACTOR).",PERDIDA DE CARRIL,CAMIONETA,0,0,0,0,1,0,0,0,0,0,0,0,0,1,22,HOMBRE,LESIONADO,PASAJERO,NO,SI,1
24478,92222,92223,2020,1,0,-0.280665,-78.521033,PICHINCHA,QUITO,QUITO,RURAL,2020-10-28,17:30:00,17,MIERCOLES,3,OCTUBRE,10,NO,"NO RESPETAR LAS SENIALES REGLAMENTARIAS DE TRANSITO. (PARE, CEDA EL PASO, LUZ ROJA DEL SEMAFORO, ETC).",OTROS,NO IDENTIFICADO,0,0,0,0,0,0,0,0,0,2,0,0,0,2,51,HOMBRE,LESIONADO,CONDUCTOR PRESENTE,NO,NO,3
24479,92224,92225,2020,1,0,-0.340339,-78.550017,PICHINCHA,QUITO,QUITO,URBANA,2020-10-28,18:00:00,18,MIERCOLES,3,OCTUBRE,10,NO,CONDUCIR VEHICULO SUPERANDO LOS LIMITES MAXIMOS DE VELOCIDAD.,OTROS,AUTOMOVIL,1,0,0,0,0,0,0,0,0,0,0,0,0,1,31,MUJER,LESIONADO,PEATON,NO,NO,1
24480,92249,92250,2020,0,0,-0.316378,-78.953974,PICHINCHA,MEJIA,MANUEL CORNEJO ASTORGA,RURAL,2020-10-29,06:50:00,6,JUEVES,4,OCTUBRE,10,NO,"NO RESPETAR LAS SENIALES REGLAMENTARIAS DE TRANSITO. (PARE, CEDA EL PASO, LUZ ROJA DEL SEMAFORO, ETC).",CHOQUE LATERAL,CAMIONETA,0,0,0,1,1,0,0,0,0,0,0,0,0,2,59,HOMBRE,ILESO,CONDUCTOR PRESENTE,NO,NO,3
24481,92253,92254,2020,0,0,-0.365269,-78.837441,PICHINCHA,MEJIA,MANUEL CORNEJO ASTORGA,RURAL,2020-10-29,10:30:00,10,JUEVES,4,OCTUBRE,10,NO,"CONDUCIR DESATENTO A LAS CONDICIONES DE TRANSITO (CELULAR, PANTALLAS DE VIDEO, COMIDA, MAQUILLAJE O CUALQUIER OTRO ELEMENTO DISTRACTOR).",PERDIDA DE PISTA,CAMIONETA,0,0,0,0,1,0,0,0,0,0,0,0,0,1,-1,NO IDENTIFICADO,NO IDENTIFICADO,CONDUCTOR AUSENTE,NO,NO,2
24482,92254,92255,2020,2,0,-0.214643,-78.516701,PICHINCHA,QUITO,QUITO,URBANA,2020-10-29,11:10:00,11,JUEVES,4,OCTUBRE,10,NO,"FALLA MECANICA EN LOS SISTEMAS Y/O NEUMATICOS (SISTEMA DE FRENOS, DIRECCION, ELECTRONICO O MECANICO).",OTROS,AUTOMOVIL,1,0,0,0,0,0,0,0,0,0,0,0,0,1,-1,MUJER,LESIONADO,PEATON,NO,NO,1
24483,92258,92259,2020,1,0,-0.271125,-78.551998,PICHINCHA,QUITO,QUITO,URBANA,2020-10-29,12:45:00,12,JUEVES,4,OCTUBRE,10,NO,"CONDUCE BAJO LA INFLUENCIA DE ALCOHOL, SUSTANCIAS ESTUPEFACIENTES O PSICOTROPICAS Y/O MEDICAMENTOS.",CHOQUE LATERAL,CAMIONETA,1,0,0,0,1,0,0,0,0,0,0,0,0,2,41,HOMBRE,LESIONADO,CONDUCTOR PRESENTE,NO,NO,1
24484,92261,92262,2020,0,0,-0.273118,-78.553031,PICHINCHA,QUITO,QUITO,URBANA,2020-10-29,13:00:00,13,JUEVES,4,OCTUBRE,10,NO,"NO RESPETAR LAS SENIALES REGLAMENTARIAS DE TRANSITO. (PARE, CEDA EL PASO, LUZ ROJA DEL SEMAFORO, ETC).",CHOQUE LATERAL,MOTOCICLETA,0,0,0,1,0,0,0,0,1,0,0,0,0,2,22,HOMBRE,ILESO,CONDUCTOR PRESENTE,NO,NO,1
24485,92269,92270,2020,0,0,-0.066374,-78.458211,PICHINCHA,QUITO,POMASQUI,RURAL,2020-10-29,16:56:00,16,JUEVES,4,OCTUBRE,10,NO,"CONDUCE BAJO LA INFLUENCIA DE ALCOHOL, SUSTANCIAS ESTUPEFACIENTES O PSICOTROPICAS Y/O MEDICAMENTOS.",CHOQUE POSTERIOR,BUS,0,0,1,0,0,0,0,0,0,0,0,0,1,2,48,HOMBRE,ILESO,CONDUCTOR PRESENTE,NO,SI,3
24486,92277,92278,2020,0,0,-0.188701,-78.500128,PICHINCHA,QUITO,QUITO,URBANA,2020-10-29,20:20:00,20,JUEVES,4,OCTUBRE,10,NO,NO CEDER EL DERECHO DE VIA O PREFERENCIA DE PASO A VEHICULOS.,CHOQUE LATERAL,AUTOMOVIL,2,0,0,0,0,0,0,0,0,0,0,0,0,2,29,HOMBRE,ILESO,CONDUCTOR PRESENTE,NO,NO,1
24487,92281,92282,2020,0,0,-0.163916,-78.464441,PICHINCHA,QUITO,QUITO,URBANA,2020-10-29,21:40:00,21,JUEVES,4,OCTUBRE,10,NO,CONDUCIR VEHICULO SUPERANDO LOS LIMITES MAXIMOS DE VELOCIDAD.,ESTRELLAMIENTOS,AUTOMOVIL,1,0,0,0,0,0,0,0,0,0,0,0,0,1,-1,NO IDENTIFICADO,NO IDENTIFICADO,CONDUCTOR AUSENTE,NO,NO,2
24488,92287,92288,2020,0,0,-0.193327,-78.476315,PICHINCHA,QUITO,QUITO,URBANA,2020-10-30,01:35:00,1,VIERNES,5,OCTUBRE,10,SI,CONDUCIR VEHICULO SUPERANDO LOS LIMITES MAXIMOS DE VELOCIDAD.,VOLCAMIENTOS,AUTOMOVIL,1,0,0,0,0,0,0,0,0,0,0,0,0,1,-1,NO IDENTIFICADO,NO IDENTIFICADO,CONDUCTOR AUSENTE,NO,NO,2
24489,92291,92292,2020,0,1,-0.161241,-78.495668,PICHINCHA,QUITO,QUITO,URBANA,2020-10-30,04:50:00,4,VIERNES,5,OCTUBRE,10,SI,"NO RESPETAR LAS SENIALES REGLAMENTARIAS DE TRANSITO. (PARE, CEDA EL PASO, LUZ ROJA DEL SEMAFORO, ETC).",OTROS,AUTOMOVIL,2,0,0,0,0,0,0,0,0,0,0,0,0,2,40,HOMBRE,FALLECIDO,CONDUCTOR PRESENTE,NO,NO,1
24490,92293,92294,2020,0,0,-0.303984,-78.542653,PICHINCHA,QUITO,QUITO,URBANA,2020-10-30,06:27:00,6,VIERNES,5,OCTUBRE,10,SI,CONDUCIR VEHICULO SUPERANDO LOS LIMITES MAXIMOS DE VELOCIDAD.,OTROS,AUTOMOVIL,1,0,0,0,0,0,0,0,0,0,0,0,0,1,-1,NO IDENTIFICADO,NO IDENTIFICADO,CONDUCTOR AUSENTE,NO,NO,2
24491,92297,92298,2020,0,0,-0.282574,-78.556081,PICHINCHA,QUITO,QUITO,URBANA,2020-10-30,07:20:00,7,VIERNES,5,OCTUBRE,10,SI,CONDUCIR VEHICULO SUPERANDO LOS LIMITES MAXIMOS DE VELOCIDAD.,OTROS,AUTOMOVIL,1,0,0,0,0,0,0,0,0,0,0,0,0,1,-1,NO IDENTIFICADO,NO IDENTIFICADO,CONDUCTOR AUSENTE,NO,NO,2
24492,92298,92299,2020,1,0,-0.278039,-78.556991,PICHINCHA,QUITO,QUITO,URBANA,2020-10-30,07:20:00,7,VIERNES,5,OCTUBRE,10,SI,"NO RESPETAR LAS SENIALES REGLAMENTARIAS DE TRANSITO. (PARE, CEDA EL PASO, LUZ ROJA DEL SEMAFORO, ETC).",CHOQUE LATERAL,AUTOMOVIL,2,0,0,0,0,0,0,0,0,0,0,0,0,2,30,MUJER,LESIONADO,CONDUCTOR PRESENTE,NO,NO,1
24493,92300,92301,2020,0,1,-0.170616,-78.478034,PICHINCHA,QUITO,QUITO,URBANA,2020-10-30,08:00:00,8,VIERNES,5,OCTUBRE,10,SI,CONDUCIR VEHICULO SUPERANDO LOS LIMITES MAXIMOS DE VELOCIDAD.,CHOQUE LATERAL,MOTOCICLETA,1,0,0,0,0,0,0,0,1,0,0,0,0,2,39,HOMBRE,FALLECIDO,CONDUCTOR PRESENTE,NO,NO,1
24494,92301,92302,2020,0,0,-0.202103,-78.486509,PICHINCHA,QUITO,QUITO,URBANA,2020-10-30,08:15:00,8,VIERNES,5,OCTUBRE,10,SI,NO CEDER EL DERECHO DE VIA O PREFERENCIA DE PASO A VEHICULOS.,CHOQUE LATERAL,AUTOMOVIL,2,0,0,0,0,0,0,0,0,0,0,0,0,2,52,HOMBRE,ILESO,CONDUCTOR PRESENTE,NO,NO,1
24495,92303,92304,2020,1,0,-0.189085,-78.511758,PICHINCHA,QUITO,QUITO,URBANA,2020-10-30,09:30:00,9,VIERNES,5,OCTUBRE,10,SI,CONDUCIR VEHICULO SUPERANDO LOS LIMITES MAXIMOS DE VELOCIDAD.,CHOQUE POSTERIOR,MOTOCICLETA,0,0,0,0,0,0,0,0,1,1,0,0,0,2,27,HOMBRE,LESIONADO,CONDUCTOR PRESENTE,NO,NO,1
24496,92304,92305,2020,2,0,0.138608,-78.676241,PICHINCHA,QUITO,NANEGAL,RURAL,2020-10-30,10:20:00,10,VIERNES,5,OCTUBRE,10,SI,CONDUCIR EN SENTIDO CONTRARIO A LA VIA NORMAL DE CIRCULACION.,CHOQUE FRONTAL,BICICLETA,0,1,0,0,0,0,0,0,1,0,0,0,0,2,17,HOMBRE,LESIONADO,PASAJERO,NO,NO,3
24497,92310,92311,2020,0,0,-0.246193,-78.528104,PICHINCHA,QUITO,QUITO,URBANA,2020-10-30,12:00:00,12,VIERNES,5,OCTUBRE,10,SI,CONDUCIR VEHICULO SUPERANDO LOS LIMITES MAXIMOS DE VELOCIDAD.,OTROS,AUTOMOVIL,1,0,0,0,0,0,0,0,0,0,0,0,0,1,-1,NO IDENTIFICADO,NO IDENTIFICADO,CONDUCTOR AUSENTE,NO,NO,2
24498,92315,92316,2020,0,0,-0.195354,-78.507697,PICHINCHA,QUITO,QUITO,URBANA,2020-10-30,13:02:00,13,VIERNES,5,OCTUBRE,10,SI,NO CEDER EL DERECHO DE VIA O PREFERENCIA DE PASO A VEHICULOS.,CHOQUE LATERAL,AUTOMOVIL,2,0,0,0,0,0,0,0,0,0,0,0,0,2,22,HOMBRE,ILESO,CONDUCTOR PRESENTE,NO,NO,1
24499,92316,92317,2020,1,0,-0.232615,-78.503695,PICHINCHA,QUITO,QUITO,URBANA,2020-10-30,13:20:00,13,VIERNES,5,OCTUBRE,10,SI,NO MANTENER LA DISTANCIA PRUDENCIAL CON RESPECTO AL VEHICULO QUE LE ANTECEDE.,COLISION,AUTOMOVIL,2,0,1,0,0,0,0,0,0,0,0,0,0,3,54,MUJER,LESIONADO,CONDUCTOR PRESENTE,NO,NO,1
24500,92328,92329,2020,0,0,-0.163058,-78.475467,PICHINCHA,QUITO,QUITO,URBANA,2020-10-30,17:05:00,17,VIERNES,5,OCTUBRE,10,SI,NO MANTENER LA DISTANCIA PRUDENCIAL CON RESPECTO AL VEHICULO QUE LE ANTECEDE.,CHOQUE POSTERIOR,AUTOMOVIL,2,0,0,0,0,0,0,0,0,0,0,0,0,2,35,HOMBRE,ILESO,CONDUCTOR PRESENTE,NO,NO,1
24501,92331,92332,2020,0,0,-0.328479,-78.522294,PICHINCHA,QUITO,QUITO,URBANA,2020-10-30,18:00:00,18,VIERNES,5,OCTUBRE,10,SI,NO MANTENER LA DISTANCIA PRUDENCIAL CON RESPECTO AL VEHICULO QUE LE ANTECEDE.,CHOQUE POSTERIOR,CAMIONETA,1,0,0,0,1,0,0,0,0,0,0,0,0,2,28,MUJER,ILESO,PASAJERO,NO,NO,1
24502,92339,92340,2020,1,0,-0.310743,-78.561009,PICHINCHA,QUITO,QUITO,URBANA,2020-10-30,20:00:00,20,VIERNES,5,OCTUBRE,10,SI,NO CEDER EL DERECHO DE VIA O PREFERENCIA DE PASO A VEHICULOS.,CHOQUE LATERAL,AUTOMOVIL,2,0,0,0,0,0,0,0,0,0,0,0,0,2,30,MUJER,LESIONADO,PASAJERO,NO,NO,1
24503,92344,92345,2020,0,0,-0.087508,-78.500348,PICHINCHA,QUITO,QUITO,URBANA,2020-10-30,21:40:00,21,VIERNES,5,OCTUBRE,10,SI,CONDUCIR VEHICULO SUPERANDO LOS LIMITES MAXIMOS DE VELOCIDAD.,PERDIDA DE CARRIL,MOTOCICLETA,0,0,0,0,0,0,0,0,1,0,0,0,0,1,-1,NO IDENTIFICADO,NO IDENTIFICADO,CONDUCTOR AUSENTE,NO,NO,2
24504,92346,92347,2020,0,0,-0.318195,-78.553728,PICHINCHA,QUITO,QUITO,URBANA,2020-10-30,23:00:00,23,VIERNES,5,OCTUBRE,10,SI,"CONDUCE BAJO LA INFLUENCIA DE ALCOHOL, SUSTANCIAS ESTUPEFACIENTES O PSICOTROPICAS Y/O MEDICAMENTOS.",CHOQUE LATERAL,AUTOMOVIL,2,0,0,0,0,0,0,0,0,0,0,0,0,2,29,HOMBRE,ILESO,CONDUCTOR PRESENTE,NO,NO,1
24505,92353,92354,2020,0,0,-0.188822,-78.459292,PICHINCHA,QUITO,QUITO,RURAL,2020-10-31,01:45:00,1,SABADO,6,OCTUBRE,10,SI,CONDUCIR VEHICULO SUPERANDO LOS LIMITES MAXIMOS DE VELOCIDAD.,ESTRELLAMIENTOS,CAMIONETA,0,0,0,0,1,0,0,0,0,0,0,0,0,1,-1,NO IDENTIFICADO,NO IDENTIFICADO,CONDUCTOR AUSENTE,NO,NO,2
24506,92355,92356,2020,0,0,-0.240991,-78.531973,PICHINCHA,QUITO,QUITO,URBANA,2020-10-31,02:30:00,2,SABADO,6,OCTUBRE,10,SI,"NO RESPETAR LAS SENIALES REGLAMENTARIAS DE TRANSITO. (PARE, CEDA EL PASO, LUZ ROJA DEL SEMAFORO, ETC).",OTROS,AUTOMOVIL,1,0,0,0,0,0,0,0,0,0,0,0,0,1,-1,NO IDENTIFICADO,NO IDENTIFICADO,CONDUCTOR AUSENTE,NO,NO,2
24507,92371,92372,2020,0,0,-0.204005,-78.376932,PICHINCHA,QUITO,TUMBACO,RURAL,2020-10-31,10:55:00,10,SABADO,6,OCTUBRE,10,SI,"CONDUCE BAJO LA INFLUENCIA DE ALCOHOL, SUSTANCIAS ESTUPEFACIENTES O PSICOTROPICAS Y/O MEDICAMENTOS.",CHOQUE LATERAL,CAMIONETA,1,0,0,0,1,0,0,0,0,0,0,0,0,2,49,HOMBRE,ILESO,CONDUCTOR PRESENTE,NO,NO,3
24508,92374,92375,2020,1,0,-0.285303,-78.533121,PICHINCHA,QUITO,QUITO,URBANA,2020-10-31,11:15:00,11,SABADO,6,OCTUBRE,10,SI,REALIZAR CAMBIO BRUSCO O INDEBIDO DE CARRIL.,CHOQUE LATERAL,MOTOCICLETA,0,0,0,0,0,0,0,0,1,1,0,0,0,2,42,HOMBRE,LESIONADO,CONDUCTOR PRESENTE,NO,NO,1
24509,92379,92380,2020,0,0,-0.171128,-78.490332,PICHINCHA,QUITO,QUITO,URBANA,2020-10-31,14:25:00,14,SABADO,6,OCTUBRE,10,SI,"NO RESPETAR LAS SENIALES REGLAMENTARIAS DE TRANSITO. (PARE, CEDA EL PASO, LUZ ROJA DEL SEMAFORO, ETC).",CHOQUE LATERAL,AUTOMOVIL,1,0,0,0,0,0,0,1,0,0,0,0,0,2,24,HOMBRE,ILESO,CONDUCTOR PRESENTE,NO,NO,1
24510,92380,92381,2020,0,0,-0.185623,-78.343085,PICHINCHA,QUITO,TABABELA,RURAL,2020-10-31,14:40:00,14,SABADO,6,OCTUBRE,10,SI,"CONDUCE BAJO LA INFLUENCIA DE ALCOHOL, SUSTANCIAS ESTUPEFACIENTES O PSICOTROPICAS Y/O MEDICAMENTOS.",CHOQUE POSTERIOR,AUTOMOVIL,1,0,0,0,1,0,0,0,0,0,0,0,0,2,22,MUJER,ILESO,PASAJERO,NO,NO,3
24511,92385,92386,2020,1,0,-0.305112,-78.475797,PICHINCHA,QUITO,CONOCOTO,RURAL,2020-10-31,16:00:00,16,SABADO,6,OCTUBRE,10,SI,REALIZAR CAMBIO BRUSCO O INDEBIDO DE CARRIL.,CHOQUE LATERAL,BICICLETA,1,1,0,0,0,0,0,0,0,0,0,0,0,2,19,HOMBRE,LESIONADO,CONDUCTOR PRESENTE,NO,NO,3
24512,92386,92387,2020,1,0,-0.237909,-78.529145,PICHINCHA,QUITO,QUITO,URBANA,2020-10-31,16:38:00,16,SABADO,6,OCTUBRE,10,SI,NO MANTENER LA DISTANCIA PRUDENCIAL CON RESPECTO AL VEHICULO QUE LE ANTECEDE.,CHOQUE POSTERIOR,AUTOMOVIL,1,0,1,0,0,0,0,0,0,0,0,0,0,2,35,MUJER,LESIONADO,CONDUCTOR PRESENTE,NO,NO,1
24513,92389,92390,2020,0,0,-0.163071,-78.495461,PICHINCHA,QUITO,QUITO,URBANA,2020-10-31,18:35:00,18,SABADO,6,OCTUBRE,10,SI,CONDUCIR VEHICULO SUPERANDO LOS LIMITES MAXIMOS DE VELOCIDAD.,COLISION,AUTOMOVIL,7,0,0,0,0,0,0,0,0,0,0,0,0,7,34,MUJER,ILESO,CONDUCTOR PRESENTE,NO,NO,1
24514,92395,92396,2020,0,0,-0.283634,-78.535666,PICHINCHA,QUITO,QUITO,URBANA,2020-10-31,19:20:00,19,SABADO,6,OCTUBRE,10,SI,"CONDUCE BAJO LA INFLUENCIA DE ALCOHOL, SUSTANCIAS ESTUPEFACIENTES O PSICOTROPICAS Y/O MEDICAMENTOS.",COLISION,AUTOMOVIL,3,0,0,0,0,0,0,0,0,0,0,0,0,3,33,MUJER,ILESO,CONDUCTOR PRESENTE,NO,NO,1