,Unnamed: 0,ID,ANIO,LESIONADOS,FALLECIDOS,LATITUD_Y,LONGITUD_X,PROVINCIA,CANTON,PARROQUIA,ZONA,FECHA,HORA,PERIODO_2,DIA_1,DIA_2,MES_1,MES_2,FERIADO,CAUSA_PROBABLE,TIPO_DE_SINIESTRO,TIPO_DE_VEHICULO_1,AUTOMOVIL,BICICLETA,BUS,CAMION,CAMIONETA,EMERGENCIAS,ESPECIAL,FURGONETA,MOTOCICLETA,NO_IDENTIFICADO,SCOOTER_ELECTRICO,TRICIMOTO,VEHICULO_DEPORTIVO_UTILITARIO,SUMA_DE_VEHICULOS,EDAD_1,SEXO_1,CONDICION_1,PARTICIPANTE_1,CASCO_1,CINTURON_1,KMeans_Cluster
24515,92396,92397,2020,1,0,-0.182009,-78.478782,PICHINCHA,QUITO,QUITO,URBANA,2020-10-31,19:30:00,19,SABADO,6,OCTUBRE,10,SI,NO TRANSITAR POR LAS ACERAS O ZONAS DE SEGURIDAD DESTINADAS PARA EL EFECTO.,ATROPELLOS,MOTOCICLETA,0,0,0,0,0,0,0,0,1,0,0,0,0,1,54,HOMBRE,LESIONADO,PEATON,NO,NO,1
24516,92411,92412,2020,1,0,-0.091585,-78.439052,PICHINCHA,QUITO,CALDERON (CARAPUNGO),RURAL,2020-10-31,22:49:00,22,SABADO,6,OCTUBRE,10,SI,"CONDUCE BAJO LA INFLUENCIA DE ALCOHOL, SUSTANCIAS ESTUPEFACIENTES O PSICOTROPICAS Y/O MEDICAMENTOS.",CHOQUE FRONTAL,AUTOMOVIL,1,0,0,0,0,0,0,0,1,0,0,0,0,2,36,HOMBRE,LESIONADO,CONDUCTOR PRESENTE,NO,NO,3
24517,92413,92414,2020,0,0,-0.096681,-78.469779,PICHINCHA,QUITO,QUITO,URBANA,2020-10-31,22:55:00,22,SABADO,6,OCTUBRE,10,SI,"CONDUCE BAJO LA INFLUENCIA DE ALCOHOL, SUSTANCIAS ESTUPEFACIENTES O PSICOTROPICAS Y/O MEDICAMENTOS.",COLISION,AUTOMOVIL,2,0,1,0,0,0,0,0,0,0,0,0,0,3,27,HOMBRE,ILESO,CONDUCTOR PRESENTE,NO,NO,1
24518,92418,92419,2020,3,0,-0.183821,-78.495021,PICHINCHA,QUITO,QUITO,URBANA,2020-11-01,00:05:00,0,DOMINGO,7,NOVIEMBRE,11,SI,"CONDUCE BAJO LA INFLUENCIA DE ALCOHOL, SUSTANCIAS ESTUPEFACIENTES O PSICOTROPICAS Y/O MEDICAMENTOS.",CHOQUE LATERAL,AUTOMOVIL,1,0,0,0,1,0,0,0,0,0,0,0,0,2,24,MUJER,LESIONADO,PASAJERO,NO,NO,2
24519,92426,92427,2020,0,0,-0.291871,-78.558463,PICHINCHA,QUITO,QUITO,URBANA,2020-11-01,01:30:00,1,DOMINGO,7,NOVIEMBRE,11,SI,CONDUCIR VEHICULO SUPERANDO LOS LIMITES MAXIMOS DE VELOCIDAD.,ESTRELLAMIENTOS,AUTOMOVIL,1,0,0,0,0,0,0,0,0,0,0,0,0,1,-1,NO IDENTIFICADO,NO IDENTIFICADO,CONDUCTOR AUSENTE,NO,NO,2
24520,92427,92428,2020,0,0,-0.263991,-78.487764,PICHINCHA,QUITO,CONOCOTO,RURAL,2020-11-01,01:40:00,1,DOMINGO,7,NOVIEMBRE,11,SI,"CONDUCIR EN ESTADO DE SOMNOLENCIA O MALAS CONDICIONES FISICAS (SUENIO, CANSANCIO Y FATIGA).",ESTRELLAMIENTOS,FURGONETA,0,0,0,0,0,0,0,1,0,0,0,0,0,1,-1,NO IDENTIFICADO,NO IDENTIFICADO,CONDUCTOR AUSENTE,NO,NO,2
24521,92430,92431,2020,0,0,-0.304167,-78.542831,PICHINCHA,QUITO,QUITO,URBANA,2020-11-01,02:10:00,2,DOMINGO,7,NOVIEMBRE,11,SI,CONDUCIR VEHICULO SUPERANDO LOS LIMITES MAXIMOS DE VELOCIDAD.,OTROS,MOTOCICLETA,0,0,0,0,0,0,0,0,1,1,0,0,0,2,35,HOMBRE,ILESO,PASAJERO,NO,NO,1
24522,92434,92435,2020,0,0,-0.119364,-78.471343,PICHINCHA,QUITO,QUITO,URBANA,2020-11-01,02:30:00,2,DOMINGO,7,NOVIEMBRE,11,SI,CONDUCIR VEHICULO SUPERANDO LOS LIMITES MAXIMOS DE VELOCIDAD.,ESTRELLAMIENTOS,AUTOMOVIL,1,0,0,0,0,0,0,0,0,0,0,0,0,1,-1,NO IDENTIFICADO,NO IDENTIFICADO,CONDUCTOR AUSENTE,NO,NO,2
24523,92435,92436,2020,0,0,-0.088884,-78.439915,PICHINCHA,QUITO,CALDERON (CARAPUNGO),RURAL,2020-11-01,02:45:00,2,DOMINGO,7,NOVIEMBRE,11,SI,CONDUCIR VEHICULO SUPERANDO LOS LIMITES MAXIMOS DE VELOCIDAD.,ESTRELLAMIENTOS,AUTOMOVIL,1,0,0,0,0,0,0,0,0,0,0,0,0,1,-1,NO IDENTIFICADO,NO IDENTIFICADO,CONDUCTOR AUSENTE,NO,NO,2
24524,92442,92443,2020,0,0,-0.223208,-78.516587,PICHINCHA,QUITO,QUITO,URBANA,2020-11-01,04:45:00,4,DOMINGO,7,NOVIEMBRE,11,SI,CONDUCIR VEHICULO SUPERANDO LOS LIMITES MAXIMOS DE VELOCIDAD.,ESTRELLAMIENTOS,AUTOMOVIL,1,0,0,0,0,0,0,0,0,0,0,0,0,1,-1,NO IDENTIFICADO,NO IDENTIFICADO,CONDUCTOR AUSENTE,NO,NO,2
24525,92449,92450,2020,1,0,-0.280861,-78.552874,PICHINCHA,QUITO,QUITO,URBANA,2020-11-01,06:30:00,6,DOMINGO,7,NOVIEMBRE,11,SI,"CONDUCE BAJO LA INFLUENCIA DE ALCOHOL, SUSTANCIAS ESTUPEFACIENTES O PSICOTROPICAS Y/O MEDICAMENTOS.",CHOQUE FRONTAL,ESPECIAL,1,0,0,0,0,0,1,0,0,0,0,0,0,2,26,MUJER,LESIONADO,CONDUCTOR PRESENTE,NO,NO,1
24526,92453,92454,2020,0,0,-0.052634,-78.454084,PICHINCHA,QUITO,POMASQUI,RURAL,2020-11-01,07:45:00,7,DOMINGO,7,NOVIEMBRE,11,SI,MALAS CONDICIONES DE LA VIA Y/O CONFIGURACION. (ILUMINACION Y DISENIO).,ESTRELLAMIENTOS,CAMIONETA,0,0,0,0,1,0,0,0,0,0,0,0,0,1,-1,NO IDENTIFICADO,NO IDENTIFICADO,CONDUCTOR AUSENTE,NO,NO,2
24527,92470,92471,2020,0,0,-0.197826,-78.466466,PICHINCHA,QUITO,QUITO,RURAL,2020-11-01,10:35:00,10,DOMINGO,7,NOVIEMBRE,11,SI,CONDUCIR VEHICULO SUPERANDO LOS LIMITES MAXIMOS DE VELOCIDAD.,ESTRELLAMIENTOS,AUTOMOVIL,1,0,0,0,0,0,0,0,0,0,0,0,0,1,28,HOMBRE,ILESO,PASAJERO,NO,NO,3
24528,92479,92480,2020,1,0,-0.307196,-78.541501,PICHINCHA,QUITO,QUITO,URBANA,2020-11-01,12:20:00,12,DOMINGO,7,NOVIEMBRE,11,SI,"NO RESPETAR LAS SENIALES REGLAMENTARIAS DE TRANSITO. (PARE, CEDA EL PASO, LUZ ROJA DEL SEMAFORO, ETC).",OTROS,AUTOMOVIL,1,0,0,0,0,0,0,0,0,0,0,0,0,1,21,HOMBRE,LESIONADO,PASAJERO,NO,NO,1
24529,92490,92491,2020,1,0,-0.107294,-78.486081,PICHINCHA,QUITO,QUITO,URBANA,2020-11-01,15:40:00,15,DOMINGO,7,NOVIEMBRE,11,SI,NO CEDER EL DERECHO DE VIA O PREFERENCIA DE PASO A VEHICULOS.,CHOQUE LATERAL,MOTOCICLETA,0,0,0,0,0,0,0,0,1,1,0,0,0,2,21,MUJER,LESIONADO,PASAJERO,NO,NO,1
24530,92504,92505,2020,0,0,-0.104889,-78.425639,PICHINCHA,QUITO,CALDERON (CARAPUNGO),RURAL,2020-11-01,18:00:00,18,DOMINGO,7,NOVIEMBRE,11,SI,"NO RESPETAR LAS SENIALES REGLAMENTARIAS DE TRANSITO. (PARE, CEDA EL PASO, LUZ ROJA DEL SEMAFORO, ETC).",CHOQUE LATERAL,CAMION,1,0,0,1,0,0,0,0,0,0,0,0,0,2,23,HOMBRE,ILESO,CONDUCTOR PRESENTE,NO,NO,3
24531,92516,92517,2020,0,1,-0.128751,-78.306269,PICHINCHA,QUITO,CHECA (CHILPA),RURAL,2020-11-01,21:20:05,21,DOMINGO,7,NOVIEMBRE,11,SI,"CONDUCIR DESATENTO A LAS CONDICIONES DE TRANSITO (CELULAR, PANTALLAS DE VIDEO, COMIDA, MAQUILLAJE O CUALQUIER OTRO ELEMENTO DISTRACTOR).",ATROPELLOS,CAMION,0,0,0,1,0,0,0,0,0,0,0,0,0,1,36,HOMBRE,FALLECIDO,PEATON,NO,SI,3
24532,92521,92522,2020,0,0,-0.245506,-78.492294,PICHINCHA,QUITO,QUITO,URBANA,2020-11-01,22:25:00,22,DOMINGO,7,NOVIEMBRE,11,SI,CONDUCIR VEHICULO SUPERANDO LOS LIMITES MAXIMOS DE VELOCIDAD.,PERDIDA DE CARRIL,AUTOMOVIL,1,0,0,0,0,0,0,0,0,0,0,0,0,1,-1,NO IDENTIFICADO,NO IDENTIFICADO,CONDUCTOR AUSENTE,NO,NO,2
24533,92527,92528,2020,0,1,-0.285961,-78.440097,PICHINCHA,QUITO,ALANGASI,RURAL,2020-11-02,01:15:00,1,LUNES,1,NOVIEMBRE,11,SI,CONDUCIR VEHICULO SUPERANDO LOS LIMITES MAXIMOS DE VELOCIDAD.,ESTRELLAMIENTOS,MOTOCICLETA,0,0,0,0,0,0,0,0,1,0,0,0,0,1,26,HOMBRE,FALLECIDO,CONDUCTOR PRESENTE,NO,NO,3
24534,92534,92535,2020,0,0,-0.230682,-78.509963,PICHINCHA,QUITO,QUITO,URBANA,2020-11-02,05:00:00,5,LUNES,1,NOVIEMBRE,11,SI,CONDUCIR VEHICULO SUPERANDO LOS LIMITES MAXIMOS DE VELOCIDAD.,ESTRELLAMIENTOS,AUTOMOVIL,1,0,0,0,0,0,0,0,0,0,0,0,0,1,-1,NO IDENTIFICADO,NO IDENTIFICADO,CONDUCTOR AUSENTE,NO,NO,2
24535,92535,92536,2020,1,0,-0.254686,-78.504316,PICHINCHA,QUITO,QUITO,URBANA,2020-11-02,05:00:00,5,LUNES,1,NOVIEMBRE,11,SI,CONDUCIR VEHICULO SUPERANDO LOS LIMITES MAXIMOS DE VELOCIDAD.,ESTRELLAMIENTOS,AUTOMOVIL,1,0,0,0,0,0,0,0,0,0,0,0,0,1,26,HOMBRE,LESIONADO,CONDUCTOR PRESENTE,NO,NO,1
24536,92547,92548,2020,1,1,0.029906,-78.619723,PICHINCHA,QUITO,NONO,RURAL,2020-11-02,13:30:00,13,LUNES,1,NOVIEMBRE,11,SI,"CONDUCIR DESATENTO A LAS CONDICIONES DE TRANSITO (CELULAR, PANTALLAS DE VIDEO, COMIDA, MAQUILLAJE O CUALQUIER OTRO ELEMENTO DISTRACTOR).",PERDIDA DE PISTA,NO IDENTIFICADO,0,0,0,0,0,0,0,0,0,1,0,0,0,1,93,MUJER,FALLECIDO,PASAJERO,NO,SI,3
24537,92550,92551,2020,0,0,-0.257692,-78.485349,PICHINCHA,QUITO,CONOCOTO,URBANA,2020-11-02,14:50:00,14,LUNES,1,NOVIEMBRE,11,SI,"CONDUCIR DESATENTO A LAS CONDICIONES DE TRANSITO (CELULAR, PANTALLAS DE VIDEO, COMIDA, MAQUILLAJE O CUALQUIER OTRO ELEMENTO DISTRACTOR).",PERDIDA DE CARRIL,CAMION,0,0,0,1,0,0,0,0,0,0,0,0,0,1,55,HOMBRE,ILESO,CONDUCTOR PRESENTE,NO,SI,1
24538,92560,92561,2020,0,0,-0.299022,-78.531384,PICHINCHA,QUITO,QUITO,URBANA,2020-11-02,17:10:00,17,LUNES,1,NOVIEMBRE,11,SI,NO MANTENER LA DISTANCIA PRUDENCIAL CON RESPECTO AL VEHICULO QUE LE ANTECEDE.,CHOQUE POSTERIOR,AUTOMOVIL,1,0,1,0,0,0,0,0,0,0,0,0,0,2,41,HOMBRE,ILESO,CONDUCTOR PRESENTE,NO,NO,1
24539,92570,92571,2020,0,0,-0.328479,-78.522294,PICHINCHA,QUITO,QUITO,URBANA,2020-11-02,19:50:00,19,LUNES,1,NOVIEMBRE,11,SI,"CONDUCE BAJO LA INFLUENCIA DE ALCOHOL, SUSTANCIAS ESTUPEFACIENTES O PSICOTROPICAS Y/O MEDICAMENTOS.",CHOQUE POSTERIOR,AUTOMOVIL,2,0,0,0,0,0,0,0,0,0,0,0,0,2,27,HOMBRE,ILESO,CONDUCTOR PRESENTE,NO,NO,1
24540,92574,92575,2020,0,0,-0.029553,-78.452031,PICHINCHA,QUITO,SAN ANTONIO (QUITO),RURAL,2020-11-02,22:00:00,22,LUNES,1,NOVIEMBRE,11,SI,"CONDUCE BAJO LA INFLUENCIA DE ALCOHOL, SUSTANCIAS ESTUPEFACIENTES O PSICOTROPICAS Y/O MEDICAMENTOS.",CHOQUE LATERAL,AUTOMOVIL,1,0,0,0,0,0,0,0,0,0,0,0,1,2,38,HOMBRE,ILESO,CONDUCTOR PRESENTE,NO,SI,3
24541,92581,92582,2020,0,0,-0.179785,-78.474179,PICHINCHA,QUITO,QUITO,URBANA,2020-11-03,03:20:00,3,MARTES,2,NOVIEMBRE,11,SI,CONDUCIR VEHICULO SUPERANDO LOS LIMITES MAXIMOS DE VELOCIDAD.,ESTRELLAMIENTOS,CAMIONETA,0,0,0,0,1,0,0,0,0,0,0,0,0,1,31,HOMBRE,ILESO,CONDUCTOR PRESENTE,NO,NO,1
24542,92583,92584,2020,0,0,-0.314134,-78.542199,PICHINCHA,QUITO,QUITO,URBANA,2020-11-03,04:15:00,4,MARTES,2,NOVIEMBRE,11,SI,CONDUCIR VEHICULO SUPERANDO LOS LIMITES MAXIMOS DE VELOCIDAD.,ESTRELLAMIENTOS,AUTOMOVIL,1,0,0,0,0,0,0,0,0,0,0,0,0,1,-1,NO IDENTIFICADO,NO IDENTIFICADO,CONDUCTOR AUSENTE,NO,NO,2
24543,92597,92598,2020,1,0,-0.265504,-78.541456,PICHINCHA,QUITO,QUITO,URBANA,2020-11-03,12:00:00,12,MARTES,2,NOVIEMBRE,11,SI,REALIZAR CAMBIO BRUSCO O INDEBIDO DE CARRIL.,CHOQUE LATERAL,AUTOMOVIL,2,0,0,0,0,0,0,0,0,0,0,0,0,2,34,MUJER,LESIONADO,CONDUCTOR PRESENTE,NO,NO,1
24544,92598,92599,2020,0,0,-0.299621,-78.524243,PICHINCHA,QUITO,QUITO,URBANA,2020-11-03,12:45:00,12,MARTES,2,NOVIEMBRE,11,SI,NO GUARDAR LA DISTANCIA LATERAL MINIMA DE SEGURIDAD ENTRE VEHICULOS.,ROZAMIENTOS,AUTOMOVIL,1,0,0,1,0,0,0,0,0,0,0,0,0,2,6,HOMBRE,ILESO,PASAJERO,NO,NO,1
24545,92615,92616,2020,6,0,-0.302646,-78.553937,PICHINCHA,QUITO,QUITO,URBANA,2020-11-03,18:30:00,18,MARTES,2,NOVIEMBRE,11,SI,"CONDUCE BAJO LA INFLUENCIA DE ALCOHOL, SUSTANCIAS ESTUPEFACIENTES O PSICOTROPICAS Y/O MEDICAMENTOS.",CHOQUE FRONTAL,AUTOMOVIL,2,0,0,0,0,0,0,0,0,0,0,0,0,2,29,HOMBRE,LESIONADO,PASAJERO,NO,NO,1
24546,92616,92617,2020,1,0,-0.241456,-78.516527,PICHINCHA,QUITO,QUITO,URBANA,2020-11-03,18:30:00,18,MARTES,2,NOVIEMBRE,11,SI,NO CEDER EL DERECHO DE VIA O PREFERENCIA DE PASO A VEHICULOS.,CHOQUE LATERAL,BICICLETA,0,1,0,0,0,0,0,0,1,0,0,0,0,2,22,HOMBRE,LESIONADO,CONDUCTOR PRESENTE,NO,NO,1
24547,92625,92626,2020,1,0,-0.112651,-78.486796,PICHINCHA,QUITO,QUITO,URBANA,2020-11-03,22:35:00,22,MARTES,2,NOVIEMBRE,11,SI,DANIOS MECANICOS PREVISIBLES.,ESTRELLAMIENTOS,AUTOMOVIL,1,0,0,0,0,0,0,0,0,0,0,0,0,1,26,HOMBRE,LESIONADO,CONDUCTOR PRESENTE,NO,NO,1
24548,92627,92628,2020,0,0,-0.219836,-78.510202,PICHINCHA,QUITO,QUITO,URBANA,2020-11-03,23:15:00,23,MARTES,2,NOVIEMBRE,11,SI,"NO RESPETAR LAS SENIALES REGLAMENTARIAS DE TRANSITO. (PARE, CEDA EL PASO, LUZ ROJA DEL SEMAFORO, ETC).",CHOQUE LATERAL,AUTOMOVIL,1,0,0,0,0,0,0,1,0,0,0,0,0,2,57,HOMBRE,ILESO,CONDUCTOR PRESENTE,NO,NO,1
24549,92632,92633,2020,1,0,-0.096051,-78.468131,PICHINCHA,QUITO,QUITO,URBANA,2020-11-04,08:10:00,8,MIERCOLES,3,NOVIEMBRE,11,NO,"NO RESPETAR LAS SENIALES REGLAMENTARIAS DE TRANSITO. (PARE, CEDA EL PASO, LUZ ROJA DEL SEMAFORO, ETC).",CHOQUE LATERAL,FURGONETA,0,0,0,0,0,0,0,1,1,0,0,0,0,2,20,HOMBRE,LESIONADO,CONDUCTOR PRESENTE,NO,NO,1
24550,92650,92651,2020,0,0,-0.145286,-78.503869,PICHINCHA,QUITO,QUITO,URBANA,2020-11-04,15:50:00,15,MIERCOLES,3,NOVIEMBRE,11,NO,"CONDUCE BAJO LA INFLUENCIA DE ALCOHOL, SUSTANCIAS ESTUPEFACIENTES O PSICOTROPICAS Y/O MEDICAMENTOS.",ESTRELLAMIENTOS,AUTOMOVIL,2,0,0,0,0,0,0,0,0,0,0,0,0,2,47,HOMBRE,ILESO,CONDUCTOR PRESENTE,NO,NO,1
24551,92658,92659,2020,0,0,-0.212484,-78.403289,PICHINCHA,QUITO,TUMBACO,RURAL,2020-11-04,18:30:00,18,MIERCOLES,3,NOVIEMBRE,11,NO,REALIZAR CAMBIO BRUSCO O INDEBIDO DE CARRIL.,CHOQUE LATERAL,CAMIONETA,0,0,0,0,1,0,0,0,1,0,0,0,0,2,36,HOMBRE,ILESO,CONDUCTOR PRESENTE,NO,NO,3
24552,92664,92665,2020,0,1,-0.123564,-78.503311,PICHINCHA,QUITO,QUITO,URBANA,2020-11-04,20:00:00,20,MIERCOLES,3,NOVIEMBRE,11,NO,PEATON QUE CRUZA LA CALZADA SIN RESPETAR LA SENIALIZACION EXISTENTE (SEMAFOROS O SENIALES MANUALES).,ATROPELLOS,NO IDENTIFICADO,0,0,0,0,0,0,0,0,0,1,0,0,0,1,30,MUJER,FALLECIDO,PEATON,NO,NO,1
24553,92668,92669,2020,0,0,-0.220305,-78.520673,PICHINCHA,QUITO,QUITO,URBANA,2020-11-04,21:15:00,21,MIERCOLES,3,NOVIEMBRE,11,NO,CONDUCIR VEHICULO SUPERANDO LOS LIMITES MAXIMOS DE VELOCIDAD.,ESTRELLAMIENTOS,AUTOMOVIL,1,0,0,0,0,0,0,0,0,0,0,0,0,1,-1,NO IDENTIFICADO,NO IDENTIFICADO,CONDUCTOR AUSENTE,NO,NO,2
24554,92676,92677,2020,0,0,-0.245326,-78.534069,PICHINCHA,QUITO,QUITO,URBANA,2020-11-04,23:30:00,23,MIERCOLES,3,NOVIEMBRE,11,NO,"NO RESPETAR LAS SENIALES REGLAMENTARIAS DE TRANSITO. (PARE, CEDA EL PASO, LUZ ROJA DEL SEMAFORO, ETC).",CHOQUE POSTERIOR,AUTOMOVIL,1,0,0,0,1,0,0,0,0,0,0,0,0,2,35,HOMBRE,ILESO,CONDUCTOR PRESENTE,NO,NO,1
24555,92681,92682,2020,0,0,-0.163073,-78.462599,PICHINCHA,QUITO,QUITO,URBANA,2020-11-05,08:40:00,8,JUEVES,4,NOVIEMBRE,11,NO,CONDUCIR VEHICULO SUPERANDO LOS LIMITES MAXIMOS DE VELOCIDAD.,COLISION,AUTOMOVIL,4,0,0,0,2,0,0,0,0,0,0,0,0,6,48,HOMBRE,ILESO,CONDUCTOR PRESENTE,NO,NO,1
24556,92692,92693,2020,0,0,-0.207793,-78.495398,PICHINCHA,QUITO,QUITO,URBANA,2020-11-05,16:23:00,16,JUEVES,4,NOVIEMBRE,11,NO,"CONDUCIR DESATENTO A LAS CONDICIONES DE TRANSITO (CELULAR, PANTALLAS DE VIDEO, COMIDA, MAQUILLAJE O CUALQUIER OTRO ELEMENTO DISTRACTOR).",CHOQUE LATERAL,AUTOMOVIL,2,0,0,0,0,0,0,0,0,0,0,0,0,2,33,HOMBRE,ILESO,CONDUCTOR PRESENTE,NO,NO,1
24557,92714,92715,2020,0,0,-0.161942,-78.483181,PICHINCHA,QUITO,QUITO,URBANA,2020-11-06,08:00:00,8,VIERNES,5,NOVIEMBRE,11,NO,"NO RESPETAR LAS SENIALES REGLAMENTARIAS DE TRANSITO. (PARE, CEDA EL PASO, LUZ ROJA DEL SEMAFORO, ETC).",CHOQUE LATERAL,CAMIONETA,1,0,0,0,1,0,0,0,0,0,0,0,0,2,47,HOMBRE,ILESO,CONDUCTOR PRESENTE,NO,NO,1
24558,92719,92720,2020,0,0,-0.212824,-78.402686,PICHINCHA,QUITO,TUMBACO,RURAL,2020-11-06,10:23:00,10,VIERNES,5,NOVIEMBRE,11,NO,CONDUCIR VEHICULO SUPERANDO LOS LIMITES MAXIMOS DE VELOCIDAD.,CHOQUE POSTERIOR,AUTOMOVIL,2,0,0,0,0,0,0,0,0,0,0,0,0,2,34,MUJER,ILESO,CONDUCTOR PRESENTE,NO,NO,3
24559,92723,92724,2020,0,0,-0.140017,-78.501191,PICHINCHA,QUITO,QUITO,URBANA,2020-11-06,11:59:00,11,VIERNES,5,NOVIEMBRE,11,NO,NO MANTENER LA DISTANCIA PRUDENCIAL CON RESPECTO AL VEHICULO QUE LE ANTECEDE.,COLISION,FURGONETA,2,0,0,0,0,0,0,1,0,0,0,0,0,3,28,HOMBRE,ILESO,CONDUCTOR PRESENTE,NO,NO,1
24560,92728,92729,2020,0,0,-0.220808,-78.508669,PICHINCHA,QUITO,QUITO,URBANA,2020-11-06,14:10:00,14,VIERNES,5,NOVIEMBRE,11,NO,"NO RESPETAR LAS SENIALES REGLAMENTARIAS DE TRANSITO. (PARE, CEDA EL PASO, LUZ ROJA DEL SEMAFORO, ETC).",ROZAMIENTOS,AUTOMOVIL,2,0,0,0,0,0,0,0,0,0,0,0,0,2,54,HOMBRE,ILESO,CONDUCTOR PRESENTE,NO,NO,1
24561,92731,92732,2020,0,0,-0.237515,-78.473163,PICHINCHA,QUITO,QUITO,RURAL,2020-11-06,16:55:00,16,VIERNES,5,NOVIEMBRE,11,NO,"FALLA MECANICA EN LOS SISTEMAS Y/O NEUMATICOS (SISTEMA DE FRENOS, DIRECCION, ELECTRONICO O MECANICO).",COLISION,AUTOMOVIL,4,0,0,0,0,0,0,0,0,0,0,0,0,4,42,HOMBRE,ILESO,CONDUCTOR PRESENTE,NO,NO,3
24562,92736,92737,2020,1,1,0.160761,-79.053023,PICHINCHA,PEDRO VICENTE MALDONADO,PEDRO VICENTE MALDONADO,RURAL,2020-11-06,17:30:00,17,VIERNES,5,NOVIEMBRE,11,NO,"NO RESPETAR LAS SENIALES REGLAMENTARIAS DE TRANSITO. (PARE, CEDA EL PASO, LUZ ROJA DEL SEMAFORO, ETC).",PERDIDA DE PISTA,CAMIONETA,0,0,0,0,1,0,0,0,0,0,0,0,0,1,42,HOMBRE,FALLECIDO,CONDUCTOR PRESENTE,NO,SI,3
24563,92738,92739,2020,0,0,-0.313632,-78.562558,PICHINCHA,QUITO,QUITO,URBANA,2020-11-06,18:45:00,18,VIERNES,5,NOVIEMBRE,11,NO,"NO RESPETAR LAS SENIALES REGLAMENTARIAS DE TRANSITO. (PARE, CEDA EL PASO, LUZ ROJA DEL SEMAFORO, ETC).",ESTRELLAMIENTOS,AUTOMOVIL,2,0,0,0,0,0,0,0,1,0,0,0,0,3,39,MUJER,ILESO,PASAJERO,NO,NO,1
24564,92744,92745,2020,2,0,-0.273825,-78.510216,PICHINCHA,QUITO,QUITO,URBANA,2020-11-06,20:20:00,20,VIERNES,5,NOVIEMBRE,11,NO,"CONDUCE BAJO LA INFLUENCIA DE ALCOHOL, SUSTANCIAS ESTUPEFACIENTES O PSICOTROPICAS Y/O MEDICAMENTOS.",CHOQUE POSTERIOR,AUTOMOVIL,2,0,0,0,0,0,0,0,0,0,0,0,0,2,30,HOMBRE,LESIONADO,CONDUCTOR PRESENTE,NO,NO,1
24565,92745,92746,2020,0,1,-0.158066,-78.446231,PICHINCHA,QUITO,NAYON,RURAL,2020-11-06,20:39:00,20,VIERNES,5,NOVIEMBRE,11,NO,NO TRANSITAR POR LAS ACERAS O ZONAS DE SEGURIDAD DESTINADAS PARA EL EFECTO.,ATROPELLOS,FURGONETA,0,0,0,0,0,0,0,1,0,0,0,0,0,1,-1,HOMBRE,FALLECIDO,PEATON,NO,NO,3
24566,92750,92751,2020,2,0,-0.243457,-78.496872,PICHINCHA,QUITO,QUITO,URBANA,2020-11-06,21:20:00,21,VIERNES,5,NOVIEMBRE,11,NO,CONDUCIR VEHICULO SUPERANDO LOS LIMITES MAXIMOS DE VELOCIDAD.,ESTRELLAMIENTOS,AUTOMOVIL,1,0,0,0,1,0,0,0,0,0,0,0,0,2,24,HOMBRE,LESIONADO,PASAJERO,NO,NO,1
24567,92751,92752,2020,1,0,-0.096607,-78.440945,PICHINCHA,QUITO,CALDERON (CARAPUNGO),RURAL,2020-11-06,21:40:00,21,VIERNES,5,NOVIEMBRE,11,NO,"CONDUCE BAJO LA INFLUENCIA DE ALCOHOL, SUSTANCIAS ESTUPEFACIENTES O PSICOTROPICAS Y/O MEDICAMENTOS.",ESTRELLAMIENTOS,AUTOMOVIL,1,0,0,0,0,0,0,0,1,0,0,0,0,2,30,HOMBRE,LESIONADO,CONDUCTOR PRESENTE,NO,NO,3
24568,92757,92758,2020,0,0,-0.303766,-78.542681,PICHINCHA,QUITO,QUITO,URBANA,2020-11-07,00:28:00,0,SABADO,6,NOVIEMBRE,11,NO,NO CEDER EL DERECHO DE VIA O PREFERENCIA DE PASO A VEHICULOS.,CHOQUE LATERAL,AUTOMOVIL,2,0,0,0,0,0,0,0,0,0,0,0,0,2,29,MUJER,ILESO,PASAJERO,NO,NO,1
24569,92760,92761,2020,1,0,-0.105373,-78.462381,PICHINCHA,QUITO,QUITO,RURAL,2020-11-07,02:15:00,2,SABADO,6,NOVIEMBRE,11,NO,"NO RESPETAR LAS SENIALES REGLAMENTARIAS DE TRANSITO. (PARE, CEDA EL PASO, LUZ ROJA DEL SEMAFORO, ETC).",OTROS,CAMIONETA,0,0,0,0,1,0,0,0,0,0,0,0,0,1,52,HOMBRE,LESIONADO,PASAJERO,NO,NO,3
24570,92761,92762,2020,1,0,-0.299432,-78.559038,PICHINCHA,QUITO,QUITO,URBANA,2020-11-07,02:30:00,2,SABADO,6,NOVIEMBRE,11,NO,"CONDUCE BAJO LA INFLUENCIA DE ALCOHOL, SUSTANCIAS ESTUPEFACIENTES O PSICOTROPICAS Y/O MEDICAMENTOS.",CHOQUE LATERAL,BICICLETA,1,1,0,0,0,0,0,0,0,0,0,0,0,2,15,HOMBRE,LESIONADO,PASAJERO,NO,NO,1
24571,92763,92764,2020,0,0,-0.247335,-78.507031,PICHINCHA,QUITO,QUITO,URBANA,2020-11-07,03:10:00,3,SABADO,6,NOVIEMBRE,11,NO,"NO RESPETAR LAS SENIALES REGLAMENTARIAS DE TRANSITO. (PARE, CEDA EL PASO, LUZ ROJA DEL SEMAFORO, ETC).",ESTRELLAMIENTOS,AUTOMOVIL,1,0,0,0,0,0,0,0,0,0,0,0,0,1,-1,NO IDENTIFICADO,NO IDENTIFICADO,CONDUCTOR AUSENTE,NO,NO,2