,Unnamed: 0,ID,ANIO,LESIONADOS,FALLECIDOS,LATITUD_Y,LONGITUD_X,PROVINCIA,CANTON,PARROQUIA,ZONA,FECHA,HORA,PERIODO_2,DIA_1,DIA_2,MES_1,MES_2,FERIADO,CAUSA_PROBABLE,TIPO_DE_SINIESTRO,TIPO_DE_VEHICULO_1,AUTOMOVIL,BICICLETA,BUS,CAMION,CAMIONETA,EMERGENCIAS,ESPECIAL,FURGONETA,MOTOCICLETA,NO_IDENTIFICADO,SCOOTER_ELECTRICO,TRICIMOTO,VEHICULO_DEPORTIVO_UTILITARIO,SUMA_DE_VEHICULOS,EDAD_1,SEXO_1,CONDICION_1,PARTICIPANTE_1,CASCO_1,CINTURON_1,KMeans_Cluster
24572,92766,92767,2020,0,0,-0.099083,-78.421844,PICHINCHA,QUITO,CALDERON (CARAPUNGO),RURAL,2020-11-07,05:15:00,5,SABADO,6,NOVIEMBRE,11,NO,CONDUCIR VEHICULO SUPERANDO LOS LIMITES MAXIMOS DE VELOCIDAD.,ESTRELLAMIENTOS,AUTOMOVIL,1,0,0,0,0,0,0,0,0,0,0,0,0,1,-1,NO IDENTIFICADO,NO IDENTIFICADO,CONDUCTOR AUSENTE,NO,NO,2
24573,92773,92774,2020,0,0,-0.249643,-78.337887,PICHINCHA,QUITO,PIFO,URBANA,2020-11-07,06:35:00,6,SABADO,6,NOVIEMBRE,11,NO,"CONDUCIR DESATENTO A LAS CONDICIONES DE TRANSITO (CELULAR, PANTALLAS DE VIDEO, COMIDA, MAQUILLAJE O CUALQUIER OTRO ELEMENTO DISTRACTOR).",PERDIDA DE CARRIL,AUTOMOVIL,1,0,0,0,0,0,0,0,0,0,0,0,0,1,-1,NO IDENTIFICADO,NO IDENTIFICADO,CONDUCTOR AUSENTE,NO,SI,2
24574,92778,92779,2020,0,1,-0.288901,-78.538232,PICHINCHA,QUITO,QUITO,URBANA,2020-11-07,07:40:00,7,SABADO,6,NOVIEMBRE,11,NO,"NO RESPETAR LAS SENIALES REGLAMENTARIAS DE TRANSITO. (PARE, CEDA EL PASO, LUZ ROJA DEL SEMAFORO, ETC).",CHOQUE LATERAL,AUTOMOVIL,1,0,0,0,0,0,0,0,1,0,0,0,0,2,39,HOMBRE,FALLECIDO,CONDUCTOR PRESENTE,NO,NO,1
24575,92779,92780,2020,0,0,-0.355265,-78.839837,PICHINCHA,MEJIA,MANUEL CORNEJO ASTORGA,RURAL,2020-11-07,08:45:00,8,SABADO,6,NOVIEMBRE,11,NO,"CONDUCIR DESATENTO A LAS CONDICIONES DE TRANSITO (CELULAR, PANTALLAS DE VIDEO, COMIDA, MAQUILLAJE O CUALQUIER OTRO ELEMENTO DISTRACTOR).",PERDIDA DE PISTA,CAMION,0,0,0,1,0,0,0,0,0,0,0,0,0,1,-1,NO IDENTIFICADO,NO IDENTIFICADO,CONDUCTOR AUSENTE,NO,NO,2
24576,92780,92781,2020,0,0,-0.007581,-78.452954,PICHINCHA,QUITO,SAN ANTONIO (QUITO),RURAL,2020-11-07,08:50:00,8,SABADO,6,NOVIEMBRE,11,NO,"NO RESPETAR LAS SENIALES REGLAMENTARIAS DE TRANSITO. (PARE, CEDA EL PASO, LUZ ROJA DEL SEMAFORO, ETC).",CHOQUE POSTERIOR,CAMIONETA,0,0,0,0,1,0,0,0,0,0,0,0,1,2,30,HOMBRE,ILESO,CONDUCTOR PRESENTE,NO,SI,3
24577,92781,92782,2020,1,0,-0.193862,-78.464852,PICHINCHA,QUITO,QUITO,RURAL,2020-11-07,09:00:00,9,SABADO,6,NOVIEMBRE,11,NO,CONDUCIR VEHICULO SUPERANDO LOS LIMITES MAXIMOS DE VELOCIDAD.,ESTRELLAMIENTOS,AUTOMOVIL,1,0,0,0,0,0,0,0,0,0,0,0,0,1,49,HOMBRE,LESIONADO,PASAJERO,NO,NO,3
24578,92792,92793,2020,0,0,-0.276737,-78.556041,PICHINCHA,QUITO,QUITO,URBANA,2020-11-07,14:15:00,14,SABADO,6,NOVIEMBRE,11,NO,"CONDUCE BAJO LA INFLUENCIA DE ALCOHOL, SUSTANCIAS ESTUPEFACIENTES O PSICOTROPICAS Y/O MEDICAMENTOS.",CHOQUE LATERAL,AUTOMOVIL,2,0,0,0,0,0,0,0,0,0,0,0,0,2,55,HOMBRE,ILESO,CONDUCTOR PRESENTE,NO,NO,1
24579,92801,92802,2020,0,0,-0.108255,-78.461339,PICHINCHA,QUITO,CALDERON (CARAPUNGO),RURAL,2020-11-07,15:36:00,15,SABADO,6,NOVIEMBRE,11,NO,"CONDUCE BAJO LA INFLUENCIA DE ALCOHOL, SUSTANCIAS ESTUPEFACIENTES O PSICOTROPICAS Y/O MEDICAMENTOS.",ROZAMIENTOS,AUTOMOVIL,1,0,0,1,0,0,0,0,0,0,0,0,0,2,31,HOMBRE,ILESO,CONDUCTOR PRESENTE,NO,NO,3
24580,92804,92805,2020,0,0,-0.151955,-78.476471,PICHINCHA,QUITO,QUITO,URBANA,2020-11-07,16:15:00,16,SABADO,6,NOVIEMBRE,11,NO,"NO RESPETAR LAS SENIALES REGLAMENTARIAS DE TRANSITO. (PARE, CEDA EL PASO, LUZ ROJA DEL SEMAFORO, ETC).",CHOQUE LATERAL,AUTOMOVIL,1,0,0,0,0,0,0,0,1,0,0,0,0,2,41,HOMBRE,ILESO,CONDUCTOR PRESENTE,NO,NO,1
24581,92821,92822,2020,1,0,-0.242966,-78.497191,PICHINCHA,QUITO,QUITO,URBANA,2020-11-07,23:00:00,23,SABADO,6,NOVIEMBRE,11,NO,CONDUCIR VEHICULO SUPERANDO LOS LIMITES MAXIMOS DE VELOCIDAD.,CHOQUE LATERAL,MOTOCICLETA,0,0,0,0,0,0,0,0,1,1,0,0,0,2,23,HOMBRE,LESIONADO,CONDUCTOR PRESENTE,NO,NO,1
24582,92825,92826,2020,0,0,-0.119451,-78.506659,PICHINCHA,QUITO,QUITO,URBANA,2020-11-07,07:20:00,7,SABADO,6,NOVIEMBRE,11,NO,NO GUARDAR LA DISTANCIA LATERAL MINIMA DE SEGURIDAD ENTRE VEHICULOS.,CHOQUE LATERAL,AUTOMOVIL,2,0,0,0,0,0,0,0,0,0,0,0,0,2,30,HOMBRE,ILESO,CONDUCTOR PRESENTE,NO,NO,1
24583,92838,92839,2020,0,0,-0.158012,-78.442318,PICHINCHA,QUITO,NAYON,RURAL,2020-11-08,02:40:00,2,DOMINGO,7,NOVIEMBRE,11,NO,CONDUCIR VEHICULO SUPERANDO LOS LIMITES MAXIMOS DE VELOCIDAD.,ESTRELLAMIENTOS,AUTOMOVIL,1,0,0,0,0,0,0,0,0,0,0,0,0,1,-1,NO IDENTIFICADO,NO IDENTIFICADO,CONDUCTOR AUSENTE,NO,NO,2
24584,92841,92842,2020,0,0,-0.256119,-78.544645,PICHINCHA,QUITO,QUITO,URBANA,2020-11-08,04:40:00,4,DOMINGO,7,NOVIEMBRE,11,NO,CONDUCIR VEHICULO SUPERANDO LOS LIMITES MAXIMOS DE VELOCIDAD.,OTROS,AUTOMOVIL,1,0,0,0,0,0,0,0,0,0,0,0,0,1,-1,NO IDENTIFICADO,NO IDENTIFICADO,CONDUCTOR AUSENTE,NO,NO,2
24585,92846,92847,2020,1,0,-0.139879,-78.511627,PICHINCHA,QUITO,QUITO,URBANA,2020-11-08,06:00:00,6,DOMINGO,7,NOVIEMBRE,11,NO,"FALLA MECANICA EN LOS SISTEMAS Y/O NEUMATICOS (SISTEMA DE FRENOS, DIRECCION, ELECTRONICO O MECANICO).",ESTRELLAMIENTOS,AUTOMOVIL,1,0,0,0,0,0,0,0,0,0,0,0,0,1,27,HOMBRE,LESIONADO,PASAJERO,NO,NO,1
24586,92852,92853,2020,0,0,-0.253964,-78.483551,PICHINCHA,QUITO,CONOCOTO,RURAL,2020-11-08,09:05:00,9,DOMINGO,7,NOVIEMBRE,11,NO,"CONDUCIR DESATENTO A LAS CONDICIONES DE TRANSITO (CELULAR, PANTALLAS DE VIDEO, COMIDA, MAQUILLAJE O CUALQUIER OTRO ELEMENTO DISTRACTOR).",CHOQUE LATERAL,MOTOCICLETA,1,0,0,0,0,0,0,0,1,0,0,0,0,2,31,HOMBRE,ILESO,CONDUCTOR PRESENTE,NO,SI,3
24587,92854,92855,2020,0,0,-0.258658,-78.552549,PICHINCHA,QUITO,QUITO,URBANA,2020-11-08,09:20:00,9,DOMINGO,7,NOVIEMBRE,11,NO,CONDUCIR VEHICULO SUPERANDO LOS LIMITES MAXIMOS DE VELOCIDAD.,OTROS,AUTOMOVIL,1,0,0,0,0,0,0,0,0,0,0,0,0,1,-1,NO IDENTIFICADO,NO IDENTIFICADO,CONDUCTOR AUSENTE,NO,NO,2
24588,92859,92860,2020,1,0,-0.513031,-78.575319,PICHINCHA,MEJIA,ALOASI,RURAL,2020-11-08,12:15:00,12,DOMINGO,7,NOVIEMBRE,11,NO,"CONDUCIR DESATENTO A LAS CONDICIONES DE TRANSITO (CELULAR, PANTALLAS DE VIDEO, COMIDA, MAQUILLAJE O CUALQUIER OTRO ELEMENTO DISTRACTOR).",ATROPELLOS,MOTOCICLETA,0,0,0,0,0,0,0,0,1,0,0,0,0,1,55,HOMBRE,LESIONADO,PEATON,NO,SI,3
24589,92863,92864,2020,2,0,-0.328479,-78.522294,PICHINCHA,QUITO,QUITO,URBANA,2020-11-08,14:30:00,14,DOMINGO,7,NOVIEMBRE,11,NO,CONDUCIR VEHICULO SUPERANDO LOS LIMITES MAXIMOS DE VELOCIDAD.,PERDIDA DE CARRIL,AUTOMOVIL,1,0,0,0,0,0,0,0,0,0,0,0,0,1,61,MUJER,LESIONADO,PASAJERO,NO,NO,1
24590,92873,92874,2020,0,0,-0.280556,-78.533493,PICHINCHA,QUITO,QUITO,URBANA,2020-11-08,17:15:00,17,DOMINGO,7,NOVIEMBRE,11,NO,"CONDUCE BAJO LA INFLUENCIA DE ALCOHOL, SUSTANCIAS ESTUPEFACIENTES O PSICOTROPICAS Y/O MEDICAMENTOS.",CHOQUE POSTERIOR,BUS,0,0,1,0,1,0,0,0,0,0,0,0,0,2,35,HOMBRE,ILESO,CONDUCTOR PRESENTE,NO,NO,1
24591,92878,92879,2020,0,0,-0.083976,-78.474511,PICHINCHA,QUITO,QUITO,URBANA,2020-11-08,18:25:00,18,DOMINGO,7,NOVIEMBRE,11,NO,NO CEDER EL DERECHO DE VIA O PREFERENCIA DE PASO A VEHICULOS.,CHOQUE LATERAL,AUTOMOVIL,2,0,0,0,0,0,0,0,0,0,0,0,0,2,32,MUJER,ILESO,CONDUCTOR PRESENTE,NO,NO,1
24592,92882,92883,2020,2,0,-0.136172,-78.470287,PICHINCHA,QUITO,QUITO,URBANA,2020-11-08,20:00:00,20,DOMINGO,7,NOVIEMBRE,11,NO,"NO RESPETAR LAS SENIALES REGLAMENTARIAS DE TRANSITO. (PARE, CEDA EL PASO, LUZ ROJA DEL SEMAFORO, ETC).",CHOQUE LATERAL,AUTOMOVIL,2,0,0,0,0,0,0,0,0,0,0,0,0,2,27,MUJER,LESIONADO,PASAJERO,NO,NO,1
24593,92885,92886,2020,0,0,-0.142041,-78.443217,PICHINCHA,QUITO,LLANO CHICO,RURAL,2020-11-08,20:20:00,20,DOMINGO,7,NOVIEMBRE,11,NO,NO GUARDAR LA DISTANCIA LATERAL MINIMA DE SEGURIDAD ENTRE VEHICULOS.,ROZAMIENTOS,AUTOMOVIL,2,0,0,0,0,0,0,0,0,0,0,0,0,2,43,HOMBRE,ILESO,CONDUCTOR PRESENTE,NO,NO,3
24594,92895,92896,2020,0,0,-0.186807,-78.508435,PICHINCHA,QUITO,QUITO,URBANA,2020-11-09,06:30:00,6,LUNES,1,NOVIEMBRE,11,NO,CONDUCIR VEHICULO SUPERANDO LOS LIMITES MAXIMOS DE VELOCIDAD.,OTROS,AUTOMOVIL,1,0,0,0,0,0,0,0,0,0,0,0,0,1,-1,NO IDENTIFICADO,NO IDENTIFICADO,CONDUCTOR AUSENTE,NO,NO,2
24595,92896,92897,2020,0,0,-0.313758,-78.564777,PICHINCHA,QUITO,QUITO,URBANA,2020-11-09,06:30:00,6,LUNES,1,NOVIEMBRE,11,NO,CONDUCIR VEHICULO SUPERANDO LOS LIMITES MAXIMOS DE VELOCIDAD.,ESTRELLAMIENTOS,AUTOMOVIL,2,0,0,0,0,0,0,0,0,0,0,0,0,2,28,MUJER,ILESO,PASAJERO,NO,NO,1
24596,92899,92900,2020,0,0,-0.035655,-78.453711,PICHINCHA,QUITO,POMASQUI,RURAL,2020-11-09,08:30:00,8,LUNES,1,NOVIEMBRE,11,NO,"CONDUCIR DESATENTO A LAS CONDICIONES DE TRANSITO (CELULAR, PANTALLAS DE VIDEO, COMIDA, MAQUILLAJE O CUALQUIER OTRO ELEMENTO DISTRACTOR).",CHOQUE LATERAL,MOTOCICLETA,1,0,0,0,0,0,0,0,1,0,0,0,0,2,25,HOMBRE,ILESO,CONDUCTOR PRESENTE,NO,SI,3
24597,92911,92912,2020,0,0,-0.333513,-78.434373,PICHINCHA,RUMINIAHUI,SANGOLQUI,URBANA,2020-11-09,11:40:00,11,LUNES,1,NOVIEMBRE,11,NO,"CONDUCIR DESATENTO A LAS CONDICIONES DE TRANSITO (CELULAR, PANTALLAS DE VIDEO, COMIDA, MAQUILLAJE O CUALQUIER OTRO ELEMENTO DISTRACTOR).",CHOQUE LATERAL,MOTOCICLETA,1,0,0,0,1,0,0,0,1,0,0,0,0,3,20,HOMBRE,ILESO,CONDUCTOR PRESENTE,NO,SI,1
24598,92928,92929,2020,0,0,0.012407,-78.469603,PICHINCHA,QUITO,SAN ANTONIO (QUITO),RURAL,2020-11-09,17:45:00,17,LUNES,1,NOVIEMBRE,11,NO,"CONDUCIR DESATENTO A LAS CONDICIONES DE TRANSITO (CELULAR, PANTALLAS DE VIDEO, COMIDA, MAQUILLAJE O CUALQUIER OTRO ELEMENTO DISTRACTOR).",CHOQUE LATERAL,VEHICULO DEPORTIVO UTILITARIO,0,0,0,1,0,0,0,0,0,0,0,0,1,2,39,HOMBRE,ILESO,CONDUCTOR PRESENTE,NO,SI,3
24599,92932,92933,2020,0,0,-0.377776,-78.502607,PICHINCHA,QUITO,AMAGUANIA,URBANA,2020-11-09,19:00:00,19,LUNES,1,NOVIEMBRE,11,NO,"CONDUCIR DESATENTO A LAS CONDICIONES DE TRANSITO (CELULAR, PANTALLAS DE VIDEO, COMIDA, MAQUILLAJE O CUALQUIER OTRO ELEMENTO DISTRACTOR).",COLISION,AUTOMOVIL,2,0,0,1,0,0,0,0,0,0,0,0,0,3,40,HOMBRE,ILESO,CONDUCTOR PRESENTE,NO,SI,1
24600,92941,92942,2020,0,0,0.045087,-78.228135,PICHINCHA,PEDRO MONCAYO,TABACUNDO,URBANA,2020-11-09,22:10:00,22,LUNES,1,NOVIEMBRE,11,NO,"CONDUCE BAJO LA INFLUENCIA DE ALCOHOL, SUSTANCIAS ESTUPEFACIENTES O PSICOTROPICAS Y/O MEDICAMENTOS.",CHOQUE POSTERIOR,VEHICULO DEPORTIVO UTILITARIO,0,0,0,1,1,0,0,0,0,0,0,0,1,3,24,MUJER,ILESO,PASAJERO,NO,SI,1
24601,92942,92943,2020,0,0,-0.241194,-78.527653,PICHINCHA,QUITO,QUITO,URBANA,2020-11-09,08:10:00,8,LUNES,1,NOVIEMBRE,11,NO,CONDUCIR VEHICULO SUPERANDO LOS LIMITES MAXIMOS DE VELOCIDAD.,ESTRELLAMIENTOS,AUTOMOVIL,1,0,0,0,0,0,0,0,0,0,0,0,0,1,20,MUJER,ILESO,PASAJERO,NO,NO,1
24602,92948,92949,2020,0,0,-0.317426,-78.549126,PICHINCHA,QUITO,QUITO,URBANA,2020-11-10,06:25:00,6,MARTES,2,NOVIEMBRE,11,NO,CONDUCIR VEHICULO SUPERANDO LOS LIMITES MAXIMOS DE VELOCIDAD.,CHOQUE POSTERIOR,FURGONETA,0,0,0,1,0,0,0,1,0,0,0,0,0,2,31,HOMBRE,ILESO,PASAJERO,NO,NO,1
24603,92949,92950,2020,0,0,-0.277668,-78.552737,PICHINCHA,QUITO,QUITO,URBANA,2020-11-10,06:35:00,6,MARTES,2,NOVIEMBRE,11,NO,NO MANTENER LA DISTANCIA PRUDENCIAL CON RESPECTO AL VEHICULO QUE LE ANTECEDE.,CHOQUE POSTERIOR,BUS,0,0,1,1,0,0,0,0,0,0,0,0,0,2,42,HOMBRE,ILESO,CONDUCTOR PRESENTE,NO,NO,1
24604,92954,92955,2020,1,0,-0.244435,-78.482091,PICHINCHA,QUITO,QUITO,RURAL,2020-11-10,08:50:00,8,MARTES,2,NOVIEMBRE,11,NO,"FALLA MECANICA EN LOS SISTEMAS Y/O NEUMATICOS (SISTEMA DE FRENOS, DIRECCION, ELECTRONICO O MECANICO).",PERDIDA DE CARRIL,MOTOCICLETA,0,0,0,0,0,0,0,0,1,0,0,0,0,1,41,HOMBRE,LESIONADO,CONDUCTOR PRESENTE,NO,NO,3
24605,92955,92956,2020,1,0,-0.222109,-78.400137,PICHINCHA,QUITO,TUMBACO,RURAL,2020-11-10,08:50:00,8,MARTES,2,NOVIEMBRE,11,NO,CONDUCIR VEHICULO SUPERANDO LOS LIMITES MAXIMOS DE VELOCIDAD.,ESTRELLAMIENTOS,CAMIONETA,0,0,0,0,1,0,0,0,0,0,0,0,0,1,31,HOMBRE,LESIONADO,CONDUCTOR PRESENTE,NO,NO,3
24606,92957,92958,2020,0,0,-0.224137,-78.496738,PICHINCHA,QUITO,QUITO,URBANA,2020-11-10,11:00:00,11,MARTES,2,NOVIEMBRE,11,NO,"CONDUCIR EN ESTADO DE SOMNOLENCIA O MALAS CONDICIONES FISICAS (SUENIO, CANSANCIO Y FATIGA).",ESTRELLAMIENTOS,AUTOMOVIL,1,0,0,0,0,0,0,0,0,0,0,0,0,1,23,MUJER,ILESO,CONDUCTOR PRESENTE,NO,NO,1
24607,92960,92961,2020,4,0,-0.163636,-78.474211,PICHINCHA,QUITO,QUITO,URBANA,2020-11-10,12:30:00,12,MARTES,2,NOVIEMBRE,11,NO,CONDUCIR VEHICULO SUPERANDO LOS LIMITES MAXIMOS DE VELOCIDAD.,CAIDA DE PASAJERO,BUS,0,0,1,0,0,0,0,0,0,0,0,0,0,1,50,HOMBRE,LESIONADO,PASAJERO,NO,NO,1
24608,92964,92965,2020,0,0,-0.253441,-78.506936,PICHINCHA,QUITO,QUITO,URBANA,2020-11-10,13:30:00,13,MARTES,2,NOVIEMBRE,11,NO,CONDUCIR VEHICULO SUPERANDO LOS LIMITES MAXIMOS DE VELOCIDAD.,OTROS,AUTOMOVIL,1,0,0,0,0,0,0,0,0,0,0,0,0,1,-1,NO IDENTIFICADO,NO IDENTIFICADO,CONDUCTOR AUSENTE,NO,NO,2
24609,92969,92970,2020,0,0,-0.280556,-78.533493,PICHINCHA,QUITO,QUITO,URBANA,2020-11-10,15:05:00,15,MARTES,2,NOVIEMBRE,11,NO,"CONDUCE BAJO LA INFLUENCIA DE ALCOHOL, SUSTANCIAS ESTUPEFACIENTES O PSICOTROPICAS Y/O MEDICAMENTOS.",OTROS,BUS,1,0,2,0,0,0,0,0,0,0,0,0,0,3,40,HOMBRE,ILESO,CONDUCTOR PRESENTE,NO,NO,1
24610,92972,92973,2020,0,0,-0.272075,-78.557895,PICHINCHA,QUITO,QUITO,URBANA,2020-11-10,16:15:00,16,MARTES,2,NOVIEMBRE,11,NO,CONDUCIR VEHICULO SUPERANDO LOS LIMITES MAXIMOS DE VELOCIDAD.,ESTRELLAMIENTOS,CAMION,0,0,0,1,0,0,0,0,0,0,0,0,0,1,-1,NO IDENTIFICADO,NO IDENTIFICADO,CONDUCTOR AUSENTE,NO,NO,2
24611,92974,92975,2020,0,0,-0.295063,-78.563254,PICHINCHA,QUITO,QUITO,URBANA,2020-11-10,17:25:00,17,MARTES,2,NOVIEMBRE,11,NO,"CONDUCE BAJO LA INFLUENCIA DE ALCOHOL, SUSTANCIAS ESTUPEFACIENTES O PSICOTROPICAS Y/O MEDICAMENTOS.",CHOQUE POSTERIOR,AUTOMOVIL,2,0,0,0,0,0,0,0,0,0,0,0,0,2,60,HOMBRE,ILESO,CONDUCTOR PRESENTE,NO,NO,1
24612,92983,92984,2020,0,0,-0.325624,-78.418235,PICHINCHA,QUITO,ALANGASI,URBANA,2020-11-10,19:40:00,19,MARTES,2,NOVIEMBRE,11,NO,"CONDUCIR DESATENTO A LAS CONDICIONES DE TRANSITO (CELULAR, PANTALLAS DE VIDEO, COMIDA, MAQUILLAJE O CUALQUIER OTRO ELEMENTO DISTRACTOR).",ATROPELLOS,NO IDENTIFICADO,0,0,0,0,0,0,0,0,0,1,0,0,0,1,31,HOMBRE,ILESO,PEATON,NO,SI,1
24613,92985,92986,2020,0,0,-0.107535,-78.447011,PICHINCHA,QUITO,CALDERON (CARAPUNGO),RURAL,2020-11-10,20:47:00,20,MARTES,2,NOVIEMBRE,11,NO,CONDUCIR VEHICULO SUPERANDO LOS LIMITES MAXIMOS DE VELOCIDAD.,ESTRELLAMIENTOS,AUTOMOVIL,1,0,0,0,0,0,0,0,0,0,0,0,0,1,-1,NO IDENTIFICADO,NO IDENTIFICADO,CONDUCTOR AUSENTE,NO,NO,2
24614,92987,92988,2020,0,1,-0.275005,-78.529921,PICHINCHA,QUITO,QUITO,URBANA,2020-11-10,22:50:00,22,MARTES,2,NOVIEMBRE,11,NO,CONDUCIR VEHICULO SUPERANDO LOS LIMITES MAXIMOS DE VELOCIDAD.,ESTRELLAMIENTOS,MOTOCICLETA,0,0,0,0,0,0,0,0,1,0,0,0,0,1,27,HOMBRE,FALLECIDO,CONDUCTOR PRESENTE,NO,NO,1
24615,92996,92997,2020,2,0,-0.102501,-78.508056,PICHINCHA,QUITO,QUITO,URBANA,2020-11-11,07:50:00,7,MIERCOLES,3,NOVIEMBRE,11,NO,"CONDUCE BAJO LA INFLUENCIA DE ALCOHOL, SUSTANCIAS ESTUPEFACIENTES O PSICOTROPICAS Y/O MEDICAMENTOS.",PERDIDA DE CARRIL,MOTOCICLETA,0,0,0,0,0,0,0,0,1,0,0,0,0,1,25,MUJER,LESIONADO,PASAJERO,NO,NO,1
24616,93000,93001,2020,0,0,-0.287811,-78.557809,PICHINCHA,QUITO,QUITO,URBANA,2020-11-11,09:00:00,9,MIERCOLES,3,NOVIEMBRE,11,NO,"FALLA MECANICA EN LOS SISTEMAS Y/O NEUMATICOS (SISTEMA DE FRENOS, DIRECCION, ELECTRONICO O MECANICO).",ESTRELLAMIENTOS,CAMION,0,0,0,1,0,0,0,0,0,0,0,0,0,1,44,HOMBRE,ILESO,CONDUCTOR PRESENTE,NO,NO,1
24617,93014,93015,2020,1,0,-0.292882,-78.542349,PICHINCHA,QUITO,QUITO,URBANA,2020-11-11,15:20:00,15,MIERCOLES,3,NOVIEMBRE,11,NO,"NO RESPETAR LAS SENIALES REGLAMENTARIAS DE TRANSITO. (PARE, CEDA EL PASO, LUZ ROJA DEL SEMAFORO, ETC).",CHOQUE LATERAL,AUTOMOVIL,1,0,0,1,0,0,0,0,0,0,0,0,0,2,41,HOMBRE,LESIONADO,PASAJERO,NO,NO,1
24618,93016,93017,2020,0,0,-0.304714,-78.416503,PICHINCHA,QUITO,ALANGASI,RURAL,2020-11-11,15:45:00,15,MIERCOLES,3,NOVIEMBRE,11,NO,DANIOS MECANICOS PREVISIBLES.,ESTRELLAMIENTOS,CAMION,0,0,0,1,0,0,0,0,0,0,0,0,0,1,55,HOMBRE,ILESO,CONDUCTOR PRESENTE,NO,NO,3
24619,93027,93028,2020,1,0,-0.299066,-78.565518,PICHINCHA,QUITO,QUITO,URBANA,2020-11-11,20:10:00,20,MIERCOLES,3,NOVIEMBRE,11,NO,CONDUCIR EN SENTIDO CONTRARIO A LA VIA NORMAL DE CIRCULACION.,CHOQUE LATERAL,AUTOMOVIL,1,0,0,0,0,0,0,0,1,0,0,0,0,2,21,HOMBRE,LESIONADO,CONDUCTOR PRESENTE,NO,NO,1
24620,93034,93035,2020,1,0,-0.331457,-78.435021,PICHINCHA,RUMINIAHUI,SANGOLQUI,URBANA,2020-11-12,02:00:00,2,JUEVES,4,NOVIEMBRE,11,NO,"CONDUCIR DESATENTO A LAS CONDICIONES DE TRANSITO (CELULAR, PANTALLAS DE VIDEO, COMIDA, MAQUILLAJE O CUALQUIER OTRO ELEMENTO DISTRACTOR).",PERDIDA DE CARRIL,AUTOMOVIL,1,0,0,0,0,0,0,0,0,0,0,0,0,1,50,HOMBRE,LESIONADO,CONDUCTOR PRESENTE,NO,SI,1
24621,93037,93038,2020,3,0,-0.198054,-78.496075,PICHINCHA,QUITO,QUITO,URBANA,2020-11-12,06:30:00,6,JUEVES,4,NOVIEMBRE,11,NO,NO CEDER EL DERECHO DE VIA O PREFERENCIA DE PASO A VEHICULOS.,CHOQUE LATERAL,MOTOCICLETA,1,0,0,0,0,0,0,0,1,0,0,0,0,2,51,MUJER,LESIONADO,PASAJERO,NO,NO,1
24622,93044,93045,2020,1,0,-0.297168,-78.534604,PICHINCHA,QUITO,QUITO,URBANA,2020-11-12,08:20:00,8,JUEVES,4,NOVIEMBRE,11,NO,CONDUCIR EN SENTIDO CONTRARIO A LA VIA NORMAL DE CIRCULACION.,ESTRELLAMIENTOS,MOTOCICLETA,0,0,0,0,0,0,0,0,1,0,0,0,0,1,20,HOMBRE,LESIONADO,CONDUCTOR PRESENTE,NO,NO,1
24623,93045,93046,2020,0,0,-0.117822,-78.465031,PICHINCHA,QUITO,QUITO,URBANA,2020-11-12,08:30:00,8,JUEVES,4,NOVIEMBRE,11,NO,CONDUCIR VEHICULO SUPERANDO LOS LIMITES MAXIMOS DE VELOCIDAD.,ESTRELLAMIENTOS,AUTOMOVIL,1,0,0,0,0,0,0,0,0,0,0,0,0,1,-1,NO IDENTIFICADO,NO IDENTIFICADO,CONDUCTOR AUSENTE,NO,NO,2
24624,93072,93073,2020,0,0,-0.324439,-78.441696,PICHINCHA,RUMINIAHUI,SANGOLQUI,RURAL,2020-11-12,20:30:00,20,JUEVES,4,NOVIEMBRE,11,NO,"CONDUCIR DESATENTO A LAS CONDICIONES DE TRANSITO (CELULAR, PANTALLAS DE VIDEO, COMIDA, MAQUILLAJE O CUALQUIER OTRO ELEMENTO DISTRACTOR).",CHOQUE LATERAL,NO IDENTIFICADO,0,0,0,0,0,0,0,0,0,1,0,0,0,1,23,HOMBRE,ILESO,PEATON,NO,SI,3
24625,93075,93076,2020,1,1,-0.246744,-78.569979,PICHINCHA,QUITO,LLOA,RURAL,2020-11-12,21:00:00,21,JUEVES,4,NOVIEMBRE,11,NO,CONDUCIR VEHICULO SUPERANDO LOS LIMITES MAXIMOS DE VELOCIDAD.,OTROS,BICICLETA,0,2,0,0,0,0,0,0,1,0,0,0,0,3,25,HOMBRE,FALLECIDO,CONDUCTOR PRESENTE,NO,NO,3
24626,93077,93078,2020,1,0,-0.204151,-78.501102,PICHINCHA,QUITO,QUITO,URBANA,2020-11-12,21:30:00,21,JUEVES,4,NOVIEMBRE,11,NO,"NO RESPETAR LAS SENIALES REGLAMENTARIAS DE TRANSITO. (PARE, CEDA EL PASO, LUZ ROJA DEL SEMAFORO, ETC).",CHOQUE LATERAL,BICICLETA,1,1,0,0,0,0,0,0,0,0,0,0,0,2,31,HOMBRE,LESIONADO,CONDUCTOR PRESENTE,NO,NO,1
24627,93079,93080,2020,0,0,-0.280814,-78.556011,PICHINCHA,QUITO,QUITO,URBANA,2020-11-12,21:40:00,21,JUEVES,4,NOVIEMBRE,11,NO,"NO RESPETAR LAS SENIALES REGLAMENTARIAS DE TRANSITO. (PARE, CEDA EL PASO, LUZ ROJA DEL SEMAFORO, ETC).",CHOQUE LATERAL,CAMIONETA,1,0,0,0,1,0,0,0,0,0,0,0,0,2,21,HOMBRE,ILESO,CONDUCTOR PRESENTE,NO,NO,1
24628,93086,93087,2020,0,0,-0.212527,-78.496995,PICHINCHA,QUITO,QUITO,URBANA,2020-11-13,00:30:00,0,VIERNES,5,NOVIEMBRE,11,NO,"CONDUCE BAJO LA INFLUENCIA DE ALCOHOL, SUSTANCIAS ESTUPEFACIENTES O PSICOTROPICAS Y/O MEDICAMENTOS.",CHOQUE POSTERIOR,AUTOMOVIL,2,0,0,0,0,0,0,0,0,0,0,0,0,2,32,HOMBRE,ILESO,CONDUCTOR PRESENTE,NO,NO,1