,Unnamed: 0,ID,ANIO,LESIONADOS,FALLECIDOS,LATITUD_Y,LONGITUD_X,PROVINCIA,CANTON,PARROQUIA,ZONA,FECHA,HORA,PERIODO_2,DIA_1,DIA_2,MES_1,MES_2,FERIADO,CAUSA_PROBABLE,TIPO_DE_SINIESTRO,TIPO_DE_VEHICULO_1,AUTOMOVIL,BICICLETA,BUS,CAMION,CAMIONETA,EMERGENCIAS,ESPECIAL,FURGONETA,MOTOCICLETA,NO_IDENTIFICADO,SCOOTER_ELECTRICO,TRICIMOTO,VEHICULO_DEPORTIVO_UTILITARIO,SUMA_DE_VEHICULOS,EDAD_1,SEXO_1,CONDICION_1,PARTICIPANTE_1,CASCO_1,CINTURON_1,KMeans_Cluster
24629,93088,93089,2020,0,0,-0.226486,-78.339567,PICHINCHA,QUITO,PIFO,RURAL,2020-11-13,01:30:00,1,VIERNES,5,NOVIEMBRE,11,NO,"NO RESPETAR LAS SENIALES REGLAMENTARIAS DE TRANSITO. (PARE, CEDA EL PASO, LUZ ROJA DEL SEMAFORO, ETC).",CHOQUE POSTERIOR,AUTOMOVIL,2,0,0,0,0,0,0,0,0,0,0,0,0,2,45,HOMBRE,ILESO,CONDUCTOR PRESENTE,NO,NO,3
24630,93089,93090,2020,0,0,-0.151091,-78.484153,PICHINCHA,QUITO,QUITO,URBANA,2020-11-13,01:55:00,1,VIERNES,5,NOVIEMBRE,11,NO,CONDUCIR VEHICULO SUPERANDO LOS LIMITES MAXIMOS DE VELOCIDAD.,ESTRELLAMIENTOS,AUTOMOVIL,1,0,0,0,0,0,0,0,0,0,0,0,0,1,25,HOMBRE,ILESO,CONDUCTOR PRESENTE,NO,NO,1
24631,93091,93092,2020,0,0,-0.276883,-78.542386,PICHINCHA,QUITO,QUITO,URBANA,2020-11-13,03:10:00,3,VIERNES,5,NOVIEMBRE,11,NO,CONDUCIR VEHICULO SUPERANDO LOS LIMITES MAXIMOS DE VELOCIDAD.,ESTRELLAMIENTOS,AUTOMOVIL,1,0,0,0,0,0,0,0,0,0,0,0,0,1,-1,NO IDENTIFICADO,NO IDENTIFICADO,CONDUCTOR AUSENTE,NO,NO,2
24632,93092,93093,2020,0,0,-0.320521,-78.554016,PICHINCHA,QUITO,QUITO,URBANA,2020-11-13,05:45:00,5,VIERNES,5,NOVIEMBRE,11,NO,NO GUARDAR LA DISTANCIA LATERAL MINIMA DE SEGURIDAD ENTRE VEHICULOS.,CHOQUE LATERAL,AUTOMOVIL,2,0,0,0,0,0,0,0,0,0,0,0,0,2,48,HOMBRE,ILESO,CONDUCTOR PRESENTE,NO,NO,1
24633,93104,93105,2020,1,0,-0.330914,-78.550667,PICHINCHA,QUITO,QUITO,URBANA,2020-11-13,11:37:00,11,VIERNES,5,NOVIEMBRE,11,NO,PEATON QUE CRUZA LA CALZADA SIN RESPETAR LA SENIALIZACION EXISTENTE (SEMAFOROS O SENIALES MANUALES).,ATROPELLOS,CAMION,0,0,0,1,0,0,0,0,0,0,0,0,0,1,38,HOMBRE,LESIONADO,PEATON,NO,NO,1
24634,93111,93112,2020,0,0,-0.256772,-78.542845,PICHINCHA,QUITO,QUITO,URBANA,2020-11-13,15:00:00,15,VIERNES,5,NOVIEMBRE,11,NO,"NO RESPETAR LAS SENIALES REGLAMENTARIAS DE TRANSITO. (PARE, CEDA EL PASO, LUZ ROJA DEL SEMAFORO, ETC).",CHOQUE LATERAL,MOTOCICLETA,0,0,0,0,1,0,0,0,1,0,0,0,0,2,36,HOMBRE,ILESO,CONDUCTOR PRESENTE,NO,NO,1
24635,93112,93113,2020,1,0,-0.128981,-78.448507,PICHINCHA,QUITO,LLANO CHICO,RURAL,2020-11-13,15:15:00,15,VIERNES,5,NOVIEMBRE,11,NO,CONDUCIR VEHICULO SUPERANDO LOS LIMITES MAXIMOS DE VELOCIDAD.,PERDIDA DE CARRIL,MOTOCICLETA,0,0,0,0,0,0,0,0,1,0,0,0,0,1,22,HOMBRE,LESIONADO,PASAJERO,NO,NO,3
24636,93117,93118,2020,1,0,-0.155999,-78.479206,PICHINCHA,QUITO,QUITO,URBANA,2020-11-13,17:04:00,17,VIERNES,5,NOVIEMBRE,11,NO,"NO RESPETAR LAS SENIALES REGLAMENTARIAS DE TRANSITO. (PARE, CEDA EL PASO, LUZ ROJA DEL SEMAFORO, ETC).",CHOQUE LATERAL,MOTOCICLETA,0,0,0,0,0,0,0,0,1,1,0,0,0,2,33,HOMBRE,LESIONADO,CONDUCTOR PRESENTE,NO,NO,1
24637,93121,93122,2020,1,0,-0.266918,-78.551319,PICHINCHA,QUITO,QUITO,URBANA,2020-11-13,19:10:00,19,VIERNES,5,NOVIEMBRE,11,NO,NO TRANSITAR POR LAS ACERAS O ZONAS DE SEGURIDAD DESTINADAS PARA EL EFECTO.,ATROPELLOS,MOTOCICLETA,0,0,0,0,0,0,0,0,1,0,0,0,0,1,30,HOMBRE,LESIONADO,PEATON,NO,NO,1
24638,93122,93123,2020,0,0,-0.105779,-78.462379,PICHINCHA,QUITO,QUITO,RURAL,2020-11-13,19:15:00,19,VIERNES,5,NOVIEMBRE,11,NO,NO MANTENER LA DISTANCIA PRUDENCIAL CON RESPECTO AL VEHICULO QUE LE ANTECEDE.,CHOQUE POSTERIOR,AUTOMOVIL,2,0,0,0,0,0,0,0,0,0,0,0,0,2,13,HOMBRE,ILESO,PASAJERO,NO,NO,3
24639,93123,93124,2020,0,0,-0.108255,-78.461339,PICHINCHA,QUITO,CALDERON (CARAPUNGO),RURAL,2020-11-13,19:50:00,19,VIERNES,5,NOVIEMBRE,11,NO,"CONDUCE BAJO LA INFLUENCIA DE ALCOHOL, SUSTANCIAS ESTUPEFACIENTES O PSICOTROPICAS Y/O MEDICAMENTOS.",CHOQUE LATERAL,FURGONETA,1,0,0,0,0,0,0,1,0,0,0,0,0,2,61,HOMBRE,ILESO,CONDUCTOR PRESENTE,NO,NO,3
24640,93134,93135,2020,0,0,-0.255277,-78.490506,PICHINCHA,QUITO,QUITO,RURAL,2020-11-13,21:40:00,21,VIERNES,5,NOVIEMBRE,11,NO,MALAS CONDICIONES DE LA VIA Y/O CONFIGURACION. (ILUMINACION Y DISENIO).,ESTRELLAMIENTOS,AUTOMOVIL,1,0,0,0,0,0,0,0,0,0,0,0,0,1,-1,NO IDENTIFICADO,NO IDENTIFICADO,CONDUCTOR AUSENTE,NO,NO,2
24641,93137,93138,2020,0,0,-0.115201,-78.484805,PICHINCHA,QUITO,QUITO,URBANA,2020-11-13,22:40:00,22,VIERNES,5,NOVIEMBRE,11,NO,CONDUCIR VEHICULO SUPERANDO LOS LIMITES MAXIMOS DE VELOCIDAD.,ESTRELLAMIENTOS,AUTOMOVIL,1,0,0,0,0,0,0,0,0,0,0,0,0,1,-1,NO IDENTIFICADO,NO IDENTIFICADO,CONDUCTOR AUSENTE,NO,NO,2
24642,93145,93146,2020,0,0,-0.196283,-78.512594,PICHINCHA,QUITO,QUITO,URBANA,2020-11-14,01:15:00,1,SABADO,6,NOVIEMBRE,11,NO,"CONDUCE BAJO LA INFLUENCIA DE ALCOHOL, SUSTANCIAS ESTUPEFACIENTES O PSICOTROPICAS Y/O MEDICAMENTOS.",CHOQUE LATERAL,AUTOMOVIL,2,0,0,0,0,0,0,0,0,0,0,0,0,2,42,HOMBRE,ILESO,CONDUCTOR PRESENTE,NO,NO,1
24643,93146,93147,2020,2,1,-0.158256,-78.485327,PICHINCHA,QUITO,QUITO,URBANA,2020-11-14,01:35:00,1,SABADO,6,NOVIEMBRE,11,NO,CONDUCIR VEHICULO SUPERANDO LOS LIMITES MAXIMOS DE VELOCIDAD.,ESTRELLAMIENTOS,AUTOMOVIL,1,0,0,0,0,0,0,0,0,0,0,0,0,1,26,MUJER,FALLECIDO,PASAJERO,NO,NO,1
24644,93149,93150,2020,1,0,-0.237517,-78.484419,PICHINCHA,QUITO,QUITO,URBANA,2020-11-14,02:05:00,2,SABADO,6,NOVIEMBRE,11,NO,CONDUCIR VEHICULO SUPERANDO LOS LIMITES MAXIMOS DE VELOCIDAD.,PERDIDA DE CARRIL,AUTOMOVIL,1,0,0,0,0,0,0,0,0,0,0,0,0,1,36,HOMBRE,LESIONADO,CONDUCTOR PRESENTE,NO,NO,1
24645,93152,93153,2020,1,0,-0.167885,-78.489782,PICHINCHA,QUITO,QUITO,URBANA,2020-11-14,03:12:00,3,SABADO,6,NOVIEMBRE,11,NO,PEATON QUE CRUZA LA CALZADA SIN RESPETAR LA SENIALIZACION EXISTENTE (SEMAFOROS O SENIALES MANUALES).,ATROPELLOS,AUTOMOVIL,1,0,0,0,0,0,0,0,0,0,0,0,0,1,60,HOMBRE,LESIONADO,PEATON,NO,NO,1
24646,93153,93154,2020,0,0,-0.128441,-78.474231,PICHINCHA,QUITO,QUITO,URBANA,2020-11-14,03:45:00,3,SABADO,6,NOVIEMBRE,11,NO,CONDUCIR VEHICULO SUPERANDO LOS LIMITES MAXIMOS DE VELOCIDAD.,ESTRELLAMIENTOS,AUTOMOVIL,1,0,0,0,0,0,0,0,0,0,0,0,0,1,-1,NO IDENTIFICADO,NO IDENTIFICADO,CONDUCTOR AUSENTE,NO,NO,2
24647,93159,93160,2020,0,0,-0.130289,-78.471097,PICHINCHA,QUITO,QUITO,URBANA,2020-11-14,06:00:00,6,SABADO,6,NOVIEMBRE,11,NO,CONDUCIR VEHICULO SUPERANDO LOS LIMITES MAXIMOS DE VELOCIDAD.,ESTRELLAMIENTOS,AUTOMOVIL,1,0,0,0,0,0,0,0,0,0,0,0,0,1,-1,NO IDENTIFICADO,NO IDENTIFICADO,CONDUCTOR AUSENTE,NO,NO,2
24648,93162,93163,2020,0,0,-0.214651,-78.500491,PICHINCHA,QUITO,QUITO,URBANA,2020-11-14,06:40:00,6,SABADO,6,NOVIEMBRE,11,NO,"NO RESPETAR LAS SENIALES REGLAMENTARIAS DE TRANSITO. (PARE, CEDA EL PASO, LUZ ROJA DEL SEMAFORO, ETC).",CHOQUE LATERAL,AUTOMOVIL,1,0,1,0,0,0,0,0,0,0,0,0,0,2,49,HOMBRE,ILESO,CONDUCTOR PRESENTE,NO,NO,1
24649,93170,93171,2020,1,0,-0.128723,-78.481062,PICHINCHA,QUITO,QUITO,URBANA,2020-11-14,08:30:00,8,SABADO,6,NOVIEMBRE,11,NO,"NO RESPETAR LAS SENIALES REGLAMENTARIAS DE TRANSITO. (PARE, CEDA EL PASO, LUZ ROJA DEL SEMAFORO, ETC).",OTROS,MOTOCICLETA,1,0,0,0,0,0,0,0,1,0,0,0,0,2,29,MUJER,LESIONADO,PEATON,NO,NO,1
24650,93173,93174,2020,2,0,-0.205027,-78.501426,PICHINCHA,QUITO,QUITO,URBANA,2020-11-14,09:25:00,9,SABADO,6,NOVIEMBRE,11,NO,"NO RESPETAR LAS SENIALES REGLAMENTARIAS DE TRANSITO. (PARE, CEDA EL PASO, LUZ ROJA DEL SEMAFORO, ETC).",CHOQUE LATERAL,MOTOCICLETA,1,0,0,0,0,0,0,0,1,0,0,0,0,2,36,HOMBRE,LESIONADO,PASAJERO,NO,NO,1
24651,93175,93176,2020,0,0,-0.330821,-78.553235,PICHINCHA,QUITO,QUITO,URBANA,2020-11-14,09:55:00,9,SABADO,6,NOVIEMBRE,11,NO,"CASO FORTUITO O FUERZA MAYOR (EXPLOSION DE NEUMATICO NUEVO, DERRUMBE, INUNDACION, CAIDA DE PUENTE, ARBOL, PRESENCIA INTEMPESTIVA E IMPREVISTA DE SEMOVIENTES EN LA VIA, ETC.).",OTROS,NO IDENTIFICADO,0,0,0,0,0,0,0,0,0,1,0,0,0,1,16,MUJER,ILESO,PEATON,NO,NO,1
24652,93178,93179,2020,0,0,-0.291177,-78.545891,PICHINCHA,QUITO,QUITO,URBANA,2020-11-14,10:35:00,10,SABADO,6,NOVIEMBRE,11,NO,"NO RESPETAR LAS SENIALES REGLAMENTARIAS DE TRANSITO. (PARE, CEDA EL PASO, LUZ ROJA DEL SEMAFORO, ETC).",CHOQUE LATERAL,AUTOMOVIL,1,0,0,0,1,0,0,0,0,0,0,0,0,2,50,HOMBRE,ILESO,CONDUCTOR PRESENTE,NO,NO,1
24653,93188,93189,2020,0,0,-0.277442,-78.537271,PICHINCHA,QUITO,QUITO,URBANA,2020-11-14,15:50:00,15,SABADO,6,NOVIEMBRE,11,NO,"NO RESPETAR LAS SENIALES REGLAMENTARIAS DE TRANSITO. (PARE, CEDA EL PASO, LUZ ROJA DEL SEMAFORO, ETC).",CHOQUE LATERAL,AUTOMOVIL,1,0,0,0,1,0,0,0,0,0,0,0,0,2,34,HOMBRE,ILESO,CONDUCTOR PRESENTE,NO,NO,1
24654,93190,93191,2020,0,0,-0.022675,-78.332931,PICHINCHA,PEDRO MONCAYO,TOCACHI,RURAL,2020-11-14,16:30:05,16,SABADO,6,NOVIEMBRE,11,NO,"CONDUCE BAJO LA INFLUENCIA DE ALCOHOL, SUSTANCIAS ESTUPEFACIENTES O PSICOTROPICAS Y/O MEDICAMENTOS.",CHOQUE FRONTAL,CAMIONETA,0,0,0,0,1,0,0,0,0,1,0,0,0,2,48,HOMBRE,ILESO,CONDUCTOR PRESENTE,NO,SI,3
24655,93192,93193,2020,0,0,-0.254292,-78.551223,PICHINCHA,QUITO,QUITO,URBANA,2020-11-14,17:10:00,17,SABADO,6,NOVIEMBRE,11,NO,CONDUCIR VEHICULO SUPERANDO LOS LIMITES MAXIMOS DE VELOCIDAD.,ESTRELLAMIENTOS,BUS,0,0,1,0,0,0,0,0,0,0,0,0,0,1,-1,NO IDENTIFICADO,NO IDENTIFICADO,CONDUCTOR AUSENTE,NO,NO,2
24656,93209,93210,2020,0,0,-0.204802,-78.376946,PICHINCHA,QUITO,TUMBACO,RURAL,2020-11-14,19:45:00,19,SABADO,6,NOVIEMBRE,11,NO,"CONDUCE BAJO LA INFLUENCIA DE ALCOHOL, SUSTANCIAS ESTUPEFACIENTES O PSICOTROPICAS Y/O MEDICAMENTOS.",ROZAMIENTOS,CAMIONETA,1,0,0,0,1,0,0,0,0,0,0,0,0,2,54,HOMBRE,ILESO,CONDUCTOR PRESENTE,NO,NO,3
24657,93213,93214,2020,1,0,-0.116086,-78.488281,PICHINCHA,QUITO,QUITO,URBANA,2020-11-14,20:15:00,20,SABADO,6,NOVIEMBRE,11,NO,NO GUARDAR LA DISTANCIA LATERAL MINIMA DE SEGURIDAD ENTRE VEHICULOS.,CHOQUE LATERAL,AUTOMOVIL,1,0,0,0,0,0,0,0,1,0,0,0,0,2,21,HOMBRE,LESIONADO,CONDUCTOR PRESENTE,NO,NO,1
24658,93222,93223,2020,1,0,-0.299693,-78.547368,PICHINCHA,QUITO,QUITO,URBANA,2020-11-14,23:10:00,23,SABADO,6,NOVIEMBRE,11,NO,CONDUCIR VEHICULO SUPERANDO LOS LIMITES MAXIMOS DE VELOCIDAD.,ESTRELLAMIENTOS,ESPECIAL,0,0,0,0,0,0,1,0,1,0,0,0,0,2,42,HOMBRE,LESIONADO,PASAJERO,NO,NO,1
24659,93255,93256,2020,0,0,-0.285564,-78.559212,PICHINCHA,QUITO,QUITO,URBANA,2020-11-15,07:10:00,7,DOMINGO,7,NOVIEMBRE,11,NO,NO CEDER EL DERECHO DE VIA O PREFERENCIA DE PASO A VEHICULOS.,CHOQUE LATERAL,CAMIONETA,1,0,0,0,1,0,0,0,0,0,0,0,0,2,36,HOMBRE,ILESO,CONDUCTOR PRESENTE,NO,NO,1
24660,93263,93264,2020,0,0,-0.070157,-78.475635,PICHINCHA,QUITO,POMASQUI,RURAL,2020-11-15,11:30:00,11,DOMINGO,7,NOVIEMBRE,11,NO,"CONDUCE BAJO LA INFLUENCIA DE ALCOHOL, SUSTANCIAS ESTUPEFACIENTES O PSICOTROPICAS Y/O MEDICAMENTOS.",CHOQUE POSTERIOR,AUTOMOVIL,2,0,0,0,0,0,0,0,0,0,0,0,0,2,38,MUJER,ILESO,PASAJERO,NO,NO,3
24661,93264,93265,2020,0,1,-0.233407,-78.530233,PICHINCHA,QUITO,QUITO,URBANA,2020-11-15,12:05:00,12,DOMINGO,7,NOVIEMBRE,11,NO,CONDUCIR VEHICULO SUPERANDO LOS LIMITES MAXIMOS DE VELOCIDAD.,OTROS,AUTOMOVIL,1,0,0,0,0,0,0,0,0,0,0,0,0,1,32,HOMBRE,FALLECIDO,PEATON,NO,NO,1
24662,93272,93273,2020,0,0,-0.184118,-78.513853,PICHINCHA,QUITO,QUITO,URBANA,2020-11-15,14:45:00,14,DOMINGO,7,NOVIEMBRE,11,NO,CONDUCIR VEHICULO SUPERANDO LOS LIMITES MAXIMOS DE VELOCIDAD.,OTROS,AUTOMOVIL,2,0,0,0,0,0,0,0,0,0,0,0,0,2,-1,NO IDENTIFICADO,NO IDENTIFICADO,CONDUCTOR AUSENTE,NO,NO,2
24663,93279,93280,2020,0,0,-0.345151,-78.456301,PICHINCHA,RUMINIAHUI,SANGOLQUI,RURAL,2020-11-15,18:45:00,18,DOMINGO,7,NOVIEMBRE,11,NO,"CONDUCIR DESATENTO A LAS CONDICIONES DE TRANSITO (CELULAR, PANTALLAS DE VIDEO, COMIDA, MAQUILLAJE O CUALQUIER OTRO ELEMENTO DISTRACTOR).",CHOQUE POSTERIOR,MOTOCICLETA,0,0,0,0,1,0,0,0,1,0,0,0,0,2,38,HOMBRE,ILESO,CONDUCTOR PRESENTE,NO,SI,3
24664,93284,93285,2020,0,0,-0.232716,-78.503774,PICHINCHA,QUITO,QUITO,URBANA,2020-11-15,19:05:00,19,DOMINGO,7,NOVIEMBRE,11,NO,"CONDUCE BAJO LA INFLUENCIA DE ALCOHOL, SUSTANCIAS ESTUPEFACIENTES O PSICOTROPICAS Y/O MEDICAMENTOS.",CHOQUE POSTERIOR,CAMIONETA,1,0,0,0,1,0,0,0,0,0,0,0,0,2,46,HOMBRE,ILESO,CONDUCTOR PRESENTE,NO,NO,1
24665,93290,93291,2020,0,0,-0.132023,-78.465996,PICHINCHA,QUITO,QUITO,URBANA,2020-11-15,20:22:00,20,DOMINGO,7,NOVIEMBRE,11,NO,"CONDUCE BAJO LA INFLUENCIA DE ALCOHOL, SUSTANCIAS ESTUPEFACIENTES O PSICOTROPICAS Y/O MEDICAMENTOS.",CHOQUE LATERAL,AUTOMOVIL,2,0,0,0,0,0,0,0,0,0,0,0,0,2,31,HOMBRE,ILESO,CONDUCTOR PRESENTE,NO,NO,1
24666,93297,93298,2020,1,0,-0.021629,-78.263967,PICHINCHA,CAYAMBE,OTON,RURAL,2020-11-16,00:16:05,0,LUNES,1,NOVIEMBRE,11,NO,"PRESENCIA DE AGENTES EXTERNOS EN LA VIA (AGUA, ACEITE, PIEDRA, LASTRE, ESCOMBROS, MADEROS, ETC.).",CHOQUE FRONTAL,VEHICULO DEPORTIVO UTILITARIO,1,0,0,0,0,0,0,0,0,0,0,0,1,2,32,HOMBRE,LESIONADO,CONDUCTOR PRESENTE,NO,SI,3
24667,93312,93313,2020,0,0,-0.094889,-78.477529,PICHINCHA,QUITO,QUITO,URBANA,2020-11-16,08:00:00,8,LUNES,1,NOVIEMBRE,11,NO,"NO RESPETAR LAS SENIALES REGLAMENTARIAS DE TRANSITO. (PARE, CEDA EL PASO, LUZ ROJA DEL SEMAFORO, ETC).",CHOQUE LATERAL,AUTOMOVIL,1,0,0,0,1,0,0,0,0,0,0,0,0,2,29,HOMBRE,ILESO,CONDUCTOR PRESENTE,NO,NO,1
24668,93315,93316,2020,0,0,-0.111088,-78.480065,PICHINCHA,QUITO,QUITO,URBANA,2020-11-16,08:20:00,8,LUNES,1,NOVIEMBRE,11,NO,CONDUCIR VEHICULO SUPERANDO LOS LIMITES MAXIMOS DE VELOCIDAD.,ESTRELLAMIENTOS,CAMIONETA,0,0,0,0,1,0,0,0,0,0,0,0,0,1,-1,NO IDENTIFICADO,NO IDENTIFICADO,CONDUCTOR AUSENTE,NO,NO,2
24669,93316,93317,2020,0,0,-0.087706,-78.486272,PICHINCHA,QUITO,QUITO,RURAL,2020-11-16,08:30:00,8,LUNES,1,NOVIEMBRE,11,NO,"CONDUCIR DESATENTO A LAS CONDICIONES DE TRANSITO (CELULAR, PANTALLAS DE VIDEO, COMIDA, MAQUILLAJE O CUALQUIER OTRO ELEMENTO DISTRACTOR).",CHOQUE LATERAL,CAMIONETA,0,0,0,1,1,0,0,0,0,0,0,0,0,2,53,HOMBRE,ILESO,CONDUCTOR PRESENTE,NO,SI,3
24670,93319,93320,2020,0,0,-0.268611,-78.540053,PICHINCHA,QUITO,QUITO,URBANA,2020-11-16,09:43:00,9,LUNES,1,NOVIEMBRE,11,NO,"NO RESPETAR LAS SENIALES REGLAMENTARIAS DE TRANSITO. (PARE, CEDA EL PASO, LUZ ROJA DEL SEMAFORO, ETC).",OTROS,AUTOMOVIL,3,0,0,0,0,0,0,0,0,0,0,0,0,3,50,HOMBRE,ILESO,CONDUCTOR PRESENTE,NO,NO,1
24671,93323,93324,2020,0,0,-0.275824,-78.501786,PICHINCHA,QUITO,CONOCOTO,RURAL,2020-11-16,12:13:00,12,LUNES,1,NOVIEMBRE,11,NO,CONDUCIR VEHICULO SUPERANDO LOS LIMITES MAXIMOS DE VELOCIDAD.,CHOQUE LATERAL,AUTOMOVIL,2,0,0,0,0,0,0,0,0,0,0,0,0,2,43,HOMBRE,ILESO,CONDUCTOR PRESENTE,NO,NO,3
24672,93337,93338,2020,0,0,-0.120424,-78.415686,PICHINCHA,QUITO,CALDERON (CARAPUNGO),RURAL,2020-11-16,19:10:00,19,LUNES,1,NOVIEMBRE,11,NO,"NO RESPETAR LAS SENIALES REGLAMENTARIAS DE TRANSITO. (PARE, CEDA EL PASO, LUZ ROJA DEL SEMAFORO, ETC).",CHOQUE LATERAL,MOTOCICLETA,1,0,0,0,0,0,0,0,1,0,0,0,0,2,26,HOMBRE,ILESO,CONDUCTOR PRESENTE,NO,NO,3
24673,93338,93339,2020,0,0,-0.055229,-78.350943,PICHINCHA,QUITO,GUAYLLABAMBA,RURAL,2020-11-16,19:10:01,19,LUNES,1,NOVIEMBRE,11,NO,"CONDUCIR DESATENTO A LAS CONDICIONES DE TRANSITO (CELULAR, PANTALLAS DE VIDEO, COMIDA, MAQUILLAJE O CUALQUIER OTRO ELEMENTO DISTRACTOR).",CHOQUE FRONTAL,AUTOMOVIL,1,0,0,0,1,0,0,0,0,0,0,0,0,2,42,HOMBRE,ILESO,CONDUCTOR PRESENTE,NO,SI,3
24674,93357,93358,2020,16,0,-0.263991,-78.487764,PICHINCHA,QUITO,CONOCOTO,RURAL,2020-11-17,07:53:00,7,MARTES,2,NOVIEMBRE,11,NO,"FALLA MECANICA EN LOS SISTEMAS Y/O NEUMATICOS (SISTEMA DE FRENOS, DIRECCION, ELECTRONICO O MECANICO).",ESTRELLAMIENTOS,FURGONETA,0,0,0,0,0,0,0,1,0,0,0,0,0,1,33,MUJER,LESIONADO,PASAJERO,NO,NO,3
24675,93358,93359,2020,0,0,-0.346371,-78.439207,PICHINCHA,RUMINIAHUI,SANGOLQUI,URBANA,2020-11-17,08:40:00,8,MARTES,2,NOVIEMBRE,11,NO,"CONDUCIR DESATENTO A LAS CONDICIONES DE TRANSITO (CELULAR, PANTALLAS DE VIDEO, COMIDA, MAQUILLAJE O CUALQUIER OTRO ELEMENTO DISTRACTOR).",CHOQUE LATERAL,MOTOCICLETA,1,0,0,0,0,0,0,0,1,0,0,0,0,2,35,HOMBRE,ILESO,CONDUCTOR PRESENTE,NO,SI,1
24676,93363,93364,2020,0,0,-0.204802,-78.376946,PICHINCHA,QUITO,TUMBACO,RURAL,2020-11-17,09:50:00,9,MARTES,2,NOVIEMBRE,11,NO,"NO RESPETAR LAS SENIALES REGLAMENTARIAS DE TRANSITO. (PARE, CEDA EL PASO, LUZ ROJA DEL SEMAFORO, ETC).",CHOQUE LATERAL,AUTOMOVIL,2,0,0,0,0,0,0,0,0,0,0,0,0,2,23,HOMBRE,ILESO,CONDUCTOR PRESENTE,NO,NO,3
24677,93376,93377,2020,0,0,-0.206523,-78.512161,PICHINCHA,QUITO,QUITO,URBANA,2020-11-17,16:00:00,16,MARTES,2,NOVIEMBRE,11,NO,"CONDICIONES AMBIENTALES Y/O ATMOSFERICAS (NIEBLA, NEBLINA, GRANIZO, LLUVIA).",OTROS,BUS,1,0,1,0,1,0,0,0,0,0,0,0,0,3,42,HOMBRE,ILESO,CONDUCTOR PRESENTE,NO,NO,1
24678,93379,93380,2020,0,0,-0.111477,-78.490006,PICHINCHA,QUITO,QUITO,URBANA,2020-11-17,16:30:00,16,MARTES,2,NOVIEMBRE,11,NO,"CONDICIONES AMBIENTALES Y/O ATMOSFERICAS (NIEBLA, NEBLINA, GRANIZO, LLUVIA).",CHOQUE POSTERIOR,AUTOMOVIL,2,0,0,0,0,0,0,0,0,0,0,0,0,2,32,HOMBRE,ILESO,CONDUCTOR PRESENTE,NO,NO,1
24679,93380,93381,2020,0,0,-0.187808,-78.444336,PICHINCHA,QUITO,NAYON,RURAL,2020-11-17,17:00:00,17,MARTES,2,NOVIEMBRE,11,NO,"CONDICIONES AMBIENTALES Y/O ATMOSFERICAS (NIEBLA, NEBLINA, GRANIZO, LLUVIA).",OTROS,AUTOMOVIL,2,0,1,0,0,0,0,0,0,0,0,0,0,3,36,HOMBRE,ILESO,CONDUCTOR PRESENTE,NO,NO,3
24680,93383,93384,2020,1,0,-0.218514,-78.485343,PICHINCHA,QUITO,QUITO,URBANA,2020-11-17,17:20:00,17,MARTES,2,NOVIEMBRE,11,NO,"CONDICIONES AMBIENTALES Y/O ATMOSFERICAS (NIEBLA, NEBLINA, GRANIZO, LLUVIA).",CHOQUE LATERAL,MOTOCICLETA,0,0,0,0,0,0,0,0,2,0,0,0,0,2,37,HOMBRE,LESIONADO,CONDUCTOR PRESENTE,NO,NO,1
24681,93388,93389,2020,0,0,-0.190017,-78.453854,PICHINCHA,QUITO,NAYON,RURAL,2020-11-17,19:20:00,19,MARTES,2,NOVIEMBRE,11,NO,"CONDICIONES AMBIENTALES Y/O ATMOSFERICAS (NIEBLA, NEBLINA, GRANIZO, LLUVIA).",CHOQUE LATERAL,AUTOMOVIL,2,0,0,0,0,0,0,0,0,0,0,0,0,2,40,MUJER,ILESO,CONDUCTOR PRESENTE,NO,NO,3
24682,93389,93390,2020,2,0,-0.177348,-78.473569,PICHINCHA,QUITO,QUITO,URBANA,2020-11-17,19:20:00,19,MARTES,2,NOVIEMBRE,11,NO,"CONDICIONES AMBIENTALES Y/O ATMOSFERICAS (NIEBLA, NEBLINA, GRANIZO, LLUVIA).",ESTRELLAMIENTOS,AUTOMOVIL,2,0,0,0,0,0,0,0,0,0,0,0,0,2,33,MUJER,LESIONADO,PASAJERO,NO,NO,1
24683,93390,93391,2020,1,0,-0.318256,-78.557591,PICHINCHA,QUITO,QUITO,URBANA,2020-11-17,19:20:00,19,MARTES,2,NOVIEMBRE,11,NO,NO CEDER EL DERECHO DE VIA O PREFERENCIA DE PASO A VEHICULOS.,OTROS,MOTOCICLETA,0,0,0,0,0,0,0,0,1,1,0,0,0,2,18,HOMBRE,LESIONADO,PASAJERO,NO,NO,1
24684,93397,93398,2020,2,0,-0.317968,-78.545213,PICHINCHA,QUITO,QUITO,URBANA,2020-11-17,21:00:00,21,MARTES,2,NOVIEMBRE,11,NO,NO CEDER EL DERECHO DE VIA O PREFERENCIA DE PASO A VEHICULOS.,OTROS,MOTOCICLETA,0,0,0,0,0,0,0,0,1,1,0,0,0,2,35,HOMBRE,LESIONADO,PASAJERO,NO,NO,1