,Unnamed: 0,ID,ANIO,LESIONADOS,FALLECIDOS,LATITUD_Y,LONGITUD_X,PROVINCIA,CANTON,PARROQUIA,ZONA,FECHA,HORA,PERIODO_2,DIA_1,DIA_2,MES_1,MES_2,FERIADO,CAUSA_PROBABLE,TIPO_DE_SINIESTRO,TIPO_DE_VEHICULO_1,AUTOMOVIL,BICICLETA,BUS,CAMION,CAMIONETA,EMERGENCIAS,ESPECIAL,FURGONETA,MOTOCICLETA,NO_IDENTIFICADO,SCOOTER_ELECTRICO,TRICIMOTO,VEHICULO_DEPORTIVO_UTILITARIO,SUMA_DE_VEHICULOS,EDAD_1,SEXO_1,CONDICION_1,PARTICIPANTE_1,CASCO_1,CINTURON_1,KMeans_Cluster
24685,93399,93400,2020,1,0,-0.162831,-78.486035,PICHINCHA,QUITO,QUITO,URBANA,2020-11-17,22:50:00,22,MARTES,2,NOVIEMBRE,11,NO,CONDUCIR VEHICULO SUPERANDO LOS LIMITES MAXIMOS DE VELOCIDAD.,PERDIDA DE CARRIL,MOTOCICLETA,0,0,0,0,0,0,0,0,1,0,0,0,0,1,44,HOMBRE,LESIONADO,CONDUCTOR PRESENTE,NO,NO,1
24686,93402,93403,2020,0,1,-0.261044,-78.538617,PICHINCHA,QUITO,QUITO,URBANA,2020-11-17,23:25:00,23,MARTES,2,NOVIEMBRE,11,NO,NO CEDER EL DERECHO DE VIA O PREFERENCIA DE PASO A VEHICULOS.,OTROS,MOTOCICLETA,1,0,0,0,0,0,0,0,1,0,0,0,0,2,22,HOMBRE,FALLECIDO,CONDUCTOR PRESENTE,NO,NO,1
24687,93405,93406,2020,0,1,-0.099124,-78.460651,PICHINCHA,QUITO,QUITO,RURAL,2020-11-18,00:30:00,0,MIERCOLES,3,NOVIEMBRE,11,NO,DANIOS MECANICOS PREVISIBLES.,OTROS,CAMION,0,0,0,1,0,0,0,0,0,0,0,0,0,1,46,HOMBRE,FALLECIDO,PEATON,NO,NO,3
24688,93409,93410,2020,0,0,-0.192637,-78.456649,PICHINCHA,QUITO,QUITO,RURAL,2020-11-18,05:55:00,5,MIERCOLES,3,NOVIEMBRE,11,NO,"PRESENCIA DE AGENTES EXTERNOS EN LA VIA (AGUA, ACEITE, PIEDRA, LASTRE, ESCOMBROS, MADEROS, ETC.).",ESTRELLAMIENTOS,CAMION,0,0,0,1,0,0,0,0,0,0,0,0,0,1,30,HOMBRE,ILESO,CONDUCTOR PRESENTE,NO,NO,3
24689,93411,93412,2020,1,0,-0.085274,-78.398211,PICHINCHA,QUITO,CALDERON (CARAPUNGO),RURAL,2020-11-18,06:55:25,6,MIERCOLES,3,NOVIEMBRE,11,NO,"CONDUCIR DESATENTO A LAS CONDICIONES DE TRANSITO (CELULAR, PANTALLAS DE VIDEO, COMIDA, MAQUILLAJE O CUALQUIER OTRO ELEMENTO DISTRACTOR).",PERDIDA DE PISTA,AUTOMOVIL,1,0,0,0,0,0,0,0,0,0,0,0,0,1,35,MUJER,LESIONADO,PASAJERO,NO,SI,3
24690,93415,93416,2020,6,0,-0.464936,-78.592194,PICHINCHA,MEJIA,ALOAG,RURAL,2020-11-18,07:30:00,7,MIERCOLES,3,NOVIEMBRE,11,NO,"CONDUCIR DESATENTO A LAS CONDICIONES DE TRANSITO (CELULAR, PANTALLAS DE VIDEO, COMIDA, MAQUILLAJE O CUALQUIER OTRO ELEMENTO DISTRACTOR).",PERDIDA DE PISTA,VEHICULO DEPORTIVO UTILITARIO,1,0,0,0,0,0,0,0,0,0,0,0,1,2,34,MUJER,LESIONADO,CONDUCTOR PRESENTE,NO,NO,3
24691,93423,93424,2020,1,0,-0.253919,-78.484438,PICHINCHA,QUITO,QUITO,RURAL,2020-11-18,10:30:00,10,MIERCOLES,3,NOVIEMBRE,11,NO,"NO RESPETAR LAS SENIALES REGLAMENTARIAS DE TRANSITO. (PARE, CEDA EL PASO, LUZ ROJA DEL SEMAFORO, ETC).",CHOQUE LATERAL,BICICLETA,1,1,0,0,0,0,0,0,0,0,0,0,0,2,18,HOMBRE,LESIONADO,CONDUCTOR PRESENTE,NO,NO,3
24692,93424,93425,2020,1,0,-0.199767,-78.428809,PICHINCHA,QUITO,CUMBAYA,RURAL,2020-11-18,10:40:00,10,MIERCOLES,3,NOVIEMBRE,11,NO,CONDUCIR VEHICULO SUPERANDO LOS LIMITES MAXIMOS DE VELOCIDAD.,ESTRELLAMIENTOS,FURGONETA,0,0,0,0,0,0,0,1,0,0,0,0,0,1,35,HOMBRE,LESIONADO,CONDUCTOR PRESENTE,NO,NO,3
24693,93426,93427,2020,0,0,-0.225038,-78.525491,PICHINCHA,QUITO,QUITO,URBANA,2020-11-18,11:50:00,11,MIERCOLES,3,NOVIEMBRE,11,NO,"CONDUCE BAJO LA INFLUENCIA DE ALCOHOL, SUSTANCIAS ESTUPEFACIENTES O PSICOTROPICAS Y/O MEDICAMENTOS.",ESTRELLAMIENTOS,AUTOMOVIL,1,0,0,0,1,0,0,0,0,0,0,0,0,2,59,HOMBRE,ILESO,CONDUCTOR PRESENTE,NO,NO,1
24694,93431,93432,2020,1,0,-0.117608,-78.482373,PICHINCHA,QUITO,QUITO,URBANA,2020-11-18,12:37:00,12,MIERCOLES,3,NOVIEMBRE,11,NO,NO TRANSITAR POR LAS ACERAS O ZONAS DE SEGURIDAD DESTINADAS PARA EL EFECTO.,ATROPELLOS,AUTOMOVIL,1,0,0,0,0,0,0,0,0,0,0,0,0,1,13,HOMBRE,LESIONADO,PEATON,NO,NO,1
24695,93437,93438,2020,2,0,-0.100622,-78.472207,PICHINCHA,QUITO,QUITO,URBANA,2020-11-18,13:40:00,13,MIERCOLES,3,NOVIEMBRE,11,NO,"NO RESPETAR LAS SENIALES REGLAMENTARIAS DE TRANSITO. (PARE, CEDA EL PASO, LUZ ROJA DEL SEMAFORO, ETC).",CHOQUE LATERAL,AUTOMOVIL,2,0,0,0,0,0,0,0,0,0,0,0,0,2,48,MUJER,LESIONADO,CONDUCTOR PRESENTE,NO,NO,1
24696,93439,93440,2020,3,0,-0.212824,-78.402686,PICHINCHA,QUITO,TUMBACO,RURAL,2020-11-18,15:05:00,15,MIERCOLES,3,NOVIEMBRE,11,NO,"CONDICIONES AMBIENTALES Y/O ATMOSFERICAS (NIEBLA, NEBLINA, GRANIZO, LLUVIA).",ESTRELLAMIENTOS,CAMIONETA,0,0,0,0,1,0,0,0,0,0,0,0,0,1,4,MUJER,LESIONADO,PASAJERO,NO,NO,3
24697,93440,93441,2020,0,1,0.010406,-78.206007,PICHINCHA,CAYAMBE,CANGAHUA,RURAL,2020-11-18,16:20:24,16,MIERCOLES,3,NOVIEMBRE,11,NO,"CONDICIONES AMBIENTALES Y/O ATMOSFERICAS (NIEBLA, NEBLINA, GRANIZO, LLUVIA).",CHOQUE FRONTAL,CAMION,1,0,0,1,0,0,0,0,0,0,0,0,0,2,31,HOMBRE,FALLECIDO,CONDUCTOR PRESENTE,NO,SI,3
24698,93443,93444,2020,1,0,-0.147721,-78.447752,PICHINCHA,QUITO,QUITO,RURAL,2020-11-18,17:31:00,17,MIERCOLES,3,NOVIEMBRE,11,NO,"CONDUCE BAJO LA INFLUENCIA DE ALCOHOL, SUSTANCIAS ESTUPEFACIENTES O PSICOTROPICAS Y/O MEDICAMENTOS.",CHOQUE POSTERIOR,AUTOMOVIL,2,0,0,0,0,0,0,0,0,0,0,0,0,2,61,HOMBRE,LESIONADO,PASAJERO,NO,NO,3
24699,93458,93459,2020,0,0,-0.060515,-78.377178,PICHINCHA,QUITO,GUAYLLABAMBA,RURAL,2020-11-19,06:35:33,6,JUEVES,4,NOVIEMBRE,11,NO,"CONDICIONES AMBIENTALES Y/O ATMOSFERICAS (NIEBLA, NEBLINA, GRANIZO, LLUVIA).",PERDIDA DE PISTA,AUTOMOVIL,1,0,0,0,0,0,0,0,0,0,0,0,0,1,45,HOMBRE,ILESO,CONDUCTOR PRESENTE,NO,SI,3
24700,93463,93464,2020,0,0,-0.060594,-78.377273,PICHINCHA,QUITO,GUAYLLABAMBA,RURAL,2020-11-19,07:45:32,7,JUEVES,4,NOVIEMBRE,11,NO,"CONDICIONES AMBIENTALES Y/O ATMOSFERICAS (NIEBLA, NEBLINA, GRANIZO, LLUVIA).",ESTRELLAMIENTOS,VEHICULO DEPORTIVO UTILITARIO,0,0,0,0,0,0,0,0,0,0,0,0,1,1,39,HOMBRE,ILESO,CONDUCTOR PRESENTE,NO,SI,3
24701,93465,93466,2020,0,0,-0.237685,-78.484591,PICHINCHA,QUITO,QUITO,URBANA,2020-11-19,08:15:00,8,JUEVES,4,NOVIEMBRE,11,NO,CONDUCIR VEHICULO SUPERANDO LOS LIMITES MAXIMOS DE VELOCIDAD.,ESTRELLAMIENTOS,AUTOMOVIL,1,0,0,0,0,0,0,0,0,0,0,0,0,1,30,HOMBRE,ILESO,CONDUCTOR PRESENTE,NO,NO,1
24702,93470,93471,2020,0,0,-0.164242,-78.475346,PICHINCHA,QUITO,QUITO,URBANA,2020-11-19,09:00:00,9,JUEVES,4,NOVIEMBRE,11,NO,"NO RESPETAR LAS SENIALES REGLAMENTARIAS DE TRANSITO. (PARE, CEDA EL PASO, LUZ ROJA DEL SEMAFORO, ETC).",CHOQUE LATERAL,AUTOMOVIL,1,0,1,0,0,0,0,0,0,0,0,0,0,2,19,HOMBRE,ILESO,CONDUCTOR PRESENTE,NO,NO,1
24703,93476,93477,2020,0,0,-0.276022,-78.533839,PICHINCHA,QUITO,QUITO,URBANA,2020-11-19,12:15:00,12,JUEVES,4,NOVIEMBRE,11,NO,"NO RESPETAR LAS SENIALES REGLAMENTARIAS DE TRANSITO. (PARE, CEDA EL PASO, LUZ ROJA DEL SEMAFORO, ETC).",OTROS,NO IDENTIFICADO,0,0,0,0,0,0,0,0,0,1,0,0,0,1,-1,NO IDENTIFICADO,NO IDENTIFICADO,CONDUCTOR AUSENTE,NO,NO,2
24704,93486,93487,2020,0,0,-0.201667,-78.476303,PICHINCHA,QUITO,QUITO,URBANA,2020-11-19,16:00:00,16,JUEVES,4,NOVIEMBRE,11,NO,"CONDICIONES AMBIENTALES Y/O ATMOSFERICAS (NIEBLA, NEBLINA, GRANIZO, LLUVIA).",ESTRELLAMIENTOS,AUTOMOVIL,1,0,0,0,0,0,0,0,0,0,0,0,0,1,44,HOMBRE,ILESO,CONDUCTOR PRESENTE,NO,NO,1
24705,93487,93488,2020,0,0,-0.138257,-78.424325,PICHINCHA,QUITO,LLANO CHICO,RURAL,2020-11-19,16:20:00,16,JUEVES,4,NOVIEMBRE,11,NO,CONDUCIR VEHICULO SUPERANDO LOS LIMITES MAXIMOS DE VELOCIDAD.,COLISION,AUTOMOVIL,2,0,0,0,2,0,0,0,0,0,0,0,0,4,27,HOMBRE,ILESO,CONDUCTOR PRESENTE,NO,NO,3
24706,93490,93491,2020,0,0,-0.136914,-78.455583,PICHINCHA,QUITO,QUITO,URBANA,2020-11-19,18:00:00,18,JUEVES,4,NOVIEMBRE,11,NO,"NO RESPETAR LAS SENIALES REGLAMENTARIAS DE TRANSITO. (PARE, CEDA EL PASO, LUZ ROJA DEL SEMAFORO, ETC).",PERDIDA DE CARRIL,AUTOMOVIL,1,0,0,0,0,0,0,0,0,0,0,0,0,1,-1,NO IDENTIFICADO,NO IDENTIFICADO,CONDUCTOR AUSENTE,NO,NO,2
24707,93495,93496,2020,1,0,-0.066669,-78.466531,PICHINCHA,QUITO,POMASQUI,RURAL,2020-11-19,19:45:00,19,JUEVES,4,NOVIEMBRE,11,NO,"CONDUCE BAJO LA INFLUENCIA DE ALCOHOL, SUSTANCIAS ESTUPEFACIENTES O PSICOTROPICAS Y/O MEDICAMENTOS.",COLISION,AUTOMOVIL,4,0,0,0,0,0,0,0,0,0,0,0,1,5,30,MUJER,LESIONADO,CONDUCTOR PRESENTE,NO,SI,3
24708,93497,93498,2020,0,0,-0.228807,-78.445485,PICHINCHA,QUITO,CUMBAYA,URBANA,2020-11-19,20:00:00,20,JUEVES,4,NOVIEMBRE,11,NO,NO MANTENER LA DISTANCIA PRUDENCIAL CON RESPECTO AL VEHICULO QUE LE ANTECEDE.,CHOQUE POSTERIOR,CAMIONETA,1,0,0,0,1,0,0,0,0,0,0,0,0,2,48,HOMBRE,ILESO,CONDUCTOR PRESENTE,NO,NO,1
24709,93502,93503,2020,1,0,-0.190285,-78.454454,PICHINCHA,QUITO,QUITO,RURAL,2020-11-20,00:25:00,0,VIERNES,5,NOVIEMBRE,11,NO,CONDUCIR VEHICULO SUPERANDO LOS LIMITES MAXIMOS DE VELOCIDAD.,ESTRELLAMIENTOS,AUTOMOVIL,1,0,0,0,0,0,0,0,0,0,0,0,0,1,19,HOMBRE,LESIONADO,CONDUCTOR PRESENTE,NO,NO,3
24710,93503,93504,2020,0,0,-0.216055,-78.489988,PICHINCHA,QUITO,QUITO,URBANA,2020-11-20,00:45:00,0,VIERNES,5,NOVIEMBRE,11,NO,"CONDUCE BAJO LA INFLUENCIA DE ALCOHOL, SUSTANCIAS ESTUPEFACIENTES O PSICOTROPICAS Y/O MEDICAMENTOS.",CHOQUE LATERAL,AUTOMOVIL,2,0,0,0,0,0,0,0,0,0,0,0,0,2,27,HOMBRE,ILESO,CONDUCTOR PRESENTE,NO,NO,1
24711,93506,93507,2020,0,0,-0.351394,-78.455872,PICHINCHA,RUMINIAHUI,SANGOLQUI,URBANA,2020-11-20,01:05:00,1,VIERNES,5,NOVIEMBRE,11,NO,"CONDUCIR DESATENTO A LAS CONDICIONES DE TRANSITO (CELULAR, PANTALLAS DE VIDEO, COMIDA, MAQUILLAJE O CUALQUIER OTRO ELEMENTO DISTRACTOR).",ESTRELLAMIENTOS,NO IDENTIFICADO,0,0,0,0,0,0,0,0,0,1,0,0,0,1,40,HOMBRE,ILESO,CONDUCTOR PRESENTE,NO,SI,1
24712,93515,93516,2020,0,0,-0.197826,-78.466466,PICHINCHA,QUITO,QUITO,RURAL,2020-11-20,06:00:00,6,VIERNES,5,NOVIEMBRE,11,NO,CONDUCIR VEHICULO SUPERANDO LOS LIMITES MAXIMOS DE VELOCIDAD.,ESTRELLAMIENTOS,AUTOMOVIL,1,0,0,0,0,0,0,0,0,0,0,0,0,1,43,HOMBRE,ILESO,CONDUCTOR PRESENTE,NO,NO,3
24713,93516,93517,2020,0,0,-0.222521,-78.416148,PICHINCHA,QUITO,TUMBACO,RURAL,2020-11-20,06:15:00,6,VIERNES,5,NOVIEMBRE,11,NO,CONDUCIR VEHICULO SUPERANDO LOS LIMITES MAXIMOS DE VELOCIDAD.,ESTRELLAMIENTOS,AUTOMOVIL,1,0,0,0,0,0,0,0,0,0,0,0,0,1,30,MUJER,ILESO,CONDUCTOR PRESENTE,NO,NO,3
24714,93517,93518,2020,0,0,-0.096232,-78.467523,PICHINCHA,QUITO,QUITO,URBANA,2020-11-20,06:20:00,6,VIERNES,5,NOVIEMBRE,11,NO,"CONDICIONES AMBIENTALES Y/O ATMOSFERICAS (NIEBLA, NEBLINA, GRANIZO, LLUVIA).",ESTRELLAMIENTOS,AUTOMOVIL,1,0,0,0,0,0,0,0,0,0,0,0,0,1,-1,NO IDENTIFICADO,NO IDENTIFICADO,CONDUCTOR AUSENTE,NO,NO,2
24715,93519,93520,2020,0,1,-0.227116,-78.506847,PICHINCHA,QUITO,QUITO,URBANA,2020-11-20,09:00:00,9,VIERNES,5,NOVIEMBRE,11,NO,PEATON QUE CRUZA LA CALZADA SIN RESPETAR LA SENIALIZACION EXISTENTE (SEMAFOROS O SENIALES MANUALES).,ARROLLAMIENTOS,BUS,0,0,1,0,0,0,0,0,0,0,0,0,0,1,-1,HOMBRE,FALLECIDO,PEATON,NO,NO,1
24716,93524,93525,2020,0,1,-0.119451,-78.506659,PICHINCHA,QUITO,QUITO,URBANA,2020-11-20,10:45:00,10,VIERNES,5,NOVIEMBRE,11,NO,NO CEDER EL DERECHO DE VIA O PREFERENCIA DE PASO AL PEATON.,ATROPELLOS,ESPECIAL,0,0,0,0,0,0,1,0,0,0,0,0,0,1,20,HOMBRE,FALLECIDO,PEATON,NO,NO,1
24717,93546,93547,2020,0,1,-0.371071,-78.485001,PICHINCHA,QUITO,AMAGUANIA,URBANA,2020-11-20,20:05:00,20,VIERNES,5,NOVIEMBRE,11,NO,"CONDUCIR DESATENTO A LAS CONDICIONES DE TRANSITO (CELULAR, PANTALLAS DE VIDEO, COMIDA, MAQUILLAJE O CUALQUIER OTRO ELEMENTO DISTRACTOR).",ATROPELLOS,NO IDENTIFICADO,0,0,0,0,0,0,0,0,0,1,0,0,0,1,31,HOMBRE,FALLECIDO,PEATON,NO,SI,1
24718,93547,93548,2020,0,0,-0.190119,-78.454217,PICHINCHA,QUITO,NAYON,RURAL,2020-11-20,20:40:00,20,VIERNES,5,NOVIEMBRE,11,NO,CONDUCIR VEHICULO SUPERANDO LOS LIMITES MAXIMOS DE VELOCIDAD.,OTROS,AUTOMOVIL,1,0,0,0,0,0,0,0,0,0,0,0,0,1,-1,NO IDENTIFICADO,NO IDENTIFICADO,CONDUCTOR AUSENTE,NO,NO,2
24719,93552,93553,2020,0,0,-0.348573,-78.848566,PICHINCHA,MEJIA,MANUEL CORNEJO ASTORGA,RURAL,2020-11-20,21:50:00,21,VIERNES,5,NOVIEMBRE,11,NO,CONDUCIR EN SENTIDO CONTRARIO A LA VIA NORMAL DE CIRCULACION.,PERDIDA DE PISTA,CAMIONETA,1,0,0,0,1,0,0,0,0,0,0,0,0,2,-1,NO IDENTIFICADO,ILESO,CONDUCTOR PRESENTE,NO,NO,3
24720,93553,93554,2020,0,0,-0.142705,-78.492413,PICHINCHA,QUITO,QUITO,URBANA,2020-11-20,21:55:00,21,VIERNES,5,NOVIEMBRE,11,NO,"CONDICIONES AMBIENTALES Y/O ATMOSFERICAS (NIEBLA, NEBLINA, GRANIZO, LLUVIA).",ESTRELLAMIENTOS,AUTOMOVIL,1,0,0,0,0,0,0,0,0,0,0,0,0,1,-1,NO IDENTIFICADO,NO IDENTIFICADO,CONDUCTOR AUSENTE,NO,NO,2
24721,93562,93563,2020,0,0,-0.091585,-78.439052,PICHINCHA,QUITO,CALDERON (CARAPUNGO),RURAL,2020-11-21,01:10:00,1,SABADO,6,NOVIEMBRE,11,NO,"CONDICIONES AMBIENTALES Y/O ATMOSFERICAS (NIEBLA, NEBLINA, GRANIZO, LLUVIA).",OTROS,CAMIONETA,0,0,0,0,1,0,0,0,0,0,0,0,0,1,-1,NO IDENTIFICADO,NO IDENTIFICADO,CONDUCTOR AUSENTE,NO,NO,2
24722,93563,93564,2020,0,0,-0.232108,-78.506222,PICHINCHA,QUITO,QUITO,URBANA,2020-11-21,01:25:00,1,SABADO,6,NOVIEMBRE,11,NO,"CONDICIONES AMBIENTALES Y/O ATMOSFERICAS (NIEBLA, NEBLINA, GRANIZO, LLUVIA).",CHOQUE LATERAL,AUTOMOVIL,1,0,0,0,0,0,0,1,0,0,0,0,0,2,59,MUJER,ILESO,CONDUCTOR PRESENTE,NO,NO,1
24723,93564,93565,2020,0,0,-0.136554,-78.493645,PICHINCHA,QUITO,QUITO,URBANA,2020-11-21,01:30:00,1,SABADO,6,NOVIEMBRE,11,NO,"CONDICIONES AMBIENTALES Y/O ATMOSFERICAS (NIEBLA, NEBLINA, GRANIZO, LLUVIA).",ESTRELLAMIENTOS,CAMIONETA,0,0,0,0,1,0,0,0,0,0,0,0,0,1,-1,NO IDENTIFICADO,NO IDENTIFICADO,CONDUCTOR AUSENTE,NO,NO,2
24724,93565,93566,2020,0,0,-0.204719,-78.502295,PICHINCHA,QUITO,QUITO,URBANA,2020-11-21,01:30:00,1,SABADO,6,NOVIEMBRE,11,NO,"CONDUCE BAJO LA INFLUENCIA DE ALCOHOL, SUSTANCIAS ESTUPEFACIENTES O PSICOTROPICAS Y/O MEDICAMENTOS.",CHOQUE LATERAL,AUTOMOVIL,2,0,0,0,0,0,0,0,0,0,0,0,0,2,37,HOMBRE,ILESO,CONDUCTOR PRESENTE,NO,NO,1
24725,93579,93580,2020,0,0,-0.163073,-78.462599,PICHINCHA,QUITO,QUITO,URBANA,2020-11-21,07:15:00,7,SABADO,6,NOVIEMBRE,11,NO,"FALLA MECANICA EN LOS SISTEMAS Y/O NEUMATICOS (SISTEMA DE FRENOS, DIRECCION, ELECTRONICO O MECANICO).",ESTRELLAMIENTOS,AUTOMOVIL,1,0,0,0,0,0,0,0,0,0,0,0,0,1,29,MUJER,ILESO,CONDUCTOR PRESENTE,NO,NO,1
24726,93588,93589,2020,0,0,-0.247231,-78.508648,PICHINCHA,QUITO,QUITO,URBANA,2020-11-21,12:45:00,12,SABADO,6,NOVIEMBRE,11,NO,CONDUCIR VEHICULO SUPERANDO LOS LIMITES MAXIMOS DE VELOCIDAD.,ESTRELLAMIENTOS,CAMIONETA,0,0,0,0,1,0,0,0,0,0,0,0,0,1,-1,NO IDENTIFICADO,NO IDENTIFICADO,CONDUCTOR AUSENTE,NO,NO,2
24727,93590,93591,2020,0,0,-0.192183,-78.488251,PICHINCHA,QUITO,QUITO,URBANA,2020-11-21,13:25:00,13,SABADO,6,NOVIEMBRE,11,NO,"NO RESPETAR LAS SENIALES REGLAMENTARIAS DE TRANSITO. (PARE, CEDA EL PASO, LUZ ROJA DEL SEMAFORO, ETC).",CHOQUE LATERAL,AUTOMOVIL,2,0,0,0,0,0,0,0,0,0,0,0,0,2,47,HOMBRE,ILESO,CONDUCTOR PRESENTE,NO,NO,1
24728,93594,93595,2020,0,0,-0.268242,-78.546497,PICHINCHA,QUITO,QUITO,URBANA,2020-11-21,14:15:00,14,SABADO,6,NOVIEMBRE,11,NO,"CONDICIONES AMBIENTALES Y/O ATMOSFERICAS (NIEBLA, NEBLINA, GRANIZO, LLUVIA).",ESTRELLAMIENTOS,AUTOMOVIL,2,0,0,1,0,0,0,0,0,0,0,0,0,3,22,HOMBRE,ILESO,CONDUCTOR PRESENTE,NO,NO,1
24729,93596,93597,2020,0,0,-0.236974,-78.487124,PICHINCHA,QUITO,QUITO,RURAL,2020-11-21,14:55:00,14,SABADO,6,NOVIEMBRE,11,NO,CONDUCIR VEHICULO SUPERANDO LOS LIMITES MAXIMOS DE VELOCIDAD.,CHOQUE POSTERIOR,AUTOMOVIL,2,0,0,0,0,0,0,0,0,0,0,0,0,2,61,MUJER,ILESO,PASAJERO,NO,NO,3
24730,93603,93604,2020,0,0,-0.268242,-78.546497,PICHINCHA,QUITO,QUITO,URBANA,2020-11-21,18:40:00,18,SABADO,6,NOVIEMBRE,11,NO,"CONDUCE BAJO LA INFLUENCIA DE ALCOHOL, SUSTANCIAS ESTUPEFACIENTES O PSICOTROPICAS Y/O MEDICAMENTOS.",CHOQUE LATERAL,AUTOMOVIL,2,0,0,0,0,0,0,0,0,0,0,0,0,2,25,HOMBRE,ILESO,CONDUCTOR PRESENTE,NO,NO,1
24731,93614,93615,2020,0,0,-0.288901,-78.538232,PICHINCHA,QUITO,QUITO,URBANA,2020-11-21,20:50:00,20,SABADO,6,NOVIEMBRE,11,NO,"CONDUCE BAJO LA INFLUENCIA DE ALCOHOL, SUSTANCIAS ESTUPEFACIENTES O PSICOTROPICAS Y/O MEDICAMENTOS.",CHOQUE FRONTAL,AUTOMOVIL,1,0,0,0,0,0,0,1,0,0,0,0,0,2,46,HOMBRE,ILESO,CONDUCTOR PRESENTE,NO,NO,1
24732,93616,93617,2020,0,0,-0.375808,-78.495055,PICHINCHA,QUITO,AMAGUANIA,URBANA,2020-11-21,21:14:00,21,SABADO,6,NOVIEMBRE,11,NO,"CONDUCIR DESATENTO A LAS CONDICIONES DE TRANSITO (CELULAR, PANTALLAS DE VIDEO, COMIDA, MAQUILLAJE O CUALQUIER OTRO ELEMENTO DISTRACTOR).",CHOQUE LATERAL,AUTOMOVIL,1,0,0,1,0,0,0,0,0,0,0,0,0,2,53,HOMBRE,ILESO,CONDUCTOR PRESENTE,NO,SI,1
24733,93620,93621,2020,1,1,-0.104624,-78.491611,PICHINCHA,QUITO,QUITO,URBANA,2020-11-21,21:45:00,21,SABADO,6,NOVIEMBRE,11,NO,CONDUCIR VEHICULO SUPERANDO LOS LIMITES MAXIMOS DE VELOCIDAD.,ESTRELLAMIENTOS,CAMION,1,0,0,1,0,0,0,0,0,0,0,0,0,2,64,HOMBRE,FALLECIDO,CONDUCTOR PRESENTE,NO,NO,1
24734,93626,93627,2020,1,0,-0.105011,-78.462609,PICHINCHA,QUITO,QUITO,RURAL,2020-11-21,05:40:00,5,SABADO,6,NOVIEMBRE,11,NO,CONDUCIR VEHICULO SUPERANDO LOS LIMITES MAXIMOS DE VELOCIDAD.,PERDIDA DE CARRIL,AUTOMOVIL,1,0,0,0,0,0,0,0,0,0,0,0,0,1,32,HOMBRE,LESIONADO,CONDUCTOR PRESENTE,NO,NO,3
24735,93629,93630,2020,0,0,-0.346051,-78.444368,PICHINCHA,RUMINIAHUI,SANGOLQUI,URBANA,2020-11-22,00:20:00,0,DOMINGO,7,NOVIEMBRE,11,NO,"CONDUCIR DESATENTO A LAS CONDICIONES DE TRANSITO (CELULAR, PANTALLAS DE VIDEO, COMIDA, MAQUILLAJE O CUALQUIER OTRO ELEMENTO DISTRACTOR).",CHOQUE LATERAL,CAMIONETA,1,0,0,0,1,0,0,0,0,0,0,0,0,2,36,HOMBRE,ILESO,CONDUCTOR PRESENTE,NO,SI,1
24736,93638,93639,2020,0,0,-0.228385,-78.524294,PICHINCHA,QUITO,QUITO,URBANA,2020-11-22,02:00:00,2,DOMINGO,7,NOVIEMBRE,11,NO,CONDUCIR VEHICULO SUPERANDO LOS LIMITES MAXIMOS DE VELOCIDAD.,ESTRELLAMIENTOS,AUTOMOVIL,1,0,0,0,0,0,0,0,0,0,0,0,0,1,-1,NO IDENTIFICADO,NO IDENTIFICADO,CONDUCTOR AUSENTE,NO,NO,2
24737,93640,93641,2020,0,0,-0.165589,-78.486927,PICHINCHA,QUITO,QUITO,URBANA,2020-11-22,02:10:00,2,DOMINGO,7,NOVIEMBRE,11,NO,CONDUCIR VEHICULO SUPERANDO LOS LIMITES MAXIMOS DE VELOCIDAD.,ESTRELLAMIENTOS,AUTOMOVIL,1,0,0,0,0,0,0,0,0,0,0,0,0,1,30,HOMBRE,ILESO,CONDUCTOR PRESENTE,NO,NO,1
24738,93642,93643,2020,0,0,-0.249852,-78.442139,PICHINCHA,QUITO,GUANGOPOLO,URBANA,2020-11-22,03:30:00,3,DOMINGO,7,NOVIEMBRE,11,NO,"CONDUCIR DESATENTO A LAS CONDICIONES DE TRANSITO (CELULAR, PANTALLAS DE VIDEO, COMIDA, MAQUILLAJE O CUALQUIER OTRO ELEMENTO DISTRACTOR).",ATROPELLOS,NO IDENTIFICADO,0,0,0,0,0,0,0,0,0,1,0,0,0,1,27,HOMBRE,ILESO,PEATON,NO,SI,1
24739,93645,93646,2020,0,1,-0.344815,-78.454933,PICHINCHA,RUMINIAHUI,SANGOLQUI,URBANA,2020-11-22,04:00:00,4,DOMINGO,7,NOVIEMBRE,11,NO,"CONDUCIR DESATENTO A LAS CONDICIONES DE TRANSITO (CELULAR, PANTALLAS DE VIDEO, COMIDA, MAQUILLAJE O CUALQUIER OTRO ELEMENTO DISTRACTOR).",CHOQUE FRONTAL,MOTOCICLETA,0,0,0,0,1,0,0,0,1,0,0,0,0,2,38,HOMBRE,FALLECIDO,CONDUCTOR PRESENTE,NO,SI,1
24740,93650,93651,2020,0,0,-0.331214,-78.432902,PICHINCHA,RUMINIAHUI,SANGOLQUI,URBANA,2020-11-22,04:30:00,4,DOMINGO,7,NOVIEMBRE,11,NO,"CONDUCIR DESATENTO A LAS CONDICIONES DE TRANSITO (CELULAR, PANTALLAS DE VIDEO, COMIDA, MAQUILLAJE O CUALQUIER OTRO ELEMENTO DISTRACTOR).",ATROPELLOS,NO IDENTIFICADO,0,0,0,0,0,0,0,0,0,1,0,0,0,1,46,HOMBRE,ILESO,PEATON,NO,SI,1
24741,93654,93655,2020,0,0,-0.255992,-78.544955,PICHINCHA,QUITO,QUITO,URBANA,2020-11-22,05:30:00,5,DOMINGO,7,NOVIEMBRE,11,NO,CONDUCIR VEHICULO SUPERANDO LOS LIMITES MAXIMOS DE VELOCIDAD.,ESTRELLAMIENTOS,AUTOMOVIL,1,0,0,0,0,0,0,0,0,0,0,0,0,1,-1,NO IDENTIFICADO,NO IDENTIFICADO,CONDUCTOR AUSENTE,NO,NO,2