,Unnamed: 0,ID,ANIO,LESIONADOS,FALLECIDOS,LATITUD_Y,LONGITUD_X,PROVINCIA,CANTON,PARROQUIA,ZONA,FECHA,HORA,PERIODO_2,DIA_1,DIA_2,MES_1,MES_2,FERIADO,CAUSA_PROBABLE,TIPO_DE_SINIESTRO,TIPO_DE_VEHICULO_1,AUTOMOVIL,BICICLETA,BUS,CAMION,CAMIONETA,EMERGENCIAS,ESPECIAL,FURGONETA,MOTOCICLETA,NO_IDENTIFICADO,SCOOTER_ELECTRICO,TRICIMOTO,VEHICULO_DEPORTIVO_UTILITARIO,SUMA_DE_VEHICULOS,EDAD_1,SEXO_1,CONDICION_1,PARTICIPANTE_1,CASCO_1,CINTURON_1,KMeans_Cluster
24742,93655,93656,2020,0,0,-0.242071,-78.521024,PICHINCHA,QUITO,QUITO,URBANA,2020-11-22,05:30:00,5,DOMINGO,7,NOVIEMBRE,11,NO,CONDUCIR VEHICULO SUPERANDO LOS LIMITES MAXIMOS DE VELOCIDAD.,ESTRELLAMIENTOS,AUTOMOVIL,1,0,0,0,0,0,0,0,0,0,0,0,0,1,-1,NO IDENTIFICADO,NO IDENTIFICADO,CONDUCTOR AUSENTE,NO,NO,2
24743,93656,93657,2020,0,0,-0.220963,-78.523346,PICHINCHA,QUITO,QUITO,URBANA,2020-11-22,05:45:00,5,DOMINGO,7,NOVIEMBRE,11,NO,DANIOS MECANICOS PREVISIBLES.,ESTRELLAMIENTOS,CAMION,1,0,0,1,0,0,0,0,0,0,0,0,0,2,-1,NO IDENTIFICADO,NO IDENTIFICADO,CONDUCTOR AUSENTE,NO,NO,2
24744,93664,93665,2020,0,0,0.111145,-79.190626,PICHINCHA,PUERTO QUITO,PUERTO QUITO,RURAL,2020-11-22,08:00:00,8,DOMINGO,7,NOVIEMBRE,11,NO,"CONDUCIR DESATENTO A LAS CONDICIONES DE TRANSITO (CELULAR, PANTALLAS DE VIDEO, COMIDA, MAQUILLAJE O CUALQUIER OTRO ELEMENTO DISTRACTOR).",VOLCAMIENTOS,CAMIONETA,0,0,0,0,1,0,0,0,0,0,0,0,0,1,33,HOMBRE,ILESO,CONDUCTOR PRESENTE,NO,SI,3
24745,93667,93668,2020,1,0,-0.123011,-78.493947,PICHINCHA,QUITO,QUITO,URBANA,2020-11-22,08:45:00,8,DOMINGO,7,NOVIEMBRE,11,NO,CONDUCIR VEHICULO SUPERANDO LOS LIMITES MAXIMOS DE VELOCIDAD.,CHOQUE LATERAL,AUTOMOVIL,1,0,0,0,0,0,0,0,1,0,0,0,0,2,23,HOMBRE,LESIONADO,CONDUCTOR PRESENTE,SI,NO,1
24746,93674,93675,2020,0,0,-0.252154,-78.482851,PICHINCHA,QUITO,QUITO,URBANA,2020-11-22,11:05:00,11,DOMINGO,7,NOVIEMBRE,11,NO,"CONDUCIR DESATENTO A LAS CONDICIONES DE TRANSITO (CELULAR, PANTALLAS DE VIDEO, COMIDA, MAQUILLAJE O CUALQUIER OTRO ELEMENTO DISTRACTOR).",CHOQUE POSTERIOR,AUTOMOVIL,1,0,0,0,1,0,0,0,0,0,0,0,0,2,26,HOMBRE,ILESO,CONDUCTOR PRESENTE,NO,SI,1
24747,93681,93682,2020,1,0,-0.365171,-78.550645,PICHINCHA,MEJIA,CUTUGLAHUA,RURAL,2020-11-22,12:20:00,12,DOMINGO,7,NOVIEMBRE,11,NO,"CONDUCIR DESATENTO A LAS CONDICIONES DE TRANSITO (CELULAR, PANTALLAS DE VIDEO, COMIDA, MAQUILLAJE O CUALQUIER OTRO ELEMENTO DISTRACTOR).",CHOQUE LATERAL,MOTOCICLETA,1,0,0,0,0,0,0,0,1,0,0,0,0,2,25,HOMBRE,LESIONADO,PASAJERO,NO,SI,3
24748,93682,93683,2020,0,0,-0.188963,-78.512736,PICHINCHA,QUITO,QUITO,URBANA,2020-11-22,12:20:00,12,DOMINGO,7,NOVIEMBRE,11,NO,CONDUCIR VEHICULO SUPERANDO LOS LIMITES MAXIMOS DE VELOCIDAD.,OTROS,AUTOMOVIL,1,0,0,0,0,0,0,0,0,0,0,0,0,1,58,MUJER,ILESO,CONDUCTOR PRESENTE,NO,NO,1
24749,93686,93687,2020,1,0,-0.349369,-78.857891,PICHINCHA,MEJIA,MANUEL CORNEJO ASTORGA,RURAL,2020-11-22,13:25:00,13,DOMINGO,7,NOVIEMBRE,11,NO,CONDUCIR EN SENTIDO CONTRARIO A LA VIA NORMAL DE CIRCULACION.,CHOQUE FRONTAL,VEHICULO DEPORTIVO UTILITARIO,0,0,0,0,0,0,0,0,0,0,0,0,2,2,-1,NO IDENTIFICADO,LESIONADO,CONDUCTOR PRESENTE,NO,NO,3
24750,93694,93695,2020,1,0,-0.337946,-78.866385,PICHINCHA,MEJIA,MANUEL CORNEJO ASTORGA,RURAL,2020-11-22,17:10:00,17,DOMINGO,7,NOVIEMBRE,11,NO,"CONDUCIR DESATENTO A LAS CONDICIONES DE TRANSITO (CELULAR, PANTALLAS DE VIDEO, COMIDA, MAQUILLAJE O CUALQUIER OTRO ELEMENTO DISTRACTOR).",PERDIDA DE PISTA,AUTOMOVIL,1,0,0,0,0,0,0,0,0,1,0,0,0,2,37,HOMBRE,LESIONADO,CONDUCTOR PRESENTE,NO,NO,3
24751,93697,93698,2020,1,0,-0.522535,-78.578031,PICHINCHA,MEJIA,ALOASI,RURAL,2020-11-22,17:30:00,17,DOMINGO,7,NOVIEMBRE,11,NO,"CONDUCIR DESATENTO A LAS CONDICIONES DE TRANSITO (CELULAR, PANTALLAS DE VIDEO, COMIDA, MAQUILLAJE O CUALQUIER OTRO ELEMENTO DISTRACTOR).",PERDIDA DE PISTA,CAMIONETA,0,0,0,0,1,0,0,0,0,0,0,0,0,1,54,MUJER,LESIONADO,PASAJERO,NO,SI,3
24752,93698,93699,2020,0,0,-0.105384,-78.497732,PICHINCHA,QUITO,QUITO,URBANA,2020-11-22,17:50:00,17,DOMINGO,7,NOVIEMBRE,11,NO,"NO RESPETAR LAS SENIALES REGLAMENTARIAS DE TRANSITO. (PARE, CEDA EL PASO, LUZ ROJA DEL SEMAFORO, ETC).",OTROS,AUTOMOVIL,1,0,0,0,0,0,0,0,0,0,0,0,0,1,-1,NO IDENTIFICADO,NO IDENTIFICADO,CONDUCTOR AUSENTE,NO,NO,2
24753,93708,93709,2020,0,0,-0.197078,-78.338298,PICHINCHA,QUITO,TABABELA,RURAL,2020-11-22,19:45:00,19,DOMINGO,7,NOVIEMBRE,11,NO,"CONDICIONES AMBIENTALES Y/O ATMOSFERICAS (NIEBLA, NEBLINA, GRANIZO, LLUVIA).",ESTRELLAMIENTOS,AUTOMOVIL,1,0,0,0,0,0,0,0,0,0,0,0,0,1,23,HOMBRE,ILESO,CONDUCTOR PRESENTE,NO,NO,3
24754,93711,93712,2020,0,0,-0.090812,-78.474577,PICHINCHA,QUITO,QUITO,URBANA,2020-11-22,20:45:00,20,DOMINGO,7,NOVIEMBRE,11,NO,CONDUCIR VEHICULO SUPERANDO LOS LIMITES MAXIMOS DE VELOCIDAD.,ESTRELLAMIENTOS,AUTOMOVIL,1,0,0,0,0,0,0,0,0,0,0,0,0,1,30,HOMBRE,ILESO,CONDUCTOR PRESENTE,NO,NO,1
24755,93714,93715,2020,0,0,-0.194721,-78.331731,PICHINCHA,QUITO,TABABELA,RURAL,2020-11-22,21:20:00,21,DOMINGO,7,NOVIEMBRE,11,NO,"CONDUCE BAJO LA INFLUENCIA DE ALCOHOL, SUSTANCIAS ESTUPEFACIENTES O PSICOTROPICAS Y/O MEDICAMENTOS.",CHOQUE LATERAL,AUTOMOVIL,2,0,0,0,0,0,0,0,0,0,0,0,0,2,18,MUJER,ILESO,PASAJERO,NO,NO,3
24756,93726,93727,2020,0,0,-0.290711,-78.519445,PICHINCHA,QUITO,QUITO,URBANA,2020-11-23,04:40:00,4,LUNES,1,NOVIEMBRE,11,NO,"CONDUCE BAJO LA INFLUENCIA DE ALCOHOL, SUSTANCIAS ESTUPEFACIENTES O PSICOTROPICAS Y/O MEDICAMENTOS.",CHOQUE POSTERIOR,AUTOMOVIL,1,0,0,1,0,0,0,0,0,0,0,0,0,2,30,HOMBRE,ILESO,CONDUCTOR PRESENTE,NO,NO,1
24757,93728,93729,2020,0,0,-0.264006,-78.550956,PICHINCHA,QUITO,QUITO,URBANA,2020-11-23,05:40:00,5,LUNES,1,NOVIEMBRE,11,NO,"CONDUCE BAJO LA INFLUENCIA DE ALCOHOL, SUSTANCIAS ESTUPEFACIENTES O PSICOTROPICAS Y/O MEDICAMENTOS.",ROZAMIENTOS,AUTOMOVIL,2,0,0,0,0,0,0,0,0,0,0,0,0,2,46,HOMBRE,ILESO,CONDUCTOR PRESENTE,NO,NO,1
24758,93734,93735,2020,0,0,-0.150393,-78.453921,PICHINCHA,QUITO,QUITO,RURAL,2020-11-23,09:15:00,9,LUNES,1,NOVIEMBRE,11,NO,NO MANTENER LA DISTANCIA PRUDENCIAL CON RESPECTO AL VEHICULO QUE LE ANTECEDE.,CHOQUE POSTERIOR,AUTOMOVIL,1,0,0,1,0,0,0,0,0,0,0,0,0,2,60,HOMBRE,ILESO,CONDUCTOR PRESENTE,NO,NO,3
24759,93744,93745,2020,1,0,-0.292724,-78.476486,PICHINCHA,QUITO,CONOCOTO,RURAL,2020-11-23,14:20:00,14,LUNES,1,NOVIEMBRE,11,NO,"CONDICIONES AMBIENTALES Y/O ATMOSFERICAS (NIEBLA, NEBLINA, GRANIZO, LLUVIA).",PERDIDA DE CARRIL,MOTOCICLETA,0,0,0,0,0,0,0,0,1,0,0,0,0,1,28,HOMBRE,LESIONADO,CONDUCTOR PRESENTE,NO,NO,3
24760,93747,93748,2020,0,0,-0.224383,-78.496888,PICHINCHA,QUITO,QUITO,URBANA,2020-11-23,15:30:00,15,LUNES,1,NOVIEMBRE,11,NO,CONDUCIR EN SENTIDO CONTRARIO A LA VIA NORMAL DE CIRCULACION.,CHOQUE FRONTAL,AUTOMOVIL,2,0,0,0,0,0,0,0,0,0,0,0,0,2,49,MUJER,ILESO,PASAJERO,NO,NO,1
24761,93753,93754,2020,0,0,-0.303101,-78.550659,PICHINCHA,QUITO,QUITO,URBANA,2020-11-23,17:35:00,17,LUNES,1,NOVIEMBRE,11,NO,"NO RESPETAR LAS SENIALES REGLAMENTARIAS DE TRANSITO. (PARE, CEDA EL PASO, LUZ ROJA DEL SEMAFORO, ETC).",ROZAMIENTOS,AUTOMOVIL,1,0,0,0,0,0,0,0,0,1,0,0,0,2,45,HOMBRE,ILESO,CONDUCTOR PRESENTE,NO,NO,1
24762,93759,93760,2020,1,0,-0.210558,-78.386186,PICHINCHA,QUITO,TUMBACO,RURAL,2020-11-23,18:30:00,18,LUNES,1,NOVIEMBRE,11,NO,"CONDUCE BAJO LA INFLUENCIA DE ALCOHOL, SUSTANCIAS ESTUPEFACIENTES O PSICOTROPICAS Y/O MEDICAMENTOS.",CHOQUE FRONTAL,MOTOCICLETA,1,0,0,0,0,0,0,0,1,0,0,0,0,2,27,HOMBRE,LESIONADO,CONDUCTOR PRESENTE,NO,NO,3
24763,93762,93763,2020,0,1,-0.098939,-78.412133,PICHINCHA,QUITO,CALDERON (CARAPUNGO),RURAL,2020-11-23,19:20:00,19,LUNES,1,NOVIEMBRE,11,NO,PEATON QUE CRUZA LA CALZADA SIN RESPETAR LA SENIALIZACION EXISTENTE (SEMAFOROS O SENIALES MANUALES).,ATROPELLOS,NO IDENTIFICADO,0,0,0,0,0,0,0,0,0,1,0,0,0,1,66,HOMBRE,FALLECIDO,PEATON,NO,NO,3
24764,93769,93770,2020,0,1,-0.286581,-78.549902,PICHINCHA,QUITO,QUITO,URBANA,2020-11-24,00:00:00,0,MARTES,2,NOVIEMBRE,11,NO,CONDUCIR VEHICULO SUPERANDO LOS LIMITES MAXIMOS DE VELOCIDAD.,PERDIDA DE CARRIL,MOTOCICLETA,0,0,0,0,0,0,0,0,1,0,0,0,0,1,26,HOMBRE,FALLECIDO,CONDUCTOR PRESENTE,NO,NO,1
24765,93776,93777,2020,0,0,-0.149641,-78.492776,PICHINCHA,QUITO,QUITO,URBANA,2020-11-24,07:05:00,7,MARTES,2,NOVIEMBRE,11,NO,"NO RESPETAR LAS SENIALES REGLAMENTARIAS DE TRANSITO. (PARE, CEDA EL PASO, LUZ ROJA DEL SEMAFORO, ETC).",CHOQUE LATERAL,AUTOMOVIL,2,0,0,0,0,0,0,0,0,0,0,0,0,2,27,MUJER,ILESO,CONDUCTOR PRESENTE,NO,NO,1
24766,93783,93784,2020,1,0,-0.108213,-78.455527,PICHINCHA,QUITO,CALDERON (CARAPUNGO),RURAL,2020-11-24,08:51:00,8,MARTES,2,NOVIEMBRE,11,NO,NO CEDER EL DERECHO DE VIA O PREFERENCIA DE PASO A VEHICULOS.,OTROS,BUS,0,0,1,1,0,0,0,0,0,0,0,0,0,2,35,HOMBRE,LESIONADO,PEATON,NO,NO,3
24767,93785,93786,2020,0,0,-0.150289,-78.453334,PICHINCHA,QUITO,QUITO,RURAL,2020-11-24,09:00:00,9,MARTES,2,NOVIEMBRE,11,NO,NO MANTENER LA DISTANCIA PRUDENCIAL CON RESPECTO AL VEHICULO QUE LE ANTECEDE.,CHOQUE POSTERIOR,AUTOMOVIL,1,0,1,0,0,0,0,0,0,0,0,0,0,2,56,MUJER,ILESO,CONDUCTOR PRESENTE,NO,NO,3
24768,93786,93787,2020,1,0,-0.332355,-78.558571,PICHINCHA,QUITO,QUITO,URBANA,2020-11-24,09:15:00,9,MARTES,2,NOVIEMBRE,11,NO,CONDUCIR VEHICULO SUPERANDO LOS LIMITES MAXIMOS DE VELOCIDAD.,ESTRELLAMIENTOS,CAMION,0,0,0,1,0,0,0,0,0,0,0,0,0,1,33,MUJER,LESIONADO,CONDUCTOR PRESENTE,NO,NO,1
24769,93794,93795,2020,0,0,-0.171446,-78.473788,PICHINCHA,QUITO,QUITO,URBANA,2020-11-24,12:30:00,12,MARTES,2,NOVIEMBRE,11,NO,"NO RESPETAR LAS SENIALES REGLAMENTARIAS DE TRANSITO. (PARE, CEDA EL PASO, LUZ ROJA DEL SEMAFORO, ETC).",CHOQUE LATERAL,AUTOMOVIL,2,0,0,0,0,0,0,0,0,0,0,0,0,2,29,HOMBRE,ILESO,CONDUCTOR PRESENTE,NO,NO,1
24770,93801,93802,2020,0,0,-0.334137,-78.891283,PICHINCHA,MEJIA,MANUEL CORNEJO ASTORGA,RURAL,2020-11-24,14:35:00,14,MARTES,2,NOVIEMBRE,11,NO,"CONDUCIR DESATENTO A LAS CONDICIONES DE TRANSITO (CELULAR, PANTALLAS DE VIDEO, COMIDA, MAQUILLAJE O CUALQUIER OTRO ELEMENTO DISTRACTOR).",PERDIDA DE PISTA,CAMION,0,0,0,1,0,0,0,0,0,0,0,0,0,1,-1,NO IDENTIFICADO,ILESO,CONDUCTOR PRESENTE,NO,NO,3
24771,93803,93804,2020,0,0,-0.123009,-78.493911,PICHINCHA,QUITO,QUITO,URBANA,2020-11-24,15:00:00,15,MARTES,2,NOVIEMBRE,11,NO,"NO RESPETAR LAS SENIALES REGLAMENTARIAS DE TRANSITO. (PARE, CEDA EL PASO, LUZ ROJA DEL SEMAFORO, ETC).",CHOQUE POSTERIOR,AUTOMOVIL,2,0,0,0,0,0,0,0,0,0,0,0,0,2,32,HOMBRE,ILESO,CONDUCTOR PRESENTE,NO,NO,1
24772,93805,93806,2020,0,0,-0.161608,-78.490029,PICHINCHA,QUITO,QUITO,URBANA,2020-11-24,17:40:00,17,MARTES,2,NOVIEMBRE,11,NO,"NO RESPETAR LAS SENIALES REGLAMENTARIAS DE TRANSITO. (PARE, CEDA EL PASO, LUZ ROJA DEL SEMAFORO, ETC).",CHOQUE LATERAL,MOTOCICLETA,0,0,0,0,0,0,0,0,2,0,0,0,0,2,20,HOMBRE,ILESO,CONDUCTOR PRESENTE,NO,NO,1
24773,93807,93808,2020,2,0,-0.314181,-78.562403,PICHINCHA,QUITO,QUITO,URBANA,2020-11-24,18:30:00,18,MARTES,2,NOVIEMBRE,11,NO,NO CEDER EL DERECHO DE VIA O PREFERENCIA DE PASO A VEHICULOS.,OTROS,BICICLETA,0,1,0,0,0,0,0,0,0,0,0,0,0,1,15,HOMBRE,LESIONADO,PASAJERO,NO,NO,1
24774,93808,93809,2020,0,0,-0.144688,-78.483295,PICHINCHA,QUITO,QUITO,URBANA,2020-11-24,18:45:00,18,MARTES,2,NOVIEMBRE,11,NO,"CONDUCE BAJO LA INFLUENCIA DE ALCOHOL, SUSTANCIAS ESTUPEFACIENTES O PSICOTROPICAS Y/O MEDICAMENTOS.",COLISION,AUTOMOVIL,3,0,0,0,1,0,0,0,0,0,0,0,0,4,21,HOMBRE,ILESO,CONDUCTOR PRESENTE,NO,NO,1
24775,93822,93823,2020,0,0,-0.103904,-78.470271,PICHINCHA,QUITO,QUITO,URBANA,2020-11-25,06:48:00,6,MIERCOLES,3,NOVIEMBRE,11,NO,CONDUCIR VEHICULO SUPERANDO LOS LIMITES MAXIMOS DE VELOCIDAD.,OTROS,FURGONETA,1,0,0,0,0,0,0,2,0,0,0,0,0,3,31,HOMBRE,ILESO,CONDUCTOR PRESENTE,NO,NO,1
24776,93826,93827,2020,0,0,-0.370027,-78.833611,PICHINCHA,MEJIA,MANUEL CORNEJO ASTORGA,RURAL,2020-11-25,09:00:00,9,MIERCOLES,3,NOVIEMBRE,11,NO,"CASO FORTUITO O FUERZA MAYOR (EXPLOSION DE NEUMATICO NUEVO, DERRUMBE, INUNDACION, CAIDA DE PUENTE, ARBOL, PRESENCIA INTEMPESTIVA E IMPREVISTA DE SEMOVIENTES EN LA VIA, ETC.).",OTROS,CAMIONETA,0,0,0,1,1,0,0,0,0,0,0,0,0,2,35,HOMBRE,ILESO,CONDUCTOR PRESENTE,NO,NO,3
24777,93827,93828,2020,1,0,-0.204361,-78.484481,PICHINCHA,QUITO,QUITO,URBANA,2020-11-25,09:10:00,9,MIERCOLES,3,NOVIEMBRE,11,NO,PEATON QUE CRUZA LA CALZADA SIN RESPETAR LA SENIALIZACION EXISTENTE (SEMAFOROS O SENIALES MANUALES).,ATROPELLOS,AUTOMOVIL,1,0,0,0,0,0,0,0,0,0,0,0,0,1,21,MUJER,LESIONADO,PEATON,NO,NO,1
24778,93830,93831,2020,1,0,-0.246057,-78.511721,PICHINCHA,QUITO,QUITO,URBANA,2020-11-25,12:00:00,12,MIERCOLES,3,NOVIEMBRE,11,NO,CONDUCIR VEHICULO SUPERANDO LOS LIMITES MAXIMOS DE VELOCIDAD.,ROZAMIENTOS,MOTOCICLETA,1,0,0,0,0,0,0,0,1,0,0,0,0,2,60,HOMBRE,LESIONADO,CONDUCTOR PRESENTE,NO,NO,1
24779,93845,93846,2020,0,0,-0.452001,-78.658501,PICHINCHA,MEJIA,ALOAG,RURAL,2020-11-25,16:45:00,16,MIERCOLES,3,NOVIEMBRE,11,NO,"NO RESPETAR LAS SENIALES REGLAMENTARIAS DE TRANSITO. (PARE, CEDA EL PASO, LUZ ROJA DEL SEMAFORO, ETC).",CHOQUE LATERAL,VEHICULO DEPORTIVO UTILITARIO,0,0,0,0,0,0,0,0,0,0,0,0,2,2,46,HOMBRE,ILESO,CONDUCTOR PRESENTE,NO,NO,3
24780,93854,93855,2020,1,0,-0.242946,-78.501176,PICHINCHA,QUITO,QUITO,URBANA,2020-11-25,20:05:00,20,MIERCOLES,3,NOVIEMBRE,11,NO,"CONDUCE BAJO LA INFLUENCIA DE ALCOHOL, SUSTANCIAS ESTUPEFACIENTES O PSICOTROPICAS Y/O MEDICAMENTOS.",COLISION,AUTOMOVIL,3,0,0,0,0,0,0,0,0,0,0,0,0,3,-1,HOMBRE,LESIONADO,PASAJERO,NO,NO,1
24781,93855,93856,2020,1,0,-0.212131,-78.387611,PICHINCHA,QUITO,TUMBACO,RURAL,2020-11-25,20:20:00,20,MIERCOLES,3,NOVIEMBRE,11,NO,CONDUCIR VEHICULO SUPERANDO LOS LIMITES MAXIMOS DE VELOCIDAD.,CHOQUE LATERAL,BUS,1,0,1,0,0,0,0,0,0,0,0,0,0,2,37,HOMBRE,LESIONADO,CONDUCTOR PRESENTE,NO,NO,3
24782,93858,93859,2020,0,1,-0.105373,-78.462381,PICHINCHA,QUITO,QUITO,URBANA,2020-11-25,22:15:00,22,MIERCOLES,3,NOVIEMBRE,11,NO,NO CEDER EL DERECHO DE VIA O PREFERENCIA DE PASO AL PEATON.,ATROPELLOS,NO IDENTIFICADO,0,0,0,0,0,0,0,0,0,1,0,0,0,1,-1,HOMBRE,FALLECIDO,PEATON,NO,NO,1
24783,93874,93875,2020,0,0,-0.273202,-78.552353,PICHINCHA,QUITO,QUITO,URBANA,2020-11-26,12:40:00,12,JUEVES,4,NOVIEMBRE,11,NO,"CONDUCE BAJO LA INFLUENCIA DE ALCOHOL, SUSTANCIAS ESTUPEFACIENTES O PSICOTROPICAS Y/O MEDICAMENTOS.",COLISION,AUTOMOVIL,2,0,0,0,1,0,0,0,0,0,0,0,0,3,41,HOMBRE,ILESO,CONDUCTOR PRESENTE,NO,NO,1
24784,93883,93884,2020,1,0,-0.122237,-78.495545,PICHINCHA,QUITO,QUITO,URBANA,2020-11-26,14:30:00,14,JUEVES,4,NOVIEMBRE,11,NO,DEJAR O RECOGER PASAJEROS EN LUGARES NO PERMITIDOS.,CAIDA DE PASAJERO,BUS,0,0,1,0,0,0,0,0,0,0,0,0,0,1,69,MUJER,LESIONADO,PASAJERO,NO,NO,1
24785,93886,93887,2020,0,0,0.024291,-78.628978,PICHINCHA,QUITO,NONO,RURAL,2020-11-26,15:17:00,15,JUEVES,4,NOVIEMBRE,11,NO,"MAL ESTACIONADO - EL CONDUCTOR QUE DETENGA O ESTACIONE VEHICULOS EN SITIOS O ZONAS QUE ENTRANIEN PELIGRO, TALES COMO ZONA DE SEGURIDAD, CURVAS, PUENTES, TUNELES, PENDIENTES.",CHOQUE LATERAL,AUTOMOVIL,1,0,0,0,0,0,0,0,0,0,0,0,1,2,42,HOMBRE,ILESO,CONDUCTOR PRESENTE,NO,SI,3
24786,93888,93889,2020,0,0,-0.279964,-78.557372,PICHINCHA,QUITO,QUITO,URBANA,2020-11-26,16:10:00,16,JUEVES,4,NOVIEMBRE,11,NO,"NO RESPETAR LAS SENIALES REGLAMENTARIAS DE TRANSITO. (PARE, CEDA EL PASO, LUZ ROJA DEL SEMAFORO, ETC).",CHOQUE LATERAL,AUTOMOVIL,2,0,0,0,0,0,0,0,0,0,0,0,0,2,58,MUJER,ILESO,PASAJERO,NO,NO,1
24787,93889,93890,2020,1,0,-0.077895,-78.410491,PICHINCHA,QUITO,CALDERON (CARAPUNGO),RURAL,2020-11-26,17:20:00,17,JUEVES,4,NOVIEMBRE,11,NO,"CONDICIONES AMBIENTALES Y/O ATMOSFERICAS (NIEBLA, NEBLINA, GRANIZO, LLUVIA).",CHOQUE LATERAL,BUS,1,0,1,0,0,0,0,0,0,0,0,0,0,2,25,HOMBRE,LESIONADO,CONDUCTOR PRESENTE,NO,NO,3
24788,93894,93895,2020,1,0,-0.183329,-78.486863,PICHINCHA,QUITO,QUITO,URBANA,2020-11-26,19:13:00,19,JUEVES,4,NOVIEMBRE,11,NO,"CONDICIONES AMBIENTALES Y/O ATMOSFERICAS (NIEBLA, NEBLINA, GRANIZO, LLUVIA).",CHOQUE LATERAL,BICICLETA,1,1,0,0,0,0,0,0,0,0,0,0,0,2,18,HOMBRE,LESIONADO,CONDUCTOR PRESENTE,NO,NO,1
24789,93896,93897,2020,1,0,-0.275951,-78.512117,PICHINCHA,QUITO,QUITO,URBANA,2020-11-26,19:30:00,19,JUEVES,4,NOVIEMBRE,11,NO,"CONDUCE BAJO LA INFLUENCIA DE ALCOHOL, SUSTANCIAS ESTUPEFACIENTES O PSICOTROPICAS Y/O MEDICAMENTOS.",ESTRELLAMIENTOS,CAMION,1,0,0,1,0,0,0,0,0,0,0,0,0,2,13,HOMBRE,LESIONADO,PASAJERO,NO,NO,1
24790,93899,93900,2020,0,0,-0.199767,-78.428809,PICHINCHA,QUITO,CUMBAYA,RURAL,2020-11-26,20:30:00,20,JUEVES,4,NOVIEMBRE,11,NO,"FALLA MECANICA EN LOS SISTEMAS Y/O NEUMATICOS (SISTEMA DE FRENOS, DIRECCION, ELECTRONICO O MECANICO).",ESTRELLAMIENTOS,CAMIONETA,0,0,0,0,1,0,0,0,0,0,0,0,0,1,31,HOMBRE,ILESO,CONDUCTOR PRESENTE,NO,NO,3
24791,93902,93903,2020,0,0,-0.197511,-78.500475,PICHINCHA,QUITO,QUITO,URBANA,2020-11-26,21:30:00,21,JUEVES,4,NOVIEMBRE,11,NO,"CONDICIONES AMBIENTALES Y/O ATMOSFERICAS (NIEBLA, NEBLINA, GRANIZO, LLUVIA).",CHOQUE LATERAL,AUTOMOVIL,2,0,0,0,0,0,0,0,0,0,0,0,0,2,40,HOMBRE,ILESO,CONDUCTOR PRESENTE,NO,NO,1
24792,93906,93907,2020,0,0,-0.002797,-78.526444,PICHINCHA,QUITO,CALACALI,RURAL,2020-11-26,22:30:00,22,JUEVES,4,NOVIEMBRE,11,NO,"CONDICIONES AMBIENTALES Y/O ATMOSFERICAS (NIEBLA, NEBLINA, GRANIZO, LLUVIA).",PERDIDA DE PISTA,AUTOMOVIL,1,0,0,0,0,0,0,0,0,0,0,0,0,1,28,MUJER,ILESO,PASAJERO,NO,SI,3
24793,93912,93913,2020,0,0,-0.209101,-78.365448,PICHINCHA,QUITO,PUEMBO,RURAL,2020-11-27,02:10:00,2,VIERNES,5,NOVIEMBRE,11,NO,"CONDICIONES AMBIENTALES Y/O ATMOSFERICAS (NIEBLA, NEBLINA, GRANIZO, LLUVIA).",ESTRELLAMIENTOS,AUTOMOVIL,1,0,0,0,0,0,0,0,0,0,0,0,0,1,24,HOMBRE,ILESO,CONDUCTOR PRESENTE,NO,NO,3
24794,93923,93924,2020,0,1,-0.256233,-78.523643,PICHINCHA,QUITO,QUITO,URBANA,2020-11-27,09:50:00,9,VIERNES,5,NOVIEMBRE,11,NO,"PRESENCIA DE AGENTES EXTERNOS EN LA VIA (AGUA, ACEITE, PIEDRA, LASTRE, ESCOMBROS, MADEROS, ETC.).",OTROS,MOTOCICLETA,0,0,1,0,0,0,0,0,1,0,0,0,0,2,34,HOMBRE,FALLECIDO,CONDUCTOR PRESENTE,NO,NO,1
24795,93924,93925,2020,0,0,-0.208516,-78.507507,PICHINCHA,QUITO,QUITO,URBANA,2020-11-27,09:55:00,9,VIERNES,5,NOVIEMBRE,11,NO,"FALLA MECANICA EN LOS SISTEMAS Y/O NEUMATICOS (SISTEMA DE FRENOS, DIRECCION, ELECTRONICO O MECANICO).",ESTRELLAMIENTOS,AUTOMOVIL,1,0,0,0,0,0,0,0,0,0,0,0,0,1,86,HOMBRE,ILESO,PASAJERO,NO,NO,1
24796,93932,93933,2020,0,0,-0.247885,-78.545741,PICHINCHA,QUITO,QUITO,URBANA,2020-11-27,14:05:00,14,VIERNES,5,NOVIEMBRE,11,NO,"NO RESPETAR LAS SENIALES REGLAMENTARIAS DE TRANSITO. (PARE, CEDA EL PASO, LUZ ROJA DEL SEMAFORO, ETC).",OTROS,AUTOMOVIL,1,0,0,0,0,0,0,0,0,1,0,0,0,2,26,HOMBRE,ILESO,CONDUCTOR PRESENTE,NO,NO,1
24797,93938,93939,2020,0,0,-0.242463,-78.482784,PICHINCHA,QUITO,QUITO,RURAL,2020-11-27,16:10:00,16,VIERNES,5,NOVIEMBRE,11,NO,"CONDICIONES AMBIENTALES Y/O ATMOSFERICAS (NIEBLA, NEBLINA, GRANIZO, LLUVIA).",COLISION,AUTOMOVIL,2,0,0,2,1,0,0,0,0,0,0,0,0,5,50,HOMBRE,ILESO,CONDUCTOR PRESENTE,NO,NO,3