,Unnamed: 0,ID,ANIO,LESIONADOS,FALLECIDOS,LATITUD_Y,LONGITUD_X,PROVINCIA,CANTON,PARROQUIA,ZONA,FECHA,HORA,PERIODO_2,DIA_1,DIA_2,MES_1,MES_2,FERIADO,CAUSA_PROBABLE,TIPO_DE_SINIESTRO,TIPO_DE_VEHICULO_1,AUTOMOVIL,BICICLETA,BUS,CAMION,CAMIONETA,EMERGENCIAS,ESPECIAL,FURGONETA,MOTOCICLETA,NO_IDENTIFICADO,SCOOTER_ELECTRICO,TRICIMOTO,VEHICULO_DEPORTIVO_UTILITARIO,SUMA_DE_VEHICULOS,EDAD_1,SEXO_1,CONDICION_1,PARTICIPANTE_1,CASCO_1,CINTURON_1,KMeans_Cluster
24798,93951,93952,2020,1,0,-0.296995,-78.563053,PICHINCHA,QUITO,QUITO,URBANA,2020-11-27,20:05:00,20,VIERNES,5,NOVIEMBRE,11,NO,"CONDICIONES AMBIENTALES Y/O ATMOSFERICAS (NIEBLA, NEBLINA, GRANIZO, LLUVIA).",CHOQUE LATERAL,MOTOCICLETA,0,0,0,0,0,0,0,0,1,1,0,0,0,2,19,HOMBRE,LESIONADO,CONDUCTOR PRESENTE,NO,NO,1
24799,93958,93959,2020,0,0,-0.247254,-78.506578,PICHINCHA,QUITO,QUITO,URBANA,2020-11-27,05:40:00,5,VIERNES,5,NOVIEMBRE,11,NO,NO MANTENER LA DISTANCIA PRUDENCIAL CON RESPECTO AL VEHICULO QUE LE ANTECEDE.,CHOQUE POSTERIOR,CAMIONETA,0,0,0,0,1,0,0,1,0,0,0,0,0,2,23,HOMBRE,ILESO,PASAJERO,NO,NO,1
24800,93959,93960,2020,0,0,-0.187752,-78.501092,PICHINCHA,QUITO,QUITO,URBANA,2020-11-28,00:00:00,0,SABADO,6,NOVIEMBRE,11,NO,"CONDICIONES AMBIENTALES Y/O ATMOSFERICAS (NIEBLA, NEBLINA, GRANIZO, LLUVIA).",ESTRELLAMIENTOS,NO IDENTIFICADO,0,0,0,0,0,0,0,0,0,1,0,0,0,1,-1,NO IDENTIFICADO,NO IDENTIFICADO,CONDUCTOR AUSENTE,NO,NO,2
24801,93961,93962,2020,0,0,-0.267229,-78.527199,PICHINCHA,QUITO,QUITO,URBANA,2020-11-28,00:12:00,0,SABADO,6,NOVIEMBRE,11,NO,DANIOS MECANICOS PREVISIBLES.,ESTRELLAMIENTOS,AUTOMOVIL,1,0,0,0,0,0,0,0,0,0,0,0,0,1,19,HOMBRE,ILESO,CONDUCTOR PRESENTE,NO,NO,1
24802,93962,93963,2020,0,0,-0.111062,-78.478917,PICHINCHA,QUITO,QUITO,URBANA,2020-11-28,00:18:00,0,SABADO,6,NOVIEMBRE,11,NO,"CONDICIONES AMBIENTALES Y/O ATMOSFERICAS (NIEBLA, NEBLINA, GRANIZO, LLUVIA).",ESTRELLAMIENTOS,AUTOMOVIL,1,0,0,0,0,0,0,0,0,0,0,0,0,1,38,HOMBRE,ILESO,CONDUCTOR PRESENTE,NO,NO,1
24803,93970,93971,2020,0,0,-0.100879,-78.480974,PICHINCHA,QUITO,QUITO,URBANA,2020-11-28,03:00:00,3,SABADO,6,NOVIEMBRE,11,NO,CONDUCIR VEHICULO SUPERANDO LOS LIMITES MAXIMOS DE VELOCIDAD.,ESTRELLAMIENTOS,AUTOMOVIL,1,0,0,0,0,0,0,0,0,0,0,0,0,1,-1,NO IDENTIFICADO,NO IDENTIFICADO,CONDUCTOR AUSENTE,NO,NO,2
24804,93976,93977,2020,1,0,-0.232366,-78.503038,PICHINCHA,QUITO,QUITO,URBANA,2020-11-28,04:10:00,4,SABADO,6,NOVIEMBRE,11,NO,CONDUCIR VEHICULO SUPERANDO LOS LIMITES MAXIMOS DE VELOCIDAD.,PERDIDA DE CARRIL,AUTOMOVIL,1,0,0,0,0,0,0,0,0,0,0,0,0,1,38,HOMBRE,LESIONADO,CONDUCTOR PRESENTE,NO,NO,1
24805,93982,93983,2020,0,0,-0.237369,-78.484618,PICHINCHA,QUITO,QUITO,URBANA,2020-11-28,06:40:00,6,SABADO,6,NOVIEMBRE,11,NO,"CONDUCE BAJO LA INFLUENCIA DE ALCOHOL, SUSTANCIAS ESTUPEFACIENTES O PSICOTROPICAS Y/O MEDICAMENTOS.",CHOQUE LATERAL,AUTOMOVIL,2,0,0,0,0,0,0,0,0,0,0,0,0,2,27,HOMBRE,ILESO,CONDUCTOR PRESENTE,NO,NO,1
24806,93983,93984,2020,0,0,-0.320518,-78.921747,PICHINCHA,MEJIA,MANUEL CORNEJO ASTORGA,RURAL,2020-11-28,07:19:00,7,SABADO,6,NOVIEMBRE,11,NO,"CONDUCIR DESATENTO A LAS CONDICIONES DE TRANSITO (CELULAR, PANTALLAS DE VIDEO, COMIDA, MAQUILLAJE O CUALQUIER OTRO ELEMENTO DISTRACTOR).",VOLCAMIENTOS,CAMION,0,0,0,1,0,0,0,0,0,0,0,0,0,1,-1,NO IDENTIFICADO,ILESO,CONDUCTOR PRESENTE,NO,NO,2
24807,93987,93988,2020,1,0,-0.250102,-78.532464,PICHINCHA,QUITO,QUITO,URBANA,2020-11-28,08:38:00,8,SABADO,6,NOVIEMBRE,11,NO,NO CEDER EL DERECHO DE VIA O PREFERENCIA DE PASO AL PEATON.,ATROPELLOS,AUTOMOVIL,1,0,0,0,0,0,0,0,0,0,0,0,0,1,79,HOMBRE,LESIONADO,PEATON,NO,NO,1
24808,93988,93989,2020,0,0,-0.261054,-78.545404,PICHINCHA,QUITO,QUITO,URBANA,2020-11-28,09:15:00,9,SABADO,6,NOVIEMBRE,11,NO,NO CEDER EL DERECHO DE VIA O PREFERENCIA DE PASO A VEHICULOS.,CHOQUE LATERAL,AUTOMOVIL,1,0,0,0,0,0,0,0,1,0,0,0,0,2,50,HOMBRE,ILESO,CONDUCTOR PRESENTE,NO,NO,1
24809,93991,93992,2020,1,0,-0.138702,-78.486084,PICHINCHA,QUITO,QUITO,URBANA,2020-11-28,10:30:00,10,SABADO,6,NOVIEMBRE,11,NO,"MAL ESTACIONADO - EL CONDUCTOR QUE DETENGA O ESTACIONE VEHICULOS EN SITIOS O ZONAS QUE ENTRANIEN PELIGRO, TALES COMO ZONA DE SEGURIDAD, CURVAS, PUENTES, TUNELES, PENDIENTES.",ESTRELLAMIENTOS,MOTOCICLETA,0,0,0,0,0,0,0,0,1,1,0,0,0,2,43,HOMBRE,LESIONADO,CONDUCTOR PRESENTE,NO,NO,1
24810,94004,94005,2020,0,0,-0.226486,-78.339567,PICHINCHA,QUITO,PIFO,RURAL,2020-11-28,16:20:00,16,SABADO,6,NOVIEMBRE,11,NO,"CONDUCE BAJO LA INFLUENCIA DE ALCOHOL, SUSTANCIAS ESTUPEFACIENTES O PSICOTROPICAS Y/O MEDICAMENTOS.",COLISION,CAMIONETA,2,0,0,0,1,0,0,0,0,0,0,0,0,3,35,HOMBRE,ILESO,CONDUCTOR PRESENTE,NO,NO,3
24811,94008,94009,2020,0,0,-0.237474,-78.484621,PICHINCHA,QUITO,QUITO,URBANA,2020-11-28,17:27:00,17,SABADO,6,NOVIEMBRE,11,NO,CONDUCIR VEHICULO SUPERANDO LOS LIMITES MAXIMOS DE VELOCIDAD.,ESTRELLAMIENTOS,AUTOMOVIL,1,0,0,0,0,0,0,0,0,0,0,0,0,1,31,MUJER,ILESO,PASAJERO,NO,NO,1
24812,94010,94011,2020,0,0,-0.125876,-78.444289,PICHINCHA,QUITO,LLANO CHICO,RURAL,2020-11-28,17:30:00,17,SABADO,6,NOVIEMBRE,11,NO,"NO RESPETAR LAS SENIALES REGLAMENTARIAS DE TRANSITO. (PARE, CEDA EL PASO, LUZ ROJA DEL SEMAFORO, ETC).",ESTRELLAMIENTOS,AUTOMOVIL,1,0,0,0,0,0,0,0,0,0,0,0,0,1,-1,NO IDENTIFICADO,NO IDENTIFICADO,CONDUCTOR AUSENTE,NO,NO,2
24813,94013,94014,2020,1,0,-0.315101,-78.559598,PICHINCHA,QUITO,QUITO,URBANA,2020-11-28,17:45:00,17,SABADO,6,NOVIEMBRE,11,NO,NO TRANSITAR POR LAS ACERAS O ZONAS DE SEGURIDAD DESTINADAS PARA EL EFECTO.,ATROPELLOS,BUS,0,0,1,0,0,0,0,0,0,0,0,0,0,1,9,MUJER,LESIONADO,PEATON,NO,NO,1
24814,94019,94020,2020,1,0,-0.235375,-78.534316,PICHINCHA,QUITO,QUITO,URBANA,2020-11-28,19:45:00,19,SABADO,6,NOVIEMBRE,11,NO,NO CEDER EL DERECHO DE VIA O PREFERENCIA DE PASO A VEHICULOS.,CHOQUE LATERAL,MOTOCICLETA,1,0,0,0,0,0,0,0,1,0,0,0,0,2,25,HOMBRE,LESIONADO,CONDUCTOR PRESENTE,NO,NO,1
24815,94033,94034,2020,0,1,-0.244553,-78.502496,PICHINCHA,QUITO,QUITO,URBANA,2020-11-28,07:20:00,7,SABADO,6,NOVIEMBRE,11,NO,CONDUCIR VEHICULO SUPERANDO LOS LIMITES MAXIMOS DE VELOCIDAD.,ESTRELLAMIENTOS,CAMION,0,0,0,1,0,0,0,0,1,0,0,0,0,2,49,HOMBRE,FALLECIDO,CONDUCTOR PRESENTE,NO,NO,1
24816,94037,94038,2020,1,0,-0.189085,-78.511758,PICHINCHA,QUITO,QUITO,URBANA,2020-11-29,01:15:00,1,DOMINGO,7,NOVIEMBRE,11,NO,CONDUCIR VEHICULO SUPERANDO LOS LIMITES MAXIMOS DE VELOCIDAD.,ESTRELLAMIENTOS,AUTOMOVIL,1,0,0,0,0,0,0,0,0,0,0,0,0,1,27,HOMBRE,LESIONADO,CONDUCTOR PRESENTE,NO,NO,1
24817,94040,94041,2020,0,0,-0.128531,-78.487493,PICHINCHA,QUITO,QUITO,URBANA,2020-11-29,01:40:00,1,DOMINGO,7,NOVIEMBRE,11,NO,"CONDUCE BAJO LA INFLUENCIA DE ALCOHOL, SUSTANCIAS ESTUPEFACIENTES O PSICOTROPICAS Y/O MEDICAMENTOS.",ESTRELLAMIENTOS,BICICLETA,1,1,0,0,0,0,0,0,0,0,0,0,0,2,18,HOMBRE,ILESO,CONDUCTOR PRESENTE,NO,NO,1
24818,94042,94043,2020,0,0,-0.348684,-78.538868,PICHINCHA,QUITO,QUITO,URBANA,2020-11-29,02:00:00,2,DOMINGO,7,NOVIEMBRE,11,NO,"PRESENCIA DE AGENTES EXTERNOS EN LA VIA (AGUA, ACEITE, PIEDRA, LASTRE, ESCOMBROS, MADEROS, ETC.).",ESTRELLAMIENTOS,CAMION,0,0,0,1,0,0,0,0,0,0,0,0,0,1,-1,NO IDENTIFICADO,NO IDENTIFICADO,CONDUCTOR AUSENTE,NO,NO,2
24819,94046,94047,2020,0,0,-0.120161,-78.463206,PICHINCHA,QUITO,QUITO,RURAL,2020-11-29,02:35:00,2,DOMINGO,7,NOVIEMBRE,11,NO,CONDUCIR VEHICULO SUPERANDO LOS LIMITES MAXIMOS DE VELOCIDAD.,ESTRELLAMIENTOS,BUS,1,0,1,0,0,0,0,0,0,0,0,0,0,2,57,HOMBRE,ILESO,CONDUCTOR PRESENTE,NO,NO,3
24820,94048,94049,2020,1,0,-0.323746,-78.398966,PICHINCHA,QUITO,LA MERCED,RURAL,2020-11-29,04:15:00,4,DOMINGO,7,NOVIEMBRE,11,NO,"CONDUCIR DESATENTO A LAS CONDICIONES DE TRANSITO (CELULAR, PANTALLAS DE VIDEO, COMIDA, MAQUILLAJE O CUALQUIER OTRO ELEMENTO DISTRACTOR).",PERDIDA DE PISTA,CAMION,0,0,0,1,0,0,0,0,0,0,0,0,0,1,69,MUJER,LESIONADO,PASAJERO,NO,SI,3
24821,94054,94055,2020,0,0,-0.205527,-78.370743,PICHINCHA,QUITO,TUMBACO,RURAL,2020-11-29,07:10:00,7,DOMINGO,7,NOVIEMBRE,11,NO,"NO RESPETAR LAS SENIALES REGLAMENTARIAS DE TRANSITO. (PARE, CEDA EL PASO, LUZ ROJA DEL SEMAFORO, ETC).",CHOQUE LATERAL,AUTOMOVIL,2,0,0,0,0,0,0,0,0,0,0,0,0,2,56,MUJER,ILESO,CONDUCTOR PRESENTE,NO,NO,3
24822,94057,94058,2020,0,0,-0.375496,-78.506023,PICHINCHA,QUITO,AMAGUANIA,RURAL,2020-11-29,07:45:00,7,DOMINGO,7,NOVIEMBRE,11,NO,CONDUCIR VEHICULO SUPERANDO LOS LIMITES MAXIMOS DE VELOCIDAD.,ESTRELLAMIENTOS,AUTOMOVIL,1,0,0,0,0,0,0,0,0,0,0,0,0,1,-1,NO IDENTIFICADO,NO IDENTIFICADO,CONDUCTOR AUSENTE,NO,NO,2
24823,94077,94078,2020,0,0,-0.327631,-78.536131,PICHINCHA,QUITO,QUITO,URBANA,2020-11-29,17:10:00,17,DOMINGO,7,NOVIEMBRE,11,NO,"NO RESPETAR LAS SENIALES REGLAMENTARIAS DE TRANSITO. (PARE, CEDA EL PASO, LUZ ROJA DEL SEMAFORO, ETC).",CHOQUE LATERAL,AUTOMOVIL,2,0,0,0,0,0,0,0,0,0,0,0,0,2,42,HOMBRE,ILESO,CONDUCTOR PRESENTE,NO,NO,1
24824,94095,94096,2020,0,0,-0.372631,-78.488118,PICHINCHA,QUITO,AMAGUANIA,RURAL,2020-11-29,20:40:00,20,DOMINGO,7,NOVIEMBRE,11,NO,"CONDUCIR DESATENTO A LAS CONDICIONES DE TRANSITO (CELULAR, PANTALLAS DE VIDEO, COMIDA, MAQUILLAJE O CUALQUIER OTRO ELEMENTO DISTRACTOR).",CHOQUE LATERAL,AUTOMOVIL,1,0,0,0,1,0,0,0,0,0,0,0,0,2,34,HOMBRE,ILESO,CONDUCTOR PRESENTE,NO,SI,3
24825,94096,94097,2020,2,0,-0.254263,-78.550014,PICHINCHA,QUITO,QUITO,URBANA,2020-11-29,20:50:00,20,DOMINGO,7,NOVIEMBRE,11,NO,CONDUCIR VEHICULO SUPERANDO LOS LIMITES MAXIMOS DE VELOCIDAD.,ESTRELLAMIENTOS,AUTOMOVIL,1,0,0,0,0,0,0,0,0,0,0,0,0,1,28,MUJER,LESIONADO,PASAJERO,NO,NO,1
24826,94101,94102,2020,0,0,-0.177085,-78.487861,PICHINCHA,QUITO,QUITO,URBANA,2020-11-29,23:10:00,23,DOMINGO,7,NOVIEMBRE,11,NO,"CONDICIONES AMBIENTALES Y/O ATMOSFERICAS (NIEBLA, NEBLINA, GRANIZO, LLUVIA).",ESTRELLAMIENTOS,AUTOMOVIL,1,0,0,0,0,0,0,0,0,0,0,0,0,1,26,HOMBRE,ILESO,CONDUCTOR PRESENTE,NO,NO,1
24827,94107,94108,2020,0,0,-0.215565,-78.490858,PICHINCHA,QUITO,QUITO,URBANA,2020-11-30,04:15:00,4,LUNES,1,NOVIEMBRE,11,NO,"CONDICIONES AMBIENTALES Y/O ATMOSFERICAS (NIEBLA, NEBLINA, GRANIZO, LLUVIA).",PERDIDA DE CARRIL,CAMION,0,0,0,1,0,0,0,0,0,0,0,0,0,1,34,HOMBRE,ILESO,CONDUCTOR PRESENTE,NO,NO,1
24828,94109,94110,2020,2,0,-0.226486,-78.339567,PICHINCHA,QUITO,PIFO,RURAL,2020-11-30,05:25:00,5,LUNES,1,NOVIEMBRE,11,NO,CONDUCIR VEHICULO SUPERANDO LOS LIMITES MAXIMOS DE VELOCIDAD.,CHOQUE POSTERIOR,MOTOCICLETA,1,0,0,0,0,0,0,0,1,0,0,0,0,2,37,MUJER,LESIONADO,PASAJERO,NO,NO,3
24829,94112,94113,2020,0,1,-0.288068,-78.528373,PICHINCHA,QUITO,QUITO,URBANA,2020-11-30,08:30:00,8,LUNES,1,NOVIEMBRE,11,NO,CONDUCIR VEHICULO SUPERANDO LOS LIMITES MAXIMOS DE VELOCIDAD.,ESTRELLAMIENTOS,MOTOCICLETA,0,0,0,0,0,0,0,0,1,0,0,0,0,1,35,HOMBRE,FALLECIDO,CONDUCTOR PRESENTE,NO,NO,1
24830,94114,94115,2020,0,0,-0.180457,-78.487221,PICHINCHA,QUITO,QUITO,URBANA,2020-11-30,09:20:00,9,LUNES,1,NOVIEMBRE,11,NO,"NO RESPETAR LAS SENIALES REGLAMENTARIAS DE TRANSITO. (PARE, CEDA EL PASO, LUZ ROJA DEL SEMAFORO, ETC).",COLISION,FURGONETA,2,0,0,0,0,0,0,1,0,0,0,0,0,3,25,HOMBRE,ILESO,CONDUCTOR PRESENTE,NO,NO,1
24831,94116,94117,2020,0,0,-0.153303,-78.484482,PICHINCHA,QUITO,QUITO,URBANA,2020-11-30,09:45:00,9,LUNES,1,NOVIEMBRE,11,NO,CONDUCIR VEHICULO SUPERANDO LOS LIMITES MAXIMOS DE VELOCIDAD.,CHOQUE LATERAL,BUS,0,0,2,0,0,0,0,0,0,0,0,0,0,2,36,HOMBRE,ILESO,CONDUCTOR PRESENTE,NO,NO,1
24832,94127,94128,2020,0,0,-0.261958,-78.558875,PICHINCHA,QUITO,QUITO,URBANA,2020-11-30,15:45:00,15,LUNES,1,NOVIEMBRE,11,NO,"CONDUCE BAJO LA INFLUENCIA DE ALCOHOL, SUSTANCIAS ESTUPEFACIENTES O PSICOTROPICAS Y/O MEDICAMENTOS.",CHOQUE LATERAL,AUTOMOVIL,2,0,0,0,0,0,0,0,0,0,0,0,0,2,47,HOMBRE,ILESO,CONDUCTOR PRESENTE,NO,NO,1
24833,94143,94144,2020,0,0,-0.340257,-78.548941,PICHINCHA,QUITO,QUITO,URBANA,2020-12-01,02:45:00,2,MARTES,2,DICIEMBRE,12,NO,CONDUCIR VEHICULO SUPERANDO LOS LIMITES MAXIMOS DE VELOCIDAD.,ESTRELLAMIENTOS,CAMIONETA,0,0,0,0,1,0,0,0,0,0,0,0,0,1,-1,NO IDENTIFICADO,NO IDENTIFICADO,CONDUCTOR AUSENTE,NO,NO,2
24834,94146,94147,2020,0,0,-0.282701,-78.544403,PICHINCHA,QUITO,QUITO,URBANA,2020-12-01,05:00:00,5,MARTES,2,DICIEMBRE,12,NO,"NO RESPETAR LAS SENIALES REGLAMENTARIAS DE TRANSITO. (PARE, CEDA EL PASO, LUZ ROJA DEL SEMAFORO, ETC).",CHOQUE LATERAL,AUTOMOVIL,2,0,0,0,0,0,0,0,0,0,0,0,0,2,26,HOMBRE,ILESO,CONDUCTOR PRESENTE,NO,NO,1
24835,94149,94150,2020,1,0,-0.299877,-78.542315,PICHINCHA,QUITO,QUITO,URBANA,2020-12-01,07:30:00,7,MARTES,2,DICIEMBRE,12,NO,CONDUCIR VEHICULO SUPERANDO LOS LIMITES MAXIMOS DE VELOCIDAD.,PERDIDA DE CARRIL,MOTOCICLETA,0,0,0,0,0,0,0,0,1,0,0,0,0,1,32,HOMBRE,LESIONADO,CONDUCTOR PRESENTE,NO,NO,1
24836,94151,94152,2020,0,0,-0.321378,-78.442375,PICHINCHA,RUMINIAHUI,SANGOLQUI,URBANA,2020-12-01,09:40:00,9,MARTES,2,DICIEMBRE,12,NO,"CONDUCIR DESATENTO A LAS CONDICIONES DE TRANSITO (CELULAR, PANTALLAS DE VIDEO, COMIDA, MAQUILLAJE O CUALQUIER OTRO ELEMENTO DISTRACTOR).",COLISION,MOTOCICLETA,2,0,0,0,0,0,0,0,1,0,0,0,1,4,40,MUJER,ILESO,CONDUCTOR PRESENTE,NO,SI,1
24837,94153,94154,2020,1,0,-0.109371,-78.498707,PICHINCHA,QUITO,QUITO,URBANA,2020-12-01,10:40:00,10,MARTES,2,DICIEMBRE,12,NO,"FALLA MECANICA EN LOS SISTEMAS Y/O NEUMATICOS (SISTEMA DE FRENOS, DIRECCION, ELECTRONICO O MECANICO).",ESTRELLAMIENTOS,AUTOMOVIL,1,0,0,0,0,0,0,0,0,0,0,0,0,1,50,HOMBRE,LESIONADO,CONDUCTOR PRESENTE,NO,NO,1
24838,94159,94160,2020,0,0,-0.249899,-78.529296,PICHINCHA,QUITO,QUITO,URBANA,2020-12-01,13:30:00,13,MARTES,2,DICIEMBRE,12,NO,"NO RESPETAR LAS SENIALES REGLAMENTARIAS DE TRANSITO. (PARE, CEDA EL PASO, LUZ ROJA DEL SEMAFORO, ETC).",CHOQUE LATERAL,AUTOMOVIL,2,0,0,0,0,0,0,0,0,0,0,0,0,2,22,HOMBRE,ILESO,CONDUCTOR PRESENTE,NO,NO,1
24839,94160,94161,2020,0,0,-0.280814,-78.556011,PICHINCHA,QUITO,QUITO,URBANA,2020-12-01,13:40:00,13,MARTES,2,DICIEMBRE,12,NO,"NO RESPETAR LAS SENIALES REGLAMENTARIAS DE TRANSITO. (PARE, CEDA EL PASO, LUZ ROJA DEL SEMAFORO, ETC).",CHOQUE LATERAL,AUTOMOVIL,1,0,0,0,0,0,0,0,1,0,0,0,0,2,43,MUJER,ILESO,CONDUCTOR PRESENTE,NO,NO,1
24840,94166,94167,2020,0,0,-0.236129,-78.526758,PICHINCHA,QUITO,QUITO,URBANA,2020-12-01,15:20:00,15,MARTES,2,DICIEMBRE,12,NO,"NO RESPETAR LAS SENIALES REGLAMENTARIAS DE TRANSITO. (PARE, CEDA EL PASO, LUZ ROJA DEL SEMAFORO, ETC).",CHOQUE LATERAL,CAMIONETA,0,0,0,1,1,0,0,0,0,0,0,0,0,2,75,HOMBRE,ILESO,CONDUCTOR PRESENTE,NO,NO,1
24841,94167,94168,2020,0,0,-0.245627,-78.519499,PICHINCHA,QUITO,QUITO,URBANA,2020-12-01,15:40:00,15,MARTES,2,DICIEMBRE,12,NO,"CONDUCE BAJO LA INFLUENCIA DE ALCOHOL, SUSTANCIAS ESTUPEFACIENTES O PSICOTROPICAS Y/O MEDICAMENTOS.",COLISION,AUTOMOVIL,4,0,0,0,0,0,0,0,0,0,0,0,0,4,42,HOMBRE,ILESO,CONDUCTOR PRESENTE,NO,NO,1
24842,94169,94170,2020,1,0,-0.191476,-78.507288,PICHINCHA,QUITO,QUITO,URBANA,2020-12-01,16:00:00,16,MARTES,2,DICIEMBRE,12,NO,"NO RESPETAR LAS SENIALES REGLAMENTARIAS DE TRANSITO. (PARE, CEDA EL PASO, LUZ ROJA DEL SEMAFORO, ETC).",CHOQUE LATERAL,MOTOCICLETA,1,0,0,0,0,0,0,0,1,0,0,0,0,2,34,HOMBRE,LESIONADO,CONDUCTOR PRESENTE,SI,NO,1
24843,94170,94171,2020,0,0,-0.264759,-78.548838,PICHINCHA,QUITO,QUITO,URBANA,2020-12-01,16:00:00,16,MARTES,2,DICIEMBRE,12,NO,"CONDICIONES AMBIENTALES Y/O ATMOSFERICAS (NIEBLA, NEBLINA, GRANIZO, LLUVIA).",CHOQUE LATERAL,AUTOMOVIL,2,0,0,0,0,0,0,0,0,0,0,0,0,2,46,MUJER,ILESO,CONDUCTOR PRESENTE,NO,NO,1
24844,94173,94174,2020,2,0,-0.064758,-78.288288,PICHINCHA,CAYAMBE,ASCAZUBI,RURAL,2020-12-01,16:40:30,16,MARTES,2,DICIEMBRE,12,NO,"CONDUCE BAJO LA INFLUENCIA DE ALCOHOL, SUSTANCIAS ESTUPEFACIENTES O PSICOTROPICAS Y/O MEDICAMENTOS.",ATROPELLOS,VEHICULO DEPORTIVO UTILITARIO,0,0,0,0,0,0,0,0,0,0,0,0,2,2,32,HOMBRE,LESIONADO,PASAJERO,NO,NO,3
24845,94176,94177,2020,0,0,-0.114911,-78.488609,PICHINCHA,QUITO,QUITO,URBANA,2020-12-01,18:20:00,18,MARTES,2,DICIEMBRE,12,NO,"NO RESPETAR LAS SENIALES REGLAMENTARIAS DE TRANSITO. (PARE, CEDA EL PASO, LUZ ROJA DEL SEMAFORO, ETC).",CHOQUE LATERAL,AUTOMOVIL,2,0,0,0,0,0,0,0,0,0,0,0,0,2,56,HOMBRE,ILESO,CONDUCTOR PRESENTE,NO,NO,1
24846,94180,94181,2020,0,1,-0.227075,-78.534681,PICHINCHA,QUITO,QUITO,URBANA,2020-12-01,19:30:00,19,MARTES,2,DICIEMBRE,12,NO,NO TRANSITAR POR LAS ACERAS O ZONAS DE SEGURIDAD DESTINADAS PARA EL EFECTO.,ARROLLAMIENTOS,NO IDENTIFICADO,0,0,0,0,0,0,0,0,0,1,0,0,0,1,33,HOMBRE,FALLECIDO,PEATON,NO,NO,1
24847,94183,94184,2020,0,0,-0.087504,-78.472473,PICHINCHA,QUITO,QUITO,URBANA,2020-12-01,19:40:00,19,MARTES,2,DICIEMBRE,12,NO,"CONDUCE BAJO LA INFLUENCIA DE ALCOHOL, SUSTANCIAS ESTUPEFACIENTES O PSICOTROPICAS Y/O MEDICAMENTOS.",CHOQUE LATERAL,AUTOMOVIL,2,0,0,0,0,0,0,0,0,0,0,0,0,2,39,HOMBRE,ILESO,CONDUCTOR PRESENTE,NO,NO,1
24848,94190,94191,2020,2,0,-0.199767,-78.428809,PICHINCHA,QUITO,CUMBAYA,RURAL,2020-12-01,23:30:00,23,MARTES,2,DICIEMBRE,12,NO,"CONDUCE BAJO LA INFLUENCIA DE ALCOHOL, SUSTANCIAS ESTUPEFACIENTES O PSICOTROPICAS Y/O MEDICAMENTOS.",ESTRELLAMIENTOS,CAMIONETA,1,0,0,0,1,0,0,0,0,0,0,0,0,2,34,HOMBRE,LESIONADO,PASAJERO,NO,NO,3
24849,94193,94194,2020,0,0,-0.094631,-78.482043,PICHINCHA,QUITO,QUITO,URBANA,2020-12-02,04:20:00,4,MIERCOLES,3,DICIEMBRE,12,NO,"CONDICIONES AMBIENTALES Y/O ATMOSFERICAS (NIEBLA, NEBLINA, GRANIZO, LLUVIA).",PERDIDA DE CARRIL,AUTOMOVIL,1,0,0,0,0,0,0,0,0,0,0,0,0,1,-1,NO IDENTIFICADO,NO IDENTIFICADO,CONDUCTOR AUSENTE,NO,NO,2
24850,94194,94195,2020,0,0,-0.185623,-78.343085,PICHINCHA,QUITO,TABABELA,RURAL,2020-12-02,04:20:00,4,MIERCOLES,3,DICIEMBRE,12,NO,"CONDICIONES AMBIENTALES Y/O ATMOSFERICAS (NIEBLA, NEBLINA, GRANIZO, LLUVIA).",ESTRELLAMIENTOS,AUTOMOVIL,1,0,0,0,0,0,0,0,0,0,0,0,0,1,27,MUJER,ILESO,CONDUCTOR PRESENTE,NO,NO,3
24851,94201,94202,2020,0,0,-0.111361,-78.497604,PICHINCHA,QUITO,QUITO,URBANA,2020-12-02,10:15:00,10,MIERCOLES,3,DICIEMBRE,12,NO,"CONDICIONES AMBIENTALES Y/O ATMOSFERICAS (NIEBLA, NEBLINA, GRANIZO, LLUVIA).",CHOQUE LATERAL,AUTOMOVIL,2,0,0,0,0,0,0,0,0,0,0,0,0,2,42,HOMBRE,ILESO,CONDUCTOR PRESENTE,NO,NO,1
24852,94202,94203,2020,0,0,-0.244483,-78.475592,PICHINCHA,QUITO,QUITO,RURAL,2020-12-02,10:28:00,10,MIERCOLES,3,DICIEMBRE,12,NO,CONDUCIR VEHICULO SUPERANDO LOS LIMITES MAXIMOS DE VELOCIDAD.,ESTRELLAMIENTOS,AUTOMOVIL,1,0,0,0,0,0,0,0,0,0,0,0,0,1,65,HOMBRE,ILESO,CONDUCTOR PRESENTE,NO,NO,3
24853,94204,94205,2020,0,0,-0.269397,-78.547278,PICHINCHA,QUITO,QUITO,URBANA,2020-12-02,12:40:00,12,MIERCOLES,3,DICIEMBRE,12,NO,"NO RESPETAR LAS SENIALES REGLAMENTARIAS DE TRANSITO. (PARE, CEDA EL PASO, LUZ ROJA DEL SEMAFORO, ETC).",CHOQUE LATERAL,AUTOMOVIL,2,0,0,0,0,0,0,0,0,0,0,0,0,2,30,MUJER,ILESO,CONDUCTOR PRESENTE,NO,NO,1