,Unnamed: 0,ID,ANIO,LESIONADOS,FALLECIDOS,LATITUD_Y,LONGITUD_X,PROVINCIA,CANTON,PARROQUIA,ZONA,FECHA,HORA,PERIODO_2,DIA_1,DIA_2,MES_1,MES_2,FERIADO,CAUSA_PROBABLE,TIPO_DE_SINIESTRO,TIPO_DE_VEHICULO_1,AUTOMOVIL,BICICLETA,BUS,CAMION,CAMIONETA,EMERGENCIAS,ESPECIAL,FURGONETA,MOTOCICLETA,NO_IDENTIFICADO,SCOOTER_ELECTRICO,TRICIMOTO,VEHICULO_DEPORTIVO_UTILITARIO,SUMA_DE_VEHICULOS,EDAD_1,SEXO_1,CONDICION_1,PARTICIPANTE_1,CASCO_1,CINTURON_1,KMeans_Cluster
25024,95172,95173,2020,1,0,-0.370422,-78.373721,PICHINCHA,QUITO,PINTAG,RURAL,2020-12-18,06:50:00,6,VIERNES,5,DICIEMBRE,12,NO,CONDUCIR VEHICULO SUPERANDO LOS LIMITES MAXIMOS DE VELOCIDAD.,CHOQUE LATERAL,MOTOCICLETA,1,0,0,0,0,0,0,0,1,0,0,0,0,2,29,HOMBRE,LESIONADO,CONDUCTOR PRESENTE,NO,NO,3
25025,95173,95174,2020,0,0,-0.154317,-78.474504,PICHINCHA,QUITO,QUITO,URBANA,2020-12-18,07:00:00,7,VIERNES,5,DICIEMBRE,12,NO,"NO RESPETAR LAS SENIALES REGLAMENTARIAS DE TRANSITO. (PARE, CEDA EL PASO, LUZ ROJA DEL SEMAFORO, ETC).",CHOQUE LATERAL,CAMIONETA,1,0,0,0,1,0,0,0,0,0,0,0,0,2,34,HOMBRE,ILESO,CONDUCTOR PRESENTE,NO,NO,1
25026,95179,95180,2020,2,0,-0.232484,-78.493231,PICHINCHA,QUITO,QUITO,RURAL,2020-12-18,08:15:00,8,VIERNES,5,DICIEMBRE,12,NO,CONDUCIR VEHICULO SUPERANDO LOS LIMITES MAXIMOS DE VELOCIDAD.,CHOQUE POSTERIOR,MOTOCICLETA,0,0,0,0,0,0,0,0,1,1,0,0,0,2,33,MUJER,LESIONADO,PASAJERO,NO,NO,3
25027,95181,95182,2020,1,0,-0.361491,-78.471965,PICHINCHA,RUMINIAHUI,SANGOLQUI,URBANA,2020-12-18,08:25:00,8,VIERNES,5,DICIEMBRE,12,NO,"CONDUCIR DESATENTO A LAS CONDICIONES DE TRANSITO (CELULAR, PANTALLAS DE VIDEO, COMIDA, MAQUILLAJE O CUALQUIER OTRO ELEMENTO DISTRACTOR).",CHOQUE LATERAL,MOTOCICLETA,0,0,0,0,1,0,0,0,1,0,0,0,0,2,26,HOMBRE,LESIONADO,CONDUCTOR PRESENTE,NO,NO,1
25028,95183,95184,2020,0,0,-0.137645,-78.501298,PICHINCHA,QUITO,QUITO,URBANA,2020-12-18,09:56:00,9,VIERNES,5,DICIEMBRE,12,NO,CONDUCIR VEHICULO SUPERANDO LOS LIMITES MAXIMOS DE VELOCIDAD.,COLISION,CAMIONETA,1,0,0,0,2,0,0,0,0,0,0,0,0,3,42,HOMBRE,ILESO,CONDUCTOR PRESENTE,NO,NO,1
25029,95184,95185,2020,1,0,-0.154505,-78.476925,PICHINCHA,QUITO,QUITO,URBANA,2020-12-18,10:00:00,10,VIERNES,5,DICIEMBRE,12,NO,"NO RESPETAR LAS SENIALES REGLAMENTARIAS DE TRANSITO. (PARE, CEDA EL PASO, LUZ ROJA DEL SEMAFORO, ETC).",CHOQUE LATERAL,BICICLETA,0,1,0,0,1,0,0,0,0,0,0,0,0,2,38,HOMBRE,LESIONADO,CONDUCTOR PRESENTE,NO,NO,1
25030,95186,95187,2020,0,0,-0.156804,-78.496783,PICHINCHA,QUITO,QUITO,URBANA,2020-12-18,10:50:00,10,VIERNES,5,DICIEMBRE,12,NO,NO MANTENER LA DISTANCIA PRUDENCIAL CON RESPECTO AL VEHICULO QUE LE ANTECEDE.,CHOQUE POSTERIOR,AUTOMOVIL,1,0,0,0,0,0,0,1,0,0,0,0,0,2,53,MUJER,ILESO,CONDUCTOR PRESENTE,NO,NO,1
25031,95187,95188,2020,1,0,-0.317979,-78.535775,PICHINCHA,QUITO,QUITO,URBANA,2020-12-18,10:50:00,10,VIERNES,5,DICIEMBRE,12,NO,NO CEDER EL DERECHO DE VIA O PREFERENCIA DE PASO A VEHICULOS.,OTROS,MOTOCICLETA,0,0,0,0,0,0,0,0,1,1,0,0,0,2,38,HOMBRE,LESIONADO,CONDUCTOR PRESENTE,NO,NO,1
25032,95203,95204,2020,1,0,-0.296851,-78.552767,PICHINCHA,QUITO,QUITO,URBANA,2020-12-18,14:20:00,14,VIERNES,5,DICIEMBRE,12,NO,"NO RESPETAR LAS SENIALES REGLAMENTARIAS DE TRANSITO. (PARE, CEDA EL PASO, LUZ ROJA DEL SEMAFORO, ETC).",CHOQUE LATERAL,MOTOCICLETA,0,0,0,0,1,0,0,0,1,0,0,0,0,2,27,HOMBRE,LESIONADO,CONDUCTOR PRESENTE,NO,NO,1
25033,95205,95206,2020,0,0,-0.215906,-78.396232,PICHINCHA,QUITO,TUMBACO,RURAL,2020-12-18,14:45:00,14,VIERNES,5,DICIEMBRE,12,NO,CONDUCIR VEHICULO SUPERANDO LOS LIMITES MAXIMOS DE VELOCIDAD.,ESTRELLAMIENTOS,AUTOMOVIL,1,0,0,0,0,0,0,0,0,0,0,0,0,1,75,MUJER,ILESO,PASAJERO,NO,NO,3
25034,95221,95222,2020,1,0,-0.126473,-78.486768,PICHINCHA,QUITO,QUITO,URBANA,2020-12-18,20:15:00,20,VIERNES,5,DICIEMBRE,12,NO,NO CEDER EL DERECHO DE VIA O PREFERENCIA DE PASO AL PEATON.,ATROPELLOS,MOTOCICLETA,0,0,0,0,0,0,0,0,1,0,0,0,0,1,85,HOMBRE,LESIONADO,PEATON,NO,NO,1
25035,95223,95224,2020,1,0,-0.258152,-78.521911,PICHINCHA,QUITO,QUITO,URBANA,2020-12-18,20:20:00,20,VIERNES,5,DICIEMBRE,12,NO,NO GUARDAR LA DISTANCIA LATERAL MINIMA DE SEGURIDAD ENTRE VEHICULOS.,CHOQUE LATERAL,MOTOCICLETA,0,0,0,0,0,0,0,0,1,1,0,0,0,2,38,MUJER,LESIONADO,CONDUCTOR PRESENTE,NO,NO,1
25036,95228,95229,2020,0,0,-0.212824,-78.402686,PICHINCHA,QUITO,TUMBACO,RURAL,2020-12-18,22:40:00,22,VIERNES,5,DICIEMBRE,12,NO,"ADELANTAR O REBASAR A OTRO VEHICULO EN MOVIMIENTO EN ZONAS O SITIOS PELIGROSOS TALES COMO: CURVAS, PUENTES, TUNELES, PENDIENTES, ETC.",OTROS,AUTOMOVIL,2,0,0,0,0,0,0,0,0,0,0,0,0,2,29,MUJER,ILESO,CONDUCTOR PRESENTE,NO,NO,3
25037,95229,95230,2020,1,0,-0.250648,-78.537133,PICHINCHA,QUITO,QUITO,URBANA,2020-12-18,22:42:00,22,VIERNES,5,DICIEMBRE,12,NO,NO MANTENER LA DISTANCIA PRUDENCIAL CON RESPECTO AL VEHICULO QUE LE ANTECEDE.,CHOQUE POSTERIOR,BICICLETA,0,1,0,0,0,0,0,0,0,1,0,0,0,2,21,HOMBRE,LESIONADO,CONDUCTOR PRESENTE,NO,NO,1
25038,95236,95237,2020,1,2,-0.141096,-78.500985,PICHINCHA,QUITO,QUITO,URBANA,2020-12-19,00:50:00,0,SABADO,6,DICIEMBRE,12,NO,"NO RESPETAR LAS SENIALES REGLAMENTARIAS DE TRANSITO. (PARE, CEDA EL PASO, LUZ ROJA DEL SEMAFORO, ETC).",CHOQUE LATERAL,AUTOMOVIL,2,0,0,0,0,0,0,0,0,0,0,0,0,2,19,HOMBRE,FALLECIDO,PASAJERO,NO,NO,1
25039,95239,95240,2020,0,0,-0.100018,-78.471675,PICHINCHA,QUITO,QUITO,URBANA,2020-12-19,01:15:00,1,SABADO,6,DICIEMBRE,12,NO,"CONDUCE BAJO LA INFLUENCIA DE ALCOHOL, SUSTANCIAS ESTUPEFACIENTES O PSICOTROPICAS Y/O MEDICAMENTOS.",CHOQUE POSTERIOR,AUTOMOVIL,2,0,0,0,0,0,0,0,0,0,0,0,0,2,35,HOMBRE,ILESO,CONDUCTOR PRESENTE,NO,NO,1
25040,95246,95247,2020,0,0,-0.236129,-78.526758,PICHINCHA,QUITO,QUITO,URBANA,2020-12-19,03:25:00,3,SABADO,6,DICIEMBRE,12,NO,"CONDUCE BAJO LA INFLUENCIA DE ALCOHOL, SUSTANCIAS ESTUPEFACIENTES O PSICOTROPICAS Y/O MEDICAMENTOS.",CHOQUE LATERAL,AUTOMOVIL,2,0,0,0,0,0,0,0,0,0,0,0,0,2,24,HOMBRE,ILESO,CONDUCTOR PRESENTE,NO,NO,1
25041,95248,95249,2020,0,0,-0.210584,-78.494071,PICHINCHA,QUITO,QUITO,URBANA,2020-12-19,04:30:00,4,SABADO,6,DICIEMBRE,12,NO,CONDUCIR VEHICULO SUPERANDO LOS LIMITES MAXIMOS DE VELOCIDAD.,ESTRELLAMIENTOS,AUTOMOVIL,1,0,0,0,0,0,0,0,0,0,0,0,0,1,-1,NO IDENTIFICADO,NO IDENTIFICADO,CONDUCTOR AUSENTE,NO,NO,2
25042,95249,95250,2020,0,0,-0.148855,-78.443767,PICHINCHA,QUITO,ZAMBIZA,RURAL,2020-12-19,04:45:00,4,SABADO,6,DICIEMBRE,12,NO,"FALLA MECANICA EN LOS SISTEMAS Y/O NEUMATICOS (SISTEMA DE FRENOS, DIRECCION, ELECTRONICO O MECANICO).",ESTRELLAMIENTOS,AUTOMOVIL,1,0,0,0,0,0,0,0,0,0,0,0,0,1,48,MUJER,ILESO,CONDUCTOR PRESENTE,NO,NO,3
25043,95259,95260,2020,0,0,-0.154457,-78.476966,PICHINCHA,QUITO,QUITO,URBANA,2020-12-19,06:50:00,6,SABADO,6,DICIEMBRE,12,NO,"CONDUCE BAJO LA INFLUENCIA DE ALCOHOL, SUSTANCIAS ESTUPEFACIENTES O PSICOTROPICAS Y/O MEDICAMENTOS.",CHOQUE POSTERIOR,BUS,1,0,1,0,0,0,0,0,0,0,0,0,0,2,44,HOMBRE,ILESO,CONDUCTOR PRESENTE,NO,NO,1
25044,95262,95263,2020,0,0,-0.174663,-78.485436,PICHINCHA,QUITO,QUITO,URBANA,2020-12-19,07:20:00,7,SABADO,6,DICIEMBRE,12,NO,"NO RESPETAR LAS SENIALES REGLAMENTARIAS DE TRANSITO. (PARE, CEDA EL PASO, LUZ ROJA DEL SEMAFORO, ETC).",ESTRELLAMIENTOS,AUTOMOVIL,1,0,0,0,0,0,0,0,0,0,0,0,0,1,42,HOMBRE,ILESO,CONDUCTOR PRESENTE,NO,NO,1
25045,95272,95273,2020,0,0,-0.201881,-78.491098,PICHINCHA,QUITO,QUITO,URBANA,2020-12-19,11:20:00,11,SABADO,6,DICIEMBRE,12,NO,CONDUCIR VEHICULO SUPERANDO LOS LIMITES MAXIMOS DE VELOCIDAD.,ESTRELLAMIENTOS,AUTOMOVIL,1,0,0,0,0,0,0,0,0,0,0,0,0,1,32,HOMBRE,ILESO,CONDUCTOR PRESENTE,NO,NO,1
25046,95274,95275,2020,0,0,-0.135711,-78.482262,PICHINCHA,QUITO,QUITO,URBANA,2020-12-19,12:40:00,12,SABADO,6,DICIEMBRE,12,NO,NO CEDER EL DERECHO DE VIA O PREFERENCIA DE PASO A VEHICULOS.,CHOQUE LATERAL,AUTOMOVIL,1,0,0,0,1,0,0,0,0,0,0,0,0,2,75,HOMBRE,ILESO,CONDUCTOR PRESENTE,NO,NO,1
25047,95275,95276,2020,0,0,-0.196669,-78.466599,PICHINCHA,QUITO,QUITO,RURAL,2020-12-19,12:44:00,12,SABADO,6,DICIEMBRE,12,NO,"FALLA MECANICA EN LOS SISTEMAS Y/O NEUMATICOS (SISTEMA DE FRENOS, DIRECCION, ELECTRONICO O MECANICO).",ESTRELLAMIENTOS,FURGONETA,0,0,0,0,0,0,0,1,0,0,0,0,0,1,28,HOMBRE,ILESO,CONDUCTOR PRESENTE,NO,NO,3
25048,95278,95279,2020,0,0,-0.175066,-78.488276,PICHINCHA,QUITO,QUITO,URBANA,2020-12-19,13:26:00,13,SABADO,6,DICIEMBRE,12,NO,"CONDUCE BAJO LA INFLUENCIA DE ALCOHOL, SUSTANCIAS ESTUPEFACIENTES O PSICOTROPICAS Y/O MEDICAMENTOS.",CHOQUE POSTERIOR,AUTOMOVIL,2,0,0,0,0,0,0,0,0,0,0,0,0,2,45,HOMBRE,ILESO,CONDUCTOR PRESENTE,NO,NO,1
25049,95281,95282,2020,1,0,-0.263462,-78.487983,PICHINCHA,QUITO,CONOCOTO,URBANA,2020-12-19,13:50:00,13,SABADO,6,DICIEMBRE,12,NO,"CONDUCIR DESATENTO A LAS CONDICIONES DE TRANSITO (CELULAR, PANTALLAS DE VIDEO, COMIDA, MAQUILLAJE O CUALQUIER OTRO ELEMENTO DISTRACTOR).",ATROPELLOS,NO IDENTIFICADO,0,0,0,0,0,0,0,0,0,1,0,0,0,1,18,HOMBRE,LESIONADO,PEATON,NO,NO,1
25050,95282,95283,2020,1,0,-0.237228,-78.515797,PICHINCHA,QUITO,QUITO,URBANA,2020-12-19,13:55:00,13,SABADO,6,DICIEMBRE,12,NO,NO CEDER EL DERECHO DE VIA O PREFERENCIA DE PASO A VEHICULOS.,CHOQUE LATERAL,BICICLETA,1,1,0,0,0,0,0,0,0,0,0,0,0,2,36,HOMBRE,LESIONADO,CONDUCTOR PRESENTE,NO,NO,1
25051,95297,95298,2020,2,0,-0.103576,-78.490194,PICHINCHA,QUITO,QUITO,URBANA,2020-12-19,17:40:00,17,SABADO,6,DICIEMBRE,12,NO,"CONDUCE BAJO LA INFLUENCIA DE ALCOHOL, SUSTANCIAS ESTUPEFACIENTES O PSICOTROPICAS Y/O MEDICAMENTOS.",CHOQUE LATERAL,AUTOMOVIL,1,0,0,0,0,0,0,0,1,0,0,0,0,2,49,HOMBRE,LESIONADO,CONDUCTOR PRESENTE,NO,NO,1
25052,95310,95311,2020,0,0,-0.267511,-78.548561,PICHINCHA,QUITO,QUITO,URBANA,2020-12-19,19:55:00,19,SABADO,6,DICIEMBRE,12,NO,"CONDUCE BAJO LA INFLUENCIA DE ALCOHOL, SUSTANCIAS ESTUPEFACIENTES O PSICOTROPICAS Y/O MEDICAMENTOS.",ESTRELLAMIENTOS,CAMIONETA,1,0,0,0,1,0,0,0,0,0,0,0,0,2,26,HOMBRE,ILESO,CONDUCTOR PRESENTE,NO,NO,1
25053,95322,95323,2020,3,1,-0.355057,-78.549323,PICHINCHA,QUITO,QUITO,URBANA,2020-12-19,21:50:00,21,SABADO,6,DICIEMBRE,12,NO,"CONDUCIR EN ESTADO DE SOMNOLENCIA O MALAS CONDICIONES FISICAS (SUENIO, CANSANCIO Y FATIGA).",ESTRELLAMIENTOS,AUTOMOVIL,1,0,0,0,0,0,0,0,0,0,0,0,0,1,22,HOMBRE,FALLECIDO,CONDUCTOR PRESENTE,NO,NO,1
25054,95324,95325,2020,0,0,-0.188521,-78.448241,PICHINCHA,QUITO,NAYON,RURAL,2020-12-19,22:05:00,22,SABADO,6,DICIEMBRE,12,NO,"CONDUCE BAJO LA INFLUENCIA DE ALCOHOL, SUSTANCIAS ESTUPEFACIENTES O PSICOTROPICAS Y/O MEDICAMENTOS.",CHOQUE LATERAL,AUTOMOVIL,1,0,0,1,0,0,0,0,0,0,0,0,0,2,20,MUJER,ILESO,CONDUCTOR PRESENTE,NO,NO,3
25055,95329,95330,2020,0,0,-0.126572,-78.495448,PICHINCHA,QUITO,QUITO,URBANA,2020-12-19,23:30:00,23,SABADO,6,DICIEMBRE,12,NO,"CONDUCE BAJO LA INFLUENCIA DE ALCOHOL, SUSTANCIAS ESTUPEFACIENTES O PSICOTROPICAS Y/O MEDICAMENTOS.",CHOQUE FRONTAL,AUTOMOVIL,2,0,0,0,0,0,0,0,0,0,0,0,0,2,40,HOMBRE,ILESO,CONDUCTOR PRESENTE,NO,NO,1
25056,95334,95335,2020,0,0,-0.123011,-78.493947,PICHINCHA,QUITO,QUITO,URBANA,2020-12-20,00:40:00,0,DOMINGO,7,DICIEMBRE,12,NO,"CONDICIONES AMBIENTALES Y/O ATMOSFERICAS (NIEBLA, NEBLINA, GRANIZO, LLUVIA).",ESTRELLAMIENTOS,AUTOMOVIL,1,0,0,0,0,0,0,0,0,0,0,0,0,1,-1,NO IDENTIFICADO,NO IDENTIFICADO,CONDUCTOR AUSENTE,NO,NO,2
25057,95341,95342,2020,0,0,-0.197826,-78.466466,PICHINCHA,QUITO,QUITO,RURAL,2020-12-20,01:45:00,1,DOMINGO,7,DICIEMBRE,12,NO,"CONDICIONES AMBIENTALES Y/O ATMOSFERICAS (NIEBLA, NEBLINA, GRANIZO, LLUVIA).",ESTRELLAMIENTOS,AUTOMOVIL,1,0,0,0,0,0,0,0,0,0,0,0,0,1,-1,NO IDENTIFICADO,NO IDENTIFICADO,CONDUCTOR AUSENTE,NO,NO,2
25058,95353,95354,2020,0,0,-0.315496,-78.553448,PICHINCHA,QUITO,QUITO,URBANA,2020-12-20,03:20:00,3,DOMINGO,7,DICIEMBRE,12,NO,CONDUCIR VEHICULO SUPERANDO LOS LIMITES MAXIMOS DE VELOCIDAD.,ESTRELLAMIENTOS,AUTOMOVIL,1,0,0,0,0,0,0,0,0,0,0,0,0,1,-1,NO IDENTIFICADO,NO IDENTIFICADO,CONDUCTOR AUSENTE,NO,NO,2
25059,95359,95360,2020,1,2,-0.211007,-78.452323,PICHINCHA,QUITO,CUMBAYA,RURAL,2020-12-20,04:34:00,4,DOMINGO,7,DICIEMBRE,12,NO,CONDUCIR VEHICULO SUPERANDO LOS LIMITES MAXIMOS DE VELOCIDAD.,ESTRELLAMIENTOS,AUTOMOVIL,1,0,0,0,0,0,0,0,0,0,0,0,0,1,49,MUJER,FALLECIDO,PASAJERO,NO,NO,3
25060,95360,95361,2020,3,0,0.022921,-78.617459,PICHINCHA,QUITO,NONO,RURAL,2020-12-20,05:45:00,5,DOMINGO,7,DICIEMBRE,12,NO,CONDUCIR EN SENTIDO CONTRARIO A LA VIA NORMAL DE CIRCULACION.,CHOQUE FRONTAL,CAMION,0,0,0,1,1,0,0,0,0,0,0,0,0,2,11,HOMBRE,LESIONADO,PASAJERO,NO,SI,3
25061,95366,95367,2020,2,0,-0.192209,-78.451781,PICHINCHA,QUITO,NAYON,RURAL,2020-12-20,06:28:00,6,DOMINGO,7,DICIEMBRE,12,NO,"CONDUCE BAJO LA INFLUENCIA DE ALCOHOL, SUSTANCIAS ESTUPEFACIENTES O PSICOTROPICAS Y/O MEDICAMENTOS.",CHOQUE FRONTAL,AUTOMOVIL,2,0,0,0,0,0,0,0,0,0,0,0,0,2,26,MUJER,LESIONADO,PASAJERO,NO,NO,3
25062,95372,95373,2020,3,0,-0.005305,-78.440133,PICHINCHA,QUITO,SAN ANTONIO (QUITO),RURAL,2020-12-20,10:00:00,10,DOMINGO,7,DICIEMBRE,12,NO,"CONDUCE BAJO LA INFLUENCIA DE ALCOHOL, SUSTANCIAS ESTUPEFACIENTES O PSICOTROPICAS Y/O MEDICAMENTOS.",CHOQUE FRONTAL,CAMIONETA,0,0,0,0,1,0,0,0,1,0,0,0,0,2,3,MUJER,LESIONADO,PASAJERO,NO,NO,3
25063,95373,95374,2020,0,0,-0.236129,-78.526758,PICHINCHA,QUITO,QUITO,URBANA,2020-12-20,10:38:00,10,DOMINGO,7,DICIEMBRE,12,NO,"CONDUCE BAJO LA INFLUENCIA DE ALCOHOL, SUSTANCIAS ESTUPEFACIENTES O PSICOTROPICAS Y/O MEDICAMENTOS.",COLISION,CAMIONETA,2,0,0,0,1,0,0,0,0,0,0,0,0,3,28,HOMBRE,ILESO,CONDUCTOR PRESENTE,NO,NO,1
25064,95376,95377,2020,0,0,-0.209731,-78.366685,PICHINCHA,QUITO,PUEMBO,RURAL,2020-12-20,11:00:00,11,DOMINGO,7,DICIEMBRE,12,NO,"CONDUCE BAJO LA INFLUENCIA DE ALCOHOL, SUSTANCIAS ESTUPEFACIENTES O PSICOTROPICAS Y/O MEDICAMENTOS.",ESTRELLAMIENTOS,AUTOMOVIL,1,0,0,0,0,0,0,0,0,0,0,0,0,1,24,MUJER,ILESO,CONDUCTOR PRESENTE,NO,NO,3
25065,95377,95378,2020,1,0,-0.282334,-78.554148,PICHINCHA,QUITO,QUITO,URBANA,2020-12-20,11:00:00,11,DOMINGO,7,DICIEMBRE,12,NO,CONDUCIR VEHICULO SUPERANDO LOS LIMITES MAXIMOS DE VELOCIDAD.,PERDIDA DE CARRIL,MOTOCICLETA,0,0,0,0,0,0,0,0,1,0,0,0,0,1,36,HOMBRE,LESIONADO,CONDUCTOR PRESENTE,NO,NO,1
25066,95378,95379,2020,0,0,-0.240588,-78.535637,PICHINCHA,QUITO,QUITO,URBANA,2020-12-20,11:30:00,11,DOMINGO,7,DICIEMBRE,12,NO,NO GUARDAR LA DISTANCIA LATERAL MINIMA DE SEGURIDAD ENTRE VEHICULOS.,CHOQUE LATERAL,BICICLETA,1,1,0,0,0,0,0,0,0,0,0,0,0,2,30,HOMBRE,ILESO,CONDUCTOR PRESENTE,NO,NO,1
25067,95382,95383,2020,1,0,-0.273825,-78.510216,PICHINCHA,QUITO,QUITO,URBANA,2020-12-20,13:30:00,13,DOMINGO,7,DICIEMBRE,12,NO,NO TRANSITAR POR LAS ACERAS O ZONAS DE SEGURIDAD DESTINADAS PARA EL EFECTO.,ATROPELLOS,CAMIONETA,0,0,0,0,1,0,0,0,0,0,0,0,0,1,49,HOMBRE,LESIONADO,PEATON,NO,NO,1
25068,95383,95384,2020,1,0,-0.019704,-78.452482,PICHINCHA,QUITO,SAN ANTONIO (QUITO),RURAL,2020-12-20,14:00:00,14,DOMINGO,7,DICIEMBRE,12,NO,"NO RESPETAR LAS SENIALES REGLAMENTARIAS DE TRANSITO. (PARE, CEDA EL PASO, LUZ ROJA DEL SEMAFORO, ETC).",COLISION,CAMION,1,0,0,1,1,0,0,0,0,0,0,0,0,3,30,HOMBRE,LESIONADO,PASAJERO,NO,SI,3
25069,95389,95390,2020,2,0,0.022031,-78.614959,PICHINCHA,QUITO,NONO,RURAL,2020-12-20,15:40:00,15,DOMINGO,7,DICIEMBRE,12,NO,"CONDUCIR DESATENTO A LAS CONDICIONES DE TRANSITO (CELULAR, PANTALLAS DE VIDEO, COMIDA, MAQUILLAJE O CUALQUIER OTRO ELEMENTO DISTRACTOR).",CHOQUE LATERAL,CAMION,0,0,0,1,0,0,0,0,0,0,0,0,1,2,72,HOMBRE,LESIONADO,CONDUCTOR PRESENTE,NO,SI,3
25070,95400,95401,2020,0,0,-0.188478,-78.447371,PICHINCHA,QUITO,NAYON,RURAL,2020-12-20,19:10:00,19,DOMINGO,7,DICIEMBRE,12,NO,NO CEDER EL DERECHO DE VIA O PREFERENCIA DE PASO A VEHICULOS.,CHOQUE LATERAL,AUTOMOVIL,2,0,0,0,0,0,0,0,0,0,0,0,0,2,52,HOMBRE,ILESO,CONDUCTOR PRESENTE,NO,NO,3
25071,95407,95408,2020,0,0,-0.222109,-78.400137,PICHINCHA,QUITO,TUMBACO,RURAL,2020-12-20,20:18:00,20,DOMINGO,7,DICIEMBRE,12,NO,CONDUCIR VEHICULO SUPERANDO LOS LIMITES MAXIMOS DE VELOCIDAD.,PERDIDA DE CARRIL,AUTOMOVIL,1,0,0,0,0,0,0,0,0,0,0,0,0,1,-1,NO IDENTIFICADO,NO IDENTIFICADO,CONDUCTOR AUSENTE,NO,NO,2
25072,95411,95412,2020,0,0,-0.216605,-78.375113,PICHINCHA,QUITO,TUMBACO,RURAL,2020-12-20,21:15:00,21,DOMINGO,7,DICIEMBRE,12,NO,CONDUCIR VEHICULO SUPERANDO LOS LIMITES MAXIMOS DE VELOCIDAD.,ESTRELLAMIENTOS,AUTOMOVIL,1,0,0,0,0,0,0,0,0,0,0,0,0,1,-1,NO IDENTIFICADO,NO IDENTIFICADO,CONDUCTOR AUSENTE,NO,NO,2
25073,95415,95416,2020,0,0,-0.034745,-78.453748,PICHINCHA,QUITO,POMASQUI,RURAL,2020-12-20,22:25:00,22,DOMINGO,7,DICIEMBRE,12,NO,"CONDUCIR DESATENTO A LAS CONDICIONES DE TRANSITO (CELULAR, PANTALLAS DE VIDEO, COMIDA, MAQUILLAJE O CUALQUIER OTRO ELEMENTO DISTRACTOR).",ESTRELLAMIENTOS,CAMIONETA,0,0,0,0,1,0,0,0,0,0,0,0,0,1,30,HOMBRE,ILESO,CONDUCTOR PRESENTE,NO,SI,3
25074,95417,95418,2020,0,0,-0.128839,-78.513591,PICHINCHA,QUITO,QUITO,URBANA,2020-12-20,23:00:00,23,DOMINGO,7,DICIEMBRE,12,NO,"CONDICIONES AMBIENTALES Y/O ATMOSFERICAS (NIEBLA, NEBLINA, GRANIZO, LLUVIA).",CHOQUE LATERAL,AUTOMOVIL,2,0,0,0,0,0,0,0,0,0,0,0,0,2,36,HOMBRE,ILESO,CONDUCTOR PRESENTE,NO,NO,1
25075,95419,95420,2020,1,0,-0.447751,-78.763036,PICHINCHA,MEJIA,MANUEL CORNEJO ASTORGA,RURAL,2020-12-20,23:30:00,23,DOMINGO,7,DICIEMBRE,12,NO,"CONDUCIR DESATENTO A LAS CONDICIONES DE TRANSITO (CELULAR, PANTALLAS DE VIDEO, COMIDA, MAQUILLAJE O CUALQUIER OTRO ELEMENTO DISTRACTOR).",ESTRELLAMIENTOS,CAMION,0,0,0,2,0,0,0,0,0,0,0,0,0,2,-1,HOMBRE,LESIONADO,CONDUCTOR PRESENTE,NO,NO,3
25076,95428,95429,2020,1,0,-0.087048,-78.400429,PICHINCHA,QUITO,CALDERON (CARAPUNGO),RURAL,2020-12-21,06:00:00,6,LUNES,1,DICIEMBRE,12,NO,CONDUCIR VEHICULO SUPERANDO LOS LIMITES MAXIMOS DE VELOCIDAD.,PERDIDA DE CARRIL,AUTOMOVIL,1,0,0,0,0,0,0,0,0,0,0,0,0,1,18,MUJER,LESIONADO,PASAJERO,NO,SI,3
25077,95430,95431,2020,1,0,-0.080746,-78.466071,PICHINCHA,QUITO,QUITO,URBANA,2020-12-21,08:00:00,8,LUNES,1,DICIEMBRE,12,NO,CONDUCIR VEHICULO SUPERANDO LOS LIMITES MAXIMOS DE VELOCIDAD.,CHOQUE LATERAL,MOTOCICLETA,1,0,0,0,0,0,0,0,1,0,0,0,0,2,25,HOMBRE,LESIONADO,CONDUCTOR PRESENTE,NO,NO,1
25078,95432,95433,2020,0,0,-0.164951,-78.451571,PICHINCHA,QUITO,QUITO,URBANA,2020-12-21,10:55:00,10,LUNES,1,DICIEMBRE,12,NO,CONDUCIR VEHICULO SUPERANDO LOS LIMITES MAXIMOS DE VELOCIDAD.,ESTRELLAMIENTOS,CAMIONETA,0,0,0,0,1,0,0,0,0,0,0,0,0,1,40,HOMBRE,ILESO,CONDUCTOR PRESENTE,NO,NO,1
25079,95433,95434,2020,0,0,-0.330838,-78.432317,PICHINCHA,RUMINIAHUI,SANGOLQUI,URBANA,2020-12-21,11:40:00,11,LUNES,1,DICIEMBRE,12,NO,"CONDUCIR DESATENTO A LAS CONDICIONES DE TRANSITO (CELULAR, PANTALLAS DE VIDEO, COMIDA, MAQUILLAJE O CUALQUIER OTRO ELEMENTO DISTRACTOR).",PERDIDA DE PISTA,CAMION,0,0,0,1,0,0,0,0,0,0,0,0,0,1,40,HOMBRE,ILESO,CONDUCTOR PRESENTE,NO,SI,1
25080,95437,95438,2020,1,0,-0.104959,-78.454504,PICHINCHA,QUITO,CALDERON (CARAPUNGO),RURAL,2020-12-21,12:55:00,12,LUNES,1,DICIEMBRE,12,NO,CONDUCIR VEHICULO SUPERANDO LOS LIMITES MAXIMOS DE VELOCIDAD.,CHOQUE LATERAL,MOTOCICLETA,1,0,0,0,0,0,0,0,1,0,0,0,0,2,39,HOMBRE,LESIONADO,CONDUCTOR PRESENTE,NO,NO,3