,Unnamed: 0,ID,ANIO,LESIONADOS,FALLECIDOS,LATITUD_Y,LONGITUD_X,PROVINCIA,CANTON,PARROQUIA,ZONA,FECHA,HORA,PERIODO_2,DIA_1,DIA_2,MES_1,MES_2,FERIADO,CAUSA_PROBABLE,TIPO_DE_SINIESTRO,TIPO_DE_VEHICULO_1,AUTOMOVIL,BICICLETA,BUS,CAMION,CAMIONETA,EMERGENCIAS,ESPECIAL,FURGONETA,MOTOCICLETA,NO_IDENTIFICADO,SCOOTER_ELECTRICO,TRICIMOTO,VEHICULO_DEPORTIVO_UTILITARIO,SUMA_DE_VEHICULOS,EDAD_1,SEXO_1,CONDICION_1,PARTICIPANTE_1,CASCO_1,CINTURON_1,KMeans_Cluster
25081,95439,95440,2020,0,0,-0.307923,-78.545151,PICHINCHA,QUITO,QUITO,URBANA,2020-12-21,13:30:00,13,LUNES,1,DICIEMBRE,12,NO,"CONDUCE BAJO LA INFLUENCIA DE ALCOHOL, SUSTANCIAS ESTUPEFACIENTES O PSICOTROPICAS Y/O MEDICAMENTOS.",CHOQUE LATERAL,AUTOMOVIL,2,0,0,0,0,0,0,0,0,0,0,0,0,2,23,MUJER,ILESO,PASAJERO,NO,NO,1
25082,95445,95446,2020,1,0,-0.240751,-78.529367,PICHINCHA,QUITO,QUITO,URBANA,2020-12-21,15:05:00,15,LUNES,1,DICIEMBRE,12,NO,NO TRANSITAR POR LAS ACERAS O ZONAS DE SEGURIDAD DESTINADAS PARA EL EFECTO.,ATROPELLOS,CAMIONETA,0,0,0,0,1,0,0,0,0,0,0,0,0,1,6,HOMBRE,LESIONADO,PEATON,NO,NO,1
25083,95451,95452,2020,1,0,-0.282016,-78.582205,PICHINCHA,QUITO,QUITO,URBANA,2020-12-21,17:50:00,17,LUNES,1,DICIEMBRE,12,NO,CONDUCIR VEHICULO SUPERANDO LOS LIMITES MAXIMOS DE VELOCIDAD.,OTROS,BUS,0,0,1,0,0,0,0,0,0,0,0,0,0,1,62,MUJER,LESIONADO,PASAJERO,NO,NO,1
25084,95456,95457,2020,0,0,-0.064334,-78.429354,PICHINCHA,QUITO,CALDERON (CARAPUNGO),RURAL,2020-12-21,18:45:00,18,LUNES,1,DICIEMBRE,12,NO,CONDUCIR VEHICULO SUPERANDO LOS LIMITES MAXIMOS DE VELOCIDAD.,CHOQUE LATERAL,MOTOCICLETA,0,0,0,0,0,0,0,0,2,0,0,0,0,2,21,HOMBRE,ILESO,CONDUCTOR PRESENTE,NO,NO,3
25085,95462,95463,2020,0,0,-0.198801,-78.484404,PICHINCHA,QUITO,QUITO,URBANA,2020-12-21,20:05:00,20,LUNES,1,DICIEMBRE,12,NO,"NO RESPETAR LAS SENIALES REGLAMENTARIAS DE TRANSITO. (PARE, CEDA EL PASO, LUZ ROJA DEL SEMAFORO, ETC).",CHOQUE LATERAL,AUTOMOVIL,2,0,0,0,0,0,0,0,0,0,0,0,0,2,65,HOMBRE,ILESO,CONDUCTOR PRESENTE,NO,NO,1
25086,95476,95477,2020,0,0,-0.301406,-78.566841,PICHINCHA,QUITO,QUITO,URBANA,2020-12-22,04:00:00,4,MARTES,2,DICIEMBRE,12,NO,CONDUCIR VEHICULO SUPERANDO LOS LIMITES MAXIMOS DE VELOCIDAD.,ESTRELLAMIENTOS,AUTOMOVIL,1,0,0,0,0,0,0,0,0,0,0,0,0,1,-1,NO IDENTIFICADO,NO IDENTIFICADO,CONDUCTOR AUSENTE,NO,NO,2
25087,95481,95482,2020,0,0,-0.275824,-78.501786,PICHINCHA,QUITO,CONOCOTO,RURAL,2020-12-22,07:15:00,7,MARTES,2,DICIEMBRE,12,NO,"FALLA MECANICA EN LOS SISTEMAS Y/O NEUMATICOS (SISTEMA DE FRENOS, DIRECCION, ELECTRONICO O MECANICO).",ESTRELLAMIENTOS,BUS,0,0,1,0,0,0,0,0,0,0,0,0,0,1,-1,NO IDENTIFICADO,NO IDENTIFICADO,CONDUCTOR AUSENTE,NO,NO,2
25088,95483,95484,2020,0,0,-0.254012,-78.563753,PICHINCHA,QUITO,QUITO,URBANA,2020-12-22,09:07:00,9,MARTES,2,DICIEMBRE,12,NO,"FALLA MECANICA EN LOS SISTEMAS Y/O NEUMATICOS (SISTEMA DE FRENOS, DIRECCION, ELECTRONICO O MECANICO).",ESTRELLAMIENTOS,BUS,0,0,1,0,0,0,0,0,0,0,0,0,0,1,39,HOMBRE,ILESO,CONDUCTOR PRESENTE,NO,NO,1
25089,95491,95492,2020,0,0,-0.452301,-78.752239,PICHINCHA,MEJIA,MANUEL CORNEJO ASTORGA,RURAL,2020-12-22,13:15:00,13,MARTES,2,DICIEMBRE,12,NO,NO GUARDAR LA DISTANCIA LATERAL MINIMA DE SEGURIDAD ENTRE VEHICULOS.,ROZAMIENTOS,AUTOMOVIL,1,0,0,1,0,0,0,0,0,0,0,0,0,2,47,HOMBRE,ILESO,CONDUCTOR PRESENTE,NO,NO,3
25090,95499,95500,2020,1,0,-0.126471,-78.478019,PICHINCHA,QUITO,QUITO,URBANA,2020-12-22,17:50:00,17,MARTES,2,DICIEMBRE,12,NO,"CONDICIONES AMBIENTALES Y/O ATMOSFERICAS (NIEBLA, NEBLINA, GRANIZO, LLUVIA).",ESTRELLAMIENTOS,NO IDENTIFICADO,0,0,0,0,0,0,0,0,0,2,0,0,0,2,43,HOMBRE,LESIONADO,CONDUCTOR PRESENTE,NO,NO,1
25091,95501,95502,2020,1,0,-0.254408,-78.530496,PICHINCHA,QUITO,QUITO,URBANA,2020-12-22,18:45:00,18,MARTES,2,DICIEMBRE,12,NO,"NO RESPETAR LAS SENIALES REGLAMENTARIAS DE TRANSITO. (PARE, CEDA EL PASO, LUZ ROJA DEL SEMAFORO, ETC).",CHOQUE LATERAL,MOTOCICLETA,1,0,0,0,0,0,0,0,1,0,0,0,0,2,19,HOMBRE,LESIONADO,CONDUCTOR PRESENTE,NO,NO,1
25092,95507,95508,2020,1,0,-0.092049,-78.470931,PICHINCHA,QUITO,QUITO,URBANA,2020-12-22,19:50:00,19,MARTES,2,DICIEMBRE,12,NO,NO TRANSITAR POR LAS ACERAS O ZONAS DE SEGURIDAD DESTINADAS PARA EL EFECTO.,ATROPELLOS,MOTOCICLETA,0,0,0,0,0,0,0,0,1,0,0,0,0,1,33,MUJER,LESIONADO,PEATON,NO,NO,1
25093,95508,95509,2020,1,0,-0.176334,-78.483808,PICHINCHA,QUITO,QUITO,URBANA,2020-12-22,20:05:00,20,MARTES,2,DICIEMBRE,12,NO,NO TRANSITAR POR LAS ACERAS O ZONAS DE SEGURIDAD DESTINADAS PARA EL EFECTO.,ATROPELLOS,MOTOCICLETA,0,0,0,0,0,0,0,0,1,0,0,0,0,1,68,MUJER,LESIONADO,PEATON,NO,NO,1
25094,95509,95510,2020,0,0,-0.344807,-78.455808,PICHINCHA,RUMINIAHUI,SANGOLQUI,URBANA,2020-12-22,20:05:00,20,MARTES,2,DICIEMBRE,12,NO,"CONDUCIR DESATENTO A LAS CONDICIONES DE TRANSITO (CELULAR, PANTALLAS DE VIDEO, COMIDA, MAQUILLAJE O CUALQUIER OTRO ELEMENTO DISTRACTOR).",COLISION,AUTOMOVIL,2,0,0,0,0,0,0,0,0,0,0,0,1,3,31,HOMBRE,ILESO,CONDUCTOR PRESENTE,NO,SI,1
25095,95512,95513,2020,0,0,-0.128839,-78.513591,PICHINCHA,QUITO,QUITO,URBANA,2020-12-22,20:50:00,20,MARTES,2,DICIEMBRE,12,NO,"CONDUCE BAJO LA INFLUENCIA DE ALCOHOL, SUSTANCIAS ESTUPEFACIENTES O PSICOTROPICAS Y/O MEDICAMENTOS.",COLISION,CAMIONETA,1,0,0,0,1,0,0,0,1,0,0,0,0,3,39,HOMBRE,ILESO,CONDUCTOR PRESENTE,NO,NO,1
25096,95517,95518,2020,1,0,-0.256772,-78.542845,PICHINCHA,QUITO,QUITO,URBANA,2020-12-22,22:37:00,22,MARTES,2,DICIEMBRE,12,NO,CONDUCIR VEHICULO SUPERANDO LOS LIMITES MAXIMOS DE VELOCIDAD.,PERDIDA DE CARRIL,MOTOCICLETA,0,0,0,0,0,0,0,0,1,0,0,0,0,1,30,HOMBRE,LESIONADO,PASAJERO,NO,NO,1
25097,95537,95538,2020,0,0,-0.297608,-78.550436,PICHINCHA,QUITO,QUITO,URBANA,2020-12-23,10:45:00,10,MIERCOLES,3,DICIEMBRE,12,NO,NO CEDER EL DERECHO DE VIA O PREFERENCIA DE PASO A VEHICULOS.,CHOQUE LATERAL,AUTOMOVIL,1,0,0,0,0,0,0,0,0,1,0,0,0,2,37,HOMBRE,ILESO,CONDUCTOR PRESENTE,NO,NO,1
25098,95540,95541,2020,1,1,-0.292501,-78.564449,PICHINCHA,QUITO,QUITO,URBANA,2020-12-23,12:15:00,12,MIERCOLES,3,DICIEMBRE,12,NO,"NO RESPETAR LAS SENIALES REGLAMENTARIAS DE TRANSITO. (PARE, CEDA EL PASO, LUZ ROJA DEL SEMAFORO, ETC).",CHOQUE LATERAL,AUTOMOVIL,1,0,0,1,0,0,0,0,0,0,0,0,0,2,25,MUJER,FALLECIDO,PASAJERO,NO,NO,1
25099,95543,95544,2020,0,1,0.041663,-78.147402,PICHINCHA,CAYAMBE,CAYAMBE,URBANA,2020-12-23,13:20:00,13,MIERCOLES,3,DICIEMBRE,12,NO,"CONDUCIR DESATENTO A LAS CONDICIONES DE TRANSITO (CELULAR, PANTALLAS DE VIDEO, COMIDA, MAQUILLAJE O CUALQUIER OTRO ELEMENTO DISTRACTOR).",CHOQUE LATERAL,MOTOCICLETA,0,0,0,0,0,0,0,0,1,0,0,0,1,2,25,HOMBRE,FALLECIDO,CONDUCTOR PRESENTE,NO,NO,1
25100,95547,95548,2020,1,0,-0.309724,-78.444242,PICHINCHA,RUMINIAHUI,SANGOLQUI,URBANA,2020-12-23,15:50:00,15,MIERCOLES,3,DICIEMBRE,12,NO,"CONDUCIR DESATENTO A LAS CONDICIONES DE TRANSITO (CELULAR, PANTALLAS DE VIDEO, COMIDA, MAQUILLAJE O CUALQUIER OTRO ELEMENTO DISTRACTOR).",CHOQUE POSTERIOR,MOTOCICLETA,1,0,0,0,0,0,0,0,1,0,0,0,0,2,32,HOMBRE,LESIONADO,CONDUCTOR PRESENTE,NO,SI,1
25101,95551,95552,2020,1,0,-0.296292,-78.455271,PICHINCHA,QUITO,ALANGASI,URBANA,2020-12-23,17:30:00,17,MIERCOLES,3,DICIEMBRE,12,NO,"CONDUCIR DESATENTO A LAS CONDICIONES DE TRANSITO (CELULAR, PANTALLAS DE VIDEO, COMIDA, MAQUILLAJE O CUALQUIER OTRO ELEMENTO DISTRACTOR).",ATROPELLOS,NO IDENTIFICADO,0,0,0,0,0,0,0,0,0,1,0,0,0,1,51,HOMBRE,LESIONADO,PEATON,NO,NO,1
25102,95552,95553,2020,0,0,-0.203827,-78.502028,PICHINCHA,QUITO,QUITO,URBANA,2020-12-23,17:35:00,17,MIERCOLES,3,DICIEMBRE,12,NO,NO CEDER EL DERECHO DE VIA O PREFERENCIA DE PASO A VEHICULOS.,CHOQUE LATERAL,AUTOMOVIL,2,0,0,0,0,0,0,0,0,0,0,0,0,2,18,HOMBRE,ILESO,CONDUCTOR PRESENTE,NO,NO,1
25103,95553,95554,2020,0,0,-0.252186,-78.512803,PICHINCHA,QUITO,QUITO,URBANA,2020-12-23,17:35:00,17,MIERCOLES,3,DICIEMBRE,12,NO,CONDUCIR VEHICULO SUPERANDO LOS LIMITES MAXIMOS DE VELOCIDAD.,ESTRELLAMIENTOS,AUTOMOVIL,1,0,0,0,0,0,0,0,0,0,0,0,0,1,-1,NO IDENTIFICADO,NO IDENTIFICADO,CONDUCTOR AUSENTE,NO,NO,2
25104,95554,95555,2020,0,0,-0.328479,-78.522294,PICHINCHA,QUITO,QUITO,URBANA,2020-12-23,17:35:00,17,MIERCOLES,3,DICIEMBRE,12,NO,CONDUCIR VEHICULO SUPERANDO LOS LIMITES MAXIMOS DE VELOCIDAD.,COLISION,AUTOMOVIL,2,0,0,0,1,0,0,0,0,0,0,0,0,3,54,HOMBRE,ILESO,CONDUCTOR PRESENTE,NO,NO,1
25105,95560,95561,2020,1,0,-0.263133,-78.545535,PICHINCHA,QUITO,QUITO,URBANA,2020-12-23,19:25:00,19,MIERCOLES,3,DICIEMBRE,12,NO,"CONDUCE BAJO LA INFLUENCIA DE ALCOHOL, SUSTANCIAS ESTUPEFACIENTES O PSICOTROPICAS Y/O MEDICAMENTOS.",CHOQUE FRONTAL,MOTOCICLETA,1,0,0,0,0,0,0,0,1,0,0,0,0,2,36,HOMBRE,LESIONADO,CONDUCTOR PRESENTE,NO,NO,1
25106,95565,95566,2020,0,1,-0.211464,-78.419122,PICHINCHA,QUITO,TUMBACO,RURAL,2020-12-23,20:20:00,20,MIERCOLES,3,DICIEMBRE,12,NO,CONDUCIR VEHICULO SUPERANDO LOS LIMITES MAXIMOS DE VELOCIDAD.,VOLCAMIENTOS,MOTOCICLETA,0,0,0,0,0,0,0,0,1,0,0,0,0,1,35,HOMBRE,FALLECIDO,CONDUCTOR PRESENTE,NO,NO,3
25107,95566,95567,2020,0,0,-0.207793,-78.495398,PICHINCHA,QUITO,QUITO,URBANA,2020-12-23,21:20:00,21,MIERCOLES,3,DICIEMBRE,12,NO,NO CEDER EL DERECHO DE VIA O PREFERENCIA DE PASO A VEHICULOS.,CHOQUE LATERAL,AUTOMOVIL,2,0,0,0,0,0,0,0,0,0,0,0,0,2,40,HOMBRE,ILESO,CONDUCTOR PRESENTE,NO,NO,1
25108,95572,95573,2020,0,0,-0.247813,-78.507398,PICHINCHA,QUITO,QUITO,URBANA,2020-12-23,23:35:00,23,MIERCOLES,3,DICIEMBRE,12,NO,CONDUCIR VEHICULO SUPERANDO LOS LIMITES MAXIMOS DE VELOCIDAD.,PERDIDA DE CARRIL,AUTOMOVIL,1,0,0,0,0,0,0,0,0,0,0,0,0,1,-1,NO IDENTIFICADO,NO IDENTIFICADO,CONDUCTOR AUSENTE,NO,NO,2
25109,95578,95579,2020,3,1,-0.250641,-78.538533,PICHINCHA,QUITO,QUITO,URBANA,2020-12-24,04:00:00,4,JUEVES,4,DICIEMBRE,12,SI,CONDUCIR VEHICULO SUPERANDO LOS LIMITES MAXIMOS DE VELOCIDAD.,ESTRELLAMIENTOS,AUTOMOVIL,1,0,0,0,0,0,0,0,0,0,0,0,0,1,26,HOMBRE,FALLECIDO,CONDUCTOR PRESENTE,NO,NO,1
25110,95580,95581,2020,0,0,-0.197826,-78.466466,PICHINCHA,QUITO,QUITO,URBANA,2020-12-24,06:05:00,6,JUEVES,4,DICIEMBRE,12,SI,"CONDICIONES AMBIENTALES Y/O ATMOSFERICAS (NIEBLA, NEBLINA, GRANIZO, LLUVIA).",ESTRELLAMIENTOS,AUTOMOVIL,1,0,0,0,0,0,0,0,0,0,0,0,0,1,31,HOMBRE,ILESO,CONDUCTOR PRESENTE,NO,NO,1
25111,95583,95584,2020,0,0,-0.164246,-78.322395,PICHINCHA,QUITO,YARUQUI,RURAL,2020-12-24,06:45:03,6,JUEVES,4,DICIEMBRE,12,SI,"CONDUCIR DESATENTO A LAS CONDICIONES DE TRANSITO (CELULAR, PANTALLAS DE VIDEO, COMIDA, MAQUILLAJE O CUALQUIER OTRO ELEMENTO DISTRACTOR).",OTROS,MOTOCICLETA,0,0,0,0,0,0,0,0,1,0,0,0,0,1,23,HOMBRE,ILESO,CONDUCTOR PRESENTE,NO,SI,3
25112,95585,95586,2020,0,0,-0.171095,-78.490623,PICHINCHA,QUITO,QUITO,URBANA,2020-12-24,07:30:00,7,JUEVES,4,DICIEMBRE,12,SI,"NO RESPETAR LAS SENIALES REGLAMENTARIAS DE TRANSITO. (PARE, CEDA EL PASO, LUZ ROJA DEL SEMAFORO, ETC).",CHOQUE LATERAL,AUTOMOVIL,2,0,0,0,0,0,0,0,0,0,0,0,0,2,33,HOMBRE,ILESO,CONDUCTOR PRESENTE,NO,NO,1
25113,95587,95588,2020,1,0,-0.122929,-78.495534,PICHINCHA,QUITO,QUITO,URBANA,2020-12-24,09:10:00,9,JUEVES,4,DICIEMBRE,12,SI,CONDUCIR VEHICULO SUPERANDO LOS LIMITES MAXIMOS DE VELOCIDAD.,PERDIDA DE CARRIL,NO IDENTIFICADO,0,0,0,0,0,0,0,0,0,1,0,0,0,1,66,HOMBRE,LESIONADO,PASAJERO,NO,NO,1
25114,95591,95592,2020,0,0,-0.203857,-78.488945,PICHINCHA,QUITO,QUITO,URBANA,2020-12-24,10:15:00,10,JUEVES,4,DICIEMBRE,12,SI,NO CEDER EL DERECHO DE VIA O PREFERENCIA DE PASO A VEHICULOS.,CHOQUE LATERAL,AUTOMOVIL,2,0,0,0,0,0,0,0,0,0,0,0,0,2,21,HOMBRE,ILESO,CONDUCTOR PRESENTE,NO,NO,1
25115,95602,95603,2020,0,0,-0.259716,-78.524621,PICHINCHA,QUITO,QUITO,URBANA,2020-12-24,13:30:00,13,JUEVES,4,DICIEMBRE,12,SI,NO MANTENER LA DISTANCIA PRUDENCIAL CON RESPECTO AL VEHICULO QUE LE ANTECEDE.,CHOQUE POSTERIOR,BUS,1,0,1,0,0,0,0,0,0,0,0,0,0,2,36,HOMBRE,ILESO,CONDUCTOR PRESENTE,NO,NO,1
25116,95605,95606,2020,0,0,-0.275062,-78.555757,PICHINCHA,QUITO,QUITO,URBANA,2020-12-24,14:30:00,14,JUEVES,4,DICIEMBRE,12,SI,"CONDUCIR DESATENTO A LAS CONDICIONES DE TRANSITO (CELULAR, PANTALLAS DE VIDEO, COMIDA, MAQUILLAJE O CUALQUIER OTRO ELEMENTO DISTRACTOR).",CHOQUE LATERAL,AUTOMOVIL,2,0,0,0,0,0,0,0,0,0,0,0,0,2,70,HOMBRE,ILESO,CONDUCTOR PRESENTE,NO,NO,1
25117,95609,95610,2020,2,0,-0.317898,-78.535609,PICHINCHA,QUITO,QUITO,URBANA,2020-12-24,15:50:00,15,JUEVES,4,DICIEMBRE,12,SI,NO TRANSITAR POR LAS ACERAS O ZONAS DE SEGURIDAD DESTINADAS PARA EL EFECTO.,ATROPELLOS,NO IDENTIFICADO,0,0,0,0,0,0,0,0,0,1,0,0,0,1,20,MUJER,LESIONADO,PEATON,NO,NO,1
25118,95617,95618,2020,1,0,-0.206535,-78.512278,PICHINCHA,QUITO,QUITO,URBANA,2020-12-24,18:40:00,18,JUEVES,4,DICIEMBRE,12,SI,"NO RESPETAR LAS SENIALES REGLAMENTARIAS DE TRANSITO. (PARE, CEDA EL PASO, LUZ ROJA DEL SEMAFORO, ETC).",ROZAMIENTOS,MOTOCICLETA,0,0,0,0,0,0,0,0,1,1,0,0,0,2,42,HOMBRE,LESIONADO,CONDUCTOR PRESENTE,NO,NO,1
25119,95618,95619,2020,1,0,-0.275824,-78.501786,PICHINCHA,QUITO,CONOCOTO,RURAL,2020-12-24,18:40:00,18,JUEVES,4,DICIEMBRE,12,SI,"CONDICIONES AMBIENTALES Y/O ATMOSFERICAS (NIEBLA, NEBLINA, GRANIZO, LLUVIA).",OTROS,MOTOCICLETA,0,0,0,0,0,0,0,0,1,1,0,0,0,2,23,HOMBRE,LESIONADO,CONDUCTOR PRESENTE,NO,NO,3
25120,95629,95630,2020,0,0,-0.175095,-78.488038,PICHINCHA,QUITO,QUITO,URBANA,2020-12-24,19:45:00,19,JUEVES,4,DICIEMBRE,12,SI,CONDUCIR VEHICULO SUPERANDO LOS LIMITES MAXIMOS DE VELOCIDAD.,ESTRELLAMIENTOS,AUTOMOVIL,1,0,0,0,0,0,0,0,0,0,0,0,0,1,32,HOMBRE,ILESO,CONDUCTOR PRESENTE,NO,NO,1
25121,95632,95633,2020,2,0,-0.222086,-78.350968,PICHINCHA,QUITO,PIFO,RURAL,2020-12-24,20:05:00,20,JUEVES,4,DICIEMBRE,12,SI,"CONDUCE BAJO LA INFLUENCIA DE ALCOHOL, SUSTANCIAS ESTUPEFACIENTES O PSICOTROPICAS Y/O MEDICAMENTOS.",COLISION,AUTOMOVIL,4,0,0,0,0,0,0,0,0,0,0,0,0,4,41,MUJER,LESIONADO,PASAJERO,NO,NO,3
25122,95637,95638,2020,1,0,-0.208645,-78.501729,PICHINCHA,QUITO,QUITO,URBANA,2020-12-24,20:40:00,20,JUEVES,4,DICIEMBRE,12,SI,NO TRANSITAR POR LAS ACERAS O ZONAS DE SEGURIDAD DESTINADAS PARA EL EFECTO.,ATROPELLOS,NO IDENTIFICADO,0,0,0,0,0,0,0,0,0,1,0,0,0,1,37,HOMBRE,LESIONADO,PEATON,NO,NO,1
25123,95639,95640,2020,0,0,-0.192226,-78.477376,PICHINCHA,QUITO,QUITO,URBANA,2020-12-24,20:45:00,20,JUEVES,4,DICIEMBRE,12,SI,"ADELANTAR O REBASAR A OTRO VEHICULO EN MOVIMIENTO EN ZONAS O SITIOS PELIGROSOS TALES COMO: CURVAS, PUENTES, TUNELES, PENDIENTES, ETC.",OTROS,AUTOMOVIL,1,0,0,0,0,0,0,0,0,0,0,0,0,1,-1,NO IDENTIFICADO,NO IDENTIFICADO,CONDUCTOR AUSENTE,NO,NO,2
25124,95640,95641,2020,1,0,-0.202135,-78.486432,PICHINCHA,QUITO,QUITO,URBANA,2020-12-24,21:00:00,21,JUEVES,4,DICIEMBRE,12,SI,"CONDUCE BAJO LA INFLUENCIA DE ALCOHOL, SUSTANCIAS ESTUPEFACIENTES O PSICOTROPICAS Y/O MEDICAMENTOS.",CHOQUE LATERAL,MOTOCICLETA,1,0,0,0,0,0,0,0,1,0,0,0,0,2,23,HOMBRE,LESIONADO,CONDUCTOR PRESENTE,NO,NO,1
25125,95643,95644,2020,0,0,-0.247251,-78.534943,PICHINCHA,QUITO,QUITO,URBANA,2020-12-24,21:30:00,21,JUEVES,4,DICIEMBRE,12,SI,"CONDUCE BAJO LA INFLUENCIA DE ALCOHOL, SUSTANCIAS ESTUPEFACIENTES O PSICOTROPICAS Y/O MEDICAMENTOS.",COLISION,AUTOMOVIL,3,0,0,0,0,0,0,0,0,0,0,0,0,3,18,HOMBRE,ILESO,CONDUCTOR PRESENTE,NO,NO,1
25126,95652,95653,2020,0,0,-0.017933,-78.244846,PICHINCHA,CAYAMBE,OTON,RURAL,2020-12-25,02:00:05,2,VIERNES,5,DICIEMBRE,12,SI,"CONDUCIR DESATENTO A LAS CONDICIONES DE TRANSITO (CELULAR, PANTALLAS DE VIDEO, COMIDA, MAQUILLAJE O CUALQUIER OTRO ELEMENTO DISTRACTOR).",CHOQUE POSTERIOR,VEHICULO DEPORTIVO UTILITARIO,0,0,0,0,0,0,0,0,0,0,0,0,1,1,-1,NO IDENTIFICADO,NO IDENTIFICADO,CONDUCTOR AUSENTE,NO,SI,2
25127,95657,95658,2020,0,0,-0.457336,-78.562971,PICHINCHA,MEJIA,MACHACHI,RURAL,2020-12-25,05:55:00,5,VIERNES,5,DICIEMBRE,12,SI,"CONDUCIR DESATENTO A LAS CONDICIONES DE TRANSITO (CELULAR, PANTALLAS DE VIDEO, COMIDA, MAQUILLAJE O CUALQUIER OTRO ELEMENTO DISTRACTOR).",PERDIDA DE CARRIL,VEHICULO DEPORTIVO UTILITARIO,0,0,0,0,0,0,0,0,0,0,0,0,1,1,-1,NO IDENTIFICADO,NO IDENTIFICADO,CONDUCTOR AUSENTE,NO,SI,2
25128,95662,95663,2020,1,0,-0.375496,-78.506023,PICHINCHA,QUITO,AMAGUANIA,RURAL,2020-12-25,07:40:00,7,VIERNES,5,DICIEMBRE,12,SI,"CONDUCIR EN ESTADO DE SOMNOLENCIA O MALAS CONDICIONES FISICAS (SUENIO, CANSANCIO Y FATIGA).",ESTRELLAMIENTOS,AUTOMOVIL,1,0,0,0,0,0,0,0,0,0,0,0,0,1,36,HOMBRE,LESIONADO,PASAJERO,NO,NO,3
25129,95682,95683,2020,1,0,-0.266279,-78.526372,PICHINCHA,QUITO,QUITO,URBANA,2020-12-25,15:15:00,15,VIERNES,5,DICIEMBRE,12,SI,"CONDICIONES AMBIENTALES Y/O ATMOSFERICAS (NIEBLA, NEBLINA, GRANIZO, LLUVIA).",PERDIDA DE CARRIL,MOTOCICLETA,0,0,0,0,0,0,0,0,1,0,0,0,0,1,30,HOMBRE,LESIONADO,CONDUCTOR PRESENTE,NO,NO,1
25130,95683,95684,2020,0,0,-0.277624,-78.531251,PICHINCHA,QUITO,QUITO,URBANA,2020-12-25,15:35:00,15,VIERNES,5,DICIEMBRE,12,SI,NO MANTENER LA DISTANCIA PRUDENCIAL CON RESPECTO AL VEHICULO QUE LE ANTECEDE.,COLISION,AUTOMOVIL,3,0,0,0,0,0,0,0,0,0,0,0,0,3,25,HOMBRE,ILESO,CONDUCTOR PRESENTE,NO,NO,1
25131,95684,95685,2020,0,0,-0.215856,-78.496651,PICHINCHA,QUITO,QUITO,URBANA,2020-12-25,16:05:00,16,VIERNES,5,DICIEMBRE,12,SI,"CONDICIONES AMBIENTALES Y/O ATMOSFERICAS (NIEBLA, NEBLINA, GRANIZO, LLUVIA).",ESTRELLAMIENTOS,BUS,0,0,1,0,0,0,0,0,0,0,0,0,0,1,33,HOMBRE,ILESO,CONDUCTOR PRESENTE,NO,NO,1
25132,95687,95688,2020,1,0,-0.261734,-78.556186,PICHINCHA,QUITO,QUITO,URBANA,2020-12-25,16:21:00,16,VIERNES,5,DICIEMBRE,12,SI,NO TRANSITAR POR LAS ACERAS O ZONAS DE SEGURIDAD DESTINADAS PARA EL EFECTO.,ATROPELLOS,NO IDENTIFICADO,0,0,0,0,0,0,0,0,0,1,0,0,0,1,42,MUJER,LESIONADO,PEATON,NO,NO,1
25133,95694,95695,2020,1,0,-0.256621,-78.550234,PICHINCHA,QUITO,QUITO,URBANA,2020-12-25,18:55:00,18,VIERNES,5,DICIEMBRE,12,SI,NO CEDER EL DERECHO DE VIA O PREFERENCIA DE PASO A VEHICULOS.,CHOQUE LATERAL,MOTOCICLETA,1,0,0,0,0,0,0,0,1,0,0,0,0,2,33,HOMBRE,LESIONADO,CONDUCTOR PRESENTE,NO,NO,1
25134,95704,95705,2020,0,0,-0.089843,-78.390697,PICHINCHA,QUITO,CALDERON (CARAPUNGO),RURAL,2020-12-25,20:20:06,20,VIERNES,5,DICIEMBRE,12,SI,"CONDUCE BAJO LA INFLUENCIA DE ALCOHOL, SUSTANCIAS ESTUPEFACIENTES O PSICOTROPICAS Y/O MEDICAMENTOS.",PERDIDA DE PISTA,VEHICULO DEPORTIVO UTILITARIO,1,0,0,0,0,0,0,0,0,0,0,0,2,3,39,HOMBRE,ILESO,CONDUCTOR PRESENTE,NO,SI,3
25135,95705,95706,2020,0,0,-0.239082,-78.523432,PICHINCHA,QUITO,QUITO,URBANA,2020-12-25,20:45:00,20,VIERNES,5,DICIEMBRE,12,SI,"CONDUCE BAJO LA INFLUENCIA DE ALCOHOL, SUSTANCIAS ESTUPEFACIENTES O PSICOTROPICAS Y/O MEDICAMENTOS.",CHOQUE POSTERIOR,AUTOMOVIL,2,0,0,0,0,0,0,0,0,0,0,0,0,2,36,HOMBRE,ILESO,CONDUCTOR PRESENTE,NO,NO,1
25136,95710,95711,2020,0,0,-0.214925,-78.334078,PICHINCHA,QUITO,PIFO,URBANA,2020-12-25,22:00:00,22,VIERNES,5,DICIEMBRE,12,SI,"CONDUCIR DESATENTO A LAS CONDICIONES DE TRANSITO (CELULAR, PANTALLAS DE VIDEO, COMIDA, MAQUILLAJE O CUALQUIER OTRO ELEMENTO DISTRACTOR).",PERDIDA DE PISTA,AUTOMOVIL,1,0,0,0,0,0,0,0,0,0,0,0,0,1,35,MUJER,ILESO,PASAJERO,NO,NO,1