,Unnamed: 0,ID,ANIO,LESIONADOS,FALLECIDOS,LATITUD_Y,LONGITUD_X,PROVINCIA,CANTON,PARROQUIA,ZONA,FECHA,HORA,PERIODO_2,DIA_1,DIA_2,MES_1,MES_2,FERIADO,CAUSA_PROBABLE,TIPO_DE_SINIESTRO,TIPO_DE_VEHICULO_1,AUTOMOVIL,BICICLETA,BUS,CAMION,CAMIONETA,EMERGENCIAS,ESPECIAL,FURGONETA,MOTOCICLETA,NO_IDENTIFICADO,SCOOTER_ELECTRICO,TRICIMOTO,VEHICULO_DEPORTIVO_UTILITARIO,SUMA_DE_VEHICULOS,EDAD_1,SEXO_1,CONDICION_1,PARTICIPANTE_1,CASCO_1,CINTURON_1,KMeans_Cluster
25137,95717,95718,2020,1,0,-0.278415,-78.481232,PICHINCHA,QUITO,CONOCOTO,URBANA,2020-12-26,01:40:00,1,SABADO,6,DICIEMBRE,12,SI,"CONDUCIR DESATENTO A LAS CONDICIONES DE TRANSITO (CELULAR, PANTALLAS DE VIDEO, COMIDA, MAQUILLAJE O CUALQUIER OTRO ELEMENTO DISTRACTOR).",PERDIDA DE CARRIL,CAMION,0,0,0,1,0,0,0,0,0,0,0,0,0,1,39,HOMBRE,LESIONADO,CONDUCTOR PRESENTE,NO,SI,1
25138,95723,95724,2020,0,1,-0.084324,-78.390521,PICHINCHA,QUITO,CALDERON (CARAPUNGO),RURAL,2020-12-26,08:50:03,8,SABADO,6,DICIEMBRE,12,SI,"CONDICIONES AMBIENTALES Y/O ATMOSFERICAS (NIEBLA, NEBLINA, GRANIZO, LLUVIA).",PERDIDA DE CARRIL,VEHICULO DEPORTIVO UTILITARIO,0,0,0,0,0,0,0,0,0,0,0,0,1,1,33,MUJER,FALLECIDO,PASAJERO,NO,SI,3
25139,95729,95730,2020,0,0,-0.290473,-78.529326,PICHINCHA,QUITO,QUITO,URBANA,2020-12-26,11:40:00,11,SABADO,6,DICIEMBRE,12,SI,"CONDUCE BAJO LA INFLUENCIA DE ALCOHOL, SUSTANCIAS ESTUPEFACIENTES O PSICOTROPICAS Y/O MEDICAMENTOS.",CHOQUE LATERAL,AUTOMOVIL,2,0,0,0,0,0,0,0,0,0,0,0,0,2,39,HOMBRE,ILESO,CONDUCTOR PRESENTE,NO,NO,1
25140,95738,95739,2020,5,0,-0.174358,-78.455028,PICHINCHA,QUITO,QUITO,RURAL,2020-12-26,13:05:00,13,SABADO,6,DICIEMBRE,12,SI,NO CEDER EL DERECHO DE VIA O PREFERENCIA DE PASO A VEHICULOS.,CHOQUE LATERAL,AUTOMOVIL,2,0,0,0,0,0,0,0,0,0,0,0,0,2,23,HOMBRE,LESIONADO,PASAJERO,NO,NO,3
25141,95739,95740,2020,0,0,-0.315044,-78.931043,PICHINCHA,MEJIA,MANUEL CORNEJO ASTORGA,RURAL,2020-12-26,14:05:00,14,SABADO,6,DICIEMBRE,12,SI,CONDUCIR EN SENTIDO CONTRARIO A LA VIA NORMAL DE CIRCULACION.,CHOQUE FRONTAL,VEHICULO DEPORTIVO UTILITARIO,0,0,0,1,0,0,0,0,0,0,0,0,1,2,28,HOMBRE,ILESO,CONDUCTOR PRESENTE,NO,NO,3
25142,95745,95746,2020,0,0,-0.292724,-78.476486,PICHINCHA,QUITO,CONOCOTO,RURAL,2020-12-26,14:45:00,14,SABADO,6,DICIEMBRE,12,SI,"CONDICIONES AMBIENTALES Y/O ATMOSFERICAS (NIEBLA, NEBLINA, GRANIZO, LLUVIA).",ESTRELLAMIENTOS,AUTOMOVIL,1,0,0,0,0,0,0,0,0,0,0,0,0,1,-1,NO IDENTIFICADO,NO IDENTIFICADO,CONDUCTOR AUSENTE,NO,NO,2
25143,95752,95753,2020,1,0,-0.237679,-78.509248,PICHINCHA,QUITO,QUITO,URBANA,2020-12-26,16:15:00,16,SABADO,6,DICIEMBRE,12,SI,"CONDUCE BAJO LA INFLUENCIA DE ALCOHOL, SUSTANCIAS ESTUPEFACIENTES O PSICOTROPICAS Y/O MEDICAMENTOS.",CHOQUE FRONTAL,AUTOMOVIL,2,0,0,0,0,0,0,0,0,0,0,0,0,2,57,MUJER,LESIONADO,PASAJERO,NO,NO,1
25144,95754,95755,2020,0,0,-0.388866,-78.548583,PICHINCHA,MEJIA,CUTUGLAHUA,RURAL,2020-12-26,16:45:00,16,SABADO,6,DICIEMBRE,12,SI,"CONDUCIR DESATENTO A LAS CONDICIONES DE TRANSITO (CELULAR, PANTALLAS DE VIDEO, COMIDA, MAQUILLAJE O CUALQUIER OTRO ELEMENTO DISTRACTOR).",PERDIDA DE CARRIL,AUTOMOVIL,2,0,0,0,0,0,0,0,0,0,0,0,0,2,-1,HOMBRE,ILESO,CONDUCTOR PRESENTE,NO,SI,3
25145,95776,95777,2020,0,0,-0.212824,-78.402686,PICHINCHA,QUITO,TUMBACO,RURAL,2020-12-26,20:45:00,20,SABADO,6,DICIEMBRE,12,SI,CONDUCIR VEHICULO SUPERANDO LOS LIMITES MAXIMOS DE VELOCIDAD.,ESTRELLAMIENTOS,AUTOMOVIL,1,0,0,0,0,0,0,0,0,0,0,0,0,1,-1,NO IDENTIFICADO,NO IDENTIFICADO,CONDUCTOR AUSENTE,NO,NO,2
25146,95779,95780,2020,1,1,-0.344935,-78.455486,PICHINCHA,RUMINIAHUI,SANGOLQUI,URBANA,2020-12-26,21:30:00,21,SABADO,6,DICIEMBRE,12,SI,"CONDUCIR DESATENTO A LAS CONDICIONES DE TRANSITO (CELULAR, PANTALLAS DE VIDEO, COMIDA, MAQUILLAJE O CUALQUIER OTRO ELEMENTO DISTRACTOR).",CHOQUE POSTERIOR,AUTOMOVIL,1,0,0,0,0,0,0,0,0,0,0,0,0,1,32,HOMBRE,FALLECIDO,PASAJERO,NO,NO,1
25147,95782,95783,2020,0,0,-0.390446,-78.519773,PICHINCHA,MEJIA,UYUMBICHO,RURAL,2020-12-26,22:00:00,22,SABADO,6,DICIEMBRE,12,SI,"CONDUCIR DESATENTO A LAS CONDICIONES DE TRANSITO (CELULAR, PANTALLAS DE VIDEO, COMIDA, MAQUILLAJE O CUALQUIER OTRO ELEMENTO DISTRACTOR).",PERDIDA DE CARRIL,VEHICULO DEPORTIVO UTILITARIO,0,0,0,0,0,0,0,0,0,0,0,0,1,1,24,HOMBRE,ILESO,CONDUCTOR PRESENTE,NO,SI,3
25148,95788,95789,2020,0,0,-0.317985,-78.555986,PICHINCHA,QUITO,QUITO,URBANA,2020-12-26,23:15:00,23,SABADO,6,DICIEMBRE,12,SI,"PRESENCIA DE AGENTES EXTERNOS EN LA VIA (AGUA, ACEITE, PIEDRA, LASTRE, ESCOMBROS, MADEROS, ETC.).",ESTRELLAMIENTOS,AUTOMOVIL,1,0,0,0,0,0,0,0,0,0,0,0,0,1,-1,NO IDENTIFICADO,NO IDENTIFICADO,CONDUCTOR AUSENTE,NO,NO,2
25149,95793,95794,2020,0,0,-0.190653,-78.480906,PICHINCHA,QUITO,QUITO,URBANA,2020-12-27,01:00:00,1,DOMINGO,7,DICIEMBRE,12,SI,REALIZAR CAMBIO BRUSCO O INDEBIDO DE CARRIL.,OTROS,AUTOMOVIL,1,0,0,0,0,0,0,0,0,0,0,0,0,1,-1,NO IDENTIFICADO,NO IDENTIFICADO,CONDUCTOR AUSENTE,NO,NO,2
25150,95800,95801,2020,0,0,-0.255497,-78.541508,PICHINCHA,QUITO,QUITO,URBANA,2020-12-27,03:10:00,3,DOMINGO,7,DICIEMBRE,12,SI,CONDUCIR VEHICULO SUPERANDO LOS LIMITES MAXIMOS DE VELOCIDAD.,ESTRELLAMIENTOS,AUTOMOVIL,1,0,0,0,0,0,0,0,0,0,0,0,0,1,33,HOMBRE,ILESO,CONDUCTOR PRESENTE,NO,NO,1
25151,95801,95802,2020,0,0,-0.328936,-78.524103,PICHINCHA,QUITO,QUITO,URBANA,2020-12-27,04:30:00,4,DOMINGO,7,DICIEMBRE,12,SI,"PRESENCIA DE AGENTES EXTERNOS EN LA VIA (AGUA, ACEITE, PIEDRA, LASTRE, ESCOMBROS, MADEROS, ETC.).",ESTRELLAMIENTOS,AUTOMOVIL,1,0,0,0,0,0,0,0,0,0,0,0,0,1,35,HOMBRE,ILESO,CONDUCTOR PRESENTE,NO,NO,1
25152,95804,95805,2020,0,0,-0.128693,-78.471214,PICHINCHA,QUITO,QUITO,URBANA,2020-12-27,06:45:00,6,DOMINGO,7,DICIEMBRE,12,SI,"CONDUCE BAJO LA INFLUENCIA DE ALCOHOL, SUSTANCIAS ESTUPEFACIENTES O PSICOTROPICAS Y/O MEDICAMENTOS.",CHOQUE LATERAL,AUTOMOVIL,2,0,0,0,0,0,0,0,0,0,0,0,0,2,36,HOMBRE,ILESO,CONDUCTOR PRESENTE,NO,NO,1
25153,95810,95811,2020,0,0,-0.253499,-78.495875,PICHINCHA,QUITO,QUITO,URBANA,2020-12-27,08:15:00,8,DOMINGO,7,DICIEMBRE,12,SI,"NO RESPETAR LAS SENIALES REGLAMENTARIAS DE TRANSITO. (PARE, CEDA EL PASO, LUZ ROJA DEL SEMAFORO, ETC).",CHOQUE LATERAL,FURGONETA,1,0,0,0,0,0,0,1,0,0,0,0,0,2,48,MUJER,ILESO,PASAJERO,NO,NO,1
25154,95816,95817,2020,0,0,-0.220862,-78.520659,PICHINCHA,QUITO,QUITO,URBANA,2020-12-27,11:50:00,11,DOMINGO,7,DICIEMBRE,12,SI,"FALLA MECANICA EN LOS SISTEMAS Y/O NEUMATICOS (SISTEMA DE FRENOS, DIRECCION, ELECTRONICO O MECANICO).",CHOQUE LATERAL,AUTOMOVIL,2,0,0,0,0,0,0,0,0,0,0,0,0,2,25,HOMBRE,ILESO,CONDUCTOR PRESENTE,NO,NO,1
25155,95824,95825,2020,0,0,-0.284656,-78.581764,PICHINCHA,QUITO,QUITO,URBANA,2020-12-27,16:50:00,16,DOMINGO,7,DICIEMBRE,12,SI,CONDUCIR VEHICULO SUPERANDO LOS LIMITES MAXIMOS DE VELOCIDAD.,ESTRELLAMIENTOS,NO IDENTIFICADO,0,0,0,0,0,0,0,0,0,1,0,0,0,1,-1,NO IDENTIFICADO,NO IDENTIFICADO,CONDUCTOR AUSENTE,NO,NO,2
25156,95831,95832,2020,0,0,-0.155417,-78.477041,PICHINCHA,QUITO,QUITO,URBANA,2020-12-27,21:30:00,21,DOMINGO,7,DICIEMBRE,12,SI,CONDUCIR VEHICULO SUPERANDO LOS LIMITES MAXIMOS DE VELOCIDAD.,ESTRELLAMIENTOS,AUTOMOVIL,1,0,0,0,0,0,0,0,0,0,0,0,0,1,-1,NO IDENTIFICADO,NO IDENTIFICADO,CONDUCTOR AUSENTE,NO,NO,2
25157,95835,95836,2020,0,0,-0.232881,-78.524489,PICHINCHA,QUITO,QUITO,URBANA,2020-12-27,22:10:00,22,DOMINGO,7,DICIEMBRE,12,SI,"NO RESPETAR LAS SENIALES REGLAMENTARIAS DE TRANSITO. (PARE, CEDA EL PASO, LUZ ROJA DEL SEMAFORO, ETC).",CHOQUE LATERAL,AUTOMOVIL,2,0,0,0,0,0,0,0,0,0,0,0,0,2,8,HOMBRE,ILESO,PASAJERO,NO,NO,1
25158,95840,95841,2020,1,0,-0.261347,-78.547099,PICHINCHA,QUITO,QUITO,URBANA,2020-12-28,06:15:00,6,LUNES,1,DICIEMBRE,12,NO,"CONDICIONES AMBIENTALES Y/O ATMOSFERICAS (NIEBLA, NEBLINA, GRANIZO, LLUVIA).",ATROPELLOS,MOTOCICLETA,0,0,0,0,0,0,0,0,1,0,0,0,0,1,86,HOMBRE,LESIONADO,PEATON,NO,NO,1
25159,95843,95844,2020,5,0,-0.381527,-78.822555,PICHINCHA,MEJIA,MANUEL CORNEJO ASTORGA,RURAL,2020-12-28,07:25:00,7,LUNES,1,DICIEMBRE,12,NO,"CONDUCIR DESATENTO A LAS CONDICIONES DE TRANSITO (CELULAR, PANTALLAS DE VIDEO, COMIDA, MAQUILLAJE O CUALQUIER OTRO ELEMENTO DISTRACTOR).",PERDIDA DE PISTA,VEHICULO DEPORTIVO UTILITARIO,0,0,0,1,0,0,0,0,0,0,0,0,1,2,45,HOMBRE,LESIONADO,CONDUCTOR PRESENTE,NO,NO,3
25160,95845,95846,2020,1,0,-0.446888,-78.682861,PICHINCHA,MEJIA,ALOAG,RURAL,2020-12-28,07:50:00,7,LUNES,1,DICIEMBRE,12,NO,"NO RESPETAR LAS SENIALES REGLAMENTARIAS DE TRANSITO. (PARE, CEDA EL PASO, LUZ ROJA DEL SEMAFORO, ETC).",OTROS,AUTOMOVIL,1,0,0,0,0,0,0,0,1,0,0,0,0,2,-1,NO IDENTIFICADO,LESIONADO,CONDUCTOR PRESENTE,NO,NO,3
25161,95850,95851,2020,1,0,-0.191786,-78.493239,PICHINCHA,QUITO,QUITO,URBANA,2020-12-28,11:05:00,11,LUNES,1,DICIEMBRE,12,NO,NO TRANSITAR POR LAS ACERAS O ZONAS DE SEGURIDAD DESTINADAS PARA EL EFECTO.,ATROPELLOS,AUTOMOVIL,1,0,0,0,0,0,0,0,0,0,0,0,0,1,34,MUJER,LESIONADO,PEATON,NO,NO,1
25162,95858,95859,2020,0,0,-0.126277,-78.491361,PICHINCHA,QUITO,QUITO,URBANA,2020-12-28,13:00:00,13,LUNES,1,DICIEMBRE,12,NO,NO MANTENER LA DISTANCIA PRUDENCIAL CON RESPECTO AL VEHICULO QUE LE ANTECEDE.,COLISION,AUTOMOVIL,2,0,0,0,1,0,0,0,0,0,0,0,0,3,49,HOMBRE,ILESO,CONDUCTOR PRESENTE,NO,NO,1
25163,95863,95864,2020,1,1,-0.101046,-78.520641,PICHINCHA,QUITO,QUITO,RURAL,2020-12-28,15:20:00,15,LUNES,1,DICIEMBRE,12,NO,"CONDUCIR EN ESTADO DE SOMNOLENCIA O MALAS CONDICIONES FISICAS (SUENIO, CANSANCIO Y FATIGA).",VOLCAMIENTOS,CAMIONETA,0,0,0,0,1,0,0,0,0,0,0,0,0,1,51,HOMBRE,FALLECIDO,CONDUCTOR PRESENTE,NO,NO,3
25164,95865,95866,2020,1,0,-0.178794,-78.486889,PICHINCHA,QUITO,QUITO,URBANA,2020-12-28,15:50:00,15,LUNES,1,DICIEMBRE,12,NO,CONDUCIR VEHICULO SUPERANDO LOS LIMITES MAXIMOS DE VELOCIDAD.,PERDIDA DE CARRIL,MOTOCICLETA,0,0,0,0,0,0,0,0,1,0,0,0,0,1,40,HOMBRE,LESIONADO,CONDUCTOR PRESENTE,NO,NO,1
25165,95871,95872,2020,0,0,-0.321678,-78.542868,PICHINCHA,QUITO,QUITO,URBANA,2020-12-28,17:25:00,17,LUNES,1,DICIEMBRE,12,NO,NO CEDER EL DERECHO DE VIA O PREFERENCIA DE PASO A VEHICULOS.,CHOQUE LATERAL,AUTOMOVIL,1,0,0,0,1,0,0,0,0,0,0,0,0,2,51,HOMBRE,ILESO,CONDUCTOR PRESENTE,NO,NO,1
25166,95874,95875,2020,0,0,-0.133549,-78.500783,PICHINCHA,QUITO,QUITO,URBANA,2020-12-28,18:00:00,18,LUNES,1,DICIEMBRE,12,NO,"CONDUCE BAJO LA INFLUENCIA DE ALCOHOL, SUSTANCIAS ESTUPEFACIENTES O PSICOTROPICAS Y/O MEDICAMENTOS.",CHOQUE LATERAL,AUTOMOVIL,2,0,0,0,0,0,0,0,0,0,0,0,0,2,31,HOMBRE,ILESO,CONDUCTOR PRESENTE,NO,NO,1
25167,95880,95881,2020,0,0,-0.255541,-78.521383,PICHINCHA,QUITO,QUITO,URBANA,2020-12-28,20:00:00,20,LUNES,1,DICIEMBRE,12,NO,"NO RESPETAR LAS SENIALES REGLAMENTARIAS DE TRANSITO. (PARE, CEDA EL PASO, LUZ ROJA DEL SEMAFORO, ETC).",CHOQUE FRONTAL,CAMIONETA,1,0,0,0,1,0,0,0,0,0,0,0,0,2,-1,NO IDENTIFICADO,NO IDENTIFICADO,CONDUCTOR AUSENTE,NO,NO,2
25168,95894,95895,2020,1,0,-0.188478,-78.447371,PICHINCHA,QUITO,NAYON,RURAL,2020-12-29,08:15:00,8,MARTES,2,DICIEMBRE,12,NO,NO MANTENER LA DISTANCIA PRUDENCIAL CON RESPECTO AL VEHICULO QUE LE ANTECEDE.,CHOQUE POSTERIOR,MOTOCICLETA,1,0,0,0,0,0,0,0,1,0,0,0,0,2,19,HOMBRE,LESIONADO,CONDUCTOR PRESENTE,NO,NO,3
25169,95898,95899,2020,0,0,-0.279111,-78.477952,PICHINCHA,QUITO,CONOCOTO,URBANA,2020-12-29,09:15:00,9,MARTES,2,DICIEMBRE,12,NO,"CONDUCIR DESATENTO A LAS CONDICIONES DE TRANSITO (CELULAR, PANTALLAS DE VIDEO, COMIDA, MAQUILLAJE O CUALQUIER OTRO ELEMENTO DISTRACTOR).",COLISION,AUTOMOVIL,1,0,0,0,1,0,0,0,0,0,0,0,0,2,26,HOMBRE,ILESO,CONDUCTOR PRESENTE,NO,NO,1
25170,95907,95908,2020,1,0,-0.177194,-78.487172,PICHINCHA,QUITO,QUITO,URBANA,2020-12-29,11:55:00,11,MARTES,2,DICIEMBRE,12,NO,DEJAR O RECOGER PASAJEROS EN LUGARES NO PERMITIDOS.,CAIDA DE PASAJERO,BUS,0,0,1,0,0,0,0,0,0,0,0,0,0,1,76,MUJER,LESIONADO,PASAJERO,NO,NO,1
25171,95915,95916,2020,1,0,-0.202667,-78.492462,PICHINCHA,QUITO,QUITO,URBANA,2020-12-29,16:15:00,16,MARTES,2,DICIEMBRE,12,NO,"CONDICIONES AMBIENTALES Y/O ATMOSFERICAS (NIEBLA, NEBLINA, GRANIZO, LLUVIA).",CHOQUE LATERAL,AUTOMOVIL,2,0,0,0,0,0,0,0,0,0,0,0,0,2,42,HOMBRE,LESIONADO,CONDUCTOR PRESENTE,NO,NO,1
25172,95919,95920,2020,1,0,-0.289305,-78.538485,PICHINCHA,QUITO,QUITO,URBANA,2020-12-29,17:05:00,17,MARTES,2,DICIEMBRE,12,NO,BAJARSE O SUBIRSE DE VEHICULOS EN MOVIMIENTO SIN TOMAR LAS PRECAUCIONES DEBIDAS.,CAIDA DE PASAJERO,BUS,0,0,1,0,0,0,0,0,0,0,0,0,0,1,40,MUJER,LESIONADO,PASAJERO,NO,NO,1
25173,95920,95921,2020,0,0,-0.099083,-78.421844,PICHINCHA,QUITO,CALDERON (CARAPUNGO),RURAL,2020-12-29,17:20:00,17,MARTES,2,DICIEMBRE,12,NO,"NO RESPETAR LAS SENIALES REGLAMENTARIAS DE TRANSITO. (PARE, CEDA EL PASO, LUZ ROJA DEL SEMAFORO, ETC).",ESTRELLAMIENTOS,AUTOMOVIL,1,0,0,0,0,0,0,0,0,0,0,0,0,1,30,HOMBRE,ILESO,CONDUCTOR PRESENTE,NO,NO,3
25174,95925,95926,2020,0,0,-0.092106,-78.478848,PICHINCHA,QUITO,QUITO,URBANA,2020-12-29,18:45:00,18,MARTES,2,DICIEMBRE,12,NO,"CONDUCE BAJO LA INFLUENCIA DE ALCOHOL, SUSTANCIAS ESTUPEFACIENTES O PSICOTROPICAS Y/O MEDICAMENTOS.",ESTRELLAMIENTOS,AUTOMOVIL,1,0,0,0,0,0,0,0,0,0,0,0,0,1,41,HOMBRE,ILESO,CONDUCTOR PRESENTE,NO,NO,1
25175,95929,95930,2020,1,0,-0.237587,-78.484667,PICHINCHA,QUITO,QUITO,URBANA,2020-12-29,19:30:00,19,MARTES,2,DICIEMBRE,12,NO,"CONDUCE BAJO LA INFLUENCIA DE ALCOHOL, SUSTANCIAS ESTUPEFACIENTES O PSICOTROPICAS Y/O MEDICAMENTOS.",CHOQUE FRONTAL,BICICLETA,0,1,0,0,1,0,0,0,0,0,0,0,0,2,33,HOMBRE,LESIONADO,CONDUCTOR PRESENTE,NO,NO,1
25176,95932,95933,2020,0,0,-0.263641,-78.537351,PICHINCHA,QUITO,QUITO,URBANA,2020-12-29,20:45:00,20,MARTES,2,DICIEMBRE,12,NO,"CONDUCE BAJO LA INFLUENCIA DE ALCOHOL, SUSTANCIAS ESTUPEFACIENTES O PSICOTROPICAS Y/O MEDICAMENTOS.",ESTRELLAMIENTOS,AUTOMOVIL,2,0,0,0,1,0,0,0,0,0,0,0,0,3,30,HOMBRE,ILESO,CONDUCTOR PRESENTE,NO,NO,1
25177,95934,95935,2020,1,0,-0.181249,-78.505204,PICHINCHA,QUITO,QUITO,URBANA,2020-12-29,22:00:00,22,MARTES,2,DICIEMBRE,12,NO,CONDUCIR VEHICULO SUPERANDO LOS LIMITES MAXIMOS DE VELOCIDAD.,PERDIDA DE CARRIL,MOTOCICLETA,0,0,0,0,0,0,0,0,1,0,0,0,0,1,30,HOMBRE,LESIONADO,CONDUCTOR PRESENTE,NO,NO,1
25178,95935,95936,2020,1,0,-0.169242,-78.484536,PICHINCHA,QUITO,QUITO,URBANA,2020-12-29,22:00:00,22,MARTES,2,DICIEMBRE,12,NO,"CONDUCE BAJO LA INFLUENCIA DE ALCOHOL, SUSTANCIAS ESTUPEFACIENTES O PSICOTROPICAS Y/O MEDICAMENTOS.",ROZAMIENTOS,AUTOMOVIL,1,0,0,0,0,0,0,0,1,0,0,0,0,2,24,HOMBRE,LESIONADO,CONDUCTOR PRESENTE,NO,NO,1
25179,95950,95951,2020,0,0,-0.185623,-78.343085,PICHINCHA,QUITO,TABABELA,RURAL,2020-12-30,05:30:00,5,MIERCOLES,3,DICIEMBRE,12,NO,"FALLA MECANICA EN LOS SISTEMAS Y/O NEUMATICOS (SISTEMA DE FRENOS, DIRECCION, ELECTRONICO O MECANICO).",ESTRELLAMIENTOS,CAMIONETA,0,0,0,0,1,0,0,0,0,0,0,0,0,1,33,HOMBRE,ILESO,CONDUCTOR PRESENTE,NO,NO,3
25180,95953,95954,2020,1,0,-0.282438,-78.543773,PICHINCHA,QUITO,QUITO,URBANA,2020-12-30,08:15:00,8,MIERCOLES,3,DICIEMBRE,12,NO,NO CEDER EL DERECHO DE VIA O PREFERENCIA DE PASO A VEHICULOS.,CHOQUE LATERAL,BICICLETA,0,1,0,0,0,0,0,0,0,1,0,0,0,2,31,HOMBRE,LESIONADO,CONDUCTOR PRESENTE,NO,NO,1
25181,95961,95962,2020,0,0,-0.305078,-78.451527,PICHINCHA,RUMINIAHUI,SANGOLQUI,URBANA,2020-12-30,13:00:00,13,MIERCOLES,3,DICIEMBRE,12,NO,"CONDUCIR DESATENTO A LAS CONDICIONES DE TRANSITO (CELULAR, PANTALLAS DE VIDEO, COMIDA, MAQUILLAJE O CUALQUIER OTRO ELEMENTO DISTRACTOR).",CHOQUE LATERAL,MOTOCICLETA,1,0,0,0,0,0,0,0,1,0,0,0,0,2,25,HOMBRE,ILESO,CONDUCTOR PRESENTE,NO,SI,1
25182,95962,95963,2020,2,0,-0.328831,-78.560625,PICHINCHA,QUITO,QUITO,URBANA,2020-12-30,14:00:00,14,MIERCOLES,3,DICIEMBRE,12,NO,NO CEDER EL DERECHO DE VIA O PREFERENCIA DE PASO AL PEATON.,ATROPELLOS,AUTOMOVIL,1,0,0,0,0,0,0,0,0,0,0,0,0,1,49,HOMBRE,LESIONADO,PEATON,NO,NO,1
25183,95972,95973,2020,0,0,-0.105384,-78.497732,PICHINCHA,QUITO,QUITO,URBANA,2020-12-30,19:30:00,19,MIERCOLES,3,DICIEMBRE,12,NO,"CONDICIONES AMBIENTALES Y/O ATMOSFERICAS (NIEBLA, NEBLINA, GRANIZO, LLUVIA).",CHOQUE POSTERIOR,AUTOMOVIL,2,0,0,0,0,0,0,0,0,0,0,0,0,2,37,HOMBRE,ILESO,CONDUCTOR PRESENTE,NO,NO,1
25184,95980,95981,2020,0,0,-0.187808,-78.444336,PICHINCHA,QUITO,NAYON,RURAL,2020-12-30,21:41:00,21,MIERCOLES,3,DICIEMBRE,12,NO,CONDUCIR VEHICULO SUPERANDO LOS LIMITES MAXIMOS DE VELOCIDAD.,ESTRELLAMIENTOS,AUTOMOVIL,1,0,0,0,0,0,0,0,0,0,0,0,0,1,-1,NO IDENTIFICADO,NO IDENTIFICADO,CONDUCTOR AUSENTE,NO,NO,2
25185,95982,95983,2020,2,0,-0.273825,-78.510216,PICHINCHA,QUITO,QUITO,URBANA,2020-12-30,22:30:00,22,MIERCOLES,3,DICIEMBRE,12,NO,CONDUCIR VEHICULO SUPERANDO LOS LIMITES MAXIMOS DE VELOCIDAD.,CHOQUE LATERAL,AUTOMOVIL,1,0,0,1,0,0,0,0,0,0,0,0,0,2,25,HOMBRE,LESIONADO,PASAJERO,NO,NO,1
25186,95983,95984,2020,1,0,-0.237685,-78.484591,PICHINCHA,QUITO,QUITO,URBANA,2020-12-30,22:30:00,22,MIERCOLES,3,DICIEMBRE,12,NO,CONDUCIR VEHICULO SUPERANDO LOS LIMITES MAXIMOS DE VELOCIDAD.,CHOQUE LATERAL,MOTOCICLETA,0,0,0,0,0,0,0,0,1,1,0,0,0,2,30,HOMBRE,LESIONADO,CONDUCTOR PRESENTE,SI,NO,1
25187,95985,95986,2020,1,0,-0.289265,-78.537666,PICHINCHA,QUITO,QUITO,URBANA,2020-12-30,23:15:00,23,MIERCOLES,3,DICIEMBRE,12,NO,"CONDICIONES AMBIENTALES Y/O ATMOSFERICAS (NIEBLA, NEBLINA, GRANIZO, LLUVIA).",PERDIDA DE CARRIL,MOTOCICLETA,0,0,0,0,0,0,0,0,1,0,0,0,0,1,34,HOMBRE,LESIONADO,CONDUCTOR PRESENTE,NO,NO,1
25188,95990,95991,2020,0,0,-0.242681,-78.497364,PICHINCHA,QUITO,QUITO,URBANA,2020-12-31,02:00:00,2,JUEVES,4,DICIEMBRE,12,SI,CONDUCIR VEHICULO SUPERANDO LOS LIMITES MAXIMOS DE VELOCIDAD.,ESTRELLAMIENTOS,AUTOMOVIL,1,0,0,0,0,0,0,0,0,0,0,0,0,1,-1,NO IDENTIFICADO,NO IDENTIFICADO,CONDUCTOR AUSENTE,NO,NO,2
25189,95993,95994,2020,0,1,-0.331476,-78.433251,PICHINCHA,RUMINIAHUI,SANGOLQUI,URBANA,2020-12-31,03:15:00,3,JUEVES,4,DICIEMBRE,12,SI,"CONDUCIR DESATENTO A LAS CONDICIONES DE TRANSITO (CELULAR, PANTALLAS DE VIDEO, COMIDA, MAQUILLAJE O CUALQUIER OTRO ELEMENTO DISTRACTOR).",ESTRELLAMIENTOS,MOTOCICLETA,0,0,0,1,0,0,0,0,1,0,0,0,0,2,19,HOMBRE,FALLECIDO,CONDUCTOR PRESENTE,NO,NO,1
25190,95997,95998,2020,0,0,-0.217821,-78.491471,PICHINCHA,QUITO,QUITO,URBANA,2020-12-31,05:10:00,5,JUEVES,4,DICIEMBRE,12,SI,CONDUCIR VEHICULO SUPERANDO LOS LIMITES MAXIMOS DE VELOCIDAD.,ESTRELLAMIENTOS,AUTOMOVIL,1,0,0,0,0,0,0,0,0,0,0,0,0,1,-1,NO IDENTIFICADO,NO IDENTIFICADO,CONDUCTOR AUSENTE,NO,NO,2
25191,95999,96000,2020,0,1,-0.314144,-78.447976,PICHINCHA,RUMINIAHUI,SANGOLQUI,RURAL,2020-12-31,06:15:00,6,JUEVES,4,DICIEMBRE,12,SI,"CONDUCIR DESATENTO A LAS CONDICIONES DE TRANSITO (CELULAR, PANTALLAS DE VIDEO, COMIDA, MAQUILLAJE O CUALQUIER OTRO ELEMENTO DISTRACTOR).",COLISION,MOTOCICLETA,0,0,0,0,0,0,0,0,1,0,0,0,0,1,19,HOMBRE,FALLECIDO,CONDUCTOR PRESENTE,NO,SI,3
25192,96000,96001,2020,0,0,-0.242455,-78.323607,PICHINCHA,QUITO,PIFO,URBANA,2020-12-31,06:30:00,6,JUEVES,4,DICIEMBRE,12,SI,"CONDUCIR DESATENTO A LAS CONDICIONES DE TRANSITO (CELULAR, PANTALLAS DE VIDEO, COMIDA, MAQUILLAJE O CUALQUIER OTRO ELEMENTO DISTRACTOR).",CHOQUE FRONTAL,AUTOMOVIL,1,0,0,0,0,0,0,0,0,0,0,0,0,1,58,HOMBRE,ILESO,CONDUCTOR PRESENTE,NO,SI,1