,Unnamed: 0,ID,ANIO,LESIONADOS,FALLECIDOS,LATITUD_Y,LONGITUD_X,PROVINCIA,CANTON,PARROQUIA,ZONA,FECHA,HORA,PERIODO_2,DIA_1,DIA_2,MES_1,MES_2,FERIADO,CAUSA_PROBABLE,TIPO_DE_SINIESTRO,TIPO_DE_VEHICULO_1,AUTOMOVIL,BICICLETA,BUS,CAMION,CAMIONETA,EMERGENCIAS,ESPECIAL,FURGONETA,MOTOCICLETA,NO_IDENTIFICADO,SCOOTER_ELECTRICO,TRICIMOTO,VEHICULO_DEPORTIVO_UTILITARIO,SUMA_DE_VEHICULOS,EDAD_1,SEXO_1,CONDICION_1,PARTICIPANTE_1,CASCO_1,CINTURON_1,KMeans_Cluster
25193,96009,96010,2020,0,0,-0.014511,-78.453041,PICHINCHA,QUITO,SAN ANTONIO (QUITO),RURAL,2020-12-31,12:40:00,12,JUEVES,4,DICIEMBRE,12,SI,"CONDUCIR DESATENTO A LAS CONDICIONES DE TRANSITO (CELULAR, PANTALLAS DE VIDEO, COMIDA, MAQUILLAJE O CUALQUIER OTRO ELEMENTO DISTRACTOR).",CHOQUE POSTERIOR,AUTOMOVIL,1,0,0,0,0,0,0,0,0,0,0,0,1,2,34,HOMBRE,ILESO,CONDUCTOR PRESENTE,NO,SI,3
25194,96013,96014,2020,0,0,-0.319976,-78.564972,PICHINCHA,QUITO,QUITO,URBANA,2020-12-31,14:15:00,14,JUEVES,4,DICIEMBRE,12,SI,CONDUCIR VEHICULO SUPERANDO LOS LIMITES MAXIMOS DE VELOCIDAD.,ESTRELLAMIENTOS,NO IDENTIFICADO,0,0,0,0,0,0,0,0,0,1,0,0,0,1,-1,NO IDENTIFICADO,NO IDENTIFICADO,CONDUCTOR AUSENTE,NO,NO,2
25195,96015,96016,2020,0,0,-0.108255,-78.461339,PICHINCHA,QUITO,CALDERON (CARAPUNGO),RURAL,2020-12-31,15:00:00,15,JUEVES,4,DICIEMBRE,12,SI,"CONDUCE BAJO LA INFLUENCIA DE ALCOHOL, SUSTANCIAS ESTUPEFACIENTES O PSICOTROPICAS Y/O MEDICAMENTOS.",COLISION,AUTOMOVIL,3,0,0,0,0,0,0,0,0,0,0,0,0,3,29,HOMBRE,ILESO,CONDUCTOR PRESENTE,NO,NO,3
25196,96023,96024,2020,0,2,-0.098954,-78.318872,PICHINCHA,QUITO,EL QUINCHE,RURAL,2020-12-31,17:30:05,17,JUEVES,4,DICIEMBRE,12,SI,"CONDICIONES AMBIENTALES Y/O ATMOSFERICAS (NIEBLA, NEBLINA, GRANIZO, LLUVIA).",PERDIDA DE CARRIL,VEHICULO DEPORTIVO UTILITARIO,0,0,0,0,0,0,0,0,0,0,0,0,1,1,32,HOMBRE,FALLECIDO,PASAJERO,NO,NO,3
25197,96031,96032,2020,0,0,-0.200741,-78.497033,PICHINCHA,QUITO,QUITO,URBANA,2020-12-31,18:05:00,18,JUEVES,4,DICIEMBRE,12,SI,"CONDICIONES AMBIENTALES Y/O ATMOSFERICAS (NIEBLA, NEBLINA, GRANIZO, LLUVIA).",CHOQUE LATERAL,AUTOMOVIL,2,0,0,0,0,0,0,0,0,0,0,0,0,2,23,HOMBRE,ILESO,CONDUCTOR PRESENTE,NO,NO,1
25198,96037,96038,2020,2,0,-0.241955,-78.497988,PICHINCHA,QUITO,QUITO,URBANA,2020-12-31,19:20:00,19,JUEVES,4,DICIEMBRE,12,SI,NO TRANSITAR POR LAS ACERAS O ZONAS DE SEGURIDAD DESTINADAS PARA EL EFECTO.,ATROPELLOS,AUTOMOVIL,1,0,0,0,0,0,0,0,0,0,0,0,0,1,10,MUJER,LESIONADO,PEATON,NO,NO,1
25199,96039,96040,2020,0,0,-0.170676,-78.476424,PICHINCHA,QUITO,QUITO,URBANA,2020-12-31,19:30:00,19,JUEVES,4,DICIEMBRE,12,SI,CONDUCIR VEHICULO SUPERANDO LOS LIMITES MAXIMOS DE VELOCIDAD.,ESTRELLAMIENTOS,AUTOMOVIL,1,0,0,0,0,0,0,0,0,0,0,0,0,1,45,MUJER,ILESO,CONDUCTOR PRESENTE,NO,NO,1
25200,96047,96048,2020,1,0,-0.078184,-78.386558,PICHINCHA,QUITO,CALDERON (CARAPUNGO),RURAL,2020-12-31,21:00:01,21,JUEVES,4,DICIEMBRE,12,SI,NO TRANSITAR POR LAS ACERAS O ZONAS DE SEGURIDAD DESTINADAS PARA EL EFECTO.,ATROPELLOS,CAMIONETA,0,0,0,0,1,0,0,0,0,0,0,0,0,1,34,HOMBRE,LESIONADO,PEATON,NO,NO,3
25201,96049,96050,2020,0,0,-0.121274,-78.480055,PICHINCHA,QUITO,QUITO,URBANA,2020-12-31,21:30:00,21,JUEVES,4,DICIEMBRE,12,SI,"CONDICIONES AMBIENTALES Y/O ATMOSFERICAS (NIEBLA, NEBLINA, GRANIZO, LLUVIA).",VOLCAMIENTOS,CAMIONETA,0,0,0,0,1,0,0,0,0,0,0,0,0,1,-1,NO IDENTIFICADO,NO IDENTIFICADO,CONDUCTOR AUSENTE,NO,NO,2
25202,96052,96053,2020,0,0,-0.253499,-78.495875,PICHINCHA,QUITO,QUITO,URBANA,2020-12-31,21:55:00,21,JUEVES,4,DICIEMBRE,12,SI,CONDUCIR VEHICULO SUPERANDO LOS LIMITES MAXIMOS DE VELOCIDAD.,CHOQUE LATERAL,AUTOMOVIL,2,0,0,0,0,0,0,0,0,0,0,0,0,2,30,HOMBRE,ILESO,CONDUCTOR PRESENTE,NO,NO,1
25203,96072,96073,2021,1,0,-0.501477,-78.572637,PICHINCHA,MEJIA,MACHACHI,RURAL,2021-01-01,02:30:00,2,VIERNES,5,ENERO,1,SI,"CONDUCIR DESATENTO A LAS CONDICIONES DE TRANSITO (CELULAR, PANTALLAS DE VIDEO, COMIDA, MAQUILLAJE O CUALQUIER OTRO ELEMENTO DISTRACTOR).",CHOQUE FRONTAL,AUTOMOVIL,1,0,0,0,0,0,0,0,0,1,0,0,0,2,36,HOMBRE,LESIONADO,CONDUCTOR PRESENTE,NO,SI,3
25204,96073,96074,2021,0,0,-0.187025,-78.479642,PICHINCHA,QUITO,QUITO,URBANA,2021-01-01,03:00:00,3,VIERNES,5,ENERO,1,SI,CONDUCIR VEHICULO SUPERANDO LOS LIMITES MAXIMOS DE VELOCIDAD.,ESTRELLAMIENTOS,AUTOMOVIL,1,0,0,0,0,0,0,0,0,0,0,0,0,1,-1,NO IDENTIFICADO,NO IDENTIFICADO,CONDUCTOR AUSENTE,NO,NO,2
25205,96076,96077,2021,1,1,-0.215687,-78.403947,PICHINCHA,QUITO,TUMBACO,RURAL,2021-01-01,04:15:00,4,VIERNES,5,ENERO,1,SI,"CONDUCIR EN ESTADO DE SOMNOLENCIA O MALAS CONDICIONES FISICAS (SUENIO, CANSANCIO Y FATIGA).",ESTRELLAMIENTOS,AUTOMOVIL,1,0,0,0,0,0,0,0,0,0,0,0,0,1,57,HOMBRE,FALLECIDO,PASAJERO,NO,NO,3
25206,96083,96084,2021,0,0,-0.263599,-78.487942,PICHINCHA,QUITO,CONOCOTO,URBANA,2021-01-01,05:20:00,5,VIERNES,5,ENERO,1,SI,"CONDUCIR DESATENTO A LAS CONDICIONES DE TRANSITO (CELULAR, PANTALLAS DE VIDEO, COMIDA, MAQUILLAJE O CUALQUIER OTRO ELEMENTO DISTRACTOR).",ESTRELLAMIENTOS,AUTOMOVIL,1,0,0,0,0,0,0,0,0,0,0,0,0,1,-1,NO IDENTIFICADO,NO IDENTIFICADO,CONDUCTOR AUSENTE,NO,SI,2
25207,96092,96093,2021,0,0,-0.123772,-78.502884,PICHINCHA,QUITO,QUITO,URBANA,2021-01-01,06:35:00,6,VIERNES,5,ENERO,1,SI,NO MANTENER LA DISTANCIA PRUDENCIAL CON RESPECTO AL VEHICULO QUE LE ANTECEDE.,CHOQUE POSTERIOR,AUTOMOVIL,1,0,0,0,0,0,0,0,0,1,0,0,0,2,42,HOMBRE,ILESO,CONDUCTOR PRESENTE,NO,NO,1
25208,96093,96094,2021,0,0,-0.237587,-78.484667,PICHINCHA,QUITO,QUITO,URBANA,2021-01-01,06:35:00,6,VIERNES,5,ENERO,1,SI,CONDUCIR VEHICULO SUPERANDO LOS LIMITES MAXIMOS DE VELOCIDAD.,ESTRELLAMIENTOS,AUTOMOVIL,1,0,0,0,0,0,0,0,0,0,0,0,0,1,-1,NO IDENTIFICADO,NO IDENTIFICADO,CONDUCTOR AUSENTE,NO,NO,2
25209,96099,96100,2021,2,0,-0.150393,-78.453892,PICHINCHA,QUITO,QUITO,URBANA,2021-01-01,07:15:00,7,VIERNES,5,ENERO,1,SI,"PRESENCIA DE AGENTES EXTERNOS EN LA VIA (AGUA, ACEITE, PIEDRA, LASTRE, ESCOMBROS, MADEROS, ETC.).",VOLCAMIENTOS,AUTOMOVIL,1,0,0,0,0,0,0,0,0,0,0,0,0,1,5,HOMBRE,LESIONADO,PASAJERO,NO,NO,1
25210,96106,96107,2021,1,0,-0.265258,-78.553251,PICHINCHA,QUITO,QUITO,URBANA,2021-01-01,07:25:00,7,VIERNES,5,ENERO,1,SI,CONDUCIR VEHICULO SUPERANDO LOS LIMITES MAXIMOS DE VELOCIDAD.,PERDIDA DE CARRIL,MOTOCICLETA,0,0,0,0,0,0,0,0,1,0,0,0,0,1,33,MUJER,LESIONADO,PASAJERO,NO,NO,1
25211,96108,96109,2021,0,0,-0.291069,-78.545923,PICHINCHA,QUITO,QUITO,URBANA,2021-01-01,08:20:00,8,VIERNES,5,ENERO,1,SI,CONDUCIR VEHICULO SUPERANDO LOS LIMITES MAXIMOS DE VELOCIDAD.,ESTRELLAMIENTOS,AUTOMOVIL,1,0,0,0,0,0,0,0,0,0,0,0,0,1,-1,NO IDENTIFICADO,NO IDENTIFICADO,CONDUCTOR AUSENTE,NO,NO,2
25212,96114,96115,2021,1,1,0.119821,-78.176309,PICHINCHA,CAYAMBE,SAN JOSE DE AYORA,URBANA,2021-01-01,09:40:00,9,VIERNES,5,ENERO,1,SI,CONDUCIR EN SENTIDO CONTRARIO A LA VIA NORMAL DE CIRCULACION.,CHOQUE FRONTAL,MOTOCICLETA,0,0,0,0,1,0,0,0,1,0,0,0,0,2,34,HOMBRE,FALLECIDO,CONDUCTOR PRESENTE,NO,SI,1
25213,96121,96122,2021,4,1,-0.174278,-78.493456,PICHINCHA,QUITO,QUITO,URBANA,2021-01-01,10:15:00,10,VIERNES,5,ENERO,1,SI,"CONDUCE BAJO LA INFLUENCIA DE ALCOHOL, SUSTANCIAS ESTUPEFACIENTES O PSICOTROPICAS Y/O MEDICAMENTOS.",CHOQUE LATERAL,AUTOMOVIL,2,0,0,0,0,0,0,0,0,0,0,0,0,2,25,MUJER,FALLECIDO,PASAJERO,NO,NO,1
25214,96127,96128,2021,1,1,-0.308006,-78.559416,PICHINCHA,QUITO,QUITO,URBANA,2021-01-01,12:35:00,12,VIERNES,5,ENERO,1,SI,CONDUCIR VEHICULO SUPERANDO LOS LIMITES MAXIMOS DE VELOCIDAD.,ESTRELLAMIENTOS,MOTOCICLETA,0,0,0,0,0,0,0,0,1,0,0,0,0,1,32,HOMBRE,FALLECIDO,CONDUCTOR PRESENTE,NO,NO,1
25215,96136,96137,2021,0,0,-0.258071,-78.544161,PICHINCHA,QUITO,QUITO,URBANA,2021-01-01,14:10:00,14,VIERNES,5,ENERO,1,SI,"ADELANTAR O REBASAR A OTRO VEHICULO EN MOVIMIENTO EN ZONAS O SITIOS PELIGROSOS TALES COMO: CURVAS, PUENTES, TUNELES, PENDIENTES, ETC.",COLISION,AUTOMOVIL,2,0,0,0,1,0,0,0,0,0,0,0,0,3,32,HOMBRE,ILESO,CONDUCTOR PRESENTE,NO,NO,1
25216,96141,96142,2021,1,0,-0.299432,-78.559038,PICHINCHA,QUITO,QUITO,URBANA,2021-01-01,15:25:00,15,VIERNES,5,ENERO,1,SI,CONDUCIR VEHICULO SUPERANDO LOS LIMITES MAXIMOS DE VELOCIDAD.,PERDIDA DE CARRIL,CAMION,0,0,0,1,0,0,0,0,0,0,0,0,0,1,20,HOMBRE,LESIONADO,PASAJERO,NO,NO,1
25217,96162,96163,2021,0,0,-0.325259,-78.415038,PICHINCHA,QUITO,ALANGASI,URBANA,2021-01-01,19:00:00,19,VIERNES,5,ENERO,1,SI,"CONDUCIR DESATENTO A LAS CONDICIONES DE TRANSITO (CELULAR, PANTALLAS DE VIDEO, COMIDA, MAQUILLAJE O CUALQUIER OTRO ELEMENTO DISTRACTOR).",CHOQUE LATERAL,AUTOMOVIL,1,0,0,1,0,0,0,0,0,0,0,0,0,2,47,HOMBRE,ILESO,CONDUCTOR PRESENTE,NO,SI,1
25218,96168,96169,2021,1,0,-0.100181,-78.471675,PICHINCHA,QUITO,QUITO,URBANA,2021-01-01,19:55:00,19,VIERNES,5,ENERO,1,SI,"NO RESPETAR LAS SENIALES REGLAMENTARIAS DE TRANSITO. (PARE, CEDA EL PASO, LUZ ROJA DEL SEMAFORO, ETC).",CHOQUE LATERAL,MOTOCICLETA,0,0,0,0,0,0,0,0,1,1,0,0,0,2,19,HOMBRE,LESIONADO,CONDUCTOR PRESENTE,NO,NO,1
25219,96185,96186,2021,0,0,-0.135484,-78.486585,PICHINCHA,QUITO,QUITO,URBANA,2021-01-01,22:20:00,22,VIERNES,5,ENERO,1,SI,"FALLA MECANICA EN LOS SISTEMAS Y/O NEUMATICOS (SISTEMA DE FRENOS, DIRECCION, ELECTRONICO O MECANICO).",ESTRELLAMIENTOS,AUTOMOVIL,1,0,0,0,0,0,0,0,0,0,0,0,0,1,47,MUJER,ILESO,CONDUCTOR PRESENTE,NO,NO,1
25220,96191,96192,2021,0,0,-0.226558,-78.512969,PICHINCHA,QUITO,QUITO,URBANA,2021-01-02,04:05:00,4,SABADO,6,ENERO,1,SI,"CONDICIONES AMBIENTALES Y/O ATMOSFERICAS (NIEBLA, NEBLINA, GRANIZO, LLUVIA).",ESTRELLAMIENTOS,CAMION,0,0,0,1,0,0,0,0,0,0,0,0,0,1,-1,NO IDENTIFICADO,NO IDENTIFICADO,CONDUCTOR AUSENTE,NO,NO,2
25221,96194,96195,2021,0,0,-0.294301,-78.464289,PICHINCHA,QUITO,CONOCOTO,RURAL,2021-01-02,09:15:00,9,SABADO,6,ENERO,1,SI,"CONDICIONES AMBIENTALES Y/O ATMOSFERICAS (NIEBLA, NEBLINA, GRANIZO, LLUVIA).",ESTRELLAMIENTOS,AUTOMOVIL,1,0,0,0,0,0,0,0,0,0,0,0,0,1,-1,NO IDENTIFICADO,NO IDENTIFICADO,CONDUCTOR AUSENTE,NO,NO,2
25222,96198,96199,2021,1,0,-0.137886,-78.469894,PICHINCHA,QUITO,QUITO,URBANA,2021-01-02,12:00:00,12,SABADO,6,ENERO,1,SI,"NO RESPETAR LAS SENIALES REGLAMENTARIAS DE TRANSITO. (PARE, CEDA EL PASO, LUZ ROJA DEL SEMAFORO, ETC).",CHOQUE LATERAL,MOTOCICLETA,1,0,0,0,0,0,0,0,1,0,0,0,0,2,56,MUJER,LESIONADO,CONDUCTOR PRESENTE,NO,NO,1
25223,96199,96200,2021,0,0,-0.316751,-78.223963,PICHINCHA,QUITO,PIFO,URBANA,2021-01-02,12:15:00,12,SABADO,6,ENERO,1,SI,"CONDUCIR DESATENTO A LAS CONDICIONES DE TRANSITO (CELULAR, PANTALLAS DE VIDEO, COMIDA, MAQUILLAJE O CUALQUIER OTRO ELEMENTO DISTRACTOR).",CHOQUE LATERAL,AUTOMOVIL,2,0,0,0,0,0,0,0,0,0,0,0,0,2,65,HOMBRE,ILESO,CONDUCTOR PRESENTE,NO,SI,1
25224,96202,96203,2021,0,0,-0.115371,-78.490724,PICHINCHA,QUITO,QUITO,URBANA,2021-01-02,13:35:00,13,SABADO,6,ENERO,1,SI,NO MANTENER LA DISTANCIA PRUDENCIAL CON RESPECTO AL VEHICULO QUE LE ANTECEDE.,COLISION,AUTOMOVIL,2,0,0,0,0,0,0,0,0,1,0,0,0,3,31,HOMBRE,ILESO,CONDUCTOR PRESENTE,NO,NO,1
25225,96211,96212,2021,0,0,-0.211464,-78.419122,PICHINCHA,QUITO,TUMBACO,RURAL,2021-01-02,19:40:00,19,SABADO,6,ENERO,1,SI,"CONDUCE BAJO LA INFLUENCIA DE ALCOHOL, SUSTANCIAS ESTUPEFACIENTES O PSICOTROPICAS Y/O MEDICAMENTOS.",CHOQUE LATERAL,AUTOMOVIL,2,0,0,0,0,0,0,0,0,0,0,0,0,2,35,MUJER,ILESO,PASAJERO,NO,NO,3
25226,96232,96233,2021,0,0,-0.280861,-78.552874,PICHINCHA,QUITO,QUITO,URBANA,2021-01-03,08:55:00,8,DOMINGO,7,ENERO,1,SI,CONDUCIR EN SENTIDO CONTRARIO A LA VIA NORMAL DE CIRCULACION.,CHOQUE FRONTAL,AUTOMOVIL,2,0,0,0,0,0,0,0,0,0,0,0,0,2,60,HOMBRE,ILESO,CONDUCTOR PRESENTE,NO,NO,1
25227,96233,96234,2021,0,3,-0.007086,-78.982572,PICHINCHA,SAN MIGUEL DE LOS BANCOS,SAN MIGUEL DE LOS BANCOS,RURAL,2021-01-03,09:30:00,9,DOMINGO,7,ENERO,1,SI,"CONDUCIR DESATENTO A LAS CONDICIONES DE TRANSITO (CELULAR, PANTALLAS DE VIDEO, COMIDA, MAQUILLAJE O CUALQUIER OTRO ELEMENTO DISTRACTOR).",PERDIDA DE CARRIL,CAMION,0,0,0,1,0,0,0,0,1,0,0,0,0,2,25,MUJER,FALLECIDO,PASAJERO,NO,SI,3
25228,96237,96238,2021,0,0,-0.299618,-78.459198,PICHINCHA,RUMINIAHUI,SANGOLQUI,URBANA,2021-01-03,14:00:00,14,DOMINGO,7,ENERO,1,SI,"CONDUCIR DESATENTO A LAS CONDICIONES DE TRANSITO (CELULAR, PANTALLAS DE VIDEO, COMIDA, MAQUILLAJE O CUALQUIER OTRO ELEMENTO DISTRACTOR).",CHOQUE POSTERIOR,BUS,0,0,1,0,0,0,0,0,0,0,0,0,1,2,57,HOMBRE,ILESO,CONDUCTOR PRESENTE,NO,SI,1
25229,96244,96245,2021,0,0,-0.299621,-78.524243,PICHINCHA,QUITO,QUITO,URBANA,2021-01-03,17:00:00,17,DOMINGO,7,ENERO,1,SI,NO MANTENER LA DISTANCIA PRUDENCIAL CON RESPECTO AL VEHICULO QUE LE ANTECEDE.,CHOQUE POSTERIOR,AUTOMOVIL,2,0,0,0,0,0,0,0,0,0,0,0,0,2,21,HOMBRE,ILESO,CONDUCTOR PRESENTE,NO,NO,1
25230,96250,96251,2021,0,1,-0.123564,-78.503311,PICHINCHA,QUITO,QUITO,URBANA,2021-01-03,19:15:00,19,DOMINGO,7,ENERO,1,SI,PEATON QUE CRUZA LA CALZADA SIN RESPETAR LA SENIALIZACION EXISTENTE (SEMAFOROS O SENIALES MANUALES).,ATROPELLOS,NO IDENTIFICADO,0,0,0,0,0,0,0,0,0,1,0,0,0,1,14,HOMBRE,FALLECIDO,PEATON,NO,NO,1
25231,96251,96252,2021,0,0,-0.229135,-78.479824,PICHINCHA,QUITO,QUITO,URBANA,2021-01-03,19:30:00,19,DOMINGO,7,ENERO,1,SI,"CONDICIONES AMBIENTALES Y/O ATMOSFERICAS (NIEBLA, NEBLINA, GRANIZO, LLUVIA).",ESTRELLAMIENTOS,AUTOMOVIL,1,0,0,0,0,0,0,0,0,0,0,0,0,1,-1,NO IDENTIFICADO,NO IDENTIFICADO,CONDUCTOR AUSENTE,NO,NO,2
25232,96253,96254,2021,0,0,-0.280881,-78.559374,PICHINCHA,QUITO,QUITO,URBANA,2021-01-03,20:10:00,20,DOMINGO,7,ENERO,1,SI,MALAS CONDICIONES DE LA VIA Y/O CONFIGURACION. (ILUMINACION Y DISENIO).,ESTRELLAMIENTOS,NO IDENTIFICADO,0,0,0,0,0,0,0,0,0,1,0,0,0,1,-1,NO IDENTIFICADO,NO IDENTIFICADO,CONDUCTOR AUSENTE,NO,NO,2
25233,96255,96256,2021,1,0,-0.476628,-78.567197,PICHINCHA,MEJIA,MACHACHI,RURAL,2021-01-03,20:30:00,20,DOMINGO,7,ENERO,1,SI,"CONDUCIR DESATENTO A LAS CONDICIONES DE TRANSITO (CELULAR, PANTALLAS DE VIDEO, COMIDA, MAQUILLAJE O CUALQUIER OTRO ELEMENTO DISTRACTOR).",CHOQUE POSTERIOR,BUS,1,0,1,1,0,0,0,0,0,0,0,0,0,3,30,HOMBRE,LESIONADO,CONDUCTOR PRESENTE,NO,SI,3
25234,96262,96263,2021,0,0,-0.242772,-78.532735,PICHINCHA,QUITO,QUITO,URBANA,2021-01-04,00:00:00,0,LUNES,1,ENERO,1,NO,CONDUCIR VEHICULO SUPERANDO LOS LIMITES MAXIMOS DE VELOCIDAD.,ESTRELLAMIENTOS,AUTOMOVIL,1,0,0,0,0,0,0,0,0,0,0,0,0,1,-1,NO IDENTIFICADO,NO IDENTIFICADO,CONDUCTOR AUSENTE,NO,NO,2
25235,96264,96265,2021,0,0,-0.339721,-78.434028,PICHINCHA,RUMINIAHUI,SANGOLQUI,URBANA,2021-01-04,00:50:00,0,LUNES,1,ENERO,1,NO,"CONDUCIR DESATENTO A LAS CONDICIONES DE TRANSITO (CELULAR, PANTALLAS DE VIDEO, COMIDA, MAQUILLAJE O CUALQUIER OTRO ELEMENTO DISTRACTOR).",PERDIDA DE PISTA,CAMION,0,0,0,1,0,0,0,0,0,0,0,0,0,1,38,HOMBRE,ILESO,CONDUCTOR PRESENTE,NO,SI,1
25236,96268,96269,2021,0,0,-0.129481,-78.502295,PICHINCHA,QUITO,QUITO,URBANA,2021-01-04,05:35:00,5,LUNES,1,ENERO,1,NO,"CONDICIONES AMBIENTALES Y/O ATMOSFERICAS (NIEBLA, NEBLINA, GRANIZO, LLUVIA).",ESTRELLAMIENTOS,AUTOMOVIL,1,0,0,0,0,0,0,0,0,0,0,0,0,1,-1,NO IDENTIFICADO,NO IDENTIFICADO,CONDUCTOR AUSENTE,NO,NO,2
25237,96282,96283,2021,0,0,-0.204361,-78.484481,PICHINCHA,QUITO,QUITO,URBANA,2021-01-04,13:25:00,13,LUNES,1,ENERO,1,NO,"CONDICIONES AMBIENTALES Y/O ATMOSFERICAS (NIEBLA, NEBLINA, GRANIZO, LLUVIA).",CHOQUE LATERAL,AUTOMOVIL,2,0,0,0,0,0,0,0,0,0,0,0,0,2,49,HOMBRE,ILESO,CONDUCTOR PRESENTE,NO,NO,1
25238,96283,96284,2021,0,0,-0.147327,-78.496263,PICHINCHA,QUITO,QUITO,URBANA,2021-01-04,14:30:00,14,LUNES,1,ENERO,1,NO,"NO RESPETAR LAS SENIALES REGLAMENTARIAS DE TRANSITO. (PARE, CEDA EL PASO, LUZ ROJA DEL SEMAFORO, ETC).",CHOQUE LATERAL,AUTOMOVIL,2,0,0,0,0,0,0,0,0,0,0,0,0,2,48,HOMBRE,ILESO,CONDUCTOR PRESENTE,NO,NO,1
25239,96301,96302,2021,0,0,-0.212824,-78.402686,PICHINCHA,QUITO,TUMBACO,RURAL,2021-01-04,18:35:00,18,LUNES,1,ENERO,1,NO,CONDUCIR VEHICULO SUPERANDO LOS LIMITES MAXIMOS DE VELOCIDAD.,CHOQUE POSTERIOR,AUTOMOVIL,2,0,0,0,0,0,0,0,0,0,0,0,0,2,37,MUJER,ILESO,PASAJERO,NO,NO,3
25240,96306,96307,2021,1,0,-0.001899,-78.176318,PICHINCHA,CAYAMBE,CANGAHUA,URBANA,2021-01-05,07:05:00,7,MARTES,2,ENERO,1,NO,NO CEDER EL DERECHO DE VIA O PREFERENCIA DE PASO AL PEATON.,CHOQUE LATERAL,MOTOCICLETA,0,0,1,0,0,0,0,0,1,0,0,0,0,2,22,HOMBRE,LESIONADO,CONDUCTOR PRESENTE,NO,SI,1
25241,96308,96309,2021,1,0,-0.279239,-78.552753,PICHINCHA,QUITO,QUITO,URBANA,2021-01-05,07:50:00,7,MARTES,2,ENERO,1,NO,DANIOS MECANICOS PREVISIBLES.,ESTRELLAMIENTOS,CAMIONETA,0,0,0,0,1,0,0,0,0,0,0,0,0,1,78,HOMBRE,LESIONADO,CONDUCTOR PRESENTE,NO,NO,1
25242,96312,96313,2021,1,0,-0.209101,-78.365448,PICHINCHA,QUITO,PUEMBO,RURAL,2021-01-05,10:05:00,10,MARTES,2,ENERO,1,NO,NO MANTENER LA DISTANCIA PRUDENCIAL CON RESPECTO AL VEHICULO QUE LE ANTECEDE.,CHOQUE POSTERIOR,CAMION,0,0,0,1,0,0,0,0,1,0,0,0,0,2,27,HOMBRE,LESIONADO,CONDUCTOR PRESENTE,NO,NO,3
25243,96329,96330,2021,2,0,-0.331311,-78.438792,PICHINCHA,RUMINIAHUI,SANGOLQUI,URBANA,2021-01-05,17:00:00,17,MARTES,2,ENERO,1,NO,"CONDUCIR DESATENTO A LAS CONDICIONES DE TRANSITO (CELULAR, PANTALLAS DE VIDEO, COMIDA, MAQUILLAJE O CUALQUIER OTRO ELEMENTO DISTRACTOR).",CHOQUE LATERAL,MOTOCICLETA,0,0,0,0,0,0,0,0,1,0,0,0,1,2,29,MUJER,LESIONADO,PASAJERO,NO,SI,1
25244,96339,96340,2021,1,0,-0.176958,-78.488548,PICHINCHA,QUITO,QUITO,URBANA,2021-01-05,19:48:00,19,MARTES,2,ENERO,1,NO,CONDUCIR VEHICULO SUPERANDO LOS LIMITES MAXIMOS DE VELOCIDAD.,PERDIDA DE CARRIL,AUTOMOVIL,1,0,0,0,0,0,0,0,0,0,0,0,0,1,59,HOMBRE,LESIONADO,CONDUCTOR PRESENTE,NO,NO,1
25245,96344,96345,2021,2,0,-0.129197,-78.502316,PICHINCHA,QUITO,QUITO,URBANA,2021-01-05,22:00:00,22,MARTES,2,ENERO,1,NO,"CONDUCE BAJO LA INFLUENCIA DE ALCOHOL, SUSTANCIAS ESTUPEFACIENTES O PSICOTROPICAS Y/O MEDICAMENTOS.",CHOQUE POSTERIOR,FURGONETA,1,0,0,0,0,0,0,1,0,0,0,0,0,2,40,HOMBRE,LESIONADO,CONDUCTOR PRESENTE,NO,NO,1
25246,96352,96353,2021,1,0,-0.287051,-78.531139,PICHINCHA,QUITO,QUITO,URBANA,2021-01-06,06:30:00,6,MIERCOLES,3,ENERO,1,NO,NO GUARDAR LA DISTANCIA LATERAL MINIMA DE SEGURIDAD ENTRE VEHICULOS.,CHOQUE LATERAL,MOTOCICLETA,1,0,0,0,0,0,0,0,1,0,0,0,0,2,32,HOMBRE,LESIONADO,CONDUCTOR PRESENTE,NO,NO,1
25247,96373,96374,2021,1,0,-0.159942,-78.465411,PICHINCHA,QUITO,QUITO,URBANA,2021-01-06,15:30:00,15,MIERCOLES,3,ENERO,1,NO,"NO RESPETAR LAS SENIALES REGLAMENTARIAS DE TRANSITO. (PARE, CEDA EL PASO, LUZ ROJA DEL SEMAFORO, ETC).",CHOQUE FRONTAL,MOTOCICLETA,0,0,0,0,0,0,0,0,1,1,0,0,0,2,23,HOMBRE,LESIONADO,CONDUCTOR PRESENTE,NO,NO,1
25248,96376,96377,2021,0,0,-0.299432,-78.559038,PICHINCHA,QUITO,QUITO,URBANA,2021-01-06,16:30:00,16,MIERCOLES,3,ENERO,1,NO,"CONDUCE BAJO LA INFLUENCIA DE ALCOHOL, SUSTANCIAS ESTUPEFACIENTES O PSICOTROPICAS Y/O MEDICAMENTOS.",ESTRELLAMIENTOS,AUTOMOVIL,1,0,0,1,0,0,0,0,0,0,0,0,0,2,54,HOMBRE,ILESO,CONDUCTOR PRESENTE,NO,NO,1