,Unnamed: 0,ID,ANIO,LESIONADOS,FALLECIDOS,LATITUD_Y,LONGITUD_X,PROVINCIA,CANTON,PARROQUIA,ZONA,FECHA,HORA,PERIODO_2,DIA_1,DIA_2,MES_1,MES_2,FERIADO,CAUSA_PROBABLE,TIPO_DE_SINIESTRO,TIPO_DE_VEHICULO_1,AUTOMOVIL,BICICLETA,BUS,CAMION,CAMIONETA,EMERGENCIAS,ESPECIAL,FURGONETA,MOTOCICLETA,NO_IDENTIFICADO,SCOOTER_ELECTRICO,TRICIMOTO,VEHICULO_DEPORTIVO_UTILITARIO,SUMA_DE_VEHICULOS,EDAD_1,SEXO_1,CONDICION_1,PARTICIPANTE_1,CASCO_1,CINTURON_1,KMeans_Cluster
25249,96381,96382,2021,1,0,-0.208521,-78.523842,PICHINCHA,QUITO,QUITO,URBANA,2021-01-06,19:50:00,19,MIERCOLES,3,ENERO,1,NO,NO CEDER EL DERECHO DE VIA O PREFERENCIA DE PASO AL PEATON.,ATROPELLOS,MOTOCICLETA,0,0,0,0,0,0,0,0,1,0,0,0,0,1,40,MUJER,LESIONADO,PEATON,NO,NO,1
25250,96386,96387,2021,1,0,-0.199767,-78.428809,PICHINCHA,QUITO,CUMBAYA,RURAL,2021-01-06,21:00:00,21,MIERCOLES,3,ENERO,1,NO,"CONDUCE BAJO LA INFLUENCIA DE ALCOHOL, SUSTANCIAS ESTUPEFACIENTES O PSICOTROPICAS Y/O MEDICAMENTOS.",ATROPELLOS,AUTOMOVIL,1,0,0,0,0,0,0,0,0,0,0,0,0,1,62,MUJER,LESIONADO,PEATON,NO,NO,3
25251,96389,96390,2021,0,0,-0.325109,-78.550366,PICHINCHA,QUITO,QUITO,URBANA,2021-01-06,22:00:00,22,MIERCOLES,3,ENERO,1,NO,"NO RESPETAR LAS SENIALES REGLAMENTARIAS DE TRANSITO. (PARE, CEDA EL PASO, LUZ ROJA DEL SEMAFORO, ETC).",OTROS,AUTOMOVIL,3,0,0,0,0,0,0,0,0,0,0,0,0,3,5,MUJER,ILESO,PASAJERO,NO,NO,1
25252,96390,96391,2021,0,0,-0.156465,-78.486234,PICHINCHA,QUITO,QUITO,URBANA,2021-01-07,04:15:00,4,JUEVES,4,ENERO,1,NO,CONDUCIR VEHICULO SUPERANDO LOS LIMITES MAXIMOS DE VELOCIDAD.,ESTRELLAMIENTOS,AUTOMOVIL,1,0,0,0,0,0,0,0,0,0,0,0,0,1,-1,NO IDENTIFICADO,NO IDENTIFICADO,CONDUCTOR AUSENTE,NO,NO,2
25253,96402,96403,2021,0,0,-0.258418,-78.544605,PICHINCHA,QUITO,QUITO,URBANA,2021-01-07,09:30:00,9,JUEVES,4,ENERO,1,NO,CONDUCIR VEHICULO SUPERANDO LOS LIMITES MAXIMOS DE VELOCIDAD.,COLISION,AUTOMOVIL,4,0,0,1,0,0,0,0,0,0,0,0,0,5,37,MUJER,ILESO,CONDUCTOR PRESENTE,NO,NO,1
25254,96406,96407,2021,0,0,-0.237941,-78.516085,PICHINCHA,QUITO,QUITO,URBANA,2021-01-07,11:30:00,11,JUEVES,4,ENERO,1,NO,"NO RESPETAR LAS SENIALES REGLAMENTARIAS DE TRANSITO. (PARE, CEDA EL PASO, LUZ ROJA DEL SEMAFORO, ETC).",ESTRELLAMIENTOS,CAMION,0,0,0,1,0,0,0,0,0,0,0,0,0,1,-1,NO IDENTIFICADO,NO IDENTIFICADO,CONDUCTOR AUSENTE,NO,NO,2
25255,96409,96410,2021,2,0,-0.273402,-78.556701,PICHINCHA,QUITO,QUITO,URBANA,2021-01-07,12:30:00,12,JUEVES,4,ENERO,1,NO,DEJAR O RECOGER PASAJEROS EN LUGARES NO PERMITIDOS.,ATROPELLOS,BICICLETA,0,1,0,0,0,0,0,0,0,0,0,0,0,1,49,HOMBRE,LESIONADO,PEATON,NO,NO,1
25256,96410,96411,2021,1,0,-0.123564,-78.503311,PICHINCHA,QUITO,QUITO,URBANA,2021-01-07,12:40:00,12,JUEVES,4,ENERO,1,NO,"CONDICIONES AMBIENTALES Y/O ATMOSFERICAS (NIEBLA, NEBLINA, GRANIZO, LLUVIA).",OTROS,AUTOMOVIL,2,0,0,0,0,0,0,0,0,1,0,0,0,3,39,MUJER,LESIONADO,CONDUCTOR PRESENTE,NO,NO,1
25257,96412,96413,2021,1,0,-0.243077,-78.315711,PICHINCHA,QUITO,PIFO,RURAL,2021-01-07,12:50:00,12,JUEVES,4,ENERO,1,NO,"CONDUCIR DESATENTO A LAS CONDICIONES DE TRANSITO (CELULAR, PANTALLAS DE VIDEO, COMIDA, MAQUILLAJE O CUALQUIER OTRO ELEMENTO DISTRACTOR).",PERDIDA DE PISTA,VEHICULO DEPORTIVO UTILITARIO,0,0,0,0,0,0,0,0,0,0,0,0,1,1,30,HOMBRE,LESIONADO,PASAJERO,NO,SI,3
25258,96413,96414,2021,0,0,-0.206664,-78.500979,PICHINCHA,QUITO,QUITO,URBANA,2021-01-07,12:50:00,12,JUEVES,4,ENERO,1,NO,"NO RESPETAR LAS SENIALES REGLAMENTARIAS DE TRANSITO. (PARE, CEDA EL PASO, LUZ ROJA DEL SEMAFORO, ETC).",CHOQUE LATERAL,BUS,1,0,1,0,0,0,0,0,0,0,0,0,0,2,53,HOMBRE,ILESO,CONDUCTOR PRESENTE,NO,NO,1
25259,96416,96417,2021,0,0,-0.178072,-78.509164,PICHINCHA,QUITO,QUITO,URBANA,2021-01-07,14:15:00,14,JUEVES,4,ENERO,1,NO,MALAS CONDICIONES DE LA VIA Y/O CONFIGURACION. (ILUMINACION Y DISENIO).,OTROS,CAMION,0,0,0,1,0,0,0,0,0,0,0,0,0,1,30,HOMBRE,ILESO,CONDUCTOR PRESENTE,NO,NO,1
25260,96417,96418,2021,0,0,-0.091273,-78.473221,PICHINCHA,QUITO,QUITO,URBANA,2021-01-07,14:30:00,14,JUEVES,4,ENERO,1,NO,NO GUARDAR LA DISTANCIA LATERAL MINIMA DE SEGURIDAD ENTRE VEHICULOS.,CHOQUE LATERAL,CAMION,1,0,0,1,0,0,0,0,0,0,0,0,0,2,38,HOMBRE,ILESO,CONDUCTOR PRESENTE,NO,NO,1
25261,96421,96422,2021,1,0,-0.413362,-78.547625,PICHINCHA,MEJIA,TAMBILLO (MEJIA),RURAL,2021-01-07,15:10:00,15,JUEVES,4,ENERO,1,NO,"CONDUCIR DESATENTO A LAS CONDICIONES DE TRANSITO (CELULAR, PANTALLAS DE VIDEO, COMIDA, MAQUILLAJE O CUALQUIER OTRO ELEMENTO DISTRACTOR).",CHOQUE LATERAL,CAMIONETA,0,0,0,1,1,0,0,0,0,0,0,0,0,2,49,HOMBRE,LESIONADO,CONDUCTOR PRESENTE,NO,SI,3
25262,96422,96423,2021,0,0,-0.269081,-78.548049,PICHINCHA,QUITO,QUITO,URBANA,2021-01-07,15:45:00,15,JUEVES,4,ENERO,1,NO,CONDUCIR VEHICULO SUPERANDO LOS LIMITES MAXIMOS DE VELOCIDAD.,CHOQUE FRONTAL,MOTOCICLETA,1,0,0,0,0,0,0,0,1,0,0,0,0,2,26,HOMBRE,ILESO,CONDUCTOR PRESENTE,NO,NO,1
25263,96428,96429,2021,0,1,-0.254686,-78.504316,PICHINCHA,QUITO,QUITO,URBANA,2021-01-07,19:15:00,19,JUEVES,4,ENERO,1,NO,"CONDICIONES AMBIENTALES Y/O ATMOSFERICAS (NIEBLA, NEBLINA, GRANIZO, LLUVIA).",ESTRELLAMIENTOS,MOTOCICLETA,0,0,0,0,0,0,0,0,1,0,0,0,0,1,22,HOMBRE,FALLECIDO,CONDUCTOR PRESENTE,NO,NO,1
25264,96431,96432,2021,0,0,-0.324712,-78.440439,PICHINCHA,RUMINIAHUI,SANGOLQUI,RURAL,2021-01-07,19:50:00,19,JUEVES,4,ENERO,1,NO,"CONDUCIR DESATENTO A LAS CONDICIONES DE TRANSITO (CELULAR, PANTALLAS DE VIDEO, COMIDA, MAQUILLAJE O CUALQUIER OTRO ELEMENTO DISTRACTOR).",CHOQUE FRONTAL,VEHICULO DEPORTIVO UTILITARIO,1,0,0,0,0,0,0,0,0,0,0,0,1,2,30,HOMBRE,ILESO,CONDUCTOR PRESENTE,NO,SI,3
25265,96433,96434,2021,1,0,-0.449411,-78.585734,PICHINCHA,MEJIA,ALOAG,RURAL,2021-01-07,20:00:00,20,JUEVES,4,ENERO,1,NO,"CONDUCIR DESATENTO A LAS CONDICIONES DE TRANSITO (CELULAR, PANTALLAS DE VIDEO, COMIDA, MAQUILLAJE O CUALQUIER OTRO ELEMENTO DISTRACTOR).",PERDIDA DE PISTA,MOTOCICLETA,0,0,0,0,0,0,0,0,1,0,0,0,0,1,31,HOMBRE,LESIONADO,CONDUCTOR PRESENTE,NO,SI,3
25266,96437,96438,2021,0,0,-0.163073,-78.462599,PICHINCHA,QUITO,QUITO,URBANA,2021-01-08,01:10:00,1,VIERNES,5,ENERO,1,NO,"CONDICIONES AMBIENTALES Y/O ATMOSFERICAS (NIEBLA, NEBLINA, GRANIZO, LLUVIA).",ESTRELLAMIENTOS,AUTOMOVIL,1,0,0,0,0,0,0,0,0,0,0,0,0,1,-1,NO IDENTIFICADO,NO IDENTIFICADO,CONDUCTOR AUSENTE,NO,NO,2
25267,96453,96454,2021,0,0,-0.007423,-78.447961,PICHINCHA,QUITO,SAN ANTONIO (QUITO),RURAL,2021-01-08,09:45:00,9,VIERNES,5,ENERO,1,NO,NO CEDER EL DERECHO DE VIA O PREFERENCIA DE PASO A VEHICULOS.,CHOQUE LATERAL,CAMIONETA,1,0,0,0,1,0,0,0,0,0,0,0,0,2,57,HOMBRE,ILESO,CONDUCTOR PRESENTE,NO,NO,3
25268,96457,96458,2021,1,0,-0.402944,-78.808916,PICHINCHA,MEJIA,MANUEL CORNEJO ASTORGA,RURAL,2021-01-08,14:00:00,14,VIERNES,5,ENERO,1,NO,NO MANTENER LA DISTANCIA PRUDENCIAL CON RESPECTO AL VEHICULO QUE LE ANTECEDE.,CHOQUE POSTERIOR,VEHICULO DEPORTIVO UTILITARIO,0,0,0,0,0,0,0,0,0,1,0,0,1,2,-1,HOMBRE,LESIONADO,CONDUCTOR PRESENTE,NO,NO,3
25269,96462,96463,2021,3,0,-0.202179,-78.491596,PICHINCHA,QUITO,QUITO,URBANA,2021-01-08,16:00:00,16,VIERNES,5,ENERO,1,NO,CONDUCIR VEHICULO SUPERANDO LOS LIMITES MAXIMOS DE VELOCIDAD.,CHOQUE LATERAL,AUTOMOVIL,2,0,0,0,0,0,0,0,0,0,0,0,0,2,48,HOMBRE,LESIONADO,PASAJERO,NO,NO,1
25270,96467,96468,2021,1,0,-0.232881,-78.509099,PICHINCHA,QUITO,QUITO,URBANA,2021-01-08,18:04:00,18,VIERNES,5,ENERO,1,NO,DEJAR O RECOGER PASAJEROS EN LUGARES NO PERMITIDOS.,CAIDA DE PASAJERO,BUS,0,0,1,0,0,0,0,0,0,0,0,0,0,1,52,MUJER,LESIONADO,PASAJERO,NO,NO,1
25271,96470,96471,2021,0,0,-0.084163,-78.418921,PICHINCHA,QUITO,CALDERON (CARAPUNGO),RURAL,2021-01-08,19:15:00,19,VIERNES,5,ENERO,1,NO,"NO RESPETAR LAS SENIALES REGLAMENTARIAS DE TRANSITO. (PARE, CEDA EL PASO, LUZ ROJA DEL SEMAFORO, ETC).",ESTRELLAMIENTOS,AUTOMOVIL,1,0,0,0,0,0,0,0,0,0,0,0,0,1,33,MUJER,ILESO,CONDUCTOR PRESENTE,NO,NO,3
25272,96477,96478,2021,2,0,-0.151903,-78.476503,PICHINCHA,QUITO,QUITO,URBANA,2021-01-08,21:40:00,21,VIERNES,5,ENERO,1,NO,"CONDUCE BAJO LA INFLUENCIA DE ALCOHOL, SUSTANCIAS ESTUPEFACIENTES O PSICOTROPICAS Y/O MEDICAMENTOS.",CHOQUE LATERAL,AUTOMOVIL,2,0,0,0,0,0,0,0,0,0,0,0,0,2,26,HOMBRE,LESIONADO,CONDUCTOR PRESENTE,NO,NO,1
25273,96482,96483,2021,0,0,-0.173408,-78.492279,PICHINCHA,QUITO,QUITO,URBANA,2021-01-08,22:50:00,22,VIERNES,5,ENERO,1,NO,CONDUCIR VEHICULO SUPERANDO LOS LIMITES MAXIMOS DE VELOCIDAD.,ESTRELLAMIENTOS,AUTOMOVIL,1,0,0,0,0,0,0,0,0,0,0,0,0,1,52,HOMBRE,ILESO,CONDUCTOR PRESENTE,NO,NO,1
25274,96484,96485,2021,0,0,-0.069829,-78.470069,PICHINCHA,QUITO,POMASQUI,URBANA,2021-01-08,23:15:00,23,VIERNES,5,ENERO,1,NO,CONDUCIR VEHICULO SUPERANDO LOS LIMITES MAXIMOS DE VELOCIDAD.,VOLCAMIENTOS,AUTOMOVIL,2,0,0,0,0,0,0,0,0,0,0,0,0,2,34,HOMBRE,ILESO,CONDUCTOR PRESENTE,NO,SI,1
25275,96485,96486,2021,1,0,-0.272208,-78.552081,PICHINCHA,QUITO,QUITO,URBANA,2021-01-08,23:45:00,23,VIERNES,5,ENERO,1,NO,CONDUCIR VEHICULO SUPERANDO LOS LIMITES MAXIMOS DE VELOCIDAD.,ESTRELLAMIENTOS,MOTOCICLETA,0,0,0,0,0,0,0,0,1,0,0,0,0,1,28,HOMBRE,LESIONADO,CONDUCTOR PRESENTE,NO,NO,1
25276,96486,96487,2021,0,0,-0.292451,-78.463791,PICHINCHA,QUITO,CONOCOTO,RURAL,2021-01-08,23:50:00,23,VIERNES,5,ENERO,1,NO,"CONDUCIR DESATENTO A LAS CONDICIONES DE TRANSITO (CELULAR, PANTALLAS DE VIDEO, COMIDA, MAQUILLAJE O CUALQUIER OTRO ELEMENTO DISTRACTOR).",PERDIDA DE PISTA,CAMION,0,0,0,1,0,0,0,0,0,0,0,0,0,1,35,HOMBRE,ILESO,CONDUCTOR PRESENTE,NO,SI,3
25277,96487,96488,2021,0,1,-0.141439,-78.482942,PICHINCHA,QUITO,QUITO,URBANA,2021-01-09,01:50:00,1,SABADO,6,ENERO,1,NO,NO GUARDAR LA DISTANCIA LATERAL MINIMA DE SEGURIDAD ENTRE VEHICULOS.,CHOQUE LATERAL,MOTOCICLETA,0,0,0,1,0,0,0,0,1,0,0,0,0,2,37,HOMBRE,FALLECIDO,CONDUCTOR PRESENTE,NO,NO,1
25278,96488,96489,2021,1,0,-0.206451,-78.512129,PICHINCHA,QUITO,QUITO,URBANA,2021-01-09,01:55:00,1,SABADO,6,ENERO,1,NO,"CONDUCE BAJO LA INFLUENCIA DE ALCOHOL, SUSTANCIAS ESTUPEFACIENTES O PSICOTROPICAS Y/O MEDICAMENTOS.",CHOQUE LATERAL,CAMIONETA,1,0,0,0,1,0,0,0,0,0,0,0,0,2,26,HOMBRE,LESIONADO,CONDUCTOR PRESENTE,NO,NO,1
25279,96490,96491,2021,0,0,-0.088884,-78.439915,PICHINCHA,QUITO,CALDERON (CARAPUNGO),RURAL,2021-01-09,03:20:00,3,SABADO,6,ENERO,1,NO,"NO RESPETAR LAS SENIALES REGLAMENTARIAS DE TRANSITO. (PARE, CEDA EL PASO, LUZ ROJA DEL SEMAFORO, ETC).",ESTRELLAMIENTOS,AUTOMOVIL,1,0,0,0,0,0,0,0,0,0,0,0,0,1,-1,NO IDENTIFICADO,NO IDENTIFICADO,CONDUCTOR AUSENTE,NO,NO,2
25280,96491,96492,2021,0,1,-0.303711,-78.466178,PICHINCHA,QUITO,CONOCOTO,RURAL,2021-01-09,03:45:00,3,SABADO,6,ENERO,1,NO,"CONDUCIR EN ESTADO DE SOMNOLENCIA O MALAS CONDICIONES FISICAS (SUENIO, CANSANCIO Y FATIGA).",CHOQUE LATERAL,MOTOCICLETA,1,0,0,0,0,0,0,0,1,0,0,0,0,2,22,HOMBRE,FALLECIDO,CONDUCTOR PRESENTE,NO,NO,3
25281,96493,96494,2021,0,0,-0.244435,-78.482091,PICHINCHA,QUITO,QUITO,RURAL,2021-01-09,04:00:00,4,SABADO,6,ENERO,1,NO,"PRESENCIA DE AGENTES EXTERNOS EN LA VIA (AGUA, ACEITE, PIEDRA, LASTRE, ESCOMBROS, MADEROS, ETC.).",ESTRELLAMIENTOS,CAMIONETA,0,0,0,0,1,0,0,0,0,0,0,0,0,1,25,HOMBRE,ILESO,CONDUCTOR PRESENTE,NO,NO,3
25282,96495,96496,2021,0,0,-0.154326,-78.476958,PICHINCHA,QUITO,QUITO,URBANA,2021-01-09,04:55:00,4,SABADO,6,ENERO,1,NO,"NO RESPETAR LAS SENIALES REGLAMENTARIAS DE TRANSITO. (PARE, CEDA EL PASO, LUZ ROJA DEL SEMAFORO, ETC).",ESTRELLAMIENTOS,CAMIONETA,0,0,0,0,1,0,0,0,0,0,0,0,0,1,23,HOMBRE,ILESO,CONDUCTOR PRESENTE,NO,NO,1
25283,96497,96498,2021,1,0,-0.471039,-78.565993,PICHINCHA,MEJIA,MACHACHI,RURAL,2021-01-09,05:15:00,5,SABADO,6,ENERO,1,NO,"CONDUCIR DESATENTO A LAS CONDICIONES DE TRANSITO (CELULAR, PANTALLAS DE VIDEO, COMIDA, MAQUILLAJE O CUALQUIER OTRO ELEMENTO DISTRACTOR).",CHOQUE FRONTAL,AUTOMOVIL,1,0,1,0,0,0,0,0,0,0,0,0,0,2,27,HOMBRE,LESIONADO,CONDUCTOR PRESENTE,NO,SI,3
25284,96498,96499,2021,2,0,-0.291456,-78.473781,PICHINCHA,QUITO,CONOCOTO,RURAL,2021-01-09,05:28:00,5,SABADO,6,ENERO,1,NO,"CONDUCE BAJO LA INFLUENCIA DE ALCOHOL, SUSTANCIAS ESTUPEFACIENTES O PSICOTROPICAS Y/O MEDICAMENTOS.",ESTRELLAMIENTOS,AUTOMOVIL,3,0,0,0,0,0,0,0,1,0,0,0,0,4,28,MUJER,LESIONADO,PASAJERO,NO,NO,3
25285,96500,96501,2021,0,0,-0.005868,-78.445074,PICHINCHA,QUITO,SAN ANTONIO (QUITO),RURAL,2021-01-09,07:10:00,7,SABADO,6,ENERO,1,NO,"NO RESPETAR LAS SENIALES REGLAMENTARIAS DE TRANSITO. (PARE, CEDA EL PASO, LUZ ROJA DEL SEMAFORO, ETC).",CHOQUE LATERAL,AUTOMOVIL,2,0,0,0,0,0,0,0,0,0,0,0,0,2,8,HOMBRE,ILESO,PASAJERO,NO,NO,3
25286,96501,96502,2021,0,0,-0.112213,-78.474367,PICHINCHA,QUITO,QUITO,URBANA,2021-01-09,08:00:00,8,SABADO,6,ENERO,1,NO,"NO RESPETAR LAS SENIALES REGLAMENTARIAS DE TRANSITO. (PARE, CEDA EL PASO, LUZ ROJA DEL SEMAFORO, ETC).",CHOQUE LATERAL,CAMIONETA,0,0,0,0,2,0,0,0,0,0,0,0,0,2,4,HOMBRE,ILESO,PASAJERO,NO,NO,1
25287,96503,96504,2021,1,0,-0.298495,-78.547199,PICHINCHA,QUITO,QUITO,URBANA,2021-01-09,09:05:00,9,SABADO,6,ENERO,1,NO,"NO RESPETAR LAS SENIALES REGLAMENTARIAS DE TRANSITO. (PARE, CEDA EL PASO, LUZ ROJA DEL SEMAFORO, ETC).",CHOQUE POSTERIOR,BUS,0,0,1,0,0,0,0,0,1,0,0,0,0,2,34,HOMBRE,LESIONADO,CONDUCTOR PRESENTE,NO,NO,1
25288,96504,96505,2021,0,1,-0.204802,-78.376946,PICHINCHA,QUITO,TUMBACO,RURAL,2021-01-09,10:30:00,10,SABADO,6,ENERO,1,NO,NO CEDER EL DERECHO DE VIA O PREFERENCIA DE PASO AL PEATON.,ATROPELLOS,AUTOMOVIL,1,0,0,0,0,0,0,0,0,0,0,0,0,1,66,HOMBRE,FALLECIDO,PEATON,NO,NO,3
25289,96508,96509,2021,0,0,-0.099083,-78.421844,PICHINCHA,QUITO,CALDERON (CARAPUNGO),RURAL,2021-01-09,11:35:00,11,SABADO,6,ENERO,1,NO,"FALLA MECANICA EN LOS SISTEMAS Y/O NEUMATICOS (SISTEMA DE FRENOS, DIRECCION, ELECTRONICO O MECANICO).",ATROPELLOS,BICICLETA,0,1,0,0,0,0,0,0,0,0,0,0,0,1,44,MUJER,ILESO,PEATON,NO,NO,3
25290,96517,96518,2021,1,0,-0.277636,-78.557628,PICHINCHA,QUITO,QUITO,URBANA,2021-01-09,14:35:00,14,SABADO,6,ENERO,1,NO,NO GUARDAR LA DISTANCIA LATERAL MINIMA DE SEGURIDAD ENTRE VEHICULOS.,CHOQUE LATERAL,MOTOCICLETA,0,0,0,0,0,0,0,1,1,0,0,0,0,2,41,HOMBRE,LESIONADO,CONDUCTOR PRESENTE,NO,NO,1
25291,96529,96530,2021,1,0,0.050001,-78.219778,PICHINCHA,PEDRO MONCAYO,TABACUNDO,RURAL,2021-01-09,19:20:00,19,SABADO,6,ENERO,1,NO,"CONDUCIR DESATENTO A LAS CONDICIONES DE TRANSITO (CELULAR, PANTALLAS DE VIDEO, COMIDA, MAQUILLAJE O CUALQUIER OTRO ELEMENTO DISTRACTOR).",ATROPELLOS,AUTOMOVIL,1,0,0,0,0,0,0,0,0,0,0,0,0,1,25,HOMBRE,LESIONADO,PEATON,NO,NO,3
25292,96531,96532,2021,7,0,-0.224137,-78.496738,PICHINCHA,QUITO,QUITO,URBANA,2021-01-09,20:00:00,20,SABADO,6,ENERO,1,NO,CONDUCIR VEHICULO SUPERANDO LOS LIMITES MAXIMOS DE VELOCIDAD.,OTROS,AUTOMOVIL,3,0,0,1,0,0,0,0,0,0,0,0,0,4,34,MUJER,LESIONADO,CONDUCTOR PRESENTE,NO,NO,1
25293,96543,96544,2021,1,0,-0.249018,-78.536667,PICHINCHA,QUITO,QUITO,URBANA,2021-01-09,23:00:00,23,SABADO,6,ENERO,1,NO,"CONDUCE BAJO LA INFLUENCIA DE ALCOHOL, SUSTANCIAS ESTUPEFACIENTES O PSICOTROPICAS Y/O MEDICAMENTOS.",ROZAMIENTOS,MOTOCICLETA,1,0,0,0,0,0,0,0,1,0,0,0,0,2,29,HOMBRE,LESIONADO,CONDUCTOR PRESENTE,NO,NO,1
25294,96547,96548,2021,0,0,-0.277578,-78.521021,PICHINCHA,QUITO,QUITO,URBANA,2021-01-09,23:20:00,23,SABADO,6,ENERO,1,NO,CONDUCIR VEHICULO SUPERANDO LOS LIMITES MAXIMOS DE VELOCIDAD.,CHOQUE POSTERIOR,AUTOMOVIL,2,0,0,0,0,0,0,0,0,0,0,0,0,2,36,MUJER,ILESO,CONDUCTOR PRESENTE,NO,NO,1
25295,96549,96550,2021,0,0,-0.102365,-78.490629,PICHINCHA,QUITO,QUITO,URBANA,2021-01-10,00:30:00,0,DOMINGO,7,ENERO,1,NO,CONDUCIR VEHICULO SUPERANDO LOS LIMITES MAXIMOS DE VELOCIDAD.,ESTRELLAMIENTOS,AUTOMOVIL,1,0,0,0,0,0,0,0,0,0,0,0,0,1,-1,NO IDENTIFICADO,NO IDENTIFICADO,CONDUCTOR AUSENTE,NO,NO,2
25296,96551,96552,2021,1,2,-0.359291,-78.534235,PICHINCHA,MEJIA,CUTUGLAHUA,RURAL,2021-01-10,00:30:00,0,DOMINGO,7,ENERO,1,NO,"CONDUCIR DESATENTO A LAS CONDICIONES DE TRANSITO (CELULAR, PANTALLAS DE VIDEO, COMIDA, MAQUILLAJE O CUALQUIER OTRO ELEMENTO DISTRACTOR).",PERDIDA DE CARRIL,MOTOCICLETA,0,0,0,0,0,0,0,0,1,0,0,0,0,1,26,HOMBRE,FALLECIDO,PASAJERO,NO,SI,3
25297,96554,96555,2021,0,0,-0.212824,-78.402686,PICHINCHA,QUITO,TUMBACO,RURAL,2021-01-10,02:12:00,2,DOMINGO,7,ENERO,1,NO,"CONDUCIR DESATENTO A LAS CONDICIONES DE TRANSITO (CELULAR, PANTALLAS DE VIDEO, COMIDA, MAQUILLAJE O CUALQUIER OTRO ELEMENTO DISTRACTOR).",ESTRELLAMIENTOS,AUTOMOVIL,1,0,0,0,0,0,0,0,0,0,0,0,0,1,40,HOMBRE,ILESO,CONDUCTOR PRESENTE,NO,NO,3
25298,96564,96565,2021,0,0,-0.272859,-78.523861,PICHINCHA,QUITO,QUITO,URBANA,2021-01-10,03:40:00,3,DOMINGO,7,ENERO,1,NO,CONDUCIR VEHICULO SUPERANDO LOS LIMITES MAXIMOS DE VELOCIDAD.,OTROS,AUTOMOVIL,1,0,0,0,0,0,0,0,0,0,0,0,0,1,-1,NO IDENTIFICADO,NO IDENTIFICADO,CONDUCTOR AUSENTE,NO,NO,2
25299,96565,96566,2021,0,1,-0.175178,-78.328216,PICHINCHA,QUITO,YARUQUI,RURAL,2021-01-10,03:50:00,3,DOMINGO,7,ENERO,1,NO,"CONDUCIR DESATENTO A LAS CONDICIONES DE TRANSITO (CELULAR, PANTALLAS DE VIDEO, COMIDA, MAQUILLAJE O CUALQUIER OTRO ELEMENTO DISTRACTOR).",PERDIDA DE CARRIL,MOTOCICLETA,0,0,0,0,0,0,0,0,1,0,0,0,0,1,38,MUJER,FALLECIDO,PASAJERO,NO,SI,3
25300,96567,96568,2021,0,0,-0.234333,-78.523822,PICHINCHA,QUITO,QUITO,URBANA,2021-01-10,04:25:00,4,DOMINGO,7,ENERO,1,NO,CONDUCIR VEHICULO SUPERANDO LOS LIMITES MAXIMOS DE VELOCIDAD.,CHOQUE LATERAL,CAMIONETA,1,0,0,0,1,0,0,0,0,0,0,0,0,2,37,MUJER,ILESO,PASAJERO,NO,NO,1
25301,96574,96575,2021,0,0,-0.210023,-78.502939,PICHINCHA,QUITO,QUITO,URBANA,2021-01-10,06:24:00,6,DOMINGO,7,ENERO,1,NO,CONDUCIR VEHICULO SUPERANDO LOS LIMITES MAXIMOS DE VELOCIDAD.,CHOQUE LATERAL,AUTOMOVIL,2,0,0,0,0,0,0,0,0,0,0,0,0,2,34,HOMBRE,ILESO,CONDUCTOR PRESENTE,NO,NO,1
25302,96586,96587,2021,1,0,-0.286003,-78.539343,PICHINCHA,QUITO,QUITO,URBANA,2021-01-10,13:00:00,13,DOMINGO,7,ENERO,1,NO,"CONDUCE BAJO LA INFLUENCIA DE ALCOHOL, SUSTANCIAS ESTUPEFACIENTES O PSICOTROPICAS Y/O MEDICAMENTOS.",ESTRELLAMIENTOS,CAMIONETA,0,0,0,0,1,0,0,0,0,0,0,0,0,1,5,HOMBRE,LESIONADO,PASAJERO,NO,NO,1
25303,96598,96599,2021,0,0,-0.286789,-78.489194,PICHINCHA,QUITO,CONOCOTO,RURAL,2021-01-10,17:20:00,17,DOMINGO,7,ENERO,1,NO,"FALLA MECANICA EN LOS SISTEMAS Y/O NEUMATICOS (SISTEMA DE FRENOS, DIRECCION, ELECTRONICO O MECANICO).",ESTRELLAMIENTOS,AUTOMOVIL,1,0,0,0,0,0,0,0,0,0,0,0,0,1,1,HOMBRE,ILESO,PASAJERO,NO,NO,3
25304,96602,96603,2021,0,1,-0.232011,-78.523463,PICHINCHA,QUITO,QUITO,URBANA,2021-01-10,17:44:00,17,DOMINGO,7,ENERO,1,NO,NO CEDER EL DERECHO DE VIA O PREFERENCIA DE PASO A VEHICULOS.,CHOQUE LATERAL,MOTOCICLETA,1,0,0,0,0,0,0,0,1,0,0,0,0,2,58,HOMBRE,FALLECIDO,CONDUCTOR PRESENTE,NO,NO,1
25305,96604,96605,2021,0,0,0.000962,-78.458341,PICHINCHA,QUITO,SAN ANTONIO (QUITO),RURAL,2021-01-10,19:00:00,19,DOMINGO,7,ENERO,1,NO,"CONDUCIR DESATENTO A LAS CONDICIONES DE TRANSITO (CELULAR, PANTALLAS DE VIDEO, COMIDA, MAQUILLAJE O CUALQUIER OTRO ELEMENTO DISTRACTOR).",COLISION,VEHICULO DEPORTIVO UTILITARIO,2,0,0,1,0,0,0,0,0,0,0,0,1,4,58,HOMBRE,ILESO,CONDUCTOR PRESENTE,NO,SI,3