,Unnamed: 0,ID,ANIO,LESIONADOS,FALLECIDOS,LATITUD_Y,LONGITUD_X,PROVINCIA,CANTON,PARROQUIA,ZONA,FECHA,HORA,PERIODO_2,DIA_1,DIA_2,MES_1,MES_2,FERIADO,CAUSA_PROBABLE,TIPO_DE_SINIESTRO,TIPO_DE_VEHICULO_1,AUTOMOVIL,BICICLETA,BUS,CAMION,CAMIONETA,EMERGENCIAS,ESPECIAL,FURGONETA,MOTOCICLETA,NO_IDENTIFICADO,SCOOTER_ELECTRICO,TRICIMOTO,VEHICULO_DEPORTIVO_UTILITARIO,SUMA_DE_VEHICULOS,EDAD_1,SEXO_1,CONDICION_1,PARTICIPANTE_1,CASCO_1,CINTURON_1,KMeans_Cluster
25363,96904,96905,2021,1,0,-0.068241,-78.468457,PICHINCHA,QUITO,POMASQUI,RURAL,2021-01-16,05:45:00,5,SABADO,6,ENERO,1,NO,"CONDUCE BAJO LA INFLUENCIA DE ALCOHOL, SUSTANCIAS ESTUPEFACIENTES O PSICOTROPICAS Y/O MEDICAMENTOS.",PERDIDA DE CARRIL,AUTOMOVIL,1,0,0,0,0,0,0,0,0,0,0,0,0,1,42,MUJER,LESIONADO,PASAJERO,NO,SI,3
25364,96922,96923,2021,0,0,-0.225086,-78.493681,PICHINCHA,QUITO,QUITO,URBANA,2021-01-16,13:30:00,13,SABADO,6,ENERO,1,NO,NO MANTENER LA DISTANCIA PRUDENCIAL CON RESPECTO AL VEHICULO QUE LE ANTECEDE.,COLISION,AUTOMOVIL,3,0,0,0,0,0,0,0,0,0,0,0,0,3,58,HOMBRE,ILESO,CONDUCTOR PRESENTE,NO,NO,1
25365,96924,96925,2021,0,0,-0.119451,-78.506659,PICHINCHA,QUITO,QUITO,URBANA,2021-01-16,13:40:00,13,SABADO,6,ENERO,1,NO,NO CEDER EL DERECHO DE VIA O PREFERENCIA DE PASO A VEHICULOS.,CHOQUE LATERAL,BUS,0,0,1,0,1,0,0,0,0,0,0,0,0,2,25,HOMBRE,ILESO,CONDUCTOR PRESENTE,NO,NO,1
25366,96926,96927,2021,1,0,-0.074434,-78.459428,PICHINCHA,QUITO,QUITO,URBANA,2021-01-16,14:20:00,14,SABADO,6,ENERO,1,NO,CONDUCIR VEHICULO SUPERANDO LOS LIMITES MAXIMOS DE VELOCIDAD.,ESTRELLAMIENTOS,MOTOCICLETA,0,0,0,0,0,0,0,0,1,0,0,0,0,1,22,HOMBRE,LESIONADO,CONDUCTOR PRESENTE,NO,NO,1
25367,96930,96931,2021,0,0,-0.228434,-78.511069,PICHINCHA,QUITO,QUITO,URBANA,2021-01-16,15:00:00,15,SABADO,6,ENERO,1,NO,"CONDUCE BAJO LA INFLUENCIA DE ALCOHOL, SUSTANCIAS ESTUPEFACIENTES O PSICOTROPICAS Y/O MEDICAMENTOS.",OTROS,AUTOMOVIL,3,0,0,0,0,0,0,0,0,0,0,0,0,3,34,HOMBRE,ILESO,CONDUCTOR PRESENTE,NO,NO,1
25368,96935,96936,2021,0,0,-0.245267,-78.496429,PICHINCHA,QUITO,QUITO,URBANA,2021-01-16,16:20:00,16,SABADO,6,ENERO,1,NO,"CONDUCE BAJO LA INFLUENCIA DE ALCOHOL, SUSTANCIAS ESTUPEFACIENTES O PSICOTROPICAS Y/O MEDICAMENTOS.",COLISION,AUTOMOVIL,2,0,0,0,0,0,0,0,1,0,0,0,0,3,59,HOMBRE,ILESO,PASAJERO,NO,NO,1
25369,96950,96951,2021,0,1,-0.112189,-78.504802,PICHINCHA,QUITO,QUITO,URBANA,2021-01-16,19:50:00,19,SABADO,6,ENERO,1,NO,PEATON QUE CRUZA LA CALZADA SIN RESPETAR LA SENIALIZACION EXISTENTE (SEMAFOROS O SENIALES MANUALES).,ATROPELLOS,NO IDENTIFICADO,0,0,0,0,0,0,0,0,0,1,0,0,0,1,73,HOMBRE,FALLECIDO,PEATON,NO,NO,1
25370,96952,96953,2021,0,0,-0.319976,-78.564972,PICHINCHA,QUITO,QUITO,URBANA,2021-01-16,20:15:00,20,SABADO,6,ENERO,1,NO,REALIZAR CAMBIO BRUSCO O INDEBIDO DE CARRIL.,PERDIDA DE CARRIL,AUTOMOVIL,1,0,0,0,0,0,0,0,0,0,0,0,0,1,-1,NO IDENTIFICADO,NO IDENTIFICADO,CONDUCTOR AUSENTE,NO,NO,2
25371,96960,96961,2021,0,0,-0.112189,-78.504802,PICHINCHA,QUITO,QUITO,URBANA,2021-01-16,21:40:00,21,SABADO,6,ENERO,1,NO,"CONDUCE BAJO LA INFLUENCIA DE ALCOHOL, SUSTANCIAS ESTUPEFACIENTES O PSICOTROPICAS Y/O MEDICAMENTOS.",ESTRELLAMIENTOS,MOTOCICLETA,1,0,0,0,0,0,0,0,1,0,0,0,0,2,22,HOMBRE,ILESO,CONDUCTOR PRESENTE,NO,NO,1
25372,96961,96962,2021,2,0,-0.083707,-78.473107,PICHINCHA,QUITO,QUITO,URBANA,2021-01-16,21:50:00,21,SABADO,6,ENERO,1,NO,NO CEDER EL DERECHO DE VIA O PREFERENCIA DE PASO A VEHICULOS.,CHOQUE LATERAL,AUTOMOVIL,2,0,0,0,0,0,0,0,0,0,0,0,0,2,56,MUJER,LESIONADO,PASAJERO,NO,NO,1
25373,96967,96968,2021,0,0,-0.215937,-78.404031,PICHINCHA,QUITO,TUMBACO,RURAL,2021-01-16,22:50:00,22,SABADO,6,ENERO,1,NO,"CONDUCE BAJO LA INFLUENCIA DE ALCOHOL, SUSTANCIAS ESTUPEFACIENTES O PSICOTROPICAS Y/O MEDICAMENTOS.",CHOQUE POSTERIOR,AUTOMOVIL,2,0,0,0,0,0,0,0,0,0,0,0,0,2,34,HOMBRE,ILESO,CONDUCTOR PRESENTE,NO,NO,3
25374,96969,96970,2021,0,2,0.005916,-78.575091,PICHINCHA,QUITO,CALACALI,RURAL,2021-01-16,23:00:00,23,SABADO,6,ENERO,1,NO,"CONDUCIR DESATENTO A LAS CONDICIONES DE TRANSITO (CELULAR, PANTALLAS DE VIDEO, COMIDA, MAQUILLAJE O CUALQUIER OTRO ELEMENTO DISTRACTOR).",PERDIDA DE CARRIL,MOTOCICLETA,0,0,0,0,0,0,0,0,1,0,0,0,0,1,69,HOMBRE,FALLECIDO,PASAJERO,NO,SI,3
25375,96974,96975,2021,0,0,0.067874,-78.135833,PICHINCHA,CAYAMBE,SAN JOSE DE AYORA,URBANA,2021-01-16,23:50:00,23,SABADO,6,ENERO,1,NO,"CONDUCE BAJO LA INFLUENCIA DE ALCOHOL, SUSTANCIAS ESTUPEFACIENTES O PSICOTROPICAS Y/O MEDICAMENTOS.",PERDIDA DE PISTA,AUTOMOVIL,1,0,0,0,0,0,0,0,0,0,0,0,0,1,30,HOMBRE,ILESO,CONDUCTOR PRESENTE,NO,SI,1
25376,96978,96979,2021,1,0,-0.279841,-78.560151,PICHINCHA,QUITO,QUITO,URBANA,2021-01-17,00:05:00,0,DOMINGO,7,ENERO,1,NO,REALIZAR CAMBIO BRUSCO O INDEBIDO DE CARRIL.,ESTRELLAMIENTOS,MOTOCICLETA,0,0,0,0,0,0,0,0,1,0,0,0,0,1,-1,HOMBRE,LESIONADO,CONDUCTOR PRESENTE,NO,NO,1
25377,96988,96989,2021,0,0,-0.160271,-78.504704,PICHINCHA,QUITO,QUITO,URBANA,2021-01-17,02:20:00,2,DOMINGO,7,ENERO,1,NO,CONDUCIR VEHICULO SUPERANDO LOS LIMITES MAXIMOS DE VELOCIDAD.,ESTRELLAMIENTOS,CAMIONETA,0,0,0,0,1,0,0,0,0,0,0,0,0,1,-1,NO IDENTIFICADO,NO IDENTIFICADO,CONDUCTOR AUSENTE,NO,NO,2
25378,97008,97009,2021,0,0,-0.209031,-78.482265,PICHINCHA,QUITO,QUITO,URBANA,2021-01-17,08:17:00,8,DOMINGO,7,ENERO,1,NO,NO CEDER EL DERECHO DE VIA O PREFERENCIA DE PASO A VEHICULOS.,CHOQUE LATERAL,AUTOMOVIL,1,0,0,0,0,0,0,0,0,1,0,0,0,2,45,HOMBRE,ILESO,CONDUCTOR PRESENTE,NO,NO,1
25379,97009,97010,2021,0,0,-0.188986,-78.482707,PICHINCHA,QUITO,QUITO,URBANA,2021-01-17,08:20:00,8,DOMINGO,7,ENERO,1,NO,"CONDUCE BAJO LA INFLUENCIA DE ALCOHOL, SUSTANCIAS ESTUPEFACIENTES O PSICOTROPICAS Y/O MEDICAMENTOS.",CHOQUE LATERAL,AUTOMOVIL,2,0,0,0,0,0,0,0,0,0,0,0,0,2,28,MUJER,ILESO,PASAJERO,NO,NO,1
25380,97014,97015,2021,0,0,-0.065205,-78.362896,PICHINCHA,QUITO,GUAYLLABAMBA,RURAL,2021-01-17,10:30:01,10,DOMINGO,7,ENERO,1,NO,"CONDUCIR DESATENTO A LAS CONDICIONES DE TRANSITO (CELULAR, PANTALLAS DE VIDEO, COMIDA, MAQUILLAJE O CUALQUIER OTRO ELEMENTO DISTRACTOR).",CHOQUE LATERAL,AUTOMOVIL,2,0,0,0,0,0,0,0,0,0,0,0,0,2,54,HOMBRE,ILESO,CONDUCTOR PRESENTE,NO,SI,3
25381,97015,97016,2021,1,0,-0.225908,-78.429391,PICHINCHA,QUITO,TUMBACO,RURAL,2021-01-17,11:00:00,11,DOMINGO,7,ENERO,1,NO,DEJAR O RECOGER PASAJEROS EN LUGARES NO PERMITIDOS.,CAIDA DE PASAJERO,BUS,0,0,1,0,0,0,0,0,0,0,0,0,0,1,59,MUJER,LESIONADO,PASAJERO,NO,NO,3
25382,97027,97028,2021,1,0,-0.091585,-78.439052,PICHINCHA,QUITO,CALDERON (CARAPUNGO),RURAL,2021-01-17,14:10:00,14,DOMINGO,7,ENERO,1,NO,"CONDUCE BAJO LA INFLUENCIA DE ALCOHOL, SUSTANCIAS ESTUPEFACIENTES O PSICOTROPICAS Y/O MEDICAMENTOS.",CHOQUE LATERAL,AUTOMOVIL,1,0,0,0,0,0,0,0,1,0,0,0,0,2,53,HOMBRE,LESIONADO,CONDUCTOR PRESENTE,NO,NO,3
25383,97029,97030,2021,1,0,-0.292724,-78.476486,PICHINCHA,QUITO,CONOCOTO,RURAL,2021-01-17,15:00:00,15,DOMINGO,7,ENERO,1,NO,CONDUCIR VEHICULO SUPERANDO LOS LIMITES MAXIMOS DE VELOCIDAD.,ESTRELLAMIENTOS,AUTOMOVIL,1,0,0,0,0,0,0,0,0,0,0,0,0,1,55,MUJER,LESIONADO,PASAJERO,NO,NO,3
25384,97032,97033,2021,1,0,-0.239921,-78.543565,PICHINCHA,QUITO,QUITO,URBANA,2021-01-17,16:00:00,16,DOMINGO,7,ENERO,1,NO,PEATON QUE CRUZA LA CALZADA SIN RESPETAR LA SENIALIZACION EXISTENTE (SEMAFOROS O SENIALES MANUALES).,ATROPELLOS,NO IDENTIFICADO,0,0,0,0,0,0,0,0,0,1,0,0,0,1,29,HOMBRE,LESIONADO,PEATON,NO,NO,1
25385,97038,97039,2021,1,0,-0.238968,-78.540302,PICHINCHA,QUITO,QUITO,URBANA,2021-01-17,16:40:00,16,DOMINGO,7,ENERO,1,NO,NO CEDER EL DERECHO DE VIA O PREFERENCIA DE PASO AL PEATON.,ATROPELLOS,NO IDENTIFICADO,0,0,0,0,0,0,0,0,0,1,0,0,0,1,28,MUJER,LESIONADO,PEATON,NO,NO,1
25386,97044,97045,2021,1,0,-0.443194,-78.688722,PICHINCHA,MEJIA,ALOAG,RURAL,2021-01-17,17:50:00,17,DOMINGO,7,ENERO,1,NO,CONDUCIR EN SENTIDO CONTRARIO A LA VIA NORMAL DE CIRCULACION.,CHOQUE FRONTAL,CAMION,1,0,0,1,0,0,0,0,0,0,0,0,0,2,-1,HOMBRE,LESIONADO,CONDUCTOR PRESENTE,NO,NO,3
25387,97052,97053,2021,0,0,-0.199767,-78.428809,PICHINCHA,QUITO,CUMBAYA,RURAL,2021-01-17,19:20:00,19,DOMINGO,7,ENERO,1,NO,CONDUCIR VEHICULO SUPERANDO LOS LIMITES MAXIMOS DE VELOCIDAD.,CHOQUE LATERAL,MOTOCICLETA,1,0,0,0,0,0,0,0,1,0,0,0,0,2,33,HOMBRE,ILESO,PASAJERO,NO,NO,3
25388,97053,97054,2021,0,0,-0.339451,-78.520823,PICHINCHA,QUITO,QUITO,URBANA,2021-01-17,19:20:00,19,DOMINGO,7,ENERO,1,NO,"FALLA MECANICA EN LOS SISTEMAS Y/O NEUMATICOS (SISTEMA DE FRENOS, DIRECCION, ELECTRONICO O MECANICO).",PERDIDA DE CARRIL,AUTOMOVIL,1,0,0,0,0,0,0,0,0,0,0,0,0,1,60,HOMBRE,ILESO,CONDUCTOR PRESENTE,NO,NO,1
25389,97057,97058,2021,0,0,-0.212824,-78.402686,PICHINCHA,QUITO,TUMBACO,RURAL,2021-01-17,21:00:00,21,DOMINGO,7,ENERO,1,NO,"FALLA MECANICA EN LOS SISTEMAS Y/O NEUMATICOS (SISTEMA DE FRENOS, DIRECCION, ELECTRONICO O MECANICO).",ESTRELLAMIENTOS,AUTOMOVIL,1,0,0,0,0,0,0,0,0,0,0,0,0,1,46,MUJER,ILESO,CONDUCTOR PRESENTE,NO,NO,3
25390,97078,97079,2021,1,0,-0.328479,-78.522294,PICHINCHA,QUITO,QUITO,URBANA,2021-01-18,07:30:00,7,LUNES,1,ENERO,1,NO,"CONDUCE BAJO LA INFLUENCIA DE ALCOHOL, SUSTANCIAS ESTUPEFACIENTES O PSICOTROPICAS Y/O MEDICAMENTOS.",CHOQUE POSTERIOR,ESPECIAL,1,0,0,0,0,0,1,0,0,0,0,0,0,2,26,HOMBRE,LESIONADO,CONDUCTOR PRESENTE,NO,NO,1
25391,97079,97080,2021,1,0,-0.127598,-78.509853,PICHINCHA,QUITO,QUITO,URBANA,2021-01-18,07:40:00,7,LUNES,1,ENERO,1,NO,"CONDUCIR DESATENTO A LAS CONDICIONES DE TRANSITO (CELULAR, PANTALLAS DE VIDEO, COMIDA, MAQUILLAJE O CUALQUIER OTRO ELEMENTO DISTRACTOR).",CHOQUE LATERAL,AUTOMOVIL,2,0,0,0,0,0,0,0,0,0,0,0,0,2,29,HOMBRE,LESIONADO,CONDUCTOR PRESENTE,NO,NO,1
25392,97086,97087,2021,0,0,-0.211196,-78.498032,PICHINCHA,QUITO,QUITO,URBANA,2021-01-18,11:00:00,11,LUNES,1,ENERO,1,NO,CONDUCIR VEHICULO SUPERANDO LOS LIMITES MAXIMOS DE VELOCIDAD.,CHOQUE LATERAL,AUTOMOVIL,2,0,0,0,0,0,0,0,0,0,0,0,0,2,38,HOMBRE,ILESO,CONDUCTOR PRESENTE,NO,NO,1
25393,97087,97088,2021,1,0,-0.141491,-78.495693,PICHINCHA,QUITO,QUITO,URBANA,2021-01-18,11:40:00,11,LUNES,1,ENERO,1,NO,"NO RESPETAR LAS SENIALES REGLAMENTARIAS DE TRANSITO. (PARE, CEDA EL PASO, LUZ ROJA DEL SEMAFORO, ETC).",CHOQUE LATERAL,CAMIONETA,0,0,0,0,1,0,0,0,1,0,0,0,0,2,56,HOMBRE,LESIONADO,CONDUCTOR PRESENTE,NO,NO,1
25394,97091,97092,2021,1,0,-0.320658,-78.549568,PICHINCHA,QUITO,QUITO,URBANA,2021-01-18,13:20:00,13,LUNES,1,ENERO,1,NO,REALIZAR CAMBIO BRUSCO O INDEBIDO DE CARRIL.,CHOQUE LATERAL,BUS,0,0,2,0,0,0,0,0,0,0,0,0,0,2,24,HOMBRE,LESIONADO,PASAJERO,NO,NO,1
25395,97100,97101,2021,0,0,-0.148471,-78.498271,PICHINCHA,QUITO,QUITO,URBANA,2021-01-18,17:35:00,17,LUNES,1,ENERO,1,NO,"NO RESPETAR LAS SENIALES REGLAMENTARIAS DE TRANSITO. (PARE, CEDA EL PASO, LUZ ROJA DEL SEMAFORO, ETC).",CHOQUE POSTERIOR,CAMIONETA,0,0,0,0,1,0,0,1,0,0,0,0,0,2,27,HOMBRE,ILESO,CONDUCTOR PRESENTE,NO,NO,1
25396,97110,97111,2021,2,0,-0.181249,-78.505204,PICHINCHA,QUITO,QUITO,URBANA,2021-01-18,20:30:00,20,LUNES,1,ENERO,1,NO,"CONDUCE BAJO LA INFLUENCIA DE ALCOHOL, SUSTANCIAS ESTUPEFACIENTES O PSICOTROPICAS Y/O MEDICAMENTOS.",ROZAMIENTOS,CAMIONETA,0,0,0,0,1,0,0,0,1,0,0,0,0,2,40,MUJER,LESIONADO,PASAJERO,NO,NO,1
25397,97124,97125,2021,0,1,-0.128956,-78.484893,PICHINCHA,QUITO,QUITO,URBANA,2021-01-19,11:05:00,11,MARTES,2,ENERO,1,NO,CONDUCIR VEHICULO SUPERANDO LOS LIMITES MAXIMOS DE VELOCIDAD.,ROZAMIENTOS,MOTOCICLETA,1,0,0,0,0,0,0,0,1,0,0,0,0,2,25,HOMBRE,FALLECIDO,CONDUCTOR PRESENTE,NO,NO,1
25398,97126,97127,2021,1,0,-0.547587,-78.585649,PICHINCHA,MEJIA,MACHACHI,RURAL,2021-01-19,11:20:00,11,MARTES,2,ENERO,1,NO,"CONDUCIR DESATENTO A LAS CONDICIONES DE TRANSITO (CELULAR, PANTALLAS DE VIDEO, COMIDA, MAQUILLAJE O CUALQUIER OTRO ELEMENTO DISTRACTOR).",ATROPELLOS,NO IDENTIFICADO,0,0,0,0,0,0,0,0,0,1,0,0,0,1,72,MUJER,LESIONADO,PEATON,NO,SI,3
25399,97128,97129,2021,0,0,-0.289913,-78.537629,PICHINCHA,QUITO,QUITO,URBANA,2021-01-19,12:37:00,12,MARTES,2,ENERO,1,NO,"CONDUCE BAJO LA INFLUENCIA DE ALCOHOL, SUSTANCIAS ESTUPEFACIENTES O PSICOTROPICAS Y/O MEDICAMENTOS.",ESTRELLAMIENTOS,AUTOMOVIL,1,0,0,0,0,0,0,0,0,0,0,0,0,1,28,HOMBRE,ILESO,CONDUCTOR PRESENTE,NO,NO,1
25400,97135,97136,2021,0,0,-0.049083,-78.421844,PICHINCHA,QUITO,CALDERON (CARAPUNGO),RURAL,2021-01-19,15:35:00,15,MARTES,2,ENERO,1,NO,CONDUCIR VEHICULO SUPERANDO LOS LIMITES MAXIMOS DE VELOCIDAD.,ESTRELLAMIENTOS,ESPECIAL,0,0,0,0,0,0,1,0,0,0,0,0,0,1,42,HOMBRE,ILESO,CONDUCTOR PRESENTE,NO,NO,3
25401,97137,97138,2021,0,0,-0.227487,-78.522271,PICHINCHA,QUITO,QUITO,URBANA,2021-01-19,17:25:00,17,MARTES,2,ENERO,1,NO,"NO RESPETAR LAS SENIALES REGLAMENTARIAS DE TRANSITO. (PARE, CEDA EL PASO, LUZ ROJA DEL SEMAFORO, ETC).",CHOQUE LATERAL,AUTOMOVIL,2,0,0,0,0,0,0,0,0,0,0,0,0,2,32,HOMBRE,ILESO,CONDUCTOR PRESENTE,NO,NO,1
25402,97140,97141,2021,1,0,-0.208262,-78.521715,PICHINCHA,QUITO,QUITO,URBANA,2021-01-19,18:10:00,18,MARTES,2,ENERO,1,NO,CONDUCIR VEHICULO SUPERANDO LOS LIMITES MAXIMOS DE VELOCIDAD.,PERDIDA DE CARRIL,BICICLETA,0,1,0,0,0,0,0,0,0,0,0,0,0,1,22,HOMBRE,LESIONADO,CONDUCTOR PRESENTE,NO,NO,1
25403,97152,97153,2021,0,0,-0.230457,-78.484547,PICHINCHA,QUITO,QUITO,URBANA,2021-01-19,23:30:00,23,MARTES,2,ENERO,1,NO,"PRESENCIA DE AGENTES EXTERNOS EN LA VIA (AGUA, ACEITE, PIEDRA, LASTRE, ESCOMBROS, MADEROS, ETC.).",PERDIDA DE CARRIL,AUTOMOVIL,1,0,0,0,0,0,0,0,0,0,0,0,0,1,32,MUJER,ILESO,CONDUCTOR PRESENTE,NO,NO,1
25404,97154,97155,2021,1,0,0.133691,-78.185491,PICHINCHA,CAYAMBE,SAN JOSE DE AYORA,RURAL,2021-01-20,02:00:00,2,MIERCOLES,3,ENERO,1,NO,"CONDUCIR DESATENTO A LAS CONDICIONES DE TRANSITO (CELULAR, PANTALLAS DE VIDEO, COMIDA, MAQUILLAJE O CUALQUIER OTRO ELEMENTO DISTRACTOR).",ESTRELLAMIENTOS,AUTOMOVIL,1,0,0,0,0,0,0,0,0,0,0,0,0,1,20,HOMBRE,LESIONADO,CONDUCTOR PRESENTE,NO,SI,3
25405,97166,97167,2021,1,0,-0.282701,-78.544403,PICHINCHA,QUITO,QUITO,URBANA,2021-01-20,11:00:00,11,MIERCOLES,3,ENERO,1,NO,"CONDUCE BAJO LA INFLUENCIA DE ALCOHOL, SUSTANCIAS ESTUPEFACIENTES O PSICOTROPICAS Y/O MEDICAMENTOS.",CHOQUE POSTERIOR,AUTOMOVIL,1,0,0,0,0,0,0,0,1,0,0,0,0,2,26,HOMBRE,LESIONADO,CONDUCTOR PRESENTE,NO,NO,1
25406,97181,97182,2021,0,0,-0.328239,-78.538128,PICHINCHA,QUITO,QUITO,URBANA,2021-01-20,18:20:00,18,MIERCOLES,3,ENERO,1,NO,CONDUCIR VEHICULO SUPERANDO LOS LIMITES MAXIMOS DE VELOCIDAD.,CHOQUE LATERAL,MOTOCICLETA,0,0,0,0,0,0,0,0,1,1,0,0,0,2,20,HOMBRE,ILESO,CONDUCTOR PRESENTE,NO,NO,1
25407,97201,97202,2021,0,1,-0.277636,-78.557628,PICHINCHA,QUITO,QUITO,URBANA,2021-01-21,03:00:00,3,JUEVES,4,ENERO,1,NO,CONDUCIR VEHICULO SUPERANDO LOS LIMITES MAXIMOS DE VELOCIDAD.,ATROPELLOS,NO IDENTIFICADO,0,0,0,0,0,0,0,0,0,1,0,0,0,1,52,HOMBRE,FALLECIDO,PEATON,NO,NO,1
25408,97204,97205,2021,0,0,-0.192907,-78.485359,PICHINCHA,QUITO,QUITO,URBANA,2021-01-21,04:10:00,4,JUEVES,4,ENERO,1,NO,CONDUCIR VEHICULO SUPERANDO LOS LIMITES MAXIMOS DE VELOCIDAD.,OTROS,MOTOCICLETA,0,0,0,0,0,0,0,0,1,0,0,0,0,1,-1,NO IDENTIFICADO,NO IDENTIFICADO,CONDUCTOR AUSENTE,NO,NO,2
25409,97207,97208,2021,1,0,-0.314218,-78.553464,PICHINCHA,QUITO,QUITO,URBANA,2021-01-21,08:15:00,8,JUEVES,4,ENERO,1,NO,"CONDUCE BAJO LA INFLUENCIA DE ALCOHOL, SUSTANCIAS ESTUPEFACIENTES O PSICOTROPICAS Y/O MEDICAMENTOS.",CHOQUE POSTERIOR,CAMION,0,0,0,1,1,0,0,0,0,0,0,0,0,2,31,HOMBRE,LESIONADO,CONDUCTOR PRESENTE,NO,NO,1
25410,97208,97209,2021,1,0,-0.160268,-78.473612,PICHINCHA,QUITO,QUITO,URBANA,2021-01-21,08:20:00,8,JUEVES,4,ENERO,1,NO,CONDUCIR VEHICULO SUPERANDO LOS LIMITES MAXIMOS DE VELOCIDAD.,CHOQUE LATERAL,MOTOCICLETA,1,0,0,0,0,0,0,0,1,0,0,0,0,2,28,HOMBRE,LESIONADO,CONDUCTOR PRESENTE,NO,NO,1
25411,97218,97219,2021,0,1,0.066598,-79.246888,PICHINCHA,PUERTO QUITO,PUERTO QUITO,RURAL,2021-01-21,13:39:00,13,JUEVES,4,ENERO,1,NO,"CONDUCIR DESATENTO A LAS CONDICIONES DE TRANSITO (CELULAR, PANTALLAS DE VIDEO, COMIDA, MAQUILLAJE O CUALQUIER OTRO ELEMENTO DISTRACTOR).",VOLCAMIENTOS,MOTOCICLETA,0,0,0,0,0,0,0,0,1,0,0,0,0,1,27,HOMBRE,FALLECIDO,CONDUCTOR PRESENTE,NO,SI,3
25412,97220,97221,2021,0,0,-0.320529,-78.553926,PICHINCHA,QUITO,QUITO,URBANA,2021-01-21,14:25:00,14,JUEVES,4,ENERO,1,NO,NO CEDER EL DERECHO DE VIA O PREFERENCIA DE PASO A VEHICULOS.,CHOQUE LATERAL,MOTOCICLETA,0,0,0,0,0,0,0,0,1,1,0,0,0,2,46,HOMBRE,ILESO,CONDUCTOR PRESENTE,NO,NO,1
25413,97222,97223,2021,0,0,-0.153686,-78.466973,PICHINCHA,QUITO,QUITO,URBANA,2021-01-21,16:00:00,16,JUEVES,4,ENERO,1,NO,"CONDUCE BAJO LA INFLUENCIA DE ALCOHOL, SUSTANCIAS ESTUPEFACIENTES O PSICOTROPICAS Y/O MEDICAMENTOS.",ESTRELLAMIENTOS,MOTOCICLETA,0,0,0,1,0,0,0,0,1,0,0,0,0,2,43,HOMBRE,ILESO,CONDUCTOR PRESENTE,NO,NO,1
25414,97233,97234,2021,1,0,-0.292724,-78.476486,PICHINCHA,QUITO,CONOCOTO,RURAL,2021-01-21,23:45:00,23,JUEVES,4,ENERO,1,NO,"CONDUCE BAJO LA INFLUENCIA DE ALCOHOL, SUSTANCIAS ESTUPEFACIENTES O PSICOTROPICAS Y/O MEDICAMENTOS.",ARROLLAMIENTOS,AUTOMOVIL,1,0,0,0,0,0,0,0,0,0,0,0,0,1,35,HOMBRE,LESIONADO,PEATON,NO,NO,3
25415,97234,97235,2021,0,0,-0.163058,-78.475467,PICHINCHA,QUITO,QUITO,URBANA,2021-01-22,00:10:00,0,VIERNES,5,ENERO,1,NO,"NO RESPETAR LAS SENIALES REGLAMENTARIAS DE TRANSITO. (PARE, CEDA EL PASO, LUZ ROJA DEL SEMAFORO, ETC).",ESTRELLAMIENTOS,AUTOMOVIL,1,0,0,0,0,0,0,0,0,0,0,0,0,1,25,HOMBRE,ILESO,CONDUCTOR PRESENTE,NO,NO,1
25416,97236,97237,2021,1,1,-0.018204,-78.452686,PICHINCHA,QUITO,SAN ANTONIO (QUITO),RURAL,2021-01-22,00:30:00,0,VIERNES,5,ENERO,1,NO,"CONDUCE BAJO LA INFLUENCIA DE ALCOHOL, SUSTANCIAS ESTUPEFACIENTES O PSICOTROPICAS Y/O MEDICAMENTOS.",PERDIDA DE CARRIL,MOTOCICLETA,0,0,0,0,0,0,0,0,1,0,0,0,0,1,18,HOMBRE,FALLECIDO,PASAJERO,NO,SI,3
25417,97238,97239,2021,0,0,-0.190589,-78.480948,PICHINCHA,QUITO,QUITO,URBANA,2021-01-22,01:20:00,1,VIERNES,5,ENERO,1,NO,CONDUCIR VEHICULO SUPERANDO LOS LIMITES MAXIMOS DE VELOCIDAD.,ESTRELLAMIENTOS,AUTOMOVIL,1,0,0,0,0,0,0,0,0,0,0,0,0,1,-1,NO IDENTIFICADO,NO IDENTIFICADO,CONDUCTOR AUSENTE,NO,NO,2
25418,97245,97246,2021,1,0,-0.442501,-78.716111,PICHINCHA,MEJIA,MANUEL CORNEJO ASTORGA,RURAL,2021-01-22,07:50:00,7,VIERNES,5,ENERO,1,NO,"CONDUCIR DESATENTO A LAS CONDICIONES DE TRANSITO (CELULAR, PANTALLAS DE VIDEO, COMIDA, MAQUILLAJE O CUALQUIER OTRO ELEMENTO DISTRACTOR).",PERDIDA DE PISTA,AUTOMOVIL,1,0,0,0,0,0,0,0,0,0,0,0,0,1,-1,HOMBRE,LESIONADO,CONDUCTOR PRESENTE,NO,NO,3
25419,97260,97261,2021,1,0,-0.197826,-78.466466,PICHINCHA,QUITO,QUITO,RURAL,2021-01-22,12:50:00,12,VIERNES,5,ENERO,1,NO,CONDUCIR VEHICULO SUPERANDO LOS LIMITES MAXIMOS DE VELOCIDAD.,ESTRELLAMIENTOS,AUTOMOVIL,1,0,0,0,0,0,0,0,0,0,0,0,0,1,54,MUJER,LESIONADO,PASAJERO,NO,NO,3