,Unnamed: 0,ID,ANIO,LESIONADOS,FALLECIDOS,LATITUD_Y,LONGITUD_X,PROVINCIA,CANTON,PARROQUIA,ZONA,FECHA,HORA,PERIODO_2,DIA_1,DIA_2,MES_1,MES_2,FERIADO,CAUSA_PROBABLE,TIPO_DE_SINIESTRO,TIPO_DE_VEHICULO_1,AUTOMOVIL,BICICLETA,BUS,CAMION,CAMIONETA,EMERGENCIAS,ESPECIAL,FURGONETA,MOTOCICLETA,NO_IDENTIFICADO,SCOOTER_ELECTRICO,TRICIMOTO,VEHICULO_DEPORTIVO_UTILITARIO,SUMA_DE_VEHICULOS,EDAD_1,SEXO_1,CONDICION_1,PARTICIPANTE_1,CASCO_1,CINTURON_1,KMeans_Cluster
25420,97261,97262,2021,0,0,-0.281321,-78.494625,PICHINCHA,QUITO,CONOCOTO,RURAL,2021-01-22,13:10:00,13,VIERNES,5,ENERO,1,NO,"CONDICIONES AMBIENTALES Y/O ATMOSFERICAS (NIEBLA, NEBLINA, GRANIZO, LLUVIA).",CHOQUE FRONTAL,CAMIONETA,0,0,0,0,2,0,0,0,0,0,0,0,0,2,29,HOMBRE,ILESO,CONDUCTOR PRESENTE,NO,NO,3
25421,97263,97264,2021,1,0,-0.206635,-78.380871,PICHINCHA,QUITO,TUMBACO,RURAL,2021-01-22,14:00:00,14,VIERNES,5,ENERO,1,NO,NO MANTENER LA DISTANCIA PRUDENCIAL CON RESPECTO AL VEHICULO QUE LE ANTECEDE.,CHOQUE POSTERIOR,MOTOCICLETA,0,0,0,0,1,0,0,0,1,0,0,0,0,2,12,HOMBRE,LESIONADO,PASAJERO,NO,NO,3
25422,97265,97266,2021,0,0,-0.209103,-78.508432,PICHINCHA,QUITO,QUITO,URBANA,2021-01-22,14:30:00,14,VIERNES,5,ENERO,1,NO,"CONDUCE BAJO LA INFLUENCIA DE ALCOHOL, SUSTANCIAS ESTUPEFACIENTES O PSICOTROPICAS Y/O MEDICAMENTOS.",ESTRELLAMIENTOS,AUTOMOVIL,2,0,0,0,0,0,0,0,0,0,0,0,0,2,65,HOMBRE,ILESO,CONDUCTOR PRESENTE,NO,NO,1
25423,97268,97269,2021,2,0,-0.273825,-78.510216,PICHINCHA,QUITO,QUITO,URBANA,2021-01-22,15:20:00,15,VIERNES,5,ENERO,1,NO,"CONDICIONES AMBIENTALES Y/O ATMOSFERICAS (NIEBLA, NEBLINA, GRANIZO, LLUVIA).",CHOQUE POSTERIOR,BUS,0,0,1,1,0,0,0,0,0,0,0,0,0,2,24,HOMBRE,LESIONADO,PASAJERO,NO,NO,1
25424,97270,97271,2021,1,0,-0.180103,-78.489285,PICHINCHA,QUITO,QUITO,URBANA,2021-01-22,15:50:00,15,VIERNES,5,ENERO,1,NO,NO CEDER EL DERECHO DE VIA O PREFERENCIA DE PASO A VEHICULOS.,CHOQUE LATERAL,FURGONETA,0,0,0,0,0,0,0,1,1,0,0,0,0,2,36,HOMBRE,LESIONADO,CONDUCTOR PRESENTE,NO,NO,1
25425,97274,97275,2021,0,0,0.045707,-78.172365,PICHINCHA,PEDRO MONCAYO,TABACUNDO,RURAL,2021-01-22,17:30:00,17,VIERNES,5,ENERO,1,NO,"CONDUCE BAJO LA INFLUENCIA DE ALCOHOL, SUSTANCIAS ESTUPEFACIENTES O PSICOTROPICAS Y/O MEDICAMENTOS.",CHOQUE FRONTAL,AUTOMOVIL,1,0,0,1,0,0,0,0,0,0,0,0,0,2,33,HOMBRE,ILESO,CONDUCTOR PRESENTE,NO,SI,3
25426,97281,97282,2021,0,0,-0.308006,-78.559416,PICHINCHA,QUITO,QUITO,URBANA,2021-01-22,19:15:00,19,VIERNES,5,ENERO,1,NO,CONDUCIR VEHICULO SUPERANDO LOS LIMITES MAXIMOS DE VELOCIDAD.,OTROS,AUTOMOVIL,1,0,0,0,1,0,0,0,0,0,0,0,0,2,64,HOMBRE,ILESO,CONDUCTOR PRESENTE,NO,NO,1
25427,97288,97289,2021,0,0,-0.129332,-78.494021,PICHINCHA,QUITO,QUITO,URBANA,2021-01-22,22:00:00,22,VIERNES,5,ENERO,1,NO,CONDUCIR VEHICULO SUPERANDO LOS LIMITES MAXIMOS DE VELOCIDAD.,OTROS,AUTOMOVIL,1,0,0,0,0,0,0,0,0,0,0,0,0,1,-1,NO IDENTIFICADO,NO IDENTIFICADO,CONDUCTOR AUSENTE,NO,NO,2
25428,97292,97293,2021,0,0,-0.179728,-78.510803,PICHINCHA,QUITO,QUITO,URBANA,2021-01-22,22:23:00,22,VIERNES,5,ENERO,1,NO,CONDUCIR VEHICULO SUPERANDO LOS LIMITES MAXIMOS DE VELOCIDAD.,OTROS,AUTOMOVIL,2,0,0,0,0,0,0,0,0,0,0,0,0,2,-1,NO IDENTIFICADO,NO IDENTIFICADO,CONDUCTOR AUSENTE,NO,NO,2
25429,97293,97294,2021,0,0,0.030851,-78.144607,PICHINCHA,CAYAMBE,CAYAMBE,URBANA,2021-01-22,23:00:00,23,VIERNES,5,ENERO,1,NO,"CONDUCIR DESATENTO A LAS CONDICIONES DE TRANSITO (CELULAR, PANTALLAS DE VIDEO, COMIDA, MAQUILLAJE O CUALQUIER OTRO ELEMENTO DISTRACTOR).",ESTRELLAMIENTOS,AUTOMOVIL,1,0,0,0,0,0,0,0,0,0,0,0,0,1,-1,NO IDENTIFICADO,NO IDENTIFICADO,CONDUCTOR AUSENTE,NO,SI,2
25430,97294,97295,2021,0,0,-0.207363,-78.512548,PICHINCHA,QUITO,QUITO,URBANA,2021-01-22,23:10:00,23,VIERNES,5,ENERO,1,NO,"CONDICIONES AMBIENTALES Y/O ATMOSFERICAS (NIEBLA, NEBLINA, GRANIZO, LLUVIA).",CHOQUE LATERAL,AUTOMOVIL,1,0,0,0,1,0,0,0,0,0,0,0,0,2,39,HOMBRE,ILESO,CONDUCTOR PRESENTE,NO,NO,1
25431,97295,97296,2021,0,0,-0.196087,-78.495258,PICHINCHA,QUITO,QUITO,URBANA,2021-01-22,23:37:00,23,VIERNES,5,ENERO,1,NO,"CONDICIONES AMBIENTALES Y/O ATMOSFERICAS (NIEBLA, NEBLINA, GRANIZO, LLUVIA).",ESTRELLAMIENTOS,CAMIONETA,0,0,0,0,1,0,0,0,0,0,0,0,0,1,-1,NO IDENTIFICADO,NO IDENTIFICADO,CONDUCTOR AUSENTE,NO,NO,2
25432,97302,97303,2021,1,0,-0.244435,-78.482091,PICHINCHA,QUITO,QUITO,URBANA,2021-01-23,03:10:00,3,SABADO,6,ENERO,1,NO,CONDUCIR VEHICULO SUPERANDO LOS LIMITES MAXIMOS DE VELOCIDAD.,ESTRELLAMIENTOS,AUTOMOVIL,1,0,0,0,0,0,0,0,0,0,0,0,0,1,36,HOMBRE,LESIONADO,PASAJERO,NO,NO,1
25433,97306,97307,2021,0,0,-0.094184,-78.470621,PICHINCHA,QUITO,QUITO,URBANA,2021-01-23,03:40:00,3,SABADO,6,ENERO,1,NO,"CONDICIONES AMBIENTALES Y/O ATMOSFERICAS (NIEBLA, NEBLINA, GRANIZO, LLUVIA).",PERDIDA DE CARRIL,FURGONETA,0,0,0,0,0,0,0,1,0,0,0,0,0,1,-1,NO IDENTIFICADO,NO IDENTIFICADO,CONDUCTOR AUSENTE,NO,NO,2
25434,97308,97309,2021,0,0,-0.020467,-78.562315,PICHINCHA,QUITO,NONO,RURAL,2021-01-23,04:15:00,4,SABADO,6,ENERO,1,NO,"CONDICIONES AMBIENTALES Y/O ATMOSFERICAS (NIEBLA, NEBLINA, GRANIZO, LLUVIA).",CHOQUE LATERAL,AUTOMOVIL,1,0,0,0,1,0,0,0,0,0,0,0,0,2,22,HOMBRE,ILESO,CONDUCTOR PRESENTE,NO,NO,3
25435,97321,97322,2021,1,0,-0.211246,-78.414024,PICHINCHA,QUITO,TUMBACO,RURAL,2021-01-23,09:30:00,9,SABADO,6,ENERO,1,NO,"NO RESPETAR LAS SENIALES REGLAMENTARIAS DE TRANSITO. (PARE, CEDA EL PASO, LUZ ROJA DEL SEMAFORO, ETC).",CHOQUE LATERAL,AUTOMOVIL,2,0,0,0,0,0,0,0,0,0,0,0,0,2,18,MUJER,LESIONADO,PASAJERO,NO,NO,3
25436,97326,97327,2021,0,0,-0.328389,-78.543675,PICHINCHA,QUITO,QUITO,URBANA,2021-01-23,12:00:00,12,SABADO,6,ENERO,1,NO,NO CEDER EL DERECHO DE VIA O PREFERENCIA DE PASO A VEHICULOS.,CHOQUE LATERAL,CAMIONETA,1,0,0,0,1,0,0,0,0,0,0,0,0,2,30,HOMBRE,ILESO,CONDUCTOR PRESENTE,NO,NO,1
25437,97327,97328,2021,0,0,-0.308113,-78.561892,PICHINCHA,QUITO,QUITO,URBANA,2021-01-23,12:40:00,12,SABADO,6,ENERO,1,NO,"CONDUCE BAJO LA INFLUENCIA DE ALCOHOL, SUSTANCIAS ESTUPEFACIENTES O PSICOTROPICAS Y/O MEDICAMENTOS.",ESTRELLAMIENTOS,AUTOMOVIL,2,0,0,1,0,0,0,0,0,0,0,0,0,3,30,HOMBRE,ILESO,CONDUCTOR PRESENTE,NO,NO,1
25438,97333,97334,2021,1,0,-0.197896,-78.487472,PICHINCHA,QUITO,QUITO,URBANA,2021-01-23,13:55:00,13,SABADO,6,ENERO,1,NO,"NO RESPETAR LAS SENIALES REGLAMENTARIAS DE TRANSITO. (PARE, CEDA EL PASO, LUZ ROJA DEL SEMAFORO, ETC).",CHOQUE LATERAL,MOTOCICLETA,1,0,0,0,0,0,0,0,1,0,0,0,0,2,20,HOMBRE,LESIONADO,CONDUCTOR PRESENTE,NO,NO,1
25439,97337,97338,2021,0,0,-0.281607,-78.471114,PICHINCHA,QUITO,CONOCOTO,URBANA,2021-01-23,14:55:00,14,SABADO,6,ENERO,1,NO,"CONDUCIR DESATENTO A LAS CONDICIONES DE TRANSITO (CELULAR, PANTALLAS DE VIDEO, COMIDA, MAQUILLAJE O CUALQUIER OTRO ELEMENTO DISTRACTOR).",COLISION,VEHICULO DEPORTIVO UTILITARIO,1,0,0,0,1,0,0,0,0,0,0,0,2,4,73,HOMBRE,ILESO,CONDUCTOR PRESENTE,NO,SI,1
25440,97341,97342,2021,0,0,0.045741,-78.188166,PICHINCHA,PEDRO MONCAYO,TABACUNDO,RURAL,2021-01-23,16:20:00,16,SABADO,6,ENERO,1,NO,"CONDUCE BAJO LA INFLUENCIA DE ALCOHOL, SUSTANCIAS ESTUPEFACIENTES O PSICOTROPICAS Y/O MEDICAMENTOS.",CHOQUE FRONTAL,CAMION,1,0,0,1,0,0,0,0,0,0,0,0,0,2,47,HOMBRE,ILESO,CONDUCTOR PRESENTE,NO,SI,3
25441,97343,97344,2021,1,0,-0.076901,-78.466201,PICHINCHA,QUITO,QUITO,URBANA,2021-01-23,16:55:00,16,SABADO,6,ENERO,1,NO,CONDUCIR VEHICULO SUPERANDO LOS LIMITES MAXIMOS DE VELOCIDAD.,ESTRELLAMIENTOS,BUS,0,0,1,0,0,0,0,0,0,0,0,0,0,1,41,HOMBRE,LESIONADO,PASAJERO,NO,NO,1
25442,97348,97349,2021,1,0,-0.258171,-78.551881,PICHINCHA,QUITO,QUITO,URBANA,2021-01-23,18:10:00,18,SABADO,6,ENERO,1,NO,NO CEDER EL DERECHO DE VIA O PREFERENCIA DE PASO A VEHICULOS.,CHOQUE LATERAL,BICICLETA,1,1,0,0,0,0,0,0,0,0,0,0,0,2,22,HOMBRE,LESIONADO,CONDUCTOR PRESENTE,NO,NO,1
25443,97363,97364,2021,1,0,-0.255497,-78.541508,PICHINCHA,QUITO,QUITO,URBANA,2021-01-23,19:50:00,19,SABADO,6,ENERO,1,NO,PEATON QUE CRUZA LA CALZADA SIN RESPETAR LA SENIALIZACION EXISTENTE (SEMAFOROS O SENIALES MANUALES).,ATROPELLOS,AUTOMOVIL,1,0,0,0,0,0,0,0,0,0,0,0,0,1,53,HOMBRE,LESIONADO,PEATON,NO,NO,1
25444,97375,97376,2021,1,0,-0.333569,-78.526129,PICHINCHA,QUITO,QUITO,URBANA,2021-01-23,21:45:00,21,SABADO,6,ENERO,1,NO,NO CEDER EL DERECHO DE VIA O PREFERENCIA DE PASO AL PEATON.,ATROPELLOS,AUTOMOVIL,1,0,0,0,0,0,0,0,0,0,0,0,0,1,21,MUJER,LESIONADO,PEATON,NO,NO,1
25445,97387,97388,2021,0,0,-0.264263,-78.550014,PICHINCHA,QUITO,QUITO,URBANA,2021-01-24,00:05:00,0,DOMINGO,7,ENERO,1,NO,"NO RESPETAR LAS SENIALES REGLAMENTARIAS DE TRANSITO. (PARE, CEDA EL PASO, LUZ ROJA DEL SEMAFORO, ETC).",ESTRELLAMIENTOS,CAMION,0,0,0,1,0,0,0,0,0,0,0,0,0,1,-1,NO IDENTIFICADO,NO IDENTIFICADO,CONDUCTOR AUSENTE,NO,NO,2
25446,97390,97391,2021,0,0,-0.105373,-78.462381,PICHINCHA,QUITO,QUITO,RURAL,2021-01-24,00:50:00,0,DOMINGO,7,ENERO,1,NO,NO CEDER EL DERECHO DE VIA O PREFERENCIA DE PASO A VEHICULOS.,OTROS,AUTOMOVIL,2,0,0,0,0,0,0,0,0,0,0,0,0,2,-1,NO IDENTIFICADO,NO IDENTIFICADO,CONDUCTOR AUSENTE,NO,NO,2
25447,97393,97394,2021,0,0,-0.092837,-78.448227,PICHINCHA,QUITO,CALDERON (CARAPUNGO),RURAL,2021-01-24,01:30:00,1,DOMINGO,7,ENERO,1,NO,CONDUCIR VEHICULO SUPERANDO LOS LIMITES MAXIMOS DE VELOCIDAD.,ESTRELLAMIENTOS,CAMION,0,0,0,2,0,0,0,0,0,0,0,0,0,2,21,HOMBRE,ILESO,CONDUCTOR PRESENTE,NO,NO,3
25448,97395,97396,2021,0,0,-0.233928,-78.526277,PICHINCHA,QUITO,QUITO,URBANA,2021-01-24,02:00:00,2,DOMINGO,7,ENERO,1,NO,CONDUCIR VEHICULO SUPERANDO LOS LIMITES MAXIMOS DE VELOCIDAD.,ESTRELLAMIENTOS,AUTOMOVIL,1,0,0,0,0,0,0,0,0,0,0,0,0,1,-1,NO IDENTIFICADO,NO IDENTIFICADO,CONDUCTOR AUSENTE,NO,NO,2
25449,97396,97397,2021,3,0,-0.105373,-78.462381,PICHINCHA,QUITO,QUITO,RURAL,2021-01-24,02:15:00,2,DOMINGO,7,ENERO,1,NO,"CONDUCE BAJO LA INFLUENCIA DE ALCOHOL, SUSTANCIAS ESTUPEFACIENTES O PSICOTROPICAS Y/O MEDICAMENTOS.",ATROPELLOS,AUTOMOVIL,2,0,0,0,0,0,0,0,0,0,0,0,0,2,22,MUJER,LESIONADO,PEATON,NO,NO,3
25450,97414,97415,2021,0,0,-0.203003,-78.487345,PICHINCHA,QUITO,QUITO,URBANA,2021-01-24,10:10:00,10,DOMINGO,7,ENERO,1,NO,"NO RESPETAR LAS SENIALES REGLAMENTARIAS DE TRANSITO. (PARE, CEDA EL PASO, LUZ ROJA DEL SEMAFORO, ETC).",CHOQUE LATERAL,AUTOMOVIL,2,0,0,0,0,0,0,0,0,0,0,0,0,2,59,HOMBRE,ILESO,CONDUCTOR PRESENTE,NO,NO,1
25451,97416,97417,2021,0,0,-0.329384,-78.540548,PICHINCHA,QUITO,QUITO,URBANA,2021-01-24,10:30:00,10,DOMINGO,7,ENERO,1,NO,NO CEDER EL DERECHO DE VIA O PREFERENCIA DE PASO A VEHICULOS.,CHOQUE LATERAL,CAMIONETA,1,0,0,0,1,0,0,0,0,0,0,0,0,2,20,HOMBRE,ILESO,CONDUCTOR PRESENTE,NO,NO,1
25452,97425,97426,2021,0,0,-0.306009,-78.449987,PICHINCHA,RUMINIAHUI,SANGOLQUI,URBANA,2021-01-24,16:10:00,16,DOMINGO,7,ENERO,1,NO,"CONDUCIR DESATENTO A LAS CONDICIONES DE TRANSITO (CELULAR, PANTALLAS DE VIDEO, COMIDA, MAQUILLAJE O CUALQUIER OTRO ELEMENTO DISTRACTOR).",ESTRELLAMIENTOS,MOTOCICLETA,0,0,0,0,0,0,0,0,3,0,0,0,1,4,35,HOMBRE,ILESO,CONDUCTOR PRESENTE,NO,SI,1
25453,97427,97428,2021,0,0,-0.091585,-78.439052,PICHINCHA,QUITO,CALDERON (CARAPUNGO),RURAL,2021-01-24,17:00:00,17,DOMINGO,7,ENERO,1,NO,"CONDUCE BAJO LA INFLUENCIA DE ALCOHOL, SUSTANCIAS ESTUPEFACIENTES O PSICOTROPICAS Y/O MEDICAMENTOS.",CHOQUE FRONTAL,BUS,1,0,1,0,0,0,0,0,0,0,0,0,0,2,49,HOMBRE,ILESO,CONDUCTOR PRESENTE,NO,NO,3
25454,97432,97433,2021,0,0,-0.268926,-78.498167,PICHINCHA,QUITO,CONOCOTO,URBANA,2021-01-24,18:30:00,18,DOMINGO,7,ENERO,1,NO,"FALLA MECANICA EN LOS SISTEMAS Y/O NEUMATICOS (SISTEMA DE FRENOS, DIRECCION, ELECTRONICO O MECANICO).",ESTRELLAMIENTOS,CAMIONETA,1,0,0,0,2,0,0,0,0,0,0,0,0,3,54,HOMBRE,ILESO,CONDUCTOR PRESENTE,NO,NO,1
25455,97434,97435,2021,0,0,-0.386651,-78.549591,PICHINCHA,MEJIA,CUTUGLAHUA,RURAL,2021-01-24,19:10:00,19,DOMINGO,7,ENERO,1,NO,"CONDUCIR DESATENTO A LAS CONDICIONES DE TRANSITO (CELULAR, PANTALLAS DE VIDEO, COMIDA, MAQUILLAJE O CUALQUIER OTRO ELEMENTO DISTRACTOR).",ESTRELLAMIENTOS,AUTOMOVIL,1,0,0,0,0,0,0,0,0,0,0,0,0,1,-1,NO IDENTIFICADO,NO IDENTIFICADO,CONDUCTOR AUSENTE,NO,SI,2
25456,97443,97444,2021,0,0,-0.219191,-78.527246,PICHINCHA,QUITO,QUITO,URBANA,2021-01-24,21:15:00,21,DOMINGO,7,ENERO,1,NO,CONDUCIR VEHICULO SUPERANDO LOS LIMITES MAXIMOS DE VELOCIDAD.,ESTRELLAMIENTOS,AUTOMOVIL,1,0,0,0,0,0,0,0,0,0,0,0,0,1,-1,NO IDENTIFICADO,NO IDENTIFICADO,CONDUCTOR AUSENTE,NO,NO,2
25457,97452,97453,2021,0,0,-0.251525,-78.515633,PICHINCHA,QUITO,QUITO,URBANA,2021-01-25,00:01:00,0,LUNES,1,ENERO,1,NO,"CONDUCE BAJO LA INFLUENCIA DE ALCOHOL, SUSTANCIAS ESTUPEFACIENTES O PSICOTROPICAS Y/O MEDICAMENTOS.",ESTRELLAMIENTOS,AUTOMOVIL,1,0,0,0,0,0,0,0,0,0,0,0,0,1,42,HOMBRE,ILESO,CONDUCTOR PRESENTE,NO,NO,1
25458,97455,97456,2021,0,0,-0.292724,-78.476486,PICHINCHA,QUITO,CONOCOTO,RURAL,2021-01-25,01:10:00,1,LUNES,1,ENERO,1,NO,"NO RESPETAR LAS SENIALES REGLAMENTARIAS DE TRANSITO. (PARE, CEDA EL PASO, LUZ ROJA DEL SEMAFORO, ETC).",CHOQUE LATERAL,AUTOMOVIL,2,0,0,0,0,0,0,0,0,0,0,0,0,2,36,MUJER,ILESO,PASAJERO,NO,NO,3
25459,97457,97458,2021,0,0,-0.305686,-78.543296,PICHINCHA,QUITO,QUITO,URBANA,2021-01-25,04:30:00,4,LUNES,1,ENERO,1,NO,CONDUCIR VEHICULO SUPERANDO LOS LIMITES MAXIMOS DE VELOCIDAD.,ESTRELLAMIENTOS,AUTOMOVIL,1,0,0,0,0,0,0,0,0,0,0,0,0,1,-1,NO IDENTIFICADO,NO IDENTIFICADO,CONDUCTOR AUSENTE,NO,NO,2
25460,97458,97459,2021,0,0,-0.274451,-78.490185,PICHINCHA,QUITO,CONOCOTO,URBANA,2021-01-25,05:00:00,5,LUNES,1,ENERO,1,NO,"CONDUCIR DESATENTO A LAS CONDICIONES DE TRANSITO (CELULAR, PANTALLAS DE VIDEO, COMIDA, MAQUILLAJE O CUALQUIER OTRO ELEMENTO DISTRACTOR).",PERDIDA DE CARRIL,AUTOMOVIL,1,0,0,0,0,0,0,0,0,0,0,0,0,1,20,HOMBRE,ILESO,CONDUCTOR PRESENTE,NO,SI,1
25461,97466,97467,2021,0,0,-0.235261,-78.334663,PICHINCHA,QUITO,PIFO,URBANA,2021-01-25,08:40:00,8,LUNES,1,ENERO,1,NO,"CONDUCIR DESATENTO A LAS CONDICIONES DE TRANSITO (CELULAR, PANTALLAS DE VIDEO, COMIDA, MAQUILLAJE O CUALQUIER OTRO ELEMENTO DISTRACTOR).",CHOQUE LATERAL,CAMION,0,0,0,2,0,0,0,0,0,0,0,0,0,2,28,HOMBRE,ILESO,CONDUCTOR PRESENTE,NO,SI,1
25462,97470,97471,2021,0,0,-0.280701,-78.557872,PICHINCHA,QUITO,QUITO,URBANA,2021-01-25,10:00:00,10,LUNES,1,ENERO,1,NO,NO CEDER EL DERECHO DE VIA O PREFERENCIA DE PASO A VEHICULOS.,CHOQUE FRONTAL,MOTOCICLETA,0,0,0,0,0,0,0,0,1,1,0,0,0,2,11,MUJER,ILESO,PASAJERO,NO,NO,1
25463,97475,97476,2021,0,0,-0.254142,-78.540526,PICHINCHA,QUITO,QUITO,URBANA,2021-01-25,11:40:00,11,LUNES,1,ENERO,1,NO,NO CEDER EL DERECHO DE VIA O PREFERENCIA DE PASO A VEHICULOS.,OTROS,AUTOMOVIL,1,0,0,1,0,0,0,0,0,0,0,0,0,2,20,HOMBRE,ILESO,CONDUCTOR PRESENTE,NO,NO,1
25464,97476,97477,2021,1,0,-0.119322,-78.500886,PICHINCHA,QUITO,QUITO,URBANA,2021-01-25,13:00:00,13,LUNES,1,ENERO,1,NO,"NO RESPETAR LAS SENIALES REGLAMENTARIAS DE TRANSITO. (PARE, CEDA EL PASO, LUZ ROJA DEL SEMAFORO, ETC).",CHOQUE LATERAL,AUTOMOVIL,1,0,0,0,0,0,0,0,1,0,0,0,0,2,24,HOMBRE,LESIONADO,CONDUCTOR PRESENTE,NO,NO,1
25465,97488,97489,2021,0,0,-0.297777,-78.492437,PICHINCHA,QUITO,CONOCOTO,URBANA,2021-01-25,16:50:00,16,LUNES,1,ENERO,1,NO,NO GUARDAR LA DISTANCIA LATERAL MINIMA DE SEGURIDAD ENTRE VEHICULOS.,ROZAMIENTOS,MOTOCICLETA,0,0,0,0,0,0,0,0,1,1,0,0,0,2,33,HOMBRE,ILESO,CONDUCTOR PRESENTE,NO,NO,1
25466,97493,97494,2021,0,0,-0.296931,-78.453821,PICHINCHA,QUITO,ALANGASI,RURAL,2021-01-25,20:30:00,20,LUNES,1,ENERO,1,NO,NO CEDER EL DERECHO DE VIA O PREFERENCIA DE PASO A VEHICULOS.,CHOQUE LATERAL,CAMIONETA,1,0,0,0,1,0,0,0,0,0,0,0,0,2,36,HOMBRE,ILESO,CONDUCTOR PRESENTE,NO,NO,3
25467,97494,97495,2021,1,0,-0.243958,-78.547763,PICHINCHA,QUITO,QUITO,URBANA,2021-01-25,20:40:00,20,LUNES,1,ENERO,1,NO,NO CEDER EL DERECHO DE VIA O PREFERENCIA DE PASO AL PEATON.,ATROPELLOS,NO IDENTIFICADO,0,0,0,0,0,0,0,0,0,1,0,0,0,1,8,MUJER,LESIONADO,PEATON,NO,NO,1
25468,97498,97499,2021,0,0,0.025357,-78.655042,PICHINCHA,QUITO,NONO,RURAL,2021-01-25,21:30:00,21,LUNES,1,ENERO,1,NO,"CONDUCIR DESATENTO A LAS CONDICIONES DE TRANSITO (CELULAR, PANTALLAS DE VIDEO, COMIDA, MAQUILLAJE O CUALQUIER OTRO ELEMENTO DISTRACTOR).",PERDIDA DE CARRIL,VEHICULO DEPORTIVO UTILITARIO,1,0,0,0,0,0,0,0,0,0,0,0,1,2,61,HOMBRE,ILESO,CONDUCTOR PRESENTE,NO,SI,3
25469,97500,97501,2021,1,0,-0.214121,-78.360101,PICHINCHA,QUITO,PUEMBO,RURAL,2021-01-25,22:15:00,22,LUNES,1,ENERO,1,NO,"NO RESPETAR LAS SENIALES REGLAMENTARIAS DE TRANSITO. (PARE, CEDA EL PASO, LUZ ROJA DEL SEMAFORO, ETC).",CHOQUE POSTERIOR,MOTOCICLETA,1,0,0,0,0,0,0,0,1,0,0,0,0,2,27,HOMBRE,LESIONADO,PASAJERO,NO,NO,3
25470,97502,97503,2021,2,0,-0.117173,-78.503392,PICHINCHA,QUITO,QUITO,URBANA,2021-01-25,22:30:00,22,LUNES,1,ENERO,1,NO,"NO RESPETAR LAS SENIALES REGLAMENTARIAS DE TRANSITO. (PARE, CEDA EL PASO, LUZ ROJA DEL SEMAFORO, ETC).",ESTRELLAMIENTOS,MOTOCICLETA,0,0,0,0,0,0,0,0,1,0,0,0,0,1,29,HOMBRE,LESIONADO,PASAJERO,SI,NO,1
25471,97508,97509,2021,0,1,-0.164052,-78.471665,PICHINCHA,QUITO,QUITO,URBANA,2021-01-26,05:27:00,5,MARTES,2,ENERO,1,NO,PEATON QUE CRUZA LA CALZADA SIN RESPETAR LA SENIALIZACION EXISTENTE (SEMAFOROS O SENIALES MANUALES).,ARROLLAMIENTOS,BUS,0,0,1,0,0,0,0,0,0,0,0,0,0,1,51,MUJER,FALLECIDO,PEATON,NO,NO,1
25472,97515,97516,2021,0,0,-0.188822,-78.454292,PICHINCHA,QUITO,NAYON,URBANA,2021-01-26,09:05:00,9,MARTES,2,ENERO,1,NO,NO MANTENER LA DISTANCIA PRUDENCIAL CON RESPECTO AL VEHICULO QUE LE ANTECEDE.,COLISION,AUTOMOVIL,2,0,0,0,1,0,0,0,0,0,0,0,0,3,51,HOMBRE,ILESO,CONDUCTOR PRESENTE,NO,NO,1
25473,97524,97525,2021,0,0,-0.223964,-78.521132,PICHINCHA,QUITO,QUITO,URBANA,2021-01-26,15:26:00,15,MARTES,2,ENERO,1,NO,CONDUCIR VEHICULO SUPERANDO LOS LIMITES MAXIMOS DE VELOCIDAD.,CHOQUE FRONTAL,AUTOMOVIL,2,0,0,0,0,0,0,0,0,0,0,0,0,2,40,HOMBRE,ILESO,CONDUCTOR PRESENTE,NO,NO,1
25474,97525,97526,2021,1,0,-0.126554,-78.494003,PICHINCHA,QUITO,QUITO,URBANA,2021-01-26,15:35:00,15,MARTES,2,ENERO,1,NO,NO MANTENER LA DISTANCIA PRUDENCIAL CON RESPECTO AL VEHICULO QUE LE ANTECEDE.,CHOQUE POSTERIOR,AUTOMOVIL,1,0,0,0,0,0,0,0,0,1,0,0,0,2,26,HOMBRE,LESIONADO,CONDUCTOR PRESENTE,NO,NO,1
25475,97526,97527,2021,0,0,-0.086861,-78.469736,PICHINCHA,QUITO,QUITO,URBANA,2021-01-26,16:10:00,16,MARTES,2,ENERO,1,NO,CONDUCIR VEHICULO SUPERANDO LOS LIMITES MAXIMOS DE VELOCIDAD.,COLISION,AUTOMOVIL,2,0,0,0,1,0,0,0,0,0,0,0,0,3,71,HOMBRE,ILESO,CONDUCTOR PRESENTE,NO,NO,1
25476,97535,97536,2021,0,1,-0.179911,-78.472583,PICHINCHA,QUITO,QUITO,URBANA,2021-01-26,19:13:00,19,MARTES,2,ENERO,1,NO,"ADELANTAR O REBASAR A OTRO VEHICULO EN MOVIMIENTO EN ZONAS O SITIOS PELIGROSOS TALES COMO: CURVAS, PUENTES, TUNELES, PENDIENTES, ETC.",ESTRELLAMIENTOS,BICICLETA,0,1,0,0,0,0,0,0,0,0,0,0,0,1,22,HOMBRE,FALLECIDO,CONDUCTOR PRESENTE,NO,NO,1
25477,97538,97539,2021,0,0,-0.259642,-78.550984,PICHINCHA,QUITO,QUITO,URBANA,2021-01-26,20:30:00,20,MARTES,2,ENERO,1,NO,NO CEDER EL DERECHO DE VIA O PREFERENCIA DE PASO A VEHICULOS.,CHOQUE LATERAL,AUTOMOVIL,1,0,0,0,1,0,0,0,0,0,0,0,0,2,68,MUJER,ILESO,PASAJERO,NO,NO,1