,Unnamed: 0,ID,ANIO,LESIONADOS,FALLECIDOS,LATITUD_Y,LONGITUD_X,PROVINCIA,CANTON,PARROQUIA,ZONA,FECHA,HORA,PERIODO_2,DIA_1,DIA_2,MES_1,MES_2,FERIADO,CAUSA_PROBABLE,TIPO_DE_SINIESTRO,TIPO_DE_VEHICULO_1,AUTOMOVIL,BICICLETA,BUS,CAMION,CAMIONETA,EMERGENCIAS,ESPECIAL,FURGONETA,MOTOCICLETA,NO_IDENTIFICADO,SCOOTER_ELECTRICO,TRICIMOTO,VEHICULO_DEPORTIVO_UTILITARIO,SUMA_DE_VEHICULOS,EDAD_1,SEXO_1,CONDICION_1,PARTICIPANTE_1,CASCO_1,CINTURON_1,KMeans_Cluster
25591,98229,98230,2021,2,0,-0.153396,-78.484496,PICHINCHA,QUITO,QUITO,URBANA,2021-02-08,10:43:00,10,LUNES,1,FEBRERO,2,NO,PEATON QUE CRUZA LA CALZADA SIN RESPETAR LA SENIALIZACION EXISTENTE (SEMAFOROS O SENIALES MANUALES).,ATROPELLOS,MOTOCICLETA,0,0,0,0,0,0,0,0,1,0,0,0,0,1,42,HOMBRE,LESIONADO,PEATON,NO,NO,1
25592,98238,98239,2021,1,0,-0.161499,-78.495616,PICHINCHA,QUITO,QUITO,URBANA,2021-02-08,15:40:00,15,LUNES,1,FEBRERO,2,NO,"NO RESPETAR LAS SENIALES REGLAMENTARIAS DE TRANSITO. (PARE, CEDA EL PASO, LUZ ROJA DEL SEMAFORO, ETC).",OTROS,MOTOCICLETA,1,0,0,0,0,0,0,0,1,0,0,0,0,2,29,HOMBRE,LESIONADO,CONDUCTOR PRESENTE,NO,NO,1
25593,98241,98242,2021,1,0,0.043756,-78.146747,PICHINCHA,CAYAMBE,CAYAMBE,URBANA,2021-02-08,16:20:00,16,LUNES,1,FEBRERO,2,NO,NO TRANSITAR POR LAS ACERAS O ZONAS DE SEGURIDAD DESTINADAS PARA EL EFECTO.,ATROPELLOS,AUTOMOVIL,1,0,0,0,0,0,0,0,0,0,0,0,0,1,-1,NO IDENTIFICADO,NO IDENTIFICADO,CONDUCTOR AUSENTE,NO,SI,2
25594,98247,98248,2021,1,0,-0.090879,-78.475827,PICHINCHA,QUITO,QUITO,URBANA,2021-02-08,17:25:00,17,LUNES,1,FEBRERO,2,NO,NO CEDER EL DERECHO DE VIA O PREFERENCIA DE PASO AL PEATON.,ATROPELLOS,MOTOCICLETA,0,0,0,0,0,0,0,0,1,0,0,0,0,1,60,MUJER,LESIONADO,PEATON,NO,NO,1
25595,98248,98249,2021,0,0,-0.254502,-78.522202,PICHINCHA,QUITO,QUITO,URBANA,2021-02-08,17:35:00,17,LUNES,1,FEBRERO,2,NO,CONDUCIR VEHICULO SUPERANDO LOS LIMITES MAXIMOS DE VELOCIDAD.,OTROS,BUS,0,0,1,0,0,0,0,0,0,0,0,0,0,1,39,HOMBRE,ILESO,CONDUCTOR PRESENTE,NO,NO,1
25596,98251,98252,2021,1,0,-0.314527,-78.942305,PICHINCHA,MEJIA,MANUEL CORNEJO ASTORGA,RURAL,2021-02-08,18:25:00,18,LUNES,1,FEBRERO,2,NO,"CASO FORTUITO O FUERZA MAYOR (EXPLOSION DE NEUMATICO NUEVO, DERRUMBE, INUNDACION, CAIDA DE PUENTE, ARBOL, PRESENCIA INTEMPESTIVA E IMPREVISTA DE SEMOVIENTES EN LA VIA, ETC.).",OTROS,BUS,0,0,1,0,0,0,0,0,0,0,0,0,0,1,-1,NO IDENTIFICADO,LESIONADO,PASAJERO,NO,NO,3
25597,98253,98254,2021,0,1,-0.379557,-78.552324,PICHINCHA,MEJIA,CUTUGLAHUA,RURAL,2021-02-08,18:55:00,18,LUNES,1,FEBRERO,2,NO,"CONDUCIR DESATENTO A LAS CONDICIONES DE TRANSITO (CELULAR, PANTALLAS DE VIDEO, COMIDA, MAQUILLAJE O CUALQUIER OTRO ELEMENTO DISTRACTOR).",ATROPELLOS,NO IDENTIFICADO,0,0,0,0,0,0,0,0,0,1,0,0,0,1,-1,HOMBRE,FALLECIDO,PEATON,NO,SI,3
25598,98256,98257,2021,0,1,-0.218122,-78.336739,PICHINCHA,QUITO,PIFO,RURAL,2021-02-08,20:25:00,20,LUNES,1,FEBRERO,2,NO,"CONDUCIR DESATENTO A LAS CONDICIONES DE TRANSITO (CELULAR, PANTALLAS DE VIDEO, COMIDA, MAQUILLAJE O CUALQUIER OTRO ELEMENTO DISTRACTOR).",ARROLLAMIENTOS,NO IDENTIFICADO,0,0,0,0,0,0,0,0,0,1,0,0,0,1,-1,NO IDENTIFICADO,NO IDENTIFICADO,CONDUCTOR AUSENTE,NO,SI,3
25599,98258,98259,2021,0,0,0.000122,-78.454821,PICHINCHA,QUITO,SAN ANTONIO (QUITO),RURAL,2021-02-08,22:45:00,22,LUNES,1,FEBRERO,2,NO,"NO RESPETAR LAS SENIALES REGLAMENTARIAS DE TRANSITO. (PARE, CEDA EL PASO, LUZ ROJA DEL SEMAFORO, ETC).",CHOQUE POSTERIOR,AUTOMOVIL,2,0,0,0,0,0,0,0,0,0,0,0,0,2,44,HOMBRE,ILESO,CONDUCTOR PRESENTE,NO,SI,3
25600,98260,98261,2021,0,0,-0.162879,-78.462672,PICHINCHA,QUITO,QUITO,URBANA,2021-02-08,23:30:00,23,LUNES,1,FEBRERO,2,NO,"CONDUCIR EN ESTADO DE SOMNOLENCIA O MALAS CONDICIONES FISICAS (SUENIO, CANSANCIO Y FATIGA).",VOLCAMIENTOS,AUTOMOVIL,1,0,0,0,0,0,0,0,0,0,0,0,0,1,39,HOMBRE,ILESO,CONDUCTOR PRESENTE,NO,NO,1
25601,98261,98262,2021,0,0,-0.326961,-78.521429,PICHINCHA,QUITO,QUITO,RURAL,2021-02-09,00:10:00,0,MARTES,2,FEBRERO,2,NO,"CONDUCIR EN ESTADO DE SOMNOLENCIA O MALAS CONDICIONES FISICAS (SUENIO, CANSANCIO Y FATIGA).",ESTRELLAMIENTOS,CAMION,0,0,0,1,0,0,0,0,0,0,0,0,0,1,36,HOMBRE,ILESO,CONDUCTOR PRESENTE,NO,NO,3
25602,98264,98265,2021,0,1,0.094128,-78.191583,PICHINCHA,PEDRO MONCAYO,TUPIGACHI,RURAL,2021-02-09,06:00:00,6,MARTES,2,FEBRERO,2,NO,NO TRANSITAR POR LAS ACERAS O ZONAS DE SEGURIDAD DESTINADAS PARA EL EFECTO.,ATROPELLOS,NO IDENTIFICADO,0,0,0,0,0,0,0,0,0,1,0,0,0,1,-1,NO IDENTIFICADO,NO IDENTIFICADO,CONDUCTOR AUSENTE,NO,SI,2
25603,98267,98268,2021,1,0,-0.104824,-78.425572,PICHINCHA,QUITO,CALDERON (CARAPUNGO),RURAL,2021-02-09,06:20:00,6,MARTES,2,FEBRERO,2,NO,CONDUCIR VEHICULO SUPERANDO LOS LIMITES MAXIMOS DE VELOCIDAD.,ESTRELLAMIENTOS,AUTOMOVIL,1,0,0,0,0,0,0,0,0,0,0,0,0,1,58,MUJER,LESIONADO,PASAJERO,NO,NO,3
25604,98273,98274,2021,0,0,0.003611,-78.493327,PICHINCHA,QUITO,CALACALI,RURAL,2021-02-09,09:15:00,9,MARTES,2,FEBRERO,2,NO,"CONDUCIR DESATENTO A LAS CONDICIONES DE TRANSITO (CELULAR, PANTALLAS DE VIDEO, COMIDA, MAQUILLAJE O CUALQUIER OTRO ELEMENTO DISTRACTOR).",CHOQUE LATERAL,CAMIONETA,0,0,0,1,1,0,0,0,0,0,0,0,0,2,34,HOMBRE,ILESO,CONDUCTOR PRESENTE,NO,SI,3
25605,98279,98280,2021,1,0,-0.064334,-78.429354,PICHINCHA,QUITO,CALDERON (CARAPUNGO),RURAL,2021-02-09,10:45:00,10,MARTES,2,FEBRERO,2,NO,NO TRANSITAR POR LAS ACERAS O ZONAS DE SEGURIDAD DESTINADAS PARA EL EFECTO.,ARROLLAMIENTOS,BUS,0,0,1,0,0,0,0,0,0,0,0,0,0,1,10,HOMBRE,LESIONADO,PEATON,NO,NO,3
25606,98281,98282,2021,0,0,-0.170523,-78.477991,PICHINCHA,QUITO,QUITO,URBANA,2021-02-09,12:15:00,12,MARTES,2,FEBRERO,2,NO,"NO RESPETAR LAS SENIALES REGLAMENTARIAS DE TRANSITO. (PARE, CEDA EL PASO, LUZ ROJA DEL SEMAFORO, ETC).",ESTRELLAMIENTOS,AUTOMOVIL,1,0,0,0,1,0,0,0,0,0,0,0,0,2,49,HOMBRE,ILESO,CONDUCTOR PRESENTE,NO,NO,1
25607,98282,98283,2021,2,0,-0.206202,-78.500814,PICHINCHA,QUITO,QUITO,URBANA,2021-02-09,12:18:00,12,MARTES,2,FEBRERO,2,NO,"NO RESPETAR LAS SENIALES REGLAMENTARIAS DE TRANSITO. (PARE, CEDA EL PASO, LUZ ROJA DEL SEMAFORO, ETC).",CHOQUE LATERAL,BUS,1,0,1,0,0,0,0,0,0,0,0,0,0,2,75,MUJER,LESIONADO,PASAJERO,NO,NO,1
25608,98286,98287,2021,1,0,-0.279841,-78.560151,PICHINCHA,QUITO,QUITO,URBANA,2021-02-09,13:30:00,13,MARTES,2,FEBRERO,2,NO,"NO RESPETAR LAS SENIALES REGLAMENTARIAS DE TRANSITO. (PARE, CEDA EL PASO, LUZ ROJA DEL SEMAFORO, ETC).",PERDIDA DE CARRIL,BICICLETA,0,1,0,0,0,0,0,0,0,0,0,0,0,1,24,HOMBRE,LESIONADO,CONDUCTOR PRESENTE,NO,NO,1
25609,98290,98291,2021,0,0,-0.088884,-78.439915,PICHINCHA,QUITO,CALDERON (CARAPUNGO),RURAL,2021-02-09,14:54:00,14,MARTES,2,FEBRERO,2,NO,"CONDUCE BAJO LA INFLUENCIA DE ALCOHOL, SUSTANCIAS ESTUPEFACIENTES O PSICOTROPICAS Y/O MEDICAMENTOS.",ESTRELLAMIENTOS,AUTOMOVIL,2,0,0,0,0,0,0,0,0,0,0,0,0,2,35,HOMBRE,ILESO,CONDUCTOR PRESENTE,NO,NO,3
25610,98293,98294,2021,0,0,-0.237587,-78.484667,PICHINCHA,QUITO,QUITO,URBANA,2021-02-09,15:48:00,15,MARTES,2,FEBRERO,2,NO,CONDUCIR VEHICULO SUPERANDO LOS LIMITES MAXIMOS DE VELOCIDAD.,VOLCAMIENTOS,AUTOMOVIL,1,0,0,0,0,0,0,0,0,0,0,0,0,1,64,MUJER,ILESO,PASAJERO,NO,NO,1
25611,98310,98311,2021,0,0,-0.445583,-78.601972,PICHINCHA,MEJIA,ALOAG,RURAL,2021-02-09,20:40:00,20,MARTES,2,FEBRERO,2,NO,NO MANTENER LA DISTANCIA PRUDENCIAL CON RESPECTO AL VEHICULO QUE LE ANTECEDE.,COLISION,AUTOMOVIL,2,0,0,1,0,0,0,0,0,0,0,0,0,3,-1,NO IDENTIFICADO,ILESO,CONDUCTOR PRESENTE,NO,NO,3
25612,98312,98313,2021,0,0,-0.210318,-78.494183,PICHINCHA,QUITO,QUITO,URBANA,2021-02-09,21:10:00,21,MARTES,2,FEBRERO,2,NO,CONDUCIR VEHICULO SUPERANDO LOS LIMITES MAXIMOS DE VELOCIDAD.,ESTRELLAMIENTOS,AUTOMOVIL,1,0,0,0,0,0,0,0,0,0,0,0,0,1,-1,NO IDENTIFICADO,NO IDENTIFICADO,CONDUCTOR AUSENTE,NO,NO,2
25613,98314,98315,2021,1,0,-0.271156,-78.536664,PICHINCHA,QUITO,QUITO,URBANA,2021-02-09,21:45:00,21,MARTES,2,FEBRERO,2,NO,"CONDICIONES AMBIENTALES Y/O ATMOSFERICAS (NIEBLA, NEBLINA, GRANIZO, LLUVIA).",CHOQUE LATERAL,MOTOCICLETA,1,0,0,0,0,0,0,0,1,0,0,0,0,2,36,HOMBRE,LESIONADO,CONDUCTOR PRESENTE,NO,NO,1
25614,98315,98316,2021,0,0,-0.203601,-78.483057,PICHINCHA,QUITO,QUITO,URBANA,2021-02-09,21:50:00,21,MARTES,2,FEBRERO,2,NO,"NO RESPETAR LAS SENIALES REGLAMENTARIAS DE TRANSITO. (PARE, CEDA EL PASO, LUZ ROJA DEL SEMAFORO, ETC).",CHOQUE LATERAL,AUTOMOVIL,2,0,0,0,0,0,0,0,0,0,0,0,0,2,28,HOMBRE,ILESO,CONDUCTOR PRESENTE,NO,NO,1
25615,98316,98317,2021,0,0,-0.250758,-78.512534,PICHINCHA,QUITO,QUITO,URBANA,2021-02-09,23:30:00,23,MARTES,2,FEBRERO,2,NO,"NO RESPETAR LAS SENIALES REGLAMENTARIAS DE TRANSITO. (PARE, CEDA EL PASO, LUZ ROJA DEL SEMAFORO, ETC).",ESTRELLAMIENTOS,AUTOMOVIL,1,0,0,0,0,0,0,0,0,0,0,0,0,1,-1,NO IDENTIFICADO,NO IDENTIFICADO,CONDUCTOR AUSENTE,NO,NO,2
25616,98318,98319,2021,0,0,-0.267255,-78.507547,PICHINCHA,QUITO,QUITO,URBANA,2021-02-09,23:45:00,23,MARTES,2,FEBRERO,2,NO,CONDUCIR VEHICULO SUPERANDO LOS LIMITES MAXIMOS DE VELOCIDAD.,ESTRELLAMIENTOS,AUTOMOVIL,1,0,0,0,0,0,0,0,0,0,0,0,0,1,-1,NO IDENTIFICADO,NO IDENTIFICADO,CONDUCTOR AUSENTE,NO,NO,2
25617,98321,98322,2021,0,0,-0.265528,-78.532019,PICHINCHA,QUITO,QUITO,URBANA,2021-02-10,01:30:00,1,MIERCOLES,3,FEBRERO,2,NO,CONDUCIR VEHICULO SUPERANDO LOS LIMITES MAXIMOS DE VELOCIDAD.,ESTRELLAMIENTOS,AUTOMOVIL,1,0,0,0,0,0,0,0,0,0,0,0,0,1,-1,NO IDENTIFICADO,NO IDENTIFICADO,CONDUCTOR AUSENTE,NO,NO,2
25618,98324,98325,2021,1,0,-0.188532,-78.492028,PICHINCHA,QUITO,QUITO,URBANA,2021-02-10,04:15:00,4,MIERCOLES,3,FEBRERO,2,NO,NO CEDER EL DERECHO DE VIA O PREFERENCIA DE PASO AL PEATON.,ATROPELLOS,NO IDENTIFICADO,0,0,0,0,0,0,0,0,0,1,0,0,0,1,30,HOMBRE,LESIONADO,PEATON,NO,NO,1
25619,98330,98331,2021,0,1,-0.328831,-78.560625,PICHINCHA,QUITO,QUITO,URBANA,2021-02-10,07:20:00,7,MIERCOLES,3,FEBRERO,2,NO,REALIZAR CAMBIO BRUSCO O INDEBIDO DE CARRIL.,CHOQUE FRONTAL,MOTOCICLETA,1,0,0,0,0,0,0,0,1,0,0,0,0,2,67,HOMBRE,FALLECIDO,CONDUCTOR PRESENTE,NO,NO,1
25620,98334,98335,2021,1,0,-0.209101,-78.365448,PICHINCHA,QUITO,PUEMBO,RURAL,2021-02-10,08:50:00,8,MIERCOLES,3,FEBRERO,2,NO,NO MANTENER LA DISTANCIA PRUDENCIAL CON RESPECTO AL VEHICULO QUE LE ANTECEDE.,CHOQUE POSTERIOR,AUTOMOVIL,1,0,0,0,0,0,0,0,1,0,0,0,0,2,23,HOMBRE,LESIONADO,CONDUCTOR PRESENTE,NO,NO,3
25621,98337,98338,2021,0,1,0.024369,-78.628392,PICHINCHA,QUITO,NONO,RURAL,2021-02-10,12:56:00,12,MIERCOLES,3,FEBRERO,2,NO,"CONDUCIR DESATENTO A LAS CONDICIONES DE TRANSITO (CELULAR, PANTALLAS DE VIDEO, COMIDA, MAQUILLAJE O CUALQUIER OTRO ELEMENTO DISTRACTOR).",PERDIDA DE CARRIL,MOTOCICLETA,0,0,0,0,0,0,0,0,1,0,0,0,0,1,29,HOMBRE,FALLECIDO,CONDUCTOR PRESENTE,NO,SI,3
25622,98343,98344,2021,1,0,-0.130838,-78.498161,PICHINCHA,QUITO,QUITO,URBANA,2021-02-10,15:15:00,15,MIERCOLES,3,FEBRERO,2,NO,"NO RESPETAR LAS SENIALES REGLAMENTARIAS DE TRANSITO. (PARE, CEDA EL PASO, LUZ ROJA DEL SEMAFORO, ETC).",CHOQUE LATERAL,MOTOCICLETA,1,0,0,0,0,0,0,0,1,0,0,0,0,2,18,HOMBRE,LESIONADO,CONDUCTOR PRESENTE,NO,NO,1
25623,98344,98345,2021,0,1,0.029519,-78.629851,PICHINCHA,QUITO,NONO,RURAL,2021-02-10,15:30:00,15,MIERCOLES,3,FEBRERO,2,NO,"CONDUCIR DESATENTO A LAS CONDICIONES DE TRANSITO (CELULAR, PANTALLAS DE VIDEO, COMIDA, MAQUILLAJE O CUALQUIER OTRO ELEMENTO DISTRACTOR).",PERDIDA DE CARRIL,AUTOMOVIL,1,0,0,0,0,0,0,0,0,0,0,0,0,1,24,MUJER,FALLECIDO,CONDUCTOR PRESENTE,NO,SI,3
25624,98345,98346,2021,0,0,-0.330151,-78.451323,PICHINCHA,RUMINIAHUI,SANGOLQUI,URBANA,2021-02-10,16:00:00,16,MIERCOLES,3,FEBRERO,2,NO,"CONDUCIR DESATENTO A LAS CONDICIONES DE TRANSITO (CELULAR, PANTALLAS DE VIDEO, COMIDA, MAQUILLAJE O CUALQUIER OTRO ELEMENTO DISTRACTOR).",ESTRELLAMIENTOS,CAMIONETA,0,0,0,0,1,0,0,0,0,0,0,0,0,1,28,HOMBRE,ILESO,CONDUCTOR PRESENTE,NO,SI,1
25625,98347,98348,2021,1,0,-0.008342,-78.436814,PICHINCHA,QUITO,SAN ANTONIO (QUITO),RURAL,2021-02-10,16:28:00,16,MIERCOLES,3,FEBRERO,2,NO,PEATON QUE CRUZA LA CALZADA SIN RESPETAR LA SENIALIZACION EXISTENTE (SEMAFOROS O SENIALES MANUALES).,ATROPELLOS,AUTOMOVIL,1,0,0,0,0,0,0,0,0,0,0,0,0,1,64,MUJER,LESIONADO,PEATON,NO,NO,3
25626,98350,98351,2021,0,0,-0.304822,-78.566814,PICHINCHA,QUITO,QUITO,URBANA,2021-02-10,16:40:00,16,MIERCOLES,3,FEBRERO,2,NO,REALIZAR CAMBIO BRUSCO O INDEBIDO DE CARRIL.,CHOQUE FRONTAL,AUTOMOVIL,1,0,0,0,0,0,0,0,1,0,0,0,0,2,31,HOMBRE,ILESO,CONDUCTOR PRESENTE,NO,NO,1
25627,98352,98353,2021,1,0,-0.228216,-78.495243,PICHINCHA,QUITO,QUITO,URBANA,2021-02-10,17:20:00,17,MIERCOLES,3,FEBRERO,2,NO,NO MANTENER LA DISTANCIA PRUDENCIAL CON RESPECTO AL VEHICULO QUE LE ANTECEDE.,COLISION,CAMIONETA,2,0,0,0,2,0,0,0,0,0,0,0,0,4,24,HOMBRE,LESIONADO,CONDUCTOR PRESENTE,NO,NO,1
25628,98356,98357,2021,1,0,-0.282701,-78.544403,PICHINCHA,QUITO,QUITO,URBANA,2021-02-10,18:10:00,18,MIERCOLES,3,FEBRERO,2,NO,NO CEDER EL DERECHO DE VIA O PREFERENCIA DE PASO AL PEATON.,ATROPELLOS,MOTOCICLETA,0,0,0,0,0,0,0,0,1,0,0,0,0,1,25,MUJER,LESIONADO,PEATON,NO,NO,1
25629,98365,98366,2021,0,0,-0.317601,-78.555999,PICHINCHA,QUITO,QUITO,URBANA,2021-02-10,21:30:00,21,MIERCOLES,3,FEBRERO,2,NO,CONDUCIR VEHICULO SUPERANDO LOS LIMITES MAXIMOS DE VELOCIDAD.,ESTRELLAMIENTOS,AUTOMOVIL,1,0,0,0,0,0,0,0,0,0,0,0,0,1,-1,NO IDENTIFICADO,NO IDENTIFICADO,CONDUCTOR AUSENTE,NO,NO,2
25630,98367,98368,2021,1,0,-0.328239,-78.538128,PICHINCHA,QUITO,QUITO,URBANA,2021-02-10,22:55:00,22,MIERCOLES,3,FEBRERO,2,NO,NO CEDER EL DERECHO DE VIA O PREFERENCIA DE PASO AL PEATON.,ATROPELLOS,NO IDENTIFICADO,0,0,0,0,0,0,0,0,0,1,0,0,0,1,-1,HOMBRE,LESIONADO,PEATON,NO,NO,1
25631,98369,98370,2021,0,0,-0.112213,-78.474367,PICHINCHA,QUITO,QUITO,URBANA,2021-02-11,01:35:00,1,JUEVES,4,FEBRERO,2,NO,CONDUCIR VEHICULO SUPERANDO LOS LIMITES MAXIMOS DE VELOCIDAD.,VOLCAMIENTOS,AUTOMOVIL,1,0,0,0,0,0,0,0,0,0,0,0,0,1,26,HOMBRE,ILESO,CONDUCTOR PRESENTE,NO,NO,1
25632,98370,98371,2021,0,0,-0.104824,-78.425572,PICHINCHA,QUITO,CALDERON (CARAPUNGO),RURAL,2021-02-11,02:40:00,2,JUEVES,4,FEBRERO,2,NO,"CONDICIONES AMBIENTALES Y/O ATMOSFERICAS (NIEBLA, NEBLINA, GRANIZO, LLUVIA).",ESTRELLAMIENTOS,CAMIONETA,0,0,0,0,1,0,0,0,0,0,0,0,0,1,32,MUJER,ILESO,CONDUCTOR PRESENTE,NO,NO,3
25633,98371,98372,2021,0,0,-0.292471,-78.550973,PICHINCHA,QUITO,QUITO,URBANA,2021-02-11,05:15:00,5,JUEVES,4,FEBRERO,2,NO,NO MANTENER LA DISTANCIA PRUDENCIAL CON RESPECTO AL VEHICULO QUE LE ANTECEDE.,CHOQUE POSTERIOR,FURGONETA,1,0,0,0,0,0,0,1,0,0,0,0,0,2,35,HOMBRE,ILESO,PASAJERO,NO,NO,1
25634,98373,98374,2021,0,0,-0.315472,-78.953111,PICHINCHA,MEJIA,MANUEL CORNEJO ASTORGA,RURAL,2021-02-11,05:45:00,5,JUEVES,4,FEBRERO,2,NO,NO MANTENER LA DISTANCIA PRUDENCIAL CON RESPECTO AL VEHICULO QUE LE ANTECEDE.,COLISION,CAMION,0,0,0,2,1,0,0,0,0,0,0,0,0,3,-1,HOMBRE,ILESO,CONDUCTOR PRESENTE,NO,NO,3
25635,98374,98375,2021,1,0,-0.190933,-78.480366,PICHINCHA,QUITO,QUITO,RURAL,2021-02-11,06:05:00,6,JUEVES,4,FEBRERO,2,NO,NO CEDER EL DERECHO DE VIA O PREFERENCIA DE PASO A VEHICULOS.,CHOQUE LATERAL,AUTOMOVIL,1,0,0,0,1,0,0,0,0,0,0,0,0,2,38,HOMBRE,LESIONADO,CONDUCTOR PRESENTE,NO,NO,3
25636,98376,98377,2021,1,0,-0.260926,-78.530789,PICHINCHA,QUITO,QUITO,URBANA,2021-02-11,06:58:00,6,JUEVES,4,FEBRERO,2,NO,NO MANTENER LA DISTANCIA PRUDENCIAL CON RESPECTO AL VEHICULO QUE LE ANTECEDE.,COLISION,BUS,2,0,2,0,0,0,0,0,0,0,0,0,0,4,56,HOMBRE,LESIONADO,CONDUCTOR PRESENTE,NO,NO,1
25637,98377,98378,2021,0,0,-0.291547,-78.543497,PICHINCHA,QUITO,QUITO,URBANA,2021-02-11,08:55:00,8,JUEVES,4,FEBRERO,2,NO,NO MANTENER LA DISTANCIA PRUDENCIAL CON RESPECTO AL VEHICULO QUE LE ANTECEDE.,CHOQUE POSTERIOR,MOTOCICLETA,1,0,0,0,0,0,0,0,1,0,0,0,0,2,25,HOMBRE,ILESO,CONDUCTOR PRESENTE,SI,NO,1
25638,98386,98387,2021,0,0,0.027588,-78.636374,PICHINCHA,QUITO,NONO,RURAL,2021-02-11,12:51:00,12,JUEVES,4,FEBRERO,2,NO,"CONDUCIR DESATENTO A LAS CONDICIONES DE TRANSITO (CELULAR, PANTALLAS DE VIDEO, COMIDA, MAQUILLAJE O CUALQUIER OTRO ELEMENTO DISTRACTOR).",PERDIDA DE CARRIL,VEHICULO DEPORTIVO UTILITARIO,0,0,0,0,0,0,0,0,0,0,0,0,1,1,29,HOMBRE,ILESO,CONDUCTOR PRESENTE,NO,SI,3
25639,98399,98400,2021,0,1,0.028039,-78.151774,PICHINCHA,CAYAMBE,CAYAMBE,URBANA,2021-02-11,19:00:00,19,JUEVES,4,FEBRERO,2,NO,"CONDUCIR DESATENTO A LAS CONDICIONES DE TRANSITO (CELULAR, PANTALLAS DE VIDEO, COMIDA, MAQUILLAJE O CUALQUIER OTRO ELEMENTO DISTRACTOR).",ATROPELLOS,VEHICULO DEPORTIVO UTILITARIO,0,0,0,0,0,0,0,0,0,0,0,0,1,1,35,MUJER,ILESO,CONDUCTOR PRESENTE,NO,SI,1
25640,98402,98403,2021,0,0,-0.176895,-78.507404,PICHINCHA,QUITO,QUITO,RURAL,2021-02-11,19:30:00,19,JUEVES,4,FEBRERO,2,NO,NO GUARDAR LA DISTANCIA LATERAL MINIMA DE SEGURIDAD ENTRE VEHICULOS.,CHOQUE LATERAL,AUTOMOVIL,1,0,0,1,0,0,0,0,0,0,0,0,0,2,45,HOMBRE,ILESO,CONDUCTOR PRESENTE,NO,NO,3
25641,98406,98407,2021,0,0,-0.273825,-78.510216,PICHINCHA,QUITO,QUITO,URBANA,2021-02-11,20:45:00,20,JUEVES,4,FEBRERO,2,NO,NO MANTENER LA DISTANCIA PRUDENCIAL CON RESPECTO AL VEHICULO QUE LE ANTECEDE.,COLISION,AUTOMOVIL,2,0,0,1,0,0,0,0,0,0,0,0,0,3,43,HOMBRE,ILESO,CONDUCTOR PRESENTE,NO,NO,1
25642,98408,98409,2021,0,1,-0.245278,-78.498167,PICHINCHA,QUITO,QUITO,URBANA,2021-02-11,21:10:00,21,JUEVES,4,FEBRERO,2,NO,NO CEDER EL DERECHO DE VIA O PREFERENCIA DE PASO AL PEATON.,ARROLLAMIENTOS,NO IDENTIFICADO,0,0,0,0,0,0,0,0,0,1,0,0,0,1,70,HOMBRE,FALLECIDO,PEATON,NO,NO,1
25643,98411,98412,2021,1,1,-0.202103,-78.486509,PICHINCHA,QUITO,QUITO,URBANA,2021-02-11,22:00:00,22,JUEVES,4,FEBRERO,2,NO,"CONDUCE BAJO LA INFLUENCIA DE ALCOHOL, SUSTANCIAS ESTUPEFACIENTES O PSICOTROPICAS Y/O MEDICAMENTOS.",CHOQUE LATERAL,AUTOMOVIL,1,0,0,0,0,0,0,0,1,0,0,0,0,2,24,MUJER,FALLECIDO,PASAJERO,NO,NO,1
25644,98416,98417,2021,1,0,-0.242681,-78.497364,PICHINCHA,QUITO,QUITO,URBANA,2021-02-11,23:30:00,23,JUEVES,4,FEBRERO,2,NO,"CONDUCE BAJO LA INFLUENCIA DE ALCOHOL, SUSTANCIAS ESTUPEFACIENTES O PSICOTROPICAS Y/O MEDICAMENTOS.",CHOQUE POSTERIOR,AUTOMOVIL,2,0,0,0,0,0,0,0,0,0,0,0,0,2,31,HOMBRE,LESIONADO,CONDUCTOR PRESENTE,NO,NO,1
25645,98418,98419,2021,0,0,-0.251625,-78.541606,PICHINCHA,QUITO,QUITO,URBANA,2021-02-11,23:50:00,23,JUEVES,4,FEBRERO,2,NO,"NO RESPETAR LAS SENIALES REGLAMENTARIAS DE TRANSITO. (PARE, CEDA EL PASO, LUZ ROJA DEL SEMAFORO, ETC).",ESTRELLAMIENTOS,AUTOMOVIL,2,0,0,0,0,0,0,0,0,0,0,0,0,2,36,MUJER,ILESO,PASAJERO,NO,NO,1
25646,98426,98427,2021,0,0,-0.310582,-78.442525,PICHINCHA,RUMINIAHUI,SANGOLQUI,URBANA,2021-02-12,05:20:00,5,VIERNES,5,FEBRERO,2,NO,"CONDUCIR DESATENTO A LAS CONDICIONES DE TRANSITO (CELULAR, PANTALLAS DE VIDEO, COMIDA, MAQUILLAJE O CUALQUIER OTRO ELEMENTO DISTRACTOR).",CHOQUE FRONTAL,AUTOMOVIL,1,0,0,1,0,0,0,0,0,0,0,0,0,2,-1,NO IDENTIFICADO,NO IDENTIFICADO,CONDUCTOR AUSENTE,NO,SI,2
25647,98429,98430,2021,1,0,-0.299015,-78.531528,PICHINCHA,QUITO,QUITO,URBANA,2021-02-12,06:30:00,6,VIERNES,5,FEBRERO,2,NO,"NO RESPETAR LAS SENIALES REGLAMENTARIAS DE TRANSITO. (PARE, CEDA EL PASO, LUZ ROJA DEL SEMAFORO, ETC).",CHOQUE LATERAL,BICICLETA,0,1,0,0,0,0,0,0,0,1,0,0,0,2,19,MUJER,LESIONADO,PASAJERO,NO,NO,1