,Unnamed: 0,ID,ANIO,LESIONADOS,FALLECIDOS,LATITUD_Y,LONGITUD_X,PROVINCIA,CANTON,PARROQUIA,ZONA,FECHA,HORA,PERIODO_2,DIA_1,DIA_2,MES_1,MES_2,FERIADO,CAUSA_PROBABLE,TIPO_DE_SINIESTRO,TIPO_DE_VEHICULO_1,AUTOMOVIL,BICICLETA,BUS,CAMION,CAMIONETA,EMERGENCIAS,ESPECIAL,FURGONETA,MOTOCICLETA,NO_IDENTIFICADO,SCOOTER_ELECTRICO,TRICIMOTO,VEHICULO_DEPORTIVO_UTILITARIO,SUMA_DE_VEHICULOS,EDAD_1,SEXO_1,CONDICION_1,PARTICIPANTE_1,CASCO_1,CINTURON_1,KMeans_Cluster
25648,98447,98448,2021,0,0,-0.338176,-78.437161,PICHINCHA,RUMINIAHUI,SANGOLQUI,URBANA,2021-02-12,13:50:00,13,VIERNES,5,FEBRERO,2,NO,"CONDUCIR DESATENTO A LAS CONDICIONES DE TRANSITO (CELULAR, PANTALLAS DE VIDEO, COMIDA, MAQUILLAJE O CUALQUIER OTRO ELEMENTO DISTRACTOR).",CHOQUE POSTERIOR,AUTOMOVIL,1,0,0,1,0,0,0,0,0,0,0,0,0,2,45,HOMBRE,ILESO,CONDUCTOR PRESENTE,NO,SI,1
25649,98464,98465,2021,0,0,-0.200199,-78.490957,PICHINCHA,QUITO,QUITO,URBANA,2021-02-12,20:35:00,20,VIERNES,5,FEBRERO,2,NO,"NO RESPETAR LAS SENIALES REGLAMENTARIAS DE TRANSITO. (PARE, CEDA EL PASO, LUZ ROJA DEL SEMAFORO, ETC).",ESTRELLAMIENTOS,AUTOMOVIL,1,0,0,0,0,0,0,0,0,0,0,0,0,1,-1,NO IDENTIFICADO,NO IDENTIFICADO,CONDUCTOR AUSENTE,NO,NO,2
25650,98465,98466,2021,0,0,-0.152409,-78.489693,PICHINCHA,QUITO,QUITO,URBANA,2021-02-12,21:00:00,21,VIERNES,5,FEBRERO,2,NO,"CONDUCE BAJO LA INFLUENCIA DE ALCOHOL, SUSTANCIAS ESTUPEFACIENTES O PSICOTROPICAS Y/O MEDICAMENTOS.",COLISION,AUTOMOVIL,3,0,0,0,0,0,0,0,0,0,0,0,0,3,42,MUJER,ILESO,CONDUCTOR PRESENTE,NO,NO,1
25651,98466,98467,2021,0,0,-0.299432,-78.559038,PICHINCHA,QUITO,QUITO,URBANA,2021-02-12,21:00:00,21,VIERNES,5,FEBRERO,2,NO,CONDUCIR VEHICULO SUPERANDO LOS LIMITES MAXIMOS DE VELOCIDAD.,CHOQUE POSTERIOR,AUTOMOVIL,2,0,0,0,0,0,0,0,0,0,0,0,0,2,37,HOMBRE,ILESO,PASAJERO,NO,NO,1
25652,98472,98473,2021,0,0,-0.310589,-78.546306,PICHINCHA,QUITO,QUITO,URBANA,2021-02-12,23:50:00,23,VIERNES,5,FEBRERO,2,NO,"CONDUCE BAJO LA INFLUENCIA DE ALCOHOL, SUSTANCIAS ESTUPEFACIENTES O PSICOTROPICAS Y/O MEDICAMENTOS.",COLISION,MOTOCICLETA,1,0,0,1,0,0,0,0,2,0,0,0,0,4,19,HOMBRE,ILESO,CONDUCTOR PRESENTE,NO,NO,1
25653,98474,98475,2021,0,0,-0.280381,-78.556709,PICHINCHA,QUITO,QUITO,URBANA,2021-02-13,01:30:00,1,SABADO,6,FEBRERO,2,SI,CONDUCIR VEHICULO SUPERANDO LOS LIMITES MAXIMOS DE VELOCIDAD.,OTROS,AUTOMOVIL,1,0,0,0,0,0,0,0,0,0,0,0,0,1,-1,NO IDENTIFICADO,NO IDENTIFICADO,CONDUCTOR AUSENTE,NO,NO,2
25654,98478,98479,2021,0,1,-0.370739,-78.483964,PICHINCHA,QUITO,AMAGUANIA,URBANA,2021-02-13,03:00:00,3,SABADO,6,FEBRERO,2,SI,"CONDUCIR DESATENTO A LAS CONDICIONES DE TRANSITO (CELULAR, PANTALLAS DE VIDEO, COMIDA, MAQUILLAJE O CUALQUIER OTRO ELEMENTO DISTRACTOR).",ARROLLAMIENTOS,NO IDENTIFICADO,0,0,0,0,0,0,0,0,0,1,0,0,0,1,-1,NO IDENTIFICADO,NO IDENTIFICADO,CONDUCTOR AUSENTE,NO,SI,2
25655,98479,98480,2021,2,0,-0.494284,-78.571161,PICHINCHA,MEJIA,ALOAG,RURAL,2021-02-13,03:00:00,3,SABADO,6,FEBRERO,2,SI,"CONDUCIR DESATENTO A LAS CONDICIONES DE TRANSITO (CELULAR, PANTALLAS DE VIDEO, COMIDA, MAQUILLAJE O CUALQUIER OTRO ELEMENTO DISTRACTOR).",PERDIDA DE CARRIL,VEHICULO DEPORTIVO UTILITARIO,0,0,0,0,0,0,0,0,0,0,0,0,1,1,-1,NO IDENTIFICADO,NO IDENTIFICADO,CONDUCTOR AUSENTE,NO,SI,2
25656,98487,98488,2021,1,0,-0.333321,-78.434326,PICHINCHA,RUMINIAHUI,SANGOLQUI,URBANA,2021-02-13,07:30:00,7,SABADO,6,FEBRERO,2,SI,"CONDUCIR DESATENTO A LAS CONDICIONES DE TRANSITO (CELULAR, PANTALLAS DE VIDEO, COMIDA, MAQUILLAJE O CUALQUIER OTRO ELEMENTO DISTRACTOR).",CHOQUE LATERAL,MOTOCICLETA,0,0,0,0,0,0,0,0,1,0,0,0,1,2,37,HOMBRE,LESIONADO,CONDUCTOR PRESENTE,NO,SI,1
25657,98488,98489,2021,0,0,-0.294991,-78.527505,PICHINCHA,QUITO,QUITO,URBANA,2021-02-13,08:30:00,8,SABADO,6,FEBRERO,2,SI,NO MANTENER LA DISTANCIA PRUDENCIAL CON RESPECTO AL VEHICULO QUE LE ANTECEDE.,COLISION,AUTOMOVIL,2,0,0,0,1,0,0,0,0,0,0,0,0,3,30,HOMBRE,ILESO,CONDUCTOR PRESENTE,NO,NO,1
25658,98489,98490,2021,0,0,0.025271,-78.640881,PICHINCHA,QUITO,NONO,RURAL,2021-02-13,10:10:00,10,SABADO,6,FEBRERO,2,SI,"CONDUCIR DESATENTO A LAS CONDICIONES DE TRANSITO (CELULAR, PANTALLAS DE VIDEO, COMIDA, MAQUILLAJE O CUALQUIER OTRO ELEMENTO DISTRACTOR).",ROZAMIENTOS,VEHICULO DEPORTIVO UTILITARIO,0,0,0,0,0,0,0,0,0,0,0,0,2,2,47,HOMBRE,ILESO,CONDUCTOR PRESENTE,NO,SI,3
25659,98493,98494,2021,0,0,-0.169203,-78.485201,PICHINCHA,QUITO,QUITO,URBANA,2021-02-13,12:40:00,12,SABADO,6,FEBRERO,2,SI,"NO RESPETAR LAS SENIALES REGLAMENTARIAS DE TRANSITO. (PARE, CEDA EL PASO, LUZ ROJA DEL SEMAFORO, ETC).",CHOQUE LATERAL,AUTOMOVIL,1,0,0,0,1,0,0,0,0,0,0,0,0,2,45,HOMBRE,ILESO,CONDUCTOR PRESENTE,NO,NO,1
25660,98496,98497,2021,2,0,0.057351,-78.142461,PICHINCHA,CAYAMBE,CAYAMBE,RURAL,2021-02-13,13:30:00,13,SABADO,6,FEBRERO,2,SI,"CONDUCIR DESATENTO A LAS CONDICIONES DE TRANSITO (CELULAR, PANTALLAS DE VIDEO, COMIDA, MAQUILLAJE O CUALQUIER OTRO ELEMENTO DISTRACTOR).",CHOQUE LATERAL,MOTOCICLETA,0,0,0,0,1,0,0,0,1,0,0,0,0,2,28,MUJER,LESIONADO,CONDUCTOR PRESENTE,NO,SI,3
25661,98497,98498,2021,0,0,-0.410248,-78.544044,PICHINCHA,MEJIA,TAMBILLO (MEJIA),RURAL,2021-02-13,13:30:00,13,SABADO,6,FEBRERO,2,SI,"CONDUCIR DESATENTO A LAS CONDICIONES DE TRANSITO (CELULAR, PANTALLAS DE VIDEO, COMIDA, MAQUILLAJE O CUALQUIER OTRO ELEMENTO DISTRACTOR).",CHOQUE LATERAL,CAMION,1,0,0,1,0,0,0,0,0,0,0,0,0,2,30,HOMBRE,ILESO,CONDUCTOR PRESENTE,NO,SI,3
25662,98504,98505,2021,0,0,-0.316645,-78.490611,PICHINCHA,QUITO,CONOCOTO,RURAL,2021-02-13,16:30:00,16,SABADO,6,FEBRERO,2,SI,CONDUCIR VEHICULO SUPERANDO LOS LIMITES MAXIMOS DE VELOCIDAD.,ESTRELLAMIENTOS,AUTOMOVIL,1,0,0,0,0,0,0,0,0,0,0,0,0,1,-1,NO IDENTIFICADO,NO IDENTIFICADO,CONDUCTOR AUSENTE,NO,NO,2
25663,98511,98512,2021,0,0,-0.170135,-78.479875,PICHINCHA,QUITO,QUITO,URBANA,2021-02-13,18:20:00,18,SABADO,6,FEBRERO,2,SI,NO MANTENER LA DISTANCIA PRUDENCIAL CON RESPECTO AL VEHICULO QUE LE ANTECEDE.,CHOQUE POSTERIOR,AUTOMOVIL,2,0,0,0,0,0,0,0,0,0,0,0,0,2,39,HOMBRE,ILESO,CONDUCTOR PRESENTE,NO,NO,1
25664,98521,98522,2021,0,0,-0.299877,-78.542315,PICHINCHA,QUITO,QUITO,URBANA,2021-02-13,20:00:00,20,SABADO,6,FEBRERO,2,SI,"NO RESPETAR LAS SENIALES REGLAMENTARIAS DE TRANSITO. (PARE, CEDA EL PASO, LUZ ROJA DEL SEMAFORO, ETC).",ESTRELLAMIENTOS,AUTOMOVIL,1,0,0,0,0,0,0,0,0,0,0,0,0,1,29,HOMBRE,ILESO,CONDUCTOR PRESENTE,NO,NO,1
25665,98524,98525,2021,0,1,-0.010563,-78.175892,PICHINCHA,CAYAMBE,CANGAHUA,RURAL,2021-02-13,20:20:00,20,SABADO,6,FEBRERO,2,SI,NO TRANSITAR POR LAS ACERAS O ZONAS DE SEGURIDAD DESTINADAS PARA EL EFECTO.,ATROPELLOS,NO IDENTIFICADO,0,0,0,0,0,0,0,0,0,1,0,0,0,1,-1,HOMBRE,FALLECIDO,PEATON,NO,SI,3
25666,98527,98528,2021,0,0,-0.267286,-78.527086,PICHINCHA,QUITO,QUITO,URBANA,2021-02-13,20:55:00,20,SABADO,6,FEBRERO,2,SI,"CONDUCE BAJO LA INFLUENCIA DE ALCOHOL, SUSTANCIAS ESTUPEFACIENTES O PSICOTROPICAS Y/O MEDICAMENTOS.",CHOQUE POSTERIOR,AUTOMOVIL,2,0,0,0,0,0,0,0,0,0,0,0,0,2,23,HOMBRE,ILESO,CONDUCTOR PRESENTE,NO,NO,1
25667,98533,98534,2021,0,0,-0.212824,-78.402686,PICHINCHA,QUITO,TUMBACO,RURAL,2021-02-13,21:55:00,21,SABADO,6,FEBRERO,2,SI,"CONDUCE BAJO LA INFLUENCIA DE ALCOHOL, SUSTANCIAS ESTUPEFACIENTES O PSICOTROPICAS Y/O MEDICAMENTOS.",CHOQUE LATERAL,AUTOMOVIL,2,0,0,0,0,0,0,0,0,0,0,0,0,2,43,HOMBRE,ILESO,CONDUCTOR PRESENTE,NO,NO,3
25668,98539,98540,2021,2,0,-0.182136,-78.478799,PICHINCHA,QUITO,QUITO,URBANA,2021-02-14,00:00:00,0,DOMINGO,7,FEBRERO,2,SI,"CONDUCE BAJO LA INFLUENCIA DE ALCOHOL, SUSTANCIAS ESTUPEFACIENTES O PSICOTROPICAS Y/O MEDICAMENTOS.",CHOQUE POSTERIOR,AUTOMOVIL,2,0,0,0,0,0,0,0,0,0,0,0,0,2,27,HOMBRE,LESIONADO,PASAJERO,NO,NO,1
25669,98542,98543,2021,0,0,-0.275812,-78.489031,PICHINCHA,QUITO,CONOCOTO,URBANA,2021-02-14,00:40:00,0,DOMINGO,7,FEBRERO,2,SI,"CONDUCIR DESATENTO A LAS CONDICIONES DE TRANSITO (CELULAR, PANTALLAS DE VIDEO, COMIDA, MAQUILLAJE O CUALQUIER OTRO ELEMENTO DISTRACTOR).",PERDIDA DE CARRIL,AUTOMOVIL,1,0,0,0,0,0,0,0,0,0,0,0,0,1,-1,NO IDENTIFICADO,NO IDENTIFICADO,CONDUCTOR AUSENTE,NO,SI,2
25670,98543,98544,2021,0,0,-0.148497,-78.498391,PICHINCHA,QUITO,QUITO,URBANA,2021-02-14,01:00:00,1,DOMINGO,7,FEBRERO,2,SI,NO MANTENER LA DISTANCIA PRUDENCIAL CON RESPECTO AL VEHICULO QUE LE ANTECEDE.,CHOQUE POSTERIOR,AUTOMOVIL,2,0,0,0,0,0,0,0,0,0,0,0,0,2,33,HOMBRE,ILESO,CONDUCTOR PRESENTE,NO,NO,1
25671,98549,98550,2021,1,0,-0.217908,-78.492231,PICHINCHA,QUITO,QUITO,URBANA,2021-02-14,02:25:00,2,DOMINGO,7,FEBRERO,2,SI,CONDUCIR VEHICULO SUPERANDO LOS LIMITES MAXIMOS DE VELOCIDAD.,ESTRELLAMIENTOS,AUTOMOVIL,1,0,0,0,0,0,0,0,0,0,0,0,0,1,23,HOMBRE,LESIONADO,PASAJERO,NO,NO,1
25672,98565,98566,2021,0,0,0.208498,-78.485714,PICHINCHA,QUITO,SAN JOSE DE MINAS,URBANA,2021-02-14,05:50:00,5,DOMINGO,7,FEBRERO,2,SI,"NO RESPETAR LAS SENIALES REGLAMENTARIAS DE TRANSITO. (PARE, CEDA EL PASO, LUZ ROJA DEL SEMAFORO, ETC).",ESTRELLAMIENTOS,AUTOMOVIL,1,0,0,0,0,0,0,0,0,0,0,0,0,1,-1,NO IDENTIFICADO,NO IDENTIFICADO,CONDUCTOR AUSENTE,NO,NO,2
25673,98574,98575,2021,2,0,-0.212131,-78.387611,PICHINCHA,QUITO,TUMBACO,RURAL,2021-02-14,08:25:00,8,DOMINGO,7,FEBRERO,2,SI,CONDUCIR VEHICULO SUPERANDO LOS LIMITES MAXIMOS DE VELOCIDAD.,ESTRELLAMIENTOS,AUTOMOVIL,1,0,0,0,0,0,0,0,1,0,0,0,0,2,20,MUJER,LESIONADO,PASAJERO,NO,NO,3
25674,98576,98577,2021,0,0,-0.089176,-78.469701,PICHINCHA,QUITO,QUITO,URBANA,2021-02-14,08:40:00,8,DOMINGO,7,FEBRERO,2,SI,CONDUCIR VEHICULO SUPERANDO LOS LIMITES MAXIMOS DE VELOCIDAD.,ESTRELLAMIENTOS,AUTOMOVIL,1,0,0,0,0,0,0,0,0,0,0,0,0,1,-1,NO IDENTIFICADO,NO IDENTIFICADO,CONDUCTOR AUSENTE,NO,NO,2
25675,98577,98578,2021,2,0,-0.237436,-78.484272,PICHINCHA,QUITO,QUITO,URBANA,2021-02-14,08:45:00,8,DOMINGO,7,FEBRERO,2,SI,NO CEDER EL DERECHO DE VIA O PREFERENCIA DE PASO A VEHICULOS.,CHOQUE LATERAL,CAMIONETA,0,0,0,0,2,0,0,0,0,0,0,0,0,2,20,MUJER,LESIONADO,PASAJERO,NO,NO,1
25676,98580,98581,2021,2,0,-0.262674,-78.538052,PICHINCHA,QUITO,QUITO,URBANA,2021-02-14,09:20:00,9,DOMINGO,7,FEBRERO,2,SI,NO CEDER EL DERECHO DE VIA O PREFERENCIA DE PASO A VEHICULOS.,CHOQUE LATERAL,AUTOMOVIL,1,1,0,0,0,0,0,0,0,0,0,0,0,2,13,HOMBRE,LESIONADO,PASAJERO,NO,NO,1
25677,98586,98587,2021,0,0,-0.256471,-78.513975,PICHINCHA,QUITO,QUITO,URBANA,2021-02-14,11:00:00,11,DOMINGO,7,FEBRERO,2,SI,"CONDUCE BAJO LA INFLUENCIA DE ALCOHOL, SUSTANCIAS ESTUPEFACIENTES O PSICOTROPICAS Y/O MEDICAMENTOS.",CHOQUE FRONTAL,AUTOMOVIL,2,0,0,0,0,0,0,0,0,0,0,0,0,2,45,HOMBRE,ILESO,CONDUCTOR PRESENTE,NO,NO,1
25678,98591,98592,2021,0,0,-0.199108,-78.483707,PICHINCHA,QUITO,QUITO,URBANA,2021-02-14,11:50:00,11,DOMINGO,7,FEBRERO,2,SI,CONDUCIR VEHICULO SUPERANDO LOS LIMITES MAXIMOS DE VELOCIDAD.,ESTRELLAMIENTOS,AUTOMOVIL,1,0,0,0,0,0,0,0,0,0,0,0,0,1,-1,NO IDENTIFICADO,NO IDENTIFICADO,CONDUCTOR AUSENTE,NO,NO,2
25679,98592,98593,2021,1,0,-0.238319,-78.532772,PICHINCHA,QUITO,QUITO,URBANA,2021-02-14,12:10:00,12,DOMINGO,7,FEBRERO,2,SI,"NO RESPETAR LAS SENIALES REGLAMENTARIAS DE TRANSITO. (PARE, CEDA EL PASO, LUZ ROJA DEL SEMAFORO, ETC).",CHOQUE LATERAL,MOTOCICLETA,1,0,0,0,0,0,0,0,1,0,0,0,0,2,22,HOMBRE,LESIONADO,CONDUCTOR PRESENTE,NO,NO,1
25680,98599,98600,2021,0,0,0.022802,-78.156368,PICHINCHA,CAYAMBE,CAYAMBE,RURAL,2021-02-14,13:45:00,13,DOMINGO,7,FEBRERO,2,SI,"CONDUCIR DESATENTO A LAS CONDICIONES DE TRANSITO (CELULAR, PANTALLAS DE VIDEO, COMIDA, MAQUILLAJE O CUALQUIER OTRO ELEMENTO DISTRACTOR).",COLISION,AUTOMOVIL,1,0,0,0,1,0,0,0,0,0,0,0,1,3,61,HOMBRE,ILESO,CONDUCTOR PRESENTE,NO,SI,3
25681,98611,98612,2021,0,0,-0.127938,-78.453313,PICHINCHA,QUITO,QUITO,RURAL,2021-02-14,16:30:00,16,DOMINGO,7,FEBRERO,2,SI,CONDUCIR VEHICULO SUPERANDO LOS LIMITES MAXIMOS DE VELOCIDAD.,ESTRELLAMIENTOS,CAMIONETA,0,0,0,0,1,0,0,0,0,0,0,0,0,1,-1,NO IDENTIFICADO,NO IDENTIFICADO,CONDUCTOR AUSENTE,NO,NO,2
25682,98618,98619,2021,0,0,-0.176715,-78.493866,PICHINCHA,QUITO,QUITO,URBANA,2021-02-14,17:45:00,17,DOMINGO,7,FEBRERO,2,SI,"NO RESPETAR LAS SENIALES REGLAMENTARIAS DE TRANSITO. (PARE, CEDA EL PASO, LUZ ROJA DEL SEMAFORO, ETC).",CHOQUE LATERAL,AUTOMOVIL,2,0,0,0,0,0,0,0,0,0,0,0,0,2,25,HOMBRE,ILESO,CONDUCTOR PRESENTE,NO,NO,1
25683,98631,98632,2021,0,0,-0.299621,-78.524243,PICHINCHA,QUITO,QUITO,URBANA,2021-02-14,20:10:00,20,DOMINGO,7,FEBRERO,2,SI,"NO RESPETAR LAS SENIALES REGLAMENTARIAS DE TRANSITO. (PARE, CEDA EL PASO, LUZ ROJA DEL SEMAFORO, ETC).",ESTRELLAMIENTOS,AUTOMOVIL,2,0,0,0,0,0,0,0,0,0,0,0,0,2,38,MUJER,ILESO,PASAJERO,NO,NO,1
25684,98633,98634,2021,0,1,-0.237474,-78.484642,PICHINCHA,QUITO,QUITO,URBANA,2021-02-14,20:15:00,20,DOMINGO,7,FEBRERO,2,SI,PEATON QUE CRUZA LA CALZADA SIN RESPETAR LA SENIALIZACION EXISTENTE (SEMAFOROS O SENIALES MANUALES).,ATROPELLOS,NO IDENTIFICADO,0,0,0,0,0,0,0,0,0,1,0,0,0,1,27,HOMBRE,FALLECIDO,PEATON,NO,NO,1
25685,98638,98639,2021,0,0,0.045879,-78.197948,PICHINCHA,PEDRO MONCAYO,TABACUNDO,RURAL,2021-02-14,21:00:00,21,DOMINGO,7,FEBRERO,2,SI,"CONDUCE BAJO LA INFLUENCIA DE ALCOHOL, SUSTANCIAS ESTUPEFACIENTES O PSICOTROPICAS Y/O MEDICAMENTOS.",CHOQUE POSTERIOR,VEHICULO DEPORTIVO UTILITARIO,1,0,0,0,0,0,0,0,0,0,0,0,1,2,42,HOMBRE,ILESO,CONDUCTOR PRESENTE,NO,SI,3
25686,98639,98640,2021,0,0,-0.283152,-78.554631,PICHINCHA,QUITO,QUITO,URBANA,2021-02-14,21:15:00,21,DOMINGO,7,FEBRERO,2,SI,"NO RESPETAR LAS SENIALES REGLAMENTARIAS DE TRANSITO. (PARE, CEDA EL PASO, LUZ ROJA DEL SEMAFORO, ETC).",OTROS,AUTOMOVIL,1,0,0,0,0,0,0,0,0,0,0,0,0,1,-1,NO IDENTIFICADO,NO IDENTIFICADO,CONDUCTOR AUSENTE,NO,NO,2
25687,98644,98645,2021,2,0,0.026258,-78.645729,PICHINCHA,QUITO,NONO,RURAL,2021-02-14,22:17:00,22,DOMINGO,7,FEBRERO,2,SI,REALIZAR CAMBIO BRUSCO O INDEBIDO DE CARRIL.,CHOQUE LATERAL,AUTOMOVIL,2,0,0,0,0,0,0,0,0,0,0,0,0,2,37,HOMBRE,LESIONADO,CONDUCTOR PRESENTE,NO,SI,3
25688,98649,98650,2021,1,0,-0.302386,-78.457288,PICHINCHA,RUMINIAHUI,SANGOLQUI,URBANA,2021-02-14,23:00:00,23,DOMINGO,7,FEBRERO,2,SI,"CONDUCE BAJO LA INFLUENCIA DE ALCOHOL, SUSTANCIAS ESTUPEFACIENTES O PSICOTROPICAS Y/O MEDICAMENTOS.",CHOQUE FRONTAL,MOTOCICLETA,1,0,0,0,0,0,0,0,1,0,0,0,0,2,25,HOMBRE,ILESO,CONDUCTOR PRESENTE,NO,SI,1
25689,98657,98658,2021,0,0,-0.390194,-78.813484,PICHINCHA,MEJIA,MANUEL CORNEJO ASTORGA,RURAL,2021-02-15,04:15:00,4,LUNES,1,FEBRERO,2,SI,"CONDUCIR DESATENTO A LAS CONDICIONES DE TRANSITO (CELULAR, PANTALLAS DE VIDEO, COMIDA, MAQUILLAJE O CUALQUIER OTRO ELEMENTO DISTRACTOR).",PERDIDA DE PISTA,VEHICULO DEPORTIVO UTILITARIO,0,0,0,0,0,0,0,0,0,0,0,0,1,1,-1,HOMBRE,ILESO,CONDUCTOR PRESENTE,NO,NO,3
25690,98669,98670,2021,1,0,-0.375496,-78.506023,PICHINCHA,QUITO,AMAGUANIA,RURAL,2021-02-15,09:38:00,9,LUNES,1,FEBRERO,2,SI,NO CEDER EL DERECHO DE VIA O PREFERENCIA DE PASO AL PEATON.,ARROLLAMIENTOS,NO IDENTIFICADO,0,0,0,0,0,0,0,0,0,1,0,0,0,1,43,HOMBRE,LESIONADO,PEATON,NO,NO,3
25691,98678,98679,2021,3,0,-0.326847,-78.450121,PICHINCHA,RUMINIAHUI,SANGOLQUI,URBANA,2021-02-15,13:20:00,13,LUNES,1,FEBRERO,2,SI,"CONDUCIR DESATENTO A LAS CONDICIONES DE TRANSITO (CELULAR, PANTALLAS DE VIDEO, COMIDA, MAQUILLAJE O CUALQUIER OTRO ELEMENTO DISTRACTOR).",CHOQUE LATERAL,MOTOCICLETA,0,0,0,0,0,0,0,0,1,0,0,0,1,2,7,MUJER,LESIONADO,PASAJERO,NO,SI,1
25692,98679,98680,2021,1,0,-0.212453,-78.507401,PICHINCHA,QUITO,QUITO,URBANA,2021-02-15,14:10:00,14,LUNES,1,FEBRERO,2,SI,BAJARSE O SUBIRSE DE VEHICULOS EN MOVIMIENTO SIN TOMAR LAS PRECAUCIONES DEBIDAS.,CAIDA DE PASAJERO,BUS,0,0,1,0,0,0,0,0,0,0,0,0,0,1,69,HOMBRE,LESIONADO,PASAJERO,NO,NO,1
25693,98681,98682,2021,0,0,-0.104134,-78.494764,PICHINCHA,QUITO,QUITO,URBANA,2021-02-15,15:20:00,15,LUNES,1,FEBRERO,2,SI,"CONDUCE BAJO LA INFLUENCIA DE ALCOHOL, SUSTANCIAS ESTUPEFACIENTES O PSICOTROPICAS Y/O MEDICAMENTOS.",ESTRELLAMIENTOS,AUTOMOVIL,1,0,0,0,0,0,0,0,0,0,0,0,0,1,20,MUJER,ILESO,CONDUCTOR PRESENTE,NO,NO,1
25694,98686,98687,2021,0,0,-0.015519,-78.436791,PICHINCHA,QUITO,SAN ANTONIO (QUITO),RURAL,2021-02-15,16:30:00,16,LUNES,1,FEBRERO,2,SI,CONDUCIR VEHICULO SUPERANDO LOS LIMITES MAXIMOS DE VELOCIDAD.,ESTRELLAMIENTOS,CAMIONETA,0,0,0,0,1,0,0,0,0,0,0,0,0,1,-1,NO IDENTIFICADO,NO IDENTIFICADO,CONDUCTOR AUSENTE,NO,NO,2
25695,98700,98701,2021,0,0,0.001796,-78.536295,PICHINCHA,QUITO,CALACALI,RURAL,2021-02-15,20:02:00,20,LUNES,1,FEBRERO,2,SI,"CONDUCE BAJO LA INFLUENCIA DE ALCOHOL, SUSTANCIAS ESTUPEFACIENTES O PSICOTROPICAS Y/O MEDICAMENTOS.",CHOQUE FRONTAL,CAMION,1,0,0,1,0,0,0,0,0,0,0,0,0,2,50,HOMBRE,ILESO,CONDUCTOR PRESENTE,NO,SI,3
25696,98703,98704,2021,2,0,-0.116719,-78.458135,PICHINCHA,QUITO,QUITO,URBANA,2021-02-15,20:30:00,20,LUNES,1,FEBRERO,2,SI,"CONDUCE BAJO LA INFLUENCIA DE ALCOHOL, SUSTANCIAS ESTUPEFACIENTES O PSICOTROPICAS Y/O MEDICAMENTOS.",CHOQUE LATERAL,AUTOMOVIL,1,0,0,0,0,0,0,0,1,0,0,0,0,2,35,HOMBRE,LESIONADO,PASAJERO,NO,NO,1
25697,98719,98720,2021,0,0,-0.244435,-78.482091,PICHINCHA,QUITO,QUITO,RURAL,2021-02-16,01:02:00,1,MARTES,2,FEBRERO,2,SI,CONDUCIR VEHICULO SUPERANDO LOS LIMITES MAXIMOS DE VELOCIDAD.,ESTRELLAMIENTOS,AUTOMOVIL,1,0,0,0,0,0,0,0,0,0,0,0,0,1,-1,NO IDENTIFICADO,NO IDENTIFICADO,CONDUCTOR AUSENTE,NO,NO,2
25698,98736,98737,2021,1,0,-0.304714,-78.416503,PICHINCHA,QUITO,ALANGASI,RURAL,2021-02-16,08:37:00,8,MARTES,2,FEBRERO,2,SI,"PRESENCIA DE AGENTES EXTERNOS EN LA VIA (AGUA, ACEITE, PIEDRA, LASTRE, ESCOMBROS, MADEROS, ETC.).",PERDIDA DE CARRIL,BICICLETA,0,1,0,0,0,0,0,0,0,0,0,0,0,1,20,HOMBRE,LESIONADO,CONDUCTOR PRESENTE,NO,NO,3
25699,98737,98738,2021,0,0,-0.309845,-78.443852,PICHINCHA,RUMINIAHUI,SANGOLQUI,URBANA,2021-02-16,10:00:00,10,MARTES,2,FEBRERO,2,SI,"CONDUCIR DESATENTO A LAS CONDICIONES DE TRANSITO (CELULAR, PANTALLAS DE VIDEO, COMIDA, MAQUILLAJE O CUALQUIER OTRO ELEMENTO DISTRACTOR).",ATROPELLOS,CAMION,0,0,0,1,0,0,0,0,0,0,0,0,0,1,47,HOMBRE,ILESO,CONDUCTOR PRESENTE,NO,SI,1
25700,98740,98741,2021,0,0,-0.328001,-78.541755,PICHINCHA,QUITO,QUITO,URBANA,2021-02-16,11:30:00,11,MARTES,2,FEBRERO,2,SI,"CONDUCE BAJO LA INFLUENCIA DE ALCOHOL, SUSTANCIAS ESTUPEFACIENTES O PSICOTROPICAS Y/O MEDICAMENTOS.",COLISION,AUTOMOVIL,3,0,0,0,0,0,0,0,0,0,0,0,0,3,44,HOMBRE,ILESO,CONDUCTOR PRESENTE,NO,NO,1
25701,98743,98744,2021,0,0,-0.212303,-78.521913,PICHINCHA,QUITO,QUITO,URBANA,2021-02-16,13:00:00,13,MARTES,2,FEBRERO,2,SI,CONDUCIR VEHICULO SUPERANDO LOS LIMITES MAXIMOS DE VELOCIDAD.,ESTRELLAMIENTOS,AUTOMOVIL,1,0,0,0,0,0,0,0,0,0,0,0,0,1,-1,NO IDENTIFICADO,NO IDENTIFICADO,CONDUCTOR AUSENTE,NO,NO,2
25702,98748,98749,2021,0,0,-0.082518,-78.418041,PICHINCHA,QUITO,CALDERON (CARAPUNGO),RURAL,2021-02-16,14:10:00,14,MARTES,2,FEBRERO,2,SI,NO MANTENER LA DISTANCIA PRUDENCIAL CON RESPECTO AL VEHICULO QUE LE ANTECEDE.,CHOQUE POSTERIOR,AUTOMOVIL,2,0,0,0,0,0,0,0,0,0,0,0,0,2,21,HOMBRE,ILESO,CONDUCTOR PRESENTE,NO,NO,3