,Unnamed: 0,ID,ANIO,LESIONADOS,FALLECIDOS,LATITUD_Y,LONGITUD_X,PROVINCIA,CANTON,PARROQUIA,ZONA,FECHA,HORA,PERIODO_2,DIA_1,DIA_2,MES_1,MES_2,FERIADO,CAUSA_PROBABLE,TIPO_DE_SINIESTRO,TIPO_DE_VEHICULO_1,AUTOMOVIL,BICICLETA,BUS,CAMION,CAMIONETA,EMERGENCIAS,ESPECIAL,FURGONETA,MOTOCICLETA,NO_IDENTIFICADO,SCOOTER_ELECTRICO,TRICIMOTO,VEHICULO_DEPORTIVO_UTILITARIO,SUMA_DE_VEHICULOS,EDAD_1,SEXO_1,CONDICION_1,PARTICIPANTE_1,CASCO_1,CINTURON_1,KMeans_Cluster
25759,99079,99080,2021,0,0,-0.266113,-78.553678,PICHINCHA,QUITO,QUITO,URBANA,2021-02-22,22:03:00,22,LUNES,1,FEBRERO,2,NO,NO GUARDAR LA DISTANCIA LATERAL MINIMA DE SEGURIDAD ENTRE VEHICULOS.,CHOQUE LATERAL,AUTOMOVIL,1,0,0,0,0,0,0,0,1,0,0,0,0,2,25,HOMBRE,ILESO,CONDUCTOR PRESENTE,NO,NO,1
25760,99088,99089,2021,1,0,-0.365805,-78.475377,PICHINCHA,RUMINIAHUI,SANGOLQUI,URBANA,2021-02-23,06:50:00,6,MARTES,2,FEBRERO,2,NO,"CONDUCIR DESATENTO A LAS CONDICIONES DE TRANSITO (CELULAR, PANTALLAS DE VIDEO, COMIDA, MAQUILLAJE O CUALQUIER OTRO ELEMENTO DISTRACTOR).",CHOQUE LATERAL,MOTOCICLETA,0,0,0,0,0,0,0,0,1,0,0,0,1,2,63,HOMBRE,ILESO,CONDUCTOR PRESENTE,NO,SI,1
25761,99090,99091,2021,0,0,-0.191478,-78.507288,PICHINCHA,QUITO,QUITO,URBANA,2021-02-23,08:10:00,8,MARTES,2,FEBRERO,2,NO,REALIZAR CAMBIO BRUSCO O INDEBIDO DE CARRIL.,CHOQUE LATERAL,AUTOMOVIL,2,0,0,0,0,0,0,0,0,0,0,0,0,2,31,HOMBRE,ILESO,CONDUCTOR PRESENTE,NO,NO,1
25762,99091,99092,2021,0,0,-0.280955,-78.548788,PICHINCHA,QUITO,QUITO,URBANA,2021-02-23,09:50:00,9,MARTES,2,FEBRERO,2,NO,NO CEDER EL DERECHO DE VIA O PREFERENCIA DE PASO A VEHICULOS.,CHOQUE LATERAL,AUTOMOVIL,2,0,0,0,0,0,0,0,0,0,0,0,0,2,43,HOMBRE,ILESO,CONDUCTOR PRESENTE,NO,NO,1
25763,99103,99104,2021,0,0,-0.121083,-78.413611,PICHINCHA,QUITO,CALDERON (CARAPUNGO),RURAL,2021-02-23,16:05:00,16,MARTES,2,FEBRERO,2,NO,REALIZAR CAMBIO BRUSCO O INDEBIDO DE CARRIL.,CHOQUE FRONTAL,BUS,1,0,1,0,0,0,0,0,0,0,0,0,0,2,24,HOMBRE,ILESO,CONDUCTOR PRESENTE,NO,NO,3
25764,99104,99105,2021,0,0,-0.218399,-78.512366,PICHINCHA,QUITO,QUITO,URBANA,2021-02-23,16:08:00,16,MARTES,2,FEBRERO,2,NO,"CONDUCE BAJO LA INFLUENCIA DE ALCOHOL, SUSTANCIAS ESTUPEFACIENTES O PSICOTROPICAS Y/O MEDICAMENTOS.",CHOQUE POSTERIOR,AUTOMOVIL,1,0,0,0,1,0,0,0,0,0,0,0,0,2,66,HOMBRE,ILESO,CONDUCTOR PRESENTE,NO,NO,1
25765,99127,99128,2021,0,0,-0.441194,-78.698305,PICHINCHA,MEJIA,ALOAG,RURAL,2021-02-24,05:45:00,5,MIERCOLES,3,FEBRERO,2,NO,"CONDUCIR DESATENTO A LAS CONDICIONES DE TRANSITO (CELULAR, PANTALLAS DE VIDEO, COMIDA, MAQUILLAJE O CUALQUIER OTRO ELEMENTO DISTRACTOR).",ESTRELLAMIENTOS,CAMION,0,0,0,2,0,0,0,0,0,0,0,0,0,2,-1,HOMBRE,ILESO,CONDUCTOR PRESENTE,NO,NO,3
25766,99137,99138,2021,1,0,-0.211021,-78.498468,PICHINCHA,QUITO,QUITO,URBANA,2021-02-24,10:35:00,10,MIERCOLES,3,FEBRERO,2,NO,"NO RESPETAR LAS SENIALES REGLAMENTARIAS DE TRANSITO. (PARE, CEDA EL PASO, LUZ ROJA DEL SEMAFORO, ETC).",CHOQUE LATERAL,AUTOMOVIL,2,0,0,0,0,0,0,0,0,0,0,0,0,2,22,MUJER,LESIONADO,PASAJERO,NO,NO,1
25767,99138,99139,2021,1,0,-0.189972,-78.454119,PICHINCHA,QUITO,NAYON,RURAL,2021-02-24,10:36:00,10,MIERCOLES,3,FEBRERO,2,NO,REALIZAR CAMBIO BRUSCO O INDEBIDO DE CARRIL.,CHOQUE LATERAL,CAMIONETA,1,0,0,0,1,0,0,0,0,0,0,0,0,2,29,MUJER,LESIONADO,PASAJERO,NO,NO,3
25768,99147,99148,2021,0,0,-0.333349,-78.440744,PICHINCHA,RUMINIAHUI,SANGOLQUI,URBANA,2021-02-24,16:00:00,16,MIERCOLES,3,FEBRERO,2,NO,"CONDUCIR DESATENTO A LAS CONDICIONES DE TRANSITO (CELULAR, PANTALLAS DE VIDEO, COMIDA, MAQUILLAJE O CUALQUIER OTRO ELEMENTO DISTRACTOR).",CHOQUE LATERAL,AUTOMOVIL,1,0,0,1,0,0,0,0,0,0,0,0,0,2,35,HOMBRE,ILESO,CONDUCTOR PRESENTE,NO,SI,1
25769,99151,99152,2021,1,0,-0.050839,-78.305357,PICHINCHA,QUITO,GUAYLLABAMBA,RURAL,2021-02-24,17:10:02,17,MIERCOLES,3,FEBRERO,2,NO,"CONDUCIR DESATENTO A LAS CONDICIONES DE TRANSITO (CELULAR, PANTALLAS DE VIDEO, COMIDA, MAQUILLAJE O CUALQUIER OTRO ELEMENTO DISTRACTOR).",CHOQUE FRONTAL,VEHICULO DEPORTIVO UTILITARIO,0,0,0,0,0,0,0,0,1,0,0,0,1,2,-1,MUJER,LESIONADO,PASAJERO,NO,SI,3
25770,99155,99156,2021,0,1,-0.243671,-78.485361,PICHINCHA,QUITO,QUITO,URBANA,2021-02-24,20:05:00,20,MIERCOLES,3,FEBRERO,2,NO,REALIZAR CAMBIO BRUSCO O INDEBIDO DE CARRIL.,CHOQUE LATERAL,MOTOCICLETA,0,0,1,0,0,0,0,0,1,0,0,0,0,2,25,HOMBRE,FALLECIDO,CONDUCTOR PRESENTE,NO,NO,1
25771,99156,99157,2021,1,0,-0.174988,-78.489891,PICHINCHA,QUITO,QUITO,URBANA,2021-02-24,20:15:00,20,MIERCOLES,3,FEBRERO,2,NO,NO CEDER EL DERECHO DE VIA O PREFERENCIA DE PASO A VEHICULOS.,CHOQUE LATERAL,MOTOCICLETA,1,0,0,0,0,0,0,0,1,0,0,0,0,2,45,HOMBRE,LESIONADO,CONDUCTOR PRESENTE,NO,NO,1
25772,99157,99158,2021,1,0,0.098533,-78.156223,PICHINCHA,CAYAMBE,SAN JOSE DE AYORA,RURAL,2021-02-24,20:15:00,20,MIERCOLES,3,FEBRERO,2,NO,NO TRANSITAR POR LAS ACERAS O ZONAS DE SEGURIDAD DESTINADAS PARA EL EFECTO.,ATROPELLOS,NO IDENTIFICADO,0,0,0,0,0,0,0,0,0,1,0,0,0,1,-1,NO IDENTIFICADO,NO IDENTIFICADO,CONDUCTOR AUSENTE,NO,SI,3
25773,99166,99167,2021,0,0,-0.197826,-78.466466,PICHINCHA,QUITO,QUITO,RURAL,2021-02-25,07:25:00,7,JUEVES,4,FEBRERO,2,NO,NO MANTENER LA DISTANCIA PRUDENCIAL CON RESPECTO AL VEHICULO QUE LE ANTECEDE.,COLISION,FURGONETA,3,0,0,1,1,0,0,1,0,0,0,0,0,6,29,HOMBRE,ILESO,CONDUCTOR PRESENTE,NO,NO,3
25774,99170,99171,2021,1,0,-0.234151,-78.482614,PICHINCHA,QUITO,QUITO,URBANA,2021-02-25,08:55:00,8,JUEVES,4,FEBRERO,2,NO,"PRESENCIA DE AGENTES EXTERNOS EN LA VIA (AGUA, ACEITE, PIEDRA, LASTRE, ESCOMBROS, MADEROS, ETC.).",PERDIDA DE CARRIL,MOTOCICLETA,0,0,0,0,0,0,0,0,1,0,0,0,0,1,37,HOMBRE,LESIONADO,CONDUCTOR PRESENTE,NO,NO,1
25775,99172,99173,2021,0,0,-0.271841,-78.550141,PICHINCHA,QUITO,QUITO,URBANA,2021-02-25,09:40:00,9,JUEVES,4,FEBRERO,2,NO,CONDUCIR VEHICULO SUPERANDO LOS LIMITES MAXIMOS DE VELOCIDAD.,ESTRELLAMIENTOS,CAMIONETA,2,0,0,0,1,0,0,0,0,0,0,0,0,3,18,HOMBRE,ILESO,PEATON,NO,NO,1
25776,99180,99181,2021,1,0,-0.184718,-78.344695,PICHINCHA,QUITO,TABABELA,RURAL,2021-02-25,12:25:00,12,JUEVES,4,FEBRERO,2,NO,NO MANTENER LA DISTANCIA PRUDENCIAL CON RESPECTO AL VEHICULO QUE LE ANTECEDE.,COLISION,AUTOMOVIL,2,0,0,0,1,0,0,0,0,0,0,0,0,3,24,MUJER,LESIONADO,CONDUCTOR PRESENTE,NO,NO,3
25777,99192,99193,2021,0,1,-0.141457,-78.483041,PICHINCHA,QUITO,QUITO,URBANA,2021-02-25,19:40:00,19,JUEVES,4,FEBRERO,2,NO,NO CEDER EL DERECHO DE VIA O PREFERENCIA DE PASO AL PEATON.,ATROPELLOS,NO IDENTIFICADO,0,0,0,0,0,0,0,0,0,1,0,0,0,1,59,HOMBRE,FALLECIDO,PEATON,NO,NO,1
25778,99202,99203,2021,2,0,-0.105384,-78.497732,PICHINCHA,QUITO,QUITO,URBANA,2021-02-26,03:10:00,3,VIERNES,5,FEBRERO,2,NO,"CONDUCE BAJO LA INFLUENCIA DE ALCOHOL, SUSTANCIAS ESTUPEFACIENTES O PSICOTROPICAS Y/O MEDICAMENTOS.",CHOQUE FRONTAL,AUTOMOVIL,2,0,0,0,0,0,0,0,0,0,0,0,0,2,57,MUJER,LESIONADO,PASAJERO,NO,NO,1
25779,99216,99217,2021,1,0,-0.418491,-78.550275,PICHINCHA,MEJIA,TAMBILLO (MEJIA),RURAL,2021-02-26,10:25:00,10,VIERNES,5,FEBRERO,2,NO,"CONDUCIR DESATENTO A LAS CONDICIONES DE TRANSITO (CELULAR, PANTALLAS DE VIDEO, COMIDA, MAQUILLAJE O CUALQUIER OTRO ELEMENTO DISTRACTOR).",CHOQUE LATERAL,MOTOCICLETA,0,0,0,0,1,0,0,0,1,0,0,0,0,2,28,HOMBRE,ILESO,PASAJERO,NO,SI,3
25780,99225,99226,2021,0,0,-0.231641,-78.492275,PICHINCHA,QUITO,QUITO,URBANA,2021-02-26,15:00:00,15,VIERNES,5,FEBRERO,2,NO,CONDUCIR VEHICULO SUPERANDO LOS LIMITES MAXIMOS DE VELOCIDAD.,ESTRELLAMIENTOS,AUTOMOVIL,1,0,0,0,0,0,0,0,0,0,0,0,0,1,31,HOMBRE,ILESO,CONDUCTOR PRESENTE,NO,NO,1
25781,99226,99227,2021,0,0,-0.218238,-78.433617,PICHINCHA,QUITO,CUMBAYA,RURAL,2021-02-26,15:20:00,15,VIERNES,5,FEBRERO,2,NO,NO CEDER EL DERECHO DE VIA O PREFERENCIA DE PASO A VEHICULOS.,CHOQUE LATERAL,AUTOMOVIL,2,0,0,0,0,0,0,0,0,0,0,0,0,2,32,HOMBRE,ILESO,CONDUCTOR PRESENTE,NO,NO,3
25782,99229,99230,2021,1,0,-0.172868,-78.485806,PICHINCHA,QUITO,QUITO,URBANA,2021-02-26,16:50:00,16,VIERNES,5,FEBRERO,2,NO,"NO RESPETAR LAS SENIALES REGLAMENTARIAS DE TRANSITO. (PARE, CEDA EL PASO, LUZ ROJA DEL SEMAFORO, ETC).",OTROS,CAMIONETA,0,0,0,0,1,0,0,0,0,0,0,0,0,1,50,HOMBRE,LESIONADO,PEATON,NO,NO,1
25783,99249,99250,2021,0,0,-0.268032,-78.539401,PICHINCHA,QUITO,QUITO,URBANA,2021-02-27,03:00:00,3,SABADO,6,FEBRERO,2,NO,CONDUCIR VEHICULO SUPERANDO LOS LIMITES MAXIMOS DE VELOCIDAD.,ESTRELLAMIENTOS,AUTOMOVIL,1,0,0,0,0,0,0,0,0,0,0,0,0,1,-1,NO IDENTIFICADO,NO IDENTIFICADO,CONDUCTOR AUSENTE,NO,NO,2
25784,99251,99252,2021,0,0,-0.159763,-78.477241,PICHINCHA,QUITO,QUITO,URBANA,2021-02-27,03:15:00,3,SABADO,6,FEBRERO,2,NO,"NO RESPETAR LAS SENIALES REGLAMENTARIAS DE TRANSITO. (PARE, CEDA EL PASO, LUZ ROJA DEL SEMAFORO, ETC).",ESTRELLAMIENTOS,CAMIONETA,0,0,0,0,1,0,0,0,0,0,0,0,0,1,-1,NO IDENTIFICADO,NO IDENTIFICADO,CONDUCTOR AUSENTE,NO,NO,2
25785,99254,99255,2021,1,0,-0.156061,-78.484987,PICHINCHA,QUITO,QUITO,URBANA,2021-02-27,04:25:00,4,SABADO,6,FEBRERO,2,NO,"NO RESPETAR LAS SENIALES REGLAMENTARIAS DE TRANSITO. (PARE, CEDA EL PASO, LUZ ROJA DEL SEMAFORO, ETC).",CHOQUE LATERAL,AUTOMOVIL,2,0,0,0,0,0,0,0,0,0,0,0,0,2,20,HOMBRE,LESIONADO,PASAJERO,NO,NO,1
25786,99255,99256,2021,0,0,-0.189479,-78.453468,PICHINCHA,QUITO,NAYON,RURAL,2021-02-27,04:45:00,4,SABADO,6,FEBRERO,2,NO,CONDUCIR VEHICULO SUPERANDO LOS LIMITES MAXIMOS DE VELOCIDAD.,ESTRELLAMIENTOS,AUTOMOVIL,1,0,0,0,0,0,0,0,0,0,0,0,0,1,-1,NO IDENTIFICADO,NO IDENTIFICADO,CONDUCTOR AUSENTE,NO,NO,2
25787,99260,99261,2021,0,0,-0.308006,-78.559416,PICHINCHA,QUITO,QUITO,URBANA,2021-02-27,05:50:00,5,SABADO,6,FEBRERO,2,NO,"NO RESPETAR LAS SENIALES REGLAMENTARIAS DE TRANSITO. (PARE, CEDA EL PASO, LUZ ROJA DEL SEMAFORO, ETC).",CHOQUE LATERAL,CAMIONETA,1,0,0,0,1,0,0,0,0,0,0,0,0,2,59,HOMBRE,ILESO,CONDUCTOR PRESENTE,NO,NO,1
25788,99262,99263,2021,1,0,-0.328239,-78.538128,PICHINCHA,QUITO,QUITO,URBANA,2021-02-27,06:15:00,6,SABADO,6,FEBRERO,2,NO,"NO RESPETAR LAS SENIALES REGLAMENTARIAS DE TRANSITO. (PARE, CEDA EL PASO, LUZ ROJA DEL SEMAFORO, ETC).",CHOQUE LATERAL,AUTOMOVIL,1,0,0,0,0,0,0,0,1,0,0,0,0,2,37,MUJER,LESIONADO,PASAJERO,NO,NO,1
25789,99263,99264,2021,0,0,-0.157911,-78.481813,PICHINCHA,QUITO,QUITO,URBANA,2021-02-27,07:30:00,7,SABADO,6,FEBRERO,2,NO,NO MANTENER LA DISTANCIA PRUDENCIAL CON RESPECTO AL VEHICULO QUE LE ANTECEDE.,CHOQUE POSTERIOR,BICICLETA,0,1,0,0,0,0,0,0,1,0,0,0,0,2,33,HOMBRE,ILESO,CONDUCTOR PRESENTE,NO,NO,1
25790,99267,99268,2021,1,0,-0.133517,-78.501781,PICHINCHA,QUITO,QUITO,URBANA,2021-02-27,08:50:00,8,SABADO,6,FEBRERO,2,NO,PEATON QUE CRUZA LA CALZADA SIN RESPETAR LA SENIALIZACION EXISTENTE (SEMAFOROS O SENIALES MANUALES).,ATROPELLOS,AUTOMOVIL,1,0,0,0,0,0,0,0,0,0,0,0,0,1,84,HOMBRE,LESIONADO,PEATON,NO,NO,1
25791,99268,99269,2021,0,0,0.032008,-78.655514,PICHINCHA,QUITO,NONO,RURAL,2021-02-27,09:46:00,9,SABADO,6,FEBRERO,2,NO,REALIZAR CAMBIO BRUSCO O INDEBIDO DE CARRIL.,CHOQUE LATERAL,VEHICULO DEPORTIVO UTILITARIO,1,0,0,0,0,0,0,0,0,0,0,0,1,2,42,HOMBRE,ILESO,CONDUCTOR PRESENTE,NO,SI,3
25792,99280,99281,2021,0,1,-0.237728,-78.490401,PICHINCHA,QUITO,QUITO,URBANA,2021-02-27,12:25:00,12,SABADO,6,FEBRERO,2,NO,PEATON QUE CRUZA LA CALZADA SIN RESPETAR LA SENIALIZACION EXISTENTE (SEMAFOROS O SENIALES MANUALES).,ATROPELLOS,AUTOMOVIL,1,0,0,0,0,0,0,0,0,0,0,0,0,1,65,HOMBRE,FALLECIDO,PEATON,NO,NO,1
25793,99281,99282,2021,1,0,0.025485,-78.628521,PICHINCHA,QUITO,NONO,RURAL,2021-02-27,13:00:00,13,SABADO,6,FEBRERO,2,NO,"CONDUCIR DESATENTO A LAS CONDICIONES DE TRANSITO (CELULAR, PANTALLAS DE VIDEO, COMIDA, MAQUILLAJE O CUALQUIER OTRO ELEMENTO DISTRACTOR).",PERDIDA DE CARRIL,MOTOCICLETA,0,0,0,0,0,0,0,0,1,0,0,0,0,1,22,HOMBRE,LESIONADO,PASAJERO,NO,SI,3
25794,99282,99283,2021,1,0,-0.261837,-78.540081,PICHINCHA,QUITO,QUITO,URBANA,2021-02-27,13:00:00,13,SABADO,6,FEBRERO,2,NO,NO CEDER EL DERECHO DE VIA O PREFERENCIA DE PASO A VEHICULOS.,CHOQUE LATERAL,MOTOCICLETA,1,0,0,0,0,0,0,0,1,0,0,0,0,2,30,HOMBRE,LESIONADO,CONDUCTOR PRESENTE,NO,NO,1
25795,99284,99285,2021,1,0,-0.099377,-78.419516,PICHINCHA,QUITO,CALDERON (CARAPUNGO),RURAL,2021-02-27,14:15:00,14,SABADO,6,FEBRERO,2,NO,NO CEDER EL DERECHO DE VIA O PREFERENCIA DE PASO A VEHICULOS.,CHOQUE LATERAL,FURGONETA,0,0,0,0,0,0,0,1,1,0,0,0,0,2,35,HOMBRE,LESIONADO,CONDUCTOR PRESENTE,NO,NO,3
25796,99295,99296,2021,12,2,-0.150289,-78.453334,PICHINCHA,QUITO,QUITO,RURAL,2021-02-27,17:00:00,17,SABADO,6,FEBRERO,2,NO,PESO Y VOLUMEN - NO CUMPLIR CON LAS NORMAS DE SEGURIDAD NECESARIAS AL TRANSPORTAR CARGAS.,VOLCAMIENTOS,CAMIONETA,0,0,0,0,1,0,0,0,0,0,0,0,0,1,6,HOMBRE,FALLECIDO,PASAJERO,NO,NO,3
25797,99326,99327,2021,0,0,-0.212328,-78.426698,PICHINCHA,QUITO,CUMBAYA,RURAL,2021-02-27,23:15:00,23,SABADO,6,FEBRERO,2,NO,"CONDUCIR EN ESTADO DE SOMNOLENCIA O MALAS CONDICIONES FISICAS (SUENIO, CANSANCIO Y FATIGA).",ESTRELLAMIENTOS,AUTOMOVIL,2,0,0,0,0,0,0,0,0,0,0,0,0,2,21,MUJER,ILESO,CONDUCTOR PRESENTE,NO,NO,3
25798,99329,99330,2021,0,0,-0.358481,-78.480353,PICHINCHA,QUITO,AMAGUANIA,RURAL,2021-02-28,00:30:00,0,DOMINGO,7,FEBRERO,2,NO,"NO RESPETAR LAS SENIALES REGLAMENTARIAS DE TRANSITO. (PARE, CEDA EL PASO, LUZ ROJA DEL SEMAFORO, ETC).",OTROS,CAMIONETA,0,0,0,0,1,0,0,0,0,0,0,0,0,1,-1,NO IDENTIFICADO,NO IDENTIFICADO,CONDUCTOR AUSENTE,NO,NO,2
25799,99338,99339,2021,0,0,-0.195652,-78.484196,PICHINCHA,QUITO,QUITO,URBANA,2021-02-28,02:10:00,2,DOMINGO,7,FEBRERO,2,NO,CONDUCIR VEHICULO SUPERANDO LOS LIMITES MAXIMOS DE VELOCIDAD.,ESTRELLAMIENTOS,AUTOMOVIL,1,0,0,0,0,0,0,0,0,0,0,0,0,1,28,HOMBRE,ILESO,PASAJERO,NO,NO,1
25800,99344,99345,2021,0,0,-0.180385,-78.438294,PICHINCHA,QUITO,NAYON,RURAL,2021-02-28,03:30:00,3,DOMINGO,7,FEBRERO,2,NO,CONDUCIR VEHICULO SUPERANDO LOS LIMITES MAXIMOS DE VELOCIDAD.,ESTRELLAMIENTOS,AUTOMOVIL,1,0,0,0,0,0,0,0,0,0,0,0,0,1,24,MUJER,ILESO,CONDUCTOR PRESENTE,NO,NO,3
25801,99347,99348,2021,0,0,-0.129197,-78.502316,PICHINCHA,QUITO,QUITO,URBANA,2021-02-28,04:45:00,4,DOMINGO,7,FEBRERO,2,NO,CONDUCIR VEHICULO SUPERANDO LOS LIMITES MAXIMOS DE VELOCIDAD.,ESTRELLAMIENTOS,AUTOMOVIL,1,0,0,0,0,0,0,0,0,0,0,0,0,1,-1,NO IDENTIFICADO,NO IDENTIFICADO,CONDUCTOR AUSENTE,NO,NO,2
25802,99349,99350,2021,1,0,-0.263621,-78.524648,PICHINCHA,QUITO,QUITO,URBANA,2021-02-28,06:00:00,6,DOMINGO,7,FEBRERO,2,NO,"CONDUCE BAJO LA INFLUENCIA DE ALCOHOL, SUSTANCIAS ESTUPEFACIENTES O PSICOTROPICAS Y/O MEDICAMENTOS.",CHOQUE POSTERIOR,BUS,0,0,1,0,0,0,0,0,1,0,0,0,0,2,36,HOMBRE,LESIONADO,CONDUCTOR PRESENTE,NO,NO,1
25803,99356,99357,2021,1,1,-0.165301,-78.478068,PICHINCHA,QUITO,QUITO,URBANA,2021-02-28,09:50:00,9,DOMINGO,7,FEBRERO,2,NO,"NO RESPETAR LAS SENIALES REGLAMENTARIAS DE TRANSITO. (PARE, CEDA EL PASO, LUZ ROJA DEL SEMAFORO, ETC).",CHOQUE LATERAL,MOTOCICLETA,0,0,0,1,0,0,0,0,1,0,0,0,0,2,33,HOMBRE,FALLECIDO,CONDUCTOR PRESENTE,NO,NO,1
25804,99370,99371,2021,0,0,-0.264636,-78.549142,PICHINCHA,QUITO,QUITO,URBANA,2021-02-28,14:33:00,14,DOMINGO,7,FEBRERO,2,NO,NO CEDER EL DERECHO DE VIA O PREFERENCIA DE PASO A VEHICULOS.,CHOQUE LATERAL,AUTOMOVIL,1,0,0,0,0,0,0,0,0,1,0,0,0,2,59,HOMBRE,ILESO,CONDUCTOR PRESENTE,NO,NO,1
25805,99372,99373,2021,0,0,-0.142012,-78.496384,PICHINCHA,QUITO,QUITO,URBANA,2021-02-28,14:45:00,14,DOMINGO,7,FEBRERO,2,NO,"NO RESPETAR LAS SENIALES REGLAMENTARIAS DE TRANSITO. (PARE, CEDA EL PASO, LUZ ROJA DEL SEMAFORO, ETC).",CHOQUE LATERAL,AUTOMOVIL,1,0,0,0,1,0,0,0,0,0,0,0,0,2,35,HOMBRE,ILESO,CONDUCTOR PRESENTE,NO,NO,1
25806,99381,99382,2021,0,0,-0.225611,-78.528131,PICHINCHA,QUITO,QUITO,URBANA,2021-02-28,17:50:00,17,DOMINGO,7,FEBRERO,2,NO,"CONDUCE BAJO LA INFLUENCIA DE ALCOHOL, SUSTANCIAS ESTUPEFACIENTES O PSICOTROPICAS Y/O MEDICAMENTOS.",ESTRELLAMIENTOS,AUTOMOVIL,2,0,0,0,0,0,0,0,0,0,0,0,0,2,50,HOMBRE,ILESO,CONDUCTOR PRESENTE,NO,NO,1
25807,99384,99385,2021,1,0,-0.206931,-78.425899,PICHINCHA,QUITO,CUMBAYA,RURAL,2021-02-28,18:00:00,18,DOMINGO,7,FEBRERO,2,NO,NO MANTENER LA DISTANCIA PRUDENCIAL CON RESPECTO AL VEHICULO QUE LE ANTECEDE.,CHOQUE POSTERIOR,AUTOMOVIL,2,0,0,0,0,0,0,0,0,0,0,0,0,2,22,MUJER,LESIONADO,PASAJERO,NO,NO,3
25808,99394,99395,2021,0,1,-0.254686,-78.504316,PICHINCHA,QUITO,QUITO,URBANA,2021-02-28,20:40:00,20,DOMINGO,7,FEBRERO,2,NO,PEATON QUE CRUZA LA CALZADA SIN RESPETAR LA SENIALIZACION EXISTENTE (SEMAFOROS O SENIALES MANUALES).,ATROPELLOS,NO IDENTIFICADO,0,0,0,0,0,0,0,0,0,1,0,0,0,1,-1,HOMBRE,FALLECIDO,PEATON,NO,NO,1
25809,99398,99399,2021,0,0,-0.101884,-78.491351,PICHINCHA,QUITO,QUITO,URBANA,2021-02-28,21:10:00,21,DOMINGO,7,FEBRERO,2,NO,"CONDICIONES AMBIENTALES Y/O ATMOSFERICAS (NIEBLA, NEBLINA, GRANIZO, LLUVIA).",ESTRELLAMIENTOS,AUTOMOVIL,1,0,0,0,0,0,0,0,0,0,0,0,0,1,22,MUJER,ILESO,CONDUCTOR PRESENTE,NO,NO,1
25810,99404,99405,2021,0,0,-0.237289,-78.485392,PICHINCHA,QUITO,QUITO,URBANA,2021-03-01,00:03:00,0,LUNES,1,MARZO,3,NO,"CONDICIONES AMBIENTALES Y/O ATMOSFERICAS (NIEBLA, NEBLINA, GRANIZO, LLUVIA).",ESTRELLAMIENTOS,AUTOMOVIL,1,0,0,0,0,0,0,0,0,0,0,0,0,1,74,HOMBRE,ILESO,PASAJERO,NO,NO,1
25811,99411,99412,2021,0,0,-0.101286,-78.313822,PICHINCHA,QUITO,EL QUINCHE,RURAL,2021-03-01,06:40:00,6,LUNES,1,MARZO,3,NO,"CONDUCIR DESATENTO A LAS CONDICIONES DE TRANSITO (CELULAR, PANTALLAS DE VIDEO, COMIDA, MAQUILLAJE O CUALQUIER OTRO ELEMENTO DISTRACTOR).",ATROPELLOS,NO IDENTIFICADO,0,0,0,0,0,0,0,0,0,1,0,0,0,1,22,HOMBRE,ILESO,CONDUCTOR PRESENTE,NO,SI,3
25812,99413,99414,2021,0,0,-0.085707,-78.397593,PICHINCHA,QUITO,CALDERON (CARAPUNGO),RURAL,2021-03-01,07:00:00,7,LUNES,1,MARZO,3,NO,"CONDUCIR DESATENTO A LAS CONDICIONES DE TRANSITO (CELULAR, PANTALLAS DE VIDEO, COMIDA, MAQUILLAJE O CUALQUIER OTRO ELEMENTO DISTRACTOR).",PERDIDA DE CARRIL,AUTOMOVIL,1,0,0,0,0,0,0,0,0,0,0,0,0,1,51,HOMBRE,ILESO,CONDUCTOR PRESENTE,NO,SI,3
25813,99415,99416,2021,0,0,-0.183332,-78.506374,PICHINCHA,QUITO,QUITO,URBANA,2021-03-01,08:10:00,8,LUNES,1,MARZO,3,NO,NO MANTENER LA DISTANCIA PRUDENCIAL CON RESPECTO AL VEHICULO QUE LE ANTECEDE.,CHOQUE POSTERIOR,AUTOMOVIL,2,0,0,0,0,0,0,0,0,0,0,0,0,2,38,MUJER,ILESO,PASAJERO,NO,NO,1
25814,99417,99418,2021,2,0,-0.304181,-78.542867,PICHINCHA,QUITO,QUITO,URBANA,2021-03-01,08:15:00,8,LUNES,1,MARZO,3,NO,PEATON QUE CRUZA LA CALZADA SIN RESPETAR LA SENIALIZACION EXISTENTE (SEMAFOROS O SENIALES MANUALES).,ATROPELLOS,AUTOMOVIL,1,0,0,0,0,0,0,0,0,0,0,0,0,1,39,MUJER,LESIONADO,PEATON,NO,NO,1
25815,99427,99428,2021,1,0,-0.318581,-78.549284,PICHINCHA,QUITO,QUITO,URBANA,2021-03-01,15:00:00,15,LUNES,1,MARZO,3,NO,"CONDUCE BAJO LA INFLUENCIA DE ALCOHOL, SUSTANCIAS ESTUPEFACIENTES O PSICOTROPICAS Y/O MEDICAMENTOS.",CHOQUE POSTERIOR,AUTOMOVIL,1,0,0,0,0,0,0,0,1,0,0,0,0,2,26,HOMBRE,LESIONADO,CONDUCTOR PRESENTE,NO,NO,1