,Unnamed: 0,ID,ANIO,LESIONADOS,FALLECIDOS,LATITUD_Y,LONGITUD_X,PROVINCIA,CANTON,PARROQUIA,ZONA,FECHA,HORA,PERIODO_2,DIA_1,DIA_2,MES_1,MES_2,FERIADO,CAUSA_PROBABLE,TIPO_DE_SINIESTRO,TIPO_DE_VEHICULO_1,AUTOMOVIL,BICICLETA,BUS,CAMION,CAMIONETA,EMERGENCIAS,ESPECIAL,FURGONETA,MOTOCICLETA,NO_IDENTIFICADO,SCOOTER_ELECTRICO,TRICIMOTO,VEHICULO_DEPORTIVO_UTILITARIO,SUMA_DE_VEHICULOS,EDAD_1,SEXO_1,CONDICION_1,PARTICIPANTE_1,CASCO_1,CINTURON_1,KMeans_Cluster
25816,99443,99444,2021,0,0,-0.275164,-78.522514,PICHINCHA,QUITO,QUITO,URBANA,2021-03-01,23:55:00,23,LUNES,1,MARZO,3,NO,"CONDUCIR EN ESTADO DE SOMNOLENCIA O MALAS CONDICIONES FISICAS (SUENIO, CANSANCIO Y FATIGA).",ESTRELLAMIENTOS,AUTOMOVIL,1,0,0,0,0,0,0,0,0,0,0,0,0,1,-1,NO IDENTIFICADO,NO IDENTIFICADO,CONDUCTOR AUSENTE,NO,NO,2
25817,99444,99445,2021,0,0,-0.244778,-78.587194,PICHINCHA,QUITO,LLOA,RURAL,2021-03-02,00:00:00,0,MARTES,2,MARZO,3,NO,CONDUCIR VEHICULO SUPERANDO LOS LIMITES MAXIMOS DE VELOCIDAD.,ESTRELLAMIENTOS,AUTOMOVIL,1,0,0,0,0,0,0,0,0,0,0,0,0,1,43,HOMBRE,ILESO,CONDUCTOR PRESENTE,NO,NO,3
25818,99445,99446,2021,0,0,-0.289533,-78.550048,PICHINCHA,QUITO,QUITO,URBANA,2021-03-02,01:15:00,1,MARTES,2,MARZO,3,NO,CONDUCIR VEHICULO SUPERANDO LOS LIMITES MAXIMOS DE VELOCIDAD.,ESTRELLAMIENTOS,AUTOMOVIL,1,0,0,0,0,0,0,0,0,0,0,0,0,1,-1,NO IDENTIFICADO,NO IDENTIFICADO,CONDUCTOR AUSENTE,NO,NO,2
25819,99446,99447,2021,0,0,-0.322471,-78.405704,PICHINCHA,QUITO,ALANGASI,URBANA,2021-03-02,02:40:00,2,MARTES,2,MARZO,3,NO,"CONDUCIR DESATENTO A LAS CONDICIONES DE TRANSITO (CELULAR, PANTALLAS DE VIDEO, COMIDA, MAQUILLAJE O CUALQUIER OTRO ELEMENTO DISTRACTOR).",PERDIDA DE CARRIL,CAMIONETA,0,0,0,1,1,0,0,0,0,0,0,0,0,2,56,HOMBRE,ILESO,CONDUCTOR PRESENTE,NO,SI,1
25820,99452,99453,2021,0,0,-0.051676,-78.347468,PICHINCHA,QUITO,GUAYLLABAMBA,RURAL,2021-03-02,07:15:00,7,MARTES,2,MARZO,3,NO,"CONDUCIR DESATENTO A LAS CONDICIONES DE TRANSITO (CELULAR, PANTALLAS DE VIDEO, COMIDA, MAQUILLAJE O CUALQUIER OTRO ELEMENTO DISTRACTOR).",PERDIDA DE CARRIL,AUTOMOVIL,1,0,0,0,0,0,0,0,0,0,0,0,0,1,31,HOMBRE,ILESO,CONDUCTOR PRESENTE,NO,SI,3
25821,99454,99455,2021,0,0,-0.193555,-78.443752,PICHINCHA,QUITO,NAYON,RURAL,2021-03-02,07:15:00,7,MARTES,2,MARZO,3,NO,NO CEDER EL DERECHO DE VIA O PREFERENCIA DE PASO A VEHICULOS.,CHOQUE LATERAL,AUTOMOVIL,2,0,0,0,0,0,0,0,0,0,0,0,0,2,50,MUJER,ILESO,CONDUCTOR PRESENTE,NO,NO,3
25822,99455,99456,2021,0,0,-0.131282,-78.497994,PICHINCHA,QUITO,QUITO,URBANA,2021-03-02,07:35:00,7,MARTES,2,MARZO,3,NO,"NO RESPETAR LAS SENIALES REGLAMENTARIAS DE TRANSITO. (PARE, CEDA EL PASO, LUZ ROJA DEL SEMAFORO, ETC).",CHOQUE LATERAL,BUS,1,0,1,0,0,0,0,0,0,0,0,0,0,2,40,HOMBRE,ILESO,CONDUCTOR PRESENTE,NO,NO,1
25823,99456,99457,2021,0,0,-0.122237,-78.495545,PICHINCHA,QUITO,QUITO,URBANA,2021-03-02,07:55:00,7,MARTES,2,MARZO,3,NO,"NO RESPETAR LAS SENIALES REGLAMENTARIAS DE TRANSITO. (PARE, CEDA EL PASO, LUZ ROJA DEL SEMAFORO, ETC).",CHOQUE LATERAL,AUTOMOVIL,2,0,0,0,0,0,0,0,0,0,0,0,0,2,26,HOMBRE,ILESO,CONDUCTOR PRESENTE,NO,NO,1
25824,99458,99459,2021,1,3,-0.421324,-78.376451,PICHINCHA,QUITO,PINTAG,RURAL,2021-03-02,09:00:00,9,MARTES,2,MARZO,3,NO,"CONDICIONES AMBIENTALES Y/O ATMOSFERICAS (NIEBLA, NEBLINA, GRANIZO, LLUVIA).",VOLCAMIENTOS,CAMIONETA,0,0,0,0,1,0,0,0,0,0,0,0,0,1,27,HOMBRE,FALLECIDO,PASAJERO,NO,NO,3
25825,99470,99471,2021,0,0,-0.281373,-78.346242,PICHINCHA,QUITO,PIFO,URBANA,2021-03-02,17:50:00,17,MARTES,2,MARZO,3,NO,"CONDUCIR DESATENTO A LAS CONDICIONES DE TRANSITO (CELULAR, PANTALLAS DE VIDEO, COMIDA, MAQUILLAJE O CUALQUIER OTRO ELEMENTO DISTRACTOR).",CHOQUE LATERAL,BUS,0,0,1,0,0,0,0,0,0,0,0,0,1,2,36,HOMBRE,ILESO,CONDUCTOR PRESENTE,NO,SI,1
25826,99472,99473,2021,1,0,-0.151955,-78.476471,PICHINCHA,QUITO,QUITO,URBANA,2021-03-02,18:35:00,18,MARTES,2,MARZO,3,NO,NO MANTENER LA DISTANCIA PRUDENCIAL CON RESPECTO AL VEHICULO QUE LE ANTECEDE.,CHOQUE POSTERIOR,AUTOMOVIL,1,0,1,0,0,0,0,0,0,0,0,0,0,2,31,MUJER,LESIONADO,PASAJERO,NO,NO,1
25827,99473,99474,2021,1,0,-0.427005,-78.551955,PICHINCHA,MEJIA,TAMBILLO (MEJIA),RURAL,2021-03-02,18:45:00,18,MARTES,2,MARZO,3,NO,"CONDUCIR DESATENTO A LAS CONDICIONES DE TRANSITO (CELULAR, PANTALLAS DE VIDEO, COMIDA, MAQUILLAJE O CUALQUIER OTRO ELEMENTO DISTRACTOR).",CHOQUE FRONTAL,AUTOMOVIL,1,0,0,1,0,0,0,0,0,0,0,0,1,3,67,HOMBRE,LESIONADO,CONDUCTOR PRESENTE,NO,SI,3
25828,99474,99475,2021,1,0,-0.069915,-78.470206,PICHINCHA,QUITO,POMASQUI,RURAL,2021-03-02,19:15:00,19,MARTES,2,MARZO,3,NO,"CONDICIONES AMBIENTALES Y/O ATMOSFERICAS (NIEBLA, NEBLINA, GRANIZO, LLUVIA).",ATROPELLOS,AUTOMOVIL,1,0,0,0,0,0,0,0,0,0,0,0,0,1,51,HOMBRE,LESIONADO,PEATON,NO,SI,3
25829,99486,99487,2021,0,0,-0.324111,-78.562571,PICHINCHA,QUITO,QUITO,URBANA,2021-03-02,22:50:00,22,MARTES,2,MARZO,3,NO,NO CEDER EL DERECHO DE VIA O PREFERENCIA DE PASO A VEHICULOS.,CHOQUE LATERAL,CAMIONETA,0,0,0,0,1,0,0,0,0,1,0,0,0,2,-1,NO IDENTIFICADO,NO IDENTIFICADO,CONDUCTOR AUSENTE,NO,NO,2
25830,99487,99488,2021,0,0,-0.194344,-78.511279,PICHINCHA,QUITO,QUITO,URBANA,2021-03-02,23:37:00,23,MARTES,2,MARZO,3,NO,"CONDUCIR EN ESTADO DE SOMNOLENCIA O MALAS CONDICIONES FISICAS (SUENIO, CANSANCIO Y FATIGA).",ESTRELLAMIENTOS,AUTOMOVIL,1,0,0,0,0,0,0,0,0,0,0,0,0,1,-1,NO IDENTIFICADO,NO IDENTIFICADO,CONDUCTOR AUSENTE,NO,NO,2
25831,99488,99489,2021,1,0,-0.265258,-78.488501,PICHINCHA,QUITO,CONOCOTO,RURAL,2021-03-03,02:30:00,2,MIERCOLES,3,MARZO,3,NO,NO CEDER EL DERECHO DE VIA O PREFERENCIA DE PASO AL PEATON.,ATROPELLOS,NO IDENTIFICADO,0,0,0,0,0,0,0,0,0,1,0,0,0,1,25,HOMBRE,LESIONADO,PEATON,NO,NO,3
25832,99502,99503,2021,1,0,-0.318873,-78.552489,PICHINCHA,QUITO,QUITO,URBANA,2021-03-03,13:20:00,13,MIERCOLES,3,MARZO,3,NO,NO TRANSITAR POR LAS ACERAS O ZONAS DE SEGURIDAD DESTINADAS PARA EL EFECTO.,ATROPELLOS,AUTOMOVIL,1,0,0,0,0,0,0,0,0,0,0,0,0,1,25,HOMBRE,LESIONADO,PEATON,NO,NO,1
25833,99503,99504,2021,1,0,-0.272275,-78.537853,PICHINCHA,QUITO,QUITO,URBANA,2021-03-03,14:30:00,14,MIERCOLES,3,MARZO,3,NO,"CONDICIONES AMBIENTALES Y/O ATMOSFERICAS (NIEBLA, NEBLINA, GRANIZO, LLUVIA).",ESTRELLAMIENTOS,BUS,0,0,1,0,0,0,0,0,0,0,0,0,0,1,35,MUJER,LESIONADO,PASAJERO,NO,NO,1
25834,99507,99508,2021,0,0,-0.237474,-78.484642,PICHINCHA,QUITO,QUITO,URBANA,2021-03-03,16:25:00,16,MIERCOLES,3,MARZO,3,NO,CONDUCIR VEHICULO SUPERANDO LOS LIMITES MAXIMOS DE VELOCIDAD.,ESTRELLAMIENTOS,FURGONETA,0,0,0,0,0,0,0,1,0,0,0,0,0,1,58,HOMBRE,ILESO,CONDUCTOR PRESENTE,NO,NO,1
25835,99508,99509,2021,0,0,-0.237587,-78.484667,PICHINCHA,QUITO,QUITO,URBANA,2021-03-03,16:28:00,16,MIERCOLES,3,MARZO,3,NO,NO MANTENER LA DISTANCIA PRUDENCIAL CON RESPECTO AL VEHICULO QUE LE ANTECEDE.,CHOQUE POSTERIOR,BUS,1,0,1,0,0,0,0,0,0,0,0,0,0,2,47,HOMBRE,ILESO,PASAJERO,NO,NO,1
25836,99514,99515,2021,0,0,-0.180302,-78.504371,PICHINCHA,QUITO,QUITO,URBANA,2021-03-03,17:50:00,17,MIERCOLES,3,MARZO,3,NO,NO MANTENER LA DISTANCIA PRUDENCIAL CON RESPECTO AL VEHICULO QUE LE ANTECEDE.,CHOQUE POSTERIOR,AUTOMOVIL,2,0,0,0,0,0,0,0,0,0,0,0,0,2,34,HOMBRE,ILESO,CONDUCTOR PRESENTE,NO,NO,1
25837,99518,99519,2021,0,0,-0.243446,-78.540979,PICHINCHA,QUITO,QUITO,URBANA,2021-03-03,19:35:00,19,MIERCOLES,3,MARZO,3,NO,"CONDUCE BAJO LA INFLUENCIA DE ALCOHOL, SUSTANCIAS ESTUPEFACIENTES O PSICOTROPICAS Y/O MEDICAMENTOS.",CHOQUE FRONTAL,AUTOMOVIL,2,0,0,0,0,0,0,0,0,0,0,0,0,2,36,MUJER,ILESO,CONDUCTOR PRESENTE,NO,NO,1
25838,99522,99523,2021,0,0,-0.345835,-78.558713,PICHINCHA,QUITO,QUITO,URBANA,2021-03-03,20:30:00,20,MIERCOLES,3,MARZO,3,NO,"NO RESPETAR LAS SENIALES REGLAMENTARIAS DE TRANSITO. (PARE, CEDA EL PASO, LUZ ROJA DEL SEMAFORO, ETC).",OTROS,MOTOCICLETA,0,0,0,0,0,0,0,0,1,0,0,0,0,1,-1,NO IDENTIFICADO,NO IDENTIFICADO,CONDUCTOR AUSENTE,NO,NO,2
25839,99526,99527,2021,0,0,-0.194571,-78.510559,PICHINCHA,QUITO,QUITO,URBANA,2021-03-03,21:30:00,21,MIERCOLES,3,MARZO,3,NO,"CONDICIONES AMBIENTALES Y/O ATMOSFERICAS (NIEBLA, NEBLINA, GRANIZO, LLUVIA).",ESTRELLAMIENTOS,AUTOMOVIL,1,0,0,0,0,0,0,0,0,0,0,0,0,1,35,HOMBRE,ILESO,CONDUCTOR PRESENTE,NO,NO,1
25840,99530,99531,2021,0,0,-0.236127,-78.526454,PICHINCHA,QUITO,QUITO,URBANA,2021-03-03,23:00:00,23,MIERCOLES,3,MARZO,3,NO,"NO RESPETAR LAS SENIALES REGLAMENTARIAS DE TRANSITO. (PARE, CEDA EL PASO, LUZ ROJA DEL SEMAFORO, ETC).",CHOQUE LATERAL,AUTOMOVIL,1,0,0,0,1,0,0,0,0,0,0,0,0,2,33,HOMBRE,ILESO,CONDUCTOR PRESENTE,NO,NO,1
25841,99533,99534,2021,0,0,-0.201121,-78.429272,PICHINCHA,QUITO,CUMBAYA,RURAL,2021-03-04,00:40:00,0,JUEVES,4,MARZO,3,NO,"NO RESPETAR LAS SENIALES REGLAMENTARIAS DE TRANSITO. (PARE, CEDA EL PASO, LUZ ROJA DEL SEMAFORO, ETC).",ESTRELLAMIENTOS,AUTOMOVIL,2,0,0,0,0,0,0,0,0,0,0,0,0,2,29,MUJER,ILESO,CONDUCTOR PRESENTE,NO,NO,3
25842,99536,99537,2021,1,0,-0.377225,-78.530628,PICHINCHA,MEJIA,CUTUGLAHUA,RURAL,2021-03-04,04:15:00,4,JUEVES,4,MARZO,3,NO,"CONDUCIR DESATENTO A LAS CONDICIONES DE TRANSITO (CELULAR, PANTALLAS DE VIDEO, COMIDA, MAQUILLAJE O CUALQUIER OTRO ELEMENTO DISTRACTOR).",PERDIDA DE PISTA,VEHICULO DEPORTIVO UTILITARIO,0,0,0,0,0,0,0,0,0,0,0,0,1,1,32,HOMBRE,LESIONADO,CONDUCTOR PRESENTE,NO,SI,3
25843,99541,99542,2021,0,0,-0.068745,-78.372917,PICHINCHA,QUITO,CALDERON (CARAPUNGO),RURAL,2021-03-04,06:10:00,6,JUEVES,4,MARZO,3,NO,"CONDUCIR DESATENTO A LAS CONDICIONES DE TRANSITO (CELULAR, PANTALLAS DE VIDEO, COMIDA, MAQUILLAJE O CUALQUIER OTRO ELEMENTO DISTRACTOR).",COLISION,CAMION,1,0,0,1,1,0,0,0,0,0,0,0,0,3,26,HOMBRE,ILESO,CONDUCTOR PRESENTE,NO,SI,3
25844,99542,99543,2021,2,0,0.068175,-78.180264,PICHINCHA,PEDRO MONCAYO,TUPIGACHI,RURAL,2021-03-04,06:10:00,6,JUEVES,4,MARZO,3,NO,"CONDUCIR DESATENTO A LAS CONDICIONES DE TRANSITO (CELULAR, PANTALLAS DE VIDEO, COMIDA, MAQUILLAJE O CUALQUIER OTRO ELEMENTO DISTRACTOR).",CHOQUE LATERAL,BUS,0,0,1,0,0,0,0,0,1,0,0,0,0,2,43,MUJER,LESIONADO,PASAJERO,SI,NO,3
25845,99543,99544,2021,1,0,-0.105373,-78.462381,PICHINCHA,QUITO,QUITO,RURAL,2021-03-04,06:20:00,6,JUEVES,4,MARZO,3,NO,NO MANTENER LA DISTANCIA PRUDENCIAL CON RESPECTO AL VEHICULO QUE LE ANTECEDE.,CHOQUE POSTERIOR,AUTOMOVIL,1,0,1,0,0,0,0,0,0,0,0,0,0,2,38,MUJER,LESIONADO,CONDUCTOR PRESENTE,NO,NO,3
25846,99559,99560,2021,0,0,-0.324626,-78.449252,PICHINCHA,RUMINIAHUI,SANGOLQUI,URBANA,2021-03-04,11:00:00,11,JUEVES,4,MARZO,3,NO,"CONDUCIR DESATENTO A LAS CONDICIONES DE TRANSITO (CELULAR, PANTALLAS DE VIDEO, COMIDA, MAQUILLAJE O CUALQUIER OTRO ELEMENTO DISTRACTOR).",CHOQUE LATERAL,AUTOMOVIL,2,0,0,0,0,0,0,0,0,0,0,0,0,2,52,MUJER,ILESO,CONDUCTOR PRESENTE,NO,SI,1
25847,99570,99571,2021,0,0,-0.105779,-78.462379,PICHINCHA,QUITO,QUITO,RURAL,2021-03-04,14:45:00,14,JUEVES,4,MARZO,3,NO,NO MANTENER LA DISTANCIA PRUDENCIAL CON RESPECTO AL VEHICULO QUE LE ANTECEDE.,COLISION,AUTOMOVIL,2,0,0,0,1,0,0,0,0,0,0,0,0,3,45,HOMBRE,ILESO,CONDUCTOR PRESENTE,NO,NO,3
25848,99571,99572,2021,0,0,-0.162831,-78.486035,PICHINCHA,QUITO,QUITO,URBANA,2021-03-04,14:50:00,14,JUEVES,4,MARZO,3,NO,CONDUCIR VEHICULO SUPERANDO LOS LIMITES MAXIMOS DE VELOCIDAD.,COLISION,AUTOMOVIL,1,0,0,0,2,0,0,0,0,0,0,0,0,3,55,HOMBRE,ILESO,CONDUCTOR PRESENTE,NO,NO,1
25849,99586,99587,2021,0,0,-0.283424,-78.545971,PICHINCHA,QUITO,QUITO,URBANA,2021-03-04,18:28:00,18,JUEVES,4,MARZO,3,NO,"CONDUCE BAJO LA INFLUENCIA DE ALCOHOL, SUSTANCIAS ESTUPEFACIENTES O PSICOTROPICAS Y/O MEDICAMENTOS.",ESTRELLAMIENTOS,AUTOMOVIL,1,0,0,0,0,0,0,0,0,0,0,0,0,1,36,HOMBRE,ILESO,CONDUCTOR PRESENTE,NO,NO,1
25850,99592,99593,2021,0,0,-0.145681,-78.466121,PICHINCHA,QUITO,QUITO,URBANA,2021-03-04,20:20:00,20,JUEVES,4,MARZO,3,NO,CONDUCIR VEHICULO SUPERANDO LOS LIMITES MAXIMOS DE VELOCIDAD.,ESTRELLAMIENTOS,AUTOMOVIL,1,0,0,0,0,0,0,0,0,0,0,0,0,1,40,HOMBRE,ILESO,CONDUCTOR PRESENTE,NO,NO,1
25851,99596,99597,2021,2,0,-0.091758,-78.411841,PICHINCHA,QUITO,CALDERON (CARAPUNGO),RURAL,2021-03-04,22:00:00,22,JUEVES,4,MARZO,3,NO,"CONDUCIR DESATENTO A LAS CONDICIONES DE TRANSITO (CELULAR, PANTALLAS DE VIDEO, COMIDA, MAQUILLAJE O CUALQUIER OTRO ELEMENTO DISTRACTOR).",ESTRELLAMIENTOS,VEHICULO DEPORTIVO UTILITARIO,0,0,0,0,0,0,0,0,0,0,0,0,1,1,45,MUJER,LESIONADO,CONDUCTOR PRESENTE,NO,SI,3
25852,99598,99599,2021,0,0,-0.239751,-78.331578,PICHINCHA,QUITO,PIFO,URBANA,2021-03-04,23:00:00,23,JUEVES,4,MARZO,3,NO,"CONDUCIR DESATENTO A LAS CONDICIONES DE TRANSITO (CELULAR, PANTALLAS DE VIDEO, COMIDA, MAQUILLAJE O CUALQUIER OTRO ELEMENTO DISTRACTOR).",ESTRELLAMIENTOS,CAMIONETA,0,0,0,0,1,0,0,0,0,0,0,0,0,1,-1,NO IDENTIFICADO,NO IDENTIFICADO,CONDUCTOR AUSENTE,NO,SI,2
25853,99600,99601,2021,0,0,-0.188003,-78.491954,PICHINCHA,QUITO,QUITO,URBANA,2021-03-04,23:15:00,23,JUEVES,4,MARZO,3,NO,"CONDUCE BAJO LA INFLUENCIA DE ALCOHOL, SUSTANCIAS ESTUPEFACIENTES O PSICOTROPICAS Y/O MEDICAMENTOS.",CHOQUE POSTERIOR,FURGONETA,0,0,0,0,0,0,0,2,0,0,0,0,0,2,40,HOMBRE,ILESO,CONDUCTOR PRESENTE,NO,NO,1
25854,99603,99604,2021,0,0,-0.246849,-78.523226,PICHINCHA,QUITO,QUITO,URBANA,2021-03-05,00:05:00,0,VIERNES,5,MARZO,3,NO,NO CEDER EL DERECHO DE VIA O PREFERENCIA DE PASO A VEHICULOS.,CHOQUE LATERAL,AUTOMOVIL,2,0,0,0,0,0,0,0,0,0,0,0,0,2,37,HOMBRE,ILESO,CONDUCTOR PRESENTE,NO,NO,1
25855,99610,99611,2021,0,0,-0.102365,-78.490629,PICHINCHA,QUITO,QUITO,URBANA,2021-03-05,02:50:00,2,VIERNES,5,MARZO,3,NO,"CONDUCE BAJO LA INFLUENCIA DE ALCOHOL, SUSTANCIAS ESTUPEFACIENTES O PSICOTROPICAS Y/O MEDICAMENTOS.",ESTRELLAMIENTOS,CAMIONETA,0,0,0,1,1,0,0,0,0,0,0,0,0,2,40,HOMBRE,ILESO,CONDUCTOR PRESENTE,NO,NO,1
25856,99637,99638,2021,0,0,-0.129333,-78.494056,PICHINCHA,QUITO,QUITO,URBANA,2021-03-05,16:00:00,16,VIERNES,5,MARZO,3,NO,PESO Y VOLUMEN - NO CUMPLIR CON LAS NORMAS DE SEGURIDAD NECESARIAS AL TRANSPORTAR CARGAS.,OTROS,CAMION,0,0,0,1,0,0,0,0,0,0,0,0,0,1,28,HOMBRE,ILESO,CONDUCTOR PRESENTE,NO,NO,1
25857,99659,99660,2021,0,0,-0.214111,-78.376901,PICHINCHA,QUITO,TUMBACO,RURAL,2021-03-05,21:53:00,21,VIERNES,5,MARZO,3,NO,"CONDUCE BAJO LA INFLUENCIA DE ALCOHOL, SUSTANCIAS ESTUPEFACIENTES O PSICOTROPICAS Y/O MEDICAMENTOS.",CHOQUE LATERAL,CAMION,1,0,0,1,0,0,0,0,0,0,0,0,0,2,53,MUJER,ILESO,CONDUCTOR PRESENTE,NO,NO,3
25858,99661,99662,2021,0,0,0.045827,-78.195805,PICHINCHA,PEDRO MONCAYO,TABACUNDO,RURAL,2021-03-05,23:00:00,23,VIERNES,5,MARZO,3,NO,"CONDUCIR DESATENTO A LAS CONDICIONES DE TRANSITO (CELULAR, PANTALLAS DE VIDEO, COMIDA, MAQUILLAJE O CUALQUIER OTRO ELEMENTO DISTRACTOR).",PERDIDA DE CARRIL,CAMION,0,0,0,1,0,0,0,0,0,0,0,0,0,1,-1,NO IDENTIFICADO,NO IDENTIFICADO,CONDUCTOR AUSENTE,NO,SI,2
25859,99664,99665,2021,0,0,-0.268242,-78.546497,PICHINCHA,QUITO,QUITO,URBANA,2021-03-06,00:00:00,0,SABADO,6,MARZO,3,NO,"CONDUCE BAJO LA INFLUENCIA DE ALCOHOL, SUSTANCIAS ESTUPEFACIENTES O PSICOTROPICAS Y/O MEDICAMENTOS.",ESTRELLAMIENTOS,AUTOMOVIL,1,0,0,0,0,0,0,0,0,0,0,0,0,1,39,HOMBRE,ILESO,CONDUCTOR PRESENTE,NO,NO,1
25860,99668,99669,2021,0,0,-0.200545,-78.497129,PICHINCHA,QUITO,QUITO,URBANA,2021-03-06,01:30:00,1,SABADO,6,MARZO,3,NO,CONDUCIR VEHICULO SUPERANDO LOS LIMITES MAXIMOS DE VELOCIDAD.,OTROS,MOTOCICLETA,0,0,0,0,0,0,0,0,1,0,0,0,0,1,-1,NO IDENTIFICADO,NO IDENTIFICADO,CONDUCTOR AUSENTE,NO,NO,2
25861,99674,99675,2021,0,0,-0.139879,-78.511627,PICHINCHA,QUITO,QUITO,URBANA,2021-03-06,04:30:00,4,SABADO,6,MARZO,3,NO,CONDUCIR VEHICULO SUPERANDO LOS LIMITES MAXIMOS DE VELOCIDAD.,ESTRELLAMIENTOS,AUTOMOVIL,1,0,0,0,0,0,0,0,0,0,0,0,0,1,-1,NO IDENTIFICADO,NO IDENTIFICADO,CONDUCTOR AUSENTE,NO,NO,2
25862,99677,99678,2021,0,0,-0.077895,-78.410491,PICHINCHA,QUITO,CALDERON (CARAPUNGO),RURAL,2021-03-06,05:00:00,5,SABADO,6,MARZO,3,NO,"NO RESPETAR LAS SENIALES REGLAMENTARIAS DE TRANSITO. (PARE, CEDA EL PASO, LUZ ROJA DEL SEMAFORO, ETC).",CHOQUE LATERAL,AUTOMOVIL,1,0,0,0,1,0,0,0,0,0,0,0,0,2,47,MUJER,ILESO,PASAJERO,NO,NO,3
25863,99679,99680,2021,0,0,-0.206451,-78.512129,PICHINCHA,QUITO,QUITO,URBANA,2021-03-06,07:10:00,7,SABADO,6,MARZO,3,NO,"NO RESPETAR LAS SENIALES REGLAMENTARIAS DE TRANSITO. (PARE, CEDA EL PASO, LUZ ROJA DEL SEMAFORO, ETC).",OTROS,MOTOCICLETA,0,0,0,0,0,0,0,0,1,0,0,0,0,1,-1,NO IDENTIFICADO,NO IDENTIFICADO,CONDUCTOR AUSENTE,NO,NO,2
25864,99680,99681,2021,0,0,-0.370422,-78.373721,PICHINCHA,QUITO,PINTAG,RURAL,2021-03-06,07:15:00,7,SABADO,6,MARZO,3,NO,MALAS CONDICIONES DE LA VIA Y/O CONFIGURACION. (ILUMINACION Y DISENIO).,ESTRELLAMIENTOS,CAMIONETA,0,0,0,0,1,0,0,0,0,0,0,0,0,1,29,HOMBRE,ILESO,CONDUCTOR PRESENTE,NO,NO,3
25865,99686,99687,2021,1,0,-0.292793,-78.567271,PICHINCHA,QUITO,QUITO,URBANA,2021-03-06,09:30:00,9,SABADO,6,MARZO,3,NO,NO CEDER EL DERECHO DE VIA O PREFERENCIA DE PASO AL PEATON.,ATROPELLOS,NO IDENTIFICADO,0,0,0,0,0,0,0,0,0,1,0,0,0,1,45,MUJER,LESIONADO,PEATON,NO,NO,1
25866,99687,99688,2021,0,0,-0.302091,-78.554906,PICHINCHA,QUITO,QUITO,URBANA,2021-03-06,10:05:00,10,SABADO,6,MARZO,3,NO,REALIZAR CAMBIO BRUSCO O INDEBIDO DE CARRIL.,CHOQUE LATERAL,AUTOMOVIL,1,0,0,1,0,0,0,0,0,0,0,0,0,2,34,MUJER,ILESO,CONDUCTOR PRESENTE,NO,NO,1
25867,99690,99691,2021,0,0,-0.234151,-78.482614,PICHINCHA,QUITO,QUITO,URBANA,2021-03-06,10:20:00,10,SABADO,6,MARZO,3,NO,CONDUCIR VEHICULO SUPERANDO LOS LIMITES MAXIMOS DE VELOCIDAD.,ESTRELLAMIENTOS,AUTOMOVIL,1,0,0,0,0,0,0,0,0,0,0,0,0,1,-1,NO IDENTIFICADO,NO IDENTIFICADO,CONDUCTOR AUSENTE,NO,NO,2
25868,99701,99702,2021,0,0,-0.256119,-78.544645,PICHINCHA,QUITO,QUITO,URBANA,2021-03-06,12:45:00,12,SABADO,6,MARZO,3,NO,NO CEDER EL DERECHO DE VIA O PREFERENCIA DE PASO A VEHICULOS.,CHOQUE LATERAL,AUTOMOVIL,1,0,0,0,1,0,0,0,0,0,0,0,0,2,50,HOMBRE,ILESO,CONDUCTOR PRESENTE,NO,NO,1
25869,99704,99705,2021,0,0,-0.545865,-78.585107,PICHINCHA,MEJIA,MACHACHI,RURAL,2021-03-06,14:40:00,14,SABADO,6,MARZO,3,NO,"CONDUCIR DESATENTO A LAS CONDICIONES DE TRANSITO (CELULAR, PANTALLAS DE VIDEO, COMIDA, MAQUILLAJE O CUALQUIER OTRO ELEMENTO DISTRACTOR).",PERDIDA DE PISTA,CAMIONETA,0,0,0,0,1,0,0,0,0,0,0,0,0,1,55,HOMBRE,ILESO,CONDUCTOR PRESENTE,NO,SI,3
25870,99709,99710,2021,3,0,-0.298676,-78.522848,PICHINCHA,QUITO,QUITO,URBANA,2021-03-06,16:50:00,16,SABADO,6,MARZO,3,NO,NO CEDER EL DERECHO DE VIA O PREFERENCIA DE PASO A VEHICULOS.,CHOQUE LATERAL,AUTOMOVIL,2,0,0,0,0,0,0,0,0,0,0,0,0,2,41,HOMBRE,LESIONADO,CONDUCTOR PRESENTE,NO,NO,1
25871,99720,99721,2021,2,0,-0.200696,-78.497003,PICHINCHA,QUITO,QUITO,URBANA,2021-03-06,20:15:00,20,SABADO,6,MARZO,3,NO,"NO RESPETAR LAS SENIALES REGLAMENTARIAS DE TRANSITO. (PARE, CEDA EL PASO, LUZ ROJA DEL SEMAFORO, ETC).",CHOQUE LATERAL,AUTOMOVIL,1,0,0,0,0,0,0,0,1,0,0,0,0,2,17,HOMBRE,LESIONADO,PASAJERO,NO,NO,1
25872,99727,99728,2021,0,0,-0.245372,-78.515623,PICHINCHA,QUITO,QUITO,URBANA,2021-03-06,21:30:00,21,SABADO,6,MARZO,3,NO,"NO RESPETAR LAS SENIALES REGLAMENTARIAS DE TRANSITO. (PARE, CEDA EL PASO, LUZ ROJA DEL SEMAFORO, ETC).",CHOQUE LATERAL,AUTOMOVIL,1,0,0,0,0,0,0,0,1,0,0,0,0,2,22,HOMBRE,ILESO,CONDUCTOR PRESENTE,NO,NO,1