,Unnamed: 0,ID,ANIO,LESIONADOS,FALLECIDOS,LATITUD_Y,LONGITUD_X,PROVINCIA,CANTON,PARROQUIA,ZONA,FECHA,HORA,PERIODO_2,DIA_1,DIA_2,MES_1,MES_2,FERIADO,CAUSA_PROBABLE,TIPO_DE_SINIESTRO,TIPO_DE_VEHICULO_1,AUTOMOVIL,BICICLETA,BUS,CAMION,CAMIONETA,EMERGENCIAS,ESPECIAL,FURGONETA,MOTOCICLETA,NO_IDENTIFICADO,SCOOTER_ELECTRICO,TRICIMOTO,VEHICULO_DEPORTIVO_UTILITARIO,SUMA_DE_VEHICULOS,EDAD_1,SEXO_1,CONDICION_1,PARTICIPANTE_1,CASCO_1,CINTURON_1,KMeans_Cluster
25873,99735,99736,2021,1,0,-0.109633,-78.444462,PICHINCHA,QUITO,CALDERON (CARAPUNGO),RURAL,2021-03-06,23:15:00,23,SABADO,6,MARZO,3,NO,CONDUCIR VEHICULO SUPERANDO LOS LIMITES MAXIMOS DE VELOCIDAD.,CHOQUE POSTERIOR,MOTOCICLETA,0,0,0,0,0,0,0,0,1,1,0,0,0,2,27,HOMBRE,LESIONADO,CONDUCTOR PRESENTE,NO,NO,3
25874,99743,99744,2021,1,0,0.045962,-78.203923,PICHINCHA,PEDRO MONCAYO,TABACUNDO,RURAL,2021-03-07,01:15:00,1,DOMINGO,7,MARZO,3,NO,"CONDUCE BAJO LA INFLUENCIA DE ALCOHOL, SUSTANCIAS ESTUPEFACIENTES O PSICOTROPICAS Y/O MEDICAMENTOS.",CHOQUE LATERAL,AUTOMOVIL,1,0,0,0,0,0,0,0,1,0,0,0,0,2,36,HOMBRE,LESIONADO,CONDUCTOR PRESENTE,NO,SI,3
25875,99753,99754,2021,0,0,-0.171497,-78.490692,PICHINCHA,QUITO,QUITO,URBANA,2021-03-07,02:00:00,2,DOMINGO,7,MARZO,3,NO,"NO RESPETAR LAS SENIALES REGLAMENTARIAS DE TRANSITO. (PARE, CEDA EL PASO, LUZ ROJA DEL SEMAFORO, ETC).",CHOQUE LATERAL,AUTOMOVIL,2,0,0,0,0,0,0,0,0,0,0,0,0,2,19,HOMBRE,ILESO,CONDUCTOR PRESENTE,NO,NO,1
25876,99759,99760,2021,0,0,-0.254686,-78.504316,PICHINCHA,QUITO,QUITO,RURAL,2021-03-07,05:25:00,5,DOMINGO,7,MARZO,3,NO,CONDUCIR VEHICULO SUPERANDO LOS LIMITES MAXIMOS DE VELOCIDAD.,ESTRELLAMIENTOS,AUTOMOVIL,1,0,0,0,0,0,0,0,0,0,0,0,0,1,52,HOMBRE,ILESO,CONDUCTOR PRESENTE,NO,NO,3
25877,99765,99766,2021,1,0,-0.173318,-78.411676,PICHINCHA,QUITO,TUMBACO,RURAL,2021-03-07,05:32:00,5,DOMINGO,7,MARZO,3,NO,CONDUCIR VEHICULO SUPERANDO LOS LIMITES MAXIMOS DE VELOCIDAD.,ESTRELLAMIENTOS,CAMION,0,0,0,1,0,0,0,0,1,0,0,0,0,2,22,HOMBRE,LESIONADO,PASAJERO,NO,NO,3
25878,99769,99770,2021,1,0,-0.254408,-78.530496,PICHINCHA,QUITO,QUITO,URBANA,2021-03-07,06:15:00,6,DOMINGO,7,MARZO,3,NO,CONDUCIR VEHICULO SUPERANDO LOS LIMITES MAXIMOS DE VELOCIDAD.,VOLCAMIENTOS,MOTOCICLETA,0,0,0,0,0,0,0,0,1,0,0,0,0,1,21,HOMBRE,LESIONADO,PASAJERO,NO,NO,1
25879,99782,99783,2021,0,1,0.123804,-79.231781,PICHINCHA,PUERTO QUITO,PUERTO QUITO,RURAL,2021-03-07,10:10:00,10,DOMINGO,7,MARZO,3,NO,"ADELANTAR O REBASAR A OTRO VEHICULO EN MOVIMIENTO EN ZONAS O SITIOS PELIGROSOS TALES COMO: CURVAS, PUENTES, TUNELES, PENDIENTES, ETC.",CHOQUE FRONTAL,MOTOCICLETA,0,0,1,0,0,0,0,0,1,0,0,0,0,2,25,HOMBRE,FALLECIDO,CONDUCTOR PRESENTE,NO,SI,3
25880,99784,99785,2021,1,0,-0.227231,-78.493568,PICHINCHA,QUITO,QUITO,URBANA,2021-03-07,10:20:00,10,DOMINGO,7,MARZO,3,NO,"CONDUCE BAJO LA INFLUENCIA DE ALCOHOL, SUSTANCIAS ESTUPEFACIENTES O PSICOTROPICAS Y/O MEDICAMENTOS.",OTROS,AUTOMOVIL,2,0,0,0,0,0,0,0,0,0,0,0,0,2,53,HOMBRE,LESIONADO,CONDUCTOR PRESENTE,NO,NO,1
25881,99785,99786,2021,0,0,-0.111134,-78.494101,PICHINCHA,QUITO,QUITO,URBANA,2021-03-07,10:22:00,10,DOMINGO,7,MARZO,3,NO,REALIZAR CAMBIO BRUSCO O INDEBIDO DE CARRIL.,CHOQUE LATERAL,AUTOMOVIL,2,0,0,0,0,0,0,0,0,0,0,0,0,2,38,HOMBRE,ILESO,CONDUCTOR PRESENTE,NO,NO,1
25882,99791,99792,2021,1,0,-0.254408,-78.530496,PICHINCHA,QUITO,QUITO,URBANA,2021-03-07,14:20:00,14,DOMINGO,7,MARZO,3,NO,NO TRANSITAR POR LAS ACERAS O ZONAS DE SEGURIDAD DESTINADAS PARA EL EFECTO.,ATROPELLOS,MOTOCICLETA,0,0,0,0,0,0,0,0,1,0,0,0,0,1,9,MUJER,LESIONADO,PEATON,NO,NO,1
25883,99814,99815,2021,0,0,-0.261533,-78.544355,PICHINCHA,QUITO,QUITO,URBANA,2021-03-07,21:20:00,21,DOMINGO,7,MARZO,3,NO,REALIZAR CAMBIO BRUSCO O INDEBIDO DE CARRIL.,CHOQUE LATERAL,AUTOMOVIL,2,0,0,0,0,0,0,0,0,0,0,0,0,2,25,MUJER,ILESO,PASAJERO,NO,NO,1
25884,99815,99816,2021,0,1,-0.288068,-78.528373,PICHINCHA,QUITO,QUITO,URBANA,2021-03-07,21:20:00,21,DOMINGO,7,MARZO,3,NO,NO CEDER EL DERECHO DE VIA O PREFERENCIA DE PASO AL PEATON.,ATROPELLOS,NO IDENTIFICADO,0,0,0,0,0,0,0,0,0,1,0,0,0,1,52,HOMBRE,FALLECIDO,PEATON,NO,NO,1
25885,99816,99817,2021,0,0,-0.341999,-78.479506,PICHINCHA,QUITO,AMAGUANIA,RURAL,2021-03-07,22:00:00,22,DOMINGO,7,MARZO,3,NO,CONDUCIR VEHICULO SUPERANDO LOS LIMITES MAXIMOS DE VELOCIDAD.,ESTRELLAMIENTOS,AUTOMOVIL,1,0,0,0,0,0,0,0,0,0,0,0,0,1,32,HOMBRE,ILESO,CONDUCTOR PRESENTE,NO,NO,3
25886,99825,99826,2021,1,0,0.045398,-78.180012,PICHINCHA,PEDRO MONCAYO,TABACUNDO,RURAL,2021-03-08,05:45:00,5,LUNES,1,MARZO,3,NO,"CONDUCIR DESATENTO A LAS CONDICIONES DE TRANSITO (CELULAR, PANTALLAS DE VIDEO, COMIDA, MAQUILLAJE O CUALQUIER OTRO ELEMENTO DISTRACTOR).",CHOQUE LATERAL,MOTOCICLETA,0,0,0,0,0,0,0,0,1,0,0,0,0,1,30,MUJER,LESIONADO,PASAJERO,NO,SI,3
25887,99837,99838,2021,2,0,0.026258,-78.630537,PICHINCHA,QUITO,NONO,RURAL,2021-03-08,13:05:00,13,LUNES,1,MARZO,3,NO,"CONDUCE BAJO LA INFLUENCIA DE ALCOHOL, SUSTANCIAS ESTUPEFACIENTES O PSICOTROPICAS Y/O MEDICAMENTOS.",PERDIDA DE CARRIL,AUTOMOVIL,1,0,0,0,0,0,0,0,0,0,0,0,0,1,63,HOMBRE,LESIONADO,PASAJERO,NO,SI,3
25888,99840,99841,2021,1,0,-0.131282,-78.497994,PICHINCHA,QUITO,QUITO,URBANA,2021-03-08,15:30:00,15,LUNES,1,MARZO,3,NO,NO CEDER EL DERECHO DE VIA O PREFERENCIA DE PASO A VEHICULOS.,CHOQUE LATERAL,AUTOMOVIL,2,0,0,0,0,0,0,0,0,0,0,0,0,2,52,MUJER,LESIONADO,PASAJERO,NO,NO,1
25889,99843,99844,2021,0,0,-0.351909,-78.436732,PICHINCHA,RUMINIAHUI,SANGOLQUI,URBANA,2021-03-08,16:40:00,16,LUNES,1,MARZO,3,NO,"CONDUCE BAJO LA INFLUENCIA DE ALCOHOL, SUSTANCIAS ESTUPEFACIENTES O PSICOTROPICAS Y/O MEDICAMENTOS.",COLISION,AUTOMOVIL,2,0,0,0,0,0,0,0,0,0,0,0,1,3,45,HOMBRE,ILESO,CONDUCTOR PRESENTE,NO,SI,1
25890,99860,99861,2021,1,0,0.081104,-78.143491,PICHINCHA,CAYAMBE,SAN JOSE DE AYORA,RURAL,2021-03-09,06:00:00,6,MARTES,2,MARZO,3,NO,"CONDUCIR DESATENTO A LAS CONDICIONES DE TRANSITO (CELULAR, PANTALLAS DE VIDEO, COMIDA, MAQUILLAJE O CUALQUIER OTRO ELEMENTO DISTRACTOR).",CHOQUE LATERAL,AUTOMOVIL,1,0,1,0,0,0,0,0,0,0,0,0,0,2,51,HOMBRE,LESIONADO,CONDUCTOR PRESENTE,NO,SI,3
25891,99865,99866,2021,0,1,-0.320088,-78.442407,PICHINCHA,RUMINIAHUI,SANGOLQUI,URBANA,2021-03-09,10:50:00,10,MARTES,2,MARZO,3,NO,"CONDUCIR DESATENTO A LAS CONDICIONES DE TRANSITO (CELULAR, PANTALLAS DE VIDEO, COMIDA, MAQUILLAJE O CUALQUIER OTRO ELEMENTO DISTRACTOR).",ATROPELLOS,BUS,0,0,1,0,0,0,0,0,0,0,0,0,0,1,61,HOMBRE,FALLECIDO,PEATON,NO,SI,1
25892,99866,99867,2021,0,0,-0.115689,-78.445178,PICHINCHA,QUITO,CALDERON (CARAPUNGO),RURAL,2021-03-09,12:40:00,12,MARTES,2,MARZO,3,NO,"NO RESPETAR LAS SENIALES REGLAMENTARIAS DE TRANSITO. (PARE, CEDA EL PASO, LUZ ROJA DEL SEMAFORO, ETC).",OTROS,CAMION,1,0,0,1,0,0,0,0,0,0,0,0,0,2,56,HOMBRE,ILESO,CONDUCTOR PRESENTE,NO,NO,3
25893,99868,99869,2021,0,0,-0.164141,-78.471675,PICHINCHA,QUITO,QUITO,URBANA,2021-03-09,13:15:00,13,MARTES,2,MARZO,3,NO,"NO RESPETAR LAS SENIALES REGLAMENTARIAS DE TRANSITO. (PARE, CEDA EL PASO, LUZ ROJA DEL SEMAFORO, ETC).",CHOQUE LATERAL,AUTOMOVIL,2,0,0,0,0,0,0,0,0,0,0,0,0,2,49,HOMBRE,ILESO,CONDUCTOR PRESENTE,NO,NO,1
25894,99870,99871,2021,1,0,-0.279126,-78.558722,PICHINCHA,QUITO,QUITO,URBANA,2021-03-09,14:20:00,14,MARTES,2,MARZO,3,NO,"NO RESPETAR LAS SENIALES REGLAMENTARIAS DE TRANSITO. (PARE, CEDA EL PASO, LUZ ROJA DEL SEMAFORO, ETC).",CHOQUE LATERAL,CAMIONETA,0,0,0,0,2,0,0,0,0,0,0,0,0,2,19,MUJER,LESIONADO,PASAJERO,NO,NO,1
25895,99871,99872,2021,1,0,-0.207453,-78.501301,PICHINCHA,QUITO,QUITO,URBANA,2021-03-09,14:45:00,14,MARTES,2,MARZO,3,NO,"NO RESPETAR LAS SENIALES REGLAMENTARIAS DE TRANSITO. (PARE, CEDA EL PASO, LUZ ROJA DEL SEMAFORO, ETC).",CHOQUE LATERAL,MOTOCICLETA,1,0,0,0,0,0,0,0,1,0,0,0,0,2,19,HOMBRE,LESIONADO,CONDUCTOR PRESENTE,NO,NO,1
25896,99873,99874,2021,2,0,-0.308946,-78.562583,PICHINCHA,QUITO,QUITO,URBANA,2021-03-09,15:30:00,15,MARTES,2,MARZO,3,NO,"CONDUCE BAJO LA INFLUENCIA DE ALCOHOL, SUSTANCIAS ESTUPEFACIENTES O PSICOTROPICAS Y/O MEDICAMENTOS.",CHOQUE LATERAL,AUTOMOVIL,2,0,0,0,0,0,0,0,0,0,0,0,0,2,47,MUJER,LESIONADO,PASAJERO,NO,NO,1
25897,99881,99882,2021,2,0,-0.112498,-78.493837,PICHINCHA,QUITO,QUITO,URBANA,2021-03-09,20:30:00,20,MARTES,2,MARZO,3,NO,"NO RESPETAR LAS SENIALES REGLAMENTARIAS DE TRANSITO. (PARE, CEDA EL PASO, LUZ ROJA DEL SEMAFORO, ETC).",CHOQUE LATERAL,MOTOCICLETA,1,0,0,0,0,0,0,0,1,0,0,0,0,2,35,MUJER,LESIONADO,PASAJERO,NO,NO,1
25898,99892,99893,2021,1,0,-0.137311,-78.500357,PICHINCHA,QUITO,QUITO,URBANA,2021-03-10,07:35:00,7,MIERCOLES,3,MARZO,3,NO,"NO RESPETAR LAS SENIALES REGLAMENTARIAS DE TRANSITO. (PARE, CEDA EL PASO, LUZ ROJA DEL SEMAFORO, ETC).",CHOQUE LATERAL,MOTOCICLETA,1,0,0,0,0,0,0,0,1,0,0,0,0,2,28,HOMBRE,LESIONADO,CONDUCTOR PRESENTE,NO,NO,1
25899,99895,99896,2021,1,0,-0.182571,-78.485147,PICHINCHA,QUITO,QUITO,URBANA,2021-03-10,08:45:00,8,MIERCOLES,3,MARZO,3,NO,"NO RESPETAR LAS SENIALES REGLAMENTARIAS DE TRANSITO. (PARE, CEDA EL PASO, LUZ ROJA DEL SEMAFORO, ETC).",CHOQUE LATERAL,AUTOMOVIL,1,0,0,0,0,0,0,0,1,0,0,0,0,2,26,HOMBRE,LESIONADO,CONDUCTOR PRESENTE,NO,NO,1
25900,99899,99900,2021,0,0,-0.126245,-78.480937,PICHINCHA,QUITO,QUITO,URBANA,2021-03-10,10:00:00,10,MIERCOLES,3,MARZO,3,NO,NO CEDER EL DERECHO DE VIA O PREFERENCIA DE PASO A VEHICULOS.,CHOQUE LATERAL,AUTOMOVIL,2,0,0,0,0,0,0,0,0,0,0,0,0,2,55,HOMBRE,ILESO,CONDUCTOR PRESENTE,NO,NO,1
25901,99902,99903,2021,5,0,-0.281112,-78.557226,PICHINCHA,QUITO,QUITO,URBANA,2021-03-10,11:35:00,11,MIERCOLES,3,MARZO,3,NO,"NO RESPETAR LAS SENIALES REGLAMENTARIAS DE TRANSITO. (PARE, CEDA EL PASO, LUZ ROJA DEL SEMAFORO, ETC).",CHOQUE LATERAL,BUS,0,0,2,0,0,0,0,0,0,0,0,0,0,2,34,HOMBRE,LESIONADO,PASAJERO,NO,NO,1
25902,99909,99910,2021,0,0,-0.158773,-78.500447,PICHINCHA,QUITO,QUITO,URBANA,2021-03-10,14:30:00,14,MIERCOLES,3,MARZO,3,NO,NO MANTENER LA DISTANCIA PRUDENCIAL CON RESPECTO AL VEHICULO QUE LE ANTECEDE.,ESTRELLAMIENTOS,AUTOMOVIL,1,0,0,0,0,0,0,0,0,0,0,0,0,1,26,HOMBRE,ILESO,PASAJERO,NO,NO,1
25903,99912,99913,2021,0,0,-0.237909,-78.529145,PICHINCHA,QUITO,QUITO,URBANA,2021-03-10,17:31:00,17,MIERCOLES,3,MARZO,3,NO,"CONDUCE BAJO LA INFLUENCIA DE ALCOHOL, SUSTANCIAS ESTUPEFACIENTES O PSICOTROPICAS Y/O MEDICAMENTOS.",COLISION,CAMIONETA,1,0,0,1,1,0,0,0,0,0,0,0,0,3,39,MUJER,ILESO,CONDUCTOR PRESENTE,NO,NO,1
25904,99924,99925,2021,1,0,-0.168159,-78.472056,PICHINCHA,QUITO,QUITO,URBANA,2021-03-10,22:40:00,22,MIERCOLES,3,MARZO,3,NO,"CONDUCIR EN ESTADO DE SOMNOLENCIA O MALAS CONDICIONES FISICAS (SUENIO, CANSANCIO Y FATIGA).",ESTRELLAMIENTOS,AUTOMOVIL,3,0,0,0,0,0,0,0,0,0,0,0,0,3,26,MUJER,LESIONADO,PASAJERO,NO,NO,1
25905,99926,99927,2021,0,0,-0.289913,-78.537629,PICHINCHA,QUITO,QUITO,URBANA,2021-03-10,23:30:00,23,MIERCOLES,3,MARZO,3,NO,"NO RESPETAR LAS SENIALES REGLAMENTARIAS DE TRANSITO. (PARE, CEDA EL PASO, LUZ ROJA DEL SEMAFORO, ETC).",OTROS,AUTOMOVIL,1,0,0,0,1,0,0,0,0,0,0,0,0,2,-1,NO IDENTIFICADO,NO IDENTIFICADO,CONDUCTOR AUSENTE,NO,NO,2
25906,99928,99929,2021,2,1,-0.068455,-78.372809,PICHINCHA,QUITO,GUAYLLABAMBA,RURAL,2021-03-11,02:50:00,2,JUEVES,4,MARZO,3,NO,"CONDUCIR DESATENTO A LAS CONDICIONES DE TRANSITO (CELULAR, PANTALLAS DE VIDEO, COMIDA, MAQUILLAJE O CUALQUIER OTRO ELEMENTO DISTRACTOR).",PERDIDA DE CARRIL,AUTOMOVIL,1,0,0,0,0,0,0,0,0,0,0,0,0,1,31,HOMBRE,FALLECIDO,PASAJERO,NO,SI,3
25907,99933,99934,2021,1,0,-0.097046,-78.456559,PICHINCHA,QUITO,QUITO,RURAL,2021-03-11,07:40:00,7,JUEVES,4,MARZO,3,NO,"NO RESPETAR LAS SENIALES REGLAMENTARIAS DE TRANSITO. (PARE, CEDA EL PASO, LUZ ROJA DEL SEMAFORO, ETC).",CHOQUE LATERAL,MOTOCICLETA,1,0,0,0,0,0,0,0,1,0,0,0,0,2,27,HOMBRE,LESIONADO,CONDUCTOR PRESENTE,NO,NO,3
25908,99936,99937,2021,1,0,-0.048629,-78.455572,PICHINCHA,QUITO,POMASQUI,RURAL,2021-03-11,08:30:00,8,JUEVES,4,MARZO,3,NO,"CONDUCIR DESATENTO A LAS CONDICIONES DE TRANSITO (CELULAR, PANTALLAS DE VIDEO, COMIDA, MAQUILLAJE O CUALQUIER OTRO ELEMENTO DISTRACTOR).",CHOQUE LATERAL,MOTOCICLETA,1,0,0,0,0,0,0,0,1,0,0,0,0,2,25,HOMBRE,LESIONADO,CONDUCTOR PRESENTE,NO,SI,3
25909,99956,99957,2021,2,0,-0.212824,-78.402686,PICHINCHA,QUITO,TUMBACO,RURAL,2021-03-11,17:20:00,17,JUEVES,4,MARZO,3,NO,"CONDICIONES AMBIENTALES Y/O ATMOSFERICAS (NIEBLA, NEBLINA, GRANIZO, LLUVIA).",CHOQUE LATERAL,AUTOMOVIL,1,0,0,0,1,0,0,0,0,0,0,0,0,2,42,MUJER,LESIONADO,CONDUCTOR PRESENTE,NO,NO,3
25910,99957,99958,2021,1,0,-0.268534,-78.551576,PICHINCHA,QUITO,QUITO,URBANA,2021-03-11,17:24:00,17,JUEVES,4,MARZO,3,NO,NO MANTENER LA DISTANCIA PRUDENCIAL CON RESPECTO AL VEHICULO QUE LE ANTECEDE.,CHOQUE POSTERIOR,MOTOCICLETA,0,0,0,0,1,0,0,0,1,0,0,0,0,2,28,HOMBRE,LESIONADO,CONDUCTOR PRESENTE,NO,NO,1
25911,99968,99969,2021,0,0,-0.000921,-78.442112,PICHINCHA,QUITO,SAN ANTONIO (QUITO),RURAL,2021-03-11,22:35:00,22,JUEVES,4,MARZO,3,NO,"CONDUCIR EN ESTADO DE SOMNOLENCIA O MALAS CONDICIONES FISICAS (SUENIO, CANSANCIO Y FATIGA).",ESTRELLAMIENTOS,AUTOMOVIL,1,0,0,1,0,0,0,0,0,0,0,0,0,2,-1,NO IDENTIFICADO,NO IDENTIFICADO,CONDUCTOR AUSENTE,NO,NO,2
25912,99971,99972,2021,4,0,-0.245071,-78.581038,PICHINCHA,QUITO,LLOA,RURAL,2021-03-12,00:30:00,0,VIERNES,5,MARZO,3,NO,"CONDUCE BAJO LA INFLUENCIA DE ALCOHOL, SUSTANCIAS ESTUPEFACIENTES O PSICOTROPICAS Y/O MEDICAMENTOS.",ESTRELLAMIENTOS,AUTOMOVIL,1,0,0,0,0,0,0,0,0,0,0,0,0,1,20,MUJER,LESIONADO,PASAJERO,NO,NO,3
25913,99982,99983,2021,0,0,-0.241176,-78.518583,PICHINCHA,QUITO,QUITO,URBANA,2021-03-12,08:55:00,8,VIERNES,5,MARZO,3,NO,"NO RESPETAR LAS SENIALES REGLAMENTARIAS DE TRANSITO. (PARE, CEDA EL PASO, LUZ ROJA DEL SEMAFORO, ETC).",OTROS,AUTOMOVIL,2,0,0,0,0,0,0,0,0,0,0,0,0,2,35,HOMBRE,ILESO,CONDUCTOR PRESENTE,NO,NO,1
25914,99987,99988,2021,0,0,-0.105624,-78.484021,PICHINCHA,QUITO,QUITO,URBANA,2021-03-12,14:30:00,14,VIERNES,5,MARZO,3,NO,NO CEDER EL DERECHO DE VIA O PREFERENCIA DE PASO A VEHICULOS.,CHOQUE LATERAL,AUTOMOVIL,2,0,0,0,0,0,0,0,0,0,0,0,0,2,51,MUJER,ILESO,PASAJERO,NO,NO,1
25915,99989,99990,2021,0,0,-0.100702,-78.421549,PICHINCHA,QUITO,CALDERON (CARAPUNGO),RURAL,2021-03-12,15:40:00,15,VIERNES,5,MARZO,3,NO,NO MANTENER LA DISTANCIA PRUDENCIAL CON RESPECTO AL VEHICULO QUE LE ANTECEDE.,ESTRELLAMIENTOS,AUTOMOVIL,1,0,0,1,0,0,0,0,0,0,0,0,0,2,54,HOMBRE,ILESO,CONDUCTOR PRESENTE,NO,NO,3
25916,100005,100006,2021,0,0,-0.227324,-78.450086,PICHINCHA,QUITO,CUMBAYA,RURAL,2021-03-12,19:15:00,19,VIERNES,5,MARZO,3,NO,NO MANTENER LA DISTANCIA PRUDENCIAL CON RESPECTO AL VEHICULO QUE LE ANTECEDE.,ESTRELLAMIENTOS,CAMIONETA,0,0,0,0,1,0,0,0,0,0,0,0,0,1,-1,NO IDENTIFICADO,NO IDENTIFICADO,CONDUCTOR AUSENTE,NO,NO,2
25917,100014,100015,2021,0,0,-0.184494,-78.489035,PICHINCHA,QUITO,QUITO,URBANA,2021-03-12,21:30:00,21,VIERNES,5,MARZO,3,NO,REALIZAR CAMBIO BRUSCO O INDEBIDO DE CARRIL.,ROZAMIENTOS,AUTOMOVIL,2,0,0,0,0,0,0,0,0,0,0,0,0,2,2,HOMBRE,ILESO,PASAJERO,NO,NO,1
25918,100016,100017,2021,1,0,-0.203321,-78.493436,PICHINCHA,QUITO,QUITO,URBANA,2021-03-12,22:00:00,22,VIERNES,5,MARZO,3,NO,NO CEDER EL DERECHO DE VIA O PREFERENCIA DE PASO AL PEATON.,ATROPELLOS,NO IDENTIFICADO,0,0,0,0,0,0,0,0,0,1,0,0,0,1,39,MUJER,LESIONADO,PEATON,NO,NO,1
25919,100023,100024,2021,1,0,-0.269859,-78.487853,PICHINCHA,QUITO,CONOCOTO,URBANA,2021-03-12,23:40:00,23,VIERNES,5,MARZO,3,NO,"CONDUCIR DESATENTO A LAS CONDICIONES DE TRANSITO (CELULAR, PANTALLAS DE VIDEO, COMIDA, MAQUILLAJE O CUALQUIER OTRO ELEMENTO DISTRACTOR).",ATROPELLOS,AUTOMOVIL,1,0,0,0,0,0,0,0,0,0,0,0,0,1,22,HOMBRE,LESIONADO,PEATON,NO,SI,1
25920,100024,100025,2021,0,0,-0.000125,-78.454854,PICHINCHA,QUITO,SAN ANTONIO (QUITO),RURAL,2021-03-12,23:40:00,23,VIERNES,5,MARZO,3,NO,"NO RESPETAR LAS SENIALES REGLAMENTARIAS DE TRANSITO. (PARE, CEDA EL PASO, LUZ ROJA DEL SEMAFORO, ETC).",OTROS,MOTOCICLETA,0,0,0,0,0,0,0,0,1,0,0,0,0,1,-1,NO IDENTIFICADO,NO IDENTIFICADO,CONDUCTOR AUSENTE,NO,NO,2
25921,100026,100027,2021,0,0,-0.255277,-78.490506,PICHINCHA,QUITO,QUITO,URBANA,2021-03-13,00:05:00,0,SABADO,6,MARZO,3,NO,NO MANTENER LA DISTANCIA PRUDENCIAL CON RESPECTO AL VEHICULO QUE LE ANTECEDE.,ESTRELLAMIENTOS,AUTOMOVIL,1,0,0,0,0,0,0,0,0,0,0,0,0,1,-1,NO IDENTIFICADO,NO IDENTIFICADO,CONDUCTOR AUSENTE,NO,NO,2
25922,100034,100035,2021,0,1,-0.100481,-78.470028,PICHINCHA,QUITO,QUITO,URBANA,2021-03-13,04:15:00,4,SABADO,6,MARZO,3,NO,NO CEDER EL DERECHO DE VIA O PREFERENCIA DE PASO AL PEATON.,ARROLLAMIENTOS,NO IDENTIFICADO,0,0,0,0,0,0,0,0,0,1,0,0,0,1,18,HOMBRE,FALLECIDO,PEATON,NO,NO,1
25923,100035,100036,2021,0,0,-0.157264,-78.481009,PICHINCHA,QUITO,QUITO,URBANA,2021-03-13,04:30:00,4,SABADO,6,MARZO,3,NO,NO MANTENER LA DISTANCIA PRUDENCIAL CON RESPECTO AL VEHICULO QUE LE ANTECEDE.,ESTRELLAMIENTOS,AUTOMOVIL,1,0,0,0,0,0,0,0,0,0,0,0,0,1,-1,NO IDENTIFICADO,NO IDENTIFICADO,CONDUCTOR AUSENTE,NO,NO,2
25924,100036,100037,2021,0,0,-0.226106,-78.520339,PICHINCHA,QUITO,QUITO,URBANA,2021-03-13,06:10:00,6,SABADO,6,MARZO,3,NO,"NO RESPETAR LAS SENIALES REGLAMENTARIAS DE TRANSITO. (PARE, CEDA EL PASO, LUZ ROJA DEL SEMAFORO, ETC).",ESTRELLAMIENTOS,FURGONETA,0,0,0,0,0,0,0,1,0,0,0,0,0,1,-1,NO IDENTIFICADO,NO IDENTIFICADO,CONDUCTOR AUSENTE,NO,NO,2
25925,100037,100038,2021,0,0,-0.251319,-78.521366,PICHINCHA,QUITO,QUITO,URBANA,2021-03-13,06:20:00,6,SABADO,6,MARZO,3,NO,"CONDUCE BAJO LA INFLUENCIA DE ALCOHOL, SUSTANCIAS ESTUPEFACIENTES O PSICOTROPICAS Y/O MEDICAMENTOS.",COLISION,AUTOMOVIL,3,0,0,0,0,0,0,0,0,0,0,0,0,3,45,HOMBRE,ILESO,CONDUCTOR PRESENTE,NO,NO,1
25926,100044,100045,2021,0,0,-0.263213,-78.549131,PICHINCHA,QUITO,QUITO,URBANA,2021-03-13,11:15:00,11,SABADO,6,MARZO,3,NO,NO MANTENER LA DISTANCIA PRUDENCIAL CON RESPECTO AL VEHICULO QUE LE ANTECEDE.,ESTRELLAMIENTOS,CAMION,0,0,0,1,0,0,0,0,0,0,0,0,0,1,39,HOMBRE,ILESO,CONDUCTOR PRESENTE,NO,NO,1
25927,100047,100048,2021,0,0,-0.125559,-78.478437,PICHINCHA,QUITO,QUITO,URBANA,2021-03-13,11:55:00,11,SABADO,6,MARZO,3,NO,"NO RESPETAR LAS SENIALES REGLAMENTARIAS DE TRANSITO. (PARE, CEDA EL PASO, LUZ ROJA DEL SEMAFORO, ETC).",OTROS,AUTOMOVIL,1,0,0,0,0,0,0,0,0,0,0,0,0,1,-1,NO IDENTIFICADO,NO IDENTIFICADO,CONDUCTOR AUSENTE,NO,NO,2
25928,100053,100054,2021,3,0,-0.296808,-78.552732,PICHINCHA,QUITO,QUITO,URBANA,2021-03-13,14:07:00,14,SABADO,6,MARZO,3,NO,NO CEDER EL DERECHO DE VIA O PREFERENCIA DE PASO A VEHICULOS.,CHOQUE LATERAL,FURGONETA,0,0,1,0,0,0,0,1,0,0,0,0,0,2,9,MUJER,LESIONADO,PASAJERO,NO,NO,1
25929,100060,100061,2021,0,0,-0.206438,-78.370261,PICHINCHA,QUITO,PUEMBO,RURAL,2021-03-13,16:20:00,16,SABADO,6,MARZO,3,NO,"CONDICIONES AMBIENTALES Y/O ATMOSFERICAS (NIEBLA, NEBLINA, GRANIZO, LLUVIA).",CHOQUE FRONTAL,AUTOMOVIL,1,0,0,1,0,0,0,0,0,0,0,0,0,2,36,HOMBRE,ILESO,CONDUCTOR PRESENTE,NO,NO,3