,Unnamed: 0,ID,ANIO,LESIONADOS,FALLECIDOS,LATITUD_Y,LONGITUD_X,PROVINCIA,CANTON,PARROQUIA,ZONA,FECHA,HORA,PERIODO_2,DIA_1,DIA_2,MES_1,MES_2,FERIADO,CAUSA_PROBABLE,TIPO_DE_SINIESTRO,TIPO_DE_VEHICULO_1,AUTOMOVIL,BICICLETA,BUS,CAMION,CAMIONETA,EMERGENCIAS,ESPECIAL,FURGONETA,MOTOCICLETA,NO_IDENTIFICADO,SCOOTER_ELECTRICO,TRICIMOTO,VEHICULO_DEPORTIVO_UTILITARIO,SUMA_DE_VEHICULOS,EDAD_1,SEXO_1,CONDICION_1,PARTICIPANTE_1,CASCO_1,CINTURON_1,KMeans_Cluster
25987,100350,100351,2021,0,0,-0.188854,-78.482785,PICHINCHA,QUITO,QUITO,URBANA,2021-03-19,02:10:00,2,VIERNES,5,MARZO,3,NO,CONDUCIR VEHICULO SUPERANDO LOS LIMITES MAXIMOS DE VELOCIDAD.,ESTRELLAMIENTOS,AUTOMOVIL,1,0,0,0,0,0,0,0,0,0,0,0,0,1,-1,NO IDENTIFICADO,NO IDENTIFICADO,CONDUCTOR AUSENTE,NO,NO,2
25988,100353,100354,2021,0,1,-0.443636,-78.555875,PICHINCHA,MEJIA,MACHACHI,RURAL,2021-03-19,05:00:00,5,VIERNES,5,MARZO,3,NO,"CONDUCIR DESATENTO A LAS CONDICIONES DE TRANSITO (CELULAR, PANTALLAS DE VIDEO, COMIDA, MAQUILLAJE O CUALQUIER OTRO ELEMENTO DISTRACTOR).",CHOQUE LATERAL,CAMION,0,0,0,2,0,0,0,0,0,0,0,0,0,2,41,HOMBRE,FALLECIDO,CONDUCTOR PRESENTE,NO,SI,3
25989,100355,100356,2021,1,0,-0.155606,-78.487531,PICHINCHA,QUITO,QUITO,URBANA,2021-03-19,06:00:00,6,VIERNES,5,MARZO,3,NO,NO GUARDAR LA DISTANCIA LATERAL MINIMA DE SEGURIDAD ENTRE VEHICULOS.,CHOQUE LATERAL,MOTOCICLETA,0,0,0,0,0,0,0,0,1,1,0,0,0,2,35,HOMBRE,LESIONADO,CONDUCTOR PRESENTE,NO,NO,1
25990,100357,100358,2021,0,0,-0.444416,-78.746472,PICHINCHA,MEJIA,MANUEL CORNEJO ASTORGA,RURAL,2021-03-19,10:55:00,10,VIERNES,5,MARZO,3,NO,"NO RESPETAR LAS SENIALES REGLAMENTARIAS DE TRANSITO. (PARE, CEDA EL PASO, LUZ ROJA DEL SEMAFORO, ETC).",CHOQUE LATERAL,CAMION,1,0,0,1,0,0,0,0,0,0,0,0,0,2,-1,NO IDENTIFICADO,ILESO,CONDUCTOR PRESENTE,NO,NO,3
25991,100364,100365,2021,0,0,-0.062211,-78.432685,PICHINCHA,QUITO,CALDERON (CARAPUNGO),RURAL,2021-03-19,13:30:00,13,VIERNES,5,MARZO,3,NO,CONDUCIR VEHICULO SUPERANDO LOS LIMITES MAXIMOS DE VELOCIDAD.,ESTRELLAMIENTOS,CAMION,0,0,0,1,0,0,0,0,0,0,0,0,0,1,-1,NO IDENTIFICADO,NO IDENTIFICADO,CONDUCTOR AUSENTE,NO,NO,2
25992,100367,100368,2021,1,0,-0.253011,-78.546898,PICHINCHA,QUITO,QUITO,URBANA,2021-03-19,14:40:00,14,VIERNES,5,MARZO,3,NO,"NO RESPETAR LAS SENIALES REGLAMENTARIAS DE TRANSITO. (PARE, CEDA EL PASO, LUZ ROJA DEL SEMAFORO, ETC).",CHOQUE LATERAL,MOTOCICLETA,1,0,0,0,0,0,0,0,1,0,0,0,0,2,23,HOMBRE,LESIONADO,CONDUCTOR PRESENTE,NO,NO,1
25993,100368,100369,2021,0,0,-0.207061,-78.444801,PICHINCHA,QUITO,CUMBAYA,RURAL,2021-03-19,14:45:00,14,VIERNES,5,MARZO,3,NO,"CONDICIONES AMBIENTALES Y/O ATMOSFERICAS (NIEBLA, NEBLINA, GRANIZO, LLUVIA).",PERDIDA DE CARRIL,AUTOMOVIL,1,0,0,0,0,0,0,0,0,0,0,0,0,1,23,MUJER,ILESO,CONDUCTOR PRESENTE,NO,NO,3
25994,100371,100372,2021,0,0,-0.192308,-78.496791,PICHINCHA,QUITO,QUITO,URBANA,2021-03-19,15:50:00,15,VIERNES,5,MARZO,3,NO,"NO RESPETAR LAS SENIALES REGLAMENTARIAS DE TRANSITO. (PARE, CEDA EL PASO, LUZ ROJA DEL SEMAFORO, ETC).",CHOQUE LATERAL,AUTOMOVIL,2,0,0,0,0,0,0,0,0,0,0,0,0,2,31,MUJER,ILESO,PASAJERO,NO,NO,1
25995,100372,100373,2021,0,0,-0.015784,-78.447463,PICHINCHA,QUITO,SAN ANTONIO (QUITO),RURAL,2021-03-19,16:00:00,16,VIERNES,5,MARZO,3,NO,"CONDUCE BAJO LA INFLUENCIA DE ALCOHOL, SUSTANCIAS ESTUPEFACIENTES O PSICOTROPICAS Y/O MEDICAMENTOS.",CHOQUE POSTERIOR,BUS,1,0,1,0,0,0,0,0,0,0,0,0,0,2,62,HOMBRE,ILESO,CONDUCTOR PRESENTE,NO,NO,3
25996,100375,100376,2021,0,0,-0.209009,-78.505987,PICHINCHA,QUITO,QUITO,URBANA,2021-03-19,16:30:00,16,VIERNES,5,MARZO,3,NO,CONDUCIR VEHICULO SUPERANDO LOS LIMITES MAXIMOS DE VELOCIDAD.,COLISION,AUTOMOVIL,2,0,0,0,1,0,0,0,0,0,0,0,0,3,41,HOMBRE,ILESO,CONDUCTOR PRESENTE,NO,NO,1
25997,100381,100382,2021,1,0,-0.282595,-78.470666,PICHINCHA,QUITO,CONOCOTO,RURAL,2021-03-19,19:30:00,19,VIERNES,5,MARZO,3,NO,"CONDUCE BAJO LA INFLUENCIA DE ALCOHOL, SUSTANCIAS ESTUPEFACIENTES O PSICOTROPICAS Y/O MEDICAMENTOS.",CHOQUE FRONTAL,CAMIONETA,1,0,0,0,1,0,0,0,0,0,0,0,0,2,41,MUJER,LESIONADO,PASAJERO,NO,NO,3
25998,100388,100389,2021,0,0,-0.260647,-78.549404,PICHINCHA,QUITO,QUITO,URBANA,2021-03-19,20:20:00,20,VIERNES,5,MARZO,3,NO,"NO RESPETAR LAS SENIALES REGLAMENTARIAS DE TRANSITO. (PARE, CEDA EL PASO, LUZ ROJA DEL SEMAFORO, ETC).",OTROS,AUTOMOVIL,1,0,0,0,0,0,0,0,0,0,0,0,0,1,-1,NO IDENTIFICADO,NO IDENTIFICADO,CONDUCTOR AUSENTE,NO,NO,2
25999,100391,100392,2021,1,1,-0.236554,-78.332362,PICHINCHA,QUITO,PIFO,RURAL,2021-03-19,21:00:00,21,VIERNES,5,MARZO,3,NO,CONDUCIR VEHICULO SUPERANDO LOS LIMITES MAXIMOS DE VELOCIDAD.,ATROPELLOS,NO IDENTIFICADO,0,0,0,0,0,0,0,0,0,1,0,0,0,1,10,MUJER,FALLECIDO,PEATON,NO,SI,3
26000,100407,100408,2021,0,0,-0.012295,-78.445556,PICHINCHA,QUITO,SAN ANTONIO (QUITO),RURAL,2021-03-20,01:00:00,1,SABADO,6,MARZO,3,NO,"CONDUCIR EN ESTADO DE SOMNOLENCIA O MALAS CONDICIONES FISICAS (SUENIO, CANSANCIO Y FATIGA).",ESTRELLAMIENTOS,CAMIONETA,0,0,0,0,1,0,0,0,0,0,0,0,0,1,46,HOMBRE,ILESO,CONDUCTOR PRESENTE,NO,NO,3
26001,100408,100409,2021,0,0,-0.162831,-78.486035,PICHINCHA,QUITO,QUITO,URBANA,2021-03-20,01:15:00,1,SABADO,6,MARZO,3,NO,"CONDUCIR EN ESTADO DE SOMNOLENCIA O MALAS CONDICIONES FISICAS (SUENIO, CANSANCIO Y FATIGA).",ESTRELLAMIENTOS,AUTOMOVIL,1,0,0,0,0,0,0,0,0,0,0,0,0,1,-1,NO IDENTIFICADO,NO IDENTIFICADO,CONDUCTOR AUSENTE,NO,NO,2
26002,100410,100411,2021,0,0,-0.238003,-78.520372,PICHINCHA,QUITO,QUITO,URBANA,2021-03-20,03:00:00,3,SABADO,6,MARZO,3,NO,"CONDUCIR EN ESTADO DE SOMNOLENCIA O MALAS CONDICIONES FISICAS (SUENIO, CANSANCIO Y FATIGA).",OTROS,AUTOMOVIL,1,0,0,0,0,0,0,0,0,0,0,0,0,1,-1,NO IDENTIFICADO,NO IDENTIFICADO,CONDUCTOR AUSENTE,NO,NO,2
26003,100415,100416,2021,0,0,-0.119451,-78.506659,PICHINCHA,QUITO,QUITO,URBANA,2021-03-20,04:45:00,4,SABADO,6,MARZO,3,NO,"CONDUCIR EN ESTADO DE SOMNOLENCIA O MALAS CONDICIONES FISICAS (SUENIO, CANSANCIO Y FATIGA).",ESTRELLAMIENTOS,AUTOMOVIL,1,0,0,0,0,0,0,0,0,0,0,0,0,1,-1,NO IDENTIFICADO,NO IDENTIFICADO,CONDUCTOR AUSENTE,NO,NO,2
26004,100418,100419,2021,1,2,-0.068579,-78.372799,PICHINCHA,QUITO,GUAYLLABAMBA,RURAL,2021-03-20,06:00:00,6,SABADO,6,MARZO,3,NO,"CONDICIONES AMBIENTALES Y/O ATMOSFERICAS (NIEBLA, NEBLINA, GRANIZO, LLUVIA).",PERDIDA DE CARRIL,AUTOMOVIL,1,0,0,0,0,0,0,0,0,0,0,0,0,1,72,MUJER,FALLECIDO,PASAJERO,NO,SI,3
26005,100419,100420,2021,1,0,-0.183937,-78.501879,PICHINCHA,QUITO,QUITO,URBANA,2021-03-20,06:00:00,6,SABADO,6,MARZO,3,NO,CONDUCIR VEHICULO SUPERANDO LOS LIMITES MAXIMOS DE VELOCIDAD.,ESTRELLAMIENTOS,AUTOMOVIL,1,0,0,0,0,0,0,0,0,0,0,0,0,1,37,HOMBRE,LESIONADO,CONDUCTOR PRESENTE,NO,NO,1
26006,100422,100423,2021,0,0,-0.058887,-78.344353,PICHINCHA,QUITO,GUAYLLABAMBA,RURAL,2021-03-20,06:30:00,6,SABADO,6,MARZO,3,NO,"CONDICIONES AMBIENTALES Y/O ATMOSFERICAS (NIEBLA, NEBLINA, GRANIZO, LLUVIA).",CHOQUE FRONTAL,CAMION,1,0,0,1,0,0,0,0,0,0,0,0,0,2,47,HOMBRE,ILESO,CONDUCTOR PRESENTE,NO,NO,3
26007,100426,100427,2021,1,0,-0.192702,-78.489357,PICHINCHA,QUITO,QUITO,RURAL,2021-03-20,08:10:00,8,SABADO,6,MARZO,3,NO,"CONDUCE BAJO LA INFLUENCIA DE ALCOHOL, SUSTANCIAS ESTUPEFACIENTES O PSICOTROPICAS Y/O MEDICAMENTOS.",ATROPELLOS,AUTOMOVIL,1,0,0,0,0,0,0,0,0,0,0,0,0,1,55,MUJER,LESIONADO,PEATON,NO,NO,3
26008,100433,100434,2021,0,0,-0.150419,-78.484182,PICHINCHA,QUITO,QUITO,URBANA,2021-03-20,11:20:00,11,SABADO,6,MARZO,3,NO,"NO RESPETAR LAS SENIALES REGLAMENTARIAS DE TRANSITO. (PARE, CEDA EL PASO, LUZ ROJA DEL SEMAFORO, ETC).",OTROS,BUS,1,0,1,1,0,0,0,0,0,0,0,0,0,3,39,HOMBRE,ILESO,CONDUCTOR PRESENTE,NO,NO,1
26009,100435,100436,2021,0,0,-0.209056,-78.500436,PICHINCHA,QUITO,QUITO,URBANA,2021-03-20,12:00:00,12,SABADO,6,MARZO,3,NO,NO CEDER EL DERECHO DE VIA O PREFERENCIA DE PASO A VEHICULOS.,CHOQUE LATERAL,AUTOMOVIL,2,0,0,0,0,0,0,0,0,0,0,0,0,2,42,HOMBRE,ILESO,CONDUCTOR PRESENTE,NO,NO,1
26010,100437,100438,2021,0,1,-0.074413,-78.461781,PICHINCHA,QUITO,QUITO,URBANA,2021-03-20,13:05:00,13,SABADO,6,MARZO,3,NO,NO CEDER EL DERECHO DE VIA O PREFERENCIA DE PASO A VEHICULOS.,CHOQUE LATERAL,MOTOCICLETA,1,0,0,0,0,0,0,0,1,0,0,0,0,2,28,HOMBRE,FALLECIDO,CONDUCTOR PRESENTE,NO,NO,1
26011,100440,100441,2021,0,0,-0.251751,-78.514951,PICHINCHA,QUITO,QUITO,URBANA,2021-03-20,13:48:00,13,SABADO,6,MARZO,3,NO,"NO RESPETAR LAS SENIALES REGLAMENTARIAS DE TRANSITO. (PARE, CEDA EL PASO, LUZ ROJA DEL SEMAFORO, ETC).",OTROS,AUTOMOVIL,1,0,0,0,0,0,0,0,0,0,0,0,0,1,-1,NO IDENTIFICADO,NO IDENTIFICADO,CONDUCTOR AUSENTE,NO,NO,2
26012,100444,100445,2021,0,0,-0.315947,-78.442139,PICHINCHA,RUMINIAHUI,SANGOLQUI,RURAL,2021-03-20,16:00:00,16,SABADO,6,MARZO,3,NO,"CONDUCIR DESATENTO A LAS CONDICIONES DE TRANSITO (CELULAR, PANTALLAS DE VIDEO, COMIDA, MAQUILLAJE O CUALQUIER OTRO ELEMENTO DISTRACTOR).",CHOQUE FRONTAL,AUTOMOVIL,2,0,0,0,0,0,0,0,0,0,0,0,1,3,40,HOMBRE,ILESO,CONDUCTOR PRESENTE,NO,SI,3
26013,100452,100453,2021,1,0,-0.292822,-78.518851,PICHINCHA,QUITO,QUITO,URBANA,2021-03-20,17:05:00,17,SABADO,6,MARZO,3,NO,NO TRANSITAR POR LAS ACERAS O ZONAS DE SEGURIDAD DESTINADAS PARA EL EFECTO.,ATROPELLOS,CAMIONETA,0,0,0,0,1,0,0,0,0,0,0,0,0,1,11,HOMBRE,LESIONADO,PEATON,NO,NO,1
26014,100455,100456,2021,0,0,-0.285232,-78.557606,PICHINCHA,QUITO,QUITO,URBANA,2021-03-20,18:15:00,18,SABADO,6,MARZO,3,NO,"CONDUCE BAJO LA INFLUENCIA DE ALCOHOL, SUSTANCIAS ESTUPEFACIENTES O PSICOTROPICAS Y/O MEDICAMENTOS.",CHOQUE LATERAL,AUTOMOVIL,2,0,0,0,0,0,0,0,0,0,0,0,0,2,47,HOMBRE,ILESO,CONDUCTOR PRESENTE,NO,NO,1
26015,100456,100457,2021,0,0,-0.135711,-78.482262,PICHINCHA,QUITO,QUITO,URBANA,2021-03-20,18:20:00,18,SABADO,6,MARZO,3,NO,"CONDUCE BAJO LA INFLUENCIA DE ALCOHOL, SUSTANCIAS ESTUPEFACIENTES O PSICOTROPICAS Y/O MEDICAMENTOS.",COLISION,AUTOMOVIL,5,0,0,0,0,0,0,0,0,0,0,0,0,5,26,HOMBRE,ILESO,CONDUCTOR PRESENTE,NO,NO,1
26016,100464,100465,2021,0,0,-0.072275,-78.474841,PICHINCHA,QUITO,POMASQUI,RURAL,2021-03-20,19:40:00,19,SABADO,6,MARZO,3,NO,"CONDUCIR DESATENTO A LAS CONDICIONES DE TRANSITO (CELULAR, PANTALLAS DE VIDEO, COMIDA, MAQUILLAJE O CUALQUIER OTRO ELEMENTO DISTRACTOR).",VOLCAMIENTOS,AUTOMOVIL,1,0,0,0,0,0,0,0,0,0,0,0,0,1,48,HOMBRE,ILESO,CONDUCTOR PRESENTE,NO,SI,3
26017,100468,100469,2021,1,0,-0.216586,-78.457544,PICHINCHA,QUITO,CUMBAYA,RURAL,2021-03-20,20:20:00,20,SABADO,6,MARZO,3,NO,"CONDUCE BAJO LA INFLUENCIA DE ALCOHOL, SUSTANCIAS ESTUPEFACIENTES O PSICOTROPICAS Y/O MEDICAMENTOS.",CHOQUE POSTERIOR,AUTOMOVIL,1,0,0,0,1,0,0,0,0,0,0,0,0,2,23,HOMBRE,LESIONADO,CONDUCTOR PRESENTE,NO,NO,3
26018,100472,100473,2021,0,0,-0.324322,-78.562536,PICHINCHA,QUITO,QUITO,URBANA,2021-03-20,21:30:00,21,SABADO,6,MARZO,3,NO,"NO RESPETAR LAS SENIALES REGLAMENTARIAS DE TRANSITO. (PARE, CEDA EL PASO, LUZ ROJA DEL SEMAFORO, ETC).",ESTRELLAMIENTOS,BUS,0,0,1,0,0,0,0,0,0,0,0,0,0,1,-1,NO IDENTIFICADO,NO IDENTIFICADO,CONDUCTOR AUSENTE,NO,NO,2
26019,100474,100475,2021,0,0,-0.244435,-78.482091,PICHINCHA,QUITO,QUITO,RURAL,2021-03-20,22:20:00,22,SABADO,6,MARZO,3,NO,CONDUCIR VEHICULO SUPERANDO LOS LIMITES MAXIMOS DE VELOCIDAD.,ESTRELLAMIENTOS,AUTOMOVIL,1,0,0,0,0,0,0,0,0,0,0,0,0,1,39,MUJER,ILESO,CONDUCTOR PRESENTE,NO,NO,3
26020,100479,100480,2021,1,0,-0.283932,-78.469712,PICHINCHA,QUITO,CONOCOTO,RURAL,2021-03-21,00:05:00,0,DOMINGO,7,MARZO,3,NO,"CONDUCIR DESATENTO A LAS CONDICIONES DE TRANSITO (CELULAR, PANTALLAS DE VIDEO, COMIDA, MAQUILLAJE O CUALQUIER OTRO ELEMENTO DISTRACTOR).",CHOQUE FRONTAL,AUTOMOVIL,2,0,0,0,0,0,0,0,0,0,0,0,0,2,25,HOMBRE,LESIONADO,CONDUCTOR PRESENTE,NO,SI,3
26021,100480,100481,2021,1,0,-0.099083,-78.421844,PICHINCHA,QUITO,CALDERON (CARAPUNGO),RURAL,2021-03-21,00:45:00,0,DOMINGO,7,MARZO,3,NO,CONDUCIR VEHICULO SUPERANDO LOS LIMITES MAXIMOS DE VELOCIDAD.,OTROS,MOTOCICLETA,0,0,0,0,0,0,0,0,1,0,0,0,0,1,23,HOMBRE,LESIONADO,PASAJERO,NO,NO,3
26022,100485,100486,2021,0,0,-0.214746,-78.489054,PICHINCHA,QUITO,QUITO,URBANA,2021-03-21,02:40:00,2,DOMINGO,7,MARZO,3,NO,CONDUCIR VEHICULO SUPERANDO LOS LIMITES MAXIMOS DE VELOCIDAD.,ESTRELLAMIENTOS,AUTOMOVIL,1,0,0,0,0,0,0,0,0,0,0,0,0,1,-1,NO IDENTIFICADO,NO IDENTIFICADO,CONDUCTOR AUSENTE,NO,NO,2
26023,100496,100497,2021,1,0,-0.122458,-78.513584,PICHINCHA,QUITO,QUITO,URBANA,2021-03-21,06:00:00,6,DOMINGO,7,MARZO,3,NO,NO MANTENER LA DISTANCIA PRUDENCIAL CON RESPECTO AL VEHICULO QUE LE ANTECEDE.,CHOQUE POSTERIOR,AUTOMOVIL,2,0,0,0,0,0,0,0,0,0,0,0,0,2,20,MUJER,LESIONADO,PASAJERO,NO,NO,1
26024,100499,100500,2021,1,0,-0.126331,-78.480741,PICHINCHA,QUITO,QUITO,URBANA,2021-03-21,06:50:00,6,DOMINGO,7,MARZO,3,NO,"PRESENCIA DE AGENTES EXTERNOS EN LA VIA (AGUA, ACEITE, PIEDRA, LASTRE, ESCOMBROS, MADEROS, ETC.).",VOLCAMIENTOS,MOTOCICLETA,0,0,0,0,0,0,0,0,1,0,0,0,0,1,25,HOMBRE,LESIONADO,CONDUCTOR PRESENTE,NO,NO,1
26025,100500,100501,2021,2,0,-0.172971,-78.480271,PICHINCHA,QUITO,QUITO,URBANA,2021-03-21,07:25:00,7,DOMINGO,7,MARZO,3,NO,"NO RESPETAR LAS SENIALES REGLAMENTARIAS DE TRANSITO. (PARE, CEDA EL PASO, LUZ ROJA DEL SEMAFORO, ETC).",CHOQUE LATERAL,MOTOCICLETA,0,0,0,0,0,0,0,0,1,1,0,0,0,2,22,HOMBRE,LESIONADO,PASAJERO,NO,NO,1
26026,100504,100505,2021,0,0,-0.154065,-78.489019,PICHINCHA,QUITO,QUITO,URBANA,2021-03-21,09:15:00,9,DOMINGO,7,MARZO,3,NO,"CONDUCE BAJO LA INFLUENCIA DE ALCOHOL, SUSTANCIAS ESTUPEFACIENTES O PSICOTROPICAS Y/O MEDICAMENTOS.",ESTRELLAMIENTOS,CAMION,1,0,0,1,0,0,0,0,0,0,0,0,0,2,30,HOMBRE,ILESO,CONDUCTOR PRESENTE,NO,NO,1
26027,100506,100507,2021,1,0,-0.254095,-78.497215,PICHINCHA,QUITO,QUITO,URBANA,2021-03-21,09:55:00,9,DOMINGO,7,MARZO,3,NO,NO GUARDAR LA DISTANCIA LATERAL MINIMA DE SEGURIDAD ENTRE VEHICULOS.,CHOQUE LATERAL,MOTOCICLETA,1,0,0,0,0,0,0,0,1,0,0,0,0,2,25,HOMBRE,LESIONADO,CONDUCTOR PRESENTE,NO,NO,1
26028,100520,100521,2021,1,0,-0.252168,-78.539221,PICHINCHA,QUITO,QUITO,URBANA,2021-03-21,16:00:00,16,DOMINGO,7,MARZO,3,NO,"CONDUCE BAJO LA INFLUENCIA DE ALCOHOL, SUSTANCIAS ESTUPEFACIENTES O PSICOTROPICAS Y/O MEDICAMENTOS.",CHOQUE LATERAL,BICICLETA,0,1,0,0,1,0,0,0,0,0,0,0,0,2,37,HOMBRE,LESIONADO,CONDUCTOR PRESENTE,NO,NO,1
26029,100522,100523,2021,0,1,-0.185351,-78.453313,PICHINCHA,QUITO,NAYON,RURAL,2021-03-21,16:40:00,16,DOMINGO,7,MARZO,3,NO,CONDUCIR VEHICULO SUPERANDO LOS LIMITES MAXIMOS DE VELOCIDAD.,ESTRELLAMIENTOS,MOTOCICLETA,0,0,0,0,0,0,0,0,1,0,0,0,0,1,25,HOMBRE,FALLECIDO,CONDUCTOR PRESENTE,NO,NO,3
26030,100531,100532,2021,1,0,-0.318641,-78.549386,PICHINCHA,QUITO,QUITO,URBANA,2021-03-21,19:30:00,19,DOMINGO,7,MARZO,3,NO,NO TRANSITAR POR LAS ACERAS O ZONAS DE SEGURIDAD DESTINADAS PARA EL EFECTO.,ATROPELLOS,MOTOCICLETA,0,0,0,0,0,0,0,0,1,0,0,0,0,1,20,HOMBRE,LESIONADO,PEATON,NO,NO,1
26031,100535,100536,2021,0,0,-0.207166,-78.262266,PICHINCHA,QUITO,YARUQUI,RURAL,2021-03-21,20:00:00,20,DOMINGO,7,MARZO,3,NO,"CONDUCE BAJO LA INFLUENCIA DE ALCOHOL, SUSTANCIAS ESTUPEFACIENTES O PSICOTROPICAS Y/O MEDICAMENTOS.",ROZAMIENTOS,BUS,1,0,1,0,0,0,0,0,0,0,0,0,0,2,32,HOMBRE,ILESO,CONDUCTOR PRESENTE,NO,NO,3
26032,100536,100537,2021,0,1,-0.112189,-78.504802,PICHINCHA,QUITO,QUITO,URBANA,2021-03-21,20:15:00,20,DOMINGO,7,MARZO,3,NO,NO CEDER EL DERECHO DE VIA O PREFERENCIA DE PASO AL PEATON.,ATROPELLOS,NO IDENTIFICADO,0,0,0,0,0,0,0,0,0,1,0,0,0,1,25,HOMBRE,FALLECIDO,PEATON,NO,NO,1
26033,100539,100540,2021,0,0,-0.291791,-78.398738,PICHINCHA,QUITO,LA MERCED,RURAL,2021-03-21,20:35:00,20,DOMINGO,7,MARZO,3,NO,"CONDUCE BAJO LA INFLUENCIA DE ALCOHOL, SUSTANCIAS ESTUPEFACIENTES O PSICOTROPICAS Y/O MEDICAMENTOS.",CHOQUE LATERAL,AUTOMOVIL,2,0,0,0,0,0,0,0,0,0,0,0,0,2,41,HOMBRE,ILESO,CONDUCTOR PRESENTE,NO,NO,3
26034,100555,100556,2021,0,0,-0.451001,-78.760111,PICHINCHA,MEJIA,MANUEL CORNEJO ASTORGA,RURAL,2021-03-22,06:30:00,6,LUNES,1,MARZO,3,NO,CONDUCIR EN SENTIDO CONTRARIO A LA VIA NORMAL DE CIRCULACION.,CHOQUE FRONTAL,AUTOMOVIL,1,0,0,0,0,0,0,0,0,0,0,0,1,2,44,HOMBRE,ILESO,CONDUCTOR PRESENTE,NO,NO,3
26035,100564,100565,2021,1,0,-0.136939,-78.457773,PICHINCHA,QUITO,QUITO,URBANA,2021-03-22,08:45:00,8,LUNES,1,MARZO,3,NO,"FALLA MECANICA EN LOS SISTEMAS Y/O NEUMATICOS (SISTEMA DE FRENOS, DIRECCION, ELECTRONICO O MECANICO).",ESTRELLAMIENTOS,AUTOMOVIL,1,0,0,0,0,0,0,0,0,0,0,0,0,1,31,MUJER,LESIONADO,PASAJERO,NO,NO,1
26036,100565,100566,2021,1,0,-0.176549,-78.481391,PICHINCHA,QUITO,QUITO,URBANA,2021-03-22,09:30:00,9,LUNES,1,MARZO,3,NO,NO GUARDAR LA DISTANCIA LATERAL MINIMA DE SEGURIDAD ENTRE VEHICULOS.,CHOQUE LATERAL,AUTOMOVIL,1,1,0,0,0,0,0,0,0,0,0,0,0,2,36,HOMBRE,LESIONADO,CONDUCTOR PRESENTE,NO,NO,1
26037,100566,100567,2021,0,0,-0.142787,-78.492399,PICHINCHA,QUITO,QUITO,URBANA,2021-03-22,09:40:00,9,LUNES,1,MARZO,3,NO,NO MANTENER LA DISTANCIA PRUDENCIAL CON RESPECTO AL VEHICULO QUE LE ANTECEDE.,COLISION,AUTOMOVIL,2,0,0,0,0,0,0,1,0,0,0,0,0,3,48,HOMBRE,ILESO,CONDUCTOR PRESENTE,NO,NO,1
26038,100569,100570,2021,1,0,-0.280875,-78.553544,PICHINCHA,QUITO,QUITO,URBANA,2021-03-22,10:55:00,10,LUNES,1,MARZO,3,NO,PEATON QUE CRUZA LA CALZADA SIN RESPETAR LA SENIALIZACION EXISTENTE (SEMAFOROS O SENIALES MANUALES).,ATROPELLOS,MOTOCICLETA,0,0,0,0,0,0,0,0,1,0,0,0,0,1,4,MUJER,LESIONADO,PEATON,NO,NO,1
26039,100587,100588,2021,0,0,-0.094521,-78.481712,PICHINCHA,QUITO,QUITO,URBANA,2021-03-22,16:15:00,16,LUNES,1,MARZO,3,NO,NO MANTENER LA DISTANCIA PRUDENCIAL CON RESPECTO AL VEHICULO QUE LE ANTECEDE.,CHOQUE POSTERIOR,AUTOMOVIL,2,0,0,0,0,0,0,0,0,0,0,0,0,2,39,HOMBRE,ILESO,CONDUCTOR PRESENTE,NO,NO,1
26040,100588,100589,2021,0,0,-0.261533,-78.544355,PICHINCHA,QUITO,QUITO,URBANA,2021-03-22,16:30:00,16,LUNES,1,MARZO,3,NO,"CONDUCE BAJO LA INFLUENCIA DE ALCOHOL, SUSTANCIAS ESTUPEFACIENTES O PSICOTROPICAS Y/O MEDICAMENTOS.",CHOQUE POSTERIOR,AUTOMOVIL,1,0,0,0,1,0,0,0,0,0,0,0,0,2,44,HOMBRE,ILESO,CONDUCTOR PRESENTE,NO,NO,1
26041,100602,100603,2021,0,0,-0.166058,-78.468472,PICHINCHA,QUITO,QUITO,URBANA,2021-03-22,22:45:00,22,LUNES,1,MARZO,3,NO,"CONDICIONES AMBIENTALES Y/O ATMOSFERICAS (NIEBLA, NEBLINA, GRANIZO, LLUVIA).",ESTRELLAMIENTOS,AUTOMOVIL,1,0,0,0,0,0,0,0,0,0,0,0,0,1,-1,NO IDENTIFICADO,NO IDENTIFICADO,CONDUCTOR AUSENTE,NO,NO,2
26042,100606,100607,2021,0,0,-0.251743,-78.506334,PICHINCHA,QUITO,QUITO,URBANA,2021-03-23,01:45:00,1,MARTES,2,MARZO,3,NO,CONDUCIR VEHICULO SUPERANDO LOS LIMITES MAXIMOS DE VELOCIDAD.,OTROS,AUTOMOVIL,1,0,0,0,0,0,0,0,0,0,0,0,0,1,-1,NO IDENTIFICADO,NO IDENTIFICADO,CONDUCTOR AUSENTE,NO,NO,2
26043,100609,100610,2021,0,0,-0.216154,-78.513897,PICHINCHA,QUITO,QUITO,URBANA,2021-03-23,06:25:00,6,MARTES,2,MARZO,3,NO,NO GUARDAR LA DISTANCIA LATERAL MINIMA DE SEGURIDAD ENTRE VEHICULOS.,CHOQUE LATERAL,AUTOMOVIL,2,0,0,0,0,0,0,0,0,0,0,0,0,2,33,HOMBRE,ILESO,CONDUCTOR PRESENTE,NO,NO,1