,Unnamed: 0,ID,ANIO,LESIONADOS,FALLECIDOS,LATITUD_Y,LONGITUD_X,PROVINCIA,CANTON,PARROQUIA,ZONA,FECHA,HORA,PERIODO_2,DIA_1,DIA_2,MES_1,MES_2,FERIADO,CAUSA_PROBABLE,TIPO_DE_SINIESTRO,TIPO_DE_VEHICULO_1,AUTOMOVIL,BICICLETA,BUS,CAMION,CAMIONETA,EMERGENCIAS,ESPECIAL,FURGONETA,MOTOCICLETA,NO_IDENTIFICADO,SCOOTER_ELECTRICO,TRICIMOTO,VEHICULO_DEPORTIVO_UTILITARIO,SUMA_DE_VEHICULOS,EDAD_1,SEXO_1,CONDICION_1,PARTICIPANTE_1,CASCO_1,CINTURON_1,KMeans_Cluster
26044,100618,100619,2021,0,0,-0.198943,-78.489526,PICHINCHA,QUITO,QUITO,URBANA,2021-03-23,08:30:00,8,MARTES,2,MARZO,3,NO,"NO RESPETAR LAS SENIALES REGLAMENTARIAS DE TRANSITO. (PARE, CEDA EL PASO, LUZ ROJA DEL SEMAFORO, ETC).",CHOQUE LATERAL,AUTOMOVIL,2,0,0,0,0,0,0,0,0,0,0,0,0,2,45,MUJER,ILESO,PASAJERO,NO,NO,1
26045,100619,100620,2021,0,1,-0.098303,-78.530011,PICHINCHA,QUITO,QUITO,URBANA,2021-03-23,09:20:00,9,MARTES,2,MARZO,3,NO,"CASO FORTUITO O FUERZA MAYOR (EXPLOSION DE NEUMATICO NUEVO, DERRUMBE, INUNDACION, CAIDA DE PUENTE, ARBOL, PRESENCIA INTEMPESTIVA E IMPREVISTA DE SEMOVIENTES EN LA VIA, ETC.).",VOLCAMIENTOS,BICICLETA,0,1,0,0,0,0,0,0,0,0,0,0,0,1,43,HOMBRE,FALLECIDO,CONDUCTOR PRESENTE,NO,NO,1
26046,100620,100621,2021,1,0,-0.156069,-78.439391,PICHINCHA,QUITO,NAYON,RURAL,2021-03-23,09:25:00,9,MARTES,2,MARZO,3,NO,CONDUCIR VEHICULO SUPERANDO LOS LIMITES MAXIMOS DE VELOCIDAD.,ATROPELLOS,CAMIONETA,0,0,0,0,1,0,0,0,0,0,0,0,0,1,64,MUJER,LESIONADO,PEATON,NO,NO,3
26047,100625,100626,2021,1,0,-0.002221,-78.454385,PICHINCHA,QUITO,SAN ANTONIO (QUITO),RURAL,2021-03-23,12:45:00,12,MARTES,2,MARZO,3,NO,NO CEDER EL DERECHO DE VIA O PREFERENCIA DE PASO A VEHICULOS.,CHOQUE LATERAL,MOTOCICLETA,0,0,0,0,1,0,0,0,1,0,0,0,0,2,22,HOMBRE,LESIONADO,CONDUCTOR PRESENTE,NO,NO,3
26048,100627,100628,2021,1,0,-0.269876,-78.541461,PICHINCHA,QUITO,QUITO,URBANA,2021-03-23,13:50:00,13,MARTES,2,MARZO,3,NO,"CONDICIONES AMBIENTALES Y/O ATMOSFERICAS (NIEBLA, NEBLINA, GRANIZO, LLUVIA).",ATROPELLOS,AUTOMOVIL,1,0,0,0,0,0,0,0,0,0,0,0,0,1,53,MUJER,LESIONADO,PEATON,NO,NO,1
26049,100645,100646,2021,0,0,-0.289258,-78.538371,PICHINCHA,QUITO,QUITO,URBANA,2021-03-23,19:00:00,19,MARTES,2,MARZO,3,NO,"NO RESPETAR LAS SENIALES REGLAMENTARIAS DE TRANSITO. (PARE, CEDA EL PASO, LUZ ROJA DEL SEMAFORO, ETC).",ESTRELLAMIENTOS,AUTOMOVIL,1,0,0,0,0,0,0,0,0,0,0,0,0,1,-1,NO IDENTIFICADO,NO IDENTIFICADO,CONDUCTOR AUSENTE,NO,NO,2
26050,100647,100648,2021,1,0,-0.161942,-78.483181,PICHINCHA,QUITO,QUITO,URBANA,2021-03-23,19:38:00,19,MARTES,2,MARZO,3,NO,CONDUCIR VEHICULO SUPERANDO LOS LIMITES MAXIMOS DE VELOCIDAD.,ESTRELLAMIENTOS,AUTOMOVIL,1,0,0,0,0,0,0,0,0,0,0,0,0,1,55,HOMBRE,LESIONADO,PASAJERO,NO,NO,1
26051,100649,100650,2021,0,0,-0.070157,-78.475635,PICHINCHA,QUITO,POMASQUI,RURAL,2021-03-23,19:45:00,19,MARTES,2,MARZO,3,NO,"FALLA MECANICA EN LOS SISTEMAS Y/O NEUMATICOS (SISTEMA DE FRENOS, DIRECCION, ELECTRONICO O MECANICO).",ESTRELLAMIENTOS,AUTOMOVIL,1,0,0,0,0,0,0,0,0,0,0,0,0,1,61,HOMBRE,ILESO,CONDUCTOR PRESENTE,NO,NO,3
26052,100656,100657,2021,1,0,-0.342382,-78.550832,PICHINCHA,QUITO,QUITO,URBANA,2021-03-23,22:30:00,22,MARTES,2,MARZO,3,NO,CONDUCIR VEHICULO SUPERANDO LOS LIMITES MAXIMOS DE VELOCIDAD.,OTROS,MOTOCICLETA,0,0,0,0,0,0,0,0,1,0,0,0,0,1,30,HOMBRE,LESIONADO,PASAJERO,NO,NO,1
26053,100657,100658,2021,1,0,-0.258215,-78.541309,PICHINCHA,QUITO,QUITO,URBANA,2021-03-23,22:35:00,22,MARTES,2,MARZO,3,NO,"CONDUCE BAJO LA INFLUENCIA DE ALCOHOL, SUSTANCIAS ESTUPEFACIENTES O PSICOTROPICAS Y/O MEDICAMENTOS.",CHOQUE POSTERIOR,AUTOMOVIL,1,0,0,0,1,0,0,0,0,0,0,0,0,2,25,HOMBRE,LESIONADO,CONDUCTOR PRESENTE,NO,NO,1
26054,100662,100663,2021,0,0,-0.080826,-78.436292,PICHINCHA,QUITO,CALDERON (CARAPUNGO),RURAL,2021-03-24,00:30:00,0,MIERCOLES,3,MARZO,3,NO,"CONDUCE BAJO LA INFLUENCIA DE ALCOHOL, SUSTANCIAS ESTUPEFACIENTES O PSICOTROPICAS Y/O MEDICAMENTOS.",ESTRELLAMIENTOS,AUTOMOVIL,1,0,0,0,0,0,0,0,0,0,0,0,0,1,41,HOMBRE,ILESO,CONDUCTOR PRESENTE,NO,NO,3
26055,100663,100664,2021,0,0,-0.168468,-78.469449,PICHINCHA,QUITO,QUITO,URBANA,2021-03-24,00:35:00,0,MIERCOLES,3,MARZO,3,NO,CONDUCIR VEHICULO SUPERANDO LOS LIMITES MAXIMOS DE VELOCIDAD.,ESTRELLAMIENTOS,CAMIONETA,0,0,0,0,1,0,0,0,0,0,0,0,0,1,-1,NO IDENTIFICADO,NO IDENTIFICADO,CONDUCTOR AUSENTE,NO,NO,2
26056,100675,100676,2021,1,0,-0.142074,-78.477831,PICHINCHA,QUITO,QUITO,URBANA,2021-03-24,09:10:00,9,MIERCOLES,3,MARZO,3,NO,"NO RESPETAR LAS SENIALES REGLAMENTARIAS DE TRANSITO. (PARE, CEDA EL PASO, LUZ ROJA DEL SEMAFORO, ETC).",CHOQUE LATERAL,MOTOCICLETA,1,0,0,0,0,0,0,0,1,0,0,0,0,2,36,MUJER,LESIONADO,PASAJERO,NO,NO,1
26057,100679,100680,2021,0,0,-0.263053,-78.507339,PICHINCHA,QUITO,QUITO,URBANA,2021-03-24,12:50:00,12,MIERCOLES,3,MARZO,3,NO,NO MANTENER LA DISTANCIA PRUDENCIAL CON RESPECTO AL VEHICULO QUE LE ANTECEDE.,COLISION,AUTOMOVIL,1,0,0,2,0,0,0,0,0,0,0,0,0,3,42,MUJER,ILESO,CONDUCTOR PRESENTE,NO,NO,1
26058,100680,100681,2021,0,0,-0.451555,-78.637501,PICHINCHA,MEJIA,ALOAG,RURAL,2021-03-24,14:30:00,14,MIERCOLES,3,MARZO,3,NO,"CONDUCIR DESATENTO A LAS CONDICIONES DE TRANSITO (CELULAR, PANTALLAS DE VIDEO, COMIDA, MAQUILLAJE O CUALQUIER OTRO ELEMENTO DISTRACTOR).",PERDIDA DE PISTA,CAMION,0,0,0,1,0,0,0,0,0,0,0,0,0,1,-1,NO IDENTIFICADO,ILESO,CONDUCTOR PRESENTE,NO,NO,3
26059,100690,100691,2021,1,0,-0.265258,-78.553251,PICHINCHA,QUITO,QUITO,URBANA,2021-03-24,20:20:00,20,MIERCOLES,3,MARZO,3,NO,"CONDICIONES AMBIENTALES Y/O ATMOSFERICAS (NIEBLA, NEBLINA, GRANIZO, LLUVIA).",ATROPELLOS,AUTOMOVIL,1,0,0,0,0,0,0,0,0,0,0,0,0,1,51,HOMBRE,LESIONADO,PEATON,NO,NO,1
26060,100692,100693,2021,2,0,-0.299649,-78.524189,PICHINCHA,QUITO,QUITO,URBANA,2021-03-24,21:40:00,21,MIERCOLES,3,MARZO,3,NO,CONDUCIR VEHICULO SUPERANDO LOS LIMITES MAXIMOS DE VELOCIDAD.,OTROS,AUTOMOVIL,1,0,0,0,0,0,0,0,0,0,0,0,0,1,27,HOMBRE,LESIONADO,PASAJERO,NO,NO,1
26061,100695,100696,2021,0,0,-0.246961,-78.513456,PICHINCHA,QUITO,QUITO,URBANA,2021-03-24,22:40:00,22,MIERCOLES,3,MARZO,3,NO,"CONDUCE BAJO LA INFLUENCIA DE ALCOHOL, SUSTANCIAS ESTUPEFACIENTES O PSICOTROPICAS Y/O MEDICAMENTOS.",CHOQUE POSTERIOR,AUTOMOVIL,1,0,0,0,0,0,0,1,0,0,0,0,0,2,56,HOMBRE,ILESO,CONDUCTOR PRESENTE,NO,NO,1
26062,100698,100699,2021,0,0,-0.187371,-78.479666,PICHINCHA,QUITO,QUITO,URBANA,2021-03-24,23:45:00,23,MIERCOLES,3,MARZO,3,NO,"CONDICIONES AMBIENTALES Y/O ATMOSFERICAS (NIEBLA, NEBLINA, GRANIZO, LLUVIA).",ESTRELLAMIENTOS,AUTOMOVIL,1,0,0,0,0,0,0,0,0,0,0,0,0,1,30,MUJER,ILESO,CONDUCTOR PRESENTE,NO,NO,1
26063,100710,100711,2021,0,0,-0.292253,-78.544063,PICHINCHA,QUITO,QUITO,URBANA,2021-03-25,10:00:00,10,JUEVES,4,MARZO,3,NO,NO MANTENER LA DISTANCIA PRUDENCIAL CON RESPECTO AL VEHICULO QUE LE ANTECEDE.,CHOQUE POSTERIOR,AUTOMOVIL,2,0,0,0,0,0,0,0,0,0,0,0,0,2,60,MUJER,ILESO,PASAJERO,NO,NO,1
26064,100714,100715,2021,1,0,0.033982,-78.146281,PICHINCHA,CAYAMBE,CAYAMBE,URBANA,2021-03-25,12:00:00,12,JUEVES,4,MARZO,3,NO,"CONDUCIR DESATENTO A LAS CONDICIONES DE TRANSITO (CELULAR, PANTALLAS DE VIDEO, COMIDA, MAQUILLAJE O CUALQUIER OTRO ELEMENTO DISTRACTOR).",CHOQUE LATERAL,MOTOCICLETA,1,0,0,0,0,0,0,0,1,0,0,0,0,2,37,HOMBRE,LESIONADO,CONDUCTOR PRESENTE,NO,SI,1
26065,100729,100730,2021,1,0,-0.275005,-78.529921,PICHINCHA,QUITO,QUITO,URBANA,2021-03-25,17:00:00,17,JUEVES,4,MARZO,3,NO,REALIZAR CAMBIO BRUSCO O INDEBIDO DE CARRIL.,CHOQUE LATERAL,MOTOCICLETA,0,0,0,0,1,0,0,0,1,0,0,0,0,2,23,HOMBRE,LESIONADO,CONDUCTOR PRESENTE,NO,NO,1
26066,100731,100732,2021,1,0,-0.351431,-78.549384,PICHINCHA,QUITO,QUITO,URBANA,2021-03-25,18:50:00,18,JUEVES,4,MARZO,3,NO,"CONDICIONES AMBIENTALES Y/O ATMOSFERICAS (NIEBLA, NEBLINA, GRANIZO, LLUVIA).",ATROPELLOS,AUTOMOVIL,1,0,0,0,0,0,0,0,0,0,0,0,0,1,59,HOMBRE,LESIONADO,PEATON,NO,NO,1
26067,100734,100735,2021,0,0,-0.324349,-78.548581,PICHINCHA,QUITO,QUITO,URBANA,2021-03-25,19:45:00,19,JUEVES,4,MARZO,3,NO,"CONDUCE BAJO LA INFLUENCIA DE ALCOHOL, SUSTANCIAS ESTUPEFACIENTES O PSICOTROPICAS Y/O MEDICAMENTOS.",ESTRELLAMIENTOS,AUTOMOVIL,1,0,0,0,1,0,0,0,0,0,0,0,0,2,26,HOMBRE,ILESO,CONDUCTOR PRESENTE,NO,NO,1
26068,100736,100737,2021,0,0,-0.208844,-78.335604,PICHINCHA,QUITO,YARUQUI,RURAL,2021-03-25,20:45:00,20,JUEVES,4,MARZO,3,NO,CONDUCIR VEHICULO SUPERANDO LOS LIMITES MAXIMOS DE VELOCIDAD.,CHOQUE POSTERIOR,FURGONETA,0,0,0,0,0,0,0,1,0,1,0,0,0,2,52,MUJER,ILESO,CONDUCTOR PRESENTE,NO,NO,3
26069,100741,100742,2021,0,0,-0.211734,-78.429014,PICHINCHA,QUITO,CUMBAYA,RURAL,2021-03-25,22:04:00,22,JUEVES,4,MARZO,3,NO,"CONDUCE BAJO LA INFLUENCIA DE ALCOHOL, SUSTANCIAS ESTUPEFACIENTES O PSICOTROPICAS Y/O MEDICAMENTOS.",CHOQUE LATERAL,AUTOMOVIL,2,0,0,0,0,0,0,0,0,0,0,0,0,2,60,HOMBRE,ILESO,CONDUCTOR PRESENTE,NO,NO,3
26070,100748,100749,2021,0,0,-0.233682,-78.523438,PICHINCHA,QUITO,QUITO,URBANA,2021-03-26,02:30:00,2,VIERNES,5,MARZO,3,NO,CONDUCIR VEHICULO SUPERANDO LOS LIMITES MAXIMOS DE VELOCIDAD.,ESTRELLAMIENTOS,AUTOMOVIL,1,0,0,0,0,0,0,0,0,0,0,0,0,1,-1,NO IDENTIFICADO,NO IDENTIFICADO,CONDUCTOR AUSENTE,NO,NO,2
26071,100749,100750,2021,0,0,-0.166183,-78.468514,PICHINCHA,QUITO,QUITO,URBANA,2021-03-26,03:00:00,3,VIERNES,5,MARZO,3,NO,"CONDUCE BAJO LA INFLUENCIA DE ALCOHOL, SUSTANCIAS ESTUPEFACIENTES O PSICOTROPICAS Y/O MEDICAMENTOS.",ESTRELLAMIENTOS,AUTOMOVIL,1,0,0,0,0,0,0,0,0,0,0,0,0,1,21,HOMBRE,ILESO,CONDUCTOR PRESENTE,NO,NO,1
26072,100755,100756,2021,1,0,-0.171497,-78.490692,PICHINCHA,QUITO,QUITO,URBANA,2021-03-26,07:30:00,7,VIERNES,5,MARZO,3,NO,BAJARSE O SUBIRSE DE VEHICULOS EN MOVIMIENTO SIN TOMAR LAS PRECAUCIONES DEBIDAS.,CAIDA DE PASAJERO,BUS,0,0,1,0,0,0,0,0,0,0,0,0,0,1,59,HOMBRE,LESIONADO,PASAJERO,NO,NO,1
26073,100762,100763,2021,0,0,-0.192249,-78.488383,PICHINCHA,QUITO,QUITO,URBANA,2021-03-26,11:25:00,11,VIERNES,5,MARZO,3,NO,"CONDUCE BAJO LA INFLUENCIA DE ALCOHOL, SUSTANCIAS ESTUPEFACIENTES O PSICOTROPICAS Y/O MEDICAMENTOS.",COLISION,AUTOMOVIL,2,0,0,0,0,0,0,0,1,0,0,0,0,3,53,MUJER,ILESO,CONDUCTOR PRESENTE,NO,NO,1
26074,100766,100767,2021,1,0,-0.375496,-78.506023,PICHINCHA,QUITO,AMAGUANIA,RURAL,2021-03-26,13:38:00,13,VIERNES,5,MARZO,3,NO,NO CEDER EL DERECHO DE VIA O PREFERENCIA DE PASO A VEHICULOS.,CHOQUE LATERAL,MOTOCICLETA,0,0,0,0,0,0,0,0,1,1,0,0,0,2,23,HOMBRE,LESIONADO,CONDUCTOR PRESENTE,NO,NO,3
26075,100768,100769,2021,1,0,-0.278572,-78.553499,PICHINCHA,QUITO,QUITO,URBANA,2021-03-26,13:50:00,13,VIERNES,5,MARZO,3,NO,PEATON QUE CRUZA LA CALZADA SIN RESPETAR LA SENIALIZACION EXISTENTE (SEMAFOROS O SENIALES MANUALES).,ATROPELLOS,AUTOMOVIL,1,0,0,0,0,0,0,0,0,0,0,0,0,1,59,HOMBRE,LESIONADO,PEATON,NO,NO,1
26076,100775,100776,2021,1,1,-0.211083,-78.509852,PICHINCHA,QUITO,QUITO,URBANA,2021-03-26,16:05:00,16,VIERNES,5,MARZO,3,NO,NO GUARDAR LA DISTANCIA LATERAL MINIMA DE SEGURIDAD ENTRE VEHICULOS.,CHOQUE LATERAL,AUTOMOVIL,1,0,0,0,0,0,0,0,1,0,0,0,0,2,38,HOMBRE,FALLECIDO,CONDUCTOR PRESENTE,NO,NO,1
26077,100776,100777,2021,1,0,-0.318584,-78.550122,PICHINCHA,QUITO,QUITO,URBANA,2021-03-26,16:30:00,16,VIERNES,5,MARZO,3,NO,PEATON QUE CRUZA LA CALZADA SIN RESPETAR LA SENIALIZACION EXISTENTE (SEMAFOROS O SENIALES MANUALES).,ATROPELLOS,AUTOMOVIL,1,0,0,0,0,0,0,0,0,0,0,0,0,1,32,MUJER,LESIONADO,PEATON,NO,NO,1
26078,100777,100778,2021,0,0,-0.210387,-78.506842,PICHINCHA,QUITO,QUITO,URBANA,2021-03-26,16:40:00,16,VIERNES,5,MARZO,3,NO,"CONDICIONES AMBIENTALES Y/O ATMOSFERICAS (NIEBLA, NEBLINA, GRANIZO, LLUVIA).",CHOQUE LATERAL,AUTOMOVIL,1,0,0,0,1,0,0,0,0,0,0,0,0,2,54,HOMBRE,ILESO,CONDUCTOR PRESENTE,NO,NO,1
26079,100780,100781,2021,2,0,-0.219469,-78.506959,PICHINCHA,QUITO,QUITO,URBANA,2021-03-26,18:10:00,18,VIERNES,5,MARZO,3,NO,"CONDICIONES AMBIENTALES Y/O ATMOSFERICAS (NIEBLA, NEBLINA, GRANIZO, LLUVIA).",ESTRELLAMIENTOS,AUTOMOVIL,1,0,0,0,0,0,0,0,0,0,0,0,0,1,85,HOMBRE,LESIONADO,PASAJERO,NO,NO,1
26080,100790,100791,2021,1,0,-0.200543,-78.510933,PICHINCHA,QUITO,QUITO,URBANA,2021-03-26,20:50:00,20,VIERNES,5,MARZO,3,NO,"NO RESPETAR LAS SENIALES REGLAMENTARIAS DE TRANSITO. (PARE, CEDA EL PASO, LUZ ROJA DEL SEMAFORO, ETC).",CHOQUE FRONTAL,MOTOCICLETA,0,0,0,0,1,0,0,0,1,0,0,0,0,2,40,HOMBRE,LESIONADO,CONDUCTOR PRESENTE,NO,NO,1
26081,100795,100796,2021,0,0,-0.246862,-78.529497,PICHINCHA,QUITO,QUITO,URBANA,2021-03-26,22:00:00,22,VIERNES,5,MARZO,3,NO,"CONDUCE BAJO LA INFLUENCIA DE ALCOHOL, SUSTANCIAS ESTUPEFACIENTES O PSICOTROPICAS Y/O MEDICAMENTOS.",ESTRELLAMIENTOS,AUTOMOVIL,2,0,0,0,0,0,0,0,0,0,0,0,0,2,24,HOMBRE,ILESO,CONDUCTOR PRESENTE,NO,NO,1
26082,100796,100797,2021,0,0,-0.318256,-78.557591,PICHINCHA,QUITO,QUITO,URBANA,2021-03-26,22:10:00,22,VIERNES,5,MARZO,3,NO,"CONDUCE BAJO LA INFLUENCIA DE ALCOHOL, SUSTANCIAS ESTUPEFACIENTES O PSICOTROPICAS Y/O MEDICAMENTOS.",CHOQUE POSTERIOR,AUTOMOVIL,1,0,0,0,1,0,0,0,0,0,0,0,0,2,50,HOMBRE,ILESO,CONDUCTOR PRESENTE,NO,NO,1
26083,100797,100798,2021,0,0,-0.090945,-78.476083,PICHINCHA,QUITO,QUITO,URBANA,2021-03-26,23:00:00,23,VIERNES,5,MARZO,3,NO,"CONDUCE BAJO LA INFLUENCIA DE ALCOHOL, SUSTANCIAS ESTUPEFACIENTES O PSICOTROPICAS Y/O MEDICAMENTOS.",CHOQUE LATERAL,AUTOMOVIL,2,0,0,0,0,0,0,0,0,0,0,0,0,2,26,HOMBRE,ILESO,CONDUCTOR PRESENTE,NO,NO,1
26084,100798,100799,2021,0,1,0.046203,-78.208605,PICHINCHA,PEDRO MONCAYO,TABACUNDO,URBANA,2021-03-26,23:30:00,23,VIERNES,5,MARZO,3,NO,"PEATON TRANSITA BAJO INFLUENCIA DE ALCOHOL, SUSTANCIAS ESTUPEFACIENTES O PSICOTROPICAS Y/O MEDICAMENTOS.",ATROPELLOS,NO IDENTIFICADO,0,0,0,0,0,0,0,0,0,1,0,0,0,1,31,HOMBRE,FALLECIDO,PEATON,NO,SI,1
26085,100804,100805,2021,1,0,-0.304167,-78.542831,PICHINCHA,QUITO,QUITO,URBANA,2021-03-27,01:40:00,1,SABADO,6,MARZO,3,NO,"CONDUCE BAJO LA INFLUENCIA DE ALCOHOL, SUSTANCIAS ESTUPEFACIENTES O PSICOTROPICAS Y/O MEDICAMENTOS.",CHOQUE LATERAL,AUTOMOVIL,2,0,0,0,0,0,0,0,0,0,0,0,0,2,29,HOMBRE,LESIONADO,CONDUCTOR PRESENTE,NO,NO,1
26086,100806,100807,2021,0,0,-0.296264,-78.562505,PICHINCHA,QUITO,QUITO,URBANA,2021-03-27,02:15:00,2,SABADO,6,MARZO,3,NO,CONDUCIR VEHICULO SUPERANDO LOS LIMITES MAXIMOS DE VELOCIDAD.,PERDIDA DE CARRIL,MOTOCICLETA,0,0,0,0,0,0,0,0,1,0,0,0,0,1,20,HOMBRE,ILESO,PASAJERO,NO,NO,1
26087,100815,100816,2021,0,0,-0.256876,-78.542948,PICHINCHA,QUITO,QUITO,URBANA,2021-03-27,07:00:00,7,SABADO,6,MARZO,3,NO,NO GUARDAR LA DISTANCIA LATERAL MINIMA DE SEGURIDAD ENTRE VEHICULOS.,CHOQUE LATERAL,AUTOMOVIL,2,0,0,0,0,0,0,0,0,0,0,0,0,2,29,HOMBRE,ILESO,CONDUCTOR PRESENTE,NO,NO,1
26088,100819,100820,2021,1,0,-0.519295,-78.577022,PICHINCHA,MEJIA,ALOASI,RURAL,2021-03-27,08:30:00,8,SABADO,6,MARZO,3,NO,"CONDUCIR DESATENTO A LAS CONDICIONES DE TRANSITO (CELULAR, PANTALLAS DE VIDEO, COMIDA, MAQUILLAJE O CUALQUIER OTRO ELEMENTO DISTRACTOR).",ATROPELLOS,NO IDENTIFICADO,0,0,0,0,0,0,0,0,0,1,0,0,0,1,63,HOMBRE,LESIONADO,PEATON,NO,SI,3
26089,100824,100825,2021,2,0,-0.149645,-78.475892,PICHINCHA,QUITO,QUITO,URBANA,2021-03-27,11:50:00,11,SABADO,6,MARZO,3,NO,PEATON QUE CRUZA LA CALZADA SIN RESPETAR LA SENIALIZACION EXISTENTE (SEMAFOROS O SENIALES MANUALES).,ATROPELLOS,MOTOCICLETA,0,0,0,0,0,0,0,0,1,0,0,0,0,1,83,HOMBRE,LESIONADO,PEATON,NO,NO,1
26090,100828,100829,2021,2,0,-0.099083,-78.421844,PICHINCHA,QUITO,CALDERON (CARAPUNGO),RURAL,2021-03-27,12:30:00,12,SABADO,6,MARZO,3,NO,NO CEDER EL DERECHO DE VIA O PREFERENCIA DE PASO A VEHICULOS.,CHOQUE LATERAL,MOTOCICLETA,1,0,0,0,0,0,0,0,1,0,0,0,0,2,8,HOMBRE,LESIONADO,PASAJERO,NO,NO,3
26091,100842,100843,2021,2,0,-0.105373,-78.462381,PICHINCHA,QUITO,QUITO,RURAL,2021-03-27,18:20:00,18,SABADO,6,MARZO,3,NO,NO MANTENER LA DISTANCIA PRUDENCIAL CON RESPECTO AL VEHICULO QUE LE ANTECEDE.,CHOQUE POSTERIOR,AUTOMOVIL,1,0,0,0,0,0,0,0,1,0,0,0,0,2,22,MUJER,LESIONADO,PASAJERO,NO,NO,3
26092,100845,100846,2021,0,0,-0.108255,-78.461339,PICHINCHA,QUITO,CALDERON (CARAPUNGO),RURAL,2021-03-27,19:00:00,19,SABADO,6,MARZO,3,NO,"NO RESPETAR LAS SENIALES REGLAMENTARIAS DE TRANSITO. (PARE, CEDA EL PASO, LUZ ROJA DEL SEMAFORO, ETC).",ESTRELLAMIENTOS,FURGONETA,0,0,0,0,0,0,0,1,0,0,0,0,0,1,-1,NO IDENTIFICADO,NO IDENTIFICADO,CONDUCTOR AUSENTE,NO,NO,2
26093,100851,100852,2021,0,0,-0.126987,-78.494005,PICHINCHA,QUITO,QUITO,URBANA,2021-03-27,19:50:00,19,SABADO,6,MARZO,3,NO,CONDUCIR VEHICULO SUPERANDO LOS LIMITES MAXIMOS DE VELOCIDAD.,ESTRELLAMIENTOS,AUTOMOVIL,1,0,0,0,0,0,0,0,0,0,0,0,0,1,-1,NO IDENTIFICADO,NO IDENTIFICADO,CONDUCTOR AUSENTE,NO,NO,2
26094,100862,100863,2021,0,0,-0.206931,-78.425899,PICHINCHA,QUITO,CUMBAYA,RURAL,2021-03-27,21:40:00,21,SABADO,6,MARZO,3,NO,NO CEDER EL DERECHO DE VIA O PREFERENCIA DE PASO A VEHICULOS.,CHOQUE LATERAL,AUTOMOVIL,1,0,0,0,0,0,0,0,1,0,0,0,0,2,32,MUJER,ILESO,CONDUCTOR PRESENTE,NO,NO,3
26095,100863,100864,2021,1,0,-0.120424,-78.415686,PICHINCHA,QUITO,CALDERON (CARAPUNGO),RURAL,2021-03-27,21:45:00,21,SABADO,6,MARZO,3,NO,"CONDUCE BAJO LA INFLUENCIA DE ALCOHOL, SUSTANCIAS ESTUPEFACIENTES O PSICOTROPICAS Y/O MEDICAMENTOS.",ATROPELLOS,CAMIONETA,1,0,0,0,1,0,0,0,0,0,0,0,0,2,32,HOMBRE,LESIONADO,PEATON,NO,NO,3
26096,100876,100877,2021,0,0,-0.246355,-78.523338,PICHINCHA,QUITO,QUITO,URBANA,2021-03-28,02:00:00,2,DOMINGO,7,MARZO,3,NO,CONDUCIR VEHICULO SUPERANDO LOS LIMITES MAXIMOS DE VELOCIDAD.,ESTRELLAMIENTOS,AUTOMOVIL,1,0,0,0,0,0,0,0,0,0,0,0,0,1,-1,NO IDENTIFICADO,NO IDENTIFICADO,CONDUCTOR AUSENTE,NO,NO,2
26097,100878,100879,2021,0,0,-0.181995,-78.475521,PICHINCHA,QUITO,QUITO,URBANA,2021-03-28,02:40:00,2,DOMINGO,7,MARZO,3,NO,"NO RESPETAR LAS SENIALES REGLAMENTARIAS DE TRANSITO. (PARE, CEDA EL PASO, LUZ ROJA DEL SEMAFORO, ETC).",ESTRELLAMIENTOS,AUTOMOVIL,1,0,0,0,0,0,0,0,0,0,0,0,0,1,-1,NO IDENTIFICADO,NO IDENTIFICADO,CONDUCTOR AUSENTE,NO,NO,2
26098,100881,100882,2021,2,0,-0.166952,-78.486293,PICHINCHA,QUITO,QUITO,URBANA,2021-03-28,03:18:00,3,DOMINGO,7,MARZO,3,NO,CONDUCIR VEHICULO SUPERANDO LOS LIMITES MAXIMOS DE VELOCIDAD.,ESTRELLAMIENTOS,AUTOMOVIL,1,0,0,0,0,0,0,0,0,0,0,0,0,1,28,HOMBRE,LESIONADO,PASAJERO,NO,NO,1
26099,100886,100887,2021,0,2,-0.286226,-78.519067,PICHINCHA,QUITO,QUITO,URBANA,2021-03-28,04:00:00,4,DOMINGO,7,MARZO,3,NO,CONDUCIR VEHICULO SUPERANDO LOS LIMITES MAXIMOS DE VELOCIDAD.,VOLCAMIENTOS,MOTOCICLETA,0,0,0,0,0,0,0,0,1,0,0,0,0,1,24,HOMBRE,FALLECIDO,PASAJERO,NO,NO,1
26100,100891,100892,2021,0,0,-0.091585,-78.439052,PICHINCHA,QUITO,CALDERON (CARAPUNGO),RURAL,2021-03-28,05:10:00,5,DOMINGO,7,MARZO,3,NO,"NO RESPETAR LAS SENIALES REGLAMENTARIAS DE TRANSITO. (PARE, CEDA EL PASO, LUZ ROJA DEL SEMAFORO, ETC).",ESTRELLAMIENTOS,AUTOMOVIL,1,0,0,0,0,0,0,0,0,0,0,0,0,1,32,HOMBRE,ILESO,CONDUCTOR PRESENTE,NO,NO,3
26101,100893,100894,2021,0,0,-0.121236,-78.480158,PICHINCHA,QUITO,QUITO,URBANA,2021-03-28,05:30:00,5,DOMINGO,7,MARZO,3,NO,CONDUCIR VEHICULO SUPERANDO LOS LIMITES MAXIMOS DE VELOCIDAD.,ESTRELLAMIENTOS,CAMIONETA,0,0,0,0,1,0,0,0,0,0,0,0,0,1,-1,NO IDENTIFICADO,NO IDENTIFICADO,CONDUCTOR AUSENTE,NO,NO,2