,Unnamed: 0,ID,ANIO,LESIONADOS,FALLECIDOS,LATITUD_Y,LONGITUD_X,PROVINCIA,CANTON,PARROQUIA,ZONA,FECHA,HORA,PERIODO_2,DIA_1,DIA_2,MES_1,MES_2,FERIADO,CAUSA_PROBABLE,TIPO_DE_SINIESTRO,TIPO_DE_VEHICULO_1,AUTOMOVIL,BICICLETA,BUS,CAMION,CAMIONETA,EMERGENCIAS,ESPECIAL,FURGONETA,MOTOCICLETA,NO_IDENTIFICADO,SCOOTER_ELECTRICO,TRICIMOTO,VEHICULO_DEPORTIVO_UTILITARIO,SUMA_DE_VEHICULOS,EDAD_1,SEXO_1,CONDICION_1,PARTICIPANTE_1,CASCO_1,CINTURON_1,KMeans_Cluster
26102,100899,100900,2021,0,0,-0.073706,-78.580157,PICHINCHA,QUITO,NONO,RURAL,2021-03-28,08:40:00,8,DOMINGO,7,MARZO,3,NO,"NO RESPETAR LAS SENIALES REGLAMENTARIAS DE TRANSITO. (PARE, CEDA EL PASO, LUZ ROJA DEL SEMAFORO, ETC).",OTROS,AUTOMOVIL,1,0,0,0,0,0,0,0,0,0,0,0,0,1,-1,NO IDENTIFICADO,NO IDENTIFICADO,CONDUCTOR AUSENTE,NO,NO,2
26103,100901,100902,2021,0,0,-0.129197,-78.502316,PICHINCHA,QUITO,QUITO,URBANA,2021-03-28,09:25:00,9,DOMINGO,7,MARZO,3,NO,"NO RESPETAR LAS SENIALES REGLAMENTARIAS DE TRANSITO. (PARE, CEDA EL PASO, LUZ ROJA DEL SEMAFORO, ETC).",OTROS,MOTOCICLETA,0,0,0,0,0,0,0,0,1,0,0,0,0,1,-1,NO IDENTIFICADO,NO IDENTIFICADO,CONDUCTOR AUSENTE,NO,NO,2
26104,100905,100906,2021,1,0,-0.268032,-78.539401,PICHINCHA,QUITO,QUITO,URBANA,2021-03-28,11:30:00,11,DOMINGO,7,MARZO,3,NO,PEATON QUE CRUZA LA CALZADA SIN RESPETAR LA SENIALIZACION EXISTENTE (SEMAFOROS O SENIALES MANUALES).,ATROPELLOS,AUTOMOVIL,1,0,0,0,0,0,0,0,0,0,0,0,0,1,41,HOMBRE,LESIONADO,PEATON,NO,NO,1
26105,100908,100909,2021,0,0,-0.123011,-78.493947,PICHINCHA,QUITO,QUITO,URBANA,2021-03-28,12:20:00,12,DOMINGO,7,MARZO,3,NO,"NO RESPETAR LAS SENIALES REGLAMENTARIAS DE TRANSITO. (PARE, CEDA EL PASO, LUZ ROJA DEL SEMAFORO, ETC).",CHOQUE LATERAL,AUTOMOVIL,2,0,0,0,0,0,0,0,0,0,0,0,0,2,45,HOMBRE,ILESO,CONDUCTOR PRESENTE,NO,NO,1
26106,100911,100912,2021,2,0,-0.347751,-78.849916,PICHINCHA,MEJIA,MANUEL CORNEJO ASTORGA,RURAL,2021-03-28,14:10:00,14,DOMINGO,7,MARZO,3,NO,"CONDUCIR DESATENTO A LAS CONDICIONES DE TRANSITO (CELULAR, PANTALLAS DE VIDEO, COMIDA, MAQUILLAJE O CUALQUIER OTRO ELEMENTO DISTRACTOR).",PERDIDA DE PISTA,VEHICULO DEPORTIVO UTILITARIO,1,0,0,0,0,0,0,0,0,0,0,0,1,2,38,HOMBRE,LESIONADO,CONDUCTOR PRESENTE,NO,NO,3
26107,100917,100918,2021,2,0,-0.195946,-78.495031,PICHINCHA,QUITO,QUITO,URBANA,2021-03-28,16:47:00,16,DOMINGO,7,MARZO,3,NO,REALIZAR CAMBIO BRUSCO O INDEBIDO DE CARRIL.,CHOQUE LATERAL,MOTOCICLETA,1,0,0,0,0,0,0,0,1,0,0,0,0,2,22,MUJER,LESIONADO,PASAJERO,NO,NO,1
26108,100918,100919,2021,2,1,0.066598,-79.246931,PICHINCHA,PUERTO QUITO,PUERTO QUITO,RURAL,2021-03-28,17:00:00,17,DOMINGO,7,MARZO,3,NO,"CONDUCIR DESATENTO A LAS CONDICIONES DE TRANSITO (CELULAR, PANTALLAS DE VIDEO, COMIDA, MAQUILLAJE O CUALQUIER OTRO ELEMENTO DISTRACTOR).",CHOQUE FRONTAL,CAMION,0,0,0,2,0,0,0,0,0,0,0,0,0,2,31,HOMBRE,FALLECIDO,PASAJERO,NO,SI,3
26109,100920,100921,2021,0,0,-0.311021,-78.558628,PICHINCHA,QUITO,QUITO,URBANA,2021-03-28,17:10:00,17,DOMINGO,7,MARZO,3,NO,"CONDUCE BAJO LA INFLUENCIA DE ALCOHOL, SUSTANCIAS ESTUPEFACIENTES O PSICOTROPICAS Y/O MEDICAMENTOS.",CHOQUE LATERAL,AUTOMOVIL,2,0,0,0,0,0,0,0,0,0,0,0,0,2,55,HOMBRE,ILESO,CONDUCTOR PRESENTE,NO,NO,1
26110,100921,100922,2021,1,0,0.025335,-78.865371,PICHINCHA,SAN MIGUEL DE LOS BANCOS,SAN MIGUEL DE LOS BANCOS,RURAL,2021-03-28,17:30:00,17,DOMINGO,7,MARZO,3,NO,"CONDUCIR DESATENTO A LAS CONDICIONES DE TRANSITO (CELULAR, PANTALLAS DE VIDEO, COMIDA, MAQUILLAJE O CUALQUIER OTRO ELEMENTO DISTRACTOR).",CHOQUE FRONTAL,VEHICULO DEPORTIVO UTILITARIO,0,0,0,0,1,0,0,0,0,0,0,0,1,2,29,HOMBRE,LESIONADO,CONDUCTOR PRESENTE,NO,SI,3
26111,100922,100923,2021,1,0,-0.361661,-78.558048,PICHINCHA,MEJIA,CUTUGLAHUA,URBANA,2021-03-28,17:45:00,17,DOMINGO,7,MARZO,3,NO,"CONDUCIR DESATENTO A LAS CONDICIONES DE TRANSITO (CELULAR, PANTALLAS DE VIDEO, COMIDA, MAQUILLAJE O CUALQUIER OTRO ELEMENTO DISTRACTOR).",ATROPELLOS,AUTOMOVIL,1,0,0,0,0,0,0,0,0,0,0,0,0,1,7,HOMBRE,LESIONADO,PEATON,NO,SI,1
26112,100931,100932,2021,0,0,-0.348666,-78.848444,PICHINCHA,MEJIA,MANUEL CORNEJO ASTORGA,RURAL,2021-03-28,19:00:00,19,DOMINGO,7,MARZO,3,NO,"CASO FORTUITO O FUERZA MAYOR (EXPLOSION DE NEUMATICO NUEVO, DERRUMBE, INUNDACION, CAIDA DE PUENTE, ARBOL, PRESENCIA INTEMPESTIVA E IMPREVISTA DE SEMOVIENTES EN LA VIA, ETC.).",OTROS,CAMION,0,0,0,1,0,0,0,0,0,0,0,0,0,1,30,HOMBRE,ILESO,CONDUCTOR PRESENTE,NO,NO,3
26113,100937,100938,2021,0,0,-0.274321,-78.544261,PICHINCHA,QUITO,QUITO,URBANA,2021-03-28,20:05:00,20,DOMINGO,7,MARZO,3,NO,REALIZAR CAMBIO BRUSCO O INDEBIDO DE CARRIL.,ROZAMIENTOS,CAMIONETA,0,0,1,0,1,0,0,0,0,0,0,0,0,2,40,HOMBRE,ILESO,CONDUCTOR PRESENTE,NO,NO,1
26114,100940,100941,2021,0,1,-0.370051,-78.481584,PICHINCHA,QUITO,AMAGUANIA,URBANA,2021-03-28,20:20:00,20,DOMINGO,7,MARZO,3,NO,"CONDUCIR DESATENTO A LAS CONDICIONES DE TRANSITO (CELULAR, PANTALLAS DE VIDEO, COMIDA, MAQUILLAJE O CUALQUIER OTRO ELEMENTO DISTRACTOR).",CHOQUE FRONTAL,MOTOCICLETA,1,0,0,0,0,0,0,0,1,0,0,0,0,2,22,HOMBRE,FALLECIDO,CONDUCTOR PRESENTE,NO,SI,1
26115,100944,100945,2021,1,0,-0.189085,-78.511758,PICHINCHA,QUITO,QUITO,URBANA,2021-03-28,21:15:00,21,DOMINGO,7,MARZO,3,NO,"CONDUCE BAJO LA INFLUENCIA DE ALCOHOL, SUSTANCIAS ESTUPEFACIENTES O PSICOTROPICAS Y/O MEDICAMENTOS.",ESTRELLAMIENTOS,AUTOMOVIL,1,0,0,0,0,0,0,0,0,0,0,0,0,1,28,HOMBRE,LESIONADO,CONDUCTOR PRESENTE,NO,NO,1
26116,100958,100959,2021,0,0,-0.320658,-78.549568,PICHINCHA,QUITO,QUITO,URBANA,2021-03-29,01:30:00,1,LUNES,1,MARZO,3,NO,CONDUCIR VEHICULO SUPERANDO LOS LIMITES MAXIMOS DE VELOCIDAD.,OTROS,AUTOMOVIL,1,0,0,0,0,0,0,0,0,0,0,0,0,1,-1,NO IDENTIFICADO,NO IDENTIFICADO,CONDUCTOR AUSENTE,NO,NO,2
26117,100961,100962,2021,0,0,-0.320658,-78.549568,PICHINCHA,QUITO,QUITO,URBANA,2021-03-29,02:30:00,2,LUNES,1,MARZO,3,NO,CONDUCIR VEHICULO SUPERANDO LOS LIMITES MAXIMOS DE VELOCIDAD.,VOLCAMIENTOS,CAMIONETA,0,0,0,0,1,0,0,0,0,0,0,0,0,1,21,HOMBRE,ILESO,CONDUCTOR PRESENTE,NO,NO,1
26118,100963,100964,2021,0,0,-0.236372,-78.508331,PICHINCHA,QUITO,QUITO,URBANA,2021-03-29,04:30:00,4,LUNES,1,MARZO,3,NO,CONDUCIR EN SENTIDO CONTRARIO A LA VIA NORMAL DE CIRCULACION.,CHOQUE FRONTAL,CAMIONETA,1,0,0,0,1,0,0,0,0,0,0,0,0,2,28,HOMBRE,ILESO,CONDUCTOR PRESENTE,NO,NO,1
26119,100974,100975,2021,2,0,-0.254509,-78.503884,PICHINCHA,QUITO,QUITO,URBANA,2021-03-29,12:38:00,12,LUNES,1,MARZO,3,NO,NO MANTENER LA DISTANCIA PRUDENCIAL CON RESPECTO AL VEHICULO QUE LE ANTECEDE.,CHOQUE POSTERIOR,MOTOCICLETA,0,0,1,0,0,0,0,0,1,0,0,0,0,2,32,HOMBRE,LESIONADO,CONDUCTOR PRESENTE,NO,NO,1
26120,100978,100979,2021,1,0,-0.117009,-78.497277,PICHINCHA,QUITO,QUITO,URBANA,2021-03-29,14:30:00,14,LUNES,1,MARZO,3,NO,"NO RESPETAR LAS SENIALES REGLAMENTARIAS DE TRANSITO. (PARE, CEDA EL PASO, LUZ ROJA DEL SEMAFORO, ETC).",CHOQUE LATERAL,MOTOCICLETA,0,0,0,1,0,0,0,0,1,0,0,0,0,2,26,HOMBRE,LESIONADO,CONDUCTOR PRESENTE,NO,NO,1
26121,100984,100985,2021,1,0,-0.228097,-78.506915,PICHINCHA,QUITO,QUITO,URBANA,2021-03-29,15:30:00,15,LUNES,1,MARZO,3,NO,NO TRANSITAR POR LAS ACERAS O ZONAS DE SEGURIDAD DESTINADAS PARA EL EFECTO.,ATROPELLOS,CAMIONETA,0,0,0,0,1,0,0,0,0,0,0,0,0,1,30,HOMBRE,LESIONADO,PEATON,NO,NO,1
26122,101002,101003,2021,1,0,-0.162023,-78.318223,PICHINCHA,QUITO,YARUQUI,RURAL,2021-03-30,05:15:00,5,MARTES,2,MARZO,3,NO,NO GUARDAR LA DISTANCIA LATERAL MINIMA DE SEGURIDAD ENTRE VEHICULOS.,ROZAMIENTOS,MOTOCICLETA,0,0,0,0,0,0,0,0,1,1,0,0,0,2,22,HOMBRE,LESIONADO,CONDUCTOR PRESENTE,NO,NO,3
26123,101006,101007,2021,1,0,-0.106767,-78.441933,PICHINCHA,QUITO,CALDERON (CARAPUNGO),RURAL,2021-03-30,06:50:00,6,MARTES,2,MARZO,3,NO,"NO RESPETAR LAS SENIALES REGLAMENTARIAS DE TRANSITO. (PARE, CEDA EL PASO, LUZ ROJA DEL SEMAFORO, ETC).",CHOQUE LATERAL,AUTOMOVIL,1,0,0,0,0,0,0,0,1,0,0,0,0,2,36,HOMBRE,LESIONADO,CONDUCTOR PRESENTE,NO,NO,3
26124,101007,101008,2021,1,0,-0.292741,-78.476486,PICHINCHA,QUITO,CONOCOTO,RURAL,2021-03-30,07:45:00,7,MARTES,2,MARZO,3,NO,"CONDUCE BAJO LA INFLUENCIA DE ALCOHOL, SUSTANCIAS ESTUPEFACIENTES O PSICOTROPICAS Y/O MEDICAMENTOS.",CHOQUE POSTERIOR,CAMION,1,0,0,1,1,0,0,0,0,0,0,0,0,3,31,HOMBRE,LESIONADO,PASAJERO,NO,NO,3
26125,101013,101014,2021,0,0,-0.242463,-78.482784,PICHINCHA,QUITO,QUITO,URBANA,2021-03-30,09:23:00,9,MARTES,2,MARZO,3,NO,NO MANTENER LA DISTANCIA PRUDENCIAL CON RESPECTO AL VEHICULO QUE LE ANTECEDE.,COLISION,AUTOMOVIL,3,0,0,0,0,0,0,0,0,0,0,0,0,3,32,MUJER,ILESO,CONDUCTOR PRESENTE,NO,NO,1
26126,101020,101021,2021,0,0,-0.103576,-78.490194,PICHINCHA,QUITO,QUITO,URBANA,2021-03-30,15:05:00,15,MARTES,2,MARZO,3,NO,NO MANTENER LA DISTANCIA PRUDENCIAL CON RESPECTO AL VEHICULO QUE LE ANTECEDE.,COLISION,CAMION,2,0,0,1,0,0,0,0,0,0,0,0,0,3,28,HOMBRE,ILESO,CONDUCTOR PRESENTE,NO,NO,1
26127,101021,101022,2021,0,0,-0.156804,-78.496783,PICHINCHA,QUITO,QUITO,URBANA,2021-03-30,15:15:00,15,MARTES,2,MARZO,3,NO,NO MANTENER LA DISTANCIA PRUDENCIAL CON RESPECTO AL VEHICULO QUE LE ANTECEDE.,COLISION,FURGONETA,3,0,0,0,0,0,0,1,0,0,0,0,0,4,27,HOMBRE,ILESO,CONDUCTOR PRESENTE,NO,NO,1
26128,101028,101029,2021,2,0,-0.299815,-78.567305,PICHINCHA,QUITO,QUITO,URBANA,2021-03-30,16:40:00,16,MARTES,2,MARZO,3,NO,NO GUARDAR LA DISTANCIA LATERAL MINIMA DE SEGURIDAD ENTRE VEHICULOS.,CHOQUE LATERAL,BUS,0,0,1,0,0,0,0,0,0,1,0,0,0,2,21,HOMBRE,LESIONADO,PASAJERO,NO,NO,1
26129,101029,101030,2021,1,0,-0.129018,-78.484352,PICHINCHA,QUITO,QUITO,URBANA,2021-03-30,16:46:00,16,MARTES,2,MARZO,3,NO,PEATON QUE CRUZA LA CALZADA SIN RESPETAR LA SENIALIZACION EXISTENTE (SEMAFOROS O SENIALES MANUALES).,ATROPELLOS,AUTOMOVIL,1,0,0,0,0,0,0,0,0,0,0,0,0,1,54,MUJER,LESIONADO,PEATON,NO,NO,1
26130,101032,101033,2021,0,0,-0.210801,-78.503231,PICHINCHA,QUITO,QUITO,URBANA,2021-03-30,18:00:00,18,MARTES,2,MARZO,3,NO,NO GUARDAR LA DISTANCIA LATERAL MINIMA DE SEGURIDAD ENTRE VEHICULOS.,CHOQUE LATERAL,CAMION,1,0,0,1,0,0,0,0,0,0,0,0,0,2,25,MUJER,ILESO,PASAJERO,NO,NO,1
26131,101039,101040,2021,0,0,-0.203764,-78.502046,PICHINCHA,QUITO,QUITO,URBANA,2021-03-30,22:50:00,22,MARTES,2,MARZO,3,NO,NO CEDER EL DERECHO DE VIA O PREFERENCIA DE PASO A VEHICULOS.,CHOQUE LATERAL,AUTOMOVIL,2,0,0,0,0,0,0,0,0,0,0,0,0,2,44,HOMBRE,ILESO,CONDUCTOR PRESENTE,NO,NO,1
26132,101041,101042,2021,0,1,-0.259984,-78.530679,PICHINCHA,QUITO,QUITO,URBANA,2021-03-30,23:50:00,23,MARTES,2,MARZO,3,NO,CONDUCIR VEHICULO SUPERANDO LOS LIMITES MAXIMOS DE VELOCIDAD.,ESTRELLAMIENTOS,MOTOCICLETA,0,0,0,0,0,0,0,0,1,0,0,0,0,1,32,HOMBRE,FALLECIDO,CONDUCTOR PRESENTE,NO,NO,1
26133,101058,101059,2021,1,0,-0.438055,-78.712638,PICHINCHA,MEJIA,ALOAG,RURAL,2021-03-31,08:50:00,8,MIERCOLES,3,MARZO,3,NO,"CONDUCIR DESATENTO A LAS CONDICIONES DE TRANSITO (CELULAR, PANTALLAS DE VIDEO, COMIDA, MAQUILLAJE O CUALQUIER OTRO ELEMENTO DISTRACTOR).",PERDIDA DE PISTA,CAMION,0,0,0,1,0,0,0,0,0,0,0,0,0,1,-1,HOMBRE,LESIONADO,CONDUCTOR PRESENTE,NO,NO,3
26134,101060,101061,2021,1,0,-0.375037,-78.552284,PICHINCHA,MEJIA,CUTUGLAHUA,RURAL,2021-03-31,09:50:00,9,MIERCOLES,3,MARZO,3,NO,"CONDUCIR DESATENTO A LAS CONDICIONES DE TRANSITO (CELULAR, PANTALLAS DE VIDEO, COMIDA, MAQUILLAJE O CUALQUIER OTRO ELEMENTO DISTRACTOR).",ESTRELLAMIENTOS,CAMION,1,0,0,1,0,0,0,0,0,0,0,0,0,2,32,HOMBRE,LESIONADO,CONDUCTOR PRESENTE,NO,SI,3
26135,101061,101062,2021,1,0,-0.203827,-78.502028,PICHINCHA,QUITO,QUITO,RURAL,2021-03-31,10:00:00,10,MIERCOLES,3,MARZO,3,NO,NO GUARDAR LA DISTANCIA LATERAL MINIMA DE SEGURIDAD ENTRE VEHICULOS.,CHOQUE LATERAL,MOTOCICLETA,0,0,1,0,0,0,0,0,1,0,0,0,0,2,21,HOMBRE,LESIONADO,CONDUCTOR PRESENTE,NO,NO,3
26136,101063,101064,2021,2,0,-0.292724,-78.476486,PICHINCHA,QUITO,CONOCOTO,RURAL,2021-03-31,10:40:00,10,MIERCOLES,3,MARZO,3,NO,NO TRANSITAR POR LAS ACERAS O ZONAS DE SEGURIDAD DESTINADAS PARA EL EFECTO.,ATROPELLOS,MOTOCICLETA,0,0,0,0,0,0,0,0,1,0,0,0,0,1,12,HOMBRE,LESIONADO,PEATON,NO,NO,3
26137,101070,101071,2021,0,0,-0.301001,-78.556479,PICHINCHA,QUITO,QUITO,URBANA,2021-03-31,13:25:00,13,MIERCOLES,3,MARZO,3,NO,"CONDUCE BAJO LA INFLUENCIA DE ALCOHOL, SUSTANCIAS ESTUPEFACIENTES O PSICOTROPICAS Y/O MEDICAMENTOS.",CHOQUE POSTERIOR,FURGONETA,0,0,0,0,0,0,0,1,1,0,0,0,0,2,22,HOMBRE,ILESO,CONDUCTOR PRESENTE,NO,NO,1
26138,101073,101074,2021,0,0,-0.247335,-78.507031,PICHINCHA,QUITO,QUITO,URBANA,2021-03-31,13:50:00,13,MIERCOLES,3,MARZO,3,NO,REALIZAR CAMBIO BRUSCO O INDEBIDO DE CARRIL.,CHOQUE LATERAL,CAMIONETA,1,0,0,0,1,0,0,0,0,0,0,0,0,2,66,HOMBRE,ILESO,CONDUCTOR PRESENTE,NO,NO,1
26139,101082,101083,2021,0,0,-0.123662,-78.495509,PICHINCHA,QUITO,QUITO,URBANA,2021-03-31,18:30:00,18,MIERCOLES,3,MARZO,3,NO,CONDUCIR VEHICULO SUPERANDO LOS LIMITES MAXIMOS DE VELOCIDAD.,ATROPELLOS,AUTOMOVIL,1,0,0,0,1,0,0,0,0,0,0,0,0,2,44,HOMBRE,ILESO,PEATON,NO,NO,1
26140,101090,101091,2021,0,0,-0.199767,-78.428809,PICHINCHA,QUITO,CUMBAYA,RURAL,2021-03-31,22:00:00,22,MIERCOLES,3,MARZO,3,NO,CONDUCIR VEHICULO SUPERANDO LOS LIMITES MAXIMOS DE VELOCIDAD.,OTROS,AUTOMOVIL,3,0,0,0,0,0,0,0,0,0,0,0,0,3,28,MUJER,ILESO,CONDUCTOR PRESENTE,NO,NO,3
26141,101091,101092,2021,0,0,-0.314181,-78.562403,PICHINCHA,QUITO,QUITO,URBANA,2021-03-31,22:15:00,22,MIERCOLES,3,MARZO,3,NO,CONDUCIR VEHICULO SUPERANDO LOS LIMITES MAXIMOS DE VELOCIDAD.,ESTRELLAMIENTOS,AUTOMOVIL,1,0,0,0,0,0,0,0,0,0,0,0,0,1,-1,NO IDENTIFICADO,NO IDENTIFICADO,CONDUCTOR AUSENTE,NO,NO,2
26142,101092,101093,2021,0,0,-0.265899,-78.494931,PICHINCHA,QUITO,CONOCOTO,RURAL,2021-03-31,22:15:00,22,MIERCOLES,3,MARZO,3,NO,NO CEDER EL DERECHO DE VIA O PREFERENCIA DE PASO A VEHICULOS.,CHOQUE LATERAL,AUTOMOVIL,2,0,0,0,0,0,0,0,0,0,0,0,0,2,35,HOMBRE,ILESO,CONDUCTOR PRESENTE,NO,NO,3
26143,101093,101094,2021,0,0,-0.299621,-78.524243,PICHINCHA,QUITO,QUITO,URBANA,2021-03-31,23:00:00,23,MIERCOLES,3,MARZO,3,NO,CONDUCIR VEHICULO SUPERANDO LOS LIMITES MAXIMOS DE VELOCIDAD.,ESTRELLAMIENTOS,AUTOMOVIL,1,0,0,0,0,0,0,0,0,0,0,0,0,1,-1,NO IDENTIFICADO,NO IDENTIFICADO,CONDUCTOR AUSENTE,NO,NO,2
26144,101094,101095,2021,1,0,-0.294554,-78.451493,PICHINCHA,QUITO,ALANGASI,RURAL,2021-03-31,23:25:00,23,MIERCOLES,3,MARZO,3,NO,"CONDUCE BAJO LA INFLUENCIA DE ALCOHOL, SUSTANCIAS ESTUPEFACIENTES O PSICOTROPICAS Y/O MEDICAMENTOS.",CHOQUE LATERAL,MOTOCICLETA,0,0,0,0,1,0,0,0,1,0,0,0,0,2,24,HOMBRE,LESIONADO,CONDUCTOR PRESENTE,NO,NO,3
26145,101110,101111,2021,1,0,-0.273707,-78.537301,PICHINCHA,QUITO,QUITO,URBANA,2021-04-01,10:35:00,10,JUEVES,4,ABRIL,4,SI,PEATON QUE CRUZA LA CALZADA SIN RESPETAR LA SENIALIZACION EXISTENTE (SEMAFOROS O SENIALES MANUALES).,ATROPELLOS,CAMIONETA,0,0,0,0,1,0,0,0,0,0,0,0,0,1,20,HOMBRE,LESIONADO,PEATON,NO,NO,1
26146,101111,101112,2021,0,0,-0.242681,-78.475534,PICHINCHA,QUITO,QUITO,URBANA,2021-04-01,11:45:00,11,JUEVES,4,ABRIL,4,SI,NO MANTENER LA DISTANCIA PRUDENCIAL CON RESPECTO AL VEHICULO QUE LE ANTECEDE.,CHOQUE POSTERIOR,AUTOMOVIL,1,0,0,0,1,0,0,0,0,0,0,0,0,2,45,MUJER,ILESO,CONDUCTOR PRESENTE,NO,NO,1
26147,101113,101114,2021,1,0,-0.193486,-78.466591,PICHINCHA,QUITO,QUITO,RURAL,2021-04-01,12:30:00,12,JUEVES,4,ABRIL,4,SI,CONDUCIR VEHICULO SUPERANDO LOS LIMITES MAXIMOS DE VELOCIDAD.,PERDIDA DE CARRIL,AUTOMOVIL,1,0,0,0,0,0,0,0,0,0,0,0,0,1,50,HOMBRE,LESIONADO,CONDUCTOR PRESENTE,NO,NO,3
26148,101123,101124,2021,2,0,-0.213243,-78.403661,PICHINCHA,QUITO,TUMBACO,RURAL,2021-04-01,15:30:00,15,JUEVES,4,ABRIL,4,SI,"NO RESPETAR LAS SENIALES REGLAMENTARIAS DE TRANSITO. (PARE, CEDA EL PASO, LUZ ROJA DEL SEMAFORO, ETC).",CHOQUE LATERAL,MOTOCICLETA,1,0,0,0,0,0,0,0,1,0,0,0,0,2,23,HOMBRE,LESIONADO,CONDUCTOR PRESENTE,NO,NO,3
26149,101124,101125,2021,0,0,-0.303012,-78.551249,PICHINCHA,QUITO,QUITO,URBANA,2021-04-01,15:30:00,15,JUEVES,4,ABRIL,4,SI,"NO RESPETAR LAS SENIALES REGLAMENTARIAS DE TRANSITO. (PARE, CEDA EL PASO, LUZ ROJA DEL SEMAFORO, ETC).",CHOQUE LATERAL,AUTOMOVIL,2,0,0,0,0,0,0,0,0,0,0,0,0,2,36,HOMBRE,ILESO,CONDUCTOR PRESENTE,NO,NO,1
26150,101130,101131,2021,5,0,-0.206518,-78.494387,PICHINCHA,QUITO,QUITO,URBANA,2021-04-01,17:30:00,17,JUEVES,4,ABRIL,4,SI,NO GUARDAR LA DISTANCIA LATERAL MINIMA DE SEGURIDAD ENTRE VEHICULOS.,CHOQUE LATERAL,AUTOMOVIL,1,0,0,0,1,0,0,0,0,0,0,0,0,2,41,HOMBRE,LESIONADO,PASAJERO,NO,NO,1
26151,101135,101136,2021,3,0,-0.270751,-78.552615,PICHINCHA,QUITO,QUITO,URBANA,2021-04-01,18:35:00,18,JUEVES,4,ABRIL,4,SI,REALIZAR CAMBIO BRUSCO O INDEBIDO DE CARRIL.,CHOQUE LATERAL,MOTOCICLETA,0,0,0,0,0,0,0,0,2,0,0,0,0,2,47,MUJER,LESIONADO,PASAJERO,NO,NO,1
26152,101144,101145,2021,1,0,-0.064191,-78.352261,PICHINCHA,QUITO,GUAYLLABAMBA,RURAL,2021-04-02,00:06:00,0,VIERNES,5,ABRIL,4,SI,CONDUCIR VEHICULO SUPERANDO LOS LIMITES MAXIMOS DE VELOCIDAD.,ESTRELLAMIENTOS,AUTOMOVIL,1,0,0,0,0,0,0,0,0,0,0,0,0,1,24,HOMBRE,LESIONADO,PASAJERO,NO,NO,3
26153,101148,101149,2021,0,0,-0.261044,-78.538617,PICHINCHA,QUITO,QUITO,URBANA,2021-04-02,01:30:00,1,VIERNES,5,ABRIL,4,SI,REALIZAR CAMBIO BRUSCO O INDEBIDO DE CARRIL.,CHOQUE LATERAL,CAMIONETA,1,0,0,0,1,0,0,0,0,0,0,0,0,2,46,HOMBRE,ILESO,CONDUCTOR PRESENTE,NO,NO,1
26154,101149,101150,2021,0,1,-0.153527,-78.469551,PICHINCHA,QUITO,QUITO,URBANA,2021-04-02,01:40:00,1,VIERNES,5,ABRIL,4,SI,"CONDUCIR EN ESTADO DE SOMNOLENCIA O MALAS CONDICIONES FISICAS (SUENIO, CANSANCIO Y FATIGA).",VOLCAMIENTOS,MOTOCICLETA,0,0,0,0,0,0,0,0,1,0,0,0,0,1,21,HOMBRE,FALLECIDO,CONDUCTOR PRESENTE,NO,NO,1
26155,101152,101153,2021,2,0,-0.330721,-78.546113,PICHINCHA,QUITO,QUITO,URBANA,2021-04-02,03:00:00,3,VIERNES,5,ABRIL,4,SI,"CONDUCE BAJO LA INFLUENCIA DE ALCOHOL, SUSTANCIAS ESTUPEFACIENTES O PSICOTROPICAS Y/O MEDICAMENTOS.",CHOQUE LATERAL,AUTOMOVIL,1,0,0,0,0,0,0,0,1,0,0,0,0,2,56,HOMBRE,LESIONADO,CONDUCTOR PRESENTE,NO,NO,1
26156,101153,101154,2021,2,0,-0.277624,-78.531251,PICHINCHA,QUITO,QUITO,URBANA,2021-04-02,03:00:00,3,VIERNES,5,ABRIL,4,SI,"NO RESPETAR LAS SENIALES REGLAMENTARIAS DE TRANSITO. (PARE, CEDA EL PASO, LUZ ROJA DEL SEMAFORO, ETC).",CHOQUE LATERAL,MOTOCICLETA,0,0,0,0,1,0,0,0,1,0,0,0,0,2,50,MUJER,LESIONADO,PASAJERO,NO,NO,1
26157,101169,101170,2021,3,0,-0.033731,-78.446066,PICHINCHA,QUITO,POMASQUI,RURAL,2021-04-02,12:30:00,12,VIERNES,5,ABRIL,4,SI,NO CEDER EL DERECHO DE VIA O PREFERENCIA DE PASO A VEHICULOS.,CHOQUE LATERAL,MOTOCICLETA,0,0,0,0,0,0,0,0,2,0,0,0,0,2,27,MUJER,LESIONADO,PASAJERO,NO,NO,3
26158,101173,101174,2021,0,0,-0.272471,-78.527623,PICHINCHA,QUITO,QUITO,URBANA,2021-04-02,14:05:00,14,VIERNES,5,ABRIL,4,SI,"FALLA MECANICA EN LOS SISTEMAS Y/O NEUMATICOS (SISTEMA DE FRENOS, DIRECCION, ELECTRONICO O MECANICO).",OTROS,AUTOMOVIL,3,0,1,0,1,0,0,0,0,0,0,0,0,5,47,HOMBRE,ILESO,CONDUCTOR PRESENTE,NO,NO,1