,Unnamed: 0,ID,ANIO,LESIONADOS,FALLECIDOS,LATITUD_Y,LONGITUD_X,PROVINCIA,CANTON,PARROQUIA,ZONA,FECHA,HORA,PERIODO_2,DIA_1,DIA_2,MES_1,MES_2,FERIADO,CAUSA_PROBABLE,TIPO_DE_SINIESTRO,TIPO_DE_VEHICULO_1,AUTOMOVIL,BICICLETA,BUS,CAMION,CAMIONETA,EMERGENCIAS,ESPECIAL,FURGONETA,MOTOCICLETA,NO_IDENTIFICADO,SCOOTER_ELECTRICO,TRICIMOTO,VEHICULO_DEPORTIVO_UTILITARIO,SUMA_DE_VEHICULOS,EDAD_1,SEXO_1,CONDICION_1,PARTICIPANTE_1,CASCO_1,CINTURON_1,KMeans_Cluster
26159,101174,101175,2021,2,0,-0.254778,-78.503686,PICHINCHA,QUITO,QUITO,URBANA,2021-04-02,14:24:00,14,VIERNES,5,ABRIL,4,SI,CONDUCIR VEHICULO SUPERANDO LOS LIMITES MAXIMOS DE VELOCIDAD.,CHOQUE POSTERIOR,AUTOMOVIL,1,0,0,0,0,0,0,0,0,1,0,0,0,2,26,MUJER,LESIONADO,PASAJERO,NO,NO,1
26160,101178,101179,2021,1,0,-0.136172,-78.470287,PICHINCHA,QUITO,QUITO,URBANA,2021-04-02,16:10:00,16,VIERNES,5,ABRIL,4,SI,NO CEDER EL DERECHO DE VIA O PREFERENCIA DE PASO A VEHICULOS.,CHOQUE LATERAL,AUTOMOVIL,1,0,0,0,0,0,0,0,1,0,0,0,0,2,28,HOMBRE,LESIONADO,CONDUCTOR PRESENTE,NO,NO,1
26161,101204,101205,2021,0,0,-0.305041,-78.565654,PICHINCHA,QUITO,QUITO,URBANA,2021-04-03,12:10:00,12,SABADO,6,ABRIL,4,SI,"NO RESPETAR LAS SENIALES REGLAMENTARIAS DE TRANSITO. (PARE, CEDA EL PASO, LUZ ROJA DEL SEMAFORO, ETC).",CHOQUE LATERAL,AUTOMOVIL,2,0,0,0,0,0,0,0,0,0,0,0,0,2,38,HOMBRE,ILESO,PASAJERO,NO,NO,1
26162,101205,101206,2021,0,0,-0.310754,-78.451666,PICHINCHA,RUMINIAHUI,SANGOLQUI,URBANA,2021-04-03,12:15:00,12,SABADO,6,ABRIL,4,SI,CONDUCIR VEHICULO SUPERANDO LOS LIMITES MAXIMOS DE VELOCIDAD.,COLISION,CAMIONETA,0,0,0,2,1,0,0,0,0,0,0,0,0,3,30,HOMBRE,ILESO,CONDUCTOR PRESENTE,NO,SI,1
26163,101207,101208,2021,1,0,-0.338992,-78.445873,PICHINCHA,RUMINIAHUI,SANGOLQUI,URBANA,2021-04-03,12:30:00,12,SABADO,6,ABRIL,4,SI,NO TRANSITAR POR LAS ACERAS O ZONAS DE SEGURIDAD DESTINADAS PARA EL EFECTO.,ARROLLAMIENTOS,VEHICULO DEPORTIVO UTILITARIO,0,0,0,0,0,0,0,0,0,0,0,0,1,1,19,HOMBRE,LESIONADO,PEATON,NO,SI,1
26164,101224,101225,2021,1,0,-0.091273,-78.473221,PICHINCHA,QUITO,QUITO,URBANA,2021-04-03,19:45:00,19,SABADO,6,ABRIL,4,SI,"CONDUCE BAJO LA INFLUENCIA DE ALCOHOL, SUSTANCIAS ESTUPEFACIENTES O PSICOTROPICAS Y/O MEDICAMENTOS.",CHOQUE POSTERIOR,AUTOMOVIL,1,0,0,0,1,0,0,0,0,0,0,0,0,2,42,MUJER,LESIONADO,PASAJERO,NO,NO,1
26165,101225,101226,2021,0,0,-0.236129,-78.526758,PICHINCHA,QUITO,QUITO,URBANA,2021-04-03,20:00:00,20,SABADO,6,ABRIL,4,SI,NO MANTENER LA DISTANCIA PRUDENCIAL CON RESPECTO AL VEHICULO QUE LE ANTECEDE.,COLISION,AUTOMOVIL,1,0,0,0,0,0,0,1,0,1,0,0,0,3,49,HOMBRE,ILESO,CONDUCTOR PRESENTE,NO,NO,1
26166,101238,101239,2021,0,0,-0.279161,-78.542889,PICHINCHA,QUITO,QUITO,URBANA,2021-04-04,01:50:00,1,DOMINGO,7,ABRIL,4,SI,"NO RESPETAR LAS SENIALES REGLAMENTARIAS DE TRANSITO. (PARE, CEDA EL PASO, LUZ ROJA DEL SEMAFORO, ETC).",OTROS,FURGONETA,0,0,0,0,1,0,0,1,0,0,0,0,0,2,31,HOMBRE,ILESO,CONDUCTOR PRESENTE,NO,NO,1
26167,101240,101241,2021,2,3,-0.272977,-78.529361,PICHINCHA,QUITO,QUITO,URBANA,2021-04-04,05:00:00,5,DOMINGO,7,ABRIL,4,SI,CONDUCIR VEHICULO SUPERANDO LOS LIMITES MAXIMOS DE VELOCIDAD.,ESTRELLAMIENTOS,BUS,0,0,1,0,0,0,0,0,0,0,0,0,0,1,74,MUJER,FALLECIDO,PASAJERO,NO,NO,1
26168,101254,101255,2021,0,0,-0.182247,-78.505673,PICHINCHA,QUITO,QUITO,URBANA,2021-04-04,15:40:00,15,DOMINGO,7,ABRIL,4,SI,CONDUCIR VEHICULO SUPERANDO LOS LIMITES MAXIMOS DE VELOCIDAD.,VOLCAMIENTOS,AUTOMOVIL,1,0,0,0,0,0,0,0,0,0,0,0,0,1,30,HOMBRE,ILESO,PASAJERO,NO,NO,1
26169,101268,101269,2021,1,1,-0.271025,-78.507983,PICHINCHA,QUITO,QUITO,URBANA,2021-04-04,20:30:00,20,DOMINGO,7,ABRIL,4,SI,"CONDUCE BAJO LA INFLUENCIA DE ALCOHOL, SUSTANCIAS ESTUPEFACIENTES O PSICOTROPICAS Y/O MEDICAMENTOS.",ESTRELLAMIENTOS,CAMIONETA,2,0,0,0,1,0,0,0,0,0,0,0,0,3,2,HOMBRE,FALLECIDO,PASAJERO,NO,NO,1
26170,101273,101274,2021,2,0,-0.096249,-78.423085,PICHINCHA,QUITO,CALDERON (CARAPUNGO),RURAL,2021-04-04,21:50:00,21,DOMINGO,7,ABRIL,4,SI,NO GUARDAR LA DISTANCIA LATERAL MINIMA DE SEGURIDAD ENTRE VEHICULOS.,CHOQUE LATERAL,MOTOCICLETA,0,0,0,0,0,0,0,0,1,1,0,0,0,2,22,MUJER,LESIONADO,PASAJERO,NO,NO,3
26171,101275,101276,2021,0,1,-0.328479,-78.522294,PICHINCHA,QUITO,QUITO,URBANA,2021-04-04,22:20:00,22,DOMINGO,7,ABRIL,4,SI,"CONDICIONES AMBIENTALES Y/O ATMOSFERICAS (NIEBLA, NEBLINA, GRANIZO, LLUVIA).",ESTRELLAMIENTOS,AUTOMOVIL,1,0,0,0,0,0,0,0,0,0,0,0,0,1,26,HOMBRE,FALLECIDO,CONDUCTOR PRESENTE,NO,NO,1
26172,101277,101278,2021,0,0,-0.161208,-78.495838,PICHINCHA,QUITO,QUITO,URBANA,2021-04-04,23:30:00,23,DOMINGO,7,ABRIL,4,SI,"NO RESPETAR LAS SENIALES REGLAMENTARIAS DE TRANSITO. (PARE, CEDA EL PASO, LUZ ROJA DEL SEMAFORO, ETC).",ESTRELLAMIENTOS,FURGONETA,0,0,0,0,0,0,0,1,0,0,0,0,0,1,-1,NO IDENTIFICADO,NO IDENTIFICADO,CONDUCTOR AUSENTE,NO,NO,2
26173,101283,101284,2021,2,0,-0.304167,-78.542831,PICHINCHA,QUITO,QUITO,URBANA,2021-04-05,06:20:00,6,LUNES,1,ABRIL,4,NO,"CONDUCE BAJO LA INFLUENCIA DE ALCOHOL, SUSTANCIAS ESTUPEFACIENTES O PSICOTROPICAS Y/O MEDICAMENTOS.",COLISION,BUS,2,0,1,0,0,0,0,0,0,0,0,0,0,3,48,MUJER,LESIONADO,PASAJERO,NO,NO,1
26174,101293,101294,2021,1,0,-0.211464,-78.419122,PICHINCHA,QUITO,TUMBACO,RURAL,2021-04-05,11:20:00,11,LUNES,1,ABRIL,4,NO,CONDUCIR VEHICULO SUPERANDO LOS LIMITES MAXIMOS DE VELOCIDAD.,PERDIDA DE CARRIL,MOTOCICLETA,0,0,0,0,0,0,0,0,1,0,0,0,0,1,25,HOMBRE,LESIONADO,CONDUCTOR PRESENTE,NO,NO,3
26175,101299,101300,2021,0,0,-0.088884,-78.439915,PICHINCHA,QUITO,CALDERON (CARAPUNGO),RURAL,2021-04-05,15:00:00,15,LUNES,1,ABRIL,4,NO,"NO RESPETAR LAS SENIALES REGLAMENTARIAS DE TRANSITO. (PARE, CEDA EL PASO, LUZ ROJA DEL SEMAFORO, ETC).",OTROS,MOTOCICLETA,0,0,0,0,0,0,0,0,1,0,0,0,0,1,-1,NO IDENTIFICADO,NO IDENTIFICADO,CONDUCTOR AUSENTE,NO,NO,2
26176,101303,101304,2021,1,0,-0.184996,-78.507398,PICHINCHA,QUITO,QUITO,URBANA,2021-04-05,16:05:00,16,LUNES,1,ABRIL,4,NO,"NO RESPETAR LAS SENIALES REGLAMENTARIAS DE TRANSITO. (PARE, CEDA EL PASO, LUZ ROJA DEL SEMAFORO, ETC).",CHOQUE LATERAL,AUTOMOVIL,1,0,0,0,0,0,0,0,1,0,0,0,0,2,20,HOMBRE,LESIONADO,CONDUCTOR PRESENTE,NO,NO,1
26177,101314,101315,2021,0,0,-0.282438,-78.543773,PICHINCHA,QUITO,QUITO,URBANA,2021-04-05,20:30:00,20,LUNES,1,ABRIL,4,NO,NO MANTENER LA DISTANCIA PRUDENCIAL CON RESPECTO AL VEHICULO QUE LE ANTECEDE.,CHOQUE POSTERIOR,AUTOMOVIL,1,0,0,0,1,0,0,0,0,0,0,0,0,2,36,HOMBRE,ILESO,CONDUCTOR PRESENTE,NO,NO,1
26178,101324,101325,2021,2,0,-0.395853,-78.528614,PICHINCHA,MEJIA,UYUMBICHO,RURAL,2021-04-06,09:00:00,9,MARTES,2,ABRIL,4,NO,DANIOS MECANICOS PREVISIBLES.,CHOQUE POSTERIOR,CAMION,0,0,0,3,0,0,1,0,0,0,0,0,0,4,0,HOMBRE,LESIONADO,PASAJERO,NO,SI,3
26179,101327,101328,2021,1,0,-0.154927,-78.479961,PICHINCHA,QUITO,QUITO,URBANA,2021-04-06,10:29:00,10,MARTES,2,ABRIL,4,NO,NO MANTENER LA DISTANCIA PRUDENCIAL CON RESPECTO AL VEHICULO QUE LE ANTECEDE.,CHOQUE POSTERIOR,AUTOMOVIL,1,0,0,0,0,0,0,0,1,0,0,0,0,2,24,HOMBRE,LESIONADO,CONDUCTOR PRESENTE,NO,NO,1
26180,101329,101330,2021,0,0,-0.279165,-78.542854,PICHINCHA,QUITO,QUITO,URBANA,2021-04-06,11:25:00,11,MARTES,2,ABRIL,4,NO,REALIZAR CAMBIO BRUSCO O INDEBIDO DE CARRIL.,ROZAMIENTOS,BUS,1,0,1,0,0,0,0,0,0,0,0,0,0,2,30,HOMBRE,ILESO,CONDUCTOR PRESENTE,NO,NO,1
26181,101333,101334,2021,0,0,-0.231386,-78.491361,PICHINCHA,QUITO,QUITO,URBANA,2021-04-06,12:55:00,12,MARTES,2,ABRIL,4,NO,NO MANTENER LA DISTANCIA PRUDENCIAL CON RESPECTO AL VEHICULO QUE LE ANTECEDE.,CHOQUE POSTERIOR,FURGONETA,0,0,1,0,0,0,0,1,0,0,0,0,0,2,36,HOMBRE,ILESO,CONDUCTOR PRESENTE,NO,NO,1
26182,101335,101336,2021,0,0,-0.155751,-78.488556,PICHINCHA,QUITO,QUITO,URBANA,2021-04-06,13:35:00,13,MARTES,2,ABRIL,4,NO,NO GUARDAR LA DISTANCIA LATERAL MINIMA DE SEGURIDAD ENTRE VEHICULOS.,CHOQUE LATERAL,FURGONETA,0,0,0,0,0,0,0,2,0,0,0,0,0,2,49,MUJER,ILESO,PASAJERO,NO,NO,1
26183,101345,101346,2021,0,0,-0.180478,-78.504819,PICHINCHA,QUITO,QUITO,URBANA,2021-04-06,15:10:00,15,MARTES,2,ABRIL,4,NO,NO CEDER EL DERECHO DE VIA O PREFERENCIA DE PASO A VEHICULOS.,CHOQUE LATERAL,CAMIONETA,1,0,0,0,1,0,0,0,0,0,0,0,0,2,29,HOMBRE,ILESO,CONDUCTOR PRESENTE,NO,NO,1
26184,101356,101357,2021,1,0,-0.277334,-78.546535,PICHINCHA,QUITO,QUITO,URBANA,2021-04-06,19:15:00,19,MARTES,2,ABRIL,4,NO,"CONDUCE BAJO LA INFLUENCIA DE ALCOHOL, SUSTANCIAS ESTUPEFACIENTES O PSICOTROPICAS Y/O MEDICAMENTOS.",CHOQUE POSTERIOR,MOTOCICLETA,1,0,0,0,0,0,0,0,1,0,0,0,0,2,34,MUJER,LESIONADO,CONDUCTOR PRESENTE,NO,NO,1
26185,101373,101374,2021,0,0,-0.329962,-78.576631,PICHINCHA,QUITO,QUITO,URBANA,2021-04-07,10:20:00,10,MIERCOLES,3,ABRIL,4,NO,CONDUCIR VEHICULO SUPERANDO LOS LIMITES MAXIMOS DE VELOCIDAD.,ESTRELLAMIENTOS,CAMIONETA,0,0,0,0,1,0,0,0,0,0,0,0,0,1,-1,NO IDENTIFICADO,NO IDENTIFICADO,CONDUCTOR AUSENTE,NO,NO,2
26186,101386,101387,2021,1,0,-0.232254,-78.505317,PICHINCHA,QUITO,QUITO,URBANA,2021-04-07,17:00:00,17,MIERCOLES,3,ABRIL,4,NO,BAJARSE O SUBIRSE DE VEHICULOS EN MOVIMIENTO SIN TOMAR LAS PRECAUCIONES DEBIDAS.,CAIDA DE PASAJERO,BUS,0,0,1,0,0,0,0,0,0,0,0,0,0,1,62,MUJER,LESIONADO,PASAJERO,NO,NO,1
26187,101388,101389,2021,2,0,-0.279841,-78.560151,PICHINCHA,QUITO,QUITO,URBANA,2021-04-07,18:05:00,18,MIERCOLES,3,ABRIL,4,NO,"NO RESPETAR LAS SENIALES REGLAMENTARIAS DE TRANSITO. (PARE, CEDA EL PASO, LUZ ROJA DEL SEMAFORO, ETC).",CHOQUE LATERAL,MOTOCICLETA,0,0,0,0,0,0,0,0,1,1,0,0,0,2,20,MUJER,LESIONADO,PASAJERO,NO,NO,1
26188,101393,101394,2021,0,0,-0.281094,-78.544818,PICHINCHA,QUITO,QUITO,URBANA,2021-04-07,20:00:00,20,MIERCOLES,3,ABRIL,4,NO,CONDUCIR VEHICULO SUPERANDO LOS LIMITES MAXIMOS DE VELOCIDAD.,OTROS,CAMIONETA,0,0,0,0,1,0,0,0,0,0,0,0,0,1,-1,NO IDENTIFICADO,NO IDENTIFICADO,CONDUCTOR AUSENTE,NO,NO,2
26189,101399,101400,2021,3,0,-0.320395,-78.557079,PICHINCHA,QUITO,QUITO,URBANA,2021-04-08,05:00:00,5,JUEVES,4,ABRIL,4,NO,NO MANTENER LA DISTANCIA PRUDENCIAL CON RESPECTO AL VEHICULO QUE LE ANTECEDE.,CHOQUE POSTERIOR,AUTOMOVIL,1,0,0,0,0,0,0,0,0,1,0,0,0,2,15,MUJER,LESIONADO,PASAJERO,NO,NO,1
26190,101411,101412,2021,1,0,-0.219278,-78.499751,PICHINCHA,QUITO,QUITO,URBANA,2021-04-08,10:30:00,10,JUEVES,4,ABRIL,4,NO,NO CEDER EL DERECHO DE VIA O PREFERENCIA DE PASO AL PEATON.,ATROPELLOS,AUTOMOVIL,1,0,0,0,0,0,0,0,0,0,0,0,0,1,28,HOMBRE,LESIONADO,PEATON,NO,NO,1
26191,101412,101413,2021,2,0,-0.285559,-78.543247,PICHINCHA,QUITO,QUITO,URBANA,2021-04-08,11:40:00,11,JUEVES,4,ABRIL,4,NO,"NO RESPETAR LAS SENIALES REGLAMENTARIAS DE TRANSITO. (PARE, CEDA EL PASO, LUZ ROJA DEL SEMAFORO, ETC).",OTROS,MOTOCICLETA,0,0,0,0,0,0,0,0,1,0,0,0,0,1,40,HOMBRE,LESIONADO,PASAJERO,NO,NO,1
26192,101419,101420,2021,1,0,-0.114905,-78.479211,PICHINCHA,QUITO,QUITO,URBANA,2021-04-08,14:45:00,14,JUEVES,4,ABRIL,4,NO,NO TRANSITAR POR LAS ACERAS O ZONAS DE SEGURIDAD DESTINADAS PARA EL EFECTO.,ATROPELLOS,AUTOMOVIL,1,0,0,0,0,0,0,0,0,0,0,0,0,1,39,HOMBRE,LESIONADO,PEATON,NO,NO,1
26193,101423,101424,2021,2,0,-0.099083,-78.421844,PICHINCHA,QUITO,CALDERON (CARAPUNGO),RURAL,2021-04-08,16:17:00,16,JUEVES,4,ABRIL,4,NO,"NO RESPETAR LAS SENIALES REGLAMENTARIAS DE TRANSITO. (PARE, CEDA EL PASO, LUZ ROJA DEL SEMAFORO, ETC).",CHOQUE LATERAL,FURGONETA,0,0,0,0,1,0,0,1,0,0,0,0,0,2,24,MUJER,LESIONADO,PASAJERO,NO,NO,3
26194,101425,101426,2021,0,0,-0.347596,-78.451892,PICHINCHA,RUMINIAHUI,SANGOLQUI,URBANA,2021-04-08,17:30:00,17,JUEVES,4,ABRIL,4,NO,"CONDUCIR DESATENTO A LAS CONDICIONES DE TRANSITO (CELULAR, PANTALLAS DE VIDEO, COMIDA, MAQUILLAJE O CUALQUIER OTRO ELEMENTO DISTRACTOR).",ESTRELLAMIENTOS,CAMION,0,0,0,1,0,0,0,0,0,0,0,0,0,1,50,HOMBRE,ILESO,CONDUCTOR PRESENTE,NO,SI,1
26195,101432,101433,2021,0,0,-0.202902,-78.491045,PICHINCHA,QUITO,QUITO,URBANA,2021-04-08,18:50:00,18,JUEVES,4,ABRIL,4,NO,"NO RESPETAR LAS SENIALES REGLAMENTARIAS DE TRANSITO. (PARE, CEDA EL PASO, LUZ ROJA DEL SEMAFORO, ETC).",CHOQUE LATERAL,AUTOMOVIL,2,0,0,0,0,0,0,0,0,0,0,0,0,2,35,HOMBRE,ILESO,CONDUCTOR PRESENTE,NO,NO,1
26196,101433,101434,2021,0,0,-0.236129,-78.526758,PICHINCHA,QUITO,QUITO,URBANA,2021-04-08,18:55:00,18,JUEVES,4,ABRIL,4,NO,"CONDUCE BAJO LA INFLUENCIA DE ALCOHOL, SUSTANCIAS ESTUPEFACIENTES O PSICOTROPICAS Y/O MEDICAMENTOS.",CHOQUE POSTERIOR,AUTOMOVIL,2,0,0,0,0,0,0,0,0,0,0,0,0,2,32,HOMBRE,ILESO,CONDUCTOR PRESENTE,NO,NO,1
26197,101436,101437,2021,0,0,-0.191402,-78.454921,PICHINCHA,QUITO,QUITO,RURAL,2021-04-08,19:10:00,19,JUEVES,4,ABRIL,4,NO,CONDUCIR VEHICULO SUPERANDO LOS LIMITES MAXIMOS DE VELOCIDAD.,OTROS,AUTOMOVIL,2,0,0,0,0,0,0,0,0,0,0,0,0,2,25,HOMBRE,ILESO,CONDUCTOR PRESENTE,NO,NO,3
26198,101437,101438,2021,1,0,-0.285382,-78.536795,PICHINCHA,QUITO,QUITO,URBANA,2021-04-08,19:10:00,19,JUEVES,4,ABRIL,4,NO,NO CEDER EL DERECHO DE VIA O PREFERENCIA DE PASO AL PEATON.,ATROPELLOS,MOTOCICLETA,0,0,0,0,0,0,0,0,1,0,0,0,0,1,46,HOMBRE,LESIONADO,PEATON,NO,NO,1
26199,101443,101444,2021,0,0,-0.219813,-78.520376,PICHINCHA,QUITO,QUITO,URBANA,2021-04-08,20:15:00,20,JUEVES,4,ABRIL,4,NO,CONDUCIR VEHICULO SUPERANDO LOS LIMITES MAXIMOS DE VELOCIDAD.,ESTRELLAMIENTOS,AUTOMOVIL,1,0,0,0,0,0,0,0,0,1,0,0,0,2,35,HOMBRE,ILESO,CONDUCTOR PRESENTE,NO,NO,1
26200,101447,101448,2021,1,0,-0.297762,-78.550301,PICHINCHA,QUITO,QUITO,URBANA,2021-04-08,20:30:00,20,JUEVES,4,ABRIL,4,NO,"NO RESPETAR LAS SENIALES REGLAMENTARIAS DE TRANSITO. (PARE, CEDA EL PASO, LUZ ROJA DEL SEMAFORO, ETC).",VOLCAMIENTOS,CAMIONETA,0,0,0,0,1,0,0,0,0,0,0,0,0,1,21,MUJER,LESIONADO,PASAJERO,NO,NO,1
26201,101469,101470,2021,0,0,-0.230942,-78.484611,PICHINCHA,QUITO,QUITO,URBANA,2021-04-09,14:01:00,14,VIERNES,5,ABRIL,4,NO,NO CEDER EL DERECHO DE VIA O PREFERENCIA DE PASO A VEHICULOS.,CHOQUE LATERAL,BUS,1,0,1,0,0,0,0,0,0,0,0,0,0,2,49,HOMBRE,ILESO,CONDUCTOR PRESENTE,NO,NO,1
26202,101471,101472,2021,0,0,-0.198166,-78.489199,PICHINCHA,QUITO,QUITO,URBANA,2021-04-09,15:25:00,15,VIERNES,5,ABRIL,4,NO,"NO RESPETAR LAS SENIALES REGLAMENTARIAS DE TRANSITO. (PARE, CEDA EL PASO, LUZ ROJA DEL SEMAFORO, ETC).",CHOQUE LATERAL,BUS,1,0,1,0,0,0,0,0,0,0,0,0,0,2,21,HOMBRE,ILESO,CONDUCTOR PRESENTE,NO,NO,1
26203,101473,101474,2021,0,0,-0.192809,-78.453191,PICHINCHA,QUITO,QUITO,URBANA,2021-04-09,15:45:00,15,VIERNES,5,ABRIL,4,NO,NO CEDER EL DERECHO DE VIA O PREFERENCIA DE PASO A VEHICULOS.,CHOQUE LATERAL,AUTOMOVIL,2,0,0,0,0,0,0,0,0,0,0,0,0,2,43,HOMBRE,ILESO,CONDUCTOR PRESENTE,NO,NO,1
26204,101479,101480,2021,0,0,-0.210051,-78.457253,PICHINCHA,QUITO,CUMBAYA,RURAL,2021-04-09,17:10:00,17,VIERNES,5,ABRIL,4,NO,CONDUCIR VEHICULO SUPERANDO LOS LIMITES MAXIMOS DE VELOCIDAD.,PERDIDA DE CARRIL,AUTOMOVIL,1,0,0,0,0,0,0,0,0,0,0,0,0,1,44,HOMBRE,ILESO,CONDUCTOR PRESENTE,NO,NO,3
26205,101480,101481,2021,2,0,-0.315658,-78.552061,PICHINCHA,QUITO,QUITO,URBANA,2021-04-09,17:30:00,17,VIERNES,5,ABRIL,4,NO,NO GUARDAR LA DISTANCIA LATERAL MINIMA DE SEGURIDAD ENTRE VEHICULOS.,CHOQUE LATERAL,AUTOMOVIL,1,0,0,0,0,0,0,0,1,0,0,0,0,2,30,HOMBRE,LESIONADO,PASAJERO,NO,NO,1
26206,101481,101482,2021,0,0,-0.117774,-78.455011,PICHINCHA,QUITO,QUITO,RURAL,2021-04-09,17:38:00,17,VIERNES,5,ABRIL,4,NO,CONDUCIR VEHICULO SUPERANDO LOS LIMITES MAXIMOS DE VELOCIDAD.,ESTRELLAMIENTOS,CAMION,0,0,0,1,0,0,0,0,0,0,0,0,0,1,26,HOMBRE,ILESO,CONDUCTOR PRESENTE,NO,NO,3
26207,101491,101492,2021,1,0,-0.184991,-78.509955,PICHINCHA,QUITO,QUITO,URBANA,2021-04-09,18:50:00,18,VIERNES,5,ABRIL,4,NO,CONDUCIR VEHICULO SUPERANDO LOS LIMITES MAXIMOS DE VELOCIDAD.,VOLCAMIENTOS,AUTOMOVIL,1,0,0,0,0,0,0,0,0,0,0,0,0,1,26,MUJER,LESIONADO,PASAJERO,NO,NO,1
26208,101494,101495,2021,0,0,-0.193084,-78.426665,PICHINCHA,QUITO,CUMBAYA,RURAL,2021-04-09,19:15:00,19,VIERNES,5,ABRIL,4,NO,NO GUARDAR LA DISTANCIA LATERAL MINIMA DE SEGURIDAD ENTRE VEHICULOS.,CHOQUE LATERAL,AUTOMOVIL,1,0,0,0,1,0,0,0,0,0,0,0,0,2,36,MUJER,ILESO,CONDUCTOR PRESENTE,NO,NO,3
26209,101496,101497,2021,1,0,-0.524605,-78.578678,PICHINCHA,MEJIA,ALOASI,RURAL,2021-04-09,20:45:00,20,VIERNES,5,ABRIL,4,NO,"CONDUCIR DESATENTO A LAS CONDICIONES DE TRANSITO (CELULAR, PANTALLAS DE VIDEO, COMIDA, MAQUILLAJE O CUALQUIER OTRO ELEMENTO DISTRACTOR).",ESTRELLAMIENTOS,AUTOMOVIL,1,0,0,0,0,0,0,0,1,0,0,0,0,2,36,HOMBRE,LESIONADO,PEATON,NO,SI,3
26210,101499,101500,2021,0,0,-0.129369,-78.481353,PICHINCHA,QUITO,QUITO,URBANA,2021-04-09,21:45:00,21,VIERNES,5,ABRIL,4,NO,"CONDUCE BAJO LA INFLUENCIA DE ALCOHOL, SUSTANCIAS ESTUPEFACIENTES O PSICOTROPICAS Y/O MEDICAMENTOS.",CHOQUE LATERAL,AUTOMOVIL,2,0,0,0,0,0,0,0,0,0,0,0,0,2,5,HOMBRE,ILESO,PASAJERO,NO,NO,1
26211,101506,101507,2021,0,0,-0.242763,-78.482478,PICHINCHA,QUITO,QUITO,URBANA,2021-04-09,23:38:00,23,VIERNES,5,ABRIL,4,NO,CONDUCIR VEHICULO SUPERANDO LOS LIMITES MAXIMOS DE VELOCIDAD.,ESTRELLAMIENTOS,AUTOMOVIL,1,0,0,0,0,0,0,0,0,0,0,0,0,1,24,MUJER,ILESO,CONDUCTOR PRESENTE,NO,NO,1
26212,101510,101511,2021,2,0,-0.369912,-78.480822,PICHINCHA,QUITO,AMAGUANIA,URBANA,2021-04-10,01:45:00,1,SABADO,6,ABRIL,4,NO,"CONDUCIR DESATENTO A LAS CONDICIONES DE TRANSITO (CELULAR, PANTALLAS DE VIDEO, COMIDA, MAQUILLAJE O CUALQUIER OTRO ELEMENTO DISTRACTOR).",ATROPELLOS,NO IDENTIFICADO,0,0,0,0,0,0,0,0,0,1,0,0,0,1,0,HOMBRE,LESIONADO,PEATON,NO,SI,1
26213,101513,101514,2021,5,4,-0.251338,-78.302311,PICHINCHA,QUITO,PIFO,URBANA,2021-04-10,02:30:00,2,SABADO,6,ABRIL,4,NO,"CONDUCIR DESATENTO A LAS CONDICIONES DE TRANSITO (CELULAR, PANTALLAS DE VIDEO, COMIDA, MAQUILLAJE O CUALQUIER OTRO ELEMENTO DISTRACTOR).",PERDIDA DE CARRIL,BUS,0,0,1,0,0,0,0,0,0,0,0,0,0,1,0,MUJER,FALLECIDO,PASAJERO,NO,SI,1
26214,101518,101519,2021,0,0,-0.318641,-78.549386,PICHINCHA,QUITO,QUITO,URBANA,2021-04-10,07:45:00,7,SABADO,6,ABRIL,4,NO,"NO RESPETAR LAS SENIALES REGLAMENTARIAS DE TRANSITO. (PARE, CEDA EL PASO, LUZ ROJA DEL SEMAFORO, ETC).",ESTRELLAMIENTOS,BUS,1,0,1,0,0,0,0,0,0,0,0,0,0,2,27,HOMBRE,ILESO,CONDUCTOR PRESENTE,NO,NO,1
26215,101519,101520,2021,1,0,-0.335657,-78.562344,PICHINCHA,QUITO,QUITO,URBANA,2021-04-10,08:10:00,8,SABADO,6,ABRIL,4,NO,CONDUCIR VEHICULO SUPERANDO LOS LIMITES MAXIMOS DE VELOCIDAD.,ESTRELLAMIENTOS,CAMIONETA,0,0,0,0,1,0,0,0,0,0,0,0,0,1,45,MUJER,LESIONADO,PASAJERO,NO,NO,1
26216,101521,101522,2021,4,0,-0.312858,-78.553044,PICHINCHA,QUITO,QUITO,URBANA,2021-04-10,09:10:00,9,SABADO,6,ABRIL,4,NO,NO MANTENER LA DISTANCIA PRUDENCIAL CON RESPECTO AL VEHICULO QUE LE ANTECEDE.,CHOQUE POSTERIOR,AUTOMOVIL,2,0,0,0,0,0,0,0,0,0,0,0,0,2,25,MUJER,LESIONADO,PASAJERO,NO,NO,1
26217,101554,101555,2021,2,0,-0.303374,-78.547872,PICHINCHA,QUITO,QUITO,URBANA,2021-04-10,18:40:00,18,SABADO,6,ABRIL,4,NO,NO CEDER EL DERECHO DE VIA O PREFERENCIA DE PASO A VEHICULOS.,CHOQUE LATERAL,MOTOCICLETA,0,0,0,0,1,0,0,0,1,0,0,0,0,2,21,MUJER,LESIONADO,PASAJERO,NO,NO,1
26218,101557,101558,2021,1,0,-0.236561,-78.492305,PICHINCHA,QUITO,QUITO,URBANA,2021-04-10,19:30:00,19,SABADO,6,ABRIL,4,NO,CONDUCIR VEHICULO SUPERANDO LOS LIMITES MAXIMOS DE VELOCIDAD.,OTROS,BICICLETA,0,1,0,0,0,0,0,0,0,1,0,0,0,2,14,HOMBRE,LESIONADO,PEATON,NO,NO,1