,Unnamed: 0,ID,ANIO,LESIONADOS,FALLECIDOS,LATITUD_Y,LONGITUD_X,PROVINCIA,CANTON,PARROQUIA,ZONA,FECHA,HORA,PERIODO_2,DIA_1,DIA_2,MES_1,MES_2,FERIADO,CAUSA_PROBABLE,TIPO_DE_SINIESTRO,TIPO_DE_VEHICULO_1,AUTOMOVIL,BICICLETA,BUS,CAMION,CAMIONETA,EMERGENCIAS,ESPECIAL,FURGONETA,MOTOCICLETA,NO_IDENTIFICADO,SCOOTER_ELECTRICO,TRICIMOTO,VEHICULO_DEPORTIVO_UTILITARIO,SUMA_DE_VEHICULOS,EDAD_1,SEXO_1,CONDICION_1,PARTICIPANTE_1,CASCO_1,CINTURON_1,KMeans_Cluster
26219,101559,101560,2021,0,1,0.057908,-78.142397,PICHINCHA,CAYAMBE,CAYAMBE,RURAL,2021-04-10,20:10:00,20,SABADO,6,ABRIL,4,NO,NO TRANSITAR POR LAS ACERAS O ZONAS DE SEGURIDAD DESTINADAS PARA EL EFECTO.,ATROPELLOS,NO IDENTIFICADO,0,0,0,0,0,0,0,0,0,1,0,0,0,1,57,HOMBRE,FALLECIDO,PEATON,NO,SI,3
26220,101564,101565,2021,0,0,-0.124371,-78.471666,PICHINCHA,QUITO,QUITO,RURAL,2021-04-10,21:10:00,21,SABADO,6,ABRIL,4,NO,"CONDUCE BAJO LA INFLUENCIA DE ALCOHOL, SUSTANCIAS ESTUPEFACIENTES O PSICOTROPICAS Y/O MEDICAMENTOS.",CHOQUE FRONTAL,AUTOMOVIL,3,0,0,0,0,0,0,0,0,0,0,0,0,3,25,HOMBRE,ILESO,CONDUCTOR PRESENTE,NO,NO,3
26221,101566,101567,2021,0,1,-0.245659,-78.496297,PICHINCHA,QUITO,QUITO,URBANA,2021-04-10,22:00:00,22,SABADO,6,ABRIL,4,NO,CONDUCIR VEHICULO SUPERANDO LOS LIMITES MAXIMOS DE VELOCIDAD.,ESTRELLAMIENTOS,MOTOCICLETA,0,0,0,0,0,0,0,0,1,0,0,0,0,1,25,HOMBRE,FALLECIDO,CONDUCTOR PRESENTE,NO,NO,1
26222,101573,101574,2021,1,0,-0.226487,-78.339567,PICHINCHA,QUITO,PIFO,RURAL,2021-04-11,06:35:00,6,DOMINGO,7,ABRIL,4,NO,"CONDUCE BAJO LA INFLUENCIA DE ALCOHOL, SUSTANCIAS ESTUPEFACIENTES O PSICOTROPICAS Y/O MEDICAMENTOS.",ESTRELLAMIENTOS,BICICLETA,2,1,0,0,0,0,0,0,0,0,0,0,0,3,32,HOMBRE,LESIONADO,CONDUCTOR PRESENTE,NO,NO,3
26223,101579,101580,2021,2,0,-0.260918,-78.535039,PICHINCHA,QUITO,QUITO,URBANA,2021-04-11,07:35:00,7,DOMINGO,7,ABRIL,4,NO,"PRESENCIA DE AGENTES EXTERNOS EN LA VIA (AGUA, ACEITE, PIEDRA, LASTRE, ESCOMBROS, MADEROS, ETC.).",VOLCAMIENTOS,MOTOCICLETA,0,0,0,0,0,0,0,0,1,0,0,0,0,1,16,HOMBRE,LESIONADO,PASAJERO,NO,NO,1
26224,101580,101581,2021,1,1,-0.441831,-78.555221,PICHINCHA,MEJIA,ALOAG,RURAL,2021-04-11,07:45:00,7,DOMINGO,7,ABRIL,4,NO,"CONDUCIR DESATENTO A LAS CONDICIONES DE TRANSITO (CELULAR, PANTALLAS DE VIDEO, COMIDA, MAQUILLAJE O CUALQUIER OTRO ELEMENTO DISTRACTOR).",PERDIDA DE CARRIL,MOTOCICLETA,0,0,0,0,0,0,0,0,1,0,0,0,0,1,39,HOMBRE,FALLECIDO,CONDUCTOR PRESENTE,NO,SI,3
26225,101587,101588,2021,2,0,-0.216818,-78.514527,PICHINCHA,QUITO,QUITO,URBANA,2021-04-11,09:40:00,9,DOMINGO,7,ABRIL,4,NO,NO TRANSITAR POR LAS ACERAS O ZONAS DE SEGURIDAD DESTINADAS PARA EL EFECTO.,ATROPELLOS,MOTOCICLETA,0,0,0,0,0,0,0,0,1,0,0,0,0,1,61,MUJER,LESIONADO,PEATON,NO,NO,1
26226,101603,101604,2021,0,0,-0.114075,-78.490483,PICHINCHA,QUITO,QUITO,URBANA,2021-04-11,13:29:00,13,DOMINGO,7,ABRIL,4,NO,"CONDUCE BAJO LA INFLUENCIA DE ALCOHOL, SUSTANCIAS ESTUPEFACIENTES O PSICOTROPICAS Y/O MEDICAMENTOS.",COLISION,CAMIONETA,2,0,0,0,1,0,0,0,0,0,0,0,0,3,41,HOMBRE,ILESO,CONDUCTOR PRESENTE,NO,NO,1
26227,101608,101609,2021,1,0,-0.237705,-78.511667,PICHINCHA,QUITO,QUITO,URBANA,2021-04-11,14:15:00,14,DOMINGO,7,ABRIL,4,NO,NO TRANSITAR POR LAS ACERAS O ZONAS DE SEGURIDAD DESTINADAS PARA EL EFECTO.,ATROPELLOS,AUTOMOVIL,1,0,0,0,0,0,0,0,0,0,0,0,0,1,87,HOMBRE,LESIONADO,PEATON,NO,NO,1
26228,101624,101625,2021,0,0,-0.119724,-78.484241,PICHINCHA,QUITO,QUITO,URBANA,2021-04-11,18:50:00,18,DOMINGO,7,ABRIL,4,NO,"CONDUCE BAJO LA INFLUENCIA DE ALCOHOL, SUSTANCIAS ESTUPEFACIENTES O PSICOTROPICAS Y/O MEDICAMENTOS.",CHOQUE POSTERIOR,AUTOMOVIL,2,0,0,0,0,0,0,0,0,0,0,0,0,2,52,MUJER,ILESO,CONDUCTOR PRESENTE,NO,NO,1
26229,101632,101633,2021,1,0,-0.264263,-78.550014,PICHINCHA,QUITO,QUITO,URBANA,2021-04-11,21:00:00,21,DOMINGO,7,ABRIL,4,NO,"NO RESPETAR LAS SENIALES REGLAMENTARIAS DE TRANSITO. (PARE, CEDA EL PASO, LUZ ROJA DEL SEMAFORO, ETC).",CHOQUE LATERAL,MOTOCICLETA,1,0,0,0,0,0,0,0,1,0,0,0,0,2,22,MUJER,LESIONADO,PASAJERO,NO,NO,1
26230,101635,101636,2021,0,0,-0.204151,-78.501102,PICHINCHA,QUITO,QUITO,URBANA,2021-04-12,00:01:00,0,LUNES,1,ABRIL,4,NO,"NO RESPETAR LAS SENIALES REGLAMENTARIAS DE TRANSITO. (PARE, CEDA EL PASO, LUZ ROJA DEL SEMAFORO, ETC).",CHOQUE LATERAL,AUTOMOVIL,2,0,0,0,0,0,0,0,0,0,0,0,0,2,28,HOMBRE,ILESO,PASAJERO,NO,NO,1
26231,101639,101640,2021,0,0,-0.100519,-78.490403,PICHINCHA,QUITO,QUITO,URBANA,2021-04-12,00:30:00,0,LUNES,1,ABRIL,4,NO,"CONDUCIR DESATENTO A LAS CONDICIONES DE TRANSITO (CELULAR, PANTALLAS DE VIDEO, COMIDA, MAQUILLAJE O CUALQUIER OTRO ELEMENTO DISTRACTOR).",ESTRELLAMIENTOS,VEHICULO DEPORTIVO UTILITARIO,0,0,0,0,0,0,0,0,0,0,0,0,1,1,58,HOMBRE,ILESO,CONDUCTOR PRESENTE,NO,SI,1
26232,101643,101644,2021,0,0,-0.183839,-78.501869,PICHINCHA,QUITO,QUITO,URBANA,2021-04-12,01:50:00,1,LUNES,1,ABRIL,4,NO,NO GUARDAR LA DISTANCIA LATERAL MINIMA DE SEGURIDAD ENTRE VEHICULOS.,CHOQUE POSTERIOR,AUTOMOVIL,2,0,0,0,0,0,0,0,0,0,0,0,0,2,32,HOMBRE,ILESO,CONDUCTOR PRESENTE,NO,NO,1
26233,101648,101649,2021,1,0,-0.154471,-78.476289,PICHINCHA,QUITO,QUITO,URBANA,2021-04-12,05:20:00,5,LUNES,1,ABRIL,4,NO,CONDUCIR VEHICULO SUPERANDO LOS LIMITES MAXIMOS DE VELOCIDAD.,VOLCAMIENTOS,MOTOCICLETA,0,0,0,0,0,0,0,0,1,0,0,0,0,1,23,HOMBRE,LESIONADO,CONDUCTOR PRESENTE,NO,NO,1
26234,101649,101650,2021,1,0,-0.107535,-78.447011,PICHINCHA,QUITO,CALDERON (CARAPUNGO),RURAL,2021-04-12,05:30:00,5,LUNES,1,ABRIL,4,NO,CONDUCIR VEHICULO SUPERANDO LOS LIMITES MAXIMOS DE VELOCIDAD.,ESTRELLAMIENTOS,AUTOMOVIL,1,0,0,0,0,0,0,0,0,0,0,0,0,1,25,HOMBRE,LESIONADO,CONDUCTOR PRESENTE,NO,NO,3
26235,101650,101651,2021,0,0,-0.018408,-78.452711,PICHINCHA,QUITO,SAN ANTONIO (QUITO),URBANA,2021-04-12,05:35:00,5,LUNES,1,ABRIL,4,NO,"CONDUCIR DESATENTO A LAS CONDICIONES DE TRANSITO (CELULAR, PANTALLAS DE VIDEO, COMIDA, MAQUILLAJE O CUALQUIER OTRO ELEMENTO DISTRACTOR).",PERDIDA DE CARRIL,CAMIONETA,0,0,0,0,1,0,0,0,0,0,0,0,0,1,50,HOMBRE,ILESO,CONDUCTOR PRESENTE,NO,SI,1
26236,101652,101653,2021,2,0,-0.160272,-78.481184,PICHINCHA,QUITO,QUITO,URBANA,2021-04-12,06:30:00,6,LUNES,1,ABRIL,4,NO,"CONDUCE BAJO LA INFLUENCIA DE ALCOHOL, SUSTANCIAS ESTUPEFACIENTES O PSICOTROPICAS Y/O MEDICAMENTOS.",CHOQUE LATERAL,AUTOMOVIL,2,0,0,0,0,0,0,0,0,0,0,0,0,2,28,HOMBRE,LESIONADO,PASAJERO,NO,NO,1
26237,101660,101661,2021,1,0,-0.463944,-78.571638,PICHINCHA,MEJIA,ALOAG,RURAL,2021-04-12,12:00:00,12,LUNES,1,ABRIL,4,NO,"NO RESPETAR LAS SENIALES REGLAMENTARIAS DE TRANSITO. (PARE, CEDA EL PASO, LUZ ROJA DEL SEMAFORO, ETC).",CHOQUE LATERAL,VEHICULO DEPORTIVO UTILITARIO,0,0,0,0,1,0,0,0,0,0,0,0,1,2,-1,NO IDENTIFICADO,LESIONADO,CONDUCTOR PRESENTE,NO,NO,3
26238,101662,101663,2021,0,0,-0.165578,-78.493045,PICHINCHA,QUITO,QUITO,URBANA,2021-04-12,12:21:00,12,LUNES,1,ABRIL,4,NO,"CONDUCE BAJO LA INFLUENCIA DE ALCOHOL, SUSTANCIAS ESTUPEFACIENTES O PSICOTROPICAS Y/O MEDICAMENTOS.",ESTRELLAMIENTOS,CAMIONETA,4,0,0,0,1,0,0,0,0,0,0,0,0,5,28,HOMBRE,ILESO,CONDUCTOR PRESENTE,NO,NO,1
26239,101669,101670,2021,0,0,-0.243671,-78.485361,PICHINCHA,QUITO,QUITO,URBANA,2021-04-12,13:25:00,13,LUNES,1,ABRIL,4,NO,"CONDUCE BAJO LA INFLUENCIA DE ALCOHOL, SUSTANCIAS ESTUPEFACIENTES O PSICOTROPICAS Y/O MEDICAMENTOS.",CHOQUE POSTERIOR,AUTOMOVIL,1,0,0,0,0,0,0,0,1,0,0,0,0,2,31,HOMBRE,ILESO,CONDUCTOR PRESENTE,NO,NO,1
26240,101670,101671,2021,1,0,-0.220105,-78.523871,PICHINCHA,QUITO,QUITO,URBANA,2021-04-12,14:15:00,14,LUNES,1,ABRIL,4,NO,PEATON QUE CRUZA LA CALZADA SIN RESPETAR LA SENIALIZACION EXISTENTE (SEMAFOROS O SENIALES MANUALES).,ARROLLAMIENTOS,NO IDENTIFICADO,0,0,0,0,0,0,0,0,0,1,0,0,0,1,6,HOMBRE,LESIONADO,PEATON,NO,NO,1
26241,101684,101685,2021,1,0,-0.181249,-78.505204,PICHINCHA,QUITO,QUITO,URBANA,2021-04-12,18:30:00,18,LUNES,1,ABRIL,4,NO,NO MANTENER LA DISTANCIA PRUDENCIAL CON RESPECTO AL VEHICULO QUE LE ANTECEDE.,CHOQUE POSTERIOR,MOTOCICLETA,1,0,0,0,0,0,0,0,1,0,0,0,0,2,41,HOMBRE,LESIONADO,CONDUCTOR PRESENTE,NO,NO,1
26242,101687,101688,2021,0,0,-0.501474,-78.572621,PICHINCHA,MEJIA,MACHACHI,RURAL,2021-04-12,19:30:00,19,LUNES,1,ABRIL,4,NO,"CONDUCIR DESATENTO A LAS CONDICIONES DE TRANSITO (CELULAR, PANTALLAS DE VIDEO, COMIDA, MAQUILLAJE O CUALQUIER OTRO ELEMENTO DISTRACTOR).",ROZAMIENTOS,CAMIONETA,1,0,0,0,1,0,0,0,0,0,0,0,0,2,38,HOMBRE,ILESO,CONDUCTOR PRESENTE,NO,SI,3
26243,101693,101694,2021,2,0,-0.259689,-78.521076,PICHINCHA,QUITO,QUITO,URBANA,2021-04-12,21:30:00,21,LUNES,1,ABRIL,4,NO,"NO RESPETAR LAS SENIALES REGLAMENTARIAS DE TRANSITO. (PARE, CEDA EL PASO, LUZ ROJA DEL SEMAFORO, ETC).",CHOQUE LATERAL,MOTOCICLETA,1,0,0,0,0,0,0,0,1,0,0,0,0,2,23,MUJER,LESIONADO,PASAJERO,NO,NO,1
26244,101694,101695,2021,0,0,-0.291141,-78.549571,PICHINCHA,QUITO,QUITO,URBANA,2021-04-12,21:35:00,21,LUNES,1,ABRIL,4,NO,NO MANTENER LA DISTANCIA PRUDENCIAL CON RESPECTO AL VEHICULO QUE LE ANTECEDE.,COLISION,AUTOMOVIL,3,0,0,0,0,0,0,0,0,0,0,0,0,3,49,MUJER,ILESO,CONDUCTOR PRESENTE,NO,NO,1
26245,101701,101702,2021,0,0,-0.231314,-78.534509,PICHINCHA,QUITO,QUITO,URBANA,2021-04-13,05:00:00,5,MARTES,2,ABRIL,4,NO,CONDUCIR VEHICULO SUPERANDO LOS LIMITES MAXIMOS DE VELOCIDAD.,ESTRELLAMIENTOS,AUTOMOVIL,1,0,0,0,0,0,0,0,0,0,0,0,0,1,-1,NO IDENTIFICADO,NO IDENTIFICADO,CONDUCTOR AUSENTE,NO,NO,2
26246,101705,101706,2021,1,0,-0.283154,-78.543938,PICHINCHA,QUITO,QUITO,URBANA,2021-04-13,06:29:00,6,MARTES,2,ABRIL,4,NO,NO MANTENER LA DISTANCIA PRUDENCIAL CON RESPECTO AL VEHICULO QUE LE ANTECEDE.,CHOQUE POSTERIOR,MOTOCICLETA,1,0,0,0,0,0,0,0,1,0,0,0,0,2,38,HOMBRE,LESIONADO,CONDUCTOR PRESENTE,NO,NO,1
26247,101706,101707,2021,1,0,-0.128335,-78.469783,PICHINCHA,QUITO,QUITO,URBANA,2021-04-13,06:40:00,6,MARTES,2,ABRIL,4,NO,NO TRANSITAR POR LAS ACERAS O ZONAS DE SEGURIDAD DESTINADAS PARA EL EFECTO.,ATROPELLOS,AUTOMOVIL,1,0,0,0,0,0,0,0,0,0,0,0,0,1,61,MUJER,LESIONADO,PEATON,NO,NO,1
26248,101710,101711,2021,2,0,-0.195771,-78.484198,PICHINCHA,QUITO,QUITO,URBANA,2021-04-13,10:10:00,10,MARTES,2,ABRIL,4,NO,REALIZAR CAMBIO BRUSCO O INDEBIDO DE CARRIL.,CHOQUE FRONTAL,MOTOCICLETA,1,0,0,0,0,0,0,0,1,0,0,0,0,2,28,HOMBRE,LESIONADO,CONDUCTOR PRESENTE,NO,NO,1
26249,101718,101719,2021,1,0,-0.209101,-78.365448,PICHINCHA,QUITO,PUEMBO,RURAL,2021-04-13,12:15:00,12,MARTES,2,ABRIL,4,NO,NO CEDER EL DERECHO DE VIA O PREFERENCIA DE PASO A VEHICULOS.,CHOQUE LATERAL,AUTOMOVIL,2,0,0,0,0,0,0,0,0,0,0,0,0,2,74,MUJER,LESIONADO,PASAJERO,NO,NO,3
26250,101724,101725,2021,4,0,-0.209592,-78.467108,PICHINCHA,QUITO,QUITO,URBANA,2021-04-13,14:00:00,14,MARTES,2,ABRIL,4,NO,CONDUCIR VEHICULO SUPERANDO LOS LIMITES MAXIMOS DE VELOCIDAD.,PERDIDA DE CARRIL,CAMIONETA,0,0,0,0,1,0,0,0,0,0,0,0,0,1,1,HOMBRE,LESIONADO,PASAJERO,NO,NO,1
26251,101727,101728,2021,1,0,-0.210558,-78.386186,PICHINCHA,QUITO,TUMBACO,RURAL,2021-04-13,14:20:00,14,MARTES,2,ABRIL,4,NO,REALIZAR CAMBIO BRUSCO O INDEBIDO DE CARRIL.,CHOQUE LATERAL,MOTOCICLETA,0,0,0,1,0,0,0,0,1,0,0,0,0,2,34,HOMBRE,LESIONADO,CONDUCTOR PRESENTE,NO,NO,3
26252,101739,101740,2021,0,0,-0.289587,-78.538588,PICHINCHA,QUITO,QUITO,URBANA,2021-04-13,18:10:00,18,MARTES,2,ABRIL,4,NO,"CONDUCE BAJO LA INFLUENCIA DE ALCOHOL, SUSTANCIAS ESTUPEFACIENTES O PSICOTROPICAS Y/O MEDICAMENTOS.",CHOQUE LATERAL,AUTOMOVIL,1,0,0,1,0,0,0,0,0,0,0,0,0,2,27,HOMBRE,ILESO,CONDUCTOR PRESENTE,NO,NO,1
26253,101747,101748,2021,1,0,-0.160885,-78.495761,PICHINCHA,QUITO,QUITO,URBANA,2021-04-13,22:15:00,22,MARTES,2,ABRIL,4,NO,CONDUCIR VEHICULO SUPERANDO LOS LIMITES MAXIMOS DE VELOCIDAD.,ESTRELLAMIENTOS,MOTOCICLETA,0,0,0,0,0,0,0,0,1,0,0,0,0,1,40,HOMBRE,LESIONADO,PASAJERO,NO,NO,1
26254,101754,101755,2021,1,0,-0.004758,-78.452889,PICHINCHA,QUITO,SAN ANTONIO (QUITO),URBANA,2021-04-14,05:30:00,5,MIERCOLES,3,ABRIL,4,NO,"CONDUCIR DESATENTO A LAS CONDICIONES DE TRANSITO (CELULAR, PANTALLAS DE VIDEO, COMIDA, MAQUILLAJE O CUALQUIER OTRO ELEMENTO DISTRACTOR).",ESTRELLAMIENTOS,MOTOCICLETA,0,0,0,0,0,0,0,0,1,0,0,0,0,1,35,HOMBRE,LESIONADO,CONDUCTOR PRESENTE,NO,SI,1
26255,101774,101775,2021,0,0,-0.100181,-78.471675,PICHINCHA,QUITO,QUITO,URBANA,2021-04-14,12:10:00,12,MIERCOLES,3,ABRIL,4,NO,CONDUCIR VEHICULO SUPERANDO LOS LIMITES MAXIMOS DE VELOCIDAD.,ESTRELLAMIENTOS,BUS,0,0,1,0,0,0,0,0,0,0,0,0,0,1,35,HOMBRE,ILESO,CONDUCTOR PRESENTE,NO,NO,1
26256,101775,101776,2021,1,0,-0.253045,-78.519901,PICHINCHA,QUITO,QUITO,URBANA,2021-04-14,12:33:00,12,MIERCOLES,3,ABRIL,4,NO,"NO RESPETAR LAS SENIALES REGLAMENTARIAS DE TRANSITO. (PARE, CEDA EL PASO, LUZ ROJA DEL SEMAFORO, ETC).",CHOQUE LATERAL,AUTOMOVIL,1,0,0,0,0,0,0,0,1,0,0,0,0,2,20,MUJER,LESIONADO,PASAJERO,NO,NO,1
26257,101784,101785,2021,0,0,-0.148115,-78.440616,PICHINCHA,QUITO,ZAMBIZA,RURAL,2021-04-14,17:30:00,17,MIERCOLES,3,ABRIL,4,NO,CONDUCIR VEHICULO SUPERANDO LOS LIMITES MAXIMOS DE VELOCIDAD.,ESTRELLAMIENTOS,AUTOMOVIL,1,0,0,1,0,0,0,0,0,0,0,0,0,2,22,HOMBRE,ILESO,CONDUCTOR PRESENTE,NO,NO,3
26258,101787,101788,2021,1,0,-0.280814,-78.556011,PICHINCHA,QUITO,QUITO,URBANA,2021-04-14,17:56:00,17,MIERCOLES,3,ABRIL,4,NO,"NO RESPETAR LAS SENIALES REGLAMENTARIAS DE TRANSITO. (PARE, CEDA EL PASO, LUZ ROJA DEL SEMAFORO, ETC).",CHOQUE LATERAL,MOTOCICLETA,0,0,0,0,1,0,0,0,1,0,0,0,0,2,19,MUJER,LESIONADO,PASAJERO,NO,NO,1
26259,101796,101797,2021,0,0,-0.217795,-78.491319,PICHINCHA,QUITO,QUITO,URBANA,2021-04-14,20:20:00,20,MIERCOLES,3,ABRIL,4,NO,"CONDUCE BAJO LA INFLUENCIA DE ALCOHOL, SUSTANCIAS ESTUPEFACIENTES O PSICOTROPICAS Y/O MEDICAMENTOS.",CHOQUE POSTERIOR,AUTOMOVIL,2,0,0,0,0,0,0,0,0,0,0,0,0,2,30,HOMBRE,ILESO,CONDUCTOR PRESENTE,NO,NO,1
26260,101830,101831,2021,1,0,-0.290281,-78.538717,PICHINCHA,QUITO,QUITO,URBANA,2021-04-15,18:25:00,18,JUEVES,4,ABRIL,4,NO,"FALLA MECANICA EN LOS SISTEMAS Y/O NEUMATICOS (SISTEMA DE FRENOS, DIRECCION, ELECTRONICO O MECANICO).",COLISION,AUTOMOVIL,6,0,1,1,0,0,0,2,0,0,0,0,0,10,25,MUJER,LESIONADO,PASAJERO,NO,NO,1
26261,101840,101841,2021,0,1,-0.244505,-78.513319,PICHINCHA,QUITO,QUITO,URBANA,2021-04-15,20:50:00,20,JUEVES,4,ABRIL,4,NO,NO TRANSITAR POR LAS ACERAS O ZONAS DE SEGURIDAD DESTINADAS PARA EL EFECTO.,ATROPELLOS,BUS,0,0,1,0,0,0,0,0,0,0,0,0,0,1,18,HOMBRE,FALLECIDO,PEATON,NO,NO,1
26262,101842,101843,2021,0,0,-0.151955,-78.476471,PICHINCHA,QUITO,QUITO,URBANA,2021-04-15,21:35:00,21,JUEVES,4,ABRIL,4,NO,CONDUCIR VEHICULO SUPERANDO LOS LIMITES MAXIMOS DE VELOCIDAD.,ESTRELLAMIENTOS,AUTOMOVIL,1,0,0,0,0,0,0,0,0,0,0,0,0,1,49,MUJER,ILESO,CONDUCTOR PRESENTE,NO,NO,1
26263,101866,101867,2021,1,0,-0.285559,-78.543247,PICHINCHA,QUITO,QUITO,URBANA,2021-04-16,12:45:00,12,VIERNES,5,ABRIL,4,NO,PEATON QUE CRUZA LA CALZADA SIN RESPETAR LA SENIALIZACION EXISTENTE (SEMAFOROS O SENIALES MANUALES).,ATROPELLOS,MOTOCICLETA,0,0,0,0,0,0,0,0,1,0,0,0,0,1,9,HOMBRE,LESIONADO,PEATON,NO,NO,1
26264,101871,101872,2021,0,0,-0.163331,-78.489608,PICHINCHA,QUITO,QUITO,URBANA,2021-04-16,15:00:00,15,VIERNES,5,ABRIL,4,NO,CONDUCIR VEHICULO SUPERANDO LOS LIMITES MAXIMOS DE VELOCIDAD.,ESTRELLAMIENTOS,AUTOMOVIL,1,0,0,0,0,0,0,0,0,0,0,0,0,1,-1,NO IDENTIFICADO,NO IDENTIFICADO,CONDUCTOR AUSENTE,NO,NO,2
26265,101872,101873,2021,2,0,-0.066672,-78.577391,PICHINCHA,QUITO,NONO,RURAL,2021-04-16,15:00:00,15,VIERNES,5,ABRIL,4,NO,"CONDUCE BAJO LA INFLUENCIA DE ALCOHOL, SUSTANCIAS ESTUPEFACIENTES O PSICOTROPICAS Y/O MEDICAMENTOS.",CHOQUE LATERAL,CAMIONETA,0,0,0,0,2,0,0,0,0,0,0,0,0,2,47,HOMBRE,LESIONADO,PASAJERO,NO,NO,3
26266,101877,101878,2021,2,0,-0.181432,-78.481931,PICHINCHA,QUITO,QUITO,URBANA,2021-04-16,18:35:00,18,VIERNES,5,ABRIL,4,NO,NO CEDER EL DERECHO DE VIA O PREFERENCIA DE PASO A VEHICULOS.,CHOQUE LATERAL,MOTOCICLETA,1,0,0,0,0,0,0,0,1,0,0,0,0,2,30,MUJER,LESIONADO,PASAJERO,NO,NO,1
26267,101881,101882,2021,0,0,-0.072235,-78.475027,PICHINCHA,QUITO,POMASQUI,URBANA,2021-04-16,20:00:00,20,VIERNES,5,ABRIL,4,NO,"CONDUCE BAJO LA INFLUENCIA DE ALCOHOL, SUSTANCIAS ESTUPEFACIENTES O PSICOTROPICAS Y/O MEDICAMENTOS.",COLISION,AUTOMOVIL,2,0,0,0,1,0,0,0,0,0,0,0,0,3,39,HOMBRE,ILESO,CONDUCTOR PRESENTE,NO,SI,1
26268,101892,101893,2021,0,0,-0.455841,-78.562267,PICHINCHA,MEJIA,MACHACHI,RURAL,2021-04-16,22:30:00,22,VIERNES,5,ABRIL,4,NO,"CONDUCIR DESATENTO A LAS CONDICIONES DE TRANSITO (CELULAR, PANTALLAS DE VIDEO, COMIDA, MAQUILLAJE O CUALQUIER OTRO ELEMENTO DISTRACTOR).",CHOQUE LATERAL,MOTOCICLETA,0,0,0,0,0,0,0,0,1,0,0,0,1,2,29,HOMBRE,ILESO,CONDUCTOR PRESENTE,NO,SI,3
26269,101894,101895,2021,0,0,-0.129197,-78.502316,PICHINCHA,QUITO,QUITO,URBANA,2021-04-16,23:10:00,23,VIERNES,5,ABRIL,4,NO,CONDUCIR VEHICULO SUPERANDO LOS LIMITES MAXIMOS DE VELOCIDAD.,ESTRELLAMIENTOS,CAMIONETA,1,0,0,0,2,0,0,0,0,0,0,0,0,3,-1,NO IDENTIFICADO,NO IDENTIFICADO,CONDUCTOR AUSENTE,NO,NO,2
26270,101898,101899,2021,0,1,-0.133668,-78.501945,PICHINCHA,QUITO,QUITO,URBANA,2021-04-17,01:10:00,1,SABADO,6,ABRIL,4,NO,"NO RESPETAR LAS SENIALES REGLAMENTARIAS DE TRANSITO. (PARE, CEDA EL PASO, LUZ ROJA DEL SEMAFORO, ETC).",VOLCAMIENTOS,MOTOCICLETA,0,0,0,0,0,0,0,0,1,0,0,0,0,1,23,HOMBRE,FALLECIDO,CONDUCTOR PRESENTE,NO,NO,1
26271,101901,101902,2021,0,0,-0.249194,-78.531661,PICHINCHA,QUITO,QUITO,URBANA,2021-04-17,03:30:00,3,SABADO,6,ABRIL,4,NO,CONDUCIR VEHICULO SUPERANDO LOS LIMITES MAXIMOS DE VELOCIDAD.,ESTRELLAMIENTOS,CAMIONETA,0,0,0,0,1,0,0,0,0,0,0,0,0,1,26,HOMBRE,ILESO,PASAJERO,NO,NO,1
26272,101902,101903,2021,0,0,-0.203056,-78.458398,PICHINCHA,QUITO,QUITO,RURAL,2021-04-17,04:00:00,4,SABADO,6,ABRIL,4,NO,CONDUCIR VEHICULO SUPERANDO LOS LIMITES MAXIMOS DE VELOCIDAD.,ESTRELLAMIENTOS,AUTOMOVIL,1,0,0,0,0,0,0,0,0,0,0,0,0,1,-1,NO IDENTIFICADO,NO IDENTIFICADO,CONDUCTOR AUSENTE,NO,NO,2
26273,101906,101907,2021,1,0,-0.263576,-78.487542,PICHINCHA,QUITO,CONOCOTO,RURAL,2021-04-17,07:58:00,7,SABADO,6,ABRIL,4,NO,NO CEDER EL DERECHO DE VIA O PREFERENCIA DE PASO A VEHICULOS.,CHOQUE LATERAL,MOTOCICLETA,1,0,0,0,0,0,0,0,1,0,0,0,0,2,24,HOMBRE,LESIONADO,CONDUCTOR PRESENTE,NO,NO,3
26274,101917,101918,2021,0,0,-0.052634,-78.454084,PICHINCHA,QUITO,POMASQUI,RURAL,2021-04-17,11:40:00,11,SABADO,6,ABRIL,4,NO,CONDUCIR VEHICULO SUPERANDO LOS LIMITES MAXIMOS DE VELOCIDAD.,CHOQUE LATERAL,AUTOMOVIL,1,0,0,0,1,0,0,0,0,0,0,0,0,2,37,HOMBRE,ILESO,PASAJERO,NO,NO,3
26275,101919,101920,2021,0,0,-0.135341,-78.461189,PICHINCHA,QUITO,QUITO,URBANA,2021-04-17,12:56:00,12,SABADO,6,ABRIL,4,NO,CONDUCIR VEHICULO SUPERANDO LOS LIMITES MAXIMOS DE VELOCIDAD.,OTROS,AUTOMOVIL,1,0,0,0,0,0,0,1,0,0,0,0,0,2,-1,NO IDENTIFICADO,NO IDENTIFICADO,CONDUCTOR AUSENTE,NO,NO,2