,Unnamed: 0,ID,ANIO,LESIONADOS,FALLECIDOS,LATITUD_Y,LONGITUD_X,PROVINCIA,CANTON,PARROQUIA,ZONA,FECHA,HORA,PERIODO_2,DIA_1,DIA_2,MES_1,MES_2,FERIADO,CAUSA_PROBABLE,TIPO_DE_SINIESTRO,TIPO_DE_VEHICULO_1,AUTOMOVIL,BICICLETA,BUS,CAMION,CAMIONETA,EMERGENCIAS,ESPECIAL,FURGONETA,MOTOCICLETA,NO_IDENTIFICADO,SCOOTER_ELECTRICO,TRICIMOTO,VEHICULO_DEPORTIVO_UTILITARIO,SUMA_DE_VEHICULOS,EDAD_1,SEXO_1,CONDICION_1,PARTICIPANTE_1,CASCO_1,CINTURON_1,KMeans_Cluster
26276,101926,101927,2021,0,0,-0.180385,-78.438294,PICHINCHA,QUITO,NAYON,RURAL,2021-04-17,15:15:00,15,SABADO,6,ABRIL,4,NO,"CONDUCE BAJO LA INFLUENCIA DE ALCOHOL, SUSTANCIAS ESTUPEFACIENTES O PSICOTROPICAS Y/O MEDICAMENTOS.",ESTRELLAMIENTOS,CAMIONETA,0,0,0,0,1,0,0,0,0,0,0,0,0,1,20,MUJER,ILESO,PASAJERO,NO,NO,3
26277,101928,101929,2021,0,0,-0.149976,-78.500302,PICHINCHA,QUITO,QUITO,URBANA,2021-04-17,15:30:00,15,SABADO,6,ABRIL,4,NO,CONDUCIR VEHICULO SUPERANDO LOS LIMITES MAXIMOS DE VELOCIDAD.,ESTRELLAMIENTOS,FURGONETA,0,0,0,0,0,0,0,1,0,0,0,0,0,1,-1,NO IDENTIFICADO,NO IDENTIFICADO,CONDUCTOR AUSENTE,NO,NO,2
26278,101931,101932,2021,1,0,-0.280949,-78.583875,PICHINCHA,QUITO,QUITO,URBANA,2021-04-17,15:55:00,15,SABADO,6,ABRIL,4,NO,"NO RESPETAR LAS SENIALES REGLAMENTARIAS DE TRANSITO. (PARE, CEDA EL PASO, LUZ ROJA DEL SEMAFORO, ETC).",CHOQUE LATERAL,MOTOCICLETA,0,0,0,0,0,0,0,0,1,1,0,0,0,2,19,HOMBRE,LESIONADO,CONDUCTOR PRESENTE,NO,NO,1
26279,101932,101933,2021,0,0,0.022841,-78.646271,PICHINCHA,QUITO,NONO,RURAL,2021-04-17,16:00:00,16,SABADO,6,ABRIL,4,NO,"CONDUCIR DESATENTO A LAS CONDICIONES DE TRANSITO (CELULAR, PANTALLAS DE VIDEO, COMIDA, MAQUILLAJE O CUALQUIER OTRO ELEMENTO DISTRACTOR).",PERDIDA DE CARRIL,AUTOMOVIL,1,0,0,0,0,0,0,0,0,0,0,0,1,2,43,HOMBRE,ILESO,CONDUCTOR PRESENTE,NO,SI,3
26280,101934,101935,2021,0,0,-0.329801,-78.526597,PICHINCHA,QUITO,QUITO,URBANA,2021-04-17,16:20:00,16,SABADO,6,ABRIL,4,NO,CONDUCIR VEHICULO SUPERANDO LOS LIMITES MAXIMOS DE VELOCIDAD.,VOLCAMIENTOS,AUTOMOVIL,1,0,0,0,0,0,0,0,0,0,0,0,0,1,34,HOMBRE,ILESO,PASAJERO,NO,NO,1
26281,101950,101951,2021,1,1,-0.351191,-78.463838,PICHINCHA,RUMINIAHUI,SANGOLQUI,RURAL,2021-04-17,19:10:00,19,SABADO,6,ABRIL,4,NO,"CONDUCIR DESATENTO A LAS CONDICIONES DE TRANSITO (CELULAR, PANTALLAS DE VIDEO, COMIDA, MAQUILLAJE O CUALQUIER OTRO ELEMENTO DISTRACTOR).",ROZAMIENTOS,MOTOCICLETA,1,0,0,0,0,0,0,0,1,0,0,0,0,2,31,HOMBRE,FALLECIDO,CONDUCTOR PRESENTE,NO,SI,3
26282,101960,101961,2021,0,1,-0.131053,-78.310547,PICHINCHA,QUITO,CHECA (CHILPA),RURAL,2021-04-17,20:40:00,20,SABADO,6,ABRIL,4,NO,MALAS CONDICIONES DE LA VIA Y/O CONFIGURACION. (ILUMINACION Y DISENIO).,ATROPELLOS,NO IDENTIFICADO,0,0,0,0,0,0,0,0,0,1,0,0,0,1,58,HOMBRE,FALLECIDO,PEATON,NO,SI,3
26283,101967,101968,2021,0,0,-0.242681,-78.497364,PICHINCHA,QUITO,QUITO,URBANA,2021-04-17,22:50:00,22,SABADO,6,ABRIL,4,NO,CONDUCIR VEHICULO SUPERANDO LOS LIMITES MAXIMOS DE VELOCIDAD.,VOLCAMIENTOS,CAMIONETA,0,0,0,0,1,0,0,0,0,0,0,0,0,1,15,HOMBRE,ILESO,PASAJERO,NO,NO,1
26284,101978,101979,2021,1,0,0.076041,-78.139886,PICHINCHA,CAYAMBE,SAN JOSE DE AYORA,RURAL,2021-04-18,06:40:00,6,DOMINGO,7,ABRIL,4,NO,NO CEDER EL DERECHO DE VIA O PREFERENCIA DE PASO A VEHICULOS.,CHOQUE FRONTAL,CAMION,0,0,0,1,0,0,0,0,0,1,0,0,0,2,32,HOMBRE,LESIONADO,CONDUCTOR PRESENTE,NO,SI,3
26285,101980,101981,2021,2,0,0.005079,-78.175259,PICHINCHA,CAYAMBE,CANGAHUA,RURAL,2021-04-18,07:10:00,7,DOMINGO,7,ABRIL,4,NO,"ADELANTAR O REBASAR A OTRO VEHICULO EN MOVIMIENTO EN ZONAS O SITIOS PELIGROSOS TALES COMO: CURVAS, PUENTES, TUNELES, PENDIENTES, ETC.",PERDIDA DE CARRIL,MOTOCICLETA,0,0,0,0,0,0,0,0,1,0,0,0,0,1,0,HOMBRE,LESIONADO,PASAJERO,NO,SI,3
26286,101982,101983,2021,1,0,-0.092531,-78.436732,PICHINCHA,QUITO,CALDERON (CARAPUNGO),RURAL,2021-04-18,07:30:00,7,DOMINGO,7,ABRIL,4,NO,NO MANTENER LA DISTANCIA PRUDENCIAL CON RESPECTO AL VEHICULO QUE LE ANTECEDE.,CHOQUE POSTERIOR,MOTOCICLETA,0,0,0,0,0,0,0,0,1,1,0,0,0,2,49,HOMBRE,LESIONADO,CONDUCTOR PRESENTE,NO,NO,3
26287,101987,101988,2021,0,0,-0.310589,-78.546306,PICHINCHA,QUITO,QUITO,URBANA,2021-04-18,09:58:00,9,DOMINGO,7,ABRIL,4,NO,"NO RESPETAR LAS SENIALES REGLAMENTARIAS DE TRANSITO. (PARE, CEDA EL PASO, LUZ ROJA DEL SEMAFORO, ETC).",CHOQUE LATERAL,BUS,1,0,1,0,0,0,0,0,0,0,0,0,0,2,5,MUJER,ILESO,PASAJERO,NO,NO,1
26288,102000,102001,2021,0,0,-0.190285,-78.454454,PICHINCHA,QUITO,QUITO,RURAL,2021-04-18,14:20:00,14,DOMINGO,7,ABRIL,4,NO,CONDUCIR VEHICULO SUPERANDO LOS LIMITES MAXIMOS DE VELOCIDAD.,ESTRELLAMIENTOS,AUTOMOVIL,1,0,0,0,0,0,0,0,0,0,0,0,0,1,-1,NO IDENTIFICADO,NO IDENTIFICADO,CONDUCTOR AUSENTE,NO,NO,2
26289,102001,102002,2021,1,0,-0.248741,-78.584033,PICHINCHA,QUITO,LLOA,URBANA,2021-04-18,15:15:00,15,DOMINGO,7,ABRIL,4,NO,"CONDUCE BAJO LA INFLUENCIA DE ALCOHOL, SUSTANCIAS ESTUPEFACIENTES O PSICOTROPICAS Y/O MEDICAMENTOS.",CHOQUE FRONTAL,AUTOMOVIL,1,0,0,0,0,0,0,0,1,0,0,0,0,2,34,HOMBRE,LESIONADO,CONDUCTOR PRESENTE,NO,NO,1
26290,102003,102004,2021,2,0,-0.328479,-78.522294,PICHINCHA,QUITO,QUITO,URBANA,2021-04-18,16:10:00,16,DOMINGO,7,ABRIL,4,NO,"CONDICIONES AMBIENTALES Y/O ATMOSFERICAS (NIEBLA, NEBLINA, GRANIZO, LLUVIA).",CHOQUE LATERAL,AUTOMOVIL,1,0,0,0,0,0,0,0,0,1,0,0,0,2,41,HOMBRE,LESIONADO,CONDUCTOR PRESENTE,NO,NO,1
26291,102007,102008,2021,0,0,-0.295604,-78.561141,PICHINCHA,QUITO,QUITO,URBANA,2021-04-18,17:35:00,17,DOMINGO,7,ABRIL,4,NO,"CONDUCE BAJO LA INFLUENCIA DE ALCOHOL, SUSTANCIAS ESTUPEFACIENTES O PSICOTROPICAS Y/O MEDICAMENTOS.",CHOQUE LATERAL,AUTOMOVIL,1,0,0,0,1,0,0,0,0,0,0,0,0,2,28,HOMBRE,ILESO,PASAJERO,NO,NO,1
26292,102009,102010,2021,0,0,-0.204802,-78.376946,PICHINCHA,QUITO,TUMBACO,RURAL,2021-04-18,18:20:00,18,DOMINGO,7,ABRIL,4,NO,"NO RESPETAR LAS SENIALES REGLAMENTARIAS DE TRANSITO. (PARE, CEDA EL PASO, LUZ ROJA DEL SEMAFORO, ETC).",CHOQUE LATERAL,AUTOMOVIL,2,0,0,0,0,0,0,0,0,0,0,0,0,2,7,MUJER,ILESO,PASAJERO,NO,NO,3
26293,102010,102011,2021,1,0,-0.449944,-78.760805,PICHINCHA,MEJIA,MANUEL CORNEJO ASTORGA,RURAL,2021-04-18,19:20:00,19,DOMINGO,7,ABRIL,4,NO,"CONDUCIR DESATENTO A LAS CONDICIONES DE TRANSITO (CELULAR, PANTALLAS DE VIDEO, COMIDA, MAQUILLAJE O CUALQUIER OTRO ELEMENTO DISTRACTOR).",PERDIDA DE PISTA,CAMION,0,0,0,1,0,0,0,0,0,0,0,0,0,1,45,HOMBRE,LESIONADO,CONDUCTOR PRESENTE,NO,NO,3
26294,102011,102012,2021,1,0,-0.199638,-78.492479,PICHINCHA,QUITO,QUITO,URBANA,2021-04-18,19:20:00,19,DOMINGO,7,ABRIL,4,NO,NO CEDER EL DERECHO DE VIA O PREFERENCIA DE PASO A VEHICULOS.,CHOQUE LATERAL,MOTOCICLETA,1,0,0,0,0,0,0,0,1,0,0,0,0,2,45,HOMBRE,LESIONADO,CONDUCTOR PRESENTE,NO,NO,1
26295,102026,102027,2021,0,0,-0.075381,-78.462914,PICHINCHA,QUITO,QUITO,URBANA,2021-04-18,23:45:00,23,DOMINGO,7,ABRIL,4,NO,"CONDUCE BAJO LA INFLUENCIA DE ALCOHOL, SUSTANCIAS ESTUPEFACIENTES O PSICOTROPICAS Y/O MEDICAMENTOS.",ESTRELLAMIENTOS,AUTOMOVIL,1,0,0,1,0,0,0,0,0,0,0,0,0,2,27,HOMBRE,ILESO,CONDUCTOR PRESENTE,NO,NO,1
26296,102035,102036,2021,1,0,0.045741,-78.169294,PICHINCHA,PEDRO MONCAYO,TABACUNDO,RURAL,2021-04-19,06:10:00,6,LUNES,1,ABRIL,4,NO,"CONDICIONES AMBIENTALES Y/O ATMOSFERICAS (NIEBLA, NEBLINA, GRANIZO, LLUVIA).",CHOQUE FRONTAL,MOTOCICLETA,0,0,0,0,0,0,0,0,1,0,0,0,0,1,36,HOMBRE,LESIONADO,CONDUCTOR PRESENTE,NO,SI,3
26297,102038,102039,2021,0,0,-0.086352,-78.474361,PICHINCHA,QUITO,QUITO,URBANA,2021-04-19,06:30:00,6,LUNES,1,ABRIL,4,NO,CONDUCIR VEHICULO SUPERANDO LOS LIMITES MAXIMOS DE VELOCIDAD.,ESTRELLAMIENTOS,AUTOMOVIL,1,0,0,0,0,0,0,0,0,0,0,0,0,1,-1,NO IDENTIFICADO,NO IDENTIFICADO,CONDUCTOR AUSENTE,NO,NO,2
26298,102042,102043,2021,1,0,-0.256772,-78.542845,PICHINCHA,QUITO,QUITO,URBANA,2021-04-19,09:15:00,9,LUNES,1,ABRIL,4,NO,NO MANTENER LA DISTANCIA PRUDENCIAL CON RESPECTO AL VEHICULO QUE LE ANTECEDE.,CHOQUE POSTERIOR,MOTOCICLETA,1,0,0,0,0,0,0,0,1,0,0,0,0,2,35,HOMBRE,LESIONADO,CONDUCTOR PRESENTE,NO,NO,1
26299,102048,102049,2021,0,0,-0.153396,-78.484496,PICHINCHA,QUITO,QUITO,URBANA,2021-04-19,11:50:00,11,LUNES,1,ABRIL,4,NO,NO MANTENER LA DISTANCIA PRUDENCIAL CON RESPECTO AL VEHICULO QUE LE ANTECEDE.,CHOQUE POSTERIOR,AUTOMOVIL,2,0,0,0,0,0,0,0,0,0,0,0,0,2,69,HOMBRE,ILESO,CONDUCTOR PRESENTE,NO,NO,1
26300,102056,102057,2021,0,0,-0.206523,-78.512161,PICHINCHA,QUITO,QUITO,URBANA,2021-04-19,17:50:00,17,LUNES,1,ABRIL,4,NO,NO MANTENER LA DISTANCIA PRUDENCIAL CON RESPECTO AL VEHICULO QUE LE ANTECEDE.,CHOQUE POSTERIOR,CAMIONETA,1,0,0,0,1,0,0,0,0,0,0,0,0,2,22,HOMBRE,ILESO,CONDUCTOR PRESENTE,NO,NO,1
26301,102085,102086,2021,1,0,-0.196426,-78.502919,PICHINCHA,QUITO,QUITO,URBANA,2021-04-20,13:05:00,13,MARTES,2,ABRIL,4,NO,NO CEDER EL DERECHO DE VIA O PREFERENCIA DE PASO A VEHICULOS.,CHOQUE LATERAL,MOTOCICLETA,1,0,0,0,0,0,0,0,1,0,0,0,0,2,28,HOMBRE,LESIONADO,CONDUCTOR PRESENTE,NO,NO,1
26302,102087,102088,2021,0,0,-0.323585,-78.458018,PICHINCHA,RUMINIAHUI,SANGOLQUI,URBANA,2021-04-20,13:15:00,13,MARTES,2,ABRIL,4,NO,DANIOS MECANICOS PREVISIBLES.,PERDIDA DE PISTA,BUS,0,0,1,0,0,0,0,0,0,0,0,0,0,1,82,HOMBRE,ILESO,CONDUCTOR PRESENTE,NO,SI,1
26303,102105,102106,2021,0,0,-0.135704,-78.493786,PICHINCHA,QUITO,QUITO,URBANA,2021-04-20,20:45:00,20,MARTES,2,ABRIL,4,NO,CONDUCIR VEHICULO SUPERANDO LOS LIMITES MAXIMOS DE VELOCIDAD.,ESTRELLAMIENTOS,AUTOMOVIL,1,0,0,0,0,0,0,0,0,0,0,0,0,1,66,HOMBRE,ILESO,CONDUCTOR PRESENTE,NO,NO,1
26304,102108,102109,2021,0,0,-0.108061,-78.450467,PICHINCHA,QUITO,CALDERON (CARAPUNGO),RURAL,2021-04-21,06:30:00,6,MIERCOLES,3,ABRIL,4,NO,CONDUCIR VEHICULO SUPERANDO LOS LIMITES MAXIMOS DE VELOCIDAD.,CHOQUE LATERAL,AUTOMOVIL,2,0,0,0,0,0,0,0,0,0,0,0,0,2,54,HOMBRE,ILESO,CONDUCTOR PRESENTE,NO,NO,3
26305,102126,102127,2021,0,0,-0.128329,-78.502404,PICHINCHA,QUITO,QUITO,URBANA,2021-04-21,15:10:00,15,MIERCOLES,3,ABRIL,4,NO,"CONDICIONES AMBIENTALES Y/O ATMOSFERICAS (NIEBLA, NEBLINA, GRANIZO, LLUVIA).",ESTRELLAMIENTOS,BUS,0,0,1,0,0,0,0,0,0,0,0,0,0,1,57,HOMBRE,ILESO,CONDUCTOR PRESENTE,NO,NO,1
26306,102133,102134,2021,0,0,-0.119451,-78.506659,PICHINCHA,QUITO,QUITO,URBANA,2021-04-21,16:50:00,16,MIERCOLES,3,ABRIL,4,NO,NO MANTENER LA DISTANCIA PRUDENCIAL CON RESPECTO AL VEHICULO QUE LE ANTECEDE.,CHOQUE POSTERIOR,AUTOMOVIL,1,0,0,0,1,0,0,0,0,0,0,0,0,2,33,HOMBRE,ILESO,CONDUCTOR PRESENTE,NO,NO,1
26307,102146,102147,2021,0,0,-0.159774,-78.490108,PICHINCHA,QUITO,QUITO,URBANA,2021-04-21,22:15:00,22,MIERCOLES,3,ABRIL,4,NO,CONDUCIR VEHICULO SUPERANDO LOS LIMITES MAXIMOS DE VELOCIDAD.,ESTRELLAMIENTOS,AUTOMOVIL,1,0,0,0,0,0,0,0,0,0,0,0,0,1,41,HOMBRE,ILESO,CONDUCTOR PRESENTE,NO,NO,1
26308,102149,102150,2021,0,1,-0.110907,-78.431806,PICHINCHA,QUITO,CALDERON (CARAPUNGO),RURAL,2021-04-22,00:50:00,0,JUEVES,4,ABRIL,4,NO,NO CEDER EL DERECHO DE VIA O PREFERENCIA DE PASO AL PEATON.,ARROLLAMIENTOS,NO IDENTIFICADO,0,0,0,0,0,0,0,0,0,1,0,0,0,1,-1,HOMBRE,FALLECIDO,PEATON,NO,NO,3
26309,102150,102151,2021,0,1,0.303061,-79.220323,PICHINCHA,PUERTO QUITO,PUERTO QUITO,RURAL,2021-04-22,05:15:00,5,JUEVES,4,ABRIL,4,NO,"CONDUCIR DESATENTO A LAS CONDICIONES DE TRANSITO (CELULAR, PANTALLAS DE VIDEO, COMIDA, MAQUILLAJE O CUALQUIER OTRO ELEMENTO DISTRACTOR).",CHOQUE POSTERIOR,BUS,0,0,1,0,0,0,0,0,0,1,0,0,0,2,66,HOMBRE,FALLECIDO,CONDUCTOR PRESENTE,NO,SI,3
26310,102152,102153,2021,0,0,-0.294721,-78.573362,PICHINCHA,QUITO,QUITO,URBANA,2021-04-22,07:30:00,7,JUEVES,4,ABRIL,4,NO,REALIZAR CAMBIO BRUSCO O INDEBIDO DE CARRIL.,CHOQUE FRONTAL,AUTOMOVIL,2,0,0,0,0,0,0,0,0,0,0,0,0,2,33,MUJER,ILESO,CONDUCTOR PRESENTE,NO,NO,1
26311,102164,102165,2021,2,0,-0.294301,-78.464289,PICHINCHA,QUITO,CONOCOTO,RURAL,2021-04-22,11:20:00,11,JUEVES,4,ABRIL,4,NO,"NO RESPETAR LAS SENIALES REGLAMENTARIAS DE TRANSITO. (PARE, CEDA EL PASO, LUZ ROJA DEL SEMAFORO, ETC).",CHOQUE FRONTAL,MOTOCICLETA,1,0,0,0,0,0,0,0,1,0,0,0,0,2,26,HOMBRE,LESIONADO,CONDUCTOR PRESENTE,NO,NO,3
26312,102167,102168,2021,1,0,-0.219263,-78.509713,PICHINCHA,QUITO,QUITO,URBANA,2021-04-22,13:00:00,13,JUEVES,4,ABRIL,4,NO,"CONDUCE BAJO LA INFLUENCIA DE ALCOHOL, SUSTANCIAS ESTUPEFACIENTES O PSICOTROPICAS Y/O MEDICAMENTOS.",ATROPELLOS,BICICLETA,0,1,0,0,0,0,0,0,0,0,0,0,0,1,78,MUJER,LESIONADO,PEATON,NO,NO,1
26313,102170,102171,2021,0,0,-0.328239,-78.538128,PICHINCHA,QUITO,QUITO,URBANA,2021-04-22,13:30:00,13,JUEVES,4,ABRIL,4,NO,"NO RESPETAR LAS SENIALES REGLAMENTARIAS DE TRANSITO. (PARE, CEDA EL PASO, LUZ ROJA DEL SEMAFORO, ETC).",OTROS,CAMION,0,0,0,1,0,0,0,0,0,0,0,0,0,1,-1,NO IDENTIFICADO,NO IDENTIFICADO,CONDUCTOR AUSENTE,NO,NO,2
26314,102171,102172,2021,1,0,-0.273707,-78.537301,PICHINCHA,QUITO,QUITO,URBANA,2021-04-22,15:00:00,15,JUEVES,4,ABRIL,4,NO,PEATON QUE CRUZA LA CALZADA SIN RESPETAR LA SENIALIZACION EXISTENTE (SEMAFOROS O SENIALES MANUALES).,ATROPELLOS,NO IDENTIFICADO,0,0,0,0,0,0,0,0,0,1,0,0,0,1,45,HOMBRE,LESIONADO,PEATON,NO,NO,1
26315,102174,102175,2021,0,0,-0.058111,-78.344101,PICHINCHA,QUITO,GUAYLLABAMBA,RURAL,2021-04-22,15:20:00,15,JUEVES,4,ABRIL,4,NO,NO CEDER EL DERECHO DE VIA O PREFERENCIA DE PASO A VEHICULOS.,CHOQUE LATERAL,AUTOMOVIL,2,0,0,0,0,0,0,0,0,0,0,0,0,2,38,MUJER,ILESO,CONDUCTOR PRESENTE,NO,NO,3
26316,102175,102176,2021,0,0,-0.181249,-78.505204,PICHINCHA,QUITO,QUITO,URBANA,2021-04-22,15:30:00,15,JUEVES,4,ABRIL,4,NO,NO MANTENER LA DISTANCIA PRUDENCIAL CON RESPECTO AL VEHICULO QUE LE ANTECEDE.,COLISION,AUTOMOVIL,2,0,0,0,0,0,0,0,0,1,0,0,0,3,36,MUJER,ILESO,CONDUCTOR PRESENTE,NO,NO,1
26317,102180,102181,2021,3,0,-0.203056,-78.458398,PICHINCHA,QUITO,QUITO,RURAL,2021-04-22,17:40:00,17,JUEVES,4,ABRIL,4,NO,CONDUCIR VEHICULO SUPERANDO LOS LIMITES MAXIMOS DE VELOCIDAD.,VOLCAMIENTOS,AUTOMOVIL,1,0,0,0,0,0,0,0,0,0,0,0,0,1,6,HOMBRE,LESIONADO,PASAJERO,NO,NO,3
26318,102192,102193,2021,0,0,-0.142705,-78.492413,PICHINCHA,QUITO,QUITO,URBANA,2021-04-23,00:45:00,0,VIERNES,5,ABRIL,4,NO,"CONDUCIR EN ESTADO DE SOMNOLENCIA O MALAS CONDICIONES FISICAS (SUENIO, CANSANCIO Y FATIGA).",ESTRELLAMIENTOS,BUS,0,0,1,0,0,0,0,0,0,0,0,0,0,1,26,HOMBRE,ILESO,PASAJERO,NO,NO,1
26319,102200,102201,2021,2,0,-0.328398,-78.536718,PICHINCHA,QUITO,QUITO,URBANA,2021-04-23,09:30:00,9,VIERNES,5,ABRIL,4,NO,NO CEDER EL DERECHO DE VIA O PREFERENCIA DE PASO A VEHICULOS.,CHOQUE LATERAL,MOTOCICLETA,1,0,0,0,0,0,0,0,1,0,0,0,0,2,45,HOMBRE,LESIONADO,CONDUCTOR PRESENTE,NO,NO,1
26320,102204,102205,2021,0,0,-0.237587,-78.484667,PICHINCHA,QUITO,QUITO,URBANA,2021-04-23,10:55:00,10,VIERNES,5,ABRIL,4,NO,NO MANTENER LA DISTANCIA PRUDENCIAL CON RESPECTO AL VEHICULO QUE LE ANTECEDE.,CHOQUE POSTERIOR,AUTOMOVIL,2,0,0,0,0,0,0,0,0,0,0,0,0,2,39,HOMBRE,ILESO,CONDUCTOR PRESENTE,NO,NO,1
26321,102218,102219,2021,0,0,-0.328479,-78.522294,PICHINCHA,QUITO,QUITO,URBANA,2021-04-23,17:56:00,17,VIERNES,5,ABRIL,4,NO,"CONDICIONES AMBIENTALES Y/O ATMOSFERICAS (NIEBLA, NEBLINA, GRANIZO, LLUVIA).",CHOQUE LATERAL,CAMIONETA,1,0,0,0,1,0,0,0,0,0,0,0,0,2,44,HOMBRE,ILESO,CONDUCTOR PRESENTE,NO,NO,1
26322,102224,102225,2021,1,0,-0.184611,-78.344977,PICHINCHA,QUITO,TABABELA,RURAL,2021-04-23,18:30:00,18,VIERNES,5,ABRIL,4,NO,NO CEDER EL DERECHO DE VIA O PREFERENCIA DE PASO A VEHICULOS.,CHOQUE LATERAL,MOTOCICLETA,1,0,0,0,0,0,0,0,1,0,0,0,0,2,40,HOMBRE,LESIONADO,CONDUCTOR PRESENTE,NO,NO,3
26323,102228,102229,2021,0,0,-0.330833,-78.550659,PICHINCHA,QUITO,QUITO,URBANA,2021-04-23,19:05:00,19,VIERNES,5,ABRIL,4,NO,"NO RESPETAR LAS SENIALES REGLAMENTARIAS DE TRANSITO. (PARE, CEDA EL PASO, LUZ ROJA DEL SEMAFORO, ETC).",CHOQUE LATERAL,CAMIONETA,0,0,0,0,2,0,0,0,0,0,0,0,0,2,28,MUJER,ILESO,CONDUCTOR PRESENTE,NO,NO,1
26324,102233,102234,2021,3,0,-0.205501,-78.491986,PICHINCHA,QUITO,QUITO,URBANA,2021-04-23,19:45:00,19,VIERNES,5,ABRIL,4,NO,"NO RESPETAR LAS SENIALES REGLAMENTARIAS DE TRANSITO. (PARE, CEDA EL PASO, LUZ ROJA DEL SEMAFORO, ETC).",CHOQUE FRONTAL,AUTOMOVIL,2,0,0,0,0,0,0,0,0,0,0,0,0,2,22,HOMBRE,LESIONADO,PASAJERO,NO,NO,1
26325,102236,102237,2021,0,0,-0.314592,-78.549015,PICHINCHA,QUITO,QUITO,URBANA,2021-04-23,20:10:00,20,VIERNES,5,ABRIL,4,NO,CONDUCIR VEHICULO SUPERANDO LOS LIMITES MAXIMOS DE VELOCIDAD.,ESTRELLAMIENTOS,CAMION,0,0,0,1,0,0,0,0,0,0,0,0,0,1,46,MUJER,ILESO,CONDUCTOR PRESENTE,NO,NO,1
26326,102239,102240,2021,0,0,-0.254686,-78.504316,PICHINCHA,QUITO,QUITO,URBANA,2021-04-23,20:40:00,20,VIERNES,5,ABRIL,4,NO,"CONDUCE BAJO LA INFLUENCIA DE ALCOHOL, SUSTANCIAS ESTUPEFACIENTES O PSICOTROPICAS Y/O MEDICAMENTOS.",CHOQUE LATERAL,AUTOMOVIL,2,0,0,0,0,0,0,0,0,0,0,0,0,2,39,HOMBRE,ILESO,CONDUCTOR PRESENTE,NO,NO,1
26327,102245,102246,2021,1,0,-0.223612,-78.527258,PICHINCHA,QUITO,QUITO,URBANA,2021-04-23,22:00:00,22,VIERNES,5,ABRIL,4,NO,CONDUCIR VEHICULO SUPERANDO LOS LIMITES MAXIMOS DE VELOCIDAD.,VOLCAMIENTOS,AUTOMOVIL,1,0,0,0,0,0,0,0,0,0,0,0,0,1,28,HOMBRE,LESIONADO,CONDUCTOR PRESENTE,NO,NO,1
26328,102256,102257,2021,0,0,-0.189085,-78.511758,PICHINCHA,QUITO,QUITO,URBANA,2021-04-24,12:00:00,12,SABADO,6,ABRIL,4,NO,CONDUCIR VEHICULO SUPERANDO LOS LIMITES MAXIMOS DE VELOCIDAD.,ESTRELLAMIENTOS,AUTOMOVIL,1,0,0,0,0,0,0,0,0,0,0,0,0,1,27,HOMBRE,ILESO,CONDUCTOR PRESENTE,NO,NO,1
26329,102279,102280,2021,1,0,-0.185464,-78.344896,PICHINCHA,QUITO,TABABELA,RURAL,2021-04-26,06:15:00,6,LUNES,1,ABRIL,4,NO,NO MANTENER LA DISTANCIA PRUDENCIAL CON RESPECTO AL VEHICULO QUE LE ANTECEDE.,CHOQUE POSTERIOR,AUTOMOVIL,2,0,0,0,0,0,0,0,0,0,0,0,0,2,41,HOMBRE,LESIONADO,CONDUCTOR PRESENTE,NO,NO,3
26330,102298,102299,2021,0,1,0.083335,-79.237361,PICHINCHA,PUERTO QUITO,PUERTO QUITO,RURAL,2021-04-26,15:30:00,15,LUNES,1,ABRIL,4,NO,"CONDUCIR DESATENTO A LAS CONDICIONES DE TRANSITO (CELULAR, PANTALLAS DE VIDEO, COMIDA, MAQUILLAJE O CUALQUIER OTRO ELEMENTO DISTRACTOR).",CHOQUE FRONTAL,AUTOMOVIL,1,0,0,0,0,0,0,0,1,0,0,0,0,2,34,HOMBRE,FALLECIDO,CONDUCTOR PRESENTE,NO,SI,3
26331,102309,102310,2021,1,0,0.057101,-78.340409,PICHINCHA,PEDRO MONCAYO,MALCHINGUI,RURAL,2021-04-26,18:30:00,18,LUNES,1,ABRIL,4,NO,"CONDUCIR DESATENTO A LAS CONDICIONES DE TRANSITO (CELULAR, PANTALLAS DE VIDEO, COMIDA, MAQUILLAJE O CUALQUIER OTRO ELEMENTO DISTRACTOR).",CHOQUE LATERAL,CAMION,1,0,0,1,0,0,0,0,0,0,0,0,0,2,62,HOMBRE,LESIONADO,CONDUCTOR PRESENTE,NO,SI,3
26332,102310,102311,2021,0,0,-0.212824,-78.402686,PICHINCHA,QUITO,TUMBACO,RURAL,2021-04-26,19:00:00,19,LUNES,1,ABRIL,4,NO,"CONDUCE BAJO LA INFLUENCIA DE ALCOHOL, SUSTANCIAS ESTUPEFACIENTES O PSICOTROPICAS Y/O MEDICAMENTOS.",ROZAMIENTOS,AUTOMOVIL,2,0,0,0,0,0,0,0,0,0,0,0,0,2,85,HOMBRE,ILESO,CONDUCTOR PRESENTE,NO,NO,3
26333,102311,102312,2021,0,1,-0.245526,-78.501138,PICHINCHA,QUITO,QUITO,URBANA,2021-04-26,19:05:00,19,LUNES,1,ABRIL,4,NO,NO TRANSITAR POR LAS ACERAS O ZONAS DE SEGURIDAD DESTINADAS PARA EL EFECTO.,ARROLLAMIENTOS,NO IDENTIFICADO,0,0,0,0,0,0,0,0,0,1,0,0,0,1,60,HOMBRE,FALLECIDO,PEATON,NO,NO,1