,Unnamed: 0,ID,ANIO,LESIONADOS,FALLECIDOS,LATITUD_Y,LONGITUD_X,PROVINCIA,CANTON,PARROQUIA,ZONA,FECHA,HORA,PERIODO_2,DIA_1,DIA_2,MES_1,MES_2,FERIADO,CAUSA_PROBABLE,TIPO_DE_SINIESTRO,TIPO_DE_VEHICULO_1,AUTOMOVIL,BICICLETA,BUS,CAMION,CAMIONETA,EMERGENCIAS,ESPECIAL,FURGONETA,MOTOCICLETA,NO_IDENTIFICADO,SCOOTER_ELECTRICO,TRICIMOTO,VEHICULO_DEPORTIVO_UTILITARIO,SUMA_DE_VEHICULOS,EDAD_1,SEXO_1,CONDICION_1,PARTICIPANTE_1,CASCO_1,CINTURON_1,KMeans_Cluster
26334,102317,102318,2021,0,0,0.002359,-78.499597,PICHINCHA,QUITO,CALACALI,URBANA,2021-04-26,20:40:00,20,LUNES,1,ABRIL,4,NO,"CONDUCIR DESATENTO A LAS CONDICIONES DE TRANSITO (CELULAR, PANTALLAS DE VIDEO, COMIDA, MAQUILLAJE O CUALQUIER OTRO ELEMENTO DISTRACTOR).",ATROPELLOS,MOTOCICLETA,1,0,0,0,0,0,0,0,1,0,0,0,0,2,47,MUJER,ILESO,PEATON,NO,SI,1
26335,102319,102320,2021,0,0,0.002327,-78.499565,PICHINCHA,QUITO,CALACALI,URBANA,2021-04-26,21:00:00,21,LUNES,1,ABRIL,4,NO,"CONDICIONES AMBIENTALES Y/O ATMOSFERICAS (NIEBLA, NEBLINA, GRANIZO, LLUVIA).",CHOQUE POSTERIOR,AUTOMOVIL,1,0,0,0,0,0,0,0,0,0,0,0,0,1,41,HOMBRE,ILESO,CONDUCTOR PRESENTE,NO,SI,1
26336,102322,102323,2021,0,0,-0.262161,-78.548079,PICHINCHA,QUITO,QUITO,URBANA,2021-04-26,22:45:00,22,LUNES,1,ABRIL,4,NO,CONDUCIR VEHICULO SUPERANDO LOS LIMITES MAXIMOS DE VELOCIDAD.,OTROS,AUTOMOVIL,1,0,0,0,0,0,0,0,0,0,0,0,0,1,-1,NO IDENTIFICADO,NO IDENTIFICADO,CONDUCTOR AUSENTE,NO,NO,2
26337,102324,102325,2021,0,0,-0.323838,-78.550241,PICHINCHA,QUITO,QUITO,URBANA,2021-04-27,01:55:00,1,MARTES,2,ABRIL,4,NO,"CONDUCE BAJO LA INFLUENCIA DE ALCOHOL, SUSTANCIAS ESTUPEFACIENTES O PSICOTROPICAS Y/O MEDICAMENTOS.",CHOQUE POSTERIOR,AUTOMOVIL,2,0,0,0,0,0,0,0,0,0,0,0,0,2,40,HOMBRE,ILESO,CONDUCTOR PRESENTE,NO,NO,1
26338,102332,102333,2021,0,0,-0.080144,-78.457685,PICHINCHA,QUITO,QUITO,RURAL,2021-04-27,10:00:00,10,MARTES,2,ABRIL,4,NO,CONDUCIR VEHICULO SUPERANDO LOS LIMITES MAXIMOS DE VELOCIDAD.,ESTRELLAMIENTOS,AUTOMOVIL,1,0,0,0,0,0,0,0,0,0,0,0,0,1,25,HOMBRE,ILESO,CONDUCTOR PRESENTE,NO,NO,3
26339,102335,102336,2021,1,0,-0.260385,-78.547761,PICHINCHA,QUITO,QUITO,URBANA,2021-04-27,12:25:00,12,MARTES,2,ABRIL,4,NO,"CONDICIONES AMBIENTALES Y/O ATMOSFERICAS (NIEBLA, NEBLINA, GRANIZO, LLUVIA).",ATROPELLOS,MOTOCICLETA,0,0,0,0,0,0,0,0,1,0,0,0,0,1,66,HOMBRE,LESIONADO,PEATON,NO,NO,1
26340,102337,102338,2021,1,0,-0.311741,-78.441882,PICHINCHA,RUMINIAHUI,SANGOLQUI,RURAL,2021-04-27,12:45:00,12,MARTES,2,ABRIL,4,NO,"CONDUCIR DESATENTO A LAS CONDICIONES DE TRANSITO (CELULAR, PANTALLAS DE VIDEO, COMIDA, MAQUILLAJE O CUALQUIER OTRO ELEMENTO DISTRACTOR).",ATROPELLOS,CAMIONETA,0,0,0,0,1,0,0,0,0,0,0,0,0,1,22,HOMBRE,LESIONADO,PEATON,NO,SI,3
26341,102341,102342,2021,1,0,-0.162023,-78.318223,PICHINCHA,QUITO,YARUQUI,RURAL,2021-04-27,14:00:00,14,MARTES,2,ABRIL,4,NO,"CONDICIONES AMBIENTALES Y/O ATMOSFERICAS (NIEBLA, NEBLINA, GRANIZO, LLUVIA).",ATROPELLOS,AUTOMOVIL,1,0,0,0,0,0,0,0,0,0,0,0,0,1,52,MUJER,LESIONADO,PEATON,NO,NO,3
26342,102355,102356,2021,0,0,-0.232254,-78.505317,PICHINCHA,QUITO,QUITO,URBANA,2021-04-27,18:55:00,18,MARTES,2,ABRIL,4,NO,NO MANTENER LA DISTANCIA PRUDENCIAL CON RESPECTO AL VEHICULO QUE LE ANTECEDE.,CHOQUE POSTERIOR,AUTOMOVIL,2,0,0,0,0,0,0,0,0,0,0,0,0,2,70,HOMBRE,ILESO,CONDUCTOR PRESENTE,NO,NO,1
26343,102362,102363,2021,0,0,-0.442777,-78.629194,PICHINCHA,MEJIA,ALOAG,RURAL,2021-04-28,01:45:00,1,MIERCOLES,3,ABRIL,4,NO,"CONDUCIR DESATENTO A LAS CONDICIONES DE TRANSITO (CELULAR, PANTALLAS DE VIDEO, COMIDA, MAQUILLAJE O CUALQUIER OTRO ELEMENTO DISTRACTOR).",PERDIDA DE PISTA,CAMION,0,0,0,1,0,0,0,0,0,0,0,0,0,1,23,MUJER,ILESO,CONDUCTOR PRESENTE,NO,NO,3
26344,102367,102368,2021,0,0,-0.273707,-78.537301,PICHINCHA,QUITO,QUITO,URBANA,2021-04-28,07:18:00,7,MIERCOLES,3,ABRIL,4,NO,"NO RESPETAR LAS SENIALES REGLAMENTARIAS DE TRANSITO. (PARE, CEDA EL PASO, LUZ ROJA DEL SEMAFORO, ETC).",CHOQUE FRONTAL,CAMIONETA,1,0,0,0,1,0,0,0,0,0,0,0,0,2,59,HOMBRE,ILESO,CONDUCTOR PRESENTE,NO,NO,1
26345,102376,102377,2021,0,0,-0.237053,-78.486221,PICHINCHA,QUITO,QUITO,URBANA,2021-04-28,12:45:00,12,MIERCOLES,3,ABRIL,4,NO,CONDUCIR VEHICULO SUPERANDO LOS LIMITES MAXIMOS DE VELOCIDAD.,ESTRELLAMIENTOS,CAMION,0,0,0,1,0,0,0,0,0,0,0,0,0,1,34,HOMBRE,ILESO,CONDUCTOR PRESENTE,NO,NO,1
26346,102384,102385,2021,1,0,-0.295878,-78.556329,PICHINCHA,QUITO,QUITO,URBANA,2021-04-28,16:40:00,16,MIERCOLES,3,ABRIL,4,NO,"CONDICIONES AMBIENTALES Y/O ATMOSFERICAS (NIEBLA, NEBLINA, GRANIZO, LLUVIA).",ATROPELLOS,MOTOCICLETA,0,0,0,0,0,0,0,0,1,0,0,0,0,1,9,HOMBRE,LESIONADO,PEATON,NO,NO,1
26347,102392,102393,2021,0,0,0.212824,-78.402686,PICHINCHA,QUITO,SAN JOSE DE MINAS,RURAL,2021-04-28,19:05:00,19,MIERCOLES,3,ABRIL,4,NO,"CONDUCIR DESATENTO A LAS CONDICIONES DE TRANSITO (CELULAR, PANTALLAS DE VIDEO, COMIDA, MAQUILLAJE O CUALQUIER OTRO ELEMENTO DISTRACTOR).",CHOQUE FRONTAL,AUTOMOVIL,1,0,0,0,1,0,0,0,0,0,0,0,0,2,48,MUJER,ILESO,CONDUCTOR PRESENTE,NO,NO,3
26348,102394,102395,2021,0,0,-0.129461,-78.476388,PICHINCHA,QUITO,QUITO,URBANA,2021-04-28,19:44:00,19,MIERCOLES,3,ABRIL,4,NO,"CONDUCE BAJO LA INFLUENCIA DE ALCOHOL, SUSTANCIAS ESTUPEFACIENTES O PSICOTROPICAS Y/O MEDICAMENTOS.",ESTRELLAMIENTOS,CAMIONETA,0,0,0,0,1,0,0,0,0,0,0,0,0,1,61,HOMBRE,ILESO,CONDUCTOR PRESENTE,NO,NO,1
26349,102395,102396,2021,3,0,-0.295459,-78.528204,PICHINCHA,QUITO,QUITO,URBANA,2021-04-28,19:57:00,19,MIERCOLES,3,ABRIL,4,NO,NO TRANSITAR POR LAS ACERAS O ZONAS DE SEGURIDAD DESTINADAS PARA EL EFECTO.,ATROPELLOS,MOTOCICLETA,0,0,0,0,0,0,0,0,1,0,0,0,0,1,13,HOMBRE,LESIONADO,PEATON,NO,NO,1
26350,102398,102399,2021,0,0,-0.196391,-78.493156,PICHINCHA,QUITO,QUITO,URBANA,2021-04-28,20:10:00,20,MIERCOLES,3,ABRIL,4,NO,"CONDICIONES AMBIENTALES Y/O ATMOSFERICAS (NIEBLA, NEBLINA, GRANIZO, LLUVIA).",OTROS,AUTOMOVIL,1,0,0,0,0,0,0,0,0,0,0,0,0,1,-1,NO IDENTIFICADO,NO IDENTIFICADO,CONDUCTOR AUSENTE,NO,NO,2
26351,102403,102404,2021,0,0,-0.318479,-78.448191,PICHINCHA,RUMINIAHUI,SANGOLQUI,URBANA,2021-04-29,00:25:00,0,JUEVES,4,ABRIL,4,SI,"CONDICIONES AMBIENTALES Y/O ATMOSFERICAS (NIEBLA, NEBLINA, GRANIZO, LLUVIA).",PERDIDA DE CARRIL,VEHICULO DEPORTIVO UTILITARIO,0,0,0,0,0,0,0,0,0,0,0,0,1,1,36,HOMBRE,ILESO,CONDUCTOR PRESENTE,NO,SI,1
26352,102404,102405,2021,0,0,-0.115548,-78.474521,PICHINCHA,QUITO,QUITO,URBANA,2021-04-29,02:50:00,2,JUEVES,4,ABRIL,4,SI,CONDUCIR VEHICULO SUPERANDO LOS LIMITES MAXIMOS DE VELOCIDAD.,ESTRELLAMIENTOS,AUTOMOVIL,1,0,0,0,0,0,0,0,0,0,0,0,0,1,-1,NO IDENTIFICADO,NO IDENTIFICADO,CONDUCTOR AUSENTE,NO,NO,2
26353,102432,102433,2021,0,0,-0.085198,-78.468861,PICHINCHA,QUITO,QUITO,URBANA,2021-04-29,16:55:00,16,JUEVES,4,ABRIL,4,SI,"FALLA MECANICA EN LOS SISTEMAS Y/O NEUMATICOS (SISTEMA DE FRENOS, DIRECCION, ELECTRONICO O MECANICO).",ESTRELLAMIENTOS,AUTOMOVIL,3,0,0,0,0,0,0,0,0,0,0,0,0,3,-1,NO IDENTIFICADO,NO IDENTIFICADO,CONDUCTOR AUSENTE,NO,NO,2
26354,102443,102444,2021,0,0,-0.128543,-78.487431,PICHINCHA,QUITO,QUITO,URBANA,2021-04-29,19:49:00,19,JUEVES,4,ABRIL,4,SI,"CONDUCE BAJO LA INFLUENCIA DE ALCOHOL, SUSTANCIAS ESTUPEFACIENTES O PSICOTROPICAS Y/O MEDICAMENTOS.",CHOQUE POSTERIOR,AUTOMOVIL,1,0,0,0,0,0,0,1,0,0,0,0,0,2,25,HOMBRE,ILESO,CONDUCTOR PRESENTE,NO,NO,1
26355,102444,102445,2021,3,0,-0.195969,-78.495101,PICHINCHA,QUITO,QUITO,URBANA,2021-04-29,19:50:00,19,JUEVES,4,ABRIL,4,SI,"CONDUCE BAJO LA INFLUENCIA DE ALCOHOL, SUSTANCIAS ESTUPEFACIENTES O PSICOTROPICAS Y/O MEDICAMENTOS.",CHOQUE LATERAL,FURGONETA,1,0,0,0,0,0,0,1,0,0,0,0,0,2,50,MUJER,LESIONADO,PASAJERO,NO,NO,1
26356,102446,102447,2021,0,0,-0.199835,-78.482753,PICHINCHA,QUITO,QUITO,URBANA,2021-04-29,20:00:00,20,JUEVES,4,ABRIL,4,SI,NO GUARDAR LA DISTANCIA LATERAL MINIMA DE SEGURIDAD ENTRE VEHICULOS.,CHOQUE LATERAL,AUTOMOVIL,2,0,0,0,0,0,0,0,0,0,0,0,0,2,35,MUJER,ILESO,PASAJERO,NO,NO,1
26357,102449,102450,2021,0,0,-0.212824,-78.402686,PICHINCHA,QUITO,TUMBACO,RURAL,2021-04-29,20:40:00,20,JUEVES,4,ABRIL,4,SI,CONDUCIR VEHICULO SUPERANDO LOS LIMITES MAXIMOS DE VELOCIDAD.,ESTRELLAMIENTOS,CAMIONETA,0,0,0,0,1,0,0,0,0,0,0,0,0,1,-1,NO IDENTIFICADO,NO IDENTIFICADO,CONDUCTOR AUSENTE,NO,NO,2
26358,102454,102455,2021,0,0,-0.291508,-78.517919,PICHINCHA,QUITO,QUITO,URBANA,2021-04-29,22:00:00,22,JUEVES,4,ABRIL,4,SI,CONDUCIR VEHICULO SUPERANDO LOS LIMITES MAXIMOS DE VELOCIDAD.,ESTRELLAMIENTOS,AUTOMOVIL,1,0,0,0,0,0,0,0,0,0,0,0,0,1,-1,NO IDENTIFICADO,NO IDENTIFICADO,CONDUCTOR AUSENTE,NO,NO,2
26359,102457,102458,2021,0,0,-0.216651,-78.496365,PICHINCHA,QUITO,QUITO,URBANA,2021-04-30,00:15:00,0,VIERNES,5,ABRIL,4,SI,"CONDUCE BAJO LA INFLUENCIA DE ALCOHOL, SUSTANCIAS ESTUPEFACIENTES O PSICOTROPICAS Y/O MEDICAMENTOS.",CHOQUE LATERAL,EMERGENCIAS,1,0,0,0,0,1,0,0,0,0,0,0,0,2,26,MUJER,ILESO,PASAJERO,NO,NO,1
26360,102458,102459,2021,0,0,-0.237601,-78.484461,PICHINCHA,QUITO,QUITO,URBANA,2021-04-30,01:50:00,1,VIERNES,5,ABRIL,4,SI,CONDUCIR VEHICULO SUPERANDO LOS LIMITES MAXIMOS DE VELOCIDAD.,ESTRELLAMIENTOS,CAMION,0,0,0,1,0,0,0,0,0,0,0,0,0,1,-1,NO IDENTIFICADO,NO IDENTIFICADO,CONDUCTOR AUSENTE,NO,NO,2
26361,102460,102461,2021,1,0,-0.471622,-78.566311,PICHINCHA,MEJIA,MACHACHI,RURAL,2021-04-30,02:20:00,2,VIERNES,5,ABRIL,4,SI,"CONDUCIR DESATENTO A LAS CONDICIONES DE TRANSITO (CELULAR, PANTALLAS DE VIDEO, COMIDA, MAQUILLAJE O CUALQUIER OTRO ELEMENTO DISTRACTOR).",CAIDA DE PASAJERO,MOTOCICLETA,0,0,0,0,0,0,0,0,1,0,0,0,0,1,34,HOMBRE,LESIONADO,PASAJERO,NO,SI,3
26362,102462,102463,2021,0,0,-0.471575,-78.566306,PICHINCHA,MEJIA,MACHACHI,RURAL,2021-04-30,02:50:00,2,VIERNES,5,ABRIL,4,SI,"CONDUCIR DESATENTO A LAS CONDICIONES DE TRANSITO (CELULAR, PANTALLAS DE VIDEO, COMIDA, MAQUILLAJE O CUALQUIER OTRO ELEMENTO DISTRACTOR).",ESTRELLAMIENTOS,CAMIONETA,1,0,0,1,1,0,0,0,0,0,0,0,0,3,60,HOMBRE,ILESO,CONDUCTOR PRESENTE,NO,SI,3
26363,102469,102470,2021,0,0,-0.190369,-78.484933,PICHINCHA,QUITO,QUITO,URBANA,2021-04-30,06:30:00,6,VIERNES,5,ABRIL,4,SI,NO GUARDAR LA DISTANCIA LATERAL MINIMA DE SEGURIDAD ENTRE VEHICULOS.,CHOQUE LATERAL,AUTOMOVIL,2,0,0,0,0,0,0,0,0,0,0,0,0,2,26,HOMBRE,ILESO,CONDUCTOR PRESENTE,NO,NO,1
26364,102472,102473,2021,0,1,-0.237474,-78.484642,PICHINCHA,QUITO,QUITO,URBANA,2021-04-30,07:40:00,7,VIERNES,5,ABRIL,4,SI,CONDUCIR VEHICULO SUPERANDO LOS LIMITES MAXIMOS DE VELOCIDAD.,VOLCAMIENTOS,MOTOCICLETA,0,0,0,0,0,0,0,0,1,0,0,0,0,1,38,HOMBRE,FALLECIDO,CONDUCTOR PRESENTE,NO,NO,1
26365,102486,102487,2021,0,0,-0.262921,-78.557301,PICHINCHA,QUITO,QUITO,URBANA,2021-04-30,11:30:00,11,VIERNES,5,ABRIL,4,SI,CONDUCIR VEHICULO SUPERANDO LOS LIMITES MAXIMOS DE VELOCIDAD.,PERDIDA DE CARRIL,AUTOMOVIL,1,0,0,0,0,0,0,0,0,0,0,0,0,1,-1,NO IDENTIFICADO,NO IDENTIFICADO,CONDUCTOR AUSENTE,NO,NO,2
26366,102492,102493,2021,2,0,-0.148861,-78.443461,PICHINCHA,QUITO,ZAMBIZA,RURAL,2021-04-30,12:45:00,12,VIERNES,5,ABRIL,4,SI,NO MANTENER LA DISTANCIA PRUDENCIAL CON RESPECTO AL VEHICULO QUE LE ANTECEDE.,COLISION,AUTOMOVIL,2,0,0,0,0,0,0,0,0,1,0,0,0,3,64,MUJER,LESIONADO,PASAJERO,NO,NO,3
26367,102496,102497,2021,0,0,-0.099083,-78.421844,PICHINCHA,QUITO,CALDERON (CARAPUNGO),RURAL,2021-04-30,14:00:00,14,VIERNES,5,ABRIL,4,SI,CONDUCIR VEHICULO SUPERANDO LOS LIMITES MAXIMOS DE VELOCIDAD.,ESTRELLAMIENTOS,CAMIONETA,0,0,0,0,1,0,0,0,0,0,0,0,0,1,51,HOMBRE,ILESO,CONDUCTOR PRESENTE,NO,NO,3
26368,102501,102502,2021,1,0,-0.169297,-78.476217,PICHINCHA,QUITO,QUITO,URBANA,2021-04-30,16:20:00,16,VIERNES,5,ABRIL,4,SI,"CONDICIONES AMBIENTALES Y/O ATMOSFERICAS (NIEBLA, NEBLINA, GRANIZO, LLUVIA).",CHOQUE LATERAL,MOTOCICLETA,0,0,0,0,0,0,0,0,2,0,0,0,0,2,28,HOMBRE,LESIONADO,CONDUCTOR PRESENTE,NO,NO,1
26369,102508,102509,2021,0,0,-0.197826,-78.466466,PICHINCHA,QUITO,QUITO,URBANA,2021-04-30,18:40:00,18,VIERNES,5,ABRIL,4,SI,NO MANTENER LA DISTANCIA PRUDENCIAL CON RESPECTO AL VEHICULO QUE LE ANTECEDE.,COLISION,AUTOMOVIL,3,0,0,0,0,0,0,0,0,0,0,0,0,3,22,HOMBRE,ILESO,CONDUCTOR PRESENTE,NO,NO,1
26370,102515,102516,2021,0,0,-0.249051,-78.529551,PICHINCHA,QUITO,QUITO,URBANA,2021-04-30,20:30:00,20,VIERNES,5,ABRIL,4,SI,"CONDICIONES AMBIENTALES Y/O ATMOSFERICAS (NIEBLA, NEBLINA, GRANIZO, LLUVIA).",ESTRELLAMIENTOS,AUTOMOVIL,1,0,0,0,0,0,0,0,0,0,0,0,0,1,-1,NO IDENTIFICADO,NO IDENTIFICADO,CONDUCTOR AUSENTE,NO,NO,2
26371,102518,102519,2021,0,0,-0.290711,-78.519445,PICHINCHA,QUITO,QUITO,URBANA,2021-04-30,21:35:00,21,VIERNES,5,ABRIL,4,SI,CONDUCIR VEHICULO SUPERANDO LOS LIMITES MAXIMOS DE VELOCIDAD.,OTROS,CAMIONETA,0,0,0,0,1,0,0,0,0,0,0,0,0,1,-1,NO IDENTIFICADO,NO IDENTIFICADO,CONDUCTOR AUSENTE,NO,NO,2
26372,102519,102520,2021,0,0,-0.139569,-78.503506,PICHINCHA,QUITO,QUITO,URBANA,2021-04-30,21:45:00,21,VIERNES,5,ABRIL,4,SI,"NO RESPETAR LAS SENIALES REGLAMENTARIAS DE TRANSITO. (PARE, CEDA EL PASO, LUZ ROJA DEL SEMAFORO, ETC).",ESTRELLAMIENTOS,CAMIONETA,0,0,0,0,1,0,0,0,0,0,0,0,0,1,-1,NO IDENTIFICADO,NO IDENTIFICADO,CONDUCTOR AUSENTE,NO,NO,2
26373,102529,102530,2021,0,0,-0.291889,-78.558471,PICHINCHA,QUITO,QUITO,URBANA,2021-05-01,08:45:00,8,SABADO,6,MAYO,5,SI,NO CEDER EL DERECHO DE VIA O PREFERENCIA DE PASO A VEHICULOS.,CHOQUE LATERAL,CAMIONETA,1,0,0,0,1,0,0,0,0,0,0,0,0,2,24,MUJER,ILESO,PASAJERO,NO,NO,1
26374,102536,102537,2021,1,0,-0.159769,-78.487768,PICHINCHA,QUITO,QUITO,URBANA,2021-05-01,14:10:00,14,SABADO,6,MAYO,5,SI,NO CEDER EL DERECHO DE VIA O PREFERENCIA DE PASO A VEHICULOS.,CHOQUE LATERAL,MOTOCICLETA,1,0,0,0,0,0,0,0,1,0,0,0,0,2,27,HOMBRE,LESIONADO,CONDUCTOR PRESENTE,NO,NO,1
26375,102548,102549,2021,0,1,-0.468086,-78.565655,PICHINCHA,MEJIA,MACHACHI,RURAL,2021-05-01,21:05:00,21,SABADO,6,MAYO,5,SI,"CONDUCIR DESATENTO A LAS CONDICIONES DE TRANSITO (CELULAR, PANTALLAS DE VIDEO, COMIDA, MAQUILLAJE O CUALQUIER OTRO ELEMENTO DISTRACTOR).",ATROPELLOS,NO IDENTIFICADO,0,0,0,0,0,0,0,0,0,1,0,0,0,1,0,HOMBRE,FALLECIDO,PEATON,NO,SI,3
26376,102576,102577,2021,0,0,-0.327124,-78.550467,PICHINCHA,QUITO,QUITO,URBANA,2021-05-03,07:43:00,7,LUNES,1,MAYO,5,NO,"CONDICIONES AMBIENTALES Y/O ATMOSFERICAS (NIEBLA, NEBLINA, GRANIZO, LLUVIA).",ESTRELLAMIENTOS,AUTOMOVIL,1,0,0,0,0,0,0,0,0,0,0,0,0,1,46,MUJER,ILESO,CONDUCTOR PRESENTE,NO,NO,1
26377,102585,102586,2021,1,0,-0.323661,-78.556475,PICHINCHA,QUITO,QUITO,URBANA,2021-05-03,10:30:00,10,LUNES,1,MAYO,5,NO,"NO RESPETAR LAS SENIALES REGLAMENTARIAS DE TRANSITO. (PARE, CEDA EL PASO, LUZ ROJA DEL SEMAFORO, ETC).",CHOQUE LATERAL,MOTOCICLETA,1,0,0,0,0,0,0,0,1,0,0,0,0,2,21,HOMBRE,LESIONADO,CONDUCTOR PRESENTE,NO,NO,1
26378,102586,102587,2021,0,0,-0.263991,-78.487764,PICHINCHA,QUITO,CONOCOTO,RURAL,2021-05-03,11:15:00,11,LUNES,1,MAYO,5,NO,NO MANTENER LA DISTANCIA PRUDENCIAL CON RESPECTO AL VEHICULO QUE LE ANTECEDE.,CHOQUE POSTERIOR,AUTOMOVIL,1,0,0,1,0,0,0,0,0,0,0,0,0,2,31,HOMBRE,ILESO,CONDUCTOR PRESENTE,NO,NO,3
26379,102598,102599,2021,0,0,-0.289913,-78.537629,PICHINCHA,QUITO,QUITO,URBANA,2021-05-03,16:10:00,16,LUNES,1,MAYO,5,NO,REALIZAR CAMBIO BRUSCO O INDEBIDO DE CARRIL.,CHOQUE FRONTAL,AUTOMOVIL,1,0,0,0,1,0,0,0,0,0,0,0,0,2,31,HOMBRE,ILESO,CONDUCTOR PRESENTE,NO,NO,1
26380,102601,102602,2021,0,0,-0.237728,-78.490401,PICHINCHA,QUITO,QUITO,URBANA,2021-05-03,17:10:00,17,LUNES,1,MAYO,5,NO,CONDUCIR VEHICULO SUPERANDO LOS LIMITES MAXIMOS DE VELOCIDAD.,ESTRELLAMIENTOS,CAMION,0,0,0,1,0,0,0,0,0,0,0,0,0,1,23,HOMBRE,ILESO,CONDUCTOR PRESENTE,NO,NO,1
26381,102603,102604,2021,0,0,-0.351431,-78.557501,PICHINCHA,QUITO,QUITO,URBANA,2021-05-03,17:20:00,17,LUNES,1,MAYO,5,NO,CONDUCIR VEHICULO SUPERANDO LOS LIMITES MAXIMOS DE VELOCIDAD.,OTROS,CAMION,0,0,0,1,0,0,0,0,0,0,0,0,0,1,30,HOMBRE,ILESO,CONDUCTOR PRESENTE,NO,NO,1
26382,102604,102605,2021,0,0,-0.159774,-78.490108,PICHINCHA,QUITO,QUITO,URBANA,2021-05-03,17:30:00,17,LUNES,1,MAYO,5,NO,NO MANTENER LA DISTANCIA PRUDENCIAL CON RESPECTO AL VEHICULO QUE LE ANTECEDE.,COLISION,AUTOMOVIL,3,0,0,0,0,0,0,0,0,0,0,0,0,3,41,MUJER,ILESO,CONDUCTOR PRESENTE,NO,NO,1
26383,102615,102616,2021,0,0,-0.242681,-78.497364,PICHINCHA,QUITO,QUITO,URBANA,2021-05-03,23:45:00,23,LUNES,1,MAYO,5,NO,CONDUCIR VEHICULO SUPERANDO LOS LIMITES MAXIMOS DE VELOCIDAD.,ESTRELLAMIENTOS,AUTOMOVIL,1,0,0,0,0,0,0,0,0,0,0,0,0,1,-1,NO IDENTIFICADO,NO IDENTIFICADO,CONDUCTOR AUSENTE,NO,NO,2
26384,102620,102621,2021,1,0,-0.156069,-78.439391,PICHINCHA,QUITO,NAYON,RURAL,2021-05-04,08:20:00,8,MARTES,2,MAYO,5,NO,CONDUCIR VEHICULO SUPERANDO LOS LIMITES MAXIMOS DE VELOCIDAD.,COLISION,AUTOMOVIL,3,0,1,0,0,0,0,0,0,0,0,0,0,4,29,MUJER,LESIONADO,PASAJERO,NO,NO,3
26385,102631,102632,2021,1,0,-0.088878,-78.531552,PICHINCHA,QUITO,QUITO,URBANA,2021-05-04,13:15:00,13,MARTES,2,MAYO,5,NO,PEATON QUE CRUZA LA CALZADA SIN RESPETAR LA SENIALIZACION EXISTENTE (SEMAFOROS O SENIALES MANUALES).,ATROPELLOS,BUS,0,0,1,0,0,0,0,0,0,0,0,0,0,1,60,HOMBRE,LESIONADO,PEATON,NO,NO,1
26386,102642,102643,2021,0,0,-0.133413,-78.494035,PICHINCHA,QUITO,QUITO,URBANA,2021-05-04,17:00:00,17,MARTES,2,MAYO,5,NO,"NO RESPETAR LAS SENIALES REGLAMENTARIAS DE TRANSITO. (PARE, CEDA EL PASO, LUZ ROJA DEL SEMAFORO, ETC).",CHOQUE LATERAL,AUTOMOVIL,2,0,0,0,0,0,0,0,0,0,0,0,0,2,52,HOMBRE,ILESO,CONDUCTOR PRESENTE,NO,NO,1
26387,102676,102677,2021,0,0,-0.247141,-78.475845,PICHINCHA,QUITO,QUITO,RURAL,2021-05-05,11:30:00,11,MIERCOLES,3,MAYO,5,NO,"CONDUCE BAJO LA INFLUENCIA DE ALCOHOL, SUSTANCIAS ESTUPEFACIENTES O PSICOTROPICAS Y/O MEDICAMENTOS.",CHOQUE LATERAL,ESPECIAL,1,0,0,0,1,0,1,0,0,0,0,0,0,3,31,HOMBRE,ILESO,CONDUCTOR PRESENTE,NO,NO,3
26388,102679,102680,2021,0,0,-0.238771,-78.531742,PICHINCHA,QUITO,QUITO,URBANA,2021-05-05,12:55:00,12,MIERCOLES,3,MAYO,5,NO,"NO RESPETAR LAS SENIALES REGLAMENTARIAS DE TRANSITO. (PARE, CEDA EL PASO, LUZ ROJA DEL SEMAFORO, ETC).",CHOQUE LATERAL,AUTOMOVIL,2,0,0,0,0,0,0,0,0,0,0,0,0,2,40,HOMBRE,ILESO,CONDUCTOR PRESENTE,NO,NO,1
26389,102681,102682,2021,1,0,-0.318599,-78.472483,PICHINCHA,QUITO,CONOCOTO,RURAL,2021-05-05,13:45:00,13,MIERCOLES,3,MAYO,5,NO,NO CEDER EL DERECHO DE VIA O PREFERENCIA DE PASO A VEHICULOS.,CHOQUE LATERAL,MOTOCICLETA,1,0,0,0,0,0,0,0,1,0,0,0,0,2,21,HOMBRE,LESIONADO,CONDUCTOR PRESENTE,NO,NO,3
26390,102704,102705,2021,0,0,-0.159772,-78.487867,PICHINCHA,QUITO,QUITO,URBANA,2021-05-05,23:40:00,23,MIERCOLES,3,MAYO,5,NO,CONDUCIR VEHICULO SUPERANDO LOS LIMITES MAXIMOS DE VELOCIDAD.,ESTRELLAMIENTOS,AUTOMOVIL,1,0,0,0,0,0,0,0,0,0,0,0,0,1,-1,NO IDENTIFICADO,NO IDENTIFICADO,CONDUCTOR AUSENTE,NO,NO,2
26391,102712,102713,2021,0,0,-0.305953,-78.470254,PICHINCHA,QUITO,CONOCOTO,RURAL,2021-05-06,10:00:00,10,JUEVES,4,MAYO,5,NO,"NO RESPETAR LAS SENIALES REGLAMENTARIAS DE TRANSITO. (PARE, CEDA EL PASO, LUZ ROJA DEL SEMAFORO, ETC).",CHOQUE LATERAL,CAMIONETA,0,0,0,0,2,0,0,0,0,0,0,0,0,2,46,MUJER,ILESO,CONDUCTOR PRESENTE,NO,NO,3