,Unnamed: 0,ID,ANIO,LESIONADOS,FALLECIDOS,LATITUD_Y,LONGITUD_X,PROVINCIA,CANTON,PARROQUIA,ZONA,FECHA,HORA,PERIODO_2,DIA_1,DIA_2,MES_1,MES_2,FERIADO,CAUSA_PROBABLE,TIPO_DE_SINIESTRO,TIPO_DE_VEHICULO_1,AUTOMOVIL,BICICLETA,BUS,CAMION,CAMIONETA,EMERGENCIAS,ESPECIAL,FURGONETA,MOTOCICLETA,NO_IDENTIFICADO,SCOOTER_ELECTRICO,TRICIMOTO,VEHICULO_DEPORTIVO_UTILITARIO,SUMA_DE_VEHICULOS,EDAD_1,SEXO_1,CONDICION_1,PARTICIPANTE_1,CASCO_1,CINTURON_1,KMeans_Cluster
26392,102718,102719,2021,2,0,-0.190933,-78.480366,PICHINCHA,QUITO,QUITO,RURAL,2021-05-06,11:30:00,11,JUEVES,4,MAYO,5,NO,REALIZAR CAMBIO BRUSCO O INDEBIDO DE CARRIL.,CHOQUE FRONTAL,AUTOMOVIL,2,0,0,0,0,0,0,0,0,0,0,0,0,2,50,MUJER,LESIONADO,CONDUCTOR PRESENTE,NO,NO,3
26393,102727,102728,2021,0,0,-0.123564,-78.503311,PICHINCHA,QUITO,QUITO,URBANA,2021-05-06,17:12:00,17,JUEVES,4,MAYO,5,NO,NO MANTENER LA DISTANCIA PRUDENCIAL CON RESPECTO AL VEHICULO QUE LE ANTECEDE.,CHOQUE POSTERIOR,AUTOMOVIL,1,0,0,0,1,0,0,0,0,0,0,0,0,2,45,MUJER,ILESO,CONDUCTOR PRESENTE,NO,NO,1
26394,102745,102746,2021,0,0,-0.035668,-78.453726,PICHINCHA,QUITO,POMASQUI,RURAL,2021-05-07,06:20:00,6,VIERNES,5,MAYO,5,NO,"CONDUCIR DESATENTO A LAS CONDICIONES DE TRANSITO (CELULAR, PANTALLAS DE VIDEO, COMIDA, MAQUILLAJE O CUALQUIER OTRO ELEMENTO DISTRACTOR).",CHOQUE FRONTAL,VEHICULO DEPORTIVO UTILITARIO,0,0,0,1,0,0,0,0,0,0,0,0,1,2,37,HOMBRE,ILESO,CONDUCTOR PRESENTE,NO,SI,3
26395,102747,102748,2021,0,1,-0.302569,-78.553444,PICHINCHA,QUITO,QUITO,URBANA,2021-05-07,07:40:00,7,VIERNES,5,MAYO,5,NO,BAJARSE O SUBIRSE DE VEHICULOS EN MOVIMIENTO SIN TOMAR LAS PRECAUCIONES DEBIDAS.,ROZAMIENTOS,BUS,1,0,1,0,0,0,0,0,0,0,0,0,0,2,42,HOMBRE,FALLECIDO,PASAJERO,NO,NO,1
26396,102753,102754,2021,1,0,-0.203601,-78.483076,PICHINCHA,QUITO,QUITO,URBANA,2021-05-07,10:10:00,10,VIERNES,5,MAYO,5,NO,"NO RESPETAR LAS SENIALES REGLAMENTARIAS DE TRANSITO. (PARE, CEDA EL PASO, LUZ ROJA DEL SEMAFORO, ETC).",CHOQUE LATERAL,MOTOCICLETA,1,0,0,0,0,0,0,0,1,0,0,0,0,2,42,HOMBRE,LESIONADO,CONDUCTOR PRESENTE,NO,NO,1
26397,102758,102759,2021,0,0,-0.212176,-78.484088,PICHINCHA,QUITO,QUITO,URBANA,2021-05-07,14:10:00,14,VIERNES,5,MAYO,5,NO,NO GUARDAR LA DISTANCIA LATERAL MINIMA DE SEGURIDAD ENTRE VEHICULOS.,CHOQUE LATERAL,BUS,1,0,1,0,0,0,0,0,0,0,0,0,0,2,24,HOMBRE,ILESO,CONDUCTOR PRESENTE,NO,NO,1
26398,102763,102764,2021,0,0,-0.034166,-78.453812,PICHINCHA,QUITO,POMASQUI,RURAL,2021-05-07,15:30:00,15,VIERNES,5,MAYO,5,NO,NO TRANSITAR POR LAS ACERAS O ZONAS DE SEGURIDAD DESTINADAS PARA EL EFECTO.,PERDIDA DE CARRIL,CAMION,0,0,0,1,0,0,0,0,0,0,0,0,0,1,20,HOMBRE,ILESO,CONDUCTOR PRESENTE,NO,SI,3
26399,102778,102779,2021,0,0,-0.307923,-78.545151,PICHINCHA,QUITO,QUITO,URBANA,2021-05-07,18:00:00,18,VIERNES,5,MAYO,5,NO,NO MANTENER LA DISTANCIA PRUDENCIAL CON RESPECTO AL VEHICULO QUE LE ANTECEDE.,COLISION,CAMIONETA,2,0,0,0,1,0,0,0,0,0,0,0,0,3,30,HOMBRE,ILESO,CONDUCTOR PRESENTE,NO,NO,1
26400,102781,102782,2021,0,0,-0.441333,-78.712305,PICHINCHA,MEJIA,ALOAG,RURAL,2021-05-07,18:35:00,18,VIERNES,5,MAYO,5,NO,"CONDUCIR DESATENTO A LAS CONDICIONES DE TRANSITO (CELULAR, PANTALLAS DE VIDEO, COMIDA, MAQUILLAJE O CUALQUIER OTRO ELEMENTO DISTRACTOR).",PERDIDA DE PISTA,VEHICULO DEPORTIVO UTILITARIO,1,0,0,0,0,0,0,0,0,0,0,0,1,2,-1,HOMBRE,ILESO,CONDUCTOR PRESENTE,NO,NO,3
26401,102782,102783,2021,2,0,-0.214883,-78.433737,PICHINCHA,QUITO,CUMBAYA,RURAL,2021-05-07,18:41:00,18,VIERNES,5,MAYO,5,NO,"NO RESPETAR LAS SENIALES REGLAMENTARIAS DE TRANSITO. (PARE, CEDA EL PASO, LUZ ROJA DEL SEMAFORO, ETC).",CHOQUE LATERAL,AUTOMOVIL,1,0,0,0,0,0,0,0,1,0,0,0,0,2,22,MUJER,LESIONADO,CONDUCTOR PRESENTE,NO,NO,3
26402,102786,102787,2021,0,0,-0.163611,-78.496389,PICHINCHA,QUITO,QUITO,URBANA,2021-05-07,19:10:00,19,VIERNES,5,MAYO,5,NO,CONDUCIR VEHICULO SUPERANDO LOS LIMITES MAXIMOS DE VELOCIDAD.,ESTRELLAMIENTOS,AUTOMOVIL,1,0,0,0,0,0,0,0,0,0,0,0,0,1,-1,NO IDENTIFICADO,NO IDENTIFICADO,CONDUCTOR AUSENTE,NO,NO,2
26403,102794,102795,2021,1,0,-0.228792,-78.503902,PICHINCHA,QUITO,QUITO,URBANA,2021-05-07,20:05:00,20,VIERNES,5,MAYO,5,NO,"CONDUCE BAJO LA INFLUENCIA DE ALCOHOL, SUSTANCIAS ESTUPEFACIENTES O PSICOTROPICAS Y/O MEDICAMENTOS.",CHOQUE FRONTAL,AUTOMOVIL,2,0,0,0,0,0,0,0,0,0,0,0,0,2,57,HOMBRE,LESIONADO,CONDUCTOR PRESENTE,NO,NO,1
26404,102811,102812,2021,0,0,-0.177282,-78.359537,PICHINCHA,QUITO,PUEMBO,RURAL,2021-05-08,02:25:00,2,SABADO,6,MAYO,5,NO,REALIZAR CAMBIO BRUSCO O INDEBIDO DE CARRIL.,CHOQUE FRONTAL,AUTOMOVIL,2,0,0,0,0,0,0,0,0,0,0,0,0,2,28,HOMBRE,ILESO,CONDUCTOR PRESENTE,NO,NO,3
26405,102813,102814,2021,0,1,-0.099083,-78.421844,PICHINCHA,QUITO,CALDERON (CARAPUNGO),RURAL,2021-05-08,02:50:00,2,SABADO,6,MAYO,5,NO,"CONDUCIR EN ESTADO DE SOMNOLENCIA O MALAS CONDICIONES FISICAS (SUENIO, CANSANCIO Y FATIGA).",PERDIDA DE CARRIL,MOTOCICLETA,0,0,0,0,0,0,0,0,1,0,0,0,0,1,29,HOMBRE,FALLECIDO,CONDUCTOR PRESENTE,NO,NO,3
26406,102816,102817,2021,0,0,-0.190134,-78.454044,PICHINCHA,QUITO,NAYON,RURAL,2021-05-08,03:35:00,3,SABADO,6,MAYO,5,NO,"CONDUCE BAJO LA INFLUENCIA DE ALCOHOL, SUSTANCIAS ESTUPEFACIENTES O PSICOTROPICAS Y/O MEDICAMENTOS.",VOLCAMIENTOS,AUTOMOVIL,1,0,0,0,0,0,0,0,0,0,0,0,0,1,30,MUJER,ILESO,PASAJERO,NO,NO,3
26407,102825,102826,2021,0,0,-0.258767,-78.552422,PICHINCHA,QUITO,QUITO,URBANA,2021-05-08,11:01:00,11,SABADO,6,MAYO,5,NO,"CONDUCE BAJO LA INFLUENCIA DE ALCOHOL, SUSTANCIAS ESTUPEFACIENTES O PSICOTROPICAS Y/O MEDICAMENTOS.",ESTRELLAMIENTOS,AUTOMOVIL,1,0,0,0,0,0,0,0,0,0,0,0,0,1,31,HOMBRE,ILESO,CONDUCTOR PRESENTE,NO,NO,1
26408,102829,102830,2021,0,0,-0.039997,-78.454811,PICHINCHA,QUITO,POMASQUI,URBANA,2021-05-08,13:15:00,13,SABADO,6,MAYO,5,NO,"CONDUCIR DESATENTO A LAS CONDICIONES DE TRANSITO (CELULAR, PANTALLAS DE VIDEO, COMIDA, MAQUILLAJE O CUALQUIER OTRO ELEMENTO DISTRACTOR).",CHOQUE LATERAL,VEHICULO DEPORTIVO UTILITARIO,0,0,0,0,0,0,0,0,0,0,0,0,1,1,31,HOMBRE,ILESO,CONDUCTOR PRESENTE,NO,SI,1
26409,102832,102833,2021,0,0,-0.312059,-78.547352,PICHINCHA,QUITO,QUITO,URBANA,2021-05-08,15:05:00,15,SABADO,6,MAYO,5,NO,"CONDUCE BAJO LA INFLUENCIA DE ALCOHOL, SUSTANCIAS ESTUPEFACIENTES O PSICOTROPICAS Y/O MEDICAMENTOS.",COLISION,CAMION,2,0,0,1,0,0,0,0,0,0,0,0,0,3,35,MUJER,ILESO,CONDUCTOR PRESENTE,NO,NO,1
26410,102840,102841,2021,0,0,-0.321645,-78.564612,PICHINCHA,QUITO,QUITO,URBANA,2021-05-08,19:20:00,19,SABADO,6,MAYO,5,NO,"CONDICIONES AMBIENTALES Y/O ATMOSFERICAS (NIEBLA, NEBLINA, GRANIZO, LLUVIA).",OTROS,AUTOMOVIL,1,0,0,0,0,0,0,0,0,0,0,0,0,1,-1,NO IDENTIFICADO,NO IDENTIFICADO,CONDUCTOR AUSENTE,NO,NO,2
26411,102856,102857,2021,2,0,-0.194074,-78.492344,PICHINCHA,QUITO,QUITO,URBANA,2021-05-09,10:45:00,10,DOMINGO,7,MAYO,5,NO,NO CEDER EL DERECHO DE VIA O PREFERENCIA DE PASO A VEHICULOS.,CHOQUE LATERAL,AUTOMOVIL,1,0,0,0,1,0,0,0,0,0,0,0,0,2,48,MUJER,LESIONADO,PASAJERO,NO,NO,1
26412,102861,102862,2021,1,0,-0.089881,-78.517157,PICHINCHA,QUITO,QUITO,URBANA,2021-05-09,17:10:00,17,DOMINGO,7,MAYO,5,NO,"CONDUCE BAJO LA INFLUENCIA DE ALCOHOL, SUSTANCIAS ESTUPEFACIENTES O PSICOTROPICAS Y/O MEDICAMENTOS.",CHOQUE LATERAL,AUTOMOVIL,1,0,0,0,0,0,0,0,1,0,0,0,0,2,33,HOMBRE,LESIONADO,PASAJERO,NO,NO,1
26413,102872,102873,2021,1,0,-0.289258,-78.538371,PICHINCHA,QUITO,QUITO,URBANA,2021-05-09,21:40:00,21,DOMINGO,7,MAYO,5,NO,CONDUCIR VEHICULO SUPERANDO LOS LIMITES MAXIMOS DE VELOCIDAD.,ESTRELLAMIENTOS,AUTOMOVIL,1,0,0,0,0,0,0,0,0,0,0,0,0,1,32,HOMBRE,LESIONADO,PASAJERO,NO,NO,1
26414,102875,102876,2021,1,0,-0.282706,-78.554325,PICHINCHA,QUITO,QUITO,URBANA,2021-05-10,01:30:00,1,LUNES,1,MAYO,5,NO,"NO RESPETAR LAS SENIALES REGLAMENTARIAS DE TRANSITO. (PARE, CEDA EL PASO, LUZ ROJA DEL SEMAFORO, ETC).",VOLCAMIENTOS,MOTOCICLETA,0,0,0,0,0,0,0,0,1,0,0,0,0,1,26,HOMBRE,LESIONADO,CONDUCTOR PRESENTE,NO,NO,1
26415,102879,102880,2021,0,0,-0.323793,-78.550236,PICHINCHA,QUITO,QUITO,URBANA,2021-05-10,05:30:00,5,LUNES,1,MAYO,5,NO,CONDUCIR VEHICULO SUPERANDO LOS LIMITES MAXIMOS DE VELOCIDAD.,OTROS,AUTOMOVIL,1,0,0,0,0,0,0,0,0,0,0,0,0,1,-1,NO IDENTIFICADO,NO IDENTIFICADO,CONDUCTOR AUSENTE,NO,NO,2
26416,102886,102887,2021,1,0,-0.086861,-78.469736,PICHINCHA,QUITO,QUITO,URBANA,2021-05-10,07:30:00,7,LUNES,1,MAYO,5,NO,"NO RESPETAR LAS SENIALES REGLAMENTARIAS DE TRANSITO. (PARE, CEDA EL PASO, LUZ ROJA DEL SEMAFORO, ETC).",CHOQUE LATERAL,FURGONETA,1,0,0,0,0,0,0,1,0,0,0,0,0,2,27,HOMBRE,LESIONADO,CONDUCTOR PRESENTE,NO,NO,1
26417,102888,102889,2021,0,0,-0.065559,-78.463125,PICHINCHA,QUITO,POMASQUI,RURAL,2021-05-10,08:30:00,8,LUNES,1,MAYO,5,NO,NO TRANSITAR POR LAS ACERAS O ZONAS DE SEGURIDAD DESTINADAS PARA EL EFECTO.,ATROPELLOS,VEHICULO DEPORTIVO UTILITARIO,0,0,0,0,0,0,0,0,0,0,0,0,1,1,30,HOMBRE,ILESO,PEATON,NO,SI,3
26418,102892,102893,2021,1,0,-0.050844,-78.305497,PICHINCHA,QUITO,GUAYLLABAMBA,RURAL,2021-05-10,11:45:00,11,LUNES,1,MAYO,5,NO,"NO RESPETAR LAS SENIALES REGLAMENTARIAS DE TRANSITO. (PARE, CEDA EL PASO, LUZ ROJA DEL SEMAFORO, ETC).",CHOQUE LATERAL,CAMION,1,0,0,1,0,0,0,0,0,0,0,0,0,2,84,HOMBRE,LESIONADO,CONDUCTOR PRESENTE,NO,SI,3
26419,102895,102896,2021,1,0,0.027531,-78.335525,PICHINCHA,PEDRO MONCAYO,TOCACHI,RURAL,2021-05-10,12:36:00,12,LUNES,1,MAYO,5,NO,"CONDUCIR DESATENTO A LAS CONDICIONES DE TRANSITO (CELULAR, PANTALLAS DE VIDEO, COMIDA, MAQUILLAJE O CUALQUIER OTRO ELEMENTO DISTRACTOR).",ESTRELLAMIENTOS,CAMIONETA,1,0,0,0,1,0,0,0,0,0,0,0,0,2,44,MUJER,LESIONADO,PASAJERO,NO,SI,3
26420,102906,102907,2021,0,0,-0.188521,-78.448241,PICHINCHA,QUITO,NAYON,RURAL,2021-05-10,15:30:00,15,LUNES,1,MAYO,5,NO,CONDUCIR VEHICULO SUPERANDO LOS LIMITES MAXIMOS DE VELOCIDAD.,ESTRELLAMIENTOS,CAMION,0,0,0,1,0,0,0,0,0,0,0,0,0,1,35,HOMBRE,ILESO,CONDUCTOR PRESENTE,NO,NO,3
26421,102909,102910,2021,0,0,-0.242681,-78.497364,PICHINCHA,QUITO,QUITO,URBANA,2021-05-10,16:15:00,16,LUNES,1,MAYO,5,NO,CONDUCIR VEHICULO SUPERANDO LOS LIMITES MAXIMOS DE VELOCIDAD.,VOLCAMIENTOS,CAMION,0,0,0,1,0,0,0,0,0,0,0,0,0,1,53,HOMBRE,ILESO,CONDUCTOR PRESENTE,NO,NO,1
26422,102910,102911,2021,0,0,-0.280814,-78.556011,PICHINCHA,QUITO,QUITO,URBANA,2021-05-10,17:20:00,17,LUNES,1,MAYO,5,NO,"NO RESPETAR LAS SENIALES REGLAMENTARIAS DE TRANSITO. (PARE, CEDA EL PASO, LUZ ROJA DEL SEMAFORO, ETC).",CHOQUE LATERAL,AUTOMOVIL,1,0,0,0,1,0,0,0,0,0,0,0,0,2,38,HOMBRE,ILESO,PASAJERO,NO,NO,1
26423,102915,102916,2021,0,0,-0.192261,-78.455471,PICHINCHA,QUITO,QUITO,RURAL,2021-05-10,18:20:00,18,LUNES,1,MAYO,5,NO,CONDUCIR VEHICULO SUPERANDO LOS LIMITES MAXIMOS DE VELOCIDAD.,PERDIDA DE CARRIL,AUTOMOVIL,1,0,0,0,0,0,0,0,0,0,0,0,0,1,37,MUJER,ILESO,CONDUCTOR PRESENTE,NO,NO,3
26424,102917,102918,2021,0,1,-0.090943,-78.409416,PICHINCHA,QUITO,CALDERON (CARAPUNGO),RURAL,2021-05-10,19:30:00,19,LUNES,1,MAYO,5,NO,"CONDUCIR DESATENTO A LAS CONDICIONES DE TRANSITO (CELULAR, PANTALLAS DE VIDEO, COMIDA, MAQUILLAJE O CUALQUIER OTRO ELEMENTO DISTRACTOR).",ATROPELLOS,NO IDENTIFICADO,0,0,0,0,0,0,0,0,0,1,0,0,0,1,71,HOMBRE,FALLECIDO,PEATON,NO,SI,3
26425,102928,102929,2021,0,0,-0.251319,-78.521366,PICHINCHA,QUITO,QUITO,URBANA,2021-05-11,08:25:00,8,MARTES,2,MAYO,5,NO,"CONDUCE BAJO LA INFLUENCIA DE ALCOHOL, SUSTANCIAS ESTUPEFACIENTES O PSICOTROPICAS Y/O MEDICAMENTOS.",COLISION,CAMION,2,0,0,2,0,0,0,0,0,0,0,0,0,4,51,HOMBRE,ILESO,CONDUCTOR PRESENTE,NO,NO,1
26426,102929,102930,2021,0,0,-0.091594,-78.472878,PICHINCHA,QUITO,QUITO,URBANA,2021-05-11,08:35:00,8,MARTES,2,MAYO,5,NO,NO MANTENER LA DISTANCIA PRUDENCIAL CON RESPECTO AL VEHICULO QUE LE ANTECEDE.,COLISION,AUTOMOVIL,3,0,0,0,0,0,0,0,0,0,0,0,0,3,28,HOMBRE,ILESO,CONDUCTOR PRESENTE,NO,NO,1
26427,102931,102932,2021,0,0,-0.223901,-78.527164,PICHINCHA,QUITO,QUITO,URBANA,2021-05-11,09:45:00,9,MARTES,2,MAYO,5,NO,CONDUCIR VEHICULO SUPERANDO LOS LIMITES MAXIMOS DE VELOCIDAD.,ESTRELLAMIENTOS,CAMIONETA,0,0,0,0,1,0,0,0,0,0,0,0,0,1,-1,NO IDENTIFICADO,NO IDENTIFICADO,CONDUCTOR AUSENTE,NO,NO,2
26428,102946,102947,2021,0,0,-0.271766,-78.550331,PICHINCHA,QUITO,QUITO,URBANA,2021-05-11,17:40:00,17,MARTES,2,MAYO,5,NO,"NO RESPETAR LAS SENIALES REGLAMENTARIAS DE TRANSITO. (PARE, CEDA EL PASO, LUZ ROJA DEL SEMAFORO, ETC).",CHOQUE LATERAL,MOTOCICLETA,1,0,0,0,0,0,0,0,1,0,0,0,0,2,30,HOMBRE,ILESO,CONDUCTOR PRESENTE,NO,NO,1
26429,102951,102952,2021,1,0,-0.302898,-78.568266,PICHINCHA,QUITO,QUITO,URBANA,2021-05-11,19:00:00,19,MARTES,2,MAYO,5,NO,NO CEDER EL DERECHO DE VIA O PREFERENCIA DE PASO A VEHICULOS.,CHOQUE LATERAL,MOTOCICLETA,0,0,0,0,0,0,0,0,1,1,0,0,0,2,39,HOMBRE,LESIONADO,CONDUCTOR PRESENTE,NO,NO,1
26430,102958,102959,2021,1,0,-0.501521,-78.572638,PICHINCHA,MEJIA,MACHACHI,RURAL,2021-05-11,20:40:00,20,MARTES,2,MAYO,5,NO,"CONDUCIR DESATENTO A LAS CONDICIONES DE TRANSITO (CELULAR, PANTALLAS DE VIDEO, COMIDA, MAQUILLAJE O CUALQUIER OTRO ELEMENTO DISTRACTOR).",CHOQUE POSTERIOR,BUS,0,0,1,1,0,0,0,0,0,0,0,0,0,2,18,MUJER,LESIONADO,PASAJERO,NO,SI,3
26431,102960,102961,2021,0,0,-0.116023,-78.479518,PICHINCHA,QUITO,QUITO,URBANA,2021-05-12,00:30:00,0,MIERCOLES,3,MAYO,5,NO,NO MANTENER LA DISTANCIA PRUDENCIAL CON RESPECTO AL VEHICULO QUE LE ANTECEDE.,CHOQUE POSTERIOR,AUTOMOVIL,2,0,0,0,0,0,0,0,0,0,0,0,0,2,42,HOMBRE,ILESO,CONDUCTOR PRESENTE,NO,NO,1
26432,102961,102962,2021,0,0,-0.249646,-78.530711,PICHINCHA,QUITO,QUITO,URBANA,2021-05-12,00:45:00,0,MIERCOLES,3,MAYO,5,NO,"CONDUCE BAJO LA INFLUENCIA DE ALCOHOL, SUSTANCIAS ESTUPEFACIENTES O PSICOTROPICAS Y/O MEDICAMENTOS.",CHOQUE LATERAL,AUTOMOVIL,2,0,0,0,0,0,0,0,0,0,0,0,0,2,27,HOMBRE,ILESO,CONDUCTOR PRESENTE,NO,NO,1
26433,102968,102969,2021,0,0,-0.155545,-78.491581,PICHINCHA,QUITO,QUITO,URBANA,2021-05-12,07:40:00,7,MIERCOLES,3,MAYO,5,NO,NO GUARDAR LA DISTANCIA LATERAL MINIMA DE SEGURIDAD ENTRE VEHICULOS.,ROZAMIENTOS,AUTOMOVIL,1,0,1,0,0,0,0,0,0,0,0,0,0,2,48,HOMBRE,ILESO,CONDUCTOR PRESENTE,NO,NO,1
26434,102973,102974,2021,0,0,-0.233099,-78.503741,PICHINCHA,QUITO,QUITO,URBANA,2021-05-12,10:05:00,10,MIERCOLES,3,MAYO,5,NO,NO MANTENER LA DISTANCIA PRUDENCIAL CON RESPECTO AL VEHICULO QUE LE ANTECEDE.,COLISION,AUTOMOVIL,3,0,0,0,0,0,0,0,0,0,0,0,0,3,34,HOMBRE,ILESO,CONDUCTOR PRESENTE,NO,NO,1
26435,102974,102975,2021,1,0,-0.219252,-78.509727,PICHINCHA,QUITO,QUITO,URBANA,2021-05-12,10:15:00,10,MIERCOLES,3,MAYO,5,NO,PEATON QUE CRUZA LA CALZADA SIN RESPETAR LA SENIALIZACION EXISTENTE (SEMAFOROS O SENIALES MANUALES).,ATROPELLOS,BICICLETA,0,1,0,0,0,0,0,0,0,0,0,0,0,1,79,HOMBRE,LESIONADO,PEATON,NO,NO,1
26436,102975,102976,2021,1,0,-0.184718,-78.344695,PICHINCHA,QUITO,TABABELA,RURAL,2021-05-12,10:25:00,10,MIERCOLES,3,MAYO,5,NO,REALIZAR CAMBIO BRUSCO O INDEBIDO DE CARRIL.,ROZAMIENTOS,CAMION,0,1,0,1,0,0,0,0,0,0,0,0,0,2,17,HOMBRE,LESIONADO,CONDUCTOR PRESENTE,NO,NO,3
26437,102977,102978,2021,0,0,-0.072286,-78.474798,PICHINCHA,QUITO,POMASQUI,URBANA,2021-05-12,11:01:00,11,MIERCOLES,3,MAYO,5,NO,"CONDUCIR DESATENTO A LAS CONDICIONES DE TRANSITO (CELULAR, PANTALLAS DE VIDEO, COMIDA, MAQUILLAJE O CUALQUIER OTRO ELEMENTO DISTRACTOR).",COLISION,CAMIONETA,0,0,0,2,1,0,0,0,0,0,0,0,0,3,40,HOMBRE,ILESO,CONDUCTOR PRESENTE,NO,SI,1
26438,102985,102986,2021,0,0,-0.237436,-78.484272,PICHINCHA,QUITO,QUITO,URBANA,2021-05-12,14:50:00,14,MIERCOLES,3,MAYO,5,NO,"NO RESPETAR LAS SENIALES REGLAMENTARIAS DE TRANSITO. (PARE, CEDA EL PASO, LUZ ROJA DEL SEMAFORO, ETC).",CHOQUE LATERAL,AUTOMOVIL,2,0,0,0,0,0,0,0,0,0,0,0,0,2,42,HOMBRE,ILESO,CONDUCTOR PRESENTE,NO,NO,1
26439,103003,103004,2021,0,0,-0.283152,-78.554531,PICHINCHA,QUITO,QUITO,URBANA,2021-05-12,21:05:00,21,MIERCOLES,3,MAYO,5,NO,"CONDUCE BAJO LA INFLUENCIA DE ALCOHOL, SUSTANCIAS ESTUPEFACIENTES O PSICOTROPICAS Y/O MEDICAMENTOS.",CHOQUE LATERAL,AUTOMOVIL,2,0,0,0,0,0,0,0,0,0,0,0,0,2,38,MUJER,ILESO,PASAJERO,NO,NO,1
26440,103010,103011,2021,1,0,-0.215273,-78.517342,PICHINCHA,QUITO,QUITO,URBANA,2021-05-13,07:00:00,7,JUEVES,4,MAYO,5,NO,REALIZAR CAMBIO BRUSCO O INDEBIDO DE CARRIL.,CHOQUE LATERAL,MOTOCICLETA,1,0,0,0,0,0,0,0,1,0,0,0,0,2,25,HOMBRE,LESIONADO,CONDUCTOR PRESENTE,SI,NO,1
26441,103016,103017,2021,1,0,-0.129458,-78.476529,PICHINCHA,QUITO,QUITO,URBANA,2021-05-13,10:15:00,10,JUEVES,4,MAYO,5,NO,PEATON QUE CRUZA LA CALZADA SIN RESPETAR LA SENIALIZACION EXISTENTE (SEMAFOROS O SENIALES MANUALES).,ATROPELLOS,MOTOCICLETA,0,0,0,0,0,0,0,0,1,0,0,0,0,1,10,HOMBRE,LESIONADO,PEATON,NO,NO,1
26442,103017,103018,2021,0,0,-0.311518,-78.565012,PICHINCHA,QUITO,QUITO,URBANA,2021-05-13,11:00:00,11,JUEVES,4,MAYO,5,NO,NO CEDER EL DERECHO DE VIA O PREFERENCIA DE PASO A VEHICULOS.,CHOQUE LATERAL,BUS,1,0,1,0,0,0,0,0,0,0,0,0,0,2,37,HOMBRE,ILESO,CONDUCTOR PRESENTE,NO,NO,1
26443,103034,103035,2021,1,0,-0.050474,-78.344657,PICHINCHA,QUITO,GUAYLLABAMBA,RURAL,2021-05-13,17:30:00,17,JUEVES,4,MAYO,5,NO,"CONDUCIR DESATENTO A LAS CONDICIONES DE TRANSITO (CELULAR, PANTALLAS DE VIDEO, COMIDA, MAQUILLAJE O CUALQUIER OTRO ELEMENTO DISTRACTOR).",CHOQUE POSTERIOR,AUTOMOVIL,1,0,0,0,0,0,0,0,1,0,0,0,0,2,24,HOMBRE,LESIONADO,CONDUCTOR PRESENTE,NO,SI,3
26444,103049,103050,2021,0,0,-0.280955,-78.548788,PICHINCHA,QUITO,QUITO,URBANA,2021-05-13,23:20:00,23,JUEVES,4,MAYO,5,NO,"CONDUCE BAJO LA INFLUENCIA DE ALCOHOL, SUSTANCIAS ESTUPEFACIENTES O PSICOTROPICAS Y/O MEDICAMENTOS.",COLISION,FURGONETA,0,0,0,0,1,0,0,2,0,0,0,0,0,3,25,HOMBRE,ILESO,PASAJERO,NO,NO,1
26445,103050,103051,2021,1,0,-0.177282,-78.359536,PICHINCHA,QUITO,PUEMBO,RURAL,2021-05-14,03:00:00,3,VIERNES,5,MAYO,5,NO,"CONDUCIR EN ESTADO DE SOMNOLENCIA O MALAS CONDICIONES FISICAS (SUENIO, CANSANCIO Y FATIGA).",VOLCAMIENTOS,MOTOCICLETA,0,0,0,0,0,0,0,0,1,0,0,0,0,1,33,HOMBRE,LESIONADO,CONDUCTOR PRESENTE,NO,NO,3
26446,103057,103058,2021,0,0,-0.408981,-78.546627,PICHINCHA,MEJIA,TAMBILLO (MEJIA),URBANA,2021-05-14,08:33:00,8,VIERNES,5,MAYO,5,NO,"CONDUCE BAJO LA INFLUENCIA DE ALCOHOL, SUSTANCIAS ESTUPEFACIENTES O PSICOTROPICAS Y/O MEDICAMENTOS.",ESTRELLAMIENTOS,CAMION,1,0,0,1,0,0,0,0,0,0,0,0,0,2,40,HOMBRE,ILESO,CONDUCTOR PRESENTE,NO,SI,1
26447,103068,103069,2021,1,0,-0.190369,-78.484933,PICHINCHA,QUITO,QUITO,URBANA,2021-05-14,14:45:00,14,VIERNES,5,MAYO,5,NO,"NO RESPETAR LAS SENIALES REGLAMENTARIAS DE TRANSITO. (PARE, CEDA EL PASO, LUZ ROJA DEL SEMAFORO, ETC).",CHOQUE LATERAL,MOTOCICLETA,1,0,0,0,0,0,0,0,1,0,0,0,0,2,26,HOMBRE,LESIONADO,CONDUCTOR PRESENTE,NO,NO,1
26448,103091,103092,2021,0,0,-0.256141,-78.552026,PICHINCHA,QUITO,QUITO,URBANA,2021-05-14,19:40:00,19,VIERNES,5,MAYO,5,NO,NO CEDER EL DERECHO DE VIA O PREFERENCIA DE PASO A VEHICULOS.,CHOQUE LATERAL,AUTOMOVIL,2,0,0,0,0,0,0,0,0,0,0,0,0,2,5,HOMBRE,ILESO,PASAJERO,NO,NO,1