,Unnamed: 0,ID,ANIO,LESIONADOS,FALLECIDOS,LATITUD_Y,LONGITUD_X,PROVINCIA,CANTON,PARROQUIA,ZONA,FECHA,HORA,PERIODO_2,DIA_1,DIA_2,MES_1,MES_2,FERIADO,CAUSA_PROBABLE,TIPO_DE_SINIESTRO,TIPO_DE_VEHICULO_1,AUTOMOVIL,BICICLETA,BUS,CAMION,CAMIONETA,EMERGENCIAS,ESPECIAL,FURGONETA,MOTOCICLETA,NO_IDENTIFICADO,SCOOTER_ELECTRICO,TRICIMOTO,VEHICULO_DEPORTIVO_UTILITARIO,SUMA_DE_VEHICULOS,EDAD_1,SEXO_1,CONDICION_1,PARTICIPANTE_1,CASCO_1,CINTURON_1,KMeans_Cluster
26449,103094,103095,2021,0,0,-0.212824,-78.402686,PICHINCHA,QUITO,TUMBACO,RURAL,2021-05-14,19:55:00,19,VIERNES,5,MAYO,5,NO,"CONDUCE BAJO LA INFLUENCIA DE ALCOHOL, SUSTANCIAS ESTUPEFACIENTES O PSICOTROPICAS Y/O MEDICAMENTOS.",CHOQUE LATERAL,CAMIONETA,1,0,0,0,1,0,0,0,0,0,0,0,0,2,44,HOMBRE,ILESO,CONDUCTOR PRESENTE,NO,NO,3
26450,103095,103096,2021,0,0,-0.314532,-78.558336,PICHINCHA,QUITO,QUITO,URBANA,2021-05-14,20:00:00,20,VIERNES,5,MAYO,5,NO,"CONDUCE BAJO LA INFLUENCIA DE ALCOHOL, SUSTANCIAS ESTUPEFACIENTES O PSICOTROPICAS Y/O MEDICAMENTOS.",CHOQUE POSTERIOR,CAMIONETA,1,0,0,0,1,0,0,0,0,0,0,0,0,2,55,HOMBRE,ILESO,CONDUCTOR PRESENTE,NO,NO,1
26451,103102,103103,2021,0,0,-0.291508,-78.517919,PICHINCHA,QUITO,QUITO,URBANA,2021-05-14,21:10:00,21,VIERNES,5,MAYO,5,NO,"CONDUCE BAJO LA INFLUENCIA DE ALCOHOL, SUSTANCIAS ESTUPEFACIENTES O PSICOTROPICAS Y/O MEDICAMENTOS.",ESTRELLAMIENTOS,FURGONETA,0,0,0,0,0,0,0,1,1,0,0,0,0,2,27,HOMBRE,ILESO,CONDUCTOR PRESENTE,NO,NO,1
26452,103104,103105,2021,0,0,-0.322219,-78.520392,PICHINCHA,QUITO,QUITO,URBANA,2021-05-14,21:40:00,21,VIERNES,5,MAYO,5,NO,NO MANTENER LA DISTANCIA PRUDENCIAL CON RESPECTO AL VEHICULO QUE LE ANTECEDE.,CHOQUE POSTERIOR,AUTOMOVIL,1,0,0,0,1,0,0,0,0,0,0,0,0,2,-1,NO IDENTIFICADO,NO IDENTIFICADO,CONDUCTOR AUSENTE,NO,NO,2
26453,103106,103107,2021,0,0,-0.047384,-78.455314,PICHINCHA,QUITO,POMASQUI,RURAL,2021-05-14,22:30:00,22,VIERNES,5,MAYO,5,NO,"CONDUCIR DESATENTO A LAS CONDICIONES DE TRANSITO (CELULAR, PANTALLAS DE VIDEO, COMIDA, MAQUILLAJE O CUALQUIER OTRO ELEMENTO DISTRACTOR).",PERDIDA DE CARRIL,AUTOMOVIL,1,0,0,0,0,0,0,0,0,0,0,0,0,1,30,HOMBRE,ILESO,CONDUCTOR PRESENTE,NO,SI,3
26454,103111,103112,2021,0,0,-0.239636,-78.493133,PICHINCHA,QUITO,QUITO,URBANA,2021-05-15,04:00:00,4,SABADO,6,MAYO,5,NO,"CONDUCIR EN ESTADO DE SOMNOLENCIA O MALAS CONDICIONES FISICAS (SUENIO, CANSANCIO Y FATIGA).",ESTRELLAMIENTOS,AUTOMOVIL,1,0,0,0,0,0,0,0,0,0,0,0,0,1,-1,NO IDENTIFICADO,NO IDENTIFICADO,CONDUCTOR AUSENTE,NO,NO,2
26455,103112,103113,2021,2,0,-0.204819,-78.525242,PICHINCHA,QUITO,QUITO,URBANA,2021-05-15,04:15:00,4,SABADO,6,MAYO,5,NO,"CONDUCE BAJO LA INFLUENCIA DE ALCOHOL, SUSTANCIAS ESTUPEFACIENTES O PSICOTROPICAS Y/O MEDICAMENTOS.",ESTRELLAMIENTOS,CAMION,0,0,0,1,0,0,0,0,0,0,0,0,0,1,25,HOMBRE,LESIONADO,PASAJERO,NO,NO,1
26456,103113,103114,2021,1,1,-0.209731,-78.366854,PICHINCHA,QUITO,PUEMBO,RURAL,2021-05-15,04:50:00,4,SABADO,6,MAYO,5,NO,"CONDUCE BAJO LA INFLUENCIA DE ALCOHOL, SUSTANCIAS ESTUPEFACIENTES O PSICOTROPICAS Y/O MEDICAMENTOS.",VOLCAMIENTOS,MOTOCICLETA,0,0,0,0,0,0,0,0,1,0,0,0,0,1,55,HOMBRE,FALLECIDO,PASAJERO,NO,NO,3
26457,103120,103121,2021,0,1,-0.341595,-78.562059,PICHINCHA,QUITO,QUITO,URBANA,2021-05-15,14:15:00,14,SABADO,6,MAYO,5,NO,CONDUCIR VEHICULO SUPERANDO LOS LIMITES MAXIMOS DE VELOCIDAD.,VOLCAMIENTOS,MOTOCICLETA,0,0,0,0,0,0,0,0,1,0,0,0,0,1,19,HOMBRE,FALLECIDO,CONDUCTOR PRESENTE,NO,NO,1
26458,103127,103128,2021,0,0,-0.242411,-78.530735,PICHINCHA,QUITO,QUITO,URBANA,2021-05-15,17:40:00,17,SABADO,6,MAYO,5,NO,NO GUARDAR LA DISTANCIA LATERAL MINIMA DE SEGURIDAD ENTRE VEHICULOS.,CHOQUE LATERAL,MOTOCICLETA,0,0,0,0,1,0,0,0,1,0,0,0,0,2,29,HOMBRE,ILESO,CONDUCTOR PRESENTE,NO,NO,1
26459,103136,103137,2021,0,0,-0.304063,-78.559177,PICHINCHA,QUITO,QUITO,URBANA,2021-05-15,23:30:00,23,SABADO,6,MAYO,5,NO,"CONDUCE BAJO LA INFLUENCIA DE ALCOHOL, SUSTANCIAS ESTUPEFACIENTES O PSICOTROPICAS Y/O MEDICAMENTOS.",ESTRELLAMIENTOS,AUTOMOVIL,1,0,0,1,0,0,0,0,0,0,0,0,0,2,44,MUJER,ILESO,PASAJERO,NO,NO,1
26460,103140,103141,2021,0,0,-0.327284,-78.550355,PICHINCHA,QUITO,QUITO,URBANA,2021-05-16,06:00:00,6,DOMINGO,7,MAYO,5,NO,CONDUCIR VEHICULO SUPERANDO LOS LIMITES MAXIMOS DE VELOCIDAD.,ESTRELLAMIENTOS,AUTOMOVIL,1,0,0,0,0,0,0,0,0,0,0,0,0,1,-1,NO IDENTIFICADO,NO IDENTIFICADO,CONDUCTOR AUSENTE,NO,NO,2
26461,103141,103142,2021,1,0,-0.418475,-78.550284,PICHINCHA,MEJIA,TAMBILLO (MEJIA),RURAL,2021-05-16,07:20:00,7,DOMINGO,7,MAYO,5,NO,"CONDUCIR DESATENTO A LAS CONDICIONES DE TRANSITO (CELULAR, PANTALLAS DE VIDEO, COMIDA, MAQUILLAJE O CUALQUIER OTRO ELEMENTO DISTRACTOR).",CHOQUE POSTERIOR,VEHICULO DEPORTIVO UTILITARIO,0,0,0,0,0,0,0,0,0,1,0,0,1,2,26,HOMBRE,LESIONADO,CONDUCTOR PRESENTE,NO,SI,3
26462,103142,103143,2021,0,0,-0.083056,-78.436944,PICHINCHA,QUITO,CALDERON (CARAPUNGO),RURAL,2021-05-16,09:50:00,9,DOMINGO,7,MAYO,5,NO,NO MANTENER LA DISTANCIA PRUDENCIAL CON RESPECTO AL VEHICULO QUE LE ANTECEDE.,ESTRELLAMIENTOS,CAMIONETA,0,0,0,0,1,0,0,0,0,0,0,0,0,1,-1,NO IDENTIFICADO,NO IDENTIFICADO,CONDUCTOR AUSENTE,NO,NO,2
26463,103144,103145,2021,0,0,-0.282963,-78.543695,PICHINCHA,QUITO,QUITO,URBANA,2021-05-16,14:20:00,14,DOMINGO,7,MAYO,5,NO,"NO RESPETAR LAS SENIALES REGLAMENTARIAS DE TRANSITO. (PARE, CEDA EL PASO, LUZ ROJA DEL SEMAFORO, ETC).",CHOQUE LATERAL,AUTOMOVIL,2,0,0,0,0,0,0,0,0,0,0,0,0,2,39,HOMBRE,ILESO,CONDUCTOR PRESENTE,NO,NO,1
26464,103147,103148,2021,1,0,-0.255754,-78.541974,PICHINCHA,QUITO,QUITO,URBANA,2021-05-16,20:40:00,20,DOMINGO,7,MAYO,5,NO,CONDUCIR VEHICULO SUPERANDO LOS LIMITES MAXIMOS DE VELOCIDAD.,VOLCAMIENTOS,MOTOCICLETA,0,0,0,0,0,0,0,0,1,0,0,0,0,1,30,HOMBRE,LESIONADO,CONDUCTOR PRESENTE,NO,NO,1
26465,103169,103170,2021,0,0,-0.176933,-78.479366,PICHINCHA,QUITO,QUITO,URBANA,2021-05-17,09:30:00,9,LUNES,1,MAYO,5,NO,"NO RESPETAR LAS SENIALES REGLAMENTARIAS DE TRANSITO. (PARE, CEDA EL PASO, LUZ ROJA DEL SEMAFORO, ETC).",OTROS,AUTOMOVIL,1,0,0,0,0,0,0,0,0,0,0,0,0,1,-1,NO IDENTIFICADO,NO IDENTIFICADO,CONDUCTOR AUSENTE,NO,NO,2
26466,103175,103176,2021,0,0,-0.442361,-78.670944,PICHINCHA,MEJIA,ALOAG,RURAL,2021-05-17,11:45:00,11,LUNES,1,MAYO,5,NO,"NO RESPETAR LAS SENIALES REGLAMENTARIAS DE TRANSITO. (PARE, CEDA EL PASO, LUZ ROJA DEL SEMAFORO, ETC).",CHOQUE LATERAL,AUTOMOVIL,1,0,0,1,0,0,0,0,0,0,0,0,0,2,46,HOMBRE,ILESO,CONDUCTOR PRESENTE,NO,NO,3
26467,103180,103181,2021,0,0,-0.328479,-78.522294,PICHINCHA,QUITO,QUITO,URBANA,2021-05-17,14:02:00,14,LUNES,1,MAYO,5,NO,"CONDICIONES AMBIENTALES Y/O ATMOSFERICAS (NIEBLA, NEBLINA, GRANIZO, LLUVIA).",CHOQUE LATERAL,AUTOMOVIL,2,0,0,0,0,0,0,0,0,0,0,0,0,2,61,HOMBRE,ILESO,CONDUCTOR PRESENTE,NO,NO,1
26468,103193,103194,2021,1,0,-0.298558,-78.481039,PICHINCHA,QUITO,CONOCOTO,RURAL,2021-05-17,18:50:00,18,LUNES,1,MAYO,5,NO,NO CEDER EL DERECHO DE VIA O PREFERENCIA DE PASO A VEHICULOS.,CHOQUE LATERAL,MOTOCICLETA,0,0,0,0,0,0,0,1,1,0,0,0,0,2,45,HOMBRE,LESIONADO,CONDUCTOR PRESENTE,NO,NO,3
26469,103212,103213,2021,0,0,-0.250422,-78.504225,PICHINCHA,QUITO,QUITO,URBANA,2021-05-18,01:30:00,1,MARTES,2,MAYO,5,NO,"CONDUCIR EN ESTADO DE SOMNOLENCIA O MALAS CONDICIONES FISICAS (SUENIO, CANSANCIO Y FATIGA).",ESTRELLAMIENTOS,FURGONETA,0,0,0,0,0,0,0,1,0,0,0,0,0,1,27,HOMBRE,ILESO,CONDUCTOR PRESENTE,NO,NO,1
26470,103214,103215,2021,0,0,-0.072618,-78.475613,PICHINCHA,QUITO,POMASQUI,RURAL,2021-05-18,03:00:00,3,MARTES,2,MAYO,5,NO,"CONDUCE BAJO LA INFLUENCIA DE ALCOHOL, SUSTANCIAS ESTUPEFACIENTES O PSICOTROPICAS Y/O MEDICAMENTOS.",CHOQUE POSTERIOR,AUTOMOVIL,1,0,0,0,0,0,0,0,0,0,0,0,1,2,47,HOMBRE,ILESO,CONDUCTOR PRESENTE,NO,SI,3
26471,103217,103218,2021,1,0,0.009131,-78.356169,PICHINCHA,PEDRO MONCAYO,MALCHINGUI,RURAL,2021-05-18,05:30:00,5,MARTES,2,MAYO,5,NO,"CONDUCIR DESATENTO A LAS CONDICIONES DE TRANSITO (CELULAR, PANTALLAS DE VIDEO, COMIDA, MAQUILLAJE O CUALQUIER OTRO ELEMENTO DISTRACTOR).",ESTRELLAMIENTOS,MOTOCICLETA,0,0,0,1,0,0,0,0,1,0,0,0,0,2,26,HOMBRE,LESIONADO,CONDUCTOR PRESENTE,SI,NO,3
26472,103229,103230,2021,1,0,-0.328453,-78.555488,PICHINCHA,QUITO,QUITO,URBANA,2021-05-18,09:40:00,9,MARTES,2,MAYO,5,NO,"CONDUCE BAJO LA INFLUENCIA DE ALCOHOL, SUSTANCIAS ESTUPEFACIENTES O PSICOTROPICAS Y/O MEDICAMENTOS.",ATROPELLOS,AUTOMOVIL,1,0,0,1,0,0,0,0,0,0,0,0,0,2,17,HOMBRE,LESIONADO,PEATON,NO,NO,1
26473,103234,103235,2021,1,0,-0.303341,-78.561331,PICHINCHA,QUITO,QUITO,URBANA,2021-05-18,12:00:00,12,MARTES,2,MAYO,5,NO,REALIZAR CAMBIO BRUSCO O INDEBIDO DE CARRIL.,CHOQUE FRONTAL,MOTOCICLETA,1,0,0,0,0,0,0,0,1,0,0,0,0,2,23,HOMBRE,LESIONADO,CONDUCTOR PRESENTE,NO,NO,1
26474,103242,103243,2021,0,0,-0.190265,-78.481543,PICHINCHA,QUITO,QUITO,URBANA,2021-05-18,16:45:00,16,MARTES,2,MAYO,5,NO,NO GUARDAR LA DISTANCIA LATERAL MINIMA DE SEGURIDAD ENTRE VEHICULOS.,CHOQUE LATERAL,BUS,1,0,1,0,0,0,0,0,0,0,0,0,0,2,78,MUJER,ILESO,PASAJERO,NO,NO,1
26475,103250,103251,2021,0,0,-0.292031,-78.477733,PICHINCHA,QUITO,CONOCOTO,RURAL,2021-05-18,19:20:00,19,MARTES,2,MAYO,5,NO,"CONDUCE BAJO LA INFLUENCIA DE ALCOHOL, SUSTANCIAS ESTUPEFACIENTES O PSICOTROPICAS Y/O MEDICAMENTOS.",CHOQUE POSTERIOR,AUTOMOVIL,1,0,0,0,1,0,0,0,0,0,0,0,0,2,38,HOMBRE,ILESO,CONDUCTOR PRESENTE,NO,NO,3
26476,103252,103253,2021,0,0,-0.446666,-78.664501,PICHINCHA,MEJIA,ALOAG,RURAL,2021-05-18,22:00:00,22,MARTES,2,MAYO,5,NO,"CONDUCIR DESATENTO A LAS CONDICIONES DE TRANSITO (CELULAR, PANTALLAS DE VIDEO, COMIDA, MAQUILLAJE O CUALQUIER OTRO ELEMENTO DISTRACTOR).",PERDIDA DE PISTA,CAMION,0,0,0,1,0,0,0,0,0,0,0,0,0,1,-1,NO IDENTIFICADO,ILESO,CONDUCTOR PRESENTE,NO,NO,3
26477,103254,103255,2021,2,0,-0.254686,-78.504316,PICHINCHA,QUITO,QUITO,URBANA,2021-05-18,22:55:00,22,MARTES,2,MAYO,5,NO,"CONDUCE BAJO LA INFLUENCIA DE ALCOHOL, SUSTANCIAS ESTUPEFACIENTES O PSICOTROPICAS Y/O MEDICAMENTOS.",VOLCAMIENTOS,AUTOMOVIL,1,0,0,0,0,0,0,0,0,0,0,0,0,1,21,HOMBRE,LESIONADO,CONDUCTOR PRESENTE,NO,NO,1
26478,103255,103256,2021,1,0,-0.282438,-78.543773,PICHINCHA,QUITO,QUITO,URBANA,2021-05-18,23:20:00,23,MARTES,2,MAYO,5,NO,"CONDUCIR EN ESTADO DE SOMNOLENCIA O MALAS CONDICIONES FISICAS (SUENIO, CANSANCIO Y FATIGA).",VOLCAMIENTOS,MOTOCICLETA,0,0,0,0,0,0,0,0,1,0,0,0,0,1,30,HOMBRE,LESIONADO,CONDUCTOR PRESENTE,NO,NO,1
26479,103256,103257,2021,0,0,-0.174278,-78.493456,PICHINCHA,QUITO,QUITO,URBANA,2021-05-19,01:10:00,1,MIERCOLES,3,MAYO,5,NO,"CONDUCE BAJO LA INFLUENCIA DE ALCOHOL, SUSTANCIAS ESTUPEFACIENTES O PSICOTROPICAS Y/O MEDICAMENTOS.",ESTRELLAMIENTOS,AUTOMOVIL,1,0,0,0,0,0,0,0,0,0,0,0,0,1,39,HOMBRE,ILESO,CONDUCTOR PRESENTE,NO,NO,1
26480,103259,103260,2021,0,0,-0.283152,-78.554531,PICHINCHA,QUITO,QUITO,URBANA,2021-05-19,07:40:00,7,MIERCOLES,3,MAYO,5,NO,"CONDUCE BAJO LA INFLUENCIA DE ALCOHOL, SUSTANCIAS ESTUPEFACIENTES O PSICOTROPICAS Y/O MEDICAMENTOS.",COLISION,FURGONETA,2,0,0,0,0,0,0,1,0,0,0,0,0,3,48,MUJER,ILESO,CONDUCTOR PRESENTE,NO,NO,1
26481,103262,103263,2021,0,0,-0.292724,-78.476486,PICHINCHA,QUITO,CONOCOTO,RURAL,2021-05-19,09:40:00,9,MIERCOLES,3,MAYO,5,NO,NO MANTENER LA DISTANCIA PRUDENCIAL CON RESPECTO AL VEHICULO QUE LE ANTECEDE.,CHOQUE POSTERIOR,AUTOMOVIL,2,0,0,0,0,0,0,0,0,0,0,0,0,2,56,HOMBRE,ILESO,CONDUCTOR PRESENTE,NO,NO,3
26482,103267,103268,2021,0,0,-0.185411,-78.500833,PICHINCHA,QUITO,QUITO,URBANA,2021-05-19,11:40:00,11,MIERCOLES,3,MAYO,5,NO,NO MANTENER LA DISTANCIA PRUDENCIAL CON RESPECTO AL VEHICULO QUE LE ANTECEDE.,COLISION,AUTOMOVIL,2,0,0,0,1,0,0,0,0,0,0,0,0,3,47,HOMBRE,ILESO,CONDUCTOR PRESENTE,NO,NO,1
26483,103271,103272,2021,0,0,-0.150099,-78.453481,PICHINCHA,QUITO,QUITO,URBANA,2021-05-19,13:35:00,13,MIERCOLES,3,MAYO,5,NO,CONDUCIR VEHICULO SUPERANDO LOS LIMITES MAXIMOS DE VELOCIDAD.,COLISION,CAMIONETA,2,0,0,0,1,0,0,0,0,0,0,0,0,3,18,HOMBRE,ILESO,CONDUCTOR PRESENTE,NO,NO,1
26484,103272,103273,2021,1,0,-0.268963,-78.530481,PICHINCHA,QUITO,QUITO,URBANA,2021-05-19,13:45:00,13,MIERCOLES,3,MAYO,5,NO,"NO RESPETAR LAS SENIALES REGLAMENTARIAS DE TRANSITO. (PARE, CEDA EL PASO, LUZ ROJA DEL SEMAFORO, ETC).",CHOQUE LATERAL,MOTOCICLETA,1,0,0,0,0,0,0,0,1,0,0,0,0,2,37,HOMBRE,LESIONADO,CONDUCTOR PRESENTE,NO,NO,1
26485,103284,103285,2021,0,0,-0.153346,-78.484496,PICHINCHA,QUITO,QUITO,URBANA,2021-05-19,17:40:00,17,MIERCOLES,3,MAYO,5,NO,"NO RESPETAR LAS SENIALES REGLAMENTARIAS DE TRANSITO. (PARE, CEDA EL PASO, LUZ ROJA DEL SEMAFORO, ETC).",OTROS,ESPECIAL,0,0,0,0,0,0,1,0,0,0,0,0,0,1,39,HOMBRE,ILESO,CONDUCTOR PRESENTE,NO,NO,1
26486,103286,103287,2021,0,0,-0.242681,-78.497364,PICHINCHA,QUITO,QUITO,URBANA,2021-05-19,18:20:00,18,MIERCOLES,3,MAYO,5,NO,NO MANTENER LA DISTANCIA PRUDENCIAL CON RESPECTO AL VEHICULO QUE LE ANTECEDE.,COLISION,AUTOMOVIL,4,0,0,0,0,0,0,0,0,0,0,0,0,4,48,HOMBRE,ILESO,CONDUCTOR PRESENTE,NO,NO,1
26487,103289,103290,2021,0,0,-0.236502,-78.530104,PICHINCHA,QUITO,QUITO,URBANA,2021-05-19,18:50:00,18,MIERCOLES,3,MAYO,5,NO,"CONDUCE BAJO LA INFLUENCIA DE ALCOHOL, SUSTANCIAS ESTUPEFACIENTES O PSICOTROPICAS Y/O MEDICAMENTOS.",ROZAMIENTOS,CAMIONETA,1,0,0,0,1,0,0,0,0,0,0,0,0,2,27,HOMBRE,ILESO,CONDUCTOR PRESENTE,NO,NO,1
26488,103291,103292,2021,2,0,-0.064334,-78.429354,PICHINCHA,QUITO,CALDERON (CARAPUNGO),RURAL,2021-05-19,19:20:00,19,MIERCOLES,3,MAYO,5,NO,"CONDUCE BAJO LA INFLUENCIA DE ALCOHOL, SUSTANCIAS ESTUPEFACIENTES O PSICOTROPICAS Y/O MEDICAMENTOS.",CHOQUE FRONTAL,CAMION,0,0,0,1,0,0,0,1,0,0,0,0,0,2,25,HOMBRE,LESIONADO,CONDUCTOR PRESENTE,NO,NO,3
26489,103302,103303,2021,0,0,-0.244794,-78.484969,PICHINCHA,QUITO,QUITO,RURAL,2021-05-20,01:00:00,1,JUEVES,4,MAYO,5,NO,"CONDUCIR EN ESTADO DE SOMNOLENCIA O MALAS CONDICIONES FISICAS (SUENIO, CANSANCIO Y FATIGA).",VOLCAMIENTOS,CAMIONETA,0,0,0,0,1,0,0,0,0,0,0,0,0,1,43,HOMBRE,ILESO,CONDUCTOR PRESENTE,NO,SI,3
26490,103311,103312,2021,0,0,-0.136812,-78.473598,PICHINCHA,QUITO,QUITO,URBANA,2021-05-20,06:47:00,6,JUEVES,4,MAYO,5,NO,NO CEDER EL DERECHO DE VIA O PREFERENCIA DE PASO A VEHICULOS.,CHOQUE LATERAL,AUTOMOVIL,2,0,0,0,0,0,0,0,0,0,0,0,0,2,59,MUJER,ILESO,CONDUCTOR PRESENTE,NO,NO,1
26491,103326,103327,2021,0,0,-0.102501,-78.508056,PICHINCHA,QUITO,QUITO,URBANA,2021-05-20,14:50:00,14,JUEVES,4,MAYO,5,NO,REALIZAR CAMBIO BRUSCO O INDEBIDO DE CARRIL.,CHOQUE LATERAL,AUTOMOVIL,2,0,0,0,0,0,0,0,0,0,0,0,0,2,60,HOMBRE,ILESO,CONDUCTOR PRESENTE,NO,NO,1
26492,103328,103329,2021,1,0,-0.169296,-78.476348,PICHINCHA,QUITO,QUITO,URBANA,2021-05-20,15:20:00,15,JUEVES,4,MAYO,5,NO,NO CEDER EL DERECHO DE VIA O PREFERENCIA DE PASO AL PEATON.,ATROPELLOS,FURGONETA,2,0,0,0,0,0,0,1,0,0,0,0,0,3,34,HOMBRE,LESIONADO,PEATON,NO,NO,1
26493,103342,103343,2021,0,0,-0.099083,-78.421844,PICHINCHA,QUITO,CALDERON (CARAPUNGO),RURAL,2021-05-20,21:20:00,21,JUEVES,4,MAYO,5,NO,"NO RESPETAR LAS SENIALES REGLAMENTARIAS DE TRANSITO. (PARE, CEDA EL PASO, LUZ ROJA DEL SEMAFORO, ETC).",OTROS,AUTOMOVIL,1,0,0,0,0,0,0,0,0,0,0,0,0,1,-1,NO IDENTIFICADO,NO IDENTIFICADO,CONDUCTOR AUSENTE,NO,NO,2
26494,103343,103344,2021,1,0,-0.242681,-78.497364,PICHINCHA,QUITO,QUITO,URBANA,2021-05-20,21:25:00,21,JUEVES,4,MAYO,5,NO,CONDUCIR VEHICULO SUPERANDO LOS LIMITES MAXIMOS DE VELOCIDAD.,ESTRELLAMIENTOS,AUTOMOVIL,1,0,0,0,0,0,0,0,0,0,0,0,0,1,42,HOMBRE,LESIONADO,PASAJERO,NO,NO,1
26495,103355,103356,2021,1,0,-0.570486,-78.593311,PICHINCHA,MEJIA,MACHACHI,RURAL,2021-05-21,07:30:00,7,VIERNES,5,MAYO,5,SI,"CONDUCIR DESATENTO A LAS CONDICIONES DE TRANSITO (CELULAR, PANTALLAS DE VIDEO, COMIDA, MAQUILLAJE O CUALQUIER OTRO ELEMENTO DISTRACTOR).",CHOQUE POSTERIOR,CAMIONETA,0,0,0,0,2,0,0,0,0,0,0,0,0,2,47,HOMBRE,LESIONADO,CONDUCTOR PRESENTE,NO,SI,3
26496,103364,103365,2021,1,0,-0.180349,-78.487886,PICHINCHA,QUITO,QUITO,URBANA,2021-05-21,12:25:00,12,VIERNES,5,MAYO,5,SI,NO TRANSITAR POR LAS ACERAS O ZONAS DE SEGURIDAD DESTINADAS PARA EL EFECTO.,ATROPELLOS,AUTOMOVIL,1,0,0,0,0,0,0,0,0,0,0,0,0,1,38,HOMBRE,LESIONADO,PEATON,NO,NO,1
26497,103369,103370,2021,0,0,-0.331642,-78.555122,PICHINCHA,QUITO,QUITO,URBANA,2021-05-21,14:00:00,14,VIERNES,5,MAYO,5,SI,NO GUARDAR LA DISTANCIA LATERAL MINIMA DE SEGURIDAD ENTRE VEHICULOS.,ROZAMIENTOS,AUTOMOVIL,1,0,0,0,0,0,0,0,0,1,0,0,0,2,57,HOMBRE,ILESO,CONDUCTOR PRESENTE,NO,NO,1
26498,103377,103378,2021,0,0,-0.098885,-78.470687,PICHINCHA,QUITO,QUITO,URBANA,2021-05-21,15:55:00,15,VIERNES,5,MAYO,5,SI,"CONDUCE BAJO LA INFLUENCIA DE ALCOHOL, SUSTANCIAS ESTUPEFACIENTES O PSICOTROPICAS Y/O MEDICAMENTOS.",CHOQUE POSTERIOR,AUTOMOVIL,1,0,0,0,0,0,0,0,1,0,0,0,0,2,25,HOMBRE,ILESO,CONDUCTOR PRESENTE,NO,NO,1
26499,103393,103394,2021,3,0,-0.442138,-78.715916,PICHINCHA,MEJIA,MANUEL CORNEJO ASTORGA,RURAL,2021-05-21,19:25:00,19,VIERNES,5,MAYO,5,SI,"CONDUCIR DESATENTO A LAS CONDICIONES DE TRANSITO (CELULAR, PANTALLAS DE VIDEO, COMIDA, MAQUILLAJE O CUALQUIER OTRO ELEMENTO DISTRACTOR).",PERDIDA DE PISTA,AUTOMOVIL,1,0,0,1,0,0,0,0,0,0,0,0,0,2,-1,NO IDENTIFICADO,LESIONADO,PASAJERO,NO,NO,3
26500,103394,103395,2021,1,0,-0.083827,-78.508819,PICHINCHA,QUITO,QUITO,URBANA,2021-05-21,19:30:00,19,VIERNES,5,MAYO,5,SI,NO CEDER EL DERECHO DE VIA O PREFERENCIA DE PASO AL PEATON.,ARROLLAMIENTOS,NO IDENTIFICADO,0,0,0,0,0,0,0,0,0,1,0,0,0,1,6,MUJER,LESIONADO,PEATON,NO,NO,1
26501,103407,103408,2021,1,0,-0.163401,-78.475184,PICHINCHA,QUITO,QUITO,URBANA,2021-05-21,21:30:00,21,VIERNES,5,MAYO,5,SI,"NO RESPETAR LAS SENIALES REGLAMENTARIAS DE TRANSITO. (PARE, CEDA EL PASO, LUZ ROJA DEL SEMAFORO, ETC).",CHOQUE LATERAL,MOTOCICLETA,1,0,0,0,0,0,0,0,1,0,0,0,0,2,55,HOMBRE,LESIONADO,CONDUCTOR PRESENTE,NO,NO,1
26502,103412,103413,2021,1,0,-0.142545,-78.477798,PICHINCHA,QUITO,QUITO,URBANA,2021-05-21,22:30:00,22,VIERNES,5,MAYO,5,SI,NO CEDER EL DERECHO DE VIA O PREFERENCIA DE PASO AL PEATON.,ATROPELLOS,AUTOMOVIL,1,0,0,0,0,0,0,0,0,0,0,0,0,1,31,MUJER,LESIONADO,PEATON,NO,NO,1
26503,103415,103416,2021,6,0,-0.229248,-78.500854,PICHINCHA,QUITO,QUITO,URBANA,2021-05-21,23:00:00,23,VIERNES,5,MAYO,5,SI,NO MANTENER LA DISTANCIA PRUDENCIAL CON RESPECTO AL VEHICULO QUE LE ANTECEDE.,CHOQUE POSTERIOR,CAMIONETA,0,0,0,1,1,0,0,0,0,0,0,0,0,2,56,MUJER,LESIONADO,PASAJERO,NO,NO,1
26504,103416,103417,2021,0,0,-0.277624,-78.531251,PICHINCHA,QUITO,QUITO,URBANA,2021-05-21,23:10:00,23,VIERNES,5,MAYO,5,SI,"CONDUCE BAJO LA INFLUENCIA DE ALCOHOL, SUSTANCIAS ESTUPEFACIENTES O PSICOTROPICAS Y/O MEDICAMENTOS.",CHOQUE POSTERIOR,AUTOMOVIL,2,0,0,0,0,0,0,0,0,0,0,0,0,2,41,HOMBRE,ILESO,CONDUCTOR PRESENTE,NO,NO,1
26505,103417,103418,2021,0,0,-0.299015,-78.531528,PICHINCHA,QUITO,QUITO,URBANA,2021-05-21,23:35:00,23,VIERNES,5,MAYO,5,SI,"CONDUCIR EN ESTADO DE SOMNOLENCIA O MALAS CONDICIONES FISICAS (SUENIO, CANSANCIO Y FATIGA).",ESTRELLAMIENTOS,AUTOMOVIL,1,0,0,0,0,0,0,0,0,0,0,0,0,1,42,HOMBRE,ILESO,CONDUCTOR PRESENTE,NO,NO,1