,Unnamed: 0,ID,ANIO,LESIONADOS,FALLECIDOS,LATITUD_Y,LONGITUD_X,PROVINCIA,CANTON,PARROQUIA,ZONA,FECHA,HORA,PERIODO_2,DIA_1,DIA_2,MES_1,MES_2,FERIADO,CAUSA_PROBABLE,TIPO_DE_SINIESTRO,TIPO_DE_VEHICULO_1,AUTOMOVIL,BICICLETA,BUS,CAMION,CAMIONETA,EMERGENCIAS,ESPECIAL,FURGONETA,MOTOCICLETA,NO_IDENTIFICADO,SCOOTER_ELECTRICO,TRICIMOTO,VEHICULO_DEPORTIVO_UTILITARIO,SUMA_DE_VEHICULOS,EDAD_1,SEXO_1,CONDICION_1,PARTICIPANTE_1,CASCO_1,CINTURON_1,KMeans_Cluster
26506,103420,103421,2021,1,0,0.052007,-78.140959,PICHINCHA,CAYAMBE,CAYAMBE,URBANA,2021-05-22,00:40:00,0,SABADO,6,MAYO,5,SI,"CONDUCIR DESATENTO A LAS CONDICIONES DE TRANSITO (CELULAR, PANTALLAS DE VIDEO, COMIDA, MAQUILLAJE O CUALQUIER OTRO ELEMENTO DISTRACTOR).",PERDIDA DE PISTA,MOTOCICLETA,0,0,0,0,0,0,0,0,1,0,0,0,0,1,18,HOMBRE,LESIONADO,CONDUCTOR PRESENTE,NO,SI,1
26507,103426,103427,2021,0,0,-0.190017,-78.453854,PICHINCHA,QUITO,NAYON,RURAL,2021-05-22,03:00:00,3,SABADO,6,MAYO,5,SI,CONDUCIR VEHICULO SUPERANDO LOS LIMITES MAXIMOS DE VELOCIDAD.,ESTRELLAMIENTOS,AUTOMOVIL,1,0,0,0,0,0,0,0,0,0,0,0,0,1,-1,NO IDENTIFICADO,NO IDENTIFICADO,CONDUCTOR AUSENTE,NO,NO,2
26508,103428,103429,2021,0,0,-0.182919,-78.503623,PICHINCHA,QUITO,QUITO,URBANA,2021-05-22,04:45:00,4,SABADO,6,MAYO,5,SI,CONDUCIR VEHICULO SUPERANDO LOS LIMITES MAXIMOS DE VELOCIDAD.,ESTRELLAMIENTOS,AUTOMOVIL,1,0,0,0,0,0,0,0,0,0,0,0,0,1,-1,NO IDENTIFICADO,NO IDENTIFICADO,CONDUCTOR AUSENTE,NO,NO,2
26509,103430,103431,2021,0,0,-0.101188,-78.503821,PICHINCHA,QUITO,QUITO,URBANA,2021-05-22,05:30:00,5,SABADO,6,MAYO,5,SI,"CONDUCE BAJO LA INFLUENCIA DE ALCOHOL, SUSTANCIAS ESTUPEFACIENTES O PSICOTROPICAS Y/O MEDICAMENTOS.",ESTRELLAMIENTOS,MOTOCICLETA,0,0,0,0,0,0,0,0,1,0,0,0,0,1,26,HOMBRE,ILESO,CONDUCTOR PRESENTE,NO,NO,1
26510,103434,103435,2021,0,0,-0.090945,-78.476083,PICHINCHA,QUITO,QUITO,URBANA,2021-05-22,06:35:00,6,SABADO,6,MAYO,5,SI,"NO RESPETAR LAS SENIALES REGLAMENTARIAS DE TRANSITO. (PARE, CEDA EL PASO, LUZ ROJA DEL SEMAFORO, ETC).",CHOQUE LATERAL,AUTOMOVIL,1,0,0,0,1,0,0,0,0,0,0,0,0,2,71,HOMBRE,ILESO,CONDUCTOR PRESENTE,NO,NO,1
26511,103436,103437,2021,0,0,-0.121185,-78.470125,PICHINCHA,QUITO,QUITO,URBANA,2021-05-22,06:48:00,6,SABADO,6,MAYO,5,SI,CONDUCIR VEHICULO SUPERANDO LOS LIMITES MAXIMOS DE VELOCIDAD.,ESTRELLAMIENTOS,AUTOMOVIL,1,0,0,0,0,0,0,0,0,0,0,0,0,1,-1,NO IDENTIFICADO,NO IDENTIFICADO,CONDUCTOR AUSENTE,NO,NO,2
26512,103440,103441,2021,0,1,-0.285347,-78.518493,PICHINCHA,QUITO,QUITO,URBANA,2021-05-22,08:20:00,8,SABADO,6,MAYO,5,SI,NO CEDER EL DERECHO DE VIA O PREFERENCIA DE PASO AL PEATON.,ATROPELLOS,NO IDENTIFICADO,0,0,0,0,0,0,0,0,0,1,0,0,0,1,36,HOMBRE,FALLECIDO,PEATON,NO,NO,1
26513,103441,103442,2021,0,0,-0.120424,-78.415686,PICHINCHA,QUITO,CALDERON (CARAPUNGO),RURAL,2021-05-22,08:30:00,8,SABADO,6,MAYO,5,SI,CONDUCIR VEHICULO SUPERANDO LOS LIMITES MAXIMOS DE VELOCIDAD.,ESTRELLAMIENTOS,AUTOMOVIL,1,0,0,0,0,0,0,0,0,0,0,0,0,1,-1,NO IDENTIFICADO,NO IDENTIFICADO,CONDUCTOR AUSENTE,NO,NO,2
26514,103446,103447,2021,0,0,-0.215377,-78.515878,PICHINCHA,QUITO,QUITO,URBANA,2021-05-22,10:45:00,10,SABADO,6,MAYO,5,SI,"NO RESPETAR LAS SENIALES REGLAMENTARIAS DE TRANSITO. (PARE, CEDA EL PASO, LUZ ROJA DEL SEMAFORO, ETC).",CHOQUE LATERAL,AUTOMOVIL,2,0,0,0,0,0,0,0,0,0,0,0,0,2,58,MUJER,ILESO,CONDUCTOR PRESENTE,NO,NO,1
26515,103447,103448,2021,0,0,0.025485,-78.152718,PICHINCHA,CAYAMBE,CAYAMBE,URBANA,2021-05-22,10:57:00,10,SABADO,6,MAYO,5,SI,"CONDUCIR DESATENTO A LAS CONDICIONES DE TRANSITO (CELULAR, PANTALLAS DE VIDEO, COMIDA, MAQUILLAJE O CUALQUIER OTRO ELEMENTO DISTRACTOR).",COLISION,AUTOMOVIL,1,0,0,1,0,0,0,0,0,0,0,0,1,3,37,HOMBRE,ILESO,CONDUCTOR PRESENTE,NO,SI,1
26516,103449,103450,2021,1,0,-0.129197,-78.502316,PICHINCHA,QUITO,QUITO,URBANA,2021-05-22,11:40:00,11,SABADO,6,MAYO,5,SI,PEATON QUE CRUZA LA CALZADA SIN RESPETAR LA SENIALIZACION EXISTENTE (SEMAFOROS O SENIALES MANUALES).,ATROPELLOS,AUTOMOVIL,1,0,0,0,0,0,0,0,0,0,0,0,0,1,30,HOMBRE,LESIONADO,PEATON,NO,NO,1
26517,103450,103451,2021,1,0,-0.106767,-78.441933,PICHINCHA,QUITO,CALDERON (CARAPUNGO),RURAL,2021-05-22,11:45:00,11,SABADO,6,MAYO,5,SI,NO CEDER EL DERECHO DE VIA O PREFERENCIA DE PASO A VEHICULOS.,CHOQUE LATERAL,AUTOMOVIL,2,0,0,0,0,0,0,0,0,0,0,0,0,2,29,HOMBRE,LESIONADO,CONDUCTOR PRESENTE,NO,NO,3
26518,103451,103452,2021,2,0,-0.192308,-78.496791,PICHINCHA,QUITO,QUITO,URBANA,2021-05-22,11:50:00,11,SABADO,6,MAYO,5,SI,"NO RESPETAR LAS SENIALES REGLAMENTARIAS DE TRANSITO. (PARE, CEDA EL PASO, LUZ ROJA DEL SEMAFORO, ETC).",CHOQUE LATERAL,AUTOMOVIL,1,0,0,0,0,0,0,0,1,0,0,0,0,2,34,HOMBRE,LESIONADO,PASAJERO,NO,NO,1
26519,103452,103453,2021,1,0,-0.220381,-78.520571,PICHINCHA,QUITO,QUITO,URBANA,2021-05-22,13:55:00,13,SABADO,6,MAYO,5,SI,REALIZAR CAMBIO BRUSCO O INDEBIDO DE CARRIL.,ROZAMIENTOS,AUTOMOVIL,1,0,0,0,0,0,0,0,1,0,0,0,0,2,26,HOMBRE,LESIONADO,CONDUCTOR PRESENTE,NO,NO,1
26520,103454,103455,2021,0,0,-0.330366,-78.450808,PICHINCHA,RUMINIAHUI,SANGOLQUI,URBANA,2021-05-22,14:49:00,14,SABADO,6,MAYO,5,SI,DANIOS MECANICOS PREVISIBLES.,CHOQUE LATERAL,VEHICULO DEPORTIVO UTILITARIO,0,0,1,0,0,0,0,0,0,0,0,0,1,2,36,HOMBRE,ILESO,CONDUCTOR PRESENTE,NO,SI,1
26521,103455,103456,2021,0,0,-0.299382,-78.459906,PICHINCHA,RUMINIAHUI,SANGOLQUI,URBANA,2021-05-22,15:00:00,15,SABADO,6,MAYO,5,SI,"CONDUCIR DESATENTO A LAS CONDICIONES DE TRANSITO (CELULAR, PANTALLAS DE VIDEO, COMIDA, MAQUILLAJE O CUALQUIER OTRO ELEMENTO DISTRACTOR).",CHOQUE LATERAL,CAMION,1,0,0,1,0,0,0,0,0,0,0,0,0,2,34,HOMBRE,ILESO,CONDUCTOR PRESENTE,NO,SI,1
26522,103475,103476,2021,1,0,-0.272404,-78.560683,PICHINCHA,QUITO,QUITO,URBANA,2021-05-22,19:20:00,19,SABADO,6,MAYO,5,SI,"CONDUCE BAJO LA INFLUENCIA DE ALCOHOL, SUSTANCIAS ESTUPEFACIENTES O PSICOTROPICAS Y/O MEDICAMENTOS.",CHOQUE LATERAL,MOTOCICLETA,1,0,1,1,0,0,0,0,1,0,0,0,0,4,25,HOMBRE,LESIONADO,PASAJERO,NO,NO,1
26523,103476,103477,2021,2,0,0.028682,-78.623971,PICHINCHA,QUITO,NONO,RURAL,2021-05-22,19:20:00,19,SABADO,6,MAYO,5,SI,"CONDICIONES AMBIENTALES Y/O ATMOSFERICAS (NIEBLA, NEBLINA, GRANIZO, LLUVIA).",PERDIDA DE CARRIL,AUTOMOVIL,2,0,0,0,0,0,0,0,0,0,0,0,0,2,49,HOMBRE,LESIONADO,CONDUCTOR PRESENTE,NO,SI,3
26524,103488,103489,2021,0,0,-0.308113,-78.561892,PICHINCHA,QUITO,QUITO,URBANA,2021-05-22,20:35:00,20,SABADO,6,MAYO,5,SI,CONDUCIR VEHICULO SUPERANDO LOS LIMITES MAXIMOS DE VELOCIDAD.,ESTRELLAMIENTOS,NO IDENTIFICADO,0,0,0,0,0,0,0,0,0,1,0,0,0,1,-1,NO IDENTIFICADO,NO IDENTIFICADO,CONDUCTOR AUSENTE,NO,NO,2
26525,103490,103491,2021,0,0,-0.252068,-78.337898,PICHINCHA,QUITO,PIFO,RURAL,2021-05-22,21:00:00,21,SABADO,6,MAYO,5,SI,"CONDUCIR DESATENTO A LAS CONDICIONES DE TRANSITO (CELULAR, PANTALLAS DE VIDEO, COMIDA, MAQUILLAJE O CUALQUIER OTRO ELEMENTO DISTRACTOR).",CHOQUE FRONTAL,CAMIONETA,0,0,0,1,1,0,0,0,0,0,0,0,0,2,30,HOMBRE,ILESO,CONDUCTOR PRESENTE,NO,SI,3
26526,103491,103492,2021,1,0,-0.005868,-78.445074,PICHINCHA,QUITO,SAN ANTONIO (QUITO),RURAL,2021-05-22,21:05:00,21,SABADO,6,MAYO,5,SI,NO CEDER EL DERECHO DE VIA O PREFERENCIA DE PASO A VEHICULOS.,CHOQUE LATERAL,AUTOMOVIL,1,0,0,0,1,0,0,0,0,0,0,0,0,2,26,MUJER,LESIONADO,PASAJERO,NO,NO,3
26527,103497,103498,2021,0,0,-0.177282,-78.359537,PICHINCHA,QUITO,PUEMBO,RURAL,2021-05-22,21:40:00,21,SABADO,6,MAYO,5,SI,"CONDUCE BAJO LA INFLUENCIA DE ALCOHOL, SUSTANCIAS ESTUPEFACIENTES O PSICOTROPICAS Y/O MEDICAMENTOS.",ESTRELLAMIENTOS,AUTOMOVIL,2,0,0,0,1,0,0,0,0,0,0,0,0,3,44,HOMBRE,ILESO,CONDUCTOR PRESENTE,NO,NO,3
26528,103499,103500,2021,1,0,-0.100622,-78.472207,PICHINCHA,QUITO,QUITO,URBANA,2021-05-22,22:10:00,22,SABADO,6,MAYO,5,SI,"NO RESPETAR LAS SENIALES REGLAMENTARIAS DE TRANSITO. (PARE, CEDA EL PASO, LUZ ROJA DEL SEMAFORO, ETC).",CHOQUE LATERAL,AUTOMOVIL,2,0,0,0,0,0,0,0,0,0,0,0,0,2,40,MUJER,LESIONADO,PASAJERO,NO,NO,1
26529,103502,103503,2021,3,1,-0.272404,-78.560683,PICHINCHA,QUITO,QUITO,URBANA,2021-05-22,22:20:00,22,SABADO,6,MAYO,5,SI,"CONDUCE BAJO LA INFLUENCIA DE ALCOHOL, SUSTANCIAS ESTUPEFACIENTES O PSICOTROPICAS Y/O MEDICAMENTOS.",VOLCAMIENTOS,CAMIONETA,0,0,0,0,1,0,0,0,0,0,0,0,0,1,30,MUJER,FALLECIDO,PASAJERO,NO,NO,1
26530,103508,103509,2021,4,2,-0.315072,-78.511836,PICHINCHA,QUITO,QUITO,URBANA,2021-05-23,00:07:00,0,DOMINGO,7,MAYO,5,SI,"CONDUCE BAJO LA INFLUENCIA DE ALCOHOL, SUSTANCIAS ESTUPEFACIENTES O PSICOTROPICAS Y/O MEDICAMENTOS.",ATROPELLOS,AUTOMOVIL,1,0,0,0,1,0,0,0,0,0,0,0,0,2,45,MUJER,FALLECIDO,PEATON,NO,NO,1
26531,103513,103514,2021,1,1,-0.329234,-78.550477,PICHINCHA,QUITO,QUITO,URBANA,2021-05-23,01:30:00,1,DOMINGO,7,MAYO,5,SI,"CONDUCIR EN ESTADO DE SOMNOLENCIA O MALAS CONDICIONES FISICAS (SUENIO, CANSANCIO Y FATIGA).",VOLCAMIENTOS,MOTOCICLETA,0,0,0,0,0,0,0,0,1,0,0,0,0,1,24,HOMBRE,FALLECIDO,CONDUCTOR PRESENTE,NO,NO,1
26532,103520,103521,2021,0,0,-0.211821,-78.462562,PICHINCHA,QUITO,QUITO,RURAL,2021-05-23,04:20:00,4,DOMINGO,7,MAYO,5,SI,CONDUCIR VEHICULO SUPERANDO LOS LIMITES MAXIMOS DE VELOCIDAD.,ESTRELLAMIENTOS,AUTOMOVIL,1,0,0,0,0,0,0,0,0,0,0,0,0,1,57,HOMBRE,ILESO,CONDUCTOR PRESENTE,NO,NO,3
26533,103522,103523,2021,0,0,-0.105373,-78.462381,PICHINCHA,QUITO,QUITO,URBANA,2021-05-23,04:44:00,4,DOMINGO,7,MAYO,5,SI,"CONDUCIR EN ESTADO DE SOMNOLENCIA O MALAS CONDICIONES FISICAS (SUENIO, CANSANCIO Y FATIGA).",ESTRELLAMIENTOS,AUTOMOVIL,1,0,0,0,0,0,0,0,0,0,0,0,0,1,56,HOMBRE,ILESO,CONDUCTOR PRESENTE,NO,NO,1
26534,103526,103527,2021,0,0,-0.163526,-78.496228,PICHINCHA,QUITO,QUITO,URBANA,2021-05-23,05:40:00,5,DOMINGO,7,MAYO,5,SI,CONDUCIR VEHICULO SUPERANDO LOS LIMITES MAXIMOS DE VELOCIDAD.,VOLCAMIENTOS,CAMIONETA,0,0,0,0,1,0,0,0,0,0,0,0,0,1,-1,NO IDENTIFICADO,NO IDENTIFICADO,CONDUCTOR AUSENTE,NO,NO,2
26535,103528,103529,2021,1,0,-0.126595,-78.292397,PICHINCHA,QUITO,EL QUINCHE,RURAL,2021-05-23,06:30:00,6,DOMINGO,7,MAYO,5,SI,MALAS CONDICIONES DE LA VIA Y/O CONFIGURACION. (ILUMINACION Y DISENIO).,PERDIDA DE CARRIL,MOTOCICLETA,0,0,0,0,0,0,0,0,1,0,0,0,0,1,34,HOMBRE,LESIONADO,CONDUCTOR PRESENTE,NO,SI,3
26536,103535,103536,2021,1,0,-0.280982,-78.516477,PICHINCHA,QUITO,QUITO,URBANA,2021-05-23,08:30:00,8,DOMINGO,7,MAYO,5,SI,NO MANTENER LA DISTANCIA PRUDENCIAL CON RESPECTO AL VEHICULO QUE LE ANTECEDE.,CHOQUE POSTERIOR,AUTOMOVIL,2,0,0,0,0,0,0,0,0,0,0,0,0,2,75,MUJER,LESIONADO,PASAJERO,NO,NO,1
26537,103543,103544,2021,1,0,-0.441972,-78.691277,PICHINCHA,MEJIA,ALOAG,RURAL,2021-05-23,12:55:00,12,DOMINGO,7,MAYO,5,SI,BAJARSE O SUBIRSE DE VEHICULOS EN MOVIMIENTO SIN TOMAR LAS PRECAUCIONES DEBIDAS.,CAIDA DE PASAJERO,NO IDENTIFICADO,0,0,0,0,0,0,0,0,0,1,0,0,0,1,-1,NO IDENTIFICADO,LESIONADO,PASAJERO,NO,NO,3
26538,103563,103564,2021,1,1,-0.308739,-78.413464,PICHINCHA,QUITO,ALANGASI,RURAL,2021-05-23,18:25:00,18,DOMINGO,7,MAYO,5,SI,PEATON QUE CRUZA LA CALZADA SIN RESPETAR LA SENIALIZACION EXISTENTE (SEMAFOROS O SENIALES MANUALES).,ATROPELLOS,NO IDENTIFICADO,0,0,0,0,0,0,0,0,0,1,0,0,0,1,67,MUJER,FALLECIDO,PEATON,NO,NO,3
26539,103572,103573,2021,1,0,-0.084258,-78.475382,PICHINCHA,QUITO,QUITO,URBANA,2021-05-23,20:35:00,20,DOMINGO,7,MAYO,5,SI,NO CEDER EL DERECHO DE VIA O PREFERENCIA DE PASO A VEHICULOS.,CHOQUE LATERAL,MOTOCICLETA,0,0,0,0,0,0,0,0,1,1,0,0,0,2,30,HOMBRE,LESIONADO,PASAJERO,NO,NO,1
26540,103580,103581,2021,0,1,-0.188003,-78.491954,PICHINCHA,QUITO,QUITO,URBANA,2021-05-23,22:25:00,22,DOMINGO,7,MAYO,5,SI,CONDUCIR VEHICULO SUPERANDO LOS LIMITES MAXIMOS DE VELOCIDAD.,OTROS,MOTOCICLETA,1,0,0,0,0,0,0,0,1,0,0,0,0,2,22,HOMBRE,FALLECIDO,CONDUCTOR PRESENTE,NO,NO,1
26541,103582,103583,2021,0,1,-0.091585,-78.439052,PICHINCHA,QUITO,CALDERON (CARAPUNGO),RURAL,2021-05-23,22:50:00,22,DOMINGO,7,MAYO,5,SI,CONDUCIR VEHICULO SUPERANDO LOS LIMITES MAXIMOS DE VELOCIDAD.,VOLCAMIENTOS,MOTOCICLETA,0,0,0,0,0,0,0,0,1,0,0,0,0,1,42,MUJER,FALLECIDO,CONDUCTOR PRESENTE,NO,NO,3
26542,103583,103584,2021,0,0,-0.256733,-78.542807,PICHINCHA,QUITO,QUITO,URBANA,2021-05-23,23:07:00,23,DOMINGO,7,MAYO,5,SI,"CONDUCE BAJO LA INFLUENCIA DE ALCOHOL, SUSTANCIAS ESTUPEFACIENTES O PSICOTROPICAS Y/O MEDICAMENTOS.",COLISION,AUTOMOVIL,3,0,0,0,0,0,0,0,0,0,0,0,0,3,28,HOMBRE,ILESO,CONDUCTOR PRESENTE,NO,NO,1
26543,103588,103589,2021,0,0,-0.161184,-78.495683,PICHINCHA,QUITO,QUITO,URBANA,2021-05-24,00:05:00,0,LUNES,1,MAYO,5,SI,CONDUCIR VEHICULO SUPERANDO LOS LIMITES MAXIMOS DE VELOCIDAD.,OTROS,AUTOMOVIL,1,0,0,0,0,0,0,0,0,0,0,0,0,1,-1,NO IDENTIFICADO,NO IDENTIFICADO,CONDUCTOR AUSENTE,NO,NO,2
26544,103598,103599,2021,0,1,-0.091585,-78.439052,PICHINCHA,QUITO,CALDERON (CARAPUNGO),RURAL,2021-05-24,08:25:00,8,LUNES,1,MAYO,5,SI,NO CEDER EL DERECHO DE VIA O PREFERENCIA DE PASO AL PEATON.,ARROLLAMIENTOS,BUS,0,0,1,0,0,0,0,0,0,0,0,0,0,1,38,HOMBRE,FALLECIDO,PEATON,NO,NO,3
26545,103601,103602,2021,0,0,-0.304714,-78.416503,PICHINCHA,QUITO,ALANGASI,RURAL,2021-05-24,11:20:00,11,LUNES,1,MAYO,5,SI,CONDUCIR VEHICULO SUPERANDO LOS LIMITES MAXIMOS DE VELOCIDAD.,OTROS,AUTOMOVIL,1,0,0,0,0,0,0,0,0,0,0,0,0,1,-1,NO IDENTIFICADO,NO IDENTIFICADO,CONDUCTOR AUSENTE,NO,NO,2
26546,103616,103617,2021,0,0,-0.181018,-78.505749,PICHINCHA,QUITO,QUITO,URBANA,2021-05-24,17:45:00,17,LUNES,1,MAYO,5,SI,"NO RESPETAR LAS SENIALES REGLAMENTARIAS DE TRANSITO. (PARE, CEDA EL PASO, LUZ ROJA DEL SEMAFORO, ETC).",CHOQUE LATERAL,FURGONETA,0,0,0,0,0,0,0,1,1,0,0,0,0,2,35,HOMBRE,ILESO,CONDUCTOR PRESENTE,NO,NO,1
26547,103625,103626,2021,0,0,-0.297176,-78.520592,PICHINCHA,QUITO,QUITO,URBANA,2021-05-24,19:00:00,19,LUNES,1,MAYO,5,SI,CONDUCIR VEHICULO SUPERANDO LOS LIMITES MAXIMOS DE VELOCIDAD.,ESTRELLAMIENTOS,AUTOMOVIL,1,0,0,0,0,0,0,0,0,0,0,0,0,1,-1,NO IDENTIFICADO,NO IDENTIFICADO,CONDUCTOR AUSENTE,NO,NO,2
26548,103630,103631,2021,0,0,-0.212824,-78.402686,PICHINCHA,QUITO,TUMBACO,RURAL,2021-05-24,20:08:00,20,LUNES,1,MAYO,5,SI,CONDUCIR VEHICULO SUPERANDO LOS LIMITES MAXIMOS DE VELOCIDAD.,ESTRELLAMIENTOS,AUTOMOVIL,1,0,0,0,0,0,0,0,0,0,0,0,0,1,-1,NO IDENTIFICADO,NO IDENTIFICADO,CONDUCTOR AUSENTE,NO,NO,2
26549,103644,103645,2021,0,0,-0.114303,-78.502274,PICHINCHA,QUITO,QUITO,URBANA,2021-05-25,06:50:00,6,MARTES,2,MAYO,5,NO,"CONDICIONES AMBIENTALES Y/O ATMOSFERICAS (NIEBLA, NEBLINA, GRANIZO, LLUVIA).",ESTRELLAMIENTOS,AUTOMOVIL,1,0,0,0,0,0,0,0,0,0,0,0,0,1,42,MUJER,ILESO,CONDUCTOR PRESENTE,NO,NO,1
26550,103645,103646,2021,1,0,-0.220366,-78.508289,PICHINCHA,QUITO,QUITO,URBANA,2021-05-25,06:50:00,6,MARTES,2,MAYO,5,NO,NO CEDER EL DERECHO DE VIA O PREFERENCIA DE PASO A VEHICULOS.,CHOQUE LATERAL,AUTOMOVIL,1,0,0,0,0,0,0,0,1,0,0,0,0,2,35,HOMBRE,LESIONADO,CONDUCTOR PRESENTE,NO,NO,1
26551,103648,103649,2021,0,1,0.052258,-78.186517,PICHINCHA,PEDRO MONCAYO,TABACUNDO,RURAL,2021-05-25,10:00:00,10,MARTES,2,MAYO,5,NO,CONDUCIR VEHICULO SUPERANDO LOS LIMITES MAXIMOS DE VELOCIDAD.,ATROPELLOS,CAMION,0,0,0,1,0,0,0,0,0,0,0,0,0,1,2,HOMBRE,FALLECIDO,PEATON,NO,NO,3
26552,103664,103665,2021,2,0,-0.261379,-78.522053,PICHINCHA,QUITO,QUITO,URBANA,2021-05-25,16:50:00,16,MARTES,2,MAYO,5,NO,NO CEDER EL DERECHO DE VIA O PREFERENCIA DE PASO A VEHICULOS.,CHOQUE LATERAL,MOTOCICLETA,1,0,0,0,0,0,0,0,1,0,0,0,0,2,37,MUJER,LESIONADO,PASAJERO,NO,NO,1
26553,103670,103671,2021,1,0,-0.222194,-78.521251,PICHINCHA,QUITO,QUITO,URBANA,2021-05-25,18:20:00,18,MARTES,2,MAYO,5,NO,"ADELANTAR O REBASAR A OTRO VEHICULO EN MOVIMIENTO EN ZONAS O SITIOS PELIGROSOS TALES COMO: CURVAS, PUENTES, TUNELES, PENDIENTES, ETC.",OTROS,MOTOCICLETA,0,0,0,0,0,0,0,0,1,0,0,0,0,1,26,HOMBRE,LESIONADO,CONDUCTOR PRESENTE,NO,NO,1
26554,103671,103672,2021,2,0,-0.199767,-78.428809,PICHINCHA,QUITO,CUMBAYA,RURAL,2021-05-25,18:40:00,18,MARTES,2,MAYO,5,NO,"NO RESPETAR LAS SENIALES REGLAMENTARIAS DE TRANSITO. (PARE, CEDA EL PASO, LUZ ROJA DEL SEMAFORO, ETC).",CHOQUE LATERAL,MOTOCICLETA,1,0,0,0,0,0,0,0,1,0,0,0,0,2,35,HOMBRE,LESIONADO,CONDUCTOR PRESENTE,NO,NO,3
26555,103688,103689,2021,0,0,-0.253343,-78.537209,PICHINCHA,QUITO,QUITO,URBANA,2021-05-26,07:15:00,7,MIERCOLES,3,MAYO,5,NO,CONDUCIR VEHICULO SUPERANDO LOS LIMITES MAXIMOS DE VELOCIDAD.,ESTRELLAMIENTOS,AUTOMOVIL,2,0,0,0,0,0,0,1,0,0,0,0,0,3,23,HOMBRE,ILESO,CONDUCTOR PRESENTE,NO,NO,1
26556,103694,103695,2021,0,0,-0.321425,-78.544502,PICHINCHA,QUITO,QUITO,URBANA,2021-05-26,09:45:00,9,MIERCOLES,3,MAYO,5,NO,CONDUCIR VEHICULO SUPERANDO LOS LIMITES MAXIMOS DE VELOCIDAD.,ESTRELLAMIENTOS,AUTOMOVIL,1,0,0,0,0,0,0,0,0,0,0,0,0,1,-1,NO IDENTIFICADO,NO IDENTIFICADO,CONDUCTOR AUSENTE,NO,NO,2
26557,103702,103703,2021,0,0,-0.350122,-78.533206,PICHINCHA,QUITO,QUITO,URBANA,2021-05-26,14:00:00,14,MIERCOLES,3,MAYO,5,NO,"CONDUCE BAJO LA INFLUENCIA DE ALCOHOL, SUSTANCIAS ESTUPEFACIENTES O PSICOTROPICAS Y/O MEDICAMENTOS.",ROZAMIENTOS,CAMION,1,0,0,1,0,0,0,0,0,0,0,0,0,2,26,HOMBRE,ILESO,CONDUCTOR PRESENTE,NO,NO,1
26558,103705,103706,2021,0,0,-0.084638,-78.436797,PICHINCHA,QUITO,CALDERON (CARAPUNGO),RURAL,2021-05-26,15:00:00,15,MIERCOLES,3,MAYO,5,NO,MALAS CONDICIONES DE LA VIA Y/O CONFIGURACION. (ILUMINACION Y DISENIO).,CHOQUE LATERAL,AUTOMOVIL,1,0,0,0,1,0,0,0,0,0,0,0,0,2,24,HOMBRE,ILESO,CONDUCTOR PRESENTE,NO,NO,3
26559,103715,103716,2021,1,0,-0.227116,-78.506847,PICHINCHA,QUITO,QUITO,URBANA,2021-05-26,17:15:00,17,MIERCOLES,3,MAYO,5,NO,PEATON QUE CRUZA LA CALZADA SIN RESPETAR LA SENIALIZACION EXISTENTE (SEMAFOROS O SENIALES MANUALES).,ARROLLAMIENTOS,BUS,0,0,1,0,0,0,0,0,0,0,0,0,0,1,30,HOMBRE,LESIONADO,PEATON,NO,NO,1
26560,103731,103732,2021,0,0,-0.219832,-78.510211,PICHINCHA,QUITO,QUITO,URBANA,2021-05-27,02:25:00,2,JUEVES,4,MAYO,5,NO,"CONDUCE BAJO LA INFLUENCIA DE ALCOHOL, SUSTANCIAS ESTUPEFACIENTES O PSICOTROPICAS Y/O MEDICAMENTOS.",CHOQUE LATERAL,AUTOMOVIL,2,0,0,0,0,0,0,0,0,0,0,0,0,2,33,HOMBRE,ILESO,CONDUCTOR PRESENTE,NO,NO,1
26561,103734,103735,2021,1,0,-0.183314,-78.486947,PICHINCHA,QUITO,QUITO,URBANA,2021-05-27,05:20:00,5,JUEVES,4,MAYO,5,NO,CONDUCIR VEHICULO SUPERANDO LOS LIMITES MAXIMOS DE VELOCIDAD.,ESTRELLAMIENTOS,AUTOMOVIL,1,0,0,0,0,0,0,0,0,1,0,0,0,2,37,MUJER,LESIONADO,CONDUCTOR PRESENTE,NO,NO,1
26562,103739,103740,2021,1,0,-0.189193,-78.483327,PICHINCHA,QUITO,QUITO,URBANA,2021-05-27,08:15:00,8,JUEVES,4,MAYO,5,NO,"NO RESPETAR LAS SENIALES REGLAMENTARIAS DE TRANSITO. (PARE, CEDA EL PASO, LUZ ROJA DEL SEMAFORO, ETC).",CHOQUE LATERAL,AUTOMOVIL,2,0,0,0,0,0,0,0,0,0,0,0,0,2,48,MUJER,LESIONADO,PASAJERO,NO,NO,1
26563,103745,103746,2021,1,0,-0.219429,-78.520717,PICHINCHA,QUITO,QUITO,URBANA,2021-05-27,12:31:00,12,JUEVES,4,MAYO,5,NO,NO TRANSITAR POR LAS ACERAS O ZONAS DE SEGURIDAD DESTINADAS PARA EL EFECTO.,ATROPELLOS,BUS,0,0,1,0,0,0,0,0,0,0,0,0,0,1,26,HOMBRE,LESIONADO,PEATON,NO,NO,1
26564,103757,103758,2021,0,0,-0.336561,-78.549989,PICHINCHA,QUITO,QUITO,URBANA,2021-05-27,16:35:00,16,JUEVES,4,MAYO,5,NO,CONDUCIR VEHICULO SUPERANDO LOS LIMITES MAXIMOS DE VELOCIDAD.,PERDIDA DE CARRIL,AUTOMOVIL,1,0,0,0,0,0,0,0,0,0,0,0,0,1,-1,NO IDENTIFICADO,NO IDENTIFICADO,CONDUCTOR AUSENTE,NO,NO,2