,Unnamed: 0,ID,ANIO,LESIONADOS,FALLECIDOS,LATITUD_Y,LONGITUD_X,PROVINCIA,CANTON,PARROQUIA,ZONA,FECHA,HORA,PERIODO_2,DIA_1,DIA_2,MES_1,MES_2,FERIADO,CAUSA_PROBABLE,TIPO_DE_SINIESTRO,TIPO_DE_VEHICULO_1,AUTOMOVIL,BICICLETA,BUS,CAMION,CAMIONETA,EMERGENCIAS,ESPECIAL,FURGONETA,MOTOCICLETA,NO_IDENTIFICADO,SCOOTER_ELECTRICO,TRICIMOTO,VEHICULO_DEPORTIVO_UTILITARIO,SUMA_DE_VEHICULOS,EDAD_1,SEXO_1,CONDICION_1,PARTICIPANTE_1,CASCO_1,CINTURON_1,KMeans_Cluster
26565,103759,103760,2021,1,0,-0.281282,-78.547533,PICHINCHA,QUITO,QUITO,URBANA,2021-05-27,17:30:00,17,JUEVES,4,MAYO,5,NO,"CONDUCE BAJO LA INFLUENCIA DE ALCOHOL, SUSTANCIAS ESTUPEFACIENTES O PSICOTROPICAS Y/O MEDICAMENTOS.",CHOQUE LATERAL,CAMION,0,0,0,1,0,0,0,0,1,0,0,0,0,2,23,HOMBRE,LESIONADO,CONDUCTOR PRESENTE,NO,NO,1
26566,103760,103761,2021,0,0,-0.229787,-78.485515,PICHINCHA,QUITO,QUITO,URBANA,2021-05-27,18:45:00,18,JUEVES,4,MAYO,5,NO,NO MANTENER LA DISTANCIA PRUDENCIAL CON RESPECTO AL VEHICULO QUE LE ANTECEDE.,CHOQUE POSTERIOR,AUTOMOVIL,2,0,0,0,0,0,0,0,0,0,0,0,0,2,55,HOMBRE,ILESO,CONDUCTOR PRESENTE,NO,NO,1
26567,103769,103770,2021,0,0,-0.213659,-78.491491,PICHINCHA,QUITO,QUITO,URBANA,2021-05-27,21:50:00,21,JUEVES,4,MAYO,5,NO,"CONDUCE BAJO LA INFLUENCIA DE ALCOHOL, SUSTANCIAS ESTUPEFACIENTES O PSICOTROPICAS Y/O MEDICAMENTOS.",ESTRELLAMIENTOS,AUTOMOVIL,2,0,0,0,0,0,0,0,0,0,0,0,0,2,26,HOMBRE,ILESO,CONDUCTOR PRESENTE,NO,NO,1
26568,103777,103778,2021,0,0,-0.331611,-78.871694,PICHINCHA,MEJIA,MANUEL CORNEJO ASTORGA,RURAL,2021-05-28,01:15:00,1,VIERNES,5,MAYO,5,NO,"CONDUCIR DESATENTO A LAS CONDICIONES DE TRANSITO (CELULAR, PANTALLAS DE VIDEO, COMIDA, MAQUILLAJE O CUALQUIER OTRO ELEMENTO DISTRACTOR).",PERDIDA DE PISTA,CAMION,0,0,0,1,0,0,0,0,0,0,0,0,0,1,-1,NO IDENTIFICADO,ILESO,CONDUCTOR PRESENTE,NO,NO,2
26569,103779,103780,2021,0,0,-0.120424,-78.415686,PICHINCHA,QUITO,CALDERON (CARAPUNGO),RURAL,2021-05-28,02:45:00,2,VIERNES,5,MAYO,5,NO,"CONDUCIR EN ESTADO DE SOMNOLENCIA O MALAS CONDICIONES FISICAS (SUENIO, CANSANCIO Y FATIGA).",ESTRELLAMIENTOS,AUTOMOVIL,1,0,0,0,0,0,0,0,0,0,0,0,0,1,36,HOMBRE,ILESO,CONDUCTOR PRESENTE,NO,NO,3
26570,103795,103796,2021,1,0,-0.215937,-78.404031,PICHINCHA,QUITO,TUMBACO,RURAL,2021-05-28,10:30:00,10,VIERNES,5,MAYO,5,NO,NO TRANSITAR POR LAS ACERAS O ZONAS DE SEGURIDAD DESTINADAS PARA EL EFECTO.,ATROPELLOS,AUTOMOVIL,1,0,0,0,0,0,0,0,0,0,0,0,0,1,41,MUJER,LESIONADO,PEATON,NO,NO,3
26571,103798,103799,2021,1,0,-0.137645,-78.501298,PICHINCHA,QUITO,QUITO,URBANA,2021-05-28,12:26:00,12,VIERNES,5,MAYO,5,NO,PEATON QUE CRUZA LA CALZADA SIN RESPETAR LA SENIALIZACION EXISTENTE (SEMAFOROS O SENIALES MANUALES).,ATROPELLOS,MOTOCICLETA,0,0,0,0,0,0,0,0,1,0,0,0,0,1,43,HOMBRE,LESIONADO,PEATON,NO,NO,1
26572,103800,103801,2021,0,0,-0.279313,-78.562341,PICHINCHA,QUITO,QUITO,URBANA,2021-05-28,13:10:00,13,VIERNES,5,MAYO,5,NO,"CONDUCE BAJO LA INFLUENCIA DE ALCOHOL, SUSTANCIAS ESTUPEFACIENTES O PSICOTROPICAS Y/O MEDICAMENTOS.",CHOQUE LATERAL,FURGONETA,1,0,0,0,0,0,0,1,0,0,0,0,0,2,55,HOMBRE,ILESO,CONDUCTOR PRESENTE,NO,NO,1
26573,103818,103819,2021,0,1,-0.328479,-78.522294,PICHINCHA,QUITO,QUITO,URBANA,2021-05-28,20:20:00,20,VIERNES,5,MAYO,5,NO,CONDUCIR VEHICULO SUPERANDO LOS LIMITES MAXIMOS DE VELOCIDAD.,ESTRELLAMIENTOS,MOTOCICLETA,0,0,0,0,0,0,0,0,1,0,0,0,0,1,28,HOMBRE,FALLECIDO,CONDUCTOR PRESENTE,NO,NO,1
26574,103819,103820,2021,0,0,-0.212328,-78.426698,PICHINCHA,QUITO,CUMBAYA,RURAL,2021-05-28,20:30:00,20,VIERNES,5,MAYO,5,NO,"CONDUCE BAJO LA INFLUENCIA DE ALCOHOL, SUSTANCIAS ESTUPEFACIENTES O PSICOTROPICAS Y/O MEDICAMENTOS.",CHOQUE POSTERIOR,AUTOMOVIL,2,0,0,0,0,0,0,0,0,0,0,0,0,2,57,MUJER,ILESO,PASAJERO,NO,NO,3
26575,103820,103821,2021,1,0,-0.141723,-78.460393,PICHINCHA,QUITO,QUITO,URBANA,2021-05-28,20:30:00,20,VIERNES,5,MAYO,5,NO,"NO RESPETAR LAS SENIALES REGLAMENTARIAS DE TRANSITO. (PARE, CEDA EL PASO, LUZ ROJA DEL SEMAFORO, ETC).",CHOQUE FRONTAL,AUTOMOVIL,2,0,0,0,0,0,0,0,0,0,0,0,0,2,22,HOMBRE,LESIONADO,CONDUCTOR PRESENTE,NO,NO,1
26576,103822,103823,2021,0,0,-0.163916,-78.464441,PICHINCHA,QUITO,QUITO,URBANA,2021-05-28,21:00:00,21,VIERNES,5,MAYO,5,NO,CONDUCIR VEHICULO SUPERANDO LOS LIMITES MAXIMOS DE VELOCIDAD.,ESTRELLAMIENTOS,AUTOMOVIL,1,0,0,0,0,0,0,0,0,0,0,0,0,1,41,MUJER,ILESO,CONDUCTOR PRESENTE,NO,NO,1
26577,103823,103824,2021,0,0,-0.203771,-78.482927,PICHINCHA,QUITO,QUITO,URBANA,2021-05-28,21:30:00,21,VIERNES,5,MAYO,5,NO,CONDUCIR VEHICULO SUPERANDO LOS LIMITES MAXIMOS DE VELOCIDAD.,ESTRELLAMIENTOS,CAMIONETA,0,0,0,0,1,0,0,0,0,0,0,0,0,1,45,HOMBRE,ILESO,CONDUCTOR PRESENTE,NO,NO,1
26578,103826,103827,2021,0,0,-0.209101,-78.365448,PICHINCHA,QUITO,PUEMBO,RURAL,2021-05-28,21:40:00,21,VIERNES,5,MAYO,5,NO,CONDUCIR VEHICULO SUPERANDO LOS LIMITES MAXIMOS DE VELOCIDAD.,ESTRELLAMIENTOS,AUTOMOVIL,1,0,0,0,0,0,0,0,0,0,0,0,0,1,25,MUJER,ILESO,CONDUCTOR PRESENTE,NO,NO,3
26579,103827,103828,2021,0,0,-0.442694,-78.672055,PICHINCHA,MEJIA,ALOAG,RURAL,2021-05-28,22:00:00,22,VIERNES,5,MAYO,5,NO,CONDUCIR EN SENTIDO CONTRARIO A LA VIA NORMAL DE CIRCULACION.,CHOQUE FRONTAL,VEHICULO DEPORTIVO UTILITARIO,0,0,0,0,0,0,0,0,0,0,0,0,2,2,-1,NO IDENTIFICADO,ILESO,CONDUCTOR PRESENTE,NO,NO,3
26580,103828,103829,2021,0,0,-0.194918,-78.483682,PICHINCHA,QUITO,QUITO,URBANA,2021-05-28,22:00:00,22,VIERNES,5,MAYO,5,NO,"CONDUCE BAJO LA INFLUENCIA DE ALCOHOL, SUSTANCIAS ESTUPEFACIENTES O PSICOTROPICAS Y/O MEDICAMENTOS.",CHOQUE POSTERIOR,AUTOMOVIL,2,0,0,0,0,0,0,0,0,0,0,0,0,2,21,HOMBRE,ILESO,CONDUCTOR PRESENTE,NO,NO,1
26581,103835,103836,2021,0,0,-0.207363,-78.512548,PICHINCHA,QUITO,QUITO,URBANA,2021-05-29,02:25:00,2,SABADO,6,MAYO,5,NO,"CONDUCIR EN ESTADO DE SOMNOLENCIA O MALAS CONDICIONES FISICAS (SUENIO, CANSANCIO Y FATIGA).",ESTRELLAMIENTOS,FURGONETA,0,0,0,0,0,0,0,1,0,0,0,0,0,1,-1,NO IDENTIFICADO,NO IDENTIFICADO,CONDUCTOR AUSENTE,NO,NO,2
26582,103838,103839,2021,0,0,-0.321536,-78.461075,PICHINCHA,RUMINIAHUI,SANGOLQUI,URBANA,2021-05-29,04:00:00,4,SABADO,6,MAYO,5,NO,"CONDUCIR DESATENTO A LAS CONDICIONES DE TRANSITO (CELULAR, PANTALLAS DE VIDEO, COMIDA, MAQUILLAJE O CUALQUIER OTRO ELEMENTO DISTRACTOR).",CHOQUE LATERAL,CAMION,0,0,0,1,0,0,0,0,0,0,0,0,1,2,35,HOMBRE,ILESO,CONDUCTOR PRESENTE,NO,SI,1
26583,103846,103847,2021,2,0,-0.218823,-78.508992,PICHINCHA,QUITO,QUITO,URBANA,2021-05-29,07:50:00,7,SABADO,6,MAYO,5,NO,NO MANTENER LA DISTANCIA PRUDENCIAL CON RESPECTO AL VEHICULO QUE LE ANTECEDE.,CHOQUE POSTERIOR,AUTOMOVIL,1,0,0,0,0,0,0,0,1,0,0,0,0,2,34,HOMBRE,LESIONADO,PASAJERO,NO,NO,1
26584,103850,103851,2021,1,0,-0.064748,-78.399881,PICHINCHA,QUITO,CALDERON (CARAPUNGO),RURAL,2021-05-29,11:00:00,11,SABADO,6,MAYO,5,NO,"CONDUCE BAJO LA INFLUENCIA DE ALCOHOL, SUSTANCIAS ESTUPEFACIENTES O PSICOTROPICAS Y/O MEDICAMENTOS.",CHOQUE LATERAL,CAMION,1,0,0,1,0,0,0,0,0,0,0,0,0,2,45,HOMBRE,LESIONADO,CONDUCTOR PRESENTE,NO,NO,3
26585,103853,103854,2021,0,0,-0.224001,-78.521019,PICHINCHA,QUITO,QUITO,URBANA,2021-05-29,11:50:00,11,SABADO,6,MAYO,5,NO,CONDUCIR VEHICULO SUPERANDO LOS LIMITES MAXIMOS DE VELOCIDAD.,ESTRELLAMIENTOS,AUTOMOVIL,1,0,0,0,0,0,0,0,0,0,0,0,0,1,-1,NO IDENTIFICADO,NO IDENTIFICADO,CONDUCTOR AUSENTE,NO,NO,2
26586,103864,103865,2021,1,0,-0.169891,-78.487171,PICHINCHA,QUITO,QUITO,URBANA,2021-05-29,15:00:00,15,SABADO,6,MAYO,5,NO,"CONDUCE BAJO LA INFLUENCIA DE ALCOHOL, SUSTANCIAS ESTUPEFACIENTES O PSICOTROPICAS Y/O MEDICAMENTOS.",CHOQUE POSTERIOR,MOTOCICLETA,1,0,0,0,0,0,0,0,1,0,0,0,0,2,32,MUJER,LESIONADO,PASAJERO,NO,NO,1
26587,103869,103870,2021,1,0,-0.346181,-78.444312,PICHINCHA,RUMINIAHUI,SANGOLQUI,RURAL,2021-05-29,16:10:00,16,SABADO,6,MAYO,5,NO,"CONDUCIR DESATENTO A LAS CONDICIONES DE TRANSITO (CELULAR, PANTALLAS DE VIDEO, COMIDA, MAQUILLAJE O CUALQUIER OTRO ELEMENTO DISTRACTOR).",COLISION,CAMIONETA,1,0,0,0,1,0,0,0,0,0,0,0,0,2,30,HOMBRE,LESIONADO,PEATON,NO,SI,3
26588,103872,103873,2021,1,0,-0.115895,-78.495735,PICHINCHA,QUITO,QUITO,URBANA,2021-05-29,16:45:00,16,SABADO,6,MAYO,5,NO,NO CEDER EL DERECHO DE VIA O PREFERENCIA DE PASO AL PEATON.,ATROPELLOS,MOTOCICLETA,0,0,0,0,0,0,0,0,1,0,0,0,0,1,9,MUJER,LESIONADO,PEATON,NO,NO,1
26589,103873,103874,2021,0,0,-0.188211,-78.516441,PICHINCHA,QUITO,QUITO,URBANA,2021-05-29,16:50:00,16,SABADO,6,MAYO,5,NO,NO MANTENER LA DISTANCIA PRUDENCIAL CON RESPECTO AL VEHICULO QUE LE ANTECEDE.,CHOQUE POSTERIOR,CAMIONETA,1,0,0,0,1,0,0,0,0,0,0,0,0,2,56,HOMBRE,ILESO,CONDUCTOR PRESENTE,NO,NO,1
26590,103875,103876,2021,0,0,-0.187808,-78.444336,PICHINCHA,QUITO,NAYON,RURAL,2021-05-29,17:40:00,17,SABADO,6,MAYO,5,NO,"CONDICIONES AMBIENTALES Y/O ATMOSFERICAS (NIEBLA, NEBLINA, GRANIZO, LLUVIA).",CHOQUE FRONTAL,AUTOMOVIL,2,0,0,0,0,0,0,0,0,0,0,0,0,2,31,MUJER,ILESO,CONDUCTOR PRESENTE,NO,NO,3
26591,103887,103888,2021,0,0,-0.375255,-78.488231,PICHINCHA,QUITO,AMAGUANIA,RURAL,2021-05-29,20:15:00,20,SABADO,6,MAYO,5,NO,MALAS CONDICIONES DE LA VIA Y/O CONFIGURACION. (ILUMINACION Y DISENIO).,ESTRELLAMIENTOS,CAMION,1,0,0,1,0,0,0,0,0,0,0,0,0,2,40,HOMBRE,ILESO,CONDUCTOR PRESENTE,NO,SI,3
26592,103889,103890,2021,0,0,-0.091139,-78.472578,PICHINCHA,QUITO,QUITO,URBANA,2021-05-29,20:25:00,20,SABADO,6,MAYO,5,NO,NO CEDER EL DERECHO DE VIA O PREFERENCIA DE PASO A VEHICULOS.,CHOQUE LATERAL,AUTOMOVIL,2,0,0,0,0,0,0,0,0,0,0,0,0,2,43,HOMBRE,ILESO,CONDUCTOR PRESENTE,NO,NO,1
26593,103890,103891,2021,0,0,-0.381563,-78.505402,PICHINCHA,QUITO,AMAGUANIA,RURAL,2021-05-29,20:30:00,20,SABADO,6,MAYO,5,NO,"CONDUCIR DESATENTO A LAS CONDICIONES DE TRANSITO (CELULAR, PANTALLAS DE VIDEO, COMIDA, MAQUILLAJE O CUALQUIER OTRO ELEMENTO DISTRACTOR).",CHOQUE LATERAL,CAMIONETA,1,0,0,0,1,0,0,0,0,0,0,0,0,2,34,HOMBRE,ILESO,CONDUCTOR PRESENTE,NO,SI,3
26594,103892,103893,2021,0,0,-0.157399,-78.477096,PICHINCHA,QUITO,QUITO,URBANA,2021-05-29,20:30:00,20,SABADO,6,MAYO,5,NO,"CONDICIONES AMBIENTALES Y/O ATMOSFERICAS (NIEBLA, NEBLINA, GRANIZO, LLUVIA).",CHOQUE LATERAL,AUTOMOVIL,1,0,0,0,1,0,0,0,0,0,0,0,0,2,81,MUJER,ILESO,PASAJERO,NO,NO,1
26595,103897,103898,2021,0,0,-0.162023,-78.318223,PICHINCHA,QUITO,YARUQUI,RURAL,2021-05-29,21:20:00,21,SABADO,6,MAYO,5,NO,CONDUCIR VEHICULO SUPERANDO LOS LIMITES MAXIMOS DE VELOCIDAD.,ESTRELLAMIENTOS,CAMIONETA,0,0,0,0,1,0,0,0,0,0,0,0,0,1,-1,NO IDENTIFICADO,NO IDENTIFICADO,CONDUCTOR AUSENTE,NO,NO,2
26596,103908,103909,2021,0,1,-0.121124,-78.441886,PICHINCHA,QUITO,CALDERON (CARAPUNGO),RURAL,2021-05-30,01:30:00,1,DOMINGO,7,MAYO,5,NO,CONDUCIR VEHICULO SUPERANDO LOS LIMITES MAXIMOS DE VELOCIDAD.,ESTRELLAMIENTOS,AUTOMOVIL,1,0,0,0,0,0,0,0,0,0,0,0,0,1,31,HOMBRE,FALLECIDO,CONDUCTOR PRESENTE,NO,NO,3
26597,103912,103913,2021,0,0,-0.318543,-78.549363,PICHINCHA,QUITO,QUITO,URBANA,2021-05-30,03:40:00,3,DOMINGO,7,MAYO,5,NO,CONDUCIR VEHICULO SUPERANDO LOS LIMITES MAXIMOS DE VELOCIDAD.,ESTRELLAMIENTOS,AUTOMOVIL,1,0,0,0,0,0,0,0,0,0,0,0,0,1,-1,NO IDENTIFICADO,NO IDENTIFICADO,CONDUCTOR AUSENTE,NO,NO,2
26598,103914,103915,2021,0,0,-0.354642,-78.549217,PICHINCHA,QUITO,QUITO,URBANA,2021-05-30,05:00:00,5,DOMINGO,7,MAYO,5,NO,"NO RESPETAR LAS SENIALES REGLAMENTARIAS DE TRANSITO. (PARE, CEDA EL PASO, LUZ ROJA DEL SEMAFORO, ETC).",ESTRELLAMIENTOS,AUTOMOVIL,1,0,0,0,0,0,0,0,0,0,0,0,0,1,-1,NO IDENTIFICADO,NO IDENTIFICADO,CONDUCTOR AUSENTE,NO,NO,2
26599,103917,103918,2021,0,0,-0.352305,-78.549545,PICHINCHA,QUITO,QUITO,URBANA,2021-05-30,06:00:00,6,DOMINGO,7,MAYO,5,NO,CONDUCIR VEHICULO SUPERANDO LOS LIMITES MAXIMOS DE VELOCIDAD.,OTROS,MOTOCICLETA,0,0,0,0,0,0,0,0,1,0,0,0,0,1,-1,NO IDENTIFICADO,NO IDENTIFICADO,CONDUCTOR AUSENTE,NO,NO,2
26600,103919,103920,2021,0,0,-0.104543,-78.427316,PICHINCHA,QUITO,CALDERON (CARAPUNGO),RURAL,2021-05-30,07:20:00,7,DOMINGO,7,MAYO,5,NO,CONDUCIR VEHICULO SUPERANDO LOS LIMITES MAXIMOS DE VELOCIDAD.,ESTRELLAMIENTOS,CAMIONETA,0,0,0,0,1,0,0,0,0,0,0,0,0,1,34,HOMBRE,ILESO,CONDUCTOR PRESENTE,NO,NO,3
26601,103924,103925,2021,0,1,-0.332254,-78.202285,PICHINCHA,QUITO,PIFO,RURAL,2021-05-30,09:00:00,9,DOMINGO,7,MAYO,5,NO,"CONDUCIR DESATENTO A LAS CONDICIONES DE TRANSITO (CELULAR, PANTALLAS DE VIDEO, COMIDA, MAQUILLAJE O CUALQUIER OTRO ELEMENTO DISTRACTOR).",ATROPELLOS,MOTOCICLETA,0,0,0,1,0,0,0,0,1,0,0,0,0,2,39,HOMBRE,FALLECIDO,CONDUCTOR PRESENTE,NO,SI,3
26602,103937,103938,2021,0,0,-0.120424,-78.415686,PICHINCHA,QUITO,CALDERON (CARAPUNGO),RURAL,2021-05-30,14:10:00,14,DOMINGO,7,MAYO,5,NO,"CONDUCE BAJO LA INFLUENCIA DE ALCOHOL, SUSTANCIAS ESTUPEFACIENTES O PSICOTROPICAS Y/O MEDICAMENTOS.",CHOQUE POSTERIOR,AUTOMOVIL,2,0,0,0,0,0,0,0,0,0,0,0,0,2,45,HOMBRE,ILESO,CONDUCTOR PRESENTE,NO,NO,3
26603,103963,103964,2021,1,0,-0.271125,-78.551998,PICHINCHA,QUITO,QUITO,URBANA,2021-05-30,21:10:00,21,DOMINGO,7,MAYO,5,NO,"NO RESPETAR LAS SENIALES REGLAMENTARIAS DE TRANSITO. (PARE, CEDA EL PASO, LUZ ROJA DEL SEMAFORO, ETC).",PERDIDA DE CARRIL,MOTOCICLETA,0,0,0,0,0,0,0,0,1,0,0,0,0,1,27,HOMBRE,LESIONADO,CONDUCTOR PRESENTE,NO,NO,1
26604,103973,103974,2021,0,0,-0.353497,-78.465485,PICHINCHA,RUMINIAHUI,SANGOLQUI,RURAL,2021-05-31,06:00:00,6,LUNES,1,MAYO,5,NO,"CONDUCIR DESATENTO A LAS CONDICIONES DE TRANSITO (CELULAR, PANTALLAS DE VIDEO, COMIDA, MAQUILLAJE O CUALQUIER OTRO ELEMENTO DISTRACTOR).",CHOQUE POSTERIOR,CAMION,1,0,0,1,0,0,0,0,0,0,0,0,0,2,54,HOMBRE,ILESO,CONDUCTOR PRESENTE,NO,SI,3
26605,103974,103975,2021,1,0,-0.276708,-78.542623,PICHINCHA,QUITO,QUITO,URBANA,2021-05-31,06:00:00,6,LUNES,1,MAYO,5,NO,BAJARSE O SUBIRSE DE VEHICULOS EN MOVIMIENTO SIN TOMAR LAS PRECAUCIONES DEBIDAS.,CAIDA DE PASAJERO,BUS,0,0,1,0,0,0,0,0,0,0,0,0,0,1,54,HOMBRE,LESIONADO,PASAJERO,NO,NO,1
26606,103984,103985,2021,1,0,-0.269081,-78.548049,PICHINCHA,QUITO,QUITO,URBANA,2021-05-31,11:10:00,11,LUNES,1,MAYO,5,NO,PEATON QUE CRUZA LA CALZADA SIN RESPETAR LA SENIALIZACION EXISTENTE (SEMAFOROS O SENIALES MANUALES).,ATROPELLOS,AUTOMOVIL,1,0,0,0,0,0,0,0,0,0,0,0,0,1,34,HOMBRE,LESIONADO,PEATON,NO,NO,1
26607,103992,103993,2021,0,0,-0.237679,-78.509248,PICHINCHA,QUITO,QUITO,URBANA,2021-05-31,15:30:00,15,LUNES,1,MAYO,5,NO,NO MANTENER LA DISTANCIA PRUDENCIAL CON RESPECTO AL VEHICULO QUE LE ANTECEDE.,CHOQUE POSTERIOR,AUTOMOVIL,2,0,0,0,0,0,0,0,0,0,0,0,0,2,29,HOMBRE,ILESO,CONDUCTOR PRESENTE,NO,NO,1
26608,103993,103994,2021,0,0,-0.206442,-78.512136,PICHINCHA,QUITO,QUITO,URBANA,2021-05-31,16:30:00,16,LUNES,1,MAYO,5,NO,CONDUCIR VEHICULO SUPERANDO LOS LIMITES MAXIMOS DE VELOCIDAD.,ESTRELLAMIENTOS,AUTOMOVIL,1,0,0,0,0,0,0,0,0,0,0,0,0,1,35,MUJER,ILESO,CONDUCTOR PRESENTE,NO,NO,1
26609,103994,103995,2021,1,0,-0.196669,-78.466599,PICHINCHA,QUITO,QUITO,RURAL,2021-05-31,16:32:00,16,LUNES,1,MAYO,5,NO,CONDUCIR VEHICULO SUPERANDO LOS LIMITES MAXIMOS DE VELOCIDAD.,VOLCAMIENTOS,AUTOMOVIL,1,0,0,0,0,0,0,0,0,0,0,0,0,1,52,HOMBRE,LESIONADO,CONDUCTOR PRESENTE,NO,NO,3
26610,103995,103996,2021,3,1,-0.083051,-78.469234,PICHINCHA,QUITO,QUITO,URBANA,2021-05-31,17:25:00,17,LUNES,1,MAYO,5,NO,CONDUCIR VEHICULO SUPERANDO LOS LIMITES MAXIMOS DE VELOCIDAD.,ESTRELLAMIENTOS,AUTOMOVIL,1,0,0,0,0,0,0,0,0,0,0,0,0,1,27,HOMBRE,FALLECIDO,CONDUCTOR PRESENTE,NO,NO,1
26611,103999,104000,2021,0,1,-0.299621,-78.524243,PICHINCHA,QUITO,QUITO,URBANA,2021-05-31,17:35:00,17,LUNES,1,MAYO,5,NO,CONDUCIR VEHICULO SUPERANDO LOS LIMITES MAXIMOS DE VELOCIDAD.,VOLCAMIENTOS,AUTOMOVIL,1,0,0,0,0,0,0,0,0,0,0,0,0,1,35,HOMBRE,FALLECIDO,PASAJERO,NO,NO,1
26612,104000,104001,2021,0,0,-0.158074,-78.446026,PICHINCHA,QUITO,NAYON,RURAL,2021-05-31,17:40:00,17,LUNES,1,MAYO,5,NO,NO MANTENER LA DISTANCIA PRUDENCIAL CON RESPECTO AL VEHICULO QUE LE ANTECEDE.,CHOQUE POSTERIOR,AUTOMOVIL,2,0,0,0,0,0,0,0,0,0,0,0,0,2,50,HOMBRE,ILESO,CONDUCTOR PRESENTE,NO,NO,3
26613,104023,104024,2021,0,0,-0.086861,-78.469736,PICHINCHA,QUITO,QUITO,URBANA,2021-06-01,08:55:00,8,MARTES,2,JUNIO,6,NO,NO CEDER EL DERECHO DE VIA O PREFERENCIA DE PASO A VEHICULOS.,CHOQUE LATERAL,AUTOMOVIL,1,0,0,0,0,0,0,0,1,0,0,0,0,2,41,HOMBRE,ILESO,CONDUCTOR PRESENTE,NO,NO,1
26614,104027,104028,2021,1,0,-0.153611,-78.471017,PICHINCHA,QUITO,QUITO,URBANA,2021-06-01,11:30:00,11,MARTES,2,JUNIO,6,NO,NO CEDER EL DERECHO DE VIA O PREFERENCIA DE PASO A VEHICULOS.,CHOQUE LATERAL,MOTOCICLETA,0,0,0,0,0,0,0,0,1,1,0,0,0,2,33,HOMBRE,LESIONADO,CONDUCTOR PRESENTE,NO,NO,1
26615,104029,104030,2021,0,0,-0.253812,-78.520411,PICHINCHA,QUITO,QUITO,URBANA,2021-06-01,12:10:00,12,MARTES,2,JUNIO,6,NO,"CONDUCE BAJO LA INFLUENCIA DE ALCOHOL, SUSTANCIAS ESTUPEFACIENTES O PSICOTROPICAS Y/O MEDICAMENTOS.",CHOQUE LATERAL,CAMIONETA,0,0,0,0,2,0,0,0,0,0,0,0,0,2,27,HOMBRE,ILESO,CONDUCTOR PRESENTE,NO,NO,1
26616,104035,104036,2021,1,0,-0.286581,-78.549902,PICHINCHA,QUITO,QUITO,URBANA,2021-06-01,14:00:00,14,MARTES,2,JUNIO,6,NO,"CONDICIONES AMBIENTALES Y/O ATMOSFERICAS (NIEBLA, NEBLINA, GRANIZO, LLUVIA).",CHOQUE LATERAL,MOTOCICLETA,1,0,0,0,0,0,0,0,1,0,0,0,0,2,43,HOMBRE,LESIONADO,CONDUCTOR PRESENTE,NO,NO,1
26617,104038,104039,2021,1,0,-0.009051,-78.445588,PICHINCHA,QUITO,SAN ANTONIO (QUITO),RURAL,2021-06-01,14:15:00,14,MARTES,2,JUNIO,6,NO,REALIZAR CAMBIO BRUSCO O INDEBIDO DE CARRIL.,CHOQUE LATERAL,MOTOCICLETA,0,0,0,0,1,0,0,0,1,0,0,0,0,2,26,HOMBRE,LESIONADO,CONDUCTOR PRESENTE,NO,NO,3
26618,104045,104046,2021,0,0,-0.279964,-78.557372,PICHINCHA,QUITO,QUITO,URBANA,2021-06-01,17:15:00,17,MARTES,2,JUNIO,6,NO,"CONDICIONES AMBIENTALES Y/O ATMOSFERICAS (NIEBLA, NEBLINA, GRANIZO, LLUVIA).",CHOQUE LATERAL,CAMIONETA,1,0,0,0,1,0,0,0,0,0,0,0,0,2,30,HOMBRE,ILESO,CONDUCTOR PRESENTE,NO,NO,1
26619,104047,104048,2021,0,0,-0.188478,-78.447371,PICHINCHA,QUITO,NAYON,RURAL,2021-06-01,17:45:00,17,MARTES,2,JUNIO,6,NO,"CONDICIONES AMBIENTALES Y/O ATMOSFERICAS (NIEBLA, NEBLINA, GRANIZO, LLUVIA).",CHOQUE LATERAL,FURGONETA,1,0,0,0,0,0,0,1,0,0,0,0,0,2,33,HOMBRE,ILESO,CONDUCTOR PRESENTE,NO,NO,3
26620,104082,104083,2021,1,0,-0.292724,-78.476486,PICHINCHA,QUITO,CONOCOTO,RURAL,2021-06-02,12:50:00,12,MIERCOLES,3,JUNIO,6,NO,"FALLA MECANICA EN LOS SISTEMAS Y/O NEUMATICOS (SISTEMA DE FRENOS, DIRECCION, ELECTRONICO O MECANICO).",ESTRELLAMIENTOS,AUTOMOVIL,3,0,0,0,1,0,0,0,0,0,0,0,0,4,39,HOMBRE,LESIONADO,CONDUCTOR PRESENTE,NO,NO,3
26621,104084,104085,2021,0,0,-0.176055,-78.472761,PICHINCHA,QUITO,QUITO,URBANA,2021-06-02,13:40:00,13,MIERCOLES,3,JUNIO,6,NO,PESO Y VOLUMEN - NO CUMPLIR CON LAS NORMAS DE SEGURIDAD NECESARIAS AL TRANSPORTAR CARGAS.,OTROS,CAMION,0,0,0,1,0,0,0,0,0,0,0,0,0,1,30,HOMBRE,ILESO,CONDUCTOR PRESENTE,NO,NO,1