,Unnamed: 0,ID,ANIO,LESIONADOS,FALLECIDOS,LATITUD_Y,LONGITUD_X,PROVINCIA,CANTON,PARROQUIA,ZONA,FECHA,HORA,PERIODO_2,DIA_1,DIA_2,MES_1,MES_2,FERIADO,CAUSA_PROBABLE,TIPO_DE_SINIESTRO,TIPO_DE_VEHICULO_1,AUTOMOVIL,BICICLETA,BUS,CAMION,CAMIONETA,EMERGENCIAS,ESPECIAL,FURGONETA,MOTOCICLETA,NO_IDENTIFICADO,SCOOTER_ELECTRICO,TRICIMOTO,VEHICULO_DEPORTIVO_UTILITARIO,SUMA_DE_VEHICULOS,EDAD_1,SEXO_1,CONDICION_1,PARTICIPANTE_1,CASCO_1,CINTURON_1,KMeans_Cluster
26622,104087,104088,2021,0,0,-0.150393,-78.453592,PICHINCHA,QUITO,QUITO,URBANA,2021-06-02,14:30:00,14,MIERCOLES,3,JUNIO,6,NO,"NO RESPETAR LAS SENIALES REGLAMENTARIAS DE TRANSITO. (PARE, CEDA EL PASO, LUZ ROJA DEL SEMAFORO, ETC).",CHOQUE LATERAL,CAMION,0,0,0,1,0,0,0,0,1,0,0,0,0,2,33,MUJER,ILESO,CONDUCTOR PRESENTE,NO,NO,1
26623,104093,104094,2021,0,0,-0.205813,-78.367217,PICHINCHA,QUITO,PUEMBO,RURAL,2021-06-02,16:15:00,16,MIERCOLES,3,JUNIO,6,NO,"NO RESPETAR LAS SENIALES REGLAMENTARIAS DE TRANSITO. (PARE, CEDA EL PASO, LUZ ROJA DEL SEMAFORO, ETC).",CHOQUE LATERAL,AUTOMOVIL,1,0,0,0,1,0,0,0,0,0,0,0,0,2,33,MUJER,ILESO,CONDUCTOR PRESENTE,NO,NO,3
26624,104098,104099,2021,0,0,-0.242658,-78.494198,PICHINCHA,QUITO,QUITO,URBANA,2021-06-02,18:50:00,18,MIERCOLES,3,JUNIO,6,NO,"FALLA MECANICA EN LOS SISTEMAS Y/O NEUMATICOS (SISTEMA DE FRENOS, DIRECCION, ELECTRONICO O MECANICO).",ESTRELLAMIENTOS,CAMION,0,0,0,1,0,0,0,0,0,0,0,0,0,1,-1,NO IDENTIFICADO,NO IDENTIFICADO,CONDUCTOR AUSENTE,NO,NO,2
26625,104103,104104,2021,0,0,-0.143186,-78.483072,PICHINCHA,QUITO,QUITO,URBANA,2021-06-02,21:00:00,21,MIERCOLES,3,JUNIO,6,NO,CONDUCIR VEHICULO SUPERANDO LOS LIMITES MAXIMOS DE VELOCIDAD.,ESTRELLAMIENTOS,AUTOMOVIL,1,0,0,0,0,0,0,0,0,0,0,0,0,1,-1,NO IDENTIFICADO,NO IDENTIFICADO,CONDUCTOR AUSENTE,NO,NO,2
26626,104104,104105,2021,0,0,-0.231748,-78.488152,PICHINCHA,QUITO,QUITO,URBANA,2021-06-02,21:15:00,21,MIERCOLES,3,JUNIO,6,NO,"FALLA MECANICA EN LOS SISTEMAS Y/O NEUMATICOS (SISTEMA DE FRENOS, DIRECCION, ELECTRONICO O MECANICO).",OTROS,BUS,0,0,1,0,0,0,0,0,0,0,0,0,0,1,41,HOMBRE,ILESO,CONDUCTOR PRESENTE,NO,NO,1
26627,104108,104109,2021,0,0,-0.216701,-78.357047,PICHINCHA,QUITO,PIFO,RURAL,2021-06-02,23:50:00,23,MIERCOLES,3,JUNIO,6,NO,"FALLA MECANICA EN LOS SISTEMAS Y/O NEUMATICOS (SISTEMA DE FRENOS, DIRECCION, ELECTRONICO O MECANICO).",ESTRELLAMIENTOS,AUTOMOVIL,1,0,0,0,0,0,0,0,0,0,0,0,0,1,22,HOMBRE,ILESO,PASAJERO,NO,NO,3
26628,104110,104111,2021,0,0,-0.329006,-78.533692,PICHINCHA,QUITO,QUITO,URBANA,2021-06-03,01:30:00,1,JUEVES,4,JUNIO,6,NO,CONDUCIR VEHICULO SUPERANDO LOS LIMITES MAXIMOS DE VELOCIDAD.,OTROS,AUTOMOVIL,1,0,0,0,0,0,0,0,0,0,0,0,0,1,-1,NO IDENTIFICADO,NO IDENTIFICADO,CONDUCTOR AUSENTE,NO,NO,2
26629,104116,104117,2021,1,0,-0.283245,-78.543921,PICHINCHA,QUITO,QUITO,URBANA,2021-06-03,07:00:00,7,JUEVES,4,JUNIO,6,NO,CONDUCIR VEHICULO SUPERANDO LOS LIMITES MAXIMOS DE VELOCIDAD.,CHOQUE LATERAL,MOTOCICLETA,0,0,0,0,0,0,0,0,1,1,0,0,0,2,26,HOMBRE,LESIONADO,CONDUCTOR PRESENTE,NO,NO,1
26630,104119,104120,2021,0,0,-0.193014,-78.463629,PICHINCHA,QUITO,QUITO,RURAL,2021-06-03,08:10:00,8,JUEVES,4,JUNIO,6,NO,CONDUCIR VEHICULO SUPERANDO LOS LIMITES MAXIMOS DE VELOCIDAD.,COLISION,AUTOMOVIL,5,0,0,0,0,0,0,0,0,0,0,0,0,5,36,HOMBRE,ILESO,CONDUCTOR PRESENTE,NO,NO,3
26631,104124,104125,2021,0,0,-0.300972,-78.565287,PICHINCHA,QUITO,QUITO,URBANA,2021-06-03,10:35:00,10,JUEVES,4,JUNIO,6,NO,"NO RESPETAR LAS SENIALES REGLAMENTARIAS DE TRANSITO. (PARE, CEDA EL PASO, LUZ ROJA DEL SEMAFORO, ETC).",CHOQUE LATERAL,AUTOMOVIL,2,0,0,0,0,0,0,0,0,0,0,0,0,2,38,HOMBRE,ILESO,CONDUCTOR PRESENTE,NO,NO,1
26632,104137,104138,2021,1,0,-0.111757,-78.441645,PICHINCHA,QUITO,CALDERON (CARAPUNGO),RURAL,2021-06-03,15:30:00,15,JUEVES,4,JUNIO,6,NO,NO CEDER EL DERECHO DE VIA O PREFERENCIA DE PASO AL PEATON.,ATROPELLOS,AUTOMOVIL,1,0,0,0,0,0,0,0,0,0,0,0,0,1,50,HOMBRE,LESIONADO,PEATON,NO,NO,3
26633,104139,104140,2021,2,0,-0.263213,-78.549131,PICHINCHA,QUITO,QUITO,URBANA,2021-06-03,16:00:00,16,JUEVES,4,JUNIO,6,NO,DANIOS MECANICOS PREVISIBLES.,OTROS,AUTOMOVIL,1,0,0,0,0,0,0,0,1,0,0,0,0,2,23,MUJER,LESIONADO,PASAJERO,NO,NO,1
26634,104146,104147,2021,0,0,-0.237604,-78.484574,PICHINCHA,QUITO,QUITO,URBANA,2021-06-03,18:40:00,18,JUEVES,4,JUNIO,6,NO,NO MANTENER LA DISTANCIA PRUDENCIAL CON RESPECTO AL VEHICULO QUE LE ANTECEDE.,CHOQUE POSTERIOR,AUTOMOVIL,2,0,0,0,0,0,0,0,0,0,0,0,0,2,34,MUJER,ILESO,CONDUCTOR PRESENTE,NO,NO,1
26635,104148,104149,2021,2,0,-0.287778,-78.491251,PICHINCHA,QUITO,CONOCOTO,RURAL,2021-06-03,19:00:00,19,JUEVES,4,JUNIO,6,NO,"CONDICIONES AMBIENTALES Y/O ATMOSFERICAS (NIEBLA, NEBLINA, GRANIZO, LLUVIA).",ATROPELLOS,MOTOCICLETA,0,0,0,0,0,0,0,0,1,0,0,0,0,1,58,HOMBRE,LESIONADO,PEATON,NO,NO,3
26636,104149,104150,2021,0,0,-0.127576,-78.448341,PICHINCHA,QUITO,LLANO CHICO,RURAL,2021-06-03,20:00:00,20,JUEVES,4,JUNIO,6,NO,NO GUARDAR LA DISTANCIA LATERAL MINIMA DE SEGURIDAD ENTRE VEHICULOS.,ROZAMIENTOS,AUTOMOVIL,2,0,0,0,0,0,0,0,0,0,0,0,0,2,47,HOMBRE,ILESO,CONDUCTOR PRESENTE,NO,NO,3
26637,104158,104159,2021,0,0,-0.249203,-78.304811,PICHINCHA,QUITO,PIFO,RURAL,2021-06-04,00:20:00,0,VIERNES,5,JUNIO,6,NO,"CONDUCIR DESATENTO A LAS CONDICIONES DE TRANSITO (CELULAR, PANTALLAS DE VIDEO, COMIDA, MAQUILLAJE O CUALQUIER OTRO ELEMENTO DISTRACTOR).",CHOQUE LATERAL,VEHICULO DEPORTIVO UTILITARIO,0,0,1,0,0,0,0,0,0,0,0,0,1,2,29,HOMBRE,ILESO,CONDUCTOR PRESENTE,NO,SI,3
26638,104160,104161,2021,0,0,-0.078577,-78.573345,PICHINCHA,QUITO,NONO,URBANA,2021-06-04,00:30:00,0,VIERNES,5,JUNIO,6,NO,"CONDICIONES AMBIENTALES Y/O ATMOSFERICAS (NIEBLA, NEBLINA, GRANIZO, LLUVIA).",ESTRELLAMIENTOS,AUTOMOVIL,1,0,0,0,0,0,0,0,0,0,0,0,0,1,-1,NO IDENTIFICADO,NO IDENTIFICADO,CONDUCTOR AUSENTE,NO,NO,2
26639,104161,104162,2021,2,0,-0.163073,-78.462599,PICHINCHA,QUITO,QUITO,URBANA,2021-06-04,01:00:00,1,VIERNES,5,JUNIO,6,NO,"NO RESPETAR LAS SENIALES REGLAMENTARIAS DE TRANSITO. (PARE, CEDA EL PASO, LUZ ROJA DEL SEMAFORO, ETC).",CHOQUE POSTERIOR,MOTOCICLETA,1,0,0,0,0,0,0,0,1,0,0,0,0,2,48,HOMBRE,LESIONADO,PASAJERO,NO,NO,1
26640,104167,104168,2021,0,0,-0.229072,-78.525514,PICHINCHA,QUITO,QUITO,URBANA,2021-06-04,05:35:00,5,VIERNES,5,JUNIO,6,NO,CONDUCIR VEHICULO SUPERANDO LOS LIMITES MAXIMOS DE VELOCIDAD.,ESTRELLAMIENTOS,AUTOMOVIL,1,0,0,0,0,0,0,0,0,0,0,0,0,1,-1,NO IDENTIFICADO,NO IDENTIFICADO,CONDUCTOR AUSENTE,NO,NO,2
26641,104171,104172,2021,0,0,-0.254423,-78.503843,PICHINCHA,QUITO,QUITO,URBANA,2021-06-04,07:43:00,7,VIERNES,5,JUNIO,6,NO,CONDUCIR VEHICULO SUPERANDO LOS LIMITES MAXIMOS DE VELOCIDAD.,COLISION,AUTOMOVIL,3,0,0,0,0,0,0,0,0,0,0,0,0,3,27,HOMBRE,ILESO,CONDUCTOR PRESENTE,NO,NO,1
26642,104186,104187,2021,0,0,-0.251526,-78.444226,PICHINCHA,QUITO,GUANGOPOLO,RURAL,2021-06-04,13:00:00,13,VIERNES,5,JUNIO,6,NO,"CONDUCIR DESATENTO A LAS CONDICIONES DE TRANSITO (CELULAR, PANTALLAS DE VIDEO, COMIDA, MAQUILLAJE O CUALQUIER OTRO ELEMENTO DISTRACTOR).",CHOQUE LATERAL,MOTOCICLETA,1,0,0,0,0,0,0,0,1,0,0,0,0,2,37,HOMBRE,ILESO,CONDUCTOR PRESENTE,NO,SI,3
26643,104201,104202,2021,0,1,-0.153256,-78.483805,PICHINCHA,QUITO,QUITO,URBANA,2021-06-04,18:30:00,18,VIERNES,5,JUNIO,6,NO,NO GUARDAR LA DISTANCIA LATERAL MINIMA DE SEGURIDAD ENTRE VEHICULOS.,CHOQUE LATERAL,AUTOMOVIL,1,0,0,0,0,0,0,0,1,0,0,0,0,2,19,HOMBRE,FALLECIDO,CONDUCTOR PRESENTE,NO,NO,1
26644,104209,104210,2021,1,0,-0.250697,-78.519937,PICHINCHA,QUITO,QUITO,URBANA,2021-06-04,20:15:00,20,VIERNES,5,JUNIO,6,NO,"NO RESPETAR LAS SENIALES REGLAMENTARIAS DE TRANSITO. (PARE, CEDA EL PASO, LUZ ROJA DEL SEMAFORO, ETC).",CHOQUE LATERAL,BUS,1,0,1,0,0,0,0,0,0,0,0,0,0,2,48,HOMBRE,LESIONADO,PASAJERO,NO,NO,1
26645,104212,104213,2021,1,0,-0.218378,-78.508233,PICHINCHA,QUITO,QUITO,URBANA,2021-06-04,22:18:00,22,VIERNES,5,JUNIO,6,NO,NO CEDER EL DERECHO DE VIA O PREFERENCIA DE PASO A VEHICULOS.,CHOQUE LATERAL,MOTOCICLETA,0,0,0,0,1,0,0,0,1,0,0,0,0,2,20,HOMBRE,LESIONADO,CONDUCTOR PRESENTE,NO,NO,1
26646,104214,104215,2021,0,0,-0.144819,-78.501693,PICHINCHA,QUITO,QUITO,URBANA,2021-06-04,22:20:00,22,VIERNES,5,JUNIO,6,NO,REALIZAR CAMBIO BRUSCO O INDEBIDO DE CARRIL.,OTROS,AUTOMOVIL,2,0,0,0,0,0,0,0,0,0,0,0,0,2,29,HOMBRE,ILESO,CONDUCTOR PRESENTE,NO,NO,1
26647,104217,104218,2021,1,0,-0.142041,-78.443217,PICHINCHA,QUITO,LLANO CHICO,RURAL,2021-06-04,23:15:00,23,VIERNES,5,JUNIO,6,NO,CONDUCIR VEHICULO SUPERANDO LOS LIMITES MAXIMOS DE VELOCIDAD.,VOLCAMIENTOS,MOTOCICLETA,0,0,0,0,0,0,0,0,1,0,0,0,0,1,22,HOMBRE,LESIONADO,CONDUCTOR PRESENTE,NO,NO,3
26648,104220,104221,2021,0,0,-0.220271,-78.424052,PICHINCHA,QUITO,TUMBACO,RURAL,2021-06-05,00:40:00,0,SABADO,6,JUNIO,6,NO,CONDUCIR VEHICULO SUPERANDO LOS LIMITES MAXIMOS DE VELOCIDAD.,ESTRELLAMIENTOS,AUTOMOVIL,1,0,0,0,0,0,0,0,0,0,0,0,0,1,28,HOMBRE,ILESO,PASAJERO,NO,NO,3
26649,104221,104222,2021,0,0,-0.198247,-78.496155,PICHINCHA,QUITO,QUITO,URBANA,2021-06-05,01:10:00,1,SABADO,6,JUNIO,6,NO,CONDUCIR VEHICULO SUPERANDO LOS LIMITES MAXIMOS DE VELOCIDAD.,CHOQUE LATERAL,AUTOMOVIL,2,0,0,0,0,0,0,0,0,0,0,0,0,2,29,HOMBRE,ILESO,CONDUCTOR PRESENTE,NO,NO,1
26650,104222,104223,2021,0,0,-0.215551,-78.380479,PICHINCHA,QUITO,TUMBACO,RURAL,2021-06-05,01:20:00,1,SABADO,6,JUNIO,6,NO,"CONDUCE BAJO LA INFLUENCIA DE ALCOHOL, SUSTANCIAS ESTUPEFACIENTES O PSICOTROPICAS Y/O MEDICAMENTOS.",ESTRELLAMIENTOS,AUTOMOVIL,1,0,0,0,0,0,0,0,0,0,0,0,0,1,26,HOMBRE,ILESO,CONDUCTOR PRESENTE,NO,NO,3
26651,104244,104245,2021,2,0,-0.166058,-78.468472,PICHINCHA,QUITO,QUITO,URBANA,2021-06-05,09:41:00,9,SABADO,6,JUNIO,6,NO,CONDUCIR VEHICULO SUPERANDO LOS LIMITES MAXIMOS DE VELOCIDAD.,PERDIDA DE CARRIL,MOTOCICLETA,0,0,0,0,0,0,0,0,1,0,0,0,0,1,25,MUJER,LESIONADO,PASAJERO,SI,NO,1
26652,104247,104248,2021,0,0,-0.220737,-78.504594,PICHINCHA,QUITO,QUITO,URBANA,2021-06-05,11:15:00,11,SABADO,6,JUNIO,6,NO,NO MANTENER LA DISTANCIA PRUDENCIAL CON RESPECTO AL VEHICULO QUE LE ANTECEDE.,CHOQUE POSTERIOR,AUTOMOVIL,2,0,0,0,0,0,0,0,0,0,0,0,0,2,59,HOMBRE,ILESO,CONDUCTOR PRESENTE,NO,NO,1
26653,104249,104250,2021,0,0,0.048516,-78.219777,PICHINCHA,PEDRO MONCAYO,TABACUNDO,RURAL,2021-06-05,11:30:00,11,SABADO,6,JUNIO,6,NO,"CONDUCIR DESATENTO A LAS CONDICIONES DE TRANSITO (CELULAR, PANTALLAS DE VIDEO, COMIDA, MAQUILLAJE O CUALQUIER OTRO ELEMENTO DISTRACTOR).",CHOQUE LATERAL,AUTOMOVIL,2,0,0,0,0,0,0,0,0,0,0,0,0,2,35,HOMBRE,ILESO,CONDUCTOR PRESENTE,NO,SI,3
26654,104258,104259,2021,2,0,-0.298233,-78.451064,PICHINCHA,QUITO,ALANGASI,RURAL,2021-06-05,15:05:00,15,SABADO,6,JUNIO,6,NO,NO CEDER EL DERECHO DE VIA O PREFERENCIA DE PASO A VEHICULOS.,CHOQUE LATERAL,MOTOCICLETA,1,0,0,0,0,0,0,0,1,0,0,0,0,2,32,MUJER,LESIONADO,PASAJERO,NO,NO,3
26655,104259,104260,2021,0,0,-0.129339,-78.481224,PICHINCHA,QUITO,QUITO,URBANA,2021-06-05,15:30:00,15,SABADO,6,JUNIO,6,NO,"CONDUCE BAJO LA INFLUENCIA DE ALCOHOL, SUSTANCIAS ESTUPEFACIENTES O PSICOTROPICAS Y/O MEDICAMENTOS.",CHOQUE POSTERIOR,MOTOCICLETA,0,0,0,0,0,0,0,0,2,0,0,0,0,2,43,HOMBRE,ILESO,CONDUCTOR PRESENTE,NO,NO,1
26656,104262,104263,2021,0,0,-0.098542,-78.530019,PICHINCHA,QUITO,QUITO,URBANA,2021-06-05,16:00:00,16,SABADO,6,JUNIO,6,NO,CONDUCIR VEHICULO SUPERANDO LOS LIMITES MAXIMOS DE VELOCIDAD.,ESTRELLAMIENTOS,AUTOMOVIL,1,0,0,0,0,0,0,0,0,0,0,0,0,1,-1,NO IDENTIFICADO,NO IDENTIFICADO,CONDUCTOR AUSENTE,NO,NO,2
26657,104267,104268,2021,1,0,-0.264263,-78.550014,PICHINCHA,QUITO,QUITO,URBANA,2021-06-05,17:10:00,17,SABADO,6,JUNIO,6,NO,"CONDUCE BAJO LA INFLUENCIA DE ALCOHOL, SUSTANCIAS ESTUPEFACIENTES O PSICOTROPICAS Y/O MEDICAMENTOS.",CHOQUE POSTERIOR,AUTOMOVIL,1,0,0,0,0,0,0,0,1,0,0,0,0,2,25,HOMBRE,LESIONADO,CONDUCTOR PRESENTE,NO,NO,1
26658,104272,104273,2021,0,0,-0.201149,-78.488775,PICHINCHA,QUITO,QUITO,URBANA,2021-06-05,19:25:00,19,SABADO,6,JUNIO,6,NO,"NO RESPETAR LAS SENIALES REGLAMENTARIAS DE TRANSITO. (PARE, CEDA EL PASO, LUZ ROJA DEL SEMAFORO, ETC).",ESTRELLAMIENTOS,AUTOMOVIL,1,0,0,0,0,0,0,0,0,0,0,0,0,1,-1,NO IDENTIFICADO,NO IDENTIFICADO,CONDUCTOR AUSENTE,NO,NO,2
26659,104275,104276,2021,0,2,0.046685,-78.222498,PICHINCHA,PEDRO MONCAYO,TABACUNDO,RURAL,2021-06-05,19:40:00,19,SABADO,6,JUNIO,6,NO,"CASO FORTUITO O FUERZA MAYOR (EXPLOSION DE NEUMATICO NUEVO, DERRUMBE, INUNDACION, CAIDA DE PUENTE, ARBOL, PRESENCIA INTEMPESTIVA E IMPREVISTA DE SEMOVIENTES EN LA VIA, ETC.).",CHOQUE FRONTAL,MOTOCICLETA,0,0,0,0,0,0,0,0,1,0,0,0,0,1,31,HOMBRE,FALLECIDO,PASAJERO,NO,SI,3
26660,104276,104277,2021,0,0,-0.326388,-78.553764,PICHINCHA,QUITO,QUITO,URBANA,2021-06-05,19:45:00,19,SABADO,6,JUNIO,6,NO,"CONDUCE BAJO LA INFLUENCIA DE ALCOHOL, SUSTANCIAS ESTUPEFACIENTES O PSICOTROPICAS Y/O MEDICAMENTOS.",CHOQUE LATERAL,AUTOMOVIL,2,0,0,0,0,0,0,0,0,0,0,0,0,2,49,HOMBRE,ILESO,CONDUCTOR PRESENTE,NO,NO,1
26661,104280,104281,2021,0,0,-0.032643,-78.453791,PICHINCHA,QUITO,POMASQUI,RURAL,2021-06-05,21:10:00,21,SABADO,6,JUNIO,6,NO,"CONDUCIR DESATENTO A LAS CONDICIONES DE TRANSITO (CELULAR, PANTALLAS DE VIDEO, COMIDA, MAQUILLAJE O CUALQUIER OTRO ELEMENTO DISTRACTOR).",PERDIDA DE PISTA,AUTOMOVIL,1,0,0,0,0,0,0,0,0,0,0,0,0,1,30,HOMBRE,ILESO,CONDUCTOR PRESENTE,NO,SI,3
26662,104286,104287,2021,0,0,-0.181537,-78.481949,PICHINCHA,QUITO,QUITO,URBANA,2021-06-05,22:20:00,22,SABADO,6,JUNIO,6,NO,"NO RESPETAR LAS SENIALES REGLAMENTARIAS DE TRANSITO. (PARE, CEDA EL PASO, LUZ ROJA DEL SEMAFORO, ETC).",CHOQUE LATERAL,AUTOMOVIL,1,0,0,0,1,0,0,0,0,0,0,0,0,2,47,HOMBRE,ILESO,CONDUCTOR PRESENTE,NO,NO,1
26663,104294,104295,2021,1,1,-0.285853,-78.437043,PICHINCHA,QUITO,ALANGASI,RURAL,2021-06-06,00:01:00,0,DOMINGO,7,JUNIO,6,NO,CONDUCIR VEHICULO SUPERANDO LOS LIMITES MAXIMOS DE VELOCIDAD.,CHOQUE POSTERIOR,MOTOCICLETA,0,0,0,0,0,0,0,0,2,0,0,0,0,2,28,HOMBRE,FALLECIDO,CONDUCTOR PRESENTE,NO,NO,3
26664,104299,104300,2021,0,0,-0.156026,-78.470181,PICHINCHA,QUITO,QUITO,URBANA,2021-06-06,01:30:00,1,DOMINGO,7,JUNIO,6,NO,CONDUCIR VEHICULO SUPERANDO LOS LIMITES MAXIMOS DE VELOCIDAD.,ESTRELLAMIENTOS,AUTOMOVIL,2,0,0,0,0,0,0,0,0,0,0,0,0,2,-1,NO IDENTIFICADO,NO IDENTIFICADO,CONDUCTOR AUSENTE,NO,NO,2
26665,104306,104307,2021,0,0,-0.286581,-78.549902,PICHINCHA,QUITO,QUITO,URBANA,2021-06-06,03:00:00,3,DOMINGO,7,JUNIO,6,NO,"CONDUCE BAJO LA INFLUENCIA DE ALCOHOL, SUSTANCIAS ESTUPEFACIENTES O PSICOTROPICAS Y/O MEDICAMENTOS.",ESTRELLAMIENTOS,CAMION,0,0,0,1,1,0,0,0,0,0,0,0,0,2,33,HOMBRE,ILESO,CONDUCTOR PRESENTE,NO,NO,1
26666,104310,104311,2021,4,0,-0.323661,-78.556475,PICHINCHA,QUITO,QUITO,URBANA,2021-06-06,05:00:00,5,DOMINGO,7,JUNIO,6,NO,"CONDUCE BAJO LA INFLUENCIA DE ALCOHOL, SUSTANCIAS ESTUPEFACIENTES O PSICOTROPICAS Y/O MEDICAMENTOS.",CHOQUE LATERAL,CAMIONETA,1,0,0,0,1,0,0,0,0,0,0,0,0,2,24,MUJER,LESIONADO,PASAJERO,NO,NO,1
26667,104325,104326,2021,1,0,-0.140188,-78.473988,PICHINCHA,QUITO,QUITO,URBANA,2021-06-06,14:00:00,14,DOMINGO,7,JUNIO,6,NO,"NO RESPETAR LAS SENIALES REGLAMENTARIAS DE TRANSITO. (PARE, CEDA EL PASO, LUZ ROJA DEL SEMAFORO, ETC).",CHOQUE LATERAL,MOTOCICLETA,1,0,0,0,0,0,0,0,1,0,0,0,0,2,35,HOMBRE,LESIONADO,CONDUCTOR PRESENTE,NO,NO,1
26668,104333,104334,2021,1,0,-0.247988,-78.507827,PICHINCHA,QUITO,QUITO,URBANA,2021-06-06,16:15:00,16,DOMINGO,7,JUNIO,6,NO,"CONDUCE BAJO LA INFLUENCIA DE ALCOHOL, SUSTANCIAS ESTUPEFACIENTES O PSICOTROPICAS Y/O MEDICAMENTOS.",CHOQUE POSTERIOR,CAMION,0,0,1,1,0,0,0,0,0,0,0,0,0,2,49,HOMBRE,LESIONADO,CONDUCTOR PRESENTE,NO,NO,1
26669,104334,104335,2021,0,0,-0.289519,-78.550455,PICHINCHA,QUITO,QUITO,URBANA,2021-06-06,16:50:00,16,DOMINGO,7,JUNIO,6,NO,"CONDUCE BAJO LA INFLUENCIA DE ALCOHOL, SUSTANCIAS ESTUPEFACIENTES O PSICOTROPICAS Y/O MEDICAMENTOS.",ESTRELLAMIENTOS,FURGONETA,0,0,0,0,0,0,0,1,0,0,0,0,0,1,33,HOMBRE,ILESO,CONDUCTOR PRESENTE,NO,NO,1
26670,104340,104341,2021,11,0,-0.111364,-78.489754,PICHINCHA,QUITO,QUITO,URBANA,2021-06-06,18:00:00,18,DOMINGO,7,JUNIO,6,NO,"FALLA MECANICA EN LOS SISTEMAS Y/O NEUMATICOS (SISTEMA DE FRENOS, DIRECCION, ELECTRONICO O MECANICO).",ESTRELLAMIENTOS,BUS,0,0,1,0,0,0,0,0,0,0,0,0,0,1,38,MUJER,LESIONADO,PASAJERO,NO,NO,1
26671,104342,104343,2021,0,0,-0.280491,-78.542952,PICHINCHA,QUITO,QUITO,URBANA,2021-06-06,18:10:00,18,DOMINGO,7,JUNIO,6,NO,NO CEDER EL DERECHO DE VIA O PREFERENCIA DE PASO A VEHICULOS.,CHOQUE LATERAL,AUTOMOVIL,1,0,0,0,0,0,0,0,0,1,0,0,0,2,47,HOMBRE,ILESO,CONDUCTOR PRESENTE,NO,NO,1
26672,104350,104351,2021,0,1,-0.209383,-78.401767,PICHINCHA,QUITO,TUMBACO,RURAL,2021-06-06,19:30:00,19,DOMINGO,7,JUNIO,6,NO,NO TRANSITAR POR LAS ACERAS O ZONAS DE SEGURIDAD DESTINADAS PARA EL EFECTO.,ATROPELLOS,MOTOCICLETA,0,0,0,0,0,0,0,0,1,0,0,0,0,1,67,HOMBRE,FALLECIDO,PEATON,NO,NO,3
26673,104354,104355,2021,1,0,-0.104185,-78.453523,PICHINCHA,QUITO,CALDERON (CARAPUNGO),RURAL,2021-06-06,20:00:00,20,DOMINGO,7,JUNIO,6,NO,NO MANTENER LA DISTANCIA PRUDENCIAL CON RESPECTO AL VEHICULO QUE LE ANTECEDE.,PERDIDA DE CARRIL,MOTOCICLETA,0,0,0,0,0,0,0,0,1,0,0,0,0,1,24,MUJER,LESIONADO,CONDUCTOR PRESENTE,NO,NO,3
26674,104358,104359,2021,0,0,-0.257546,-78.544178,PICHINCHA,QUITO,QUITO,URBANA,2021-06-06,21:05:00,21,DOMINGO,7,JUNIO,6,NO,NO MANTENER LA DISTANCIA PRUDENCIAL CON RESPECTO AL VEHICULO QUE LE ANTECEDE.,CHOQUE POSTERIOR,AUTOMOVIL,1,0,0,0,0,0,0,0,0,1,0,0,0,2,33,HOMBRE,ILESO,CONDUCTOR PRESENTE,NO,NO,1
26675,104361,104362,2021,1,0,-0.288772,-78.566601,PICHINCHA,QUITO,QUITO,URBANA,2021-06-06,22:30:00,22,DOMINGO,7,JUNIO,6,NO,CONDUCIR VEHICULO SUPERANDO LOS LIMITES MAXIMOS DE VELOCIDAD.,ESTRELLAMIENTOS,CAMION,0,0,0,1,0,0,0,0,0,0,0,0,0,1,42,HOMBRE,LESIONADO,PASAJERO,NO,NO,1
26676,104367,104368,2021,0,0,-0.338484,-78.561391,PICHINCHA,QUITO,QUITO,URBANA,2021-06-07,02:00:00,2,LUNES,1,JUNIO,6,NO,"CONDICIONES AMBIENTALES Y/O ATMOSFERICAS (NIEBLA, NEBLINA, GRANIZO, LLUVIA).",OTROS,FURGONETA,0,0,0,0,0,0,0,1,0,0,0,0,0,1,-1,NO IDENTIFICADO,NO IDENTIFICADO,CONDUCTOR AUSENTE,NO,NO,2
26677,104375,104376,2021,0,1,-0.330709,-78.383345,PICHINCHA,QUITO,PINTAG,RURAL,2021-06-07,07:52:00,7,LUNES,1,JUNIO,6,NO,"CONDUCIR DESATENTO A LAS CONDICIONES DE TRANSITO (CELULAR, PANTALLAS DE VIDEO, COMIDA, MAQUILLAJE O CUALQUIER OTRO ELEMENTO DISTRACTOR).",ARROLLAMIENTOS,CAMION,0,0,0,1,0,0,0,0,0,0,0,0,0,1,61,HOMBRE,FALLECIDO,PEATON,NO,SI,3
26678,104377,104378,2021,0,0,-0.203889,-78.488889,PICHINCHA,QUITO,QUITO,URBANA,2021-06-07,08:30:00,8,LUNES,1,JUNIO,6,NO,"NO RESPETAR LAS SENIALES REGLAMENTARIAS DE TRANSITO. (PARE, CEDA EL PASO, LUZ ROJA DEL SEMAFORO, ETC).",CHOQUE LATERAL,AUTOMOVIL,2,0,0,0,0,0,0,0,0,0,0,0,0,2,60,MUJER,ILESO,CONDUCTOR PRESENTE,NO,NO,1
26679,104380,104381,2021,2,0,-0.123589,-78.498716,PICHINCHA,QUITO,QUITO,URBANA,2021-06-07,10:45:00,10,LUNES,1,JUNIO,6,NO,"NO RESPETAR LAS SENIALES REGLAMENTARIAS DE TRANSITO. (PARE, CEDA EL PASO, LUZ ROJA DEL SEMAFORO, ETC).",CHOQUE LATERAL,AUTOMOVIL,1,0,0,0,0,0,0,0,1,0,0,0,0,2,38,MUJER,LESIONADO,PASAJERO,NO,NO,1