,Unnamed: 0,ID,ANIO,LESIONADOS,FALLECIDOS,LATITUD_Y,LONGITUD_X,PROVINCIA,CANTON,PARROQUIA,ZONA,FECHA,HORA,PERIODO_2,DIA_1,DIA_2,MES_1,MES_2,FERIADO,CAUSA_PROBABLE,TIPO_DE_SINIESTRO,TIPO_DE_VEHICULO_1,AUTOMOVIL,BICICLETA,BUS,CAMION,CAMIONETA,EMERGENCIAS,ESPECIAL,FURGONETA,MOTOCICLETA,NO_IDENTIFICADO,SCOOTER_ELECTRICO,TRICIMOTO,VEHICULO_DEPORTIVO_UTILITARIO,SUMA_DE_VEHICULOS,EDAD_1,SEXO_1,CONDICION_1,PARTICIPANTE_1,CASCO_1,CINTURON_1,KMeans_Cluster
26680,104386,104387,2021,0,0,-0.138257,-78.424325,PICHINCHA,QUITO,LLANO CHICO,RURAL,2021-06-07,12:40:00,12,LUNES,1,JUNIO,6,NO,"FALLA MECANICA EN LOS SISTEMAS Y/O NEUMATICOS (SISTEMA DE FRENOS, DIRECCION, ELECTRONICO O MECANICO).",ESTRELLAMIENTOS,BUS,0,0,1,0,0,0,0,0,0,0,0,0,0,1,36,HOMBRE,ILESO,CONDUCTOR PRESENTE,NO,NO,3
26681,104392,104393,2021,0,0,-0.232293,-78.486453,PICHINCHA,QUITO,QUITO,URBANA,2021-06-07,14:30:00,14,LUNES,1,JUNIO,6,NO,"CONDICIONES AMBIENTALES Y/O ATMOSFERICAS (NIEBLA, NEBLINA, GRANIZO, LLUVIA).",ESTRELLAMIENTOS,CAMION,0,0,0,1,0,0,0,0,0,0,0,0,0,1,34,HOMBRE,ILESO,CONDUCTOR PRESENTE,NO,NO,1
26682,104393,104394,2021,0,0,-0.307055,-78.415201,PICHINCHA,QUITO,ALANGASI,RURAL,2021-06-07,14:40:00,14,LUNES,1,JUNIO,6,NO,"CONDUCE BAJO LA INFLUENCIA DE ALCOHOL, SUSTANCIAS ESTUPEFACIENTES O PSICOTROPICAS Y/O MEDICAMENTOS.",ESTRELLAMIENTOS,CAMIONETA,0,0,0,0,1,0,0,0,0,0,0,0,0,1,32,HOMBRE,ILESO,CONDUCTOR PRESENTE,NO,NO,3
26683,104396,104397,2021,0,0,-0.176723,-78.403834,PICHINCHA,QUITO,TUMBACO,URBANA,2021-06-07,15:20:00,15,LUNES,1,JUNIO,6,NO,"FALLA MECANICA EN LOS SISTEMAS Y/O NEUMATICOS (SISTEMA DE FRENOS, DIRECCION, ELECTRONICO O MECANICO).",ESTRELLAMIENTOS,CAMION,0,0,0,1,0,0,0,0,0,0,0,0,0,1,27,HOMBRE,ILESO,CONDUCTOR PRESENTE,NO,NO,1
26684,104404,104405,2021,0,0,-0.240163,-78.534053,PICHINCHA,QUITO,QUITO,URBANA,2021-06-07,19:20:00,19,LUNES,1,JUNIO,6,NO,"CONDUCE BAJO LA INFLUENCIA DE ALCOHOL, SUSTANCIAS ESTUPEFACIENTES O PSICOTROPICAS Y/O MEDICAMENTOS.",OTROS,AUTOMOVIL,4,0,0,0,0,0,0,0,0,0,0,0,0,4,28,HOMBRE,ILESO,CONDUCTOR PRESENTE,NO,NO,1
26685,104405,104406,2021,2,0,0.014071,-78.596034,PICHINCHA,QUITO,NONO,RURAL,2021-06-07,19:20:00,19,LUNES,1,JUNIO,6,NO,DANIOS MECANICOS PREVISIBLES.,CHOQUE FRONTAL,CAMION,0,0,0,2,0,0,0,0,0,0,0,0,0,2,41,HOMBRE,LESIONADO,CONDUCTOR PRESENTE,NO,SI,3
26686,104415,104416,2021,0,0,-0.277207,-78.555399,PICHINCHA,QUITO,QUITO,URBANA,2021-06-07,21:35:00,21,LUNES,1,JUNIO,6,NO,"CONDICIONES AMBIENTALES Y/O ATMOSFERICAS (NIEBLA, NEBLINA, GRANIZO, LLUVIA).",CHOQUE LATERAL,AUTOMOVIL,2,0,0,0,0,0,0,0,0,0,0,0,0,2,27,MUJER,ILESO,CONDUCTOR PRESENTE,NO,NO,1
26687,104417,104418,2021,0,0,-0.278525,-78.481451,PICHINCHA,QUITO,CONOCOTO,RURAL,2021-06-08,00:30:00,0,MARTES,2,JUNIO,6,NO,"CONDUCIR DESATENTO A LAS CONDICIONES DE TRANSITO (CELULAR, PANTALLAS DE VIDEO, COMIDA, MAQUILLAJE O CUALQUIER OTRO ELEMENTO DISTRACTOR).",PERDIDA DE CARRIL,AUTOMOVIL,1,0,0,0,0,0,0,0,0,0,0,0,0,1,45,HOMBRE,ILESO,CONDUCTOR PRESENTE,NO,SI,3
26688,104424,104425,2021,0,0,-0.145115,-78.491591,PICHINCHA,QUITO,QUITO,URBANA,2021-06-08,07:00:00,7,MARTES,2,JUNIO,6,NO,CONDUCIR VEHICULO SUPERANDO LOS LIMITES MAXIMOS DE VELOCIDAD.,ESTRELLAMIENTOS,CAMIONETA,0,0,0,0,1,0,0,0,0,0,0,0,0,1,-1,NO IDENTIFICADO,NO IDENTIFICADO,CONDUCTOR AUSENTE,NO,NO,2
26689,104428,104429,2021,1,0,-0.283634,-78.535666,PICHINCHA,QUITO,QUITO,URBANA,2021-06-08,08:40:00,8,MARTES,2,JUNIO,6,NO,NO CEDER EL DERECHO DE VIA O PREFERENCIA DE PASO AL PEATON.,ATROPELLOS,MOTOCICLETA,0,0,0,0,0,0,0,0,1,0,0,0,0,1,26,HOMBRE,LESIONADO,PEATON,NO,NO,1
26690,104430,104431,2021,0,0,-0.190933,-78.480366,PICHINCHA,QUITO,QUITO,URBANA,2021-06-08,10:22:00,10,MARTES,2,JUNIO,6,NO,CONDUCIR VEHICULO SUPERANDO LOS LIMITES MAXIMOS DE VELOCIDAD.,COLISION,AUTOMOVIL,3,0,0,0,0,0,0,0,0,0,0,0,0,3,29,HOMBRE,ILESO,CONDUCTOR PRESENTE,NO,NO,1
26691,104434,104435,2021,1,0,-0.123727,-78.467271,PICHINCHA,QUITO,QUITO,URBANA,2021-06-08,10:45:00,10,MARTES,2,JUNIO,6,NO,NO TRANSITAR POR LAS ACERAS O ZONAS DE SEGURIDAD DESTINADAS PARA EL EFECTO.,ATROPELLOS,BUS,0,0,1,0,0,0,0,0,0,0,0,0,0,1,62,MUJER,LESIONADO,PEATON,NO,NO,1
26692,104440,104441,2021,1,0,-0.193041,-78.490251,PICHINCHA,QUITO,QUITO,URBANA,2021-06-08,13:08:00,13,MARTES,2,JUNIO,6,NO,CONDUCIR VEHICULO SUPERANDO LOS LIMITES MAXIMOS DE VELOCIDAD.,CHOQUE LATERAL,MOTOCICLETA,1,0,0,0,0,0,0,0,1,0,0,0,0,2,49,HOMBRE,LESIONADO,CONDUCTOR PRESENTE,NO,NO,1
26693,104443,104444,2021,0,0,-0.203056,-78.458398,PICHINCHA,QUITO,QUITO,RURAL,2021-06-08,14:30:00,14,MARTES,2,JUNIO,6,NO,"FALLA MECANICA EN LOS SISTEMAS Y/O NEUMATICOS (SISTEMA DE FRENOS, DIRECCION, ELECTRONICO O MECANICO).",ESTRELLAMIENTOS,AUTOMOVIL,1,0,0,0,0,0,0,0,0,0,0,0,0,1,21,MUJER,ILESO,CONDUCTOR PRESENTE,NO,NO,3
26694,104456,104457,2021,0,0,-0.235557,-78.527708,PICHINCHA,QUITO,QUITO,URBANA,2021-06-08,19:00:00,19,MARTES,2,JUNIO,6,NO,CONDUCIR VEHICULO SUPERANDO LOS LIMITES MAXIMOS DE VELOCIDAD.,CHOQUE LATERAL,AUTOMOVIL,2,0,0,0,0,0,0,0,0,0,0,0,0,2,28,HOMBRE,ILESO,CONDUCTOR PRESENTE,NO,NO,1
26695,104463,104464,2021,1,0,-0.092503,-78.434123,PICHINCHA,QUITO,CALDERON (CARAPUNGO),RURAL,2021-06-08,20:00:00,20,MARTES,2,JUNIO,6,NO,REALIZAR CAMBIO BRUSCO O INDEBIDO DE CARRIL.,CHOQUE LATERAL,MOTOCICLETA,0,0,0,0,0,0,0,0,1,1,0,0,0,2,26,MUJER,LESIONADO,CONDUCTOR PRESENTE,NO,NO,3
26696,104469,104470,2021,0,0,-0.235526,-78.396111,PICHINCHA,QUITO,TUMBACO,RURAL,2021-06-09,00:00:00,0,MIERCOLES,3,JUNIO,6,NO,CONDUCIR VEHICULO SUPERANDO LOS LIMITES MAXIMOS DE VELOCIDAD.,ESTRELLAMIENTOS,CAMIONETA,0,0,0,0,1,0,0,0,0,0,0,0,0,1,-1,NO IDENTIFICADO,NO IDENTIFICADO,CONDUCTOR AUSENTE,NO,NO,2
26697,104473,104474,2021,3,0,-0.214446,-78.405184,PICHINCHA,QUITO,TUMBACO,RURAL,2021-06-09,06:00:00,6,MIERCOLES,3,JUNIO,6,NO,NO MANTENER LA DISTANCIA PRUDENCIAL CON RESPECTO AL VEHICULO QUE LE ANTECEDE.,CHOQUE POSTERIOR,ESPECIAL,1,0,0,0,0,0,1,0,0,0,0,0,0,2,27,HOMBRE,LESIONADO,PASAJERO,NO,NO,3
26698,104474,104475,2021,2,0,-0.278782,-78.480591,PICHINCHA,QUITO,CONOCOTO,RURAL,2021-06-09,06:10:00,6,MIERCOLES,3,JUNIO,6,NO,"CONDUCIR DESATENTO A LAS CONDICIONES DE TRANSITO (CELULAR, PANTALLAS DE VIDEO, COMIDA, MAQUILLAJE O CUALQUIER OTRO ELEMENTO DISTRACTOR).",PERDIDA DE CARRIL,MOTOCICLETA,0,0,0,0,0,0,0,0,1,0,0,0,0,1,21,HOMBRE,LESIONADO,CONDUCTOR PRESENTE,NO,SI,3
26699,104476,104477,2021,1,0,-0.170135,-78.479875,PICHINCHA,QUITO,QUITO,URBANA,2021-06-09,06:30:00,6,MIERCOLES,3,JUNIO,6,NO,REALIZAR CAMBIO BRUSCO O INDEBIDO DE CARRIL.,CHOQUE LATERAL,MOTOCICLETA,0,0,0,0,0,0,0,1,1,0,0,0,0,2,42,HOMBRE,LESIONADO,CONDUCTOR PRESENTE,NO,NO,1
26700,104483,104484,2021,1,0,-0.163636,-78.474211,PICHINCHA,QUITO,QUITO,URBANA,2021-06-09,09:20:00,9,MIERCOLES,3,JUNIO,6,NO,DEJAR O RECOGER PASAJEROS EN LUGARES NO PERMITIDOS.,CAIDA DE PASAJERO,BUS,0,0,1,0,0,0,0,0,0,0,0,0,0,1,63,HOMBRE,LESIONADO,PEATON,NO,NO,1
26701,104501,104502,2021,0,0,-0.217564,-78.385334,PICHINCHA,QUITO,TUMBACO,RURAL,2021-06-09,19:20:00,19,MIERCOLES,3,JUNIO,6,NO,"CONDUCE BAJO LA INFLUENCIA DE ALCOHOL, SUSTANCIAS ESTUPEFACIENTES O PSICOTROPICAS Y/O MEDICAMENTOS.",ESTRELLAMIENTOS,AUTOMOVIL,2,0,0,0,0,0,0,0,0,0,0,0,0,2,44,HOMBRE,ILESO,CONDUCTOR PRESENTE,NO,NO,3
26702,104504,104505,2021,1,0,-0.227116,-78.506847,PICHINCHA,QUITO,QUITO,URBANA,2021-06-09,19:50:00,19,MIERCOLES,3,JUNIO,6,NO,PEATON QUE CRUZA LA CALZADA SIN RESPETAR LA SENIALIZACION EXISTENTE (SEMAFOROS O SENIALES MANUALES).,ATROPELLOS,AUTOMOVIL,1,0,0,0,0,0,0,0,0,0,0,0,0,1,65,HOMBRE,LESIONADO,PEATON,NO,NO,1
26703,104511,104512,2021,1,1,-0.494298,-78.571057,PICHINCHA,MEJIA,MACHACHI,RURAL,2021-06-10,05:30:00,5,JUEVES,4,JUNIO,6,NO,"CONDUCIR DESATENTO A LAS CONDICIONES DE TRANSITO (CELULAR, PANTALLAS DE VIDEO, COMIDA, MAQUILLAJE O CUALQUIER OTRO ELEMENTO DISTRACTOR).",CHOQUE LATERAL,AUTOMOVIL,1,0,0,0,0,0,0,0,0,0,0,0,0,1,52,HOMBRE,FALLECIDO,PASAJERO,NO,SI,3
26704,104513,104514,2021,1,0,-0.180241,-78.488515,PICHINCHA,QUITO,QUITO,URBANA,2021-06-10,06:50:00,6,JUEVES,4,JUNIO,6,NO,REALIZAR CAMBIO BRUSCO O INDEBIDO DE CARRIL.,CHOQUE LATERAL,AUTOMOVIL,1,0,0,0,0,0,0,0,1,0,0,0,0,2,36,HOMBRE,LESIONADO,CONDUCTOR PRESENTE,NO,NO,1
26705,104514,104515,2021,0,0,-0.146402,-78.491206,PICHINCHA,QUITO,QUITO,URBANA,2021-06-10,07:20:00,7,JUEVES,4,JUNIO,6,NO,NO CEDER EL DERECHO DE VIA O PREFERENCIA DE PASO A VEHICULOS.,CHOQUE LATERAL,AUTOMOVIL,2,0,0,0,0,0,0,0,0,0,0,0,0,2,58,HOMBRE,ILESO,CONDUCTOR PRESENTE,NO,NO,1
26706,104521,104522,2021,0,0,-0.109841,-78.444189,PICHINCHA,QUITO,CALDERON (CARAPUNGO),RURAL,2021-06-10,10:58:00,10,JUEVES,4,JUNIO,6,NO,"CONDUCIR EN ESTADO DE SOMNOLENCIA O MALAS CONDICIONES FISICAS (SUENIO, CANSANCIO Y FATIGA).",OTROS,CAMION,1,0,0,1,0,0,0,1,0,0,0,0,0,3,53,MUJER,ILESO,CONDUCTOR PRESENTE,NO,NO,3
26707,104542,104543,2021,1,0,-0.331895,-78.554775,PICHINCHA,QUITO,QUITO,URBANA,2021-06-10,18:00:00,18,JUEVES,4,JUNIO,6,NO,NO CEDER EL DERECHO DE VIA O PREFERENCIA DE PASO AL PEATON.,ATROPELLOS,CAMION,0,0,0,1,0,0,0,0,0,0,0,0,0,1,60,MUJER,LESIONADO,PEATON,NO,NO,1
26708,104544,104545,2021,1,0,-0.314532,-78.558336,PICHINCHA,QUITO,QUITO,URBANA,2021-06-10,18:55:00,18,JUEVES,4,JUNIO,6,NO,CONDUCIR VEHICULO SUPERANDO LOS LIMITES MAXIMOS DE VELOCIDAD.,CHOQUE FRONTAL,AUTOMOVIL,1,0,0,0,0,0,0,0,1,0,0,0,0,2,20,HOMBRE,LESIONADO,CONDUCTOR PRESENTE,NO,NO,1
26709,104548,104549,2021,1,0,-0.268534,-78.551576,PICHINCHA,QUITO,QUITO,URBANA,2021-06-10,20:45:00,20,JUEVES,4,JUNIO,6,NO,NO MANTENER LA DISTANCIA PRUDENCIAL CON RESPECTO AL VEHICULO QUE LE ANTECEDE.,CHOQUE POSTERIOR,AUTOMOVIL,1,0,0,0,0,0,0,0,1,0,0,0,0,2,23,HOMBRE,LESIONADO,CONDUCTOR PRESENTE,NO,NO,1
26710,104561,104562,2021,0,0,-0.116769,-78.473429,PICHINCHA,QUITO,QUITO,URBANA,2021-06-11,03:30:00,3,VIERNES,5,JUNIO,6,NO,CONDUCIR VEHICULO SUPERANDO LOS LIMITES MAXIMOS DE VELOCIDAD.,ESTRELLAMIENTOS,AUTOMOVIL,1,0,0,0,0,0,0,0,0,0,0,0,0,1,-1,NO IDENTIFICADO,NO IDENTIFICADO,CONDUCTOR AUSENTE,NO,NO,2
26711,104563,104564,2021,0,0,-0.207363,-78.512548,PICHINCHA,QUITO,QUITO,URBANA,2021-06-11,05:58:00,5,VIERNES,5,JUNIO,6,NO,"FALLA MECANICA EN LOS SISTEMAS Y/O NEUMATICOS (SISTEMA DE FRENOS, DIRECCION, ELECTRONICO O MECANICO).",ESTRELLAMIENTOS,CAMION,0,0,0,1,0,0,0,0,0,0,0,0,0,1,46,HOMBRE,ILESO,CONDUCTOR PRESENTE,NO,NO,1
26712,104564,104565,2021,4,0,-0.102218,-78.491328,PICHINCHA,QUITO,QUITO,URBANA,2021-06-11,07:10:00,7,VIERNES,5,JUNIO,6,NO,CONDUCIR VEHICULO SUPERANDO LOS LIMITES MAXIMOS DE VELOCIDAD.,ESTRELLAMIENTOS,CAMIONETA,0,0,0,2,1,0,0,1,0,0,0,0,0,4,21,MUJER,LESIONADO,PASAJERO,NO,NO,1
26713,104574,104575,2021,0,0,-0.190082,-78.488029,PICHINCHA,QUITO,QUITO,URBANA,2021-06-11,11:40:00,11,VIERNES,5,JUNIO,6,NO,"FALLA MECANICA EN LOS SISTEMAS Y/O NEUMATICOS (SISTEMA DE FRENOS, DIRECCION, ELECTRONICO O MECANICO).",ESTRELLAMIENTOS,CAMION,0,0,0,1,0,0,0,0,0,0,0,0,0,1,28,HOMBRE,ILESO,CONDUCTOR PRESENTE,NO,NO,1
26714,104578,104579,2021,1,0,-0.247754,-78.518038,PICHINCHA,QUITO,QUITO,URBANA,2021-06-11,13:35:00,13,VIERNES,5,JUNIO,6,NO,DEJAR O RECOGER PASAJEROS EN LUGARES NO PERMITIDOS.,CAIDA DE PASAJERO,BUS,0,0,1,0,0,0,0,0,0,0,0,0,0,1,66,MUJER,LESIONADO,PASAJERO,NO,NO,1
26715,104580,104581,2021,1,0,-0.204388,-78.489991,PICHINCHA,QUITO,QUITO,URBANA,2021-06-11,14:30:00,14,VIERNES,5,JUNIO,6,NO,"NO RESPETAR LAS SENIALES REGLAMENTARIAS DE TRANSITO. (PARE, CEDA EL PASO, LUZ ROJA DEL SEMAFORO, ETC).",CHOQUE LATERAL,MOTOCICLETA,1,0,0,0,0,0,0,0,1,0,0,0,0,2,36,HOMBRE,LESIONADO,CONDUCTOR PRESENTE,NO,NO,1
26716,104586,104587,2021,1,0,-0.455416,-78.594361,PICHINCHA,MEJIA,ALOAG,RURAL,2021-06-11,17:10:00,17,VIERNES,5,JUNIO,6,NO,"CONDUCIR DESATENTO A LAS CONDICIONES DE TRANSITO (CELULAR, PANTALLAS DE VIDEO, COMIDA, MAQUILLAJE O CUALQUIER OTRO ELEMENTO DISTRACTOR).",PERDIDA DE PISTA,VEHICULO DEPORTIVO UTILITARIO,0,0,0,0,0,0,0,0,0,0,0,0,1,1,39,HOMBRE,LESIONADO,CONDUCTOR PRESENTE,NO,NO,3
26717,104600,104601,2021,1,0,-0.109351,-78.458267,PICHINCHA,QUITO,CALDERON (CARAPUNGO),RURAL,2021-06-11,19:25:00,19,VIERNES,5,JUNIO,6,NO,CONDUCIR VEHICULO SUPERANDO LOS LIMITES MAXIMOS DE VELOCIDAD.,COLISION,AUTOMOVIL,2,0,0,1,0,0,0,0,0,0,0,0,0,3,33,MUJER,LESIONADO,CONDUCTOR PRESENTE,NO,NO,3
26718,104604,104605,2021,0,0,-0.103629,-78.463052,PICHINCHA,QUITO,QUITO,RURAL,2021-06-11,21:25:00,21,VIERNES,5,JUNIO,6,NO,"CONDUCE BAJO LA INFLUENCIA DE ALCOHOL, SUSTANCIAS ESTUPEFACIENTES O PSICOTROPICAS Y/O MEDICAMENTOS.",CHOQUE POSTERIOR,AUTOMOVIL,2,0,0,0,0,0,0,0,0,0,0,0,0,2,40,MUJER,ILESO,PASAJERO,NO,NO,3
26719,104608,104609,2021,1,0,-0.153396,-78.484496,PICHINCHA,QUITO,QUITO,URBANA,2021-06-11,22:55:00,22,VIERNES,5,JUNIO,6,NO,"NO RESPETAR LAS SENIALES REGLAMENTARIAS DE TRANSITO. (PARE, CEDA EL PASO, LUZ ROJA DEL SEMAFORO, ETC).",CHOQUE LATERAL,MOTOCICLETA,1,0,0,0,0,0,0,0,1,0,0,0,0,2,34,HOMBRE,LESIONADO,CONDUCTOR PRESENTE,NO,NO,1
26720,104614,104615,2021,0,0,-0.281112,-78.557226,PICHINCHA,QUITO,QUITO,URBANA,2021-06-12,00:15:00,0,SABADO,6,JUNIO,6,NO,CONDUCIR VEHICULO SUPERANDO LOS LIMITES MAXIMOS DE VELOCIDAD.,ESTRELLAMIENTOS,AUTOMOVIL,1,0,0,0,0,0,0,0,0,0,0,0,0,1,-1,NO IDENTIFICADO,NO IDENTIFICADO,CONDUCTOR AUSENTE,NO,NO,2
26721,104616,104617,2021,0,0,-0.203857,-78.488944,PICHINCHA,QUITO,QUITO,URBANA,2021-06-12,01:20:00,1,SABADO,6,JUNIO,6,NO,"NO RESPETAR LAS SENIALES REGLAMENTARIAS DE TRANSITO. (PARE, CEDA EL PASO, LUZ ROJA DEL SEMAFORO, ETC).",CHOQUE LATERAL,MOTOCICLETA,1,0,0,0,0,0,0,0,1,0,0,0,0,2,31,HOMBRE,ILESO,CONDUCTOR PRESENTE,NO,NO,1
26722,104622,104623,2021,0,0,-0.328241,-78.537518,PICHINCHA,QUITO,QUITO,URBANA,2021-06-12,02:20:00,2,SABADO,6,JUNIO,6,NO,CONDUCIR VEHICULO SUPERANDO LOS LIMITES MAXIMOS DE VELOCIDAD.,OTROS,AUTOMOVIL,1,0,0,0,0,0,0,0,0,0,0,0,0,1,-1,NO IDENTIFICADO,NO IDENTIFICADO,CONDUCTOR AUSENTE,NO,NO,2
26723,104623,104624,2021,1,0,-0.188532,-78.492028,PICHINCHA,QUITO,QUITO,URBANA,2021-06-12,03:00:00,3,SABADO,6,JUNIO,6,NO,"CONDUCE BAJO LA INFLUENCIA DE ALCOHOL, SUSTANCIAS ESTUPEFACIENTES O PSICOTROPICAS Y/O MEDICAMENTOS.",OTROS,AUTOMOVIL,2,0,0,0,0,0,0,0,0,0,0,0,0,2,24,HOMBRE,LESIONADO,CONDUCTOR PRESENTE,NO,NO,1
26724,104624,104625,2021,0,0,-0.293735,-78.565661,PICHINCHA,QUITO,QUITO,URBANA,2021-06-12,05:00:00,5,SABADO,6,JUNIO,6,NO,CONDUCIR VEHICULO SUPERANDO LOS LIMITES MAXIMOS DE VELOCIDAD.,ESTRELLAMIENTOS,CAMIONETA,0,0,0,0,1,0,0,0,0,0,0,0,0,1,-1,NO IDENTIFICADO,NO IDENTIFICADO,CONDUCTOR AUSENTE,NO,NO,2
26725,104635,104636,2021,0,0,-0.177282,-78.359537,PICHINCHA,QUITO,PUEMBO,RURAL,2021-06-12,09:20:00,9,SABADO,6,JUNIO,6,NO,"NO RESPETAR LAS SENIALES REGLAMENTARIAS DE TRANSITO. (PARE, CEDA EL PASO, LUZ ROJA DEL SEMAFORO, ETC).",CHOQUE LATERAL,AUTOMOVIL,2,0,0,0,0,0,0,0,0,0,0,0,0,2,22,MUJER,ILESO,CONDUCTOR PRESENTE,NO,NO,3
26726,104638,104639,2021,0,0,-0.192738,-78.340129,PICHINCHA,QUITO,TABABELA,RURAL,2021-06-12,10:00:00,10,SABADO,6,JUNIO,6,NO,"CONDUCIR DESATENTO A LAS CONDICIONES DE TRANSITO (CELULAR, PANTALLAS DE VIDEO, COMIDA, MAQUILLAJE O CUALQUIER OTRO ELEMENTO DISTRACTOR).",COLISION,AUTOMOVIL,1,0,0,1,1,0,0,0,0,0,0,0,0,3,40,HOMBRE,ILESO,CONDUCTOR PRESENTE,NO,SI,3
26727,104640,104641,2021,0,0,-0.320281,-78.460121,PICHINCHA,RUMINIAHUI,SANGOLQUI,URBANA,2021-06-12,10:20:00,10,SABADO,6,JUNIO,6,NO,"CONDUCIR DESATENTO A LAS CONDICIONES DE TRANSITO (CELULAR, PANTALLAS DE VIDEO, COMIDA, MAQUILLAJE O CUALQUIER OTRO ELEMENTO DISTRACTOR).",CHOQUE LATERAL,CAMIONETA,1,0,0,0,1,0,0,0,0,0,0,0,0,2,71,HOMBRE,ILESO,CONDUCTOR PRESENTE,NO,SI,1
26728,104645,104646,2021,0,0,0.003242,-78.462441,PICHINCHA,QUITO,SAN ANTONIO (QUITO),URBANA,2021-06-12,12:45:00,12,SABADO,6,JUNIO,6,NO,"CONDUCIR DESATENTO A LAS CONDICIONES DE TRANSITO (CELULAR, PANTALLAS DE VIDEO, COMIDA, MAQUILLAJE O CUALQUIER OTRO ELEMENTO DISTRACTOR).",CHOQUE POSTERIOR,CAMIONETA,1,0,0,0,1,0,0,0,0,0,0,0,0,2,39,HOMBRE,ILESO,CONDUCTOR PRESENTE,NO,SI,1
26729,104649,104650,2021,1,0,-0.190265,-78.481543,PICHINCHA,QUITO,QUITO,URBANA,2021-06-12,14:30:00,14,SABADO,6,JUNIO,6,NO,"CONDUCE BAJO LA INFLUENCIA DE ALCOHOL, SUSTANCIAS ESTUPEFACIENTES O PSICOTROPICAS Y/O MEDICAMENTOS.",CHOQUE LATERAL,BUS,1,0,1,0,0,0,0,0,0,0,0,0,0,2,22,MUJER,LESIONADO,PASAJERO,NO,NO,1
26730,104656,104657,2021,1,0,-0.141342,-78.500925,PICHINCHA,QUITO,QUITO,URBANA,2021-06-12,16:00:00,16,SABADO,6,JUNIO,6,NO,"CONDUCE BAJO LA INFLUENCIA DE ALCOHOL, SUSTANCIAS ESTUPEFACIENTES O PSICOTROPICAS Y/O MEDICAMENTOS.",ROZAMIENTOS,FURGONETA,1,0,0,0,0,0,0,1,0,0,0,0,0,2,34,MUJER,LESIONADO,CONDUCTOR PRESENTE,NO,NO,1
26731,104658,104659,2021,1,0,-0.545687,-78.585026,PICHINCHA,MEJIA,MACHACHI,RURAL,2021-06-12,16:30:00,16,SABADO,6,JUNIO,6,NO,"CONDUCIR DESATENTO A LAS CONDICIONES DE TRANSITO (CELULAR, PANTALLAS DE VIDEO, COMIDA, MAQUILLAJE O CUALQUIER OTRO ELEMENTO DISTRACTOR).",ATROPELLOS,AUTOMOVIL,1,0,0,0,0,0,0,0,0,0,0,0,0,1,22,HOMBRE,LESIONADO,PEATON,NO,SI,3
26732,104665,104666,2021,1,0,-0.106622,-78.476683,PICHINCHA,QUITO,QUITO,URBANA,2021-06-12,17:50:00,17,SABADO,6,JUNIO,6,NO,"CONDUCE BAJO LA INFLUENCIA DE ALCOHOL, SUSTANCIAS ESTUPEFACIENTES O PSICOTROPICAS Y/O MEDICAMENTOS.",CHOQUE LATERAL,MOTOCICLETA,0,0,0,1,0,0,0,0,1,0,0,0,0,2,27,HOMBRE,LESIONADO,CONDUCTOR PRESENTE,NO,NO,1
26733,104681,104682,2021,4,0,-0.120065,-78.449191,PICHINCHA,QUITO,CALDERON (CARAPUNGO),RURAL,2021-06-12,21:20:00,21,SABADO,6,JUNIO,6,NO,"CONDUCE BAJO LA INFLUENCIA DE ALCOHOL, SUSTANCIAS ESTUPEFACIENTES O PSICOTROPICAS Y/O MEDICAMENTOS.",OTROS,FURGONETA,1,0,0,0,0,0,0,2,1,0,0,0,0,4,21,HOMBRE,LESIONADO,CONDUCTOR PRESENTE,NO,NO,3
26734,104695,104696,2021,0,0,-0.324863,-78.553391,PICHINCHA,QUITO,QUITO,URBANA,2021-06-13,00:45:00,0,DOMINGO,7,JUNIO,6,NO,CONDUCIR VEHICULO SUPERANDO LOS LIMITES MAXIMOS DE VELOCIDAD.,ESTRELLAMIENTOS,AUTOMOVIL,1,0,0,0,0,0,0,1,0,0,0,0,0,2,-1,NO IDENTIFICADO,NO IDENTIFICADO,CONDUCTOR AUSENTE,NO,NO,2
26735,104706,104707,2021,0,0,-0.305347,-78.459069,PICHINCHA,RUMINIAHUI,SANGOLQUI,URBANA,2021-06-13,02:00:00,2,DOMINGO,7,JUNIO,6,NO,"CONDUCIR DESATENTO A LAS CONDICIONES DE TRANSITO (CELULAR, PANTALLAS DE VIDEO, COMIDA, MAQUILLAJE O CUALQUIER OTRO ELEMENTO DISTRACTOR).",CHOQUE LATERAL,AUTOMOVIL,2,0,0,0,0,0,0,0,0,0,0,0,0,2,29,HOMBRE,ILESO,CONDUCTOR PRESENTE,NO,SI,1
26736,104712,104713,2021,1,0,-0.256876,-78.542948,PICHINCHA,QUITO,QUITO,URBANA,2021-06-13,03:20:00,3,DOMINGO,7,JUNIO,6,NO,"CONDICIONES AMBIENTALES Y/O ATMOSFERICAS (NIEBLA, NEBLINA, GRANIZO, LLUVIA).",CHOQUE LATERAL,AUTOMOVIL,2,0,0,0,0,0,0,0,0,0,0,0,0,2,47,HOMBRE,LESIONADO,PASAJERO,NO,NO,1