,Unnamed: 0,ID,ANIO,LESIONADOS,FALLECIDOS,LATITUD_Y,LONGITUD_X,PROVINCIA,CANTON,PARROQUIA,ZONA,FECHA,HORA,PERIODO_2,DIA_1,DIA_2,MES_1,MES_2,FERIADO,CAUSA_PROBABLE,TIPO_DE_SINIESTRO,TIPO_DE_VEHICULO_1,AUTOMOVIL,BICICLETA,BUS,CAMION,CAMIONETA,EMERGENCIAS,ESPECIAL,FURGONETA,MOTOCICLETA,NO_IDENTIFICADO,SCOOTER_ELECTRICO,TRICIMOTO,VEHICULO_DEPORTIVO_UTILITARIO,SUMA_DE_VEHICULOS,EDAD_1,SEXO_1,CONDICION_1,PARTICIPANTE_1,CASCO_1,CINTURON_1,KMeans_Cluster
26737,104713,104714,2021,0,0,-0.227345,-78.512218,PICHINCHA,QUITO,QUITO,URBANA,2021-06-13,03:20:00,3,DOMINGO,7,JUNIO,6,NO,CONDUCIR VEHICULO SUPERANDO LOS LIMITES MAXIMOS DE VELOCIDAD.,ESTRELLAMIENTOS,AUTOMOVIL,1,0,0,0,0,0,0,0,0,0,0,0,0,1,-1,NO IDENTIFICADO,NO IDENTIFICADO,CONDUCTOR AUSENTE,NO,NO,2
26738,104717,104718,2021,1,0,0.017675,-78.472351,PICHINCHA,QUITO,SAN ANTONIO (QUITO),RURAL,2021-06-13,03:56:00,3,DOMINGO,7,JUNIO,6,NO,CONDUCIR EN SENTIDO CONTRARIO A LA VIA NORMAL DE CIRCULACION.,CHOQUE FRONTAL,MOTOCICLETA,1,0,0,0,0,0,0,0,1,0,0,0,0,2,37,HOMBRE,LESIONADO,CONDUCTOR PRESENTE,NO,SI,3
26739,104718,104719,2021,0,0,-0.212824,-78.402686,PICHINCHA,QUITO,TUMBACO,RURAL,2021-06-13,04:20:00,4,DOMINGO,7,JUNIO,6,NO,"CONDICIONES AMBIENTALES Y/O ATMOSFERICAS (NIEBLA, NEBLINA, GRANIZO, LLUVIA).",ESTRELLAMIENTOS,AUTOMOVIL,1,0,0,0,0,0,0,0,0,0,0,0,0,1,-1,NO IDENTIFICADO,NO IDENTIFICADO,CONDUCTOR AUSENTE,NO,NO,2
26740,104727,104728,2021,2,0,-0.215752,-78.457315,PICHINCHA,QUITO,CUMBAYA,RURAL,2021-06-13,07:30:00,7,DOMINGO,7,JUNIO,6,NO,"CONDICIONES AMBIENTALES Y/O ATMOSFERICAS (NIEBLA, NEBLINA, GRANIZO, LLUVIA).",ATROPELLOS,AUTOMOVIL,1,0,0,0,1,0,0,0,0,0,0,0,0,2,63,HOMBRE,LESIONADO,PEATON,NO,NO,3
26741,104732,104733,2021,0,0,-0.115313,-78.459247,PICHINCHA,QUITO,QUITO,RURAL,2021-06-13,08:50:00,8,DOMINGO,7,JUNIO,6,NO,"FALLA MECANICA EN LOS SISTEMAS Y/O NEUMATICOS (SISTEMA DE FRENOS, DIRECCION, ELECTRONICO O MECANICO).",CHOQUE LATERAL,CAMIONETA,0,0,0,0,1,0,0,0,1,0,0,0,0,2,68,HOMBRE,ILESO,CONDUCTOR PRESENTE,NO,NO,3
26742,104733,104734,2021,0,0,-0.440861,-78.734333,PICHINCHA,MEJIA,MANUEL CORNEJO ASTORGA,RURAL,2021-06-13,09:00:00,9,DOMINGO,7,JUNIO,6,NO,"CONDUCIR DESATENTO A LAS CONDICIONES DE TRANSITO (CELULAR, PANTALLAS DE VIDEO, COMIDA, MAQUILLAJE O CUALQUIER OTRO ELEMENTO DISTRACTOR).",PERDIDA DE PISTA,AUTOMOVIL,1,0,0,0,0,0,0,0,0,0,0,0,0,1,-1,NO IDENTIFICADO,ILESO,CONDUCTOR PRESENTE,NO,NO,2
26743,104767,104768,2021,3,0,-0.099083,-78.421844,PICHINCHA,QUITO,CALDERON (CARAPUNGO),RURAL,2021-06-13,18:15:00,18,DOMINGO,7,JUNIO,6,NO,"CONDUCE BAJO LA INFLUENCIA DE ALCOHOL, SUSTANCIAS ESTUPEFACIENTES O PSICOTROPICAS Y/O MEDICAMENTOS.",CHOQUE FRONTAL,AUTOMOVIL,1,0,0,0,0,0,0,0,1,0,0,0,0,2,42,MUJER,LESIONADO,PASAJERO,NO,NO,3
26744,104770,104771,2021,2,0,-0.545537,-78.585069,PICHINCHA,MEJIA,MACHACHI,RURAL,2021-06-13,18:45:00,18,DOMINGO,7,JUNIO,6,NO,"CONDUCIR DESATENTO A LAS CONDICIONES DE TRANSITO (CELULAR, PANTALLAS DE VIDEO, COMIDA, MAQUILLAJE O CUALQUIER OTRO ELEMENTO DISTRACTOR).",COLISION,MOTOCICLETA,2,0,0,0,1,0,0,0,1,0,0,0,0,4,13,MUJER,LESIONADO,PASAJERO,NO,SI,3
26745,104773,104774,2021,1,0,-0.229291,-78.451589,PICHINCHA,QUITO,CUMBAYA,RURAL,2021-06-13,18:50:00,18,DOMINGO,7,JUNIO,6,NO,CONDUCIR VEHICULO SUPERANDO LOS LIMITES MAXIMOS DE VELOCIDAD.,VOLCAMIENTOS,AUTOMOVIL,1,0,0,0,0,0,0,0,0,0,0,0,0,1,27,MUJER,LESIONADO,CONDUCTOR PRESENTE,NO,NO,3
26746,104776,104777,2021,1,0,-0.212824,-78.402686,PICHINCHA,QUITO,TUMBACO,RURAL,2021-06-13,19:16:00,19,DOMINGO,7,JUNIO,6,NO,"CONDUCE BAJO LA INFLUENCIA DE ALCOHOL, SUSTANCIAS ESTUPEFACIENTES O PSICOTROPICAS Y/O MEDICAMENTOS.",CHOQUE POSTERIOR,AUTOMOVIL,2,0,0,0,0,0,0,0,0,0,0,0,0,2,29,HOMBRE,LESIONADO,CONDUCTOR PRESENTE,NO,NO,3
26747,104783,104784,2021,3,0,-0.293589,-78.519946,PICHINCHA,QUITO,QUITO,URBANA,2021-06-13,19:40:00,19,DOMINGO,7,JUNIO,6,NO,"CONDICIONES AMBIENTALES Y/O ATMOSFERICAS (NIEBLA, NEBLINA, GRANIZO, LLUVIA).",ESTRELLAMIENTOS,CAMION,0,0,0,2,0,0,0,0,0,0,0,0,0,2,70,MUJER,LESIONADO,PASAJERO,NO,NO,1
26748,104797,104798,2021,0,0,-0.441639,-78.693444,PICHINCHA,MEJIA,ALOAG,RURAL,2021-06-13,22:48:00,22,DOMINGO,7,JUNIO,6,NO,"NO RESPETAR LAS SENIALES REGLAMENTARIAS DE TRANSITO. (PARE, CEDA EL PASO, LUZ ROJA DEL SEMAFORO, ETC).",CHOQUE LATERAL,CAMIONETA,1,0,0,0,1,0,0,0,0,0,0,0,0,2,31,HOMBRE,ILESO,PASAJERO,NO,NO,3
26749,104799,104800,2021,0,0,-0.283401,-78.516674,PICHINCHA,QUITO,QUITO,URBANA,2021-06-13,23:30:00,23,DOMINGO,7,JUNIO,6,NO,CONDUCIR VEHICULO SUPERANDO LOS LIMITES MAXIMOS DE VELOCIDAD.,ESTRELLAMIENTOS,CAMIONETA,0,0,0,0,1,0,0,0,0,0,0,0,0,1,33,MUJER,ILESO,PASAJERO,NO,NO,1
26750,104800,104801,2021,0,0,-0.282021,-78.553941,PICHINCHA,QUITO,QUITO,URBANA,2021-06-13,23:30:00,23,DOMINGO,7,JUNIO,6,NO,"NO RESPETAR LAS SENIALES REGLAMENTARIAS DE TRANSITO. (PARE, CEDA EL PASO, LUZ ROJA DEL SEMAFORO, ETC).",ESTRELLAMIENTOS,FURGONETA,0,0,0,0,0,0,0,1,0,0,0,0,0,1,-1,NO IDENTIFICADO,NO IDENTIFICADO,CONDUCTOR AUSENTE,NO,NO,2
26751,104824,104825,2021,0,0,-0.099039,-78.473808,PICHINCHA,QUITO,QUITO,URBANA,2021-06-14,16:50:00,16,LUNES,1,JUNIO,6,NO,"CONDICIONES AMBIENTALES Y/O ATMOSFERICAS (NIEBLA, NEBLINA, GRANIZO, LLUVIA).",CHOQUE LATERAL,CAMIONETA,1,0,0,0,1,0,0,0,0,0,0,0,0,2,67,HOMBRE,ILESO,CONDUCTOR PRESENTE,NO,NO,1
26752,104825,104826,2021,0,1,-0.237369,-78.484618,PICHINCHA,QUITO,QUITO,URBANA,2021-06-14,17:00:00,17,LUNES,1,JUNIO,6,NO,NO TRANSITAR POR LAS ACERAS O ZONAS DE SEGURIDAD DESTINADAS PARA EL EFECTO.,ATROPELLOS,BUS,0,0,1,0,0,0,0,0,0,0,0,0,0,1,40,HOMBRE,FALLECIDO,PEATON,NO,NO,1
26753,104826,104827,2021,0,0,-0.441667,-78.732056,PICHINCHA,MEJIA,MANUEL CORNEJO ASTORGA,RURAL,2021-06-14,18:06:00,18,LUNES,1,JUNIO,6,NO,NO MANTENER LA DISTANCIA PRUDENCIAL CON RESPECTO AL VEHICULO QUE LE ANTECEDE.,CHOQUE POSTERIOR,VEHICULO DEPORTIVO UTILITARIO,1,0,0,0,0,0,0,0,0,0,0,0,1,2,-1,NO IDENTIFICADO,ILESO,CONDUCTOR PRESENTE,NO,NO,3
26754,104832,104833,2021,1,0,-0.182254,-78.490035,PICHINCHA,QUITO,QUITO,URBANA,2021-06-14,19:30:00,19,LUNES,1,JUNIO,6,NO,NO CEDER EL DERECHO DE VIA O PREFERENCIA DE PASO AL PEATON.,ATROPELLOS,CAMIONETA,0,0,0,0,1,0,0,0,0,0,0,0,0,1,31,MUJER,LESIONADO,PEATON,NO,NO,1
26755,104833,104834,2021,0,0,-0.304167,-78.542831,PICHINCHA,QUITO,QUITO,URBANA,2021-06-14,19:38:00,19,LUNES,1,JUNIO,6,NO,"CONDUCIR EN ESTADO DE SOMNOLENCIA O MALAS CONDICIONES FISICAS (SUENIO, CANSANCIO Y FATIGA).",CHOQUE FRONTAL,AUTOMOVIL,2,0,0,0,0,0,0,0,0,0,0,0,0,2,45,MUJER,ILESO,PASAJERO,NO,NO,1
26756,104840,104841,2021,1,0,-0.296879,-78.552792,PICHINCHA,QUITO,QUITO,URBANA,2021-06-15,00:03:00,0,MARTES,2,JUNIO,6,NO,"CONDICIONES AMBIENTALES Y/O ATMOSFERICAS (NIEBLA, NEBLINA, GRANIZO, LLUVIA).",PERDIDA DE CARRIL,MOTOCICLETA,0,0,0,0,0,0,0,0,1,0,0,0,0,1,22,HOMBRE,LESIONADO,CONDUCTOR PRESENTE,NO,NO,1
26757,104851,104852,2021,1,0,-0.252168,-78.539221,PICHINCHA,QUITO,QUITO,URBANA,2021-06-15,07:40:00,7,MARTES,2,JUNIO,6,NO,PEATON QUE CRUZA LA CALZADA SIN RESPETAR LA SENIALIZACION EXISTENTE (SEMAFOROS O SENIALES MANUALES).,ATROPELLOS,MOTOCICLETA,0,0,0,0,0,0,0,0,1,0,0,0,0,1,31,MUJER,LESIONADO,PEATON,NO,NO,1
26758,104853,104854,2021,0,0,-0.197858,-78.510945,PICHINCHA,QUITO,QUITO,URBANA,2021-06-15,08:30:00,8,MARTES,2,JUNIO,6,NO,"CONDICIONES AMBIENTALES Y/O ATMOSFERICAS (NIEBLA, NEBLINA, GRANIZO, LLUVIA).",CHOQUE LATERAL,AUTOMOVIL,1,0,1,0,0,0,0,0,0,0,0,0,0,2,45,HOMBRE,ILESO,CONDUCTOR PRESENTE,NO,NO,1
26759,104856,104857,2021,0,0,-0.000735,-78.453018,PICHINCHA,QUITO,SAN ANTONIO (QUITO),RURAL,2021-06-15,10:30:00,10,MARTES,2,JUNIO,6,NO,"MAL ESTACIONADO - EL CONDUCTOR QUE DETENGA O ESTACIONE VEHICULOS EN SITIOS O ZONAS QUE ENTRANIEN PELIGRO, TALES COMO ZONA DE SEGURIDAD, CURVAS, PUENTES, TUNELES, PENDIENTES.",CHOQUE POSTERIOR,CAMION,0,0,0,1,0,0,0,0,0,0,0,0,1,2,36,HOMBRE,ILESO,CONDUCTOR PRESENTE,NO,SI,3
26760,104860,104861,2021,2,0,-0.303814,-78.544977,PICHINCHA,QUITO,QUITO,URBANA,2021-06-15,13:40:00,13,MARTES,2,JUNIO,6,NO,CONDUCIR VEHICULO SUPERANDO LOS LIMITES MAXIMOS DE VELOCIDAD.,CHOQUE LATERAL,CAMIONETA,0,0,0,0,1,0,0,0,1,0,0,0,0,2,20,MUJER,LESIONADO,PASAJERO,NO,NO,1
26761,104864,104865,2021,2,0,-0.153396,-78.484496,PICHINCHA,QUITO,QUITO,URBANA,2021-06-15,14:30:00,14,MARTES,2,JUNIO,6,NO,"NO RESPETAR LAS SENIALES REGLAMENTARIAS DE TRANSITO. (PARE, CEDA EL PASO, LUZ ROJA DEL SEMAFORO, ETC).",CHOQUE POSTERIOR,AUTOMOVIL,1,0,0,0,0,0,0,0,1,0,0,0,0,2,24,MUJER,LESIONADO,CONDUCTOR PRESENTE,NO,NO,1
26762,104866,104867,2021,1,0,-0.165535,-78.476786,PICHINCHA,QUITO,QUITO,URBANA,2021-06-15,15:35:00,15,MARTES,2,JUNIO,6,NO,CONDUCIR VEHICULO SUPERANDO LOS LIMITES MAXIMOS DE VELOCIDAD.,OTROS,AUTOMOVIL,1,0,0,0,1,0,0,0,0,0,0,0,0,2,25,MUJER,LESIONADO,CONDUCTOR PRESENTE,NO,NO,1
26763,104876,104877,2021,0,1,-0.291069,-78.545923,PICHINCHA,QUITO,QUITO,URBANA,2021-06-15,20:05:00,20,MARTES,2,JUNIO,6,NO,CONDUCIR VEHICULO SUPERANDO LOS LIMITES MAXIMOS DE VELOCIDAD.,ESTRELLAMIENTOS,MOTOCICLETA,0,0,0,0,0,0,0,0,1,0,0,0,0,1,22,HOMBRE,FALLECIDO,CONDUCTOR PRESENTE,NO,NO,1
26764,104877,104878,2021,0,0,-0.304714,-78.416503,PICHINCHA,QUITO,ALANGASI,RURAL,2021-06-15,20:30:00,20,MARTES,2,JUNIO,6,NO,"CONDICIONES AMBIENTALES Y/O ATMOSFERICAS (NIEBLA, NEBLINA, GRANIZO, LLUVIA).",ESTRELLAMIENTOS,MOTOCICLETA,0,0,0,0,0,0,0,0,1,0,0,0,0,1,26,HOMBRE,ILESO,PASAJERO,NO,NO,3
26765,104894,104895,2021,0,0,-0.146233,-78.478141,PICHINCHA,QUITO,QUITO,URBANA,2021-06-16,10:05:00,10,MIERCOLES,3,JUNIO,6,NO,"NO RESPETAR LAS SENIALES REGLAMENTARIAS DE TRANSITO. (PARE, CEDA EL PASO, LUZ ROJA DEL SEMAFORO, ETC).",CHOQUE LATERAL,AUTOMOVIL,2,0,0,0,0,0,0,0,0,0,0,0,0,2,31,MUJER,ILESO,PASAJERO,NO,NO,1
26766,104895,104896,2021,1,0,-0.206664,-78.500979,PICHINCHA,QUITO,QUITO,URBANA,2021-06-16,11:10:00,11,MIERCOLES,3,JUNIO,6,NO,"NO RESPETAR LAS SENIALES REGLAMENTARIAS DE TRANSITO. (PARE, CEDA EL PASO, LUZ ROJA DEL SEMAFORO, ETC).",CHOQUE LATERAL,MOTOCICLETA,1,0,0,0,0,0,0,0,1,0,0,0,0,2,35,HOMBRE,LESIONADO,CONDUCTOR PRESENTE,NO,NO,1
26767,104900,104901,2021,0,0,-0.260061,-78.546846,PICHINCHA,QUITO,QUITO,URBANA,2021-06-16,14:50:00,14,MIERCOLES,3,JUNIO,6,NO,CONDUCIR VEHICULO SUPERANDO LOS LIMITES MAXIMOS DE VELOCIDAD.,ESTRELLAMIENTOS,AUTOMOVIL,2,0,0,0,0,0,0,0,1,0,0,0,0,3,28,HOMBRE,ILESO,CONDUCTOR PRESENTE,NO,NO,1
26768,104903,104904,2021,0,0,-0.300356,-78.535544,PICHINCHA,QUITO,QUITO,URBANA,2021-06-16,16:00:00,16,MIERCOLES,3,JUNIO,6,NO,CONDUCIR VEHICULO SUPERANDO LOS LIMITES MAXIMOS DE VELOCIDAD.,ESTRELLAMIENTOS,FURGONETA,0,0,0,0,0,0,0,1,0,0,0,0,0,1,-1,NO IDENTIFICADO,NO IDENTIFICADO,CONDUCTOR AUSENTE,NO,NO,2
26769,104905,104906,2021,0,0,-0.169203,-78.485201,PICHINCHA,QUITO,QUITO,URBANA,2021-06-16,16:05:00,16,MIERCOLES,3,JUNIO,6,NO,"NO RESPETAR LAS SENIALES REGLAMENTARIAS DE TRANSITO. (PARE, CEDA EL PASO, LUZ ROJA DEL SEMAFORO, ETC).",CHOQUE LATERAL,AUTOMOVIL,2,0,0,0,0,0,0,0,0,0,0,0,0,2,27,HOMBRE,ILESO,CONDUCTOR PRESENTE,NO,NO,1
26770,104907,104908,2021,1,0,-0.280982,-78.516477,PICHINCHA,QUITO,QUITO,RURAL,2021-06-16,16:30:00,16,MIERCOLES,3,JUNIO,6,NO,CONDUCIR VEHICULO SUPERANDO LOS LIMITES MAXIMOS DE VELOCIDAD.,CHOQUE LATERAL,MOTOCICLETA,0,0,0,0,1,0,0,0,1,0,0,0,0,2,28,HOMBRE,LESIONADO,CONDUCTOR PRESENTE,NO,NO,3
26771,104917,104918,2021,1,0,-0.257003,-78.484904,PICHINCHA,QUITO,CONOCOTO,RURAL,2021-06-16,19:00:00,19,MIERCOLES,3,JUNIO,6,NO,"CONDUCIR DESATENTO A LAS CONDICIONES DE TRANSITO (CELULAR, PANTALLAS DE VIDEO, COMIDA, MAQUILLAJE O CUALQUIER OTRO ELEMENTO DISTRACTOR).",CHOQUE POSTERIOR,MOTOCICLETA,0,0,0,0,0,0,0,0,1,0,0,0,1,2,23,HOMBRE,LESIONADO,CONDUCTOR PRESENTE,NO,SI,3
26772,104930,104931,2021,0,0,-0.120424,-78.415686,PICHINCHA,QUITO,CALDERON (CARAPUNGO),RURAL,2021-06-17,00:50:00,0,JUEVES,4,JUNIO,6,NO,"CONDUCE BAJO LA INFLUENCIA DE ALCOHOL, SUSTANCIAS ESTUPEFACIENTES O PSICOTROPICAS Y/O MEDICAMENTOS.",CHOQUE LATERAL,AUTOMOVIL,2,0,0,0,0,0,0,0,0,0,0,0,0,2,60,HOMBRE,ILESO,CONDUCTOR PRESENTE,NO,NO,3
26773,104933,104934,2021,0,0,-0.237703,-78.484036,PICHINCHA,QUITO,QUITO,RURAL,2021-06-17,04:00:00,4,JUEVES,4,JUNIO,6,NO,"FALLA MECANICA EN LOS SISTEMAS Y/O NEUMATICOS (SISTEMA DE FRENOS, DIRECCION, ELECTRONICO O MECANICO).",ESTRELLAMIENTOS,CAMIONETA,0,0,0,0,1,0,0,0,0,0,0,0,0,1,33,MUJER,ILESO,PASAJERO,NO,NO,3
26774,104934,104935,2021,1,0,-0.328831,-78.560625,PICHINCHA,QUITO,QUITO,URBANA,2021-06-17,04:40:00,4,JUEVES,4,JUNIO,6,NO,CONDUCIR VEHICULO SUPERANDO LOS LIMITES MAXIMOS DE VELOCIDAD.,ESTRELLAMIENTOS,AUTOMOVIL,1,0,0,0,0,0,0,0,0,0,0,0,0,1,21,HOMBRE,LESIONADO,PASAJERO,NO,NO,1
26775,104935,104936,2021,0,0,-0.225891,-78.519491,PICHINCHA,QUITO,QUITO,URBANA,2021-06-17,07:00:00,7,JUEVES,4,JUNIO,6,NO,"CONDUCE BAJO LA INFLUENCIA DE ALCOHOL, SUSTANCIAS ESTUPEFACIENTES O PSICOTROPICAS Y/O MEDICAMENTOS.",CHOQUE LATERAL,AUTOMOVIL,2,0,0,0,0,0,0,0,0,0,0,0,0,2,40,MUJER,ILESO,CONDUCTOR PRESENTE,NO,NO,1
26776,104936,104937,2021,0,0,-0.143177,-78.496303,PICHINCHA,QUITO,QUITO,URBANA,2021-06-17,07:00:00,7,JUEVES,4,JUNIO,6,NO,"FALLA MECANICA EN LOS SISTEMAS Y/O NEUMATICOS (SISTEMA DE FRENOS, DIRECCION, ELECTRONICO O MECANICO).",ESTRELLAMIENTOS,CAMIONETA,0,0,0,0,1,0,0,0,0,0,0,0,0,1,48,HOMBRE,ILESO,CONDUCTOR PRESENTE,NO,NO,1
26777,104983,104984,2021,0,4,-0.199767,-78.428809,PICHINCHA,QUITO,CUMBAYA,RURAL,2021-06-17,22:30:00,22,JUEVES,4,JUNIO,6,NO,CONDUCIR VEHICULO SUPERANDO LOS LIMITES MAXIMOS DE VELOCIDAD.,ESTRELLAMIENTOS,AUTOMOVIL,1,0,0,0,0,0,0,0,0,0,0,0,0,1,22,HOMBRE,FALLECIDO,PASAJERO,NO,NO,3
26778,104990,104991,2021,0,0,-0.258256,-78.529414,PICHINCHA,QUITO,QUITO,URBANA,2021-06-18,00:00:00,0,VIERNES,5,JUNIO,6,NO,"CONDUCE BAJO LA INFLUENCIA DE ALCOHOL, SUSTANCIAS ESTUPEFACIENTES O PSICOTROPICAS Y/O MEDICAMENTOS.",ESTRELLAMIENTOS,AUTOMOVIL,1,0,0,0,0,0,0,0,0,0,0,0,0,1,32,HOMBRE,ILESO,CONDUCTOR PRESENTE,NO,NO,1
26779,104992,104993,2021,0,1,-0.256233,-78.523643,PICHINCHA,QUITO,QUITO,URBANA,2021-06-18,05:14:00,5,VIERNES,5,JUNIO,6,NO,NO TRANSITAR POR LAS ACERAS O ZONAS DE SEGURIDAD DESTINADAS PARA EL EFECTO.,ATROPELLOS,NO IDENTIFICADO,0,0,0,0,0,0,0,0,0,1,0,0,0,1,50,HOMBRE,FALLECIDO,PEATON,NO,NO,1
26780,105005,105006,2021,2,0,-0.111245,-78.478941,PICHINCHA,QUITO,QUITO,URBANA,2021-06-18,11:05:00,11,VIERNES,5,JUNIO,6,NO,PEATON QUE CRUZA LA CALZADA SIN RESPETAR LA SENIALIZACION EXISTENTE (SEMAFOROS O SENIALES MANUALES).,ATROPELLOS,MOTOCICLETA,0,0,0,0,0,0,0,0,1,0,0,0,0,1,69,HOMBRE,LESIONADO,PEATON,NO,NO,1
26781,105010,105011,2021,2,0,-0.188478,-78.447371,PICHINCHA,QUITO,NAYON,RURAL,2021-06-18,13:15:00,13,VIERNES,5,JUNIO,6,NO,"FALLA MECANICA EN LOS SISTEMAS Y/O NEUMATICOS (SISTEMA DE FRENOS, DIRECCION, ELECTRONICO O MECANICO).",CHOQUE LATERAL,AUTOMOVIL,1,0,0,0,1,0,0,0,0,0,0,0,0,2,12,MUJER,LESIONADO,PASAJERO,NO,NO,3
26782,105012,105013,2021,0,0,-0.188478,-78.447371,PICHINCHA,QUITO,NAYON,RURAL,2021-06-18,14:30:00,14,VIERNES,5,JUNIO,6,NO,CONDUCIR VEHICULO SUPERANDO LOS LIMITES MAXIMOS DE VELOCIDAD.,COLISION,BUS,2,0,1,0,0,0,0,0,0,0,0,0,0,3,31,HOMBRE,ILESO,CONDUCTOR PRESENTE,NO,NO,3
26783,105024,105025,2021,0,0,-0.141109,-78.500985,PICHINCHA,QUITO,QUITO,URBANA,2021-06-18,17:00:00,17,VIERNES,5,JUNIO,6,NO,"CONDUCE BAJO LA INFLUENCIA DE ALCOHOL, SUSTANCIAS ESTUPEFACIENTES O PSICOTROPICAS Y/O MEDICAMENTOS.",CHOQUE LATERAL,CAMIONETA,1,0,0,0,1,0,0,0,0,0,0,0,0,2,55,HOMBRE,ILESO,CONDUCTOR PRESENTE,NO,NO,1
26784,105026,105027,2021,29,0,-0.317426,-78.549126,PICHINCHA,QUITO,QUITO,URBANA,2021-06-18,17:35:00,17,VIERNES,5,JUNIO,6,NO,"FALLA MECANICA EN LOS SISTEMAS Y/O NEUMATICOS (SISTEMA DE FRENOS, DIRECCION, ELECTRONICO O MECANICO).",CHOQUE POSTERIOR,BUS,0,0,2,0,0,0,0,0,0,0,0,0,0,2,5,MUJER,LESIONADO,PASAJERO,NO,NO,1
26785,105032,105033,2021,2,0,-0.226486,-78.339567,PICHINCHA,QUITO,PIFO,RURAL,2021-06-18,18:47:00,18,VIERNES,5,JUNIO,6,NO,NO MANTENER LA DISTANCIA PRUDENCIAL CON RESPECTO AL VEHICULO QUE LE ANTECEDE.,CHOQUE POSTERIOR,BUS,1,0,1,0,0,0,0,0,0,0,0,0,0,2,31,HOMBRE,LESIONADO,CONDUCTOR PRESENTE,NO,NO,3
26786,105037,105038,2021,0,0,-0.108629,-78.454011,PICHINCHA,QUITO,CALDERON (CARAPUNGO),RURAL,2021-06-18,19:30:00,19,VIERNES,5,JUNIO,6,NO,NO GUARDAR LA DISTANCIA LATERAL MINIMA DE SEGURIDAD ENTRE VEHICULOS.,ROZAMIENTOS,AUTOMOVIL,2,0,0,0,0,0,0,0,0,0,0,0,0,2,34,HOMBRE,ILESO,CONDUCTOR PRESENTE,NO,NO,3
26787,105042,105043,2021,0,0,-0.201041,-78.428846,PICHINCHA,QUITO,CUMBAYA,RURAL,2021-06-18,20:20:00,20,VIERNES,5,JUNIO,6,NO,"CONDUCE BAJO LA INFLUENCIA DE ALCOHOL, SUSTANCIAS ESTUPEFACIENTES O PSICOTROPICAS Y/O MEDICAMENTOS.",ROZAMIENTOS,AUTOMOVIL,2,0,0,0,0,0,0,0,0,0,0,0,0,2,19,MUJER,ILESO,CONDUCTOR PRESENTE,NO,NO,3
26788,105043,105044,2021,0,0,-0.425791,-78.551799,PICHINCHA,MEJIA,TAMBILLO (MEJIA),RURAL,2021-06-18,20:40:00,20,VIERNES,5,JUNIO,6,NO,"CONDUCIR DESATENTO A LAS CONDICIONES DE TRANSITO (CELULAR, PANTALLAS DE VIDEO, COMIDA, MAQUILLAJE O CUALQUIER OTRO ELEMENTO DISTRACTOR).",ROZAMIENTOS,VEHICULO DEPORTIVO UTILITARIO,0,0,0,1,0,0,0,0,0,0,0,0,1,2,37,HOMBRE,ILESO,CONDUCTOR PRESENTE,NO,SI,3
26789,105053,105054,2021,1,1,-0.308041,-78.560595,PICHINCHA,QUITO,QUITO,URBANA,2021-06-19,02:00:00,2,SABADO,6,JUNIO,6,NO,CONDUCIR VEHICULO SUPERANDO LOS LIMITES MAXIMOS DE VELOCIDAD.,ESTRELLAMIENTOS,MOTOCICLETA,0,0,0,0,0,0,0,0,1,0,0,0,0,1,25,HOMBRE,FALLECIDO,CONDUCTOR PRESENTE,NO,NO,1
26790,105057,105058,2021,0,0,-0.208118,-78.480619,PICHINCHA,QUITO,QUITO,URBANA,2021-06-19,02:45:00,2,SABADO,6,JUNIO,6,NO,CONDUCIR VEHICULO SUPERANDO LOS LIMITES MAXIMOS DE VELOCIDAD.,VOLCAMIENTOS,AUTOMOVIL,1,0,0,0,0,0,0,0,0,0,0,0,0,1,17,MUJER,ILESO,PASAJERO,NO,NO,1
26791,105070,105071,2021,0,0,-0.313036,-78.546123,PICHINCHA,QUITO,QUITO,URBANA,2021-06-19,08:15:00,8,SABADO,6,JUNIO,6,NO,NO CEDER EL DERECHO DE VIA O PREFERENCIA DE PASO A VEHICULOS.,CHOQUE LATERAL,AUTOMOVIL,2,0,0,0,0,0,0,0,0,0,0,0,0,2,32,HOMBRE,ILESO,CONDUCTOR PRESENTE,NO,NO,1
26792,105073,105074,2021,0,0,-0.292253,-78.544063,PICHINCHA,QUITO,QUITO,URBANA,2021-06-19,10:00:00,10,SABADO,6,JUNIO,6,NO,"CONDUCE BAJO LA INFLUENCIA DE ALCOHOL, SUSTANCIAS ESTUPEFACIENTES O PSICOTROPICAS Y/O MEDICAMENTOS.",ESTRELLAMIENTOS,AUTOMOVIL,2,0,0,0,0,0,0,0,0,0,0,0,0,2,28,HOMBRE,ILESO,CONDUCTOR PRESENTE,NO,NO,1
26793,105079,105080,2021,0,0,-0.298454,-78.520673,PICHINCHA,QUITO,QUITO,URBANA,2021-06-19,11:44:00,11,SABADO,6,JUNIO,6,NO,CONDUCIR VEHICULO SUPERANDO LOS LIMITES MAXIMOS DE VELOCIDAD.,COLISION,AUTOMOVIL,2,0,0,0,1,0,0,0,0,0,0,0,0,3,45,HOMBRE,ILESO,CONDUCTOR PRESENTE,NO,NO,1