,Unnamed: 0,ID,ANIO,LESIONADOS,FALLECIDOS,LATITUD_Y,LONGITUD_X,PROVINCIA,CANTON,PARROQUIA,ZONA,FECHA,HORA,PERIODO_2,DIA_1,DIA_2,MES_1,MES_2,FERIADO,CAUSA_PROBABLE,TIPO_DE_SINIESTRO,TIPO_DE_VEHICULO_1,AUTOMOVIL,BICICLETA,BUS,CAMION,CAMIONETA,EMERGENCIAS,ESPECIAL,FURGONETA,MOTOCICLETA,NO_IDENTIFICADO,SCOOTER_ELECTRICO,TRICIMOTO,VEHICULO_DEPORTIVO_UTILITARIO,SUMA_DE_VEHICULOS,EDAD_1,SEXO_1,CONDICION_1,PARTICIPANTE_1,CASCO_1,CINTURON_1,KMeans_Cluster
26794,105082,105083,2021,0,0,-0.268411,-78.532193,PICHINCHA,QUITO,QUITO,URBANA,2021-06-19,12:30:00,12,SABADO,6,JUNIO,6,NO,NO CEDER EL DERECHO DE VIA O PREFERENCIA DE PASO A VEHICULOS.,CHOQUE LATERAL,AUTOMOVIL,2,0,0,0,0,0,0,0,0,0,0,0,0,2,30,MUJER,ILESO,CONDUCTOR PRESENTE,NO,NO,1
26795,105110,105111,2021,1,0,-0.258215,-78.541309,PICHINCHA,QUITO,QUITO,URBANA,2021-06-19,19:39:00,19,SABADO,6,JUNIO,6,NO,NO TRANSITAR POR LAS ACERAS O ZONAS DE SEGURIDAD DESTINADAS PARA EL EFECTO.,ATROPELLOS,AUTOMOVIL,1,0,0,0,0,0,0,0,0,0,0,0,0,1,43,MUJER,LESIONADO,PEATON,NO,NO,1
26796,105133,105134,2021,0,0,-0.328479,-78.522294,PICHINCHA,QUITO,QUITO,URBANA,2021-06-19,23:10:00,23,SABADO,6,JUNIO,6,NO,"CONDUCE BAJO LA INFLUENCIA DE ALCOHOL, SUSTANCIAS ESTUPEFACIENTES O PSICOTROPICAS Y/O MEDICAMENTOS.",CHOQUE POSTERIOR,AUTOMOVIL,2,0,0,0,0,0,0,0,0,0,0,0,0,2,27,HOMBRE,ILESO,CONDUCTOR PRESENTE,NO,NO,1
26797,105137,105138,2021,0,0,-0.273202,-78.552353,PICHINCHA,QUITO,QUITO,URBANA,2021-06-20,00:30:00,0,DOMINGO,7,JUNIO,6,NO,CONDUCIR VEHICULO SUPERANDO LOS LIMITES MAXIMOS DE VELOCIDAD.,ESTRELLAMIENTOS,AUTOMOVIL,1,0,0,0,0,0,0,0,0,0,0,0,0,1,-1,NO IDENTIFICADO,NO IDENTIFICADO,CONDUCTOR AUSENTE,NO,NO,2
26798,105142,105143,2021,1,0,0.036466,-78.248567,PICHINCHA,PEDRO MONCAYO,LA ESPERANZA (PEDRO MONCAYO),RURAL,2021-06-20,01:30:00,1,DOMINGO,7,JUNIO,6,NO,"CONDUCIR DESATENTO A LAS CONDICIONES DE TRANSITO (CELULAR, PANTALLAS DE VIDEO, COMIDA, MAQUILLAJE O CUALQUIER OTRO ELEMENTO DISTRACTOR).",ROZAMIENTOS,CAMIONETA,1,0,0,0,1,0,0,0,0,0,0,0,0,2,42,HOMBRE,LESIONADO,PASAJERO,NO,SI,3
26799,105146,105147,2021,2,0,-0.113332,-78.462952,PICHINCHA,QUITO,QUITO,URBANA,2021-06-20,02:40:00,2,DOMINGO,7,JUNIO,6,NO,"CONDUCE BAJO LA INFLUENCIA DE ALCOHOL, SUSTANCIAS ESTUPEFACIENTES O PSICOTROPICAS Y/O MEDICAMENTOS.",ATROPELLOS,AUTOMOVIL,1,0,0,0,0,0,0,0,0,0,0,0,0,1,31,MUJER,LESIONADO,PEATON,NO,NO,1
26800,105147,105148,2021,1,0,-0.571801,-78.594231,PICHINCHA,MEJIA,ALOASI,RURAL,2021-06-20,02:40:00,2,DOMINGO,7,JUNIO,6,NO,"CONDUCIR DESATENTO A LAS CONDICIONES DE TRANSITO (CELULAR, PANTALLAS DE VIDEO, COMIDA, MAQUILLAJE O CUALQUIER OTRO ELEMENTO DISTRACTOR).",ROZAMIENTOS,AUTOMOVIL,1,0,0,0,0,0,0,0,0,0,0,0,1,2,42,HOMBRE,LESIONADO,CONDUCTOR PRESENTE,NO,SI,3
26801,105172,105173,2021,1,0,-0.211248,-78.534643,PICHINCHA,QUITO,QUITO,URBANA,2021-06-20,10:00:00,10,DOMINGO,7,JUNIO,6,NO,"NO RESPETAR LAS SENIALES REGLAMENTARIAS DE TRANSITO. (PARE, CEDA EL PASO, LUZ ROJA DEL SEMAFORO, ETC).",CHOQUE LATERAL,AUTOMOVIL,1,0,0,0,0,0,0,0,1,0,0,0,0,2,22,HOMBRE,LESIONADO,CONDUCTOR PRESENTE,NO,NO,1
26802,105178,105179,2021,0,0,-0.215272,-78.517342,PICHINCHA,QUITO,QUITO,URBANA,2021-06-20,12:35:00,12,DOMINGO,7,JUNIO,6,NO,"NO RESPETAR LAS SENIALES REGLAMENTARIAS DE TRANSITO. (PARE, CEDA EL PASO, LUZ ROJA DEL SEMAFORO, ETC).",CHOQUE LATERAL,AUTOMOVIL,2,0,0,0,0,0,0,0,0,0,0,0,0,2,67,HOMBRE,ILESO,CONDUCTOR PRESENTE,NO,NO,1
26803,105185,105186,2021,0,0,0.001056,-78.458501,PICHINCHA,QUITO,SAN ANTONIO (QUITO),URBANA,2021-06-20,13:30:00,13,DOMINGO,7,JUNIO,6,NO,"CONDUCIR DESATENTO A LAS CONDICIONES DE TRANSITO (CELULAR, PANTALLAS DE VIDEO, COMIDA, MAQUILLAJE O CUALQUIER OTRO ELEMENTO DISTRACTOR).",CHOQUE LATERAL,AUTOMOVIL,2,0,0,0,0,0,0,0,0,0,0,0,0,2,40,HOMBRE,ILESO,CONDUCTOR PRESENTE,NO,SI,1
26804,105190,105191,2021,1,0,-0.102998,-78.425573,PICHINCHA,QUITO,CALDERON (CARAPUNGO),RURAL,2021-06-20,15:00:00,15,DOMINGO,7,JUNIO,6,NO,"CONDUCE BAJO LA INFLUENCIA DE ALCOHOL, SUSTANCIAS ESTUPEFACIENTES O PSICOTROPICAS Y/O MEDICAMENTOS.",CHOQUE LATERAL,AUTOMOVIL,2,0,0,0,0,0,0,0,0,0,0,0,0,2,46,HOMBRE,LESIONADO,CONDUCTOR PRESENTE,NO,NO,3
26805,105192,105193,2021,0,0,-0.298057,-78.572645,PICHINCHA,QUITO,QUITO,URBANA,2021-06-20,15:50:00,15,DOMINGO,7,JUNIO,6,NO,CONDUCIR VEHICULO SUPERANDO LOS LIMITES MAXIMOS DE VELOCIDAD.,ESTRELLAMIENTOS,AUTOMOVIL,1,0,0,0,0,0,0,0,0,0,0,0,0,1,-1,NO IDENTIFICADO,NO IDENTIFICADO,CONDUCTOR AUSENTE,NO,NO,2
26806,105194,105195,2021,0,0,-0.019103,-78.452525,PICHINCHA,QUITO,SAN ANTONIO (QUITO),RURAL,2021-06-20,15:50:00,15,DOMINGO,7,JUNIO,6,NO,"CONDUCIR DESATENTO A LAS CONDICIONES DE TRANSITO (CELULAR, PANTALLAS DE VIDEO, COMIDA, MAQUILLAJE O CUALQUIER OTRO ELEMENTO DISTRACTOR).",ESTRELLAMIENTOS,AUTOMOVIL,1,0,0,0,0,0,0,0,0,0,0,0,0,1,34,HOMBRE,ILESO,CONDUCTOR PRESENTE,NO,SI,3
26807,105195,105196,2021,6,0,-0.032539,-78.271915,PICHINCHA,CAYAMBE,SANTA ROSA DE CUZUBAMBA,RURAL,2021-06-20,16:00:00,16,DOMINGO,7,JUNIO,6,NO,"CONDUCE BAJO LA INFLUENCIA DE ALCOHOL, SUSTANCIAS ESTUPEFACIENTES O PSICOTROPICAS Y/O MEDICAMENTOS.",CHOQUE FRONTAL,AUTOMOVIL,2,0,0,0,0,0,0,0,0,0,0,0,1,3,3,HOMBRE,LESIONADO,PASAJERO,NO,SI,3
26808,105199,105200,2021,2,0,-0.070157,-78.475635,PICHINCHA,QUITO,POMASQUI,RURAL,2021-06-20,17:00:00,17,DOMINGO,7,JUNIO,6,NO,"CONDUCE BAJO LA INFLUENCIA DE ALCOHOL, SUSTANCIAS ESTUPEFACIENTES O PSICOTROPICAS Y/O MEDICAMENTOS.",PERDIDA DE CARRIL,MOTOCICLETA,0,0,0,0,0,0,0,0,1,0,0,0,0,1,26,MUJER,LESIONADO,PASAJERO,NO,NO,3
26809,105203,105204,2021,0,0,-0.256119,-78.544645,PICHINCHA,QUITO,QUITO,URBANA,2021-06-20,17:30:00,17,DOMINGO,7,JUNIO,6,NO,CONDUCIR VEHICULO SUPERANDO LOS LIMITES MAXIMOS DE VELOCIDAD.,ESTRELLAMIENTOS,AUTOMOVIL,1,0,0,0,0,0,0,0,0,0,0,0,0,1,-1,NO IDENTIFICADO,NO IDENTIFICADO,CONDUCTOR AUSENTE,NO,NO,2
26810,105205,105206,2021,2,0,-0.101208,-78.448001,PICHINCHA,QUITO,CALDERON (CARAPUNGO),RURAL,2021-06-20,18:00:00,18,DOMINGO,7,JUNIO,6,NO,"CONDUCE BAJO LA INFLUENCIA DE ALCOHOL, SUSTANCIAS ESTUPEFACIENTES O PSICOTROPICAS Y/O MEDICAMENTOS.",CHOQUE POSTERIOR,MOTOCICLETA,1,0,0,0,0,0,0,0,1,0,0,0,0,2,29,MUJER,LESIONADO,PASAJERO,NO,NO,3
26811,105222,105223,2021,1,0,-0.233749,-78.508795,PICHINCHA,QUITO,QUITO,URBANA,2021-06-20,21:10:00,21,DOMINGO,7,JUNIO,6,NO,NO CEDER EL DERECHO DE VIA O PREFERENCIA DE PASO AL PEATON.,ATROPELLOS,NO IDENTIFICADO,0,0,0,0,0,0,0,0,0,1,0,0,0,1,33,HOMBRE,LESIONADO,PEATON,NO,NO,1
26812,105229,105230,2021,0,1,-0.287778,-78.520001,PICHINCHA,QUITO,QUITO,URBANA,2021-06-20,22:00:00,22,DOMINGO,7,JUNIO,6,NO,"CONDICIONES AMBIENTALES Y/O ATMOSFERICAS (NIEBLA, NEBLINA, GRANIZO, LLUVIA).",ATROPELLOS,NO IDENTIFICADO,0,0,0,0,0,0,0,0,0,1,0,0,0,1,41,HOMBRE,FALLECIDO,PEATON,NO,NO,1
26813,105235,105236,2021,1,1,-0.117705,-78.467804,PICHINCHA,QUITO,QUITO,URBANA,2021-06-21,00:44:00,0,LUNES,1,JUNIO,6,NO,CONDUCIR VEHICULO SUPERANDO LOS LIMITES MAXIMOS DE VELOCIDAD.,OTROS,NO IDENTIFICADO,0,0,0,0,0,0,0,0,0,1,0,0,0,1,22,HOMBRE,FALLECIDO,PASAJERO,NO,NO,1
26814,105243,105244,2021,0,0,-0.201667,-78.476303,PICHINCHA,QUITO,QUITO,URBANA,2021-06-21,04:20:00,4,LUNES,1,JUNIO,6,NO,"CONDUCE BAJO LA INFLUENCIA DE ALCOHOL, SUSTANCIAS ESTUPEFACIENTES O PSICOTROPICAS Y/O MEDICAMENTOS.",CHOQUE LATERAL,AUTOMOVIL,2,0,0,0,0,0,0,0,0,0,0,0,0,2,21,HOMBRE,ILESO,CONDUCTOR PRESENTE,NO,NO,1
26815,105255,105256,2021,1,0,-0.176549,-78.481391,PICHINCHA,QUITO,QUITO,URBANA,2021-06-21,09:20:00,9,LUNES,1,JUNIO,6,NO,PEATON QUE CRUZA LA CALZADA SIN RESPETAR LA SENIALIZACION EXISTENTE (SEMAFOROS O SENIALES MANUALES).,ATROPELLOS,CAMIONETA,0,0,0,0,1,0,0,0,0,0,0,0,0,1,64,HOMBRE,LESIONADO,PEATON,NO,NO,1
26816,105259,105260,2021,1,0,-0.227116,-78.506847,PICHINCHA,QUITO,QUITO,URBANA,2021-06-21,12:30:00,12,LUNES,1,JUNIO,6,NO,DEJAR O RECOGER PASAJEROS EN LUGARES NO PERMITIDOS.,CAIDA DE PASAJERO,BUS,0,0,1,0,0,0,0,0,0,0,0,0,0,1,65,HOMBRE,LESIONADO,PASAJERO,NO,NO,1
26817,105264,105265,2021,0,0,-0.137421,-78.500934,PICHINCHA,QUITO,QUITO,URBANA,2021-06-21,14:00:00,14,LUNES,1,JUNIO,6,NO,NO CEDER EL DERECHO DE VIA O PREFERENCIA DE PASO A VEHICULOS.,CHOQUE LATERAL,AUTOMOVIL,2,0,0,0,0,0,0,0,0,0,0,0,0,2,28,MUJER,ILESO,PASAJERO,NO,NO,1
26818,105284,105285,2021,0,0,-0.206523,-78.512161,PICHINCHA,QUITO,QUITO,URBANA,2021-06-21,23:30:00,23,LUNES,1,JUNIO,6,NO,CONDUCIR VEHICULO SUPERANDO LOS LIMITES MAXIMOS DE VELOCIDAD.,ESTRELLAMIENTOS,CAMIONETA,0,0,0,0,1,0,0,0,0,0,0,0,0,1,-1,NO IDENTIFICADO,NO IDENTIFICADO,CONDUCTOR AUSENTE,NO,NO,2
26819,105288,105289,2021,1,0,-0.278454,-78.552583,PICHINCHA,QUITO,QUITO,URBANA,2021-06-22,06:30:00,6,MARTES,2,JUNIO,6,NO,NO CEDER EL DERECHO DE VIA O PREFERENCIA DE PASO A VEHICULOS.,OTROS,MOTOCICLETA,1,0,0,0,0,0,0,0,1,0,0,0,0,2,28,HOMBRE,LESIONADO,CONDUCTOR PRESENTE,NO,NO,1
26820,105296,105297,2021,0,0,-0.214777,-78.378575,PICHINCHA,QUITO,TUMBACO,RURAL,2021-06-22,13:40:00,13,MARTES,2,JUNIO,6,NO,"FALLA MECANICA EN LOS SISTEMAS Y/O NEUMATICOS (SISTEMA DE FRENOS, DIRECCION, ELECTRONICO O MECANICO).",ESTRELLAMIENTOS,CAMION,0,0,0,1,0,0,0,0,0,0,0,0,0,1,44,HOMBRE,ILESO,CONDUCTOR PRESENTE,NO,NO,3
26821,105314,105315,2021,1,0,-0.361484,-78.472011,PICHINCHA,RUMINIAHUI,SANGOLQUI,RURAL,2021-06-22,18:15:00,18,MARTES,2,JUNIO,6,NO,"CONDUCIR DESATENTO A LAS CONDICIONES DE TRANSITO (CELULAR, PANTALLAS DE VIDEO, COMIDA, MAQUILLAJE O CUALQUIER OTRO ELEMENTO DISTRACTOR).",CHOQUE LATERAL,MOTOCICLETA,0,0,0,1,0,0,0,0,1,0,0,0,0,2,26,HOMBRE,LESIONADO,CONDUCTOR PRESENTE,NO,SI,3
26822,105323,105324,2021,0,1,0.289156,-79.272251,PICHINCHA,PUERTO QUITO,PUERTO QUITO,RURAL,2021-06-23,03:00:00,3,MIERCOLES,3,JUNIO,6,NO,"CONDUCIR DESATENTO A LAS CONDICIONES DE TRANSITO (CELULAR, PANTALLAS DE VIDEO, COMIDA, MAQUILLAJE O CUALQUIER OTRO ELEMENTO DISTRACTOR).",PERDIDA DE CARRIL,MOTOCICLETA,0,0,0,0,0,0,0,0,1,0,0,0,0,1,39,HOMBRE,FALLECIDO,PASAJERO,NO,SI,3
26823,105325,105326,2021,0,2,-0.450859,-78.559781,PICHINCHA,MEJIA,ALOAG,RURAL,2021-06-23,05:20:00,5,MIERCOLES,3,JUNIO,6,NO,"CONDUCIR DESATENTO A LAS CONDICIONES DE TRANSITO (CELULAR, PANTALLAS DE VIDEO, COMIDA, MAQUILLAJE O CUALQUIER OTRO ELEMENTO DISTRACTOR).",CHOQUE LATERAL,NO IDENTIFICADO,0,0,0,0,0,0,0,0,0,1,0,0,0,1,27,HOMBRE,FALLECIDO,PASAJERO,NO,SI,3
26824,105327,105328,2021,0,0,-0.204592,-78.455985,PICHINCHA,QUITO,QUITO,URBANA,2021-06-23,06:45:00,6,MIERCOLES,3,JUNIO,6,NO,"CONDICIONES AMBIENTALES Y/O ATMOSFERICAS (NIEBLA, NEBLINA, GRANIZO, LLUVIA).",ESTRELLAMIENTOS,AUTOMOVIL,1,0,0,0,0,0,0,1,0,0,0,0,0,2,31,HOMBRE,ILESO,CONDUCTOR PRESENTE,NO,NO,1
26825,105329,105330,2021,0,0,-0.237413,-78.484394,PICHINCHA,QUITO,QUITO,URBANA,2021-06-23,08:20:00,8,MIERCOLES,3,JUNIO,6,NO,CONDUCIR VEHICULO SUPERANDO LOS LIMITES MAXIMOS DE VELOCIDAD.,COLISION,AUTOMOVIL,3,0,0,0,0,0,0,0,0,0,0,0,0,3,20,MUJER,ILESO,CONDUCTOR PRESENTE,NO,NO,1
26826,105330,105331,2021,0,0,-0.133549,-78.500783,PICHINCHA,QUITO,QUITO,URBANA,2021-06-23,08:25:00,8,MIERCOLES,3,JUNIO,6,NO,"NO RESPETAR LAS SENIALES REGLAMENTARIAS DE TRANSITO. (PARE, CEDA EL PASO, LUZ ROJA DEL SEMAFORO, ETC).",CHOQUE LATERAL,AUTOMOVIL,2,0,0,0,0,0,0,0,0,0,0,0,0,2,39,MUJER,ILESO,CONDUCTOR PRESENTE,NO,NO,1
26827,105332,105333,2021,1,0,-0.163058,-78.475467,PICHINCHA,QUITO,QUITO,URBANA,2021-06-23,10:00:00,10,MIERCOLES,3,JUNIO,6,NO,"FALLA MECANICA EN LOS SISTEMAS Y/O NEUMATICOS (SISTEMA DE FRENOS, DIRECCION, ELECTRONICO O MECANICO).",OTROS,BUS,0,0,1,0,0,0,0,0,0,0,0,0,0,1,28,MUJER,LESIONADO,PASAJERO,NO,NO,1
26828,105347,105348,2021,0,0,-0.337659,-78.434193,PICHINCHA,RUMINIAHUI,SANGOLQUI,RURAL,2021-06-23,16:45:00,16,MIERCOLES,3,JUNIO,6,NO,CONDUCIR VEHICULO SUPERANDO LOS LIMITES MAXIMOS DE VELOCIDAD.,COLISION,VEHICULO DEPORTIVO UTILITARIO,1,0,0,0,1,0,0,0,0,0,0,0,1,3,61,HOMBRE,ILESO,CONDUCTOR PRESENTE,NO,SI,3
26829,105352,105353,2021,1,0,-0.318871,-78.560901,PICHINCHA,QUITO,QUITO,URBANA,2021-06-23,17:30:00,17,MIERCOLES,3,JUNIO,6,NO,CONDUCIR VEHICULO SUPERANDO LOS LIMITES MAXIMOS DE VELOCIDAD.,PERDIDA DE CARRIL,AUTOMOVIL,1,0,0,0,0,0,0,0,0,0,0,0,0,1,22,MUJER,LESIONADO,CONDUCTOR PRESENTE,NO,NO,1
26830,105364,105365,2021,0,0,-0.119364,-78.471343,PICHINCHA,QUITO,QUITO,URBANA,2021-06-23,23:10:00,23,MIERCOLES,3,JUNIO,6,NO,CONDUCIR VEHICULO SUPERANDO LOS LIMITES MAXIMOS DE VELOCIDAD.,ESTRELLAMIENTOS,CAMIONETA,0,0,0,0,1,0,0,0,0,0,0,0,0,1,-1,NO IDENTIFICADO,NO IDENTIFICADO,CONDUCTOR AUSENTE,NO,NO,2
26831,105369,105370,2021,0,0,-0.211402,-78.376174,PICHINCHA,QUITO,TUMBACO,RURAL,2021-06-24,05:45:00,5,JUEVES,4,JUNIO,6,NO,CONDUCIR VEHICULO SUPERANDO LOS LIMITES MAXIMOS DE VELOCIDAD.,VOLCAMIENTOS,AUTOMOVIL,1,0,0,0,0,0,0,0,0,0,0,0,0,1,-1,NO IDENTIFICADO,NO IDENTIFICADO,CONDUCTOR AUSENTE,NO,NO,2
26832,105371,105372,2021,1,0,-0.314782,-78.442091,PICHINCHA,RUMINIAHUI,SANGOLQUI,RURAL,2021-06-24,06:50:00,6,JUEVES,4,JUNIO,6,NO,"CONDUCIR DESATENTO A LAS CONDICIONES DE TRANSITO (CELULAR, PANTALLAS DE VIDEO, COMIDA, MAQUILLAJE O CUALQUIER OTRO ELEMENTO DISTRACTOR).",CHOQUE LATERAL,MOTOCICLETA,0,0,0,0,1,0,0,0,1,0,0,0,0,2,35,HOMBRE,LESIONADO,CONDUCTOR PRESENTE,NO,SI,3
26833,105374,105375,2021,0,0,-0.260629,-78.546185,PICHINCHA,QUITO,QUITO,URBANA,2021-06-24,07:05:00,7,JUEVES,4,JUNIO,6,NO,"NO RESPETAR LAS SENIALES REGLAMENTARIAS DE TRANSITO. (PARE, CEDA EL PASO, LUZ ROJA DEL SEMAFORO, ETC).",CHOQUE POSTERIOR,AUTOMOVIL,2,0,0,0,0,0,0,0,0,0,0,0,0,2,54,HOMBRE,ILESO,CONDUCTOR PRESENTE,NO,NO,1
26834,105385,105386,2021,1,0,-0.314127,-78.541384,PICHINCHA,QUITO,QUITO,URBANA,2021-06-24,12:25:00,12,JUEVES,4,JUNIO,6,NO,NO CEDER EL DERECHO DE VIA O PREFERENCIA DE PASO AL PEATON.,ATROPELLOS,AUTOMOVIL,1,0,0,0,0,0,0,0,0,0,0,0,0,1,34,MUJER,LESIONADO,PEATON,NO,NO,1
26835,105392,105393,2021,2,0,-0.139026,-78.501143,PICHINCHA,QUITO,QUITO,URBANA,2021-06-24,15:40:00,15,JUEVES,4,JUNIO,6,NO,CONDUCIR VEHICULO SUPERANDO LOS LIMITES MAXIMOS DE VELOCIDAD.,ESTRELLAMIENTOS,AUTOMOVIL,2,0,0,0,0,0,0,0,0,1,0,0,0,3,32,MUJER,LESIONADO,CONDUCTOR PRESENTE,NO,NO,1
26836,105401,105402,2021,1,0,-0.304714,-78.416593,PICHINCHA,QUITO,ALANGASI,RURAL,2021-06-24,19:00:00,19,JUEVES,4,JUNIO,6,NO,CONDUCIR VEHICULO SUPERANDO LOS LIMITES MAXIMOS DE VELOCIDAD.,ESTRELLAMIENTOS,CAMIONETA,0,0,0,0,1,0,0,0,0,0,0,0,0,1,45,HOMBRE,LESIONADO,PASAJERO,NO,NO,3
26837,105403,105404,2021,0,0,-0.278798,-78.557514,PICHINCHA,QUITO,QUITO,URBANA,2021-06-24,19:15:00,19,JUEVES,4,JUNIO,6,NO,CONDUCIR VEHICULO SUPERANDO LOS LIMITES MAXIMOS DE VELOCIDAD.,COLISION,AUTOMOVIL,3,0,0,0,0,0,0,0,0,0,0,0,0,3,45,MUJER,ILESO,CONDUCTOR PRESENTE,NO,NO,1
26838,105407,105408,2021,1,0,-0.243301,-78.519933,PICHINCHA,QUITO,QUITO,URBANA,2021-06-24,19:50:00,19,JUEVES,4,JUNIO,6,NO,PEATON QUE CRUZA LA CALZADA SIN RESPETAR LA SENIALIZACION EXISTENTE (SEMAFOROS O SENIALES MANUALES).,ATROPELLOS,MOTOCICLETA,0,0,0,0,0,0,0,0,1,0,0,0,0,1,55,HOMBRE,LESIONADO,PEATON,NO,NO,1
26839,105415,105416,2021,1,0,-0.299348,-78.542062,PICHINCHA,QUITO,QUITO,URBANA,2021-06-24,21:30:00,21,JUEVES,4,JUNIO,6,NO,BAJARSE O SUBIRSE DE VEHICULOS EN MOVIMIENTO SIN TOMAR LAS PRECAUCIONES DEBIDAS.,CAIDA DE PASAJERO,BUS,0,0,1,0,0,0,0,0,0,0,0,0,0,1,26,HOMBRE,LESIONADO,PASAJERO,NO,NO,1
26840,105417,105418,2021,0,0,-0.323661,-78.556475,PICHINCHA,QUITO,QUITO,URBANA,2021-06-24,22:15:00,22,JUEVES,4,JUNIO,6,NO,"CONDUCE BAJO LA INFLUENCIA DE ALCOHOL, SUSTANCIAS ESTUPEFACIENTES O PSICOTROPICAS Y/O MEDICAMENTOS.",COLISION,AUTOMOVIL,3,0,0,0,0,0,0,0,0,0,0,0,0,3,40,MUJER,ILESO,CONDUCTOR PRESENTE,NO,NO,1
26841,105422,105423,2021,0,0,-0.084806,-78.484368,PICHINCHA,QUITO,QUITO,RURAL,2021-06-25,00:30:00,0,VIERNES,5,JUNIO,6,NO,CONDUCIR VEHICULO SUPERANDO LOS LIMITES MAXIMOS DE VELOCIDAD.,PERDIDA DE CARRIL,VEHICULO DEPORTIVO UTILITARIO,0,0,0,0,0,0,0,0,0,0,0,0,1,1,40,HOMBRE,ILESO,CONDUCTOR PRESENTE,NO,SI,3
26842,105423,105424,2021,0,0,-0.219398,-78.517853,PICHINCHA,QUITO,QUITO,URBANA,2021-06-25,00:41:00,0,VIERNES,5,JUNIO,6,NO,"PRESENCIA DE AGENTES EXTERNOS EN LA VIA (AGUA, ACEITE, PIEDRA, LASTRE, ESCOMBROS, MADEROS, ETC.).",ESTRELLAMIENTOS,CAMION,0,0,0,1,0,0,0,0,0,0,0,0,0,1,50,HOMBRE,ILESO,CONDUCTOR PRESENTE,NO,NO,1
26843,105427,105428,2021,0,0,-0.233586,-78.513961,PICHINCHA,QUITO,QUITO,URBANA,2021-06-25,05:58:00,5,VIERNES,5,JUNIO,6,NO,"NO RESPETAR LAS SENIALES REGLAMENTARIAS DE TRANSITO. (PARE, CEDA EL PASO, LUZ ROJA DEL SEMAFORO, ETC).",CHOQUE LATERAL,MOTOCICLETA,0,0,0,0,0,0,0,0,1,1,0,0,0,2,33,HOMBRE,ILESO,CONDUCTOR PRESENTE,NO,NO,1
26844,105429,105430,2021,2,0,-0.317898,-78.535609,PICHINCHA,QUITO,QUITO,URBANA,2021-06-25,06:38:00,6,VIERNES,5,JUNIO,6,NO,CONDUCIR VEHICULO SUPERANDO LOS LIMITES MAXIMOS DE VELOCIDAD.,CHOQUE LATERAL,AUTOMOVIL,2,0,0,0,0,0,0,0,0,0,0,0,0,2,40,HOMBRE,LESIONADO,CONDUCTOR PRESENTE,NO,NO,1
26845,105444,105445,2021,1,0,-0.318873,-78.552489,PICHINCHA,QUITO,QUITO,URBANA,2021-06-25,11:50:00,11,VIERNES,5,JUNIO,6,NO,NO CEDER EL DERECHO DE VIA O PREFERENCIA DE PASO A VEHICULOS.,CHOQUE LATERAL,MOTOCICLETA,1,0,0,0,0,0,0,0,1,0,0,0,0,2,34,HOMBRE,LESIONADO,CONDUCTOR PRESENTE,NO,NO,1
26846,105447,105448,2021,1,0,-0.295604,-78.561141,PICHINCHA,QUITO,QUITO,URBANA,2021-06-25,13:20:00,13,VIERNES,5,JUNIO,6,NO,NO CEDER EL DERECHO DE VIA O PREFERENCIA DE PASO AL PEATON.,ATROPELLOS,NO IDENTIFICADO,0,0,0,0,0,0,0,0,0,1,0,0,0,1,73,HOMBRE,LESIONADO,PEATON,NO,NO,1
26847,105452,105453,2021,0,0,-0.196193,-78.499505,PICHINCHA,QUITO,QUITO,URBANA,2021-06-25,14:45:00,14,VIERNES,5,JUNIO,6,NO,"FALLA MECANICA EN LOS SISTEMAS Y/O NEUMATICOS (SISTEMA DE FRENOS, DIRECCION, ELECTRONICO O MECANICO).",ESTRELLAMIENTOS,CAMION,0,0,0,1,0,0,0,0,0,0,0,0,0,1,28,HOMBRE,ILESO,CONDUCTOR PRESENTE,NO,NO,1
26848,105454,105455,2021,1,0,-0.246849,-78.523226,PICHINCHA,QUITO,QUITO,URBANA,2021-06-25,15:15:00,15,VIERNES,5,JUNIO,6,NO,"NO RESPETAR LAS SENIALES REGLAMENTARIAS DE TRANSITO. (PARE, CEDA EL PASO, LUZ ROJA DEL SEMAFORO, ETC).",CHOQUE LATERAL,MOTOCICLETA,1,0,0,0,0,0,0,0,1,0,0,0,0,2,37,HOMBRE,LESIONADO,CONDUCTOR PRESENTE,NO,NO,1
26849,105480,105481,2021,0,0,-0.165061,-78.479012,PICHINCHA,QUITO,QUITO,URBANA,2021-06-26,00:30:00,0,SABADO,6,JUNIO,6,NO,CONDUCIR VEHICULO SUPERANDO LOS LIMITES MAXIMOS DE VELOCIDAD.,ESTRELLAMIENTOS,AUTOMOVIL,1,0,0,0,0,0,0,0,0,0,0,0,0,1,-1,NO IDENTIFICADO,NO IDENTIFICADO,CONDUCTOR AUSENTE,NO,NO,2
26850,105486,105487,2021,0,0,-0.319976,-78.564972,PICHINCHA,QUITO,QUITO,URBANA,2021-06-26,04:50:00,4,SABADO,6,JUNIO,6,NO,DANIOS MECANICOS PREVISIBLES.,PERDIDA DE CARRIL,AUTOMOVIL,1,0,0,0,0,0,0,0,0,0,0,0,0,1,39,HOMBRE,ILESO,CONDUCTOR PRESENTE,NO,NO,1
26851,105489,105490,2021,0,0,-0.210049,-78.459444,PICHINCHA,QUITO,QUITO,RURAL,2021-06-26,05:50:00,5,SABADO,6,JUNIO,6,NO,CONDUCIR VEHICULO SUPERANDO LOS LIMITES MAXIMOS DE VELOCIDAD.,ESTRELLAMIENTOS,AUTOMOVIL,1,0,0,0,0,0,0,0,0,0,0,0,0,1,-1,NO IDENTIFICADO,NO IDENTIFICADO,CONDUCTOR AUSENTE,NO,NO,2