,Unnamed: 0,ID,ANIO,LESIONADOS,FALLECIDOS,LATITUD_Y,LONGITUD_X,PROVINCIA,CANTON,PARROQUIA,ZONA,FECHA,HORA,PERIODO_2,DIA_1,DIA_2,MES_1,MES_2,FERIADO,CAUSA_PROBABLE,TIPO_DE_SINIESTRO,TIPO_DE_VEHICULO_1,AUTOMOVIL,BICICLETA,BUS,CAMION,CAMIONETA,EMERGENCIAS,ESPECIAL,FURGONETA,MOTOCICLETA,NO_IDENTIFICADO,SCOOTER_ELECTRICO,TRICIMOTO,VEHICULO_DEPORTIVO_UTILITARIO,SUMA_DE_VEHICULOS,EDAD_1,SEXO_1,CONDICION_1,PARTICIPANTE_1,CASCO_1,CINTURON_1,KMeans_Cluster
26852,105495,105496,2021,0,0,-0.306271,-78.416497,PICHINCHA,QUITO,ALANGASI,RURAL,2021-06-26,07:40:00,7,SABADO,6,JUNIO,6,NO,REALIZAR CAMBIO BRUSCO O INDEBIDO DE CARRIL.,CHOQUE LATERAL,AUTOMOVIL,2,0,0,0,0,0,0,0,0,0,0,0,0,2,1,MUJER,ILESO,PASAJERO,NO,NO,3
26853,105496,105497,2021,0,0,-0.246849,-78.523226,PICHINCHA,QUITO,QUITO,URBANA,2021-06-26,07:53:00,7,SABADO,6,JUNIO,6,NO,NO CEDER EL DERECHO DE VIA O PREFERENCIA DE PASO A VEHICULOS.,CHOQUE POSTERIOR,AUTOMOVIL,1,0,0,0,0,0,0,0,1,0,0,0,0,2,36,HOMBRE,ILESO,CONDUCTOR PRESENTE,NO,NO,1
26854,105503,105504,2021,0,0,-0.273953,-78.558074,PICHINCHA,QUITO,QUITO,URBANA,2021-06-26,10:30:00,10,SABADO,6,JUNIO,6,NO,DANIOS MECANICOS PREVISIBLES.,OTROS,MOTOCICLETA,0,0,0,0,0,0,0,0,1,0,0,0,0,1,-1,NO IDENTIFICADO,NO IDENTIFICADO,CONDUCTOR AUSENTE,NO,NO,2
26855,105505,105506,2021,0,0,-0.264476,-78.536616,PICHINCHA,QUITO,QUITO,URBANA,2021-06-26,12:00:00,12,SABADO,6,JUNIO,6,NO,"NO RESPETAR LAS SENIALES REGLAMENTARIAS DE TRANSITO. (PARE, CEDA EL PASO, LUZ ROJA DEL SEMAFORO, ETC).",CHOQUE LATERAL,AUTOMOVIL,1,0,0,0,1,0,0,0,0,0,0,0,0,2,60,HOMBRE,ILESO,CONDUCTOR PRESENTE,NO,NO,1
26856,105506,105507,2021,1,0,-0.256174,-78.552026,PICHINCHA,QUITO,QUITO,URBANA,2021-06-26,12:00:00,12,SABADO,6,JUNIO,6,NO,"CONDUCE BAJO LA INFLUENCIA DE ALCOHOL, SUSTANCIAS ESTUPEFACIENTES O PSICOTROPICAS Y/O MEDICAMENTOS.",ATROPELLOS,AUTOMOVIL,1,0,0,0,0,0,0,0,0,0,0,0,0,1,24,HOMBRE,LESIONADO,PEATON,NO,NO,1
26857,105509,105510,2021,1,0,-0.163973,-78.462699,PICHINCHA,QUITO,QUITO,URBANA,2021-06-26,12:25:00,12,SABADO,6,JUNIO,6,NO,"CONDUCIR DESATENTO A LAS CONDICIONES DE TRANSITO (CELULAR, PANTALLAS DE VIDEO, COMIDA, MAQUILLAJE O CUALQUIER OTRO ELEMENTO DISTRACTOR).",OTROS,MOTOCICLETA,1,0,0,0,0,0,0,0,1,0,0,0,0,2,34,HOMBRE,LESIONADO,CONDUCTOR PRESENTE,NO,NO,1
26858,105512,105513,2021,0,0,-0.298423,-78.456751,PICHINCHA,QUITO,ALANGASI,RURAL,2021-06-26,13:30:00,13,SABADO,6,JUNIO,6,NO,NO CEDER EL DERECHO DE VIA O PREFERENCIA DE PASO A VEHICULOS.,CHOQUE LATERAL,AUTOMOVIL,2,0,0,0,0,0,0,0,0,0,0,0,0,2,43,HOMBRE,ILESO,CONDUCTOR PRESENTE,NO,NO,3
26859,105522,105523,2021,0,0,-0.187808,-78.444336,PICHINCHA,QUITO,NAYON,RURAL,2021-06-26,15:24:00,15,SABADO,6,JUNIO,6,NO,"ADELANTAR O REBASAR A OTRO VEHICULO EN MOVIMIENTO EN ZONAS O SITIOS PELIGROSOS TALES COMO: CURVAS, PUENTES, TUNELES, PENDIENTES, ETC.",CHOQUE POSTERIOR,AUTOMOVIL,1,0,1,0,0,0,0,0,0,0,0,0,0,2,20,MUJER,ILESO,CONDUCTOR PRESENTE,NO,NO,3
26860,105528,105529,2021,1,0,-0.162552,-78.447917,PICHINCHA,QUITO,NAYON,URBANA,2021-06-26,16:15:00,16,SABADO,6,JUNIO,6,NO,"CONDUCE BAJO LA INFLUENCIA DE ALCOHOL, SUSTANCIAS ESTUPEFACIENTES O PSICOTROPICAS Y/O MEDICAMENTOS.",ESTRELLAMIENTOS,AUTOMOVIL,1,0,0,0,0,0,0,0,0,0,0,0,0,1,34,HOMBRE,LESIONADO,PASAJERO,NO,NO,1
26861,105530,105531,2021,1,0,-0.146514,-78.464571,PICHINCHA,QUITO,QUITO,URBANA,2021-06-26,16:45:00,16,SABADO,6,JUNIO,6,NO,"CONDUCE BAJO LA INFLUENCIA DE ALCOHOL, SUSTANCIAS ESTUPEFACIENTES O PSICOTROPICAS Y/O MEDICAMENTOS.",CHOQUE FRONTAL,MOTOCICLETA,0,0,0,0,0,0,0,1,1,0,0,0,0,2,33,HOMBRE,LESIONADO,CONDUCTOR PRESENTE,NO,NO,1
26862,105535,105536,2021,0,0,-0.305201,-78.543051,PICHINCHA,QUITO,QUITO,URBANA,2021-06-26,18:20:00,18,SABADO,6,JUNIO,6,NO,"FALLA MECANICA EN LOS SISTEMAS Y/O NEUMATICOS (SISTEMA DE FRENOS, DIRECCION, ELECTRONICO O MECANICO).",OTROS,CAMION,0,0,0,1,0,0,0,0,0,0,0,0,0,1,46,HOMBRE,ILESO,CONDUCTOR PRESENTE,NO,NO,1
26863,105536,105537,2021,2,0,-0.226041,-78.512916,PICHINCHA,QUITO,QUITO,URBANA,2021-06-26,18:20:00,18,SABADO,6,JUNIO,6,NO,CONDUCIR VEHICULO SUPERANDO LOS LIMITES MAXIMOS DE VELOCIDAD.,OTROS,MOTOCICLETA,0,0,0,0,0,0,0,0,2,0,0,0,0,2,40,HOMBRE,LESIONADO,CONDUCTOR PRESENTE,NO,NO,1
26864,105537,105538,2021,0,1,-0.286878,-78.489275,PICHINCHA,QUITO,CONOCOTO,RURAL,2021-06-26,18:30:00,18,SABADO,6,JUNIO,6,NO,PEATON QUE CRUZA LA CALZADA SIN RESPETAR LA SENIALIZACION EXISTENTE (SEMAFOROS O SENIALES MANUALES).,ATROPELLOS,AUTOMOVIL,1,0,0,0,0,0,0,0,0,0,0,0,0,1,59,HOMBRE,FALLECIDO,PEATON,NO,NO,3
26865,105554,105555,2021,1,0,-0.208273,-78.513123,PICHINCHA,QUITO,QUITO,URBANA,2021-06-26,22:00:00,22,SABADO,6,JUNIO,6,NO,CONDUCIR VEHICULO SUPERANDO LOS LIMITES MAXIMOS DE VELOCIDAD.,PERDIDA DE CARRIL,MOTOCICLETA,0,0,0,0,0,0,0,0,1,0,0,0,0,1,41,HOMBRE,LESIONADO,CONDUCTOR PRESENTE,NO,NO,1
26866,105556,105557,2021,0,0,-0.100181,-78.471675,PICHINCHA,QUITO,QUITO,URBANA,2021-06-26,22:50:00,22,SABADO,6,JUNIO,6,NO,"NO RESPETAR LAS SENIALES REGLAMENTARIAS DE TRANSITO. (PARE, CEDA EL PASO, LUZ ROJA DEL SEMAFORO, ETC).",CHOQUE LATERAL,AUTOMOVIL,1,0,0,0,0,0,0,0,1,0,0,0,0,2,23,HOMBRE,ILESO,CONDUCTOR PRESENTE,NO,NO,1
26867,105577,105578,2021,0,0,-0.148497,-78.498391,PICHINCHA,QUITO,QUITO,URBANA,2021-06-27,04:15:00,4,DOMINGO,7,JUNIO,6,NO,"FALLA MECANICA EN LOS SISTEMAS Y/O NEUMATICOS (SISTEMA DE FRENOS, DIRECCION, ELECTRONICO O MECANICO).",ESTRELLAMIENTOS,AUTOMOVIL,1,0,0,0,0,0,0,0,0,0,0,0,0,1,34,HOMBRE,ILESO,CONDUCTOR PRESENTE,NO,NO,1
26868,105589,105590,2021,0,0,-0.065693,-78.463618,PICHINCHA,QUITO,POMASQUI,URBANA,2021-06-27,06:05:00,6,DOMINGO,7,JUNIO,6,NO,"CONDUCIR DESATENTO A LAS CONDICIONES DE TRANSITO (CELULAR, PANTALLAS DE VIDEO, COMIDA, MAQUILLAJE O CUALQUIER OTRO ELEMENTO DISTRACTOR).",PERDIDA DE CARRIL,AUTOMOVIL,1,0,0,0,0,0,0,0,0,0,0,0,0,1,22,HOMBRE,ILESO,CONDUCTOR PRESENTE,NO,SI,1
26869,105594,105595,2021,0,0,-0.203827,-78.502028,PICHINCHA,QUITO,QUITO,URBANA,2021-06-27,07:20:00,7,DOMINGO,7,JUNIO,6,NO,"CONDUCE BAJO LA INFLUENCIA DE ALCOHOL, SUSTANCIAS ESTUPEFACIENTES O PSICOTROPICAS Y/O MEDICAMENTOS.",CHOQUE LATERAL,AUTOMOVIL,2,0,0,0,0,0,0,0,0,0,0,0,0,2,39,HOMBRE,ILESO,CONDUCTOR PRESENTE,NO,NO,1
26870,105620,105621,2021,0,0,-0.103923,-78.470401,PICHINCHA,QUITO,QUITO,URBANA,2021-06-27,18:03:00,18,DOMINGO,7,JUNIO,6,NO,"NO RESPETAR LAS SENIALES REGLAMENTARIAS DE TRANSITO. (PARE, CEDA EL PASO, LUZ ROJA DEL SEMAFORO, ETC).",CHOQUE LATERAL,AUTOMOVIL,2,0,0,0,0,0,0,0,0,0,0,0,0,2,35,HOMBRE,ILESO,CONDUCTOR PRESENTE,NO,NO,1
26871,105629,105630,2021,0,1,-0.153033,-78.464746,PICHINCHA,QUITO,QUITO,URBANA,2021-06-27,19:30:00,19,DOMINGO,7,JUNIO,6,NO,CONDUCIR VEHICULO SUPERANDO LOS LIMITES MAXIMOS DE VELOCIDAD.,VOLCAMIENTOS,MOTOCICLETA,0,0,0,0,0,0,0,0,1,0,0,0,0,1,38,HOMBRE,FALLECIDO,CONDUCTOR PRESENTE,NO,NO,1
26872,105635,105636,2021,0,0,-0.107551,-78.491263,PICHINCHA,QUITO,QUITO,URBANA,2021-06-27,19:45:00,19,DOMINGO,7,JUNIO,6,NO,CONDUCIR VEHICULO SUPERANDO LOS LIMITES MAXIMOS DE VELOCIDAD.,OTROS,AUTOMOVIL,1,0,0,0,0,0,0,0,0,0,0,0,0,1,-1,NO IDENTIFICADO,NO IDENTIFICADO,CONDUCTOR AUSENTE,NO,NO,2
26873,105645,105646,2021,0,0,-0.208645,-78.501729,PICHINCHA,QUITO,QUITO,URBANA,2021-06-27,21:50:00,21,DOMINGO,7,JUNIO,6,NO,"NO RESPETAR LAS SENIALES REGLAMENTARIAS DE TRANSITO. (PARE, CEDA EL PASO, LUZ ROJA DEL SEMAFORO, ETC).",CHOQUE LATERAL,AUTOMOVIL,2,0,0,0,0,0,0,0,0,0,0,0,0,2,23,MUJER,ILESO,PASAJERO,NO,NO,1
26874,105668,105669,2021,0,0,-0.325109,-78.550366,PICHINCHA,QUITO,QUITO,URBANA,2021-06-28,09:40:00,9,LUNES,1,JUNIO,6,NO,CONDUCIR VEHICULO SUPERANDO LOS LIMITES MAXIMOS DE VELOCIDAD.,CHOQUE LATERAL,MOTOCICLETA,0,0,0,0,0,0,0,0,1,1,0,0,0,2,46,MUJER,ILESO,PASAJERO,NO,NO,1
26875,105671,105672,2021,1,0,-0.295558,-78.540644,PICHINCHA,QUITO,QUITO,URBANA,2021-06-28,10:55:00,10,LUNES,1,JUNIO,6,NO,REALIZAR CAMBIO BRUSCO O INDEBIDO DE CARRIL.,OTROS,MOTOCICLETA,0,0,0,0,0,0,0,0,1,1,0,0,0,2,26,HOMBRE,LESIONADO,CONDUCTOR PRESENTE,NO,NO,1
26876,105672,105673,2021,0,0,-0.226486,-78.339567,PICHINCHA,QUITO,PIFO,RURAL,2021-06-28,11:00:00,11,LUNES,1,JUNIO,6,NO,"FALLA MECANICA EN LOS SISTEMAS Y/O NEUMATICOS (SISTEMA DE FRENOS, DIRECCION, ELECTRONICO O MECANICO).",ESTRELLAMIENTOS,CAMION,0,0,0,1,0,0,0,0,0,0,0,0,0,1,-1,NO IDENTIFICADO,NO IDENTIFICADO,CONDUCTOR AUSENTE,NO,NO,2
26877,105674,105675,2021,1,0,-0.187486,-78.481931,PICHINCHA,QUITO,QUITO,URBANA,2021-06-28,12:51:00,12,LUNES,1,JUNIO,6,NO,NO CEDER EL DERECHO DE VIA O PREFERENCIA DE PASO A VEHICULOS.,CHOQUE LATERAL,MOTOCICLETA,1,0,0,0,0,0,0,0,1,0,0,0,0,2,27,HOMBRE,LESIONADO,CONDUCTOR PRESENTE,NO,NO,1
26878,105678,105679,2021,2,0,-0.331949,-78.555081,PICHINCHA,QUITO,QUITO,URBANA,2021-06-28,14:30:00,14,LUNES,1,JUNIO,6,NO,NO CEDER EL DERECHO DE VIA O PREFERENCIA DE PASO AL PEATON.,ATROPELLOS,MOTOCICLETA,0,0,0,0,0,0,0,0,1,0,0,0,0,1,80,HOMBRE,LESIONADO,PEATON,NO,NO,1
26879,105680,105681,2021,0,0,-0.312059,-78.547352,PICHINCHA,QUITO,QUITO,URBANA,2021-06-28,15:10:00,15,LUNES,1,JUNIO,6,NO,CONDUCIR VEHICULO SUPERANDO LOS LIMITES MAXIMOS DE VELOCIDAD.,ESTRELLAMIENTOS,AUTOMOVIL,1,0,0,0,0,0,0,0,0,0,0,0,0,1,-1,NO IDENTIFICADO,NO IDENTIFICADO,CONDUCTOR AUSENTE,NO,NO,2
26880,105691,105692,2021,0,0,-0.035582,-78.453705,PICHINCHA,QUITO,POMASQUI,URBANA,2021-06-28,17:30:00,17,LUNES,1,JUNIO,6,NO,"CONDUCIR DESATENTO A LAS CONDICIONES DE TRANSITO (CELULAR, PANTALLAS DE VIDEO, COMIDA, MAQUILLAJE O CUALQUIER OTRO ELEMENTO DISTRACTOR).",CHOQUE LATERAL,VEHICULO DEPORTIVO UTILITARIO,1,0,0,0,0,0,0,0,0,0,0,0,1,2,35,HOMBRE,ILESO,CONDUCTOR PRESENTE,NO,SI,1
26881,105697,105698,2021,4,0,-0.082067,-78.505861,PICHINCHA,QUITO,QUITO,URBANA,2021-06-28,18:40:00,18,LUNES,1,JUNIO,6,NO,CONDUCIR VEHICULO SUPERANDO LOS LIMITES MAXIMOS DE VELOCIDAD.,ESTRELLAMIENTOS,FURGONETA,0,0,0,0,0,0,0,1,0,0,0,0,0,1,1,MUJER,LESIONADO,PASAJERO,NO,NO,1
26882,105703,105704,2021,0,0,-0.244585,-78.510941,PICHINCHA,QUITO,QUITO,URBANA,2021-06-28,23:00:00,23,LUNES,1,JUNIO,6,NO,"NO RESPETAR LAS SENIALES REGLAMENTARIAS DE TRANSITO. (PARE, CEDA EL PASO, LUZ ROJA DEL SEMAFORO, ETC).",CHOQUE LATERAL,AUTOMOVIL,2,0,0,0,0,0,0,0,0,0,0,0,0,2,-1,NO IDENTIFICADO,NO IDENTIFICADO,CONDUCTOR AUSENTE,NO,NO,2
26883,105710,105711,2021,1,0,-0.251139,-78.538431,PICHINCHA,QUITO,QUITO,URBANA,2021-06-29,07:40:00,7,MARTES,2,JUNIO,6,NO,NO TRANSITAR POR LAS ACERAS O ZONAS DE SEGURIDAD DESTINADAS PARA EL EFECTO.,ATROPELLOS,BUS,0,0,1,0,0,0,0,0,0,0,0,0,0,1,34,MUJER,LESIONADO,PEATON,NO,NO,1
26884,105720,105721,2021,3,0,-0.142682,-78.460773,PICHINCHA,QUITO,QUITO,URBANA,2021-06-29,12:50:00,12,MARTES,2,JUNIO,6,NO,CONDUCIR VEHICULO SUPERANDO LOS LIMITES MAXIMOS DE VELOCIDAD.,OTROS,AUTOMOVIL,2,0,0,0,1,0,0,0,0,0,0,0,0,3,21,MUJER,LESIONADO,PASAJERO,NO,NO,1
26885,105724,105725,2021,1,0,-0.285382,-78.536795,PICHINCHA,QUITO,QUITO,URBANA,2021-06-29,14:15:00,14,MARTES,2,JUNIO,6,NO,"NO RESPETAR LAS SENIALES REGLAMENTARIAS DE TRANSITO. (PARE, CEDA EL PASO, LUZ ROJA DEL SEMAFORO, ETC).",OTROS,BICICLETA,0,1,0,0,0,0,0,0,0,1,0,0,0,2,28,HOMBRE,LESIONADO,CONDUCTOR PRESENTE,NO,NO,1
26886,105741,105742,2021,1,0,-0.131662,-78.500511,PICHINCHA,QUITO,QUITO,URBANA,2021-06-29,22:00:00,22,MARTES,2,JUNIO,6,NO,NO CEDER EL DERECHO DE VIA O PREFERENCIA DE PASO A VEHICULOS.,CHOQUE LATERAL,AUTOMOVIL,2,0,0,0,0,0,0,0,0,0,0,0,0,2,29,MUJER,LESIONADO,PASAJERO,NO,NO,1
26887,105749,105750,2021,1,0,-0.277624,-78.531251,PICHINCHA,QUITO,QUITO,URBANA,2021-06-30,04:30:00,4,MIERCOLES,3,JUNIO,6,NO,"NO RESPETAR LAS SENIALES REGLAMENTARIAS DE TRANSITO. (PARE, CEDA EL PASO, LUZ ROJA DEL SEMAFORO, ETC).",CHOQUE LATERAL,AUTOMOVIL,1,0,0,0,0,0,0,0,0,1,0,0,0,2,49,MUJER,LESIONADO,PASAJERO,NO,NO,1
26888,105761,105762,2021,1,0,-0.122237,-78.495545,PICHINCHA,QUITO,QUITO,URBANA,2021-06-30,12:45:00,12,MIERCOLES,3,JUNIO,6,NO,"NO RESPETAR LAS SENIALES REGLAMENTARIAS DE TRANSITO. (PARE, CEDA EL PASO, LUZ ROJA DEL SEMAFORO, ETC).",CHOQUE LATERAL,AUTOMOVIL,1,0,0,0,0,0,0,0,1,0,0,0,0,2,27,HOMBRE,LESIONADO,CONDUCTOR PRESENTE,NO,NO,1
26889,105765,105766,2021,1,0,-0.196493,-78.441851,PICHINCHA,QUITO,CUMBAYA,RURAL,2021-06-30,13:30:00,13,MIERCOLES,3,JUNIO,6,NO,"NO RESPETAR LAS SENIALES REGLAMENTARIAS DE TRANSITO. (PARE, CEDA EL PASO, LUZ ROJA DEL SEMAFORO, ETC).",CHOQUE LATERAL,AUTOMOVIL,1,0,0,0,0,0,0,0,1,0,0,0,0,2,26,HOMBRE,LESIONADO,CONDUCTOR PRESENTE,NO,NO,3
26890,105767,105768,2021,1,0,-0.215377,-78.515878,PICHINCHA,QUITO,QUITO,URBANA,2021-06-30,14:28:00,14,MIERCOLES,3,JUNIO,6,NO,PEATON QUE CRUZA LA CALZADA SIN RESPETAR LA SENIALIZACION EXISTENTE (SEMAFOROS O SENIALES MANUALES).,ATROPELLOS,AUTOMOVIL,1,0,0,0,0,0,0,0,0,0,0,0,0,1,74,MUJER,LESIONADO,PEATON,NO,NO,1
26891,105775,105776,2021,1,0,-0.316054,-78.548804,PICHINCHA,QUITO,QUITO,URBANA,2021-06-30,18:08:00,18,MIERCOLES,3,JUNIO,6,NO,NO GUARDAR LA DISTANCIA LATERAL MINIMA DE SEGURIDAD ENTRE VEHICULOS.,OTROS,BICICLETA,0,1,0,0,0,0,0,0,0,1,0,0,0,2,27,HOMBRE,LESIONADO,CONDUCTOR PRESENTE,NO,NO,1
26892,105776,105777,2021,1,0,-0.333961,-78.467974,PICHINCHA,RUMINIAHUI,SANGOLQUI,URBANA,2021-06-30,18:15:00,18,MIERCOLES,3,JUNIO,6,NO,"CONDUCIR DESATENTO A LAS CONDICIONES DE TRANSITO (CELULAR, PANTALLAS DE VIDEO, COMIDA, MAQUILLAJE O CUALQUIER OTRO ELEMENTO DISTRACTOR).",CHOQUE FRONTAL,MOTOCICLETA,1,0,0,0,0,0,0,0,1,0,0,0,0,2,43,HOMBRE,LESIONADO,CONDUCTOR PRESENTE,NO,SI,1
26893,105779,105780,2021,0,0,0.010241,-78.592176,PICHINCHA,QUITO,NONO,RURAL,2021-06-30,18:50:00,18,MIERCOLES,3,JUNIO,6,NO,"CASO FORTUITO O FUERZA MAYOR (EXPLOSION DE NEUMATICO NUEVO, DERRUMBE, INUNDACION, CAIDA DE PUENTE, ARBOL, PRESENCIA INTEMPESTIVA E IMPREVISTA DE SEMOVIENTES EN LA VIA, ETC.).",CHOQUE LATERAL,AUTOMOVIL,1,0,0,0,0,0,0,0,0,0,0,0,1,2,36,HOMBRE,ILESO,CONDUCTOR PRESENTE,NO,SI,3
26894,105800,105801,2021,0,0,-0.223874,-78.517421,PICHINCHA,QUITO,QUITO,URBANA,2021-07-01,06:15:00,6,JUEVES,4,JULIO,7,NO,"FALLA MECANICA EN LOS SISTEMAS Y/O NEUMATICOS (SISTEMA DE FRENOS, DIRECCION, ELECTRONICO O MECANICO).",ESTRELLAMIENTOS,BUS,0,0,1,0,0,0,0,0,0,0,0,0,0,1,29,HOMBRE,ILESO,CONDUCTOR PRESENTE,NO,NO,1
26895,105810,105811,2021,2,0,-0.232711,-78.503685,PICHINCHA,QUITO,QUITO,URBANA,2021-07-01,11:45:00,11,JUEVES,4,JULIO,7,NO,"NO RESPETAR LAS SENIALES REGLAMENTARIAS DE TRANSITO. (PARE, CEDA EL PASO, LUZ ROJA DEL SEMAFORO, ETC).",CHOQUE LATERAL,MOTOCICLETA,1,0,0,0,0,0,0,0,1,0,0,0,0,2,21,MUJER,LESIONADO,PASAJERO,NO,NO,1
26896,105825,105826,2021,1,1,-0.328479,-78.522294,PICHINCHA,QUITO,QUITO,URBANA,2021-07-01,17:00:00,17,JUEVES,4,JULIO,7,NO,CONDUCIR VEHICULO SUPERANDO LOS LIMITES MAXIMOS DE VELOCIDAD.,ESTRELLAMIENTOS,MOTOCICLETA,0,0,0,0,0,0,0,0,1,0,0,0,0,1,22,HOMBRE,FALLECIDO,CONDUCTOR PRESENTE,NO,NO,1
26897,105832,105833,2021,0,0,-0.261733,-78.547617,PICHINCHA,QUITO,QUITO,URBANA,2021-07-01,18:25:00,18,JUEVES,4,JULIO,7,NO,"CONDUCE BAJO LA INFLUENCIA DE ALCOHOL, SUSTANCIAS ESTUPEFACIENTES O PSICOTROPICAS Y/O MEDICAMENTOS.",OTROS,AUTOMOVIL,3,0,0,0,0,0,0,0,0,0,0,0,0,3,28,HOMBRE,ILESO,CONDUCTOR PRESENTE,NO,NO,1
26898,105836,105837,2021,3,0,-0.494298,-78.571057,PICHINCHA,MEJIA,MACHACHI,RURAL,2021-07-01,19:10:00,19,JUEVES,4,JULIO,7,NO,"CONDUCIR DESATENTO A LAS CONDICIONES DE TRANSITO (CELULAR, PANTALLAS DE VIDEO, COMIDA, MAQUILLAJE O CUALQUIER OTRO ELEMENTO DISTRACTOR).",CHOQUE LATERAL,AUTOMOVIL,1,0,0,0,1,0,0,0,0,0,0,0,0,2,39,MUJER,LESIONADO,PEATON,NO,SI,3
26899,105841,105842,2021,1,0,-0.292724,-78.476486,PICHINCHA,QUITO,CONOCOTO,RURAL,2021-07-01,20:45:00,20,JUEVES,4,JULIO,7,NO,"NO RESPETAR LAS SENIALES REGLAMENTARIAS DE TRANSITO. (PARE, CEDA EL PASO, LUZ ROJA DEL SEMAFORO, ETC).",CHOQUE LATERAL,MOTOCICLETA,1,0,0,0,0,0,0,0,1,0,0,0,0,2,30,HOMBRE,LESIONADO,CONDUCTOR PRESENTE,NO,NO,3
26900,105842,105843,2021,1,0,-0.304109,-78.561905,PICHINCHA,QUITO,QUITO,URBANA,2021-07-01,21:00:00,21,JUEVES,4,JULIO,7,NO,NO TRANSITAR POR LAS ACERAS O ZONAS DE SEGURIDAD DESTINADAS PARA EL EFECTO.,ATROPELLOS,FURGONETA,0,0,0,0,0,0,0,1,0,0,0,0,0,1,8,HOMBRE,LESIONADO,PEATON,NO,NO,1
26901,105845,105846,2021,2,0,-0.174894,-78.501169,PICHINCHA,QUITO,QUITO,URBANA,2021-07-01,22:15:00,22,JUEVES,4,JULIO,7,NO,CONDUCIR VEHICULO SUPERANDO LOS LIMITES MAXIMOS DE VELOCIDAD.,PERDIDA DE CARRIL,MOTOCICLETA,0,0,0,0,0,0,0,0,1,0,0,0,0,1,20,MUJER,LESIONADO,PASAJERO,NO,NO,1
26902,105847,105848,2021,0,0,-0.182979,-78.511611,PICHINCHA,QUITO,QUITO,URBANA,2021-07-01,23:00:00,23,JUEVES,4,JULIO,7,NO,CONDUCIR VEHICULO SUPERANDO LOS LIMITES MAXIMOS DE VELOCIDAD.,PERDIDA DE CARRIL,AUTOMOVIL,1,0,0,0,0,0,0,0,0,0,0,0,0,1,-1,NO IDENTIFICADO,NO IDENTIFICADO,CONDUCTOR AUSENTE,NO,NO,2
26903,105849,105850,2021,1,0,-0.261858,-78.515301,PICHINCHA,QUITO,QUITO,URBANA,2021-07-01,23:25:00,23,JUEVES,4,JULIO,7,NO,"ADELANTAR O REBASAR A OTRO VEHICULO EN MOVIMIENTO EN ZONAS O SITIOS PELIGROSOS TALES COMO: CURVAS, PUENTES, TUNELES, PENDIENTES, ETC.",PERDIDA DE CARRIL,MOTOCICLETA,0,0,0,0,0,0,0,0,1,0,0,0,0,1,17,HOMBRE,LESIONADO,PASAJERO,NO,NO,1
26904,105851,105852,2021,1,1,-0.192357,-78.460614,PICHINCHA,QUITO,QUITO,RURAL,2021-07-02,00:25:00,0,VIERNES,5,JULIO,7,NO,CONDUCIR VEHICULO SUPERANDO LOS LIMITES MAXIMOS DE VELOCIDAD.,ESTRELLAMIENTOS,MOTOCICLETA,0,0,0,0,0,0,0,0,1,0,0,0,0,1,20,HOMBRE,FALLECIDO,PASAJERO,NO,NO,3
26905,105870,105871,2021,0,0,-0.110756,-78.447354,PICHINCHA,QUITO,CALDERON (CARAPUNGO),RURAL,2021-07-02,10:25:00,10,VIERNES,5,JULIO,7,NO,NO GUARDAR LA DISTANCIA LATERAL MINIMA DE SEGURIDAD ENTRE VEHICULOS.,CHOQUE LATERAL,AUTOMOVIL,2,0,0,0,0,0,0,0,0,0,0,0,0,2,24,HOMBRE,ILESO,CONDUCTOR PRESENTE,NO,NO,3
26906,105876,105877,2021,2,0,-0.277424,-78.556553,PICHINCHA,QUITO,QUITO,URBANA,2021-07-02,13:00:00,13,VIERNES,5,JULIO,7,NO,"CONDUCIR DESATENTO A LAS CONDICIONES DE TRANSITO (CELULAR, PANTALLAS DE VIDEO, COMIDA, MAQUILLAJE O CUALQUIER OTRO ELEMENTO DISTRACTOR).",CHOQUE LATERAL,CAMION,1,0,0,1,0,0,0,0,0,0,0,0,0,2,31,MUJER,LESIONADO,PASAJERO,NO,NO,1
26907,105881,105882,2021,0,0,-0.327351,-78.550501,PICHINCHA,QUITO,QUITO,URBANA,2021-07-02,15:20:00,15,VIERNES,5,JULIO,7,NO,"CONDUCE BAJO LA INFLUENCIA DE ALCOHOL, SUSTANCIAS ESTUPEFACIENTES O PSICOTROPICAS Y/O MEDICAMENTOS.",ROZAMIENTOS,AUTOMOVIL,1,0,0,0,1,0,0,0,0,0,0,0,0,2,28,MUJER,ILESO,CONDUCTOR PRESENTE,NO,NO,1
26908,105897,105898,2021,0,0,-0.246355,-78.523338,PICHINCHA,QUITO,QUITO,URBANA,2021-07-02,19:15:00,19,VIERNES,5,JULIO,7,NO,NO CEDER EL DERECHO DE VIA O PREFERENCIA DE PASO A VEHICULOS.,OTROS,MOTOCICLETA,0,0,0,0,0,0,0,0,1,1,0,0,0,2,-1,NO IDENTIFICADO,NO IDENTIFICADO,CONDUCTOR AUSENTE,NO,NO,2