,Unnamed: 0,ID,ANIO,LESIONADOS,FALLECIDOS,LATITUD_Y,LONGITUD_X,PROVINCIA,CANTON,PARROQUIA,ZONA,FECHA,HORA,PERIODO_2,DIA_1,DIA_2,MES_1,MES_2,FERIADO,CAUSA_PROBABLE,TIPO_DE_SINIESTRO,TIPO_DE_VEHICULO_1,AUTOMOVIL,BICICLETA,BUS,CAMION,CAMIONETA,EMERGENCIAS,ESPECIAL,FURGONETA,MOTOCICLETA,NO_IDENTIFICADO,SCOOTER_ELECTRICO,TRICIMOTO,VEHICULO_DEPORTIVO_UTILITARIO,SUMA_DE_VEHICULOS,EDAD_1,SEXO_1,CONDICION_1,PARTICIPANTE_1,CASCO_1,CINTURON_1,KMeans_Cluster
27024,106557,106558,2021,1,0,-0.178794,-78.486889,PICHINCHA,QUITO,QUITO,URBANA,2021-07-13,11:45:00,11,MARTES,2,JULIO,7,NO,REALIZAR CAMBIO BRUSCO O INDEBIDO DE CARRIL.,CHOQUE FRONTAL,MOTOCICLETA,0,0,0,1,0,0,0,0,1,0,0,0,0,2,33,HOMBRE,LESIONADO,CONDUCTOR PRESENTE,NO,NO,1
27025,106559,106560,2021,1,0,-0.237604,-78.484574,PICHINCHA,QUITO,QUITO,URBANA,2021-07-13,12:02:00,12,MARTES,2,JULIO,7,NO,NO MANTENER LA DISTANCIA PRUDENCIAL CON RESPECTO AL VEHICULO QUE LE ANTECEDE.,CHOQUE POSTERIOR,AUTOMOVIL,2,0,0,0,0,0,0,0,0,0,0,0,0,2,35,MUJER,LESIONADO,CONDUCTOR PRESENTE,NO,NO,1
27026,106560,106561,2021,0,0,-0.381336,-78.551983,PICHINCHA,MEJIA,CUTUGLAHUA,RURAL,2021-07-13,12:30:00,12,MARTES,2,JULIO,7,NO,"CONDUCIR DESATENTO A LAS CONDICIONES DE TRANSITO (CELULAR, PANTALLAS DE VIDEO, COMIDA, MAQUILLAJE O CUALQUIER OTRO ELEMENTO DISTRACTOR).",ATROPELLOS,MOTOCICLETA,0,0,0,1,0,0,0,0,1,0,0,0,0,2,-1,HOMBRE,ILESO,CONDUCTOR PRESENTE,NO,SI,3
27027,106565,106566,2021,1,0,-0.153691,-78.492136,PICHINCHA,QUITO,QUITO,URBANA,2021-07-13,14:30:00,14,MARTES,2,JULIO,7,NO,NO CEDER EL DERECHO DE VIA O PREFERENCIA DE PASO A VEHICULOS.,CHOQUE LATERAL,MOTOCICLETA,0,0,0,0,1,0,0,0,1,0,0,0,0,2,20,HOMBRE,LESIONADO,CONDUCTOR PRESENTE,NO,NO,1
27028,106568,106569,2021,0,0,-0.088884,-78.439915,PICHINCHA,QUITO,CALDERON (CARAPUNGO),RURAL,2021-07-13,16:55:00,16,MARTES,2,JULIO,7,NO,CONDUCIR VEHICULO SUPERANDO LOS LIMITES MAXIMOS DE VELOCIDAD.,ESTRELLAMIENTOS,AUTOMOVIL,1,0,0,0,0,0,0,0,0,0,0,0,0,1,-1,NO IDENTIFICADO,NO IDENTIFICADO,CONDUCTOR AUSENTE,NO,NO,2
27029,106573,106574,2021,0,0,-0.242681,-78.447364,PICHINCHA,QUITO,QUITO,URBANA,2021-07-13,19:20:00,19,MARTES,2,JULIO,7,NO,"CONDUCE BAJO LA INFLUENCIA DE ALCOHOL, SUSTANCIAS ESTUPEFACIENTES O PSICOTROPICAS Y/O MEDICAMENTOS.",COLISION,AUTOMOVIL,3,0,0,0,0,0,0,0,0,0,0,0,0,3,28,HOMBRE,ILESO,CONDUCTOR PRESENTE,NO,NO,1
27030,106578,106579,2021,0,0,-0.242071,-78.521024,PICHINCHA,QUITO,QUITO,URBANA,2021-07-13,23:45:00,23,MARTES,2,JULIO,7,NO,"NO RESPETAR LAS SENIALES REGLAMENTARIAS DE TRANSITO. (PARE, CEDA EL PASO, LUZ ROJA DEL SEMAFORO, ETC).",CHOQUE LATERAL,AUTOMOVIL,2,0,0,0,0,0,0,0,0,0,0,0,0,2,39,MUJER,ILESO,CONDUCTOR PRESENTE,NO,NO,1
27031,106585,106586,2021,3,0,-0.161664,-78.487518,PICHINCHA,QUITO,QUITO,URBANA,2021-07-14,08:00:00,8,MIERCOLES,3,JULIO,7,NO,"NO RESPETAR LAS SENIALES REGLAMENTARIAS DE TRANSITO. (PARE, CEDA EL PASO, LUZ ROJA DEL SEMAFORO, ETC).",CHOQUE LATERAL,AUTOMOVIL,1,0,0,0,1,0,0,0,0,0,0,0,0,2,27,HOMBRE,LESIONADO,PASAJERO,NO,NO,1
27032,106588,106589,2021,2,0,-0.118701,-78.462582,PICHINCHA,QUITO,QUITO,URBANA,2021-07-14,08:40:00,8,MIERCOLES,3,JULIO,7,NO,NO CEDER EL DERECHO DE VIA O PREFERENCIA DE PASO A VEHICULOS.,CHOQUE LATERAL,MOTOCICLETA,0,0,0,0,0,0,0,0,2,0,0,0,0,2,51,HOMBRE,LESIONADO,CONDUCTOR PRESENTE,NO,NO,1
27033,106589,106590,2021,1,0,-0.198139,-78.512333,PICHINCHA,QUITO,QUITO,URBANA,2021-07-14,09:00:00,9,MIERCOLES,3,JULIO,7,NO,NO TRANSITAR POR LAS ACERAS O ZONAS DE SEGURIDAD DESTINADAS PARA EL EFECTO.,ATROPELLOS,AUTOMOVIL,1,0,0,0,0,0,0,0,0,0,0,0,0,1,33,MUJER,LESIONADO,PEATON,NO,NO,1
27034,106593,106594,2021,1,1,-0.085001,-78.515178,PICHINCHA,QUITO,QUITO,URBANA,2021-07-14,11:15:00,11,MIERCOLES,3,JULIO,7,NO,PEATON QUE CRUZA LA CALZADA SIN RESPETAR LA SENIALIZACION EXISTENTE (SEMAFOROS O SENIALES MANUALES).,ATROPELLOS,AUTOMOVIL,2,0,0,0,0,0,0,0,0,0,0,0,0,2,52,MUJER,FALLECIDO,PEATON,NO,NO,1
27035,106600,106601,2021,0,0,-0.207453,-78.501301,PICHINCHA,QUITO,QUITO,URBANA,2021-07-14,12:15:00,12,MIERCOLES,3,JULIO,7,NO,"NO RESPETAR LAS SENIALES REGLAMENTARIAS DE TRANSITO. (PARE, CEDA EL PASO, LUZ ROJA DEL SEMAFORO, ETC).",CHOQUE LATERAL,CAMION,1,0,0,1,0,0,0,0,0,0,0,0,0,2,45,HOMBRE,ILESO,CONDUCTOR PRESENTE,NO,NO,1
27036,106601,106602,2021,0,0,-0.299432,-78.559038,PICHINCHA,QUITO,QUITO,URBANA,2021-07-14,12:15:00,12,MIERCOLES,3,JULIO,7,NO,"NO RESPETAR LAS SENIALES REGLAMENTARIAS DE TRANSITO. (PARE, CEDA EL PASO, LUZ ROJA DEL SEMAFORO, ETC).",CHOQUE LATERAL,AUTOMOVIL,2,0,0,0,0,0,0,0,0,0,0,0,0,2,70,HOMBRE,ILESO,CONDUCTOR PRESENTE,NO,NO,1
27037,106610,106611,2021,0,0,-0.454028,-78.754806,PICHINCHA,MEJIA,MANUEL CORNEJO ASTORGA,RURAL,2021-07-14,16:23:00,16,MIERCOLES,3,JULIO,7,NO,"CONDUCIR DESATENTO A LAS CONDICIONES DE TRANSITO (CELULAR, PANTALLAS DE VIDEO, COMIDA, MAQUILLAJE O CUALQUIER OTRO ELEMENTO DISTRACTOR).",PERDIDA DE PISTA,AUTOMOVIL,1,0,0,1,0,0,0,0,0,0,0,0,0,2,-1,HOMBRE,ILESO,CONDUCTOR PRESENTE,NO,NO,3
27038,106614,106615,2021,0,0,-0.056281,-78.428246,PICHINCHA,QUITO,CALDERON (CARAPUNGO),RURAL,2021-07-14,18:00:00,18,MIERCOLES,3,JULIO,7,NO,CONDUCIR VEHICULO SUPERANDO LOS LIMITES MAXIMOS DE VELOCIDAD.,ESTRELLAMIENTOS,CAMIONETA,0,0,0,0,1,0,0,0,0,0,0,0,0,1,-1,NO IDENTIFICADO,NO IDENTIFICADO,CONDUCTOR AUSENTE,NO,NO,2
27039,106627,106628,2021,0,0,-0.217884,-78.513075,PICHINCHA,QUITO,QUITO,URBANA,2021-07-14,22:20:00,22,MIERCOLES,3,JULIO,7,NO,NO CEDER EL DERECHO DE VIA O PREFERENCIA DE PASO A VEHICULOS.,CHOQUE LATERAL,AUTOMOVIL,2,0,0,0,0,0,0,0,0,0,0,0,0,2,43,HOMBRE,ILESO,CONDUCTOR PRESENTE,NO,NO,1
27040,106648,106649,2021,2,0,-0.194189,-78.492291,PICHINCHA,QUITO,QUITO,URBANA,2021-07-15,12:50:00,12,JUEVES,4,JULIO,7,NO,"NO RESPETAR LAS SENIALES REGLAMENTARIAS DE TRANSITO. (PARE, CEDA EL PASO, LUZ ROJA DEL SEMAFORO, ETC).",ATROPELLOS,AUTOMOVIL,2,0,0,0,0,0,0,0,0,0,0,0,0,2,36,MUJER,LESIONADO,PASAJERO,NO,NO,1
27041,106649,106650,2021,1,0,-0.269388,-78.552631,PICHINCHA,QUITO,QUITO,URBANA,2021-07-15,13:00:00,13,JUEVES,4,JULIO,7,NO,NO CEDER EL DERECHO DE VIA O PREFERENCIA DE PASO A VEHICULOS.,CHOQUE LATERAL,MOTOCICLETA,1,0,0,0,0,0,0,0,1,0,0,0,0,2,25,HOMBRE,LESIONADO,CONDUCTOR PRESENTE,NO,NO,1
27042,106662,106663,2021,1,0,-0.097182,-78.464475,PICHINCHA,QUITO,QUITO,RURAL,2021-07-15,17:20:00,17,JUEVES,4,JULIO,7,NO,"NO RESPETAR LAS SENIALES REGLAMENTARIAS DE TRANSITO. (PARE, CEDA EL PASO, LUZ ROJA DEL SEMAFORO, ETC).",CHOQUE LATERAL,AUTOMOVIL,1,0,0,0,0,0,0,0,1,0,0,0,0,2,35,HOMBRE,LESIONADO,CONDUCTOR PRESENTE,NO,NO,3
27043,106663,106664,2021,0,0,-0.494291,-78.571158,PICHINCHA,MEJIA,ALOAG,RURAL,2021-07-15,17:30:00,17,JUEVES,4,JULIO,7,NO,"CONDUCIR DESATENTO A LAS CONDICIONES DE TRANSITO (CELULAR, PANTALLAS DE VIDEO, COMIDA, MAQUILLAJE O CUALQUIER OTRO ELEMENTO DISTRACTOR).",CHOQUE POSTERIOR,BUS,0,0,1,0,1,0,0,0,0,0,0,0,0,2,51,HOMBRE,ILESO,CONDUCTOR PRESENTE,NO,SI,3
27044,106676,106677,2021,0,1,-0.440528,-78.696222,PICHINCHA,MEJIA,ALOAG,RURAL,2021-07-15,20:30:00,20,JUEVES,4,JULIO,7,NO,"CONDUCIR DESATENTO A LAS CONDICIONES DE TRANSITO (CELULAR, PANTALLAS DE VIDEO, COMIDA, MAQUILLAJE O CUALQUIER OTRO ELEMENTO DISTRACTOR).",ATROPELLOS,NO IDENTIFICADO,0,0,0,0,0,0,0,0,0,1,0,0,0,1,-1,NO IDENTIFICADO,FALLECIDO,PEATON,NO,NO,3
27045,106685,106686,2021,0,0,-0.326763,-78.550449,PICHINCHA,QUITO,QUITO,URBANA,2021-07-16,02:00:00,2,VIERNES,5,JULIO,7,NO,"NO RESPETAR LAS SENIALES REGLAMENTARIAS DE TRANSITO. (PARE, CEDA EL PASO, LUZ ROJA DEL SEMAFORO, ETC).",CHOQUE POSTERIOR,AUTOMOVIL,1,0,0,0,0,0,0,0,0,1,0,0,0,2,-1,NO IDENTIFICADO,NO IDENTIFICADO,CONDUCTOR AUSENTE,NO,NO,2
27046,106688,106689,2021,0,0,-0.269548,-78.469131,PICHINCHA,QUITO,CONOCOTO,RURAL,2021-07-16,02:45:00,2,VIERNES,5,JULIO,7,NO,CONDUCIR VEHICULO SUPERANDO LOS LIMITES MAXIMOS DE VELOCIDAD.,ESTRELLAMIENTOS,AUTOMOVIL,1,0,0,0,0,0,0,0,0,0,0,0,0,1,-1,NO IDENTIFICADO,NO IDENTIFICADO,CONDUCTOR AUSENTE,NO,NO,2
27047,106689,106690,2021,0,0,-0.236129,-78.526758,PICHINCHA,QUITO,QUITO,URBANA,2021-07-16,02:45:00,2,VIERNES,5,JULIO,7,NO,CONDUCIR VEHICULO SUPERANDO LOS LIMITES MAXIMOS DE VELOCIDAD.,ESTRELLAMIENTOS,AUTOMOVIL,1,0,0,0,0,0,0,0,0,0,0,0,0,1,-1,NO IDENTIFICADO,NO IDENTIFICADO,CONDUCTOR AUSENTE,NO,NO,2
27048,106690,106691,2021,0,0,-0.189085,-78.511758,PICHINCHA,QUITO,QUITO,URBANA,2021-07-16,02:50:00,2,VIERNES,5,JULIO,7,NO,CONDUCIR VEHICULO SUPERANDO LOS LIMITES MAXIMOS DE VELOCIDAD.,OTROS,AUTOMOVIL,1,0,0,0,0,0,0,0,0,0,0,0,0,1,-1,NO IDENTIFICADO,NO IDENTIFICADO,CONDUCTOR AUSENTE,NO,NO,2
27049,106691,106692,2021,3,0,-0.304063,-78.559177,PICHINCHA,QUITO,QUITO,URBANA,2021-07-16,04:15:00,4,VIERNES,5,JULIO,7,NO,CONDUCIR EN SENTIDO CONTRARIO A LA VIA NORMAL DE CIRCULACION.,CHOQUE FRONTAL,AUTOMOVIL,1,0,0,0,0,0,0,0,1,0,0,0,0,2,32,HOMBRE,LESIONADO,PASAJERO,NO,NO,1
27050,106702,106703,2021,1,3,0.026001,-78.632512,PICHINCHA,QUITO,NONO,RURAL,2021-07-16,09:40:00,9,VIERNES,5,JULIO,7,NO,CONDUCIR VEHICULO SUPERANDO LOS LIMITES MAXIMOS DE VELOCIDAD.,PERDIDA DE CARRIL,CAMIONETA,0,0,0,0,1,0,0,0,0,0,0,0,0,1,14,HOMBRE,FALLECIDO,PASAJERO,NO,SI,3
27051,106705,106706,2021,1,0,-0.242015,-78.329368,PICHINCHA,QUITO,PIFO,RURAL,2021-07-16,12:30:00,12,VIERNES,5,JULIO,7,NO,"CONDUCIR DESATENTO A LAS CONDICIONES DE TRANSITO (CELULAR, PANTALLAS DE VIDEO, COMIDA, MAQUILLAJE O CUALQUIER OTRO ELEMENTO DISTRACTOR).",CHOQUE FRONTAL,AUTOMOVIL,2,0,0,0,0,0,0,0,0,0,0,0,0,2,39,HOMBRE,LESIONADO,CONDUCTOR PRESENTE,NO,SI,3
27052,106707,106708,2021,0,0,-0.241608,-78.482161,PICHINCHA,QUITO,QUITO,URBANA,2021-07-16,13:23:00,13,VIERNES,5,JULIO,7,NO,"FALLA MECANICA EN LOS SISTEMAS Y/O NEUMATICOS (SISTEMA DE FRENOS, DIRECCION, ELECTRONICO O MECANICO).",ESTRELLAMIENTOS,AUTOMOVIL,1,0,0,1,0,0,0,0,0,0,0,0,0,2,62,HOMBRE,ILESO,CONDUCTOR PRESENTE,NO,NO,1
27053,106708,106709,2021,0,0,-0.214883,-78.433737,PICHINCHA,QUITO,CUMBAYA,RURAL,2021-07-16,13:51:00,13,VIERNES,5,JULIO,7,NO,NO CEDER EL DERECHO DE VIA O PREFERENCIA DE PASO A VEHICULOS.,CHOQUE LATERAL,AUTOMOVIL,2,0,0,0,0,0,0,0,0,0,0,0,0,2,74,MUJER,ILESO,PASAJERO,NO,NO,3
27054,106710,106711,2021,0,0,-0.176549,-78.481391,PICHINCHA,QUITO,QUITO,URBANA,2021-07-16,14:00:00,14,VIERNES,5,JULIO,7,NO,"CONDUCIR DESATENTO A LAS CONDICIONES DE TRANSITO (CELULAR, PANTALLAS DE VIDEO, COMIDA, MAQUILLAJE O CUALQUIER OTRO ELEMENTO DISTRACTOR).",CHOQUE LATERAL,AUTOMOVIL,2,0,0,0,0,0,0,0,0,0,0,0,0,2,46,MUJER,ILESO,PASAJERO,NO,NO,1
27055,106713,106714,2021,0,0,-0.238868,-78.530183,PICHINCHA,QUITO,QUITO,URBANA,2021-07-16,14:22:00,14,VIERNES,5,JULIO,7,NO,"NO RESPETAR LAS SENIALES REGLAMENTARIAS DE TRANSITO. (PARE, CEDA EL PASO, LUZ ROJA DEL SEMAFORO, ETC).",CHOQUE LATERAL,AUTOMOVIL,2,0,0,0,0,0,0,0,0,0,0,0,0,2,32,HOMBRE,ILESO,CONDUCTOR PRESENTE,NO,NO,1
27056,106718,106719,2021,3,0,-0.004436,-78.317588,PICHINCHA,PEDRO MONCAYO,TOCACHI,RURAL,2021-07-16,15:40:00,15,VIERNES,5,JULIO,7,NO,"CONDUCIR DESATENTO A LAS CONDICIONES DE TRANSITO (CELULAR, PANTALLAS DE VIDEO, COMIDA, MAQUILLAJE O CUALQUIER OTRO ELEMENTO DISTRACTOR).",CHOQUE FRONTAL,BUS,1,0,1,0,0,0,0,0,0,0,0,0,0,2,56,MUJER,LESIONADO,PASAJERO,NO,SI,3
27057,106730,106731,2021,0,0,-0.003782,-78.525996,PICHINCHA,QUITO,CALACALI,RURAL,2021-07-16,18:50:00,18,VIERNES,5,JULIO,7,NO,"CONDUCIR DESATENTO A LAS CONDICIONES DE TRANSITO (CELULAR, PANTALLAS DE VIDEO, COMIDA, MAQUILLAJE O CUALQUIER OTRO ELEMENTO DISTRACTOR).",CHOQUE POSTERIOR,CAMION,0,0,0,1,0,0,0,0,0,0,0,0,0,1,63,HOMBRE,ILESO,CONDUCTOR PRESENTE,NO,SI,3
27058,106731,106732,2021,0,1,-0.388354,-78.517521,PICHINCHA,QUITO,AMAGUANIA,RURAL,2021-07-16,19:00:00,19,VIERNES,5,JULIO,7,NO,"CONDUCIR DESATENTO A LAS CONDICIONES DE TRANSITO (CELULAR, PANTALLAS DE VIDEO, COMIDA, MAQUILLAJE O CUALQUIER OTRO ELEMENTO DISTRACTOR).",CHOQUE LATERAL,MOTOCICLETA,0,0,0,0,0,0,0,0,1,0,0,0,0,1,33,HOMBRE,FALLECIDO,CONDUCTOR PRESENTE,NO,SI,3
27059,106735,106736,2021,0,0,-0.207363,-78.512548,PICHINCHA,QUITO,QUITO,URBANA,2021-07-16,20:05:00,20,VIERNES,5,JULIO,7,NO,"CONDUCE BAJO LA INFLUENCIA DE ALCOHOL, SUSTANCIAS ESTUPEFACIENTES O PSICOTROPICAS Y/O MEDICAMENTOS.",CHOQUE LATERAL,AUTOMOVIL,2,0,0,0,0,0,0,0,0,0,0,0,0,2,58,MUJER,ILESO,PASAJERO,NO,NO,1
27060,106746,106747,2021,0,0,-0.260632,-78.555006,PICHINCHA,QUITO,QUITO,URBANA,2021-07-16,23:10:00,23,VIERNES,5,JULIO,7,NO,CONDUCIR VEHICULO SUPERANDO LOS LIMITES MAXIMOS DE VELOCIDAD.,ESTRELLAMIENTOS,AUTOMOVIL,1,0,0,0,0,0,0,0,0,0,0,0,0,1,-1,NO IDENTIFICADO,NO IDENTIFICADO,CONDUCTOR AUSENTE,NO,NO,2
27061,106749,106750,2021,0,0,-0.137403,-78.466887,PICHINCHA,QUITO,QUITO,URBANA,2021-07-16,23:54:00,23,VIERNES,5,JULIO,7,NO,"CONDUCE BAJO LA INFLUENCIA DE ALCOHOL, SUSTANCIAS ESTUPEFACIENTES O PSICOTROPICAS Y/O MEDICAMENTOS.",COLISION,AUTOMOVIL,1,0,0,1,1,0,0,0,0,0,0,0,0,3,35,HOMBRE,ILESO,CONDUCTOR PRESENTE,NO,NO,1
27062,106750,106751,2021,0,0,-0.181537,-78.481949,PICHINCHA,QUITO,QUITO,URBANA,2021-07-16,23:55:00,23,VIERNES,5,JULIO,7,NO,"NO RESPETAR LAS SENIALES REGLAMENTARIAS DE TRANSITO. (PARE, CEDA EL PASO, LUZ ROJA DEL SEMAFORO, ETC).",CHOQUE LATERAL,AUTOMOVIL,2,0,0,0,0,0,0,0,0,0,0,0,0,2,27,MUJER,ILESO,CONDUCTOR PRESENTE,NO,NO,1
27063,106751,106752,2021,0,0,-0.185856,-78.477867,PICHINCHA,QUITO,QUITO,URBANA,2021-07-17,01:15:00,1,SABADO,6,JULIO,7,NO,CONDUCIR VEHICULO SUPERANDO LOS LIMITES MAXIMOS DE VELOCIDAD.,ESTRELLAMIENTOS,AUTOMOVIL,1,0,0,0,0,0,0,0,0,0,0,0,0,1,-1,NO IDENTIFICADO,NO IDENTIFICADO,CONDUCTOR AUSENTE,NO,NO,2
27064,106758,106759,2021,0,0,-0.197247,-78.478994,PICHINCHA,QUITO,QUITO,URBANA,2021-07-17,05:20:00,5,SABADO,6,JULIO,7,NO,CONDUCIR VEHICULO SUPERANDO LOS LIMITES MAXIMOS DE VELOCIDAD.,ESTRELLAMIENTOS,AUTOMOVIL,1,0,0,0,0,0,0,0,0,0,0,0,0,1,-1,NO IDENTIFICADO,NO IDENTIFICADO,CONDUCTOR AUSENTE,NO,NO,2
27065,106761,106762,2021,0,0,-0.134606,-78.467843,PICHINCHA,QUITO,QUITO,URBANA,2021-07-17,06:00:00,6,SABADO,6,JULIO,7,NO,CONDUCIR VEHICULO SUPERANDO LOS LIMITES MAXIMOS DE VELOCIDAD.,ESTRELLAMIENTOS,FURGONETA,0,0,0,0,0,0,0,1,0,0,0,0,0,1,-1,NO IDENTIFICADO,NO IDENTIFICADO,CONDUCTOR AUSENTE,NO,NO,2
27066,106763,106764,2021,0,0,-0.020467,-78.562315,PICHINCHA,QUITO,NONO,RURAL,2021-07-17,06:30:00,6,SABADO,6,JULIO,7,NO,"FALLA MECANICA EN LOS SISTEMAS Y/O NEUMATICOS (SISTEMA DE FRENOS, DIRECCION, ELECTRONICO O MECANICO).",ESTRELLAMIENTOS,AUTOMOVIL,1,0,0,0,0,0,0,0,0,0,0,0,0,1,45,HOMBRE,ILESO,CONDUCTOR PRESENTE,NO,NO,3
27067,106769,106770,2021,0,0,-0.154317,-78.474504,PICHINCHA,QUITO,QUITO,URBANA,2021-07-17,09:51:00,9,SABADO,6,JULIO,7,NO,"NO RESPETAR LAS SENIALES REGLAMENTARIAS DE TRANSITO. (PARE, CEDA EL PASO, LUZ ROJA DEL SEMAFORO, ETC).",CHOQUE LATERAL,AUTOMOVIL,2,0,0,0,0,0,0,0,0,0,0,0,0,2,23,HOMBRE,ILESO,CONDUCTOR PRESENTE,NO,NO,1
27068,106772,106773,2021,2,0,-0.339979,-78.217649,PICHINCHA,QUITO,PIFO,RURAL,2021-07-17,13:00:00,13,SABADO,6,JULIO,7,NO,"CONDUCIR DESATENTO A LAS CONDICIONES DE TRANSITO (CELULAR, PANTALLAS DE VIDEO, COMIDA, MAQUILLAJE O CUALQUIER OTRO ELEMENTO DISTRACTOR).",PERDIDA DE CARRIL,VEHICULO DEPORTIVO UTILITARIO,0,0,0,0,0,0,0,0,0,0,0,0,1,1,36,MUJER,LESIONADO,PASAJERO,NO,SI,3
27069,106778,106779,2021,2,1,-0.358955,-78.534678,PICHINCHA,QUITO,QUITO,RURAL,2021-07-17,15:00:00,15,SABADO,6,JULIO,7,NO,"CONDUCIR DESATENTO A LAS CONDICIONES DE TRANSITO (CELULAR, PANTALLAS DE VIDEO, COMIDA, MAQUILLAJE O CUALQUIER OTRO ELEMENTO DISTRACTOR).",PERDIDA DE CARRIL,CAMION,0,0,0,1,0,0,0,0,0,0,0,0,0,1,81,MUJER,FALLECIDO,PASAJERO,NO,SI,3
27070,106781,106782,2021,0,0,-0.325994,-78.555998,PICHINCHA,QUITO,QUITO,URBANA,2021-07-17,16:00:00,16,SABADO,6,JULIO,7,NO,"CONDUCE BAJO LA INFLUENCIA DE ALCOHOL, SUSTANCIAS ESTUPEFACIENTES O PSICOTROPICAS Y/O MEDICAMENTOS.",ESTRELLAMIENTOS,CAMIONETA,0,0,0,0,1,0,0,0,0,0,0,0,0,1,59,HOMBRE,ILESO,CONDUCTOR PRESENTE,NO,NO,1
27071,106782,106783,2021,2,0,-0.203056,-78.458398,PICHINCHA,QUITO,QUITO,RURAL,2021-07-17,16:10:00,16,SABADO,6,JULIO,7,NO,NO GUARDAR LA DISTANCIA LATERAL MINIMA DE SEGURIDAD ENTRE VEHICULOS.,ROZAMIENTOS,AUTOMOVIL,1,0,0,0,1,0,0,0,0,0,0,0,0,2,22,HOMBRE,LESIONADO,PASAJERO,NO,NO,3
27072,106798,106799,2021,0,0,-0.458806,-78.758806,PICHINCHA,MEJIA,MANUEL CORNEJO ASTORGA,RURAL,2021-07-17,20:00:00,20,SABADO,6,JULIO,7,NO,"CONDUCIR DESATENTO A LAS CONDICIONES DE TRANSITO (CELULAR, PANTALLAS DE VIDEO, COMIDA, MAQUILLAJE O CUALQUIER OTRO ELEMENTO DISTRACTOR).",PERDIDA DE PISTA,CAMION,0,0,0,1,0,0,0,0,0,0,0,0,0,1,-1,HOMBRE,ILESO,CONDUCTOR PRESENTE,NO,NO,3
27073,106808,106809,2021,1,0,-0.308006,-78.559416,PICHINCHA,QUITO,QUITO,URBANA,2021-07-17,22:09:00,22,SABADO,6,JULIO,7,NO,"FALLA MECANICA EN LOS SISTEMAS Y/O NEUMATICOS (SISTEMA DE FRENOS, DIRECCION, ELECTRONICO O MECANICO).",ESTRELLAMIENTOS,MOTOCICLETA,0,0,0,0,0,0,0,0,1,0,0,0,0,1,39,HOMBRE,LESIONADO,CONDUCTOR PRESENTE,NO,NO,1
27074,106809,106810,2021,0,0,-0.168468,-78.469449,PICHINCHA,QUITO,QUITO,URBANA,2021-07-17,22:10:00,22,SABADO,6,JULIO,7,NO,NO CEDER EL DERECHO DE VIA O PREFERENCIA DE PASO A VEHICULOS.,CHOQUE LATERAL,BUS,1,0,1,0,0,0,0,0,0,0,0,0,0,2,29,HOMBRE,ILESO,CONDUCTOR PRESENTE,NO,NO,1
27075,106814,106815,2021,1,0,-0.252621,-78.492336,PICHINCHA,QUITO,QUITO,URBANA,2021-07-18,00:10:00,0,DOMINGO,7,JULIO,7,NO,CONDUCIR VEHICULO SUPERANDO LOS LIMITES MAXIMOS DE VELOCIDAD.,OTROS,NO IDENTIFICADO,0,0,0,0,0,0,0,0,0,1,0,0,0,1,20,MUJER,LESIONADO,PASAJERO,NO,NO,1
27076,106818,106819,2021,0,1,-0.119364,-78.471343,PICHINCHA,QUITO,QUITO,URBANA,2021-07-18,01:40:00,1,DOMINGO,7,JULIO,7,NO,"NO RESPETAR LAS SENIALES REGLAMENTARIAS DE TRANSITO. (PARE, CEDA EL PASO, LUZ ROJA DEL SEMAFORO, ETC).",OTROS,AUTOMOVIL,1,0,0,0,0,0,0,0,1,0,0,0,0,2,33,HOMBRE,FALLECIDO,CONDUCTOR PRESENTE,NO,NO,1
27077,106829,106830,2021,0,0,-0.006166,-78.444374,PICHINCHA,QUITO,SAN ANTONIO (QUITO),RURAL,2021-07-18,02:50:00,2,DOMINGO,7,JULIO,7,NO,NO CEDER EL DERECHO DE VIA O PREFERENCIA DE PASO A VEHICULOS.,CHOQUE LATERAL,CAMIONETA,1,0,0,0,1,0,0,0,0,0,0,0,0,2,33,HOMBRE,ILESO,CONDUCTOR PRESENTE,NO,NO,3
27078,106830,106831,2021,1,0,-0.101492,-78.468991,PICHINCHA,QUITO,QUITO,URBANA,2021-07-18,03:15:00,3,DOMINGO,7,JULIO,7,NO,"CONDICIONES AMBIENTALES Y/O ATMOSFERICAS (NIEBLA, NEBLINA, GRANIZO, LLUVIA).",ESTRELLAMIENTOS,AUTOMOVIL,1,0,0,0,0,0,0,0,0,0,0,0,0,1,20,MUJER,LESIONADO,PASAJERO,NO,NO,1
27079,106841,106842,2021,1,0,-0.191791,-78.497691,PICHINCHA,QUITO,QUITO,URBANA,2021-07-18,06:00:00,6,DOMINGO,7,JULIO,7,NO,"CONDICIONES AMBIENTALES Y/O ATMOSFERICAS (NIEBLA, NEBLINA, GRANIZO, LLUVIA).",CHOQUE LATERAL,MOTOCICLETA,0,0,0,0,0,0,0,0,1,1,0,0,0,2,38,HOMBRE,LESIONADO,CONDUCTOR PRESENTE,NO,NO,1