,Unnamed: 0,ID,ANIO,LESIONADOS,FALLECIDOS,LATITUD_Y,LONGITUD_X,PROVINCIA,CANTON,PARROQUIA,ZONA,FECHA,HORA,PERIODO_2,DIA_1,DIA_2,MES_1,MES_2,FERIADO,CAUSA_PROBABLE,TIPO_DE_SINIESTRO,TIPO_DE_VEHICULO_1,AUTOMOVIL,BICICLETA,BUS,CAMION,CAMIONETA,EMERGENCIAS,ESPECIAL,FURGONETA,MOTOCICLETA,NO_IDENTIFICADO,SCOOTER_ELECTRICO,TRICIMOTO,VEHICULO_DEPORTIVO_UTILITARIO,SUMA_DE_VEHICULOS,EDAD_1,SEXO_1,CONDICION_1,PARTICIPANTE_1,CASCO_1,CINTURON_1,KMeans_Cluster
27136,107178,107179,2021,0,0,-0.307241,-78.550842,PICHINCHA,QUITO,QUITO,URBANA,2021-07-24,10:40:00,10,SABADO,6,JULIO,7,NO,CONDUCIR VEHICULO SUPERANDO LOS LIMITES MAXIMOS DE VELOCIDAD.,ESTRELLAMIENTOS,AUTOMOVIL,2,0,0,0,0,0,0,0,0,0,0,0,0,2,-1,NO IDENTIFICADO,NO IDENTIFICADO,CONDUCTOR AUSENTE,NO,NO,2
27137,107180,107181,2021,0,0,-0.119717,-78.502436,PICHINCHA,QUITO,QUITO,URBANA,2021-07-24,11:15:00,11,SABADO,6,JULIO,7,NO,NO CEDER EL DERECHO DE VIA O PREFERENCIA DE PASO A VEHICULOS.,CHOQUE LATERAL,AUTOMOVIL,2,0,0,0,0,0,0,0,0,0,0,0,0,2,79,HOMBRE,ILESO,CONDUCTOR PRESENTE,NO,NO,1
27138,107181,107182,2021,0,0,-0.123662,-78.495509,PICHINCHA,QUITO,QUITO,URBANA,2021-07-24,12:40:00,12,SABADO,6,JULIO,7,NO,"NO RESPETAR LAS SENIALES REGLAMENTARIAS DE TRANSITO. (PARE, CEDA EL PASO, LUZ ROJA DEL SEMAFORO, ETC).",CHOQUE LATERAL,AUTOMOVIL,1,0,0,0,0,0,0,0,1,0,0,0,0,2,24,HOMBRE,ILESO,CONDUCTOR PRESENTE,NO,NO,1
27139,107202,107203,2021,0,0,-0.501937,-78.572344,PICHINCHA,MEJIA,MACHACHI,RURAL,2021-07-24,19:30:00,19,SABADO,6,JULIO,7,NO,"CONDUCIR DESATENTO A LAS CONDICIONES DE TRANSITO (CELULAR, PANTALLAS DE VIDEO, COMIDA, MAQUILLAJE O CUALQUIER OTRO ELEMENTO DISTRACTOR).",COLISION,CAMION,0,0,0,1,1,0,0,0,0,0,0,0,1,3,71,HOMBRE,ILESO,CONDUCTOR PRESENTE,NO,SI,3
27140,107205,107206,2021,0,0,-0.238462,-78.526164,PICHINCHA,QUITO,QUITO,URBANA,2021-07-24,20:56:00,20,SABADO,6,JULIO,7,NO,"CONDUCE BAJO LA INFLUENCIA DE ALCOHOL, SUSTANCIAS ESTUPEFACIENTES O PSICOTROPICAS Y/O MEDICAMENTOS.",ESTRELLAMIENTOS,AUTOMOVIL,2,0,0,0,0,0,0,0,0,0,0,0,0,2,38,HOMBRE,ILESO,CONDUCTOR PRESENTE,NO,NO,1
27141,107207,107208,2021,3,0,-0.297762,-78.553011,PICHINCHA,QUITO,QUITO,URBANA,2021-07-24,21:05:00,21,SABADO,6,JULIO,7,NO,CONDUCIR VEHICULO SUPERANDO LOS LIMITES MAXIMOS DE VELOCIDAD.,CHOQUE LATERAL,AUTOMOVIL,2,0,0,0,0,0,0,0,0,0,0,0,0,2,12,MUJER,LESIONADO,PASAJERO,NO,NO,1
27142,107208,107209,2021,0,0,-0.279161,-78.542889,PICHINCHA,QUITO,QUITO,URBANA,2021-07-24,21:25:00,21,SABADO,6,JULIO,7,NO,"CONDUCE BAJO LA INFLUENCIA DE ALCOHOL, SUSTANCIAS ESTUPEFACIENTES O PSICOTROPICAS Y/O MEDICAMENTOS.",COLISION,MOTOCICLETA,1,0,0,1,0,0,0,0,1,0,0,0,0,3,24,HOMBRE,ILESO,CONDUCTOR PRESENTE,NO,NO,1
27143,107211,107212,2021,0,0,-0.245278,-78.498167,PICHINCHA,QUITO,QUITO,URBANA,2021-07-24,21:40:00,21,SABADO,6,JULIO,7,NO,"CONDUCE BAJO LA INFLUENCIA DE ALCOHOL, SUSTANCIAS ESTUPEFACIENTES O PSICOTROPICAS Y/O MEDICAMENTOS.",OTROS,AUTOMOVIL,2,0,0,0,0,0,0,1,0,0,0,0,0,3,30,MUJER,ILESO,CONDUCTOR PRESENTE,NO,NO,1
27144,107223,107224,2021,0,0,-0.284369,-78.518971,PICHINCHA,QUITO,QUITO,URBANA,2021-07-25,01:00:00,1,DOMINGO,7,JULIO,7,NO,"CONDICIONES AMBIENTALES Y/O ATMOSFERICAS (NIEBLA, NEBLINA, GRANIZO, LLUVIA).",PERDIDA DE CARRIL,AUTOMOVIL,1,0,0,0,0,0,0,0,0,0,0,0,0,1,44,HOMBRE,ILESO,CONDUCTOR PRESENTE,NO,NO,1
27145,107227,107228,2021,2,0,-0.195101,-78.367491,PICHINCHA,QUITO,PUEMBO,RURAL,2021-07-25,02:45:00,2,DOMINGO,7,JULIO,7,NO,"CONDUCE BAJO LA INFLUENCIA DE ALCOHOL, SUSTANCIAS ESTUPEFACIENTES O PSICOTROPICAS Y/O MEDICAMENTOS.",ESTRELLAMIENTOS,MOTOCICLETA,0,0,0,0,0,0,0,0,1,0,0,0,0,1,25,HOMBRE,LESIONADO,PASAJERO,NO,NO,3
27146,107232,107233,2021,0,0,-0.133549,-78.500783,PICHINCHA,QUITO,QUITO,URBANA,2021-07-25,04:20:00,4,DOMINGO,7,JULIO,7,NO,CONDUCIR VEHICULO SUPERANDO LOS LIMITES MAXIMOS DE VELOCIDAD.,ESTRELLAMIENTOS,AUTOMOVIL,1,0,0,0,0,0,0,0,0,0,0,0,0,1,-1,NO IDENTIFICADO,NO IDENTIFICADO,CONDUCTOR AUSENTE,NO,NO,2
27147,107242,107243,2021,1,0,-0.299015,-78.531528,PICHINCHA,QUITO,QUITO,URBANA,2021-07-25,05:35:00,5,DOMINGO,7,JULIO,7,NO,"CONDICIONES AMBIENTALES Y/O ATMOSFERICAS (NIEBLA, NEBLINA, GRANIZO, LLUVIA).",PERDIDA DE CARRIL,MOTOCICLETA,0,0,0,0,0,0,0,0,1,0,0,0,0,1,31,HOMBRE,LESIONADO,CONDUCTOR PRESENTE,NO,NO,1
27148,107249,107250,2021,0,0,-0.253032,-78.539738,PICHINCHA,QUITO,QUITO,URBANA,2021-07-25,07:15:00,7,DOMINGO,7,JULIO,7,NO,"CONDUCE BAJO LA INFLUENCIA DE ALCOHOL, SUSTANCIAS ESTUPEFACIENTES O PSICOTROPICAS Y/O MEDICAMENTOS.",CHOQUE POSTERIOR,MOTOCICLETA,1,0,0,0,0,0,0,0,1,0,0,0,0,2,32,HOMBRE,ILESO,CONDUCTOR PRESENTE,NO,NO,1
27149,107253,107254,2021,0,0,-0.159028,-78.490367,PICHINCHA,QUITO,QUITO,URBANA,2021-07-25,08:40:00,8,DOMINGO,7,JULIO,7,NO,CONDUCIR VEHICULO SUPERANDO LOS LIMITES MAXIMOS DE VELOCIDAD.,OTROS,CAMIONETA,0,0,0,0,1,0,0,0,0,0,0,0,0,1,-1,NO IDENTIFICADO,NO IDENTIFICADO,CONDUCTOR AUSENTE,NO,NO,2
27150,107256,107257,2021,1,0,-0.512247,-78.566915,PICHINCHA,MEJIA,MACHACHI,URBANA,2021-07-25,09:10:00,9,DOMINGO,7,JULIO,7,NO,"CONDUCIR DESATENTO A LAS CONDICIONES DE TRANSITO (CELULAR, PANTALLAS DE VIDEO, COMIDA, MAQUILLAJE O CUALQUIER OTRO ELEMENTO DISTRACTOR).",CHOQUE LATERAL,MOTOCICLETA,0,0,0,0,0,0,0,0,1,0,0,0,1,2,26,HOMBRE,LESIONADO,PASAJERO,NO,SI,1
27151,107258,107259,2021,3,0,-0.091585,-78.439052,PICHINCHA,QUITO,CALDERON (CARAPUNGO),RURAL,2021-07-25,09:55:00,9,DOMINGO,7,JULIO,7,NO,REALIZAR CAMBIO BRUSCO O INDEBIDO DE CARRIL.,CHOQUE LATERAL,MOTOCICLETA,0,0,0,0,0,0,0,1,1,0,0,0,0,2,22,MUJER,LESIONADO,PASAJERO,NO,NO,3
27152,107269,107270,2021,1,0,-0.133549,-78.500783,PICHINCHA,QUITO,QUITO,URBANA,2021-07-25,12:55:00,12,DOMINGO,7,JULIO,7,NO,"NO RESPETAR LAS SENIALES REGLAMENTARIAS DE TRANSITO. (PARE, CEDA EL PASO, LUZ ROJA DEL SEMAFORO, ETC).",CHOQUE LATERAL,AUTOMOVIL,1,0,0,0,0,0,0,0,1,0,0,0,0,2,20,HOMBRE,LESIONADO,CONDUCTOR PRESENTE,NO,NO,1
27153,107274,107275,2021,0,0,-0.222034,-78.508205,PICHINCHA,QUITO,QUITO,URBANA,2021-07-25,15:25:00,15,DOMINGO,7,JULIO,7,NO,"CONDICIONES AMBIENTALES Y/O ATMOSFERICAS (NIEBLA, NEBLINA, GRANIZO, LLUVIA).",CHOQUE POSTERIOR,AUTOMOVIL,1,0,1,0,0,0,0,0,0,0,0,0,0,2,20,MUJER,ILESO,CONDUCTOR PRESENTE,NO,NO,1
27154,107277,107278,2021,0,0,-0.451972,-78.753251,PICHINCHA,MEJIA,MANUEL CORNEJO ASTORGA,RURAL,2021-07-25,16:50:00,16,DOMINGO,7,JULIO,7,NO,"CONDUCIR DESATENTO A LAS CONDICIONES DE TRANSITO (CELULAR, PANTALLAS DE VIDEO, COMIDA, MAQUILLAJE O CUALQUIER OTRO ELEMENTO DISTRACTOR).",PERDIDA DE PISTA,VEHICULO DEPORTIVO UTILITARIO,0,0,0,0,0,0,0,0,0,0,0,0,1,1,67,HOMBRE,ILESO,CONDUCTOR PRESENTE,NO,NO,3
27155,107295,107296,2021,0,0,-0.197826,-78.466466,PICHINCHA,QUITO,QUITO,RURAL,2021-07-25,22:40:00,22,DOMINGO,7,JULIO,7,NO,CONDUCIR VEHICULO SUPERANDO LOS LIMITES MAXIMOS DE VELOCIDAD.,ESTRELLAMIENTOS,AUTOMOVIL,1,0,0,0,0,0,0,0,0,0,0,0,0,1,-1,NO IDENTIFICADO,NO IDENTIFICADO,CONDUCTOR AUSENTE,NO,NO,2
27156,107297,107298,2021,0,0,-0.290531,-78.488618,PICHINCHA,QUITO,CONOCOTO,RURAL,2021-07-25,23:25:00,23,DOMINGO,7,JULIO,7,NO,NO CEDER EL DERECHO DE VIA O PREFERENCIA DE PASO A VEHICULOS.,CHOQUE LATERAL,AUTOMOVIL,1,0,0,0,0,0,0,0,0,1,0,0,0,2,28,HOMBRE,ILESO,CONDUCTOR PRESENTE,NO,NO,3
27157,107302,107303,2021,0,0,-0.006326,-78.440614,PICHINCHA,QUITO,SAN ANTONIO (QUITO),RURAL,2021-07-26,03:10:00,3,LUNES,1,JULIO,7,NO,"CONDUCE BAJO LA INFLUENCIA DE ALCOHOL, SUSTANCIAS ESTUPEFACIENTES O PSICOTROPICAS Y/O MEDICAMENTOS.",CHOQUE LATERAL,AUTOMOVIL,2,0,0,0,0,0,0,0,0,0,0,0,0,2,43,HOMBRE,ILESO,CONDUCTOR PRESENTE,NO,NO,3
27158,107317,107318,2021,0,0,-0.100622,-78.472207,PICHINCHA,QUITO,QUITO,URBANA,2021-07-26,09:23:00,9,LUNES,1,JULIO,7,NO,CONDUCIR VEHICULO SUPERANDO LOS LIMITES MAXIMOS DE VELOCIDAD.,COLISION,AUTOMOVIL,2,0,0,1,1,0,0,0,0,0,0,0,0,4,35,MUJER,ILESO,CONDUCTOR PRESENTE,NO,NO,1
27159,107363,107364,2021,1,0,-0.109414,-78.504101,PICHINCHA,QUITO,QUITO,URBANA,2021-07-27,08:15:00,8,MARTES,2,JULIO,7,NO,NO MANTENER LA DISTANCIA PRUDENCIAL CON RESPECTO AL VEHICULO QUE LE ANTECEDE.,CHOQUE POSTERIOR,MOTOCICLETA,0,0,0,0,0,0,0,0,1,2,0,0,0,3,28,MUJER,LESIONADO,PASAJERO,NO,NO,1
27160,107380,107381,2021,0,0,-0.270245,-78.544685,PICHINCHA,QUITO,QUITO,URBANA,2021-07-27,14:55:00,14,MARTES,2,JULIO,7,NO,"NO RESPETAR LAS SENIALES REGLAMENTARIAS DE TRANSITO. (PARE, CEDA EL PASO, LUZ ROJA DEL SEMAFORO, ETC).",VOLCAMIENTOS,AUTOMOVIL,1,0,0,0,0,0,0,0,1,0,0,0,0,2,27,HOMBRE,ILESO,CONDUCTOR PRESENTE,NO,NO,1
27161,107387,107388,2021,0,0,-0.197826,-78.466466,PICHINCHA,QUITO,QUITO,RURAL,2021-07-27,16:20:00,16,MARTES,2,JULIO,7,NO,CONDUCIR VEHICULO SUPERANDO LOS LIMITES MAXIMOS DE VELOCIDAD.,COLISION,AUTOMOVIL,3,0,0,0,0,0,0,0,0,0,0,0,0,3,74,HOMBRE,ILESO,CONDUCTOR PRESENTE,NO,NO,3
27162,107390,107391,2021,1,0,-0.146771,-78.498904,PICHINCHA,QUITO,QUITO,URBANA,2021-07-27,16:44:00,16,MARTES,2,JULIO,7,NO,CONDUCIR VEHICULO SUPERANDO LOS LIMITES MAXIMOS DE VELOCIDAD.,COLISION,AUTOMOVIL,4,0,0,0,0,0,0,0,0,0,0,0,0,4,42,MUJER,LESIONADO,CONDUCTOR PRESENTE,NO,NO,1
27163,107403,107404,2021,0,0,-0.190339,-78.472047,PICHINCHA,QUITO,QUITO,RURAL,2021-07-27,20:50:00,20,MARTES,2,JULIO,7,NO,"CONDUCE BAJO LA INFLUENCIA DE ALCOHOL, SUSTANCIAS ESTUPEFACIENTES O PSICOTROPICAS Y/O MEDICAMENTOS.",ESTRELLAMIENTOS,CAMIONETA,0,0,0,0,1,0,0,0,0,0,0,0,0,1,53,HOMBRE,ILESO,CONDUCTOR PRESENTE,NO,NO,3
27164,107414,107415,2021,0,0,-0.208645,-78.501729,PICHINCHA,QUITO,QUITO,URBANA,2021-07-28,07:50:00,7,MIERCOLES,3,JULIO,7,NO,"NO RESPETAR LAS SENIALES REGLAMENTARIAS DE TRANSITO. (PARE, CEDA EL PASO, LUZ ROJA DEL SEMAFORO, ETC).",CHOQUE LATERAL,AUTOMOVIL,2,0,0,0,0,0,0,0,0,0,0,0,0,2,45,HOMBRE,ILESO,CONDUCTOR PRESENTE,NO,NO,1
27165,107415,107416,2021,0,0,-0.129197,-78.502316,PICHINCHA,QUITO,QUITO,URBANA,2021-07-28,08:00:00,8,MIERCOLES,3,JULIO,7,NO,CONDUCIR VEHICULO SUPERANDO LOS LIMITES MAXIMOS DE VELOCIDAD.,COLISION,AUTOMOVIL,2,0,0,0,0,0,0,0,0,1,0,0,0,3,33,MUJER,ILESO,CONDUCTOR PRESENTE,NO,NO,1
27166,107416,107417,2021,1,0,-0.120424,-78.415686,PICHINCHA,QUITO,CALDERON (CARAPUNGO),RURAL,2021-07-28,08:50:00,8,MIERCOLES,3,JULIO,7,NO,"CONDUCIR DESATENTO A LAS CONDICIONES DE TRANSITO (CELULAR, PANTALLAS DE VIDEO, COMIDA, MAQUILLAJE O CUALQUIER OTRO ELEMENTO DISTRACTOR).",ARROLLAMIENTOS,CAMIONETA,0,0,0,0,1,0,0,0,0,0,0,0,0,1,48,MUJER,LESIONADO,PEATON,NO,NO,3
27167,107424,107425,2021,0,0,-0.233482,-78.513925,PICHINCHA,QUITO,QUITO,URBANA,2021-07-28,13:23:00,13,MIERCOLES,3,JULIO,7,NO,NO GUARDAR LA DISTANCIA LATERAL MINIMA DE SEGURIDAD ENTRE VEHICULOS.,ROZAMIENTOS,AUTOMOVIL,1,0,0,0,0,0,0,0,1,0,0,0,0,2,53,HOMBRE,ILESO,CONDUCTOR PRESENTE,NO,NO,1
27168,107445,107446,2021,1,0,-0.094609,-78.452997,PICHINCHA,QUITO,CALDERON (CARAPUNGO),RURAL,2021-07-28,22:05:00,22,MIERCOLES,3,JULIO,7,NO,"CONDUCE BAJO LA INFLUENCIA DE ALCOHOL, SUSTANCIAS ESTUPEFACIENTES O PSICOTROPICAS Y/O MEDICAMENTOS.",CHOQUE LATERAL,AUTOMOVIL,1,0,0,0,0,0,0,0,1,0,0,0,0,2,37,HOMBRE,LESIONADO,CONDUCTOR PRESENTE,NO,NO,3
27169,107447,107448,2021,0,0,-0.211464,-78.419122,PICHINCHA,QUITO,TUMBACO,RURAL,2021-07-29,01:10:00,1,JUEVES,4,JULIO,7,NO,CONDUCIR VEHICULO SUPERANDO LOS LIMITES MAXIMOS DE VELOCIDAD.,ESTRELLAMIENTOS,AUTOMOVIL,1,0,0,0,0,0,0,0,0,0,0,0,0,1,-1,NO IDENTIFICADO,NO IDENTIFICADO,CONDUCTOR AUSENTE,NO,NO,2
27170,107455,107456,2021,1,0,-0.219346,-78.520862,PICHINCHA,QUITO,QUITO,URBANA,2021-07-29,06:20:00,6,JUEVES,4,JULIO,7,NO,NO CEDER EL DERECHO DE VIA O PREFERENCIA DE PASO AL PEATON.,ATROPELLOS,NO IDENTIFICADO,0,0,0,0,0,0,0,0,0,1,0,0,0,1,60,HOMBRE,LESIONADO,PEATON,NO,NO,1
27171,107460,107461,2021,1,0,-0.210724,-78.501042,PICHINCHA,QUITO,QUITO,URBANA,2021-07-29,09:10:00,9,JUEVES,4,JULIO,7,NO,REALIZAR CAMBIO BRUSCO O INDEBIDO DE CARRIL.,CHOQUE LATERAL,AUTOMOVIL,1,0,0,0,0,0,0,0,1,0,0,0,0,2,32,HOMBRE,LESIONADO,CONDUCTOR PRESENTE,NO,NO,1
27172,107464,107465,2021,0,0,-0.141421,-78.469344,PICHINCHA,QUITO,QUITO,URBANA,2021-07-29,09:45:00,9,JUEVES,4,JULIO,7,NO,CONDUCIR VEHICULO SUPERANDO LOS LIMITES MAXIMOS DE VELOCIDAD.,CHOQUE LATERAL,CAMIONETA,1,0,0,0,1,0,0,0,0,0,0,0,0,2,43,HOMBRE,ILESO,CONDUCTOR PRESENTE,NO,NO,1
27173,107468,107469,2021,1,0,-0.216348,-78.504453,PICHINCHA,QUITO,QUITO,URBANA,2021-07-29,11:30:00,11,JUEVES,4,JULIO,7,NO,CONDUCIR VEHICULO SUPERANDO LOS LIMITES MAXIMOS DE VELOCIDAD.,CHOQUE LATERAL,AUTOMOVIL,1,0,0,0,0,0,0,0,1,0,0,0,0,2,29,HOMBRE,LESIONADO,CONDUCTOR PRESENTE,NO,NO,1
27174,107472,107473,2021,0,0,-0.135704,-78.493786,PICHINCHA,QUITO,QUITO,URBANA,2021-07-29,13:30:00,13,JUEVES,4,JULIO,7,NO,NO MANTENER LA DISTANCIA PRUDENCIAL CON RESPECTO AL VEHICULO QUE LE ANTECEDE.,CHOQUE POSTERIOR,BUS,1,0,1,0,0,0,0,0,0,0,0,0,0,2,66,MUJER,ILESO,PASAJERO,NO,NO,1
27175,107476,107477,2021,0,0,-0.153396,-78.484496,PICHINCHA,QUITO,QUITO,URBANA,2021-07-29,16:08:00,16,JUEVES,4,JULIO,7,NO,"NO RESPETAR LAS SENIALES REGLAMENTARIAS DE TRANSITO. (PARE, CEDA EL PASO, LUZ ROJA DEL SEMAFORO, ETC).",CHOQUE LATERAL,AUTOMOVIL,2,0,0,0,0,0,0,0,0,0,0,0,0,2,27,MUJER,ILESO,CONDUCTOR PRESENTE,NO,NO,1
27176,107482,107483,2021,2,0,-0.229464,-78.522935,PICHINCHA,QUITO,QUITO,URBANA,2021-07-29,17:45:00,17,JUEVES,4,JULIO,7,NO,CONDUCIR VEHICULO SUPERANDO LOS LIMITES MAXIMOS DE VELOCIDAD.,CHOQUE LATERAL,BUS,1,0,1,0,0,0,0,0,0,0,0,0,0,2,28,MUJER,LESIONADO,CONDUCTOR PRESENTE,NO,NO,1
27177,107499,107500,2021,0,1,-0.066262,-78.166468,PICHINCHA,CAYAMBE,CANGAHUA,RURAL,2021-07-30,07:20:00,7,VIERNES,5,JULIO,7,NO,"CONDUCIR DESATENTO A LAS CONDICIONES DE TRANSITO (CELULAR, PANTALLAS DE VIDEO, COMIDA, MAQUILLAJE O CUALQUIER OTRO ELEMENTO DISTRACTOR).",CHOQUE LATERAL,MOTOCICLETA,0,0,0,0,0,0,0,0,1,1,0,0,0,2,20,HOMBRE,FALLECIDO,CONDUCTOR PRESENTE,NO,SI,3
27178,107500,107501,2021,0,0,-0.185623,-78.343085,PICHINCHA,QUITO,TABABELA,RURAL,2021-07-30,07:30:00,7,VIERNES,5,JULIO,7,NO,"CONDUCE BAJO LA INFLUENCIA DE ALCOHOL, SUSTANCIAS ESTUPEFACIENTES O PSICOTROPICAS Y/O MEDICAMENTOS.",CHOQUE LATERAL,CAMION,1,0,0,1,0,0,0,0,0,0,0,0,0,2,66,HOMBRE,ILESO,CONDUCTOR PRESENTE,NO,NO,3
27179,107506,107507,2021,0,0,-0.125433,-78.495486,PICHINCHA,QUITO,QUITO,URBANA,2021-07-30,11:40:00,11,VIERNES,5,JULIO,7,NO,"NO RESPETAR LAS SENIALES REGLAMENTARIAS DE TRANSITO. (PARE, CEDA EL PASO, LUZ ROJA DEL SEMAFORO, ETC).",CHOQUE LATERAL,AUTOMOVIL,2,0,0,0,0,0,0,0,0,0,0,0,0,2,63,HOMBRE,ILESO,CONDUCTOR PRESENTE,NO,NO,1
27180,107508,107509,2021,1,0,-0.295452,-78.555062,PICHINCHA,QUITO,QUITO,URBANA,2021-07-30,13:10:00,13,VIERNES,5,JULIO,7,NO,NO CEDER EL DERECHO DE VIA O PREFERENCIA DE PASO AL PEATON.,ATROPELLOS,BUS,0,0,1,0,0,0,0,0,0,0,0,0,0,1,17,HOMBRE,LESIONADO,PEATON,NO,NO,1
27181,107511,107512,2021,2,0,-0.139611,-78.473486,PICHINCHA,QUITO,QUITO,URBANA,2021-07-30,13:40:00,13,VIERNES,5,JULIO,7,NO,"NO RESPETAR LAS SENIALES REGLAMENTARIAS DE TRANSITO. (PARE, CEDA EL PASO, LUZ ROJA DEL SEMAFORO, ETC).",CHOQUE LATERAL,MOTOCICLETA,0,0,0,0,0,0,0,0,1,1,0,0,0,2,22,MUJER,LESIONADO,PASAJERO,NO,NO,1
27182,107516,107517,2021,1,0,-0.252991,-78.509633,PICHINCHA,QUITO,QUITO,URBANA,2021-07-30,15:00:00,15,VIERNES,5,JULIO,7,NO,NO TRANSITAR POR LAS ACERAS O ZONAS DE SEGURIDAD DESTINADAS PARA EL EFECTO.,ATROPELLOS,AUTOMOVIL,1,0,0,0,0,0,0,0,0,0,0,0,0,1,48,MUJER,LESIONADO,PEATON,NO,NO,1
27183,107518,107519,2021,0,0,-0.188478,-78.447371,PICHINCHA,QUITO,NAYON,RURAL,2021-07-30,15:27:00,15,VIERNES,5,JULIO,7,NO,"FALLA MECANICA EN LOS SISTEMAS Y/O NEUMATICOS (SISTEMA DE FRENOS, DIRECCION, ELECTRONICO O MECANICO).",ESTRELLAMIENTOS,AUTOMOVIL,1,0,0,0,0,0,0,0,0,0,0,0,0,1,56,HOMBRE,ILESO,CONDUCTOR PRESENTE,NO,NO,3
27184,107529,107530,2021,1,0,-0.203056,-78.458398,PICHINCHA,QUITO,QUITO,RURAL,2021-07-30,17:40:00,17,VIERNES,5,JULIO,7,NO,"ADELANTAR O REBASAR A OTRO VEHICULO EN MOVIMIENTO EN ZONAS O SITIOS PELIGROSOS TALES COMO: CURVAS, PUENTES, TUNELES, PENDIENTES, ETC.",CHOQUE LATERAL,MOTOCICLETA,0,0,0,0,0,0,0,0,1,1,0,0,0,2,33,HOMBRE,LESIONADO,CONDUCTOR PRESENTE,NO,NO,3
27185,107531,107532,2021,1,0,-0.146324,-78.474913,PICHINCHA,QUITO,QUITO,URBANA,2021-07-30,18:05:00,18,VIERNES,5,JULIO,7,NO,PEATON QUE CRUZA LA CALZADA SIN RESPETAR LA SENIALIZACION EXISTENTE (SEMAFOROS O SENIALES MANUALES).,ATROPELLOS,NO IDENTIFICADO,0,0,0,0,0,0,0,0,0,1,0,0,0,1,6,HOMBRE,LESIONADO,PEATON,NO,NO,1
27186,107536,107537,2021,0,0,-0.254686,-78.504316,PICHINCHA,QUITO,QUITO,URBANA,2021-07-30,19:40:00,19,VIERNES,5,JULIO,7,NO,CONDUCIR VEHICULO SUPERANDO LOS LIMITES MAXIMOS DE VELOCIDAD.,COLISION,AUTOMOVIL,2,0,0,0,1,0,0,0,0,0,0,0,0,3,55,HOMBRE,ILESO,CONDUCTOR PRESENTE,NO,NO,1
27187,107544,107545,2021,1,0,-0.230636,-78.510242,PICHINCHA,QUITO,QUITO,URBANA,2021-07-30,21:20:00,21,VIERNES,5,JULIO,7,NO,DEJAR O RECOGER PASAJEROS EN LUGARES NO PERMITIDOS.,OTROS,AUTOMOVIL,1,0,0,0,0,0,0,0,0,0,0,0,0,1,25,MUJER,LESIONADO,PASAJERO,NO,NO,1
27188,107547,107548,2021,1,0,-0.167794,-78.487392,PICHINCHA,QUITO,QUITO,URBANA,2021-07-30,22:30:00,22,VIERNES,5,JULIO,7,NO,CONDUCIR VEHICULO SUPERANDO LOS LIMITES MAXIMOS DE VELOCIDAD.,ESTRELLAMIENTOS,AUTOMOVIL,1,0,0,0,0,0,0,0,0,0,0,0,0,1,25,HOMBRE,LESIONADO,PASAJERO,NO,NO,1
27189,107550,107551,2021,0,0,-0.196122,-78.499703,PICHINCHA,QUITO,QUITO,URBANA,2021-07-30,23:40:00,23,VIERNES,5,JULIO,7,NO,"NO RESPETAR LAS SENIALES REGLAMENTARIAS DE TRANSITO. (PARE, CEDA EL PASO, LUZ ROJA DEL SEMAFORO, ETC).",OTROS,AUTOMOVIL,2,0,0,0,0,0,0,0,0,0,0,0,0,2,50,MUJER,ILESO,CONDUCTOR PRESENTE,NO,NO,1
27190,107551,107552,2021,0,2,0.045741,-78.188595,PICHINCHA,PEDRO MONCAYO,TABACUNDO,RURAL,2021-07-31,00:10:00,0,SABADO,6,JULIO,7,NO,"CONDUCE BAJO LA INFLUENCIA DE ALCOHOL, SUSTANCIAS ESTUPEFACIENTES O PSICOTROPICAS Y/O MEDICAMENTOS.",ATROPELLOS,CAMIONETA,0,0,0,0,1,0,0,0,0,0,0,0,0,1,44,HOMBRE,FALLECIDO,PEATON,NO,SI,3
27191,107553,107554,2021,0,0,-0.187808,-78.444336,PICHINCHA,QUITO,NAYON,RURAL,2021-07-31,00:44:00,0,SABADO,6,JULIO,7,NO,CONDUCIR VEHICULO SUPERANDO LOS LIMITES MAXIMOS DE VELOCIDAD.,ESTRELLAMIENTOS,AUTOMOVIL,1,0,0,0,0,0,0,0,0,0,0,0,0,1,-1,NO IDENTIFICADO,NO IDENTIFICADO,CONDUCTOR AUSENTE,NO,NO,2
27192,107571,107572,2021,0,1,-0.095911,-78.468468,PICHINCHA,QUITO,QUITO,URBANA,2021-07-31,09:05:00,9,SABADO,6,JULIO,7,NO,CONDUCIR VEHICULO SUPERANDO LOS LIMITES MAXIMOS DE VELOCIDAD.,OTROS,NO IDENTIFICADO,0,0,0,0,0,0,0,0,0,1,0,0,0,1,29,HOMBRE,FALLECIDO,CONDUCTOR PRESENTE,NO,NO,1
27193,107582,107583,2021,1,0,-0.248221,-78.518797,PICHINCHA,QUITO,QUITO,URBANA,2021-07-31,12:00:00,12,SABADO,6,JULIO,7,NO,REALIZAR CAMBIO BRUSCO O INDEBIDO DE CARRIL.,OTROS,BUS,0,0,2,0,0,0,0,0,0,0,0,0,0,2,36,HOMBRE,LESIONADO,PEATON,NO,NO,1
27194,107615,107616,2021,0,0,-0.094974,-78.503543,PICHINCHA,QUITO,QUITO,URBANA,2021-07-31,23:00:00,23,SABADO,6,JULIO,7,NO,"PRESENCIA DE AGENTES EXTERNOS EN LA VIA (AGUA, ACEITE, PIEDRA, LASTRE, ESCOMBROS, MADEROS, ETC.).",ESTRELLAMIENTOS,AUTOMOVIL,1,0,0,0,0,0,0,0,0,0,0,0,0,1,20,HOMBRE,ILESO,PASAJERO,NO,NO,1