,Unnamed: 0,ID,ANIO,LESIONADOS,FALLECIDOS,LATITUD_Y,LONGITUD_X,PROVINCIA,CANTON,PARROQUIA,ZONA,FECHA,HORA,PERIODO_2,DIA_1,DIA_2,MES_1,MES_2,FERIADO,CAUSA_PROBABLE,TIPO_DE_SINIESTRO,TIPO_DE_VEHICULO_1,AUTOMOVIL,BICICLETA,BUS,CAMION,CAMIONETA,EMERGENCIAS,ESPECIAL,FURGONETA,MOTOCICLETA,NO_IDENTIFICADO,SCOOTER_ELECTRICO,TRICIMOTO,VEHICULO_DEPORTIVO_UTILITARIO,SUMA_DE_VEHICULOS,EDAD_1,SEXO_1,CONDICION_1,PARTICIPANTE_1,CASCO_1,CINTURON_1,KMeans_Cluster
27251,107922,107923,2021,1,0,-0.177282,-78.359537,PICHINCHA,QUITO,PUEMBO,RURAL,2021-08-06,08:40:00,8,VIERNES,5,AGOSTO,8,SI,"NO RESPETAR LAS SENIALES REGLAMENTARIAS DE TRANSITO. (PARE, CEDA EL PASO, LUZ ROJA DEL SEMAFORO, ETC).",CHOQUE LATERAL,AUTOMOVIL,2,0,0,0,0,0,0,0,0,0,0,0,0,2,25,MUJER,LESIONADO,PASAJERO,NO,NO,3
27252,107925,107926,2021,1,0,-0.129112,-78.498255,PICHINCHA,QUITO,QUITO,URBANA,2021-08-06,09:45:00,9,VIERNES,5,AGOSTO,8,SI,"NO RESPETAR LAS SENIALES REGLAMENTARIAS DE TRANSITO. (PARE, CEDA EL PASO, LUZ ROJA DEL SEMAFORO, ETC).",CHOQUE FRONTAL,MOTOCICLETA,0,0,0,0,1,0,0,0,1,0,0,0,0,2,28,HOMBRE,LESIONADO,CONDUCTOR PRESENTE,NO,NO,1
27253,107938,107939,2021,0,0,-0.287947,-78.519949,PICHINCHA,QUITO,QUITO,URBANA,2021-08-06,15:35:00,15,VIERNES,5,AGOSTO,8,SI,CONDUCIR VEHICULO SUPERANDO LOS LIMITES MAXIMOS DE VELOCIDAD.,ESTRELLAMIENTOS,AUTOMOVIL,1,0,0,0,0,0,0,0,0,0,0,0,0,1,37,HOMBRE,ILESO,PASAJERO,NO,NO,1
27254,107968,107969,2021,0,0,-0.143567,-78.477568,PICHINCHA,QUITO,QUITO,URBANA,2021-08-06,20:50:00,20,VIERNES,5,AGOSTO,8,SI,NO MANTENER LA DISTANCIA PRUDENCIAL CON RESPECTO AL VEHICULO QUE LE ANTECEDE.,CHOQUE POSTERIOR,AUTOMOVIL,1,0,0,0,1,0,0,0,0,0,0,0,0,2,37,HOMBRE,ILESO,CONDUCTOR PRESENTE,NO,NO,1
27255,107974,107975,2021,0,0,-0.237474,-78.484642,PICHINCHA,QUITO,QUITO,URBANA,2021-08-06,22:00:00,22,VIERNES,5,AGOSTO,8,SI,CONDUCIR VEHICULO SUPERANDO LOS LIMITES MAXIMOS DE VELOCIDAD.,ESTRELLAMIENTOS,AUTOMOVIL,1,0,0,0,0,0,0,0,0,0,0,0,0,1,-1,NO IDENTIFICADO,NO IDENTIFICADO,CONDUCTOR AUSENTE,NO,NO,2
27256,107978,107979,2021,0,1,-0.109331,-78.298365,PICHINCHA,QUITO,EL QUINCHE,RURAL,2021-08-06,23:40:00,23,VIERNES,5,AGOSTO,8,SI,"CONDUCIR DESATENTO A LAS CONDICIONES DE TRANSITO (CELULAR, PANTALLAS DE VIDEO, COMIDA, MAQUILLAJE O CUALQUIER OTRO ELEMENTO DISTRACTOR).",ATROPELLOS,NO IDENTIFICADO,0,0,0,0,0,0,0,0,0,1,0,0,0,1,26,HOMBRE,FALLECIDO,PEATON,NO,SI,3
27257,107980,107981,2021,2,0,-0.237474,-78.484642,PICHINCHA,QUITO,QUITO,URBANA,2021-08-06,23:50:00,23,VIERNES,5,AGOSTO,8,SI,CONDUCIR VEHICULO SUPERANDO LOS LIMITES MAXIMOS DE VELOCIDAD.,CHOQUE POSTERIOR,CAMIONETA,0,0,0,0,1,0,0,0,0,1,0,0,0,2,30,MUJER,LESIONADO,PASAJERO,NO,NO,1
27258,107983,107984,2021,0,1,-0.326504,-78.446345,PICHINCHA,RUMINIAHUI,SANGOLQUI,URBANA,2021-08-07,00:05:00,0,SABADO,6,AGOSTO,8,SI,"CONDUCIR DESATENTO A LAS CONDICIONES DE TRANSITO (CELULAR, PANTALLAS DE VIDEO, COMIDA, MAQUILLAJE O CUALQUIER OTRO ELEMENTO DISTRACTOR).",VOLCAMIENTOS,MOTOCICLETA,1,0,0,0,0,0,0,0,1,0,0,0,0,2,21,HOMBRE,FALLECIDO,CONDUCTOR PRESENTE,NO,SI,1
27259,107996,107997,2021,1,0,-0.263991,-78.487764,PICHINCHA,QUITO,CONOCOTO,RURAL,2021-08-07,04:00:00,4,SABADO,6,AGOSTO,8,SI,"CONDUCE BAJO LA INFLUENCIA DE ALCOHOL, SUSTANCIAS ESTUPEFACIENTES O PSICOTROPICAS Y/O MEDICAMENTOS.",ESTRELLAMIENTOS,CAMIONETA,0,0,0,0,1,0,0,0,0,0,0,0,0,1,4,MUJER,LESIONADO,CONDUCTOR PRESENTE,NO,NO,3
27260,108001,108002,2021,0,0,-0.195801,-78.490206,PICHINCHA,QUITO,QUITO,URBANA,2021-08-07,06:55:00,6,SABADO,6,AGOSTO,8,SI,CONDUCIR VEHICULO SUPERANDO LOS LIMITES MAXIMOS DE VELOCIDAD.,COLISION,AUTOMOVIL,3,0,0,0,0,0,0,0,0,0,0,0,0,3,59,HOMBRE,ILESO,CONDUCTOR PRESENTE,NO,NO,1
27261,108006,108007,2021,1,0,-0.199767,-78.428809,PICHINCHA,QUITO,CUMBAYA,RURAL,2021-08-07,10:00:00,10,SABADO,6,AGOSTO,8,SI,CONDUCIR VEHICULO SUPERANDO LOS LIMITES MAXIMOS DE VELOCIDAD.,CHOQUE POSTERIOR,AUTOMOVIL,1,0,0,0,0,0,0,0,1,0,0,0,0,2,36,HOMBRE,LESIONADO,CONDUCTOR PRESENTE,NO,NO,3
27262,108009,108010,2021,0,0,-0.201891,-78.487017,PICHINCHA,QUITO,QUITO,URBANA,2021-08-07,11:30:00,11,SABADO,6,AGOSTO,8,SI,"FALLA MECANICA EN LOS SISTEMAS Y/O NEUMATICOS (SISTEMA DE FRENOS, DIRECCION, ELECTRONICO O MECANICO).",ESTRELLAMIENTOS,AUTOMOVIL,1,0,0,0,0,0,0,0,0,0,0,0,0,1,67,MUJER,ILESO,PASAJERO,NO,NO,1
27263,108010,108011,2021,0,0,-0.277636,-78.557628,PICHINCHA,QUITO,QUITO,URBANA,2021-08-07,12:00:00,12,SABADO,6,AGOSTO,8,SI,NO CEDER EL DERECHO DE VIA O PREFERENCIA DE PASO A VEHICULOS.,CHOQUE LATERAL,MOTOCICLETA,0,0,0,0,0,0,0,0,1,1,0,0,0,2,36,HOMBRE,ILESO,CONDUCTOR PRESENTE,SI,NO,1
27264,108013,108014,2021,1,0,-0.196669,-78.466599,PICHINCHA,QUITO,QUITO,RURAL,2021-08-07,12:30:00,12,SABADO,6,AGOSTO,8,SI,CONDUCIR VEHICULO SUPERANDO LOS LIMITES MAXIMOS DE VELOCIDAD.,ESTRELLAMIENTOS,AUTOMOVIL,1,0,0,0,0,0,0,1,0,0,0,0,0,2,67,MUJER,LESIONADO,PASAJERO,NO,NO,3
27265,108033,108034,2021,1,0,-0.291131,-78.524158,PICHINCHA,QUITO,QUITO,URBANA,2021-08-07,18:20:00,18,SABADO,6,AGOSTO,8,SI,CONDUCIR VEHICULO SUPERANDO LOS LIMITES MAXIMOS DE VELOCIDAD.,ESTRELLAMIENTOS,FURGONETA,0,0,0,0,0,0,0,1,0,0,0,0,0,1,20,HOMBRE,LESIONADO,PASAJERO,NO,NO,1
27266,108041,108042,2021,0,0,-0.199458,-78.434231,PICHINCHA,QUITO,CUMBAYA,RURAL,2021-08-07,21:00:00,21,SABADO,6,AGOSTO,8,SI,"CONDUCE BAJO LA INFLUENCIA DE ALCOHOL, SUSTANCIAS ESTUPEFACIENTES O PSICOTROPICAS Y/O MEDICAMENTOS.",CHOQUE LATERAL,AUTOMOVIL,2,0,0,0,0,0,0,0,0,0,0,0,0,2,38,HOMBRE,ILESO,CONDUCTOR PRESENTE,NO,NO,3
27267,108043,108044,2021,0,0,-0.241241,-78.532189,PICHINCHA,QUITO,QUITO,URBANA,2021-08-07,21:15:00,21,SABADO,6,AGOSTO,8,SI,"CONDUCE BAJO LA INFLUENCIA DE ALCOHOL, SUSTANCIAS ESTUPEFACIENTES O PSICOTROPICAS Y/O MEDICAMENTOS.",COLISION,AUTOMOVIL,2,0,0,0,0,0,0,0,1,0,0,0,0,3,33,HOMBRE,ILESO,CONDUCTOR PRESENTE,NO,NO,1
27268,108055,108056,2021,1,0,-0.411534,-78.545789,PICHINCHA,MEJIA,TAMBILLO (MEJIA),RURAL,2021-08-07,23:30:00,23,SABADO,6,AGOSTO,8,SI,"CONDUCIR DESATENTO A LAS CONDICIONES DE TRANSITO (CELULAR, PANTALLAS DE VIDEO, COMIDA, MAQUILLAJE O CUALQUIER OTRO ELEMENTO DISTRACTOR).",CHOQUE FRONTAL,AUTOMOVIL,1,0,0,0,0,0,0,0,0,0,0,0,0,1,27,HOMBRE,LESIONADO,CONDUCTOR PRESENTE,NO,SI,3
27269,108060,108061,2021,1,0,-0.260434,-78.538901,PICHINCHA,QUITO,QUITO,URBANA,2021-08-08,00:55:00,0,DOMINGO,7,AGOSTO,8,SI,"FALLA MECANICA EN LOS SISTEMAS Y/O NEUMATICOS (SISTEMA DE FRENOS, DIRECCION, ELECTRONICO O MECANICO).",ESTRELLAMIENTOS,AUTOMOVIL,1,0,0,0,0,0,0,0,0,0,0,0,0,1,37,MUJER,LESIONADO,PASAJERO,NO,NO,1
27270,108061,108062,2021,1,0,-0.120424,-78.415686,PICHINCHA,QUITO,CALDERON (CARAPUNGO),RURAL,2021-08-08,01:00:00,1,DOMINGO,7,AGOSTO,8,SI,CONDUCIR VEHICULO SUPERANDO LOS LIMITES MAXIMOS DE VELOCIDAD.,OTROS,MOTOCICLETA,0,0,0,0,0,0,0,0,1,1,0,0,0,2,26,MUJER,LESIONADO,PASAJERO,NO,NO,3
27271,108067,108068,2021,0,2,-0.268242,-78.546497,PICHINCHA,QUITO,QUITO,URBANA,2021-08-08,01:50:00,1,DOMINGO,7,AGOSTO,8,SI,"NO RESPETAR LAS SENIALES REGLAMENTARIAS DE TRANSITO. (PARE, CEDA EL PASO, LUZ ROJA DEL SEMAFORO, ETC).",CHOQUE LATERAL,MOTOCICLETA,1,0,0,0,0,0,0,0,1,0,0,0,0,2,26,HOMBRE,FALLECIDO,CONDUCTOR PRESENTE,NO,NO,1
27272,108081,108082,2021,4,0,-0.242463,-78.482784,PICHINCHA,QUITO,QUITO,RURAL,2021-08-08,06:05:00,6,DOMINGO,7,AGOSTO,8,SI,CONDUCIR VEHICULO SUPERANDO LOS LIMITES MAXIMOS DE VELOCIDAD.,PERDIDA DE CARRIL,AUTOMOVIL,1,0,0,0,0,0,0,0,0,0,0,0,0,1,31,MUJER,LESIONADO,PASAJERO,NO,NO,3
27273,108088,108089,2021,3,0,-0.101417,-78.472778,PICHINCHA,QUITO,QUITO,URBANA,2021-08-08,10:00:00,10,DOMINGO,7,AGOSTO,8,SI,NO TRANSITAR POR LAS ACERAS O ZONAS DE SEGURIDAD DESTINADAS PARA EL EFECTO.,ATROPELLOS,MOTOCICLETA,0,0,0,0,0,0,0,0,1,0,0,0,0,1,6,HOMBRE,LESIONADO,PEATON,NO,NO,1
27274,108090,108091,2021,0,0,-0.179553,-78.517086,PICHINCHA,QUITO,QUITO,URBANA,2021-08-08,10:49:00,10,DOMINGO,7,AGOSTO,8,SI,NO MANTENER LA DISTANCIA PRUDENCIAL CON RESPECTO AL VEHICULO QUE LE ANTECEDE.,CHOQUE POSTERIOR,MOTOCICLETA,1,0,0,0,0,0,0,0,1,0,0,0,0,2,25,HOMBRE,ILESO,CONDUCTOR PRESENTE,NO,NO,1
27275,108109,108110,2021,0,0,-0.224592,-78.396554,PICHINCHA,QUITO,TUMBACO,RURAL,2021-08-08,16:15:00,16,DOMINGO,7,AGOSTO,8,SI,MALAS CONDICIONES DE LA VIA Y/O CONFIGURACION. (ILUMINACION Y DISENIO).,ESTRELLAMIENTOS,BUS,0,0,1,0,0,0,0,0,0,0,0,0,0,1,28,HOMBRE,ILESO,CONDUCTOR PRESENTE,NO,NO,3
27276,108115,108116,2021,0,1,-0.205684,-78.503271,PICHINCHA,QUITO,QUITO,RURAL,2021-08-08,17:00:00,17,DOMINGO,7,AGOSTO,8,SI,"FALLA MECANICA EN LOS SISTEMAS Y/O NEUMATICOS (SISTEMA DE FRENOS, DIRECCION, ELECTRONICO O MECANICO).",OTROS,BICICLETA,0,1,0,0,0,0,0,0,0,0,0,0,0,1,63,HOMBRE,FALLECIDO,CONDUCTOR PRESENTE,NO,NO,3
27277,108120,108121,2021,1,0,-0.004827,-78.457424,PICHINCHA,QUITO,SAN ANTONIO (QUITO),RURAL,2021-08-08,19:00:00,19,DOMINGO,7,AGOSTO,8,SI,NO MANTENER LA DISTANCIA PRUDENCIAL CON RESPECTO AL VEHICULO QUE LE ANTECEDE.,CHOQUE LATERAL,MOTOCICLETA,0,0,0,0,1,0,0,0,1,0,0,0,0,2,22,HOMBRE,LESIONADO,CONDUCTOR PRESENTE,NO,NO,3
27278,108149,108150,2021,0,0,-0.187388,-78.479629,PICHINCHA,QUITO,QUITO,URBANA,2021-08-09,02:20:00,2,LUNES,1,AGOSTO,8,SI,CONDUCIR VEHICULO SUPERANDO LOS LIMITES MAXIMOS DE VELOCIDAD.,PERDIDA DE CARRIL,AUTOMOVIL,1,0,0,0,0,0,0,0,0,0,0,0,0,1,-1,NO IDENTIFICADO,NO IDENTIFICADO,CONDUCTOR AUSENTE,NO,NO,2
27279,108158,108159,2021,1,0,-0.260811,-78.545918,PICHINCHA,QUITO,QUITO,URBANA,2021-08-09,10:00:00,10,LUNES,1,AGOSTO,8,SI,NO CEDER EL DERECHO DE VIA O PREFERENCIA DE PASO AL PEATON.,ATROPELLOS,NO IDENTIFICADO,0,0,0,0,0,0,0,0,0,1,0,0,0,1,39,MUJER,LESIONADO,PEATON,NO,NO,1
27280,108160,108161,2021,0,0,-0.137645,-78.501298,PICHINCHA,QUITO,QUITO,URBANA,2021-08-09,10:56:00,10,LUNES,1,AGOSTO,8,SI,"CONDUCE BAJO LA INFLUENCIA DE ALCOHOL, SUSTANCIAS ESTUPEFACIENTES O PSICOTROPICAS Y/O MEDICAMENTOS.",CHOQUE LATERAL,AUTOMOVIL,2,0,0,0,0,0,0,0,0,0,0,0,0,2,49,HOMBRE,ILESO,PASAJERO,NO,NO,1
27281,108168,108169,2021,1,0,-0.290612,-78.536893,PICHINCHA,QUITO,QUITO,URBANA,2021-08-09,14:40:00,14,LUNES,1,AGOSTO,8,SI,REALIZAR CAMBIO BRUSCO O INDEBIDO DE CARRIL.,CHOQUE LATERAL,MOTOCICLETA,0,0,0,0,1,0,0,0,1,0,0,0,0,2,30,HOMBRE,LESIONADO,CONDUCTOR PRESENTE,NO,NO,1
27282,108170,108171,2021,1,0,0.148497,-78.498391,PICHINCHA,QUITO,SAN JOSE DE MINAS,URBANA,2021-08-09,15:50:00,15,LUNES,1,AGOSTO,8,SI,CONDUCIR VEHICULO SUPERANDO LOS LIMITES MAXIMOS DE VELOCIDAD.,ESTRELLAMIENTOS,AUTOMOVIL,1,0,0,0,0,0,0,0,1,0,0,0,0,2,24,HOMBRE,LESIONADO,CONDUCTOR PRESENTE,NO,NO,1
27283,108175,108176,2021,0,0,-0.285853,-78.437043,PICHINCHA,QUITO,ALANGASI,RURAL,2021-08-09,17:10:00,17,LUNES,1,AGOSTO,8,SI,"CONDUCIR DESATENTO A LAS CONDICIONES DE TRANSITO (CELULAR, PANTALLAS DE VIDEO, COMIDA, MAQUILLAJE O CUALQUIER OTRO ELEMENTO DISTRACTOR).",CHOQUE POSTERIOR,AUTOMOVIL,1,0,0,0,1,0,0,0,0,0,0,0,0,2,43,HOMBRE,ILESO,PASAJERO,NO,NO,3
27284,108176,108177,2021,0,0,-0.197826,-78.466466,PICHINCHA,QUITO,QUITO,URBANA,2021-08-09,17:20:00,17,LUNES,1,AGOSTO,8,SI,"FALLA MECANICA EN LOS SISTEMAS Y/O NEUMATICOS (SISTEMA DE FRENOS, DIRECCION, ELECTRONICO O MECANICO).",ESTRELLAMIENTOS,AUTOMOVIL,1,0,0,0,0,0,0,0,0,0,0,0,0,1,23,HOMBRE,ILESO,CONDUCTOR PRESENTE,NO,NO,1
27285,108177,108178,2021,2,0,0.012011,-78.594489,PICHINCHA,QUITO,NONO,RURAL,2021-08-09,17:30:00,17,LUNES,1,AGOSTO,8,SI,CONDUCIR EN SENTIDO CONTRARIO A LA VIA NORMAL DE CIRCULACION.,CHOQUE FRONTAL,VEHICULO DEPORTIVO UTILITARIO,0,0,0,0,1,0,0,0,0,0,0,0,1,2,7,HOMBRE,LESIONADO,PASAJERO,NO,SI,3
27286,108179,108180,2021,0,0,-0.004297,-78.513207,PICHINCHA,QUITO,CALACALI,RURAL,2021-08-09,18:45:00,18,LUNES,1,AGOSTO,8,SI,"CONDUCIR DESATENTO A LAS CONDICIONES DE TRANSITO (CELULAR, PANTALLAS DE VIDEO, COMIDA, MAQUILLAJE O CUALQUIER OTRO ELEMENTO DISTRACTOR).",CHOQUE POSTERIOR,AUTOMOVIL,2,0,0,0,0,0,0,0,0,0,0,0,0,2,52,MUJER,ILESO,CONDUCTOR PRESENTE,NO,SI,3
27287,108194,108195,2021,0,0,-0.102365,-78.490621,PICHINCHA,QUITO,QUITO,URBANA,2021-08-09,22:00:00,22,LUNES,1,AGOSTO,8,SI,"NO RESPETAR LAS SENIALES REGLAMENTARIAS DE TRANSITO. (PARE, CEDA EL PASO, LUZ ROJA DEL SEMAFORO, ETC).",CHOQUE POSTERIOR,AUTOMOVIL,2,0,0,0,0,0,0,0,0,0,0,0,0,2,34,MUJER,ILESO,PASAJERO,NO,NO,1
27288,108197,108198,2021,0,0,-0.259984,-78.530679,PICHINCHA,QUITO,QUITO,URBANA,2021-08-10,00:00:00,0,MARTES,2,AGOSTO,8,NO,"FALLA MECANICA EN LOS SISTEMAS Y/O NEUMATICOS (SISTEMA DE FRENOS, DIRECCION, ELECTRONICO O MECANICO).",ESTRELLAMIENTOS,AUTOMOVIL,1,0,0,0,0,0,0,0,0,0,0,0,0,1,29,HOMBRE,ILESO,CONDUCTOR PRESENTE,NO,NO,1
27289,108202,108203,2021,0,0,-0.312421,-78.527362,PICHINCHA,QUITO,QUITO,URBANA,2021-08-10,01:30:00,1,MARTES,2,AGOSTO,8,NO,"CONDUCE BAJO LA INFLUENCIA DE ALCOHOL, SUSTANCIAS ESTUPEFACIENTES O PSICOTROPICAS Y/O MEDICAMENTOS.",CHOQUE POSTERIOR,FURGONETA,1,0,0,0,0,0,0,1,0,0,0,0,0,2,53,HOMBRE,ILESO,CONDUCTOR PRESENTE,NO,NO,1
27290,108221,108222,2021,3,0,-0.150392,-78.453592,PICHINCHA,QUITO,QUITO,RURAL,2021-08-10,13:25:00,13,MARTES,2,AGOSTO,8,NO,CONDUCIR VEHICULO SUPERANDO LOS LIMITES MAXIMOS DE VELOCIDAD.,OTROS,AUTOMOVIL,2,0,0,0,0,0,0,0,0,0,0,0,0,2,22,MUJER,LESIONADO,PASAJERO,NO,NO,3
27291,108223,108224,2021,0,0,-0.273825,-78.510216,PICHINCHA,QUITO,QUITO,URBANA,2021-08-10,14:00:00,14,MARTES,2,AGOSTO,8,NO,REALIZAR CAMBIO BRUSCO O INDEBIDO DE CARRIL.,CHOQUE LATERAL,AUTOMOVIL,2,0,0,0,0,0,0,0,0,0,0,0,0,2,51,HOMBRE,ILESO,CONDUCTOR PRESENTE,NO,NO,1
27292,108227,108228,2021,0,0,-0.212824,-78.402686,PICHINCHA,QUITO,TUMBACO,RURAL,2021-08-10,15:00:00,15,MARTES,2,AGOSTO,8,NO,CONDUCIR VEHICULO SUPERANDO LOS LIMITES MAXIMOS DE VELOCIDAD.,ESTRELLAMIENTOS,AUTOMOVIL,2,0,0,0,0,0,0,0,0,0,0,0,0,2,-1,NO IDENTIFICADO,NO IDENTIFICADO,CONDUCTOR AUSENTE,NO,NO,2
27293,108238,108239,2021,0,0,-0.212824,-78.402686,PICHINCHA,QUITO,TUMBACO,RURAL,2021-08-10,19:15:00,19,MARTES,2,AGOSTO,8,NO,NO GUARDAR LA DISTANCIA LATERAL MINIMA DE SEGURIDAD ENTRE VEHICULOS.,ROZAMIENTOS,AUTOMOVIL,2,0,0,0,0,0,0,0,0,0,0,0,0,2,29,MUJER,ILESO,CONDUCTOR PRESENTE,NO,NO,3
27294,108239,108240,2021,0,0,-0.327284,-78.550355,PICHINCHA,QUITO,QUITO,URBANA,2021-08-10,19:30:00,19,MARTES,2,AGOSTO,8,NO,"NO RESPETAR LAS SENIALES REGLAMENTARIAS DE TRANSITO. (PARE, CEDA EL PASO, LUZ ROJA DEL SEMAFORO, ETC).",OTROS,AUTOMOVIL,1,0,0,0,1,0,0,0,0,0,0,0,0,2,28,HOMBRE,ILESO,CONDUCTOR PRESENTE,NO,NO,1
27295,108241,108242,2021,1,1,-0.293151,-78.567465,PICHINCHA,QUITO,QUITO,URBANA,2021-08-10,20:00:00,20,MARTES,2,AGOSTO,8,NO,REALIZAR CAMBIO BRUSCO O INDEBIDO DE CARRIL.,CHOQUE FRONTAL,MOTOCICLETA,0,0,1,0,0,0,0,0,1,0,0,0,0,2,18,HOMBRE,FALLECIDO,CONDUCTOR PRESENTE,NO,NO,1
27296,108244,108245,2021,0,1,-0.243054,-78.533025,PICHINCHA,QUITO,QUITO,URBANA,2021-08-10,21:10:00,21,MARTES,2,AGOSTO,8,NO,CONDUCIR VEHICULO SUPERANDO LOS LIMITES MAXIMOS DE VELOCIDAD.,ATROPELLOS,NO IDENTIFICADO,0,0,0,0,0,0,0,0,0,1,0,0,0,1,40,HOMBRE,FALLECIDO,PEATON,NO,NO,1
27297,108247,108248,2021,0,0,-0.133554,-78.501956,PICHINCHA,QUITO,QUITO,URBANA,2021-08-10,23:55:00,23,MARTES,2,AGOSTO,8,NO,"CONDUCE BAJO LA INFLUENCIA DE ALCOHOL, SUSTANCIAS ESTUPEFACIENTES O PSICOTROPICAS Y/O MEDICAMENTOS.",OTROS,AUTOMOVIL,3,0,0,0,0,0,0,0,0,0,0,0,0,3,33,HOMBRE,ILESO,CONDUCTOR PRESENTE,NO,NO,1
27298,108250,108251,2021,1,0,-0.204802,-78.376946,PICHINCHA,QUITO,TUMBACO,RURAL,2021-08-11,06:06:00,6,MIERCOLES,3,AGOSTO,8,NO,"NO RESPETAR LAS SENIALES REGLAMENTARIAS DE TRANSITO. (PARE, CEDA EL PASO, LUZ ROJA DEL SEMAFORO, ETC).",CHOQUE LATERAL,AUTOMOVIL,1,0,1,0,0,0,0,0,0,0,0,0,0,2,36,MUJER,LESIONADO,CONDUCTOR PRESENTE,NO,NO,3
27299,108260,108261,2021,1,0,-0.355144,-78.549159,PICHINCHA,QUITO,QUITO,URBANA,2021-08-11,11:30:00,11,MIERCOLES,3,AGOSTO,8,NO,NO CEDER EL DERECHO DE VIA O PREFERENCIA DE PASO AL PEATON.,ATROPELLOS,AUTOMOVIL,1,0,0,0,0,0,0,0,0,0,0,0,0,1,23,MUJER,LESIONADO,PEATON,NO,NO,1
27300,108270,108271,2021,1,0,-0.305953,-78.470254,PICHINCHA,QUITO,CONOCOTO,RURAL,2021-08-11,14:15:00,14,MIERCOLES,3,AGOSTO,8,NO,DEJAR O RECOGER PASAJEROS EN LUGARES NO PERMITIDOS.,CAIDA DE PASAJERO,BUS,0,0,1,0,0,0,0,0,0,0,0,0,0,1,36,MUJER,LESIONADO,PASAJERO,NO,NO,3
27301,108276,108277,2021,0,0,-0.261235,-78.497361,PICHINCHA,QUITO,CONOCOTO,RURAL,2021-08-11,19:00:00,19,MIERCOLES,3,AGOSTO,8,NO,DANIOS MECANICOS PREVISIBLES.,OTROS,AUTOMOVIL,2,0,0,0,0,0,0,0,0,0,0,0,0,2,-1,NO IDENTIFICADO,NO IDENTIFICADO,CONDUCTOR AUSENTE,NO,NO,2
27302,108277,108278,2021,1,0,-0.154521,-78.476971,PICHINCHA,QUITO,QUITO,URBANA,2021-08-11,19:00:00,19,MIERCOLES,3,AGOSTO,8,NO,PEATON QUE CRUZA LA CALZADA SIN RESPETAR LA SENIALIZACION EXISTENTE (SEMAFOROS O SENIALES MANUALES).,ATROPELLOS,MOTOCICLETA,0,0,0,0,0,0,0,0,1,0,0,0,0,1,68,MUJER,LESIONADO,PEATON,NO,NO,1
27303,108281,108282,2021,1,0,-0.224561,-78.524516,PICHINCHA,QUITO,QUITO,URBANA,2021-08-11,19:50:00,19,MIERCOLES,3,AGOSTO,8,NO,"FALLA MECANICA EN LOS SISTEMAS Y/O NEUMATICOS (SISTEMA DE FRENOS, DIRECCION, ELECTRONICO O MECANICO).",OTROS,AUTOMOVIL,1,0,0,0,0,0,0,0,0,0,0,0,0,1,78,HOMBRE,LESIONADO,PEATON,NO,NO,1
27304,108287,108288,2021,0,0,-0.294426,-78.474041,PICHINCHA,QUITO,CONOCOTO,RURAL,2021-08-11,21:30:00,21,MIERCOLES,3,AGOSTO,8,NO,CONDUCIR VEHICULO SUPERANDO LOS LIMITES MAXIMOS DE VELOCIDAD.,OTROS,AUTOMOVIL,1,0,0,0,0,0,0,0,0,0,0,0,0,1,-1,NO IDENTIFICADO,NO IDENTIFICADO,CONDUCTOR AUSENTE,NO,NO,2
27305,108288,108289,2021,0,0,-0.288362,-78.566944,PICHINCHA,QUITO,QUITO,URBANA,2021-08-11,23:00:00,23,MIERCOLES,3,AGOSTO,8,NO,"CONDUCE BAJO LA INFLUENCIA DE ALCOHOL, SUSTANCIAS ESTUPEFACIENTES O PSICOTROPICAS Y/O MEDICAMENTOS.",ESTRELLAMIENTOS,AUTOMOVIL,3,0,0,0,0,0,0,0,0,0,0,0,0,3,28,HOMBRE,ILESO,CONDUCTOR PRESENTE,NO,NO,1
27306,108289,108290,2021,0,0,-0.099083,-78.421844,PICHINCHA,QUITO,CALDERON (CARAPUNGO),RURAL,2021-08-11,23:05:00,23,MIERCOLES,3,AGOSTO,8,NO,CONDUCIR VEHICULO SUPERANDO LOS LIMITES MAXIMOS DE VELOCIDAD.,ESTRELLAMIENTOS,AUTOMOVIL,1,0,0,0,0,0,0,0,0,0,0,0,0,1,-1,NO IDENTIFICADO,NO IDENTIFICADO,CONDUCTOR AUSENTE,NO,NO,2
27307,108293,108294,2021,0,1,-0.327341,-78.409481,PICHINCHA,QUITO,ALANGASI,RURAL,2021-08-12,02:55:00,2,JUEVES,4,AGOSTO,8,NO,"CONDUCIR DESATENTO A LAS CONDICIONES DE TRANSITO (CELULAR, PANTALLAS DE VIDEO, COMIDA, MAQUILLAJE O CUALQUIER OTRO ELEMENTO DISTRACTOR).",CHOQUE POSTERIOR,MOTOCICLETA,0,0,0,0,0,0,0,0,1,0,0,0,0,1,28,HOMBRE,FALLECIDO,CONDUCTOR PRESENTE,NO,SI,3
27308,108297,108298,2021,0,1,-0.112213,-78.474357,PICHINCHA,QUITO,QUITO,URBANA,2021-08-12,06:40:00,6,JUEVES,4,AGOSTO,8,NO,CONDUCIR VEHICULO SUPERANDO LOS LIMITES MAXIMOS DE VELOCIDAD.,ATROPELLOS,AUTOMOVIL,1,0,0,0,0,0,0,0,0,0,0,0,0,1,30,HOMBRE,FALLECIDO,PEATON,NO,NO,1
27309,108304,108305,2021,1,0,-0.196164,-78.499584,PICHINCHA,QUITO,QUITO,URBANA,2021-08-12,09:42:00,9,JUEVES,4,AGOSTO,8,NO,DEJAR O RECOGER PASAJEROS EN LUGARES NO PERMITIDOS.,ARROLLAMIENTOS,BUS,0,0,1,0,0,0,0,0,0,0,0,0,0,1,62,HOMBRE,LESIONADO,PEATON,NO,NO,1