,Unnamed: 0,ID,ANIO,LESIONADOS,FALLECIDOS,LATITUD_Y,LONGITUD_X,PROVINCIA,CANTON,PARROQUIA,ZONA,FECHA,HORA,PERIODO_2,DIA_1,DIA_2,MES_1,MES_2,FERIADO,CAUSA_PROBABLE,TIPO_DE_SINIESTRO,TIPO_DE_VEHICULO_1,AUTOMOVIL,BICICLETA,BUS,CAMION,CAMIONETA,EMERGENCIAS,ESPECIAL,FURGONETA,MOTOCICLETA,NO_IDENTIFICADO,SCOOTER_ELECTRICO,TRICIMOTO,VEHICULO_DEPORTIVO_UTILITARIO,SUMA_DE_VEHICULOS,EDAD_1,SEXO_1,CONDICION_1,PARTICIPANTE_1,CASCO_1,CINTURON_1,KMeans_Cluster
27480,109223,109224,2021,0,0,-0.091166,-78.473788,PICHINCHA,QUITO,QUITO,URBANA,2021-08-27,02:15:00,2,VIERNES,5,AGOSTO,8,NO,"NO RESPETAR LAS SENIALES REGLAMENTARIAS DE TRANSITO. (PARE, CEDA EL PASO, LUZ ROJA DEL SEMAFORO, ETC).",ESTRELLAMIENTOS,AUTOMOVIL,1,0,0,0,0,0,0,0,0,0,0,0,0,1,-1,NO IDENTIFICADO,NO IDENTIFICADO,CONDUCTOR AUSENTE,NO,NO,2
27481,109238,109239,2021,0,1,-0.237951,-78.535401,PICHINCHA,QUITO,QUITO,URBANA,2021-08-27,10:53:00,10,VIERNES,5,AGOSTO,8,NO,NO CEDER EL DERECHO DE VIA O PREFERENCIA DE PASO AL PEATON.,ATROPELLOS,AUTOMOVIL,1,0,0,0,0,0,0,0,0,0,0,0,0,1,84,MUJER,FALLECIDO,PEATON,NO,NO,1
27482,109241,109242,2021,0,1,-0.299015,-78.531528,PICHINCHA,QUITO,QUITO,URBANA,2021-08-27,12:00:00,12,VIERNES,5,AGOSTO,8,NO,"FALLA MECANICA EN LOS SISTEMAS Y/O NEUMATICOS (SISTEMA DE FRENOS, DIRECCION, ELECTRONICO O MECANICO).",OTROS,CAMION,1,0,0,1,0,0,0,0,0,0,0,0,0,2,53,MUJER,FALLECIDO,PEATON,NO,NO,1
27483,109242,109243,2021,0,0,-0.082908,-78.454098,PICHINCHA,QUITO,QUITO,URBANA,2021-08-27,12:05:00,12,VIERNES,5,AGOSTO,8,NO,NO RESPETAR LAS SENIALES MANUALES DEL AGENTE DE TRANSITO.,CHOQUE POSTERIOR,AUTOMOVIL,2,0,0,0,0,0,0,0,0,0,0,0,0,2,28,HOMBRE,ILESO,CONDUCTOR PRESENTE,NO,NO,1
27484,109246,109247,2021,0,0,-0.280556,-78.533493,PICHINCHA,QUITO,QUITO,URBANA,2021-08-27,13:05:00,13,VIERNES,5,AGOSTO,8,NO,NO MANTENER LA DISTANCIA PRUDENCIAL CON RESPECTO AL VEHICULO QUE LE ANTECEDE.,CHOQUE POSTERIOR,BICICLETA,1,1,0,0,0,0,0,0,0,0,0,0,0,2,27,MUJER,ILESO,CONDUCTOR PRESENTE,NO,NO,1
27485,109251,109252,2021,0,0,-0.158864,-78.483681,PICHINCHA,QUITO,QUITO,URBANA,2021-08-27,14:55:00,14,VIERNES,5,AGOSTO,8,NO,NO GUARDAR LA DISTANCIA LATERAL MINIMA DE SEGURIDAD ENTRE VEHICULOS.,ROZAMIENTOS,AUTOMOVIL,1,0,1,0,0,0,0,0,0,0,0,0,0,2,35,MUJER,ILESO,CONDUCTOR PRESENTE,NO,NO,1
27486,109264,109265,2021,0,0,-0.379101,-78.825701,PICHINCHA,MEJIA,MANUEL CORNEJO ASTORGA,RURAL,2021-08-27,17:40:00,17,VIERNES,5,AGOSTO,8,NO,"CONDUCIR DESATENTO A LAS CONDICIONES DE TRANSITO (CELULAR, PANTALLAS DE VIDEO, COMIDA, MAQUILLAJE O CUALQUIER OTRO ELEMENTO DISTRACTOR).",PERDIDA DE PISTA,AUTOMOVIL,1,0,0,0,0,0,0,0,0,0,0,0,1,2,46,HOMBRE,ILESO,CONDUCTOR PRESENTE,NO,NO,3
27487,109275,109276,2021,0,0,-0.381201,-78.822801,PICHINCHA,MEJIA,MANUEL CORNEJO ASTORGA,RURAL,2021-08-27,19:45:00,19,VIERNES,5,AGOSTO,8,NO,"CONDUCIR DESATENTO A LAS CONDICIONES DE TRANSITO (CELULAR, PANTALLAS DE VIDEO, COMIDA, MAQUILLAJE O CUALQUIER OTRO ELEMENTO DISTRACTOR).",PERDIDA DE PISTA,CAMION,0,0,0,2,0,0,0,0,0,0,0,0,0,2,-1,NO IDENTIFICADO,ILESO,CONDUCTOR PRESENTE,NO,NO,3
27488,109276,109277,2021,1,0,-0.212824,-78.402686,PICHINCHA,QUITO,TUMBACO,RURAL,2021-08-27,19:50:00,19,VIERNES,5,AGOSTO,8,NO,CONDUCIR VEHICULO SUPERANDO LOS LIMITES MAXIMOS DE VELOCIDAD.,CHOQUE LATERAL,AUTOMOVIL,1,0,0,0,0,0,0,0,1,0,0,0,0,2,22,HOMBRE,LESIONADO,PASAJERO,NO,NO,3
27489,109292,109293,2021,2,0,-0.092531,-78.436732,PICHINCHA,QUITO,CALDERON (CARAPUNGO),RURAL,2021-08-28,00:25:00,0,SABADO,6,AGOSTO,8,NO,CONDUCIR VEHICULO SUPERANDO LOS LIMITES MAXIMOS DE VELOCIDAD.,OTROS,MOTOCICLETA,1,0,0,0,0,0,0,0,1,0,0,0,0,2,20,HOMBRE,LESIONADO,PASAJERO,NO,NO,3
27490,109296,109297,2021,0,0,-0.233331,-78.490789,PICHINCHA,QUITO,QUITO,URBANA,2021-08-28,02:35:00,2,SABADO,6,AGOSTO,8,NO,CONDUCIR VEHICULO SUPERANDO LOS LIMITES MAXIMOS DE VELOCIDAD.,ESTRELLAMIENTOS,BUS,0,0,1,0,0,0,0,0,0,0,0,0,0,1,-1,NO IDENTIFICADO,NO IDENTIFICADO,CONDUCTOR AUSENTE,NO,NO,2
27491,109304,109305,2021,0,0,-0.199767,-78.428809,PICHINCHA,QUITO,CUMBAYA,RURAL,2021-08-28,06:25:00,6,SABADO,6,AGOSTO,8,NO,"CONDICIONES AMBIENTALES Y/O ATMOSFERICAS (NIEBLA, NEBLINA, GRANIZO, LLUVIA).",ESTRELLAMIENTOS,AUTOMOVIL,1,0,0,0,0,0,0,0,0,0,0,0,0,1,-1,NO IDENTIFICADO,NO IDENTIFICADO,CONDUCTOR AUSENTE,NO,NO,2
27492,109315,109316,2021,1,0,-0.170676,-78.476424,PICHINCHA,QUITO,QUITO,URBANA,2021-08-28,12:00:00,12,SABADO,6,AGOSTO,8,NO,"NO RESPETAR LAS SENIALES REGLAMENTARIAS DE TRANSITO. (PARE, CEDA EL PASO, LUZ ROJA DEL SEMAFORO, ETC).",CHOQUE LATERAL,BICICLETA,1,1,0,0,0,0,0,0,0,0,0,0,0,2,33,HOMBRE,LESIONADO,CONDUCTOR PRESENTE,NO,NO,1
27493,109316,109317,2021,1,0,-0.214813,-78.500391,PICHINCHA,QUITO,QUITO,URBANA,2021-08-28,12:40:00,12,SABADO,6,AGOSTO,8,NO,"NO RESPETAR LAS SENIALES REGLAMENTARIAS DE TRANSITO. (PARE, CEDA EL PASO, LUZ ROJA DEL SEMAFORO, ETC).",CHOQUE LATERAL,MOTOCICLETA,0,0,1,0,0,0,0,0,1,0,0,0,0,2,30,HOMBRE,LESIONADO,CONDUCTOR PRESENTE,NO,NO,1
27494,109318,109319,2021,0,0,-0.326439,-78.445014,PICHINCHA,RUMINIAHUI,SANGOLQUI,URBANA,2021-08-28,14:00:00,14,SABADO,6,AGOSTO,8,NO,DANIOS MECANICOS PREVISIBLES.,CHOQUE FRONTAL,BUS,1,0,1,0,0,0,0,0,0,0,0,0,0,2,45,HOMBRE,ILESO,CONDUCTOR PRESENTE,NO,SI,1
27495,109330,109331,2021,1,0,-0.299348,-78.542062,PICHINCHA,QUITO,QUITO,URBANA,2021-08-28,19:15:00,19,SABADO,6,AGOSTO,8,NO,CONDUCIR VEHICULO SUPERANDO LOS LIMITES MAXIMOS DE VELOCIDAD.,CHOQUE LATERAL,MOTOCICLETA,0,0,0,0,0,0,0,0,1,1,0,0,0,2,27,HOMBRE,LESIONADO,CONDUCTOR PRESENTE,NO,NO,1
27496,109335,109336,2021,1,1,-0.282701,-78.544403,PICHINCHA,QUITO,QUITO,URBANA,2021-08-28,20:15:00,20,SABADO,6,AGOSTO,8,NO,CONDUCIR VEHICULO SUPERANDO LOS LIMITES MAXIMOS DE VELOCIDAD.,ESTRELLAMIENTOS,MOTOCICLETA,0,0,0,0,0,0,0,0,1,0,0,0,0,1,28,HOMBRE,FALLECIDO,CONDUCTOR PRESENTE,NO,NO,1
27497,109337,109338,2021,0,0,-0.135541,-78.479812,PICHINCHA,QUITO,QUITO,URBANA,2021-08-28,20:30:00,20,SABADO,6,AGOSTO,8,NO,"CONDUCE BAJO LA INFLUENCIA DE ALCOHOL, SUSTANCIAS ESTUPEFACIENTES O PSICOTROPICAS Y/O MEDICAMENTOS.",ESTRELLAMIENTOS,AUTOMOVIL,1,0,0,0,0,0,0,0,0,0,0,0,0,1,30,MUJER,ILESO,PASAJERO,NO,NO,1
27498,109344,109345,2021,2,0,-0.277031,-78.537394,PICHINCHA,QUITO,QUITO,URBANA,2021-08-28,22:00:00,22,SABADO,6,AGOSTO,8,NO,CONDUCIR VEHICULO SUPERANDO LOS LIMITES MAXIMOS DE VELOCIDAD.,ESTRELLAMIENTOS,AUTOMOVIL,1,0,0,0,0,0,0,0,0,0,0,0,0,1,38,HOMBRE,LESIONADO,PASAJERO,NO,NO,1
27499,109359,109360,2021,0,0,-0.237474,-78.484642,PICHINCHA,QUITO,QUITO,URBANA,2021-08-29,01:10:00,1,DOMINGO,7,AGOSTO,8,NO,CONDUCIR VEHICULO SUPERANDO LOS LIMITES MAXIMOS DE VELOCIDAD.,PERDIDA DE CARRIL,AUTOMOVIL,1,0,0,0,0,0,0,0,0,0,0,0,0,1,-1,NO IDENTIFICADO,NO IDENTIFICADO,CONDUCTOR AUSENTE,NO,NO,2
27500,109367,109368,2021,0,3,-0.273825,-78.510216,PICHINCHA,QUITO,QUITO,URBANA,2021-08-29,02:57:00,2,DOMINGO,7,AGOSTO,8,NO,CONDUCIR VEHICULO SUPERANDO LOS LIMITES MAXIMOS DE VELOCIDAD.,ESTRELLAMIENTOS,AUTOMOVIL,1,0,0,0,0,0,0,0,0,0,0,0,0,1,18,HOMBRE,FALLECIDO,PASAJERO,NO,NO,1
27501,109370,109371,2021,0,0,-0.183572,-78.478838,PICHINCHA,QUITO,QUITO,URBANA,2021-08-29,03:30:00,3,DOMINGO,7,AGOSTO,8,NO,CONDUCIR VEHICULO SUPERANDO LOS LIMITES MAXIMOS DE VELOCIDAD.,ESTRELLAMIENTOS,AUTOMOVIL,1,0,0,0,0,0,0,0,0,0,0,0,0,1,-1,NO IDENTIFICADO,NO IDENTIFICADO,CONDUCTOR AUSENTE,NO,NO,2
27502,109375,109376,2021,1,0,-0.231506,-78.492987,PICHINCHA,QUITO,QUITO,URBANA,2021-08-29,05:00:00,5,DOMINGO,7,AGOSTO,8,NO,CONDUCIR VEHICULO SUPERANDO LOS LIMITES MAXIMOS DE VELOCIDAD.,ESTRELLAMIENTOS,MOTOCICLETA,0,0,0,0,0,0,0,0,1,0,0,0,0,1,27,HOMBRE,LESIONADO,CONDUCTOR PRESENTE,NO,NO,1
27503,109381,109382,2021,2,0,-0.175598,-78.486611,PICHINCHA,QUITO,QUITO,URBANA,2021-08-29,06:00:00,6,DOMINGO,7,AGOSTO,8,NO,"NO RESPETAR LAS SENIALES REGLAMENTARIAS DE TRANSITO. (PARE, CEDA EL PASO, LUZ ROJA DEL SEMAFORO, ETC).",CHOQUE LATERAL,AUTOMOVIL,2,0,0,0,0,0,0,0,0,0,0,0,0,2,23,HOMBRE,LESIONADO,PASAJERO,NO,NO,1
27504,109385,109386,2021,0,1,-0.136812,-78.473598,PICHINCHA,QUITO,QUITO,URBANA,2021-08-29,07:05:00,7,DOMINGO,7,AGOSTO,8,NO,PEATON QUE CRUZA LA CALZADA SIN RESPETAR LA SENIALIZACION EXISTENTE (SEMAFOROS O SENIALES MANUALES).,ATROPELLOS,NO IDENTIFICADO,0,0,0,0,0,0,0,0,0,1,0,0,0,1,63,HOMBRE,FALLECIDO,PEATON,NO,NO,1
27505,109393,109394,2021,0,0,-0.162116,-78.492472,PICHINCHA,QUITO,QUITO,URBANA,2021-08-29,11:45:00,11,DOMINGO,7,AGOSTO,8,NO,NO CEDER EL DERECHO DE VIA O PREFERENCIA DE PASO A VEHICULOS.,CHOQUE LATERAL,AUTOMOVIL,2,0,0,0,0,0,0,0,0,0,0,0,0,2,46,MUJER,ILESO,CONDUCTOR PRESENTE,NO,NO,1
27506,109394,109395,2021,0,0,-0.116094,-78.457807,PICHINCHA,QUITO,QUITO,URBANA,2021-08-29,11:50:00,11,DOMINGO,7,AGOSTO,8,NO,"CONDUCE BAJO LA INFLUENCIA DE ALCOHOL, SUSTANCIAS ESTUPEFACIENTES O PSICOTROPICAS Y/O MEDICAMENTOS.",CHOQUE LATERAL,AUTOMOVIL,2,0,0,0,0,0,0,0,0,0,0,0,0,2,35,HOMBRE,ILESO,CONDUCTOR PRESENTE,NO,NO,1
27507,109403,109404,2021,2,0,-0.257282,-78.515089,PICHINCHA,QUITO,QUITO,URBANA,2021-08-29,16:25:00,16,DOMINGO,7,AGOSTO,8,NO,"NO RESPETAR LAS SENIALES REGLAMENTARIAS DE TRANSITO. (PARE, CEDA EL PASO, LUZ ROJA DEL SEMAFORO, ETC).",CHOQUE LATERAL,MOTOCICLETA,1,0,0,0,0,0,0,0,1,0,0,0,0,2,16,HOMBRE,LESIONADO,PASAJERO,NO,NO,1
27508,109406,109407,2021,0,0,-0.121583,-78.471486,PICHINCHA,QUITO,QUITO,URBANA,2021-08-29,16:40:00,16,DOMINGO,7,AGOSTO,8,NO,"CONDUCIR DESATENTO A LAS CONDICIONES DE TRANSITO (CELULAR, PANTALLAS DE VIDEO, COMIDA, MAQUILLAJE O CUALQUIER OTRO ELEMENTO DISTRACTOR).",CHOQUE FRONTAL,AUTOMOVIL,2,0,0,0,0,0,0,0,0,0,0,0,0,2,28,MUJER,ILESO,CONDUCTOR PRESENTE,NO,NO,1
27509,109407,109408,2021,1,0,-0.267968,-78.269362,PICHINCHA,QUITO,PIFO,RURAL,2021-08-29,17:15:00,17,DOMINGO,7,AGOSTO,8,NO,"CONDUCIR DESATENTO A LAS CONDICIONES DE TRANSITO (CELULAR, PANTALLAS DE VIDEO, COMIDA, MAQUILLAJE O CUALQUIER OTRO ELEMENTO DISTRACTOR).",PERDIDA DE CARRIL,CAMION,0,0,0,1,0,0,0,0,0,0,0,0,0,1,50,HOMBRE,LESIONADO,CONDUCTOR PRESENTE,NO,SI,3
27510,109411,109412,2021,0,0,-0.181249,-78.505204,PICHINCHA,QUITO,QUITO,URBANA,2021-08-29,18:30:00,18,DOMINGO,7,AGOSTO,8,NO,NO MANTENER LA DISTANCIA PRUDENCIAL CON RESPECTO AL VEHICULO QUE LE ANTECEDE.,CHOQUE POSTERIOR,AUTOMOVIL,2,0,0,0,0,0,0,0,0,0,0,0,0,2,59,HOMBRE,ILESO,CONDUCTOR PRESENTE,NO,NO,1
27511,109416,109417,2021,0,0,-0.501469,-78.572617,PICHINCHA,MEJIA,MACHACHI,RURAL,2021-08-29,19:30:00,19,DOMINGO,7,AGOSTO,8,NO,"CONDUCIR DESATENTO A LAS CONDICIONES DE TRANSITO (CELULAR, PANTALLAS DE VIDEO, COMIDA, MAQUILLAJE O CUALQUIER OTRO ELEMENTO DISTRACTOR).",CHOQUE POSTERIOR,CAMIONETA,0,0,0,0,2,0,0,0,0,0,0,0,0,2,24,HOMBRE,ILESO,CONDUCTOR PRESENTE,NO,SI,3
27512,109418,109419,2021,0,1,-0.378943,-78.552343,PICHINCHA,MEJIA,CUTUGLAHUA,RURAL,2021-08-29,19:45:00,19,DOMINGO,7,AGOSTO,8,NO,"CONDUCIR DESATENTO A LAS CONDICIONES DE TRANSITO (CELULAR, PANTALLAS DE VIDEO, COMIDA, MAQUILLAJE O CUALQUIER OTRO ELEMENTO DISTRACTOR).",CHOQUE LATERAL,CAMION,0,0,0,1,0,0,0,0,0,0,0,0,1,2,38,HOMBRE,FALLECIDO,CONDUCTOR PRESENTE,NO,SI,3
27513,109434,109435,2021,0,0,-0.001574,-78.439994,PICHINCHA,QUITO,SAN ANTONIO (QUITO),RURAL,2021-08-29,23:25:00,23,DOMINGO,7,AGOSTO,8,NO,CONDUCIR VEHICULO SUPERANDO LOS LIMITES MAXIMOS DE VELOCIDAD.,ESTRELLAMIENTOS,CAMIONETA,0,0,0,0,1,0,0,0,0,0,0,0,0,1,-1,NO IDENTIFICADO,NO IDENTIFICADO,CONDUCTOR AUSENTE,NO,NO,2
27514,109436,109437,2021,0,0,-0.355144,-78.549159,PICHINCHA,QUITO,QUITO,URBANA,2021-08-30,00:00:00,0,LUNES,1,AGOSTO,8,NO,CONDUCIR VEHICULO SUPERANDO LOS LIMITES MAXIMOS DE VELOCIDAD.,ESTRELLAMIENTOS,AUTOMOVIL,1,0,0,0,0,0,0,0,0,0,0,0,0,1,-1,NO IDENTIFICADO,NO IDENTIFICADO,CONDUCTOR AUSENTE,NO,NO,2
27515,109443,109444,2021,0,0,-0.220556,-78.393037,PICHINCHA,QUITO,TUMBACO,RURAL,2021-08-30,07:05:00,7,LUNES,1,AGOSTO,8,NO,"CONDICIONES AMBIENTALES Y/O ATMOSFERICAS (NIEBLA, NEBLINA, GRANIZO, LLUVIA).",ESTRELLAMIENTOS,AUTOMOVIL,1,0,0,0,0,0,0,0,0,0,0,0,0,1,69,HOMBRE,ILESO,CONDUCTOR PRESENTE,NO,NO,3
27516,109445,109446,2021,2,0,-0.289456,-78.566497,PICHINCHA,QUITO,QUITO,URBANA,2021-08-30,07:45:00,7,LUNES,1,AGOSTO,8,NO,REALIZAR CAMBIO BRUSCO O INDEBIDO DE CARRIL.,CHOQUE LATERAL,BUS,1,0,1,0,0,0,0,0,0,0,0,0,0,2,2,HOMBRE,LESIONADO,PASAJERO,NO,NO,1
27517,109448,109449,2021,1,0,-0.203056,-78.458398,PICHINCHA,QUITO,QUITO,URBANA,2021-08-30,08:00:00,8,LUNES,1,AGOSTO,8,NO,"CONDICIONES AMBIENTALES Y/O ATMOSFERICAS (NIEBLA, NEBLINA, GRANIZO, LLUVIA).",PERDIDA DE CARRIL,MOTOCICLETA,0,0,0,0,0,0,0,0,1,0,0,0,0,1,23,HOMBRE,LESIONADO,CONDUCTOR PRESENTE,NO,NO,1
27518,109452,109453,2021,0,0,-0.163256,-78.313348,PICHINCHA,QUITO,YARUQUI,RURAL,2021-08-30,11:00:00,11,LUNES,1,AGOSTO,8,NO,CONDUCIR VEHICULO SUPERANDO LOS LIMITES MAXIMOS DE VELOCIDAD.,ESTRELLAMIENTOS,NO IDENTIFICADO,0,0,0,0,0,0,0,0,0,1,0,0,0,1,-1,NO IDENTIFICADO,NO IDENTIFICADO,CONDUCTOR AUSENTE,NO,NO,2
27519,109456,109457,2021,0,0,-0.107072,-78.502372,PICHINCHA,QUITO,QUITO,URBANA,2021-08-30,13:35:00,13,LUNES,1,AGOSTO,8,NO,"FALLA MECANICA EN LOS SISTEMAS Y/O NEUMATICOS (SISTEMA DE FRENOS, DIRECCION, ELECTRONICO O MECANICO).",OTROS,CAMION,1,0,0,1,1,0,0,0,0,0,0,0,0,3,29,HOMBRE,ILESO,CONDUCTOR PRESENTE,NO,NO,1
27520,109460,109461,2021,2,0,-0.464284,-78.564807,PICHINCHA,MEJIA,MACHACHI,RURAL,2021-08-30,16:15:00,16,LUNES,1,AGOSTO,8,NO,"CONDUCIR DESATENTO A LAS CONDICIONES DE TRANSITO (CELULAR, PANTALLAS DE VIDEO, COMIDA, MAQUILLAJE O CUALQUIER OTRO ELEMENTO DISTRACTOR).",ROZAMIENTOS,CAMION,1,0,0,1,0,0,0,0,0,0,0,0,0,2,6,HOMBRE,LESIONADO,PASAJERO,NO,SI,3
27521,109462,109463,2021,0,0,-0.118692,-78.492091,PICHINCHA,QUITO,QUITO,URBANA,2021-08-30,16:50:00,16,LUNES,1,AGOSTO,8,NO,"NO RESPETAR LAS SENIALES REGLAMENTARIAS DE TRANSITO. (PARE, CEDA EL PASO, LUZ ROJA DEL SEMAFORO, ETC).",CHOQUE LATERAL,AUTOMOVIL,2,0,0,0,0,0,0,0,0,0,0,0,0,2,0,HOMBRE,ILESO,PASAJERO,NO,NO,1
27522,109464,109465,2021,1,0,-0.112322,-78.297745,PICHINCHA,QUITO,EL QUINCHE,RURAL,2021-08-30,17:30:00,17,LUNES,1,AGOSTO,8,NO,"CONDUCE BAJO LA INFLUENCIA DE ALCOHOL, SUSTANCIAS ESTUPEFACIENTES O PSICOTROPICAS Y/O MEDICAMENTOS.",CHOQUE POSTERIOR,BUS,1,0,1,0,0,0,0,0,0,0,0,0,1,3,3,MUJER,LESIONADO,PASAJERO,NO,SI,3
27523,109473,109474,2021,0,0,-0.215402,-78.490705,PICHINCHA,QUITO,QUITO,URBANA,2021-08-30,19:50:00,19,LUNES,1,AGOSTO,8,NO,CONDUCIR VEHICULO SUPERANDO LOS LIMITES MAXIMOS DE VELOCIDAD.,ESTRELLAMIENTOS,AUTOMOVIL,1,0,0,0,0,0,0,0,0,0,0,0,0,1,-1,NO IDENTIFICADO,NO IDENTIFICADO,CONDUCTOR AUSENTE,NO,NO,2
27524,109481,109482,2021,2,0,-0.284269,-78.518971,PICHINCHA,QUITO,QUITO,URBANA,2021-08-31,00:50:00,0,MARTES,2,AGOSTO,8,NO,"FALLA MECANICA EN LOS SISTEMAS Y/O NEUMATICOS (SISTEMA DE FRENOS, DIRECCION, ELECTRONICO O MECANICO).",ESTRELLAMIENTOS,CAMIONETA,0,0,0,0,1,0,0,0,0,0,0,0,0,1,28,HOMBRE,LESIONADO,PASAJERO,NO,NO,1
27525,109492,109493,2021,0,0,-0.201361,-78.490501,PICHINCHA,QUITO,QUITO,URBANA,2021-08-31,08:20:00,8,MARTES,2,AGOSTO,8,NO,NO CEDER EL DERECHO DE VIA O PREFERENCIA DE PASO A VEHICULOS.,CHOQUE LATERAL,BUS,1,0,1,0,0,0,0,0,0,0,0,0,0,2,39,MUJER,ILESO,CONDUCTOR PRESENTE,NO,NO,1
27526,109500,109501,2021,0,0,-0.328831,-78.560625,PICHINCHA,QUITO,QUITO,URBANA,2021-08-31,11:30:00,11,MARTES,2,AGOSTO,8,NO,CONDUCIR VEHICULO SUPERANDO LOS LIMITES MAXIMOS DE VELOCIDAD.,ESTRELLAMIENTOS,CAMIONETA,0,0,0,0,1,0,0,0,0,0,0,0,0,1,-1,NO IDENTIFICADO,NO IDENTIFICADO,CONDUCTOR AUSENTE,NO,NO,2
27527,109503,109504,2021,0,0,-0.212824,-78.402686,PICHINCHA,QUITO,TUMBACO,RURAL,2021-08-31,13:20:00,13,MARTES,2,AGOSTO,8,NO,REALIZAR CAMBIO BRUSCO O INDEBIDO DE CARRIL.,ROZAMIENTOS,CAMIONETA,1,0,0,0,1,0,0,0,0,0,0,0,0,2,32,HOMBRE,ILESO,CONDUCTOR PRESENTE,NO,NO,3
27528,109512,109513,2021,0,0,-0.338371,-78.549676,PICHINCHA,QUITO,QUITO,URBANA,2021-08-31,15:15:00,15,MARTES,2,AGOSTO,8,NO,"NO RESPETAR LAS SENIALES REGLAMENTARIAS DE TRANSITO. (PARE, CEDA EL PASO, LUZ ROJA DEL SEMAFORO, ETC).",COLISION,AUTOMOVIL,2,0,1,0,0,0,0,0,0,0,0,0,0,3,58,HOMBRE,ILESO,CONDUCTOR PRESENTE,NO,NO,1
27529,109514,109515,2021,0,0,-0.189085,-78.511758,PICHINCHA,QUITO,QUITO,URBANA,2021-08-31,15:38:00,15,MARTES,2,AGOSTO,8,NO,"CONDICIONES AMBIENTALES Y/O ATMOSFERICAS (NIEBLA, NEBLINA, GRANIZO, LLUVIA).",ESTRELLAMIENTOS,AUTOMOVIL,1,0,0,0,0,0,0,0,0,0,0,0,0,1,24,HOMBRE,ILESO,CONDUCTOR PRESENTE,NO,NO,1
27530,109524,109525,2021,1,0,-0.149671,-78.481513,PICHINCHA,QUITO,QUITO,URBANA,2021-08-31,19:10:00,19,MARTES,2,AGOSTO,8,NO,NO TRANSITAR POR LAS ACERAS O ZONAS DE SEGURIDAD DESTINADAS PARA EL EFECTO.,ATROPELLOS,AUTOMOVIL,1,0,0,0,0,0,0,0,0,0,0,0,0,1,27,MUJER,LESIONADO,PEATON,NO,NO,1
27531,109527,109528,2021,0,0,-0.204895,-78.499033,PICHINCHA,QUITO,QUITO,URBANA,2021-08-31,19:30:00,19,MARTES,2,AGOSTO,8,NO,CONDUCIR VEHICULO SUPERANDO LOS LIMITES MAXIMOS DE VELOCIDAD.,CHOQUE POSTERIOR,AUTOMOVIL,2,0,0,0,0,0,0,0,0,0,0,0,0,2,45,HOMBRE,ILESO,CONDUCTOR PRESENTE,NO,NO,1
27532,109531,109532,2021,1,0,-0.100803,-78.490655,PICHINCHA,QUITO,QUITO,RURAL,2021-08-31,20:05:00,20,MARTES,2,AGOSTO,8,NO,"CONDUCIR DESATENTO A LAS CONDICIONES DE TRANSITO (CELULAR, PANTALLAS DE VIDEO, COMIDA, MAQUILLAJE O CUALQUIER OTRO ELEMENTO DISTRACTOR).",CHOQUE POSTERIOR,VEHICULO DEPORTIVO UTILITARIO,1,0,0,0,0,0,0,0,0,0,0,0,1,2,63,HOMBRE,LESIONADO,CONDUCTOR PRESENTE,NO,SI,3
27533,109541,109542,2021,0,0,-0.185775,-78.482516,PICHINCHA,QUITO,QUITO,URBANA,2021-09-01,07:30:00,7,MIERCOLES,3,SEPTIEMBRE,9,NO,"NO RESPETAR LAS SENIALES REGLAMENTARIAS DE TRANSITO. (PARE, CEDA EL PASO, LUZ ROJA DEL SEMAFORO, ETC).",CHOQUE LATERAL,AUTOMOVIL,2,0,0,0,0,0,0,0,0,0,0,0,0,2,28,MUJER,ILESO,CONDUCTOR PRESENTE,NO,NO,1
27534,109545,109546,2021,2,0,-0.237628,-78.484445,PICHINCHA,QUITO,QUITO,URBANA,2021-09-01,08:45:00,8,MIERCOLES,3,SEPTIEMBRE,9,NO,REALIZAR CAMBIO BRUSCO O INDEBIDO DE CARRIL.,OTROS,BICICLETA,1,1,0,0,0,0,0,0,0,0,0,0,0,2,16,MUJER,LESIONADO,CONDUCTOR PRESENTE,NO,NO,1
27535,109552,109553,2021,0,0,-0.109369,-78.458375,PICHINCHA,QUITO,CALDERON (CARAPUNGO),URBANA,2021-09-01,12:45:00,12,MIERCOLES,3,SEPTIEMBRE,9,NO,"FALLA MECANICA EN LOS SISTEMAS Y/O NEUMATICOS (SISTEMA DE FRENOS, DIRECCION, ELECTRONICO O MECANICO).",ESTRELLAMIENTOS,CAMIONETA,0,0,0,0,1,0,0,0,0,0,0,0,0,1,38,HOMBRE,ILESO,CONDUCTOR PRESENTE,NO,NO,1
27536,109554,109555,2021,0,0,-0.119856,-78.496631,PICHINCHA,QUITO,QUITO,URBANA,2021-09-01,13:20:00,13,MIERCOLES,3,SEPTIEMBRE,9,NO,CONDUCIR VEHICULO SUPERANDO LOS LIMITES MAXIMOS DE VELOCIDAD.,ESTRELLAMIENTOS,AUTOMOVIL,1,0,0,1,0,0,0,0,0,0,0,0,0,2,47,HOMBRE,ILESO,CONDUCTOR PRESENTE,NO,NO,1