,Unnamed: 0,ID,ANIO,LESIONADOS,FALLECIDOS,LATITUD_Y,LONGITUD_X,PROVINCIA,CANTON,PARROQUIA,ZONA,FECHA,HORA,PERIODO_2,DIA_1,DIA_2,MES_1,MES_2,FERIADO,CAUSA_PROBABLE,TIPO_DE_SINIESTRO,TIPO_DE_VEHICULO_1,AUTOMOVIL,BICICLETA,BUS,CAMION,CAMIONETA,EMERGENCIAS,ESPECIAL,FURGONETA,MOTOCICLETA,NO_IDENTIFICADO,SCOOTER_ELECTRICO,TRICIMOTO,VEHICULO_DEPORTIVO_UTILITARIO,SUMA_DE_VEHICULOS,EDAD_1,SEXO_1,CONDICION_1,PARTICIPANTE_1,CASCO_1,CINTURON_1,KMeans_Cluster
27537,109562,109563,2021,1,0,-0.175523,-78.488366,PICHINCHA,QUITO,QUITO,URBANA,2021-09-01,16:43:00,16,MIERCOLES,3,SEPTIEMBRE,9,NO,NO CEDER EL DERECHO DE VIA O PREFERENCIA DE PASO A VEHICULOS.,CHOQUE LATERAL,AUTOMOVIL,1,0,0,0,0,0,0,0,1,0,0,0,0,2,23,HOMBRE,LESIONADO,CONDUCTOR PRESENTE,NO,NO,1
27538,109563,109564,2021,0,0,-0.442101,-78.700708,PICHINCHA,MEJIA,ALOAG,RURAL,2021-09-01,17:15:00,17,MIERCOLES,3,SEPTIEMBRE,9,NO,CONDUCIR EN SENTIDO CONTRARIO A LA VIA NORMAL DE CIRCULACION.,CHOQUE FRONTAL,VEHICULO DEPORTIVO UTILITARIO,1,0,0,0,0,0,0,0,0,0,0,0,1,2,54,HOMBRE,ILESO,CONDUCTOR PRESENTE,NO,NO,3
27539,109566,109567,2021,0,0,-0.301132,-78.521206,PICHINCHA,QUITO,QUITO,URBANA,2021-09-01,18:40:00,18,MIERCOLES,3,SEPTIEMBRE,9,NO,REALIZAR CAMBIO BRUSCO O INDEBIDO DE CARRIL.,CHOQUE LATERAL,AUTOMOVIL,1,0,0,0,1,0,0,0,0,0,0,0,0,2,41,HOMBRE,ILESO,CONDUCTOR PRESENTE,NO,NO,1
27540,109574,109575,2021,0,0,-0.160312,-78.466911,PICHINCHA,QUITO,QUITO,URBANA,2021-09-01,21:20:00,21,MIERCOLES,3,SEPTIEMBRE,9,NO,CONDUCIR VEHICULO SUPERANDO LOS LIMITES MAXIMOS DE VELOCIDAD.,CHOQUE LATERAL,AUTOMOVIL,2,0,0,0,0,0,0,0,0,0,0,0,0,2,32,HOMBRE,ILESO,CONDUCTOR PRESENTE,NO,NO,1
27541,109578,109579,2021,2,0,-0.122235,-78.496781,PICHINCHA,QUITO,QUITO,URBANA,2021-09-01,23:00:00,23,MIERCOLES,3,SEPTIEMBRE,9,NO,"NO RESPETAR LAS SENIALES REGLAMENTARIAS DE TRANSITO. (PARE, CEDA EL PASO, LUZ ROJA DEL SEMAFORO, ETC).",CHOQUE LATERAL,AUTOMOVIL,1,0,0,0,0,0,0,0,1,0,0,0,0,2,15,MUJER,LESIONADO,PASAJERO,NO,NO,1
27542,109579,109580,2021,0,0,-0.242681,-78.497364,PICHINCHA,QUITO,QUITO,URBANA,2021-09-01,23:15:00,23,MIERCOLES,3,SEPTIEMBRE,9,NO,CONDUCIR VEHICULO SUPERANDO LOS LIMITES MAXIMOS DE VELOCIDAD.,ESTRELLAMIENTOS,CAMION,0,0,0,1,0,0,0,0,0,0,0,0,0,1,-1,NO IDENTIFICADO,NO IDENTIFICADO,CONDUCTOR AUSENTE,NO,NO,2
27543,109580,109581,2021,1,1,-0.324186,-78.449692,PICHINCHA,RUMINIAHUI,SANGOLQUI,URBANA,2021-09-02,01:00:00,1,JUEVES,4,SEPTIEMBRE,9,NO,"CONDUCIR DESATENTO A LAS CONDICIONES DE TRANSITO (CELULAR, PANTALLAS DE VIDEO, COMIDA, MAQUILLAJE O CUALQUIER OTRO ELEMENTO DISTRACTOR).",PERDIDA DE CARRIL,MOTOCICLETA,0,0,0,0,0,0,0,0,1,0,0,0,0,1,38,HOMBRE,FALLECIDO,PASAJERO,NO,SI,1
27544,109583,109584,2021,0,0,-0.296879,-78.552792,PICHINCHA,QUITO,QUITO,URBANA,2021-09-02,04:00:00,4,JUEVES,4,SEPTIEMBRE,9,NO,CONDUCIR VEHICULO SUPERANDO LOS LIMITES MAXIMOS DE VELOCIDAD.,ESTRELLAMIENTOS,AUTOMOVIL,1,0,0,0,0,0,0,0,0,0,0,0,0,1,-1,NO IDENTIFICADO,NO IDENTIFICADO,CONDUCTOR AUSENTE,NO,NO,2
27545,109584,109585,2021,0,0,-0.252774,-78.510431,PICHINCHA,QUITO,QUITO,URBANA,2021-09-02,04:40:00,4,JUEVES,4,SEPTIEMBRE,9,NO,"FALLA MECANICA EN LOS SISTEMAS Y/O NEUMATICOS (SISTEMA DE FRENOS, DIRECCION, ELECTRONICO O MECANICO).",ESTRELLAMIENTOS,AUTOMOVIL,1,0,0,0,0,0,0,0,0,0,0,0,0,1,64,HOMBRE,ILESO,CONDUCTOR PRESENTE,NO,NO,1
27546,109585,109586,2021,1,0,-0.245954,-78.501011,PICHINCHA,QUITO,QUITO,URBANA,2021-09-02,05:15:00,5,JUEVES,4,SEPTIEMBRE,9,NO,CONDUCIR VEHICULO SUPERANDO LOS LIMITES MAXIMOS DE VELOCIDAD.,CHOQUE POSTERIOR,FURGONETA,0,0,0,0,0,0,0,1,0,1,0,0,0,2,24,HOMBRE,LESIONADO,CONDUCTOR PRESENTE,NO,NO,1
27547,109589,109590,2021,0,0,-0.144204,-78.500066,PICHINCHA,QUITO,QUITO,URBANA,2021-09-02,06:41:00,6,JUEVES,4,SEPTIEMBRE,9,NO,"NO RESPETAR LAS SENIALES REGLAMENTARIAS DE TRANSITO. (PARE, CEDA EL PASO, LUZ ROJA DEL SEMAFORO, ETC).",CHOQUE POSTERIOR,AUTOMOVIL,2,0,0,0,0,0,0,0,0,0,0,0,0,2,29,MUJER,ILESO,CONDUCTOR PRESENTE,NO,NO,1
27548,109594,109595,2021,1,0,-0.238001,-78.529084,PICHINCHA,QUITO,QUITO,URBANA,2021-09-02,07:44:00,7,JUEVES,4,SEPTIEMBRE,9,NO,"NO RESPETAR LAS SENIALES REGLAMENTARIAS DE TRANSITO. (PARE, CEDA EL PASO, LUZ ROJA DEL SEMAFORO, ETC).",CHOQUE LATERAL,AUTOMOVIL,1,0,0,0,0,0,0,0,1,0,0,0,0,2,41,HOMBRE,LESIONADO,CONDUCTOR PRESENTE,NO,NO,1
27549,109600,109601,2021,0,1,-0.305397,-78.521786,PICHINCHA,QUITO,QUITO,URBANA,2021-09-02,10:15:00,10,JUEVES,4,SEPTIEMBRE,9,NO,NO TRANSITAR POR LAS ACERAS O ZONAS DE SEGURIDAD DESTINADAS PARA EL EFECTO.,ATROPELLOS,NO IDENTIFICADO,0,0,0,0,0,0,0,0,0,1,0,0,0,1,79,MUJER,FALLECIDO,PEATON,NO,NO,1
27550,109603,109604,2021,0,0,-0.219832,-78.510211,PICHINCHA,QUITO,QUITO,URBANA,2021-09-02,11:00:00,11,JUEVES,4,SEPTIEMBRE,9,NO,"NO RESPETAR LAS SENIALES REGLAMENTARIAS DE TRANSITO. (PARE, CEDA EL PASO, LUZ ROJA DEL SEMAFORO, ETC).",CHOQUE LATERAL,AUTOMOVIL,2,0,0,0,0,0,0,0,0,0,0,0,0,2,44,HOMBRE,ILESO,CONDUCTOR PRESENTE,NO,NO,1
27551,109609,109610,2021,2,0,-0.006166,-78.444379,PICHINCHA,QUITO,SAN ANTONIO (QUITO),RURAL,2021-09-02,12:30:00,12,JUEVES,4,SEPTIEMBRE,9,NO,CONDUCIR VEHICULO SUPERANDO LOS LIMITES MAXIMOS DE VELOCIDAD.,OTROS,CAMIONETA,0,0,0,0,2,0,0,0,0,0,0,0,0,2,25,MUJER,LESIONADO,PEATON,NO,NO,3
27552,109614,109615,2021,2,0,-0.451984,-78.658411,PICHINCHA,MEJIA,ALOAG,RURAL,2021-09-02,14:50:00,14,JUEVES,4,SEPTIEMBRE,9,NO,CONDUCIR EN SENTIDO CONTRARIO A LA VIA NORMAL DE CIRCULACION.,CHOQUE FRONTAL,AUTOMOVIL,2,0,0,0,0,0,0,0,0,0,0,0,0,2,-1,NO IDENTIFICADO,LESIONADO,PASAJERO,NO,NO,3
27553,109617,109618,2021,1,0,-0.141457,-78.483041,PICHINCHA,QUITO,QUITO,URBANA,2021-09-02,15:24:00,15,JUEVES,4,SEPTIEMBRE,9,NO,"NO RESPETAR LAS SENIALES REGLAMENTARIAS DE TRANSITO. (PARE, CEDA EL PASO, LUZ ROJA DEL SEMAFORO, ETC).",CHOQUE LATERAL,AUTOMOVIL,1,0,0,0,0,0,0,0,1,0,0,0,0,2,25,HOMBRE,LESIONADO,CONDUCTOR PRESENTE,NO,NO,1
27554,109618,109619,2021,0,0,-0.443056,-78.671389,PICHINCHA,MEJIA,ALOAG,RURAL,2021-09-02,15:35:00,15,JUEVES,4,SEPTIEMBRE,9,NO,"CONDUCIR DESATENTO A LAS CONDICIONES DE TRANSITO (CELULAR, PANTALLAS DE VIDEO, COMIDA, MAQUILLAJE O CUALQUIER OTRO ELEMENTO DISTRACTOR).",PERDIDA DE PISTA,VEHICULO DEPORTIVO UTILITARIO,2,0,0,0,0,0,0,0,0,0,0,0,1,3,41,MUJER,ILESO,CONDUCTOR PRESENTE,NO,NO,3
27555,109634,109635,2021,1,0,-0.098851,-78.292021,PICHINCHA,QUITO,EL QUINCHE,RURAL,2021-09-02,19:25:00,19,JUEVES,4,SEPTIEMBRE,9,NO,"CONDUCIR DESATENTO A LAS CONDICIONES DE TRANSITO (CELULAR, PANTALLAS DE VIDEO, COMIDA, MAQUILLAJE O CUALQUIER OTRO ELEMENTO DISTRACTOR).",CHOQUE LATERAL,MOTOCICLETA,1,0,0,0,0,0,0,0,1,0,0,0,0,2,25,HOMBRE,LESIONADO,CONDUCTOR PRESENTE,NO,SI,3
27556,109658,109659,2021,0,0,-0.287947,-78.519949,PICHINCHA,QUITO,QUITO,URBANA,2021-09-03,00:45:00,0,VIERNES,5,SEPTIEMBRE,9,NO,"CONDUCE BAJO LA INFLUENCIA DE ALCOHOL, SUSTANCIAS ESTUPEFACIENTES O PSICOTROPICAS Y/O MEDICAMENTOS.",CHOQUE POSTERIOR,CAMIONETA,1,0,0,0,1,0,0,0,0,0,0,0,0,2,39,HOMBRE,ILESO,CONDUCTOR PRESENTE,NO,NO,1
27557,109659,109660,2021,0,0,-0.260403,-78.555646,PICHINCHA,QUITO,QUITO,URBANA,2021-09-03,01:00:00,1,VIERNES,5,SEPTIEMBRE,9,NO,CONDUCIR VEHICULO SUPERANDO LOS LIMITES MAXIMOS DE VELOCIDAD.,ESTRELLAMIENTOS,AUTOMOVIL,2,0,0,0,0,0,0,0,0,0,0,0,0,2,-1,NO IDENTIFICADO,NO IDENTIFICADO,CONDUCTOR AUSENTE,NO,NO,2
27558,109672,109673,2021,0,0,-0.299432,-78.559038,PICHINCHA,QUITO,QUITO,URBANA,2021-09-03,09:55:00,9,VIERNES,5,SEPTIEMBRE,9,NO,"NO RESPETAR LAS SENIALES REGLAMENTARIAS DE TRANSITO. (PARE, CEDA EL PASO, LUZ ROJA DEL SEMAFORO, ETC).",OTROS,AUTOMOVIL,1,0,0,0,0,0,0,0,0,0,0,0,0,1,-1,NO IDENTIFICADO,NO IDENTIFICADO,CONDUCTOR AUSENTE,NO,NO,2
27559,109673,109674,2021,3,0,-0.433628,-78.552778,PICHINCHA,MEJIA,MACHACHI,RURAL,2021-09-03,10:00:00,10,VIERNES,5,SEPTIEMBRE,9,NO,"CONDUCIR DESATENTO A LAS CONDICIONES DE TRANSITO (CELULAR, PANTALLAS DE VIDEO, COMIDA, MAQUILLAJE O CUALQUIER OTRO ELEMENTO DISTRACTOR).",CHOQUE LATERAL,AUTOMOVIL,3,0,0,0,1,0,0,0,0,0,0,0,0,4,60,HOMBRE,LESIONADO,CONDUCTOR PRESENTE,NO,SI,3
27560,109675,109676,2021,0,0,-0.158314,-78.485191,PICHINCHA,QUITO,QUITO,URBANA,2021-09-03,11:10:00,11,VIERNES,5,SEPTIEMBRE,9,NO,NO GUARDAR LA DISTANCIA LATERAL MINIMA DE SEGURIDAD ENTRE VEHICULOS.,OTROS,CAMION,0,0,0,1,1,0,0,0,0,0,0,0,0,2,23,MUJER,ILESO,CONDUCTOR PRESENTE,NO,NO,1
27561,109677,109678,2021,1,0,-0.223874,-78.517421,PICHINCHA,QUITO,QUITO,URBANA,2021-09-03,12:05:00,12,VIERNES,5,SEPTIEMBRE,9,NO,"FALLA MECANICA EN LOS SISTEMAS Y/O NEUMATICOS (SISTEMA DE FRENOS, DIRECCION, ELECTRONICO O MECANICO).",ARROLLAMIENTOS,CAMION,0,0,0,1,0,0,0,0,0,0,0,0,0,1,47,HOMBRE,LESIONADO,PEATON,NO,NO,1
27562,109685,109686,2021,1,0,-0.342575,-78.219123,PICHINCHA,QUITO,PIFO,RURAL,2021-09-03,14:20:00,14,VIERNES,5,SEPTIEMBRE,9,NO,"CONDUCIR DESATENTO A LAS CONDICIONES DE TRANSITO (CELULAR, PANTALLAS DE VIDEO, COMIDA, MAQUILLAJE O CUALQUIER OTRO ELEMENTO DISTRACTOR).",PERDIDA DE CARRIL,CAMION,0,0,0,1,0,0,0,0,0,0,0,0,0,1,26,HOMBRE,LESIONADO,PASAJERO,NO,SI,3
27563,109686,109687,2021,1,0,-0.270337,-78.541963,PICHINCHA,QUITO,QUITO,URBANA,2021-09-03,16:00:00,16,VIERNES,5,SEPTIEMBRE,9,NO,"CONDICIONES AMBIENTALES Y/O ATMOSFERICAS (NIEBLA, NEBLINA, GRANIZO, LLUVIA).",PERDIDA DE CARRIL,MOTOCICLETA,0,0,0,0,0,0,0,0,1,0,0,0,0,1,21,MUJER,LESIONADO,PASAJERO,NO,NO,1
27564,109693,109694,2021,1,0,-0.349278,-78.854989,PICHINCHA,MEJIA,MANUEL CORNEJO ASTORGA,RURAL,2021-09-03,17:50:00,17,VIERNES,5,SEPTIEMBRE,9,NO,"CONDUCIR DESATENTO A LAS CONDICIONES DE TRANSITO (CELULAR, PANTALLAS DE VIDEO, COMIDA, MAQUILLAJE O CUALQUIER OTRO ELEMENTO DISTRACTOR).",ATROPELLOS,VEHICULO DEPORTIVO UTILITARIO,0,0,0,0,0,0,0,0,0,0,0,0,1,1,-1,NO IDENTIFICADO,LESIONADO,PEATON,NO,NO,3
27565,109696,109697,2021,1,0,-0.323114,-78.549271,PICHINCHA,QUITO,QUITO,URBANA,2021-09-03,18:30:00,18,VIERNES,5,SEPTIEMBRE,9,NO,NO CEDER EL DERECHO DE VIA O PREFERENCIA DE PASO AL PEATON.,ATROPELLOS,NO IDENTIFICADO,0,0,0,0,0,0,0,0,0,1,0,0,0,1,36,HOMBRE,LESIONADO,PEATON,NO,NO,1
27566,109697,109698,2021,1,0,-0.240868,-78.531768,PICHINCHA,QUITO,QUITO,URBANA,2021-09-03,18:40:00,18,VIERNES,5,SEPTIEMBRE,9,NO,PEATON QUE CRUZA LA CALZADA SIN RESPETAR LA SENIALIZACION EXISTENTE (SEMAFOROS O SENIALES MANUALES).,ATROPELLOS,AUTOMOVIL,1,0,0,0,0,0,0,0,0,0,0,0,0,1,35,HOMBRE,LESIONADO,PEATON,NO,NO,1
27567,109699,109700,2021,0,0,-0.458625,-78.758128,PICHINCHA,MEJIA,MANUEL CORNEJO ASTORGA,RURAL,2021-09-03,19:05:00,19,VIERNES,5,SEPTIEMBRE,9,NO,"CONDUCIR DESATENTO A LAS CONDICIONES DE TRANSITO (CELULAR, PANTALLAS DE VIDEO, COMIDA, MAQUILLAJE O CUALQUIER OTRO ELEMENTO DISTRACTOR).",PERDIDA DE PISTA,AUTOMOVIL,1,0,0,0,0,0,0,0,0,0,0,0,0,1,-1,NO IDENTIFICADO,ILESO,CONDUCTOR PRESENTE,NO,NO,3
27568,109707,109708,2021,0,0,-0.187942,-78.493219,PICHINCHA,QUITO,QUITO,URBANA,2021-09-03,21:20:00,21,VIERNES,5,SEPTIEMBRE,9,NO,"CONDUCIR EN ESTADO DE SOMNOLENCIA O MALAS CONDICIONES FISICAS (SUENIO, CANSANCIO Y FATIGA).",ESTRELLAMIENTOS,AUTOMOVIL,1,0,0,0,0,0,0,0,0,0,0,0,0,1,59,HOMBRE,ILESO,CONDUCTOR PRESENTE,NO,NO,1
27569,109710,109711,2021,0,0,-0.248764,-78.520678,PICHINCHA,QUITO,QUITO,URBANA,2021-09-03,21:30:00,21,VIERNES,5,SEPTIEMBRE,9,NO,CONDUCIR VEHICULO SUPERANDO LOS LIMITES MAXIMOS DE VELOCIDAD.,COLISION,AUTOMOVIL,3,0,0,0,0,0,0,0,0,1,0,0,0,4,27,HOMBRE,ILESO,CONDUCTOR PRESENTE,NO,NO,1
27570,109725,109726,2021,0,0,-0.220556,-78.393037,PICHINCHA,QUITO,TUMBACO,RURAL,2021-09-04,02:20:00,2,SABADO,6,SEPTIEMBRE,9,NO,NO MANTENER LA DISTANCIA PRUDENCIAL CON RESPECTO AL VEHICULO QUE LE ANTECEDE.,CHOQUE POSTERIOR,AUTOMOVIL,2,0,0,0,0,0,0,0,0,0,0,0,0,2,30,HOMBRE,ILESO,PASAJERO,NO,NO,3
27571,109726,109727,2021,3,0,-0.013796,-78.449357,PICHINCHA,QUITO,SAN ANTONIO (QUITO),RURAL,2021-09-04,02:30:00,2,SABADO,6,SEPTIEMBRE,9,NO,CONDUCIR VEHICULO SUPERANDO LOS LIMITES MAXIMOS DE VELOCIDAD.,CHOQUE LATERAL,CAMIONETA,1,0,0,0,1,0,0,0,0,0,0,0,0,2,23,HOMBRE,LESIONADO,PASAJERO,NO,NO,3
27572,109728,109729,2021,1,1,-0.237994,-78.491346,PICHINCHA,QUITO,QUITO,URBANA,2021-09-04,02:48:00,2,SABADO,6,SEPTIEMBRE,9,NO,"CONDUCE BAJO LA INFLUENCIA DE ALCOHOL, SUSTANCIAS ESTUPEFACIENTES O PSICOTROPICAS Y/O MEDICAMENTOS.",ESTRELLAMIENTOS,MOTOCICLETA,0,0,0,0,0,0,0,0,1,0,0,0,0,1,24,MUJER,FALLECIDO,PASAJERO,NO,NO,1
27573,109729,109730,2021,0,0,-0.215223,-78.405555,PICHINCHA,QUITO,TUMBACO,RURAL,2021-09-04,03:00:00,3,SABADO,6,SEPTIEMBRE,9,NO,CONDUCIR VEHICULO SUPERANDO LOS LIMITES MAXIMOS DE VELOCIDAD.,ESTRELLAMIENTOS,AUTOMOVIL,1,0,0,0,0,0,0,0,0,0,0,0,0,1,-1,NO IDENTIFICADO,NO IDENTIFICADO,CONDUCTOR AUSENTE,NO,NO,2
27574,109736,109737,2021,1,0,-0.022193,-78.452203,PICHINCHA,QUITO,SAN ANTONIO (QUITO),URBANA,2021-09-04,04:45:00,4,SABADO,6,SEPTIEMBRE,9,NO,"CONDUCE BAJO LA INFLUENCIA DE ALCOHOL, SUSTANCIAS ESTUPEFACIENTES O PSICOTROPICAS Y/O MEDICAMENTOS.",COLISION,AUTOMOVIL,2,0,0,0,0,0,0,0,0,0,0,0,1,3,28,MUJER,LESIONADO,PASAJERO,NO,SI,1
27575,109742,109743,2021,1,0,-0.269971,-78.528031,PICHINCHA,QUITO,QUITO,URBANA,2021-09-04,06:40:00,6,SABADO,6,SEPTIEMBRE,9,NO,PEATON QUE CRUZA LA CALZADA SIN RESPETAR LA SENIALIZACION EXISTENTE (SEMAFOROS O SENIALES MANUALES).,ATROPELLOS,BUS,0,0,1,0,0,0,0,0,0,0,0,0,0,1,81,HOMBRE,LESIONADO,PEATON,NO,NO,1
27576,109761,109762,2021,0,0,-0.228097,-78.506915,PICHINCHA,QUITO,QUITO,URBANA,2021-09-04,12:35:00,12,SABADO,6,SEPTIEMBRE,9,NO,"CONDUCE BAJO LA INFLUENCIA DE ALCOHOL, SUSTANCIAS ESTUPEFACIENTES O PSICOTROPICAS Y/O MEDICAMENTOS.",CHOQUE LATERAL,BUS,0,0,2,0,0,0,0,0,0,0,0,0,0,2,33,HOMBRE,ILESO,CONDUCTOR PRESENTE,NO,NO,1
27577,109764,109765,2021,0,0,-0.207732,-78.497071,PICHINCHA,QUITO,QUITO,URBANA,2021-09-04,14:05:00,14,SABADO,6,SEPTIEMBRE,9,NO,NO MANTENER LA DISTANCIA PRUDENCIAL CON RESPECTO AL VEHICULO QUE LE ANTECEDE.,CHOQUE POSTERIOR,AUTOMOVIL,2,0,0,0,0,0,0,0,0,0,0,0,0,2,37,HOMBRE,ILESO,CONDUCTOR PRESENTE,NO,NO,1
27578,109774,109775,2021,1,0,-0.303295,-78.569898,PICHINCHA,QUITO,QUITO,URBANA,2021-09-04,15:50:00,15,SABADO,6,SEPTIEMBRE,9,NO,"CONDUCE BAJO LA INFLUENCIA DE ALCOHOL, SUSTANCIAS ESTUPEFACIENTES O PSICOTROPICAS Y/O MEDICAMENTOS.",CHOQUE LATERAL,MOTOCICLETA,0,0,0,0,1,0,0,0,1,0,0,0,0,2,21,HOMBRE,LESIONADO,CONDUCTOR PRESENTE,NO,NO,1
27579,109779,109780,2021,0,1,-0.148471,-78.498271,PICHINCHA,QUITO,QUITO,URBANA,2021-09-04,17:07:00,17,SABADO,6,SEPTIEMBRE,9,NO,CONDUCIR VEHICULO SUPERANDO LOS LIMITES MAXIMOS DE VELOCIDAD.,PERDIDA DE CARRIL,MOTOCICLETA,0,0,0,0,0,0,0,0,1,0,0,0,0,1,24,HOMBRE,FALLECIDO,CONDUCTOR PRESENTE,NO,NO,1
27580,109791,109792,2021,1,0,-0.304714,-78.416503,PICHINCHA,QUITO,ALANGASI,RURAL,2021-09-04,19:00:00,19,SABADO,6,SEPTIEMBRE,9,NO,"ADELANTAR O REBASAR A OTRO VEHICULO EN MOVIMIENTO EN ZONAS O SITIOS PELIGROSOS TALES COMO: CURVAS, PUENTES, TUNELES, PENDIENTES, ETC.",CHOQUE FRONTAL,AUTOMOVIL,2,0,0,0,0,0,0,0,0,0,0,0,0,2,40,HOMBRE,LESIONADO,PASAJERO,NO,NO,3
27581,109819,109820,2021,0,0,-0.375727,-78.494689,PICHINCHA,QUITO,AMAGUANIA,RURAL,2021-09-04,22:15:00,22,SABADO,6,SEPTIEMBRE,9,NO,"CONDUCE BAJO LA INFLUENCIA DE ALCOHOL, SUSTANCIAS ESTUPEFACIENTES O PSICOTROPICAS Y/O MEDICAMENTOS.",CHOQUE POSTERIOR,CAMION,0,0,0,2,0,0,0,0,0,0,0,0,0,2,26,HOMBRE,ILESO,CONDUCTOR PRESENTE,NO,SI,3
27582,109832,109833,2021,0,0,-0.332303,-78.479015,PICHINCHA,RUMINIAHUI,SANGOLQUI,RURAL,2021-09-05,01:20:00,1,DOMINGO,7,SEPTIEMBRE,9,NO,"CONDUCE BAJO LA INFLUENCIA DE ALCOHOL, SUSTANCIAS ESTUPEFACIENTES O PSICOTROPICAS Y/O MEDICAMENTOS.",CHOQUE LATERAL,AUTOMOVIL,2,0,0,0,0,0,0,0,0,0,0,0,0,2,26,HOMBRE,ILESO,CONDUCTOR PRESENTE,NO,NO,3
27583,109834,109835,2021,0,0,0.031122,-78.222101,PICHINCHA,PEDRO MONCAYO,TABACUNDO,RURAL,2021-09-05,01:30:00,1,DOMINGO,7,SEPTIEMBRE,9,NO,"CONDUCIR DESATENTO A LAS CONDICIONES DE TRANSITO (CELULAR, PANTALLAS DE VIDEO, COMIDA, MAQUILLAJE O CUALQUIER OTRO ELEMENTO DISTRACTOR).",CHOQUE FRONTAL,AUTOMOVIL,1,0,0,0,1,0,0,0,0,0,0,0,0,2,34,HOMBRE,ILESO,CONDUCTOR PRESENTE,NO,SI,3
27584,109841,109842,2021,0,0,-0.178724,-78.494208,PICHINCHA,QUITO,QUITO,URBANA,2021-09-05,02:30:00,2,DOMINGO,7,SEPTIEMBRE,9,NO,CONDUCIR VEHICULO SUPERANDO LOS LIMITES MAXIMOS DE VELOCIDAD.,ESTRELLAMIENTOS,AUTOMOVIL,1,0,0,0,0,0,0,0,0,0,0,0,0,1,-1,NO IDENTIFICADO,NO IDENTIFICADO,CONDUCTOR AUSENTE,NO,NO,2
27585,109845,109846,2021,0,0,-0.232483,-78.448305,PICHINCHA,QUITO,CUMBAYA,RURAL,2021-09-05,03:00:00,3,DOMINGO,7,SEPTIEMBRE,9,NO,CONDUCIR VEHICULO SUPERANDO LOS LIMITES MAXIMOS DE VELOCIDAD.,ESTRELLAMIENTOS,AUTOMOVIL,1,0,0,0,0,0,0,0,0,0,0,0,0,1,-1,NO IDENTIFICADO,NO IDENTIFICADO,CONDUCTOR AUSENTE,NO,NO,2
27586,109850,109851,2021,0,1,-0.227331,-78.487564,PICHINCHA,QUITO,QUITO,URBANA,2021-09-05,03:50:00,3,DOMINGO,7,SEPTIEMBRE,9,NO,NO TRANSITAR POR LAS ACERAS O ZONAS DE SEGURIDAD DESTINADAS PARA EL EFECTO.,ATROPELLOS,NO IDENTIFICADO,0,0,0,0,0,0,0,0,0,1,0,0,0,1,45,HOMBRE,FALLECIDO,PEATON,NO,NO,1
27587,109851,109852,2021,0,0,-0.244303,-78.519274,PICHINCHA,QUITO,QUITO,URBANA,2021-09-05,04:05:00,4,DOMINGO,7,SEPTIEMBRE,9,NO,CONDUCIR VEHICULO SUPERANDO LOS LIMITES MAXIMOS DE VELOCIDAD.,ESTRELLAMIENTOS,AUTOMOVIL,1,0,0,0,0,0,0,0,0,0,0,0,0,1,-1,NO IDENTIFICADO,NO IDENTIFICADO,CONDUCTOR AUSENTE,NO,NO,2
27588,109861,109862,2021,3,0,-0.254778,-78.503686,PICHINCHA,QUITO,QUITO,URBANA,2021-09-05,06:30:00,6,DOMINGO,7,SEPTIEMBRE,9,NO,CONDUCIR VEHICULO SUPERANDO LOS LIMITES MAXIMOS DE VELOCIDAD.,CHOQUE POSTERIOR,CAMION,0,0,0,1,0,0,0,1,0,0,0,0,0,2,1,HOMBRE,LESIONADO,PASAJERO,NO,NO,1
27589,109863,109864,2021,0,1,-0.203469,-78.503011,PICHINCHA,QUITO,QUITO,URBANA,2021-09-05,06:45:00,6,DOMINGO,7,SEPTIEMBRE,9,NO,CONDUCIR VEHICULO SUPERANDO LOS LIMITES MAXIMOS DE VELOCIDAD.,OTROS,BICICLETA,2,1,0,0,0,0,0,0,0,0,0,0,0,3,26,HOMBRE,FALLECIDO,CONDUCTOR PRESENTE,NO,NO,1
27590,109864,109865,2021,0,0,-0.179733,-78.474243,PICHINCHA,QUITO,QUITO,URBANA,2021-09-05,06:45:00,6,DOMINGO,7,SEPTIEMBRE,9,NO,"CONDUCE BAJO LA INFLUENCIA DE ALCOHOL, SUSTANCIAS ESTUPEFACIENTES O PSICOTROPICAS Y/O MEDICAMENTOS.",CHOQUE POSTERIOR,AUTOMOVIL,2,0,0,0,0,0,0,0,0,0,0,0,0,2,37,HOMBRE,ILESO,CONDUCTOR PRESENTE,NO,NO,1
27591,109865,109866,2021,1,0,-0.241713,-78.532411,PICHINCHA,QUITO,QUITO,URBANA,2021-09-05,06:50:00,6,DOMINGO,7,SEPTIEMBRE,9,NO,CONDUCIR VEHICULO SUPERANDO LOS LIMITES MAXIMOS DE VELOCIDAD.,CHOQUE POSTERIOR,MOTOCICLETA,0,0,0,0,0,0,0,0,1,1,0,0,0,2,25,HOMBRE,LESIONADO,CONDUCTOR PRESENTE,NO,NO,1
27592,109867,109868,2021,0,1,-0.136812,-78.473598,PICHINCHA,QUITO,QUITO,URBANA,2021-09-05,07:50:00,7,DOMINGO,7,SEPTIEMBRE,9,NO,"NO RESPETAR LAS SENIALES REGLAMENTARIAS DE TRANSITO. (PARE, CEDA EL PASO, LUZ ROJA DEL SEMAFORO, ETC).",CHOQUE LATERAL,CAMIONETA,0,0,0,0,1,0,0,0,1,0,0,0,0,2,23,HOMBRE,FALLECIDO,PASAJERO,NO,NO,1