,Unnamed: 0,ID,ANIO,LESIONADOS,FALLECIDOS,LATITUD_Y,LONGITUD_X,PROVINCIA,CANTON,PARROQUIA,ZONA,FECHA,HORA,PERIODO_2,DIA_1,DIA_2,MES_1,MES_2,FERIADO,CAUSA_PROBABLE,TIPO_DE_SINIESTRO,TIPO_DE_VEHICULO_1,AUTOMOVIL,BICICLETA,BUS,CAMION,CAMIONETA,EMERGENCIAS,ESPECIAL,FURGONETA,MOTOCICLETA,NO_IDENTIFICADO,SCOOTER_ELECTRICO,TRICIMOTO,VEHICULO_DEPORTIVO_UTILITARIO,SUMA_DE_VEHICULOS,EDAD_1,SEXO_1,CONDICION_1,PARTICIPANTE_1,CASCO_1,CINTURON_1,KMeans_Cluster
27593,109882,109883,2021,1,0,-0.096671,-78.461702,PICHINCHA,QUITO,QUITO,URBANA,2021-09-05,13:30:00,13,DOMINGO,7,SEPTIEMBRE,9,NO,NO GUARDAR LA DISTANCIA LATERAL MINIMA DE SEGURIDAD ENTRE VEHICULOS.,ROZAMIENTOS,AUTOMOVIL,2,0,0,0,0,0,0,0,0,0,0,0,0,2,63,HOMBRE,LESIONADO,CONDUCTOR PRESENTE,NO,NO,1
27594,109896,109897,2021,0,0,-0.260818,-78.536003,PICHINCHA,QUITO,QUITO,URBANA,2021-09-05,17:45:00,17,DOMINGO,7,SEPTIEMBRE,9,NO,"CONDUCE BAJO LA INFLUENCIA DE ALCOHOL, SUSTANCIAS ESTUPEFACIENTES O PSICOTROPICAS Y/O MEDICAMENTOS.",CHOQUE FRONTAL,BICICLETA,0,1,0,0,0,0,0,0,1,0,0,0,0,2,27,HOMBRE,ILESO,CONDUCTOR PRESENTE,NO,NO,1
27595,109901,109902,2021,1,0,-0.436337,-78.553213,PICHINCHA,MEJIA,MACHACHI,RURAL,2021-09-05,18:50:00,18,DOMINGO,7,SEPTIEMBRE,9,NO,"CONDUCIR DESATENTO A LAS CONDICIONES DE TRANSITO (CELULAR, PANTALLAS DE VIDEO, COMIDA, MAQUILLAJE O CUALQUIER OTRO ELEMENTO DISTRACTOR).",ESTRELLAMIENTOS,CAMION,0,0,0,1,1,0,0,0,0,0,0,0,0,2,45,HOMBRE,LESIONADO,PASAJERO,NO,SI,3
27596,109908,109909,2021,0,0,-0.001996,-78.454181,PICHINCHA,QUITO,SAN ANTONIO (QUITO),RURAL,2021-09-05,20:07:00,20,DOMINGO,7,SEPTIEMBRE,9,NO,CONDUCIR VEHICULO SUPERANDO LOS LIMITES MAXIMOS DE VELOCIDAD.,ESTRELLAMIENTOS,AUTOMOVIL,1,0,0,0,0,0,0,0,0,0,0,0,0,1,-1,NO IDENTIFICADO,NO IDENTIFICADO,CONDUCTOR AUSENTE,NO,NO,2
27597,109914,109915,2021,1,0,-0.459306,-78.596167,PICHINCHA,MEJIA,ALOAG,RURAL,2021-09-05,22:00:00,22,DOMINGO,7,SEPTIEMBRE,9,NO,"CONDUCIR DESATENTO A LAS CONDICIONES DE TRANSITO (CELULAR, PANTALLAS DE VIDEO, COMIDA, MAQUILLAJE O CUALQUIER OTRO ELEMENTO DISTRACTOR).",PERDIDA DE PISTA,NO IDENTIFICADO,0,0,0,0,0,0,0,0,0,1,0,0,0,1,-1,HOMBRE,LESIONADO,PASAJERO,NO,NO,3
27598,109926,109927,2021,1,0,-0.218465,-78.506795,PICHINCHA,QUITO,QUITO,URBANA,2021-09-06,00:48:00,0,LUNES,1,SEPTIEMBRE,9,NO,NO CEDER EL DERECHO DE VIA O PREFERENCIA DE PASO A VEHICULOS.,CHOQUE LATERAL,MOTOCICLETA,1,0,0,0,0,0,0,0,1,0,0,0,0,2,32,HOMBRE,LESIONADO,CONDUCTOR PRESENTE,SI,NO,1
27599,109927,109928,2021,2,1,0.025829,-78.868567,PICHINCHA,SAN MIGUEL DE LOS BANCOS,SAN MIGUEL DE LOS BANCOS,RURAL,2021-09-06,01:00:00,1,LUNES,1,SEPTIEMBRE,9,NO,"CONDUCIR DESATENTO A LAS CONDICIONES DE TRANSITO (CELULAR, PANTALLAS DE VIDEO, COMIDA, MAQUILLAJE O CUALQUIER OTRO ELEMENTO DISTRACTOR).",PERDIDA DE CARRIL,AUTOMOVIL,2,0,0,0,0,0,0,0,0,0,0,0,0,2,75,MUJER,FALLECIDO,PASAJERO,NO,SI,3
27600,109928,109929,2021,0,0,-0.117092,-78.473123,PICHINCHA,QUITO,QUITO,URBANA,2021-09-06,01:25:00,1,LUNES,1,SEPTIEMBRE,9,NO,"CONDICIONES AMBIENTALES Y/O ATMOSFERICAS (NIEBLA, NEBLINA, GRANIZO, LLUVIA).",ESTRELLAMIENTOS,AUTOMOVIL,1,0,0,0,0,0,0,0,0,0,0,0,0,1,-1,NO IDENTIFICADO,NO IDENTIFICADO,CONDUCTOR AUSENTE,NO,NO,2
27601,109929,109930,2021,0,0,-0.247767,-78.518033,PICHINCHA,QUITO,QUITO,URBANA,2021-09-06,02:00:00,2,LUNES,1,SEPTIEMBRE,9,NO,"CONDICIONES AMBIENTALES Y/O ATMOSFERICAS (NIEBLA, NEBLINA, GRANIZO, LLUVIA).",ESTRELLAMIENTOS,AUTOMOVIL,1,0,0,0,0,0,0,0,0,0,0,0,0,1,-1,NO IDENTIFICADO,NO IDENTIFICADO,CONDUCTOR AUSENTE,NO,NO,2
27602,109932,109933,2021,0,0,-0.222095,-78.521221,PICHINCHA,QUITO,QUITO,URBANA,2021-09-06,02:37:00,2,LUNES,1,SEPTIEMBRE,9,NO,NO MANTENER LA DISTANCIA PRUDENCIAL CON RESPECTO AL VEHICULO QUE LE ANTECEDE.,CHOQUE POSTERIOR,AUTOMOVIL,2,0,0,0,0,0,0,0,0,0,0,0,0,2,25,HOMBRE,ILESO,CONDUCTOR PRESENTE,NO,NO,1
27603,109935,109936,2021,0,0,-0.275931,-78.530267,PICHINCHA,QUITO,QUITO,URBANA,2021-09-06,05:00:00,5,LUNES,1,SEPTIEMBRE,9,NO,"CONDICIONES AMBIENTALES Y/O ATMOSFERICAS (NIEBLA, NEBLINA, GRANIZO, LLUVIA).",OTROS,AUTOMOVIL,1,0,0,0,0,0,0,0,0,0,0,0,0,1,-1,NO IDENTIFICADO,NO IDENTIFICADO,CONDUCTOR AUSENTE,NO,NO,2
27604,109936,109937,2021,0,0,-0.091585,-78.439052,PICHINCHA,QUITO,CALDERON (CARAPUNGO),URBANA,2021-09-06,05:15:00,5,LUNES,1,SEPTIEMBRE,9,NO,"CONDICIONES AMBIENTALES Y/O ATMOSFERICAS (NIEBLA, NEBLINA, GRANIZO, LLUVIA).",CHOQUE POSTERIOR,AUTOMOVIL,2,0,0,0,0,0,0,0,0,0,0,0,0,2,55,HOMBRE,ILESO,CONDUCTOR PRESENTE,NO,NO,1
27605,109943,109944,2021,0,0,-0.230309,-78.505163,PICHINCHA,QUITO,QUITO,URBANA,2021-09-06,06:40:00,6,LUNES,1,SEPTIEMBRE,9,NO,"CONDICIONES AMBIENTALES Y/O ATMOSFERICAS (NIEBLA, NEBLINA, GRANIZO, LLUVIA).",ESTRELLAMIENTOS,AUTOMOVIL,1,0,0,0,0,0,0,0,0,0,0,0,0,1,63,MUJER,ILESO,PASAJERO,NO,NO,1
27606,109946,109947,2021,0,0,-0.188822,-78.454292,PICHINCHA,QUITO,NAYON,RURAL,2021-09-06,07:00:00,7,LUNES,1,SEPTIEMBRE,9,NO,"CONDICIONES AMBIENTALES Y/O ATMOSFERICAS (NIEBLA, NEBLINA, GRANIZO, LLUVIA).",CHOQUE LATERAL,AUTOMOVIL,2,0,0,0,0,0,0,0,0,0,0,0,0,2,44,MUJER,ILESO,CONDUCTOR PRESENTE,NO,NO,3
27607,109950,109951,2021,1,0,-0.243671,-78.485361,PICHINCHA,QUITO,QUITO,URBANA,2021-09-06,08:30:00,8,LUNES,1,SEPTIEMBRE,9,NO,NO CEDER EL DERECHO DE VIA O PREFERENCIA DE PASO A VEHICULOS.,CHOQUE LATERAL,MOTOCICLETA,0,0,0,0,1,0,0,0,1,0,0,0,0,2,27,HOMBRE,LESIONADO,CONDUCTOR PRESENTE,NO,NO,1
27608,109959,109960,2021,1,0,-0.142808,-78.481623,PICHINCHA,QUITO,QUITO,URBANA,2021-09-06,10:30:00,10,LUNES,1,SEPTIEMBRE,9,NO,REALIZAR CAMBIO BRUSCO O INDEBIDO DE CARRIL.,CHOQUE LATERAL,MOTOCICLETA,0,0,0,0,1,0,0,0,1,0,0,0,0,2,40,HOMBRE,LESIONADO,CONDUCTOR PRESENTE,SI,NO,1
27609,109961,109962,2021,0,0,-0.119576,-78.506551,PICHINCHA,QUITO,QUITO,URBANA,2021-09-06,10:55:00,10,LUNES,1,SEPTIEMBRE,9,NO,"NO RESPETAR LAS SENIALES REGLAMENTARIAS DE TRANSITO. (PARE, CEDA EL PASO, LUZ ROJA DEL SEMAFORO, ETC).",COLISION,AUTOMOVIL,2,0,0,1,0,0,0,0,0,0,0,0,0,3,41,MUJER,ILESO,CONDUCTOR PRESENTE,NO,NO,1
27610,109962,109963,2021,0,0,-0.465317,-78.580051,PICHINCHA,MEJIA,ALOAG,RURAL,2021-09-06,11:10:00,11,LUNES,1,SEPTIEMBRE,9,NO,"CONDUCIR DESATENTO A LAS CONDICIONES DE TRANSITO (CELULAR, PANTALLAS DE VIDEO, COMIDA, MAQUILLAJE O CUALQUIER OTRO ELEMENTO DISTRACTOR).",PERDIDA DE PISTA,VEHICULO DEPORTIVO UTILITARIO,0,0,0,0,0,0,0,0,0,0,0,0,1,1,60,HOMBRE,ILESO,CONDUCTOR PRESENTE,NO,NO,3
27611,109965,109966,2021,2,0,-0.206438,-78.370261,PICHINCHA,QUITO,PUEMBO,RURAL,2021-09-06,12:20:00,12,LUNES,1,SEPTIEMBRE,9,NO,"CONDICIONES AMBIENTALES Y/O ATMOSFERICAS (NIEBLA, NEBLINA, GRANIZO, LLUVIA).",CHOQUE LATERAL,CAMION,0,0,0,1,0,0,0,1,0,0,0,0,0,2,36,HOMBRE,LESIONADO,PASAJERO,NO,NO,3
27612,109975,109976,2021,0,1,-0.229725,-78.469382,PICHINCHA,QUITO,QUITO,URBANA,2021-09-06,14:57:00,14,LUNES,1,SEPTIEMBRE,9,NO,"CONDICIONES AMBIENTALES Y/O ATMOSFERICAS (NIEBLA, NEBLINA, GRANIZO, LLUVIA).",ESTRELLAMIENTOS,AUTOMOVIL,1,0,0,0,0,0,0,0,0,0,0,0,0,1,24,HOMBRE,FALLECIDO,CONDUCTOR PRESENTE,NO,NO,1
27613,109976,109977,2021,0,0,-0.190134,-78.454044,PICHINCHA,QUITO,NAYON,RURAL,2021-09-06,15:00:00,15,LUNES,1,SEPTIEMBRE,9,NO,"CONDICIONES AMBIENTALES Y/O ATMOSFERICAS (NIEBLA, NEBLINA, GRANIZO, LLUVIA).",ESTRELLAMIENTOS,AUTOMOVIL,1,0,0,0,0,0,0,0,0,0,0,0,0,1,39,MUJER,ILESO,CONDUCTOR PRESENTE,NO,NO,3
27614,109978,109979,2021,0,0,-0.006284,-78.451816,PICHINCHA,QUITO,SAN ANTONIO (QUITO),RURAL,2021-09-06,15:11:00,15,LUNES,1,SEPTIEMBRE,9,NO,"CONDUCIR DESATENTO A LAS CONDICIONES DE TRANSITO (CELULAR, PANTALLAS DE VIDEO, COMIDA, MAQUILLAJE O CUALQUIER OTRO ELEMENTO DISTRACTOR).",CHOQUE LATERAL,CAMIONETA,1,0,0,0,1,0,0,0,0,0,0,0,0,2,49,HOMBRE,ILESO,CONDUCTOR PRESENTE,NO,NO,3
27615,109979,109980,2021,0,0,-0.445256,-78.651603,PICHINCHA,MEJIA,ALOAG,RURAL,2021-09-06,15:20:00,15,LUNES,1,SEPTIEMBRE,9,NO,"NO RESPETAR LAS SENIALES REGLAMENTARIAS DE TRANSITO. (PARE, CEDA EL PASO, LUZ ROJA DEL SEMAFORO, ETC).",CHOQUE LATERAL,CAMIONETA,0,0,0,1,1,0,0,0,0,0,0,0,0,2,-1,NO IDENTIFICADO,ILESO,CONDUCTOR PRESENTE,NO,NO,3
27616,109981,109982,2021,0,0,-0.212824,-78.402686,PICHINCHA,QUITO,TUMBACO,RURAL,2021-09-06,15:50:00,15,LUNES,1,SEPTIEMBRE,9,NO,"CONDICIONES AMBIENTALES Y/O ATMOSFERICAS (NIEBLA, NEBLINA, GRANIZO, LLUVIA).",ROZAMIENTOS,AUTOMOVIL,1,0,0,0,1,0,0,0,0,0,0,0,0,2,39,MUJER,ILESO,CONDUCTOR PRESENTE,NO,NO,3
27617,109987,109988,2021,0,1,-0.055066,-78.453747,PICHINCHA,QUITO,POMASQUI,RURAL,2021-09-06,21:10:00,21,LUNES,1,SEPTIEMBRE,9,NO,CONDUCIR VEHICULO SUPERANDO LOS LIMITES MAXIMOS DE VELOCIDAD.,OTROS,CAMION,1,0,0,1,0,0,0,0,0,0,0,0,0,2,22,HOMBRE,FALLECIDO,CONDUCTOR PRESENTE,NO,NO,3
27618,109995,109996,2021,0,0,-0.117893,-78.358046,PICHINCHA,QUITO,TABABELA,RURAL,2021-09-07,00:55:00,0,MARTES,2,SEPTIEMBRE,9,NO,"NO RESPETAR LAS SENIALES REGLAMENTARIAS DE TRANSITO. (PARE, CEDA EL PASO, LUZ ROJA DEL SEMAFORO, ETC).",CHOQUE LATERAL,FURGONETA,1,0,0,0,0,0,0,1,0,0,0,0,0,2,41,HOMBRE,ILESO,CONDUCTOR PRESENTE,NO,NO,3
27619,109997,109998,2021,0,1,-0.312338,-78.522259,PICHINCHA,QUITO,QUITO,URBANA,2021-09-07,04:40:00,4,MARTES,2,SEPTIEMBRE,9,NO,CONDUCIR VEHICULO SUPERANDO LOS LIMITES MAXIMOS DE VELOCIDAD.,ARROLLAMIENTOS,NO IDENTIFICADO,0,0,0,0,0,0,0,0,0,1,0,0,0,1,33,HOMBRE,FALLECIDO,PEATON,NO,NO,1
27620,110009,110010,2021,2,0,-0.102501,-78.508056,PICHINCHA,QUITO,QUITO,URBANA,2021-09-07,11:06:00,11,MARTES,2,SEPTIEMBRE,9,NO,NO CEDER EL DERECHO DE VIA O PREFERENCIA DE PASO AL PEATON.,ATROPELLOS,MOTOCICLETA,0,0,0,0,0,0,0,0,1,0,0,0,0,1,40,HOMBRE,LESIONADO,PEATON,NO,NO,1
27621,110012,110013,2021,0,0,-0.177282,-78.359537,PICHINCHA,QUITO,PUEMBO,RURAL,2021-09-07,12:05:00,12,MARTES,2,SEPTIEMBRE,9,NO,"ADELANTAR O REBASAR A OTRO VEHICULO EN MOVIMIENTO EN ZONAS O SITIOS PELIGROSOS TALES COMO: CURVAS, PUENTES, TUNELES, PENDIENTES, ETC.",OTROS,CAMION,0,0,0,1,0,0,0,0,0,0,0,0,0,1,60,HOMBRE,ILESO,CONDUCTOR PRESENTE,NO,NO,3
27622,110013,110014,2021,0,0,-0.292168,-78.543986,PICHINCHA,QUITO,QUITO,URBANA,2021-09-07,12:45:00,12,MARTES,2,SEPTIEMBRE,9,NO,"CONDUCIR DESATENTO A LAS CONDICIONES DE TRANSITO (CELULAR, PANTALLAS DE VIDEO, COMIDA, MAQUILLAJE O CUALQUIER OTRO ELEMENTO DISTRACTOR).",ESTRELLAMIENTOS,AUTOMOVIL,2,0,0,0,0,0,0,0,0,0,0,0,0,2,34,HOMBRE,ILESO,CONDUCTOR PRESENTE,NO,NO,1
27623,110015,110016,2021,2,0,-0.148951,-78.489504,PICHINCHA,QUITO,QUITO,URBANA,2021-09-07,13:05:00,13,MARTES,2,SEPTIEMBRE,9,NO,"NO RESPETAR LAS SENIALES REGLAMENTARIAS DE TRANSITO. (PARE, CEDA EL PASO, LUZ ROJA DEL SEMAFORO, ETC).",CHOQUE LATERAL,AUTOMOVIL,1,0,0,0,0,0,0,0,1,0,0,0,0,2,19,MUJER,LESIONADO,PASAJERO,NO,NO,1
27624,110016,110017,2021,0,0,-0.297519,-78.543978,PICHINCHA,QUITO,QUITO,URBANA,2021-09-07,13:20:00,13,MARTES,2,SEPTIEMBRE,9,NO,REALIZAR CAMBIO BRUSCO O INDEBIDO DE CARRIL.,ROZAMIENTOS,AUTOMOVIL,1,0,0,0,0,0,0,0,1,0,0,0,0,2,26,MUJER,ILESO,CONDUCTOR PRESENTE,NO,NO,1
27625,110018,110019,2021,0,0,-0.130875,-78.483834,PICHINCHA,QUITO,QUITO,URBANA,2021-09-07,14:30:00,14,MARTES,2,SEPTIEMBRE,9,NO,NO CEDER EL DERECHO DE VIA O PREFERENCIA DE PASO A VEHICULOS.,CHOQUE LATERAL,AUTOMOVIL,1,0,0,0,0,0,0,0,1,0,0,0,0,2,70,MUJER,ILESO,CONDUCTOR PRESENTE,NO,NO,1
27626,110021,110022,2021,1,0,-0.171128,-78.490332,PICHINCHA,QUITO,QUITO,URBANA,2021-09-07,16:15:00,16,MARTES,2,SEPTIEMBRE,9,NO,PEATON QUE CRUZA LA CALZADA SIN RESPETAR LA SENIALIZACION EXISTENTE (SEMAFOROS O SENIALES MANUALES).,ATROPELLOS,AUTOMOVIL,1,0,0,0,0,0,0,0,0,0,0,0,0,1,59,HOMBRE,LESIONADO,PEATON,NO,NO,1
27627,110022,110023,2021,0,0,0.009778,-78.568911,PICHINCHA,QUITO,CALACALI,RURAL,2021-09-07,16:35:00,16,MARTES,2,SEPTIEMBRE,9,NO,"CONDUCIR DESATENTO A LAS CONDICIONES DE TRANSITO (CELULAR, PANTALLAS DE VIDEO, COMIDA, MAQUILLAJE O CUALQUIER OTRO ELEMENTO DISTRACTOR).",CHOQUE LATERAL,VEHICULO DEPORTIVO UTILITARIO,1,0,0,0,0,0,0,0,0,0,0,0,1,2,36,HOMBRE,ILESO,CONDUCTOR PRESENTE,NO,SI,3
27628,110033,110034,2021,1,0,-0.210739,-78.421093,PICHINCHA,QUITO,TUMBACO,RURAL,2021-09-07,22:10:00,22,MARTES,2,SEPTIEMBRE,9,NO,"CONDUCE BAJO LA INFLUENCIA DE ALCOHOL, SUSTANCIAS ESTUPEFACIENTES O PSICOTROPICAS Y/O MEDICAMENTOS.",ROZAMIENTOS,MOTOCICLETA,0,0,0,0,0,0,0,0,2,0,0,0,0,2,25,HOMBRE,LESIONADO,CONDUCTOR PRESENTE,NO,NO,3
27629,110036,110037,2021,2,1,-0.201189,-78.429211,PICHINCHA,QUITO,CUMBAYA,RURAL,2021-09-08,01:30:00,1,MIERCOLES,3,SEPTIEMBRE,9,NO,"ADELANTAR O REBASAR A OTRO VEHICULO EN MOVIMIENTO EN ZONAS O SITIOS PELIGROSOS TALES COMO: CURVAS, PUENTES, TUNELES, PENDIENTES, ETC.",CHOQUE LATERAL,CAMION,1,0,0,1,0,0,0,0,0,0,0,0,0,2,28,HOMBRE,FALLECIDO,PASAJERO,NO,NO,3
27630,110052,110053,2021,1,0,-0.187426,-78.479813,PICHINCHA,QUITO,QUITO,URBANA,2021-09-08,11:30:00,11,MIERCOLES,3,SEPTIEMBRE,9,NO,NO TRANSITAR POR LAS ACERAS O ZONAS DE SEGURIDAD DESTINADAS PARA EL EFECTO.,ATROPELLOS,BUS,0,0,1,0,0,0,0,0,0,0,0,0,0,1,14,HOMBRE,LESIONADO,PEATON,NO,NO,1
27631,110065,110066,2021,0,0,-0.292321,-78.475883,PICHINCHA,QUITO,CONOCOTO,RURAL,2021-09-08,16:20:00,16,MIERCOLES,3,SEPTIEMBRE,9,NO,"CONDUCE BAJO LA INFLUENCIA DE ALCOHOL, SUSTANCIAS ESTUPEFACIENTES O PSICOTROPICAS Y/O MEDICAMENTOS.",ESTRELLAMIENTOS,AUTOMOVIL,2,0,0,0,0,0,0,0,0,0,0,0,0,2,35,HOMBRE,ILESO,CONDUCTOR PRESENTE,NO,NO,3
27632,110068,110069,2021,0,0,-0.195642,-78.513464,PICHINCHA,QUITO,QUITO,URBANA,2021-09-08,18:35:00,18,MIERCOLES,3,SEPTIEMBRE,9,NO,CONDUCIR VEHICULO SUPERANDO LOS LIMITES MAXIMOS DE VELOCIDAD.,CHOQUE POSTERIOR,AUTOMOVIL,1,0,1,0,0,0,0,0,0,0,0,0,0,2,32,HOMBRE,ILESO,CONDUCTOR PRESENTE,NO,NO,1
27633,110089,110090,2021,0,0,-0.160268,-78.473612,PICHINCHA,QUITO,QUITO,URBANA,2021-09-09,08:20:00,8,JUEVES,4,SEPTIEMBRE,9,NO,NO MANTENER LA DISTANCIA PRUDENCIAL CON RESPECTO AL VEHICULO QUE LE ANTECEDE.,CHOQUE POSTERIOR,AUTOMOVIL,1,0,1,0,0,0,0,0,0,0,0,0,0,2,56,HOMBRE,ILESO,CONDUCTOR PRESENTE,NO,NO,1
27634,110092,110093,2021,0,1,-0.150419,-78.484182,PICHINCHA,QUITO,QUITO,URBANA,2021-09-09,09:50:00,9,JUEVES,4,SEPTIEMBRE,9,NO,NO TRANSITAR POR LAS ACERAS O ZONAS DE SEGURIDAD DESTINADAS PARA EL EFECTO.,ATROPELLOS,AUTOMOVIL,1,0,0,0,0,0,0,0,0,0,0,0,0,1,21,HOMBRE,FALLECIDO,PEATON,NO,NO,1
27635,110097,110098,2021,1,0,-0.224383,-78.496888,PICHINCHA,QUITO,QUITO,URBANA,2021-09-09,11:30:00,11,JUEVES,4,SEPTIEMBRE,9,NO,"NO RESPETAR LAS SENIALES REGLAMENTARIAS DE TRANSITO. (PARE, CEDA EL PASO, LUZ ROJA DEL SEMAFORO, ETC).",OTROS,MOTOCICLETA,0,0,0,0,0,0,0,0,1,0,0,0,0,1,40,HOMBRE,LESIONADO,CONDUCTOR PRESENTE,NO,NO,1
27636,110113,110114,2021,0,0,-0.263641,-78.537351,PICHINCHA,QUITO,QUITO,URBANA,2021-09-09,17:30:00,17,JUEVES,4,SEPTIEMBRE,9,NO,"CONDUCE BAJO LA INFLUENCIA DE ALCOHOL, SUSTANCIAS ESTUPEFACIENTES O PSICOTROPICAS Y/O MEDICAMENTOS.",CHOQUE POSTERIOR,CAMIONETA,1,0,0,0,1,0,0,0,0,0,0,0,0,2,20,MUJER,ILESO,PASAJERO,NO,NO,1
27637,110116,110117,2021,7,0,-0.328479,-78.522294,PICHINCHA,QUITO,QUITO,URBANA,2021-09-09,18:15:00,18,JUEVES,4,SEPTIEMBRE,9,NO,REALIZAR CAMBIO BRUSCO O INDEBIDO DE CARRIL.,CHOQUE LATERAL,AUTOMOVIL,1,0,0,0,0,0,0,1,0,0,0,0,0,2,6,HOMBRE,LESIONADO,PASAJERO,NO,NO,1
27638,110122,110123,2021,1,0,-0.185671,-78.482681,PICHINCHA,QUITO,QUITO,URBANA,2021-09-09,19:30:00,19,JUEVES,4,SEPTIEMBRE,9,NO,"NO RESPETAR LAS SENIALES REGLAMENTARIAS DE TRANSITO. (PARE, CEDA EL PASO, LUZ ROJA DEL SEMAFORO, ETC).",CHOQUE LATERAL,AUTOMOVIL,1,0,0,0,0,0,0,0,1,0,0,0,0,2,32,HOMBRE,LESIONADO,CONDUCTOR PRESENTE,NO,NO,1
27639,110123,110124,2021,0,0,-0.242503,-78.497859,PICHINCHA,QUITO,QUITO,URBANA,2021-09-09,19:30:00,19,JUEVES,4,SEPTIEMBRE,9,NO,CONDUCIR VEHICULO SUPERANDO LOS LIMITES MAXIMOS DE VELOCIDAD.,OTROS,AUTOMOVIL,1,0,0,0,0,0,0,0,0,0,0,0,0,1,-1,NO IDENTIFICADO,NO IDENTIFICADO,CONDUCTOR AUSENTE,NO,NO,2
27640,110132,110133,2021,0,0,-0.294973,-78.527645,PICHINCHA,QUITO,QUITO,URBANA,2021-09-09,23:07:00,23,JUEVES,4,SEPTIEMBRE,9,NO,"FALLA MECANICA EN LOS SISTEMAS Y/O NEUMATICOS (SISTEMA DE FRENOS, DIRECCION, ELECTRONICO O MECANICO).",ESTRELLAMIENTOS,CAMION,0,0,0,1,0,0,0,0,0,0,0,0,0,1,32,HOMBRE,ILESO,CONDUCTOR PRESENTE,NO,NO,1
27641,110134,110135,2021,0,0,-0.204444,-78.449444,PICHINCHA,QUITO,CUMBAYA,RURAL,2021-09-10,00:20:00,0,VIERNES,5,SEPTIEMBRE,9,NO,CONDUCIR VEHICULO SUPERANDO LOS LIMITES MAXIMOS DE VELOCIDAD.,ESTRELLAMIENTOS,AUTOMOVIL,1,0,0,0,0,0,0,0,0,0,0,0,0,1,-1,NO IDENTIFICADO,NO IDENTIFICADO,CONDUCTOR AUSENTE,NO,NO,2
27642,110142,110143,2021,0,0,-0.124732,-78.471861,PICHINCHA,QUITO,QUITO,URBANA,2021-09-10,04:15:00,4,VIERNES,5,SEPTIEMBRE,9,NO,CONDUCIR VEHICULO SUPERANDO LOS LIMITES MAXIMOS DE VELOCIDAD.,ESTRELLAMIENTOS,AUTOMOVIL,1,0,0,0,0,0,0,0,0,0,0,0,0,1,-1,NO IDENTIFICADO,NO IDENTIFICADO,CONDUCTOR AUSENTE,NO,NO,2
27643,110144,110145,2021,0,0,-0.318641,-78.549386,PICHINCHA,QUITO,QUITO,URBANA,2021-09-10,05:00:00,5,VIERNES,5,SEPTIEMBRE,9,NO,CONDUCIR VEHICULO SUPERANDO LOS LIMITES MAXIMOS DE VELOCIDAD.,ESTRELLAMIENTOS,AUTOMOVIL,1,0,0,0,0,0,0,0,0,0,0,0,0,1,-1,NO IDENTIFICADO,NO IDENTIFICADO,CONDUCTOR AUSENTE,NO,NO,2
27644,110145,110146,2021,0,0,-0.207453,-78.501301,PICHINCHA,QUITO,QUITO,URBANA,2021-09-10,05:30:00,5,VIERNES,5,SEPTIEMBRE,9,NO,"NO RESPETAR LAS SENIALES REGLAMENTARIAS DE TRANSITO. (PARE, CEDA EL PASO, LUZ ROJA DEL SEMAFORO, ETC).",CHOQUE LATERAL,CAMION,0,0,0,1,0,0,0,0,0,1,0,0,0,2,29,HOMBRE,ILESO,PASAJERO,NO,NO,1
27645,110147,110148,2021,0,0,-0.134046,-78.474045,PICHINCHA,QUITO,QUITO,URBANA,2021-09-10,06:05:00,6,VIERNES,5,SEPTIEMBRE,9,NO,CONDUCIR VEHICULO SUPERANDO LOS LIMITES MAXIMOS DE VELOCIDAD.,OTROS,MOTOCICLETA,0,0,0,0,0,0,0,0,1,0,0,0,0,1,-1,NO IDENTIFICADO,NO IDENTIFICADO,CONDUCTOR AUSENTE,NO,NO,2
27646,110148,110149,2021,1,0,-0.136939,-78.457773,PICHINCHA,QUITO,QUITO,URBANA,2021-09-10,07:00:00,7,VIERNES,5,SEPTIEMBRE,9,NO,CONDUCIR VEHICULO SUPERANDO LOS LIMITES MAXIMOS DE VELOCIDAD.,PERDIDA DE CARRIL,MOTOCICLETA,0,0,0,0,0,0,0,0,1,0,0,0,0,1,23,MUJER,LESIONADO,CONDUCTOR PRESENTE,NO,NO,1
27647,110150,110151,2021,2,0,0.044239,-78.156881,PICHINCHA,CAYAMBE,CAYAMBE,RURAL,2021-09-10,07:30:00,7,VIERNES,5,SEPTIEMBRE,9,NO,"CONDUCIR DESATENTO A LAS CONDICIONES DE TRANSITO (CELULAR, PANTALLAS DE VIDEO, COMIDA, MAQUILLAJE O CUALQUIER OTRO ELEMENTO DISTRACTOR).",CHOQUE LATERAL,AUTOMOVIL,2,0,0,0,0,0,0,0,0,0,0,0,0,2,30,HOMBRE,LESIONADO,CONDUCTOR PRESENTE,NO,SI,3
27648,110156,110157,2021,1,0,-0.142001,-78.460502,PICHINCHA,QUITO,QUITO,URBANA,2021-09-10,11:15:00,11,VIERNES,5,SEPTIEMBRE,9,NO,CONDUCIR VEHICULO SUPERANDO LOS LIMITES MAXIMOS DE VELOCIDAD.,CHOQUE POSTERIOR,AUTOMOVIL,1,0,0,0,1,0,0,0,0,0,0,0,0,2,30,HOMBRE,LESIONADO,CONDUCTOR PRESENTE,NO,NO,1