,Unnamed: 0,ID,ANIO,LESIONADOS,FALLECIDOS,LATITUD_Y,LONGITUD_X,PROVINCIA,CANTON,PARROQUIA,ZONA,FECHA,HORA,PERIODO_2,DIA_1,DIA_2,MES_1,MES_2,FERIADO,CAUSA_PROBABLE,TIPO_DE_SINIESTRO,TIPO_DE_VEHICULO_1,AUTOMOVIL,BICICLETA,BUS,CAMION,CAMIONETA,EMERGENCIAS,ESPECIAL,FURGONETA,MOTOCICLETA,NO_IDENTIFICADO,SCOOTER_ELECTRICO,TRICIMOTO,VEHICULO_DEPORTIVO_UTILITARIO,SUMA_DE_VEHICULOS,EDAD_1,SEXO_1,CONDICION_1,PARTICIPANTE_1,CASCO_1,CINTURON_1,KMeans_Cluster
27649,110160,110161,2021,0,0,-0.242053,-78.520951,PICHINCHA,QUITO,QUITO,URBANA,2021-09-10,12:07:00,12,VIERNES,5,SEPTIEMBRE,9,NO,"NO RESPETAR LAS SENIALES REGLAMENTARIAS DE TRANSITO. (PARE, CEDA EL PASO, LUZ ROJA DEL SEMAFORO, ETC).",CHOQUE LATERAL,BUS,1,0,1,0,0,0,0,0,0,0,0,0,0,2,40,HOMBRE,ILESO,CONDUCTOR PRESENTE,NO,NO,1
27650,110162,110163,2021,3,0,-0.451439,-78.637372,PICHINCHA,MEJIA,ALOAG,RURAL,2021-09-10,13:05:00,13,VIERNES,5,SEPTIEMBRE,9,NO,"NO RESPETAR LAS SENIALES REGLAMENTARIAS DE TRANSITO. (PARE, CEDA EL PASO, LUZ ROJA DEL SEMAFORO, ETC).",CHOQUE LATERAL,AUTOMOVIL,1,0,0,1,0,0,0,0,0,0,0,0,0,2,-1,NO IDENTIFICADO,LESIONADO,PASAJERO,NO,NO,3
27651,110178,110179,2021,0,0,-0.187996,-78.501537,PICHINCHA,QUITO,QUITO,URBANA,2021-09-10,18:00:00,18,VIERNES,5,SEPTIEMBRE,9,NO,NO CEDER EL DERECHO DE VIA O PREFERENCIA DE PASO A VEHICULOS.,CHOQUE LATERAL,AUTOMOVIL,2,0,0,0,0,0,0,0,0,0,0,0,0,2,70,HOMBRE,ILESO,CONDUCTOR PRESENTE,NO,NO,1
27652,110181,110182,2021,0,1,-0.280556,-78.533493,PICHINCHA,QUITO,QUITO,URBANA,2021-09-10,18:30:00,18,VIERNES,5,SEPTIEMBRE,9,NO,NO TRANSITAR POR LAS ACERAS O ZONAS DE SEGURIDAD DESTINADAS PARA EL EFECTO.,ATROPELLOS,BUS,0,0,1,0,0,0,0,0,0,0,0,0,0,1,60,HOMBRE,FALLECIDO,PEATON,NO,NO,1
27653,110187,110188,2021,0,0,-0.187426,-78.479813,PICHINCHA,QUITO,QUITO,URBANA,2021-09-10,19:50:00,19,VIERNES,5,SEPTIEMBRE,9,NO,"CONDUCE BAJO LA INFLUENCIA DE ALCOHOL, SUSTANCIAS ESTUPEFACIENTES O PSICOTROPICAS Y/O MEDICAMENTOS.",COLISION,AUTOMOVIL,3,0,0,0,0,0,0,0,0,0,0,0,0,3,24,HOMBRE,ILESO,CONDUCTOR PRESENTE,NO,NO,1
27654,110191,110192,2021,0,0,-0.127095,-78.511931,PICHINCHA,QUITO,QUITO,URBANA,2021-09-10,21:15:00,21,VIERNES,5,SEPTIEMBRE,9,NO,NO CEDER EL DERECHO DE VIA O PREFERENCIA DE PASO A VEHICULOS.,OTROS,AUTOMOVIL,2,0,0,0,0,0,0,0,0,0,0,0,0,2,-1,NO IDENTIFICADO,NO IDENTIFICADO,CONDUCTOR AUSENTE,NO,NO,2
27655,110198,110199,2021,1,0,-0.377356,-78.509429,PICHINCHA,QUITO,AMAGUANIA,RURAL,2021-09-10,23:00:00,23,VIERNES,5,SEPTIEMBRE,9,NO,CONDUCIR VEHICULO SUPERANDO LOS LIMITES MAXIMOS DE VELOCIDAD.,PERDIDA DE CARRIL,MOTOCICLETA,0,0,0,0,0,0,0,0,1,0,0,0,0,1,37,HOMBRE,LESIONADO,PASAJERO,NO,NO,3
27656,110202,110203,2021,2,0,-0.249423,-78.531144,PICHINCHA,QUITO,QUITO,URBANA,2021-09-11,00:25:00,0,SABADO,6,SEPTIEMBRE,9,NO,CONDUCIR VEHICULO SUPERANDO LOS LIMITES MAXIMOS DE VELOCIDAD.,ATROPELLOS,NO IDENTIFICADO,0,0,0,0,0,0,0,0,0,1,0,0,0,1,27,HOMBRE,LESIONADO,PEATON,NO,NO,1
27657,110206,110207,2021,0,0,-0.265881,-78.535357,PICHINCHA,QUITO,QUITO,URBANA,2021-09-11,01:00:00,1,SABADO,6,SEPTIEMBRE,9,NO,"CONDUCE BAJO LA INFLUENCIA DE ALCOHOL, SUSTANCIAS ESTUPEFACIENTES O PSICOTROPICAS Y/O MEDICAMENTOS.",CHOQUE LATERAL,AUTOMOVIL,2,0,0,0,0,0,0,0,0,0,0,0,0,2,44,HOMBRE,ILESO,CONDUCTOR PRESENTE,NO,NO,1
27658,110207,110208,2021,1,0,-0.259931,-78.503326,PICHINCHA,QUITO,QUITO,URBANA,2021-09-11,01:00:00,1,SABADO,6,SEPTIEMBRE,9,NO,CONDUCIR VEHICULO SUPERANDO LOS LIMITES MAXIMOS DE VELOCIDAD.,PERDIDA DE CARRIL,MOTOCICLETA,0,0,0,0,0,0,0,0,1,0,0,0,0,1,21,HOMBRE,LESIONADO,PASAJERO,NO,NO,1
27659,110210,110211,2021,0,0,-0.138929,-78.493171,PICHINCHA,QUITO,QUITO,URBANA,2021-09-11,01:25:00,1,SABADO,6,SEPTIEMBRE,9,NO,"NO RESPETAR LAS SENIALES REGLAMENTARIAS DE TRANSITO. (PARE, CEDA EL PASO, LUZ ROJA DEL SEMAFORO, ETC).",CHOQUE POSTERIOR,AUTOMOVIL,2,0,0,0,0,0,0,0,0,0,0,0,0,2,6,MUJER,ILESO,PASAJERO,NO,NO,1
27660,110215,110216,2021,2,0,-0.280556,-78.533493,PICHINCHA,QUITO,QUITO,URBANA,2021-09-11,03:00:00,3,SABADO,6,SEPTIEMBRE,9,NO,PEATON QUE CRUZA LA CALZADA SIN RESPETAR LA SENIALIZACION EXISTENTE (SEMAFOROS O SENIALES MANUALES).,ATROPELLOS,NO IDENTIFICADO,0,0,0,0,0,0,0,0,0,1,0,0,0,1,74,MUJER,LESIONADO,PEATON,NO,NO,1
27661,110216,110217,2021,0,0,-0.258256,-78.529414,PICHINCHA,QUITO,QUITO,URBANA,2021-09-11,03:58:00,3,SABADO,6,SEPTIEMBRE,9,NO,CONDUCIR VEHICULO SUPERANDO LOS LIMITES MAXIMOS DE VELOCIDAD.,ESTRELLAMIENTOS,AUTOMOVIL,1,0,0,0,0,0,0,0,0,0,0,0,0,1,27,HOMBRE,ILESO,PASAJERO,NO,NO,1
27662,110229,110230,2021,0,0,-0.277207,-78.555399,PICHINCHA,QUITO,QUITO,URBANA,2021-09-11,08:30:00,8,SABADO,6,SEPTIEMBRE,9,NO,CONDUCIR VEHICULO SUPERANDO LOS LIMITES MAXIMOS DE VELOCIDAD.,CHOQUE LATERAL,AUTOMOVIL,2,0,0,0,0,0,0,0,0,0,0,0,0,2,45,HOMBRE,ILESO,CONDUCTOR PRESENTE,NO,NO,1
27663,110232,110233,2021,1,0,-0.301001,-78.556479,PICHINCHA,QUITO,QUITO,URBANA,2021-09-11,10:20:00,10,SABADO,6,SEPTIEMBRE,9,NO,"NO RESPETAR LAS SENIALES REGLAMENTARIAS DE TRANSITO. (PARE, CEDA EL PASO, LUZ ROJA DEL SEMAFORO, ETC).",CHOQUE POSTERIOR,AUTOMOVIL,1,0,0,0,0,0,0,0,1,0,0,0,0,2,22,HOMBRE,LESIONADO,CONDUCTOR PRESENTE,NO,NO,1
27664,110234,110235,2021,1,0,-0.250911,-78.519602,PICHINCHA,QUITO,QUITO,URBANA,2021-09-11,10:38:00,10,SABADO,6,SEPTIEMBRE,9,NO,"CONDUCE BAJO LA INFLUENCIA DE ALCOHOL, SUSTANCIAS ESTUPEFACIENTES O PSICOTROPICAS Y/O MEDICAMENTOS.",ARROLLAMIENTOS,AUTOMOVIL,1,0,0,0,0,0,0,0,0,0,0,0,0,1,14,MUJER,LESIONADO,PEATON,NO,NO,1
27665,110247,110248,2021,1,0,-0.298795,-78.565363,PICHINCHA,QUITO,QUITO,URBANA,2021-09-11,14:30:00,14,SABADO,6,SEPTIEMBRE,9,NO,NO TRANSITAR POR LAS ACERAS O ZONAS DE SEGURIDAD DESTINADAS PARA EL EFECTO.,ATROPELLOS,MOTOCICLETA,0,0,0,0,0,0,0,0,1,0,0,0,0,1,66,MUJER,LESIONADO,PEATON,NO,NO,1
27666,110249,110250,2021,0,0,0.030485,-78.680771,PICHINCHA,QUITO,NANEGALITO,RURAL,2021-09-11,15:45:00,15,SABADO,6,SEPTIEMBRE,9,NO,"CONDICIONES AMBIENTALES Y/O ATMOSFERICAS (NIEBLA, NEBLINA, GRANIZO, LLUVIA).",CHOQUE LATERAL,VEHICULO DEPORTIVO UTILITARIO,0,0,0,0,1,0,0,0,0,0,0,0,1,2,58,HOMBRE,ILESO,CONDUCTOR PRESENTE,NO,SI,3
27667,110252,110253,2021,1,0,-0.230645,-78.490894,PICHINCHA,QUITO,QUITO,URBANA,2021-09-11,17:00:00,17,SABADO,6,SEPTIEMBRE,9,NO,"CONDUCE BAJO LA INFLUENCIA DE ALCOHOL, SUSTANCIAS ESTUPEFACIENTES O PSICOTROPICAS Y/O MEDICAMENTOS.",ATROPELLOS,AUTOMOVIL,2,0,0,0,0,0,0,0,0,0,0,0,0,2,19,HOMBRE,LESIONADO,PEATON,NO,NO,1
27668,110272,110273,2021,1,0,-0.102809,-78.295524,PICHINCHA,QUITO,EL QUINCHE,RURAL,2021-09-11,20:30:00,20,SABADO,6,SEPTIEMBRE,9,NO,"CONDUCIR DESATENTO A LAS CONDICIONES DE TRANSITO (CELULAR, PANTALLAS DE VIDEO, COMIDA, MAQUILLAJE O CUALQUIER OTRO ELEMENTO DISTRACTOR).",CHOQUE FRONTAL,MOTOCICLETA,0,0,0,0,0,0,0,0,1,0,0,0,0,1,28,MUJER,LESIONADO,CONDUCTOR PRESENTE,NO,SI,3
27669,110277,110278,2021,0,0,-0.133305,-78.494008,PICHINCHA,QUITO,QUITO,URBANA,2021-09-11,21:00:00,21,SABADO,6,SEPTIEMBRE,9,NO,"NO RESPETAR LAS SENIALES REGLAMENTARIAS DE TRANSITO. (PARE, CEDA EL PASO, LUZ ROJA DEL SEMAFORO, ETC).",CHOQUE LATERAL,AUTOMOVIL,2,0,0,0,0,0,0,0,0,0,0,0,0,2,20,MUJER,ILESO,PASAJERO,NO,NO,1
27670,110286,110287,2021,0,0,0.068831,-78.139414,PICHINCHA,CAYAMBE,SAN JOSE DE AYORA,RURAL,2021-09-11,22:30:00,22,SABADO,6,SEPTIEMBRE,9,NO,"CONDUCE BAJO LA INFLUENCIA DE ALCOHOL, SUSTANCIAS ESTUPEFACIENTES O PSICOTROPICAS Y/O MEDICAMENTOS.",CHOQUE LATERAL,CAMION,0,0,0,1,0,0,0,0,0,0,0,0,1,2,25,HOMBRE,ILESO,CONDUCTOR PRESENTE,NO,SI,3
27671,110290,110291,2021,0,0,-0.176919,-78.477842,PICHINCHA,QUITO,QUITO,URBANA,2021-09-11,23:35:00,23,SABADO,6,SEPTIEMBRE,9,NO,CONDUCIR VEHICULO SUPERANDO LOS LIMITES MAXIMOS DE VELOCIDAD.,CHOQUE LATERAL,AUTOMOVIL,2,0,0,0,0,0,0,0,0,0,0,0,0,2,30,HOMBRE,ILESO,CONDUCTOR PRESENTE,NO,NO,1
27672,110302,110303,2021,0,0,-0.004089,-78.453233,PICHINCHA,QUITO,SAN ANTONIO (QUITO),RURAL,2021-09-12,01:45:00,1,DOMINGO,7,SEPTIEMBRE,9,NO,"CONDUCIR DESATENTO A LAS CONDICIONES DE TRANSITO (CELULAR, PANTALLAS DE VIDEO, COMIDA, MAQUILLAJE O CUALQUIER OTRO ELEMENTO DISTRACTOR).",PERDIDA DE CARRIL,VEHICULO DEPORTIVO UTILITARIO,0,0,0,0,0,0,0,0,0,0,0,0,1,1,41,HOMBRE,ILESO,CONDUCTOR PRESENTE,NO,SI,3
27673,110303,110304,2021,0,0,-0.425285,-78.551734,PICHINCHA,MEJIA,TAMBILLO (MEJIA),RURAL,2021-09-12,02:00:00,2,DOMINGO,7,SEPTIEMBRE,9,NO,"CONDUCIR DESATENTO A LAS CONDICIONES DE TRANSITO (CELULAR, PANTALLAS DE VIDEO, COMIDA, MAQUILLAJE O CUALQUIER OTRO ELEMENTO DISTRACTOR).",ROZAMIENTOS,AUTOMOVIL,2,0,0,0,0,0,0,0,0,0,0,0,0,2,22,HOMBRE,ILESO,CONDUCTOR PRESENTE,NO,SI,3
27674,110327,110328,2021,0,0,-0.321895,-78.554106,PICHINCHA,QUITO,QUITO,URBANA,2021-09-12,09:30:00,9,DOMINGO,7,SEPTIEMBRE,9,NO,CONDUCIR VEHICULO SUPERANDO LOS LIMITES MAXIMOS DE VELOCIDAD.,CHOQUE LATERAL,AUTOMOVIL,2,0,0,0,0,0,0,0,0,0,0,0,0,2,39,HOMBRE,ILESO,CONDUCTOR PRESENTE,NO,NO,1
27675,110330,110331,2021,1,0,-0.323838,-78.550241,PICHINCHA,QUITO,QUITO,URBANA,2021-09-12,10:10:00,10,DOMINGO,7,SEPTIEMBRE,9,NO,"NO RESPETAR LAS SENIALES REGLAMENTARIAS DE TRANSITO. (PARE, CEDA EL PASO, LUZ ROJA DEL SEMAFORO, ETC).",COLISION,AUTOMOVIL,2,0,0,0,1,0,0,0,1,0,0,0,0,4,39,HOMBRE,LESIONADO,CONDUCTOR PRESENTE,NO,NO,1
27676,110333,110334,2021,0,0,-0.296761,-78.552699,PICHINCHA,QUITO,QUITO,URBANA,2021-09-12,11:54:00,11,DOMINGO,7,SEPTIEMBRE,9,NO,"NO RESPETAR LAS SENIALES REGLAMENTARIAS DE TRANSITO. (PARE, CEDA EL PASO, LUZ ROJA DEL SEMAFORO, ETC).",CHOQUE LATERAL,AUTOMOVIL,2,0,0,0,0,0,0,0,0,0,0,0,0,2,69,HOMBRE,ILESO,CONDUCTOR PRESENTE,NO,NO,1
27677,110335,110336,2021,0,0,-0.201754,-78.498687,PICHINCHA,QUITO,QUITO,URBANA,2021-09-12,13:30:00,13,DOMINGO,7,SEPTIEMBRE,9,NO,NO MANTENER LA DISTANCIA PRUDENCIAL CON RESPECTO AL VEHICULO QUE LE ANTECEDE.,CHOQUE POSTERIOR,BUS,1,0,1,0,0,0,0,0,0,0,0,0,0,2,46,MUJER,ILESO,CONDUCTOR PRESENTE,NO,NO,1
27678,110357,110358,2021,1,0,-0.251641,-78.503541,PICHINCHA,QUITO,QUITO,URBANA,2021-09-12,19:25:00,19,DOMINGO,7,SEPTIEMBRE,9,NO,CONDUCIR VEHICULO SUPERANDO LOS LIMITES MAXIMOS DE VELOCIDAD.,OTROS,MOTOCICLETA,0,0,0,0,0,0,0,0,1,0,0,0,0,1,39,HOMBRE,LESIONADO,PASAJERO,NO,NO,1
27679,110367,110368,2021,1,0,-0.305598,-78.565857,PICHINCHA,QUITO,QUITO,URBANA,2021-09-12,20:30:00,20,DOMINGO,7,SEPTIEMBRE,9,NO,NO CEDER EL DERECHO DE VIA O PREFERENCIA DE PASO A VEHICULOS.,CHOQUE LATERAL,MOTOCICLETA,1,0,0,0,0,0,0,0,1,0,0,0,0,2,41,HOMBRE,LESIONADO,CONDUCTOR PRESENTE,NO,NO,1
27680,110369,110370,2021,1,0,-0.255441,-78.514881,PICHINCHA,QUITO,QUITO,URBANA,2021-09-12,21:20:00,21,DOMINGO,7,SEPTIEMBRE,9,NO,CONDUCIR VEHICULO SUPERANDO LOS LIMITES MAXIMOS DE VELOCIDAD.,OTROS,MOTOCICLETA,0,0,0,0,0,0,0,0,1,0,0,0,0,1,28,HOMBRE,LESIONADO,PASAJERO,NO,NO,1
27681,110373,110374,2021,0,0,-0.264263,-78.550014,PICHINCHA,QUITO,QUITO,URBANA,2021-09-12,23:30:00,23,DOMINGO,7,SEPTIEMBRE,9,NO,"CONDUCE BAJO LA INFLUENCIA DE ALCOHOL, SUSTANCIAS ESTUPEFACIENTES O PSICOTROPICAS Y/O MEDICAMENTOS.",ESTRELLAMIENTOS,AUTOMOVIL,1,0,0,0,0,0,0,0,0,0,0,0,0,1,35,HOMBRE,ILESO,CONDUCTOR PRESENTE,NO,NO,1
27682,110379,110380,2021,0,0,-0.144204,-78.500066,PICHINCHA,QUITO,QUITO,URBANA,2021-09-13,04:46:00,4,LUNES,1,SEPTIEMBRE,9,NO,PESO Y VOLUMEN - NO CUMPLIR CON LAS NORMAS DE SEGURIDAD NECESARIAS AL TRANSPORTAR CARGAS.,ESTRELLAMIENTOS,CAMION,0,0,0,1,0,0,0,0,0,0,0,0,0,1,42,HOMBRE,ILESO,CONDUCTOR PRESENTE,NO,NO,1
27683,110383,110384,2021,1,0,-0.253181,-78.537515,PICHINCHA,QUITO,QUITO,URBANA,2021-09-13,06:16:00,6,LUNES,1,SEPTIEMBRE,9,NO,"CONDUCE BAJO LA INFLUENCIA DE ALCOHOL, SUSTANCIAS ESTUPEFACIENTES O PSICOTROPICAS Y/O MEDICAMENTOS.",CHOQUE LATERAL,AUTOMOVIL,2,0,0,0,0,0,0,0,0,0,0,0,0,2,57,HOMBRE,LESIONADO,CONDUCTOR PRESENTE,NO,NO,1
27684,110392,110393,2021,0,0,-0.348909,-78.555817,PICHINCHA,QUITO,QUITO,URBANA,2021-09-13,09:40:00,9,LUNES,1,SEPTIEMBRE,9,NO,REALIZAR CAMBIO BRUSCO O INDEBIDO DE CARRIL.,CHOQUE LATERAL,CAMIONETA,1,0,0,0,1,0,0,0,0,0,0,0,0,2,47,MUJER,ILESO,CONDUCTOR PRESENTE,NO,NO,1
27685,110398,110399,2021,2,0,-0.058111,-78.344101,PICHINCHA,QUITO,GUAYLLABAMBA,RURAL,2021-09-13,12:00:00,12,LUNES,1,SEPTIEMBRE,9,NO,"NO RESPETAR LAS SENIALES REGLAMENTARIAS DE TRANSITO. (PARE, CEDA EL PASO, LUZ ROJA DEL SEMAFORO, ETC).",OTROS,MOTOCICLETA,0,0,0,0,1,0,0,0,1,0,0,0,0,2,19,HOMBRE,LESIONADO,PASAJERO,NO,NO,3
27686,110399,110400,2021,0,0,-0.295878,-78.556329,PICHINCHA,QUITO,QUITO,URBANA,2021-09-13,12:45:00,12,LUNES,1,SEPTIEMBRE,9,NO,NO CEDER EL DERECHO DE VIA O PREFERENCIA DE PASO A VEHICULOS.,CHOQUE LATERAL,BUS,0,0,2,0,0,0,0,0,0,0,0,0,0,2,50,HOMBRE,ILESO,CONDUCTOR PRESENTE,NO,NO,1
27687,110419,110420,2021,2,0,-0.261623,-78.516569,PICHINCHA,QUITO,QUITO,URBANA,2021-09-13,21:35:00,21,LUNES,1,SEPTIEMBRE,9,NO,"CONDUCE BAJO LA INFLUENCIA DE ALCOHOL, SUSTANCIAS ESTUPEFACIENTES O PSICOTROPICAS Y/O MEDICAMENTOS.",CHOQUE LATERAL,AUTOMOVIL,2,0,0,0,0,0,0,0,0,0,0,0,0,2,24,HOMBRE,LESIONADO,PASAJERO,NO,NO,1
27688,110420,110421,2021,0,0,-0.296879,-78.552792,PICHINCHA,QUITO,QUITO,URBANA,2021-09-13,21:40:00,21,LUNES,1,SEPTIEMBRE,9,NO,CONDUCIR VEHICULO SUPERANDO LOS LIMITES MAXIMOS DE VELOCIDAD.,ESTRELLAMIENTOS,AUTOMOVIL,1,0,0,0,0,0,0,0,0,0,0,0,0,1,-1,NO IDENTIFICADO,NO IDENTIFICADO,CONDUCTOR AUSENTE,NO,NO,2
27689,110422,110423,2021,0,0,-0.249714,-78.517205,PICHINCHA,QUITO,QUITO,URBANA,2021-09-14,00:46:00,0,MARTES,2,SEPTIEMBRE,9,NO,"NO RESPETAR LAS SENIALES REGLAMENTARIAS DE TRANSITO. (PARE, CEDA EL PASO, LUZ ROJA DEL SEMAFORO, ETC).",COLISION,AUTOMOVIL,2,0,0,0,0,0,0,1,0,0,0,0,0,3,30,MUJER,ILESO,PASAJERO,NO,NO,1
27690,110432,110433,2021,1,0,-0.220366,-78.508289,PICHINCHA,QUITO,QUITO,URBANA,2021-09-14,08:35:00,8,MARTES,2,SEPTIEMBRE,9,NO,NO TRANSITAR POR LAS ACERAS O ZONAS DE SEGURIDAD DESTINADAS PARA EL EFECTO.,ATROPELLOS,MOTOCICLETA,0,0,0,0,0,0,0,0,1,0,0,0,0,1,66,MUJER,LESIONADO,PEATON,NO,NO,1
27691,110436,110437,2021,0,1,-0.328479,-78.522294,PICHINCHA,QUITO,QUITO,URBANA,2021-09-14,10:00:00,10,MARTES,2,SEPTIEMBRE,9,NO,NO TRANSITAR POR LAS ACERAS O ZONAS DE SEGURIDAD DESTINADAS PARA EL EFECTO.,ATROPELLOS,AUTOMOVIL,1,0,0,0,0,0,0,0,0,0,0,0,0,1,85,HOMBRE,FALLECIDO,PEATON,NO,NO,1
27692,110442,110443,2021,0,0,-0.237685,-78.484591,PICHINCHA,QUITO,QUITO,URBANA,2021-09-14,13:30:00,13,MARTES,2,SEPTIEMBRE,9,NO,"FALLA MECANICA EN LOS SISTEMAS Y/O NEUMATICOS (SISTEMA DE FRENOS, DIRECCION, ELECTRONICO O MECANICO).",ESTRELLAMIENTOS,CAMIONETA,0,0,0,0,1,0,0,0,0,0,0,0,0,1,34,HOMBRE,ILESO,CONDUCTOR PRESENTE,NO,NO,1
27693,110445,110446,2021,1,0,-0.237369,-78.484618,PICHINCHA,QUITO,QUITO,URBANA,2021-09-14,14:50:00,14,MARTES,2,SEPTIEMBRE,9,NO,CONDUCIR VEHICULO SUPERANDO LOS LIMITES MAXIMOS DE VELOCIDAD.,PERDIDA DE CARRIL,MOTOCICLETA,0,0,0,0,0,0,0,0,1,0,0,0,0,1,32,HOMBRE,LESIONADO,CONDUCTOR PRESENTE,NO,NO,1
27694,110456,110457,2021,1,0,-0.292724,-78.476486,PICHINCHA,QUITO,CONOCOTO,RURAL,2021-09-14,18:30:00,18,MARTES,2,SEPTIEMBRE,9,NO,"NO RESPETAR LAS SENIALES REGLAMENTARIAS DE TRANSITO. (PARE, CEDA EL PASO, LUZ ROJA DEL SEMAFORO, ETC).",OTROS,CAMIONETA,0,0,0,1,1,0,0,0,1,0,0,0,0,3,38,MUJER,LESIONADO,PASAJERO,NO,NO,3
27695,110477,110478,2021,1,0,-0.331545,-78.533662,PICHINCHA,QUITO,QUITO,URBANA,2021-09-15,07:10:00,7,MIERCOLES,3,SEPTIEMBRE,9,NO,REALIZAR CAMBIO BRUSCO O INDEBIDO DE CARRIL.,CHOQUE LATERAL,MOTOCICLETA,0,0,0,0,0,0,0,0,1,1,0,0,0,2,34,HOMBRE,LESIONADO,CONDUCTOR PRESENTE,NO,NO,1
27696,110478,110479,2021,0,1,-0.222572,-78.520353,PICHINCHA,QUITO,QUITO,URBANA,2021-09-15,08:15:00,8,MIERCOLES,3,SEPTIEMBRE,9,NO,NO TRANSITAR POR LAS ACERAS O ZONAS DE SEGURIDAD DESTINADAS PARA EL EFECTO.,ATROPELLOS,NO IDENTIFICADO,0,0,0,0,0,0,0,0,0,1,0,0,0,1,50,HOMBRE,FALLECIDO,PEATON,NO,NO,1
27697,110479,110480,2021,1,0,-0.230418,-78.513135,PICHINCHA,QUITO,QUITO,URBANA,2021-09-15,09:05:00,9,MIERCOLES,3,SEPTIEMBRE,9,NO,REALIZAR CAMBIO BRUSCO O INDEBIDO DE CARRIL.,CHOQUE LATERAL,MOTOCICLETA,1,0,0,0,0,0,0,0,1,0,0,0,0,2,32,HOMBRE,LESIONADO,CONDUCTOR PRESENTE,NO,NO,1
27698,110487,110488,2021,0,0,-0.319183,-78.557252,PICHINCHA,QUITO,QUITO,URBANA,2021-09-15,13:15:00,13,MIERCOLES,3,SEPTIEMBRE,9,NO,CONDUCIR VEHICULO SUPERANDO LOS LIMITES MAXIMOS DE VELOCIDAD.,OTROS,NO IDENTIFICADO,0,0,0,0,0,0,0,0,0,1,0,0,0,1,-1,NO IDENTIFICADO,NO IDENTIFICADO,CONDUCTOR AUSENTE,NO,NO,2
27699,110495,110496,2021,1,0,-0.212824,-78.402686,PICHINCHA,QUITO,TUMBACO,RURAL,2021-09-15,17:00:00,17,MIERCOLES,3,SEPTIEMBRE,9,NO,REALIZAR CAMBIO BRUSCO O INDEBIDO DE CARRIL.,ESTRELLAMIENTOS,BICICLETA,0,1,0,0,0,0,0,0,0,0,0,0,0,1,33,MUJER,LESIONADO,CONDUCTOR PRESENTE,NO,NO,3
27700,110502,110503,2021,0,0,-0.265591,-78.547378,PICHINCHA,QUITO,QUITO,URBANA,2021-09-15,19:05:00,19,MIERCOLES,3,SEPTIEMBRE,9,NO,NO GUARDAR LA DISTANCIA LATERAL MINIMA DE SEGURIDAD ENTRE VEHICULOS.,ROZAMIENTOS,CAMIONETA,1,0,0,0,1,0,0,0,0,0,0,0,0,2,44,HOMBRE,ILESO,CONDUCTOR PRESENTE,NO,NO,1
27701,110508,110509,2021,0,0,-0.152014,-78.464578,PICHINCHA,QUITO,QUITO,RURAL,2021-09-15,21:25:00,21,MIERCOLES,3,SEPTIEMBRE,9,NO,NO MANTENER LA DISTANCIA PRUDENCIAL CON RESPECTO AL VEHICULO QUE LE ANTECEDE.,CHOQUE POSTERIOR,AUTOMOVIL,2,0,0,0,0,0,0,0,0,0,0,0,0,2,25,HOMBRE,ILESO,CONDUCTOR PRESENTE,NO,NO,3
27702,110509,110510,2021,0,0,-0.227761,-78.527878,PICHINCHA,QUITO,QUITO,URBANA,2021-09-15,22:30:00,22,MIERCOLES,3,SEPTIEMBRE,9,NO,CONDUCIR VEHICULO SUPERANDO LOS LIMITES MAXIMOS DE VELOCIDAD.,ESTRELLAMIENTOS,AUTOMOVIL,1,0,0,0,0,0,0,0,0,0,0,0,0,1,-1,NO IDENTIFICADO,NO IDENTIFICADO,CONDUCTOR AUSENTE,NO,NO,2
27703,110510,110511,2021,0,1,0.045479,-78.215569,PICHINCHA,PEDRO MONCAYO,TABACUNDO,RURAL,2021-09-15,22:40:00,22,MIERCOLES,3,SEPTIEMBRE,9,NO,NO TRANSITAR POR LAS ACERAS O ZONAS DE SEGURIDAD DESTINADAS PARA EL EFECTO.,ATROPELLOS,CAMIONETA,0,0,0,0,1,0,0,0,0,0,0,0,0,1,42,HOMBRE,FALLECIDO,CONDUCTOR PRESENTE,NO,SI,3
27704,110512,110513,2021,0,0,-0.303374,-78.547872,PICHINCHA,QUITO,QUITO,URBANA,2021-09-15,23:50:00,23,MIERCOLES,3,SEPTIEMBRE,9,NO,"CONDUCE BAJO LA INFLUENCIA DE ALCOHOL, SUSTANCIAS ESTUPEFACIENTES O PSICOTROPICAS Y/O MEDICAMENTOS.",ESTRELLAMIENTOS,AUTOMOVIL,2,0,0,0,0,0,0,0,0,0,0,0,0,2,22,HOMBRE,ILESO,CONDUCTOR PRESENTE,NO,NO,1
27705,110519,110520,2021,0,0,-0.201881,-78.491098,PICHINCHA,QUITO,QUITO,URBANA,2021-09-16,03:35:00,3,JUEVES,4,SEPTIEMBRE,9,NO,CONDUCIR VEHICULO SUPERANDO LOS LIMITES MAXIMOS DE VELOCIDAD.,ESTRELLAMIENTOS,AUTOMOVIL,1,0,0,0,0,0,0,0,0,0,0,0,0,1,-1,NO IDENTIFICADO,NO IDENTIFICADO,CONDUCTOR AUSENTE,NO,NO,2
27706,110522,110523,2021,0,0,-0.236144,-78.508636,PICHINCHA,QUITO,QUITO,URBANA,2021-09-16,05:15:00,5,JUEVES,4,SEPTIEMBRE,9,NO,CONDUCIR VEHICULO SUPERANDO LOS LIMITES MAXIMOS DE VELOCIDAD.,OTROS,AUTOMOVIL,1,0,0,0,0,0,0,0,0,0,0,0,0,1,-1,NO IDENTIFICADO,NO IDENTIFICADO,CONDUCTOR AUSENTE,NO,NO,2