,Unnamed: 0,ID,ANIO,LESIONADOS,FALLECIDOS,LATITUD_Y,LONGITUD_X,PROVINCIA,CANTON,PARROQUIA,ZONA,FECHA,HORA,PERIODO_2,DIA_1,DIA_2,MES_1,MES_2,FERIADO,CAUSA_PROBABLE,TIPO_DE_SINIESTRO,TIPO_DE_VEHICULO_1,AUTOMOVIL,BICICLETA,BUS,CAMION,CAMIONETA,EMERGENCIAS,ESPECIAL,FURGONETA,MOTOCICLETA,NO_IDENTIFICADO,SCOOTER_ELECTRICO,TRICIMOTO,VEHICULO_DEPORTIVO_UTILITARIO,SUMA_DE_VEHICULOS,EDAD_1,SEXO_1,CONDICION_1,PARTICIPANTE_1,CASCO_1,CINTURON_1,KMeans_Cluster
27707,110529,110530,2021,1,0,-0.088884,-78.439915,PICHINCHA,QUITO,CALDERON (CARAPUNGO),RURAL,2021-09-16,08:30:00,8,JUEVES,4,SEPTIEMBRE,9,NO,NO CEDER EL DERECHO DE VIA O PREFERENCIA DE PASO A VEHICULOS.,OTROS,AUTOMOVIL,1,0,0,0,0,0,0,0,1,0,0,0,0,2,41,HOMBRE,LESIONADO,CONDUCTOR PRESENTE,NO,NO,3
27708,110531,110532,2021,0,0,-0.198599,-78.498546,PICHINCHA,QUITO,QUITO,URBANA,2021-09-16,09:40:00,9,JUEVES,4,SEPTIEMBRE,9,NO,"NO RESPETAR LAS SENIALES REGLAMENTARIAS DE TRANSITO. (PARE, CEDA EL PASO, LUZ ROJA DEL SEMAFORO, ETC).",OTROS,CAMIONETA,0,0,0,0,2,0,0,0,0,0,0,0,0,2,40,MUJER,ILESO,CONDUCTOR PRESENTE,NO,NO,1
27709,110533,110534,2021,1,0,-0.450303,-78.647116,PICHINCHA,MEJIA,ALOAG,RURAL,2021-09-16,12:30:00,12,JUEVES,4,SEPTIEMBRE,9,NO,"CONDUCIR DESATENTO A LAS CONDICIONES DE TRANSITO (CELULAR, PANTALLAS DE VIDEO, COMIDA, MAQUILLAJE O CUALQUIER OTRO ELEMENTO DISTRACTOR).",VOLCAMIENTOS,AUTOMOVIL,1,0,0,0,0,0,0,0,0,0,0,0,0,1,-1,NO IDENTIFICADO,LESIONADO,CONDUCTOR PRESENTE,NO,NO,2
27710,110534,110535,2021,0,0,-0.015519,-78.436791,PICHINCHA,QUITO,SAN ANTONIO (QUITO),RURAL,2021-09-16,12:35:00,12,JUEVES,4,SEPTIEMBRE,9,NO,"CONDUCE BAJO LA INFLUENCIA DE ALCOHOL, SUSTANCIAS ESTUPEFACIENTES O PSICOTROPICAS Y/O MEDICAMENTOS.",CHOQUE POSTERIOR,AUTOMOVIL,1,0,0,1,0,0,0,0,0,0,0,0,0,2,62,HOMBRE,ILESO,CONDUCTOR PRESENTE,NO,NO,3
27711,110540,110541,2021,1,0,-0.365728,-78.551348,PICHINCHA,MEJIA,CUTUGLAHUA,URBANA,2021-09-16,15:00:00,15,JUEVES,4,SEPTIEMBRE,9,NO,"CONDUCE BAJO LA INFLUENCIA DE ALCOHOL, SUSTANCIAS ESTUPEFACIENTES O PSICOTROPICAS Y/O MEDICAMENTOS.",CHOQUE FRONTAL,CAMIONETA,1,0,0,0,1,0,0,0,0,0,0,0,0,2,30,HOMBRE,LESIONADO,PASAJERO,NO,SI,1
27712,110543,110544,2021,0,0,-0.245278,-78.498167,PICHINCHA,QUITO,QUITO,URBANA,2021-09-16,16:30:00,16,JUEVES,4,SEPTIEMBRE,9,NO,"FALLA MECANICA EN LOS SISTEMAS Y/O NEUMATICOS (SISTEMA DE FRENOS, DIRECCION, ELECTRONICO O MECANICO).",ATROPELLOS,CAMION,0,0,0,1,0,0,0,0,0,0,0,0,0,1,74,HOMBRE,ILESO,PEATON,NO,NO,1
27713,110563,110564,2021,3,0,-0.462601,-78.567564,PICHINCHA,MEJIA,ALOAG,RURAL,2021-09-17,01:00:00,1,VIERNES,5,SEPTIEMBRE,9,NO,NO MANTENER LA DISTANCIA PRUDENCIAL CON RESPECTO AL VEHICULO QUE LE ANTECEDE.,CHOQUE POSTERIOR,CAMION,0,0,0,1,1,0,0,0,0,0,0,0,0,2,-1,NO IDENTIFICADO,LESIONADO,CONDUCTOR PRESENTE,NO,NO,2
27714,110564,110565,2021,0,0,-0.268656,-78.531298,PICHINCHA,QUITO,QUITO,URBANA,2021-09-17,01:40:00,1,VIERNES,5,SEPTIEMBRE,9,NO,CONDUCIR VEHICULO SUPERANDO LOS LIMITES MAXIMOS DE VELOCIDAD.,ESTRELLAMIENTOS,AUTOMOVIL,1,0,0,0,0,0,0,0,0,0,0,0,0,1,-1,NO IDENTIFICADO,NO IDENTIFICADO,CONDUCTOR AUSENTE,NO,NO,2
27715,110566,110567,2021,0,1,-0.286306,-78.563786,PICHINCHA,QUITO,QUITO,URBANA,2021-09-17,04:00:00,4,VIERNES,5,SEPTIEMBRE,9,NO,CONDUCIR VEHICULO SUPERANDO LOS LIMITES MAXIMOS DE VELOCIDAD.,ESTRELLAMIENTOS,MOTOCICLETA,0,0,0,0,0,0,0,0,1,0,0,0,0,1,24,HOMBRE,FALLECIDO,CONDUCTOR PRESENTE,NO,NO,1
27716,110569,110570,2021,0,0,-0.119451,-78.506659,PICHINCHA,QUITO,QUITO,URBANA,2021-09-17,06:00:00,6,VIERNES,5,SEPTIEMBRE,9,NO,CONDUCIR VEHICULO SUPERANDO LOS LIMITES MAXIMOS DE VELOCIDAD.,ESTRELLAMIENTOS,AUTOMOVIL,1,0,0,0,0,0,0,0,0,0,0,0,0,1,-1,NO IDENTIFICADO,NO IDENTIFICADO,CONDUCTOR AUSENTE,NO,NO,2
27717,110573,110574,2021,0,0,-0.302391,-78.533343,PICHINCHA,QUITO,QUITO,URBANA,2021-09-17,07:45:00,7,VIERNES,5,SEPTIEMBRE,9,NO,"FALLA MECANICA EN LOS SISTEMAS Y/O NEUMATICOS (SISTEMA DE FRENOS, DIRECCION, ELECTRONICO O MECANICO).",ESTRELLAMIENTOS,AUTOMOVIL,1,0,0,0,0,0,0,0,0,0,0,0,0,1,22,MUJER,ILESO,PASAJERO,NO,NO,1
27718,110574,110575,2021,0,0,-0.091585,-78.439052,PICHINCHA,QUITO,CALDERON (CARAPUNGO),RURAL,2021-09-17,08:10:00,8,VIERNES,5,SEPTIEMBRE,9,NO,"FALLA MECANICA EN LOS SISTEMAS Y/O NEUMATICOS (SISTEMA DE FRENOS, DIRECCION, ELECTRONICO O MECANICO).",OTROS,CAMION,0,0,0,1,0,0,0,0,0,0,0,0,0,1,30,HOMBRE,ILESO,CONDUCTOR PRESENTE,NO,NO,3
27719,110580,110581,2021,0,0,-0.257958,-78.527461,PICHINCHA,QUITO,QUITO,URBANA,2021-09-17,11:15:00,11,VIERNES,5,SEPTIEMBRE,9,NO,NO CEDER EL DERECHO DE VIA O PREFERENCIA DE PASO A VEHICULOS.,OTROS,AUTOMOVIL,2,0,0,0,0,0,0,0,1,0,0,0,0,3,54,HOMBRE,ILESO,CONDUCTOR PRESENTE,NO,NO,1
27720,110582,110583,2021,1,0,-0.280955,-78.548788,PICHINCHA,QUITO,QUITO,URBANA,2021-09-17,12:50:00,12,VIERNES,5,SEPTIEMBRE,9,NO,NO CEDER EL DERECHO DE VIA O PREFERENCIA DE PASO A VEHICULOS.,CHOQUE LATERAL,MOTOCICLETA,1,0,0,0,0,0,0,0,1,0,0,0,0,2,18,HOMBRE,LESIONADO,CONDUCTOR PRESENTE,NO,NO,1
27721,110585,110586,2021,1,0,-0.193352,-78.490897,PICHINCHA,QUITO,QUITO,URBANA,2021-09-17,14:10:00,14,VIERNES,5,SEPTIEMBRE,9,NO,NO CEDER EL DERECHO DE VIA O PREFERENCIA DE PASO A VEHICULOS.,CHOQUE LATERAL,MOTOCICLETA,0,0,0,0,0,0,0,1,1,0,0,0,0,2,37,HOMBRE,LESIONADO,CONDUCTOR PRESENTE,NO,NO,1
27722,110586,110587,2021,1,0,-0.164784,-78.468117,PICHINCHA,QUITO,QUITO,URBANA,2021-09-17,14:30:00,14,VIERNES,5,SEPTIEMBRE,9,NO,CONDUCIR VEHICULO SUPERANDO LOS LIMITES MAXIMOS DE VELOCIDAD.,PERDIDA DE CARRIL,MOTOCICLETA,0,0,0,0,0,0,0,0,1,0,0,0,0,1,26,HOMBRE,LESIONADO,CONDUCTOR PRESENTE,NO,NO,1
27723,110600,110601,2021,0,0,-0.199767,-78.428809,PICHINCHA,QUITO,CUMBAYA,RURAL,2021-09-17,18:45:00,18,VIERNES,5,SEPTIEMBRE,9,NO,NO CEDER EL DERECHO DE VIA O PREFERENCIA DE PASO A VEHICULOS.,CHOQUE LATERAL,AUTOMOVIL,2,0,0,0,0,0,0,0,0,0,0,0,0,2,65,HOMBRE,ILESO,CONDUCTOR PRESENTE,NO,NO,3
27724,110611,110612,2021,0,0,-0.245749,-78.484792,PICHINCHA,QUITO,QUITO,RURAL,2021-09-17,20:00:00,20,VIERNES,5,SEPTIEMBRE,9,NO,"CONDUCIR DESATENTO A LAS CONDICIONES DE TRANSITO (CELULAR, PANTALLAS DE VIDEO, COMIDA, MAQUILLAJE O CUALQUIER OTRO ELEMENTO DISTRACTOR).",ESTRELLAMIENTOS,MOTOCICLETA,1,0,0,0,0,0,0,0,1,0,0,0,0,2,18,HOMBRE,ILESO,CONDUCTOR PRESENTE,NO,SI,3
27725,110614,110615,2021,2,0,-0.068756,-78.372788,PICHINCHA,QUITO,CALDERON (CARAPUNGO),RURAL,2021-09-17,20:25:00,20,VIERNES,5,SEPTIEMBRE,9,NO,DANIOS MECANICOS PREVISIBLES.,PERDIDA DE CARRIL,AUTOMOVIL,2,0,0,0,0,0,1,0,0,0,0,0,0,3,36,MUJER,LESIONADO,PASAJERO,NO,SI,3
27726,110621,110622,2021,0,0,-0.279531,-78.475724,PICHINCHA,QUITO,CONOCOTO,RURAL,2021-09-17,23:15:00,23,VIERNES,5,SEPTIEMBRE,9,NO,"CONDUCE BAJO LA INFLUENCIA DE ALCOHOL, SUSTANCIAS ESTUPEFACIENTES O PSICOTROPICAS Y/O MEDICAMENTOS.",ESTRELLAMIENTOS,AUTOMOVIL,2,0,0,0,0,0,0,0,0,0,0,0,0,2,37,HOMBRE,ILESO,CONDUCTOR PRESENTE,NO,NO,3
27727,110622,110623,2021,0,0,0.075635,-78.435002,PICHINCHA,QUITO,SAN ANTONIO (QUITO),RURAL,2021-09-17,23:18:00,23,VIERNES,5,SEPTIEMBRE,9,NO,"CONDUCE BAJO LA INFLUENCIA DE ALCOHOL, SUSTANCIAS ESTUPEFACIENTES O PSICOTROPICAS Y/O MEDICAMENTOS.",ESTRELLAMIENTOS,AUTOMOVIL,2,0,0,0,0,0,0,0,0,0,0,0,0,2,24,HOMBRE,ILESO,CONDUCTOR PRESENTE,NO,NO,3
27728,110628,110629,2021,0,0,-0.120363,-78.493256,PICHINCHA,QUITO,QUITO,URBANA,2021-09-18,01:00:00,1,SABADO,6,SEPTIEMBRE,9,NO,"CONDUCE BAJO LA INFLUENCIA DE ALCOHOL, SUSTANCIAS ESTUPEFACIENTES O PSICOTROPICAS Y/O MEDICAMENTOS.",CHOQUE LATERAL,AUTOMOVIL,2,0,0,0,0,0,0,0,0,0,0,0,0,2,25,MUJER,ILESO,PASAJERO,NO,NO,1
27729,110630,110631,2021,0,0,-0.185856,-78.477867,PICHINCHA,QUITO,QUITO,URBANA,2021-09-18,01:10:00,1,SABADO,6,SEPTIEMBRE,9,NO,CONDUCIR VEHICULO SUPERANDO LOS LIMITES MAXIMOS DE VELOCIDAD.,ESTRELLAMIENTOS,AUTOMOVIL,1,0,0,0,0,0,0,0,0,0,0,0,0,1,-1,NO IDENTIFICADO,NO IDENTIFICADO,CONDUCTOR AUSENTE,NO,NO,2
27730,110633,110634,2021,0,0,-0.375496,-78.506023,PICHINCHA,QUITO,AMAGUANIA,RURAL,2021-09-18,01:30:00,1,SABADO,6,SEPTIEMBRE,9,NO,CONDUCIR VEHICULO SUPERANDO LOS LIMITES MAXIMOS DE VELOCIDAD.,ESTRELLAMIENTOS,BUS,0,0,1,0,0,0,0,0,0,0,0,0,0,1,-1,NO IDENTIFICADO,NO IDENTIFICADO,CONDUCTOR AUSENTE,NO,NO,2
27731,110635,110636,2021,0,0,-0.280955,-78.548788,PICHINCHA,QUITO,QUITO,URBANA,2021-09-18,01:40:00,1,SABADO,6,SEPTIEMBRE,9,NO,CONDUCIR VEHICULO SUPERANDO LOS LIMITES MAXIMOS DE VELOCIDAD.,ESTRELLAMIENTOS,AUTOMOVIL,1,0,0,0,0,0,0,0,0,0,0,0,0,1,-1,NO IDENTIFICADO,NO IDENTIFICADO,CONDUCTOR AUSENTE,NO,NO,2
27732,110648,110649,2021,0,0,-0.269471,-78.507653,PICHINCHA,QUITO,QUITO,URBANA,2021-09-18,03:23:00,3,SABADO,6,SEPTIEMBRE,9,NO,"FALLA MECANICA EN LOS SISTEMAS Y/O NEUMATICOS (SISTEMA DE FRENOS, DIRECCION, ELECTRONICO O MECANICO).",ESTRELLAMIENTOS,AUTOMOVIL,1,0,0,0,0,0,0,0,0,0,0,0,0,1,28,MUJER,ILESO,CONDUCTOR PRESENTE,NO,NO,1
27733,110649,110650,2021,2,0,-0.136172,-78.470287,PICHINCHA,QUITO,QUITO,URBANA,2021-09-18,03:30:00,3,SABADO,6,SEPTIEMBRE,9,NO,"NO RESPETAR LAS SENIALES REGLAMENTARIAS DE TRANSITO. (PARE, CEDA EL PASO, LUZ ROJA DEL SEMAFORO, ETC).",OTROS,MOTOCICLETA,1,0,0,0,0,0,0,0,1,1,0,0,0,3,19,HOMBRE,LESIONADO,PASAJERO,NO,NO,1
27734,110650,110651,2021,0,0,-0.311113,-78.560439,PICHINCHA,QUITO,QUITO,URBANA,2021-09-18,03:40:00,3,SABADO,6,SEPTIEMBRE,9,NO,CONDUCIR VEHICULO SUPERANDO LOS LIMITES MAXIMOS DE VELOCIDAD.,OTROS,AUTOMOVIL,1,0,0,0,0,0,0,0,0,0,0,0,0,1,-1,NO IDENTIFICADO,NO IDENTIFICADO,CONDUCTOR AUSENTE,NO,NO,2
27735,110658,110659,2021,2,0,-0.136729,-78.486386,PICHINCHA,QUITO,QUITO,URBANA,2021-09-18,07:10:00,7,SABADO,6,SEPTIEMBRE,9,NO,REALIZAR CAMBIO BRUSCO O INDEBIDO DE CARRIL.,CHOQUE LATERAL,BICICLETA,0,1,0,0,0,0,0,0,1,0,0,0,0,2,46,HOMBRE,LESIONADO,CONDUCTOR PRESENTE,NO,NO,1
27736,110659,110660,2021,0,0,-0.087295,-78.485977,PICHINCHA,QUITO,QUITO,RURAL,2021-09-18,07:30:00,7,SABADO,6,SEPTIEMBRE,9,NO,"CONDUCIR DESATENTO A LAS CONDICIONES DE TRANSITO (CELULAR, PANTALLAS DE VIDEO, COMIDA, MAQUILLAJE O CUALQUIER OTRO ELEMENTO DISTRACTOR).",PERDIDA DE CARRIL,VEHICULO DEPORTIVO UTILITARIO,0,0,0,0,0,0,0,0,0,0,0,0,1,1,29,HOMBRE,ILESO,CONDUCTOR PRESENTE,NO,SI,3
27737,110665,110666,2021,0,0,-0.279161,-78.542889,PICHINCHA,QUITO,QUITO,URBANA,2021-09-18,09:50:00,9,SABADO,6,SEPTIEMBRE,9,NO,NO MANTENER LA DISTANCIA PRUDENCIAL CON RESPECTO AL VEHICULO QUE LE ANTECEDE.,CHOQUE POSTERIOR,BUS,1,0,1,0,0,0,0,0,0,0,0,0,0,2,29,HOMBRE,ILESO,CONDUCTOR PRESENTE,NO,NO,1
27738,110676,110677,2021,0,0,-0.105051,-78.496585,PICHINCHA,QUITO,QUITO,URBANA,2021-09-18,15:00:00,15,SABADO,6,SEPTIEMBRE,9,NO,CONDUCIR VEHICULO SUPERANDO LOS LIMITES MAXIMOS DE VELOCIDAD.,COLISION,CAMION,4,0,0,1,1,0,0,0,0,0,0,0,0,6,15,MUJER,ILESO,PASAJERO,NO,NO,1
27739,110677,110678,2021,0,1,-0.147983,-78.448973,PICHINCHA,QUITO,QUITO,RURAL,2021-09-18,15:13:00,15,SABADO,6,SEPTIEMBRE,9,NO,NO TRANSITAR POR LAS ACERAS O ZONAS DE SEGURIDAD DESTINADAS PARA EL EFECTO.,ATROPELLOS,AUTOMOVIL,1,0,0,0,0,0,0,0,0,0,0,0,0,1,45,MUJER,FALLECIDO,PEATON,NO,NO,3
27740,110683,110684,2021,0,0,-0.156069,-78.439391,PICHINCHA,QUITO,NAYON,RURAL,2021-09-18,17:09:00,17,SABADO,6,SEPTIEMBRE,9,NO,"CONDUCE BAJO LA INFLUENCIA DE ALCOHOL, SUSTANCIAS ESTUPEFACIENTES O PSICOTROPICAS Y/O MEDICAMENTOS.",COLISION,AUTOMOVIL,3,0,0,0,0,0,0,0,0,0,0,0,0,3,47,MUJER,ILESO,CONDUCTOR PRESENTE,NO,NO,3
27741,110693,110694,2021,0,0,-0.156069,-78.439391,PICHINCHA,QUITO,NAYON,RURAL,2021-09-18,19:25:00,19,SABADO,6,SEPTIEMBRE,9,NO,"CONDUCE BAJO LA INFLUENCIA DE ALCOHOL, SUSTANCIAS ESTUPEFACIENTES O PSICOTROPICAS Y/O MEDICAMENTOS.",CHOQUE POSTERIOR,AUTOMOVIL,2,0,0,0,0,0,0,0,0,0,0,0,0,2,62,HOMBRE,ILESO,CONDUCTOR PRESENTE,NO,NO,3
27742,110695,110696,2021,1,0,-0.285325,-78.489131,PICHINCHA,QUITO,CONOCOTO,RURAL,2021-09-18,19:40:00,19,SABADO,6,SEPTIEMBRE,9,NO,CONDUCIR VEHICULO SUPERANDO LOS LIMITES MAXIMOS DE VELOCIDAD.,CHOQUE LATERAL,MOTOCICLETA,0,0,0,0,0,0,0,0,1,1,0,0,0,2,33,HOMBRE,LESIONADO,CONDUCTOR PRESENTE,NO,NO,3
27743,110700,110701,2021,0,0,-0.178201,-78.359842,PICHINCHA,QUITO,PUEMBO,RURAL,2021-09-18,21:09:00,21,SABADO,6,SEPTIEMBRE,9,NO,"FALLA MECANICA EN LOS SISTEMAS Y/O NEUMATICOS (SISTEMA DE FRENOS, DIRECCION, ELECTRONICO O MECANICO).",ESTRELLAMIENTOS,AUTOMOVIL,1,0,0,0,0,0,0,0,0,0,0,0,0,1,25,MUJER,ILESO,CONDUCTOR PRESENTE,NO,NO,3
27744,110708,110709,2021,0,0,-0.107228,-78.421326,PICHINCHA,QUITO,CALDERON (CARAPUNGO),RURAL,2021-09-19,00:15:00,0,DOMINGO,7,SEPTIEMBRE,9,NO,"CONDUCE BAJO LA INFLUENCIA DE ALCOHOL, SUSTANCIAS ESTUPEFACIENTES O PSICOTROPICAS Y/O MEDICAMENTOS.",CHOQUE POSTERIOR,AUTOMOVIL,2,0,0,0,0,0,0,0,0,0,0,0,0,2,38,HOMBRE,ILESO,CONDUCTOR PRESENTE,NO,NO,3
27745,110714,110715,2021,0,0,-0.230418,-78.534682,PICHINCHA,QUITO,QUITO,URBANA,2021-09-19,01:30:00,1,DOMINGO,7,SEPTIEMBRE,9,NO,CONDUCIR VEHICULO SUPERANDO LOS LIMITES MAXIMOS DE VELOCIDAD.,ESTRELLAMIENTOS,CAMION,0,0,0,1,0,0,0,0,0,0,0,0,0,1,-1,NO IDENTIFICADO,NO IDENTIFICADO,CONDUCTOR AUSENTE,NO,NO,2
27746,110727,110728,2021,0,0,-0.291199,-78.545843,PICHINCHA,QUITO,QUITO,URBANA,2021-09-19,04:15:00,4,DOMINGO,7,SEPTIEMBRE,9,NO,CONDUCIR VEHICULO SUPERANDO LOS LIMITES MAXIMOS DE VELOCIDAD.,ESTRELLAMIENTOS,AUTOMOVIL,1,0,0,0,0,0,0,0,0,0,0,0,0,1,-1,NO IDENTIFICADO,NO IDENTIFICADO,CONDUCTOR AUSENTE,NO,NO,2
27747,110733,110734,2021,0,0,-0.242681,-78.497364,PICHINCHA,QUITO,QUITO,URBANA,2021-09-19,05:00:00,5,DOMINGO,7,SEPTIEMBRE,9,NO,CONDUCIR VEHICULO SUPERANDO LOS LIMITES MAXIMOS DE VELOCIDAD.,ESTRELLAMIENTOS,AUTOMOVIL,1,0,0,0,0,0,0,0,0,0,0,0,0,1,26,HOMBRE,ILESO,CONDUCTOR PRESENTE,NO,NO,1
27748,110735,110736,2021,0,0,-0.229051,-78.500814,PICHINCHA,QUITO,QUITO,URBANA,2021-09-19,06:20:00,6,DOMINGO,7,SEPTIEMBRE,9,NO,"CONDUCIR EN ESTADO DE SOMNOLENCIA O MALAS CONDICIONES FISICAS (SUENIO, CANSANCIO Y FATIGA).",ESTRELLAMIENTOS,AUTOMOVIL,1,0,0,0,0,0,0,0,0,0,0,0,0,1,31,MUJER,ILESO,CONDUCTOR PRESENTE,NO,NO,1
27749,110751,110752,2021,0,0,-0.322638,-78.536301,PICHINCHA,QUITO,QUITO,URBANA,2021-09-19,14:25:00,14,DOMINGO,7,SEPTIEMBRE,9,NO,CONDUCIR VEHICULO SUPERANDO LOS LIMITES MAXIMOS DE VELOCIDAD.,ESTRELLAMIENTOS,AUTOMOVIL,1,0,0,0,0,0,0,0,0,0,0,0,0,1,-1,NO IDENTIFICADO,NO IDENTIFICADO,CONDUCTOR AUSENTE,NO,NO,2
27750,110752,110753,2021,0,0,-0.447494,-78.665683,PICHINCHA,MEJIA,ALOAG,RURAL,2021-09-19,14:45:00,14,DOMINGO,7,SEPTIEMBRE,9,NO,CONDUCIR EN SENTIDO CONTRARIO A LA VIA NORMAL DE CIRCULACION.,CHOQUE FRONTAL,VEHICULO DEPORTIVO UTILITARIO,1,0,0,0,0,0,0,0,0,0,0,0,1,2,52,HOMBRE,ILESO,CONDUCTOR PRESENTE,NO,NO,3
27751,110753,110754,2021,0,0,-0.428801,-78.785951,PICHINCHA,MEJIA,MANUEL CORNEJO ASTORGA,RURAL,2021-09-19,15:15:00,15,DOMINGO,7,SEPTIEMBRE,9,NO,"NO RESPETAR LAS SENIALES REGLAMENTARIAS DE TRANSITO. (PARE, CEDA EL PASO, LUZ ROJA DEL SEMAFORO, ETC).",CHOQUE LATERAL,AUTOMOVIL,1,0,0,0,0,0,0,0,0,0,0,0,0,1,-1,NO IDENTIFICADO,ILESO,CONDUCTOR PRESENTE,NO,NO,3
27752,110760,110761,2021,1,0,-0.301837,-78.567291,PICHINCHA,QUITO,QUITO,URBANA,2021-09-19,16:25:00,16,DOMINGO,7,SEPTIEMBRE,9,NO,"CONDUCE BAJO LA INFLUENCIA DE ALCOHOL, SUSTANCIAS ESTUPEFACIENTES O PSICOTROPICAS Y/O MEDICAMENTOS.",OTROS,AUTOMOVIL,2,0,0,0,0,0,0,0,1,0,0,0,0,3,25,HOMBRE,LESIONADO,CONDUCTOR PRESENTE,NO,NO,1
27753,110771,110772,2021,1,0,-0.230166,-78.528503,PICHINCHA,QUITO,QUITO,URBANA,2021-09-19,19:14:00,19,DOMINGO,7,SEPTIEMBRE,9,NO,NO CEDER EL DERECHO DE VIA O PREFERENCIA DE PASO AL PEATON.,ATROPELLOS,AUTOMOVIL,1,0,0,0,0,0,0,0,0,0,0,0,0,1,20,HOMBRE,LESIONADO,PEATON,NO,NO,1
27754,110773,110774,2021,3,0,-0.482219,-78.568471,PICHINCHA,MEJIA,MACHACHI,RURAL,2021-09-19,19:20:00,19,DOMINGO,7,SEPTIEMBRE,9,NO,"CONDUCIR DESATENTO A LAS CONDICIONES DE TRANSITO (CELULAR, PANTALLAS DE VIDEO, COMIDA, MAQUILLAJE O CUALQUIER OTRO ELEMENTO DISTRACTOR).",CHOQUE POSTERIOR,CAMIONETA,1,0,0,0,1,0,0,0,0,0,0,0,0,2,0,HOMBRE,LESIONADO,PASAJERO,NO,SI,3
27755,110777,110778,2021,0,0,-0.264875,-78.544664,PICHINCHA,QUITO,QUITO,URBANA,2021-09-19,19:50:00,19,DOMINGO,7,SEPTIEMBRE,9,NO,CONDUCIR VEHICULO SUPERANDO LOS LIMITES MAXIMOS DE VELOCIDAD.,CHOQUE LATERAL,AUTOMOVIL,2,0,0,0,0,0,0,0,0,0,0,0,0,2,64,HOMBRE,ILESO,CONDUCTOR PRESENTE,NO,NO,1
27756,110782,110783,2021,3,0,-0.212824,-78.402686,PICHINCHA,QUITO,TUMBACO,RURAL,2021-09-19,20:50:00,20,DOMINGO,7,SEPTIEMBRE,9,NO,"CONDUCIR DESATENTO A LAS CONDICIONES DE TRANSITO (CELULAR, PANTALLAS DE VIDEO, COMIDA, MAQUILLAJE O CUALQUIER OTRO ELEMENTO DISTRACTOR).",CHOQUE LATERAL,AUTOMOVIL,2,0,0,0,0,0,0,0,0,0,0,0,0,2,12,HOMBRE,LESIONADO,PASAJERO,NO,NO,3
27757,110789,110790,2021,1,0,-0.235055,-78.510522,PICHINCHA,QUITO,QUITO,URBANA,2021-09-19,22:50:00,22,DOMINGO,7,SEPTIEMBRE,9,NO,NO CEDER EL DERECHO DE VIA O PREFERENCIA DE PASO A VEHICULOS.,CHOQUE FRONTAL,MOTOCICLETA,0,0,0,0,1,0,0,0,1,0,0,0,0,2,34,HOMBRE,LESIONADO,CONDUCTOR PRESENTE,NO,NO,1
27758,110791,110792,2021,1,0,-0.279126,-78.558722,PICHINCHA,QUITO,QUITO,URBANA,2021-09-20,01:45:00,1,LUNES,1,SEPTIEMBRE,9,NO,CONDUCIR VEHICULO SUPERANDO LOS LIMITES MAXIMOS DE VELOCIDAD.,ESTRELLAMIENTOS,AUTOMOVIL,1,0,0,0,0,0,0,0,0,0,0,0,0,1,21,HOMBRE,LESIONADO,PASAJERO,NO,NO,1
27759,110793,110794,2021,0,0,-0.109351,-78.458267,PICHINCHA,QUITO,CALDERON (CARAPUNGO),RURAL,2021-09-20,05:15:00,5,LUNES,1,SEPTIEMBRE,9,NO,"FALLA MECANICA EN LOS SISTEMAS Y/O NEUMATICOS (SISTEMA DE FRENOS, DIRECCION, ELECTRONICO O MECANICO).",ESTRELLAMIENTOS,AUTOMOVIL,1,0,0,0,0,0,0,0,0,0,0,0,0,1,54,HOMBRE,ILESO,CONDUCTOR PRESENTE,NO,NO,3
27760,110801,110802,2021,1,0,-0.091585,-78.439052,PICHINCHA,QUITO,CALDERON (CARAPUNGO),RURAL,2021-09-20,08:00:00,8,LUNES,1,SEPTIEMBRE,9,NO,NO TRANSITAR POR LAS ACERAS O ZONAS DE SEGURIDAD DESTINADAS PARA EL EFECTO.,ATROPELLOS,MOTOCICLETA,0,0,0,0,0,0,0,0,1,0,0,0,0,1,54,MUJER,LESIONADO,PEATON,NO,NO,3
27761,110804,110805,2021,1,0,-0.092531,-78.436732,PICHINCHA,QUITO,CALDERON (CARAPUNGO),RURAL,2021-09-20,08:30:00,8,LUNES,1,SEPTIEMBRE,9,NO,NO TRANSITAR POR LAS ACERAS O ZONAS DE SEGURIDAD DESTINADAS PARA EL EFECTO.,ATROPELLOS,BUS,0,0,1,0,0,0,0,0,0,0,0,0,0,1,29,MUJER,LESIONADO,PEATON,NO,NO,3
27762,110816,110817,2021,0,0,-0.212824,-78.402686,PICHINCHA,QUITO,TUMBACO,RURAL,2021-09-20,14:05:00,14,LUNES,1,SEPTIEMBRE,9,NO,NO CEDER EL DERECHO DE VIA O PREFERENCIA DE PASO A VEHICULOS.,CHOQUE FRONTAL,AUTOMOVIL,2,0,0,0,0,0,0,0,0,0,0,0,0,2,74,HOMBRE,ILESO,CONDUCTOR PRESENTE,NO,NO,3
27763,110821,110822,2021,0,0,-0.132068,-78.475268,PICHINCHA,QUITO,QUITO,URBANA,2021-09-20,15:45:00,15,LUNES,1,SEPTIEMBRE,9,NO,CONDUCIR VEHICULO SUPERANDO LOS LIMITES MAXIMOS DE VELOCIDAD.,COLISION,AUTOMOVIL,2,0,1,0,0,0,0,0,0,0,0,0,0,3,47,HOMBRE,ILESO,CONDUCTOR PRESENTE,NO,NO,1