,Unnamed: 0,ID,ANIO,LESIONADOS,FALLECIDOS,LATITUD_Y,LONGITUD_X,PROVINCIA,CANTON,PARROQUIA,ZONA,FECHA,HORA,PERIODO_2,DIA_1,DIA_2,MES_1,MES_2,FERIADO,CAUSA_PROBABLE,TIPO_DE_SINIESTRO,TIPO_DE_VEHICULO_1,AUTOMOVIL,BICICLETA,BUS,CAMION,CAMIONETA,EMERGENCIAS,ESPECIAL,FURGONETA,MOTOCICLETA,NO_IDENTIFICADO,SCOOTER_ELECTRICO,TRICIMOTO,VEHICULO_DEPORTIVO_UTILITARIO,SUMA_DE_VEHICULOS,EDAD_1,SEXO_1,CONDICION_1,PARTICIPANTE_1,CASCO_1,CINTURON_1,KMeans_Cluster
27764,110824,110825,2021,0,0,-0.209056,-78.500436,PICHINCHA,QUITO,QUITO,URBANA,2021-09-20,16:28:00,16,LUNES,1,SEPTIEMBRE,9,NO,"CONDUCE BAJO LA INFLUENCIA DE ALCOHOL, SUSTANCIAS ESTUPEFACIENTES O PSICOTROPICAS Y/O MEDICAMENTOS.",CHOQUE POSTERIOR,AUTOMOVIL,2,0,0,0,0,0,0,0,0,0,0,0,0,2,35,MUJER,ILESO,CONDUCTOR PRESENTE,NO,NO,1
27765,110833,110834,2021,0,0,-0.315061,-78.558299,PICHINCHA,QUITO,QUITO,URBANA,2021-09-20,20:00:00,20,LUNES,1,SEPTIEMBRE,9,NO,"CONDUCE BAJO LA INFLUENCIA DE ALCOHOL, SUSTANCIAS ESTUPEFACIENTES O PSICOTROPICAS Y/O MEDICAMENTOS.",CHOQUE POSTERIOR,AUTOMOVIL,2,0,0,0,0,0,0,0,0,0,0,0,0,2,54,HOMBRE,ILESO,CONDUCTOR PRESENTE,NO,NO,1
27766,110842,110843,2021,1,0,-0.047556,-78.341461,PICHINCHA,QUITO,GUAYLLABAMBA,RURAL,2021-09-21,01:30:00,1,MARTES,2,SEPTIEMBRE,9,NO,"CONDUCIR DESATENTO A LAS CONDICIONES DE TRANSITO (CELULAR, PANTALLAS DE VIDEO, COMIDA, MAQUILLAJE O CUALQUIER OTRO ELEMENTO DISTRACTOR).",CHOQUE POSTERIOR,AUTOMOVIL,1,0,0,0,0,0,0,0,0,0,0,0,0,1,27,HOMBRE,LESIONADO,PASAJERO,NO,SI,3
27767,110848,110849,2021,2,0,-0.245326,-78.534069,PICHINCHA,QUITO,QUITO,URBANA,2021-09-21,08:30:00,8,MARTES,2,SEPTIEMBRE,9,NO,NO CEDER EL DERECHO DE VIA O PREFERENCIA DE PASO AL PEATON.,ATROPELLOS,MOTOCICLETA,0,0,0,0,0,0,0,0,1,0,0,0,0,1,61,MUJER,LESIONADO,PEATON,NO,NO,1
27768,110857,110858,2021,0,1,-0.282201,-78.543881,PICHINCHA,QUITO,QUITO,URBANA,2021-09-21,15:50:00,15,MARTES,2,SEPTIEMBRE,9,NO,PEATON QUE CRUZA LA CALZADA SIN RESPETAR LA SENIALIZACION EXISTENTE (SEMAFOROS O SENIALES MANUALES).,ARROLLAMIENTOS,BUS,0,0,1,0,0,0,0,0,0,0,0,0,0,1,83,HOMBRE,FALLECIDO,PEATON,NO,NO,1
27769,110861,110862,2021,1,0,-0.190933,-78.480366,PICHINCHA,QUITO,QUITO,URBANA,2021-09-21,17:35:00,17,MARTES,2,SEPTIEMBRE,9,NO,"CONDICIONES AMBIENTALES Y/O ATMOSFERICAS (NIEBLA, NEBLINA, GRANIZO, LLUVIA).",ESTRELLAMIENTOS,AUTOMOVIL,1,0,0,0,0,0,0,0,0,0,0,0,0,1,40,MUJER,LESIONADO,CONDUCTOR PRESENTE,NO,NO,1
27770,110878,110879,2021,2,0,-0.228216,-78.495243,PICHINCHA,QUITO,QUITO,URBANA,2021-09-22,00:30:00,0,MIERCOLES,3,SEPTIEMBRE,9,NO,"CONDUCE BAJO LA INFLUENCIA DE ALCOHOL, SUSTANCIAS ESTUPEFACIENTES O PSICOTROPICAS Y/O MEDICAMENTOS.",OTROS,CAMIONETA,2,0,0,0,1,0,0,0,0,0,0,0,0,3,28,HOMBRE,LESIONADO,CONDUCTOR PRESENTE,NO,NO,1
27771,110896,110897,2021,1,0,-0.109012,-78.493156,PICHINCHA,QUITO,QUITO,URBANA,2021-09-22,09:10:00,9,MIERCOLES,3,SEPTIEMBRE,9,NO,CONDUCIR VEHICULO SUPERANDO LOS LIMITES MAXIMOS DE VELOCIDAD.,ATROPELLOS,CAMIONETA,0,0,0,0,1,0,0,0,0,0,0,0,0,1,13,HOMBRE,LESIONADO,PEATON,NO,NO,1
27772,110897,110898,2021,0,0,-0.280814,-78.556011,PICHINCHA,QUITO,QUITO,URBANA,2021-09-22,09:15:00,9,MIERCOLES,3,SEPTIEMBRE,9,NO,"NO RESPETAR LAS SENIALES REGLAMENTARIAS DE TRANSITO. (PARE, CEDA EL PASO, LUZ ROJA DEL SEMAFORO, ETC).",CHOQUE LATERAL,AUTOMOVIL,2,0,0,0,0,0,0,0,0,0,0,0,0,2,31,HOMBRE,ILESO,CONDUCTOR PRESENTE,NO,NO,1
27773,110906,110907,2021,1,0,-0.236127,-78.526454,PICHINCHA,QUITO,QUITO,URBANA,2021-09-22,14:40:00,14,MIERCOLES,3,SEPTIEMBRE,9,NO,NO MANTENER LA DISTANCIA PRUDENCIAL CON RESPECTO AL VEHICULO QUE LE ANTECEDE.,CHOQUE POSTERIOR,BUS,0,0,1,0,0,0,0,0,1,0,0,0,0,2,20,MUJER,LESIONADO,PASAJERO,NO,NO,1
27774,110909,110910,2021,0,0,-0.226807,-78.490454,PICHINCHA,QUITO,QUITO,URBANA,2021-09-22,15:40:00,15,MIERCOLES,3,SEPTIEMBRE,9,NO,"CONDICIONES AMBIENTALES Y/O ATMOSFERICAS (NIEBLA, NEBLINA, GRANIZO, LLUVIA).",CHOQUE POSTERIOR,AUTOMOVIL,1,0,0,0,1,0,0,0,0,0,0,0,0,2,57,HOMBRE,ILESO,CONDUCTOR PRESENTE,NO,NO,1
27775,110912,110913,2021,0,0,-0.235055,-78.510522,PICHINCHA,QUITO,QUITO,URBANA,2021-09-22,18:56:00,18,MIERCOLES,3,SEPTIEMBRE,9,NO,"CONDUCE BAJO LA INFLUENCIA DE ALCOHOL, SUSTANCIAS ESTUPEFACIENTES O PSICOTROPICAS Y/O MEDICAMENTOS.",CHOQUE FRONTAL,BUS,1,0,1,0,0,0,0,0,0,0,0,0,0,2,54,HOMBRE,ILESO,PASAJERO,NO,NO,1
27776,110916,110917,2021,1,0,-0.076551,-78.431108,PICHINCHA,QUITO,CALDERON (CARAPUNGO),RURAL,2021-09-22,20:50:00,20,MIERCOLES,3,SEPTIEMBRE,9,NO,NO CEDER EL DERECHO DE VIA O PREFERENCIA DE PASO A VEHICULOS.,CHOQUE LATERAL,MOTOCICLETA,1,0,0,0,0,0,0,0,1,0,0,0,0,2,38,HOMBRE,LESIONADO,CONDUCTOR PRESENTE,NO,NO,3
27777,110919,110920,2021,0,0,-0.285961,-78.440097,PICHINCHA,QUITO,ALANGASI,RURAL,2021-09-22,22:20:00,22,MIERCOLES,3,SEPTIEMBRE,9,NO,"FALLA MECANICA EN LOS SISTEMAS Y/O NEUMATICOS (SISTEMA DE FRENOS, DIRECCION, ELECTRONICO O MECANICO).",ESTRELLAMIENTOS,AUTOMOVIL,1,0,0,0,0,0,0,0,0,0,0,0,0,1,33,HOMBRE,ILESO,CONDUCTOR PRESENTE,NO,NO,3
27778,110921,110922,2021,0,0,-0.275231,-78.552645,PICHINCHA,QUITO,QUITO,URBANA,2021-09-22,23:20:00,23,MIERCOLES,3,SEPTIEMBRE,9,NO,CONDUCIR VEHICULO SUPERANDO LOS LIMITES MAXIMOS DE VELOCIDAD.,ESTRELLAMIENTOS,CAMIONETA,0,0,0,0,1,0,0,0,0,0,0,0,0,1,37,HOMBRE,ILESO,CONDUCTOR PRESENTE,NO,NO,1
27779,110925,110926,2021,0,0,-0.099083,-78.421844,PICHINCHA,QUITO,CALDERON (CARAPUNGO),RURAL,2021-09-23,00:57:00,0,JUEVES,4,SEPTIEMBRE,9,NO,CONDUCIR VEHICULO SUPERANDO LOS LIMITES MAXIMOS DE VELOCIDAD.,ESTRELLAMIENTOS,AUTOMOVIL,1,0,0,0,0,0,0,0,0,0,0,0,0,1,-1,NO IDENTIFICADO,NO IDENTIFICADO,CONDUCTOR AUSENTE,NO,NO,2
27780,110931,110932,2021,1,0,-0.212824,-78.402686,PICHINCHA,QUITO,TUMBACO,RURAL,2021-09-23,05:40:00,5,JUEVES,4,SEPTIEMBRE,9,NO,"FALLA MECANICA EN LOS SISTEMAS Y/O NEUMATICOS (SISTEMA DE FRENOS, DIRECCION, ELECTRONICO O MECANICO).",ESTRELLAMIENTOS,CAMION,0,0,0,1,0,0,0,0,0,0,0,0,0,1,59,HOMBRE,LESIONADO,CONDUCTOR PRESENTE,NO,NO,3
27781,110942,110943,2021,1,0,-0.271571,-78.528881,PICHINCHA,QUITO,QUITO,URBANA,2021-09-23,10:25:00,10,JUEVES,4,SEPTIEMBRE,9,NO,NO CEDER EL DERECHO DE VIA O PREFERENCIA DE PASO A VEHICULOS.,CHOQUE LATERAL,MOTOCICLETA,1,0,0,0,0,0,0,0,1,0,0,0,0,2,28,HOMBRE,LESIONADO,CONDUCTOR PRESENTE,NO,NO,1
27782,110947,110948,2021,0,0,-0.277424,-78.556553,PICHINCHA,QUITO,QUITO,URBANA,2021-09-23,12:50:00,12,JUEVES,4,SEPTIEMBRE,9,NO,REALIZAR CAMBIO BRUSCO O INDEBIDO DE CARRIL.,CHOQUE LATERAL,CAMIONETA,1,0,0,0,1,0,0,0,0,0,0,0,0,2,71,MUJER,ILESO,PASAJERO,NO,NO,1
27783,110958,110959,2021,0,0,-0.278726,-78.554553,PICHINCHA,QUITO,QUITO,URBANA,2021-09-23,16:20:00,16,JUEVES,4,SEPTIEMBRE,9,NO,"CONDUCE BAJO LA INFLUENCIA DE ALCOHOL, SUSTANCIAS ESTUPEFACIENTES O PSICOTROPICAS Y/O MEDICAMENTOS.",CHOQUE LATERAL,CAMION,1,0,0,1,0,0,0,0,0,0,0,0,0,2,26,HOMBRE,ILESO,CONDUCTOR PRESENTE,NO,NO,1
27784,110969,110970,2021,1,0,-0.289522,-78.538473,PICHINCHA,QUITO,QUITO,URBANA,2021-09-23,18:20:00,18,JUEVES,4,SEPTIEMBRE,9,NO,NO TRANSITAR POR LAS ACERAS O ZONAS DE SEGURIDAD DESTINADAS PARA EL EFECTO.,ATROPELLOS,AUTOMOVIL,1,0,0,0,0,0,0,0,0,0,0,0,0,1,26,HOMBRE,LESIONADO,PEATON,NO,NO,1
27785,110974,110975,2021,0,0,-0.292267,-78.436731,PICHINCHA,QUITO,ALANGASI,RURAL,2021-09-23,19:10:00,19,JUEVES,4,SEPTIEMBRE,9,NO,CONDUCIR VEHICULO SUPERANDO LOS LIMITES MAXIMOS DE VELOCIDAD.,CHOQUE LATERAL,AUTOMOVIL,1,0,0,0,0,0,0,0,1,0,0,0,0,2,54,HOMBRE,ILESO,CONDUCTOR PRESENTE,NO,NO,3
27786,110976,110977,2021,1,1,-0.328606,-78.389997,PICHINCHA,QUITO,PINTAG,RURAL,2021-09-23,19:30:00,19,JUEVES,4,SEPTIEMBRE,9,NO,"CONDUCIR DESATENTO A LAS CONDICIONES DE TRANSITO (CELULAR, PANTALLAS DE VIDEO, COMIDA, MAQUILLAJE O CUALQUIER OTRO ELEMENTO DISTRACTOR).",ESTRELLAMIENTOS,CAMION,0,0,0,2,0,0,0,0,0,0,0,0,0,2,27,HOMBRE,FALLECIDO,PASAJERO,NO,SI,3
27787,110978,110979,2021,0,0,-0.268789,-78.533277,PICHINCHA,QUITO,QUITO,URBANA,2021-09-23,19:45:00,19,JUEVES,4,SEPTIEMBRE,9,NO,"NO RESPETAR LAS SENIALES REGLAMENTARIAS DE TRANSITO. (PARE, CEDA EL PASO, LUZ ROJA DEL SEMAFORO, ETC).",CHOQUE LATERAL,AUTOMOVIL,2,0,0,0,0,0,0,0,0,0,0,0,0,2,1,MUJER,ILESO,PASAJERO,NO,NO,1
27788,110984,110985,2021,1,0,-0.325109,-78.550366,PICHINCHA,QUITO,QUITO,URBANA,2021-09-23,21:40:00,21,JUEVES,4,SEPTIEMBRE,9,NO,"CONDUCE BAJO LA INFLUENCIA DE ALCOHOL, SUSTANCIAS ESTUPEFACIENTES O PSICOTROPICAS Y/O MEDICAMENTOS.",CHOQUE POSTERIOR,CAMIONETA,1,0,0,0,1,0,0,0,0,0,0,0,0,2,36,MUJER,LESIONADO,PASAJERO,NO,NO,1
27789,110985,110986,2021,0,0,-0.274505,-78.512753,PICHINCHA,QUITO,QUITO,URBANA,2021-09-23,21:50:00,21,JUEVES,4,SEPTIEMBRE,9,NO,"CONDUCE BAJO LA INFLUENCIA DE ALCOHOL, SUSTANCIAS ESTUPEFACIENTES O PSICOTROPICAS Y/O MEDICAMENTOS.",ESTRELLAMIENTOS,AUTOMOVIL,1,0,0,0,0,0,0,0,0,0,0,0,0,1,29,HOMBRE,ILESO,CONDUCTOR PRESENTE,NO,NO,1
27790,110994,110995,2021,1,0,-0.203056,-78.458398,PICHINCHA,QUITO,QUITO,RURAL,2021-09-24,05:50:00,5,VIERNES,5,SEPTIEMBRE,9,NO,NO CEDER EL DERECHO DE VIA O PREFERENCIA DE PASO A VEHICULOS.,CHOQUE LATERAL,MOTOCICLETA,1,0,0,0,0,0,0,0,1,0,0,0,0,2,31,HOMBRE,LESIONADO,CONDUCTOR PRESENTE,NO,NO,3
27791,111000,111001,2021,1,0,-0.328154,-78.537941,PICHINCHA,QUITO,QUITO,URBANA,2021-09-24,08:17:00,8,VIERNES,5,SEPTIEMBRE,9,NO,NO CEDER EL DERECHO DE VIA O PREFERENCIA DE PASO A VEHICULOS.,CHOQUE LATERAL,AUTOMOVIL,1,0,0,0,1,0,0,0,0,0,0,0,0,2,31,MUJER,LESIONADO,CONDUCTOR PRESENTE,NO,NO,1
27792,111002,111003,2021,0,0,-0.225455,-78.522621,PICHINCHA,QUITO,QUITO,URBANA,2021-09-24,10:00:00,10,VIERNES,5,SEPTIEMBRE,9,NO,CONDUCIR VEHICULO SUPERANDO LOS LIMITES MAXIMOS DE VELOCIDAD.,ESTRELLAMIENTOS,AUTOMOVIL,1,0,0,0,0,0,0,0,0,0,0,0,0,1,-1,NO IDENTIFICADO,NO IDENTIFICADO,CONDUCTOR AUSENTE,NO,NO,2
27793,111008,111009,2021,0,0,-0.171616,-78.471577,PICHINCHA,QUITO,QUITO,URBANA,2021-09-24,12:15:00,12,VIERNES,5,SEPTIEMBRE,9,NO,CONDUCIR VEHICULO SUPERANDO LOS LIMITES MAXIMOS DE VELOCIDAD.,ESTRELLAMIENTOS,AUTOMOVIL,2,0,0,0,0,0,0,0,0,0,0,0,0,2,33,MUJER,ILESO,CONDUCTOR PRESENTE,NO,NO,1
27794,111009,111010,2021,0,0,-0.318641,-78.549386,PICHINCHA,QUITO,QUITO,URBANA,2021-09-24,12:30:00,12,VIERNES,5,SEPTIEMBRE,9,NO,NO CEDER EL DERECHO DE VIA O PREFERENCIA DE PASO A VEHICULOS.,CHOQUE LATERAL,CAMION,1,0,0,1,0,0,0,0,0,0,0,0,0,2,60,HOMBRE,ILESO,CONDUCTOR PRESENTE,NO,NO,1
27795,111015,111016,2021,0,0,-0.299621,-78.524243,PICHINCHA,QUITO,QUITO,URBANA,2021-09-24,14:50:00,14,VIERNES,5,SEPTIEMBRE,9,NO,"CONDUCE BAJO LA INFLUENCIA DE ALCOHOL, SUSTANCIAS ESTUPEFACIENTES O PSICOTROPICAS Y/O MEDICAMENTOS.",CHOQUE FRONTAL,AUTOMOVIL,2,0,0,0,0,0,0,0,0,0,0,0,0,2,28,HOMBRE,ILESO,CONDUCTOR PRESENTE,NO,NO,1
27796,111018,111019,2021,0,0,-0.219598,-78.520671,PICHINCHA,QUITO,QUITO,URBANA,2021-09-24,16:40:00,16,VIERNES,5,SEPTIEMBRE,9,NO,NO MANTENER LA DISTANCIA PRUDENCIAL CON RESPECTO AL VEHICULO QUE LE ANTECEDE.,CHOQUE POSTERIOR,AUTOMOVIL,2,0,0,0,0,0,0,0,0,0,0,0,0,2,38,HOMBRE,ILESO,CONDUCTOR PRESENTE,NO,NO,1
27797,111022,111023,2021,1,0,-0.125198,-78.470441,PICHINCHA,QUITO,QUITO,URBANA,2021-09-24,17:44:00,17,VIERNES,5,SEPTIEMBRE,9,NO,"CONDUCE BAJO LA INFLUENCIA DE ALCOHOL, SUSTANCIAS ESTUPEFACIENTES O PSICOTROPICAS Y/O MEDICAMENTOS.",CHOQUE LATERAL,AUTOMOVIL,2,0,0,0,0,0,0,0,0,0,0,0,0,2,26,HOMBRE,LESIONADO,CONDUCTOR PRESENTE,NO,NO,1
27798,111028,111029,2021,1,0,-0.292724,-78.476486,PICHINCHA,QUITO,CONOCOTO,RURAL,2021-09-24,19:15:00,19,VIERNES,5,SEPTIEMBRE,9,NO,NO TRANSITAR POR LAS ACERAS O ZONAS DE SEGURIDAD DESTINADAS PARA EL EFECTO.,ATROPELLOS,AUTOMOVIL,1,0,0,0,0,0,0,0,0,0,0,0,0,1,33,HOMBRE,LESIONADO,PEATON,NO,NO,3
27799,111039,111040,2021,0,0,-0.338377,-78.549676,PICHINCHA,QUITO,QUITO,URBANA,2021-09-24,20:30:00,20,VIERNES,5,SEPTIEMBRE,9,NO,"CONDUCE BAJO LA INFLUENCIA DE ALCOHOL, SUSTANCIAS ESTUPEFACIENTES O PSICOTROPICAS Y/O MEDICAMENTOS.",OTROS,AUTOMOVIL,3,0,0,0,0,0,0,0,0,0,0,0,0,3,40,HOMBRE,ILESO,CONDUCTOR PRESENTE,NO,NO,1
27800,111049,111050,2021,0,0,-0.179729,-78.479932,PICHINCHA,QUITO,QUITO,URBANA,2021-09-25,00:01:00,0,SABADO,6,SEPTIEMBRE,9,NO,"NO RESPETAR LAS SENIALES REGLAMENTARIAS DE TRANSITO. (PARE, CEDA EL PASO, LUZ ROJA DEL SEMAFORO, ETC).",CHOQUE LATERAL,CAMIONETA,1,0,0,0,1,0,0,0,0,0,0,0,0,2,37,MUJER,ILESO,CONDUCTOR PRESENTE,NO,NO,1
27801,111054,111055,2021,0,0,-0.283152,-78.554531,PICHINCHA,QUITO,QUITO,URBANA,2021-09-25,00:55:00,0,SABADO,6,SEPTIEMBRE,9,NO,CONDUCIR VEHICULO SUPERANDO LOS LIMITES MAXIMOS DE VELOCIDAD.,ESTRELLAMIENTOS,AUTOMOVIL,1,0,0,0,0,0,0,0,0,0,0,0,0,1,-1,NO IDENTIFICADO,NO IDENTIFICADO,CONDUCTOR AUSENTE,NO,NO,2
27802,111055,111056,2021,0,0,-0.303012,-78.551249,PICHINCHA,QUITO,QUITO,URBANA,2021-09-25,01:00:00,1,SABADO,6,SEPTIEMBRE,9,NO,CONDUCIR VEHICULO SUPERANDO LOS LIMITES MAXIMOS DE VELOCIDAD.,ESTRELLAMIENTOS,AUTOMOVIL,1,0,0,0,0,0,0,0,0,1,0,0,0,2,37,HOMBRE,ILESO,CONDUCTOR PRESENTE,NO,NO,1
27803,111065,111066,2021,1,0,-0.167794,-78.487392,PICHINCHA,QUITO,QUITO,URBANA,2021-09-25,03:00:00,3,SABADO,6,SEPTIEMBRE,9,NO,CONDUCIR VEHICULO SUPERANDO LOS LIMITES MAXIMOS DE VELOCIDAD.,PERDIDA DE CARRIL,MOTOCICLETA,0,0,0,0,0,0,0,0,1,0,0,0,0,1,21,HOMBRE,LESIONADO,CONDUCTOR PRESENTE,NO,NO,1
27804,111068,111069,2021,3,0,-0.299432,-78.559038,PICHINCHA,QUITO,QUITO,URBANA,2021-09-25,03:15:00,3,SABADO,6,SEPTIEMBRE,9,NO,"NO RESPETAR LAS SENIALES REGLAMENTARIAS DE TRANSITO. (PARE, CEDA EL PASO, LUZ ROJA DEL SEMAFORO, ETC).",CHOQUE LATERAL,AUTOMOVIL,1,0,0,0,1,0,0,0,0,0,0,0,0,2,21,MUJER,LESIONADO,PASAJERO,NO,NO,1
27805,111069,111070,2021,2,0,-0.153396,-78.484496,PICHINCHA,QUITO,QUITO,URBANA,2021-09-25,03:45:00,3,SABADO,6,SEPTIEMBRE,9,NO,CONDUCIR VEHICULO SUPERANDO LOS LIMITES MAXIMOS DE VELOCIDAD.,PERDIDA DE CARRIL,MOTOCICLETA,0,0,0,0,0,0,0,0,1,0,0,0,0,1,18,MUJER,LESIONADO,PASAJERO,NO,NO,1
27806,111070,111071,2021,1,0,-0.289913,-78.537629,PICHINCHA,QUITO,QUITO,URBANA,2021-09-25,04:20:00,4,SABADO,6,SEPTIEMBRE,9,NO,CONDUCIR VEHICULO SUPERANDO LOS LIMITES MAXIMOS DE VELOCIDAD.,ESTRELLAMIENTOS,AUTOMOVIL,1,0,0,0,0,0,0,0,0,0,0,0,0,1,31,MUJER,LESIONADO,PASAJERO,NO,NO,1
27807,111075,111076,2021,0,0,-0.325602,-78.449692,PICHINCHA,RUMINIAHUI,SANGOLQUI,URBANA,2021-09-25,06:30:00,6,SABADO,6,SEPTIEMBRE,9,NO,"CONDUCIR DESATENTO A LAS CONDICIONES DE TRANSITO (CELULAR, PANTALLAS DE VIDEO, COMIDA, MAQUILLAJE O CUALQUIER OTRO ELEMENTO DISTRACTOR).",PERDIDA DE PISTA,AUTOMOVIL,1,0,0,0,0,0,0,0,0,0,0,0,0,1,40,HOMBRE,ILESO,CONDUCTOR PRESENTE,NO,SI,1
27808,111078,111079,2021,0,1,-0.214651,-78.500491,PICHINCHA,QUITO,QUITO,URBANA,2021-09-25,07:00:00,7,SABADO,6,SEPTIEMBRE,9,NO,"CONDUCE BAJO LA INFLUENCIA DE ALCOHOL, SUSTANCIAS ESTUPEFACIENTES O PSICOTROPICAS Y/O MEDICAMENTOS.",ATROPELLOS,AUTOMOVIL,1,0,0,0,0,0,0,0,0,0,0,0,0,1,76,MUJER,FALLECIDO,PEATON,NO,NO,1
27809,111079,111080,2021,0,1,-0.287947,-78.519949,PICHINCHA,QUITO,QUITO,URBANA,2021-09-25,07:00:00,7,SABADO,6,SEPTIEMBRE,9,NO,CONDUCIR VEHICULO SUPERANDO LOS LIMITES MAXIMOS DE VELOCIDAD.,VOLCAMIENTOS,MOTOCICLETA,0,0,0,0,0,0,0,0,1,0,0,0,0,1,33,HOMBRE,FALLECIDO,CONDUCTOR PRESENTE,NO,NO,1
27810,111080,111081,2021,1,0,0.007718,-78.550201,PICHINCHA,QUITO,CALACALI,RURAL,2021-09-25,07:00:00,7,SABADO,6,SEPTIEMBRE,9,NO,"CONDUCIR DESATENTO A LAS CONDICIONES DE TRANSITO (CELULAR, PANTALLAS DE VIDEO, COMIDA, MAQUILLAJE O CUALQUIER OTRO ELEMENTO DISTRACTOR).",CHOQUE FRONTAL,AUTOMOVIL,1,0,0,0,0,0,0,0,0,0,0,0,0,1,53,MUJER,LESIONADO,CONDUCTOR PRESENTE,NO,SI,3
27811,111084,111085,2021,2,0,-0.258896,-78.511658,PICHINCHA,QUITO,QUITO,URBANA,2021-09-25,11:30:00,11,SABADO,6,SEPTIEMBRE,9,NO,CONDUCIR VEHICULO SUPERANDO LOS LIMITES MAXIMOS DE VELOCIDAD.,ESTRELLAMIENTOS,CAMION,0,0,0,1,0,0,0,0,0,0,0,0,0,1,41,HOMBRE,LESIONADO,PASAJERO,NO,NO,1
27812,111089,111090,2021,0,0,-0.204802,-78.376946,PICHINCHA,QUITO,TUMBACO,RURAL,2021-09-25,12:05:00,12,SABADO,6,SEPTIEMBRE,9,NO,"NO RESPETAR LAS SENIALES REGLAMENTARIAS DE TRANSITO. (PARE, CEDA EL PASO, LUZ ROJA DEL SEMAFORO, ETC).",CHOQUE LATERAL,AUTOMOVIL,2,0,0,0,0,0,0,0,0,0,0,0,0,2,19,HOMBRE,ILESO,CONDUCTOR PRESENTE,NO,NO,3
27813,111093,111094,2021,1,0,-0.177282,-78.359537,PICHINCHA,QUITO,PUEMBO,RURAL,2021-09-25,13:30:00,13,SABADO,6,SEPTIEMBRE,9,NO,"FALLA MECANICA EN LOS SISTEMAS Y/O NEUMATICOS (SISTEMA DE FRENOS, DIRECCION, ELECTRONICO O MECANICO).",OTROS,CAMIONETA,0,0,0,0,1,0,0,0,0,0,0,0,0,1,77,HOMBRE,LESIONADO,CONDUCTOR PRESENTE,NO,NO,3
27814,111112,111113,2021,1,0,0.002558,-78.498879,PICHINCHA,QUITO,CALACALI,RURAL,2021-09-25,20:36:00,20,SABADO,6,SEPTIEMBRE,9,NO,"CONDICIONES AMBIENTALES Y/O ATMOSFERICAS (NIEBLA, NEBLINA, GRANIZO, LLUVIA).",CHOQUE LATERAL,MOTOCICLETA,1,0,0,0,0,0,0,0,1,0,0,0,0,2,45,HOMBRE,LESIONADO,CONDUCTOR PRESENTE,NO,SI,3
27815,111113,111114,2021,0,0,-0.125876,-78.444289,PICHINCHA,QUITO,LLANO CHICO,RURAL,2021-09-25,21:20:00,21,SABADO,6,SEPTIEMBRE,9,NO,"CONDUCE BAJO LA INFLUENCIA DE ALCOHOL, SUSTANCIAS ESTUPEFACIENTES O PSICOTROPICAS Y/O MEDICAMENTOS.",CHOQUE LATERAL,CAMIONETA,1,0,0,0,1,0,0,0,0,0,0,0,0,2,70,HOMBRE,ILESO,CONDUCTOR PRESENTE,NO,NO,3
27816,111118,111119,2021,0,1,-0.271161,-78.553698,PICHINCHA,QUITO,QUITO,URBANA,2021-09-25,22:43:00,22,SABADO,6,SEPTIEMBRE,9,NO,NO TRANSITAR POR LAS ACERAS O ZONAS DE SEGURIDAD DESTINADAS PARA EL EFECTO.,ARROLLAMIENTOS,NO IDENTIFICADO,0,0,0,0,0,0,0,0,0,1,0,0,0,1,38,HOMBRE,FALLECIDO,PEATON,NO,NO,1
27817,111127,111128,2021,0,0,-0.129185,-78.501501,PICHINCHA,QUITO,QUITO,URBANA,2021-09-26,00:32:00,0,DOMINGO,7,SEPTIEMBRE,9,NO,"NO RESPETAR LAS SENIALES REGLAMENTARIAS DE TRANSITO. (PARE, CEDA EL PASO, LUZ ROJA DEL SEMAFORO, ETC).",CHOQUE LATERAL,AUTOMOVIL,1,0,0,0,0,0,0,1,0,0,0,0,0,2,30,HOMBRE,ILESO,CONDUCTOR PRESENTE,NO,NO,1
27818,111138,111139,2021,2,0,-0.317426,-78.549126,PICHINCHA,QUITO,QUITO,URBANA,2021-09-26,02:00:00,2,DOMINGO,7,SEPTIEMBRE,9,NO,CONDUCIR VEHICULO SUPERANDO LOS LIMITES MAXIMOS DE VELOCIDAD.,VOLCAMIENTOS,MOTOCICLETA,0,0,0,0,0,0,0,0,1,0,0,0,0,1,24,MUJER,LESIONADO,PASAJERO,NO,NO,1
27819,111153,111154,2021,2,0,-0.291131,-78.524158,PICHINCHA,QUITO,QUITO,URBANA,2021-09-26,05:56:00,5,DOMINGO,7,SEPTIEMBRE,9,NO,CONDUCIR VEHICULO SUPERANDO LOS LIMITES MAXIMOS DE VELOCIDAD.,ESTRELLAMIENTOS,CAMIONETA,0,0,0,0,1,0,0,0,0,0,0,0,0,1,35,MUJER,LESIONADO,PASAJERO,NO,NO,1
27820,111158,111159,2021,1,0,-0.116086,-78.488281,PICHINCHA,QUITO,QUITO,URBANA,2021-09-26,06:45:00,6,DOMINGO,7,SEPTIEMBRE,9,NO,REALIZAR CAMBIO BRUSCO O INDEBIDO DE CARRIL.,CHOQUE LATERAL,BICICLETA,0,1,0,0,0,0,0,1,0,0,0,0,0,2,58,HOMBRE,LESIONADO,CONDUCTOR PRESENTE,NO,NO,1
27821,111168,111169,2021,0,1,-0.350075,-78.333311,PICHINCHA,QUITO,PINTAG,RURAL,2021-09-26,10:30:00,10,DOMINGO,7,SEPTIEMBRE,9,NO,NO TRANSITAR POR LAS ACERAS O ZONAS DE SEGURIDAD DESTINADAS PARA EL EFECTO.,ARROLLAMIENTOS,BUS,0,0,1,0,0,0,0,0,0,0,0,0,0,1,68,HOMBRE,FALLECIDO,PEATON,NO,NO,3