,Unnamed: 0,ID,ANIO,LESIONADOS,FALLECIDOS,LATITUD_Y,LONGITUD_X,PROVINCIA,CANTON,PARROQUIA,ZONA,FECHA,HORA,PERIODO_2,DIA_1,DIA_2,MES_1,MES_2,FERIADO,CAUSA_PROBABLE,TIPO_DE_SINIESTRO,TIPO_DE_VEHICULO_1,AUTOMOVIL,BICICLETA,BUS,CAMION,CAMIONETA,EMERGENCIAS,ESPECIAL,FURGONETA,MOTOCICLETA,NO_IDENTIFICADO,SCOOTER_ELECTRICO,TRICIMOTO,VEHICULO_DEPORTIVO_UTILITARIO,SUMA_DE_VEHICULOS,EDAD_1,SEXO_1,CONDICION_1,PARTICIPANTE_1,CASCO_1,CINTURON_1,KMeans_Cluster
27822,111170,111171,2021,0,0,-0.260818,-78.536003,PICHINCHA,QUITO,QUITO,URBANA,2021-09-26,11:25:00,11,DOMINGO,7,SEPTIEMBRE,9,NO,"CONDUCIR EN ESTADO DE SOMNOLENCIA O MALAS CONDICIONES FISICAS (SUENIO, CANSANCIO Y FATIGA).",ESTRELLAMIENTOS,AUTOMOVIL,3,0,0,0,0,0,0,0,0,0,0,0,0,3,31,HOMBRE,ILESO,CONDUCTOR PRESENTE,NO,NO,1
27823,111172,111173,2021,0,0,-0.273707,-78.537301,PICHINCHA,QUITO,QUITO,URBANA,2021-09-26,12:26:00,12,DOMINGO,7,SEPTIEMBRE,9,NO,NO CEDER EL DERECHO DE VIA O PREFERENCIA DE PASO A VEHICULOS.,CHOQUE LATERAL,AUTOMOVIL,1,0,0,1,0,0,0,0,0,0,0,0,0,2,35,HOMBRE,ILESO,CONDUCTOR PRESENTE,NO,NO,1
27824,111186,111187,2021,0,1,-0.517225,-78.576335,PICHINCHA,MEJIA,MACHACHI,RURAL,2021-09-26,16:30:00,16,DOMINGO,7,SEPTIEMBRE,9,NO,"CONDUCIR DESATENTO A LAS CONDICIONES DE TRANSITO (CELULAR, PANTALLAS DE VIDEO, COMIDA, MAQUILLAJE O CUALQUIER OTRO ELEMENTO DISTRACTOR).",ATROPELLOS,AUTOMOVIL,1,0,0,0,0,0,0,0,0,0,0,0,0,1,72,HOMBRE,FALLECIDO,PEATON,NO,SI,3
27825,111191,111192,2021,0,1,-0.304714,-78.416503,PICHINCHA,QUITO,ALANGASI,RURAL,2021-09-26,17:10:00,17,DOMINGO,7,SEPTIEMBRE,9,NO,"FALLA MECANICA EN LOS SISTEMAS Y/O NEUMATICOS (SISTEMA DE FRENOS, DIRECCION, ELECTRONICO O MECANICO).",ESTRELLAMIENTOS,BICICLETA,0,1,0,0,0,0,0,0,0,0,0,0,0,1,53,HOMBRE,FALLECIDO,CONDUCTOR PRESENTE,NO,NO,3
27826,111202,111203,2021,2,0,-0.302805,-78.551769,PICHINCHA,QUITO,QUITO,URBANA,2021-09-26,19:30:00,19,DOMINGO,7,SEPTIEMBRE,9,NO,"NO RESPETAR LAS SENIALES REGLAMENTARIAS DE TRANSITO. (PARE, CEDA EL PASO, LUZ ROJA DEL SEMAFORO, ETC).",CHOQUE POSTERIOR,BUS,1,0,1,0,0,0,0,0,0,0,0,0,0,2,35,HOMBRE,LESIONADO,PASAJERO,NO,NO,1
27827,111203,111204,2021,0,0,-0.129191,-78.499988,PICHINCHA,QUITO,QUITO,URBANA,2021-09-26,19:30:00,19,DOMINGO,7,SEPTIEMBRE,9,NO,"FALLA MECANICA EN LOS SISTEMAS Y/O NEUMATICOS (SISTEMA DE FRENOS, DIRECCION, ELECTRONICO O MECANICO).",ESTRELLAMIENTOS,AUTOMOVIL,1,0,0,0,1,0,0,0,0,0,0,0,0,2,-1,NO IDENTIFICADO,NO IDENTIFICADO,CONDUCTOR AUSENTE,NO,NO,2
27828,111208,111209,2021,0,0,-0.217663,-78.377407,PICHINCHA,QUITO,TUMBACO,RURAL,2021-09-26,20:44:00,20,DOMINGO,7,SEPTIEMBRE,9,NO,"CONDUCE BAJO LA INFLUENCIA DE ALCOHOL, SUSTANCIAS ESTUPEFACIENTES O PSICOTROPICAS Y/O MEDICAMENTOS.",CHOQUE FRONTAL,AUTOMOVIL,1,0,0,0,1,0,0,0,0,0,0,0,0,2,31,HOMBRE,ILESO,CONDUCTOR PRESENTE,NO,NO,3
27829,111209,111210,2021,0,0,-0.304312,-78.565742,PICHINCHA,QUITO,QUITO,URBANA,2021-09-26,20:45:00,20,DOMINGO,7,SEPTIEMBRE,9,NO,CONDUCIR VEHICULO SUPERANDO LOS LIMITES MAXIMOS DE VELOCIDAD.,OTROS,AUTOMOVIL,1,0,0,0,0,0,0,0,0,0,0,0,0,1,-1,NO IDENTIFICADO,NO IDENTIFICADO,CONDUCTOR AUSENTE,NO,NO,2
27830,111211,111212,2021,0,0,-0.222174,-78.416883,PICHINCHA,QUITO,TUMBACO,RURAL,2021-09-26,21:05:00,21,DOMINGO,7,SEPTIEMBRE,9,NO,CONDUCIR VEHICULO SUPERANDO LOS LIMITES MAXIMOS DE VELOCIDAD.,ESTRELLAMIENTOS,AUTOMOVIL,1,0,0,0,0,0,0,0,0,0,0,0,0,1,-1,NO IDENTIFICADO,NO IDENTIFICADO,CONDUCTOR AUSENTE,NO,NO,2
27831,111221,111222,2021,2,0,-0.570942,-78.593587,PICHINCHA,MEJIA,MACHACHI,RURAL,2021-09-27,05:00:00,5,LUNES,1,SEPTIEMBRE,9,NO,"CONDUCIR DESATENTO A LAS CONDICIONES DE TRANSITO (CELULAR, PANTALLAS DE VIDEO, COMIDA, MAQUILLAJE O CUALQUIER OTRO ELEMENTO DISTRACTOR).",PERDIDA DE CARRIL,VEHICULO DEPORTIVO UTILITARIO,0,0,0,0,0,0,0,0,0,0,0,0,1,1,20,MUJER,LESIONADO,PASAJERO,NO,SI,3
27832,111228,111229,2021,0,0,-0.106767,-78.441933,PICHINCHA,QUITO,CALDERON (CARAPUNGO),RURAL,2021-09-27,09:50:00,9,LUNES,1,SEPTIEMBRE,9,NO,NO GUARDAR LA DISTANCIA LATERAL MINIMA DE SEGURIDAD ENTRE VEHICULOS.,ROZAMIENTOS,CAMION,1,0,0,1,0,0,0,0,0,0,0,0,0,2,31,HOMBRE,ILESO,CONDUCTOR PRESENTE,NO,NO,3
27833,111244,111245,2021,0,0,-0.245904,-78.491505,PICHINCHA,QUITO,QUITO,URBANA,2021-09-27,14:50:00,14,LUNES,1,SEPTIEMBRE,9,NO,CONDUCIR VEHICULO SUPERANDO LOS LIMITES MAXIMOS DE VELOCIDAD.,ESTRELLAMIENTOS,CAMIONETA,0,0,0,0,1,0,0,0,0,0,0,0,0,1,42,HOMBRE,ILESO,CONDUCTOR PRESENTE,NO,NO,1
27834,111264,111265,2021,1,0,-0.295639,-78.563971,PICHINCHA,QUITO,QUITO,URBANA,2021-09-27,18:50:00,18,LUNES,1,SEPTIEMBRE,9,NO,PEATON QUE CRUZA LA CALZADA SIN RESPETAR LA SENIALIZACION EXISTENTE (SEMAFOROS O SENIALES MANUALES).,ATROPELLOS,AUTOMOVIL,1,0,0,0,0,0,0,0,0,0,0,0,0,1,12,HOMBRE,LESIONADO,PEATON,NO,NO,1
27835,111266,111267,2021,0,0,-0.292724,-78.476486,PICHINCHA,QUITO,CONOCOTO,RURAL,2021-09-27,19:15:00,19,LUNES,1,SEPTIEMBRE,9,NO,REALIZAR CAMBIO BRUSCO O INDEBIDO DE CARRIL.,CHOQUE FRONTAL,AUTOMOVIL,1,0,0,0,1,0,0,0,0,0,0,0,0,2,25,HOMBRE,ILESO,CONDUCTOR PRESENTE,NO,NO,3
27836,111267,111268,2021,1,0,-0.230943,-78.495461,PICHINCHA,QUITO,QUITO,URBANA,2021-09-27,19:30:00,19,LUNES,1,SEPTIEMBRE,9,NO,NO TRANSITAR POR LAS ACERAS O ZONAS DE SEGURIDAD DESTINADAS PARA EL EFECTO.,ATROPELLOS,AUTOMOVIL,1,0,0,0,0,0,0,0,0,0,0,0,0,1,5,HOMBRE,LESIONADO,PEATON,NO,NO,1
27837,111271,111272,2021,2,0,-0.091166,-78.473788,PICHINCHA,QUITO,QUITO,URBANA,2021-09-27,20:29:00,20,LUNES,1,SEPTIEMBRE,9,NO,"NO RESPETAR LAS SENIALES REGLAMENTARIAS DE TRANSITO. (PARE, CEDA EL PASO, LUZ ROJA DEL SEMAFORO, ETC).",OTROS,AUTOMOVIL,1,0,0,0,0,0,0,0,0,1,0,0,0,2,58,MUJER,LESIONADO,PASAJERO,NO,NO,1
27838,111272,111273,2021,1,0,-0.084163,-78.418921,PICHINCHA,QUITO,CALDERON (CARAPUNGO),RURAL,2021-09-27,20:50:00,20,LUNES,1,SEPTIEMBRE,9,NO,NO CEDER EL DERECHO DE VIA O PREFERENCIA DE PASO A VEHICULOS.,CHOQUE LATERAL,AUTOMOVIL,1,0,0,0,0,0,0,0,1,0,0,0,0,2,7,HOMBRE,LESIONADO,PASAJERO,NO,NO,3
27839,111274,111275,2021,3,0,-0.245791,-78.519392,PICHINCHA,QUITO,QUITO,URBANA,2021-09-27,21:45:00,21,LUNES,1,SEPTIEMBRE,9,NO,"CONDUCE BAJO LA INFLUENCIA DE ALCOHOL, SUSTANCIAS ESTUPEFACIENTES O PSICOTROPICAS Y/O MEDICAMENTOS.",OTROS,MOTOCICLETA,1,0,0,0,0,0,0,0,2,0,0,0,0,3,27,MUJER,LESIONADO,PASAJERO,NO,NO,1
27840,111277,111278,2021,0,0,-0.242681,-78.497364,PICHINCHA,QUITO,QUITO,URBANA,2021-09-27,23:40:00,23,LUNES,1,SEPTIEMBRE,9,NO,"CONDUCIR DESATENTO A LAS CONDICIONES DE TRANSITO (CELULAR, PANTALLAS DE VIDEO, COMIDA, MAQUILLAJE O CUALQUIER OTRO ELEMENTO DISTRACTOR).",CHOQUE POSTERIOR,AUTOMOVIL,1,0,0,0,0,0,0,1,0,0,0,0,0,2,22,MUJER,ILESO,CONDUCTOR PRESENTE,NO,NO,1
27841,111286,111287,2021,1,0,-0.271358,-78.535029,PICHINCHA,QUITO,QUITO,URBANA,2021-09-28,07:00:00,7,MARTES,2,SEPTIEMBRE,9,NO,NO TRANSITAR POR LAS ACERAS O ZONAS DE SEGURIDAD DESTINADAS PARA EL EFECTO.,ARROLLAMIENTOS,CAMIONETA,0,0,0,0,1,0,0,0,0,0,0,0,0,1,71,MUJER,LESIONADO,PEATON,NO,NO,1
27842,111307,111308,2021,1,0,-0.176919,-78.477842,PICHINCHA,QUITO,QUITO,URBANA,2021-09-28,15:15:00,15,MARTES,2,SEPTIEMBRE,9,NO,NO CEDER EL DERECHO DE VIA O PREFERENCIA DE PASO A VEHICULOS.,CHOQUE LATERAL,AUTOMOVIL,2,0,0,0,0,0,0,0,0,0,0,0,0,2,34,MUJER,LESIONADO,PASAJERO,NO,NO,1
27843,111309,111310,2021,1,0,-0.257332,-78.532951,PICHINCHA,QUITO,QUITO,URBANA,2021-09-28,15:30:00,15,MARTES,2,SEPTIEMBRE,9,NO,"NO RESPETAR LAS SENIALES REGLAMENTARIAS DE TRANSITO. (PARE, CEDA EL PASO, LUZ ROJA DEL SEMAFORO, ETC).",CHOQUE LATERAL,MOTOCICLETA,0,0,0,1,0,0,0,0,1,0,0,0,0,2,20,HOMBRE,LESIONADO,CONDUCTOR PRESENTE,NO,NO,1
27844,111317,111318,2021,1,0,-0.488207,-78.569768,PICHINCHA,MEJIA,MACHACHI,RURAL,2021-09-28,19:10:00,19,MARTES,2,SEPTIEMBRE,9,NO,"CONDUCIR DESATENTO A LAS CONDICIONES DE TRANSITO (CELULAR, PANTALLAS DE VIDEO, COMIDA, MAQUILLAJE O CUALQUIER OTRO ELEMENTO DISTRACTOR).",PERDIDA DE CARRIL,NO IDENTIFICADO,0,0,0,0,0,0,0,0,0,1,0,0,0,1,32,HOMBRE,LESIONADO,CONDUCTOR PRESENTE,NO,SI,3
27845,111328,111329,2021,0,0,-0.197981,-78.495836,PICHINCHA,QUITO,QUITO,URBANA,2021-09-28,21:45:00,21,MARTES,2,SEPTIEMBRE,9,NO,"CONDUCE BAJO LA INFLUENCIA DE ALCOHOL, SUSTANCIAS ESTUPEFACIENTES O PSICOTROPICAS Y/O MEDICAMENTOS.",CHOQUE LATERAL,AUTOMOVIL,2,0,0,0,0,0,0,0,0,0,0,0,0,2,57,HOMBRE,ILESO,CONDUCTOR PRESENTE,NO,NO,1
27846,111329,111330,2021,0,0,-0.139611,-78.473846,PICHINCHA,QUITO,QUITO,URBANA,2021-09-28,22:15:00,22,MARTES,2,SEPTIEMBRE,9,NO,CONDUCIR VEHICULO SUPERANDO LOS LIMITES MAXIMOS DE VELOCIDAD.,ESTRELLAMIENTOS,AUTOMOVIL,1,0,0,0,0,0,0,0,0,1,0,0,0,2,31,HOMBRE,ILESO,CONDUCTOR PRESENTE,NO,NO,1
27847,111330,111331,2021,0,1,-0.216614,-78.504895,PICHINCHA,QUITO,QUITO,URBANA,2021-09-29,00:05:00,0,MIERCOLES,3,SEPTIEMBRE,9,NO,"CONDICIONES AMBIENTALES Y/O ATMOSFERICAS (NIEBLA, NEBLINA, GRANIZO, LLUVIA).",ATROPELLOS,NO IDENTIFICADO,0,0,0,0,0,0,0,0,0,1,0,0,0,1,30,HOMBRE,FALLECIDO,PEATON,NO,NO,1
27848,111343,111344,2021,0,0,-0.005163,-78.451261,PICHINCHA,QUITO,SAN ANTONIO (QUITO),RURAL,2021-09-29,08:34:00,8,MIERCOLES,3,SEPTIEMBRE,9,NO,REALIZAR CAMBIO BRUSCO O INDEBIDO DE CARRIL.,CHOQUE LATERAL,AUTOMOVIL,2,0,0,0,0,0,0,0,0,0,0,0,0,2,44,HOMBRE,ILESO,CONDUCTOR PRESENTE,NO,NO,3
27849,111346,111347,2021,1,0,-0.105877,-78.437542,PICHINCHA,QUITO,CALDERON (CARAPUNGO),RURAL,2021-09-29,08:52:00,8,MIERCOLES,3,SEPTIEMBRE,9,NO,CONDUCIR VEHICULO SUPERANDO LOS LIMITES MAXIMOS DE VELOCIDAD.,CHOQUE POSTERIOR,MOTOCICLETA,0,0,0,1,0,0,0,0,1,0,0,0,0,2,69,HOMBRE,LESIONADO,CONDUCTOR PRESENTE,NO,NO,3
27850,111348,111349,2021,0,0,-0.228216,-78.495243,PICHINCHA,QUITO,QUITO,URBANA,2021-09-29,09:15:00,9,MIERCOLES,3,SEPTIEMBRE,9,NO,CONDUCIR VEHICULO SUPERANDO LOS LIMITES MAXIMOS DE VELOCIDAD.,COLISION,AUTOMOVIL,2,0,1,0,0,0,0,0,0,0,0,0,0,3,29,HOMBRE,ILESO,CONDUCTOR PRESENTE,NO,NO,1
27851,111349,111350,2021,0,0,-0.228216,-78.495243,PICHINCHA,QUITO,QUITO,URBANA,2021-09-29,09:40:00,9,MIERCOLES,3,SEPTIEMBRE,9,NO,CONDUCIR VEHICULO SUPERANDO LOS LIMITES MAXIMOS DE VELOCIDAD.,COLISION,AUTOMOVIL,3,0,0,0,0,0,0,0,0,0,0,0,0,3,53,HOMBRE,ILESO,CONDUCTOR PRESENTE,NO,NO,1
27852,111362,111363,2021,0,1,-0.129724,-78.309086,PICHINCHA,QUITO,CHECA (CHILPA),RURAL,2021-09-29,13:40:00,13,MIERCOLES,3,SEPTIEMBRE,9,NO,"FALLA MECANICA EN LOS SISTEMAS Y/O NEUMATICOS (SISTEMA DE FRENOS, DIRECCION, ELECTRONICO O MECANICO).",ARROLLAMIENTOS,CAMION,0,0,0,1,0,0,0,0,0,0,0,0,0,1,37,HOMBRE,FALLECIDO,PEATON,NO,NO,3
27853,111367,111368,2021,0,0,-0.443351,-78.696653,PICHINCHA,MEJIA,ALOAG,RURAL,2021-09-29,16:30:00,16,MIERCOLES,3,SEPTIEMBRE,9,NO,NO MANTENER LA DISTANCIA PRUDENCIAL CON RESPECTO AL VEHICULO QUE LE ANTECEDE.,CHOQUE POSTERIOR,VEHICULO DEPORTIVO UTILITARIO,1,0,0,0,0,0,0,0,0,0,0,0,1,2,29,HOMBRE,ILESO,CONDUCTOR PRESENTE,NO,NO,3
27854,111375,111376,2021,1,0,-0.279539,-78.558061,PICHINCHA,QUITO,QUITO,URBANA,2021-09-29,18:20:00,18,MIERCOLES,3,SEPTIEMBRE,9,NO,PEATON QUE CRUZA LA CALZADA SIN RESPETAR LA SENIALIZACION EXISTENTE (SEMAFOROS O SENIALES MANUALES).,ATROPELLOS,AUTOMOVIL,1,0,0,0,0,0,0,0,0,0,0,0,0,1,89,MUJER,LESIONADO,PEATON,NO,NO,1
27855,111386,111387,2021,1,0,-0.287778,-78.491251,PICHINCHA,QUITO,CONOCOTO,RURAL,2021-09-29,21:00:00,21,MIERCOLES,3,SEPTIEMBRE,9,NO,REALIZAR CAMBIO BRUSCO O INDEBIDO DE CARRIL.,CHOQUE FRONTAL,MOTOCICLETA,0,0,0,0,0,0,0,0,1,1,0,0,0,2,38,HOMBRE,LESIONADO,CONDUCTOR PRESENTE,NO,NO,3
27856,111387,111388,2021,0,0,-0.292837,-78.542342,PICHINCHA,QUITO,QUITO,URBANA,2021-09-29,21:40:00,21,MIERCOLES,3,SEPTIEMBRE,9,NO,NO CEDER EL DERECHO DE VIA O PREFERENCIA DE PASO A VEHICULOS.,CHOQUE LATERAL,AUTOMOVIL,2,0,0,0,0,0,0,0,0,0,0,0,0,2,35,HOMBRE,ILESO,CONDUCTOR PRESENTE,NO,NO,1
27857,111388,111389,2021,0,0,-0.247365,-78.506891,PICHINCHA,QUITO,QUITO,URBANA,2021-09-29,21:57:00,21,MIERCOLES,3,SEPTIEMBRE,9,NO,"NO RESPETAR LAS SENIALES REGLAMENTARIAS DE TRANSITO. (PARE, CEDA EL PASO, LUZ ROJA DEL SEMAFORO, ETC).",OTROS,AUTOMOVIL,1,0,0,0,0,0,0,0,0,0,0,0,0,1,-1,NO IDENTIFICADO,NO IDENTIFICADO,CONDUCTOR AUSENTE,NO,NO,2
27858,111392,111393,2021,1,0,-0.209306,-78.492372,PICHINCHA,QUITO,QUITO,URBANA,2021-09-29,23:35:00,23,MIERCOLES,3,SEPTIEMBRE,9,NO,CONDUCIR VEHICULO SUPERANDO LOS LIMITES MAXIMOS DE VELOCIDAD.,ESTRELLAMIENTOS,AUTOMOVIL,1,0,0,0,0,0,0,0,0,0,0,0,0,1,16,HOMBRE,LESIONADO,PASAJERO,NO,NO,1
27859,111398,111399,2021,0,0,-0.247754,-78.518038,PICHINCHA,QUITO,QUITO,URBANA,2021-09-30,03:05:00,3,JUEVES,4,SEPTIEMBRE,9,NO,CONDUCIR VEHICULO SUPERANDO LOS LIMITES MAXIMOS DE VELOCIDAD.,ESTRELLAMIENTOS,AUTOMOVIL,1,0,0,0,0,0,0,0,0,0,0,0,0,1,46,MUJER,ILESO,PASAJERO,NO,NO,1
27860,111401,111402,2021,0,0,-0.279239,-78.552753,PICHINCHA,QUITO,QUITO,URBANA,2021-09-30,04:10:00,4,JUEVES,4,SEPTIEMBRE,9,NO,CONDUCIR VEHICULO SUPERANDO LOS LIMITES MAXIMOS DE VELOCIDAD.,OTROS,NO IDENTIFICADO,0,0,0,0,0,0,0,0,0,1,0,0,0,1,-1,NO IDENTIFICADO,NO IDENTIFICADO,CONDUCTOR AUSENTE,NO,NO,2
27861,111405,111406,2021,0,0,-0.297145,-78.574208,PICHINCHA,QUITO,QUITO,URBANA,2021-09-30,06:20:00,6,JUEVES,4,SEPTIEMBRE,9,NO,"NO RESPETAR LAS SENIALES REGLAMENTARIAS DE TRANSITO. (PARE, CEDA EL PASO, LUZ ROJA DEL SEMAFORO, ETC).",OTROS,AUTOMOVIL,1,0,0,0,0,0,0,0,0,0,0,0,0,1,-1,NO IDENTIFICADO,NO IDENTIFICADO,CONDUCTOR AUSENTE,NO,NO,2
27862,111414,111415,2021,0,0,-0.172951,-78.480394,PICHINCHA,QUITO,QUITO,URBANA,2021-09-30,10:00:00,10,JUEVES,4,SEPTIEMBRE,9,NO,"CONDICIONES AMBIENTALES Y/O ATMOSFERICAS (NIEBLA, NEBLINA, GRANIZO, LLUVIA).",CHOQUE POSTERIOR,AUTOMOVIL,2,0,0,0,0,0,0,0,0,0,0,0,0,2,44,HOMBRE,ILESO,CONDUCTOR PRESENTE,NO,NO,1
27863,111420,111421,2021,0,0,-0.239767,-78.510836,PICHINCHA,QUITO,QUITO,URBANA,2021-09-30,12:10:00,12,JUEVES,4,SEPTIEMBRE,9,NO,REALIZAR CAMBIO BRUSCO O INDEBIDO DE CARRIL.,ROZAMIENTOS,BUS,1,0,1,0,0,0,0,0,0,0,0,0,0,2,31,HOMBRE,ILESO,CONDUCTOR PRESENTE,NO,NO,1
27864,111423,111424,2021,0,0,-0.207652,-78.504704,PICHINCHA,QUITO,QUITO,URBANA,2021-09-30,14:00:00,14,JUEVES,4,SEPTIEMBRE,9,NO,"NO RESPETAR LAS SENIALES REGLAMENTARIAS DE TRANSITO. (PARE, CEDA EL PASO, LUZ ROJA DEL SEMAFORO, ETC).",CHOQUE LATERAL,AUTOMOVIL,1,0,0,1,0,0,0,0,0,0,0,0,0,2,33,MUJER,ILESO,CONDUCTOR PRESENTE,NO,NO,1
27865,111439,111440,2021,0,0,-0.241311,-78.518611,PICHINCHA,QUITO,QUITO,URBANA,2021-09-30,17:00:00,17,JUEVES,4,SEPTIEMBRE,9,NO,"CONDUCE BAJO LA INFLUENCIA DE ALCOHOL, SUSTANCIAS ESTUPEFACIENTES O PSICOTROPICAS Y/O MEDICAMENTOS.",COLISION,AUTOMOVIL,3,0,0,0,0,0,0,0,0,0,0,0,0,3,0,MUJER,ILESO,PASAJERO,NO,NO,1
27866,111442,111443,2021,1,0,-0.247627,-78.484141,PICHINCHA,QUITO,QUITO,URBANA,2021-09-30,17:30:00,17,JUEVES,4,SEPTIEMBRE,9,NO,"CONDICIONES AMBIENTALES Y/O ATMOSFERICAS (NIEBLA, NEBLINA, GRANIZO, LLUVIA).",CHOQUE POSTERIOR,AUTOMOVIL,2,0,0,0,0,0,0,0,0,0,0,0,0,2,31,MUJER,LESIONADO,CONDUCTOR PRESENTE,NO,NO,1
27867,111446,111447,2021,2,0,-0.100208,-78.483444,PICHINCHA,QUITO,QUITO,URBANA,2021-09-30,18:45:00,18,JUEVES,4,SEPTIEMBRE,9,NO,"CONDUCE BAJO LA INFLUENCIA DE ALCOHOL, SUSTANCIAS ESTUPEFACIENTES O PSICOTROPICAS Y/O MEDICAMENTOS.",CHOQUE POSTERIOR,MOTOCICLETA,0,1,0,0,0,0,0,0,1,0,0,0,0,2,31,HOMBRE,LESIONADO,CONDUCTOR PRESENTE,NO,NO,1
27868,111449,111450,2021,1,0,-0.224409,-78.513783,PICHINCHA,QUITO,QUITO,URBANA,2021-09-30,20:15:00,20,JUEVES,4,SEPTIEMBRE,9,NO,"CONDUCE BAJO LA INFLUENCIA DE ALCOHOL, SUSTANCIAS ESTUPEFACIENTES O PSICOTROPICAS Y/O MEDICAMENTOS.",ATROPELLOS,MOTOCICLETA,0,0,0,0,0,0,0,0,1,0,0,0,0,1,44,MUJER,LESIONADO,PEATON,NO,NO,1
27869,111450,111451,2021,0,0,-0.188478,-78.447371,PICHINCHA,QUITO,NAYON,RURAL,2021-09-30,20:45:00,20,JUEVES,4,SEPTIEMBRE,9,NO,"CONDICIONES AMBIENTALES Y/O ATMOSFERICAS (NIEBLA, NEBLINA, GRANIZO, LLUVIA).",PERDIDA DE CARRIL,AUTOMOVIL,1,0,0,0,0,0,0,0,0,0,0,0,0,1,45,HOMBRE,ILESO,CONDUCTOR PRESENTE,NO,NO,3
27870,111454,111455,2021,0,0,-0.153141,-78.496841,PICHINCHA,QUITO,QUITO,URBANA,2021-09-30,23:10:00,23,JUEVES,4,SEPTIEMBRE,9,NO,"CONDICIONES AMBIENTALES Y/O ATMOSFERICAS (NIEBLA, NEBLINA, GRANIZO, LLUVIA).",ESTRELLAMIENTOS,AUTOMOVIL,1,0,0,0,0,0,0,0,0,0,0,0,0,1,-1,NO IDENTIFICADO,NO IDENTIFICADO,CONDUCTOR AUSENTE,NO,NO,2
27871,111458,111459,2021,0,0,-0.083277,-78.424499,PICHINCHA,QUITO,CALDERON (CARAPUNGO),URBANA,2021-10-01,00:30:00,0,VIERNES,5,OCTUBRE,10,NO,CONDUCIR VEHICULO SUPERANDO LOS LIMITES MAXIMOS DE VELOCIDAD.,ESTRELLAMIENTOS,AUTOMOVIL,1,0,0,0,0,0,0,0,0,0,0,0,0,1,-1,NO IDENTIFICADO,NO IDENTIFICADO,CONDUCTOR AUSENTE,NO,NO,2
27872,111459,111460,2021,0,0,-0.271156,-78.536664,PICHINCHA,QUITO,QUITO,URBANA,2021-10-01,01:05:00,1,VIERNES,5,OCTUBRE,10,NO,"NO RESPETAR LAS SENIALES REGLAMENTARIAS DE TRANSITO. (PARE, CEDA EL PASO, LUZ ROJA DEL SEMAFORO, ETC).",CHOQUE POSTERIOR,AUTOMOVIL,1,0,0,0,0,0,0,0,0,1,0,0,0,2,26,HOMBRE,ILESO,CONDUCTOR PRESENTE,NO,NO,1
27873,111469,111470,2021,0,0,-0.203056,-78.458398,PICHINCHA,QUITO,QUITO,RURAL,2021-10-01,06:30:00,6,VIERNES,5,OCTUBRE,10,NO,CONDUCIR VEHICULO SUPERANDO LOS LIMITES MAXIMOS DE VELOCIDAD.,ESTRELLAMIENTOS,AUTOMOVIL,1,0,0,0,0,0,0,0,0,0,0,0,0,1,24,HOMBRE,ILESO,CONDUCTOR PRESENTE,NO,NO,3
27874,111474,111475,2021,2,0,-0.258972,-78.529889,PICHINCHA,QUITO,QUITO,URBANA,2021-10-01,08:40:00,8,VIERNES,5,OCTUBRE,10,NO,NO GUARDAR LA DISTANCIA LATERAL MINIMA DE SEGURIDAD ENTRE VEHICULOS.,ROZAMIENTOS,AUTOMOVIL,1,0,0,0,0,0,0,0,1,0,0,0,0,2,21,HOMBRE,LESIONADO,CONDUCTOR PRESENTE,SI,NO,1
27875,111482,111483,2021,1,0,-0.142041,-78.443217,PICHINCHA,QUITO,LLANO CHICO,URBANA,2021-10-01,11:10:00,11,VIERNES,5,OCTUBRE,10,NO,NO CEDER EL DERECHO DE VIA O PREFERENCIA DE PASO A VEHICULOS.,CHOQUE LATERAL,CAMION,0,0,0,1,0,0,0,0,1,0,0,0,0,2,24,HOMBRE,LESIONADO,CONDUCTOR PRESENTE,SI,NO,1
27876,111484,111485,2021,0,0,-0.262722,-78.538106,PICHINCHA,QUITO,QUITO,URBANA,2021-10-01,11:30:00,11,VIERNES,5,OCTUBRE,10,NO,"CONDUCE BAJO LA INFLUENCIA DE ALCOHOL, SUSTANCIAS ESTUPEFACIENTES O PSICOTROPICAS Y/O MEDICAMENTOS.",CHOQUE LATERAL,AUTOMOVIL,2,0,0,0,0,0,0,0,0,0,0,0,0,2,31,HOMBRE,ILESO,CONDUCTOR PRESENTE,NO,NO,1
27877,111494,111495,2021,0,0,-0.142041,-78.443217,PICHINCHA,QUITO,LLANO CHICO,URBANA,2021-10-01,15:35:00,15,VIERNES,5,OCTUBRE,10,NO,"CONDICIONES AMBIENTALES Y/O ATMOSFERICAS (NIEBLA, NEBLINA, GRANIZO, LLUVIA).",CHOQUE POSTERIOR,BUS,0,0,1,0,1,0,0,0,0,0,0,0,0,2,65,HOMBRE,ILESO,CONDUCTOR PRESENTE,NO,NO,1
27878,111502,111503,2021,0,0,-0.264776,-78.487404,PICHINCHA,QUITO,CONOCOTO,RURAL,2021-10-01,17:10:00,17,VIERNES,5,OCTUBRE,10,NO,"CONDUCIR DESATENTO A LAS CONDICIONES DE TRANSITO (CELULAR, PANTALLAS DE VIDEO, COMIDA, MAQUILLAJE O CUALQUIER OTRO ELEMENTO DISTRACTOR).",CHOQUE POSTERIOR,CAMIONETA,1,0,0,0,1,0,0,0,0,0,0,0,1,3,57,HOMBRE,ILESO,CONDUCTOR PRESENTE,NO,SI,3