,Unnamed: 0,ID,ANIO,LESIONADOS,FALLECIDOS,LATITUD_Y,LONGITUD_X,PROVINCIA,CANTON,PARROQUIA,ZONA,FECHA,HORA,PERIODO_2,DIA_1,DIA_2,MES_1,MES_2,FERIADO,CAUSA_PROBABLE,TIPO_DE_SINIESTRO,TIPO_DE_VEHICULO_1,AUTOMOVIL,BICICLETA,BUS,CAMION,CAMIONETA,EMERGENCIAS,ESPECIAL,FURGONETA,MOTOCICLETA,NO_IDENTIFICADO,SCOOTER_ELECTRICO,TRICIMOTO,VEHICULO_DEPORTIVO_UTILITARIO,SUMA_DE_VEHICULOS,EDAD_1,SEXO_1,CONDICION_1,PARTICIPANTE_1,CASCO_1,CINTURON_1,KMeans_Cluster
27879,111507,111508,2021,0,0,-0.002221,-78.454385,PICHINCHA,QUITO,SAN ANTONIO (QUITO),RURAL,2021-10-01,18:20:00,18,VIERNES,5,OCTUBRE,10,NO,NO CEDER EL DERECHO DE VIA O PREFERENCIA DE PASO A VEHICULOS.,CHOQUE LATERAL,CAMIONETA,1,0,0,0,1,0,0,0,0,0,0,0,0,2,60,HOMBRE,ILESO,CONDUCTOR PRESENTE,NO,NO,3
27880,111509,111510,2021,1,0,-0.084415,-78.509429,PICHINCHA,QUITO,QUITO,URBANA,2021-10-01,19:00:00,19,VIERNES,5,OCTUBRE,10,NO,NO CEDER EL DERECHO DE VIA O PREFERENCIA DE PASO A VEHICULOS.,CHOQUE LATERAL,AUTOMOVIL,1,0,0,0,0,0,0,0,1,0,0,0,0,2,22,HOMBRE,LESIONADO,CONDUCTOR PRESENTE,SI,NO,1
27881,111512,111513,2021,0,0,-0.202543,-78.494032,PICHINCHA,QUITO,QUITO,URBANA,2021-10-01,19:30:00,19,VIERNES,5,OCTUBRE,10,NO,CONDUCIR VEHICULO SUPERANDO LOS LIMITES MAXIMOS DE VELOCIDAD.,ESTRELLAMIENTOS,FURGONETA,0,0,0,0,0,0,0,1,0,0,0,0,0,1,-1,NO IDENTIFICADO,NO IDENTIFICADO,CONDUCTOR AUSENTE,NO,NO,2
27882,111515,111516,2021,0,0,-0.232254,-78.505317,PICHINCHA,QUITO,QUITO,URBANA,2021-10-01,20:00:00,20,VIERNES,5,OCTUBRE,10,NO,"CONDICIONES AMBIENTALES Y/O ATMOSFERICAS (NIEBLA, NEBLINA, GRANIZO, LLUVIA).",CHOQUE LATERAL,AUTOMOVIL,2,0,0,0,0,0,0,0,0,0,0,0,0,2,38,HOMBRE,ILESO,CONDUCTOR PRESENTE,NO,NO,1
27883,111518,111519,2021,0,0,-0.237474,-78.484642,PICHINCHA,QUITO,QUITO,URBANA,2021-10-01,20:30:00,20,VIERNES,5,OCTUBRE,10,NO,"CONDUCE BAJO LA INFLUENCIA DE ALCOHOL, SUSTANCIAS ESTUPEFACIENTES O PSICOTROPICAS Y/O MEDICAMENTOS.",COLISION,AUTOMOVIL,2,0,0,0,0,0,0,0,0,1,0,0,0,3,46,HOMBRE,ILESO,CONDUCTOR PRESENTE,NO,NO,1
27884,111519,111520,2021,0,1,-0.387753,-78.516517,PICHINCHA,QUITO,AMAGUANIA,RURAL,2021-10-01,21:00:00,21,VIERNES,5,OCTUBRE,10,NO,"CONDUCIR DESATENTO A LAS CONDICIONES DE TRANSITO (CELULAR, PANTALLAS DE VIDEO, COMIDA, MAQUILLAJE O CUALQUIER OTRO ELEMENTO DISTRACTOR).",ATROPELLOS,CAMIONETA,0,0,0,0,1,0,0,0,0,0,0,0,0,1,40,HOMBRE,FALLECIDO,PEATON,NO,SI,3
27885,111540,111541,2021,0,0,-0.144534,-78.475574,PICHINCHA,QUITO,QUITO,URBANA,2021-10-02,00:42:00,0,SABADO,6,OCTUBRE,10,NO,CONDUCIR VEHICULO SUPERANDO LOS LIMITES MAXIMOS DE VELOCIDAD.,ESTRELLAMIENTOS,AUTOMOVIL,1,0,0,0,0,0,0,0,0,0,0,0,0,1,-1,NO IDENTIFICADO,NO IDENTIFICADO,CONDUCTOR AUSENTE,NO,NO,2
27886,111551,111552,2021,0,0,-0.243582,-78.518611,PICHINCHA,QUITO,QUITO,URBANA,2021-10-02,04:30:00,4,SABADO,6,OCTUBRE,10,NO,CONDUCIR VEHICULO SUPERANDO LOS LIMITES MAXIMOS DE VELOCIDAD.,ESTRELLAMIENTOS,AUTOMOVIL,1,0,0,0,0,0,0,0,0,0,0,0,0,1,-1,NO IDENTIFICADO,NO IDENTIFICADO,CONDUCTOR AUSENTE,NO,NO,2
27887,111552,111553,2021,0,0,-0.268534,-78.551576,PICHINCHA,QUITO,QUITO,URBANA,2021-10-02,05:00:00,5,SABADO,6,OCTUBRE,10,NO,CONDUCIR VEHICULO SUPERANDO LOS LIMITES MAXIMOS DE VELOCIDAD.,ESTRELLAMIENTOS,AUTOMOVIL,1,0,0,0,0,0,0,0,0,0,0,0,0,1,-1,NO IDENTIFICADO,NO IDENTIFICADO,CONDUCTOR AUSENTE,NO,NO,2
27888,111555,111556,2021,2,0,-0.245705,-78.519529,PICHINCHA,QUITO,QUITO,URBANA,2021-10-02,05:20:00,5,SABADO,6,OCTUBRE,10,NO,"CONDUCE BAJO LA INFLUENCIA DE ALCOHOL, SUSTANCIAS ESTUPEFACIENTES O PSICOTROPICAS Y/O MEDICAMENTOS.",CHOQUE FRONTAL,AUTOMOVIL,2,0,0,0,0,0,0,0,0,0,0,0,0,2,25,HOMBRE,LESIONADO,CONDUCTOR PRESENTE,NO,NO,1
27889,111559,111560,2021,0,0,-0.116769,-78.473429,PICHINCHA,QUITO,QUITO,URBANA,2021-10-02,06:05:00,6,SABADO,6,OCTUBRE,10,NO,CONDUCIR VEHICULO SUPERANDO LOS LIMITES MAXIMOS DE VELOCIDAD.,ESTRELLAMIENTOS,AUTOMOVIL,1,0,0,0,0,0,0,0,0,0,0,0,0,1,-1,NO IDENTIFICADO,NO IDENTIFICADO,CONDUCTOR AUSENTE,NO,NO,2
27890,111561,111562,2021,0,1,-0.244339,-78.500871,PICHINCHA,QUITO,QUITO,URBANA,2021-10-02,06:30:00,6,SABADO,6,OCTUBRE,10,NO,NO TRANSITAR POR LAS ACERAS O ZONAS DE SEGURIDAD DESTINADAS PARA EL EFECTO.,ARROLLAMIENTOS,CAMION,0,0,0,1,0,0,0,0,0,0,0,0,0,1,23,HOMBRE,FALLECIDO,PEATON,NO,NO,1
27891,111564,111565,2021,0,0,-0.181682,-78.455414,PICHINCHA,QUITO,QUITO,URBANA,2021-10-02,08:20:00,8,SABADO,6,OCTUBRE,10,NO,"CONDICIONES AMBIENTALES Y/O ATMOSFERICAS (NIEBLA, NEBLINA, GRANIZO, LLUVIA).",OTROS,CAMIONETA,2,0,0,0,1,0,0,0,0,0,0,0,0,3,26,HOMBRE,ILESO,CONDUCTOR PRESENTE,NO,NO,1
27892,111567,111568,2021,0,0,-0.252168,-78.539221,PICHINCHA,QUITO,QUITO,URBANA,2021-10-02,08:30:00,8,SABADO,6,OCTUBRE,10,NO,"NO RESPETAR LAS SENIALES REGLAMENTARIAS DE TRANSITO. (PARE, CEDA EL PASO, LUZ ROJA DEL SEMAFORO, ETC).",CHOQUE LATERAL,AUTOMOVIL,2,0,0,0,0,0,0,0,0,0,0,0,0,2,34,HOMBRE,ILESO,CONDUCTOR PRESENTE,NO,NO,1
27893,111574,111575,2021,0,0,-0.233482,-78.513925,PICHINCHA,QUITO,QUITO,URBANA,2021-10-02,10:00:00,10,SABADO,6,OCTUBRE,10,NO,"CONDICIONES AMBIENTALES Y/O ATMOSFERICAS (NIEBLA, NEBLINA, GRANIZO, LLUVIA).",VOLCAMIENTOS,CAMION,0,0,0,1,0,0,0,0,0,0,0,0,0,1,41,HOMBRE,ILESO,CONDUCTOR PRESENTE,NO,NO,1
27894,111578,111579,2021,0,0,-0.101492,-78.468991,PICHINCHA,QUITO,QUITO,URBANA,2021-10-02,11:25:00,11,SABADO,6,OCTUBRE,10,NO,NO MANTENER LA DISTANCIA PRUDENCIAL CON RESPECTO AL VEHICULO QUE LE ANTECEDE.,CHOQUE POSTERIOR,AUTOMOVIL,2,0,0,0,0,0,0,0,0,0,0,0,0,2,24,MUJER,ILESO,CONDUCTOR PRESENTE,NO,NO,1
27895,111590,111591,2021,0,1,-0.288772,-78.566601,PICHINCHA,QUITO,QUITO,URBANA,2021-10-02,15:00:00,15,SABADO,6,OCTUBRE,10,NO,"FALLA MECANICA EN LOS SISTEMAS Y/O NEUMATICOS (SISTEMA DE FRENOS, DIRECCION, ELECTRONICO O MECANICO).",OTROS,ESPECIAL,0,0,0,0,0,0,1,0,0,0,0,0,0,1,47,HOMBRE,FALLECIDO,PEATON,NO,NO,1
27896,111591,111592,2021,2,0,-0.123372,-78.482652,PICHINCHA,QUITO,QUITO,URBANA,2021-10-02,15:30:00,15,SABADO,6,OCTUBRE,10,NO,NO CEDER EL DERECHO DE VIA O PREFERENCIA DE PASO A VEHICULOS.,CHOQUE LATERAL,CAMIONETA,0,0,0,0,1,0,0,0,1,0,0,0,0,2,26,HOMBRE,LESIONADO,CONDUCTOR PRESENTE,SI,NO,1
27897,111599,111600,2021,0,0,-0.197826,-78.466466,PICHINCHA,QUITO,QUITO,RURAL,2021-10-02,17:45:00,17,SABADO,6,OCTUBRE,10,NO,"FALLA MECANICA EN LOS SISTEMAS Y/O NEUMATICOS (SISTEMA DE FRENOS, DIRECCION, ELECTRONICO O MECANICO).",ESTRELLAMIENTOS,AUTOMOVIL,1,0,0,0,0,0,0,0,0,0,0,0,0,1,53,HOMBRE,ILESO,CONDUCTOR PRESENTE,NO,NO,3
27898,111600,111601,2021,1,1,-0.185623,-78.343085,PICHINCHA,QUITO,TABABELA,URBANA,2021-10-02,18:00:00,18,SABADO,6,OCTUBRE,10,NO,CONDUCIR VEHICULO SUPERANDO LOS LIMITES MAXIMOS DE VELOCIDAD.,ESTRELLAMIENTOS,AUTOMOVIL,1,0,0,0,0,0,0,0,0,0,0,0,0,1,36,MUJER,FALLECIDO,PASAJERO,NO,NO,1
27899,111602,111603,2021,0,0,-0.318256,-78.557591,PICHINCHA,QUITO,QUITO,URBANA,2021-10-02,18:40:00,18,SABADO,6,OCTUBRE,10,NO,"CONDUCE BAJO LA INFLUENCIA DE ALCOHOL, SUSTANCIAS ESTUPEFACIENTES O PSICOTROPICAS Y/O MEDICAMENTOS.",CHOQUE LATERAL,AUTOMOVIL,2,0,0,0,0,0,0,0,0,0,0,0,0,2,34,HOMBRE,ILESO,CONDUCTOR PRESENTE,NO,NO,1
27900,111609,111610,2021,1,0,-0.198714,-78.484273,PICHINCHA,QUITO,QUITO,URBANA,2021-10-02,19:35:00,19,SABADO,6,OCTUBRE,10,NO,PEATON QUE CRUZA LA CALZADA SIN RESPETAR LA SENIALIZACION EXISTENTE (SEMAFOROS O SENIALES MANUALES).,ATROPELLOS,AUTOMOVIL,1,0,0,0,0,0,0,0,0,0,0,0,0,1,44,HOMBRE,LESIONADO,PEATON,NO,NO,1
27901,111610,111611,2021,1,0,-0.109369,-78.458751,PICHINCHA,QUITO,CALDERON (CARAPUNGO),URBANA,2021-10-02,19:45:00,19,SABADO,6,OCTUBRE,10,NO,CONDUCIR VEHICULO SUPERANDO LOS LIMITES MAXIMOS DE VELOCIDAD.,PERDIDA DE CARRIL,MOTOCICLETA,0,0,0,0,0,0,0,0,1,0,0,0,0,1,31,HOMBRE,LESIONADO,PASAJERO,SI,NO,1
27902,111622,111623,2021,0,0,-0.231349,-78.492354,PICHINCHA,QUITO,QUITO,URBANA,2021-10-03,00:01:00,0,DOMINGO,7,OCTUBRE,10,NO,CONDUCIR VEHICULO SUPERANDO LOS LIMITES MAXIMOS DE VELOCIDAD.,ESTRELLAMIENTOS,AUTOMOVIL,1,0,0,0,0,0,0,0,0,0,0,0,0,1,-1,NO IDENTIFICADO,NO IDENTIFICADO,CONDUCTOR AUSENTE,NO,NO,2
27903,111623,111624,2021,1,0,-0.245278,-78.498167,PICHINCHA,QUITO,QUITO,URBANA,2021-10-03,00:01:00,0,DOMINGO,7,OCTUBRE,10,NO,CONDUCIR VEHICULO SUPERANDO LOS LIMITES MAXIMOS DE VELOCIDAD.,VOLCAMIENTOS,MOTOCICLETA,0,0,0,0,0,0,0,0,1,0,0,0,0,1,30,HOMBRE,LESIONADO,CONDUCTOR PRESENTE,SI,NO,1
27904,111625,111626,2021,2,0,-0.506362,-78.561531,PICHINCHA,MEJIA,MACHACHI,URBANA,2021-10-03,00:10:00,0,DOMINGO,7,OCTUBRE,10,NO,"CONDUCE BAJO LA INFLUENCIA DE ALCOHOL, SUSTANCIAS ESTUPEFACIENTES O PSICOTROPICAS Y/O MEDICAMENTOS.",ATROPELLOS,VEHICULO DEPORTIVO UTILITARIO,0,0,0,0,0,0,0,0,0,0,0,0,1,1,23,HOMBRE,LESIONADO,PEATON,NO,SI,1
27905,111627,111628,2021,1,0,-0.299348,-78.542062,PICHINCHA,QUITO,QUITO,URBANA,2021-10-03,00:30:00,0,DOMINGO,7,OCTUBRE,10,NO,"CONDUCE BAJO LA INFLUENCIA DE ALCOHOL, SUSTANCIAS ESTUPEFACIENTES O PSICOTROPICAS Y/O MEDICAMENTOS.",ESTRELLAMIENTOS,AUTOMOVIL,2,0,0,0,0,0,0,0,0,0,0,0,0,2,28,MUJER,LESIONADO,PASAJERO,NO,NO,1
27906,111632,111633,2021,2,0,-0.089185,-78.428042,PICHINCHA,QUITO,CALDERON (CARAPUNGO),URBANA,2021-10-03,01:40:00,1,DOMINGO,7,OCTUBRE,10,NO,"CONDUCE BAJO LA INFLUENCIA DE ALCOHOL, SUSTANCIAS ESTUPEFACIENTES O PSICOTROPICAS Y/O MEDICAMENTOS.",CHOQUE LATERAL,AUTOMOVIL,2,0,0,0,0,0,0,0,0,0,0,0,0,2,20,HOMBRE,LESIONADO,CONDUCTOR PRESENTE,NO,NO,1
27907,111633,111634,2021,0,0,-0.289998,-78.476392,PICHINCHA,QUITO,CONOCOTO,URBANA,2021-10-03,01:45:00,1,DOMINGO,7,OCTUBRE,10,NO,"CONDUCE BAJO LA INFLUENCIA DE ALCOHOL, SUSTANCIAS ESTUPEFACIENTES O PSICOTROPICAS Y/O MEDICAMENTOS.",ROZAMIENTOS,AUTOMOVIL,2,0,0,0,0,0,0,0,0,0,0,0,0,2,55,HOMBRE,ILESO,CONDUCTOR PRESENTE,NO,NO,1
27908,111634,111635,2021,0,0,-0.340151,-78.433985,PICHINCHA,RUMINIAHUI,SANGOLQUI,RURAL,2021-10-03,02:00:00,2,DOMINGO,7,OCTUBRE,10,NO,"CONDUCE BAJO LA INFLUENCIA DE ALCOHOL, SUSTANCIAS ESTUPEFACIENTES O PSICOTROPICAS Y/O MEDICAMENTOS.",CHOQUE LATERAL,AUTOMOVIL,2,0,0,0,0,0,0,0,0,0,0,0,0,2,37,HOMBRE,ILESO,CONDUCTOR PRESENTE,NO,SI,3
27909,111636,111637,2021,5,0,-0.375711,-78.499051,PICHINCHA,QUITO,AMAGUANIA,RURAL,2021-10-03,02:40:00,2,DOMINGO,7,OCTUBRE,10,NO,CONDUCIR EN SENTIDO CONTRARIO A LA VIA NORMAL DE CIRCULACION.,CHOQUE FRONTAL,VEHICULO DEPORTIVO UTILITARIO,0,0,0,0,1,0,0,0,0,0,0,0,1,2,25,HOMBRE,LESIONADO,CONDUCTOR PRESENTE,NO,SI,3
27910,111638,111639,2021,0,0,-0.176549,-78.481391,PICHINCHA,QUITO,QUITO,URBANA,2021-10-03,02:50:00,2,DOMINGO,7,OCTUBRE,10,NO,CONDUCIR VEHICULO SUPERANDO LOS LIMITES MAXIMOS DE VELOCIDAD.,CHOQUE POSTERIOR,AUTOMOVIL,2,0,0,0,0,0,0,0,0,0,0,0,0,2,30,HOMBRE,ILESO,CONDUCTOR PRESENTE,NO,NO,1
27911,111652,111653,2021,3,0,-0.203056,-78.458398,PICHINCHA,QUITO,QUITO,RURAL,2021-10-03,06:00:00,6,DOMINGO,7,OCTUBRE,10,NO,"CONDUCE BAJO LA INFLUENCIA DE ALCOHOL, SUSTANCIAS ESTUPEFACIENTES O PSICOTROPICAS Y/O MEDICAMENTOS.",CHOQUE POSTERIOR,AUTOMOVIL,2,0,0,0,0,0,0,0,0,0,0,0,0,2,35,HOMBRE,LESIONADO,CONDUCTOR PRESENTE,NO,NO,3
27912,111653,111654,2021,0,0,-0.140017,-78.501191,PICHINCHA,QUITO,QUITO,URBANA,2021-10-03,06:30:00,6,DOMINGO,7,OCTUBRE,10,NO,"CONDUCIR EN ESTADO DE SOMNOLENCIA O MALAS CONDICIONES FISICAS (SUENIO, CANSANCIO Y FATIGA).",ESTRELLAMIENTOS,AUTOMOVIL,1,0,0,0,0,0,0,0,0,0,0,0,0,1,31,HOMBRE,ILESO,CONDUCTOR PRESENTE,NO,NO,1
27913,111662,111663,2021,1,0,-0.129461,-78.476388,PICHINCHA,QUITO,QUITO,URBANA,2021-10-03,08:20:00,8,DOMINGO,7,OCTUBRE,10,NO,PEATON QUE CRUZA LA CALZADA SIN RESPETAR LA SENIALIZACION EXISTENTE (SEMAFOROS O SENIALES MANUALES).,ATROPELLOS,AUTOMOVIL,1,0,0,0,0,0,0,0,0,0,0,0,0,1,67,HOMBRE,LESIONADO,PEATON,NO,NO,1
27914,111664,111665,2021,0,0,-0.267499,-78.541027,PICHINCHA,QUITO,QUITO,URBANA,2021-10-03,09:00:00,9,DOMINGO,7,OCTUBRE,10,NO,CONDUCIR VEHICULO SUPERANDO LOS LIMITES MAXIMOS DE VELOCIDAD.,OTROS,AUTOMOVIL,1,0,0,0,0,0,0,0,0,0,0,0,0,1,-1,NO IDENTIFICADO,NO IDENTIFICADO,CONDUCTOR AUSENTE,NO,NO,2
27915,111665,111666,2021,1,0,-0.163916,-78.464441,PICHINCHA,QUITO,QUITO,URBANA,2021-10-03,09:35:00,9,DOMINGO,7,OCTUBRE,10,NO,REALIZAR CAMBIO BRUSCO O INDEBIDO DE CARRIL.,CHOQUE LATERAL,MOTOCICLETA,1,0,0,0,0,0,0,0,1,0,0,0,0,2,40,HOMBRE,LESIONADO,CONDUCTOR PRESENTE,SI,NO,1
27916,111669,111670,2021,2,0,-0.229072,-78.525514,PICHINCHA,QUITO,QUITO,URBANA,2021-10-03,11:20:00,11,DOMINGO,7,OCTUBRE,10,NO,CONDUCIR VEHICULO SUPERANDO LOS LIMITES MAXIMOS DE VELOCIDAD.,OTROS,CAMIONETA,0,0,0,0,1,0,0,0,0,0,0,0,0,1,33,HOMBRE,LESIONADO,CONDUCTOR PRESENTE,NO,NO,1
27917,111682,111683,2021,0,0,-0.280955,-78.548788,PICHINCHA,QUITO,QUITO,URBANA,2021-10-03,16:00:00,16,DOMINGO,7,OCTUBRE,10,NO,"NO RESPETAR LAS SENIALES REGLAMENTARIAS DE TRANSITO. (PARE, CEDA EL PASO, LUZ ROJA DEL SEMAFORO, ETC).",CHOQUE POSTERIOR,AUTOMOVIL,2,0,0,0,0,0,0,0,0,0,0,0,0,2,33,HOMBRE,ILESO,CONDUCTOR PRESENTE,NO,NO,1
27918,111686,111687,2021,1,0,-0.113215,-78.478989,PICHINCHA,QUITO,QUITO,URBANA,2021-10-03,16:55:00,16,DOMINGO,7,OCTUBRE,10,NO,"CONDUCIR EN ESTADO DE SOMNOLENCIA O MALAS CONDICIONES FISICAS (SUENIO, CANSANCIO Y FATIGA).",OTROS,AUTOMOVIL,1,0,0,0,0,0,0,0,0,0,0,0,0,1,27,HOMBRE,LESIONADO,CONDUCTOR PRESENTE,NO,NO,1
27919,111692,111693,2021,0,0,-0.317898,-78.535609,PICHINCHA,QUITO,QUITO,URBANA,2021-10-03,17:30:00,17,DOMINGO,7,OCTUBRE,10,NO,CONDUCIR VEHICULO SUPERANDO LOS LIMITES MAXIMOS DE VELOCIDAD.,ESTRELLAMIENTOS,CAMIONETA,0,0,0,0,1,0,0,0,0,0,0,0,0,1,-1,NO IDENTIFICADO,NO IDENTIFICADO,CONDUCTOR AUSENTE,NO,NO,2
27920,111695,111696,2021,1,0,-0.091585,-78.439052,PICHINCHA,QUITO,CALDERON (CARAPUNGO),URBANA,2021-10-03,18:30:00,18,DOMINGO,7,OCTUBRE,10,NO,"CONDUCE BAJO LA INFLUENCIA DE ALCOHOL, SUSTANCIAS ESTUPEFACIENTES O PSICOTROPICAS Y/O MEDICAMENTOS.",ATROPELLOS,MOTOCICLETA,0,0,0,0,0,0,0,0,1,0,0,0,0,1,21,MUJER,LESIONADO,PEATON,NO,NO,1
27921,111700,111701,2021,0,0,-0.204095,-78.458081,PICHINCHA,QUITO,QUITO,RURAL,2021-10-03,20:15:00,20,DOMINGO,7,OCTUBRE,10,NO,CONDUCIR VEHICULO SUPERANDO LOS LIMITES MAXIMOS DE VELOCIDAD.,ESTRELLAMIENTOS,AUTOMOVIL,1,0,0,0,0,0,0,0,0,0,0,0,0,1,24,HOMBRE,ILESO,CONDUCTOR PRESENTE,NO,NO,3
27922,111705,111706,2021,0,0,-0.309753,-78.552531,PICHINCHA,QUITO,QUITO,URBANA,2021-10-03,20:50:00,20,DOMINGO,7,OCTUBRE,10,NO,REALIZAR CAMBIO BRUSCO O INDEBIDO DE CARRIL.,CHOQUE LATERAL,MOTOCICLETA,1,0,0,0,0,0,0,0,1,0,0,0,0,2,27,HOMBRE,ILESO,CONDUCTOR PRESENTE,SI,NO,1
27923,111708,111709,2021,0,0,-0.202613,-78.488679,PICHINCHA,QUITO,QUITO,URBANA,2021-10-03,21:30:00,21,DOMINGO,7,OCTUBRE,10,NO,"CONDUCE BAJO LA INFLUENCIA DE ALCOHOL, SUSTANCIAS ESTUPEFACIENTES O PSICOTROPICAS Y/O MEDICAMENTOS.",CHOQUE LATERAL,AUTOMOVIL,2,0,0,0,0,0,0,0,0,0,0,0,0,2,23,HOMBRE,ILESO,CONDUCTOR PRESENTE,NO,NO,1
27924,111710,111711,2021,1,0,-0.195933,-78.495002,PICHINCHA,QUITO,QUITO,URBANA,2021-10-03,22:45:00,22,DOMINGO,7,OCTUBRE,10,NO,CONDUCIR VEHICULO SUPERANDO LOS LIMITES MAXIMOS DE VELOCIDAD.,VOLCAMIENTOS,MOTOCICLETA,0,0,0,0,0,0,0,0,1,0,0,0,0,1,25,HOMBRE,LESIONADO,CONDUCTOR PRESENTE,SI,NO,1
27925,111715,111716,2021,0,0,-0.319976,-78.564972,PICHINCHA,QUITO,QUITO,URBANA,2021-10-04,00:10:00,0,LUNES,1,OCTUBRE,10,NO,NO CEDER EL DERECHO DE VIA O PREFERENCIA DE PASO A VEHICULOS.,CHOQUE LATERAL,CAMIONETA,1,0,0,0,1,0,0,0,0,0,0,0,0,2,48,HOMBRE,ILESO,CONDUCTOR PRESENTE,NO,NO,1
27926,111722,111723,2021,0,0,-0.309424,-78.563372,PICHINCHA,QUITO,QUITO,URBANA,2021-10-04,08:25:00,8,LUNES,1,OCTUBRE,10,NO,NO GUARDAR LA DISTANCIA LATERAL MINIMA DE SEGURIDAD ENTRE VEHICULOS.,ROZAMIENTOS,AUTOMOVIL,2,0,0,0,0,0,0,0,0,0,0,0,0,2,28,HOMBRE,ILESO,CONDUCTOR PRESENTE,NO,NO,1
27927,111723,111724,2021,1,0,-0.295063,-78.563254,PICHINCHA,QUITO,QUITO,URBANA,2021-10-04,08:50:00,8,LUNES,1,OCTUBRE,10,NO,"NO RESPETAR LAS SENIALES REGLAMENTARIAS DE TRANSITO. (PARE, CEDA EL PASO, LUZ ROJA DEL SEMAFORO, ETC).",CHOQUE LATERAL,MOTOCICLETA,0,0,0,0,0,0,0,0,2,0,0,0,0,2,18,HOMBRE,LESIONADO,PASAJERO,SI,NO,1
27928,111724,111725,2021,1,0,-0.245575,-78.506595,PICHINCHA,QUITO,QUITO,URBANA,2021-10-04,09:05:00,9,LUNES,1,OCTUBRE,10,NO,"NO RESPETAR LAS SENIALES REGLAMENTARIAS DE TRANSITO. (PARE, CEDA EL PASO, LUZ ROJA DEL SEMAFORO, ETC).",CHOQUE FRONTAL,AUTOMOVIL,1,0,0,0,0,0,0,0,1,0,0,0,0,2,27,HOMBRE,LESIONADO,CONDUCTOR PRESENTE,SI,NO,1
27929,111732,111733,2021,1,0,-0.190709,-78.480868,PICHINCHA,QUITO,QUITO,URBANA,2021-10-04,10:30:00,10,LUNES,1,OCTUBRE,10,NO,PEATON QUE CRUZA LA CALZADA SIN RESPETAR LA SENIALIZACION EXISTENTE (SEMAFOROS O SENIALES MANUALES).,ATROPELLOS,AUTOMOVIL,1,0,0,0,0,0,0,0,0,0,0,0,0,1,40,HOMBRE,LESIONADO,PEATON,NO,NO,1
27930,111742,111743,2021,0,0,-0.254778,-78.503686,PICHINCHA,QUITO,QUITO,URBANA,2021-10-04,17:05:00,17,LUNES,1,OCTUBRE,10,NO,CONDUCIR VEHICULO SUPERANDO LOS LIMITES MAXIMOS DE VELOCIDAD.,ESTRELLAMIENTOS,CAMIONETA,0,0,0,0,1,0,0,0,0,0,0,0,0,1,24,HOMBRE,ILESO,CONDUCTOR PRESENTE,NO,NO,1
27931,111748,111749,2021,0,0,-0.214643,-78.516701,PICHINCHA,QUITO,QUITO,URBANA,2021-10-04,18:45:00,18,LUNES,1,OCTUBRE,10,NO,CONDUCIR VEHICULO SUPERANDO LOS LIMITES MAXIMOS DE VELOCIDAD.,COLISION,AUTOMOVIL,3,0,0,0,0,0,0,0,0,0,0,0,0,3,18,MUJER,ILESO,CONDUCTOR PRESENTE,NO,NO,1
27932,111763,111764,2021,1,0,-0.122935,-78.480532,PICHINCHA,QUITO,QUITO,URBANA,2021-10-05,07:40:00,7,MARTES,2,OCTUBRE,10,NO,NO TRANSITAR POR LAS ACERAS O ZONAS DE SEGURIDAD DESTINADAS PARA EL EFECTO.,ATROPELLOS,AUTOMOVIL,1,0,0,0,0,0,0,0,0,0,0,0,0,1,37,HOMBRE,LESIONADO,PEATON,NO,NO,1
27933,111768,111769,2021,2,0,-0.232624,-78.503782,PICHINCHA,QUITO,QUITO,URBANA,2021-10-05,10:40:00,10,MARTES,2,OCTUBRE,10,NO,"NO RESPETAR LAS SENIALES REGLAMENTARIAS DE TRANSITO. (PARE, CEDA EL PASO, LUZ ROJA DEL SEMAFORO, ETC).",CHOQUE LATERAL,AUTOMOVIL,1,0,1,0,0,0,0,0,0,0,0,0,0,2,25,HOMBRE,LESIONADO,CONDUCTOR PRESENTE,NO,NO,1
27934,111775,111776,2021,0,0,-0.189479,-78.453468,PICHINCHA,QUITO,NAYON,RURAL,2021-10-05,15:50:00,15,MARTES,2,OCTUBRE,10,NO,NO CEDER EL DERECHO DE VIA O PREFERENCIA DE PASO A VEHICULOS.,CHOQUE LATERAL,MOTOCICLETA,0,1,0,0,0,0,0,0,1,0,0,0,0,2,33,HOMBRE,ILESO,CONDUCTOR PRESENTE,SI,NO,3
27935,111779,111780,2021,2,0,-0.347227,-78.483346,PICHINCHA,QUITO,AMAGUANIA,RURAL,2021-10-05,16:40:00,16,MARTES,2,OCTUBRE,10,NO,REALIZAR CAMBIO BRUSCO O INDEBIDO DE CARRIL.,CHOQUE FRONTAL,AUTOMOVIL,1,0,0,0,0,0,0,0,1,0,0,0,0,2,19,HOMBRE,LESIONADO,CONDUCTOR PRESENTE,SI,NO,3
27936,111781,111782,2021,0,0,-0.176371,-78.495323,PICHINCHA,QUITO,QUITO,URBANA,2021-10-05,17:20:00,17,MARTES,2,OCTUBRE,10,NO,"CONDUCIR DESATENTO A LAS CONDICIONES DE TRANSITO (CELULAR, PANTALLAS DE VIDEO, COMIDA, MAQUILLAJE O CUALQUIER OTRO ELEMENTO DISTRACTOR).",ESTRELLAMIENTOS,AUTOMOVIL,1,0,0,0,0,0,0,0,0,0,0,0,0,1,38,MUJER,ILESO,CONDUCTOR PRESENTE,NO,NO,1