,Unnamed: 0,ID,ANIO,LESIONADOS,FALLECIDOS,LATITUD_Y,LONGITUD_X,PROVINCIA,CANTON,PARROQUIA,ZONA,FECHA,HORA,PERIODO_2,DIA_1,DIA_2,MES_1,MES_2,FERIADO,CAUSA_PROBABLE,TIPO_DE_SINIESTRO,TIPO_DE_VEHICULO_1,AUTOMOVIL,BICICLETA,BUS,CAMION,CAMIONETA,EMERGENCIAS,ESPECIAL,FURGONETA,MOTOCICLETA,NO_IDENTIFICADO,SCOOTER_ELECTRICO,TRICIMOTO,VEHICULO_DEPORTIVO_UTILITARIO,SUMA_DE_VEHICULOS,EDAD_1,SEXO_1,CONDICION_1,PARTICIPANTE_1,CASCO_1,CINTURON_1,KMeans_Cluster
27937,111791,111792,2021,0,0,-0.356287,-78.527991,PICHINCHA,QUITO,QUITO,URBANA,2021-10-05,22:40:00,22,MARTES,2,OCTUBRE,10,NO,REALIZAR CAMBIO BRUSCO O INDEBIDO DE CARRIL.,CHOQUE LATERAL,AUTOMOVIL,1,0,0,0,0,0,0,0,0,1,0,0,0,2,-1,NO IDENTIFICADO,NO IDENTIFICADO,CONDUCTOR AUSENTE,NO,NO,2
27938,111800,111801,2021,1,0,-0.292631,-78.545435,PICHINCHA,QUITO,QUITO,URBANA,2021-10-06,09:15:00,9,MIERCOLES,3,OCTUBRE,10,NO,NO TRANSITAR POR LAS ACERAS O ZONAS DE SEGURIDAD DESTINADAS PARA EL EFECTO.,ATROPELLOS,AUTOMOVIL,1,0,0,0,0,0,0,0,0,0,0,0,0,1,72,HOMBRE,LESIONADO,PEATON,NO,NO,1
27939,111801,111802,2021,1,0,-0.104715,-78.478972,PICHINCHA,QUITO,QUITO,URBANA,2021-10-06,10:15:00,10,MIERCOLES,3,OCTUBRE,10,NO,REALIZAR CAMBIO BRUSCO O INDEBIDO DE CARRIL.,OTROS,MOTOCICLETA,0,0,0,0,0,0,0,0,1,1,0,0,0,2,42,HOMBRE,LESIONADO,CONDUCTOR PRESENTE,SI,NO,1
27940,111810,111811,2021,0,0,-0.337513,-78.887717,PICHINCHA,MEJIA,MANUEL CORNEJO ASTORGA,RURAL,2021-10-06,15:22:00,15,MIERCOLES,3,OCTUBRE,10,NO,"NO RESPETAR LAS SENIALES REGLAMENTARIAS DE TRANSITO. (PARE, CEDA EL PASO, LUZ ROJA DEL SEMAFORO, ETC).",CHOQUE LATERAL,AUTOMOVIL,2,0,0,0,0,0,0,0,0,0,0,0,0,2,31,HOMBRE,ILESO,CONDUCTOR PRESENTE,NO,NO,3
27941,111822,111823,2021,1,0,-0.244831,-78.514223,PICHINCHA,QUITO,QUITO,URBANA,2021-10-06,19:20:00,19,MIERCOLES,3,OCTUBRE,10,NO,"NO RESPETAR LAS SENIALES REGLAMENTARIAS DE TRANSITO. (PARE, CEDA EL PASO, LUZ ROJA DEL SEMAFORO, ETC).",OTROS,BUS,0,0,1,0,0,0,0,0,2,0,0,0,0,3,30,HOMBRE,LESIONADO,CONDUCTOR PRESENTE,SI,NO,1
27942,111823,111824,2021,0,0,-0.100181,-78.471675,PICHINCHA,QUITO,QUITO,URBANA,2021-10-06,20:20:00,20,MIERCOLES,3,OCTUBRE,10,NO,"CONDUCE BAJO LA INFLUENCIA DE ALCOHOL, SUSTANCIAS ESTUPEFACIENTES O PSICOTROPICAS Y/O MEDICAMENTOS.",CHOQUE POSTERIOR,AUTOMOVIL,2,0,0,0,0,0,0,0,0,0,0,0,0,2,20,HOMBRE,ILESO,CONDUCTOR PRESENTE,NO,NO,1
27943,111825,111826,2021,0,0,-0.201311,-78.499601,PICHINCHA,QUITO,QUITO,URBANA,2021-10-06,23:10:00,23,MIERCOLES,3,OCTUBRE,10,NO,NO CEDER EL DERECHO DE VIA O PREFERENCIA DE PASO A VEHICULOS.,CHOQUE LATERAL,AUTOMOVIL,2,0,0,0,0,0,0,0,0,0,0,0,0,2,47,HOMBRE,ILESO,CONDUCTOR PRESENTE,NO,NO,1
27944,111827,111828,2021,0,0,0.027031,-78.629057,PICHINCHA,QUITO,NONO,RURAL,2021-10-06,23:50:01,23,MIERCOLES,3,OCTUBRE,10,NO,"CONDUCIR DESATENTO A LAS CONDICIONES DE TRANSITO (CELULAR, PANTALLAS DE VIDEO, COMIDA, MAQUILLAJE O CUALQUIER OTRO ELEMENTO DISTRACTOR).",PERDIDA DE CARRIL,AUTOMOVIL,1,0,0,0,0,0,0,0,0,0,0,0,0,1,30,HOMBRE,ILESO,CONDUCTOR PRESENTE,NO,SI,3
27945,111828,111829,2021,0,0,-0.119451,-78.506659,PICHINCHA,QUITO,QUITO,URBANA,2021-10-07,00:10:00,0,JUEVES,4,OCTUBRE,10,SI,REALIZAR CAMBIO BRUSCO O INDEBIDO DE CARRIL.,OTROS,AUTOMOVIL,2,0,0,0,0,0,0,0,0,0,0,0,0,2,68,HOMBRE,ILESO,PASAJERO,NO,NO,1
27946,111832,111833,2021,2,0,-0.355057,-78.549323,PICHINCHA,QUITO,QUITO,URBANA,2021-10-07,06:35:00,6,JUEVES,4,OCTUBRE,10,SI,CONDUCIR VEHICULO SUPERANDO LOS LIMITES MAXIMOS DE VELOCIDAD.,CHOQUE LATERAL,AUTOMOVIL,1,0,0,0,0,0,0,0,1,0,0,0,0,2,30,HOMBRE,LESIONADO,CONDUCTOR PRESENTE,SI,NO,1
27947,111844,111845,2021,0,0,0.007804,-78.466295,PICHINCHA,QUITO,SAN ANTONIO (QUITO),RURAL,2021-10-07,12:40:01,12,JUEVES,4,OCTUBRE,10,SI,"CONDUCIR DESATENTO A LAS CONDICIONES DE TRANSITO (CELULAR, PANTALLAS DE VIDEO, COMIDA, MAQUILLAJE O CUALQUIER OTRO ELEMENTO DISTRACTOR).",ROZAMIENTOS,AUTOMOVIL,1,0,0,0,0,0,0,0,0,0,0,0,1,2,59,HOMBRE,ILESO,CONDUCTOR PRESENTE,NO,SI,3
27948,111850,111851,2021,1,0,-0.214094,-78.360331,PICHINCHA,QUITO,PUEMBO,URBANA,2021-10-07,14:40:00,14,JUEVES,4,OCTUBRE,10,SI,REALIZAR CAMBIO BRUSCO O INDEBIDO DE CARRIL.,CHOQUE LATERAL,CAMION,0,0,0,1,0,0,0,0,1,0,0,0,0,2,31,HOMBRE,LESIONADO,CONDUCTOR PRESENTE,SI,NO,1
27949,111858,111859,2021,1,0,-0.265064,-78.536095,PICHINCHA,QUITO,QUITO,URBANA,2021-10-07,16:35:00,16,JUEVES,4,OCTUBRE,10,SI,REALIZAR CAMBIO BRUSCO O INDEBIDO DE CARRIL.,CHOQUE LATERAL,AUTOMOVIL,1,0,0,0,0,0,0,0,1,0,0,0,0,2,25,HOMBRE,LESIONADO,CONDUCTOR PRESENTE,SI,NO,1
27950,111859,111860,2021,1,0,-0.224177,-78.507383,PICHINCHA,QUITO,QUITO,URBANA,2021-10-07,16:40:00,16,JUEVES,4,OCTUBRE,10,SI,PEATON QUE CRUZA LA CALZADA SIN RESPETAR LA SENIALIZACION EXISTENTE (SEMAFOROS O SENIALES MANUALES).,ATROPELLOS,BUS,0,0,1,0,0,0,0,0,0,0,0,0,0,1,38,HOMBRE,LESIONADO,PEATON,NO,NO,1
27951,111861,111862,2021,1,0,-0.267885,-78.527319,PICHINCHA,QUITO,QUITO,URBANA,2021-10-07,17:30:00,17,JUEVES,4,OCTUBRE,10,SI,NO TRANSITAR POR LAS ACERAS O ZONAS DE SEGURIDAD DESTINADAS PARA EL EFECTO.,ATROPELLOS,MOTOCICLETA,0,0,0,0,0,0,0,0,1,0,0,0,0,1,50,HOMBRE,LESIONADO,PEATON,NO,NO,1
27952,111868,111869,2021,0,0,-0.292724,-78.476486,PICHINCHA,QUITO,CONOCOTO,URBANA,2021-10-07,18:30:00,18,JUEVES,4,OCTUBRE,10,SI,"CONDUCE BAJO LA INFLUENCIA DE ALCOHOL, SUSTANCIAS ESTUPEFACIENTES O PSICOTROPICAS Y/O MEDICAMENTOS.",CHOQUE LATERAL,AUTOMOVIL,2,0,0,0,0,0,0,0,0,0,0,0,0,2,22,HOMBRE,ILESO,CONDUCTOR PRESENTE,NO,NO,1
27953,111872,111873,2021,0,0,-0.225112,-78.512078,PICHINCHA,QUITO,QUITO,URBANA,2021-10-07,19:00:00,19,JUEVES,4,OCTUBRE,10,SI,CONDUCIR VEHICULO SUPERANDO LOS LIMITES MAXIMOS DE VELOCIDAD.,ESTRELLAMIENTOS,NO IDENTIFICADO,0,0,0,0,0,0,0,0,0,1,0,0,0,1,-1,NO IDENTIFICADO,NO IDENTIFICADO,CONDUCTOR AUSENTE,NO,NO,2
27954,111875,111876,2021,2,0,-0.319769,-78.563737,PICHINCHA,QUITO,QUITO,URBANA,2021-10-07,20:30:00,20,JUEVES,4,OCTUBRE,10,SI,"CONDUCE BAJO LA INFLUENCIA DE ALCOHOL, SUSTANCIAS ESTUPEFACIENTES O PSICOTROPICAS Y/O MEDICAMENTOS.",CHOQUE FRONTAL,CAMION,1,0,0,1,0,0,0,0,0,0,0,0,0,2,54,HOMBRE,LESIONADO,CONDUCTOR PRESENTE,NO,NO,1
27955,111876,111877,2021,0,0,-0.059658,-78.456215,PICHINCHA,QUITO,POMASQUI,RURAL,2021-10-07,20:30:01,20,JUEVES,4,OCTUBRE,10,SI,"CONDUCIR DESATENTO A LAS CONDICIONES DE TRANSITO (CELULAR, PANTALLAS DE VIDEO, COMIDA, MAQUILLAJE O CUALQUIER OTRO ELEMENTO DISTRACTOR).",CHOQUE LATERAL,AUTOMOVIL,3,0,0,0,0,0,0,0,0,0,0,0,0,3,60,HOMBRE,ILESO,CONDUCTOR PRESENTE,NO,SI,3
27956,111884,111885,2021,0,1,-0.292724,-78.476486,PICHINCHA,QUITO,CONOCOTO,URBANA,2021-10-07,23:00:00,23,JUEVES,4,OCTUBRE,10,SI,CONDUCIR VEHICULO SUPERANDO LOS LIMITES MAXIMOS DE VELOCIDAD.,VOLCAMIENTOS,MOTOCICLETA,0,0,0,0,0,0,0,0,1,0,0,0,0,1,37,HOMBRE,FALLECIDO,CONDUCTOR PRESENTE,SI,NO,1
27957,111888,111889,2021,1,0,-0.302391,-78.533343,PICHINCHA,QUITO,QUITO,URBANA,2021-10-08,01:50:00,1,VIERNES,5,OCTUBRE,10,SI,"ADELANTAR O REBASAR A OTRO VEHICULO EN MOVIMIENTO EN ZONAS O SITIOS PELIGROSOS TALES COMO: CURVAS, PUENTES, TUNELES, PENDIENTES, ETC.",OTROS,MOTOCICLETA,0,0,0,0,0,0,0,0,1,0,0,0,0,1,27,HOMBRE,LESIONADO,PASAJERO,SI,NO,1
27958,111891,111892,2021,0,0,-0.185121,-78.488708,PICHINCHA,QUITO,QUITO,URBANA,2021-10-08,02:30:00,2,VIERNES,5,OCTUBRE,10,SI,CONDUCIR VEHICULO SUPERANDO LOS LIMITES MAXIMOS DE VELOCIDAD.,ESTRELLAMIENTOS,AUTOMOVIL,1,0,0,0,0,0,0,0,0,0,0,0,0,1,34,HOMBRE,ILESO,CONDUCTOR PRESENTE,NO,NO,1
27959,111894,111895,2021,0,0,-0.188822,-78.454292,PICHINCHA,QUITO,NAYON,URBANA,2021-10-08,03:12:00,3,VIERNES,5,OCTUBRE,10,SI,CONDUCIR VEHICULO SUPERANDO LOS LIMITES MAXIMOS DE VELOCIDAD.,ESTRELLAMIENTOS,AUTOMOVIL,1,0,0,0,0,0,0,0,0,0,0,0,0,1,37,HOMBRE,ILESO,CONDUCTOR PRESENTE,NO,NO,1
27960,111895,111896,2021,0,0,-0.245705,-78.519529,PICHINCHA,QUITO,QUITO,URBANA,2021-10-08,03:15:00,3,VIERNES,5,OCTUBRE,10,SI,CONDUCIR VEHICULO SUPERANDO LOS LIMITES MAXIMOS DE VELOCIDAD.,CHOQUE LATERAL,AUTOMOVIL,2,0,0,0,0,0,0,0,0,0,0,0,0,2,36,HOMBRE,ILESO,CONDUCTOR PRESENTE,NO,NO,1
27961,111903,111904,2021,0,0,-0.227324,-78.450086,PICHINCHA,QUITO,CUMBAYA,RURAL,2021-10-08,06:21:00,6,VIERNES,5,OCTUBRE,10,SI,"ADELANTAR O REBASAR A OTRO VEHICULO EN MOVIMIENTO EN ZONAS O SITIOS PELIGROSOS TALES COMO: CURVAS, PUENTES, TUNELES, PENDIENTES, ETC.",CHOQUE FRONTAL,CAMIONETA,1,0,0,0,1,0,0,0,0,0,0,0,0,2,23,HOMBRE,ILESO,CONDUCTOR PRESENTE,NO,NO,3
27962,111906,111907,2021,0,0,-0.071717,-78.473403,PICHINCHA,QUITO,POMASQUI,RURAL,2021-10-08,07:00:01,7,VIERNES,5,OCTUBRE,10,SI,"CONDUCIR DESATENTO A LAS CONDICIONES DE TRANSITO (CELULAR, PANTALLAS DE VIDEO, COMIDA, MAQUILLAJE O CUALQUIER OTRO ELEMENTO DISTRACTOR).",CHOQUE LATERAL,VEHICULO DEPORTIVO UTILITARIO,1,0,0,0,0,0,0,0,0,0,0,0,2,3,45,HOMBRE,ILESO,CONDUCTOR PRESENTE,NO,SI,3
27963,111907,111908,2021,0,2,0.037094,-78.912234,PICHINCHA,SAN MIGUEL DE LOS BANCOS,SAN MIGUEL DE LOS BANCOS,RURAL,2021-10-08,07:10:00,7,VIERNES,5,OCTUBRE,10,SI,"CONDUCIR DESATENTO A LAS CONDICIONES DE TRANSITO (CELULAR, PANTALLAS DE VIDEO, COMIDA, MAQUILLAJE O CUALQUIER OTRO ELEMENTO DISTRACTOR).",ESTRELLAMIENTOS,MOTOCICLETA,0,0,0,1,0,0,0,0,1,0,0,0,0,2,33,HOMBRE,FALLECIDO,CONDUCTOR PRESENTE,NO,SI,3
27964,111913,111914,2021,1,0,-0.132986,-78.486951,PICHINCHA,QUITO,QUITO,URBANA,2021-10-08,08:10:00,8,VIERNES,5,OCTUBRE,10,SI,NO CEDER EL DERECHO DE VIA O PREFERENCIA DE PASO A VEHICULOS.,CHOQUE LATERAL,AUTOMOVIL,1,1,0,0,0,0,0,0,0,0,0,0,0,2,33,HOMBRE,LESIONADO,PEATON,SI,NO,1
27965,111914,111915,2021,0,0,-0.192308,-78.511898,PICHINCHA,QUITO,QUITO,URBANA,2021-10-08,09:45:00,9,VIERNES,5,OCTUBRE,10,SI,"FALLA MECANICA EN LOS SISTEMAS Y/O NEUMATICOS (SISTEMA DE FRENOS, DIRECCION, ELECTRONICO O MECANICO).",OTROS,CAMION,0,0,0,1,0,0,0,0,0,0,0,0,0,1,28,HOMBRE,ILESO,CONDUCTOR PRESENTE,NO,NO,1
27966,111923,111924,2021,0,0,-0.289258,-78.538371,PICHINCHA,QUITO,QUITO,URBANA,2021-10-08,13:15:00,13,VIERNES,5,OCTUBRE,10,SI,NO MANTENER LA DISTANCIA PRUDENCIAL CON RESPECTO AL VEHICULO QUE LE ANTECEDE.,CHOQUE POSTERIOR,CAMIONETA,1,0,0,0,1,0,0,0,0,0,0,0,0,2,47,HOMBRE,ILESO,CONDUCTOR PRESENTE,NO,NO,1
27967,111926,111927,2021,0,0,-0.197826,-78.466466,PICHINCHA,QUITO,QUITO,URBANA,2021-10-08,14:00:00,14,VIERNES,5,OCTUBRE,10,SI,CONDUCIR VEHICULO SUPERANDO LOS LIMITES MAXIMOS DE VELOCIDAD.,ESTRELLAMIENTOS,CAMION,0,0,0,1,0,0,0,0,0,0,0,0,0,1,-1,NO IDENTIFICADO,NO IDENTIFICADO,CONDUCTOR AUSENTE,NO,NO,2
27968,111927,111928,2021,0,0,-0.328479,-78.522298,PICHINCHA,QUITO,QUITO,URBANA,2021-10-08,14:15:00,14,VIERNES,5,OCTUBRE,10,SI,REALIZAR CAMBIO BRUSCO O INDEBIDO DE CARRIL.,CHOQUE LATERAL,CAMIONETA,0,0,0,0,2,0,0,0,0,0,0,0,0,2,41,HOMBRE,ILESO,CONDUCTOR PRESENTE,NO,NO,1
27969,111933,111934,2021,0,0,-0.418512,-78.795034,PICHINCHA,MEJIA,MANUEL CORNEJO ASTORGA,RURAL,2021-10-08,16:00:00,16,VIERNES,5,OCTUBRE,10,SI,CONDUCIR EN SENTIDO CONTRARIO A LA VIA NORMAL DE CIRCULACION.,CHOQUE FRONTAL,AUTOMOVIL,1,0,0,0,0,0,0,0,0,0,0,0,1,2,-1,NO IDENTIFICADO,ILESO,CONDUCTOR PRESENTE,NO,NO,3
27970,111949,111950,2021,1,0,-0.312295,-78.542608,PICHINCHA,QUITO,QUITO,URBANA,2021-10-08,19:25:00,19,VIERNES,5,OCTUBRE,10,SI,NO CEDER EL DERECHO DE VIA O PREFERENCIA DE PASO A VEHICULOS.,CHOQUE LATERAL,CAMIONETA,0,0,0,0,1,0,0,0,1,0,0,0,0,2,23,HOMBRE,LESIONADO,CONDUCTOR PRESENTE,SI,NO,1
27971,111957,111958,2021,0,0,-0.080134,-78.423553,PICHINCHA,QUITO,CALDERON (CARAPUNGO),URBANA,2021-10-08,21:20:00,21,VIERNES,5,OCTUBRE,10,SI,CONDUCIR VEHICULO SUPERANDO LOS LIMITES MAXIMOS DE VELOCIDAD.,OTROS,AUTOMOVIL,1,0,0,0,0,0,0,0,0,0,0,0,0,1,-1,NO IDENTIFICADO,NO IDENTIFICADO,CONDUCTOR AUSENTE,NO,NO,2
27972,111958,111959,2021,0,1,-0.050131,-78.344206,PICHINCHA,QUITO,GUAYLLABAMBA,RURAL,2021-10-08,21:30:00,21,VIERNES,5,OCTUBRE,10,SI,"CONDUCIR DESATENTO A LAS CONDICIONES DE TRANSITO (CELULAR, PANTALLAS DE VIDEO, COMIDA, MAQUILLAJE O CUALQUIER OTRO ELEMENTO DISTRACTOR).",CHOQUE POSTERIOR,BUS,0,0,1,0,0,0,0,0,1,0,0,0,0,2,30,HOMBRE,FALLECIDO,CONDUCTOR PRESENTE,NO,SI,3
27973,111969,111970,2021,0,0,-0.182025,-78.478736,PICHINCHA,QUITO,QUITO,URBANA,2021-10-09,00:20:00,0,SABADO,6,OCTUBRE,10,SI,CONDUCIR VEHICULO SUPERANDO LOS LIMITES MAXIMOS DE VELOCIDAD.,COLISION,AUTOMOVIL,1,0,0,0,2,0,0,0,0,0,0,0,0,3,28,HOMBRE,ILESO,CONDUCTOR PRESENTE,NO,NO,1
27974,111978,111979,2021,2,0,-0.091585,-78.439052,PICHINCHA,QUITO,CALDERON (CARAPUNGO),URBANA,2021-10-09,01:30:00,1,SABADO,6,OCTUBRE,10,SI,REALIZAR CAMBIO BRUSCO O INDEBIDO DE CARRIL.,CHOQUE LATERAL,AUTOMOVIL,1,0,0,0,0,0,0,0,1,0,0,0,0,2,21,HOMBRE,LESIONADO,CONDUCTOR PRESENTE,SI,NO,1
27975,111983,111984,2021,3,0,-0.133554,-78.501956,PICHINCHA,QUITO,QUITO,URBANA,2021-10-09,02:13:00,2,SABADO,6,OCTUBRE,10,SI,"CONDUCE BAJO LA INFLUENCIA DE ALCOHOL, SUSTANCIAS ESTUPEFACIENTES O PSICOTROPICAS Y/O MEDICAMENTOS.",CHOQUE FRONTAL,AUTOMOVIL,2,0,0,0,0,0,0,0,0,0,0,0,0,2,42,HOMBRE,LESIONADO,CONDUCTOR PRESENTE,NO,NO,1
27976,111985,111986,2021,1,0,-0.159336,-78.477377,PICHINCHA,QUITO,QUITO,URBANA,2021-10-09,02:20:00,2,SABADO,6,OCTUBRE,10,SI,CONDUCIR VEHICULO SUPERANDO LOS LIMITES MAXIMOS DE VELOCIDAD.,PERDIDA DE CARRIL,MOTOCICLETA,0,0,0,0,0,0,0,0,1,0,0,0,0,1,30,HOMBRE,LESIONADO,PASAJERO,SI,NO,1
27977,111986,111987,2021,0,0,-0.227487,-78.522271,PICHINCHA,QUITO,QUITO,URBANA,2021-10-09,02:20:00,2,SABADO,6,OCTUBRE,10,SI,CONDUCIR VEHICULO SUPERANDO LOS LIMITES MAXIMOS DE VELOCIDAD.,ESTRELLAMIENTOS,CAMION,0,0,0,1,0,0,0,0,0,0,0,0,0,1,-1,NO IDENTIFICADO,NO IDENTIFICADO,CONDUCTOR AUSENTE,NO,NO,2
27978,111988,111989,2021,0,0,-0.113834,-78.508818,PICHINCHA,QUITO,QUITO,URBANA,2021-10-09,02:37:00,2,SABADO,6,OCTUBRE,10,SI,CONDUCIR EN SENTIDO CONTRARIO A LA VIA NORMAL DE CIRCULACION.,CHOQUE FRONTAL,AUTOMOVIL,2,0,0,0,0,0,0,0,0,0,0,0,0,2,29,MUJER,ILESO,CONDUCTOR PRESENTE,NO,NO,1
27979,111993,111994,2021,0,0,-0.247661,-78.517604,PICHINCHA,QUITO,QUITO,URBANA,2021-10-09,04:55:00,4,SABADO,6,OCTUBRE,10,SI,CONDUCIR VEHICULO SUPERANDO LOS LIMITES MAXIMOS DE VELOCIDAD.,ESTRELLAMIENTOS,AUTOMOVIL,1,0,0,0,0,0,0,0,0,0,0,0,0,1,-1,NO IDENTIFICADO,NO IDENTIFICADO,CONDUCTOR AUSENTE,NO,NO,2
27980,111995,111996,2021,2,0,-0.109361,-78.437571,PICHINCHA,QUITO,CALDERON (CARAPUNGO),URBANA,2021-10-09,05:35:00,5,SABADO,6,OCTUBRE,10,SI,"CONDUCE BAJO LA INFLUENCIA DE ALCOHOL, SUSTANCIAS ESTUPEFACIENTES O PSICOTROPICAS Y/O MEDICAMENTOS.",CHOQUE FRONTAL,MOTOCICLETA,1,0,0,0,0,0,0,0,1,0,0,0,0,2,23,HOMBRE,LESIONADO,CONDUCTOR PRESENTE,SI,NO,1
27981,111997,111998,2021,1,0,-0.178104,-78.329229,PICHINCHA,QUITO,YARUQUI,RURAL,2021-10-09,06:00:00,6,SABADO,6,OCTUBRE,10,SI,"CONDUCIR DESATENTO A LAS CONDICIONES DE TRANSITO (CELULAR, PANTALLAS DE VIDEO, COMIDA, MAQUILLAJE O CUALQUIER OTRO ELEMENTO DISTRACTOR).",CHOQUE FRONTAL,MOTOCICLETA,0,0,0,0,0,0,0,0,1,0,0,0,0,1,31,HOMBRE,LESIONADO,CONDUCTOR PRESENTE,NO,SI,3
27982,112000,112001,2021,0,0,-0.184718,-78.344695,PICHINCHA,QUITO,TABABELA,URBANA,2021-10-09,06:15:00,6,SABADO,6,OCTUBRE,10,SI,"ADELANTAR O REBASAR A OTRO VEHICULO EN MOVIMIENTO EN ZONAS O SITIOS PELIGROSOS TALES COMO: CURVAS, PUENTES, TUNELES, PENDIENTES, ETC.",ESTRELLAMIENTOS,AUTOMOVIL,1,0,0,0,0,0,0,0,0,0,0,0,0,1,-1,NO IDENTIFICADO,NO IDENTIFICADO,CONDUCTOR AUSENTE,NO,NO,2
27983,112001,112002,2021,0,0,-0.254778,-78.503686,PICHINCHA,QUITO,QUITO,URBANA,2021-10-09,06:30:00,6,SABADO,6,OCTUBRE,10,SI,CONDUCIR VEHICULO SUPERANDO LOS LIMITES MAXIMOS DE VELOCIDAD.,ESTRELLAMIENTOS,AUTOMOVIL,1,0,0,0,0,0,0,0,0,0,0,0,0,1,-1,NO IDENTIFICADO,NO IDENTIFICADO,CONDUCTOR AUSENTE,NO,NO,2
27984,112009,112010,2021,0,0,-0.329461,-78.531238,PICHINCHA,QUITO,QUITO,URBANA,2021-10-09,10:05:00,10,SABADO,6,OCTUBRE,10,SI,CONDUCIR VEHICULO SUPERANDO LOS LIMITES MAXIMOS DE VELOCIDAD.,ESTRELLAMIENTOS,AUTOMOVIL,1,0,0,0,0,0,0,0,0,0,0,0,0,1,-1,NO IDENTIFICADO,NO IDENTIFICADO,CONDUCTOR AUSENTE,NO,NO,2
27985,112011,112012,2021,0,0,-0.186052,-78.497137,PICHINCHA,QUITO,QUITO,URBANA,2021-10-09,11:00:00,11,SABADO,6,OCTUBRE,10,SI,CONDUCIR VEHICULO SUPERANDO LOS LIMITES MAXIMOS DE VELOCIDAD.,OTROS,AUTOMOVIL,1,0,0,0,0,0,0,0,0,0,0,0,0,1,-1,NO IDENTIFICADO,NO IDENTIFICADO,CONDUCTOR AUSENTE,NO,NO,2
27986,112025,112026,2021,0,1,-0.296879,-78.552792,PICHINCHA,QUITO,QUITO,URBANA,2021-10-09,15:15:00,15,SABADO,6,OCTUBRE,10,SI,"CONDUCE BAJO LA INFLUENCIA DE ALCOHOL, SUSTANCIAS ESTUPEFACIENTES O PSICOTROPICAS Y/O MEDICAMENTOS.",CHOQUE POSTERIOR,MOTOCICLETA,1,0,0,0,0,0,0,0,1,0,0,0,0,2,31,MUJER,FALLECIDO,PASAJERO,SI,NO,1
27987,112026,112027,2021,0,0,-0.294301,-78.410193,PICHINCHA,QUITO,LA MERCED,URBANA,2021-10-09,15:30:00,15,SABADO,6,OCTUBRE,10,SI,"CONDICIONES AMBIENTALES Y/O ATMOSFERICAS (NIEBLA, NEBLINA, GRANIZO, LLUVIA).",CHOQUE LATERAL,CAMIONETA,1,0,0,0,1,0,0,0,0,0,0,0,0,2,53,HOMBRE,ILESO,CONDUCTOR PRESENTE,NO,NO,1
27988,112027,112028,2021,2,0,-0.304978,-78.521742,PICHINCHA,QUITO,QUITO,URBANA,2021-10-09,15:40:00,15,SABADO,6,OCTUBRE,10,SI,"CONDUCE BAJO LA INFLUENCIA DE ALCOHOL, SUSTANCIAS ESTUPEFACIENTES O PSICOTROPICAS Y/O MEDICAMENTOS.",CHOQUE LATERAL,AUTOMOVIL,2,0,0,0,0,0,0,0,0,0,0,0,0,2,33,HOMBRE,LESIONADO,CONDUCTOR PRESENTE,NO,NO,1
27989,112031,112032,2021,2,0,-0.058111,-78.344101,PICHINCHA,QUITO,GUAYLLABAMBA,URBANA,2021-10-09,16:50:00,16,SABADO,6,OCTUBRE,10,SI,NO CEDER EL DERECHO DE VIA O PREFERENCIA DE PASO A VEHICULOS.,CHOQUE LATERAL,MOTOCICLETA,1,0,0,0,0,0,0,0,1,0,0,0,0,2,30,HOMBRE,LESIONADO,CONDUCTOR PRESENTE,SI,NO,1
27990,112036,112037,2021,0,0,-0.149695,-78.490439,PICHINCHA,QUITO,QUITO,URBANA,2021-10-09,18:25:00,18,SABADO,6,OCTUBRE,10,SI,"CONDICIONES AMBIENTALES Y/O ATMOSFERICAS (NIEBLA, NEBLINA, GRANIZO, LLUVIA).",ESTRELLAMIENTOS,AUTOMOVIL,1,0,0,0,0,0,0,0,0,0,0,0,0,1,29,MUJER,ILESO,CONDUCTOR PRESENTE,NO,NO,1
27991,112037,112038,2021,0,0,-0.060751,-78.508874,PICHINCHA,QUITO,QUITO,RURAL,2021-10-09,18:25:00,18,SABADO,6,OCTUBRE,10,SI,"CONDICIONES AMBIENTALES Y/O ATMOSFERICAS (NIEBLA, NEBLINA, GRANIZO, LLUVIA).",ESTRELLAMIENTOS,CAMIONETA,0,0,0,0,1,0,0,0,0,0,0,0,0,1,21,HOMBRE,ILESO,CONDUCTOR PRESENTE,NO,NO,3
27992,112041,112042,2021,0,1,-0.369908,-78.373105,PICHINCHA,QUITO,PINTAG,URBANA,2021-10-09,19:10:00,19,SABADO,6,OCTUBRE,10,SI,CONDUCIR VEHICULO SUPERANDO LOS LIMITES MAXIMOS DE VELOCIDAD.,OTROS,MOTOCICLETA,0,0,0,0,0,0,0,0,1,1,0,0,0,2,24,HOMBRE,FALLECIDO,PASAJERO,SI,NO,1
27993,112042,112043,2021,0,0,-0.108875,-78.455168,PICHINCHA,QUITO,CALDERON (CARAPUNGO),URBANA,2021-10-09,19:10:00,19,SABADO,6,OCTUBRE,10,SI,"PEATON TRANSITA BAJO INFLUENCIA DE ALCOHOL, SUSTANCIAS ESTUPEFACIENTES O PSICOTROPICAS Y/O MEDICAMENTOS.",ATROPELLOS,AUTOMOVIL,1,0,0,0,0,0,0,0,0,0,0,0,0,1,44,HOMBRE,ILESO,CONDUCTOR PRESENTE,NO,NO,1