,Unnamed: 0,ID,ANIO,LESIONADOS,FALLECIDOS,LATITUD_Y,LONGITUD_X,PROVINCIA,CANTON,PARROQUIA,ZONA,FECHA,HORA,PERIODO_2,DIA_1,DIA_2,MES_1,MES_2,FERIADO,CAUSA_PROBABLE,TIPO_DE_SINIESTRO,TIPO_DE_VEHICULO_1,AUTOMOVIL,BICICLETA,BUS,CAMION,CAMIONETA,EMERGENCIAS,ESPECIAL,FURGONETA,MOTOCICLETA,NO_IDENTIFICADO,SCOOTER_ELECTRICO,TRICIMOTO,VEHICULO_DEPORTIVO_UTILITARIO,SUMA_DE_VEHICULOS,EDAD_1,SEXO_1,CONDICION_1,PARTICIPANTE_1,CASCO_1,CINTURON_1,KMeans_Cluster
27994,112048,112049,2021,4,0,-0.333849,-78.534988,PICHINCHA,QUITO,QUITO,URBANA,2021-10-09,20:00:00,20,SABADO,6,OCTUBRE,10,SI,"CONDICIONES AMBIENTALES Y/O ATMOSFERICAS (NIEBLA, NEBLINA, GRANIZO, LLUVIA).",OTROS,MOTOCICLETA,0,1,0,0,0,0,0,0,1,0,0,0,0,2,20,HOMBRE,LESIONADO,CONDUCTOR PRESENTE,SI,NO,1
27995,112053,112054,2021,0,0,-0.190119,-78.454217,PICHINCHA,QUITO,NAYON,URBANA,2021-10-09,20:30:00,20,SABADO,6,OCTUBRE,10,SI,"FALLA MECANICA EN LOS SISTEMAS Y/O NEUMATICOS (SISTEMA DE FRENOS, DIRECCION, ELECTRONICO O MECANICO).",ESTRELLAMIENTOS,AUTOMOVIL,1,0,0,0,0,0,0,0,0,0,0,0,0,1,24,HOMBRE,ILESO,CONDUCTOR PRESENTE,NO,NO,1
27996,112055,112056,2021,0,2,-0.525196,-78.446259,PICHINCHA,MEJIA,MACHACHI,RURAL,2021-10-09,21:00:00,21,SABADO,6,OCTUBRE,10,SI,"CONDUCIR DESATENTO A LAS CONDICIONES DE TRANSITO (CELULAR, PANTALLAS DE VIDEO, COMIDA, MAQUILLAJE O CUALQUIER OTRO ELEMENTO DISTRACTOR).",PERDIDA DE CARRIL,VEHICULO DEPORTIVO UTILITARIO,0,0,0,0,0,0,0,0,0,0,0,0,1,1,36,HOMBRE,FALLECIDO,PASAJERO,NO,SI,3
27997,112056,112057,2021,1,0,-0.121368,-78.448031,PICHINCHA,QUITO,CALDERON (CARAPUNGO),URBANA,2021-10-09,21:15:00,21,SABADO,6,OCTUBRE,10,SI,CONDUCIR VEHICULO SUPERANDO LOS LIMITES MAXIMOS DE VELOCIDAD.,CHOQUE POSTERIOR,AUTOMOVIL,1,0,0,0,1,0,0,0,0,1,0,0,0,3,21,MUJER,LESIONADO,PASAJERO,NO,NO,1
27998,112075,112076,2021,1,0,-0.121285,-78.480084,PICHINCHA,QUITO,QUITO,URBANA,2021-10-10,02:00:00,2,DOMINGO,7,OCTUBRE,10,SI,"CONDICIONES AMBIENTALES Y/O ATMOSFERICAS (NIEBLA, NEBLINA, GRANIZO, LLUVIA).",PERDIDA DE CARRIL,MOTOCICLETA,0,0,0,0,0,0,0,0,1,0,0,0,0,1,27,HOMBRE,LESIONADO,CONDUCTOR PRESENTE,SI,NO,1
27999,112086,112087,2021,1,0,-0.209116,-78.479372,PICHINCHA,QUITO,QUITO,URBANA,2021-10-10,05:00:00,5,DOMINGO,7,OCTUBRE,10,SI,CONDUCIR VEHICULO SUPERANDO LOS LIMITES MAXIMOS DE VELOCIDAD.,ESTRELLAMIENTOS,AUTOMOVIL,1,0,0,0,0,0,0,0,0,0,0,0,0,1,47,MUJER,LESIONADO,PASAJERO,NO,NO,1
28000,112088,112089,2021,1,0,-0.458514,-78.563264,PICHINCHA,MEJIA,ALOAG,RURAL,2021-10-10,05:50:00,5,DOMINGO,7,OCTUBRE,10,SI,"CONDUCIR DESATENTO A LAS CONDICIONES DE TRANSITO (CELULAR, PANTALLAS DE VIDEO, COMIDA, MAQUILLAJE O CUALQUIER OTRO ELEMENTO DISTRACTOR).",ATROPELLOS,NO IDENTIFICADO,0,0,0,0,0,0,0,0,0,1,0,0,0,1,49,HOMBRE,LESIONADO,PEATON,NO,SI,3
28001,112090,112091,2021,0,0,-0.219429,-78.520717,PICHINCHA,QUITO,QUITO,URBANA,2021-10-10,06:50:00,6,DOMINGO,7,OCTUBRE,10,SI,"CONDICIONES AMBIENTALES Y/O ATMOSFERICAS (NIEBLA, NEBLINA, GRANIZO, LLUVIA).",OTROS,AUTOMOVIL,1,0,0,0,0,0,0,0,0,0,0,0,0,1,-1,NO IDENTIFICADO,NO IDENTIFICADO,CONDUCTOR AUSENTE,NO,NO,2
28002,112091,112092,2021,1,0,-0.318581,-78.549284,PICHINCHA,QUITO,QUITO,URBANA,2021-10-10,07:00:00,7,DOMINGO,7,OCTUBRE,10,SI,"CONDICIONES AMBIENTALES Y/O ATMOSFERICAS (NIEBLA, NEBLINA, GRANIZO, LLUVIA).",OTROS,BUS,0,0,1,0,0,0,0,0,0,0,0,0,0,1,30,MUJER,LESIONADO,PEATON,NO,NO,1
28003,112094,112095,2021,1,0,-0.105583,-78.499743,PICHINCHA,QUITO,QUITO,URBANA,2021-10-10,07:20:00,7,DOMINGO,7,OCTUBRE,10,SI,"CONDUCE BAJO LA INFLUENCIA DE ALCOHOL, SUSTANCIAS ESTUPEFACIENTES O PSICOTROPICAS Y/O MEDICAMENTOS.",ESTRELLAMIENTOS,AUTOMOVIL,1,0,0,0,0,0,0,0,0,0,0,0,0,1,18,MUJER,LESIONADO,PASAJERO,NO,NO,1
28004,112104,112105,2021,0,0,-0.177067,-78.492319,PICHINCHA,QUITO,QUITO,URBANA,2021-10-10,09:25:00,9,DOMINGO,7,OCTUBRE,10,SI,CONDUCIR VEHICULO SUPERANDO LOS LIMITES MAXIMOS DE VELOCIDAD.,OTROS,AUTOMOVIL,1,0,0,0,0,0,0,0,0,0,0,0,0,1,-1,NO IDENTIFICADO,NO IDENTIFICADO,CONDUCTOR AUSENTE,NO,NO,2
28005,112105,112106,2021,0,0,-0.365473,-78.837254,PICHINCHA,MEJIA,MANUEL CORNEJO ASTORGA,RURAL,2021-10-10,09:30:00,9,DOMINGO,7,OCTUBRE,10,SI,"NO RESPETAR LAS SENIALES REGLAMENTARIAS DE TRANSITO. (PARE, CEDA EL PASO, LUZ ROJA DEL SEMAFORO, ETC).",CHOQUE LATERAL,VEHICULO DEPORTIVO UTILITARIO,1,0,0,0,0,0,0,0,0,0,0,0,1,2,-1,NO IDENTIFICADO,ILESO,CONDUCTOR PRESENTE,NO,NO,3
28006,112118,112119,2021,0,1,-0.143655,-78.443859,PICHINCHA,QUITO,ZAMBIZA,URBANA,2021-10-10,13:30:00,13,DOMINGO,7,OCTUBRE,10,SI,"CONDICIONES AMBIENTALES Y/O ATMOSFERICAS (NIEBLA, NEBLINA, GRANIZO, LLUVIA).",ESTRELLAMIENTOS,AUTOMOVIL,1,0,0,0,0,0,0,0,0,0,0,0,0,1,24,HOMBRE,FALLECIDO,CONDUCTOR PRESENTE,NO,NO,1
28007,112122,112123,2021,0,0,-0.197826,-78.466466,PICHINCHA,QUITO,QUITO,URBANA,2021-10-10,14:49:00,14,DOMINGO,7,OCTUBRE,10,SI,"CONDICIONES AMBIENTALES Y/O ATMOSFERICAS (NIEBLA, NEBLINA, GRANIZO, LLUVIA).",VOLCAMIENTOS,CAMIONETA,0,0,0,0,1,0,0,0,0,0,0,0,0,1,33,HOMBRE,ILESO,CONDUCTOR PRESENTE,NO,NO,1
28008,112123,112124,2021,0,0,-0.292724,-78.476486,PICHINCHA,QUITO,CONOCOTO,URBANA,2021-10-10,15:00:00,15,DOMINGO,7,OCTUBRE,10,SI,"CONDICIONES AMBIENTALES Y/O ATMOSFERICAS (NIEBLA, NEBLINA, GRANIZO, LLUVIA).",CHOQUE LATERAL,FURGONETA,0,0,0,0,0,0,0,1,0,1,0,0,0,2,39,HOMBRE,ILESO,CONDUCTOR PRESENTE,NO,NO,1
28009,112133,112134,2021,0,0,-0.444679,-78.556361,PICHINCHA,MEJIA,MACHACHI,RURAL,2021-10-10,17:35:00,17,DOMINGO,7,OCTUBRE,10,SI,"CONDUCIR DESATENTO A LAS CONDICIONES DE TRANSITO (CELULAR, PANTALLAS DE VIDEO, COMIDA, MAQUILLAJE O CUALQUIER OTRO ELEMENTO DISTRACTOR).",COLISION,AUTOMOVIL,1,0,0,0,1,0,0,0,0,0,0,0,1,3,42,MUJER,ILESO,CONDUCTOR PRESENTE,NO,SI,3
28010,112141,112142,2021,2,0,-0.387946,-78.516844,PICHINCHA,QUITO,AMAGUANIA,RURAL,2021-10-10,19:50:00,19,DOMINGO,7,OCTUBRE,10,SI,"CONDUCIR DESATENTO A LAS CONDICIONES DE TRANSITO (CELULAR, PANTALLAS DE VIDEO, COMIDA, MAQUILLAJE O CUALQUIER OTRO ELEMENTO DISTRACTOR).",PERDIDA DE CARRIL,MOTOCICLETA,0,0,0,0,0,0,0,0,1,0,0,0,0,1,30,HOMBRE,LESIONADO,CONDUCTOR PRESENTE,NO,SI,3
28011,112166,112167,2021,3,0,-0.156069,-78.439391,PICHINCHA,QUITO,NAYON,RURAL,2021-10-11,02:25:00,2,LUNES,1,OCTUBRE,10,NO,"CONDUCIR EN ESTADO DE SOMNOLENCIA O MALAS CONDICIONES FISICAS (SUENIO, CANSANCIO Y FATIGA).",PERDIDA DE CARRIL,AUTOMOVIL,1,0,0,0,0,0,0,0,0,0,0,0,0,1,39,HOMBRE,LESIONADO,CONDUCTOR PRESENTE,NO,NO,3
28012,112174,112175,2021,1,0,-0.217884,-78.513075,PICHINCHA,QUITO,QUITO,URBANA,2021-10-11,07:00:00,7,LUNES,1,OCTUBRE,10,NO,"NO RESPETAR LAS SENIALES REGLAMENTARIAS DE TRANSITO. (PARE, CEDA EL PASO, LUZ ROJA DEL SEMAFORO, ETC).",CHOQUE LATERAL,AUTOMOVIL,2,0,0,0,0,0,0,0,0,0,0,0,0,2,46,HOMBRE,LESIONADO,CONDUCTOR PRESENTE,NO,NO,1
28013,112188,112189,2021,1,0,-0.087896,-78.401026,PICHINCHA,QUITO,CALDERON (CARAPUNGO),RURAL,2021-10-11,14:30:00,14,LUNES,1,OCTUBRE,10,NO,"CONDUCIR DESATENTO A LAS CONDICIONES DE TRANSITO (CELULAR, PANTALLAS DE VIDEO, COMIDA, MAQUILLAJE O CUALQUIER OTRO ELEMENTO DISTRACTOR).",PERDIDA DE CARRIL,CAMIONETA,0,0,0,0,1,0,0,0,0,0,0,0,0,1,30,HOMBRE,LESIONADO,CONDUCTOR PRESENTE,NO,SI,3
28014,112194,112195,2021,2,0,-0.494293,-78.571162,PICHINCHA,MEJIA,ALOAG,RURAL,2021-10-11,17:10:00,17,LUNES,1,OCTUBRE,10,NO,"CONDUCIR DESATENTO A LAS CONDICIONES DE TRANSITO (CELULAR, PANTALLAS DE VIDEO, COMIDA, MAQUILLAJE O CUALQUIER OTRO ELEMENTO DISTRACTOR).",CHOQUE LATERAL,CAMION,1,0,0,1,0,0,0,0,0,0,0,0,0,2,77,MUJER,LESIONADO,PASAJERO,NO,SI,3
28015,112196,112197,2021,0,0,-0.119576,-78.506551,PICHINCHA,QUITO,QUITO,URBANA,2021-10-11,17:32:00,17,LUNES,1,OCTUBRE,10,NO,"NO RESPETAR LAS SENIALES REGLAMENTARIAS DE TRANSITO. (PARE, CEDA EL PASO, LUZ ROJA DEL SEMAFORO, ETC).",CHOQUE LATERAL,AUTOMOVIL,2,0,0,0,0,0,0,0,0,0,0,0,0,2,43,HOMBRE,ILESO,CONDUCTOR PRESENTE,NO,NO,1
28016,112199,112200,2021,3,0,-0.173986,-78.474291,PICHINCHA,QUITO,QUITO,URBANA,2021-10-11,18:45:00,18,LUNES,1,OCTUBRE,10,NO,"CONDICIONES AMBIENTALES Y/O ATMOSFERICAS (NIEBLA, NEBLINA, GRANIZO, LLUVIA).",CHOQUE LATERAL,CAMIONETA,1,0,0,0,1,0,0,0,0,0,0,0,0,2,37,HOMBRE,LESIONADO,CONDUCTOR PRESENTE,NO,NO,1
28017,112204,112205,2021,4,0,-0.111368,-78.500491,PICHINCHA,QUITO,QUITO,URBANA,2021-10-11,20:50:00,20,LUNES,1,OCTUBRE,10,NO,"NO RESPETAR LAS SENIALES REGLAMENTARIAS DE TRANSITO. (PARE, CEDA EL PASO, LUZ ROJA DEL SEMAFORO, ETC).",CHOQUE LATERAL,AUTOMOVIL,1,0,0,0,1,0,0,0,0,0,0,0,0,2,35,MUJER,LESIONADO,CONDUCTOR PRESENTE,NO,NO,1
28018,112207,112208,2021,2,0,-0.091585,-78.430521,PICHINCHA,QUITO,CALDERON (CARAPUNGO),URBANA,2021-10-11,21:40:00,21,LUNES,1,OCTUBRE,10,NO,"CONDICIONES AMBIENTALES Y/O ATMOSFERICAS (NIEBLA, NEBLINA, GRANIZO, LLUVIA).",CHOQUE FRONTAL,AUTOMOVIL,2,0,0,0,0,0,0,0,0,0,0,0,0,2,42,MUJER,LESIONADO,CONDUCTOR PRESENTE,NO,NO,1
28019,112223,112224,2021,1,0,-0.116792,-78.463471,PICHINCHA,QUITO,QUITO,URBANA,2021-10-12,09:05:00,9,MARTES,2,OCTUBRE,10,NO,REALIZAR CAMBIO BRUSCO O INDEBIDO DE CARRIL.,CHOQUE FRONTAL,MOTOCICLETA,0,0,1,0,0,0,0,0,1,0,0,0,0,2,23,HOMBRE,LESIONADO,CONDUCTOR PRESENTE,SI,NO,1
28020,112232,112233,2021,1,0,-0.174794,-78.491591,PICHINCHA,QUITO,QUITO,URBANA,2021-10-12,14:54:00,14,MARTES,2,OCTUBRE,10,NO,"NO RESPETAR LAS SENIALES REGLAMENTARIAS DE TRANSITO. (PARE, CEDA EL PASO, LUZ ROJA DEL SEMAFORO, ETC).",CHOQUE LATERAL,MOTOCICLETA,0,0,1,0,0,0,0,0,1,0,0,0,0,2,45,HOMBRE,LESIONADO,CONDUCTOR PRESENTE,SI,NO,1
28021,112237,112238,2021,0,0,-0.378488,-78.827131,PICHINCHA,MEJIA,MANUEL CORNEJO ASTORGA,RURAL,2021-10-12,15:50:00,15,MARTES,2,OCTUBRE,10,NO,"CONDUCIR DESATENTO A LAS CONDICIONES DE TRANSITO (CELULAR, PANTALLAS DE VIDEO, COMIDA, MAQUILLAJE O CUALQUIER OTRO ELEMENTO DISTRACTOR).",PERDIDA DE PISTA,VEHICULO DEPORTIVO UTILITARIO,0,0,0,0,0,0,0,0,0,0,0,0,1,1,-1,NO IDENTIFICADO,ILESO,CONDUCTOR PRESENTE,NO,NO,3
28022,112238,112239,2021,0,0,-0.292724,-78.476486,PICHINCHA,QUITO,CONOCOTO,URBANA,2021-10-12,15:50:00,15,MARTES,2,OCTUBRE,10,NO,REALIZAR CAMBIO BRUSCO O INDEBIDO DE CARRIL.,CHOQUE LATERAL,CAMIONETA,1,0,0,0,1,0,0,0,0,0,0,0,0,2,58,HOMBRE,ILESO,CONDUCTOR PRESENTE,NO,NO,1
28023,112252,112253,2021,1,0,-0.189085,-78.511758,PICHINCHA,QUITO,QUITO,URBANA,2021-10-12,18:45:00,18,MARTES,2,OCTUBRE,10,NO,CONDUCIR VEHICULO SUPERANDO LOS LIMITES MAXIMOS DE VELOCIDAD.,CHOQUE POSTERIOR,BUS,0,0,1,0,0,0,0,0,1,0,0,0,0,2,26,HOMBRE,LESIONADO,CONDUCTOR PRESENTE,SI,NO,1
28024,112253,112254,2021,1,0,-0.180291,-78.478552,PICHINCHA,QUITO,QUITO,URBANA,2021-10-12,18:45:00,18,MARTES,2,OCTUBRE,10,NO,NO CEDER EL DERECHO DE VIA O PREFERENCIA DE PASO AL PEATON.,ATROPELLOS,BUS,0,0,1,0,0,0,0,0,0,0,0,0,0,1,17,MUJER,LESIONADO,PEATON,NO,NO,1
28025,112255,112256,2021,2,0,-0.232615,-78.503695,PICHINCHA,QUITO,QUITO,URBANA,2021-10-12,19:10:00,19,MARTES,2,OCTUBRE,10,NO,CONDUCIR VEHICULO SUPERANDO LOS LIMITES MAXIMOS DE VELOCIDAD.,CHOQUE LATERAL,BUS,0,0,1,0,1,0,0,0,0,0,0,0,0,2,64,HOMBRE,LESIONADO,CONDUCTOR PRESENTE,NO,NO,1
28026,112260,112261,2021,1,0,-0.546391,-78.585272,PICHINCHA,MEJIA,MACHACHI,RURAL,2021-10-12,20:00:00,20,MARTES,2,OCTUBRE,10,NO,"CONDUCIR DESATENTO A LAS CONDICIONES DE TRANSITO (CELULAR, PANTALLAS DE VIDEO, COMIDA, MAQUILLAJE O CUALQUIER OTRO ELEMENTO DISTRACTOR).",PERDIDA DE CARRIL,AUTOMOVIL,1,0,0,0,0,0,0,0,0,0,0,0,0,1,33,HOMBRE,LESIONADO,CONDUCTOR PRESENTE,NO,SI,3
28027,112262,112263,2021,0,0,-0.338377,-78.549676,PICHINCHA,QUITO,QUITO,URBANA,2021-10-12,20:20:00,20,MARTES,2,OCTUBRE,10,NO,REALIZAR CAMBIO BRUSCO O INDEBIDO DE CARRIL.,ROZAMIENTOS,AUTOMOVIL,1,0,0,0,0,0,0,0,0,1,0,0,0,2,57,HOMBRE,ILESO,CONDUCTOR PRESENTE,NO,NO,1
28028,112265,112266,2021,1,0,-0.123264,-78.518211,PICHINCHA,QUITO,QUITO,URBANA,2021-10-12,22:00:00,22,MARTES,2,OCTUBRE,10,NO,CONDUCIR VEHICULO SUPERANDO LOS LIMITES MAXIMOS DE VELOCIDAD.,VOLCAMIENTOS,AUTOMOVIL,1,0,0,0,0,0,0,0,0,0,0,0,0,1,50,MUJER,LESIONADO,PASAJERO,NO,NO,1
28029,112274,112275,2021,0,0,-0.289191,-78.541771,PICHINCHA,QUITO,QUITO,URBANA,2021-10-13,05:50:00,5,MIERCOLES,3,OCTUBRE,10,NO,REALIZAR CAMBIO BRUSCO O INDEBIDO DE CARRIL.,CHOQUE LATERAL,AUTOMOVIL,2,0,0,0,0,0,0,0,0,0,0,0,0,2,60,HOMBRE,ILESO,CONDUCTOR PRESENTE,NO,NO,1
28030,112288,112289,2021,1,0,-0.306003,-78.527073,PICHINCHA,QUITO,QUITO,URBANA,2021-10-13,12:40:00,12,MIERCOLES,3,OCTUBRE,10,NO,NO CEDER EL DERECHO DE VIA O PREFERENCIA DE PASO A VEHICULOS.,CHOQUE LATERAL,AUTOMOVIL,1,0,0,0,0,0,0,0,1,0,0,0,0,2,28,HOMBRE,LESIONADO,CONDUCTOR PRESENTE,SI,NO,1
28031,112293,112294,2021,0,0,-0.094631,-78.482943,PICHINCHA,QUITO,QUITO,URBANA,2021-10-13,14:45:00,14,MIERCOLES,3,OCTUBRE,10,NO,CONDUCIR VEHICULO SUPERANDO LOS LIMITES MAXIMOS DE VELOCIDAD.,COLISION,CAMION,2,0,0,1,0,0,0,1,0,0,0,0,0,4,22,HOMBRE,ILESO,CONDUCTOR PRESENTE,NO,NO,1
28032,112297,112298,2021,1,0,-0.130152,-78.470451,PICHINCHA,QUITO,QUITO,URBANA,2021-10-13,16:10:00,16,MIERCOLES,3,OCTUBRE,10,NO,"NO RESPETAR LAS SENIALES REGLAMENTARIAS DE TRANSITO. (PARE, CEDA EL PASO, LUZ ROJA DEL SEMAFORO, ETC).",CHOQUE LATERAL,MOTOCICLETA,0,0,0,0,0,0,0,0,1,1,0,0,0,2,20,HOMBRE,LESIONADO,CONDUCTOR PRESENTE,SI,NO,1
28033,112303,112304,2021,5,0,-0.455416,-78.594166,PICHINCHA,MEJIA,ALOAG,RURAL,2021-10-13,18:40:00,18,MIERCOLES,3,OCTUBRE,10,NO,CONDUCIR EN SENTIDO CONTRARIO A LA VIA NORMAL DE CIRCULACION.,CHOQUE FRONTAL,CAMIONETA,0,0,0,0,1,0,0,0,0,0,0,0,1,2,-1,NO IDENTIFICADO,LESIONADO,CONDUCTOR PRESENTE,NO,NO,3
28034,112307,112308,2021,1,0,-0.175725,-78.487568,PICHINCHA,QUITO,QUITO,URBANA,2021-10-13,19:35:00,19,MIERCOLES,3,OCTUBRE,10,NO,PEATON QUE CRUZA LA CALZADA SIN RESPETAR LA SENIALIZACION EXISTENTE (SEMAFOROS O SENIALES MANUALES).,ATROPELLOS,MOTOCICLETA,0,0,0,0,0,0,0,0,1,0,0,0,0,1,54,MUJER,LESIONADO,PEATON,NO,NO,1
28035,112311,112312,2021,0,1,-0.232254,-78.505317,PICHINCHA,QUITO,QUITO,URBANA,2021-10-13,20:15:00,20,MIERCOLES,3,OCTUBRE,10,NO,NO CEDER EL DERECHO DE VIA O PREFERENCIA DE PASO AL PEATON.,OTROS,NO IDENTIFICADO,0,0,0,0,0,0,0,0,0,1,0,0,0,1,25,HOMBRE,FALLECIDO,PEATON,NO,NO,1
28036,112318,112319,2021,0,0,-0.313833,-78.935968,PICHINCHA,MEJIA,MANUEL CORNEJO ASTORGA,RURAL,2021-10-13,22:00:00,22,MIERCOLES,3,OCTUBRE,10,NO,"NO RESPETAR LAS SENIALES REGLAMENTARIAS DE TRANSITO. (PARE, CEDA EL PASO, LUZ ROJA DEL SEMAFORO, ETC).",CHOQUE LATERAL,VEHICULO DEPORTIVO UTILITARIO,0,0,0,1,0,0,0,0,0,0,0,0,1,2,-1,NO IDENTIFICADO,ILESO,CONDUCTOR PRESENTE,NO,NO,3
28037,112319,112320,2021,0,0,-0.294599,-78.548481,PICHINCHA,QUITO,QUITO,URBANA,2021-10-13,22:10:00,22,MIERCOLES,3,OCTUBRE,10,NO,"CONDUCE BAJO LA INFLUENCIA DE ALCOHOL, SUSTANCIAS ESTUPEFACIENTES O PSICOTROPICAS Y/O MEDICAMENTOS.",CHOQUE POSTERIOR,AUTOMOVIL,2,0,0,0,0,0,0,0,0,0,0,0,0,2,29,HOMBRE,ILESO,CONDUCTOR PRESENTE,NO,NO,1
28038,112320,112321,2021,0,0,0.027761,-78.148298,PICHINCHA,CAYAMBE,CAYAMBE,URBANA,2021-10-13,22:33:00,22,MIERCOLES,3,OCTUBRE,10,NO,CONDUCIR VEHICULO SUPERANDO LOS LIMITES MAXIMOS DE VELOCIDAD.,ARROLLAMIENTOS,FURGONETA,0,0,0,0,0,0,0,1,0,0,0,0,0,1,-1,NO IDENTIFICADO,NO IDENTIFICADO,CONDUCTOR AUSENTE,NO,SI,2
28039,112321,112322,2021,4,0,-0.113897,-78.499434,PICHINCHA,QUITO,QUITO,URBANA,2021-10-13,22:40:00,22,MIERCOLES,3,OCTUBRE,10,NO,"FALLA MECANICA EN LOS SISTEMAS Y/O NEUMATICOS (SISTEMA DE FRENOS, DIRECCION, ELECTRONICO O MECANICO).",ESTRELLAMIENTOS,AUTOMOVIL,2,0,0,0,0,0,0,0,0,0,0,0,0,2,26,MUJER,LESIONADO,CONDUCTOR PRESENTE,NO,NO,1
28040,112323,112324,2021,1,0,0.037823,-78.147311,PICHINCHA,CAYAMBE,CAYAMBE,URBANA,2021-10-13,23:30:00,23,MIERCOLES,3,OCTUBRE,10,NO,"CONDUCE BAJO LA INFLUENCIA DE ALCOHOL, SUSTANCIAS ESTUPEFACIENTES O PSICOTROPICAS Y/O MEDICAMENTOS.",CHOQUE LATERAL,CAMION,0,0,0,1,0,0,0,0,0,0,0,0,1,2,43,HOMBRE,LESIONADO,CONDUCTOR PRESENTE,NO,SI,1
28041,112325,112326,2021,0,0,-0.181406,-78.505089,PICHINCHA,QUITO,QUITO,URBANA,2021-10-14,00:10:00,0,JUEVES,4,OCTUBRE,10,NO,CONDUCIR VEHICULO SUPERANDO LOS LIMITES MAXIMOS DE VELOCIDAD.,ESTRELLAMIENTOS,AUTOMOVIL,1,0,0,0,0,0,0,0,0,0,0,0,0,1,-1,NO IDENTIFICADO,NO IDENTIFICADO,CONDUCTOR AUSENTE,NO,NO,2
28042,112328,112329,2021,1,0,-0.259681,-78.530358,PICHINCHA,QUITO,QUITO,URBANA,2021-10-14,02:30:00,2,JUEVES,4,OCTUBRE,10,NO,CONDUCIR VEHICULO SUPERANDO LOS LIMITES MAXIMOS DE VELOCIDAD.,PERDIDA DE CARRIL,AUTOMOVIL,1,0,0,0,0,0,0,0,0,0,0,0,0,1,35,HOMBRE,LESIONADO,PASAJERO,NO,NO,1
28043,112336,112337,2021,0,0,-0.417609,-78.797064,PICHINCHA,MEJIA,MANUEL CORNEJO ASTORGA,RURAL,2021-10-14,07:18:00,7,JUEVES,4,OCTUBRE,10,NO,NO GUARDAR LA DISTANCIA LATERAL MINIMA DE SEGURIDAD ENTRE VEHICULOS.,ROZAMIENTOS,CAMIONETA,2,0,0,0,1,0,0,0,0,0,0,0,0,3,27,HOMBRE,ILESO,CONDUCTOR PRESENTE,NO,NO,3
28044,112341,112342,2021,0,0,-0.264263,-78.550014,PICHINCHA,QUITO,QUITO,URBANA,2021-10-14,07:45:00,7,JUEVES,4,OCTUBRE,10,NO,"CONDUCE BAJO LA INFLUENCIA DE ALCOHOL, SUSTANCIAS ESTUPEFACIENTES O PSICOTROPICAS Y/O MEDICAMENTOS.",CHOQUE POSTERIOR,AUTOMOVIL,2,0,0,0,0,0,0,0,0,0,0,0,0,2,23,HOMBRE,ILESO,CONDUCTOR PRESENTE,NO,NO,1
28045,112342,112343,2021,0,0,-0.126245,-78.480937,PICHINCHA,QUITO,QUITO,URBANA,2021-10-14,08:20:00,8,JUEVES,4,OCTUBRE,10,NO,"CONDUCE BAJO LA INFLUENCIA DE ALCOHOL, SUSTANCIAS ESTUPEFACIENTES O PSICOTROPICAS Y/O MEDICAMENTOS.",CHOQUE POSTERIOR,AUTOMOVIL,2,0,0,0,0,0,0,0,0,0,0,0,0,2,29,HOMBRE,ILESO,CONDUCTOR PRESENTE,NO,NO,1
28046,112348,112349,2021,0,1,-0.102184,-78.463314,PICHINCHA,QUITO,QUITO,URBANA,2021-10-14,10:20:00,10,JUEVES,4,OCTUBRE,10,NO,PEATON QUE CRUZA LA CALZADA SIN RESPETAR LA SENIALIZACION EXISTENTE (SEMAFOROS O SENIALES MANUALES).,ATROPELLOS,CAMION,0,0,0,1,0,0,0,0,0,0,0,0,0,1,54,HOMBRE,FALLECIDO,PEATON,NO,NO,1
28047,112352,112353,2021,0,0,-0.196607,-78.495475,PICHINCHA,QUITO,QUITO,URBANA,2021-10-14,11:30:00,11,JUEVES,4,OCTUBRE,10,NO,NO CEDER EL DERECHO DE VIA O PREFERENCIA DE PASO A VEHICULOS.,OTROS,BUS,2,0,1,0,0,0,0,0,0,0,0,0,0,3,51,HOMBRE,ILESO,CONDUCTOR PRESENTE,NO,NO,1
28048,112361,112362,2021,0,0,-0.310121,-78.443185,PICHINCHA,RUMINIAHUI,SANGOLQUI,RURAL,2021-10-14,13:50:00,13,JUEVES,4,OCTUBRE,10,NO,"CONDUCIR DESATENTO A LAS CONDICIONES DE TRANSITO (CELULAR, PANTALLAS DE VIDEO, COMIDA, MAQUILLAJE O CUALQUIER OTRO ELEMENTO DISTRACTOR).",PERDIDA DE CARRIL,VEHICULO DEPORTIVO UTILITARIO,0,0,0,0,0,0,0,0,0,0,0,0,1,1,27,MUJER,ILESO,CONDUCTOR PRESENTE,NO,SI,3
28049,112365,112366,2021,0,0,-0.285303,-78.533121,PICHINCHA,QUITO,QUITO,URBANA,2021-10-14,15:30:00,15,JUEVES,4,OCTUBRE,10,NO,"CONDICIONES AMBIENTALES Y/O ATMOSFERICAS (NIEBLA, NEBLINA, GRANIZO, LLUVIA).",CHOQUE LATERAL,AUTOMOVIL,1,0,0,0,0,0,0,0,0,1,0,0,0,2,71,HOMBRE,ILESO,CONDUCTOR PRESENTE,NO,NO,1