,Unnamed: 0,ID,ANIO,LESIONADOS,FALLECIDOS,LATITUD_Y,LONGITUD_X,PROVINCIA,CANTON,PARROQUIA,ZONA,FECHA,HORA,PERIODO_2,DIA_1,DIA_2,MES_1,MES_2,FERIADO,CAUSA_PROBABLE,TIPO_DE_SINIESTRO,TIPO_DE_VEHICULO_1,AUTOMOVIL,BICICLETA,BUS,CAMION,CAMIONETA,EMERGENCIAS,ESPECIAL,FURGONETA,MOTOCICLETA,NO_IDENTIFICADO,SCOOTER_ELECTRICO,TRICIMOTO,VEHICULO_DEPORTIVO_UTILITARIO,SUMA_DE_VEHICULOS,EDAD_1,SEXO_1,CONDICION_1,PARTICIPANTE_1,CASCO_1,CINTURON_1,KMeans_Cluster
28050,112367,112368,2021,0,0,-0.204095,-78.458081,PICHINCHA,QUITO,QUITO,RURAL,2021-10-14,16:30:00,16,JUEVES,4,OCTUBRE,10,NO,"CONDICIONES AMBIENTALES Y/O ATMOSFERICAS (NIEBLA, NEBLINA, GRANIZO, LLUVIA).",ESTRELLAMIENTOS,AUTOMOVIL,1,0,0,0,0,0,0,0,0,0,0,0,0,1,19,HOMBRE,ILESO,CONDUCTOR PRESENTE,NO,NO,3
28051,112371,112372,2021,0,0,-0.340702,-78.563491,PICHINCHA,QUITO,QUITO,URBANA,2021-10-14,18:30:00,18,JUEVES,4,OCTUBRE,10,NO,CONDUCIR VEHICULO SUPERANDO LOS LIMITES MAXIMOS DE VELOCIDAD.,ESTRELLAMIENTOS,AUTOMOVIL,1,0,0,0,0,0,0,0,0,0,0,0,0,1,-1,NO IDENTIFICADO,NO IDENTIFICADO,CONDUCTOR AUSENTE,NO,NO,2
28052,112373,112374,2021,0,1,-0.140017,-78.501191,PICHINCHA,QUITO,QUITO,URBANA,2021-10-14,18:40:00,18,JUEVES,4,OCTUBRE,10,NO,NO TRANSITAR POR LAS ACERAS O ZONAS DE SEGURIDAD DESTINADAS PARA EL EFECTO.,ATROPELLOS,CAMIONETA,0,0,0,0,1,0,0,0,0,0,0,0,0,1,22,HOMBRE,FALLECIDO,PEATON,NO,NO,1
28053,112377,112378,2021,0,0,-0.264261,-78.549809,PICHINCHA,QUITO,QUITO,URBANA,2021-10-14,19:25:00,19,JUEVES,4,OCTUBRE,10,NO,NO GUARDAR LA DISTANCIA LATERAL MINIMA DE SEGURIDAD ENTRE VEHICULOS.,ROZAMIENTOS,AUTOMOVIL,2,0,0,0,0,0,0,0,0,0,0,0,0,2,43,HOMBRE,ILESO,CONDUCTOR PRESENTE,NO,NO,1
28054,112380,112381,2021,0,0,-0.213054,-78.483846,PICHINCHA,QUITO,QUITO,URBANA,2021-10-14,19:47:00,19,JUEVES,4,OCTUBRE,10,NO,"NO RESPETAR LAS SENIALES REGLAMENTARIAS DE TRANSITO. (PARE, CEDA EL PASO, LUZ ROJA DEL SEMAFORO, ETC).",CHOQUE LATERAL,AUTOMOVIL,1,0,0,0,0,0,0,0,1,0,0,0,0,2,51,MUJER,ILESO,CONDUCTOR PRESENTE,NO,NO,1
28055,112382,112383,2021,0,0,-0.338935,-78.550353,PICHINCHA,QUITO,QUITO,URBANA,2021-10-14,21:00:00,21,JUEVES,4,OCTUBRE,10,NO,"NO RESPETAR LAS SENIALES REGLAMENTARIAS DE TRANSITO. (PARE, CEDA EL PASO, LUZ ROJA DEL SEMAFORO, ETC).",OTROS,AUTOMOVIL,1,0,0,0,0,0,0,0,0,0,0,0,0,1,-1,NO IDENTIFICADO,NO IDENTIFICADO,CONDUCTOR AUSENTE,NO,NO,2
28056,112384,112385,2021,0,0,-0.344769,-78.454096,PICHINCHA,RUMINIAHUI,SANGOLQUI,RURAL,2021-10-14,21:15:00,21,JUEVES,4,OCTUBRE,10,NO,"CONDUCIR DESATENTO A LAS CONDICIONES DE TRANSITO (CELULAR, PANTALLAS DE VIDEO, COMIDA, MAQUILLAJE O CUALQUIER OTRO ELEMENTO DISTRACTOR).",COLISION,AUTOMOVIL,3,0,0,0,1,0,0,0,0,0,0,0,0,4,58,HOMBRE,ILESO,CONDUCTOR PRESENTE,NO,SI,3
28057,112401,112402,2021,0,0,-0.210739,-78.421093,PICHINCHA,QUITO,TUMBACO,RURAL,2021-10-15,04:20:00,4,VIERNES,5,OCTUBRE,10,NO,"CONDUCIR EN ESTADO DE SOMNOLENCIA O MALAS CONDICIONES FISICAS (SUENIO, CANSANCIO Y FATIGA).",ESTRELLAMIENTOS,AUTOMOVIL,1,0,0,0,0,0,0,0,0,0,0,0,0,1,27,HOMBRE,ILESO,CONDUCTOR PRESENTE,NO,NO,3
28058,112405,112406,2021,1,0,-0.194699,-78.477717,PICHINCHA,QUITO,QUITO,URBANA,2021-10-15,09:15:00,9,VIERNES,5,OCTUBRE,10,NO,"NO RESPETAR LAS SENIALES REGLAMENTARIAS DE TRANSITO. (PARE, CEDA EL PASO, LUZ ROJA DEL SEMAFORO, ETC).",CHOQUE POSTERIOR,AUTOMOVIL,1,0,0,0,0,0,0,0,1,0,0,0,0,2,36,HOMBRE,LESIONADO,CONDUCTOR PRESENTE,SI,NO,1
28059,112408,112409,2021,0,0,-0.236974,-78.487124,PICHINCHA,QUITO,QUITO,URBANA,2021-10-15,10:00:00,10,VIERNES,5,OCTUBRE,10,NO,"ADELANTAR O REBASAR A OTRO VEHICULO EN MOVIMIENTO EN ZONAS O SITIOS PELIGROSOS TALES COMO: CURVAS, PUENTES, TUNELES, PENDIENTES, ETC.",ESTRELLAMIENTOS,CAMIONETA,0,0,0,0,1,0,0,0,0,0,0,0,0,1,30,HOMBRE,ILESO,CONDUCTOR PRESENTE,NO,NO,1
28060,112409,112410,2021,2,0,-0.202902,-78.491045,PICHINCHA,QUITO,QUITO,URBANA,2021-10-15,10:20:00,10,VIERNES,5,OCTUBRE,10,NO,REALIZAR CAMBIO BRUSCO O INDEBIDO DE CARRIL.,CHOQUE LATERAL,AUTOMOVIL,1,0,0,0,0,0,0,0,1,0,0,0,0,2,59,HOMBRE,LESIONADO,CONDUCTOR PRESENTE,SI,NO,1
28061,112418,112419,2021,0,0,-0.269927,-78.535201,PICHINCHA,QUITO,QUITO,URBANA,2021-10-15,13:00:00,13,VIERNES,5,OCTUBRE,10,NO,"CONDUCIR DESATENTO A LAS CONDICIONES DE TRANSITO (CELULAR, PANTALLAS DE VIDEO, COMIDA, MAQUILLAJE O CUALQUIER OTRO ELEMENTO DISTRACTOR).",ROZAMIENTOS,CAMION,1,0,0,1,0,0,0,0,0,0,0,0,0,2,43,HOMBRE,ILESO,CONDUCTOR PRESENTE,NO,NO,1
28062,112419,112420,2021,1,0,-0.097059,-78.441603,PICHINCHA,QUITO,CALDERON (CARAPUNGO),URBANA,2021-10-15,13:06:00,13,VIERNES,5,OCTUBRE,10,NO,NO TRANSITAR POR LAS ACERAS O ZONAS DE SEGURIDAD DESTINADAS PARA EL EFECTO.,ATROPELLOS,CAMIONETA,0,0,0,0,1,0,0,0,0,0,0,0,0,1,9,MUJER,LESIONADO,PEATON,NO,NO,1
28063,112437,112438,2021,0,0,-0.098143,-78.447879,PICHINCHA,QUITO,CALDERON (CARAPUNGO),URBANA,2021-10-15,18:56:00,18,VIERNES,5,OCTUBRE,10,NO,CONDUCIR VEHICULO SUPERANDO LOS LIMITES MAXIMOS DE VELOCIDAD.,ESTRELLAMIENTOS,CAMION,0,0,0,1,0,0,0,0,0,0,0,0,0,1,52,HOMBRE,ILESO,CONDUCTOR PRESENTE,NO,NO,1
28064,112441,112442,2021,0,0,-0.115517,-78.483301,PICHINCHA,QUITO,QUITO,URBANA,2021-10-15,20:00:00,20,VIERNES,5,OCTUBRE,10,NO,NO MANTENER LA DISTANCIA PRUDENCIAL CON RESPECTO AL VEHICULO QUE LE ANTECEDE.,COLISION,AUTOMOVIL,3,0,0,0,0,0,0,0,0,0,0,0,0,3,58,HOMBRE,ILESO,CONDUCTOR PRESENTE,NO,NO,1
28065,112449,112450,2021,1,0,-0.105373,-78.462381,PICHINCHA,QUITO,QUITO,URBANA,2021-10-15,21:30:00,21,VIERNES,5,OCTUBRE,10,NO,"NO RESPETAR LAS SENIALES REGLAMENTARIAS DE TRANSITO. (PARE, CEDA EL PASO, LUZ ROJA DEL SEMAFORO, ETC).",COLISION,BUS,3,0,1,0,0,0,0,0,0,0,0,0,0,4,57,MUJER,LESIONADO,PASAJERO,NO,NO,1
28066,112451,112452,2021,0,0,-0.088884,-78.439915,PICHINCHA,QUITO,CALDERON (CARAPUNGO),URBANA,2021-10-15,22:00:00,22,VIERNES,5,OCTUBRE,10,NO,CONDUCIR VEHICULO SUPERANDO LOS LIMITES MAXIMOS DE VELOCIDAD.,OTROS,AUTOMOVIL,1,0,0,0,0,0,0,0,0,0,0,0,0,1,-1,NO IDENTIFICADO,NO IDENTIFICADO,CONDUCTOR AUSENTE,NO,NO,2
28067,112466,112467,2021,0,0,-0.208624,-78.492864,PICHINCHA,QUITO,QUITO,URBANA,2021-10-16,00:30:00,0,SABADO,6,OCTUBRE,10,NO,CONDUCIR VEHICULO SUPERANDO LOS LIMITES MAXIMOS DE VELOCIDAD.,ESTRELLAMIENTOS,AUTOMOVIL,1,0,0,0,0,0,0,0,0,0,0,0,0,1,-1,NO IDENTIFICADO,NO IDENTIFICADO,CONDUCTOR AUSENTE,NO,NO,2
28068,112467,112468,2021,2,0,-0.071761,-78.473511,PICHINCHA,QUITO,POMASQUI,RURAL,2021-10-16,01:00:01,1,SABADO,6,OCTUBRE,10,NO,"NO RESPETAR LAS SENIALES REGLAMENTARIAS DE TRANSITO. (PARE, CEDA EL PASO, LUZ ROJA DEL SEMAFORO, ETC).",CHOQUE LATERAL,MOTOCICLETA,0,0,0,0,0,0,0,0,1,0,0,0,1,2,36,HOMBRE,LESIONADO,CONDUCTOR PRESENTE,NO,SI,3
28069,112478,112479,2021,2,0,-0.358481,-78.480353,PICHINCHA,QUITO,AMAGUANIA,RURAL,2021-10-16,08:15:00,8,SABADO,6,OCTUBRE,10,NO,CONDUCIR VEHICULO SUPERANDO LOS LIMITES MAXIMOS DE VELOCIDAD.,COLISION,AUTOMOVIL,4,0,0,0,0,0,0,0,0,0,0,0,0,4,58,HOMBRE,LESIONADO,CONDUCTOR PRESENTE,NO,NO,3
28070,112479,112480,2021,0,0,-0.005868,-78.445074,PICHINCHA,QUITO,SAN ANTONIO (QUITO),RURAL,2021-10-16,08:38:00,8,SABADO,6,OCTUBRE,10,NO,"CONDUCE BAJO LA INFLUENCIA DE ALCOHOL, SUSTANCIAS ESTUPEFACIENTES O PSICOTROPICAS Y/O MEDICAMENTOS.",CHOQUE LATERAL,AUTOMOVIL,2,0,0,0,0,0,0,0,0,0,0,0,0,2,31,HOMBRE,ILESO,CONDUCTOR PRESENTE,NO,NO,3
28071,112483,112484,2021,0,0,-0.324101,-78.549334,PICHINCHA,QUITO,QUITO,URBANA,2021-10-16,10:45:00,10,SABADO,6,OCTUBRE,10,NO,CONDUCIR VEHICULO SUPERANDO LOS LIMITES MAXIMOS DE VELOCIDAD.,OTROS,AUTOMOVIL,2,0,1,0,0,0,0,0,0,0,0,0,0,3,26,HOMBRE,ILESO,CONDUCTOR PRESENTE,NO,NO,1
28072,112485,112486,2021,0,0,-0.214867,-78.359609,PICHINCHA,QUITO,PIFO,RURAL,2021-10-16,12:15:00,12,SABADO,6,OCTUBRE,10,NO,CONDUCIR VEHICULO SUPERANDO LOS LIMITES MAXIMOS DE VELOCIDAD.,CHOQUE POSTERIOR,AUTOMOVIL,1,0,0,0,1,0,0,0,0,0,0,0,0,2,49,HOMBRE,ILESO,CONDUCTOR PRESENTE,NO,NO,3
28073,112492,112493,2021,0,0,-0.163073,-78.462599,PICHINCHA,QUITO,QUITO,URBANA,2021-10-16,15:35:00,15,SABADO,6,OCTUBRE,10,NO,"CONDICIONES AMBIENTALES Y/O ATMOSFERICAS (NIEBLA, NEBLINA, GRANIZO, LLUVIA).",CHOQUE LATERAL,CAMION,1,0,0,1,0,0,0,0,0,0,0,0,0,2,37,HOMBRE,ILESO,CONDUCTOR PRESENTE,NO,NO,1
28074,112493,112494,2021,0,0,-0.254229,-78.530881,PICHINCHA,QUITO,QUITO,URBANA,2021-10-16,15:50:00,15,SABADO,6,OCTUBRE,10,NO,"CONDUCE BAJO LA INFLUENCIA DE ALCOHOL, SUSTANCIAS ESTUPEFACIENTES O PSICOTROPICAS Y/O MEDICAMENTOS.",CHOQUE LATERAL,AUTOMOVIL,2,0,0,0,0,0,0,0,0,0,0,0,0,2,24,HOMBRE,ILESO,CONDUCTOR PRESENTE,NO,NO,1
28075,112499,112500,2021,0,0,-0.087609,-78.392347,PICHINCHA,QUITO,CALDERON (CARAPUNGO),RURAL,2021-10-16,16:40:00,16,SABADO,6,OCTUBRE,10,NO,"CONDICIONES AMBIENTALES Y/O ATMOSFERICAS (NIEBLA, NEBLINA, GRANIZO, LLUVIA).",PERDIDA DE CARRIL,CAMIONETA,0,0,0,0,1,0,0,0,0,0,0,0,0,1,69,HOMBRE,ILESO,CONDUCTOR PRESENTE,NO,SI,3
28076,112502,112503,2021,1,0,-0.224383,-78.496888,PICHINCHA,QUITO,QUITO,URBANA,2021-10-16,17:35:00,17,SABADO,6,OCTUBRE,10,NO,"CONDICIONES AMBIENTALES Y/O ATMOSFERICAS (NIEBLA, NEBLINA, GRANIZO, LLUVIA).",CHOQUE LATERAL,MOTOCICLETA,1,0,0,0,0,0,0,0,1,0,0,0,0,2,34,HOMBRE,LESIONADO,CONDUCTOR PRESENTE,SI,NO,1
28077,112534,112535,2021,0,0,-0.281865,-78.534304,PICHINCHA,QUITO,QUITO,URBANA,2021-10-16,23:00:00,23,SABADO,6,OCTUBRE,10,NO,"CONDUCE BAJO LA INFLUENCIA DE ALCOHOL, SUSTANCIAS ESTUPEFACIENTES O PSICOTROPICAS Y/O MEDICAMENTOS.",COLISION,CAMIONETA,1,0,0,0,2,0,0,0,0,0,0,0,0,3,48,HOMBRE,ILESO,CONDUCTOR PRESENTE,NO,NO,1
28078,112539,112540,2021,2,0,-0.214858,-78.500373,PICHINCHA,QUITO,QUITO,URBANA,2021-10-16,23:35:00,23,SABADO,6,OCTUBRE,10,NO,"CONDICIONES AMBIENTALES Y/O ATMOSFERICAS (NIEBLA, NEBLINA, GRANIZO, LLUVIA).",OTROS,AUTOMOVIL,1,0,0,0,1,0,0,0,0,0,0,0,0,2,36,HOMBRE,LESIONADO,PASAJERO,NO,NO,1
28079,112540,112541,2021,0,0,-0.247141,-78.475845,PICHINCHA,QUITO,QUITO,URBANA,2021-10-16,23:45:00,23,SABADO,6,OCTUBRE,10,NO,"CONDICIONES AMBIENTALES Y/O ATMOSFERICAS (NIEBLA, NEBLINA, GRANIZO, LLUVIA).",PERDIDA DE CARRIL,CAMIONETA,0,0,0,0,1,0,0,0,0,0,0,0,0,1,-1,NO IDENTIFICADO,NO IDENTIFICADO,CONDUCTOR AUSENTE,NO,NO,2
28080,112542,112543,2021,1,0,-0.101208,-78.448001,PICHINCHA,QUITO,CALDERON (CARAPUNGO),URBANA,2021-10-17,00:05:00,0,DOMINGO,7,OCTUBRE,10,NO,"CONDUCE BAJO LA INFLUENCIA DE ALCOHOL, SUSTANCIAS ESTUPEFACIENTES O PSICOTROPICAS Y/O MEDICAMENTOS.",ATROPELLOS,MOTOCICLETA,0,0,0,0,0,0,0,0,1,0,0,0,0,1,41,HOMBRE,LESIONADO,PEATON,NO,NO,1
28081,112547,112548,2021,0,0,-0.370685,-78.483971,PICHINCHA,QUITO,AMAGUANIA,RURAL,2021-10-17,00:45:00,0,DOMINGO,7,OCTUBRE,10,NO,CONDUCIR VEHICULO SUPERANDO LOS LIMITES MAXIMOS DE VELOCIDAD.,ESTRELLAMIENTOS,CAMIONETA,1,0,0,0,1,0,0,0,0,0,0,0,0,2,-1,NO IDENTIFICADO,NO IDENTIFICADO,CONDUCTOR AUSENTE,NO,NO,2
28082,112549,112550,2021,0,0,-0.258372,-78.544834,PICHINCHA,QUITO,QUITO,URBANA,2021-10-17,01:00:00,1,DOMINGO,7,OCTUBRE,10,NO,CONDUCIR VEHICULO SUPERANDO LOS LIMITES MAXIMOS DE VELOCIDAD.,ESTRELLAMIENTOS,AUTOMOVIL,1,0,0,0,0,0,0,0,0,0,0,0,0,1,-1,NO IDENTIFICADO,NO IDENTIFICADO,CONDUCTOR AUSENTE,NO,NO,2
28083,112551,112552,2021,0,0,-0.105273,-78.462381,PICHINCHA,QUITO,QUITO,URBANA,2021-10-17,01:30:00,1,DOMINGO,7,OCTUBRE,10,NO,"CONDUCE BAJO LA INFLUENCIA DE ALCOHOL, SUSTANCIAS ESTUPEFACIENTES O PSICOTROPICAS Y/O MEDICAMENTOS.",OTROS,AUTOMOVIL,2,0,0,0,0,0,0,0,0,0,0,0,0,2,31,HOMBRE,ILESO,CONDUCTOR PRESENTE,NO,NO,1
28084,112553,112554,2021,0,0,-0.346068,-78.485844,PICHINCHA,QUITO,AMAGUANIA,RURAL,2021-10-17,01:50:00,1,DOMINGO,7,OCTUBRE,10,NO,"CONDUCE BAJO LA INFLUENCIA DE ALCOHOL, SUSTANCIAS ESTUPEFACIENTES O PSICOTROPICAS Y/O MEDICAMENTOS.",CHOQUE FRONTAL,AUTOMOVIL,2,0,0,0,0,0,0,0,0,0,0,0,0,2,25,HOMBRE,ILESO,CONDUCTOR PRESENTE,NO,NO,3
28085,112556,112557,2021,0,0,-0.162766,-78.478586,PICHINCHA,QUITO,QUITO,URBANA,2021-10-17,02:15:00,2,DOMINGO,7,OCTUBRE,10,NO,"CONDICIONES AMBIENTALES Y/O ATMOSFERICAS (NIEBLA, NEBLINA, GRANIZO, LLUVIA).",OTROS,AUTOMOVIL,3,0,0,0,0,0,0,0,0,0,0,0,0,3,55,HOMBRE,ILESO,CONDUCTOR PRESENTE,NO,NO,1
28086,112558,112559,2021,1,0,-0.067966,-78.372486,PICHINCHA,QUITO,GUAYLLABAMBA,RURAL,2021-10-17,02:40:00,2,DOMINGO,7,OCTUBRE,10,NO,"CONDUCIR DESATENTO A LAS CONDICIONES DE TRANSITO (CELULAR, PANTALLAS DE VIDEO, COMIDA, MAQUILLAJE O CUALQUIER OTRO ELEMENTO DISTRACTOR).",PERDIDA DE CARRIL,AUTOMOVIL,1,0,0,0,0,0,0,0,0,0,0,0,0,1,29,HOMBRE,LESIONADO,PASAJERO,NO,SI,3
28087,112566,112567,2021,0,0,-0.204358,-78.490011,PICHINCHA,QUITO,QUITO,URBANA,2021-10-17,04:10:00,4,DOMINGO,7,OCTUBRE,10,NO,"CONDUCE BAJO LA INFLUENCIA DE ALCOHOL, SUSTANCIAS ESTUPEFACIENTES O PSICOTROPICAS Y/O MEDICAMENTOS.",ESTRELLAMIENTOS,AUTOMOVIL,1,0,0,0,0,0,0,0,0,0,0,0,0,1,36,HOMBRE,ILESO,CONDUCTOR PRESENTE,NO,NO,1
28088,112585,112586,2021,0,0,-0.261651,-78.528897,PICHINCHA,QUITO,QUITO,URBANA,2021-10-17,10:40:00,10,DOMINGO,7,OCTUBRE,10,NO,"CONDUCE BAJO LA INFLUENCIA DE ALCOHOL, SUSTANCIAS ESTUPEFACIENTES O PSICOTROPICAS Y/O MEDICAMENTOS.",CHOQUE LATERAL,AUTOMOVIL,2,0,0,0,0,0,0,0,0,0,0,0,0,2,33,HOMBRE,ILESO,CONDUCTOR PRESENTE,NO,NO,1
28089,112593,112594,2021,1,0,-0.231578,-78.523838,PICHINCHA,QUITO,QUITO,URBANA,2021-10-17,14:25:00,14,DOMINGO,7,OCTUBRE,10,NO,NO CEDER EL DERECHO DE VIA O PREFERENCIA DE PASO AL PEATON.,ATROPELLOS,MOTOCICLETA,0,0,0,0,0,0,0,0,1,0,0,0,0,1,56,HOMBRE,LESIONADO,PEATON,NO,NO,1
28090,112594,112595,2021,1,1,-0.192101,-78.488368,PICHINCHA,QUITO,QUITO,URBANA,2021-10-17,14:48:00,14,DOMINGO,7,OCTUBRE,10,NO,"CONDUCE BAJO LA INFLUENCIA DE ALCOHOL, SUSTANCIAS ESTUPEFACIENTES O PSICOTROPICAS Y/O MEDICAMENTOS.",CHOQUE LATERAL,MOTOCICLETA,1,0,0,0,0,0,0,0,1,0,0,0,0,2,23,MUJER,FALLECIDO,PASAJERO,SI,NO,1
28091,112604,112605,2021,2,0,-0.450916,-78.760194,PICHINCHA,MEJIA,MANUEL CORNEJO ASTORGA,RURAL,2021-10-17,17:30:00,17,DOMINGO,7,OCTUBRE,10,NO,"CONDUCIR DESATENTO A LAS CONDICIONES DE TRANSITO (CELULAR, PANTALLAS DE VIDEO, COMIDA, MAQUILLAJE O CUALQUIER OTRO ELEMENTO DISTRACTOR).",PERDIDA DE PISTA,AUTOMOVIL,1,0,0,1,0,0,0,0,0,0,0,0,0,2,40,HOMBRE,LESIONADO,CONDUCTOR PRESENTE,NO,NO,3
28092,112611,112612,2021,0,0,-0.293724,-78.476486,PICHINCHA,QUITO,CONOCOTO,URBANA,2021-10-17,18:20:00,18,DOMINGO,7,OCTUBRE,10,NO,"CONDICIONES AMBIENTALES Y/O ATMOSFERICAS (NIEBLA, NEBLINA, GRANIZO, LLUVIA).",OTROS,AUTOMOVIL,3,0,0,0,0,0,0,0,0,0,0,0,0,3,30,HOMBRE,ILESO,CONDUCTOR PRESENTE,NO,NO,1
28093,112613,112614,2021,0,0,-0.232483,-78.448305,PICHINCHA,QUITO,CUMBAYA,RURAL,2021-10-17,18:30:00,18,DOMINGO,7,OCTUBRE,10,NO,"FALLA MECANICA EN LOS SISTEMAS Y/O NEUMATICOS (SISTEMA DE FRENOS, DIRECCION, ELECTRONICO O MECANICO).",ESTRELLAMIENTOS,AUTOMOVIL,1,0,0,0,0,0,0,0,0,0,0,0,0,1,66,HOMBRE,ILESO,CONDUCTOR PRESENTE,NO,NO,3
28094,112619,112620,2021,0,0,-0.312339,-78.541991,PICHINCHA,QUITO,QUITO,URBANA,2021-10-17,19:20:00,19,DOMINGO,7,OCTUBRE,10,NO,CONDUCIR VEHICULO SUPERANDO LOS LIMITES MAXIMOS DE VELOCIDAD.,ESTRELLAMIENTOS,NO IDENTIFICADO,0,0,0,0,0,0,0,0,0,1,0,0,0,1,-1,NO IDENTIFICADO,NO IDENTIFICADO,CONDUCTOR AUSENTE,NO,NO,2
28095,112633,112634,2021,0,0,-0.247893,-78.507836,PICHINCHA,QUITO,QUITO,URBANA,2021-10-17,22:40:00,22,DOMINGO,7,OCTUBRE,10,NO,REALIZAR CAMBIO BRUSCO O INDEBIDO DE CARRIL.,CHOQUE FRONTAL,AUTOMOVIL,2,0,0,0,0,0,0,0,0,0,0,0,0,2,49,HOMBRE,ILESO,CONDUCTOR PRESENTE,NO,NO,1
28096,112638,112639,2021,6,0,-0.438713,-78.706183,PICHINCHA,MEJIA,ALOAG,RURAL,2021-10-18,04:05:00,4,LUNES,1,OCTUBRE,10,NO,"CONDUCIR DESATENTO A LAS CONDICIONES DE TRANSITO (CELULAR, PANTALLAS DE VIDEO, COMIDA, MAQUILLAJE O CUALQUIER OTRO ELEMENTO DISTRACTOR).",PERDIDA DE PISTA,CAMIONETA,0,0,0,0,1,0,0,0,0,0,0,0,0,1,-1,NO IDENTIFICADO,LESIONADO,PASAJERO,NO,NO,3
28097,112641,112642,2021,1,0,-0.192308,-78.496791,PICHINCHA,QUITO,QUITO,URBANA,2021-10-18,06:50:00,6,LUNES,1,OCTUBRE,10,NO,"NO RESPETAR LAS SENIALES REGLAMENTARIAS DE TRANSITO. (PARE, CEDA EL PASO, LUZ ROJA DEL SEMAFORO, ETC).",CHOQUE LATERAL,MOTOCICLETA,1,0,0,0,0,0,0,0,1,0,0,0,0,2,25,HOMBRE,LESIONADO,CONDUCTOR PRESENTE,SI,NO,1
28098,112651,112652,2021,2,0,-0.119322,-78.500886,PICHINCHA,QUITO,QUITO,URBANA,2021-10-18,10:45:00,10,LUNES,1,OCTUBRE,10,NO,"NO RESPETAR LAS SENIALES REGLAMENTARIAS DE TRANSITO. (PARE, CEDA EL PASO, LUZ ROJA DEL SEMAFORO, ETC).",CHOQUE LATERAL,AUTOMOVIL,1,0,0,0,0,0,0,0,1,0,0,0,0,2,58,HOMBRE,LESIONADO,CONDUCTOR PRESENTE,NO,NO,1
28099,112657,112658,2021,2,0,-0.188466,-78.499692,PICHINCHA,QUITO,QUITO,URBANA,2021-10-18,12:45:00,12,LUNES,1,OCTUBRE,10,NO,"CONDUCE BAJO LA INFLUENCIA DE ALCOHOL, SUSTANCIAS ESTUPEFACIENTES O PSICOTROPICAS Y/O MEDICAMENTOS.",CHOQUE LATERAL,AUTOMOVIL,2,0,0,0,0,0,0,0,0,0,0,0,0,2,84,HOMBRE,LESIONADO,CONDUCTOR PRESENTE,NO,NO,1
28100,112665,112666,2021,0,0,-0.228124,-78.486068,PICHINCHA,QUITO,QUITO,URBANA,2021-10-18,15:40:00,15,LUNES,1,OCTUBRE,10,NO,"CONDICIONES AMBIENTALES Y/O ATMOSFERICAS (NIEBLA, NEBLINA, GRANIZO, LLUVIA).",COLISION,BUS,0,0,2,1,0,0,0,1,0,0,0,0,0,4,49,HOMBRE,ILESO,CONDUCTOR PRESENTE,NO,NO,1
28101,112666,112667,2021,1,0,-0.195062,-78.445436,PICHINCHA,QUITO,CUMBAYA,RURAL,2021-10-18,15:45:00,15,LUNES,1,OCTUBRE,10,NO,"CONDICIONES AMBIENTALES Y/O ATMOSFERICAS (NIEBLA, NEBLINA, GRANIZO, LLUVIA).",OTROS,CAMIONETA,2,0,0,0,1,0,0,0,0,0,0,0,0,3,15,MUJER,LESIONADO,PASAJERO,NO,NO,3
28102,112668,112669,2021,1,0,-0.310492,-78.564208,PICHINCHA,QUITO,QUITO,URBANA,2021-10-18,16:17:00,16,LUNES,1,OCTUBRE,10,NO,NO CEDER EL DERECHO DE VIA O PREFERENCIA DE PASO AL PEATON.,ARROLLAMIENTOS,BUS,0,0,1,0,0,0,0,0,0,0,0,0,0,1,7,MUJER,LESIONADO,PEATON,NO,NO,1
28103,112681,112682,2021,1,0,-0.163331,-78.489608,PICHINCHA,QUITO,QUITO,URBANA,2021-10-18,20:20:00,20,LUNES,1,OCTUBRE,10,NO,"NO RESPETAR LAS SENIALES REGLAMENTARIAS DE TRANSITO. (PARE, CEDA EL PASO, LUZ ROJA DEL SEMAFORO, ETC).",CHOQUE LATERAL,MOTOCICLETA,0,0,0,0,0,0,0,0,1,1,0,0,0,2,24,HOMBRE,LESIONADO,CONDUCTOR PRESENTE,SI,NO,1
28104,112687,112688,2021,0,0,-0.192252,-78.457103,PICHINCHA,QUITO,QUITO,URBANA,2021-10-19,00:50:00,0,MARTES,2,OCTUBRE,10,NO,CONDUCIR VEHICULO SUPERANDO LOS LIMITES MAXIMOS DE VELOCIDAD.,ESTRELLAMIENTOS,FURGONETA,0,0,0,0,0,0,0,1,0,0,0,0,0,1,-1,NO IDENTIFICADO,NO IDENTIFICADO,CONDUCTOR AUSENTE,NO,NO,2
28105,112689,112690,2021,0,0,-0.290965,-78.567131,PICHINCHA,QUITO,QUITO,URBANA,2021-10-19,02:50:00,2,MARTES,2,OCTUBRE,10,NO,CONDUCIR VEHICULO SUPERANDO LOS LIMITES MAXIMOS DE VELOCIDAD.,ESTRELLAMIENTOS,AUTOMOVIL,1,0,0,0,0,0,0,0,0,0,0,0,0,1,-1,NO IDENTIFICADO,NO IDENTIFICADO,CONDUCTOR AUSENTE,NO,NO,2
28106,112692,112693,2021,1,0,-0.144973,-78.469451,PICHINCHA,QUITO,QUITO,URBANA,2021-10-19,03:45:00,3,MARTES,2,OCTUBRE,10,NO,NO MANTENER LA DISTANCIA PRUDENCIAL CON RESPECTO AL VEHICULO QUE LE ANTECEDE.,ESTRELLAMIENTOS,AUTOMOVIL,2,0,0,0,0,0,0,0,0,0,0,0,0,2,20,HOMBRE,LESIONADO,PASAJERO,NO,NO,1