,Unnamed: 0,ID,ANIO,LESIONADOS,FALLECIDOS,LATITUD_Y,LONGITUD_X,PROVINCIA,CANTON,PARROQUIA,ZONA,FECHA,HORA,PERIODO_2,DIA_1,DIA_2,MES_1,MES_2,FERIADO,CAUSA_PROBABLE,TIPO_DE_SINIESTRO,TIPO_DE_VEHICULO_1,AUTOMOVIL,BICICLETA,BUS,CAMION,CAMIONETA,EMERGENCIAS,ESPECIAL,FURGONETA,MOTOCICLETA,NO_IDENTIFICADO,SCOOTER_ELECTRICO,TRICIMOTO,VEHICULO_DEPORTIVO_UTILITARIO,SUMA_DE_VEHICULOS,EDAD_1,SEXO_1,CONDICION_1,PARTICIPANTE_1,CASCO_1,CINTURON_1,KMeans_Cluster
28107,112710,112711,2021,1,0,-0.084163,-78.418921,PICHINCHA,QUITO,CALDERON (CARAPUNGO),URBANA,2021-10-19,14:20:00,14,MARTES,2,OCTUBRE,10,NO,REALIZAR CAMBIO BRUSCO O INDEBIDO DE CARRIL.,CHOQUE LATERAL,MOTOCICLETA,0,0,0,0,0,0,0,0,1,1,0,0,0,2,24,HOMBRE,LESIONADO,CONDUCTOR PRESENTE,SI,NO,1
28108,112728,112729,2021,0,0,-0.250641,-78.538033,PICHINCHA,QUITO,QUITO,URBANA,2021-10-20,00:30:00,0,MIERCOLES,3,OCTUBRE,10,NO,"CONDUCE BAJO LA INFLUENCIA DE ALCOHOL, SUSTANCIAS ESTUPEFACIENTES O PSICOTROPICAS Y/O MEDICAMENTOS.",CHOQUE POSTERIOR,AUTOMOVIL,2,0,0,0,0,0,0,0,0,0,0,0,0,2,29,HOMBRE,ILESO,CONDUCTOR PRESENTE,NO,NO,1
28109,112733,112734,2021,0,1,-0.182941,-78.489672,PICHINCHA,QUITO,QUITO,URBANA,2021-10-20,03:00:00,3,MIERCOLES,3,OCTUBRE,10,NO,CONDUCIR VEHICULO SUPERANDO LOS LIMITES MAXIMOS DE VELOCIDAD.,VOLCAMIENTOS,MOTOCICLETA,0,0,0,0,0,0,0,0,1,0,0,0,0,1,27,HOMBRE,FALLECIDO,CONDUCTOR PRESENTE,SI,NO,1
28110,112735,112736,2021,0,0,-0.210801,-78.503231,PICHINCHA,QUITO,QUITO,URBANA,2021-10-20,07:00:00,7,MIERCOLES,3,OCTUBRE,10,NO,NO CEDER EL DERECHO DE VIA O PREFERENCIA DE PASO A VEHICULOS.,CHOQUE LATERAL,AUTOMOVIL,2,0,0,0,0,0,0,0,0,0,0,0,0,2,35,MUJER,ILESO,CONDUCTOR PRESENTE,NO,NO,1
28111,112739,112740,2021,1,0,-0.206328,-78.501901,PICHINCHA,QUITO,QUITO,URBANA,2021-10-20,09:20:00,9,MIERCOLES,3,OCTUBRE,10,NO,"NO RESPETAR LAS SENIALES REGLAMENTARIAS DE TRANSITO. (PARE, CEDA EL PASO, LUZ ROJA DEL SEMAFORO, ETC).",CHOQUE LATERAL,AUTOMOVIL,2,0,0,0,0,0,0,0,0,0,0,0,0,2,25,MUJER,LESIONADO,PASAJERO,NO,NO,1
28112,112745,112746,2021,0,0,-0.164687,-78.468089,PICHINCHA,QUITO,QUITO,URBANA,2021-10-20,13:20:00,13,MIERCOLES,3,OCTUBRE,10,NO,"CONDICIONES AMBIENTALES Y/O ATMOSFERICAS (NIEBLA, NEBLINA, GRANIZO, LLUVIA).",COLISION,AUTOMOVIL,1,0,0,0,1,0,0,1,0,0,0,0,0,3,47,HOMBRE,ILESO,CONDUCTOR PRESENTE,NO,NO,1
28113,112748,112749,2021,2,0,-0.192276,-78.496002,PICHINCHA,QUITO,QUITO,URBANA,2021-10-20,14:49:00,14,MIERCOLES,3,OCTUBRE,10,NO,CONDUCIR VEHICULO SUPERANDO LOS LIMITES MAXIMOS DE VELOCIDAD.,ESTRELLAMIENTOS,AUTOMOVIL,1,0,1,0,1,0,0,0,0,0,0,0,0,3,82,HOMBRE,LESIONADO,CONDUCTOR PRESENTE,NO,NO,1
28114,112749,112750,2021,1,0,-0.203317,-78.498285,PICHINCHA,QUITO,QUITO,URBANA,2021-10-20,15:20:00,15,MIERCOLES,3,OCTUBRE,10,NO,"NO RESPETAR LAS SENIALES REGLAMENTARIAS DE TRANSITO. (PARE, CEDA EL PASO, LUZ ROJA DEL SEMAFORO, ETC).",CHOQUE LATERAL,MOTOCICLETA,0,0,0,0,0,0,0,0,1,1,0,0,0,2,26,HOMBRE,LESIONADO,CONDUCTOR PRESENTE,SI,NO,1
28115,112770,112771,2021,0,0,-0.184001,-78.491119,PICHINCHA,QUITO,QUITO,URBANA,2021-10-21,00:20:00,0,JUEVES,4,OCTUBRE,10,NO,CONDUCIR VEHICULO SUPERANDO LOS LIMITES MAXIMOS DE VELOCIDAD.,ESTRELLAMIENTOS,CAMIONETA,0,0,0,0,1,0,0,0,0,0,0,0,0,1,-1,NO IDENTIFICADO,NO IDENTIFICADO,CONDUCTOR AUSENTE,NO,NO,2
28116,112771,112772,2021,0,0,-0.120611,-78.464099,PICHINCHA,QUITO,QUITO,URBANA,2021-10-21,00:50:00,0,JUEVES,4,OCTUBRE,10,NO,CONDUCIR VEHICULO SUPERANDO LOS LIMITES MAXIMOS DE VELOCIDAD.,OTROS,AUTOMOVIL,1,0,0,0,0,0,0,0,0,0,0,0,0,1,-1,NO IDENTIFICADO,NO IDENTIFICADO,CONDUCTOR AUSENTE,NO,NO,2
28117,112772,112773,2021,0,0,-0.217446,-78.400444,PICHINCHA,QUITO,TUMBACO,RURAL,2021-10-21,01:26:00,1,JUEVES,4,OCTUBRE,10,NO,"CONDICIONES AMBIENTALES Y/O ATMOSFERICAS (NIEBLA, NEBLINA, GRANIZO, LLUVIA).",ESTRELLAMIENTOS,AUTOMOVIL,1,0,0,0,0,0,0,0,0,0,0,0,0,1,36,HOMBRE,ILESO,CONDUCTOR PRESENTE,NO,NO,3
28118,112773,112774,2021,0,0,-0.202346,-78.509235,PICHINCHA,QUITO,QUITO,URBANA,2021-10-21,01:50:00,1,JUEVES,4,OCTUBRE,10,NO,CONDUCIR VEHICULO SUPERANDO LOS LIMITES MAXIMOS DE VELOCIDAD.,ESTRELLAMIENTOS,CAMIONETA,0,0,0,0,1,0,0,0,0,0,0,0,0,1,-1,NO IDENTIFICADO,NO IDENTIFICADO,CONDUCTOR AUSENTE,NO,NO,2
28119,112774,112775,2021,0,0,-0.116769,-78.473429,PICHINCHA,QUITO,QUITO,URBANA,2021-10-21,02:20:00,2,JUEVES,4,OCTUBRE,10,NO,"CONDICIONES AMBIENTALES Y/O ATMOSFERICAS (NIEBLA, NEBLINA, GRANIZO, LLUVIA).",ESTRELLAMIENTOS,AUTOMOVIL,1,0,0,0,0,0,0,0,0,0,0,0,0,1,59,HOMBRE,ILESO,CONDUCTOR PRESENTE,NO,NO,1
28120,112775,112776,2021,0,0,-0.188793,-78.480271,PICHINCHA,QUITO,QUITO,URBANA,2021-10-21,02:45:00,2,JUEVES,4,OCTUBRE,10,NO,"FALLA MECANICA EN LOS SISTEMAS Y/O NEUMATICOS (SISTEMA DE FRENOS, DIRECCION, ELECTRONICO O MECANICO).",ESTRELLAMIENTOS,AUTOMOVIL,1,0,0,0,0,0,0,0,0,0,0,0,0,1,33,MUJER,ILESO,CONDUCTOR PRESENTE,NO,NO,1
28121,112777,112778,2021,1,0,-0.169901,-78.490188,PICHINCHA,QUITO,QUITO,URBANA,2021-10-21,05:20:00,5,JUEVES,4,OCTUBRE,10,NO,"CONDICIONES AMBIENTALES Y/O ATMOSFERICAS (NIEBLA, NEBLINA, GRANIZO, LLUVIA).",CHOQUE LATERAL,MOTOCICLETA,1,0,0,0,0,0,0,0,1,0,0,0,0,2,26,HOMBRE,LESIONADO,CONDUCTOR PRESENTE,SI,NO,1
28122,112778,112779,2021,0,0,-0.372719,-78.502947,PICHINCHA,QUITO,AMAGUANIA,RURAL,2021-10-21,06:00:00,6,JUEVES,4,OCTUBRE,10,NO,CONDUCIR VEHICULO SUPERANDO LOS LIMITES MAXIMOS DE VELOCIDAD.,VOLCAMIENTOS,EMERGENCIAS,0,0,0,0,0,1,0,0,0,0,0,0,0,1,25,HOMBRE,ILESO,CONDUCTOR PRESENTE,NO,NO,3
28123,112780,112781,2021,1,0,-0.237488,-78.484481,PICHINCHA,QUITO,QUITO,URBANA,2021-10-21,07:20:00,7,JUEVES,4,OCTUBRE,10,NO,"FALLA MECANICA EN LOS SISTEMAS Y/O NEUMATICOS (SISTEMA DE FRENOS, DIRECCION, ELECTRONICO O MECANICO).",OTROS,BUS,0,0,1,0,0,0,0,0,0,0,0,0,0,1,45,HOMBRE,LESIONADO,PASAJERO,NO,NO,1
28124,112783,112784,2021,1,0,-0.165272,-78.323392,PICHINCHA,QUITO,YARUQUI,RURAL,2021-10-21,08:15:00,8,JUEVES,4,OCTUBRE,10,NO,"CONDUCIR DESATENTO A LAS CONDICIONES DE TRANSITO (CELULAR, PANTALLAS DE VIDEO, COMIDA, MAQUILLAJE O CUALQUIER OTRO ELEMENTO DISTRACTOR).",ATROPELLOS,NO IDENTIFICADO,0,0,0,0,0,0,0,0,0,1,0,0,1,2,25,HOMBRE,LESIONADO,CONDUCTOR PRESENTE,NO,SI,3
28125,112784,112785,2021,0,0,-0.278874,-78.544571,PICHINCHA,QUITO,QUITO,URBANA,2021-10-21,08:45:00,8,JUEVES,4,OCTUBRE,10,NO,CONDUCIR VEHICULO SUPERANDO LOS LIMITES MAXIMOS DE VELOCIDAD.,CHOQUE LATERAL,MOTOCICLETA,1,0,0,0,0,0,0,0,1,0,0,0,0,2,28,HOMBRE,ILESO,CONDUCTOR PRESENTE,SI,NO,1
28126,112786,112787,2021,0,0,-0.295921,-78.543019,PICHINCHA,QUITO,QUITO,URBANA,2021-10-21,09:50:00,9,JUEVES,4,OCTUBRE,10,NO,REALIZAR CAMBIO BRUSCO O INDEBIDO DE CARRIL.,CHOQUE LATERAL,FURGONETA,1,0,0,0,0,0,0,1,0,0,0,0,0,2,27,HOMBRE,ILESO,CONDUCTOR PRESENTE,NO,NO,1
28127,112791,112792,2021,2,0,-0.122237,-78.495545,PICHINCHA,QUITO,QUITO,URBANA,2021-10-21,13:30:00,13,JUEVES,4,OCTUBRE,10,NO,"NO RESPETAR LAS SENIALES REGLAMENTARIAS DE TRANSITO. (PARE, CEDA EL PASO, LUZ ROJA DEL SEMAFORO, ETC).",CHOQUE LATERAL,MOTOCICLETA,0,0,0,0,0,0,0,0,2,0,0,0,0,2,26,HOMBRE,LESIONADO,CONDUCTOR PRESENTE,SI,NO,1
28128,112796,112797,2021,0,0,-0.113492,-78.488727,PICHINCHA,QUITO,QUITO,URBANA,2021-10-21,16:50:00,16,JUEVES,4,OCTUBRE,10,NO,"CONDUCE BAJO LA INFLUENCIA DE ALCOHOL, SUSTANCIAS ESTUPEFACIENTES O PSICOTROPICAS Y/O MEDICAMENTOS.",CHOQUE FRONTAL,AUTOMOVIL,2,0,0,0,0,0,0,0,0,0,0,0,0,2,36,HOMBRE,ILESO,CONDUCTOR PRESENTE,NO,NO,1
28129,112806,112807,2021,0,0,-0.212059,-78.440541,PICHINCHA,QUITO,CUMBAYA,RURAL,2021-10-21,19:45:00,19,JUEVES,4,OCTUBRE,10,NO,NO CEDER EL DERECHO DE VIA O PREFERENCIA DE PASO A VEHICULOS.,CHOQUE POSTERIOR,AUTOMOVIL,2,0,0,0,0,0,0,0,0,0,0,0,0,2,33,MUJER,ILESO,CONDUCTOR PRESENTE,NO,NO,3
28130,112807,112808,2021,2,0,-0.228462,-78.512752,PICHINCHA,QUITO,QUITO,URBANA,2021-10-21,20:30:00,20,JUEVES,4,OCTUBRE,10,NO,"CONDUCE BAJO LA INFLUENCIA DE ALCOHOL, SUSTANCIAS ESTUPEFACIENTES O PSICOTROPICAS Y/O MEDICAMENTOS.",OTROS,AUTOMOVIL,3,0,0,0,0,0,0,0,0,0,0,0,0,3,40,MUJER,LESIONADO,CONDUCTOR PRESENTE,NO,NO,1
28131,112808,112809,2021,2,0,-0.237587,-78.484667,PICHINCHA,QUITO,QUITO,URBANA,2021-10-21,20:35:00,20,JUEVES,4,OCTUBRE,10,NO,"ADELANTAR O REBASAR A OTRO VEHICULO EN MOVIMIENTO EN ZONAS O SITIOS PELIGROSOS TALES COMO: CURVAS, PUENTES, TUNELES, PENDIENTES, ETC.",ESTRELLAMIENTOS,CAMION,0,0,0,1,0,0,1,0,0,0,0,0,0,2,46,MUJER,LESIONADO,PASAJERO,NO,NO,1
28132,112809,112810,2021,3,0,-0.184651,-78.490776,PICHINCHA,QUITO,QUITO,URBANA,2021-10-21,20:37:00,20,JUEVES,4,OCTUBRE,10,NO,"NO RESPETAR LAS SENIALES REGLAMENTARIAS DE TRANSITO. (PARE, CEDA EL PASO, LUZ ROJA DEL SEMAFORO, ETC).",CHOQUE POSTERIOR,AUTOMOVIL,2,0,0,0,0,0,0,0,0,0,0,0,0,2,55,HOMBRE,LESIONADO,CONDUCTOR PRESENTE,NO,NO,1
28133,112819,112820,2021,0,0,-0.227231,-78.493568,PICHINCHA,QUITO,QUITO,URBANA,2021-10-22,01:50:00,1,VIERNES,5,OCTUBRE,10,NO,"FALLA MECANICA EN LOS SISTEMAS Y/O NEUMATICOS (SISTEMA DE FRENOS, DIRECCION, ELECTRONICO O MECANICO).",ESTRELLAMIENTOS,AUTOMOVIL,1,0,0,0,0,0,0,0,0,0,0,0,0,1,27,HOMBRE,ILESO,CONDUCTOR PRESENTE,NO,NO,1
28134,112830,112831,2021,1,0,-0.406507,-78.546767,PICHINCHA,MEJIA,TAMBILLO (MEJIA),RURAL,2021-10-22,06:45:00,6,VIERNES,5,OCTUBRE,10,NO,"CONDUCIR DESATENTO A LAS CONDICIONES DE TRANSITO (CELULAR, PANTALLAS DE VIDEO, COMIDA, MAQUILLAJE O CUALQUIER OTRO ELEMENTO DISTRACTOR).",ATROPELLOS,AUTOMOVIL,1,0,0,0,0,0,0,0,0,0,0,0,0,1,58,HOMBRE,LESIONADO,PEATON,NO,SI,3
28135,112831,112832,2021,1,0,-0.135711,-78.482262,PICHINCHA,QUITO,QUITO,URBANA,2021-10-22,07:00:00,7,VIERNES,5,OCTUBRE,10,NO,PEATON QUE CRUZA LA CALZADA SIN RESPETAR LA SENIALIZACION EXISTENTE (SEMAFOROS O SENIALES MANUALES).,ATROPELLOS,AUTOMOVIL,1,0,0,0,0,0,0,0,0,0,0,0,0,1,23,HOMBRE,LESIONADO,PEATON,NO,NO,1
28136,112835,112836,2021,1,0,-0.287593,-78.489165,PICHINCHA,QUITO,CONOCOTO,URBANA,2021-10-22,08:30:00,8,VIERNES,5,OCTUBRE,10,NO,"NO RESPETAR LAS SENIALES REGLAMENTARIAS DE TRANSITO. (PARE, CEDA EL PASO, LUZ ROJA DEL SEMAFORO, ETC).",CHOQUE LATERAL,MOTOCICLETA,0,0,0,0,0,0,0,0,1,1,0,0,0,2,20,HOMBRE,LESIONADO,CONDUCTOR PRESENTE,SI,NO,1
28137,112842,112843,2021,1,0,-0.089832,-78.476221,PICHINCHA,QUITO,QUITO,URBANA,2021-10-22,11:54:00,11,VIERNES,5,OCTUBRE,10,NO,"NO RESPETAR LAS SENIALES REGLAMENTARIAS DE TRANSITO. (PARE, CEDA EL PASO, LUZ ROJA DEL SEMAFORO, ETC).",CHOQUE LATERAL,CAMIONETA,0,0,0,0,1,0,0,0,1,0,0,0,0,2,21,HOMBRE,LESIONADO,CONDUCTOR PRESENTE,SI,NO,1
28138,112843,112844,2021,1,0,-0.257423,-78.451871,PICHINCHA,QUITO,GUANGOPOLO,URBANA,2021-10-22,12:00:00,12,VIERNES,5,OCTUBRE,10,NO,NO TRANSITAR POR LAS ACERAS O ZONAS DE SEGURIDAD DESTINADAS PARA EL EFECTO.,ATROPELLOS,AUTOMOVIL,1,0,0,0,0,0,0,0,0,0,0,0,0,1,7,MUJER,LESIONADO,PEATON,NO,NO,1
28139,112844,112845,2021,1,0,-0.212824,-78.402686,PICHINCHA,QUITO,TUMBACO,RURAL,2021-10-22,12:05:00,12,VIERNES,5,OCTUBRE,10,NO,NO TRANSITAR POR LAS ACERAS O ZONAS DE SEGURIDAD DESTINADAS PARA EL EFECTO.,ATROPELLOS,MOTOCICLETA,0,0,0,0,0,0,0,0,1,0,0,0,0,1,34,MUJER,LESIONADO,PEATON,NO,NO,3
28140,112845,112846,2021,0,0,-0.162697,-78.479295,PICHINCHA,QUITO,QUITO,URBANA,2021-10-22,13:20:00,13,VIERNES,5,OCTUBRE,10,NO,"CONDICIONES AMBIENTALES Y/O ATMOSFERICAS (NIEBLA, NEBLINA, GRANIZO, LLUVIA).",CHOQUE LATERAL,AUTOMOVIL,2,0,0,0,0,0,0,0,0,0,0,0,0,2,30,HOMBRE,ILESO,CONDUCTOR PRESENTE,NO,NO,1
28141,112864,112865,2021,0,1,-0.321501,-78.486279,PICHINCHA,QUITO,AMAGUANIA,URBANA,2021-10-22,19:15:00,19,VIERNES,5,OCTUBRE,10,NO,"FALLA MECANICA EN LOS SISTEMAS Y/O NEUMATICOS (SISTEMA DE FRENOS, DIRECCION, ELECTRONICO O MECANICO).",ESTRELLAMIENTOS,AUTOMOVIL,1,0,0,0,0,0,0,0,0,0,0,0,0,1,55,HOMBRE,FALLECIDO,CONDUCTOR PRESENTE,NO,NO,1
28142,112868,112869,2021,1,0,-0.203732,-78.510533,PICHINCHA,QUITO,QUITO,URBANA,2021-10-22,19:50:00,19,VIERNES,5,OCTUBRE,10,NO,CONDUCIR VEHICULO SUPERANDO LOS LIMITES MAXIMOS DE VELOCIDAD.,ESTRELLAMIENTOS,MOTOCICLETA,0,0,0,0,0,0,0,0,1,0,0,0,0,1,57,HOMBRE,LESIONADO,CONDUCTOR PRESENTE,SI,NO,1
28143,112870,112871,2021,0,1,-0.253343,-78.537209,PICHINCHA,QUITO,QUITO,URBANA,2021-10-22,20:20:00,20,VIERNES,5,OCTUBRE,10,NO,"NO RESPETAR LAS SENIALES REGLAMENTARIAS DE TRANSITO. (PARE, CEDA EL PASO, LUZ ROJA DEL SEMAFORO, ETC).",ATROPELLOS,AUTOMOVIL,1,0,0,0,0,0,0,0,0,1,0,0,0,2,48,MUJER,FALLECIDO,PEATON,NO,NO,1
28144,112875,112876,2021,2,0,-0.297762,-78.550301,PICHINCHA,QUITO,QUITO,URBANA,2021-10-22,21:00:00,21,VIERNES,5,OCTUBRE,10,NO,"NO RESPETAR LAS SENIALES REGLAMENTARIAS DE TRANSITO. (PARE, CEDA EL PASO, LUZ ROJA DEL SEMAFORO, ETC).",CHOQUE LATERAL,MOTOCICLETA,0,0,0,0,0,0,0,0,1,1,0,0,0,2,26,HOMBRE,LESIONADO,PASAJERO,NO,NO,1
28145,112884,112885,2021,0,0,-0.212882,-78.402686,PICHINCHA,QUITO,TUMBACO,RURAL,2021-10-22,23:00:00,23,VIERNES,5,OCTUBRE,10,NO,"CONDUCE BAJO LA INFLUENCIA DE ALCOHOL, SUSTANCIAS ESTUPEFACIENTES O PSICOTROPICAS Y/O MEDICAMENTOS.",CHOQUE LATERAL,AUTOMOVIL,2,0,0,0,0,0,0,0,0,0,0,0,0,2,21,HOMBRE,ILESO,CONDUCTOR PRESENTE,NO,NO,3
28146,112885,112886,2021,1,0,-0.203056,-78.453981,PICHINCHA,QUITO,CUMBAYA,RURAL,2021-10-22,23:15:00,23,VIERNES,5,OCTUBRE,10,NO,"CONDICIONES AMBIENTALES Y/O ATMOSFERICAS (NIEBLA, NEBLINA, GRANIZO, LLUVIA).",ESTRELLAMIENTOS,AUTOMOVIL,1,0,0,1,0,0,0,0,0,0,0,0,0,2,43,HOMBRE,LESIONADO,PASAJERO,NO,NO,3
28147,112891,112892,2021,0,0,-0.229018,-78.508621,PICHINCHA,QUITO,QUITO,URBANA,2021-10-23,00:45:00,0,SABADO,6,OCTUBRE,10,NO,"CONDICIONES AMBIENTALES Y/O ATMOSFERICAS (NIEBLA, NEBLINA, GRANIZO, LLUVIA).",OTROS,AUTOMOVIL,1,0,0,0,0,0,0,0,0,0,0,0,0,1,-1,NO IDENTIFICADO,NO IDENTIFICADO,CONDUCTOR AUSENTE,NO,NO,2
28148,112893,112894,2021,0,0,-0.304714,-78.416503,PICHINCHA,QUITO,ALANGASI,RURAL,2021-10-23,01:20:00,1,SABADO,6,OCTUBRE,10,NO,CONDUCIR VEHICULO SUPERANDO LOS LIMITES MAXIMOS DE VELOCIDAD.,ESTRELLAMIENTOS,AUTOMOVIL,1,0,0,0,0,0,0,0,0,0,0,0,0,1,-1,NO IDENTIFICADO,NO IDENTIFICADO,CONDUCTOR AUSENTE,NO,NO,2
28149,112895,112896,2021,2,0,-0.242475,-78.497488,PICHINCHA,QUITO,QUITO,URBANA,2021-10-23,01:40:00,1,SABADO,6,OCTUBRE,10,NO,"CONDUCE BAJO LA INFLUENCIA DE ALCOHOL, SUSTANCIAS ESTUPEFACIENTES O PSICOTROPICAS Y/O MEDICAMENTOS.",CHOQUE FRONTAL,AUTOMOVIL,1,0,0,0,1,0,0,0,0,0,0,0,0,2,41,HOMBRE,LESIONADO,PASAJERO,NO,NO,1
28150,112896,112897,2021,1,0,-0.336561,-78.549989,PICHINCHA,QUITO,QUITO,URBANA,2021-10-23,01:45:00,1,SABADO,6,OCTUBRE,10,NO,CONDUCIR VEHICULO SUPERANDO LOS LIMITES MAXIMOS DE VELOCIDAD.,CHOQUE POSTERIOR,AUTOMOVIL,1,0,0,0,0,0,0,0,1,0,0,0,0,2,38,HOMBRE,LESIONADO,CONDUCTOR PRESENTE,SI,NO,1
28151,112900,112901,2021,0,0,-0.250075,-78.517985,PICHINCHA,QUITO,QUITO,URBANA,2021-10-23,04:50:00,4,SABADO,6,OCTUBRE,10,NO,CONDUCIR VEHICULO SUPERANDO LOS LIMITES MAXIMOS DE VELOCIDAD.,ESTRELLAMIENTOS,FURGONETA,0,0,0,0,0,0,0,1,0,0,0,0,0,1,-1,NO IDENTIFICADO,NO IDENTIFICADO,CONDUCTOR AUSENTE,NO,NO,2
28152,112904,112905,2021,0,0,-0.105384,-78.497732,PICHINCHA,QUITO,QUITO,URBANA,2021-10-23,05:40:00,5,SABADO,6,OCTUBRE,10,NO,"NO RESPETAR LAS SENIALES REGLAMENTARIAS DE TRANSITO. (PARE, CEDA EL PASO, LUZ ROJA DEL SEMAFORO, ETC).",CHOQUE POSTERIOR,FURGONETA,1,0,0,0,0,0,0,1,0,0,0,0,0,2,41,HOMBRE,ILESO,CONDUCTOR PRESENTE,NO,NO,1
28153,112905,112906,2021,0,1,-0.265365,-78.502429,PICHINCHA,QUITO,CONOCOTO,URBANA,2021-10-23,05:45:00,5,SABADO,6,OCTUBRE,10,NO,CONDUCIR VEHICULO SUPERANDO LOS LIMITES MAXIMOS DE VELOCIDAD.,OTROS,MOTOCICLETA,0,0,0,0,0,0,0,0,1,0,0,0,0,1,31,HOMBRE,FALLECIDO,CONDUCTOR PRESENTE,SI,NO,1
28154,112907,112908,2021,0,0,-0.289225,-78.545321,PICHINCHA,QUITO,QUITO,URBANA,2021-10-23,05:50:00,5,SABADO,6,OCTUBRE,10,NO,CONDUCIR VEHICULO SUPERANDO LOS LIMITES MAXIMOS DE VELOCIDAD.,ESTRELLAMIENTOS,AUTOMOVIL,1,0,0,0,0,0,0,0,0,0,0,0,0,1,-1,NO IDENTIFICADO,NO IDENTIFICADO,CONDUCTOR AUSENTE,NO,NO,2
28155,112912,112913,2021,0,1,0.117324,-78.089891,PICHINCHA,CAYAMBE,OLMEDO (PESILLO),RURAL,2021-10-23,07:00:00,7,SABADO,6,OCTUBRE,10,NO,CONDUCIR VEHICULO SUPERANDO LOS LIMITES MAXIMOS DE VELOCIDAD.,ATROPELLOS,NO IDENTIFICADO,0,0,0,0,0,0,0,0,0,1,0,0,0,1,19,MUJER,FALLECIDO,PEATON,NO,SI,3
28156,112920,112921,2021,1,0,-0.177172,-78.479417,PICHINCHA,QUITO,QUITO,URBANA,2021-10-23,10:15:00,10,SABADO,6,OCTUBRE,10,NO,"NO RESPETAR LAS SENIALES REGLAMENTARIAS DE TRANSITO. (PARE, CEDA EL PASO, LUZ ROJA DEL SEMAFORO, ETC).",ROZAMIENTOS,BUS,0,0,1,0,0,0,0,0,1,0,0,0,0,2,50,HOMBRE,LESIONADO,CONDUCTOR PRESENTE,SI,NO,1
28157,112921,112922,2021,0,0,-0.210256,-78.502342,PICHINCHA,QUITO,QUITO,URBANA,2021-10-23,10:45:00,10,SABADO,6,OCTUBRE,10,NO,"NO RESPETAR LAS SENIALES REGLAMENTARIAS DE TRANSITO. (PARE, CEDA EL PASO, LUZ ROJA DEL SEMAFORO, ETC).",CHOQUE LATERAL,AUTOMOVIL,2,0,0,0,0,0,0,0,0,0,0,0,0,2,36,HOMBRE,ILESO,CONDUCTOR PRESENTE,NO,NO,1
28158,112922,112923,2021,0,0,-0.275021,-78.537391,PICHINCHA,QUITO,QUITO,URBANA,2021-10-23,11:25:00,11,SABADO,6,OCTUBRE,10,NO,CONDUCIR VEHICULO SUPERANDO LOS LIMITES MAXIMOS DE VELOCIDAD.,OTROS,AUTOMOVIL,1,0,0,0,0,0,0,0,0,0,0,0,0,1,-1,NO IDENTIFICADO,NO IDENTIFICADO,CONDUCTOR AUSENTE,NO,NO,2
28159,112926,112927,2021,2,0,-0.232665,-78.501316,PICHINCHA,QUITO,QUITO,URBANA,2021-10-23,12:55:00,12,SABADO,6,OCTUBRE,10,NO,REALIZAR CAMBIO BRUSCO O INDEBIDO DE CARRIL.,CHOQUE LATERAL,AUTOMOVIL,1,0,0,0,0,0,0,0,1,0,0,0,0,2,47,HOMBRE,LESIONADO,CONDUCTOR PRESENTE,SI,NO,1
28160,112930,112931,2021,0,0,-0.171095,-78.490623,PICHINCHA,QUITO,QUITO,URBANA,2021-10-23,13:30:00,13,SABADO,6,OCTUBRE,10,NO,"CONDICIONES AMBIENTALES Y/O ATMOSFERICAS (NIEBLA, NEBLINA, GRANIZO, LLUVIA).",CHOQUE LATERAL,AUTOMOVIL,2,0,0,0,0,0,0,0,0,0,0,0,0,2,30,MUJER,ILESO,CONDUCTOR PRESENTE,NO,NO,1
28161,112931,112932,2021,0,0,-0.211111,-78.419444,PICHINCHA,QUITO,TUMBACO,RURAL,2021-10-23,13:30:00,13,SABADO,6,OCTUBRE,10,NO,"CONDICIONES AMBIENTALES Y/O ATMOSFERICAS (NIEBLA, NEBLINA, GRANIZO, LLUVIA).",ESTRELLAMIENTOS,CAMION,0,0,0,1,0,0,0,0,0,0,0,0,0,1,39,HOMBRE,ILESO,CONDUCTOR PRESENTE,NO,NO,3
28162,112933,112934,2021,0,0,-0.099083,-78.421844,PICHINCHA,QUITO,CALDERON (CARAPUNGO),URBANA,2021-10-23,14:00:00,14,SABADO,6,OCTUBRE,10,NO,NO MANTENER LA DISTANCIA PRUDENCIAL CON RESPECTO AL VEHICULO QUE LE ANTECEDE.,CHOQUE POSTERIOR,AUTOMOVIL,2,0,0,0,0,0,0,0,0,0,0,0,0,2,34,HOMBRE,ILESO,CONDUCTOR PRESENTE,NO,NO,1
28163,112938,112939,2021,0,0,-0.191286,-78.498571,PICHINCHA,QUITO,QUITO,URBANA,2021-10-23,15:30:00,15,SABADO,6,OCTUBRE,10,NO,"CONDUCE BAJO LA INFLUENCIA DE ALCOHOL, SUSTANCIAS ESTUPEFACIENTES O PSICOTROPICAS Y/O MEDICAMENTOS.",CHOQUE LATERAL,AUTOMOVIL,2,0,0,0,0,0,0,0,0,0,0,0,0,2,37,HOMBRE,ILESO,CONDUCTOR PRESENTE,NO,NO,1