,Unnamed: 0,ID,ANIO,LESIONADOS,FALLECIDOS,LATITUD_Y,LONGITUD_X,PROVINCIA,CANTON,PARROQUIA,ZONA,FECHA,HORA,PERIODO_2,DIA_1,DIA_2,MES_1,MES_2,FERIADO,CAUSA_PROBABLE,TIPO_DE_SINIESTRO,TIPO_DE_VEHICULO_1,AUTOMOVIL,BICICLETA,BUS,CAMION,CAMIONETA,EMERGENCIAS,ESPECIAL,FURGONETA,MOTOCICLETA,NO_IDENTIFICADO,SCOOTER_ELECTRICO,TRICIMOTO,VEHICULO_DEPORTIVO_UTILITARIO,SUMA_DE_VEHICULOS,EDAD_1,SEXO_1,CONDICION_1,PARTICIPANTE_1,CASCO_1,CINTURON_1,KMeans_Cluster
28164,112945,112946,2021,0,0,-0.332598,-78.434672,PICHINCHA,RUMINIAHUI,SANGOLQUI,RURAL,2021-10-23,17:30:00,17,SABADO,6,OCTUBRE,10,NO,"CONDUCIR DESATENTO A LAS CONDICIONES DE TRANSITO (CELULAR, PANTALLAS DE VIDEO, COMIDA, MAQUILLAJE O CUALQUIER OTRO ELEMENTO DISTRACTOR).",CHOQUE LATERAL,CAMION,1,0,0,1,0,0,0,0,0,0,0,0,1,3,44,HOMBRE,ILESO,CONDUCTOR PRESENTE,NO,SI,3
28165,112947,112948,2021,0,0,-0.284269,-78.518971,PICHINCHA,QUITO,QUITO,URBANA,2021-10-23,18:25:00,18,SABADO,6,OCTUBRE,10,NO,CONDUCIR VEHICULO SUPERANDO LOS LIMITES MAXIMOS DE VELOCIDAD.,CHOQUE LATERAL,AUTOMOVIL,2,0,0,0,0,0,0,0,0,0,0,0,0,2,46,MUJER,ILESO,CONDUCTOR PRESENTE,NO,NO,1
28166,112954,112955,2021,0,0,-0.459781,-78.758552,PICHINCHA,MEJIA,MANUEL CORNEJO ASTORGA,RURAL,2021-10-23,19:25:00,19,SABADO,6,OCTUBRE,10,NO,"CONDUCIR DESATENTO A LAS CONDICIONES DE TRANSITO (CELULAR, PANTALLAS DE VIDEO, COMIDA, MAQUILLAJE O CUALQUIER OTRO ELEMENTO DISTRACTOR).",PERDIDA DE PISTA,AUTOMOVIL,1,0,0,0,0,0,0,0,0,0,0,0,0,1,-1,NO IDENTIFICADO,ILESO,CONDUCTOR PRESENTE,NO,NO,3
28167,112960,112961,2021,1,0,-0.299877,-78.542315,PICHINCHA,QUITO,QUITO,URBANA,2021-10-23,20:50:00,20,SABADO,6,OCTUBRE,10,NO,"PEATON TRANSITA BAJO INFLUENCIA DE ALCOHOL, SUSTANCIAS ESTUPEFACIENTES O PSICOTROPICAS Y/O MEDICAMENTOS.",ATROPELLOS,AUTOMOVIL,1,0,0,0,0,0,0,0,0,0,0,0,0,1,26,HOMBRE,LESIONADO,PEATON,NO,NO,1
28168,112963,112964,2021,0,0,-0.264263,-78.550014,PICHINCHA,QUITO,QUITO,URBANA,2021-10-23,21:15:00,21,SABADO,6,OCTUBRE,10,NO,"CONDUCE BAJO LA INFLUENCIA DE ALCOHOL, SUSTANCIAS ESTUPEFACIENTES O PSICOTROPICAS Y/O MEDICAMENTOS.",COLISION,AUTOMOVIL,3,0,0,0,0,0,0,0,0,0,0,0,0,3,49,HOMBRE,ILESO,CONDUCTOR PRESENTE,NO,NO,1
28169,112965,112966,2021,0,0,-0.237169,-78.531857,PICHINCHA,QUITO,QUITO,URBANA,2021-10-23,21:30:00,21,SABADO,6,OCTUBRE,10,NO,"CONDUCE BAJO LA INFLUENCIA DE ALCOHOL, SUSTANCIAS ESTUPEFACIENTES O PSICOTROPICAS Y/O MEDICAMENTOS.",CHOQUE FRONTAL,AUTOMOVIL,2,0,0,0,0,0,0,0,0,0,0,0,0,2,34,HOMBRE,ILESO,CONDUCTOR PRESENTE,NO,NO,1
28170,112966,112967,2021,0,0,-0.259984,-78.530791,PICHINCHA,QUITO,QUITO,URBANA,2021-10-23,21:30:00,21,SABADO,6,OCTUBRE,10,NO,CONDUCIR VEHICULO SUPERANDO LOS LIMITES MAXIMOS DE VELOCIDAD.,ESTRELLAMIENTOS,AUTOMOVIL,1,0,0,0,0,0,0,0,0,0,0,0,0,1,-1,NO IDENTIFICADO,NO IDENTIFICADO,CONDUCTOR AUSENTE,NO,NO,2
28171,112968,112969,2021,3,0,-0.212824,-78.402686,PICHINCHA,QUITO,TUMBACO,RURAL,2021-10-23,21:45:00,21,SABADO,6,OCTUBRE,10,NO,"CONDICIONES AMBIENTALES Y/O ATMOSFERICAS (NIEBLA, NEBLINA, GRANIZO, LLUVIA).",CHOQUE LATERAL,AUTOMOVIL,2,0,0,0,0,0,0,0,0,0,0,0,0,2,41,MUJER,LESIONADO,PASAJERO,NO,NO,3
28172,112977,112978,2021,0,0,-0.233646,-78.508189,PICHINCHA,QUITO,QUITO,URBANA,2021-10-24,01:35:00,1,DOMINGO,7,OCTUBRE,10,NO,"CONDICIONES AMBIENTALES Y/O ATMOSFERICAS (NIEBLA, NEBLINA, GRANIZO, LLUVIA).",ESTRELLAMIENTOS,AUTOMOVIL,1,0,0,0,0,0,0,0,0,0,0,0,0,1,-1,NO IDENTIFICADO,NO IDENTIFICADO,CONDUCTOR AUSENTE,NO,NO,2
28173,112981,112982,2021,1,0,-0.187301,-78.493585,PICHINCHA,QUITO,QUITO,URBANA,2021-10-24,02:55:00,2,DOMINGO,7,OCTUBRE,10,NO,"CONDUCE BAJO LA INFLUENCIA DE ALCOHOL, SUSTANCIAS ESTUPEFACIENTES O PSICOTROPICAS Y/O MEDICAMENTOS.",CHOQUE POSTERIOR,AUTOMOVIL,2,0,0,0,0,0,0,0,0,0,0,0,0,2,35,HOMBRE,LESIONADO,CONDUCTOR PRESENTE,NO,NO,1
28174,112985,112986,2021,1,0,-0.099083,-78.421844,PICHINCHA,QUITO,CALDERON (CARAPUNGO),URBANA,2021-10-24,03:50:00,3,DOMINGO,7,OCTUBRE,10,NO,"CONDUCE BAJO LA INFLUENCIA DE ALCOHOL, SUSTANCIAS ESTUPEFACIENTES O PSICOTROPICAS Y/O MEDICAMENTOS.",ATROPELLOS,MOTOCICLETA,0,0,0,0,0,0,0,0,1,0,0,0,0,1,21,HOMBRE,LESIONADO,CONDUCTOR PRESENTE,SI,NO,1
28175,112987,112988,2021,0,0,-0.203056,-78.458398,PICHINCHA,QUITO,QUITO,RURAL,2021-10-24,04:20:00,4,DOMINGO,7,OCTUBRE,10,NO,CONDUCIR VEHICULO SUPERANDO LOS LIMITES MAXIMOS DE VELOCIDAD.,CHOQUE POSTERIOR,AUTOMOVIL,1,0,0,1,0,0,0,0,0,0,0,0,0,2,34,HOMBRE,ILESO,CONDUCTOR PRESENTE,NO,NO,3
28176,112989,112990,2021,0,0,-0.305953,-78.470254,PICHINCHA,QUITO,CONOCOTO,URBANA,2021-10-24,05:00:00,5,DOMINGO,7,OCTUBRE,10,NO,"CONDUCIR EN ESTADO DE SOMNOLENCIA O MALAS CONDICIONES FISICAS (SUENIO, CANSANCIO Y FATIGA).",ESTRELLAMIENTOS,AUTOMOVIL,1,0,0,0,0,0,0,0,0,0,0,0,0,1,63,HOMBRE,ILESO,CONDUCTOR PRESENTE,NO,NO,1
28177,112997,112998,2021,0,0,-0.127494,-78.468766,PICHINCHA,QUITO,QUITO,URBANA,2021-10-24,07:05:00,7,DOMINGO,7,OCTUBRE,10,NO,CONDUCIR VEHICULO SUPERANDO LOS LIMITES MAXIMOS DE VELOCIDAD.,OTROS,AUTOMOVIL,1,0,0,0,0,0,0,0,0,0,0,0,0,1,-1,NO IDENTIFICADO,NO IDENTIFICADO,CONDUCTOR AUSENTE,NO,NO,2
28178,113015,113016,2021,0,0,-0.204229,-78.505757,PICHINCHA,QUITO,QUITO,URBANA,2021-10-24,14:50:00,14,DOMINGO,7,OCTUBRE,10,NO,CONDUCIR EN SENTIDO CONTRARIO A LA VIA NORMAL DE CIRCULACION.,CHOQUE LATERAL,CAMIONETA,1,0,0,0,1,0,0,0,0,0,0,0,0,2,42,HOMBRE,ILESO,CONDUCTOR PRESENTE,NO,NO,1
28179,113017,113018,2021,0,0,-0.443555,-78.711527,PICHINCHA,MEJIA,ALOAG,RURAL,2021-10-24,15:10:00,15,DOMINGO,7,OCTUBRE,10,NO,NO MANTENER LA DISTANCIA PRUDENCIAL CON RESPECTO AL VEHICULO QUE LE ANTECEDE.,COLISION,AUTOMOVIL,3,0,0,0,0,0,0,0,0,0,0,0,0,3,27,HOMBRE,ILESO,CONDUCTOR PRESENTE,NO,NO,3
28180,113026,113027,2021,2,0,-0.264019,-78.510763,PICHINCHA,QUITO,QUITO,URBANA,2021-10-24,18:00:00,18,DOMINGO,7,OCTUBRE,10,NO,"CONDUCE BAJO LA INFLUENCIA DE ALCOHOL, SUSTANCIAS ESTUPEFACIENTES O PSICOTROPICAS Y/O MEDICAMENTOS.",ATROPELLOS,AUTOMOVIL,2,0,0,0,0,0,0,0,0,0,0,0,0,2,20,HOMBRE,LESIONADO,CONDUCTOR PRESENTE,NO,NO,1
28181,113031,113032,2021,2,0,-0.166259,-78.486838,PICHINCHA,QUITO,QUITO,URBANA,2021-10-24,18:45:00,18,DOMINGO,7,OCTUBRE,10,NO,PEATON QUE CRUZA LA CALZADA SIN RESPETAR LA SENIALIZACION EXISTENTE (SEMAFOROS O SENIALES MANUALES).,ATROPELLOS,MOTOCICLETA,0,0,0,0,0,0,0,0,1,0,0,0,0,1,33,HOMBRE,LESIONADO,CONDUCTOR PRESENTE,SI,NO,1
28182,113041,113042,2021,0,0,-0.140769,-78.470154,PICHINCHA,QUITO,QUITO,URBANA,2021-10-24,20:00:00,20,DOMINGO,7,OCTUBRE,10,NO,"CONDICIONES AMBIENTALES Y/O ATMOSFERICAS (NIEBLA, NEBLINA, GRANIZO, LLUVIA).",CHOQUE POSTERIOR,AUTOMOVIL,2,0,0,0,0,0,0,0,0,0,0,0,0,2,44,HOMBRE,ILESO,CONDUCTOR PRESENTE,NO,NO,1
28183,113063,113064,2021,1,0,-0.116529,-78.458511,PICHINCHA,QUITO,QUITO,URBANA,2021-10-25,01:00:00,1,LUNES,1,OCTUBRE,10,NO,"CONDUCE BAJO LA INFLUENCIA DE ALCOHOL, SUSTANCIAS ESTUPEFACIENTES O PSICOTROPICAS Y/O MEDICAMENTOS.",ATROPELLOS,AUTOMOVIL,1,0,0,0,0,0,0,0,0,0,0,0,0,1,27,MUJER,LESIONADO,PEATON,NO,NO,1
28184,113064,113065,2021,0,0,-0.333371,-78.433642,PICHINCHA,RUMINIAHUI,SANGOLQUI,RURAL,2021-10-25,03:40:00,3,LUNES,1,OCTUBRE,10,NO,"CONDUCIR DESATENTO A LAS CONDICIONES DE TRANSITO (CELULAR, PANTALLAS DE VIDEO, COMIDA, MAQUILLAJE O CUALQUIER OTRO ELEMENTO DISTRACTOR).",CHOQUE LATERAL,AUTOMOVIL,1,0,0,0,0,0,0,0,0,0,0,0,1,2,36,MUJER,ILESO,CONDUCTOR PRESENTE,NO,SI,3
28185,113076,113077,2021,0,0,-0.142808,-78.481623,PICHINCHA,QUITO,QUITO,URBANA,2021-10-25,08:50:00,8,LUNES,1,OCTUBRE,10,NO,NO CEDER EL DERECHO DE VIA O PREFERENCIA DE PASO A VEHICULOS.,CHOQUE LATERAL,AUTOMOVIL,2,0,0,0,0,0,0,0,0,0,0,0,0,2,47,HOMBRE,ILESO,CONDUCTOR PRESENTE,NO,NO,1
28186,113077,113078,2021,1,0,-0.355057,-78.549323,PICHINCHA,QUITO,QUITO,URBANA,2021-10-25,10:20:00,10,LUNES,1,OCTUBRE,10,NO,PEATON QUE CRUZA LA CALZADA SIN RESPETAR LA SENIALIZACION EXISTENTE (SEMAFOROS O SENIALES MANUALES).,ATROPELLOS,AUTOMOVIL,1,0,0,0,0,0,0,0,0,0,0,0,0,1,36,HOMBRE,LESIONADO,PEATON,NO,NO,1
28187,113092,113093,2021,0,0,-0.130875,-78.483834,PICHINCHA,QUITO,QUITO,URBANA,2021-10-25,18:00:00,18,LUNES,1,OCTUBRE,10,NO,"CONDICIONES AMBIENTALES Y/O ATMOSFERICAS (NIEBLA, NEBLINA, GRANIZO, LLUVIA).",OTROS,AUTOMOVIL,2,0,0,0,0,0,0,0,1,0,0,0,0,3,34,HOMBRE,ILESO,CONDUCTOR PRESENTE,NO,NO,1
28188,113096,113097,2021,3,0,-0.365757,-78.550658,PICHINCHA,MEJIA,CUTUGLAHUA,RURAL,2021-10-25,19:50:00,19,LUNES,1,OCTUBRE,10,NO,"CONDUCIR DESATENTO A LAS CONDICIONES DE TRANSITO (CELULAR, PANTALLAS DE VIDEO, COMIDA, MAQUILLAJE O CUALQUIER OTRO ELEMENTO DISTRACTOR).",ATROPELLOS,MOTOCICLETA,0,0,0,0,0,0,0,0,1,0,0,0,0,1,0,MUJER,LESIONADO,PASAJERO,NO,SI,3
28189,113099,113100,2021,0,0,-0.349837,-78.856195,PICHINCHA,MEJIA,MANUEL CORNEJO ASTORGA,RURAL,2021-10-25,20:20:00,20,LUNES,1,OCTUBRE,10,NO,"CASO FORTUITO O FUERZA MAYOR (EXPLOSION DE NEUMATICO NUEVO, DERRUMBE, INUNDACION, CAIDA DE PUENTE, ARBOL, PRESENCIA INTEMPESTIVA E IMPREVISTA DE SEMOVIENTES EN LA VIA, ETC.).",OTROS,AUTOMOVIL,2,0,0,0,0,0,0,0,0,0,0,0,0,2,-1,HOMBRE,ILESO,CONDUCTOR PRESENTE,NO,NO,3
28190,113110,113111,2021,1,0,-0.216053,-78.404049,PICHINCHA,QUITO,TUMBACO,RURAL,2021-10-26,05:50:00,5,MARTES,2,OCTUBRE,10,NO,"CONDUCE BAJO LA INFLUENCIA DE ALCOHOL, SUSTANCIAS ESTUPEFACIENTES O PSICOTROPICAS Y/O MEDICAMENTOS.",CHOQUE LATERAL,AUTOMOVIL,1,0,0,0,0,0,0,0,1,0,0,0,0,2,29,HOMBRE,LESIONADO,CONDUCTOR PRESENTE,SI,NO,3
28191,113119,113120,2021,1,0,-0.215692,-78.405459,PICHINCHA,QUITO,TUMBACO,RURAL,2021-10-26,12:40:00,12,MARTES,2,OCTUBRE,10,NO,NO TRANSITAR POR LAS ACERAS O ZONAS DE SEGURIDAD DESTINADAS PARA EL EFECTO.,ATROPELLOS,AUTOMOVIL,1,0,0,0,0,0,0,0,0,0,0,0,0,1,57,MUJER,LESIONADO,PEATON,NO,NO,3
28192,113125,113126,2021,1,0,-0.283805,-78.553021,PICHINCHA,QUITO,QUITO,URBANA,2021-10-26,15:25:00,15,MARTES,2,OCTUBRE,10,NO,NO CEDER EL DERECHO DE VIA O PREFERENCIA DE PASO A VEHICULOS.,CHOQUE LATERAL,CAMIONETA,0,0,0,0,1,0,0,0,1,0,0,0,0,2,49,HOMBRE,LESIONADO,CONDUCTOR PRESENTE,SI,NO,1
28193,113136,113137,2021,1,0,-0.265899,-78.494931,PICHINCHA,QUITO,CONOCOTO,URBANA,2021-10-26,21:20:00,21,MARTES,2,OCTUBRE,10,NO,"CONDUCE BAJO LA INFLUENCIA DE ALCOHOL, SUSTANCIAS ESTUPEFACIENTES O PSICOTROPICAS Y/O MEDICAMENTOS.",CHOQUE POSTERIOR,MOTOCICLETA,1,0,0,0,0,0,0,0,1,0,0,0,0,2,32,HOMBRE,LESIONADO,CONDUCTOR PRESENTE,SI,NO,1
28194,113138,113139,2021,1,0,-0.272977,-78.529361,PICHINCHA,QUITO,QUITO,URBANA,2021-10-26,22:00:00,22,MARTES,2,OCTUBRE,10,NO,"CONDUCE BAJO LA INFLUENCIA DE ALCOHOL, SUSTANCIAS ESTUPEFACIENTES O PSICOTROPICAS Y/O MEDICAMENTOS.",CHOQUE POSTERIOR,AUTOMOVIL,1,0,0,0,0,0,0,0,1,0,0,0,0,2,39,HOMBRE,LESIONADO,CONDUCTOR PRESENTE,SI,NO,1
28195,113140,113141,2021,1,0,-0.196193,-78.499505,PICHINCHA,QUITO,QUITO,URBANA,2021-10-26,23:30:00,23,MARTES,2,OCTUBRE,10,NO,NO CEDER EL DERECHO DE VIA O PREFERENCIA DE PASO A VEHICULOS.,CHOQUE LATERAL,MOTOCICLETA,1,0,0,0,0,0,0,0,1,0,0,0,0,2,26,HOMBRE,LESIONADO,CONDUCTOR PRESENTE,SI,NO,1
28196,113141,113142,2021,1,0,-0.190933,-78.480366,PICHINCHA,QUITO,QUITO,URBANA,2021-10-26,23:35:00,23,MARTES,2,OCTUBRE,10,NO,"CONDICIONES AMBIENTALES Y/O ATMOSFERICAS (NIEBLA, NEBLINA, GRANIZO, LLUVIA).",CHOQUE LATERAL,MOTOCICLETA,1,0,0,0,0,0,0,0,1,0,0,0,0,2,30,HOMBRE,LESIONADO,CONDUCTOR PRESENTE,SI,NO,1
28197,113143,113144,2021,0,0,-0.141096,-78.500985,PICHINCHA,QUITO,QUITO,URBANA,2021-10-27,03:40:00,3,MIERCOLES,3,OCTUBRE,10,NO,"CONDUCE BAJO LA INFLUENCIA DE ALCOHOL, SUSTANCIAS ESTUPEFACIENTES O PSICOTROPICAS Y/O MEDICAMENTOS.",CHOQUE LATERAL,AUTOMOVIL,2,0,0,0,0,0,0,0,0,0,0,0,0,2,35,HOMBRE,ILESO,CONDUCTOR PRESENTE,NO,NO,1
28198,113146,113147,2021,0,0,-0.144195,-78.469557,PICHINCHA,QUITO,QUITO,URBANA,2021-10-27,06:45:00,6,MIERCOLES,3,OCTUBRE,10,NO,"NO RESPETAR LAS SENIALES REGLAMENTARIAS DE TRANSITO. (PARE, CEDA EL PASO, LUZ ROJA DEL SEMAFORO, ETC).",OTROS,AUTOMOVIL,1,0,0,0,0,0,0,0,0,0,0,0,0,1,-1,NO IDENTIFICADO,NO IDENTIFICADO,CONDUCTOR AUSENTE,NO,NO,2
28199,113149,113150,2021,0,0,-0.223838,-78.511109,PICHINCHA,QUITO,QUITO,URBANA,2021-10-27,08:15:00,8,MIERCOLES,3,OCTUBRE,10,NO,"NO RESPETAR LAS SENIALES REGLAMENTARIAS DE TRANSITO. (PARE, CEDA EL PASO, LUZ ROJA DEL SEMAFORO, ETC).",CHOQUE LATERAL,AUTOMOVIL,2,0,0,0,0,0,0,0,0,0,0,0,0,2,33,HOMBRE,ILESO,CONDUCTOR PRESENTE,NO,NO,1
28200,113155,113156,2021,1,0,-0.332015,-78.553841,PICHINCHA,QUITO,QUITO,URBANA,2021-10-27,11:50:00,11,MIERCOLES,3,OCTUBRE,10,NO,NO TRANSITAR POR LAS ACERAS O ZONAS DE SEGURIDAD DESTINADAS PARA EL EFECTO.,ARROLLAMIENTOS,CAMIONETA,0,0,0,0,1,0,0,0,0,0,0,0,0,1,68,MUJER,LESIONADO,PEATON,NO,NO,1
28201,113161,113162,2021,2,0,-0.328479,-78.522294,PICHINCHA,QUITO,QUITO,URBANA,2021-10-27,14:53:00,14,MIERCOLES,3,OCTUBRE,10,NO,"CONDUCE BAJO LA INFLUENCIA DE ALCOHOL, SUSTANCIAS ESTUPEFACIENTES O PSICOTROPICAS Y/O MEDICAMENTOS.",OTROS,AUTOMOVIL,1,0,0,0,0,0,0,0,5,0,0,0,0,6,34,HOMBRE,LESIONADO,PEATON,NO,NO,1
28202,113174,113175,2021,0,0,-0.153686,-78.466973,PICHINCHA,QUITO,QUITO,URBANA,2021-10-27,21:40:00,21,MIERCOLES,3,OCTUBRE,10,NO,"CONDUCE BAJO LA INFLUENCIA DE ALCOHOL, SUSTANCIAS ESTUPEFACIENTES O PSICOTROPICAS Y/O MEDICAMENTOS.",ROZAMIENTOS,AUTOMOVIL,2,0,0,0,0,0,0,0,0,0,0,0,0,2,36,MUJER,ILESO,CONDUCTOR PRESENTE,NO,NO,1
28203,113175,113176,2021,0,0,-0.461033,-78.593744,PICHINCHA,MEJIA,ALOAG,RURAL,2021-10-27,22:55:00,22,MIERCOLES,3,OCTUBRE,10,NO,"CONDUCIR DESATENTO A LAS CONDICIONES DE TRANSITO (CELULAR, PANTALLAS DE VIDEO, COMIDA, MAQUILLAJE O CUALQUIER OTRO ELEMENTO DISTRACTOR).",PERDIDA DE PISTA,CAMION,0,0,0,1,0,0,0,0,0,0,0,0,0,1,25,HOMBRE,ILESO,CONDUCTOR PRESENTE,NO,NO,3
28204,113187,113188,2021,1,0,-0.219252,-78.509727,PICHINCHA,QUITO,QUITO,URBANA,2021-10-28,04:00:00,4,JUEVES,4,OCTUBRE,10,NO,CONDUCIR VEHICULO SUPERANDO LOS LIMITES MAXIMOS DE VELOCIDAD.,ESTRELLAMIENTOS,MOTOCICLETA,0,0,0,0,0,0,0,0,1,0,0,0,0,1,37,HOMBRE,LESIONADO,CONDUCTOR PRESENTE,SI,NO,1
28205,113188,113189,2021,0,0,-0.236974,-78.487124,PICHINCHA,QUITO,QUITO,URBANA,2021-10-28,04:02:00,4,JUEVES,4,OCTUBRE,10,NO,CONDUCIR VEHICULO SUPERANDO LOS LIMITES MAXIMOS DE VELOCIDAD.,ESTRELLAMIENTOS,AUTOMOVIL,1,0,0,0,0,0,0,0,0,0,0,0,0,1,-1,NO IDENTIFICADO,NO IDENTIFICADO,CONDUCTOR AUSENTE,NO,NO,2
28206,113190,113191,2021,0,1,-0.244831,-78.514223,PICHINCHA,QUITO,QUITO,URBANA,2021-10-28,05:50:00,5,JUEVES,4,OCTUBRE,10,NO,CONDUCIR VEHICULO SUPERANDO LOS LIMITES MAXIMOS DE VELOCIDAD.,VOLCAMIENTOS,MOTOCICLETA,0,0,0,0,0,0,0,0,1,0,0,0,0,1,21,HOMBRE,FALLECIDO,CONDUCTOR PRESENTE,SI,NO,1
28207,113192,113193,2021,0,0,-0.153033,-78.464746,PICHINCHA,QUITO,QUITO,URBANA,2021-10-28,07:45:00,7,JUEVES,4,OCTUBRE,10,NO,CONDUCIR VEHICULO SUPERANDO LOS LIMITES MAXIMOS DE VELOCIDAD.,COLISION,AUTOMOVIL,3,0,0,0,0,0,0,0,0,0,0,0,0,3,32,MUJER,ILESO,CONDUCTOR PRESENTE,NO,NO,1
28208,113193,113194,2021,0,0,-0.096232,-78.467523,PICHINCHA,QUITO,QUITO,URBANA,2021-10-28,08:18:00,8,JUEVES,4,OCTUBRE,10,NO,"NO RESPETAR LAS SENIALES REGLAMENTARIAS DE TRANSITO. (PARE, CEDA EL PASO, LUZ ROJA DEL SEMAFORO, ETC).",CHOQUE LATERAL,AUTOMOVIL,2,0,0,0,0,0,0,0,0,0,0,0,0,2,32,HOMBRE,ILESO,CONDUCTOR PRESENTE,NO,NO,1
28209,113194,113195,2021,2,0,-0.206111,-78.487335,PICHINCHA,QUITO,QUITO,URBANA,2021-10-28,09:30:00,9,JUEVES,4,OCTUBRE,10,NO,NO CEDER EL DERECHO DE VIA O PREFERENCIA DE PASO AL PEATON.,ATROPELLOS,AUTOMOVIL,1,0,0,0,0,0,0,0,0,1,0,0,0,2,67,MUJER,LESIONADO,PEATON,NO,NO,1
28210,113196,113197,2021,1,0,-0.251322,-78.513948,PICHINCHA,QUITO,QUITO,URBANA,2021-10-28,10:10:00,10,JUEVES,4,OCTUBRE,10,NO,MALAS CONDICIONES DE LA VIA Y/O CONFIGURACION. (ILUMINACION Y DISENIO).,PERDIDA DE CARRIL,MOTOCICLETA,0,0,0,0,0,0,0,0,1,0,0,0,0,1,31,HOMBRE,LESIONADO,CONDUCTOR PRESENTE,SI,NO,1
28211,113198,113199,2021,2,0,-0.199767,-78.428809,PICHINCHA,QUITO,CUMBAYA,RURAL,2021-10-28,10:30:00,10,JUEVES,4,OCTUBRE,10,NO,"CONDUCE BAJO LA INFLUENCIA DE ALCOHOL, SUSTANCIAS ESTUPEFACIENTES O PSICOTROPICAS Y/O MEDICAMENTOS.",VOLCAMIENTOS,MOTOCICLETA,0,0,0,0,0,0,0,0,1,0,0,0,0,1,22,HOMBRE,LESIONADO,CONDUCTOR PRESENTE,SI,NO,3
28212,113202,113203,2021,0,0,-0.196478,-78.495189,PICHINCHA,QUITO,QUITO,URBANA,2021-10-28,12:20:00,12,JUEVES,4,OCTUBRE,10,NO,"NO RESPETAR LAS SENIALES REGLAMENTARIAS DE TRANSITO. (PARE, CEDA EL PASO, LUZ ROJA DEL SEMAFORO, ETC).",CHOQUE LATERAL,AUTOMOVIL,1,0,1,0,0,0,0,0,0,0,0,0,0,2,57,HOMBRE,ILESO,CONDUCTOR PRESENTE,NO,NO,1
28213,113203,113204,2021,1,0,-0.147253,-78.490948,PICHINCHA,QUITO,QUITO,URBANA,2021-10-28,12:28:00,12,JUEVES,4,OCTUBRE,10,NO,PEATON QUE CRUZA LA CALZADA SIN RESPETAR LA SENIALIZACION EXISTENTE (SEMAFOROS O SENIALES MANUALES).,ATROPELLOS,MOTOCICLETA,0,0,0,0,0,0,0,0,1,0,0,0,0,1,68,HOMBRE,LESIONADO,PEATON,NO,NO,1
28214,113206,113207,2021,1,0,-0.299982,-78.460164,PICHINCHA,RUMINIAHUI,SANGOLQUI,URBANA,2021-10-28,13:15:00,13,JUEVES,4,OCTUBRE,10,NO,"CONDUCIR DESATENTO A LAS CONDICIONES DE TRANSITO (CELULAR, PANTALLAS DE VIDEO, COMIDA, MAQUILLAJE O CUALQUIER OTRO ELEMENTO DISTRACTOR).",CAIDA DE PASAJERO,BUS,0,0,1,0,0,0,0,0,0,0,0,0,0,1,16,MUJER,LESIONADO,PASAJERO,NO,SI,1
28215,113219,113220,2021,1,0,-0.261054,-78.545404,PICHINCHA,QUITO,QUITO,URBANA,2021-10-28,18:50:00,18,JUEVES,4,OCTUBRE,10,NO,NO TRANSITAR POR LAS ACERAS O ZONAS DE SEGURIDAD DESTINADAS PARA EL EFECTO.,ATROPELLOS,MOTOCICLETA,0,0,0,0,0,0,0,0,1,0,0,0,0,1,13,HOMBRE,LESIONADO,PEATON,NO,NO,1
28216,113221,113222,2021,1,0,-0.091585,-78.439052,PICHINCHA,QUITO,CALDERON (CARAPUNGO),URBANA,2021-10-28,19:02:00,19,JUEVES,4,OCTUBRE,10,NO,"ADELANTAR O REBASAR A OTRO VEHICULO EN MOVIMIENTO EN ZONAS O SITIOS PELIGROSOS TALES COMO: CURVAS, PUENTES, TUNELES, PENDIENTES, ETC.",ROZAMIENTOS,AUTOMOVIL,1,0,0,0,0,0,0,0,1,0,0,0,0,2,22,MUJER,LESIONADO,PASAJERO,NO,NO,1
28217,113228,113229,2021,1,0,-0.488812,-78.570012,PICHINCHA,MEJIA,ALOAG,RURAL,2021-10-28,23:00:00,23,JUEVES,4,OCTUBRE,10,NO,"CONDUCIR DESATENTO A LAS CONDICIONES DE TRANSITO (CELULAR, PANTALLAS DE VIDEO, COMIDA, MAQUILLAJE O CUALQUIER OTRO ELEMENTO DISTRACTOR).",CHOQUE POSTERIOR,CAMION,1,0,0,1,0,0,0,0,0,0,0,0,0,2,40,HOMBRE,LESIONADO,CONDUCTOR PRESENTE,NO,SI,3
28218,113230,113231,2021,1,0,-0.301001,-78.556479,PICHINCHA,QUITO,QUITO,URBANA,2021-10-28,23:25:00,23,JUEVES,4,OCTUBRE,10,NO,CONDUCIR VEHICULO SUPERANDO LOS LIMITES MAXIMOS DE VELOCIDAD.,OTROS,MOTOCICLETA,0,0,0,0,0,0,0,0,1,0,0,0,0,1,30,HOMBRE,LESIONADO,PASAJERO,SI,NO,1
28219,113236,113237,2021,0,0,-0.271125,-78.551998,PICHINCHA,QUITO,QUITO,URBANA,2021-10-29,02:40:00,2,VIERNES,5,OCTUBRE,10,SI,"CONDUCE BAJO LA INFLUENCIA DE ALCOHOL, SUSTANCIAS ESTUPEFACIENTES O PSICOTROPICAS Y/O MEDICAMENTOS.",CHOQUE POSTERIOR,AUTOMOVIL,2,0,0,0,0,0,0,0,0,0,0,0,0,2,30,HOMBRE,ILESO,CONDUCTOR PRESENTE,NO,NO,1