,Unnamed: 0,ID,ANIO,LESIONADOS,FALLECIDOS,LATITUD_Y,LONGITUD_X,PROVINCIA,CANTON,PARROQUIA,ZONA,FECHA,HORA,PERIODO_2,DIA_1,DIA_2,MES_1,MES_2,FERIADO,CAUSA_PROBABLE,TIPO_DE_SINIESTRO,TIPO_DE_VEHICULO_1,AUTOMOVIL,BICICLETA,BUS,CAMION,CAMIONETA,EMERGENCIAS,ESPECIAL,FURGONETA,MOTOCICLETA,NO_IDENTIFICADO,SCOOTER_ELECTRICO,TRICIMOTO,VEHICULO_DEPORTIVO_UTILITARIO,SUMA_DE_VEHICULOS,EDAD_1,SEXO_1,CONDICION_1,PARTICIPANTE_1,CASCO_1,CINTURON_1,KMeans_Cluster
28220,113247,113248,2021,0,0,-0.304167,-78.542831,PICHINCHA,QUITO,QUITO,URBANA,2021-10-29,06:30:00,6,VIERNES,5,OCTUBRE,10,SI,"CONDUCE BAJO LA INFLUENCIA DE ALCOHOL, SUSTANCIAS ESTUPEFACIENTES O PSICOTROPICAS Y/O MEDICAMENTOS.",CHOQUE POSTERIOR,CAMION,1,0,0,1,0,0,0,0,0,0,0,0,0,2,33,HOMBRE,ILESO,CONDUCTOR PRESENTE,NO,NO,1
28221,113249,113250,2021,0,0,-0.261126,-78.551308,PICHINCHA,QUITO,QUITO,URBANA,2021-10-29,06:44:00,6,VIERNES,5,OCTUBRE,10,SI,"CONDUCE BAJO LA INFLUENCIA DE ALCOHOL, SUSTANCIAS ESTUPEFACIENTES O PSICOTROPICAS Y/O MEDICAMENTOS.",CHOQUE LATERAL,AUTOMOVIL,2,0,0,0,0,0,0,0,0,0,0,0,0,2,56,HOMBRE,ILESO,CONDUCTOR PRESENTE,NO,NO,1
28222,113250,113251,2021,0,1,-0.205033,-78.333071,PICHINCHA,QUITO,YARUQUI,RURAL,2021-10-29,06:50:00,6,VIERNES,5,OCTUBRE,10,SI,"CONDUCIR DESATENTO A LAS CONDICIONES DE TRANSITO (CELULAR, PANTALLAS DE VIDEO, COMIDA, MAQUILLAJE O CUALQUIER OTRO ELEMENTO DISTRACTOR).",PERDIDA DE CARRIL,BUS,0,0,1,0,1,0,0,0,0,0,0,0,0,2,26,HOMBRE,FALLECIDO,CONDUCTOR PRESENTE,NO,SI,3
28223,113258,113259,2021,1,0,-0.009051,-78.445588,PICHINCHA,QUITO,SAN ANTONIO (QUITO),RURAL,2021-10-29,08:45:00,8,VIERNES,5,OCTUBRE,10,SI,BAJARSE O SUBIRSE DE VEHICULOS EN MOVIMIENTO SIN TOMAR LAS PRECAUCIONES DEBIDAS.,CAIDA DE PASAJERO,BUS,0,0,1,0,0,0,0,0,0,0,0,0,0,1,45,MUJER,LESIONADO,PASAJERO,NO,NO,3
28224,113259,113260,2021,3,0,-0.105384,-78.497732,PICHINCHA,QUITO,QUITO,URBANA,2021-10-29,09:12:00,9,VIERNES,5,OCTUBRE,10,SI,NO MANTENER LA DISTANCIA PRUDENCIAL CON RESPECTO AL VEHICULO QUE LE ANTECEDE.,CHOQUE POSTERIOR,MOTOCICLETA,0,0,0,0,0,0,0,0,2,0,0,0,0,2,43,HOMBRE,LESIONADO,CONDUCTOR PRESENTE,SI,NO,1
28225,113261,113262,2021,1,0,-0.280982,-78.516477,PICHINCHA,QUITO,QUITO,URBANA,2021-10-29,11:40:00,11,VIERNES,5,OCTUBRE,10,SI,CONDUCIR VEHICULO SUPERANDO LOS LIMITES MAXIMOS DE VELOCIDAD.,CHOQUE LATERAL,AUTOMOVIL,2,0,0,0,0,0,0,0,0,0,0,0,0,2,19,HOMBRE,LESIONADO,PASAJERO,NO,NO,1
28226,113268,113269,2021,1,0,-0.163073,-78.462599,PICHINCHA,QUITO,QUITO,URBANA,2021-10-29,14:10:00,14,VIERNES,5,OCTUBRE,10,SI,"CONDICIONES AMBIENTALES Y/O ATMOSFERICAS (NIEBLA, NEBLINA, GRANIZO, LLUVIA).",ESTRELLAMIENTOS,AUTOMOVIL,1,0,0,0,0,0,0,0,0,0,0,0,0,1,68,MUJER,LESIONADO,CONDUCTOR PRESENTE,NO,NO,1
28227,113275,113276,2021,3,0,0.039948,-78.920001,PICHINCHA,SAN MIGUEL DE LOS BANCOS,SAN MIGUEL DE LOS BANCOS,RURAL,2021-10-29,15:30:00,15,VIERNES,5,OCTUBRE,10,SI,"CONDUCIR DESATENTO A LAS CONDICIONES DE TRANSITO (CELULAR, PANTALLAS DE VIDEO, COMIDA, MAQUILLAJE O CUALQUIER OTRO ELEMENTO DISTRACTOR).",CHOQUE LATERAL,AUTOMOVIL,2,0,0,0,0,0,0,0,0,0,0,0,0,2,10,HOMBRE,LESIONADO,PASAJERO,NO,SI,3
28228,113276,113277,2021,1,0,-0.050286,-78.335208,PICHINCHA,QUITO,GUAYLLABAMBA,RURAL,2021-10-29,16:00:00,16,VIERNES,5,OCTUBRE,10,SI,CONDUCIR VEHICULO SUPERANDO LOS LIMITES MAXIMOS DE VELOCIDAD.,PERDIDA DE CARRIL,AUTOMOVIL,2,0,0,0,0,0,0,0,0,0,0,0,0,2,24,HOMBRE,LESIONADO,CONDUCTOR PRESENTE,NO,SI,3
28229,113292,113293,2021,0,0,-0.146272,-78.475036,PICHINCHA,QUITO,QUITO,URBANA,2021-10-29,19:34:00,19,VIERNES,5,OCTUBRE,10,SI,"NO RESPETAR LAS SENIALES REGLAMENTARIAS DE TRANSITO. (PARE, CEDA EL PASO, LUZ ROJA DEL SEMAFORO, ETC).",CHOQUE LATERAL,MOTOCICLETA,1,0,0,0,0,0,0,0,1,0,0,0,0,2,23,HOMBRE,ILESO,CONDUCTOR PRESENTE,SI,NO,1
28230,113294,113295,2021,0,0,-0.380988,-78.552091,PICHINCHA,MEJIA,CUTUGLAHUA,RURAL,2021-10-29,19:50:00,19,VIERNES,5,OCTUBRE,10,SI,"CONDUCIR DESATENTO A LAS CONDICIONES DE TRANSITO (CELULAR, PANTALLAS DE VIDEO, COMIDA, MAQUILLAJE O CUALQUIER OTRO ELEMENTO DISTRACTOR).",CHOQUE LATERAL,VEHICULO DEPORTIVO UTILITARIO,0,0,0,1,0,0,0,0,0,0,0,0,1,2,52,HOMBRE,ILESO,CONDUCTOR PRESENTE,NO,SI,3
28231,113298,113299,2021,0,0,-0.242475,-78.497488,PICHINCHA,QUITO,QUITO,URBANA,2021-10-29,20:09:00,20,VIERNES,5,OCTUBRE,10,SI,CONDUCIR VEHICULO SUPERANDO LOS LIMITES MAXIMOS DE VELOCIDAD.,OTROS,BUS,0,0,1,1,0,0,0,0,0,0,0,0,0,2,34,HOMBRE,ILESO,CONDUCTOR PRESENTE,NO,NO,1
28232,113306,113307,2021,0,0,-0.115222,-78.494481,PICHINCHA,QUITO,QUITO,URBANA,2021-10-29,22:45:00,22,VIERNES,5,OCTUBRE,10,SI,CONDUCIR VEHICULO SUPERANDO LOS LIMITES MAXIMOS DE VELOCIDAD.,OTROS,MOTOCICLETA,0,0,0,0,0,0,0,0,1,0,0,0,0,1,-1,NO IDENTIFICADO,NO IDENTIFICADO,CONDUCTOR AUSENTE,NO,NO,2
28233,113310,113311,2021,3,0,-0.254408,-78.530496,PICHINCHA,QUITO,QUITO,URBANA,2021-10-30,00:01:00,0,SABADO,6,OCTUBRE,10,SI,"CONDUCE BAJO LA INFLUENCIA DE ALCOHOL, SUSTANCIAS ESTUPEFACIENTES O PSICOTROPICAS Y/O MEDICAMENTOS.",ATROPELLOS,AUTOMOVIL,1,0,0,0,0,0,0,0,0,0,0,0,0,1,29,HOMBRE,LESIONADO,CONDUCTOR PRESENTE,NO,NO,1
28234,113312,113313,2021,1,1,-0.142041,-78.443217,PICHINCHA,QUITO,LLANO CHICO,URBANA,2021-10-30,00:10:00,0,SABADO,6,OCTUBRE,10,SI,"CONDUCE BAJO LA INFLUENCIA DE ALCOHOL, SUSTANCIAS ESTUPEFACIENTES O PSICOTROPICAS Y/O MEDICAMENTOS.",ATROPELLOS,AUTOMOVIL,1,0,0,0,0,0,0,0,0,0,0,0,0,1,20,HOMBRE,FALLECIDO,PEATON,NO,NO,1
28235,113316,113317,2021,1,0,-0.043868,-78.284986,PICHINCHA,CAYAMBE,SANTA ROSA DE CUZUBAMBA,RURAL,2021-10-30,01:30:00,1,SABADO,6,OCTUBRE,10,SI,"CONDICIONES AMBIENTALES Y/O ATMOSFERICAS (NIEBLA, NEBLINA, GRANIZO, LLUVIA).",ESTRELLAMIENTOS,CAMION,0,0,0,1,0,0,0,0,0,0,0,0,0,1,76,HOMBRE,LESIONADO,CONDUCTOR PRESENTE,NO,SI,3
28236,113327,113328,2021,2,1,-0.109117,-78.488759,PICHINCHA,QUITO,QUITO,URBANA,2021-10-30,03:45:00,3,SABADO,6,OCTUBRE,10,SI,PEATON QUE CRUZA LA CALZADA SIN RESPETAR LA SENIALIZACION EXISTENTE (SEMAFOROS O SENIALES MANUALES).,ATROPELLOS,AUTOMOVIL,2,0,0,0,0,0,0,0,0,0,0,0,0,2,27,HOMBRE,FALLECIDO,PEATON,NO,NO,1
28237,113337,113338,2021,0,0,-0.405671,-78.546584,PICHINCHA,MEJIA,TAMBILLO (MEJIA),RURAL,2021-10-30,05:30:00,5,SABADO,6,OCTUBRE,10,SI,"CONDUCIR DESATENTO A LAS CONDICIONES DE TRANSITO (CELULAR, PANTALLAS DE VIDEO, COMIDA, MAQUILLAJE O CUALQUIER OTRO ELEMENTO DISTRACTOR).",COLISION,AUTOMOVIL,2,0,0,0,0,0,0,1,0,0,0,0,1,4,50,HOMBRE,ILESO,CONDUCTOR PRESENTE,NO,SI,3
28238,113346,113347,2021,2,0,-0.437511,-78.704722,PICHINCHA,MEJIA,ALOAG,RURAL,2021-10-30,07:30:00,7,SABADO,6,OCTUBRE,10,SI,"CONDUCIR DESATENTO A LAS CONDICIONES DE TRANSITO (CELULAR, PANTALLAS DE VIDEO, COMIDA, MAQUILLAJE O CUALQUIER OTRO ELEMENTO DISTRACTOR).",ESTRELLAMIENTOS,CAMION,0,0,0,1,0,0,0,0,0,0,0,0,0,1,-1,NO IDENTIFICADO,LESIONADO,PASAJERO,NO,NO,3
28239,113357,113358,2021,1,0,-0.115371,-78.490724,PICHINCHA,QUITO,QUITO,URBANA,2021-10-30,12:00:00,12,SABADO,6,OCTUBRE,10,SI,CONDUCIR VEHICULO SUPERANDO LOS LIMITES MAXIMOS DE VELOCIDAD.,CHOQUE LATERAL,AUTOMOVIL,1,0,1,0,0,0,0,0,0,0,0,0,0,2,29,HOMBRE,LESIONADO,CONDUCTOR PRESENTE,NO,NO,1
28240,113358,113359,2021,0,0,-0.103479,-78.509386,PICHINCHA,QUITO,QUITO,URBANA,2021-10-30,12:00:00,12,SABADO,6,OCTUBRE,10,SI,CONDUCIR VEHICULO SUPERANDO LOS LIMITES MAXIMOS DE VELOCIDAD.,ESTRELLAMIENTOS,CAMION,0,0,0,1,0,0,0,0,0,0,0,0,0,1,-1,NO IDENTIFICADO,NO IDENTIFICADO,CONDUCTOR AUSENTE,NO,NO,2
28241,113360,113361,2021,0,0,-0.184209,-78.509001,PICHINCHA,QUITO,QUITO,URBANA,2021-10-30,12:23:00,12,SABADO,6,OCTUBRE,10,SI,"FALLA MECANICA EN LOS SISTEMAS Y/O NEUMATICOS (SISTEMA DE FRENOS, DIRECCION, ELECTRONICO O MECANICO).",ESTRELLAMIENTOS,AUTOMOVIL,1,0,0,0,0,0,0,0,0,0,0,0,0,1,76,HOMBRE,ILESO,CONDUCTOR PRESENTE,NO,NO,1
28242,113366,113367,2021,1,0,-0.329601,-78.418873,PICHINCHA,QUITO,ALANGASI,RURAL,2021-10-30,13:20:00,13,SABADO,6,OCTUBRE,10,SI,"CONDUCIR DESATENTO A LAS CONDICIONES DE TRANSITO (CELULAR, PANTALLAS DE VIDEO, COMIDA, MAQUILLAJE O CUALQUIER OTRO ELEMENTO DISTRACTOR).",PERDIDA DE CARRIL,MOTOCICLETA,0,0,0,0,0,0,0,0,1,0,0,0,0,1,26,HOMBRE,LESIONADO,CONDUCTOR PRESENTE,NO,SI,3
28243,113368,113369,2021,0,0,-0.193223,-78.476871,PICHINCHA,QUITO,QUITO,URBANA,2021-10-30,13:45:00,13,SABADO,6,OCTUBRE,10,SI,"NO RESPETAR LAS SENIALES REGLAMENTARIAS DE TRANSITO. (PARE, CEDA EL PASO, LUZ ROJA DEL SEMAFORO, ETC).",CHOQUE LATERAL,AUTOMOVIL,2,0,0,0,0,0,0,0,0,0,0,0,0,2,59,HOMBRE,ILESO,CONDUCTOR PRESENTE,NO,NO,1
28244,113373,113374,2021,1,0,-0.156069,-78.439391,PICHINCHA,QUITO,NAYON,RURAL,2021-10-30,14:47:00,14,SABADO,6,OCTUBRE,10,SI,NO CEDER EL DERECHO DE VIA O PREFERENCIA DE PASO AL PEATON.,ATROPELLOS,NO IDENTIFICADO,0,0,0,0,0,0,0,0,0,1,0,0,0,1,38,HOMBRE,LESIONADO,PEATON,NO,NO,3
28245,113377,113378,2021,0,0,-0.441255,-78.701902,PICHINCHA,MEJIA,ALOAG,RURAL,2021-10-30,15:20:00,15,SABADO,6,OCTUBRE,10,SI,CONDUCIR EN SENTIDO CONTRARIO A LA VIA NORMAL DE CIRCULACION.,CHOQUE FRONTAL,VEHICULO DEPORTIVO UTILITARIO,1,0,0,0,0,0,0,0,0,0,0,0,1,2,-1,NO IDENTIFICADO,ILESO,CONDUCTOR PRESENTE,NO,NO,3
28246,113378,113379,2021,0,0,-0.206138,-78.483123,PICHINCHA,QUITO,QUITO,URBANA,2021-10-30,15:40:00,15,SABADO,6,OCTUBRE,10,SI,NO GUARDAR LA DISTANCIA LATERAL MINIMA DE SEGURIDAD ENTRE VEHICULOS.,ROZAMIENTOS,AUTOMOVIL,2,0,0,0,0,0,0,0,0,0,0,0,0,2,59,MUJER,ILESO,CONDUCTOR PRESENTE,NO,NO,1
28247,113379,113380,2021,0,0,-0.102365,-78.490629,PICHINCHA,QUITO,QUITO,URBANA,2021-10-30,15:40:00,15,SABADO,6,OCTUBRE,10,SI,"CONDUCIR EN ESTADO DE SOMNOLENCIA O MALAS CONDICIONES FISICAS (SUENIO, CANSANCIO Y FATIGA).",ESTRELLAMIENTOS,AUTOMOVIL,1,0,0,0,0,0,0,0,0,0,0,0,0,1,38,HOMBRE,ILESO,CONDUCTOR PRESENTE,NO,NO,1
28248,113381,113382,2021,3,0,-0.411567,-78.802546,PICHINCHA,MEJIA,MANUEL CORNEJO ASTORGA,RURAL,2021-10-30,16:25:00,16,SABADO,6,OCTUBRE,10,SI,"CONDUCIR DESATENTO A LAS CONDICIONES DE TRANSITO (CELULAR, PANTALLAS DE VIDEO, COMIDA, MAQUILLAJE O CUALQUIER OTRO ELEMENTO DISTRACTOR).",PERDIDA DE PISTA,AUTOMOVIL,1,0,0,1,0,0,0,0,0,0,0,0,0,2,-1,HOMBRE,LESIONADO,CONDUCTOR PRESENTE,NO,NO,3
28249,113392,113393,2021,0,0,-0.184611,-78.344977,PICHINCHA,QUITO,TABABELA,URBANA,2021-10-30,18:30:00,18,SABADO,6,OCTUBRE,10,SI,"FALLA MECANICA EN LOS SISTEMAS Y/O NEUMATICOS (SISTEMA DE FRENOS, DIRECCION, ELECTRONICO O MECANICO).",CHOQUE POSTERIOR,AUTOMOVIL,2,0,0,0,0,0,0,0,0,0,0,0,0,2,28,HOMBRE,ILESO,CONDUCTOR PRESENTE,NO,NO,1
28250,113405,113406,2021,1,0,-0.049511,-78.337595,PICHINCHA,QUITO,GUAYLLABAMBA,RURAL,2021-10-30,21:10:00,21,SABADO,6,OCTUBRE,10,SI,"CONDICIONES AMBIENTALES Y/O ATMOSFERICAS (NIEBLA, NEBLINA, GRANIZO, LLUVIA).",PERDIDA DE CARRIL,AUTOMOVIL,2,0,0,0,0,0,0,0,0,0,0,0,0,2,34,HOMBRE,LESIONADO,CONDUCTOR PRESENTE,NO,SI,3
28251,113410,113411,2021,0,0,-0.333564,-78.867263,PICHINCHA,MEJIA,MANUEL CORNEJO ASTORGA,RURAL,2021-10-30,21:35:00,21,SABADO,6,OCTUBRE,10,SI,"CONDUCIR DESATENTO A LAS CONDICIONES DE TRANSITO (CELULAR, PANTALLAS DE VIDEO, COMIDA, MAQUILLAJE O CUALQUIER OTRO ELEMENTO DISTRACTOR).",PERDIDA DE PISTA,AUTOMOVIL,1,0,0,0,0,0,0,0,0,0,0,0,0,1,62,HOMBRE,ILESO,CONDUCTOR PRESENTE,NO,NO,3
28252,113416,113417,2021,0,2,-0.096681,-78.469779,PICHINCHA,QUITO,QUITO,URBANA,2021-10-30,22:33:00,22,SABADO,6,OCTUBRE,10,SI,"NO RESPETAR LAS SENIALES REGLAMENTARIAS DE TRANSITO. (PARE, CEDA EL PASO, LUZ ROJA DEL SEMAFORO, ETC).",OTROS,AUTOMOVIL,1,0,0,0,0,0,0,0,2,0,0,0,0,3,25,HOMBRE,FALLECIDO,PASAJERO,SI,NO,1
28253,113417,113418,2021,1,1,-0.244303,-78.519274,PICHINCHA,QUITO,QUITO,URBANA,2021-10-30,23:00:00,23,SABADO,6,OCTUBRE,10,SI,CONDUCIR VEHICULO SUPERANDO LOS LIMITES MAXIMOS DE VELOCIDAD.,ESTRELLAMIENTOS,MOTOCICLETA,0,0,0,0,0,0,0,0,1,0,0,0,0,1,38,HOMBRE,FALLECIDO,CONDUCTOR PRESENTE,SI,NO,1
28254,113420,113421,2021,0,0,-0.119759,-78.493999,PICHINCHA,QUITO,QUITO,URBANA,2021-10-31,00:40:00,0,DOMINGO,7,OCTUBRE,10,SI,CONDUCIR VEHICULO SUPERANDO LOS LIMITES MAXIMOS DE VELOCIDAD.,OTROS,MOTOCICLETA,0,0,0,0,0,0,0,0,1,0,0,0,0,1,-1,NO IDENTIFICADO,NO IDENTIFICADO,CONDUCTOR AUSENTE,NO,NO,2
28255,113421,113422,2021,0,0,-0.249051,-78.529551,PICHINCHA,QUITO,QUITO,URBANA,2021-10-31,00:50:00,0,DOMINGO,7,OCTUBRE,10,SI,"NO RESPETAR LAS SENIALES REGLAMENTARIAS DE TRANSITO. (PARE, CEDA EL PASO, LUZ ROJA DEL SEMAFORO, ETC).",OTROS,AUTOMOVIL,1,0,0,0,0,0,0,0,0,0,0,0,0,1,-1,NO IDENTIFICADO,NO IDENTIFICADO,CONDUCTOR AUSENTE,NO,NO,2
28256,113427,113428,2021,0,1,-0.027532,-78.762031,PICHINCHA,SAN MIGUEL DE LOS BANCOS,MINDO,RURAL,2021-10-31,02:30:00,2,DOMINGO,7,OCTUBRE,10,SI,"CONDUCIR DESATENTO A LAS CONDICIONES DE TRANSITO (CELULAR, PANTALLAS DE VIDEO, COMIDA, MAQUILLAJE O CUALQUIER OTRO ELEMENTO DISTRACTOR).",VOLCAMIENTOS,MOTOCICLETA,0,0,0,0,0,0,0,0,1,0,0,0,0,1,35,HOMBRE,FALLECIDO,CONDUCTOR PRESENTE,NO,SI,3
28257,113428,113429,2021,0,0,-0.019575,-78.452525,PICHINCHA,QUITO,SAN ANTONIO (QUITO),RURAL,2021-10-31,02:30:00,2,DOMINGO,7,OCTUBRE,10,SI,"CONDUCE BAJO LA INFLUENCIA DE ALCOHOL, SUSTANCIAS ESTUPEFACIENTES O PSICOTROPICAS Y/O MEDICAMENTOS.",CHOQUE LATERAL,AUTOMOVIL,2,0,0,0,0,0,0,0,0,0,0,0,0,2,46,MUJER,ILESO,CONDUCTOR PRESENTE,NO,SI,3
28258,113442,113443,2021,0,0,-0.287924,-78.540758,PICHINCHA,QUITO,QUITO,URBANA,2021-10-31,04:30:00,4,DOMINGO,7,OCTUBRE,10,SI,"CONDUCE BAJO LA INFLUENCIA DE ALCOHOL, SUSTANCIAS ESTUPEFACIENTES O PSICOTROPICAS Y/O MEDICAMENTOS.",OTROS,AUTOMOVIL,3,0,0,0,0,0,0,0,0,0,0,0,0,3,28,HOMBRE,ILESO,CONDUCTOR PRESENTE,NO,NO,1
28259,113448,113449,2021,0,0,-0.105339,-78.455465,PICHINCHA,QUITO,CALDERON (CARAPUNGO),URBANA,2021-10-31,06:00:00,6,DOMINGO,7,OCTUBRE,10,SI,REALIZAR CAMBIO BRUSCO O INDEBIDO DE CARRIL.,CHOQUE LATERAL,AUTOMOVIL,2,0,0,0,0,0,0,0,0,0,0,0,0,2,26,HOMBRE,ILESO,CONDUCTOR PRESENTE,NO,NO,1
28260,113455,113456,2021,1,0,0.004009,-78.221425,PICHINCHA,CAYAMBE,CANGAHUA,RURAL,2021-10-31,08:30:00,8,DOMINGO,7,OCTUBRE,10,SI,"CONDUCIR DESATENTO A LAS CONDICIONES DE TRANSITO (CELULAR, PANTALLAS DE VIDEO, COMIDA, MAQUILLAJE O CUALQUIER OTRO ELEMENTO DISTRACTOR).",CHOQUE FRONTAL,BUS,1,0,1,0,0,0,0,0,0,0,0,0,0,2,21,HOMBRE,LESIONADO,CONDUCTOR PRESENTE,NO,SI,3
28261,113460,113461,2021,0,0,-0.408605,-78.804586,PICHINCHA,MEJIA,MANUEL CORNEJO ASTORGA,RURAL,2021-10-31,09:40:00,9,DOMINGO,7,OCTUBRE,10,SI,"CONDUCIR DESATENTO A LAS CONDICIONES DE TRANSITO (CELULAR, PANTALLAS DE VIDEO, COMIDA, MAQUILLAJE O CUALQUIER OTRO ELEMENTO DISTRACTOR).",PERDIDA DE PISTA,AUTOMOVIL,1,0,0,1,0,0,0,0,0,0,0,0,0,2,-1,NO IDENTIFICADO,ILESO,CONDUCTOR PRESENTE,NO,NO,2
28262,113463,113464,2021,3,0,0.008732,-78.213652,PICHINCHA,CAYAMBE,CANGAHUA,RURAL,2021-10-31,10:30:00,10,DOMINGO,7,OCTUBRE,10,SI,"CONDUCIR DESATENTO A LAS CONDICIONES DE TRANSITO (CELULAR, PANTALLAS DE VIDEO, COMIDA, MAQUILLAJE O CUALQUIER OTRO ELEMENTO DISTRACTOR).",CHOQUE FRONTAL,MOTOCICLETA,0,0,0,0,0,0,0,0,2,0,0,0,0,2,1,HOMBRE,LESIONADO,PASAJERO,NO,SI,3
28263,113469,113470,2021,5,0,-0.287778,-78.491251,PICHINCHA,QUITO,CONOCOTO,URBANA,2021-10-31,11:30:00,11,DOMINGO,7,OCTUBRE,10,SI,CONDUCIR VEHICULO SUPERANDO LOS LIMITES MAXIMOS DE VELOCIDAD.,CHOQUE FRONTAL,AUTOMOVIL,2,0,0,0,0,0,0,0,0,0,0,0,0,2,28,HOMBRE,LESIONADO,CONDUCTOR PRESENTE,NO,NO,1
28264,113470,113471,2021,0,0,-0.096232,-78.467523,PICHINCHA,QUITO,QUITO,URBANA,2021-10-31,11:50:00,11,DOMINGO,7,OCTUBRE,10,SI,"CASO FORTUITO O FUERZA MAYOR (EXPLOSION DE NEUMATICO NUEVO, DERRUMBE, INUNDACION, CAIDA DE PUENTE, ARBOL, PRESENCIA INTEMPESTIVA E IMPREVISTA DE SEMOVIENTES EN LA VIA, ETC.).",ESTRELLAMIENTOS,CAMIONETA,0,0,0,0,1,0,0,0,0,0,0,0,0,1,19,MUJER,ILESO,CONDUCTOR PRESENTE,NO,NO,1
28265,113471,113472,2021,2,0,-0.101046,-78.520641,PICHINCHA,QUITO,QUITO,URBANA,2021-10-31,12:35:00,12,DOMINGO,7,OCTUBRE,10,SI,"CONDUCE BAJO LA INFLUENCIA DE ALCOHOL, SUSTANCIAS ESTUPEFACIENTES O PSICOTROPICAS Y/O MEDICAMENTOS.",ATROPELLOS,AUTOMOVIL,1,0,0,0,0,0,0,0,0,0,0,0,0,1,48,HOMBRE,LESIONADO,CONDUCTOR PRESENTE,NO,NO,1
28266,113479,113480,2021,0,0,-0.249103,-78.495016,PICHINCHA,QUITO,QUITO,URBANA,2021-10-31,15:32:00,15,DOMINGO,7,OCTUBRE,10,SI,"CONDICIONES AMBIENTALES Y/O ATMOSFERICAS (NIEBLA, NEBLINA, GRANIZO, LLUVIA).",ESTRELLAMIENTOS,AUTOMOVIL,1,0,0,0,0,0,0,0,0,0,0,0,0,1,25,MUJER,ILESO,CONDUCTOR PRESENTE,NO,NO,1
28267,113480,113481,2021,1,0,-0.210315,-78.424696,PICHINCHA,QUITO,CUMBAYA,RURAL,2021-10-31,15:49:00,15,DOMINGO,7,OCTUBRE,10,SI,BAJARSE O SUBIRSE DE VEHICULOS EN MOVIMIENTO SIN TOMAR LAS PRECAUCIONES DEBIDAS.,CAIDA DE PASAJERO,BUS,0,0,1,0,0,0,0,0,0,0,0,0,0,1,21,HOMBRE,LESIONADO,PASAJERO,NO,NO,3
28268,113486,113487,2021,4,0,-0.453936,-78.758113,PICHINCHA,MEJIA,MANUEL CORNEJO ASTORGA,RURAL,2021-10-31,19:30:00,19,DOMINGO,7,OCTUBRE,10,SI,"CONDUCIR DESATENTO A LAS CONDICIONES DE TRANSITO (CELULAR, PANTALLAS DE VIDEO, COMIDA, MAQUILLAJE O CUALQUIER OTRO ELEMENTO DISTRACTOR).",PERDIDA DE PISTA,CAMIONETA,1,0,0,0,1,0,0,0,0,0,0,0,0,2,-1,NO IDENTIFICADO,LESIONADO,CONDUCTOR PRESENTE,NO,NO,2
28269,113487,113488,2021,1,0,-0.093752,-78.508205,PICHINCHA,QUITO,QUITO,URBANA,2021-10-31,19:46:00,19,DOMINGO,7,OCTUBRE,10,SI,"NO RESPETAR LAS SENIALES REGLAMENTARIAS DE TRANSITO. (PARE, CEDA EL PASO, LUZ ROJA DEL SEMAFORO, ETC).",OTROS,AUTOMOVIL,1,0,0,0,0,0,0,0,0,1,0,0,0,2,28,HOMBRE,LESIONADO,PASAJERO,NO,NO,1
28270,113495,113496,2021,0,1,-0.119451,-78.506659,PICHINCHA,QUITO,QUITO,URBANA,2021-10-31,21:30:00,21,DOMINGO,7,OCTUBRE,10,SI,CONDUCIR VEHICULO SUPERANDO LOS LIMITES MAXIMOS DE VELOCIDAD.,ATROPELLOS,NO IDENTIFICADO,0,0,0,0,0,0,0,0,0,1,0,0,0,1,40,HOMBRE,FALLECIDO,PEATON,NO,NO,1
28271,113500,113501,2021,0,0,-0.148151,-78.490789,PICHINCHA,QUITO,QUITO,URBANA,2021-10-31,22:40:00,22,DOMINGO,7,OCTUBRE,10,SI,CONDUCIR VEHICULO SUPERANDO LOS LIMITES MAXIMOS DE VELOCIDAD.,ESTRELLAMIENTOS,AUTOMOVIL,1,0,0,0,0,0,0,0,0,0,0,0,0,1,29,HOMBRE,ILESO,PASAJERO,NO,NO,1
28272,113506,113507,2021,0,0,-0.249098,-78.536736,PICHINCHA,QUITO,QUITO,URBANA,2021-11-01,01:00:00,1,LUNES,1,NOVIEMBRE,11,SI,"CONDICIONES AMBIENTALES Y/O ATMOSFERICAS (NIEBLA, NEBLINA, GRANIZO, LLUVIA).",ESTRELLAMIENTOS,AUTOMOVIL,1,0,0,0,0,0,0,0,0,0,0,0,0,1,1,NO IDENTIFICADO,NO IDENTIFICADO,CONDUCTOR AUSENTE,NO,NO,2
28273,113511,113512,2021,0,0,-0.182025,-78.478736,PICHINCHA,QUITO,QUITO,URBANA,2021-11-01,06:05:00,6,LUNES,1,NOVIEMBRE,11,SI,"NO RESPETAR LAS SENIALES REGLAMENTARIAS DE TRANSITO. (PARE, CEDA EL PASO, LUZ ROJA DEL SEMAFORO, ETC).",CHOQUE LATERAL,AUTOMOVIL,1,0,0,0,0,0,0,0,0,0,0,0,1,2,1,NO IDENTIFICADO,NO IDENTIFICADO,CONDUCTOR AUSENTE,NO,NO,2
28274,113517,113518,2021,1,0,-0.202417,-78.501226,PICHINCHA,QUITO,QUITO,URBANA,2021-11-01,09:40:00,9,LUNES,1,NOVIEMBRE,11,SI,"MAL ESTACIONADO - EL CONDUCTOR QUE DETENGA O ESTACIONE VEHICULOS EN SITIOS O ZONAS QUE ENTRANIEN PELIGRO, TALES COMO ZONA DE SEGURIDAD, CURVAS, PUENTES, TUNELES, PENDIENTES.",OTROS,ESPECIAL,0,0,0,0,0,0,1,0,1,0,0,0,0,2,1,NO IDENTIFICADO,NO IDENTIFICADO,CONDUCTOR AUSENTE,NO,NO,2