,Unnamed: 0,ID,ANIO,LESIONADOS,FALLECIDOS,LATITUD_Y,LONGITUD_X,PROVINCIA,CANTON,PARROQUIA,ZONA,FECHA,HORA,PERIODO_2,DIA_1,DIA_2,MES_1,MES_2,FERIADO,CAUSA_PROBABLE,TIPO_DE_SINIESTRO,TIPO_DE_VEHICULO_1,AUTOMOVIL,BICICLETA,BUS,CAMION,CAMIONETA,EMERGENCIAS,ESPECIAL,FURGONETA,MOTOCICLETA,NO_IDENTIFICADO,SCOOTER_ELECTRICO,TRICIMOTO,VEHICULO_DEPORTIVO_UTILITARIO,SUMA_DE_VEHICULOS,EDAD_1,SEXO_1,CONDICION_1,PARTICIPANTE_1,CASCO_1,CINTURON_1,KMeans_Cluster
28275,113522,113523,2021,0,0,-0.228336,-78.482591,PICHINCHA,QUITO,QUITO,URBANA,2021-11-01,10:30:00,10,LUNES,1,NOVIEMBRE,11,SI,CONDUCIR VEHICULO SUPERANDO LOS LIMITES MAXIMOS DE VELOCIDAD.,ESTRELLAMIENTOS,CAMION,0,0,0,1,0,0,0,0,0,0,0,0,0,1,38,HOMBRE,ILESO,CONDUCTOR PRESENTE,NO,NO,1
28276,113525,113526,2021,1,0,-0.018202,-78.242411,PICHINCHA,CAYAMBE,OTON,RURAL,2021-11-01,12:30:00,12,LUNES,1,NOVIEMBRE,11,SI,"CONDUCIR DESATENTO A LAS CONDICIONES DE TRANSITO (CELULAR, PANTALLAS DE VIDEO, COMIDA, MAQUILLAJE O CUALQUIER OTRO ELEMENTO DISTRACTOR).",CHOQUE LATERAL,MOTOCICLETA,1,0,0,0,0,0,0,0,1,0,0,0,0,2,24,HOMBRE,LESIONADO,CONDUCTOR PRESENTE,NO,SI,3
28277,113538,113539,2021,0,1,-0.016828,-78.234171,PICHINCHA,CAYAMBE,OTON,RURAL,2021-11-01,16:00:00,16,LUNES,1,NOVIEMBRE,11,SI,"CONDUCIR DESATENTO A LAS CONDICIONES DE TRANSITO (CELULAR, PANTALLAS DE VIDEO, COMIDA, MAQUILLAJE O CUALQUIER OTRO ELEMENTO DISTRACTOR).",PERDIDA DE CARRIL,VEHICULO DEPORTIVO UTILITARIO,0,0,0,1,0,0,0,0,0,0,0,0,1,2,61,MUJER,FALLECIDO,PASAJERO,NO,SI,3
28278,113542,113543,2021,0,0,-0.139879,-78.511627,PICHINCHA,QUITO,QUITO,URBANA,2021-11-01,16:20:00,16,LUNES,1,NOVIEMBRE,11,SI,CONDUCIR VEHICULO SUPERANDO LOS LIMITES MAXIMOS DE VELOCIDAD.,ESTRELLAMIENTOS,AUTOMOVIL,2,0,0,0,1,0,0,0,2,0,0,0,1,6,80,HOMBRE,ILESO,CONDUCTOR PRESENTE,NO,NO,1
28279,113561,113562,2021,0,0,-0.198238,-78.495827,PICHINCHA,QUITO,QUITO,URBANA,2021-11-01,21:15:00,21,LUNES,1,NOVIEMBRE,11,SI,"NO RESPETAR LAS SENIALES REGLAMENTARIAS DE TRANSITO. (PARE, CEDA EL PASO, LUZ ROJA DEL SEMAFORO, ETC).",OTROS,CAMION,0,0,0,1,0,0,0,0,0,0,0,0,0,1,50,HOMBRE,ILESO,CONDUCTOR PRESENTE,NO,NO,1
28280,113566,113567,2021,0,0,-0.293646,-78.539922,PICHINCHA,QUITO,QUITO,URBANA,2021-11-01,23:30:00,23,LUNES,1,NOVIEMBRE,11,SI,CONDUCIR VEHICULO SUPERANDO LOS LIMITES MAXIMOS DE VELOCIDAD.,ESTRELLAMIENTOS,AUTOMOVIL,1,0,0,0,0,0,0,0,0,0,0,0,0,1,1,NO IDENTIFICADO,NO IDENTIFICADO,CONDUCTOR AUSENTE,NO,NO,2
28281,113567,113568,2021,0,0,-0.155828,-78.488613,PICHINCHA,QUITO,QUITO,URBANA,2021-11-01,23:30:00,23,LUNES,1,NOVIEMBRE,11,SI,"CONDUCE BAJO LA INFLUENCIA DE ALCOHOL, SUSTANCIAS ESTUPEFACIENTES O PSICOTROPICAS Y/O MEDICAMENTOS.",CHOQUE FRONTAL,AUTOMOVIL,2,0,0,0,0,0,0,0,0,0,0,0,0,2,45,HOMBRE,ILESO,CONDUCTOR PRESENTE,NO,NO,1
28282,113568,113569,2021,3,1,-0.303303,-78.548025,PICHINCHA,QUITO,QUITO,URBANA,2021-11-01,23:40:00,23,LUNES,1,NOVIEMBRE,11,SI,"CONDUCE BAJO LA INFLUENCIA DE ALCOHOL, SUSTANCIAS ESTUPEFACIENTES O PSICOTROPICAS Y/O MEDICAMENTOS.",ATROPELLOS,MOTOCICLETA,0,0,0,0,0,0,0,0,1,0,0,0,0,1,21,HOMBRE,LESIONADO,CONDUCTOR PRESENTE,SI,NO,1
28283,113571,113572,2021,2,0,-0.225151,-78.420551,PICHINCHA,QUITO,TUMBACO,URBANA,2021-11-02,00:30:00,0,MARTES,2,NOVIEMBRE,11,SI,CONDUCIR VEHICULO SUPERANDO LOS LIMITES MAXIMOS DE VELOCIDAD.,PERDIDA DE CARRIL,VEHICULO DEPORTIVO UTILITARIO,0,0,0,0,0,0,0,0,0,0,0,0,1,1,24,HOMBRE,LESIONADO,CONDUCTOR PRESENTE,NO,NO,1
28284,113576,113577,2021,1,0,-0.295878,-78.556329,PICHINCHA,QUITO,QUITO,URBANA,2021-11-02,03:45:00,3,MARTES,2,NOVIEMBRE,11,SI,"NO RESPETAR LAS SENIALES REGLAMENTARIAS DE TRANSITO. (PARE, CEDA EL PASO, LUZ ROJA DEL SEMAFORO, ETC).",CHOQUE POSTERIOR,AUTOMOVIL,1,0,0,0,0,0,0,0,0,1,0,0,0,2,1,NO IDENTIFICADO,NO IDENTIFICADO,CONDUCTOR AUSENTE,NO,NO,2
28285,113579,113580,2021,1,0,-0.132388,-78.299982,PICHINCHA,QUITO,CHECA (CHILPA),RURAL,2021-11-02,06:40:00,6,MARTES,2,NOVIEMBRE,11,SI,"CONDUCIR DESATENTO A LAS CONDICIONES DE TRANSITO (CELULAR, PANTALLAS DE VIDEO, COMIDA, MAQUILLAJE O CUALQUIER OTRO ELEMENTO DISTRACTOR).",ATROPELLOS,NO IDENTIFICADO,0,0,0,0,0,0,0,0,0,1,0,0,0,1,22,MUJER,LESIONADO,PEATON,NO,SI,3
28286,113582,113583,2021,0,0,-0.068531,-78.372941,PICHINCHA,QUITO,GUAYLLABAMBA,RURAL,2021-11-02,08:10:00,8,MARTES,2,NOVIEMBRE,11,SI,"CONDICIONES AMBIENTALES Y/O ATMOSFERICAS (NIEBLA, NEBLINA, GRANIZO, LLUVIA).",PERDIDA DE CARRIL,AUTOMOVIL,2,0,0,0,0,0,0,0,0,0,0,0,0,2,45,HOMBRE,ILESO,CONDUCTOR PRESENTE,NO,SI,3
28287,113596,113597,2021,1,0,-0.112552,-78.295362,PICHINCHA,QUITO,EL QUINCHE,URBANA,2021-11-02,15:05:00,15,MARTES,2,NOVIEMBRE,11,SI,REALIZAR CAMBIO BRUSCO O INDEBIDO DE CARRIL.,CHOQUE LATERAL,MOTOCICLETA,0,0,0,0,1,0,0,0,1,0,0,0,0,2,39,HOMBRE,LESIONADO,CONDUCTOR PRESENTE,SI,NO,1
28288,113601,113602,2021,0,0,-0.047891,-78.483413,PICHINCHA,QUITO,POMASQUI,URBANA,2021-11-02,16:15:00,16,MARTES,2,NOVIEMBRE,11,SI,"CONDUCE BAJO LA INFLUENCIA DE ALCOHOL, SUSTANCIAS ESTUPEFACIENTES O PSICOTROPICAS Y/O MEDICAMENTOS.",ESTRELLAMIENTOS,AUTOMOVIL,2,0,0,0,0,0,0,0,0,0,0,0,0,2,37,HOMBRE,ILESO,CONDUCTOR PRESENTE,NO,NO,1
28289,113605,113606,2021,0,0,-0.049691,-78.337125,PICHINCHA,QUITO,GUAYLLABAMBA,RURAL,2021-11-02,17:50:00,17,MARTES,2,NOVIEMBRE,11,SI,"CONDUCE BAJO LA INFLUENCIA DE ALCOHOL, SUSTANCIAS ESTUPEFACIENTES O PSICOTROPICAS Y/O MEDICAMENTOS.",PERDIDA DE CARRIL,MOTOCICLETA,0,0,0,0,1,0,0,0,1,0,0,0,0,2,35,HOMBRE,ILESO,CONDUCTOR PRESENTE,NO,SI,3
28290,113608,113609,2021,0,0,-0.272597,-78.519621,PICHINCHA,QUITO,QUITO,URBANA,2021-11-02,18:30:00,18,MARTES,2,NOVIEMBRE,11,SI,CONDUCIR VEHICULO SUPERANDO LOS LIMITES MAXIMOS DE VELOCIDAD.,ESTRELLAMIENTOS,CAMION,1,0,0,1,0,0,0,0,0,0,0,0,0,2,1,NO IDENTIFICADO,NO IDENTIFICADO,CONDUCTOR AUSENTE,NO,NO,2
28291,113610,113611,2021,0,0,-0.237909,-78.529145,PICHINCHA,QUITO,QUITO,URBANA,2021-11-02,18:50:00,18,MARTES,2,NOVIEMBRE,11,SI,"CONDUCE BAJO LA INFLUENCIA DE ALCOHOL, SUSTANCIAS ESTUPEFACIENTES O PSICOTROPICAS Y/O MEDICAMENTOS.",CHOQUE LATERAL,AUTOMOVIL,2,0,0,0,0,0,0,0,0,0,0,0,0,2,23,HOMBRE,ILESO,CONDUCTOR PRESENTE,NO,NO,1
28292,113620,113621,2021,0,0,-0.227508,-78.503651,PICHINCHA,QUITO,QUITO,URBANA,2021-11-02,21:15:00,21,MARTES,2,NOVIEMBRE,11,SI,"CONDUCE BAJO LA INFLUENCIA DE ALCOHOL, SUSTANCIAS ESTUPEFACIENTES O PSICOTROPICAS Y/O MEDICAMENTOS.",ESTRELLAMIENTOS,AUTOMOVIL,1,0,0,0,0,0,0,0,0,0,0,0,1,2,28,HOMBRE,ILESO,CONDUCTOR PRESENTE,NO,NO,1
28293,113621,113622,2021,2,0,-0.085555,-78.512339,PICHINCHA,QUITO,QUITO,URBANA,2021-11-02,21:30:00,21,MARTES,2,NOVIEMBRE,11,SI,"CONDUCE BAJO LA INFLUENCIA DE ALCOHOL, SUSTANCIAS ESTUPEFACIENTES O PSICOTROPICAS Y/O MEDICAMENTOS.",CHOQUE POSTERIOR,MOTOCICLETA,1,0,0,0,0,0,0,0,1,0,0,0,0,2,24,HOMBRE,LESIONADO,CONDUCTOR PRESENTE,SI,NO,1
28294,113624,113625,2021,1,0,-0.280416,-78.540888,PICHINCHA,QUITO,QUITO,URBANA,2021-11-02,23:20:00,23,MARTES,2,NOVIEMBRE,11,SI,"NO RESPETAR LAS SENIALES REGLAMENTARIAS DE TRANSITO. (PARE, CEDA EL PASO, LUZ ROJA DEL SEMAFORO, ETC).",CHOQUE LATERAL,AUTOMOVIL,2,0,0,0,0,0,0,0,0,0,0,0,0,2,22,HOMBRE,ILESO,CONDUCTOR PRESENTE,NO,NO,1
28295,113634,113635,2021,0,0,-0.329891,-78.545134,PICHINCHA,QUITO,QUITO,URBANA,2021-11-03,03:30:00,3,MIERCOLES,3,NOVIEMBRE,11,SI,DANIOS MECANICOS PREVISIBLES.,OTROS,AUTOMOVIL,1,0,0,0,0,0,0,0,0,0,0,0,0,1,1,NO IDENTIFICADO,NO IDENTIFICADO,CONDUCTOR AUSENTE,NO,NO,2
28296,113644,113645,2021,0,0,-0.301132,-78.521206,PICHINCHA,QUITO,QUITO,URBANA,2021-11-03,06:40:00,6,MIERCOLES,3,NOVIEMBRE,11,SI,CONDUCIR VEHICULO SUPERANDO LOS LIMITES MAXIMOS DE VELOCIDAD.,ESTRELLAMIENTOS,AUTOMOVIL,1,0,0,0,0,0,0,0,0,0,0,0,0,1,31,HOMBRE,ILESO,CONDUCTOR PRESENTE,NO,NO,1
28297,113648,113649,2021,1,0,-0.290955,-78.536336,PICHINCHA,QUITO,QUITO,URBANA,2021-11-03,07:00:00,7,MIERCOLES,3,NOVIEMBRE,11,SI,DEJAR O RECOGER PASAJEROS EN LUGARES NO PERMITIDOS.,CAIDA DE PASAJERO,BUS,0,0,1,0,0,0,0,0,0,0,0,0,0,1,29,HOMBRE,ILESO,CONDUCTOR PRESENTE,NO,NO,1
28298,113653,113654,2021,0,0,-0.121179,-78.480316,PICHINCHA,QUITO,QUITO,URBANA,2021-11-03,07:55:00,7,MIERCOLES,3,NOVIEMBRE,11,SI,"CONDUCIR EN ESTADO DE SOMNOLENCIA O MALAS CONDICIONES FISICAS (SUENIO, CANSANCIO Y FATIGA).",ESTRELLAMIENTOS,VEHICULO DEPORTIVO UTILITARIO,0,0,0,0,0,0,0,0,0,0,0,0,1,1,57,HOMBRE,ILESO,CONDUCTOR PRESENTE,NO,NO,1
28299,113675,113676,2021,0,0,-0.163073,-78.462599,PICHINCHA,QUITO,QUITO,URBANA,2021-11-03,16:30:00,16,MIERCOLES,3,NOVIEMBRE,11,SI,REALIZAR CAMBIO BRUSCO O INDEBIDO DE CARRIL.,CHOQUE LATERAL,AUTOMOVIL,2,0,0,0,0,0,0,0,0,0,0,0,0,2,1,NO IDENTIFICADO,NO IDENTIFICADO,CONDUCTOR AUSENTE,NO,NO,2
28300,113677,113678,2021,0,0,-0.545911,-78.585121,PICHINCHA,MEJIA,MACHACHI,RURAL,2021-11-03,16:40:00,16,MIERCOLES,3,NOVIEMBRE,11,SI,"CONDUCIR DESATENTO A LAS CONDICIONES DE TRANSITO (CELULAR, PANTALLAS DE VIDEO, COMIDA, MAQUILLAJE O CUALQUIER OTRO ELEMENTO DISTRACTOR).",ROZAMIENTOS,CAMIONETA,0,0,0,0,1,0,0,0,0,0,0,0,1,2,-1,HOMBRE,ILESO,CONDUCTOR PRESENTE,NO,SI,3
28301,113686,113687,2021,1,0,-0.292291,-78.544182,PICHINCHA,QUITO,QUITO,URBANA,2021-11-03,18:30:00,18,MIERCOLES,3,NOVIEMBRE,11,SI,"NO RESPETAR LAS SENIALES REGLAMENTARIAS DE TRANSITO. (PARE, CEDA EL PASO, LUZ ROJA DEL SEMAFORO, ETC).",CHOQUE LATERAL,CAMION,0,0,1,1,0,0,0,0,0,0,0,0,0,2,36,HOMBRE,LESIONADO,CONDUCTOR PRESENTE,NO,NO,1
28302,113688,113689,2021,0,0,-0.327399,-78.537364,PICHINCHA,QUITO,QUITO,URBANA,2021-11-03,18:42:00,18,MIERCOLES,3,NOVIEMBRE,11,SI,"CONDUCE BAJO LA INFLUENCIA DE ALCOHOL, SUSTANCIAS ESTUPEFACIENTES O PSICOTROPICAS Y/O MEDICAMENTOS.",CHOQUE LATERAL,AUTOMOVIL,1,0,0,0,1,0,0,0,0,0,0,0,0,2,24,HOMBRE,ILESO,CONDUCTOR PRESENTE,NO,NO,1
28303,113690,113691,2021,0,0,-0.216488,-78.386219,PICHINCHA,QUITO,TUMBACO,URBANA,2021-11-03,19:10:00,19,MIERCOLES,3,NOVIEMBRE,11,SI,CONDUCIR VEHICULO SUPERANDO LOS LIMITES MAXIMOS DE VELOCIDAD.,OTROS,MOTOCICLETA,2,0,0,0,0,0,0,0,1,0,0,0,0,3,1,NO IDENTIFICADO,NO IDENTIFICADO,CONDUCTOR AUSENTE,NO,NO,2
28304,113692,113693,2021,1,0,-0.163671,-78.474221,PICHINCHA,QUITO,QUITO,URBANA,2021-11-03,19:35:00,19,MIERCOLES,3,NOVIEMBRE,11,SI,PEATON QUE CRUZA LA CALZADA SIN RESPETAR LA SENIALIZACION EXISTENTE (SEMAFOROS O SENIALES MANUALES).,ATROPELLOS,BUS,0,0,1,0,0,0,0,0,0,0,0,0,0,1,45,HOMBRE,ILESO,CONDUCTOR PRESENTE,NO,NO,1
28305,113699,113700,2021,0,0,-0.091585,-78.439052,PICHINCHA,QUITO,CALDERON (CARAPUNGO),URBANA,2021-11-03,21:00:00,21,MIERCOLES,3,NOVIEMBRE,11,SI,NO CEDER EL DERECHO DE VIA O PREFERENCIA DE PASO A VEHICULOS.,CHOQUE LATERAL,VEHICULO DEPORTIVO UTILITARIO,1,0,0,0,0,0,0,0,0,0,0,0,1,2,1,NO IDENTIFICADO,NO IDENTIFICADO,CONDUCTOR AUSENTE,NO,NO,2
28306,113703,113704,2021,0,0,-0.201014,-78.560247,PICHINCHA,QUITO,LLOA,URBANA,2021-11-03,21:35:00,21,MIERCOLES,3,NOVIEMBRE,11,SI,"CONDUCE BAJO LA INFLUENCIA DE ALCOHOL, SUSTANCIAS ESTUPEFACIENTES O PSICOTROPICAS Y/O MEDICAMENTOS.",ESTRELLAMIENTOS,VEHICULO DEPORTIVO UTILITARIO,0,0,0,0,1,0,0,0,0,0,0,0,1,2,29,HOMBRE,ILESO,CONDUCTOR PRESENTE,NO,NO,1
28307,113704,113705,2021,0,0,-0.353555,-78.465589,PICHINCHA,RUMINIAHUI,SANGOLQUI,RURAL,2021-11-03,21:40:00,21,MIERCOLES,3,NOVIEMBRE,11,SI,"CONDUCE BAJO LA INFLUENCIA DE ALCOHOL, SUSTANCIAS ESTUPEFACIENTES O PSICOTROPICAS Y/O MEDICAMENTOS.",CHOQUE LATERAL,AUTOMOVIL,1,0,0,0,0,0,0,0,0,0,0,0,1,2,43,HOMBRE,ILESO,CONDUCTOR PRESENTE,NO,SI,3
28308,113709,113710,2021,1,0,-0.191214,-78.486196,PICHINCHA,QUITO,QUITO,URBANA,2021-11-03,22:45:00,22,MIERCOLES,3,NOVIEMBRE,11,SI,CONDUCIR VEHICULO SUPERANDO LOS LIMITES MAXIMOS DE VELOCIDAD.,ESTRELLAMIENTOS,AUTOMOVIL,1,0,0,0,0,0,0,0,0,0,0,0,0,1,1,NO IDENTIFICADO,NO IDENTIFICADO,CONDUCTOR AUSENTE,NO,NO,2
28309,113711,113712,2021,0,0,-0.001744,-78.510868,PICHINCHA,QUITO,CALACALI,RURAL,2021-11-03,23:20:00,23,MIERCOLES,3,NOVIEMBRE,11,SI,"CONDUCIR EN ESTADO DE SOMNOLENCIA O MALAS CONDICIONES FISICAS (SUENIO, CANSANCIO Y FATIGA).",PERDIDA DE PISTA,AUTOMOVIL,1,0,0,0,0,0,0,0,0,0,0,0,0,1,39,HOMBRE,ILESO,CONDUCTOR PRESENTE,NO,SI,3
28310,113717,113718,2021,0,0,-0.247146,-78.535093,PICHINCHA,QUITO,QUITO,URBANA,2021-11-04,06:20:00,6,JUEVES,4,NOVIEMBRE,11,NO,"CONDUCE BAJO LA INFLUENCIA DE ALCOHOL, SUSTANCIAS ESTUPEFACIENTES O PSICOTROPICAS Y/O MEDICAMENTOS.",CHOQUE POSTERIOR,VEHICULO DEPORTIVO UTILITARIO,1,0,0,0,0,0,0,0,0,0,0,0,1,2,33,HOMBRE,ILESO,CONDUCTOR PRESENTE,NO,NO,1
28311,113719,113720,2021,1,0,-0.163058,-78.475467,PICHINCHA,QUITO,QUITO,URBANA,2021-11-04,07:00:00,7,JUEVES,4,NOVIEMBRE,11,NO,PEATON QUE CRUZA LA CALZADA SIN RESPETAR LA SENIALIZACION EXISTENTE (SEMAFOROS O SENIALES MANUALES).,ATROPELLOS,BUS,0,0,1,0,0,0,0,0,0,0,0,0,0,1,45,HOMBRE,ILESO,CONDUCTOR PRESENTE,NO,NO,1
28312,113720,113721,2021,0,1,-0.147345,-78.493129,PICHINCHA,QUITO,QUITO,URBANA,2021-11-04,07:30:00,7,JUEVES,4,NOVIEMBRE,11,NO,PEATON QUE CRUZA LA CALZADA SIN RESPETAR LA SENIALIZACION EXISTENTE (SEMAFOROS O SENIALES MANUALES).,ARROLLAMIENTOS,VEHICULO DEPORTIVO UTILITARIO,0,0,0,0,0,0,0,0,0,0,0,0,1,1,33,MUJER,ILESO,CONDUCTOR PRESENTE,NO,NO,1
28313,113722,113723,2021,3,0,-0.293646,-78.539922,PICHINCHA,QUITO,QUITO,URBANA,2021-11-04,07:50:00,7,JUEVES,4,NOVIEMBRE,11,NO,PEATON QUE CRUZA LA CALZADA SIN RESPETAR LA SENIALIZACION EXISTENTE (SEMAFOROS O SENIALES MANUALES).,ATROPELLOS,MOTOCICLETA,0,0,0,0,0,0,0,0,1,0,0,0,0,1,23,HOMBRE,LESIONADO,CONDUCTOR PRESENTE,SI,NO,1
28314,113727,113728,2021,2,0,-0.190746,-78.512615,PICHINCHA,QUITO,QUITO,URBANA,2021-11-04,10:09:00,10,JUEVES,4,NOVIEMBRE,11,NO,CONDUCIR VEHICULO SUPERANDO LOS LIMITES MAXIMOS DE VELOCIDAD.,COLISION,MOTOCICLETA,1,0,0,0,0,0,0,0,1,0,0,0,1,3,21,HOMBRE,LESIONADO,CONDUCTOR PRESENTE,SI,NO,1
28315,113730,113731,2021,0,0,-0.206523,-78.512161,PICHINCHA,QUITO,QUITO,URBANA,2021-11-04,12:00:00,12,JUEVES,4,NOVIEMBRE,11,NO,"FALLA MECANICA EN LOS SISTEMAS Y/O NEUMATICOS (SISTEMA DE FRENOS, DIRECCION, ELECTRONICO O MECANICO).",ESTRELLAMIENTOS,CAMIONETA,0,0,0,0,1,0,0,0,0,0,0,0,0,1,43,HOMBRE,ILESO,CONDUCTOR PRESENTE,NO,NO,1
28316,113732,113733,2021,0,0,-0.202611,-78.503322,PICHINCHA,QUITO,QUITO,URBANA,2021-11-04,12:35:00,12,JUEVES,4,NOVIEMBRE,11,NO,NO CEDER EL DERECHO DE VIA O PREFERENCIA DE PASO A VEHICULOS.,CHOQUE LATERAL,AUTOMOVIL,2,0,0,0,0,0,0,0,0,0,0,0,0,2,45,HOMBRE,ILESO,CONDUCTOR PRESENTE,NO,NO,1
28317,113733,113734,2021,0,0,-0.215928,-78.394843,PICHINCHA,QUITO,TUMBACO,URBANA,2021-11-04,13:00:00,13,JUEVES,4,NOVIEMBRE,11,NO,"NO RESPETAR LAS SENIALES REGLAMENTARIAS DE TRANSITO. (PARE, CEDA EL PASO, LUZ ROJA DEL SEMAFORO, ETC).",CHOQUE LATERAL,AUTOMOVIL,2,0,0,0,0,0,0,0,0,0,0,0,0,2,71,MUJER,ILESO,CONDUCTOR PRESENTE,NO,NO,1
28318,113740,113741,2021,1,0,-0.318016,-78.527162,PICHINCHA,QUITO,QUITO,URBANA,2021-11-04,15:50:00,15,JUEVES,4,NOVIEMBRE,11,NO,"FALLA MECANICA EN LOS SISTEMAS Y/O NEUMATICOS (SISTEMA DE FRENOS, DIRECCION, ELECTRONICO O MECANICO).",OTROS,MOTOCICLETA,0,0,0,0,0,0,0,0,1,0,0,0,0,1,27,HOMBRE,LESIONADO,CONDUCTOR PRESENTE,SI,NO,1
28319,113748,113749,2021,0,0,-0.320573,-78.564092,PICHINCHA,QUITO,QUITO,URBANA,2021-11-04,18:10:00,18,JUEVES,4,NOVIEMBRE,11,NO,"CONDUCE BAJO LA INFLUENCIA DE ALCOHOL, SUSTANCIAS ESTUPEFACIENTES O PSICOTROPICAS Y/O MEDICAMENTOS.",CHOQUE FRONTAL,AUTOMOVIL,2,0,0,0,0,0,0,0,0,0,0,0,0,2,35,HOMBRE,ILESO,CONDUCTOR PRESENTE,NO,NO,1
28320,113754,113755,2021,0,0,-0.284041,-78.485141,PICHINCHA,QUITO,CONOCOTO,URBANA,2021-11-04,20:15:00,20,JUEVES,4,NOVIEMBRE,11,NO,REALIZAR CAMBIO BRUSCO O INDEBIDO DE CARRIL.,ROZAMIENTOS,AUTOMOVIL,2,0,0,0,0,0,0,0,0,0,0,0,0,2,1,NO IDENTIFICADO,NO IDENTIFICADO,CONDUCTOR AUSENTE,NO,NO,2
28321,113770,113771,2021,0,0,-0.223129,-78.516526,PICHINCHA,QUITO,QUITO,URBANA,2021-11-05,04:30:00,4,VIERNES,5,NOVIEMBRE,11,NO,"CONDUCIR EN ESTADO DE SOMNOLENCIA O MALAS CONDICIONES FISICAS (SUENIO, CANSANCIO Y FATIGA).",ESTRELLAMIENTOS,CAMION,0,0,0,1,0,0,0,0,0,0,0,0,0,1,45,HOMBRE,ILESO,CONDUCTOR PRESENTE,NO,NO,1
28322,113782,113783,2021,0,0,-0.220556,-78.390371,PICHINCHA,QUITO,TUMBACO,URBANA,2021-11-05,08:15:00,8,VIERNES,5,NOVIEMBRE,11,NO,CONDUCIR VEHICULO SUPERANDO LOS LIMITES MAXIMOS DE VELOCIDAD.,CHOQUE LATERAL,VEHICULO DEPORTIVO UTILITARIO,1,0,0,0,0,0,0,0,0,0,0,0,1,2,28,MUJER,ILESO,CONDUCTOR PRESENTE,NO,NO,1
28323,113783,113784,2021,1,0,-0.266414,-78.526561,PICHINCHA,QUITO,QUITO,URBANA,2021-11-05,09:00:00,9,VIERNES,5,NOVIEMBRE,11,NO,NO CEDER EL DERECHO DE VIA O PREFERENCIA DE PASO A VEHICULOS.,ATROPELLOS,MOTOCICLETA,0,0,0,0,0,0,0,0,1,0,0,0,0,1,21,HOMBRE,ILESO,CONDUCTOR PRESENTE,SI,NO,1
28324,113798,113799,2021,2,0,-0.163073,-78.462599,PICHINCHA,QUITO,QUITO,URBANA,2021-11-05,13:38:00,13,VIERNES,5,NOVIEMBRE,11,NO,"FALLA MECANICA EN LOS SISTEMAS Y/O NEUMATICOS (SISTEMA DE FRENOS, DIRECCION, ELECTRONICO O MECANICO).",OTROS,AUTOMOVIL,1,0,0,0,0,0,0,0,0,0,0,0,0,1,28,MUJER,ILESO,CONDUCTOR PRESENTE,NO,NO,1
28325,113802,113803,2021,1,0,-0.163664,-78.473052,PICHINCHA,QUITO,QUITO,URBANA,2021-11-05,14:45:00,14,VIERNES,5,NOVIEMBRE,11,NO,"CONDUCIR DESATENTO A LAS CONDICIONES DE TRANSITO (CELULAR, PANTALLAS DE VIDEO, COMIDA, MAQUILLAJE O CUALQUIER OTRO ELEMENTO DISTRACTOR).",OTROS,BUS,0,0,1,0,0,0,0,0,0,0,0,0,0,1,33,HOMBRE,ILESO,CONDUCTOR PRESENTE,NO,NO,1
28326,113805,113806,2021,1,0,-0.441136,-78.742922,PICHINCHA,MEJIA,MANUEL CORNEJO ASTORGA,RURAL,2021-11-05,16:43:00,16,VIERNES,5,NOVIEMBRE,11,NO,"CONDUCIR DESATENTO A LAS CONDICIONES DE TRANSITO (CELULAR, PANTALLAS DE VIDEO, COMIDA, MAQUILLAJE O CUALQUIER OTRO ELEMENTO DISTRACTOR).",PERDIDA DE PISTA,AUTOMOVIL,1,0,0,0,0,0,0,0,0,0,0,0,0,1,54,HOMBRE,LESIONADO,CONDUCTOR PRESENTE,NO,NO,3
28327,113816,113817,2021,1,0,-0.253108,-78.537515,PICHINCHA,QUITO,QUITO,URBANA,2021-11-05,20:45:00,20,VIERNES,5,NOVIEMBRE,11,NO,NO CEDER EL DERECHO DE VIA O PREFERENCIA DE PASO A VEHICULOS.,CHOQUE LATERAL,AUTOMOVIL,1,0,1,0,0,0,0,0,0,0,0,0,0,2,41,HOMBRE,ILESO,CONDUCTOR PRESENTE,NO,NO,1
28328,113817,113818,2021,0,0,-0.296543,-78.454131,PICHINCHA,QUITO,ALANGASI,URBANA,2021-11-05,20:45:00,20,VIERNES,5,NOVIEMBRE,11,NO,"CONDICIONES AMBIENTALES Y/O ATMOSFERICAS (NIEBLA, NEBLINA, GRANIZO, LLUVIA).",CHOQUE LATERAL,VEHICULO DEPORTIVO UTILITARIO,0,0,0,0,0,0,0,0,0,0,0,0,2,2,21,HOMBRE,ILESO,CONDUCTOR PRESENTE,NO,NO,1
28329,113819,113820,2021,0,0,-0.204988,-78.485301,PICHINCHA,QUITO,QUITO,URBANA,2021-11-05,21:00:00,21,VIERNES,5,NOVIEMBRE,11,NO,"CONDICIONES AMBIENTALES Y/O ATMOSFERICAS (NIEBLA, NEBLINA, GRANIZO, LLUVIA).",CHOQUE POSTERIOR,AUTOMOVIL,1,0,0,0,0,0,0,0,0,0,0,0,1,2,1,NO IDENTIFICADO,NO IDENTIFICADO,CONDUCTOR AUSENTE,NO,NO,2