,Unnamed: 0,ID,ANIO,LESIONADOS,FALLECIDOS,LATITUD_Y,LONGITUD_X,PROVINCIA,CANTON,PARROQUIA,ZONA,FECHA,HORA,PERIODO_2,DIA_1,DIA_2,MES_1,MES_2,FERIADO,CAUSA_PROBABLE,TIPO_DE_SINIESTRO,TIPO_DE_VEHICULO_1,AUTOMOVIL,BICICLETA,BUS,CAMION,CAMIONETA,EMERGENCIAS,ESPECIAL,FURGONETA,MOTOCICLETA,NO_IDENTIFICADO,SCOOTER_ELECTRICO,TRICIMOTO,VEHICULO_DEPORTIVO_UTILITARIO,SUMA_DE_VEHICULOS,EDAD_1,SEXO_1,CONDICION_1,PARTICIPANTE_1,CASCO_1,CINTURON_1,KMeans_Cluster
28387,114099,114100,2021,0,0,-0.079828,-78.481492,PICHINCHA,QUITO,QUITO,RURAL,2021-11-11,06:20:00,6,JUEVES,4,NOVIEMBRE,11,NO,DANIOS MECANICOS PREVISIBLES.,PERDIDA DE CARRIL,AUTOMOVIL,1,0,0,0,0,0,0,0,0,0,0,0,0,1,27,MUJER,ILESO,CONDUCTOR PRESENTE,NO,SI,3
28388,114107,114108,2021,1,0,-0.278039,-78.556991,PICHINCHA,QUITO,QUITO,URBANA,2021-11-11,10:27:00,10,JUEVES,4,NOVIEMBRE,11,NO,"NO RESPETAR LAS SENIALES REGLAMENTARIAS DE TRANSITO. (PARE, CEDA EL PASO, LUZ ROJA DEL SEMAFORO, ETC).",CHOQUE LATERAL,BICICLETA,0,1,0,0,0,0,0,0,0,1,0,0,0,2,1,NO IDENTIFICADO,NO IDENTIFICADO,CONDUCTOR AUSENTE,NO,NO,2
28389,114129,114130,2021,1,0,-0.175598,-78.486161,PICHINCHA,QUITO,QUITO,URBANA,2021-11-11,16:40:00,16,JUEVES,4,NOVIEMBRE,11,NO,NO TRANSITAR POR LAS ACERAS O ZONAS DE SEGURIDAD DESTINADAS PARA EL EFECTO.,ATROPELLOS,BUS,0,0,1,0,0,0,0,0,0,0,0,0,0,1,57,HOMBRE,ILESO,CONDUCTOR PRESENTE,NO,NO,1
28390,114147,114148,2021,0,0,-0.126245,-78.480937,PICHINCHA,QUITO,QUITO,URBANA,2021-11-12,00:35:00,0,VIERNES,5,NOVIEMBRE,11,NO,CONDUCIR VEHICULO SUPERANDO LOS LIMITES MAXIMOS DE VELOCIDAD.,ESTRELLAMIENTOS,AUTOMOVIL,1,0,0,0,0,0,0,0,0,0,0,0,0,1,1,NO IDENTIFICADO,NO IDENTIFICADO,CONDUCTOR AUSENTE,NO,NO,2
28391,114148,114149,2021,0,0,-0.296321,-78.554124,PICHINCHA,QUITO,QUITO,URBANA,2021-11-12,00:45:00,0,VIERNES,5,NOVIEMBRE,11,NO,"CONDUCIR EN ESTADO DE SOMNOLENCIA O MALAS CONDICIONES FISICAS (SUENIO, CANSANCIO Y FATIGA).",ESTRELLAMIENTOS,AUTOMOVIL,1,0,0,0,0,0,0,0,0,0,0,0,0,1,37,HOMBRE,ILESO,CONDUCTOR PRESENTE,NO,NO,1
28392,114155,114156,2021,1,0,-0.276583,-78.496537,PICHINCHA,QUITO,CONOCOTO,URBANA,2021-11-12,06:30:00,6,VIERNES,5,NOVIEMBRE,11,NO,"CONDUCE BAJO LA INFLUENCIA DE ALCOHOL, SUSTANCIAS ESTUPEFACIENTES O PSICOTROPICAS Y/O MEDICAMENTOS.",CHOQUE LATERAL,AUTOMOVIL,1,0,0,0,0,0,0,0,1,0,0,0,0,2,31,HOMBRE,ILESO,CONDUCTOR PRESENTE,NO,NO,1
28393,114157,114158,2021,1,0,-0.218581,-78.504938,PICHINCHA,QUITO,QUITO,URBANA,2021-11-12,07:15:00,7,VIERNES,5,NOVIEMBRE,11,NO,NO TRANSITAR POR LAS ACERAS O ZONAS DE SEGURIDAD DESTINADAS PARA EL EFECTO.,ATROPELLOS,MOTOCICLETA,0,0,0,0,0,0,0,0,1,0,0,0,0,1,36,HOMBRE,ILESO,CONDUCTOR PRESENTE,SI,NO,1
28394,114166,114167,2021,2,0,-0.291171,-78.545891,PICHINCHA,QUITO,QUITO,URBANA,2021-11-12,11:00:00,11,VIERNES,5,NOVIEMBRE,11,NO,NO CEDER EL DERECHO DE VIA O PREFERENCIA DE PASO A VEHICULOS.,ATROPELLOS,MOTOCICLETA,0,0,0,0,0,0,0,0,1,0,0,0,0,1,27,HOMBRE,LESIONADO,CONDUCTOR PRESENTE,SI,NO,1
28395,114173,114174,2021,1,0,-0.138881,-78.501317,PICHINCHA,QUITO,QUITO,URBANA,2021-11-12,12:47:00,12,VIERNES,5,NOVIEMBRE,11,NO,REALIZAR CAMBIO BRUSCO O INDEBIDO DE CARRIL.,CHOQUE LATERAL,CAMIONETA,0,0,0,0,1,0,0,0,1,0,0,0,0,2,41,HOMBRE,ILESO,CONDUCTOR PRESENTE,NO,NO,1
28396,114176,114177,2021,1,0,-0.263621,-78.524648,PICHINCHA,QUITO,QUITO,URBANA,2021-11-12,13:20:00,13,VIERNES,5,NOVIEMBRE,11,NO,NO TRANSITAR POR LAS ACERAS O ZONAS DE SEGURIDAD DESTINADAS PARA EL EFECTO.,ATROPELLOS,BUS,0,0,1,0,0,0,0,0,0,0,0,0,0,1,38,HOMBRE,ILESO,CONDUCTOR PRESENTE,NO,NO,1
28397,114183,114184,2021,0,0,-0.246057,-78.511721,PICHINCHA,QUITO,QUITO,URBANA,2021-11-12,14:30:00,14,VIERNES,5,NOVIEMBRE,11,NO,"CONDUCE BAJO LA INFLUENCIA DE ALCOHOL, SUSTANCIAS ESTUPEFACIENTES O PSICOTROPICAS Y/O MEDICAMENTOS.",ESTRELLAMIENTOS,AUTOMOVIL,3,0,0,0,0,0,0,0,0,0,0,0,0,3,37,HOMBRE,ILESO,CONDUCTOR PRESENTE,NO,NO,1
28398,114190,114191,2021,1,0,-0.315496,-78.447439,PICHINCHA,RUMINIAHUI,SANGOLQUI,URBANA,2021-11-12,17:50:00,17,VIERNES,5,NOVIEMBRE,11,NO,CONDUCIR VEHICULO SUPERANDO LOS LIMITES MAXIMOS DE VELOCIDAD.,PERDIDA DE PISTA,AUTOMOVIL,1,0,0,0,0,0,0,0,0,0,0,0,0,1,20,MUJER,LESIONADO,PASAJERO,NO,SI,1
28399,114193,114194,2021,2,0,-0.190933,-78.480366,PICHINCHA,QUITO,QUITO,URBANA,2021-11-12,18:20:00,18,VIERNES,5,NOVIEMBRE,11,NO,"ADELANTAR O REBASAR A OTRO VEHICULO EN MOVIMIENTO EN ZONAS O SITIOS PELIGROSOS TALES COMO: CURVAS, PUENTES, TUNELES, PENDIENTES, ETC.",CHOQUE LATERAL,VEHICULO DEPORTIVO UTILITARIO,0,0,0,0,0,0,0,0,0,0,0,0,2,2,38,HOMBRE,LESIONADO,CONDUCTOR PRESENTE,NO,NO,1
28400,114204,114205,2021,0,0,-0.258215,-78.541309,PICHINCHA,QUITO,QUITO,URBANA,2021-11-12,22:15:00,22,VIERNES,5,NOVIEMBRE,11,NO,"NO RESPETAR LAS SENIALES REGLAMENTARIAS DE TRANSITO. (PARE, CEDA EL PASO, LUZ ROJA DEL SEMAFORO, ETC).",CHOQUE LATERAL,MOTOCICLETA,1,0,0,0,0,0,0,0,1,0,0,0,0,2,1,NO IDENTIFICADO,NO IDENTIFICADO,CONDUCTOR AUSENTE,NO,NO,2
28401,114207,114208,2021,0,0,-0.199767,-78.428809,PICHINCHA,QUITO,CUMBAYA,URBANA,2021-11-13,00:30:00,0,SABADO,6,NOVIEMBRE,11,NO,"CONDUCIR DESATENTO A LAS CONDICIONES DE TRANSITO (CELULAR, PANTALLAS DE VIDEO, COMIDA, MAQUILLAJE O CUALQUIER OTRO ELEMENTO DISTRACTOR).",CHOQUE LATERAL,AUTOMOVIL,1,0,0,0,0,0,0,0,1,0,0,0,0,2,1,NO IDENTIFICADO,NO IDENTIFICADO,CONDUCTOR AUSENTE,NO,NO,2
28402,114208,114209,2021,0,0,-0.189085,-78.511758,PICHINCHA,QUITO,QUITO,URBANA,2021-11-13,00:35:00,0,SABADO,6,NOVIEMBRE,11,NO,"CONDUCE BAJO LA INFLUENCIA DE ALCOHOL, SUSTANCIAS ESTUPEFACIENTES O PSICOTROPICAS Y/O MEDICAMENTOS.",CHOQUE LATERAL,VEHICULO DEPORTIVO UTILITARIO,1,0,0,0,0,0,0,0,0,0,0,0,1,2,36,HOMBRE,ILESO,CONDUCTOR PRESENTE,NO,NO,1
28403,114209,114210,2021,0,0,-0.194043,-78.396335,PICHINCHA,QUITO,TUMBACO,URBANA,2021-11-13,00:50:00,0,SABADO,6,NOVIEMBRE,11,NO,CONDUCIR VEHICULO SUPERANDO LOS LIMITES MAXIMOS DE VELOCIDAD.,ESTRELLAMIENTOS,AUTOMOVIL,1,0,0,0,0,0,0,0,0,0,0,0,0,1,1,NO IDENTIFICADO,NO IDENTIFICADO,CONDUCTOR AUSENTE,NO,NO,2
28404,114216,114217,2021,0,0,-0.189085,-78.511758,PICHINCHA,QUITO,QUITO,URBANA,2021-11-13,01:50:00,1,SABADO,6,NOVIEMBRE,11,NO,CONDUCIR VEHICULO SUPERANDO LOS LIMITES MAXIMOS DE VELOCIDAD.,CHOQUE POSTERIOR,CAMIONETA,1,0,0,0,1,0,0,0,0,0,0,0,0,2,29,HOMBRE,ILESO,CONDUCTOR PRESENTE,NO,NO,1
28405,114221,114222,2021,0,0,-0.174894,-78.501169,PICHINCHA,QUITO,QUITO,URBANA,2021-11-13,02:55:00,2,SABADO,6,NOVIEMBRE,11,NO,NO MANTENER LA DISTANCIA PRUDENCIAL CON RESPECTO AL VEHICULO QUE LE ANTECEDE.,CHOQUE POSTERIOR,VEHICULO DEPORTIVO UTILITARIO,1,0,0,0,0,0,0,0,0,0,0,0,1,2,1,NO IDENTIFICADO,NO IDENTIFICADO,CONDUCTOR AUSENTE,NO,NO,2
28406,114224,114225,2021,1,1,-0.120261,-78.480155,PICHINCHA,QUITO,QUITO,URBANA,2021-11-13,03:20:00,3,SABADO,6,NOVIEMBRE,11,NO,CONDUCIR VEHICULO SUPERANDO LOS LIMITES MAXIMOS DE VELOCIDAD.,ESTRELLAMIENTOS,MOTOCICLETA,0,0,0,0,0,0,0,0,1,0,0,0,0,1,30,HOMBRE,FALLECIDO,CONDUCTOR PRESENTE,SI,NO,1
28407,114225,114226,2021,1,0,-0.412306,-78.547939,PICHINCHA,MEJIA,TAMBILLO (MEJIA),RURAL,2021-11-13,03:30:00,3,SABADO,6,NOVIEMBRE,11,NO,"CONDUCIR DESATENTO A LAS CONDICIONES DE TRANSITO (CELULAR, PANTALLAS DE VIDEO, COMIDA, MAQUILLAJE O CUALQUIER OTRO ELEMENTO DISTRACTOR).",ATROPELLOS,AUTOMOVIL,2,0,0,0,0,0,0,0,0,0,0,0,0,2,31,HOMBRE,LESIONADO,PEATON,NO,SI,3
28408,114227,114228,2021,0,0,-0.075112,-78.462915,PICHINCHA,QUITO,QUITO,URBANA,2021-11-13,03:50:00,3,SABADO,6,NOVIEMBRE,11,NO,DANIOS MECANICOS PREVISIBLES.,ESTRELLAMIENTOS,AUTOMOVIL,1,0,0,0,0,0,0,0,0,0,0,0,0,1,1,NO IDENTIFICADO,NO IDENTIFICADO,CONDUCTOR AUSENTE,NO,NO,2
28409,114229,114230,2021,0,0,-0.242681,-78.497364,PICHINCHA,QUITO,QUITO,URBANA,2021-11-13,04:45:00,4,SABADO,6,NOVIEMBRE,11,NO,"FALLA MECANICA EN LOS SISTEMAS Y/O NEUMATICOS (SISTEMA DE FRENOS, DIRECCION, ELECTRONICO O MECANICO).",ESTRELLAMIENTOS,AUTOMOVIL,2,0,0,0,0,0,0,0,0,0,0,0,0,2,23,HOMBRE,ILESO,CONDUCTOR PRESENTE,NO,NO,1
28410,114236,114237,2021,2,0,-0.283345,-78.560718,PICHINCHA,QUITO,QUITO,URBANA,2021-11-13,08:00:00,8,SABADO,6,NOVIEMBRE,11,NO,NO CEDER EL DERECHO DE VIA O PREFERENCIA DE PASO A VEHICULOS.,CHOQUE LATERAL,VEHICULO DEPORTIVO UTILITARIO,0,0,0,0,0,0,0,0,0,0,0,0,2,2,24,HOMBRE,LESIONADO,CONDUCTOR PRESENTE,NO,NO,1
28411,114241,114242,2021,0,0,-0.208118,-78.492167,PICHINCHA,QUITO,QUITO,URBANA,2021-11-13,08:45:00,8,SABADO,6,NOVIEMBRE,11,NO,"NO RESPETAR LAS SENIALES REGLAMENTARIAS DE TRANSITO. (PARE, CEDA EL PASO, LUZ ROJA DEL SEMAFORO, ETC).",CHOQUE LATERAL,AUTOMOVIL,2,0,0,0,0,0,0,0,0,0,0,0,0,2,32,MUJER,ILESO,CONDUCTOR PRESENTE,NO,NO,1
28412,114254,114255,2021,2,0,-0.099083,-78.421844,PICHINCHA,QUITO,CALDERON (CARAPUNGO),URBANA,2021-11-13,12:30:00,12,SABADO,6,NOVIEMBRE,11,NO,REALIZAR CAMBIO BRUSCO O INDEBIDO DE CARRIL.,CHOQUE LATERAL,AUTOMOVIL,1,0,0,0,0,0,0,0,1,0,0,0,0,2,54,MUJER,ILESO,CONDUCTOR PRESENTE,NO,NO,1
28413,114258,114259,2021,0,0,-0.127286,-78.498456,PICHINCHA,QUITO,QUITO,URBANA,2021-11-13,13:25:00,13,SABADO,6,NOVIEMBRE,11,NO,"CONDUCE BAJO LA INFLUENCIA DE ALCOHOL, SUSTANCIAS ESTUPEFACIENTES O PSICOTROPICAS Y/O MEDICAMENTOS.",CHOQUE LATERAL,AUTOMOVIL,2,0,0,0,0,0,0,0,0,0,0,0,0,2,39,HOMBRE,ILESO,CONDUCTOR PRESENTE,NO,NO,1
28414,114266,114267,2021,0,0,-0.196738,-78.501973,PICHINCHA,QUITO,QUITO,URBANA,2021-11-13,16:15:00,16,SABADO,6,NOVIEMBRE,11,NO,"CONDUCE BAJO LA INFLUENCIA DE ALCOHOL, SUSTANCIAS ESTUPEFACIENTES O PSICOTROPICAS Y/O MEDICAMENTOS.",CHOQUE POSTERIOR,AUTOMOVIL,1,0,0,0,0,0,0,0,0,0,0,0,1,2,23,HOMBRE,ILESO,CONDUCTOR PRESENTE,NO,NO,1
28415,114270,114271,2021,0,0,-0.174991,-78.493346,PICHINCHA,QUITO,QUITO,URBANA,2021-11-13,16:50:00,16,SABADO,6,NOVIEMBRE,11,NO,"NO RESPETAR LAS SENIALES REGLAMENTARIAS DE TRANSITO. (PARE, CEDA EL PASO, LUZ ROJA DEL SEMAFORO, ETC).",CHOQUE LATERAL,BUS,1,0,1,0,0,0,0,0,0,0,0,0,0,2,28,HOMBRE,ILESO,CONDUCTOR PRESENTE,NO,NO,1
28416,114286,114287,2021,1,0,-0.285559,-78.543247,PICHINCHA,QUITO,QUITO,URBANA,2021-11-13,19:35:00,19,SABADO,6,NOVIEMBRE,11,NO,CONDUCIR VEHICULO SUPERANDO LOS LIMITES MAXIMOS DE VELOCIDAD.,CHOQUE POSTERIOR,BUS,1,0,1,0,0,0,0,0,0,0,0,0,0,2,1,NO IDENTIFICADO,NO IDENTIFICADO,CONDUCTOR AUSENTE,NO,NO,2
28417,114292,114293,2021,2,0,-0.319352,-78.550682,PICHINCHA,QUITO,QUITO,URBANA,2021-11-13,20:30:00,20,SABADO,6,NOVIEMBRE,11,NO,NO CEDER EL DERECHO DE VIA O PREFERENCIA DE PASO A VEHICULOS.,CHOQUE LATERAL,MOTOCICLETA,0,0,0,0,0,0,0,0,1,1,0,0,0,2,1,NO IDENTIFICADO,NO IDENTIFICADO,CONDUCTOR AUSENTE,NO,NO,2
28418,114293,114294,2021,1,0,-0.263535,-78.541083,PICHINCHA,QUITO,QUITO,URBANA,2021-11-13,21:20:00,21,SABADO,6,NOVIEMBRE,11,NO,NO TRANSITAR POR LAS ACERAS O ZONAS DE SEGURIDAD DESTINADAS PARA EL EFECTO.,ATROPELLOS,VEHICULO DEPORTIVO UTILITARIO,0,0,0,0,0,0,0,0,0,0,0,0,1,1,48,HOMBRE,ILESO,CONDUCTOR PRESENTE,NO,NO,1
28419,114299,114300,2021,0,0,-0.229867,-78.485754,PICHINCHA,QUITO,QUITO,URBANA,2021-11-13,22:30:00,22,SABADO,6,NOVIEMBRE,11,NO,CONDUCIR VEHICULO SUPERANDO LOS LIMITES MAXIMOS DE VELOCIDAD.,OTROS,MOTOCICLETA,0,0,0,0,0,0,0,0,1,0,0,0,0,1,1,NO IDENTIFICADO,NO IDENTIFICADO,CONDUCTOR AUSENTE,NO,NO,2
28420,114306,114307,2021,0,0,-0.197826,-78.466466,PICHINCHA,QUITO,QUITO,URBANA,2021-11-13,23:31:00,23,SABADO,6,NOVIEMBRE,11,NO,"FALLA MECANICA EN LOS SISTEMAS Y/O NEUMATICOS (SISTEMA DE FRENOS, DIRECCION, ELECTRONICO O MECANICO).",CHOQUE POSTERIOR,MOTOCICLETA,1,0,0,0,0,0,0,0,1,0,0,0,0,2,29,HOMBRE,ILESO,CONDUCTOR PRESENTE,SI,NO,1
28421,114318,114319,2021,2,0,-0.239336,-78.509581,PICHINCHA,QUITO,QUITO,URBANA,2021-11-14,01:45:00,1,DOMINGO,7,NOVIEMBRE,11,NO,"NO RESPETAR LAS SENIALES REGLAMENTARIAS DE TRANSITO. (PARE, CEDA EL PASO, LUZ ROJA DEL SEMAFORO, ETC).",CHOQUE LATERAL,MOTOCICLETA,1,0,0,0,0,0,0,0,1,0,0,0,0,2,23,HOMBRE,LESIONADO,CONDUCTOR PRESENTE,SI,NO,1
28422,114320,114321,2021,0,0,-0.206931,-78.425899,PICHINCHA,QUITO,CUMBAYA,URBANA,2021-11-14,02:07:00,2,DOMINGO,7,NOVIEMBRE,11,NO,CONDUCIR VEHICULO SUPERANDO LOS LIMITES MAXIMOS DE VELOCIDAD.,ESTRELLAMIENTOS,VEHICULO DEPORTIVO UTILITARIO,0,0,0,0,0,0,0,0,0,0,0,0,1,1,55,MUJER,ILESO,CONDUCTOR PRESENTE,NO,NO,1
28423,114322,114323,2021,0,0,-0.240223,-78.531309,PICHINCHA,QUITO,QUITO,URBANA,2021-11-14,02:40:00,2,DOMINGO,7,NOVIEMBRE,11,NO,"CONDUCE BAJO LA INFLUENCIA DE ALCOHOL, SUSTANCIAS ESTUPEFACIENTES O PSICOTROPICAS Y/O MEDICAMENTOS.",CHOQUE LATERAL,AUTOMOVIL,2,0,0,0,0,0,0,0,0,0,0,0,0,2,30,HOMBRE,ILESO,CONDUCTOR PRESENTE,NO,NO,1
28424,114325,114326,2021,0,0,-0.250648,-78.537133,PICHINCHA,QUITO,QUITO,URBANA,2021-11-14,03:30:00,3,DOMINGO,7,NOVIEMBRE,11,NO,"NO RESPETAR LAS SENIALES REGLAMENTARIAS DE TRANSITO. (PARE, CEDA EL PASO, LUZ ROJA DEL SEMAFORO, ETC).",CHOQUE LATERAL,CAMIONETA,1,0,0,0,1,0,0,0,0,0,0,0,0,2,1,NO IDENTIFICADO,NO IDENTIFICADO,CONDUCTOR AUSENTE,NO,NO,2
28425,114328,114329,2021,0,0,-0.105779,-78.462379,PICHINCHA,QUITO,QUITO,URBANA,2021-11-14,03:50:00,3,DOMINGO,7,NOVIEMBRE,11,NO,NO MANTENER LA DISTANCIA PRUDENCIAL CON RESPECTO AL VEHICULO QUE LE ANTECEDE.,CHOQUE POSTERIOR,VEHICULO DEPORTIVO UTILITARIO,1,0,0,0,0,0,0,0,0,0,0,0,1,2,40,HOMBRE,ILESO,CONDUCTOR PRESENTE,NO,NO,1
28426,114332,114333,2021,0,0,-0.281321,-78.494625,PICHINCHA,QUITO,CONOCOTO,URBANA,2021-11-14,04:55:00,4,DOMINGO,7,NOVIEMBRE,11,NO,CONDUCIR VEHICULO SUPERANDO LOS LIMITES MAXIMOS DE VELOCIDAD.,ESTRELLAMIENTOS,AUTOMOVIL,1,0,0,0,0,0,0,0,0,0,0,0,0,1,1,NO IDENTIFICADO,NO IDENTIFICADO,CONDUCTOR AUSENTE,NO,NO,2
28427,114334,114335,2021,0,0,-0.310589,-78.546306,PICHINCHA,QUITO,QUITO,URBANA,2021-11-14,05:15:00,5,DOMINGO,7,NOVIEMBRE,11,NO,CONDUCIR VEHICULO SUPERANDO LOS LIMITES MAXIMOS DE VELOCIDAD.,OTROS,AUTOMOVIL,1,0,0,0,0,0,0,0,0,0,0,0,0,1,1,NO IDENTIFICADO,NO IDENTIFICADO,CONDUCTOR AUSENTE,NO,NO,2
28428,114342,114343,2021,0,0,-0.260071,-78.548445,PICHINCHA,QUITO,QUITO,URBANA,2021-11-14,07:00:00,7,DOMINGO,7,NOVIEMBRE,11,NO,CONDUCIR VEHICULO SUPERANDO LOS LIMITES MAXIMOS DE VELOCIDAD.,ESTRELLAMIENTOS,AUTOMOVIL,2,0,0,0,0,0,0,0,0,0,0,0,0,2,22,HOMBRE,ILESO,CONDUCTOR PRESENTE,NO,NO,1
28429,114347,114348,2021,0,0,-0.156069,-78.439391,PICHINCHA,QUITO,NAYON,URBANA,2021-11-14,08:25:00,8,DOMINGO,7,NOVIEMBRE,11,NO,CONDUCIR VEHICULO SUPERANDO LOS LIMITES MAXIMOS DE VELOCIDAD.,ESTRELLAMIENTOS,AUTOMOVIL,1,0,0,0,0,0,0,0,0,0,0,0,0,1,1,NO IDENTIFICADO,NO IDENTIFICADO,CONDUCTOR AUSENTE,NO,NO,2
28430,114350,114351,2021,0,0,-0.212824,-78.402686,PICHINCHA,QUITO,TUMBACO,URBANA,2021-11-14,08:40:00,8,DOMINGO,7,NOVIEMBRE,11,NO,"CONDUCE BAJO LA INFLUENCIA DE ALCOHOL, SUSTANCIAS ESTUPEFACIENTES O PSICOTROPICAS Y/O MEDICAMENTOS.",ESTRELLAMIENTOS,AUTOMOVIL,1,0,0,0,0,0,0,0,0,0,0,0,0,1,19,MUJER,ILESO,CONDUCTOR PRESENTE,NO,NO,1
28431,114353,114354,2021,2,0,0.005229,-78.175442,PICHINCHA,CAYAMBE,CANGAHUA,RURAL,2021-11-14,11:00:00,11,DOMINGO,7,NOVIEMBRE,11,NO,"CONDUCIR DESATENTO A LAS CONDICIONES DE TRANSITO (CELULAR, PANTALLAS DE VIDEO, COMIDA, MAQUILLAJE O CUALQUIER OTRO ELEMENTO DISTRACTOR).",CHOQUE FRONTAL,MOTOCICLETA,0,0,0,0,0,0,0,0,1,0,0,0,0,1,20,HOMBRE,LESIONADO,CONDUCTOR PRESENTE,NO,SI,3
28432,114361,114362,2021,0,1,-0.318016,-78.527162,PICHINCHA,QUITO,QUITO,URBANA,2021-11-14,13:00:00,13,DOMINGO,7,NOVIEMBRE,11,NO,NO TRANSITAR POR LAS ACERAS O ZONAS DE SEGURIDAD DESTINADAS PARA EL EFECTO.,ARROLLAMIENTOS,CAMION,0,0,0,1,0,0,0,0,0,0,0,0,0,1,1,NO IDENTIFICADO,NO IDENTIFICADO,CONDUCTOR AUSENTE,NO,NO,2
28433,114366,114367,2021,0,0,-0.089184,-78.465965,PICHINCHA,QUITO,QUITO,URBANA,2021-11-14,14:25:00,14,DOMINGO,7,NOVIEMBRE,11,NO,"FALLA MECANICA EN LOS SISTEMAS Y/O NEUMATICOS (SISTEMA DE FRENOS, DIRECCION, ELECTRONICO O MECANICO).",ESTRELLAMIENTOS,BUS,0,0,1,0,0,0,0,0,0,0,0,0,0,1,57,MUJER,ILESO,CONDUCTOR PRESENTE,NO,NO,1
28434,114372,114373,2021,0,1,-0.444894,-78.603181,PICHINCHA,MEJIA,ALOAG,RURAL,2021-11-14,15:40:00,15,DOMINGO,7,NOVIEMBRE,11,NO,"CONDUCIR DESATENTO A LAS CONDICIONES DE TRANSITO (CELULAR, PANTALLAS DE VIDEO, COMIDA, MAQUILLAJE O CUALQUIER OTRO ELEMENTO DISTRACTOR).",ARROLLAMIENTOS,NO IDENTIFICADO,0,0,0,0,0,0,0,0,0,1,0,0,0,1,-1,NO IDENTIFICADO,FALLECIDO,PEATON,NO,NO,3
28435,114380,114381,2021,0,0,0.027867,-78.635859,PICHINCHA,QUITO,NONO,RURAL,2021-11-14,17:40:00,17,DOMINGO,7,NOVIEMBRE,11,NO,CONDUCIR EN SENTIDO CONTRARIO A LA VIA NORMAL DE CIRCULACION.,CHOQUE FRONTAL,CAMIONETA,0,0,0,0,2,0,0,0,0,0,0,0,0,2,65,HOMBRE,ILESO,CONDUCTOR PRESENTE,NO,SI,3
28436,114386,114387,2021,2,1,-0.439822,-78.694625,PICHINCHA,MEJIA,ALOAG,RURAL,2021-11-14,19:32:00,19,DOMINGO,7,NOVIEMBRE,11,NO,"NO RESPETAR LAS SENIALES REGLAMENTARIAS DE TRANSITO. (PARE, CEDA EL PASO, LUZ ROJA DEL SEMAFORO, ETC).",CHOQUE LATERAL,AUTOMOVIL,1,0,0,0,0,0,0,0,0,0,0,0,0,1,35,HOMBRE,FALLECIDO,CONDUCTOR PRESENTE,NO,NO,3
28437,114391,114392,2021,2,0,-0.259484,-78.539933,PICHINCHA,QUITO,QUITO,URBANA,2021-11-14,20:35:00,20,DOMINGO,7,NOVIEMBRE,11,NO,NO CEDER EL DERECHO DE VIA O PREFERENCIA DE PASO A VEHICULOS.,CHOQUE LATERAL,AUTOMOVIL,1,0,0,0,0,0,0,0,1,0,0,0,0,2,38,HOMBRE,ILESO,CONDUCTOR PRESENTE,NO,NO,1
28438,114393,114394,2021,0,1,-0.284943,-78.536667,PICHINCHA,QUITO,QUITO,URBANA,2021-11-14,20:50:00,20,DOMINGO,7,NOVIEMBRE,11,NO,CONDUCIR VEHICULO SUPERANDO LOS LIMITES MAXIMOS DE VELOCIDAD.,OTROS,MOTOCICLETA,0,0,0,0,0,0,0,0,1,0,0,0,0,1,32,HOMBRE,FALLECIDO,CONDUCTOR PRESENTE,SI,NO,1
28439,114401,114402,2021,1,0,-0.304167,-78.542831,PICHINCHA,QUITO,QUITO,URBANA,2021-11-14,23:00:00,23,DOMINGO,7,NOVIEMBRE,11,NO,"CONDUCE BAJO LA INFLUENCIA DE ALCOHOL, SUSTANCIAS ESTUPEFACIENTES O PSICOTROPICAS Y/O MEDICAMENTOS.",CHOQUE FRONTAL,CAMIONETA,1,0,0,0,1,0,0,0,0,0,0,0,0,2,43,HOMBRE,LESIONADO,CONDUCTOR PRESENTE,NO,NO,1
28440,114418,114419,2021,1,0,-0.323869,-78.550108,PICHINCHA,QUITO,QUITO,URBANA,2021-11-15,12:30:00,12,LUNES,1,NOVIEMBRE,11,NO,NO TRANSITAR POR LAS ACERAS O ZONAS DE SEGURIDAD DESTINADAS PARA EL EFECTO.,ATROPELLOS,MOTOCICLETA,0,0,0,0,0,0,0,0,1,0,0,0,0,1,23,MUJER,ILESO,CONDUCTOR PRESENTE,SI,NO,1
28441,114437,114438,2021,0,0,-0.175523,-78.488366,PICHINCHA,QUITO,QUITO,URBANA,2021-11-15,20:00:00,20,LUNES,1,NOVIEMBRE,11,NO,"NO RESPETAR LAS SENIALES REGLAMENTARIAS DE TRANSITO. (PARE, CEDA EL PASO, LUZ ROJA DEL SEMAFORO, ETC).",CHOQUE LATERAL,AUTOMOVIL,2,0,0,0,0,0,0,0,0,0,0,0,0,2,51,HOMBRE,ILESO,CONDUCTOR PRESENTE,NO,NO,1
28442,114447,114448,2021,0,0,-0.283174,-78.543956,PICHINCHA,QUITO,QUITO,URBANA,2021-11-15,23:40:00,23,LUNES,1,NOVIEMBRE,11,NO,"FALLA MECANICA EN LOS SISTEMAS Y/O NEUMATICOS (SISTEMA DE FRENOS, DIRECCION, ELECTRONICO O MECANICO).",ESTRELLAMIENTOS,FURGONETA,0,0,0,0,0,0,0,1,0,0,0,0,0,1,23,MUJER,ILESO,CONDUCTOR PRESENTE,NO,NO,1