,Unnamed: 0,ID,ANIO,LESIONADOS,FALLECIDOS,LATITUD_Y,LONGITUD_X,PROVINCIA,CANTON,PARROQUIA,ZONA,FECHA,HORA,PERIODO_2,DIA_1,DIA_2,MES_1,MES_2,FERIADO,CAUSA_PROBABLE,TIPO_DE_SINIESTRO,TIPO_DE_VEHICULO_1,AUTOMOVIL,BICICLETA,BUS,CAMION,CAMIONETA,EMERGENCIAS,ESPECIAL,FURGONETA,MOTOCICLETA,NO_IDENTIFICADO,SCOOTER_ELECTRICO,TRICIMOTO,VEHICULO_DEPORTIVO_UTILITARIO,SUMA_DE_VEHICULOS,EDAD_1,SEXO_1,CONDICION_1,PARTICIPANTE_1,CASCO_1,CINTURON_1,KMeans_Cluster
28443,114452,114453,2021,0,0,-0.248351,-78.530788,PICHINCHA,QUITO,QUITO,URBANA,2021-11-16,01:45:00,1,MARTES,2,NOVIEMBRE,11,NO,"CASO FORTUITO O FUERZA MAYOR (EXPLOSION DE NEUMATICO NUEVO, DERRUMBE, INUNDACION, CAIDA DE PUENTE, ARBOL, PRESENCIA INTEMPESTIVA E IMPREVISTA DE SEMOVIENTES EN LA VIA, ETC.).",ESTRELLAMIENTOS,AUTOMOVIL,1,0,0,0,0,0,0,0,0,0,0,0,0,1,1,NO IDENTIFICADO,NO IDENTIFICADO,CONDUCTOR AUSENTE,NO,NO,2
28444,114463,114464,2021,1,0,-0.108255,-78.461339,PICHINCHA,QUITO,CALDERON (CARAPUNGO),URBANA,2021-11-16,11:40:00,11,MARTES,2,NOVIEMBRE,11,NO,NO CEDER EL DERECHO DE VIA O PREFERENCIA DE PASO A VEHICULOS.,CHOQUE LATERAL,CAMIONETA,0,0,0,0,1,0,0,0,1,0,0,0,0,2,50,HOMBRE,ILESO,CONDUCTOR PRESENTE,NO,NO,1
28445,114471,114472,2021,1,0,-0.199767,-78.428809,PICHINCHA,QUITO,CUMBAYA,URBANA,2021-11-16,14:20:00,14,MARTES,2,NOVIEMBRE,11,NO,NO CEDER EL DERECHO DE VIA O PREFERENCIA DE PASO A VEHICULOS.,CHOQUE FRONTAL,AUTOMOVIL,1,0,0,1,0,0,0,0,0,0,0,0,0,2,33,HOMBRE,ILESO,CONDUCTOR PRESENTE,NO,NO,1
28446,114481,114482,2021,0,0,-0.212891,-78.488362,PICHINCHA,QUITO,QUITO,URBANA,2021-11-16,16:40:00,16,MARTES,2,NOVIEMBRE,11,NO,NO MANTENER LA DISTANCIA PRUDENCIAL CON RESPECTO AL VEHICULO QUE LE ANTECEDE.,CHOQUE POSTERIOR,VEHICULO DEPORTIVO UTILITARIO,1,0,0,0,0,0,0,0,0,0,0,0,1,2,66,HOMBRE,ILESO,CONDUCTOR PRESENTE,NO,NO,1
28447,114482,114483,2021,3,0,-0.191138,-78.458884,PICHINCHA,QUITO,QUITO,URBANA,2021-11-16,16:50:00,16,MARTES,2,NOVIEMBRE,11,NO,"CONDICIONES AMBIENTALES Y/O ATMOSFERICAS (NIEBLA, NEBLINA, GRANIZO, LLUVIA).",OTROS,AUTOMOVIL,3,0,0,0,0,0,0,0,0,0,0,0,0,3,31,HOMBRE,LESIONADO,CONDUCTOR PRESENTE,NO,NO,1
28448,114490,114491,2021,1,0,-0.096378,-78.511462,PICHINCHA,QUITO,QUITO,URBANA,2021-11-16,19:40:00,19,MARTES,2,NOVIEMBRE,11,NO,CONDUCIR VEHICULO SUPERANDO LOS LIMITES MAXIMOS DE VELOCIDAD.,CAIDA DE PASAJERO,BUS,0,0,1,0,0,0,0,0,0,0,0,0,0,1,61,HOMBRE,ILESO,CONDUCTOR PRESENTE,NO,NO,1
28449,114492,114493,2021,0,0,-0.237542,-78.484291,PICHINCHA,QUITO,QUITO,URBANA,2021-11-16,20:35:00,20,MARTES,2,NOVIEMBRE,11,NO,"CONDICIONES AMBIENTALES Y/O ATMOSFERICAS (NIEBLA, NEBLINA, GRANIZO, LLUVIA).",OTROS,AUTOMOVIL,1,0,0,0,0,0,0,0,0,0,0,0,0,1,1,NO IDENTIFICADO,NO IDENTIFICADO,CONDUCTOR AUSENTE,NO,NO,2
28450,114496,114497,2021,0,0,-0.271991,-78.529167,PICHINCHA,QUITO,QUITO,URBANA,2021-11-16,21:55:00,21,MARTES,2,NOVIEMBRE,11,NO,"CONDICIONES AMBIENTALES Y/O ATMOSFERICAS (NIEBLA, NEBLINA, GRANIZO, LLUVIA).",CHOQUE POSTERIOR,AUTOMOVIL,2,0,0,0,0,0,0,0,0,0,0,0,0,2,40,HOMBRE,ILESO,CONDUCTOR PRESENTE,NO,NO,1
28451,114498,114499,2021,3,2,0.003963,-78.489432,PICHINCHA,QUITO,CALACALI,RURAL,2021-11-16,22:10:00,22,MARTES,2,NOVIEMBRE,11,NO,"CONDUCIR DESATENTO A LAS CONDICIONES DE TRANSITO (CELULAR, PANTALLAS DE VIDEO, COMIDA, MAQUILLAJE O CUALQUIER OTRO ELEMENTO DISTRACTOR).",PERDIDA DE CARRIL,VEHICULO DEPORTIVO UTILITARIO,0,0,0,0,0,0,0,0,0,0,0,0,1,1,59,HOMBRE,FALLECIDO,CONDUCTOR PRESENTE,NO,SI,3
28452,114500,114501,2021,0,0,-0.276434,-78.552487,PICHINCHA,QUITO,QUITO,URBANA,2021-11-16,23:00:00,23,MARTES,2,NOVIEMBRE,11,NO,"CONDICIONES AMBIENTALES Y/O ATMOSFERICAS (NIEBLA, NEBLINA, GRANIZO, LLUVIA).",ESTRELLAMIENTOS,AUTOMOVIL,1,0,0,1,0,0,0,0,0,0,0,0,0,2,1,NO IDENTIFICADO,NO IDENTIFICADO,CONDUCTOR AUSENTE,NO,NO,2
28453,114501,114502,2021,0,0,-0.285303,-78.533121,PICHINCHA,QUITO,QUITO,URBANA,2021-11-16,23:20:00,23,MARTES,2,NOVIEMBRE,11,NO,"NO RESPETAR LAS SENIALES REGLAMENTARIAS DE TRANSITO. (PARE, CEDA EL PASO, LUZ ROJA DEL SEMAFORO, ETC).",CHOQUE LATERAL,CAMIONETA,1,0,0,0,1,0,0,0,0,0,0,0,0,2,1,NO IDENTIFICADO,NO IDENTIFICADO,CONDUCTOR AUSENTE,NO,NO,2
28454,114507,114508,2021,0,0,-0.244435,-78.482091,PICHINCHA,QUITO,QUITO,URBANA,2021-11-17,01:55:00,1,MIERCOLES,3,NOVIEMBRE,11,NO,CONDUCIR VEHICULO SUPERANDO LOS LIMITES MAXIMOS DE VELOCIDAD.,ESTRELLAMIENTOS,AUTOMOVIL,1,0,0,0,0,0,0,0,0,0,0,0,0,1,1,NO IDENTIFICADO,NO IDENTIFICADO,CONDUCTOR AUSENTE,NO,NO,2
28455,114512,114513,2021,0,0,-0.155782,-78.488513,PICHINCHA,QUITO,QUITO,URBANA,2021-11-17,02:40:00,2,MIERCOLES,3,NOVIEMBRE,11,NO,CONDUCIR VEHICULO SUPERANDO LOS LIMITES MAXIMOS DE VELOCIDAD.,ESTRELLAMIENTOS,VEHICULO DEPORTIVO UTILITARIO,0,0,0,0,0,0,0,0,0,0,0,0,1,1,1,NO IDENTIFICADO,NO IDENTIFICADO,CONDUCTOR AUSENTE,NO,NO,2
28456,114517,114518,2021,1,0,-0.212824,-78.402686,PICHINCHA,QUITO,TUMBACO,URBANA,2021-11-17,06:20:00,6,MIERCOLES,3,NOVIEMBRE,11,NO,CONDUCIR VEHICULO SUPERANDO LOS LIMITES MAXIMOS DE VELOCIDAD.,ESTRELLAMIENTOS,VEHICULO DEPORTIVO UTILITARIO,0,0,0,0,0,0,0,0,0,0,0,0,1,1,28,HOMBRE,LESIONADO,CONDUCTOR PRESENTE,NO,NO,1
28457,114518,114519,2021,0,0,-0.085632,-78.503895,PICHINCHA,QUITO,QUITO,URBANA,2021-11-17,06:50:00,6,MIERCOLES,3,NOVIEMBRE,11,NO,NO CEDER EL DERECHO DE VIA O PREFERENCIA DE PASO A VEHICULOS.,CHOQUE LATERAL,AUTOMOVIL,1,0,0,0,1,0,0,0,0,0,0,0,0,2,68,HOMBRE,ILESO,CONDUCTOR PRESENTE,NO,NO,1
28458,114522,114523,2021,1,0,-0.091391,-78.469442,PICHINCHA,QUITO,QUITO,URBANA,2021-11-17,07:30:00,7,MIERCOLES,3,NOVIEMBRE,11,NO,"NO RESPETAR LAS SENIALES REGLAMENTARIAS DE TRANSITO. (PARE, CEDA EL PASO, LUZ ROJA DEL SEMAFORO, ETC).",OTROS,MOTOCICLETA,0,0,0,0,0,0,0,0,1,1,0,0,0,2,1,NO IDENTIFICADO,NO IDENTIFICADO,CONDUCTOR AUSENTE,NO,NO,2
28459,114526,114527,2021,0,0,-0.188478,-78.447371,PICHINCHA,QUITO,NAYON,URBANA,2021-11-17,09:30:00,9,MIERCOLES,3,NOVIEMBRE,11,NO,"ADELANTAR O REBASAR A OTRO VEHICULO EN MOVIMIENTO EN ZONAS O SITIOS PELIGROSOS TALES COMO: CURVAS, PUENTES, TUNELES, PENDIENTES, ETC.",CHOQUE LATERAL,VEHICULO DEPORTIVO UTILITARIO,0,0,0,0,0,0,0,0,1,0,0,0,1,2,37,MUJER,ILESO,CONDUCTOR PRESENTE,NO,NO,1
28460,114531,114532,2021,2,0,-0.206438,-78.370261,PICHINCHA,QUITO,PUEMBO,URBANA,2021-11-17,10:51:00,10,MIERCOLES,3,NOVIEMBRE,11,NO,REALIZAR CAMBIO BRUSCO O INDEBIDO DE CARRIL.,CHOQUE LATERAL,MOTOCICLETA,0,0,0,0,0,0,0,0,2,0,0,0,0,2,47,HOMBRE,LESIONADO,CONDUCTOR PRESENTE,SI,NO,1
28461,114534,114535,2021,1,1,-0.086303,-78.511851,PICHINCHA,QUITO,QUITO,URBANA,2021-11-17,13:00:00,13,MIERCOLES,3,NOVIEMBRE,11,NO,NO CEDER EL DERECHO DE VIA O PREFERENCIA DE PASO A VEHICULOS.,CHOQUE LATERAL,NO IDENTIFICADO,0,0,0,0,0,0,0,0,0,1,0,0,0,1,24,HOMBRE,LESIONADO,CONDUCTOR PRESENTE,NO,NO,1
28462,114537,114538,2021,0,0,-0.292724,-78.476486,PICHINCHA,QUITO,CONOCOTO,URBANA,2021-11-17,13:50:00,13,MIERCOLES,3,NOVIEMBRE,11,NO,"CONDUCIR DESATENTO A LAS CONDICIONES DE TRANSITO (CELULAR, PANTALLAS DE VIDEO, COMIDA, MAQUILLAJE O CUALQUIER OTRO ELEMENTO DISTRACTOR).",CHOQUE LATERAL,VEHICULO DEPORTIVO UTILITARIO,1,0,0,0,0,0,0,0,0,0,0,0,1,2,38,HOMBRE,ILESO,CONDUCTOR PRESENTE,NO,NO,1
28463,114563,114564,2021,0,0,-0.284987,-78.567515,PICHINCHA,QUITO,QUITO,URBANA,2021-11-17,23:00:00,23,MIERCOLES,3,NOVIEMBRE,11,NO,"CONDUCE BAJO LA INFLUENCIA DE ALCOHOL, SUSTANCIAS ESTUPEFACIENTES O PSICOTROPICAS Y/O MEDICAMENTOS.",CHOQUE POSTERIOR,CAMION,1,0,0,1,0,0,0,0,0,0,0,0,0,2,43,HOMBRE,ILESO,CONDUCTOR PRESENTE,NO,NO,1
28464,114565,114566,2021,0,0,-0.280428,-78.516374,PICHINCHA,QUITO,QUITO,URBANA,2021-11-18,00:30:00,0,JUEVES,4,NOVIEMBRE,11,NO,"CONDICIONES AMBIENTALES Y/O ATMOSFERICAS (NIEBLA, NEBLINA, GRANIZO, LLUVIA).",ESTRELLAMIENTOS,VEHICULO DEPORTIVO UTILITARIO,0,0,0,0,0,0,0,0,0,0,0,0,1,1,1,NO IDENTIFICADO,NO IDENTIFICADO,CONDUCTOR AUSENTE,NO,NO,2
28465,114573,114574,2021,1,0,-0.102365,-78.490629,PICHINCHA,QUITO,QUITO,URBANA,2021-11-18,09:20:00,9,JUEVES,4,NOVIEMBRE,11,NO,NO TRANSITAR POR LAS ACERAS O ZONAS DE SEGURIDAD DESTINADAS PARA EL EFECTO.,ATROPELLOS,VEHICULO DEPORTIVO UTILITARIO,0,0,0,0,0,0,0,0,0,0,0,0,1,1,56,HOMBRE,ILESO,CONDUCTOR PRESENTE,NO,NO,1
28466,114582,114583,2021,2,0,-0.198855,-78.436693,PICHINCHA,QUITO,CUMBAYA,URBANA,2021-11-18,14:30:00,14,JUEVES,4,NOVIEMBRE,11,NO,DEJAR O RECOGER PASAJEROS EN LUGARES NO PERMITIDOS.,CAIDA DE PASAJERO,BUS,0,0,1,0,0,0,0,0,0,0,0,0,0,1,1,NO IDENTIFICADO,NO IDENTIFICADO,CONDUCTOR AUSENTE,NO,NO,2
28467,114596,114597,2021,0,0,-0.406842,-78.546858,PICHINCHA,MEJIA,TAMBILLO (MEJIA),RURAL,2021-11-18,18:00:00,18,JUEVES,4,NOVIEMBRE,11,NO,"CONDUCIR DESATENTO A LAS CONDICIONES DE TRANSITO (CELULAR, PANTALLAS DE VIDEO, COMIDA, MAQUILLAJE O CUALQUIER OTRO ELEMENTO DISTRACTOR).",ESTRELLAMIENTOS,VEHICULO DEPORTIVO UTILITARIO,0,0,0,1,0,0,0,0,0,0,0,0,1,2,40,HOMBRE,ILESO,CONDUCTOR PRESENTE,NO,SI,3
28468,114613,114614,2021,0,0,-0.154132,-78.469639,PICHINCHA,QUITO,QUITO,URBANA,2021-11-19,02:31:00,2,VIERNES,5,NOVIEMBRE,11,NO,"CONDICIONES AMBIENTALES Y/O ATMOSFERICAS (NIEBLA, NEBLINA, GRANIZO, LLUVIA).",ESTRELLAMIENTOS,VEHICULO DEPORTIVO UTILITARIO,0,0,0,0,0,0,0,0,0,0,0,0,1,1,1,NO IDENTIFICADO,NO IDENTIFICADO,CONDUCTOR AUSENTE,NO,NO,2
28469,114615,114616,2021,0,0,-0.176466,-78.485731,PICHINCHA,QUITO,QUITO,URBANA,2021-11-19,03:10:00,3,VIERNES,5,NOVIEMBRE,11,NO,CONDUCIR VEHICULO SUPERANDO LOS LIMITES MAXIMOS DE VELOCIDAD.,ESTRELLAMIENTOS,AUTOMOVIL,1,0,0,0,0,0,0,0,0,0,0,0,0,1,1,NO IDENTIFICADO,NO IDENTIFICADO,CONDUCTOR AUSENTE,NO,NO,2
28470,114621,114622,2021,2,0,-0.244435,-78.482091,PICHINCHA,QUITO,QUITO,URBANA,2021-11-19,06:34:00,6,VIERNES,5,NOVIEMBRE,11,NO,"ADELANTAR O REBASAR A OTRO VEHICULO EN MOVIMIENTO EN ZONAS O SITIOS PELIGROSOS TALES COMO: CURVAS, PUENTES, TUNELES, PENDIENTES, ETC.",OTROS,AUTOMOVIL,3,0,0,0,0,0,0,0,0,0,0,0,0,3,74,HOMBRE,LESIONADO,CONDUCTOR PRESENTE,NO,NO,1
28471,114623,114624,2021,0,0,-0.067168,-78.372445,PICHINCHA,QUITO,GUAYLLABAMBA,RURAL,2021-11-19,06:40:00,6,VIERNES,5,NOVIEMBRE,11,NO,"CONDUCIR DESATENTO A LAS CONDICIONES DE TRANSITO (CELULAR, PANTALLAS DE VIDEO, COMIDA, MAQUILLAJE O CUALQUIER OTRO ELEMENTO DISTRACTOR).",CHOQUE LATERAL,CAMION,1,0,0,1,0,0,0,0,0,0,0,0,0,2,45,HOMBRE,ILESO,CONDUCTOR PRESENTE,NO,SI,3
28472,114626,114627,2021,0,0,-0.137645,-78.501298,PICHINCHA,QUITO,QUITO,URBANA,2021-11-19,07:05:00,7,VIERNES,5,NOVIEMBRE,11,NO,"CONDICIONES AMBIENTALES Y/O ATMOSFERICAS (NIEBLA, NEBLINA, GRANIZO, LLUVIA).",CHOQUE POSTERIOR,VEHICULO DEPORTIVO UTILITARIO,1,0,0,0,0,0,0,0,0,0,0,0,1,2,31,HOMBRE,ILESO,CONDUCTOR PRESENTE,NO,NO,1
28473,114636,114637,2021,0,0,-0.098518,-78.489974,PICHINCHA,QUITO,QUITO,RURAL,2021-11-19,11:50:00,11,VIERNES,5,NOVIEMBRE,11,NO,"CONDUCIR DESATENTO A LAS CONDICIONES DE TRANSITO (CELULAR, PANTALLAS DE VIDEO, COMIDA, MAQUILLAJE O CUALQUIER OTRO ELEMENTO DISTRACTOR).",PERDIDA DE CARRIL,AUTOMOVIL,1,0,0,0,0,0,0,0,0,0,0,0,0,1,43,HOMBRE,ILESO,CONDUCTOR PRESENTE,NO,SI,3
28474,114640,114641,2021,0,0,-0.007492,-78.452931,PICHINCHA,QUITO,SAN ANTONIO (QUITO),RURAL,2021-11-19,14:20:00,14,VIERNES,5,NOVIEMBRE,11,NO,"CONDUCIR DESATENTO A LAS CONDICIONES DE TRANSITO (CELULAR, PANTALLAS DE VIDEO, COMIDA, MAQUILLAJE O CUALQUIER OTRO ELEMENTO DISTRACTOR).",ESTRELLAMIENTOS,AUTOMOVIL,2,0,0,0,0,0,0,0,0,0,0,0,0,2,27,HOMBRE,ILESO,CONDUCTOR PRESENTE,NO,SI,3
28475,114644,114645,2021,1,0,-0.135719,-78.482163,PICHINCHA,QUITO,QUITO,URBANA,2021-11-19,17:10:00,17,VIERNES,5,NOVIEMBRE,11,NO,NO TRANSITAR POR LAS ACERAS O ZONAS DE SEGURIDAD DESTINADAS PARA EL EFECTO.,ATROPELLOS,AUTOMOVIL,1,0,0,0,0,0,0,0,0,0,0,0,0,1,43,HOMBRE,ILESO,CONDUCTOR PRESENTE,NO,NO,1
28476,114645,114646,2021,2,0,-0.222014,-78.408508,PICHINCHA,QUITO,TUMBACO,URBANA,2021-11-19,17:35:00,17,VIERNES,5,NOVIEMBRE,11,NO,CONDUCIR VEHICULO SUPERANDO LOS LIMITES MAXIMOS DE VELOCIDAD.,OTROS,AUTOMOVIL,2,0,0,0,0,0,0,0,4,0,0,0,0,6,1,NO IDENTIFICADO,NO IDENTIFICADO,CONDUCTOR AUSENTE,NO,NO,2
28477,114649,114650,2021,0,0,-0.175572,-78.454316,PICHINCHA,QUITO,QUITO,URBANA,2021-11-19,18:25:00,18,VIERNES,5,NOVIEMBRE,11,NO,REALIZAR CAMBIO BRUSCO O INDEBIDO DE CARRIL.,CHOQUE LATERAL,CAMIONETA,1,0,0,0,1,0,0,0,0,0,0,0,0,2,37,HOMBRE,ILESO,CONDUCTOR PRESENTE,NO,NO,1
28478,114650,114651,2021,0,1,-0.516957,-78.576314,PICHINCHA,MEJIA,ALOASI,RURAL,2021-11-19,18:40:00,18,VIERNES,5,NOVIEMBRE,11,NO,NO TRANSITAR POR LAS ACERAS O ZONAS DE SEGURIDAD DESTINADAS PARA EL EFECTO.,ATROPELLOS,NO IDENTIFICADO,0,0,0,0,0,0,0,0,0,1,0,0,0,1,36,HOMBRE,FALLECIDO,PEATON,NO,SI,3
28479,114667,114668,2021,0,0,-0.219832,-78.510211,PICHINCHA,QUITO,QUITO,URBANA,2021-11-19,23:00:00,23,VIERNES,5,NOVIEMBRE,11,NO,NO CEDER EL DERECHO DE VIA O PREFERENCIA DE PASO A VEHICULOS.,OTROS,MOTOCICLETA,0,0,0,0,0,0,0,0,1,0,0,0,0,1,1,NO IDENTIFICADO,NO IDENTIFICADO,CONDUCTOR AUSENTE,NO,NO,2
28480,114668,114669,2021,0,1,-0.210602,-78.494056,PICHINCHA,QUITO,QUITO,URBANA,2021-11-19,23:00:00,23,VIERNES,5,NOVIEMBRE,11,NO,"FALLA MECANICA EN LOS SISTEMAS Y/O NEUMATICOS (SISTEMA DE FRENOS, DIRECCION, ELECTRONICO O MECANICO).",ESTRELLAMIENTOS,MOTOCICLETA,0,0,0,0,0,0,0,0,1,0,0,0,0,1,25,HOMBRE,FALLECIDO,CONDUCTOR PRESENTE,SI,NO,1
28481,114669,114670,2021,0,0,-0.215594,-78.404756,PICHINCHA,QUITO,TUMBACO,URBANA,2021-11-20,00:01:00,0,SABADO,6,NOVIEMBRE,11,NO,"CONDUCE BAJO LA INFLUENCIA DE ALCOHOL, SUSTANCIAS ESTUPEFACIENTES O PSICOTROPICAS Y/O MEDICAMENTOS.",CHOQUE LATERAL,VEHICULO DEPORTIVO UTILITARIO,0,0,0,0,0,0,0,0,0,0,0,0,2,2,44,HOMBRE,ILESO,CONDUCTOR PRESENTE,NO,NO,1
28482,114674,114675,2021,0,0,-0.547168,-78.585562,PICHINCHA,MEJIA,MACHACHI,RURAL,2021-11-20,00:30:00,0,SABADO,6,NOVIEMBRE,11,NO,"CONDUCIR DESATENTO A LAS CONDICIONES DE TRANSITO (CELULAR, PANTALLAS DE VIDEO, COMIDA, MAQUILLAJE O CUALQUIER OTRO ELEMENTO DISTRACTOR).",CHOQUE POSTERIOR,CAMION,0,0,0,1,1,0,0,0,0,0,0,0,0,2,22,HOMBRE,ILESO,CONDUCTOR PRESENTE,NO,SI,3
28483,114675,114676,2021,0,1,-0.260355,-78.529372,PICHINCHA,QUITO,QUITO,URBANA,2021-11-20,00:37:00,0,SABADO,6,NOVIEMBRE,11,NO,NO TRANSITAR POR LAS ACERAS O ZONAS DE SEGURIDAD DESTINADAS PARA EL EFECTO.,ARROLLAMIENTOS,NO IDENTIFICADO,0,0,0,0,0,0,0,0,0,1,0,0,0,1,1,NO IDENTIFICADO,NO IDENTIFICADO,CONDUCTOR AUSENTE,NO,NO,2
28484,114678,114679,2021,0,0,-0.391176,-78.541402,PICHINCHA,MEJIA,CUTUGLAHUA,RURAL,2021-11-20,01:30:00,1,SABADO,6,NOVIEMBRE,11,NO,"CONDUCIR DESATENTO A LAS CONDICIONES DE TRANSITO (CELULAR, PANTALLAS DE VIDEO, COMIDA, MAQUILLAJE O CUALQUIER OTRO ELEMENTO DISTRACTOR).",ROZAMIENTOS,AUTOMOVIL,2,0,0,0,0,0,0,0,0,0,0,0,0,2,21,HOMBRE,ILESO,CONDUCTOR PRESENTE,NO,SI,3
28485,114681,114682,2021,0,0,0.011795,-78.469186,PICHINCHA,QUITO,SAN ANTONIO (QUITO),RURAL,2021-11-20,02:00:00,2,SABADO,6,NOVIEMBRE,11,NO,"CONDUCIR DESATENTO A LAS CONDICIONES DE TRANSITO (CELULAR, PANTALLAS DE VIDEO, COMIDA, MAQUILLAJE O CUALQUIER OTRO ELEMENTO DISTRACTOR).",PERDIDA DE CARRIL,CAMION,0,0,0,1,0,0,0,0,0,0,0,0,0,1,34,HOMBRE,ILESO,CONDUCTOR PRESENTE,NO,SI,3
28486,114682,114683,2021,0,0,-0.322344,-78.563591,PICHINCHA,QUITO,QUITO,URBANA,2021-11-20,02:05:00,2,SABADO,6,NOVIEMBRE,11,NO,CONDUCIR VEHICULO SUPERANDO LOS LIMITES MAXIMOS DE VELOCIDAD.,ESTRELLAMIENTOS,AUTOMOVIL,1,0,0,0,0,0,0,0,0,0,0,0,0,1,1,NO IDENTIFICADO,NO IDENTIFICADO,CONDUCTOR AUSENTE,NO,NO,2
28487,114684,114685,2021,0,0,-0.242631,-78.512929,PICHINCHA,QUITO,QUITO,URBANA,2021-11-20,02:20:00,2,SABADO,6,NOVIEMBRE,11,NO,CONDUCIR VEHICULO SUPERANDO LOS LIMITES MAXIMOS DE VELOCIDAD.,ESTRELLAMIENTOS,AUTOMOVIL,1,0,0,0,0,0,0,0,0,0,0,0,0,1,1,NO IDENTIFICADO,NO IDENTIFICADO,CONDUCTOR AUSENTE,NO,NO,2
28488,114700,114701,2021,0,1,-0.306286,-78.543357,PICHINCHA,QUITO,QUITO,URBANA,2021-11-20,06:10:00,6,SABADO,6,NOVIEMBRE,11,NO,"CONDICIONES AMBIENTALES Y/O ATMOSFERICAS (NIEBLA, NEBLINA, GRANIZO, LLUVIA).",OTROS,MOTOCICLETA,0,0,0,0,0,0,0,0,1,0,0,0,0,1,26,HOMBRE,FALLECIDO,CONDUCTOR PRESENTE,SI,NO,1
28489,114702,114703,2021,0,0,-0.212825,-78.402686,PICHINCHA,QUITO,TUMBACO,URBANA,2021-11-20,06:15:00,6,SABADO,6,NOVIEMBRE,11,NO,CONDUCIR VEHICULO SUPERANDO LOS LIMITES MAXIMOS DE VELOCIDAD.,VOLCAMIENTOS,AUTOMOVIL,1,0,0,0,0,0,0,0,0,0,0,0,0,1,1,NO IDENTIFICADO,NO IDENTIFICADO,CONDUCTOR AUSENTE,NO,NO,2
28490,114704,114705,2021,0,0,-0.241332,-78.499089,PICHINCHA,QUITO,QUITO,URBANA,2021-11-20,06:40:00,6,SABADO,6,NOVIEMBRE,11,NO,"CONDICIONES AMBIENTALES Y/O ATMOSFERICAS (NIEBLA, NEBLINA, GRANIZO, LLUVIA).",CHOQUE POSTERIOR,CAMION,0,0,0,1,0,0,0,0,0,0,0,0,1,2,21,HOMBRE,ILESO,CONDUCTOR PRESENTE,NO,NO,1
28491,114705,114706,2021,0,0,-0.091335,-78.473358,PICHINCHA,QUITO,QUITO,URBANA,2021-11-20,06:50:00,6,SABADO,6,NOVIEMBRE,11,NO,"CONDUCE BAJO LA INFLUENCIA DE ALCOHOL, SUSTANCIAS ESTUPEFACIENTES O PSICOTROPICAS Y/O MEDICAMENTOS.",COLISION,AUTOMOVIL,4,0,0,0,0,0,0,0,1,0,0,0,0,5,25,HOMBRE,ILESO,CONDUCTOR PRESENTE,NO,NO,1
28492,114707,114708,2021,0,0,-0.112213,-78.474367,PICHINCHA,QUITO,QUITO,URBANA,2021-11-20,07:45:00,7,SABADO,6,NOVIEMBRE,11,NO,"CONDUCE BAJO LA INFLUENCIA DE ALCOHOL, SUSTANCIAS ESTUPEFACIENTES O PSICOTROPICAS Y/O MEDICAMENTOS.",CHOQUE LATERAL,AUTOMOVIL,1,0,0,0,1,0,0,0,0,0,0,0,0,2,40,HOMBRE,ILESO,CONDUCTOR PRESENTE,NO,NO,1
28493,114713,114714,2021,0,0,-0.080724,-78.459408,PICHINCHA,QUITO,QUITO,URBANA,2021-11-20,09:55:00,9,SABADO,6,NOVIEMBRE,11,NO,"FALLA MECANICA EN LOS SISTEMAS Y/O NEUMATICOS (SISTEMA DE FRENOS, DIRECCION, ELECTRONICO O MECANICO).",ESTRELLAMIENTOS,VEHICULO DEPORTIVO UTILITARIO,0,0,0,0,0,0,0,0,0,0,0,0,1,1,51,MUJER,ILESO,CONDUCTOR PRESENTE,NO,NO,1
28494,114716,114717,2021,0,2,-0.244351,-78.482091,PICHINCHA,QUITO,QUITO,URBANA,2021-11-20,11:10:00,11,SABADO,6,NOVIEMBRE,11,NO,REALIZAR CAMBIO BRUSCO O INDEBIDO DE CARRIL.,ESTRELLAMIENTOS,MOTOCICLETA,0,0,0,0,0,0,0,0,1,1,0,0,0,2,1,NO IDENTIFICADO,NO IDENTIFICADO,CONDUCTOR AUSENTE,NO,NO,2
28495,114718,114719,2021,2,0,-0.210558,-78.386186,PICHINCHA,QUITO,TUMBACO,URBANA,2021-11-20,11:25:00,11,SABADO,6,NOVIEMBRE,11,NO,REALIZAR CAMBIO BRUSCO O INDEBIDO DE CARRIL.,CHOQUE LATERAL,VEHICULO DEPORTIVO UTILITARIO,0,0,0,0,0,0,0,0,1,0,0,0,1,2,33,HOMBRE,ILESO,CONDUCTOR PRESENTE,NO,NO,1
28496,114719,114720,2021,0,0,-0.281743,-78.546189,PICHINCHA,QUITO,QUITO,URBANA,2021-11-20,11:45:00,11,SABADO,6,NOVIEMBRE,11,NO,"CONDUCE BAJO LA INFLUENCIA DE ALCOHOL, SUSTANCIAS ESTUPEFACIENTES O PSICOTROPICAS Y/O MEDICAMENTOS.",CHOQUE LATERAL,AUTOMOVIL,1,0,0,0,0,0,0,0,1,0,0,0,0,2,48,HOMBRE,ILESO,CONDUCTOR PRESENTE,NO,NO,1