,Unnamed: 0,ID,ANIO,LESIONADOS,FALLECIDOS,LATITUD_Y,LONGITUD_X,PROVINCIA,CANTON,PARROQUIA,ZONA,FECHA,HORA,PERIODO_2,DIA_1,DIA_2,MES_1,MES_2,FERIADO,CAUSA_PROBABLE,TIPO_DE_SINIESTRO,TIPO_DE_VEHICULO_1,AUTOMOVIL,BICICLETA,BUS,CAMION,CAMIONETA,EMERGENCIAS,ESPECIAL,FURGONETA,MOTOCICLETA,NO_IDENTIFICADO,SCOOTER_ELECTRICO,TRICIMOTO,VEHICULO_DEPORTIVO_UTILITARIO,SUMA_DE_VEHICULOS,EDAD_1,SEXO_1,CONDICION_1,PARTICIPANTE_1,CASCO_1,CINTURON_1,KMeans_Cluster
28719,115788,115789,2021,1,0,-0.283345,-78.560718,PICHINCHA,QUITO,QUITO,URBANA,2021-12-06,16:15:00,16,LUNES,1,DICIEMBRE,12,NO,"CONDUCE BAJO LA INFLUENCIA DE ALCOHOL, SUSTANCIAS ESTUPEFACIENTES O PSICOTROPICAS Y/O MEDICAMENTOS.",CHOQUE LATERAL,AUTOMOVIL,2,0,0,0,0,0,0,0,0,0,0,0,0,2,43,HOMBRE,LESIONADO,CONDUCTOR PRESENTE,NO,NO,1
28720,115789,115790,2021,1,0,-0.089999,-78.518432,PICHINCHA,QUITO,QUITO,URBANA,2021-12-06,16:20:00,16,LUNES,1,DICIEMBRE,12,NO,NO CEDER EL DERECHO DE VIA O PREFERENCIA DE PASO A VEHICULOS.,ESTRELLAMIENTOS,MOTOCICLETA,0,0,0,0,1,0,0,0,1,0,0,0,0,2,27,HOMBRE,LESIONADO,CONDUCTOR PRESENTE,SI,NO,1
28721,115802,115803,2021,0,0,-0.299015,-78.531528,PICHINCHA,QUITO,QUITO,URBANA,2021-12-06,23:25:00,23,LUNES,1,DICIEMBRE,12,NO,REALIZAR CAMBIO BRUSCO O INDEBIDO DE CARRIL.,CHOQUE LATERAL,AUTOMOVIL,1,0,0,0,1,0,0,0,0,0,0,0,0,2,38,HOMBRE,ILESO,CONDUCTOR PRESENTE,NO,NO,1
28722,115804,115805,2021,0,0,-0.221954,-78.508211,PICHINCHA,QUITO,QUITO,URBANA,2021-12-07,00:45:00,0,MARTES,2,DICIEMBRE,12,NO,CONDUCIR VEHICULO SUPERANDO LOS LIMITES MAXIMOS DE VELOCIDAD.,ESTRELLAMIENTOS,AUTOMOVIL,1,0,0,0,0,0,0,0,0,0,0,0,0,1,-1,NO IDENTIFICADO,NO IDENTIFICADO,CONDUCTOR AUSENTE,NO,NO,2
28723,115806,115807,2021,2,1,-0.304361,-78.456473,PICHINCHA,RUMINIAHUI,SANGOLQUI,RURAL,2021-12-07,01:50:00,1,MARTES,2,DICIEMBRE,12,NO,"CONDUCIR DESATENTO A LAS CONDICIONES DE TRANSITO (CELULAR, PANTALLAS DE VIDEO, COMIDA, MAQUILLAJE O CUALQUIER OTRO ELEMENTO DISTRACTOR).",PERDIDA DE CARRIL,AUTOMOVIL,1,0,0,0,0,0,0,0,0,0,0,0,0,1,38,HOMBRE,FALLECIDO,PASAJERO,NO,SI,3
28724,115812,115813,2021,0,0,-0.441514,-78.700178,PICHINCHA,MEJIA,ALOAG,RURAL,2021-12-07,05:25:00,5,MARTES,2,DICIEMBRE,12,NO,"CONDUCIR DESATENTO A LAS CONDICIONES DE TRANSITO (CELULAR, PANTALLAS DE VIDEO, COMIDA, MAQUILLAJE O CUALQUIER OTRO ELEMENTO DISTRACTOR).",PERDIDA DE PISTA,CAMIONETA,0,0,0,0,1,0,0,0,0,0,0,0,0,1,-1,NO IDENTIFICADO,NO IDENTIFICADO,CONDUCTOR AUSENTE,NO,NO,2
28725,115816,115817,2021,0,0,-0.210007,-78.507976,PICHINCHA,QUITO,QUITO,URBANA,2021-12-07,09:00:00,9,MARTES,2,DICIEMBRE,12,NO,"CONDUCIR DESATENTO A LAS CONDICIONES DE TRANSITO (CELULAR, PANTALLAS DE VIDEO, COMIDA, MAQUILLAJE O CUALQUIER OTRO ELEMENTO DISTRACTOR).",CHOQUE LATERAL,AUTOMOVIL,2,0,0,0,0,0,0,0,0,0,0,0,0,2,41,HOMBRE,ILESO,CONDUCTOR PRESENTE,NO,NO,1
28726,115819,115820,2021,1,0,-0.240991,-78.531973,PICHINCHA,QUITO,QUITO,URBANA,2021-12-07,10:25:00,10,MARTES,2,DICIEMBRE,12,NO,PEATON QUE CRUZA LA CALZADA SIN RESPETAR LA SENIALIZACION EXISTENTE (SEMAFOROS O SENIALES MANUALES).,ATROPELLOS,AUTOMOVIL,1,0,0,0,0,0,0,0,0,0,0,0,0,1,10,MUJER,LESIONADO,PEATON,NO,NO,1
28727,115822,115823,2021,1,0,-0.246541,-78.533858,PICHINCHA,QUITO,QUITO,URBANA,2021-12-07,11:25:00,11,MARTES,2,DICIEMBRE,12,NO,REALIZAR CAMBIO BRUSCO O INDEBIDO DE CARRIL.,CHOQUE LATERAL,MOTOCICLETA,0,0,0,0,1,0,0,0,1,0,0,0,0,2,27,HOMBRE,LESIONADO,CONDUCTOR PRESENTE,SI,NO,1
28728,115824,115825,2021,0,0,-0.199937,-78.432328,PICHINCHA,QUITO,CUMBAYA,URBANA,2021-12-07,13:05:00,13,MARTES,2,DICIEMBRE,12,NO,"CONDUCE BAJO LA INFLUENCIA DE ALCOHOL, SUSTANCIAS ESTUPEFACIENTES O PSICOTROPICAS Y/O MEDICAMENTOS.",COLISION,AUTOMOVIL,3,0,0,0,0,0,0,0,0,0,0,0,0,3,47,HOMBRE,ILESO,CONDUCTOR PRESENTE,NO,NO,1
28729,115831,115832,2021,1,1,-0.247141,-78.475845,PICHINCHA,QUITO,QUITO,URBANA,2021-12-07,15:20:00,15,MARTES,2,DICIEMBRE,12,NO,CONDUCIR VEHICULO SUPERANDO LOS LIMITES MAXIMOS DE VELOCIDAD.,CHOQUE FRONTAL,AUTOMOVIL,1,0,0,1,0,0,0,0,0,0,0,0,0,2,50,HOMBRE,FALLECIDO,CONDUCTOR PRESENTE,NO,NO,1
28730,115833,115834,2021,1,0,-0.206202,-78.500814,PICHINCHA,QUITO,QUITO,URBANA,2021-12-07,16:15:00,16,MARTES,2,DICIEMBRE,12,NO,"NO RESPETAR LAS SENIALES REGLAMENTARIAS DE TRANSITO. (PARE, CEDA EL PASO, LUZ ROJA DEL SEMAFORO, ETC).",CHOQUE LATERAL,MOTOCICLETA,1,0,0,0,0,0,0,0,1,0,0,0,0,2,25,HOMBRE,LESIONADO,CONDUCTOR PRESENTE,SI,NO,1
28731,115858,115859,2021,1,0,-0.327991,-78.542373,PICHINCHA,QUITO,QUITO,URBANA,2021-12-08,07:30:00,7,MIERCOLES,3,DICIEMBRE,12,NO,REALIZAR CAMBIO BRUSCO O INDEBIDO DE CARRIL.,CHOQUE LATERAL,MOTOCICLETA,1,0,0,0,0,0,0,0,1,0,0,0,0,2,46,HOMBRE,LESIONADO,CONDUCTOR PRESENTE,SI,NO,1
28732,115862,115863,2021,0,0,-0.201475,-78.428447,PICHINCHA,QUITO,CUMBAYA,URBANA,2021-12-08,10:21:00,10,MIERCOLES,3,DICIEMBRE,12,NO,"CONDUCIR DESATENTO A LAS CONDICIONES DE TRANSITO (CELULAR, PANTALLAS DE VIDEO, COMIDA, MAQUILLAJE O CUALQUIER OTRO ELEMENTO DISTRACTOR).",OTROS,ESPECIAL,0,0,0,0,0,0,1,0,0,0,0,0,0,1,31,HOMBRE,ILESO,CONDUCTOR PRESENTE,NO,NO,1
28733,115865,115866,2021,0,0,-0.212824,-78.402686,PICHINCHA,QUITO,TUMBACO,URBANA,2021-12-08,11:56:00,11,MIERCOLES,3,DICIEMBRE,12,NO,CONDUCIR VEHICULO SUPERANDO LOS LIMITES MAXIMOS DE VELOCIDAD.,CHOQUE LATERAL,AUTOMOVIL,1,0,0,0,1,0,0,0,0,0,0,0,0,2,55,HOMBRE,ILESO,CONDUCTOR PRESENTE,NO,NO,1
28734,115879,115880,2021,2,0,-0.212824,-78.402686,PICHINCHA,QUITO,TUMBACO,URBANA,2021-12-08,17:06:00,17,MIERCOLES,3,DICIEMBRE,12,NO,"NO RESPETAR LAS SENIALES REGLAMENTARIAS DE TRANSITO. (PARE, CEDA EL PASO, LUZ ROJA DEL SEMAFORO, ETC).",OTROS,AUTOMOVIL,2,0,1,0,0,0,0,0,0,0,0,0,0,3,81,HOMBRE,LESIONADO,CONDUCTOR PRESENTE,NO,NO,1
28735,115880,115881,2021,1,0,-0.170135,-78.479875,PICHINCHA,QUITO,QUITO,URBANA,2021-12-08,17:10:00,17,MIERCOLES,3,DICIEMBRE,12,NO,PEATON QUE CRUZA LA CALZADA SIN RESPETAR LA SENIALIZACION EXISTENTE (SEMAFOROS O SENIALES MANUALES).,ATROPELLOS,MOTOCICLETA,0,0,0,0,0,0,0,0,1,0,0,0,0,1,44,MUJER,LESIONADO,PEATON,NO,NO,1
28736,115882,115883,2021,1,0,-0.281048,-78.535522,PICHINCHA,QUITO,QUITO,URBANA,2021-12-08,17:30:00,17,MIERCOLES,3,DICIEMBRE,12,NO,"NO RESPETAR LAS SENIALES REGLAMENTARIAS DE TRANSITO. (PARE, CEDA EL PASO, LUZ ROJA DEL SEMAFORO, ETC).",CHOQUE LATERAL,MOTOCICLETA,0,0,0,1,0,0,0,0,1,0,0,0,0,2,35,HOMBRE,LESIONADO,CONDUCTOR PRESENTE,SI,NO,1
28737,115888,115889,2021,0,0,-0.244634,-78.510901,PICHINCHA,QUITO,QUITO,URBANA,2021-12-08,20:55:00,20,MIERCOLES,3,DICIEMBRE,12,NO,"NO RESPETAR LAS SENIALES REGLAMENTARIAS DE TRANSITO. (PARE, CEDA EL PASO, LUZ ROJA DEL SEMAFORO, ETC).",CHOQUE LATERAL,AUTOMOVIL,2,0,0,0,0,0,0,0,0,0,0,0,0,2,31,HOMBRE,ILESO,CONDUCTOR PRESENTE,NO,NO,1
28738,115889,115890,2021,1,0,-0.328831,-78.560625,PICHINCHA,QUITO,QUITO,URBANA,2021-12-08,22:00:00,22,MIERCOLES,3,DICIEMBRE,12,NO,"NO RESPETAR LAS SENIALES REGLAMENTARIAS DE TRANSITO. (PARE, CEDA EL PASO, LUZ ROJA DEL SEMAFORO, ETC).",CHOQUE POSTERIOR,MOTOCICLETA,0,0,0,0,0,0,0,0,1,1,0,0,0,2,46,HOMBRE,LESIONADO,CONDUCTOR PRESENTE,SI,NO,1
28739,115892,115893,2021,0,0,-0.237736,-78.484325,PICHINCHA,QUITO,QUITO,URBANA,2021-12-08,23:50:00,23,MIERCOLES,3,DICIEMBRE,12,NO,"CONDICIONES AMBIENTALES Y/O ATMOSFERICAS (NIEBLA, NEBLINA, GRANIZO, LLUVIA).",OTROS,FURGONETA,0,0,1,0,0,0,0,1,0,0,0,0,0,2,41,HOMBRE,ILESO,CONDUCTOR PRESENTE,NO,NO,1
28740,115895,115896,2021,1,0,-0.203601,-78.483057,PICHINCHA,QUITO,QUITO,URBANA,2021-12-09,02:20:00,2,JUEVES,4,DICIEMBRE,12,NO,CONDUCIR VEHICULO SUPERANDO LOS LIMITES MAXIMOS DE VELOCIDAD.,ESTRELLAMIENTOS,AUTOMOVIL,1,0,0,0,0,0,0,0,0,0,0,0,0,1,21,HOMBRE,LESIONADO,CONDUCTOR PRESENTE,NO,NO,1
28741,115906,115907,2021,1,0,-0.240868,-78.531768,PICHINCHA,QUITO,QUITO,URBANA,2021-12-09,08:35:00,8,JUEVES,4,DICIEMBRE,12,NO,NO CEDER EL DERECHO DE VIA O PREFERENCIA DE PASO AL PEATON.,ATROPELLOS,AUTOMOVIL,1,0,0,0,0,0,0,0,0,0,0,0,0,1,65,HOMBRE,LESIONADO,PEATON,NO,NO,1
28742,115915,115916,2021,0,0,-0.105877,-78.437542,PICHINCHA,QUITO,CALDERON (CARAPUNGO),URBANA,2021-12-09,13:40:00,13,JUEVES,4,DICIEMBRE,12,NO,"FALLA MECANICA EN LOS SISTEMAS Y/O NEUMATICOS (SISTEMA DE FRENOS, DIRECCION, ELECTRONICO O MECANICO).",ESTRELLAMIENTOS,CAMION,0,0,0,1,0,0,0,0,0,0,0,0,0,1,42,HOMBRE,ILESO,CONDUCTOR PRESENTE,NO,NO,1
28743,115917,115918,2021,0,0,-0.449411,-78.585734,PICHINCHA,MEJIA,ALOAG,URBANA,2021-12-09,14:00:00,14,JUEVES,4,DICIEMBRE,12,NO,CONDUCIR VEHICULO SUPERANDO LOS LIMITES MAXIMOS DE VELOCIDAD.,CHOQUE POSTERIOR,AUTOMOVIL,1,0,0,0,1,0,0,0,0,0,0,0,0,2,47,HOMBRE,ILESO,CONDUCTOR PRESENTE,NO,SI,1
28744,115922,115923,2021,0,0,-0.191097,-78.486025,PICHINCHA,QUITO,QUITO,URBANA,2021-12-09,17:53:00,17,JUEVES,4,DICIEMBRE,12,NO,"CONDICIONES AMBIENTALES Y/O ATMOSFERICAS (NIEBLA, NEBLINA, GRANIZO, LLUVIA).",CHOQUE POSTERIOR,AUTOMOVIL,1,0,0,0,1,0,0,0,0,0,0,0,0,2,31,HOMBRE,ILESO,CONDUCTOR PRESENTE,NO,NO,1
28745,115926,115927,2021,0,0,-0.111705,-78.507641,PICHINCHA,QUITO,QUITO,URBANA,2021-12-09,18:40:00,18,JUEVES,4,DICIEMBRE,12,NO,REALIZAR CAMBIO BRUSCO O INDEBIDO DE CARRIL.,CHOQUE FRONTAL,AUTOMOVIL,2,0,0,0,0,0,0,0,0,0,0,0,0,2,31,HOMBRE,ILESO,CONDUCTOR PRESENTE,NO,NO,1
28746,115929,115930,2021,0,0,-0.187808,-78.444336,PICHINCHA,QUITO,NAYON,URBANA,2021-12-09,19:20:00,19,JUEVES,4,DICIEMBRE,12,NO,"CONDICIONES AMBIENTALES Y/O ATMOSFERICAS (NIEBLA, NEBLINA, GRANIZO, LLUVIA).",COLISION,AUTOMOVIL,2,0,1,0,0,0,0,0,0,0,0,0,0,3,55,HOMBRE,ILESO,CONDUCTOR PRESENTE,NO,NO,1
28747,115933,115934,2021,0,0,-0.471364,-78.566279,PICHINCHA,MEJIA,MACHACHI,RURAL,2021-12-09,20:35:00,20,JUEVES,4,DICIEMBRE,12,NO,"CONDUCIR DESATENTO A LAS CONDICIONES DE TRANSITO (CELULAR, PANTALLAS DE VIDEO, COMIDA, MAQUILLAJE O CUALQUIER OTRO ELEMENTO DISTRACTOR).",CHOQUE POSTERIOR,AUTOMOVIL,1,0,0,0,0,0,0,1,0,0,0,0,0,2,40,HOMBRE,ILESO,CONDUCTOR PRESENTE,NO,SI,3
28748,115935,115936,2021,0,0,-0.232247,-78.505135,PICHINCHA,QUITO,QUITO,URBANA,2021-12-09,21:15:00,21,JUEVES,4,DICIEMBRE,12,NO,"CONDICIONES AMBIENTALES Y/O ATMOSFERICAS (NIEBLA, NEBLINA, GRANIZO, LLUVIA).",COLISION,AUTOMOVIL,3,0,0,0,0,0,0,0,0,0,0,0,0,3,35,HOMBRE,ILESO,CONDUCTOR PRESENTE,NO,NO,1
28749,115936,115937,2021,0,0,-0.237492,-78.484551,PICHINCHA,QUITO,QUITO,URBANA,2021-12-09,21:50:00,21,JUEVES,4,DICIEMBRE,12,NO,"CONDUCIR EN ESTADO DE SOMNOLENCIA O MALAS CONDICIONES FISICAS (SUENIO, CANSANCIO Y FATIGA).",ESTRELLAMIENTOS,CAMIONETA,0,0,0,0,1,0,0,0,0,0,0,0,0,1,22,HOMBRE,ILESO,CONDUCTOR PRESENTE,NO,NO,1
28750,115939,115940,2021,1,0,-0.291069,-78.545923,PICHINCHA,QUITO,QUITO,URBANA,2021-12-09,23:30:00,23,JUEVES,4,DICIEMBRE,12,NO,"CONDICIONES AMBIENTALES Y/O ATMOSFERICAS (NIEBLA, NEBLINA, GRANIZO, LLUVIA).",CHOQUE LATERAL,AUTOMOVIL,2,0,0,0,0,0,0,0,0,0,0,0,0,2,30,HOMBRE,LESIONADO,PASAJERO,NO,NO,1
28751,115940,115941,2021,2,0,-0.279977,-78.529361,PICHINCHA,QUITO,QUITO,URBANA,2021-12-09,23:39:00,23,JUEVES,4,DICIEMBRE,12,NO,"NO RESPETAR LAS SENIALES REGLAMENTARIAS DE TRANSITO. (PARE, CEDA EL PASO, LUZ ROJA DEL SEMAFORO, ETC).",CHOQUE LATERAL,MOTOCICLETA,1,0,0,0,0,0,0,0,1,0,0,0,0,2,21,HOMBRE,LESIONADO,CONDUCTOR PRESENTE,SI,NO,1
28752,115956,115957,2021,0,0,-0.277624,-78.531251,PICHINCHA,QUITO,QUITO,URBANA,2021-12-10,06:06:00,6,VIERNES,5,DICIEMBRE,12,NO,CONDUCIR VEHICULO SUPERANDO LOS LIMITES MAXIMOS DE VELOCIDAD.,OTROS,AUTOMOVIL,3,0,0,0,0,0,0,0,0,0,0,0,0,3,48,MUJER,ILESO,CONDUCTOR PRESENTE,NO,NO,1
28753,115960,115961,2021,0,0,-0.145681,-78.466121,PICHINCHA,QUITO,QUITO,URBANA,2021-12-10,07:35:00,7,VIERNES,5,DICIEMBRE,12,NO,CONDUCIR VEHICULO SUPERANDO LOS LIMITES MAXIMOS DE VELOCIDAD.,CHOQUE LATERAL,AUTOMOVIL,2,0,0,0,0,0,0,0,0,0,0,0,0,2,42,HOMBRE,ILESO,CONDUCTOR PRESENTE,NO,NO,1
28754,115961,115962,2021,0,0,-0.205354,-78.500514,PICHINCHA,QUITO,QUITO,URBANA,2021-12-10,07:40:00,7,VIERNES,5,DICIEMBRE,12,NO,"NO RESPETAR LAS SENIALES REGLAMENTARIAS DE TRANSITO. (PARE, CEDA EL PASO, LUZ ROJA DEL SEMAFORO, ETC).",COLISION,AUTOMOVIL,2,0,1,0,0,0,0,0,0,0,0,0,0,3,35,HOMBRE,ILESO,CONDUCTOR PRESENTE,NO,NO,1
28755,115967,115968,2021,0,0,-0.333072,-78.546113,PICHINCHA,QUITO,QUITO,URBANA,2021-12-10,08:50:00,8,VIERNES,5,DICIEMBRE,12,NO,CONDUCIR VEHICULO SUPERANDO LOS LIMITES MAXIMOS DE VELOCIDAD.,OTROS,MOTOCICLETA,0,0,0,0,0,0,0,0,1,0,0,0,0,1,50,HOMBRE,ILESO,PASAJERO,NO,NO,1
28756,115968,115969,2021,1,0,-0.005161,-78.319407,PICHINCHA,PEDRO MONCAYO,TOCACHI,RURAL,2021-12-10,09:00:00,9,VIERNES,5,DICIEMBRE,12,NO,"CONDUCIR DESATENTO A LAS CONDICIONES DE TRANSITO (CELULAR, PANTALLAS DE VIDEO, COMIDA, MAQUILLAJE O CUALQUIER OTRO ELEMENTO DISTRACTOR).",ATROPELLOS,CAMIONETA,0,0,0,0,1,0,0,0,0,0,0,0,0,1,43,HOMBRE,LESIONADO,PEATON,NO,SI,3
28757,115975,115976,2021,0,0,-0.000778,-78.453041,PICHINCHA,QUITO,SAN ANTONIO (QUITO),RURAL,2021-12-10,13:45:01,13,VIERNES,5,DICIEMBRE,12,NO,"CONDUCIR DESATENTO A LAS CONDICIONES DE TRANSITO (CELULAR, PANTALLAS DE VIDEO, COMIDA, MAQUILLAJE O CUALQUIER OTRO ELEMENTO DISTRACTOR).",CHOQUE LATERAL,AUTOMOVIL,1,0,0,0,0,0,0,0,0,0,0,0,1,2,32,HOMBRE,ILESO,CONDUCTOR PRESENTE,NO,SI,3
28758,115979,115980,2021,0,0,-0.126987,-78.494005,PICHINCHA,QUITO,QUITO,URBANA,2021-12-10,14:35:00,14,VIERNES,5,DICIEMBRE,12,NO,NO MANTENER LA DISTANCIA PRUDENCIAL CON RESPECTO AL VEHICULO QUE LE ANTECEDE.,COLISION,AUTOMOVIL,3,0,0,0,1,0,0,0,0,0,0,0,0,4,43,HOMBRE,ILESO,CONDUCTOR PRESENTE,NO,NO,1
28759,115980,115981,2021,1,0,-0.219021,-78.495908,PICHINCHA,QUITO,QUITO,URBANA,2021-12-10,14:40:00,14,VIERNES,5,DICIEMBRE,12,NO,NO TRANSITAR POR LAS ACERAS O ZONAS DE SEGURIDAD DESTINADAS PARA EL EFECTO.,ATROPELLOS,AUTOMOVIL,1,0,0,0,0,0,0,0,0,0,0,0,0,1,9,HOMBRE,LESIONADO,PEATON,NO,NO,1
28760,115981,115982,2021,0,0,-0.147888,-78.465881,PICHINCHA,QUITO,QUITO,URBANA,2021-12-10,15:15:00,15,VIERNES,5,DICIEMBRE,12,NO,"NO RESPETAR LAS SENIALES REGLAMENTARIAS DE TRANSITO. (PARE, CEDA EL PASO, LUZ ROJA DEL SEMAFORO, ETC).",CHOQUE LATERAL,MOTOCICLETA,1,0,0,0,0,0,0,0,1,0,0,0,0,2,60,MUJER,ILESO,CONDUCTOR PRESENTE,NO,NO,1
28761,115984,115985,2021,1,0,-0.000113,-78.453941,PICHINCHA,QUITO,SAN ANTONIO (QUITO),RURAL,2021-12-10,16:28:00,16,VIERNES,5,DICIEMBRE,12,NO,REALIZAR CAMBIO BRUSCO O INDEBIDO DE CARRIL.,CHOQUE LATERAL,ESPECIAL,0,0,0,1,0,0,1,0,0,0,0,0,0,2,45,HOMBRE,LESIONADO,CONDUCTOR PRESENTE,NO,SI,3
28762,115987,115988,2021,2,1,-0.487178,-78.569577,PICHINCHA,MEJIA,MACHACHI,RURAL,2021-12-10,16:45:00,16,VIERNES,5,DICIEMBRE,12,NO,"CONDUCIR DESATENTO A LAS CONDICIONES DE TRANSITO (CELULAR, PANTALLAS DE VIDEO, COMIDA, MAQUILLAJE O CUALQUIER OTRO ELEMENTO DISTRACTOR).",CHOQUE LATERAL,VEHICULO DEPORTIVO UTILITARIO,1,0,0,0,0,0,0,1,0,0,0,0,1,3,33,HOMBRE,FALLECIDO,CONDUCTOR PRESENTE,NO,SI,3
28763,115992,115993,2021,0,0,-0.190933,-78.480366,PICHINCHA,QUITO,QUITO,URBANA,2021-12-10,18:50:00,18,VIERNES,5,DICIEMBRE,12,NO,NO CEDER EL DERECHO DE VIA O PREFERENCIA DE PASO A VEHICULOS.,CHOQUE LATERAL,AUTOMOVIL,2,0,0,0,0,0,0,0,0,0,0,0,0,2,31,HOMBRE,ILESO,CONDUCTOR PRESENTE,NO,NO,1
28764,115997,115998,2021,0,0,-0.317921,-78.459048,PICHINCHA,RUMINIAHUI,SANGOLQUI,URBANA,2021-12-10,20:40:00,20,VIERNES,5,DICIEMBRE,12,NO,"CONDUCIR DESATENTO A LAS CONDICIONES DE TRANSITO (CELULAR, PANTALLAS DE VIDEO, COMIDA, MAQUILLAJE O CUALQUIER OTRO ELEMENTO DISTRACTOR).",CHOQUE FRONTAL,VEHICULO DEPORTIVO UTILITARIO,0,0,0,0,0,0,0,0,0,0,0,0,2,2,74,HOMBRE,ILESO,CONDUCTOR PRESENTE,NO,SI,1
28765,116004,116005,2021,1,1,-0.177282,-78.359537,PICHINCHA,QUITO,PUEMBO,URBANA,2021-12-10,23:10:00,23,VIERNES,5,DICIEMBRE,12,NO,CONDUCIR VEHICULO SUPERANDO LOS LIMITES MAXIMOS DE VELOCIDAD.,CHOQUE POSTERIOR,AUTOMOVIL,2,0,0,0,0,0,0,0,0,0,0,0,0,2,21,HOMBRE,FALLECIDO,CONDUCTOR PRESENTE,NO,NO,1
28766,116010,116011,2021,0,1,-0.121124,-78.441886,PICHINCHA,QUITO,CALDERON (CARAPUNGO),URBANA,2021-12-11,00:50:00,0,SABADO,6,DICIEMBRE,12,NO,"CONDICIONES AMBIENTALES Y/O ATMOSFERICAS (NIEBLA, NEBLINA, GRANIZO, LLUVIA).",ATROPELLOS,NO IDENTIFICADO,0,0,0,0,0,0,0,0,0,1,0,0,0,1,20,MUJER,FALLECIDO,PEATON,NO,NO,1
28767,116013,116014,2021,0,0,-0.328831,-78.560625,PICHINCHA,QUITO,QUITO,URBANA,2021-12-11,01:05:00,1,SABADO,6,DICIEMBRE,12,NO,"CONDICIONES AMBIENTALES Y/O ATMOSFERICAS (NIEBLA, NEBLINA, GRANIZO, LLUVIA).",ESTRELLAMIENTOS,CAMION,0,0,0,1,0,0,0,0,0,0,0,0,0,1,29,HOMBRE,ILESO,CONDUCTOR PRESENTE,NO,NO,1
28768,116015,116016,2021,0,0,-0.207363,-78.512548,PICHINCHA,QUITO,QUITO,URBANA,2021-12-11,01:25:00,1,SABADO,6,DICIEMBRE,12,NO,"CONDICIONES AMBIENTALES Y/O ATMOSFERICAS (NIEBLA, NEBLINA, GRANIZO, LLUVIA).",ESTRELLAMIENTOS,CAMIONETA,0,0,0,0,1,0,0,0,0,0,0,0,0,1,50,HOMBRE,ILESO,CONDUCTOR PRESENTE,NO,NO,1
28769,116018,116019,2021,0,0,-0.325994,-78.555998,PICHINCHA,QUITO,QUITO,URBANA,2021-12-11,02:36:00,2,SABADO,6,DICIEMBRE,12,NO,"CONDUCE BAJO LA INFLUENCIA DE ALCOHOL, SUSTANCIAS ESTUPEFACIENTES O PSICOTROPICAS Y/O MEDICAMENTOS.",CHOQUE POSTERIOR,AUTOMOVIL,1,0,0,1,0,0,0,0,0,0,0,0,0,2,31,HOMBRE,ILESO,CONDUCTOR PRESENTE,NO,NO,1
28770,116029,116030,2021,0,0,-0.107668,-78.489223,PICHINCHA,QUITO,QUITO,URBANA,2021-12-11,04:25:00,4,SABADO,6,DICIEMBRE,12,NO,CONDUCIR VEHICULO SUPERANDO LOS LIMITES MAXIMOS DE VELOCIDAD.,ESTRELLAMIENTOS,AUTOMOVIL,1,0,0,0,0,0,0,0,0,0,0,0,0,1,-1,NO IDENTIFICADO,NO IDENTIFICADO,CONDUCTOR AUSENTE,NO,NO,2
28771,116030,116031,2021,0,1,-0.098142,-78.470207,PICHINCHA,QUITO,QUITO,URBANA,2021-12-11,05:00:00,5,SABADO,6,DICIEMBRE,12,NO,CONDUCIR VEHICULO SUPERANDO LOS LIMITES MAXIMOS DE VELOCIDAD.,ESTRELLAMIENTOS,MOTOCICLETA,0,0,0,0,0,0,0,0,1,0,0,0,0,1,23,HOMBRE,FALLECIDO,CONDUCTOR PRESENTE,SI,NO,1
28772,116035,116036,2021,1,0,-0.120424,-78.415686,PICHINCHA,QUITO,CALDERON (CARAPUNGO),URBANA,2021-12-11,05:55:00,5,SABADO,6,DICIEMBRE,12,NO,"CONDICIONES AMBIENTALES Y/O ATMOSFERICAS (NIEBLA, NEBLINA, GRANIZO, LLUVIA).",PERDIDA DE CARRIL,AUTOMOVIL,1,0,0,0,0,0,0,0,0,0,0,0,0,1,26,HOMBRE,LESIONADO,PASAJERO,NO,NO,1
28773,116044,116045,2021,0,0,-0.113215,-78.478989,PICHINCHA,QUITO,QUITO,URBANA,2021-12-11,11:54:00,11,SABADO,6,DICIEMBRE,12,NO,"CONDUCE BAJO LA INFLUENCIA DE ALCOHOL, SUSTANCIAS ESTUPEFACIENTES O PSICOTROPICAS Y/O MEDICAMENTOS.",ESTRELLAMIENTOS,AUTOMOVIL,1,0,0,0,1,0,0,0,0,0,0,0,0,2,21,HOMBRE,ILESO,CONDUCTOR PRESENTE,NO,NO,1
28774,116048,116049,2021,0,0,-0.329251,-78.447031,PICHINCHA,RUMINIAHUI,SANGOLQUI,URBANA,2021-12-11,12:30:00,12,SABADO,6,DICIEMBRE,12,NO,"CONDUCE BAJO LA INFLUENCIA DE ALCOHOL, SUSTANCIAS ESTUPEFACIENTES O PSICOTROPICAS Y/O MEDICAMENTOS.",CHOQUE LATERAL,CAMIONETA,1,0,0,0,1,0,0,0,0,0,0,0,0,2,45,HOMBRE,ILESO,CONDUCTOR PRESENTE,NO,SI,1