,Unnamed: 0,ID,ANIO,LESIONADOS,FALLECIDOS,LATITUD_Y,LONGITUD_X,PROVINCIA,CANTON,PARROQUIA,ZONA,FECHA,HORA,PERIODO_2,DIA_1,DIA_2,MES_1,MES_2,FERIADO,CAUSA_PROBABLE,TIPO_DE_SINIESTRO,TIPO_DE_VEHICULO_1,AUTOMOVIL,BICICLETA,BUS,CAMION,CAMIONETA,EMERGENCIAS,ESPECIAL,FURGONETA,MOTOCICLETA,NO_IDENTIFICADO,SCOOTER_ELECTRICO,TRICIMOTO,VEHICULO_DEPORTIVO_UTILITARIO,SUMA_DE_VEHICULOS,EDAD_1,SEXO_1,CONDICION_1,PARTICIPANTE_1,CASCO_1,CINTURON_1,KMeans_Cluster
28831,116404,116405,2021,2,1,-0.328291,-78.421173,PICHINCHA,RUMINIAHUI,SANGOLQUI,RURAL,2021-12-16,23:10:00,23,JUEVES,4,DICIEMBRE,12,NO,"CONDUCIR DESATENTO A LAS CONDICIONES DE TRANSITO (CELULAR, PANTALLAS DE VIDEO, COMIDA, MAQUILLAJE O CUALQUIER OTRO ELEMENTO DISTRACTOR).",CHOQUE FRONTAL,MOTOCICLETA,0,0,0,0,0,0,0,0,1,1,0,0,0,2,25,HOMBRE,FALLECIDO,CONDUCTOR PRESENTE,NO,SI,3
28832,116407,116408,2021,0,0,-0.185623,-78.343085,PICHINCHA,QUITO,TABABELA,URBANA,2021-12-17,00:05:00,0,VIERNES,5,DICIEMBRE,12,NO,"CONDUCIR DESATENTO A LAS CONDICIONES DE TRANSITO (CELULAR, PANTALLAS DE VIDEO, COMIDA, MAQUILLAJE O CUALQUIER OTRO ELEMENTO DISTRACTOR).",OTROS,AUTOMOVIL,1,0,0,0,0,0,0,0,0,0,0,0,0,1,-1,NO IDENTIFICADO,NO IDENTIFICADO,CONDUCTOR AUSENTE,NO,NO,2
28833,116410,116411,2021,1,0,-0.315833,-78.928889,PICHINCHA,MEJIA,MANUEL CORNEJO ASTORGA,RURAL,2021-12-17,00:30:00,0,VIERNES,5,DICIEMBRE,12,NO,"NO RESPETAR LAS SENIALES REGLAMENTARIAS DE TRANSITO. (PARE, CEDA EL PASO, LUZ ROJA DEL SEMAFORO, ETC).",CHOQUE LATERAL,MOTOCICLETA,0,0,0,1,0,0,0,0,1,0,0,0,0,2,-1,HOMBRE,LESIONADO,CONDUCTOR PRESENTE,NO,NO,3
28834,116411,116412,2021,2,0,-0.252168,-78.539221,PICHINCHA,QUITO,QUITO,URBANA,2021-12-17,00:30:00,0,VIERNES,5,DICIEMBRE,12,NO,CONDUCIR VEHICULO SUPERANDO LOS LIMITES MAXIMOS DE VELOCIDAD.,PERDIDA DE CARRIL,MOTOCICLETA,0,0,0,0,0,0,0,0,1,0,0,0,0,1,29,HOMBRE,LESIONADO,CONDUCTOR PRESENTE,SI,NO,1
28835,116415,116416,2021,0,0,-0.152071,-78.464448,PICHINCHA,QUITO,QUITO,URBANA,2021-12-17,03:45:00,3,VIERNES,5,DICIEMBRE,12,NO,CONDUCIR VEHICULO SUPERANDO LOS LIMITES MAXIMOS DE VELOCIDAD.,ESTRELLAMIENTOS,AUTOMOVIL,1,0,0,0,0,0,0,0,0,0,0,0,0,1,-1,NO IDENTIFICADO,NO IDENTIFICADO,CONDUCTOR AUSENTE,NO,NO,2
28836,116421,116422,2021,1,0,-0.346357,-78.439205,PICHINCHA,RUMINIAHUI,SANGOLQUI,RURAL,2021-12-17,07:15:00,7,VIERNES,5,DICIEMBRE,12,NO,"CONDUCIR DESATENTO A LAS CONDICIONES DE TRANSITO (CELULAR, PANTALLAS DE VIDEO, COMIDA, MAQUILLAJE O CUALQUIER OTRO ELEMENTO DISTRACTOR).",CHOQUE LATERAL,VEHICULO DEPORTIVO UTILITARIO,1,0,0,0,0,0,0,0,0,0,0,0,1,2,24,MUJER,LESIONADO,PASAJERO,NO,SI,3
28837,116438,116439,2021,1,0,-0.242581,-78.497364,PICHINCHA,QUITO,QUITO,URBANA,2021-12-17,17:05:00,17,VIERNES,5,DICIEMBRE,12,NO,PEATON QUE CRUZA LA CALZADA SIN RESPETAR LA SENIALIZACION EXISTENTE (SEMAFOROS O SENIALES MANUALES).,ATROPELLOS,AUTOMOVIL,1,0,0,0,0,0,0,0,0,0,0,0,0,1,29,HOMBRE,LESIONADO,PEATON,NO,NO,1
28838,116439,116440,2021,1,0,-0.297773,-78.524662,PICHINCHA,QUITO,QUITO,URBANA,2021-12-17,17:10:00,17,VIERNES,5,DICIEMBRE,12,NO,CONDUCIR VEHICULO SUPERANDO LOS LIMITES MAXIMOS DE VELOCIDAD.,CHOQUE LATERAL,MOTOCICLETA,1,0,0,0,0,0,0,0,1,0,0,0,0,2,22,HOMBRE,LESIONADO,CONDUCTOR PRESENTE,SI,NO,1
28839,116444,116445,2021,1,0,-0.207919,-78.493356,PICHINCHA,QUITO,QUITO,URBANA,2021-12-17,19:10:00,19,VIERNES,5,DICIEMBRE,12,NO,"NO RESPETAR LAS SENIALES REGLAMENTARIAS DE TRANSITO. (PARE, CEDA EL PASO, LUZ ROJA DEL SEMAFORO, ETC).",CHOQUE LATERAL,AUTOMOVIL,1,0,0,0,1,0,0,0,0,0,0,0,0,2,59,HOMBRE,LESIONADO,CONDUCTOR PRESENTE,NO,NO,1
28840,116460,116461,2021,3,0,-0.105411,-78.499867,PICHINCHA,QUITO,QUITO,URBANA,2021-12-18,00:45:00,0,SABADO,6,DICIEMBRE,12,NO,"CONDUCE BAJO LA INFLUENCIA DE ALCOHOL, SUSTANCIAS ESTUPEFACIENTES O PSICOTROPICAS Y/O MEDICAMENTOS.",OTROS,AUTOMOVIL,1,0,0,0,1,0,0,1,0,0,0,0,0,3,40,HOMBRE,LESIONADO,PASAJERO,NO,NO,1
28841,116465,116466,2021,0,0,-0.262722,-78.538106,PICHINCHA,QUITO,QUITO,URBANA,2021-12-18,02:35:00,2,SABADO,6,DICIEMBRE,12,NO,"NO RESPETAR LAS SENIALES REGLAMENTARIAS DE TRANSITO. (PARE, CEDA EL PASO, LUZ ROJA DEL SEMAFORO, ETC).",CHOQUE LATERAL,AUTOMOVIL,2,0,0,0,0,0,0,0,0,0,0,0,0,2,38,HOMBRE,ILESO,CONDUCTOR PRESENTE,NO,NO,1
28842,116471,116472,2021,0,2,-0.213151,-78.446047,PICHINCHA,QUITO,CUMBAYA,URBANA,2021-12-18,04:30:00,4,SABADO,6,DICIEMBRE,12,NO,CONDUCIR VEHICULO SUPERANDO LOS LIMITES MAXIMOS DE VELOCIDAD.,CHOQUE FRONTAL,AUTOMOVIL,2,0,0,0,0,0,0,0,0,0,0,0,0,2,25,HOMBRE,FALLECIDO,CONDUCTOR PRESENTE,NO,NO,1
28843,116472,116473,2021,0,1,-0.239788,-78.492861,PICHINCHA,QUITO,QUITO,URBANA,2021-12-18,04:45:00,4,SABADO,6,DICIEMBRE,12,NO,"CONDUCE BAJO LA INFLUENCIA DE ALCOHOL, SUSTANCIAS ESTUPEFACIENTES O PSICOTROPICAS Y/O MEDICAMENTOS.",ATROPELLOS,AUTOMOVIL,2,0,0,0,0,0,0,0,0,0,0,0,0,2,33,HOMBRE,FALLECIDO,PEATON,NO,NO,1
28844,116483,116484,2021,0,0,-0.295604,-78.561141,PICHINCHA,QUITO,QUITO,URBANA,2021-12-18,07:40:00,7,SABADO,6,DICIEMBRE,12,NO,REALIZAR CAMBIO BRUSCO O INDEBIDO DE CARRIL.,CHOQUE LATERAL,AUTOMOVIL,2,0,0,0,0,0,0,0,0,0,0,0,0,2,41,MUJER,ILESO,CONDUCTOR PRESENTE,NO,NO,1
28845,116484,116485,2021,0,0,-0.191587,-78.459401,PICHINCHA,QUITO,QUITO,URBANA,2021-12-18,07:45:00,7,SABADO,6,DICIEMBRE,12,NO,CONDUCIR VEHICULO SUPERANDO LOS LIMITES MAXIMOS DE VELOCIDAD.,ESTRELLAMIENTOS,AUTOMOVIL,1,0,0,0,0,0,0,0,0,0,0,0,0,1,26,HOMBRE,ILESO,CONDUCTOR PRESENTE,NO,NO,1
28846,116493,116494,2021,1,0,-0.279784,-78.554343,PICHINCHA,QUITO,QUITO,URBANA,2021-12-18,08:50:00,8,SABADO,6,DICIEMBRE,12,NO,CONDUCIR VEHICULO SUPERANDO LOS LIMITES MAXIMOS DE VELOCIDAD.,ATROPELLOS,AUTOMOVIL,1,0,0,0,0,0,0,0,0,0,0,0,0,1,52,MUJER,LESIONADO,PEATON,NO,NO,1
28847,116501,116502,2021,1,0,-0.153396,-78.484496,PICHINCHA,QUITO,QUITO,URBANA,2021-12-18,14:35:00,14,SABADO,6,DICIEMBRE,12,NO,"NO RESPETAR LAS SENIALES REGLAMENTARIAS DE TRANSITO. (PARE, CEDA EL PASO, LUZ ROJA DEL SEMAFORO, ETC).",CHOQUE LATERAL,MOTOCICLETA,1,0,0,0,0,0,0,0,1,0,0,0,0,2,31,HOMBRE,LESIONADO,CONDUCTOR PRESENTE,SI,NO,1
28848,116504,116505,2021,5,0,-0.293646,-78.539922,PICHINCHA,QUITO,QUITO,URBANA,2021-12-18,14:50:00,14,SABADO,6,DICIEMBRE,12,NO,PEATON QUE CRUZA LA CALZADA SIN RESPETAR LA SENIALIZACION EXISTENTE (SEMAFOROS O SENIALES MANUALES).,ATROPELLOS,BUS,0,0,1,0,0,0,0,0,0,0,0,0,0,1,44,HOMBRE,LESIONADO,PASAJERO,NO,NO,1
28849,116522,116523,2021,2,0,-0.310589,-78.546306,PICHINCHA,QUITO,QUITO,URBANA,2021-12-18,18:35:00,18,SABADO,6,DICIEMBRE,12,NO,PEATON QUE CRUZA LA CALZADA SIN RESPETAR LA SENIALIZACION EXISTENTE (SEMAFOROS O SENIALES MANUALES).,ATROPELLOS,MOTOCICLETA,0,0,0,0,0,0,0,0,1,0,0,0,0,1,32,HOMBRE,LESIONADO,CONDUCTOR PRESENTE,SI,NO,1
28850,116524,116525,2021,1,0,-0.283128,-78.561608,PICHINCHA,QUITO,QUITO,URBANA,2021-12-18,18:50:00,18,SABADO,6,DICIEMBRE,12,NO,REALIZAR CAMBIO BRUSCO O INDEBIDO DE CARRIL.,CHOQUE FRONTAL,AUTOMOVIL,2,0,0,0,0,0,0,0,0,0,0,0,0,2,68,HOMBRE,LESIONADO,CONDUCTOR PRESENTE,NO,NO,1
28851,116548,116549,2021,2,0,-0.304714,-78.416503,PICHINCHA,QUITO,ALANGASI,URBANA,2021-12-19,01:00:00,1,DOMINGO,7,DICIEMBRE,12,NO,NO GUARDAR LA DISTANCIA LATERAL MINIMA DE SEGURIDAD ENTRE VEHICULOS.,CHOQUE LATERAL,MOTOCICLETA,1,0,0,0,0,0,0,0,1,0,0,0,0,2,49,HOMBRE,LESIONADO,CONDUCTOR PRESENTE,SI,NO,1
28852,116550,116551,2021,0,0,-0.186642,-78.495821,PICHINCHA,QUITO,QUITO,URBANA,2021-12-19,01:20:00,1,DOMINGO,7,DICIEMBRE,12,NO,CONDUCIR VEHICULO SUPERANDO LOS LIMITES MAXIMOS DE VELOCIDAD.,OTROS,AUTOMOVIL,1,0,0,0,0,0,0,0,0,0,0,0,0,1,-1,NO IDENTIFICADO,NO IDENTIFICADO,CONDUCTOR AUSENTE,NO,NO,2
28853,116555,116556,2021,2,0,-0.390875,-78.542647,PICHINCHA,MEJIA,CUTUGLAHUA,RURAL,2021-12-19,01:40:00,1,DOMINGO,7,DICIEMBRE,12,NO,"CONDUCIR DESATENTO A LAS CONDICIONES DE TRANSITO (CELULAR, PANTALLAS DE VIDEO, COMIDA, MAQUILLAJE O CUALQUIER OTRO ELEMENTO DISTRACTOR).",CHOQUE FRONTAL,AUTOMOVIL,2,0,0,0,0,0,0,0,0,0,0,0,0,2,54,MUJER,LESIONADO,PASAJERO,NO,SI,3
28854,116559,116560,2021,1,0,-0.267221,-78.527199,PICHINCHA,QUITO,QUITO,URBANA,2021-12-19,02:15:00,2,DOMINGO,7,DICIEMBRE,12,NO,"NO RESPETAR LAS SENIALES REGLAMENTARIAS DE TRANSITO. (PARE, CEDA EL PASO, LUZ ROJA DEL SEMAFORO, ETC).",CHOQUE LATERAL,MOTOCICLETA,0,0,0,0,0,0,0,0,1,1,0,0,0,2,28,HOMBRE,LESIONADO,CONDUCTOR PRESENTE,SI,NO,1
28855,116561,116562,2021,2,0,-0.239702,-78.531874,PICHINCHA,QUITO,QUITO,URBANA,2021-12-19,02:30:00,2,DOMINGO,7,DICIEMBRE,12,NO,"CONDUCIR DESATENTO A LAS CONDICIONES DE TRANSITO (CELULAR, PANTALLAS DE VIDEO, COMIDA, MAQUILLAJE O CUALQUIER OTRO ELEMENTO DISTRACTOR).",ATROPELLOS,AUTOMOVIL,1,0,0,0,0,0,0,0,0,0,0,0,0,1,23,HOMBRE,LESIONADO,PEATON,NO,NO,1
28856,116564,116565,2021,0,0,-0.210726,-78.461573,PICHINCHA,QUITO,QUITO,URBANA,2021-12-19,03:30:00,3,DOMINGO,7,DICIEMBRE,12,NO,CONDUCIR VEHICULO SUPERANDO LOS LIMITES MAXIMOS DE VELOCIDAD.,ESTRELLAMIENTOS,AUTOMOVIL,1,0,0,0,0,0,0,0,0,0,0,0,0,1,31,HOMBRE,ILESO,CONDUCTOR PRESENTE,NO,NO,1
28857,116570,116571,2021,0,0,-0.185859,-78.477961,PICHINCHA,QUITO,QUITO,URBANA,2021-12-19,04:00:00,4,DOMINGO,7,DICIEMBRE,12,NO,"CONDICIONES AMBIENTALES Y/O ATMOSFERICAS (NIEBLA, NEBLINA, GRANIZO, LLUVIA).",ESTRELLAMIENTOS,AUTOMOVIL,1,0,0,0,0,0,0,0,0,0,0,0,0,1,37,HOMBRE,ILESO,CONDUCTOR PRESENTE,NO,NO,1
28858,116576,116577,2021,0,1,-0.254686,-78.504316,PICHINCHA,QUITO,QUITO,URBANA,2021-12-19,04:30:00,4,DOMINGO,7,DICIEMBRE,12,NO,NO TRANSITAR POR LAS ACERAS O ZONAS DE SEGURIDAD DESTINADAS PARA EL EFECTO.,ATROPELLOS,NO IDENTIFICADO,0,0,0,0,0,0,0,0,0,1,0,0,0,1,30,HOMBRE,FALLECIDO,PEATON,NO,NO,1
28859,116577,116578,2021,0,1,-0.544765,-78.585047,PICHINCHA,MEJIA,ALOASI,RURAL,2021-12-19,05:15:00,5,DOMINGO,7,DICIEMBRE,12,NO,"CONDUCIR DESATENTO A LAS CONDICIONES DE TRANSITO (CELULAR, PANTALLAS DE VIDEO, COMIDA, MAQUILLAJE O CUALQUIER OTRO ELEMENTO DISTRACTOR).",ATROPELLOS,BUS,0,0,1,0,0,0,0,0,0,0,0,0,0,1,0,HOMBRE,FALLECIDO,PASAJERO,NO,SI,3
28860,116587,116588,2021,0,0,-0.087816,-78.456327,PICHINCHA,QUITO,QUITO,URBANA,2021-12-19,06:45:00,6,DOMINGO,7,DICIEMBRE,12,NO,CONDUCIR VEHICULO SUPERANDO LOS LIMITES MAXIMOS DE VELOCIDAD.,CHOQUE POSTERIOR,AUTOMOVIL,2,0,0,0,0,0,0,0,0,0,0,0,0,2,51,HOMBRE,ILESO,CONDUCTOR PRESENTE,NO,NO,1
28861,116590,116591,2021,0,0,-0.161208,-78.495838,PICHINCHA,QUITO,QUITO,URBANA,2021-12-19,07:55:00,7,DOMINGO,7,DICIEMBRE,12,NO,"FALLA MECANICA EN LOS SISTEMAS Y/O NEUMATICOS (SISTEMA DE FRENOS, DIRECCION, ELECTRONICO O MECANICO).",ESTRELLAMIENTOS,AUTOMOVIL,1,0,0,0,0,0,0,0,0,0,0,0,0,1,35,HOMBRE,ILESO,CONDUCTOR PRESENTE,NO,NO,1
28862,116591,116592,2021,1,0,-0.253789,-78.522277,PICHINCHA,QUITO,QUITO,URBANA,2021-12-19,08:00:00,8,DOMINGO,7,DICIEMBRE,12,NO,"CONDUCE BAJO LA INFLUENCIA DE ALCOHOL, SUSTANCIAS ESTUPEFACIENTES O PSICOTROPICAS Y/O MEDICAMENTOS.",CHOQUE LATERAL,MOTOCICLETA,0,0,1,0,0,0,0,0,1,0,0,0,0,2,35,HOMBRE,LESIONADO,CONDUCTOR PRESENTE,SI,NO,1
28863,116596,116597,2021,1,0,-0.214852,-78.406348,PICHINCHA,QUITO,TUMBACO,URBANA,2021-12-19,09:30:00,9,DOMINGO,7,DICIEMBRE,12,NO,PEATON QUE CRUZA LA CALZADA SIN RESPETAR LA SENIALIZACION EXISTENTE (SEMAFOROS O SENIALES MANUALES).,ATROPELLOS,AUTOMOVIL,1,0,0,0,0,0,0,0,0,0,0,0,0,1,72,HOMBRE,LESIONADO,PEATON,NO,NO,1
28864,116601,116602,2021,2,1,-0.252168,-78.539221,PICHINCHA,QUITO,QUITO,URBANA,2021-12-19,10:50:00,10,DOMINGO,7,DICIEMBRE,12,NO,NO CEDER EL DERECHO DE VIA O PREFERENCIA DE PASO A VEHICULOS.,CHOQUE LATERAL,MOTOCICLETA,0,0,1,0,0,0,0,0,1,0,0,0,0,2,-1,HOMBRE,FALLECIDO,PASAJERO,NO,NO,1
28865,116603,116604,2021,0,0,-0.283755,-78.562065,PICHINCHA,QUITO,QUITO,URBANA,2021-12-19,12:10:00,12,DOMINGO,7,DICIEMBRE,12,NO,"CONDUCE BAJO LA INFLUENCIA DE ALCOHOL, SUSTANCIAS ESTUPEFACIENTES O PSICOTROPICAS Y/O MEDICAMENTOS.",ESTRELLAMIENTOS,AUTOMOVIL,2,0,0,0,0,0,0,0,0,0,0,0,0,2,39,HOMBRE,ILESO,CONDUCTOR PRESENTE,NO,NO,1
28866,116609,116610,2021,0,0,-0.006166,-78.444379,PICHINCHA,QUITO,SAN ANTONIO (QUITO),URBANA,2021-12-19,14:35:00,14,DOMINGO,7,DICIEMBRE,12,NO,"CONDICIONES AMBIENTALES Y/O ATMOSFERICAS (NIEBLA, NEBLINA, GRANIZO, LLUVIA).",ESTRELLAMIENTOS,AUTOMOVIL,1,0,0,0,1,0,0,0,0,0,0,0,0,2,-1,NO IDENTIFICADO,NO IDENTIFICADO,CONDUCTOR AUSENTE,NO,NO,2
28867,116610,116611,2021,1,0,-0.135711,-78.482262,PICHINCHA,QUITO,QUITO,URBANA,2021-12-19,15:35:00,15,DOMINGO,7,DICIEMBRE,12,NO,"NO RESPETAR LAS SENIALES REGLAMENTARIAS DE TRANSITO. (PARE, CEDA EL PASO, LUZ ROJA DEL SEMAFORO, ETC).",CHOQUE LATERAL,MOTOCICLETA,1,0,0,0,0,0,0,0,1,0,0,0,0,2,29,HOMBRE,LESIONADO,CONDUCTOR PRESENTE,SI,NO,1
28868,116617,116618,2021,0,0,-0.150779,-78.465871,PICHINCHA,QUITO,QUITO,URBANA,2021-12-19,16:35:00,16,DOMINGO,7,DICIEMBRE,12,NO,"CONDICIONES AMBIENTALES Y/O ATMOSFERICAS (NIEBLA, NEBLINA, GRANIZO, LLUVIA).",CHOQUE POSTERIOR,AUTOMOVIL,1,0,0,0,0,0,0,1,0,0,0,0,0,2,71,HOMBRE,ILESO,CONDUCTOR PRESENTE,NO,NO,1
28869,116621,116622,2021,0,0,-0.327185,-78.550416,PICHINCHA,QUITO,QUITO,URBANA,2021-12-19,19:15:00,19,DOMINGO,7,DICIEMBRE,12,NO,"CONDICIONES AMBIENTALES Y/O ATMOSFERICAS (NIEBLA, NEBLINA, GRANIZO, LLUVIA).",ESTRELLAMIENTOS,AUTOMOVIL,1,0,0,0,0,0,0,0,0,0,0,0,0,1,-1,NO IDENTIFICADO,NO IDENTIFICADO,CONDUCTOR AUSENTE,NO,NO,2
28870,116629,116630,2021,0,0,-0.199767,-78.428809,PICHINCHA,QUITO,CUMBAYA,URBANA,2021-12-19,21:15:00,21,DOMINGO,7,DICIEMBRE,12,NO,CONDUCIR VEHICULO SUPERANDO LOS LIMITES MAXIMOS DE VELOCIDAD.,ESTRELLAMIENTOS,AUTOMOVIL,1,0,0,0,0,0,0,0,0,0,0,0,0,1,23,HOMBRE,ILESO,CONDUCTOR PRESENTE,NO,NO,1
28871,116630,116631,2021,0,0,-0.328831,-78.560625,PICHINCHA,QUITO,QUITO,URBANA,2021-12-19,21:20:00,21,DOMINGO,7,DICIEMBRE,12,NO,"CONDUCE BAJO LA INFLUENCIA DE ALCOHOL, SUSTANCIAS ESTUPEFACIENTES O PSICOTROPICAS Y/O MEDICAMENTOS.",COLISION,AUTOMOVIL,3,0,0,0,0,0,0,0,0,0,0,0,0,3,21,HOMBRE,ILESO,CONDUCTOR PRESENTE,NO,NO,1
28872,116635,116636,2021,0,1,-0.197782,-78.500102,PICHINCHA,QUITO,QUITO,URBANA,2021-12-19,23:45:00,23,DOMINGO,7,DICIEMBRE,12,NO,"NO RESPETAR LAS SENIALES REGLAMENTARIAS DE TRANSITO. (PARE, CEDA EL PASO, LUZ ROJA DEL SEMAFORO, ETC).",OTROS,MOTOCICLETA,0,0,0,0,0,0,0,0,1,0,0,0,0,1,30,MUJER,FALLECIDO,PASAJERO,SI,NO,1
28873,116653,116654,2021,1,0,-0.060331,-78.340084,PICHINCHA,QUITO,GUAYLLABAMBA,URBANA,2021-12-20,14:20:00,14,LUNES,1,DICIEMBRE,12,NO,REALIZAR CAMBIO BRUSCO O INDEBIDO DE CARRIL.,CHOQUE LATERAL,MOTOCICLETA,0,0,0,1,0,0,0,0,1,0,0,0,0,2,21,HOMBRE,LESIONADO,CONDUCTOR PRESENTE,SI,NO,1
28874,116657,116658,2021,1,0,-0.239082,-78.523432,PICHINCHA,QUITO,QUITO,URBANA,2021-12-20,16:05:00,16,LUNES,1,DICIEMBRE,12,NO,"CONDICIONES AMBIENTALES Y/O ATMOSFERICAS (NIEBLA, NEBLINA, GRANIZO, LLUVIA).",OTROS,MOTOCICLETA,1,0,0,0,0,0,0,0,1,0,0,0,0,2,37,HOMBRE,LESIONADO,CONDUCTOR PRESENTE,SI,NO,1
28875,116668,116669,2021,0,0,0.005787,-78.201985,PICHINCHA,CAYAMBE,CANGAHUA,RURAL,2021-12-20,20:30:00,20,LUNES,1,DICIEMBRE,12,NO,BAJARSE O SUBIRSE DE VEHICULOS EN MOVIMIENTO SIN TOMAR LAS PRECAUCIONES DEBIDAS.,CAIDA DE PASAJERO,BUS,0,0,1,0,0,0,0,0,0,0,0,0,0,1,39,HOMBRE,ILESO,CONDUCTOR PRESENTE,NO,SI,3
28876,116669,116670,2021,0,0,-0.160314,-78.496867,PICHINCHA,QUITO,QUITO,URBANA,2021-12-20,21:00:00,21,LUNES,1,DICIEMBRE,12,NO,"NO RESPETAR LAS SENIALES REGLAMENTARIAS DE TRANSITO. (PARE, CEDA EL PASO, LUZ ROJA DEL SEMAFORO, ETC).",CHOQUE POSTERIOR,AUTOMOVIL,2,0,0,0,0,0,0,0,0,0,0,0,0,2,73,HOMBRE,ILESO,CONDUCTOR PRESENTE,NO,NO,1
28877,116678,116679,2021,1,0,-0.355609,-78.548711,PICHINCHA,QUITO,QUITO,URBANA,2021-12-21,06:10:00,6,MARTES,2,DICIEMBRE,12,NO,REALIZAR CAMBIO BRUSCO O INDEBIDO DE CARRIL.,CHOQUE LATERAL,MOTOCICLETA,0,0,0,1,0,0,0,0,1,0,0,0,0,2,23,HOMBRE,LESIONADO,CONDUCTOR PRESENTE,SI,NO,1
28878,116679,116680,2021,0,1,-0.117774,-78.455011,PICHINCHA,QUITO,QUITO,URBANA,2021-12-21,06:55:00,6,MARTES,2,DICIEMBRE,12,NO,CONDUCIR VEHICULO SUPERANDO LOS LIMITES MAXIMOS DE VELOCIDAD.,VOLCAMIENTOS,AUTOMOVIL,1,0,0,0,0,0,0,0,0,0,0,0,0,1,46,HOMBRE,FALLECIDO,CONDUCTOR PRESENTE,NO,NO,1
28879,116682,116683,2021,0,0,-0.136812,-78.473598,PICHINCHA,QUITO,QUITO,URBANA,2021-12-21,08:50:00,8,MARTES,2,DICIEMBRE,12,NO,"NO RESPETAR LAS SENIALES REGLAMENTARIAS DE TRANSITO. (PARE, CEDA EL PASO, LUZ ROJA DEL SEMAFORO, ETC).",COLISION,MOTOCICLETA,1,0,1,0,0,0,0,0,1,0,0,0,0,3,30,HOMBRE,ILESO,CONDUCTOR PRESENTE,NO,NO,1
28880,116686,116687,2021,2,0,-0.304063,-78.559177,PICHINCHA,QUITO,QUITO,URBANA,2021-12-21,10:30:00,10,MARTES,2,DICIEMBRE,12,NO,CONDUCIR VEHICULO SUPERANDO LOS LIMITES MAXIMOS DE VELOCIDAD.,CHOQUE LATERAL,CAMIONETA,0,0,1,0,1,0,0,0,0,0,0,0,0,2,17,MUJER,LESIONADO,PASAJERO,NO,NO,1
28881,116690,116691,2021,1,0,-0.249961,-78.537201,PICHINCHA,QUITO,QUITO,URBANA,2021-12-21,11:45:00,11,MARTES,2,DICIEMBRE,12,NO,NO TRANSITAR POR LAS ACERAS O ZONAS DE SEGURIDAD DESTINADAS PARA EL EFECTO.,ATROPELLOS,MOTOCICLETA,0,0,0,0,0,0,0,0,1,0,0,0,0,1,57,MUJER,LESIONADO,PEATON,NO,NO,1
28882,116701,116702,2021,0,0,-0.204091,-78.458081,PICHINCHA,QUITO,QUITO,URBANA,2021-12-21,14:29:00,14,MARTES,2,DICIEMBRE,12,NO,"FALLA MECANICA EN LOS SISTEMAS Y/O NEUMATICOS (SISTEMA DE FRENOS, DIRECCION, ELECTRONICO O MECANICO).",ESTRELLAMIENTOS,AUTOMOVIL,1,0,0,0,0,0,0,0,0,0,0,0,0,1,30,HOMBRE,ILESO,CONDUCTOR PRESENTE,NO,NO,1
28883,116702,116703,2021,0,0,-0.123551,-78.426711,PICHINCHA,QUITO,CALDERON (CARAPUNGO),URBANA,2021-12-21,14:30:00,14,MARTES,2,DICIEMBRE,12,NO,"CONDUCE BAJO LA INFLUENCIA DE ALCOHOL, SUSTANCIAS ESTUPEFACIENTES O PSICOTROPICAS Y/O MEDICAMENTOS.",ROZAMIENTOS,AUTOMOVIL,1,0,0,0,0,0,0,1,0,0,0,0,0,2,39,HOMBRE,ILESO,CONDUCTOR PRESENTE,NO,NO,1
28884,116706,116707,2021,0,0,-0.170676,-78.476424,PICHINCHA,QUITO,QUITO,URBANA,2021-12-21,15:48:00,15,MARTES,2,DICIEMBRE,12,NO,NO MANTENER LA DISTANCIA PRUDENCIAL CON RESPECTO AL VEHICULO QUE LE ANTECEDE.,COLISION,AUTOMOVIL,1,0,0,0,1,0,0,0,0,0,0,0,0,2,55,HOMBRE,ILESO,CONDUCTOR PRESENTE,NO,NO,1
28885,116724,116725,2021,0,0,-0.177717,-78.479417,PICHINCHA,QUITO,QUITO,URBANA,2021-12-21,22:25:00,22,MARTES,2,DICIEMBRE,12,NO,"NO RESPETAR LAS SENIALES REGLAMENTARIAS DE TRANSITO. (PARE, CEDA EL PASO, LUZ ROJA DEL SEMAFORO, ETC).",CHOQUE LATERAL,AUTOMOVIL,2,0,0,0,0,0,0,0,0,0,0,0,0,2,21,HOMBRE,ILESO,CONDUCTOR PRESENTE,NO,NO,1
28886,116743,116744,2021,0,0,-0.110328,-78.294769,PICHINCHA,QUITO,EL QUINCHE,URBANA,2021-12-22,08:30:00,8,MIERCOLES,3,DICIEMBRE,12,NO,"NO RESPETAR LAS SENIALES REGLAMENTARIAS DE TRANSITO. (PARE, CEDA EL PASO, LUZ ROJA DEL SEMAFORO, ETC).",CHOQUE LATERAL,AUTOMOVIL,1,0,0,0,1,0,0,0,0,0,0,0,0,2,35,HOMBRE,ILESO,CONDUCTOR PRESENTE,NO,NO,1
28887,116748,116749,2021,0,0,-0.224177,-78.507383,PICHINCHA,QUITO,QUITO,URBANA,2021-12-22,11:40:00,11,MIERCOLES,3,DICIEMBRE,12,NO,"ADELANTAR O REBASAR A OTRO VEHICULO EN MOVIMIENTO EN ZONAS O SITIOS PELIGROSOS TALES COMO: CURVAS, PUENTES, TUNELES, PENDIENTES, ETC.",CHOQUE LATERAL,BUS,0,0,2,0,0,0,0,0,0,0,0,0,0,2,45,HOMBRE,ILESO,CONDUCTOR PRESENTE,NO,NO,1