,Unnamed: 0,ID,ANIO,LESIONADOS,FALLECIDOS,LATITUD_Y,LONGITUD_X,PROVINCIA,CANTON,PARROQUIA,ZONA,FECHA,HORA,PERIODO_2,DIA_1,DIA_2,MES_1,MES_2,FERIADO,CAUSA_PROBABLE,TIPO_DE_SINIESTRO,TIPO_DE_VEHICULO_1,AUTOMOVIL,BICICLETA,BUS,CAMION,CAMIONETA,EMERGENCIAS,ESPECIAL,FURGONETA,MOTOCICLETA,NO_IDENTIFICADO,SCOOTER_ELECTRICO,TRICIMOTO,VEHICULO_DEPORTIVO_UTILITARIO,SUMA_DE_VEHICULOS,EDAD_1,SEXO_1,CONDICION_1,PARTICIPANTE_1,CASCO_1,CINTURON_1,KMeans_Cluster
28888,116759,116760,2021,0,0,-0.105583,-78.499743,PICHINCHA,QUITO,QUITO,URBANA,2021-12-22,15:05:00,15,MIERCOLES,3,DICIEMBRE,12,NO,CONDUCIR VEHICULO SUPERANDO LOS LIMITES MAXIMOS DE VELOCIDAD.,COLISION,AUTOMOVIL,3,0,1,0,0,0,0,0,0,0,0,0,0,4,51,HOMBRE,ILESO,CONDUCTOR PRESENTE,NO,NO,1
28889,116762,116763,2021,0,0,-0.091585,-78.439052,PICHINCHA,QUITO,CALDERON (CARAPUNGO),URBANA,2021-12-22,15:30:00,15,MIERCOLES,3,DICIEMBRE,12,NO,"FALLA MECANICA EN LOS SISTEMAS Y/O NEUMATICOS (SISTEMA DE FRENOS, DIRECCION, ELECTRONICO O MECANICO).",ESTRELLAMIENTOS,AUTOMOVIL,1,0,0,0,0,0,0,0,0,0,0,0,0,1,22,MUJER,ILESO,CONDUCTOR PRESENTE,NO,NO,1
28890,116763,116764,2021,0,0,-0.207405,-78.505471,PICHINCHA,QUITO,QUITO,URBANA,2021-12-22,15:40:00,15,MIERCOLES,3,DICIEMBRE,12,NO,REALIZAR CAMBIO BRUSCO O INDEBIDO DE CARRIL.,ROZAMIENTOS,AUTOMOVIL,1,0,0,0,1,0,0,0,0,0,0,0,0,2,55,HOMBRE,ILESO,CONDUCTOR PRESENTE,NO,NO,1
28891,116765,116766,2021,0,0,-0.108255,-78.461339,PICHINCHA,QUITO,CALDERON (CARAPUNGO),URBANA,2021-12-22,16:25:00,16,MIERCOLES,3,DICIEMBRE,12,NO,REALIZAR CAMBIO BRUSCO O INDEBIDO DE CARRIL.,ESTRELLAMIENTOS,MOTOCICLETA,1,0,0,0,0,0,0,0,1,0,0,0,0,2,22,HOMBRE,ILESO,CONDUCTOR PRESENTE,NO,NO,1
28892,116771,116772,2021,0,0,-0.136507,-78.497118,PICHINCHA,QUITO,QUITO,URBANA,2021-12-22,18:30:00,18,MIERCOLES,3,DICIEMBRE,12,NO,NO GUARDAR LA DISTANCIA LATERAL MINIMA DE SEGURIDAD ENTRE VEHICULOS.,ROZAMIENTOS,AUTOMOVIL,2,0,0,0,0,0,0,0,0,0,0,0,0,2,73,HOMBRE,ILESO,CONDUCTOR PRESENTE,NO,NO,1
28893,116774,116775,2021,0,1,-0.085163,-78.472756,PICHINCHA,QUITO,QUITO,URBANA,2021-12-22,19:15:00,19,MIERCOLES,3,DICIEMBRE,12,NO,NO CEDER EL DERECHO DE VIA O PREFERENCIA DE PASO AL PEATON.,ATROPELLOS,NO IDENTIFICADO,0,0,0,0,0,0,0,0,0,1,0,0,0,1,32,HOMBRE,FALLECIDO,PEATON,NO,NO,1
28894,116778,116779,2021,0,0,-0.171497,-78.490692,PICHINCHA,QUITO,QUITO,URBANA,2021-12-22,19:30:00,19,MIERCOLES,3,DICIEMBRE,12,NO,CONDUCIR VEHICULO SUPERANDO LOS LIMITES MAXIMOS DE VELOCIDAD.,OTROS,AUTOMOVIL,4,0,0,0,0,0,0,0,0,0,0,0,0,4,26,HOMBRE,ILESO,CONDUCTOR PRESENTE,NO,NO,1
28895,116780,116781,2021,1,0,-0.303802,-78.456773,PICHINCHA,RUMINIAHUI,SANGOLQUI,URBANA,2021-12-22,19:40:00,19,MIERCOLES,3,DICIEMBRE,12,NO,CONDUCIR VEHICULO SUPERANDO LOS LIMITES MAXIMOS DE VELOCIDAD.,ATROPELLOS,MOTOCICLETA,0,0,0,0,0,0,0,0,1,0,0,0,0,1,9,MUJER,LESIONADO,PEATON,NO,SI,1
28896,116793,116794,2021,0,0,-0.105339,-78.455465,PICHINCHA,QUITO,CALDERON (CARAPUNGO),URBANA,2021-12-23,01:50:00,1,JUEVES,4,DICIEMBRE,12,SI,CONDUCIR VEHICULO SUPERANDO LOS LIMITES MAXIMOS DE VELOCIDAD.,ESTRELLAMIENTOS,AUTOMOVIL,1,0,0,0,0,0,0,0,0,0,0,0,0,1,35,HOMBRE,ILESO,PASAJERO,NO,NO,1
28897,116795,116796,2021,0,0,-0.125179,-78.480655,PICHINCHA,QUITO,QUITO,URBANA,2021-12-23,02:40:00,2,JUEVES,4,DICIEMBRE,12,SI,"CONDUCIR EN ESTADO DE SOMNOLENCIA O MALAS CONDICIONES FISICAS (SUENIO, CANSANCIO Y FATIGA).",ESTRELLAMIENTOS,AUTOMOVIL,1,0,0,0,0,0,0,0,0,0,0,0,0,1,54,MUJER,ILESO,CONDUCTOR PRESENTE,NO,NO,1
28898,116799,116800,2021,0,0,-0.153396,-78.484496,PICHINCHA,QUITO,QUITO,URBANA,2021-12-23,05:40:00,5,JUEVES,4,DICIEMBRE,12,SI,"CONDICIONES AMBIENTALES Y/O ATMOSFERICAS (NIEBLA, NEBLINA, GRANIZO, LLUVIA).",CHOQUE POSTERIOR,AUTOMOVIL,2,0,0,0,0,0,0,0,0,0,0,0,0,2,59,HOMBRE,ILESO,CONDUCTOR PRESENTE,NO,NO,1
28899,116801,116802,2021,0,0,-0.326216,-78.550284,PICHINCHA,QUITO,QUITO,URBANA,2021-12-23,06:35:00,6,JUEVES,4,DICIEMBRE,12,SI,"NO RESPETAR LAS SENIALES REGLAMENTARIAS DE TRANSITO. (PARE, CEDA EL PASO, LUZ ROJA DEL SEMAFORO, ETC).",CHOQUE LATERAL,AUTOMOVIL,1,0,1,0,0,0,0,0,0,0,0,0,0,2,48,MUJER,ILESO,CONDUCTOR PRESENTE,NO,NO,1
28900,116809,116810,2021,3,0,-0.316388,-78.553764,PICHINCHA,QUITO,QUITO,URBANA,2021-12-23,07:50:00,7,JUEVES,4,DICIEMBRE,12,SI,"NO RESPETAR LAS SENIALES REGLAMENTARIAS DE TRANSITO. (PARE, CEDA EL PASO, LUZ ROJA DEL SEMAFORO, ETC).",CHOQUE LATERAL,AUTOMOVIL,1,0,1,0,0,0,0,0,0,0,0,0,0,2,30,HOMBRE,LESIONADO,CONDUCTOR PRESENTE,NO,NO,1
28901,116814,116815,2021,0,1,-0.284269,-78.518971,PICHINCHA,QUITO,QUITO,URBANA,2021-12-23,10:10:00,10,JUEVES,4,DICIEMBRE,12,SI,NO TRANSITAR POR LAS ACERAS O ZONAS DE SEGURIDAD DESTINADAS PARA EL EFECTO.,ATROPELLOS,CAMION,0,0,0,1,0,0,0,0,0,0,0,0,0,1,21,HOMBRE,FALLECIDO,PEATON,NO,NO,1
28902,116815,116816,2021,0,0,-0.260059,-78.522887,PICHINCHA,QUITO,QUITO,URBANA,2021-12-23,10:32:00,10,JUEVES,4,DICIEMBRE,12,SI,NO MANTENER LA DISTANCIA PRUDENCIAL CON RESPECTO AL VEHICULO QUE LE ANTECEDE.,CHOQUE POSTERIOR,BUS,0,0,2,0,0,0,0,0,0,0,0,0,0,2,21,HOMBRE,ILESO,CONDUCTOR PRESENTE,NO,NO,1
28903,116824,116825,2021,1,0,-0.261533,-78.544355,PICHINCHA,QUITO,QUITO,URBANA,2021-12-23,15:10:00,15,JUEVES,4,DICIEMBRE,12,SI,"CONDUCE BAJO LA INFLUENCIA DE ALCOHOL, SUSTANCIAS ESTUPEFACIENTES O PSICOTROPICAS Y/O MEDICAMENTOS.",CHOQUE LATERAL,AUTOMOVIL,2,0,0,0,0,0,0,0,0,0,0,0,0,2,58,HOMBRE,LESIONADO,CONDUCTOR PRESENTE,NO,NO,1
28904,116840,116841,2021,0,0,-0.245627,-78.519499,PICHINCHA,QUITO,QUITO,URBANA,2021-12-23,21:25:00,21,JUEVES,4,DICIEMBRE,12,SI,"CONDUCE BAJO LA INFLUENCIA DE ALCOHOL, SUSTANCIAS ESTUPEFACIENTES O PSICOTROPICAS Y/O MEDICAMENTOS.",OTROS,AUTOMOVIL,3,0,0,0,0,0,0,0,0,0,0,0,0,3,65,HOMBRE,ILESO,CONDUCTOR PRESENTE,NO,NO,1
28905,116841,116842,2021,0,0,-0.308005,-78.559951,PICHINCHA,QUITO,QUITO,URBANA,2021-12-23,21:30:00,21,JUEVES,4,DICIEMBRE,12,SI,"CONDUCE BAJO LA INFLUENCIA DE ALCOHOL, SUSTANCIAS ESTUPEFACIENTES O PSICOTROPICAS Y/O MEDICAMENTOS.",CHOQUE FRONTAL,AUTOMOVIL,2,0,0,0,0,0,0,0,0,0,0,0,0,2,42,HOMBRE,ILESO,CONDUCTOR PRESENTE,NO,NO,1
28906,116845,116846,2021,1,0,-0.206903,-78.502924,PICHINCHA,QUITO,QUITO,URBANA,2021-12-23,22:30:00,22,JUEVES,4,DICIEMBRE,12,SI,"NO RESPETAR LAS SENIALES REGLAMENTARIAS DE TRANSITO. (PARE, CEDA EL PASO, LUZ ROJA DEL SEMAFORO, ETC).",OTROS,MOTOCICLETA,0,0,0,0,0,0,0,0,1,1,0,0,0,2,30,HOMBRE,LESIONADO,CONDUCTOR PRESENTE,SI,NO,1
28907,116852,116853,2021,0,0,-0.210731,-78.451812,PICHINCHA,QUITO,CUMBAYA,URBANA,2021-12-23,23:45:00,23,JUEVES,4,DICIEMBRE,12,SI,"ADELANTAR O REBASAR A OTRO VEHICULO EN MOVIMIENTO EN ZONAS O SITIOS PELIGROSOS TALES COMO: CURVAS, PUENTES, TUNELES, PENDIENTES, ETC.",CHOQUE LATERAL,AUTOMOVIL,2,0,0,0,0,0,0,0,0,0,0,0,0,2,25,HOMBRE,ILESO,CONDUCTOR PRESENTE,NO,NO,1
28908,116854,116855,2021,0,0,-0.116023,-78.479518,PICHINCHA,QUITO,QUITO,URBANA,2021-12-24,00:20:00,0,VIERNES,5,DICIEMBRE,12,SI,CONDUCIR VEHICULO SUPERANDO LOS LIMITES MAXIMOS DE VELOCIDAD.,PERDIDA DE CARRIL,MOTOCICLETA,0,0,0,0,0,0,0,0,1,0,0,0,0,1,-1,NO IDENTIFICADO,NO IDENTIFICADO,CONDUCTOR AUSENTE,NO,NO,2
28909,116857,116858,2021,0,0,-0.032058,-78.271406,PICHINCHA,CAYAMBE,SANTA ROSA DE CUZUBAMBA,RURAL,2021-12-24,00:40:00,0,VIERNES,5,DICIEMBRE,12,SI,"CONDUCIR DESATENTO A LAS CONDICIONES DE TRANSITO (CELULAR, PANTALLAS DE VIDEO, COMIDA, MAQUILLAJE O CUALQUIER OTRO ELEMENTO DISTRACTOR).",CHOQUE FRONTAL,AUTOMOVIL,1,0,0,0,1,0,0,0,0,0,0,0,0,2,55,HOMBRE,ILESO,CONDUCTOR PRESENTE,NO,SI,3
28910,116858,116859,2021,1,0,-0.058111,-78.344101,PICHINCHA,QUITO,GUAYLLABAMBA,URBANA,2021-12-24,00:50:00,0,VIERNES,5,DICIEMBRE,12,SI,CONDUCIR VEHICULO SUPERANDO LOS LIMITES MAXIMOS DE VELOCIDAD.,ESTRELLAMIENTOS,AUTOMOVIL,1,0,0,0,0,0,0,0,0,0,0,0,0,1,21,HOMBRE,LESIONADO,PASAJERO,NO,NO,1
28911,116859,116860,2021,0,0,-0.408556,-78.546938,PICHINCHA,MEJIA,TAMBILLO (MEJIA),RURAL,2021-12-24,01:00:00,1,VIERNES,5,DICIEMBRE,12,SI,"CONDUCIR DESATENTO A LAS CONDICIONES DE TRANSITO (CELULAR, PANTALLAS DE VIDEO, COMIDA, MAQUILLAJE O CUALQUIER OTRO ELEMENTO DISTRACTOR).",ESTRELLAMIENTOS,CAMION,0,0,0,1,1,0,0,0,0,0,0,0,0,2,61,HOMBRE,ILESO,CONDUCTOR PRESENTE,NO,SI,3
28912,116863,116864,2021,1,0,-0.260003,-78.539291,PICHINCHA,QUITO,QUITO,URBANA,2021-12-24,01:40:00,1,VIERNES,5,DICIEMBRE,12,SI,"CONDUCE BAJO LA INFLUENCIA DE ALCOHOL, SUSTANCIAS ESTUPEFACIENTES O PSICOTROPICAS Y/O MEDICAMENTOS.",ATROPELLOS,AUTOMOVIL,2,0,0,0,0,0,0,0,0,0,0,0,0,2,32,HOMBRE,LESIONADO,PEATON,NO,NO,1
28913,116868,116869,2021,0,0,-0.089366,-78.469371,PICHINCHA,QUITO,QUITO,URBANA,2021-12-24,03:40:00,3,VIERNES,5,DICIEMBRE,12,SI,"CONDUCIR EN ESTADO DE SOMNOLENCIA O MALAS CONDICIONES FISICAS (SUENIO, CANSANCIO Y FATIGA).",ESTRELLAMIENTOS,AUTOMOVIL,4,0,0,0,0,0,0,0,0,0,0,0,0,4,38,HOMBRE,ILESO,CONDUCTOR PRESENTE,NO,NO,1
28914,116870,116871,2021,1,0,-0.194185,-78.492291,PICHINCHA,QUITO,QUITO,URBANA,2021-12-24,03:50:00,3,VIERNES,5,DICIEMBRE,12,SI,"CONDUCIR EN ESTADO DE SOMNOLENCIA O MALAS CONDICIONES FISICAS (SUENIO, CANSANCIO Y FATIGA).",ESTRELLAMIENTOS,AUTOMOVIL,1,0,0,0,0,0,0,0,0,0,0,0,0,1,31,MUJER,LESIONADO,CONDUCTOR PRESENTE,NO,NO,1
28915,116871,116872,2021,1,0,-0.292724,-78.476486,PICHINCHA,QUITO,CONOCOTO,URBANA,2021-12-24,03:55:00,3,VIERNES,5,DICIEMBRE,12,SI,"NO RESPETAR LAS SENIALES REGLAMENTARIAS DE TRANSITO. (PARE, CEDA EL PASO, LUZ ROJA DEL SEMAFORO, ETC).",OTROS,MOTOCICLETA,0,0,0,0,0,0,0,0,1,0,0,0,0,1,28,HOMBRE,LESIONADO,CONDUCTOR PRESENTE,SI,NO,1
28916,116872,116873,2021,0,0,-0.212891,-78.488362,PICHINCHA,QUITO,QUITO,URBANA,2021-12-24,03:55:00,3,VIERNES,5,DICIEMBRE,12,SI,"CONDUCIR EN ESTADO DE SOMNOLENCIA O MALAS CONDICIONES FISICAS (SUENIO, CANSANCIO Y FATIGA).",ESTRELLAMIENTOS,AUTOMOVIL,1,0,0,0,0,0,0,0,0,0,0,0,0,1,23,HOMBRE,ILESO,CONDUCTOR PRESENTE,NO,NO,1
28917,116875,116876,2021,0,0,-0.290441,-78.446081,PICHINCHA,QUITO,ALANGASI,URBANA,2021-12-24,04:00:00,4,VIERNES,5,DICIEMBRE,12,SI,"NO RESPETAR LAS SENIALES REGLAMENTARIAS DE TRANSITO. (PARE, CEDA EL PASO, LUZ ROJA DEL SEMAFORO, ETC).",CHOQUE LATERAL,AUTOMOVIL,1,0,0,0,1,0,0,0,0,0,0,0,0,2,37,MUJER,ILESO,CONDUCTOR PRESENTE,NO,NO,1
28918,116877,116878,2021,1,0,-0.214643,-78.516701,PICHINCHA,QUITO,QUITO,URBANA,2021-12-24,04:25:00,4,VIERNES,5,DICIEMBRE,12,SI,CONDUCIR VEHICULO SUPERANDO LOS LIMITES MAXIMOS DE VELOCIDAD.,VOLCAMIENTOS,MOTOCICLETA,0,0,0,0,0,0,0,0,1,0,0,0,0,1,35,HOMBRE,LESIONADO,CONDUCTOR PRESENTE,SI,NO,1
28919,116882,116883,2021,3,0,0.063079,-78.199925,PICHINCHA,PEDRO MONCAYO,TABACUNDO,RURAL,2021-12-24,06:20:00,6,VIERNES,5,DICIEMBRE,12,SI,NO CEDER EL DERECHO DE VIA O PREFERENCIA DE PASO A VEHICULOS.,CHOQUE LATERAL,CAMIONETA,1,0,0,0,1,0,0,0,0,0,0,0,0,2,43,HOMBRE,LESIONADO,CONDUCTOR PRESENTE,NO,SI,3
28920,116886,116887,2021,0,1,-0.099083,-78.421844,PICHINCHA,QUITO,CALDERON (CARAPUNGO),URBANA,2021-12-24,07:35:00,7,VIERNES,5,DICIEMBRE,12,SI,PEATON QUE CRUZA LA CALZADA SIN RESPETAR LA SENIALIZACION EXISTENTE (SEMAFOROS O SENIALES MANUALES).,ATROPELLOS,NO IDENTIFICADO,0,0,0,0,0,0,0,0,0,1,0,0,0,1,49,HOMBRE,FALLECIDO,PEATON,NO,NO,1
28921,116888,116889,2021,1,0,-0.248351,-78.530788,PICHINCHA,QUITO,QUITO,URBANA,2021-12-24,08:00:00,8,VIERNES,5,DICIEMBRE,12,SI,NO MANTENER LA DISTANCIA PRUDENCIAL CON RESPECTO AL VEHICULO QUE LE ANTECEDE.,CHOQUE POSTERIOR,MOTOCICLETA,1,0,0,0,0,0,0,0,1,0,0,0,0,2,37,HOMBRE,LESIONADO,CONDUCTOR PRESENTE,SI,NO,1
28922,116892,116893,2021,1,0,-0.508846,-78.563741,PICHINCHA,MEJIA,MACHACHI,URBANA,2021-12-24,11:00:00,11,VIERNES,5,DICIEMBRE,12,SI,"CONDUCIR DESATENTO A LAS CONDICIONES DE TRANSITO (CELULAR, PANTALLAS DE VIDEO, COMIDA, MAQUILLAJE O CUALQUIER OTRO ELEMENTO DISTRACTOR).",CHOQUE LATERAL,CAMION,0,0,0,1,0,0,0,0,0,0,0,0,0,1,31,HOMBRE,LESIONADO,CONDUCTOR PRESENTE,NO,SI,1
28923,116897,116898,2021,1,0,-0.298794,-78.547167,PICHINCHA,QUITO,QUITO,URBANA,2021-12-24,12:45:00,12,VIERNES,5,DICIEMBRE,12,SI,CONDUCIR VEHICULO SUPERANDO LOS LIMITES MAXIMOS DE VELOCIDAD.,CHOQUE LATERAL,MOTOCICLETA,1,0,0,0,0,0,0,0,1,0,0,0,0,2,26,HOMBRE,LESIONADO,CONDUCTOR PRESENTE,SI,NO,1
28924,116907,116908,2021,0,0,-0.212243,-78.499305,PICHINCHA,QUITO,QUITO,URBANA,2021-12-24,15:30:00,15,VIERNES,5,DICIEMBRE,12,SI,"NO RESPETAR LAS SENIALES REGLAMENTARIAS DE TRANSITO. (PARE, CEDA EL PASO, LUZ ROJA DEL SEMAFORO, ETC).",COLISION,AUTOMOVIL,2,0,0,0,0,0,0,0,0,0,0,0,0,2,38,HOMBRE,ILESO,CONDUCTOR PRESENTE,NO,NO,1
28925,116909,116910,2021,1,0,-0.059401,-78.456215,PICHINCHA,QUITO,POMASQUI,RURAL,2021-12-24,15:30:00,15,VIERNES,5,DICIEMBRE,12,SI,"CONDUCE BAJO LA INFLUENCIA DE ALCOHOL, SUSTANCIAS ESTUPEFACIENTES O PSICOTROPICAS Y/O MEDICAMENTOS.",CHOQUE LATERAL,MOTOCICLETA,1,0,0,0,0,0,0,0,1,0,0,0,0,2,27,HOMBRE,LESIONADO,CONDUCTOR PRESENTE,NO,SI,3
28926,116910,116911,2021,0,0,-0.232011,-78.523463,PICHINCHA,QUITO,QUITO,URBANA,2021-12-24,15:35:00,15,VIERNES,5,DICIEMBRE,12,SI,"CONDUCIR DESATENTO A LAS CONDICIONES DE TRANSITO (CELULAR, PANTALLAS DE VIDEO, COMIDA, MAQUILLAJE O CUALQUIER OTRO ELEMENTO DISTRACTOR).",CHOQUE FRONTAL,AUTOMOVIL,1,0,0,1,0,0,0,0,0,0,0,0,0,2,23,MUJER,ILESO,CONDUCTOR PRESENTE,NO,NO,1
28927,116911,116912,2021,2,0,-0.119841,-78.484241,PICHINCHA,QUITO,QUITO,URBANA,2021-12-24,15:48:00,15,VIERNES,5,DICIEMBRE,12,SI,NO CEDER EL DERECHO DE VIA O PREFERENCIA DE PASO AL PEATON.,ATROPELLOS,MOTOCICLETA,0,0,0,0,0,0,0,0,1,0,0,0,0,1,36,HOMBRE,LESIONADO,PEATON,NO,NO,1
28928,116913,116914,2021,0,0,-0.165128,-78.479025,PICHINCHA,QUITO,QUITO,URBANA,2021-12-24,16:15:00,16,VIERNES,5,DICIEMBRE,12,SI,"NO RESPETAR LAS SENIALES REGLAMENTARIAS DE TRANSITO. (PARE, CEDA EL PASO, LUZ ROJA DEL SEMAFORO, ETC).",CHOQUE POSTERIOR,AUTOMOVIL,2,0,0,0,0,0,0,0,0,0,0,0,0,2,47,HOMBRE,ILESO,CONDUCTOR PRESENTE,NO,NO,1
28929,116914,116915,2021,1,0,-0.108378,-78.491148,PICHINCHA,QUITO,QUITO,URBANA,2021-12-24,16:23:00,16,VIERNES,5,DICIEMBRE,12,SI,"FALLA MECANICA EN LOS SISTEMAS Y/O NEUMATICOS (SISTEMA DE FRENOS, DIRECCION, ELECTRONICO O MECANICO).",ESTRELLAMIENTOS,AUTOMOVIL,1,0,0,0,0,0,0,0,0,0,0,0,0,1,28,MUJER,LESIONADO,CONDUCTOR PRESENTE,NO,NO,1
28930,116922,116923,2021,0,0,-0.091585,-78.439052,PICHINCHA,QUITO,CALDERON (CARAPUNGO),URBANA,2021-12-24,17:50:00,17,VIERNES,5,DICIEMBRE,12,SI,CONDUCIR VEHICULO SUPERANDO LOS LIMITES MAXIMOS DE VELOCIDAD.,ESTRELLAMIENTOS,CAMIONETA,0,0,0,0,1,0,0,0,0,0,0,0,0,1,-1,NO IDENTIFICADO,NO IDENTIFICADO,CONDUCTOR AUSENTE,NO,NO,2
28931,116934,116935,2021,1,0,-0.197488,-78.493501,PICHINCHA,QUITO,QUITO,URBANA,2021-12-24,19:50:00,19,VIERNES,5,DICIEMBRE,12,SI,"CONDUCE BAJO LA INFLUENCIA DE ALCOHOL, SUSTANCIAS ESTUPEFACIENTES O PSICOTROPICAS Y/O MEDICAMENTOS.",CHOQUE LATERAL,AUTOMOVIL,2,0,0,0,0,0,0,0,0,0,0,0,0,2,30,MUJER,LESIONADO,PASAJERO,NO,NO,1
28932,116941,116942,2021,0,0,-0.125714,-78.500374,PICHINCHA,QUITO,QUITO,URBANA,2021-12-24,22:27:00,22,VIERNES,5,DICIEMBRE,12,SI,"NO RESPETAR LAS SENIALES REGLAMENTARIAS DE TRANSITO. (PARE, CEDA EL PASO, LUZ ROJA DEL SEMAFORO, ETC).",CHOQUE LATERAL,AUTOMOVIL,2,0,0,0,0,0,0,0,0,0,0,0,0,2,44,HOMBRE,ILESO,CONDUCTOR PRESENTE,NO,NO,1
28933,116961,116962,2021,0,0,-0.273707,-78.537301,PICHINCHA,QUITO,QUITO,URBANA,2021-12-25,03:45:00,3,SABADO,6,DICIEMBRE,12,SI,"CONDUCE BAJO LA INFLUENCIA DE ALCOHOL, SUSTANCIAS ESTUPEFACIENTES O PSICOTROPICAS Y/O MEDICAMENTOS.",CHOQUE POSTERIOR,AUTOMOVIL,2,0,0,0,0,0,0,0,0,0,0,0,0,2,32,HOMBRE,ILESO,CONDUCTOR PRESENTE,NO,NO,1
28934,116964,116965,2021,2,0,-0.147529,-78.318822,PICHINCHA,QUITO,CHECA (CHILPA),RURAL,2021-12-25,05:20:00,5,SABADO,6,DICIEMBRE,12,SI,"CONDUCIR DESATENTO A LAS CONDICIONES DE TRANSITO (CELULAR, PANTALLAS DE VIDEO, COMIDA, MAQUILLAJE O CUALQUIER OTRO ELEMENTO DISTRACTOR).",PERDIDA DE CARRIL,MOTOCICLETA,0,0,0,0,0,0,0,0,1,0,0,0,0,1,1,MUJER,LESIONADO,PASAJERO,NO,SI,3
28935,116985,116986,2021,0,0,-0.125813,-78.466702,PICHINCHA,QUITO,QUITO,URBANA,2021-12-25,10:50:00,10,SABADO,6,DICIEMBRE,12,SI,"CONDUCE BAJO LA INFLUENCIA DE ALCOHOL, SUSTANCIAS ESTUPEFACIENTES O PSICOTROPICAS Y/O MEDICAMENTOS.",OTROS,AUTOMOVIL,2,0,0,0,0,0,0,0,0,0,0,0,0,2,32,HOMBRE,ILESO,CONDUCTOR PRESENTE,NO,NO,1
28936,116989,116990,2021,0,1,-0.104767,-78.427674,PICHINCHA,QUITO,CALDERON (CARAPUNGO),URBANA,2021-12-25,12:59:00,12,SABADO,6,DICIEMBRE,12,SI,NO TRANSITAR POR LAS ACERAS O ZONAS DE SEGURIDAD DESTINADAS PARA EL EFECTO.,ARROLLAMIENTOS,BUS,0,0,1,0,0,0,0,0,0,0,0,0,0,1,40,NO IDENTIFICADO,FALLECIDO,PEATON,NO,NO,1
28937,116993,116994,2021,1,0,-0.259631,-78.521486,PICHINCHA,QUITO,QUITO,URBANA,2021-12-25,14:00:00,14,SABADO,6,DICIEMBRE,12,SI,"CONDUCE BAJO LA INFLUENCIA DE ALCOHOL, SUSTANCIAS ESTUPEFACIENTES O PSICOTROPICAS Y/O MEDICAMENTOS.",CHOQUE LATERAL,MOTOCICLETA,1,0,0,0,0,0,0,0,1,0,0,0,0,2,55,HOMBRE,LESIONADO,CONDUCTOR PRESENTE,SI,NO,1
28938,117000,117001,2021,3,0,-0.065942,-78.416251,PICHINCHA,QUITO,CALDERON (CARAPUNGO),URBANA,2021-12-25,16:00:00,16,SABADO,6,DICIEMBRE,12,SI,"NO RESPETAR LAS SENIALES REGLAMENTARIAS DE TRANSITO. (PARE, CEDA EL PASO, LUZ ROJA DEL SEMAFORO, ETC).",CHOQUE LATERAL,AUTOMOVIL,2,0,0,0,0,0,0,0,0,0,0,0,0,2,12,MUJER,LESIONADO,PASAJERO,NO,NO,1
28939,117004,117005,2021,0,0,-0.219531,-78.520651,PICHINCHA,QUITO,QUITO,URBANA,2021-12-25,16:40:00,16,SABADO,6,DICIEMBRE,12,SI,"CONDUCE BAJO LA INFLUENCIA DE ALCOHOL, SUSTANCIAS ESTUPEFACIENTES O PSICOTROPICAS Y/O MEDICAMENTOS.",OTROS,MOTOCICLETA,2,0,0,0,0,0,0,0,1,0,0,0,0,3,33,HOMBRE,ILESO,CONDUCTOR PRESENTE,NO,NO,1
28940,117008,117009,2021,0,0,-0.123772,-78.502884,PICHINCHA,QUITO,QUITO,URBANA,2021-12-25,18:20:00,18,SABADO,6,DICIEMBRE,12,SI,"FALLA MECANICA EN LOS SISTEMAS Y/O NEUMATICOS (SISTEMA DE FRENOS, DIRECCION, ELECTRONICO O MECANICO).",ESTRELLAMIENTOS,AUTOMOVIL,1,0,0,0,0,0,0,0,0,0,0,0,0,1,54,HOMBRE,ILESO,CONDUCTOR PRESENTE,NO,NO,1
28941,117017,117018,2021,0,0,-0.004201,-78.452686,PICHINCHA,QUITO,SAN ANTONIO (QUITO),RURAL,2021-12-25,20:00:00,20,SABADO,6,DICIEMBRE,12,SI,"CONDUCE BAJO LA INFLUENCIA DE ALCOHOL, SUSTANCIAS ESTUPEFACIENTES O PSICOTROPICAS Y/O MEDICAMENTOS.",CHOQUE LATERAL,VEHICULO DEPORTIVO UTILITARIO,1,0,0,0,0,0,0,0,0,0,0,0,1,2,30,MUJER,ILESO,PASAJERO,NO,SI,3
28942,117019,117020,2021,0,0,-0.255545,-78.504491,PICHINCHA,QUITO,QUITO,URBANA,2021-12-25,20:05:00,20,SABADO,6,DICIEMBRE,12,SI,"CONDUCE BAJO LA INFLUENCIA DE ALCOHOL, SUSTANCIAS ESTUPEFACIENTES O PSICOTROPICAS Y/O MEDICAMENTOS.",CHOQUE LATERAL,AUTOMOVIL,2,0,0,0,0,0,0,0,0,0,0,0,0,2,23,HOMBRE,ILESO,CONDUCTOR PRESENTE,NO,NO,1