,Unnamed: 0,ID,ANIO,LESIONADOS,FALLECIDOS,LATITUD_Y,LONGITUD_X,PROVINCIA,CANTON,PARROQUIA,ZONA,FECHA,HORA,PERIODO_2,DIA_1,DIA_2,MES_1,MES_2,FERIADO,CAUSA_PROBABLE,TIPO_DE_SINIESTRO,TIPO_DE_VEHICULO_1,AUTOMOVIL,BICICLETA,BUS,CAMION,CAMIONETA,EMERGENCIAS,ESPECIAL,FURGONETA,MOTOCICLETA,NO_IDENTIFICADO,SCOOTER_ELECTRICO,TRICIMOTO,VEHICULO_DEPORTIVO_UTILITARIO,SUMA_DE_VEHICULOS,EDAD_1,SEXO_1,CONDICION_1,PARTICIPANTE_1,CASCO_1,CINTURON_1,KMeans_Cluster
28943,117020,117021,2021,0,0,-0.233619,-78.532271,PICHINCHA,QUITO,QUITO,URBANA,2021-12-25,20:20:00,20,SABADO,6,DICIEMBRE,12,SI,CONDUCIR VEHICULO SUPERANDO LOS LIMITES MAXIMOS DE VELOCIDAD.,ESTRELLAMIENTOS,MOTOCICLETA,0,0,0,0,0,0,0,0,1,0,0,0,0,1,-1,NO IDENTIFICADO,NO IDENTIFICADO,CONDUCTOR AUSENTE,NO,NO,2
28944,117024,117025,2021,1,0,-0.295642,-78.461914,PICHINCHA,RUMINIAHUI,SANGOLQUI,RURAL,2021-12-25,21:00:00,21,SABADO,6,DICIEMBRE,12,SI,"CONDUCIR DESATENTO A LAS CONDICIONES DE TRANSITO (CELULAR, PANTALLAS DE VIDEO, COMIDA, MAQUILLAJE O CUALQUIER OTRO ELEMENTO DISTRACTOR).",ESTRELLAMIENTOS,AUTOMOVIL,1,0,0,0,0,0,0,0,0,0,0,0,0,1,34,HOMBRE,LESIONADO,PASAJERO,NO,SI,3
28945,117032,117033,2021,0,0,-0.133309,-78.494043,PICHINCHA,QUITO,QUITO,URBANA,2021-12-25,23:20:00,23,SABADO,6,DICIEMBRE,12,SI,"CONDUCE BAJO LA INFLUENCIA DE ALCOHOL, SUSTANCIAS ESTUPEFACIENTES O PSICOTROPICAS Y/O MEDICAMENTOS.",ESTRELLAMIENTOS,AUTOMOVIL,1,0,0,0,0,0,0,0,0,0,0,0,0,1,39,HOMBRE,ILESO,CONDUCTOR PRESENTE,NO,NO,1
28946,117037,117038,2021,0,0,-0.200545,-78.497129,PICHINCHA,QUITO,QUITO,URBANA,2021-12-26,01:00:00,1,DOMINGO,7,DICIEMBRE,12,SI,"NO RESPETAR LAS SENIALES REGLAMENTARIAS DE TRANSITO. (PARE, CEDA EL PASO, LUZ ROJA DEL SEMAFORO, ETC).",CHOQUE LATERAL,AUTOMOVIL,2,0,0,0,0,0,0,0,0,0,0,0,0,2,51,HOMBRE,ILESO,CONDUCTOR PRESENTE,NO,NO,1
28947,117044,117045,2021,1,0,-0.312175,-78.543371,PICHINCHA,QUITO,QUITO,URBANA,2021-12-26,02:35:00,2,DOMINGO,7,DICIEMBRE,12,SI,CONDUCIR VEHICULO SUPERANDO LOS LIMITES MAXIMOS DE VELOCIDAD.,PERDIDA DE CARRIL,MOTOCICLETA,0,0,0,0,0,0,0,0,1,0,0,0,0,1,32,HOMBRE,LESIONADO,PASAJERO,SI,NO,1
28948,117057,117058,2021,0,1,-0.206438,-78.370261,PICHINCHA,QUITO,PUEMBO,URBANA,2021-12-26,07:35:00,7,DOMINGO,7,DICIEMBRE,12,SI,CONDUCIR VEHICULO SUPERANDO LOS LIMITES MAXIMOS DE VELOCIDAD.,VOLCAMIENTOS,MOTOCICLETA,0,0,0,0,0,0,0,0,1,0,0,0,0,1,24,HOMBRE,FALLECIDO,CONDUCTOR PRESENTE,SI,NO,1
28949,117063,117064,2021,0,0,-0.236296,-78.529921,PICHINCHA,QUITO,QUITO,URBANA,2021-12-26,08:00:00,8,DOMINGO,7,DICIEMBRE,12,SI,CONDUCIR VEHICULO SUPERANDO LOS LIMITES MAXIMOS DE VELOCIDAD.,ESTRELLAMIENTOS,AUTOMOVIL,1,0,0,0,0,0,0,0,0,0,0,0,0,1,-1,NO IDENTIFICADO,NO IDENTIFICADO,CONDUCTOR AUSENTE,NO,NO,2
28950,117065,117066,2021,3,0,-0.154858,-78.477865,PICHINCHA,QUITO,QUITO,URBANA,2021-12-26,08:20:00,8,DOMINGO,7,DICIEMBRE,12,SI,CONDUCIR VEHICULO SUPERANDO LOS LIMITES MAXIMOS DE VELOCIDAD.,CHOQUE LATERAL,AUTOMOVIL,2,0,0,0,0,0,0,0,0,0,0,0,0,2,33,MUJER,LESIONADO,CONDUCTOR PRESENTE,NO,NO,1
28951,117066,117067,2021,2,0,-0.275242,-78.552512,PICHINCHA,QUITO,QUITO,URBANA,2021-12-26,09:21:00,9,DOMINGO,7,DICIEMBRE,12,SI,CONDUCIR VEHICULO SUPERANDO LOS LIMITES MAXIMOS DE VELOCIDAD.,ATROPELLOS,MOTOCICLETA,0,0,0,0,0,0,0,0,1,0,0,0,0,1,29,HOMBRE,LESIONADO,CONDUCTOR PRESENTE,SI,NO,1
28952,117068,117069,2021,0,0,-0.206463,-78.512244,PICHINCHA,QUITO,QUITO,URBANA,2021-12-26,10:50:00,10,DOMINGO,7,DICIEMBRE,12,SI,CONDUCIR VEHICULO SUPERANDO LOS LIMITES MAXIMOS DE VELOCIDAD.,COLISION,AUTOMOVIL,3,0,0,0,0,0,0,0,0,0,0,0,0,3,42,HOMBRE,ILESO,CONDUCTOR PRESENTE,NO,NO,1
28953,117070,117071,2021,1,0,-0.246057,-78.522437,PICHINCHA,QUITO,QUITO,URBANA,2021-12-26,11:35:00,11,DOMINGO,7,DICIEMBRE,12,SI,CONDUCIR VEHICULO SUPERANDO LOS LIMITES MAXIMOS DE VELOCIDAD.,ESTRELLAMIENTOS,AUTOMOVIL,1,0,0,0,0,0,0,0,0,0,0,0,0,1,23,MUJER,LESIONADO,PASAJERO,NO,NO,1
28954,117084,117085,2021,0,0,0.025314,-78.645987,PICHINCHA,QUITO,NONO,RURAL,2021-12-26,15:30:00,15,DOMINGO,7,DICIEMBRE,12,SI,"CONDICIONES AMBIENTALES Y/O ATMOSFERICAS (NIEBLA, NEBLINA, GRANIZO, LLUVIA).",PERDIDA DE CARRIL,CAMION,0,0,0,1,0,0,0,0,0,0,0,0,0,1,51,HOMBRE,ILESO,CONDUCTOR PRESENTE,NO,SI,3
28955,117091,117092,2021,0,0,-0.002838,-78.525438,PICHINCHA,QUITO,CALACALI,RURAL,2021-12-26,17:05:00,17,DOMINGO,7,DICIEMBRE,12,SI,"CONDUCIR EN ESTADO DE SOMNOLENCIA O MALAS CONDICIONES FISICAS (SUENIO, CANSANCIO Y FATIGA).",PERDIDA DE CARRIL,VEHICULO DEPORTIVO UTILITARIO,0,0,0,0,0,0,0,0,0,0,0,0,1,1,39,HOMBRE,ILESO,CONDUCTOR PRESENTE,NO,SI,3
28956,117113,117114,2021,0,0,-0.199767,-78.428809,PICHINCHA,QUITO,CUMBAYA,URBANA,2021-12-26,21:50:00,21,DOMINGO,7,DICIEMBRE,12,SI,"CONDICIONES AMBIENTALES Y/O ATMOSFERICAS (NIEBLA, NEBLINA, GRANIZO, LLUVIA).",OTROS,AUTOMOVIL,2,0,0,0,0,0,0,0,0,0,0,0,0,2,32,HOMBRE,ILESO,CONDUCTOR PRESENTE,NO,NO,1
28957,117119,117120,2021,0,0,-0.247141,-78.475845,PICHINCHA,QUITO,QUITO,URBANA,2021-12-26,22:58:00,22,DOMINGO,7,DICIEMBRE,12,SI,"CONDICIONES AMBIENTALES Y/O ATMOSFERICAS (NIEBLA, NEBLINA, GRANIZO, LLUVIA).",ESTRELLAMIENTOS,CAMIONETA,0,0,0,0,1,0,0,0,0,0,0,0,0,1,25,HOMBRE,ILESO,CONDUCTOR PRESENTE,NO,NO,1
28958,117122,117123,2021,0,0,-0.291871,-78.558463,PICHINCHA,QUITO,QUITO,URBANA,2021-12-26,23:55:00,23,DOMINGO,7,DICIEMBRE,12,SI,CONDUCIR VEHICULO SUPERANDO LOS LIMITES MAXIMOS DE VELOCIDAD.,ESTRELLAMIENTOS,AUTOMOVIL,1,0,0,0,0,0,0,0,0,0,0,0,0,1,-1,NO IDENTIFICADO,NO IDENTIFICADO,CONDUCTOR AUSENTE,NO,NO,2
28959,117124,117125,2021,0,0,-0.099083,-78.421844,PICHINCHA,QUITO,CALDERON (CARAPUNGO),URBANA,2021-12-27,00:02:00,0,LUNES,1,DICIEMBRE,12,NO,"FALLA MECANICA EN LOS SISTEMAS Y/O NEUMATICOS (SISTEMA DE FRENOS, DIRECCION, ELECTRONICO O MECANICO).",ESTRELLAMIENTOS,AUTOMOVIL,1,0,0,0,0,0,0,0,0,0,0,0,0,1,34,HOMBRE,ILESO,CONDUCTOR PRESENTE,NO,NO,1
28960,117125,117126,2021,0,0,-0.171497,-78.490692,PICHINCHA,QUITO,QUITO,URBANA,2021-12-27,00:15:00,0,LUNES,1,DICIEMBRE,12,NO,"CONDICIONES AMBIENTALES Y/O ATMOSFERICAS (NIEBLA, NEBLINA, GRANIZO, LLUVIA).",CHOQUE FRONTAL,AUTOMOVIL,2,0,0,0,0,0,0,0,0,0,0,0,0,2,21,MUJER,ILESO,CONDUCTOR PRESENTE,NO,NO,1
28961,117130,117131,2021,0,0,-0.268629,-78.555113,PICHINCHA,QUITO,QUITO,URBANA,2021-12-27,03:00:00,3,LUNES,1,DICIEMBRE,12,NO,CONDUCIR VEHICULO SUPERANDO LOS LIMITES MAXIMOS DE VELOCIDAD.,VOLCAMIENTOS,MOTOCICLETA,0,0,0,0,0,0,0,0,1,0,0,0,0,1,-1,NO IDENTIFICADO,NO IDENTIFICADO,CONDUCTOR AUSENTE,NO,NO,2
28962,117131,117132,2021,0,0,-0.163294,-78.462564,PICHINCHA,QUITO,QUITO,URBANA,2021-12-27,04:05:00,4,LUNES,1,DICIEMBRE,12,NO,CONDUCIR VEHICULO SUPERANDO LOS LIMITES MAXIMOS DE VELOCIDAD.,ESTRELLAMIENTOS,AUTOMOVIL,1,0,0,0,0,0,0,0,0,0,0,0,0,1,-1,NO IDENTIFICADO,NO IDENTIFICADO,CONDUCTOR AUSENTE,NO,NO,2
28963,117140,117141,2021,1,0,-0.246147,-78.529477,PICHINCHA,QUITO,QUITO,URBANA,2021-12-27,08:30:00,8,LUNES,1,DICIEMBRE,12,NO,"NO RESPETAR LAS SENIALES REGLAMENTARIAS DE TRANSITO. (PARE, CEDA EL PASO, LUZ ROJA DEL SEMAFORO, ETC).",CHOQUE LATERAL,AUTOMOVIL,2,0,0,0,0,0,0,0,0,0,0,0,0,2,28,MUJER,LESIONADO,PASAJERO,NO,NO,1
28964,117180,117181,2021,1,0,-0.105059,-78.431137,PICHINCHA,QUITO,CALDERON (CARAPUNGO),URBANA,2021-12-28,05:15:00,5,MARTES,2,DICIEMBRE,12,NO,"CONDUCIR DESATENTO A LAS CONDICIONES DE TRANSITO (CELULAR, PANTALLAS DE VIDEO, COMIDA, MAQUILLAJE O CUALQUIER OTRO ELEMENTO DISTRACTOR).",OTROS,CAMION,0,0,0,1,0,0,0,0,0,0,0,0,0,1,25,HOMBRE,LESIONADO,PASAJERO,NO,NO,1
28965,117193,117194,2021,1,0,-0.277624,-78.531251,PICHINCHA,QUITO,QUITO,URBANA,2021-12-28,10:45:00,10,MARTES,2,DICIEMBRE,12,NO,NO TRANSITAR POR LAS ACERAS O ZONAS DE SEGURIDAD DESTINADAS PARA EL EFECTO.,ATROPELLOS,CAMIONETA,0,0,0,0,1,0,0,0,0,0,0,0,0,1,37,HOMBRE,LESIONADO,CONDUCTOR PRESENTE,NO,NO,1
28966,117198,117199,2021,0,0,-0.100322,-78.516858,PICHINCHA,QUITO,QUITO,URBANA,2021-12-28,13:45:00,13,MARTES,2,DICIEMBRE,12,NO,"CONDUCIR DESATENTO A LAS CONDICIONES DE TRANSITO (CELULAR, PANTALLAS DE VIDEO, COMIDA, MAQUILLAJE O CUALQUIER OTRO ELEMENTO DISTRACTOR).",ROZAMIENTOS,AUTOMOVIL,2,0,0,0,0,0,0,0,0,0,0,0,0,2,29,MUJER,ILESO,CONDUCTOR PRESENTE,NO,NO,1
28967,117210,117211,2021,1,0,-0.247251,-78.534943,PICHINCHA,QUITO,QUITO,URBANA,2021-12-28,18:30:00,18,MARTES,2,DICIEMBRE,12,NO,REALIZAR CAMBIO BRUSCO O INDEBIDO DE CARRIL.,CHOQUE LATERAL,MOTOCICLETA,1,0,0,0,0,0,0,0,1,0,0,0,0,2,31,HOMBRE,LESIONADO,CONDUCTOR PRESENTE,SI,NO,1
28968,117216,117217,2021,0,0,-0.226486,-78.339567,PICHINCHA,QUITO,PIFO,URBANA,2021-12-28,19:50:00,19,MARTES,2,DICIEMBRE,12,NO,"CONDUCE BAJO LA INFLUENCIA DE ALCOHOL, SUSTANCIAS ESTUPEFACIENTES O PSICOTROPICAS Y/O MEDICAMENTOS.",ESTRELLAMIENTOS,AUTOMOVIL,2,0,0,0,0,0,0,0,0,0,0,0,0,2,28,HOMBRE,ILESO,CONDUCTOR PRESENTE,NO,NO,1
28969,117217,117218,2021,0,1,-0.243131,-78.315887,PICHINCHA,QUITO,PIFO,RURAL,2021-12-28,20:30:00,20,MARTES,2,DICIEMBRE,12,NO,"CONDUCIR DESATENTO A LAS CONDICIONES DE TRANSITO (CELULAR, PANTALLAS DE VIDEO, COMIDA, MAQUILLAJE O CUALQUIER OTRO ELEMENTO DISTRACTOR).",PERDIDA DE CARRIL,MOTOCICLETA,0,0,0,0,0,0,0,0,1,0,0,0,0,1,27,HOMBRE,FALLECIDO,CONDUCTOR PRESENTE,NO,SI,3
28970,117226,117227,2021,0,0,-0.243671,-78.485361,PICHINCHA,QUITO,QUITO,URBANA,2021-12-29,01:30:00,1,MIERCOLES,3,DICIEMBRE,12,NO,NO MANTENER LA DISTANCIA PRUDENCIAL CON RESPECTO AL VEHICULO QUE LE ANTECEDE.,COLISION,AUTOMOVIL,3,0,0,0,0,0,0,0,0,0,0,0,0,3,24,HOMBRE,ILESO,CONDUCTOR PRESENTE,NO,NO,1
28971,117233,117234,2021,2,0,-0.187785,-78.487661,PICHINCHA,QUITO,QUITO,URBANA,2021-12-29,10:56:00,10,MIERCOLES,3,DICIEMBRE,12,NO,NO MANTENER LA DISTANCIA PRUDENCIAL CON RESPECTO AL VEHICULO QUE LE ANTECEDE.,OTROS,AUTOMOVIL,1,0,2,0,0,0,0,0,0,0,0,0,0,3,28,MUJER,LESIONADO,CONDUCTOR PRESENTE,NO,NO,1
28972,117236,117237,2021,0,0,-0.276869,-78.542405,PICHINCHA,QUITO,QUITO,URBANA,2021-12-29,12:45:00,12,MIERCOLES,3,DICIEMBRE,12,NO,NO MANTENER LA DISTANCIA PRUDENCIAL CON RESPECTO AL VEHICULO QUE LE ANTECEDE.,CHOQUE POSTERIOR,AUTOMOVIL,1,0,1,0,0,0,0,0,0,0,0,0,0,2,34,HOMBRE,ILESO,CONDUCTOR PRESENTE,NO,NO,1
28973,117240,117241,2021,0,0,-0.094889,-78.477529,PICHINCHA,QUITO,QUITO,URBANA,2021-12-29,14:35:00,14,MIERCOLES,3,DICIEMBRE,12,NO,"NO RESPETAR LAS SENIALES REGLAMENTARIAS DE TRANSITO. (PARE, CEDA EL PASO, LUZ ROJA DEL SEMAFORO, ETC).",CHOQUE LATERAL,AUTOMOVIL,2,0,0,0,0,0,0,0,0,0,0,0,0,2,26,HOMBRE,ILESO,CONDUCTOR PRESENTE,NO,NO,1
28974,117243,117244,2021,1,0,-0.254429,-78.530641,PICHINCHA,QUITO,QUITO,URBANA,2021-12-29,16:00:00,16,MIERCOLES,3,DICIEMBRE,12,NO,NO CEDER EL DERECHO DE VIA O PREFERENCIA DE PASO A VEHICULOS.,CHOQUE LATERAL,BICICLETA,1,1,0,0,0,0,0,0,0,0,0,0,0,2,27,HOMBRE,LESIONADO,CONDUCTOR PRESENTE,SI,NO,1
28975,117253,117254,2021,0,1,-0.590642,-78.600639,PICHINCHA,MEJIA,ALOASI,RURAL,2021-12-29,20:20:00,20,MIERCOLES,3,DICIEMBRE,12,NO,"CONDUCIR DESATENTO A LAS CONDICIONES DE TRANSITO (CELULAR, PANTALLAS DE VIDEO, COMIDA, MAQUILLAJE O CUALQUIER OTRO ELEMENTO DISTRACTOR).",CHOQUE POSTERIOR,CAMION,0,0,0,1,0,0,0,0,0,0,0,0,0,1,48,HOMBRE,FALLECIDO,CONDUCTOR PRESENTE,NO,SI,3
28976,117255,117256,2021,0,0,-0.166058,-78.468472,PICHINCHA,QUITO,QUITO,URBANA,2021-12-29,21:28:00,21,MIERCOLES,3,DICIEMBRE,12,NO,"NO RESPETAR LAS SENIALES REGLAMENTARIAS DE TRANSITO. (PARE, CEDA EL PASO, LUZ ROJA DEL SEMAFORO, ETC).",CHOQUE LATERAL,AUTOMOVIL,2,0,0,0,0,0,0,0,0,0,0,0,0,2,47,HOMBRE,ILESO,CONDUCTOR PRESENTE,NO,NO,1
28977,117258,117259,2021,3,0,-0.458161,-78.563175,PICHINCHA,MEJIA,MACHACHI,RURAL,2021-12-29,22:50:00,22,MIERCOLES,3,DICIEMBRE,12,NO,"CONDUCIR DESATENTO A LAS CONDICIONES DE TRANSITO (CELULAR, PANTALLAS DE VIDEO, COMIDA, MAQUILLAJE O CUALQUIER OTRO ELEMENTO DISTRACTOR).",PERDIDA DE CARRIL,AUTOMOVIL,1,0,0,0,0,0,0,0,0,0,0,0,0,1,0,HOMBRE,LESIONADO,PASAJERO,NO,SI,3
28978,117261,117262,2021,1,0,-0.129369,-78.481353,PICHINCHA,QUITO,QUITO,URBANA,2021-12-30,00:15:00,0,JUEVES,4,DICIEMBRE,12,SI,"NO RESPETAR LAS SENIALES REGLAMENTARIAS DE TRANSITO. (PARE, CEDA EL PASO, LUZ ROJA DEL SEMAFORO, ETC).",CHOQUE LATERAL,MOTOCICLETA,1,0,0,0,0,0,0,0,1,0,0,0,0,2,22,HOMBRE,LESIONADO,CONDUCTOR PRESENTE,SI,NO,1
28979,117262,117263,2021,0,0,-0.244786,-78.513583,PICHINCHA,QUITO,QUITO,URBANA,2021-12-30,00:45:00,0,JUEVES,4,DICIEMBRE,12,SI,"NO RESPETAR LAS SENIALES REGLAMENTARIAS DE TRANSITO. (PARE, CEDA EL PASO, LUZ ROJA DEL SEMAFORO, ETC).",OTROS,AUTOMOVIL,1,0,0,0,0,0,0,0,0,1,0,0,0,2,-1,NO IDENTIFICADO,NO IDENTIFICADO,CONDUCTOR AUSENTE,NO,NO,2
28980,117263,117264,2021,0,0,-0.290955,-78.536336,PICHINCHA,QUITO,QUITO,URBANA,2021-12-30,00:50:00,0,JUEVES,4,DICIEMBRE,12,SI,CONDUCIR VEHICULO SUPERANDO LOS LIMITES MAXIMOS DE VELOCIDAD.,ESTRELLAMIENTOS,AUTOMOVIL,1,0,0,0,0,0,0,0,0,0,0,0,0,1,-1,NO IDENTIFICADO,NO IDENTIFICADO,CONDUCTOR AUSENTE,NO,NO,2
28981,117265,117266,2021,0,0,-0.242834,-78.541824,PICHINCHA,QUITO,QUITO,URBANA,2021-12-30,02:00:00,2,JUEVES,4,DICIEMBRE,12,SI,DANIOS MECANICOS PREVISIBLES.,OTROS,AUTOMOVIL,1,0,0,0,0,0,0,0,0,0,0,0,0,1,-1,NO IDENTIFICADO,NO IDENTIFICADO,CONDUCTOR AUSENTE,NO,NO,2
28982,117266,117267,2021,0,0,-0.185401,-78.491054,PICHINCHA,QUITO,QUITO,URBANA,2021-12-30,02:50:00,2,JUEVES,4,DICIEMBRE,12,SI,"CONDUCE BAJO LA INFLUENCIA DE ALCOHOL, SUSTANCIAS ESTUPEFACIENTES O PSICOTROPICAS Y/O MEDICAMENTOS.",COLISION,AUTOMOVIL,2,0,0,0,0,0,0,1,0,0,0,0,0,3,32,HOMBRE,ILESO,CONDUCTOR PRESENTE,NO,NO,1
28983,117275,117276,2021,1,0,-0.086517,-78.423103,PICHINCHA,QUITO,CALDERON (CARAPUNGO),URBANA,2021-12-30,06:55:00,6,JUEVES,4,DICIEMBRE,12,SI,NO CEDER EL DERECHO DE VIA O PREFERENCIA DE PASO A VEHICULOS.,CHOQUE LATERAL,MOTOCICLETA,1,0,0,0,0,0,0,0,1,0,0,0,0,2,26,HOMBRE,LESIONADO,CONDUCTOR PRESENTE,SI,NO,1
28984,117294,117295,2021,0,0,-0.206451,-78.512129,PICHINCHA,QUITO,QUITO,URBANA,2021-12-30,15:30:00,15,JUEVES,4,DICIEMBRE,12,SI,"CONDUCIR DESATENTO A LAS CONDICIONES DE TRANSITO (CELULAR, PANTALLAS DE VIDEO, COMIDA, MAQUILLAJE O CUALQUIER OTRO ELEMENTO DISTRACTOR).",ESTRELLAMIENTOS,CAMION,0,0,0,1,0,0,0,0,0,0,0,0,0,1,53,HOMBRE,ILESO,CONDUCTOR PRESENTE,NO,NO,1
28985,117297,117298,2021,1,0,-0.232716,-78.503774,PICHINCHA,QUITO,QUITO,URBANA,2021-12-30,15:42:00,15,JUEVES,4,DICIEMBRE,12,SI,NO MANTENER LA DISTANCIA PRUDENCIAL CON RESPECTO AL VEHICULO QUE LE ANTECEDE.,CHOQUE POSTERIOR,AUTOMOVIL,1,0,1,0,0,0,0,0,0,0,0,0,0,2,47,HOMBRE,LESIONADO,CONDUCTOR PRESENTE,NO,NO,1
28986,117305,117306,2021,0,0,-0.145058,-78.494266,PICHINCHA,QUITO,QUITO,URBANA,2021-12-30,19:30:00,19,JUEVES,4,DICIEMBRE,12,SI,"CONDUCE BAJO LA INFLUENCIA DE ALCOHOL, SUSTANCIAS ESTUPEFACIENTES O PSICOTROPICAS Y/O MEDICAMENTOS.",OTROS,AUTOMOVIL,2,0,0,0,0,0,0,0,0,0,0,0,0,2,55,HOMBRE,ILESO,CONDUCTOR PRESENTE,NO,NO,1
28987,117307,117308,2021,0,0,-0.321111,-78.921111,PICHINCHA,MEJIA,MANUEL CORNEJO ASTORGA,RURAL,2021-12-30,19:40:00,19,JUEVES,4,DICIEMBRE,12,SI,CONDUCIR EN SENTIDO CONTRARIO A LA VIA NORMAL DE CIRCULACION.,CHOQUE FRONTAL,VEHICULO DEPORTIVO UTILITARIO,0,0,0,0,0,0,0,0,0,0,0,0,2,2,-1,NO IDENTIFICADO,ILESO,CONDUCTOR PRESENTE,NO,NO,3
28988,117312,117313,2021,1,0,-0.289531,-78.557511,PICHINCHA,QUITO,QUITO,URBANA,2021-12-30,20:40:00,20,JUEVES,4,DICIEMBRE,12,SI,CONDUCIR VEHICULO SUPERANDO LOS LIMITES MAXIMOS DE VELOCIDAD.,CHOQUE LATERAL,AUTOMOVIL,1,0,1,0,0,0,0,0,0,0,0,0,0,2,34,HOMBRE,LESIONADO,CONDUCTOR PRESENTE,NO,NO,1
28989,117313,117314,2021,1,0,-0.154844,-78.320689,PICHINCHA,QUITO,YARUQUI,RURAL,2021-12-30,20:40:00,20,JUEVES,4,DICIEMBRE,12,SI,"CONDUCIR DESATENTO A LAS CONDICIONES DE TRANSITO (CELULAR, PANTALLAS DE VIDEO, COMIDA, MAQUILLAJE O CUALQUIER OTRO ELEMENTO DISTRACTOR).",CHOQUE POSTERIOR,MOTOCICLETA,0,0,1,0,0,0,0,0,1,0,0,0,0,2,22,HOMBRE,LESIONADO,CONDUCTOR PRESENTE,NO,SI,3
28990,117319,117320,2021,0,0,-0.286961,-78.519756,PICHINCHA,QUITO,QUITO,URBANA,2021-12-30,22:25:00,22,JUEVES,4,DICIEMBRE,12,SI,"CONDUCIR EN ESTADO DE SOMNOLENCIA O MALAS CONDICIONES FISICAS (SUENIO, CANSANCIO Y FATIGA).",CHOQUE POSTERIOR,AUTOMOVIL,2,0,0,0,0,0,0,0,0,0,0,0,0,2,34,HOMBRE,ILESO,CONDUCTOR PRESENTE,NO,NO,1
28991,117330,117331,2021,0,0,-0.425297,-78.551728,PICHINCHA,MEJIA,TAMBILLO (MEJIA),RURAL,2021-12-31,00:30:00,0,VIERNES,5,DICIEMBRE,12,SI,"CONDUCIR DESATENTO A LAS CONDICIONES DE TRANSITO (CELULAR, PANTALLAS DE VIDEO, COMIDA, MAQUILLAJE O CUALQUIER OTRO ELEMENTO DISTRACTOR).",ESTRELLAMIENTOS,CAMIONETA,0,0,0,0,1,0,0,0,0,0,0,0,0,1,30,HOMBRE,ILESO,CONDUCTOR PRESENTE,NO,SI,3
28992,117331,117332,2021,0,0,-0.242463,-78.482784,PICHINCHA,QUITO,QUITO,URBANA,2021-12-31,00:31:00,0,VIERNES,5,DICIEMBRE,12,SI,"CONDUCE BAJO LA INFLUENCIA DE ALCOHOL, SUSTANCIAS ESTUPEFACIENTES O PSICOTROPICAS Y/O MEDICAMENTOS.",CHOQUE LATERAL,AUTOMOVIL,2,0,0,0,0,0,0,0,0,0,0,0,0,2,28,HOMBRE,ILESO,CONDUCTOR PRESENTE,NO,NO,1
28993,117333,117334,2021,0,0,-0.289913,-78.537629,PICHINCHA,QUITO,QUITO,URBANA,2021-12-31,01:25:00,1,VIERNES,5,DICIEMBRE,12,SI,CONDUCIR VEHICULO SUPERANDO LOS LIMITES MAXIMOS DE VELOCIDAD.,ESTRELLAMIENTOS,CAMION,0,0,0,1,0,0,0,0,0,0,0,0,0,1,-1,NO IDENTIFICADO,NO IDENTIFICADO,CONDUCTOR AUSENTE,NO,NO,2
28994,117337,117338,2021,0,1,-0.203327,-78.495558,PICHINCHA,QUITO,QUITO,URBANA,2021-12-31,02:15:00,2,VIERNES,5,DICIEMBRE,12,SI,CONDUCIR VEHICULO SUPERANDO LOS LIMITES MAXIMOS DE VELOCIDAD.,ARROLLAMIENTOS,NO IDENTIFICADO,0,0,0,0,0,0,0,0,0,1,0,0,0,1,55,HOMBRE,FALLECIDO,PEATON,NO,NO,1
28995,117347,117348,2021,0,0,-0.244585,-78.510941,PICHINCHA,QUITO,QUITO,URBANA,2021-12-31,05:40:00,5,VIERNES,5,DICIEMBRE,12,SI,"NO RESPETAR LAS SENIALES REGLAMENTARIAS DE TRANSITO. (PARE, CEDA EL PASO, LUZ ROJA DEL SEMAFORO, ETC).",CHOQUE LATERAL,AUTOMOVIL,1,0,0,0,1,0,0,0,0,0,0,0,0,2,59,HOMBRE,ILESO,CONDUCTOR PRESENTE,NO,NO,1
28996,117358,117359,2021,2,0,-0.000263,-78.506963,PICHINCHA,QUITO,CALACALI,RURAL,2021-12-31,11:30:00,11,VIERNES,5,DICIEMBRE,12,SI,"CONDUCIR DESATENTO A LAS CONDICIONES DE TRANSITO (CELULAR, PANTALLAS DE VIDEO, COMIDA, MAQUILLAJE O CUALQUIER OTRO ELEMENTO DISTRACTOR).",CHOQUE LATERAL,VEHICULO DEPORTIVO UTILITARIO,0,0,0,0,0,0,0,0,0,0,0,0,2,2,35,HOMBRE,LESIONADO,PASAJERO,NO,SI,3
28997,117367,117368,2021,1,0,-0.096378,-78.511462,PICHINCHA,QUITO,QUITO,URBANA,2021-12-31,15:00:00,15,VIERNES,5,DICIEMBRE,12,SI,"CONDUCE BAJO LA INFLUENCIA DE ALCOHOL, SUSTANCIAS ESTUPEFACIENTES O PSICOTROPICAS Y/O MEDICAMENTOS.",ATROPELLOS,AUTOMOVIL,1,0,0,0,0,0,0,0,0,0,0,0,0,1,34,HOMBRE,LESIONADO,PEATON,NO,NO,1
28998,117377,117378,2021,1,0,-0.136735,-78.482389,PICHINCHA,QUITO,QUITO,URBANA,2021-12-31,18:10:00,18,VIERNES,5,DICIEMBRE,12,SI,"CONDUCE BAJO LA INFLUENCIA DE ALCOHOL, SUSTANCIAS ESTUPEFACIENTES O PSICOTROPICAS Y/O MEDICAMENTOS.",ATROPELLOS,MOTOCICLETA,0,0,0,0,0,0,0,0,1,0,0,0,0,1,65,MUJER,LESIONADO,PEATON,NO,NO,1