,Unnamed: 0,ID,ANIO,LESIONADOS,FALLECIDOS,LATITUD_Y,LONGITUD_X,PROVINCIA,CANTON,PARROQUIA,ZONA,FECHA,HORA,PERIODO_2,DIA_1,DIA_2,MES_1,MES_2,FERIADO,CAUSA_PROBABLE,TIPO_DE_SINIESTRO,TIPO_DE_VEHICULO_1,AUTOMOVIL,BICICLETA,BUS,CAMION,CAMIONETA,EMERGENCIAS,ESPECIAL,FURGONETA,MOTOCICLETA,NO_IDENTIFICADO,SCOOTER_ELECTRICO,TRICIMOTO,VEHICULO_DEPORTIVO_UTILITARIO,SUMA_DE_VEHICULOS,EDAD_1,SEXO_1,CONDICION_1,PARTICIPANTE_1,CASCO_1,CINTURON_1,KMeans_Cluster
28999,117378,117379,2021,1,0,-0.417501,-78.796667,PICHINCHA,MEJIA,MANUEL CORNEJO ASTORGA,RURAL,2021-12-31,18:14:00,18,VIERNES,5,DICIEMBRE,12,SI,"CONDUCIR DESATENTO A LAS CONDICIONES DE TRANSITO (CELULAR, PANTALLAS DE VIDEO, COMIDA, MAQUILLAJE O CUALQUIER OTRO ELEMENTO DISTRACTOR).",PERDIDA DE PISTA,CAMION,0,0,0,1,1,0,0,0,0,0,0,0,0,2,43,HOMBRE,LESIONADO,CONDUCTOR PRESENTE,NO,SI,3
29000,117381,117382,2021,0,0,-0.323911,-78.548572,PICHINCHA,QUITO,QUITO,URBANA,2021-12-31,18:25:00,18,VIERNES,5,DICIEMBRE,12,SI,"CONDUCE BAJO LA INFLUENCIA DE ALCOHOL, SUSTANCIAS ESTUPEFACIENTES O PSICOTROPICAS Y/O MEDICAMENTOS.",CHOQUE FRONTAL,CAMIONETA,0,0,0,1,1,0,0,0,0,0,0,0,0,2,37,HOMBRE,ILESO,CONDUCTOR PRESENTE,NO,NO,1
29001,117388,117389,2021,0,0,-0.292724,-78.476486,PICHINCHA,QUITO,CONOCOTO,URBANA,2021-12-31,19:45:00,19,VIERNES,5,DICIEMBRE,12,SI,REALIZAR CAMBIO BRUSCO O INDEBIDO DE CARRIL.,CHOQUE FRONTAL,AUTOMOVIL,1,0,0,0,0,0,0,1,0,0,0,0,0,2,51,HOMBRE,ILESO,CONDUCTOR PRESENTE,NO,NO,1
29002,117391,117392,2021,0,1,-0.185623,-78.343085,PICHINCHA,QUITO,TABABELA,URBANA,2021-12-31,20:15:00,20,VIERNES,5,DICIEMBRE,12,SI,NO CEDER EL DERECHO DE VIA O PREFERENCIA DE PASO AL PEATON.,ATROPELLOS,NO IDENTIFICADO,0,0,0,0,0,0,0,0,0,1,0,0,0,1,52,HOMBRE,FALLECIDO,PEATON,NO,NO,1
29003,117392,117393,2021,0,0,0.002912,-78.537841,PICHINCHA,QUITO,CALACALI,RURAL,2021-12-31,20:15:00,20,VIERNES,5,DICIEMBRE,12,SI,"CONDUCIR DESATENTO A LAS CONDICIONES DE TRANSITO (CELULAR, PANTALLAS DE VIDEO, COMIDA, MAQUILLAJE O CUALQUIER OTRO ELEMENTO DISTRACTOR).",CHOQUE LATERAL,AUTOMOVIL,2,0,0,0,0,0,0,0,0,0,0,0,1,3,48,HOMBRE,ILESO,CONDUCTOR PRESENTE,NO,SI,3
29004,117394,117395,2021,0,0,-0.310589,-78.546306,PICHINCHA,QUITO,QUITO,URBANA,2021-12-31,20:30:00,20,VIERNES,5,DICIEMBRE,12,SI,CONDUCIR VEHICULO SUPERANDO LOS LIMITES MAXIMOS DE VELOCIDAD.,CHOQUE LATERAL,AUTOMOVIL,1,0,0,0,1,0,0,0,0,0,0,0,0,2,19,HOMBRE,ILESO,CONDUCTOR PRESENTE,NO,NO,1
29005,117395,117396,2021,2,0,-0.334717,-78.550263,PICHINCHA,QUITO,QUITO,URBANA,2021-12-31,20:30:00,20,VIERNES,5,DICIEMBRE,12,SI,"CONDUCE BAJO LA INFLUENCIA DE ALCOHOL, SUSTANCIAS ESTUPEFACIENTES O PSICOTROPICAS Y/O MEDICAMENTOS.",OTROS,CAMIONETA,0,0,0,0,1,0,0,1,0,0,0,0,0,2,31,MUJER,LESIONADO,PASAJERO,NO,NO,1
29006,117401,117402,2021,0,0,-0.282595,-78.470666,PICHINCHA,QUITO,CONOCOTO,URBANA,2021-12-31,21:45:00,21,VIERNES,5,DICIEMBRE,12,SI,"FALLA MECANICA EN LOS SISTEMAS Y/O NEUMATICOS (SISTEMA DE FRENOS, DIRECCION, ELECTRONICO O MECANICO).",ESTRELLAMIENTOS,CAMIONETA,0,0,0,0,1,0,0,0,0,0,0,0,0,1,40,HOMBRE,ILESO,CONDUCTOR PRESENTE,NO,NO,1
29007,117402,117403,2021,0,1,-0.232254,-78.505317,PICHINCHA,QUITO,QUITO,URBANA,2021-12-31,21:45:00,21,VIERNES,5,DICIEMBRE,12,SI,CONDUCIR VEHICULO SUPERANDO LOS LIMITES MAXIMOS DE VELOCIDAD.,PERDIDA DE CARRIL,MOTOCICLETA,0,0,0,0,0,0,0,0,1,0,0,0,0,1,25,HOMBRE,FALLECIDO,CONDUCTOR PRESENTE,SI,NO,1
29008,117408,117409,2021,0,0,-0.382438,-78.531554,PICHINCHA,MEJIA,CUTUGLAHUA,RURAL,2021-12-31,23:00:00,23,VIERNES,5,DICIEMBRE,12,SI,"CONDUCIR DESATENTO A LAS CONDICIONES DE TRANSITO (CELULAR, PANTALLAS DE VIDEO, COMIDA, MAQUILLAJE O CUALQUIER OTRO ELEMENTO DISTRACTOR).",ESTRELLAMIENTOS,AUTOMOVIL,1,0,0,0,0,0,0,0,0,0,0,0,0,1,28,HOMBRE,ILESO,CONDUCTOR PRESENTE,NO,SI,3
29009,117409,117410,2021,1,0,-0.549029,-78.586166,PICHINCHA,MEJIA,MACHACHI,RURAL,2021-12-31,23:15:00,23,VIERNES,5,DICIEMBRE,12,SI,"CONDUCIR DESATENTO A LAS CONDICIONES DE TRANSITO (CELULAR, PANTALLAS DE VIDEO, COMIDA, MAQUILLAJE O CUALQUIER OTRO ELEMENTO DISTRACTOR).",PERDIDA DE CARRIL,CAMION,0,0,0,1,0,0,0,0,0,0,0,0,0,1,0,HOMBRE,LESIONADO,PASAJERO,NO,SI,3
29010,117418,117419,2022,3,0,-0.162346,-78.485742,PICHINCHA,QUITO,QUITO,URBANA,2022-01-01,01:00:00,1,SABADO,6,ENERO,1,SI,"NO RESPETAR LAS SENIALES REGLAMENTARIAS DE TRANSITO. (PARE, CEDA EL PASO, LUZ ROJA DEL SEMAFORO, ETC).",CHOQUE LATERAL,MOTOCICLETA,1,0,0,0,0,0,0,0,1,0,0,0,0,2,26,MUJER,LESIONADO,PASAJERO,NO,NO,1
29011,117419,117420,2022,0,0,-0.194806,-78.509604,PICHINCHA,QUITO,QUITO,URBANA,2022-01-01,01:00:00,1,SABADO,6,ENERO,1,SI,CONDUCIR VEHICULO SUPERANDO LOS LIMITES MAXIMOS DE VELOCIDAD.,ESTRELLAMIENTOS,AUTOMOVIL,2,0,0,0,0,0,0,0,0,0,0,0,0,2,-1,NO IDENTIFICADO,NO IDENTIFICADO,CONDUCTOR AUSENTE,NO,NO,2
29012,117422,117423,2022,1,0,-0.260389,-78.495444,PICHINCHA,QUITO,CONOCOTO,RURAL,2022-01-01,01:20:00,1,SABADO,6,ENERO,1,SI,"CONDICIONES AMBIENTALES Y/O ATMOSFERICAS (NIEBLA, NEBLINA, GRANIZO, LLUVIA).",ESTRELLAMIENTOS,MOTOCICLETA,0,0,0,0,0,0,0,0,1,0,0,0,0,1,29,HOMBRE,LESIONADO,CONDUCTOR PRESENTE,SI,NO,3
29013,117429,117430,2022,0,0,-0.254686,-78.504316,PICHINCHA,QUITO,QUITO,URBANA,2022-01-01,02:50:00,2,SABADO,6,ENERO,1,SI,CONDUCIR VEHICULO SUPERANDO LOS LIMITES MAXIMOS DE VELOCIDAD.,ESTRELLAMIENTOS,AUTOMOVIL,1,0,0,0,0,0,0,0,0,0,0,0,0,1,-1,NO IDENTIFICADO,NO IDENTIFICADO,CONDUCTOR AUSENTE,NO,NO,2
29014,117437,117438,2022,0,0,-0.232615,-78.503695,PICHINCHA,QUITO,QUITO,URBANA,2022-01-01,04:45:00,4,SABADO,6,ENERO,1,SI,"ADELANTAR O REBASAR A OTRO VEHICULO EN MOVIMIENTO EN ZONAS O SITIOS PELIGROSOS TALES COMO: CURVAS, PUENTES, TUNELES, PENDIENTES, ETC.",CHOQUE POSTERIOR,AUTOMOVIL,1,0,0,0,0,0,0,0,0,1,0,0,0,2,-1,NO IDENTIFICADO,NO IDENTIFICADO,CONDUCTOR AUSENTE,NO,NO,2
29015,117445,117446,2022,0,0,-0.198346,-78.461945,PICHINCHA,QUITO,QUITO,RURAL,2022-01-01,06:30:00,6,SABADO,6,ENERO,1,SI,CONDUCIR VEHICULO SUPERANDO LOS LIMITES MAXIMOS DE VELOCIDAD.,PERDIDA DE CARRIL,MOTOCICLETA,0,0,0,0,0,0,0,0,1,0,0,0,0,1,-1,NO IDENTIFICADO,NO IDENTIFICADO,CONDUCTOR AUSENTE,NO,NO,2
29016,117459,117460,2022,0,0,-0.027878,-78.454084,PICHINCHA,QUITO,SAN ANTONIO (QUITO),RURAL,2022-01-01,08:34:00,8,SABADO,6,ENERO,1,SI,CONDUCIR VEHICULO SUPERANDO LOS LIMITES MAXIMOS DE VELOCIDAD.,ESTRELLAMIENTOS,AUTOMOVIL,1,0,0,0,0,0,0,0,1,0,0,0,0,2,22,HOMBRE,ILESO,CONDUCTOR PRESENTE,NO,NO,3
29017,117480,117481,2022,1,0,-0.140936,-78.460084,PICHINCHA,QUITO,QUITO,URBANA,2022-01-01,13:10:00,13,SABADO,6,ENERO,1,SI,"FALLA MECANICA EN LOS SISTEMAS Y/O NEUMATICOS (SISTEMA DE FRENOS, DIRECCION, ELECTRONICO O MECANICO).",ESTRELLAMIENTOS,MOTOCICLETA,0,0,0,0,0,0,0,0,1,0,0,0,0,1,32,HOMBRE,LESIONADO,CONDUCTOR PRESENTE,NO,NO,1
29018,117482,117483,2022,0,0,-0.219429,-78.520717,PICHINCHA,QUITO,QUITO,URBANA,2022-01-01,13:50:00,13,SABADO,6,ENERO,1,SI,"FALLA MECANICA EN LOS SISTEMAS Y/O NEUMATICOS (SISTEMA DE FRENOS, DIRECCION, ELECTRONICO O MECANICO).",ESTRELLAMIENTOS,AUTOMOVIL,1,0,0,0,0,0,0,0,0,0,0,0,0,1,47,HOMBRE,ILESO,CONDUCTOR PRESENTE,NO,NO,1
29019,117492,117493,2022,1,0,-0.314015,-78.450701,PICHINCHA,RUMINIAHUI,SANGOLQUI,URBANA,2022-01-01,16:00:00,16,SABADO,6,ENERO,1,SI,"CONDUCIR DESATENTO A LAS CONDICIONES DE TRANSITO (CELULAR, PANTALLAS DE VIDEO, COMIDA, MAQUILLAJE O CUALQUIER OTRO ELEMENTO DISTRACTOR).",CHOQUE LATERAL,MOTOCICLETA,1,0,0,0,0,0,0,0,1,0,0,0,0,2,21,HOMBRE,LESIONADO,CONDUCTOR PRESENTE,NO,SI,1
29020,117494,117495,2022,0,0,-0.239578,-78.530744,PICHINCHA,QUITO,QUITO,URBANA,2022-01-01,16:03:00,16,SABADO,6,ENERO,1,SI,REALIZAR CAMBIO BRUSCO O INDEBIDO DE CARRIL.,CHOQUE LATERAL,AUTOMOVIL,2,0,0,0,0,0,0,0,0,0,0,0,0,2,68,HOMBRE,ILESO,CONDUCTOR PRESENTE,NO,NO,1
29021,117525,117526,2022,0,0,-0.214781,-78.483926,PICHINCHA,QUITO,QUITO,URBANA,2022-01-01,20:30:00,20,SABADO,6,ENERO,1,SI,CONDUCIR VEHICULO SUPERANDO LOS LIMITES MAXIMOS DE VELOCIDAD.,ESTRELLAMIENTOS,AUTOMOVIL,1,0,0,0,0,0,0,0,0,0,0,0,0,1,-1,NO IDENTIFICADO,NO IDENTIFICADO,CONDUCTOR AUSENTE,NO,NO,2
29022,117537,117538,2022,0,0,-0.260832,-78.515901,PICHINCHA,QUITO,QUITO,URBANA,2022-01-02,00:30:00,0,DOMINGO,7,ENERO,1,SI,CONDUCIR VEHICULO SUPERANDO LOS LIMITES MAXIMOS DE VELOCIDAD.,ESTRELLAMIENTOS,AUTOMOVIL,1,0,0,0,0,0,0,0,0,0,0,0,0,1,-1,NO IDENTIFICADO,NO IDENTIFICADO,CONDUCTOR AUSENTE,NO,NO,2
29023,117540,117541,2022,1,1,-0.328479,-78.522294,PICHINCHA,QUITO,QUITO,URBANA,2022-01-02,01:30:00,1,DOMINGO,7,ENERO,1,SI,CONDUCIR VEHICULO SUPERANDO LOS LIMITES MAXIMOS DE VELOCIDAD.,ESTRELLAMIENTOS,AUTOMOVIL,1,0,0,0,0,0,0,0,0,0,0,0,0,1,29,MUJER,FALLECIDO,PASAJERO,NO,NO,1
29024,117551,117552,2022,0,1,-0.188521,-78.448241,PICHINCHA,QUITO,NAYON,RURAL,2022-01-02,08:05:00,8,DOMINGO,7,ENERO,1,SI,CONDUCIR VEHICULO SUPERANDO LOS LIMITES MAXIMOS DE VELOCIDAD.,ESTRELLAMIENTOS,MOTOCICLETA,0,0,0,0,0,0,0,0,1,0,0,0,0,1,59,HOMBRE,FALLECIDO,CONDUCTOR PRESENTE,NO,NO,3
29025,117556,117557,2022,1,0,-0.311223,-78.548338,PICHINCHA,QUITO,QUITO,URBANA,2022-01-02,11:05:00,11,DOMINGO,7,ENERO,1,SI,NO MANTENER LA DISTANCIA PRUDENCIAL CON RESPECTO AL VEHICULO QUE LE ANTECEDE.,CHOQUE POSTERIOR,CAMION,0,1,0,1,0,0,0,0,0,0,0,0,0,2,11,HOMBRE,LESIONADO,PEATON,NO,NO,1
29026,117557,117558,2022,0,0,-0.140239,-78.468506,PICHINCHA,QUITO,QUITO,URBANA,2022-01-02,11:15:00,11,DOMINGO,7,ENERO,1,SI,CONDUCIR VEHICULO SUPERANDO LOS LIMITES MAXIMOS DE VELOCIDAD.,ESTRELLAMIENTOS,AUTOMOVIL,2,0,0,0,0,0,0,0,0,0,0,0,0,2,-1,NO IDENTIFICADO,NO IDENTIFICADO,CONDUCTOR AUSENTE,NO,NO,2
29027,117561,117562,2022,1,0,-0.261533,-78.544355,PICHINCHA,QUITO,QUITO,URBANA,2022-01-02,13:10:00,13,DOMINGO,7,ENERO,1,SI,NO CEDER EL DERECHO DE VIA O PREFERENCIA DE PASO A VEHICULOS.,CHOQUE LATERAL,MOTOCICLETA,1,0,0,0,0,0,0,0,1,0,0,0,0,2,44,HOMBRE,LESIONADO,CONDUCTOR PRESENTE,NO,NO,1
29028,117564,117565,2022,2,0,-0.237474,-78.484642,PICHINCHA,QUITO,QUITO,URBANA,2022-01-02,14:45:00,14,DOMINGO,7,ENERO,1,SI,NO TRANSITAR POR LAS ACERAS O ZONAS DE SEGURIDAD DESTINADAS PARA EL EFECTO.,ATROPELLOS,MOTOCICLETA,0,0,0,0,0,0,0,0,1,0,0,0,0,1,59,HOMBRE,LESIONADO,PEATON,NO,NO,1
29029,117578,117579,2022,0,0,-0.309753,-78.552531,PICHINCHA,QUITO,QUITO,URBANA,2022-01-02,20:15:00,20,DOMINGO,7,ENERO,1,SI,"CONDUCE BAJO LA INFLUENCIA DE ALCOHOL, SUSTANCIAS ESTUPEFACIENTES O PSICOTROPICAS Y/O MEDICAMENTOS.",ESTRELLAMIENTOS,AUTOMOVIL,2,0,0,0,1,0,0,0,0,0,0,0,0,3,40,HOMBRE,ILESO,CONDUCTOR PRESENTE,NO,NO,1
29030,117580,117581,2022,1,0,-0.107535,-78.447011,PICHINCHA,QUITO,CALDERON (CARAPUNGO),RURAL,2022-01-02,20:30:00,20,DOMINGO,7,ENERO,1,SI,NO CEDER EL DERECHO DE VIA O PREFERENCIA DE PASO A VEHICULOS.,CHOQUE LATERAL,CAMION,0,1,0,1,0,0,0,0,0,0,0,0,0,2,30,MUJER,LESIONADO,CONDUCTOR PRESENTE,SI,NO,3
29031,117584,117585,2022,0,0,-0.265771,-78.556259,PICHINCHA,QUITO,QUITO,URBANA,2022-01-02,22:28:00,22,DOMINGO,7,ENERO,1,SI,CONDUCIR VEHICULO SUPERANDO LOS LIMITES MAXIMOS DE VELOCIDAD.,ESTRELLAMIENTOS,CAMIONETA,0,0,0,0,1,0,0,0,0,0,0,0,0,1,-1,NO IDENTIFICADO,NO IDENTIFICADO,CONDUCTOR AUSENTE,NO,NO,2
29032,117592,117593,2022,0,0,-0.090945,-78.476083,PICHINCHA,QUITO,QUITO,URBANA,2022-01-03,01:00:00,1,LUNES,1,ENERO,1,NO,NO CEDER EL DERECHO DE VIA O PREFERENCIA DE PASO A VEHICULOS.,CHOQUE LATERAL,AUTOMOVIL,2,0,0,0,0,0,0,0,0,0,0,0,0,2,43,HOMBRE,ILESO,CONDUCTOR PRESENTE,NO,NO,1
29033,117595,117596,2022,0,0,-0.024511,-78.261895,PICHINCHA,CAYAMBE,OTON,RURAL,2022-01-03,05:50:00,5,LUNES,1,ENERO,1,NO,"CONDUCIR DESATENTO A LAS CONDICIONES DE TRANSITO (CELULAR, PANTALLAS DE VIDEO, COMIDA, MAQUILLAJE O CUALQUIER OTRO ELEMENTO DISTRACTOR).",CHOQUE POSTERIOR,CAMION,0,0,0,2,0,0,0,0,0,0,0,0,0,2,51,HOMBRE,ILESO,CONDUCTOR PRESENTE,NO,SI,3
29034,117596,117597,2022,0,1,-0.245278,-78.498167,PICHINCHA,QUITO,QUITO,URBANA,2022-01-03,06:10:00,6,LUNES,1,ENERO,1,NO,CONDUCIR VEHICULO SUPERANDO LOS LIMITES MAXIMOS DE VELOCIDAD.,ESTRELLAMIENTOS,MOTOCICLETA,0,0,0,0,0,0,0,0,1,0,0,0,0,1,31,HOMBRE,FALLECIDO,PASAJERO,NO,NO,1
29035,117616,117617,2022,2,0,-0.099083,-78.421844,PICHINCHA,QUITO,CALDERON (CARAPUNGO),RURAL,2022-01-03,13:32:00,13,LUNES,1,ENERO,1,NO,PEATON QUE CRUZA LA CALZADA SIN RESPETAR LA SENIALIZACION EXISTENTE (SEMAFOROS O SENIALES MANUALES).,ATROPELLOS,MOTOCICLETA,0,0,0,0,0,0,0,0,1,0,0,0,0,1,8,MUJER,LESIONADO,PASAJERO,SI,NO,3
29036,117624,117625,2022,1,0,-0.301001,-78.556479,PICHINCHA,QUITO,QUITO,URBANA,2022-01-03,14:50:00,14,LUNES,1,ENERO,1,NO,NO TRANSITAR POR LAS ACERAS O ZONAS DE SEGURIDAD DESTINADAS PARA EL EFECTO.,ATROPELLOS,CAMION,0,0,0,1,0,0,0,0,0,0,0,0,0,1,32,MUJER,LESIONADO,PEATON,NO,NO,1
29037,117635,117636,2022,1,0,-0.178631,-78.488176,PICHINCHA,QUITO,QUITO,URBANA,2022-01-03,17:05:00,17,LUNES,1,ENERO,1,NO,NO CEDER EL DERECHO DE VIA O PREFERENCIA DE PASO A VEHICULOS.,CHOQUE LATERAL,AUTOMOVIL,1,0,0,0,0,0,0,0,1,0,0,0,0,2,29,HOMBRE,LESIONADO,CONDUCTOR PRESENTE,NO,NO,1
29038,117637,117638,2022,2,0,-0.328479,-78.522294,PICHINCHA,QUITO,QUITO,URBANA,2022-01-03,17:50:00,17,LUNES,1,ENERO,1,NO,"CONDUCE BAJO LA INFLUENCIA DE ALCOHOL, SUSTANCIAS ESTUPEFACIENTES O PSICOTROPICAS Y/O MEDICAMENTOS.",COLISION,CAMION,1,0,0,1,2,0,0,0,0,0,0,0,0,4,60,MUJER,LESIONADO,PASAJERO,NO,NO,1
29039,117642,117643,2022,0,0,-0.297519,-78.593978,PICHINCHA,QUITO,QUITO,URBANA,2022-01-03,18:40:00,18,LUNES,1,ENERO,1,NO,"CONDUCIR DESATENTO A LAS CONDICIONES DE TRANSITO (CELULAR, PANTALLAS DE VIDEO, COMIDA, MAQUILLAJE O CUALQUIER OTRO ELEMENTO DISTRACTOR).",OTROS,AUTOMOVIL,1,0,0,0,1,0,0,0,0,0,0,0,0,2,39,MUJER,ILESO,CONDUCTOR PRESENTE,NO,NO,1
29040,117649,117650,2022,0,0,-0.105373,-78.462381,PICHINCHA,QUITO,QUITO,URBANA,2022-01-04,00:48:00,0,MARTES,2,ENERO,1,NO,NO CEDER EL DERECHO DE VIA O PREFERENCIA DE PASO A VEHICULOS.,CHOQUE LATERAL,AUTOMOVIL,2,0,0,0,0,0,0,0,0,0,0,0,0,2,22,HOMBRE,ILESO,CONDUCTOR PRESENTE,NO,NO,1
29041,117650,117651,2022,0,0,0.001753,-78.536211,PICHINCHA,QUITO,CALACALI,RURAL,2022-01-04,01:20:01,1,MARTES,2,ENERO,1,NO,"CONDUCIR DESATENTO A LAS CONDICIONES DE TRANSITO (CELULAR, PANTALLAS DE VIDEO, COMIDA, MAQUILLAJE O CUALQUIER OTRO ELEMENTO DISTRACTOR).",CHOQUE POSTERIOR,CAMION,1,0,0,1,0,0,0,0,0,0,0,0,0,2,40,HOMBRE,ILESO,CONDUCTOR PRESENTE,NO,SI,3
29042,117652,117653,2022,2,1,-0.405094,-78.546479,PICHINCHA,MEJIA,TAMBILLO (MEJIA),RURAL,2022-01-04,02:40:00,2,MARTES,2,ENERO,1,NO,"CONDUCIR DESATENTO A LAS CONDICIONES DE TRANSITO (CELULAR, PANTALLAS DE VIDEO, COMIDA, MAQUILLAJE O CUALQUIER OTRO ELEMENTO DISTRACTOR).",CHOQUE POSTERIOR,AUTOMOVIL,2,0,0,0,0,0,0,0,0,0,0,0,0,2,0,HOMBRE,FALLECIDO,PASAJERO,NO,SI,3
29043,117659,117660,2022,1,0,-0.096778,-78.418841,PICHINCHA,QUITO,CALDERON (CARAPUNGO),RURAL,2022-01-04,08:15:00,8,MARTES,2,ENERO,1,NO,NO CEDER EL DERECHO DE VIA O PREFERENCIA DE PASO AL PEATON.,ATROPELLOS,CAMION,0,0,0,1,0,0,0,0,0,0,0,0,0,1,65,HOMBRE,LESIONADO,PEATON,NO,NO,3
29044,117669,117670,2022,1,0,-0.295604,-78.561141,PICHINCHA,QUITO,QUITO,URBANA,2022-01-04,14:15:00,14,MARTES,2,ENERO,1,NO,"CONDUCIR DESATENTO A LAS CONDICIONES DE TRANSITO (CELULAR, PANTALLAS DE VIDEO, COMIDA, MAQUILLAJE O CUALQUIER OTRO ELEMENTO DISTRACTOR).",CHOQUE LATERAL,MOTOCICLETA,1,0,0,0,0,0,0,0,1,0,0,0,0,2,22,HOMBRE,LESIONADO,CONDUCTOR PRESENTE,SI,NO,1
29045,117670,117671,2022,0,0,-0.311561,-78.564954,PICHINCHA,QUITO,QUITO,URBANA,2022-01-04,14:50:00,14,MARTES,2,ENERO,1,NO,"CONDUCE BAJO LA INFLUENCIA DE ALCOHOL, SUSTANCIAS ESTUPEFACIENTES O PSICOTROPICAS Y/O MEDICAMENTOS.",CHOQUE FRONTAL,AUTOMOVIL,2,0,0,0,0,0,0,0,0,0,0,0,0,2,38,MUJER,ILESO,PASAJERO,NO,NO,1
29046,117671,117672,2022,1,0,-0.147345,-78.493129,PICHINCHA,QUITO,QUITO,URBANA,2022-01-04,14:51:00,14,MARTES,2,ENERO,1,NO,"CONDUCE BAJO LA INFLUENCIA DE ALCOHOL, SUSTANCIAS ESTUPEFACIENTES O PSICOTROPICAS Y/O MEDICAMENTOS.",CHOQUE POSTERIOR,CAMIONETA,1,0,0,0,1,0,0,0,0,0,0,0,0,2,53,HOMBRE,LESIONADO,CONDUCTOR PRESENTE,NO,NO,1
29047,117672,117673,2022,1,0,-0.153183,-78.482893,PICHINCHA,QUITO,QUITO,URBANA,2022-01-04,15:10:00,15,MARTES,2,ENERO,1,NO,PEATON QUE CRUZA LA CALZADA SIN RESPETAR LA SENIALIZACION EXISTENTE (SEMAFOROS O SENIALES MANUALES).,ATROPELLOS,AUTOMOVIL,1,0,0,0,0,0,0,0,0,0,0,0,0,1,23,HOMBRE,LESIONADO,PEATON,NO,NO,1
29048,117685,117686,2022,0,0,-0.183332,-78.506374,PICHINCHA,QUITO,QUITO,URBANA,2022-01-04,21:10:00,21,MARTES,2,ENERO,1,NO,CONDUCIR VEHICULO SUPERANDO LOS LIMITES MAXIMOS DE VELOCIDAD.,COLISION,AUTOMOVIL,2,0,0,0,1,0,0,0,0,0,0,0,0,3,24,HOMBRE,ILESO,CONDUCTOR PRESENTE,NO,NO,1
29049,117693,117694,2022,0,0,-0.099083,-78.421844,PICHINCHA,QUITO,CALDERON (CARAPUNGO),RURAL,2022-01-04,23:45:00,23,MARTES,2,ENERO,1,NO,NO MANTENER LA DISTANCIA PRUDENCIAL CON RESPECTO AL VEHICULO QUE LE ANTECEDE.,CHOQUE POSTERIOR,AUTOMOVIL,2,0,0,0,0,0,0,0,0,0,0,0,0,2,37,HOMBRE,ILESO,CONDUCTOR PRESENTE,NO,NO,3
29050,117706,117707,2022,1,0,-0.442694,-78.689092,PICHINCHA,MEJIA,ALOAG,RURAL,2022-01-05,10:00:00,10,MIERCOLES,3,ENERO,1,NO,"CONDUCIR DESATENTO A LAS CONDICIONES DE TRANSITO (CELULAR, PANTALLAS DE VIDEO, COMIDA, MAQUILLAJE O CUALQUIER OTRO ELEMENTO DISTRACTOR).",PERDIDA DE PISTA,MOTOCICLETA,0,0,0,0,0,0,0,0,1,0,0,0,0,1,29,HOMBRE,LESIONADO,CONDUCTOR PRESENTE,NO,NO,3
29051,117722,117723,2022,0,0,-0.128693,-78.471214,PICHINCHA,QUITO,QUITO,URBANA,2022-01-05,16:50:00,16,MIERCOLES,3,ENERO,1,NO,CONDUCIR VEHICULO SUPERANDO LOS LIMITES MAXIMOS DE VELOCIDAD.,COLISION,AUTOMOVIL,1,0,1,0,0,0,0,1,0,0,0,0,0,3,58,HOMBRE,ILESO,CONDUCTOR PRESENTE,NO,NO,1
29052,117730,117731,2022,0,0,-0.280254,-78.541169,PICHINCHA,QUITO,QUITO,URBANA,2022-01-05,19:50:00,19,MIERCOLES,3,ENERO,1,NO,NO TRANSITAR POR LAS ACERAS O ZONAS DE SEGURIDAD DESTINADAS PARA EL EFECTO.,ATROPELLOS,AUTOMOVIL,1,0,0,0,0,0,0,0,0,0,0,0,0,1,33,HOMBRE,ILESO,PEATON,NO,NO,1
29053,117732,117733,2022,2,0,-0.328479,-78.522294,PICHINCHA,QUITO,QUITO,URBANA,2022-01-05,20:40:00,20,MIERCOLES,3,ENERO,1,NO,"CONDICIONES AMBIENTALES Y/O ATMOSFERICAS (NIEBLA, NEBLINA, GRANIZO, LLUVIA).",CHOQUE LATERAL,CAMION,0,0,0,1,0,0,0,1,0,0,0,0,0,2,25,HOMBRE,LESIONADO,PASAJERO,NO,NO,1
29054,117737,117738,2022,0,0,-0.193327,-78.476315,PICHINCHA,QUITO,QUITO,URBANA,2022-01-05,22:20:00,22,MIERCOLES,3,ENERO,1,NO,"CONDUCE BAJO LA INFLUENCIA DE ALCOHOL, SUSTANCIAS ESTUPEFACIENTES O PSICOTROPICAS Y/O MEDICAMENTOS.",CHOQUE POSTERIOR,AUTOMOVIL,2,0,0,0,0,0,0,0,0,0,0,0,0,2,32,HOMBRE,ILESO,CONDUCTOR PRESENTE,NO,NO,1
29055,117742,117743,2022,0,0,-0.227231,-78.493568,PICHINCHA,QUITO,QUITO,URBANA,2022-01-06,03:15:00,3,JUEVES,4,ENERO,1,NO,"FALLA MECANICA EN LOS SISTEMAS Y/O NEUMATICOS (SISTEMA DE FRENOS, DIRECCION, ELECTRONICO O MECANICO).",ESTRELLAMIENTOS,AUTOMOVIL,1,0,0,0,0,0,0,0,0,0,0,0,0,1,35,MUJER,ILESO,CONDUCTOR PRESENTE,NO,NO,1