,Unnamed: 0,ID,ANIO,LESIONADOS,FALLECIDOS,LATITUD_Y,LONGITUD_X,PROVINCIA,CANTON,PARROQUIA,ZONA,FECHA,HORA,PERIODO_2,DIA_1,DIA_2,MES_1,MES_2,FERIADO,CAUSA_PROBABLE,TIPO_DE_SINIESTRO,TIPO_DE_VEHICULO_1,AUTOMOVIL,BICICLETA,BUS,CAMION,CAMIONETA,EMERGENCIAS,ESPECIAL,FURGONETA,MOTOCICLETA,NO_IDENTIFICADO,SCOOTER_ELECTRICO,TRICIMOTO,VEHICULO_DEPORTIVO_UTILITARIO,SUMA_DE_VEHICULOS,EDAD_1,SEXO_1,CONDICION_1,PARTICIPANTE_1,CASCO_1,CINTURON_1,KMeans_Cluster
29056,117749,117750,2022,1,0,-0.123107,-78.493944,PICHINCHA,QUITO,QUITO,URBANA,2022-01-06,07:25:00,7,JUEVES,4,ENERO,1,NO,REALIZAR CAMBIO BRUSCO O INDEBIDO DE CARRIL.,CHOQUE LATERAL,MOTOCICLETA,1,0,0,0,0,0,0,0,1,0,0,0,0,2,40,HOMBRE,LESIONADO,CONDUCTOR PRESENTE,NO,NO,1
29057,117750,117751,2022,2,0,-0.094218,-78.481195,PICHINCHA,QUITO,QUITO,URBANA,2022-01-06,07:45:00,7,JUEVES,4,ENERO,1,NO,"FALLA MECANICA EN LOS SISTEMAS Y/O NEUMATICOS (SISTEMA DE FRENOS, DIRECCION, ELECTRONICO O MECANICO).",COLISION,AUTOMOVIL,5,0,0,0,0,0,0,0,0,0,0,0,0,5,32,MUJER,LESIONADO,PASAJERO,NO,NO,1
29058,117756,117757,2022,0,0,-0.256733,-78.542807,PICHINCHA,QUITO,QUITO,URBANA,2022-01-06,09:10:00,9,JUEVES,4,ENERO,1,NO,"NO RESPETAR LAS SENIALES REGLAMENTARIAS DE TRANSITO. (PARE, CEDA EL PASO, LUZ ROJA DEL SEMAFORO, ETC).",CHOQUE LATERAL,MOTOCICLETA,0,0,1,0,0,0,0,0,1,0,0,0,0,2,40,HOMBRE,ILESO,CONDUCTOR PRESENTE,NO,NO,1
29059,117769,117770,2022,0,0,-0.051591,-78.311419,PICHINCHA,QUITO,GUAYLLABAMBA,RURAL,2022-01-06,16:30:00,16,JUEVES,4,ENERO,1,NO,"CONDUCIR DESATENTO A LAS CONDICIONES DE TRANSITO (CELULAR, PANTALLAS DE VIDEO, COMIDA, MAQUILLAJE O CUALQUIER OTRO ELEMENTO DISTRACTOR).",CHOQUE FRONTAL,CAMIONETA,0,0,0,1,1,0,0,0,0,0,0,0,0,2,54,HOMBRE,ILESO,CONDUCTOR PRESENTE,NO,SI,3
29060,117770,117771,2022,2,0,-0.318256,-78.557591,PICHINCHA,QUITO,QUITO,URBANA,2022-01-06,16:30:00,16,JUEVES,4,ENERO,1,NO,NO CEDER EL DERECHO DE VIA O PREFERENCIA DE PASO AL PEATON.,ATROPELLOS,MOTOCICLETA,0,0,0,0,0,0,0,0,1,0,0,0,0,1,49,MUJER,LESIONADO,PEATON,NO,NO,1
29061,117772,117773,2022,2,0,-0.196869,-78.466344,PICHINCHA,QUITO,QUITO,RURAL,2022-01-06,17:20:00,17,JUEVES,4,ENERO,1,NO,"ADELANTAR O REBASAR A OTRO VEHICULO EN MOVIMIENTO EN ZONAS O SITIOS PELIGROSOS TALES COMO: CURVAS, PUENTES, TUNELES, PENDIENTES, ETC.",VOLCAMIENTOS,MOTOCICLETA,0,0,0,0,0,0,0,0,1,0,0,0,0,1,28,MUJER,LESIONADO,PASAJERO,NO,NO,3
29062,117781,117782,2022,1,0,-0.272579,-78.521861,PICHINCHA,QUITO,QUITO,URBANA,2022-01-06,22:00:00,22,JUEVES,4,ENERO,1,NO,"CONDUCE BAJO LA INFLUENCIA DE ALCOHOL, SUSTANCIAS ESTUPEFACIENTES O PSICOTROPICAS Y/O MEDICAMENTOS.",ATROPELLOS,AUTOMOVIL,1,0,0,0,0,0,0,0,0,0,0,0,0,1,48,HOMBRE,LESIONADO,PEATON,NO,NO,1
29063,117786,117787,2022,0,0,-0.065942,-78.416251,PICHINCHA,QUITO,CALDERON (CARAPUNGO),RURAL,2022-01-07,03:20:00,3,VIERNES,5,ENERO,1,NO,"CONDUCIR EN ESTADO DE SOMNOLENCIA O MALAS CONDICIONES FISICAS (SUENIO, CANSANCIO Y FATIGA).",ESTRELLAMIENTOS,CAMIONETA,0,0,0,0,1,0,0,0,0,0,0,0,0,1,26,HOMBRE,ILESO,CONDUCTOR PRESENTE,NO,NO,3
29064,117791,117792,2022,2,0,-0.189085,-78.511758,PICHINCHA,QUITO,QUITO,URBANA,2022-01-07,07:25:00,7,VIERNES,5,ENERO,1,NO,"PEATON TRANSITA BAJO INFLUENCIA DE ALCOHOL, SUSTANCIAS ESTUPEFACIENTES O PSICOTROPICAS Y/O MEDICAMENTOS.",ATROPELLOS,MOTOCICLETA,0,0,0,0,0,0,0,0,1,0,0,0,0,1,49,HOMBRE,LESIONADO,PEATON,NO,NO,1
29065,117793,117794,2022,0,0,-0.104923,-78.493287,PICHINCHA,QUITO,QUITO,URBANA,2022-01-07,08:20:00,8,VIERNES,5,ENERO,1,NO,"CONDUCE BAJO LA INFLUENCIA DE ALCOHOL, SUSTANCIAS ESTUPEFACIENTES O PSICOTROPICAS Y/O MEDICAMENTOS.",ESTRELLAMIENTOS,AUTOMOVIL,2,0,0,0,0,0,0,0,0,0,0,0,0,2,35,HOMBRE,ILESO,CONDUCTOR PRESENTE,NO,NO,1
29066,117801,117802,2022,1,0,-0.274321,-78.544261,PICHINCHA,QUITO,QUITO,URBANA,2022-01-07,10:45:00,10,VIERNES,5,ENERO,1,NO,REALIZAR CAMBIO BRUSCO O INDEBIDO DE CARRIL.,CHOQUE LATERAL,MOTOCICLETA,1,0,0,0,0,0,0,0,1,0,0,0,0,2,29,MUJER,LESIONADO,CONDUCTOR PRESENTE,NO,NO,1
29067,117811,117812,2022,1,0,-0.205321,-78.483767,PICHINCHA,QUITO,QUITO,URBANA,2022-01-07,17:20:00,17,VIERNES,5,ENERO,1,NO,REALIZAR CAMBIO BRUSCO O INDEBIDO DE CARRIL.,CHOQUE LATERAL,FURGONETA,0,0,0,0,0,0,0,1,1,0,0,0,0,2,27,HOMBRE,LESIONADO,CONDUCTOR PRESENTE,NO,NO,1
29068,117813,117814,2022,1,0,-0.233058,-78.524151,PICHINCHA,QUITO,QUITO,URBANA,2022-01-07,17:30:00,17,VIERNES,5,ENERO,1,NO,NO TRANSITAR POR LAS ACERAS O ZONAS DE SEGURIDAD DESTINADAS PARA EL EFECTO.,ATROPELLOS,AUTOMOVIL,1,0,0,0,0,0,0,0,0,0,0,0,0,1,10,HOMBRE,LESIONADO,PEATON,NO,NO,1
29069,117819,117820,2022,2,0,-0.207958,-78.490206,PICHINCHA,QUITO,QUITO,URBANA,2022-01-07,19:50:00,19,VIERNES,5,ENERO,1,NO,"CONDICIONES AMBIENTALES Y/O ATMOSFERICAS (NIEBLA, NEBLINA, GRANIZO, LLUVIA).",COLISION,AUTOMOVIL,2,0,1,0,0,0,0,0,0,0,0,0,0,3,24,HOMBRE,LESIONADO,CONDUCTOR PRESENTE,NO,NO,1
29070,117822,117823,2022,0,0,-0.244435,-78.482091,PICHINCHA,QUITO,QUITO,RURAL,2022-01-07,20:30:00,20,VIERNES,5,ENERO,1,NO,"CONDUCE BAJO LA INFLUENCIA DE ALCOHOL, SUSTANCIAS ESTUPEFACIENTES O PSICOTROPICAS Y/O MEDICAMENTOS.",CHOQUE POSTERIOR,AUTOMOVIL,2,0,0,0,0,0,0,0,0,0,0,0,0,2,27,HOMBRE,ILESO,CONDUCTOR PRESENTE,NO,NO,3
29071,117826,117827,2022,1,0,-0.254686,-78.504316,PICHINCHA,QUITO,QUITO,URBANA,2022-01-07,21:43:00,21,VIERNES,5,ENERO,1,NO,"CONDUCE BAJO LA INFLUENCIA DE ALCOHOL, SUSTANCIAS ESTUPEFACIENTES O PSICOTROPICAS Y/O MEDICAMENTOS.",OTROS,AUTOMOVIL,2,0,0,0,0,0,0,0,0,0,0,0,0,2,51,HOMBRE,LESIONADO,PEATON,NO,NO,1
29072,117827,117828,2022,0,0,-0.244519,-78.518634,PICHINCHA,QUITO,QUITO,URBANA,2022-01-07,22:00:00,22,VIERNES,5,ENERO,1,NO,CONDUCIR VEHICULO SUPERANDO LOS LIMITES MAXIMOS DE VELOCIDAD.,OTROS,CAMIONETA,0,0,0,0,1,0,0,0,0,0,0,0,0,1,-1,NO IDENTIFICADO,NO IDENTIFICADO,CONDUCTOR AUSENTE,NO,NO,2
29073,117830,117831,2022,0,0,-0.105583,-78.499743,PICHINCHA,QUITO,QUITO,URBANA,2022-01-07,22:30:00,22,VIERNES,5,ENERO,1,NO,"FALLA MECANICA EN LOS SISTEMAS Y/O NEUMATICOS (SISTEMA DE FRENOS, DIRECCION, ELECTRONICO O MECANICO).",COLISION,AUTOMOVIL,2,0,0,0,1,0,0,0,0,0,0,0,0,3,41,MUJER,ILESO,CONDUCTOR PRESENTE,NO,NO,1
29074,117832,117833,2022,1,0,-0.323869,-78.550108,PICHINCHA,QUITO,QUITO,URBANA,2022-01-07,23:15:00,23,VIERNES,5,ENERO,1,NO,CONDUCIR VEHICULO SUPERANDO LOS LIMITES MAXIMOS DE VELOCIDAD.,CHOQUE LATERAL,AUTOMOVIL,2,0,0,0,0,0,0,0,0,0,0,0,0,2,29,MUJER,LESIONADO,PASAJERO,NO,NO,1
29075,117836,117837,2022,0,0,-0.099083,-78.421844,PICHINCHA,QUITO,CALDERON (CARAPUNGO),RURAL,2022-01-08,00:40:00,0,SABADO,6,ENERO,1,NO,"CONDUCIR DESATENTO A LAS CONDICIONES DE TRANSITO (CELULAR, PANTALLAS DE VIDEO, COMIDA, MAQUILLAJE O CUALQUIER OTRO ELEMENTO DISTRACTOR).",CHOQUE LATERAL,AUTOMOVIL,2,0,0,0,0,0,0,0,0,0,0,0,0,2,-1,NO IDENTIFICADO,NO IDENTIFICADO,CONDUCTOR AUSENTE,NO,NO,2
29076,117837,117838,2022,0,0,-0.249745,-78.530782,PICHINCHA,QUITO,QUITO,URBANA,2022-01-08,00:40:00,0,SABADO,6,ENERO,1,NO,CONDUCIR VEHICULO SUPERANDO LOS LIMITES MAXIMOS DE VELOCIDAD.,ESTRELLAMIENTOS,AUTOMOVIL,1,0,0,0,0,0,0,0,0,0,0,0,0,1,-1,NO IDENTIFICADO,NO IDENTIFICADO,CONDUCTOR AUSENTE,NO,NO,2
29077,117842,117843,2022,0,1,-0.209101,-78.365448,PICHINCHA,QUITO,PUEMBO,RURAL,2022-01-08,04:40:00,4,SABADO,6,ENERO,1,NO,NO TRANSITAR POR LAS ACERAS O ZONAS DE SEGURIDAD DESTINADAS PARA EL EFECTO.,ARROLLAMIENTOS,NO IDENTIFICADO,0,0,0,0,0,0,0,0,0,1,0,0,0,1,-1,HOMBRE,FALLECIDO,PEATON,NO,NO,3
29078,117843,117844,2022,0,0,-0.154453,-78.477363,PICHINCHA,QUITO,QUITO,URBANA,2022-01-08,04:45:00,4,SABADO,6,ENERO,1,NO,"CONDUCIR EN ESTADO DE SOMNOLENCIA O MALAS CONDICIONES FISICAS (SUENIO, CANSANCIO Y FATIGA).",ESTRELLAMIENTOS,AUTOMOVIL,1,0,0,0,0,0,0,0,0,0,0,0,0,1,29,HOMBRE,ILESO,CONDUCTOR PRESENTE,NO,NO,1
29079,117846,117847,2022,0,0,-0.313761,-78.566888,PICHINCHA,QUITO,QUITO,URBANA,2022-01-08,06:20:00,6,SABADO,6,ENERO,1,NO,"CONDUCE BAJO LA INFLUENCIA DE ALCOHOL, SUSTANCIAS ESTUPEFACIENTES O PSICOTROPICAS Y/O MEDICAMENTOS.",ESTRELLAMIENTOS,AUTOMOVIL,1,0,0,0,0,0,0,0,0,0,0,0,0,1,23,HOMBRE,ILESO,CONDUCTOR PRESENTE,NO,NO,1
29080,117847,117848,2022,0,0,-0.107743,-78.417184,PICHINCHA,QUITO,CALDERON (CARAPUNGO),RURAL,2022-01-08,06:50:00,6,SABADO,6,ENERO,1,NO,CONDUCIR VEHICULO SUPERANDO LOS LIMITES MAXIMOS DE VELOCIDAD.,ESTRELLAMIENTOS,CAMION,0,0,0,1,0,0,0,0,0,0,0,0,0,1,-1,NO IDENTIFICADO,NO IDENTIFICADO,CONDUCTOR AUSENTE,NO,NO,2
29081,117851,117852,2022,0,1,-0.091585,-78.439052,PICHINCHA,QUITO,CALDERON (CARAPUNGO),RURAL,2022-01-08,08:55:00,8,SABADO,6,ENERO,1,NO,NO TRANSITAR POR LAS ACERAS O ZONAS DE SEGURIDAD DESTINADAS PARA EL EFECTO.,ATROPELLOS,AUTOMOVIL,1,0,0,0,0,0,0,0,0,0,0,0,0,1,80,HOMBRE,FALLECIDO,PEATON,NO,NO,3
29082,117852,117853,2022,1,0,-0.376779,-78.552404,PICHINCHA,MEJIA,CUTUGLAHUA,RURAL,2022-01-08,09:00:00,9,SABADO,6,ENERO,1,NO,"CONDUCIR DESATENTO A LAS CONDICIONES DE TRANSITO (CELULAR, PANTALLAS DE VIDEO, COMIDA, MAQUILLAJE O CUALQUIER OTRO ELEMENTO DISTRACTOR).",CHOQUE LATERAL,CAMION,0,0,0,1,0,0,0,0,1,0,0,0,0,2,25,HOMBRE,LESIONADO,CONDUCTOR PRESENTE,NO,SI,3
29083,117856,117857,2022,0,0,-0.098925,-78.517966,PICHINCHA,QUITO,QUITO,URBANA,2022-01-08,10:15:00,10,SABADO,6,ENERO,1,NO,CONDUCIR VEHICULO SUPERANDO LOS LIMITES MAXIMOS DE VELOCIDAD.,ESTRELLAMIENTOS,CAMIONETA,0,0,0,0,1,0,0,0,0,0,0,0,0,1,-1,NO IDENTIFICADO,NO IDENTIFICADO,CONDUCTOR AUSENTE,NO,NO,2
29084,117859,117860,2022,3,0,-0.314281,-78.951089,PICHINCHA,MEJIA,MANUEL CORNEJO ASTORGA,RURAL,2022-01-08,10:54:00,10,SABADO,6,ENERO,1,NO,CONDUCIR EN SENTIDO CONTRARIO A LA VIA NORMAL DE CIRCULACION.,CHOQUE FRONTAL,CAMIONETA,0,0,0,0,2,0,0,0,0,0,0,0,0,2,-1,NO IDENTIFICADO,LESIONADO,PASAJERO,NO,NO,3
29085,117862,117863,2022,0,0,-0.094109,-78.463638,PICHINCHA,QUITO,QUITO,URBANA,2022-01-08,12:50:00,12,SABADO,6,ENERO,1,NO,NO GUARDAR LA DISTANCIA LATERAL MINIMA DE SEGURIDAD ENTRE VEHICULOS.,ROZAMIENTOS,AUTOMOVIL,2,0,0,0,0,0,0,0,0,0,0,0,0,2,36,MUJER,ILESO,CONDUCTOR PRESENTE,NO,NO,1
29086,117872,117873,2022,1,0,-0.250993,-78.519424,PICHINCHA,QUITO,QUITO,URBANA,2022-01-08,16:16:00,16,SABADO,6,ENERO,1,NO,NO TRANSITAR POR LAS ACERAS O ZONAS DE SEGURIDAD DESTINADAS PARA EL EFECTO.,ATROPELLOS,AUTOMOVIL,1,0,0,0,0,0,0,0,0,0,0,0,0,1,4,MUJER,LESIONADO,PEATON,NO,NO,1
29087,117889,117890,2022,2,0,-0.204802,-78.376946,PICHINCHA,QUITO,TUMBACO,RURAL,2022-01-08,20:35:00,20,SABADO,6,ENERO,1,NO,"CONDUCE BAJO LA INFLUENCIA DE ALCOHOL, SUSTANCIAS ESTUPEFACIENTES O PSICOTROPICAS Y/O MEDICAMENTOS.",OTROS,CAMIONETA,0,0,0,0,1,0,0,0,0,0,0,0,0,1,35,HOMBRE,LESIONADO,PEATON,NO,NO,3
29088,117894,117895,2022,0,1,-0.227324,-78.450086,PICHINCHA,QUITO,CUMBAYA,RURAL,2022-01-08,21:50:00,21,SABADO,6,ENERO,1,NO,CONDUCIR VEHICULO SUPERANDO LOS LIMITES MAXIMOS DE VELOCIDAD.,OTROS,MOTOCICLETA,0,0,0,0,0,0,0,0,1,0,0,0,0,1,29,HOMBRE,FALLECIDO,CONDUCTOR PRESENTE,NO,NO,3
29089,117902,117903,2022,0,0,-0.217218,-78.464477,PICHINCHA,QUITO,QUITO,RURAL,2022-01-08,23:42:00,23,SABADO,6,ENERO,1,NO,"CONDUCE BAJO LA INFLUENCIA DE ALCOHOL, SUSTANCIAS ESTUPEFACIENTES O PSICOTROPICAS Y/O MEDICAMENTOS.",CHOQUE POSTERIOR,AUTOMOVIL,1,0,0,0,1,0,0,0,0,0,0,0,0,2,18,HOMBRE,ILESO,CONDUCTOR PRESENTE,NO,NO,3
29090,117906,117907,2022,0,0,-0.162212,-78.498049,PICHINCHA,QUITO,QUITO,URBANA,2022-01-09,00:20:00,0,DOMINGO,7,ENERO,1,NO,"FALLA MECANICA EN LOS SISTEMAS Y/O NEUMATICOS (SISTEMA DE FRENOS, DIRECCION, ELECTRONICO O MECANICO).",ESTRELLAMIENTOS,AUTOMOVIL,1,0,0,0,0,0,0,0,0,0,0,0,0,1,42,MUJER,ILESO,CONDUCTOR PRESENTE,NO,NO,1
29091,117911,117912,2022,0,0,-0.502194,-78.564856,PICHINCHA,MEJIA,MACHACHI,URBANA,2022-01-09,01:40:00,1,DOMINGO,7,ENERO,1,NO,"CONDUCE BAJO LA INFLUENCIA DE ALCOHOL, SUSTANCIAS ESTUPEFACIENTES O PSICOTROPICAS Y/O MEDICAMENTOS.",CHOQUE LATERAL,CAMIONETA,1,0,0,0,1,0,0,0,0,0,0,0,0,2,24,HOMBRE,ILESO,CONDUCTOR PRESENTE,NO,SI,1
29092,117916,117917,2022,0,0,-0.255918,-78.540641,PICHINCHA,QUITO,QUITO,URBANA,2022-01-09,02:00:00,2,DOMINGO,7,ENERO,1,NO,CONDUCIR VEHICULO SUPERANDO LOS LIMITES MAXIMOS DE VELOCIDAD.,OTROS,MOTOCICLETA,0,0,0,0,0,0,0,0,1,0,0,0,0,1,24,HOMBRE,ILESO,PASAJERO,NO,NO,1
29093,117918,117919,2022,1,0,-0.127286,-78.498455,PICHINCHA,QUITO,QUITO,URBANA,2022-01-09,02:10:00,2,DOMINGO,7,ENERO,1,NO,"CONDUCIR EN ESTADO DE SOMNOLENCIA O MALAS CONDICIONES FISICAS (SUENIO, CANSANCIO Y FATIGA).",ESTRELLAMIENTOS,CAMIONETA,0,0,0,0,1,0,0,0,0,0,0,0,0,1,35,HOMBRE,LESIONADO,CONDUCTOR PRESENTE,NO,NO,1
29094,117922,117923,2022,0,0,-0.254376,-78.522185,PICHINCHA,QUITO,QUITO,URBANA,2022-01-09,03:30:00,3,DOMINGO,7,ENERO,1,NO,"CONDUCE BAJO LA INFLUENCIA DE ALCOHOL, SUSTANCIAS ESTUPEFACIENTES O PSICOTROPICAS Y/O MEDICAMENTOS.",CHOQUE POSTERIOR,AUTOMOVIL,2,0,0,0,0,0,0,0,0,0,0,0,0,2,51,HOMBRE,ILESO,CONDUCTOR PRESENTE,NO,NO,1
29095,117926,117927,2022,1,0,-0.196797,-78.435922,PICHINCHA,QUITO,CUMBAYA,RURAL,2022-01-09,05:03:00,5,DOMINGO,7,ENERO,1,NO,CONDUCIR VEHICULO SUPERANDO LOS LIMITES MAXIMOS DE VELOCIDAD.,ESTRELLAMIENTOS,AUTOMOVIL,1,0,0,0,0,0,0,0,0,0,0,0,0,1,42,HOMBRE,LESIONADO,PASAJERO,NO,NO,3
29096,117934,117935,2022,1,0,-0.264906,-78.564898,PICHINCHA,QUITO,QUITO,URBANA,2022-01-09,07:24:00,7,DOMINGO,7,ENERO,1,NO,"ADELANTAR O REBASAR A OTRO VEHICULO EN MOVIMIENTO EN ZONAS O SITIOS PELIGROSOS TALES COMO: CURVAS, PUENTES, TUNELES, PENDIENTES, ETC.",CHOQUE LATERAL,MOTOCICLETA,1,0,0,0,0,0,0,0,1,0,0,0,0,2,48,HOMBRE,LESIONADO,CONDUCTOR PRESENTE,NO,NO,1
29097,117944,117945,2022,0,0,-0.094889,-78.477529,PICHINCHA,QUITO,QUITO,URBANA,2022-01-09,13:30:00,13,DOMINGO,7,ENERO,1,NO,NO CEDER EL DERECHO DE VIA O PREFERENCIA DE PASO A VEHICULOS.,CHOQUE LATERAL,AUTOMOVIL,2,0,0,0,0,0,0,0,0,0,0,0,0,2,50,MUJER,ILESO,PASAJERO,NO,NO,1
29098,117950,117951,2022,1,0,-0.269397,-78.547278,PICHINCHA,QUITO,QUITO,URBANA,2022-01-09,15:00:00,15,DOMINGO,7,ENERO,1,NO,CONDUCIR VEHICULO SUPERANDO LOS LIMITES MAXIMOS DE VELOCIDAD.,CHOQUE LATERAL,AUTOMOVIL,1,0,0,0,0,0,0,0,1,0,0,0,0,2,30,MUJER,LESIONADO,CONDUCTOR PRESENTE,NO,NO,1
29099,117957,117958,2022,1,0,-0.297762,-78.550301,PICHINCHA,QUITO,QUITO,URBANA,2022-01-09,17:00:00,17,DOMINGO,7,ENERO,1,NO,NO TRANSITAR POR LAS ACERAS O ZONAS DE SEGURIDAD DESTINADAS PARA EL EFECTO.,ATROPELLOS,AUTOMOVIL,1,0,0,0,0,0,0,0,0,0,0,0,0,1,54,HOMBRE,LESIONADO,PEATON,NO,NO,1
29100,117975,117976,2022,0,0,-0.315483,-78.553533,PICHINCHA,QUITO,QUITO,URBANA,2022-01-09,21:00:00,21,DOMINGO,7,ENERO,1,NO,CONDUCIR VEHICULO SUPERANDO LOS LIMITES MAXIMOS DE VELOCIDAD.,ESTRELLAMIENTOS,CAMIONETA,0,0,0,0,1,0,0,0,0,0,0,0,0,1,-1,NO IDENTIFICADO,NO IDENTIFICADO,CONDUCTOR AUSENTE,NO,NO,2
29101,117981,117982,2022,1,0,-0.291069,-78.545923,PICHINCHA,QUITO,QUITO,URBANA,2022-01-09,23:20:00,23,DOMINGO,7,ENERO,1,NO,"CONDUCE BAJO LA INFLUENCIA DE ALCOHOL, SUSTANCIAS ESTUPEFACIENTES O PSICOTROPICAS Y/O MEDICAMENTOS.",CHOQUE LATERAL,MOTOCICLETA,1,0,0,0,0,0,0,0,1,0,0,0,0,2,24,HOMBRE,LESIONADO,CONDUCTOR PRESENTE,NO,NO,1
29102,117985,117986,2022,0,0,-0.328479,-78.522294,PICHINCHA,QUITO,QUITO,URBANA,2022-01-10,02:00:00,2,LUNES,1,ENERO,1,NO,CONDUCIR VEHICULO SUPERANDO LOS LIMITES MAXIMOS DE VELOCIDAD.,CHOQUE POSTERIOR,CAMION,1,0,0,1,0,0,0,0,0,0,0,0,0,2,14,MUJER,ILESO,PASAJERO,NO,NO,1
29103,117986,117987,2022,0,0,-0.276936,-78.547061,PICHINCHA,QUITO,QUITO,URBANA,2022-01-10,04:10:00,4,LUNES,1,ENERO,1,NO,CONDUCIR VEHICULO SUPERANDO LOS LIMITES MAXIMOS DE VELOCIDAD.,ESTRELLAMIENTOS,CAMIONETA,0,0,0,0,1,0,0,0,0,0,0,0,0,1,-1,NO IDENTIFICADO,NO IDENTIFICADO,CONDUCTOR AUSENTE,NO,NO,2
29104,117989,117990,2022,1,0,-0.209369,-78.458375,PICHINCHA,QUITO,QUITO,RURAL,2022-01-10,06:45:00,6,LUNES,1,ENERO,1,NO,CONDUCIR VEHICULO SUPERANDO LOS LIMITES MAXIMOS DE VELOCIDAD.,ESTRELLAMIENTOS,FURGONETA,0,0,0,0,0,0,0,1,0,0,0,0,0,1,35,MUJER,LESIONADO,CONDUCTOR PRESENTE,NO,NO,3
29105,117999,118000,2022,1,0,-0.111611,-78.485617,PICHINCHA,QUITO,QUITO,URBANA,2022-01-10,12:00:00,12,LUNES,1,ENERO,1,NO,"NO RESPETAR LAS SENIALES REGLAMENTARIAS DE TRANSITO. (PARE, CEDA EL PASO, LUZ ROJA DEL SEMAFORO, ETC).",CHOQUE LATERAL,AUTOMOVIL,2,0,0,0,0,0,0,0,0,0,0,0,0,2,73,MUJER,LESIONADO,CONDUCTOR PRESENTE,NO,NO,1
29106,118015,118016,2022,1,0,-0.190439,-78.477904,PICHINCHA,QUITO,QUITO,URBANA,2022-01-10,18:50:00,18,LUNES,1,ENERO,1,NO,"NO RESPETAR LAS SENIALES REGLAMENTARIAS DE TRANSITO. (PARE, CEDA EL PASO, LUZ ROJA DEL SEMAFORO, ETC).",CHOQUE FRONTAL,MOTOCICLETA,1,0,0,0,0,0,0,0,1,0,0,0,0,2,27,HOMBRE,LESIONADO,CONDUCTOR PRESENTE,SI,NO,1
29107,118025,118026,2022,0,0,-0.292286,-78.534826,PICHINCHA,QUITO,QUITO,URBANA,2022-01-11,00:18:00,0,MARTES,2,ENERO,1,NO,CONDUCIR VEHICULO SUPERANDO LOS LIMITES MAXIMOS DE VELOCIDAD.,ESTRELLAMIENTOS,CAMIONETA,0,0,0,0,1,0,0,0,0,0,0,0,0,1,-1,NO IDENTIFICADO,NO IDENTIFICADO,CONDUCTOR AUSENTE,NO,NO,2
29108,118027,118028,2022,1,0,-0.328479,-78.522294,PICHINCHA,QUITO,QUITO,URBANA,2022-01-11,01:40:00,1,MARTES,2,ENERO,1,NO,CONDUCIR VEHICULO SUPERANDO LOS LIMITES MAXIMOS DE VELOCIDAD.,ESTRELLAMIENTOS,CAMION,0,0,0,1,0,0,0,0,0,0,0,0,0,1,58,HOMBRE,LESIONADO,CONDUCTOR PRESENTE,NO,NO,1
29109,118029,118030,2022,2,0,-0.174894,-78.501169,PICHINCHA,QUITO,QUITO,URBANA,2022-01-11,04:10:00,4,MARTES,2,ENERO,1,NO,CONDUCIR VEHICULO SUPERANDO LOS LIMITES MAXIMOS DE VELOCIDAD.,ESTRELLAMIENTOS,AUTOMOVIL,1,0,0,0,0,0,0,0,0,0,0,0,0,1,19,HOMBRE,LESIONADO,PASAJERO,NO,NO,1
29110,118030,118031,2022,0,1,-0.227466,-78.507356,PICHINCHA,QUITO,QUITO,URBANA,2022-01-11,05:15:00,5,MARTES,2,ENERO,1,NO,PEATON QUE CRUZA LA CALZADA SIN RESPETAR LA SENIALIZACION EXISTENTE (SEMAFOROS O SENIALES MANUALES).,ARROLLAMIENTOS,BUS,0,0,1,0,0,0,0,0,0,0,0,0,0,1,74,HOMBRE,FALLECIDO,PEATON,NO,NO,1
29111,118036,118037,2022,0,0,-0.194185,-78.492291,PICHINCHA,QUITO,QUITO,URBANA,2022-01-11,08:55:00,8,MARTES,2,ENERO,1,NO,"NO RESPETAR LAS SENIALES REGLAMENTARIAS DE TRANSITO. (PARE, CEDA EL PASO, LUZ ROJA DEL SEMAFORO, ETC).",OTROS,AUTOMOVIL,2,0,0,0,1,0,0,0,0,0,0,0,0,3,55,MUJER,ILESO,PASAJERO,NO,NO,1
29112,118041,118042,2022,0,0,-0.299272,-78.476486,PICHINCHA,QUITO,CONOCOTO,RURAL,2022-01-11,12:00:00,12,MARTES,2,ENERO,1,NO,"CONDUCE BAJO LA INFLUENCIA DE ALCOHOL, SUSTANCIAS ESTUPEFACIENTES O PSICOTROPICAS Y/O MEDICAMENTOS.",ROZAMIENTOS,CAMIONETA,0,0,0,0,2,0,0,0,0,0,0,0,0,2,37,HOMBRE,ILESO,CONDUCTOR PRESENTE,NO,NO,3
29113,118052,118053,2022,0,0,-0.308739,-78.413464,PICHINCHA,QUITO,ALANGASI,RURAL,2022-01-11,16:00:00,16,MARTES,2,ENERO,1,NO,NO GUARDAR LA DISTANCIA LATERAL MINIMA DE SEGURIDAD ENTRE VEHICULOS.,ROZAMIENTOS,CAMION,1,0,0,1,0,0,0,0,0,0,0,0,0,2,41,HOMBRE,ILESO,CONDUCTOR PRESENTE,NO,NO,3