,Unnamed: 0,ID,ANIO,LESIONADOS,FALLECIDOS,LATITUD_Y,LONGITUD_X,PROVINCIA,CANTON,PARROQUIA,ZONA,FECHA,HORA,PERIODO_2,DIA_1,DIA_2,MES_1,MES_2,FERIADO,CAUSA_PROBABLE,TIPO_DE_SINIESTRO,TIPO_DE_VEHICULO_1,AUTOMOVIL,BICICLETA,BUS,CAMION,CAMIONETA,EMERGENCIAS,ESPECIAL,FURGONETA,MOTOCICLETA,NO_IDENTIFICADO,SCOOTER_ELECTRICO,TRICIMOTO,VEHICULO_DEPORTIVO_UTILITARIO,SUMA_DE_VEHICULOS,EDAD_1,SEXO_1,CONDICION_1,PARTICIPANTE_1,CASCO_1,CINTURON_1,KMeans_Cluster
29114,118055,118056,2022,0,0,0.077122,-78.692561,PICHINCHA,QUITO,NANEGALITO,RURAL,2022-01-11,16:30:00,16,MARTES,2,ENERO,1,NO,"FALLA MECANICA EN LOS SISTEMAS Y/O NEUMATICOS (SISTEMA DE FRENOS, DIRECCION, ELECTRONICO O MECANICO).",ESTRELLAMIENTOS,CAMIONETA,0,0,0,0,1,0,0,0,0,0,0,0,0,1,36,HOMBRE,ILESO,CONDUCTOR PRESENTE,NO,NO,3
29115,118060,118061,2022,0,0,-0.216151,-78.516654,PICHINCHA,QUITO,QUITO,URBANA,2022-01-11,17:15:00,17,MARTES,2,ENERO,1,NO,REALIZAR CAMBIO BRUSCO O INDEBIDO DE CARRIL.,CHOQUE LATERAL,AUTOMOVIL,2,0,0,0,0,0,0,0,0,0,0,0,0,2,51,HOMBRE,ILESO,CONDUCTOR PRESENTE,NO,NO,1
29116,118061,118062,2022,0,0,-0.291871,-78.558463,PICHINCHA,QUITO,QUITO,URBANA,2022-01-11,17:20:00,17,MARTES,2,ENERO,1,NO,"CONDUCE BAJO LA INFLUENCIA DE ALCOHOL, SUSTANCIAS ESTUPEFACIENTES O PSICOTROPICAS Y/O MEDICAMENTOS.",CHOQUE LATERAL,BUS,1,0,1,0,0,0,0,0,0,0,0,0,0,2,23,HOMBRE,ILESO,CONDUCTOR PRESENTE,NO,NO,1
29117,118064,118065,2022,0,0,-0.263504,-78.506361,PICHINCHA,QUITO,QUITO,URBANA,2022-01-11,18:12:00,18,MARTES,2,ENERO,1,NO,NO MANTENER LA DISTANCIA PRUDENCIAL CON RESPECTO AL VEHICULO QUE LE ANTECEDE.,CHOQUE POSTERIOR,AUTOMOVIL,2,0,0,0,0,0,0,0,0,0,0,0,0,2,29,HOMBRE,ILESO,CONDUCTOR PRESENTE,NO,NO,1
29118,118068,118069,2022,1,0,-0.214643,-78.516701,PICHINCHA,QUITO,QUITO,URBANA,2022-01-11,19:10:00,19,MARTES,2,ENERO,1,NO,REALIZAR CAMBIO BRUSCO O INDEBIDO DE CARRIL.,CHOQUE FRONTAL,MOTOCICLETA,1,0,0,0,0,0,0,0,1,0,0,0,0,2,44,HOMBRE,LESIONADO,CONDUCTOR PRESENTE,NO,NO,1
29119,118077,118078,2022,0,1,-0.100481,-78.470028,PICHINCHA,QUITO,QUITO,URBANA,2022-01-11,22:40:00,22,MARTES,2,ENERO,1,NO,PEATON QUE CRUZA LA CALZADA SIN RESPETAR LA SENIALIZACION EXISTENTE (SEMAFOROS O SENIALES MANUALES).,ATROPELLOS,NO IDENTIFICADO,0,0,0,0,0,0,0,0,0,1,0,0,0,1,28,HOMBRE,FALLECIDO,PEATON,NO,NO,1
29120,118086,118087,2022,1,0,-0.174894,-78.501169,PICHINCHA,QUITO,QUITO,URBANA,2022-01-12,07:25:00,7,MIERCOLES,3,ENERO,1,NO,NO MANTENER LA DISTANCIA PRUDENCIAL CON RESPECTO AL VEHICULO QUE LE ANTECEDE.,CHOQUE POSTERIOR,CAMIONETA,1,0,0,0,1,0,0,0,0,0,0,0,0,2,50,HOMBRE,LESIONADO,CONDUCTOR PRESENTE,NO,NO,1
29121,118091,118092,2022,2,0,-0.146272,-78.475036,PICHINCHA,QUITO,QUITO,URBANA,2022-01-12,09:00:00,9,MIERCOLES,3,ENERO,1,NO,NO CEDER EL DERECHO DE VIA O PREFERENCIA DE PASO AL PEATON.,ATROPELLOS,MOTOCICLETA,0,0,0,0,0,0,0,0,1,0,0,0,0,1,30,HOMBRE,LESIONADO,CONDUCTOR PRESENTE,NO,NO,1
29122,118099,118100,2022,1,0,-0.090158,-78.448072,PICHINCHA,QUITO,CALDERON (CARAPUNGO),RURAL,2022-01-12,13:35:00,13,MIERCOLES,3,ENERO,1,NO,CONDUCIR VEHICULO SUPERANDO LOS LIMITES MAXIMOS DE VELOCIDAD.,OTROS,CAMION,0,0,0,1,0,0,0,0,0,0,0,0,0,1,42,HOMBRE,LESIONADO,PASAJERO,NO,NO,3
29123,118110,118111,2022,1,1,-0.484463,-78.568987,PICHINCHA,MEJIA,MACHACHI,RURAL,2022-01-12,19:20:00,19,MIERCOLES,3,ENERO,1,NO,"CONDUCIR DESATENTO A LAS CONDICIONES DE TRANSITO (CELULAR, PANTALLAS DE VIDEO, COMIDA, MAQUILLAJE O CUALQUIER OTRO ELEMENTO DISTRACTOR).",PERDIDA DE CARRIL,AUTOMOVIL,2,0,0,0,0,0,0,0,0,0,0,0,0,2,25,HOMBRE,FALLECIDO,PASAJERO,NO,SI,3
29124,118112,118113,2022,1,0,-0.316256,-78.557591,PICHINCHA,QUITO,QUITO,URBANA,2022-01-12,21:00:00,21,MIERCOLES,3,ENERO,1,NO,NO CEDER EL DERECHO DE VIA O PREFERENCIA DE PASO A VEHICULOS.,OTROS,MOTOCICLETA,0,0,0,0,0,0,0,0,1,1,0,0,0,2,28,HOMBRE,LESIONADO,CONDUCTOR PRESENTE,NO,NO,1
29125,118117,118118,2022,0,0,-0.166183,-78.568514,PICHINCHA,QUITO,LLOA,URBANA,2022-01-12,23:50:00,23,MIERCOLES,3,ENERO,1,NO,"CONDUCIR EN ESTADO DE SOMNOLENCIA O MALAS CONDICIONES FISICAS (SUENIO, CANSANCIO Y FATIGA).",ESTRELLAMIENTOS,AUTOMOVIL,1,0,0,0,0,0,0,0,0,0,0,0,0,1,34,HOMBRE,ILESO,CONDUCTOR PRESENTE,NO,NO,1
29126,118121,118122,2022,0,1,-0.099083,-78.421844,PICHINCHA,QUITO,CALDERON (CARAPUNGO),RURAL,2022-01-13,05:50:00,5,JUEVES,4,ENERO,1,NO,"CONDICIONES AMBIENTALES Y/O ATMOSFERICAS (NIEBLA, NEBLINA, GRANIZO, LLUVIA).",OTROS,CAMION,0,0,0,1,0,0,0,0,1,0,0,0,0,2,21,HOMBRE,FALLECIDO,CONDUCTOR PRESENTE,NO,NO,3
29127,118123,118124,2022,0,0,-0.283634,-78.535666,PICHINCHA,QUITO,QUITO,URBANA,2022-01-13,06:10:00,6,JUEVES,4,ENERO,1,NO,"CONDICIONES AMBIENTALES Y/O ATMOSFERICAS (NIEBLA, NEBLINA, GRANIZO, LLUVIA).",OTROS,CAMION,0,0,0,1,2,0,0,0,0,0,0,0,0,3,56,HOMBRE,ILESO,CONDUCTOR PRESENTE,NO,NO,1
29128,118125,118126,2022,0,0,-0.024124,-78.266529,PICHINCHA,CAYAMBE,OTON,RURAL,2022-01-13,06:30:00,6,JUEVES,4,ENERO,1,NO,"CONDUCIR DESATENTO A LAS CONDICIONES DE TRANSITO (CELULAR, PANTALLAS DE VIDEO, COMIDA, MAQUILLAJE O CUALQUIER OTRO ELEMENTO DISTRACTOR).",PERDIDA DE CARRIL,CAMION,0,0,0,1,0,0,0,0,0,0,0,0,0,1,50,HOMBRE,ILESO,CONDUCTOR PRESENTE,NO,SI,3
29129,118129,118130,2022,2,0,-0.240868,-78.531768,PICHINCHA,QUITO,QUITO,URBANA,2022-01-13,07:45:00,7,JUEVES,4,ENERO,1,NO,NO CEDER EL DERECHO DE VIA O PREFERENCIA DE PASO A VEHICULOS.,CHOQUE LATERAL,MOTOCICLETA,0,0,1,0,0,0,0,0,1,0,0,0,0,2,12,HOMBRE,LESIONADO,PASAJERO,SI,NO,1
29130,118133,118134,2022,2,0,-0.215643,-78.489747,PICHINCHA,QUITO,QUITO,URBANA,2022-01-13,10:25:00,10,JUEVES,4,ENERO,1,NO,REALIZAR CAMBIO BRUSCO O INDEBIDO DE CARRIL.,OTROS,AUTOMOVIL,2,0,0,0,0,0,0,0,0,0,0,0,0,2,22,MUJER,LESIONADO,PEATON,NO,NO,1
29131,118137,118138,2022,2,0,-0.280444,-78.517515,PICHINCHA,QUITO,QUITO,URBANA,2022-01-13,11:20:00,11,JUEVES,4,ENERO,1,NO,NO CEDER EL DERECHO DE VIA O PREFERENCIA DE PASO AL PEATON.,ATROPELLOS,CAMIONETA,0,0,0,0,1,0,0,0,0,0,0,0,0,1,59,MUJER,LESIONADO,PEATON,NO,NO,1
29132,118152,118153,2022,0,0,-0.295395,-78.476598,PICHINCHA,QUITO,CONOCOTO,RURAL,2022-01-13,18:00:00,18,JUEVES,4,ENERO,1,NO,NO CEDER EL DERECHO DE VIA O PREFERENCIA DE PASO A VEHICULOS.,CHOQUE LATERAL,CAMIONETA,1,0,0,0,1,0,0,0,0,0,0,0,0,2,34,HOMBRE,ILESO,CONDUCTOR PRESENTE,NO,NO,3
29133,118156,118157,2022,0,1,-0.261733,-78.547617,PICHINCHA,QUITO,QUITO,URBANA,2022-01-13,19:13:00,19,JUEVES,4,ENERO,1,NO,CONDUCIR VEHICULO SUPERANDO LOS LIMITES MAXIMOS DE VELOCIDAD.,CAIDA DE PASAJERO,BUS,0,0,1,0,0,0,0,0,0,0,0,0,0,1,42,HOMBRE,FALLECIDO,PASAJERO,NO,NO,1
29134,118157,118158,2022,0,0,-0.191657,-78.490808,PICHINCHA,QUITO,QUITO,URBANA,2022-01-13,19:25:00,19,JUEVES,4,ENERO,1,NO,"NO RESPETAR LAS SENIALES REGLAMENTARIAS DE TRANSITO. (PARE, CEDA EL PASO, LUZ ROJA DEL SEMAFORO, ETC).",CHOQUE LATERAL,AUTOMOVIL,2,0,0,0,0,0,0,0,0,0,0,0,0,2,19,MUJER,ILESO,CONDUCTOR PRESENTE,NO,NO,1
29135,118159,118160,2022,0,0,-0.097517,-78.519095,PICHINCHA,QUITO,QUITO,URBANA,2022-01-13,20:15:00,20,JUEVES,4,ENERO,1,NO,"CONDUCE BAJO LA INFLUENCIA DE ALCOHOL, SUSTANCIAS ESTUPEFACIENTES O PSICOTROPICAS Y/O MEDICAMENTOS.",CHOQUE FRONTAL,AUTOMOVIL,2,0,0,0,0,0,0,0,0,0,0,0,0,2,30,HOMBRE,ILESO,CONDUCTOR PRESENTE,NO,NO,1
29136,118165,118166,2022,1,0,-0.088884,-78.399151,PICHINCHA,QUITO,CALDERON (CARAPUNGO),RURAL,2022-01-13,23:00:00,23,JUEVES,4,ENERO,1,NO,"CONDUCE BAJO LA INFLUENCIA DE ALCOHOL, SUSTANCIAS ESTUPEFACIENTES O PSICOTROPICAS Y/O MEDICAMENTOS.",OTROS,AUTOMOVIL,1,0,0,0,1,0,0,0,0,0,0,0,0,2,47,HOMBRE,LESIONADO,PEATON,NO,NO,3
29137,118169,118170,2022,0,0,-0.190369,-78.484933,PICHINCHA,QUITO,QUITO,URBANA,2022-01-14,02:20:00,2,VIERNES,5,ENERO,1,NO,CONDUCIR VEHICULO SUPERANDO LOS LIMITES MAXIMOS DE VELOCIDAD.,ESTRELLAMIENTOS,AUTOMOVIL,1,0,0,0,0,0,0,0,0,0,0,0,0,1,-1,NO IDENTIFICADO,NO IDENTIFICADO,CONDUCTOR AUSENTE,NO,NO,2
29138,118170,118171,2022,2,0,-0.177392,-78.478207,PICHINCHA,QUITO,QUITO,URBANA,2022-01-14,02:55:00,2,VIERNES,5,ENERO,1,NO,DANIOS MECANICOS PREVISIBLES.,ESTRELLAMIENTOS,AUTOMOVIL,1,0,0,0,0,0,0,0,0,0,0,0,0,1,20,MUJER,LESIONADO,PASAJERO,NO,NO,1
29139,118187,118188,2022,1,0,-0.282706,-78.554325,PICHINCHA,QUITO,QUITO,URBANA,2022-01-14,14:45:00,14,VIERNES,5,ENERO,1,NO,CONDUCIR VEHICULO SUPERANDO LOS LIMITES MAXIMOS DE VELOCIDAD.,COLISION,AUTOMOVIL,2,0,0,0,0,0,0,1,0,0,0,0,0,3,25,HOMBRE,LESIONADO,PASAJERO,NO,NO,1
29140,118189,118190,2022,2,0,-0.204802,-78.376946,PICHINCHA,QUITO,TUMBACO,RURAL,2022-01-14,15:00:00,15,VIERNES,5,ENERO,1,NO,PEATON QUE CRUZA LA CALZADA SIN RESPETAR LA SENIALIZACION EXISTENTE (SEMAFOROS O SENIALES MANUALES).,ATROPELLOS,MOTOCICLETA,0,0,0,0,0,0,0,0,1,0,0,0,0,1,79,HOMBRE,LESIONADO,PEATON,NO,NO,3
29141,118191,118192,2022,3,0,-0.244585,-78.510941,PICHINCHA,QUITO,QUITO,URBANA,2022-01-14,15:30:00,15,VIERNES,5,ENERO,1,NO,"CONDUCE BAJO LA INFLUENCIA DE ALCOHOL, SUSTANCIAS ESTUPEFACIENTES O PSICOTROPICAS Y/O MEDICAMENTOS.",CHOQUE LATERAL,MOTOCICLETA,0,0,0,0,0,0,0,0,2,0,0,0,0,2,29,HOMBRE,LESIONADO,CONDUCTOR PRESENTE,NO,NO,1
29142,118193,118194,2022,1,0,-0.172151,-78.491143,PICHINCHA,QUITO,QUITO,URBANA,2022-01-14,16:30:00,16,VIERNES,5,ENERO,1,NO,NO GUARDAR LA DISTANCIA LATERAL MINIMA DE SEGURIDAD ENTRE VEHICULOS.,ROZAMIENTOS,MOTOCICLETA,0,0,0,0,0,0,0,0,1,1,0,0,0,2,28,HOMBRE,LESIONADO,CONDUCTOR PRESENTE,NO,NO,1
29143,118197,118198,2022,0,0,-0.254686,-78.504316,PICHINCHA,QUITO,QUITO,URBANA,2022-01-14,18:01:00,18,VIERNES,5,ENERO,1,NO,"CONDICIONES AMBIENTALES Y/O ATMOSFERICAS (NIEBLA, NEBLINA, GRANIZO, LLUVIA).",COLISION,CAMION,1,0,0,1,0,0,0,0,0,1,0,0,0,3,66,HOMBRE,ILESO,CONDUCTOR PRESENTE,NO,NO,1
29144,118216,118217,2022,2,0,-0.204386,-78.506007,PICHINCHA,QUITO,QUITO,URBANA,2022-01-14,23:30:00,23,VIERNES,5,ENERO,1,NO,"NO RESPETAR LAS SENIALES REGLAMENTARIAS DE TRANSITO. (PARE, CEDA EL PASO, LUZ ROJA DEL SEMAFORO, ETC).",CHOQUE POSTERIOR,MOTOCICLETA,1,0,0,0,0,0,0,0,1,0,0,0,0,2,26,HOMBRE,LESIONADO,CONDUCTOR PRESENTE,NO,NO,1
29145,118221,118222,2022,0,0,-0.091273,-78.473221,PICHINCHA,QUITO,QUITO,URBANA,2022-01-15,02:00:00,2,SABADO,6,ENERO,1,NO,CONDUCIR VEHICULO SUPERANDO LOS LIMITES MAXIMOS DE VELOCIDAD.,ESTRELLAMIENTOS,AUTOMOVIL,1,0,0,0,0,0,0,0,0,0,0,0,0,1,-1,NO IDENTIFICADO,NO IDENTIFICADO,CONDUCTOR AUSENTE,NO,NO,2
29146,118222,118223,2022,2,0,-0.105384,-78.497732,PICHINCHA,QUITO,QUITO,URBANA,2022-01-15,03:35:00,3,SABADO,6,ENERO,1,NO,CONDUCIR VEHICULO SUPERANDO LOS LIMITES MAXIMOS DE VELOCIDAD.,PERDIDA DE CARRIL,MOTOCICLETA,0,0,0,0,0,0,0,0,1,0,0,0,0,1,21,MUJER,LESIONADO,PASAJERO,NO,NO,1
29147,118223,118224,2022,0,0,-0.120424,-78.415686,PICHINCHA,QUITO,CALDERON (CARAPUNGO),RURAL,2022-01-15,03:45:00,3,SABADO,6,ENERO,1,NO,CONDUCIR VEHICULO SUPERANDO LOS LIMITES MAXIMOS DE VELOCIDAD.,ESTRELLAMIENTOS,AUTOMOVIL,1,0,0,0,0,0,0,0,0,0,0,0,0,1,-1,NO IDENTIFICADO,NO IDENTIFICADO,CONDUCTOR AUSENTE,NO,NO,2
29148,118229,118230,2022,2,0,-0.134602,-78.474131,PICHINCHA,QUITO,QUITO,URBANA,2022-01-15,07:00:00,7,SABADO,6,ENERO,1,NO,"CONDUCE BAJO LA INFLUENCIA DE ALCOHOL, SUSTANCIAS ESTUPEFACIENTES O PSICOTROPICAS Y/O MEDICAMENTOS.",ATROPELLOS,MOTOCICLETA,0,0,0,0,0,0,0,0,1,0,0,0,0,1,40,HOMBRE,LESIONADO,CONDUCTOR PRESENTE,SI,NO,1
29149,118233,118234,2022,1,0,-0.099083,-78.421844,PICHINCHA,QUITO,CALDERON (CARAPUNGO),RURAL,2022-01-15,10:15:00,10,SABADO,6,ENERO,1,NO,"CONDUCIR EN ESTADO DE SOMNOLENCIA O MALAS CONDICIONES FISICAS (SUENIO, CANSANCIO Y FATIGA).",ESTRELLAMIENTOS,CAMION,1,0,0,2,0,0,0,0,0,0,0,0,0,3,27,HOMBRE,LESIONADO,CONDUCTOR PRESENTE,NO,NO,3
29150,118234,118235,2022,0,0,-0.282706,-78.554325,PICHINCHA,QUITO,QUITO,URBANA,2022-01-15,10:55:00,10,SABADO,6,ENERO,1,NO,"NO RESPETAR LAS SENIALES REGLAMENTARIAS DE TRANSITO. (PARE, CEDA EL PASO, LUZ ROJA DEL SEMAFORO, ETC).",CHOQUE LATERAL,CAMIONETA,1,0,0,0,1,0,0,0,0,0,0,0,0,2,41,HOMBRE,ILESO,CONDUCTOR PRESENTE,NO,NO,1
29151,118245,118246,2022,1,0,-0.197826,-78.466466,PICHINCHA,QUITO,QUITO,RURAL,2022-01-15,16:30:00,16,SABADO,6,ENERO,1,NO,"CONDUCIR EN ESTADO DE SOMNOLENCIA O MALAS CONDICIONES FISICAS (SUENIO, CANSANCIO Y FATIGA).",CHOQUE LATERAL,CAMIONETA,0,0,0,0,2,0,0,0,0,0,0,0,0,2,20,MUJER,LESIONADO,PASAJERO,NO,NO,3
29152,118251,118252,2022,0,0,-0.193989,-78.405679,PICHINCHA,QUITO,TUMBACO,URBANA,2022-01-15,18:30:00,18,SABADO,6,ENERO,1,NO,"NO RESPETAR LAS SENIALES REGLAMENTARIAS DE TRANSITO. (PARE, CEDA EL PASO, LUZ ROJA DEL SEMAFORO, ETC).",CHOQUE LATERAL,CAMIONETA,1,0,0,0,1,0,0,0,0,0,0,0,0,2,42,MUJER,ILESO,PASAJERO,NO,NO,1
29153,118258,118259,2022,0,0,-0.443278,-78.629001,PICHINCHA,MEJIA,ALOAG,RURAL,2022-01-15,20:00:00,20,SABADO,6,ENERO,1,NO,"CONDUCIR DESATENTO A LAS CONDICIONES DE TRANSITO (CELULAR, PANTALLAS DE VIDEO, COMIDA, MAQUILLAJE O CUALQUIER OTRO ELEMENTO DISTRACTOR).",PERDIDA DE PISTA,VEHICULO DEPORTIVO UTILITARIO,0,0,0,0,0,0,0,0,0,0,0,0,1,1,-1,NO IDENTIFICADO,NO IDENTIFICADO,CONDUCTOR AUSENTE,NO,NO,2
29154,118262,118263,2022,4,0,-0.128329,-78.502404,PICHINCHA,QUITO,QUITO,URBANA,2022-01-15,21:05:00,21,SABADO,6,ENERO,1,NO,"NO RESPETAR LAS SENIALES REGLAMENTARIAS DE TRANSITO. (PARE, CEDA EL PASO, LUZ ROJA DEL SEMAFORO, ETC).",CHOQUE LATERAL,AUTOMOVIL,2,0,0,0,0,0,0,0,0,0,0,0,0,2,18,HOMBRE,LESIONADO,PASAJERO,NO,NO,1
29155,118264,118265,2022,1,0,-0.333072,-78.546113,PICHINCHA,QUITO,QUITO,URBANA,2022-01-15,21:20:00,21,SABADO,6,ENERO,1,NO,"CONDUCE BAJO LA INFLUENCIA DE ALCOHOL, SUSTANCIAS ESTUPEFACIENTES O PSICOTROPICAS Y/O MEDICAMENTOS.",ATROPELLOS,CAMIONETA,0,0,0,0,1,0,0,0,0,0,0,0,0,1,8,HOMBRE,LESIONADO,PEATON,NO,NO,1
29156,118266,118267,2022,0,0,-0.150393,-78.453592,PICHINCHA,QUITO,QUITO,RURAL,2022-01-15,21:30:00,21,SABADO,6,ENERO,1,NO,CONDUCIR VEHICULO SUPERANDO LOS LIMITES MAXIMOS DE VELOCIDAD.,ESTRELLAMIENTOS,BUS,0,0,1,0,0,0,0,0,0,0,0,0,0,1,61,HOMBRE,ILESO,CONDUCTOR PRESENTE,NO,NO,3
29157,118279,118280,2022,1,0,-0.200696,-78.497003,PICHINCHA,QUITO,QUITO,URBANA,2022-01-16,00:05:00,0,DOMINGO,7,ENERO,1,NO,"NO RESPETAR LAS SENIALES REGLAMENTARIAS DE TRANSITO. (PARE, CEDA EL PASO, LUZ ROJA DEL SEMAFORO, ETC).",CHOQUE LATERAL,MOTOCICLETA,1,0,0,0,0,0,0,0,1,0,0,0,0,2,26,HOMBRE,LESIONADO,CONDUCTOR PRESENTE,NO,NO,1
29158,118280,118281,2022,0,0,-0.049787,-78.344035,PICHINCHA,QUITO,GUAYLLABAMBA,RURAL,2022-01-16,00:10:00,0,DOMINGO,7,ENERO,1,NO,"CONDUCIR DESATENTO A LAS CONDICIONES DE TRANSITO (CELULAR, PANTALLAS DE VIDEO, COMIDA, MAQUILLAJE O CUALQUIER OTRO ELEMENTO DISTRACTOR).",ESTRELLAMIENTOS,CAMIONETA,1,0,0,0,1,0,0,0,0,0,0,0,0,2,35,HOMBRE,ILESO,CONDUCTOR PRESENTE,NO,SI,3
29159,118284,118285,2022,0,0,-0.304111,-78.542882,PICHINCHA,QUITO,QUITO,URBANA,2022-01-16,01:00:00,1,DOMINGO,7,ENERO,1,NO,"CONDUCE BAJO LA INFLUENCIA DE ALCOHOL, SUSTANCIAS ESTUPEFACIENTES O PSICOTROPICAS Y/O MEDICAMENTOS.",CHOQUE POSTERIOR,AUTOMOVIL,2,0,0,0,0,0,0,0,0,0,0,0,0,2,47,HOMBRE,ILESO,CONDUCTOR PRESENTE,NO,NO,1
29160,118288,118289,2022,0,0,-0.273825,-78.510216,PICHINCHA,QUITO,QUITO,URBANA,2022-01-16,02:00:00,2,DOMINGO,7,ENERO,1,NO,"CONDUCIR EN ESTADO DE SOMNOLENCIA O MALAS CONDICIONES FISICAS (SUENIO, CANSANCIO Y FATIGA).",ESTRELLAMIENTOS,AUTOMOVIL,2,0,0,0,0,0,0,0,0,0,0,0,0,2,37,HOMBRE,ILESO,CONDUCTOR PRESENTE,NO,NO,1
29161,118291,118292,2022,2,0,-0.276286,-78.556668,PICHINCHA,QUITO,QUITO,URBANA,2022-01-16,02:45:00,2,DOMINGO,7,ENERO,1,NO,CONDUCIR VEHICULO SUPERANDO LOS LIMITES MAXIMOS DE VELOCIDAD.,ESTRELLAMIENTOS,AUTOMOVIL,1,0,0,0,0,0,0,0,0,0,0,0,0,1,18,MUJER,LESIONADO,PASAJERO,NO,NO,1
29162,118292,118293,2022,0,0,-0.282706,-78.554325,PICHINCHA,QUITO,QUITO,URBANA,2022-01-16,03:00:00,3,DOMINGO,7,ENERO,1,NO,CONDUCIR VEHICULO SUPERANDO LOS LIMITES MAXIMOS DE VELOCIDAD.,ESTRELLAMIENTOS,AUTOMOVIL,1,0,0,0,0,0,0,0,0,0,0,0,0,1,-1,NO IDENTIFICADO,NO IDENTIFICADO,CONDUCTOR AUSENTE,NO,NO,2
29163,118302,118303,2022,0,0,-0.259499,-78.522621,PICHINCHA,QUITO,QUITO,URBANA,2022-01-16,09:15:00,9,DOMINGO,7,ENERO,1,NO,"CONDUCE BAJO LA INFLUENCIA DE ALCOHOL, SUSTANCIAS ESTUPEFACIENTES O PSICOTROPICAS Y/O MEDICAMENTOS.",CHOQUE LATERAL,AUTOMOVIL,2,0,0,0,0,0,0,0,0,0,0,0,0,2,56,HOMBRE,ILESO,CONDUCTOR PRESENTE,NO,NO,1
29164,118304,118305,2022,1,0,-0.181765,-78.475517,PICHINCHA,QUITO,QUITO,URBANA,2022-01-16,10:00:00,10,DOMINGO,7,ENERO,1,NO,REALIZAR CAMBIO BRUSCO O INDEBIDO DE CARRIL.,CHOQUE LATERAL,BICICLETA,1,1,0,0,0,0,0,0,0,0,0,0,0,2,61,HOMBRE,LESIONADO,CONDUCTOR PRESENTE,NO,NO,1
29165,118308,118309,2022,0,0,-0.296879,-78.552792,PICHINCHA,QUITO,QUITO,URBANA,2022-01-16,12:30:00,12,DOMINGO,7,ENERO,1,NO,CONDUCIR VEHICULO SUPERANDO LOS LIMITES MAXIMOS DE VELOCIDAD.,OTROS,AUTOMOVIL,1,0,0,0,0,0,0,0,0,0,0,0,0,1,-1,NO IDENTIFICADO,NO IDENTIFICADO,CONDUCTOR AUSENTE,NO,NO,2
29166,118310,118311,2022,1,0,-0.257302,-78.556273,PICHINCHA,QUITO,QUITO,URBANA,2022-01-16,14:40:00,14,DOMINGO,7,ENERO,1,NO,NO CEDER EL DERECHO DE VIA O PREFERENCIA DE PASO AL PEATON.,ATROPELLOS,CAMIONETA,0,0,0,0,1,0,0,0,0,0,0,0,0,1,19,HOMBRE,LESIONADO,PEATON,NO,NO,1
29167,118311,118312,2022,0,0,-0.044981,-78.338541,PICHINCHA,QUITO,GUAYLLABAMBA,RURAL,2022-01-16,15:00:00,15,DOMINGO,7,ENERO,1,NO,"CONDUCIR DESATENTO A LAS CONDICIONES DE TRANSITO (CELULAR, PANTALLAS DE VIDEO, COMIDA, MAQUILLAJE O CUALQUIER OTRO ELEMENTO DISTRACTOR).",COLISION,AUTOMOVIL,2,0,0,0,0,0,0,0,0,0,0,0,2,4,-1,MUJER,ILESO,CONDUCTOR PRESENTE,NO,SI,3
29168,118337,118338,2022,2,0,-0.282735,-78.544058,PICHINCHA,QUITO,QUITO,URBANA,2022-01-16,21:00:00,21,DOMINGO,7,ENERO,1,NO,CONDUCIR VEHICULO SUPERANDO LOS LIMITES MAXIMOS DE VELOCIDAD.,CHOQUE LATERAL,MOTOCICLETA,0,0,0,0,0,0,0,0,2,0,0,0,0,2,22,HOMBRE,LESIONADO,CONDUCTOR PRESENTE,NO,NO,1
29169,118340,118341,2022,0,0,-0.061461,-78.379054,PICHINCHA,QUITO,GUAYLLABAMBA,RURAL,2022-01-16,23:00:00,23,DOMINGO,7,ENERO,1,NO,"CONDUCE BAJO LA INFLUENCIA DE ALCOHOL, SUSTANCIAS ESTUPEFACIENTES O PSICOTROPICAS Y/O MEDICAMENTOS.",ROZAMIENTOS,CAMIONETA,0,0,0,0,1,0,0,0,0,0,0,0,1,2,46,MUJER,ILESO,CONDUCTOR PRESENTE,NO,SI,3
29170,118344,118345,2022,0,0,-0.259681,-78.530358,PICHINCHA,QUITO,QUITO,URBANA,2022-01-17,02:44:00,2,LUNES,1,ENERO,1,NO,CONDUCIR VEHICULO SUPERANDO LOS LIMITES MAXIMOS DE VELOCIDAD.,ESTRELLAMIENTOS,AUTOMOVIL,1,0,0,0,0,0,0,0,0,0,0,0,0,1,-1,NO IDENTIFICADO,NO IDENTIFICADO,CONDUCTOR AUSENTE,NO,NO,2
29171,118360,118361,2022,3,0,-0.328479,-78.522294,PICHINCHA,QUITO,QUITO,URBANA,2022-01-17,12:45:00,12,LUNES,1,ENERO,1,NO,CONDUCIR VEHICULO SUPERANDO LOS LIMITES MAXIMOS DE VELOCIDAD.,CHOQUE POSTERIOR,AUTOMOVIL,2,0,0,0,0,0,0,0,0,0,0,0,0,2,58,HOMBRE,LESIONADO,PASAJERO,NO,SI,1
29172,118371,118372,2022,1,0,-0.295604,-78.561141,PICHINCHA,QUITO,QUITO,URBANA,2022-01-17,18:25:00,18,LUNES,1,ENERO,1,NO,"NO RESPETAR LAS SENIALES REGLAMENTARIAS DE TRANSITO. (PARE, CEDA EL PASO, LUZ ROJA DEL SEMAFORO, ETC).",CHOQUE LATERAL,MOTOCICLETA,0,0,0,0,0,0,0,0,1,1,0,0,0,2,20,HOMBRE,LESIONADO,CONDUCTOR PRESENTE,NO,NO,1