,Unnamed: 0,ID,ANIO,LESIONADOS,FALLECIDOS,LATITUD_Y,LONGITUD_X,PROVINCIA,CANTON,PARROQUIA,ZONA,FECHA,HORA,PERIODO_2,DIA_1,DIA_2,MES_1,MES_2,FERIADO,CAUSA_PROBABLE,TIPO_DE_SINIESTRO,TIPO_DE_VEHICULO_1,AUTOMOVIL,BICICLETA,BUS,CAMION,CAMIONETA,EMERGENCIAS,ESPECIAL,FURGONETA,MOTOCICLETA,NO_IDENTIFICADO,SCOOTER_ELECTRICO,TRICIMOTO,VEHICULO_DEPORTIVO_UTILITARIO,SUMA_DE_VEHICULOS,EDAD_1,SEXO_1,CONDICION_1,PARTICIPANTE_1,CASCO_1,CINTURON_1,KMeans_Cluster
29229,118699,118700,2022,0,0,-0.405143,-78.546482,PICHINCHA,MEJIA,TAMBILLO (MEJIA),RURAL,2022-01-23,21:30:00,21,DOMINGO,7,ENERO,1,NO,"CONDUCIR DESATENTO A LAS CONDICIONES DE TRANSITO (CELULAR, PANTALLAS DE VIDEO, COMIDA, MAQUILLAJE O CUALQUIER OTRO ELEMENTO DISTRACTOR).",ROZAMIENTOS,VEHICULO DEPORTIVO UTILITARIO,0,0,0,0,1,0,0,0,0,0,0,0,1,2,41,HOMBRE,ILESO,CONDUCTOR PRESENTE,NO,SI,3
29230,118704,118705,2022,1,0,-0.277624,-78.531251,PICHINCHA,QUITO,QUITO,URBANA,2022-01-23,22:45:00,22,DOMINGO,7,ENERO,1,NO,CONDUCIR VEHICULO SUPERANDO LOS LIMITES MAXIMOS DE VELOCIDAD.,PERDIDA DE CARRIL,MOTOCICLETA,0,0,0,0,0,0,0,0,1,0,0,0,0,1,26,HOMBRE,LESIONADO,CONDUCTOR PRESENTE,NO,NO,1
29231,118705,118706,2022,1,0,-0.277624,-78.531251,PICHINCHA,QUITO,QUITO,URBANA,2022-01-23,22:45:00,22,DOMINGO,7,ENERO,1,NO,NO CEDER EL DERECHO DE VIA O PREFERENCIA DE PASO A VEHICULOS.,CHOQUE FRONTAL,MOTOCICLETA,1,0,0,0,0,0,0,0,1,0,0,0,0,2,29,HOMBRE,LESIONADO,CONDUCTOR PRESENTE,NO,NO,1
29232,118706,118707,2022,0,0,-0.157967,-78.443102,PICHINCHA,QUITO,NAYON,RURAL,2022-01-23,22:50:00,22,DOMINGO,7,ENERO,1,NO,"CONDUCE BAJO LA INFLUENCIA DE ALCOHOL, SUSTANCIAS ESTUPEFACIENTES O PSICOTROPICAS Y/O MEDICAMENTOS.",CHOQUE LATERAL,AUTOMOVIL,2,0,0,0,0,0,0,0,0,0,0,0,0,2,29,MUJER,ILESO,CONDUCTOR PRESENTE,NO,NO,3
29233,118708,118709,2022,1,0,-0.328831,-78.560625,PICHINCHA,QUITO,QUITO,URBANA,2022-01-23,23:00:00,23,DOMINGO,7,ENERO,1,NO,CONDUCIR VEHICULO SUPERANDO LOS LIMITES MAXIMOS DE VELOCIDAD.,PERDIDA DE CARRIL,MOTOCICLETA,0,0,0,0,0,0,0,0,1,0,0,0,0,1,33,HOMBRE,LESIONADO,CONDUCTOR PRESENTE,NO,NO,1
29234,118713,118714,2022,0,0,-0.159336,-78.477377,PICHINCHA,QUITO,QUITO,URBANA,2022-01-24,01:25:00,1,LUNES,1,ENERO,1,NO,CONDUCIR VEHICULO SUPERANDO LOS LIMITES MAXIMOS DE VELOCIDAD.,ESTRELLAMIENTOS,AUTOMOVIL,1,0,0,0,0,0,0,0,0,0,0,0,0,1,-1,NO IDENTIFICADO,NO IDENTIFICADO,CONDUCTOR AUSENTE,NO,NO,2
29235,118714,118715,2022,1,0,-0.341999,-78.479506,PICHINCHA,QUITO,AMAGUANIA,RURAL,2022-01-24,02:20:00,2,LUNES,1,ENERO,1,NO,"CONDUCIR EN ESTADO DE SOMNOLENCIA O MALAS CONDICIONES FISICAS (SUENIO, CANSANCIO Y FATIGA).",PERDIDA DE CARRIL,MOTOCICLETA,0,0,0,0,0,0,0,0,1,0,0,0,0,1,21,HOMBRE,LESIONADO,CONDUCTOR PRESENTE,NO,NO,3
29236,118717,118718,2022,1,0,-0.299703,-78.459361,PICHINCHA,RUMINIAHUI,SANGOLQUI,RURAL,2022-01-24,05:00:00,5,LUNES,1,ENERO,1,NO,"CONDUCIR DESATENTO A LAS CONDICIONES DE TRANSITO (CELULAR, PANTALLAS DE VIDEO, COMIDA, MAQUILLAJE O CUALQUIER OTRO ELEMENTO DISTRACTOR).",CHOQUE LATERAL,VEHICULO DEPORTIVO UTILITARIO,0,0,0,0,1,0,0,0,0,0,0,0,1,2,43,HOMBRE,LESIONADO,CONDUCTOR PRESENTE,NO,SI,3
29237,118724,118725,2022,0,0,-0.058111,-78.344101,PICHINCHA,QUITO,GUAYLLABAMBA,RURAL,2022-01-24,07:40:00,7,LUNES,1,ENERO,1,NO,REALIZAR CAMBIO BRUSCO O INDEBIDO DE CARRIL.,CHOQUE POSTERIOR,MOTOCICLETA,1,0,0,0,0,0,0,0,1,0,0,0,0,2,21,HOMBRE,ILESO,CONDUCTOR PRESENTE,NO,SI,3
29238,118726,118727,2022,1,0,-0.103829,-78.494993,PICHINCHA,QUITO,QUITO,URBANA,2022-01-24,08:25:00,8,LUNES,1,ENERO,1,NO,NO TRANSITAR POR LAS ACERAS O ZONAS DE SEGURIDAD DESTINADAS PARA EL EFECTO.,ATROPELLOS,AUTOMOVIL,1,0,0,0,0,0,0,0,0,0,0,0,0,1,89,HOMBRE,LESIONADO,PEATON,NO,NO,1
29239,118727,118728,2022,1,0,-0.237909,-78.529145,PICHINCHA,QUITO,QUITO,URBANA,2022-01-24,10:14:00,10,LUNES,1,ENERO,1,NO,NO TRANSITAR POR LAS ACERAS O ZONAS DE SEGURIDAD DESTINADAS PARA EL EFECTO.,ATROPELLOS,BUS,0,0,1,0,0,0,0,0,0,0,0,0,0,1,21,MUJER,LESIONADO,PEATON,NO,NO,1
29240,118730,118731,2022,0,1,-0.233331,-78.490789,PICHINCHA,QUITO,QUITO,URBANA,2022-01-24,11:30:00,11,LUNES,1,ENERO,1,NO,NO TRANSITAR POR LAS ACERAS O ZONAS DE SEGURIDAD DESTINADAS PARA EL EFECTO.,ATROPELLOS,BUS,0,0,1,0,0,0,0,0,0,0,0,0,0,1,37,HOMBRE,FALLECIDO,PEATON,NO,NO,1
29241,118740,118741,2022,1,0,-0.292724,-78.476486,PICHINCHA,QUITO,CONOCOTO,RURAL,2022-01-24,16:30:00,16,LUNES,1,ENERO,1,NO,NO CEDER EL DERECHO DE VIA O PREFERENCIA DE PASO A VEHICULOS.,CHOQUE LATERAL,MOTOCICLETA,1,0,0,0,0,0,0,0,1,0,0,0,0,2,25,HOMBRE,LESIONADO,CONDUCTOR PRESENTE,NO,NO,3
29242,118754,118755,2022,1,0,-0.462551,-78.567514,PICHINCHA,MEJIA,ALOAG,RURAL,2022-01-24,22:40:00,22,LUNES,1,ENERO,1,NO,"NO RESPETAR LAS SENIALES REGLAMENTARIAS DE TRANSITO. (PARE, CEDA EL PASO, LUZ ROJA DEL SEMAFORO, ETC).",CHOQUE LATERAL,AUTOMOVIL,1,0,0,0,0,0,0,0,1,0,0,0,0,2,-1,NO IDENTIFICADO,LESIONADO,CONDUCTOR PRESENTE,NO,NO,3
29243,118756,118757,2022,1,0,-0.217821,-78.491471,PICHINCHA,QUITO,QUITO,URBANA,2022-01-24,23:30:00,23,LUNES,1,ENERO,1,NO,CONDUCIR VEHICULO SUPERANDO LOS LIMITES MAXIMOS DE VELOCIDAD.,ESTRELLAMIENTOS,MOTOCICLETA,0,0,0,0,0,0,0,0,1,0,0,0,0,1,39,HOMBRE,LESIONADO,CONDUCTOR PRESENTE,NO,NO,1
29244,118774,118775,2022,0,0,-0.229787,-78.485515,PICHINCHA,QUITO,QUITO,URBANA,2022-01-25,11:44:00,11,MARTES,2,ENERO,1,NO,CONDUCIR VEHICULO SUPERANDO LOS LIMITES MAXIMOS DE VELOCIDAD.,CHOQUE POSTERIOR,AUTOMOVIL,2,0,0,0,0,0,0,0,0,0,0,0,0,2,60,HOMBRE,ILESO,CONDUCTOR PRESENTE,NO,NO,1
29245,118775,118776,2022,1,0,-0.259681,-78.530358,PICHINCHA,QUITO,QUITO,URBANA,2022-01-25,11:45:00,11,MARTES,2,ENERO,1,NO,"NO RESPETAR LAS SENIALES REGLAMENTARIAS DE TRANSITO. (PARE, CEDA EL PASO, LUZ ROJA DEL SEMAFORO, ETC).",CHOQUE POSTERIOR,MOTOCICLETA,0,0,0,0,0,0,0,0,1,1,0,0,0,2,24,HOMBRE,LESIONADO,CONDUCTOR PRESENTE,NO,NO,1
29246,118776,118777,2022,0,0,-0.269927,-78.535201,PICHINCHA,QUITO,QUITO,URBANA,2022-01-25,12:15:00,12,MARTES,2,ENERO,1,NO,"CONDUCE BAJO LA INFLUENCIA DE ALCOHOL, SUSTANCIAS ESTUPEFACIENTES O PSICOTROPICAS Y/O MEDICAMENTOS.",CHOQUE POSTERIOR,AUTOMOVIL,1,0,0,0,1,0,0,0,0,0,0,0,0,2,57,HOMBRE,ILESO,CONDUCTOR PRESENTE,NO,NO,1
29247,118778,118779,2022,1,0,-0.128765,-78.485893,PICHINCHA,QUITO,QUITO,URBANA,2022-01-25,12:20:00,12,MARTES,2,ENERO,1,NO,NO CEDER EL DERECHO DE VIA O PREFERENCIA DE PASO A VEHICULOS.,CHOQUE LATERAL,MOTOCICLETA,0,0,0,0,0,0,0,0,1,1,0,0,0,2,35,HOMBRE,LESIONADO,CONDUCTOR PRESENTE,NO,NO,1
29248,118779,118780,2022,0,0,-0.304398,-78.484903,PICHINCHA,QUITO,CONOCOTO,RURAL,2022-01-25,12:20:00,12,MARTES,2,ENERO,1,NO,CONDUCIR VEHICULO SUPERANDO LOS LIMITES MAXIMOS DE VELOCIDAD.,COLISION,FURGONETA,1,0,0,0,1,0,0,1,0,0,0,0,0,3,32,HOMBRE,ILESO,CONDUCTOR PRESENTE,NO,NO,3
29249,118780,118781,2022,1,0,-0.279657,-78.556192,PICHINCHA,QUITO,QUITO,URBANA,2022-01-25,12:48:00,12,MARTES,2,ENERO,1,NO,"NO RESPETAR LAS SENIALES REGLAMENTARIAS DE TRANSITO. (PARE, CEDA EL PASO, LUZ ROJA DEL SEMAFORO, ETC).",OTROS,CAMIONETA,1,0,0,0,1,0,0,0,0,0,0,0,0,2,39,MUJER,LESIONADO,PEATON,NO,NO,1
29250,118789,118790,2022,0,1,-0.150393,-78.453592,PICHINCHA,QUITO,QUITO,URBANA,2022-01-25,15:50:00,15,MARTES,2,ENERO,1,NO,"CONDUCIR EN ESTADO DE SOMNOLENCIA O MALAS CONDICIONES FISICAS (SUENIO, CANSANCIO Y FATIGA).",PERDIDA DE CARRIL,MOTOCICLETA,0,0,0,0,0,0,0,0,1,0,0,0,0,1,38,HOMBRE,FALLECIDO,CONDUCTOR PRESENTE,NO,NO,1
29251,118802,118803,2022,0,0,-0.302497,-78.559042,PICHINCHA,QUITO,QUITO,URBANA,2022-01-25,21:30:00,21,MARTES,2,ENERO,1,NO,"CONDUCIR DESATENTO A LAS CONDICIONES DE TRANSITO (CELULAR, PANTALLAS DE VIDEO, COMIDA, MAQUILLAJE O CUALQUIER OTRO ELEMENTO DISTRACTOR).",CHOQUE POSTERIOR,CAMION,0,0,1,1,0,0,0,0,0,0,0,0,0,2,28,HOMBRE,ILESO,CONDUCTOR PRESENTE,NO,NO,1
29252,118803,118804,2022,0,1,-0.110591,-78.478637,PICHINCHA,QUITO,QUITO,URBANA,2022-01-25,21:35:00,21,MARTES,2,ENERO,1,NO,CONDUCIR VEHICULO SUPERANDO LOS LIMITES MAXIMOS DE VELOCIDAD.,ESTRELLAMIENTOS,MOTOCICLETA,0,0,0,0,0,0,0,0,1,0,0,0,0,1,34,HOMBRE,FALLECIDO,PASAJERO,NO,NO,1
29253,118805,118806,2022,0,0,-0.249899,-78.529296,PICHINCHA,QUITO,QUITO,URBANA,2022-01-25,22:20:00,22,MARTES,2,ENERO,1,NO,"NO RESPETAR LAS SENIALES REGLAMENTARIAS DE TRANSITO. (PARE, CEDA EL PASO, LUZ ROJA DEL SEMAFORO, ETC).",CHOQUE LATERAL,AUTOMOVIL,2,0,0,0,0,0,0,0,0,0,0,0,0,2,41,MUJER,ILESO,CONDUCTOR PRESENTE,NO,NO,1
29254,118825,118826,2022,1,0,-0.212824,-78.402686,PICHINCHA,QUITO,TUMBACO,RURAL,2022-01-26,08:50:00,8,MIERCOLES,3,ENERO,1,NO,REALIZAR CAMBIO BRUSCO O INDEBIDO DE CARRIL.,CHOQUE LATERAL,MOTOCICLETA,1,0,0,0,0,0,0,0,1,0,0,0,0,2,23,HOMBRE,LESIONADO,CONDUCTOR PRESENTE,NO,NO,3
29255,118855,118856,2022,1,0,0.090202,-78.152933,PICHINCHA,CAYAMBE,SAN JOSE DE AYORA,RURAL,2022-01-26,20:30:00,20,MIERCOLES,3,ENERO,1,NO,"CONDUCE BAJO LA INFLUENCIA DE ALCOHOL, SUSTANCIAS ESTUPEFACIENTES O PSICOTROPICAS Y/O MEDICAMENTOS.",CHOQUE FRONTAL,MOTOCICLETA,0,0,1,0,0,0,0,0,1,0,0,0,0,2,66,HOMBRE,LESIONADO,CONDUCTOR PRESENTE,NO,SI,3
29256,118865,118866,2022,0,0,-0.295396,-78.570478,PICHINCHA,QUITO,QUITO,URBANA,2022-01-26,22:05:00,22,MIERCOLES,3,ENERO,1,NO,CONDUCIR VEHICULO SUPERANDO LOS LIMITES MAXIMOS DE VELOCIDAD.,ESTRELLAMIENTOS,AUTOMOVIL,1,0,0,0,0,0,0,0,0,0,0,0,0,1,36,HOMBRE,ILESO,CONDUCTOR PRESENTE,NO,NO,1
29257,118872,118873,2022,0,0,-0.203056,-78.458398,PICHINCHA,QUITO,QUITO,RURAL,2022-01-27,02:03:00,2,JUEVES,4,ENERO,1,NO,"FALLA MECANICA EN LOS SISTEMAS Y/O NEUMATICOS (SISTEMA DE FRENOS, DIRECCION, ELECTRONICO O MECANICO).",ESTRELLAMIENTOS,CAMIONETA,0,0,0,0,1,0,0,0,0,0,0,0,0,1,50,HOMBRE,ILESO,CONDUCTOR PRESENTE,NO,NO,3
29258,118874,118875,2022,2,0,-0.200696,-78.497003,PICHINCHA,QUITO,QUITO,URBANA,2022-01-27,05:00:00,5,JUEVES,4,ENERO,1,NO,"NO RESPETAR LAS SENIALES REGLAMENTARIAS DE TRANSITO. (PARE, CEDA EL PASO, LUZ ROJA DEL SEMAFORO, ETC).",CHOQUE LATERAL,AUTOMOVIL,2,0,0,0,0,0,0,0,0,0,0,0,0,2,25,MUJER,LESIONADO,PASAJERO,NO,NO,1
29259,118890,118891,2022,3,0,-0.123107,-78.493944,PICHINCHA,QUITO,QUITO,URBANA,2022-01-27,15:20:00,15,JUEVES,4,ENERO,1,NO,PEATON QUE CRUZA LA CALZADA SIN RESPETAR LA SENIALIZACION EXISTENTE (SEMAFOROS O SENIALES MANUALES).,ATROPELLOS,MOTOCICLETA,0,0,0,0,0,0,0,0,1,0,0,0,0,1,38,MUJER,LESIONADO,PEATON,NO,NO,1
29260,118891,118892,2022,0,0,-0.182009,-78.478782,PICHINCHA,QUITO,QUITO,URBANA,2022-01-27,15:30:00,15,JUEVES,4,ENERO,1,NO,"CONDICIONES AMBIENTALES Y/O ATMOSFERICAS (NIEBLA, NEBLINA, GRANIZO, LLUVIA).",CHOQUE POSTERIOR,AUTOMOVIL,2,0,0,0,0,0,0,0,0,0,0,0,0,2,44,HOMBRE,ILESO,CONDUCTOR PRESENTE,NO,NO,1
29261,118896,118897,2022,3,0,-0.157092,-78.466394,PICHINCHA,QUITO,QUITO,URBANA,2022-01-27,17:45:00,17,JUEVES,4,ENERO,1,NO,"NO RESPETAR LAS SENIALES REGLAMENTARIAS DE TRANSITO. (PARE, CEDA EL PASO, LUZ ROJA DEL SEMAFORO, ETC).",CHOQUE LATERAL,BUS,1,0,1,0,0,0,0,0,0,0,0,0,0,2,62,MUJER,LESIONADO,PASAJERO,NO,NO,1
29262,118897,118898,2022,2,0,-0.228336,-78.482591,PICHINCHA,QUITO,QUITO,URBANA,2022-01-27,17:45:00,17,JUEVES,4,ENERO,1,NO,CONDUCIR VEHICULO SUPERANDO LOS LIMITES MAXIMOS DE VELOCIDAD.,CHOQUE FRONTAL,CAMIONETA,1,0,0,0,1,0,0,0,0,0,0,0,0,2,49,HOMBRE,LESIONADO,CONDUCTOR PRESENTE,NO,NO,1
29263,118901,118902,2022,0,0,-0.264255,-78.543998,PICHINCHA,QUITO,QUITO,URBANA,2022-01-27,18:20:00,18,JUEVES,4,ENERO,1,NO,"CONDUCE BAJO LA INFLUENCIA DE ALCOHOL, SUSTANCIAS ESTUPEFACIENTES O PSICOTROPICAS Y/O MEDICAMENTOS.",CHOQUE LATERAL,MOTOCICLETA,1,0,0,0,0,0,0,0,1,0,0,0,0,2,33,HOMBRE,ILESO,CONDUCTOR PRESENTE,NO,NO,1
29264,118908,118909,2022,0,0,-0.285893,-78.529174,PICHINCHA,QUITO,QUITO,URBANA,2022-01-27,19:30:00,19,JUEVES,4,ENERO,1,NO,"CONDICIONES AMBIENTALES Y/O ATMOSFERICAS (NIEBLA, NEBLINA, GRANIZO, LLUVIA).",ESTRELLAMIENTOS,AUTOMOVIL,1,0,0,0,0,0,0,0,0,0,0,0,0,1,43,HOMBRE,ILESO,CONDUCTOR PRESENTE,NO,NO,1
29265,118913,118914,2022,1,0,-0.188704,-78.496391,PICHINCHA,QUITO,QUITO,URBANA,2022-01-27,20:50:00,20,JUEVES,4,ENERO,1,NO,"CONDICIONES AMBIENTALES Y/O ATMOSFERICAS (NIEBLA, NEBLINA, GRANIZO, LLUVIA).",ESTRELLAMIENTOS,MOTOCICLETA,0,0,0,0,0,0,0,0,1,0,0,0,0,1,21,HOMBRE,LESIONADO,CONDUCTOR PRESENTE,NO,NO,1
29266,118920,118921,2022,0,0,-0.034039,-78.440218,PICHINCHA,QUITO,POMASQUI,RURAL,2022-01-27,22:00:00,22,JUEVES,4,ENERO,1,NO,"CONDUCE BAJO LA INFLUENCIA DE ALCOHOL, SUSTANCIAS ESTUPEFACIENTES O PSICOTROPICAS Y/O MEDICAMENTOS.",CHOQUE POSTERIOR,CAMIONETA,1,0,0,0,1,0,0,0,0,0,0,0,0,2,27,MUJER,ILESO,PASAJERO,NO,NO,3
29267,118922,118923,2022,0,0,-0.106065,-78.460176,PICHINCHA,QUITO,QUITO,RURAL,2022-01-27,22:40:00,22,JUEVES,4,ENERO,1,NO,CONDUCIR VEHICULO SUPERANDO LOS LIMITES MAXIMOS DE VELOCIDAD.,ESTRELLAMIENTOS,AUTOMOVIL,1,0,0,0,0,0,0,0,0,0,0,0,0,1,-1,NO IDENTIFICADO,NO IDENTIFICADO,CONDUCTOR AUSENTE,NO,NO,2
29268,118926,118927,2022,0,0,-0.181788,-78.475452,PICHINCHA,QUITO,QUITO,URBANA,2022-01-27,23:30:00,23,JUEVES,4,ENERO,1,NO,"CONDUCE BAJO LA INFLUENCIA DE ALCOHOL, SUSTANCIAS ESTUPEFACIENTES O PSICOTROPICAS Y/O MEDICAMENTOS.",CHOQUE POSTERIOR,CAMIONETA,1,0,0,0,1,0,0,0,0,0,0,0,0,2,25,HOMBRE,ILESO,CONDUCTOR PRESENTE,NO,NO,1
29269,118940,118941,2022,0,0,-0.263991,-78.487764,PICHINCHA,QUITO,CONOCOTO,RURAL,2022-01-28,04:20:00,4,VIERNES,5,ENERO,1,NO,"CONDICIONES AMBIENTALES Y/O ATMOSFERICAS (NIEBLA, NEBLINA, GRANIZO, LLUVIA).",ESTRELLAMIENTOS,AUTOMOVIL,1,0,0,0,0,0,0,0,0,0,0,0,0,1,-1,NO IDENTIFICADO,NO IDENTIFICADO,CONDUCTOR AUSENTE,NO,NO,2
29270,118942,118943,2022,0,0,-0.197826,-78.466466,PICHINCHA,QUITO,QUITO,URBANA,2022-01-28,05:30:00,5,VIERNES,5,ENERO,1,NO,"CONDICIONES AMBIENTALES Y/O ATMOSFERICAS (NIEBLA, NEBLINA, GRANIZO, LLUVIA).",ESTRELLAMIENTOS,CAMION,1,0,0,1,0,0,0,0,0,0,0,0,0,2,28,HOMBRE,ILESO,PASAJERO,NO,NO,1
29271,118946,118947,2022,0,0,-0.227698,-78.500298,PICHINCHA,QUITO,QUITO,URBANA,2022-01-28,07:20:00,7,VIERNES,5,ENERO,1,NO,"CONDICIONES AMBIENTALES Y/O ATMOSFERICAS (NIEBLA, NEBLINA, GRANIZO, LLUVIA).",CHOQUE FRONTAL,AUTOMOVIL,2,0,0,0,0,0,0,0,0,0,0,0,0,2,31,HOMBRE,ILESO,CONDUCTOR PRESENTE,NO,NO,1
29272,118950,118951,2022,0,1,0.043018,-79.346944,PICHINCHA,PUERTO QUITO,PUERTO QUITO,RURAL,2022-01-28,08:30:00,8,VIERNES,5,ENERO,1,NO,"CONDUCIR DESATENTO A LAS CONDICIONES DE TRANSITO (CELULAR, PANTALLAS DE VIDEO, COMIDA, MAQUILLAJE O CUALQUIER OTRO ELEMENTO DISTRACTOR).",ATROPELLOS,NO IDENTIFICADO,0,0,0,0,0,0,0,0,0,1,0,0,0,1,37,HOMBRE,FALLECIDO,PEATON,NO,SI,3
29273,118952,118953,2022,1,0,-0.261571,-78.532999,PICHINCHA,QUITO,QUITO,URBANA,2022-01-28,10:15:00,10,VIERNES,5,ENERO,1,NO,PEATON QUE CRUZA LA CALZADA SIN RESPETAR LA SENIALIZACION EXISTENTE (SEMAFOROS O SENIALES MANUALES).,ATROPELLOS,AUTOMOVIL,1,0,0,0,0,0,0,0,0,0,0,0,0,1,60,MUJER,LESIONADO,PEATON,NO,NO,1
29274,118963,118964,2022,0,0,-0.204095,-78.458081,PICHINCHA,QUITO,QUITO,RURAL,2022-01-28,14:50:00,14,VIERNES,5,ENERO,1,NO,"CONDUCE BAJO LA INFLUENCIA DE ALCOHOL, SUSTANCIAS ESTUPEFACIENTES O PSICOTROPICAS Y/O MEDICAMENTOS.",ESTRELLAMIENTOS,CAMION,0,0,0,1,0,0,0,0,0,0,0,0,0,1,38,HOMBRE,ILESO,CONDUCTOR PRESENTE,NO,NO,3
29275,118969,118970,2022,4,0,-0.449754,-78.559244,PICHINCHA,MEJIA,ALOAG,RURAL,2022-01-28,16:30:00,16,VIERNES,5,ENERO,1,NO,"CONDUCIR DESATENTO A LAS CONDICIONES DE TRANSITO (CELULAR, PANTALLAS DE VIDEO, COMIDA, MAQUILLAJE O CUALQUIER OTRO ELEMENTO DISTRACTOR).",COLISION,VEHICULO DEPORTIVO UTILITARIO,0,0,0,2,0,0,0,0,0,0,0,0,1,3,44,HOMBRE,LESIONADO,CONDUCTOR PRESENTE,NO,SI,3
29276,118971,118972,2022,0,0,-0.287051,-78.531139,PICHINCHA,QUITO,QUITO,URBANA,2022-01-28,18:00:00,18,VIERNES,5,ENERO,1,NO,"CONDICIONES AMBIENTALES Y/O ATMOSFERICAS (NIEBLA, NEBLINA, GRANIZO, LLUVIA).",CHOQUE POSTERIOR,AUTOMOVIL,2,0,0,0,0,0,0,0,0,0,0,0,0,2,21,HOMBRE,ILESO,CONDUCTOR PRESENTE,NO,NO,1
29277,118980,118981,2022,1,0,-0.106547,-78.438794,PICHINCHA,QUITO,CALDERON (CARAPUNGO),RURAL,2022-01-28,22:20:00,22,VIERNES,5,ENERO,1,NO,NO MANTENER LA DISTANCIA PRUDENCIAL CON RESPECTO AL VEHICULO QUE LE ANTECEDE.,CHOQUE POSTERIOR,MOTOCICLETA,1,0,0,0,0,0,0,0,1,0,0,0,0,2,28,HOMBRE,LESIONADO,CONDUCTOR PRESENTE,NO,NO,3
29278,118988,118989,2022,0,0,-0.292253,-78.544063,PICHINCHA,QUITO,QUITO,URBANA,2022-01-29,00:00:00,0,SABADO,6,ENERO,1,NO,CONDUCIR VEHICULO SUPERANDO LOS LIMITES MAXIMOS DE VELOCIDAD.,ESTRELLAMIENTOS,NO IDENTIFICADO,0,0,0,0,0,0,0,0,0,1,0,0,0,1,-1,NO IDENTIFICADO,NO IDENTIFICADO,CONDUCTOR AUSENTE,NO,NO,2
29279,118997,118998,2022,0,0,-0.048993,-78.455636,PICHINCHA,QUITO,POMASQUI,RURAL,2022-01-29,07:20:00,7,SABADO,6,ENERO,1,NO,"CONDUCIR DESATENTO A LAS CONDICIONES DE TRANSITO (CELULAR, PANTALLAS DE VIDEO, COMIDA, MAQUILLAJE O CUALQUIER OTRO ELEMENTO DISTRACTOR).",PERDIDA DE CARRIL,VEHICULO DEPORTIVO UTILITARIO,0,0,0,0,0,0,0,0,0,0,0,0,1,1,40,HOMBRE,ILESO,CONDUCTOR PRESENTE,NO,SI,3
29280,118998,118999,2022,0,0,-0.088884,-78.439915,PICHINCHA,QUITO,CALDERON (CARAPUNGO),RURAL,2022-01-29,07:40:00,7,SABADO,6,ENERO,1,NO,CONDUCIR VEHICULO SUPERANDO LOS LIMITES MAXIMOS DE VELOCIDAD.,ESTRELLAMIENTOS,AUTOMOVIL,2,0,0,0,0,0,0,0,0,0,0,0,0,2,-1,NO IDENTIFICADO,NO IDENTIFICADO,CONDUCTOR AUSENTE,NO,NO,2
29281,119001,119002,2022,2,0,-0.162713,-78.438659,PICHINCHA,QUITO,NAYON,RURAL,2022-01-29,10:10:00,10,SABADO,6,ENERO,1,NO,"ADELANTAR O REBASAR A OTRO VEHICULO EN MOVIMIENTO EN ZONAS O SITIOS PELIGROSOS TALES COMO: CURVAS, PUENTES, TUNELES, PENDIENTES, ETC.",CHOQUE LATERAL,AUTOMOVIL,2,0,0,0,0,0,0,0,0,0,0,0,0,2,86,MUJER,LESIONADO,PASAJERO,NO,NO,3
29282,119014,119015,2022,0,0,-0.101884,-78.491351,PICHINCHA,QUITO,QUITO,URBANA,2022-01-29,14:30:00,14,SABADO,6,ENERO,1,NO,NO CEDER EL DERECHO DE VIA O PREFERENCIA DE PASO A VEHICULOS.,CHOQUE POSTERIOR,AUTOMOVIL,2,0,0,0,0,0,0,0,0,0,0,0,0,2,27,HOMBRE,ILESO,CONDUCTOR PRESENTE,NO,NO,1
29283,119022,119023,2022,0,1,-0.263053,-78.507339,PICHINCHA,QUITO,QUITO,URBANA,2022-01-29,16:55:00,16,SABADO,6,ENERO,1,NO,NO TRANSITAR POR LAS ACERAS O ZONAS DE SEGURIDAD DESTINADAS PARA EL EFECTO.,ATROPELLOS,NO IDENTIFICADO,0,0,0,0,0,0,0,0,0,1,0,0,0,1,36,HOMBRE,FALLECIDO,PEATON,NO,NO,1
29284,119025,119026,2022,1,0,-0.192308,-78.496791,PICHINCHA,QUITO,QUITO,URBANA,2022-01-29,17:25:00,17,SABADO,6,ENERO,1,NO,"NO RESPETAR LAS SENIALES REGLAMENTARIAS DE TRANSITO. (PARE, CEDA EL PASO, LUZ ROJA DEL SEMAFORO, ETC).",CHOQUE LATERAL,MOTOCICLETA,1,0,0,0,0,0,0,0,1,0,0,0,0,2,24,MUJER,LESIONADO,CONDUCTOR PRESENTE,NO,NO,1
29285,119028,119029,2022,0,0,-0.379117,-78.552261,PICHINCHA,MEJIA,CUTUGLAHUA,RURAL,2022-01-29,19:25:00,19,SABADO,6,ENERO,1,NO,"CONDUCIR DESATENTO A LAS CONDICIONES DE TRANSITO (CELULAR, PANTALLAS DE VIDEO, COMIDA, MAQUILLAJE O CUALQUIER OTRO ELEMENTO DISTRACTOR).",CHOQUE FRONTAL,CAMION,1,0,0,1,0,0,0,0,0,0,0,0,0,2,34,HOMBRE,ILESO,PASAJERO,NO,SI,3