,Unnamed: 0,ID,ANIO,LESIONADOS,FALLECIDOS,LATITUD_Y,LONGITUD_X,PROVINCIA,CANTON,PARROQUIA,ZONA,FECHA,HORA,PERIODO_2,DIA_1,DIA_2,MES_1,MES_2,FERIADO,CAUSA_PROBABLE,TIPO_DE_SINIESTRO,TIPO_DE_VEHICULO_1,AUTOMOVIL,BICICLETA,BUS,CAMION,CAMIONETA,EMERGENCIAS,ESPECIAL,FURGONETA,MOTOCICLETA,NO_IDENTIFICADO,SCOOTER_ELECTRICO,TRICIMOTO,VEHICULO_DEPORTIVO_UTILITARIO,SUMA_DE_VEHICULOS,EDAD_1,SEXO_1,CONDICION_1,PARTICIPANTE_1,CASCO_1,CINTURON_1,KMeans_Cluster
29286,119030,119031,2022,0,0,-0.099083,-78.421844,PICHINCHA,QUITO,CALDERON (CARAPUNGO),RURAL,2022-01-29,19:45:00,19,SABADO,6,ENERO,1,NO,"CONDUCE BAJO LA INFLUENCIA DE ALCOHOL, SUSTANCIAS ESTUPEFACIENTES O PSICOTROPICAS Y/O MEDICAMENTOS.",ESTRELLAMIENTOS,AUTOMOVIL,2,0,0,0,0,0,0,0,0,0,0,0,0,2,24,HOMBRE,ILESO,CONDUCTOR PRESENTE,NO,NO,3
29287,119039,119040,2022,1,0,-0.259238,-78.496971,PICHINCHA,QUITO,CONOCOTO,RURAL,2022-01-29,20:55:00,20,SABADO,6,ENERO,1,NO,"CONDUCE BAJO LA INFLUENCIA DE ALCOHOL, SUSTANCIAS ESTUPEFACIENTES O PSICOTROPICAS Y/O MEDICAMENTOS.",CHOQUE LATERAL,AUTOMOVIL,1,0,0,0,1,0,0,0,0,0,0,0,0,2,44,HOMBRE,LESIONADO,CONDUCTOR PRESENTE,NO,NO,3
29288,119042,119043,2022,0,0,-0.191277,-78.491966,PICHINCHA,QUITO,QUITO,URBANA,2022-01-29,21:20:00,21,SABADO,6,ENERO,1,NO,CONDUCIR VEHICULO SUPERANDO LOS LIMITES MAXIMOS DE VELOCIDAD.,ESTRELLAMIENTOS,AUTOMOVIL,1,0,0,0,0,0,0,0,0,0,0,0,0,1,-1,NO IDENTIFICADO,NO IDENTIFICADO,CONDUCTOR AUSENTE,NO,NO,2
29289,119049,119050,2022,1,0,-0.262722,-78.538106,PICHINCHA,QUITO,QUITO,URBANA,2022-01-29,23:35:00,23,SABADO,6,ENERO,1,NO,"CONDUCE BAJO LA INFLUENCIA DE ALCOHOL, SUSTANCIAS ESTUPEFACIENTES O PSICOTROPICAS Y/O MEDICAMENTOS.",CAIDA DE PASAJERO,MOTOCICLETA,0,0,0,0,0,0,0,0,1,0,0,0,0,1,24,MUJER,LESIONADO,PASAJERO,NO,NO,1
29290,119052,119053,2022,1,0,-0.105583,-78.499743,PICHINCHA,QUITO,QUITO,URBANA,2022-01-30,00:50:00,0,DOMINGO,7,ENERO,1,NO,"CONDICIONES AMBIENTALES Y/O ATMOSFERICAS (NIEBLA, NEBLINA, GRANIZO, LLUVIA).",ESTRELLAMIENTOS,AUTOMOVIL,1,0,0,0,0,0,0,0,0,0,0,0,0,1,27,MUJER,LESIONADO,PASAJERO,NO,NO,1
29291,119056,119057,2022,2,0,-0.196669,-78.466599,PICHINCHA,QUITO,QUITO,RURAL,2022-01-30,01:45:00,1,DOMINGO,7,ENERO,1,NO,"CONDICIONES AMBIENTALES Y/O ATMOSFERICAS (NIEBLA, NEBLINA, GRANIZO, LLUVIA).",PERDIDA DE CARRIL,MOTOCICLETA,0,0,0,0,0,0,0,0,1,0,0,0,0,1,38,HOMBRE,LESIONADO,PASAJERO,NO,NO,3
29292,119065,119066,2022,0,0,-0.185596,-78.494125,PICHINCHA,QUITO,QUITO,URBANA,2022-01-30,03:30:00,3,DOMINGO,7,ENERO,1,NO,"CONDUCIR EN ESTADO DE SOMNOLENCIA O MALAS CONDICIONES FISICAS (SUENIO, CANSANCIO Y FATIGA).",ESTRELLAMIENTOS,AUTOMOVIL,1,0,0,0,0,0,0,0,0,0,0,0,0,1,34,MUJER,ILESO,CONDUCTOR PRESENTE,NO,NO,1
29293,119072,119073,2022,1,0,-0.129332,-78.494021,PICHINCHA,QUITO,QUITO,URBANA,2022-01-30,06:05:00,6,DOMINGO,7,ENERO,1,NO,"CONDICIONES AMBIENTALES Y/O ATMOSFERICAS (NIEBLA, NEBLINA, GRANIZO, LLUVIA).",ESTRELLAMIENTOS,AUTOMOVIL,1,0,0,0,0,0,0,0,0,0,0,0,0,1,49,HOMBRE,LESIONADO,CONDUCTOR PRESENTE,NO,NO,1
29294,119074,119075,2022,0,0,-0.188521,-78.448241,PICHINCHA,QUITO,NAYON,RURAL,2022-01-30,07:15:00,7,DOMINGO,7,ENERO,1,NO,"CONDICIONES AMBIENTALES Y/O ATMOSFERICAS (NIEBLA, NEBLINA, GRANIZO, LLUVIA).",CHOQUE LATERAL,FURGONETA,1,0,0,0,0,0,0,1,0,0,0,0,0,2,35,HOMBRE,ILESO,CONDUCTOR PRESENTE,NO,NO,3
29295,119075,119076,2022,1,0,-0.288241,-78.559252,PICHINCHA,QUITO,QUITO,URBANA,2022-01-30,07:45:00,7,DOMINGO,7,ENERO,1,NO,REALIZAR CAMBIO BRUSCO O INDEBIDO DE CARRIL.,CHOQUE LATERAL,BUS,0,0,1,0,0,0,0,0,1,0,0,0,0,2,31,HOMBRE,LESIONADO,CONDUCTOR PRESENTE,NO,NO,1
29296,119076,119077,2022,0,0,-0.099083,-78.421844,PICHINCHA,QUITO,CALDERON (CARAPUNGO),RURAL,2022-01-30,09:05:00,9,DOMINGO,7,ENERO,1,NO,"CONDUCIR DESATENTO A LAS CONDICIONES DE TRANSITO (CELULAR, PANTALLAS DE VIDEO, COMIDA, MAQUILLAJE O CUALQUIER OTRO ELEMENTO DISTRACTOR).",OTROS,AUTOMOVIL,1,0,0,0,0,0,0,0,0,0,0,0,0,1,-1,NO IDENTIFICADO,NO IDENTIFICADO,CONDUCTOR AUSENTE,NO,NO,2
29297,119077,119078,2022,0,0,-0.085149,-78.390727,PICHINCHA,QUITO,CALDERON (CARAPUNGO),RURAL,2022-01-30,09:15:00,9,DOMINGO,7,ENERO,1,NO,"CONDUCIR DESATENTO A LAS CONDICIONES DE TRANSITO (CELULAR, PANTALLAS DE VIDEO, COMIDA, MAQUILLAJE O CUALQUIER OTRO ELEMENTO DISTRACTOR).",PERDIDA DE CARRIL,VEHICULO DEPORTIVO UTILITARIO,0,0,0,0,0,0,0,0,0,0,0,0,1,1,52,HOMBRE,ILESO,CONDUCTOR PRESENTE,NO,SI,3
29298,119080,119081,2022,1,0,-0.108255,-78.461339,PICHINCHA,QUITO,CALDERON (CARAPUNGO),RURAL,2022-01-30,09:50:00,9,DOMINGO,7,ENERO,1,NO,REALIZAR CAMBIO BRUSCO O INDEBIDO DE CARRIL.,CHOQUE LATERAL,MOTOCICLETA,1,0,0,0,0,0,0,0,1,0,0,0,0,2,27,HOMBRE,LESIONADO,CONDUCTOR PRESENTE,NO,NO,3
29299,119082,119083,2022,1,0,-0.175165,-78.485403,PICHINCHA,QUITO,QUITO,URBANA,2022-01-30,10:05:00,10,DOMINGO,7,ENERO,1,NO,CONDUCIR VEHICULO SUPERANDO LOS LIMITES MAXIMOS DE VELOCIDAD.,ATROPELLOS,MOTOCICLETA,0,0,0,0,0,0,0,0,1,0,0,0,0,1,78,HOMBRE,LESIONADO,PEATON,NO,NO,1
29300,119089,119090,2022,0,0,-0.261054,-78.545404,PICHINCHA,QUITO,QUITO,URBANA,2022-01-30,13:35:00,13,DOMINGO,7,ENERO,1,NO,"NO RESPETAR LAS SENIALES REGLAMENTARIAS DE TRANSITO. (PARE, CEDA EL PASO, LUZ ROJA DEL SEMAFORO, ETC).",OTROS,AUTOMOVIL,3,0,0,0,0,0,0,0,0,0,0,0,0,3,62,HOMBRE,ILESO,CONDUCTOR PRESENTE,NO,NO,1
29301,119090,119091,2022,3,1,-0.024381,-78.267044,PICHINCHA,CAYAMBE,OTON,RURAL,2022-01-30,13:45:00,13,DOMINGO,7,ENERO,1,NO,"CONDUCIR DESATENTO A LAS CONDICIONES DE TRANSITO (CELULAR, PANTALLAS DE VIDEO, COMIDA, MAQUILLAJE O CUALQUIER OTRO ELEMENTO DISTRACTOR).",CHOQUE FRONTAL,BUS,1,0,1,0,0,0,0,0,0,0,0,0,0,2,1,HOMBRE,FALLECIDO,PASAJERO,NO,SI,3
29302,119091,119092,2022,1,0,-0.442708,-78.667808,PICHINCHA,MEJIA,ALOAG,RURAL,2022-01-30,14:40:00,14,DOMINGO,7,ENERO,1,NO,NO GUARDAR LA DISTANCIA LATERAL MINIMA DE SEGURIDAD ENTRE VEHICULOS.,ROZAMIENTOS,NO IDENTIFICADO,0,0,0,0,0,0,0,0,0,1,0,0,0,1,-1,NO IDENTIFICADO,LESIONADO,PEATON,NO,NO,3
29303,119109,119110,2022,0,0,-0.336412,-78.544583,PICHINCHA,QUITO,QUITO,URBANA,2022-01-30,20:45:00,20,DOMINGO,7,ENERO,1,NO,CONDUCIR VEHICULO SUPERANDO LOS LIMITES MAXIMOS DE VELOCIDAD.,ESTRELLAMIENTOS,AUTOMOVIL,2,0,0,0,0,0,0,0,0,0,0,0,0,2,41,HOMBRE,ILESO,PASAJERO,NO,NO,1
29304,119113,119114,2022,0,0,-0.283152,-78.554531,PICHINCHA,QUITO,QUITO,URBANA,2022-01-31,00:50:00,0,LUNES,1,ENERO,1,NO,CONDUCIR VEHICULO SUPERANDO LOS LIMITES MAXIMOS DE VELOCIDAD.,ESTRELLAMIENTOS,AUTOMOVIL,1,0,0,0,0,0,0,0,0,0,0,0,0,1,-1,NO IDENTIFICADO,NO IDENTIFICADO,CONDUCTOR AUSENTE,NO,NO,2
29305,119126,119127,2022,4,0,-0.187808,-78.444336,PICHINCHA,QUITO,NAYON,RURAL,2022-01-31,07:30:00,7,LUNES,1,ENERO,1,NO,"CONDICIONES AMBIENTALES Y/O ATMOSFERICAS (NIEBLA, NEBLINA, GRANIZO, LLUVIA).",CHOQUE FRONTAL,AUTOMOVIL,2,0,0,0,0,0,0,0,0,0,0,0,0,2,33,MUJER,LESIONADO,CONDUCTOR PRESENTE,NO,NO,3
29306,119128,119129,2022,0,0,-0.068413,-78.372874,PICHINCHA,QUITO,GUAYLLABAMBA,RURAL,2022-01-31,07:50:00,7,LUNES,1,ENERO,1,NO,CONDUCIR VEHICULO SUPERANDO LOS LIMITES MAXIMOS DE VELOCIDAD.,PERDIDA DE CARRIL,AUTOMOVIL,1,0,0,0,0,0,0,0,0,0,0,0,0,1,38,MUJER,ILESO,CONDUCTOR PRESENTE,NO,SI,3
29307,119129,119130,2022,0,0,-0.069357,-78.372874,PICHINCHA,QUITO,CALDERON (CARAPUNGO),RURAL,2022-01-31,07:59:00,7,LUNES,1,ENERO,1,NO,"CONDUCIR DESATENTO A LAS CONDICIONES DE TRANSITO (CELULAR, PANTALLAS DE VIDEO, COMIDA, MAQUILLAJE O CUALQUIER OTRO ELEMENTO DISTRACTOR).",PERDIDA DE CARRIL,AUTOMOVIL,1,0,0,0,0,0,0,0,0,0,0,0,0,1,44,HOMBRE,ILESO,CONDUCTOR PRESENTE,NO,SI,3
29308,119130,119131,2022,0,0,-0.036741,-78.278117,PICHINCHA,CAYAMBE,SANTA ROSA DE CUZUBAMBA,RURAL,2022-01-31,08:00:00,8,LUNES,1,ENERO,1,NO,"CONDUCIR DESATENTO A LAS CONDICIONES DE TRANSITO (CELULAR, PANTALLAS DE VIDEO, COMIDA, MAQUILLAJE O CUALQUIER OTRO ELEMENTO DISTRACTOR).",OTROS,CAMION,0,0,0,1,0,0,0,0,0,0,0,0,0,1,56,HOMBRE,ILESO,CONDUCTOR PRESENTE,NO,SI,3
29309,119135,119136,2022,0,1,-0.177348,-78.473569,PICHINCHA,QUITO,QUITO,URBANA,2022-01-31,10:20:00,10,LUNES,1,ENERO,1,NO,"CONDICIONES AMBIENTALES Y/O ATMOSFERICAS (NIEBLA, NEBLINA, GRANIZO, LLUVIA).",OTROS,NO IDENTIFICADO,0,0,0,0,0,0,0,0,0,2,0,0,0,2,24,HOMBRE,FALLECIDO,CONDUCTOR PRESENTE,NO,NO,1
29310,119137,119138,2022,1,0,-0.250641,-78.538033,PICHINCHA,QUITO,QUITO,URBANA,2022-01-31,11:15:00,11,LUNES,1,ENERO,1,NO,PEATON QUE CRUZA LA CALZADA SIN RESPETAR LA SENIALIZACION EXISTENTE (SEMAFOROS O SENIALES MANUALES).,ATROPELLOS,BUS,0,0,1,0,0,0,0,0,0,0,0,0,0,1,77,HOMBRE,LESIONADO,PEATON,NO,NO,1
29311,119138,119139,2022,0,0,-0.105321,-78.385662,PICHINCHA,QUITO,CALDERON (CARAPUNGO),RURAL,2022-01-31,11:30:00,11,LUNES,1,ENERO,1,NO,"CONDUCIR DESATENTO A LAS CONDICIONES DE TRANSITO (CELULAR, PANTALLAS DE VIDEO, COMIDA, MAQUILLAJE O CUALQUIER OTRO ELEMENTO DISTRACTOR).",PERDIDA DE CARRIL,VEHICULO DEPORTIVO UTILITARIO,0,0,0,0,0,0,0,0,0,0,0,0,1,1,52,HOMBRE,ILESO,CONDUCTOR PRESENTE,NO,SI,3
29312,119148,119149,2022,1,0,-0.350557,-78.455207,PICHINCHA,RUMINIAHUI,SANGOLQUI,URBANA,2022-01-31,19:30:00,19,LUNES,1,ENERO,1,NO,"CONDUCIR DESATENTO A LAS CONDICIONES DE TRANSITO (CELULAR, PANTALLAS DE VIDEO, COMIDA, MAQUILLAJE O CUALQUIER OTRO ELEMENTO DISTRACTOR).",CHOQUE POSTERIOR,MOTOCICLETA,0,0,0,0,1,0,0,0,1,0,0,0,0,2,43,MUJER,LESIONADO,CONDUCTOR PRESENTE,NO,SI,1
29313,119153,119154,2022,1,0,-0.416528,-78.798528,PICHINCHA,MEJIA,MANUEL CORNEJO ASTORGA,RURAL,2022-01-31,22:27:00,22,LUNES,1,ENERO,1,NO,CONDUCIR EN SENTIDO CONTRARIO A LA VIA NORMAL DE CIRCULACION.,CHOQUE FRONTAL,CAMIONETA,0,0,1,0,1,0,0,0,0,0,0,0,0,2,-1,NO IDENTIFICADO,LESIONADO,CONDUCTOR PRESENTE,NO,NO,3
29314,119155,119156,2022,0,0,-0.242299,-78.512764,PICHINCHA,QUITO,QUITO,URBANA,2022-02-01,00:01:00,0,MARTES,2,FEBRERO,2,NO,"CONDUCIR DESATENTO A LAS CONDICIONES DE TRANSITO (CELULAR, PANTALLAS DE VIDEO, COMIDA, MAQUILLAJE O CUALQUIER OTRO ELEMENTO DISTRACTOR).",CHOQUE POSTERIOR,CAMION,1,0,0,1,0,0,0,0,0,0,0,0,0,2,28,HOMBRE,ILESO,CONDUCTOR PRESENTE,NO,NO,1
29315,119160,119161,2022,0,0,-0.097568,-78.485032,PICHINCHA,QUITO,QUITO,URBANA,2022-02-01,06:15:00,6,MARTES,2,FEBRERO,2,NO,"CONDICIONES AMBIENTALES Y/O ATMOSFERICAS (NIEBLA, NEBLINA, GRANIZO, LLUVIA).",COLISION,AUTOMOVIL,3,0,0,0,0,0,0,0,0,0,0,0,0,3,52,HOMBRE,ILESO,CONDUCTOR PRESENTE,NO,NO,1
29316,119167,119168,2022,0,0,-0.219832,-78.510211,PICHINCHA,QUITO,QUITO,URBANA,2022-02-01,09:20:00,9,MARTES,2,FEBRERO,2,NO,"NO RESPETAR LAS SENIALES REGLAMENTARIAS DE TRANSITO. (PARE, CEDA EL PASO, LUZ ROJA DEL SEMAFORO, ETC).",CHOQUE LATERAL,AUTOMOVIL,2,0,0,0,0,0,0,0,0,0,0,0,0,2,46,HOMBRE,ILESO,CONDUCTOR PRESENTE,NO,NO,1
29317,119168,119169,2022,1,0,-0.100622,-78.472207,PICHINCHA,QUITO,QUITO,URBANA,2022-02-01,09:45:00,9,MARTES,2,FEBRERO,2,NO,"CONDICIONES AMBIENTALES Y/O ATMOSFERICAS (NIEBLA, NEBLINA, GRANIZO, LLUVIA).",COLISION,CAMION,5,0,0,1,0,0,0,0,0,1,0,0,0,7,35,MUJER,LESIONADO,PASAJERO,NO,NO,1
29318,119169,119170,2022,0,0,-0.062147,-78.363947,PICHINCHA,QUITO,GUAYLLABAMBA,RURAL,2022-02-01,09:50:00,9,MARTES,2,FEBRERO,2,NO,"CONDUCIR DESATENTO A LAS CONDICIONES DE TRANSITO (CELULAR, PANTALLAS DE VIDEO, COMIDA, MAQUILLAJE O CUALQUIER OTRO ELEMENTO DISTRACTOR).",CHOQUE LATERAL,AUTOMOVIL,2,0,0,0,0,0,0,0,0,0,0,0,0,2,-1,MUJER,ILESO,CONDUCTOR PRESENTE,NO,SI,3
29319,119170,119171,2022,1,0,-0.205027,-78.501426,PICHINCHA,QUITO,QUITO,URBANA,2022-02-01,11:10:00,11,MARTES,2,FEBRERO,2,NO,DEJAR O RECOGER PASAJEROS EN LUGARES NO PERMITIDOS.,CAIDA DE PASAJERO,BUS,0,0,1,0,0,0,0,0,0,0,0,0,0,1,76,MUJER,LESIONADO,PASAJERO,NO,NO,1
29320,119177,119178,2022,0,0,-0.163073,-78.462599,PICHINCHA,QUITO,QUITO,URBANA,2022-02-01,16:10:00,16,MARTES,2,FEBRERO,2,NO,CONDUCIR VEHICULO SUPERANDO LOS LIMITES MAXIMOS DE VELOCIDAD.,COLISION,CAMIONETA,2,0,0,0,1,0,0,0,0,0,0,0,0,3,27,HOMBRE,ILESO,CONDUCTOR PRESENTE,NO,NO,1
29321,119191,119192,2022,1,0,-0.082746,-78.292881,PICHINCHA,CAYAMBE,ASCAZUBI,RURAL,2022-02-01,20:30:00,20,MARTES,2,FEBRERO,2,NO,"CONDUCIR DESATENTO A LAS CONDICIONES DE TRANSITO (CELULAR, PANTALLAS DE VIDEO, COMIDA, MAQUILLAJE O CUALQUIER OTRO ELEMENTO DISTRACTOR).",ARROLLAMIENTOS,NO IDENTIFICADO,0,0,0,0,0,0,0,0,0,1,0,0,0,1,42,MUJER,LESIONADO,PEATON,NO,SI,3
29322,119206,119207,2022,1,0,-0.086473,-78.423111,PICHINCHA,QUITO,CALDERON (CARAPUNGO),RURAL,2022-02-02,07:45:00,7,MIERCOLES,3,FEBRERO,2,NO,"CONDUCIR DESATENTO A LAS CONDICIONES DE TRANSITO (CELULAR, PANTALLAS DE VIDEO, COMIDA, MAQUILLAJE O CUALQUIER OTRO ELEMENTO DISTRACTOR).",CHOQUE LATERAL,CAMION,0,0,0,1,0,0,0,0,1,0,0,0,0,2,25,HOMBRE,LESIONADO,CONDUCTOR PRESENTE,NO,NO,3
29323,119215,119216,2022,1,2,-0.004469,-78.307642,PICHINCHA,PEDRO MONCAYO,TOCACHI,RURAL,2022-02-02,11:00:00,11,MIERCOLES,3,FEBRERO,2,NO,"CONDUCIR DESATENTO A LAS CONDICIONES DE TRANSITO (CELULAR, PANTALLAS DE VIDEO, COMIDA, MAQUILLAJE O CUALQUIER OTRO ELEMENTO DISTRACTOR).",PERDIDA DE CARRIL,AUTOMOVIL,1,0,0,0,0,0,0,0,0,0,0,0,0,1,1,HOMBRE,FALLECIDO,PASAJERO,NO,SI,3
29324,119229,119230,2022,0,0,-0.177282,-78.359537,PICHINCHA,QUITO,PUEMBO,RURAL,2022-02-02,17:40:00,17,MIERCOLES,3,FEBRERO,2,NO,REALIZAR CAMBIO BRUSCO O INDEBIDO DE CARRIL.,CHOQUE LATERAL,FURGONETA,1,0,0,0,0,0,0,1,0,0,0,0,0,2,25,HOMBRE,ILESO,CONDUCTOR PRESENTE,NO,NO,3
29325,119231,119232,2022,0,0,-0.292724,-78.476486,PICHINCHA,QUITO,CONOCOTO,RURAL,2022-02-02,18:00:00,18,MIERCOLES,3,FEBRERO,2,NO,CONDUCIR VEHICULO SUPERANDO LOS LIMITES MAXIMOS DE VELOCIDAD.,ESTRELLAMIENTOS,CAMION,1,0,0,1,0,0,0,0,0,0,0,0,0,2,-1,NO IDENTIFICADO,NO IDENTIFICADO,CONDUCTOR AUSENTE,NO,NO,2
29326,119233,119234,2022,0,0,-0.185691,-78.482505,PICHINCHA,QUITO,QUITO,URBANA,2022-02-02,18:45:00,18,MIERCOLES,3,FEBRERO,2,NO,"NO RESPETAR LAS SENIALES REGLAMENTARIAS DE TRANSITO. (PARE, CEDA EL PASO, LUZ ROJA DEL SEMAFORO, ETC).",CHOQUE LATERAL,MOTOCICLETA,1,0,0,0,0,0,0,0,1,0,0,0,0,2,38,HOMBRE,ILESO,CONDUCTOR PRESENTE,NO,NO,1
29327,119241,119242,2022,0,0,-0.034338,-78.453812,PICHINCHA,QUITO,POMASQUI,RURAL,2022-02-02,21:35:00,21,MIERCOLES,3,FEBRERO,2,NO,"CONDUCIR DESATENTO A LAS CONDICIONES DE TRANSITO (CELULAR, PANTALLAS DE VIDEO, COMIDA, MAQUILLAJE O CUALQUIER OTRO ELEMENTO DISTRACTOR).",PERDIDA DE CARRIL,AUTOMOVIL,1,0,0,0,0,0,0,0,0,0,0,0,0,1,33,HOMBRE,ILESO,PASAJERO,NO,SI,3
29328,119248,119249,2022,1,0,-0.086473,-78.423111,PICHINCHA,QUITO,CALDERON (CARAPUNGO),RURAL,2022-02-03,03:00:00,3,JUEVES,4,FEBRERO,2,NO,CONDUCIR VEHICULO SUPERANDO LOS LIMITES MAXIMOS DE VELOCIDAD.,PERDIDA DE CARRIL,MOTOCICLETA,0,0,0,0,0,0,0,0,1,0,0,0,0,1,21,HOMBRE,LESIONADO,PASAJERO,NO,NO,3
29329,119252,119253,2022,1,0,-0.082518,-78.418041,PICHINCHA,QUITO,CALDERON (CARAPUNGO),RURAL,2022-02-03,08:10:00,8,JUEVES,4,FEBRERO,2,NO,NO CEDER EL DERECHO DE VIA O PREFERENCIA DE PASO A VEHICULOS.,CHOQUE LATERAL,MOTOCICLETA,0,0,0,0,0,0,0,1,1,0,0,0,0,2,24,HOMBRE,LESIONADO,CONDUCTOR PRESENTE,NO,NO,3
29330,119257,119258,2022,0,0,-0.294768,-78.559281,PICHINCHA,QUITO,QUITO,URBANA,2022-02-03,10:17:00,10,JUEVES,4,FEBRERO,2,NO,"FALLA MECANICA EN LOS SISTEMAS Y/O NEUMATICOS (SISTEMA DE FRENOS, DIRECCION, ELECTRONICO O MECANICO).",ESTRELLAMIENTOS,AUTOMOVIL,1,0,0,0,0,0,0,0,0,0,0,0,0,1,7,HOMBRE,ILESO,PASAJERO,NO,NO,1
29331,119260,119261,2022,0,0,-0.162212,-78.498049,PICHINCHA,QUITO,QUITO,URBANA,2022-02-03,11:30:00,11,JUEVES,4,FEBRERO,2,NO,CONDUCIR VEHICULO SUPERANDO LOS LIMITES MAXIMOS DE VELOCIDAD.,CHOQUE POSTERIOR,AUTOMOVIL,2,0,0,0,0,0,0,0,0,0,0,0,0,2,28,HOMBRE,ILESO,CONDUCTOR PRESENTE,NO,NO,1
29332,119265,119266,2022,0,0,-0.274311,-78.558251,PICHINCHA,QUITO,QUITO,URBANA,2022-02-03,14:50:00,14,JUEVES,4,FEBRERO,2,NO,CONDUCIR VEHICULO SUPERANDO LOS LIMITES MAXIMOS DE VELOCIDAD.,OTROS,FURGONETA,0,0,0,0,0,0,0,1,0,0,0,0,0,1,-1,NO IDENTIFICADO,NO IDENTIFICADO,CONDUCTOR AUSENTE,NO,NO,2
29333,119272,119273,2022,1,0,-0.228385,-78.524294,PICHINCHA,QUITO,QUITO,URBANA,2022-02-03,17:25:00,17,JUEVES,4,FEBRERO,2,NO,"NO RESPETAR LAS SENIALES REGLAMENTARIAS DE TRANSITO. (PARE, CEDA EL PASO, LUZ ROJA DEL SEMAFORO, ETC).",CHOQUE LATERAL,CAMIONETA,0,0,0,0,2,0,0,0,0,0,0,0,0,2,53,MUJER,LESIONADO,PASAJERO,NO,NO,1
29334,119273,119274,2022,1,0,-0.086627,-78.423388,PICHINCHA,QUITO,CALDERON (CARAPUNGO),RURAL,2022-02-03,18:00:00,18,JUEVES,4,FEBRERO,2,NO,REALIZAR CAMBIO BRUSCO O INDEBIDO DE CARRIL.,CHOQUE LATERAL,MOTOCICLETA,0,0,0,0,0,0,0,0,1,1,0,0,0,2,28,HOMBRE,LESIONADO,CONDUCTOR PRESENTE,NO,NO,3
29335,119274,119275,2022,1,0,-0.280955,-78.548788,PICHINCHA,QUITO,QUITO,URBANA,2022-02-03,18:00:00,18,JUEVES,4,FEBRERO,2,NO,NO MANTENER LA DISTANCIA PRUDENCIAL CON RESPECTO AL VEHICULO QUE LE ANTECEDE.,CHOQUE POSTERIOR,MOTOCICLETA,1,0,0,0,0,0,0,0,1,0,0,0,0,2,30,HOMBRE,LESIONADO,CONDUCTOR PRESENTE,NO,NO,1
29336,119285,119286,2022,0,0,-0.206138,-78.483123,PICHINCHA,QUITO,QUITO,URBANA,2022-02-03,22:30:00,22,JUEVES,4,FEBRERO,2,NO,"NO RESPETAR LAS SENIALES REGLAMENTARIAS DE TRANSITO. (PARE, CEDA EL PASO, LUZ ROJA DEL SEMAFORO, ETC).",CHOQUE LATERAL,AUTOMOVIL,2,0,0,0,0,0,0,0,0,0,0,0,0,2,39,HOMBRE,ILESO,CONDUCTOR PRESENTE,NO,NO,1
29337,119288,119289,2022,0,0,-0.267286,-78.527086,PICHINCHA,QUITO,QUITO,URBANA,2022-02-04,00:05:00,0,VIERNES,5,FEBRERO,2,NO,CONDUCIR VEHICULO SUPERANDO LOS LIMITES MAXIMOS DE VELOCIDAD.,ESTRELLAMIENTOS,CAMION,0,0,0,1,0,0,0,0,0,0,0,0,0,1,37,HOMBRE,ILESO,CONDUCTOR PRESENTE,NO,NO,1
29338,119290,119291,2022,0,0,0.008405,-78.283953,PICHINCHA,PEDRO MONCAYO,TOCACHI,RURAL,2022-02-04,05:00:00,5,VIERNES,5,FEBRERO,2,NO,"CONDICIONES AMBIENTALES Y/O ATMOSFERICAS (NIEBLA, NEBLINA, GRANIZO, LLUVIA).",CHOQUE FRONTAL,CAMIONETA,0,0,0,0,1,0,0,0,0,0,0,0,1,2,28,HOMBRE,ILESO,CONDUCTOR PRESENTE,NO,SI,3
29339,119292,119293,2022,1,0,-0.236886,-78.526353,PICHINCHA,QUITO,QUITO,URBANA,2022-02-04,06:13:00,6,VIERNES,5,FEBRERO,2,NO,NO CEDER EL DERECHO DE VIA O PREFERENCIA DE PASO AL PEATON.,ATROPELLOS,NO IDENTIFICADO,0,0,0,0,0,0,0,0,0,1,0,0,0,1,77,HOMBRE,LESIONADO,PEATON,NO,NO,1
29340,119313,119314,2022,1,0,-0.095909,-78.479523,PICHINCHA,QUITO,QUITO,URBANA,2022-02-04,14:10:00,14,VIERNES,5,FEBRERO,2,NO,NO CEDER EL DERECHO DE VIA O PREFERENCIA DE PASO A VEHICULOS.,CHOQUE LATERAL,AUTOMOVIL,2,0,0,0,0,0,0,0,0,0,0,0,0,2,8,MUJER,LESIONADO,PASAJERO,NO,NO,1
29341,119323,119324,2022,1,0,-0.238491,-78.516346,PICHINCHA,QUITO,QUITO,URBANA,2022-02-04,17:00:00,17,VIERNES,5,FEBRERO,2,NO,REALIZAR CAMBIO BRUSCO O INDEBIDO DE CARRIL.,ROZAMIENTOS,BUS,0,1,1,0,0,0,0,0,0,0,0,0,0,2,33,HOMBRE,LESIONADO,CONDUCTOR PRESENTE,NO,NO,1