,Unnamed: 0,ID,ANIO,LESIONADOS,FALLECIDOS,LATITUD_Y,LONGITUD_X,PROVINCIA,CANTON,PARROQUIA,ZONA,FECHA,HORA,PERIODO_2,DIA_1,DIA_2,MES_1,MES_2,FERIADO,CAUSA_PROBABLE,TIPO_DE_SINIESTRO,TIPO_DE_VEHICULO_1,AUTOMOVIL,BICICLETA,BUS,CAMION,CAMIONETA,EMERGENCIAS,ESPECIAL,FURGONETA,MOTOCICLETA,NO_IDENTIFICADO,SCOOTER_ELECTRICO,TRICIMOTO,VEHICULO_DEPORTIVO_UTILITARIO,SUMA_DE_VEHICULOS,EDAD_1,SEXO_1,CONDICION_1,PARTICIPANTE_1,CASCO_1,CINTURON_1,KMeans_Cluster
29342,119328,119329,2022,1,0,-0.239082,-78.523432,PICHINCHA,QUITO,QUITO,URBANA,2022-02-04,20:10:00,20,VIERNES,5,FEBRERO,2,NO,REALIZAR CAMBIO BRUSCO O INDEBIDO DE CARRIL.,CHOQUE FRONTAL,MOTOCICLETA,1,0,0,0,0,0,0,0,1,0,0,0,0,2,28,HOMBRE,LESIONADO,CONDUCTOR PRESENTE,NO,NO,1
29343,119333,119334,2022,1,0,-0.272384,-78.523758,PICHINCHA,QUITO,QUITO,URBANA,2022-02-04,21:50:00,21,VIERNES,5,FEBRERO,2,NO,"NO RESPETAR LAS SENIALES REGLAMENTARIAS DE TRANSITO. (PARE, CEDA EL PASO, LUZ ROJA DEL SEMAFORO, ETC).",CHOQUE POSTERIOR,MOTOCICLETA,0,0,0,0,0,0,0,0,1,1,0,0,0,2,28,HOMBRE,LESIONADO,CONDUCTOR PRESENTE,NO,NO,1
29344,119335,119336,2022,3,0,-0.091834,-78.441851,PICHINCHA,QUITO,CALDERON (CARAPUNGO),RURAL,2022-02-04,22:00:00,22,VIERNES,5,FEBRERO,2,NO,CONDUCIR VEHICULO SUPERANDO LOS LIMITES MAXIMOS DE VELOCIDAD.,ESTRELLAMIENTOS,AUTOMOVIL,1,0,0,0,0,0,0,0,0,0,0,0,0,1,38,HOMBRE,LESIONADO,PASAJERO,NO,NO,3
29345,119342,119343,2022,0,0,-0.323661,-78.556475,PICHINCHA,QUITO,QUITO,URBANA,2022-02-05,00:05:00,0,SABADO,6,FEBRERO,2,NO,"CONDUCE BAJO LA INFLUENCIA DE ALCOHOL, SUSTANCIAS ESTUPEFACIENTES O PSICOTROPICAS Y/O MEDICAMENTOS.",CHOQUE LATERAL,FURGONETA,1,0,0,0,0,0,0,1,0,0,0,0,0,2,23,HOMBRE,ILESO,CONDUCTOR PRESENTE,NO,NO,1
29346,119354,119355,2022,0,0,-0.086652,-78.397271,PICHINCHA,QUITO,CALDERON (CARAPUNGO),RURAL,2022-02-05,05:00:00,5,SABADO,6,FEBRERO,2,NO,"CONDUCIR DESATENTO A LAS CONDICIONES DE TRANSITO (CELULAR, PANTALLAS DE VIDEO, COMIDA, MAQUILLAJE O CUALQUIER OTRO ELEMENTO DISTRACTOR).",PERDIDA DE CARRIL,NO IDENTIFICADO,0,0,0,0,0,0,0,0,0,1,0,0,0,1,40,HOMBRE,ILESO,CONDUCTOR PRESENTE,NO,SI,3
29347,119358,119359,2022,0,0,-0.233825,-78.484292,PICHINCHA,QUITO,QUITO,URBANA,2022-02-05,05:51:00,5,SABADO,6,FEBRERO,2,NO,"CONDUCIR EN ESTADO DE SOMNOLENCIA O MALAS CONDICIONES FISICAS (SUENIO, CANSANCIO Y FATIGA).",ESTRELLAMIENTOS,AUTOMOVIL,3,0,0,0,0,0,0,0,0,0,0,0,0,3,-1,HOMBRE,ILESO,CONDUCTOR PRESENTE,NO,NO,1
29348,119363,119364,2022,2,0,-0.104832,-78.501595,PICHINCHA,QUITO,QUITO,URBANA,2022-02-05,06:50:00,6,SABADO,6,FEBRERO,2,NO,"NO RESPETAR LAS SENIALES REGLAMENTARIAS DE TRANSITO. (PARE, CEDA EL PASO, LUZ ROJA DEL SEMAFORO, ETC).",CHOQUE LATERAL,MOTOCICLETA,1,0,0,0,0,0,0,0,1,0,0,0,0,2,28,HOMBRE,LESIONADO,PASAJERO,NO,NO,1
29349,119366,119367,2022,0,0,-0.099408,-78.407099,PICHINCHA,QUITO,CALDERON (CARAPUNGO),RURAL,2022-02-05,09:50:00,9,SABADO,6,FEBRERO,2,NO,"CONDUCIR DESATENTO A LAS CONDICIONES DE TRANSITO (CELULAR, PANTALLAS DE VIDEO, COMIDA, MAQUILLAJE O CUALQUIER OTRO ELEMENTO DISTRACTOR).",ROZAMIENTOS,CAMION,0,0,0,1,0,0,0,0,0,0,0,0,0,1,50,HOMBRE,ILESO,CONDUCTOR PRESENTE,NO,SI,3
29350,119368,119369,2022,0,0,-0.243553,-78.533238,PICHINCHA,QUITO,QUITO,URBANA,2022-02-05,10:10:00,10,SABADO,6,FEBRERO,2,NO,CONDUCIR VEHICULO SUPERANDO LOS LIMITES MAXIMOS DE VELOCIDAD.,ESTRELLAMIENTOS,AUTOMOVIL,3,0,0,0,0,0,0,0,0,0,0,0,0,3,30,HOMBRE,ILESO,CONDUCTOR PRESENTE,NO,NO,1
29351,119370,119371,2022,0,2,-0.563991,-78.443255,PICHINCHA,MEJIA,MACHACHI,RURAL,2022-02-05,12:00:00,12,SABADO,6,FEBRERO,2,NO,"CONDUCIR DESATENTO A LAS CONDICIONES DE TRANSITO (CELULAR, PANTALLAS DE VIDEO, COMIDA, MAQUILLAJE O CUALQUIER OTRO ELEMENTO DISTRACTOR).",PERDIDA DE CARRIL,VEHICULO DEPORTIVO UTILITARIO,0,0,0,0,0,0,0,0,0,0,0,0,1,1,21,HOMBRE,FALLECIDO,PASAJERO,NO,SI,3
29352,119383,119384,2022,1,0,-0.212824,-78.402686,PICHINCHA,QUITO,TUMBACO,RURAL,2022-02-05,17:50:00,17,SABADO,6,FEBRERO,2,NO,REALIZAR CAMBIO BRUSCO O INDEBIDO DE CARRIL.,CHOQUE LATERAL,BICICLETA,1,1,0,0,0,0,0,0,0,0,0,0,0,2,11,HOMBRE,LESIONADO,PEATON,NO,NO,3
29353,119385,119386,2022,0,1,0.033468,-78.145422,PICHINCHA,CAYAMBE,CAYAMBE,URBANA,2022-02-05,18:00:00,18,SABADO,6,FEBRERO,2,NO,"CONDUCIR DESATENTO A LAS CONDICIONES DE TRANSITO (CELULAR, PANTALLAS DE VIDEO, COMIDA, MAQUILLAJE O CUALQUIER OTRO ELEMENTO DISTRACTOR).",ARROLLAMIENTOS,NO IDENTIFICADO,0,0,0,0,0,0,0,0,0,1,0,0,0,1,5,MUJER,FALLECIDO,PEATON,NO,SI,1
29354,119392,119393,2022,0,0,-0.099083,-78.421844,PICHINCHA,QUITO,CALDERON (CARAPUNGO),URBANA,2022-02-05,19:25:00,19,SABADO,6,FEBRERO,2,NO,CONDUCIR VEHICULO SUPERANDO LOS LIMITES MAXIMOS DE VELOCIDAD.,OTROS,AUTOMOVIL,1,0,0,0,0,0,0,0,0,0,0,0,0,1,-1,NO IDENTIFICADO,NO IDENTIFICADO,CONDUCTOR AUSENTE,NO,NO,2
29355,119399,119400,2022,1,0,-0.279161,-78.542889,PICHINCHA,QUITO,QUITO,URBANA,2022-02-05,20:20:00,20,SABADO,6,FEBRERO,2,NO,NO CEDER EL DERECHO DE VIA O PREFERENCIA DE PASO AL PEATON.,ATROPELLOS,CAMIONETA,1,0,0,0,1,0,0,0,0,0,0,0,0,2,48,HOMBRE,LESIONADO,PEATON,NO,NO,1
29356,119400,119401,2022,1,0,-0.214111,-78.376901,PICHINCHA,QUITO,TUMBACO,RURAL,2022-02-05,20:50:00,20,SABADO,6,FEBRERO,2,NO,CONDUCIR VEHICULO SUPERANDO LOS LIMITES MAXIMOS DE VELOCIDAD.,VOLCAMIENTOS,AUTOMOVIL,1,0,0,0,0,0,0,0,0,0,0,0,0,1,14,HOMBRE,LESIONADO,PASAJERO,NO,NO,3
29357,119407,119408,2022,0,1,-0.328386,-78.390347,PICHINCHA,QUITO,LA MERCED,RURAL,2022-02-05,22:30:00,22,SABADO,6,FEBRERO,2,NO,"CONDUCIR DESATENTO A LAS CONDICIONES DE TRANSITO (CELULAR, PANTALLAS DE VIDEO, COMIDA, MAQUILLAJE O CUALQUIER OTRO ELEMENTO DISTRACTOR).",CHOQUE POSTERIOR,MOTOCICLETA,0,0,0,0,0,0,0,0,1,0,0,0,0,1,31,HOMBRE,FALLECIDO,CONDUCTOR PRESENTE,NO,SI,3
29358,119415,119416,2022,3,0,-0.481531,-78.568381,PICHINCHA,MEJIA,MACHACHI,RURAL,2022-02-05,23:50:00,23,SABADO,6,FEBRERO,2,NO,"CONDUCIR DESATENTO A LAS CONDICIONES DE TRANSITO (CELULAR, PANTALLAS DE VIDEO, COMIDA, MAQUILLAJE O CUALQUIER OTRO ELEMENTO DISTRACTOR).",CHOQUE FRONTAL,CAMIONETA,0,0,0,0,1,0,0,0,0,0,0,0,1,2,42,MUJER,LESIONADO,CONDUCTOR PRESENTE,NO,SI,3
29359,119417,119418,2022,0,0,-0.180591,-78.490769,PICHINCHA,QUITO,QUITO,URBANA,2022-02-06,00:05:00,0,DOMINGO,7,FEBRERO,2,NO,"FALLA MECANICA EN LOS SISTEMAS Y/O NEUMATICOS (SISTEMA DE FRENOS, DIRECCION, ELECTRONICO O MECANICO).",ESTRELLAMIENTOS,AUTOMOVIL,1,0,0,0,0,0,0,0,0,0,0,0,0,1,45,HOMBRE,ILESO,CONDUCTOR PRESENTE,NO,NO,1
29360,119420,119421,2022,0,1,-0.072887,-78.422536,PICHINCHA,QUITO,CALDERON (CARAPUNGO),RURAL,2022-02-06,01:05:00,1,DOMINGO,7,FEBRERO,2,NO,CONDUCIR VEHICULO SUPERANDO LOS LIMITES MAXIMOS DE VELOCIDAD.,PERDIDA DE CARRIL,MOTOCICLETA,0,0,0,0,0,0,0,0,1,0,0,0,0,1,27,HOMBRE,FALLECIDO,CONDUCTOR PRESENTE,NO,NO,3
29361,119422,119423,2022,0,0,-0.206463,-78.512244,PICHINCHA,QUITO,QUITO,URBANA,2022-02-06,01:30:00,1,DOMINGO,7,FEBRERO,2,NO,"CONDUCE BAJO LA INFLUENCIA DE ALCOHOL, SUSTANCIAS ESTUPEFACIENTES O PSICOTROPICAS Y/O MEDICAMENTOS.",CHOQUE POSTERIOR,CAMIONETA,1,0,0,0,1,0,0,0,0,0,0,0,0,2,42,HOMBRE,ILESO,CONDUCTOR PRESENTE,NO,NO,1
29362,119423,119424,2022,0,0,-0.273825,-78.510216,PICHINCHA,QUITO,QUITO,URBANA,2022-02-06,01:30:00,1,DOMINGO,7,FEBRERO,2,NO,NO MANTENER LA DISTANCIA PRUDENCIAL CON RESPECTO AL VEHICULO QUE LE ANTECEDE.,CHOQUE POSTERIOR,AUTOMOVIL,2,0,0,0,0,0,0,0,0,0,0,0,0,2,31,HOMBRE,ILESO,CONDUCTOR PRESENTE,NO,NO,1
29363,119424,119425,2022,0,1,-0.276434,-78.552487,PICHINCHA,QUITO,QUITO,URBANA,2022-02-06,01:40:00,1,DOMINGO,7,FEBRERO,2,NO,CONDUCIR VEHICULO SUPERANDO LOS LIMITES MAXIMOS DE VELOCIDAD.,PERDIDA DE CARRIL,MOTOCICLETA,0,0,0,0,0,0,0,0,1,0,0,0,0,1,25,HOMBRE,FALLECIDO,CONDUCTOR PRESENTE,NO,NO,1
29364,119426,119427,2022,0,0,-0.254205,-78.484058,PICHINCHA,QUITO,QUITO,RURAL,2022-02-06,02:00:00,2,DOMINGO,7,FEBRERO,2,NO,"ADELANTAR O REBASAR A OTRO VEHICULO EN MOVIMIENTO EN ZONAS O SITIOS PELIGROSOS TALES COMO: CURVAS, PUENTES, TUNELES, PENDIENTES, ETC.",PERDIDA DE CARRIL,AUTOMOVIL,1,0,0,0,0,0,0,0,0,0,0,0,0,1,-1,NO IDENTIFICADO,NO IDENTIFICADO,CONDUCTOR AUSENTE,NO,NO,2
29365,119431,119432,2022,0,0,-0.094816,-78.481131,PICHINCHA,QUITO,QUITO,URBANA,2022-02-06,03:15:00,3,DOMINGO,7,FEBRERO,2,NO,"CONDICIONES AMBIENTALES Y/O ATMOSFERICAS (NIEBLA, NEBLINA, GRANIZO, LLUVIA).",ESTRELLAMIENTOS,AUTOMOVIL,1,0,0,0,0,0,0,0,0,0,0,0,0,1,-1,NO IDENTIFICADO,NO IDENTIFICADO,CONDUCTOR AUSENTE,NO,NO,2
29366,119432,119433,2022,0,0,-0.135192,-78.493707,PICHINCHA,QUITO,QUITO,URBANA,2022-02-06,03:15:00,3,DOMINGO,7,FEBRERO,2,NO,"CONDICIONES AMBIENTALES Y/O ATMOSFERICAS (NIEBLA, NEBLINA, GRANIZO, LLUVIA).",ESTRELLAMIENTOS,CAMIONETA,1,0,0,0,1,0,0,0,0,0,0,0,0,2,32,HOMBRE,ILESO,CONDUCTOR PRESENTE,NO,NO,1
29367,119433,119434,2022,0,0,-0.304167,-78.542831,PICHINCHA,QUITO,QUITO,URBANA,2022-02-06,03:29:00,3,DOMINGO,7,FEBRERO,2,NO,CONDUCIR VEHICULO SUPERANDO LOS LIMITES MAXIMOS DE VELOCIDAD.,OTROS,MOTOCICLETA,0,0,0,0,0,0,0,0,1,0,0,0,0,1,-1,NO IDENTIFICADO,NO IDENTIFICADO,CONDUCTOR AUSENTE,NO,NO,2
29368,119442,119443,2022,2,0,-0.289456,-78.566497,PICHINCHA,QUITO,QUITO,URBANA,2022-02-06,05:45:00,5,DOMINGO,7,FEBRERO,2,NO,CONDUCIR VEHICULO SUPERANDO LOS LIMITES MAXIMOS DE VELOCIDAD.,ESTRELLAMIENTOS,AUTOMOVIL,1,0,0,0,0,0,0,0,0,0,0,0,0,1,38,HOMBRE,LESIONADO,PASAJERO,NO,NO,1
29369,119443,119444,2022,1,0,-0.041452,-78.284618,PICHINCHA,CAYAMBE,SANTA ROSA DE CUZUBAMBA,RURAL,2022-02-06,05:50:00,5,DOMINGO,7,FEBRERO,2,NO,"CONDUCIR DESATENTO A LAS CONDICIONES DE TRANSITO (CELULAR, PANTALLAS DE VIDEO, COMIDA, MAQUILLAJE O CUALQUIER OTRO ELEMENTO DISTRACTOR).",CHOQUE FRONTAL,CAMION,0,0,0,2,0,0,0,0,0,0,0,0,0,2,23,HOMBRE,LESIONADO,CONDUCTOR PRESENTE,NO,SI,3
29370,119444,119445,2022,0,0,-0.293646,-78.539922,PICHINCHA,QUITO,QUITO,URBANA,2022-02-06,05:50:00,5,DOMINGO,7,FEBRERO,2,NO,CONDUCIR VEHICULO SUPERANDO LOS LIMITES MAXIMOS DE VELOCIDAD.,PERDIDA DE CARRIL,AUTOMOVIL,1,0,0,0,0,0,0,0,0,0,0,0,0,1,-1,NO IDENTIFICADO,NO IDENTIFICADO,CONDUCTOR AUSENTE,NO,NO,2
29371,119451,119452,2022,1,0,-0.513052,-78.566969,PICHINCHA,MEJIA,MACHACHI,URBANA,2022-02-06,08:40:00,8,DOMINGO,7,FEBRERO,2,NO,"CONDUCE BAJO LA INFLUENCIA DE ALCOHOL, SUSTANCIAS ESTUPEFACIENTES O PSICOTROPICAS Y/O MEDICAMENTOS.",ARROLLAMIENTOS,AUTOMOVIL,1,0,0,0,0,0,0,0,0,0,0,0,0,1,64,HOMBRE,LESIONADO,PEATON,NO,SI,1
29372,119459,119460,2022,2,0,-0.334072,-78.204171,PICHINCHA,QUITO,PIFO,RURAL,2022-02-06,13:00:00,13,DOMINGO,7,FEBRERO,2,NO,"CONDUCIR DESATENTO A LAS CONDICIONES DE TRANSITO (CELULAR, PANTALLAS DE VIDEO, COMIDA, MAQUILLAJE O CUALQUIER OTRO ELEMENTO DISTRACTOR).",PERDIDA DE CARRIL,CAMION,0,0,0,1,1,0,0,0,0,0,0,0,0,2,38,MUJER,LESIONADO,PASAJERO,NO,SI,3
29373,119460,119461,2022,0,0,-0.250324,-78.525291,PICHINCHA,QUITO,QUITO,URBANA,2022-02-06,13:15:00,13,DOMINGO,7,FEBRERO,2,NO,NO MANTENER LA DISTANCIA PRUDENCIAL CON RESPECTO AL VEHICULO QUE LE ANTECEDE.,CHOQUE POSTERIOR,AUTOMOVIL,2,0,0,0,0,0,0,0,0,0,0,0,0,2,46,HOMBRE,ILESO,CONDUCTOR PRESENTE,NO,NO,1
29374,119478,119479,2022,0,0,-0.260126,-78.530789,PICHINCHA,QUITO,QUITO,URBANA,2022-02-06,19:30:00,19,DOMINGO,7,FEBRERO,2,NO,CONDUCIR VEHICULO SUPERANDO LOS LIMITES MAXIMOS DE VELOCIDAD.,OTROS,MOTOCICLETA,0,0,0,0,0,0,0,0,1,0,0,0,0,1,-1,NO IDENTIFICADO,NO IDENTIFICADO,CONDUCTOR AUSENTE,NO,NO,2
29375,119483,119484,2022,0,0,-0.263991,-78.487764,PICHINCHA,QUITO,CONOCOTO,RURAL,2022-02-06,20:50:00,20,DOMINGO,7,FEBRERO,2,NO,"FALLA MECANICA EN LOS SISTEMAS Y/O NEUMATICOS (SISTEMA DE FRENOS, DIRECCION, ELECTRONICO O MECANICO).",ESTRELLAMIENTOS,CAMIONETA,1,0,0,0,1,0,0,0,0,0,0,0,0,2,33,MUJER,ILESO,CONDUCTOR PRESENTE,NO,NO,3
29376,119488,119489,2022,0,0,-0.122271,-78.485151,PICHINCHA,QUITO,QUITO,URBANA,2022-02-06,23:30:00,23,DOMINGO,7,FEBRERO,2,NO,"CONDUCE BAJO LA INFLUENCIA DE ALCOHOL, SUSTANCIAS ESTUPEFACIENTES O PSICOTROPICAS Y/O MEDICAMENTOS.",CHOQUE LATERAL,AUTOMOVIL,2,0,0,0,0,0,0,0,0,0,0,0,0,2,52,HOMBRE,ILESO,CONDUCTOR PRESENTE,NO,NO,1
29377,119491,119492,2022,1,0,-0.125591,-78.478437,PICHINCHA,QUITO,QUITO,URBANA,2022-02-07,01:20:00,1,LUNES,1,FEBRERO,2,NO,"CONDUCIR EN ESTADO DE SOMNOLENCIA O MALAS CONDICIONES FISICAS (SUENIO, CANSANCIO Y FATIGA).",ESTRELLAMIENTOS,AUTOMOVIL,1,0,0,0,0,0,0,0,0,0,0,0,0,1,29,MUJER,LESIONADO,CONDUCTOR PRESENTE,NO,NO,1
29378,119496,119497,2022,1,0,-0.287947,-78.519949,PICHINCHA,QUITO,QUITO,URBANA,2022-02-07,04:20:00,4,LUNES,1,FEBRERO,2,NO,CONDUCIR VEHICULO SUPERANDO LOS LIMITES MAXIMOS DE VELOCIDAD.,PERDIDA DE CARRIL,CAMION,0,0,0,1,0,0,0,0,0,0,0,0,0,1,29,HOMBRE,LESIONADO,CONDUCTOR PRESENTE,NO,NO,1
29379,119503,119504,2022,1,0,-0.117009,-78.492081,PICHINCHA,QUITO,QUITO,URBANA,2022-02-07,07:45:00,7,LUNES,1,FEBRERO,2,NO,DEJAR O RECOGER PASAJEROS EN LUGARES NO PERMITIDOS.,CAIDA DE PASAJERO,BUS,0,0,1,0,0,0,0,0,0,0,0,0,0,1,62,MUJER,LESIONADO,PASAJERO,NO,NO,1
29380,119504,119505,2022,0,1,-0.032278,-78.453641,PICHINCHA,QUITO,POMASQUI,RURAL,2022-02-07,08:30:00,8,LUNES,1,FEBRERO,2,NO,PEATON QUE CRUZA LA CALZADA SIN RESPETAR LA SENIALIZACION EXISTENTE (SEMAFOROS O SENIALES MANUALES).,ARROLLAMIENTOS,NO IDENTIFICADO,0,0,0,0,0,0,0,0,0,1,0,0,0,1,99,HOMBRE,FALLECIDO,PEATON,NO,SI,3
29381,119506,119507,2022,0,0,-0.222109,-78.400137,PICHINCHA,QUITO,TUMBACO,URBANA,2022-02-07,09:10:00,9,LUNES,1,FEBRERO,2,NO,CONDUCIR VEHICULO SUPERANDO LOS LIMITES MAXIMOS DE VELOCIDAD.,ESTRELLAMIENTOS,AUTOMOVIL,1,0,0,0,0,0,0,0,0,0,0,0,0,1,68,HOMBRE,ILESO,CONDUCTOR PRESENTE,NO,NO,1
29382,119509,119510,2022,0,0,-0.252259,-78.539108,PICHINCHA,QUITO,QUITO,URBANA,2022-02-07,10:30:00,10,LUNES,1,FEBRERO,2,NO,"NO RESPETAR LAS SENIALES REGLAMENTARIAS DE TRANSITO. (PARE, CEDA EL PASO, LUZ ROJA DEL SEMAFORO, ETC).",CHOQUE LATERAL,CAMION,1,0,0,1,0,0,0,0,0,0,0,0,0,2,21,HOMBRE,ILESO,CONDUCTOR PRESENTE,NO,NO,1
29383,119510,119511,2022,0,0,-0.209719,-78.503822,PICHINCHA,QUITO,QUITO,URBANA,2022-02-07,10:30:00,10,LUNES,1,FEBRERO,2,NO,"NO RESPETAR LAS SENIALES REGLAMENTARIAS DE TRANSITO. (PARE, CEDA EL PASO, LUZ ROJA DEL SEMAFORO, ETC).",CHOQUE LATERAL,MOTOCICLETA,1,0,0,0,0,0,0,0,1,0,0,0,0,2,52,MUJER,ILESO,CONDUCTOR PRESENTE,NO,NO,1
29384,119514,119515,2022,1,0,-0.002221,-78.454385,PICHINCHA,QUITO,SAN ANTONIO (QUITO),RURAL,2022-02-07,13:50:00,13,LUNES,1,FEBRERO,2,NO,NO CEDER EL DERECHO DE VIA O PREFERENCIA DE PASO A VEHICULOS.,CHOQUE LATERAL,MOTOCICLETA,0,0,0,0,0,0,0,0,1,1,0,0,0,2,25,MUJER,LESIONADO,CONDUCTOR PRESENTE,NO,NO,3
29385,119515,119516,2022,2,0,-0.206664,-78.500979,PICHINCHA,QUITO,QUITO,URBANA,2022-02-07,14:00:00,14,LUNES,1,FEBRERO,2,NO,"NO RESPETAR LAS SENIALES REGLAMENTARIAS DE TRANSITO. (PARE, CEDA EL PASO, LUZ ROJA DEL SEMAFORO, ETC).",CHOQUE LATERAL,AUTOMOVIL,2,0,0,0,0,0,0,0,0,0,0,0,0,2,20,MUJER,LESIONADO,PASAJERO,NO,NO,1
29386,119521,119522,2022,0,0,-0.314719,-78.552402,PICHINCHA,QUITO,QUITO,URBANA,2022-02-07,17:00:00,17,LUNES,1,FEBRERO,2,NO,"CONDUCE BAJO LA INFLUENCIA DE ALCOHOL, SUSTANCIAS ESTUPEFACIENTES O PSICOTROPICAS Y/O MEDICAMENTOS.",ESTRELLAMIENTOS,MOTOCICLETA,2,0,0,0,0,0,0,0,1,0,0,0,0,3,30,HOMBRE,ILESO,CONDUCTOR PRESENTE,NO,NO,1
29387,119541,119542,2022,0,0,-0.287413,-78.523681,PICHINCHA,QUITO,QUITO,URBANA,2022-02-08,07:27:00,7,MARTES,2,FEBRERO,2,NO,"CONDICIONES AMBIENTALES Y/O ATMOSFERICAS (NIEBLA, NEBLINA, GRANIZO, LLUVIA).",CHOQUE FRONTAL,AUTOMOVIL,2,0,0,0,0,0,0,0,0,0,0,0,0,2,23,HOMBRE,ILESO,CONDUCTOR PRESENTE,NO,NO,1
29388,119543,119544,2022,0,0,-0.117531,-78.423938,PICHINCHA,QUITO,CALDERON (CARAPUNGO),RURAL,2022-02-08,07:38:00,7,MARTES,2,FEBRERO,2,NO,"CONDICIONES AMBIENTALES Y/O ATMOSFERICAS (NIEBLA, NEBLINA, GRANIZO, LLUVIA).",ESTRELLAMIENTOS,AUTOMOVIL,1,0,0,0,0,0,0,0,0,0,0,0,0,1,38,HOMBRE,ILESO,CONDUCTOR PRESENTE,NO,NO,3
29389,119550,119551,2022,0,1,-0.181801,-78.487226,PICHINCHA,QUITO,QUITO,URBANA,2022-02-08,13:30:00,13,MARTES,2,FEBRERO,2,NO,REALIZAR CAMBIO BRUSCO O INDEBIDO DE CARRIL.,ROZAMIENTOS,MOTOCICLETA,0,0,0,0,1,0,0,0,1,0,0,0,0,2,40,HOMBRE,FALLECIDO,CONDUCTOR PRESENTE,NO,NO,1
29390,119551,119552,2022,1,0,-0.224177,-78.507383,PICHINCHA,QUITO,QUITO,URBANA,2022-02-08,13:30:00,13,MARTES,2,FEBRERO,2,NO,"ADELANTAR O REBASAR A OTRO VEHICULO EN MOVIMIENTO EN ZONAS O SITIOS PELIGROSOS TALES COMO: CURVAS, PUENTES, TUNELES, PENDIENTES, ETC.",CHOQUE LATERAL,BUS,1,0,1,0,0,0,0,0,0,0,0,0,0,2,49,MUJER,LESIONADO,PASAJERO,NO,NO,1
29391,119552,119553,2022,0,0,-0.281461,-78.558411,PICHINCHA,QUITO,QUITO,URBANA,2022-02-08,14:15:00,14,MARTES,2,FEBRERO,2,NO,"NO RESPETAR LAS SENIALES REGLAMENTARIAS DE TRANSITO. (PARE, CEDA EL PASO, LUZ ROJA DEL SEMAFORO, ETC).",CHOQUE LATERAL,CAMION,1,0,0,1,0,0,0,0,0,0,0,0,0,2,25,MUJER,ILESO,CONDUCTOR PRESENTE,NO,NO,1
29392,119556,119557,2022,0,0,-0.212824,-78.402686,PICHINCHA,QUITO,TUMBACO,RURAL,2022-02-08,16:50:00,16,MARTES,2,FEBRERO,2,NO,CONDUCIR VEHICULO SUPERANDO LOS LIMITES MAXIMOS DE VELOCIDAD.,CHOQUE POSTERIOR,BUS,1,0,1,0,0,0,0,0,0,0,0,0,0,2,43,HOMBRE,ILESO,CONDUCTOR PRESENTE,NO,NO,3
29393,119557,119558,2022,1,0,-0.059143,-78.456044,PICHINCHA,QUITO,POMASQUI,RURAL,2022-02-08,17:20:00,17,MARTES,2,FEBRERO,2,NO,"CONDUCIR DESATENTO A LAS CONDICIONES DE TRANSITO (CELULAR, PANTALLAS DE VIDEO, COMIDA, MAQUILLAJE O CUALQUIER OTRO ELEMENTO DISTRACTOR).",CHOQUE FRONTAL,MOTOCICLETA,0,0,0,0,1,0,0,0,1,0,0,0,0,2,57,HOMBRE,LESIONADO,CONDUCTOR PRESENTE,NO,SI,3
29394,119610,119611,2022,0,0,-0.212824,-78.402686,PICHINCHA,QUITO,TUMBACO,RURAL,2022-02-10,04:17:00,4,JUEVES,4,FEBRERO,2,NO,CONDUCIR VEHICULO SUPERANDO LOS LIMITES MAXIMOS DE VELOCIDAD.,ESTRELLAMIENTOS,CAMIONETA,0,0,0,0,1,0,0,0,0,0,0,0,0,1,-1,NO IDENTIFICADO,NO IDENTIFICADO,CONDUCTOR AUSENTE,NO,NO,2
29395,119616,119617,2022,0,0,-0.284269,-78.518971,PICHINCHA,QUITO,QUITO,URBANA,2022-02-10,07:10:00,7,JUEVES,4,FEBRERO,2,NO,NO MANTENER LA DISTANCIA PRUDENCIAL CON RESPECTO AL VEHICULO QUE LE ANTECEDE.,CHOQUE POSTERIOR,AUTOMOVIL,2,0,0,0,0,0,0,0,0,0,0,0,0,2,45,HOMBRE,ILESO,CONDUCTOR PRESENTE,NO,NO,1
29396,119618,119619,2022,2,1,-0.297758,-78.531034,PICHINCHA,QUITO,QUITO,URBANA,2022-02-10,08:14:00,8,JUEVES,4,FEBRERO,2,NO,NO TRANSITAR POR LAS ACERAS O ZONAS DE SEGURIDAD DESTINADAS PARA EL EFECTO.,ATROPELLOS,MOTOCICLETA,0,0,0,0,0,0,0,0,1,0,0,0,0,1,30,MUJER,FALLECIDO,PEATON,NO,NO,1
29397,119625,119626,2022,0,0,-0.239314,-78.473457,PICHINCHA,QUITO,QUITO,URBANA,2022-02-10,12:30:00,12,JUEVES,4,FEBRERO,2,NO,CONDUCIR VEHICULO SUPERANDO LOS LIMITES MAXIMOS DE VELOCIDAD.,COLISION,CAMIONETA,2,0,0,0,1,0,0,0,0,0,0,0,0,3,57,HOMBRE,ILESO,CONDUCTOR PRESENTE,NO,NO,1
29398,119636,119637,2022,1,0,-0.183454,-78.490336,PICHINCHA,QUITO,QUITO,URBANA,2022-02-10,15:30:00,15,JUEVES,4,FEBRERO,2,NO,NO CEDER EL DERECHO DE VIA O PREFERENCIA DE PASO AL PEATON.,ATROPELLOS,MOTOCICLETA,0,0,0,0,0,0,0,0,1,0,0,0,0,1,5,MUJER,LESIONADO,PEATON,NO,NO,1