,Unnamed: 0,ID,ANIO,LESIONADOS,FALLECIDOS,LATITUD_Y,LONGITUD_X,PROVINCIA,CANTON,PARROQUIA,ZONA,FECHA,HORA,PERIODO_2,DIA_1,DIA_2,MES_1,MES_2,FERIADO,CAUSA_PROBABLE,TIPO_DE_SINIESTRO,TIPO_DE_VEHICULO_1,AUTOMOVIL,BICICLETA,BUS,CAMION,CAMIONETA,EMERGENCIAS,ESPECIAL,FURGONETA,MOTOCICLETA,NO_IDENTIFICADO,SCOOTER_ELECTRICO,TRICIMOTO,VEHICULO_DEPORTIVO_UTILITARIO,SUMA_DE_VEHICULOS,EDAD_1,SEXO_1,CONDICION_1,PARTICIPANTE_1,CASCO_1,CINTURON_1,KMeans_Cluster
29399,119637,119638,2022,0,0,-0.157804,-78.475971,PICHINCHA,QUITO,QUITO,URBANA,2022-02-10,15:55:00,15,JUEVES,4,FEBRERO,2,NO,NO CEDER EL DERECHO DE VIA O PREFERENCIA DE PASO A VEHICULOS.,CHOQUE LATERAL,CAMIONETA,1,0,0,0,1,0,0,0,0,0,0,0,0,2,43,HOMBRE,ILESO,CONDUCTOR PRESENTE,NO,NO,1
29400,119640,119641,2022,0,0,-0.148115,-78.440616,PICHINCHA,QUITO,ZAMBIZA,RURAL,2022-02-10,16:23:00,16,JUEVES,4,FEBRERO,2,NO,CONDUCIR VEHICULO SUPERANDO LOS LIMITES MAXIMOS DE VELOCIDAD.,ESTRELLAMIENTOS,CAMIONETA,0,0,0,0,1,0,0,0,0,0,0,0,0,1,36,HOMBRE,ILESO,CONDUCTOR PRESENTE,NO,NO,3
29401,119649,119650,2022,1,0,-0.146272,-78.475036,PICHINCHA,QUITO,QUITO,URBANA,2022-02-10,20:10:00,20,JUEVES,4,FEBRERO,2,NO,"NO RESPETAR LAS SENIALES REGLAMENTARIAS DE TRANSITO. (PARE, CEDA EL PASO, LUZ ROJA DEL SEMAFORO, ETC).",CHOQUE LATERAL,BICICLETA,1,1,0,0,0,0,0,0,0,0,0,0,0,2,22,HOMBRE,LESIONADO,CONDUCTOR PRESENTE,NO,NO,1
29402,119652,119653,2022,1,0,-0.302646,-78.553997,PICHINCHA,QUITO,QUITO,URBANA,2022-02-10,21:35:00,21,JUEVES,4,FEBRERO,2,NO,NO CEDER EL DERECHO DE VIA O PREFERENCIA DE PASO A VEHICULOS.,CHOQUE FRONTAL,MOTOCICLETA,1,0,0,0,0,0,0,0,1,0,0,0,0,2,27,HOMBRE,LESIONADO,CONDUCTOR PRESENTE,NO,NO,1
29403,119655,119656,2022,1,0,-0.282701,-78.544403,PICHINCHA,QUITO,QUITO,URBANA,2022-02-10,22:15:00,22,JUEVES,4,FEBRERO,2,NO,"NO RESPETAR LAS SENIALES REGLAMENTARIAS DE TRANSITO. (PARE, CEDA EL PASO, LUZ ROJA DEL SEMAFORO, ETC).",CHOQUE LATERAL,AUTOMOVIL,2,0,0,0,0,0,0,0,0,0,0,0,0,2,23,HOMBRE,LESIONADO,PASAJERO,NO,NO,1
29404,119660,119661,2022,0,0,-0.189786,-78.495387,PICHINCHA,QUITO,QUITO,URBANA,2022-02-11,03:00:00,3,VIERNES,5,FEBRERO,2,NO,"CONDICIONES AMBIENTALES Y/O ATMOSFERICAS (NIEBLA, NEBLINA, GRANIZO, LLUVIA).",ESTRELLAMIENTOS,AUTOMOVIL,1,0,0,0,0,0,0,0,0,0,0,0,0,1,-1,NO IDENTIFICADO,NO IDENTIFICADO,CONDUCTOR AUSENTE,NO,NO,2
29405,119661,119662,2022,0,0,-0.239636,-78.493133,PICHINCHA,QUITO,QUITO,URBANA,2022-02-11,03:10:00,3,VIERNES,5,FEBRERO,2,NO,"CONDICIONES AMBIENTALES Y/O ATMOSFERICAS (NIEBLA, NEBLINA, GRANIZO, LLUVIA).",ESTRELLAMIENTOS,AUTOMOVIL,1,0,0,0,0,0,0,0,0,0,0,0,0,1,-1,NO IDENTIFICADO,NO IDENTIFICADO,CONDUCTOR AUSENTE,NO,NO,2
29406,119666,119667,2022,0,0,-0.242463,-78.497381,PICHINCHA,QUITO,QUITO,URBANA,2022-02-11,06:00:00,6,VIERNES,5,FEBRERO,2,NO,CONDUCIR VEHICULO SUPERANDO LOS LIMITES MAXIMOS DE VELOCIDAD.,CHOQUE POSTERIOR,CAMION,0,0,0,2,0,0,0,0,0,0,0,0,0,2,29,HOMBRE,ILESO,CONDUCTOR PRESENTE,NO,NO,1
29407,119669,119670,2022,0,0,-0.281133,-78.557236,PICHINCHA,QUITO,QUITO,URBANA,2022-02-11,06:38:00,6,VIERNES,5,FEBRERO,2,NO,REALIZAR CAMBIO BRUSCO O INDEBIDO DE CARRIL.,OTROS,AUTOMOVIL,3,0,0,0,0,0,0,0,0,0,0,0,0,3,48,HOMBRE,ILESO,CONDUCTOR PRESENTE,NO,NO,1
29408,119673,119674,2022,0,0,-0.137645,-78.501298,PICHINCHA,QUITO,QUITO,URBANA,2022-02-11,08:25:00,8,VIERNES,5,FEBRERO,2,NO,"NO RESPETAR LAS SENIALES REGLAMENTARIAS DE TRANSITO. (PARE, CEDA EL PASO, LUZ ROJA DEL SEMAFORO, ETC).",COLISION,AUTOMOVIL,4,0,0,0,0,0,0,0,0,0,0,0,0,4,48,MUJER,ILESO,CONDUCTOR PRESENTE,NO,NO,1
29409,119688,119689,2022,0,0,-0.156561,-78.439725,PICHINCHA,QUITO,NAYON,RURAL,2022-02-11,15:10:00,15,VIERNES,5,FEBRERO,2,NO,"CONDICIONES AMBIENTALES Y/O ATMOSFERICAS (NIEBLA, NEBLINA, GRANIZO, LLUVIA).",ESTRELLAMIENTOS,MOTOCICLETA,1,0,0,0,1,0,0,0,1,0,0,0,0,3,24,HOMBRE,ILESO,CONDUCTOR PRESENTE,NO,NO,3
29410,119703,119704,2022,1,0,-0.323199,-78.402584,PICHINCHA,QUITO,PINTAG,RURAL,2022-02-11,22:20:00,22,VIERNES,5,FEBRERO,2,NO,"CONDUCIR DESATENTO A LAS CONDICIONES DE TRANSITO (CELULAR, PANTALLAS DE VIDEO, COMIDA, MAQUILLAJE O CUALQUIER OTRO ELEMENTO DISTRACTOR).",CHOQUE POSTERIOR,CAMION,0,0,0,1,0,0,0,0,0,1,0,0,0,2,24,HOMBRE,LESIONADO,CONDUCTOR PRESENTE,NO,SI,3
29411,119708,119709,2022,2,0,-0.287628,-78.467445,PICHINCHA,QUITO,CONOCOTO,RURAL,2022-02-11,23:35:00,23,VIERNES,5,FEBRERO,2,NO,"CONDICIONES AMBIENTALES Y/O ATMOSFERICAS (NIEBLA, NEBLINA, GRANIZO, LLUVIA).",ESTRELLAMIENTOS,CAMIONETA,1,0,0,0,1,0,0,0,0,0,0,0,0,2,34,HOMBRE,LESIONADO,PASAJERO,NO,SI,3
29412,119710,119711,2022,0,0,-0.284276,-78.535964,PICHINCHA,QUITO,QUITO,URBANA,2022-02-11,23:40:00,23,VIERNES,5,FEBRERO,2,NO,"CONDICIONES AMBIENTALES Y/O ATMOSFERICAS (NIEBLA, NEBLINA, GRANIZO, LLUVIA).",ESTRELLAMIENTOS,AUTOMOVIL,1,0,0,0,0,0,0,0,0,0,0,0,0,1,-1,NO IDENTIFICADO,NO IDENTIFICADO,CONDUCTOR AUSENTE,NO,NO,2
29413,119711,119712,2022,0,0,-0.275302,-78.540794,PICHINCHA,QUITO,QUITO,URBANA,2022-02-11,23:40:00,23,VIERNES,5,FEBRERO,2,NO,"CONDICIONES AMBIENTALES Y/O ATMOSFERICAS (NIEBLA, NEBLINA, GRANIZO, LLUVIA).",CHOQUE POSTERIOR,AUTOMOVIL,2,0,0,0,0,0,0,0,0,0,0,0,0,2,36,MUJER,ILESO,CONDUCTOR PRESENTE,NO,NO,1
29414,119714,119715,2022,1,0,-0.298275,-78.425775,PICHINCHA,QUITO,ALANGASI,RURAL,2022-02-12,01:58:00,1,SABADO,6,FEBRERO,2,NO,"CONDICIONES AMBIENTALES Y/O ATMOSFERICAS (NIEBLA, NEBLINA, GRANIZO, LLUVIA).",ESTRELLAMIENTOS,AUTOMOVIL,1,0,0,0,0,0,0,0,0,0,0,0,0,1,26,HOMBRE,LESIONADO,PASAJERO,NO,NO,3
29415,119717,119718,2022,0,1,-0.108661,-78.488243,PICHINCHA,QUITO,QUITO,URBANA,2022-02-12,02:50:00,2,SABADO,6,FEBRERO,2,NO,"CONDICIONES AMBIENTALES Y/O ATMOSFERICAS (NIEBLA, NEBLINA, GRANIZO, LLUVIA).",PERDIDA DE CARRIL,MOTOCICLETA,0,0,0,0,0,0,0,0,1,0,0,0,0,1,43,HOMBRE,FALLECIDO,CONDUCTOR PRESENTE,NO,NO,1
29416,119721,119722,2022,0,0,-0.237628,-78.484445,PICHINCHA,QUITO,QUITO,URBANA,2022-02-12,05:10:00,5,SABADO,6,FEBRERO,2,NO,CONDUCIR VEHICULO SUPERANDO LOS LIMITES MAXIMOS DE VELOCIDAD.,PERDIDA DE CARRIL,AUTOMOVIL,1,0,0,0,0,0,0,0,0,0,0,0,0,1,-1,NO IDENTIFICADO,NO IDENTIFICADO,CONDUCTOR AUSENTE,NO,NO,2
29417,119724,119725,2022,0,0,-0.102441,-78.469145,PICHINCHA,QUITO,QUITO,URBANA,2022-02-12,05:20:00,5,SABADO,6,FEBRERO,2,NO,CONDUCIR VEHICULO SUPERANDO LOS LIMITES MAXIMOS DE VELOCIDAD.,ESTRELLAMIENTOS,AUTOMOVIL,1,0,0,0,0,0,0,0,0,0,0,0,0,1,33,HOMBRE,ILESO,CONDUCTOR PRESENTE,NO,NO,1
29418,119726,119727,2022,0,0,-0.107535,-78.447011,PICHINCHA,QUITO,CALDERON (CARAPUNGO),RURAL,2022-02-12,06:20:00,6,SABADO,6,FEBRERO,2,NO,REALIZAR CAMBIO BRUSCO O INDEBIDO DE CARRIL.,CHOQUE LATERAL,AUTOMOVIL,2,0,0,0,0,0,0,0,0,0,0,0,0,2,38,HOMBRE,ILESO,PASAJERO,NO,NO,3
29419,119729,119730,2022,0,0,-0.298676,-78.522848,PICHINCHA,QUITO,QUITO,URBANA,2022-02-12,06:55:00,6,SABADO,6,FEBRERO,2,NO,"CONDICIONES AMBIENTALES Y/O ATMOSFERICAS (NIEBLA, NEBLINA, GRANIZO, LLUVIA).",CHOQUE POSTERIOR,BUS,0,0,1,0,1,0,0,0,0,0,0,0,0,2,74,HOMBRE,ILESO,CONDUCTOR PRESENTE,NO,NO,1
29420,119733,119734,2022,1,0,-0.216109,-78.514381,PICHINCHA,QUITO,QUITO,URBANA,2022-02-12,09:55:00,9,SABADO,6,FEBRERO,2,NO,PEATON QUE CRUZA LA CALZADA SIN RESPETAR LA SENIALIZACION EXISTENTE (SEMAFOROS O SENIALES MANUALES).,OTROS,BUS,0,0,1,0,0,0,0,0,0,0,0,0,0,1,37,MUJER,LESIONADO,PEATON,NO,NO,1
29421,119734,119735,2022,2,0,-0.166688,-78.324766,PICHINCHA,QUITO,YARUQUI,RURAL,2022-02-12,10:30:00,10,SABADO,6,FEBRERO,2,NO,"CONDUCIR DESATENTO A LAS CONDICIONES DE TRANSITO (CELULAR, PANTALLAS DE VIDEO, COMIDA, MAQUILLAJE O CUALQUIER OTRO ELEMENTO DISTRACTOR).",ARROLLAMIENTOS,MOTOCICLETA,0,0,0,0,0,0,0,0,1,0,0,0,0,1,20,MUJER,LESIONADO,PASAJERO,NO,SI,3
29422,119755,119756,2022,0,1,-0.204386,-78.506007,PICHINCHA,QUITO,QUITO,URBANA,2022-02-12,18:45:00,18,SABADO,6,FEBRERO,2,NO,DEJAR O RECOGER PASAJEROS EN LUGARES NO PERMITIDOS.,CAIDA DE PASAJERO,NO IDENTIFICADO,0,0,0,0,0,0,0,0,0,1,0,0,0,1,69,MUJER,FALLECIDO,PASAJERO,NO,NO,1
29423,119756,119757,2022,2,0,-0.109235,-78.489061,PICHINCHA,QUITO,QUITO,URBANA,2022-02-12,18:58:00,18,SABADO,6,FEBRERO,2,NO,NO TRANSITAR POR LAS ACERAS O ZONAS DE SEGURIDAD DESTINADAS PARA EL EFECTO.,ATROPELLOS,AUTOMOVIL,1,0,0,0,0,0,0,0,0,0,0,0,0,1,43,MUJER,LESIONADO,PEATON,NO,NO,1
29424,119759,119760,2022,0,0,-0.246247,-78.507436,PICHINCHA,QUITO,QUITO,URBANA,2022-02-12,19:55:00,19,SABADO,6,FEBRERO,2,NO,CONDUCIR VEHICULO SUPERANDO LOS LIMITES MAXIMOS DE VELOCIDAD.,PERDIDA DE CARRIL,AUTOMOVIL,1,0,0,0,0,0,0,0,0,0,0,0,0,1,21,HOMBRE,ILESO,PASAJERO,NO,NO,1
29425,119767,119768,2022,0,1,-0.532963,-78.581228,PICHINCHA,MEJIA,ALOASI,RURAL,2022-02-12,21:30:00,21,SABADO,6,FEBRERO,2,NO,PEATON QUE CRUZA LA CALZADA SIN RESPETAR LA SENIALIZACION EXISTENTE (SEMAFOROS O SENIALES MANUALES).,ARROLLAMIENTOS,NO IDENTIFICADO,0,0,0,0,0,0,0,0,0,1,0,0,0,1,54,HOMBRE,FALLECIDO,PEATON,NO,SI,3
29426,119774,119775,2022,0,0,-0.264497,-78.549346,PICHINCHA,QUITO,QUITO,URBANA,2022-02-12,22:19:00,22,SABADO,6,FEBRERO,2,NO,"CONDUCE BAJO LA INFLUENCIA DE ALCOHOL, SUSTANCIAS ESTUPEFACIENTES O PSICOTROPICAS Y/O MEDICAMENTOS.",ROZAMIENTOS,AUTOMOVIL,2,0,0,0,0,0,0,0,0,0,0,0,0,2,25,HOMBRE,ILESO,CONDUCTOR PRESENTE,NO,NO,1
29427,119776,119777,2022,0,0,-0.281537,-78.556534,PICHINCHA,QUITO,QUITO,URBANA,2022-02-12,22:25:00,22,SABADO,6,FEBRERO,2,NO,"CONDUCE BAJO LA INFLUENCIA DE ALCOHOL, SUSTANCIAS ESTUPEFACIENTES O PSICOTROPICAS Y/O MEDICAMENTOS.",CHOQUE FRONTAL,CAMIONETA,1,0,0,0,1,0,0,0,0,0,0,0,0,2,35,HOMBRE,ILESO,CONDUCTOR PRESENTE,NO,NO,1
29428,119784,119785,2022,0,0,-0.277207,-78.555399,PICHINCHA,QUITO,QUITO,URBANA,2022-02-13,00:30:00,0,DOMINGO,7,FEBRERO,2,NO,"CONDUCE BAJO LA INFLUENCIA DE ALCOHOL, SUSTANCIAS ESTUPEFACIENTES O PSICOTROPICAS Y/O MEDICAMENTOS.",CHOQUE LATERAL,AUTOMOVIL,2,0,0,0,0,0,0,0,0,0,0,0,0,2,43,HOMBRE,ILESO,CONDUCTOR PRESENTE,NO,NO,1
29429,119795,119796,2022,0,1,-0.109369,-78.458375,PICHINCHA,QUITO,CALDERON (CARAPUNGO),URBANA,2022-02-13,02:45:00,2,DOMINGO,7,FEBRERO,2,NO,"CONDUCE BAJO LA INFLUENCIA DE ALCOHOL, SUSTANCIAS ESTUPEFACIENTES O PSICOTROPICAS Y/O MEDICAMENTOS.",CHOQUE POSTERIOR,MOTOCICLETA,1,0,0,0,0,0,0,0,1,0,0,0,0,2,28,HOMBRE,FALLECIDO,CONDUCTOR PRESENTE,NO,NO,1
29430,119799,119800,2022,0,0,-0.535326,-78.582059,PICHINCHA,MEJIA,ALOASI,RURAL,2022-02-13,04:15:00,4,DOMINGO,7,FEBRERO,2,NO,"CONDUCIR DESATENTO A LAS CONDICIONES DE TRANSITO (CELULAR, PANTALLAS DE VIDEO, COMIDA, MAQUILLAJE O CUALQUIER OTRO ELEMENTO DISTRACTOR).",CHOQUE POSTERIOR,AUTOMOVIL,2,0,0,0,0,0,0,0,0,0,0,0,0,2,29,HOMBRE,ILESO,CONDUCTOR PRESENTE,NO,SI,3
29431,119803,119804,2022,0,0,-0.143178,-78.461011,PICHINCHA,QUITO,QUITO,URBANA,2022-02-13,04:50:00,4,DOMINGO,7,FEBRERO,2,NO,CONDUCIR VEHICULO SUPERANDO LOS LIMITES MAXIMOS DE VELOCIDAD.,OTROS,MOTOCICLETA,0,0,0,0,0,0,0,0,1,0,0,0,0,1,-1,NO IDENTIFICADO,NO IDENTIFICADO,CONDUCTOR AUSENTE,NO,NO,2
29432,119806,119807,2022,4,0,-0.215928,-78.394843,PICHINCHA,QUITO,TUMBACO,RURAL,2022-02-13,05:15:00,5,DOMINGO,7,FEBRERO,2,NO,"CONDUCE BAJO LA INFLUENCIA DE ALCOHOL, SUSTANCIAS ESTUPEFACIENTES O PSICOTROPICAS Y/O MEDICAMENTOS.",CHOQUE LATERAL,AUTOMOVIL,2,0,0,0,0,0,0,0,0,0,0,0,0,2,26,HOMBRE,LESIONADO,CONDUCTOR PRESENTE,NO,NO,3
29433,119807,119808,2022,0,0,-0.301001,-78.556479,PICHINCHA,QUITO,QUITO,URBANA,2022-02-13,05:30:00,5,DOMINGO,7,FEBRERO,2,NO,NO MANTENER LA DISTANCIA PRUDENCIAL CON RESPECTO AL VEHICULO QUE LE ANTECEDE.,CHOQUE POSTERIOR,BUS,0,0,1,0,1,0,0,0,0,0,0,0,0,2,34,MUJER,ILESO,CONDUCTOR PRESENTE,NO,NO,1
29434,119808,119809,2022,0,2,-0.278843,-78.547773,PICHINCHA,QUITO,QUITO,URBANA,2022-02-13,05:46:00,5,DOMINGO,7,FEBRERO,2,NO,CONDUCIR VEHICULO SUPERANDO LOS LIMITES MAXIMOS DE VELOCIDAD.,CHOQUE LATERAL,MOTOCICLETA,0,0,0,0,0,0,0,0,1,1,0,0,0,2,39,HOMBRE,FALLECIDO,PASAJERO,NO,NO,1
29435,119810,119811,2022,0,0,-0.292724,-78.476486,PICHINCHA,QUITO,CONOCOTO,RURAL,2022-02-13,06:00:00,6,DOMINGO,7,FEBRERO,2,NO,CONDUCIR VEHICULO SUPERANDO LOS LIMITES MAXIMOS DE VELOCIDAD.,ESTRELLAMIENTOS,AUTOMOVIL,1,0,0,0,0,0,0,0,0,0,0,0,0,1,46,HOMBRE,ILESO,CONDUCTOR PRESENTE,NO,NO,3
29436,119814,119815,2022,0,0,-0.144011,-78.479857,PICHINCHA,QUITO,QUITO,URBANA,2022-02-13,06:25:00,6,DOMINGO,7,FEBRERO,2,NO,CONDUCIR VEHICULO SUPERANDO LOS LIMITES MAXIMOS DE VELOCIDAD.,ESTRELLAMIENTOS,AUTOMOVIL,1,0,0,0,0,0,0,0,0,0,0,0,0,1,4,HOMBRE,ILESO,PASAJERO,NO,NO,1
29437,119815,119816,2022,0,0,0.047812,-78.214769,PICHINCHA,PEDRO MONCAYO,TABACUNDO,RURAL,2022-02-13,06:30:00,6,DOMINGO,7,FEBRERO,2,NO,"NO RESPETAR LAS SENIALES REGLAMENTARIAS DE TRANSITO. (PARE, CEDA EL PASO, LUZ ROJA DEL SEMAFORO, ETC).",CHOQUE LATERAL,AUTOMOVIL,2,0,0,0,0,0,0,0,0,0,0,0,0,2,28,HOMBRE,ILESO,CONDUCTOR PRESENTE,NO,NO,3
29438,119823,119824,2022,1,0,-0.185011,-78.487161,PICHINCHA,QUITO,QUITO,URBANA,2022-02-13,08:45:00,8,DOMINGO,7,FEBRERO,2,NO,"NO RESPETAR LAS SENIALES REGLAMENTARIAS DE TRANSITO. (PARE, CEDA EL PASO, LUZ ROJA DEL SEMAFORO, ETC).",CHOQUE LATERAL,MOTOCICLETA,1,0,0,0,0,0,0,0,1,0,0,0,0,2,41,HOMBRE,LESIONADO,CONDUCTOR PRESENTE,NO,NO,1
29439,119827,119828,2022,0,1,-0.062211,-78.432685,PICHINCHA,QUITO,CALDERON (CARAPUNGO),RURAL,2022-02-13,11:40:00,11,DOMINGO,7,FEBRERO,2,NO,"CONDUCE BAJO LA INFLUENCIA DE ALCOHOL, SUSTANCIAS ESTUPEFACIENTES O PSICOTROPICAS Y/O MEDICAMENTOS.",ATROPELLOS,AUTOMOVIL,1,0,0,0,0,0,0,0,0,0,0,0,0,1,65,HOMBRE,FALLECIDO,PEATON,NO,NO,3
29440,119833,119834,2022,0,0,-0.469022,-78.565821,PICHINCHA,MEJIA,MACHACHI,RURAL,2022-02-13,13:00:00,13,DOMINGO,7,FEBRERO,2,NO,"CONDUCIR DESATENTO A LAS CONDICIONES DE TRANSITO (CELULAR, PANTALLAS DE VIDEO, COMIDA, MAQUILLAJE O CUALQUIER OTRO ELEMENTO DISTRACTOR).",CHOQUE POSTERIOR,CAMIONETA,1,0,0,0,1,0,0,0,0,0,0,0,0,2,42,HOMBRE,ILESO,CONDUCTOR PRESENTE,NO,SI,3
29441,119834,119835,2022,1,0,-0.065671,-78.463152,PICHINCHA,QUITO,POMASQUI,RURAL,2022-02-13,14:00:00,14,DOMINGO,7,FEBRERO,2,NO,"CONDUCIR DESATENTO A LAS CONDICIONES DE TRANSITO (CELULAR, PANTALLAS DE VIDEO, COMIDA, MAQUILLAJE O CUALQUIER OTRO ELEMENTO DISTRACTOR).",ESTRELLAMIENTOS,MOTOCICLETA,1,0,0,0,0,0,0,0,1,0,0,0,0,2,25,HOMBRE,LESIONADO,CONDUCTOR PRESENTE,NO,SI,3
29442,119837,119838,2022,0,0,-0.196669,-78.466599,PICHINCHA,QUITO,QUITO,URBANA,2022-02-13,15:05:00,15,DOMINGO,7,FEBRERO,2,NO,CONDUCIR VEHICULO SUPERANDO LOS LIMITES MAXIMOS DE VELOCIDAD.,CHOQUE LATERAL,CAMIONETA,1,0,0,0,1,0,0,0,0,0,0,0,0,2,38,HOMBRE,ILESO,CONDUCTOR PRESENTE,NO,NO,1
29443,119838,119839,2022,4,0,-0.196669,-78.466599,PICHINCHA,QUITO,QUITO,RURAL,2022-02-13,15:13:00,15,DOMINGO,7,FEBRERO,2,NO,"CONDUCE BAJO LA INFLUENCIA DE ALCOHOL, SUSTANCIAS ESTUPEFACIENTES O PSICOTROPICAS Y/O MEDICAMENTOS.",CHOQUE FRONTAL,AUTOMOVIL,2,0,0,0,0,0,0,0,0,0,0,0,0,2,9,MUJER,LESIONADO,PASAJERO,NO,NO,3
29444,119844,119845,2022,0,0,-0.111384,-78.460224,PICHINCHA,QUITO,CALDERON (CARAPUNGO),RURAL,2022-02-13,16:00:00,16,DOMINGO,7,FEBRERO,2,NO,REALIZAR CAMBIO BRUSCO O INDEBIDO DE CARRIL.,ROZAMIENTOS,MOTOCICLETA,1,0,0,0,0,0,0,0,1,0,0,0,0,2,32,HOMBRE,ILESO,CONDUCTOR PRESENTE,NO,NO,3
29445,119846,119847,2022,0,0,-0.254863,-78.503537,PICHINCHA,QUITO,QUITO,URBANA,2022-02-13,16:25:00,16,DOMINGO,7,FEBRERO,2,NO,"CONDICIONES AMBIENTALES Y/O ATMOSFERICAS (NIEBLA, NEBLINA, GRANIZO, LLUVIA).",CHOQUE FRONTAL,FURGONETA,1,0,0,0,0,0,0,1,0,0,0,0,0,2,22,HOMBRE,ILESO,CONDUCTOR PRESENTE,NO,NO,1
29446,119849,119850,2022,2,0,-0.251569,-78.302361,PICHINCHA,QUITO,PIFO,RURAL,2022-02-13,17:00:00,17,DOMINGO,7,FEBRERO,2,NO,"CONDICIONES AMBIENTALES Y/O ATMOSFERICAS (NIEBLA, NEBLINA, GRANIZO, LLUVIA).",CHOQUE LATERAL,CAMIONETA,0,0,0,0,2,0,0,0,0,0,0,0,0,2,21,MUJER,LESIONADO,PASAJERO,NO,SI,3
29447,119853,119854,2022,1,0,-0.247854,-78.526124,PICHINCHA,QUITO,QUITO,URBANA,2022-02-13,18:00:00,18,DOMINGO,7,FEBRERO,2,NO,"CONDICIONES AMBIENTALES Y/O ATMOSFERICAS (NIEBLA, NEBLINA, GRANIZO, LLUVIA).",PERDIDA DE CARRIL,MOTOCICLETA,0,0,0,0,0,0,0,0,1,0,0,0,0,1,57,HOMBRE,LESIONADO,CONDUCTOR PRESENTE,NO,NO,1
29448,119855,119856,2022,0,0,-0.223928,-78.523098,PICHINCHA,QUITO,QUITO,URBANA,2022-02-13,18:30:00,18,DOMINGO,7,FEBRERO,2,NO,"CONDICIONES AMBIENTALES Y/O ATMOSFERICAS (NIEBLA, NEBLINA, GRANIZO, LLUVIA).",ESTRELLAMIENTOS,AUTOMOVIL,1,0,0,0,0,0,0,0,0,0,0,0,0,1,-1,NO IDENTIFICADO,NO IDENTIFICADO,CONDUCTOR AUSENTE,NO,NO,2
29449,119862,119863,2022,1,0,-0.275815,-78.489117,PICHINCHA,QUITO,CONOCOTO,URBANA,2022-02-13,20:30:00,20,DOMINGO,7,FEBRERO,2,NO,PEATON QUE CRUZA LA CALZADA SIN RESPETAR LA SENIALIZACION EXISTENTE (SEMAFOROS O SENIALES MANUALES).,ARROLLAMIENTOS,VEHICULO DEPORTIVO UTILITARIO,0,0,0,0,0,0,0,0,0,0,0,0,1,1,26,HOMBRE,LESIONADO,PEATON,NO,SI,1
29450,119864,119865,2022,1,0,-0.099083,-78.421844,PICHINCHA,QUITO,CALDERON (CARAPUNGO),RURAL,2022-02-13,21:00:00,21,DOMINGO,7,FEBRERO,2,NO,"CONDICIONES AMBIENTALES Y/O ATMOSFERICAS (NIEBLA, NEBLINA, GRANIZO, LLUVIA).",ATROPELLOS,AUTOMOVIL,1,0,0,0,0,0,0,0,0,0,0,0,0,1,51,HOMBRE,LESIONADO,PEATON,NO,NO,3
29451,119876,119877,2022,1,0,-0.217821,-78.491471,PICHINCHA,QUITO,QUITO,URBANA,2022-02-13,23:40:00,23,DOMINGO,7,FEBRERO,2,NO,"CONDICIONES AMBIENTALES Y/O ATMOSFERICAS (NIEBLA, NEBLINA, GRANIZO, LLUVIA).",PERDIDA DE CARRIL,AUTOMOVIL,1,0,0,0,0,0,0,0,0,0,0,0,0,1,33,HOMBRE,LESIONADO,PASAJERO,NO,NO,1
29452,119878,119879,2022,0,0,-0.244435,-78.482091,PICHINCHA,QUITO,QUITO,URBANA,2022-02-14,00:03:00,0,LUNES,1,FEBRERO,2,NO,"CONDICIONES AMBIENTALES Y/O ATMOSFERICAS (NIEBLA, NEBLINA, GRANIZO, LLUVIA).",ESTRELLAMIENTOS,AUTOMOVIL,1,0,0,0,0,0,0,0,0,0,0,0,0,1,-1,NO IDENTIFICADO,NO IDENTIFICADO,CONDUCTOR AUSENTE,NO,NO,2
29453,119884,119885,2022,2,0,-0.283576,-78.535479,PICHINCHA,QUITO,QUITO,URBANA,2022-02-14,04:27:00,4,LUNES,1,FEBRERO,2,NO,"NO RESPETAR LAS SENIALES REGLAMENTARIAS DE TRANSITO. (PARE, CEDA EL PASO, LUZ ROJA DEL SEMAFORO, ETC).",CHOQUE LATERAL,MOTOCICLETA,1,0,0,0,0,0,0,0,1,0,0,0,0,2,54,HOMBRE,LESIONADO,PASAJERO,NO,NO,1
29454,119895,119896,2022,1,0,-0.218835,-78.508978,PICHINCHA,QUITO,QUITO,URBANA,2022-02-14,11:25:00,11,LUNES,1,FEBRERO,2,NO,NO TRANSITAR POR LAS ACERAS O ZONAS DE SEGURIDAD DESTINADAS PARA EL EFECTO.,ATROPELLOS,MOTOCICLETA,0,0,0,0,0,0,0,0,1,0,0,0,0,1,2,HOMBRE,LESIONADO,PEATON,NO,NO,1
29455,119898,119899,2022,0,0,-0.121124,-78.441886,PICHINCHA,QUITO,CALDERON (CARAPUNGO),RURAL,2022-02-14,13:30:00,13,LUNES,1,FEBRERO,2,NO,"PRESENCIA DE AGENTES EXTERNOS EN LA VIA (AGUA, ACEITE, PIEDRA, LASTRE, ESCOMBROS, MADEROS, ETC.).",CHOQUE LATERAL,FURGONETA,1,0,0,0,0,0,0,1,0,0,0,0,0,2,41,HOMBRE,ILESO,CONDUCTOR PRESENTE,NO,NO,3
29456,119900,119901,2022,0,0,-0.206518,-78.494387,PICHINCHA,QUITO,QUITO,URBANA,2022-02-14,14:45:00,14,LUNES,1,FEBRERO,2,NO,CONDUCIR VEHICULO SUPERANDO LOS LIMITES MAXIMOS DE VELOCIDAD.,CHOQUE LATERAL,AUTOMOVIL,1,0,0,0,0,0,0,0,0,1,0,0,0,2,36,MUJER,ILESO,CONDUCTOR PRESENTE,NO,NO,1