,Unnamed: 0,ID,ANIO,LESIONADOS,FALLECIDOS,LATITUD_Y,LONGITUD_X,PROVINCIA,CANTON,PARROQUIA,ZONA,FECHA,HORA,PERIODO_2,DIA_1,DIA_2,MES_1,MES_2,FERIADO,CAUSA_PROBABLE,TIPO_DE_SINIESTRO,TIPO_DE_VEHICULO_1,AUTOMOVIL,BICICLETA,BUS,CAMION,CAMIONETA,EMERGENCIAS,ESPECIAL,FURGONETA,MOTOCICLETA,NO_IDENTIFICADO,SCOOTER_ELECTRICO,TRICIMOTO,VEHICULO_DEPORTIVO_UTILITARIO,SUMA_DE_VEHICULOS,EDAD_1,SEXO_1,CONDICION_1,PARTICIPANTE_1,CASCO_1,CINTURON_1,KMeans_Cluster
29457,119908,119909,2022,2,0,-0.129185,-78.501501,PICHINCHA,QUITO,QUITO,URBANA,2022-02-14,16:35:00,16,LUNES,1,FEBRERO,2,NO,NO TRANSITAR POR LAS ACERAS O ZONAS DE SEGURIDAD DESTINADAS PARA EL EFECTO.,ATROPELLOS,FURGONETA,0,0,0,0,0,0,0,1,0,0,0,0,0,1,62,MUJER,LESIONADO,PEATON,NO,NO,1
29458,119913,119914,2022,0,0,-0.251322,-78.513948,PICHINCHA,QUITO,QUITO,URBANA,2022-02-14,19:00:00,19,LUNES,1,FEBRERO,2,NO,"CONDUCE BAJO LA INFLUENCIA DE ALCOHOL, SUSTANCIAS ESTUPEFACIENTES O PSICOTROPICAS Y/O MEDICAMENTOS.",ESTRELLAMIENTOS,AUTOMOVIL,2,0,0,0,0,0,0,0,0,0,0,0,0,2,53,HOMBRE,ILESO,CONDUCTOR PRESENTE,NO,NO,1
29459,119916,119917,2022,2,0,-0.129158,-78.499481,PICHINCHA,QUITO,QUITO,URBANA,2022-02-14,19:25:00,19,LUNES,1,FEBRERO,2,NO,"NO RESPETAR LAS SENIALES REGLAMENTARIAS DE TRANSITO. (PARE, CEDA EL PASO, LUZ ROJA DEL SEMAFORO, ETC).",CHOQUE LATERAL,MOTOCICLETA,1,0,0,0,0,0,0,0,1,0,0,0,0,2,23,HOMBRE,LESIONADO,CONDUCTOR PRESENTE,NO,NO,1
29460,119920,119921,2022,0,0,-0.006357,-78.452696,PICHINCHA,QUITO,SAN ANTONIO (QUITO),RURAL,2022-02-14,21:20:00,21,LUNES,1,FEBRERO,2,NO,"CONDUCE BAJO LA INFLUENCIA DE ALCOHOL, SUSTANCIAS ESTUPEFACIENTES O PSICOTROPICAS Y/O MEDICAMENTOS.",CHOQUE LATERAL,CAMIONETA,0,0,0,0,1,0,0,0,0,0,0,0,1,2,78,HOMBRE,ILESO,CONDUCTOR PRESENTE,NO,SI,3
29461,119922,119923,2022,2,0,-0.187808,-78.444336,PICHINCHA,QUITO,NAYON,RURAL,2022-02-14,21:30:00,21,LUNES,1,FEBRERO,2,NO,CONDUCIR VEHICULO SUPERANDO LOS LIMITES MAXIMOS DE VELOCIDAD.,CHOQUE LATERAL,AUTOMOVIL,2,0,0,0,0,0,0,0,0,0,0,0,0,2,34,MUJER,LESIONADO,CONDUCTOR PRESENTE,NO,NO,3
29462,119923,119924,2022,0,0,-0.262161,-78.548079,PICHINCHA,QUITO,QUITO,URBANA,2022-02-14,21:45:00,21,LUNES,1,FEBRERO,2,NO,NO GUARDAR LA DISTANCIA LATERAL MINIMA DE SEGURIDAD ENTRE VEHICULOS.,ROZAMIENTOS,CAMION,1,0,0,1,0,0,0,0,0,0,0,0,0,2,38,HOMBRE,ILESO,CONDUCTOR PRESENTE,NO,NO,1
29463,119927,119928,2022,0,0,-0.276484,-78.552341,PICHINCHA,QUITO,QUITO,URBANA,2022-02-14,23:25:00,23,LUNES,1,FEBRERO,2,NO,CONDUCIR VEHICULO SUPERANDO LOS LIMITES MAXIMOS DE VELOCIDAD.,ESTRELLAMIENTOS,AUTOMOVIL,1,0,0,0,0,0,0,0,0,0,0,0,0,1,5,MUJER,ILESO,PASAJERO,NO,NO,1
29464,119929,119930,2022,1,0,-0.023609,-78.333563,PICHINCHA,PEDRO MONCAYO,TOCACHI,RURAL,2022-02-15,00:15:00,0,MARTES,2,FEBRERO,2,NO,"CONDUCIR DESATENTO A LAS CONDICIONES DE TRANSITO (CELULAR, PANTALLAS DE VIDEO, COMIDA, MAQUILLAJE O CUALQUIER OTRO ELEMENTO DISTRACTOR).",ESTRELLAMIENTOS,AUTOMOVIL,1,0,0,0,0,0,0,0,0,0,0,0,0,1,32,HOMBRE,LESIONADO,PASAJERO,NO,SI,3
29465,119937,119938,2022,0,0,-0.273825,-78.510216,PICHINCHA,QUITO,QUITO,URBANA,2022-02-15,05:55:00,5,MARTES,2,FEBRERO,2,NO,"FALLA MECANICA EN LOS SISTEMAS Y/O NEUMATICOS (SISTEMA DE FRENOS, DIRECCION, ELECTRONICO O MECANICO).",ESTRELLAMIENTOS,AUTOMOVIL,1,0,0,0,0,0,0,0,0,0,0,0,0,1,75,HOMBRE,ILESO,CONDUCTOR PRESENTE,NO,NO,1
29466,119944,119945,2022,0,0,-0.196342,-78.484597,PICHINCHA,QUITO,QUITO,URBANA,2022-02-15,10:10:00,10,MARTES,2,FEBRERO,2,NO,REALIZAR CAMBIO BRUSCO O INDEBIDO DE CARRIL.,CHOQUE LATERAL,AUTOMOVIL,2,0,0,0,0,0,0,0,0,0,0,0,0,2,41,HOMBRE,ILESO,CONDUCTOR PRESENTE,NO,NO,1
29467,119949,119950,2022,0,0,-0.144407,-78.481923,PICHINCHA,QUITO,QUITO,URBANA,2022-02-15,13:00:00,13,MARTES,2,FEBRERO,2,NO,"NO RESPETAR LAS SENIALES REGLAMENTARIAS DE TRANSITO. (PARE, CEDA EL PASO, LUZ ROJA DEL SEMAFORO, ETC).",OTROS,AUTOMOVIL,3,0,0,0,0,0,0,0,0,0,0,0,0,3,47,HOMBRE,ILESO,CONDUCTOR PRESENTE,NO,NO,1
29468,119955,119956,2022,1,0,-0.187426,-78.479813,PICHINCHA,QUITO,QUITO,URBANA,2022-02-15,15:45:00,15,MARTES,2,FEBRERO,2,NO,NO MANTENER LA DISTANCIA PRUDENCIAL CON RESPECTO AL VEHICULO QUE LE ANTECEDE.,CHOQUE POSTERIOR,MOTOCICLETA,1,0,0,0,0,0,0,0,1,0,0,0,0,2,25,HOMBRE,LESIONADO,CONDUCTOR PRESENTE,NO,NO,1
29469,119957,119958,2022,1,0,0.046085,-78.147311,PICHINCHA,CAYAMBE,CAYAMBE,RURAL,2022-02-15,16:10:00,16,MARTES,2,FEBRERO,2,NO,"PRESENCIA DE AGENTES EXTERNOS EN LA VIA (AGUA, ACEITE, PIEDRA, LASTRE, ESCOMBROS, MADEROS, ETC.).",PERDIDA DE CARRIL,NO IDENTIFICADO,0,0,0,0,0,0,0,0,0,1,0,0,0,1,37,HOMBRE,LESIONADO,CONDUCTOR PRESENTE,NO,SI,3
29470,119958,119959,2022,0,0,-0.237492,-78.484551,PICHINCHA,QUITO,QUITO,URBANA,2022-02-15,16:20:00,16,MARTES,2,FEBRERO,2,NO,"FALLA MECANICA EN LOS SISTEMAS Y/O NEUMATICOS (SISTEMA DE FRENOS, DIRECCION, ELECTRONICO O MECANICO).",ESTRELLAMIENTOS,AUTOMOVIL,1,0,0,0,0,0,0,0,0,0,0,0,0,1,39,HOMBRE,ILESO,CONDUCTOR PRESENTE,NO,NO,1
29471,119968,119969,2022,0,0,-0.204463,-78.503009,PICHINCHA,QUITO,QUITO,URBANA,2022-02-15,21:45:00,21,MARTES,2,FEBRERO,2,NO,"NO RESPETAR LAS SENIALES REGLAMENTARIAS DE TRANSITO. (PARE, CEDA EL PASO, LUZ ROJA DEL SEMAFORO, ETC).",OTROS,AUTOMOVIL,1,0,0,0,0,0,0,0,0,0,0,0,0,1,39,HOMBRE,ILESO,CONDUCTOR PRESENTE,NO,NO,1
29472,119973,119974,2022,0,1,-0.058111,-78.344101,PICHINCHA,QUITO,GUAYLLABAMBA,RURAL,2022-02-16,05:15:00,5,MIERCOLES,3,FEBRERO,2,NO,CONDUCIR VEHICULO SUPERANDO LOS LIMITES MAXIMOS DE VELOCIDAD.,ATROPELLOS,NO IDENTIFICADO,0,0,0,0,0,0,0,0,0,1,0,0,0,1,35,HOMBRE,FALLECIDO,PEATON,NO,NO,3
29473,119974,119975,2022,0,0,-0.284495,-78.518123,PICHINCHA,QUITO,QUITO,URBANA,2022-02-16,06:25:00,6,MIERCOLES,3,FEBRERO,2,NO,CONDUCIR VEHICULO SUPERANDO LOS LIMITES MAXIMOS DE VELOCIDAD.,COLISION,BUS,3,0,1,0,0,0,0,0,0,0,0,0,0,4,29,HOMBRE,ILESO,CONDUCTOR PRESENTE,NO,NO,1
29474,119989,119990,2022,0,0,-0.163073,-78.462591,PICHINCHA,QUITO,QUITO,RURAL,2022-02-16,13:00:00,13,MIERCOLES,3,FEBRERO,2,NO,"FALLA MECANICA EN LOS SISTEMAS Y/O NEUMATICOS (SISTEMA DE FRENOS, DIRECCION, ELECTRONICO O MECANICO).",ESTRELLAMIENTOS,AUTOMOVIL,1,0,0,0,0,0,0,0,0,0,0,0,0,1,41,MUJER,ILESO,CONDUCTOR PRESENTE,NO,NO,3
29475,119995,119996,2022,0,0,-0.205822,-78.494909,PICHINCHA,QUITO,QUITO,URBANA,2022-02-16,15:10:00,15,MIERCOLES,3,FEBRERO,2,NO,"NO RESPETAR LAS SENIALES REGLAMENTARIAS DE TRANSITO. (PARE, CEDA EL PASO, LUZ ROJA DEL SEMAFORO, ETC).",CHOQUE LATERAL,AUTOMOVIL,2,0,0,0,0,0,0,0,0,0,0,0,0,2,46,HOMBRE,ILESO,CONDUCTOR PRESENTE,NO,NO,1
29476,120002,120003,2022,2,0,-0.207405,-78.505471,PICHINCHA,QUITO,QUITO,URBANA,2022-02-16,16:45:00,16,MIERCOLES,3,FEBRERO,2,NO,"NO RESPETAR LAS SENIALES REGLAMENTARIAS DE TRANSITO. (PARE, CEDA EL PASO, LUZ ROJA DEL SEMAFORO, ETC).",CHOQUE LATERAL,MOTOCICLETA,1,0,0,0,0,0,0,0,1,0,0,0,0,2,31,MUJER,LESIONADO,PASAJERO,NO,NO,1
29477,120006,120007,2022,1,0,-0.328831,-78.560625,PICHINCHA,QUITO,QUITO,URBANA,2022-02-16,18:30:00,18,MIERCOLES,3,FEBRERO,2,NO,"PEATON TRANSITA BAJO INFLUENCIA DE ALCOHOL, SUSTANCIAS ESTUPEFACIENTES O PSICOTROPICAS Y/O MEDICAMENTOS.",ATROPELLOS,BUS,0,0,1,0,0,0,0,0,0,0,0,0,0,1,55,HOMBRE,LESIONADO,PEATON,NO,NO,1
29478,120009,120010,2022,0,0,-0.224151,-78.496763,PICHINCHA,QUITO,QUITO,URBANA,2022-02-16,19:20:00,19,MIERCOLES,3,FEBRERO,2,NO,"ADELANTAR O REBASAR A OTRO VEHICULO EN MOVIMIENTO EN ZONAS O SITIOS PELIGROSOS TALES COMO: CURVAS, PUENTES, TUNELES, PENDIENTES, ETC.",CHOQUE POSTERIOR,AUTOMOVIL,2,0,0,0,0,0,0,0,0,0,0,0,0,2,25,HOMBRE,ILESO,CONDUCTOR PRESENTE,NO,NO,1
29479,120019,120020,2022,0,0,-0.151809,-78.497911,PICHINCHA,QUITO,QUITO,URBANA,2022-02-17,03:10:00,3,JUEVES,4,FEBRERO,2,NO,CONDUCIR VEHICULO SUPERANDO LOS LIMITES MAXIMOS DE VELOCIDAD.,VOLCAMIENTOS,AUTOMOVIL,1,0,0,0,0,0,0,0,0,0,0,0,0,1,-1,NO IDENTIFICADO,NO IDENTIFICADO,CONDUCTOR AUSENTE,NO,NO,2
29480,120027,120028,2022,1,0,-0.052598,-78.321526,PICHINCHA,QUITO,GUAYLLABAMBA,RURAL,2022-02-17,07:00:00,7,JUEVES,4,FEBRERO,2,NO,"CONDUCIR DESATENTO A LAS CONDICIONES DE TRANSITO (CELULAR, PANTALLAS DE VIDEO, COMIDA, MAQUILLAJE O CUALQUIER OTRO ELEMENTO DISTRACTOR).",CHOQUE LATERAL,MOTOCICLETA,0,0,0,0,1,0,0,0,1,0,0,0,0,2,45,HOMBRE,LESIONADO,CONDUCTOR PRESENTE,NO,SI,3
29481,120034,120035,2022,0,1,-0.223259,-78.514109,PICHINCHA,QUITO,QUITO,URBANA,2022-02-17,09:50:00,9,JUEVES,4,FEBRERO,2,NO,NO CEDER EL DERECHO DE VIA O PREFERENCIA DE PASO AL PEATON.,ARROLLAMIENTOS,CAMIONETA,0,0,0,0,1,0,0,0,0,0,0,0,0,1,2,MUJER,FALLECIDO,PEATON,NO,NO,1
29482,120043,120044,2022,1,0,-0.191575,-78.384214,PICHINCHA,QUITO,TUMBACO,RURAL,2022-02-17,13:50:00,13,JUEVES,4,FEBRERO,2,NO,NO CEDER EL DERECHO DE VIA O PREFERENCIA DE PASO A VEHICULOS.,CHOQUE LATERAL,MOTOCICLETA,0,0,0,0,1,0,0,0,1,0,0,0,0,2,50,HOMBRE,LESIONADO,CONDUCTOR PRESENTE,SI,NO,3
29483,120052,120053,2022,0,0,-0.091585,-78.439052,PICHINCHA,QUITO,CALDERON (CARAPUNGO),RURAL,2022-02-17,16:20:00,16,JUEVES,4,FEBRERO,2,NO,"NO RESPETAR LAS SENIALES REGLAMENTARIAS DE TRANSITO. (PARE, CEDA EL PASO, LUZ ROJA DEL SEMAFORO, ETC).",CHOQUE LATERAL,CAMION,1,0,0,1,0,0,0,0,0,0,0,0,0,2,41,HOMBRE,ILESO,CONDUCTOR PRESENTE,NO,NO,3
29484,120053,120054,2022,1,0,-0.313131,-78.538367,PICHINCHA,QUITO,QUITO,URBANA,2022-02-17,16:45:00,16,JUEVES,4,FEBRERO,2,NO,"CONDUCE BAJO LA INFLUENCIA DE ALCOHOL, SUSTANCIAS ESTUPEFACIENTES O PSICOTROPICAS Y/O MEDICAMENTOS.",CHOQUE LATERAL,MOTOCICLETA,0,0,0,0,1,0,0,0,1,0,0,0,0,2,24,HOMBRE,LESIONADO,CONDUCTOR PRESENTE,NO,NO,1
29485,120056,120057,2022,0,0,-0.246101,-78.518466,PICHINCHA,QUITO,QUITO,URBANA,2022-02-17,19:05:00,19,JUEVES,4,FEBRERO,2,NO,CONDUCIR VEHICULO SUPERANDO LOS LIMITES MAXIMOS DE VELOCIDAD.,ESTRELLAMIENTOS,AUTOMOVIL,1,0,0,0,0,0,0,0,0,0,0,0,0,1,-1,NO IDENTIFICADO,NO IDENTIFICADO,CONDUCTOR AUSENTE,NO,NO,2
29486,120057,120058,2022,0,0,-0.086394,-78.485441,PICHINCHA,QUITO,QUITO,RURAL,2022-02-17,19:30:00,19,JUEVES,4,FEBRERO,2,NO,"CONDUCIR DESATENTO A LAS CONDICIONES DE TRANSITO (CELULAR, PANTALLAS DE VIDEO, COMIDA, MAQUILLAJE O CUALQUIER OTRO ELEMENTO DISTRACTOR).",PERDIDA DE CARRIL,CAMIONETA,0,0,0,0,1,0,0,0,0,0,0,0,1,2,54,HOMBRE,ILESO,CONDUCTOR PRESENTE,NO,SI,3
29487,120059,120060,2022,1,0,0.017589,-78.472094,PICHINCHA,QUITO,SAN ANTONIO (QUITO),RURAL,2022-02-17,20:30:00,20,JUEVES,4,FEBRERO,2,NO,"CONDUCIR DESATENTO A LAS CONDICIONES DE TRANSITO (CELULAR, PANTALLAS DE VIDEO, COMIDA, MAQUILLAJE O CUALQUIER OTRO ELEMENTO DISTRACTOR).",ARROLLAMIENTOS,NO IDENTIFICADO,0,0,0,0,0,0,0,0,0,1,0,0,0,1,23,HOMBRE,LESIONADO,PEATON,NO,SI,3
29488,120060,120061,2022,0,0,-0.278999,-78.558629,PICHINCHA,QUITO,QUITO,URBANA,2022-02-17,20:40:00,20,JUEVES,4,FEBRERO,2,NO,"CONDUCE BAJO LA INFLUENCIA DE ALCOHOL, SUSTANCIAS ESTUPEFACIENTES O PSICOTROPICAS Y/O MEDICAMENTOS.",ESTRELLAMIENTOS,AUTOMOVIL,2,0,0,0,0,0,0,0,0,0,0,0,0,2,35,HOMBRE,ILESO,CONDUCTOR PRESENTE,NO,NO,1
29489,120064,120065,2022,0,0,-0.247576,-78.529532,PICHINCHA,QUITO,QUITO,URBANA,2022-02-17,21:45:00,21,JUEVES,4,FEBRERO,2,NO,"CONDUCE BAJO LA INFLUENCIA DE ALCOHOL, SUSTANCIAS ESTUPEFACIENTES O PSICOTROPICAS Y/O MEDICAMENTOS.",ESTRELLAMIENTOS,FURGONETA,1,0,0,0,0,0,0,1,0,0,0,0,0,2,27,MUJER,ILESO,CONDUCTOR PRESENTE,NO,NO,1
29490,120065,120066,2022,0,0,-0.247141,-78.475845,PICHINCHA,QUITO,QUITO,RURAL,2022-02-17,22:30:00,22,JUEVES,4,FEBRERO,2,NO,CONDUCIR VEHICULO SUPERANDO LOS LIMITES MAXIMOS DE VELOCIDAD.,VOLCAMIENTOS,AUTOMOVIL,1,0,0,0,0,0,0,0,0,0,0,0,0,1,-1,NO IDENTIFICADO,NO IDENTIFICADO,CONDUCTOR AUSENTE,NO,NO,2
29491,120066,120067,2022,0,0,-0.168159,-78.472056,PICHINCHA,QUITO,QUITO,URBANA,2022-02-17,22:30:00,22,JUEVES,4,FEBRERO,2,NO,CONDUCIR VEHICULO SUPERANDO LOS LIMITES MAXIMOS DE VELOCIDAD.,ESTRELLAMIENTOS,AUTOMOVIL,1,0,0,0,0,0,0,0,0,0,0,0,0,1,25,HOMBRE,ILESO,CONDUCTOR PRESENTE,NO,NO,1
29492,120074,120075,2022,0,0,-0.291502,-78.519661,PICHINCHA,QUITO,QUITO,URBANA,2022-02-18,02:10:00,2,VIERNES,5,FEBRERO,2,NO,CONDUCIR VEHICULO SUPERANDO LOS LIMITES MAXIMOS DE VELOCIDAD.,ESTRELLAMIENTOS,AUTOMOVIL,1,0,0,0,0,0,0,0,0,0,0,0,0,1,-1,NO IDENTIFICADO,NO IDENTIFICADO,CONDUCTOR AUSENTE,NO,NO,2
29493,120075,120076,2022,0,0,-0.123551,-78.426711,PICHINCHA,QUITO,CALDERON (CARAPUNGO),RURAL,2022-02-18,02:28:00,2,VIERNES,5,FEBRERO,2,NO,"CONDICIONES AMBIENTALES Y/O ATMOSFERICAS (NIEBLA, NEBLINA, GRANIZO, LLUVIA).",ESTRELLAMIENTOS,AUTOMOVIL,1,0,0,0,0,0,0,0,0,0,0,0,0,1,-1,NO IDENTIFICADO,NO IDENTIFICADO,CONDUCTOR AUSENTE,NO,NO,2
29494,120081,120082,2022,0,1,-0.343282,-78.433994,PICHINCHA,RUMINIAHUI,SANGOLQUI,RURAL,2022-02-18,06:05:00,6,VIERNES,5,FEBRERO,2,NO,"CONDUCIR DESATENTO A LAS CONDICIONES DE TRANSITO (CELULAR, PANTALLAS DE VIDEO, COMIDA, MAQUILLAJE O CUALQUIER OTRO ELEMENTO DISTRACTOR).",CAIDA DE PASAJERO,MOTOCICLETA,0,0,0,0,0,0,0,0,1,0,0,0,0,1,33,HOMBRE,FALLECIDO,CONDUCTOR PRESENTE,NO,SI,3
29495,120098,120099,2022,0,0,-0.265067,-78.557927,PICHINCHA,QUITO,QUITO,URBANA,2022-02-18,09:45:00,9,VIERNES,5,FEBRERO,2,NO,NO CEDER EL DERECHO DE VIA O PREFERENCIA DE PASO A VEHICULOS.,CHOQUE LATERAL,CAMION,0,0,0,1,1,0,0,0,0,0,0,0,0,2,31,HOMBRE,ILESO,CONDUCTOR PRESENTE,NO,NO,1
29496,120114,120115,2022,2,0,-0.177282,-78.359537,PICHINCHA,QUITO,PUEMBO,RURAL,2022-02-18,16:10:00,16,VIERNES,5,FEBRERO,2,NO,CONDUCIR VEHICULO SUPERANDO LOS LIMITES MAXIMOS DE VELOCIDAD.,ESTRELLAMIENTOS,AUTOMOVIL,1,0,0,0,0,0,0,0,0,0,0,0,0,1,44,HOMBRE,LESIONADO,CONDUCTOR PRESENTE,NO,NO,3
29497,120118,120119,2022,1,0,-0.273707,-78.537301,PICHINCHA,QUITO,QUITO,URBANA,2022-02-18,16:40:00,16,VIERNES,5,FEBRERO,2,NO,"CONDUCIR DESATENTO A LAS CONDICIONES DE TRANSITO (CELULAR, PANTALLAS DE VIDEO, COMIDA, MAQUILLAJE O CUALQUIER OTRO ELEMENTO DISTRACTOR).",ATROPELLOS,CAMION,0,0,0,1,0,0,0,0,0,0,0,0,0,1,45,HOMBRE,LESIONADO,PEATON,NO,NO,1
29498,120122,120123,2022,1,0,-0.089185,-78.428042,PICHINCHA,QUITO,CALDERON (CARAPUNGO),RURAL,2022-02-18,18:25:00,18,VIERNES,5,FEBRERO,2,NO,"CONDUCE BAJO LA INFLUENCIA DE ALCOHOL, SUSTANCIAS ESTUPEFACIENTES O PSICOTROPICAS Y/O MEDICAMENTOS.",CHOQUE LATERAL,MOTOCICLETA,1,0,0,0,0,0,0,0,1,0,0,0,0,2,26,HOMBRE,LESIONADO,CONDUCTOR PRESENTE,NO,NO,3
29499,120133,120134,2022,1,0,-0.206328,-78.501901,PICHINCHA,QUITO,QUITO,URBANA,2022-02-18,20:30:00,20,VIERNES,5,FEBRERO,2,NO,NO CEDER EL DERECHO DE VIA O PREFERENCIA DE PASO A VEHICULOS.,CHOQUE LATERAL,BUS,0,0,1,0,0,0,0,0,1,0,0,0,0,2,29,HOMBRE,LESIONADO,CONDUCTOR PRESENTE,NO,NO,1
29500,120134,120135,2022,1,0,-0.285081,-78.559855,PICHINCHA,QUITO,QUITO,URBANA,2022-02-18,20:50:00,20,VIERNES,5,FEBRERO,2,NO,NO TRANSITAR POR LAS ACERAS O ZONAS DE SEGURIDAD DESTINADAS PARA EL EFECTO.,ARROLLAMIENTOS,CAMION,0,0,0,1,0,0,0,0,0,0,0,0,0,1,32,HOMBRE,LESIONADO,PEATON,NO,NO,1
29501,120139,120140,2022,1,0,-0.280896,-78.522882,PICHINCHA,QUITO,QUITO,URBANA,2022-02-18,21:30:00,21,VIERNES,5,FEBRERO,2,NO,CONDUCIR VEHICULO SUPERANDO LOS LIMITES MAXIMOS DE VELOCIDAD.,PERDIDA DE CARRIL,MOTOCICLETA,0,0,0,0,0,0,0,0,1,0,0,0,0,1,25,HOMBRE,LESIONADO,CONDUCTOR PRESENTE,NO,NO,1
29502,120150,120151,2022,0,0,-0.159348,-78.496216,PICHINCHA,QUITO,QUITO,URBANA,2022-02-18,23:50:00,23,VIERNES,5,FEBRERO,2,NO,"CONDUCE BAJO LA INFLUENCIA DE ALCOHOL, SUSTANCIAS ESTUPEFACIENTES O PSICOTROPICAS Y/O MEDICAMENTOS.",OTROS,AUTOMOVIL,3,0,0,0,0,0,0,0,0,0,0,0,0,3,36,HOMBRE,ILESO,CONDUCTOR PRESENTE,NO,NO,1
29503,120153,120154,2022,1,0,-0.161977,-78.483188,PICHINCHA,QUITO,QUITO,URBANA,2022-02-19,00:50:00,0,SABADO,6,FEBRERO,2,NO,CONDUCIR VEHICULO SUPERANDO LOS LIMITES MAXIMOS DE VELOCIDAD.,ESTRELLAMIENTOS,AUTOMOVIL,1,0,0,0,0,0,0,0,0,0,0,0,0,1,29,HOMBRE,LESIONADO,CONDUCTOR PRESENTE,NO,NO,1
29504,120159,120160,2022,1,0,-0.295421,-78.555032,PICHINCHA,QUITO,QUITO,URBANA,2022-02-19,03:40:00,3,SABADO,6,FEBRERO,2,NO,"CONDUCE BAJO LA INFLUENCIA DE ALCOHOL, SUSTANCIAS ESTUPEFACIENTES O PSICOTROPICAS Y/O MEDICAMENTOS.",OTROS,AUTOMOVIL,2,0,0,0,0,0,0,0,0,0,0,0,0,2,60,HOMBRE,LESIONADO,PEATON,NO,NO,1
29505,120163,120164,2022,0,0,0.047029,-78.200526,PICHINCHA,PEDRO MONCAYO,TABACUNDO,RURAL,2022-02-19,04:30:00,4,SABADO,6,FEBRERO,2,NO,"CONDUCE BAJO LA INFLUENCIA DE ALCOHOL, SUSTANCIAS ESTUPEFACIENTES O PSICOTROPICAS Y/O MEDICAMENTOS.",CHOQUE LATERAL,BUS,0,0,1,0,1,0,0,0,0,0,0,0,0,2,39,HOMBRE,ILESO,CONDUCTOR PRESENTE,NO,SI,3
29506,120170,120171,2022,0,0,-0.165977,-78.468635,PICHINCHA,QUITO,QUITO,URBANA,2022-02-19,06:45:00,6,SABADO,6,FEBRERO,2,NO,"CONDUCE BAJO LA INFLUENCIA DE ALCOHOL, SUSTANCIAS ESTUPEFACIENTES O PSICOTROPICAS Y/O MEDICAMENTOS.",CHOQUE LATERAL,AUTOMOVIL,2,0,0,0,0,0,0,0,0,0,0,0,0,2,40,HOMBRE,ILESO,CONDUCTOR PRESENTE,NO,NO,1
29507,120173,120174,2022,1,0,0.031579,-78.625645,PICHINCHA,QUITO,NONO,RURAL,2022-02-19,08:10:00,8,SABADO,6,FEBRERO,2,NO,"CONDUCE BAJO LA INFLUENCIA DE ALCOHOL, SUSTANCIAS ESTUPEFACIENTES O PSICOTROPICAS Y/O MEDICAMENTOS.",CHOQUE FRONTAL,VEHICULO DEPORTIVO UTILITARIO,1,0,0,0,0,0,0,0,0,0,0,0,1,2,42,MUJER,LESIONADO,PASAJERO,NO,SI,3
29508,120176,120177,2022,0,0,-0.245845,-78.526908,PICHINCHA,QUITO,QUITO,URBANA,2022-02-19,11:00:00,11,SABADO,6,FEBRERO,2,NO,"NO RESPETAR LAS SENIALES REGLAMENTARIAS DE TRANSITO. (PARE, CEDA EL PASO, LUZ ROJA DEL SEMAFORO, ETC).",OTROS,MOTOCICLETA,0,0,0,0,0,0,0,0,1,0,0,0,0,1,-1,NO IDENTIFICADO,NO IDENTIFICADO,CONDUCTOR AUSENTE,NO,NO,2
29509,120182,120183,2022,0,0,-0.289854,-78.543901,PICHINCHA,QUITO,QUITO,URBANA,2022-02-19,12:15:00,12,SABADO,6,FEBRERO,2,NO,NO CEDER EL DERECHO DE VIA O PREFERENCIA DE PASO A VEHICULOS.,CHOQUE LATERAL,MOTOCICLETA,1,0,0,0,0,0,0,0,1,0,0,0,0,2,18,HOMBRE,ILESO,CONDUCTOR PRESENTE,NO,NO,1
29510,120189,120190,2022,2,0,-0.177991,-78.454751,PICHINCHA,QUITO,QUITO,URBANA,2022-02-19,14:32:00,14,SABADO,6,FEBRERO,2,NO,NO TRANSITAR POR LAS ACERAS O ZONAS DE SEGURIDAD DESTINADAS PARA EL EFECTO.,ATROPELLOS,AUTOMOVIL,1,0,0,0,0,0,0,0,0,0,0,0,0,1,4,HOMBRE,LESIONADO,PEATON,NO,NO,1
29511,120195,120196,2022,14,2,-0.047041,-78.295969,PICHINCHA,QUITO,GUAYLLABAMBA,RURAL,2022-02-19,16:15:00,16,SABADO,6,FEBRERO,2,NO,"CONDUCIR DESATENTO A LAS CONDICIONES DE TRANSITO (CELULAR, PANTALLAS DE VIDEO, COMIDA, MAQUILLAJE O CUALQUIER OTRO ELEMENTO DISTRACTOR).",CHOQUE FRONTAL,BUS,1,0,1,0,0,0,0,0,0,0,0,0,0,2,30,HOMBRE,FALLECIDO,PASAJERO,NO,SI,3
29512,120204,120205,2022,1,1,-0.091585,-78.439052,PICHINCHA,QUITO,CALDERON (CARAPUNGO),RURAL,2022-02-19,19:30:00,19,SABADO,6,FEBRERO,2,NO,"NO RESPETAR LAS SENIALES REGLAMENTARIAS DE TRANSITO. (PARE, CEDA EL PASO, LUZ ROJA DEL SEMAFORO, ETC).",CHOQUE FRONTAL,MOTOCICLETA,1,0,0,0,0,0,0,0,1,0,0,0,0,2,26,HOMBRE,FALLECIDO,PASAJERO,NO,NO,3