,Unnamed: 0,ID,ANIO,LESIONADOS,FALLECIDOS,LATITUD_Y,LONGITUD_X,PROVINCIA,CANTON,PARROQUIA,ZONA,FECHA,HORA,PERIODO_2,DIA_1,DIA_2,MES_1,MES_2,FERIADO,CAUSA_PROBABLE,TIPO_DE_SINIESTRO,TIPO_DE_VEHICULO_1,AUTOMOVIL,BICICLETA,BUS,CAMION,CAMIONETA,EMERGENCIAS,ESPECIAL,FURGONETA,MOTOCICLETA,NO_IDENTIFICADO,SCOOTER_ELECTRICO,TRICIMOTO,VEHICULO_DEPORTIVO_UTILITARIO,SUMA_DE_VEHICULOS,EDAD_1,SEXO_1,CONDICION_1,PARTICIPANTE_1,CASCO_1,CINTURON_1,KMeans_Cluster
29513,120206,120207,2022,0,1,-0.533403,-78.581253,PICHINCHA,MEJIA,MACHACHI,RURAL,2022-02-19,20:00:00,20,SABADO,6,FEBRERO,2,NO,"CONDUCIR DESATENTO A LAS CONDICIONES DE TRANSITO (CELULAR, PANTALLAS DE VIDEO, COMIDA, MAQUILLAJE O CUALQUIER OTRO ELEMENTO DISTRACTOR).",ARROLLAMIENTOS,NO IDENTIFICADO,0,0,0,0,0,0,0,0,0,1,0,0,0,1,26,HOMBRE,FALLECIDO,PEATON,NO,SI,3
29514,120215,120216,2022,2,0,-0.382141,-78.531476,PICHINCHA,MEJIA,CUTUGLAHUA,RURAL,2022-02-19,21:00:00,21,SABADO,6,FEBRERO,2,NO,"PEATON TRANSITA BAJO INFLUENCIA DE ALCOHOL, SUSTANCIAS ESTUPEFACIENTES O PSICOTROPICAS Y/O MEDICAMENTOS.",ARROLLAMIENTOS,AUTOMOVIL,1,0,0,0,0,0,0,0,0,0,0,0,0,1,45,HOMBRE,LESIONADO,PEATON,NO,SI,3
29515,120218,120219,2022,0,0,-0.295878,-78.556329,PICHINCHA,QUITO,QUITO,URBANA,2022-02-19,22:00:00,22,SABADO,6,FEBRERO,2,NO,"CONDICIONES AMBIENTALES Y/O ATMOSFERICAS (NIEBLA, NEBLINA, GRANIZO, LLUVIA).",CHOQUE LATERAL,BUS,0,0,1,0,1,0,0,0,0,0,0,0,0,2,27,HOMBRE,ILESO,CONDUCTOR PRESENTE,NO,NO,1
29516,120221,120222,2022,1,0,-0.233099,-78.503741,PICHINCHA,QUITO,QUITO,URBANA,2022-02-19,23:15:00,23,SABADO,6,FEBRERO,2,NO,CONDUCIR VEHICULO SUPERANDO LOS LIMITES MAXIMOS DE VELOCIDAD.,OTROS,MOTOCICLETA,0,0,0,0,0,0,0,0,1,1,0,0,0,2,25,HOMBRE,LESIONADO,PASAJERO,NO,NO,1
29517,120227,120228,2022,0,0,-0.232321,-78.484491,PICHINCHA,QUITO,QUITO,URBANA,2022-02-20,00:35:00,0,DOMINGO,7,FEBRERO,2,NO,"CONDICIONES AMBIENTALES Y/O ATMOSFERICAS (NIEBLA, NEBLINA, GRANIZO, LLUVIA).",OTROS,AUTOMOVIL,2,0,0,0,0,0,0,0,0,0,0,0,0,2,32,MUJER,ILESO,CONDUCTOR PRESENTE,NO,NO,1
29518,120228,120229,2022,0,0,-0.159774,-78.490108,PICHINCHA,QUITO,QUITO,URBANA,2022-02-20,00:40:00,0,DOMINGO,7,FEBRERO,2,NO,"NO RESPETAR LAS SENIALES REGLAMENTARIAS DE TRANSITO. (PARE, CEDA EL PASO, LUZ ROJA DEL SEMAFORO, ETC).",ESTRELLAMIENTOS,AUTOMOVIL,1,0,0,0,0,0,0,0,0,0,0,0,0,1,58,MUJER,ILESO,CONDUCTOR PRESENTE,NO,NO,1
29519,120231,120232,2022,0,0,-0.323661,-78.556475,PICHINCHA,QUITO,QUITO,URBANA,2022-02-20,01:10:00,1,DOMINGO,7,FEBRERO,2,NO,CONDUCIR VEHICULO SUPERANDO LOS LIMITES MAXIMOS DE VELOCIDAD.,COLISION,AUTOMOVIL,3,0,0,0,0,0,0,0,0,0,0,0,0,3,45,HOMBRE,ILESO,CONDUCTOR PRESENTE,NO,NO,1
29520,120242,120243,2022,0,0,-0.327576,-78.520685,PICHINCHA,QUITO,QUITO,URBANA,2022-02-20,03:50:00,3,DOMINGO,7,FEBRERO,2,NO,"CONDICIONES AMBIENTALES Y/O ATMOSFERICAS (NIEBLA, NEBLINA, GRANIZO, LLUVIA).",ESTRELLAMIENTOS,AUTOMOVIL,1,0,0,0,0,0,0,0,0,0,0,0,0,1,-1,NO IDENTIFICADO,NO IDENTIFICADO,CONDUCTOR AUSENTE,NO,NO,2
29521,120244,120245,2022,0,0,-0.328791,-78.537456,PICHINCHA,QUITO,QUITO,URBANA,2022-02-20,04:30:00,4,DOMINGO,7,FEBRERO,2,NO,"CONDICIONES AMBIENTALES Y/O ATMOSFERICAS (NIEBLA, NEBLINA, GRANIZO, LLUVIA).",ESTRELLAMIENTOS,AUTOMOVIL,1,0,0,0,0,0,0,0,0,0,0,0,0,1,-1,NO IDENTIFICADO,NO IDENTIFICADO,CONDUCTOR AUSENTE,NO,NO,2
29522,120252,120253,2022,0,0,-0.281546,-78.556523,PICHINCHA,QUITO,QUITO,URBANA,2022-02-20,05:50:00,5,DOMINGO,7,FEBRERO,2,NO,CONDUCIR VEHICULO SUPERANDO LOS LIMITES MAXIMOS DE VELOCIDAD.,OTROS,AUTOMOVIL,1,0,0,0,0,0,0,0,0,0,0,0,0,1,-1,NO IDENTIFICADO,NO IDENTIFICADO,CONDUCTOR AUSENTE,NO,NO,2
29523,120255,120256,2022,0,0,-0.445601,-78.713469,PICHINCHA,MEJIA,MANUEL CORNEJO ASTORGA,RURAL,2022-02-20,06:00:00,6,DOMINGO,7,FEBRERO,2,NO,"CASO FORTUITO O FUERZA MAYOR (EXPLOSION DE NEUMATICO NUEVO, DERRUMBE, INUNDACION, CAIDA DE PUENTE, ARBOL, PRESENCIA INTEMPESTIVA E IMPREVISTA DE SEMOVIENTES EN LA VIA, ETC.).",OTROS,BUS,0,0,2,1,0,0,0,0,0,0,0,0,0,3,38,HOMBRE,ILESO,CONDUCTOR PRESENTE,NO,NO,3
29524,120258,120259,2022,4,0,-0.244435,-78.482091,PICHINCHA,QUITO,QUITO,URBANA,2022-02-20,07:30:00,7,DOMINGO,7,FEBRERO,2,NO,"CONDICIONES AMBIENTALES Y/O ATMOSFERICAS (NIEBLA, NEBLINA, GRANIZO, LLUVIA).",VOLCAMIENTOS,AUTOMOVIL,1,0,0,0,0,0,0,0,0,0,0,0,0,1,33,HOMBRE,LESIONADO,PASAJERO,NO,NO,1
29525,120260,120261,2022,0,0,-0.263535,-78.541083,PICHINCHA,QUITO,QUITO,URBANA,2022-02-20,07:54:00,7,DOMINGO,7,FEBRERO,2,NO,"CONDUCE BAJO LA INFLUENCIA DE ALCOHOL, SUSTANCIAS ESTUPEFACIENTES O PSICOTROPICAS Y/O MEDICAMENTOS.",ESTRELLAMIENTOS,AUTOMOVIL,1,0,0,0,0,0,0,0,0,0,0,0,0,1,43,MUJER,ILESO,CONDUCTOR PRESENTE,NO,NO,1
29526,120262,120263,2022,1,0,-0.227324,-78.450086,PICHINCHA,QUITO,CUMBAYA,RURAL,2022-02-20,08:37:00,8,DOMINGO,7,FEBRERO,2,NO,"CASO FORTUITO O FUERZA MAYOR (EXPLOSION DE NEUMATICO NUEVO, DERRUMBE, INUNDACION, CAIDA DE PUENTE, ARBOL, PRESENCIA INTEMPESTIVA E IMPREVISTA DE SEMOVIENTES EN LA VIA, ETC.).",ESTRELLAMIENTOS,AUTOMOVIL,1,0,0,0,0,0,0,0,0,0,0,0,0,1,2,HOMBRE,LESIONADO,PASAJERO,NO,NO,3
29527,120263,120264,2022,0,0,-0.169297,-78.476251,PICHINCHA,QUITO,QUITO,URBANA,2022-02-20,08:40:00,8,DOMINGO,7,FEBRERO,2,NO,CONDUCIR VEHICULO SUPERANDO LOS LIMITES MAXIMOS DE VELOCIDAD.,ESTRELLAMIENTOS,AUTOMOVIL,1,0,0,0,0,0,0,0,0,0,0,0,0,1,25,HOMBRE,ILESO,CONDUCTOR PRESENTE,NO,NO,1
29528,120264,120265,2022,0,0,0.001453,-78.459821,PICHINCHA,QUITO,SAN ANTONIO (QUITO),RURAL,2022-02-20,11:16:00,11,DOMINGO,7,FEBRERO,2,NO,"CONDUCIR DESATENTO A LAS CONDICIONES DE TRANSITO (CELULAR, PANTALLAS DE VIDEO, COMIDA, MAQUILLAJE O CUALQUIER OTRO ELEMENTO DISTRACTOR).",CHOQUE POSTERIOR,CAMION,0,0,0,1,0,0,0,0,0,0,0,0,1,2,46,HOMBRE,ILESO,CONDUCTOR PRESENTE,NO,SI,3
29529,120265,120266,2022,1,0,-0.013122,-78.441035,PICHINCHA,QUITO,SAN ANTONIO (QUITO),RURAL,2022-02-20,11:35:00,11,DOMINGO,7,FEBRERO,2,NO,NO GUARDAR LA DISTANCIA LATERAL MINIMA DE SEGURIDAD ENTRE VEHICULOS.,ROZAMIENTOS,MOTOCICLETA,1,0,0,0,0,0,0,0,1,0,0,0,0,2,21,HOMBRE,LESIONADO,CONDUCTOR PRESENTE,NO,NO,3
29530,120266,120267,2022,1,0,-0.214651,-78.500491,PICHINCHA,QUITO,QUITO,URBANA,2022-02-20,12:10:00,12,DOMINGO,7,FEBRERO,2,NO,CONDUCIR VEHICULO SUPERANDO LOS LIMITES MAXIMOS DE VELOCIDAD.,CHOQUE LATERAL,BUS,0,0,1,0,0,0,0,0,0,1,0,0,0,2,65,MUJER,LESIONADO,PASAJERO,NO,NO,1
29531,120268,120269,2022,1,0,-0.202441,-78.438441,PICHINCHA,QUITO,CUMBAYA,RURAL,2022-02-20,13:00:00,13,DOMINGO,7,FEBRERO,2,NO,CONDUCIR VEHICULO SUPERANDO LOS LIMITES MAXIMOS DE VELOCIDAD.,ESTRELLAMIENTOS,MOTOCICLETA,0,0,0,0,0,0,0,0,1,0,0,0,0,1,20,HOMBRE,LESIONADO,CONDUCTOR PRESENTE,SI,NO,3
29532,120275,120276,2022,0,0,-0.287924,-78.540758,PICHINCHA,QUITO,QUITO,URBANA,2022-02-20,15:26:00,15,DOMINGO,7,FEBRERO,2,NO,REALIZAR CAMBIO BRUSCO O INDEBIDO DE CARRIL.,CHOQUE LATERAL,BUS,0,0,1,0,1,0,0,0,0,0,0,0,0,2,4,MUJER,ILESO,PASAJERO,NO,NO,1
29533,120277,120278,2022,0,0,-0.185623,-78.343085,PICHINCHA,QUITO,TABABELA,RURAL,2022-02-20,15:50:00,15,DOMINGO,7,FEBRERO,2,NO,"CONDUCE BAJO LA INFLUENCIA DE ALCOHOL, SUSTANCIAS ESTUPEFACIENTES O PSICOTROPICAS Y/O MEDICAMENTOS.",ESTRELLAMIENTOS,CAMIONETA,1,0,0,0,2,0,0,0,0,0,0,0,0,3,42,HOMBRE,ILESO,CONDUCTOR PRESENTE,NO,NO,3
29534,120283,120284,2022,1,0,-0.246849,-78.523226,PICHINCHA,QUITO,QUITO,URBANA,2022-02-20,16:30:00,16,DOMINGO,7,FEBRERO,2,NO,"CONDUCE BAJO LA INFLUENCIA DE ALCOHOL, SUSTANCIAS ESTUPEFACIENTES O PSICOTROPICAS Y/O MEDICAMENTOS.",CHOQUE LATERAL,AUTOMOVIL,2,0,0,0,0,0,0,0,0,0,0,0,0,2,13,MUJER,LESIONADO,PASAJERO,NO,NO,1
29535,120284,120285,2022,0,0,-0.500371,-78.572431,PICHINCHA,MEJIA,MACHACHI,RURAL,2022-02-20,17:30:00,17,DOMINGO,7,FEBRERO,2,NO,"CONDUCIR DESATENTO A LAS CONDICIONES DE TRANSITO (CELULAR, PANTALLAS DE VIDEO, COMIDA, MAQUILLAJE O CUALQUIER OTRO ELEMENTO DISTRACTOR).",PERDIDA DE PISTA,CAMION,0,0,0,1,0,0,0,0,0,0,0,0,0,1,36,HOMBRE,ILESO,CONDUCTOR PRESENTE,NO,SI,3
29536,120287,120288,2022,0,0,-0.299499,-78.459007,PICHINCHA,RUMINIAHUI,SANGOLQUI,URBANA,2022-02-20,17:45:00,17,DOMINGO,7,FEBRERO,2,NO,"CONDUCE BAJO LA INFLUENCIA DE ALCOHOL, SUSTANCIAS ESTUPEFACIENTES O PSICOTROPICAS Y/O MEDICAMENTOS.",CHOQUE POSTERIOR,CAMIONETA,1,0,0,0,1,0,0,0,0,0,0,0,0,2,63,HOMBRE,ILESO,CONDUCTOR PRESENTE,NO,SI,1
29537,120289,120290,2022,1,0,-0.312381,-78.563796,PICHINCHA,QUITO,QUITO,URBANA,2022-02-20,18:10:00,18,DOMINGO,7,FEBRERO,2,NO,CONDUCIR VEHICULO SUPERANDO LOS LIMITES MAXIMOS DE VELOCIDAD.,CHOQUE FRONTAL,AUTOMOVIL,2,0,0,0,0,0,0,0,0,0,0,0,0,2,33,HOMBRE,LESIONADO,PASAJERO,NO,NO,1
29538,120294,120295,2022,0,0,-0.164493,-78.483927,PICHINCHA,QUITO,QUITO,URBANA,2022-02-20,19:00:00,19,DOMINGO,7,FEBRERO,2,NO,"CONDUCE BAJO LA INFLUENCIA DE ALCOHOL, SUSTANCIAS ESTUPEFACIENTES O PSICOTROPICAS Y/O MEDICAMENTOS.",CHOQUE POSTERIOR,AUTOMOVIL,2,0,0,0,0,0,0,0,0,0,0,0,0,2,23,HOMBRE,ILESO,CONDUCTOR PRESENTE,NO,NO,1
29539,120315,120316,2022,0,0,-0.278292,-78.555231,PICHINCHA,QUITO,QUITO,URBANA,2022-02-20,23:35:00,23,DOMINGO,7,FEBRERO,2,NO,"FALLA MECANICA EN LOS SISTEMAS Y/O NEUMATICOS (SISTEMA DE FRENOS, DIRECCION, ELECTRONICO O MECANICO).",ESTRELLAMIENTOS,AUTOMOVIL,1,0,0,0,0,0,0,0,0,0,0,0,0,1,45,HOMBRE,ILESO,CONDUCTOR PRESENTE,NO,NO,1
29540,120321,120322,2022,0,0,-0.342003,-78.548815,PICHINCHA,QUITO,QUITO,URBANA,2022-02-21,04:20:00,4,LUNES,1,FEBRERO,2,NO,CONDUCIR VEHICULO SUPERANDO LOS LIMITES MAXIMOS DE VELOCIDAD.,ESTRELLAMIENTOS,AUTOMOVIL,1,0,0,0,0,0,0,0,0,0,0,0,0,1,-1,NO IDENTIFICADO,NO IDENTIFICADO,CONDUCTOR AUSENTE,NO,NO,2
29541,120324,120325,2022,1,0,-0.375955,-78.505975,PICHINCHA,QUITO,AMAGUANIA,RURAL,2022-02-21,06:45:00,6,LUNES,1,FEBRERO,2,NO,"CONDUCIR DESATENTO A LAS CONDICIONES DE TRANSITO (CELULAR, PANTALLAS DE VIDEO, COMIDA, MAQUILLAJE O CUALQUIER OTRO ELEMENTO DISTRACTOR).",CHOQUE LATERAL,MOTOCICLETA,0,0,0,0,1,0,0,0,1,0,0,0,0,2,24,HOMBRE,LESIONADO,CONDUCTOR PRESENTE,SI,NO,3
29542,120333,120334,2022,0,0,-0.217945,-78.520893,PICHINCHA,QUITO,QUITO,URBANA,2022-02-21,12:30:00,12,LUNES,1,FEBRERO,2,NO,CONDUCIR VEHICULO SUPERANDO LOS LIMITES MAXIMOS DE VELOCIDAD.,CHOQUE POSTERIOR,CAMION,1,0,0,1,0,0,0,0,0,0,0,0,0,2,39,HOMBRE,ILESO,CONDUCTOR PRESENTE,NO,NO,1
29543,120335,120336,2022,0,0,-0.318111,-78.543274,PICHINCHA,QUITO,QUITO,URBANA,2022-02-21,13:18:00,13,LUNES,1,FEBRERO,2,NO,NO MANTENER LA DISTANCIA PRUDENCIAL CON RESPECTO AL VEHICULO QUE LE ANTECEDE.,CHOQUE POSTERIOR,AUTOMOVIL,2,0,0,0,0,0,0,0,0,0,0,0,0,2,31,HOMBRE,ILESO,CONDUCTOR PRESENTE,NO,NO,1
29544,120346,120347,2022,1,0,-0.289258,-78.538371,PICHINCHA,QUITO,QUITO,URBANA,2022-02-21,17:25:00,17,LUNES,1,FEBRERO,2,NO,"CONDUCE BAJO LA INFLUENCIA DE ALCOHOL, SUSTANCIAS ESTUPEFACIENTES O PSICOTROPICAS Y/O MEDICAMENTOS.",CHOQUE POSTERIOR,MOTOCICLETA,1,0,0,0,0,0,0,0,1,0,0,0,0,2,23,HOMBRE,LESIONADO,CONDUCTOR PRESENTE,NO,NO,1
29545,120348,120349,2022,1,0,-0.292241,-78.519502,PICHINCHA,QUITO,QUITO,URBANA,2022-02-21,17:45:00,17,LUNES,1,FEBRERO,2,NO,NO MANTENER LA DISTANCIA PRUDENCIAL CON RESPECTO AL VEHICULO QUE LE ANTECEDE.,CHOQUE POSTERIOR,MOTOCICLETA,1,0,0,0,0,0,0,0,1,0,0,0,0,2,29,HOMBRE,LESIONADO,CONDUCTOR PRESENTE,SI,NO,1
29546,120351,120352,2022,0,0,-0.193149,-78.485905,PICHINCHA,QUITO,QUITO,URBANA,2022-02-21,18:10:00,18,LUNES,1,FEBRERO,2,NO,NO CEDER EL DERECHO DE VIA O PREFERENCIA DE PASO A VEHICULOS.,CHOQUE LATERAL,AUTOMOVIL,2,0,0,0,0,0,0,0,0,0,0,0,0,2,37,HOMBRE,ILESO,CONDUCTOR PRESENTE,NO,NO,1
29547,120357,120358,2022,0,0,-0.219653,-78.485514,PICHINCHA,QUITO,QUITO,URBANA,2022-02-21,21:20:00,21,LUNES,1,FEBRERO,2,NO,NO CEDER EL DERECHO DE VIA O PREFERENCIA DE PASO A VEHICULOS.,CHOQUE FRONTAL,AUTOMOVIL,2,0,0,0,0,0,0,0,0,0,0,0,0,2,67,HOMBRE,ILESO,CONDUCTOR PRESENTE,NO,NO,1
29548,120368,120369,2022,0,0,-0.248221,-78.518797,PICHINCHA,QUITO,QUITO,URBANA,2022-02-22,07:20:00,7,MARTES,2,FEBRERO,2,NO,NO GUARDAR LA DISTANCIA LATERAL MINIMA DE SEGURIDAD ENTRE VEHICULOS.,ROZAMIENTOS,BUS,0,0,1,0,1,0,0,0,0,0,0,0,0,2,55,HOMBRE,ILESO,CONDUCTOR PRESENTE,NO,NO,1
29549,120380,120381,2022,5,0,-0.108255,-78.461339,PICHINCHA,QUITO,CALDERON (CARAPUNGO),RURAL,2022-02-22,12:45:00,12,MARTES,2,FEBRERO,2,NO,NO CEDER EL DERECHO DE VIA O PREFERENCIA DE PASO A VEHICULOS.,CHOQUE LATERAL,BUS,0,0,1,1,0,0,0,0,0,0,0,0,0,2,9,MUJER,LESIONADO,PASAJERO,NO,NO,3
29550,120381,120382,2022,1,0,-0.225421,-78.511807,PICHINCHA,QUITO,QUITO,URBANA,2022-02-22,13:00:00,13,MARTES,2,FEBRERO,2,NO,NO CEDER EL DERECHO DE VIA O PREFERENCIA DE PASO AL PEATON.,ATROPELLOS,MOTOCICLETA,0,0,0,0,0,0,0,0,1,0,0,0,0,1,11,HOMBRE,LESIONADO,PEATON,NO,NO,1
29551,120396,120397,2022,0,0,-0.271073,-78.563659,PICHINCHA,QUITO,QUITO,URBANA,2022-02-22,20:45:00,20,MARTES,2,FEBRERO,2,NO,CONDUCIR VEHICULO SUPERANDO LOS LIMITES MAXIMOS DE VELOCIDAD.,ESTRELLAMIENTOS,AUTOMOVIL,1,0,0,0,0,0,0,0,0,0,0,0,0,1,-1,NO IDENTIFICADO,NO IDENTIFICADO,CONDUCTOR AUSENTE,NO,NO,2
29552,120412,120413,2022,2,0,-0.229892,-78.523086,PICHINCHA,QUITO,QUITO,URBANA,2022-02-23,08:45:00,8,MIERCOLES,3,FEBRERO,2,NO,REALIZAR CAMBIO BRUSCO O INDEBIDO DE CARRIL.,CHOQUE LATERAL,BICICLETA,0,1,0,0,0,0,0,1,0,0,0,0,0,2,18,HOMBRE,LESIONADO,PASAJERO,NO,NO,1
29553,120428,120429,2022,1,0,-0.226377,-78.513048,PICHINCHA,QUITO,QUITO,URBANA,2022-02-23,17:10:00,17,MIERCOLES,3,FEBRERO,2,NO,NO TRANSITAR POR LAS ACERAS O ZONAS DE SEGURIDAD DESTINADAS PARA EL EFECTO.,ATROPELLOS,CAMIONETA,0,0,0,0,1,0,0,0,0,0,0,0,0,1,19,MUJER,LESIONADO,PEATON,NO,NO,1
29554,120436,120437,2022,0,0,-0.237587,-78.487667,PICHINCHA,QUITO,QUITO,URBANA,2022-02-23,20:40:00,20,MIERCOLES,3,FEBRERO,2,NO,"PEATON TRANSITA BAJO INFLUENCIA DE ALCOHOL, SUSTANCIAS ESTUPEFACIENTES O PSICOTROPICAS Y/O MEDICAMENTOS.",ESTRELLAMIENTOS,CAMION,1,0,0,1,0,0,0,0,0,0,0,0,0,2,47,HOMBRE,ILESO,CONDUCTOR PRESENTE,NO,NO,1
29555,120440,120441,2022,0,0,-0.258256,-78.529414,PICHINCHA,QUITO,QUITO,URBANA,2022-02-23,23:00:00,23,MIERCOLES,3,FEBRERO,2,NO,"CONDICIONES AMBIENTALES Y/O ATMOSFERICAS (NIEBLA, NEBLINA, GRANIZO, LLUVIA).",ESTRELLAMIENTOS,AUTOMOVIL,1,0,0,0,0,0,0,0,0,0,0,0,0,1,-1,NO IDENTIFICADO,NO IDENTIFICADO,CONDUCTOR AUSENTE,NO,NO,2
29556,120444,120445,2022,2,0,-0.065065,-78.362746,PICHINCHA,QUITO,GUAYLLABAMBA,RURAL,2022-02-24,04:55:00,4,JUEVES,4,FEBRERO,2,NO,"CONDUCIR DESATENTO A LAS CONDICIONES DE TRANSITO (CELULAR, PANTALLAS DE VIDEO, COMIDA, MAQUILLAJE O CUALQUIER OTRO ELEMENTO DISTRACTOR).",ARROLLAMIENTOS,MOTOCICLETA,0,0,0,0,0,0,0,0,1,0,0,0,0,1,73,HOMBRE,LESIONADO,PEATON,NO,SI,3
29557,120445,120446,2022,0,0,-0.245278,-78.498167,PICHINCHA,QUITO,QUITO,URBANA,2022-02-24,05:10:00,5,JUEVES,4,FEBRERO,2,NO,"CONDICIONES AMBIENTALES Y/O ATMOSFERICAS (NIEBLA, NEBLINA, GRANIZO, LLUVIA).",ESTRELLAMIENTOS,AUTOMOVIL,1,0,0,0,0,0,0,0,0,0,0,0,0,1,24,HOMBRE,ILESO,CONDUCTOR PRESENTE,NO,NO,1
29558,120447,120448,2022,5,0,-0.323838,-78.550241,PICHINCHA,QUITO,QUITO,URBANA,2022-02-24,05:55:00,5,JUEVES,4,FEBRERO,2,NO,CONDUCIR VEHICULO SUPERANDO LOS LIMITES MAXIMOS DE VELOCIDAD.,ESTRELLAMIENTOS,BUS,0,0,1,0,0,0,0,0,0,0,0,0,0,1,33,HOMBRE,LESIONADO,PASAJERO,NO,NO,1
29559,120449,120450,2022,0,0,-0.239054,-78.510443,PICHINCHA,QUITO,QUITO,URBANA,2022-02-24,06:30:00,6,JUEVES,4,FEBRERO,2,NO,"MAL ESTACIONADO - EL CONDUCTOR QUE DETENGA O ESTACIONE VEHICULOS EN SITIOS O ZONAS QUE ENTRANIEN PELIGRO, TALES COMO ZONA DE SEGURIDAD, CURVAS, PUENTES, TUNELES, PENDIENTES.",ESTRELLAMIENTOS,AUTOMOVIL,3,0,0,0,0,0,0,0,0,0,0,0,0,3,55,HOMBRE,ILESO,CONDUCTOR PRESENTE,NO,NO,1
29560,120456,120457,2022,1,0,-0.150393,-78.453592,PICHINCHA,QUITO,QUITO,URBANA,2022-02-24,08:30:00,8,JUEVES,4,FEBRERO,2,NO,"CONDUCE BAJO LA INFLUENCIA DE ALCOHOL, SUSTANCIAS ESTUPEFACIENTES O PSICOTROPICAS Y/O MEDICAMENTOS.",ROZAMIENTOS,MOTOCICLETA,1,0,0,0,0,0,0,0,1,0,0,0,0,2,27,HOMBRE,LESIONADO,CONDUCTOR PRESENTE,NO,NO,1
29561,120457,120458,2022,1,0,-0.183731,-78.479666,PICHINCHA,QUITO,QUITO,URBANA,2022-02-24,08:45:00,8,JUEVES,4,FEBRERO,2,NO,"CONDUCE BAJO LA INFLUENCIA DE ALCOHOL, SUSTANCIAS ESTUPEFACIENTES O PSICOTROPICAS Y/O MEDICAMENTOS.",ATROPELLOS,AUTOMOVIL,1,0,0,0,0,0,0,0,0,0,0,0,0,1,38,MUJER,LESIONADO,PEATON,NO,NO,1
29562,120459,120460,2022,0,0,-0.289979,-78.537624,PICHINCHA,QUITO,QUITO,URBANA,2022-02-24,12:15:00,12,JUEVES,4,FEBRERO,2,NO,"CONDUCIR DESATENTO A LAS CONDICIONES DE TRANSITO (CELULAR, PANTALLAS DE VIDEO, COMIDA, MAQUILLAJE O CUALQUIER OTRO ELEMENTO DISTRACTOR).",CHOQUE LATERAL,CAMION,1,0,0,1,0,0,0,0,0,0,0,0,0,2,48,HOMBRE,ILESO,CONDUCTOR PRESENTE,NO,NO,1
29563,120462,120463,2022,1,0,-0.134651,-78.483421,PICHINCHA,QUITO,QUITO,URBANA,2022-02-24,14:00:00,14,JUEVES,4,FEBRERO,2,NO,NO MANTENER LA DISTANCIA PRUDENCIAL CON RESPECTO AL VEHICULO QUE LE ANTECEDE.,CHOQUE POSTERIOR,MOTOCICLETA,0,0,0,0,0,0,0,0,1,1,0,0,0,2,19,HOMBRE,LESIONADO,CONDUCTOR PRESENTE,NO,NO,1
29564,120467,120468,2022,0,0,-0.441581,-78.700251,PICHINCHA,MEJIA,ALOAG,RURAL,2022-02-24,16:15:00,16,JUEVES,4,FEBRERO,2,NO,NO GUARDAR LA DISTANCIA LATERAL MINIMA DE SEGURIDAD ENTRE VEHICULOS.,ROZAMIENTOS,CAMION,0,0,0,2,0,0,0,0,0,0,0,0,0,2,-1,HOMBRE,ILESO,CONDUCTOR PRESENTE,NO,NO,3
29565,120473,120474,2022,1,0,-0.221348,-78.396647,PICHINCHA,QUITO,TUMBACO,RURAL,2022-02-24,18:15:00,18,JUEVES,4,FEBRERO,2,NO,"CONDICIONES AMBIENTALES Y/O ATMOSFERICAS (NIEBLA, NEBLINA, GRANIZO, LLUVIA).",ESTRELLAMIENTOS,AUTOMOVIL,1,0,0,0,0,0,0,0,0,0,0,0,0,1,40,HOMBRE,LESIONADO,CONDUCTOR PRESENTE,NO,NO,3
29566,120474,120475,2022,1,0,-0.283152,-78.554531,PICHINCHA,QUITO,QUITO,URBANA,2022-02-24,18:40:00,18,JUEVES,4,FEBRERO,2,NO,"CONDICIONES AMBIENTALES Y/O ATMOSFERICAS (NIEBLA, NEBLINA, GRANIZO, LLUVIA).",CHOQUE LATERAL,MOTOCICLETA,0,0,0,0,0,0,0,0,2,0,0,0,0,2,26,MUJER,LESIONADO,CONDUCTOR PRESENTE,NO,NO,1
29567,120475,120476,2022,0,0,-0.406389,-78.805278,PICHINCHA,MEJIA,MANUEL CORNEJO ASTORGA,RURAL,2022-02-24,18:45:00,18,JUEVES,4,FEBRERO,2,NO,NO MANTENER LA DISTANCIA PRUDENCIAL CON RESPECTO AL VEHICULO QUE LE ANTECEDE.,CHOQUE POSTERIOR,CAMION,0,0,0,1,0,0,0,0,0,1,0,0,0,2,-1,HOMBRE,ILESO,CONDUCTOR PRESENTE,NO,NO,3
29568,120487,120488,2022,1,1,-0.215332,-78.392597,PICHINCHA,QUITO,TUMBACO,RURAL,2022-02-25,02:15:00,2,VIERNES,5,FEBRERO,2,NO,CONDUCIR VEHICULO SUPERANDO LOS LIMITES MAXIMOS DE VELOCIDAD.,CHOQUE LATERAL,AUTOMOVIL,2,0,0,0,0,0,0,0,0,0,0,0,0,2,30,HOMBRE,FALLECIDO,PASAJERO,NO,NO,3
29569,120506,120507,2022,1,0,-0.076539,-78.464758,PICHINCHA,QUITO,QUITO,URBANA,2022-02-25,12:25:00,12,VIERNES,5,FEBRERO,2,NO,CONDUCIR EN SENTIDO CONTRARIO A LA VIA NORMAL DE CIRCULACION.,CHOQUE LATERAL,MOTOCICLETA,0,0,0,0,0,0,0,0,2,0,0,0,0,2,35,HOMBRE,LESIONADO,CONDUCTOR PRESENTE,NO,NO,1