,Unnamed: 0,ID,ANIO,LESIONADOS,FALLECIDOS,LATITUD_Y,LONGITUD_X,PROVINCIA,CANTON,PARROQUIA,ZONA,FECHA,HORA,PERIODO_2,DIA_1,DIA_2,MES_1,MES_2,FERIADO,CAUSA_PROBABLE,TIPO_DE_SINIESTRO,TIPO_DE_VEHICULO_1,AUTOMOVIL,BICICLETA,BUS,CAMION,CAMIONETA,EMERGENCIAS,ESPECIAL,FURGONETA,MOTOCICLETA,NO_IDENTIFICADO,SCOOTER_ELECTRICO,TRICIMOTO,VEHICULO_DEPORTIVO_UTILITARIO,SUMA_DE_VEHICULOS,EDAD_1,SEXO_1,CONDICION_1,PARTICIPANTE_1,CASCO_1,CINTURON_1,KMeans_Cluster
29570,120507,120508,2022,1,0,-0.258327,-78.494243,PICHINCHA,QUITO,CONOCOTO,RURAL,2022-02-25,12:45:00,12,VIERNES,5,FEBRERO,2,NO,"ADELANTAR O REBASAR A OTRO VEHICULO EN MOVIMIENTO EN ZONAS O SITIOS PELIGROSOS TALES COMO: CURVAS, PUENTES, TUNELES, PENDIENTES, ETC.",CHOQUE LATERAL,MOTOCICLETA,0,0,0,0,1,0,0,0,1,0,0,0,0,2,41,HOMBRE,LESIONADO,CONDUCTOR PRESENTE,NO,NO,3
29571,120508,120509,2022,0,1,-0.092316,-78.413085,PICHINCHA,QUITO,CALDERON (CARAPUNGO),RURAL,2022-02-25,12:50:00,12,VIERNES,5,FEBRERO,2,NO,PEATON QUE CRUZA LA CALZADA SIN RESPETAR LA SENIALIZACION EXISTENTE (SEMAFOROS O SENIALES MANUALES).,ARROLLAMIENTOS,BUS,0,0,1,0,0,0,0,0,0,0,0,0,0,1,14,HOMBRE,FALLECIDO,PEATON,NO,SI,3
29572,120521,120522,2022,1,0,-0.188793,-78.480271,PICHINCHA,QUITO,QUITO,URBANA,2022-02-25,15:26:00,15,VIERNES,5,FEBRERO,2,NO,NO TRANSITAR POR LAS ACERAS O ZONAS DE SEGURIDAD DESTINADAS PARA EL EFECTO.,ATROPELLOS,MOTOCICLETA,0,0,0,0,0,0,0,0,1,0,0,0,0,1,84,HOMBRE,LESIONADO,PEATON,NO,NO,1
29573,120524,120525,2022,0,0,-0.203056,-78.458398,PICHINCHA,QUITO,QUITO,URBANA,2022-02-25,16:30:00,16,VIERNES,5,FEBRERO,2,NO,CONDUCIR VEHICULO SUPERANDO LOS LIMITES MAXIMOS DE VELOCIDAD.,OTROS,CAMIONETA,1,0,0,0,1,0,0,0,0,0,0,0,0,2,49,HOMBRE,ILESO,PASAJERO,NO,NO,1
29574,120533,120534,2022,1,0,-0.174858,-78.407053,PICHINCHA,QUITO,TUMBACO,RURAL,2022-02-25,17:50:00,17,VIERNES,5,FEBRERO,2,NO,"CONDICIONES AMBIENTALES Y/O ATMOSFERICAS (NIEBLA, NEBLINA, GRANIZO, LLUVIA).",CHOQUE FRONTAL,BUS,0,0,1,0,1,0,0,0,0,0,0,0,0,2,30,HOMBRE,LESIONADO,CONDUCTOR PRESENTE,NO,NO,3
29575,120544,120545,2022,0,0,-0.160299,-78.476774,PICHINCHA,QUITO,QUITO,URBANA,2022-02-25,21:00:00,21,VIERNES,5,FEBRERO,2,NO,"CONDUCE BAJO LA INFLUENCIA DE ALCOHOL, SUSTANCIAS ESTUPEFACIENTES O PSICOTROPICAS Y/O MEDICAMENTOS.",COLISION,AUTOMOVIL,3,0,0,0,0,0,0,0,0,0,0,0,0,3,60,MUJER,ILESO,CONDUCTOR PRESENTE,NO,NO,1
29576,120550,120551,2022,0,0,-0.338377,-78.549676,PICHINCHA,QUITO,QUITO,URBANA,2022-02-26,00:00:00,0,SABADO,6,FEBRERO,2,SI,"CONDUCE BAJO LA INFLUENCIA DE ALCOHOL, SUSTANCIAS ESTUPEFACIENTES O PSICOTROPICAS Y/O MEDICAMENTOS.",CHOQUE LATERAL,CAMIONETA,1,0,0,0,1,0,0,0,0,0,0,0,0,2,40,HOMBRE,ILESO,CONDUCTOR PRESENTE,NO,NO,1
29577,120553,120554,2022,2,0,-0.188521,-78.448241,PICHINCHA,QUITO,NAYON,RURAL,2022-02-26,00:10:00,0,SABADO,6,FEBRERO,2,SI,"CONDUCE BAJO LA INFLUENCIA DE ALCOHOL, SUSTANCIAS ESTUPEFACIENTES O PSICOTROPICAS Y/O MEDICAMENTOS.",CHOQUE LATERAL,MOTOCICLETA,1,0,0,0,0,0,0,0,1,0,0,0,0,2,41,MUJER,LESIONADO,PASAJERO,NO,NO,3
29578,120554,120555,2022,0,1,-0.242463,-78.482784,PICHINCHA,QUITO,QUITO,RURAL,2022-02-26,00:10:00,0,SABADO,6,FEBRERO,2,SI,NO TRANSITAR POR LAS ACERAS O ZONAS DE SEGURIDAD DESTINADAS PARA EL EFECTO.,ARROLLAMIENTOS,NO IDENTIFICADO,0,0,0,0,0,0,0,0,0,1,0,0,0,1,25,HOMBRE,FALLECIDO,PEATON,NO,NO,3
29579,120556,120557,2022,1,0,-0.247652,-78.531997,PICHINCHA,QUITO,QUITO,URBANA,2022-02-26,00:50:00,0,SABADO,6,FEBRERO,2,SI,NO TRANSITAR POR LAS ACERAS O ZONAS DE SEGURIDAD DESTINADAS PARA EL EFECTO.,ATROPELLOS,AUTOMOVIL,1,0,0,0,0,0,0,0,0,0,0,0,0,1,35,HOMBRE,LESIONADO,PEATON,NO,NO,1
29580,120559,120560,2022,0,0,-0.126221,-78.444495,PICHINCHA,QUITO,LLANO CHICO,RURAL,2022-02-26,01:00:00,1,SABADO,6,FEBRERO,2,SI,CONDUCIR VEHICULO SUPERANDO LOS LIMITES MAXIMOS DE VELOCIDAD.,ESTRELLAMIENTOS,AUTOMOVIL,1,0,0,0,0,0,0,0,0,0,0,0,0,1,-1,NO IDENTIFICADO,NO IDENTIFICADO,CONDUCTOR AUSENTE,NO,NO,2
29581,120564,120565,2022,0,0,-0.174894,-78.501169,PICHINCHA,QUITO,QUITO,URBANA,2022-02-26,01:45:00,1,SABADO,6,FEBRERO,2,SI,CONDUCIR VEHICULO SUPERANDO LOS LIMITES MAXIMOS DE VELOCIDAD.,VOLCAMIENTOS,CAMIONETA,0,0,0,0,1,0,0,0,0,0,0,0,0,1,-1,NO IDENTIFICADO,NO IDENTIFICADO,CONDUCTOR AUSENTE,NO,NO,2
29582,120566,120567,2022,0,0,-0.105568,-78.497653,PICHINCHA,QUITO,QUITO,URBANA,2022-02-26,02:00:00,2,SABADO,6,FEBRERO,2,SI,"NO RESPETAR LAS SENIALES REGLAMENTARIAS DE TRANSITO. (PARE, CEDA EL PASO, LUZ ROJA DEL SEMAFORO, ETC).",CHOQUE POSTERIOR,AUTOMOVIL,2,0,0,0,0,0,0,0,0,0,0,0,0,2,40,HOMBRE,ILESO,CONDUCTOR PRESENTE,NO,NO,1
29583,120568,120569,2022,0,0,-0.161203,-78.437146,PICHINCHA,QUITO,NAYON,RURAL,2022-02-26,03:00:00,3,SABADO,6,FEBRERO,2,SI,"FALLA MECANICA EN LOS SISTEMAS Y/O NEUMATICOS (SISTEMA DE FRENOS, DIRECCION, ELECTRONICO O MECANICO).",ESTRELLAMIENTOS,AUTOMOVIL,1,0,0,0,0,0,0,0,0,0,0,0,0,1,31,HOMBRE,ILESO,CONDUCTOR PRESENTE,NO,NO,3
29584,120572,120573,2022,0,0,-0.091346,-78.432026,PICHINCHA,QUITO,CALDERON (CARAPUNGO),RURAL,2022-02-26,03:45:00,3,SABADO,6,FEBRERO,2,SI,"NO RESPETAR LAS SENIALES REGLAMENTARIAS DE TRANSITO. (PARE, CEDA EL PASO, LUZ ROJA DEL SEMAFORO, ETC).",CHOQUE LATERAL,AUTOMOVIL,1,0,0,0,0,0,0,0,0,1,0,0,0,2,-1,NO IDENTIFICADO,NO IDENTIFICADO,CONDUCTOR AUSENTE,NO,NO,2
29585,120573,120574,2022,0,0,-0.124159,-78.466448,PICHINCHA,QUITO,QUITO,URBANA,2022-02-26,04:00:00,4,SABADO,6,FEBRERO,2,SI,CONDUCIR VEHICULO SUPERANDO LOS LIMITES MAXIMOS DE VELOCIDAD.,ESTRELLAMIENTOS,CAMIONETA,0,0,0,0,1,0,0,0,0,0,0,0,0,1,-1,NO IDENTIFICADO,NO IDENTIFICADO,CONDUCTOR AUSENTE,NO,NO,2
29586,120575,120576,2022,1,0,-0.329588,-78.436498,PICHINCHA,RUMINIAHUI,SANGOLQUI,RURAL,2022-02-26,04:05:00,4,SABADO,6,FEBRERO,2,SI,"CONDUCIR DESATENTO A LAS CONDICIONES DE TRANSITO (CELULAR, PANTALLAS DE VIDEO, COMIDA, MAQUILLAJE O CUALQUIER OTRO ELEMENTO DISTRACTOR).",PERDIDA DE CARRIL,AUTOMOVIL,1,0,0,0,0,0,0,0,0,0,0,0,0,1,22,HOMBRE,LESIONADO,CONDUCTOR PRESENTE,NO,SI,3
29587,120577,120578,2022,0,1,-0.207958,-78.490206,PICHINCHA,QUITO,QUITO,URBANA,2022-02-26,04:20:00,4,SABADO,6,FEBRERO,2,SI,CONDUCIR VEHICULO SUPERANDO LOS LIMITES MAXIMOS DE VELOCIDAD.,ESTRELLAMIENTOS,AUTOMOVIL,1,0,0,0,0,0,0,0,0,0,0,0,0,1,30,HOMBRE,FALLECIDO,CONDUCTOR PRESENTE,NO,NO,1
29588,120580,120581,2022,3,0,-0.216547,-78.335181,PICHINCHA,QUITO,PIFO,RURAL,2022-02-26,04:45:00,4,SABADO,6,FEBRERO,2,SI,"CONDUCIR DESATENTO A LAS CONDICIONES DE TRANSITO (CELULAR, PANTALLAS DE VIDEO, COMIDA, MAQUILLAJE O CUALQUIER OTRO ELEMENTO DISTRACTOR).",PERDIDA DE CARRIL,MOTOCICLETA,0,0,0,0,0,0,0,0,1,0,0,0,0,1,43,HOMBRE,LESIONADO,CONDUCTOR PRESENTE,NO,SI,3
29589,120582,120583,2022,0,0,-0.300355,-78.566346,PICHINCHA,QUITO,QUITO,URBANA,2022-02-26,05:10:00,5,SABADO,6,FEBRERO,2,SI,CONDUCIR VEHICULO SUPERANDO LOS LIMITES MAXIMOS DE VELOCIDAD.,ESTRELLAMIENTOS,NO IDENTIFICADO,0,0,0,0,0,0,0,0,0,1,0,0,0,1,-1,NO IDENTIFICADO,NO IDENTIFICADO,CONDUCTOR AUSENTE,NO,NO,2
29590,120598,120599,2022,0,0,-0.217884,-78.513075,PICHINCHA,QUITO,QUITO,URBANA,2022-02-26,08:30:00,8,SABADO,6,FEBRERO,2,SI,"NO RESPETAR LAS SENIALES REGLAMENTARIAS DE TRANSITO. (PARE, CEDA EL PASO, LUZ ROJA DEL SEMAFORO, ETC).",CHOQUE LATERAL,CAMIONETA,1,0,0,0,1,0,0,0,0,0,0,0,0,2,33,HOMBRE,ILESO,CONDUCTOR PRESENTE,NO,NO,1
29591,120627,120628,2022,0,1,-0.221954,-78.508211,PICHINCHA,QUITO,QUITO,URBANA,2022-02-26,17:50:00,17,SABADO,6,FEBRERO,2,SI,PEATON QUE CRUZA LA CALZADA SIN RESPETAR LA SENIALIZACION EXISTENTE (SEMAFOROS O SENIALES MANUALES).,ARROLLAMIENTOS,BUS,0,0,1,0,0,0,0,0,0,0,0,0,0,1,45,HOMBRE,FALLECIDO,PEATON,NO,NO,1
29592,120635,120636,2022,0,0,-0.099083,-78.421844,PICHINCHA,QUITO,CALDERON (CARAPUNGO),RURAL,2022-02-26,19:25:00,19,SABADO,6,FEBRERO,2,SI,CONDUCIR VEHICULO SUPERANDO LOS LIMITES MAXIMOS DE VELOCIDAD.,ESTRELLAMIENTOS,AUTOMOVIL,2,0,0,0,0,0,0,0,0,0,0,0,0,2,-1,NO IDENTIFICADO,NO IDENTIFICADO,CONDUCTOR AUSENTE,NO,NO,2
29593,120638,120639,2022,1,0,-0.268859,-78.530821,PICHINCHA,QUITO,QUITO,URBANA,2022-02-26,20:05:00,20,SABADO,6,FEBRERO,2,SI,CONDUCIR VEHICULO SUPERANDO LOS LIMITES MAXIMOS DE VELOCIDAD.,CHOQUE LATERAL,MOTOCICLETA,0,0,0,0,0,0,0,0,1,1,0,0,0,2,29,HOMBRE,LESIONADO,CONDUCTOR PRESENTE,NO,NO,1
29594,120645,120646,2022,1,0,-0.211813,-78.483496,PICHINCHA,QUITO,QUITO,URBANA,2022-02-26,21:36:00,21,SABADO,6,FEBRERO,2,SI,"CONDUCE BAJO LA INFLUENCIA DE ALCOHOL, SUSTANCIAS ESTUPEFACIENTES O PSICOTROPICAS Y/O MEDICAMENTOS.",OTROS,AUTOMOVIL,3,0,0,0,0,0,0,0,0,0,0,0,0,3,23,MUJER,LESIONADO,CONDUCTOR PRESENTE,NO,NO,1
29595,120646,120647,2022,1,0,-0.099083,-78.421844,PICHINCHA,QUITO,CALDERON (CARAPUNGO),RURAL,2022-02-26,21:50:00,21,SABADO,6,FEBRERO,2,SI,"CONDICIONES AMBIENTALES Y/O ATMOSFERICAS (NIEBLA, NEBLINA, GRANIZO, LLUVIA).",PERDIDA DE CARRIL,MOTOCICLETA,0,0,0,0,0,0,0,0,1,0,0,0,0,1,21,HOMBRE,LESIONADO,PASAJERO,NO,NO,3
29596,120661,120662,2022,0,0,-0.203601,-78.483057,PICHINCHA,QUITO,QUITO,URBANA,2022-02-27,02:35:00,2,DOMINGO,7,FEBRERO,2,SI,REALIZAR CAMBIO BRUSCO O INDEBIDO DE CARRIL.,ESTRELLAMIENTOS,AUTOMOVIL,1,0,0,0,0,0,0,0,0,0,0,0,0,1,32,HOMBRE,ILESO,CONDUCTOR PRESENTE,NO,NO,1
29597,120674,120675,2022,0,1,-0.191475,-78.480908,PICHINCHA,QUITO,QUITO,URBANA,2022-02-27,05:40:00,5,DOMINGO,7,FEBRERO,2,SI,"NO RESPETAR LAS SENIALES REGLAMENTARIAS DE TRANSITO. (PARE, CEDA EL PASO, LUZ ROJA DEL SEMAFORO, ETC).",CHOQUE LATERAL,BUS,0,0,1,0,0,0,0,0,1,0,0,0,0,2,25,HOMBRE,FALLECIDO,CONDUCTOR PRESENTE,NO,NO,1
29598,120682,120683,2022,0,0,-0.068418,-78.453951,PICHINCHA,QUITO,CALDERON (CARAPUNGO),RURAL,2022-02-27,07:30:00,7,DOMINGO,7,FEBRERO,2,SI,REALIZAR CAMBIO BRUSCO O INDEBIDO DE CARRIL.,PERDIDA DE CARRIL,AUTOMOVIL,1,0,0,0,0,0,0,0,0,0,0,0,0,1,-1,NO IDENTIFICADO,NO IDENTIFICADO,CONDUCTOR AUSENTE,NO,NO,2
29599,120685,120686,2022,1,0,-0.234317,-78.491504,PICHINCHA,QUITO,QUITO,URBANA,2022-02-27,08:10:00,8,DOMINGO,7,FEBRERO,2,SI,"CONDICIONES AMBIENTALES Y/O ATMOSFERICAS (NIEBLA, NEBLINA, GRANIZO, LLUVIA).",ESTRELLAMIENTOS,AUTOMOVIL,1,0,0,0,0,0,0,0,0,0,0,0,0,1,60,MUJER,LESIONADO,PASAJERO,NO,NO,1
29600,120692,120693,2022,1,0,-0.100495,-78.463822,PICHINCHA,QUITO,QUITO,URBANA,2022-02-27,10:50:00,10,DOMINGO,7,FEBRERO,2,SI,CONDUCIR VEHICULO SUPERANDO LOS LIMITES MAXIMOS DE VELOCIDAD.,CHOQUE POSTERIOR,AUTOMOVIL,2,0,0,0,0,0,0,0,0,0,0,0,0,2,32,MUJER,LESIONADO,CONDUCTOR PRESENTE,NO,NO,1
29601,120703,120704,2022,3,0,-0.280375,-78.517578,PICHINCHA,QUITO,QUITO,URBANA,2022-02-27,14:50:00,14,DOMINGO,7,FEBRERO,2,SI,CONDUCIR VEHICULO SUPERANDO LOS LIMITES MAXIMOS DE VELOCIDAD.,CHOQUE LATERAL,AUTOMOVIL,2,0,0,0,0,0,0,0,0,0,0,0,0,2,19,MUJER,LESIONADO,PASAJERO,NO,NO,1
29602,120705,120706,2022,0,1,-0.085629,-78.512188,PICHINCHA,QUITO,QUITO,URBANA,2022-02-27,15:30:00,15,DOMINGO,7,FEBRERO,2,SI,PEATON QUE CRUZA LA CALZADA SIN RESPETAR LA SENIALIZACION EXISTENTE (SEMAFOROS O SENIALES MANUALES).,ATROPELLOS,BUS,0,0,1,0,0,0,0,0,0,0,0,0,0,1,59,MUJER,FALLECIDO,PEATON,NO,NO,1
29603,120706,120707,2022,2,0,-0.282873,-78.544223,PICHINCHA,QUITO,QUITO,URBANA,2022-02-27,15:40:00,15,DOMINGO,7,FEBRERO,2,SI,NO TRANSITAR POR LAS ACERAS O ZONAS DE SEGURIDAD DESTINADAS PARA EL EFECTO.,ATROPELLOS,AUTOMOVIL,1,0,0,0,0,0,0,0,0,0,0,0,0,1,13,MUJER,LESIONADO,PEATON,NO,NO,1
29604,120725,120726,2022,0,0,-0.406731,-78.542805,PICHINCHA,MEJIA,TAMBILLO (MEJIA),RURAL,2022-02-27,19:40:00,19,DOMINGO,7,FEBRERO,2,SI,"CONDUCIR DESATENTO A LAS CONDICIONES DE TRANSITO (CELULAR, PANTALLAS DE VIDEO, COMIDA, MAQUILLAJE O CUALQUIER OTRO ELEMENTO DISTRACTOR).",CHOQUE POSTERIOR,CAMIONETA,2,0,0,0,1,0,0,0,0,0,0,0,0,3,47,HOMBRE,ILESO,CONDUCTOR PRESENTE,NO,SI,3
29605,120726,120727,2022,1,0,-0.064334,-78.429354,PICHINCHA,QUITO,CALDERON (CARAPUNGO),RURAL,2022-02-27,19:45:00,19,DOMINGO,7,FEBRERO,2,SI,"CONDICIONES AMBIENTALES Y/O ATMOSFERICAS (NIEBLA, NEBLINA, GRANIZO, LLUVIA).",ATROPELLOS,AUTOMOVIL,1,0,0,0,0,0,0,0,0,0,0,0,0,1,34,HOMBRE,LESIONADO,PEATON,NO,NO,3
29606,120734,120735,2022,1,0,-0.206931,-78.425899,PICHINCHA,QUITO,CUMBAYA,RURAL,2022-02-27,21:00:00,21,DOMINGO,7,FEBRERO,2,SI,CONDUCIR VEHICULO SUPERANDO LOS LIMITES MAXIMOS DE VELOCIDAD.,CHOQUE POSTERIOR,MOTOCICLETA,0,0,0,0,1,0,0,0,1,0,0,0,0,2,37,HOMBRE,LESIONADO,CONDUCTOR PRESENTE,NO,NO,3
29607,120745,120746,2022,1,0,-0.237628,-78.484451,PICHINCHA,QUITO,QUITO,URBANA,2022-02-27,22:30:00,22,DOMINGO,7,FEBRERO,2,SI,CONDUCIR VEHICULO SUPERANDO LOS LIMITES MAXIMOS DE VELOCIDAD.,PERDIDA DE CARRIL,MOTOCICLETA,0,0,0,0,0,0,0,0,1,0,0,0,0,1,55,HOMBRE,LESIONADO,CONDUCTOR PRESENTE,NO,NO,1
29608,120746,120747,2022,0,0,-0.258156,-78.529528,PICHINCHA,QUITO,QUITO,URBANA,2022-02-27,22:35:00,22,DOMINGO,7,FEBRERO,2,SI,CONDUCIR VEHICULO SUPERANDO LOS LIMITES MAXIMOS DE VELOCIDAD.,ESTRELLAMIENTOS,AUTOMOVIL,1,0,0,0,0,0,0,0,0,0,0,0,0,1,-1,NO IDENTIFICADO,NO IDENTIFICADO,CONDUCTOR AUSENTE,NO,NO,2
29609,120748,120749,2022,0,1,-0.370893,-78.484553,PICHINCHA,QUITO,AMAGUANIA,RURAL,2022-02-27,23:20:00,23,DOMINGO,7,FEBRERO,2,SI,"CONDUCIR DESATENTO A LAS CONDICIONES DE TRANSITO (CELULAR, PANTALLAS DE VIDEO, COMIDA, MAQUILLAJE O CUALQUIER OTRO ELEMENTO DISTRACTOR).",ARROLLAMIENTOS,NO IDENTIFICADO,0,0,0,0,0,0,0,0,0,1,0,0,0,1,44,HOMBRE,FALLECIDO,PEATON,NO,SI,3
29610,120749,120750,2022,0,0,-0.170135,-78.479875,PICHINCHA,QUITO,QUITO,URBANA,2022-02-27,23:20:00,23,DOMINGO,7,FEBRERO,2,SI,"CONDUCE BAJO LA INFLUENCIA DE ALCOHOL, SUSTANCIAS ESTUPEFACIENTES O PSICOTROPICAS Y/O MEDICAMENTOS.",CHOQUE POSTERIOR,AUTOMOVIL,2,0,0,0,0,0,0,0,0,0,0,0,0,2,37,MUJER,ILESO,CONDUCTOR PRESENTE,NO,NO,1
29611,120755,120756,2022,0,1,-0.215551,-78.380479,PICHINCHA,QUITO,TUMBACO,RURAL,2022-02-28,01:40:00,1,LUNES,1,FEBRERO,2,SI,"CONDICIONES AMBIENTALES Y/O ATMOSFERICAS (NIEBLA, NEBLINA, GRANIZO, LLUVIA).",ESTRELLAMIENTOS,MOTOCICLETA,0,0,0,0,0,0,0,0,1,0,0,0,0,1,20,HOMBRE,FALLECIDO,CONDUCTOR PRESENTE,NO,NO,3
29612,120763,120764,2022,0,1,-0.252168,-78.539221,PICHINCHA,QUITO,QUITO,URBANA,2022-02-28,05:45:00,5,LUNES,1,FEBRERO,2,SI,NO CEDER EL DERECHO DE VIA O PREFERENCIA DE PASO AL PEATON.,ATROPELLOS,NO IDENTIFICADO,0,0,0,0,0,0,0,0,0,1,0,0,0,1,65,HOMBRE,FALLECIDO,PEATON,NO,NO,1
29613,120770,120771,2022,0,0,-0.291889,-78.558471,PICHINCHA,QUITO,QUITO,URBANA,2022-02-28,08:30:00,8,LUNES,1,FEBRERO,2,SI,NO GUARDAR LA DISTANCIA LATERAL MINIMA DE SEGURIDAD ENTRE VEHICULOS.,ROZAMIENTOS,BUS,1,0,1,0,0,0,0,0,0,0,0,0,0,2,30,MUJER,ILESO,PASAJERO,NO,NO,1
29614,120797,120798,2022,0,0,-0.547695,-78.585684,PICHINCHA,MEJIA,MACHACHI,RURAL,2022-02-28,17:30:00,17,LUNES,1,FEBRERO,2,SI,"CONDUCIR DESATENTO A LAS CONDICIONES DE TRANSITO (CELULAR, PANTALLAS DE VIDEO, COMIDA, MAQUILLAJE O CUALQUIER OTRO ELEMENTO DISTRACTOR).",ROZAMIENTOS,CAMIONETA,2,0,0,0,2,0,0,0,0,0,0,0,1,5,22,HOMBRE,ILESO,CONDUCTOR PRESENTE,NO,SI,3
29615,120801,120802,2022,0,0,-0.242729,-78.476486,PICHINCHA,QUITO,QUITO,URBANA,2022-02-28,18:29:00,18,LUNES,1,FEBRERO,2,SI,"NO RESPETAR LAS SENIALES REGLAMENTARIAS DE TRANSITO. (PARE, CEDA EL PASO, LUZ ROJA DEL SEMAFORO, ETC).",CHOQUE LATERAL,MOTOCICLETA,1,0,0,0,0,0,0,0,1,0,0,0,0,2,26,MUJER,ILESO,PASAJERO,NO,NO,1
29616,120815,120816,2022,0,1,-0.242024,-78.543031,PICHINCHA,QUITO,QUITO,URBANA,2022-02-28,21:00:00,21,LUNES,1,FEBRERO,2,SI,NO TRANSITAR POR LAS ACERAS O ZONAS DE SEGURIDAD DESTINADAS PARA EL EFECTO.,ATROPELLOS,NO IDENTIFICADO,0,0,0,0,0,0,0,0,0,1,0,0,0,1,60,MUJER,FALLECIDO,PEATON,NO,NO,1
29617,120818,120819,2022,1,1,-0.328676,-78.423671,PICHINCHA,RUMINIAHUI,SANGOLQUI,RURAL,2022-02-28,21:30:00,21,LUNES,1,FEBRERO,2,SI,"CONDUCIR DESATENTO A LAS CONDICIONES DE TRANSITO (CELULAR, PANTALLAS DE VIDEO, COMIDA, MAQUILLAJE O CUALQUIER OTRO ELEMENTO DISTRACTOR).",CHOQUE FRONTAL,CAMION,1,0,0,1,0,0,0,0,0,0,0,0,0,2,35,MUJER,FALLECIDO,PASAJERO,NO,SI,3
29618,120823,120824,2022,0,0,-0.169296,-78.476348,PICHINCHA,QUITO,QUITO,URBANA,2022-02-28,23:00:00,23,LUNES,1,FEBRERO,2,SI,"NO RESPETAR LAS SENIALES REGLAMENTARIAS DE TRANSITO. (PARE, CEDA EL PASO, LUZ ROJA DEL SEMAFORO, ETC).",CHOQUE LATERAL,AUTOMOVIL,2,0,0,0,0,0,0,0,0,0,0,0,0,2,23,MUJER,ILESO,PASAJERO,NO,NO,1
29619,120827,120828,2022,1,0,-0.380547,-78.531197,PICHINCHA,MEJIA,CUTUGLAHUA,RURAL,2022-03-01,00:00:00,0,MARTES,2,MARZO,3,NO,"CONDUCIR DESATENTO A LAS CONDICIONES DE TRANSITO (CELULAR, PANTALLAS DE VIDEO, COMIDA, MAQUILLAJE O CUALQUIER OTRO ELEMENTO DISTRACTOR).",ESTRELLAMIENTOS,CAMION,1,0,0,1,0,0,0,0,0,0,0,0,0,2,40,HOMBRE,LESIONADO,PASAJERO,NO,SI,3
29620,120843,120844,2022,0,0,-0.105373,-78.462381,PICHINCHA,QUITO,QUITO,URBANA,2022-03-01,06:20:00,6,MARTES,2,MARZO,3,NO,"CONDUCE BAJO LA INFLUENCIA DE ALCOHOL, SUSTANCIAS ESTUPEFACIENTES O PSICOTROPICAS Y/O MEDICAMENTOS.",CHOQUE POSTERIOR,CAMIONETA,1,0,0,0,1,0,0,0,0,0,0,0,0,2,51,HOMBRE,ILESO,CONDUCTOR PRESENTE,NO,NO,1
29621,120844,120845,2022,0,0,-0.549505,-78.586235,PICHINCHA,MEJIA,MACHACHI,RURAL,2022-03-01,06:50:00,6,MARTES,2,MARZO,3,NO,"CONDUCIR DESATENTO A LAS CONDICIONES DE TRANSITO (CELULAR, PANTALLAS DE VIDEO, COMIDA, MAQUILLAJE O CUALQUIER OTRO ELEMENTO DISTRACTOR).",PERDIDA DE CARRIL,VEHICULO DEPORTIVO UTILITARIO,0,0,0,0,0,0,0,0,0,0,0,0,1,1,-1,NO IDENTIFICADO,NO IDENTIFICADO,CONDUCTOR AUSENTE,NO,SI,2
29622,120859,120860,2022,1,0,0.025786,-78.642854,PICHINCHA,QUITO,NONO,RURAL,2022-03-01,13:15:00,13,MARTES,2,MARZO,3,NO,"CONDUCIR DESATENTO A LAS CONDICIONES DE TRANSITO (CELULAR, PANTALLAS DE VIDEO, COMIDA, MAQUILLAJE O CUALQUIER OTRO ELEMENTO DISTRACTOR).",CHOQUE FRONTAL,CAMION,0,0,0,1,0,0,0,0,1,0,0,0,0,2,21,MUJER,LESIONADO,PASAJERO,NO,SI,3
29623,120860,120861,2022,0,0,-0.263983,-78.528124,PICHINCHA,QUITO,QUITO,URBANA,2022-03-01,13:38:00,13,MARTES,2,MARZO,3,NO,"NO RESPETAR LAS SENIALES REGLAMENTARIAS DE TRANSITO. (PARE, CEDA EL PASO, LUZ ROJA DEL SEMAFORO, ETC).",CHOQUE LATERAL,AUTOMOVIL,2,0,0,0,0,0,0,0,0,0,0,0,0,2,51,HOMBRE,ILESO,CONDUCTOR PRESENTE,NO,NO,1
29624,120862,120863,2022,0,0,-0.135178,-78.484696,PICHINCHA,QUITO,QUITO,URBANA,2022-03-01,15:05:00,15,MARTES,2,MARZO,3,NO,"NO RESPETAR LAS SENIALES REGLAMENTARIAS DE TRANSITO. (PARE, CEDA EL PASO, LUZ ROJA DEL SEMAFORO, ETC).",CHOQUE LATERAL,FURGONETA,1,0,0,0,0,0,0,1,0,0,0,0,0,2,33,HOMBRE,ILESO,PASAJERO,NO,NO,1
29625,120863,120864,2022,1,0,-0.442166,-78.608144,PICHINCHA,MEJIA,ALOAG,RURAL,2022-03-01,15:10:00,15,MARTES,2,MARZO,3,NO,"CONDUCIR DESATENTO A LAS CONDICIONES DE TRANSITO (CELULAR, PANTALLAS DE VIDEO, COMIDA, MAQUILLAJE O CUALQUIER OTRO ELEMENTO DISTRACTOR).",ESTRELLAMIENTOS,CAMION,0,0,0,1,0,0,0,0,1,0,0,0,0,2,-1,NO IDENTIFICADO,LESIONADO,CONDUCTOR PRESENTE,NO,SI,3