,Unnamed: 0,ID,ANIO,LESIONADOS,FALLECIDOS,LATITUD_Y,LONGITUD_X,PROVINCIA,CANTON,PARROQUIA,ZONA,FECHA,HORA,PERIODO_2,DIA_1,DIA_2,MES_1,MES_2,FERIADO,CAUSA_PROBABLE,TIPO_DE_SINIESTRO,TIPO_DE_VEHICULO_1,AUTOMOVIL,BICICLETA,BUS,CAMION,CAMIONETA,EMERGENCIAS,ESPECIAL,FURGONETA,MOTOCICLETA,NO_IDENTIFICADO,SCOOTER_ELECTRICO,TRICIMOTO,VEHICULO_DEPORTIVO_UTILITARIO,SUMA_DE_VEHICULOS,EDAD_1,SEXO_1,CONDICION_1,PARTICIPANTE_1,CASCO_1,CINTURON_1,KMeans_Cluster
29626,120864,120865,2022,0,0,-0.287422,-78.489168,PICHINCHA,QUITO,CONOCOTO,RURAL,2022-03-01,15:20:00,15,MARTES,2,MARZO,3,NO,NO MANTENER LA DISTANCIA PRUDENCIAL CON RESPECTO AL VEHICULO QUE LE ANTECEDE.,CHOQUE POSTERIOR,MOTOCICLETA,1,0,0,0,0,0,0,0,1,0,0,0,0,2,30,HOMBRE,ILESO,CONDUCTOR PRESENTE,SI,NO,3
29627,120870,120871,2022,0,0,-0.449411,-78.585734,PICHINCHA,MEJIA,ALOAG,URBANA,2022-03-01,16:20:00,16,MARTES,2,MARZO,3,NO,NO CEDER EL DERECHO DE VIA O PREFERENCIA DE PASO A VEHICULOS.,CHOQUE LATERAL,CAMIONETA,0,0,0,0,1,0,0,0,0,0,0,0,0,1,49,HOMBRE,ILESO,CONDUCTOR PRESENTE,NO,SI,1
29628,120873,120874,2022,3,0,-0.334058,-78.204655,PICHINCHA,QUITO,PIFO,RURAL,2022-03-01,17:05:00,17,MARTES,2,MARZO,3,NO,"CONDUCIR DESATENTO A LAS CONDICIONES DE TRANSITO (CELULAR, PANTALLAS DE VIDEO, COMIDA, MAQUILLAJE O CUALQUIER OTRO ELEMENTO DISTRACTOR).",PERDIDA DE PISTA,VEHICULO DEPORTIVO UTILITARIO,1,0,0,0,0,0,0,0,0,0,0,0,1,2,12,HOMBRE,LESIONADO,PASAJERO,NO,SI,3
29629,120874,120875,2022,2,1,-0.279539,-78.558061,PICHINCHA,QUITO,QUITO,URBANA,2022-03-01,17:20:00,17,MARTES,2,MARZO,3,NO,"NO RESPETAR LAS SENIALES REGLAMENTARIAS DE TRANSITO. (PARE, CEDA EL PASO, LUZ ROJA DEL SEMAFORO, ETC).",CHOQUE LATERAL,MOTOCICLETA,1,0,0,0,0,0,0,0,1,0,0,0,0,2,32,MUJER,FALLECIDO,PASAJERO,NO,NO,1
29630,120881,120882,2022,0,0,-0.085149,-78.293223,PICHINCHA,CAYAMBE,ASCAZUBI,RURAL,2022-03-01,19:20:00,19,MARTES,2,MARZO,3,NO,NO GUARDAR LA DISTANCIA LATERAL MINIMA DE SEGURIDAD ENTRE VEHICULOS.,COLISION,CAMION,2,0,0,1,0,0,0,0,0,0,0,0,1,4,33,HOMBRE,ILESO,CONDUCTOR PRESENTE,NO,SI,3
29631,120893,120894,2022,1,0,-0.249714,-78.517205,PICHINCHA,QUITO,QUITO,URBANA,2022-03-01,21:30:00,21,MARTES,2,MARZO,3,NO,NO GUARDAR LA DISTANCIA LATERAL MINIMA DE SEGURIDAD ENTRE VEHICULOS.,CHOQUE LATERAL,MOTOCICLETA,1,0,0,0,0,0,0,0,1,0,0,0,0,2,29,HOMBRE,LESIONADO,CONDUCTOR PRESENTE,SI,NO,1
29632,120910,120911,2022,0,0,-0.217989,-78.508704,PICHINCHA,QUITO,QUITO,URBANA,2022-03-02,06:47:00,6,MIERCOLES,3,MARZO,3,NO,"NO RESPETAR LAS SENIALES REGLAMENTARIAS DE TRANSITO. (PARE, CEDA EL PASO, LUZ ROJA DEL SEMAFORO, ETC).",CHOQUE LATERAL,AUTOMOVIL,2,0,0,0,0,0,0,0,0,0,0,0,0,2,20,MUJER,ILESO,PASAJERO,NO,SI,1
29633,120913,120914,2022,1,0,-0.129185,-78.501501,PICHINCHA,QUITO,QUITO,URBANA,2022-03-02,08:00:00,8,MIERCOLES,3,MARZO,3,NO,NO GUARDAR LA DISTANCIA LATERAL MINIMA DE SEGURIDAD ENTRE VEHICULOS.,CHOQUE LATERAL,MOTOCICLETA,1,0,0,0,0,0,0,0,1,0,0,0,0,2,36,HOMBRE,LESIONADO,CONDUCTOR PRESENTE,NO,NO,1
29634,120915,120916,2022,0,0,-0.328831,-78.560625,PICHINCHA,QUITO,QUITO,URBANA,2022-03-02,08:15:00,8,MIERCOLES,3,MARZO,3,NO,CONDUCIR VEHICULO SUPERANDO LOS LIMITES MAXIMOS DE VELOCIDAD.,ESTRELLAMIENTOS,AUTOMOVIL,1,0,0,0,0,0,0,0,0,0,0,0,0,1,-1,NO IDENTIFICADO,NO IDENTIFICADO,CONDUCTOR AUSENTE,NO,NO,2
29635,120916,120917,2022,0,0,-0.211526,-78.446722,PICHINCHA,QUITO,CUMBAYA,RURAL,2022-03-02,08:30:00,8,MIERCOLES,3,MARZO,3,NO,CONDUCIR VEHICULO SUPERANDO LOS LIMITES MAXIMOS DE VELOCIDAD.,ESTRELLAMIENTOS,AUTOMOVIL,1,0,0,0,0,0,0,0,0,0,0,0,0,1,34,HOMBRE,ILESO,CONDUCTOR PRESENTE,NO,NO,3
29636,120925,120926,2022,0,0,-0.196283,-78.512594,PICHINCHA,QUITO,QUITO,URBANA,2022-03-02,12:42:00,12,MIERCOLES,3,MARZO,3,NO,"CONDUCE BAJO LA INFLUENCIA DE ALCOHOL, SUSTANCIAS ESTUPEFACIENTES O PSICOTROPICAS Y/O MEDICAMENTOS.",ESTRELLAMIENTOS,AUTOMOVIL,3,0,0,0,0,0,0,0,0,0,0,0,0,3,11,HOMBRE,ILESO,PASAJERO,NO,NO,1
29637,120928,120929,2022,0,0,-0.197677,-78.500203,PICHINCHA,QUITO,QUITO,URBANA,2022-03-02,13:15:00,13,MIERCOLES,3,MARZO,3,NO,REALIZAR CAMBIO BRUSCO O INDEBIDO DE CARRIL.,ROZAMIENTOS,BUS,1,0,1,0,0,0,0,0,0,0,0,0,0,2,69,HOMBRE,ILESO,CONDUCTOR PRESENTE,NO,NO,1
29638,120930,120931,2022,1,0,-0.091585,-78.439052,PICHINCHA,QUITO,CALDERON (CARAPUNGO),RURAL,2022-03-02,13:40:00,13,MIERCOLES,3,MARZO,3,NO,NO CEDER EL DERECHO DE VIA O PREFERENCIA DE PASO AL PEATON.,ATROPELLOS,AUTOMOVIL,1,0,0,0,0,0,0,0,0,0,0,0,0,1,5,HOMBRE,LESIONADO,PEATON,NO,NO,3
29639,120941,120942,2022,0,0,-0.206438,-78.370261,PICHINCHA,QUITO,PUEMBO,RURAL,2022-03-02,18:25:00,18,MIERCOLES,3,MARZO,3,NO,NO CEDER EL DERECHO DE VIA O PREFERENCIA DE PASO A VEHICULOS.,CHOQUE FRONTAL,FURGONETA,1,0,0,0,0,0,0,1,0,0,0,0,0,2,43,HOMBRE,ILESO,CONDUCTOR PRESENTE,NO,NO,3
29640,120950,120951,2022,0,0,-0.128329,-78.502404,PICHINCHA,QUITO,QUITO,URBANA,2022-03-03,00:30:00,0,JUEVES,4,MARZO,3,NO,"CONDUCE BAJO LA INFLUENCIA DE ALCOHOL, SUSTANCIAS ESTUPEFACIENTES O PSICOTROPICAS Y/O MEDICAMENTOS.",CHOQUE POSTERIOR,FURGONETA,1,0,0,0,0,0,0,1,0,0,0,0,0,2,37,HOMBRE,ILESO,CONDUCTOR PRESENTE,NO,NO,1
29641,120955,120956,2022,1,0,-0.280642,-78.559821,PICHINCHA,QUITO,QUITO,URBANA,2022-03-03,07:10:00,7,JUEVES,4,MARZO,3,NO,NO GUARDAR LA DISTANCIA LATERAL MINIMA DE SEGURIDAD ENTRE VEHICULOS.,CHOQUE FRONTAL,MOTOCICLETA,1,0,0,0,0,0,0,0,1,0,0,0,0,2,36,HOMBRE,LESIONADO,CONDUCTOR PRESENTE,NO,NO,1
29642,120959,120960,2022,1,0,-0.187942,-78.493219,PICHINCHA,QUITO,QUITO,URBANA,2022-03-03,09:25:00,9,JUEVES,4,MARZO,3,NO,"NO RESPETAR LAS SENIALES REGLAMENTARIAS DE TRANSITO. (PARE, CEDA EL PASO, LUZ ROJA DEL SEMAFORO, ETC).",CHOQUE LATERAL,MOTOCICLETA,1,0,0,0,0,0,0,0,1,0,0,0,0,2,24,HOMBRE,LESIONADO,CONDUCTOR PRESENTE,NO,NO,1
29643,120968,120969,2022,3,0,-0.292724,-78.476486,PICHINCHA,QUITO,CONOCOTO,RURAL,2022-03-03,14:30:00,14,JUEVES,4,MARZO,3,NO,"CONDUCE BAJO LA INFLUENCIA DE ALCOHOL, SUSTANCIAS ESTUPEFACIENTES O PSICOTROPICAS Y/O MEDICAMENTOS.",CHOQUE FRONTAL,AUTOMOVIL,2,0,0,0,0,0,0,0,0,0,0,0,0,2,76,HOMBRE,LESIONADO,PASAJERO,NO,NO,3
29644,120979,120980,2022,0,0,-0.187237,-78.505521,PICHINCHA,QUITO,QUITO,URBANA,2022-03-03,17:30:00,17,JUEVES,4,MARZO,3,NO,CONDUCIR VEHICULO SUPERANDO LOS LIMITES MAXIMOS DE VELOCIDAD.,COLISION,AUTOMOVIL,3,0,0,0,0,0,0,0,0,0,0,0,0,3,53,HOMBRE,ILESO,CONDUCTOR PRESENTE,NO,NO,1
29645,120980,120981,2022,0,0,-0.108255,-78.461339,PICHINCHA,QUITO,CALDERON (CARAPUNGO),URBANA,2022-03-03,18:00:00,18,JUEVES,4,MARZO,3,NO,"NO RESPETAR LAS SENIALES REGLAMENTARIAS DE TRANSITO. (PARE, CEDA EL PASO, LUZ ROJA DEL SEMAFORO, ETC).",OTROS,MOTOCICLETA,0,0,0,0,0,0,0,0,1,0,0,0,0,1,-1,NO IDENTIFICADO,NO IDENTIFICADO,CONDUCTOR AUSENTE,NO,NO,2
29646,120983,120984,2022,0,1,-0.109235,-78.489061,PICHINCHA,QUITO,QUITO,URBANA,2022-03-03,18:38:00,18,JUEVES,4,MARZO,3,NO,NO CEDER EL DERECHO DE VIA O PREFERENCIA DE PASO AL PEATON.,ARROLLAMIENTOS,BUS,0,0,1,0,0,0,0,0,0,0,0,0,0,1,53,HOMBRE,FALLECIDO,PEATON,NO,NO,1
29647,120988,120989,2022,0,0,-0.292724,-78.476486,PICHINCHA,QUITO,CONOCOTO,RURAL,2022-03-03,19:50:00,19,JUEVES,4,MARZO,3,NO,NO MANTENER LA DISTANCIA PRUDENCIAL CON RESPECTO AL VEHICULO QUE LE ANTECEDE.,CHOQUE POSTERIOR,AUTOMOVIL,2,0,0,0,0,0,0,0,0,0,0,0,0,2,37,HOMBRE,ILESO,CONDUCTOR PRESENTE,NO,NO,3
29648,120989,120990,2022,0,0,-0.206138,-78.483123,PICHINCHA,QUITO,QUITO,URBANA,2022-03-03,19:50:00,19,JUEVES,4,MARZO,3,NO,"NO RESPETAR LAS SENIALES REGLAMENTARIAS DE TRANSITO. (PARE, CEDA EL PASO, LUZ ROJA DEL SEMAFORO, ETC).",CHOQUE LATERAL,AUTOMOVIL,2,0,0,0,0,0,0,0,0,0,0,0,0,2,41,HOMBRE,ILESO,PASAJERO,NO,NO,1
29649,120996,120997,2022,0,0,-0.212824,-78.402686,PICHINCHA,QUITO,TUMBACO,RURAL,2022-03-04,03:50:00,3,VIERNES,5,MARZO,3,NO,"NO RESPETAR LAS SENIALES REGLAMENTARIAS DE TRANSITO. (PARE, CEDA EL PASO, LUZ ROJA DEL SEMAFORO, ETC).",ESTRELLAMIENTOS,AUTOMOVIL,1,0,0,0,0,0,0,0,0,0,0,0,0,1,-1,NO IDENTIFICADO,NO IDENTIFICADO,CONDUCTOR AUSENTE,NO,NO,2
29650,120997,120998,2022,1,0,-0.329994,-78.555202,PICHINCHA,QUITO,QUITO,URBANA,2022-03-04,05:30:00,5,VIERNES,5,MARZO,3,NO,"CONDUCE BAJO LA INFLUENCIA DE ALCOHOL, SUSTANCIAS ESTUPEFACIENTES O PSICOTROPICAS Y/O MEDICAMENTOS.",CHOQUE FRONTAL,CAMION,1,0,0,1,0,0,0,0,0,0,0,0,0,2,28,HOMBRE,LESIONADO,CONDUCTOR PRESENTE,NO,NO,1
29651,121005,121006,2022,0,1,-0.212824,-78.402686,PICHINCHA,QUITO,TUMBACO,RURAL,2022-03-04,12:05:00,12,VIERNES,5,MARZO,3,NO,PEATON QUE CRUZA LA CALZADA SIN RESPETAR LA SENIALIZACION EXISTENTE (SEMAFOROS O SENIALES MANUALES).,ATROPELLOS,NO IDENTIFICADO,0,0,0,0,0,0,0,0,0,1,0,0,0,1,75,HOMBRE,FALLECIDO,PEATON,NO,NO,3
29652,121008,121009,2022,0,0,-0.133668,-78.501945,PICHINCHA,QUITO,QUITO,URBANA,2022-03-04,15:15:00,15,VIERNES,5,MARZO,3,NO,NO MANTENER LA DISTANCIA PRUDENCIAL CON RESPECTO AL VEHICULO QUE LE ANTECEDE.,COLISION,CAMION,2,0,0,1,0,0,0,0,0,0,0,0,0,3,60,HOMBRE,ILESO,CONDUCTOR PRESENTE,NO,NO,1
29653,121016,121017,2022,1,0,-0.274181,-78.539368,PICHINCHA,QUITO,QUITO,URBANA,2022-03-04,19:45:00,19,VIERNES,5,MARZO,3,NO,NO TRANSITAR POR LAS ACERAS O ZONAS DE SEGURIDAD DESTINADAS PARA EL EFECTO.,ARROLLAMIENTOS,BUS,0,0,1,0,0,0,0,0,0,0,0,0,0,1,14,HOMBRE,LESIONADO,PASAJERO,NO,NO,1
29654,121018,121019,2022,0,0,-0.212575,-78.511584,PICHINCHA,QUITO,QUITO,URBANA,2022-03-04,20:00:00,20,VIERNES,5,MARZO,3,NO,"NO RESPETAR LAS SENIALES REGLAMENTARIAS DE TRANSITO. (PARE, CEDA EL PASO, LUZ ROJA DEL SEMAFORO, ETC).",CHOQUE LATERAL,AUTOMOVIL,2,0,0,0,0,0,0,0,0,0,0,0,0,2,32,MUJER,ILESO,CONDUCTOR PRESENTE,NO,NO,1
29655,121025,121026,2022,0,0,-0.232254,-78.505317,PICHINCHA,QUITO,QUITO,URBANA,2022-03-04,23:45:00,23,VIERNES,5,MARZO,3,NO,"CONDICIONES AMBIENTALES Y/O ATMOSFERICAS (NIEBLA, NEBLINA, GRANIZO, LLUVIA).",ESTRELLAMIENTOS,AUTOMOVIL,1,0,0,0,0,0,0,0,0,0,0,0,0,1,-1,NO IDENTIFICADO,NO IDENTIFICADO,CONDUCTOR AUSENTE,NO,NO,2
29656,121026,121027,2022,2,0,-0.262722,-78.538106,PICHINCHA,QUITO,QUITO,URBANA,2022-03-05,00:30:00,0,SABADO,6,MARZO,3,NO,"CONDUCE BAJO LA INFLUENCIA DE ALCOHOL, SUSTANCIAS ESTUPEFACIENTES O PSICOTROPICAS Y/O MEDICAMENTOS.",CHOQUE FRONTAL,AUTOMOVIL,2,0,0,0,0,0,0,0,0,0,0,0,0,2,64,MUJER,LESIONADO,PASAJERO,NO,NO,1
29657,121028,121029,2022,1,0,-0.163073,-78.462599,PICHINCHA,QUITO,QUITO,URBANA,2022-03-05,01:30:00,1,SABADO,6,MARZO,3,NO,"CONDUCE BAJO LA INFLUENCIA DE ALCOHOL, SUSTANCIAS ESTUPEFACIENTES O PSICOTROPICAS Y/O MEDICAMENTOS.",ATROPELLOS,CAMIONETA,0,0,0,0,2,0,0,0,0,0,0,0,0,2,34,MUJER,LESIONADO,PEATON,NO,NO,1
29658,121032,121033,2022,0,0,-0.206618,-78.494387,PICHINCHA,QUITO,QUITO,URBANA,2022-03-05,02:30:00,2,SABADO,6,MARZO,3,NO,"CONDUCE BAJO LA INFLUENCIA DE ALCOHOL, SUSTANCIAS ESTUPEFACIENTES O PSICOTROPICAS Y/O MEDICAMENTOS.",CHOQUE LATERAL,AUTOMOVIL,2,0,0,0,0,0,0,0,0,0,0,0,0,2,29,HOMBRE,ILESO,CONDUCTOR PRESENTE,NO,NO,1
29659,121046,121047,2022,1,0,-0.292724,-78.476486,PICHINCHA,QUITO,CONOCOTO,RURAL,2022-03-05,09:50:00,9,SABADO,6,MARZO,3,NO,"NO RESPETAR LAS SENIALES REGLAMENTARIAS DE TRANSITO. (PARE, CEDA EL PASO, LUZ ROJA DEL SEMAFORO, ETC).",CHOQUE LATERAL,AUTOMOVIL,2,0,0,0,0,0,0,0,0,0,0,0,0,2,35,MUJER,LESIONADO,CONDUCTOR PRESENTE,NO,NO,3
29660,121055,121056,2022,0,0,0.046718,-78.200955,PICHINCHA,PEDRO MONCAYO,TABACUNDO,RURAL,2022-03-05,15:00:00,15,SABADO,6,MARZO,3,NO,"CONDICIONES AMBIENTALES Y/O ATMOSFERICAS (NIEBLA, NEBLINA, GRANIZO, LLUVIA).",PERDIDA DE PISTA,CAMION,0,0,0,1,0,0,0,0,0,0,0,0,0,1,20,MUJER,ILESO,CONDUCTOR PRESENTE,NO,SI,3
29661,121056,121057,2022,0,0,-0.280174,-78.475471,PICHINCHA,QUITO,CONOCOTO,RURAL,2022-03-05,16:25:00,16,SABADO,6,MARZO,3,NO,"NO RESPETAR LAS SENIALES REGLAMENTARIAS DE TRANSITO. (PARE, CEDA EL PASO, LUZ ROJA DEL SEMAFORO, ETC).",CHOQUE LATERAL,AUTOMOVIL,2,0,0,0,0,0,0,0,0,0,0,0,0,2,45,MUJER,ILESO,CONDUCTOR PRESENTE,NO,NO,3
29662,121066,121067,2022,1,0,-0.000131,-78.443244,PICHINCHA,QUITO,SAN ANTONIO (QUITO),RURAL,2022-03-05,19:32:00,19,SABADO,6,MARZO,3,NO,CONDUCIR VEHICULO SUPERANDO LOS LIMITES MAXIMOS DE VELOCIDAD.,ESTRELLAMIENTOS,AUTOMOVIL,1,0,0,0,0,0,0,0,0,0,0,0,0,1,29,MUJER,LESIONADO,CONDUCTOR PRESENTE,NO,NO,3
29663,121075,121076,2022,2,0,-0.326165,-78.476691,PICHINCHA,QUITO,AMAGUANIA,RURAL,2022-03-05,20:10:00,20,SABADO,6,MARZO,3,NO,NO CEDER EL DERECHO DE VIA O PREFERENCIA DE PASO AL PEATON.,ATROPELLOS,AUTOMOVIL,2,0,0,0,0,0,0,0,0,0,0,0,0,2,35,HOMBRE,LESIONADO,PEATON,NO,NO,3
29664,121076,121077,2022,0,0,0.044325,-78.156452,PICHINCHA,CAYAMBE,CAYAMBE,RURAL,2022-03-05,20:40:00,20,SABADO,6,MARZO,3,NO,"CONDUCE BAJO LA INFLUENCIA DE ALCOHOL, SUSTANCIAS ESTUPEFACIENTES O PSICOTROPICAS Y/O MEDICAMENTOS.",CHOQUE FRONTAL,CAMIONETA,2,0,0,0,1,0,0,0,0,0,0,0,0,3,48,HOMBRE,ILESO,CONDUCTOR PRESENTE,NO,SI,3
29665,121084,121085,2022,0,1,-0.237474,-78.484642,PICHINCHA,QUITO,QUITO,URBANA,2022-03-05,22:30:00,22,SABADO,6,MARZO,3,NO,CONDUCIR VEHICULO SUPERANDO LOS LIMITES MAXIMOS DE VELOCIDAD.,PERDIDA DE CARRIL,MOTOCICLETA,0,0,0,0,0,0,0,0,1,0,0,0,0,1,27,HOMBRE,FALLECIDO,CONDUCTOR PRESENTE,NO,NO,1
29666,121091,121092,2022,1,0,-0.256868,-78.540046,PICHINCHA,QUITO,QUITO,URBANA,2022-03-06,00:07:00,0,DOMINGO,7,MARZO,3,NO,"NO RESPETAR LAS SENIALES REGLAMENTARIAS DE TRANSITO. (PARE, CEDA EL PASO, LUZ ROJA DEL SEMAFORO, ETC).",CHOQUE LATERAL,MOTOCICLETA,1,0,0,0,0,0,0,0,1,0,0,0,0,2,23,HOMBRE,LESIONADO,CONDUCTOR PRESENTE,NO,NO,1
29667,121097,121098,2022,0,0,-0.121263,-78.480081,PICHINCHA,QUITO,QUITO,URBANA,2022-03-06,01:00:00,1,DOMINGO,7,MARZO,3,NO,"CONDICIONES AMBIENTALES Y/O ATMOSFERICAS (NIEBLA, NEBLINA, GRANIZO, LLUVIA).",ESTRELLAMIENTOS,AUTOMOVIL,1,0,0,0,0,0,0,0,0,0,0,0,0,1,-1,NO IDENTIFICADO,NO IDENTIFICADO,CONDUCTOR AUSENTE,NO,NO,2
29668,121104,121105,2022,3,0,-0.208542,-78.495699,PICHINCHA,QUITO,QUITO,URBANA,2022-03-06,02:30:00,2,DOMINGO,7,MARZO,3,NO,"NO RESPETAR LAS SENIALES REGLAMENTARIAS DE TRANSITO. (PARE, CEDA EL PASO, LUZ ROJA DEL SEMAFORO, ETC).",CHOQUE LATERAL,AUTOMOVIL,2,0,0,0,0,0,0,0,0,0,0,0,0,2,-1,NO IDENTIFICADO,LESIONADO,PASAJERO,NO,NO,2
29669,121105,121106,2022,0,0,-0.181537,-78.481949,PICHINCHA,QUITO,QUITO,URBANA,2022-03-06,03:00:00,3,DOMINGO,7,MARZO,3,NO,NO CEDER EL DERECHO DE VIA O PREFERENCIA DE PASO AL PEATON.,CHOQUE LATERAL,AUTOMOVIL,2,0,0,0,0,0,0,0,0,0,0,0,0,2,24,HOMBRE,ILESO,CONDUCTOR PRESENTE,NO,NO,1
29670,121112,121113,2022,0,0,-0.108255,-78.461339,PICHINCHA,QUITO,CALDERON (CARAPUNGO),RURAL,2022-03-06,04:20:00,4,DOMINGO,7,MARZO,3,NO,CONDUCIR VEHICULO SUPERANDO LOS LIMITES MAXIMOS DE VELOCIDAD.,ESTRELLAMIENTOS,AUTOMOVIL,1,0,0,0,0,0,0,0,0,0,0,0,0,1,-1,NO IDENTIFICADO,NO IDENTIFICADO,CONDUCTOR AUSENTE,NO,NO,2
29671,121120,121121,2022,0,0,-0.228216,-78.495243,PICHINCHA,QUITO,QUITO,URBANA,2022-03-06,08:50:00,8,DOMINGO,7,MARZO,3,NO,CONDUCIR VEHICULO SUPERANDO LOS LIMITES MAXIMOS DE VELOCIDAD.,ESTRELLAMIENTOS,CAMION,0,0,0,1,0,0,0,0,0,0,0,0,0,1,37,HOMBRE,ILESO,CONDUCTOR PRESENTE,NO,NO,1
29672,121123,121124,2022,1,0,-0.203056,-78.458398,PICHINCHA,QUITO,QUITO,RURAL,2022-03-06,11:45:00,11,DOMINGO,7,MARZO,3,NO,CONDUCIR VEHICULO SUPERANDO LOS LIMITES MAXIMOS DE VELOCIDAD.,ESTRELLAMIENTOS,CAMION,0,0,0,1,0,0,0,0,0,0,0,0,0,1,46,HOMBRE,LESIONADO,PASAJERO,NO,NO,3
29673,121139,121140,2022,1,0,0.033242,-78.148771,PICHINCHA,CAYAMBE,CAYAMBE,RURAL,2022-03-06,16:00:00,16,DOMINGO,7,MARZO,3,NO,"CONDUCIR DESATENTO A LAS CONDICIONES DE TRANSITO (CELULAR, PANTALLAS DE VIDEO, COMIDA, MAQUILLAJE O CUALQUIER OTRO ELEMENTO DISTRACTOR).",CHOQUE LATERAL,MOTOCICLETA,0,0,0,0,0,0,0,0,1,0,0,0,1,2,29,HOMBRE,LESIONADO,CONDUCTOR PRESENTE,NO,SI,3
29674,121148,121149,2022,1,0,-0.230455,-78.515341,PICHINCHA,QUITO,QUITO,URBANA,2022-03-06,18:08:00,18,DOMINGO,7,MARZO,3,NO,NO TRANSITAR POR LAS ACERAS O ZONAS DE SEGURIDAD DESTINADAS PARA EL EFECTO.,ATROPELLOS,AUTOMOVIL,1,0,0,0,0,0,0,0,0,0,0,0,0,1,65,MUJER,LESIONADO,PEATON,NO,NO,1
29675,121150,121151,2022,0,0,-0.314381,-78.940181,PICHINCHA,MEJIA,MANUEL CORNEJO ASTORGA,RURAL,2022-03-06,19:38:00,19,DOMINGO,7,MARZO,3,NO,NO GUARDAR LA DISTANCIA LATERAL MINIMA DE SEGURIDAD ENTRE VEHICULOS.,ROZAMIENTOS,CAMIONETA,0,0,0,0,2,0,0,0,0,0,0,0,0,2,-1,NO IDENTIFICADO,ILESO,CONDUCTOR PRESENTE,NO,NO,3
29676,121156,121157,2022,0,0,-0.304198,-78.564062,PICHINCHA,QUITO,QUITO,URBANA,2022-03-07,05:40:00,5,LUNES,1,MARZO,3,NO,"NO RESPETAR LAS SENIALES REGLAMENTARIAS DE TRANSITO. (PARE, CEDA EL PASO, LUZ ROJA DEL SEMAFORO, ETC).",CHOQUE LATERAL,FURGONETA,1,0,0,0,0,0,0,1,0,0,0,0,0,2,46,HOMBRE,ILESO,CONDUCTOR PRESENTE,NO,NO,1
29677,121162,121163,2022,1,0,-0.103214,-78.451619,PICHINCHA,QUITO,CALDERON (CARAPUNGO),RURAL,2022-03-07,08:00:00,8,LUNES,1,MARZO,3,NO,"NO RESPETAR LAS SENIALES REGLAMENTARIAS DE TRANSITO. (PARE, CEDA EL PASO, LUZ ROJA DEL SEMAFORO, ETC).",CHOQUE LATERAL,MOTOCICLETA,0,0,0,0,1,0,0,0,1,0,0,0,0,2,21,HOMBRE,LESIONADO,CONDUCTOR PRESENTE,NO,NO,3
29678,121165,121166,2022,2,0,-0.274828,-78.338227,PICHINCHA,QUITO,PIFO,RURAL,2022-03-07,08:45:00,8,LUNES,1,MARZO,3,NO,"CONDUCIR DESATENTO A LAS CONDICIONES DE TRANSITO (CELULAR, PANTALLAS DE VIDEO, COMIDA, MAQUILLAJE O CUALQUIER OTRO ELEMENTO DISTRACTOR).",OTROS,VEHICULO DEPORTIVO UTILITARIO,0,0,0,0,0,0,0,0,0,0,0,0,2,2,45,HOMBRE,LESIONADO,PEATON,NO,SI,3
29679,121167,121168,2022,1,0,-0.153121,-78.488288,PICHINCHA,QUITO,QUITO,URBANA,2022-03-07,11:00:00,11,LUNES,1,MARZO,3,NO,DEJAR O RECOGER PASAJEROS EN LUGARES NO PERMITIDOS.,CAIDA DE PASAJERO,BUS,0,0,1,0,0,0,0,0,0,0,0,0,0,1,68,MUJER,LESIONADO,PASAJERO,NO,NO,1
29680,121168,121169,2022,2,0,-0.214643,-78.516701,PICHINCHA,QUITO,QUITO,URBANA,2022-03-07,11:01:00,11,LUNES,1,MARZO,3,NO,CONDUCIR VEHICULO SUPERANDO LOS LIMITES MAXIMOS DE VELOCIDAD.,ESTRELLAMIENTOS,MOTOCICLETA,1,0,0,0,0,0,0,0,1,0,0,0,0,2,23,MUJER,LESIONADO,PASAJERO,NO,NO,1
29681,121170,121171,2022,0,0,-0.441559,-78.700417,PICHINCHA,MEJIA,ALOAG,RURAL,2022-03-07,11:15:00,11,LUNES,1,MARZO,3,NO,"CONDUCIR DESATENTO A LAS CONDICIONES DE TRANSITO (CELULAR, PANTALLAS DE VIDEO, COMIDA, MAQUILLAJE O CUALQUIER OTRO ELEMENTO DISTRACTOR).",VOLCAMIENTOS,AUTOMOVIL,1,0,0,0,0,0,0,0,0,0,0,0,0,1,-1,HOMBRE,ILESO,CONDUCTOR PRESENTE,NO,NO,3
29682,121183,121184,2022,1,0,-0.111245,-78.478941,PICHINCHA,QUITO,QUITO,URBANA,2022-03-07,16:26:00,16,LUNES,1,MARZO,3,NO,"NO RESPETAR LAS SENIALES REGLAMENTARIAS DE TRANSITO. (PARE, CEDA EL PASO, LUZ ROJA DEL SEMAFORO, ETC).",ARROLLAMIENTOS,NO IDENTIFICADO,0,0,0,0,0,0,0,0,0,1,0,0,0,1,80,HOMBRE,LESIONADO,PEATON,NO,NO,1
29683,121189,121190,2022,1,0,-0.099083,-78.421844,PICHINCHA,QUITO,CALDERON (CARAPUNGO),RURAL,2022-03-07,18:08:00,18,LUNES,1,MARZO,3,NO,"NO RESPETAR LAS SENIALES REGLAMENTARIAS DE TRANSITO. (PARE, CEDA EL PASO, LUZ ROJA DEL SEMAFORO, ETC).",CAIDA DE PASAJERO,BUS,0,0,1,0,0,0,0,0,0,0,0,0,0,1,42,HOMBRE,LESIONADO,PASAJERO,NO,NO,3