,Unnamed: 0,ID,ANIO,LESIONADOS,FALLECIDOS,LATITUD_Y,LONGITUD_X,PROVINCIA,CANTON,PARROQUIA,ZONA,FECHA,HORA,PERIODO_2,DIA_1,DIA_2,MES_1,MES_2,FERIADO,CAUSA_PROBABLE,TIPO_DE_SINIESTRO,TIPO_DE_VEHICULO_1,AUTOMOVIL,BICICLETA,BUS,CAMION,CAMIONETA,EMERGENCIAS,ESPECIAL,FURGONETA,MOTOCICLETA,NO_IDENTIFICADO,SCOOTER_ELECTRICO,TRICIMOTO,VEHICULO_DEPORTIVO_UTILITARIO,SUMA_DE_VEHICULOS,EDAD_1,SEXO_1,CONDICION_1,PARTICIPANTE_1,CASCO_1,CINTURON_1,KMeans_Cluster
29684,121194,121195,2022,2,0,-0.202604,-78.490561,PICHINCHA,QUITO,QUITO,URBANA,2022-03-07,20:10:00,20,LUNES,1,MARZO,3,NO,"NO RESPETAR LAS SENIALES REGLAMENTARIAS DE TRANSITO. (PARE, CEDA EL PASO, LUZ ROJA DEL SEMAFORO, ETC).",CHOQUE LATERAL,MOTOCICLETA,1,0,0,0,0,0,0,0,1,0,0,0,0,2,29,MUJER,LESIONADO,PASAJERO,NO,NO,1
29685,121198,121199,2022,0,0,-0.199767,-78.428809,PICHINCHA,QUITO,CUMBAYA,RURAL,2022-03-08,01:47:00,1,MARTES,2,MARZO,3,NO,"CONDICIONES AMBIENTALES Y/O ATMOSFERICAS (NIEBLA, NEBLINA, GRANIZO, LLUVIA).",ESTRELLAMIENTOS,AUTOMOVIL,1,0,0,0,0,0,0,0,0,0,0,0,0,1,26,HOMBRE,ILESO,CONDUCTOR PRESENTE,NO,NO,3
29686,121199,121200,2022,0,0,-0.128329,-78.502404,PICHINCHA,QUITO,QUITO,URBANA,2022-03-08,06:14:00,6,MARTES,2,MARZO,3,NO,CONDUCIR VEHICULO SUPERANDO LOS LIMITES MAXIMOS DE VELOCIDAD.,ESTRELLAMIENTOS,AUTOMOVIL,3,0,0,0,0,0,0,0,0,0,0,0,0,3,75,HOMBRE,ILESO,CONDUCTOR PRESENTE,NO,NO,1
29687,121200,121201,2022,0,0,-0.261044,-78.538617,PICHINCHA,QUITO,QUITO,URBANA,2022-03-08,06:30:00,6,MARTES,2,MARZO,3,NO,"CONDUCE BAJO LA INFLUENCIA DE ALCOHOL, SUSTANCIAS ESTUPEFACIENTES O PSICOTROPICAS Y/O MEDICAMENTOS.",COLISION,BUS,1,0,2,0,0,0,0,0,0,0,0,0,0,3,15,HOMBRE,ILESO,PASAJERO,NO,NO,1
29688,121209,121210,2022,0,0,-0.292724,-78.476486,PICHINCHA,QUITO,CONOCOTO,RURAL,2022-03-08,10:12:00,10,MARTES,2,MARZO,3,NO,NO MANTENER LA DISTANCIA PRUDENCIAL CON RESPECTO AL VEHICULO QUE LE ANTECEDE.,CHOQUE POSTERIOR,CAMIONETA,1,0,0,0,1,0,0,0,0,0,0,0,0,2,40,HOMBRE,ILESO,CONDUCTOR PRESENTE,NO,NO,3
29689,121211,121212,2022,1,0,-0.260629,-78.596185,PICHINCHA,QUITO,LLOA,URBANA,2022-03-08,11:12:00,11,MARTES,2,MARZO,3,NO,NO TRANSITAR POR LAS ACERAS O ZONAS DE SEGURIDAD DESTINADAS PARA EL EFECTO.,ATROPELLOS,MOTOCICLETA,0,0,0,0,0,0,0,0,1,0,0,0,0,1,58,MUJER,LESIONADO,PEATON,NO,NO,1
29690,121215,121216,2022,2,0,-0.276708,-78.542623,PICHINCHA,QUITO,QUITO,URBANA,2022-03-08,12:15:00,12,MARTES,2,MARZO,3,NO,NO TRANSITAR POR LAS ACERAS O ZONAS DE SEGURIDAD DESTINADAS PARA EL EFECTO.,ATROPELLOS,BUS,0,0,1,0,0,0,0,0,0,0,0,0,0,1,7,HOMBRE,LESIONADO,PEATON,NO,NO,1
29691,121216,121217,2022,1,0,-0.229973,-78.501252,PICHINCHA,QUITO,QUITO,URBANA,2022-03-08,12:40:00,12,MARTES,2,MARZO,3,NO,CONDUCIR VEHICULO SUPERANDO LOS LIMITES MAXIMOS DE VELOCIDAD.,CHOQUE POSTERIOR,MOTOCICLETA,0,0,0,0,0,0,0,0,1,0,0,0,0,1,44,HOMBRE,LESIONADO,CONDUCTOR PRESENTE,NO,NO,1
29692,121227,121228,2022,2,0,-0.268534,-78.551576,PICHINCHA,QUITO,QUITO,URBANA,2022-03-08,18:30:00,18,MARTES,2,MARZO,3,NO,REALIZAR CAMBIO BRUSCO O INDEBIDO DE CARRIL.,CHOQUE FRONTAL,MOTOCICLETA,1,0,0,0,0,0,0,0,1,0,0,0,0,2,22,MUJER,LESIONADO,PASAJERO,NO,NO,1
29693,121232,121233,2022,0,0,-0.231304,-78.534509,PICHINCHA,QUITO,QUITO,URBANA,2022-03-08,20:35:00,20,MARTES,2,MARZO,3,NO,CONDUCIR VEHICULO SUPERANDO LOS LIMITES MAXIMOS DE VELOCIDAD.,ESTRELLAMIENTOS,CAMIONETA,0,0,0,0,1,0,0,0,0,0,0,0,0,1,60,MUJER,ILESO,PASAJERO,NO,NO,1
29694,121233,121234,2022,0,0,-0.160257,-78.480188,PICHINCHA,QUITO,QUITO,URBANA,2022-03-08,21:00:00,21,MARTES,2,MARZO,3,NO,"NO RESPETAR LAS SENIALES REGLAMENTARIAS DE TRANSITO. (PARE, CEDA EL PASO, LUZ ROJA DEL SEMAFORO, ETC).",OTROS,AUTOMOVIL,3,0,0,0,0,0,0,0,0,0,0,0,0,3,25,HOMBRE,ILESO,CONDUCTOR PRESENTE,NO,NO,1
29695,121247,121248,2022,0,0,-0.449411,-78.585734,PICHINCHA,MEJIA,ALOAG,RURAL,2022-03-09,09:49:00,9,MIERCOLES,3,MARZO,3,NO,"CONDUCIR DESATENTO A LAS CONDICIONES DE TRANSITO (CELULAR, PANTALLAS DE VIDEO, COMIDA, MAQUILLAJE O CUALQUIER OTRO ELEMENTO DISTRACTOR).",PERDIDA DE CARRIL,CAMIONETA,0,0,0,0,1,0,0,0,0,0,0,0,0,1,20,MUJER,ILESO,CONDUCTOR PRESENTE,NO,SI,3
29696,121249,121250,2022,0,0,-0.271125,-78.551998,PICHINCHA,QUITO,QUITO,URBANA,2022-03-09,10:00:00,10,MIERCOLES,3,MARZO,3,NO,"NO RESPETAR LAS SENIALES REGLAMENTARIAS DE TRANSITO. (PARE, CEDA EL PASO, LUZ ROJA DEL SEMAFORO, ETC).",COLISION,AUTOMOVIL,3,0,0,0,0,0,0,0,0,0,0,0,0,3,58,HOMBRE,ILESO,CONDUCTOR PRESENTE,NO,NO,1
29697,121252,121253,2022,1,0,-0.247191,-78.532361,PICHINCHA,QUITO,QUITO,URBANA,2022-03-09,12:15:00,12,MIERCOLES,3,MARZO,3,NO,"NO RESPETAR LAS SENIALES REGLAMENTARIAS DE TRANSITO. (PARE, CEDA EL PASO, LUZ ROJA DEL SEMAFORO, ETC).",CHOQUE LATERAL,CAMIONETA,1,0,0,0,1,0,0,0,0,0,0,0,0,2,27,MUJER,LESIONADO,PASAJERO,NO,NO,1
29698,121259,121260,2022,1,0,-0.196283,-78.512594,PICHINCHA,QUITO,QUITO,URBANA,2022-03-09,12:45:00,12,MIERCOLES,3,MARZO,3,NO,NO MANTENER LA DISTANCIA PRUDENCIAL CON RESPECTO AL VEHICULO QUE LE ANTECEDE.,CHOQUE POSTERIOR,AUTOMOVIL,2,0,0,0,0,0,0,0,0,0,0,0,0,2,89,MUJER,LESIONADO,PASAJERO,NO,NO,1
29699,121260,121261,2022,1,0,-0.139815,-78.422513,PICHINCHA,QUITO,ZAMBIZA,RURAL,2022-03-09,13:05:00,13,MIERCOLES,3,MARZO,3,NO,NO TRANSITAR POR LAS ACERAS O ZONAS DE SEGURIDAD DESTINADAS PARA EL EFECTO.,ATROPELLOS,AUTOMOVIL,1,0,0,0,0,0,0,0,0,0,0,0,0,1,95,MUJER,LESIONADO,PEATON,NO,NO,3
29700,121272,121273,2022,1,0,-0.381728,-78.822867,PICHINCHA,MEJIA,MANUEL CORNEJO ASTORGA,RURAL,2022-03-09,18:20:00,18,MIERCOLES,3,MARZO,3,NO,NO GUARDAR LA DISTANCIA LATERAL MINIMA DE SEGURIDAD ENTRE VEHICULOS.,ROZAMIENTOS,CAMION,0,0,0,2,0,0,0,0,0,0,0,0,0,2,-1,NO IDENTIFICADO,LESIONADO,CONDUCTOR PRESENTE,NO,NO,3
29701,121280,121281,2022,1,0,-0.252168,-78.539221,PICHINCHA,QUITO,QUITO,URBANA,2022-03-10,01:35:00,1,JUEVES,4,MARZO,3,NO,"NO RESPETAR LAS SENIALES REGLAMENTARIAS DE TRANSITO. (PARE, CEDA EL PASO, LUZ ROJA DEL SEMAFORO, ETC).",CHOQUE LATERAL,AUTOMOVIL,1,0,0,0,0,0,0,0,0,0,0,0,0,1,29,HOMBRE,LESIONADO,CONDUCTOR PRESENTE,NO,NO,1
29702,121290,121291,2022,0,0,-0.175725,-78.487568,PICHINCHA,QUITO,QUITO,URBANA,2022-03-10,08:10:00,8,JUEVES,4,MARZO,3,NO,"NO RESPETAR LAS SENIALES REGLAMENTARIAS DE TRANSITO. (PARE, CEDA EL PASO, LUZ ROJA DEL SEMAFORO, ETC).",CHOQUE LATERAL,CAMIONETA,1,0,0,0,1,0,0,0,0,0,0,0,0,2,36,HOMBRE,ILESO,CONDUCTOR PRESENTE,NO,NO,1
29703,121294,121295,2022,0,0,-0.111389,-78.457821,PICHINCHA,QUITO,CALDERON (CARAPUNGO),RURAL,2022-03-10,09:30:00,9,JUEVES,4,MARZO,3,NO,NO GUARDAR LA DISTANCIA LATERAL MINIMA DE SEGURIDAD ENTRE VEHICULOS.,ROZAMIENTOS,CAMIONETA,1,0,0,0,1,0,0,0,0,0,0,0,0,2,42,HOMBRE,ILESO,CONDUCTOR PRESENTE,NO,NO,3
29704,121295,121296,2022,3,0,-0.179729,-78.479932,PICHINCHA,QUITO,QUITO,URBANA,2022-03-10,10:20:00,10,JUEVES,4,MARZO,3,NO,"NO RESPETAR LAS SENIALES REGLAMENTARIAS DE TRANSITO. (PARE, CEDA EL PASO, LUZ ROJA DEL SEMAFORO, ETC).",CHOQUE LATERAL,AUTOMOVIL,2,0,0,0,0,0,0,0,0,0,0,0,0,2,40,MUJER,LESIONADO,PASAJERO,NO,NO,1
29705,121301,121302,2022,2,0,-0.170676,-78.476424,PICHINCHA,QUITO,QUITO,URBANA,2022-03-10,13:10:00,13,JUEVES,4,MARZO,3,NO,"NO RESPETAR LAS SENIALES REGLAMENTARIAS DE TRANSITO. (PARE, CEDA EL PASO, LUZ ROJA DEL SEMAFORO, ETC).",COLISION,CAMIONETA,3,0,0,0,1,0,0,0,0,0,0,0,0,4,50,MUJER,LESIONADO,PASAJERO,NO,NO,1
29706,121310,121311,2022,1,0,-0.272208,-78.552081,PICHINCHA,QUITO,QUITO,URBANA,2022-03-10,15:40:00,15,JUEVES,4,MARZO,3,NO,NO TRANSITAR POR LAS ACERAS O ZONAS DE SEGURIDAD DESTINADAS PARA EL EFECTO.,ATROPELLOS,CAMIONETA,0,0,0,0,1,0,0,0,0,0,0,0,0,1,27,MUJER,LESIONADO,PEATON,NO,NO,1
29707,121317,121318,2022,0,0,-0.264361,-78.549885,PICHINCHA,QUITO,QUITO,URBANA,2022-03-10,20:08:00,20,JUEVES,4,MARZO,3,NO,"CONDUCE BAJO LA INFLUENCIA DE ALCOHOL, SUSTANCIAS ESTUPEFACIENTES O PSICOTROPICAS Y/O MEDICAMENTOS.",CHOQUE FRONTAL,AUTOMOVIL,2,0,0,0,0,0,0,0,0,0,0,0,0,2,5,HOMBRE,ILESO,PASAJERO,NO,NO,1
29708,121321,121322,2022,0,0,-0.106577,-78.499443,PICHINCHA,QUITO,QUITO,URBANA,2022-03-10,21:05:00,21,JUEVES,4,MARZO,3,NO,"NO RESPETAR LAS SENIALES REGLAMENTARIAS DE TRANSITO. (PARE, CEDA EL PASO, LUZ ROJA DEL SEMAFORO, ETC).",CHOQUE LATERAL,AUTOMOVIL,2,0,0,0,0,0,0,0,0,0,0,0,0,2,26,HOMBRE,ILESO,CONDUCTOR PRESENTE,NO,NO,1
29709,121322,121323,2022,0,0,-0.102365,-78.490629,PICHINCHA,QUITO,QUITO,URBANA,2022-03-10,21:45:00,21,JUEVES,4,MARZO,3,NO,CONDUCIR VEHICULO SUPERANDO LOS LIMITES MAXIMOS DE VELOCIDAD.,ESTRELLAMIENTOS,BUS,1,0,1,0,0,0,0,0,0,0,0,0,0,2,68,HOMBRE,ILESO,CONDUCTOR PRESENTE,NO,NO,1
29710,121326,121327,2022,1,0,-0.212891,-78.488362,PICHINCHA,QUITO,QUITO,URBANA,2022-03-11,00:10:00,0,VIERNES,5,MARZO,3,NO,NO MANTENER LA DISTANCIA PRUDENCIAL CON RESPECTO AL VEHICULO QUE LE ANTECEDE.,CHOQUE POSTERIOR,MOTOCICLETA,1,0,0,0,0,0,0,0,1,0,0,0,0,2,27,HOMBRE,LESIONADO,CONDUCTOR PRESENTE,NO,NO,1
29711,121331,121332,2022,2,0,-0.197727,-78.500219,PICHINCHA,QUITO,QUITO,URBANA,2022-03-11,02:10:00,2,VIERNES,5,MARZO,3,NO,"CONDUCE BAJO LA INFLUENCIA DE ALCOHOL, SUSTANCIAS ESTUPEFACIENTES O PSICOTROPICAS Y/O MEDICAMENTOS.",OTROS,MOTOCICLETA,0,0,0,0,1,0,0,0,2,0,0,0,0,3,21,HOMBRE,LESIONADO,PASAJERO,NO,NO,1
29712,121332,121333,2022,0,0,-0.104643,-78.453801,PICHINCHA,QUITO,CALDERON (CARAPUNGO),RURAL,2022-03-11,02:20:00,2,VIERNES,5,MARZO,3,NO,"CONDUCE BAJO LA INFLUENCIA DE ALCOHOL, SUSTANCIAS ESTUPEFACIENTES O PSICOTROPICAS Y/O MEDICAMENTOS.",CHOQUE LATERAL,AUTOMOVIL,2,0,0,0,0,0,0,0,0,0,0,0,0,2,23,HOMBRE,ILESO,CONDUCTOR PRESENTE,NO,NO,3
29713,121340,121341,2022,0,0,-0.245121,-78.512424,PICHINCHA,QUITO,QUITO,URBANA,2022-03-11,08:00:00,8,VIERNES,5,MARZO,3,NO,"NO RESPETAR LAS SENIALES REGLAMENTARIAS DE TRANSITO. (PARE, CEDA EL PASO, LUZ ROJA DEL SEMAFORO, ETC).",CHOQUE LATERAL,AUTOMOVIL,2,0,0,0,0,0,0,0,0,0,0,0,0,2,26,MUJER,ILESO,CONDUCTOR PRESENTE,NO,NO,1
29714,121346,121347,2022,1,0,-0.313444,-78.943972,PICHINCHA,MEJIA,MANUEL CORNEJO ASTORGA,RURAL,2022-03-11,10:00:00,10,VIERNES,5,MARZO,3,NO,BAJARSE O SUBIRSE DE VEHICULOS EN MOVIMIENTO SIN TOMAR LAS PRECAUCIONES DEBIDAS.,CAIDA DE PASAJERO,BUS,0,0,1,0,0,0,0,0,0,0,0,0,0,1,-1,NO IDENTIFICADO,LESIONADO,PASAJERO,NO,NO,3
29715,121352,121353,2022,1,0,-0.190256,-78.481543,PICHINCHA,QUITO,QUITO,URBANA,2022-03-11,11:45:00,11,VIERNES,5,MARZO,3,NO,"NO RESPETAR LAS SENIALES REGLAMENTARIAS DE TRANSITO. (PARE, CEDA EL PASO, LUZ ROJA DEL SEMAFORO, ETC).",CHOQUE LATERAL,BUS,0,0,1,0,0,0,0,0,1,0,0,0,0,2,33,HOMBRE,LESIONADO,CONDUCTOR PRESENTE,NO,NO,1
29716,121365,121366,2022,0,1,-0.214674,-78.408234,PICHINCHA,QUITO,TUMBACO,URBANA,2022-03-11,15:30:00,15,VIERNES,5,MARZO,3,NO,NO CEDER EL DERECHO DE VIA O PREFERENCIA DE PASO AL PEATON.,ARROLLAMIENTOS,NO IDENTIFICADO,0,0,0,0,0,0,0,0,0,1,0,0,0,1,90,MUJER,FALLECIDO,PEATON,NO,NO,1
29717,121375,121376,2022,0,0,-0.063145,-78.370814,PICHINCHA,QUITO,GUAYLLABAMBA,RURAL,2022-03-11,18:00:00,18,VIERNES,5,MARZO,3,NO,"CONDICIONES AMBIENTALES Y/O ATMOSFERICAS (NIEBLA, NEBLINA, GRANIZO, LLUVIA).",PERDIDA DE CARRIL,CAMION,0,0,0,1,0,0,0,0,0,0,0,0,0,1,28,HOMBRE,ILESO,CONDUCTOR PRESENTE,NO,SI,3
29718,121376,121377,2022,0,0,-0.191772,-78.497721,PICHINCHA,QUITO,QUITO,URBANA,2022-03-11,18:10:00,18,VIERNES,5,MARZO,3,NO,"NO RESPETAR LAS SENIALES REGLAMENTARIAS DE TRANSITO. (PARE, CEDA EL PASO, LUZ ROJA DEL SEMAFORO, ETC).",CHOQUE LATERAL,AUTOMOVIL,2,0,0,0,0,0,0,0,0,0,0,0,0,2,24,HOMBRE,ILESO,CONDUCTOR PRESENTE,NO,NO,1
29719,121383,121384,2022,1,0,-0.426782,-78.551909,PICHINCHA,MEJIA,TAMBILLO (MEJIA),RURAL,2022-03-11,20:10:00,20,VIERNES,5,MARZO,3,NO,NO TRANSITAR POR LAS ACERAS O ZONAS DE SEGURIDAD DESTINADAS PARA EL EFECTO.,ATROPELLOS,NO IDENTIFICADO,0,0,0,0,0,0,0,0,0,1,0,0,0,1,0,HOMBRE,LESIONADO,PASAJERO,NO,SI,3
29720,121391,121392,2022,1,0,-0.224383,-78.496888,PICHINCHA,QUITO,QUITO,URBANA,2022-03-11,21:30:00,21,VIERNES,5,MARZO,3,NO,CONDUCIR VEHICULO SUPERANDO LOS LIMITES MAXIMOS DE VELOCIDAD.,PERDIDA DE CARRIL,AUTOMOVIL,1,0,0,0,0,0,0,0,0,0,0,0,0,1,20,MUJER,LESIONADO,PASAJERO,NO,NO,1
29721,121399,121400,2022,0,0,-0.289258,-78.538371,PICHINCHA,QUITO,QUITO,URBANA,2022-03-12,00:05:00,0,SABADO,6,MARZO,3,NO,CONDUCIR VEHICULO SUPERANDO LOS LIMITES MAXIMOS DE VELOCIDAD.,ESTRELLAMIENTOS,AUTOMOVIL,1,0,0,0,0,0,0,0,0,0,0,0,0,1,-1,NO IDENTIFICADO,NO IDENTIFICADO,CONDUCTOR AUSENTE,NO,NO,2
29722,121410,121411,2022,0,0,-0.157399,-78.477896,PICHINCHA,QUITO,QUITO,URBANA,2022-03-12,03:00:00,3,SABADO,6,MARZO,3,NO,"NO RESPETAR LAS SENIALES REGLAMENTARIAS DE TRANSITO. (PARE, CEDA EL PASO, LUZ ROJA DEL SEMAFORO, ETC).",CHOQUE LATERAL,AUTOMOVIL,2,0,0,0,0,0,0,0,0,0,0,0,0,2,24,HOMBRE,ILESO,CONDUCTOR PRESENTE,NO,NO,1
29723,121413,121414,2022,1,0,-0.214121,-78.360101,PICHINCHA,QUITO,PUEMBO,RURAL,2022-03-12,03:15:00,3,SABADO,6,MARZO,3,NO,"CONDUCE BAJO LA INFLUENCIA DE ALCOHOL, SUSTANCIAS ESTUPEFACIENTES O PSICOTROPICAS Y/O MEDICAMENTOS.",CHOQUE POSTERIOR,AUTOMOVIL,2,0,0,0,0,0,0,0,0,0,0,0,0,2,36,MUJER,LESIONADO,CONDUCTOR PRESENTE,NO,NO,3
29724,121415,121416,2022,0,0,-0.096681,-78.469779,PICHINCHA,QUITO,QUITO,URBANA,2022-03-12,04:20:00,4,SABADO,6,MARZO,3,NO,CONDUCIR VEHICULO SUPERANDO LOS LIMITES MAXIMOS DE VELOCIDAD.,PERDIDA DE CARRIL,AUTOMOVIL,1,0,0,0,0,0,0,0,0,0,0,0,0,1,-1,NO IDENTIFICADO,NO IDENTIFICADO,CONDUCTOR AUSENTE,NO,NO,2
29725,121416,121417,2022,0,0,-0.206083,-78.496056,PICHINCHA,QUITO,QUITO,URBANA,2022-03-12,04:30:00,4,SABADO,6,MARZO,3,NO,CONDUCIR VEHICULO SUPERANDO LOS LIMITES MAXIMOS DE VELOCIDAD.,ESTRELLAMIENTOS,AUTOMOVIL,1,0,0,0,0,0,0,0,0,0,0,0,0,1,24,MUJER,ILESO,CONDUCTOR PRESENTE,NO,NO,1
29726,121419,121420,2022,0,1,-0.579307,-78.603886,PICHINCHA,MEJIA,ALOASI,RURAL,2022-03-12,05:00:00,5,SABADO,6,MARZO,3,NO,"CONDUCIR DESATENTO A LAS CONDICIONES DE TRANSITO (CELULAR, PANTALLAS DE VIDEO, COMIDA, MAQUILLAJE O CUALQUIER OTRO ELEMENTO DISTRACTOR).",PERDIDA DE CARRIL,AUTOMOVIL,1,0,0,0,0,0,0,0,0,0,0,0,0,1,24,HOMBRE,FALLECIDO,CONDUCTOR PRESENTE,NO,SI,3
29727,121428,121429,2022,0,0,-0.105226,-78.492533,PICHINCHA,QUITO,QUITO,URBANA,2022-03-12,08:00:00,8,SABADO,6,MARZO,3,NO,"NO RESPETAR LAS SENIALES REGLAMENTARIAS DE TRANSITO. (PARE, CEDA EL PASO, LUZ ROJA DEL SEMAFORO, ETC).",CHOQUE FRONTAL,AUTOMOVIL,2,0,0,0,0,0,0,0,0,0,0,0,0,2,40,HOMBRE,ILESO,CONDUCTOR PRESENTE,NO,NO,1
29728,121430,121431,2022,0,0,-0.230098,-78.505906,PICHINCHA,QUITO,QUITO,URBANA,2022-03-12,08:30:00,8,SABADO,6,MARZO,3,NO,"NO RESPETAR LAS SENIALES REGLAMENTARIAS DE TRANSITO. (PARE, CEDA EL PASO, LUZ ROJA DEL SEMAFORO, ETC).",CHOQUE LATERAL,BUS,1,0,1,0,0,0,0,0,0,0,0,0,0,2,59,HOMBRE,ILESO,CONDUCTOR PRESENTE,NO,NO,1
29729,121432,121433,2022,1,0,-0.311601,-78.551796,PICHINCHA,QUITO,QUITO,URBANA,2022-03-12,08:50:00,8,SABADO,6,MARZO,3,NO,"NO RESPETAR LAS SENIALES REGLAMENTARIAS DE TRANSITO. (PARE, CEDA EL PASO, LUZ ROJA DEL SEMAFORO, ETC).",CHOQUE LATERAL,MOTOCICLETA,1,0,0,0,0,0,0,0,1,0,0,0,0,2,38,HOMBRE,LESIONADO,CONDUCTOR PRESENTE,NO,NO,1
29730,121441,121442,2022,0,0,0.008234,-78.355599,PICHINCHA,PEDRO MONCAYO,MALCHINGUI,RURAL,2022-03-12,10:30:00,10,SABADO,6,MARZO,3,NO,"CONDUCIR EN ESTADO DE SOMNOLENCIA O MALAS CONDICIONES FISICAS (SUENIO, CANSANCIO Y FATIGA).",PERDIDA DE CARRIL,AUTOMOVIL,1,0,0,0,0,0,0,0,0,0,0,0,0,1,28,HOMBRE,ILESO,CONDUCTOR PRESENTE,NO,NO,3
29731,121444,121445,2022,1,0,-0.241348,-78.534209,PICHINCHA,QUITO,QUITO,URBANA,2022-03-12,11:45:00,11,SABADO,6,MARZO,3,NO,NO TRANSITAR POR LAS ACERAS O ZONAS DE SEGURIDAD DESTINADAS PARA EL EFECTO.,ATROPELLOS,AUTOMOVIL,1,0,0,0,0,0,0,0,0,0,0,0,0,1,9,MUJER,LESIONADO,PEATON,NO,NO,1
29732,121449,121450,2022,1,0,-0.157651,-78.480005,PICHINCHA,QUITO,QUITO,URBANA,2022-03-12,13:50:00,13,SABADO,6,MARZO,3,NO,"NO RESPETAR LAS SENIALES REGLAMENTARIAS DE TRANSITO. (PARE, CEDA EL PASO, LUZ ROJA DEL SEMAFORO, ETC).",CHOQUE LATERAL,AUTOMOVIL,2,0,0,0,0,0,0,0,0,0,0,0,0,2,26,MUJER,LESIONADO,PASAJERO,NO,NO,1
29733,121478,121479,2022,1,0,-0.100701,-78.472176,PICHINCHA,QUITO,QUITO,URBANA,2022-03-12,20:15:00,20,SABADO,6,MARZO,3,NO,"CONDUCE BAJO LA INFLUENCIA DE ALCOHOL, SUSTANCIAS ESTUPEFACIENTES O PSICOTROPICAS Y/O MEDICAMENTOS.",COLISION,AUTOMOVIL,3,0,0,0,0,0,0,0,0,0,0,0,0,3,23,MUJER,LESIONADO,CONDUCTOR PRESENTE,NO,NO,1
29734,121501,121502,2022,1,0,-0.244831,-78.514223,PICHINCHA,QUITO,QUITO,URBANA,2022-03-13,00:01:00,0,DOMINGO,7,MARZO,3,NO,CONDUCIR VEHICULO SUPERANDO LOS LIMITES MAXIMOS DE VELOCIDAD.,ATROPELLOS,NO IDENTIFICADO,0,0,0,0,0,0,0,0,0,1,0,0,0,1,21,HOMBRE,LESIONADO,PEATON,NO,NO,1
29735,121502,121503,2022,0,0,-0.458165,-78.564062,PICHINCHA,MEJIA,ALOAG,RURAL,2022-03-13,00:15:00,0,DOMINGO,7,MARZO,3,NO,"CONDUCIR DESATENTO A LAS CONDICIONES DE TRANSITO (CELULAR, PANTALLAS DE VIDEO, COMIDA, MAQUILLAJE O CUALQUIER OTRO ELEMENTO DISTRACTOR).",PERDIDA DE PISTA,NO IDENTIFICADO,0,0,0,0,0,0,0,0,0,1,0,0,0,1,54,HOMBRE,ILESO,CONDUCTOR PRESENTE,NO,SI,3
29736,121503,121504,2022,0,0,-0.258929,-78.543234,PICHINCHA,QUITO,QUITO,URBANA,2022-03-13,00:19:00,0,DOMINGO,7,MARZO,3,NO,"CONDUCE BAJO LA INFLUENCIA DE ALCOHOL, SUSTANCIAS ESTUPEFACIENTES O PSICOTROPICAS Y/O MEDICAMENTOS.",CHOQUE POSTERIOR,AUTOMOVIL,2,0,0,0,0,0,0,0,0,0,0,0,0,2,46,HOMBRE,ILESO,CONDUCTOR PRESENTE,NO,NO,1
29737,121507,121508,2022,0,1,-0.220641,-78.397291,PICHINCHA,QUITO,TUMBACO,RURAL,2022-03-13,01:05:00,1,DOMINGO,7,MARZO,3,NO,CONDUCIR VEHICULO SUPERANDO LOS LIMITES MAXIMOS DE VELOCIDAD.,PERDIDA DE CARRIL,MOTOCICLETA,0,0,0,0,0,0,0,0,1,0,0,0,0,1,29,HOMBRE,FALLECIDO,CONDUCTOR PRESENTE,NO,NO,3
29738,121508,121509,2022,1,0,-0.220641,-78.397291,PICHINCHA,QUITO,TUMBACO,RURAL,2022-03-13,01:05:00,1,DOMINGO,7,MARZO,3,NO,CONDUCIR VEHICULO SUPERANDO LOS LIMITES MAXIMOS DE VELOCIDAD.,ESTRELLAMIENTOS,MOTOCICLETA,0,0,0,0,0,0,0,0,1,0,0,0,0,1,29,HOMBRE,LESIONADO,CONDUCTOR PRESENTE,NO,NO,3
29739,121511,121512,2022,1,1,-0.197826,-78.466466,PICHINCHA,QUITO,QUITO,RURAL,2022-03-13,02:05:00,2,DOMINGO,7,MARZO,3,NO,CONDUCIR VEHICULO SUPERANDO LOS LIMITES MAXIMOS DE VELOCIDAD.,PERDIDA DE CARRIL,AUTOMOVIL,1,0,0,0,0,0,0,0,0,0,0,0,0,1,39,MUJER,FALLECIDO,CONDUCTOR PRESENTE,NO,NO,3
29740,121517,121518,2022,0,1,-0.142041,-78.443217,PICHINCHA,QUITO,LLANO CHICO,RURAL,2022-03-13,04:20:00,4,DOMINGO,7,MARZO,3,NO,CONDUCIR VEHICULO SUPERANDO LOS LIMITES MAXIMOS DE VELOCIDAD.,ATROPELLOS,NO IDENTIFICADO,0,0,0,0,0,0,0,0,0,1,0,0,0,1,67,HOMBRE,FALLECIDO,PEATON,NO,NO,3
29741,121523,121524,2022,0,0,-0.221348,-78.396647,PICHINCHA,QUITO,TUMBACO,RURAL,2022-03-13,05:30:00,5,DOMINGO,7,MARZO,3,NO,"CONDICIONES AMBIENTALES Y/O ATMOSFERICAS (NIEBLA, NEBLINA, GRANIZO, LLUVIA).",ESTRELLAMIENTOS,CAMIONETA,0,0,0,0,1,0,0,0,0,0,0,0,0,1,30,HOMBRE,ILESO,CONDUCTOR PRESENTE,NO,NO,3