,Unnamed: 0,ID,ANIO,LESIONADOS,FALLECIDOS,LATITUD_Y,LONGITUD_X,PROVINCIA,CANTON,PARROQUIA,ZONA,FECHA,HORA,PERIODO_2,DIA_1,DIA_2,MES_1,MES_2,FERIADO,CAUSA_PROBABLE,TIPO_DE_SINIESTRO,TIPO_DE_VEHICULO_1,AUTOMOVIL,BICICLETA,BUS,CAMION,CAMIONETA,EMERGENCIAS,ESPECIAL,FURGONETA,MOTOCICLETA,NO_IDENTIFICADO,SCOOTER_ELECTRICO,TRICIMOTO,VEHICULO_DEPORTIVO_UTILITARIO,SUMA_DE_VEHICULOS,EDAD_1,SEXO_1,CONDICION_1,PARTICIPANTE_1,CASCO_1,CINTURON_1,KMeans_Cluster
29742,121528,121529,2022,2,0,-0.142787,-78.492399,PICHINCHA,QUITO,QUITO,URBANA,2022-03-13,06:35:00,6,DOMINGO,7,MARZO,3,NO,CONDUCIR VEHICULO SUPERANDO LOS LIMITES MAXIMOS DE VELOCIDAD.,ESTRELLAMIENTOS,AUTOMOVIL,1,0,0,0,0,0,0,0,0,0,0,0,0,1,11,HOMBRE,LESIONADO,PASAJERO,NO,NO,1
29743,121532,121533,2022,0,0,-0.304714,-78.416503,PICHINCHA,QUITO,ALANGASI,RURAL,2022-03-13,07:40:00,7,DOMINGO,7,MARZO,3,NO,"CONDUCE BAJO LA INFLUENCIA DE ALCOHOL, SUSTANCIAS ESTUPEFACIENTES O PSICOTROPICAS Y/O MEDICAMENTOS.",ESTRELLAMIENTOS,CAMIONETA,0,0,0,0,1,0,0,0,0,0,0,0,0,1,35,HOMBRE,ILESO,CONDUCTOR PRESENTE,NO,NO,3
29744,121536,121537,2022,1,0,-0.258875,-78.540606,PICHINCHA,QUITO,QUITO,URBANA,2022-03-13,10:20:00,10,DOMINGO,7,MARZO,3,NO,CONDUCIR VEHICULO SUPERANDO LOS LIMITES MAXIMOS DE VELOCIDAD.,CHOQUE POSTERIOR,MOTOCICLETA,1,0,0,0,0,0,0,0,1,0,0,0,0,2,25,HOMBRE,LESIONADO,CONDUCTOR PRESENTE,NO,NO,1
29745,121553,121554,2022,0,0,-0.190051,-78.482033,PICHINCHA,QUITO,QUITO,URBANA,2022-03-13,15:16:00,15,DOMINGO,7,MARZO,3,NO,"NO RESPETAR LAS SENIALES REGLAMENTARIAS DE TRANSITO. (PARE, CEDA EL PASO, LUZ ROJA DEL SEMAFORO, ETC).",ESTRELLAMIENTOS,AUTOMOVIL,1,0,0,0,0,0,0,0,0,0,0,0,0,1,19,HOMBRE,ILESO,CONDUCTOR PRESENTE,NO,NO,1
29746,121556,121557,2022,2,0,-0.193537,-78.349983,PICHINCHA,QUITO,PUEMBO,RURAL,2022-03-13,15:50:00,15,DOMINGO,7,MARZO,3,NO,NO CEDER EL DERECHO DE VIA O PREFERENCIA DE PASO AL PEATON.,ATROPELLOS,AUTOMOVIL,1,0,0,0,0,0,0,0,0,0,0,0,0,1,8,MUJER,LESIONADO,PEATON,NO,NO,3
29747,121560,121561,2022,2,0,-0.190654,-78.499639,PICHINCHA,QUITO,QUITO,URBANA,2022-03-13,17:25:00,17,DOMINGO,7,MARZO,3,NO,"NO RESPETAR LAS SENIALES REGLAMENTARIAS DE TRANSITO. (PARE, CEDA EL PASO, LUZ ROJA DEL SEMAFORO, ETC).",CHOQUE LATERAL,MOTOCICLETA,1,0,0,0,0,0,0,0,1,0,0,0,0,2,8,MUJER,LESIONADO,PASAJERO,NO,NO,1
29748,121566,121567,2022,0,0,-0.087524,-78.415872,PICHINCHA,QUITO,CALDERON (CARAPUNGO),RURAL,2022-03-13,18:35:00,18,DOMINGO,7,MARZO,3,NO,CONDUCIR VEHICULO SUPERANDO LOS LIMITES MAXIMOS DE VELOCIDAD.,ESTRELLAMIENTOS,CAMIONETA,0,0,0,0,1,0,0,0,0,0,0,0,0,1,-1,NO IDENTIFICADO,NO IDENTIFICADO,CONDUCTOR AUSENTE,NO,NO,2
29749,121577,121578,2022,0,0,-0.109323,-78.459556,PICHINCHA,QUITO,CALDERON (CARAPUNGO),URBANA,2022-03-13,20:50:00,20,DOMINGO,7,MARZO,3,NO,"CONDUCE BAJO LA INFLUENCIA DE ALCOHOL, SUSTANCIAS ESTUPEFACIENTES O PSICOTROPICAS Y/O MEDICAMENTOS.",CHOQUE LATERAL,AUTOMOVIL,2,0,0,0,0,0,0,0,0,0,0,0,0,2,37,HOMBRE,ILESO,CONDUCTOR PRESENTE,NO,NO,1
29750,121585,121586,2022,1,0,-0.243922,-78.539909,PICHINCHA,QUITO,QUITO,URBANA,2022-03-13,23:16:00,23,DOMINGO,7,MARZO,3,NO,"NO RESPETAR LAS SENIALES REGLAMENTARIAS DE TRANSITO. (PARE, CEDA EL PASO, LUZ ROJA DEL SEMAFORO, ETC).",CHOQUE FRONTAL,MOTOCICLETA,0,0,0,0,0,0,0,0,1,0,0,0,0,1,32,HOMBRE,LESIONADO,CONDUCTOR PRESENTE,NO,NO,1
29751,121594,121595,2022,0,0,-0.339209,-78.555568,PICHINCHA,QUITO,QUITO,URBANA,2022-03-14,04:40:00,4,LUNES,1,MARZO,3,NO,"CASO FORTUITO O FUERZA MAYOR (EXPLOSION DE NEUMATICO NUEVO, DERRUMBE, INUNDACION, CAIDA DE PUENTE, ARBOL, PRESENCIA INTEMPESTIVA E IMPREVISTA DE SEMOVIENTES EN LA VIA, ETC.).",CHOQUE POSTERIOR,AUTOMOVIL,1,0,0,0,0,0,0,0,0,0,0,0,0,1,22,HOMBRE,ILESO,CONDUCTOR PRESENTE,NO,NO,1
29752,121601,121602,2022,1,0,-0.236791,-78.507766,PICHINCHA,QUITO,QUITO,URBANA,2022-03-14,07:45:00,7,LUNES,1,MARZO,3,NO,NO TRANSITAR POR LAS ACERAS O ZONAS DE SEGURIDAD DESTINADAS PARA EL EFECTO.,ATROPELLOS,MOTOCICLETA,0,0,0,0,0,0,0,0,1,0,0,0,0,1,34,HOMBRE,LESIONADO,PEATON,NO,NO,1
29753,121607,121608,2022,1,0,-0.292724,-78.476486,PICHINCHA,QUITO,CONOCOTO,RURAL,2022-03-14,10:35:00,10,LUNES,1,MARZO,3,NO,"NO RESPETAR LAS SENIALES REGLAMENTARIAS DE TRANSITO. (PARE, CEDA EL PASO, LUZ ROJA DEL SEMAFORO, ETC).",CHOQUE LATERAL,BUS,0,0,1,0,0,0,0,0,0,0,0,0,0,1,29,HOMBRE,LESIONADO,CONDUCTOR PRESENTE,NO,NO,3
29754,121608,121609,2022,3,0,-0.212328,-78.426698,PICHINCHA,QUITO,CUMBAYA,RURAL,2022-03-14,11:45:00,11,LUNES,1,MARZO,3,NO,"NO RESPETAR LAS SENIALES REGLAMENTARIAS DE TRANSITO. (PARE, CEDA EL PASO, LUZ ROJA DEL SEMAFORO, ETC).",CHOQUE FRONTAL,AUTOMOVIL,2,0,0,0,0,0,0,0,0,0,0,0,0,2,45,MUJER,LESIONADO,CONDUCTOR PRESENTE,NO,NO,3
29755,121613,121614,2022,1,0,-0.307923,-78.545151,PICHINCHA,QUITO,QUITO,URBANA,2022-03-14,13:00:00,13,LUNES,1,MARZO,3,NO,NO TRANSITAR POR LAS ACERAS O ZONAS DE SEGURIDAD DESTINADAS PARA EL EFECTO.,ARROLLAMIENTOS,AUTOMOVIL,1,0,0,0,0,0,0,0,0,0,0,0,0,1,7,HOMBRE,LESIONADO,PEATON,NO,NO,1
29756,121617,121618,2022,1,0,-0.245236,-78.506979,PICHINCHA,QUITO,QUITO,URBANA,2022-03-14,15:22:00,15,LUNES,1,MARZO,3,NO,CONDUCIR VEHICULO SUPERANDO LOS LIMITES MAXIMOS DE VELOCIDAD.,ESTRELLAMIENTOS,MOTOCICLETA,1,0,0,0,1,0,0,0,1,0,0,0,0,3,40,HOMBRE,LESIONADO,PEATON,NO,NO,1
29757,121628,121629,2022,0,0,-0.137735,-78.486221,PICHINCHA,QUITO,QUITO,URBANA,2022-03-14,19:30:00,19,LUNES,1,MARZO,3,NO,"NO RESPETAR LAS SENIALES REGLAMENTARIAS DE TRANSITO. (PARE, CEDA EL PASO, LUZ ROJA DEL SEMAFORO, ETC).",CHOQUE LATERAL,MOTOCICLETA,1,0,0,0,0,0,0,0,1,0,0,0,0,2,20,HOMBRE,ILESO,CONDUCTOR PRESENTE,NO,NO,1
29758,121634,121635,2022,0,0,-0.197798,-78.512253,PICHINCHA,QUITO,QUITO,URBANA,2022-03-14,21:53:00,21,LUNES,1,MARZO,3,NO,"CONDUCE BAJO LA INFLUENCIA DE ALCOHOL, SUSTANCIAS ESTUPEFACIENTES O PSICOTROPICAS Y/O MEDICAMENTOS.",CHOQUE LATERAL,AUTOMOVIL,2,0,0,0,0,0,0,0,0,0,0,0,0,2,29,MUJER,ILESO,PASAJERO,NO,NO,1
29759,121635,121636,2022,1,0,-0.289879,-78.551998,PICHINCHA,QUITO,QUITO,URBANA,2022-03-14,22:05:00,22,LUNES,1,MARZO,3,NO,"CONDUCE BAJO LA INFLUENCIA DE ALCOHOL, SUSTANCIAS ESTUPEFACIENTES O PSICOTROPICAS Y/O MEDICAMENTOS.",CHOQUE POSTERIOR,MOTOCICLETA,1,0,0,0,0,0,0,0,1,0,0,0,0,2,42,MUJER,LESIONADO,PASAJERO,NO,NO,1
29760,121638,121639,2022,0,0,-0.184991,-78.509955,PICHINCHA,QUITO,QUITO,URBANA,2022-03-14,23:50:00,23,LUNES,1,MARZO,3,NO,CONDUCIR VEHICULO SUPERANDO LOS LIMITES MAXIMOS DE VELOCIDAD.,ESTRELLAMIENTOS,AUTOMOVIL,1,0,0,0,0,0,0,0,0,0,0,0,0,1,-1,NO IDENTIFICADO,NO IDENTIFICADO,CONDUCTOR AUSENTE,NO,NO,2
29761,121643,121644,2022,0,0,-0.207385,-78.487149,PICHINCHA,QUITO,QUITO,URBANA,2022-03-15,06:45:00,6,MARTES,2,MARZO,3,NO,"NO RESPETAR LAS SENIALES REGLAMENTARIAS DE TRANSITO. (PARE, CEDA EL PASO, LUZ ROJA DEL SEMAFORO, ETC).",CHOQUE LATERAL,AUTOMOVIL,2,0,0,0,0,0,0,0,0,0,0,0,0,2,29,HOMBRE,ILESO,CONDUCTOR PRESENTE,NO,NO,1
29762,121645,121646,2022,1,0,-0.175341,-78.487491,PICHINCHA,QUITO,QUITO,URBANA,2022-03-15,07:10:00,7,MARTES,2,MARZO,3,NO,"NO RESPETAR LAS SENIALES REGLAMENTARIAS DE TRANSITO. (PARE, CEDA EL PASO, LUZ ROJA DEL SEMAFORO, ETC).",CHOQUE LATERAL,MOTOCICLETA,1,0,0,0,0,0,0,0,1,0,0,0,0,2,30,HOMBRE,LESIONADO,CONDUCTOR PRESENTE,NO,NO,1
29763,121646,121647,2022,1,0,-0.247754,-78.518038,PICHINCHA,QUITO,QUITO,URBANA,2022-03-15,07:10:00,7,MARTES,2,MARZO,3,NO,CONDUCIR VEHICULO SUPERANDO LOS LIMITES MAXIMOS DE VELOCIDAD.,PERDIDA DE CARRIL,BICICLETA,0,1,0,0,0,0,0,0,0,0,0,0,0,1,41,MUJER,LESIONADO,PASAJERO,NO,NO,1
29764,121650,121651,2022,0,0,-0.230461,-78.513097,PICHINCHA,QUITO,QUITO,URBANA,2022-03-15,09:33:00,9,MARTES,2,MARZO,3,NO,"NO RESPETAR LAS SENIALES REGLAMENTARIAS DE TRANSITO. (PARE, CEDA EL PASO, LUZ ROJA DEL SEMAFORO, ETC).",CHOQUE LATERAL,CAMIONETA,1,0,0,0,1,0,0,0,0,0,0,0,0,2,36,HOMBRE,ILESO,CONDUCTOR PRESENTE,NO,NO,1
29765,121659,121660,2022,0,1,0.131021,-79.262782,PICHINCHA,PUERTO QUITO,PUERTO QUITO,RURAL,2022-03-15,13:20:00,13,MARTES,2,MARZO,3,NO,"CONDUCIR DESATENTO A LAS CONDICIONES DE TRANSITO (CELULAR, PANTALLAS DE VIDEO, COMIDA, MAQUILLAJE O CUALQUIER OTRO ELEMENTO DISTRACTOR).",PERDIDA DE PISTA,MOTOCICLETA,0,0,0,0,0,0,0,0,1,0,0,0,0,1,29,HOMBRE,FALLECIDO,CONDUCTOR PRESENTE,NO,SI,3
29766,121666,121667,2022,0,0,-0.222572,-78.520353,PICHINCHA,QUITO,QUITO,URBANA,2022-03-15,15:35:00,15,MARTES,2,MARZO,3,NO,CONDUCIR VEHICULO SUPERANDO LOS LIMITES MAXIMOS DE VELOCIDAD.,CHOQUE LATERAL,BUS,1,0,1,0,0,0,0,0,0,0,0,0,0,2,50,HOMBRE,ILESO,CONDUCTOR PRESENTE,NO,NO,1
29767,121670,121671,2022,0,0,-0.244435,-78.482091,PICHINCHA,QUITO,QUITO,RURAL,2022-03-15,17:40:00,17,MARTES,2,MARZO,3,NO,"NO RESPETAR LAS SENIALES REGLAMENTARIAS DE TRANSITO. (PARE, CEDA EL PASO, LUZ ROJA DEL SEMAFORO, ETC).",PERDIDA DE CARRIL,AUTOMOVIL,1,0,0,0,0,0,0,0,0,0,0,0,0,1,58,HOMBRE,ILESO,CONDUCTOR PRESENTE,NO,NO,3
29768,121671,121672,2022,0,0,-0.318581,-78.549284,PICHINCHA,QUITO,QUITO,URBANA,2022-03-15,18:05:00,18,MARTES,2,MARZO,3,NO,CONDUCIR VEHICULO SUPERANDO LOS LIMITES MAXIMOS DE VELOCIDAD.,COLISION,BUS,2,0,1,0,0,0,0,0,0,0,0,0,0,3,46,HOMBRE,ILESO,CONDUCTOR PRESENTE,NO,NO,1
29769,121674,121675,2022,2,0,-0.150993,-78.453592,PICHINCHA,QUITO,QUITO,URBANA,2022-03-15,18:40:00,18,MARTES,2,MARZO,3,NO,NO CEDER EL DERECHO DE VIA O PREFERENCIA DE PASO AL PEATON.,ATROPELLOS,MOTOCICLETA,0,0,0,0,0,0,0,0,1,0,0,0,0,1,52,HOMBRE,LESIONADO,PEATON,NO,NO,1
29770,121678,121679,2022,0,0,-0.160531,-78.463619,PICHINCHA,QUITO,QUITO,URBANA,2022-03-15,19:45:00,19,MARTES,2,MARZO,3,NO,"NO RESPETAR LAS SENIALES REGLAMENTARIAS DE TRANSITO. (PARE, CEDA EL PASO, LUZ ROJA DEL SEMAFORO, ETC).",CHOQUE LATERAL,AUTOMOVIL,1,0,0,0,0,0,0,0,0,0,0,0,0,1,30,HOMBRE,ILESO,CONDUCTOR PRESENTE,NO,NO,1
29771,121680,121681,2022,0,0,-0.164784,-78.468117,PICHINCHA,QUITO,QUITO,URBANA,2022-03-15,20:30:00,20,MARTES,2,MARZO,3,NO,NO GUARDAR LA DISTANCIA LATERAL MINIMA DE SEGURIDAD ENTRE VEHICULOS.,ROZAMIENTOS,CAMION,1,0,0,1,0,0,0,0,0,0,0,0,0,2,39,HOMBRE,ILESO,CONDUCTOR PRESENTE,NO,NO,1
29772,121684,121685,2022,0,0,-0.228216,-78.495243,PICHINCHA,QUITO,QUITO,URBANA,2022-03-15,21:10:00,21,MARTES,2,MARZO,3,NO,CONDUCIR VEHICULO SUPERANDO LOS LIMITES MAXIMOS DE VELOCIDAD.,ESTRELLAMIENTOS,NO IDENTIFICADO,0,0,0,0,0,0,0,0,0,1,0,0,0,1,-1,NO IDENTIFICADO,NO IDENTIFICADO,CONDUCTOR AUSENTE,NO,NO,2
29773,121702,121703,2022,1,0,-0.234231,-78.489577,PICHINCHA,QUITO,QUITO,URBANA,2022-03-16,07:50:00,7,MIERCOLES,3,MARZO,3,NO,CONDUCIR VEHICULO SUPERANDO LOS LIMITES MAXIMOS DE VELOCIDAD.,ESTRELLAMIENTOS,AUTOMOVIL,2,0,0,0,0,0,0,0,0,0,0,0,0,2,27,MUJER,LESIONADO,PASAJERO,NO,NO,1
29774,121705,121706,2022,0,0,-0.183711,-78.510058,PICHINCHA,QUITO,QUITO,URBANA,2022-03-16,08:35:00,8,MIERCOLES,3,MARZO,3,NO,"NO RESPETAR LAS SENIALES REGLAMENTARIAS DE TRANSITO. (PARE, CEDA EL PASO, LUZ ROJA DEL SEMAFORO, ETC).",ESTRELLAMIENTOS,BUS,0,0,1,0,0,0,0,0,0,0,0,0,0,1,60,HOMBRE,ILESO,CONDUCTOR PRESENTE,NO,NO,1
29775,121709,121710,2022,0,0,-0.091353,-78.524862,PICHINCHA,QUITO,QUITO,URBANA,2022-03-16,11:45:00,11,MIERCOLES,3,MARZO,3,NO,"MAL ESTACIONADO - EL CONDUCTOR QUE DETENGA O ESTACIONE VEHICULOS EN SITIOS O ZONAS QUE ENTRANIEN PELIGRO, TALES COMO ZONA DE SEGURIDAD, CURVAS, PUENTES, TUNELES, PENDIENTES.",ESTRELLAMIENTOS,CAMION,2,0,0,1,0,0,0,0,0,0,0,0,0,3,54,MUJER,ILESO,PEATON,NO,NO,1
29776,121713,121714,2022,1,0,-0.112182,-78.432826,PICHINCHA,QUITO,CALDERON (CARAPUNGO),RURAL,2022-03-16,12:45:00,12,MIERCOLES,3,MARZO,3,NO,NO CEDER EL DERECHO DE VIA O PREFERENCIA DE PASO AL PEATON.,ATROPELLOS,FURGONETA,0,0,0,0,0,0,0,1,0,0,0,0,0,1,56,MUJER,LESIONADO,PEATON,NO,NO,3
29777,121722,121723,2022,0,0,-0.185596,-78.494125,PICHINCHA,QUITO,QUITO,URBANA,2022-03-16,16:50:00,16,MIERCOLES,3,MARZO,3,NO,CONDUCIR VEHICULO SUPERANDO LOS LIMITES MAXIMOS DE VELOCIDAD.,COLISION,AUTOMOVIL,3,0,0,0,0,0,0,0,0,0,0,0,0,3,32,HOMBRE,ILESO,CONDUCTOR PRESENTE,NO,NO,1
29778,121749,121750,2022,0,0,-0.255314,-78.534281,PICHINCHA,QUITO,QUITO,URBANA,2022-03-17,07:45:00,7,JUEVES,4,MARZO,3,NO,"NO RESPETAR LAS SENIALES REGLAMENTARIAS DE TRANSITO. (PARE, CEDA EL PASO, LUZ ROJA DEL SEMAFORO, ETC).",CHOQUE LATERAL,AUTOMOVIL,2,0,0,0,0,0,0,0,0,0,0,0,0,2,43,HOMBRE,ILESO,CONDUCTOR PRESENTE,NO,NO,1
29779,121755,121756,2022,0,0,-0.292724,-78.476486,PICHINCHA,QUITO,CONOCOTO,RURAL,2022-03-17,11:50:00,11,JUEVES,4,MARZO,3,NO,"NO RESPETAR LAS SENIALES REGLAMENTARIAS DE TRANSITO. (PARE, CEDA EL PASO, LUZ ROJA DEL SEMAFORO, ETC).",ESTRELLAMIENTOS,CAMIONETA,0,0,0,0,1,0,0,0,0,0,0,0,0,1,39,HOMBRE,ILESO,CONDUCTOR PRESENTE,NO,NO,3
29780,121761,121762,2022,0,0,0.024584,-78.650279,PICHINCHA,QUITO,NONO,RURAL,2022-03-17,16:30:00,16,JUEVES,4,MARZO,3,NO,"CONDUCIR DESATENTO A LAS CONDICIONES DE TRANSITO (CELULAR, PANTALLAS DE VIDEO, COMIDA, MAQUILLAJE O CUALQUIER OTRO ELEMENTO DISTRACTOR).",PERDIDA DE CARRIL,AUTOMOVIL,1,0,0,0,0,0,0,0,0,0,0,0,0,1,32,HOMBRE,ILESO,CONDUCTOR PRESENTE,NO,SI,3
29781,121769,121770,2022,0,0,-0.188478,-78.447371,PICHINCHA,QUITO,NAYON,RURAL,2022-03-17,20:05:00,20,JUEVES,4,MARZO,3,NO,CONDUCIR VEHICULO SUPERANDO LOS LIMITES MAXIMOS DE VELOCIDAD.,ESTRELLAMIENTOS,AUTOMOVIL,1,0,0,0,0,0,0,0,0,0,0,0,0,1,-1,NO IDENTIFICADO,NO IDENTIFICADO,CONDUCTOR AUSENTE,NO,NO,2
29782,121775,121776,2022,0,0,-0.112189,-78.504802,PICHINCHA,QUITO,QUITO,URBANA,2022-03-17,23:00:00,23,JUEVES,4,MARZO,3,NO,"CONDUCE BAJO LA INFLUENCIA DE ALCOHOL, SUSTANCIAS ESTUPEFACIENTES O PSICOTROPICAS Y/O MEDICAMENTOS.",CHOQUE POSTERIOR,AUTOMOVIL,2,0,0,0,0,0,0,0,0,0,0,0,0,2,25,HOMBRE,ILESO,CONDUCTOR PRESENTE,NO,NO,1
29783,121781,121782,2022,0,0,-0.335501,-78.546815,PICHINCHA,QUITO,QUITO,URBANA,2022-03-18,00:20:00,0,VIERNES,5,MARZO,3,NO,"NO RESPETAR LAS SENIALES REGLAMENTARIAS DE TRANSITO. (PARE, CEDA EL PASO, LUZ ROJA DEL SEMAFORO, ETC).",ESTRELLAMIENTOS,AUTOMOVIL,1,0,0,0,0,0,0,0,0,0,0,0,0,1,-1,NO IDENTIFICADO,NO IDENTIFICADO,CONDUCTOR AUSENTE,NO,NO,2
29784,121782,121783,2022,1,0,-0.199767,-78.428809,PICHINCHA,QUITO,CUMBAYA,RURAL,2022-03-18,00:40:00,0,VIERNES,5,MARZO,3,NO,CONDUCIR VEHICULO SUPERANDO LOS LIMITES MAXIMOS DE VELOCIDAD.,PERDIDA DE CARRIL,MOTOCICLETA,0,0,0,0,0,0,0,0,1,0,0,0,0,1,33,HOMBRE,LESIONADO,CONDUCTOR PRESENTE,NO,NO,3
29785,121783,121784,2022,0,0,-0.207891,-78.511796,PICHINCHA,QUITO,QUITO,URBANA,2022-03-18,01:00:00,1,VIERNES,5,MARZO,3,NO,"NO RESPETAR LAS SENIALES REGLAMENTARIAS DE TRANSITO. (PARE, CEDA EL PASO, LUZ ROJA DEL SEMAFORO, ETC).",OTROS,AUTOMOVIL,1,0,0,0,0,0,0,0,0,0,0,0,0,1,-1,NO IDENTIFICADO,NO IDENTIFICADO,CONDUCTOR AUSENTE,NO,NO,2
29786,121791,121792,2022,0,0,-0.302617,-78.464827,PICHINCHA,QUITO,CONOCOTO,RURAL,2022-03-18,05:30:00,5,VIERNES,5,MARZO,3,NO,"NO RESPETAR LAS SENIALES REGLAMENTARIAS DE TRANSITO. (PARE, CEDA EL PASO, LUZ ROJA DEL SEMAFORO, ETC).",CHOQUE LATERAL,BUS,1,0,1,0,0,0,0,0,0,0,0,0,0,2,57,HOMBRE,ILESO,CONDUCTOR PRESENTE,NO,NO,3
29787,121793,121794,2022,1,0,-0.451081,-78.759272,PICHINCHA,MEJIA,MANUEL CORNEJO ASTORGA,RURAL,2022-03-18,06:32:00,6,VIERNES,5,MARZO,3,NO,"CONDUCIR DESATENTO A LAS CONDICIONES DE TRANSITO (CELULAR, PANTALLAS DE VIDEO, COMIDA, MAQUILLAJE O CUALQUIER OTRO ELEMENTO DISTRACTOR).",PERDIDA DE PISTA,CAMION,0,0,0,1,0,0,0,0,0,0,0,0,0,1,-1,HOMBRE,LESIONADO,PASAJERO,NO,NO,3
29788,121804,121805,2022,1,0,-0.219442,-78.514478,PICHINCHA,QUITO,QUITO,URBANA,2022-03-18,09:50:00,9,VIERNES,5,MARZO,3,NO,NO TRANSITAR POR LAS ACERAS O ZONAS DE SEGURIDAD DESTINADAS PARA EL EFECTO.,ATROPELLOS,AUTOMOVIL,1,0,0,0,0,0,0,0,0,0,0,0,0,1,73,MUJER,LESIONADO,PEATON,NO,NO,1
29789,121806,121807,2022,1,0,-0.289679,-78.542208,PICHINCHA,QUITO,QUITO,URBANA,2022-03-18,10:30:00,10,VIERNES,5,MARZO,3,NO,NO TRANSITAR POR LAS ACERAS O ZONAS DE SEGURIDAD DESTINADAS PARA EL EFECTO.,ATROPELLOS,AUTOMOVIL,1,0,0,0,0,0,0,0,0,0,0,0,0,1,32,HOMBRE,LESIONADO,PEATON,NO,NO,1
29790,121808,121809,2022,0,0,-0.245904,-78.491505,PICHINCHA,QUITO,QUITO,URBANA,2022-03-18,12:30:00,12,VIERNES,5,MARZO,3,NO,"CONDUCE BAJO LA INFLUENCIA DE ALCOHOL, SUSTANCIAS ESTUPEFACIENTES O PSICOTROPICAS Y/O MEDICAMENTOS.",ESTRELLAMIENTOS,AUTOMOVIL,2,0,0,0,0,0,0,0,0,0,0,0,0,2,48,HOMBRE,ILESO,CONDUCTOR PRESENTE,NO,NO,1
29791,121812,121813,2022,1,0,-0.282706,-78.554325,PICHINCHA,QUITO,QUITO,URBANA,2022-03-18,13:05:00,13,VIERNES,5,MARZO,3,NO,"CASO FORTUITO O FUERZA MAYOR (EXPLOSION DE NEUMATICO NUEVO, DERRUMBE, INUNDACION, CAIDA DE PUENTE, ARBOL, PRESENCIA INTEMPESTIVA E IMPREVISTA DE SEMOVIENTES EN LA VIA, ETC.).",OTROS,BUS,0,0,1,0,0,0,0,0,0,0,0,0,0,1,16,HOMBRE,LESIONADO,PASAJERO,NO,NO,1
29792,121814,121815,2022,1,0,-0.251319,-78.521366,PICHINCHA,QUITO,QUITO,URBANA,2022-03-18,13:35:00,13,VIERNES,5,MARZO,3,NO,"NO RESPETAR LAS SENIALES REGLAMENTARIAS DE TRANSITO. (PARE, CEDA EL PASO, LUZ ROJA DEL SEMAFORO, ETC).",CHOQUE LATERAL,BUS,0,0,1,0,0,0,0,0,1,0,0,0,0,2,42,HOMBRE,LESIONADO,CONDUCTOR PRESENTE,NO,NO,1
29793,121845,121846,2022,0,0,-0.148497,-78.498391,PICHINCHA,QUITO,QUITO,URBANA,2022-03-18,23:20:00,23,VIERNES,5,MARZO,3,NO,"NO RESPETAR LAS SENIALES REGLAMENTARIAS DE TRANSITO. (PARE, CEDA EL PASO, LUZ ROJA DEL SEMAFORO, ETC).",OTROS,AUTOMOVIL,3,0,0,0,0,0,0,0,0,0,0,0,0,3,29,HOMBRE,ILESO,PASAJERO,NO,NO,1
29794,121851,121852,2022,0,1,-0.209101,-78.365448,PICHINCHA,QUITO,PUEMBO,RURAL,2022-03-19,00:36:00,0,SABADO,6,MARZO,3,NO,CONDUCIR VEHICULO SUPERANDO LOS LIMITES MAXIMOS DE VELOCIDAD.,PERDIDA DE CARRIL,MOTOCICLETA,0,0,0,0,0,0,0,0,1,0,0,0,0,1,39,HOMBRE,FALLECIDO,CONDUCTOR PRESENTE,NO,NO,3
29795,121852,121853,2022,0,1,-0.399319,-78.532021,PICHINCHA,MEJIA,UYUMBICHO,RURAL,2022-03-19,00:40:00,0,SABADO,6,MARZO,3,NO,"CONDUCIR DESATENTO A LAS CONDICIONES DE TRANSITO (CELULAR, PANTALLAS DE VIDEO, COMIDA, MAQUILLAJE O CUALQUIER OTRO ELEMENTO DISTRACTOR).",ATROPELLOS,BUS,0,0,1,0,0,0,0,0,0,0,0,0,0,1,19,HOMBRE,FALLECIDO,PEATON,NO,SI,3
29796,121862,121863,2022,0,0,-0.191515,-78.487201,PICHINCHA,QUITO,QUITO,URBANA,2022-03-19,04:45:00,4,SABADO,6,MARZO,3,NO,CONDUCIR VEHICULO SUPERANDO LOS LIMITES MAXIMOS DE VELOCIDAD.,ESTRELLAMIENTOS,AUTOMOVIL,1,0,0,0,0,0,0,0,0,0,0,0,0,1,27,HOMBRE,ILESO,CONDUCTOR PRESENTE,NO,NO,1
29797,121865,121866,2022,0,0,-0.106841,-78.480972,PICHINCHA,QUITO,QUITO,URBANA,2022-03-19,05:40:00,5,SABADO,6,MARZO,3,NO,CONDUCIR VEHICULO SUPERANDO LOS LIMITES MAXIMOS DE VELOCIDAD.,ESTRELLAMIENTOS,CAMIONETA,0,0,0,0,1,0,0,0,0,0,0,0,0,1,34,HOMBRE,ILESO,CONDUCTOR PRESENTE,NO,NO,1
29798,121866,121867,2022,1,0,-0.102876,-78.473614,PICHINCHA,QUITO,QUITO,URBANA,2022-03-19,05:40:00,5,SABADO,6,MARZO,3,NO,"CONDUCE BAJO LA INFLUENCIA DE ALCOHOL, SUSTANCIAS ESTUPEFACIENTES O PSICOTROPICAS Y/O MEDICAMENTOS.",ESTRELLAMIENTOS,AUTOMOVIL,1,0,0,0,0,0,0,0,0,0,0,0,0,1,21,HOMBRE,LESIONADO,PASAJERO,NO,NO,1