,Unnamed: 0,ID,ANIO,LESIONADOS,FALLECIDOS,LATITUD_Y,LONGITUD_X,PROVINCIA,CANTON,PARROQUIA,ZONA,FECHA,HORA,PERIODO_2,DIA_1,DIA_2,MES_1,MES_2,FERIADO,CAUSA_PROBABLE,TIPO_DE_SINIESTRO,TIPO_DE_VEHICULO_1,AUTOMOVIL,BICICLETA,BUS,CAMION,CAMIONETA,EMERGENCIAS,ESPECIAL,FURGONETA,MOTOCICLETA,NO_IDENTIFICADO,SCOOTER_ELECTRICO,TRICIMOTO,VEHICULO_DEPORTIVO_UTILITARIO,SUMA_DE_VEHICULOS,EDAD_1,SEXO_1,CONDICION_1,PARTICIPANTE_1,CASCO_1,CINTURON_1,KMeans_Cluster
29799,121877,121878,2022,0,0,-0.346711,-78.548646,PICHINCHA,QUITO,QUITO,URBANA,2022-03-19,09:10:00,9,SABADO,6,MARZO,3,NO,CONDUCIR VEHICULO SUPERANDO LOS LIMITES MAXIMOS DE VELOCIDAD.,ESTRELLAMIENTOS,AUTOMOVIL,2,0,0,0,0,0,0,0,0,0,0,0,0,2,28,HOMBRE,ILESO,CONDUCTOR PRESENTE,NO,NO,1
29800,121879,121880,2022,2,0,-0.261591,-78.530804,PICHINCHA,QUITO,QUITO,URBANA,2022-03-19,10:55:00,10,SABADO,6,MARZO,3,NO,"CONDUCE BAJO LA INFLUENCIA DE ALCOHOL, SUSTANCIAS ESTUPEFACIENTES O PSICOTROPICAS Y/O MEDICAMENTOS.",CHOQUE LATERAL,AUTOMOVIL,2,0,0,0,0,0,0,0,0,0,0,0,0,2,27,MUJER,LESIONADO,PASAJERO,NO,NO,1
29801,121883,121884,2022,1,0,-0.096178,-78.467009,PICHINCHA,QUITO,QUITO,URBANA,2022-03-19,15:00:00,15,SABADO,6,MARZO,3,NO,"NO RESPETAR LAS SENIALES REGLAMENTARIAS DE TRANSITO. (PARE, CEDA EL PASO, LUZ ROJA DEL SEMAFORO, ETC).",CHOQUE LATERAL,MOTOCICLETA,1,0,0,0,0,0,0,0,1,0,0,0,0,2,32,MUJER,LESIONADO,CONDUCTOR PRESENTE,NO,NO,1
29802,121886,121887,2022,0,0,-0.165922,-78.468421,PICHINCHA,QUITO,QUITO,URBANA,2022-03-19,15:55:00,15,SABADO,6,MARZO,3,NO,"NO RESPETAR LAS SENIALES REGLAMENTARIAS DE TRANSITO. (PARE, CEDA EL PASO, LUZ ROJA DEL SEMAFORO, ETC).",ESTRELLAMIENTOS,AUTOMOVIL,1,0,0,0,0,0,0,0,0,0,0,0,0,1,37,MUJER,ILESO,PASAJERO,NO,NO,1
29803,121901,121902,2022,0,0,-0.140801,-78.472025,PICHINCHA,QUITO,QUITO,URBANA,2022-03-19,18:40:00,18,SABADO,6,MARZO,3,NO,CONDUCIR VEHICULO SUPERANDO LOS LIMITES MAXIMOS DE VELOCIDAD.,ESTRELLAMIENTOS,AUTOMOVIL,2,0,0,0,0,0,0,0,0,0,0,0,0,2,36,HOMBRE,ILESO,CONDUCTOR PRESENTE,NO,NO,1
29804,121909,121910,2022,0,0,-0.372141,-78.551711,PICHINCHA,MEJIA,CUTUGLAHUA,RURAL,2022-03-19,20:30:00,20,SABADO,6,MARZO,3,NO,"CONDUCIR DESATENTO A LAS CONDICIONES DE TRANSITO (CELULAR, PANTALLAS DE VIDEO, COMIDA, MAQUILLAJE O CUALQUIER OTRO ELEMENTO DISTRACTOR).",CHOQUE POSTERIOR,AUTOMOVIL,1,0,0,0,0,0,0,0,0,0,0,0,0,1,62,HOMBRE,ILESO,CONDUCTOR PRESENTE,NO,SI,3
29805,121910,121911,2022,0,0,-0.094521,-78.481712,PICHINCHA,QUITO,QUITO,URBANA,2022-03-19,20:40:00,20,SABADO,6,MARZO,3,NO,CONDUCIR VEHICULO SUPERANDO LOS LIMITES MAXIMOS DE VELOCIDAD.,ESTRELLAMIENTOS,AUTOMOVIL,1,0,0,0,0,0,0,0,0,0,0,0,0,1,28,HOMBRE,ILESO,PASAJERO,NO,NO,1
29806,121921,121922,2022,0,0,-0.348494,-78.846522,PICHINCHA,MEJIA,MANUEL CORNEJO ASTORGA,RURAL,2022-03-19,22:22:00,22,SABADO,6,MARZO,3,NO,CONDUCIR EN SENTIDO CONTRARIO A LA VIA NORMAL DE CIRCULACION.,CHOQUE FRONTAL,CAMION,1,0,0,1,0,0,0,0,0,0,0,0,0,2,34,HOMBRE,ILESO,CONDUCTOR PRESENTE,NO,NO,3
29807,121922,121923,2022,0,0,-0.275824,-78.501786,PICHINCHA,QUITO,CONOCOTO,RURAL,2022-03-19,22:40:00,22,SABADO,6,MARZO,3,NO,"NO RESPETAR LAS SENIALES REGLAMENTARIAS DE TRANSITO. (PARE, CEDA EL PASO, LUZ ROJA DEL SEMAFORO, ETC).",OTROS,MOTOCICLETA,0,0,0,0,0,0,0,0,1,0,0,0,0,1,-1,NO IDENTIFICADO,NO IDENTIFICADO,CONDUCTOR AUSENTE,NO,NO,2
29808,121923,121924,2022,0,1,-0.213591,-78.497509,PICHINCHA,QUITO,QUITO,RURAL,2022-03-20,00:30:00,0,DOMINGO,7,MARZO,3,NO,NO CEDER EL DERECHO DE VIA O PREFERENCIA DE PASO AL PEATON.,ATROPELLOS,NO IDENTIFICADO,0,0,0,0,0,0,0,0,0,1,0,0,0,1,25,HOMBRE,FALLECIDO,PEATON,NO,NO,3
29809,121924,121925,2022,0,0,-0.245216,-78.513981,PICHINCHA,QUITO,QUITO,URBANA,2022-03-20,00:30:00,0,DOMINGO,7,MARZO,3,NO,"NO RESPETAR LAS SENIALES REGLAMENTARIAS DE TRANSITO. (PARE, CEDA EL PASO, LUZ ROJA DEL SEMAFORO, ETC).",OTROS,NO IDENTIFICADO,0,0,0,0,0,0,0,0,0,1,0,0,0,1,-1,NO IDENTIFICADO,NO IDENTIFICADO,CONDUCTOR AUSENTE,NO,NO,2
29810,121925,121926,2022,0,0,-0.245763,-78.513684,PICHINCHA,QUITO,QUITO,URBANA,2022-03-20,00:30:00,0,DOMINGO,7,MARZO,3,NO,"PRESENCIA DE AGENTES EXTERNOS EN LA VIA (AGUA, ACEITE, PIEDRA, LASTRE, ESCOMBROS, MADEROS, ETC.).",OTROS,CAMIONETA,0,0,0,0,1,0,0,0,0,0,0,0,0,1,-1,NO IDENTIFICADO,NO IDENTIFICADO,CONDUCTOR AUSENTE,NO,NO,2
29811,121929,121930,2022,0,0,-0.139879,-78.511627,PICHINCHA,QUITO,QUITO,URBANA,2022-03-20,01:50:00,1,DOMINGO,7,MARZO,3,NO,"NO RESPETAR LAS SENIALES REGLAMENTARIAS DE TRANSITO. (PARE, CEDA EL PASO, LUZ ROJA DEL SEMAFORO, ETC).",OTROS,AUTOMOVIL,2,0,0,0,0,0,0,0,0,0,0,0,0,2,29,HOMBRE,ILESO,CONDUCTOR PRESENTE,NO,NO,1
29812,121931,121932,2022,1,1,-0.328021,-78.540467,PICHINCHA,QUITO,QUITO,URBANA,2022-03-20,02:15:00,2,DOMINGO,7,MARZO,3,NO,"CASO FORTUITO O FUERZA MAYOR (EXPLOSION DE NEUMATICO NUEVO, DERRUMBE, INUNDACION, CAIDA DE PUENTE, ARBOL, PRESENCIA INTEMPESTIVA E IMPREVISTA DE SEMOVIENTES EN LA VIA, ETC.).",OTROS,MOTOCICLETA,0,0,0,0,0,0,0,0,1,0,0,0,0,1,31,HOMBRE,FALLECIDO,PASAJERO,NO,NO,1
29813,121934,121935,2022,2,0,-0.270201,-78.488368,PICHINCHA,QUITO,CONOCOTO,RURAL,2022-03-20,02:45:00,2,DOMINGO,7,MARZO,3,NO,"CONDUCIR DESATENTO A LAS CONDICIONES DE TRANSITO (CELULAR, PANTALLAS DE VIDEO, COMIDA, MAQUILLAJE O CUALQUIER OTRO ELEMENTO DISTRACTOR).",PERDIDA DE CARRIL,AUTOMOVIL,1,0,0,0,0,0,0,0,0,0,0,0,0,1,40,HOMBRE,LESIONADO,CONDUCTOR PRESENTE,NO,SI,3
29814,121935,121936,2022,2,0,-0.274984,-78.540354,PICHINCHA,QUITO,QUITO,URBANA,2022-03-20,03:00:00,3,DOMINGO,7,MARZO,3,NO,"NO RESPETAR LAS SENIALES REGLAMENTARIAS DE TRANSITO. (PARE, CEDA EL PASO, LUZ ROJA DEL SEMAFORO, ETC).",CHOQUE LATERAL,MOTOCICLETA,0,0,0,0,0,0,0,0,1,0,0,0,0,1,27,HOMBRE,LESIONADO,PASAJERO,NO,NO,1
29815,121941,121942,2022,0,0,-0.223301,-78.487751,PICHINCHA,QUITO,QUITO,URBANA,2022-03-20,04:10:00,4,DOMINGO,7,MARZO,3,NO,CONDUCIR VEHICULO SUPERANDO LOS LIMITES MAXIMOS DE VELOCIDAD.,ESTRELLAMIENTOS,AUTOMOVIL,1,0,0,0,0,0,0,0,0,0,0,0,0,1,-1,NO IDENTIFICADO,NO IDENTIFICADO,CONDUCTOR AUSENTE,NO,NO,2
29816,121952,121953,2022,0,0,-0.198358,-78.479355,PICHINCHA,QUITO,QUITO,URBANA,2022-03-20,06:10:00,6,DOMINGO,7,MARZO,3,NO,CONDUCIR VEHICULO SUPERANDO LOS LIMITES MAXIMOS DE VELOCIDAD.,ESTRELLAMIENTOS,CAMIONETA,0,0,0,0,1,0,0,0,0,0,0,0,0,1,37,HOMBRE,ILESO,CONDUCTOR PRESENTE,NO,NO,1
29817,121955,121956,2022,1,0,-0.099083,-78.421844,PICHINCHA,QUITO,CALDERON (CARAPUNGO),RURAL,2022-03-20,06:30:00,6,DOMINGO,7,MARZO,3,NO,NO MANTENER LA DISTANCIA PRUDENCIAL CON RESPECTO AL VEHICULO QUE LE ANTECEDE.,CHOQUE POSTERIOR,MOTOCICLETA,1,0,0,0,0,0,0,0,1,0,0,0,0,2,21,HOMBRE,LESIONADO,CONDUCTOR PRESENTE,NO,NO,3
29818,121957,121958,2022,0,0,-0.328239,-78.538128,PICHINCHA,QUITO,QUITO,URBANA,2022-03-20,07:15:00,7,DOMINGO,7,MARZO,3,NO,CONDUCIR VEHICULO SUPERANDO LOS LIMITES MAXIMOS DE VELOCIDAD.,ESTRELLAMIENTOS,AUTOMOVIL,1,0,0,0,0,0,0,0,0,0,0,0,0,1,-1,NO IDENTIFICADO,NO IDENTIFICADO,CONDUCTOR AUSENTE,NO,NO,2
29819,121958,121959,2022,0,0,-0.187808,-78.444336,PICHINCHA,QUITO,NAYON,RURAL,2022-03-20,07:15:00,7,DOMINGO,7,MARZO,3,NO,"CONDUCE BAJO LA INFLUENCIA DE ALCOHOL, SUSTANCIAS ESTUPEFACIENTES O PSICOTROPICAS Y/O MEDICAMENTOS.",CHOQUE POSTERIOR,AUTOMOVIL,2,0,0,0,0,0,0,0,0,0,0,0,0,2,28,HOMBRE,ILESO,CONDUCTOR PRESENTE,NO,NO,3
29820,121979,121980,2022,2,0,-0.104467,-78.421844,PICHINCHA,QUITO,CALDERON (CARAPUNGO),RURAL,2022-03-20,17:50:00,17,DOMINGO,7,MARZO,3,NO,"CONDUCE BAJO LA INFLUENCIA DE ALCOHOL, SUSTANCIAS ESTUPEFACIENTES O PSICOTROPICAS Y/O MEDICAMENTOS.",CHOQUE FRONTAL,MOTOCICLETA,1,0,0,0,0,0,0,0,1,0,0,0,0,2,16,HOMBRE,LESIONADO,PASAJERO,NO,NO,3
29821,121980,121981,2022,0,0,-0.094655,-78.427439,PICHINCHA,QUITO,CALDERON (CARAPUNGO),RURAL,2022-03-20,18:45:00,18,DOMINGO,7,MARZO,3,NO,"NO RESPETAR LAS SENIALES REGLAMENTARIAS DE TRANSITO. (PARE, CEDA EL PASO, LUZ ROJA DEL SEMAFORO, ETC).",CHOQUE LATERAL,CAMION,0,0,0,1,1,0,0,0,0,0,0,0,0,2,26,HOMBRE,ILESO,CONDUCTOR PRESENTE,NO,NO,3
29822,121981,121982,2022,0,0,-0.340391,-78.550831,PICHINCHA,QUITO,QUITO,URBANA,2022-03-20,18:50:00,18,DOMINGO,7,MARZO,3,NO,"NO RESPETAR LAS SENIALES REGLAMENTARIAS DE TRANSITO. (PARE, CEDA EL PASO, LUZ ROJA DEL SEMAFORO, ETC).",OTROS,AUTOMOVIL,1,0,0,0,0,0,0,0,0,0,0,0,0,1,-1,NO IDENTIFICADO,NO IDENTIFICADO,CONDUCTOR AUSENTE,NO,NO,2
29823,121989,121990,2022,2,0,-0.318256,-78.557591,PICHINCHA,QUITO,QUITO,URBANA,2022-03-20,20:25:00,20,DOMINGO,7,MARZO,3,NO,"CONDICIONES AMBIENTALES Y/O ATMOSFERICAS (NIEBLA, NEBLINA, GRANIZO, LLUVIA).",ATROPELLOS,NO IDENTIFICADO,0,0,0,0,0,0,0,0,0,1,0,0,0,1,32,MUJER,LESIONADO,PEATON,NO,NO,1
29824,121993,121994,2022,0,0,-0.188478,-78.447371,PICHINCHA,QUITO,NAYON,RURAL,2022-03-20,21:25:00,21,DOMINGO,7,MARZO,3,NO,"CONDUCE BAJO LA INFLUENCIA DE ALCOHOL, SUSTANCIAS ESTUPEFACIENTES O PSICOTROPICAS Y/O MEDICAMENTOS.",ESTRELLAMIENTOS,AUTOMOVIL,3,0,0,0,0,0,0,0,0,0,0,0,0,3,45,HOMBRE,ILESO,CONDUCTOR PRESENTE,NO,NO,3
29825,121995,121996,2022,0,0,-0.259499,-78.522621,PICHINCHA,QUITO,QUITO,URBANA,2022-03-20,21:30:00,21,DOMINGO,7,MARZO,3,NO,"NO RESPETAR LAS SENIALES REGLAMENTARIAS DE TRANSITO. (PARE, CEDA EL PASO, LUZ ROJA DEL SEMAFORO, ETC).",ESTRELLAMIENTOS,AUTOMOVIL,1,0,0,0,0,0,0,0,0,0,0,0,0,1,-1,NO IDENTIFICADO,NO IDENTIFICADO,CONDUCTOR AUSENTE,NO,NO,2
29826,122001,122002,2022,1,0,-0.222034,-78.508205,PICHINCHA,QUITO,QUITO,URBANA,2022-03-20,23:00:00,23,DOMINGO,7,MARZO,3,NO,"NO RESPETAR LAS SENIALES REGLAMENTARIAS DE TRANSITO. (PARE, CEDA EL PASO, LUZ ROJA DEL SEMAFORO, ETC).",ESTRELLAMIENTOS,AUTOMOVIL,1,0,0,0,0,0,0,0,0,0,0,0,0,1,35,HOMBRE,LESIONADO,PASAJERO,NO,NO,1
29827,122021,122022,2022,4,0,-0.065942,-78.416251,PICHINCHA,QUITO,CALDERON (CARAPUNGO),RURAL,2022-03-21,14:40:00,14,LUNES,1,MARZO,3,NO,"NO RESPETAR LAS SENIALES REGLAMENTARIAS DE TRANSITO. (PARE, CEDA EL PASO, LUZ ROJA DEL SEMAFORO, ETC).",CHOQUE LATERAL,FURGONETA,1,0,0,0,0,0,0,1,0,0,0,0,0,2,8,MUJER,LESIONADO,PASAJERO,NO,NO,3
29828,122022,122023,2022,0,0,-0.161241,-78.495668,PICHINCHA,QUITO,QUITO,URBANA,2022-03-21,15:00:00,15,LUNES,1,MARZO,3,NO,"NO RESPETAR LAS SENIALES REGLAMENTARIAS DE TRANSITO. (PARE, CEDA EL PASO, LUZ ROJA DEL SEMAFORO, ETC).",CHOQUE POSTERIOR,AUTOMOVIL,2,0,0,0,0,0,0,0,0,0,0,0,0,2,50,HOMBRE,ILESO,CONDUCTOR PRESENTE,NO,NO,1
29829,122024,122025,2022,0,0,-0.179841,-78.401122,PICHINCHA,QUITO,TUMBACO,URBANA,2022-03-21,15:30:00,15,LUNES,1,MARZO,3,NO,"NO RESPETAR LAS SENIALES REGLAMENTARIAS DE TRANSITO. (PARE, CEDA EL PASO, LUZ ROJA DEL SEMAFORO, ETC).",CHOQUE LATERAL,AUTOMOVIL,2,0,0,0,0,0,0,0,0,0,0,0,0,2,30,HOMBRE,ILESO,CONDUCTOR PRESENTE,NO,NO,1
29830,122032,122033,2022,1,1,0.039476,-78.253397,PICHINCHA,PEDRO MONCAYO,LA ESPERANZA (PEDRO MONCAYO),RURAL,2022-03-21,17:30:00,17,LUNES,1,MARZO,3,NO,"CONDUCIR DESATENTO A LAS CONDICIONES DE TRANSITO (CELULAR, PANTALLAS DE VIDEO, COMIDA, MAQUILLAJE O CUALQUIER OTRO ELEMENTO DISTRACTOR).",ROZAMIENTOS,BUS,0,0,1,0,0,0,0,0,0,0,0,0,0,1,47,HOMBRE,FALLECIDO,CONDUCTOR PRESENTE,NO,SI,3
29831,122033,122034,2022,1,0,-0.338377,-78.549676,PICHINCHA,QUITO,QUITO,URBANA,2022-03-21,17:30:00,17,LUNES,1,MARZO,3,NO,PEATON QUE CRUZA LA CALZADA SIN RESPETAR LA SENIALIZACION EXISTENTE (SEMAFOROS O SENIALES MANUALES).,ATROPELLOS,CAMION,0,0,0,1,0,0,0,0,0,0,0,0,0,1,12,HOMBRE,LESIONADO,PEATON,NO,NO,1
29832,122041,122042,2022,1,0,-0.122676,-78.516599,PICHINCHA,QUITO,QUITO,URBANA,2022-03-21,20:40:00,20,LUNES,1,MARZO,3,NO,"NO RESPETAR LAS SENIALES REGLAMENTARIAS DE TRANSITO. (PARE, CEDA EL PASO, LUZ ROJA DEL SEMAFORO, ETC).",CHOQUE LATERAL,MOTOCICLETA,1,0,0,0,0,0,0,0,1,0,0,0,0,2,21,HOMBRE,LESIONADO,PASAJERO,NO,NO,1
29833,122049,122050,2022,0,0,-0.174894,-78.501169,PICHINCHA,QUITO,QUITO,URBANA,2022-03-22,07:50:00,7,MARTES,2,MARZO,3,NO,"NO RESPETAR LAS SENIALES REGLAMENTARIAS DE TRANSITO. (PARE, CEDA EL PASO, LUZ ROJA DEL SEMAFORO, ETC).",CHOQUE POSTERIOR,CAMIONETA,1,0,0,0,1,0,0,0,0,0,0,0,0,2,35,MUJER,ILESO,CONDUCTOR PRESENTE,NO,NO,1
29834,122059,122060,2022,1,0,-0.334717,-78.550263,PICHINCHA,QUITO,QUITO,URBANA,2022-03-22,12:05:00,12,MARTES,2,MARZO,3,NO,"NO RESPETAR LAS SENIALES REGLAMENTARIAS DE TRANSITO. (PARE, CEDA EL PASO, LUZ ROJA DEL SEMAFORO, ETC).",CHOQUE LATERAL,CAMION,0,0,0,1,0,0,0,0,1,0,0,0,0,2,22,HOMBRE,LESIONADO,CONDUCTOR PRESENTE,NO,NO,1
29835,122076,122077,2022,0,0,-0.196283,-78.512594,PICHINCHA,QUITO,QUITO,URBANA,2022-03-22,19:45:00,19,MARTES,2,MARZO,3,NO,"NO RESPETAR LAS SENIALES REGLAMENTARIAS DE TRANSITO. (PARE, CEDA EL PASO, LUZ ROJA DEL SEMAFORO, ETC).",COLISION,AUTOMOVIL,3,0,0,0,0,0,0,0,0,0,0,0,0,3,31,HOMBRE,ILESO,CONDUCTOR PRESENTE,NO,NO,1
29836,122084,122085,2022,1,0,-0.227116,-78.506847,PICHINCHA,QUITO,QUITO,URBANA,2022-03-22,23:20:00,23,MARTES,2,MARZO,3,NO,"NO RESPETAR LAS SENIALES REGLAMENTARIAS DE TRANSITO. (PARE, CEDA EL PASO, LUZ ROJA DEL SEMAFORO, ETC).",PERDIDA DE CARRIL,MOTOCICLETA,0,0,0,0,0,0,0,0,1,0,0,0,0,1,29,HOMBRE,LESIONADO,CONDUCTOR PRESENTE,NO,NO,1
29837,122095,122096,2022,0,0,-0.202883,-78.503437,PICHINCHA,QUITO,QUITO,URBANA,2022-03-23,06:50:00,6,MIERCOLES,3,MARZO,3,NO,"NO RESPETAR LAS SENIALES REGLAMENTARIAS DE TRANSITO. (PARE, CEDA EL PASO, LUZ ROJA DEL SEMAFORO, ETC).",CHOQUE POSTERIOR,MOTOCICLETA,1,0,0,0,0,0,0,0,1,0,0,0,0,2,22,HOMBRE,ILESO,CONDUCTOR PRESENTE,NO,NO,1
29838,122096,122097,2022,0,0,-0.096232,-78.467523,PICHINCHA,QUITO,QUITO,URBANA,2022-03-23,07:45:00,7,MIERCOLES,3,MARZO,3,NO,"NO RESPETAR LAS SENIALES REGLAMENTARIAS DE TRANSITO. (PARE, CEDA EL PASO, LUZ ROJA DEL SEMAFORO, ETC).",COLISION,CAMIONETA,3,0,0,0,1,0,0,0,0,0,0,0,0,4,32,HOMBRE,ILESO,CONDUCTOR PRESENTE,NO,NO,1
29839,122102,122103,2022,0,0,-0.208923,-78.485211,PICHINCHA,QUITO,QUITO,URBANA,2022-03-23,11:00:00,11,MIERCOLES,3,MARZO,3,NO,"NO RESPETAR LAS SENIALES REGLAMENTARIAS DE TRANSITO. (PARE, CEDA EL PASO, LUZ ROJA DEL SEMAFORO, ETC).",ROZAMIENTOS,AUTOMOVIL,2,0,0,0,0,0,0,0,0,0,0,0,0,2,86,HOMBRE,ILESO,CONDUCTOR PRESENTE,NO,NO,1
29840,122106,122107,2022,1,0,-0.238001,-78.529084,PICHINCHA,QUITO,QUITO,URBANA,2022-03-23,12:45:00,12,MIERCOLES,3,MARZO,3,NO,PEATON QUE CRUZA LA CALZADA SIN RESPETAR LA SENIALIZACION EXISTENTE (SEMAFOROS O SENIALES MANUALES).,ARROLLAMIENTOS,FURGONETA,0,0,0,0,0,0,0,1,0,0,0,0,0,1,6,HOMBRE,LESIONADO,PEATON,NO,NO,1
29841,122108,122109,2022,1,0,-0.275231,-78.552645,PICHINCHA,QUITO,QUITO,URBANA,2022-03-23,13:05:00,13,MIERCOLES,3,MARZO,3,NO,"CONDUCE BAJO LA INFLUENCIA DE ALCOHOL, SUSTANCIAS ESTUPEFACIENTES O PSICOTROPICAS Y/O MEDICAMENTOS.",COLISION,CAMIONETA,1,0,0,0,1,0,0,0,0,0,0,0,0,2,42,HOMBRE,LESIONADO,CONDUCTOR PRESENTE,NO,NO,1
29842,122110,122111,2022,1,0,-0.207858,-78.482127,PICHINCHA,QUITO,QUITO,URBANA,2022-03-23,14:10:00,14,MIERCOLES,3,MARZO,3,NO,BAJARSE O SUBIRSE DE VEHICULOS EN MOVIMIENTO SIN TOMAR LAS PRECAUCIONES DEBIDAS.,CAIDA DE PASAJERO,BUS,0,0,1,0,0,0,0,0,0,0,0,0,0,1,69,MUJER,LESIONADO,PASAJERO,NO,NO,1
29843,122114,122115,2022,1,0,-0.173585,-78.477056,PICHINCHA,QUITO,QUITO,URBANA,2022-03-23,14:50:00,14,MIERCOLES,3,MARZO,3,NO,"NO RESPETAR LAS SENIALES REGLAMENTARIAS DE TRANSITO. (PARE, CEDA EL PASO, LUZ ROJA DEL SEMAFORO, ETC).",OTROS,BUS,0,0,1,0,0,0,0,0,0,0,0,0,0,1,67,MUJER,LESIONADO,PASAJERO,NO,NO,1
29844,122115,122116,2022,0,0,-0.203857,-78.488945,PICHINCHA,QUITO,QUITO,URBANA,2022-03-23,15:30:00,15,MIERCOLES,3,MARZO,3,NO,"NO RESPETAR LAS SENIALES REGLAMENTARIAS DE TRANSITO. (PARE, CEDA EL PASO, LUZ ROJA DEL SEMAFORO, ETC).",CHOQUE LATERAL,CAMIONETA,1,0,0,0,1,0,0,0,0,0,0,0,0,2,23,HOMBRE,ILESO,CONDUCTOR PRESENTE,NO,NO,1
29845,122120,122121,2022,0,0,-0.112466,-78.460051,PICHINCHA,QUITO,CALDERON (CARAPUNGO),RURAL,2022-03-23,17:55:00,17,MIERCOLES,3,MARZO,3,NO,"NO RESPETAR LAS SENIALES REGLAMENTARIAS DE TRANSITO. (PARE, CEDA EL PASO, LUZ ROJA DEL SEMAFORO, ETC).",CHOQUE LATERAL,CAMIONETA,1,0,0,0,1,0,0,0,0,0,0,0,0,2,24,HOMBRE,ILESO,CONDUCTOR PRESENTE,NO,NO,3
29846,122121,122122,2022,0,1,0.110798,-79.207281,PICHINCHA,PUERTO QUITO,PUERTO QUITO,RURAL,2022-03-23,18:00:00,18,MIERCOLES,3,MARZO,3,NO,"CONDUCIR DESATENTO A LAS CONDICIONES DE TRANSITO (CELULAR, PANTALLAS DE VIDEO, COMIDA, MAQUILLAJE O CUALQUIER OTRO ELEMENTO DISTRACTOR).",VOLCAMIENTOS,MOTOCICLETA,0,0,0,0,0,0,0,0,1,0,0,0,0,1,14,HOMBRE,FALLECIDO,PASAJERO,NO,SI,3
29847,122132,122133,2022,0,1,-0.119584,-78.430059,PICHINCHA,QUITO,CALDERON (CARAPUNGO),RURAL,2022-03-23,20:50:00,20,MIERCOLES,3,MARZO,3,NO,CONDUCIR VEHICULO SUPERANDO LOS LIMITES MAXIMOS DE VELOCIDAD.,PERDIDA DE CARRIL,MOTOCICLETA,0,0,0,0,0,0,0,0,1,0,0,0,0,1,41,HOMBRE,FALLECIDO,CONDUCTOR PRESENTE,NO,NO,3
29848,122139,122140,2022,0,0,-0.219235,-78.520591,PICHINCHA,QUITO,QUITO,URBANA,2022-03-24,00:37:00,0,JUEVES,4,MARZO,3,NO,"CONDUCE BAJO LA INFLUENCIA DE ALCOHOL, SUSTANCIAS ESTUPEFACIENTES O PSICOTROPICAS Y/O MEDICAMENTOS.",ESTRELLAMIENTOS,CAMIONETA,1,0,0,0,1,0,0,0,0,0,0,0,0,2,23,HOMBRE,ILESO,CONDUCTOR PRESENTE,NO,NO,1
29849,122140,122141,2022,3,0,-0.008674,-78.186578,PICHINCHA,CAYAMBE,CANGAHUA,RURAL,2022-03-24,00:40:00,0,JUEVES,4,MARZO,3,NO,"CONDUCE BAJO LA INFLUENCIA DE ALCOHOL, SUSTANCIAS ESTUPEFACIENTES O PSICOTROPICAS Y/O MEDICAMENTOS.",CHOQUE FRONTAL,AUTOMOVIL,2,0,0,0,0,0,0,0,0,0,0,0,0,2,42,MUJER,LESIONADO,PASAJERO,NO,SI,3
29850,122147,122148,2022,1,0,-0.150393,-78.453592,PICHINCHA,QUITO,QUITO,URBANA,2022-03-24,06:35:00,6,JUEVES,4,MARZO,3,NO,CONDUCIR VEHICULO SUPERANDO LOS LIMITES MAXIMOS DE VELOCIDAD.,COLISION,AUTOMOVIL,3,0,0,0,0,0,0,0,0,0,0,0,0,3,50,MUJER,LESIONADO,CONDUCTOR PRESENTE,NO,NO,1
29851,122148,122149,2022,2,0,-0.286581,-78.549902,PICHINCHA,QUITO,QUITO,URBANA,2022-03-24,07:15:00,7,JUEVES,4,MARZO,3,NO,CONDUCIR VEHICULO SUPERANDO LOS LIMITES MAXIMOS DE VELOCIDAD.,PERDIDA DE CARRIL,MOTOCICLETA,0,0,0,0,0,0,0,0,1,0,0,0,0,1,17,HOMBRE,LESIONADO,PASAJERO,SI,NO,1
29852,122173,122174,2022,0,0,-0.204739,-78.500299,PICHINCHA,QUITO,QUITO,URBANA,2022-03-24,20:40:00,20,JUEVES,4,MARZO,3,NO,"NO RESPETAR LAS SENIALES REGLAMENTARIAS DE TRANSITO. (PARE, CEDA EL PASO, LUZ ROJA DEL SEMAFORO, ETC).",ESTRELLAMIENTOS,CAMIONETA,0,0,0,0,1,0,0,0,0,0,0,0,0,1,43,HOMBRE,ILESO,CONDUCTOR PRESENTE,NO,NO,1
29853,122175,122176,2022,0,0,-0.091273,-78.473221,PICHINCHA,QUITO,QUITO,URBANA,2022-03-24,22:00:00,22,JUEVES,4,MARZO,3,NO,"NO RESPETAR LAS SENIALES REGLAMENTARIAS DE TRANSITO. (PARE, CEDA EL PASO, LUZ ROJA DEL SEMAFORO, ETC).",CHOQUE LATERAL,AUTOMOVIL,2,0,0,0,0,0,0,0,0,0,0,0,0,2,21,MUJER,ILESO,CONDUCTOR PRESENTE,NO,NO,1