,Unnamed: 0,ID,ANIO,LESIONADOS,FALLECIDOS,LATITUD_Y,LONGITUD_X,PROVINCIA,CANTON,PARROQUIA,ZONA,FECHA,HORA,PERIODO_2,DIA_1,DIA_2,MES_1,MES_2,FERIADO,CAUSA_PROBABLE,TIPO_DE_SINIESTRO,TIPO_DE_VEHICULO_1,AUTOMOVIL,BICICLETA,BUS,CAMION,CAMIONETA,EMERGENCIAS,ESPECIAL,FURGONETA,MOTOCICLETA,NO_IDENTIFICADO,SCOOTER_ELECTRICO,TRICIMOTO,VEHICULO_DEPORTIVO_UTILITARIO,SUMA_DE_VEHICULOS,EDAD_1,SEXO_1,CONDICION_1,PARTICIPANTE_1,CASCO_1,CINTURON_1,KMeans_Cluster
29909,122408,122409,2022,1,0,-0.189757,-78.488828,PICHINCHA,QUITO,QUITO,URBANA,2022-03-28,14:25:00,14,LUNES,1,MARZO,3,NO,NO TRANSITAR POR LAS ACERAS O ZONAS DE SEGURIDAD DESTINADAS PARA EL EFECTO.,ATROPELLOS,MOTOCICLETA,0,0,0,0,0,0,0,0,1,0,0,0,0,1,21,MUJER,LESIONADO,PEATON,NO,NO,1
29910,122410,122411,2022,2,0,-0.245376,-78.533818,PICHINCHA,QUITO,QUITO,URBANA,2022-03-28,17:25:00,17,LUNES,1,MARZO,3,NO,CONDUCIR VEHICULO SUPERANDO LOS LIMITES MAXIMOS DE VELOCIDAD.,ATROPELLOS,MOTOCICLETA,0,0,0,0,0,0,0,0,1,0,0,0,0,1,27,MUJER,LESIONADO,PEATON,NO,NO,1
29911,122413,122414,2022,2,0,-0.451501,-78.658901,PICHINCHA,MEJIA,ALOAG,RURAL,2022-03-28,19:05:00,19,LUNES,1,MARZO,3,NO,"CONDUCIR DESATENTO A LAS CONDICIONES DE TRANSITO (CELULAR, PANTALLAS DE VIDEO, COMIDA, MAQUILLAJE O CUALQUIER OTRO ELEMENTO DISTRACTOR).",PERDIDA DE PISTA,MOTOCICLETA,0,0,0,0,0,0,0,0,1,0,0,0,0,1,-1,HOMBRE,LESIONADO,CONDUCTOR PRESENTE,NO,NO,3
29912,122424,122425,2022,1,0,-0.189511,-78.489431,PICHINCHA,QUITO,QUITO,URBANA,2022-03-29,05:45:00,5,MARTES,2,MARZO,3,NO,"NO RESPETAR LAS SENIALES REGLAMENTARIAS DE TRANSITO. (PARE, CEDA EL PASO, LUZ ROJA DEL SEMAFORO, ETC).",CHOQUE LATERAL,MOTOCICLETA,1,0,0,0,0,0,0,0,1,0,0,0,0,2,23,MUJER,LESIONADO,PASAJERO,NO,NO,1
29913,122426,122427,2022,1,0,-0.240027,-78.511279,PICHINCHA,QUITO,QUITO,URBANA,2022-03-29,06:30:00,6,MARTES,2,MARZO,3,NO,NO TRANSITAR POR LAS ACERAS O ZONAS DE SEGURIDAD DESTINADAS PARA EL EFECTO.,ATROPELLOS,BUS,0,0,1,0,0,0,0,0,0,0,0,0,0,1,17,MUJER,LESIONADO,PEATON,NO,NO,1
29914,122428,122429,2022,0,0,-0.290441,-78.446081,PICHINCHA,QUITO,ALANGASI,RURAL,2022-03-29,07:25:00,7,MARTES,2,MARZO,3,NO,NO GUARDAR LA DISTANCIA LATERAL MINIMA DE SEGURIDAD ENTRE VEHICULOS.,CHOQUE LATERAL,CAMION,1,0,0,1,0,0,0,0,0,0,0,0,0,2,21,HOMBRE,ILESO,CONDUCTOR PRESENTE,NO,NO,3
29915,122435,122436,2022,1,0,-0.262722,-78.538106,PICHINCHA,QUITO,QUITO,URBANA,2022-03-29,11:00:00,11,MARTES,2,MARZO,3,NO,"NO RESPETAR LAS SENIALES REGLAMENTARIAS DE TRANSITO. (PARE, CEDA EL PASO, LUZ ROJA DEL SEMAFORO, ETC).",CHOQUE LATERAL,MOTOCICLETA,1,0,0,0,0,0,0,0,1,0,0,0,0,2,30,HOMBRE,LESIONADO,CONDUCTOR PRESENTE,NO,NO,1
29916,122446,122447,2022,0,0,-0.109235,-78.489061,PICHINCHA,QUITO,QUITO,URBANA,2022-03-29,16:15:00,16,MARTES,2,MARZO,3,NO,"NO RESPETAR LAS SENIALES REGLAMENTARIAS DE TRANSITO. (PARE, CEDA EL PASO, LUZ ROJA DEL SEMAFORO, ETC).",CHOQUE POSTERIOR,CAMIONETA,1,0,0,0,1,0,0,0,0,0,0,0,0,2,33,HOMBRE,ILESO,CONDUCTOR PRESENTE,NO,NO,1
29917,122453,122454,2022,1,1,-0.261044,-78.538617,PICHINCHA,QUITO,QUITO,URBANA,2022-03-29,19:35:00,19,MARTES,2,MARZO,3,NO,"CONDICIONES AMBIENTALES Y/O ATMOSFERICAS (NIEBLA, NEBLINA, GRANIZO, LLUVIA).",CHOQUE LATERAL,MOTOCICLETA,1,0,0,0,0,0,0,0,1,0,0,0,0,2,25,HOMBRE,FALLECIDO,PASAJERO,NO,NO,1
29918,122454,122455,2022,0,0,-0.375496,-78.506023,PICHINCHA,QUITO,AMAGUANIA,RURAL,2022-03-29,19:50:00,19,MARTES,2,MARZO,3,NO,CONDUCIR VEHICULO SUPERANDO LOS LIMITES MAXIMOS DE VELOCIDAD.,OTROS,ESPECIAL,0,0,0,0,0,0,1,0,0,0,0,0,0,1,37,HOMBRE,ILESO,CONDUCTOR PRESENTE,NO,NO,3
29919,122456,122457,2022,0,0,-0.118756,-78.465706,PICHINCHA,QUITO,QUITO,URBANA,2022-03-29,21:30:00,21,MARTES,2,MARZO,3,NO,"NO RESPETAR LAS SENIALES REGLAMENTARIAS DE TRANSITO. (PARE, CEDA EL PASO, LUZ ROJA DEL SEMAFORO, ETC).",OTROS,AUTOMOVIL,2,0,0,0,0,0,0,0,0,0,0,0,0,2,41,HOMBRE,ILESO,CONDUCTOR PRESENTE,NO,NO,1
29920,122464,122465,2022,0,0,-0.154445,-78.475669,PICHINCHA,QUITO,QUITO,URBANA,2022-03-30,01:00:00,1,MIERCOLES,3,MARZO,3,NO,"NO RESPETAR LAS SENIALES REGLAMENTARIAS DE TRANSITO. (PARE, CEDA EL PASO, LUZ ROJA DEL SEMAFORO, ETC).",OTROS,AUTOMOVIL,1,0,0,0,0,0,0,0,0,0,0,0,0,1,-1,NO IDENTIFICADO,NO IDENTIFICADO,CONDUCTOR AUSENTE,NO,NO,2
29921,122485,122486,2022,2,0,-0.212235,-78.507251,PICHINCHA,QUITO,QUITO,URBANA,2022-03-30,14:25:00,14,MIERCOLES,3,MARZO,3,NO,CONDUCIR VEHICULO SUPERANDO LOS LIMITES MAXIMOS DE VELOCIDAD.,ESTRELLAMIENTOS,CAMIONETA,2,0,0,0,1,0,0,0,0,0,0,0,0,3,31,HOMBRE,LESIONADO,PASAJERO,NO,NO,1
29922,122490,122491,2022,1,0,-0.218399,-78.512366,PICHINCHA,QUITO,QUITO,URBANA,2022-03-30,16:27:00,16,MIERCOLES,3,MARZO,3,NO,CONDUCIR VEHICULO SUPERANDO LOS LIMITES MAXIMOS DE VELOCIDAD.,ROZAMIENTOS,MOTOCICLETA,1,0,0,0,0,0,0,0,1,0,0,0,0,2,34,HOMBRE,LESIONADO,CONDUCTOR PRESENTE,NO,NO,1
29923,122493,122494,2022,1,0,-0.215176,-78.405574,PICHINCHA,QUITO,TUMBACO,RURAL,2022-03-30,17:20:00,17,MIERCOLES,3,MARZO,3,NO,"NO RESPETAR LAS SENIALES REGLAMENTARIAS DE TRANSITO. (PARE, CEDA EL PASO, LUZ ROJA DEL SEMAFORO, ETC).",COLISION,CAMION,1,0,0,1,1,0,0,0,0,0,0,0,0,3,28,MUJER,LESIONADO,PASAJERO,NO,NO,3
29924,122496,122497,2022,1,0,-0.328831,-78.560625,PICHINCHA,QUITO,QUITO,URBANA,2022-03-30,18:30:00,18,MIERCOLES,3,MARZO,3,NO,NO TRANSITAR POR LAS ACERAS O ZONAS DE SEGURIDAD DESTINADAS PARA EL EFECTO.,ATROPELLOS,CAMIONETA,0,0,0,0,1,0,0,0,0,0,0,0,0,1,10,HOMBRE,LESIONADO,PEATON,NO,NO,1
29925,122498,122499,2022,0,0,0.014241,-78.280521,PICHINCHA,PEDRO MONCAYO,TOCACHI,RURAL,2022-03-30,19:00:00,19,MIERCOLES,3,MARZO,3,NO,"CONDUCIR DESATENTO A LAS CONDICIONES DE TRANSITO (CELULAR, PANTALLAS DE VIDEO, COMIDA, MAQUILLAJE O CUALQUIER OTRO ELEMENTO DISTRACTOR).",CHOQUE FRONTAL,VEHICULO DEPORTIVO UTILITARIO,0,0,0,0,0,0,0,0,0,0,0,0,2,2,44,HOMBRE,ILESO,CONDUCTOR PRESENTE,NO,SI,3
29926,122503,122504,2022,1,0,-0.264263,-78.550014,PICHINCHA,QUITO,QUITO,URBANA,2022-03-30,20:00:00,20,MIERCOLES,3,MARZO,3,NO,"NO RESPETAR LAS SENIALES REGLAMENTARIAS DE TRANSITO. (PARE, CEDA EL PASO, LUZ ROJA DEL SEMAFORO, ETC).",CHOQUE LATERAL,MOTOCICLETA,0,0,0,0,0,0,0,1,1,0,0,0,0,2,52,HOMBRE,LESIONADO,CONDUCTOR PRESENTE,NO,NO,1
29927,122506,122507,2022,0,0,-0.141813,-78.476651,PICHINCHA,QUITO,QUITO,URBANA,2022-03-30,20:50:00,20,MIERCOLES,3,MARZO,3,NO,"NO RESPETAR LAS SENIALES REGLAMENTARIAS DE TRANSITO. (PARE, CEDA EL PASO, LUZ ROJA DEL SEMAFORO, ETC).",CHOQUE LATERAL,CAMIONETA,1,0,0,0,1,0,0,0,0,0,0,0,0,2,31,MUJER,ILESO,PASAJERO,NO,NO,1
29928,122507,122508,2022,0,0,-0.251525,-78.515633,PICHINCHA,QUITO,QUITO,URBANA,2022-03-30,21:40:00,21,MIERCOLES,3,MARZO,3,NO,"NO RESPETAR LAS SENIALES REGLAMENTARIAS DE TRANSITO. (PARE, CEDA EL PASO, LUZ ROJA DEL SEMAFORO, ETC).",CHOQUE FRONTAL,CAMIONETA,1,0,0,0,1,0,0,0,0,0,0,0,0,2,40,HOMBRE,ILESO,CONDUCTOR PRESENTE,NO,NO,1
29929,122510,122511,2022,0,0,-0.223301,-78.487751,PICHINCHA,QUITO,QUITO,URBANA,2022-03-30,23:05:00,23,MIERCOLES,3,MARZO,3,NO,CONDUCIR VEHICULO SUPERANDO LOS LIMITES MAXIMOS DE VELOCIDAD.,ESTRELLAMIENTOS,AUTOMOVIL,1,0,0,0,0,0,0,0,0,0,0,0,0,1,32,HOMBRE,ILESO,PASAJERO,NO,NO,1
29930,122511,122512,2022,0,0,-0.251392,-78.515556,PICHINCHA,QUITO,QUITO,URBANA,2022-03-30,23:11:00,23,MIERCOLES,3,MARZO,3,NO,"NO RESPETAR LAS SENIALES REGLAMENTARIAS DE TRANSITO. (PARE, CEDA EL PASO, LUZ ROJA DEL SEMAFORO, ETC).",CHOQUE LATERAL,AUTOMOVIL,2,0,0,0,0,0,0,0,0,0,0,0,0,2,43,HOMBRE,ILESO,CONDUCTOR PRESENTE,NO,NO,1
29931,122512,122513,2022,0,0,-0.150289,-78.453334,PICHINCHA,QUITO,QUITO,URBANA,2022-03-31,01:40:00,1,JUEVES,4,MARZO,3,NO,CONDUCIR VEHICULO SUPERANDO LOS LIMITES MAXIMOS DE VELOCIDAD.,ESTRELLAMIENTOS,CAMIONETA,0,0,0,0,1,0,0,0,0,0,0,0,0,1,-1,NO IDENTIFICADO,NO IDENTIFICADO,CONDUCTOR AUSENTE,NO,NO,2
29932,122514,122515,2022,0,0,-0.087081,-78.485871,PICHINCHA,QUITO,QUITO,RURAL,2022-03-31,04:40:00,4,JUEVES,4,MARZO,3,NO,"CONDUCIR DESATENTO A LAS CONDICIONES DE TRANSITO (CELULAR, PANTALLAS DE VIDEO, COMIDA, MAQUILLAJE O CUALQUIER OTRO ELEMENTO DISTRACTOR).",PERDIDA DE CARRIL,AUTOMOVIL,2,0,0,0,0,0,0,0,0,0,0,0,0,2,32,HOMBRE,ILESO,CONDUCTOR PRESENTE,NO,SI,3
29933,122516,122517,2022,1,0,-0.241961,-78.532528,PICHINCHA,QUITO,QUITO,URBANA,2022-03-31,06:15:00,6,JUEVES,4,MARZO,3,NO,CONDUCIR VEHICULO SUPERANDO LOS LIMITES MAXIMOS DE VELOCIDAD.,CHOQUE LATERAL,MOTOCICLETA,0,0,0,0,1,0,0,0,1,0,0,0,0,2,26,HOMBRE,LESIONADO,CONDUCTOR PRESENTE,NO,NO,1
29934,122539,122540,2022,0,0,-0.265504,-78.541456,PICHINCHA,QUITO,QUITO,URBANA,2022-03-31,17:50:00,17,JUEVES,4,MARZO,3,NO,"NO RESPETAR LAS SENIALES REGLAMENTARIAS DE TRANSITO. (PARE, CEDA EL PASO, LUZ ROJA DEL SEMAFORO, ETC).",OTROS,MOTOCICLETA,2,0,0,0,0,0,0,0,1,0,0,0,0,3,22,HOMBRE,ILESO,CONDUCTOR PRESENTE,NO,NO,1
29935,122544,122545,2022,1,0,-0.187327,-78.505347,PICHINCHA,QUITO,QUITO,URBANA,2022-03-31,19:45:00,19,JUEVES,4,MARZO,3,NO,CONDUCIR VEHICULO SUPERANDO LOS LIMITES MAXIMOS DE VELOCIDAD.,ESTRELLAMIENTOS,AUTOMOVIL,1,0,0,0,0,0,0,0,0,0,0,0,0,1,80,HOMBRE,LESIONADO,CONDUCTOR PRESENTE,NO,NO,1
29936,122545,122546,2022,2,0,-0.249098,-78.536736,PICHINCHA,QUITO,QUITO,URBANA,2022-03-31,19:50:00,19,JUEVES,4,MARZO,3,NO,NO CEDER EL DERECHO DE VIA O PREFERENCIA DE PASO AL PEATON.,ATROPELLOS,MOTOCICLETA,1,0,0,0,0,0,0,0,1,0,0,0,0,2,5,HOMBRE,LESIONADO,PEATON,NO,NO,1
29937,122547,122548,2022,0,0,-0.209792,-78.486926,PICHINCHA,QUITO,QUITO,URBANA,2022-03-31,20:15:00,20,JUEVES,4,MARZO,3,NO,CONDUCIR VEHICULO SUPERANDO LOS LIMITES MAXIMOS DE VELOCIDAD.,CHOQUE LATERAL,AUTOMOVIL,2,0,0,0,0,0,0,0,0,0,0,0,0,2,51,HOMBRE,ILESO,CONDUCTOR PRESENTE,NO,NO,1
29938,122554,122555,2022,0,1,0.097154,-78.191599,PICHINCHA,PEDRO MONCAYO,TUPIGACHI,RURAL,2022-04-01,00:15:00,0,VIERNES,5,ABRIL,4,NO,"CONDUCIR DESATENTO A LAS CONDICIONES DE TRANSITO (CELULAR, PANTALLAS DE VIDEO, COMIDA, MAQUILLAJE O CUALQUIER OTRO ELEMENTO DISTRACTOR).",CHOQUE FRONTAL,CAMION,0,0,0,1,0,0,0,0,0,0,0,0,1,2,29,HOMBRE,FALLECIDO,CONDUCTOR PRESENTE,NO,SI,3
29939,122555,122556,2022,0,0,-0.233467,-78.513884,PICHINCHA,QUITO,QUITO,URBANA,2022-04-01,01:00:00,1,VIERNES,5,ABRIL,4,NO,CONDUCIR VEHICULO SUPERANDO LOS LIMITES MAXIMOS DE VELOCIDAD.,CHOQUE POSTERIOR,AUTOMOVIL,2,0,0,0,0,0,0,0,0,0,0,0,0,2,-1,NO IDENTIFICADO,NO IDENTIFICADO,CONDUCTOR AUSENTE,NO,NO,2
29940,122569,122570,2022,0,1,-0.197603,-78.483655,PICHINCHA,QUITO,QUITO,URBANA,2022-04-01,08:05:00,8,VIERNES,5,ABRIL,4,NO,REALIZAR CAMBIO BRUSCO O INDEBIDO DE CARRIL.,OTROS,BUS,0,1,1,0,0,0,0,0,0,0,0,0,0,2,43,HOMBRE,FALLECIDO,CONDUCTOR PRESENTE,NO,NO,1
29941,122572,122573,2022,2,0,-0.261284,-78.548322,PICHINCHA,QUITO,QUITO,URBANA,2022-04-01,10:45:00,10,VIERNES,5,ABRIL,4,NO,REALIZAR CAMBIO BRUSCO O INDEBIDO DE CARRIL.,CHOQUE LATERAL,MOTOCICLETA,1,0,0,0,0,0,0,0,1,0,0,0,0,2,51,HOMBRE,LESIONADO,PASAJERO,NO,NO,1
29942,122574,122575,2022,1,0,-0.186818,-78.495561,PICHINCHA,QUITO,QUITO,URBANA,2022-04-01,12:50:00,12,VIERNES,5,ABRIL,4,NO,NO CEDER EL DERECHO DE VIA O PREFERENCIA DE PASO AL PEATON.,ATROPELLOS,AUTOMOVIL,1,0,0,0,0,0,0,0,0,0,0,0,0,1,72,HOMBRE,LESIONADO,PEATON,NO,NO,1
29943,122578,122579,2022,0,0,-0.252538,-78.546443,PICHINCHA,QUITO,QUITO,URBANA,2022-04-01,14:20:00,14,VIERNES,5,ABRIL,4,NO,"CONDICIONES AMBIENTALES Y/O ATMOSFERICAS (NIEBLA, NEBLINA, GRANIZO, LLUVIA).",OTROS,AUTOMOVIL,1,0,0,0,0,0,0,0,0,0,0,0,0,1,-1,NO IDENTIFICADO,NO IDENTIFICADO,CONDUCTOR AUSENTE,NO,NO,2
29944,122580,122581,2022,0,0,-0.190054,-78.484324,PICHINCHA,QUITO,QUITO,URBANA,2022-04-01,17:15:00,17,VIERNES,5,ABRIL,4,NO,CONDUCIR VEHICULO SUPERANDO LOS LIMITES MAXIMOS DE VELOCIDAD.,CHOQUE LATERAL,MOTOCICLETA,1,0,0,0,0,0,0,0,1,0,0,0,0,2,35,HOMBRE,ILESO,CONDUCTOR PRESENTE,NO,NO,1
29945,122598,122599,2022,1,0,0.006468,-78.440536,PICHINCHA,QUITO,SAN ANTONIO (QUITO),RURAL,2022-04-01,20:25:00,20,VIERNES,5,ABRIL,4,NO,"CONDUCE BAJO LA INFLUENCIA DE ALCOHOL, SUSTANCIAS ESTUPEFACIENTES O PSICOTROPICAS Y/O MEDICAMENTOS.",CHOQUE LATERAL,AUTOMOVIL,2,0,0,0,0,0,0,0,0,0,0,0,0,2,27,HOMBRE,LESIONADO,PASAJERO,NO,NO,3
29946,122599,122600,2022,1,0,-0.101051,-78.412464,PICHINCHA,QUITO,CALDERON (CARAPUNGO),RURAL,2022-04-01,20:30:00,20,VIERNES,5,ABRIL,4,NO,"CONDUCIR DESATENTO A LAS CONDICIONES DE TRANSITO (CELULAR, PANTALLAS DE VIDEO, COMIDA, MAQUILLAJE O CUALQUIER OTRO ELEMENTO DISTRACTOR).",ATROPELLOS,NO IDENTIFICADO,0,0,0,0,0,0,0,0,0,1,0,0,0,1,56,MUJER,LESIONADO,PEATON,NO,SI,3
29947,122603,122604,2022,0,0,-0.205507,-78.511405,PICHINCHA,QUITO,QUITO,URBANA,2022-04-01,21:15:00,21,VIERNES,5,ABRIL,4,NO,"CONDUCE BAJO LA INFLUENCIA DE ALCOHOL, SUSTANCIAS ESTUPEFACIENTES O PSICOTROPICAS Y/O MEDICAMENTOS.",CHOQUE POSTERIOR,CAMIONETA,1,0,0,0,1,0,0,0,0,0,0,0,0,2,69,MUJER,ILESO,CONDUCTOR PRESENTE,NO,NO,1
29948,122609,122610,2022,0,0,-0.218373,-78.388677,PICHINCHA,QUITO,TUMBACO,RURAL,2022-04-02,00:21:00,0,SABADO,6,ABRIL,4,NO,CONDUCIR VEHICULO SUPERANDO LOS LIMITES MAXIMOS DE VELOCIDAD.,ESTRELLAMIENTOS,VEHICULO DEPORTIVO UTILITARIO,0,0,0,0,0,0,0,0,0,0,0,0,1,1,-1,NO IDENTIFICADO,NO IDENTIFICADO,CONDUCTOR AUSENTE,NO,NO,2
29949,122613,122614,2022,0,0,-0.529767,-78.580237,PICHINCHA,MEJIA,ALOASI,RURAL,2022-04-02,03:10:00,3,SABADO,6,ABRIL,4,NO,"CONDUCIR DESATENTO A LAS CONDICIONES DE TRANSITO (CELULAR, PANTALLAS DE VIDEO, COMIDA, MAQUILLAJE O CUALQUIER OTRO ELEMENTO DISTRACTOR).",CHOQUE POSTERIOR,AUTOMOVIL,2,0,0,0,0,0,0,0,0,0,0,0,0,2,27,HOMBRE,ILESO,CONDUCTOR PRESENTE,NO,SI,3
29950,122644,122645,2022,0,0,-0.293843,-78.485761,PICHINCHA,QUITO,CONOCOTO,RURAL,2022-04-02,05:30:00,5,SABADO,6,ABRIL,4,NO,CONDUCIR VEHICULO SUPERANDO LOS LIMITES MAXIMOS DE VELOCIDAD.,ESTRELLAMIENTOS,NO IDENTIFICADO,0,0,0,0,0,0,0,0,0,1,0,0,0,1,-1,NO IDENTIFICADO,NO IDENTIFICADO,CONDUCTOR AUSENTE,NO,NO,2
29951,122649,122650,2022,0,1,-0.289931,-78.520606,PICHINCHA,QUITO,QUITO,URBANA,2022-04-02,06:20:00,6,SABADO,6,ABRIL,4,NO,CONDUCIR VEHICULO SUPERANDO LOS LIMITES MAXIMOS DE VELOCIDAD.,VOLCAMIENTOS,MOTOCICLETA,0,0,0,0,0,0,0,0,1,0,0,0,0,1,22,HOMBRE,FALLECIDO,CONDUCTOR PRESENTE,NO,NO,1
29952,122653,122654,2022,0,0,-0.290028,-78.539032,PICHINCHA,QUITO,QUITO,URBANA,2022-04-02,07:10:00,7,SABADO,6,ABRIL,4,NO,"CONDICIONES AMBIENTALES Y/O ATMOSFERICAS (NIEBLA, NEBLINA, GRANIZO, LLUVIA).",COLISION,CAMION,0,0,0,2,0,0,0,0,0,0,0,0,1,3,55,HOMBRE,ILESO,CONDUCTOR PRESENTE,NO,NO,1
29953,122656,122657,2022,1,0,-0.257103,-78.533257,PICHINCHA,QUITO,QUITO,URBANA,2022-04-02,09:50:00,9,SABADO,6,ABRIL,4,NO,"NO RESPETAR LAS SENIALES REGLAMENTARIAS DE TRANSITO. (PARE, CEDA EL PASO, LUZ ROJA DEL SEMAFORO, ETC).",CHOQUE LATERAL,BICICLETA,1,1,0,0,0,0,0,0,0,0,0,0,0,2,31,MUJER,LESIONADO,CONDUCTOR PRESENTE,NO,NO,1
29954,122665,122666,2022,0,0,-0.115643,-78.453814,PICHINCHA,QUITO,CALDERON (CARAPUNGO),RURAL,2022-04-02,13:00:00,13,SABADO,6,ABRIL,4,NO,"CONDUCE BAJO LA INFLUENCIA DE ALCOHOL, SUSTANCIAS ESTUPEFACIENTES O PSICOTROPICAS Y/O MEDICAMENTOS.",CHOQUE POSTERIOR,AUTOMOVIL,2,0,0,0,0,0,0,0,0,0,0,0,0,2,40,HOMBRE,ILESO,CONDUCTOR PRESENTE,NO,NO,3
29955,122666,122667,2022,0,0,-0.175571,-78.487538,PICHINCHA,QUITO,QUITO,URBANA,2022-04-02,13:15:00,13,SABADO,6,ABRIL,4,NO,"NO RESPETAR LAS SENIALES REGLAMENTARIAS DE TRANSITO. (PARE, CEDA EL PASO, LUZ ROJA DEL SEMAFORO, ETC).",CHOQUE LATERAL,AUTOMOVIL,2,0,0,0,0,0,0,0,0,0,0,0,0,2,23,HOMBRE,ILESO,CONDUCTOR PRESENTE,NO,NO,1
29956,122668,122669,2022,3,0,-0.187607,-78.483064,PICHINCHA,QUITO,QUITO,URBANA,2022-04-02,14:15:00,14,SABADO,6,ABRIL,4,NO,NO CEDER EL DERECHO DE VIA O PREFERENCIA DE PASO AL PEATON.,ATROPELLOS,MOTOCICLETA,0,0,0,0,0,0,0,0,1,0,0,0,0,1,61,MUJER,LESIONADO,PEATON,NO,NO,1
29957,122669,122670,2022,1,0,-0.089185,-78.428042,PICHINCHA,QUITO,CALDERON (CARAPUNGO),RURAL,2022-04-02,15:00:00,15,SABADO,6,ABRIL,4,NO,"CONDUCE BAJO LA INFLUENCIA DE ALCOHOL, SUSTANCIAS ESTUPEFACIENTES O PSICOTROPICAS Y/O MEDICAMENTOS.",CHOQUE LATERAL,MOTOCICLETA,1,0,0,0,0,0,0,0,1,0,0,0,0,2,33,HOMBRE,LESIONADO,CONDUCTOR PRESENTE,NO,NO,3
29958,122679,122680,2022,0,0,-0.230567,-78.533266,PICHINCHA,QUITO,QUITO,URBANA,2022-04-02,18:00:00,18,SABADO,6,ABRIL,4,NO,CONDUCIR VEHICULO SUPERANDO LOS LIMITES MAXIMOS DE VELOCIDAD.,ESTRELLAMIENTOS,AUTOMOVIL,1,0,0,0,0,0,0,0,0,0,0,0,0,1,-1,NO IDENTIFICADO,NO IDENTIFICADO,CONDUCTOR AUSENTE,NO,NO,2
29959,122682,122683,2022,2,0,-0.167934,-78.404536,PICHINCHA,QUITO,TUMBACO,RURAL,2022-04-02,18:09:00,18,SABADO,6,ABRIL,4,NO,"CASO FORTUITO O FUERZA MAYOR (EXPLOSION DE NEUMATICO NUEVO, DERRUMBE, INUNDACION, CAIDA DE PUENTE, ARBOL, PRESENCIA INTEMPESTIVA E IMPREVISTA DE SEMOVIENTES EN LA VIA, ETC.).",VOLCAMIENTOS,MOTOCICLETA,0,0,0,0,0,0,0,0,1,0,0,0,0,1,35,MUJER,LESIONADO,PASAJERO,NO,NO,3
29960,122684,122685,2022,0,1,-0.234276,-78.491495,PICHINCHA,QUITO,QUITO,URBANA,2022-04-02,18:20:00,18,SABADO,6,ABRIL,4,NO,NO TRANSITAR POR LAS ACERAS O ZONAS DE SEGURIDAD DESTINADAS PARA EL EFECTO.,ARROLLAMIENTOS,NO IDENTIFICADO,0,0,0,0,0,0,0,0,0,1,0,0,0,1,37,HOMBRE,FALLECIDO,PEATON,NO,NO,1
29961,122687,122688,2022,0,0,-0.183477,-78.482103,PICHINCHA,QUITO,QUITO,URBANA,2022-04-02,19:00:00,19,SABADO,6,ABRIL,4,NO,NO MANTENER LA DISTANCIA PRUDENCIAL CON RESPECTO AL VEHICULO QUE LE ANTECEDE.,COLISION,VEHICULO DEPORTIVO UTILITARIO,1,0,0,0,0,0,0,0,0,0,0,0,2,3,33,HOMBRE,ILESO,CONDUCTOR PRESENTE,NO,NO,1
29962,122702,122703,2022,0,1,-0.304478,-78.477536,PICHINCHA,QUITO,CONOCOTO,RURAL,2022-04-02,22:25:00,22,SABADO,6,ABRIL,4,NO,CONDUCIR VEHICULO SUPERANDO LOS LIMITES MAXIMOS DE VELOCIDAD.,PERDIDA DE CARRIL,MOTOCICLETA,0,0,0,0,0,0,0,0,1,0,0,0,0,1,28,HOMBRE,FALLECIDO,PASAJERO,SI,NO,3
29963,122703,122704,2022,1,1,-0.031763,-78.453469,PICHINCHA,QUITO,POMASQUI,RURAL,2022-04-02,22:25:01,22,SABADO,6,ABRIL,4,NO,CONDUCIR VEHICULO SUPERANDO LOS LIMITES MAXIMOS DE VELOCIDAD.,ESTRELLAMIENTOS,VEHICULO DEPORTIVO UTILITARIO,3,0,0,0,0,0,0,0,0,0,0,0,1,4,41,HOMBRE,FALLECIDO,PEATON,NO,SI,3
29964,122708,122709,2022,0,0,-0.315921,-78.549367,PICHINCHA,QUITO,QUITO,URBANA,2022-04-02,22:55:00,22,SABADO,6,ABRIL,4,NO,"CONDUCE BAJO LA INFLUENCIA DE ALCOHOL, SUSTANCIAS ESTUPEFACIENTES O PSICOTROPICAS Y/O MEDICAMENTOS.",CHOQUE LATERAL,MOTOCICLETA,0,0,0,0,0,0,0,0,2,0,0,0,0,2,27,HOMBRE,ILESO,CONDUCTOR PRESENTE,NO,NO,1
29965,122710,122711,2022,0,0,-0.204078,-78.488903,PICHINCHA,QUITO,QUITO,RURAL,2022-04-02,23:30:00,23,SABADO,6,ABRIL,4,NO,CONDUCIR VEHICULO SUPERANDO LOS LIMITES MAXIMOS DE VELOCIDAD.,OTROS,AUTOMOVIL,1,0,0,0,0,0,0,0,0,0,0,0,0,1,-1,NO IDENTIFICADO,NO IDENTIFICADO,CONDUCTOR AUSENTE,NO,NO,2