,Unnamed: 0,ID,ANIO,LESIONADOS,FALLECIDOS,LATITUD_Y,LONGITUD_X,PROVINCIA,CANTON,PARROQUIA,ZONA,FECHA,HORA,PERIODO_2,DIA_1,DIA_2,MES_1,MES_2,FERIADO,CAUSA_PROBABLE,TIPO_DE_SINIESTRO,TIPO_DE_VEHICULO_1,AUTOMOVIL,BICICLETA,BUS,CAMION,CAMIONETA,EMERGENCIAS,ESPECIAL,FURGONETA,MOTOCICLETA,NO_IDENTIFICADO,SCOOTER_ELECTRICO,TRICIMOTO,VEHICULO_DEPORTIVO_UTILITARIO,SUMA_DE_VEHICULOS,EDAD_1,SEXO_1,CONDICION_1,PARTICIPANTE_1,CASCO_1,CINTURON_1,KMeans_Cluster
29966,122714,122715,2022,0,0,-0.332947,-78.563305,PICHINCHA,QUITO,QUITO,URBANA,2022-04-03,00:10:00,0,DOMINGO,7,ABRIL,4,NO,CONDUCIR VEHICULO SUPERANDO LOS LIMITES MAXIMOS DE VELOCIDAD.,OTROS,AUTOMOVIL,1,0,0,0,0,0,0,0,0,0,0,0,0,1,-1,NO IDENTIFICADO,NO IDENTIFICADO,CONDUCTOR AUSENTE,NO,NO,2
29967,122718,122719,2022,1,0,-0.346441,-78.554596,PICHINCHA,QUITO,QUITO,URBANA,2022-04-03,01:10:00,1,DOMINGO,7,ABRIL,4,NO,"CONDUCE BAJO LA INFLUENCIA DE ALCOHOL, SUSTANCIAS ESTUPEFACIENTES O PSICOTROPICAS Y/O MEDICAMENTOS.",CHOQUE LATERAL,AUTOMOVIL,2,0,0,0,0,0,0,0,0,0,0,0,0,2,22,MUJER,LESIONADO,CONDUCTOR PRESENTE,NO,NO,1
29968,122719,122720,2022,0,1,-0.027141,-78.260761,PICHINCHA,CAYAMBE,OTON,RURAL,2022-04-03,01:20:00,1,DOMINGO,7,ABRIL,4,NO,"CONDUCIR DESATENTO A LAS CONDICIONES DE TRANSITO (CELULAR, PANTALLAS DE VIDEO, COMIDA, MAQUILLAJE O CUALQUIER OTRO ELEMENTO DISTRACTOR).",ATROPELLOS,NO IDENTIFICADO,0,0,0,0,0,0,0,0,0,1,0,0,0,1,27,HOMBRE,FALLECIDO,PEATON,NO,SI,3
29969,122720,122721,2022,0,0,-0.353058,-78.549733,PICHINCHA,QUITO,QUITO,URBANA,2022-04-03,01:30:00,1,DOMINGO,7,ABRIL,4,NO,"FALLA MECANICA EN LOS SISTEMAS Y/O NEUMATICOS (SISTEMA DE FRENOS, DIRECCION, ELECTRONICO O MECANICO).",ESTRELLAMIENTOS,CAMIONETA,0,0,0,0,1,0,0,0,0,0,0,0,0,1,48,HOMBRE,ILESO,CONDUCTOR PRESENTE,NO,NO,1
29970,122723,122724,2022,1,0,-0.128431,-78.487341,PICHINCHA,QUITO,QUITO,URBANA,2022-04-03,02:45:00,2,DOMINGO,7,ABRIL,4,NO,"FALLA MECANICA EN LOS SISTEMAS Y/O NEUMATICOS (SISTEMA DE FRENOS, DIRECCION, ELECTRONICO O MECANICO).",ESTRELLAMIENTOS,AUTOMOVIL,1,0,0,0,0,0,0,0,0,0,0,0,0,1,40,HOMBRE,LESIONADO,CONDUCTOR PRESENTE,NO,NO,1
29971,122734,122735,2022,0,0,-0.101321,-78.480167,PICHINCHA,QUITO,QUITO,URBANA,2022-04-03,05:20:00,5,DOMINGO,7,ABRIL,4,NO,CONDUCIR VEHICULO SUPERANDO LOS LIMITES MAXIMOS DE VELOCIDAD.,PERDIDA DE CARRIL,CAMIONETA,0,0,0,0,1,0,0,0,0,0,0,0,0,1,30,HOMBRE,ILESO,CONDUCTOR PRESENTE,NO,NO,1
29972,122737,122738,2022,1,1,-0.158271,-78.485444,PICHINCHA,QUITO,QUITO,URBANA,2022-04-03,06:00:00,6,DOMINGO,7,ABRIL,4,NO,CONDUCIR VEHICULO SUPERANDO LOS LIMITES MAXIMOS DE VELOCIDAD.,PERDIDA DE CARRIL,AUTOMOVIL,1,0,0,0,0,0,0,0,0,0,0,0,0,1,32,HOMBRE,FALLECIDO,CONDUCTOR PRESENTE,NO,NO,1
29973,122738,122739,2022,0,0,-0.193985,-78.495689,PICHINCHA,QUITO,QUITO,URBANA,2022-04-03,06:00:00,6,DOMINGO,7,ABRIL,4,NO,NO CEDER EL DERECHO DE VIA O PREFERENCIA DE PASO A VEHICULOS.,CHOQUE LATERAL,AUTOMOVIL,2,0,0,0,0,0,0,0,0,0,0,0,0,2,26,HOMBRE,ILESO,CONDUCTOR PRESENTE,NO,NO,1
29974,122741,122742,2022,0,0,-0.103704,-78.495753,PICHINCHA,QUITO,QUITO,URBANA,2022-04-03,06:35:00,6,DOMINGO,7,ABRIL,4,NO,CONDUCIR VEHICULO SUPERANDO LOS LIMITES MAXIMOS DE VELOCIDAD.,ESTRELLAMIENTOS,NO IDENTIFICADO,0,0,0,0,0,0,0,0,0,1,0,0,0,1,-1,NO IDENTIFICADO,NO IDENTIFICADO,CONDUCTOR AUSENTE,NO,NO,2
29975,122743,122744,2022,0,0,-0.254278,-78.504069,PICHINCHA,QUITO,QUITO,URBANA,2022-04-03,06:45:00,6,DOMINGO,7,ABRIL,4,NO,CONDUCIR VEHICULO SUPERANDO LOS LIMITES MAXIMOS DE VELOCIDAD.,ESTRELLAMIENTOS,AUTOMOVIL,1,0,0,0,0,0,0,0,0,0,0,0,0,1,-1,NO IDENTIFICADO,NO IDENTIFICADO,CONDUCTOR AUSENTE,NO,NO,2
29976,122748,122749,2022,2,0,-0.256675,-78.484997,PICHINCHA,QUITO,CONOCOTO,RURAL,2022-04-03,07:40:00,7,DOMINGO,7,ABRIL,4,NO,"CONDUCE BAJO LA INFLUENCIA DE ALCOHOL, SUSTANCIAS ESTUPEFACIENTES O PSICOTROPICAS Y/O MEDICAMENTOS.",PERDIDA DE CARRIL,AUTOMOVIL,1,0,0,0,0,0,0,0,0,0,0,0,0,1,22,MUJER,LESIONADO,CONDUCTOR PRESENTE,NO,SI,3
29977,122752,122753,2022,1,0,-0.272781,-78.547763,PICHINCHA,QUITO,QUITO,URBANA,2022-04-03,09:40:00,9,DOMINGO,7,ABRIL,4,NO,CONDUCIR VEHICULO SUPERANDO LOS LIMITES MAXIMOS DE VELOCIDAD.,ESTRELLAMIENTOS,AUTOMOVIL,2,0,0,0,0,0,0,0,0,0,0,0,0,2,77,HOMBRE,LESIONADO,PASAJERO,NO,NO,1
29978,122768,122769,2022,0,0,-0.005475,-78.445944,PICHINCHA,QUITO,SAN ANTONIO (QUITO),RURAL,2022-04-03,16:45:00,16,DOMINGO,7,ABRIL,4,NO,REALIZAR CAMBIO BRUSCO O INDEBIDO DE CARRIL.,CHOQUE LATERAL,MOTOCICLETA,1,0,0,0,0,0,0,0,1,0,0,0,0,2,23,HOMBRE,ILESO,CONDUCTOR PRESENTE,NO,NO,3
29979,122769,122770,2022,1,0,-0.221121,-78.520752,PICHINCHA,QUITO,QUITO,URBANA,2022-04-03,17:00:00,17,DOMINGO,7,ABRIL,4,NO,NO TRANSITAR POR LAS ACERAS O ZONAS DE SEGURIDAD DESTINADAS PARA EL EFECTO.,ATROPELLOS,AUTOMOVIL,1,0,0,0,0,0,0,0,0,0,0,0,0,1,82,MUJER,LESIONADO,PEATON,NO,NO,1
29980,122789,122790,2022,1,1,-0.110385,-78.298708,PICHINCHA,QUITO,EL QUINCHE,RURAL,2022-04-03,20:30:00,20,DOMINGO,7,ABRIL,4,NO,"CONDUCIR DESATENTO A LAS CONDICIONES DE TRANSITO (CELULAR, PANTALLAS DE VIDEO, COMIDA, MAQUILLAJE O CUALQUIER OTRO ELEMENTO DISTRACTOR).",CHOQUE LATERAL,CAMION,0,0,0,1,0,0,0,0,1,0,0,0,0,2,18,HOMBRE,FALLECIDO,PASAJERO,NO,SI,3
29981,122792,122793,2022,0,0,-0.331952,-78.555122,PICHINCHA,QUITO,QUITO,URBANA,2022-04-03,21:30:00,21,DOMINGO,7,ABRIL,4,NO,"NO RESPETAR LAS SENIALES REGLAMENTARIAS DE TRANSITO. (PARE, CEDA EL PASO, LUZ ROJA DEL SEMAFORO, ETC).",CHOQUE LATERAL,AUTOMOVIL,2,0,0,0,0,0,0,0,0,0,0,0,0,2,40,HOMBRE,ILESO,CONDUCTOR PRESENTE,NO,NO,1
29982,122801,122802,2022,2,0,-0.145071,-78.491591,PICHINCHA,QUITO,QUITO,URBANA,2022-04-04,07:45:00,7,LUNES,1,ABRIL,4,NO,"NO RESPETAR LAS SENIALES REGLAMENTARIAS DE TRANSITO. (PARE, CEDA EL PASO, LUZ ROJA DEL SEMAFORO, ETC).",CHOQUE LATERAL,VEHICULO DEPORTIVO UTILITARIO,1,0,0,0,0,0,0,0,0,0,0,0,1,2,42,MUJER,LESIONADO,PASAJERO,NO,NO,1
29983,122818,122819,2022,0,0,-0.241646,-78.532265,PICHINCHA,QUITO,QUITO,URBANA,2022-04-04,15:30:00,15,LUNES,1,ABRIL,4,NO,"NO RESPETAR LAS SENIALES REGLAMENTARIAS DE TRANSITO. (PARE, CEDA EL PASO, LUZ ROJA DEL SEMAFORO, ETC).",ESTRELLAMIENTOS,CAMION,1,0,0,1,0,0,0,0,0,0,0,0,0,2,-1,NO IDENTIFICADO,NO IDENTIFICADO,CONDUCTOR AUSENTE,NO,NO,2
29984,122819,122820,2022,0,0,-0.264243,-78.550003,PICHINCHA,QUITO,QUITO,URBANA,2022-04-04,16:15:00,16,LUNES,1,ABRIL,4,NO,"NO RESPETAR LAS SENIALES REGLAMENTARIAS DE TRANSITO. (PARE, CEDA EL PASO, LUZ ROJA DEL SEMAFORO, ETC).",CHOQUE LATERAL,CAMIONETA,1,0,0,0,1,0,0,0,0,0,0,0,0,2,22,HOMBRE,ILESO,CONDUCTOR PRESENTE,NO,NO,1
29985,122829,122830,2022,1,0,-0.296351,-78.528205,PICHINCHA,QUITO,QUITO,URBANA,2022-04-04,18:30:00,18,LUNES,1,ABRIL,4,NO,CONDUCIR VEHICULO SUPERANDO LOS LIMITES MAXIMOS DE VELOCIDAD.,PERDIDA DE CARRIL,MOTOCICLETA,0,0,0,0,0,0,0,0,1,0,0,0,0,1,30,HOMBRE,LESIONADO,PASAJERO,NO,NO,1
29986,122831,122832,2022,1,0,-0.302511,-78.559074,PICHINCHA,QUITO,QUITO,URBANA,2022-04-04,18:40:00,18,LUNES,1,ABRIL,4,NO,"NO RESPETAR LAS SENIALES REGLAMENTARIAS DE TRANSITO. (PARE, CEDA EL PASO, LUZ ROJA DEL SEMAFORO, ETC).",CHOQUE LATERAL,BUS,0,0,1,0,0,0,0,0,1,0,0,0,0,2,23,HOMBRE,LESIONADO,CONDUCTOR PRESENTE,NO,NO,1
29987,122843,122844,2022,0,0,-0.046733,-78.446307,PICHINCHA,QUITO,POMASQUI,RURAL,2022-04-04,22:15:00,22,LUNES,1,ABRIL,4,NO,CONDUCIR VEHICULO SUPERANDO LOS LIMITES MAXIMOS DE VELOCIDAD.,CHOQUE POSTERIOR,AUTOMOVIL,2,0,0,0,0,0,0,0,0,0,0,0,0,2,32,MUJER,ILESO,PASAJERO,NO,NO,3
29988,122847,122848,2022,0,0,-0.116239,-78.494363,PICHINCHA,QUITO,QUITO,URBANA,2022-04-05,01:50:00,1,MARTES,2,ABRIL,4,NO,CONDUCIR VEHICULO SUPERANDO LOS LIMITES MAXIMOS DE VELOCIDAD.,ESTRELLAMIENTOS,AUTOMOVIL,1,0,0,0,0,0,0,0,0,0,0,0,0,1,-1,NO IDENTIFICADO,NO IDENTIFICADO,CONDUCTOR AUSENTE,NO,NO,2
29989,122849,122850,2022,0,0,-0.238769,-78.524795,PICHINCHA,QUITO,QUITO,URBANA,2022-04-05,06:15:00,6,MARTES,2,ABRIL,4,NO,"NO RESPETAR LAS SENIALES REGLAMENTARIAS DE TRANSITO. (PARE, CEDA EL PASO, LUZ ROJA DEL SEMAFORO, ETC).",CHOQUE LATERAL,AUTOMOVIL,2,0,0,0,0,0,0,0,0,0,0,0,0,2,40,MUJER,ILESO,CONDUCTOR PRESENTE,NO,NO,1
29990,122850,122851,2022,2,0,0.081941,-78.193488,PICHINCHA,PEDRO MONCAYO,TUPIGACHI,RURAL,2022-04-05,06:37:00,6,MARTES,2,ABRIL,4,NO,"NO RESPETAR LAS SENIALES REGLAMENTARIAS DE TRANSITO. (PARE, CEDA EL PASO, LUZ ROJA DEL SEMAFORO, ETC).",ESTRELLAMIENTOS,VEHICULO DEPORTIVO UTILITARIO,0,0,0,0,0,0,0,0,0,0,0,0,1,1,22,HOMBRE,LESIONADO,PASAJERO,NO,SI,3
29991,122857,122858,2022,2,1,-0.237021,-78.485853,PICHINCHA,QUITO,QUITO,URBANA,2022-04-05,12:20:00,12,MARTES,2,ABRIL,4,NO,"MAL ESTACIONADO - EL CONDUCTOR QUE DETENGA O ESTACIONE VEHICULOS EN SITIOS O ZONAS QUE ENTRANIEN PELIGRO, TALES COMO ZONA DE SEGURIDAD, CURVAS, PUENTES, TUNELES, PENDIENTES.",OTROS,AUTOMOVIL,2,0,0,0,0,0,0,0,0,0,0,0,0,2,75,HOMBRE,FALLECIDO,PEATON,NO,NO,1
29992,122863,122864,2022,0,0,-0.175576,-78.487548,PICHINCHA,QUITO,QUITO,URBANA,2022-04-05,14:49:00,14,MARTES,2,ABRIL,4,NO,"CONDICIONES AMBIENTALES Y/O ATMOSFERICAS (NIEBLA, NEBLINA, GRANIZO, LLUVIA).",CHOQUE LATERAL,AUTOMOVIL,2,0,0,0,0,0,0,0,0,0,0,0,0,2,33,HOMBRE,ILESO,CONDUCTOR PRESENTE,NO,NO,1
29993,122864,122865,2022,1,0,-0.207757,-78.495403,PICHINCHA,QUITO,QUITO,URBANA,2022-04-05,15:20:00,15,MARTES,2,ABRIL,4,NO,CONDUCIR VEHICULO SUPERANDO LOS LIMITES MAXIMOS DE VELOCIDAD.,ESTRELLAMIENTOS,AUTOMOVIL,3,0,0,0,0,0,0,0,0,0,0,0,0,3,21,HOMBRE,LESIONADO,CONDUCTOR PRESENTE,NO,NO,1
29994,122865,122866,2022,0,0,-0.223481,-78.512412,PICHINCHA,QUITO,QUITO,URBANA,2022-04-05,16:20:00,16,MARTES,2,ABRIL,4,NO,"CONDICIONES AMBIENTALES Y/O ATMOSFERICAS (NIEBLA, NEBLINA, GRANIZO, LLUVIA).",ROZAMIENTOS,BUS,1,0,1,0,0,0,0,0,0,0,0,0,0,2,25,HOMBRE,ILESO,CONDUCTOR PRESENTE,NO,NO,1
29995,122867,122868,2022,1,0,-0.162717,-78.486853,PICHINCHA,QUITO,QUITO,URBANA,2022-04-05,16:35:00,16,MARTES,2,ABRIL,4,NO,DEJAR O RECOGER PASAJEROS EN LUGARES NO PERMITIDOS.,CAIDA DE PASAJERO,BUS,0,0,1,0,0,0,0,0,0,0,0,0,0,1,47,HOMBRE,LESIONADO,PASAJERO,NO,NO,1
29996,122881,122882,2022,0,0,-0.163278,-78.462774,PICHINCHA,QUITO,QUITO,URBANA,2022-04-06,01:30:00,1,MIERCOLES,3,ABRIL,4,NO,"FALLA MECANICA EN LOS SISTEMAS Y/O NEUMATICOS (SISTEMA DE FRENOS, DIRECCION, ELECTRONICO O MECANICO).",ESTRELLAMIENTOS,AUTOMOVIL,1,0,0,0,0,0,0,0,0,0,0,0,0,1,63,HOMBRE,ILESO,CONDUCTOR PRESENTE,NO,NO,1
29997,122892,122893,2022,1,0,-0.293426,-78.570636,PICHINCHA,QUITO,QUITO,URBANA,2022-04-06,12:40:00,12,MIERCOLES,3,ABRIL,4,NO,PEATON QUE CRUZA LA CALZADA SIN RESPETAR LA SENIALIZACION EXISTENTE (SEMAFOROS O SENIALES MANUALES).,ATROPELLOS,VEHICULO DEPORTIVO UTILITARIO,0,0,0,0,0,0,0,0,0,0,0,0,1,1,14,MUJER,LESIONADO,PEATON,NO,NO,1
29998,122893,122894,2022,2,0,-0.109104,-78.458765,PICHINCHA,QUITO,CALDERON (CARAPUNGO),URBANA,2022-04-06,13:28:00,13,MIERCOLES,3,ABRIL,4,NO,REALIZAR CAMBIO BRUSCO O INDEBIDO DE CARRIL.,CHOQUE LATERAL,MOTOCICLETA,0,0,0,0,1,0,0,0,1,0,0,0,0,2,36,MUJER,LESIONADO,PASAJERO,NO,NO,1
29999,122896,122897,2022,0,0,-0.127217,-78.471487,PICHINCHA,QUITO,QUITO,URBANA,2022-04-06,14:40:00,14,MIERCOLES,3,ABRIL,4,NO,"CONDUCIR DESATENTO A LAS CONDICIONES DE TRANSITO (CELULAR, PANTALLAS DE VIDEO, COMIDA, MAQUILLAJE O CUALQUIER OTRO ELEMENTO DISTRACTOR).",CHOQUE POSTERIOR,FURGONETA,0,0,0,0,0,0,0,1,0,0,0,0,1,2,45,HOMBRE,ILESO,CONDUCTOR PRESENTE,NO,NO,1
30000,122897,122898,2022,0,0,-0.003379,-78.440424,PICHINCHA,QUITO,SAN ANTONIO (QUITO),RURAL,2022-04-06,15:25:00,15,MIERCOLES,3,ABRIL,4,NO,"FALLA MECANICA EN LOS SISTEMAS Y/O NEUMATICOS (SISTEMA DE FRENOS, DIRECCION, ELECTRONICO O MECANICO).",ESTRELLAMIENTOS,VEHICULO DEPORTIVO UTILITARIO,0,0,0,0,0,0,0,0,0,0,0,0,1,1,36,MUJER,ILESO,PASAJERO,NO,NO,3
30001,122905,122906,2022,2,0,-0.345155,-78.557618,PICHINCHA,QUITO,QUITO,URBANA,2022-04-06,20:15:00,20,MIERCOLES,3,ABRIL,4,NO,"CONDICIONES AMBIENTALES Y/O ATMOSFERICAS (NIEBLA, NEBLINA, GRANIZO, LLUVIA).",CHOQUE LATERAL,VEHICULO DEPORTIVO UTILITARIO,1,0,0,0,0,0,0,0,0,0,0,0,1,2,10,HOMBRE,LESIONADO,PASAJERO,NO,NO,1
30002,122908,122909,2022,2,0,-0.187263,-78.487626,PICHINCHA,QUITO,QUITO,URBANA,2022-04-06,21:20:00,21,MIERCOLES,3,ABRIL,4,NO,"NO RESPETAR LAS SENIALES REGLAMENTARIAS DE TRANSITO. (PARE, CEDA EL PASO, LUZ ROJA DEL SEMAFORO, ETC).",CHOQUE LATERAL,AUTOMOVIL,2,0,0,0,0,0,0,0,0,0,0,0,0,2,72,HOMBRE,LESIONADO,CONDUCTOR PRESENTE,NO,NO,1
30003,122909,122910,2022,0,0,-0.314533,-78.558323,PICHINCHA,QUITO,QUITO,URBANA,2022-04-06,22:12:00,22,MIERCOLES,3,ABRIL,4,NO,"CONDUCE BAJO LA INFLUENCIA DE ALCOHOL, SUSTANCIAS ESTUPEFACIENTES O PSICOTROPICAS Y/O MEDICAMENTOS.",CHOQUE POSTERIOR,AUTOMOVIL,2,0,0,0,0,0,0,0,0,0,0,0,0,2,46,HOMBRE,ILESO,PASAJERO,NO,NO,1
30004,122911,122912,2022,0,0,-0.175457,-78.501514,PICHINCHA,QUITO,QUITO,URBANA,2022-04-06,23:45:00,23,MIERCOLES,3,ABRIL,4,NO,CONDUCIR VEHICULO SUPERANDO LOS LIMITES MAXIMOS DE VELOCIDAD.,CHOQUE POSTERIOR,VEHICULO DEPORTIVO UTILITARIO,1,0,0,0,0,0,0,0,0,0,0,0,1,2,56,HOMBRE,ILESO,CONDUCTOR PRESENTE,NO,NO,1
30005,122912,122913,2022,0,1,-0.304714,-78.416503,PICHINCHA,QUITO,ALANGASI,RURAL,2022-04-06,23:45:00,23,MIERCOLES,3,ABRIL,4,NO,"CONDUCE BAJO LA INFLUENCIA DE ALCOHOL, SUSTANCIAS ESTUPEFACIENTES O PSICOTROPICAS Y/O MEDICAMENTOS.",CHOQUE FRONTAL,MOTOCICLETA,1,0,0,0,0,0,0,0,1,0,0,0,0,2,36,HOMBRE,FALLECIDO,CONDUCTOR PRESENTE,SI,NO,3
30006,122922,122923,2022,0,0,-0.097474,-78.476192,PICHINCHA,QUITO,QUITO,URBANA,2022-04-07,07:30:00,7,JUEVES,4,ABRIL,4,NO,NO CEDER EL DERECHO DE VIA O PREFERENCIA DE PASO A VEHICULOS.,CHOQUE LATERAL,VEHICULO DEPORTIVO UTILITARIO,1,0,0,0,0,0,0,0,0,0,0,0,1,2,43,HOMBRE,ILESO,CONDUCTOR PRESENTE,NO,NO,1
30007,122925,122926,2022,0,0,-0.244674,-78.496474,PICHINCHA,QUITO,QUITO,URBANA,2022-04-07,08:40:00,8,JUEVES,4,ABRIL,4,NO,NO MANTENER LA DISTANCIA PRUDENCIAL CON RESPECTO AL VEHICULO QUE LE ANTECEDE.,CHOQUE POSTERIOR,CAMIONETA,1,0,0,0,1,0,0,0,0,0,0,0,0,2,69,HOMBRE,ILESO,CONDUCTOR PRESENTE,NO,NO,1
30008,122928,122929,2022,1,0,0.040055,-78.147901,PICHINCHA,CAYAMBE,CAYAMBE,URBANA,2022-04-07,10:10:00,10,JUEVES,4,ABRIL,4,NO,"NO RESPETAR LAS SENIALES REGLAMENTARIAS DE TRANSITO. (PARE, CEDA EL PASO, LUZ ROJA DEL SEMAFORO, ETC).",CHOQUE LATERAL,MOTOCICLETA,0,0,0,0,1,0,0,0,1,0,0,0,0,2,25,HOMBRE,LESIONADO,CONDUCTOR PRESENTE,NO,SI,1
30009,122929,122930,2022,0,0,-0.118178,-78.496469,PICHINCHA,QUITO,QUITO,URBANA,2022-04-07,10:10:00,10,JUEVES,4,ABRIL,4,NO,NO MANTENER LA DISTANCIA PRUDENCIAL CON RESPECTO AL VEHICULO QUE LE ANTECEDE.,CHOQUE POSTERIOR,AUTOMOVIL,2,0,0,0,0,0,0,0,0,0,0,0,0,2,44,HOMBRE,ILESO,CONDUCTOR PRESENTE,NO,NO,1
30010,122930,122931,2022,0,0,-0.165076,-78.478881,PICHINCHA,QUITO,QUITO,URBANA,2022-04-07,11:40:00,11,JUEVES,4,ABRIL,4,NO,"NO RESPETAR LAS SENIALES REGLAMENTARIAS DE TRANSITO. (PARE, CEDA EL PASO, LUZ ROJA DEL SEMAFORO, ETC).",CHOQUE LATERAL,MOTOCICLETA,1,0,0,0,0,0,0,0,1,0,0,0,0,2,36,HOMBRE,ILESO,CONDUCTOR PRESENTE,NO,NO,1
30011,122932,122933,2022,1,0,-0.265602,-78.541417,PICHINCHA,QUITO,QUITO,URBANA,2022-04-07,12:20:00,12,JUEVES,4,ABRIL,4,NO,"NO RESPETAR LAS SENIALES REGLAMENTARIAS DE TRANSITO. (PARE, CEDA EL PASO, LUZ ROJA DEL SEMAFORO, ETC).",OTROS,MOTOCICLETA,0,0,0,0,0,0,0,0,1,1,0,0,0,2,19,HOMBRE,LESIONADO,CONDUCTOR PRESENTE,NO,NO,1
30012,122935,122936,2022,1,0,-0.239591,-78.485297,PICHINCHA,QUITO,QUITO,URBANA,2022-04-07,13:20:00,13,JUEVES,4,ABRIL,4,NO,CONDUCIR VEHICULO SUPERANDO LOS LIMITES MAXIMOS DE VELOCIDAD.,COLISION,BUS,1,0,1,0,1,0,0,0,0,0,0,0,0,3,42,MUJER,LESIONADO,CONDUCTOR PRESENTE,NO,NO,1
30013,122939,122940,2022,1,0,-0.197261,-78.500126,PICHINCHA,QUITO,QUITO,URBANA,2022-04-07,14:44:00,14,JUEVES,4,ABRIL,4,NO,"NO RESPETAR LAS SENIALES REGLAMENTARIAS DE TRANSITO. (PARE, CEDA EL PASO, LUZ ROJA DEL SEMAFORO, ETC).",CHOQUE LATERAL,MOTOCICLETA,0,0,0,0,0,0,0,0,1,0,0,0,1,2,26,HOMBRE,LESIONADO,CONDUCTOR PRESENTE,NO,NO,1
30014,122942,122943,2022,0,1,-0.283188,-78.466141,PICHINCHA,QUITO,CONOCOTO,RURAL,2022-04-07,16:30:00,16,JUEVES,4,ABRIL,4,NO,NO TRANSITAR POR LAS ACERAS O ZONAS DE SEGURIDAD DESTINADAS PARA EL EFECTO.,ATROPELLOS,CAMION,0,0,0,1,0,0,0,0,0,0,0,0,0,1,90,MUJER,FALLECIDO,PEATON,NO,NO,3
30015,122954,122955,2022,0,0,-0.264366,-78.549858,PICHINCHA,QUITO,QUITO,URBANA,2022-04-07,21:15:00,21,JUEVES,4,ABRIL,4,NO,CONDUCIR VEHICULO SUPERANDO LOS LIMITES MAXIMOS DE VELOCIDAD.,OTROS,NO IDENTIFICADO,0,0,0,0,0,0,0,0,0,1,0,0,0,1,-1,NO IDENTIFICADO,NO IDENTIFICADO,CONDUCTOR AUSENTE,NO,NO,2
30016,122957,122958,2022,0,0,-0.159586,-78.477218,PICHINCHA,QUITO,QUITO,URBANA,2022-04-07,21:50:00,21,JUEVES,4,ABRIL,4,NO,"NO RESPETAR LAS SENIALES REGLAMENTARIAS DE TRANSITO. (PARE, CEDA EL PASO, LUZ ROJA DEL SEMAFORO, ETC).",CHOQUE LATERAL,VEHICULO DEPORTIVO UTILITARIO,0,0,0,0,0,0,0,0,0,1,0,0,1,2,42,HOMBRE,ILESO,CONDUCTOR PRESENTE,NO,NO,1
30017,122960,122961,2022,2,0,-0.175553,-78.480736,PICHINCHA,QUITO,QUITO,URBANA,2022-04-07,22:30:00,22,JUEVES,4,ABRIL,4,NO,NO TRANSITAR POR LAS ACERAS O ZONAS DE SEGURIDAD DESTINADAS PARA EL EFECTO.,ATROPELLOS,MOTOCICLETA,0,0,0,0,0,0,0,0,1,0,0,0,0,1,37,HOMBRE,LESIONADO,PEATON,NO,NO,1
30018,122963,122964,2022,0,0,-0.240286,-78.531224,PICHINCHA,QUITO,QUITO,URBANA,2022-04-07,23:15:00,23,JUEVES,4,ABRIL,4,NO,"CONDUCE BAJO LA INFLUENCIA DE ALCOHOL, SUSTANCIAS ESTUPEFACIENTES O PSICOTROPICAS Y/O MEDICAMENTOS.",CHOQUE POSTERIOR,AUTOMOVIL,2,0,0,0,0,0,0,0,0,0,0,0,0,2,2,MUJER,ILESO,PASAJERO,NO,NO,1
30019,122967,122968,2022,0,0,-0.228807,-78.445485,PICHINCHA,QUITO,CUMBAYA,RURAL,2022-04-08,00:30:00,0,VIERNES,5,ABRIL,4,NO,CONDUCIR VEHICULO SUPERANDO LOS LIMITES MAXIMOS DE VELOCIDAD.,ESTRELLAMIENTOS,CAMIONETA,0,0,0,0,1,0,0,0,0,0,0,0,0,1,-1,NO IDENTIFICADO,NO IDENTIFICADO,CONDUCTOR AUSENTE,NO,NO,2
30020,122968,122969,2022,0,0,-0.405605,-78.806179,PICHINCHA,MEJIA,MANUEL CORNEJO ASTORGA,RURAL,2022-04-08,01:20:00,1,VIERNES,5,ABRIL,4,NO,NO MANTENER LA DISTANCIA PRUDENCIAL CON RESPECTO AL VEHICULO QUE LE ANTECEDE.,COLISION,CAMION,0,0,0,3,0,0,0,0,0,0,0,0,0,3,-1,HOMBRE,ILESO,CONDUCTOR PRESENTE,NO,SI,3
30021,122971,122972,2022,1,0,-0.189618,-78.501491,PICHINCHA,QUITO,QUITO,URBANA,2022-04-08,02:30:00,2,VIERNES,5,ABRIL,4,NO,"CONDUCE BAJO LA INFLUENCIA DE ALCOHOL, SUSTANCIAS ESTUPEFACIENTES O PSICOTROPICAS Y/O MEDICAMENTOS.",CHOQUE LATERAL,AUTOMOVIL,2,0,0,0,0,0,0,0,0,0,0,0,0,2,33,HOMBRE,LESIONADO,CONDUCTOR PRESENTE,NO,NO,1
30022,122983,122984,2022,1,0,-0.283686,-78.517784,PICHINCHA,QUITO,QUITO,URBANA,2022-04-08,08:11:00,8,VIERNES,5,ABRIL,4,NO,NO GUARDAR LA DISTANCIA LATERAL MINIMA DE SEGURIDAD ENTRE VEHICULOS.,ROZAMIENTOS,MOTOCICLETA,0,0,0,0,0,0,0,0,1,1,0,0,0,2,20,HOMBRE,LESIONADO,CONDUCTOR PRESENTE,NO,NO,1