,Unnamed: 0,ID,ANIO,LESIONADOS,FALLECIDOS,LATITUD_Y,LONGITUD_X,PROVINCIA,CANTON,PARROQUIA,ZONA,FECHA,HORA,PERIODO_2,DIA_1,DIA_2,MES_1,MES_2,FERIADO,CAUSA_PROBABLE,TIPO_DE_SINIESTRO,TIPO_DE_VEHICULO_1,AUTOMOVIL,BICICLETA,BUS,CAMION,CAMIONETA,EMERGENCIAS,ESPECIAL,FURGONETA,MOTOCICLETA,NO_IDENTIFICADO,SCOOTER_ELECTRICO,TRICIMOTO,VEHICULO_DEPORTIVO_UTILITARIO,SUMA_DE_VEHICULOS,EDAD_1,SEXO_1,CONDICION_1,PARTICIPANTE_1,CASCO_1,CINTURON_1,KMeans_Cluster
30023,122985,122986,2022,1,0,-0.232312,-78.513954,PICHINCHA,QUITO,QUITO,URBANA,2022-04-08,09:40:00,9,VIERNES,5,ABRIL,4,NO,"NO RESPETAR LAS SENIALES REGLAMENTARIAS DE TRANSITO. (PARE, CEDA EL PASO, LUZ ROJA DEL SEMAFORO, ETC).",CHOQUE LATERAL,MOTOCICLETA,1,0,0,0,0,0,0,0,1,0,0,0,0,2,30,HOMBRE,LESIONADO,CONDUCTOR PRESENTE,NO,NO,1
30024,122992,122993,2022,0,0,-0.103808,-78.495098,PICHINCHA,QUITO,QUITO,URBANA,2022-04-08,13:25:00,13,VIERNES,5,ABRIL,4,NO,CONDUCIR VEHICULO SUPERANDO LOS LIMITES MAXIMOS DE VELOCIDAD.,COLISION,CAMION,2,0,0,1,0,0,0,0,0,0,0,0,0,3,38,HOMBRE,ILESO,CONDUCTOR PRESENTE,NO,NO,1
30025,122996,122997,2022,0,1,-0.057362,-78.356062,PICHINCHA,QUITO,GUAYLLABAMBA,RURAL,2022-04-08,15:40:00,15,VIERNES,5,ABRIL,4,NO,"CONDUCIR DESATENTO A LAS CONDICIONES DE TRANSITO (CELULAR, PANTALLAS DE VIDEO, COMIDA, MAQUILLAJE O CUALQUIER OTRO ELEMENTO DISTRACTOR).",ATROPELLOS,AUTOMOVIL,1,0,0,0,0,0,0,0,0,0,0,0,0,1,20,HOMBRE,FALLECIDO,PEATON,NO,SI,3
30026,123013,123014,2022,1,0,-0.210168,-78.493781,PICHINCHA,QUITO,QUITO,URBANA,2022-04-08,19:00:00,19,VIERNES,5,ABRIL,4,NO,CONDUCIR VEHICULO SUPERANDO LOS LIMITES MAXIMOS DE VELOCIDAD.,VOLCAMIENTOS,MOTOCICLETA,0,0,0,0,0,0,0,0,1,0,0,0,0,1,29,HOMBRE,LESIONADO,CONDUCTOR PRESENTE,NO,NO,1
30027,123015,123016,2022,0,0,-0.270308,-78.537397,PICHINCHA,QUITO,QUITO,URBANA,2022-04-08,19:50:00,19,VIERNES,5,ABRIL,4,NO,"CONDUCE BAJO LA INFLUENCIA DE ALCOHOL, SUSTANCIAS ESTUPEFACIENTES O PSICOTROPICAS Y/O MEDICAMENTOS.",CHOQUE LATERAL,AUTOMOVIL,2,0,0,0,0,0,0,0,0,0,0,0,0,2,29,HOMBRE,ILESO,CONDUCTOR PRESENTE,NO,NO,1
30028,123018,123019,2022,0,0,-0.200018,-78.489161,PICHINCHA,QUITO,QUITO,URBANA,2022-04-08,20:30:00,20,VIERNES,5,ABRIL,4,NO,"NO RESPETAR LAS SENIALES REGLAMENTARIAS DE TRANSITO. (PARE, CEDA EL PASO, LUZ ROJA DEL SEMAFORO, ETC).",CHOQUE LATERAL,CAMIONETA,1,0,0,0,1,0,0,0,0,0,0,0,0,2,39,MUJER,ILESO,CONDUCTOR PRESENTE,NO,NO,1
30029,123027,123028,2022,0,0,-0.318066,-78.485044,PICHINCHA,QUITO,CONOCOTO,RURAL,2022-04-08,21:30:00,21,VIERNES,5,ABRIL,4,NO,"CONDUCE BAJO LA INFLUENCIA DE ALCOHOL, SUSTANCIAS ESTUPEFACIENTES O PSICOTROPICAS Y/O MEDICAMENTOS.",CHOQUE FRONTAL,AUTOMOVIL,2,0,0,0,0,0,0,0,0,0,0,0,0,2,41,HOMBRE,ILESO,CONDUCTOR PRESENTE,NO,NO,3
30030,123038,123039,2022,0,0,-0.109442,-78.458959,PICHINCHA,QUITO,CALDERON (CARAPUNGO),RURAL,2022-04-09,00:10:00,0,SABADO,6,ABRIL,4,NO,CONDUCIR VEHICULO SUPERANDO LOS LIMITES MAXIMOS DE VELOCIDAD.,ESTRELLAMIENTOS,AUTOMOVIL,1,0,0,0,0,0,0,0,0,0,0,0,0,1,-1,NO IDENTIFICADO,NO IDENTIFICADO,CONDUCTOR AUSENTE,NO,NO,2
30031,123043,123044,2022,1,0,-0.208655,-78.495402,PICHINCHA,QUITO,QUITO,URBANA,2022-04-09,01:25:00,1,SABADO,6,ABRIL,4,NO,CONDUCIR VEHICULO SUPERANDO LOS LIMITES MAXIMOS DE VELOCIDAD.,ESTRELLAMIENTOS,MOTOCICLETA,0,0,0,0,0,0,0,0,1,0,0,0,0,1,33,HOMBRE,LESIONADO,CONDUCTOR PRESENTE,NO,NO,1
30032,123047,123048,2022,1,0,-0.178603,-78.486016,PICHINCHA,QUITO,QUITO,URBANA,2022-04-09,01:50:00,1,SABADO,6,ABRIL,4,NO,NO TRANSITAR POR LAS ACERAS O ZONAS DE SEGURIDAD DESTINADAS PARA EL EFECTO.,ATROPELLOS,MOTOCICLETA,0,0,0,0,0,0,0,0,1,0,0,0,0,1,31,HOMBRE,LESIONADO,PEATON,NO,NO,1
30033,123058,123059,2022,0,0,-0.161504,-78.485676,PICHINCHA,QUITO,QUITO,URBANA,2022-04-09,04:20:00,4,SABADO,6,ABRIL,4,NO,CONDUCIR VEHICULO SUPERANDO LOS LIMITES MAXIMOS DE VELOCIDAD.,PERDIDA DE CARRIL,AUTOMOVIL,1,0,0,0,0,0,0,0,0,0,0,0,0,1,-1,NO IDENTIFICADO,NO IDENTIFICADO,CONDUCTOR AUSENTE,NO,NO,2
30034,123063,123064,2022,1,0,-0.260047,-78.522894,PICHINCHA,QUITO,QUITO,URBANA,2022-04-09,07:05:00,7,SABADO,6,ABRIL,4,NO,NO TRANSITAR POR LAS ACERAS O ZONAS DE SEGURIDAD DESTINADAS PARA EL EFECTO.,ATROPELLOS,BUS,0,0,1,0,0,0,0,0,0,0,0,0,0,1,43,MUJER,LESIONADO,PEATON,NO,NO,1
30035,123065,123066,2022,0,0,-0.268255,-78.546327,PICHINCHA,QUITO,QUITO,URBANA,2022-04-09,08:00:00,8,SABADO,6,ABRIL,4,NO,"CONDICIONES AMBIENTALES Y/O ATMOSFERICAS (NIEBLA, NEBLINA, GRANIZO, LLUVIA).",COLISION,VEHICULO DEPORTIVO UTILITARIO,1,0,0,0,0,0,0,0,0,0,0,0,2,3,49,HOMBRE,ILESO,CONDUCTOR PRESENTE,NO,NO,1
30036,123068,123069,2022,0,0,-0.233785,-78.484432,PICHINCHA,QUITO,QUITO,URBANA,2022-04-09,08:40:00,8,SABADO,6,ABRIL,4,NO,"ADELANTAR O REBASAR A OTRO VEHICULO EN MOVIMIENTO EN ZONAS O SITIOS PELIGROSOS TALES COMO: CURVAS, PUENTES, TUNELES, PENDIENTES, ETC.",CHOQUE FRONTAL,AUTOMOVIL,2,0,0,0,0,0,0,0,0,0,0,0,0,2,53,HOMBRE,ILESO,CONDUCTOR PRESENTE,NO,NO,1
30037,123071,123072,2022,0,0,-0.405441,-78.546542,PICHINCHA,MEJIA,TAMBILLO (MEJIA),RURAL,2022-04-09,10:12:00,10,SABADO,6,ABRIL,4,NO,"CONDUCIR DESATENTO A LAS CONDICIONES DE TRANSITO (CELULAR, PANTALLAS DE VIDEO, COMIDA, MAQUILLAJE O CUALQUIER OTRO ELEMENTO DISTRACTOR).",COLISION,VEHICULO DEPORTIVO UTILITARIO,2,0,0,0,0,0,0,0,0,0,0,0,1,3,33,HOMBRE,ILESO,CONDUCTOR PRESENTE,NO,SI,3
30038,123074,123075,2022,0,0,-0.126182,-78.480942,PICHINCHA,QUITO,QUITO,URBANA,2022-04-09,11:50:00,11,SABADO,6,ABRIL,4,NO,"NO RESPETAR LAS SENIALES REGLAMENTARIAS DE TRANSITO. (PARE, CEDA EL PASO, LUZ ROJA DEL SEMAFORO, ETC).",CHOQUE LATERAL,MOTOCICLETA,1,0,0,0,0,0,0,0,1,0,0,0,0,2,20,HOMBRE,ILESO,CONDUCTOR PRESENTE,NO,NO,1
30039,123075,123076,2022,1,0,-0.236662,-78.507986,PICHINCHA,QUITO,QUITO,URBANA,2022-04-09,11:50:00,11,SABADO,6,ABRIL,4,NO,REALIZAR CAMBIO BRUSCO O INDEBIDO DE CARRIL.,CHOQUE LATERAL,MOTOCICLETA,1,0,0,0,0,0,0,0,1,0,0,0,0,2,26,MUJER,LESIONADO,CONDUCTOR PRESENTE,NO,NO,1
30040,123076,123077,2022,0,0,-0.099787,-78.460372,PICHINCHA,QUITO,QUITO,URBANA,2022-04-09,12:00:00,12,SABADO,6,ABRIL,4,NO,"NO RESPETAR LAS SENIALES REGLAMENTARIAS DE TRANSITO. (PARE, CEDA EL PASO, LUZ ROJA DEL SEMAFORO, ETC).",CHOQUE POSTERIOR,FURGONETA,1,0,0,0,0,0,0,1,0,0,0,0,0,2,52,MUJER,ILESO,PASAJERO,NO,NO,1
30041,123083,123084,2022,0,0,-0.318221,-78.553756,PICHINCHA,QUITO,QUITO,URBANA,2022-04-09,13:30:00,13,SABADO,6,ABRIL,4,NO,"CONDUCE BAJO LA INFLUENCIA DE ALCOHOL, SUSTANCIAS ESTUPEFACIENTES O PSICOTROPICAS Y/O MEDICAMENTOS.",ESTRELLAMIENTOS,AUTOMOVIL,2,0,0,0,0,0,0,0,0,0,0,0,0,2,33,HOMBRE,ILESO,CONDUCTOR PRESENTE,NO,NO,1
30042,123084,123085,2022,0,0,-0.108309,-78.452695,PICHINCHA,QUITO,CALDERON (CARAPUNGO),RURAL,2022-04-09,14:00:00,14,SABADO,6,ABRIL,4,NO,NO CEDER EL DERECHO DE VIA O PREFERENCIA DE PASO A VEHICULOS.,CHOQUE LATERAL,AUTOMOVIL,2,0,0,0,0,0,0,0,0,0,0,0,0,2,37,HOMBRE,ILESO,CONDUCTOR PRESENTE,NO,NO,3
30043,123086,123087,2022,0,1,-0.328479,-78.522294,PICHINCHA,QUITO,QUITO,URBANA,2022-04-09,15:15:00,15,SABADO,6,ABRIL,4,NO,NO TRANSITAR POR LAS ACERAS O ZONAS DE SEGURIDAD DESTINADAS PARA EL EFECTO.,ATROPELLOS,NO IDENTIFICADO,0,0,0,0,0,0,0,0,0,1,0,0,0,1,55,HOMBRE,FALLECIDO,PEATON,NO,NO,1
30044,123088,123089,2022,0,0,-0.228068,-78.486126,PICHINCHA,QUITO,QUITO,URBANA,2022-04-09,15:40:00,15,SABADO,6,ABRIL,4,NO,CONDUCIR VEHICULO SUPERANDO LOS LIMITES MAXIMOS DE VELOCIDAD.,COLISION,VEHICULO DEPORTIVO UTILITARIO,2,0,0,0,0,0,0,0,0,0,0,0,1,3,63,HOMBRE,ILESO,CONDUCTOR PRESENTE,NO,NO,1
30045,123100,123101,2022,1,0,-0.051005,-78.306446,PICHINCHA,QUITO,GUAYLLABAMBA,RURAL,2022-04-09,18:20:00,18,SABADO,6,ABRIL,4,NO,"CONDUCIR DESATENTO A LAS CONDICIONES DE TRANSITO (CELULAR, PANTALLAS DE VIDEO, COMIDA, MAQUILLAJE O CUALQUIER OTRO ELEMENTO DISTRACTOR).",CHOQUE LATERAL,MOTOCICLETA,1,0,0,0,0,0,0,0,1,0,0,0,0,2,20,HOMBRE,LESIONADO,CONDUCTOR PRESENTE,NO,SI,3
30046,123103,123104,2022,1,0,-0.291299,-78.545675,PICHINCHA,QUITO,QUITO,URBANA,2022-04-09,18:40:00,18,SABADO,6,ABRIL,4,NO,"NO RESPETAR LAS SENIALES REGLAMENTARIAS DE TRANSITO. (PARE, CEDA EL PASO, LUZ ROJA DEL SEMAFORO, ETC).",CHOQUE POSTERIOR,AUTOMOVIL,1,0,0,0,0,0,0,0,0,1,0,0,0,2,36,MUJER,LESIONADO,CONDUCTOR PRESENTE,NO,NO,1
30047,123104,123105,2022,0,0,-0.302351,-78.533488,PICHINCHA,QUITO,QUITO,URBANA,2022-04-09,19:18:00,19,SABADO,6,ABRIL,4,NO,NO MANTENER LA DISTANCIA PRUDENCIAL CON RESPECTO AL VEHICULO QUE LE ANTECEDE.,CHOQUE POSTERIOR,BUS,1,0,1,0,0,0,0,0,0,0,0,0,0,2,67,HOMBRE,ILESO,CONDUCTOR PRESENTE,NO,NO,1
30048,123111,123112,2022,0,0,-0.296836,-78.552651,PICHINCHA,QUITO,QUITO,URBANA,2022-04-09,20:40:00,20,SABADO,6,ABRIL,4,NO,CONDUCIR VEHICULO SUPERANDO LOS LIMITES MAXIMOS DE VELOCIDAD.,COLISION,AUTOMOVIL,2,0,0,0,0,0,0,0,0,1,0,0,0,3,42,MUJER,ILESO,PASAJERO,NO,NO,1
30049,123125,123126,2022,1,0,-0.279976,-78.557345,PICHINCHA,QUITO,QUITO,URBANA,2022-04-09,21:40:00,21,SABADO,6,ABRIL,4,NO,CONDUCIR VEHICULO SUPERANDO LOS LIMITES MAXIMOS DE VELOCIDAD.,CHOQUE LATERAL,VEHICULO DEPORTIVO UTILITARIO,1,0,0,0,0,0,0,0,0,0,0,0,1,2,48,HOMBRE,LESIONADO,CONDUCTOR PRESENTE,NO,NO,1
30050,123129,123130,2022,0,1,-0.219259,-78.520391,PICHINCHA,QUITO,QUITO,URBANA,2022-04-09,22:30:00,22,SABADO,6,ABRIL,4,NO,CONDUCIR VEHICULO SUPERANDO LOS LIMITES MAXIMOS DE VELOCIDAD.,VOLCAMIENTOS,MOTOCICLETA,0,0,0,0,0,0,0,0,1,0,0,0,0,1,32,HOMBRE,FALLECIDO,CONDUCTOR PRESENTE,NO,NO,1
30051,123134,123135,2022,0,0,-0.164739,-78.493495,PICHINCHA,QUITO,QUITO,URBANA,2022-04-09,22:50:00,22,SABADO,6,ABRIL,4,NO,CONDUCIR VEHICULO SUPERANDO LOS LIMITES MAXIMOS DE VELOCIDAD.,OTROS,AUTOMOVIL,1,0,0,0,0,0,0,0,0,0,0,0,0,1,-1,NO IDENTIFICADO,NO IDENTIFICADO,CONDUCTOR AUSENTE,NO,NO,2
30052,123150,123151,2022,0,0,-0.291995,-78.558211,PICHINCHA,QUITO,QUITO,URBANA,2022-04-10,01:50:00,1,DOMINGO,7,ABRIL,4,NO,"NO RESPETAR LAS SENIALES REGLAMENTARIAS DE TRANSITO. (PARE, CEDA EL PASO, LUZ ROJA DEL SEMAFORO, ETC).",ESTRELLAMIENTOS,FURGONETA,0,0,0,0,0,0,0,1,0,0,0,0,0,1,32,MUJER,ILESO,CONDUCTOR PRESENTE,NO,NO,1
30053,123152,123153,2022,0,0,-0.280501,-78.472512,PICHINCHA,QUITO,CONOCOTO,URBANA,2022-04-10,02:30:00,2,DOMINGO,7,ABRIL,4,NO,"CONDUCE BAJO LA INFLUENCIA DE ALCOHOL, SUSTANCIAS ESTUPEFACIENTES O PSICOTROPICAS Y/O MEDICAMENTOS.",CHOQUE POSTERIOR,AUTOMOVIL,2,0,0,0,0,0,0,0,0,0,0,0,0,2,32,HOMBRE,ILESO,CONDUCTOR PRESENTE,NO,SI,1
30054,123155,123156,2022,0,1,-0.341571,-78.529509,PICHINCHA,QUITO,QUITO,URBANA,2022-04-10,03:00:00,3,DOMINGO,7,ABRIL,4,NO,CONDUCIR VEHICULO SUPERANDO LOS LIMITES MAXIMOS DE VELOCIDAD.,OTROS,NO IDENTIFICADO,0,0,0,0,0,0,0,0,0,1,0,0,0,1,27,HOMBRE,FALLECIDO,PASAJERO,NO,NO,1
30055,123156,123157,2022,0,0,-0.160113,-78.485534,PICHINCHA,QUITO,QUITO,URBANA,2022-04-10,03:03:00,3,DOMINGO,7,ABRIL,4,NO,"NO RESPETAR LAS SENIALES REGLAMENTARIAS DE TRANSITO. (PARE, CEDA EL PASO, LUZ ROJA DEL SEMAFORO, ETC).",CHOQUE LATERAL,AUTOMOVIL,2,0,0,0,0,0,0,0,0,0,0,0,0,2,45,HOMBRE,ILESO,CONDUCTOR PRESENTE,NO,NO,1
30056,123165,123166,2022,0,0,-0.175516,-78.488396,PICHINCHA,QUITO,QUITO,URBANA,2022-04-10,05:05:00,5,DOMINGO,7,ABRIL,4,NO,"NO RESPETAR LAS SENIALES REGLAMENTARIAS DE TRANSITO. (PARE, CEDA EL PASO, LUZ ROJA DEL SEMAFORO, ETC).",ESTRELLAMIENTOS,AUTOMOVIL,1,0,0,0,0,0,0,0,0,0,0,0,0,1,26,HOMBRE,ILESO,PASAJERO,NO,NO,1
30057,123168,123169,2022,1,0,-0.153253,-78.349522,PICHINCHA,QUITO,TABABELA,RURAL,2022-04-10,05:35:00,5,DOMINGO,7,ABRIL,4,NO,NO MANTENER LA DISTANCIA PRUDENCIAL CON RESPECTO AL VEHICULO QUE LE ANTECEDE.,CHOQUE POSTERIOR,MOTOCICLETA,0,0,0,0,0,0,0,0,1,0,0,0,1,2,29,MUJER,LESIONADO,CONDUCTOR PRESENTE,NO,NO,3
30058,123171,123172,2022,4,0,-0.170959,-78.476217,PICHINCHA,QUITO,QUITO,URBANA,2022-04-10,05:50:00,5,DOMINGO,7,ABRIL,4,NO,"CONDUCE BAJO LA INFLUENCIA DE ALCOHOL, SUSTANCIAS ESTUPEFACIENTES O PSICOTROPICAS Y/O MEDICAMENTOS.",CHOQUE LATERAL,FURGONETA,1,0,0,0,0,0,0,1,0,0,0,0,0,2,28,MUJER,LESIONADO,CONDUCTOR PRESENTE,NO,NO,1
30059,123177,123178,2022,0,0,-0.272971,-78.547159,PICHINCHA,QUITO,QUITO,URBANA,2022-04-10,07:30:00,7,DOMINGO,7,ABRIL,4,NO,"CONDUCE BAJO LA INFLUENCIA DE ALCOHOL, SUSTANCIAS ESTUPEFACIENTES O PSICOTROPICAS Y/O MEDICAMENTOS.",CHOQUE POSTERIOR,AUTOMOVIL,2,0,0,0,0,0,0,0,0,0,0,0,0,2,25,HOMBRE,ILESO,PASAJERO,NO,NO,1
30060,123190,123191,2022,2,0,-0.202301,-78.368674,PICHINCHA,QUITO,PUEMBO,RURAL,2022-04-10,12:20:00,12,DOMINGO,7,ABRIL,4,NO,"CONDUCE BAJO LA INFLUENCIA DE ALCOHOL, SUSTANCIAS ESTUPEFACIENTES O PSICOTROPICAS Y/O MEDICAMENTOS.",CHOQUE FRONTAL,MOTOCICLETA,0,0,0,0,0,0,0,0,2,0,0,0,0,2,24,HOMBRE,LESIONADO,CONDUCTOR PRESENTE,NO,NO,3
30061,123209,123210,2022,0,0,-0.444596,-78.764557,PICHINCHA,MEJIA,MANUEL CORNEJO ASTORGA,RURAL,2022-04-10,18:15:00,18,DOMINGO,7,ABRIL,4,NO,"CONDUCIR DESATENTO A LAS CONDICIONES DE TRANSITO (CELULAR, PANTALLAS DE VIDEO, COMIDA, MAQUILLAJE O CUALQUIER OTRO ELEMENTO DISTRACTOR).",PERDIDA DE PISTA,CAMION,0,0,0,1,0,0,0,0,0,0,0,0,0,1,-1,HOMBRE,ILESO,CONDUCTOR PRESENTE,NO,SI,3
30062,123222,123223,2022,1,0,-0.246884,-78.541802,PICHINCHA,QUITO,QUITO,URBANA,2022-04-10,21:50:00,21,DOMINGO,7,ABRIL,4,NO,"NO RESPETAR LAS SENIALES REGLAMENTARIAS DE TRANSITO. (PARE, CEDA EL PASO, LUZ ROJA DEL SEMAFORO, ETC).",CHOQUE LATERAL,MOTOCICLETA,1,0,0,0,0,0,0,0,1,0,0,0,0,2,26,HOMBRE,LESIONADO,PASAJERO,NO,NO,1
30063,123249,123250,2022,1,0,-0.307836,-78.545633,PICHINCHA,QUITO,QUITO,URBANA,2022-04-11,10:30:00,10,LUNES,1,ABRIL,4,NO,NO TRANSITAR POR LAS ACERAS O ZONAS DE SEGURIDAD DESTINADAS PARA EL EFECTO.,OTROS,AUTOMOVIL,1,0,0,0,0,0,0,0,0,0,0,0,0,1,2,HOMBRE,LESIONADO,PEATON,NO,NO,1
30064,123260,123261,2022,1,0,-0.220749,-78.517287,PICHINCHA,QUITO,QUITO,URBANA,2022-04-11,15:35:00,15,LUNES,1,ABRIL,4,NO,PEATON QUE CRUZA LA CALZADA SIN RESPETAR LA SENIALIZACION EXISTENTE (SEMAFOROS O SENIALES MANUALES).,ATROPELLOS,AUTOMOVIL,1,0,0,0,0,0,0,0,0,0,0,0,0,1,69,HOMBRE,LESIONADO,PEATON,NO,NO,1
30065,123261,123262,2022,0,0,-0.286504,-78.537408,PICHINCHA,QUITO,QUITO,URBANA,2022-04-11,15:45:00,15,LUNES,1,ABRIL,4,NO,CONDUCIR VEHICULO SUPERANDO LOS LIMITES MAXIMOS DE VELOCIDAD.,OTROS,MOTOCICLETA,1,0,0,0,0,0,0,0,1,0,0,0,0,2,-1,NO IDENTIFICADO,ILESO,PEATON,NO,NO,1
30066,123278,123279,2022,0,0,-0.106863,-78.441658,PICHINCHA,QUITO,CALDERON (CARAPUNGO),RURAL,2022-04-11,22:15:00,22,LUNES,1,ABRIL,4,NO,"CONDUCE BAJO LA INFLUENCIA DE ALCOHOL, SUSTANCIAS ESTUPEFACIENTES O PSICOTROPICAS Y/O MEDICAMENTOS.",ESTRELLAMIENTOS,MOTOCICLETA,0,0,0,0,0,0,0,0,1,0,0,0,0,1,22,HOMBRE,ILESO,PASAJERO,NO,NO,3
30067,123279,123280,2022,0,0,-0.277427,-78.565766,PICHINCHA,QUITO,QUITO,URBANA,2022-04-11,23:10:00,23,LUNES,1,ABRIL,4,NO,CONDUCIR VEHICULO SUPERANDO LOS LIMITES MAXIMOS DE VELOCIDAD.,ESTRELLAMIENTOS,AUTOMOVIL,1,0,0,0,0,0,0,0,0,0,0,0,0,1,-1,NO IDENTIFICADO,NO IDENTIFICADO,CONDUCTOR AUSENTE,NO,NO,2
30068,123289,123290,2022,1,0,-0.288311,-78.489127,PICHINCHA,QUITO,CONOCOTO,RURAL,2022-04-12,09:00:00,9,MARTES,2,ABRIL,4,NO,NO GUARDAR LA DISTANCIA LATERAL MINIMA DE SEGURIDAD ENTRE VEHICULOS.,CHOQUE LATERAL,MOTOCICLETA,1,0,0,0,0,0,0,0,1,0,0,0,0,2,51,HOMBRE,LESIONADO,CONDUCTOR PRESENTE,NO,NO,3
30069,123290,123291,2022,4,0,-0.210639,-78.420696,PICHINCHA,QUITO,TUMBACO,RURAL,2022-04-12,09:10:00,9,MARTES,2,ABRIL,4,NO,NO TRANSITAR POR LAS ACERAS O ZONAS DE SEGURIDAD DESTINADAS PARA EL EFECTO.,ATROPELLOS,AUTOMOVIL,1,0,0,0,0,0,0,0,0,0,0,0,0,1,28,MUJER,LESIONADO,PEATON,NO,NO,3
30070,123293,123294,2022,1,0,-0.096047,-78.440212,PICHINCHA,QUITO,CALDERON (CARAPUNGO),RURAL,2022-04-12,09:50:00,9,MARTES,2,ABRIL,4,NO,"NO RESPETAR LAS SENIALES REGLAMENTARIAS DE TRANSITO. (PARE, CEDA EL PASO, LUZ ROJA DEL SEMAFORO, ETC).",OTROS,MOTOCICLETA,1,0,0,0,0,0,0,0,1,1,0,0,0,3,30,HOMBRE,LESIONADO,CONDUCTOR PRESENTE,NO,NO,3
30071,123295,123296,2022,1,0,-0.109301,-78.458762,PICHINCHA,QUITO,CALDERON (CARAPUNGO),URBANA,2022-04-12,10:30:00,10,MARTES,2,ABRIL,4,NO,"NO RESPETAR LAS SENIALES REGLAMENTARIAS DE TRANSITO. (PARE, CEDA EL PASO, LUZ ROJA DEL SEMAFORO, ETC).",PERDIDA DE CARRIL,VEHICULO DEPORTIVO UTILITARIO,0,0,0,0,0,0,0,0,0,0,0,0,1,1,64,HOMBRE,LESIONADO,CONDUCTOR PRESENTE,NO,NO,1
30072,123296,123297,2022,0,0,0.004435,-78.463736,PICHINCHA,QUITO,SAN ANTONIO (QUITO),RURAL,2022-04-12,11:10:00,11,MARTES,2,ABRIL,4,NO,"CONDUCE BAJO LA INFLUENCIA DE ALCOHOL, SUSTANCIAS ESTUPEFACIENTES O PSICOTROPICAS Y/O MEDICAMENTOS.",CHOQUE LATERAL,MOTOCICLETA,0,0,0,0,1,0,0,0,1,0,0,0,0,2,55,HOMBRE,ILESO,CONDUCTOR PRESENTE,NO,SI,3
30073,123300,123301,2022,0,0,-0.327684,-78.548161,PICHINCHA,QUITO,QUITO,URBANA,2022-04-12,12:15:00,12,MARTES,2,ABRIL,4,NO,NO CEDER EL DERECHO DE VIA O PREFERENCIA DE PASO A VEHICULOS.,CHOQUE LATERAL,CAMIONETA,1,0,0,0,1,0,0,0,0,0,0,0,0,2,-1,NO IDENTIFICADO,NO IDENTIFICADO,CONDUCTOR AUSENTE,NO,NO,2
30074,123310,123311,2022,0,0,-0.224665,-78.407569,PICHINCHA,QUITO,TUMBACO,RURAL,2022-04-12,17:15:00,17,MARTES,2,ABRIL,4,NO,"NO RESPETAR LAS SENIALES REGLAMENTARIAS DE TRANSITO. (PARE, CEDA EL PASO, LUZ ROJA DEL SEMAFORO, ETC).",CHOQUE LATERAL,VEHICULO DEPORTIVO UTILITARIO,1,0,0,0,0,0,0,0,0,0,0,0,1,2,26,MUJER,ILESO,CONDUCTOR PRESENTE,NO,NO,3
30075,123311,123312,2022,1,0,-0.296416,-78.454175,PICHINCHA,QUITO,ALANGASI,RURAL,2022-04-12,18:15:00,18,MARTES,2,ABRIL,4,NO,"CONDUCIR DESATENTO A LAS CONDICIONES DE TRANSITO (CELULAR, PANTALLAS DE VIDEO, COMIDA, MAQUILLAJE O CUALQUIER OTRO ELEMENTO DISTRACTOR).",CHOQUE POSTERIOR,AUTOMOVIL,2,0,0,0,0,0,0,0,0,0,0,0,0,2,25,MUJER,LESIONADO,CONDUCTOR PRESENTE,NO,NO,3
30076,123320,123321,2022,0,0,-0.306715,-78.568707,PICHINCHA,QUITO,QUITO,URBANA,2022-04-12,20:30:00,20,MARTES,2,ABRIL,4,NO,"FALLA MECANICA EN LOS SISTEMAS Y/O NEUMATICOS (SISTEMA DE FRENOS, DIRECCION, ELECTRONICO O MECANICO).",ESTRELLAMIENTOS,AUTOMOVIL,2,0,0,0,0,0,0,0,0,0,0,0,0,2,22,HOMBRE,ILESO,CONDUCTOR PRESENTE,NO,NO,1
30077,123326,123327,2022,1,0,-0.193481,-78.467121,PICHINCHA,QUITO,QUITO,RURAL,2022-04-12,23:43:00,23,MARTES,2,ABRIL,4,NO,CONDUCIR VEHICULO SUPERANDO LOS LIMITES MAXIMOS DE VELOCIDAD.,CHOQUE POSTERIOR,VEHICULO DEPORTIVO UTILITARIO,1,0,0,0,0,0,0,0,0,0,0,0,1,2,35,MUJER,LESIONADO,PASAJERO,NO,NO,3
30078,123327,123328,2022,0,1,-0.175434,-78.501343,PICHINCHA,QUITO,QUITO,URBANA,2022-04-13,00:10:00,0,MIERCOLES,3,ABRIL,4,NO,CONDUCIR VEHICULO SUPERANDO LOS LIMITES MAXIMOS DE VELOCIDAD.,ESTRELLAMIENTOS,MOTOCICLETA,0,0,0,0,0,0,0,0,1,0,0,0,0,1,25,HOMBRE,FALLECIDO,CONDUCTOR PRESENTE,NO,NO,1
30079,123328,123329,2022,0,0,-0.291126,-78.545946,PICHINCHA,QUITO,QUITO,URBANA,2022-04-13,00:15:00,0,MIERCOLES,3,ABRIL,4,NO,CONDUCIR VEHICULO SUPERANDO LOS LIMITES MAXIMOS DE VELOCIDAD.,ESTRELLAMIENTOS,AUTOMOVIL,1,0,0,0,0,0,0,0,0,0,0,0,0,1,-1,NO IDENTIFICADO,NO IDENTIFICADO,CONDUCTOR AUSENTE,NO,NO,2