,Unnamed: 0,ID,ANIO,LESIONADOS,FALLECIDOS,LATITUD_Y,LONGITUD_X,PROVINCIA,CANTON,PARROQUIA,ZONA,FECHA,HORA,PERIODO_2,DIA_1,DIA_2,MES_1,MES_2,FERIADO,CAUSA_PROBABLE,TIPO_DE_SINIESTRO,TIPO_DE_VEHICULO_1,AUTOMOVIL,BICICLETA,BUS,CAMION,CAMIONETA,EMERGENCIAS,ESPECIAL,FURGONETA,MOTOCICLETA,NO_IDENTIFICADO,SCOOTER_ELECTRICO,TRICIMOTO,VEHICULO_DEPORTIVO_UTILITARIO,SUMA_DE_VEHICULOS,EDAD_1,SEXO_1,CONDICION_1,PARTICIPANTE_1,CASCO_1,CINTURON_1,KMeans_Cluster
30080,123336,123337,2022,0,0,-0.243044,-78.315508,PICHINCHA,QUITO,PIFO,RURAL,2022-04-13,07:00:00,7,MIERCOLES,3,ABRIL,4,NO,"CONDUCIR DESATENTO A LAS CONDICIONES DE TRANSITO (CELULAR, PANTALLAS DE VIDEO, COMIDA, MAQUILLAJE O CUALQUIER OTRO ELEMENTO DISTRACTOR).",PERDIDA DE CARRIL,AUTOMOVIL,1,0,0,0,0,0,0,0,0,0,0,0,0,1,27,MUJER,ILESO,PASAJERO,NO,SI,3
30081,123363,123364,2022,0,0,-0.279021,-78.494476,PICHINCHA,QUITO,CONOCOTO,RURAL,2022-04-13,14:50:00,14,MIERCOLES,3,ABRIL,4,NO,NO GUARDAR LA DISTANCIA LATERAL MINIMA DE SEGURIDAD ENTRE VEHICULOS.,ROZAMIENTOS,CAMION,1,0,0,1,0,0,0,0,0,0,0,0,0,2,45,MUJER,ILESO,CONDUCTOR PRESENTE,NO,NO,3
30082,123365,123366,2022,1,0,-0.150452,-78.452983,PICHINCHA,QUITO,QUITO,RURAL,2022-04-13,16:00:00,16,MIERCOLES,3,ABRIL,4,NO,"NO RESPETAR LAS SENIALES REGLAMENTARIAS DE TRANSITO. (PARE, CEDA EL PASO, LUZ ROJA DEL SEMAFORO, ETC).",CHOQUE LATERAL,MOTOCICLETA,1,0,0,0,0,0,0,0,1,0,0,0,0,2,46,HOMBRE,LESIONADO,CONDUCTOR PRESENTE,NO,NO,3
30083,123366,123367,2022,0,0,-0.420639,-78.794628,PICHINCHA,MEJIA,MANUEL CORNEJO ASTORGA,RURAL,2022-04-13,16:15:00,16,MIERCOLES,3,ABRIL,4,NO,"CONDUCIR DESATENTO A LAS CONDICIONES DE TRANSITO (CELULAR, PANTALLAS DE VIDEO, COMIDA, MAQUILLAJE O CUALQUIER OTRO ELEMENTO DISTRACTOR).",PERDIDA DE PISTA,CAMION,0,0,0,1,0,0,0,0,0,0,0,0,0,1,-1,HOMBRE,ILESO,CONDUCTOR PRESENTE,NO,SI,3
30084,123375,123376,2022,0,0,-0.310153,-78.568386,PICHINCHA,QUITO,QUITO,URBANA,2022-04-13,18:50:00,18,MIERCOLES,3,ABRIL,4,NO,NO CEDER EL DERECHO DE VIA O PREFERENCIA DE PASO A VEHICULOS.,CHOQUE LATERAL,BUS,1,0,1,0,0,0,0,0,0,0,0,0,0,2,35,HOMBRE,ILESO,CONDUCTOR PRESENTE,NO,NO,1
30085,123386,123387,2022,0,1,-0.050798,-78.305371,PICHINCHA,QUITO,GUAYLLABAMBA,RURAL,2022-04-13,22:30:00,22,MIERCOLES,3,ABRIL,4,NO,"CONDUCIR DESATENTO A LAS CONDICIONES DE TRANSITO (CELULAR, PANTALLAS DE VIDEO, COMIDA, MAQUILLAJE O CUALQUIER OTRO ELEMENTO DISTRACTOR).",ATROPELLOS,AUTOMOVIL,1,0,0,0,0,0,0,0,0,0,0,0,0,1,20,HOMBRE,FALLECIDO,PEATON,NO,SI,3
30086,123391,123392,2022,0,0,-0.191506,-78.512707,PICHINCHA,QUITO,QUITO,URBANA,2022-04-14,03:00:00,3,JUEVES,4,ABRIL,4,NO,CONDUCIR VEHICULO SUPERANDO LOS LIMITES MAXIMOS DE VELOCIDAD.,ESTRELLAMIENTOS,AUTOMOVIL,1,0,0,0,0,0,0,0,0,0,0,0,0,1,-1,NO IDENTIFICADO,NO IDENTIFICADO,CONDUCTOR AUSENTE,NO,NO,2
30087,123392,123393,2022,1,1,-0.326161,-78.448748,PICHINCHA,RUMINIAHUI,SANGOLQUI,URBANA,2022-04-14,03:30:00,3,JUEVES,4,ABRIL,4,NO,"CONDUCIR DESATENTO A LAS CONDICIONES DE TRANSITO (CELULAR, PANTALLAS DE VIDEO, COMIDA, MAQUILLAJE O CUALQUIER OTRO ELEMENTO DISTRACTOR).",PERDIDA DE CARRIL,VEHICULO DEPORTIVO UTILITARIO,0,0,0,0,0,0,0,0,0,0,0,0,1,1,34,MUJER,FALLECIDO,PASAJERO,NO,SI,1
30088,123397,123398,2022,1,0,-0.208696,-78.504146,PICHINCHA,QUITO,QUITO,URBANA,2022-04-14,06:45:00,6,JUEVES,4,ABRIL,4,NO,"NO RESPETAR LAS SENIALES REGLAMENTARIAS DE TRANSITO. (PARE, CEDA EL PASO, LUZ ROJA DEL SEMAFORO, ETC).",CHOQUE LATERAL,CAMIONETA,1,0,0,0,1,0,0,0,0,0,0,0,0,2,36,HOMBRE,LESIONADO,CONDUCTOR PRESENTE,NO,NO,1
30089,123404,123405,2022,0,0,-0.273766,-78.510206,PICHINCHA,QUITO,QUITO,URBANA,2022-04-14,11:40:00,11,JUEVES,4,ABRIL,4,NO,"CONDUCE BAJO LA INFLUENCIA DE ALCOHOL, SUSTANCIAS ESTUPEFACIENTES O PSICOTROPICAS Y/O MEDICAMENTOS.",CHOQUE POSTERIOR,BUS,0,0,1,1,0,0,0,0,0,0,0,0,0,2,38,HOMBRE,ILESO,CONDUCTOR PRESENTE,NO,NO,1
30090,123405,123406,2022,1,0,-0.183688,-78.495255,PICHINCHA,QUITO,QUITO,URBANA,2022-04-14,12:10:00,12,JUEVES,4,ABRIL,4,NO,NO CEDER EL DERECHO DE VIA O PREFERENCIA DE PASO AL PEATON.,ATROPELLOS,AUTOMOVIL,1,0,0,0,0,0,0,0,0,0,0,0,0,1,87,MUJER,LESIONADO,PEATON,NO,NO,1
30091,123408,123409,2022,1,0,-0.215234,-78.392639,PICHINCHA,QUITO,TUMBACO,RURAL,2022-04-14,12:54:00,12,JUEVES,4,ABRIL,4,NO,"CONDUCE BAJO LA INFLUENCIA DE ALCOHOL, SUSTANCIAS ESTUPEFACIENTES O PSICOTROPICAS Y/O MEDICAMENTOS.",ATROPELLOS,MOTOCICLETA,0,0,0,0,0,0,0,0,1,0,0,0,0,1,36,MUJER,LESIONADO,PEATON,NO,NO,3
30092,123437,123438,2022,0,0,-0.331222,-78.535485,PICHINCHA,QUITO,QUITO,URBANA,2022-04-14,20:50:00,20,JUEVES,4,ABRIL,4,NO,"CONDUCE BAJO LA INFLUENCIA DE ALCOHOL, SUSTANCIAS ESTUPEFACIENTES O PSICOTROPICAS Y/O MEDICAMENTOS.",ESTRELLAMIENTOS,CAMIONETA,1,0,0,0,1,0,0,0,0,0,0,0,0,2,41,MUJER,ILESO,CONDUCTOR PRESENTE,NO,NO,1
30093,123439,123440,2022,0,0,-0.239798,-78.527548,PICHINCHA,QUITO,QUITO,URBANA,2022-04-14,21:25:00,21,JUEVES,4,ABRIL,4,NO,CONDUCIR VEHICULO SUPERANDO LOS LIMITES MAXIMOS DE VELOCIDAD.,OTROS,AUTOMOVIL,1,0,0,0,0,0,0,0,0,0,0,0,0,1,-1,NO IDENTIFICADO,NO IDENTIFICADO,CONDUCTOR AUSENTE,NO,NO,2
30094,123452,123453,2022,2,1,-0.412318,-78.800223,PICHINCHA,MEJIA,MANUEL CORNEJO ASTORGA,RURAL,2022-04-15,02:25:00,2,VIERNES,5,ABRIL,4,SI,"CONDUCIR DESATENTO A LAS CONDICIONES DE TRANSITO (CELULAR, PANTALLAS DE VIDEO, COMIDA, MAQUILLAJE O CUALQUIER OTRO ELEMENTO DISTRACTOR).",PERDIDA DE PISTA,CAMIONETA,0,0,0,0,1,0,0,0,0,0,0,0,0,1,15,MUJER,FALLECIDO,PASAJERO,NO,SI,3
30095,123457,123458,2022,1,0,-0.179906,-78.474197,PICHINCHA,QUITO,QUITO,URBANA,2022-04-15,04:10:00,4,VIERNES,5,ABRIL,4,SI,"FALLA MECANICA EN LOS SISTEMAS Y/O NEUMATICOS (SISTEMA DE FRENOS, DIRECCION, ELECTRONICO O MECANICO).",ESTRELLAMIENTOS,VEHICULO DEPORTIVO UTILITARIO,1,0,0,0,0,0,0,0,0,0,0,0,1,2,43,HOMBRE,LESIONADO,CONDUCTOR PRESENTE,NO,NO,1
30096,123459,123460,2022,1,0,-0.128707,-78.471277,PICHINCHA,QUITO,QUITO,URBANA,2022-04-15,04:20:00,4,VIERNES,5,ABRIL,4,SI,"NO RESPETAR LAS SENIALES REGLAMENTARIAS DE TRANSITO. (PARE, CEDA EL PASO, LUZ ROJA DEL SEMAFORO, ETC).",CHOQUE LATERAL,MOTOCICLETA,1,0,0,0,0,0,0,0,1,0,0,0,0,2,52,HOMBRE,LESIONADO,CONDUCTOR PRESENTE,NO,NO,1
30097,123460,123461,2022,0,0,-0.272233,-78.490311,PICHINCHA,QUITO,CONOCOTO,URBANA,2022-04-15,04:30:00,4,VIERNES,5,ABRIL,4,SI,"CONDUCE BAJO LA INFLUENCIA DE ALCOHOL, SUSTANCIAS ESTUPEFACIENTES O PSICOTROPICAS Y/O MEDICAMENTOS.",ROZAMIENTOS,VEHICULO DEPORTIVO UTILITARIO,2,0,0,0,0,0,0,0,0,0,0,0,1,3,50,HOMBRE,ILESO,CONDUCTOR PRESENTE,NO,SI,1
30098,123461,123462,2022,0,0,-0.072103,-78.474669,PICHINCHA,QUITO,POMASQUI,RURAL,2022-04-15,04:30:00,4,VIERNES,5,ABRIL,4,SI,"CONDUCE BAJO LA INFLUENCIA DE ALCOHOL, SUSTANCIAS ESTUPEFACIENTES O PSICOTROPICAS Y/O MEDICAMENTOS.",CHOQUE LATERAL,VEHICULO DEPORTIVO UTILITARIO,1,0,0,0,0,0,0,0,0,0,0,0,1,2,38,HOMBRE,ILESO,CONDUCTOR PRESENTE,NO,SI,3
30099,123464,123465,2022,0,0,-0.072275,-78.475055,PICHINCHA,QUITO,POMASQUI,RURAL,2022-04-15,05:00:00,5,VIERNES,5,ABRIL,4,SI,"CONDUCE BAJO LA INFLUENCIA DE ALCOHOL, SUSTANCIAS ESTUPEFACIENTES O PSICOTROPICAS Y/O MEDICAMENTOS.",CHOQUE LATERAL,AUTOMOVIL,2,0,0,0,0,0,0,0,0,0,0,0,0,2,22,HOMBRE,ILESO,CONDUCTOR PRESENTE,NO,SI,3
30100,123466,123467,2022,1,0,0.075011,-79.022698,PICHINCHA,PEDRO VICENTE MALDONADO,PEDRO VICENTE MALDONADO,RURAL,2022-04-15,05:30:00,5,VIERNES,5,ABRIL,4,SI,"CONDUCIR DESATENTO A LAS CONDICIONES DE TRANSITO (CELULAR, PANTALLAS DE VIDEO, COMIDA, MAQUILLAJE O CUALQUIER OTRO ELEMENTO DISTRACTOR).",CHOQUE FRONTAL,AUTOMOVIL,2,0,0,0,0,0,0,0,0,0,0,0,0,2,30,HOMBRE,LESIONADO,CONDUCTOR PRESENTE,NO,SI,3
30101,123467,123468,2022,1,0,0.044711,-78.157011,PICHINCHA,CAYAMBE,CAYAMBE,URBANA,2022-04-15,05:40:00,5,VIERNES,5,ABRIL,4,SI,"CONDUCE BAJO LA INFLUENCIA DE ALCOHOL, SUSTANCIAS ESTUPEFACIENTES O PSICOTROPICAS Y/O MEDICAMENTOS.",COLISION,VEHICULO DEPORTIVO UTILITARIO,2,0,0,0,0,0,0,0,0,0,0,0,1,3,40,HOMBRE,LESIONADO,CONDUCTOR PRESENTE,NO,SI,1
30102,123474,123475,2022,0,0,-0.141735,-78.469977,PICHINCHA,QUITO,QUITO,URBANA,2022-04-15,07:30:00,7,VIERNES,5,ABRIL,4,SI,"NO RESPETAR LAS SENIALES REGLAMENTARIAS DE TRANSITO. (PARE, CEDA EL PASO, LUZ ROJA DEL SEMAFORO, ETC).",ESTRELLAMIENTOS,VEHICULO DEPORTIVO UTILITARIO,0,0,0,0,0,0,0,0,0,0,0,0,1,1,38,HOMBRE,ILESO,PASAJERO,NO,NO,1
30103,123477,123478,2022,0,0,-0.174361,-78.492952,PICHINCHA,QUITO,QUITO,URBANA,2022-04-15,08:20:00,8,VIERNES,5,ABRIL,4,SI,CONDUCIR VEHICULO SUPERANDO LOS LIMITES MAXIMOS DE VELOCIDAD.,ESTRELLAMIENTOS,AUTOMOVIL,1,0,0,0,0,0,0,0,0,0,0,0,0,1,-1,NO IDENTIFICADO,NO IDENTIFICADO,CONDUCTOR AUSENTE,NO,NO,2
30104,123479,123480,2022,1,0,-0.242671,-78.497359,PICHINCHA,QUITO,QUITO,URBANA,2022-04-15,09:30:00,9,VIERNES,5,ABRIL,4,SI,"FALLA MECANICA EN LOS SISTEMAS Y/O NEUMATICOS (SISTEMA DE FRENOS, DIRECCION, ELECTRONICO O MECANICO).",ESTRELLAMIENTOS,AUTOMOVIL,1,0,0,0,0,0,0,0,0,0,0,0,0,1,28,HOMBRE,LESIONADO,CONDUCTOR PRESENTE,NO,NO,1
30105,123480,123481,2022,1,0,-0.264321,-78.549895,PICHINCHA,QUITO,QUITO,URBANA,2022-04-15,10:50:00,10,VIERNES,5,ABRIL,4,SI,"NO RESPETAR LAS SENIALES REGLAMENTARIAS DE TRANSITO. (PARE, CEDA EL PASO, LUZ ROJA DEL SEMAFORO, ETC).",CHOQUE LATERAL,MOTOCICLETA,1,0,0,0,0,0,0,0,1,0,0,0,0,2,21,HOMBRE,LESIONADO,PASAJERO,NO,NO,1
30106,123482,123483,2022,0,0,-0.175467,-78.488156,PICHINCHA,QUITO,QUITO,URBANA,2022-04-15,11:40:00,11,VIERNES,5,ABRIL,4,SI,"CONDUCIR EN ESTADO DE SOMNOLENCIA O MALAS CONDICIONES FISICAS (SUENIO, CANSANCIO Y FATIGA).",OTROS,CAMION,0,0,0,1,0,0,0,0,0,0,0,0,0,1,35,HOMBRE,ILESO,CONDUCTOR PRESENTE,NO,NO,1
30107,123484,123485,2022,0,0,-0.064763,-78.576081,PICHINCHA,QUITO,NONO,RURAL,2022-04-15,12:15:00,12,VIERNES,5,ABRIL,4,SI,"ADELANTAR O REBASAR A OTRO VEHICULO EN MOVIMIENTO EN ZONAS O SITIOS PELIGROSOS TALES COMO: CURVAS, PUENTES, TUNELES, PENDIENTES, ETC.",OTROS,MOTOCICLETA,0,0,0,0,0,0,0,0,1,0,0,0,0,1,-1,NO IDENTIFICADO,NO IDENTIFICADO,CONDUCTOR AUSENTE,NO,NO,2
30108,123487,123488,2022,1,0,-0.107657,-78.447058,PICHINCHA,QUITO,CALDERON (CARAPUNGO),RURAL,2022-04-15,14:30:00,14,VIERNES,5,ABRIL,4,SI,"NO RESPETAR LAS SENIALES REGLAMENTARIAS DE TRANSITO. (PARE, CEDA EL PASO, LUZ ROJA DEL SEMAFORO, ETC).",CHOQUE LATERAL,MOTOCICLETA,1,0,0,0,0,0,0,0,1,0,0,0,0,2,24,HOMBRE,LESIONADO,PASAJERO,NO,NO,3
30109,123492,123493,2022,0,0,-0.111407,-78.457826,PICHINCHA,QUITO,CALDERON (CARAPUNGO),RURAL,2022-04-15,18:13:00,18,VIERNES,5,ABRIL,4,SI,CONDUCIR VEHICULO SUPERANDO LOS LIMITES MAXIMOS DE VELOCIDAD.,ESTRELLAMIENTOS,AUTOMOVIL,1,0,0,0,0,0,0,0,0,0,0,0,0,1,-1,NO IDENTIFICADO,NO IDENTIFICADO,CONDUCTOR AUSENTE,NO,NO,2
30110,123495,123496,2022,1,0,-0.332861,-78.550504,PICHINCHA,QUITO,QUITO,URBANA,2022-04-15,19:25:00,19,VIERNES,5,ABRIL,4,SI,"NO RESPETAR LAS SENIALES REGLAMENTARIAS DE TRANSITO. (PARE, CEDA EL PASO, LUZ ROJA DEL SEMAFORO, ETC).",CHOQUE LATERAL,BUS,1,0,1,0,0,0,0,0,0,0,0,0,0,2,25,HOMBRE,LESIONADO,CONDUCTOR PRESENTE,NO,NO,1
30111,123518,123519,2022,1,1,-0.447007,-78.421883,PICHINCHA,RUMINIAHUI,RUMIPAMBA (RUMINIAHUI),RURAL,2022-04-16,03:50:00,3,SABADO,6,ABRIL,4,SI,MALAS CONDICIONES DE LA VIA Y/O CONFIGURACION. (ILUMINACION Y DISENIO).,PERDIDA DE CARRIL,VEHICULO DEPORTIVO UTILITARIO,0,0,0,0,0,0,0,0,0,0,0,0,1,1,33,HOMBRE,FALLECIDO,CONDUCTOR PRESENTE,NO,SI,3
30112,123521,123522,2022,4,0,-0.132711,-78.474864,PICHINCHA,QUITO,QUITO,URBANA,2022-04-16,07:30:00,7,SABADO,6,ABRIL,4,SI,"NO RESPETAR LAS SENIALES REGLAMENTARIAS DE TRANSITO. (PARE, CEDA EL PASO, LUZ ROJA DEL SEMAFORO, ETC).",ESTRELLAMIENTOS,AUTOMOVIL,1,0,0,0,0,0,0,0,0,0,0,0,0,1,24,HOMBRE,LESIONADO,PASAJERO,NO,NO,1
30113,123527,123528,2022,5,0,-0.274343,-78.510768,PICHINCHA,QUITO,QUITO,URBANA,2022-04-16,10:11:00,10,SABADO,6,ABRIL,4,SI,"CONDUCE BAJO LA INFLUENCIA DE ALCOHOL, SUSTANCIAS ESTUPEFACIENTES O PSICOTROPICAS Y/O MEDICAMENTOS.",CHOQUE POSTERIOR,AUTOMOVIL,2,0,0,0,0,0,0,0,0,0,0,0,0,2,45,HOMBRE,LESIONADO,PASAJERO,NO,NO,1
30114,123534,123535,2022,0,0,-0.265514,-78.541481,PICHINCHA,QUITO,QUITO,URBANA,2022-04-16,13:00:00,13,SABADO,6,ABRIL,4,SI,"NO RESPETAR LAS SENIALES REGLAMENTARIAS DE TRANSITO. (PARE, CEDA EL PASO, LUZ ROJA DEL SEMAFORO, ETC).",CHOQUE LATERAL,AUTOMOVIL,1,0,0,0,0,0,0,0,0,1,0,0,0,2,23,HOMBRE,ILESO,PASAJERO,NO,NO,1
30115,123539,123540,2022,1,0,-0.221131,-78.520765,PICHINCHA,QUITO,QUITO,URBANA,2022-04-16,14:15:00,14,SABADO,6,ABRIL,4,SI,NO TRANSITAR POR LAS ACERAS O ZONAS DE SEGURIDAD DESTINADAS PARA EL EFECTO.,ATROPELLOS,AUTOMOVIL,1,0,0,0,0,0,0,0,0,0,0,0,0,1,22,HOMBRE,LESIONADO,PEATON,NO,NO,1
30116,123551,123552,2022,0,0,-0.105381,-78.433622,PICHINCHA,QUITO,CALDERON (CARAPUNGO),RURAL,2022-04-16,18:40:00,18,SABADO,6,ABRIL,4,SI,"NO RESPETAR LAS SENIALES REGLAMENTARIAS DE TRANSITO. (PARE, CEDA EL PASO, LUZ ROJA DEL SEMAFORO, ETC).",CHOQUE LATERAL,VEHICULO DEPORTIVO UTILITARIO,1,0,0,0,0,0,0,0,0,0,0,0,1,2,43,HOMBRE,ILESO,CONDUCTOR PRESENTE,NO,NO,3
30117,123554,123555,2022,1,0,-0.192201,-78.460311,PICHINCHA,QUITO,QUITO,URBANA,2022-04-16,19:10:00,19,SABADO,6,ABRIL,4,SI,"ADELANTAR O REBASAR A OTRO VEHICULO EN MOVIMIENTO EN ZONAS O SITIOS PELIGROSOS TALES COMO: CURVAS, PUENTES, TUNELES, PENDIENTES, ETC.",VOLCAMIENTOS,MOTOCICLETA,0,0,0,0,0,0,0,0,1,0,0,0,0,1,37,HOMBRE,LESIONADO,PASAJERO,NO,NO,1
30118,123556,123557,2022,1,0,-0.381139,-78.505108,PICHINCHA,QUITO,AMAGUANIA,RURAL,2022-04-16,19:26:00,19,SABADO,6,ABRIL,4,SI,"CONDUCIR DESATENTO A LAS CONDICIONES DE TRANSITO (CELULAR, PANTALLAS DE VIDEO, COMIDA, MAQUILLAJE O CUALQUIER OTRO ELEMENTO DISTRACTOR).",CHOQUE LATERAL,CAMION,0,0,0,1,0,0,0,0,0,0,0,0,0,1,26,HOMBRE,LESIONADO,CONDUCTOR PRESENTE,NO,SI,3
30119,123568,123569,2022,0,0,-0.158075,-78.446234,PICHINCHA,QUITO,NAYON,RURAL,2022-04-16,21:50:00,21,SABADO,6,ABRIL,4,SI,CONDUCIR VEHICULO SUPERANDO LOS LIMITES MAXIMOS DE VELOCIDAD.,ESTRELLAMIENTOS,AUTOMOVIL,1,0,0,0,0,0,0,0,0,0,0,0,0,1,-1,NO IDENTIFICADO,NO IDENTIFICADO,CONDUCTOR AUSENTE,NO,NO,2
30120,123573,123574,2022,2,0,-0.102498,-78.492852,PICHINCHA,QUITO,QUITO,URBANA,2022-04-16,22:35:00,22,SABADO,6,ABRIL,4,SI,"CONDUCE BAJO LA INFLUENCIA DE ALCOHOL, SUSTANCIAS ESTUPEFACIENTES O PSICOTROPICAS Y/O MEDICAMENTOS.",CHOQUE LATERAL,MOTOCICLETA,1,0,0,0,0,0,0,0,1,0,0,0,0,2,27,HOMBRE,LESIONADO,PASAJERO,NO,NO,1
30121,123577,123578,2022,0,0,-0.198739,-78.487819,PICHINCHA,QUITO,QUITO,URBANA,2022-04-16,23:00:00,23,SABADO,6,ABRIL,4,SI,"NO RESPETAR LAS SENIALES REGLAMENTARIAS DE TRANSITO. (PARE, CEDA EL PASO, LUZ ROJA DEL SEMAFORO, ETC).",ESTRELLAMIENTOS,CAMIONETA,0,0,0,0,1,0,0,0,0,0,0,0,0,1,-1,NO IDENTIFICADO,NO IDENTIFICADO,CONDUCTOR AUSENTE,NO,NO,2
30122,123581,123582,2022,0,0,-0.289471,-78.538601,PICHINCHA,QUITO,QUITO,URBANA,2022-04-16,23:30:00,23,SABADO,6,ABRIL,4,SI,CONDUCIR VEHICULO SUPERANDO LOS LIMITES MAXIMOS DE VELOCIDAD.,ESTRELLAMIENTOS,AUTOMOVIL,1,0,0,0,0,0,0,0,0,0,0,0,0,1,-1,NO IDENTIFICADO,NO IDENTIFICADO,CONDUCTOR AUSENTE,NO,NO,2
30123,123585,123586,2022,0,0,-0.169327,-78.484415,PICHINCHA,QUITO,QUITO,URBANA,2022-04-17,00:40:00,0,DOMINGO,7,ABRIL,4,SI,"CONDUCIR DESATENTO A LAS CONDICIONES DE TRANSITO (CELULAR, PANTALLAS DE VIDEO, COMIDA, MAQUILLAJE O CUALQUIER OTRO ELEMENTO DISTRACTOR).",CHOQUE LATERAL,AUTOMOVIL,2,0,0,0,0,0,0,0,0,0,0,0,0,2,19,MUJER,ILESO,CONDUCTOR PRESENTE,NO,NO,1
30124,123592,123593,2022,1,0,-0.094781,-78.483203,PICHINCHA,QUITO,QUITO,URBANA,2022-04-17,02:50:00,2,DOMINGO,7,ABRIL,4,SI,CONDUCIR VEHICULO SUPERANDO LOS LIMITES MAXIMOS DE VELOCIDAD.,ESTRELLAMIENTOS,AUTOMOVIL,2,0,0,0,0,0,0,0,0,0,0,0,0,2,30,MUJER,LESIONADO,PASAJERO,NO,NO,1
30125,123595,123596,2022,0,0,-0.135831,-78.493801,PICHINCHA,QUITO,QUITO,URBANA,2022-04-17,03:15:00,3,DOMINGO,7,ABRIL,4,SI,CONDUCIR VEHICULO SUPERANDO LOS LIMITES MAXIMOS DE VELOCIDAD.,ESTRELLAMIENTOS,AUTOMOVIL,1,0,0,0,0,0,0,0,0,0,0,0,0,1,-1,NO IDENTIFICADO,NO IDENTIFICADO,CONDUCTOR AUSENTE,NO,NO,2
30126,123596,123597,2022,1,0,-0.289877,-78.520279,PICHINCHA,QUITO,QUITO,URBANA,2022-04-17,03:25:00,3,DOMINGO,7,ABRIL,4,SI,"PRESENCIA DE AGENTES EXTERNOS EN LA VIA (AGUA, ACEITE, PIEDRA, LASTRE, ESCOMBROS, MADEROS, ETC.).",PERDIDA DE CARRIL,MOTOCICLETA,0,0,0,0,0,0,0,0,1,0,0,0,0,1,31,HOMBRE,LESIONADO,CONDUCTOR PRESENTE,NO,NO,1
30127,123604,123605,2022,1,0,-0.146349,-78.474897,PICHINCHA,QUITO,QUITO,URBANA,2022-04-17,06:00:00,6,DOMINGO,7,ABRIL,4,SI,"NO RESPETAR LAS SENIALES REGLAMENTARIAS DE TRANSITO. (PARE, CEDA EL PASO, LUZ ROJA DEL SEMAFORO, ETC).",CHOQUE LATERAL,MOTOCICLETA,0,0,0,0,0,0,0,0,1,1,0,0,0,2,41,HOMBRE,LESIONADO,CONDUCTOR PRESENTE,NO,NO,1
30128,123606,123607,2022,0,0,-0.154233,-78.472971,PICHINCHA,QUITO,QUITO,URBANA,2022-04-17,06:12:00,6,DOMINGO,7,ABRIL,4,SI,"CONDUCE BAJO LA INFLUENCIA DE ALCOHOL, SUSTANCIAS ESTUPEFACIENTES O PSICOTROPICAS Y/O MEDICAMENTOS.",CHOQUE LATERAL,MOTOCICLETA,1,0,0,0,0,0,0,0,1,0,0,0,0,2,24,HOMBRE,ILESO,CONDUCTOR PRESENTE,NO,NO,1
30129,123613,123614,2022,0,0,-0.331134,-78.550476,PICHINCHA,QUITO,QUITO,URBANA,2022-04-17,07:45:00,7,DOMINGO,7,ABRIL,4,SI,CONDUCIR VEHICULO SUPERANDO LOS LIMITES MAXIMOS DE VELOCIDAD.,OTROS,AUTOMOVIL,1,0,0,0,0,0,0,0,0,0,0,0,0,1,-1,NO IDENTIFICADO,NO IDENTIFICADO,CONDUCTOR AUSENTE,NO,NO,2
30130,123623,123624,2022,1,0,-0.426651,-78.551893,PICHINCHA,MEJIA,TAMBILLO (MEJIA),RURAL,2022-04-17,11:05:00,11,DOMINGO,7,ABRIL,4,SI,"CONDUCIR DESATENTO A LAS CONDICIONES DE TRANSITO (CELULAR, PANTALLAS DE VIDEO, COMIDA, MAQUILLAJE O CUALQUIER OTRO ELEMENTO DISTRACTOR).",ATROPELLOS,VEHICULO DEPORTIVO UTILITARIO,0,0,0,0,0,0,0,0,0,0,0,0,1,1,14,MUJER,LESIONADO,PEATON,NO,SI,3
30131,123631,123632,2022,4,2,-0.295551,-78.522376,PICHINCHA,QUITO,QUITO,URBANA,2022-04-17,14:20:00,14,DOMINGO,7,ABRIL,4,SI,CONDUCIR VEHICULO SUPERANDO LOS LIMITES MAXIMOS DE VELOCIDAD.,ESTRELLAMIENTOS,AUTOMOVIL,1,0,0,0,0,0,0,0,0,0,0,0,0,1,22,HOMBRE,FALLECIDO,CONDUCTOR PRESENTE,NO,NO,1
30132,123632,123633,2022,0,0,-0.234369,-78.529107,PICHINCHA,QUITO,QUITO,URBANA,2022-04-17,14:30:00,14,DOMINGO,7,ABRIL,4,SI,CONDUCIR VEHICULO SUPERANDO LOS LIMITES MAXIMOS DE VELOCIDAD.,OTROS,AUTOMOVIL,1,0,0,0,0,0,0,0,0,0,0,0,0,1,-1,NO IDENTIFICADO,NO IDENTIFICADO,CONDUCTOR AUSENTE,NO,NO,2
30133,123637,123638,2022,0,0,-0.106799,-78.453914,PICHINCHA,QUITO,CALDERON (CARAPUNGO),RURAL,2022-04-17,15:00:00,15,DOMINGO,7,ABRIL,4,SI,"CONDUCE BAJO LA INFLUENCIA DE ALCOHOL, SUSTANCIAS ESTUPEFACIENTES O PSICOTROPICAS Y/O MEDICAMENTOS.",COLISION,CAMION,2,0,0,1,1,0,0,0,0,0,0,0,0,4,43,HOMBRE,ILESO,CONDUCTOR PRESENTE,NO,NO,3
30134,123641,123642,2022,0,0,-0.332745,-78.573361,PICHINCHA,QUITO,QUITO,URBANA,2022-04-17,16:12:00,16,DOMINGO,7,ABRIL,4,SI,CONDUCIR VEHICULO SUPERANDO LOS LIMITES MAXIMOS DE VELOCIDAD.,ESTRELLAMIENTOS,CAMIONETA,1,0,0,0,1,0,0,0,0,0,0,0,0,2,43,MUJER,ILESO,CONDUCTOR PRESENTE,NO,NO,1