,Unnamed: 0,ID,ANIO,LESIONADOS,FALLECIDOS,LATITUD_Y,LONGITUD_X,PROVINCIA,CANTON,PARROQUIA,ZONA,FECHA,HORA,PERIODO_2,DIA_1,DIA_2,MES_1,MES_2,FERIADO,CAUSA_PROBABLE,TIPO_DE_SINIESTRO,TIPO_DE_VEHICULO_1,AUTOMOVIL,BICICLETA,BUS,CAMION,CAMIONETA,EMERGENCIAS,ESPECIAL,FURGONETA,MOTOCICLETA,NO_IDENTIFICADO,SCOOTER_ELECTRICO,TRICIMOTO,VEHICULO_DEPORTIVO_UTILITARIO,SUMA_DE_VEHICULOS,EDAD_1,SEXO_1,CONDICION_1,PARTICIPANTE_1,CASCO_1,CINTURON_1,KMeans_Cluster
30135,123643,123644,2022,1,0,-0.449821,-78.656428,PICHINCHA,MEJIA,ALOAG,RURAL,2022-04-17,17:00:00,17,DOMINGO,7,ABRIL,4,SI,"CONDUCIR DESATENTO A LAS CONDICIONES DE TRANSITO (CELULAR, PANTALLAS DE VIDEO, COMIDA, MAQUILLAJE O CUALQUIER OTRO ELEMENTO DISTRACTOR).",VOLCAMIENTOS,MOTOCICLETA,0,0,0,0,0,0,0,0,1,0,0,0,0,1,-1,HOMBRE,LESIONADO,CONDUCTOR PRESENTE,SI,NO,3
30136,123648,123649,2022,1,0,-0.190541,-78.480971,PICHINCHA,QUITO,QUITO,URBANA,2022-04-17,18:00:00,18,DOMINGO,7,ABRIL,4,SI,BAJARSE O SUBIRSE DE VEHICULOS EN MOVIMIENTO SIN TOMAR LAS PRECAUCIONES DEBIDAS.,CAIDA DE PASAJERO,BUS,0,0,1,0,0,0,0,0,0,0,0,0,0,1,60,MUJER,LESIONADO,PASAJERO,NO,NO,1
30137,123649,123650,2022,1,0,-0.309832,-78.550294,PICHINCHA,QUITO,QUITO,URBANA,2022-04-17,18:02:00,18,DOMINGO,7,ABRIL,4,SI,CONDUCIR VEHICULO SUPERANDO LOS LIMITES MAXIMOS DE VELOCIDAD.,CHOQUE LATERAL,MOTOCICLETA,1,0,0,0,0,0,0,0,1,0,0,0,0,2,43,HOMBRE,LESIONADO,PASAJERO,NO,NO,1
30138,123658,123659,2022,2,0,-0.136455,-78.426052,PICHINCHA,QUITO,LLANO CHICO,RURAL,2022-04-17,19:50:00,19,DOMINGO,7,ABRIL,4,SI,"CONDUCE BAJO LA INFLUENCIA DE ALCOHOL, SUSTANCIAS ESTUPEFACIENTES O PSICOTROPICAS Y/O MEDICAMENTOS.",CHOQUE POSTERIOR,MOTOCICLETA,0,0,0,0,1,0,0,0,1,0,0,0,0,2,23,HOMBRE,LESIONADO,PASAJERO,NO,NO,3
30139,123662,123663,2022,2,0,-0.221352,-78.421571,PICHINCHA,QUITO,TUMBACO,RURAL,2022-04-17,20:20:00,20,DOMINGO,7,ABRIL,4,SI,CONDUCIR VEHICULO SUPERANDO LOS LIMITES MAXIMOS DE VELOCIDAD.,ESTRELLAMIENTOS,MOTOCICLETA,0,0,0,0,0,0,0,0,1,0,0,0,0,1,35,HOMBRE,LESIONADO,PASAJERO,NO,NO,3
30140,123666,123667,2022,0,0,-0.443333,-78.696944,PICHINCHA,MEJIA,ALOAG,RURAL,2022-04-17,21:13:00,21,DOMINGO,7,ABRIL,4,SI,NO MANTENER LA DISTANCIA PRUDENCIAL CON RESPECTO AL VEHICULO QUE LE ANTECEDE.,CHOQUE POSTERIOR,BUS,0,0,1,0,0,0,0,0,0,0,0,0,1,2,-1,HOMBRE,ILESO,CONDUCTOR PRESENTE,NO,SI,3
30141,123693,123694,2022,2,0,-0.238043,-78.529049,PICHINCHA,QUITO,QUITO,URBANA,2022-04-18,07:36:00,7,LUNES,1,ABRIL,4,NO,"NO RESPETAR LAS SENIALES REGLAMENTARIAS DE TRANSITO. (PARE, CEDA EL PASO, LUZ ROJA DEL SEMAFORO, ETC).",CHOQUE LATERAL,MOTOCICLETA,0,0,0,0,1,0,0,0,1,0,0,0,0,2,32,MUJER,LESIONADO,PASAJERO,NO,NO,1
30142,123697,123698,2022,6,0,-0.218231,-78.432096,PICHINCHA,QUITO,CUMBAYA,RURAL,2022-04-18,11:00:00,11,LUNES,1,ABRIL,4,NO,"FALLA MECANICA EN LOS SISTEMAS Y/O NEUMATICOS (SISTEMA DE FRENOS, DIRECCION, ELECTRONICO O MECANICO).",OTROS,CAMION,1,0,0,2,1,0,0,0,0,0,0,0,0,4,21,HOMBRE,LESIONADO,PASAJERO,NO,NO,3
30143,123698,123699,2022,0,2,-0.004726,-78.318972,PICHINCHA,PEDRO MONCAYO,TOCACHI,RURAL,2022-04-18,11:30:00,11,LUNES,1,ABRIL,4,NO,"CONDUCIR DESATENTO A LAS CONDICIONES DE TRANSITO (CELULAR, PANTALLAS DE VIDEO, COMIDA, MAQUILLAJE O CUALQUIER OTRO ELEMENTO DISTRACTOR).",PERDIDA DE CARRIL,CAMION,0,0,0,1,0,0,0,0,0,0,0,0,1,2,44,MUJER,FALLECIDO,CONDUCTOR PRESENTE,NO,SI,3
30144,123701,123702,2022,1,0,-0.292231,-78.481688,PICHINCHA,QUITO,CONOCOTO,RURAL,2022-04-18,12:35:00,12,LUNES,1,ABRIL,4,NO,REALIZAR CAMBIO BRUSCO O INDEBIDO DE CARRIL.,CHOQUE LATERAL,MOTOCICLETA,1,0,0,0,0,0,0,0,1,0,0,0,0,2,22,HOMBRE,LESIONADO,CONDUCTOR PRESENTE,NO,NO,3
30145,123706,123707,2022,0,0,-0.300178,-78.474229,PICHINCHA,QUITO,CONOCOTO,RURAL,2022-04-18,13:50:00,13,LUNES,1,ABRIL,4,NO,DANIOS MECANICOS PREVISIBLES.,ESTRELLAMIENTOS,AUTOMOVIL,2,0,0,0,0,0,0,0,0,0,0,0,0,2,48,MUJER,ILESO,CONDUCTOR PRESENTE,NO,NO,3
30146,123709,123710,2022,1,0,-0.247247,-78.476627,PICHINCHA,QUITO,QUITO,RURAL,2022-04-18,14:00:00,14,LUNES,1,ABRIL,4,NO,CONDUCIR VEHICULO SUPERANDO LOS LIMITES MAXIMOS DE VELOCIDAD.,VOLCAMIENTOS,MOTOCICLETA,0,0,0,0,0,0,0,0,1,0,0,0,0,1,27,HOMBRE,LESIONADO,CONDUCTOR PRESENTE,NO,NO,3
30147,123711,123712,2022,0,0,-0.198739,-78.487819,PICHINCHA,QUITO,QUITO,URBANA,2022-04-18,15:30:00,15,LUNES,1,ABRIL,4,NO,"NO RESPETAR LAS SENIALES REGLAMENTARIAS DE TRANSITO. (PARE, CEDA EL PASO, LUZ ROJA DEL SEMAFORO, ETC).",CHOQUE LATERAL,AUTOMOVIL,2,0,0,0,0,0,0,0,0,0,0,0,0,2,27,HOMBRE,ILESO,CONDUCTOR PRESENTE,NO,NO,1
30148,123725,123726,2022,0,0,-0.094983,-78.470205,PICHINCHA,QUITO,QUITO,URBANA,2022-04-18,19:25:00,19,LUNES,1,ABRIL,4,NO,"CONDICIONES AMBIENTALES Y/O ATMOSFERICAS (NIEBLA, NEBLINA, GRANIZO, LLUVIA).",ESTRELLAMIENTOS,CAMIONETA,0,0,0,0,1,0,0,0,0,0,0,0,0,1,40,HOMBRE,ILESO,CONDUCTOR PRESENTE,NO,NO,1
30149,123737,123738,2022,0,2,0.042222,-78.227305,PICHINCHA,PEDRO MONCAYO,TABACUNDO,RURAL,2022-04-18,22:00:00,22,LUNES,1,ABRIL,4,NO,MALAS CONDICIONES DE LA VIA Y/O CONFIGURACION. (ILUMINACION Y DISENIO).,ATROPELLOS,AUTOMOVIL,1,0,0,0,0,0,0,0,0,0,0,0,0,1,-1,HOMBRE,FALLECIDO,PEATON,NO,SI,3
30150,123741,123742,2022,0,1,-0.445315,-78.556724,PICHINCHA,MEJIA,ALOAG,RURAL,2022-04-18,23:20:00,23,LUNES,1,ABRIL,4,NO,"CONDUCIR DESATENTO A LAS CONDICIONES DE TRANSITO (CELULAR, PANTALLAS DE VIDEO, COMIDA, MAQUILLAJE O CUALQUIER OTRO ELEMENTO DISTRACTOR).",CHOQUE LATERAL,CAMION,0,0,0,2,0,0,0,0,0,0,0,0,0,2,30,HOMBRE,FALLECIDO,CONDUCTOR PRESENTE,NO,SI,3
30151,123742,123743,2022,0,0,-0.348975,-78.854339,PICHINCHA,MEJIA,MANUEL CORNEJO ASTORGA,RURAL,2022-04-18,23:24:00,23,LUNES,1,ABRIL,4,NO,NO MANTENER LA DISTANCIA PRUDENCIAL CON RESPECTO AL VEHICULO QUE LE ANTECEDE.,CHOQUE POSTERIOR,VEHICULO DEPORTIVO UTILITARIO,1,0,0,0,0,0,0,0,0,0,0,0,1,2,-1,HOMBRE,ILESO,CONDUCTOR PRESENTE,NO,SI,3
30152,123752,123753,2022,0,0,-0.195049,-78.508672,PICHINCHA,QUITO,QUITO,URBANA,2022-04-19,07:05:00,7,MARTES,2,ABRIL,4,NO,"NO RESPETAR LAS SENIALES REGLAMENTARIAS DE TRANSITO. (PARE, CEDA EL PASO, LUZ ROJA DEL SEMAFORO, ETC).",CHOQUE LATERAL,MOTOCICLETA,1,0,0,0,0,0,0,0,1,0,0,0,0,2,73,HOMBRE,ILESO,CONDUCTOR PRESENTE,NO,NO,1
30153,123755,123756,2022,1,0,-0.254616,-78.522374,PICHINCHA,QUITO,QUITO,URBANA,2022-04-19,08:10:00,8,MARTES,2,ABRIL,4,NO,PEATON QUE CRUZA LA CALZADA SIN RESPETAR LA SENIALIZACION EXISTENTE (SEMAFOROS O SENIALES MANUALES).,ATROPELLOS,BUS,0,0,1,0,0,0,0,0,0,0,0,0,0,1,35,HOMBRE,LESIONADO,PEATON,NO,NO,1
30154,123767,123768,2022,2,0,-0.328948,-78.540572,PICHINCHA,QUITO,QUITO,URBANA,2022-04-19,13:20:00,13,MARTES,2,ABRIL,4,NO,"CONDICIONES AMBIENTALES Y/O ATMOSFERICAS (NIEBLA, NEBLINA, GRANIZO, LLUVIA).",CHOQUE LATERAL,AUTOMOVIL,2,0,0,0,0,0,0,0,0,0,0,0,0,2,40,MUJER,LESIONADO,PASAJERO,NO,NO,1
30155,123770,123771,2022,0,0,-0.292333,-78.567451,PICHINCHA,QUITO,QUITO,URBANA,2022-04-19,15:50:00,15,MARTES,2,ABRIL,4,NO,"CONDUCE BAJO LA INFLUENCIA DE ALCOHOL, SUSTANCIAS ESTUPEFACIENTES O PSICOTROPICAS Y/O MEDICAMENTOS.",ESTRELLAMIENTOS,CAMIONETA,0,0,0,0,2,0,0,0,0,0,0,0,0,2,64,MUJER,ILESO,PASAJERO,NO,NO,1
30156,123773,123774,2022,0,0,-0.248318,-78.512283,PICHINCHA,QUITO,QUITO,URBANA,2022-04-19,16:15:00,16,MARTES,2,ABRIL,4,NO,"CONDUCE BAJO LA INFLUENCIA DE ALCOHOL, SUSTANCIAS ESTUPEFACIENTES O PSICOTROPICAS Y/O MEDICAMENTOS.",CHOQUE FRONTAL,AUTOMOVIL,2,0,0,0,0,0,0,0,0,0,0,0,0,2,65,HOMBRE,ILESO,CONDUCTOR PRESENTE,NO,NO,1
30157,123777,123778,2022,0,0,-0.192707,-78.453134,PICHINCHA,QUITO,NAYON,RURAL,2022-04-19,16:45:00,16,MARTES,2,ABRIL,4,NO,"CONDICIONES AMBIENTALES Y/O ATMOSFERICAS (NIEBLA, NEBLINA, GRANIZO, LLUVIA).",COLISION,AUTOMOVIL,3,0,0,0,0,0,0,0,0,0,0,0,0,3,32,MUJER,ILESO,CONDUCTOR PRESENTE,NO,NO,3
30158,123784,123785,2022,1,0,-0.291187,-78.447096,PICHINCHA,QUITO,ALANGASI,RURAL,2022-04-19,20:00:00,20,MARTES,2,ABRIL,4,NO,REALIZAR CAMBIO BRUSCO O INDEBIDO DE CARRIL.,CHOQUE LATERAL,MOTOCICLETA,1,0,0,0,0,0,0,0,1,0,0,0,0,2,27,HOMBRE,LESIONADO,CONDUCTOR PRESENTE,NO,NO,3
30159,123787,123788,2022,0,1,-0.295041,-78.355994,PICHINCHA,QUITO,PIFO,RURAL,2022-04-19,20:15:00,20,MARTES,2,ABRIL,4,NO,"CONDUCIR DESATENTO A LAS CONDICIONES DE TRANSITO (CELULAR, PANTALLAS DE VIDEO, COMIDA, MAQUILLAJE O CUALQUIER OTRO ELEMENTO DISTRACTOR).",CHOQUE LATERAL,CAMION,0,0,0,2,0,0,0,0,0,0,0,0,0,2,63,HOMBRE,FALLECIDO,PASAJERO,NO,SI,3
30160,123797,123798,2022,0,0,-0.168564,-78.469337,PICHINCHA,QUITO,QUITO,URBANA,2022-04-19,23:30:00,23,MARTES,2,ABRIL,4,NO,"CONDICIONES AMBIENTALES Y/O ATMOSFERICAS (NIEBLA, NEBLINA, GRANIZO, LLUVIA).",CHOQUE LATERAL,AUTOMOVIL,2,0,0,0,0,0,0,0,0,0,0,0,0,2,47,HOMBRE,ILESO,CONDUCTOR PRESENTE,NO,NO,1
30161,123801,123802,2022,0,0,-0.237408,-78.484425,PICHINCHA,QUITO,QUITO,URBANA,2022-04-20,04:10:00,4,MIERCOLES,3,ABRIL,4,NO,CONDUCIR VEHICULO SUPERANDO LOS LIMITES MAXIMOS DE VELOCIDAD.,ESTRELLAMIENTOS,CAMION,0,0,0,1,0,0,0,0,0,0,0,0,0,1,59,HOMBRE,ILESO,CONDUCTOR PRESENTE,NO,NO,1
30162,123809,123810,2022,0,0,-0.141615,-78.443355,PICHINCHA,QUITO,LLANO CHICO,RURAL,2022-04-20,08:49:00,8,MIERCOLES,3,ABRIL,4,NO,CONDUCIR VEHICULO SUPERANDO LOS LIMITES MAXIMOS DE VELOCIDAD.,COLISION,VEHICULO DEPORTIVO UTILITARIO,2,0,0,0,0,0,0,0,0,0,0,0,1,3,21,HOMBRE,ILESO,CONDUCTOR PRESENTE,NO,NO,3
30163,123815,123816,2022,0,0,-0.309494,-78.523154,PICHINCHA,QUITO,QUITO,URBANA,2022-04-20,10:40:00,10,MIERCOLES,3,ABRIL,4,NO,CONDUCIR VEHICULO SUPERANDO LOS LIMITES MAXIMOS DE VELOCIDAD.,ESTRELLAMIENTOS,CAMIONETA,0,0,0,0,1,0,0,0,0,0,0,0,0,1,-1,NO IDENTIFICADO,NO IDENTIFICADO,CONDUCTOR AUSENTE,NO,NO,2
30164,123818,123819,2022,2,0,-0.115463,-78.489532,PICHINCHA,QUITO,QUITO,URBANA,2022-04-20,11:15:00,11,MIERCOLES,3,ABRIL,4,NO,"ADELANTAR O REBASAR A OTRO VEHICULO EN MOVIMIENTO EN ZONAS O SITIOS PELIGROSOS TALES COMO: CURVAS, PUENTES, TUNELES, PENDIENTES, ETC.",CHOQUE FRONTAL,MOTOCICLETA,0,0,0,0,0,0,0,0,2,0,0,0,0,2,23,HOMBRE,LESIONADO,CONDUCTOR PRESENTE,NO,NO,1
30165,123827,123828,2022,0,0,-0.208842,-78.491621,PICHINCHA,QUITO,QUITO,URBANA,2022-04-20,13:30:00,13,MIERCOLES,3,ABRIL,4,NO,"CONDICIONES AMBIENTALES Y/O ATMOSFERICAS (NIEBLA, NEBLINA, GRANIZO, LLUVIA).",CHOQUE LATERAL,BUS,1,0,1,0,0,0,0,0,0,0,0,0,0,2,36,HOMBRE,ILESO,CONDUCTOR PRESENTE,NO,NO,1
30166,123838,123839,2022,0,0,-0.109608,-78.458711,PICHINCHA,QUITO,CALDERON (CARAPUNGO),RURAL,2022-04-20,18:10:00,18,MIERCOLES,3,ABRIL,4,NO,"NO RESPETAR LAS SENIALES REGLAMENTARIAS DE TRANSITO. (PARE, CEDA EL PASO, LUZ ROJA DEL SEMAFORO, ETC).",CHOQUE LATERAL,VEHICULO DEPORTIVO UTILITARIO,1,0,0,0,0,0,0,0,0,0,0,0,1,2,64,HOMBRE,ILESO,CONDUCTOR PRESENTE,NO,NO,3
30167,123851,123852,2022,0,0,-0.111744,-78.479011,PICHINCHA,QUITO,QUITO,URBANA,2022-04-20,23:20:00,23,MIERCOLES,3,ABRIL,4,NO,"CONDICIONES AMBIENTALES Y/O ATMOSFERICAS (NIEBLA, NEBLINA, GRANIZO, LLUVIA).",ESTRELLAMIENTOS,CAMIONETA,0,0,0,0,1,0,0,0,0,0,0,0,0,1,41,HOMBRE,ILESO,CONDUCTOR PRESENTE,NO,NO,1
30168,123857,123858,2022,0,0,-0.160289,-78.485614,PICHINCHA,QUITO,QUITO,URBANA,2022-04-21,03:15:00,3,JUEVES,4,ABRIL,4,NO,"CONDUCE BAJO LA INFLUENCIA DE ALCOHOL, SUSTANCIAS ESTUPEFACIENTES O PSICOTROPICAS Y/O MEDICAMENTOS.",CHOQUE LATERAL,AUTOMOVIL,2,0,0,0,0,0,0,0,0,0,0,0,0,2,23,HOMBRE,ILESO,CONDUCTOR PRESENTE,NO,NO,1
30169,123860,123861,2022,0,0,-0.237408,-78.484425,PICHINCHA,QUITO,QUITO,URBANA,2022-04-21,05:55:00,5,JUEVES,4,ABRIL,4,NO,"CONDICIONES AMBIENTALES Y/O ATMOSFERICAS (NIEBLA, NEBLINA, GRANIZO, LLUVIA).",ESTRELLAMIENTOS,AUTOMOVIL,1,0,0,0,0,0,0,0,0,0,0,0,0,1,-1,NO IDENTIFICADO,NO IDENTIFICADO,CONDUCTOR AUSENTE,NO,NO,2
30170,123864,123865,2022,0,0,-0.283232,-78.554429,PICHINCHA,QUITO,QUITO,URBANA,2022-04-21,07:30:00,7,JUEVES,4,ABRIL,4,NO,NO CEDER EL DERECHO DE VIA O PREFERENCIA DE PASO A VEHICULOS.,CHOQUE LATERAL,CAMION,1,0,0,1,0,0,0,0,0,0,0,0,0,2,0,HOMBRE,ILESO,PASAJERO,NO,NO,1
30171,123872,123873,2022,0,0,-0.070618,-78.454278,PICHINCHA,QUITO,POMASQUI,RURAL,2022-04-21,10:30:00,10,JUEVES,4,ABRIL,4,NO,REALIZAR CAMBIO BRUSCO O INDEBIDO DE CARRIL.,ROZAMIENTOS,AUTOMOVIL,2,0,0,0,0,0,0,0,0,0,0,0,0,2,44,MUJER,ILESO,CONDUCTOR PRESENTE,NO,NO,3
30172,123875,123876,2022,0,0,-0.325839,-78.540415,PICHINCHA,QUITO,QUITO,URBANA,2022-04-21,12:00:00,12,JUEVES,4,ABRIL,4,NO,REALIZAR CAMBIO BRUSCO O INDEBIDO DE CARRIL.,CHOQUE LATERAL,VEHICULO DEPORTIVO UTILITARIO,1,0,0,0,0,0,0,0,0,0,0,0,1,2,25,HOMBRE,ILESO,CONDUCTOR PRESENTE,NO,NO,1
30173,123879,123880,2022,1,0,-0.281969,-78.572213,PICHINCHA,QUITO,QUITO,URBANA,2022-04-21,12:50:00,12,JUEVES,4,ABRIL,4,NO,REALIZAR CAMBIO BRUSCO O INDEBIDO DE CARRIL.,CHOQUE LATERAL,BICICLETA,0,1,0,0,0,0,0,0,0,1,0,0,0,2,50,HOMBRE,LESIONADO,CONDUCTOR PRESENTE,NO,NO,1
30174,123882,123883,2022,0,0,-0.290983,-78.536293,PICHINCHA,QUITO,QUITO,URBANA,2022-04-21,14:55:00,14,JUEVES,4,ABRIL,4,NO,CONDUCIR VEHICULO SUPERANDO LOS LIMITES MAXIMOS DE VELOCIDAD.,PERDIDA DE CARRIL,VEHICULO DEPORTIVO UTILITARIO,0,0,0,0,0,0,0,0,0,0,0,0,1,1,57,MUJER,ILESO,CONDUCTOR PRESENTE,NO,NO,1
30175,123892,123893,2022,0,0,-0.160199,-78.485487,PICHINCHA,QUITO,QUITO,URBANA,2022-04-21,19:35:00,19,JUEVES,4,ABRIL,4,NO,NO MANTENER LA DISTANCIA PRUDENCIAL CON RESPECTO AL VEHICULO QUE LE ANTECEDE.,CHOQUE POSTERIOR,AUTOMOVIL,2,0,0,0,0,0,0,0,0,0,0,0,0,2,36,MUJER,ILESO,CONDUCTOR PRESENTE,NO,NO,1
30176,123903,123904,2022,0,0,-0.248701,-78.528124,PICHINCHA,QUITO,QUITO,URBANA,2022-04-22,01:30:00,1,VIERNES,5,ABRIL,4,NO,CONDUCIR VEHICULO SUPERANDO LOS LIMITES MAXIMOS DE VELOCIDAD.,ESTRELLAMIENTOS,AUTOMOVIL,3,0,0,0,0,0,0,0,0,0,0,0,0,3,37,HOMBRE,ILESO,CONDUCTOR PRESENTE,NO,NO,1
30177,123910,123911,2022,0,0,-0.088389,-78.434448,PICHINCHA,QUITO,CALDERON (CARAPUNGO),RURAL,2022-04-22,07:15:00,7,VIERNES,5,ABRIL,4,NO,"NO RESPETAR LAS SENIALES REGLAMENTARIAS DE TRANSITO. (PARE, CEDA EL PASO, LUZ ROJA DEL SEMAFORO, ETC).",OTROS,CAMION,1,0,0,1,0,0,0,0,0,0,0,0,1,3,29,MUJER,ILESO,CONDUCTOR PRESENTE,NO,NO,3
30178,123914,123915,2022,0,0,-0.195371,-78.466131,PICHINCHA,QUITO,QUITO,URBANA,2022-04-22,08:25:00,8,VIERNES,5,ABRIL,4,NO,"FALLA MECANICA EN LOS SISTEMAS Y/O NEUMATICOS (SISTEMA DE FRENOS, DIRECCION, ELECTRONICO O MECANICO).",ESTRELLAMIENTOS,AUTOMOVIL,1,0,0,0,0,0,0,0,0,0,0,0,0,1,43,HOMBRE,ILESO,CONDUCTOR PRESENTE,NO,NO,1
30179,123915,123916,2022,1,0,-0.188786,-78.480257,PICHINCHA,QUITO,QUITO,URBANA,2022-04-22,08:27:00,8,VIERNES,5,ABRIL,4,NO,PEATON QUE CRUZA LA CALZADA SIN RESPETAR LA SENIALIZACION EXISTENTE (SEMAFOROS O SENIALES MANUALES).,ATROPELLOS,VEHICULO DEPORTIVO UTILITARIO,0,0,0,0,0,0,0,0,0,0,0,0,1,1,28,MUJER,LESIONADO,PEATON,NO,NO,1
30180,123916,123917,2022,1,0,-0.200182,-78.490996,PICHINCHA,QUITO,QUITO,URBANA,2022-04-22,09:30:00,9,VIERNES,5,ABRIL,4,NO,DEJAR O RECOGER PASAJEROS EN LUGARES NO PERMITIDOS.,CAIDA DE PASAJERO,BUS,0,0,1,0,0,0,0,0,0,0,0,0,0,1,50,MUJER,LESIONADO,PASAJERO,NO,NO,1
30181,123917,123918,2022,0,0,-0.133518,-78.501835,PICHINCHA,QUITO,QUITO,URBANA,2022-04-22,10:10:00,10,VIERNES,5,ABRIL,4,NO,CONDUCIR VEHICULO SUPERANDO LOS LIMITES MAXIMOS DE VELOCIDAD.,COLISION,CAMIONETA,1,0,0,0,2,0,0,0,0,0,0,0,0,3,21,MUJER,ILESO,PASAJERO,NO,NO,1
30182,123931,123932,2022,0,0,-0.078556,-78.417501,PICHINCHA,QUITO,CALDERON (CARAPUNGO),RURAL,2022-04-22,15:55:00,15,VIERNES,5,ABRIL,4,NO,"NO RESPETAR LAS SENIALES REGLAMENTARIAS DE TRANSITO. (PARE, CEDA EL PASO, LUZ ROJA DEL SEMAFORO, ETC).",ROZAMIENTOS,MOTOCICLETA,1,0,0,0,0,0,0,0,1,0,0,0,0,2,45,HOMBRE,ILESO,CONDUCTOR PRESENTE,NO,NO,3
30183,123933,123934,2022,0,0,-0.448001,-78.631121,PICHINCHA,MEJIA,ALOAG,RURAL,2022-04-22,16:05:00,16,VIERNES,5,ABRIL,4,NO,"CASO FORTUITO O FUERZA MAYOR (EXPLOSION DE NEUMATICO NUEVO, DERRUMBE, INUNDACION, CAIDA DE PUENTE, ARBOL, PRESENCIA INTEMPESTIVA E IMPREVISTA DE SEMOVIENTES EN LA VIA, ETC.).",OTROS,CAMION,0,0,0,1,0,0,0,0,0,0,0,0,0,1,-1,HOMBRE,ILESO,CONDUCTOR PRESENTE,NO,SI,3
30184,123936,123937,2022,3,0,-0.010294,-78.317497,PICHINCHA,PEDRO MONCAYO,TOCACHI,RURAL,2022-04-22,17:00:00,17,VIERNES,5,ABRIL,4,NO,"CONDUCIR DESATENTO A LAS CONDICIONES DE TRANSITO (CELULAR, PANTALLAS DE VIDEO, COMIDA, MAQUILLAJE O CUALQUIER OTRO ELEMENTO DISTRACTOR).",CHOQUE FRONTAL,VEHICULO DEPORTIVO UTILITARIO,0,0,0,0,0,0,0,0,0,0,0,0,2,2,2,MUJER,LESIONADO,PASAJERO,NO,SI,3
30185,123937,123938,2022,0,1,-0.474338,-78.566931,PICHINCHA,MEJIA,MACHACHI,RURAL,2022-04-22,17:50:00,17,VIERNES,5,ABRIL,4,NO,"CONDUCIR DESATENTO A LAS CONDICIONES DE TRANSITO (CELULAR, PANTALLAS DE VIDEO, COMIDA, MAQUILLAJE O CUALQUIER OTRO ELEMENTO DISTRACTOR).",CHOQUE FRONTAL,CAMION,1,0,0,1,0,0,0,0,0,0,0,0,1,3,23,HOMBRE,FALLECIDO,CONDUCTOR PRESENTE,NO,SI,3
30186,123944,123945,2022,0,0,-0.196209,-78.481179,PICHINCHA,QUITO,QUITO,URBANA,2022-04-22,20:20:00,20,VIERNES,5,ABRIL,4,NO,"CONDICIONES AMBIENTALES Y/O ATMOSFERICAS (NIEBLA, NEBLINA, GRANIZO, LLUVIA).",ESTRELLAMIENTOS,AUTOMOVIL,1,0,0,0,0,0,0,0,0,0,0,0,0,1,34,HOMBRE,ILESO,CONDUCTOR PRESENTE,NO,NO,1
30187,123946,123947,2022,1,0,-0.245516,-78.501105,PICHINCHA,QUITO,QUITO,URBANA,2022-04-22,21:25:00,21,VIERNES,5,ABRIL,4,NO,NO MANTENER LA DISTANCIA PRUDENCIAL CON RESPECTO AL VEHICULO QUE LE ANTECEDE.,CHOQUE POSTERIOR,MOTOCICLETA,0,0,0,0,0,0,0,0,1,0,0,0,1,2,29,HOMBRE,LESIONADO,CONDUCTOR PRESENTE,NO,NO,1
30188,123950,123951,2022,3,0,-0.208881,-78.503541,PICHINCHA,QUITO,QUITO,URBANA,2022-04-22,22:15:00,22,VIERNES,5,ABRIL,4,NO,"NO RESPETAR LAS SENIALES REGLAMENTARIAS DE TRANSITO. (PARE, CEDA EL PASO, LUZ ROJA DEL SEMAFORO, ETC).",CHOQUE LATERAL,MOTOCICLETA,0,0,0,0,0,0,0,0,2,0,0,0,0,2,28,MUJER,LESIONADO,PASAJERO,NO,NO,1
30189,123951,123952,2022,1,0,-0.299254,-78.544276,PICHINCHA,QUITO,QUITO,URBANA,2022-04-22,23:00:00,23,VIERNES,5,ABRIL,4,NO,"NO RESPETAR LAS SENIALES REGLAMENTARIAS DE TRANSITO. (PARE, CEDA EL PASO, LUZ ROJA DEL SEMAFORO, ETC).",CHOQUE FRONTAL,MOTOCICLETA,1,0,0,0,0,0,0,0,1,0,0,0,0,2,23,HOMBRE,LESIONADO,CONDUCTOR PRESENTE,NO,NO,1
30190,123955,123956,2022,1,0,-0.281745,-78.534416,PICHINCHA,QUITO,QUITO,URBANA,2022-04-23,00:01:00,0,SABADO,6,ABRIL,4,NO,"CONDUCE BAJO LA INFLUENCIA DE ALCOHOL, SUSTANCIAS ESTUPEFACIENTES O PSICOTROPICAS Y/O MEDICAMENTOS.",CHOQUE LATERAL,MOTOCICLETA,0,0,0,0,1,0,0,0,1,0,0,0,0,2,39,HOMBRE,LESIONADO,CONDUCTOR PRESENTE,NO,NO,1
30191,123957,123958,2022,0,0,-0.287961,-78.540725,PICHINCHA,QUITO,QUITO,URBANA,2022-04-23,00:15:00,0,SABADO,6,ABRIL,4,NO,"CONDUCIR EN ESTADO DE SOMNOLENCIA O MALAS CONDICIONES FISICAS (SUENIO, CANSANCIO Y FATIGA).",ESTRELLAMIENTOS,AUTOMOVIL,1,0,0,0,0,0,0,0,0,0,0,0,0,1,59,HOMBRE,ILESO,CONDUCTOR PRESENTE,NO,NO,1