,Unnamed: 0,ID,ANIO,LESIONADOS,FALLECIDOS,LATITUD_Y,LONGITUD_X,PROVINCIA,CANTON,PARROQUIA,ZONA,FECHA,HORA,PERIODO_2,DIA_1,DIA_2,MES_1,MES_2,FERIADO,CAUSA_PROBABLE,TIPO_DE_SINIESTRO,TIPO_DE_VEHICULO_1,AUTOMOVIL,BICICLETA,BUS,CAMION,CAMIONETA,EMERGENCIAS,ESPECIAL,FURGONETA,MOTOCICLETA,NO_IDENTIFICADO,SCOOTER_ELECTRICO,TRICIMOTO,VEHICULO_DEPORTIVO_UTILITARIO,SUMA_DE_VEHICULOS,EDAD_1,SEXO_1,CONDICION_1,PARTICIPANTE_1,CASCO_1,CINTURON_1,KMeans_Cluster
30192,123962,123963,2022,0,0,-0.157781,-78.484487,PICHINCHA,QUITO,QUITO,URBANA,2022-04-23,01:30:00,1,SABADO,6,ABRIL,4,NO,CONDUCIR VEHICULO SUPERANDO LOS LIMITES MAXIMOS DE VELOCIDAD.,ESTRELLAMIENTOS,AUTOMOVIL,1,0,0,0,0,0,0,0,0,0,0,0,0,1,-1,NO IDENTIFICADO,NO IDENTIFICADO,CONDUCTOR AUSENTE,NO,NO,2
30193,123965,123966,2022,1,1,-0.054873,-78.285671,PICHINCHA,QUITO,GUAYLLABAMBA,RURAL,2022-04-23,02:10:00,2,SABADO,6,ABRIL,4,NO,"CONDUCIR DESATENTO A LAS CONDICIONES DE TRANSITO (CELULAR, PANTALLAS DE VIDEO, COMIDA, MAQUILLAJE O CUALQUIER OTRO ELEMENTO DISTRACTOR).",ROZAMIENTOS,MOTOCICLETA,0,0,0,0,0,0,0,0,2,1,0,0,0,3,23,HOMBRE,FALLECIDO,CONDUCTOR PRESENTE,NO,SI,3
30194,123968,123969,2022,4,0,-0.291223,-78.545782,PICHINCHA,QUITO,QUITO,URBANA,2022-04-23,02:45:00,2,SABADO,6,ABRIL,4,NO,"CONDUCE BAJO LA INFLUENCIA DE ALCOHOL, SUSTANCIAS ESTUPEFACIENTES O PSICOTROPICAS Y/O MEDICAMENTOS.",CHOQUE LATERAL,AUTOMOVIL,2,0,0,0,0,0,0,0,0,0,0,0,0,2,27,HOMBRE,LESIONADO,CONDUCTOR PRESENTE,NO,NO,1
30195,123969,123970,2022,1,0,-0.299527,-78.558727,PICHINCHA,QUITO,QUITO,URBANA,2022-04-23,02:45:00,2,SABADO,6,ABRIL,4,NO,"CONDUCE BAJO LA INFLUENCIA DE ALCOHOL, SUSTANCIAS ESTUPEFACIENTES O PSICOTROPICAS Y/O MEDICAMENTOS.",ATROPELLOS,MOTOCICLETA,0,0,0,0,0,0,0,0,1,0,0,0,0,1,20,HOMBRE,LESIONADO,PEATON,NO,NO,1
30196,123971,123972,2022,2,0,-0.291216,-78.545772,PICHINCHA,QUITO,QUITO,URBANA,2022-04-23,03:45:00,3,SABADO,6,ABRIL,4,NO,"CONDUCE BAJO LA INFLUENCIA DE ALCOHOL, SUSTANCIAS ESTUPEFACIENTES O PSICOTROPICAS Y/O MEDICAMENTOS.",ATROPELLOS,MOTOCICLETA,0,0,0,0,0,0,0,0,1,0,0,0,0,1,26,HOMBRE,LESIONADO,PEATON,NO,NO,1
30197,123977,123978,2022,0,0,-0.233595,-78.508858,PICHINCHA,QUITO,QUITO,URBANA,2022-04-23,06:00:00,6,SABADO,6,ABRIL,4,NO,CONDUCIR VEHICULO SUPERANDO LOS LIMITES MAXIMOS DE VELOCIDAD.,ESTRELLAMIENTOS,VEHICULO DEPORTIVO UTILITARIO,0,0,0,0,0,0,0,0,0,0,0,0,1,1,-1,NO IDENTIFICADO,NO IDENTIFICADO,CONDUCTOR AUSENTE,NO,NO,2
30198,123978,123979,2022,0,0,-0.217866,-78.513101,PICHINCHA,QUITO,QUITO,URBANA,2022-04-23,06:05:00,6,SABADO,6,ABRIL,4,NO,"NO RESPETAR LAS SENIALES REGLAMENTARIAS DE TRANSITO. (PARE, CEDA EL PASO, LUZ ROJA DEL SEMAFORO, ETC).",CHOQUE LATERAL,AUTOMOVIL,2,0,0,0,0,0,0,0,0,0,0,0,0,2,26,HOMBRE,ILESO,CONDUCTOR PRESENTE,NO,NO,1
30199,123980,123981,2022,1,0,-0.279439,-78.563985,PICHINCHA,QUITO,QUITO,URBANA,2022-04-23,06:45:00,6,SABADO,6,ABRIL,4,NO,"NO RESPETAR LAS SENIALES REGLAMENTARIAS DE TRANSITO. (PARE, CEDA EL PASO, LUZ ROJA DEL SEMAFORO, ETC).",CHOQUE LATERAL,AUTOMOVIL,1,0,0,0,0,0,0,0,0,1,0,0,0,2,32,MUJER,LESIONADO,PASAJERO,NO,NO,1
30200,123984,123985,2022,1,0,-0.128691,-78.471121,PICHINCHA,QUITO,QUITO,URBANA,2022-04-23,08:20:00,8,SABADO,6,ABRIL,4,NO,"CONDUCE BAJO LA INFLUENCIA DE ALCOHOL, SUSTANCIAS ESTUPEFACIENTES O PSICOTROPICAS Y/O MEDICAMENTOS.",CHOQUE POSTERIOR,MOTOCICLETA,0,0,0,0,1,0,0,0,1,0,0,0,0,2,38,HOMBRE,LESIONADO,CONDUCTOR PRESENTE,NO,NO,1
30201,123986,123987,2022,1,0,-0.268093,-78.462997,PICHINCHA,QUITO,CONOCOTO,RURAL,2022-04-23,09:00:00,9,SABADO,6,ABRIL,4,NO,NO CEDER EL DERECHO DE VIA O PREFERENCIA DE PASO AL PEATON.,ATROPELLOS,NO IDENTIFICADO,0,0,0,0,0,0,0,0,0,1,0,0,0,1,49,MUJER,LESIONADO,PEATON,NO,NO,3
30202,123989,123990,2022,1,0,-0.348901,-78.553391,PICHINCHA,QUITO,QUITO,URBANA,2022-04-23,10:00:00,10,SABADO,6,ABRIL,4,NO,PEATON QUE CRUZA LA CALZADA SIN RESPETAR LA SENIALIZACION EXISTENTE (SEMAFOROS O SENIALES MANUALES).,ATROPELLOS,AUTOMOVIL,1,0,0,0,0,0,0,0,0,0,0,0,0,1,7,MUJER,LESIONADO,PEATON,NO,NO,1
30203,123994,123995,2022,0,0,-0.016914,-78.452611,PICHINCHA,QUITO,SAN ANTONIO (QUITO),RURAL,2022-04-23,11:33:00,11,SABADO,6,ABRIL,4,NO,"CONDUCIR DESATENTO A LAS CONDICIONES DE TRANSITO (CELULAR, PANTALLAS DE VIDEO, COMIDA, MAQUILLAJE O CUALQUIER OTRO ELEMENTO DISTRACTOR).",PERDIDA DE CARRIL,VEHICULO DEPORTIVO UTILITARIO,0,0,0,0,0,0,0,0,0,0,0,0,2,2,40,HOMBRE,ILESO,CONDUCTOR PRESENTE,NO,SI,3
30204,124001,124002,2022,2,0,-0.201252,-78.432755,PICHINCHA,QUITO,CUMBAYA,RURAL,2022-04-23,13:40:00,13,SABADO,6,ABRIL,4,NO,NO TRANSITAR POR LAS ACERAS O ZONAS DE SEGURIDAD DESTINADAS PARA EL EFECTO.,ATROPELLOS,AUTOMOVIL,1,0,0,0,0,0,0,0,0,0,0,0,0,1,73,HOMBRE,LESIONADO,PEATON,NO,NO,3
30205,124004,124005,2022,1,0,-0.221998,-78.508266,PICHINCHA,QUITO,QUITO,URBANA,2022-04-23,15:10:00,15,SABADO,6,ABRIL,4,NO,BAJARSE O SUBIRSE DE VEHICULOS EN MOVIMIENTO SIN TOMAR LAS PRECAUCIONES DEBIDAS.,OTROS,BUS,0,0,1,0,0,0,0,0,0,0,0,0,0,1,40,HOMBRE,LESIONADO,PEATON,NO,NO,1
30206,124008,124009,2022,1,0,-0.290983,-78.536293,PICHINCHA,QUITO,QUITO,URBANA,2022-04-23,15:38:00,15,SABADO,6,ABRIL,4,NO,DANIOS MECANICOS PREVISIBLES.,CHOQUE POSTERIOR,BUS,0,0,1,0,0,0,0,0,1,0,0,0,0,2,36,HOMBRE,LESIONADO,CONDUCTOR PRESENTE,NO,NO,1
30207,124023,124024,2022,2,0,-0.224711,-78.523292,PICHINCHA,QUITO,QUITO,URBANA,2022-04-23,19:25:00,19,SABADO,6,ABRIL,4,NO,CONDUCIR VEHICULO SUPERANDO LOS LIMITES MAXIMOS DE VELOCIDAD.,OTROS,AUTOMOVIL,1,0,0,0,0,0,0,0,0,1,0,0,0,2,0,HOMBRE,LESIONADO,PASAJERO,NO,NO,1
30208,124035,124036,2022,0,0,-0.206252,-78.505287,PICHINCHA,QUITO,QUITO,URBANA,2022-04-23,23:30:00,23,SABADO,6,ABRIL,4,NO,CONDUCIR VEHICULO SUPERANDO LOS LIMITES MAXIMOS DE VELOCIDAD.,OTROS,VEHICULO DEPORTIVO UTILITARIO,0,0,0,0,0,0,0,0,0,0,0,0,2,2,34,MUJER,ILESO,CONDUCTOR PRESENTE,NO,NO,1
30209,124036,124037,2022,1,0,0.004272,-78.359155,PICHINCHA,PEDRO MONCAYO,MALCHINGUI,RURAL,2022-04-23,23:30:00,23,SABADO,6,ABRIL,4,NO,"NO RESPETAR LAS SENIALES REGLAMENTARIAS DE TRANSITO. (PARE, CEDA EL PASO, LUZ ROJA DEL SEMAFORO, ETC).",PERDIDA DE CARRIL,MOTOCICLETA,0,0,0,0,0,0,0,0,1,0,0,0,0,1,-1,HOMBRE,LESIONADO,CONDUCTOR PRESENTE,NO,NO,3
30210,124044,124045,2022,0,1,-0.567589,-78.592087,PICHINCHA,MEJIA,ALOASI,RURAL,2022-04-24,02:00:00,2,DOMINGO,7,ABRIL,4,NO,"CONDUCIR DESATENTO A LAS CONDICIONES DE TRANSITO (CELULAR, PANTALLAS DE VIDEO, COMIDA, MAQUILLAJE O CUALQUIER OTRO ELEMENTO DISTRACTOR).",CHOQUE FRONTAL,ESPECIAL,0,0,0,0,1,0,1,0,0,0,0,0,0,2,38,HOMBRE,FALLECIDO,CONDUCTOR PRESENTE,NO,SI,3
30211,124046,124047,2022,0,0,-0.254687,-78.503893,PICHINCHA,QUITO,QUITO,URBANA,2022-04-24,02:30:00,2,DOMINGO,7,ABRIL,4,NO,NO TRANSITAR POR LAS ACERAS O ZONAS DE SEGURIDAD DESTINADAS PARA EL EFECTO.,ARROLLAMIENTOS,NO IDENTIFICADO,0,0,0,0,0,0,0,0,0,1,0,0,0,1,41,HOMBRE,NO IDENTIFICADO,CONDUCTOR AUSENTE,NO,NO,1
30212,124047,124048,2022,0,0,-0.293917,-78.547963,PICHINCHA,QUITO,QUITO,URBANA,2022-04-24,02:40:00,2,DOMINGO,7,ABRIL,4,NO,"CONDUCIR EN ESTADO DE SOMNOLENCIA O MALAS CONDICIONES FISICAS (SUENIO, CANSANCIO Y FATIGA).",ESTRELLAMIENTOS,AUTOMOVIL,1,0,0,0,0,0,0,0,0,0,0,0,0,1,26,HOMBRE,ILESO,PASAJERO,NO,NO,1
30213,124050,124051,2022,0,0,-0.017944,-78.452525,PICHINCHA,QUITO,SAN ANTONIO (QUITO),RURAL,2022-04-24,03:05:00,3,DOMINGO,7,ABRIL,4,NO,"CONDUCIR DESATENTO A LAS CONDICIONES DE TRANSITO (CELULAR, PANTALLAS DE VIDEO, COMIDA, MAQUILLAJE O CUALQUIER OTRO ELEMENTO DISTRACTOR).",OTROS,CAMION,0,0,0,1,0,0,0,0,0,0,0,0,0,1,68,HOMBRE,ILESO,CONDUCTOR PRESENTE,NO,SI,3
30214,124057,124058,2022,0,0,-0.352961,-78.487598,PICHINCHA,QUITO,AMAGUANIA,RURAL,2022-04-24,04:30:00,4,DOMINGO,7,ABRIL,4,NO,CONDUCIR VEHICULO SUPERANDO LOS LIMITES MAXIMOS DE VELOCIDAD.,ESTRELLAMIENTOS,VEHICULO DEPORTIVO UTILITARIO,0,0,0,0,0,0,0,0,0,0,0,0,1,1,-1,NO IDENTIFICADO,NO IDENTIFICADO,CONDUCTOR AUSENTE,NO,NO,2
30215,124061,124062,2022,0,0,-0.126215,-78.315427,PICHINCHA,QUITO,CHECA (CHILPA),RURAL,2022-04-24,05:20:00,5,DOMINGO,7,ABRIL,4,NO,CONDUCIR VEHICULO SUPERANDO LOS LIMITES MAXIMOS DE VELOCIDAD.,ESTRELLAMIENTOS,AUTOMOVIL,1,0,0,0,0,0,0,0,0,0,0,0,0,1,-1,NO IDENTIFICADO,NO IDENTIFICADO,CONDUCTOR AUSENTE,NO,NO,2
30216,124075,124076,2022,1,0,-0.318216,-78.557583,PICHINCHA,QUITO,QUITO,URBANA,2022-04-24,08:15:00,8,DOMINGO,7,ABRIL,4,NO,CONDUCIR VEHICULO SUPERANDO LOS LIMITES MAXIMOS DE VELOCIDAD.,PERDIDA DE CARRIL,MOTOCICLETA,0,0,0,0,0,0,0,0,1,0,0,0,0,1,22,HOMBRE,LESIONADO,CONDUCTOR PRESENTE,NO,NO,1
30217,124080,124081,2022,1,0,-0.329921,-78.555189,PICHINCHA,QUITO,QUITO,URBANA,2022-04-24,08:45:00,8,DOMINGO,7,ABRIL,4,NO,"NO RESPETAR LAS SENIALES REGLAMENTARIAS DE TRANSITO. (PARE, CEDA EL PASO, LUZ ROJA DEL SEMAFORO, ETC).",CHOQUE LATERAL,MOTOCICLETA,1,0,0,0,0,0,0,0,1,0,0,0,0,2,29,HOMBRE,LESIONADO,CONDUCTOR PRESENTE,NO,NO,1
30218,124082,124083,2022,0,1,-0.237621,-78.509199,PICHINCHA,QUITO,QUITO,URBANA,2022-04-24,10:00:00,10,DOMINGO,7,ABRIL,4,NO,REALIZAR CAMBIO BRUSCO O INDEBIDO DE CARRIL.,OTROS,BUS,0,0,1,0,0,0,0,0,1,0,0,0,0,2,29,HOMBRE,FALLECIDO,CONDUCTOR PRESENTE,NO,NO,1
30219,124083,124084,2022,0,0,-0.245307,-78.534059,PICHINCHA,QUITO,QUITO,URBANA,2022-04-24,10:10:00,10,DOMINGO,7,ABRIL,4,NO,"CONDUCIR DESATENTO A LAS CONDICIONES DE TRANSITO (CELULAR, PANTALLAS DE VIDEO, COMIDA, MAQUILLAJE O CUALQUIER OTRO ELEMENTO DISTRACTOR).",CHOQUE POSTERIOR,CAMIONETA,1,0,0,0,1,0,0,0,0,0,0,0,0,2,34,MUJER,ILESO,CONDUCTOR PRESENTE,NO,NO,1
30220,124090,124091,2022,4,3,-0.333321,-78.895242,PICHINCHA,MEJIA,MANUEL CORNEJO ASTORGA,RURAL,2022-04-24,11:30:00,11,DOMINGO,7,ABRIL,4,NO,CONDUCIR EN SENTIDO CONTRARIO A LA VIA NORMAL DE CIRCULACION.,CHOQUE FRONTAL,CAMION,1,0,0,1,0,0,0,0,0,0,0,0,0,2,-1,HOMBRE,FALLECIDO,CONDUCTOR PRESENTE,NO,SI,3
30221,124119,124120,2022,1,0,-0.203371,-78.480505,PICHINCHA,QUITO,QUITO,URBANA,2022-04-24,19:45:00,19,DOMINGO,7,ABRIL,4,NO,"CASO FORTUITO O FUERZA MAYOR (EXPLOSION DE NEUMATICO NUEVO, DERRUMBE, INUNDACION, CAIDA DE PUENTE, ARBOL, PRESENCIA INTEMPESTIVA E IMPREVISTA DE SEMOVIENTES EN LA VIA, ETC.).",OTROS,AUTOMOVIL,1,0,0,0,0,0,0,0,0,0,0,0,0,1,50,MUJER,LESIONADO,PASAJERO,NO,NO,1
30222,124120,124121,2022,1,0,-0.239263,-78.533401,PICHINCHA,QUITO,QUITO,URBANA,2022-04-24,20:10:00,20,DOMINGO,7,ABRIL,4,NO,CONDUCIR VEHICULO SUPERANDO LOS LIMITES MAXIMOS DE VELOCIDAD.,ESTRELLAMIENTOS,AUTOMOVIL,1,0,0,0,0,0,0,0,0,0,0,0,0,1,4,HOMBRE,LESIONADO,PASAJERO,NO,NO,1
30223,124123,124124,2022,1,0,-0.181168,-78.489603,PICHINCHA,QUITO,QUITO,URBANA,2022-04-24,21:00:00,21,DOMINGO,7,ABRIL,4,NO,CONDUCIR VEHICULO SUPERANDO LOS LIMITES MAXIMOS DE VELOCIDAD.,ESTRELLAMIENTOS,MOTOCICLETA,0,0,0,0,0,0,0,0,1,0,0,0,0,1,22,HOMBRE,LESIONADO,CONDUCTOR PRESENTE,NO,NO,1
30224,124125,124126,2022,1,0,-0.187202,-78.335967,PICHINCHA,QUITO,TABABELA,RURAL,2022-04-24,21:30:00,21,DOMINGO,7,ABRIL,4,NO,"CONDUCIR DESATENTO A LAS CONDICIONES DE TRANSITO (CELULAR, PANTALLAS DE VIDEO, COMIDA, MAQUILLAJE O CUALQUIER OTRO ELEMENTO DISTRACTOR).",ATROPELLOS,NO IDENTIFICADO,0,0,0,0,0,0,0,0,0,1,0,0,0,1,61,HOMBRE,LESIONADO,PEATON,NO,SI,3
30225,124126,124127,2022,0,0,-0.439814,-78.694401,PICHINCHA,MEJIA,ALOAG,RURAL,2022-04-24,21:30:00,21,DOMINGO,7,ABRIL,4,NO,NO GUARDAR LA DISTANCIA LATERAL MINIMA DE SEGURIDAD ENTRE VEHICULOS.,ROZAMIENTOS,VEHICULO DEPORTIVO UTILITARIO,0,0,0,0,0,0,0,0,0,1,0,0,1,2,-1,HOMBRE,ILESO,CONDUCTOR PRESENTE,NO,SI,3
30226,124129,124130,2022,0,1,-0.182771,-78.332061,PICHINCHA,QUITO,YARUQUI,RURAL,2022-04-24,21:50:00,21,DOMINGO,7,ABRIL,4,NO,"CONDUCE BAJO LA INFLUENCIA DE ALCOHOL, SUSTANCIAS ESTUPEFACIENTES O PSICOTROPICAS Y/O MEDICAMENTOS.",ATROPELLOS,MOTOCICLETA,0,0,0,0,0,0,0,0,1,0,0,0,0,1,57,HOMBRE,FALLECIDO,PEATON,NO,SI,3
30227,124135,124136,2022,0,0,-0.128865,-78.485392,PICHINCHA,QUITO,QUITO,URBANA,2022-04-24,22:40:00,22,DOMINGO,7,ABRIL,4,NO,"FALLA MECANICA EN LOS SISTEMAS Y/O NEUMATICOS (SISTEMA DE FRENOS, DIRECCION, ELECTRONICO O MECANICO).",OTROS,AUTOMOVIL,1,0,0,0,0,0,0,0,0,0,0,0,0,1,-1,NO IDENTIFICADO,NO IDENTIFICADO,CONDUCTOR AUSENTE,NO,NO,2
30228,124141,124142,2022,0,1,-0.222096,-78.416718,PICHINCHA,QUITO,TUMBACO,RURAL,2022-04-25,01:00:00,1,LUNES,1,ABRIL,4,NO,CONDUCIR VEHICULO SUPERANDO LOS LIMITES MAXIMOS DE VELOCIDAD.,ESTRELLAMIENTOS,MOTOCICLETA,0,0,0,0,0,0,0,0,1,0,0,0,0,1,21,HOMBRE,FALLECIDO,CONDUCTOR PRESENTE,NO,NO,3
30229,124146,124147,2022,0,0,-0.204733,-78.506637,PICHINCHA,QUITO,QUITO,URBANA,2022-04-25,05:40:00,5,LUNES,1,ABRIL,4,NO,NO GUARDAR LA DISTANCIA LATERAL MINIMA DE SEGURIDAD ENTRE VEHICULOS.,ROZAMIENTOS,BUS,0,0,2,0,0,0,0,0,0,0,0,0,0,2,42,HOMBRE,ILESO,CONDUCTOR PRESENTE,NO,NO,1
30230,124157,124158,2022,2,0,-0.111257,-78.478957,PICHINCHA,QUITO,QUITO,URBANA,2022-04-25,10:10:00,10,LUNES,1,ABRIL,4,NO,CONDUCIR VEHICULO SUPERANDO LOS LIMITES MAXIMOS DE VELOCIDAD.,VOLCAMIENTOS,MOTOCICLETA,0,0,0,0,0,0,0,0,1,0,0,0,0,1,30,MUJER,LESIONADO,PASAJERO,NO,NO,1
30231,124162,124163,2022,0,0,-0.244504,-78.533482,PICHINCHA,QUITO,QUITO,URBANA,2022-04-25,11:40:00,11,LUNES,1,ABRIL,4,NO,"NO RESPETAR LAS SENIALES REGLAMENTARIAS DE TRANSITO. (PARE, CEDA EL PASO, LUZ ROJA DEL SEMAFORO, ETC).",CHOQUE LATERAL,AUTOMOVIL,2,0,0,0,0,0,0,0,0,0,0,0,0,2,53,HOMBRE,ILESO,CONDUCTOR PRESENTE,NO,NO,1
30232,124163,124164,2022,1,0,-0.122927,-78.480576,PICHINCHA,QUITO,QUITO,URBANA,2022-04-25,12:15:00,12,LUNES,1,ABRIL,4,NO,NO TRANSITAR POR LAS ACERAS O ZONAS DE SEGURIDAD DESTINADAS PARA EL EFECTO.,ATROPELLOS,AUTOMOVIL,1,0,0,0,0,0,0,0,0,0,0,0,0,1,30,MUJER,LESIONADO,PEATON,NO,NO,1
30233,124180,124181,2022,0,0,-0.192322,-78.333603,PICHINCHA,QUITO,TABABELA,RURAL,2022-04-25,20:30:00,20,LUNES,1,ABRIL,4,NO,"CONDICIONES AMBIENTALES Y/O ATMOSFERICAS (NIEBLA, NEBLINA, GRANIZO, LLUVIA).",ESTRELLAMIENTOS,CAMION,0,0,0,1,0,0,0,0,0,0,0,0,0,1,26,HOMBRE,ILESO,CONDUCTOR PRESENTE,NO,NO,3
30234,124182,124183,2022,2,0,-0.280365,-78.556683,PICHINCHA,QUITO,QUITO,URBANA,2022-04-25,22:05:00,22,LUNES,1,ABRIL,4,NO,"NO RESPETAR LAS SENIALES REGLAMENTARIAS DE TRANSITO. (PARE, CEDA EL PASO, LUZ ROJA DEL SEMAFORO, ETC).",CHOQUE LATERAL,FURGONETA,1,0,0,0,0,0,0,1,0,0,0,0,0,2,26,HOMBRE,LESIONADO,PASAJERO,NO,NO,1
30235,124186,124187,2022,0,0,-0.150558,-78.452801,PICHINCHA,QUITO,QUITO,URBANA,2022-04-26,06:49:00,6,MARTES,2,ABRIL,4,NO,CONDUCIR VEHICULO SUPERANDO LOS LIMITES MAXIMOS DE VELOCIDAD.,ESTRELLAMIENTOS,CAMION,1,0,0,1,0,0,0,1,0,0,0,0,0,3,15,HOMBRE,ILESO,PASAJERO,NO,NO,1
30236,124191,124192,2022,2,0,-0.144191,-78.469521,PICHINCHA,QUITO,QUITO,URBANA,2022-04-26,09:30:00,9,MARTES,2,ABRIL,4,NO,"NO RESPETAR LAS SENIALES REGLAMENTARIAS DE TRANSITO. (PARE, CEDA EL PASO, LUZ ROJA DEL SEMAFORO, ETC).",CHOQUE LATERAL,MOTOCICLETA,1,0,0,0,0,0,0,0,1,0,0,0,0,2,27,MUJER,LESIONADO,PASAJERO,NO,NO,1
30237,124195,124196,2022,0,0,-0.231977,-78.523449,PICHINCHA,QUITO,QUITO,URBANA,2022-04-26,10:40:00,10,MARTES,2,ABRIL,4,NO,NO MANTENER LA DISTANCIA PRUDENCIAL CON RESPECTO AL VEHICULO QUE LE ANTECEDE.,CHOQUE POSTERIOR,AUTOMOVIL,2,0,0,0,0,0,0,0,0,0,0,0,0,2,48,HOMBRE,ILESO,CONDUCTOR PRESENTE,NO,NO,1
30238,124198,124199,2022,0,0,-0.220891,-78.393112,PICHINCHA,QUITO,TUMBACO,RURAL,2022-04-26,11:50:00,11,MARTES,2,ABRIL,4,NO,"NO RESPETAR LAS SENIALES REGLAMENTARIAS DE TRANSITO. (PARE, CEDA EL PASO, LUZ ROJA DEL SEMAFORO, ETC).",CHOQUE LATERAL,AUTOMOVIL,2,0,0,0,0,0,0,0,0,0,0,0,0,2,53,HOMBRE,ILESO,PASAJERO,NO,NO,3
30239,124208,124209,2022,0,0,-0.218427,-78.388641,PICHINCHA,QUITO,TUMBACO,RURAL,2022-04-26,18:05:00,18,MARTES,2,ABRIL,4,NO,"NO RESPETAR LAS SENIALES REGLAMENTARIAS DE TRANSITO. (PARE, CEDA EL PASO, LUZ ROJA DEL SEMAFORO, ETC).",OTROS,MOTOCICLETA,0,0,0,0,0,0,0,0,1,0,0,0,0,1,-1,NO IDENTIFICADO,NO IDENTIFICADO,CONDUCTOR AUSENTE,NO,NO,2
30240,124219,124220,2022,2,0,-0.129926,-78.469474,PICHINCHA,QUITO,QUITO,URBANA,2022-04-26,22:43:00,22,MARTES,2,ABRIL,4,NO,NO CEDER EL DERECHO DE VIA O PREFERENCIA DE PASO A VEHICULOS.,OTROS,MOTOCICLETA,0,0,0,0,0,0,0,0,1,1,0,0,0,2,21,MUJER,LESIONADO,PASAJERO,NO,NO,1
30241,124225,124226,2022,0,0,-0.135477,-78.486499,PICHINCHA,QUITO,QUITO,URBANA,2022-04-27,06:20:00,6,MIERCOLES,3,ABRIL,4,NO,"NO RESPETAR LAS SENIALES REGLAMENTARIAS DE TRANSITO. (PARE, CEDA EL PASO, LUZ ROJA DEL SEMAFORO, ETC).",CHOQUE LATERAL,CAMION,0,0,0,1,1,0,0,0,0,0,0,0,0,2,42,MUJER,ILESO,CONDUCTOR PRESENTE,NO,NO,1
30242,124238,124239,2022,0,0,-0.186961,-78.502615,PICHINCHA,QUITO,QUITO,URBANA,2022-04-27,11:30:00,11,MIERCOLES,3,ABRIL,4,NO,REALIZAR CAMBIO BRUSCO O INDEBIDO DE CARRIL.,CHOQUE LATERAL,AUTOMOVIL,2,0,0,0,0,0,0,0,0,0,0,0,0,2,38,HOMBRE,ILESO,CONDUCTOR PRESENTE,NO,NO,1
30243,124240,124241,2022,3,0,-0.258391,-78.513427,PICHINCHA,QUITO,QUITO,URBANA,2022-04-27,13:20:00,13,MIERCOLES,3,ABRIL,4,NO,"FALLA MECANICA EN LOS SISTEMAS Y/O NEUMATICOS (SISTEMA DE FRENOS, DIRECCION, ELECTRONICO O MECANICO).",ESTRELLAMIENTOS,FURGONETA,0,0,0,0,0,0,0,1,0,0,0,0,0,1,6,HOMBRE,LESIONADO,PASAJERO,NO,NO,1
30244,124244,124245,2022,3,0,-0.244691,-78.515764,PICHINCHA,QUITO,QUITO,URBANA,2022-04-27,16:30:00,16,MIERCOLES,3,ABRIL,4,NO,"CONDICIONES AMBIENTALES Y/O ATMOSFERICAS (NIEBLA, NEBLINA, GRANIZO, LLUVIA).",ESTRELLAMIENTOS,VEHICULO DEPORTIVO UTILITARIO,2,0,0,0,0,0,0,0,0,0,0,0,1,3,1,MUJER,LESIONADO,PASAJERO,NO,NO,1
30245,124254,124255,2022,1,0,-0.238004,-78.529083,PICHINCHA,QUITO,QUITO,URBANA,2022-04-27,19:25:00,19,MIERCOLES,3,ABRIL,4,NO,"CONDUCE BAJO LA INFLUENCIA DE ALCOHOL, SUSTANCIAS ESTUPEFACIENTES O PSICOTROPICAS Y/O MEDICAMENTOS.",ATROPELLOS,AUTOMOVIL,1,0,0,0,0,0,0,0,0,0,0,0,0,1,52,MUJER,LESIONADO,PEATON,NO,NO,1
30246,124261,124262,2022,0,0,-0.268605,-78.555133,PICHINCHA,QUITO,QUITO,URBANA,2022-04-27,22:10:00,22,MIERCOLES,3,ABRIL,4,NO,CONDUCIR VEHICULO SUPERANDO LOS LIMITES MAXIMOS DE VELOCIDAD.,CHOQUE LATERAL,FURGONETA,0,0,0,0,0,0,0,1,0,1,0,0,0,2,54,HOMBRE,ILESO,CONDUCTOR PRESENTE,NO,NO,1
30247,124262,124263,2022,1,1,-0.297219,-78.534604,PICHINCHA,QUITO,QUITO,URBANA,2022-04-27,22:30:00,22,MIERCOLES,3,ABRIL,4,NO,"FALLA MECANICA EN LOS SISTEMAS Y/O NEUMATICOS (SISTEMA DE FRENOS, DIRECCION, ELECTRONICO O MECANICO).",VOLCAMIENTOS,AUTOMOVIL,1,0,0,0,0,0,0,0,0,0,0,0,0,1,57,HOMBRE,FALLECIDO,CONDUCTOR PRESENTE,NO,NO,1
30248,124264,124265,2022,0,1,-0.109608,-78.458077,PICHINCHA,QUITO,CALDERON (CARAPUNGO),RURAL,2022-04-27,22:45:00,22,MIERCOLES,3,ABRIL,4,NO,PEATON QUE CRUZA LA CALZADA SIN RESPETAR LA SENIALIZACION EXISTENTE (SEMAFOROS O SENIALES MANUALES).,ATROPELLOS,NO IDENTIFICADO,0,0,0,0,0,0,0,0,0,1,0,0,0,1,25,HOMBRE,FALLECIDO,PEATON,NO,NO,3