,Unnamed: 0,ID,ANIO,LESIONADOS,FALLECIDOS,LATITUD_Y,LONGITUD_X,PROVINCIA,CANTON,PARROQUIA,ZONA,FECHA,HORA,PERIODO_2,DIA_1,DIA_2,MES_1,MES_2,FERIADO,CAUSA_PROBABLE,TIPO_DE_SINIESTRO,TIPO_DE_VEHICULO_1,AUTOMOVIL,BICICLETA,BUS,CAMION,CAMIONETA,EMERGENCIAS,ESPECIAL,FURGONETA,MOTOCICLETA,NO_IDENTIFICADO,SCOOTER_ELECTRICO,TRICIMOTO,VEHICULO_DEPORTIVO_UTILITARIO,SUMA_DE_VEHICULOS,EDAD_1,SEXO_1,CONDICION_1,PARTICIPANTE_1,CASCO_1,CINTURON_1,KMeans_Cluster
30249,124274,124275,2022,0,0,-0.129381,-78.481171,PICHINCHA,QUITO,QUITO,URBANA,2022-04-28,05:40:00,5,JUEVES,4,ABRIL,4,NO,"NO RESPETAR LAS SENIALES REGLAMENTARIAS DE TRANSITO. (PARE, CEDA EL PASO, LUZ ROJA DEL SEMAFORO, ETC).",CHOQUE LATERAL,VEHICULO DEPORTIVO UTILITARIO,1,0,0,0,0,0,0,0,0,0,0,0,1,2,26,HOMBRE,ILESO,CONDUCTOR PRESENTE,NO,NO,1
30250,124277,124278,2022,0,0,-0.279545,-78.558064,PICHINCHA,QUITO,QUITO,URBANA,2022-04-28,06:20:00,6,JUEVES,4,ABRIL,4,NO,CONDUCIR VEHICULO SUPERANDO LOS LIMITES MAXIMOS DE VELOCIDAD.,CHOQUE LATERAL,FURGONETA,0,0,0,0,0,0,0,2,0,0,0,0,0,2,6,MUJER,ILESO,PASAJERO,NO,NO,1
30251,124280,124281,2022,1,0,-0.360583,-78.471382,PICHINCHA,RUMINIAHUI,SANGOLQUI,RURAL,2022-04-28,07:31:00,7,JUEVES,4,ABRIL,4,NO,"CONDUCIR DESATENTO A LAS CONDICIONES DE TRANSITO (CELULAR, PANTALLAS DE VIDEO, COMIDA, MAQUILLAJE O CUALQUIER OTRO ELEMENTO DISTRACTOR).",CHOQUE LATERAL,CAMION,0,0,0,1,0,0,0,0,1,0,0,0,0,2,36,HOMBRE,LESIONADO,CONDUCTOR PRESENTE,NO,SI,3
30252,124283,124284,2022,1,0,-0.298517,-78.460161,PICHINCHA,RUMINIAHUI,SANGOLQUI,RURAL,2022-04-28,09:15:00,9,JUEVES,4,ABRIL,4,NO,"CONDUCIR DESATENTO A LAS CONDICIONES DE TRANSITO (CELULAR, PANTALLAS DE VIDEO, COMIDA, MAQUILLAJE O CUALQUIER OTRO ELEMENTO DISTRACTOR).",ATROPELLOS,VEHICULO DEPORTIVO UTILITARIO,0,0,0,0,0,0,0,0,0,0,0,0,1,1,56,HOMBRE,LESIONADO,PEATON,NO,SI,3
30253,124287,124288,2022,0,0,-0.136867,-78.457814,PICHINCHA,QUITO,QUITO,URBANA,2022-04-28,11:00:00,11,JUEVES,4,ABRIL,4,NO,"NO RESPETAR LAS SENIALES REGLAMENTARIAS DE TRANSITO. (PARE, CEDA EL PASO, LUZ ROJA DEL SEMAFORO, ETC).",CHOQUE LATERAL,AUTOMOVIL,2,0,0,0,0,0,0,0,0,0,0,0,0,2,66,HOMBRE,ILESO,CONDUCTOR PRESENTE,NO,NO,1
30254,124289,124290,2022,1,0,-0.163098,-78.463121,PICHINCHA,QUITO,QUITO,URBANA,2022-04-28,12:25:00,12,JUEVES,4,ABRIL,4,NO,NO MANTENER LA DISTANCIA PRUDENCIAL CON RESPECTO AL VEHICULO QUE LE ANTECEDE.,CHOQUE POSTERIOR,BICICLETA,0,1,0,0,0,0,0,0,0,0,0,0,1,2,53,HOMBRE,LESIONADO,CONDUCTOR PRESENTE,NO,NO,1
30255,124296,124297,2022,0,0,-0.385601,-78.513171,PICHINCHA,QUITO,AMAGUANIA,RURAL,2022-04-28,17:00:00,17,JUEVES,4,ABRIL,4,NO,PESO Y VOLUMEN - NO CUMPLIR CON LAS NORMAS DE SEGURIDAD NECESARIAS AL TRANSPORTAR CARGAS.,ESTRELLAMIENTOS,CAMION,0,0,0,1,0,0,0,0,0,0,0,0,0,1,34,HOMBRE,ILESO,CONDUCTOR PRESENTE,NO,NO,3
30256,124297,124298,2022,1,0,-0.444249,-78.688766,PICHINCHA,MEJIA,ALOAG,RURAL,2022-04-28,17:00:00,17,JUEVES,4,ABRIL,4,NO,BAJARSE O SUBIRSE DE VEHICULOS EN MOVIMIENTO SIN TOMAR LAS PRECAUCIONES DEBIDAS.,CAIDA DE PASAJERO,MOTOCICLETA,0,0,0,0,0,0,0,0,1,0,0,0,0,1,-1,HOMBRE,LESIONADO,PASAJERO,NO,NO,3
30257,124304,124305,2022,0,0,-0.049101,-78.344721,PICHINCHA,QUITO,GUAYLLABAMBA,RURAL,2022-04-28,20:00:00,20,JUEVES,4,ABRIL,4,NO,"CONDUCE BAJO LA INFLUENCIA DE ALCOHOL, SUSTANCIAS ESTUPEFACIENTES O PSICOTROPICAS Y/O MEDICAMENTOS.",CHOQUE POSTERIOR,AUTOMOVIL,2,0,0,0,0,0,0,0,0,0,0,0,0,2,38,HOMBRE,ILESO,CONDUCTOR PRESENTE,NO,SI,3
30258,124314,124315,2022,0,0,-0.280365,-78.556683,PICHINCHA,QUITO,QUITO,URBANA,2022-04-29,00:45:00,0,VIERNES,5,ABRIL,4,NO,CONDUCIR VEHICULO SUPERANDO LOS LIMITES MAXIMOS DE VELOCIDAD.,CHOQUE LATERAL,AUTOMOVIL,2,0,0,0,0,0,0,0,0,0,0,0,0,2,52,HOMBRE,ILESO,CONDUCTOR PRESENTE,NO,NO,1
30259,124315,124316,2022,0,0,-0.342867,-78.553647,PICHINCHA,QUITO,QUITO,URBANA,2022-04-29,00:50:00,0,VIERNES,5,ABRIL,4,NO,CONDUCIR VEHICULO SUPERANDO LOS LIMITES MAXIMOS DE VELOCIDAD.,ESTRELLAMIENTOS,FURGONETA,0,0,0,0,0,0,0,1,0,0,0,0,0,1,-1,NO IDENTIFICADO,NO IDENTIFICADO,CONDUCTOR AUSENTE,NO,NO,2
30260,124319,124320,2022,0,0,-0.239603,-78.530673,PICHINCHA,QUITO,QUITO,URBANA,2022-04-29,04:15:00,4,VIERNES,5,ABRIL,4,NO,"NO RESPETAR LAS SENIALES REGLAMENTARIAS DE TRANSITO. (PARE, CEDA EL PASO, LUZ ROJA DEL SEMAFORO, ETC).",CHOQUE LATERAL,AUTOMOVIL,2,0,0,0,0,0,0,0,0,0,0,0,0,2,31,HOMBRE,ILESO,CONDUCTOR PRESENTE,NO,NO,1
30261,124324,124325,2022,1,0,-0.254204,-78.504069,PICHINCHA,QUITO,QUITO,URBANA,2022-04-29,06:00:00,6,VIERNES,5,ABRIL,4,NO,CONDUCIR VEHICULO SUPERANDO LOS LIMITES MAXIMOS DE VELOCIDAD.,VOLCAMIENTOS,MOTOCICLETA,0,0,0,0,0,0,0,0,1,0,0,0,0,1,23,HOMBRE,LESIONADO,CONDUCTOR PRESENTE,NO,NO,1
30262,124330,124331,2022,1,0,0.109149,-78.423278,PICHINCHA,QUITO,PERUCHO,RURAL,2022-04-29,11:25:00,11,VIERNES,5,ABRIL,4,NO,NO CEDER EL DERECHO DE VIA O PREFERENCIA DE PASO AL PEATON.,ARROLLAMIENTOS,BUS,0,0,1,0,0,0,0,0,0,0,0,0,0,1,73,MUJER,LESIONADO,PEATON,NO,NO,3
30263,124332,124333,2022,4,0,-0.099806,-78.445722,PICHINCHA,QUITO,CALDERON (CARAPUNGO),RURAL,2022-04-29,12:20:00,12,VIERNES,5,ABRIL,4,NO,NO CEDER EL DERECHO DE VIA O PREFERENCIA DE PASO A VEHICULOS.,CHOQUE LATERAL,BUS,0,0,1,0,0,0,0,1,0,0,0,0,0,2,13,MUJER,LESIONADO,PASAJERO,NO,NO,3
30264,124345,124346,2022,2,0,-0.171602,-78.484934,PICHINCHA,QUITO,QUITO,URBANA,2022-04-29,17:50:00,17,VIERNES,5,ABRIL,4,NO,PEATON QUE CRUZA LA CALZADA SIN RESPETAR LA SENIALIZACION EXISTENTE (SEMAFOROS O SENIALES MANUALES).,ATROPELLOS,BICICLETA,0,1,0,0,0,0,0,0,0,0,0,0,0,1,45,MUJER,LESIONADO,PEATON,NO,NO,1
30265,124348,124349,2022,1,0,-0.147751,-78.483706,PICHINCHA,QUITO,QUITO,URBANA,2022-04-29,19:05:00,19,VIERNES,5,ABRIL,4,NO,NO TRANSITAR POR LAS ACERAS O ZONAS DE SEGURIDAD DESTINADAS PARA EL EFECTO.,ATROPELLOS,AUTOMOVIL,1,0,0,0,0,0,0,0,0,0,0,0,0,1,54,MUJER,LESIONADO,PEATON,NO,NO,1
30266,124354,124355,2022,1,0,-0.204547,-78.490452,PICHINCHA,QUITO,QUITO,URBANA,2022-04-29,20:00:00,20,VIERNES,5,ABRIL,4,NO,"CONDUCIR DESATENTO A LAS CONDICIONES DE TRANSITO (CELULAR, PANTALLAS DE VIDEO, COMIDA, MAQUILLAJE O CUALQUIER OTRO ELEMENTO DISTRACTOR).",OTROS,BUS,0,0,1,0,0,0,0,0,0,0,0,0,0,1,21,MUJER,LESIONADO,PASAJERO,NO,NO,1
30267,124363,124364,2022,0,0,-0.252177,-78.539271,PICHINCHA,QUITO,QUITO,URBANA,2022-04-29,23:30:00,23,VIERNES,5,ABRIL,4,NO,CONDUCIR VEHICULO SUPERANDO LOS LIMITES MAXIMOS DE VELOCIDAD.,CHOQUE POSTERIOR,AUTOMOVIL,2,0,0,0,0,0,0,0,0,0,0,0,0,2,31,HOMBRE,ILESO,CONDUCTOR PRESENTE,NO,NO,1
30268,124365,124366,2022,1,0,-0.246645,-78.522252,PICHINCHA,QUITO,QUITO,URBANA,2022-04-30,01:00:00,1,SABADO,6,ABRIL,4,NO,"NO RESPETAR LAS SENIALES REGLAMENTARIAS DE TRANSITO. (PARE, CEDA EL PASO, LUZ ROJA DEL SEMAFORO, ETC).",OTROS,MOTOCICLETA,0,0,0,0,0,0,0,0,1,1,0,0,0,2,32,MUJER,LESIONADO,PASAJERO,NO,NO,1
30269,124369,124370,2022,2,0,-0.282895,-78.544211,PICHINCHA,QUITO,QUITO,URBANA,2022-04-30,01:38:00,1,SABADO,6,ABRIL,4,NO,"NO RESPETAR LAS SENIALES REGLAMENTARIAS DE TRANSITO. (PARE, CEDA EL PASO, LUZ ROJA DEL SEMAFORO, ETC).",CHOQUE LATERAL,MOTOCICLETA,0,0,0,0,0,0,0,0,2,0,0,0,0,2,29,HOMBRE,LESIONADO,PASAJERO,NO,NO,1
30270,124377,124378,2022,0,0,-0.291806,-78.558458,PICHINCHA,QUITO,QUITO,URBANA,2022-04-30,02:30:00,2,SABADO,6,ABRIL,4,NO,CONDUCIR VEHICULO SUPERANDO LOS LIMITES MAXIMOS DE VELOCIDAD.,ESTRELLAMIENTOS,AUTOMOVIL,1,0,0,0,0,0,0,0,0,0,0,0,0,1,-1,NO IDENTIFICADO,NO IDENTIFICADO,CONDUCTOR AUSENTE,NO,NO,2
30271,124378,124379,2022,1,0,-0.282895,-78.544211,PICHINCHA,QUITO,QUITO,URBANA,2022-04-30,02:55:00,2,SABADO,6,ABRIL,4,NO,CONDUCIR VEHICULO SUPERANDO LOS LIMITES MAXIMOS DE VELOCIDAD.,PERDIDA DE CARRIL,MOTOCICLETA,0,0,0,0,0,0,0,0,1,0,0,0,0,1,28,HOMBRE,LESIONADO,CONDUCTOR PRESENTE,NO,NO,1
30272,124382,124383,2022,1,1,-0.129361,-78.481395,PICHINCHA,QUITO,QUITO,URBANA,2022-04-30,03:40:00,3,SABADO,6,ABRIL,4,NO,"CONDUCE BAJO LA INFLUENCIA DE ALCOHOL, SUSTANCIAS ESTUPEFACIENTES O PSICOTROPICAS Y/O MEDICAMENTOS.",CHOQUE POSTERIOR,AUTOMOVIL,2,0,0,0,0,0,0,0,0,0,0,0,0,2,33,HOMBRE,FALLECIDO,CONDUCTOR PRESENTE,NO,NO,1
30273,124386,124387,2022,0,0,-0.270431,-78.552555,PICHINCHA,QUITO,QUITO,URBANA,2022-04-30,06:00:00,6,SABADO,6,ABRIL,4,NO,"NO RESPETAR LAS SENIALES REGLAMENTARIAS DE TRANSITO. (PARE, CEDA EL PASO, LUZ ROJA DEL SEMAFORO, ETC).",OTROS,AUTOMOVIL,1,0,0,0,0,0,0,0,0,0,0,0,0,1,-1,NO IDENTIFICADO,NO IDENTIFICADO,CONDUCTOR AUSENTE,NO,NO,2
30274,124395,124396,2022,2,0,-0.244718,-78.506098,PICHINCHA,QUITO,QUITO,URBANA,2022-04-30,09:25:00,9,SABADO,6,ABRIL,4,NO,NO CEDER EL DERECHO DE VIA O PREFERENCIA DE PASO AL PEATON.,ATROPELLOS,MOTOCICLETA,0,0,0,0,0,0,0,0,1,0,0,0,0,1,65,MUJER,LESIONADO,PEATON,NO,NO,1
30275,124403,124404,2022,0,0,-0.324704,-78.519745,PICHINCHA,QUITO,QUITO,URBANA,2022-04-30,11:35:00,11,SABADO,6,ABRIL,4,NO,DANIOS MECANICOS PREVISIBLES.,ESTRELLAMIENTOS,ESPECIAL,0,0,0,0,0,0,1,0,0,0,0,0,0,1,35,HOMBRE,ILESO,CONDUCTOR PRESENTE,NO,NO,1
30276,124412,124413,2022,0,0,-0.243873,-78.475531,PICHINCHA,QUITO,QUITO,URBANA,2022-04-30,14:48:00,14,SABADO,6,ABRIL,4,NO,CONDUCIR VEHICULO SUPERANDO LOS LIMITES MAXIMOS DE VELOCIDAD.,ESTRELLAMIENTOS,AUTOMOVIL,1,0,0,0,0,0,0,0,0,0,0,0,0,1,42,HOMBRE,ILESO,PASAJERO,NO,NO,1
30277,124420,124421,2022,0,0,0.047019,-78.225703,PICHINCHA,PEDRO MONCAYO,TABACUNDO,RURAL,2022-04-30,16:30:00,16,SABADO,6,ABRIL,4,NO,"NO RESPETAR LAS SENIALES REGLAMENTARIAS DE TRANSITO. (PARE, CEDA EL PASO, LUZ ROJA DEL SEMAFORO, ETC).",ATROPELLOS,AUTOMOVIL,1,0,0,0,0,0,0,0,0,0,0,0,0,1,17,HOMBRE,ILESO,PEATON,NO,NO,3
30278,124422,124423,2022,0,0,-0.109038,-78.458736,PICHINCHA,QUITO,CALDERON (CARAPUNGO),URBANA,2022-04-30,16:45:00,16,SABADO,6,ABRIL,4,NO,"NO RESPETAR LAS SENIALES REGLAMENTARIAS DE TRANSITO. (PARE, CEDA EL PASO, LUZ ROJA DEL SEMAFORO, ETC).",OTROS,CAMIONETA,0,0,0,0,1,0,0,0,0,0,0,0,1,2,35,MUJER,ILESO,CONDUCTOR PRESENTE,NO,NO,1
30279,124427,124428,2022,0,0,-0.210731,-78.421009,PICHINCHA,QUITO,TUMBACO,RURAL,2022-04-30,18:02:00,18,SABADO,6,ABRIL,4,NO,CONDUCIR VEHICULO SUPERANDO LOS LIMITES MAXIMOS DE VELOCIDAD.,ESTRELLAMIENTOS,AUTOMOVIL,1,0,0,0,0,0,0,0,0,0,0,0,0,1,-1,NO IDENTIFICADO,NO IDENTIFICADO,CONDUCTOR AUSENTE,NO,NO,2
30280,124437,124438,2022,3,2,-0.398632,-78.540441,PICHINCHA,MEJIA,UYUMBICHO,RURAL,2022-04-30,21:00:00,21,SABADO,6,ABRIL,4,NO,"CONDUCIR DESATENTO A LAS CONDICIONES DE TRANSITO (CELULAR, PANTALLAS DE VIDEO, COMIDA, MAQUILLAJE O CUALQUIER OTRO ELEMENTO DISTRACTOR).",PERDIDA DE CARRIL,CAMION,1,0,0,1,0,0,0,0,0,0,0,0,1,3,36,HOMBRE,FALLECIDO,CONDUCTOR PRESENTE,NO,SI,3
30281,124449,124450,2022,1,0,-0.127996,-78.510637,PICHINCHA,QUITO,QUITO,URBANA,2022-04-30,22:30:00,22,SABADO,6,ABRIL,4,NO,"CONDUCE BAJO LA INFLUENCIA DE ALCOHOL, SUSTANCIAS ESTUPEFACIENTES O PSICOTROPICAS Y/O MEDICAMENTOS.",ATROPELLOS,CAMION,0,0,0,1,0,0,0,0,0,0,0,0,0,1,57,MUJER,LESIONADO,PEATON,NO,NO,1
30282,124455,124456,2022,0,1,-0.146389,-78.499052,PICHINCHA,QUITO,QUITO,URBANA,2022-04-30,23:15:00,23,SABADO,6,ABRIL,4,NO,PEATON QUE CRUZA LA CALZADA SIN RESPETAR LA SENIALIZACION EXISTENTE (SEMAFOROS O SENIALES MANUALES).,ATROPELLOS,NO IDENTIFICADO,0,0,0,0,0,0,0,0,0,1,0,0,0,1,25,HOMBRE,FALLECIDO,PEATON,NO,NO,1
30283,124457,124458,2022,1,0,-0.197334,-78.500151,PICHINCHA,QUITO,QUITO,URBANA,2022-04-30,23:40:00,23,SABADO,6,ABRIL,4,NO,"NO RESPETAR LAS SENIALES REGLAMENTARIAS DE TRANSITO. (PARE, CEDA EL PASO, LUZ ROJA DEL SEMAFORO, ETC).",CHOQUE LATERAL,MOTOCICLETA,1,0,0,0,0,0,0,0,1,0,0,0,0,2,29,HOMBRE,LESIONADO,CONDUCTOR PRESENTE,NO,NO,1
30284,124458,124459,2022,0,0,-0.051161,-78.346781,PICHINCHA,QUITO,GUAYLLABAMBA,RURAL,2022-04-30,23:45:00,23,SABADO,6,ABRIL,4,NO,"CONDUCE BAJO LA INFLUENCIA DE ALCOHOL, SUSTANCIAS ESTUPEFACIENTES O PSICOTROPICAS Y/O MEDICAMENTOS.",CHOQUE POSTERIOR,CAMIONETA,0,0,0,0,1,0,0,0,0,0,0,0,1,2,30,HOMBRE,ILESO,CONDUCTOR PRESENTE,NO,SI,3
30285,124465,124466,2022,0,1,-0.271153,-78.551984,PICHINCHA,QUITO,QUITO,URBANA,2022-05-01,01:00:00,1,DOMINGO,7,MAYO,5,SI,CONDUCIR VEHICULO SUPERANDO LOS LIMITES MAXIMOS DE VELOCIDAD.,CHOQUE POSTERIOR,MOTOCICLETA,0,0,0,0,1,0,0,0,1,0,0,0,0,2,23,HOMBRE,FALLECIDO,CONDUCTOR PRESENTE,NO,NO,1
30286,124466,124467,2022,1,0,-0.209515,-78.365524,PICHINCHA,QUITO,PUEMBO,RURAL,2022-05-01,01:00:00,1,DOMINGO,7,MAYO,5,SI,"NO RESPETAR LAS SENIALES REGLAMENTARIAS DE TRANSITO. (PARE, CEDA EL PASO, LUZ ROJA DEL SEMAFORO, ETC).",PERDIDA DE CARRIL,MOTOCICLETA,0,0,0,0,0,0,0,0,1,0,0,0,0,1,37,HOMBRE,LESIONADO,CONDUCTOR PRESENTE,NO,NO,3
30287,124469,124470,2022,0,0,-0.130741,-78.448132,PICHINCHA,QUITO,LLANO CHICO,RURAL,2022-05-01,02:00:00,2,DOMINGO,7,MAYO,5,SI,CONDUCIR VEHICULO SUPERANDO LOS LIMITES MAXIMOS DE VELOCIDAD.,PERDIDA DE CARRIL,AUTOMOVIL,1,0,0,0,0,0,0,0,0,0,0,0,0,1,-1,NO IDENTIFICADO,NO IDENTIFICADO,CONDUCTOR AUSENTE,NO,NO,2
30288,124472,124473,2022,1,0,-0.169318,-78.484428,PICHINCHA,QUITO,QUITO,URBANA,2022-05-01,02:30:00,2,DOMINGO,7,MAYO,5,SI,CONDUCIR VEHICULO SUPERANDO LOS LIMITES MAXIMOS DE VELOCIDAD.,CHOQUE LATERAL,AUTOMOVIL,2,0,0,0,0,0,0,0,0,0,0,0,0,2,40,HOMBRE,LESIONADO,CONDUCTOR PRESENTE,NO,NO,1
30289,124477,124478,2022,0,0,-0.308165,-78.544536,PICHINCHA,QUITO,QUITO,URBANA,2022-05-01,03:30:00,3,DOMINGO,7,MAYO,5,SI,CONDUCIR VEHICULO SUPERANDO LOS LIMITES MAXIMOS DE VELOCIDAD.,ESTRELLAMIENTOS,AUTOMOVIL,1,0,0,0,0,0,0,0,0,0,0,0,0,1,-1,NO IDENTIFICADO,NO IDENTIFICADO,CONDUCTOR AUSENTE,NO,NO,2
30290,124480,124481,2022,0,0,-0.282895,-78.544211,PICHINCHA,QUITO,QUITO,URBANA,2022-05-01,03:40:00,3,DOMINGO,7,MAYO,5,SI,"NO RESPETAR LAS SENIALES REGLAMENTARIAS DE TRANSITO. (PARE, CEDA EL PASO, LUZ ROJA DEL SEMAFORO, ETC).",ESTRELLAMIENTOS,AUTOMOVIL,1,0,0,0,0,0,0,0,0,0,0,0,0,1,-1,NO IDENTIFICADO,NO IDENTIFICADO,CONDUCTOR AUSENTE,NO,NO,2
30291,124484,124485,2022,0,0,-0.443097,-78.728581,PICHINCHA,MEJIA,MANUEL CORNEJO ASTORGA,RURAL,2022-05-01,04:30:00,4,DOMINGO,7,MAYO,5,SI,"CONDUCIR DESATENTO A LAS CONDICIONES DE TRANSITO (CELULAR, PANTALLAS DE VIDEO, COMIDA, MAQUILLAJE O CUALQUIER OTRO ELEMENTO DISTRACTOR).",PERDIDA DE PISTA,CAMION,0,0,0,1,0,0,0,0,0,0,0,0,0,1,59,HOMBRE,ILESO,CONDUCTOR PRESENTE,NO,NO,3
30292,124489,124490,2022,0,0,-0.229238,-78.522067,PICHINCHA,QUITO,QUITO,URBANA,2022-05-01,05:30:00,5,DOMINGO,7,MAYO,5,SI,CONDUCIR VEHICULO SUPERANDO LOS LIMITES MAXIMOS DE VELOCIDAD.,ESTRELLAMIENTOS,AUTOMOVIL,1,0,0,0,0,0,0,0,0,0,0,0,0,1,-1,NO IDENTIFICADO,NO IDENTIFICADO,CONDUCTOR AUSENTE,NO,NO,2
30293,124500,124501,2022,1,0,-0.202229,-78.497738,PICHINCHA,QUITO,QUITO,URBANA,2022-05-01,07:15:00,7,DOMINGO,7,MAYO,5,SI,"NO RESPETAR LAS SENIALES REGLAMENTARIAS DE TRANSITO. (PARE, CEDA EL PASO, LUZ ROJA DEL SEMAFORO, ETC).",CHOQUE LATERAL,MOTOCICLETA,1,0,0,0,0,0,0,0,1,0,0,0,0,2,29,HOMBRE,LESIONADO,CONDUCTOR PRESENTE,NO,NO,1
30294,124514,124515,2022,0,0,-0.299105,-78.454969,PICHINCHA,QUITO,ALANGASI,RURAL,2022-05-01,11:10:00,11,DOMINGO,7,MAYO,5,SI,"NO RESPETAR LAS SENIALES REGLAMENTARIAS DE TRANSITO. (PARE, CEDA EL PASO, LUZ ROJA DEL SEMAFORO, ETC).",CHOQUE LATERAL,FURGONETA,1,0,0,0,0,0,0,1,0,0,0,0,0,2,37,MUJER,ILESO,CONDUCTOR PRESENTE,NO,NO,3
30295,124515,124516,2022,1,0,-0.229036,-78.500792,PICHINCHA,QUITO,QUITO,URBANA,2022-05-01,11:30:00,11,DOMINGO,7,MAYO,5,SI,CONDUCIR VEHICULO SUPERANDO LOS LIMITES MAXIMOS DE VELOCIDAD.,PERDIDA DE CARRIL,MOTOCICLETA,0,0,0,0,0,0,0,0,1,0,0,0,0,1,66,HOMBRE,LESIONADO,CONDUCTOR PRESENTE,NO,NO,1
30296,124522,124523,2022,0,0,-0.265864,-78.535384,PICHINCHA,QUITO,QUITO,URBANA,2022-05-01,13:10:00,13,DOMINGO,7,MAYO,5,SI,CONDUCIR VEHICULO SUPERANDO LOS LIMITES MAXIMOS DE VELOCIDAD.,CHOQUE LATERAL,MOTOCICLETA,0,0,0,0,0,0,0,0,1,1,0,0,0,2,-1,NO IDENTIFICADO,NO IDENTIFICADO,CONDUCTOR AUSENTE,NO,NO,2
30297,124523,124524,2022,0,1,-0.161466,-78.320431,PICHINCHA,QUITO,YARUQUI,RURAL,2022-05-01,13:20:00,13,DOMINGO,7,MAYO,5,SI,NO TRANSITAR POR LAS ACERAS O ZONAS DE SEGURIDAD DESTINADAS PARA EL EFECTO.,ATROPELLOS,NO IDENTIFICADO,0,0,0,0,0,0,0,0,0,1,0,0,0,1,1,HOMBRE,FALLECIDO,PEATON,NO,NO,3
30298,124534,124535,2022,1,0,0.017589,-78.163404,PICHINCHA,CAYAMBE,CAYAMBE,RURAL,2022-05-01,16:00:00,16,DOMINGO,7,MAYO,5,SI,NO TRANSITAR POR LAS ACERAS O ZONAS DE SEGURIDAD DESTINADAS PARA EL EFECTO.,ATROPELLOS,AUTOMOVIL,1,0,0,0,0,0,0,0,0,0,0,0,0,1,12,HOMBRE,LESIONADO,PEATON,NO,SI,3
30299,124535,124536,2022,0,0,0.048476,-78.216341,PICHINCHA,PEDRO MONCAYO,TABACUNDO,RURAL,2022-05-01,16:40:00,16,DOMINGO,7,MAYO,5,SI,"NO RESPETAR LAS SENIALES REGLAMENTARIAS DE TRANSITO. (PARE, CEDA EL PASO, LUZ ROJA DEL SEMAFORO, ETC).",CHOQUE POSTERIOR,MOTOCICLETA,1,0,0,0,0,0,0,0,1,0,0,0,0,2,24,HOMBRE,ILESO,CONDUCTOR PRESENTE,NO,NO,3
30300,124538,124539,2022,0,0,-0.279617,-78.542054,PICHINCHA,QUITO,QUITO,URBANA,2022-05-01,18:10:00,18,DOMINGO,7,MAYO,5,SI,"NO RESPETAR LAS SENIALES REGLAMENTARIAS DE TRANSITO. (PARE, CEDA EL PASO, LUZ ROJA DEL SEMAFORO, ETC).",CHOQUE LATERAL,MOTOCICLETA,0,0,0,0,1,0,0,0,1,0,0,0,0,2,35,HOMBRE,ILESO,CONDUCTOR PRESENTE,NO,NO,1
30301,124551,124552,2022,0,0,-0.239668,-78.492944,PICHINCHA,QUITO,QUITO,URBANA,2022-05-01,20:30:00,20,DOMINGO,7,MAYO,5,SI,"CONDUCE BAJO LA INFLUENCIA DE ALCOHOL, SUSTANCIAS ESTUPEFACIENTES O PSICOTROPICAS Y/O MEDICAMENTOS.",CHOQUE POSTERIOR,CAMIONETA,1,0,0,0,1,0,0,0,0,0,0,0,0,2,28,HOMBRE,ILESO,CONDUCTOR PRESENTE,NO,NO,1
30302,124558,124559,2022,0,0,-0.240583,-78.511586,PICHINCHA,QUITO,QUITO,URBANA,2022-05-01,21:50:00,21,DOMINGO,7,MAYO,5,SI,"NO RESPETAR LAS SENIALES REGLAMENTARIAS DE TRANSITO. (PARE, CEDA EL PASO, LUZ ROJA DEL SEMAFORO, ETC).",ESTRELLAMIENTOS,AUTOMOVIL,1,0,0,0,0,0,0,0,0,0,0,0,0,1,-1,NO IDENTIFICADO,NO IDENTIFICADO,CONDUCTOR AUSENTE,NO,NO,2
30303,124559,124560,2022,1,0,-0.331976,-78.489115,PICHINCHA,QUITO,AMAGUANIA,RURAL,2022-05-01,22:00:00,22,DOMINGO,7,MAYO,5,SI,CONDUCIR VEHICULO SUPERANDO LOS LIMITES MAXIMOS DE VELOCIDAD.,CHOQUE FRONTAL,MOTOCICLETA,1,0,0,0,0,0,0,0,1,0,0,0,0,2,19,HOMBRE,LESIONADO,CONDUCTOR PRESENTE,NO,NO,3
30304,124561,124562,2022,1,0,-0.262321,-78.547758,PICHINCHA,QUITO,QUITO,URBANA,2022-05-01,22:05:00,22,DOMINGO,7,MAYO,5,SI,CONDUCIR VEHICULO SUPERANDO LOS LIMITES MAXIMOS DE VELOCIDAD.,CHOQUE FRONTAL,MOTOCICLETA,0,0,0,0,0,0,0,0,1,1,0,0,0,2,36,HOMBRE,LESIONADO,CONDUCTOR PRESENTE,NO,NO,1
30305,124577,124578,2022,0,1,-0.189894,-78.496939,PICHINCHA,QUITO,QUITO,URBANA,2022-05-02,06:50:00,6,LUNES,1,MAYO,5,SI,NO TRANSITAR POR LAS ACERAS O ZONAS DE SEGURIDAD DESTINADAS PARA EL EFECTO.,ARROLLAMIENTOS,NO IDENTIFICADO,0,0,0,0,0,0,0,0,0,1,0,0,0,1,30,MUJER,FALLECIDO,PEATON,NO,NO,1
30306,124580,124581,2022,0,0,-0.069061,-78.424099,PICHINCHA,QUITO,CALDERON (CARAPUNGO),RURAL,2022-05-02,08:20:00,8,LUNES,1,MAYO,5,SI,"NO RESPETAR LAS SENIALES REGLAMENTARIAS DE TRANSITO. (PARE, CEDA EL PASO, LUZ ROJA DEL SEMAFORO, ETC).",ESTRELLAMIENTOS,AUTOMOVIL,1,0,0,0,0,0,0,0,0,0,0,0,0,1,27,MUJER,ILESO,CONDUCTOR PRESENTE,NO,NO,3