,Unnamed: 0,ID,ANIO,LESIONADOS,FALLECIDOS,LATITUD_Y,LONGITUD_X,PROVINCIA,CANTON,PARROQUIA,ZONA,FECHA,HORA,PERIODO_2,DIA_1,DIA_2,MES_1,MES_2,FERIADO,CAUSA_PROBABLE,TIPO_DE_SINIESTRO,TIPO_DE_VEHICULO_1,AUTOMOVIL,BICICLETA,BUS,CAMION,CAMIONETA,EMERGENCIAS,ESPECIAL,FURGONETA,MOTOCICLETA,NO_IDENTIFICADO,SCOOTER_ELECTRICO,TRICIMOTO,VEHICULO_DEPORTIVO_UTILITARIO,SUMA_DE_VEHICULOS,EDAD_1,SEXO_1,CONDICION_1,PARTICIPANTE_1,CASCO_1,CINTURON_1,KMeans_Cluster
30307,124591,124592,2022,1,0,-0.242661,-78.497386,PICHINCHA,QUITO,QUITO,URBANA,2022-05-02,14:44:00,14,LUNES,1,MAYO,5,SI,"CASO FORTUITO O FUERZA MAYOR (EXPLOSION DE NEUMATICO NUEVO, DERRUMBE, INUNDACION, CAIDA DE PUENTE, ARBOL, PRESENCIA INTEMPESTIVA E IMPREVISTA DE SEMOVIENTES EN LA VIA, ETC.).",PERDIDA DE CARRIL,AUTOMOVIL,1,0,0,0,0,0,0,0,0,0,0,0,0,1,24,MUJER,LESIONADO,PASAJERO,NO,NO,1
30308,124603,124604,2022,0,0,-0.442464,-78.670947,PICHINCHA,MEJIA,ALOAG,RURAL,2022-05-02,17:15:00,17,LUNES,1,MAYO,5,SI,REALIZAR CAMBIO BRUSCO O INDEBIDO DE CARRIL.,CHOQUE LATERAL,CAMIONETA,1,0,0,0,1,0,0,0,0,0,0,0,0,2,48,HOMBRE,ILESO,CONDUCTOR PRESENTE,NO,NO,3
30309,124625,124626,2022,0,0,0.045655,-78.190913,PICHINCHA,PEDRO MONCAYO,TABACUNDO,RURAL,2022-05-03,06:28:00,6,MARTES,2,MAYO,5,NO,"CONDUCIR DESATENTO A LAS CONDICIONES DE TRANSITO (CELULAR, PANTALLAS DE VIDEO, COMIDA, MAQUILLAJE O CUALQUIER OTRO ELEMENTO DISTRACTOR).",CHOQUE FRONTAL,CAMION,1,0,0,1,0,0,0,0,0,0,0,0,0,2,-1,HOMBRE,ILESO,CONDUCTOR PRESENTE,NO,SI,3
30310,124626,124627,2022,2,0,-0.106978,-78.502321,PICHINCHA,QUITO,QUITO,URBANA,2022-05-03,06:40:00,6,MARTES,2,MAYO,5,NO,"NO RESPETAR LAS SENIALES REGLAMENTARIAS DE TRANSITO. (PARE, CEDA EL PASO, LUZ ROJA DEL SEMAFORO, ETC).",ROZAMIENTOS,MOTOCICLETA,0,0,0,0,0,0,0,0,1,1,0,0,0,2,20,MUJER,LESIONADO,PASAJERO,NO,NO,1
30311,124627,124628,2022,1,0,-0.260796,-78.545942,PICHINCHA,QUITO,QUITO,URBANA,2022-05-03,06:45:00,6,MARTES,2,MAYO,5,NO,CONDUCIR VEHICULO SUPERANDO LOS LIMITES MAXIMOS DE VELOCIDAD.,ATROPELLOS,CAMIONETA,0,0,0,0,1,0,0,0,0,0,0,0,0,1,67,HOMBRE,LESIONADO,PEATON,NO,NO,1
30312,124628,124629,2022,0,1,0.212491,-78.910689,PICHINCHA,QUITO,PACTO,RURAL,2022-05-03,07:00:00,7,MARTES,2,MAYO,5,NO,CONDUCIR VEHICULO SUPERANDO LOS LIMITES MAXIMOS DE VELOCIDAD.,PERDIDA DE CARRIL,CAMION,0,0,0,1,0,0,0,0,1,0,0,0,0,2,53,HOMBRE,FALLECIDO,CONDUCTOR PRESENTE,NO,NO,3
30313,124629,124630,2022,1,0,-0.280912,-78.553583,PICHINCHA,QUITO,QUITO,URBANA,2022-05-03,07:05:00,7,MARTES,2,MAYO,5,NO,NO TRANSITAR POR LAS ACERAS O ZONAS DE SEGURIDAD DESTINADAS PARA EL EFECTO.,ATROPELLOS,MOTOCICLETA,0,0,0,0,0,0,0,0,1,0,0,0,0,1,2,MUJER,LESIONADO,PEATON,NO,NO,1
30314,124633,124634,2022,0,0,-0.211377,-78.405595,PICHINCHA,QUITO,TUMBACO,RURAL,2022-05-03,08:08:00,8,MARTES,2,MAYO,5,NO,"NO RESPETAR LAS SENIALES REGLAMENTARIAS DE TRANSITO. (PARE, CEDA EL PASO, LUZ ROJA DEL SEMAFORO, ETC).",CHOQUE LATERAL,AUTOMOVIL,2,0,0,0,0,0,0,0,0,0,0,0,0,2,41,HOMBRE,ILESO,CONDUCTOR PRESENTE,NO,NO,3
30315,124640,124641,2022,1,0,-0.255579,-78.521353,PICHINCHA,QUITO,QUITO,URBANA,2022-05-03,14:45:00,14,MARTES,2,MAYO,5,NO,"NO RESPETAR LAS SENIALES REGLAMENTARIAS DE TRANSITO. (PARE, CEDA EL PASO, LUZ ROJA DEL SEMAFORO, ETC).",ATROPELLOS,MOTOCICLETA,0,0,0,0,0,0,0,0,1,0,0,0,0,1,59,HOMBRE,LESIONADO,PEATON,NO,NO,1
30316,124646,124647,2022,1,0,-0.291112,-78.568287,PICHINCHA,QUITO,QUITO,URBANA,2022-05-03,18:00:00,18,MARTES,2,MAYO,5,NO,NO TRANSITAR POR LAS ACERAS O ZONAS DE SEGURIDAD DESTINADAS PARA EL EFECTO.,ATROPELLOS,AUTOMOVIL,1,0,0,0,0,0,0,0,0,0,0,0,0,1,14,HOMBRE,LESIONADO,PEATON,NO,NO,1
30317,124652,124653,2022,2,0,-0.171064,-78.490441,PICHINCHA,QUITO,QUITO,URBANA,2022-05-03,20:10:00,20,MARTES,2,MAYO,5,NO,"NO RESPETAR LAS SENIALES REGLAMENTARIAS DE TRANSITO. (PARE, CEDA EL PASO, LUZ ROJA DEL SEMAFORO, ETC).",CHOQUE LATERAL,MOTOCICLETA,0,0,0,0,0,0,0,0,2,0,0,0,0,2,26,HOMBRE,LESIONADO,CONDUCTOR PRESENTE,NO,NO,1
30318,124656,124657,2022,1,0,-0.279244,-78.552786,PICHINCHA,QUITO,QUITO,URBANA,2022-05-03,22:10:00,22,MARTES,2,MAYO,5,NO,"CONDUCE BAJO LA INFLUENCIA DE ALCOHOL, SUSTANCIAS ESTUPEFACIENTES O PSICOTROPICAS Y/O MEDICAMENTOS.",CHOQUE POSTERIOR,CAMION,1,0,0,1,0,0,0,0,0,0,0,0,0,2,28,HOMBRE,LESIONADO,CONDUCTOR PRESENTE,NO,NO,1
30319,124661,124662,2022,0,0,-0.545793,-78.585087,PICHINCHA,MEJIA,MACHACHI,RURAL,2022-05-04,03:45:00,3,MIERCOLES,3,MAYO,5,NO,"CONDUCE BAJO LA INFLUENCIA DE ALCOHOL, SUSTANCIAS ESTUPEFACIENTES O PSICOTROPICAS Y/O MEDICAMENTOS.",PERDIDA DE CARRIL,CAMION,0,0,0,1,0,0,0,0,0,0,0,0,0,1,26,HOMBRE,ILESO,CONDUCTOR PRESENTE,NO,SI,3
30320,124664,124665,2022,0,0,-0.295483,-78.432361,PICHINCHA,QUITO,ALANGASI,RURAL,2022-05-04,06:00:00,6,MIERCOLES,3,MAYO,5,NO,CONDUCIR VEHICULO SUPERANDO LOS LIMITES MAXIMOS DE VELOCIDAD.,CHOQUE FRONTAL,AUTOMOVIL,2,0,0,0,0,0,0,0,0,0,0,0,0,2,65,HOMBRE,ILESO,CONDUCTOR PRESENTE,NO,NO,3
30321,124665,124666,2022,1,0,-0.302501,-78.480261,PICHINCHA,QUITO,CONOCOTO,RURAL,2022-05-04,06:00:00,6,MIERCOLES,3,MAYO,5,NO,"NO RESPETAR LAS SENIALES REGLAMENTARIAS DE TRANSITO. (PARE, CEDA EL PASO, LUZ ROJA DEL SEMAFORO, ETC).",CHOQUE FRONTAL,MOTOCICLETA,1,0,0,0,0,0,0,0,1,0,0,0,0,2,43,HOMBRE,LESIONADO,CONDUCTOR PRESENTE,NO,NO,3
30322,124669,124670,2022,1,1,-0.545781,-78.585085,PICHINCHA,MEJIA,MACHACHI,RURAL,2022-05-04,06:45:00,6,MIERCOLES,3,MAYO,5,NO,"CONDUCIR DESATENTO A LAS CONDICIONES DE TRANSITO (CELULAR, PANTALLAS DE VIDEO, COMIDA, MAQUILLAJE O CUALQUIER OTRO ELEMENTO DISTRACTOR).",CHOQUE POSTERIOR,CAMION,1,0,0,1,0,0,0,0,0,0,0,0,0,2,55,HOMBRE,FALLECIDO,CONDUCTOR PRESENTE,NO,SI,3
30323,124682,124683,2022,2,0,-0.289598,-78.538632,PICHINCHA,QUITO,QUITO,URBANA,2022-05-04,12:40:00,12,MIERCOLES,3,MAYO,5,NO,NO CEDER EL DERECHO DE VIA O PREFERENCIA DE PASO A VEHICULOS.,CHOQUE LATERAL,BUS,0,0,1,0,0,0,0,0,1,0,0,0,0,2,13,HOMBRE,LESIONADO,PASAJERO,NO,NO,1
30324,124683,124684,2022,1,0,-0.206446,-78.370188,PICHINCHA,QUITO,PUEMBO,RURAL,2022-05-04,12:50:00,12,MIERCOLES,3,MAYO,5,NO,"PRESENCIA DE AGENTES EXTERNOS EN LA VIA (AGUA, ACEITE, PIEDRA, LASTRE, ESCOMBROS, MADEROS, ETC.).",CHOQUE FRONTAL,CAMION,1,0,0,1,0,0,0,0,0,0,0,0,0,2,41,MUJER,LESIONADO,PASAJERO,NO,NO,3
30325,124690,124691,2022,0,0,-0.205926,-78.501746,PICHINCHA,QUITO,QUITO,URBANA,2022-05-04,15:20:00,15,MIERCOLES,3,MAYO,5,NO,"NO RESPETAR LAS SENIALES REGLAMENTARIAS DE TRANSITO. (PARE, CEDA EL PASO, LUZ ROJA DEL SEMAFORO, ETC).",CHOQUE LATERAL,AUTOMOVIL,2,0,0,0,0,0,0,0,0,0,0,0,0,2,60,HOMBRE,ILESO,CONDUCTOR PRESENTE,NO,NO,1
30326,124699,124700,2022,1,0,-0.257113,-78.533248,PICHINCHA,QUITO,QUITO,URBANA,2022-05-04,20:00:00,20,MIERCOLES,3,MAYO,5,NO,"NO RESPETAR LAS SENIALES REGLAMENTARIAS DE TRANSITO. (PARE, CEDA EL PASO, LUZ ROJA DEL SEMAFORO, ETC).",CHOQUE LATERAL,MOTOCICLETA,1,0,0,0,0,0,0,0,1,0,0,0,0,2,34,HOMBRE,LESIONADO,CONDUCTOR PRESENTE,NO,NO,1
30327,124701,124702,2022,0,1,-0.220546,-78.510824,PICHINCHA,QUITO,QUITO,URBANA,2022-05-04,20:55:00,20,MIERCOLES,3,MAYO,5,NO,NO CEDER EL DERECHO DE VIA O PREFERENCIA DE PASO AL PEATON.,ARROLLAMIENTOS,NO IDENTIFICADO,0,0,0,0,0,0,0,0,0,1,0,0,0,1,40,HOMBRE,FALLECIDO,PEATON,NO,NO,1
30328,124709,124710,2022,0,1,-0.213917,-78.457432,PICHINCHA,QUITO,CUMBAYA,RURAL,2022-05-04,23:30:00,23,MIERCOLES,3,MAYO,5,NO,CONDUCIR VEHICULO SUPERANDO LOS LIMITES MAXIMOS DE VELOCIDAD.,CHOQUE POSTERIOR,ESPECIAL,1,0,0,0,0,0,1,0,0,0,0,0,0,2,31,HOMBRE,FALLECIDO,CONDUCTOR PRESENTE,NO,NO,3
30329,124721,124722,2022,0,1,-0.201368,-78.497361,PICHINCHA,QUITO,QUITO,URBANA,2022-05-05,12:30:00,12,JUEVES,4,MAYO,5,NO,NO TRANSITAR POR LAS ACERAS O ZONAS DE SEGURIDAD DESTINADAS PARA EL EFECTO.,ATROPELLOS,BUS,0,0,1,0,0,0,0,0,0,0,0,0,0,1,25,HOMBRE,FALLECIDO,PEATON,NO,NO,1
30330,124724,124725,2022,0,0,-0.196111,-78.442717,PICHINCHA,QUITO,CUMBAYA,RURAL,2022-05-05,14:25:00,14,JUEVES,4,MAYO,5,NO,CONDUCIR VEHICULO SUPERANDO LOS LIMITES MAXIMOS DE VELOCIDAD.,CHOQUE POSTERIOR,CAMIONETA,1,0,0,0,1,0,0,0,0,0,0,0,0,2,37,HOMBRE,ILESO,CONDUCTOR PRESENTE,NO,NO,3
30331,124730,124731,2022,0,0,-0.194061,-78.492352,PICHINCHA,QUITO,QUITO,URBANA,2022-05-05,17:15:00,17,JUEVES,4,MAYO,5,NO,NO MANTENER LA DISTANCIA PRUDENCIAL CON RESPECTO AL VEHICULO QUE LE ANTECEDE.,CHOQUE POSTERIOR,CAMIONETA,1,0,0,0,1,0,0,0,0,0,0,0,0,2,25,HOMBRE,ILESO,CONDUCTOR PRESENTE,NO,NO,1
30332,124735,124736,2022,0,0,-0.268715,-78.528491,PICHINCHA,QUITO,QUITO,URBANA,2022-05-05,18:35:00,18,JUEVES,4,MAYO,5,NO,"CONDUCE BAJO LA INFLUENCIA DE ALCOHOL, SUSTANCIAS ESTUPEFACIENTES O PSICOTROPICAS Y/O MEDICAMENTOS.",CHOQUE POSTERIOR,AUTOMOVIL,2,0,0,0,0,0,0,0,0,0,0,0,0,2,32,HOMBRE,ILESO,CONDUCTOR PRESENTE,NO,NO,1
30333,124741,124742,2022,0,0,-0.127774,-78.481151,PICHINCHA,QUITO,QUITO,URBANA,2022-05-05,20:20:00,20,JUEVES,4,MAYO,5,NO,"CONDUCE BAJO LA INFLUENCIA DE ALCOHOL, SUSTANCIAS ESTUPEFACIENTES O PSICOTROPICAS Y/O MEDICAMENTOS.",COLISION,AUTOMOVIL,3,0,0,0,0,0,0,0,0,0,0,0,0,3,25,HOMBRE,ILESO,CONDUCTOR PRESENTE,NO,NO,1
30334,124746,124747,2022,1,0,-0.176608,-78.480906,PICHINCHA,QUITO,QUITO,URBANA,2022-05-05,22:30:00,22,JUEVES,4,MAYO,5,NO,"NO RESPETAR LAS SENIALES REGLAMENTARIAS DE TRANSITO. (PARE, CEDA EL PASO, LUZ ROJA DEL SEMAFORO, ETC).",CHOQUE LATERAL,MOTOCICLETA,1,0,0,0,0,0,0,0,1,0,0,0,0,2,40,HOMBRE,LESIONADO,CONDUCTOR PRESENTE,NO,NO,1
30335,124747,124748,2022,0,1,-0.308131,-78.544687,PICHINCHA,QUITO,QUITO,URBANA,2022-05-05,23:15:00,23,JUEVES,4,MAYO,5,NO,"NO RESPETAR LAS SENIALES REGLAMENTARIAS DE TRANSITO. (PARE, CEDA EL PASO, LUZ ROJA DEL SEMAFORO, ETC).",OTROS,NO IDENTIFICADO,0,0,0,0,0,0,0,0,0,1,0,0,0,1,25,HOMBRE,FALLECIDO,PEATON,NO,NO,1
30336,124752,124753,2022,0,0,-0.271171,-78.551991,PICHINCHA,QUITO,QUITO,URBANA,2022-05-06,01:50:00,1,VIERNES,5,MAYO,5,NO,"CONDUCE BAJO LA INFLUENCIA DE ALCOHOL, SUSTANCIAS ESTUPEFACIENTES O PSICOTROPICAS Y/O MEDICAMENTOS.",CHOQUE LATERAL,MOTOCICLETA,1,0,0,0,0,0,0,0,1,0,0,0,0,2,38,HOMBRE,ILESO,CONDUCTOR PRESENTE,NO,NO,1
30337,124754,124755,2022,0,1,-0.069747,-78.420042,PICHINCHA,QUITO,CALDERON (CARAPUNGO),RURAL,2022-05-06,04:05:00,4,VIERNES,5,MAYO,5,NO,CONDUCIR VEHICULO SUPERANDO LOS LIMITES MAXIMOS DE VELOCIDAD.,PERDIDA DE CARRIL,MOTOCICLETA,0,0,0,0,0,0,0,0,1,0,0,0,0,1,26,HOMBRE,FALLECIDO,CONDUCTOR PRESENTE,NO,NO,3
30338,124758,124759,2022,0,0,-0.134368,-78.501779,PICHINCHA,QUITO,QUITO,URBANA,2022-05-06,07:30:00,7,VIERNES,5,MAYO,5,NO,"CONDUCE BAJO LA INFLUENCIA DE ALCOHOL, SUSTANCIAS ESTUPEFACIENTES O PSICOTROPICAS Y/O MEDICAMENTOS.",CHOQUE POSTERIOR,AUTOMOVIL,2,0,0,0,0,0,0,0,0,0,0,0,0,2,42,HOMBRE,ILESO,CONDUCTOR PRESENTE,NO,NO,1
30339,124768,124769,2022,1,0,-0.164085,-78.457709,PICHINCHA,QUITO,QUITO,URBANA,2022-05-06,11:40:00,11,VIERNES,5,MAYO,5,NO,CONDUCIR VEHICULO SUPERANDO LOS LIMITES MAXIMOS DE VELOCIDAD.,VOLCAMIENTOS,MOTOCICLETA,0,0,0,0,0,0,0,0,1,0,0,0,0,1,27,HOMBRE,LESIONADO,CONDUCTOR PRESENTE,NO,NO,1
30340,124770,124771,2022,1,0,-0.289598,-78.538632,PICHINCHA,QUITO,QUITO,URBANA,2022-05-06,12:25:00,12,VIERNES,5,MAYO,5,NO,PEATON QUE CRUZA LA CALZADA SIN RESPETAR LA SENIALIZACION EXISTENTE (SEMAFOROS O SENIALES MANUALES).,ATROPELLOS,FURGONETA,0,0,0,0,0,0,0,1,0,0,0,0,0,1,76,HOMBRE,LESIONADO,PEATON,NO,NO,1
30341,124785,124786,2022,0,0,-0.285153,-78.537342,PICHINCHA,QUITO,QUITO,URBANA,2022-05-06,17:00:00,17,VIERNES,5,MAYO,5,NO,"CONDUCE BAJO LA INFLUENCIA DE ALCOHOL, SUSTANCIAS ESTUPEFACIENTES O PSICOTROPICAS Y/O MEDICAMENTOS.",CHOQUE POSTERIOR,CAMIONETA,1,0,0,0,1,0,0,0,0,0,0,0,0,2,35,HOMBRE,ILESO,CONDUCTOR PRESENTE,NO,NO,1
30342,124794,124795,2022,0,0,-0.131421,-78.499105,PICHINCHA,QUITO,QUITO,URBANA,2022-05-06,20:40:00,20,VIERNES,5,MAYO,5,NO,"NO RESPETAR LAS SENIALES REGLAMENTARIAS DE TRANSITO. (PARE, CEDA EL PASO, LUZ ROJA DEL SEMAFORO, ETC).",ESTRELLAMIENTOS,AUTOMOVIL,1,0,0,0,0,0,0,0,0,0,0,0,0,1,37,HOMBRE,ILESO,CONDUCTOR PRESENTE,NO,NO,1
30343,124799,124800,2022,0,0,-0.344911,-78.548758,PICHINCHA,QUITO,QUITO,URBANA,2022-05-06,22:10:00,22,VIERNES,5,MAYO,5,NO,"CONDUCE BAJO LA INFLUENCIA DE ALCOHOL, SUSTANCIAS ESTUPEFACIENTES O PSICOTROPICAS Y/O MEDICAMENTOS.",ESTRELLAMIENTOS,AUTOMOVIL,2,0,0,0,0,0,0,0,0,0,0,0,0,2,42,HOMBRE,ILESO,CONDUCTOR PRESENTE,NO,NO,1
30344,124809,124810,2022,1,0,-0.190053,-78.488062,PICHINCHA,QUITO,QUITO,URBANA,2022-05-07,00:50:00,0,SABADO,6,MAYO,5,NO,"NO RESPETAR LAS SENIALES REGLAMENTARIAS DE TRANSITO. (PARE, CEDA EL PASO, LUZ ROJA DEL SEMAFORO, ETC).",CHOQUE LATERAL,MOTOCICLETA,1,0,0,0,0,0,0,0,1,0,0,0,0,2,26,HOMBRE,LESIONADO,CONDUCTOR PRESENTE,NO,NO,1
30345,124810,124811,2022,1,0,-0.321584,-78.564729,PICHINCHA,QUITO,QUITO,URBANA,2022-05-07,00:55:00,0,SABADO,6,MAYO,5,NO,CONDUCIR VEHICULO SUPERANDO LOS LIMITES MAXIMOS DE VELOCIDAD.,OTROS,MOTOCICLETA,0,0,0,0,0,0,0,0,2,0,0,0,0,2,21,HOMBRE,LESIONADO,PASAJERO,NO,NO,1
30346,124818,124819,2022,0,0,-0.071611,-78.473361,PICHINCHA,QUITO,POMASQUI,RURAL,2022-05-07,04:22:00,4,SABADO,6,MAYO,5,NO,"CONDUCE BAJO LA INFLUENCIA DE ALCOHOL, SUSTANCIAS ESTUPEFACIENTES O PSICOTROPICAS Y/O MEDICAMENTOS.",CHOQUE LATERAL,VEHICULO DEPORTIVO UTILITARIO,1,0,0,0,0,0,0,0,0,0,0,0,1,2,57,HOMBRE,ILESO,CONDUCTOR PRESENTE,NO,SI,3
30347,124820,124821,2022,0,0,-0.131623,-78.487071,PICHINCHA,QUITO,QUITO,URBANA,2022-05-07,05:00:00,5,SABADO,6,MAYO,5,NO,"NO RESPETAR LAS SENIALES REGLAMENTARIAS DE TRANSITO. (PARE, CEDA EL PASO, LUZ ROJA DEL SEMAFORO, ETC).",ESTRELLAMIENTOS,AUTOMOVIL,1,0,0,0,0,0,0,0,0,0,0,0,0,1,-1,NO IDENTIFICADO,NO IDENTIFICADO,CONDUCTOR AUSENTE,NO,NO,2
30348,124824,124825,2022,0,0,-0.450285,-78.559507,PICHINCHA,MEJIA,ALOAG,RURAL,2022-05-07,06:15:00,6,SABADO,6,MAYO,5,NO,"CONDUCIR DESATENTO A LAS CONDICIONES DE TRANSITO (CELULAR, PANTALLAS DE VIDEO, COMIDA, MAQUILLAJE O CUALQUIER OTRO ELEMENTO DISTRACTOR).",CHOQUE LATERAL,CAMIONETA,2,0,0,0,1,0,0,0,0,0,0,0,0,3,49,HOMBRE,ILESO,CONDUCTOR PRESENTE,NO,SI,3
30349,124826,124827,2022,0,0,-0.130621,-78.487298,PICHINCHA,QUITO,QUITO,URBANA,2022-05-07,06:50:00,6,SABADO,6,MAYO,5,NO,CONDUCIR VEHICULO SUPERANDO LOS LIMITES MAXIMOS DE VELOCIDAD.,ESTRELLAMIENTOS,AUTOMOVIL,1,0,0,0,0,0,0,0,0,0,0,0,0,1,42,HOMBRE,ILESO,CONDUCTOR PRESENTE,NO,NO,1
30350,124835,124836,2022,1,0,-0.115026,-78.494021,PICHINCHA,QUITO,QUITO,URBANA,2022-05-07,12:35:00,12,SABADO,6,MAYO,5,NO,NO CEDER EL DERECHO DE VIA O PREFERENCIA DE PASO AL PEATON.,ATROPELLOS,AUTOMOVIL,1,0,0,0,0,0,0,0,0,0,0,0,0,1,8,HOMBRE,LESIONADO,PEATON,NO,NO,1
30351,124839,124840,2022,2,0,-0.209585,-78.501471,PICHINCHA,QUITO,QUITO,URBANA,2022-05-07,13:30:00,13,SABADO,6,MAYO,5,NO,NO TRANSITAR POR LAS ACERAS O ZONAS DE SEGURIDAD DESTINADAS PARA EL EFECTO.,ATROPELLOS,AUTOMOVIL,1,0,0,0,0,0,0,0,0,0,0,0,0,1,13,HOMBRE,LESIONADO,PEATON,NO,NO,1
30352,124845,124846,2022,0,0,-0.286657,-78.459578,PICHINCHA,QUITO,ALANGASI,RURAL,2022-05-07,15:35:00,15,SABADO,6,MAYO,5,NO,CONDUCIR VEHICULO SUPERANDO LOS LIMITES MAXIMOS DE VELOCIDAD.,ESTRELLAMIENTOS,AUTOMOVIL,1,0,0,0,0,0,0,0,0,0,0,0,0,1,34,MUJER,ILESO,CONDUCTOR PRESENTE,NO,NO,3
30353,124851,124852,2022,1,0,0.129936,-78.669201,PICHINCHA,QUITO,NANEGAL,RURAL,2022-05-07,17:00:00,17,SABADO,6,MAYO,5,NO,NO MANTENER LA DISTANCIA PRUDENCIAL CON RESPECTO AL VEHICULO QUE LE ANTECEDE.,CHOQUE POSTERIOR,MOTOCICLETA,0,0,0,0,0,0,0,0,1,1,0,0,0,2,24,HOMBRE,LESIONADO,CONDUCTOR PRESENTE,NO,NO,3
30354,124860,124861,2022,3,0,-0.065403,-78.288471,PICHINCHA,CAYAMBE,ASCAZUBI,RURAL,2022-05-07,19:35:00,19,SABADO,6,MAYO,5,NO,"CONDUCIR DESATENTO A LAS CONDICIONES DE TRANSITO (CELULAR, PANTALLAS DE VIDEO, COMIDA, MAQUILLAJE O CUALQUIER OTRO ELEMENTO DISTRACTOR).",CHOQUE POSTERIOR,MOTOCICLETA,0,0,0,0,0,0,0,0,2,1,0,0,0,3,43,HOMBRE,LESIONADO,CONDUCTOR PRESENTE,NO,SI,3
30355,124868,124869,2022,1,0,-0.217641,-78.503836,PICHINCHA,QUITO,QUITO,URBANA,2022-05-07,21:40:00,21,SABADO,6,MAYO,5,NO,"CONDUCE BAJO LA INFLUENCIA DE ALCOHOL, SUSTANCIAS ESTUPEFACIENTES O PSICOTROPICAS Y/O MEDICAMENTOS.",CHOQUE LATERAL,AUTOMOVIL,2,0,0,0,0,0,0,0,0,0,0,0,0,2,25,HOMBRE,LESIONADO,PASAJERO,NO,NO,1
30356,124874,124875,2022,3,0,-0.289529,-78.538609,PICHINCHA,QUITO,QUITO,URBANA,2022-05-07,22:50:00,22,SABADO,6,MAYO,5,NO,"NO RESPETAR LAS SENIALES REGLAMENTARIAS DE TRANSITO. (PARE, CEDA EL PASO, LUZ ROJA DEL SEMAFORO, ETC).",CHOQUE LATERAL,MOTOCICLETA,1,0,0,0,0,0,0,0,1,0,0,0,0,2,20,MUJER,LESIONADO,PASAJERO,NO,NO,1
30357,124877,124878,2022,2,0,-0.200724,-78.496911,PICHINCHA,QUITO,QUITO,URBANA,2022-05-08,01:00:00,1,DOMINGO,7,MAYO,5,NO,"NO RESPETAR LAS SENIALES REGLAMENTARIAS DE TRANSITO. (PARE, CEDA EL PASO, LUZ ROJA DEL SEMAFORO, ETC).",CHOQUE LATERAL,MOTOCICLETA,1,0,0,0,0,0,0,0,1,0,0,0,0,2,36,MUJER,LESIONADO,PASAJERO,NO,NO,1
30358,124878,124879,2022,0,0,-0.100449,-78.497238,PICHINCHA,QUITO,QUITO,URBANA,2022-05-08,01:00:00,1,DOMINGO,7,MAYO,5,NO,CONDUCIR VEHICULO SUPERANDO LOS LIMITES MAXIMOS DE VELOCIDAD.,ESTRELLAMIENTOS,AUTOMOVIL,1,0,0,0,0,0,0,0,0,0,0,0,0,1,-1,NO IDENTIFICADO,NO IDENTIFICADO,CONDUCTOR AUSENTE,NO,NO,2
30359,124879,124880,2022,0,0,-0.289584,-78.557465,PICHINCHA,QUITO,QUITO,URBANA,2022-05-08,01:05:00,1,DOMINGO,7,MAYO,5,NO,CONDUCIR VEHICULO SUPERANDO LOS LIMITES MAXIMOS DE VELOCIDAD.,ESTRELLAMIENTOS,BUS,0,0,1,0,0,0,0,0,0,0,0,0,0,1,47,HOMBRE,ILESO,CONDUCTOR PRESENTE,NO,NO,1
30360,124883,124884,2022,0,1,-0.305684,-78.342918,PICHINCHA,QUITO,PIFO,RURAL,2022-05-08,01:40:00,1,DOMINGO,7,MAYO,5,NO,CONDUCIR VEHICULO SUPERANDO LOS LIMITES MAXIMOS DE VELOCIDAD.,ESTRELLAMIENTOS,MOTOCICLETA,0,0,0,0,0,0,0,0,1,0,0,0,0,1,28,HOMBRE,FALLECIDO,CONDUCTOR PRESENTE,NO,NO,3
30361,124891,124892,2022,0,0,-0.241814,-78.506711,PICHINCHA,QUITO,QUITO,URBANA,2022-05-08,02:30:00,2,DOMINGO,7,MAYO,5,NO,CONDUCIR VEHICULO SUPERANDO LOS LIMITES MAXIMOS DE VELOCIDAD.,ESTRELLAMIENTOS,AUTOMOVIL,2,0,0,0,0,0,0,0,0,0,0,0,0,2,27,MUJER,ILESO,CONDUCTOR PRESENTE,NO,NO,1
30362,124902,124903,2022,1,0,-0.163841,-78.495472,PICHINCHA,QUITO,QUITO,URBANA,2022-05-08,04:00:00,4,DOMINGO,7,MAYO,5,NO,CONDUCIR VEHICULO SUPERANDO LOS LIMITES MAXIMOS DE VELOCIDAD.,ESTRELLAMIENTOS,AUTOMOVIL,1,0,0,0,0,0,0,0,0,0,0,0,0,1,25,MUJER,LESIONADO,PASAJERO,NO,NO,1
30363,124904,124905,2022,3,1,-0.449411,-78.585734,PICHINCHA,MEJIA,ALOAG,RURAL,2022-05-08,04:30:00,4,DOMINGO,7,MAYO,5,NO,MALAS CONDICIONES DE LA VIA Y/O CONFIGURACION. (ILUMINACION Y DISENIO).,PERDIDA DE CARRIL,CAMION,0,0,0,1,0,0,0,0,0,0,0,0,0,1,30,HOMBRE,FALLECIDO,CONDUCTOR PRESENTE,NO,SI,3