,Unnamed: 0,ID,ANIO,LESIONADOS,FALLECIDOS,LATITUD_Y,LONGITUD_X,PROVINCIA,CANTON,PARROQUIA,ZONA,FECHA,HORA,PERIODO_2,DIA_1,DIA_2,MES_1,MES_2,FERIADO,CAUSA_PROBABLE,TIPO_DE_SINIESTRO,TIPO_DE_VEHICULO_1,AUTOMOVIL,BICICLETA,BUS,CAMION,CAMIONETA,EMERGENCIAS,ESPECIAL,FURGONETA,MOTOCICLETA,NO_IDENTIFICADO,SCOOTER_ELECTRICO,TRICIMOTO,VEHICULO_DEPORTIVO_UTILITARIO,SUMA_DE_VEHICULOS,EDAD_1,SEXO_1,CONDICION_1,PARTICIPANTE_1,CASCO_1,CINTURON_1,KMeans_Cluster
30364,124916,124917,2022,0,1,-0.449411,-78.585734,PICHINCHA,MEJIA,ALOAG,URBANA,2022-05-08,06:35:00,6,DOMINGO,7,MAYO,5,NO,"CONDUCIR DESATENTO A LAS CONDICIONES DE TRANSITO (CELULAR, PANTALLAS DE VIDEO, COMIDA, MAQUILLAJE O CUALQUIER OTRO ELEMENTO DISTRACTOR).",PERDIDA DE CARRIL,MOTOCICLETA,0,0,0,0,0,0,0,0,1,0,0,0,0,1,24,HOMBRE,FALLECIDO,CONDUCTOR PRESENTE,NO,SI,1
30365,124921,124922,2022,1,0,-0.369927,-78.480808,PICHINCHA,QUITO,AMAGUANIA,RURAL,2022-05-08,08:00:00,8,DOMINGO,7,MAYO,5,NO,"CONDUCIR DESATENTO A LAS CONDICIONES DE TRANSITO (CELULAR, PANTALLAS DE VIDEO, COMIDA, MAQUILLAJE O CUALQUIER OTRO ELEMENTO DISTRACTOR).",CHOQUE LATERAL,MOTOCICLETA,0,0,0,0,0,0,0,0,1,0,0,0,1,2,24,HOMBRE,LESIONADO,CONDUCTOR PRESENTE,NO,SI,3
30366,124934,124935,2022,0,0,-0.284305,-78.559341,PICHINCHA,QUITO,QUITO,URBANA,2022-05-08,13:10:00,13,DOMINGO,7,MAYO,5,NO,"CASO FORTUITO O FUERZA MAYOR (EXPLOSION DE NEUMATICO NUEVO, DERRUMBE, INUNDACION, CAIDA DE PUENTE, ARBOL, PRESENCIA INTEMPESTIVA E IMPREVISTA DE SEMOVIENTES EN LA VIA, ETC.).",OTROS,AUTOMOVIL,1,0,0,0,0,0,0,0,0,0,0,0,0,1,-1,NO IDENTIFICADO,NO IDENTIFICADO,CONDUCTOR AUSENTE,NO,NO,2
30367,124939,124940,2022,1,0,-0.042231,-78.284463,PICHINCHA,CAYAMBE,SANTA ROSA DE CUZUBAMBA,RURAL,2022-05-08,13:50:00,13,DOMINGO,7,MAYO,5,NO,"CONDUCIR DESATENTO A LAS CONDICIONES DE TRANSITO (CELULAR, PANTALLAS DE VIDEO, COMIDA, MAQUILLAJE O CUALQUIER OTRO ELEMENTO DISTRACTOR).",CHOQUE FRONTAL,CAMION,0,0,0,1,1,0,0,0,0,0,0,0,0,2,35,MUJER,LESIONADO,PASAJERO,NO,SI,3
30368,124940,124941,2022,0,1,-0.275285,-78.552623,PICHINCHA,QUITO,QUITO,URBANA,2022-05-08,13:55:00,13,DOMINGO,7,MAYO,5,NO,"NO RESPETAR LAS SENIALES REGLAMENTARIAS DE TRANSITO. (PARE, CEDA EL PASO, LUZ ROJA DEL SEMAFORO, ETC).",CHOQUE LATERAL,BUS,0,0,1,0,0,0,0,0,1,0,0,0,0,2,19,HOMBRE,FALLECIDO,CONDUCTOR PRESENTE,NO,NO,1
30369,124944,124945,2022,0,1,0.127082,-79.234336,PICHINCHA,PUERTO QUITO,PUERTO QUITO,RURAL,2022-05-08,16:00:00,16,DOMINGO,7,MAYO,5,NO,NO RESPETAR LAS SENIALES MANUALES DEL AGENTE DE TRANSITO.,ESTRELLAMIENTOS,MOTOCICLETA,0,0,0,0,0,0,0,0,1,0,0,0,0,1,44,HOMBRE,FALLECIDO,CONDUCTOR PRESENTE,NO,SI,3
30370,124958,124959,2022,0,0,-0.295505,-78.548866,PICHINCHA,QUITO,QUITO,URBANA,2022-05-08,19:00:00,19,DOMINGO,7,MAYO,5,NO,CONDUCIR VEHICULO SUPERANDO LOS LIMITES MAXIMOS DE VELOCIDAD.,OTROS,AUTOMOVIL,2,0,0,0,0,0,0,0,0,0,0,0,0,2,39,HOMBRE,ILESO,CONDUCTOR PRESENTE,NO,NO,1
30371,124977,124978,2022,0,1,-0.337811,-78.885394,PICHINCHA,MEJIA,MANUEL CORNEJO ASTORGA,RURAL,2022-05-08,23:33:00,23,DOMINGO,7,MAYO,5,NO,"CONDUCIR DESATENTO A LAS CONDICIONES DE TRANSITO (CELULAR, PANTALLAS DE VIDEO, COMIDA, MAQUILLAJE O CUALQUIER OTRO ELEMENTO DISTRACTOR).",PERDIDA DE PISTA,AUTOMOVIL,1,0,0,0,0,0,0,0,0,0,0,0,0,1,29,HOMBRE,FALLECIDO,CONDUCTOR PRESENTE,NO,NO,3
30372,124990,124991,2022,1,0,-0.239803,-78.527552,PICHINCHA,QUITO,QUITO,URBANA,2022-05-09,06:05:00,6,LUNES,1,MAYO,5,NO,NO GUARDAR LA DISTANCIA LATERAL MINIMA DE SEGURIDAD ENTRE VEHICULOS.,CHOQUE LATERAL,AUTOMOVIL,2,0,0,0,0,0,0,0,0,0,0,0,0,2,16,MUJER,LESIONADO,PASAJERO,NO,NO,1
30373,125007,125008,2022,0,0,-0.084799,-78.419974,PICHINCHA,QUITO,CALDERON (CARAPUNGO),RURAL,2022-05-09,14:51:00,14,LUNES,1,MAYO,5,NO,"CONDUCE BAJO LA INFLUENCIA DE ALCOHOL, SUSTANCIAS ESTUPEFACIENTES O PSICOTROPICAS Y/O MEDICAMENTOS.",CHOQUE LATERAL,CAMIONETA,1,0,0,0,1,0,0,0,0,0,0,0,0,2,50,HOMBRE,ILESO,CONDUCTOR PRESENTE,NO,NO,3
30374,125018,125019,2022,0,1,-0.022879,-78.266229,PICHINCHA,CAYAMBE,OTON,RURAL,2022-05-09,17:15:00,17,LUNES,1,MAYO,5,NO,"CONDUCIR DESATENTO A LAS CONDICIONES DE TRANSITO (CELULAR, PANTALLAS DE VIDEO, COMIDA, MAQUILLAJE O CUALQUIER OTRO ELEMENTO DISTRACTOR).",PERDIDA DE CARRIL,AUTOMOVIL,1,0,0,0,0,0,0,0,0,0,0,0,0,1,24,HOMBRE,FALLECIDO,CONDUCTOR PRESENTE,NO,SI,3
30375,125020,125021,2022,0,0,-0.071733,-78.473398,PICHINCHA,QUITO,POMASQUI,RURAL,2022-05-09,18:00:00,18,LUNES,1,MAYO,5,NO,"CONDUCIR DESATENTO A LAS CONDICIONES DE TRANSITO (CELULAR, PANTALLAS DE VIDEO, COMIDA, MAQUILLAJE O CUALQUIER OTRO ELEMENTO DISTRACTOR).",CHOQUE LATERAL,AUTOMOVIL,2,0,0,0,0,0,0,0,0,0,0,0,0,2,39,HOMBRE,ILESO,CONDUCTOR PRESENTE,NO,SI,3
30376,125023,125024,2022,0,0,-0.074345,-78.416504,PICHINCHA,QUITO,CALDERON (CARAPUNGO),RURAL,2022-05-09,20:00:00,20,LUNES,1,MAYO,5,NO,"NO RESPETAR LAS SENIALES REGLAMENTARIAS DE TRANSITO. (PARE, CEDA EL PASO, LUZ ROJA DEL SEMAFORO, ETC).",CHOQUE LATERAL,AUTOMOVIL,2,0,0,0,0,0,0,0,0,0,0,0,0,2,26,HOMBRE,ILESO,CONDUCTOR PRESENTE,NO,NO,3
30377,125026,125027,2022,0,1,0.009131,-78.360207,PICHINCHA,PEDRO MONCAYO,MALCHINGUI,RURAL,2022-05-09,23:30:00,23,LUNES,1,MAYO,5,NO,"NO RESPETAR LAS SENIALES REGLAMENTARIAS DE TRANSITO. (PARE, CEDA EL PASO, LUZ ROJA DEL SEMAFORO, ETC).",CHOQUE POSTERIOR,CAMION,1,0,0,1,0,0,0,0,0,0,0,0,0,2,27,HOMBRE,FALLECIDO,CONDUCTOR PRESENTE,NO,NO,3
30378,125051,125052,2022,0,0,-0.087491,-78.434931,PICHINCHA,QUITO,CALDERON (CARAPUNGO),RURAL,2022-05-10,14:50:00,14,MARTES,2,MAYO,5,NO,"NO RESPETAR LAS SENIALES REGLAMENTARIAS DE TRANSITO. (PARE, CEDA EL PASO, LUZ ROJA DEL SEMAFORO, ETC).",CHOQUE LATERAL,CAMIONETA,1,0,0,0,1,0,0,0,0,0,0,0,0,2,54,MUJER,ILESO,PASAJERO,NO,NO,3
30379,125055,125056,2022,1,0,-0.401748,-78.533824,PICHINCHA,MEJIA,TAMBILLO (MEJIA),RURAL,2022-05-10,15:20:00,15,MARTES,2,MAYO,5,NO,"CONDUCIR DESATENTO A LAS CONDICIONES DE TRANSITO (CELULAR, PANTALLAS DE VIDEO, COMIDA, MAQUILLAJE O CUALQUIER OTRO ELEMENTO DISTRACTOR).",ROZAMIENTOS,CAMION,0,0,0,1,0,0,0,0,1,0,0,0,0,2,46,HOMBRE,LESIONADO,CONDUCTOR PRESENTE,NO,SI,3
30380,125066,125067,2022,2,0,-0.279676,-78.563605,PICHINCHA,QUITO,QUITO,URBANA,2022-05-10,18:40:00,18,MARTES,2,MAYO,5,NO,"CONDICIONES AMBIENTALES Y/O ATMOSFERICAS (NIEBLA, NEBLINA, GRANIZO, LLUVIA).",CHOQUE LATERAL,MOTOCICLETA,0,0,0,0,0,0,0,1,1,0,0,0,0,2,12,HOMBRE,LESIONADO,PASAJERO,NO,NO,1
30381,125075,125076,2022,0,0,-0.252116,-78.518586,PICHINCHA,QUITO,QUITO,URBANA,2022-05-11,00:01:00,0,MIERCOLES,3,MAYO,5,NO,CONDUCIR VEHICULO SUPERANDO LOS LIMITES MAXIMOS DE VELOCIDAD.,ESTRELLAMIENTOS,AUTOMOVIL,1,0,0,0,0,0,0,0,0,0,0,0,0,1,14,HOMBRE,ILESO,PASAJERO,NO,NO,1
30382,125079,125080,2022,1,0,-0.189548,-78.511989,PICHINCHA,QUITO,QUITO,URBANA,2022-05-11,06:10:00,6,MIERCOLES,3,MAYO,5,NO,NO CEDER EL DERECHO DE VIA O PREFERENCIA DE PASO A VEHICULOS.,CHOQUE LATERAL,MOTOCICLETA,0,0,0,0,0,0,0,0,1,1,0,0,0,2,26,HOMBRE,LESIONADO,CONDUCTOR PRESENTE,NO,NO,1
30383,125085,125086,2022,0,0,-0.268424,-78.462091,PICHINCHA,QUITO,CONOCOTO,RURAL,2022-05-11,09:00:00,9,MIERCOLES,3,MAYO,5,NO,"NO RESPETAR LAS SENIALES REGLAMENTARIAS DE TRANSITO. (PARE, CEDA EL PASO, LUZ ROJA DEL SEMAFORO, ETC).",CHOQUE LATERAL,CAMIONETA,1,0,0,0,1,0,0,0,0,0,0,0,0,2,23,MUJER,ILESO,CONDUCTOR PRESENTE,NO,NO,3
30384,125088,125089,2022,1,0,-0.281207,-78.471405,PICHINCHA,QUITO,CONOCOTO,URBANA,2022-05-11,10:00:00,10,MIERCOLES,3,MAYO,5,NO,"CONDUCE BAJO LA INFLUENCIA DE ALCOHOL, SUSTANCIAS ESTUPEFACIENTES O PSICOTROPICAS Y/O MEDICAMENTOS.",ATROPELLOS,MOTOCICLETA,0,0,0,0,0,0,0,0,1,0,0,0,0,1,24,HOMBRE,LESIONADO,CONDUCTOR PRESENTE,NO,SI,1
30385,125089,125090,2022,0,0,-0.191122,-78.470925,PICHINCHA,QUITO,QUITO,URBANA,2022-05-11,10:00:00,10,MIERCOLES,3,MAYO,5,NO,CONDUCIR VEHICULO SUPERANDO LOS LIMITES MAXIMOS DE VELOCIDAD.,COLISION,AUTOMOVIL,3,0,0,0,0,0,0,0,0,0,0,0,0,3,43,HOMBRE,ILESO,CONDUCTOR PRESENTE,NO,NO,1
30386,125092,125093,2022,0,0,-0.264493,-78.477617,PICHINCHA,QUITO,CONOCOTO,RURAL,2022-05-11,12:00:00,12,MIERCOLES,3,MAYO,5,NO,"CONDICIONES AMBIENTALES Y/O ATMOSFERICAS (NIEBLA, NEBLINA, GRANIZO, LLUVIA).",ESTRELLAMIENTOS,FURGONETA,0,0,0,0,0,0,0,1,0,0,0,0,0,1,35,HOMBRE,ILESO,CONDUCTOR PRESENTE,NO,NO,3
30387,125109,125110,2022,0,0,-0.106422,-78.494104,PICHINCHA,QUITO,QUITO,URBANA,2022-05-11,18:20:00,18,MIERCOLES,3,MAYO,5,NO,"CONDUCE BAJO LA INFLUENCIA DE ALCOHOL, SUSTANCIAS ESTUPEFACIENTES O PSICOTROPICAS Y/O MEDICAMENTOS.",COLISION,AUTOMOVIL,3,0,0,0,0,0,0,0,0,0,0,0,0,3,27,MUJER,ILESO,CONDUCTOR PRESENTE,NO,NO,1
30388,125111,125112,2022,1,0,-0.196499,-78.484858,PICHINCHA,QUITO,QUITO,URBANA,2022-05-11,18:44:00,18,MIERCOLES,3,MAYO,5,NO,"NO RESPETAR LAS SENIALES REGLAMENTARIAS DE TRANSITO. (PARE, CEDA EL PASO, LUZ ROJA DEL SEMAFORO, ETC).",CHOQUE FRONTAL,MOTOCICLETA,1,0,0,0,0,0,0,0,1,0,0,0,0,2,26,HOMBRE,LESIONADO,CONDUCTOR PRESENTE,NO,NO,1
30389,125122,125123,2022,0,0,-0.259792,-78.530502,PICHINCHA,QUITO,QUITO,URBANA,2022-05-11,23:00:00,23,MIERCOLES,3,MAYO,5,NO,"ADELANTAR O REBASAR A OTRO VEHICULO EN MOVIMIENTO EN ZONAS O SITIOS PELIGROSOS TALES COMO: CURVAS, PUENTES, TUNELES, PENDIENTES, ETC.",ESTRELLAMIENTOS,CAMIONETA,0,0,0,0,1,0,0,0,0,0,0,0,0,1,-1,NO IDENTIFICADO,NO IDENTIFICADO,CONDUCTOR AUSENTE,NO,NO,2
30390,125123,125124,2022,0,0,-0.235496,-78.510708,PICHINCHA,QUITO,QUITO,URBANA,2022-05-11,23:15:00,23,MIERCOLES,3,MAYO,5,NO,"NO RESPETAR LAS SENIALES REGLAMENTARIAS DE TRANSITO. (PARE, CEDA EL PASO, LUZ ROJA DEL SEMAFORO, ETC).",CHOQUE LATERAL,AUTOMOVIL,2,0,0,0,0,0,0,0,0,0,0,0,0,2,29,HOMBRE,ILESO,CONDUCTOR PRESENTE,NO,NO,1
30391,125125,125126,2022,2,0,-0.116013,-78.459433,PICHINCHA,QUITO,QUITO,RURAL,2022-05-12,00:02:00,0,JUEVES,4,MAYO,5,NO,"CONDUCE BAJO LA INFLUENCIA DE ALCOHOL, SUSTANCIAS ESTUPEFACIENTES O PSICOTROPICAS Y/O MEDICAMENTOS.",CHOQUE FRONTAL,AUTOMOVIL,2,0,0,0,0,0,0,0,0,0,0,0,0,2,5,HOMBRE,LESIONADO,PASAJERO,NO,NO,3
30392,125126,125127,2022,0,0,-0.257516,-78.528683,PICHINCHA,QUITO,QUITO,URBANA,2022-05-12,01:00:00,1,JUEVES,4,MAYO,5,NO,CONDUCIR VEHICULO SUPERANDO LOS LIMITES MAXIMOS DE VELOCIDAD.,ESTRELLAMIENTOS,AUTOMOVIL,1,0,0,0,0,0,0,0,0,0,0,0,0,1,35,HOMBRE,ILESO,PASAJERO,NO,NO,1
30393,125131,125132,2022,1,0,-0.384331,-78.532147,PICHINCHA,MEJIA,CUTUGLAHUA,RURAL,2022-05-12,05:55:00,5,JUEVES,4,MAYO,5,NO,"CONDUCIR DESATENTO A LAS CONDICIONES DE TRANSITO (CELULAR, PANTALLAS DE VIDEO, COMIDA, MAQUILLAJE O CUALQUIER OTRO ELEMENTO DISTRACTOR).",ESTRELLAMIENTOS,AUTOMOVIL,1,0,0,0,0,0,0,0,0,0,0,0,0,1,38,HOMBRE,LESIONADO,PEATON,NO,SI,3
30394,125132,125133,2022,0,1,0.042089,-78.921832,PICHINCHA,SAN MIGUEL DE LOS BANCOS,SAN MIGUEL DE LOS BANCOS,RURAL,2022-05-12,06:50:00,6,JUEVES,4,MAYO,5,NO,"CONDUCIR DESATENTO A LAS CONDICIONES DE TRANSITO (CELULAR, PANTALLAS DE VIDEO, COMIDA, MAQUILLAJE O CUALQUIER OTRO ELEMENTO DISTRACTOR).",VOLCAMIENTOS,NO IDENTIFICADO,0,0,0,0,0,0,0,0,0,1,0,0,0,1,22,MUJER,FALLECIDO,PASAJERO,NO,SI,3
30395,125152,125153,2022,1,1,-0.089025,-78.456666,PICHINCHA,QUITO,QUITO,URBANA,2022-05-12,14:40:00,14,JUEVES,4,MAYO,5,NO,CONDUCIR VEHICULO SUPERANDO LOS LIMITES MAXIMOS DE VELOCIDAD.,PERDIDA DE CARRIL,MOTOCICLETA,0,0,0,0,0,0,0,0,1,0,0,0,0,1,18,MUJER,FALLECIDO,PASAJERO,NO,NO,1
30396,125153,125154,2022,1,0,-0.307901,-78.447117,PICHINCHA,RUMINIAHUI,SANGOLQUI,URBANA,2022-05-12,15:00:00,15,JUEVES,4,MAYO,5,NO,"CONDUCIR DESATENTO A LAS CONDICIONES DE TRANSITO (CELULAR, PANTALLAS DE VIDEO, COMIDA, MAQUILLAJE O CUALQUIER OTRO ELEMENTO DISTRACTOR).",CHOQUE POSTERIOR,CAMION,0,0,0,1,0,0,0,0,1,0,0,0,0,2,40,MUJER,LESIONADO,CONDUCTOR PRESENTE,NO,SI,1
30397,125159,125160,2022,1,0,-0.443056,-78.711944,PICHINCHA,MEJIA,ALOAG,RURAL,2022-05-12,16:30:00,16,JUEVES,4,MAYO,5,NO,REALIZAR CAMBIO BRUSCO O INDEBIDO DE CARRIL.,CHOQUE LATERAL,CAMION,0,0,0,2,0,0,0,0,0,0,0,0,0,2,49,HOMBRE,LESIONADO,CONDUCTOR PRESENTE,NO,NO,3
30398,125179,125180,2022,0,0,-0.126905,-78.493841,PICHINCHA,QUITO,QUITO,URBANA,2022-05-13,00:40:00,0,VIERNES,5,MAYO,5,NO,NO CEDER EL DERECHO DE VIA O PREFERENCIA DE PASO A VEHICULOS.,CHOQUE LATERAL,AUTOMOVIL,2,0,0,0,0,0,0,0,0,0,0,0,0,2,14,HOMBRE,ILESO,PASAJERO,NO,NO,1
30399,125188,125189,2022,0,0,-0.191791,-78.457054,PICHINCHA,QUITO,QUITO,URBANA,2022-05-13,04:00:00,4,VIERNES,5,MAYO,5,NO,CONDUCIR VEHICULO SUPERANDO LOS LIMITES MAXIMOS DE VELOCIDAD.,ESTRELLAMIENTOS,CAMION,0,0,0,1,0,0,0,0,0,0,0,0,0,1,26,HOMBRE,ILESO,CONDUCTOR PRESENTE,NO,NO,1
30400,125193,125194,2022,1,0,-0.109745,-78.500236,PICHINCHA,QUITO,QUITO,URBANA,2022-05-13,08:00:00,8,VIERNES,5,MAYO,5,NO,NO CEDER EL DERECHO DE VIA O PREFERENCIA DE PASO A VEHICULOS.,CHOQUE LATERAL,AUTOMOVIL,2,0,0,0,0,0,0,0,0,0,0,0,0,2,43,MUJER,LESIONADO,CONDUCTOR PRESENTE,NO,NO,1
30401,125198,125199,2022,1,0,0.071061,-78.194346,PICHINCHA,PEDRO MONCAYO,TUPIGACHI,RURAL,2022-05-13,10:10:00,10,VIERNES,5,MAYO,5,NO,"CONDUCIR DESATENTO A LAS CONDICIONES DE TRANSITO (CELULAR, PANTALLAS DE VIDEO, COMIDA, MAQUILLAJE O CUALQUIER OTRO ELEMENTO DISTRACTOR).",CHOQUE LATERAL,MOTOCICLETA,0,0,0,0,1,0,0,0,1,0,0,0,0,2,27,HOMBRE,LESIONADO,CONDUCTOR PRESENTE,NO,SI,3
30402,125203,125204,2022,0,1,-0.222588,-78.520372,PICHINCHA,QUITO,QUITO,URBANA,2022-05-13,13:00:00,13,VIERNES,5,MAYO,5,NO,NO TRANSITAR POR LAS ACERAS O ZONAS DE SEGURIDAD DESTINADAS PARA EL EFECTO.,ARROLLAMIENTOS,BUS,0,0,1,0,0,0,0,0,0,0,0,0,0,1,78,MUJER,FALLECIDO,PEATON,NO,NO,1
30403,125209,125210,2022,0,0,-0.145581,-78.491688,PICHINCHA,QUITO,QUITO,URBANA,2022-05-13,14:50:00,14,VIERNES,5,MAYO,5,NO,CONDUCIR VEHICULO SUPERANDO LOS LIMITES MAXIMOS DE VELOCIDAD.,COLISION,AUTOMOVIL,3,0,0,0,0,0,0,0,0,0,0,0,0,3,48,HOMBRE,ILESO,CONDUCTOR PRESENTE,NO,NO,1
30404,125212,125213,2022,0,0,-0.096772,-78.444367,PICHINCHA,QUITO,CALDERON (CARAPUNGO),RURAL,2022-05-13,15:47:00,15,VIERNES,5,MAYO,5,NO,"CONDUCIR DESATENTO A LAS CONDICIONES DE TRANSITO (CELULAR, PANTALLAS DE VIDEO, COMIDA, MAQUILLAJE O CUALQUIER OTRO ELEMENTO DISTRACTOR).",OTROS,AUTOMOVIL,1,0,0,0,0,0,0,0,0,1,0,0,0,2,-1,NO IDENTIFICADO,NO IDENTIFICADO,CONDUCTOR AUSENTE,NO,NO,2
30405,125231,125232,2022,0,0,-0.196981,-78.495435,PICHINCHA,QUITO,QUITO,URBANA,2022-05-13,22:30:00,22,VIERNES,5,MAYO,5,NO,CONDUCIR VEHICULO SUPERANDO LOS LIMITES MAXIMOS DE VELOCIDAD.,ESTRELLAMIENTOS,AUTOMOVIL,1,0,0,0,0,0,0,0,0,0,0,0,0,1,-1,NO IDENTIFICADO,NO IDENTIFICADO,CONDUCTOR AUSENTE,NO,NO,2
30406,125233,125234,2022,0,0,-0.526095,-78.578982,PICHINCHA,MEJIA,MACHACHI,RURAL,2022-05-13,22:50:00,22,VIERNES,5,MAYO,5,NO,"CONDUCIR DESATENTO A LAS CONDICIONES DE TRANSITO (CELULAR, PANTALLAS DE VIDEO, COMIDA, MAQUILLAJE O CUALQUIER OTRO ELEMENTO DISTRACTOR).",PERDIDA DE CARRIL,VEHICULO DEPORTIVO UTILITARIO,0,0,0,0,0,0,0,0,0,0,0,0,1,1,30,HOMBRE,ILESO,CONDUCTOR PRESENTE,NO,SI,3
30407,125239,125240,2022,0,0,-0.184551,-78.490608,PICHINCHA,QUITO,QUITO,URBANA,2022-05-14,00:30:00,0,SABADO,6,MAYO,5,NO,"FALLA MECANICA EN LOS SISTEMAS Y/O NEUMATICOS (SISTEMA DE FRENOS, DIRECCION, ELECTRONICO O MECANICO).",ESTRELLAMIENTOS,AUTOMOVIL,1,0,0,0,0,0,0,0,0,0,0,0,0,1,24,HOMBRE,ILESO,CONDUCTOR PRESENTE,NO,NO,1
30408,125241,125242,2022,0,0,-0.273753,-78.538875,PICHINCHA,QUITO,QUITO,URBANA,2022-05-14,01:00:00,1,SABADO,6,MAYO,5,NO,"FALLA MECANICA EN LOS SISTEMAS Y/O NEUMATICOS (SISTEMA DE FRENOS, DIRECCION, ELECTRONICO O MECANICO).",ESTRELLAMIENTOS,CAMIONETA,0,0,0,0,1,0,0,0,0,0,0,0,0,1,29,HOMBRE,ILESO,CONDUCTOR PRESENTE,NO,NO,1
30409,125242,125243,2022,0,0,-0.129206,-78.493904,PICHINCHA,QUITO,QUITO,URBANA,2022-05-14,01:00:00,1,SABADO,6,MAYO,5,NO,"CONDUCE BAJO LA INFLUENCIA DE ALCOHOL, SUSTANCIAS ESTUPEFACIENTES O PSICOTROPICAS Y/O MEDICAMENTOS.",ESTRELLAMIENTOS,AUTOMOVIL,3,0,0,0,0,0,0,0,0,0,0,0,0,3,28,HOMBRE,ILESO,CONDUCTOR PRESENTE,NO,NO,1
30410,125253,125254,2022,0,0,-0.193801,-78.396265,PICHINCHA,QUITO,TUMBACO,RURAL,2022-05-14,02:40:00,2,SABADO,6,MAYO,5,NO,CONDUCIR VEHICULO SUPERANDO LOS LIMITES MAXIMOS DE VELOCIDAD.,ESTRELLAMIENTOS,AUTOMOVIL,1,0,0,0,0,0,0,0,0,0,0,0,0,1,-1,NO IDENTIFICADO,NO IDENTIFICADO,CONDUCTOR AUSENTE,NO,NO,2
30411,125259,125260,2022,3,0,0.025657,-78.632512,PICHINCHA,QUITO,NONO,RURAL,2022-05-14,04:33:00,4,SABADO,6,MAYO,5,NO,"CONDICIONES AMBIENTALES Y/O ATMOSFERICAS (NIEBLA, NEBLINA, GRANIZO, LLUVIA).",PERDIDA DE CARRIL,AUTOMOVIL,1,0,0,0,0,0,0,0,0,0,0,0,0,1,30,HOMBRE,LESIONADO,PASAJERO,NO,SI,3
30412,125260,125261,2022,1,1,0.018962,-78.161859,PICHINCHA,CAYAMBE,CAYAMBE,RURAL,2022-05-14,04:40:00,4,SABADO,6,MAYO,5,NO,"CONDUCE BAJO LA INFLUENCIA DE ALCOHOL, SUSTANCIAS ESTUPEFACIENTES O PSICOTROPICAS Y/O MEDICAMENTOS.",ESTRELLAMIENTOS,CAMIONETA,0,0,0,0,1,0,0,0,0,0,0,0,0,1,20,HOMBRE,FALLECIDO,CONDUCTOR PRESENTE,NO,SI,3
30413,125267,125268,2022,1,0,-0.297407,-78.461086,PICHINCHA,RUMINIAHUI,SANGOLQUI,URBANA,2022-05-14,06:30:00,6,SABADO,6,MAYO,5,NO,"CONDUCE BAJO LA INFLUENCIA DE ALCOHOL, SUSTANCIAS ESTUPEFACIENTES O PSICOTROPICAS Y/O MEDICAMENTOS.",CHOQUE POSTERIOR,VEHICULO DEPORTIVO UTILITARIO,0,0,0,0,0,0,0,0,0,0,0,0,2,2,43,MUJER,LESIONADO,PASAJERO,NO,SI,1
30414,125271,125272,2022,0,0,-0.005868,-78.445093,PICHINCHA,QUITO,SAN ANTONIO (QUITO),RURAL,2022-05-14,07:50:00,7,SABADO,6,MAYO,5,NO,"CONDUCE BAJO LA INFLUENCIA DE ALCOHOL, SUSTANCIAS ESTUPEFACIENTES O PSICOTROPICAS Y/O MEDICAMENTOS.",CHOQUE LATERAL,AUTOMOVIL,2,0,0,0,0,0,0,0,0,0,0,0,0,2,35,HOMBRE,ILESO,CONDUCTOR PRESENTE,NO,NO,3
30415,125273,125274,2022,0,0,-0.169957,-78.479887,PICHINCHA,QUITO,QUITO,URBANA,2022-05-14,08:30:00,8,SABADO,6,MAYO,5,NO,"CONDUCE BAJO LA INFLUENCIA DE ALCOHOL, SUSTANCIAS ESTUPEFACIENTES O PSICOTROPICAS Y/O MEDICAMENTOS.",CHOQUE POSTERIOR,BUS,1,0,1,0,0,0,0,0,0,0,0,0,0,2,45,MUJER,ILESO,CONDUCTOR PRESENTE,NO,NO,1
30416,125274,125275,2022,1,0,-0.096625,-78.489309,PICHINCHA,QUITO,QUITO,RURAL,2022-05-14,09:20:00,9,SABADO,6,MAYO,5,NO,"CONDUCIR DESATENTO A LAS CONDICIONES DE TRANSITO (CELULAR, PANTALLAS DE VIDEO, COMIDA, MAQUILLAJE O CUALQUIER OTRO ELEMENTO DISTRACTOR).",ESTRELLAMIENTOS,MOTOCICLETA,0,0,0,0,0,0,0,0,1,0,0,0,0,1,27,HOMBRE,LESIONADO,CONDUCTOR PRESENTE,NO,SI,3
30417,125275,125276,2022,1,0,-0.195862,-78.494931,PICHINCHA,QUITO,QUITO,URBANA,2022-05-14,09:20:00,9,SABADO,6,MAYO,5,NO,NO CEDER EL DERECHO DE VIA O PREFERENCIA DE PASO A VEHICULOS.,CHOQUE LATERAL,AUTOMOVIL,2,0,0,0,0,0,0,0,0,0,0,0,0,2,60,HOMBRE,LESIONADO,CONDUCTOR PRESENTE,NO,NO,1
30418,125278,125279,2022,1,0,-0.103797,-78.497681,PICHINCHA,QUITO,QUITO,URBANA,2022-05-14,11:00:00,11,SABADO,6,MAYO,5,NO,REALIZAR CAMBIO BRUSCO O INDEBIDO DE CARRIL.,CHOQUE LATERAL,MOTOCICLETA,0,0,0,0,1,0,0,0,1,0,0,0,0,2,23,HOMBRE,LESIONADO,CONDUCTOR PRESENTE,NO,NO,1