,Unnamed: 0,ID,ANIO,LESIONADOS,FALLECIDOS,LATITUD_Y,LONGITUD_X,PROVINCIA,CANTON,PARROQUIA,ZONA,FECHA,HORA,PERIODO_2,DIA_1,DIA_2,MES_1,MES_2,FERIADO,CAUSA_PROBABLE,TIPO_DE_SINIESTRO,TIPO_DE_VEHICULO_1,AUTOMOVIL,BICICLETA,BUS,CAMION,CAMIONETA,EMERGENCIAS,ESPECIAL,FURGONETA,MOTOCICLETA,NO_IDENTIFICADO,SCOOTER_ELECTRICO,TRICIMOTO,VEHICULO_DEPORTIVO_UTILITARIO,SUMA_DE_VEHICULOS,EDAD_1,SEXO_1,CONDICION_1,PARTICIPANTE_1,CASCO_1,CINTURON_1,KMeans_Cluster
30419,125281,125282,2022,0,0,-0.206471,-78.370154,PICHINCHA,QUITO,PUEMBO,RURAL,2022-05-14,12:20:00,12,SABADO,6,MAYO,5,NO,"CONDICIONES AMBIENTALES Y/O ATMOSFERICAS (NIEBLA, NEBLINA, GRANIZO, LLUVIA).",CHOQUE FRONTAL,CAMION,0,0,0,2,0,0,0,0,0,0,0,0,0,2,46,HOMBRE,ILESO,CONDUCTOR PRESENTE,NO,NO,3
30420,125285,125286,2022,1,0,-0.342045,-78.548965,PICHINCHA,QUITO,QUITO,URBANA,2022-05-14,13:20:00,13,SABADO,6,MAYO,5,NO,REALIZAR CAMBIO BRUSCO O INDEBIDO DE CARRIL.,CHOQUE LATERAL,MOTOCICLETA,1,0,0,0,0,0,0,0,1,0,0,0,0,2,32,HOMBRE,LESIONADO,CONDUCTOR PRESENTE,NO,NO,1
30421,125291,125292,2022,0,0,-0.115629,-78.436305,PICHINCHA,QUITO,CALDERON (CARAPUNGO),RURAL,2022-05-14,15:00:00,15,SABADO,6,MAYO,5,NO,"CONDUCE BAJO LA INFLUENCIA DE ALCOHOL, SUSTANCIAS ESTUPEFACIENTES O PSICOTROPICAS Y/O MEDICAMENTOS.",OTROS,CAMIONETA,1,0,0,0,1,0,0,0,0,0,0,0,0,2,38,HOMBRE,ILESO,CONDUCTOR PRESENTE,NO,NO,3
30422,125293,125294,2022,2,0,-0.340441,-78.555544,PICHINCHA,QUITO,QUITO,URBANA,2022-05-14,15:35:00,15,SABADO,6,MAYO,5,NO,"CONDUCE BAJO LA INFLUENCIA DE ALCOHOL, SUSTANCIAS ESTUPEFACIENTES O PSICOTROPICAS Y/O MEDICAMENTOS.",ATROPELLOS,AUTOMOVIL,2,0,0,0,0,0,0,0,0,0,0,0,0,2,38,HOMBRE,LESIONADO,PEATON,NO,NO,1
30423,125307,125308,2022,1,0,-0.175341,-78.487471,PICHINCHA,QUITO,QUITO,URBANA,2022-05-14,17:50:00,17,SABADO,6,MAYO,5,NO,"CONDICIONES AMBIENTALES Y/O ATMOSFERICAS (NIEBLA, NEBLINA, GRANIZO, LLUVIA).",OTROS,MOTOCICLETA,1,0,0,0,0,0,0,0,1,0,0,0,0,2,31,HOMBRE,LESIONADO,CONDUCTOR PRESENTE,NO,NO,1
30424,125308,125309,2022,0,0,-0.054391,-78.425646,PICHINCHA,QUITO,CALDERON (CARAPUNGO),RURAL,2022-05-14,18:20:00,18,SABADO,6,MAYO,5,NO,"NO RESPETAR LAS SENIALES REGLAMENTARIAS DE TRANSITO. (PARE, CEDA EL PASO, LUZ ROJA DEL SEMAFORO, ETC).",CHOQUE LATERAL,AUTOMOVIL,2,0,0,0,0,0,0,0,0,0,0,0,0,2,39,HOMBRE,ILESO,CONDUCTOR PRESENTE,NO,NO,3
30425,125310,125311,2022,0,0,-0.163931,-78.472248,PICHINCHA,QUITO,QUITO,URBANA,2022-05-14,19:30:00,19,SABADO,6,MAYO,5,NO,"CONDICIONES AMBIENTALES Y/O ATMOSFERICAS (NIEBLA, NEBLINA, GRANIZO, LLUVIA).",ESTRELLAMIENTOS,NO IDENTIFICADO,0,0,0,0,0,0,0,0,0,1,0,0,0,1,-1,NO IDENTIFICADO,NO IDENTIFICADO,CONDUCTOR AUSENTE,NO,NO,2
30426,125315,125316,2022,1,1,-0.333661,-78.556601,PICHINCHA,QUITO,QUITO,URBANA,2022-05-14,20:45:00,20,SABADO,6,MAYO,5,NO,"FALLA MECANICA EN LOS SISTEMAS Y/O NEUMATICOS (SISTEMA DE FRENOS, DIRECCION, ELECTRONICO O MECANICO).",ATROPELLOS,BUS,0,0,1,0,0,0,0,0,0,0,0,0,0,1,56,HOMBRE,FALLECIDO,PEATON,NO,NO,1
30427,125316,125317,2022,0,0,-0.142271,-78.465908,PICHINCHA,QUITO,QUITO,URBANA,2022-05-14,20:45:00,20,SABADO,6,MAYO,5,NO,CONDUCIR VEHICULO SUPERANDO LOS LIMITES MAXIMOS DE VELOCIDAD.,CHOQUE LATERAL,MOTOCICLETA,1,0,0,0,0,0,0,0,1,0,0,0,0,2,29,HOMBRE,ILESO,CONDUCTOR PRESENTE,NO,NO,1
30428,125323,125324,2022,0,0,-0.101513,-78.486494,PICHINCHA,QUITO,QUITO,URBANA,2022-05-14,22:08:00,22,SABADO,6,MAYO,5,NO,NO MANTENER LA DISTANCIA PRUDENCIAL CON RESPECTO AL VEHICULO QUE LE ANTECEDE.,CHOQUE POSTERIOR,AUTOMOVIL,2,0,0,0,0,0,0,0,0,0,0,0,0,2,44,MUJER,ILESO,CONDUCTOR PRESENTE,NO,NO,1
30429,125338,125339,2022,0,0,-0.180969,-78.490476,PICHINCHA,QUITO,QUITO,URBANA,2022-05-15,02:00:00,2,DOMINGO,7,MAYO,5,NO,CONDUCIR VEHICULO SUPERANDO LOS LIMITES MAXIMOS DE VELOCIDAD.,ESTRELLAMIENTOS,AUTOMOVIL,1,0,0,0,0,0,0,0,0,0,0,0,0,1,-1,NO IDENTIFICADO,NO IDENTIFICADO,CONDUCTOR AUSENTE,NO,NO,2
30430,125340,125341,2022,1,0,-0.287611,-78.519673,PICHINCHA,QUITO,QUITO,URBANA,2022-05-15,03:00:00,3,DOMINGO,7,MAYO,5,NO,REALIZAR CAMBIO BRUSCO O INDEBIDO DE CARRIL.,ESTRELLAMIENTOS,MOTOCICLETA,0,0,0,0,0,0,0,0,1,0,0,0,0,1,23,HOMBRE,LESIONADO,CONDUCTOR PRESENTE,NO,NO,1
30431,125345,125346,2022,2,0,-0.106616,-78.476398,PICHINCHA,QUITO,QUITO,URBANA,2022-05-15,03:25:00,3,DOMINGO,7,MAYO,5,NO,"CONDUCE BAJO LA INFLUENCIA DE ALCOHOL, SUSTANCIAS ESTUPEFACIENTES O PSICOTROPICAS Y/O MEDICAMENTOS.",PERDIDA DE CARRIL,MOTOCICLETA,0,0,0,0,0,0,0,0,1,0,0,0,0,1,24,MUJER,LESIONADO,PASAJERO,NO,NO,1
30432,125349,125350,2022,0,0,-0.199971,-78.398684,PICHINCHA,QUITO,TUMBACO,RURAL,2022-05-15,04:15:00,4,DOMINGO,7,MAYO,5,NO,CONDUCIR VEHICULO SUPERANDO LOS LIMITES MAXIMOS DE VELOCIDAD.,ESTRELLAMIENTOS,AUTOMOVIL,1,0,0,0,0,0,0,0,0,0,0,0,0,1,49,HOMBRE,ILESO,CONDUCTOR PRESENTE,NO,NO,3
30433,125364,125365,2022,0,0,-0.339027,-78.520965,PICHINCHA,QUITO,QUITO,URBANA,2022-05-15,09:40:00,9,DOMINGO,7,MAYO,5,NO,CONDUCIR VEHICULO SUPERANDO LOS LIMITES MAXIMOS DE VELOCIDAD.,OTROS,AUTOMOVIL,4,0,0,0,0,0,0,0,0,0,0,0,0,4,36,HOMBRE,ILESO,CONDUCTOR PRESENTE,NO,NO,1
30434,125365,125366,2022,0,0,-0.285608,-78.499133,PICHINCHA,QUITO,CONOCOTO,RURAL,2022-05-15,10:45:00,10,DOMINGO,7,MAYO,5,NO,CONDUCIR VEHICULO SUPERANDO LOS LIMITES MAXIMOS DE VELOCIDAD.,ESTRELLAMIENTOS,AUTOMOVIL,1,0,0,0,0,0,0,0,0,0,0,0,0,1,-1,NO IDENTIFICADO,NO IDENTIFICADO,CONDUCTOR AUSENTE,NO,NO,2
30435,125375,125376,2022,1,0,-0.250159,-78.514516,PICHINCHA,QUITO,QUITO,URBANA,2022-05-15,13:20:00,13,DOMINGO,7,MAYO,5,NO,"NO RESPETAR LAS SENIALES REGLAMENTARIAS DE TRANSITO. (PARE, CEDA EL PASO, LUZ ROJA DEL SEMAFORO, ETC).",CHOQUE LATERAL,AUTOMOVIL,2,0,0,0,0,0,0,0,0,0,0,0,0,2,24,MUJER,LESIONADO,CONDUCTOR PRESENTE,NO,NO,1
30436,125384,125385,2022,4,0,0.026859,-78.632512,PICHINCHA,QUITO,NONO,RURAL,2022-05-15,15:38:00,15,DOMINGO,7,MAYO,5,NO,"CONDUCIR DESATENTO A LAS CONDICIONES DE TRANSITO (CELULAR, PANTALLAS DE VIDEO, COMIDA, MAQUILLAJE O CUALQUIER OTRO ELEMENTO DISTRACTOR).",CHOQUE LATERAL,CAMION,0,0,0,1,0,0,0,0,0,0,0,0,2,3,70,MUJER,LESIONADO,CONDUCTOR PRESENTE,NO,SI,3
30437,125385,125386,2022,1,0,-0.315128,-78.559269,PICHINCHA,QUITO,QUITO,URBANA,2022-05-15,16:10:00,16,DOMINGO,7,MAYO,5,NO,NO CEDER EL DERECHO DE VIA O PREFERENCIA DE PASO AL PEATON.,ATROPELLOS,AUTOMOVIL,1,0,0,0,0,0,0,0,0,0,0,0,0,1,85,MUJER,LESIONADO,PEATON,NO,NO,1
30438,125387,125388,2022,0,0,-0.129719,-78.483763,PICHINCHA,QUITO,QUITO,URBANA,2022-05-15,16:45:00,16,DOMINGO,7,MAYO,5,NO,"CONDUCIR DESATENTO A LAS CONDICIONES DE TRANSITO (CELULAR, PANTALLAS DE VIDEO, COMIDA, MAQUILLAJE O CUALQUIER OTRO ELEMENTO DISTRACTOR).",ESTRELLAMIENTOS,AUTOMOVIL,1,0,0,0,0,0,0,0,0,0,0,0,0,1,57,MUJER,ILESO,CONDUCTOR PRESENTE,NO,NO,1
30439,125399,125400,2022,0,1,-0.248313,-78.483552,PICHINCHA,QUITO,QUITO,URBANA,2022-05-15,19:28:00,19,DOMINGO,7,MAYO,5,NO,"CONDUCIR DESATENTO A LAS CONDICIONES DE TRANSITO (CELULAR, PANTALLAS DE VIDEO, COMIDA, MAQUILLAJE O CUALQUIER OTRO ELEMENTO DISTRACTOR).",ATROPELLOS,VEHICULO DEPORTIVO UTILITARIO,0,0,0,0,0,0,0,0,0,0,0,0,1,1,45,HOMBRE,FALLECIDO,PEATON,NO,SI,1
30440,125417,125418,2022,0,0,-0.102777,-78.488741,PICHINCHA,QUITO,QUITO,URBANA,2022-05-16,02:00:00,2,LUNES,1,MAYO,5,NO,CONDUCIR VEHICULO SUPERANDO LOS LIMITES MAXIMOS DE VELOCIDAD.,ESTRELLAMIENTOS,AUTOMOVIL,1,0,0,0,0,0,0,0,0,0,0,0,0,1,50,HOMBRE,ILESO,PASAJERO,NO,NO,1
30441,125421,125422,2022,0,0,-0.188141,-78.453409,PICHINCHA,QUITO,NAYON,URBANA,2022-05-16,06:15:00,6,LUNES,1,MAYO,5,NO,CONDUCIR VEHICULO SUPERANDO LOS LIMITES MAXIMOS DE VELOCIDAD.,CHOQUE LATERAL,CAMIONETA,0,0,0,0,1,0,0,0,0,1,0,0,0,2,32,HOMBRE,ILESO,PASAJERO,NO,NO,1
30442,125427,125428,2022,1,0,-0.068069,-78.372616,PICHINCHA,QUITO,GUAYLLABAMBA,RURAL,2022-05-16,08:25:00,8,LUNES,1,MAYO,5,NO,"CONDUCIR DESATENTO A LAS CONDICIONES DE TRANSITO (CELULAR, PANTALLAS DE VIDEO, COMIDA, MAQUILLAJE O CUALQUIER OTRO ELEMENTO DISTRACTOR).",PERDIDA DE CARRIL,ESPECIAL,0,0,0,0,0,0,1,0,0,0,0,0,0,1,21,MUJER,LESIONADO,CONDUCTOR PRESENTE,NO,SI,3
30443,125430,125431,2022,1,0,-0.244811,-78.514281,PICHINCHA,QUITO,QUITO,URBANA,2022-05-16,09:20:00,9,LUNES,1,MAYO,5,NO,PEATON QUE CRUZA LA CALZADA SIN RESPETAR LA SENIALIZACION EXISTENTE (SEMAFOROS O SENIALES MANUALES).,ATROPELLOS,BUS,0,0,1,0,0,0,0,0,0,0,0,0,0,1,25,HOMBRE,LESIONADO,PEATON,NO,NO,1
30444,125432,125433,2022,0,0,-0.239191,-78.513957,PICHINCHA,QUITO,QUITO,URBANA,2022-05-16,10:15:00,10,LUNES,1,MAYO,5,NO,CONDUCIR VEHICULO SUPERANDO LOS LIMITES MAXIMOS DE VELOCIDAD.,ESTRELLAMIENTOS,AUTOMOVIL,1,0,0,0,0,0,0,0,0,0,0,0,0,1,24,MUJER,ILESO,PASAJERO,NO,NO,1
30445,125441,125442,2022,1,0,-0.242818,-78.530886,PICHINCHA,QUITO,QUITO,URBANA,2022-05-16,13:10:00,13,LUNES,1,MAYO,5,NO,NO TRANSITAR POR LAS ACERAS O ZONAS DE SEGURIDAD DESTINADAS PARA EL EFECTO.,ATROPELLOS,AUTOMOVIL,1,0,0,0,0,0,0,0,0,0,0,0,0,1,14,HOMBRE,LESIONADO,PEATON,NO,NO,1
30446,125443,125444,2022,0,1,-0.341481,-78.449413,PICHINCHA,RUMINIAHUI,SANGOLQUI,URBANA,2022-05-16,13:30:00,13,LUNES,1,MAYO,5,NO,REALIZAR CAMBIO BRUSCO O INDEBIDO DE CARRIL.,CHOQUE LATERAL,CAMION,0,0,0,1,0,0,0,0,1,0,0,0,1,3,33,HOMBRE,FALLECIDO,CONDUCTOR PRESENTE,NO,SI,1
30447,125447,125448,2022,0,0,-0.155755,-78.488524,PICHINCHA,QUITO,QUITO,URBANA,2022-05-16,15:15:00,15,LUNES,1,MAYO,5,NO,"NO RESPETAR LAS SENIALES REGLAMENTARIAS DE TRANSITO. (PARE, CEDA EL PASO, LUZ ROJA DEL SEMAFORO, ETC).",CHOQUE LATERAL,CAMIONETA,1,0,0,0,1,0,0,0,0,0,0,0,0,2,30,HOMBRE,ILESO,CONDUCTOR PRESENTE,NO,NO,1
30448,125454,125455,2022,0,0,-0.206801,-78.381103,PICHINCHA,QUITO,TUMBACO,RURAL,2022-05-16,18:30:00,18,LUNES,1,MAYO,5,NO,CONDUCIR VEHICULO SUPERANDO LOS LIMITES MAXIMOS DE VELOCIDAD.,CHOQUE LATERAL,MOTOCICLETA,1,0,0,0,0,0,0,0,1,0,0,0,0,2,20,HOMBRE,ILESO,PASAJERO,NO,NO,3
30449,125456,125457,2022,0,0,-0.142091,-78.443153,PICHINCHA,QUITO,LLANO CHICO,RURAL,2022-05-16,18:40:00,18,LUNES,1,MAYO,5,NO,NO MANTENER LA DISTANCIA PRUDENCIAL CON RESPECTO AL VEHICULO QUE LE ANTECEDE.,COLISION,AUTOMOVIL,3,0,0,0,0,0,0,0,0,0,0,0,0,3,48,HOMBRE,ILESO,CONDUCTOR PRESENTE,NO,NO,3
30450,125466,125467,2022,1,0,-0.287301,-78.502351,PICHINCHA,QUITO,CONOCOTO,RURAL,2022-05-16,23:15:00,23,LUNES,1,MAYO,5,NO,"CASO FORTUITO O FUERZA MAYOR (EXPLOSION DE NEUMATICO NUEVO, DERRUMBE, INUNDACION, CAIDA DE PUENTE, ARBOL, PRESENCIA INTEMPESTIVA E IMPREVISTA DE SEMOVIENTES EN LA VIA, ETC.).",PERDIDA DE CARRIL,MOTOCICLETA,0,0,0,0,0,0,0,0,1,0,0,0,0,1,29,HOMBRE,LESIONADO,CONDUCTOR PRESENTE,NO,NO,3
30451,125467,125468,2022,0,0,-0.189555,-78.454238,PICHINCHA,QUITO,NAYON,URBANA,2022-05-16,23:15:00,23,LUNES,1,MAYO,5,NO,"CASO FORTUITO O FUERZA MAYOR (EXPLOSION DE NEUMATICO NUEVO, DERRUMBE, INUNDACION, CAIDA DE PUENTE, ARBOL, PRESENCIA INTEMPESTIVA E IMPREVISTA DE SEMOVIENTES EN LA VIA, ETC.).",OTROS,CAMIONETA,0,0,0,0,1,0,0,0,0,0,0,0,0,1,-1,NO IDENTIFICADO,NO IDENTIFICADO,CONDUCTOR AUSENTE,NO,NO,2
30452,125475,125476,2022,1,0,-0.168961,-78.343267,PICHINCHA,QUITO,TABABELA,RURAL,2022-05-17,08:45:00,8,MARTES,2,MAYO,5,NO,"CONDICIONES AMBIENTALES Y/O ATMOSFERICAS (NIEBLA, NEBLINA, GRANIZO, LLUVIA).",OTROS,MOTOCICLETA,2,0,0,0,0,0,0,0,1,0,0,0,0,3,32,HOMBRE,LESIONADO,CONDUCTOR PRESENTE,NO,NO,3
30453,125477,125478,2022,0,0,-0.196838,-78.501626,PICHINCHA,QUITO,QUITO,URBANA,2022-05-17,10:00:00,10,MARTES,2,MAYO,5,NO,"NO RESPETAR LAS SENIALES REGLAMENTARIAS DE TRANSITO. (PARE, CEDA EL PASO, LUZ ROJA DEL SEMAFORO, ETC).",CHOQUE LATERAL,MOTOCICLETA,1,0,0,0,0,0,0,0,1,0,0,0,0,2,23,HOMBRE,ILESO,CONDUCTOR PRESENTE,NO,NO,1
30454,125485,125486,2022,1,0,-0.262173,-78.547933,PICHINCHA,QUITO,QUITO,URBANA,2022-05-17,13:35:00,13,MARTES,2,MAYO,5,NO,NO TRANSITAR POR LAS ACERAS O ZONAS DE SEGURIDAD DESTINADAS PARA EL EFECTO.,ATROPELLOS,BUS,0,0,1,0,0,0,0,0,0,0,0,0,0,1,27,MUJER,LESIONADO,PEATON,NO,NO,1
30455,125498,125499,2022,0,0,-0.338901,-78.545594,PICHINCHA,QUITO,QUITO,URBANA,2022-05-17,19:15:00,19,MARTES,2,MAYO,5,NO,"CASO FORTUITO O FUERZA MAYOR (EXPLOSION DE NEUMATICO NUEVO, DERRUMBE, INUNDACION, CAIDA DE PUENTE, ARBOL, PRESENCIA INTEMPESTIVA E IMPREVISTA DE SEMOVIENTES EN LA VIA, ETC.).",ESTRELLAMIENTOS,AUTOMOVIL,2,0,0,0,0,0,0,0,0,0,0,0,0,2,57,HOMBRE,ILESO,CONDUCTOR PRESENTE,NO,NO,1
30456,125501,125502,2022,1,0,0.006468,-78.440536,PICHINCHA,QUITO,SAN ANTONIO (QUITO),RURAL,2022-05-17,19:50:00,19,MARTES,2,MAYO,5,NO,"CONDUCIR DESATENTO A LAS CONDICIONES DE TRANSITO (CELULAR, PANTALLAS DE VIDEO, COMIDA, MAQUILLAJE O CUALQUIER OTRO ELEMENTO DISTRACTOR).",CAIDA DE PASAJERO,BUS,0,0,1,0,0,0,0,0,0,0,0,0,0,1,60,MUJER,LESIONADO,PASAJERO,NO,NO,3
30457,125504,125505,2022,0,0,-0.101811,-78.463447,PICHINCHA,QUITO,QUITO,URBANA,2022-05-17,23:00:00,23,MARTES,2,MAYO,5,NO,CONDUCIR VEHICULO SUPERANDO LOS LIMITES MAXIMOS DE VELOCIDAD.,OTROS,AUTOMOVIL,1,0,0,0,0,0,0,0,0,0,0,0,0,1,-1,NO IDENTIFICADO,NO IDENTIFICADO,CONDUCTOR AUSENTE,NO,NO,2
30458,125512,125513,2022,0,0,-0.216064,-78.512658,PICHINCHA,QUITO,QUITO,URBANA,2022-05-18,08:20:00,8,MIERCOLES,3,MAYO,5,NO,CONDUCIR VEHICULO SUPERANDO LOS LIMITES MAXIMOS DE VELOCIDAD.,OTROS,FURGONETA,0,0,0,0,0,0,0,1,0,0,0,0,0,1,49,HOMBRE,ILESO,CONDUCTOR PRESENTE,NO,NO,1
30459,125514,125515,2022,0,0,-0.267708,-78.467427,PICHINCHA,QUITO,CONOCOTO,RURAL,2022-05-18,10:15:00,10,MIERCOLES,3,MAYO,5,NO,"CASO FORTUITO O FUERZA MAYOR (EXPLOSION DE NEUMATICO NUEVO, DERRUMBE, INUNDACION, CAIDA DE PUENTE, ARBOL, PRESENCIA INTEMPESTIVA E IMPREVISTA DE SEMOVIENTES EN LA VIA, ETC.).",OTROS,BUS,0,0,1,0,0,0,0,0,0,0,0,0,0,1,64,HOMBRE,ILESO,CONDUCTOR PRESENTE,NO,NO,3
30460,125515,125516,2022,1,0,-0.262173,-78.547933,PICHINCHA,QUITO,QUITO,URBANA,2022-05-18,10:30:00,10,MIERCOLES,3,MAYO,5,NO,"NO RESPETAR LAS SENIALES REGLAMENTARIAS DE TRANSITO. (PARE, CEDA EL PASO, LUZ ROJA DEL SEMAFORO, ETC).",ROZAMIENTOS,BUS,0,1,1,0,0,0,0,0,0,0,0,0,0,2,43,HOMBRE,LESIONADO,CONDUCTOR PRESENTE,NO,NO,1
30461,125518,125519,2022,1,0,-0.262959,-78.526248,PICHINCHA,QUITO,QUITO,URBANA,2022-05-18,12:00:00,12,MIERCOLES,3,MAYO,5,NO,"NO RESPETAR LAS SENIALES REGLAMENTARIAS DE TRANSITO. (PARE, CEDA EL PASO, LUZ ROJA DEL SEMAFORO, ETC).",OTROS,MOTOCICLETA,1,0,0,0,0,0,0,0,1,0,0,0,0,2,25,MUJER,LESIONADO,CONDUCTOR PRESENTE,NO,NO,1
30462,125542,125543,2022,2,0,-0.231027,-78.513528,PICHINCHA,QUITO,QUITO,URBANA,2022-05-18,21:15:00,21,MIERCOLES,3,MAYO,5,NO,"NO RESPETAR LAS SENIALES REGLAMENTARIAS DE TRANSITO. (PARE, CEDA EL PASO, LUZ ROJA DEL SEMAFORO, ETC).",CHOQUE LATERAL,MOTOCICLETA,1,0,0,0,0,0,0,0,1,0,0,0,0,2,24,HOMBRE,LESIONADO,PASAJERO,NO,NO,1
30463,125546,125547,2022,0,0,-0.133388,-78.481951,PICHINCHA,QUITO,QUITO,URBANA,2022-05-18,23:50:00,23,MIERCOLES,3,MAYO,5,NO,CONDUCIR VEHICULO SUPERANDO LOS LIMITES MAXIMOS DE VELOCIDAD.,ESTRELLAMIENTOS,AUTOMOVIL,1,0,0,0,0,0,0,0,0,0,0,0,0,1,-1,NO IDENTIFICADO,NO IDENTIFICADO,CONDUCTOR AUSENTE,NO,NO,2
30464,125556,125557,2022,1,0,-0.246002,-78.502581,PICHINCHA,QUITO,QUITO,URBANA,2022-05-19,04:55:00,4,JUEVES,4,MAYO,5,NO,"CASO FORTUITO O FUERZA MAYOR (EXPLOSION DE NEUMATICO NUEVO, DERRUMBE, INUNDACION, CAIDA DE PUENTE, ARBOL, PRESENCIA INTEMPESTIVA E IMPREVISTA DE SEMOVIENTES EN LA VIA, ETC.).",ESTRELLAMIENTOS,CAMION,0,0,0,1,0,0,0,0,0,0,0,0,0,1,24,HOMBRE,LESIONADO,CONDUCTOR PRESENTE,NO,NO,1
30465,125558,125559,2022,2,0,-0.274993,-78.529906,PICHINCHA,QUITO,QUITO,URBANA,2022-05-19,06:15:00,6,JUEVES,4,MAYO,5,NO,"NO RESPETAR LAS SENIALES REGLAMENTARIAS DE TRANSITO. (PARE, CEDA EL PASO, LUZ ROJA DEL SEMAFORO, ETC).",ROZAMIENTOS,MOTOCICLETA,1,0,0,0,0,0,0,0,1,0,0,0,0,2,19,MUJER,LESIONADO,PASAJERO,NO,NO,1
30466,125560,125561,2022,1,0,-0.239379,-78.492519,PICHINCHA,QUITO,QUITO,URBANA,2022-05-19,06:30:00,6,JUEVES,4,MAYO,5,NO,CONDUCIR VEHICULO SUPERANDO LOS LIMITES MAXIMOS DE VELOCIDAD.,OTROS,BUS,4,0,1,1,1,0,0,0,0,0,0,0,0,7,34,HOMBRE,LESIONADO,CONDUCTOR PRESENTE,NO,NO,1
30467,125571,125572,2022,1,0,-0.118524,-78.465757,PICHINCHA,QUITO,QUITO,URBANA,2022-05-19,11:20:00,11,JUEVES,4,MAYO,5,NO,NO CEDER EL DERECHO DE VIA O PREFERENCIA DE PASO AL PEATON.,ATROPELLOS,NO IDENTIFICADO,0,0,0,0,0,0,0,0,0,1,0,0,0,1,38,HOMBRE,LESIONADO,PEATON,NO,NO,1
30468,125585,125586,2022,0,0,-0.122958,-78.468331,PICHINCHA,QUITO,QUITO,URBANA,2022-05-19,16:40:00,16,JUEVES,4,MAYO,5,NO,"CONDUCIR DESATENTO A LAS CONDICIONES DE TRANSITO (CELULAR, PANTALLAS DE VIDEO, COMIDA, MAQUILLAJE O CUALQUIER OTRO ELEMENTO DISTRACTOR).",OTROS,CAMION,0,0,0,1,0,0,0,0,0,0,0,0,0,1,-1,NO IDENTIFICADO,NO IDENTIFICADO,CONDUCTOR AUSENTE,NO,NO,2
30469,125586,125587,2022,2,0,-0.213437,-78.497973,PICHINCHA,QUITO,QUITO,URBANA,2022-05-19,16:45:00,16,JUEVES,4,MAYO,5,NO,PEATON QUE CRUZA LA CALZADA SIN RESPETAR LA SENIALIZACION EXISTENTE (SEMAFOROS O SENIALES MANUALES).,ATROPELLOS,BUS,0,0,1,0,0,0,0,0,0,0,0,0,0,1,18,MUJER,LESIONADO,PEATON,NO,NO,1
30470,125589,125590,2022,0,0,-0.338341,-78.549447,PICHINCHA,QUITO,QUITO,URBANA,2022-05-19,18:20:00,18,JUEVES,4,MAYO,5,NO,"CONDUCE BAJO LA INFLUENCIA DE ALCOHOL, SUSTANCIAS ESTUPEFACIENTES O PSICOTROPICAS Y/O MEDICAMENTOS.",CHOQUE LATERAL,CAMION,1,0,0,1,0,0,0,0,0,0,0,0,0,2,50,HOMBRE,ILESO,CONDUCTOR PRESENTE,NO,NO,1
30471,125600,125601,2022,0,0,-0.297213,-78.534598,PICHINCHA,QUITO,QUITO,URBANA,2022-05-19,23:15:00,23,JUEVES,4,MAYO,5,NO,NO MANTENER LA DISTANCIA PRUDENCIAL CON RESPECTO AL VEHICULO QUE LE ANTECEDE.,CHOQUE POSTERIOR,AUTOMOVIL,2,0,0,0,0,0,0,0,0,0,0,0,0,2,34,HOMBRE,ILESO,CONDUCTOR PRESENTE,NO,NO,1
30472,125601,125602,2022,0,0,-0.212937,-78.492111,PICHINCHA,QUITO,QUITO,URBANA,2022-05-20,01:40:00,1,VIERNES,5,MAYO,5,NO,"NO RESPETAR LAS SENIALES REGLAMENTARIAS DE TRANSITO. (PARE, CEDA EL PASO, LUZ ROJA DEL SEMAFORO, ETC).",ESTRELLAMIENTOS,AUTOMOVIL,1,0,0,0,0,0,0,0,0,0,0,0,0,1,-1,NO IDENTIFICADO,NO IDENTIFICADO,CONDUCTOR AUSENTE,NO,NO,2
30473,125602,125603,2022,0,0,-0.190071,-78.482052,PICHINCHA,QUITO,QUITO,URBANA,2022-05-20,03:00:00,3,VIERNES,5,MAYO,5,NO,"NO RESPETAR LAS SENIALES REGLAMENTARIAS DE TRANSITO. (PARE, CEDA EL PASO, LUZ ROJA DEL SEMAFORO, ETC).",ESTRELLAMIENTOS,CAMIONETA,0,0,0,0,1,0,0,0,0,0,0,0,0,1,23,HOMBRE,ILESO,CONDUCTOR PRESENTE,NO,NO,1
30474,125603,125604,2022,0,0,-0.207605,-78.380616,PICHINCHA,QUITO,TUMBACO,RURAL,2022-05-20,03:05:00,3,VIERNES,5,MAYO,5,NO,CONDUCIR VEHICULO SUPERANDO LOS LIMITES MAXIMOS DE VELOCIDAD.,PERDIDA DE CARRIL,AUTOMOVIL,1,0,0,0,0,0,0,0,0,0,0,0,0,1,-1,NO IDENTIFICADO,NO IDENTIFICADO,CONDUCTOR AUSENTE,NO,NO,2
30475,125605,125606,2022,0,0,-0.209401,-78.401784,PICHINCHA,QUITO,TUMBACO,RURAL,2022-05-20,05:40:00,5,VIERNES,5,MAYO,5,NO,"CONDUCE BAJO LA INFLUENCIA DE ALCOHOL, SUSTANCIAS ESTUPEFACIENTES O PSICOTROPICAS Y/O MEDICAMENTOS.",CHOQUE FRONTAL,MOTOCICLETA,1,0,0,0,0,0,0,0,1,0,0,0,0,2,31,HOMBRE,ILESO,CONDUCTOR PRESENTE,NO,NO,3