,Unnamed: 0,ID,ANIO,LESIONADOS,FALLECIDOS,LATITUD_Y,LONGITUD_X,PROVINCIA,CANTON,PARROQUIA,ZONA,FECHA,HORA,PERIODO_2,DIA_1,DIA_2,MES_1,MES_2,FERIADO,CAUSA_PROBABLE,TIPO_DE_SINIESTRO,TIPO_DE_VEHICULO_1,AUTOMOVIL,BICICLETA,BUS,CAMION,CAMIONETA,EMERGENCIAS,ESPECIAL,FURGONETA,MOTOCICLETA,NO_IDENTIFICADO,SCOOTER_ELECTRICO,TRICIMOTO,VEHICULO_DEPORTIVO_UTILITARIO,SUMA_DE_VEHICULOS,EDAD_1,SEXO_1,CONDICION_1,PARTICIPANTE_1,CASCO_1,CINTURON_1,KMeans_Cluster
30476,125616,125617,2022,1,0,-0.344982,-78.548764,PICHINCHA,QUITO,QUITO,URBANA,2022-05-20,07:45:00,7,VIERNES,5,MAYO,5,NO,"NO RESPETAR LAS SENIALES REGLAMENTARIAS DE TRANSITO. (PARE, CEDA EL PASO, LUZ ROJA DEL SEMAFORO, ETC).",CHOQUE LATERAL,MOTOCICLETA,1,0,0,0,0,0,0,0,1,0,0,0,0,2,40,HOMBRE,LESIONADO,CONDUCTOR PRESENTE,NO,NO,1
30477,125619,125620,2022,0,0,-0.268925,-78.547069,PICHINCHA,QUITO,QUITO,URBANA,2022-05-20,09:20:00,9,VIERNES,5,MAYO,5,NO,"CASO FORTUITO O FUERZA MAYOR (EXPLOSION DE NEUMATICO NUEVO, DERRUMBE, INUNDACION, CAIDA DE PUENTE, ARBOL, PRESENCIA INTEMPESTIVA E IMPREVISTA DE SEMOVIENTES EN LA VIA, ETC.).",OTROS,CAMION,0,0,0,1,0,0,0,0,0,0,0,0,0,1,50,HOMBRE,ILESO,CONDUCTOR PRESENTE,NO,NO,1
30478,125635,125636,2022,3,0,-0.254685,-78.503887,PICHINCHA,QUITO,QUITO,URBANA,2022-05-20,15:15:00,15,VIERNES,5,MAYO,5,NO,CONDUCIR VEHICULO SUPERANDO LOS LIMITES MAXIMOS DE VELOCIDAD.,PERDIDA DE CARRIL,AUTOMOVIL,1,0,0,0,0,0,0,0,0,0,0,0,0,1,35,HOMBRE,LESIONADO,PASAJERO,NO,NO,1
30479,125641,125642,2022,1,0,-0.228124,-78.532813,PICHINCHA,QUITO,QUITO,URBANA,2022-05-20,17:50:00,17,VIERNES,5,MAYO,5,NO,CONDUCIR VEHICULO SUPERANDO LOS LIMITES MAXIMOS DE VELOCIDAD.,ARROLLAMIENTOS,BUS,0,0,1,0,0,0,0,0,0,0,0,0,0,1,84,HOMBRE,LESIONADO,PASAJERO,NO,NO,1
30480,125663,125664,2022,0,0,-0.197821,-78.472503,PICHINCHA,QUITO,QUITO,URBANA,2022-05-21,00:30:00,0,SABADO,6,MAYO,5,SI,"CASO FORTUITO O FUERZA MAYOR (EXPLOSION DE NEUMATICO NUEVO, DERRUMBE, INUNDACION, CAIDA DE PUENTE, ARBOL, PRESENCIA INTEMPESTIVA E IMPREVISTA DE SEMOVIENTES EN LA VIA, ETC.).",ESTRELLAMIENTOS,AUTOMOVIL,1,0,0,0,0,0,0,0,0,0,0,0,0,1,31,HOMBRE,ILESO,CONDUCTOR PRESENTE,NO,NO,1
30481,125664,125665,2022,0,1,-0.104979,-78.431263,PICHINCHA,QUITO,CALDERON (CARAPUNGO),RURAL,2022-05-21,01:07:00,1,SABADO,6,MAYO,5,SI,CONDUCIR VEHICULO SUPERANDO LOS LIMITES MAXIMOS DE VELOCIDAD.,PERDIDA DE CARRIL,MOTOCICLETA,0,0,0,0,0,0,0,0,1,0,0,0,0,1,30,HOMBRE,FALLECIDO,CONDUCTOR PRESENTE,NO,NO,3
30482,125666,125667,2022,1,0,-0.189147,-78.502203,PICHINCHA,QUITO,QUITO,URBANA,2022-05-21,01:20:00,1,SABADO,6,MAYO,5,SI,"NO RESPETAR LAS SENIALES REGLAMENTARIAS DE TRANSITO. (PARE, CEDA EL PASO, LUZ ROJA DEL SEMAFORO, ETC).",CHOQUE LATERAL,MOTOCICLETA,1,0,0,0,0,0,0,0,1,0,0,0,0,2,34,HOMBRE,LESIONADO,CONDUCTOR PRESENTE,NO,NO,1
30483,125668,125669,2022,0,0,-0.232511,-78.503048,PICHINCHA,QUITO,QUITO,URBANA,2022-05-21,01:30:00,1,SABADO,6,MAYO,5,SI,CONDUCIR VEHICULO SUPERANDO LOS LIMITES MAXIMOS DE VELOCIDAD.,PERDIDA DE CARRIL,AUTOMOVIL,1,0,0,0,0,0,0,0,0,0,0,0,0,1,56,HOMBRE,ILESO,CONDUCTOR PRESENTE,NO,NO,1
30484,125669,125670,2022,0,0,-0.238301,-78.482759,PICHINCHA,QUITO,QUITO,URBANA,2022-05-21,02:00:00,2,SABADO,6,MAYO,5,SI,CONDUCIR VEHICULO SUPERANDO LOS LIMITES MAXIMOS DE VELOCIDAD.,PERDIDA DE CARRIL,AUTOMOVIL,1,0,0,0,0,0,0,0,0,0,0,0,0,1,-1,NO IDENTIFICADO,NO IDENTIFICADO,CONDUCTOR AUSENTE,NO,NO,2
30485,125671,125672,2022,0,0,-0.172321,-78.491507,PICHINCHA,QUITO,QUITO,URBANA,2022-05-21,02:15:00,2,SABADO,6,MAYO,5,SI,"NO RESPETAR LAS SENIALES REGLAMENTARIAS DE TRANSITO. (PARE, CEDA EL PASO, LUZ ROJA DEL SEMAFORO, ETC).",PERDIDA DE CARRIL,AUTOMOVIL,1,0,0,0,0,0,0,0,0,0,0,0,0,1,38,HOMBRE,ILESO,PASAJERO,NO,NO,1
30486,125673,125674,2022,0,1,-0.144104,-78.499938,PICHINCHA,QUITO,QUITO,URBANA,2022-05-21,02:30:00,2,SABADO,6,MAYO,5,SI,PEATON QUE CRUZA LA CALZADA SIN RESPETAR LA SENIALIZACION EXISTENTE (SEMAFOROS O SENIALES MANUALES).,ATROPELLOS,NO IDENTIFICADO,0,0,0,0,0,0,0,0,0,1,0,0,0,1,38,HOMBRE,FALLECIDO,PEATON,NO,NO,1
30487,125675,125676,2022,0,0,-0.205308,-78.487923,PICHINCHA,QUITO,QUITO,URBANA,2022-05-21,05:20:00,5,SABADO,6,MAYO,5,SI,CONDUCIR VEHICULO SUPERANDO LOS LIMITES MAXIMOS DE VELOCIDAD.,CHOQUE LATERAL,AUTOMOVIL,1,0,0,0,0,0,0,0,0,1,0,0,0,2,-1,NO IDENTIFICADO,NO IDENTIFICADO,CONDUCTOR AUSENTE,NO,NO,2
30488,125685,125686,2022,1,0,-0.261717,-78.536782,PICHINCHA,QUITO,QUITO,URBANA,2022-05-21,10:10:00,10,SABADO,6,MAYO,5,SI,NO GUARDAR LA DISTANCIA LATERAL MINIMA DE SEGURIDAD ENTRE VEHICULOS.,CHOQUE LATERAL,AUTOMOVIL,2,0,0,0,0,0,0,0,0,0,0,0,0,2,63,HOMBRE,LESIONADO,CONDUCTOR PRESENTE,NO,NO,1
30489,125696,125697,2022,1,0,-0.188923,-78.447334,PICHINCHA,QUITO,NAYON,RURAL,2022-05-21,15:00:00,15,SABADO,6,MAYO,5,SI,"CONDUCE BAJO LA INFLUENCIA DE ALCOHOL, SUSTANCIAS ESTUPEFACIENTES O PSICOTROPICAS Y/O MEDICAMENTOS.",CHOQUE FRONTAL,MOTOCICLETA,1,0,0,0,0,0,0,0,1,0,0,0,0,2,38,HOMBRE,LESIONADO,CONDUCTOR PRESENTE,NO,NO,3
30490,125703,125704,2022,1,0,-0.254097,-78.522271,PICHINCHA,QUITO,QUITO,URBANA,2022-05-21,17:30:00,17,SABADO,6,MAYO,5,SI,NO GUARDAR LA DISTANCIA LATERAL MINIMA DE SEGURIDAD ENTRE VEHICULOS.,ROZAMIENTOS,BUS,0,0,1,0,0,0,0,0,1,0,0,0,0,2,47,HOMBRE,LESIONADO,CONDUCTOR PRESENTE,NO,NO,1
30491,125707,125708,2022,0,0,-0.263139,-78.546671,PICHINCHA,QUITO,QUITO,URBANA,2022-05-21,19:20:00,19,SABADO,6,MAYO,5,SI,"CASO FORTUITO O FUERZA MAYOR (EXPLOSION DE NEUMATICO NUEVO, DERRUMBE, INUNDACION, CAIDA DE PUENTE, ARBOL, PRESENCIA INTEMPESTIVA E IMPREVISTA DE SEMOVIENTES EN LA VIA, ETC.).",OTROS,AUTOMOVIL,1,0,0,0,0,0,0,0,0,0,0,0,0,1,-1,NO IDENTIFICADO,NO IDENTIFICADO,CONDUCTOR AUSENTE,NO,NO,2
30492,125712,125713,2022,2,0,-0.222097,-78.527602,PICHINCHA,QUITO,QUITO,URBANA,2022-05-21,19:55:00,19,SABADO,6,MAYO,5,SI,CONDUCIR VEHICULO SUPERANDO LOS LIMITES MAXIMOS DE VELOCIDAD.,CHOQUE FRONTAL,MOTOCICLETA,1,0,0,0,0,0,0,0,1,0,0,0,0,2,20,HOMBRE,LESIONADO,PASAJERO,NO,NO,1
30493,125720,125721,2022,1,0,-0.114376,-78.494581,PICHINCHA,QUITO,QUITO,URBANA,2022-05-21,21:30:00,21,SABADO,6,MAYO,5,SI,"NO RESPETAR LAS SENIALES REGLAMENTARIAS DE TRANSITO. (PARE, CEDA EL PASO, LUZ ROJA DEL SEMAFORO, ETC).",CHOQUE LATERAL,MOTOCICLETA,1,0,0,0,0,0,0,0,1,0,0,0,0,2,25,HOMBRE,LESIONADO,CONDUCTOR PRESENTE,NO,NO,1
30494,125724,125725,2022,1,1,-0.204336,-78.503341,PICHINCHA,QUITO,QUITO,URBANA,2022-05-21,21:45:00,21,SABADO,6,MAYO,5,SI,CONDUCIR VEHICULO SUPERANDO LOS LIMITES MAXIMOS DE VELOCIDAD.,CHOQUE POSTERIOR,MOTOCICLETA,0,0,0,0,0,0,0,0,1,1,0,0,0,2,24,HOMBRE,FALLECIDO,PASAJERO,NO,NO,1
30495,125734,125735,2022,0,0,-0.175254,-78.501273,PICHINCHA,QUITO,QUITO,URBANA,2022-05-21,23:35:00,23,SABADO,6,MAYO,5,SI,CONDUCIR VEHICULO SUPERANDO LOS LIMITES MAXIMOS DE VELOCIDAD.,ESTRELLAMIENTOS,CAMIONETA,0,0,0,0,1,0,0,0,0,0,0,0,0,1,-1,NO IDENTIFICADO,NO IDENTIFICADO,CONDUCTOR AUSENTE,NO,NO,2
30496,125738,125739,2022,3,0,-0.327351,-78.550491,PICHINCHA,QUITO,QUITO,URBANA,2022-05-22,00:30:00,0,DOMINGO,7,MAYO,5,SI,"NO RESPETAR LAS SENIALES REGLAMENTARIAS DE TRANSITO. (PARE, CEDA EL PASO, LUZ ROJA DEL SEMAFORO, ETC).",CHOQUE LATERAL,MOTOCICLETA,0,0,0,0,0,0,0,0,1,1,0,0,0,2,23,MUJER,LESIONADO,PASAJERO,SI,NO,1
30497,125740,125741,2022,1,0,-0.048414,-78.337855,PICHINCHA,QUITO,GUAYLLABAMBA,RURAL,2022-05-22,01:00:00,1,DOMINGO,7,MAYO,5,SI,"CONDUCIR DESATENTO A LAS CONDICIONES DE TRANSITO (CELULAR, PANTALLAS DE VIDEO, COMIDA, MAQUILLAJE O CUALQUIER OTRO ELEMENTO DISTRACTOR).",PERDIDA DE CARRIL,MOTOCICLETA,0,0,0,0,0,0,0,0,1,0,0,0,0,1,31,HOMBRE,LESIONADO,CONDUCTOR PRESENTE,NO,SI,3
30498,125750,125751,2022,1,0,-0.104872,-78.462531,PICHINCHA,QUITO,QUITO,RURAL,2022-05-22,02:20:00,2,DOMINGO,7,MAYO,5,SI,CONDUCIR VEHICULO SUPERANDO LOS LIMITES MAXIMOS DE VELOCIDAD.,CHOQUE FRONTAL,MOTOCICLETA,1,0,0,0,0,0,0,0,1,0,0,0,0,2,29,HOMBRE,LESIONADO,CONDUCTOR PRESENTE,NO,NO,3
30499,125756,125757,2022,0,1,-0.216377,-78.465359,PICHINCHA,QUITO,QUITO,RURAL,2022-05-22,02:50:00,2,DOMINGO,7,MAYO,5,SI,CONDUCIR VEHICULO SUPERANDO LOS LIMITES MAXIMOS DE VELOCIDAD.,PERDIDA DE CARRIL,MOTOCICLETA,0,0,0,0,0,0,0,0,1,0,0,0,0,1,34,HOMBRE,FALLECIDO,CONDUCTOR PRESENTE,NO,NO,3
30500,125762,125763,2022,0,0,-0.188996,-78.482722,PICHINCHA,QUITO,QUITO,URBANA,2022-05-22,03:20:00,3,DOMINGO,7,MAYO,5,SI,CONDUCIR VEHICULO SUPERANDO LOS LIMITES MAXIMOS DE VELOCIDAD.,CHOQUE POSTERIOR,AUTOMOVIL,2,0,0,0,0,0,0,0,0,0,0,0,0,2,67,HOMBRE,ILESO,CONDUCTOR PRESENTE,NO,NO,1
30501,125763,125764,2022,0,0,-0.469831,-78.566007,PICHINCHA,MEJIA,MACHACHI,RURAL,2022-05-22,03:45:00,3,DOMINGO,7,MAYO,5,SI,"CONDUCIR DESATENTO A LAS CONDICIONES DE TRANSITO (CELULAR, PANTALLAS DE VIDEO, COMIDA, MAQUILLAJE O CUALQUIER OTRO ELEMENTO DISTRACTOR).",CHOQUE LATERAL,CAMIONETA,1,0,0,0,1,0,0,0,0,0,0,0,0,2,33,HOMBRE,ILESO,CONDUCTOR PRESENTE,NO,SI,3
30502,125764,125765,2022,0,0,-0.180758,-78.478666,PICHINCHA,QUITO,QUITO,URBANA,2022-05-22,03:45:00,3,DOMINGO,7,MAYO,5,SI,CONDUCIR VEHICULO SUPERANDO LOS LIMITES MAXIMOS DE VELOCIDAD.,ESTRELLAMIENTOS,AUTOMOVIL,1,0,0,0,0,0,0,0,0,0,0,0,0,1,40,MUJER,ILESO,CONDUCTOR PRESENTE,NO,NO,1
30503,125767,125768,2022,0,1,-0.243277,-78.520031,PICHINCHA,QUITO,QUITO,URBANA,2022-05-22,04:45:00,4,DOMINGO,7,MAYO,5,SI,CONDUCIR VEHICULO SUPERANDO LOS LIMITES MAXIMOS DE VELOCIDAD.,CHOQUE LATERAL,MOTOCICLETA,0,0,0,0,0,0,0,0,1,1,0,0,0,2,-1,HOMBRE,FALLECIDO,CONDUCTOR PRESENTE,NO,NO,1
30504,125774,125775,2022,1,0,-0.061461,-78.359141,PICHINCHA,QUITO,GUAYLLABAMBA,RURAL,2022-05-22,07:00:00,7,DOMINGO,7,MAYO,5,SI,"CONDUCIR DESATENTO A LAS CONDICIONES DE TRANSITO (CELULAR, PANTALLAS DE VIDEO, COMIDA, MAQUILLAJE O CUALQUIER OTRO ELEMENTO DISTRACTOR).",CHOQUE LATERAL,CAMIONETA,1,0,0,0,1,0,0,0,0,0,0,0,0,2,25,MUJER,LESIONADO,PASAJERO,NO,SI,3
30505,125776,125777,2022,0,0,-0.092757,-78.510815,PICHINCHA,QUITO,QUITO,URBANA,2022-05-22,07:45:00,7,DOMINGO,7,MAYO,5,SI,CONDUCIR VEHICULO SUPERANDO LOS LIMITES MAXIMOS DE VELOCIDAD.,ESTRELLAMIENTOS,AUTOMOVIL,1,0,0,0,0,0,0,0,0,0,0,0,0,1,-1,NO IDENTIFICADO,NO IDENTIFICADO,CONDUCTOR AUSENTE,NO,NO,2
30506,125782,125783,2022,0,0,-0.127629,-78.444622,PICHINCHA,QUITO,LLANO CHICO,RURAL,2022-05-22,09:20:00,9,DOMINGO,7,MAYO,5,SI,"CONDUCE BAJO LA INFLUENCIA DE ALCOHOL, SUSTANCIAS ESTUPEFACIENTES O PSICOTROPICAS Y/O MEDICAMENTOS.",CHOQUE POSTERIOR,AUTOMOVIL,2,0,0,0,0,0,0,0,0,0,0,0,0,2,52,HOMBRE,ILESO,CONDUCTOR PRESENTE,NO,NO,3
30507,125788,125789,2022,0,1,-0.279041,-78.339765,PICHINCHA,QUITO,PIFO,RURAL,2022-05-22,11:30:00,11,DOMINGO,7,MAYO,5,SI,"CONDUCIR DESATENTO A LAS CONDICIONES DE TRANSITO (CELULAR, PANTALLAS DE VIDEO, COMIDA, MAQUILLAJE O CUALQUIER OTRO ELEMENTO DISTRACTOR).",PERDIDA DE CARRIL,MOTOCICLETA,0,0,0,0,0,0,0,0,1,0,0,0,0,1,41,HOMBRE,FALLECIDO,CONDUCTOR PRESENTE,NO,SI,3
30508,125801,125802,2022,2,0,-0.315467,-78.553432,PICHINCHA,QUITO,QUITO,URBANA,2022-05-22,14:55:00,14,DOMINGO,7,MAYO,5,SI,CONDUCIR VEHICULO SUPERANDO LOS LIMITES MAXIMOS DE VELOCIDAD.,OTROS,MOTOCICLETA,0,0,0,0,0,0,0,0,1,1,0,0,0,2,27,HOMBRE,LESIONADO,PASAJERO,NO,NO,1
30509,125816,125817,2022,0,0,-0.162588,-78.462478,PICHINCHA,QUITO,QUITO,URBANA,2022-05-22,18:50:00,18,DOMINGO,7,MAYO,5,SI,NO GUARDAR LA DISTANCIA LATERAL MINIMA DE SEGURIDAD ENTRE VEHICULOS.,ROZAMIENTOS,AUTOMOVIL,1,0,0,0,0,0,0,0,0,1,0,0,0,2,21,HOMBRE,ILESO,CONDUCTOR PRESENTE,NO,NO,1
30510,125846,125847,2022,0,0,-0.207695,-78.507228,PICHINCHA,QUITO,QUITO,URBANA,2022-05-23,08:00:00,8,LUNES,1,MAYO,5,SI,"NO RESPETAR LAS SENIALES REGLAMENTARIAS DE TRANSITO. (PARE, CEDA EL PASO, LUZ ROJA DEL SEMAFORO, ETC).",CHOQUE FRONTAL,AUTOMOVIL,2,0,0,0,0,0,0,0,0,0,0,0,0,2,30,MUJER,ILESO,PASAJERO,NO,NO,1
30511,125856,125857,2022,2,0,-0.438958,-78.740281,PICHINCHA,MEJIA,MANUEL CORNEJO ASTORGA,RURAL,2022-05-23,12:00:00,12,LUNES,1,MAYO,5,SI,"CONDUCIR DESATENTO A LAS CONDICIONES DE TRANSITO (CELULAR, PANTALLAS DE VIDEO, COMIDA, MAQUILLAJE O CUALQUIER OTRO ELEMENTO DISTRACTOR).",PERDIDA DE PISTA,VEHICULO DEPORTIVO UTILITARIO,0,0,0,0,0,0,0,0,0,0,0,0,1,1,31,MUJER,LESIONADO,PASAJERO,NO,NO,3
30512,125861,125862,2022,0,0,-0.461316,-78.593413,PICHINCHA,MEJIA,ALOAG,RURAL,2022-05-23,13:00:00,13,LUNES,1,MAYO,5,SI,"CONDUCIR DESATENTO A LAS CONDICIONES DE TRANSITO (CELULAR, PANTALLAS DE VIDEO, COMIDA, MAQUILLAJE O CUALQUIER OTRO ELEMENTO DISTRACTOR).",PERDIDA DE PISTA,CAMION,0,0,0,1,0,0,0,0,0,0,0,0,0,1,-1,NO IDENTIFICADO,NO IDENTIFICADO,CONDUCTOR AUSENTE,NO,NO,2
30513,125866,125867,2022,1,0,-0.146793,-78.493932,PICHINCHA,QUITO,QUITO,URBANA,2022-05-23,14:52:00,14,LUNES,1,MAYO,5,SI,"NO RESPETAR LAS SENIALES REGLAMENTARIAS DE TRANSITO. (PARE, CEDA EL PASO, LUZ ROJA DEL SEMAFORO, ETC).",CHOQUE LATERAL,MOTOCICLETA,0,0,0,0,0,0,0,0,1,1,0,0,0,2,29,MUJER,LESIONADO,CONDUCTOR PRESENTE,SI,NO,1
30514,125879,125880,2022,1,0,-0.089251,-78.428159,PICHINCHA,QUITO,CALDERON (CARAPUNGO),RURAL,2022-05-23,22:20:00,22,LUNES,1,MAYO,5,SI,"CONDUCE BAJO LA INFLUENCIA DE ALCOHOL, SUSTANCIAS ESTUPEFACIENTES O PSICOTROPICAS Y/O MEDICAMENTOS.",CHOQUE FRONTAL,MOTOCICLETA,0,0,0,0,0,0,0,0,2,0,0,0,0,2,30,MUJER,LESIONADO,CONDUCTOR PRESENTE,NO,NO,3
30515,125885,125886,2022,2,0,-0.358335,-78.548968,PICHINCHA,QUITO,QUITO,URBANA,2022-05-24,07:15:00,7,MARTES,2,MAYO,5,NO,CONDUCIR VEHICULO SUPERANDO LOS LIMITES MAXIMOS DE VELOCIDAD.,CHOQUE POSTERIOR,CAMION,0,0,0,1,1,0,0,0,0,0,0,0,0,2,43,MUJER,LESIONADO,PASAJERO,NO,NO,1
30516,125892,125893,2022,0,0,-0.209932,-78.496964,PICHINCHA,QUITO,QUITO,URBANA,2022-05-24,09:00:00,9,MARTES,2,MAYO,5,NO,"NO RESPETAR LAS SENIALES REGLAMENTARIAS DE TRANSITO. (PARE, CEDA EL PASO, LUZ ROJA DEL SEMAFORO, ETC).",CHOQUE LATERAL,MOTOCICLETA,1,0,0,0,0,0,0,0,1,0,0,0,0,2,33,MUJER,ILESO,PASAJERO,NO,NO,1
30517,125905,125906,2022,0,0,-0.198428,-78.463842,PICHINCHA,QUITO,QUITO,URBANA,2022-05-24,18:45:00,18,MARTES,2,MAYO,5,NO,NO MANTENER LA DISTANCIA PRUDENCIAL CON RESPECTO AL VEHICULO QUE LE ANTECEDE.,COLISION,CAMIONETA,2,0,0,0,1,0,0,0,0,0,0,0,0,3,37,HOMBRE,ILESO,CONDUCTOR PRESENTE,NO,NO,1
30518,125911,125912,2022,1,0,-0.292232,-78.543826,PICHINCHA,QUITO,QUITO,URBANA,2022-05-24,23:40:00,23,MARTES,2,MAYO,5,NO,CONDUCIR VEHICULO SUPERANDO LOS LIMITES MAXIMOS DE VELOCIDAD.,ESTRELLAMIENTOS,AUTOMOVIL,1,0,0,0,0,0,0,0,0,0,0,0,0,1,24,HOMBRE,LESIONADO,PASAJERO,NO,NO,1
30519,125914,125915,2022,1,0,-0.218296,-78.388407,PICHINCHA,QUITO,TUMBACO,RURAL,2022-05-25,02:13:00,2,MIERCOLES,3,MAYO,5,NO,CONDUCIR VEHICULO SUPERANDO LOS LIMITES MAXIMOS DE VELOCIDAD.,PERDIDA DE CARRIL,MOTOCICLETA,0,0,0,0,0,0,0,0,1,0,0,0,0,1,22,HOMBRE,LESIONADO,CONDUCTOR PRESENTE,NO,NO,3
30520,125919,125920,2022,2,0,-0.303351,-78.542555,PICHINCHA,QUITO,QUITO,URBANA,2022-05-25,07:10:00,7,MIERCOLES,3,MAYO,5,NO,NO TRANSITAR POR LAS ACERAS O ZONAS DE SEGURIDAD DESTINADAS PARA EL EFECTO.,ATROPELLOS,MOTOCICLETA,0,0,0,0,0,0,0,0,1,0,0,0,0,1,32,MUJER,LESIONADO,PEATON,NO,NO,1
30521,125928,125929,2022,4,0,-0.227656,-78.500274,PICHINCHA,QUITO,QUITO,URBANA,2022-05-25,12:30:00,12,MIERCOLES,3,MAYO,5,NO,CONDUCIR VEHICULO SUPERANDO LOS LIMITES MAXIMOS DE VELOCIDAD.,CHOQUE LATERAL,AUTOMOVIL,2,0,0,0,0,0,0,0,0,0,0,0,0,2,39,MUJER,LESIONADO,PASAJERO,NO,NO,1
30522,125937,125938,2022,2,0,-0.169107,-78.484968,PICHINCHA,QUITO,QUITO,URBANA,2022-05-25,16:30:00,16,MIERCOLES,3,MAYO,5,NO,NO MANTENER LA DISTANCIA PRUDENCIAL CON RESPECTO AL VEHICULO QUE LE ANTECEDE.,CHOQUE POSTERIOR,MOTOCICLETA,1,0,0,0,0,0,0,0,1,0,0,0,0,2,28,MUJER,LESIONADO,CONDUCTOR PRESENTE,NO,NO,1
30523,125940,125941,2022,2,0,-0.128622,-78.502396,PICHINCHA,QUITO,QUITO,URBANA,2022-05-25,17:45:00,17,MIERCOLES,3,MAYO,5,NO,NO CEDER EL DERECHO DE VIA O PREFERENCIA DE PASO A VEHICULOS.,CHOQUE LATERAL,MOTOCICLETA,1,0,0,0,0,0,0,0,1,0,0,0,0,2,31,HOMBRE,LESIONADO,PASAJERO,NO,NO,1
30524,125941,125942,2022,1,1,-0.105533,-78.433008,PICHINCHA,QUITO,CALDERON (CARAPUNGO),RURAL,2022-05-25,18:35:00,18,MIERCOLES,3,MAYO,5,NO,CONDUCIR VEHICULO SUPERANDO LOS LIMITES MAXIMOS DE VELOCIDAD.,CHOQUE LATERAL,MOTOCICLETA,1,0,0,0,0,0,0,0,1,0,0,0,0,2,36,HOMBRE,FALLECIDO,CONDUCTOR PRESENTE,NO,NO,3
30525,125944,125945,2022,0,1,-0.104545,-78.428285,PICHINCHA,QUITO,CALDERON (CARAPUNGO),RURAL,2022-05-25,21:15:00,21,MIERCOLES,3,MAYO,5,NO,CONDUCIR VEHICULO SUPERANDO LOS LIMITES MAXIMOS DE VELOCIDAD.,ARROLLAMIENTOS,NO IDENTIFICADO,0,0,0,0,0,0,0,0,0,1,0,0,0,1,35,HOMBRE,FALLECIDO,PEATON,NO,NO,3
30526,125964,125965,2022,1,0,-0.202021,-78.486322,PICHINCHA,QUITO,QUITO,URBANA,2022-05-26,06:45:00,6,JUEVES,4,MAYO,5,NO,"NO RESPETAR LAS SENIALES REGLAMENTARIAS DE TRANSITO. (PARE, CEDA EL PASO, LUZ ROJA DEL SEMAFORO, ETC).",CHOQUE LATERAL,MOTOCICLETA,0,0,0,0,0,0,0,0,1,1,0,0,0,2,26,HOMBRE,LESIONADO,CONDUCTOR PRESENTE,NO,NO,1
30527,125974,125975,2022,1,0,-0.366981,-78.550917,PICHINCHA,MEJIA,CUTUGLAHUA,RURAL,2022-05-26,12:30:00,12,JUEVES,4,MAYO,5,NO,"CONDUCIR DESATENTO A LAS CONDICIONES DE TRANSITO (CELULAR, PANTALLAS DE VIDEO, COMIDA, MAQUILLAJE O CUALQUIER OTRO ELEMENTO DISTRACTOR).",ESTRELLAMIENTOS,AUTOMOVIL,2,0,0,0,0,0,0,0,0,0,0,0,0,2,36,MUJER,LESIONADO,PASAJERO,NO,SI,3
30528,125985,125986,2022,0,0,-0.174549,-78.501027,PICHINCHA,QUITO,QUITO,URBANA,2022-05-26,14:30:00,14,JUEVES,4,MAYO,5,NO,"CONDUCE BAJO LA INFLUENCIA DE ALCOHOL, SUSTANCIAS ESTUPEFACIENTES O PSICOTROPICAS Y/O MEDICAMENTOS.",CHOQUE POSTERIOR,CAMIONETA,1,0,0,0,1,0,0,0,0,0,0,0,0,2,42,HOMBRE,ILESO,CONDUCTOR PRESENTE,NO,NO,1
30529,126006,126007,2022,0,0,-0.175463,-78.488111,PICHINCHA,QUITO,QUITO,URBANA,2022-05-27,00:25:00,0,VIERNES,5,MAYO,5,NO,"CONDUCE BAJO LA INFLUENCIA DE ALCOHOL, SUSTANCIAS ESTUPEFACIENTES O PSICOTROPICAS Y/O MEDICAMENTOS.",CHOQUE POSTERIOR,AUTOMOVIL,2,0,0,0,0,0,0,0,0,0,0,0,0,2,41,HOMBRE,ILESO,CONDUCTOR PRESENTE,NO,NO,1
30530,126014,126015,2022,2,0,-0.251979,-78.538896,PICHINCHA,QUITO,QUITO,URBANA,2022-05-27,07:17:00,7,VIERNES,5,MAYO,5,NO,CONDUCIR VEHICULO SUPERANDO LOS LIMITES MAXIMOS DE VELOCIDAD.,CHOQUE LATERAL,BUS,0,0,1,0,0,0,0,0,1,0,0,0,0,2,30,HOMBRE,LESIONADO,CONDUCTOR PRESENTE,NO,NO,1
30531,126018,126019,2022,1,0,-0.213026,-78.495918,PICHINCHA,QUITO,QUITO,URBANA,2022-05-27,09:40:00,9,VIERNES,5,MAYO,5,NO,"NO RESPETAR LAS SENIALES REGLAMENTARIAS DE TRANSITO. (PARE, CEDA EL PASO, LUZ ROJA DEL SEMAFORO, ETC).",ATROPELLOS,BUS,0,0,1,0,0,0,0,0,0,0,0,0,0,1,42,MUJER,LESIONADO,PEATON,NO,NO,1
30532,126020,126021,2022,1,0,-0.228507,-78.469207,PICHINCHA,QUITO,QUITO,URBANA,2022-05-27,10:00:00,10,VIERNES,5,MAYO,5,NO,CONDUCIR VEHICULO SUPERANDO LOS LIMITES MAXIMOS DE VELOCIDAD.,OTROS,CAMION,0,0,0,2,0,0,0,0,1,0,0,0,0,3,25,HOMBRE,LESIONADO,CONDUCTOR PRESENTE,NO,NO,1