,Unnamed: 0,ID,ANIO,LESIONADOS,FALLECIDOS,LATITUD_Y,LONGITUD_X,PROVINCIA,CANTON,PARROQUIA,ZONA,FECHA,HORA,PERIODO_2,DIA_1,DIA_2,MES_1,MES_2,FERIADO,CAUSA_PROBABLE,TIPO_DE_SINIESTRO,TIPO_DE_VEHICULO_1,AUTOMOVIL,BICICLETA,BUS,CAMION,CAMIONETA,EMERGENCIAS,ESPECIAL,FURGONETA,MOTOCICLETA,NO_IDENTIFICADO,SCOOTER_ELECTRICO,TRICIMOTO,VEHICULO_DEPORTIVO_UTILITARIO,SUMA_DE_VEHICULOS,EDAD_1,SEXO_1,CONDICION_1,PARTICIPANTE_1,CASCO_1,CINTURON_1,KMeans_Cluster
30533,126021,126022,2022,1,0,-0.242375,-78.512826,PICHINCHA,QUITO,QUITO,URBANA,2022-05-27,10:20:00,10,VIERNES,5,MAYO,5,NO,NO TRANSITAR POR LAS ACERAS O ZONAS DE SEGURIDAD DESTINADAS PARA EL EFECTO.,ATROPELLOS,BUS,0,0,1,0,0,0,0,0,0,0,0,0,0,1,56,HOMBRE,LESIONADO,PEATON,NO,NO,1
30534,126022,126023,2022,0,0,-0.446058,-78.688502,PICHINCHA,MEJIA,ALOAG,RURAL,2022-05-27,10:30:00,10,VIERNES,5,MAYO,5,NO,"CONDUCIR DESATENTO A LAS CONDICIONES DE TRANSITO (CELULAR, PANTALLAS DE VIDEO, COMIDA, MAQUILLAJE O CUALQUIER OTRO ELEMENTO DISTRACTOR).",VOLCAMIENTOS,CAMION,0,0,0,1,0,0,0,0,0,0,0,0,0,1,-1,NO IDENTIFICADO,NO IDENTIFICADO,CONDUCTOR AUSENTE,NO,NO,2
30535,126033,126034,2022,1,0,-0.351264,-78.475193,PICHINCHA,QUITO,AMAGUANIA,RURAL,2022-05-27,17:10:00,17,VIERNES,5,MAYO,5,NO,"NO RESPETAR LAS SENIALES REGLAMENTARIAS DE TRANSITO. (PARE, CEDA EL PASO, LUZ ROJA DEL SEMAFORO, ETC).",ROZAMIENTOS,MOTOCICLETA,0,0,0,0,0,0,0,0,1,1,0,0,0,2,37,HOMBRE,LESIONADO,CONDUCTOR PRESENTE,NO,NO,3
30536,126041,126042,2022,1,0,-0.106889,-78.441822,PICHINCHA,QUITO,CALDERON (CARAPUNGO),RURAL,2022-05-27,19:10:00,19,VIERNES,5,MAYO,5,NO,"CONDUCE BAJO LA INFLUENCIA DE ALCOHOL, SUSTANCIAS ESTUPEFACIENTES O PSICOTROPICAS Y/O MEDICAMENTOS.",CHOQUE LATERAL,MOTOCICLETA,1,0,0,0,0,0,0,0,1,0,0,0,0,2,54,HOMBRE,LESIONADO,CONDUCTOR PRESENTE,NO,NO,3
30537,126049,126050,2022,0,1,-0.285611,-78.560241,PICHINCHA,QUITO,QUITO,URBANA,2022-05-27,20:50:00,20,VIERNES,5,MAYO,5,NO,CONDUCIR VEHICULO SUPERANDO LOS LIMITES MAXIMOS DE VELOCIDAD.,ATROPELLOS,NO IDENTIFICADO,0,0,0,0,0,0,0,0,0,1,0,0,0,1,20,HOMBRE,FALLECIDO,PEATON,NO,NO,1
30538,126055,126056,2022,1,0,-0.098418,-78.470379,PICHINCHA,QUITO,QUITO,URBANA,2022-05-27,22:10:00,22,VIERNES,5,MAYO,5,NO,CONDUCIR VEHICULO SUPERANDO LOS LIMITES MAXIMOS DE VELOCIDAD.,PERDIDA DE CARRIL,MOTOCICLETA,0,0,0,0,0,0,0,0,1,0,0,0,0,1,21,HOMBRE,LESIONADO,PASAJERO,NO,NO,1
30539,126057,126058,2022,1,0,-0.334673,-78.550182,PICHINCHA,QUITO,QUITO,URBANA,2022-05-27,22:35:00,22,VIERNES,5,MAYO,5,NO,CONDUCIR VEHICULO SUPERANDO LOS LIMITES MAXIMOS DE VELOCIDAD.,ATROPELLOS,NO IDENTIFICADO,0,0,0,0,0,0,0,0,0,1,0,0,0,1,32,HOMBRE,LESIONADO,PEATON,NO,NO,1
30540,126058,126059,2022,1,0,-0.211754,-78.406725,PICHINCHA,QUITO,TUMBACO,RURAL,2022-05-27,22:45:00,22,VIERNES,5,MAYO,5,NO,NO CEDER EL DERECHO DE VIA O PREFERENCIA DE PASO A VEHICULOS.,CHOQUE LATERAL,MOTOCICLETA,0,0,0,0,0,0,0,0,1,1,0,0,0,2,29,HOMBRE,LESIONADO,CONDUCTOR PRESENTE,NO,NO,3
30541,126060,126061,2022,1,0,-0.105403,-78.497756,PICHINCHA,QUITO,QUITO,URBANA,2022-05-27,23:40:00,23,VIERNES,5,MAYO,5,NO,"NO RESPETAR LAS SENIALES REGLAMENTARIAS DE TRANSITO. (PARE, CEDA EL PASO, LUZ ROJA DEL SEMAFORO, ETC).",CHOQUE FRONTAL,AUTOMOVIL,2,0,0,0,0,0,0,0,0,0,0,0,0,2,27,MUJER,LESIONADO,PASAJERO,NO,NO,1
30542,126067,126068,2022,0,0,-0.201471,-78.508121,PICHINCHA,QUITO,QUITO,URBANA,2022-05-28,01:35:00,1,SABADO,6,MAYO,5,NO,CONDUCIR VEHICULO SUPERANDO LOS LIMITES MAXIMOS DE VELOCIDAD.,ESTRELLAMIENTOS,AUTOMOVIL,1,0,0,0,0,0,0,0,0,0,0,0,0,1,-1,NO IDENTIFICADO,NO IDENTIFICADO,CONDUCTOR AUSENTE,NO,NO,2
30543,126071,126072,2022,0,0,-0.217727,-78.491294,PICHINCHA,QUITO,QUITO,URBANA,2022-05-28,02:20:00,2,SABADO,6,MAYO,5,NO,CONDUCIR VEHICULO SUPERANDO LOS LIMITES MAXIMOS DE VELOCIDAD.,ESTRELLAMIENTOS,AUTOMOVIL,1,0,0,0,0,0,0,0,0,0,0,0,0,1,33,HOMBRE,ILESO,CONDUCTOR PRESENTE,NO,NO,1
30544,126087,126088,2022,0,0,0.015529,-78.479304,PICHINCHA,QUITO,CALACALI,RURAL,2022-05-28,08:58:00,8,SABADO,6,MAYO,5,NO,"CONDUCIR DESATENTO A LAS CONDICIONES DE TRANSITO (CELULAR, PANTALLAS DE VIDEO, COMIDA, MAQUILLAJE O CUALQUIER OTRO ELEMENTO DISTRACTOR).",CHOQUE LATERAL,AUTOMOVIL,2,0,0,0,0,0,0,0,0,0,0,0,0,2,39,HOMBRE,ILESO,CONDUCTOR PRESENTE,NO,SI,3
30545,126092,126093,2022,1,0,-0.236227,-78.526816,PICHINCHA,QUITO,QUITO,URBANA,2022-05-28,10:25:00,10,SABADO,6,MAYO,5,NO,"NO RESPETAR LAS SENIALES REGLAMENTARIAS DE TRANSITO. (PARE, CEDA EL PASO, LUZ ROJA DEL SEMAFORO, ETC).",ARROLLAMIENTOS,BUS,0,0,1,0,0,0,0,0,0,0,0,0,0,1,56,MUJER,LESIONADO,PEATON,NO,NO,1
30546,126093,126094,2022,1,0,-0.196886,-78.483551,PICHINCHA,QUITO,QUITO,URBANA,2022-05-28,11:20:00,11,SABADO,6,MAYO,5,NO,"NO RESPETAR LAS SENIALES REGLAMENTARIAS DE TRANSITO. (PARE, CEDA EL PASO, LUZ ROJA DEL SEMAFORO, ETC).",CHOQUE LATERAL,BUS,0,1,1,0,0,0,0,0,0,0,0,0,0,2,33,MUJER,LESIONADO,CONDUCTOR PRESENTE,SI,NO,1
30547,126105,126106,2022,0,0,-0.205566,-78.484265,PICHINCHA,QUITO,QUITO,URBANA,2022-05-28,15:45:00,15,SABADO,6,MAYO,5,NO,"CONDUCE BAJO LA INFLUENCIA DE ALCOHOL, SUSTANCIAS ESTUPEFACIENTES O PSICOTROPICAS Y/O MEDICAMENTOS.",OTROS,AUTOMOVIL,3,0,0,0,0,0,0,0,0,0,0,0,0,3,22,MUJER,ILESO,CONDUCTOR PRESENTE,NO,NO,1
30548,126112,126113,2022,0,0,-0.252627,-78.530997,PICHINCHA,QUITO,QUITO,URBANA,2022-05-28,17:45:00,17,SABADO,6,MAYO,5,NO,CONDUCIR VEHICULO SUPERANDO LOS LIMITES MAXIMOS DE VELOCIDAD.,ESTRELLAMIENTOS,AUTOMOVIL,1,0,0,0,0,0,0,0,0,0,0,0,0,1,-1,NO IDENTIFICADO,NO IDENTIFICADO,CONDUCTOR AUSENTE,NO,NO,2
30549,126116,126117,2022,1,0,-0.283539,-78.488689,PICHINCHA,QUITO,CONOCOTO,RURAL,2022-05-28,18:30:00,18,SABADO,6,MAYO,5,NO,CONDUCIR VEHICULO SUPERANDO LOS LIMITES MAXIMOS DE VELOCIDAD.,PERDIDA DE CARRIL,MOTOCICLETA,0,0,0,0,0,0,0,0,1,0,0,0,0,1,35,HOMBRE,LESIONADO,PASAJERO,NO,NO,3
30550,126159,126160,2022,0,0,-0.123456,-78.503381,PICHINCHA,QUITO,QUITO,URBANA,2022-05-29,03:10:00,3,DOMINGO,7,MAYO,5,NO,CONDUCIR VEHICULO SUPERANDO LOS LIMITES MAXIMOS DE VELOCIDAD.,ESTRELLAMIENTOS,AUTOMOVIL,1,0,0,0,0,0,0,0,0,0,0,0,0,1,50,HOMBRE,ILESO,CONDUCTOR PRESENTE,NO,NO,1
30551,126164,126165,2022,0,0,0.006088,-78.464992,PICHINCHA,QUITO,SAN ANTONIO (QUITO),RURAL,2022-05-29,04:00:00,4,DOMINGO,7,MAYO,5,NO,CONDUCIR EN SENTIDO CONTRARIO A LA VIA NORMAL DE CIRCULACION.,CHOQUE LATERAL,AUTOMOVIL,2,0,0,0,0,0,0,0,0,0,0,0,0,2,21,HOMBRE,ILESO,CONDUCTOR PRESENTE,NO,SI,3
30552,126166,126167,2022,0,0,-0.464883,-78.577325,PICHINCHA,MEJIA,ALOAG,RURAL,2022-05-29,04:30:00,4,DOMINGO,7,MAYO,5,NO,"CONDUCIR DESATENTO A LAS CONDICIONES DE TRANSITO (CELULAR, PANTALLAS DE VIDEO, COMIDA, MAQUILLAJE O CUALQUIER OTRO ELEMENTO DISTRACTOR).",CHOQUE LATERAL,VEHICULO DEPORTIVO UTILITARIO,1,0,0,0,0,0,0,0,0,0,0,0,1,2,31,HOMBRE,ILESO,CONDUCTOR PRESENTE,NO,NO,3
30553,126167,126168,2022,1,0,-0.219499,-78.520769,PICHINCHA,QUITO,QUITO,URBANA,2022-05-29,04:45:00,4,DOMINGO,7,MAYO,5,NO,CONDUCIR VEHICULO SUPERANDO LOS LIMITES MAXIMOS DE VELOCIDAD.,PERDIDA DE CARRIL,MOTOCICLETA,0,0,0,0,0,0,0,0,1,0,0,0,0,1,27,HOMBRE,LESIONADO,PASAJERO,NO,NO,1
30554,126168,126169,2022,0,0,-0.186502,-78.482678,PICHINCHA,QUITO,QUITO,URBANA,2022-05-29,05:10:00,5,DOMINGO,7,MAYO,5,NO,CONDUCIR VEHICULO SUPERANDO LOS LIMITES MAXIMOS DE VELOCIDAD.,ESTRELLAMIENTOS,AUTOMOVIL,1,0,0,0,0,0,0,0,0,0,0,0,0,1,-1,NO IDENTIFICADO,NO IDENTIFICADO,CONDUCTOR AUSENTE,NO,NO,2
30555,126174,126175,2022,0,0,-0.084265,-78.506865,PICHINCHA,QUITO,QUITO,URBANA,2022-05-29,06:50:00,6,DOMINGO,7,MAYO,5,NO,CONDUCIR VEHICULO SUPERANDO LOS LIMITES MAXIMOS DE VELOCIDAD.,ESTRELLAMIENTOS,AUTOMOVIL,1,0,0,0,0,0,0,0,0,0,0,0,0,1,-1,NO IDENTIFICADO,NO IDENTIFICADO,CONDUCTOR AUSENTE,NO,NO,2
30556,126175,126176,2022,2,0,-0.190796,-78.458163,PICHINCHA,QUITO,QUITO,URBANA,2022-05-29,07:10:00,7,DOMINGO,7,MAYO,5,NO,"CONDUCE BAJO LA INFLUENCIA DE ALCOHOL, SUSTANCIAS ESTUPEFACIENTES O PSICOTROPICAS Y/O MEDICAMENTOS.",CHOQUE FRONTAL,AUTOMOVIL,3,0,0,0,0,0,0,0,0,0,0,0,0,3,31,HOMBRE,LESIONADO,CONDUCTOR PRESENTE,NO,NO,1
30557,126176,126177,2022,0,0,0.028618,-78.270564,PICHINCHA,PEDRO MONCAYO,TOCACHI,RURAL,2022-05-29,07:30:00,7,DOMINGO,7,MAYO,5,NO,"CONDUCIR DESATENTO A LAS CONDICIONES DE TRANSITO (CELULAR, PANTALLAS DE VIDEO, COMIDA, MAQUILLAJE O CUALQUIER OTRO ELEMENTO DISTRACTOR).",PERDIDA DE CARRIL,CAMION,1,0,0,2,0,0,0,0,0,0,0,0,0,3,47,HOMBRE,ILESO,CONDUCTOR PRESENTE,NO,SI,3
30558,126178,126179,2022,2,0,-0.164529,-78.447827,PICHINCHA,QUITO,QUITO,URBANA,2022-05-29,07:45:00,7,DOMINGO,7,MAYO,5,NO,CONDUCIR VEHICULO SUPERANDO LOS LIMITES MAXIMOS DE VELOCIDAD.,OTROS,AUTOMOVIL,2,0,0,0,0,0,0,0,0,0,0,0,0,2,40,MUJER,LESIONADO,PASAJERO,NO,NO,1
30559,126180,126181,2022,0,0,-0.250541,-78.534061,PICHINCHA,QUITO,QUITO,URBANA,2022-05-29,08:25:00,8,DOMINGO,7,MAYO,5,NO,CONDUCIR VEHICULO SUPERANDO LOS LIMITES MAXIMOS DE VELOCIDAD.,ESTRELLAMIENTOS,CAMIONETA,0,0,0,0,1,0,0,0,0,0,0,0,0,1,-1,NO IDENTIFICADO,NO IDENTIFICADO,CONDUCTOR AUSENTE,NO,NO,2
30560,126185,126186,2022,0,0,-0.208561,-78.504503,PICHINCHA,QUITO,QUITO,URBANA,2022-05-29,10:30:00,10,DOMINGO,7,MAYO,5,NO,"CONDUCE BAJO LA INFLUENCIA DE ALCOHOL, SUSTANCIAS ESTUPEFACIENTES O PSICOTROPICAS Y/O MEDICAMENTOS.",CHOQUE LATERAL,AUTOMOVIL,2,0,0,0,0,0,0,0,0,0,0,0,0,2,67,HOMBRE,ILESO,CONDUCTOR PRESENTE,NO,NO,1
30561,126194,126195,2022,1,0,-0.160461,-78.329447,PICHINCHA,QUITO,YARUQUI,RURAL,2022-05-29,14:30:00,14,DOMINGO,7,MAYO,5,NO,NO CEDER EL DERECHO DE VIA O PREFERENCIA DE PASO A VEHICULOS.,CHOQUE LATERAL,BICICLETA,1,1,0,0,0,0,0,0,0,0,0,0,0,2,9,HOMBRE,LESIONADO,PASAJERO,NO,NO,3
30562,126199,126200,2022,0,0,-0.240554,-78.516601,PICHINCHA,QUITO,QUITO,URBANA,2022-05-29,16:40:00,16,DOMINGO,7,MAYO,5,NO,CONDUCIR VEHICULO SUPERANDO LOS LIMITES MAXIMOS DE VELOCIDAD.,ESTRELLAMIENTOS,AUTOMOVIL,1,0,0,0,0,0,0,0,0,0,0,0,0,1,-1,NO IDENTIFICADO,NO IDENTIFICADO,CONDUCTOR AUSENTE,NO,NO,2
30563,126212,126213,2022,0,0,-0.090783,-78.474672,PICHINCHA,QUITO,QUITO,URBANA,2022-05-29,19:15:00,19,DOMINGO,7,MAYO,5,NO,"CONDUCE BAJO LA INFLUENCIA DE ALCOHOL, SUSTANCIAS ESTUPEFACIENTES O PSICOTROPICAS Y/O MEDICAMENTOS.",CHOQUE POSTERIOR,AUTOMOVIL,2,0,0,0,0,0,0,0,0,0,0,0,0,2,29,HOMBRE,ILESO,CONDUCTOR PRESENTE,NO,NO,1
30564,126220,126221,2022,1,0,-0.302958,-78.551248,PICHINCHA,QUITO,QUITO,URBANA,2022-05-29,21:30:00,21,DOMINGO,7,MAYO,5,NO,"CONDUCE BAJO LA INFLUENCIA DE ALCOHOL, SUSTANCIAS ESTUPEFACIENTES O PSICOTROPICAS Y/O MEDICAMENTOS.",CHOQUE LATERAL,AUTOMOVIL,2,0,0,0,0,0,0,0,0,0,0,0,0,2,20,MUJER,LESIONADO,PASAJERO,NO,NO,1
30565,126222,126223,2022,0,0,-0.207031,-78.499685,PICHINCHA,QUITO,QUITO,URBANA,2022-05-29,22:20:00,22,DOMINGO,7,MAYO,5,NO,CONDUCIR VEHICULO SUPERANDO LOS LIMITES MAXIMOS DE VELOCIDAD.,ESTRELLAMIENTOS,AUTOMOVIL,1,0,0,0,0,0,0,0,0,0,0,0,0,1,-1,NO IDENTIFICADO,NO IDENTIFICADO,CONDUCTOR AUSENTE,NO,NO,2
30566,126229,126230,2022,1,0,-0.033308,-78.280863,PICHINCHA,CAYAMBE,SANTA ROSA DE CUZUBAMBA,RURAL,2022-05-30,00:15:00,0,LUNES,1,MAYO,5,NO,"CONDUCIR DESATENTO A LAS CONDICIONES DE TRANSITO (CELULAR, PANTALLAS DE VIDEO, COMIDA, MAQUILLAJE O CUALQUIER OTRO ELEMENTO DISTRACTOR).",PERDIDA DE CARRIL,BUS,1,0,1,0,0,0,0,0,0,0,0,0,0,2,31,HOMBRE,LESIONADO,CONDUCTOR PRESENTE,NO,SI,3
30567,126234,126235,2022,0,0,-0.210658,-78.415081,PICHINCHA,QUITO,TUMBACO,RURAL,2022-05-30,06:18:00,6,LUNES,1,MAYO,5,NO,NO GUARDAR LA DISTANCIA LATERAL MINIMA DE SEGURIDAD ENTRE VEHICULOS.,ROZAMIENTOS,BUS,0,0,1,0,0,0,0,0,0,1,0,0,0,2,31,HOMBRE,ILESO,CONDUCTOR PRESENTE,NO,NO,3
30568,126239,126240,2022,0,0,-0.175376,-78.487301,PICHINCHA,QUITO,QUITO,URBANA,2022-05-30,10:29:00,10,LUNES,1,MAYO,5,NO,"NO RESPETAR LAS SENIALES REGLAMENTARIAS DE TRANSITO. (PARE, CEDA EL PASO, LUZ ROJA DEL SEMAFORO, ETC).",CHOQUE LATERAL,AUTOMOVIL,2,0,0,0,0,0,0,0,0,0,0,0,0,2,61,HOMBRE,ILESO,PASAJERO,NO,NO,1
30569,126241,126242,2022,0,0,-0.121016,-78.480087,PICHINCHA,QUITO,QUITO,URBANA,2022-05-30,11:00:00,11,LUNES,1,MAYO,5,NO,NO MANTENER LA DISTANCIA PRUDENCIAL CON RESPECTO AL VEHICULO QUE LE ANTECEDE.,COLISION,AUTOMOVIL,3,0,0,0,0,0,0,0,0,0,0,0,0,3,40,HOMBRE,ILESO,PASAJERO,NO,NO,1
30570,126251,126252,2022,0,0,-0.220868,-78.508738,PICHINCHA,QUITO,QUITO,URBANA,2022-05-30,15:40:00,15,LUNES,1,MAYO,5,NO,"NO RESPETAR LAS SENIALES REGLAMENTARIAS DE TRANSITO. (PARE, CEDA EL PASO, LUZ ROJA DEL SEMAFORO, ETC).",CHOQUE LATERAL,BUS,1,0,1,0,0,0,0,0,0,0,0,0,0,2,56,HOMBRE,ILESO,CONDUCTOR PRESENTE,NO,NO,1
30571,126252,126253,2022,1,0,-0.260177,-78.545957,PICHINCHA,QUITO,QUITO,URBANA,2022-05-30,15:50:00,15,LUNES,1,MAYO,5,NO,NO MANTENER LA DISTANCIA PRUDENCIAL CON RESPECTO AL VEHICULO QUE LE ANTECEDE.,CHOQUE POSTERIOR,MOTOCICLETA,1,0,0,0,0,0,0,0,1,0,0,0,0,2,35,HOMBRE,LESIONADO,CONDUCTOR PRESENTE,NO,NO,1
30572,126255,126256,2022,0,0,-0.245506,-78.476379,PICHINCHA,QUITO,QUITO,URBANA,2022-05-30,16:06:00,16,LUNES,1,MAYO,5,NO,CONDUCIR VEHICULO SUPERANDO LOS LIMITES MAXIMOS DE VELOCIDAD.,ESTRELLAMIENTOS,CAMION,0,0,0,1,0,0,0,0,0,0,0,0,0,1,55,HOMBRE,ILESO,CONDUCTOR PRESENTE,NO,NO,1
30573,126267,126268,2022,0,0,-0.310852,-78.472173,PICHINCHA,QUITO,CONOCOTO,RURAL,2022-05-30,20:45:00,20,LUNES,1,MAYO,5,NO,CONDUCIR VEHICULO SUPERANDO LOS LIMITES MAXIMOS DE VELOCIDAD.,OTROS,MOTOCICLETA,0,0,0,0,0,0,0,0,1,0,0,0,0,1,-1,NO IDENTIFICADO,NO IDENTIFICADO,CONDUCTOR AUSENTE,NO,NO,2
30574,126272,126273,2022,0,0,-0.119395,-78.471239,PICHINCHA,QUITO,QUITO,URBANA,2022-05-31,01:50:00,1,MARTES,2,MAYO,5,NO,"CONDUCE BAJO LA INFLUENCIA DE ALCOHOL, SUSTANCIAS ESTUPEFACIENTES O PSICOTROPICAS Y/O MEDICAMENTOS.",ESTRELLAMIENTOS,AUTOMOVIL,2,0,0,0,0,0,0,0,0,0,0,0,0,2,36,HOMBRE,ILESO,PASAJERO,NO,NO,1
30575,126273,126274,2022,0,0,-0.220898,-78.393448,PICHINCHA,QUITO,TUMBACO,RURAL,2022-05-31,02:25:00,2,MARTES,2,MAYO,5,NO,"CONDUCIR EN ESTADO DE SOMNOLENCIA O MALAS CONDICIONES FISICAS (SUENIO, CANSANCIO Y FATIGA).",ESTRELLAMIENTOS,AUTOMOVIL,1,0,0,0,0,0,0,0,0,0,0,0,0,1,36,HOMBRE,ILESO,CONDUCTOR PRESENTE,NO,NO,3
30576,126281,126282,2022,1,0,-0.154121,-78.469789,PICHINCHA,QUITO,QUITO,URBANA,2022-05-31,07:50:00,7,MARTES,2,MAYO,5,NO,PEATON QUE CRUZA LA CALZADA SIN RESPETAR LA SENIALIZACION EXISTENTE (SEMAFOROS O SENIALES MANUALES).,ATROPELLOS,MOTOCICLETA,0,0,0,0,0,0,0,0,1,0,0,0,0,1,53,MUJER,LESIONADO,PEATON,NO,NO,1
30577,126282,126283,2022,12,0,-0.197864,-78.444324,PICHINCHA,QUITO,CUMBAYA,RURAL,2022-05-31,08:00:00,8,MARTES,2,MAYO,5,NO,CONDUCIR VEHICULO SUPERANDO LOS LIMITES MAXIMOS DE VELOCIDAD.,ESTRELLAMIENTOS,BUS,0,0,1,0,0,0,0,0,0,0,0,0,0,1,50,MUJER,LESIONADO,PASAJERO,NO,NO,3
30578,126293,126294,2022,0,0,-0.385164,-78.818877,PICHINCHA,MEJIA,MANUEL CORNEJO ASTORGA,RURAL,2022-05-31,12:47:00,12,MARTES,2,MAYO,5,NO,REALIZAR CAMBIO BRUSCO O INDEBIDO DE CARRIL.,CHOQUE LATERAL,BUS,0,0,1,0,0,0,0,0,0,0,0,0,1,2,39,HOMBRE,ILESO,CONDUCTOR PRESENTE,NO,NO,3
30579,126300,126301,2022,0,0,-0.182853,-78.507543,PICHINCHA,QUITO,QUITO,URBANA,2022-05-31,15:20:00,15,MARTES,2,MAYO,5,NO,"NO RESPETAR LAS SENIALES REGLAMENTARIAS DE TRANSITO. (PARE, CEDA EL PASO, LUZ ROJA DEL SEMAFORO, ETC).",CHOQUE POSTERIOR,CAMIONETA,1,0,0,0,1,0,0,0,0,0,0,0,0,2,43,HOMBRE,ILESO,CONDUCTOR PRESENTE,NO,NO,1
30580,126304,126305,2022,1,0,-0.087706,-78.425321,PICHINCHA,QUITO,CALDERON (CARAPUNGO),RURAL,2022-05-31,17:30:00,17,MARTES,2,MAYO,5,NO,NO TRANSITAR POR LAS ACERAS O ZONAS DE SEGURIDAD DESTINADAS PARA EL EFECTO.,ATROPELLOS,AUTOMOVIL,1,0,0,0,0,0,0,0,0,0,0,0,0,1,42,MUJER,LESIONADO,PEATON,NO,NO,3
30581,126305,126306,2022,1,0,-0.291094,-78.545741,PICHINCHA,QUITO,QUITO,URBANA,2022-05-31,17:40:00,17,MARTES,2,MAYO,5,NO,"CONDUCE BAJO LA INFLUENCIA DE ALCOHOL, SUSTANCIAS ESTUPEFACIENTES O PSICOTROPICAS Y/O MEDICAMENTOS.",ATROPELLOS,AUTOMOVIL,1,0,0,0,0,0,0,0,0,0,0,0,0,1,38,HOMBRE,LESIONADO,PEATON,NO,NO,1
30582,126308,126309,2022,0,0,-0.277422,-78.556561,PICHINCHA,QUITO,QUITO,URBANA,2022-05-31,19:45:00,19,MARTES,2,MAYO,5,NO,"CONDICIONES AMBIENTALES Y/O ATMOSFERICAS (NIEBLA, NEBLINA, GRANIZO, LLUVIA).",CHOQUE LATERAL,AUTOMOVIL,2,0,0,0,0,0,0,0,0,0,0,0,0,2,9,HOMBRE,ILESO,PASAJERO,NO,NO,1
30583,126313,126314,2022,1,0,-0.207151,-78.506201,PICHINCHA,QUITO,QUITO,URBANA,2022-05-31,22:32:00,22,MARTES,2,MAYO,5,NO,REALIZAR CAMBIO BRUSCO O INDEBIDO DE CARRIL.,CHOQUE LATERAL,MOTOCICLETA,1,0,0,0,0,0,0,0,1,0,0,0,0,2,20,MUJER,LESIONADO,PASAJERO,NO,NO,1
30584,126320,126321,2022,3,0,-0.237892,-78.516054,PICHINCHA,QUITO,QUITO,URBANA,2022-06-01,07:02:00,7,MIERCOLES,3,JUNIO,6,NO,"NO RESPETAR LAS SENIALES REGLAMENTARIAS DE TRANSITO. (PARE, CEDA EL PASO, LUZ ROJA DEL SEMAFORO, ETC).",CHOQUE LATERAL,MOTOCICLETA,1,0,0,0,0,0,0,0,1,0,0,0,0,2,26,MUJER,LESIONADO,PASAJERO,NO,NO,1
30585,126327,126328,2022,0,1,-0.219725,-78.520831,PICHINCHA,QUITO,QUITO,URBANA,2022-06-01,10:20:00,10,MIERCOLES,3,JUNIO,6,NO,NO TRANSITAR POR LAS ACERAS O ZONAS DE SEGURIDAD DESTINADAS PARA EL EFECTO.,ATROPELLOS,NO IDENTIFICADO,0,0,0,0,0,0,0,0,0,1,0,0,0,1,50,HOMBRE,FALLECIDO,PEATON,NO,NO,1
30586,126332,126333,2022,2,0,-0.248725,-78.489631,PICHINCHA,QUITO,QUITO,URBANA,2022-06-01,13:23:00,13,MIERCOLES,3,JUNIO,6,NO,"FALLA MECANICA EN LOS SISTEMAS Y/O NEUMATICOS (SISTEMA DE FRENOS, DIRECCION, ELECTRONICO O MECANICO).",VOLCAMIENTOS,CAMIONETA,0,0,0,0,1,0,0,0,0,0,0,0,0,1,59,MUJER,LESIONADO,PASAJERO,NO,NO,1
30587,126337,126338,2022,1,0,-0.243424,-78.518601,PICHINCHA,QUITO,QUITO,URBANA,2022-06-01,15:30:00,15,MIERCOLES,3,JUNIO,6,NO,"CONDICIONES AMBIENTALES Y/O ATMOSFERICAS (NIEBLA, NEBLINA, GRANIZO, LLUVIA).",CHOQUE LATERAL,MOTOCICLETA,0,0,0,0,0,0,0,0,1,1,0,0,0,2,32,HOMBRE,LESIONADO,CONDUCTOR PRESENTE,NO,NO,1
30588,126338,126339,2022,2,0,-0.277003,-78.557208,PICHINCHA,QUITO,QUITO,URBANA,2022-06-01,15:45:00,15,MIERCOLES,3,JUNIO,6,NO,"CONDICIONES AMBIENTALES Y/O ATMOSFERICAS (NIEBLA, NEBLINA, GRANIZO, LLUVIA).",CHOQUE LATERAL,BUS,0,0,1,0,1,0,0,0,0,0,0,0,0,2,36,HOMBRE,LESIONADO,PASAJERO,NO,NO,1
30589,126340,126341,2022,0,0,-0.176588,-78.488488,PICHINCHA,QUITO,QUITO,URBANA,2022-06-01,16:40:00,16,MIERCOLES,3,JUNIO,6,NO,"FALLA MECANICA EN LOS SISTEMAS Y/O NEUMATICOS (SISTEMA DE FRENOS, DIRECCION, ELECTRONICO O MECANICO).",PERDIDA DE CARRIL,AUTOMOVIL,1,0,0,0,0,0,0,0,0,0,0,0,0,1,31,MUJER,ILESO,CONDUCTOR PRESENTE,NO,NO,1
30590,126346,126347,2022,0,0,-0.257363,-78.502446,PICHINCHA,QUITO,QUITO,URBANA,2022-06-01,17:30:00,17,MIERCOLES,3,JUNIO,6,NO,CONDUCIR VEHICULO SUPERANDO LOS LIMITES MAXIMOS DE VELOCIDAD.,ESTRELLAMIENTOS,AUTOMOVIL,1,0,0,0,0,0,0,0,0,0,0,0,0,1,51,HOMBRE,ILESO,CONDUCTOR PRESENTE,NO,NO,1
30591,126353,126354,2022,1,0,-0.206648,-78.500998,PICHINCHA,QUITO,QUITO,URBANA,2022-06-01,18:15:00,18,MIERCOLES,3,JUNIO,6,NO,NO CEDER EL DERECHO DE VIA O PREFERENCIA DE PASO A VEHICULOS.,CHOQUE LATERAL,BICICLETA,0,1,0,0,0,0,0,0,0,1,0,0,0,2,17,HOMBRE,LESIONADO,CONDUCTOR PRESENTE,NO,NO,1