,Unnamed: 0,ID,ANIO,LESIONADOS,FALLECIDOS,LATITUD_Y,LONGITUD_X,PROVINCIA,CANTON,PARROQUIA,ZONA,FECHA,HORA,PERIODO_2,DIA_1,DIA_2,MES_1,MES_2,FERIADO,CAUSA_PROBABLE,TIPO_DE_SINIESTRO,TIPO_DE_VEHICULO_1,AUTOMOVIL,BICICLETA,BUS,CAMION,CAMIONETA,EMERGENCIAS,ESPECIAL,FURGONETA,MOTOCICLETA,NO_IDENTIFICADO,SCOOTER_ELECTRICO,TRICIMOTO,VEHICULO_DEPORTIVO_UTILITARIO,SUMA_DE_VEHICULOS,EDAD_1,SEXO_1,CONDICION_1,PARTICIPANTE_1,CASCO_1,CINTURON_1,KMeans_Cluster
30592,126361,126362,2022,0,0,-0.193511,-78.445422,PICHINCHA,QUITO,NAYON,RURAL,2022-06-01,19:15:00,19,MIERCOLES,3,JUNIO,6,NO,NO CEDER EL DERECHO DE VIA O PREFERENCIA DE PASO A VEHICULOS.,CHOQUE FRONTAL,CAMIONETA,1,0,0,0,1,0,0,0,0,0,0,0,0,2,45,HOMBRE,ILESO,CONDUCTOR PRESENTE,NO,NO,3
30593,126362,126363,2022,0,0,-0.172422,-78.494723,PICHINCHA,QUITO,QUITO,URBANA,2022-06-01,19:20:00,19,MIERCOLES,3,JUNIO,6,NO,"NO RESPETAR LAS SENIALES REGLAMENTARIAS DE TRANSITO. (PARE, CEDA EL PASO, LUZ ROJA DEL SEMAFORO, ETC).",CHOQUE LATERAL,AUTOMOVIL,2,0,0,0,0,0,0,0,0,0,0,0,0,2,34,HOMBRE,ILESO,CONDUCTOR PRESENTE,NO,NO,1
30594,126366,126367,2022,0,0,-0.262534,-78.548297,PICHINCHA,QUITO,QUITO,URBANA,2022-06-01,20:55:00,20,MIERCOLES,3,JUNIO,6,NO,"NO RESPETAR LAS SENIALES REGLAMENTARIAS DE TRANSITO. (PARE, CEDA EL PASO, LUZ ROJA DEL SEMAFORO, ETC).",OTROS,AUTOMOVIL,1,0,0,0,0,0,0,0,0,0,0,0,0,1,-1,NO IDENTIFICADO,NO IDENTIFICADO,CONDUCTOR AUSENTE,NO,NO,2
30595,126373,126374,2022,0,0,-0.232311,-78.500822,PICHINCHA,QUITO,QUITO,URBANA,2022-06-02,06:00:00,6,JUEVES,4,JUNIO,6,NO,CONDUCIR VEHICULO SUPERANDO LOS LIMITES MAXIMOS DE VELOCIDAD.,PERDIDA DE CARRIL,BUS,0,0,1,0,0,0,0,0,0,0,0,0,0,1,52,HOMBRE,ILESO,CONDUCTOR PRESENTE,NO,NO,1
30596,126374,126375,2022,1,0,-0.155558,-78.465893,PICHINCHA,QUITO,QUITO,URBANA,2022-06-02,06:26:00,6,JUEVES,4,JUNIO,6,NO,"NO RESPETAR LAS SENIALES REGLAMENTARIAS DE TRANSITO. (PARE, CEDA EL PASO, LUZ ROJA DEL SEMAFORO, ETC).",CHOQUE LATERAL,MOTOCICLETA,0,0,0,0,0,0,0,0,1,1,0,0,0,2,23,HOMBRE,LESIONADO,CONDUCTOR PRESENTE,NO,NO,1
30597,126384,126385,2022,0,0,-0.189521,-78.513008,PICHINCHA,QUITO,QUITO,URBANA,2022-06-02,10:45:00,10,JUEVES,4,JUNIO,6,NO,NO GUARDAR LA DISTANCIA LATERAL MINIMA DE SEGURIDAD ENTRE VEHICULOS.,ROZAMIENTOS,AUTOMOVIL,2,0,0,0,0,0,0,0,0,0,0,0,0,2,43,MUJER,ILESO,CONDUCTOR PRESENTE,NO,NO,1
30598,126386,126387,2022,1,0,-0.251271,-78.528821,PICHINCHA,QUITO,QUITO,URBANA,2022-06-02,11:43:00,11,JUEVES,4,JUNIO,6,NO,REALIZAR CAMBIO BRUSCO O INDEBIDO DE CARRIL.,CHOQUE LATERAL,MOTOCICLETA,0,0,0,0,1,0,0,0,1,0,0,0,0,2,47,HOMBRE,LESIONADO,CONDUCTOR PRESENTE,NO,NO,1
30599,126394,126395,2022,1,0,-0.211082,-78.498171,PICHINCHA,QUITO,QUITO,URBANA,2022-06-02,13:29:00,13,JUEVES,4,JUNIO,6,NO,"NO RESPETAR LAS SENIALES REGLAMENTARIAS DE TRANSITO. (PARE, CEDA EL PASO, LUZ ROJA DEL SEMAFORO, ETC).",CHOQUE LATERAL,MOTOCICLETA,0,0,0,0,0,0,0,0,2,0,0,0,0,2,48,HOMBRE,LESIONADO,CONDUCTOR PRESENTE,NO,NO,1
30600,126417,126418,2022,0,0,-0.213557,-78.515897,PICHINCHA,QUITO,QUITO,URBANA,2022-06-03,00:15:00,0,VIERNES,5,JUNIO,6,NO,"CONDICIONES AMBIENTALES Y/O ATMOSFERICAS (NIEBLA, NEBLINA, GRANIZO, LLUVIA).",ESTRELLAMIENTOS,AUTOMOVIL,1,0,0,0,0,0,0,0,0,0,0,0,0,1,-1,NO IDENTIFICADO,NO IDENTIFICADO,CONDUCTOR AUSENTE,NO,NO,2
30601,126418,126419,2022,0,0,-0.219884,-78.390696,PICHINCHA,QUITO,TUMBACO,RURAL,2022-06-03,00:45:00,0,VIERNES,5,JUNIO,6,NO,CONDUCIR VEHICULO SUPERANDO LOS LIMITES MAXIMOS DE VELOCIDAD.,ESTRELLAMIENTOS,AUTOMOVIL,1,0,0,0,0,0,0,0,0,0,0,0,0,1,30,MUJER,ILESO,CONDUCTOR PRESENTE,NO,NO,3
30602,126419,126420,2022,0,0,-0.235576,-78.509421,PICHINCHA,QUITO,QUITO,URBANA,2022-06-03,01:00:00,1,VIERNES,5,JUNIO,6,NO,CONDUCIR VEHICULO SUPERANDO LOS LIMITES MAXIMOS DE VELOCIDAD.,ESTRELLAMIENTOS,AUTOMOVIL,1,0,0,0,0,0,0,0,0,0,0,0,0,1,-1,NO IDENTIFICADO,NO IDENTIFICADO,CONDUCTOR AUSENTE,NO,NO,2
30603,126422,126423,2022,0,0,-0.108093,-78.503536,PICHINCHA,QUITO,QUITO,URBANA,2022-06-03,04:40:00,4,VIERNES,5,JUNIO,6,NO,"CONDICIONES AMBIENTALES Y/O ATMOSFERICAS (NIEBLA, NEBLINA, GRANIZO, LLUVIA).",ESTRELLAMIENTOS,AUTOMOVIL,1,0,0,0,0,0,0,0,0,0,0,0,0,1,-1,NO IDENTIFICADO,NO IDENTIFICADO,CONDUCTOR AUSENTE,NO,NO,2
30604,126423,126424,2022,0,0,-0.151785,-78.497911,PICHINCHA,QUITO,QUITO,URBANA,2022-06-03,04:50:00,4,VIERNES,5,JUNIO,6,NO,"CONDICIONES AMBIENTALES Y/O ATMOSFERICAS (NIEBLA, NEBLINA, GRANIZO, LLUVIA).",ESTRELLAMIENTOS,AUTOMOVIL,1,0,0,0,0,0,0,0,0,0,0,0,0,1,45,HOMBRE,ILESO,PASAJERO,NO,NO,1
30605,126436,126437,2022,0,0,-0.133466,-78.494999,PICHINCHA,QUITO,QUITO,URBANA,2022-06-03,09:15:00,9,VIERNES,5,JUNIO,6,NO,"CONDICIONES AMBIENTALES Y/O ATMOSFERICAS (NIEBLA, NEBLINA, GRANIZO, LLUVIA).",CHOQUE LATERAL,CAMIONETA,1,0,0,0,1,0,0,0,0,0,0,0,0,2,40,HOMBRE,ILESO,CONDUCTOR PRESENTE,NO,NO,1
30606,126447,126448,2022,1,0,-0.201257,-78.432749,PICHINCHA,QUITO,CUMBAYA,RURAL,2022-06-03,13:30:00,13,VIERNES,5,JUNIO,6,NO,NO TRANSITAR POR LAS ACERAS O ZONAS DE SEGURIDAD DESTINADAS PARA EL EFECTO.,ATROPELLOS,CAMION,0,0,0,1,0,0,0,0,0,0,0,0,0,1,13,MUJER,LESIONADO,PEATON,NO,NO,3
30607,126456,126457,2022,1,0,-0.237977,-78.529275,PICHINCHA,QUITO,QUITO,URBANA,2022-06-03,16:25:00,16,VIERNES,5,JUNIO,6,NO,NO TRANSITAR POR LAS ACERAS O ZONAS DE SEGURIDAD DESTINADAS PARA EL EFECTO.,ATROPELLOS,BUS,0,0,1,0,0,0,0,0,0,0,0,0,0,1,41,HOMBRE,LESIONADO,PEATON,NO,NO,1
30608,126466,126467,2022,0,0,-0.107238,-78.421311,PICHINCHA,QUITO,CALDERON (CARAPUNGO),RURAL,2022-06-03,18:45:00,18,VIERNES,5,JUNIO,6,NO,"CONDUCE BAJO LA INFLUENCIA DE ALCOHOL, SUSTANCIAS ESTUPEFACIENTES O PSICOTROPICAS Y/O MEDICAMENTOS.",CHOQUE LATERAL,AUTOMOVIL,2,0,0,0,0,0,0,0,0,0,0,0,0,2,39,MUJER,ILESO,CONDUCTOR PRESENTE,NO,NO,3
30609,126472,126473,2022,2,0,-0.119226,-78.453414,PICHINCHA,QUITO,QUITO,URBANA,2022-06-03,20:00:00,20,VIERNES,5,JUNIO,6,NO,"ADELANTAR O REBASAR A OTRO VEHICULO EN MOVIMIENTO EN ZONAS O SITIOS PELIGROSOS TALES COMO: CURVAS, PUENTES, TUNELES, PENDIENTES, ETC.",OTROS,BUS,0,0,1,0,0,0,0,0,0,2,0,0,0,3,22,HOMBRE,LESIONADO,PASAJERO,NO,NO,1
30610,126480,126481,2022,2,0,-0.027874,-78.438615,PICHINCHA,QUITO,POMASQUI,RURAL,2022-06-03,21:24:00,21,VIERNES,5,JUNIO,6,NO,"NO RESPETAR LAS SENIALES REGLAMENTARIAS DE TRANSITO. (PARE, CEDA EL PASO, LUZ ROJA DEL SEMAFORO, ETC).",CHOQUE FRONTAL,MOTOCICLETA,1,0,0,0,0,0,0,0,1,0,0,0,0,2,12,MUJER,LESIONADO,PASAJERO,NO,NO,3
30611,126485,126486,2022,0,0,-0.269071,-78.556274,PICHINCHA,QUITO,QUITO,URBANA,2022-06-03,22:00:00,22,VIERNES,5,JUNIO,6,NO,"CONDICIONES AMBIENTALES Y/O ATMOSFERICAS (NIEBLA, NEBLINA, GRANIZO, LLUVIA).",CHOQUE LATERAL,CAMIONETA,1,0,0,0,1,0,0,0,0,0,0,0,0,2,54,HOMBRE,ILESO,CONDUCTOR PRESENTE,NO,NO,1
30612,126486,126487,2022,0,0,-0.099039,-78.471209,PICHINCHA,QUITO,QUITO,URBANA,2022-06-03,22:05:00,22,VIERNES,5,JUNIO,6,NO,"CONDICIONES AMBIENTALES Y/O ATMOSFERICAS (NIEBLA, NEBLINA, GRANIZO, LLUVIA).",ESTRELLAMIENTOS,CAMIONETA,1,0,0,0,1,0,0,0,0,0,0,0,0,2,49,HOMBRE,ILESO,CONDUCTOR PRESENTE,NO,NO,1
30613,126488,126489,2022,2,0,-0.107639,-78.447059,PICHINCHA,QUITO,CALDERON (CARAPUNGO),RURAL,2022-06-03,22:40:00,22,VIERNES,5,JUNIO,6,NO,"CONDUCE BAJO LA INFLUENCIA DE ALCOHOL, SUSTANCIAS ESTUPEFACIENTES O PSICOTROPICAS Y/O MEDICAMENTOS.",CHOQUE POSTERIOR,AUTOMOVIL,2,0,0,0,0,0,0,0,0,0,0,0,0,2,16,MUJER,LESIONADO,PASAJERO,NO,NO,3
30614,126501,126502,2022,0,0,-0.293311,-78.406646,PICHINCHA,QUITO,LA MERCED,RURAL,2022-06-04,01:50:00,1,SABADO,6,JUNIO,6,NO,"CONDICIONES AMBIENTALES Y/O ATMOSFERICAS (NIEBLA, NEBLINA, GRANIZO, LLUVIA).",ESTRELLAMIENTOS,AUTOMOVIL,1,0,0,0,0,0,0,0,0,0,0,0,0,1,-1,NO IDENTIFICADO,NO IDENTIFICADO,CONDUCTOR AUSENTE,NO,NO,2
30615,126507,126508,2022,0,0,-0.181706,-78.475531,PICHINCHA,QUITO,QUITO,URBANA,2022-06-04,03:50:00,3,SABADO,6,JUNIO,6,NO,"NO RESPETAR LAS SENIALES REGLAMENTARIAS DE TRANSITO. (PARE, CEDA EL PASO, LUZ ROJA DEL SEMAFORO, ETC).",OTROS,AUTOMOVIL,1,0,0,0,0,0,0,0,0,0,0,0,0,1,-1,NO IDENTIFICADO,NO IDENTIFICADO,CONDUCTOR AUSENTE,NO,NO,2
30616,126509,126510,2022,0,0,-0.245556,-78.515358,PICHINCHA,QUITO,QUITO,URBANA,2022-06-04,04:20:00,4,SABADO,6,JUNIO,6,NO,"CONDICIONES AMBIENTALES Y/O ATMOSFERICAS (NIEBLA, NEBLINA, GRANIZO, LLUVIA).",ESTRELLAMIENTOS,AUTOMOVIL,1,0,0,0,0,0,0,0,0,0,0,0,0,1,59,MUJER,ILESO,PASAJERO,NO,NO,1
30617,126511,126512,2022,1,0,-0.291693,-78.565924,PICHINCHA,QUITO,QUITO,URBANA,2022-06-04,04:50:00,4,SABADO,6,JUNIO,6,NO,CONDUCIR VEHICULO SUPERANDO LOS LIMITES MAXIMOS DE VELOCIDAD.,ESTRELLAMIENTOS,AUTOMOVIL,1,0,0,0,0,0,0,0,0,0,0,0,0,1,44,MUJER,LESIONADO,PASAJERO,NO,NO,1
30618,126512,126513,2022,0,0,-0.132468,-78.444011,PICHINCHA,QUITO,LLANO CHICO,RURAL,2022-06-04,05:00:00,5,SABADO,6,JUNIO,6,NO,CONDUCIR VEHICULO SUPERANDO LOS LIMITES MAXIMOS DE VELOCIDAD.,ESTRELLAMIENTOS,AUTOMOVIL,1,0,0,0,0,0,0,0,0,0,0,0,0,1,-1,NO IDENTIFICADO,NO IDENTIFICADO,CONDUCTOR AUSENTE,NO,NO,2
30619,126514,126515,2022,1,0,-0.254523,-78.504192,PICHINCHA,QUITO,QUITO,URBANA,2022-06-04,05:50:00,5,SABADO,6,JUNIO,6,NO,PEATON QUE CRUZA LA CALZADA SIN RESPETAR LA SENIALIZACION EXISTENTE (SEMAFOROS O SENIALES MANUALES).,ATROPELLOS,NO IDENTIFICADO,0,0,0,0,0,0,0,0,0,1,0,0,0,1,47,MUJER,LESIONADO,PEATON,NO,NO,1
30620,126516,126517,2022,0,0,-0.111781,-78.478778,PICHINCHA,QUITO,QUITO,URBANA,2022-06-04,06:15:00,6,SABADO,6,JUNIO,6,NO,NO MANTENER LA DISTANCIA PRUDENCIAL CON RESPECTO AL VEHICULO QUE LE ANTECEDE.,CHOQUE POSTERIOR,AUTOMOVIL,2,0,0,0,0,0,0,0,0,0,0,0,0,2,42,HOMBRE,ILESO,CONDUCTOR PRESENTE,NO,NO,1
30621,126522,126523,2022,2,0,-0.092805,-78.434778,PICHINCHA,QUITO,CALDERON (CARAPUNGO),RURAL,2022-06-04,08:20:00,8,SABADO,6,JUNIO,6,NO,"NO RESPETAR LAS SENIALES REGLAMENTARIAS DE TRANSITO. (PARE, CEDA EL PASO, LUZ ROJA DEL SEMAFORO, ETC).",CHOQUE LATERAL,BUS,0,0,1,0,0,0,0,0,1,0,0,0,0,2,21,MUJER,LESIONADO,PASAJERO,NO,NO,3
30622,126530,126531,2022,0,0,-0.131273,-78.498005,PICHINCHA,QUITO,QUITO,URBANA,2022-06-04,12:05:00,12,SABADO,6,JUNIO,6,NO,NO CEDER EL DERECHO DE VIA O PREFERENCIA DE PASO A VEHICULOS.,CHOQUE LATERAL,AUTOMOVIL,2,0,0,0,0,0,0,0,0,0,0,0,0,2,63,HOMBRE,ILESO,CONDUCTOR PRESENTE,NO,NO,1
30623,126546,126547,2022,0,0,-0.137541,-78.500935,PICHINCHA,QUITO,QUITO,URBANA,2022-06-04,17:20:00,17,SABADO,6,JUNIO,6,NO,"NO RESPETAR LAS SENIALES REGLAMENTARIAS DE TRANSITO. (PARE, CEDA EL PASO, LUZ ROJA DEL SEMAFORO, ETC).",ESTRELLAMIENTOS,AUTOMOVIL,2,0,0,0,0,0,0,0,0,0,0,0,0,2,-1,NO IDENTIFICADO,NO IDENTIFICADO,CONDUCTOR AUSENTE,NO,NO,2
30624,126548,126549,2022,1,0,-0.288852,-78.524582,PICHINCHA,QUITO,QUITO,URBANA,2022-06-04,17:40:00,17,SABADO,6,JUNIO,6,NO,"CONDICIONES AMBIENTALES Y/O ATMOSFERICAS (NIEBLA, NEBLINA, GRANIZO, LLUVIA).",PERDIDA DE CARRIL,MOTOCICLETA,0,0,0,0,0,0,0,0,1,0,0,0,0,1,29,HOMBRE,LESIONADO,PASAJERO,NO,NO,1
30625,126551,126552,2022,2,0,-0.227466,-78.407752,PICHINCHA,QUITO,TUMBACO,RURAL,2022-06-04,18:00:00,18,SABADO,6,JUNIO,6,NO,CONDUCIR VEHICULO SUPERANDO LOS LIMITES MAXIMOS DE VELOCIDAD.,ESTRELLAMIENTOS,AUTOMOVIL,1,0,0,0,0,0,0,0,0,0,0,0,0,1,28,MUJER,LESIONADO,PASAJERO,NO,NO,3
30626,126556,126557,2022,2,0,-0.174681,-78.488172,PICHINCHA,QUITO,QUITO,URBANA,2022-06-04,19:10:00,19,SABADO,6,JUNIO,6,NO,CONDUCIR VEHICULO SUPERANDO LOS LIMITES MAXIMOS DE VELOCIDAD.,PERDIDA DE CARRIL,MOTOCICLETA,0,0,0,0,0,0,0,0,1,0,0,0,0,1,30,HOMBRE,LESIONADO,PASAJERO,NO,NO,1
30627,126558,126559,2022,2,0,-0.087012,-78.438522,PICHINCHA,QUITO,CALDERON (CARAPUNGO),RURAL,2022-06-04,19:30:00,19,SABADO,6,JUNIO,6,NO,BAJARSE O SUBIRSE DE VEHICULOS EN MOVIMIENTO SIN TOMAR LAS PRECAUCIONES DEBIDAS.,CAIDA DE PASAJERO,BUS,0,0,1,0,0,0,0,0,0,0,0,0,0,1,50,MUJER,LESIONADO,PASAJERO,NO,NO,3
30628,126561,126562,2022,0,0,-0.197679,-78.437686,PICHINCHA,QUITO,CUMBAYA,RURAL,2022-06-04,20:00:00,20,SABADO,6,JUNIO,6,NO,CONDUCIR VEHICULO SUPERANDO LOS LIMITES MAXIMOS DE VELOCIDAD.,ESTRELLAMIENTOS,AUTOMOVIL,1,0,0,0,0,0,0,0,0,0,0,0,0,1,44,MUJER,ILESO,CONDUCTOR PRESENTE,NO,NO,3
30629,126570,126571,2022,0,0,-0.291209,-78.545779,PICHINCHA,QUITO,QUITO,URBANA,2022-06-04,21:50:00,21,SABADO,6,JUNIO,6,NO,"NO RESPETAR LAS SENIALES REGLAMENTARIAS DE TRANSITO. (PARE, CEDA EL PASO, LUZ ROJA DEL SEMAFORO, ETC).",CHOQUE LATERAL,AUTOMOVIL,2,0,0,0,0,0,0,0,0,0,0,0,0,2,20,MUJER,ILESO,PASAJERO,NO,NO,1
30630,126574,126575,2022,1,0,-0.291933,-78.558287,PICHINCHA,QUITO,QUITO,URBANA,2022-06-04,23:00:00,23,SABADO,6,JUNIO,6,NO,NO CEDER EL DERECHO DE VIA O PREFERENCIA DE PASO A VEHICULOS.,CHOQUE LATERAL,MOTOCICLETA,1,0,0,0,0,0,0,0,1,0,0,0,0,2,29,MUJER,LESIONADO,CONDUCTOR PRESENTE,NO,NO,1
30631,126576,126577,2022,0,0,-0.323606,-78.556507,PICHINCHA,QUITO,QUITO,URBANA,2022-06-04,23:10:00,23,SABADO,6,JUNIO,6,NO,"NO RESPETAR LAS SENIALES REGLAMENTARIAS DE TRANSITO. (PARE, CEDA EL PASO, LUZ ROJA DEL SEMAFORO, ETC).",OTROS,AUTOMOVIL,3,0,0,0,0,0,0,0,0,0,0,0,0,3,26,HOMBRE,ILESO,CONDUCTOR PRESENTE,NO,NO,1
30632,126582,126583,2022,0,1,-0.366135,-78.475656,PICHINCHA,QUITO,AMAGUANIA,RURAL,2022-06-05,00:30:00,0,DOMINGO,7,JUNIO,6,NO,"CONDUCIR DESATENTO A LAS CONDICIONES DE TRANSITO (CELULAR, PANTALLAS DE VIDEO, COMIDA, MAQUILLAJE O CUALQUIER OTRO ELEMENTO DISTRACTOR).",PERDIDA DE PISTA,MOTOCICLETA,0,0,0,0,0,0,0,0,1,0,0,0,0,1,28,HOMBRE,FALLECIDO,CONDUCTOR PRESENTE,NO,SI,3
30633,126598,126599,2022,0,1,-0.170701,-78.326697,PICHINCHA,QUITO,YARUQUI,RURAL,2022-06-05,03:00:00,3,DOMINGO,7,JUNIO,6,NO,"CONDUCIR DESATENTO A LAS CONDICIONES DE TRANSITO (CELULAR, PANTALLAS DE VIDEO, COMIDA, MAQUILLAJE O CUALQUIER OTRO ELEMENTO DISTRACTOR).",ATROPELLOS,NO IDENTIFICADO,0,0,0,0,0,0,0,0,0,1,0,0,0,1,25,HOMBRE,FALLECIDO,PASAJERO,NO,SI,3
30634,126602,126603,2022,2,0,-0.126226,-78.480947,PICHINCHA,QUITO,QUITO,URBANA,2022-06-05,03:22:00,3,DOMINGO,7,JUNIO,6,NO,"NO RESPETAR LAS SENIALES REGLAMENTARIAS DE TRANSITO. (PARE, CEDA EL PASO, LUZ ROJA DEL SEMAFORO, ETC).",CHOQUE LATERAL,MOTOCICLETA,1,0,0,0,0,0,0,0,1,0,0,0,0,2,20,MUJER,LESIONADO,PASAJERO,NO,NO,1
30635,126603,126604,2022,0,0,-0.231993,-78.503859,PICHINCHA,QUITO,QUITO,URBANA,2022-06-05,03:30:00,3,DOMINGO,7,JUNIO,6,NO,"NO RESPETAR LAS SENIALES REGLAMENTARIAS DE TRANSITO. (PARE, CEDA EL PASO, LUZ ROJA DEL SEMAFORO, ETC).",ESTRELLAMIENTOS,AUTOMOVIL,1,0,0,0,0,0,0,0,0,0,0,0,0,1,-1,NO IDENTIFICADO,NO IDENTIFICADO,CONDUCTOR AUSENTE,NO,NO,2
30636,126610,126611,2022,0,0,-0.150727,-78.456444,PICHINCHA,QUITO,QUITO,URBANA,2022-06-05,05:20:00,5,DOMINGO,7,JUNIO,6,NO,CONDUCIR VEHICULO SUPERANDO LOS LIMITES MAXIMOS DE VELOCIDAD.,PERDIDA DE CARRIL,AUTOMOVIL,1,0,0,0,0,0,0,0,0,0,0,0,0,1,-1,NO IDENTIFICADO,NO IDENTIFICADO,CONDUCTOR AUSENTE,NO,NO,2
30637,126623,126624,2022,0,0,-0.279871,-78.532984,PICHINCHA,QUITO,QUITO,URBANA,2022-06-05,10:53:00,10,DOMINGO,7,JUNIO,6,NO,CONDUCIR VEHICULO SUPERANDO LOS LIMITES MAXIMOS DE VELOCIDAD.,ESTRELLAMIENTOS,BUS,0,0,1,0,0,0,0,0,0,0,0,0,0,1,23,HOMBRE,ILESO,CONDUCTOR PRESENTE,NO,NO,1
30638,126626,126627,2022,2,0,-0.216136,-78.516622,PICHINCHA,QUITO,QUITO,URBANA,2022-06-05,11:51:00,11,DOMINGO,7,JUNIO,6,NO,"CONDUCE BAJO LA INFLUENCIA DE ALCOHOL, SUSTANCIAS ESTUPEFACIENTES O PSICOTROPICAS Y/O MEDICAMENTOS.",ATROPELLOS,AUTOMOVIL,2,0,0,0,0,0,0,0,0,0,0,0,0,2,2,HOMBRE,LESIONADO,PEATON,NO,NO,1
30639,126635,126636,2022,2,0,-0.293716,-78.566457,PICHINCHA,QUITO,QUITO,URBANA,2022-06-05,14:50:00,14,DOMINGO,7,JUNIO,6,NO,CONDUCIR VEHICULO SUPERANDO LOS LIMITES MAXIMOS DE VELOCIDAD.,CHOQUE LATERAL,MOTOCICLETA,0,0,0,0,0,0,0,0,1,1,0,0,0,2,32,HOMBRE,LESIONADO,CONDUCTOR PRESENTE,NO,NO,1
30640,126639,126640,2022,0,0,-0.044751,-78.445756,PICHINCHA,QUITO,POMASQUI,RURAL,2022-06-05,16:05:00,16,DOMINGO,7,JUNIO,6,NO,CONDUCIR VEHICULO SUPERANDO LOS LIMITES MAXIMOS DE VELOCIDAD.,CHOQUE POSTERIOR,AUTOMOVIL,2,0,0,0,0,0,0,0,0,0,0,0,0,2,21,HOMBRE,ILESO,CONDUCTOR PRESENTE,NO,NO,3
30641,126655,126656,2022,1,0,-0.260844,-78.538716,PICHINCHA,QUITO,QUITO,URBANA,2022-06-05,19:15:00,19,DOMINGO,7,JUNIO,6,NO,REALIZAR CAMBIO BRUSCO O INDEBIDO DE CARRIL.,OTROS,AUTOMOVIL,1,0,0,0,0,0,0,0,0,0,0,0,0,1,30,MUJER,LESIONADO,PASAJERO,NO,NO,1
30642,126663,126664,2022,0,0,-0.330601,-78.570801,PICHINCHA,QUITO,QUITO,URBANA,2022-06-05,20:30:00,20,DOMINGO,7,JUNIO,6,NO,CONDUCIR VEHICULO SUPERANDO LOS LIMITES MAXIMOS DE VELOCIDAD.,ESTRELLAMIENTOS,CAMION,0,0,0,1,0,0,0,0,0,0,0,0,0,1,27,HOMBRE,ILESO,CONDUCTOR PRESENTE,NO,NO,1
30643,126667,126668,2022,0,0,-0.331825,-78.519461,PICHINCHA,QUITO,QUITO,URBANA,2022-06-05,21:00:00,21,DOMINGO,7,JUNIO,6,NO,"CONDUCE BAJO LA INFLUENCIA DE ALCOHOL, SUSTANCIAS ESTUPEFACIENTES O PSICOTROPICAS Y/O MEDICAMENTOS.",COLISION,AUTOMOVIL,2,0,0,0,0,0,0,0,0,1,0,0,0,3,3,MUJER,ILESO,PASAJERO,NO,NO,1
30644,126685,126686,2022,0,0,-0.257992,-78.492938,PICHINCHA,QUITO,CONOCOTO,URBANA,2022-06-06,06:25:00,6,LUNES,1,JUNIO,6,NO,CONDUCIR VEHICULO SUPERANDO LOS LIMITES MAXIMOS DE VELOCIDAD.,ESTRELLAMIENTOS,CAMION,0,0,0,1,0,0,0,0,0,0,0,0,0,1,-1,NO IDENTIFICADO,NO IDENTIFICADO,CONDUCTOR AUSENTE,NO,NO,2
30645,126686,126687,2022,1,0,-0.300821,-78.567917,PICHINCHA,QUITO,QUITO,URBANA,2022-06-06,07:28:00,7,LUNES,1,JUNIO,6,NO,NO CEDER EL DERECHO DE VIA O PREFERENCIA DE PASO A VEHICULOS.,CHOQUE LATERAL,AUTOMOVIL,2,0,0,0,0,0,0,0,0,0,0,0,0,2,32,MUJER,LESIONADO,PASAJERO,NO,NO,1
30646,126689,126690,2022,1,0,-0.188935,-78.482641,PICHINCHA,QUITO,QUITO,URBANA,2022-06-06,08:01:00,8,LUNES,1,JUNIO,6,NO,"NO RESPETAR LAS SENIALES REGLAMENTARIAS DE TRANSITO. (PARE, CEDA EL PASO, LUZ ROJA DEL SEMAFORO, ETC).",CHOQUE LATERAL,EMERGENCIAS,1,0,0,0,0,1,0,0,0,0,0,0,0,2,28,MUJER,LESIONADO,PASAJERO,NO,NO,1
30647,126691,126692,2022,2,0,-0.176009,-78.501611,PICHINCHA,QUITO,QUITO,URBANA,2022-06-06,08:20:00,8,LUNES,1,JUNIO,6,NO,CONDUCIR VEHICULO SUPERANDO LOS LIMITES MAXIMOS DE VELOCIDAD.,CHOQUE POSTERIOR,AUTOMOVIL,2,0,0,0,0,0,0,0,0,0,0,0,0,2,36,MUJER,LESIONADO,PASAJERO,NO,NO,1
30648,126692,126693,2022,1,0,-0.176009,-78.501611,PICHINCHA,QUITO,QUITO,URBANA,2022-06-06,08:20:00,8,LUNES,1,JUNIO,6,NO,CONDUCIR VEHICULO SUPERANDO LOS LIMITES MAXIMOS DE VELOCIDAD.,COLISION,AUTOMOVIL,2,0,0,0,0,0,0,0,0,1,0,0,0,3,61,HOMBRE,LESIONADO,CONDUCTOR PRESENTE,NO,NO,1
30649,126698,126699,2022,0,0,-0.211251,-78.512041,PICHINCHA,QUITO,QUITO,URBANA,2022-06-06,11:00:00,11,LUNES,1,JUNIO,6,NO,CONDUCIR VEHICULO SUPERANDO LOS LIMITES MAXIMOS DE VELOCIDAD.,PERDIDA DE CARRIL,CAMION,0,0,0,1,0,0,0,0,0,0,0,0,0,1,49,HOMBRE,ILESO,CONDUCTOR PRESENTE,NO,NO,1