,Unnamed: 0,ID,ANIO,LESIONADOS,FALLECIDOS,LATITUD_Y,LONGITUD_X,PROVINCIA,CANTON,PARROQUIA,ZONA,FECHA,HORA,PERIODO_2,DIA_1,DIA_2,MES_1,MES_2,FERIADO,CAUSA_PROBABLE,TIPO_DE_SINIESTRO,TIPO_DE_VEHICULO_1,AUTOMOVIL,BICICLETA,BUS,CAMION,CAMIONETA,EMERGENCIAS,ESPECIAL,FURGONETA,MOTOCICLETA,NO_IDENTIFICADO,SCOOTER_ELECTRICO,TRICIMOTO,VEHICULO_DEPORTIVO_UTILITARIO,SUMA_DE_VEHICULOS,EDAD_1,SEXO_1,CONDICION_1,PARTICIPANTE_1,CASCO_1,CINTURON_1,KMeans_Cluster
30650,126717,126718,2022,0,0,-0.190227,-78.454182,PICHINCHA,QUITO,NAYON,URBANA,2022-06-06,16:30:00,16,LUNES,1,JUNIO,6,NO,"CONDICIONES AMBIENTALES Y/O ATMOSFERICAS (NIEBLA, NEBLINA, GRANIZO, LLUVIA).",COLISION,CAMION,2,0,0,1,0,0,0,0,0,0,0,0,0,3,38,HOMBRE,ILESO,CONDUCTOR PRESENTE,NO,NO,1
30651,126718,126719,2022,1,0,-0.271809,-78.539775,PICHINCHA,QUITO,QUITO,URBANA,2022-06-06,16:40:00,16,LUNES,1,JUNIO,6,NO,"CONDICIONES AMBIENTALES Y/O ATMOSFERICAS (NIEBLA, NEBLINA, GRANIZO, LLUVIA).",PERDIDA DE CARRIL,MOTOCICLETA,0,0,0,0,0,0,0,0,1,0,0,0,0,1,31,HOMBRE,LESIONADO,CONDUCTOR PRESENTE,NO,NO,1
30652,126719,126720,2022,0,0,-0.103701,-78.497672,PICHINCHA,QUITO,QUITO,URBANA,2022-06-06,16:50:00,16,LUNES,1,JUNIO,6,NO,CONDUCIR VEHICULO SUPERANDO LOS LIMITES MAXIMOS DE VELOCIDAD.,OTROS,MOTOCICLETA,0,0,0,0,0,0,0,0,1,0,0,0,0,1,-1,NO IDENTIFICADO,NO IDENTIFICADO,CONDUCTOR AUSENTE,NO,NO,2
30653,126720,126721,2022,0,0,-0.283313,-78.488841,PICHINCHA,QUITO,CONOCOTO,RURAL,2022-06-06,17:05:00,17,LUNES,1,JUNIO,6,NO,"CONDICIONES AMBIENTALES Y/O ATMOSFERICAS (NIEBLA, NEBLINA, GRANIZO, LLUVIA).",CHOQUE LATERAL,MOTOCICLETA,1,0,0,0,0,0,0,0,1,0,0,0,0,2,45,HOMBRE,ILESO,CONDUCTOR PRESENTE,NO,NO,3
30654,126723,126724,2022,2,0,-0.246671,-78.533337,PICHINCHA,QUITO,QUITO,URBANA,2022-06-06,17:45:00,17,LUNES,1,JUNIO,6,NO,"CONDUCIR EN ESTADO DE SOMNOLENCIA O MALAS CONDICIONES FISICAS (SUENIO, CANSANCIO Y FATIGA).",OTROS,MOTOCICLETA,0,0,0,0,0,0,0,0,1,1,0,0,0,2,13,HOMBRE,LESIONADO,PASAJERO,NO,NO,1
30655,126724,126725,2022,1,0,-0.217878,-78.507051,PICHINCHA,QUITO,QUITO,URBANA,2022-06-06,18:00:00,18,LUNES,1,JUNIO,6,NO,CONDUCIR VEHICULO SUPERANDO LOS LIMITES MAXIMOS DE VELOCIDAD.,PERDIDA DE CARRIL,MOTOCICLETA,0,0,0,0,0,0,0,0,1,0,0,0,0,1,24,HOMBRE,LESIONADO,CONDUCTOR PRESENTE,NO,NO,1
30656,126739,126740,2022,0,0,-0.091776,-78.518952,PICHINCHA,QUITO,QUITO,URBANA,2022-06-06,22:50:00,22,LUNES,1,JUNIO,6,NO,CONDUCIR VEHICULO SUPERANDO LOS LIMITES MAXIMOS DE VELOCIDAD.,ESTRELLAMIENTOS,AUTOMOVIL,1,0,0,0,0,0,0,0,0,0,0,0,0,1,-1,NO IDENTIFICADO,NO IDENTIFICADO,CONDUCTOR AUSENTE,NO,NO,2
30657,126742,126743,2022,1,0,-0.088948,-78.427698,PICHINCHA,QUITO,CALDERON (CARAPUNGO),RURAL,2022-06-07,00:10:00,0,MARTES,2,JUNIO,6,NO,"NO RESPETAR LAS SENIALES REGLAMENTARIAS DE TRANSITO. (PARE, CEDA EL PASO, LUZ ROJA DEL SEMAFORO, ETC).",ESTRELLAMIENTOS,AUTOMOVIL,1,0,0,0,0,0,0,0,0,0,0,0,0,1,36,HOMBRE,LESIONADO,PASAJERO,NO,NO,3
30658,126749,126750,2022,2,0,-0.021206,-78.255971,PICHINCHA,CAYAMBE,OTON,RURAL,2022-06-07,05:40:00,5,MARTES,2,JUNIO,6,NO,"CONDUCIR DESATENTO A LAS CONDICIONES DE TRANSITO (CELULAR, PANTALLAS DE VIDEO, COMIDA, MAQUILLAJE O CUALQUIER OTRO ELEMENTO DISTRACTOR).",CHOQUE FRONTAL,CAMION,1,0,0,1,0,0,0,0,0,0,0,0,0,2,59,HOMBRE,LESIONADO,CONDUCTOR PRESENTE,NO,SI,3
30659,126752,126753,2022,0,2,-0.153299,-78.319884,PICHINCHA,QUITO,CHECA (CHILPA),RURAL,2022-06-07,06:50:00,6,MARTES,2,JUNIO,6,NO,"CONDUCIR DESATENTO A LAS CONDICIONES DE TRANSITO (CELULAR, PANTALLAS DE VIDEO, COMIDA, MAQUILLAJE O CUALQUIER OTRO ELEMENTO DISTRACTOR).",CHOQUE FRONTAL,BUS,1,0,1,0,0,0,0,0,0,0,0,0,0,2,27,MUJER,FALLECIDO,PASAJERO,NO,SI,3
30660,126756,126757,2022,1,0,-0.189177,-78.502155,PICHINCHA,QUITO,QUITO,URBANA,2022-06-07,07:10:00,7,MARTES,2,JUNIO,6,NO,NO CEDER EL DERECHO DE VIA O PREFERENCIA DE PASO A VEHICULOS.,OTROS,MOTOCICLETA,0,0,0,0,0,0,0,0,1,0,1,0,0,2,35,HOMBRE,LESIONADO,CONDUCTOR PRESENTE,NO,NO,1
30661,126757,126758,2022,0,0,-0.128344,-78.502581,PICHINCHA,QUITO,QUITO,URBANA,2022-06-07,07:10:00,7,MARTES,2,JUNIO,6,NO,"NO RESPETAR LAS SENIALES REGLAMENTARIAS DE TRANSITO. (PARE, CEDA EL PASO, LUZ ROJA DEL SEMAFORO, ETC).",CHOQUE POSTERIOR,AUTOMOVIL,2,0,0,0,0,0,0,0,0,0,0,0,0,2,51,MUJER,ILESO,CONDUCTOR PRESENTE,NO,NO,1
30662,126760,126761,2022,0,0,-0.198438,-78.488511,PICHINCHA,QUITO,QUITO,URBANA,2022-06-07,07:50:00,7,MARTES,2,JUNIO,6,NO,"NO RESPETAR LAS SENIALES REGLAMENTARIAS DE TRANSITO. (PARE, CEDA EL PASO, LUZ ROJA DEL SEMAFORO, ETC).",CHOQUE LATERAL,AUTOMOVIL,2,0,0,0,0,0,0,0,0,0,0,0,0,2,28,HOMBRE,ILESO,CONDUCTOR PRESENTE,NO,NO,1
30663,126761,126762,2022,0,0,-0.204027,-78.488822,PICHINCHA,QUITO,QUITO,URBANA,2022-06-07,08:04:00,8,MARTES,2,JUNIO,6,NO,"NO RESPETAR LAS SENIALES REGLAMENTARIAS DE TRANSITO. (PARE, CEDA EL PASO, LUZ ROJA DEL SEMAFORO, ETC).",CHOQUE LATERAL,AUTOMOVIL,2,0,0,0,0,0,0,0,0,0,0,0,0,2,37,MUJER,ILESO,CONDUCTOR PRESENTE,NO,NO,1
30664,126764,126765,2022,1,0,-0.250473,-78.534201,PICHINCHA,QUITO,QUITO,URBANA,2022-06-07,08:30:00,8,MARTES,2,JUNIO,6,NO,REALIZAR CAMBIO BRUSCO O INDEBIDO DE CARRIL.,OTROS,MOTOCICLETA,1,0,0,0,0,0,0,0,1,0,0,0,0,2,30,HOMBRE,LESIONADO,CONDUCTOR PRESENTE,NO,NO,1
30665,126772,126773,2022,1,0,-0.280006,-78.523969,PICHINCHA,QUITO,QUITO,URBANA,2022-06-07,12:58:00,12,MARTES,2,JUNIO,6,NO,NO CEDER EL DERECHO DE VIA O PREFERENCIA DE PASO AL PEATON.,ATROPELLOS,AUTOMOVIL,1,0,0,0,0,0,0,0,0,0,0,0,0,1,14,HOMBRE,LESIONADO,PEATON,NO,NO,1
30666,126778,126779,2022,0,0,-0.087861,-78.425662,PICHINCHA,QUITO,CALDERON (CARAPUNGO),RURAL,2022-06-07,14:15:00,14,MARTES,2,JUNIO,6,NO,CONDUCIR EN SENTIDO CONTRARIO A LA VIA NORMAL DE CIRCULACION.,CHOQUE LATERAL,CAMIONETA,1,0,0,0,1,0,0,0,0,0,0,0,0,2,46,HOMBRE,ILESO,CONDUCTOR PRESENTE,NO,NO,3
30667,126792,126793,2022,2,0,-0.327213,-78.568081,PICHINCHA,QUITO,QUITO,URBANA,2022-06-07,20:10:00,20,MARTES,2,JUNIO,6,NO,"CONDUCE BAJO LA INFLUENCIA DE ALCOHOL, SUSTANCIAS ESTUPEFACIENTES O PSICOTROPICAS Y/O MEDICAMENTOS.",ATROPELLOS,AUTOMOVIL,1,0,0,0,0,0,0,0,0,0,0,0,0,1,12,HOMBRE,LESIONADO,PEATON,NO,NO,1
30668,126793,126794,2022,1,0,-0.240569,-78.511586,PICHINCHA,QUITO,QUITO,URBANA,2022-06-07,21:20:00,21,MARTES,2,JUNIO,6,NO,"CONDUCE BAJO LA INFLUENCIA DE ALCOHOL, SUSTANCIAS ESTUPEFACIENTES O PSICOTROPICAS Y/O MEDICAMENTOS.",CHOQUE POSTERIOR,AUTOMOVIL,2,0,0,0,0,0,0,0,0,0,0,0,0,2,30,HOMBRE,LESIONADO,CONDUCTOR PRESENTE,NO,NO,1
30669,126802,126803,2022,6,0,-0.218736,-78.466518,PICHINCHA,QUITO,QUITO,RURAL,2022-06-08,07:50:00,7,MIERCOLES,3,JUNIO,6,NO,CONDUCIR VEHICULO SUPERANDO LOS LIMITES MAXIMOS DE VELOCIDAD.,ESTRELLAMIENTOS,BUS,0,0,1,0,0,0,0,0,0,0,0,0,0,1,-1,MUJER,LESIONADO,PASAJERO,NO,NO,3
30670,126811,126812,2022,0,1,-0.282161,-78.545369,PICHINCHA,QUITO,QUITO,URBANA,2022-06-08,11:10:00,11,MIERCOLES,3,JUNIO,6,NO,NO TRANSITAR POR LAS ACERAS O ZONAS DE SEGURIDAD DESTINADAS PARA EL EFECTO.,ARROLLAMIENTOS,NO IDENTIFICADO,0,0,0,0,0,0,0,0,0,1,0,0,0,1,76,HOMBRE,FALLECIDO,PEATON,NO,NO,1
30671,126812,126813,2022,1,0,-0.163025,-78.478518,PICHINCHA,QUITO,QUITO,URBANA,2022-06-08,11:30:00,11,MIERCOLES,3,JUNIO,6,NO,NO TRANSITAR POR LAS ACERAS O ZONAS DE SEGURIDAD DESTINADAS PARA EL EFECTO.,ATROPELLOS,AUTOMOVIL,1,0,0,0,0,0,0,0,0,0,0,0,0,1,29,MUJER,LESIONADO,PEATON,NO,NO,1
30672,126814,126815,2022,0,1,-0.107681,-78.447451,PICHINCHA,QUITO,CALDERON (CARAPUNGO),RURAL,2022-06-08,14:25:00,14,MIERCOLES,3,JUNIO,6,NO,NO TRANSITAR POR LAS ACERAS O ZONAS DE SEGURIDAD DESTINADAS PARA EL EFECTO.,ARROLLAMIENTOS,NO IDENTIFICADO,0,0,0,0,0,0,0,0,0,1,0,0,0,1,30,HOMBRE,FALLECIDO,PEATON,NO,NO,3
30673,126815,126816,2022,0,0,-0.163215,-78.461775,PICHINCHA,QUITO,QUITO,URBANA,2022-06-08,16:00:00,16,MIERCOLES,3,JUNIO,6,NO,"NO RESPETAR LAS SENIALES REGLAMENTARIAS DE TRANSITO. (PARE, CEDA EL PASO, LUZ ROJA DEL SEMAFORO, ETC).",CHOQUE POSTERIOR,CAMIONETA,1,0,0,0,1,0,0,0,0,0,0,0,0,2,45,MUJER,ILESO,CONDUCTOR PRESENTE,NO,NO,1
30674,126819,126820,2022,0,0,-0.218147,-78.466298,PICHINCHA,QUITO,QUITO,RURAL,2022-06-08,17:00:00,17,MIERCOLES,3,JUNIO,6,NO,CONDUCIR VEHICULO SUPERANDO LOS LIMITES MAXIMOS DE VELOCIDAD.,CHOQUE POSTERIOR,CAMIONETA,1,0,0,0,1,0,0,0,0,0,0,0,0,2,55,HOMBRE,ILESO,CONDUCTOR PRESENTE,NO,NO,3
30675,126828,126829,2022,1,0,-0.135552,-78.358398,PICHINCHA,QUITO,TABABELA,RURAL,2022-06-08,21:45:00,21,MIERCOLES,3,JUNIO,6,NO,"CONDICIONES AMBIENTALES Y/O ATMOSFERICAS (NIEBLA, NEBLINA, GRANIZO, LLUVIA).",CHOQUE LATERAL,MOTOCICLETA,1,0,0,0,0,0,0,0,1,0,0,0,0,2,34,HOMBRE,LESIONADO,CONDUCTOR PRESENTE,NO,NO,3
30676,126829,126830,2022,0,0,-0.215339,-78.455463,PICHINCHA,QUITO,CUMBAYA,RURAL,2022-06-08,23:00:00,23,MIERCOLES,3,JUNIO,6,NO,"CONDICIONES AMBIENTALES Y/O ATMOSFERICAS (NIEBLA, NEBLINA, GRANIZO, LLUVIA).",CHOQUE LATERAL,CAMIONETA,1,0,0,0,1,0,0,0,0,0,0,0,0,2,36,HOMBRE,ILESO,CONDUCTOR PRESENTE,NO,NO,3
30677,126837,126838,2022,0,0,-0.333491,-78.895508,PICHINCHA,MEJIA,MANUEL CORNEJO ASTORGA,RURAL,2022-06-09,03:45:00,3,JUEVES,4,JUNIO,6,NO,NO MANTENER LA DISTANCIA PRUDENCIAL CON RESPECTO AL VEHICULO QUE LE ANTECEDE.,CHOQUE POSTERIOR,BUS,0,0,2,0,0,0,0,0,0,0,0,0,0,2,-1,HOMBRE,ILESO,CONDUCTOR PRESENTE,NO,NO,3
30678,126840,126841,2022,0,0,-0.305216,-78.566782,PICHINCHA,QUITO,QUITO,URBANA,2022-06-09,06:35:00,6,JUEVES,4,JUNIO,6,NO,"NO RESPETAR LAS SENIALES REGLAMENTARIAS DE TRANSITO. (PARE, CEDA EL PASO, LUZ ROJA DEL SEMAFORO, ETC).",CHOQUE LATERAL,CAMIONETA,1,0,0,0,1,0,0,0,0,0,0,0,0,2,34,HOMBRE,ILESO,CONDUCTOR PRESENTE,NO,NO,1
30679,126842,126843,2022,0,0,-0.241222,-78.534664,PICHINCHA,QUITO,QUITO,URBANA,2022-06-09,07:00:00,7,JUEVES,4,JUNIO,6,NO,CONDUCIR VEHICULO SUPERANDO LOS LIMITES MAXIMOS DE VELOCIDAD.,OTROS,AUTOMOVIL,1,0,0,0,0,0,0,0,0,0,0,0,0,1,-1,NO IDENTIFICADO,NO IDENTIFICADO,CONDUCTOR AUSENTE,NO,NO,2
30680,126854,126855,2022,0,0,-0.171065,-78.490653,PICHINCHA,QUITO,QUITO,URBANA,2022-06-09,13:05:00,13,JUEVES,4,JUNIO,6,NO,NO CEDER EL DERECHO DE VIA O PREFERENCIA DE PASO A VEHICULOS.,ESTRELLAMIENTOS,AUTOMOVIL,3,0,0,0,0,0,0,0,0,0,0,0,0,3,44,HOMBRE,ILESO,CONDUCTOR PRESENTE,NO,NO,1
30681,126857,126858,2022,1,0,-0.278434,-78.552771,PICHINCHA,QUITO,QUITO,URBANA,2022-06-09,13:20:00,13,JUEVES,4,JUNIO,6,NO,PEATON QUE CRUZA LA CALZADA SIN RESPETAR LA SENIALIZACION EXISTENTE (SEMAFOROS O SENIALES MANUALES).,ATROPELLOS,AUTOMOVIL,1,0,0,0,0,0,0,0,0,0,0,0,0,1,65,HOMBRE,LESIONADO,PEATON,NO,NO,1
30682,126860,126861,2022,2,0,-0.227406,-78.487342,PICHINCHA,QUITO,QUITO,URBANA,2022-06-09,13:55:00,13,JUEVES,4,JUNIO,6,NO,NO MANTENER LA DISTANCIA PRUDENCIAL CON RESPECTO AL VEHICULO QUE LE ANTECEDE.,CHOQUE POSTERIOR,AUTOMOVIL,2,0,0,0,0,0,0,0,0,0,0,0,0,2,44,HOMBRE,LESIONADO,CONDUCTOR PRESENTE,NO,NO,1
30683,126870,126871,2022,0,0,-0.186571,-78.477576,PICHINCHA,QUITO,QUITO,URBANA,2022-06-09,19:15:00,19,JUEVES,4,JUNIO,6,NO,"CONDUCE BAJO LA INFLUENCIA DE ALCOHOL, SUSTANCIAS ESTUPEFACIENTES O PSICOTROPICAS Y/O MEDICAMENTOS.",OTROS,AUTOMOVIL,4,0,0,0,0,0,0,0,0,0,0,0,0,4,44,HOMBRE,ILESO,CONDUCTOR PRESENTE,NO,NO,1
30684,126882,126883,2022,0,0,-0.129151,-78.481265,PICHINCHA,QUITO,QUITO,URBANA,2022-06-10,00:20:00,0,VIERNES,5,JUNIO,6,NO,"NO RESPETAR LAS SENIALES REGLAMENTARIAS DE TRANSITO. (PARE, CEDA EL PASO, LUZ ROJA DEL SEMAFORO, ETC).",CHOQUE LATERAL,AUTOMOVIL,2,0,0,0,0,0,0,0,0,0,0,0,0,2,26,HOMBRE,ILESO,CONDUCTOR PRESENTE,NO,NO,1
30685,126895,126896,2022,4,0,-0.364707,-78.838018,PICHINCHA,MEJIA,MANUEL CORNEJO ASTORGA,RURAL,2022-06-10,07:15:00,7,VIERNES,5,JUNIO,6,NO,"CONDUCIR DESATENTO A LAS CONDICIONES DE TRANSITO (CELULAR, PANTALLAS DE VIDEO, COMIDA, MAQUILLAJE O CUALQUIER OTRO ELEMENTO DISTRACTOR).",PERDIDA DE CARRIL,CAMION,0,0,0,1,0,0,0,0,0,0,0,0,1,2,-1,HOMBRE,LESIONADO,PASAJERO,NO,NO,3
30686,126904,126905,2022,0,0,-0.291584,-78.454113,PICHINCHA,QUITO,ALANGASI,RURAL,2022-06-10,13:00:00,13,VIERNES,5,JUNIO,6,NO,NO CEDER EL DERECHO DE VIA O PREFERENCIA DE PASO AL PEATON.,ATROPELLOS,NO IDENTIFICADO,0,0,0,0,0,0,0,0,0,1,0,0,0,1,51,MUJER,ILESO,PEATON,NO,NO,3
30687,126906,126907,2022,1,0,-0.197051,-78.490701,PICHINCHA,QUITO,QUITO,URBANA,2022-06-10,14:45:00,14,VIERNES,5,JUNIO,6,NO,NO TRANSITAR POR LAS ACERAS O ZONAS DE SEGURIDAD DESTINADAS PARA EL EFECTO.,ATROPELLOS,AUTOMOVIL,1,0,0,0,0,0,0,0,0,0,0,0,0,1,11,HOMBRE,LESIONADO,PEATON,NO,NO,1
30688,126911,126912,2022,0,0,0.046021,-78.204511,PICHINCHA,PEDRO MONCAYO,TABACUNDO,RURAL,2022-06-10,18:00:00,18,VIERNES,5,JUNIO,6,NO,"CONDUCE BAJO LA INFLUENCIA DE ALCOHOL, SUSTANCIAS ESTUPEFACIENTES O PSICOTROPICAS Y/O MEDICAMENTOS.",CHOQUE LATERAL,CAMIONETA,1,0,0,0,1,0,0,0,0,0,0,0,0,2,46,HOMBRE,ILESO,CONDUCTOR PRESENTE,NO,SI,3
30689,126927,126928,2022,0,0,-0.259175,-78.529784,PICHINCHA,QUITO,QUITO,URBANA,2022-06-10,23:45:00,23,VIERNES,5,JUNIO,6,NO,CONDUCIR VEHICULO SUPERANDO LOS LIMITES MAXIMOS DE VELOCIDAD.,OTROS,AUTOMOVIL,1,0,0,0,0,0,0,0,0,0,0,0,0,1,-1,NO IDENTIFICADO,NO IDENTIFICADO,CONDUCTOR AUSENTE,NO,NO,2
30690,126931,126932,2022,0,0,-0.346732,-78.548799,PICHINCHA,QUITO,QUITO,URBANA,2022-06-11,02:30:00,2,SABADO,6,JUNIO,6,NO,CONDUCIR VEHICULO SUPERANDO LOS LIMITES MAXIMOS DE VELOCIDAD.,ESTRELLAMIENTOS,NO IDENTIFICADO,0,0,0,0,0,0,0,0,0,1,0,0,0,1,-1,NO IDENTIFICADO,NO IDENTIFICADO,CONDUCTOR AUSENTE,NO,NO,2
30691,126935,126936,2022,0,0,-0.263271,-78.530968,PICHINCHA,QUITO,QUITO,URBANA,2022-06-11,02:50:00,2,SABADO,6,JUNIO,6,NO,CONDUCIR VEHICULO SUPERANDO LOS LIMITES MAXIMOS DE VELOCIDAD.,ESTRELLAMIENTOS,NO IDENTIFICADO,0,0,0,0,0,0,0,0,0,1,0,0,0,1,-1,NO IDENTIFICADO,NO IDENTIFICADO,CONDUCTOR AUSENTE,NO,NO,2
30692,126936,126937,2022,1,0,-0.093579,-78.479788,PICHINCHA,QUITO,QUITO,URBANA,2022-06-11,02:50:00,2,SABADO,6,JUNIO,6,NO,"NO RESPETAR LAS SENIALES REGLAMENTARIAS DE TRANSITO. (PARE, CEDA EL PASO, LUZ ROJA DEL SEMAFORO, ETC).",CHOQUE POSTERIOR,MOTOCICLETA,0,0,0,0,1,0,0,0,1,0,0,0,0,2,28,HOMBRE,LESIONADO,PASAJERO,NO,NO,1
30693,126938,126939,2022,1,0,-0.273438,-78.529536,PICHINCHA,QUITO,QUITO,URBANA,2022-06-11,03:00:00,3,SABADO,6,JUNIO,6,NO,REALIZAR CAMBIO BRUSCO O INDEBIDO DE CARRIL.,OTROS,MOTOCICLETA,0,0,0,0,0,0,0,0,1,0,0,0,0,1,34,HOMBRE,LESIONADO,PASAJERO,NO,NO,1
30694,126939,126940,2022,3,0,-0.217536,-78.356226,PICHINCHA,QUITO,PIFO,RURAL,2022-06-11,03:30:00,3,SABADO,6,JUNIO,6,NO,CONDUCIR VEHICULO SUPERANDO LOS LIMITES MAXIMOS DE VELOCIDAD.,CHOQUE POSTERIOR,MOTOCICLETA,0,0,0,0,0,0,0,0,1,1,0,0,0,2,7,HOMBRE,LESIONADO,PASAJERO,NO,NO,3
30695,126940,126941,2022,0,0,-0.238038,-78.525505,PICHINCHA,QUITO,QUITO,URBANA,2022-06-11,03:40:00,3,SABADO,6,JUNIO,6,NO,CONDUCIR VEHICULO SUPERANDO LOS LIMITES MAXIMOS DE VELOCIDAD.,ESTRELLAMIENTOS,AUTOMOVIL,1,0,0,0,0,0,0,0,0,0,0,0,0,1,-1,NO IDENTIFICADO,NO IDENTIFICADO,CONDUCTOR AUSENTE,NO,NO,2
30696,126942,126943,2022,1,0,-0.206816,-78.512314,PICHINCHA,QUITO,QUITO,URBANA,2022-06-11,05:00:00,5,SABADO,6,JUNIO,6,NO,CONDUCIR VEHICULO SUPERANDO LOS LIMITES MAXIMOS DE VELOCIDAD.,PERDIDA DE CARRIL,MOTOCICLETA,0,0,0,0,0,0,0,0,1,0,0,0,0,1,30,HOMBRE,LESIONADO,CONDUCTOR PRESENTE,NO,NO,1
30697,126948,126949,2022,1,0,-0.082746,-78.293223,PICHINCHA,CAYAMBE,ASCAZUBI,RURAL,2022-06-11,06:30:00,6,SABADO,6,JUNIO,6,NO,"CONDUCIR DESATENTO A LAS CONDICIONES DE TRANSITO (CELULAR, PANTALLAS DE VIDEO, COMIDA, MAQUILLAJE O CUALQUIER OTRO ELEMENTO DISTRACTOR).",ATROPELLOS,MOTOCICLETA,0,0,0,0,0,0,0,0,1,0,0,0,0,1,82,MUJER,LESIONADO,PEATON,NO,SI,3
30698,126950,126951,2022,1,0,-0.153599,-78.467371,PICHINCHA,QUITO,QUITO,URBANA,2022-06-11,06:30:00,6,SABADO,6,JUNIO,6,NO,NO GUARDAR LA DISTANCIA LATERAL MINIMA DE SEGURIDAD ENTRE VEHICULOS.,ROZAMIENTOS,MOTOCICLETA,0,0,0,0,0,0,0,1,1,0,0,0,0,2,31,HOMBRE,LESIONADO,CONDUCTOR PRESENTE,NO,NO,1
30699,126952,126953,2022,0,0,-0.165208,-78.478594,PICHINCHA,QUITO,QUITO,URBANA,2022-06-11,07:00:00,7,SABADO,6,JUNIO,6,NO,"CONDUCIR DESATENTO A LAS CONDICIONES DE TRANSITO (CELULAR, PANTALLAS DE VIDEO, COMIDA, MAQUILLAJE O CUALQUIER OTRO ELEMENTO DISTRACTOR).",CHOQUE POSTERIOR,AUTOMOVIL,2,0,0,0,0,0,0,0,0,0,0,0,0,2,40,HOMBRE,ILESO,CONDUCTOR PRESENTE,NO,NO,1
30700,126959,126960,2022,3,0,-0.327813,-78.446484,PICHINCHA,RUMINIAHUI,SANGOLQUI,URBANA,2022-06-11,10:30:00,10,SABADO,6,JUNIO,6,NO,"CONDUCIR DESATENTO A LAS CONDICIONES DE TRANSITO (CELULAR, PANTALLAS DE VIDEO, COMIDA, MAQUILLAJE O CUALQUIER OTRO ELEMENTO DISTRACTOR).",OTROS,CAMIONETA,0,0,0,0,1,0,0,0,0,0,0,0,0,1,20,MUJER,LESIONADO,PEATON,NO,SI,1
30701,126963,126964,2022,0,0,-0.257473,-78.502526,PICHINCHA,QUITO,QUITO,URBANA,2022-06-11,10:50:00,10,SABADO,6,JUNIO,6,NO,CONDUCIR VEHICULO SUPERANDO LOS LIMITES MAXIMOS DE VELOCIDAD.,COLISION,CAMIONETA,2,0,0,0,1,0,0,0,0,0,0,0,0,3,37,HOMBRE,ILESO,CONDUCTOR PRESENTE,NO,NO,1
30702,126964,126965,2022,1,0,-0.297977,-78.456111,PICHINCHA,QUITO,ALANGASI,RURAL,2022-06-11,11:15:00,11,SABADO,6,JUNIO,6,NO,NO TRANSITAR POR LAS ACERAS O ZONAS DE SEGURIDAD DESTINADAS PARA EL EFECTO.,ATROPELLOS,NO IDENTIFICADO,0,0,0,0,0,0,0,0,0,1,0,0,0,1,50,HOMBRE,LESIONADO,PEATON,NO,NO,3
30703,126967,126968,2022,0,0,-0.228465,-78.512809,PICHINCHA,QUITO,QUITO,URBANA,2022-06-11,11:55:00,11,SABADO,6,JUNIO,6,NO,CONDUCIR EN SENTIDO CONTRARIO A LA VIA NORMAL DE CIRCULACION.,CHOQUE FRONTAL,MOTOCICLETA,0,0,0,0,1,0,0,0,1,0,0,0,0,2,35,HOMBRE,ILESO,CONDUCTOR PRESENTE,SI,NO,1
30704,126972,126973,2022,0,0,-0.197454,-78.500171,PICHINCHA,QUITO,QUITO,URBANA,2022-06-11,14:30:00,14,SABADO,6,JUNIO,6,NO,"NO RESPETAR LAS SENIALES REGLAMENTARIAS DE TRANSITO. (PARE, CEDA EL PASO, LUZ ROJA DEL SEMAFORO, ETC).",CHOQUE LATERAL,AUTOMOVIL,2,0,0,0,0,0,0,0,0,0,0,0,0,2,36,HOMBRE,ILESO,CONDUCTOR PRESENTE,NO,NO,1
30705,126975,126976,2022,0,0,-0.212261,-78.488641,PICHINCHA,QUITO,QUITO,URBANA,2022-06-11,15:13:00,15,SABADO,6,JUNIO,6,NO,REALIZAR CAMBIO BRUSCO O INDEBIDO DE CARRIL.,CHOQUE LATERAL,CAMIONETA,1,0,0,0,1,0,0,0,0,0,0,0,0,2,35,MUJER,ILESO,CONDUCTOR PRESENTE,NO,NO,1
30706,126986,126987,2022,1,0,-0.333756,-78.468618,PICHINCHA,RUMINIAHUI,SANGOLQUI,RURAL,2022-06-11,18:30:00,18,SABADO,6,JUNIO,6,NO,"NO RESPETAR LAS SENIALES REGLAMENTARIAS DE TRANSITO. (PARE, CEDA EL PASO, LUZ ROJA DEL SEMAFORO, ETC).",CHOQUE LATERAL,NO IDENTIFICADO,0,0,0,0,0,0,0,0,0,1,0,0,0,1,42,HOMBRE,LESIONADO,CONDUCTOR PRESENTE,NO,SI,3
30707,126993,126994,2022,0,0,-0.193993,-78.495709,PICHINCHA,QUITO,QUITO,URBANA,2022-06-11,19:30:00,19,SABADO,6,JUNIO,6,NO,"NO RESPETAR LAS SENIALES REGLAMENTARIAS DE TRANSITO. (PARE, CEDA EL PASO, LUZ ROJA DEL SEMAFORO, ETC).",CHOQUE LATERAL,AUTOMOVIL,2,0,0,0,0,0,0,0,0,0,0,0,0,2,33,HOMBRE,ILESO,CONDUCTOR PRESENTE,NO,NO,1
30708,126994,126995,2022,1,0,-0.236304,-78.529973,PICHINCHA,QUITO,QUITO,URBANA,2022-06-11,19:45:00,19,SABADO,6,JUNIO,6,NO,"CONDUCE BAJO LA INFLUENCIA DE ALCOHOL, SUSTANCIAS ESTUPEFACIENTES O PSICOTROPICAS Y/O MEDICAMENTOS.",CHOQUE FRONTAL,AUTOMOVIL,2,0,0,0,0,0,0,0,0,0,0,0,0,2,32,HOMBRE,LESIONADO,CONDUCTOR PRESENTE,NO,NO,1