,Unnamed: 0,ID,ANIO,LESIONADOS,FALLECIDOS,LATITUD_Y,LONGITUD_X,PROVINCIA,CANTON,PARROQUIA,ZONA,FECHA,HORA,PERIODO_2,DIA_1,DIA_2,MES_1,MES_2,FERIADO,CAUSA_PROBABLE,TIPO_DE_SINIESTRO,TIPO_DE_VEHICULO_1,AUTOMOVIL,BICICLETA,BUS,CAMION,CAMIONETA,EMERGENCIAS,ESPECIAL,FURGONETA,MOTOCICLETA,NO_IDENTIFICADO,SCOOTER_ELECTRICO,TRICIMOTO,VEHICULO_DEPORTIVO_UTILITARIO,SUMA_DE_VEHICULOS,EDAD_1,SEXO_1,CONDICION_1,PARTICIPANTE_1,CASCO_1,CINTURON_1,KMeans_Cluster
30709,126995,126996,2022,0,2,-0.327705,-78.380942,PICHINCHA,QUITO,PINTAG,RURAL,2022-06-11,20:00:00,20,SABADO,6,JUNIO,6,NO,"CONDUCIR DESATENTO A LAS CONDICIONES DE TRANSITO (CELULAR, PANTALLAS DE VIDEO, COMIDA, MAQUILLAJE O CUALQUIER OTRO ELEMENTO DISTRACTOR).",PERDIDA DE CARRIL,MOTOCICLETA,0,0,0,0,0,0,0,0,1,0,0,0,0,1,32,HOMBRE,FALLECIDO,PASAJERO,NO,SI,3
30710,126998,126999,2022,1,0,-0.197901,-78.512402,PICHINCHA,QUITO,QUITO,URBANA,2022-06-11,20:30:00,20,SABADO,6,JUNIO,6,NO,CONDUCIR VEHICULO SUPERANDO LOS LIMITES MAXIMOS DE VELOCIDAD.,COLISION,CAMIONETA,2,0,0,0,1,0,0,0,0,0,0,0,0,3,31,HOMBRE,LESIONADO,CONDUCTOR PRESENTE,NO,NO,1
30711,127002,127003,2022,0,0,-0.457426,-78.755236,PICHINCHA,MEJIA,MANUEL CORNEJO ASTORGA,RURAL,2022-06-11,22:05:00,22,SABADO,6,JUNIO,6,NO,REALIZAR CAMBIO BRUSCO O INDEBIDO DE CARRIL.,CHOQUE FRONTAL,CAMIONETA,0,0,0,0,1,0,0,0,0,1,0,0,0,2,-1,NO IDENTIFICADO,NO IDENTIFICADO,CONDUCTOR AUSENTE,NO,NO,2
30712,127006,127007,2022,1,0,-0.246052,-78.520745,PICHINCHA,QUITO,QUITO,URBANA,2022-06-11,22:56:00,22,SABADO,6,JUNIO,6,NO,CONDUCIR EN SENTIDO CONTRARIO A LA VIA NORMAL DE CIRCULACION.,OTROS,MOTOCICLETA,1,0,0,0,0,0,0,0,2,0,0,0,0,3,55,HOMBRE,LESIONADO,CONDUCTOR PRESENTE,NO,NO,1
30713,127008,127009,2022,3,0,-0.451413,-78.592176,PICHINCHA,MEJIA,ALOAG,RURAL,2022-06-11,23:02:00,23,SABADO,6,JUNIO,6,NO,REALIZAR CAMBIO BRUSCO O INDEBIDO DE CARRIL.,CHOQUE FRONTAL,BUS,0,0,1,0,0,0,0,0,0,0,0,0,1,2,25,MUJER,LESIONADO,PASAJERO,NO,NO,3
30714,127011,127012,2022,0,1,-0.223419,-78.414434,PICHINCHA,QUITO,TUMBACO,RURAL,2022-06-11,23:39:00,23,SABADO,6,JUNIO,6,NO,CONDUCIR VEHICULO SUPERANDO LOS LIMITES MAXIMOS DE VELOCIDAD.,CHOQUE POSTERIOR,MOTOCICLETA,0,0,0,0,0,0,0,0,1,1,0,0,0,2,33,HOMBRE,FALLECIDO,CONDUCTOR PRESENTE,NO,NO,3
30715,127012,127013,2022,0,1,-0.135734,-78.482221,PICHINCHA,QUITO,QUITO,URBANA,2022-06-12,00:05:00,0,DOMINGO,7,JUNIO,6,NO,CONDUCIR VEHICULO SUPERANDO LOS LIMITES MAXIMOS DE VELOCIDAD.,OTROS,AUTOMOVIL,3,0,0,0,0,0,0,0,0,0,0,0,0,3,32,HOMBRE,FALLECIDO,CONDUCTOR PRESENTE,NO,NO,1
30716,127023,127024,2022,0,0,-0.176534,-78.477726,PICHINCHA,QUITO,QUITO,URBANA,2022-06-12,01:40:00,1,DOMINGO,7,JUNIO,6,NO,CONDUCIR VEHICULO SUPERANDO LOS LIMITES MAXIMOS DE VELOCIDAD.,ESTRELLAMIENTOS,AUTOMOVIL,1,0,0,0,0,0,0,0,0,0,0,0,0,1,-1,NO IDENTIFICADO,NO IDENTIFICADO,CONDUCTOR AUSENTE,NO,NO,2
30717,127025,127026,2022,2,0,-0.270628,-78.551872,PICHINCHA,QUITO,QUITO,URBANA,2022-06-12,02:30:00,2,DOMINGO,7,JUNIO,6,NO,CONDUCIR VEHICULO SUPERANDO LOS LIMITES MAXIMOS DE VELOCIDAD.,ESTRELLAMIENTOS,CAMIONETA,0,0,0,0,1,0,0,0,0,0,0,0,0,1,39,HOMBRE,LESIONADO,PASAJERO,NO,NO,1
30718,127035,127036,2022,0,0,-0.291584,-78.484588,PICHINCHA,QUITO,CONOCOTO,RURAL,2022-06-12,04:00:00,4,DOMINGO,7,JUNIO,6,NO,CONDUCIR VEHICULO SUPERANDO LOS LIMITES MAXIMOS DE VELOCIDAD.,ESTRELLAMIENTOS,NO IDENTIFICADO,0,0,0,0,0,0,0,0,0,1,0,0,0,1,-1,NO IDENTIFICADO,NO IDENTIFICADO,CONDUCTOR AUSENTE,NO,NO,2
30719,127037,127038,2022,0,0,-0.189837,-78.446243,PICHINCHA,QUITO,NAYON,RURAL,2022-06-12,04:30:00,4,DOMINGO,7,JUNIO,6,NO,"CONDUCE BAJO LA INFLUENCIA DE ALCOHOL, SUSTANCIAS ESTUPEFACIENTES O PSICOTROPICAS Y/O MEDICAMENTOS.",CHOQUE LATERAL,AUTOMOVIL,2,0,0,0,0,0,0,0,0,0,0,0,0,2,45,HOMBRE,ILESO,CONDUCTOR PRESENTE,NO,NO,3
30720,127038,127039,2022,0,0,-0.269974,-78.551627,PICHINCHA,QUITO,QUITO,URBANA,2022-06-12,04:45:00,4,DOMINGO,7,JUNIO,6,NO,"CONDUCIR EN ESTADO DE SOMNOLENCIA O MALAS CONDICIONES FISICAS (SUENIO, CANSANCIO Y FATIGA).",ESTRELLAMIENTOS,AUTOMOVIL,1,0,0,0,0,0,0,0,0,0,0,0,0,1,31,HOMBRE,ILESO,CONDUCTOR PRESENTE,NO,NO,1
30721,127040,127041,2022,0,1,-0.313546,-78.566407,PICHINCHA,QUITO,QUITO,URBANA,2022-06-12,05:00:00,5,DOMINGO,7,JUNIO,6,NO,NO TRANSITAR POR LAS ACERAS O ZONAS DE SEGURIDAD DESTINADAS PARA EL EFECTO.,ATROPELLOS,NO IDENTIFICADO,0,0,0,0,0,0,0,0,0,1,0,0,0,1,25,HOMBRE,FALLECIDO,PEATON,NO,NO,1
30722,127043,127044,2022,0,0,-0.289724,-78.522153,PICHINCHA,QUITO,QUITO,URBANA,2022-06-12,05:28:00,5,DOMINGO,7,JUNIO,6,NO,"ADELANTAR O REBASAR A OTRO VEHICULO EN MOVIMIENTO EN ZONAS O SITIOS PELIGROSOS TALES COMO: CURVAS, PUENTES, TUNELES, PENDIENTES, ETC.",ESTRELLAMIENTOS,CAMION,0,0,0,1,0,0,0,0,0,0,0,0,0,1,26,HOMBRE,ILESO,CONDUCTOR PRESENTE,NO,NO,1
30723,127051,127052,2022,0,0,-0.254293,-78.520759,PICHINCHA,QUITO,QUITO,URBANA,2022-06-12,07:00:00,7,DOMINGO,7,JUNIO,6,NO,CONDUCIR VEHICULO SUPERANDO LOS LIMITES MAXIMOS DE VELOCIDAD.,ESTRELLAMIENTOS,AUTOMOVIL,1,0,0,0,0,0,0,0,0,0,0,0,0,1,-1,NO IDENTIFICADO,NO IDENTIFICADO,CONDUCTOR AUSENTE,NO,NO,2
30724,127055,127056,2022,0,0,-0.212531,-78.508251,PICHINCHA,QUITO,QUITO,URBANA,2022-06-12,08:20:00,8,DOMINGO,7,JUNIO,6,NO,NO CEDER EL DERECHO DE VIA O PREFERENCIA DE PASO A VEHICULOS.,CHOQUE LATERAL,BICICLETA,1,1,0,0,0,0,0,0,0,0,0,0,0,2,20,HOMBRE,ILESO,CONDUCTOR PRESENTE,NO,NO,1
30725,127056,127057,2022,0,0,-0.107107,-78.459219,PICHINCHA,QUITO,CALDERON (CARAPUNGO),URBANA,2022-06-12,08:30:00,8,DOMINGO,7,JUNIO,6,NO,NO MANTENER LA DISTANCIA PRUDENCIAL CON RESPECTO AL VEHICULO QUE LE ANTECEDE.,CHOQUE POSTERIOR,AUTOMOVIL,2,0,0,0,0,0,0,0,0,0,0,0,0,2,20,HOMBRE,ILESO,CONDUCTOR PRESENTE,NO,NO,1
30726,127061,127062,2022,0,0,-0.457426,-78.755236,PICHINCHA,MEJIA,MANUEL CORNEJO ASTORGA,RURAL,2022-06-12,10:35:00,10,DOMINGO,7,JUNIO,6,NO,REALIZAR CAMBIO BRUSCO O INDEBIDO DE CARRIL.,CHOQUE FRONTAL,AUTOMOVIL,2,0,0,0,0,0,0,0,0,0,0,0,0,2,62,HOMBRE,ILESO,CONDUCTOR PRESENTE,NO,NO,3
30727,127094,127095,2022,0,0,-0.311971,-78.550567,PICHINCHA,QUITO,QUITO,URBANA,2022-06-12,22:00:00,22,DOMINGO,7,JUNIO,6,NO,"CONDUCE BAJO LA INFLUENCIA DE ALCOHOL, SUSTANCIAS ESTUPEFACIENTES O PSICOTROPICAS Y/O MEDICAMENTOS.",ROZAMIENTOS,AUTOMOVIL,2,0,0,0,0,0,0,0,0,0,0,0,0,2,41,HOMBRE,ILESO,CONDUCTOR PRESENTE,NO,NO,1
30728,127095,127096,2022,0,1,-0.212428,-78.372397,PICHINCHA,QUITO,TUMBACO,RURAL,2022-06-12,22:11:00,22,DOMINGO,7,JUNIO,6,NO,NO TRANSITAR POR LAS ACERAS O ZONAS DE SEGURIDAD DESTINADAS PARA EL EFECTO.,ATROPELLOS,NO IDENTIFICADO,0,0,0,0,0,0,0,0,0,1,0,0,0,1,28,HOMBRE,FALLECIDO,PEATON,NO,NO,3
30729,127098,127099,2022,1,0,-0.288259,-78.528841,PICHINCHA,QUITO,QUITO,URBANA,2022-06-13,01:50:00,1,LUNES,1,JUNIO,6,NO,NO MANTENER LA DISTANCIA PRUDENCIAL CON RESPECTO AL VEHICULO QUE LE ANTECEDE.,CHOQUE POSTERIOR,MOTOCICLETA,0,0,0,0,0,0,0,0,1,1,0,0,0,2,27,HOMBRE,LESIONADO,CONDUCTOR PRESENTE,NO,NO,1
30730,127099,127100,2022,0,0,-0.205389,-78.511574,PICHINCHA,QUITO,QUITO,URBANA,2022-06-13,03:10:00,3,LUNES,1,JUNIO,6,NO,CONDUCIR VEHICULO SUPERANDO LOS LIMITES MAXIMOS DE VELOCIDAD.,ESTRELLAMIENTOS,AUTOMOVIL,1,0,0,0,0,0,0,0,0,0,0,0,0,1,-1,NO IDENTIFICADO,NO IDENTIFICADO,CONDUCTOR AUSENTE,NO,NO,2
30731,127100,127101,2022,0,0,-0.093653,-78.503123,PICHINCHA,QUITO,QUITO,URBANA,2022-06-13,04:10:00,4,LUNES,1,JUNIO,6,NO,"FALLA MECANICA EN LOS SISTEMAS Y/O NEUMATICOS (SISTEMA DE FRENOS, DIRECCION, ELECTRONICO O MECANICO).",ESTRELLAMIENTOS,AUTOMOVIL,1,0,0,0,0,0,0,0,0,0,0,0,0,1,45,HOMBRE,ILESO,CONDUCTOR PRESENTE,NO,NO,1
30732,127101,127102,2022,1,0,-0.109544,-78.430491,PICHINCHA,QUITO,CALDERON (CARAPUNGO),RURAL,2022-06-13,04:15:00,4,LUNES,1,JUNIO,6,NO,REALIZAR CAMBIO BRUSCO O INDEBIDO DE CARRIL.,OTROS,MOTOCICLETA,0,0,0,0,0,0,0,0,1,0,0,0,0,1,31,MUJER,LESIONADO,PASAJERO,NO,NO,3
30733,127118,127119,2022,0,0,-0.016292,-78.452954,PICHINCHA,QUITO,SAN ANTONIO (QUITO),RURAL,2022-06-13,13:40:00,13,LUNES,1,JUNIO,6,NO,"CONDUCIR DESATENTO A LAS CONDICIONES DE TRANSITO (CELULAR, PANTALLAS DE VIDEO, COMIDA, MAQUILLAJE O CUALQUIER OTRO ELEMENTO DISTRACTOR).",CHOQUE LATERAL,CAMIONETA,1,0,0,0,1,0,0,0,0,0,0,0,0,2,46,HOMBRE,ILESO,CONDUCTOR PRESENTE,NO,SI,3
30734,127123,127124,2022,1,0,-0.261994,-78.547761,PICHINCHA,QUITO,QUITO,URBANA,2022-06-13,15:36:00,15,LUNES,1,JUNIO,6,NO,NO TRANSITAR POR LAS ACERAS O ZONAS DE SEGURIDAD DESTINADAS PARA EL EFECTO.,ATROPELLOS,SCOOTER ELECTRICO,0,0,0,0,0,0,0,0,0,0,1,0,0,1,66,HOMBRE,LESIONADO,PEATON,NO,NO,1
30735,127126,127127,2022,1,0,-0.210648,-78.386046,PICHINCHA,QUITO,TUMBACO,RURAL,2022-06-13,17:11:00,17,LUNES,1,JUNIO,6,NO,"NO RESPETAR LAS SENIALES REGLAMENTARIAS DE TRANSITO. (PARE, CEDA EL PASO, LUZ ROJA DEL SEMAFORO, ETC).",CHOQUE LATERAL,MOTOCICLETA,0,0,0,0,1,0,0,0,1,0,0,0,0,2,27,HOMBRE,LESIONADO,CONDUCTOR PRESENTE,NO,NO,3
30736,127127,127128,2022,1,0,-0.088239,-78.390727,PICHINCHA,QUITO,CALDERON (CARAPUNGO),RURAL,2022-06-13,19:30:00,19,LUNES,1,JUNIO,6,NO,CONDUCIR EN SENTIDO CONTRARIO A LA VIA NORMAL DE CIRCULACION.,CHOQUE FRONTAL,MOTOCICLETA,0,0,0,0,0,0,0,0,1,0,0,0,1,2,30,HOMBRE,LESIONADO,CONDUCTOR PRESENTE,NO,SI,3
30737,127137,127138,2022,0,0,-0.304186,-78.563921,PICHINCHA,QUITO,QUITO,URBANA,2022-06-14,06:10:00,6,MARTES,2,JUNIO,6,NO,CONDUCIR VEHICULO SUPERANDO LOS LIMITES MAXIMOS DE VELOCIDAD.,CHOQUE LATERAL,MOTOCICLETA,1,0,0,0,0,0,0,0,1,0,0,0,0,2,28,MUJER,ILESO,PASAJERO,NO,NO,1
30738,127142,127143,2022,0,0,-0.257581,-78.528167,PICHINCHA,QUITO,QUITO,URBANA,2022-06-14,07:10:00,7,MARTES,2,JUNIO,6,NO,NO CEDER EL DERECHO DE VIA O PREFERENCIA DE PASO A VEHICULOS.,CHOQUE LATERAL,BICICLETA,1,1,0,0,0,0,0,0,0,0,0,0,0,2,48,HOMBRE,ILESO,CONDUCTOR PRESENTE,NO,NO,1
30739,127155,127156,2022,0,0,-0.175376,-78.487301,PICHINCHA,QUITO,QUITO,URBANA,2022-06-14,11:50:00,11,MARTES,2,JUNIO,6,NO,"NO RESPETAR LAS SENIALES REGLAMENTARIAS DE TRANSITO. (PARE, CEDA EL PASO, LUZ ROJA DEL SEMAFORO, ETC).",CHOQUE LATERAL,AUTOMOVIL,2,0,0,0,0,0,0,0,0,0,0,0,0,2,36,HOMBRE,ILESO,CONDUCTOR PRESENTE,NO,NO,1
30740,127161,127162,2022,0,0,-0.095294,-78.451396,PICHINCHA,QUITO,CALDERON (CARAPUNGO),RURAL,2022-06-14,15:35:00,15,MARTES,2,JUNIO,6,NO,REALIZAR CAMBIO BRUSCO O INDEBIDO DE CARRIL.,CHOQUE LATERAL,CAMIONETA,1,0,0,0,1,0,0,0,0,0,0,0,0,2,28,HOMBRE,ILESO,CONDUCTOR PRESENTE,NO,NO,3
30741,127172,127173,2022,0,0,-0.258336,-78.560055,PICHINCHA,QUITO,QUITO,URBANA,2022-06-14,19:00:00,19,MARTES,2,JUNIO,6,NO,"CONDUCE BAJO LA INFLUENCIA DE ALCOHOL, SUSTANCIAS ESTUPEFACIENTES O PSICOTROPICAS Y/O MEDICAMENTOS.",ESTRELLAMIENTOS,FURGONETA,0,0,0,0,0,0,0,1,0,0,0,0,0,1,53,HOMBRE,ILESO,CONDUCTOR PRESENTE,NO,NO,1
30742,127175,127176,2022,0,0,-0.200583,-78.511636,PICHINCHA,QUITO,QUITO,URBANA,2022-06-14,19:40:00,19,MARTES,2,JUNIO,6,NO,"NO RESPETAR LAS SENIALES REGLAMENTARIAS DE TRANSITO. (PARE, CEDA EL PASO, LUZ ROJA DEL SEMAFORO, ETC).",CHOQUE POSTERIOR,AUTOMOVIL,2,0,0,0,0,0,0,0,0,0,0,0,0,2,37,HOMBRE,ILESO,CONDUCTOR PRESENTE,NO,NO,1
30743,127183,127184,2022,1,0,-0.297031,-78.559202,PICHINCHA,QUITO,QUITO,URBANA,2022-06-15,07:50:00,7,MIERCOLES,3,JUNIO,6,NO,"FALLA MECANICA EN LOS SISTEMAS Y/O NEUMATICOS (SISTEMA DE FRENOS, DIRECCION, ELECTRONICO O MECANICO).",OTROS,BUS,0,0,1,0,0,0,0,0,0,0,0,0,0,1,19,HOMBRE,LESIONADO,PASAJERO,NO,NO,1
30744,127186,127187,2022,1,0,-0.329101,-78.449451,PICHINCHA,RUMINIAHUI,SANGOLQUI,URBANA,2022-06-15,09:20:00,9,MIERCOLES,3,JUNIO,6,NO,"CONDUCIR DESATENTO A LAS CONDICIONES DE TRANSITO (CELULAR, PANTALLAS DE VIDEO, COMIDA, MAQUILLAJE O CUALQUIER OTRO ELEMENTO DISTRACTOR).",ATROPELLOS,CAMIONETA,0,0,0,0,1,0,0,0,0,0,0,0,0,1,66,HOMBRE,LESIONADO,PEATON,NO,SI,1
30745,127213,127214,2022,1,0,-0.169585,-78.490088,PICHINCHA,QUITO,QUITO,URBANA,2022-06-15,18:00:00,18,MIERCOLES,3,JUNIO,6,NO,"CONDUCE BAJO LA INFLUENCIA DE ALCOHOL, SUSTANCIAS ESTUPEFACIENTES O PSICOTROPICAS Y/O MEDICAMENTOS.",CHOQUE LATERAL,MOTOCICLETA,1,0,0,0,0,0,0,0,1,0,0,0,0,2,28,HOMBRE,LESIONADO,CONDUCTOR PRESENTE,NO,NO,1
30746,127231,127232,2022,0,0,-0.088482,-78.502173,PICHINCHA,QUITO,QUITO,URBANA,2022-06-16,04:05:00,4,JUEVES,4,JUNIO,6,NO,PESO Y VOLUMEN - NO CUMPLIR CON LAS NORMAS DE SEGURIDAD NECESARIAS AL TRANSPORTAR CARGAS.,OTROS,CAMION,0,0,0,1,0,0,0,0,0,0,0,0,0,1,51,HOMBRE,ILESO,CONDUCTOR PRESENTE,NO,NO,1
30747,127232,127233,2022,0,0,0.020251,-78.609081,PICHINCHA,QUITO,NONO,RURAL,2022-06-16,05:40:00,5,JUEVES,4,JUNIO,6,NO,REALIZAR CAMBIO BRUSCO O INDEBIDO DE CARRIL.,ESTRELLAMIENTOS,CAMION,0,0,0,2,0,0,0,0,0,0,0,0,0,2,37,HOMBRE,ILESO,CONDUCTOR PRESENTE,NO,SI,3
30748,127236,127237,2022,1,0,-0.216174,-78.513945,PICHINCHA,QUITO,QUITO,URBANA,2022-06-16,07:30:00,7,JUEVES,4,JUNIO,6,NO,CONDUCIR VEHICULO SUPERANDO LOS LIMITES MAXIMOS DE VELOCIDAD.,CHOQUE LATERAL,MOTOCICLETA,0,0,0,0,0,0,0,0,2,0,0,0,0,2,42,HOMBRE,LESIONADO,CONDUCTOR PRESENTE,NO,NO,1
30749,127237,127238,2022,2,0,-0.151531,-78.489756,PICHINCHA,QUITO,QUITO,URBANA,2022-06-16,07:40:00,7,JUEVES,4,JUNIO,6,NO,NO TRANSITAR POR LAS ACERAS O ZONAS DE SEGURIDAD DESTINADAS PARA EL EFECTO.,ATROPELLOS,MOTOCICLETA,0,0,0,0,0,0,0,0,1,0,0,0,0,1,33,MUJER,LESIONADO,PEATON,NO,NO,1
30750,127257,127258,2022,2,0,-0.276583,-78.552463,PICHINCHA,QUITO,QUITO,URBANA,2022-06-16,15:52:00,15,JUEVES,4,JUNIO,6,NO,PEATON QUE CRUZA LA CALZADA SIN RESPETAR LA SENIALIZACION EXISTENTE (SEMAFOROS O SENIALES MANUALES).,OTROS,MOTOCICLETA,0,0,0,0,0,0,0,0,1,1,0,0,0,2,34,MUJER,LESIONADO,PEATON,NO,NO,1
30751,127267,127268,2022,1,0,-0.191667,-78.500065,PICHINCHA,QUITO,QUITO,URBANA,2022-06-16,19:10:00,19,JUEVES,4,JUNIO,6,NO,"CONDUCE BAJO LA INFLUENCIA DE ALCOHOL, SUSTANCIAS ESTUPEFACIENTES O PSICOTROPICAS Y/O MEDICAMENTOS.",CHOQUE LATERAL,MOTOCICLETA,0,0,0,0,1,0,0,0,1,0,0,0,0,2,36,HOMBRE,LESIONADO,CONDUCTOR PRESENTE,NO,NO,1
30752,127272,127273,2022,0,0,-0.088789,-78.505241,PICHINCHA,QUITO,QUITO,URBANA,2022-06-16,22:15:00,22,JUEVES,4,JUNIO,6,NO,REALIZAR CAMBIO BRUSCO O INDEBIDO DE CARRIL.,PERDIDA DE CARRIL,AUTOMOVIL,1,0,0,0,0,0,0,0,0,0,0,0,0,1,51,MUJER,ILESO,CONDUCTOR PRESENTE,NO,NO,1
30753,127277,127278,2022,0,0,-0.241791,-78.485763,PICHINCHA,QUITO,QUITO,RURAL,2022-06-17,02:00:00,2,VIERNES,5,JUNIO,6,NO,"CONDUCIR DESATENTO A LAS CONDICIONES DE TRANSITO (CELULAR, PANTALLAS DE VIDEO, COMIDA, MAQUILLAJE O CUALQUIER OTRO ELEMENTO DISTRACTOR).",PERDIDA DE CARRIL,AUTOMOVIL,1,0,0,0,0,0,0,0,0,0,0,0,0,1,39,HOMBRE,ILESO,CONDUCTOR PRESENTE,NO,SI,3
30754,127282,127283,2022,1,0,-0.292701,-78.519835,PICHINCHA,QUITO,QUITO,URBANA,2022-06-17,04:30:00,4,VIERNES,5,JUNIO,6,NO,CONDUCIR VEHICULO SUPERANDO LOS LIMITES MAXIMOS DE VELOCIDAD.,ESTRELLAMIENTOS,AUTOMOVIL,1,0,0,0,0,0,0,0,0,0,0,0,0,1,20,MUJER,LESIONADO,PEATON,NO,NO,1
30755,127292,127293,2022,1,0,-0.189253,-78.511867,PICHINCHA,QUITO,QUITO,URBANA,2022-06-17,07:15:00,7,VIERNES,5,JUNIO,6,NO,CONDUCIR VEHICULO SUPERANDO LOS LIMITES MAXIMOS DE VELOCIDAD.,PERDIDA DE CARRIL,MOTOCICLETA,0,0,0,0,0,0,0,0,1,0,0,0,0,1,38,MUJER,LESIONADO,PASAJERO,NO,NO,1
30756,127298,127299,2022,1,0,-0.168018,-78.472091,PICHINCHA,QUITO,QUITO,URBANA,2022-06-17,11:41:00,11,VIERNES,5,JUNIO,6,NO,NO CEDER EL DERECHO DE VIA O PREFERENCIA DE PASO A VEHICULOS.,CHOQUE LATERAL,MOTOCICLETA,1,0,0,0,0,0,0,0,1,0,0,0,0,2,39,HOMBRE,LESIONADO,CONDUCTOR PRESENTE,NO,NO,1
30757,127300,127301,2022,4,0,-0.165168,-78.478803,PICHINCHA,QUITO,QUITO,URBANA,2022-06-17,12:10:00,12,VIERNES,5,JUNIO,6,NO,"NO RESPETAR LAS SENIALES REGLAMENTARIAS DE TRANSITO. (PARE, CEDA EL PASO, LUZ ROJA DEL SEMAFORO, ETC).",CHOQUE LATERAL,AUTOMOVIL,2,0,0,0,0,0,0,0,0,0,0,0,0,2,18,MUJER,LESIONADO,PASAJERO,NO,NO,1
30758,127301,127302,2022,1,0,-0.303331,-78.521675,PICHINCHA,QUITO,QUITO,URBANA,2022-06-17,12:50:00,12,VIERNES,5,JUNIO,6,NO,NO MANTENER LA DISTANCIA PRUDENCIAL CON RESPECTO AL VEHICULO QUE LE ANTECEDE.,CHOQUE POSTERIOR,AUTOMOVIL,2,0,0,0,0,0,0,0,0,0,0,0,0,2,28,MUJER,LESIONADO,PASAJERO,NO,NO,1
30759,127302,127303,2022,1,0,-0.125696,-78.478292,PICHINCHA,QUITO,QUITO,URBANA,2022-06-17,14:00:00,14,VIERNES,5,JUNIO,6,NO,"NO RESPETAR LAS SENIALES REGLAMENTARIAS DE TRANSITO. (PARE, CEDA EL PASO, LUZ ROJA DEL SEMAFORO, ETC).",CHOQUE LATERAL,MOTOCICLETA,1,0,0,0,0,0,0,0,1,0,0,0,0,2,26,HOMBRE,LESIONADO,CONDUCTOR PRESENTE,NO,NO,1
30760,127306,127307,2022,1,0,-0.248983,-78.520789,PICHINCHA,QUITO,QUITO,URBANA,2022-06-17,16:00:00,16,VIERNES,5,JUNIO,6,NO,PEATON QUE CRUZA LA CALZADA SIN RESPETAR LA SENIALIZACION EXISTENTE (SEMAFOROS O SENIALES MANUALES).,ATROPELLOS,MOTOCICLETA,0,0,0,0,0,0,0,0,1,0,0,0,0,1,76,HOMBRE,LESIONADO,PEATON,NO,NO,1
30761,127309,127310,2022,1,0,-0.171981,-78.487597,PICHINCHA,QUITO,QUITO,URBANA,2022-06-17,16:25:00,16,VIERNES,5,JUNIO,6,NO,NO TRANSITAR POR LAS ACERAS O ZONAS DE SEGURIDAD DESTINADAS PARA EL EFECTO.,ATROPELLOS,MOTOCICLETA,0,0,0,0,0,0,0,0,1,0,0,0,0,1,54,HOMBRE,LESIONADO,PEATON,NO,NO,1
30762,127320,127321,2022,1,0,-0.256656,-78.502751,PICHINCHA,QUITO,QUITO,URBANA,2022-06-17,20:35:00,20,VIERNES,5,JUNIO,6,NO,CONDUCIR VEHICULO SUPERANDO LOS LIMITES MAXIMOS DE VELOCIDAD.,ESTRELLAMIENTOS,AUTOMOVIL,1,0,0,0,0,0,0,0,0,0,0,0,0,1,38,HOMBRE,LESIONADO,CONDUCTOR PRESENTE,NO,NO,1
30763,127327,127328,2022,0,0,-0.128192,-78.488552,PICHINCHA,QUITO,QUITO,URBANA,2022-06-17,21:40:00,21,VIERNES,5,JUNIO,6,NO,CONDUCIR VEHICULO SUPERANDO LOS LIMITES MAXIMOS DE VELOCIDAD.,ESTRELLAMIENTOS,AUTOMOVIL,1,0,0,0,0,0,0,0,0,0,0,0,0,1,-1,NO IDENTIFICADO,NO IDENTIFICADO,CONDUCTOR AUSENTE,NO,NO,2
30764,127333,127334,2022,1,0,-0.123179,-78.493773,PICHINCHA,QUITO,QUITO,URBANA,2022-06-18,00:05:00,0,SABADO,6,JUNIO,6,NO,CONDUCIR VEHICULO SUPERANDO LOS LIMITES MAXIMOS DE VELOCIDAD.,CHOQUE POSTERIOR,MOTOCICLETA,1,0,0,0,0,0,0,0,1,0,0,0,0,2,33,HOMBRE,LESIONADO,PASAJERO,NO,NO,1
30765,127338,127339,2022,0,0,-0.258879,-78.545031,PICHINCHA,QUITO,QUITO,URBANA,2022-06-18,01:50:00,1,SABADO,6,JUNIO,6,NO,CONDUCIR VEHICULO SUPERANDO LOS LIMITES MAXIMOS DE VELOCIDAD.,ESTRELLAMIENTOS,AUTOMOVIL,1,0,0,0,0,0,0,0,0,0,0,0,0,1,-1,NO IDENTIFICADO,NO IDENTIFICADO,CONDUCTOR AUSENTE,NO,NO,2
30766,127339,127340,2022,1,0,-0.276977,-78.547002,PICHINCHA,QUITO,QUITO,URBANA,2022-06-18,01:50:00,1,SABADO,6,JUNIO,6,NO,CONDUCIR VEHICULO SUPERANDO LOS LIMITES MAXIMOS DE VELOCIDAD.,ESTRELLAMIENTOS,MOTOCICLETA,0,0,0,0,0,0,0,0,1,0,0,0,0,1,40,HOMBRE,LESIONADO,CONDUCTOR PRESENTE,NO,NO,1