,Unnamed: 0,ID,ANIO,LESIONADOS,FALLECIDOS,LATITUD_Y,LONGITUD_X,PROVINCIA,CANTON,PARROQUIA,ZONA,FECHA,HORA,PERIODO_2,DIA_1,DIA_2,MES_1,MES_2,FERIADO,CAUSA_PROBABLE,TIPO_DE_SINIESTRO,TIPO_DE_VEHICULO_1,AUTOMOVIL,BICICLETA,BUS,CAMION,CAMIONETA,EMERGENCIAS,ESPECIAL,FURGONETA,MOTOCICLETA,NO_IDENTIFICADO,SCOOTER_ELECTRICO,TRICIMOTO,VEHICULO_DEPORTIVO_UTILITARIO,SUMA_DE_VEHICULOS,EDAD_1,SEXO_1,CONDICION_1,PARTICIPANTE_1,CASCO_1,CINTURON_1,KMeans_Cluster
30767,127344,127345,2022,0,0,-0.067377,-78.451029,PICHINCHA,QUITO,CALDERON (CARAPUNGO),RURAL,2022-06-18,02:30:00,2,SABADO,6,JUNIO,6,NO,"CONDUCE BAJO LA INFLUENCIA DE ALCOHOL, SUSTANCIAS ESTUPEFACIENTES O PSICOTROPICAS Y/O MEDICAMENTOS.",ESTRELLAMIENTOS,AUTOMOVIL,1,0,0,0,0,0,0,0,0,0,0,0,0,1,20,HOMBRE,ILESO,CONDUCTOR PRESENTE,NO,NO,3
30768,127350,127351,2022,0,0,-0.175844,-78.485638,PICHINCHA,QUITO,QUITO,URBANA,2022-06-18,05:05:00,5,SABADO,6,JUNIO,6,NO,"CONDICIONES AMBIENTALES Y/O ATMOSFERICAS (NIEBLA, NEBLINA, GRANIZO, LLUVIA).",CHOQUE LATERAL,AUTOMOVIL,2,0,0,0,0,0,0,0,0,0,0,0,0,2,43,HOMBRE,ILESO,CONDUCTOR PRESENTE,NO,NO,1
30769,127351,127352,2022,0,0,-0.141422,-78.482938,PICHINCHA,QUITO,QUITO,URBANA,2022-06-18,05:05:00,5,SABADO,6,JUNIO,6,NO,"CONDUCE BAJO LA INFLUENCIA DE ALCOHOL, SUSTANCIAS ESTUPEFACIENTES O PSICOTROPICAS Y/O MEDICAMENTOS.",CHOQUE LATERAL,AUTOMOVIL,2,0,0,0,0,0,0,0,0,0,0,0,0,2,45,MUJER,ILESO,CONDUCTOR PRESENTE,NO,NO,1
30770,127372,127373,2022,0,0,-0.093613,-78.498032,PICHINCHA,QUITO,QUITO,URBANA,2022-06-18,13:30:00,13,SABADO,6,JUNIO,6,NO,"NO RESPETAR LAS SENIALES REGLAMENTARIAS DE TRANSITO. (PARE, CEDA EL PASO, LUZ ROJA DEL SEMAFORO, ETC).",CHOQUE FRONTAL,AUTOMOVIL,2,0,0,0,0,0,0,0,0,0,0,0,0,2,46,HOMBRE,ILESO,CONDUCTOR PRESENTE,NO,NO,1
30771,127379,127380,2022,1,0,-0.205947,-78.501758,PICHINCHA,QUITO,QUITO,URBANA,2022-06-18,17:50:00,17,SABADO,6,JUNIO,6,NO,"NO RESPETAR LAS SENIALES REGLAMENTARIAS DE TRANSITO. (PARE, CEDA EL PASO, LUZ ROJA DEL SEMAFORO, ETC).",CHOQUE LATERAL,AUTOMOVIL,2,0,0,0,0,0,0,0,0,0,0,0,0,2,22,HOMBRE,LESIONADO,PASAJERO,NO,NO,1
30772,127383,127384,2022,1,0,-0.213969,-78.516173,PICHINCHA,QUITO,QUITO,URBANA,2022-06-18,18:50:00,18,SABADO,6,JUNIO,6,NO,"CONDUCE BAJO LA INFLUENCIA DE ALCOHOL, SUSTANCIAS ESTUPEFACIENTES O PSICOTROPICAS Y/O MEDICAMENTOS.",CHOQUE POSTERIOR,AUTOMOVIL,2,0,0,0,0,0,0,0,0,0,0,0,0,2,36,MUJER,LESIONADO,CONDUCTOR PRESENTE,NO,NO,1
30773,127393,127394,2022,0,1,-0.284715,-78.518219,PICHINCHA,QUITO,QUITO,URBANA,2022-06-18,20:15:00,20,SABADO,6,JUNIO,6,NO,CONDUCIR VEHICULO SUPERANDO LOS LIMITES MAXIMOS DE VELOCIDAD.,PERDIDA DE CARRIL,MOTOCICLETA,0,0,0,0,0,0,0,0,1,0,0,0,0,1,31,HOMBRE,FALLECIDO,CONDUCTOR PRESENTE,NO,NO,1
30774,127394,127395,2022,0,0,-0.104125,-78.462745,PICHINCHA,QUITO,QUITO,URBANA,2022-06-18,20:40:00,20,SABADO,6,JUNIO,6,NO,"CONDUCE BAJO LA INFLUENCIA DE ALCOHOL, SUSTANCIAS ESTUPEFACIENTES O PSICOTROPICAS Y/O MEDICAMENTOS.",COLISION,AUTOMOVIL,3,0,0,0,0,0,0,0,0,0,0,0,0,3,47,MUJER,ILESO,PASAJERO,NO,NO,1
30775,127399,127400,2022,2,0,-0.117112,-78.464547,PICHINCHA,QUITO,QUITO,URBANA,2022-06-18,22:20:00,22,SABADO,6,JUNIO,6,NO,"CONDICIONES AMBIENTALES Y/O ATMOSFERICAS (NIEBLA, NEBLINA, GRANIZO, LLUVIA).",ESTRELLAMIENTOS,AUTOMOVIL,1,0,0,0,0,0,0,0,0,0,0,0,0,1,42,HOMBRE,LESIONADO,PASAJERO,NO,NO,1
30776,127400,127401,2022,0,0,0.004457,-78.463768,PICHINCHA,QUITO,SAN ANTONIO (QUITO),RURAL,2022-06-18,22:23:00,22,SABADO,6,JUNIO,6,NO,"CONDUCE BAJO LA INFLUENCIA DE ALCOHOL, SUSTANCIAS ESTUPEFACIENTES O PSICOTROPICAS Y/O MEDICAMENTOS.",CHOQUE LATERAL,VEHICULO DEPORTIVO UTILITARIO,1,0,0,0,0,0,0,0,0,0,0,0,1,2,40,HOMBRE,ILESO,CONDUCTOR PRESENTE,NO,SI,3
30777,127404,127405,2022,0,0,-0.237381,-78.485573,PICHINCHA,QUITO,QUITO,URBANA,2022-06-18,23:00:00,23,SABADO,6,JUNIO,6,NO,"CONDICIONES AMBIENTALES Y/O ATMOSFERICAS (NIEBLA, NEBLINA, GRANIZO, LLUVIA).",ESTRELLAMIENTOS,MOTOCICLETA,0,0,0,0,0,0,0,0,1,0,0,0,0,1,-1,NO IDENTIFICADO,NO IDENTIFICADO,CONDUCTOR AUSENTE,NO,NO,2
30778,127406,127407,2022,0,1,-0.205389,-78.511574,PICHINCHA,QUITO,QUITO,URBANA,2022-06-18,23:30:00,23,SABADO,6,JUNIO,6,NO,"ADELANTAR O REBASAR A OTRO VEHICULO EN MOVIMIENTO EN ZONAS O SITIOS PELIGROSOS TALES COMO: CURVAS, PUENTES, TUNELES, PENDIENTES, ETC.",ESTRELLAMIENTOS,AUTOMOVIL,1,0,0,0,0,0,0,0,0,0,0,0,0,1,40,HOMBRE,FALLECIDO,PASAJERO,NO,NO,1
30779,127411,127412,2022,0,0,-0.207719,-78.497123,PICHINCHA,QUITO,QUITO,URBANA,2022-06-19,01:03:00,1,DOMINGO,7,JUNIO,6,NO,"FALLA MECANICA EN LOS SISTEMAS Y/O NEUMATICOS (SISTEMA DE FRENOS, DIRECCION, ELECTRONICO O MECANICO).",ESTRELLAMIENTOS,AUTOMOVIL,1,0,0,0,0,0,0,0,0,0,0,0,0,1,70,HOMBRE,ILESO,CONDUCTOR PRESENTE,NO,NO,1
30780,127415,127416,2022,1,0,-0.291179,-78.487527,PICHINCHA,QUITO,CONOCOTO,RURAL,2022-06-19,02:00:00,2,DOMINGO,7,JUNIO,6,NO,"NO RESPETAR LAS SENIALES REGLAMENTARIAS DE TRANSITO. (PARE, CEDA EL PASO, LUZ ROJA DEL SEMAFORO, ETC).",CHOQUE LATERAL,MOTOCICLETA,0,0,0,0,0,0,0,0,1,1,0,0,0,2,25,HOMBRE,LESIONADO,CONDUCTOR PRESENTE,NO,NO,3
30781,127428,127429,2022,0,0,-0.355728,-78.526631,PICHINCHA,QUITO,QUITO,RURAL,2022-06-19,06:10:00,6,DOMINGO,7,JUNIO,6,NO,CONDUCIR VEHICULO SUPERANDO LOS LIMITES MAXIMOS DE VELOCIDAD.,ESTRELLAMIENTOS,CAMION,0,0,0,1,0,0,0,0,0,0,0,0,0,1,-1,NO IDENTIFICADO,NO IDENTIFICADO,CONDUCTOR AUSENTE,NO,NO,2
30782,127435,127436,2022,1,0,-0.240511,-78.485823,PICHINCHA,QUITO,QUITO,URBANA,2022-06-19,08:00:00,8,DOMINGO,7,JUNIO,6,NO,CONDUCIR VEHICULO SUPERANDO LOS LIMITES MAXIMOS DE VELOCIDAD.,ESTRELLAMIENTOS,AUTOMOVIL,1,0,0,0,0,0,0,0,0,0,0,0,0,1,60,HOMBRE,LESIONADO,PASAJERO,NO,NO,1
30783,127441,127442,2022,1,0,-0.262467,-78.537682,PICHINCHA,QUITO,QUITO,URBANA,2022-06-19,09:40:00,9,DOMINGO,7,JUNIO,6,NO,"CONDUCIR DESATENTO A LAS CONDICIONES DE TRANSITO (CELULAR, PANTALLAS DE VIDEO, COMIDA, MAQUILLAJE O CUALQUIER OTRO ELEMENTO DISTRACTOR).",CHOQUE POSTERIOR,MOTOCICLETA,0,0,0,0,0,0,0,0,1,1,0,0,0,2,63,HOMBRE,LESIONADO,CONDUCTOR PRESENTE,NO,NO,1
30784,127444,127445,2022,0,0,-0.191764,-78.506841,PICHINCHA,QUITO,QUITO,URBANA,2022-06-19,10:30:00,10,DOMINGO,7,JUNIO,6,NO,CONDUCIR VEHICULO SUPERANDO LOS LIMITES MAXIMOS DE VELOCIDAD.,ESTRELLAMIENTOS,AUTOMOVIL,1,0,0,0,0,0,0,0,0,0,0,0,0,1,-1,NO IDENTIFICADO,NO IDENTIFICADO,CONDUCTOR AUSENTE,NO,NO,2
30785,127445,127446,2022,0,0,-0.197384,-78.488909,PICHINCHA,QUITO,QUITO,URBANA,2022-06-19,11:00:00,11,DOMINGO,7,JUNIO,6,NO,"NO RESPETAR LAS SENIALES REGLAMENTARIAS DE TRANSITO. (PARE, CEDA EL PASO, LUZ ROJA DEL SEMAFORO, ETC).",CHOQUE LATERAL,AUTOMOVIL,2,0,0,0,0,0,0,0,0,0,0,0,0,2,37,MUJER,ILESO,CONDUCTOR PRESENTE,NO,NO,1
30786,127465,127466,2022,1,0,-0.265236,-78.513118,PICHINCHA,QUITO,QUITO,URBANA,2022-06-19,15:40:00,15,DOMINGO,7,JUNIO,6,NO,CONDUCIR VEHICULO SUPERANDO LOS LIMITES MAXIMOS DE VELOCIDAD.,ESTRELLAMIENTOS,AUTOMOVIL,1,0,0,0,0,0,0,0,0,0,0,0,0,1,30,HOMBRE,LESIONADO,PASAJERO,NO,NO,1
30787,127469,127470,2022,1,0,-0.300769,-78.521274,PICHINCHA,QUITO,QUITO,URBANA,2022-06-19,16:30:00,16,DOMINGO,7,JUNIO,6,NO,REALIZAR CAMBIO BRUSCO O INDEBIDO DE CARRIL.,OTROS,MOTOCICLETA,0,0,0,0,0,0,0,0,1,0,0,0,0,1,27,HOMBRE,LESIONADO,CONDUCTOR PRESENTE,NO,NO,1
30788,127488,127489,2022,1,0,-0.317929,-78.563262,PICHINCHA,QUITO,QUITO,URBANA,2022-06-19,19:40:00,19,DOMINGO,7,JUNIO,6,NO,"CONDICIONES AMBIENTALES Y/O ATMOSFERICAS (NIEBLA, NEBLINA, GRANIZO, LLUVIA).",ESTRELLAMIENTOS,MOTOCICLETA,0,0,0,0,0,0,0,0,1,0,0,0,0,1,26,HOMBRE,LESIONADO,PASAJERO,NO,NO,1
30789,127489,127490,2022,0,0,-0.273205,-78.552194,PICHINCHA,QUITO,QUITO,URBANA,2022-06-19,19:43:00,19,DOMINGO,7,JUNIO,6,NO,CONDUCIR VEHICULO SUPERANDO LOS LIMITES MAXIMOS DE VELOCIDAD.,PERDIDA DE CARRIL,CAMIONETA,0,0,0,0,1,0,0,0,0,0,0,0,0,1,-1,NO IDENTIFICADO,NO IDENTIFICADO,CONDUCTOR AUSENTE,NO,NO,2
30790,127500,127501,2022,0,0,-0.285943,-78.530932,PICHINCHA,QUITO,QUITO,URBANA,2022-06-19,22:10:00,22,DOMINGO,7,JUNIO,6,NO,CONDUCIR VEHICULO SUPERANDO LOS LIMITES MAXIMOS DE VELOCIDAD.,OTROS,FURGONETA,0,0,0,0,1,0,0,1,0,0,0,0,0,2,31,HOMBRE,ILESO,CONDUCTOR PRESENTE,NO,NO,1
30791,127502,127503,2022,1,0,-0.113481,-78.495238,PICHINCHA,QUITO,QUITO,URBANA,2022-06-19,22:40:00,22,DOMINGO,7,JUNIO,6,NO,NO CEDER EL DERECHO DE VIA O PREFERENCIA DE PASO A VEHICULOS.,CHOQUE LATERAL,NO IDENTIFICADO,0,0,0,0,0,0,0,0,0,2,0,0,0,2,19,HOMBRE,LESIONADO,CONDUCTOR PRESENTE,NO,NO,1
30792,127520,127521,2022,0,0,-0.193509,-78.443416,PICHINCHA,QUITO,NAYON,RURAL,2022-06-20,06:54:00,6,LUNES,1,JUNIO,6,NO,"CONDICIONES AMBIENTALES Y/O ATMOSFERICAS (NIEBLA, NEBLINA, GRANIZO, LLUVIA).",CHOQUE LATERAL,AUTOMOVIL,2,0,0,0,0,0,0,0,0,0,0,0,0,2,72,HOMBRE,ILESO,CONDUCTOR PRESENTE,NO,NO,3
30793,127538,127539,2022,0,0,-0.206492,-78.494393,PICHINCHA,QUITO,QUITO,URBANA,2022-06-20,14:50:00,14,LUNES,1,JUNIO,6,NO,NO CEDER EL DERECHO DE VIA O PREFERENCIA DE PASO A VEHICULOS.,CHOQUE LATERAL,AUTOMOVIL,2,0,0,0,0,0,0,0,0,0,0,0,0,2,43,HOMBRE,ILESO,CONDUCTOR PRESENTE,NO,NO,1
30794,127562,127563,2022,0,0,-0.217766,-78.356107,PICHINCHA,QUITO,PIFO,RURAL,2022-06-21,06:35:00,6,MARTES,2,JUNIO,6,NO,CONDUCIR VEHICULO SUPERANDO LOS LIMITES MAXIMOS DE VELOCIDAD.,CHOQUE LATERAL,CAMIONETA,1,0,0,0,1,0,0,0,0,0,0,0,0,2,50,HOMBRE,ILESO,CONDUCTOR PRESENTE,NO,NO,3
30795,127599,127600,2022,2,0,-0.212037,-78.387708,PICHINCHA,QUITO,TUMBACO,RURAL,2022-06-21,22:15:00,22,MARTES,2,JUNIO,6,NO,"NO RESPETAR LAS SENIALES REGLAMENTARIAS DE TRANSITO. (PARE, CEDA EL PASO, LUZ ROJA DEL SEMAFORO, ETC).",CHOQUE LATERAL,AUTOMOVIL,2,0,0,0,0,0,0,0,0,0,0,0,0,2,24,HOMBRE,LESIONADO,CONDUCTOR PRESENTE,NO,NO,3
30796,127600,127601,2022,0,1,-0.302978,-78.521647,PICHINCHA,QUITO,QUITO,URBANA,2022-06-21,22:30:00,22,MARTES,2,JUNIO,6,NO,PEATON QUE CRUZA LA CALZADA SIN RESPETAR LA SENIALIZACION EXISTENTE (SEMAFOROS O SENIALES MANUALES).,ATROPELLOS,NO IDENTIFICADO,0,0,0,0,0,0,0,0,0,1,0,0,0,1,30,HOMBRE,FALLECIDO,PEATON,NO,NO,1
30797,127609,127610,2022,1,0,-0.184491,-78.480736,PICHINCHA,QUITO,QUITO,URBANA,2022-06-22,08:55:00,8,MIERCOLES,3,JUNIO,6,NO,REALIZAR CAMBIO BRUSCO O INDEBIDO DE CARRIL.,CHOQUE LATERAL,MOTOCICLETA,0,0,0,0,0,0,0,0,1,1,0,0,0,2,34,MUJER,LESIONADO,CONDUCTOR PRESENTE,NO,NO,1
30798,127624,127625,2022,0,0,-0.123401,-78.493771,PICHINCHA,QUITO,QUITO,URBANA,2022-06-22,16:45:00,16,MIERCOLES,3,JUNIO,6,NO,"FALLA MECANICA EN LOS SISTEMAS Y/O NEUMATICOS (SISTEMA DE FRENOS, DIRECCION, ELECTRONICO O MECANICO).",ESTRELLAMIENTOS,AUTOMOVIL,1,0,0,0,0,0,0,0,0,0,0,0,0,1,38,HOMBRE,ILESO,CONDUCTOR PRESENTE,NO,NO,1
30799,127650,127651,2022,1,0,-0.297205,-78.356905,PICHINCHA,QUITO,PIFO,RURAL,2022-06-23,09:00:00,9,JUEVES,4,JUNIO,6,NO,"CONDUCIR DESATENTO A LAS CONDICIONES DE TRANSITO (CELULAR, PANTALLAS DE VIDEO, COMIDA, MAQUILLAJE O CUALQUIER OTRO ELEMENTO DISTRACTOR).",OTROS,CAMION,0,0,0,2,0,0,0,0,0,0,0,0,0,2,47,HOMBRE,LESIONADO,PASAJERO,NO,NO,3
30800,127667,127668,2022,0,1,-0.224827,-78.348449,PICHINCHA,QUITO,PIFO,RURAL,2022-06-23,19:50:00,19,JUEVES,4,JUNIO,6,NO,"CONDICIONES AMBIENTALES Y/O ATMOSFERICAS (NIEBLA, NEBLINA, GRANIZO, LLUVIA).",ESTRELLAMIENTOS,MOTOCICLETA,0,0,0,0,0,0,0,0,1,0,0,0,0,1,20,HOMBRE,FALLECIDO,PASAJERO,NO,NO,3
30801,127672,127673,2022,1,0,-0.107657,-78.447249,PICHINCHA,QUITO,CALDERON (CARAPUNGO),RURAL,2022-06-23,21:40:00,21,JUEVES,4,JUNIO,6,NO,CONDUCIR VEHICULO SUPERANDO LOS LIMITES MAXIMOS DE VELOCIDAD.,PERDIDA DE CARRIL,MOTOCICLETA,0,0,0,0,0,0,0,0,1,0,0,0,0,1,17,HOMBRE,LESIONADO,PASAJERO,NO,NO,3
30802,127676,127677,2022,0,0,-0.155294,-78.465759,PICHINCHA,QUITO,QUITO,URBANA,2022-06-23,23:00:00,23,JUEVES,4,JUNIO,6,NO,CONDUCIR VEHICULO SUPERANDO LOS LIMITES MAXIMOS DE VELOCIDAD.,ESTRELLAMIENTOS,AUTOMOVIL,1,0,0,0,0,0,0,0,0,0,0,0,0,1,-1,NO IDENTIFICADO,NO IDENTIFICADO,CONDUCTOR AUSENTE,NO,NO,2
30803,127697,127698,2022,0,0,-0.190401,-78.454542,PICHINCHA,QUITO,QUITO,URBANA,2022-06-24,13:25:00,13,VIERNES,5,JUNIO,6,NO,"CONDICIONES AMBIENTALES Y/O ATMOSFERICAS (NIEBLA, NEBLINA, GRANIZO, LLUVIA).",OTROS,AUTOMOVIL,3,0,0,0,0,0,0,0,0,0,0,0,0,3,42,HOMBRE,ILESO,CONDUCTOR PRESENTE,NO,NO,1
30804,127699,127700,2022,0,0,-0.330495,-78.458726,PICHINCHA,RUMINIAHUI,SANGOLQUI,URBANA,2022-06-24,15:30:00,15,VIERNES,5,JUNIO,6,NO,"CONDUCE BAJO LA INFLUENCIA DE ALCOHOL, SUSTANCIAS ESTUPEFACIENTES O PSICOTROPICAS Y/O MEDICAMENTOS.",CHOQUE POSTERIOR,AUTOMOVIL,2,0,0,0,0,0,0,0,0,0,0,0,0,2,64,HOMBRE,ILESO,CONDUCTOR PRESENTE,NO,SI,1
30805,127700,127701,2022,2,0,-0.108076,-78.450943,PICHINCHA,QUITO,CALDERON (CARAPUNGO),RURAL,2022-06-24,15:30:00,15,VIERNES,5,JUNIO,6,NO,CONDUCIR VEHICULO SUPERANDO LOS LIMITES MAXIMOS DE VELOCIDAD.,CHOQUE LATERAL,MOTOCICLETA,0,0,0,0,0,0,0,0,2,0,0,0,0,2,23,MUJER,LESIONADO,PASAJERO,NO,NO,3
30806,127702,127703,2022,0,0,-0.262911,-78.524186,PICHINCHA,QUITO,QUITO,URBANA,2022-06-24,16:36:00,16,VIERNES,5,JUNIO,6,NO,"CASO FORTUITO O FUERZA MAYOR (EXPLOSION DE NEUMATICO NUEVO, DERRUMBE, INUNDACION, CAIDA DE PUENTE, ARBOL, PRESENCIA INTEMPESTIVA E IMPREVISTA DE SEMOVIENTES EN LA VIA, ETC.).",OTROS,FURGONETA,1,0,0,0,0,0,0,1,0,0,0,0,0,2,37,HOMBRE,ILESO,CONDUCTOR PRESENTE,NO,NO,1
30807,127709,127710,2022,2,0,-0.190493,-78.495765,PICHINCHA,QUITO,QUITO,URBANA,2022-06-24,18:30:00,18,VIERNES,5,JUNIO,6,NO,REALIZAR CAMBIO BRUSCO O INDEBIDO DE CARRIL.,CHOQUE LATERAL,MOTOCICLETA,1,0,0,0,0,0,0,0,1,0,0,0,0,2,21,MUJER,LESIONADO,PASAJERO,NO,NO,1
30808,127727,127728,2022,0,0,-0.202562,-78.494089,PICHINCHA,QUITO,QUITO,URBANA,2022-06-24,22:30:00,22,VIERNES,5,JUNIO,6,NO,"CONDICIONES AMBIENTALES Y/O ATMOSFERICAS (NIEBLA, NEBLINA, GRANIZO, LLUVIA).",ESTRELLAMIENTOS,AUTOMOVIL,1,0,0,0,0,0,0,0,0,0,0,0,0,1,32,HOMBRE,ILESO,CONDUCTOR PRESENTE,NO,NO,1
30809,127745,127746,2022,1,0,-0.214281,-78.360269,PICHINCHA,QUITO,PUEMBO,RURAL,2022-06-25,04:00:00,4,SABADO,6,JUNIO,6,NO,"CONDUCE BAJO LA INFLUENCIA DE ALCOHOL, SUSTANCIAS ESTUPEFACIENTES O PSICOTROPICAS Y/O MEDICAMENTOS.",OTROS,CAMIONETA,2,0,0,0,1,0,0,0,0,0,0,0,0,3,41,HOMBRE,LESIONADO,CONDUCTOR PRESENTE,NO,NO,3
30810,127746,127747,2022,1,0,-0.323105,-78.520283,PICHINCHA,QUITO,QUITO,URBANA,2022-06-25,04:15:00,4,SABADO,6,JUNIO,6,NO,"PRESENCIA DE AGENTES EXTERNOS EN LA VIA (AGUA, ACEITE, PIEDRA, LASTRE, ESCOMBROS, MADEROS, ETC.).",ESTRELLAMIENTOS,AUTOMOVIL,1,0,0,0,0,0,0,0,0,0,0,0,0,1,84,HOMBRE,LESIONADO,PASAJERO,NO,NO,1
30811,127748,127749,2022,1,0,-0.290458,-78.465461,PICHINCHA,QUITO,CONOCOTO,URBANA,2022-06-25,05:30:00,5,SABADO,6,JUNIO,6,NO,"CONDUCIR DESATENTO A LAS CONDICIONES DE TRANSITO (CELULAR, PANTALLAS DE VIDEO, COMIDA, MAQUILLAJE O CUALQUIER OTRO ELEMENTO DISTRACTOR).",PERDIDA DE CARRIL,MOTOCICLETA,0,0,0,0,0,0,0,0,1,0,0,0,0,1,31,HOMBRE,LESIONADO,CONDUCTOR PRESENTE,NO,SI,1
30812,127760,127761,2022,1,0,-0.281129,-78.553465,PICHINCHA,QUITO,QUITO,URBANA,2022-06-25,09:00:00,9,SABADO,6,JUNIO,6,NO,NO TRANSITAR POR LAS ACERAS O ZONAS DE SEGURIDAD DESTINADAS PARA EL EFECTO.,ATROPELLOS,MOTOCICLETA,0,0,0,0,0,0,0,0,1,0,0,0,0,1,77,HOMBRE,LESIONADO,PEATON,NO,NO,1
30813,127767,127768,2022,2,0,-0.148348,-78.475455,PICHINCHA,QUITO,QUITO,URBANA,2022-06-25,12:00:00,12,SABADO,6,JUNIO,6,NO,"NO RESPETAR LAS SENIALES REGLAMENTARIAS DE TRANSITO. (PARE, CEDA EL PASO, LUZ ROJA DEL SEMAFORO, ETC).",CHOQUE POSTERIOR,MOTOCICLETA,1,0,0,0,0,0,0,0,1,0,0,0,0,2,42,HOMBRE,LESIONADO,CONDUCTOR PRESENTE,NO,NO,1
30814,127773,127774,2022,1,0,-0.331124,-78.550649,PICHINCHA,QUITO,QUITO,URBANA,2022-06-25,15:45:00,15,SABADO,6,JUNIO,6,NO,"CONDUCE BAJO LA INFLUENCIA DE ALCOHOL, SUSTANCIAS ESTUPEFACIENTES O PSICOTROPICAS Y/O MEDICAMENTOS.",ATROPELLOS,AUTOMOVIL,1,0,0,0,0,0,0,0,0,0,0,0,0,1,24,HOMBRE,LESIONADO,PEATON,NO,NO,1
30815,127783,127784,2022,2,0,-0.096289,-78.465314,PICHINCHA,QUITO,QUITO,URBANA,2022-06-25,18:52:00,18,SABADO,6,JUNIO,6,NO,CONDUCIR EN SENTIDO CONTRARIO A LA VIA NORMAL DE CIRCULACION.,CHOQUE FRONTAL,MOTOCICLETA,0,0,0,0,0,0,0,0,1,1,0,0,0,2,29,MUJER,LESIONADO,PASAJERO,NO,NO,1
30816,127785,127786,2022,1,0,-0.080211,-78.431248,PICHINCHA,QUITO,CALDERON (CARAPUNGO),RURAL,2022-06-25,19:00:00,19,SABADO,6,JUNIO,6,NO,CONDUCIR VEHICULO SUPERANDO LOS LIMITES MAXIMOS DE VELOCIDAD.,PERDIDA DE CARRIL,CAMIONETA,0,0,0,0,1,0,0,0,0,0,0,0,0,1,23,HOMBRE,LESIONADO,PASAJERO,NO,NO,3
30817,127791,127792,2022,1,0,-0.163399,-78.475166,PICHINCHA,QUITO,QUITO,URBANA,2022-06-25,20:44:00,20,SABADO,6,JUNIO,6,NO,"NO RESPETAR LAS SENIALES REGLAMENTARIAS DE TRANSITO. (PARE, CEDA EL PASO, LUZ ROJA DEL SEMAFORO, ETC).",CHOQUE LATERAL,MOTOCICLETA,1,0,0,0,0,0,0,0,1,0,0,0,0,2,33,HOMBRE,LESIONADO,CONDUCTOR PRESENTE,NO,NO,1
30818,127793,127794,2022,0,0,-0.095876,-78.501921,PICHINCHA,QUITO,QUITO,URBANA,2022-06-25,21:00:00,21,SABADO,6,JUNIO,6,NO,"CONDUCE BAJO LA INFLUENCIA DE ALCOHOL, SUSTANCIAS ESTUPEFACIENTES O PSICOTROPICAS Y/O MEDICAMENTOS.",ESTRELLAMIENTOS,AUTOMOVIL,2,0,0,0,0,0,0,0,0,0,0,0,0,2,37,HOMBRE,ILESO,CONDUCTOR PRESENTE,NO,NO,1
30819,127797,127798,2022,0,0,-0.246163,-78.520876,PICHINCHA,QUITO,QUITO,URBANA,2022-06-25,22:30:00,22,SABADO,6,JUNIO,6,NO,CONDUCIR VEHICULO SUPERANDO LOS LIMITES MAXIMOS DE VELOCIDAD.,ESTRELLAMIENTOS,AUTOMOVIL,1,0,0,0,0,0,0,0,0,0,0,0,0,1,-1,NO IDENTIFICADO,NO IDENTIFICADO,CONDUCTOR AUSENTE,NO,NO,2
30820,127805,127806,2022,0,0,-0.018561,-78.452361,PICHINCHA,QUITO,SAN ANTONIO (QUITO),RURAL,2022-06-26,01:00:00,1,DOMINGO,7,JUNIO,6,NO,"CONDUCIR DESATENTO A LAS CONDICIONES DE TRANSITO (CELULAR, PANTALLAS DE VIDEO, COMIDA, MAQUILLAJE O CUALQUIER OTRO ELEMENTO DISTRACTOR).",ESTRELLAMIENTOS,AUTOMOVIL,1,0,0,0,0,0,0,0,0,0,0,0,0,1,28,HOMBRE,ILESO,CONDUCTOR PRESENTE,NO,SI,3
30821,127824,127825,2022,0,1,-0.104511,-78.428056,PICHINCHA,QUITO,CALDERON (CARAPUNGO),RURAL,2022-06-26,05:00:00,5,DOMINGO,7,JUNIO,6,NO,CONDUCIR VEHICULO SUPERANDO LOS LIMITES MAXIMOS DE VELOCIDAD.,CHOQUE FRONTAL,CAMION,0,0,0,1,0,0,0,0,1,0,0,0,0,2,18,HOMBRE,FALLECIDO,CONDUCTOR PRESENTE,NO,NO,3
30822,127829,127830,2022,2,0,-0.251964,-78.538891,PICHINCHA,QUITO,QUITO,URBANA,2022-06-26,05:50:00,5,DOMINGO,7,JUNIO,6,NO,"NO RESPETAR LAS SENIALES REGLAMENTARIAS DE TRANSITO. (PARE, CEDA EL PASO, LUZ ROJA DEL SEMAFORO, ETC).",CHOQUE LATERAL,MOTOCICLETA,1,0,0,0,0,0,0,0,1,0,0,0,0,2,37,MUJER,LESIONADO,PASAJERO,NO,NO,1
30823,127833,127834,2022,1,0,-0.315113,-78.548472,PICHINCHA,QUITO,QUITO,URBANA,2022-06-26,06:55:00,6,DOMINGO,7,JUNIO,6,NO,CONDUCIR VEHICULO SUPERANDO LOS LIMITES MAXIMOS DE VELOCIDAD.,OTROS,BICICLETA,0,1,0,0,0,0,0,0,0,1,0,0,0,2,73,HOMBRE,LESIONADO,CONDUCTOR PRESENTE,NO,NO,1
30824,127840,127841,2022,0,0,-0.272918,-78.529482,PICHINCHA,QUITO,QUITO,URBANA,2022-06-26,10:20:00,10,DOMINGO,7,JUNIO,6,NO,"CONDUCE BAJO LA INFLUENCIA DE ALCOHOL, SUSTANCIAS ESTUPEFACIENTES O PSICOTROPICAS Y/O MEDICAMENTOS.",CHOQUE POSTERIOR,AUTOMOVIL,2,0,0,0,0,0,0,0,0,0,0,0,0,2,43,MUJER,ILESO,CONDUCTOR PRESENTE,NO,NO,1