,Unnamed: 0,ID,ANIO,LESIONADOS,FALLECIDOS,LATITUD_Y,LONGITUD_X,PROVINCIA,CANTON,PARROQUIA,ZONA,FECHA,HORA,PERIODO_2,DIA_1,DIA_2,MES_1,MES_2,FERIADO,CAUSA_PROBABLE,TIPO_DE_SINIESTRO,TIPO_DE_VEHICULO_1,AUTOMOVIL,BICICLETA,BUS,CAMION,CAMIONETA,EMERGENCIAS,ESPECIAL,FURGONETA,MOTOCICLETA,NO_IDENTIFICADO,SCOOTER_ELECTRICO,TRICIMOTO,VEHICULO_DEPORTIVO_UTILITARIO,SUMA_DE_VEHICULOS,EDAD_1,SEXO_1,CONDICION_1,PARTICIPANTE_1,CASCO_1,CINTURON_1,KMeans_Cluster
30825,127843,127844,2022,0,0,-0.286173,-78.541941,PICHINCHA,QUITO,QUITO,URBANA,2022-06-26,11:37:00,11,DOMINGO,7,JUNIO,6,NO,"CONDUCE BAJO LA INFLUENCIA DE ALCOHOL, SUSTANCIAS ESTUPEFACIENTES O PSICOTROPICAS Y/O MEDICAMENTOS.",CHOQUE POSTERIOR,AUTOMOVIL,2,0,0,0,0,0,0,0,0,0,0,0,0,2,39,HOMBRE,ILESO,CONDUCTOR PRESENTE,NO,NO,1
30826,127865,127866,2022,0,4,-0.104481,-78.428591,PICHINCHA,QUITO,CALDERON (CARAPUNGO),RURAL,2022-06-26,23:50:00,23,DOMINGO,7,JUNIO,6,NO,CONDUCIR VEHICULO SUPERANDO LOS LIMITES MAXIMOS DE VELOCIDAD.,CHOQUE FRONTAL,MOTOCICLETA,0,0,0,0,0,0,0,0,2,0,0,0,0,2,22,HOMBRE,FALLECIDO,PASAJERO,NO,NO,3
30827,127870,127871,2022,2,1,-0.156468,-78.485109,PICHINCHA,QUITO,QUITO,URBANA,2022-06-27,01:10:00,1,LUNES,1,JUNIO,6,NO,CONDUCIR VEHICULO SUPERANDO LOS LIMITES MAXIMOS DE VELOCIDAD.,ESTRELLAMIENTOS,AUTOMOVIL,1,0,0,0,0,0,0,0,0,0,0,0,0,1,30,HOMBRE,FALLECIDO,PASAJERO,NO,NO,1
30828,127874,127875,2022,0,1,-0.249911,-78.517079,PICHINCHA,QUITO,QUITO,URBANA,2022-06-27,06:00:00,6,LUNES,1,JUNIO,6,NO,NO TRANSITAR POR LAS ACERAS O ZONAS DE SEGURIDAD DESTINADAS PARA EL EFECTO.,ATROPELLOS,NO IDENTIFICADO,0,0,0,0,0,0,0,0,0,1,0,0,0,1,27,HOMBRE,FALLECIDO,PEATON,NO,NO,1
30829,127878,127879,2022,0,1,0.111058,-79.204401,PICHINCHA,PUERTO QUITO,PUERTO QUITO,RURAL,2022-06-27,07:30:00,7,LUNES,1,JUNIO,6,NO,"PEATON TRANSITA BAJO INFLUENCIA DE ALCOHOL, SUSTANCIAS ESTUPEFACIENTES O PSICOTROPICAS Y/O MEDICAMENTOS.",ATROPELLOS,NO IDENTIFICADO,0,0,0,0,0,0,0,0,0,1,0,0,0,1,63,HOMBRE,FALLECIDO,PEATON,NO,SI,3
30830,127885,127886,2022,1,0,-0.097059,-78.441589,PICHINCHA,QUITO,CALDERON (CARAPUNGO),RURAL,2022-06-27,10:30:00,10,LUNES,1,JUNIO,6,NO,"CONDUCE BAJO LA INFLUENCIA DE ALCOHOL, SUSTANCIAS ESTUPEFACIENTES O PSICOTROPICAS Y/O MEDICAMENTOS.",ATROPELLOS,AUTOMOVIL,1,0,0,0,0,0,0,0,0,0,0,0,0,1,19,HOMBRE,LESIONADO,PEATON,NO,NO,3
30831,127910,127911,2022,1,0,-0.297213,-78.534597,PICHINCHA,QUITO,QUITO,URBANA,2022-06-28,01:15:00,1,MARTES,2,JUNIO,6,NO,"CONDUCE BAJO LA INFLUENCIA DE ALCOHOL, SUSTANCIAS ESTUPEFACIENTES O PSICOTROPICAS Y/O MEDICAMENTOS.",CHOQUE POSTERIOR,AUTOMOVIL,2,0,0,0,0,0,0,0,0,0,0,0,0,2,35,HOMBRE,LESIONADO,CONDUCTOR PRESENTE,NO,NO,1
30832,127915,127916,2022,0,0,0.005959,-78.464927,PICHINCHA,QUITO,SAN ANTONIO (QUITO),RURAL,2022-06-28,06:30:00,6,MARTES,2,JUNIO,6,NO,"PRESENCIA DE AGENTES EXTERNOS EN LA VIA (AGUA, ACEITE, PIEDRA, LASTRE, ESCOMBROS, MADEROS, ETC.).",CHOQUE LATERAL,CAMION,0,0,0,1,0,0,0,0,0,0,0,0,1,2,49,HOMBRE,ILESO,CONDUCTOR PRESENTE,NO,SI,3
30833,127918,127919,2022,0,0,-0.277421,-78.560151,PICHINCHA,QUITO,QUITO,URBANA,2022-06-28,08:30:00,8,MARTES,2,JUNIO,6,NO,CONDUCIR VEHICULO SUPERANDO LOS LIMITES MAXIMOS DE VELOCIDAD.,ESTRELLAMIENTOS,AUTOMOVIL,1,0,0,0,0,0,0,0,0,0,0,0,0,1,-1,NO IDENTIFICADO,NO IDENTIFICADO,CONDUCTOR AUSENTE,NO,NO,2
30834,127932,127933,2022,0,0,-0.184772,-78.354757,PICHINCHA,QUITO,PUEMBO,RURAL,2022-06-28,19:05:00,19,MARTES,2,JUNIO,6,NO,"CONDUCE BAJO LA INFLUENCIA DE ALCOHOL, SUSTANCIAS ESTUPEFACIENTES O PSICOTROPICAS Y/O MEDICAMENTOS.",CHOQUE FRONTAL,CAMIONETA,1,0,0,0,1,0,0,0,0,0,0,0,0,2,58,HOMBRE,ILESO,CONDUCTOR PRESENTE,NO,NO,3
30835,127938,127939,2022,0,0,-0.318791,-78.499734,PICHINCHA,QUITO,CONOCOTO,RURAL,2022-06-28,23:45:00,23,MARTES,2,JUNIO,6,NO,CONDUCIR VEHICULO SUPERANDO LOS LIMITES MAXIMOS DE VELOCIDAD.,ESTRELLAMIENTOS,AUTOMOVIL,1,0,0,0,0,0,0,0,0,0,0,0,0,1,-1,NO IDENTIFICADO,NO IDENTIFICADO,CONDUCTOR AUSENTE,NO,NO,2
30836,127944,127945,2022,1,0,-0.219045,-78.387658,PICHINCHA,QUITO,TUMBACO,RURAL,2022-06-29,07:13:00,7,MIERCOLES,3,JUNIO,6,NO,"NO RESPETAR LAS SENIALES REGLAMENTARIAS DE TRANSITO. (PARE, CEDA EL PASO, LUZ ROJA DEL SEMAFORO, ETC).",CHOQUE LATERAL,BICICLETA,1,1,0,0,0,0,0,0,0,0,0,0,0,2,23,HOMBRE,LESIONADO,CONDUCTOR PRESENTE,NO,NO,3
30837,127965,127966,2022,1,0,-0.112479,-78.493858,PICHINCHA,QUITO,QUITO,URBANA,2022-06-29,18:35:00,18,MIERCOLES,3,JUNIO,6,NO,NO TRANSITAR POR LAS ACERAS O ZONAS DE SEGURIDAD DESTINADAS PARA EL EFECTO.,ATROPELLOS,MOTOCICLETA,0,0,0,0,0,0,0,0,1,0,0,0,0,1,55,MUJER,LESIONADO,PEATON,NO,NO,1
30838,127974,127975,2022,0,0,-0.194146,-78.477371,PICHINCHA,QUITO,QUITO,URBANA,2022-06-30,01:30:00,1,JUEVES,4,JUNIO,6,NO,"FALLA MECANICA EN LOS SISTEMAS Y/O NEUMATICOS (SISTEMA DE FRENOS, DIRECCION, ELECTRONICO O MECANICO).",ESTRELLAMIENTOS,AUTOMOVIL,2,0,0,0,0,0,0,0,0,0,0,0,0,2,28,MUJER,ILESO,CONDUCTOR PRESENTE,NO,NO,1
30839,127991,127992,2022,1,0,-0.326681,-78.569246,PICHINCHA,QUITO,QUITO,URBANA,2022-06-30,17:15:00,17,JUEVES,4,JUNIO,6,NO,CONDUCIR VEHICULO SUPERANDO LOS LIMITES MAXIMOS DE VELOCIDAD.,CHOQUE FRONTAL,MOTOCICLETA,1,0,0,0,0,0,0,0,1,0,0,0,0,2,17,HOMBRE,LESIONADO,PASAJERO,NO,NO,1
30840,127994,127995,2022,1,0,-0.204436,-78.492701,PICHINCHA,QUITO,QUITO,URBANA,2022-06-30,18:00:00,18,JUEVES,4,JUNIO,6,NO,"NO RESPETAR LAS SENIALES REGLAMENTARIAS DE TRANSITO. (PARE, CEDA EL PASO, LUZ ROJA DEL SEMAFORO, ETC).",CHOQUE LATERAL,SCOOTER ELECTRICO,1,0,0,0,0,0,0,0,0,0,1,0,0,2,27,MUJER,LESIONADO,CONDUCTOR PRESENTE,NO,NO,1
30841,128001,128002,2022,0,0,-0.271422,-78.551205,PICHINCHA,QUITO,QUITO,URBANA,2022-06-30,21:15:00,21,JUEVES,4,JUNIO,6,NO,"CONDUCE BAJO LA INFLUENCIA DE ALCOHOL, SUSTANCIAS ESTUPEFACIENTES O PSICOTROPICAS Y/O MEDICAMENTOS.",COLISION,AUTOMOVIL,3,0,0,0,0,0,0,0,0,0,0,0,0,3,64,HOMBRE,ILESO,CONDUCTOR PRESENTE,NO,NO,1
30842,128008,128009,2022,0,0,-0.189992,-78.496829,PICHINCHA,QUITO,QUITO,URBANA,2022-07-01,00:45:00,0,VIERNES,5,JULIO,7,NO,"CONDUCE BAJO LA INFLUENCIA DE ALCOHOL, SUSTANCIAS ESTUPEFACIENTES O PSICOTROPICAS Y/O MEDICAMENTOS.",ESTRELLAMIENTOS,AUTOMOVIL,2,0,0,0,0,0,0,0,0,0,0,0,0,2,42,HOMBRE,ILESO,CONDUCTOR PRESENTE,NO,NO,1
30843,128017,128018,2022,1,0,-0.243231,-78.519885,PICHINCHA,QUITO,QUITO,URBANA,2022-07-01,06:05:00,6,VIERNES,5,JULIO,7,NO,NO MANTENER LA DISTANCIA PRUDENCIAL CON RESPECTO AL VEHICULO QUE LE ANTECEDE.,OTROS,MOTOCICLETA,0,0,0,0,0,0,0,0,1,1,0,0,0,2,25,HOMBRE,LESIONADO,CONDUCTOR PRESENTE,NO,NO,1
30844,128018,128019,2022,0,0,-0.296946,-78.552643,PICHINCHA,QUITO,QUITO,URBANA,2022-07-01,06:30:00,6,VIERNES,5,JULIO,7,NO,REALIZAR CAMBIO BRUSCO O INDEBIDO DE CARRIL.,CHOQUE LATERAL,BUS,1,0,1,0,0,0,0,0,0,0,0,0,0,2,59,HOMBRE,ILESO,CONDUCTOR PRESENTE,NO,NO,1
30845,128019,128020,2022,1,0,-0.294127,-78.568057,PICHINCHA,QUITO,QUITO,URBANA,2022-07-01,06:45:00,6,VIERNES,5,JULIO,7,NO,"CONDUCE BAJO LA INFLUENCIA DE ALCOHOL, SUSTANCIAS ESTUPEFACIENTES O PSICOTROPICAS Y/O MEDICAMENTOS.",CHOQUE LATERAL,MOTOCICLETA,0,0,0,0,1,0,0,0,1,0,0,0,0,2,32,HOMBRE,LESIONADO,CONDUCTOR PRESENTE,NO,NO,1
30846,128021,128022,2022,1,0,-0.125704,-78.500363,PICHINCHA,QUITO,QUITO,URBANA,2022-07-01,07:00:00,7,VIERNES,5,JULIO,7,NO,"NO RESPETAR LAS SENIALES REGLAMENTARIAS DE TRANSITO. (PARE, CEDA EL PASO, LUZ ROJA DEL SEMAFORO, ETC).",CHOQUE LATERAL,AUTOMOVIL,2,0,0,0,0,0,0,0,0,0,0,0,0,2,30,MUJER,LESIONADO,PASAJERO,NO,NO,1
30847,128027,128028,2022,1,0,-0.106588,-78.476409,PICHINCHA,QUITO,QUITO,URBANA,2022-07-01,08:50:00,8,VIERNES,5,JULIO,7,NO,"NO RESPETAR LAS SENIALES REGLAMENTARIAS DE TRANSITO. (PARE, CEDA EL PASO, LUZ ROJA DEL SEMAFORO, ETC).",CHOQUE LATERAL,MOTOCICLETA,0,0,0,0,1,0,0,0,1,0,0,0,0,2,30,HOMBRE,LESIONADO,CONDUCTOR PRESENTE,NO,NO,1
30848,128029,128030,2022,1,0,-0.208546,-78.485738,PICHINCHA,QUITO,QUITO,URBANA,2022-07-01,09:10:00,9,VIERNES,5,JULIO,7,NO,PEATON QUE CRUZA LA CALZADA SIN RESPETAR LA SENIALIZACION EXISTENTE (SEMAFOROS O SENIALES MANUALES).,ATROPELLOS,AUTOMOVIL,1,0,0,0,0,0,0,0,0,0,0,0,0,1,56,MUJER,LESIONADO,PEATON,NO,NO,1
30849,128031,128032,2022,3,1,-0.544679,-78.584876,PICHINCHA,MEJIA,ALOASI,RURAL,2022-07-01,10:45:00,10,VIERNES,5,JULIO,7,NO,"CONDUCIR DESATENTO A LAS CONDICIONES DE TRANSITO (CELULAR, PANTALLAS DE VIDEO, COMIDA, MAQUILLAJE O CUALQUIER OTRO ELEMENTO DISTRACTOR).",CHOQUE POSTERIOR,CAMION,0,0,0,1,1,0,0,0,0,0,0,0,0,2,54,MUJER,FALLECIDO,PASAJERO,NO,SI,3
30850,128034,128035,2022,1,0,-0.105645,-78.499761,PICHINCHA,QUITO,QUITO,URBANA,2022-07-01,11:17:00,11,VIERNES,5,JULIO,7,NO,"NO RESPETAR LAS SENIALES REGLAMENTARIAS DE TRANSITO. (PARE, CEDA EL PASO, LUZ ROJA DEL SEMAFORO, ETC).",CHOQUE LATERAL,MOTOCICLETA,1,0,0,0,0,0,0,0,1,0,0,0,0,2,21,HOMBRE,LESIONADO,CONDUCTOR PRESENTE,NO,NO,1
30851,128059,128060,2022,3,0,-0.212433,-78.444948,PICHINCHA,QUITO,CUMBAYA,RURAL,2022-07-01,20:35:00,20,VIERNES,5,JULIO,7,NO,"CONDUCE BAJO LA INFLUENCIA DE ALCOHOL, SUSTANCIAS ESTUPEFACIENTES O PSICOTROPICAS Y/O MEDICAMENTOS.",CHOQUE FRONTAL,CAMIONETA,1,0,0,0,1,0,0,0,0,0,0,0,0,2,56,HOMBRE,LESIONADO,CONDUCTOR PRESENTE,NO,NO,3
30852,128072,128073,2022,1,0,-0.342048,-78.548985,PICHINCHA,QUITO,QUITO,URBANA,2022-07-02,00:20:00,0,SABADO,6,JULIO,7,NO,"CONDUCE BAJO LA INFLUENCIA DE ALCOHOL, SUSTANCIAS ESTUPEFACIENTES O PSICOTROPICAS Y/O MEDICAMENTOS.",CHOQUE POSTERIOR,AUTOMOVIL,2,0,0,0,0,0,0,0,0,0,0,0,0,2,40,HOMBRE,LESIONADO,CONDUCTOR PRESENTE,NO,NO,1
30853,128073,128074,2022,0,0,-0.116092,-78.479457,PICHINCHA,QUITO,QUITO,URBANA,2022-07-02,00:30:00,0,SABADO,6,JULIO,7,NO,"NO RESPETAR LAS SENIALES REGLAMENTARIAS DE TRANSITO. (PARE, CEDA EL PASO, LUZ ROJA DEL SEMAFORO, ETC).",ROZAMIENTOS,AUTOMOVIL,2,0,0,0,0,0,0,0,0,0,0,0,0,2,77,MUJER,ILESO,CONDUCTOR PRESENTE,NO,NO,1
30854,128076,128077,2022,0,0,-0.259796,-78.530155,PICHINCHA,QUITO,QUITO,URBANA,2022-07-02,01:15:00,1,SABADO,6,JULIO,7,NO,CONDUCIR VEHICULO SUPERANDO LOS LIMITES MAXIMOS DE VELOCIDAD.,OTROS,MOTOCICLETA,0,0,0,0,0,0,0,0,1,0,0,0,0,1,-1,NO IDENTIFICADO,NO IDENTIFICADO,CONDUCTOR AUSENTE,NO,NO,2
30855,128077,128078,2022,0,0,-0.227941,-78.367239,PICHINCHA,QUITO,TUMBACO,RURAL,2022-07-02,01:32:00,1,SABADO,6,JULIO,7,NO,"CONDICIONES AMBIENTALES Y/O ATMOSFERICAS (NIEBLA, NEBLINA, GRANIZO, LLUVIA).",ESTRELLAMIENTOS,AUTOMOVIL,1,0,0,0,0,0,0,0,0,0,0,0,0,1,-1,NO IDENTIFICADO,NO IDENTIFICADO,CONDUCTOR AUSENTE,NO,NO,2
30856,128078,128079,2022,0,0,-0.172814,-78.496001,PICHINCHA,QUITO,QUITO,URBANA,2022-07-02,01:45:00,1,SABADO,6,JULIO,7,NO,CONDUCIR VEHICULO SUPERANDO LOS LIMITES MAXIMOS DE VELOCIDAD.,ESTRELLAMIENTOS,AUTOMOVIL,1,0,0,0,0,0,0,0,0,0,0,0,0,1,-1,NO IDENTIFICADO,NO IDENTIFICADO,CONDUCTOR AUSENTE,NO,NO,2
30857,128080,128081,2022,3,0,-0.244435,-78.482091,PICHINCHA,QUITO,QUITO,URBANA,2022-07-02,02:30:00,2,SABADO,6,JULIO,7,NO,"CONDUCE BAJO LA INFLUENCIA DE ALCOHOL, SUSTANCIAS ESTUPEFACIENTES O PSICOTROPICAS Y/O MEDICAMENTOS.",ATROPELLOS,MOTOCICLETA,0,0,0,0,0,0,0,0,1,0,0,0,0,1,45,MUJER,LESIONADO,CONDUCTOR PRESENTE,NO,NO,1
30858,128088,128089,2022,0,0,-0.197123,-78.483631,PICHINCHA,QUITO,QUITO,URBANA,2022-07-02,05:45:00,5,SABADO,6,JULIO,7,NO,"NO RESPETAR LAS SENIALES REGLAMENTARIAS DE TRANSITO. (PARE, CEDA EL PASO, LUZ ROJA DEL SEMAFORO, ETC).",CHOQUE LATERAL,MOTOCICLETA,0,0,0,0,0,0,0,0,1,1,0,0,0,2,23,HOMBRE,ILESO,CONDUCTOR PRESENTE,NO,NO,1
30859,128089,128090,2022,0,0,-0.210011,-78.482338,PICHINCHA,QUITO,QUITO,URBANA,2022-07-02,06:00:00,6,SABADO,6,JULIO,7,NO,CONDUCIR VEHICULO SUPERANDO LOS LIMITES MAXIMOS DE VELOCIDAD.,ESTRELLAMIENTOS,AUTOMOVIL,1,0,0,0,0,0,0,0,0,0,0,0,0,1,-1,NO IDENTIFICADO,NO IDENTIFICADO,CONDUCTOR AUSENTE,NO,NO,2
30860,128093,128094,2022,2,0,-0.280364,-78.556686,PICHINCHA,QUITO,QUITO,URBANA,2022-07-02,08:15:00,8,SABADO,6,JULIO,7,NO,"NO RESPETAR LAS SENIALES REGLAMENTARIAS DE TRANSITO. (PARE, CEDA EL PASO, LUZ ROJA DEL SEMAFORO, ETC).",CHOQUE LATERAL,MOTOCICLETA,1,0,0,0,0,0,0,0,1,0,0,0,0,2,26,HOMBRE,LESIONADO,CONDUCTOR PRESENTE,NO,NO,1
30861,128098,128099,2022,1,0,-0.333485,-78.519746,PICHINCHA,QUITO,QUITO,URBANA,2022-07-02,10:10:00,10,SABADO,6,JULIO,7,NO,REALIZAR CAMBIO BRUSCO O INDEBIDO DE CARRIL.,CHOQUE LATERAL,MOTOCICLETA,1,0,0,0,0,0,0,0,1,0,0,0,0,2,34,HOMBRE,LESIONADO,CONDUCTOR PRESENTE,NO,NO,1
30862,128099,128100,2022,0,0,-0.299024,-78.531355,PICHINCHA,QUITO,QUITO,URBANA,2022-07-02,10:35:00,10,SABADO,6,JULIO,7,NO,CONDUCIR VEHICULO SUPERANDO LOS LIMITES MAXIMOS DE VELOCIDAD.,OTROS,AUTOMOVIL,1,0,0,0,0,0,0,0,0,0,0,0,0,1,-1,NO IDENTIFICADO,NO IDENTIFICADO,CONDUCTOR AUSENTE,NO,NO,2
30863,128101,128102,2022,10,0,-0.224462,-78.396167,PICHINCHA,QUITO,TUMBACO,RURAL,2022-07-02,12:10:00,12,SABADO,6,JULIO,7,NO,DANIOS MECANICOS PREVISIBLES.,ESTRELLAMIENTOS,CAMIONETA,1,0,0,0,1,0,0,0,0,0,0,0,0,2,16,HOMBRE,LESIONADO,PASAJERO,NO,NO,3
30864,128113,128114,2022,0,0,-0.182036,-78.477087,PICHINCHA,QUITO,QUITO,URBANA,2022-07-02,17:30:00,17,SABADO,6,JULIO,7,NO,CONDUCIR VEHICULO SUPERANDO LOS LIMITES MAXIMOS DE VELOCIDAD.,COLISION,AUTOMOVIL,3,0,0,0,0,0,0,0,0,0,0,0,0,3,63,HOMBRE,ILESO,CONDUCTOR PRESENTE,NO,NO,1
30865,128115,128116,2022,0,0,-0.190584,-78.480976,PICHINCHA,QUITO,QUITO,URBANA,2022-07-02,18:30:00,18,SABADO,6,JULIO,7,NO,"NO RESPETAR LAS SENIALES REGLAMENTARIAS DE TRANSITO. (PARE, CEDA EL PASO, LUZ ROJA DEL SEMAFORO, ETC).",CHOQUE FRONTAL,MOTOCICLETA,1,0,0,0,0,0,0,0,1,0,0,0,0,2,21,HOMBRE,ILESO,CONDUCTOR PRESENTE,NO,NO,1
30866,128124,128125,2022,1,0,-0.164651,-78.322834,PICHINCHA,QUITO,YARUQUI,RURAL,2022-07-02,20:00:00,20,SABADO,6,JULIO,7,NO,"CONDUCIR DESATENTO A LAS CONDICIONES DE TRANSITO (CELULAR, PANTALLAS DE VIDEO, COMIDA, MAQUILLAJE O CUALQUIER OTRO ELEMENTO DISTRACTOR).",CHOQUE LATERAL,MOTOCICLETA,1,0,0,0,0,0,0,0,1,0,0,0,0,2,12,HOMBRE,LESIONADO,PASAJERO,NO,SI,3
30867,128125,128126,2022,1,0,-0.253735,-78.520345,PICHINCHA,QUITO,QUITO,URBANA,2022-07-02,20:20:00,20,SABADO,6,JULIO,7,NO,REALIZAR CAMBIO BRUSCO O INDEBIDO DE CARRIL.,CHOQUE LATERAL,BICICLETA,1,1,0,0,0,0,0,0,0,0,0,0,0,2,17,HOMBRE,LESIONADO,CONDUCTOR PRESENTE,NO,NO,1
30868,128142,128143,2022,0,0,-0.325446,-78.520654,PICHINCHA,QUITO,QUITO,URBANA,2022-07-03,00:30:00,0,DOMINGO,7,JULIO,7,NO,"CONDUCE BAJO LA INFLUENCIA DE ALCOHOL, SUSTANCIAS ESTUPEFACIENTES O PSICOTROPICAS Y/O MEDICAMENTOS.",CHOQUE LATERAL,AUTOMOVIL,2,0,0,0,0,0,0,0,0,0,0,0,0,2,22,HOMBRE,ILESO,CONDUCTOR PRESENTE,NO,NO,1
30869,128146,128147,2022,0,0,-0.059791,-78.433622,PICHINCHA,QUITO,CALDERON (CARAPUNGO),RURAL,2022-07-03,01:12:00,1,DOMINGO,7,JULIO,7,NO,"FALLA MECANICA EN LOS SISTEMAS Y/O NEUMATICOS (SISTEMA DE FRENOS, DIRECCION, ELECTRONICO O MECANICO).",ESTRELLAMIENTOS,CAMIONETA,0,0,0,0,1,0,0,0,0,0,0,0,0,1,22,HOMBRE,ILESO,CONDUCTOR PRESENTE,NO,NO,3
30870,128154,128155,2022,0,0,-0.248239,-78.535687,PICHINCHA,QUITO,QUITO,URBANA,2022-07-03,02:10:00,2,DOMINGO,7,JULIO,7,NO,CONDUCIR VEHICULO SUPERANDO LOS LIMITES MAXIMOS DE VELOCIDAD.,ESTRELLAMIENTOS,AUTOMOVIL,1,0,0,0,0,0,0,0,0,0,0,0,0,1,25,HOMBRE,ILESO,PASAJERO,NO,NO,1
30871,128159,128160,2022,2,0,-0.168491,-78.452812,PICHINCHA,QUITO,QUITO,URBANA,2022-07-03,02:40:00,2,DOMINGO,7,JULIO,7,NO,NO TRANSITAR POR LAS ACERAS O ZONAS DE SEGURIDAD DESTINADAS PARA EL EFECTO.,ATROPELLOS,MOTOCICLETA,1,0,0,0,0,0,0,0,1,0,0,0,0,2,36,HOMBRE,LESIONADO,CONDUCTOR PRESENTE,NO,NO,1
30872,128166,128167,2022,1,0,-0.241533,-78.485793,PICHINCHA,QUITO,QUITO,URBANA,2022-07-03,03:45:00,3,DOMINGO,7,JULIO,7,NO,"FALLA MECANICA EN LOS SISTEMAS Y/O NEUMATICOS (SISTEMA DE FRENOS, DIRECCION, ELECTRONICO O MECANICO).",ESTRELLAMIENTOS,AUTOMOVIL,1,0,0,0,0,0,0,0,0,0,0,0,0,1,27,MUJER,LESIONADO,PASAJERO,NO,NO,1
30873,128171,128172,2022,0,0,-0.121671,-78.480162,PICHINCHA,QUITO,QUITO,URBANA,2022-07-03,04:30:00,4,DOMINGO,7,JULIO,7,NO,"FALLA MECANICA EN LOS SISTEMAS Y/O NEUMATICOS (SISTEMA DE FRENOS, DIRECCION, ELECTRONICO O MECANICO).",PERDIDA DE CARRIL,AUTOMOVIL,1,0,0,0,0,0,0,0,0,0,0,0,0,1,-1,NO IDENTIFICADO,NO IDENTIFICADO,CONDUCTOR AUSENTE,NO,NO,2
30874,128178,128179,2022,1,0,-0.545365,-78.585219,PICHINCHA,MEJIA,ALOASI,RURAL,2022-07-03,05:25:00,5,DOMINGO,7,JULIO,7,NO,"CONDUCIR DESATENTO A LAS CONDICIONES DE TRANSITO (CELULAR, PANTALLAS DE VIDEO, COMIDA, MAQUILLAJE O CUALQUIER OTRO ELEMENTO DISTRACTOR).",ESTRELLAMIENTOS,CAMION,1,0,0,1,0,0,0,0,0,0,0,0,0,2,30,HOMBRE,LESIONADO,CONDUCTOR PRESENTE,NO,SI,3
30875,128179,128180,2022,0,0,-0.095659,-78.468121,PICHINCHA,QUITO,QUITO,URBANA,2022-07-03,05:45:00,5,DOMINGO,7,JULIO,7,NO,CONDUCIR VEHICULO SUPERANDO LOS LIMITES MAXIMOS DE VELOCIDAD.,ESTRELLAMIENTOS,AUTOMOVIL,2,0,0,0,0,0,0,0,0,0,0,0,0,2,-1,NO IDENTIFICADO,NO IDENTIFICADO,CONDUCTOR AUSENTE,NO,NO,2
30876,128189,128190,2022,0,0,-0.299812,-78.542438,PICHINCHA,QUITO,QUITO,URBANA,2022-07-03,07:45:00,7,DOMINGO,7,JULIO,7,NO,"CONDUCE BAJO LA INFLUENCIA DE ALCOHOL, SUSTANCIAS ESTUPEFACIENTES O PSICOTROPICAS Y/O MEDICAMENTOS.",CHOQUE POSTERIOR,AUTOMOVIL,2,0,0,0,0,0,0,0,0,0,0,0,0,2,43,HOMBRE,ILESO,CONDUCTOR PRESENTE,NO,NO,1
30877,128193,128194,2022,0,0,-0.303409,-78.521641,PICHINCHA,QUITO,QUITO,URBANA,2022-07-03,09:27:00,9,DOMINGO,7,JULIO,7,NO,CONDUCIR VEHICULO SUPERANDO LOS LIMITES MAXIMOS DE VELOCIDAD.,COLISION,CAMIONETA,2,0,0,0,1,0,0,0,0,0,0,0,0,3,48,HOMBRE,ILESO,CONDUCTOR PRESENTE,NO,NO,1
30878,128194,128195,2022,0,0,-0.191209,-78.480867,PICHINCHA,QUITO,QUITO,URBANA,2022-07-03,09:30:00,9,DOMINGO,7,JULIO,7,NO,CONDUCIR VEHICULO SUPERANDO LOS LIMITES MAXIMOS DE VELOCIDAD.,CHOQUE LATERAL,AUTOMOVIL,2,0,0,0,0,0,0,0,0,0,0,0,0,2,43,HOMBRE,ILESO,CONDUCTOR PRESENTE,NO,NO,1
30879,128196,128197,2022,1,0,-0.214778,-78.406344,PICHINCHA,QUITO,TUMBACO,RURAL,2022-07-03,11:00:00,11,DOMINGO,7,JULIO,7,NO,"NO RESPETAR LAS SENIALES REGLAMENTARIAS DE TRANSITO. (PARE, CEDA EL PASO, LUZ ROJA DEL SEMAFORO, ETC).",CHOQUE LATERAL,MOTOCICLETA,1,0,0,0,0,0,0,0,1,0,0,0,0,2,24,HOMBRE,LESIONADO,CONDUCTOR PRESENTE,NO,NO,3
30880,128198,128199,2022,0,0,-0.235018,-78.490497,PICHINCHA,QUITO,QUITO,URBANA,2022-07-03,11:40:00,11,DOMINGO,7,JULIO,7,NO,CONDUCIR VEHICULO SUPERANDO LOS LIMITES MAXIMOS DE VELOCIDAD.,ESTRELLAMIENTOS,CAMION,0,0,0,1,0,0,0,0,0,0,0,0,0,1,-1,NO IDENTIFICADO,NO IDENTIFICADO,CONDUCTOR AUSENTE,NO,NO,2
30881,128200,128201,2022,2,0,-0.240433,-78.482996,PICHINCHA,QUITO,QUITO,URBANA,2022-07-03,12:15:00,12,DOMINGO,7,JULIO,7,NO,CONDUCIR VEHICULO SUPERANDO LOS LIMITES MAXIMOS DE VELOCIDAD.,PERDIDA DE CARRIL,MOTOCICLETA,0,0,0,0,0,0,0,0,1,0,0,0,0,1,19,HOMBRE,LESIONADO,CONDUCTOR PRESENTE,NO,NO,1