,Unnamed: 0,ID,ANIO,LESIONADOS,FALLECIDOS,LATITUD_Y,LONGITUD_X,PROVINCIA,CANTON,PARROQUIA,ZONA,FECHA,HORA,PERIODO_2,DIA_1,DIA_2,MES_1,MES_2,FERIADO,CAUSA_PROBABLE,TIPO_DE_SINIESTRO,TIPO_DE_VEHICULO_1,AUTOMOVIL,BICICLETA,BUS,CAMION,CAMIONETA,EMERGENCIAS,ESPECIAL,FURGONETA,MOTOCICLETA,NO_IDENTIFICADO,SCOOTER_ELECTRICO,TRICIMOTO,VEHICULO_DEPORTIVO_UTILITARIO,SUMA_DE_VEHICULOS,EDAD_1,SEXO_1,CONDICION_1,PARTICIPANTE_1,CASCO_1,CINTURON_1,KMeans_Cluster
30882,128209,128210,2022,2,0,-0.313363,-78.543097,PICHINCHA,QUITO,QUITO,URBANA,2022-07-03,14:45:00,14,DOMINGO,7,JULIO,7,NO,"NO RESPETAR LAS SENIALES REGLAMENTARIAS DE TRANSITO. (PARE, CEDA EL PASO, LUZ ROJA DEL SEMAFORO, ETC).",CHOQUE LATERAL,CAMION,0,0,0,1,0,0,0,0,1,0,0,0,0,2,25,HOMBRE,LESIONADO,CONDUCTOR PRESENTE,NO,NO,1
30883,128214,128215,2022,0,1,-0.115969,-78.479627,PICHINCHA,QUITO,QUITO,URBANA,2022-07-03,16:30:00,16,DOMINGO,7,JULIO,7,NO,NO CEDER EL DERECHO DE VIA O PREFERENCIA DE PASO AL PEATON.,ATROPELLOS,NO IDENTIFICADO,0,0,0,0,0,0,0,0,0,1,0,0,0,1,59,HOMBRE,FALLECIDO,PEATON,NO,NO,1
30884,128219,128220,2022,0,0,-0.111262,-78.500862,PICHINCHA,QUITO,QUITO,URBANA,2022-07-03,18:45:00,18,DOMINGO,7,JULIO,7,NO,CONDUCIR VEHICULO SUPERANDO LOS LIMITES MAXIMOS DE VELOCIDAD.,PERDIDA DE CARRIL,AUTOMOVIL,1,0,0,0,0,0,0,0,0,0,0,0,0,1,15,HOMBRE,ILESO,PASAJERO,NO,NO,1
30885,128220,128221,2022,1,0,-0.105331,-78.305824,PICHINCHA,QUITO,EL QUINCHE,RURAL,2022-07-03,19:00:00,19,DOMINGO,7,JULIO,7,NO,"CONDUCIR DESATENTO A LAS CONDICIONES DE TRANSITO (CELULAR, PANTALLAS DE VIDEO, COMIDA, MAQUILLAJE O CUALQUIER OTRO ELEMENTO DISTRACTOR).",CHOQUE FRONTAL,MOTOCICLETA,1,0,0,0,0,0,0,0,1,0,0,0,0,2,18,HOMBRE,LESIONADO,PASAJERO,NO,SI,3
30886,128225,128226,2022,3,0,-0.449411,-78.585734,PICHINCHA,MEJIA,ALOAG,URBANA,2022-07-03,19:25:00,19,DOMINGO,7,JULIO,7,NO,"CONDUCIR DESATENTO A LAS CONDICIONES DE TRANSITO (CELULAR, PANTALLAS DE VIDEO, COMIDA, MAQUILLAJE O CUALQUIER OTRO ELEMENTO DISTRACTOR).",OTROS,NO IDENTIFICADO,0,0,0,0,0,0,0,0,0,1,0,0,0,1,24,HOMBRE,LESIONADO,PASAJERO,NO,SI,1
30887,128238,128239,2022,0,1,-0.133252,-78.312063,PICHINCHA,QUITO,CHECA (CHILPA),RURAL,2022-07-04,01:00:00,1,LUNES,1,JULIO,7,NO,"CONDUCIR DESATENTO A LAS CONDICIONES DE TRANSITO (CELULAR, PANTALLAS DE VIDEO, COMIDA, MAQUILLAJE O CUALQUIER OTRO ELEMENTO DISTRACTOR).",ATROPELLOS,NO IDENTIFICADO,0,0,0,0,0,0,0,0,0,1,0,0,0,1,41,HOMBRE,FALLECIDO,PEATON,NO,SI,3
30888,128245,128246,2022,0,0,-0.348922,-78.854358,PICHINCHA,MEJIA,MANUEL CORNEJO ASTORGA,RURAL,2022-07-04,06:30:00,6,LUNES,1,JULIO,7,NO,NO MANTENER LA DISTANCIA PRUDENCIAL CON RESPECTO AL VEHICULO QUE LE ANTECEDE.,CHOQUE POSTERIOR,CAMIONETA,0,0,0,0,1,0,0,0,0,0,0,0,0,1,-1,HOMBRE,ILESO,CONDUCTOR PRESENTE,NO,NO,3
30889,128259,128260,2022,1,0,-0.161365,-78.487399,PICHINCHA,QUITO,QUITO,URBANA,2022-07-04,12:00:00,12,LUNES,1,JULIO,7,NO,"NO RESPETAR LAS SENIALES REGLAMENTARIAS DE TRANSITO. (PARE, CEDA EL PASO, LUZ ROJA DEL SEMAFORO, ETC).",CHOQUE LATERAL,MOTOCICLETA,1,0,0,0,0,0,0,0,1,0,0,0,0,2,31,HOMBRE,LESIONADO,CONDUCTOR PRESENTE,NO,NO,1
30890,128277,128278,2022,0,0,-0.195877,-78.494891,PICHINCHA,QUITO,QUITO,URBANA,2022-07-04,15:35:00,15,LUNES,1,JULIO,7,NO,CONDUCIR VEHICULO SUPERANDO LOS LIMITES MAXIMOS DE VELOCIDAD.,CHOQUE LATERAL,AUTOMOVIL,2,0,0,0,0,0,0,0,0,0,0,0,0,2,53,HOMBRE,ILESO,CONDUCTOR PRESENTE,NO,NO,1
30891,128285,128286,2022,0,0,-0.188451,-78.499631,PICHINCHA,QUITO,QUITO,URBANA,2022-07-04,17:35:00,17,LUNES,1,JULIO,7,NO,NO CEDER EL DERECHO DE VIA O PREFERENCIA DE PASO A VEHICULOS.,CHOQUE LATERAL,AUTOMOVIL,2,0,0,0,0,0,0,0,0,0,0,0,0,2,29,HOMBRE,ILESO,CONDUCTOR PRESENTE,NO,NO,1
30892,128288,128289,2022,1,0,-0.258106,-78.531276,PICHINCHA,QUITO,QUITO,URBANA,2022-07-04,18:10:00,18,LUNES,1,JULIO,7,NO,NO TRANSITAR POR LAS ACERAS O ZONAS DE SEGURIDAD DESTINADAS PARA EL EFECTO.,ATROPELLOS,FURGONETA,0,0,0,0,0,0,0,1,0,0,0,0,0,1,7,MUJER,LESIONADO,PEATON,NO,NO,1
30893,128296,128297,2022,2,0,-0.240815,-78.531917,PICHINCHA,QUITO,QUITO,URBANA,2022-07-04,20:45:00,20,LUNES,1,JULIO,7,NO,"CONDUCE BAJO LA INFLUENCIA DE ALCOHOL, SUSTANCIAS ESTUPEFACIENTES O PSICOTROPICAS Y/O MEDICAMENTOS.",ATROPELLOS,MOTOCICLETA,0,0,0,0,0,0,0,0,1,0,0,0,0,1,24,HOMBRE,LESIONADO,CONDUCTOR PRESENTE,NO,NO,1
30894,128299,128300,2022,0,1,-0.375764,-78.494528,PICHINCHA,QUITO,AMAGUANIA,RURAL,2022-07-04,23:20:00,23,LUNES,1,JULIO,7,NO,"CONDUCIR DESATENTO A LAS CONDICIONES DE TRANSITO (CELULAR, PANTALLAS DE VIDEO, COMIDA, MAQUILLAJE O CUALQUIER OTRO ELEMENTO DISTRACTOR).",CHOQUE POSTERIOR,NO IDENTIFICADO,0,0,0,0,0,0,0,0,0,1,0,0,0,1,21,HOMBRE,FALLECIDO,CONDUCTOR PRESENTE,NO,SI,3
30895,128301,128302,2022,0,0,-0.200701,-78.511593,PICHINCHA,QUITO,QUITO,URBANA,2022-07-05,01:00:00,1,MARTES,2,JULIO,7,NO,CONDUCIR VEHICULO SUPERANDO LOS LIMITES MAXIMOS DE VELOCIDAD.,ESTRELLAMIENTOS,AUTOMOVIL,1,0,0,0,0,0,0,0,0,0,0,0,0,1,-1,NO IDENTIFICADO,NO IDENTIFICADO,CONDUCTOR AUSENTE,NO,NO,2
30896,128313,128314,2022,1,0,-0.102251,-78.419839,PICHINCHA,QUITO,CALDERON (CARAPUNGO),RURAL,2022-07-05,09:05:00,9,MARTES,2,JULIO,7,NO,"ADELANTAR O REBASAR A OTRO VEHICULO EN MOVIMIENTO EN ZONAS O SITIOS PELIGROSOS TALES COMO: CURVAS, PUENTES, TUNELES, PENDIENTES, ETC.",CHOQUE LATERAL,CAMION,1,0,0,1,0,0,0,0,0,0,0,0,0,2,34,HOMBRE,LESIONADO,PASAJERO,NO,NO,3
30897,128322,128323,2022,0,0,-0.268328,-78.532304,PICHINCHA,QUITO,QUITO,URBANA,2022-07-05,14:45:00,14,MARTES,2,JULIO,7,NO,"CONDUCIR DESATENTO A LAS CONDICIONES DE TRANSITO (CELULAR, PANTALLAS DE VIDEO, COMIDA, MAQUILLAJE O CUALQUIER OTRO ELEMENTO DISTRACTOR).",CHOQUE LATERAL,CAMION,1,0,0,1,0,0,0,0,0,0,0,0,0,2,21,HOMBRE,ILESO,CONDUCTOR PRESENTE,NO,NO,1
30898,128339,128340,2022,0,1,-0.288287,-78.443273,PICHINCHA,QUITO,ALANGASI,RURAL,2022-07-05,21:00:00,21,MARTES,2,JULIO,7,NO,CONDUCIR VEHICULO SUPERANDO LOS LIMITES MAXIMOS DE VELOCIDAD.,OTROS,NO IDENTIFICADO,0,0,0,0,0,0,0,0,0,1,0,0,0,1,28,HOMBRE,FALLECIDO,PASAJERO,NO,NO,3
30899,128341,128342,2022,0,0,-0.330639,-78.911722,PICHINCHA,MEJIA,MANUEL CORNEJO ASTORGA,RURAL,2022-07-05,21:30:00,21,MARTES,2,JULIO,7,NO,NO MANTENER LA DISTANCIA PRUDENCIAL CON RESPECTO AL VEHICULO QUE LE ANTECEDE.,CHOQUE POSTERIOR,CAMION,0,0,0,2,0,0,0,0,0,0,0,0,0,2,38,HOMBRE,ILESO,CONDUCTOR PRESENTE,NO,NO,3
30900,128345,128346,2022,1,0,-0.152009,-78.463901,PICHINCHA,QUITO,QUITO,URBANA,2022-07-05,23:20:00,23,MARTES,2,JULIO,7,NO,"FALLA MECANICA EN LOS SISTEMAS Y/O NEUMATICOS (SISTEMA DE FRENOS, DIRECCION, ELECTRONICO O MECANICO).",ESTRELLAMIENTOS,AUTOMOVIL,1,0,0,0,0,0,0,0,0,0,0,0,0,1,38,HOMBRE,LESIONADO,CONDUCTOR PRESENTE,NO,NO,1
30901,128346,128347,2022,0,0,-0.213114,-78.449551,PICHINCHA,QUITO,CUMBAYA,RURAL,2022-07-05,23:27:00,23,MARTES,2,JULIO,7,NO,"FALLA MECANICA EN LOS SISTEMAS Y/O NEUMATICOS (SISTEMA DE FRENOS, DIRECCION, ELECTRONICO O MECANICO).",ESTRELLAMIENTOS,AUTOMOVIL,1,0,0,0,0,0,0,0,0,0,0,0,0,1,24,HOMBRE,ILESO,CONDUCTOR PRESENTE,NO,NO,3
30902,128366,128367,2022,2,0,-0.107149,-78.296114,PICHINCHA,QUITO,EL QUINCHE,RURAL,2022-07-06,12:40:00,12,MIERCOLES,3,JULIO,7,NO,"CONDUCIR DESATENTO A LAS CONDICIONES DE TRANSITO (CELULAR, PANTALLAS DE VIDEO, COMIDA, MAQUILLAJE O CUALQUIER OTRO ELEMENTO DISTRACTOR).",CHOQUE FRONTAL,CAMION,1,0,0,1,0,0,0,0,0,0,0,0,0,2,51,HOMBRE,LESIONADO,PEATON,NO,SI,3
30903,128367,128368,2022,2,0,-0.092363,-78.451135,PICHINCHA,QUITO,CALDERON (CARAPUNGO),RURAL,2022-07-06,12:40:00,12,MIERCOLES,3,JULIO,7,NO,NO TRANSITAR POR LAS ACERAS O ZONAS DE SEGURIDAD DESTINADAS PARA EL EFECTO.,ATROPELLOS,MOTOCICLETA,0,0,0,0,0,0,0,0,1,0,0,0,0,1,45,MUJER,LESIONADO,PEATON,NO,NO,3
30904,128368,128369,2022,0,0,-0.276583,-78.496537,PICHINCHA,QUITO,CONOCOTO,RURAL,2022-07-06,12:45:00,12,MIERCOLES,3,JULIO,7,NO,"CONDUCE BAJO LA INFLUENCIA DE ALCOHOL, SUSTANCIAS ESTUPEFACIENTES O PSICOTROPICAS Y/O MEDICAMENTOS.",CHOQUE FRONTAL,AUTOMOVIL,2,0,0,0,0,0,0,0,0,0,0,0,0,2,29,HOMBRE,ILESO,CONDUCTOR PRESENTE,NO,NO,3
30905,128377,128378,2022,1,0,-0.141444,-78.483069,PICHINCHA,QUITO,QUITO,URBANA,2022-07-06,14:35:00,14,MIERCOLES,3,JULIO,7,NO,"NO RESPETAR LAS SENIALES REGLAMENTARIAS DE TRANSITO. (PARE, CEDA EL PASO, LUZ ROJA DEL SEMAFORO, ETC).",CHOQUE LATERAL,MOTOCICLETA,1,0,0,0,0,0,0,0,1,0,0,0,0,2,25,HOMBRE,LESIONADO,CONDUCTOR PRESENTE,SI,NO,1
30906,128390,128391,2022,0,1,0.056081,-78.141928,PICHINCHA,CAYAMBE,CAYAMBE,RURAL,2022-07-06,21:40:00,21,MIERCOLES,3,JULIO,7,NO,"CONDUCIR DESATENTO A LAS CONDICIONES DE TRANSITO (CELULAR, PANTALLAS DE VIDEO, COMIDA, MAQUILLAJE O CUALQUIER OTRO ELEMENTO DISTRACTOR).",CHOQUE POSTERIOR,ESPECIAL,0,0,0,0,0,0,1,0,0,0,0,0,0,1,22,HOMBRE,FALLECIDO,CONDUCTOR PRESENTE,NO,SI,3
30907,128392,128393,2022,2,0,-0.186839,-78.479621,PICHINCHA,QUITO,QUITO,URBANA,2022-07-06,23:35:00,23,MIERCOLES,3,JULIO,7,NO,"CONDUCIR EN ESTADO DE SOMNOLENCIA O MALAS CONDICIONES FISICAS (SUENIO, CANSANCIO Y FATIGA).",CHOQUE POSTERIOR,MOTOCICLETA,1,0,0,0,0,0,0,0,1,0,0,0,0,2,19,HOMBRE,LESIONADO,CONDUCTOR PRESENTE,SI,NO,1
30908,128402,128403,2022,1,0,-0.227421,-78.507169,PICHINCHA,QUITO,QUITO,URBANA,2022-07-07,07:48:00,7,JUEVES,4,JULIO,7,NO,PEATON QUE CRUZA LA CALZADA SIN RESPETAR LA SENIALIZACION EXISTENTE (SEMAFOROS O SENIALES MANUALES).,ATROPELLOS,AUTOMOVIL,1,0,0,0,0,0,0,0,0,0,0,0,0,1,36,HOMBRE,LESIONADO,PEATON,NO,NO,1
30909,128404,128405,2022,1,0,-0.162455,-78.481685,PICHINCHA,QUITO,QUITO,URBANA,2022-07-07,08:10:00,8,JUEVES,4,JULIO,7,NO,"NO RESPETAR LAS SENIALES REGLAMENTARIAS DE TRANSITO. (PARE, CEDA EL PASO, LUZ ROJA DEL SEMAFORO, ETC).",CHOQUE LATERAL,SCOOTER ELECTRICO,1,0,0,0,0,0,0,0,0,0,1,0,0,2,35,MUJER,LESIONADO,CONDUCTOR PRESENTE,NO,NO,1
30910,128408,128409,2022,0,0,-0.116391,-78.483461,PICHINCHA,QUITO,QUITO,URBANA,2022-07-07,09:20:00,9,JUEVES,4,JULIO,7,NO,"NO RESPETAR LAS SENIALES REGLAMENTARIAS DE TRANSITO. (PARE, CEDA EL PASO, LUZ ROJA DEL SEMAFORO, ETC).",CHOQUE LATERAL,FURGONETA,1,0,0,0,0,0,0,1,0,0,0,0,0,2,74,HOMBRE,ILESO,CONDUCTOR PRESENTE,NO,NO,1
30911,128409,128410,2022,1,0,-0.188109,-78.483131,PICHINCHA,QUITO,QUITO,URBANA,2022-07-07,09:36:00,9,JUEVES,4,JULIO,7,NO,PEATON QUE CRUZA LA CALZADA SIN RESPETAR LA SENIALIZACION EXISTENTE (SEMAFOROS O SENIALES MANUALES).,ATROPELLOS,MOTOCICLETA,0,0,0,0,0,0,0,0,1,0,0,0,0,1,25,HOMBRE,LESIONADO,PEATON,NO,NO,1
30912,128411,128412,2022,0,0,-0.070167,-78.452591,PICHINCHA,QUITO,CALDERON (CARAPUNGO),RURAL,2022-07-07,11:00:00,11,JUEVES,4,JULIO,7,NO,NO MANTENER LA DISTANCIA PRUDENCIAL CON RESPECTO AL VEHICULO QUE LE ANTECEDE.,CHOQUE POSTERIOR,CAMIONETA,1,0,0,0,1,0,0,0,0,0,0,0,0,2,56,HOMBRE,ILESO,CONDUCTOR PRESENTE,NO,NO,3
30913,128412,128413,2022,1,1,-0.243817,-78.475622,PICHINCHA,QUITO,QUITO,URBANA,2022-07-07,11:20:00,11,JUEVES,4,JULIO,7,NO,CONDUCIR VEHICULO SUPERANDO LOS LIMITES MAXIMOS DE VELOCIDAD.,ESTRELLAMIENTOS,AUTOMOVIL,1,0,0,0,0,0,0,0,0,0,0,0,0,1,63,MUJER,FALLECIDO,PASAJERO,NO,NO,1
30914,128418,128419,2022,0,0,-0.213801,-78.503632,PICHINCHA,QUITO,QUITO,URBANA,2022-07-07,15:00:00,15,JUEVES,4,JULIO,7,NO,CONDUCIR VEHICULO SUPERANDO LOS LIMITES MAXIMOS DE VELOCIDAD.,CHOQUE LATERAL,CAMION,1,0,0,1,0,0,0,0,0,0,0,0,0,2,50,HOMBRE,ILESO,CONDUCTOR PRESENTE,NO,NO,1
30915,128424,128425,2022,1,0,-0.233063,-78.507039,PICHINCHA,QUITO,QUITO,URBANA,2022-07-07,17:00:00,17,JUEVES,4,JULIO,7,NO,NO GUARDAR LA DISTANCIA LATERAL MINIMA DE SEGURIDAD ENTRE VEHICULOS.,ROZAMIENTOS,MOTOCICLETA,1,0,0,0,0,0,0,0,1,0,0,0,0,2,25,HOMBRE,LESIONADO,CONDUCTOR PRESENTE,NO,NO,1
30916,128434,128435,2022,1,0,-0.060981,-78.433378,PICHINCHA,QUITO,CALDERON (CARAPUNGO),RURAL,2022-07-07,19:20:00,19,JUEVES,4,JULIO,7,NO,NO CEDER EL DERECHO DE VIA O PREFERENCIA DE PASO A VEHICULOS.,OTROS,BICICLETA,0,1,0,0,0,0,0,0,0,1,0,0,0,2,20,HOMBRE,LESIONADO,CONDUCTOR PRESENTE,NO,NO,3
30917,128460,128461,2022,0,0,-0.236271,-78.529962,PICHINCHA,QUITO,QUITO,URBANA,2022-07-08,10:15:00,10,VIERNES,5,JULIO,7,NO,NO CEDER EL DERECHO DE VIA O PREFERENCIA DE PASO A VEHICULOS.,CHOQUE LATERAL,CAMIONETA,1,0,0,0,1,0,0,0,0,0,0,0,0,2,30,HOMBRE,ILESO,CONDUCTOR PRESENTE,NO,NO,1
30918,128467,128468,2022,1,0,-0.275141,-78.540422,PICHINCHA,QUITO,QUITO,URBANA,2022-07-08,12:20:00,12,VIERNES,5,JULIO,7,NO,DEJAR O RECOGER PASAJEROS EN LUGARES NO PERMITIDOS.,CAIDA DE PASAJERO,BUS,0,0,1,0,0,0,0,0,0,0,0,0,0,1,59,MUJER,LESIONADO,PASAJERO,NO,NO,1
30919,128471,128472,2022,0,0,-0.414925,-78.800111,PICHINCHA,MEJIA,MANUEL CORNEJO ASTORGA,RURAL,2022-07-08,14:11:00,14,VIERNES,5,JULIO,7,NO,REALIZAR CAMBIO BRUSCO O INDEBIDO DE CARRIL.,CHOQUE LATERAL,CAMION,0,0,0,2,0,0,0,0,0,0,0,0,0,2,-1,HOMBRE,ILESO,CONDUCTOR PRESENTE,NO,NO,3
30920,128478,128479,2022,1,0,-0.218775,-78.509002,PICHINCHA,QUITO,QUITO,URBANA,2022-07-08,16:50:00,16,VIERNES,5,JULIO,7,NO,"PEATON TRANSITA BAJO INFLUENCIA DE ALCOHOL, SUSTANCIAS ESTUPEFACIENTES O PSICOTROPICAS Y/O MEDICAMENTOS.",ATROPELLOS,BUS,0,0,1,0,0,0,0,0,0,0,0,0,0,1,19,HOMBRE,LESIONADO,PEATON,NO,NO,1
30921,128482,128483,2022,1,0,-0.298852,-78.565431,PICHINCHA,QUITO,QUITO,URBANA,2022-07-08,18:00:00,18,VIERNES,5,JULIO,7,NO,NO TRANSITAR POR LAS ACERAS O ZONAS DE SEGURIDAD DESTINADAS PARA EL EFECTO.,ATROPELLOS,NO IDENTIFICADO,0,0,0,0,0,0,0,0,0,1,0,0,0,1,8,MUJER,LESIONADO,PEATON,NO,NO,1
30922,128488,128489,2022,0,0,-0.264901,-78.555601,PICHINCHA,QUITO,QUITO,URBANA,2022-07-08,19:10:00,19,VIERNES,5,JULIO,7,NO,CONDUCIR VEHICULO SUPERANDO LOS LIMITES MAXIMOS DE VELOCIDAD.,ESTRELLAMIENTOS,CAMION,0,0,0,1,0,0,0,0,0,0,0,0,0,1,-1,NO IDENTIFICADO,NO IDENTIFICADO,CONDUCTOR AUSENTE,NO,NO,2
30923,128494,128495,2022,0,0,-0.122885,-78.444802,PICHINCHA,QUITO,CALDERON (CARAPUNGO),RURAL,2022-07-08,20:30:00,20,VIERNES,5,JULIO,7,NO,"CONDUCE BAJO LA INFLUENCIA DE ALCOHOL, SUSTANCIAS ESTUPEFACIENTES O PSICOTROPICAS Y/O MEDICAMENTOS.",CHOQUE LATERAL,CAMIONETA,1,0,0,0,1,0,0,0,0,0,0,0,0,2,44,HOMBRE,ILESO,CONDUCTOR PRESENTE,NO,NO,3
30924,128498,128499,2022,1,1,-0.014479,-78.453147,PICHINCHA,QUITO,SAN ANTONIO (QUITO),RURAL,2022-07-08,21:30:00,21,VIERNES,5,JULIO,7,NO,"CONDUCIR DESATENTO A LAS CONDICIONES DE TRANSITO (CELULAR, PANTALLAS DE VIDEO, COMIDA, MAQUILLAJE O CUALQUIER OTRO ELEMENTO DISTRACTOR).",CHOQUE LATERAL,MOTOCICLETA,0,0,0,0,0,0,0,0,1,1,0,0,0,2,26,HOMBRE,FALLECIDO,CONDUCTOR PRESENTE,NO,SI,3
30925,128503,128504,2022,0,1,0.071963,-78.139801,PICHINCHA,CAYAMBE,SAN JOSE DE AYORA,RURAL,2022-07-08,22:30:00,22,VIERNES,5,JULIO,7,NO,NO CEDER EL DERECHO DE VIA O PREFERENCIA DE PASO A VEHICULOS.,CHOQUE POSTERIOR,MOTOCICLETA,0,0,0,0,0,0,0,0,1,1,0,0,0,2,23,HOMBRE,FALLECIDO,CONDUCTOR PRESENTE,NO,SI,3
30926,128509,128510,2022,3,0,-0.434991,-78.552861,PICHINCHA,MEJIA,MACHACHI,RURAL,2022-07-09,01:10:00,1,SABADO,6,JULIO,7,NO,"CONDUCIR DESATENTO A LAS CONDICIONES DE TRANSITO (CELULAR, PANTALLAS DE VIDEO, COMIDA, MAQUILLAJE O CUALQUIER OTRO ELEMENTO DISTRACTOR).",CHOQUE FRONTAL,CAMIONETA,0,0,0,0,1,0,0,0,0,0,0,0,1,2,34,HOMBRE,LESIONADO,CONDUCTOR PRESENTE,NO,SI,3
30927,128512,128513,2022,1,0,-0.282904,-78.544212,PICHINCHA,QUITO,QUITO,URBANA,2022-07-09,01:50:00,1,SABADO,6,JULIO,7,NO,"NO RESPETAR LAS SENIALES REGLAMENTARIAS DE TRANSITO. (PARE, CEDA EL PASO, LUZ ROJA DEL SEMAFORO, ETC).",CHOQUE LATERAL,MOTOCICLETA,0,0,0,0,0,0,0,0,1,1,0,0,0,2,20,HOMBRE,LESIONADO,CONDUCTOR PRESENTE,NO,NO,1
30928,128513,128514,2022,0,0,-0.326305,-78.476362,PICHINCHA,QUITO,AMAGUANIA,RURAL,2022-07-09,01:55:00,1,SABADO,6,JULIO,7,NO,CONDUCIR VEHICULO SUPERANDO LOS LIMITES MAXIMOS DE VELOCIDAD.,PERDIDA DE CARRIL,MOTOCICLETA,0,0,0,0,0,0,0,0,1,0,0,0,0,1,-1,NO IDENTIFICADO,NO IDENTIFICADO,CONDUCTOR AUSENTE,NO,NO,2
30929,128514,128515,2022,1,1,-0.180647,-78.330214,PICHINCHA,QUITO,YARUQUI,RURAL,2022-07-09,02:10:00,2,SABADO,6,JULIO,7,NO,"CONDUCIR DESATENTO A LAS CONDICIONES DE TRANSITO (CELULAR, PANTALLAS DE VIDEO, COMIDA, MAQUILLAJE O CUALQUIER OTRO ELEMENTO DISTRACTOR).",CHOQUE POSTERIOR,MOTOCICLETA,0,0,0,0,0,0,0,0,1,0,0,0,0,1,33,HOMBRE,FALLECIDO,CONDUCTOR PRESENTE,NO,SI,3
30930,128530,128531,2022,0,0,-0.078356,-78.451606,PICHINCHA,QUITO,QUITO,URBANA,2022-07-09,10:10:00,10,SABADO,6,JULIO,7,NO,NO MANTENER LA DISTANCIA PRUDENCIAL CON RESPECTO AL VEHICULO QUE LE ANTECEDE.,CHOQUE POSTERIOR,AUTOMOVIL,2,0,0,0,0,0,0,0,0,0,0,0,0,2,29,HOMBRE,ILESO,CONDUCTOR PRESENTE,NO,NO,1
30931,128531,128532,2022,0,1,-0.372562,-78.488064,PICHINCHA,QUITO,AMAGUANIA,RURAL,2022-07-09,10:24:00,10,SABADO,6,JULIO,7,NO,"CONDUCIR DESATENTO A LAS CONDICIONES DE TRANSITO (CELULAR, PANTALLAS DE VIDEO, COMIDA, MAQUILLAJE O CUALQUIER OTRO ELEMENTO DISTRACTOR).",ATROPELLOS,NO IDENTIFICADO,0,0,0,0,0,0,0,0,0,1,0,0,0,1,25,HOMBRE,FALLECIDO,PEATON,NO,SI,3
30932,128532,128533,2022,0,0,-0.193168,-78.443211,PICHINCHA,QUITO,NAYON,RURAL,2022-07-09,10:29:00,10,SABADO,6,JULIO,7,NO,"CONDICIONES AMBIENTALES Y/O ATMOSFERICAS (NIEBLA, NEBLINA, GRANIZO, LLUVIA).",CHOQUE LATERAL,CAMIONETA,1,0,0,0,1,0,0,0,0,0,0,0,0,2,39,HOMBRE,ILESO,CONDUCTOR PRESENTE,NO,NO,3
30933,128533,128534,2022,0,0,-0.257595,-78.545874,PICHINCHA,QUITO,QUITO,URBANA,2022-07-09,10:30:00,10,SABADO,6,JULIO,7,NO,"NO RESPETAR LAS SENIALES REGLAMENTARIAS DE TRANSITO. (PARE, CEDA EL PASO, LUZ ROJA DEL SEMAFORO, ETC).",CHOQUE LATERAL,CAMION,1,0,0,1,0,0,0,0,0,0,0,0,0,2,27,HOMBRE,ILESO,CONDUCTOR PRESENTE,NO,NO,1
30934,128542,128543,2022,2,0,-0.312576,-78.565763,PICHINCHA,QUITO,QUITO,URBANA,2022-07-09,12:50:00,12,SABADO,6,JULIO,7,NO,NO CEDER EL DERECHO DE VIA O PREFERENCIA DE PASO A VEHICULOS.,CHOQUE LATERAL,MOTOCICLETA,1,0,0,0,0,0,0,0,1,0,0,0,0,2,24,HOMBRE,LESIONADO,CONDUCTOR PRESENTE,NO,NO,1
30935,128544,128545,2022,0,0,-0.226721,-78.469161,PICHINCHA,QUITO,QUITO,RURAL,2022-07-09,13:25:00,13,SABADO,6,JULIO,7,NO,CONDUCIR VEHICULO SUPERANDO LOS LIMITES MAXIMOS DE VELOCIDAD.,ESTRELLAMIENTOS,AUTOMOVIL,1,0,0,0,0,0,0,0,0,0,0,0,0,1,58,HOMBRE,ILESO,CONDUCTOR PRESENTE,NO,NO,3
30936,128556,128557,2022,0,0,-0.180589,-78.490775,PICHINCHA,QUITO,QUITO,URBANA,2022-07-09,16:15:00,16,SABADO,6,JULIO,7,NO,"CONDUCE BAJO LA INFLUENCIA DE ALCOHOL, SUSTANCIAS ESTUPEFACIENTES O PSICOTROPICAS Y/O MEDICAMENTOS.",CHOQUE LATERAL,AUTOMOVIL,2,0,0,0,0,0,0,0,0,0,0,0,0,2,31,HOMBRE,ILESO,CONDUCTOR PRESENTE,NO,NO,1
30937,128569,128570,2022,0,0,-0.203845,-78.489007,PICHINCHA,QUITO,QUITO,URBANA,2022-07-09,19:00:00,19,SABADO,6,JULIO,7,NO,NO CEDER EL DERECHO DE VIA O PREFERENCIA DE PASO A VEHICULOS.,CHOQUE LATERAL,AUTOMOVIL,2,0,0,0,0,0,0,0,0,0,0,0,0,2,22,HOMBRE,ILESO,CONDUCTOR PRESENTE,NO,NO,1
30938,128576,128577,2022,3,0,-0.208966,-78.495339,PICHINCHA,QUITO,QUITO,URBANA,2022-07-09,20:00:00,20,SABADO,6,JULIO,7,NO,CONDUCIR VEHICULO SUPERANDO LOS LIMITES MAXIMOS DE VELOCIDAD.,COLISION,MOTOCICLETA,2,0,0,0,0,0,0,0,1,0,0,0,0,3,49,HOMBRE,LESIONADO,CONDUCTOR PRESENTE,NO,NO,1