,Unnamed: 0,ID,ANIO,LESIONADOS,FALLECIDOS,LATITUD_Y,LONGITUD_X,PROVINCIA,CANTON,PARROQUIA,ZONA,FECHA,HORA,PERIODO_2,DIA_1,DIA_2,MES_1,MES_2,FERIADO,CAUSA_PROBABLE,TIPO_DE_SINIESTRO,TIPO_DE_VEHICULO_1,AUTOMOVIL,BICICLETA,BUS,CAMION,CAMIONETA,EMERGENCIAS,ESPECIAL,FURGONETA,MOTOCICLETA,NO_IDENTIFICADO,SCOOTER_ELECTRICO,TRICIMOTO,VEHICULO_DEPORTIVO_UTILITARIO,SUMA_DE_VEHICULOS,EDAD_1,SEXO_1,CONDICION_1,PARTICIPANTE_1,CASCO_1,CINTURON_1,KMeans_Cluster
30939,128583,128584,2022,1,0,-0.410412,-78.547486,PICHINCHA,MEJIA,TAMBILLO (MEJIA),RURAL,2022-07-09,21:00:00,21,SABADO,6,JULIO,7,NO,"CONDUCIR DESATENTO A LAS CONDICIONES DE TRANSITO (CELULAR, PANTALLAS DE VIDEO, COMIDA, MAQUILLAJE O CUALQUIER OTRO ELEMENTO DISTRACTOR).",ATROPELLOS,CAMIONETA,0,0,0,0,1,0,0,0,0,0,0,0,0,1,51,MUJER,LESIONADO,PEATON,NO,SI,3
30940,128589,128590,2022,1,0,-0.258203,-78.541308,PICHINCHA,QUITO,QUITO,URBANA,2022-07-09,21:30:00,21,SABADO,6,JULIO,7,NO,"CONDUCE BAJO LA INFLUENCIA DE ALCOHOL, SUSTANCIAS ESTUPEFACIENTES O PSICOTROPICAS Y/O MEDICAMENTOS.",ARROLLAMIENTOS,CAMION,0,0,0,1,0,0,0,0,0,0,0,0,0,1,50,MUJER,LESIONADO,PEATON,NO,NO,1
30941,128597,128598,2022,0,0,-0.108255,-78.461339,PICHINCHA,QUITO,CALDERON (CARAPUNGO),URBANA,2022-07-09,22:30:00,22,SABADO,6,JULIO,7,NO,"CONDUCE BAJO LA INFLUENCIA DE ALCOHOL, SUSTANCIAS ESTUPEFACIENTES O PSICOTROPICAS Y/O MEDICAMENTOS.",CHOQUE POSTERIOR,AUTOMOVIL,2,0,0,0,0,0,0,0,0,0,0,0,0,2,34,HOMBRE,ILESO,CONDUCTOR PRESENTE,NO,NO,1
30942,128615,128616,2022,0,1,-0.325388,-78.449585,PICHINCHA,RUMINIAHUI,SANGOLQUI,URBANA,2022-07-10,02:00:00,2,DOMINGO,7,JULIO,7,NO,"CONDUCIR DESATENTO A LAS CONDICIONES DE TRANSITO (CELULAR, PANTALLAS DE VIDEO, COMIDA, MAQUILLAJE O CUALQUIER OTRO ELEMENTO DISTRACTOR).",ESTRELLAMIENTOS,MOTOCICLETA,0,0,0,0,0,0,0,0,1,0,0,0,0,1,25,HOMBRE,FALLECIDO,CONDUCTOR PRESENTE,NO,SI,1
30943,128628,128629,2022,0,0,-0.268501,-78.551541,PICHINCHA,QUITO,QUITO,URBANA,2022-07-10,04:45:00,4,DOMINGO,7,JULIO,7,NO,CONDUCIR VEHICULO SUPERANDO LOS LIMITES MAXIMOS DE VELOCIDAD.,ESTRELLAMIENTOS,CAMIONETA,0,0,0,0,1,0,0,0,0,0,0,0,0,1,36,HOMBRE,ILESO,PASAJERO,NO,NO,1
30944,128629,128630,2022,0,0,-0.246705,-78.522239,PICHINCHA,QUITO,QUITO,URBANA,2022-07-10,04:50:00,4,DOMINGO,7,JULIO,7,NO,CONDUCIR VEHICULO SUPERANDO LOS LIMITES MAXIMOS DE VELOCIDAD.,ESTRELLAMIENTOS,AUTOMOVIL,1,0,0,0,0,0,0,0,0,0,0,0,0,1,-1,NO IDENTIFICADO,NO IDENTIFICADO,CONDUCTOR AUSENTE,NO,NO,2
30945,128640,128641,2022,1,0,-0.234441,-78.491591,PICHINCHA,QUITO,QUITO,URBANA,2022-07-10,07:18:00,7,DOMINGO,7,JULIO,7,NO,CONDUCIR VEHICULO SUPERANDO LOS LIMITES MAXIMOS DE VELOCIDAD.,PERDIDA DE CARRIL,MOTOCICLETA,0,0,0,0,0,0,0,0,1,0,0,0,0,1,34,HOMBRE,LESIONADO,CONDUCTOR PRESENTE,NO,NO,1
30946,128643,128644,2022,0,0,-0.270012,-78.488214,PICHINCHA,QUITO,CONOCOTO,RURAL,2022-07-10,07:40:00,7,DOMINGO,7,JULIO,7,NO,"CONDUCIR DESATENTO A LAS CONDICIONES DE TRANSITO (CELULAR, PANTALLAS DE VIDEO, COMIDA, MAQUILLAJE O CUALQUIER OTRO ELEMENTO DISTRACTOR).",PERDIDA DE CARRIL,CAMION,1,0,0,1,0,0,0,0,0,0,0,0,1,3,48,HOMBRE,ILESO,CONDUCTOR PRESENTE,NO,SI,3
30947,128647,128648,2022,0,0,-0.242113,-78.534122,PICHINCHA,QUITO,QUITO,URBANA,2022-07-10,09:00:00,9,DOMINGO,7,JULIO,7,NO,CONDUCIR VEHICULO SUPERANDO LOS LIMITES MAXIMOS DE VELOCIDAD.,OTROS,AUTOMOVIL,1,0,0,0,0,0,0,0,0,0,0,0,0,1,-1,NO IDENTIFICADO,NO IDENTIFICADO,CONDUCTOR AUSENTE,NO,NO,2
30948,128668,128669,2022,0,0,-0.003138,-78.452911,PICHINCHA,QUITO,SAN ANTONIO (QUITO),RURAL,2022-07-10,17:30:00,17,DOMINGO,7,JULIO,7,NO,"CONDUCE BAJO LA INFLUENCIA DE ALCOHOL, SUSTANCIAS ESTUPEFACIENTES O PSICOTROPICAS Y/O MEDICAMENTOS.",CHOQUE POSTERIOR,CAMIONETA,1,0,0,0,1,0,0,0,0,0,0,0,0,2,51,MUJER,ILESO,CONDUCTOR PRESENTE,NO,SI,3
30949,128676,128677,2022,2,1,-0.224195,-78.346095,PICHINCHA,QUITO,PIFO,RURAL,2022-07-10,19:35:00,19,DOMINGO,7,JULIO,7,NO,"CONDUCIR DESATENTO A LAS CONDICIONES DE TRANSITO (CELULAR, PANTALLAS DE VIDEO, COMIDA, MAQUILLAJE O CUALQUIER OTRO ELEMENTO DISTRACTOR).",CHOQUE POSTERIOR,AUTOMOVIL,1,0,0,0,0,0,0,0,0,0,0,0,0,1,21,HOMBRE,FALLECIDO,PASAJERO,NO,SI,3
30950,128680,128681,2022,0,0,-0.138911,-78.493206,PICHINCHA,QUITO,QUITO,URBANA,2022-07-10,20:55:00,20,DOMINGO,7,JULIO,7,NO,"CONDUCE BAJO LA INFLUENCIA DE ALCOHOL, SUSTANCIAS ESTUPEFACIENTES O PSICOTROPICAS Y/O MEDICAMENTOS.",CHOQUE LATERAL,MOTOCICLETA,1,0,0,0,0,0,0,0,1,0,0,0,0,2,36,HOMBRE,ILESO,CONDUCTOR PRESENTE,NO,NO,1
30951,128696,128697,2022,0,1,-0.261274,-78.504311,PICHINCHA,QUITO,QUITO,URBANA,2022-07-11,02:50:00,2,LUNES,1,JULIO,7,NO,CONDUCIR VEHICULO SUPERANDO LOS LIMITES MAXIMOS DE VELOCIDAD.,ESTRELLAMIENTOS,MOTOCICLETA,0,0,0,0,0,0,0,0,1,0,0,0,0,1,30,HOMBRE,FALLECIDO,CONDUCTOR PRESENTE,NO,NO,1
30952,128701,128702,2022,0,0,-0.201781,-78.457066,PICHINCHA,QUITO,QUITO,RURAL,2022-07-11,07:10:00,7,LUNES,1,JULIO,7,NO,NO MANTENER LA DISTANCIA PRUDENCIAL CON RESPECTO AL VEHICULO QUE LE ANTECEDE.,CHOQUE POSTERIOR,AUTOMOVIL,2,0,0,0,0,0,0,0,0,0,0,0,0,2,29,MUJER,ILESO,CONDUCTOR PRESENTE,NO,NO,3
30953,128702,128703,2022,0,0,-0.203654,-78.490511,PICHINCHA,QUITO,QUITO,URBANA,2022-07-11,08:10:00,8,LUNES,1,JULIO,7,NO,"NO RESPETAR LAS SENIALES REGLAMENTARIAS DE TRANSITO. (PARE, CEDA EL PASO, LUZ ROJA DEL SEMAFORO, ETC).",CHOQUE LATERAL,AUTOMOVIL,2,0,0,0,0,0,0,0,0,0,0,0,0,2,46,HOMBRE,ILESO,CONDUCTOR PRESENTE,NO,NO,1
30954,128714,128715,2022,0,0,-0.280542,-78.553208,PICHINCHA,QUITO,QUITO,URBANA,2022-07-11,12:23:00,12,LUNES,1,JULIO,7,NO,NO GUARDAR LA DISTANCIA LATERAL MINIMA DE SEGURIDAD ENTRE VEHICULOS.,ROZAMIENTOS,BUS,1,0,1,0,0,0,0,0,0,0,0,0,0,2,40,HOMBRE,ILESO,CONDUCTOR PRESENTE,NO,NO,1
30955,128719,128720,2022,2,0,-0.138534,-78.482655,PICHINCHA,QUITO,QUITO,URBANA,2022-07-11,13:00:00,13,LUNES,1,JULIO,7,NO,PEATON QUE CRUZA LA CALZADA SIN RESPETAR LA SENIALIZACION EXISTENTE (SEMAFOROS O SENIALES MANUALES).,ATROPELLOS,MOTOCICLETA,0,0,0,0,0,0,0,0,1,0,0,0,0,1,36,HOMBRE,LESIONADO,PEATON,NO,NO,1
30956,128730,128731,2022,0,0,-0.215857,-78.488142,PICHINCHA,QUITO,QUITO,URBANA,2022-07-11,16:40:00,16,LUNES,1,JULIO,7,NO,CONDUCIR VEHICULO SUPERANDO LOS LIMITES MAXIMOS DE VELOCIDAD.,ESTRELLAMIENTOS,AUTOMOVIL,1,0,0,0,0,0,0,0,0,0,0,0,0,1,-1,NO IDENTIFICADO,NO IDENTIFICADO,CONDUCTOR AUSENTE,NO,NO,2
30957,128737,128738,2022,2,0,-0.285182,-78.536656,PICHINCHA,QUITO,QUITO,URBANA,2022-07-11,18:50:00,18,LUNES,1,JULIO,7,NO,NO CEDER EL DERECHO DE VIA O PREFERENCIA DE PASO AL PEATON.,ATROPELLOS,MOTOCICLETA,0,0,0,0,0,0,0,0,1,0,0,0,0,1,1,MUJER,LESIONADO,PEATON,NO,NO,1
30958,128738,128739,2022,0,0,-0.384389,-78.819201,PICHINCHA,MEJIA,MANUEL CORNEJO ASTORGA,RURAL,2022-07-11,19:10:00,19,LUNES,1,JULIO,7,NO,"CONDUCIR DESATENTO A LAS CONDICIONES DE TRANSITO (CELULAR, PANTALLAS DE VIDEO, COMIDA, MAQUILLAJE O CUALQUIER OTRO ELEMENTO DISTRACTOR).",ESTRELLAMIENTOS,CAMIONETA,0,0,0,0,1,0,0,0,0,0,0,0,0,1,46,HOMBRE,ILESO,CONDUCTOR PRESENTE,NO,NO,3
30959,128753,128754,2022,1,0,-0.418469,-78.550221,PICHINCHA,MEJIA,TAMBILLO (MEJIA),RURAL,2022-07-12,07:05:00,7,MARTES,2,JULIO,7,NO,"CONDUCIR DESATENTO A LAS CONDICIONES DE TRANSITO (CELULAR, PANTALLAS DE VIDEO, COMIDA, MAQUILLAJE O CUALQUIER OTRO ELEMENTO DISTRACTOR).",CHOQUE FRONTAL,CAMION,0,0,0,1,1,0,0,0,0,0,0,0,0,2,37,HOMBRE,LESIONADO,CONDUCTOR PRESENTE,NO,SI,3
30960,128754,128755,2022,1,0,-0.333454,-78.519746,PICHINCHA,QUITO,QUITO,URBANA,2022-07-12,07:17:00,7,MARTES,2,JULIO,7,NO,"ADELANTAR O REBASAR A OTRO VEHICULO EN MOVIMIENTO EN ZONAS O SITIOS PELIGROSOS TALES COMO: CURVAS, PUENTES, TUNELES, PENDIENTES, ETC.",CHOQUE LATERAL,AUTOMOVIL,2,0,0,0,0,0,0,0,0,0,0,0,0,2,47,HOMBRE,LESIONADO,CONDUCTOR PRESENTE,NO,NO,1
30961,128780,128781,2022,0,0,-0.189841,-78.496908,PICHINCHA,QUITO,QUITO,URBANA,2022-07-12,13:13:00,13,MARTES,2,JULIO,7,NO,"NO RESPETAR LAS SENIALES REGLAMENTARIAS DE TRANSITO. (PARE, CEDA EL PASO, LUZ ROJA DEL SEMAFORO, ETC).",CHOQUE LATERAL,MOTOCICLETA,1,0,0,0,0,0,0,0,1,0,0,0,0,2,56,HOMBRE,ILESO,CONDUCTOR PRESENTE,NO,NO,1
30962,128781,128782,2022,0,0,-0.413794,-78.800572,PICHINCHA,MEJIA,MANUEL CORNEJO ASTORGA,RURAL,2022-07-12,14:20:00,14,MARTES,2,JULIO,7,NO,"CONDUCIR DESATENTO A LAS CONDICIONES DE TRANSITO (CELULAR, PANTALLAS DE VIDEO, COMIDA, MAQUILLAJE O CUALQUIER OTRO ELEMENTO DISTRACTOR).",PERDIDA DE CARRIL,VEHICULO DEPORTIVO UTILITARIO,1,0,0,0,0,0,0,0,0,0,0,0,1,2,-1,HOMBRE,ILESO,CONDUCTOR PRESENTE,NO,NO,3
30963,128782,128783,2022,0,0,-0.195546,-78.484161,PICHINCHA,QUITO,QUITO,URBANA,2022-07-12,14:30:00,14,MARTES,2,JULIO,7,NO,"CONDUCIR DESATENTO A LAS CONDICIONES DE TRANSITO (CELULAR, PANTALLAS DE VIDEO, COMIDA, MAQUILLAJE O CUALQUIER OTRO ELEMENTO DISTRACTOR).",CHOQUE LATERAL,MOTOCICLETA,1,0,0,0,0,0,0,0,1,0,0,0,0,2,38,HOMBRE,ILESO,CONDUCTOR PRESENTE,NO,NO,1
30964,128793,128794,2022,1,0,-0.278701,-78.554601,PICHINCHA,QUITO,QUITO,URBANA,2022-07-12,18:15:00,18,MARTES,2,JULIO,7,NO,"NO RESPETAR LAS SENIALES REGLAMENTARIAS DE TRANSITO. (PARE, CEDA EL PASO, LUZ ROJA DEL SEMAFORO, ETC).",CHOQUE LATERAL,MOTOCICLETA,0,0,0,0,0,0,0,0,1,1,0,0,0,2,30,HOMBRE,LESIONADO,PASAJERO,NO,NO,1
30965,128801,128802,2022,1,0,-0.241668,-78.525781,PICHINCHA,QUITO,QUITO,URBANA,2022-07-12,20:00:00,20,MARTES,2,JULIO,7,NO,"NO RESPETAR LAS SENIALES REGLAMENTARIAS DE TRANSITO. (PARE, CEDA EL PASO, LUZ ROJA DEL SEMAFORO, ETC).",CHOQUE LATERAL,MOTOCICLETA,1,0,0,0,0,0,0,0,1,0,0,0,0,2,22,HOMBRE,LESIONADO,CONDUCTOR PRESENTE,NO,NO,1
30966,128803,128804,2022,2,0,-0.125299,-78.301399,PICHINCHA,QUITO,EL QUINCHE,URBANA,2022-07-12,20:16:00,20,MARTES,2,JULIO,7,NO,"NO RESPETAR LAS SENIALES REGLAMENTARIAS DE TRANSITO. (PARE, CEDA EL PASO, LUZ ROJA DEL SEMAFORO, ETC).",OTROS,MOTOCICLETA,0,0,0,0,0,0,0,0,1,1,0,0,0,2,27,HOMBRE,LESIONADO,CONDUCTOR PRESENTE,NO,NO,1
30967,128811,128812,2022,5,0,-0.105707,-78.499544,PICHINCHA,QUITO,QUITO,URBANA,2022-07-12,22:45:00,22,MARTES,2,JULIO,7,NO,CONDUCIR VEHICULO SUPERANDO LOS LIMITES MAXIMOS DE VELOCIDAD.,PERDIDA DE CARRIL,FURGONETA,0,0,0,0,0,0,0,1,0,0,0,0,0,1,22,HOMBRE,LESIONADO,PASAJERO,NO,NO,1
30968,128815,128816,2022,0,0,-0.103861,-78.424694,PICHINCHA,QUITO,CALDERON (CARAPUNGO),RURAL,2022-07-13,01:00:00,1,MIERCOLES,3,JULIO,7,NO,CONDUCIR VEHICULO SUPERANDO LOS LIMITES MAXIMOS DE VELOCIDAD.,ESTRELLAMIENTOS,AUTOMOVIL,1,0,0,0,0,0,0,0,0,0,0,0,0,1,-1,NO IDENTIFICADO,NO IDENTIFICADO,CONDUCTOR AUSENTE,NO,NO,2
30969,128817,128818,2022,0,0,-0.317269,-78.928294,PICHINCHA,MEJIA,MANUEL CORNEJO ASTORGA,RURAL,2022-07-13,04:50:00,4,MIERCOLES,3,JULIO,7,NO,REALIZAR CAMBIO BRUSCO O INDEBIDO DE CARRIL.,CHOQUE FRONTAL,CAMION,0,0,0,1,0,0,0,0,0,0,0,0,1,2,34,HOMBRE,ILESO,CONDUCTOR PRESENTE,NO,NO,3
30970,128823,128824,2022,1,0,-0.181415,-78.481951,PICHINCHA,QUITO,QUITO,URBANA,2022-07-13,07:15:00,7,MIERCOLES,3,JULIO,7,NO,PEATON QUE CRUZA LA CALZADA SIN RESPETAR LA SENIALIZACION EXISTENTE (SEMAFOROS O SENIALES MANUALES).,ATROPELLOS,AUTOMOVIL,1,0,0,0,0,0,0,0,0,0,0,0,0,1,24,HOMBRE,LESIONADO,PEATON,NO,NO,1
30971,128829,128830,2022,0,0,-0.293195,-78.527016,PICHINCHA,QUITO,QUITO,URBANA,2022-07-13,09:35:00,9,MIERCOLES,3,JULIO,7,NO,CONDUCIR VEHICULO SUPERANDO LOS LIMITES MAXIMOS DE VELOCIDAD.,OTROS,CAMIONETA,2,0,0,0,1,0,0,0,0,0,0,0,0,3,70,HOMBRE,ILESO,CONDUCTOR PRESENTE,NO,NO,1
30972,128833,128834,2022,0,0,-0.089366,-78.469381,PICHINCHA,QUITO,QUITO,URBANA,2022-07-13,11:22:00,11,MIERCOLES,3,JULIO,7,NO,"FALLA MECANICA EN LOS SISTEMAS Y/O NEUMATICOS (SISTEMA DE FRENOS, DIRECCION, ELECTRONICO O MECANICO).",ESTRELLAMIENTOS,AUTOMOVIL,1,0,0,0,0,0,0,0,0,0,0,0,0,1,29,HOMBRE,ILESO,CONDUCTOR PRESENTE,NO,NO,1
30973,128836,128837,2022,1,0,-0.242248,-78.520833,PICHINCHA,QUITO,QUITO,URBANA,2022-07-13,12:10:00,12,MIERCOLES,3,JULIO,7,NO,PEATON QUE CRUZA LA CALZADA SIN RESPETAR LA SENIALIZACION EXISTENTE (SEMAFOROS O SENIALES MANUALES).,ATROPELLOS,AUTOMOVIL,1,0,0,0,0,0,0,0,0,0,0,0,0,1,60,HOMBRE,LESIONADO,PEATON,NO,NO,1
30974,128838,128839,2022,10,0,-0.276412,-78.512405,PICHINCHA,QUITO,QUITO,URBANA,2022-07-13,13:14:00,13,MIERCOLES,3,JULIO,7,NO,CONDUCIR VEHICULO SUPERANDO LOS LIMITES MAXIMOS DE VELOCIDAD.,CHOQUE POSTERIOR,BUS,0,0,2,0,0,0,0,0,0,0,0,0,0,2,53,HOMBRE,LESIONADO,PASAJERO,NO,NO,1
30975,128840,128841,2022,1,0,-0.111522,-78.486605,PICHINCHA,QUITO,QUITO,URBANA,2022-07-13,13:45:00,13,MIERCOLES,3,JULIO,7,NO,NO TRANSITAR POR LAS ACERAS O ZONAS DE SEGURIDAD DESTINADAS PARA EL EFECTO.,ATROPELLOS,NO IDENTIFICADO,0,0,0,0,0,0,0,0,0,1,0,0,0,1,13,HOMBRE,LESIONADO,PEATON,NO,NO,1
30976,128845,128846,2022,0,0,-0.515123,-78.571741,PICHINCHA,MEJIA,MACHACHI,URBANA,2022-07-13,15:10:00,15,MIERCOLES,3,JULIO,7,NO,"CONDUCE BAJO LA INFLUENCIA DE ALCOHOL, SUSTANCIAS ESTUPEFACIENTES O PSICOTROPICAS Y/O MEDICAMENTOS.",CHOQUE POSTERIOR,CAMIONETA,0,0,0,0,1,0,0,0,0,0,0,0,1,2,39,HOMBRE,ILESO,CONDUCTOR PRESENTE,NO,SI,1
30977,128860,128861,2022,0,0,-0.471488,-78.565982,PICHINCHA,MEJIA,MACHACHI,URBANA,2022-07-13,22:00:00,22,MIERCOLES,3,JULIO,7,NO,"CONDUCE BAJO LA INFLUENCIA DE ALCOHOL, SUSTANCIAS ESTUPEFACIENTES O PSICOTROPICAS Y/O MEDICAMENTOS.",CHOQUE POSTERIOR,CAMION,0,0,0,1,0,0,0,0,0,0,0,0,1,2,39,HOMBRE,ILESO,CONDUCTOR PRESENTE,NO,SI,1
30978,128865,128866,2022,1,0,-0.105394,-78.475722,PICHINCHA,QUITO,QUITO,URBANA,2022-07-14,02:50:00,2,JUEVES,4,JULIO,7,NO,"FALLA MECANICA EN LOS SISTEMAS Y/O NEUMATICOS (SISTEMA DE FRENOS, DIRECCION, ELECTRONICO O MECANICO).",ESTRELLAMIENTOS,AUTOMOVIL,1,0,0,0,0,0,0,0,0,0,0,0,0,1,37,HOMBRE,LESIONADO,PASAJERO,NO,NO,1
30979,128880,128881,2022,1,0,-0.169261,-78.326199,PICHINCHA,QUITO,YARUQUI,RURAL,2022-07-14,11:00:00,11,JUEVES,4,JULIO,7,NO,"CONDUCIR DESATENTO A LAS CONDICIONES DE TRANSITO (CELULAR, PANTALLAS DE VIDEO, COMIDA, MAQUILLAJE O CUALQUIER OTRO ELEMENTO DISTRACTOR).",CHOQUE LATERAL,CAMION,0,0,0,1,0,0,0,0,0,0,0,0,0,1,28,HOMBRE,LESIONADO,CONDUCTOR PRESENTE,NO,SI,3
30980,128881,128882,2022,0,0,-0.187601,-78.483053,PICHINCHA,QUITO,QUITO,URBANA,2022-07-14,11:45:00,11,JUEVES,4,JULIO,7,NO,"NO RESPETAR LAS SENIALES REGLAMENTARIAS DE TRANSITO. (PARE, CEDA EL PASO, LUZ ROJA DEL SEMAFORO, ETC).",OTROS,AUTOMOVIL,2,0,0,0,0,0,0,0,0,0,0,0,0,2,34,HOMBRE,ILESO,CONDUCTOR PRESENTE,NO,NO,1
30981,128887,128888,2022,0,0,-0.057441,-78.345144,PICHINCHA,QUITO,GUAYLLABAMBA,RURAL,2022-07-14,13:29:00,13,JUEVES,4,JULIO,7,NO,"CONDUCIR DESATENTO A LAS CONDICIONES DE TRANSITO (CELULAR, PANTALLAS DE VIDEO, COMIDA, MAQUILLAJE O CUALQUIER OTRO ELEMENTO DISTRACTOR).",ESTRELLAMIENTOS,AUTOMOVIL,2,0,0,0,0,0,0,0,0,0,0,0,0,2,29,HOMBRE,ILESO,CONDUCTOR PRESENTE,NO,NO,3
30982,128890,128891,2022,0,0,-0.126552,-78.495391,PICHINCHA,QUITO,QUITO,URBANA,2022-07-14,14:40:00,14,JUEVES,4,JULIO,7,NO,NO CEDER EL DERECHO DE VIA O PREFERENCIA DE PASO A VEHICULOS.,OTROS,AUTOMOVIL,2,0,0,0,0,0,0,0,0,0,0,0,0,2,72,HOMBRE,ILESO,CONDUCTOR PRESENTE,NO,NO,1
30983,128900,128901,2022,1,0,-0.209116,-78.500345,PICHINCHA,QUITO,QUITO,URBANA,2022-07-14,17:20:00,17,JUEVES,4,JULIO,7,NO,BAJARSE O SUBIRSE DE VEHICULOS EN MOVIMIENTO SIN TOMAR LAS PRECAUCIONES DEBIDAS.,OTROS,BUS,0,0,1,0,0,0,0,0,0,0,0,0,0,1,7,MUJER,LESIONADO,PASAJERO,NO,NO,1
30984,128903,128904,2022,0,1,-0.228862,-78.343648,PICHINCHA,QUITO,PIFO,RURAL,2022-07-14,18:40:00,18,JUEVES,4,JULIO,7,NO,"CONDUCIR DESATENTO A LAS CONDICIONES DE TRANSITO (CELULAR, PANTALLAS DE VIDEO, COMIDA, MAQUILLAJE O CUALQUIER OTRO ELEMENTO DISTRACTOR).",ATROPELLOS,AUTOMOVIL,1,0,0,0,0,0,0,0,0,0,0,0,0,1,17,HOMBRE,FALLECIDO,PEATON,NO,SI,3
30985,128907,128908,2022,0,0,-0.177139,-78.478001,PICHINCHA,QUITO,QUITO,URBANA,2022-07-14,19:37:00,19,JUEVES,4,JULIO,7,NO,"NO RESPETAR LAS SENIALES REGLAMENTARIAS DE TRANSITO. (PARE, CEDA EL PASO, LUZ ROJA DEL SEMAFORO, ETC).",CHOQUE LATERAL,CAMIONETA,1,0,0,0,1,0,0,0,0,0,0,0,0,2,34,HOMBRE,ILESO,CONDUCTOR PRESENTE,NO,NO,1
30986,128912,128913,2022,0,0,-0.270071,-78.535438,PICHINCHA,QUITO,QUITO,URBANA,2022-07-14,21:35:00,21,JUEVES,4,JULIO,7,NO,NO MANTENER LA DISTANCIA PRUDENCIAL CON RESPECTO AL VEHICULO QUE LE ANTECEDE.,CHOQUE POSTERIOR,AUTOMOVIL,2,0,0,0,0,0,0,0,0,0,0,0,0,2,35,HOMBRE,ILESO,CONDUCTOR PRESENTE,NO,NO,1
30987,128932,128933,2022,1,0,-0.063521,-78.360514,PICHINCHA,QUITO,GUAYLLABAMBA,RURAL,2022-07-15,06:40:00,6,VIERNES,5,JULIO,7,NO,"CONDUCIR DESATENTO A LAS CONDICIONES DE TRANSITO (CELULAR, PANTALLAS DE VIDEO, COMIDA, MAQUILLAJE O CUALQUIER OTRO ELEMENTO DISTRACTOR).",PERDIDA DE CARRIL,BUS,0,0,1,0,0,0,0,0,0,0,0,0,1,2,28,HOMBRE,LESIONADO,PEATON,NO,SI,3
30988,128941,128942,2022,0,0,-0.305944,-78.470283,PICHINCHA,QUITO,CONOCOTO,RURAL,2022-07-15,09:05:00,9,VIERNES,5,JULIO,7,NO,CONDUCIR VEHICULO SUPERANDO LOS LIMITES MAXIMOS DE VELOCIDAD.,CHOQUE LATERAL,AUTOMOVIL,2,0,0,0,0,0,0,0,0,0,0,0,0,2,54,HOMBRE,ILESO,CONDUCTOR PRESENTE,NO,NO,3
30989,128950,128951,2022,0,0,-0.172871,-78.474111,PICHINCHA,QUITO,QUITO,URBANA,2022-07-15,13:10:00,13,VIERNES,5,JULIO,7,NO,"NO RESPETAR LAS SENIALES REGLAMENTARIAS DE TRANSITO. (PARE, CEDA EL PASO, LUZ ROJA DEL SEMAFORO, ETC).",CHOQUE LATERAL,AUTOMOVIL,2,0,0,0,0,0,0,0,0,0,0,0,0,2,39,HOMBRE,ILESO,CONDUCTOR PRESENTE,NO,NO,1
30990,128951,128952,2022,0,0,-0.271067,-78.536705,PICHINCHA,QUITO,QUITO,URBANA,2022-07-15,13:30:00,13,VIERNES,5,JULIO,7,NO,NO MANTENER LA DISTANCIA PRUDENCIAL CON RESPECTO AL VEHICULO QUE LE ANTECEDE.,CHOQUE POSTERIOR,AUTOMOVIL,2,0,0,0,0,0,0,0,0,0,0,0,0,2,42,HOMBRE,ILESO,CONDUCTOR PRESENTE,NO,NO,1
30991,128953,128954,2022,0,1,-0.331125,-78.550651,PICHINCHA,QUITO,QUITO,URBANA,2022-07-15,13:50:00,13,VIERNES,5,JULIO,7,NO,NO TRANSITAR POR LAS ACERAS O ZONAS DE SEGURIDAD DESTINADAS PARA EL EFECTO.,ATROPELLOS,AUTOMOVIL,1,0,0,0,0,0,0,0,0,0,0,0,0,1,67,MUJER,FALLECIDO,PEATON,NO,NO,1
30992,128956,128957,2022,1,0,-0.066047,-78.353859,PICHINCHA,QUITO,GUAYLLABAMBA,RURAL,2022-07-15,15:05:00,15,VIERNES,5,JULIO,7,NO,"FALLA MECANICA EN LOS SISTEMAS Y/O NEUMATICOS (SISTEMA DE FRENOS, DIRECCION, ELECTRONICO O MECANICO).",ESTRELLAMIENTOS,BUS,1,0,1,0,0,0,0,0,0,0,0,0,0,2,33,MUJER,LESIONADO,PASAJERO,NO,NO,3
30993,128961,128962,2022,0,0,-0.206499,-78.494386,PICHINCHA,QUITO,QUITO,URBANA,2022-07-15,16:40:00,16,VIERNES,5,JULIO,7,NO,NO CEDER EL DERECHO DE VIA O PREFERENCIA DE PASO A VEHICULOS.,CHOQUE LATERAL,AUTOMOVIL,2,0,0,0,0,0,0,0,0,0,0,0,0,2,66,HOMBRE,ILESO,CONDUCTOR PRESENTE,NO,NO,1
30994,128963,128964,2022,1,0,-0.303721,-78.567022,PICHINCHA,QUITO,QUITO,URBANA,2022-07-15,17:20:00,17,VIERNES,5,JULIO,7,NO,"FALLA MECANICA EN LOS SISTEMAS Y/O NEUMATICOS (SISTEMA DE FRENOS, DIRECCION, ELECTRONICO O MECANICO).",ESTRELLAMIENTOS,AUTOMOVIL,2,0,0,0,0,0,0,0,0,0,0,0,0,2,38,MUJER,LESIONADO,CONDUCTOR PRESENTE,NO,NO,1