,Unnamed: 0,ID,ANIO,LESIONADOS,FALLECIDOS,LATITUD_Y,LONGITUD_X,PROVINCIA,CANTON,PARROQUIA,ZONA,FECHA,HORA,PERIODO_2,DIA_1,DIA_2,MES_1,MES_2,FERIADO,CAUSA_PROBABLE,TIPO_DE_SINIESTRO,TIPO_DE_VEHICULO_1,AUTOMOVIL,BICICLETA,BUS,CAMION,CAMIONETA,EMERGENCIAS,ESPECIAL,FURGONETA,MOTOCICLETA,NO_IDENTIFICADO,SCOOTER_ELECTRICO,TRICIMOTO,VEHICULO_DEPORTIVO_UTILITARIO,SUMA_DE_VEHICULOS,EDAD_1,SEXO_1,CONDICION_1,PARTICIPANTE_1,CASCO_1,CINTURON_1,KMeans_Cluster
30995,128968,128969,2022,1,0,-0.084281,-78.506842,PICHINCHA,QUITO,QUITO,URBANA,2022-07-15,19:10:00,19,VIERNES,5,JULIO,7,NO,"CONDUCE BAJO LA INFLUENCIA DE ALCOHOL, SUSTANCIAS ESTUPEFACIENTES O PSICOTROPICAS Y/O MEDICAMENTOS.",ATROPELLOS,MOTOCICLETA,0,0,0,0,0,0,0,0,1,0,0,0,0,1,31,MUJER,LESIONADO,PEATON,NO,NO,1
30996,128970,128971,2022,0,0,-0.191311,-78.455619,PICHINCHA,QUITO,QUITO,URBANA,2022-07-15,19:29:00,19,VIERNES,5,JULIO,7,NO,CONDUCIR VEHICULO SUPERANDO LOS LIMITES MAXIMOS DE VELOCIDAD.,CHOQUE LATERAL,CAMIONETA,0,0,0,0,2,0,0,0,0,0,0,0,0,2,35,HOMBRE,ILESO,CONDUCTOR PRESENTE,NO,NO,1
30997,128972,128973,2022,3,0,-0.105388,-78.433615,PICHINCHA,QUITO,CALDERON (CARAPUNGO),RURAL,2022-07-15,19:44:00,19,VIERNES,5,JULIO,7,NO,CONDUCIR VEHICULO SUPERANDO LOS LIMITES MAXIMOS DE VELOCIDAD.,CHOQUE POSTERIOR,AUTOMOVIL,1,0,0,0,0,0,0,0,0,1,0,0,0,2,33,HOMBRE,LESIONADO,PASAJERO,NO,NO,3
30998,128978,128979,2022,0,0,0.122993,-78.186317,PICHINCHA,PEDRO MONCAYO,TUPIGACHI,RURAL,2022-07-15,20:30:00,20,VIERNES,5,JULIO,7,NO,NO CEDER EL DERECHO DE VIA O PREFERENCIA DE PASO AL PEATON.,ATROPELLOS,NO IDENTIFICADO,0,0,0,0,0,0,0,0,0,1,0,0,0,1,1,HOMBRE,ILESO,PEATON,NO,NO,3
30999,128984,128985,2022,0,0,-0.191063,-78.458717,PICHINCHA,QUITO,QUITO,URBANA,2022-07-15,22:30:00,22,VIERNES,5,JULIO,7,NO,CONDUCIR VEHICULO SUPERANDO LOS LIMITES MAXIMOS DE VELOCIDAD.,CHOQUE LATERAL,CAMIONETA,1,0,0,0,1,0,0,0,0,0,0,0,0,2,39,HOMBRE,ILESO,CONDUCTOR PRESENTE,NO,NO,1
31000,128986,128987,2022,1,0,-0.326951,-78.555825,PICHINCHA,QUITO,QUITO,URBANA,2022-07-15,23:50:00,23,VIERNES,5,JULIO,7,NO,NO TRANSITAR POR LAS ACERAS O ZONAS DE SEGURIDAD DESTINADAS PARA EL EFECTO.,ATROPELLOS,NO IDENTIFICADO,0,0,0,0,0,0,0,0,0,1,0,0,0,1,30,HOMBRE,LESIONADO,PEATON,NO,NO,1
31001,128987,128988,2022,0,0,-0.291194,-78.557975,PICHINCHA,QUITO,QUITO,URBANA,2022-07-16,00:30:00,0,SABADO,6,JULIO,7,NO,"FALLA MECANICA EN LOS SISTEMAS Y/O NEUMATICOS (SISTEMA DE FRENOS, DIRECCION, ELECTRONICO O MECANICO).",ESTRELLAMIENTOS,AUTOMOVIL,1,0,0,0,0,0,0,0,0,0,0,0,0,1,56,HOMBRE,ILESO,CONDUCTOR PRESENTE,NO,NO,1
31002,128990,128991,2022,0,0,-0.202734,-78.491181,PICHINCHA,QUITO,QUITO,URBANA,2022-07-16,00:50:00,0,SABADO,6,JULIO,7,NO,"CONDUCE BAJO LA INFLUENCIA DE ALCOHOL, SUSTANCIAS ESTUPEFACIENTES O PSICOTROPICAS Y/O MEDICAMENTOS.",ESTRELLAMIENTOS,CAMIONETA,0,0,0,0,2,0,0,0,0,0,0,0,0,2,28,HOMBRE,ILESO,CONDUCTOR PRESENTE,NO,NO,1
31003,128997,128998,2022,0,0,-0.151156,-78.465331,PICHINCHA,QUITO,QUITO,URBANA,2022-07-16,02:38:00,2,SABADO,6,JULIO,7,NO,CONDUCIR VEHICULO SUPERANDO LOS LIMITES MAXIMOS DE VELOCIDAD.,ESTRELLAMIENTOS,AUTOMOVIL,1,0,0,0,0,0,0,0,0,0,0,0,0,1,-1,NO IDENTIFICADO,NO IDENTIFICADO,CONDUCTOR AUSENTE,NO,NO,2
31004,129002,129003,2022,0,0,-0.246691,-78.477245,PICHINCHA,QUITO,QUITO,URBANA,2022-07-16,03:50:00,3,SABADO,6,JULIO,7,NO,CONDUCIR VEHICULO SUPERANDO LOS LIMITES MAXIMOS DE VELOCIDAD.,VOLCAMIENTOS,CAMION,0,0,0,1,0,0,0,0,0,0,0,0,0,1,-1,NO IDENTIFICADO,NO IDENTIFICADO,CONDUCTOR AUSENTE,NO,NO,2
31005,129004,129005,2022,0,0,-0.328201,-78.546101,PICHINCHA,QUITO,QUITO,URBANA,2022-07-16,04:20:00,4,SABADO,6,JULIO,7,NO,"CONDUCE BAJO LA INFLUENCIA DE ALCOHOL, SUSTANCIAS ESTUPEFACIENTES O PSICOTROPICAS Y/O MEDICAMENTOS.",CHOQUE LATERAL,AUTOMOVIL,2,0,0,0,0,0,0,0,0,0,0,0,0,2,47,HOMBRE,ILESO,CONDUCTOR PRESENTE,NO,NO,1
31006,129008,129009,2022,0,0,-0.171576,-78.490777,PICHINCHA,QUITO,QUITO,URBANA,2022-07-16,05:20:00,5,SABADO,6,JULIO,7,NO,"NO RESPETAR LAS SENIALES REGLAMENTARIAS DE TRANSITO. (PARE, CEDA EL PASO, LUZ ROJA DEL SEMAFORO, ETC).",CHOQUE LATERAL,CAMIONETA,1,0,0,0,1,0,0,0,0,0,0,0,0,2,35,HOMBRE,ILESO,CONDUCTOR PRESENTE,NO,NO,1
31007,129009,129010,2022,1,2,-0.518321,-78.576757,PICHINCHA,MEJIA,ALOASI,RURAL,2022-07-16,05:25:00,5,SABADO,6,JULIO,7,NO,"CONDUCIR DESATENTO A LAS CONDICIONES DE TRANSITO (CELULAR, PANTALLAS DE VIDEO, COMIDA, MAQUILLAJE O CUALQUIER OTRO ELEMENTO DISTRACTOR).",ESTRELLAMIENTOS,CAMION,0,0,0,1,1,0,0,0,0,0,0,0,0,2,60,HOMBRE,FALLECIDO,PASAJERO,NO,SI,3
31008,129012,129013,2022,5,1,-0.182434,-78.451151,PICHINCHA,QUITO,QUITO,URBANA,2022-07-16,06:00:00,6,SABADO,6,JULIO,7,NO,CONDUCIR VEHICULO SUPERANDO LOS LIMITES MAXIMOS DE VELOCIDAD.,OTROS,CAMION,3,0,0,1,0,0,0,0,0,0,0,0,0,4,91,MUJER,FALLECIDO,PASAJERO,NO,NO,1
31009,129028,129029,2022,1,0,-0.215968,-78.404044,PICHINCHA,QUITO,TUMBACO,RURAL,2022-07-16,11:40:00,11,SABADO,6,JULIO,7,NO,NO MANTENER LA DISTANCIA PRUDENCIAL CON RESPECTO AL VEHICULO QUE LE ANTECEDE.,CHOQUE POSTERIOR,MOTOCICLETA,1,0,0,0,0,0,0,0,1,0,0,0,0,2,29,MUJER,LESIONADO,PEATON,NO,NO,3
31010,129030,129031,2022,1,0,-0.283782,-78.553076,PICHINCHA,QUITO,QUITO,URBANA,2022-07-16,12:45:00,12,SABADO,6,JULIO,7,NO,NO TRANSITAR POR LAS ACERAS O ZONAS DE SEGURIDAD DESTINADAS PARA EL EFECTO.,ATROPELLOS,AUTOMOVIL,1,0,0,0,0,0,0,0,0,0,0,0,0,1,4,HOMBRE,LESIONADO,PEATON,NO,NO,1
31011,129031,129032,2022,3,0,-0.164319,-78.447819,PICHINCHA,QUITO,QUITO,URBANA,2022-07-16,13:00:00,13,SABADO,6,JULIO,7,NO,CONDUCIR VEHICULO SUPERANDO LOS LIMITES MAXIMOS DE VELOCIDAD.,PERDIDA DE CARRIL,AUTOMOVIL,1,0,0,0,0,0,0,0,0,0,0,0,0,1,20,MUJER,LESIONADO,CONDUCTOR PRESENTE,NO,NO,1
31012,129044,129045,2022,2,0,-0.109345,-78.458758,PICHINCHA,QUITO,CALDERON (CARAPUNGO),URBANA,2022-07-16,18:20:00,18,SABADO,6,JULIO,7,NO,"CONDUCE BAJO LA INFLUENCIA DE ALCOHOL, SUSTANCIAS ESTUPEFACIENTES O PSICOTROPICAS Y/O MEDICAMENTOS.",CHOQUE POSTERIOR,MOTOCICLETA,1,0,0,0,0,0,0,0,1,0,0,0,0,2,24,HOMBRE,LESIONADO,CONDUCTOR PRESENTE,NO,NO,1
31013,129047,129048,2022,0,0,-0.202183,-78.459361,PICHINCHA,QUITO,QUITO,URBANA,2022-07-16,18:45:00,18,SABADO,6,JULIO,7,NO,"CONDICIONES AMBIENTALES Y/O ATMOSFERICAS (NIEBLA, NEBLINA, GRANIZO, LLUVIA).",ESTRELLAMIENTOS,CAMIONETA,0,0,0,0,1,0,0,0,0,0,0,0,0,1,22,HOMBRE,ILESO,CONDUCTOR PRESENTE,NO,NO,1
31014,129048,129049,2022,2,0,-0.047727,-78.284983,PICHINCHA,CAYAMBE,SANTA ROSA DE CUZUBAMBA,RURAL,2022-07-16,19:00:00,19,SABADO,6,JULIO,7,NO,"CONDUCIR DESATENTO A LAS CONDICIONES DE TRANSITO (CELULAR, PANTALLAS DE VIDEO, COMIDA, MAQUILLAJE O CUALQUIER OTRO ELEMENTO DISTRACTOR).",CHOQUE LATERAL,MOTOCICLETA,0,0,0,0,0,0,0,0,1,0,0,0,1,2,26,MUJER,LESIONADO,CONDUCTOR PRESENTE,NO,SI,3
31015,129053,129054,2022,0,0,-0.188638,-78.453192,PICHINCHA,QUITO,NAYON,URBANA,2022-07-16,19:50:00,19,SABADO,6,JULIO,7,NO,CONDUCIR VEHICULO SUPERANDO LOS LIMITES MAXIMOS DE VELOCIDAD.,CHOQUE LATERAL,AUTOMOVIL,2,0,0,0,0,0,0,0,0,0,0,0,0,2,40,HOMBRE,ILESO,CONDUCTOR PRESENTE,NO,NO,1
31016,129056,129057,2022,1,0,-0.176888,-78.480965,PICHINCHA,QUITO,QUITO,URBANA,2022-07-16,20:00:00,20,SABADO,6,JULIO,7,NO,"CONDUCE BAJO LA INFLUENCIA DE ALCOHOL, SUSTANCIAS ESTUPEFACIENTES O PSICOTROPICAS Y/O MEDICAMENTOS.",CHOQUE LATERAL,MOTOCICLETA,1,0,0,0,0,0,0,0,1,0,0,0,0,2,32,HOMBRE,LESIONADO,CONDUCTOR PRESENTE,NO,NO,1
31017,129066,129067,2022,0,1,0.046106,-78.204281,PICHINCHA,PEDRO MONCAYO,TABACUNDO,RURAL,2022-07-16,22:00:00,22,SABADO,6,JULIO,7,NO,"CONDUCE BAJO LA INFLUENCIA DE ALCOHOL, SUSTANCIAS ESTUPEFACIENTES O PSICOTROPICAS Y/O MEDICAMENTOS.",CHOQUE FRONTAL,AUTOMOVIL,1,0,0,0,0,0,0,0,0,1,0,0,0,2,27,HOMBRE,FALLECIDO,CONDUCTOR PRESENTE,NO,SI,3
31018,129080,129081,2022,1,0,-0.101938,-78.486729,PICHINCHA,QUITO,QUITO,URBANA,2022-07-17,00:30:00,0,DOMINGO,7,JULIO,7,NO,CONDUCIR VEHICULO SUPERANDO LOS LIMITES MAXIMOS DE VELOCIDAD.,ESTRELLAMIENTOS,AUTOMOVIL,1,0,0,0,0,0,0,0,0,0,0,0,0,1,21,MUJER,LESIONADO,PASAJERO,NO,NO,1
31019,129089,129090,2022,0,0,-0.065689,-78.463192,PICHINCHA,QUITO,POMASQUI,RURAL,2022-07-17,02:30:00,2,DOMINGO,7,JULIO,7,NO,"CONDUCE BAJO LA INFLUENCIA DE ALCOHOL, SUSTANCIAS ESTUPEFACIENTES O PSICOTROPICAS Y/O MEDICAMENTOS.",CHOQUE POSTERIOR,AUTOMOVIL,1,0,0,0,0,0,0,0,0,1,0,0,0,2,55,MUJER,ILESO,CONDUCTOR PRESENTE,NO,SI,3
31020,129095,129096,2022,0,0,-0.345414,-78.548659,PICHINCHA,QUITO,QUITO,URBANA,2022-07-17,03:40:00,3,DOMINGO,7,JULIO,7,NO,"CONDICIONES AMBIENTALES Y/O ATMOSFERICAS (NIEBLA, NEBLINA, GRANIZO, LLUVIA).",VOLCAMIENTOS,CAMIONETA,0,0,0,0,1,0,0,0,0,0,0,0,0,1,-1,NO IDENTIFICADO,NO IDENTIFICADO,CONDUCTOR AUSENTE,NO,NO,2
31021,129099,129100,2022,0,0,-0.027888,-78.438589,PICHINCHA,QUITO,POMASQUI,RURAL,2022-07-17,04:30:00,4,DOMINGO,7,JULIO,7,NO,CONDUCIR VEHICULO SUPERANDO LOS LIMITES MAXIMOS DE VELOCIDAD.,CHOQUE POSTERIOR,CAMIONETA,1,0,0,0,1,0,0,0,0,0,0,0,0,2,26,HOMBRE,ILESO,CONDUCTOR PRESENTE,NO,NO,3
31022,129120,129121,2022,0,0,-0.200677,-78.497028,PICHINCHA,QUITO,QUITO,URBANA,2022-07-17,09:35:00,9,DOMINGO,7,JULIO,7,NO,"NO RESPETAR LAS SENIALES REGLAMENTARIAS DE TRANSITO. (PARE, CEDA EL PASO, LUZ ROJA DEL SEMAFORO, ETC).",CHOQUE LATERAL,AUTOMOVIL,2,0,0,0,0,0,0,0,0,0,0,0,0,2,42,HOMBRE,ILESO,CONDUCTOR PRESENTE,NO,NO,1
31023,129128,129129,2022,1,0,-0.212574,-78.502147,PICHINCHA,QUITO,QUITO,URBANA,2022-07-17,12:30:00,12,DOMINGO,7,JULIO,7,NO,CONDUCIR VEHICULO SUPERANDO LOS LIMITES MAXIMOS DE VELOCIDAD.,PERDIDA DE CARRIL,MOTOCICLETA,0,0,0,0,0,0,0,0,1,0,0,0,0,1,61,HOMBRE,LESIONADO,CONDUCTOR PRESENTE,NO,NO,1
31024,129134,129135,2022,0,0,-0.097659,-78.452831,PICHINCHA,QUITO,CALDERON (CARAPUNGO),RURAL,2022-07-17,15:00:00,15,DOMINGO,7,JULIO,7,NO,NO TRANSITAR POR LAS ACERAS O ZONAS DE SEGURIDAD DESTINADAS PARA EL EFECTO.,ATROPELLOS,CAMIONETA,1,0,0,0,1,0,0,0,0,0,0,0,0,2,24,MUJER,ILESO,PEATON,NO,NO,3
31025,129152,129153,2022,0,0,-0.276999,-78.557199,PICHINCHA,QUITO,QUITO,URBANA,2022-07-17,19:20:00,19,DOMINGO,7,JULIO,7,NO,REALIZAR CAMBIO BRUSCO O INDEBIDO DE CARRIL.,CHOQUE LATERAL,FURGONETA,1,0,0,0,0,0,0,1,0,0,0,0,0,2,27,HOMBRE,ILESO,CONDUCTOR PRESENTE,NO,NO,1
31026,129153,129154,2022,1,0,-0.105493,-78.442039,PICHINCHA,QUITO,CALDERON (CARAPUNGO),RURAL,2022-07-17,19:30:00,19,DOMINGO,7,JULIO,7,NO,"FALLA MECANICA EN LOS SISTEMAS Y/O NEUMATICOS (SISTEMA DE FRENOS, DIRECCION, ELECTRONICO O MECANICO).",OTROS,CAMION,0,0,0,1,0,0,0,0,0,0,0,0,0,1,8,MUJER,LESIONADO,PEATON,NO,NO,3
31027,129168,129169,2022,1,0,-0.289801,-78.581213,PICHINCHA,QUITO,QUITO,URBANA,2022-07-17,23:05:00,23,DOMINGO,7,JULIO,7,NO,"NO RESPETAR LAS SENIALES REGLAMENTARIAS DE TRANSITO. (PARE, CEDA EL PASO, LUZ ROJA DEL SEMAFORO, ETC).",PERDIDA DE CARRIL,MOTOCICLETA,0,0,0,0,0,0,0,0,1,0,0,0,0,1,21,MUJER,LESIONADO,PASAJERO,NO,NO,1
31028,129171,129172,2022,0,1,-0.379782,-78.504087,PICHINCHA,QUITO,AMAGUANIA,RURAL,2022-07-18,00:45:00,0,LUNES,1,JULIO,7,NO,"CONDUCIR DESATENTO A LAS CONDICIONES DE TRANSITO (CELULAR, PANTALLAS DE VIDEO, COMIDA, MAQUILLAJE O CUALQUIER OTRO ELEMENTO DISTRACTOR).",ATROPELLOS,NO IDENTIFICADO,0,0,0,0,0,0,0,0,0,1,0,0,0,1,22,HOMBRE,FALLECIDO,PEATON,NO,SI,3
31029,129174,129175,2022,1,0,-0.130559,-78.359758,PICHINCHA,QUITO,TABABELA,RURAL,2022-07-18,01:30:00,1,LUNES,1,JULIO,7,NO,"NO RESPETAR LAS SENIALES REGLAMENTARIAS DE TRANSITO. (PARE, CEDA EL PASO, LUZ ROJA DEL SEMAFORO, ETC).",ESTRELLAMIENTOS,AUTOMOVIL,1,0,0,0,0,0,0,0,0,0,0,0,0,1,20,HOMBRE,LESIONADO,CONDUCTOR PRESENTE,NO,NO,3
31030,129175,129176,2022,1,0,-0.268275,-78.533289,PICHINCHA,QUITO,QUITO,URBANA,2022-07-18,01:41:00,1,LUNES,1,JULIO,7,NO,"CONDUCE BAJO LA INFLUENCIA DE ALCOHOL, SUSTANCIAS ESTUPEFACIENTES O PSICOTROPICAS Y/O MEDICAMENTOS.",ROZAMIENTOS,CAMIONETA,1,0,0,0,1,0,0,0,0,0,0,0,0,2,27,HOMBRE,LESIONADO,CONDUCTOR PRESENTE,NO,NO,1
31031,129178,129179,2022,1,0,-0.277163,-78.551334,PICHINCHA,QUITO,QUITO,URBANA,2022-07-18,06:45:00,6,LUNES,1,JULIO,7,NO,CONDUCIR VEHICULO SUPERANDO LOS LIMITES MAXIMOS DE VELOCIDAD.,OTROS,MOTOCICLETA,0,0,0,0,0,0,0,0,1,1,0,0,0,2,31,HOMBRE,LESIONADO,CONDUCTOR PRESENTE,NO,NO,1
31032,129180,129181,2022,1,0,-0.175098,-78.488401,PICHINCHA,QUITO,QUITO,URBANA,2022-07-18,06:55:00,6,LUNES,1,JULIO,7,NO,"NO RESPETAR LAS SENIALES REGLAMENTARIAS DE TRANSITO. (PARE, CEDA EL PASO, LUZ ROJA DEL SEMAFORO, ETC).",CHOQUE LATERAL,MOTOCICLETA,1,0,0,0,0,0,0,0,1,0,0,0,0,2,23,HOMBRE,LESIONADO,CONDUCTOR PRESENTE,NO,NO,1
31033,129187,129188,2022,0,0,-0.146341,-78.474923,PICHINCHA,QUITO,QUITO,URBANA,2022-07-18,09:20:00,9,LUNES,1,JULIO,7,NO,"NO RESPETAR LAS SENIALES REGLAMENTARIAS DE TRANSITO. (PARE, CEDA EL PASO, LUZ ROJA DEL SEMAFORO, ETC).",CHOQUE FRONTAL,AUTOMOVIL,2,0,0,0,0,0,0,0,0,0,0,0,0,2,31,HOMBRE,ILESO,CONDUCTOR PRESENTE,NO,NO,1
31034,129189,129190,2022,1,0,-0.167331,-78.448051,PICHINCHA,QUITO,QUITO,URBANA,2022-07-18,11:07:00,11,LUNES,1,JULIO,7,NO,CONDUCIR VEHICULO SUPERANDO LOS LIMITES MAXIMOS DE VELOCIDAD.,COLISION,MOTOCICLETA,1,0,0,0,0,0,0,0,1,1,0,0,0,3,37,HOMBRE,LESIONADO,CONDUCTOR PRESENTE,NO,NO,1
31035,129203,129204,2022,0,0,-0.362671,-78.376643,PICHINCHA,QUITO,PINTAG,RURAL,2022-07-18,17:55:00,17,LUNES,1,JULIO,7,NO,CONDUCIR VEHICULO SUPERANDO LOS LIMITES MAXIMOS DE VELOCIDAD.,ESTRELLAMIENTOS,CAMIONETA,0,0,0,0,1,0,0,0,0,0,0,0,0,1,-1,NO IDENTIFICADO,NO IDENTIFICADO,CONDUCTOR AUSENTE,NO,NO,2
31036,129215,129216,2022,2,0,-0.166517,-78.324981,PICHINCHA,QUITO,YARUQUI,RURAL,2022-07-18,23:15:00,23,LUNES,1,JULIO,7,NO,"CONDUCIR DESATENTO A LAS CONDICIONES DE TRANSITO (CELULAR, PANTALLAS DE VIDEO, COMIDA, MAQUILLAJE O CUALQUIER OTRO ELEMENTO DISTRACTOR).",PERDIDA DE CARRIL,CAMION,0,0,0,1,0,0,0,0,0,0,0,0,0,1,57,HOMBRE,LESIONADO,CONDUCTOR PRESENTE,NO,SI,3
31037,129221,129222,2022,0,0,-0.003885,-78.453069,PICHINCHA,QUITO,SAN ANTONIO (QUITO),RURAL,2022-07-19,02:45:00,2,MARTES,2,JULIO,7,NO,"CONDUCIR DESATENTO A LAS CONDICIONES DE TRANSITO (CELULAR, PANTALLAS DE VIDEO, COMIDA, MAQUILLAJE O CUALQUIER OTRO ELEMENTO DISTRACTOR).",ESTRELLAMIENTOS,AUTOMOVIL,1,0,0,0,0,0,0,0,0,0,0,0,0,1,33,HOMBRE,ILESO,CONDUCTOR PRESENTE,NO,SI,3
31038,129251,129252,2022,0,0,-0.111762,-78.479011,PICHINCHA,QUITO,QUITO,URBANA,2022-07-19,17:30:00,17,MARTES,2,JULIO,7,NO,"NO RESPETAR LAS SENIALES REGLAMENTARIAS DE TRANSITO. (PARE, CEDA EL PASO, LUZ ROJA DEL SEMAFORO, ETC).",CHOQUE LATERAL,AUTOMOVIL,2,0,0,0,0,0,0,0,0,0,0,0,0,2,31,HOMBRE,ILESO,CONDUCTOR PRESENTE,NO,NO,1
31039,129254,129255,2022,1,0,-0.007523,-78.452826,PICHINCHA,QUITO,SAN ANTONIO (QUITO),RURAL,2022-07-19,19:00:00,19,MARTES,2,JULIO,7,NO,PEATON QUE CRUZA LA CALZADA SIN RESPETAR LA SENIALIZACION EXISTENTE (SEMAFOROS O SENIALES MANUALES).,ATROPELLOS,AUTOMOVIL,1,0,0,0,0,0,0,0,0,0,0,0,0,1,23,MUJER,LESIONADO,PEATON,NO,NO,3
31040,129263,129264,2022,0,1,-0.221218,-78.418784,PICHINCHA,QUITO,TUMBACO,RURAL,2022-07-19,23:30:00,23,MARTES,2,JULIO,7,NO,CONDUCIR VEHICULO SUPERANDO LOS LIMITES MAXIMOS DE VELOCIDAD.,PERDIDA DE CARRIL,MOTOCICLETA,0,0,0,0,0,0,0,0,1,0,0,0,0,1,26,HOMBRE,FALLECIDO,CONDUCTOR PRESENTE,NO,NO,3
31041,129264,129265,2022,1,0,-0.207891,-78.499981,PICHINCHA,QUITO,QUITO,URBANA,2022-07-20,00:40:00,0,MIERCOLES,3,JULIO,7,NO,CONDUCIR VEHICULO SUPERANDO LOS LIMITES MAXIMOS DE VELOCIDAD.,CHOQUE LATERAL,MOTOCICLETA,0,0,0,0,0,0,0,0,1,1,0,0,0,2,35,MUJER,LESIONADO,PASAJERO,NO,NO,1
31042,129265,129266,2022,0,1,-0.265401,-78.550811,PICHINCHA,QUITO,QUITO,URBANA,2022-07-20,03:00:00,3,MIERCOLES,3,JULIO,7,NO,CONDUCIR VEHICULO SUPERANDO LOS LIMITES MAXIMOS DE VELOCIDAD.,ESTRELLAMIENTOS,MOTOCICLETA,0,0,0,0,0,0,0,0,1,0,0,0,0,1,31,HOMBRE,FALLECIDO,CONDUCTOR PRESENTE,SI,NO,1
31043,129268,129269,2022,1,0,-0.256866,-78.543117,PICHINCHA,QUITO,QUITO,URBANA,2022-07-20,05:45:00,5,MIERCOLES,3,JULIO,7,NO,NO TRANSITAR POR LAS ACERAS O ZONAS DE SEGURIDAD DESTINADAS PARA EL EFECTO.,ATROPELLOS,NO IDENTIFICADO,0,0,0,0,0,0,0,0,0,1,0,0,0,1,60,HOMBRE,LESIONADO,PEATON,NO,NO,1
31044,129285,129286,2022,3,1,-0.473474,-78.566712,PICHINCHA,MEJIA,MACHACHI,RURAL,2022-07-20,12:30:00,12,MIERCOLES,3,JULIO,7,NO,"CONDUCIR DESATENTO A LAS CONDICIONES DE TRANSITO (CELULAR, PANTALLAS DE VIDEO, COMIDA, MAQUILLAJE O CUALQUIER OTRO ELEMENTO DISTRACTOR).",CHOQUE LATERAL,CAMION,0,0,0,1,0,0,1,0,0,0,0,0,0,2,75,HOMBRE,FALLECIDO,PASAJERO,NO,SI,3
31045,129288,129289,2022,1,0,-0.140242,-78.492987,PICHINCHA,QUITO,QUITO,URBANA,2022-07-20,13:15:00,13,MIERCOLES,3,JULIO,7,NO,NO TRANSITAR POR LAS ACERAS O ZONAS DE SEGURIDAD DESTINADAS PARA EL EFECTO.,ATROPELLOS,BUS,0,0,1,0,0,0,0,0,0,0,0,0,0,1,13,HOMBRE,LESIONADO,PEATON,NO,NO,1
31046,129292,129293,2022,0,0,-0.164253,-78.470407,PICHINCHA,QUITO,QUITO,URBANA,2022-07-20,14:00:00,14,MIERCOLES,3,JULIO,7,NO,"NO RESPETAR LAS SENIALES REGLAMENTARIAS DE TRANSITO. (PARE, CEDA EL PASO, LUZ ROJA DEL SEMAFORO, ETC).",CHOQUE LATERAL,CAMION,1,0,0,1,0,0,0,0,0,0,0,0,0,2,34,HOMBRE,ILESO,CONDUCTOR PRESENTE,NO,NO,1
31047,129301,129302,2022,1,0,-0.232001,-78.523453,PICHINCHA,QUITO,QUITO,URBANA,2022-07-20,17:35:00,17,MIERCOLES,3,JULIO,7,NO,CONDUCIR VEHICULO SUPERANDO LOS LIMITES MAXIMOS DE VELOCIDAD.,CHOQUE LATERAL,MOTOCICLETA,0,0,0,0,0,0,0,0,1,2,0,0,0,3,31,HOMBRE,LESIONADO,CONDUCTOR PRESENTE,NO,NO,1
31048,129309,129310,2022,1,0,-0.109514,-78.504152,PICHINCHA,QUITO,QUITO,URBANA,2022-07-20,20:00:00,20,MIERCOLES,3,JULIO,7,NO,"NO RESPETAR LAS SENIALES REGLAMENTARIAS DE TRANSITO. (PARE, CEDA EL PASO, LUZ ROJA DEL SEMAFORO, ETC).",VOLCAMIENTOS,MOTOCICLETA,1,0,0,0,0,0,0,0,1,0,0,0,0,2,30,HOMBRE,LESIONADO,PASAJERO,NO,NO,1
31049,129319,129320,2022,0,0,-0.105375,-78.433629,PICHINCHA,QUITO,CALDERON (CARAPUNGO),RURAL,2022-07-20,22:45:00,22,MIERCOLES,3,JULIO,7,NO,"NO RESPETAR LAS SENIALES REGLAMENTARIAS DE TRANSITO. (PARE, CEDA EL PASO, LUZ ROJA DEL SEMAFORO, ETC).",CHOQUE LATERAL,AUTOMOVIL,2,0,0,0,0,0,0,0,0,0,0,0,0,2,23,HOMBRE,ILESO,CONDUCTOR PRESENTE,NO,NO,3
31050,129326,129327,2022,1,0,-0.185836,-78.510316,PICHINCHA,QUITO,QUITO,URBANA,2022-07-21,06:30:00,6,JUEVES,4,JULIO,7,NO,REALIZAR CAMBIO BRUSCO O INDEBIDO DE CARRIL.,ROZAMIENTOS,MOTOCICLETA,1,0,0,0,0,0,0,0,1,0,0,0,0,2,32,HOMBRE,LESIONADO,CONDUCTOR PRESENTE,NO,NO,1
31051,129327,129328,2022,1,0,-0.123321,-78.518718,PICHINCHA,QUITO,QUITO,URBANA,2022-07-21,06:30:00,6,JUEVES,4,JULIO,7,NO,REALIZAR CAMBIO BRUSCO O INDEBIDO DE CARRIL.,CHOQUE LATERAL,MOTOCICLETA,1,0,0,0,0,0,0,0,1,0,0,0,0,2,21,HOMBRE,LESIONADO,CONDUCTOR PRESENTE,NO,NO,1