,Unnamed: 0,ID,ANIO,LESIONADOS,FALLECIDOS,LATITUD_Y,LONGITUD_X,PROVINCIA,CANTON,PARROQUIA,ZONA,FECHA,HORA,PERIODO_2,DIA_1,DIA_2,MES_1,MES_2,FERIADO,CAUSA_PROBABLE,TIPO_DE_SINIESTRO,TIPO_DE_VEHICULO_1,AUTOMOVIL,BICICLETA,BUS,CAMION,CAMIONETA,EMERGENCIAS,ESPECIAL,FURGONETA,MOTOCICLETA,NO_IDENTIFICADO,SCOOTER_ELECTRICO,TRICIMOTO,VEHICULO_DEPORTIVO_UTILITARIO,SUMA_DE_VEHICULOS,EDAD_1,SEXO_1,CONDICION_1,PARTICIPANTE_1,CASCO_1,CINTURON_1,KMeans_Cluster
31052,129336,129337,2022,0,0,-0.333451,-78.519691,PICHINCHA,QUITO,QUITO,URBANA,2022-07-21,08:20:00,8,JUEVES,4,JULIO,7,NO,CONDUCIR VEHICULO SUPERANDO LOS LIMITES MAXIMOS DE VELOCIDAD.,PERDIDA DE CARRIL,CAMION,0,0,0,1,0,0,0,0,0,0,0,0,0,1,34,HOMBRE,ILESO,CONDUCTOR PRESENTE,NO,NO,1
31053,129342,129343,2022,0,0,-0.172863,-78.452211,PICHINCHA,QUITO,QUITO,URBANA,2022-07-21,11:05:00,11,JUEVES,4,JULIO,7,NO,CONDUCIR VEHICULO SUPERANDO LOS LIMITES MAXIMOS DE VELOCIDAD.,COLISION,CAMIONETA,3,0,0,0,1,0,0,0,0,0,0,0,0,4,57,HOMBRE,ILESO,CONDUCTOR PRESENTE,NO,NO,1
31054,129343,129344,2022,1,0,-0.163111,-78.462611,PICHINCHA,QUITO,QUITO,URBANA,2022-07-21,11:30:00,11,JUEVES,4,JULIO,7,NO,NO MANTENER LA DISTANCIA PRUDENCIAL CON RESPECTO AL VEHICULO QUE LE ANTECEDE.,CHOQUE POSTERIOR,MOTOCICLETA,1,0,0,0,0,0,0,0,1,0,0,0,0,2,21,HOMBRE,LESIONADO,CONDUCTOR PRESENTE,NO,NO,1
31055,129348,129349,2022,0,0,-0.348951,-78.854364,PICHINCHA,MEJIA,MANUEL CORNEJO ASTORGA,RURAL,2022-07-21,13:40:00,13,JUEVES,4,JULIO,7,NO,"CONDUCIR DESATENTO A LAS CONDICIONES DE TRANSITO (CELULAR, PANTALLAS DE VIDEO, COMIDA, MAQUILLAJE O CUALQUIER OTRO ELEMENTO DISTRACTOR).",PERDIDA DE CARRIL,CAMION,1,0,0,1,0,0,0,0,0,0,0,0,0,2,55,HOMBRE,ILESO,CONDUCTOR PRESENTE,NO,NO,3
31056,129349,129350,2022,1,0,-0.100835,-78.422874,PICHINCHA,QUITO,CALDERON (CARAPUNGO),RURAL,2022-07-21,14:00:00,14,JUEVES,4,JULIO,7,NO,"NO RESPETAR LAS SENIALES REGLAMENTARIAS DE TRANSITO. (PARE, CEDA EL PASO, LUZ ROJA DEL SEMAFORO, ETC).",ATROPELLOS,CAMIONETA,0,0,0,0,1,0,0,0,0,0,0,0,0,1,80,MUJER,LESIONADO,PEATON,NO,NO,3
31057,129354,129355,2022,0,0,-0.284634,-78.534839,PICHINCHA,QUITO,QUITO,URBANA,2022-07-21,15:10:00,15,JUEVES,4,JULIO,7,NO,CONDUCIR EN SENTIDO CONTRARIO A LA VIA NORMAL DE CIRCULACION.,OTROS,CAMION,0,0,0,1,0,0,0,0,0,0,0,0,0,1,48,HOMBRE,ILESO,CONDUCTOR PRESENTE,NO,NO,1
31058,129357,129358,2022,1,0,-0.249132,-78.517181,PICHINCHA,QUITO,QUITO,URBANA,2022-07-21,17:10:00,17,JUEVES,4,JULIO,7,NO,NO TRANSITAR POR LAS ACERAS O ZONAS DE SEGURIDAD DESTINADAS PARA EL EFECTO.,ATROPELLOS,NO IDENTIFICADO,0,0,0,0,0,0,0,0,0,1,0,0,0,1,36,MUJER,LESIONADO,PEATON,NO,NO,1
31059,129359,129360,2022,3,1,-0.220115,-78.495023,PICHINCHA,QUITO,QUITO,URBANA,2022-07-21,17:45:00,17,JUEVES,4,JULIO,7,NO,CONDUCIR VEHICULO SUPERANDO LOS LIMITES MAXIMOS DE VELOCIDAD.,CHOQUE FRONTAL,AUTOMOVIL,3,0,0,0,0,0,0,0,0,0,0,0,0,3,25,NO IDENTIFICADO,FALLECIDO,PASAJERO,NO,NO,1
31060,129362,129363,2022,0,0,-0.209719,-78.503821,PICHINCHA,QUITO,QUITO,URBANA,2022-07-21,18:00:00,18,JUEVES,4,JULIO,7,NO,"CONDUCIR DESATENTO A LAS CONDICIONES DE TRANSITO (CELULAR, PANTALLAS DE VIDEO, COMIDA, MAQUILLAJE O CUALQUIER OTRO ELEMENTO DISTRACTOR).",CHOQUE LATERAL,MOTOCICLETA,1,0,0,0,0,0,0,0,1,0,0,0,0,2,35,HOMBRE,ILESO,CONDUCTOR PRESENTE,NO,NO,1
31061,129363,129364,2022,6,0,-0.450206,-78.687119,PICHINCHA,MEJIA,ALOAG,RURAL,2022-07-21,18:20:00,18,JUEVES,4,JULIO,7,NO,CONDUCIR EN SENTIDO CONTRARIO A LA VIA NORMAL DE CIRCULACION.,CHOQUE FRONTAL,CAMION,2,0,0,1,0,0,0,0,0,0,0,0,0,3,29,MUJER,LESIONADO,PASAJERO,NO,NO,3
31062,129364,129365,2022,2,0,-0.129687,-78.493931,PICHINCHA,QUITO,QUITO,URBANA,2022-07-21,18:50:00,18,JUEVES,4,JULIO,7,NO,NO TRANSITAR POR LAS ACERAS O ZONAS DE SEGURIDAD DESTINADAS PARA EL EFECTO.,ATROPELLOS,SCOOTER ELECTRICO,0,0,0,0,0,0,0,0,0,0,1,0,0,1,22,HOMBRE,LESIONADO,CONDUCTOR PRESENTE,NO,NO,1
31063,129373,129374,2022,0,0,-0.261762,-78.543932,PICHINCHA,QUITO,QUITO,URBANA,2022-07-21,21:40:00,21,JUEVES,4,JULIO,7,NO,"CASO FORTUITO O FUERZA MAYOR (EXPLOSION DE NEUMATICO NUEVO, DERRUMBE, INUNDACION, CAIDA DE PUENTE, ARBOL, PRESENCIA INTEMPESTIVA E IMPREVISTA DE SEMOVIENTES EN LA VIA, ETC.).",OTROS,AUTOMOVIL,1,0,0,0,0,0,0,0,0,0,0,0,0,1,-1,NO IDENTIFICADO,NO IDENTIFICADO,CONDUCTOR AUSENTE,NO,NO,2
31064,129377,129378,2022,0,0,-0.189544,-78.483603,PICHINCHA,QUITO,QUITO,URBANA,2022-07-21,22:10:00,22,JUEVES,4,JULIO,7,NO,CONDUCIR VEHICULO SUPERANDO LOS LIMITES MAXIMOS DE VELOCIDAD.,CHOQUE LATERAL,AUTOMOVIL,2,0,0,0,0,0,0,0,0,0,0,0,0,2,29,HOMBRE,ILESO,CONDUCTOR PRESENTE,NO,NO,1
31065,129379,129380,2022,1,0,-0.204814,-78.506835,PICHINCHA,QUITO,QUITO,URBANA,2022-07-21,23:50:00,23,JUEVES,4,JULIO,7,NO,CONDUCIR VEHICULO SUPERANDO LOS LIMITES MAXIMOS DE VELOCIDAD.,ESTRELLAMIENTOS,AUTOMOVIL,1,0,0,0,0,0,0,0,0,0,0,0,0,1,30,HOMBRE,LESIONADO,CONDUCTOR PRESENTE,NO,NO,1
31066,129381,129382,2022,1,0,-0.191341,-78.413898,PICHINCHA,QUITO,CUMBAYA,RURAL,2022-07-22,00:55:00,0,VIERNES,5,JULIO,7,NO,CONDUCIR VEHICULO SUPERANDO LOS LIMITES MAXIMOS DE VELOCIDAD.,ESTRELLAMIENTOS,AUTOMOVIL,1,0,0,0,0,0,0,0,0,0,0,0,0,1,27,MUJER,LESIONADO,CONDUCTOR PRESENTE,NO,NO,3
31067,129383,129384,2022,0,0,-0.234243,-78.512498,PICHINCHA,QUITO,QUITO,URBANA,2022-07-22,01:13:00,1,VIERNES,5,JULIO,7,NO,CONDUCIR VEHICULO SUPERANDO LOS LIMITES MAXIMOS DE VELOCIDAD.,ESTRELLAMIENTOS,AUTOMOVIL,1,0,0,0,0,0,0,0,0,0,0,0,0,1,-1,NO IDENTIFICADO,NO IDENTIFICADO,CONDUCTOR AUSENTE,NO,NO,2
31068,129402,129403,2022,0,0,-0.347831,-78.852861,PICHINCHA,MEJIA,MANUEL CORNEJO ASTORGA,RURAL,2022-07-22,10:35:00,10,VIERNES,5,JULIO,7,NO,"CONDUCIR DESATENTO A LAS CONDICIONES DE TRANSITO (CELULAR, PANTALLAS DE VIDEO, COMIDA, MAQUILLAJE O CUALQUIER OTRO ELEMENTO DISTRACTOR).",ESTRELLAMIENTOS,BUS,0,0,1,0,0,0,0,0,0,0,0,0,0,1,-1,NO IDENTIFICADO,NO IDENTIFICADO,CONDUCTOR AUSENTE,NO,NO,2
31069,129404,129405,2022,0,0,-0.107475,-78.447076,PICHINCHA,QUITO,CALDERON (CARAPUNGO),RURAL,2022-07-22,12:40:00,12,VIERNES,5,JULIO,7,NO,"CONDUCE BAJO LA INFLUENCIA DE ALCOHOL, SUSTANCIAS ESTUPEFACIENTES O PSICOTROPICAS Y/O MEDICAMENTOS.",CHOQUE POSTERIOR,AUTOMOVIL,2,0,0,0,0,0,0,0,0,0,0,0,0,2,33,HOMBRE,ILESO,CONDUCTOR PRESENTE,NO,NO,3
31070,129409,129410,2022,1,0,-0.230465,-78.498125,PICHINCHA,QUITO,QUITO,URBANA,2022-07-22,14:40:00,14,VIERNES,5,JULIO,7,NO,NO MANTENER LA DISTANCIA PRUDENCIAL CON RESPECTO AL VEHICULO QUE LE ANTECEDE.,PERDIDA DE CARRIL,CAMION,0,0,0,1,0,0,0,0,1,0,0,0,0,2,32,HOMBRE,LESIONADO,CONDUCTOR PRESENTE,SI,NO,1
31071,129413,129414,2022,0,0,-0.033302,-78.439674,PICHINCHA,QUITO,POMASQUI,RURAL,2022-07-22,15:30:00,15,VIERNES,5,JULIO,7,NO,CONDUCIR VEHICULO SUPERANDO LOS LIMITES MAXIMOS DE VELOCIDAD.,COLISION,CAMION,1,0,0,2,0,0,0,0,0,0,0,0,0,3,38,HOMBRE,ILESO,CONDUCTOR PRESENTE,NO,NO,3
31072,129415,129416,2022,0,0,-0.238057,-78.483631,PICHINCHA,QUITO,QUITO,URBANA,2022-07-22,16:00:00,16,VIERNES,5,JULIO,7,NO,"CASO FORTUITO O FUERZA MAYOR (EXPLOSION DE NEUMATICO NUEVO, DERRUMBE, INUNDACION, CAIDA DE PUENTE, ARBOL, PRESENCIA INTEMPESTIVA E IMPREVISTA DE SEMOVIENTES EN LA VIA, ETC.).",OTROS,AUTOMOVIL,1,0,0,0,0,0,0,0,0,0,0,0,0,1,-1,NO IDENTIFICADO,NO IDENTIFICADO,CONDUCTOR AUSENTE,NO,NO,2
31073,129418,129419,2022,0,0,-0.222011,-78.508272,PICHINCHA,QUITO,QUITO,URBANA,2022-07-22,17:40:00,17,VIERNES,5,JULIO,7,NO,NO GUARDAR LA DISTANCIA LATERAL MINIMA DE SEGURIDAD ENTRE VEHICULOS.,ROZAMIENTOS,CAMION,0,0,0,2,0,0,0,0,0,0,0,0,0,2,45,HOMBRE,ILESO,CONDUCTOR PRESENTE,NO,NO,1
31074,129421,129422,2022,0,0,-0.283215,-78.554447,PICHINCHA,QUITO,QUITO,URBANA,2022-07-22,18:44:00,18,VIERNES,5,JULIO,7,NO,"CASO FORTUITO O FUERZA MAYOR (EXPLOSION DE NEUMATICO NUEVO, DERRUMBE, INUNDACION, CAIDA DE PUENTE, ARBOL, PRESENCIA INTEMPESTIVA E IMPREVISTA DE SEMOVIENTES EN LA VIA, ETC.).",COLISION,AUTOMOVIL,3,0,0,0,0,0,0,0,0,0,0,0,0,3,33,HOMBRE,ILESO,CONDUCTOR PRESENTE,NO,NO,1
31075,129426,129427,2022,0,0,0.043001,-78.147417,PICHINCHA,CAYAMBE,CAYAMBE,RURAL,2022-07-22,19:40:00,19,VIERNES,5,JULIO,7,NO,"CONDUCIR DESATENTO A LAS CONDICIONES DE TRANSITO (CELULAR, PANTALLAS DE VIDEO, COMIDA, MAQUILLAJE O CUALQUIER OTRO ELEMENTO DISTRACTOR).",CHOQUE LATERAL,CAMIONETA,0,0,0,0,1,0,0,0,0,0,0,0,0,1,45,HOMBRE,ILESO,CONDUCTOR PRESENTE,NO,SI,3
31076,129432,129433,2022,0,1,-0.190199,-78.449057,PICHINCHA,QUITO,NAYON,RURAL,2022-07-22,21:16:00,21,VIERNES,5,JULIO,7,NO,PEATON QUE CRUZA LA CALZADA SIN RESPETAR LA SENIALIZACION EXISTENTE (SEMAFOROS O SENIALES MANUALES).,ATROPELLOS,NO IDENTIFICADO,0,0,0,0,0,0,0,0,0,1,0,0,0,1,46,HOMBRE,FALLECIDO,PEATON,NO,NO,3
31077,129434,129435,2022,0,0,-0.111461,-78.489839,PICHINCHA,QUITO,QUITO,URBANA,2022-07-22,22:20:00,22,VIERNES,5,JULIO,7,NO,NO MANTENER LA DISTANCIA PRUDENCIAL CON RESPECTO AL VEHICULO QUE LE ANTECEDE.,CHOQUE POSTERIOR,MOTOCICLETA,1,0,0,0,0,0,0,0,1,0,0,0,0,2,26,HOMBRE,ILESO,CONDUCTOR PRESENTE,NO,NO,1
31078,129437,129438,2022,2,0,-0.190591,-78.508716,PICHINCHA,QUITO,QUITO,URBANA,2022-07-22,23:10:00,23,VIERNES,5,JULIO,7,NO,CONDUCIR VEHICULO SUPERANDO LOS LIMITES MAXIMOS DE VELOCIDAD.,CHOQUE FRONTAL,MOTOCICLETA,0,0,0,0,0,0,0,0,2,0,0,0,0,2,24,HOMBRE,LESIONADO,CONDUCTOR PRESENTE,NO,NO,1
31079,129441,129442,2022,1,0,-0.197068,-78.466843,PICHINCHA,QUITO,QUITO,URBANA,2022-07-23,01:10:00,1,SABADO,6,JULIO,7,NO,CONDUCIR VEHICULO SUPERANDO LOS LIMITES MAXIMOS DE VELOCIDAD.,PERDIDA DE CARRIL,AUTOMOVIL,1,0,0,0,0,0,0,0,0,0,0,0,0,1,22,MUJER,LESIONADO,PASAJERO,NO,NO,1
31080,129445,129446,2022,0,0,-0.245359,-78.534083,PICHINCHA,QUITO,QUITO,URBANA,2022-07-23,03:20:00,3,SABADO,6,JULIO,7,NO,"NO RESPETAR LAS SENIALES REGLAMENTARIAS DE TRANSITO. (PARE, CEDA EL PASO, LUZ ROJA DEL SEMAFORO, ETC).",VOLCAMIENTOS,CAMIONETA,0,0,0,0,1,0,0,0,0,0,0,0,0,1,36,HOMBRE,ILESO,PASAJERO,NO,NO,1
31081,129457,129458,2022,0,0,-0.089554,-78.395215,PICHINCHA,QUITO,CALDERON (CARAPUNGO),RURAL,2022-07-23,07:15:00,7,SABADO,6,JULIO,7,NO,"CONDUCIR DESATENTO A LAS CONDICIONES DE TRANSITO (CELULAR, PANTALLAS DE VIDEO, COMIDA, MAQUILLAJE O CUALQUIER OTRO ELEMENTO DISTRACTOR).",PERDIDA DE PISTA,AUTOMOVIL,1,0,0,0,0,0,0,0,0,0,0,0,0,1,-1,NO IDENTIFICADO,NO IDENTIFICADO,CONDUCTOR AUSENTE,NO,SI,2
31082,129468,129469,2022,1,0,-0.336944,-78.866389,PICHINCHA,MEJIA,MANUEL CORNEJO ASTORGA,RURAL,2022-07-23,11:45:00,11,SABADO,6,JULIO,7,NO,CONDUCIR EN SENTIDO CONTRARIO A LA VIA NORMAL DE CIRCULACION.,CHOQUE FRONTAL,VEHICULO DEPORTIVO UTILITARIO,1,0,0,0,0,0,0,0,0,0,0,0,1,2,-1,HOMBRE,LESIONADO,PASAJERO,NO,NO,3
31083,129474,129475,2022,0,0,-0.466751,-78.586222,PICHINCHA,MEJIA,ALOAG,RURAL,2022-07-23,14:40:00,14,SABADO,6,JULIO,7,NO,"CONDUCIR DESATENTO A LAS CONDICIONES DE TRANSITO (CELULAR, PANTALLAS DE VIDEO, COMIDA, MAQUILLAJE O CUALQUIER OTRO ELEMENTO DISTRACTOR).",PERDIDA DE CARRIL,CAMION,0,0,0,2,0,0,0,0,0,0,0,0,1,3,-1,HOMBRE,ILESO,CONDUCTOR PRESENTE,NO,NO,3
31084,129476,129477,2022,2,0,-0.142201,-78.443252,PICHINCHA,QUITO,LLANO CHICO,RURAL,2022-07-23,15:40:00,15,SABADO,6,JULIO,7,NO,CONDUCIR VEHICULO SUPERANDO LOS LIMITES MAXIMOS DE VELOCIDAD.,COLISION,BUS,1,0,1,0,0,0,0,0,0,1,0,0,0,3,23,HOMBRE,LESIONADO,CONDUCTOR PRESENTE,NO,NO,3
31085,129483,129484,2022,3,0,-0.374475,-78.483645,PICHINCHA,QUITO,AMAGUANIA,RURAL,2022-07-23,17:30:00,17,SABADO,6,JULIO,7,NO,CONDUCIR VEHICULO SUPERANDO LOS LIMITES MAXIMOS DE VELOCIDAD.,CHOQUE LATERAL,MOTOCICLETA,0,0,0,0,1,0,0,0,1,0,0,0,0,2,27,HOMBRE,LESIONADO,CONDUCTOR PRESENTE,NO,NO,3
31086,129484,129485,2022,3,0,-0.341419,-78.522158,PICHINCHA,QUITO,QUITO,URBANA,2022-07-23,17:40:00,17,SABADO,6,JULIO,7,NO,CONDUCIR VEHICULO SUPERANDO LOS LIMITES MAXIMOS DE VELOCIDAD.,ESTRELLAMIENTOS,AUTOMOVIL,1,0,0,0,0,0,0,0,0,0,0,0,0,1,23,HOMBRE,LESIONADO,PASAJERO,NO,NO,1
31087,129486,129487,2022,0,0,-0.451478,-78.751383,PICHINCHA,MEJIA,MANUEL CORNEJO ASTORGA,RURAL,2022-07-23,18:15:00,18,SABADO,6,JULIO,7,NO,NO MANTENER LA DISTANCIA PRUDENCIAL CON RESPECTO AL VEHICULO QUE LE ANTECEDE.,CHOQUE POSTERIOR,AUTOMOVIL,2,0,0,0,0,0,0,0,0,0,0,0,0,2,-1,HOMBRE,ILESO,CONDUCTOR PRESENTE,NO,NO,3
31088,129504,129505,2022,0,0,-0.240054,-78.493527,PICHINCHA,QUITO,QUITO,URBANA,2022-07-23,22:25:00,22,SABADO,6,JULIO,7,NO,"CONDICIONES AMBIENTALES Y/O ATMOSFERICAS (NIEBLA, NEBLINA, GRANIZO, LLUVIA).",OTROS,FURGONETA,0,0,0,0,1,0,0,1,0,0,0,0,0,2,44,HOMBRE,ILESO,CONDUCTOR PRESENTE,NO,NO,1
31089,129514,129515,2022,1,0,-0.247941,-78.525851,PICHINCHA,QUITO,QUITO,URBANA,2022-07-24,00:25:00,0,DOMINGO,7,JULIO,7,NO,"CASO FORTUITO O FUERZA MAYOR (EXPLOSION DE NEUMATICO NUEVO, DERRUMBE, INUNDACION, CAIDA DE PUENTE, ARBOL, PRESENCIA INTEMPESTIVA E IMPREVISTA DE SEMOVIENTES EN LA VIA, ETC.).",OTROS,MOTOCICLETA,0,0,0,0,0,0,0,0,1,0,0,0,0,1,26,HOMBRE,LESIONADO,PASAJERO,NO,NO,1
31090,129523,129524,2022,0,0,-0.327194,-78.553272,PICHINCHA,QUITO,QUITO,URBANA,2022-07-24,01:50:00,1,DOMINGO,7,JULIO,7,NO,"CASO FORTUITO O FUERZA MAYOR (EXPLOSION DE NEUMATICO NUEVO, DERRUMBE, INUNDACION, CAIDA DE PUENTE, ARBOL, PRESENCIA INTEMPESTIVA E IMPREVISTA DE SEMOVIENTES EN LA VIA, ETC.).",ESTRELLAMIENTOS,CAMION,0,0,0,1,0,0,0,0,0,0,0,0,0,1,-1,NO IDENTIFICADO,NO IDENTIFICADO,CONDUCTOR AUSENTE,NO,NO,2
31091,129525,129526,2022,0,0,-0.359905,-78.548984,PICHINCHA,QUITO,QUITO,URBANA,2022-07-24,02:00:00,2,DOMINGO,7,JULIO,7,NO,CONDUCIR VEHICULO SUPERANDO LOS LIMITES MAXIMOS DE VELOCIDAD.,ESTRELLAMIENTOS,AUTOMOVIL,1,0,0,0,0,0,0,0,0,0,0,0,0,1,-1,NO IDENTIFICADO,NO IDENTIFICADO,CONDUCTOR AUSENTE,NO,NO,2
31092,129532,129533,2022,0,1,-0.151197,-78.465295,PICHINCHA,QUITO,QUITO,URBANA,2022-07-24,02:40:00,2,DOMINGO,7,JULIO,7,NO,"CONDICIONES AMBIENTALES Y/O ATMOSFERICAS (NIEBLA, NEBLINA, GRANIZO, LLUVIA).",ATROPELLOS,NO IDENTIFICADO,0,0,0,0,0,0,0,0,0,1,0,0,0,1,29,HOMBRE,FALLECIDO,PEATON,NO,NO,1
31093,129534,129535,2022,0,0,-0.228058,-78.532891,PICHINCHA,QUITO,QUITO,URBANA,2022-07-24,02:45:00,2,DOMINGO,7,JULIO,7,NO,"CONDUCIR EN ESTADO DE SOMNOLENCIA O MALAS CONDICIONES FISICAS (SUENIO, CANSANCIO Y FATIGA).",ESTRELLAMIENTOS,FURGONETA,0,0,0,0,0,0,0,1,0,0,0,0,0,1,37,HOMBRE,ILESO,CONDUCTOR PRESENTE,NO,NO,1
31094,129535,129536,2022,0,0,-0.290721,-78.545823,PICHINCHA,QUITO,QUITO,URBANA,2022-07-24,02:50:00,2,DOMINGO,7,JULIO,7,NO,"CASO FORTUITO O FUERZA MAYOR (EXPLOSION DE NEUMATICO NUEVO, DERRUMBE, INUNDACION, CAIDA DE PUENTE, ARBOL, PRESENCIA INTEMPESTIVA E IMPREVISTA DE SEMOVIENTES EN LA VIA, ETC.).",OTROS,AUTOMOVIL,1,0,0,0,0,0,0,0,0,0,0,0,0,1,-1,NO IDENTIFICADO,NO IDENTIFICADO,CONDUCTOR AUSENTE,NO,NO,2
31095,129536,129537,2022,3,0,-0.259555,-78.530291,PICHINCHA,QUITO,QUITO,URBANA,2022-07-24,03:45:00,3,DOMINGO,7,JULIO,7,NO,"CASO FORTUITO O FUERZA MAYOR (EXPLOSION DE NEUMATICO NUEVO, DERRUMBE, INUNDACION, CAIDA DE PUENTE, ARBOL, PRESENCIA INTEMPESTIVA E IMPREVISTA DE SEMOVIENTES EN LA VIA, ETC.).",ATROPELLOS,MOTOCICLETA,1,0,0,0,0,0,0,0,2,0,0,0,0,3,32,HOMBRE,LESIONADO,PEATON,NO,NO,1
31096,129545,129546,2022,1,0,-0.087565,-78.425098,PICHINCHA,QUITO,CALDERON (CARAPUNGO),RURAL,2022-07-24,05:00:00,5,DOMINGO,7,JULIO,7,NO,"CONDICIONES AMBIENTALES Y/O ATMOSFERICAS (NIEBLA, NEBLINA, GRANIZO, LLUVIA).",ESTRELLAMIENTOS,CAMION,1,0,0,1,0,0,0,0,1,0,0,0,0,3,26,HOMBRE,LESIONADO,PASAJERO,NO,NO,3
31097,129552,129553,2022,0,0,-0.185606,-78.490918,PICHINCHA,QUITO,QUITO,URBANA,2022-07-24,07:50:00,7,DOMINGO,7,JULIO,7,NO,"CONDUCE BAJO LA INFLUENCIA DE ALCOHOL, SUSTANCIAS ESTUPEFACIENTES O PSICOTROPICAS Y/O MEDICAMENTOS.",OTROS,FURGONETA,1,0,0,0,0,0,0,1,0,0,0,0,0,2,30,HOMBRE,ILESO,CONDUCTOR PRESENTE,NO,NO,1
31098,129555,129556,2022,0,0,-0.164361,-78.447811,PICHINCHA,QUITO,QUITO,URBANA,2022-07-24,08:50:00,8,DOMINGO,7,JULIO,7,NO,CONDUCIR VEHICULO SUPERANDO LOS LIMITES MAXIMOS DE VELOCIDAD.,ESTRELLAMIENTOS,AUTOMOVIL,1,0,0,0,0,0,0,0,0,0,0,0,0,1,19,HOMBRE,ILESO,CONDUCTOR PRESENTE,NO,NO,1
31099,129559,129560,2022,1,0,-0.094288,-78.481891,PICHINCHA,QUITO,QUITO,URBANA,2022-07-24,09:50:00,9,DOMINGO,7,JULIO,7,NO,CONDUCIR VEHICULO SUPERANDO LOS LIMITES MAXIMOS DE VELOCIDAD.,PERDIDA DE CARRIL,MOTOCICLETA,0,0,0,0,0,0,0,0,1,0,0,0,0,1,22,HOMBRE,LESIONADO,CONDUCTOR PRESENTE,NO,NO,1
31100,129573,129574,2022,1,0,-0.448365,-78.638056,PICHINCHA,MEJIA,ALOAG,RURAL,2022-07-24,16:00:00,16,DOMINGO,7,JULIO,7,NO,"NO RESPETAR LAS SENIALES REGLAMENTARIAS DE TRANSITO. (PARE, CEDA EL PASO, LUZ ROJA DEL SEMAFORO, ETC).",CHOQUE LATERAL,CAMIONETA,0,0,0,0,2,0,0,0,0,0,0,0,0,2,63,HOMBRE,LESIONADO,PASAJERO,NO,NO,3
31101,129577,129578,2022,1,0,-0.279971,-78.557342,PICHINCHA,QUITO,QUITO,URBANA,2022-07-24,17:20:00,17,DOMINGO,7,JULIO,7,NO,"NO RESPETAR LAS SENIALES REGLAMENTARIAS DE TRANSITO. (PARE, CEDA EL PASO, LUZ ROJA DEL SEMAFORO, ETC).",CHOQUE LATERAL,MOTOCICLETA,1,0,0,0,0,0,0,0,1,0,0,0,0,2,34,HOMBRE,LESIONADO,CONDUCTOR PRESENTE,NO,NO,1
31102,129583,129584,2022,0,0,-0.193168,-78.443211,PICHINCHA,QUITO,NAYON,RURAL,2022-07-24,19:00:00,19,DOMINGO,7,JULIO,7,NO,"CONDICIONES AMBIENTALES Y/O ATMOSFERICAS (NIEBLA, NEBLINA, GRANIZO, LLUVIA).",CHOQUE FRONTAL,CAMIONETA,1,0,0,0,1,0,0,0,0,0,0,0,0,2,19,HOMBRE,ILESO,CONDUCTOR PRESENTE,NO,NO,3
31103,129597,129598,2022,0,0,-0.188415,-78.491925,PICHINCHA,QUITO,QUITO,URBANA,2022-07-24,21:50:00,21,DOMINGO,7,JULIO,7,NO,"CONDICIONES AMBIENTALES Y/O ATMOSFERICAS (NIEBLA, NEBLINA, GRANIZO, LLUVIA).",CHOQUE LATERAL,AUTOMOVIL,2,0,0,0,0,0,0,0,0,0,0,0,0,2,27,HOMBRE,ILESO,CONDUCTOR PRESENTE,NO,NO,1
31104,129603,129604,2022,0,0,-0.193168,-78.443211,PICHINCHA,QUITO,NAYON,RURAL,2022-07-25,00:20:00,0,LUNES,1,JULIO,7,NO,CONDUCIR VEHICULO SUPERANDO LOS LIMITES MAXIMOS DE VELOCIDAD.,ESTRELLAMIENTOS,AUTOMOVIL,1,0,0,0,0,0,0,0,0,0,0,0,0,1,-1,NO IDENTIFICADO,NO IDENTIFICADO,CONDUCTOR AUSENTE,NO,NO,2
31105,129608,129609,2022,17,8,-0.266788,-78.281357,PICHINCHA,QUITO,PIFO,RURAL,2022-07-25,04:50:00,4,LUNES,1,JULIO,7,NO,"CONDUCIR DESATENTO A LAS CONDICIONES DE TRANSITO (CELULAR, PANTALLAS DE VIDEO, COMIDA, MAQUILLAJE O CUALQUIER OTRO ELEMENTO DISTRACTOR).",PERDIDA DE CARRIL,BUS,0,0,1,0,0,0,0,0,0,0,0,0,0,1,32,MUJER,FALLECIDO,PASAJERO,NO,SI,3
31106,129619,129620,2022,0,0,-0.145909,-78.481536,PICHINCHA,QUITO,QUITO,URBANA,2022-07-25,08:00:00,8,LUNES,1,JULIO,7,NO,"NO RESPETAR LAS SENIALES REGLAMENTARIAS DE TRANSITO. (PARE, CEDA EL PASO, LUZ ROJA DEL SEMAFORO, ETC).",CHOQUE LATERAL,AUTOMOVIL,2,0,0,0,0,0,0,0,0,0,0,0,0,2,49,HOMBRE,ILESO,CONDUCTOR PRESENTE,NO,NO,1
31107,129622,129623,2022,0,1,-0.494255,-78.571196,PICHINCHA,MEJIA,ALOAG,RURAL,2022-07-25,09:25:00,9,LUNES,1,JULIO,7,NO,"CONDUCIR DESATENTO A LAS CONDICIONES DE TRANSITO (CELULAR, PANTALLAS DE VIDEO, COMIDA, MAQUILLAJE O CUALQUIER OTRO ELEMENTO DISTRACTOR).",ROZAMIENTOS,MOTOCICLETA,0,0,0,0,0,0,1,0,1,0,0,0,0,2,23,HOMBRE,FALLECIDO,CONDUCTOR PRESENTE,NO,SI,3