,Unnamed: 0,ID,ANIO,LESIONADOS,FALLECIDOS,LATITUD_Y,LONGITUD_X,PROVINCIA,CANTON,PARROQUIA,ZONA,FECHA,HORA,PERIODO_2,DIA_1,DIA_2,MES_1,MES_2,FERIADO,CAUSA_PROBABLE,TIPO_DE_SINIESTRO,TIPO_DE_VEHICULO_1,AUTOMOVIL,BICICLETA,BUS,CAMION,CAMIONETA,EMERGENCIAS,ESPECIAL,FURGONETA,MOTOCICLETA,NO_IDENTIFICADO,SCOOTER_ELECTRICO,TRICIMOTO,VEHICULO_DEPORTIVO_UTILITARIO,SUMA_DE_VEHICULOS,EDAD_1,SEXO_1,CONDICION_1,PARTICIPANTE_1,CASCO_1,CINTURON_1,KMeans_Cluster
31108,129623,129624,2022,1,0,-0.094031,-78.502865,PICHINCHA,QUITO,QUITO,URBANA,2022-07-25,10:02:00,10,LUNES,1,JULIO,7,NO,"FALLA MECANICA EN LOS SISTEMAS Y/O NEUMATICOS (SISTEMA DE FRENOS, DIRECCION, ELECTRONICO O MECANICO).",OTROS,NO IDENTIFICADO,0,0,0,0,0,0,0,0,0,1,0,0,0,1,25,HOMBRE,LESIONADO,CONDUCTOR PRESENTE,NO,NO,1
31109,129634,129635,2022,0,0,-0.450036,-78.760701,PICHINCHA,MEJIA,MANUEL CORNEJO ASTORGA,RURAL,2022-07-25,14:55:00,14,LUNES,1,JULIO,7,NO,"CONDUCIR DESATENTO A LAS CONDICIONES DE TRANSITO (CELULAR, PANTALLAS DE VIDEO, COMIDA, MAQUILLAJE O CUALQUIER OTRO ELEMENTO DISTRACTOR).",VOLCAMIENTOS,CAMION,0,0,0,1,0,0,0,0,0,0,0,0,0,1,-1,HOMBRE,ILESO,CONDUCTOR PRESENTE,NO,NO,3
31110,129644,129645,2022,3,0,-0.239361,-78.485354,PICHINCHA,QUITO,QUITO,URBANA,2022-07-25,18:30:00,18,LUNES,1,JULIO,7,NO,"CONDICIONES AMBIENTALES Y/O ATMOSFERICAS (NIEBLA, NEBLINA, GRANIZO, LLUVIA).",ATROPELLOS,MOTOCICLETA,0,0,0,0,0,0,0,0,1,0,0,0,0,1,45,HOMBRE,LESIONADO,CONDUCTOR PRESENTE,NO,NO,1
31111,129656,129657,2022,3,0,-0.314535,-78.558335,PICHINCHA,QUITO,QUITO,URBANA,2022-07-26,01:00:00,1,MARTES,2,JULIO,7,NO,REALIZAR CAMBIO BRUSCO O INDEBIDO DE CARRIL.,CHOQUE FRONTAL,MOTOCICLETA,0,0,0,0,0,0,0,0,1,1,0,0,0,2,33,HOMBRE,LESIONADO,CONDUCTOR PRESENTE,NO,NO,1
31112,129658,129659,2022,0,0,-0.198386,-78.463242,PICHINCHA,QUITO,QUITO,URBANA,2022-07-26,05:45:00,5,MARTES,2,JULIO,7,NO,"CONDICIONES AMBIENTALES Y/O ATMOSFERICAS (NIEBLA, NEBLINA, GRANIZO, LLUVIA).",CHOQUE LATERAL,AUTOMOVIL,2,0,0,0,0,0,0,0,0,0,0,0,0,2,41,HOMBRE,ILESO,CONDUCTOR PRESENTE,NO,NO,1
31113,129669,129670,2022,0,0,-0.261456,-78.544521,PICHINCHA,QUITO,QUITO,URBANA,2022-07-26,11:30:00,11,MARTES,2,JULIO,7,NO,"NO RESPETAR LAS SENIALES REGLAMENTARIAS DE TRANSITO. (PARE, CEDA EL PASO, LUZ ROJA DEL SEMAFORO, ETC).",OTROS,MOTOCICLETA,1,0,0,0,0,0,0,0,2,0,0,0,0,3,28,HOMBRE,ILESO,CONDUCTOR PRESENTE,NO,NO,1
31114,129674,129675,2022,0,0,-0.186511,-78.495343,PICHINCHA,QUITO,QUITO,URBANA,2022-07-26,13:00:00,13,MARTES,2,JULIO,7,NO,NO GUARDAR LA DISTANCIA LATERAL MINIMA DE SEGURIDAD ENTRE VEHICULOS.,ROZAMIENTOS,AUTOMOVIL,2,0,0,0,0,0,0,0,0,0,0,0,0,2,46,HOMBRE,ILESO,CONDUCTOR PRESENTE,NO,NO,1
31115,129692,129693,2022,0,1,-0.264419,-78.506557,PICHINCHA,QUITO,QUITO,URBANA,2022-07-26,20:00:00,20,MARTES,2,JULIO,7,NO,NO TRANSITAR POR LAS ACERAS O ZONAS DE SEGURIDAD DESTINADAS PARA EL EFECTO.,ATROPELLOS,NO IDENTIFICADO,0,0,0,0,0,0,0,0,0,1,0,0,0,1,30,HOMBRE,FALLECIDO,PEATON,NO,NO,1
31116,129695,129696,2022,1,0,-0.190914,-78.458614,PICHINCHA,QUITO,QUITO,URBANA,2022-07-26,20:45:00,20,MARTES,2,JULIO,7,NO,"CONDICIONES AMBIENTALES Y/O ATMOSFERICAS (NIEBLA, NEBLINA, GRANIZO, LLUVIA).",ESTRELLAMIENTOS,CAMIONETA,0,0,0,0,1,0,0,0,0,0,0,0,0,1,41,HOMBRE,LESIONADO,CONDUCTOR PRESENTE,NO,NO,1
31117,129702,129703,2022,0,0,-0.302518,-78.553444,PICHINCHA,QUITO,QUITO,URBANA,2022-07-27,01:00:00,1,MIERCOLES,3,JULIO,7,NO,CONDUCIR VEHICULO SUPERANDO LOS LIMITES MAXIMOS DE VELOCIDAD.,ESTRELLAMIENTOS,AUTOMOVIL,1,0,0,0,0,0,0,0,0,0,0,0,0,1,-1,NO IDENTIFICADO,NO IDENTIFICADO,CONDUCTOR AUSENTE,NO,NO,2
31118,129707,129708,2022,1,0,-0.144704,-78.483279,PICHINCHA,QUITO,QUITO,URBANA,2022-07-27,05:20:00,5,MIERCOLES,3,JULIO,7,NO,NO CEDER EL DERECHO DE VIA O PREFERENCIA DE PASO A VEHICULOS.,CHOQUE LATERAL,FURGONETA,1,0,0,0,0,0,0,1,0,0,0,0,0,2,60,MUJER,LESIONADO,PASAJERO,NO,NO,1
31119,129708,129709,2022,2,0,-0.278765,-78.496067,PICHINCHA,QUITO,CONOCOTO,RURAL,2022-07-27,06:00:00,6,MIERCOLES,3,JULIO,7,NO,CONDUCIR VEHICULO SUPERANDO LOS LIMITES MAXIMOS DE VELOCIDAD.,COLISION,AUTOMOVIL,3,0,0,0,0,0,0,0,0,0,0,0,0,3,38,MUJER,LESIONADO,CONDUCTOR PRESENTE,NO,NO,3
31120,129714,129715,2022,0,0,-0.077861,-78.435585,PICHINCHA,QUITO,CALDERON (CARAPUNGO),RURAL,2022-07-27,08:00:00,8,MIERCOLES,3,JULIO,7,NO,NO MANTENER LA DISTANCIA PRUDENCIAL CON RESPECTO AL VEHICULO QUE LE ANTECEDE.,COLISION,AUTOMOVIL,3,0,0,0,0,0,0,0,0,0,0,0,0,3,73,HOMBRE,ILESO,CONDUCTOR PRESENTE,NO,SI,3
31121,129718,129719,2022,0,0,-0.248664,-78.529558,PICHINCHA,QUITO,QUITO,URBANA,2022-07-27,09:20:00,9,MIERCOLES,3,JULIO,7,NO,REALIZAR CAMBIO BRUSCO O INDEBIDO DE CARRIL.,CHOQUE LATERAL,MOTOCICLETA,1,0,0,0,0,0,0,0,1,0,0,0,0,2,30,HOMBRE,ILESO,CONDUCTOR PRESENTE,NO,NO,1
31122,129719,129720,2022,1,0,-0.246691,-78.477245,PICHINCHA,QUITO,QUITO,URBANA,2022-07-27,11:45:00,11,MIERCOLES,3,JULIO,7,NO,"CONDICIONES AMBIENTALES Y/O ATMOSFERICAS (NIEBLA, NEBLINA, GRANIZO, LLUVIA).",ESTRELLAMIENTOS,CAMION,0,0,0,1,0,0,0,0,1,0,0,0,0,2,37,HOMBRE,LESIONADO,CONDUCTOR PRESENTE,NO,NO,1
31123,129720,129721,2022,0,0,-0.154915,-78.476853,PICHINCHA,QUITO,QUITO,URBANA,2022-07-27,11:45:00,11,MIERCOLES,3,JULIO,7,NO,NO CEDER EL DERECHO DE VIA O PREFERENCIA DE PASO A VEHICULOS.,OTROS,BUS,1,0,1,0,0,0,0,0,0,0,0,0,0,2,44,HOMBRE,ILESO,CONDUCTOR PRESENTE,NO,NO,1
31124,129733,129734,2022,0,0,-0.200889,-78.436161,PICHINCHA,QUITO,CUMBAYA,RURAL,2022-07-27,15:00:00,15,MIERCOLES,3,JULIO,7,NO,NO CEDER EL DERECHO DE VIA O PREFERENCIA DE PASO A VEHICULOS.,CHOQUE LATERAL,CAMIONETA,1,0,0,0,1,0,0,0,0,0,0,0,0,2,22,HOMBRE,ILESO,CONDUCTOR PRESENTE,NO,NO,3
31125,129739,129740,2022,0,0,-0.440974,-78.742153,PICHINCHA,MEJIA,MANUEL CORNEJO ASTORGA,RURAL,2022-07-27,19:00:00,19,MIERCOLES,3,JULIO,7,NO,"CONDUCIR DESATENTO A LAS CONDICIONES DE TRANSITO (CELULAR, PANTALLAS DE VIDEO, COMIDA, MAQUILLAJE O CUALQUIER OTRO ELEMENTO DISTRACTOR).",PERDIDA DE CARRIL,AUTOMOVIL,1,0,0,0,0,0,0,0,0,0,0,0,0,1,-1,HOMBRE,ILESO,CONDUCTOR PRESENTE,NO,NO,3
31126,129748,129749,2022,0,0,-0.240502,-78.522086,PICHINCHA,QUITO,QUITO,URBANA,2022-07-28,02:10:00,2,JUEVES,4,JULIO,7,NO,CONDUCIR VEHICULO SUPERANDO LOS LIMITES MAXIMOS DE VELOCIDAD.,ESTRELLAMIENTOS,AUTOMOVIL,1,0,0,0,0,0,0,0,0,0,0,0,0,1,-1,NO IDENTIFICADO,NO IDENTIFICADO,CONDUCTOR AUSENTE,NO,NO,2
31127,129773,129774,2022,0,0,-0.235879,-78.526915,PICHINCHA,QUITO,QUITO,URBANA,2022-07-28,20:45:00,20,JUEVES,4,JULIO,7,NO,CONDUCIR VEHICULO SUPERANDO LOS LIMITES MAXIMOS DE VELOCIDAD.,ESTRELLAMIENTOS,AUTOMOVIL,1,0,0,0,0,0,0,0,0,0,0,0,0,1,-1,NO IDENTIFICADO,NO IDENTIFICADO,CONDUCTOR AUSENTE,NO,NO,2
31128,129776,129777,2022,2,0,-0.263684,-78.545928,PICHINCHA,QUITO,QUITO,URBANA,2022-07-28,21:00:00,21,JUEVES,4,JULIO,7,NO,"NO RESPETAR LAS SENIALES REGLAMENTARIAS DE TRANSITO. (PARE, CEDA EL PASO, LUZ ROJA DEL SEMAFORO, ETC).",CHOQUE LATERAL,MOTOCICLETA,0,0,0,0,1,0,0,0,1,0,0,0,0,2,25,HOMBRE,LESIONADO,CONDUCTOR PRESENTE,NO,NO,1
31129,129782,129783,2022,0,0,-0.218982,-78.506112,PICHINCHA,QUITO,QUITO,URBANA,2022-07-29,00:30:00,0,VIERNES,5,JULIO,7,NO,CONDUCIR VEHICULO SUPERANDO LOS LIMITES MAXIMOS DE VELOCIDAD.,CHOQUE LATERAL,AUTOMOVIL,2,0,0,0,0,0,0,0,0,0,0,0,0,2,22,HOMBRE,ILESO,CONDUCTOR PRESENTE,NO,NO,1
31130,129794,129795,2022,1,0,-0.278615,-78.473764,PICHINCHA,QUITO,CONOCOTO,RURAL,2022-07-29,06:30:00,6,VIERNES,5,JULIO,7,NO,"NO RESPETAR LAS SENIALES REGLAMENTARIAS DE TRANSITO. (PARE, CEDA EL PASO, LUZ ROJA DEL SEMAFORO, ETC).",CHOQUE LATERAL,MOTOCICLETA,1,0,0,0,0,0,0,0,1,0,0,0,0,2,29,HOMBRE,LESIONADO,CONDUCTOR PRESENTE,NO,NO,3
31131,129795,129796,2022,3,0,-0.189224,-78.454491,PICHINCHA,QUITO,QUITO,URBANA,2022-07-29,06:40:00,6,VIERNES,5,JULIO,7,NO,CONDUCIR VEHICULO SUPERANDO LOS LIMITES MAXIMOS DE VELOCIDAD.,CHOQUE FRONTAL,AUTOMOVIL,2,0,0,0,0,0,0,0,0,0,0,0,0,2,21,HOMBRE,LESIONADO,CONDUCTOR PRESENTE,NO,NO,1
31132,129798,129799,2022,0,1,-0.336992,-78.553291,PICHINCHA,QUITO,QUITO,URBANA,2022-07-29,07:03:00,7,VIERNES,5,JULIO,7,NO,PEATON QUE CRUZA LA CALZADA SIN RESPETAR LA SENIALIZACION EXISTENTE (SEMAFOROS O SENIALES MANUALES).,ATROPELLOS,AUTOMOVIL,1,0,0,0,0,0,0,0,0,0,0,0,0,1,69,MUJER,FALLECIDO,PEATON,NO,NO,1
31133,129811,129812,2022,1,0,-0.313833,-78.949501,PICHINCHA,MEJIA,MANUEL CORNEJO ASTORGA,RURAL,2022-07-29,10:35:00,10,VIERNES,5,JULIO,7,NO,"CONDUCIR DESATENTO A LAS CONDICIONES DE TRANSITO (CELULAR, PANTALLAS DE VIDEO, COMIDA, MAQUILLAJE O CUALQUIER OTRO ELEMENTO DISTRACTOR).",ATROPELLOS,NO IDENTIFICADO,0,0,0,0,0,0,0,0,0,1,0,0,0,1,-1,HOMBRE,LESIONADO,PEATON,NO,NO,3
31134,129815,129816,2022,1,0,-0.106678,-78.476318,PICHINCHA,QUITO,QUITO,URBANA,2022-07-29,12:15:00,12,VIERNES,5,JULIO,7,NO,"NO RESPETAR LAS SENIALES REGLAMENTARIAS DE TRANSITO. (PARE, CEDA EL PASO, LUZ ROJA DEL SEMAFORO, ETC).",CHOQUE LATERAL,CAMION,0,0,0,1,0,0,0,0,1,0,0,0,0,2,36,HOMBRE,LESIONADO,CONDUCTOR PRESENTE,NO,NO,1
31135,129816,129817,2022,2,0,-0.292885,-78.542371,PICHINCHA,QUITO,QUITO,URBANA,2022-07-29,12:35:00,12,VIERNES,5,JULIO,7,NO,"NO RESPETAR LAS SENIALES REGLAMENTARIAS DE TRANSITO. (PARE, CEDA EL PASO, LUZ ROJA DEL SEMAFORO, ETC).",CHOQUE LATERAL,MOTOCICLETA,1,0,0,0,0,0,0,0,1,0,0,0,0,2,22,HOMBRE,LESIONADO,CONDUCTOR PRESENTE,NO,NO,1
31136,129824,129825,2022,0,1,-0.322471,-78.460636,PICHINCHA,RUMINIAHUI,SANGOLQUI,URBANA,2022-07-29,14:49:00,14,VIERNES,5,JULIO,7,NO,"CONDUCE BAJO LA INFLUENCIA DE ALCOHOL, SUSTANCIAS ESTUPEFACIENTES O PSICOTROPICAS Y/O MEDICAMENTOS.",ATROPELLOS,AUTOMOVIL,1,0,0,0,0,0,0,0,0,0,0,0,0,1,48,MUJER,FALLECIDO,PEATON,NO,SI,1
31137,129825,129826,2022,0,1,-0.183932,-78.509345,PICHINCHA,QUITO,QUITO,URBANA,2022-07-29,15:00:00,15,VIERNES,5,JULIO,7,NO,REALIZAR CAMBIO BRUSCO O INDEBIDO DE CARRIL.,OTROS,MOTOCICLETA,1,0,0,0,0,0,0,0,1,1,0,0,0,3,23,HOMBRE,FALLECIDO,CONDUCTOR PRESENTE,NO,NO,1
31138,129829,129830,2022,2,0,-0.232144,-78.506349,PICHINCHA,QUITO,QUITO,URBANA,2022-07-29,16:25:00,16,VIERNES,5,JULIO,7,NO,CONDUCIR VEHICULO SUPERANDO LOS LIMITES MAXIMOS DE VELOCIDAD.,COLISION,MOTOCICLETA,1,0,0,0,1,0,0,0,1,0,0,0,0,3,47,HOMBRE,LESIONADO,CONDUCTOR PRESENTE,NO,NO,1
31139,129839,129840,2022,3,0,-0.289531,-78.538471,PICHINCHA,QUITO,QUITO,URBANA,2022-07-29,18:30:00,18,VIERNES,5,JULIO,7,NO,"CONDUCE BAJO LA INFLUENCIA DE ALCOHOL, SUSTANCIAS ESTUPEFACIENTES O PSICOTROPICAS Y/O MEDICAMENTOS.",ATROPELLOS,MOTOCICLETA,0,0,0,0,0,0,0,0,1,0,0,0,0,1,26,HOMBRE,LESIONADO,CONDUCTOR PRESENTE,NO,NO,1
31140,129857,129858,2022,0,0,-0.218576,-78.519952,PICHINCHA,QUITO,QUITO,URBANA,2022-07-30,00:15:00,0,SABADO,6,JULIO,7,NO,CONDUCIR VEHICULO SUPERANDO LOS LIMITES MAXIMOS DE VELOCIDAD.,PERDIDA DE CARRIL,AUTOMOVIL,1,0,0,0,0,0,0,0,0,0,0,0,0,1,37,HOMBRE,ILESO,CONDUCTOR PRESENTE,NO,NO,1
31141,129859,129860,2022,1,0,-0.095738,-78.468666,PICHINCHA,QUITO,QUITO,URBANA,2022-07-30,01:30:00,1,SABADO,6,JULIO,7,NO,"CONDUCE BAJO LA INFLUENCIA DE ALCOHOL, SUSTANCIAS ESTUPEFACIENTES O PSICOTROPICAS Y/O MEDICAMENTOS.",CHOQUE LATERAL,AUTOMOVIL,2,0,0,0,0,0,0,0,0,0,0,0,0,2,68,MUJER,LESIONADO,CONDUCTOR PRESENTE,NO,NO,1
31142,129860,129861,2022,1,1,-0.360032,-78.534252,PICHINCHA,MEJIA,CUTUGLAHUA,RURAL,2022-07-30,02:00:00,2,SABADO,6,JULIO,7,NO,"CONDUCIR DESATENTO A LAS CONDICIONES DE TRANSITO (CELULAR, PANTALLAS DE VIDEO, COMIDA, MAQUILLAJE O CUALQUIER OTRO ELEMENTO DISTRACTOR).",PERDIDA DE PISTA,AUTOMOVIL,1,0,0,0,0,0,0,0,0,0,0,0,0,1,19,HOMBRE,FALLECIDO,PASAJERO,NO,SI,3
31143,129861,129862,2022,1,1,-0.379117,-78.531081,PICHINCHA,MEJIA,CUTUGLAHUA,RURAL,2022-07-30,02:00:00,2,SABADO,6,JULIO,7,NO,"CONDUCIR DESATENTO A LAS CONDICIONES DE TRANSITO (CELULAR, PANTALLAS DE VIDEO, COMIDA, MAQUILLAJE O CUALQUIER OTRO ELEMENTO DISTRACTOR).",PERDIDA DE CARRIL,AUTOMOVIL,1,0,0,0,0,0,0,0,0,0,0,0,0,1,19,HOMBRE,FALLECIDO,PASAJERO,NO,SI,3
31144,129863,129864,2022,0,1,-0.092136,-78.436058,PICHINCHA,QUITO,CALDERON (CARAPUNGO),RURAL,2022-07-30,02:15:00,2,SABADO,6,JULIO,7,NO,PEATON QUE CRUZA LA CALZADA SIN RESPETAR LA SENIALIZACION EXISTENTE (SEMAFOROS O SENIALES MANUALES).,ATROPELLOS,NO IDENTIFICADO,0,0,0,0,0,0,0,0,0,1,0,0,0,1,30,HOMBRE,FALLECIDO,PEATON,NO,NO,3
31145,129866,129867,2022,0,0,-0.149737,-78.490454,PICHINCHA,QUITO,QUITO,URBANA,2022-07-30,02:35:00,2,SABADO,6,JULIO,7,NO,"NO RESPETAR LAS SENIALES REGLAMENTARIAS DE TRANSITO. (PARE, CEDA EL PASO, LUZ ROJA DEL SEMAFORO, ETC).",CHOQUE POSTERIOR,AUTOMOVIL,2,0,0,0,0,0,0,0,0,0,0,0,0,2,47,HOMBRE,ILESO,CONDUCTOR PRESENTE,NO,NO,1
31146,129871,129872,2022,2,0,-0.206199,-78.512031,PICHINCHA,QUITO,QUITO,URBANA,2022-07-30,06:45:00,6,SABADO,6,JULIO,7,NO,NO MANTENER LA DISTANCIA PRUDENCIAL CON RESPECTO AL VEHICULO QUE LE ANTECEDE.,CHOQUE POSTERIOR,MOTOCICLETA,1,0,0,0,0,0,0,0,1,0,0,0,0,2,37,HOMBRE,LESIONADO,CONDUCTOR PRESENTE,NO,NO,1
31147,129874,129875,2022,0,0,-0.176185,-78.455879,PICHINCHA,QUITO,QUITO,URBANA,2022-07-30,08:20:00,8,SABADO,6,JULIO,7,NO,CONDUCIR VEHICULO SUPERANDO LOS LIMITES MAXIMOS DE VELOCIDAD.,ESTRELLAMIENTOS,AUTOMOVIL,1,0,0,0,0,0,0,0,0,0,0,0,0,1,25,HOMBRE,ILESO,PASAJERO,NO,NO,1
31148,129876,129877,2022,0,0,-0.332344,-78.558148,PICHINCHA,QUITO,QUITO,URBANA,2022-07-30,08:35:00,8,SABADO,6,JULIO,7,NO,NO CEDER EL DERECHO DE VIA O PREFERENCIA DE PASO A VEHICULOS.,CHOQUE LATERAL,BUS,1,0,1,0,0,0,0,0,0,0,0,0,0,2,46,HOMBRE,ILESO,CONDUCTOR PRESENTE,NO,NO,1
31149,129878,129879,2022,0,0,-0.291243,-78.447149,PICHINCHA,QUITO,ALANGASI,RURAL,2022-07-30,09:55:00,9,SABADO,6,JULIO,7,NO,"CONDUCE BAJO LA INFLUENCIA DE ALCOHOL, SUSTANCIAS ESTUPEFACIENTES O PSICOTROPICAS Y/O MEDICAMENTOS.",CHOQUE LATERAL,CAMION,1,0,0,1,0,0,0,0,0,0,0,0,0,2,37,HOMBRE,ILESO,CONDUCTOR PRESENTE,NO,NO,3
31150,129881,129882,2022,0,0,-0.272618,-78.536763,PICHINCHA,QUITO,QUITO,URBANA,2022-07-30,11:40:00,11,SABADO,6,JULIO,7,NO,CONDUCIR VEHICULO SUPERANDO LOS LIMITES MAXIMOS DE VELOCIDAD.,ESTRELLAMIENTOS,CAMION,0,0,0,1,0,0,0,0,0,0,0,0,0,1,24,HOMBRE,ILESO,CONDUCTOR PRESENTE,NO,NO,1
31151,129905,129906,2022,0,0,-0.009219,-78.445766,PICHINCHA,QUITO,SAN ANTONIO (QUITO),RURAL,2022-07-30,20:45:00,20,SABADO,6,JULIO,7,NO,"CONDUCE BAJO LA INFLUENCIA DE ALCOHOL, SUSTANCIAS ESTUPEFACIENTES O PSICOTROPICAS Y/O MEDICAMENTOS.",CHOQUE POSTERIOR,AUTOMOVIL,2,0,0,0,0,0,0,0,0,0,0,0,0,2,37,HOMBRE,ILESO,CONDUCTOR PRESENTE,NO,NO,3
31152,129917,129918,2022,0,0,-0.341451,-78.521973,PICHINCHA,QUITO,QUITO,URBANA,2022-07-30,23:48:00,23,SABADO,6,JULIO,7,NO,CONDUCIR VEHICULO SUPERANDO LOS LIMITES MAXIMOS DE VELOCIDAD.,ESTRELLAMIENTOS,AUTOMOVIL,1,0,0,0,0,0,0,0,0,0,0,0,0,1,-1,NO IDENTIFICADO,NO IDENTIFICADO,CONDUCTOR AUSENTE,NO,NO,2
31153,129920,129921,2022,0,0,-0.242625,-78.518708,PICHINCHA,QUITO,QUITO,URBANA,2022-07-31,01:00:00,1,DOMINGO,7,JULIO,7,NO,CONDUCIR VEHICULO SUPERANDO LOS LIMITES MAXIMOS DE VELOCIDAD.,OTROS,AUTOMOVIL,1,0,0,0,0,0,0,0,0,0,0,0,0,1,-1,NO IDENTIFICADO,NO IDENTIFICADO,CONDUCTOR AUSENTE,NO,NO,2
31154,129931,129932,2022,10,0,-0.368581,-78.551112,PICHINCHA,MEJIA,CUTUGLAHUA,RURAL,2022-07-31,03:30:00,3,DOMINGO,7,JULIO,7,NO,"CONDUCIR DESATENTO A LAS CONDICIONES DE TRANSITO (CELULAR, PANTALLAS DE VIDEO, COMIDA, MAQUILLAJE O CUALQUIER OTRO ELEMENTO DISTRACTOR).",PERDIDA DE CARRIL,FURGONETA,0,0,0,0,0,0,0,1,0,0,0,0,0,1,44,MUJER,LESIONADO,PASAJERO,NO,SI,3
31155,129936,129937,2022,0,0,-0.292175,-78.481976,PICHINCHA,QUITO,CONOCOTO,RURAL,2022-07-31,04:00:00,4,DOMINGO,7,JULIO,7,NO,CONDUCIR VEHICULO SUPERANDO LOS LIMITES MAXIMOS DE VELOCIDAD.,ESTRELLAMIENTOS,AUTOMOVIL,1,0,0,0,0,0,0,0,0,0,0,0,0,1,-1,NO IDENTIFICADO,NO IDENTIFICADO,CONDUCTOR AUSENTE,NO,NO,2
31156,129937,129938,2022,0,0,-0.200641,-78.497008,PICHINCHA,QUITO,QUITO,URBANA,2022-07-31,04:15:00,4,DOMINGO,7,JULIO,7,NO,"CONDUCE BAJO LA INFLUENCIA DE ALCOHOL, SUSTANCIAS ESTUPEFACIENTES O PSICOTROPICAS Y/O MEDICAMENTOS.",CHOQUE LATERAL,AUTOMOVIL,2,0,0,0,0,0,0,0,0,0,0,0,0,2,28,HOMBRE,ILESO,CONDUCTOR PRESENTE,NO,NO,1
31157,129952,129953,2022,1,0,-0.229754,-78.509155,PICHINCHA,QUITO,QUITO,URBANA,2022-07-31,07:10:00,7,DOMINGO,7,JULIO,7,NO,CONDUCIR VEHICULO SUPERANDO LOS LIMITES MAXIMOS DE VELOCIDAD.,PERDIDA DE CARRIL,MOTOCICLETA,0,0,0,0,0,0,0,0,1,0,0,0,0,1,22,HOMBRE,LESIONADO,CONDUCTOR PRESENTE,NO,NO,1
31158,129959,129960,2022,1,1,-0.089704,-78.499617,PICHINCHA,QUITO,QUITO,URBANA,2022-07-31,08:55:00,8,DOMINGO,7,JULIO,7,NO,CONDUCIR VEHICULO SUPERANDO LOS LIMITES MAXIMOS DE VELOCIDAD.,OTROS,NO IDENTIFICADO,0,0,0,0,0,0,0,0,0,1,0,0,0,1,23,MUJER,FALLECIDO,PASAJERO,NO,NO,1
31159,129960,129961,2022,0,1,-0.083513,-78.454585,PICHINCHA,QUITO,QUITO,URBANA,2022-07-31,08:55:00,8,DOMINGO,7,JULIO,7,NO,REALIZAR CAMBIO BRUSCO O INDEBIDO DE CARRIL.,OTROS,BUS,0,1,1,0,0,0,0,0,0,0,0,0,0,2,56,HOMBRE,FALLECIDO,CONDUCTOR PRESENTE,NO,NO,1
31160,129962,129963,2022,0,0,-0.139518,-78.473703,PICHINCHA,QUITO,QUITO,URBANA,2022-07-31,10:15:00,10,DOMINGO,7,JULIO,7,NO,CONDUCIR VEHICULO SUPERANDO LOS LIMITES MAXIMOS DE VELOCIDAD.,ESTRELLAMIENTOS,AUTOMOVIL,1,0,0,0,0,0,0,0,0,0,0,0,0,1,-1,NO IDENTIFICADO,NO IDENTIFICADO,CONDUCTOR AUSENTE,NO,NO,2
31161,129963,129964,2022,1,1,-0.272726,-78.509091,PICHINCHA,QUITO,QUITO,URBANA,2022-07-31,10:20:00,10,DOMINGO,7,JULIO,7,NO,CONDUCIR VEHICULO SUPERANDO LOS LIMITES MAXIMOS DE VELOCIDAD.,ESTRELLAMIENTOS,CAMION,0,0,0,1,0,0,0,0,1,0,0,0,0,2,27,MUJER,FALLECIDO,CONDUCTOR PRESENTE,SI,NO,1
31162,129966,129967,2022,0,0,-0.083589,-78.426291,PICHINCHA,QUITO,CALDERON (CARAPUNGO),RURAL,2022-07-31,10:55:00,10,DOMINGO,7,JULIO,7,NO,"FALLA MECANICA EN LOS SISTEMAS Y/O NEUMATICOS (SISTEMA DE FRENOS, DIRECCION, ELECTRONICO O MECANICO).",OTROS,FURGONETA,2,0,0,0,0,0,0,1,0,0,0,0,0,3,53,HOMBRE,ILESO,CONDUCTOR PRESENTE,NO,NO,3
31163,129981,129982,2022,0,0,-0.242018,-78.546419,PICHINCHA,QUITO,QUITO,URBANA,2022-07-31,16:00:00,16,DOMINGO,7,JULIO,7,NO,"CONDUCE BAJO LA INFLUENCIA DE ALCOHOL, SUSTANCIAS ESTUPEFACIENTES O PSICOTROPICAS Y/O MEDICAMENTOS.",CHOQUE LATERAL,AUTOMOVIL,2,0,0,0,0,0,0,0,0,0,0,0,0,2,44,HOMBRE,ILESO,CONDUCTOR PRESENTE,NO,NO,1
31164,130005,130006,2022,3,1,-0.436342,-78.553187,PICHINCHA,MEJIA,MACHACHI,RURAL,2022-07-31,20:30:00,20,DOMINGO,7,JULIO,7,NO,"CONDUCIR DESATENTO A LAS CONDICIONES DE TRANSITO (CELULAR, PANTALLAS DE VIDEO, COMIDA, MAQUILLAJE O CUALQUIER OTRO ELEMENTO DISTRACTOR).",PERDIDA DE CARRIL,ESPECIAL,0,0,0,0,1,0,1,0,0,0,0,0,0,2,45,HOMBRE,FALLECIDO,CONDUCTOR PRESENTE,NO,SI,3
31165,130009,130010,2022,1,0,-0.298085,-78.538402,PICHINCHA,QUITO,QUITO,URBANA,2022-07-31,20:50:00,20,DOMINGO,7,JULIO,7,NO,NO CEDER EL DERECHO DE VIA O PREFERENCIA DE PASO AL PEATON.,ATROPELLOS,AUTOMOVIL,1,0,0,0,0,0,0,0,0,0,0,0,0,1,30,MUJER,LESIONADO,PEATON,NO,NO,1