,Unnamed: 0,ID,ANIO,LESIONADOS,FALLECIDOS,LATITUD_Y,LONGITUD_X,PROVINCIA,CANTON,PARROQUIA,ZONA,FECHA,HORA,PERIODO_2,DIA_1,DIA_2,MES_1,MES_2,FERIADO,CAUSA_PROBABLE,TIPO_DE_SINIESTRO,TIPO_DE_VEHICULO_1,AUTOMOVIL,BICICLETA,BUS,CAMION,CAMIONETA,EMERGENCIAS,ESPECIAL,FURGONETA,MOTOCICLETA,NO_IDENTIFICADO,SCOOTER_ELECTRICO,TRICIMOTO,VEHICULO_DEPORTIVO_UTILITARIO,SUMA_DE_VEHICULOS,EDAD_1,SEXO_1,CONDICION_1,PARTICIPANTE_1,CASCO_1,CINTURON_1,KMeans_Cluster
31166,130012,130013,2022,0,1,0.045655,-78.194861,PICHINCHA,PEDRO MONCAYO,TABACUNDO,RURAL,2022-07-31,21:32:00,21,DOMINGO,7,JULIO,7,NO,"CONDUCIR DESATENTO A LAS CONDICIONES DE TRANSITO (CELULAR, PANTALLAS DE VIDEO, COMIDA, MAQUILLAJE O CUALQUIER OTRO ELEMENTO DISTRACTOR).",CHOQUE FRONTAL,MOTOCICLETA,0,0,0,0,1,0,0,0,1,0,0,0,0,2,31,HOMBRE,FALLECIDO,CONDUCTOR PRESENTE,NO,SI,3
31167,130020,130021,2022,2,1,0.045999,-78.194174,PICHINCHA,PEDRO MONCAYO,TABACUNDO,RURAL,2022-07-31,23:50:00,23,DOMINGO,7,JULIO,7,NO,"CONDUCIR DESATENTO A LAS CONDICIONES DE TRANSITO (CELULAR, PANTALLAS DE VIDEO, COMIDA, MAQUILLAJE O CUALQUIER OTRO ELEMENTO DISTRACTOR).",CHOQUE FRONTAL,CAMION,0,0,0,1,0,0,0,0,0,0,0,0,1,2,29,MUJER,FALLECIDO,PASAJERO,NO,SI,3
31168,130033,130034,2022,0,0,-0.232015,-78.523456,PICHINCHA,QUITO,QUITO,URBANA,2022-08-01,09:00:00,9,LUNES,1,AGOSTO,8,NO,NO MANTENER LA DISTANCIA PRUDENCIAL CON RESPECTO AL VEHICULO QUE LE ANTECEDE.,CHOQUE POSTERIOR,AUTOMOVIL,2,0,0,0,0,0,0,0,0,0,0,0,0,2,35,HOMBRE,ILESO,CONDUCTOR PRESENTE,NO,NO,1
31169,130036,130037,2022,0,0,-0.144024,-78.467483,PICHINCHA,QUITO,QUITO,URBANA,2022-08-01,11:15:00,11,LUNES,1,AGOSTO,8,NO,"FALLA MECANICA EN LOS SISTEMAS Y/O NEUMATICOS (SISTEMA DE FRENOS, DIRECCION, ELECTRONICO O MECANICO).",ESTRELLAMIENTOS,AUTOMOVIL,2,0,0,0,0,0,0,0,0,0,0,0,0,2,64,HOMBRE,ILESO,CONDUCTOR PRESENTE,NO,NO,1
31170,130037,130038,2022,2,0,-0.055281,-78.284983,PICHINCHA,QUITO,GUAYLLABAMBA,RURAL,2022-08-01,11:40:00,11,LUNES,1,AGOSTO,8,NO,"CONDUCIR DESATENTO A LAS CONDICIONES DE TRANSITO (CELULAR, PANTALLAS DE VIDEO, COMIDA, MAQUILLAJE O CUALQUIER OTRO ELEMENTO DISTRACTOR).",CHOQUE LATERAL,CAMION,0,0,0,1,1,0,0,0,1,0,0,0,0,3,27,HOMBRE,LESIONADO,CONDUCTOR PRESENTE,NO,SI,3
31171,130043,130044,2022,0,0,-0.192303,-78.496757,PICHINCHA,QUITO,QUITO,URBANA,2022-08-01,16:40:00,16,LUNES,1,AGOSTO,8,NO,"CONDICIONES AMBIENTALES Y/O ATMOSFERICAS (NIEBLA, NEBLINA, GRANIZO, LLUVIA).",OTROS,AUTOMOVIL,2,0,0,0,0,0,0,0,0,0,0,0,0,2,58,HOMBRE,ILESO,CONDUCTOR PRESENTE,NO,NO,1
31172,130044,130045,2022,0,0,-0.286808,-78.541561,PICHINCHA,QUITO,QUITO,URBANA,2022-08-01,16:40:00,16,LUNES,1,AGOSTO,8,NO,"CONDICIONES AMBIENTALES Y/O ATMOSFERICAS (NIEBLA, NEBLINA, GRANIZO, LLUVIA).",CHOQUE LATERAL,MOTOCICLETA,1,0,0,0,0,0,0,0,1,0,0,0,0,2,31,HOMBRE,ILESO,CONDUCTOR PRESENTE,NO,NO,1
31173,130049,130050,2022,1,0,-0.206136,-78.483096,PICHINCHA,QUITO,QUITO,URBANA,2022-08-01,17:30:00,17,LUNES,1,AGOSTO,8,NO,REALIZAR CAMBIO BRUSCO O INDEBIDO DE CARRIL.,CHOQUE LATERAL,CAMIONETA,1,0,0,0,1,0,0,0,0,0,0,0,0,2,45,MUJER,LESIONADO,PASAJERO,NO,NO,1
31174,130057,130058,2022,1,0,-0.285006,-78.477362,PICHINCHA,QUITO,CONOCOTO,RURAL,2022-08-01,19:10:00,19,LUNES,1,AGOSTO,8,NO,NO TRANSITAR POR LAS ACERAS O ZONAS DE SEGURIDAD DESTINADAS PARA EL EFECTO.,ATROPELLOS,NO IDENTIFICADO,0,0,0,0,0,0,0,0,0,1,0,0,0,1,69,HOMBRE,LESIONADO,PEATON,NO,NO,3
31175,130060,130061,2022,0,0,-0.282965,-78.544461,PICHINCHA,QUITO,QUITO,URBANA,2022-08-01,20:30:00,20,LUNES,1,AGOSTO,8,NO,CONDUCIR VEHICULO SUPERANDO LOS LIMITES MAXIMOS DE VELOCIDAD.,OTROS,AUTOMOVIL,1,0,0,0,0,0,0,0,0,0,0,0,0,1,-1,NO IDENTIFICADO,NO IDENTIFICADO,CONDUCTOR AUSENTE,NO,NO,2
31176,130069,130070,2022,0,0,0.024446,-78.338354,PICHINCHA,PEDRO MONCAYO,TOCACHI,RURAL,2022-08-02,00:45:00,0,MARTES,2,AGOSTO,8,NO,"NO RESPETAR LAS SENIALES REGLAMENTARIAS DE TRANSITO. (PARE, CEDA EL PASO, LUZ ROJA DEL SEMAFORO, ETC).",PERDIDA DE PISTA,VEHICULO DEPORTIVO UTILITARIO,0,0,0,0,0,0,0,0,0,0,0,0,1,1,-1,NO IDENTIFICADO,NO IDENTIFICADO,CONDUCTOR AUSENTE,NO,NO,2
31177,130071,130072,2022,0,0,-0.258261,-78.502391,PICHINCHA,QUITO,QUITO,URBANA,2022-08-02,05:00:00,5,MARTES,2,AGOSTO,8,NO,NO GUARDAR LA DISTANCIA LATERAL MINIMA DE SEGURIDAD ENTRE VEHICULOS.,ROZAMIENTOS,CAMION,1,0,0,1,0,0,0,0,0,0,0,0,0,2,24,HOMBRE,ILESO,CONDUCTOR PRESENTE,NO,NO,1
31178,130076,130077,2022,1,0,-0.126621,-78.494003,PICHINCHA,QUITO,QUITO,URBANA,2022-08-02,08:40:00,8,MARTES,2,AGOSTO,8,NO,NO TRANSITAR POR LAS ACERAS O ZONAS DE SEGURIDAD DESTINADAS PARA EL EFECTO.,ATROPELLOS,AUTOMOVIL,1,0,0,0,0,0,0,0,0,0,0,0,0,1,64,MUJER,LESIONADO,PEATON,NO,NO,1
31179,130080,130081,2022,0,0,-0.300297,-78.539583,PICHINCHA,QUITO,QUITO,URBANA,2022-08-02,11:20:00,11,MARTES,2,AGOSTO,8,NO,"NO RESPETAR LAS SENIALES REGLAMENTARIAS DE TRANSITO. (PARE, CEDA EL PASO, LUZ ROJA DEL SEMAFORO, ETC).",CHOQUE LATERAL,AUTOMOVIL,2,0,0,0,0,0,0,0,0,0,0,0,0,2,45,HOMBRE,ILESO,CONDUCTOR PRESENTE,NO,NO,1
31180,130085,130086,2022,1,0,-0.393441,-78.812292,PICHINCHA,MEJIA,MANUEL CORNEJO ASTORGA,RURAL,2022-08-02,13:10:00,13,MARTES,2,AGOSTO,8,NO,"NO RESPETAR LAS SENIALES REGLAMENTARIAS DE TRANSITO. (PARE, CEDA EL PASO, LUZ ROJA DEL SEMAFORO, ETC).",CHOQUE LATERAL,MOTOCICLETA,0,0,0,0,1,0,0,0,1,0,0,0,0,2,40,MUJER,LESIONADO,PASAJERO,NO,NO,3
31181,130086,130087,2022,1,0,-0.221002,-78.521041,PICHINCHA,QUITO,QUITO,URBANA,2022-08-02,13:30:00,13,MARTES,2,AGOSTO,8,NO,NO TRANSITAR POR LAS ACERAS O ZONAS DE SEGURIDAD DESTINADAS PARA EL EFECTO.,ATROPELLOS,MOTOCICLETA,0,0,0,0,0,0,0,0,1,0,0,0,0,1,25,MUJER,LESIONADO,PEATON,NO,NO,1
31182,130095,130096,2022,0,0,-0.141057,-78.500781,PICHINCHA,QUITO,QUITO,URBANA,2022-08-02,16:40:00,16,MARTES,2,AGOSTO,8,NO,"CONDICIONES AMBIENTALES Y/O ATMOSFERICAS (NIEBLA, NEBLINA, GRANIZO, LLUVIA).",COLISION,CAMIONETA,1,0,0,0,2,0,0,0,0,0,0,0,0,3,48,HOMBRE,ILESO,CONDUCTOR PRESENTE,NO,NO,1
31183,130099,130100,2022,0,0,-0.234601,-78.485201,PICHINCHA,QUITO,QUITO,URBANA,2022-08-02,19:50:00,19,MARTES,2,AGOSTO,8,NO,NO GUARDAR LA DISTANCIA LATERAL MINIMA DE SEGURIDAD ENTRE VEHICULOS.,ROZAMIENTOS,MOTOCICLETA,1,0,0,0,0,0,0,0,1,0,0,0,0,2,30,HOMBRE,ILESO,CONDUCTOR PRESENTE,NO,NO,1
31184,130106,130107,2022,0,1,-0.248158,-78.580054,PICHINCHA,QUITO,LLOA,RURAL,2022-08-03,05:45:00,5,MIERCOLES,3,AGOSTO,8,NO,NO CEDER EL DERECHO DE VIA O PREFERENCIA DE PASO A VEHICULOS.,CHOQUE LATERAL,BUS,0,0,1,0,0,0,0,0,1,0,0,0,0,2,25,HOMBRE,FALLECIDO,CONDUCTOR PRESENTE,NO,NO,3
31185,130118,130119,2022,1,0,-0.245551,-78.519315,PICHINCHA,QUITO,QUITO,URBANA,2022-08-03,11:26:00,11,MIERCOLES,3,AGOSTO,8,NO,PEATON QUE CRUZA LA CALZADA SIN RESPETAR LA SENIALIZACION EXISTENTE (SEMAFOROS O SENIALES MANUALES).,ARROLLAMIENTOS,BUS,0,0,1,0,0,0,0,0,0,0,0,0,0,1,36,MUJER,LESIONADO,PEATON,NO,NO,1
31186,130122,130123,2022,3,0,-0.063949,-78.356602,PICHINCHA,QUITO,GUAYLLABAMBA,RURAL,2022-08-03,13:40:00,13,MIERCOLES,3,AGOSTO,8,NO,DANIOS MECANICOS PREVISIBLES.,ESTRELLAMIENTOS,AUTOMOVIL,2,0,0,0,0,0,0,0,0,0,0,0,0,2,32,HOMBRE,LESIONADO,PASAJERO,NO,NO,3
31187,130127,130128,2022,0,0,-0.327999,-78.541507,PICHINCHA,QUITO,QUITO,URBANA,2022-08-03,16:35:00,16,MIERCOLES,3,AGOSTO,8,NO,NO MANTENER LA DISTANCIA PRUDENCIAL CON RESPECTO AL VEHICULO QUE LE ANTECEDE.,CHOQUE POSTERIOR,CAMION,1,0,0,1,0,0,0,0,0,0,0,0,0,2,44,HOMBRE,ILESO,CONDUCTOR PRESENTE,NO,NO,1
31188,130128,130129,2022,0,0,-0.190648,-78.446016,PICHINCHA,QUITO,NAYON,RURAL,2022-08-03,16:38:00,16,MIERCOLES,3,AGOSTO,8,NO,REALIZAR CAMBIO BRUSCO O INDEBIDO DE CARRIL.,CHOQUE LATERAL,MOTOCICLETA,1,0,0,0,0,0,0,0,1,0,0,0,0,2,26,HOMBRE,ILESO,CONDUCTOR PRESENTE,NO,NO,3
31189,130145,130146,2022,0,0,-0.280527,-78.533491,PICHINCHA,QUITO,QUITO,URBANA,2022-08-04,06:45:00,6,JUEVES,4,AGOSTO,8,NO,NO GUARDAR LA DISTANCIA LATERAL MINIMA DE SEGURIDAD ENTRE VEHICULOS.,ROZAMIENTOS,BUS,1,0,1,0,0,0,0,0,0,0,0,0,0,2,32,HOMBRE,ILESO,CONDUCTOR PRESENTE,NO,NO,1
31190,130154,130155,2022,1,0,-0.123003,-78.493742,PICHINCHA,QUITO,QUITO,URBANA,2022-08-04,09:45:00,9,JUEVES,4,AGOSTO,8,NO,NO TRANSITAR POR LAS ACERAS O ZONAS DE SEGURIDAD DESTINADAS PARA EL EFECTO.,ATROPELLOS,AUTOMOVIL,1,0,0,0,0,0,0,0,0,0,0,0,0,1,24,HOMBRE,LESIONADO,PEATON,NO,NO,1
31191,130155,130156,2022,1,0,-0.190641,-78.479802,PICHINCHA,QUITO,QUITO,URBANA,2022-08-04,10:00:00,10,JUEVES,4,AGOSTO,8,NO,REALIZAR CAMBIO BRUSCO O INDEBIDO DE CARRIL.,ROZAMIENTOS,MOTOCICLETA,0,0,0,0,0,0,0,0,1,1,0,0,0,2,38,MUJER,LESIONADO,PASAJERO,NO,NO,1
31192,130157,130158,2022,0,0,-0.445457,-78.630438,PICHINCHA,MEJIA,ALOAG,RURAL,2022-08-04,10:20:00,10,JUEVES,4,AGOSTO,8,NO,NO GUARDAR LA DISTANCIA LATERAL MINIMA DE SEGURIDAD ENTRE VEHICULOS.,ROZAMIENTOS,CAMIONETA,0,0,0,0,1,0,0,0,0,1,0,0,0,2,-1,MUJER,ILESO,CONDUCTOR PRESENTE,NO,NO,3
31193,130169,130170,2022,0,0,-0.444137,-78.767053,PICHINCHA,MEJIA,MANUEL CORNEJO ASTORGA,RURAL,2022-08-04,15:20:00,15,JUEVES,4,AGOSTO,8,NO,NO MANTENER LA DISTANCIA PRUDENCIAL CON RESPECTO AL VEHICULO QUE LE ANTECEDE.,CHOQUE POSTERIOR,BUS,0,0,1,1,0,0,0,0,0,0,0,0,0,2,36,HOMBRE,ILESO,CONDUCTOR PRESENTE,NO,NO,3
31194,130178,130179,2022,3,0,-0.105447,-78.433986,PICHINCHA,QUITO,CALDERON (CARAPUNGO),RURAL,2022-08-04,18:40:00,18,JUEVES,4,AGOSTO,8,NO,CONDUCIR VEHICULO SUPERANDO LOS LIMITES MAXIMOS DE VELOCIDAD.,CHOQUE POSTERIOR,CAMIONETA,1,0,0,0,1,0,0,0,0,0,0,0,0,2,27,HOMBRE,LESIONADO,CONDUCTOR PRESENTE,NO,NO,3
31195,130188,130189,2022,0,0,-0.157745,-78.485133,PICHINCHA,QUITO,QUITO,URBANA,2022-08-04,21:30:00,21,JUEVES,4,AGOSTO,8,NO,CONDUCIR VEHICULO SUPERANDO LOS LIMITES MAXIMOS DE VELOCIDAD.,PERDIDA DE CARRIL,AUTOMOVIL,1,0,0,0,0,0,0,0,0,0,0,0,0,1,-1,NO IDENTIFICADO,NO IDENTIFICADO,CONDUCTOR AUSENTE,NO,NO,2
31196,130192,130193,2022,0,0,-0.168007,-78.479295,PICHINCHA,QUITO,QUITO,URBANA,2022-08-04,23:20:00,23,JUEVES,4,AGOSTO,8,NO,"CONDUCIR DESATENTO A LAS CONDICIONES DE TRANSITO (CELULAR, PANTALLAS DE VIDEO, COMIDA, MAQUILLAJE O CUALQUIER OTRO ELEMENTO DISTRACTOR).",CHOQUE LATERAL,FURGONETA,1,0,0,0,0,0,0,1,0,0,0,0,0,2,43,HOMBRE,ILESO,CONDUCTOR PRESENTE,NO,NO,1
31197,130196,130197,2022,1,0,-0.092995,-78.435121,PICHINCHA,QUITO,CALDERON (CARAPUNGO),RURAL,2022-08-05,00:05:00,0,VIERNES,5,AGOSTO,8,NO,"CONDUCE BAJO LA INFLUENCIA DE ALCOHOL, SUSTANCIAS ESTUPEFACIENTES O PSICOTROPICAS Y/O MEDICAMENTOS.",CHOQUE LATERAL,FURGONETA,1,0,0,0,0,0,0,1,0,0,0,0,0,2,26,MUJER,LESIONADO,PASAJERO,NO,NO,3
31198,130198,130199,2022,1,0,-0.238748,-78.506302,PICHINCHA,QUITO,QUITO,URBANA,2022-08-05,00:45:00,0,VIERNES,5,AGOSTO,8,NO,REALIZAR CAMBIO BRUSCO O INDEBIDO DE CARRIL.,OTROS,MOTOCICLETA,0,0,0,0,0,0,0,0,1,0,0,0,0,1,28,HOMBRE,LESIONADO,PASAJERO,NO,NO,1
31199,130202,130203,2022,1,0,-0.258485,-78.544766,PICHINCHA,QUITO,QUITO,URBANA,2022-08-05,01:40:00,1,VIERNES,5,AGOSTO,8,NO,"CONDUCIR DESATENTO A LAS CONDICIONES DE TRANSITO (CELULAR, PANTALLAS DE VIDEO, COMIDA, MAQUILLAJE O CUALQUIER OTRO ELEMENTO DISTRACTOR).",PERDIDA DE CARRIL,MOTOCICLETA,0,0,0,0,0,0,0,0,1,0,0,0,0,1,29,HOMBRE,LESIONADO,CONDUCTOR PRESENTE,NO,NO,1
31200,130205,130206,2022,2,4,-0.442014,-78.771267,PICHINCHA,MEJIA,MANUEL CORNEJO ASTORGA,RURAL,2022-08-05,05:30:00,5,VIERNES,5,AGOSTO,8,NO,"CONDUCIR DESATENTO A LAS CONDICIONES DE TRANSITO (CELULAR, PANTALLAS DE VIDEO, COMIDA, MAQUILLAJE O CUALQUIER OTRO ELEMENTO DISTRACTOR).",PERDIDA DE CARRIL,AUTOMOVIL,1,0,0,0,0,0,0,0,0,0,0,0,0,1,57,HOMBRE,FALLECIDO,PASAJERO,NO,NO,3
31201,130209,130210,2022,1,0,-0.164859,-78.480284,PICHINCHA,QUITO,QUITO,URBANA,2022-08-05,07:50:00,7,VIERNES,5,AGOSTO,8,NO,NO CEDER EL DERECHO DE VIA O PREFERENCIA DE PASO A VEHICULOS.,CHOQUE LATERAL,MOTOCICLETA,1,0,0,0,0,0,0,0,1,0,0,0,0,2,35,HOMBRE,LESIONADO,CONDUCTOR PRESENTE,NO,NO,1
31202,130210,130211,2022,1,0,-0.310169,-78.568393,PICHINCHA,QUITO,QUITO,URBANA,2022-08-05,09:20:00,9,VIERNES,5,AGOSTO,8,NO,REALIZAR CAMBIO BRUSCO O INDEBIDO DE CARRIL.,CHOQUE LATERAL,BUS,0,0,1,0,0,0,0,0,1,0,0,0,0,2,42,HOMBRE,LESIONADO,CONDUCTOR PRESENTE,NO,NO,1
31203,130219,130220,2022,0,0,-0.471374,-78.566281,PICHINCHA,MEJIA,MACHACHI,RURAL,2022-08-05,13:45:00,13,VIERNES,5,AGOSTO,8,NO,"CONDUCIR DESATENTO A LAS CONDICIONES DE TRANSITO (CELULAR, PANTALLAS DE VIDEO, COMIDA, MAQUILLAJE O CUALQUIER OTRO ELEMENTO DISTRACTOR).",CHOQUE LATERAL,CAMION,0,0,0,1,0,0,0,0,0,1,0,0,0,2,31,HOMBRE,ILESO,CONDUCTOR PRESENTE,NO,SI,3
31204,130226,130227,2022,0,0,-0.360562,-78.349851,PICHINCHA,QUITO,PINTAG,RURAL,2022-08-05,15:40:00,15,VIERNES,5,AGOSTO,8,NO,CONDUCIR VEHICULO SUPERANDO LOS LIMITES MAXIMOS DE VELOCIDAD.,ESTRELLAMIENTOS,CAMIONETA,0,0,0,0,1,0,0,0,0,0,0,0,0,1,-1,NO IDENTIFICADO,NO IDENTIFICADO,CONDUCTOR AUSENTE,NO,NO,2
31205,130231,130232,2022,0,0,-0.414063,-78.800878,PICHINCHA,MEJIA,MANUEL CORNEJO ASTORGA,RURAL,2022-08-05,16:20:00,16,VIERNES,5,AGOSTO,8,NO,"NO RESPETAR LAS SENIALES REGLAMENTARIAS DE TRANSITO. (PARE, CEDA EL PASO, LUZ ROJA DEL SEMAFORO, ETC).",CHOQUE LATERAL,CAMION,0,0,0,2,0,0,0,0,0,0,0,0,0,2,-1,HOMBRE,ILESO,CONDUCTOR PRESENTE,NO,NO,3
31206,130243,130244,2022,0,1,-0.157901,-78.446501,PICHINCHA,QUITO,NAYON,RURAL,2022-08-05,18:50:00,18,VIERNES,5,AGOSTO,8,NO,CONDUCIR VEHICULO SUPERANDO LOS LIMITES MAXIMOS DE VELOCIDAD.,CHOQUE POSTERIOR,BUS,0,0,1,0,0,0,0,0,1,0,0,0,0,2,23,HOMBRE,FALLECIDO,CONDUCTOR PRESENTE,NO,NO,3
31207,130250,130251,2022,0,0,-0.313239,-78.522233,PICHINCHA,QUITO,QUITO,URBANA,2022-08-05,20:00:00,20,VIERNES,5,AGOSTO,8,NO,CONDUCIR VEHICULO SUPERANDO LOS LIMITES MAXIMOS DE VELOCIDAD.,CHOQUE POSTERIOR,AUTOMOVIL,2,0,0,0,0,0,0,0,0,0,0,0,0,2,38,HOMBRE,ILESO,CONDUCTOR PRESENTE,NO,NO,1
31208,130254,130255,2022,0,0,-0.210222,-78.502358,PICHINCHA,QUITO,QUITO,URBANA,2022-08-05,21:00:00,21,VIERNES,5,AGOSTO,8,NO,"NO RESPETAR LAS SENIALES REGLAMENTARIAS DE TRANSITO. (PARE, CEDA EL PASO, LUZ ROJA DEL SEMAFORO, ETC).",CHOQUE LATERAL,AUTOMOVIL,2,0,0,0,0,0,0,0,0,0,0,0,0,2,48,HOMBRE,ILESO,CONDUCTOR PRESENTE,NO,NO,1
31209,130259,130260,2022,0,1,-0.410187,-78.544063,PICHINCHA,MEJIA,TAMBILLO (MEJIA),RURAL,2022-08-05,21:40:00,21,VIERNES,5,AGOSTO,8,NO,"CONDUCIR DESATENTO A LAS CONDICIONES DE TRANSITO (CELULAR, PANTALLAS DE VIDEO, COMIDA, MAQUILLAJE O CUALQUIER OTRO ELEMENTO DISTRACTOR).",ATROPELLOS,NO IDENTIFICADO,0,0,0,0,0,0,0,0,0,1,0,0,0,1,-1,HOMBRE,FALLECIDO,PEATON,NO,SI,3
31210,130269,130270,2022,1,1,-0.288291,-78.443275,PICHINCHA,QUITO,ALANGASI,RURAL,2022-08-06,00:00:00,0,SABADO,6,AGOSTO,8,NO,REALIZAR CAMBIO BRUSCO O INDEBIDO DE CARRIL.,CHOQUE LATERAL,CAMIONETA,1,0,0,0,1,0,0,0,0,0,0,0,0,2,59,HOMBRE,FALLECIDO,CONDUCTOR PRESENTE,NO,NO,3
31211,130302,130303,2022,0,0,-0.515276,-78.575711,PICHINCHA,MEJIA,MACHACHI,RURAL,2022-08-06,14:30:00,14,SABADO,6,AGOSTO,8,NO,"CONDUCE BAJO LA INFLUENCIA DE ALCOHOL, SUSTANCIAS ESTUPEFACIENTES O PSICOTROPICAS Y/O MEDICAMENTOS.",PERDIDA DE PISTA,CAMIONETA,1,0,0,0,1,0,0,0,0,0,0,0,0,2,34,HOMBRE,ILESO,CONDUCTOR PRESENTE,NO,SI,3
31212,130304,130305,2022,0,1,-0.289921,-78.538739,PICHINCHA,QUITO,QUITO,URBANA,2022-08-06,16:00:00,16,SABADO,6,AGOSTO,8,NO,CONDUCIR VEHICULO SUPERANDO LOS LIMITES MAXIMOS DE VELOCIDAD.,CHOQUE POSTERIOR,MOTOCICLETA,0,0,0,0,0,0,0,0,1,1,0,0,0,2,23,MUJER,FALLECIDO,PASAJERO,NO,NO,1
31213,130306,130307,2022,0,0,-0.309194,-78.569621,PICHINCHA,QUITO,QUITO,URBANA,2022-08-06,16:10:00,16,SABADO,6,AGOSTO,8,NO,"CONDUCE BAJO LA INFLUENCIA DE ALCOHOL, SUSTANCIAS ESTUPEFACIENTES O PSICOTROPICAS Y/O MEDICAMENTOS.",CHOQUE LATERAL,FURGONETA,1,0,0,0,0,0,0,1,0,0,0,0,0,2,51,HOMBRE,ILESO,CONDUCTOR PRESENTE,NO,NO,1
31214,130311,130312,2022,0,0,-0.121862,-78.493946,PICHINCHA,QUITO,QUITO,URBANA,2022-08-06,17:10:00,17,SABADO,6,AGOSTO,8,NO,"FALLA MECANICA EN LOS SISTEMAS Y/O NEUMATICOS (SISTEMA DE FRENOS, DIRECCION, ELECTRONICO O MECANICO).",ESTRELLAMIENTOS,AUTOMOVIL,1,0,0,0,0,0,0,0,0,0,0,0,0,1,54,MUJER,ILESO,CONDUCTOR PRESENTE,NO,NO,1
31215,130322,130323,2022,1,0,-0.274391,-78.510812,PICHINCHA,QUITO,QUITO,URBANA,2022-08-06,20:20:00,20,SABADO,6,AGOSTO,8,NO,"CONDUCE BAJO LA INFLUENCIA DE ALCOHOL, SUSTANCIAS ESTUPEFACIENTES O PSICOTROPICAS Y/O MEDICAMENTOS.",CHOQUE POSTERIOR,MOTOCICLETA,1,0,0,0,0,0,0,0,1,0,0,0,0,2,39,HOMBRE,LESIONADO,CONDUCTOR PRESENTE,NO,NO,1
31216,130324,130325,2022,1,0,-0.418523,-78.550335,PICHINCHA,MEJIA,TAMBILLO (MEJIA),RURAL,2022-08-06,21:00:00,21,SABADO,6,AGOSTO,8,NO,"CONDUCIR DESATENTO A LAS CONDICIONES DE TRANSITO (CELULAR, PANTALLAS DE VIDEO, COMIDA, MAQUILLAJE O CUALQUIER OTRO ELEMENTO DISTRACTOR).",CHOQUE POSTERIOR,MOTOCICLETA,0,0,0,0,0,0,0,0,2,0,0,0,1,3,23,HOMBRE,LESIONADO,CONDUCTOR PRESENTE,NO,SI,3
31217,130331,130332,2022,0,0,-0.123807,-78.503544,PICHINCHA,QUITO,QUITO,URBANA,2022-08-06,22:30:00,22,SABADO,6,AGOSTO,8,NO,CONDUCIR VEHICULO SUPERANDO LOS LIMITES MAXIMOS DE VELOCIDAD.,ESTRELLAMIENTOS,AUTOMOVIL,1,0,0,0,0,0,0,0,0,0,0,0,0,1,-1,NO IDENTIFICADO,NO IDENTIFICADO,CONDUCTOR AUSENTE,NO,NO,2
31218,130338,130339,2022,1,0,-0.268347,-78.532159,PICHINCHA,QUITO,QUITO,URBANA,2022-08-07,00:05:00,0,DOMINGO,7,AGOSTO,8,NO,"CONDUCE BAJO LA INFLUENCIA DE ALCOHOL, SUSTANCIAS ESTUPEFACIENTES O PSICOTROPICAS Y/O MEDICAMENTOS.",CHOQUE LATERAL,MOTOCICLETA,1,0,0,0,0,0,0,0,1,0,0,0,0,2,32,HOMBRE,LESIONADO,CONDUCTOR PRESENTE,NO,NO,1
31219,130359,130360,2022,0,1,-0.071011,-78.456745,PICHINCHA,QUITO,POMASQUI,RURAL,2022-08-07,03:12:00,3,DOMINGO,7,AGOSTO,8,NO,"CONDICIONES AMBIENTALES Y/O ATMOSFERICAS (NIEBLA, NEBLINA, GRANIZO, LLUVIA).",ARROLLAMIENTOS,NO IDENTIFICADO,0,0,0,0,0,0,0,0,0,1,0,0,0,1,35,HOMBRE,FALLECIDO,PEATON,NO,NO,3
31220,130372,130373,2022,0,0,-0.290629,-78.527731,PICHINCHA,QUITO,QUITO,URBANA,2022-08-07,07:10:00,7,DOMINGO,7,AGOSTO,8,NO,CONDUCIR VEHICULO SUPERANDO LOS LIMITES MAXIMOS DE VELOCIDAD.,ESTRELLAMIENTOS,AUTOMOVIL,1,0,0,0,0,0,0,0,0,0,0,0,0,1,-1,NO IDENTIFICADO,NO IDENTIFICADO,CONDUCTOR AUSENTE,NO,NO,2
31221,130376,130377,2022,0,0,-0.268241,-78.546341,PICHINCHA,QUITO,QUITO,URBANA,2022-08-07,09:30:00,9,DOMINGO,7,AGOSTO,8,NO,CONDUCIR VEHICULO SUPERANDO LOS LIMITES MAXIMOS DE VELOCIDAD.,ESTRELLAMIENTOS,MOTOCICLETA,0,0,0,0,1,0,0,0,1,0,0,0,0,2,34,HOMBRE,ILESO,CONDUCTOR PRESENTE,NO,NO,1
31222,130380,130381,2022,1,0,-0.332583,-78.876111,PICHINCHA,MEJIA,MANUEL CORNEJO ASTORGA,RURAL,2022-08-07,10:15:00,10,DOMINGO,7,AGOSTO,8,NO,NO MANTENER LA DISTANCIA PRUDENCIAL CON RESPECTO AL VEHICULO QUE LE ANTECEDE.,CHOQUE POSTERIOR,CAMIONETA,0,0,0,0,1,0,0,0,0,1,0,0,0,2,-1,HOMBRE,LESIONADO,CONDUCTOR PRESENTE,NO,NO,3