,Unnamed: 0,ID,ANIO,LESIONADOS,FALLECIDOS,LATITUD_Y,LONGITUD_X,PROVINCIA,CANTON,PARROQUIA,ZONA,FECHA,HORA,PERIODO_2,DIA_1,DIA_2,MES_1,MES_2,FERIADO,CAUSA_PROBABLE,TIPO_DE_SINIESTRO,TIPO_DE_VEHICULO_1,AUTOMOVIL,BICICLETA,BUS,CAMION,CAMIONETA,EMERGENCIAS,ESPECIAL,FURGONETA,MOTOCICLETA,NO_IDENTIFICADO,SCOOTER_ELECTRICO,TRICIMOTO,VEHICULO_DEPORTIVO_UTILITARIO,SUMA_DE_VEHICULOS,EDAD_1,SEXO_1,CONDICION_1,PARTICIPANTE_1,CASCO_1,CINTURON_1,KMeans_Cluster
31223,130393,130394,2022,0,0,-0.274401,-78.536797,PICHINCHA,QUITO,QUITO,URBANA,2022-08-07,15:50:00,15,DOMINGO,7,AGOSTO,8,NO,CONDUCIR VEHICULO SUPERANDO LOS LIMITES MAXIMOS DE VELOCIDAD.,ESTRELLAMIENTOS,AUTOMOVIL,1,0,0,0,0,0,0,0,0,0,0,0,0,1,-1,NO IDENTIFICADO,NO IDENTIFICADO,CONDUCTOR AUSENTE,NO,NO,2
31224,130408,130409,2022,3,0,-0.062867,-78.352054,PICHINCHA,QUITO,GUAYLLABAMBA,RURAL,2022-08-07,20:15:00,20,DOMINGO,7,AGOSTO,8,NO,NO TRANSITAR POR LAS ACERAS O ZONAS DE SEGURIDAD DESTINADAS PARA EL EFECTO.,ATROPELLOS,AUTOMOVIL,2,0,0,0,0,0,0,0,0,0,0,0,0,2,33,HOMBRE,LESIONADO,PEATON,NO,NO,3
31225,130414,130415,2022,0,1,-0.398729,-78.531532,PICHINCHA,MEJIA,UYUMBICHO,RURAL,2022-08-07,21:15:00,21,DOMINGO,7,AGOSTO,8,NO,"CONDUCIR DESATENTO A LAS CONDICIONES DE TRANSITO (CELULAR, PANTALLAS DE VIDEO, COMIDA, MAQUILLAJE O CUALQUIER OTRO ELEMENTO DISTRACTOR).",ATROPELLOS,NO IDENTIFICADO,0,0,0,0,0,0,0,0,0,1,0,0,0,1,-1,HOMBRE,FALLECIDO,PEATON,NO,SI,3
31226,130438,130439,2022,6,1,-0.077253,-78.384547,PICHINCHA,QUITO,CALDERON (CARAPUNGO),RURAL,2022-08-08,06:30:00,6,LUNES,1,AGOSTO,8,NO,DANIOS MECANICOS PREVISIBLES.,PERDIDA DE CARRIL,BUS,0,0,1,0,0,0,0,0,0,0,0,0,0,1,65,HOMBRE,FALLECIDO,PASAJERO,NO,SI,3
31227,130441,130442,2022,0,0,-0.270522,-78.528647,PICHINCHA,QUITO,QUITO,URBANA,2022-08-08,09:30:00,9,LUNES,1,AGOSTO,8,NO,"NO RESPETAR LAS SENIALES REGLAMENTARIAS DE TRANSITO. (PARE, CEDA EL PASO, LUZ ROJA DEL SEMAFORO, ETC).",CHOQUE LATERAL,BUS,0,0,1,0,1,0,0,0,0,0,0,0,0,2,36,HOMBRE,ILESO,CONDUCTOR PRESENTE,NO,NO,1
31228,130446,130447,2022,1,0,-0.105745,-78.500883,PICHINCHA,QUITO,QUITO,URBANA,2022-08-08,12:00:00,12,LUNES,1,AGOSTO,8,NO,CONDUCIR VEHICULO SUPERANDO LOS LIMITES MAXIMOS DE VELOCIDAD.,PERDIDA DE CARRIL,MOTOCICLETA,0,0,0,0,0,0,0,0,1,0,0,0,0,1,21,HOMBRE,LESIONADO,CONDUCTOR PRESENTE,NO,NO,1
31229,130448,130449,2022,1,0,-0.371963,-78.502628,PICHINCHA,QUITO,AMAGUANIA,RURAL,2022-08-08,12:30:00,12,LUNES,1,AGOSTO,8,NO,BAJARSE O SUBIRSE DE VEHICULOS EN MOVIMIENTO SIN TOMAR LAS PRECAUCIONES DEBIDAS.,CAIDA DE PASAJERO,BUS,0,0,1,0,0,0,0,0,0,0,0,0,0,1,54,HOMBRE,LESIONADO,PASAJERO,NO,NO,3
31230,130452,130453,2022,3,0,-0.331312,-78.550422,PICHINCHA,QUITO,QUITO,URBANA,2022-08-08,13:15:00,13,LUNES,1,AGOSTO,8,NO,NO GUARDAR LA DISTANCIA LATERAL MINIMA DE SEGURIDAD ENTRE VEHICULOS.,ROZAMIENTOS,BUS,0,0,1,0,0,0,0,0,1,0,0,0,0,2,30,HOMBRE,LESIONADO,CONDUCTOR PRESENTE,NO,NO,1
31231,130461,130462,2022,2,0,-0.377057,-78.552346,PICHINCHA,MEJIA,CUTUGLAHUA,RURAL,2022-08-08,17:00:00,17,LUNES,1,AGOSTO,8,NO,"CONDUCIR DESATENTO A LAS CONDICIONES DE TRANSITO (CELULAR, PANTALLAS DE VIDEO, COMIDA, MAQUILLAJE O CUALQUIER OTRO ELEMENTO DISTRACTOR).",CHOQUE LATERAL,CAMION,1,0,0,1,0,0,0,0,0,0,0,0,0,2,52,MUJER,LESIONADO,PASAJERO,NO,SI,3
31232,130476,130477,2022,0,0,-0.271144,-78.536661,PICHINCHA,QUITO,QUITO,URBANA,2022-08-08,23:45:00,23,LUNES,1,AGOSTO,8,NO,CONDUCIR VEHICULO SUPERANDO LOS LIMITES MAXIMOS DE VELOCIDAD.,ESTRELLAMIENTOS,AUTOMOVIL,1,0,0,0,0,0,0,0,0,0,0,0,0,1,-1,NO IDENTIFICADO,NO IDENTIFICADO,CONDUCTOR AUSENTE,NO,NO,2
31233,130478,130479,2022,0,0,-0.371049,-78.485141,PICHINCHA,QUITO,AMAGUANIA,RURAL,2022-08-09,01:50:00,1,MARTES,2,AGOSTO,8,NO,CONDUCIR EN SENTIDO CONTRARIO A LA VIA NORMAL DE CIRCULACION.,CHOQUE FRONTAL,CAMION,0,0,0,1,0,0,0,0,0,0,0,0,1,2,25,HOMBRE,ILESO,CONDUCTOR PRESENTE,NO,SI,3
31234,130481,130482,2022,1,0,-0.368989,-78.528781,PICHINCHA,MEJIA,CUTUGLAHUA,RURAL,2022-08-09,05:00:00,5,MARTES,2,AGOSTO,8,NO,"CONDUCIR DESATENTO A LAS CONDICIONES DE TRANSITO (CELULAR, PANTALLAS DE VIDEO, COMIDA, MAQUILLAJE O CUALQUIER OTRO ELEMENTO DISTRACTOR).",CHOQUE LATERAL,CAMION,0,0,0,1,0,0,0,0,1,0,0,0,0,2,24,HOMBRE,LESIONADO,CONDUCTOR PRESENTE,NO,SI,3
31235,130494,130495,2022,1,0,-0.127749,-78.502503,PICHINCHA,QUITO,QUITO,URBANA,2022-08-09,12:35:00,12,MARTES,2,AGOSTO,8,NO,"NO RESPETAR LAS SENIALES REGLAMENTARIAS DE TRANSITO. (PARE, CEDA EL PASO, LUZ ROJA DEL SEMAFORO, ETC).",CHOQUE LATERAL,MOTOCICLETA,1,0,0,0,0,0,0,0,1,0,0,0,0,2,25,HOMBRE,LESIONADO,CONDUCTOR PRESENTE,NO,NO,1
31236,130501,130502,2022,0,0,-0.123675,-78.500527,PICHINCHA,QUITO,QUITO,URBANA,2022-08-09,16:50:00,16,MARTES,2,AGOSTO,8,NO,"NO RESPETAR LAS SENIALES REGLAMENTARIAS DE TRANSITO. (PARE, CEDA EL PASO, LUZ ROJA DEL SEMAFORO, ETC).",CHOQUE LATERAL,AUTOMOVIL,2,0,0,0,0,0,0,0,0,0,0,0,0,2,60,HOMBRE,ILESO,CONDUCTOR PRESENTE,NO,NO,1
31237,130503,130504,2022,1,0,-0.350407,-78.463318,PICHINCHA,RUMINIAHUI,SANGOLQUI,RURAL,2022-08-09,17:20:00,17,MARTES,2,AGOSTO,8,NO,"CONDUCIR DESATENTO A LAS CONDICIONES DE TRANSITO (CELULAR, PANTALLAS DE VIDEO, COMIDA, MAQUILLAJE O CUALQUIER OTRO ELEMENTO DISTRACTOR).",CHOQUE FRONTAL,MOTOCICLETA,1,0,0,0,0,0,0,0,1,0,0,0,0,2,36,HOMBRE,LESIONADO,CONDUCTOR PRESENTE,NO,SI,3
31238,130525,130526,2022,0,0,-0.116675,-78.473521,PICHINCHA,QUITO,QUITO,URBANA,2022-08-10,08:00:00,8,MIERCOLES,3,AGOSTO,8,NO,"NO RESPETAR LAS SENIALES REGLAMENTARIAS DE TRANSITO. (PARE, CEDA EL PASO, LUZ ROJA DEL SEMAFORO, ETC).",ESTRELLAMIENTOS,AUTOMOVIL,1,0,0,0,0,0,0,0,0,0,0,0,0,1,68,HOMBRE,ILESO,CONDUCTOR PRESENTE,NO,NO,1
31239,130529,130530,2022,0,1,-0.245146,-78.514071,PICHINCHA,QUITO,QUITO,URBANA,2022-08-10,09:10:00,9,MIERCOLES,3,AGOSTO,8,NO,"NO RESPETAR LAS SENIALES REGLAMENTARIAS DE TRANSITO. (PARE, CEDA EL PASO, LUZ ROJA DEL SEMAFORO, ETC).",ARROLLAMIENTOS,BUS,0,0,1,0,0,0,0,0,0,0,0,0,0,1,38,HOMBRE,FALLECIDO,PEATON,NO,NO,1
31240,130535,130536,2022,0,1,-0.465001,-78.578167,PICHINCHA,MEJIA,ALOAG,RURAL,2022-08-10,13:00:00,13,MIERCOLES,3,AGOSTO,8,NO,NO MANTENER LA DISTANCIA PRUDENCIAL CON RESPECTO AL VEHICULO QUE LE ANTECEDE.,CHOQUE POSTERIOR,MOTOCICLETA,0,0,0,0,0,0,0,0,1,1,0,0,0,2,-1,HOMBRE,FALLECIDO,CONDUCTOR PRESENTE,NO,NO,3
31241,130542,130543,2022,1,0,-0.293754,-78.477396,PICHINCHA,QUITO,CONOCOTO,RURAL,2022-08-10,14:05:00,14,MIERCOLES,3,AGOSTO,8,NO,NO TRANSITAR POR LAS ACERAS O ZONAS DE SEGURIDAD DESTINADAS PARA EL EFECTO.,ATROPELLOS,AUTOMOVIL,1,0,0,0,0,0,0,0,0,0,0,0,0,1,47,MUJER,LESIONADO,PEATON,NO,NO,3
31242,130550,130551,2022,0,0,-0.333474,-78.519751,PICHINCHA,QUITO,QUITO,URBANA,2022-08-10,16:25:00,16,MIERCOLES,3,AGOSTO,8,NO,NO CEDER EL DERECHO DE VIA O PREFERENCIA DE PASO A VEHICULOS.,CHOQUE LATERAL,AUTOMOVIL,2,0,0,0,0,0,0,0,0,0,0,0,0,2,25,HOMBRE,ILESO,CONDUCTOR PRESENTE,NO,NO,1
31243,130555,130556,2022,1,0,-0.304092,-78.541456,PICHINCHA,QUITO,QUITO,URBANA,2022-08-10,19:20:00,19,MIERCOLES,3,AGOSTO,8,NO,"NO RESPETAR LAS SENIALES REGLAMENTARIAS DE TRANSITO. (PARE, CEDA EL PASO, LUZ ROJA DEL SEMAFORO, ETC).",CAIDA DE PASAJERO,BUS,0,0,1,0,0,0,0,0,0,0,0,0,0,1,76,MUJER,LESIONADO,PASAJERO,NO,NO,1
31244,130560,130561,2022,2,0,-0.092195,-78.499495,PICHINCHA,QUITO,QUITO,URBANA,2022-08-10,20:40:00,20,MIERCOLES,3,AGOSTO,8,NO,"CONDUCE BAJO LA INFLUENCIA DE ALCOHOL, SUSTANCIAS ESTUPEFACIENTES O PSICOTROPICAS Y/O MEDICAMENTOS.",CHOQUE POSTERIOR,MOTOCICLETA,1,0,0,0,0,0,0,0,1,0,0,0,0,2,22,HOMBRE,LESIONADO,CONDUCTOR PRESENTE,NO,NO,1
31245,130564,130565,2022,1,0,-0.091757,-78.441797,PICHINCHA,QUITO,CALDERON (CARAPUNGO),RURAL,2022-08-10,22:10:00,22,MIERCOLES,3,AGOSTO,8,NO,"NO RESPETAR LAS SENIALES REGLAMENTARIAS DE TRANSITO. (PARE, CEDA EL PASO, LUZ ROJA DEL SEMAFORO, ETC).",OTROS,MOTOCICLETA,1,0,0,0,0,0,0,0,1,0,0,0,0,2,25,HOMBRE,LESIONADO,CONDUCTOR PRESENTE,NO,NO,3
31246,130566,130567,2022,0,0,-0.193175,-78.476906,PICHINCHA,QUITO,QUITO,URBANA,2022-08-10,23:00:00,23,MIERCOLES,3,AGOSTO,8,NO,CONDUCIR VEHICULO SUPERANDO LOS LIMITES MAXIMOS DE VELOCIDAD.,ESTRELLAMIENTOS,AUTOMOVIL,1,0,0,0,0,0,0,0,0,0,0,0,0,1,-1,NO IDENTIFICADO,NO IDENTIFICADO,CONDUCTOR AUSENTE,NO,NO,2
31247,130572,130573,2022,0,0,-0.197742,-78.500059,PICHINCHA,QUITO,QUITO,URBANA,2022-08-11,05:50:00,5,JUEVES,4,AGOSTO,8,NO,"NO RESPETAR LAS SENIALES REGLAMENTARIAS DE TRANSITO. (PARE, CEDA EL PASO, LUZ ROJA DEL SEMAFORO, ETC).",CHOQUE LATERAL,FURGONETA,1,0,0,0,0,0,0,1,0,0,0,0,0,2,60,HOMBRE,ILESO,CONDUCTOR PRESENTE,NO,NO,1
31248,130573,130574,2022,1,0,-0.205027,-78.501458,PICHINCHA,QUITO,QUITO,URBANA,2022-08-11,06:00:00,6,JUEVES,4,AGOSTO,8,NO,"CONDUCIR EN ESTADO DE SOMNOLENCIA O MALAS CONDICIONES FISICAS (SUENIO, CANSANCIO Y FATIGA).",ESTRELLAMIENTOS,CAMIONETA,1,0,0,0,1,0,0,0,0,0,0,0,0,2,27,HOMBRE,LESIONADO,CONDUCTOR PRESENTE,NO,NO,1
31249,130586,130587,2022,3,0,-0.239123,-78.523413,PICHINCHA,QUITO,QUITO,URBANA,2022-08-11,11:40:00,11,JUEVES,4,AGOSTO,8,NO,"NO RESPETAR LAS SENIALES REGLAMENTARIAS DE TRANSITO. (PARE, CEDA EL PASO, LUZ ROJA DEL SEMAFORO, ETC).",CHOQUE LATERAL,BUS,1,0,1,0,0,0,0,0,0,0,0,0,0,2,39,HOMBRE,LESIONADO,CONDUCTOR PRESENTE,NO,NO,1
31250,130588,130589,2022,0,0,0.025692,-78.642569,PICHINCHA,QUITO,NONO,RURAL,2022-08-11,11:45:00,11,JUEVES,4,AGOSTO,8,NO,"CONDUCIR DESATENTO A LAS CONDICIONES DE TRANSITO (CELULAR, PANTALLAS DE VIDEO, COMIDA, MAQUILLAJE O CUALQUIER OTRO ELEMENTO DISTRACTOR).",CHOQUE FRONTAL,VEHICULO DEPORTIVO UTILITARIO,0,0,0,0,0,0,0,0,0,0,0,0,1,1,77,HOMBRE,ILESO,CONDUCTOR PRESENTE,NO,SI,3
31251,130602,130603,2022,0,1,0.083819,-79.054635,PICHINCHA,PEDRO VICENTE MALDONADO,PEDRO VICENTE MALDONADO,RURAL,2022-08-11,19:30:00,19,JUEVES,4,AGOSTO,8,NO,"CONDUCIR DESATENTO A LAS CONDICIONES DE TRANSITO (CELULAR, PANTALLAS DE VIDEO, COMIDA, MAQUILLAJE O CUALQUIER OTRO ELEMENTO DISTRACTOR).",CHOQUE LATERAL,CAMION,0,0,0,1,0,0,0,0,1,0,0,0,0,2,31,HOMBRE,FALLECIDO,CONDUCTOR PRESENTE,NO,SI,3
31252,130605,130606,2022,1,0,-0.190011,-78.496887,PICHINCHA,QUITO,QUITO,URBANA,2022-08-11,20:30:00,20,JUEVES,4,AGOSTO,8,NO,"NO RESPETAR LAS SENIALES REGLAMENTARIAS DE TRANSITO. (PARE, CEDA EL PASO, LUZ ROJA DEL SEMAFORO, ETC).",CHOQUE LATERAL,MOTOCICLETA,0,0,0,0,0,0,0,0,1,1,0,0,0,2,24,HOMBRE,LESIONADO,CONDUCTOR PRESENTE,NO,NO,1
31253,130616,130617,2022,1,0,-0.131547,-78.469159,PICHINCHA,QUITO,QUITO,URBANA,2022-08-11,22:55:00,22,JUEVES,4,AGOSTO,8,NO,"NO RESPETAR LAS SENIALES REGLAMENTARIAS DE TRANSITO. (PARE, CEDA EL PASO, LUZ ROJA DEL SEMAFORO, ETC).",CHOQUE LATERAL,MOTOCICLETA,1,0,0,0,0,0,0,0,1,0,0,0,0,2,22,HOMBRE,LESIONADO,PASAJERO,NO,NO,1
31254,130617,130618,2022,0,0,-0.261843,-78.481385,PICHINCHA,QUITO,CONOCOTO,RURAL,2022-08-11,23:00:00,23,JUEVES,4,AGOSTO,8,NO,"CONDUCE BAJO LA INFLUENCIA DE ALCOHOL, SUSTANCIAS ESTUPEFACIENTES O PSICOTROPICAS Y/O MEDICAMENTOS.",CHOQUE POSTERIOR,AUTOMOVIL,2,0,0,0,0,0,0,0,0,0,0,0,0,2,43,HOMBRE,ILESO,CONDUCTOR PRESENTE,NO,NO,3
31255,130618,130619,2022,0,0,-0.209528,-78.511729,PICHINCHA,QUITO,QUITO,URBANA,2022-08-11,23:30:00,23,JUEVES,4,AGOSTO,8,NO,"CONDUCE BAJO LA INFLUENCIA DE ALCOHOL, SUSTANCIAS ESTUPEFACIENTES O PSICOTROPICAS Y/O MEDICAMENTOS.",ROZAMIENTOS,AUTOMOVIL,2,0,0,0,0,0,0,0,0,0,0,0,0,2,49,HOMBRE,ILESO,CONDUCTOR PRESENTE,NO,NO,1
31256,130621,130622,2022,0,0,-0.441155,-78.742135,PICHINCHA,MEJIA,MANUEL CORNEJO ASTORGA,RURAL,2022-08-11,23:45:00,23,JUEVES,4,AGOSTO,8,NO,CONDUCIR EN SENTIDO CONTRARIO A LA VIA NORMAL DE CIRCULACION.,CHOQUE FRONTAL,BUS,0,0,1,1,0,0,0,0,0,0,0,0,0,2,-1,HOMBRE,ILESO,CONDUCTOR PRESENTE,NO,NO,3
31257,130623,130624,2022,0,0,-0.115953,-78.479499,PICHINCHA,QUITO,QUITO,URBANA,2022-08-12,00:01:00,0,VIERNES,5,AGOSTO,8,SI,"NO RESPETAR LAS SENIALES REGLAMENTARIAS DE TRANSITO. (PARE, CEDA EL PASO, LUZ ROJA DEL SEMAFORO, ETC).",CHOQUE LATERAL,AUTOMOVIL,2,0,0,0,0,0,0,0,0,0,0,0,0,2,32,HOMBRE,ILESO,CONDUCTOR PRESENTE,NO,NO,1
31258,130628,130629,2022,0,0,-0.190046,-78.488111,PICHINCHA,QUITO,QUITO,URBANA,2022-08-12,00:30:00,0,VIERNES,5,AGOSTO,8,SI,NO CEDER EL DERECHO DE VIA O PREFERENCIA DE PASO A VEHICULOS.,CHOQUE LATERAL,AUTOMOVIL,2,0,0,0,0,0,0,0,0,0,0,0,0,2,30,HOMBRE,ILESO,CONDUCTOR PRESENTE,NO,NO,1
31259,130631,130632,2022,1,0,-0.260622,-78.546355,PICHINCHA,QUITO,QUITO,URBANA,2022-08-12,01:45:00,1,VIERNES,5,AGOSTO,8,SI,"CASO FORTUITO O FUERZA MAYOR (EXPLOSION DE NEUMATICO NUEVO, DERRUMBE, INUNDACION, CAIDA DE PUENTE, ARBOL, PRESENCIA INTEMPESTIVA E IMPREVISTA DE SEMOVIENTES EN LA VIA, ETC.).",PERDIDA DE CARRIL,MOTOCICLETA,0,0,0,0,0,0,0,0,1,0,0,0,0,1,27,HOMBRE,LESIONADO,PASAJERO,NO,NO,1
31260,130632,130633,2022,0,0,-0.235018,-78.490512,PICHINCHA,QUITO,QUITO,URBANA,2022-08-12,02:05:00,2,VIERNES,5,AGOSTO,8,SI,NO CEDER EL DERECHO DE VIA O PREFERENCIA DE PASO A VEHICULOS.,CHOQUE LATERAL,AUTOMOVIL,2,0,0,0,0,0,0,0,0,0,0,0,0,2,38,HOMBRE,ILESO,CONDUCTOR PRESENTE,NO,NO,1
31261,130633,130634,2022,0,0,-0.214495,-78.442013,PICHINCHA,QUITO,CUMBAYA,RURAL,2022-08-12,02:15:00,2,VIERNES,5,AGOSTO,8,SI,CONDUCIR VEHICULO SUPERANDO LOS LIMITES MAXIMOS DE VELOCIDAD.,ESTRELLAMIENTOS,AUTOMOVIL,1,0,0,0,0,0,0,0,0,0,0,0,0,1,72,HOMBRE,ILESO,CONDUCTOR PRESENTE,NO,NO,3
31262,130635,130636,2022,1,0,-0.214143,-78.442436,PICHINCHA,QUITO,CUMBAYA,RURAL,2022-08-12,04:40:00,4,VIERNES,5,AGOSTO,8,SI,"CONDICIONES AMBIENTALES Y/O ATMOSFERICAS (NIEBLA, NEBLINA, GRANIZO, LLUVIA).",PERDIDA DE CARRIL,MOTOCICLETA,0,0,0,0,0,0,0,0,1,0,0,0,0,1,23,HOMBRE,LESIONADO,CONDUCTOR PRESENTE,NO,NO,3
31263,130637,130638,2022,2,1,-0.183468,-78.508981,PICHINCHA,QUITO,QUITO,URBANA,2022-08-12,05:20:00,5,VIERNES,5,AGOSTO,8,SI,CONDUCIR VEHICULO SUPERANDO LOS LIMITES MAXIMOS DE VELOCIDAD.,OTROS,AUTOMOVIL,2,0,0,0,0,0,0,0,0,0,0,0,0,2,30,HOMBRE,FALLECIDO,CONDUCTOR PRESENTE,NO,NO,1
31264,130638,130639,2022,0,0,-0.252246,-78.530978,PICHINCHA,QUITO,QUITO,URBANA,2022-08-12,05:50:00,5,VIERNES,5,AGOSTO,8,SI,"NO RESPETAR LAS SENIALES REGLAMENTARIAS DE TRANSITO. (PARE, CEDA EL PASO, LUZ ROJA DEL SEMAFORO, ETC).",ESTRELLAMIENTOS,AUTOMOVIL,1,0,0,0,0,0,0,0,0,0,0,0,0,1,-1,NO IDENTIFICADO,NO IDENTIFICADO,CONDUCTOR AUSENTE,NO,NO,2
31265,130644,130645,2022,0,0,-0.193451,-78.467215,PICHINCHA,QUITO,QUITO,URBANA,2022-08-12,08:00:00,8,VIERNES,5,AGOSTO,8,SI,CONDUCIR VEHICULO SUPERANDO LOS LIMITES MAXIMOS DE VELOCIDAD.,OTROS,AUTOMOVIL,4,0,0,0,0,0,0,0,0,0,0,0,0,4,43,HOMBRE,ILESO,CONDUCTOR PRESENTE,NO,NO,1
31266,130646,130647,2022,0,0,-0.190369,-78.454671,PICHINCHA,QUITO,QUITO,URBANA,2022-08-12,08:35:00,8,VIERNES,5,AGOSTO,8,SI,CONDUCIR VEHICULO SUPERANDO LOS LIMITES MAXIMOS DE VELOCIDAD.,COLISION,CAMIONETA,2,0,0,0,1,0,0,0,0,0,0,0,0,3,39,HOMBRE,ILESO,CONDUCTOR PRESENTE,NO,NO,1
31267,130647,130648,2022,0,0,-0.141845,-78.443054,PICHINCHA,QUITO,LLANO CHICO,RURAL,2022-08-12,08:47:00,8,VIERNES,5,AGOSTO,8,SI,"ADELANTAR O REBASAR A OTRO VEHICULO EN MOVIMIENTO EN ZONAS O SITIOS PELIGROSOS TALES COMO: CURVAS, PUENTES, TUNELES, PENDIENTES, ETC.",ROZAMIENTOS,AUTOMOVIL,2,0,0,0,0,0,0,0,0,0,0,0,0,2,29,HOMBRE,ILESO,CONDUCTOR PRESENTE,NO,NO,3
31268,130658,130659,2022,1,0,-0.124479,-78.521595,PICHINCHA,QUITO,QUITO,URBANA,2022-08-12,12:45:00,12,VIERNES,5,AGOSTO,8,SI,NO TRANSITAR POR LAS ACERAS O ZONAS DE SEGURIDAD DESTINADAS PARA EL EFECTO.,ATROPELLOS,AUTOMOVIL,1,0,0,0,0,0,0,0,0,0,0,0,0,1,28,HOMBRE,LESIONADO,PEATON,NO,NO,1
31269,130667,130668,2022,0,1,-0.193419,-78.464672,PICHINCHA,QUITO,QUITO,URBANA,2022-08-12,15:35:00,15,VIERNES,5,AGOSTO,8,SI,CONDUCIR VEHICULO SUPERANDO LOS LIMITES MAXIMOS DE VELOCIDAD.,OTROS,MOTOCICLETA,0,0,0,0,0,0,0,1,1,0,0,0,0,2,23,HOMBRE,FALLECIDO,CONDUCTOR PRESENTE,NO,NO,1
31270,130669,130670,2022,0,0,-0.332791,-78.870308,PICHINCHA,MEJIA,MANUEL CORNEJO ASTORGA,RURAL,2022-08-12,17:15:00,17,VIERNES,5,AGOSTO,8,SI,"CONDUCIR DESATENTO A LAS CONDICIONES DE TRANSITO (CELULAR, PANTALLAS DE VIDEO, COMIDA, MAQUILLAJE O CUALQUIER OTRO ELEMENTO DISTRACTOR).",ESTRELLAMIENTOS,AUTOMOVIL,2,0,0,0,0,0,0,0,0,0,0,0,0,2,42,MUJER,ILESO,CONDUCTOR PRESENTE,NO,NO,3
31271,130675,130676,2022,3,0,-0.206775,-78.381107,PICHINCHA,QUITO,TUMBACO,RURAL,2022-08-12,18:50:00,18,VIERNES,5,AGOSTO,8,SI,NO CEDER EL DERECHO DE VIA O PREFERENCIA DE PASO A VEHICULOS.,CHOQUE LATERAL,MOTOCICLETA,1,0,0,0,0,0,0,0,1,0,0,0,0,2,24,HOMBRE,LESIONADO,CONDUCTOR PRESENTE,NO,NO,3
31272,130686,130687,2022,0,0,-0.113128,-78.419267,PICHINCHA,QUITO,CALDERON (CARAPUNGO),RURAL,2022-08-12,21:15:00,21,VIERNES,5,AGOSTO,8,SI,CONDUCIR VEHICULO SUPERANDO LOS LIMITES MAXIMOS DE VELOCIDAD.,ESTRELLAMIENTOS,AUTOMOVIL,1,0,0,0,0,0,0,0,0,0,0,0,0,1,-1,NO IDENTIFICADO,NO IDENTIFICADO,CONDUCTOR AUSENTE,NO,NO,2
31273,130695,130696,2022,0,0,-0.141299,-78.356717,PICHINCHA,QUITO,TABABELA,RURAL,2022-08-12,23:00:00,23,VIERNES,5,AGOSTO,8,SI,CONDUCIR VEHICULO SUPERANDO LOS LIMITES MAXIMOS DE VELOCIDAD.,CHOQUE POSTERIOR,AUTOMOVIL,2,0,0,0,0,0,0,0,0,0,0,0,0,2,38,HOMBRE,ILESO,CONDUCTOR PRESENTE,NO,NO,3
31274,130698,130699,2022,0,0,-0.377974,-78.502807,PICHINCHA,QUITO,AMAGUANIA,RURAL,2022-08-12,23:26:00,23,VIERNES,5,AGOSTO,8,SI,"CONDUCE BAJO LA INFLUENCIA DE ALCOHOL, SUSTANCIAS ESTUPEFACIENTES O PSICOTROPICAS Y/O MEDICAMENTOS.",CHOQUE POSTERIOR,VEHICULO DEPORTIVO UTILITARIO,1,0,0,0,0,0,0,0,0,0,0,0,1,2,27,HOMBRE,ILESO,CONDUCTOR PRESENTE,NO,SI,3
31275,130704,130705,2022,0,0,-0.345264,-78.557205,PICHINCHA,QUITO,QUITO,URBANA,2022-08-13,00:15:00,0,SABADO,6,AGOSTO,8,SI,CONDUCIR VEHICULO SUPERANDO LOS LIMITES MAXIMOS DE VELOCIDAD.,ESTRELLAMIENTOS,AUTOMOVIL,1,0,0,0,0,0,0,0,0,0,0,0,0,1,-1,NO IDENTIFICADO,NO IDENTIFICADO,CONDUCTOR AUSENTE,NO,NO,2
31276,130709,130710,2022,1,0,-0.230075,-78.522914,PICHINCHA,QUITO,QUITO,URBANA,2022-08-13,02:20:00,2,SABADO,6,AGOSTO,8,SI,CONDUCIR VEHICULO SUPERANDO LOS LIMITES MAXIMOS DE VELOCIDAD.,PERDIDA DE CARRIL,MOTOCICLETA,0,0,0,0,0,0,0,0,1,0,0,0,0,1,25,HOMBRE,LESIONADO,CONDUCTOR PRESENTE,NO,NO,1
31277,130710,130711,2022,0,0,-0.227307,-78.492495,PICHINCHA,QUITO,QUITO,URBANA,2022-08-13,03:40:00,3,SABADO,6,AGOSTO,8,SI,CONDUCIR VEHICULO SUPERANDO LOS LIMITES MAXIMOS DE VELOCIDAD.,PERDIDA DE CARRIL,AUTOMOVIL,1,0,0,0,0,0,0,0,0,0,0,0,0,1,-1,NO IDENTIFICADO,NO IDENTIFICADO,CONDUCTOR AUSENTE,NO,NO,2
31278,130726,130727,2022,1,0,-0.282213,-78.545311,PICHINCHA,QUITO,QUITO,URBANA,2022-08-13,09:40:00,9,SABADO,6,AGOSTO,8,SI,CONDUCIR VEHICULO SUPERANDO LOS LIMITES MAXIMOS DE VELOCIDAD.,OTROS,MOTOCICLETA,0,0,0,0,0,0,0,0,1,0,0,0,0,1,28,HOMBRE,LESIONADO,CONDUCTOR PRESENTE,NO,NO,1
31279,130729,130730,2022,1,0,-0.216202,-78.490945,PICHINCHA,QUITO,QUITO,URBANA,2022-08-13,10:20:00,10,SABADO,6,AGOSTO,8,SI,CONDUCIR VEHICULO SUPERANDO LOS LIMITES MAXIMOS DE VELOCIDAD.,PERDIDA DE CARRIL,MOTOCICLETA,0,0,0,0,0,0,0,0,1,0,0,0,0,1,28,HOMBRE,LESIONADO,CONDUCTOR PRESENTE,NO,NO,1