,Unnamed: 0,ID,ANIO,LESIONADOS,FALLECIDOS,LATITUD_Y,LONGITUD_X,PROVINCIA,CANTON,PARROQUIA,ZONA,FECHA,HORA,PERIODO_2,DIA_1,DIA_2,MES_1,MES_2,FERIADO,CAUSA_PROBABLE,TIPO_DE_SINIESTRO,TIPO_DE_VEHICULO_1,AUTOMOVIL,BICICLETA,BUS,CAMION,CAMIONETA,EMERGENCIAS,ESPECIAL,FURGONETA,MOTOCICLETA,NO_IDENTIFICADO,SCOOTER_ELECTRICO,TRICIMOTO,VEHICULO_DEPORTIVO_UTILITARIO,SUMA_DE_VEHICULOS,EDAD_1,SEXO_1,CONDICION_1,PARTICIPANTE_1,CASCO_1,CINTURON_1,KMeans_Cluster
31280,130732,130733,2022,0,0,-0.130811,-78.311076,PICHINCHA,QUITO,CHECA (CHILPA),RURAL,2022-08-13,10:50:00,10,SABADO,6,AGOSTO,8,SI,"CONDUCIR DESATENTO A LAS CONDICIONES DE TRANSITO (CELULAR, PANTALLAS DE VIDEO, COMIDA, MAQUILLAJE O CUALQUIER OTRO ELEMENTO DISTRACTOR).",CHOQUE FRONTAL,VEHICULO DEPORTIVO UTILITARIO,1,0,0,0,0,0,0,0,0,0,0,0,1,2,76,HOMBRE,ILESO,CONDUCTOR PRESENTE,NO,SI,3
31281,130739,130740,2022,1,0,-0.233907,-78.339573,PICHINCHA,QUITO,PIFO,RURAL,2022-08-13,13:45:00,13,SABADO,6,AGOSTO,8,SI,"CONDUCE BAJO LA INFLUENCIA DE ALCOHOL, SUSTANCIAS ESTUPEFACIENTES O PSICOTROPICAS Y/O MEDICAMENTOS.",CHOQUE POSTERIOR,MOTOCICLETA,1,0,0,0,0,0,0,0,1,0,0,0,0,2,30,HOMBRE,LESIONADO,CONDUCTOR PRESENTE,NO,NO,3
31282,130755,130756,2022,0,0,-0.358947,-78.534579,PICHINCHA,QUITO,QUITO,RURAL,2022-08-13,18:30:00,18,SABADO,6,AGOSTO,8,SI,"CONDUCIR DESATENTO A LAS CONDICIONES DE TRANSITO (CELULAR, PANTALLAS DE VIDEO, COMIDA, MAQUILLAJE O CUALQUIER OTRO ELEMENTO DISTRACTOR).",CHOQUE LATERAL,VEHICULO DEPORTIVO UTILITARIO,0,0,0,0,0,0,0,0,0,0,0,0,2,2,58,HOMBRE,ILESO,CONDUCTOR PRESENTE,NO,SI,3
31283,130777,130778,2022,2,0,-0.091685,-78.472408,PICHINCHA,QUITO,QUITO,URBANA,2022-08-13,22:05:00,22,SABADO,6,AGOSTO,8,SI,NO MANTENER LA DISTANCIA PRUDENCIAL CON RESPECTO AL VEHICULO QUE LE ANTECEDE.,CHOQUE POSTERIOR,MOTOCICLETA,0,0,0,0,0,0,0,0,1,1,0,0,0,2,28,HOMBRE,LESIONADO,CONDUCTOR PRESENTE,NO,NO,1
31284,130790,130791,2022,0,0,-0.237555,-78.509107,PICHINCHA,QUITO,QUITO,URBANA,2022-08-14,01:00:00,1,DOMINGO,7,AGOSTO,8,SI,"NO RESPETAR LAS SENIALES REGLAMENTARIAS DE TRANSITO. (PARE, CEDA EL PASO, LUZ ROJA DEL SEMAFORO, ETC).",OTROS,MOTOCICLETA,0,0,0,0,0,0,0,0,1,0,0,0,0,1,-1,NO IDENTIFICADO,NO IDENTIFICADO,CONDUCTOR AUSENTE,NO,NO,2
31285,130795,130796,2022,0,0,-0.310501,-78.546201,PICHINCHA,QUITO,QUITO,URBANA,2022-08-14,01:40:00,1,DOMINGO,7,AGOSTO,8,SI,"NO RESPETAR LAS SENIALES REGLAMENTARIAS DE TRANSITO. (PARE, CEDA EL PASO, LUZ ROJA DEL SEMAFORO, ETC).",ESTRELLAMIENTOS,AUTOMOVIL,1,0,0,0,0,0,0,0,0,0,0,0,0,1,39,HOMBRE,ILESO,CONDUCTOR PRESENTE,NO,NO,1
31286,130801,130802,2022,0,0,-0.076738,-78.379998,PICHINCHA,QUITO,CALDERON (CARAPUNGO),RURAL,2022-08-14,03:00:00,3,DOMINGO,7,AGOSTO,8,SI,"CONDUCIR DESATENTO A LAS CONDICIONES DE TRANSITO (CELULAR, PANTALLAS DE VIDEO, COMIDA, MAQUILLAJE O CUALQUIER OTRO ELEMENTO DISTRACTOR).",PERDIDA DE CARRIL,AUTOMOVIL,1,0,0,0,0,0,0,0,0,0,0,0,0,1,-1,NO IDENTIFICADO,NO IDENTIFICADO,CONDUCTOR AUSENTE,NO,SI,2
31287,130802,130803,2022,0,0,-0.188996,-78.482722,PICHINCHA,QUITO,QUITO,URBANA,2022-08-14,03:15:00,3,DOMINGO,7,AGOSTO,8,SI,"NO RESPETAR LAS SENIALES REGLAMENTARIAS DE TRANSITO. (PARE, CEDA EL PASO, LUZ ROJA DEL SEMAFORO, ETC).",ESTRELLAMIENTOS,AUTOMOVIL,1,0,0,0,0,0,0,0,0,0,0,0,0,1,-1,NO IDENTIFICADO,NO IDENTIFICADO,CONDUCTOR AUSENTE,NO,NO,2
31288,130804,130805,2022,0,0,-0.268601,-78.532601,PICHINCHA,QUITO,QUITO,URBANA,2022-08-14,04:00:00,4,DOMINGO,7,AGOSTO,8,SI,"NO RESPETAR LAS SENIALES REGLAMENTARIAS DE TRANSITO. (PARE, CEDA EL PASO, LUZ ROJA DEL SEMAFORO, ETC).",ESTRELLAMIENTOS,AUTOMOVIL,1,0,0,0,0,0,0,0,0,0,0,0,0,1,-1,NO IDENTIFICADO,NO IDENTIFICADO,CONDUCTOR AUSENTE,NO,NO,2
31289,130811,130812,2022,1,0,-0.445465,-78.632546,PICHINCHA,MEJIA,ALOAG,RURAL,2022-08-14,04:20:00,4,DOMINGO,7,AGOSTO,8,SI,"CONDUCIR DESATENTO A LAS CONDICIONES DE TRANSITO (CELULAR, PANTALLAS DE VIDEO, COMIDA, MAQUILLAJE O CUALQUIER OTRO ELEMENTO DISTRACTOR).",PERDIDA DE CARRIL,MOTOCICLETA,0,0,0,0,0,0,0,0,1,0,0,0,0,1,-1,HOMBRE,LESIONADO,CONDUCTOR PRESENTE,NO,NO,3
31290,130817,130818,2022,1,0,-0.258881,-78.494565,PICHINCHA,QUITO,CONOCOTO,RURAL,2022-08-14,05:45:00,5,DOMINGO,7,AGOSTO,8,SI,"CONDUCE BAJO LA INFLUENCIA DE ALCOHOL, SUSTANCIAS ESTUPEFACIENTES O PSICOTROPICAS Y/O MEDICAMENTOS.",ATROPELLOS,AUTOMOVIL,1,0,0,0,0,0,0,0,0,0,0,0,0,1,29,HOMBRE,LESIONADO,PEATON,NO,NO,3
31291,130823,130824,2022,0,0,-0.291521,-78.484954,PICHINCHA,QUITO,CONOCOTO,RURAL,2022-08-14,06:55:00,6,DOMINGO,7,AGOSTO,8,SI,CONDUCIR VEHICULO SUPERANDO LOS LIMITES MAXIMOS DE VELOCIDAD.,ESTRELLAMIENTOS,AUTOMOVIL,1,0,0,0,0,0,0,0,0,0,0,0,0,1,-1,NO IDENTIFICADO,NO IDENTIFICADO,CONDUCTOR AUSENTE,NO,NO,2
31292,130849,130850,2022,0,0,-0.333474,-78.519751,PICHINCHA,QUITO,QUITO,URBANA,2022-08-14,18:30:00,18,DOMINGO,7,AGOSTO,8,SI,CONDUCIR VEHICULO SUPERANDO LOS LIMITES MAXIMOS DE VELOCIDAD.,OTROS,CAMION,2,0,0,1,0,0,0,0,0,1,0,0,0,4,31,HOMBRE,ILESO,CONDUCTOR PRESENTE,NO,NO,1
31293,130851,130852,2022,1,0,-0.222477,-78.401621,PICHINCHA,QUITO,TUMBACO,RURAL,2022-08-14,19:00:00,19,DOMINGO,7,AGOSTO,8,SI,CONDUCIR VEHICULO SUPERANDO LOS LIMITES MAXIMOS DE VELOCIDAD.,PERDIDA DE CARRIL,MOTOCICLETA,0,0,0,0,0,0,0,0,1,0,0,0,0,1,22,HOMBRE,LESIONADO,PASAJERO,NO,NO,3
31294,130858,130859,2022,1,1,-0.243586,-78.482321,PICHINCHA,QUITO,QUITO,URBANA,2022-08-14,19:45:00,19,DOMINGO,7,AGOSTO,8,SI,CONDUCIR VEHICULO SUPERANDO LOS LIMITES MAXIMOS DE VELOCIDAD.,VOLCAMIENTOS,MOTOCICLETA,0,0,0,0,0,0,0,0,1,0,0,0,0,1,51,HOMBRE,FALLECIDO,CONDUCTOR PRESENTE,NO,NO,1
31295,130866,130867,2022,0,0,-0.186503,-78.506813,PICHINCHA,QUITO,QUITO,URBANA,2022-08-14,21:00:00,21,DOMINGO,7,AGOSTO,8,SI,CONDUCIR VEHICULO SUPERANDO LOS LIMITES MAXIMOS DE VELOCIDAD.,ESTRELLAMIENTOS,AUTOMOVIL,1,0,0,0,0,0,0,0,0,0,0,0,0,1,-1,NO IDENTIFICADO,NO IDENTIFICADO,CONDUCTOR AUSENTE,NO,NO,2
31296,130871,130872,2022,0,0,-0.268093,-78.462996,PICHINCHA,QUITO,CONOCOTO,RURAL,2022-08-14,21:55:00,21,DOMINGO,7,AGOSTO,8,SI,"NO RESPETAR LAS SENIALES REGLAMENTARIAS DE TRANSITO. (PARE, CEDA EL PASO, LUZ ROJA DEL SEMAFORO, ETC).",OTROS,CAMION,0,0,0,1,1,0,0,0,0,0,0,0,0,2,22,HOMBRE,ILESO,CONDUCTOR PRESENTE,NO,NO,3
31297,130875,130876,2022,0,0,-0.019073,-78.452503,PICHINCHA,QUITO,SAN ANTONIO (QUITO),RURAL,2022-08-15,04:45:00,4,LUNES,1,AGOSTO,8,NO,"CONDUCIR DESATENTO A LAS CONDICIONES DE TRANSITO (CELULAR, PANTALLAS DE VIDEO, COMIDA, MAQUILLAJE O CUALQUIER OTRO ELEMENTO DISTRACTOR).",OTROS,VEHICULO DEPORTIVO UTILITARIO,0,0,0,0,0,0,0,0,0,0,0,0,1,1,21,HOMBRE,ILESO,CONDUCTOR PRESENTE,NO,SI,3
31298,130882,130883,2022,2,0,-0.207691,-78.495382,PICHINCHA,QUITO,QUITO,URBANA,2022-08-15,08:00:00,8,LUNES,1,AGOSTO,8,NO,"NO RESPETAR LAS SENIALES REGLAMENTARIAS DE TRANSITO. (PARE, CEDA EL PASO, LUZ ROJA DEL SEMAFORO, ETC).",CHOQUE LATERAL,AUTOMOVIL,2,0,0,0,0,0,0,0,0,0,0,0,0,2,65,HOMBRE,LESIONADO,PASAJERO,NO,NO,1
31299,130887,130888,2022,0,0,-0.088397,-78.425062,PICHINCHA,QUITO,CALDERON (CARAPUNGO),RURAL,2022-08-15,10:05:00,10,LUNES,1,AGOSTO,8,NO,NO TRANSITAR POR LAS ACERAS O ZONAS DE SEGURIDAD DESTINADAS PARA EL EFECTO.,ATROPELLOS,CAMION,0,0,0,1,0,0,0,0,0,0,0,0,0,1,21,HOMBRE,ILESO,CONDUCTOR PRESENTE,NO,NO,3
31300,130888,130889,2022,1,0,-0.324421,-78.560902,PICHINCHA,QUITO,QUITO,URBANA,2022-08-15,10:15:00,10,LUNES,1,AGOSTO,8,NO,CONDUCIR VEHICULO SUPERANDO LOS LIMITES MAXIMOS DE VELOCIDAD.,CHOQUE LATERAL,MOTOCICLETA,0,0,0,0,0,0,0,0,1,1,0,0,0,2,20,HOMBRE,LESIONADO,CONDUCTOR PRESENTE,NO,NO,1
31301,130889,130890,2022,1,0,-0.176608,-78.480601,PICHINCHA,QUITO,QUITO,URBANA,2022-08-15,10:40:00,10,LUNES,1,AGOSTO,8,NO,NO TRANSITAR POR LAS ACERAS O ZONAS DE SEGURIDAD DESTINADAS PARA EL EFECTO.,ARROLLAMIENTOS,BUS,0,0,1,0,0,0,0,0,0,0,0,0,0,1,58,MUJER,LESIONADO,PEATON,NO,NO,1
31302,130892,130893,2022,0,0,-0.232015,-78.523456,PICHINCHA,QUITO,QUITO,URBANA,2022-08-15,12:20:00,12,LUNES,1,AGOSTO,8,NO,CONDUCIR VEHICULO SUPERANDO LOS LIMITES MAXIMOS DE VELOCIDAD.,COLISION,BUS,1,0,1,0,1,0,0,0,0,0,0,0,0,3,45,HOMBRE,ILESO,CONDUCTOR PRESENTE,NO,NO,1
31303,130893,130894,2022,1,0,-0.108801,-78.455991,PICHINCHA,QUITO,CALDERON (CARAPUNGO),RURAL,2022-08-15,12:50:00,12,LUNES,1,AGOSTO,8,NO,CONDUCIR VEHICULO SUPERANDO LOS LIMITES MAXIMOS DE VELOCIDAD.,CHOQUE LATERAL,MOTOCICLETA,1,0,0,0,0,0,0,0,1,0,0,0,0,2,18,HOMBRE,LESIONADO,CONDUCTOR PRESENTE,NO,NO,3
31304,130900,130901,2022,1,0,-0.098062,-78.410861,PICHINCHA,QUITO,CALDERON (CARAPUNGO),RURAL,2022-08-15,17:40:00,17,LUNES,1,AGOSTO,8,NO,"CONDUCE BAJO LA INFLUENCIA DE ALCOHOL, SUSTANCIAS ESTUPEFACIENTES O PSICOTROPICAS Y/O MEDICAMENTOS.",ESTRELLAMIENTOS,CAMION,0,0,0,1,1,0,0,0,0,0,0,0,0,2,11,HOMBRE,LESIONADO,PASAJERO,NO,NO,3
31305,130904,130905,2022,3,0,-0.271521,-78.537001,PICHINCHA,QUITO,QUITO,URBANA,2022-08-15,18:42:00,18,LUNES,1,AGOSTO,8,NO,"NO RESPETAR LAS SENIALES REGLAMENTARIAS DE TRANSITO. (PARE, CEDA EL PASO, LUZ ROJA DEL SEMAFORO, ETC).",OTROS,BICICLETA,0,1,0,0,0,0,0,0,1,0,0,0,0,2,33,HOMBRE,LESIONADO,CONDUCTOR PRESENTE,NO,NO,1
31306,130921,130922,2022,3,0,-0.200631,-78.497101,PICHINCHA,QUITO,QUITO,URBANA,2022-08-16,07:10:00,7,MARTES,2,AGOSTO,8,NO,"NO RESPETAR LAS SENIALES REGLAMENTARIAS DE TRANSITO. (PARE, CEDA EL PASO, LUZ ROJA DEL SEMAFORO, ETC).",CHOQUE LATERAL,AUTOMOVIL,2,0,0,0,0,0,0,0,0,0,0,0,0,2,42,HOMBRE,LESIONADO,PASAJERO,NO,NO,1
31307,130923,130924,2022,0,0,-0.126621,-78.494003,PICHINCHA,QUITO,QUITO,URBANA,2022-08-16,07:55:00,7,MARTES,2,AGOSTO,8,NO,"NO RESPETAR LAS SENIALES REGLAMENTARIAS DE TRANSITO. (PARE, CEDA EL PASO, LUZ ROJA DEL SEMAFORO, ETC).",COLISION,AUTOMOVIL,3,0,0,0,0,0,0,0,0,0,0,0,0,3,72,HOMBRE,ILESO,CONDUCTOR PRESENTE,NO,NO,1
31308,130928,130929,2022,1,0,-0.115546,-78.497421,PICHINCHA,QUITO,QUITO,URBANA,2022-08-16,09:50:00,9,MARTES,2,AGOSTO,8,NO,NO TRANSITAR POR LAS ACERAS O ZONAS DE SEGURIDAD DESTINADAS PARA EL EFECTO.,ATROPELLOS,MOTOCICLETA,0,0,0,0,0,0,0,0,1,0,0,0,0,1,67,HOMBRE,LESIONADO,PEATON,NO,NO,1
31309,130932,130933,2022,1,0,-0.281775,-78.543111,PICHINCHA,QUITO,QUITO,URBANA,2022-08-16,10:45:00,10,MARTES,2,AGOSTO,8,NO,NO TRANSITAR POR LAS ACERAS O ZONAS DE SEGURIDAD DESTINADAS PARA EL EFECTO.,ATROPELLOS,MOTOCICLETA,0,0,0,0,0,0,0,0,1,0,0,0,0,1,39,MUJER,LESIONADO,PEATON,NO,NO,1
31310,130941,130942,2022,0,0,-0.283929,-78.554755,PICHINCHA,QUITO,QUITO,URBANA,2022-08-16,14:30:00,14,MARTES,2,AGOSTO,8,NO,"CONDUCE BAJO LA INFLUENCIA DE ALCOHOL, SUSTANCIAS ESTUPEFACIENTES O PSICOTROPICAS Y/O MEDICAMENTOS.",CHOQUE POSTERIOR,AUTOMOVIL,2,0,0,0,0,0,0,0,0,0,0,0,0,2,22,HOMBRE,ILESO,CONDUCTOR PRESENTE,NO,NO,1
31311,130945,130946,2022,1,0,-0.243445,-78.509086,PICHINCHA,QUITO,QUITO,URBANA,2022-08-16,15:30:00,15,MARTES,2,AGOSTO,8,NO,NO TRANSITAR POR LAS ACERAS O ZONAS DE SEGURIDAD DESTINADAS PARA EL EFECTO.,ATROPELLOS,AUTOMOVIL,1,0,0,0,0,0,0,0,0,0,0,0,0,1,71,HOMBRE,LESIONADO,PEATON,NO,NO,1
31312,130949,130950,2022,0,0,-0.320542,-78.921783,PICHINCHA,MEJIA,MANUEL CORNEJO ASTORGA,RURAL,2022-08-16,15:56:00,15,MARTES,2,AGOSTO,8,NO,"CONDUCIR DESATENTO A LAS CONDICIONES DE TRANSITO (CELULAR, PANTALLAS DE VIDEO, COMIDA, MAQUILLAJE O CUALQUIER OTRO ELEMENTO DISTRACTOR).",PERDIDA DE CARRIL,CAMION,0,0,0,1,0,0,0,0,0,0,0,0,0,1,-1,HOMBRE,ILESO,CONDUCTOR PRESENTE,NO,NO,3
31313,130954,130955,2022,0,0,-0.346867,-78.865055,PICHINCHA,MEJIA,MANUEL CORNEJO ASTORGA,RURAL,2022-08-16,17:40:00,17,MARTES,2,AGOSTO,8,NO,NO MANTENER LA DISTANCIA PRUDENCIAL CON RESPECTO AL VEHICULO QUE LE ANTECEDE.,CHOQUE POSTERIOR,CAMION,0,0,0,1,0,0,0,0,0,1,0,0,0,2,-1,HOMBRE,ILESO,CONDUCTOR PRESENTE,NO,NO,3
31314,130956,130957,2022,0,0,-0.188548,-78.482004,PICHINCHA,QUITO,QUITO,URBANA,2022-08-16,18:10:00,18,MARTES,2,AGOSTO,8,NO,"NO RESPETAR LAS SENIALES REGLAMENTARIAS DE TRANSITO. (PARE, CEDA EL PASO, LUZ ROJA DEL SEMAFORO, ETC).",CHOQUE LATERAL,AUTOMOVIL,2,0,0,0,0,0,0,0,0,0,0,0,0,2,62,HOMBRE,ILESO,CONDUCTOR PRESENTE,NO,NO,1
31315,130961,130962,2022,0,0,-0.207585,-78.503117,PICHINCHA,QUITO,QUITO,URBANA,2022-08-16,19:00:00,19,MARTES,2,AGOSTO,8,NO,"NO RESPETAR LAS SENIALES REGLAMENTARIAS DE TRANSITO. (PARE, CEDA EL PASO, LUZ ROJA DEL SEMAFORO, ETC).",CHOQUE LATERAL,BUS,1,0,1,0,0,0,0,0,0,0,0,0,0,2,24,HOMBRE,ILESO,CONDUCTOR PRESENTE,NO,NO,1
31316,130964,130965,2022,0,0,-0.088724,-78.456646,PICHINCHA,QUITO,QUITO,URBANA,2022-08-16,22:10:00,22,MARTES,2,AGOSTO,8,NO,"CONDUCE BAJO LA INFLUENCIA DE ALCOHOL, SUSTANCIAS ESTUPEFACIENTES O PSICOTROPICAS Y/O MEDICAMENTOS.",CHOQUE POSTERIOR,CAMION,1,0,0,1,0,0,0,0,0,0,0,0,0,2,25,HOMBRE,ILESO,CONDUCTOR PRESENTE,NO,NO,1
31317,130973,130974,2022,1,0,-0.117042,-78.488522,PICHINCHA,QUITO,QUITO,URBANA,2022-08-17,07:40:00,7,MIERCOLES,3,AGOSTO,8,NO,"FALLA MECANICA EN LOS SISTEMAS Y/O NEUMATICOS (SISTEMA DE FRENOS, DIRECCION, ELECTRONICO O MECANICO).",ESTRELLAMIENTOS,AUTOMOVIL,3,0,0,0,0,0,0,0,0,0,0,0,0,3,33,HOMBRE,LESIONADO,CONDUCTOR PRESENTE,NO,NO,1
31318,130974,130975,2022,1,0,-0.293619,-78.539821,PICHINCHA,QUITO,QUITO,URBANA,2022-08-17,07:55:00,7,MIERCOLES,3,AGOSTO,8,NO,PEATON QUE CRUZA LA CALZADA SIN RESPETAR LA SENIALIZACION EXISTENTE (SEMAFOROS O SENIALES MANUALES).,ATROPELLOS,BUS,0,0,1,0,0,0,0,0,0,0,0,0,0,1,18,MUJER,LESIONADO,PEATON,NO,NO,1
31319,130975,130976,2022,0,0,-0.105951,-78.437342,PICHINCHA,QUITO,CALDERON (CARAPUNGO),RURAL,2022-08-17,08:15:00,8,MIERCOLES,3,AGOSTO,8,NO,"NO RESPETAR LAS SENIALES REGLAMENTARIAS DE TRANSITO. (PARE, CEDA EL PASO, LUZ ROJA DEL SEMAFORO, ETC).",CHOQUE LATERAL,CAMION,1,0,0,1,0,0,0,0,0,0,0,0,0,2,30,HOMBRE,ILESO,CONDUCTOR PRESENTE,NO,NO,3
31320,130976,130977,2022,1,0,-0.191785,-78.497601,PICHINCHA,QUITO,QUITO,URBANA,2022-08-17,09:30:00,9,MIERCOLES,3,AGOSTO,8,NO,CONDUCIR VEHICULO SUPERANDO LOS LIMITES MAXIMOS DE VELOCIDAD.,OTROS,MOTOCICLETA,1,0,0,0,0,0,0,0,2,0,0,0,0,3,40,MUJER,LESIONADO,PASAJERO,NO,NO,1
31321,130977,130978,2022,0,0,-0.277207,-78.555411,PICHINCHA,QUITO,QUITO,URBANA,2022-08-17,09:50:00,9,MIERCOLES,3,AGOSTO,8,NO,"NO RESPETAR LAS SENIALES REGLAMENTARIAS DE TRANSITO. (PARE, CEDA EL PASO, LUZ ROJA DEL SEMAFORO, ETC).",CHOQUE LATERAL,AUTOMOVIL,2,0,0,0,0,0,0,0,0,0,0,0,0,2,28,HOMBRE,ILESO,CONDUCTOR PRESENTE,NO,NO,1
31322,130986,130987,2022,0,0,-0.149235,-78.467484,PICHINCHA,QUITO,QUITO,URBANA,2022-08-17,15:00:00,15,MIERCOLES,3,AGOSTO,8,NO,"NO RESPETAR LAS SENIALES REGLAMENTARIAS DE TRANSITO. (PARE, CEDA EL PASO, LUZ ROJA DEL SEMAFORO, ETC).",ESTRELLAMIENTOS,CAMION,0,0,0,1,0,0,0,0,0,0,0,0,0,1,55,HOMBRE,ILESO,CONDUCTOR PRESENTE,NO,NO,1
31323,130987,130988,2022,1,0,-0.114046,-78.479215,PICHINCHA,QUITO,QUITO,URBANA,2022-08-17,15:30:00,15,MIERCOLES,3,AGOSTO,8,NO,NO TRANSITAR POR LAS ACERAS O ZONAS DE SEGURIDAD DESTINADAS PARA EL EFECTO.,ATROPELLOS,FURGONETA,0,0,0,0,0,0,0,1,0,0,0,0,0,1,27,HOMBRE,LESIONADO,PEATON,NO,NO,1
31324,130994,130995,2022,5,0,-0.306114,-78.521731,PICHINCHA,QUITO,QUITO,URBANA,2022-08-17,17:05:00,17,MIERCOLES,3,AGOSTO,8,NO,CONDUCIR VEHICULO SUPERANDO LOS LIMITES MAXIMOS DE VELOCIDAD.,CHOQUE LATERAL,AUTOMOVIL,2,0,0,0,0,0,0,0,0,0,0,0,0,2,12,HOMBRE,LESIONADO,PASAJERO,NO,NO,1
31325,130996,130997,2022,0,0,-0.191835,-78.497611,PICHINCHA,QUITO,QUITO,URBANA,2022-08-17,17:20:00,17,MIERCOLES,3,AGOSTO,8,NO,"NO RESPETAR LAS SENIALES REGLAMENTARIAS DE TRANSITO. (PARE, CEDA EL PASO, LUZ ROJA DEL SEMAFORO, ETC).",CHOQUE LATERAL,EMERGENCIAS,1,0,0,0,0,1,0,0,0,0,0,0,0,2,37,HOMBRE,ILESO,CONDUCTOR PRESENTE,NO,NO,1
31326,131004,131005,2022,0,0,-0.185048,-78.509891,PICHINCHA,QUITO,QUITO,URBANA,2022-08-17,18:55:00,18,MIERCOLES,3,AGOSTO,8,NO,"NO RESPETAR LAS SENIALES REGLAMENTARIAS DE TRANSITO. (PARE, CEDA EL PASO, LUZ ROJA DEL SEMAFORO, ETC).",ESTRELLAMIENTOS,AUTOMOVIL,1,0,0,0,0,0,0,0,0,0,0,0,0,1,45,MUJER,ILESO,PASAJERO,NO,NO,1
31327,131010,131011,2022,0,0,-0.116653,-78.495937,PICHINCHA,QUITO,QUITO,URBANA,2022-08-17,20:00:00,20,MIERCOLES,3,AGOSTO,8,NO,"NO RESPETAR LAS SENIALES REGLAMENTARIAS DE TRANSITO. (PARE, CEDA EL PASO, LUZ ROJA DEL SEMAFORO, ETC).",CHOQUE LATERAL,CAMIONETA,1,0,0,0,1,0,0,0,0,0,0,0,0,2,61,HOMBRE,ILESO,CONDUCTOR PRESENTE,NO,NO,1
31328,131013,131014,2022,1,0,-0.280368,-78.556677,PICHINCHA,QUITO,QUITO,URBANA,2022-08-17,22:40:00,22,MIERCOLES,3,AGOSTO,8,NO,CONDUCIR VEHICULO SUPERANDO LOS LIMITES MAXIMOS DE VELOCIDAD.,CHOQUE LATERAL,BUS,0,0,1,0,0,0,0,0,1,0,0,0,0,2,25,HOMBRE,LESIONADO,CONDUCTOR PRESENTE,NO,NO,1
31329,131014,131015,2022,0,0,-0.156346,-78.490752,PICHINCHA,QUITO,QUITO,URBANA,2022-08-17,22:50:00,22,MIERCOLES,3,AGOSTO,8,NO,CONDUCIR VEHICULO SUPERANDO LOS LIMITES MAXIMOS DE VELOCIDAD.,OTROS,AUTOMOVIL,1,0,0,0,0,0,0,0,0,0,0,0,0,1,-1,NO IDENTIFICADO,NO IDENTIFICADO,CONDUCTOR AUSENTE,NO,NO,2
31330,131027,131028,2022,1,0,-0.317372,-78.549128,PICHINCHA,QUITO,QUITO,URBANA,2022-08-18,09:40:00,9,JUEVES,4,AGOSTO,8,NO,CONDUCIR VEHICULO SUPERANDO LOS LIMITES MAXIMOS DE VELOCIDAD.,ESTRELLAMIENTOS,CAMION,0,0,0,1,0,0,0,0,0,1,0,0,0,2,37,HOMBRE,LESIONADO,CONDUCTOR PRESENTE,NO,NO,1
31331,131030,131031,2022,4,0,-0.227911,-78.500538,PICHINCHA,QUITO,QUITO,URBANA,2022-08-18,12:00:00,12,JUEVES,4,AGOSTO,8,NO,REALIZAR CAMBIO BRUSCO O INDEBIDO DE CARRIL.,PERDIDA DE CARRIL,MOTOCICLETA,4,0,0,0,0,0,0,0,1,0,0,0,0,5,52,HOMBRE,LESIONADO,CONDUCTOR PRESENTE,NO,NO,1
31332,131038,131039,2022,0,0,-0.269427,-78.547326,PICHINCHA,QUITO,QUITO,URBANA,2022-08-18,16:45:00,16,JUEVES,4,AGOSTO,8,NO,"CONDUCIR DESATENTO A LAS CONDICIONES DE TRANSITO (CELULAR, PANTALLAS DE VIDEO, COMIDA, MAQUILLAJE O CUALQUIER OTRO ELEMENTO DISTRACTOR).",CHOQUE LATERAL,AUTOMOVIL,2,0,0,0,0,0,0,0,0,0,0,0,0,2,39,HOMBRE,ILESO,CONDUCTOR PRESENTE,NO,NO,1
31333,131039,131040,2022,1,0,-0.240717,-78.529384,PICHINCHA,QUITO,QUITO,URBANA,2022-08-18,17:00:00,17,JUEVES,4,AGOSTO,8,NO,"NO RESPETAR LAS SENIALES REGLAMENTARIAS DE TRANSITO. (PARE, CEDA EL PASO, LUZ ROJA DEL SEMAFORO, ETC).",CHOQUE LATERAL,MOTOCICLETA,1,0,0,0,0,0,0,0,1,0,0,0,0,2,38,HOMBRE,LESIONADO,CONDUCTOR PRESENTE,NO,NO,1
31334,131048,131049,2022,1,0,-0.255696,-78.541846,PICHINCHA,QUITO,QUITO,URBANA,2022-08-18,19:40:00,19,JUEVES,4,AGOSTO,8,NO,CONDUCIR VEHICULO SUPERANDO LOS LIMITES MAXIMOS DE VELOCIDAD.,CHOQUE LATERAL,BUS,0,1,1,0,0,0,0,0,0,0,0,0,0,2,10,HOMBRE,LESIONADO,PEATON,NO,NO,1
31335,131051,131052,2022,1,1,0.054346,-78.143813,PICHINCHA,CAYAMBE,CAYAMBE,RURAL,2022-08-18,20:00:00,20,JUEVES,4,AGOSTO,8,NO,"CONDUCIR DESATENTO A LAS CONDICIONES DE TRANSITO (CELULAR, PANTALLAS DE VIDEO, COMIDA, MAQUILLAJE O CUALQUIER OTRO ELEMENTO DISTRACTOR).",CHOQUE LATERAL,CAMION,0,0,0,1,1,0,0,0,1,0,0,0,0,3,44,HOMBRE,FALLECIDO,CONDUCTOR PRESENTE,NO,SI,3