,Unnamed: 0,ID,ANIO,LESIONADOS,FALLECIDOS,LATITUD_Y,LONGITUD_X,PROVINCIA,CANTON,PARROQUIA,ZONA,FECHA,HORA,PERIODO_2,DIA_1,DIA_2,MES_1,MES_2,FERIADO,CAUSA_PROBABLE,TIPO_DE_SINIESTRO,TIPO_DE_VEHICULO_1,AUTOMOVIL,BICICLETA,BUS,CAMION,CAMIONETA,EMERGENCIAS,ESPECIAL,FURGONETA,MOTOCICLETA,NO_IDENTIFICADO,SCOOTER_ELECTRICO,TRICIMOTO,VEHICULO_DEPORTIVO_UTILITARIO,SUMA_DE_VEHICULOS,EDAD_1,SEXO_1,CONDICION_1,PARTICIPANTE_1,CASCO_1,CINTURON_1,KMeans_Cluster
31336,131052,131053,2022,0,0,-0.081315,-78.447092,PICHINCHA,QUITO,CALDERON (CARAPUNGO),RURAL,2022-08-18,20:45:00,20,JUEVES,4,AGOSTO,8,NO,"CASO FORTUITO O FUERZA MAYOR (EXPLOSION DE NEUMATICO NUEVO, DERRUMBE, INUNDACION, CAIDA DE PUENTE, ARBOL, PRESENCIA INTEMPESTIVA E IMPREVISTA DE SEMOVIENTES EN LA VIA, ETC.).",ESTRELLAMIENTOS,CAMION,0,0,0,1,0,0,0,0,0,0,0,0,0,1,35,HOMBRE,ILESO,CONDUCTOR PRESENTE,NO,NO,3
31337,131066,131067,2022,1,0,-0.115843,-78.463829,PICHINCHA,QUITO,QUITO,URBANA,2022-08-19,02:45:00,2,VIERNES,5,AGOSTO,8,NO,"CONDUCE BAJO LA INFLUENCIA DE ALCOHOL, SUSTANCIAS ESTUPEFACIENTES O PSICOTROPICAS Y/O MEDICAMENTOS.",CHOQUE LATERAL,CAMIONETA,1,0,0,0,1,0,0,0,0,0,0,0,0,2,30,HOMBRE,LESIONADO,CONDUCTOR PRESENTE,NO,NO,1
31338,131074,131075,2022,0,0,-0.249456,-78.536759,PICHINCHA,QUITO,QUITO,URBANA,2022-08-19,06:49:00,6,VIERNES,5,AGOSTO,8,NO,CONDUCIR VEHICULO SUPERANDO LOS LIMITES MAXIMOS DE VELOCIDAD.,CHOQUE LATERAL,MOTOCICLETA,1,0,0,0,0,0,0,0,1,0,0,0,0,2,24,HOMBRE,ILESO,CONDUCTOR PRESENTE,NO,NO,1
31339,131080,131081,2022,2,0,-0.202152,-78.491596,PICHINCHA,QUITO,QUITO,URBANA,2022-08-19,09:10:00,9,VIERNES,5,AGOSTO,8,NO,REALIZAR CAMBIO BRUSCO O INDEBIDO DE CARRIL.,CHOQUE LATERAL,MOTOCICLETA,1,0,0,0,0,0,0,0,1,0,0,0,0,2,26,MUJER,LESIONADO,PASAJERO,NO,NO,1
31340,131086,131087,2022,0,0,-0.315861,-78.562411,PICHINCHA,QUITO,QUITO,URBANA,2022-08-19,11:40:00,11,VIERNES,5,AGOSTO,8,NO,"CONDUCE BAJO LA INFLUENCIA DE ALCOHOL, SUSTANCIAS ESTUPEFACIENTES O PSICOTROPICAS Y/O MEDICAMENTOS.",CHOQUE FRONTAL,AUTOMOVIL,2,0,0,0,0,0,0,0,0,0,0,0,0,2,31,HOMBRE,ILESO,CONDUCTOR PRESENTE,NO,NO,1
31341,131090,131091,2022,2,0,-0.136721,-78.497071,PICHINCHA,QUITO,QUITO,URBANA,2022-08-19,13:00:00,13,VIERNES,5,AGOSTO,8,NO,"NO RESPETAR LAS SENIALES REGLAMENTARIAS DE TRANSITO. (PARE, CEDA EL PASO, LUZ ROJA DEL SEMAFORO, ETC).",OTROS,MOTOCICLETA,2,0,0,0,0,0,0,0,1,0,0,0,0,3,53,HOMBRE,LESIONADO,CONDUCTOR PRESENTE,NO,NO,1
31342,131100,131101,2022,1,0,-0.304165,-78.542879,PICHINCHA,QUITO,QUITO,URBANA,2022-08-19,16:40:00,16,VIERNES,5,AGOSTO,8,NO,CONDUCIR VEHICULO SUPERANDO LOS LIMITES MAXIMOS DE VELOCIDAD.,ATROPELLOS,MOTOCICLETA,0,0,0,0,0,0,0,0,1,0,0,0,0,1,74,HOMBRE,LESIONADO,PEATON,NO,NO,1
31343,131106,131107,2022,0,1,-0.330717,-78.550663,PICHINCHA,QUITO,QUITO,URBANA,2022-08-19,18:30:00,18,VIERNES,5,AGOSTO,8,NO,CONDUCIR VEHICULO SUPERANDO LOS LIMITES MAXIMOS DE VELOCIDAD.,ARROLLAMIENTOS,BUS,0,0,1,0,0,0,0,0,0,0,0,0,0,1,20,HOMBRE,FALLECIDO,PEATON,NO,NO,1
31344,131130,131131,2022,1,0,-0.245757,-78.519568,PICHINCHA,QUITO,QUITO,URBANA,2022-08-20,02:00:00,2,SABADO,6,AGOSTO,8,NO,"CONDUCE BAJO LA INFLUENCIA DE ALCOHOL, SUSTANCIAS ESTUPEFACIENTES O PSICOTROPICAS Y/O MEDICAMENTOS.",CHOQUE LATERAL,AUTOMOVIL,2,0,0,0,0,0,0,0,0,0,0,0,0,2,14,MUJER,LESIONADO,PASAJERO,NO,NO,1
31345,131131,131132,2022,0,1,-0.449411,-78.585734,PICHINCHA,MEJIA,ALOAG,RURAL,2022-08-20,02:30:00,2,SABADO,6,AGOSTO,8,NO,"CONDUCIR DESATENTO A LAS CONDICIONES DE TRANSITO (CELULAR, PANTALLAS DE VIDEO, COMIDA, MAQUILLAJE O CUALQUIER OTRO ELEMENTO DISTRACTOR).",ARROLLAMIENTOS,AUTOMOVIL,1,0,0,0,0,0,0,0,0,0,0,0,0,1,35,HOMBRE,FALLECIDO,CONDUCTOR PRESENTE,NO,SI,3
31346,131138,131139,2022,1,0,-0.195047,-78.494563,PICHINCHA,QUITO,QUITO,URBANA,2022-08-20,05:30:00,5,SABADO,6,AGOSTO,8,NO,"NO RESPETAR LAS SENIALES REGLAMENTARIAS DE TRANSITO. (PARE, CEDA EL PASO, LUZ ROJA DEL SEMAFORO, ETC).",CHOQUE LATERAL,AUTOMOVIL,2,0,0,0,0,0,0,0,0,0,0,0,0,2,42,HOMBRE,LESIONADO,CONDUCTOR PRESENTE,NO,NO,1
31347,131140,131141,2022,2,0,-0.141564,-78.442921,PICHINCHA,QUITO,LLANO CHICO,RURAL,2022-08-20,07:20:00,7,SABADO,6,AGOSTO,8,NO,"CONDUCE BAJO LA INFLUENCIA DE ALCOHOL, SUSTANCIAS ESTUPEFACIENTES O PSICOTROPICAS Y/O MEDICAMENTOS.",CHOQUE LATERAL,CAMIONETA,0,0,0,0,2,0,0,0,0,0,0,0,0,2,57,HOMBRE,LESIONADO,CONDUCTOR PRESENTE,NO,NO,3
31348,131155,131156,2022,2,0,-0.303524,-78.542549,PICHINCHA,QUITO,QUITO,URBANA,2022-08-20,14:20:00,14,SABADO,6,AGOSTO,8,NO,CONDUCIR VEHICULO SUPERANDO LOS LIMITES MAXIMOS DE VELOCIDAD.,COLISION,BUS,1,0,1,0,0,0,0,0,0,1,0,0,0,3,2,HOMBRE,LESIONADO,PASAJERO,NO,NO,1
31349,131158,131159,2022,0,0,-0.260163,-78.551883,PICHINCHA,QUITO,QUITO,URBANA,2022-08-20,14:55:00,14,SABADO,6,AGOSTO,8,NO,"NO RESPETAR LAS SENIALES REGLAMENTARIAS DE TRANSITO. (PARE, CEDA EL PASO, LUZ ROJA DEL SEMAFORO, ETC).",CHOQUE LATERAL,AUTOMOVIL,2,0,0,0,0,0,0,0,0,0,0,0,0,2,56,HOMBRE,ILESO,CONDUCTOR PRESENTE,NO,NO,1
31350,131162,131163,2022,1,0,-0.191723,-78.493423,PICHINCHA,QUITO,QUITO,URBANA,2022-08-20,16:05:00,16,SABADO,6,AGOSTO,8,NO,NO TRANSITAR POR LAS ACERAS O ZONAS DE SEGURIDAD DESTINADAS PARA EL EFECTO.,OTROS,BUS,0,0,1,0,0,0,0,0,0,0,0,0,0,1,31,HOMBRE,LESIONADO,PEATON,NO,NO,1
31351,131171,131172,2022,1,0,0.180016,-78.020984,PICHINCHA,CAYAMBE,OLMEDO (PESILLO),RURAL,2022-08-20,19:15:00,19,SABADO,6,AGOSTO,8,NO,"CONDUCIR DESATENTO A LAS CONDICIONES DE TRANSITO (CELULAR, PANTALLAS DE VIDEO, COMIDA, MAQUILLAJE O CUALQUIER OTRO ELEMENTO DISTRACTOR).",ATROPELLOS,NO IDENTIFICADO,0,0,0,0,0,0,0,0,0,1,0,0,0,1,60,HOMBRE,LESIONADO,PEATON,NO,SI,3
31352,131172,131173,2022,2,0,-0.116816,-78.496611,PICHINCHA,QUITO,QUITO,URBANA,2022-08-20,19:20:00,19,SABADO,6,AGOSTO,8,NO,"CONDUCE BAJO LA INFLUENCIA DE ALCOHOL, SUSTANCIAS ESTUPEFACIENTES O PSICOTROPICAS Y/O MEDICAMENTOS.",CHOQUE LATERAL,MOTOCICLETA,1,0,0,0,0,0,0,0,1,0,0,0,0,2,22,HOMBRE,LESIONADO,CONDUCTOR PRESENTE,NO,NO,1
31353,131176,131177,2022,0,0,-0.305827,-78.533311,PICHINCHA,QUITO,QUITO,URBANA,2022-08-20,20:00:00,20,SABADO,6,AGOSTO,8,NO,CONDUCIR VEHICULO SUPERANDO LOS LIMITES MAXIMOS DE VELOCIDAD.,OTROS,AUTOMOVIL,1,0,0,0,0,0,0,0,0,0,0,0,0,1,-1,NO IDENTIFICADO,NO IDENTIFICADO,CONDUCTOR AUSENTE,NO,NO,2
31354,131178,131179,2022,1,0,-0.109069,-78.457121,PICHINCHA,QUITO,CALDERON (CARAPUNGO),RURAL,2022-08-20,20:20:00,20,SABADO,6,AGOSTO,8,NO,CONDUCIR VEHICULO SUPERANDO LOS LIMITES MAXIMOS DE VELOCIDAD.,PERDIDA DE CARRIL,AUTOMOVIL,1,0,0,0,0,0,0,0,0,0,0,0,0,1,57,HOMBRE,LESIONADO,CONDUCTOR PRESENTE,NO,NO,3
31355,131181,131182,2022,2,0,-0.305638,-78.561418,PICHINCHA,QUITO,QUITO,URBANA,2022-08-20,20:40:00,20,SABADO,6,AGOSTO,8,NO,"CONDUCE BAJO LA INFLUENCIA DE ALCOHOL, SUSTANCIAS ESTUPEFACIENTES O PSICOTROPICAS Y/O MEDICAMENTOS.",ESTRELLAMIENTOS,CAMIONETA,1,0,0,0,1,0,0,0,0,0,0,0,0,2,30,HOMBRE,LESIONADO,PEATON,NO,NO,1
31356,131186,131187,2022,0,0,-0.297732,-78.550249,PICHINCHA,QUITO,QUITO,URBANA,2022-08-20,22:05:00,22,SABADO,6,AGOSTO,8,NO,"CONDUCE BAJO LA INFLUENCIA DE ALCOHOL, SUSTANCIAS ESTUPEFACIENTES O PSICOTROPICAS Y/O MEDICAMENTOS.",CHOQUE LATERAL,AUTOMOVIL,2,0,0,0,0,0,0,0,0,0,0,0,0,2,61,HOMBRE,ILESO,CONDUCTOR PRESENTE,NO,NO,1
31357,131207,131208,2022,0,0,-0.224944,-78.514501,PICHINCHA,QUITO,QUITO,URBANA,2022-08-21,03:20:00,3,DOMINGO,7,AGOSTO,8,NO,CONDUCIR VEHICULO SUPERANDO LOS LIMITES MAXIMOS DE VELOCIDAD.,ESTRELLAMIENTOS,AUTOMOVIL,1,0,0,0,0,0,0,0,0,0,0,0,0,1,30,HOMBRE,ILESO,CONDUCTOR PRESENTE,NO,NO,1
31358,131211,131212,2022,0,0,-0.227879,-78.486331,PICHINCHA,QUITO,QUITO,URBANA,2022-08-21,04:20:00,4,DOMINGO,7,AGOSTO,8,NO,"CONDUCE BAJO LA INFLUENCIA DE ALCOHOL, SUSTANCIAS ESTUPEFACIENTES O PSICOTROPICAS Y/O MEDICAMENTOS.",CHOQUE LATERAL,CAMIONETA,1,0,0,0,1,0,0,0,0,0,0,0,0,2,41,HOMBRE,ILESO,CONDUCTOR PRESENTE,NO,NO,1
31359,131223,131224,2022,0,0,-0.164856,-78.480395,PICHINCHA,QUITO,QUITO,URBANA,2022-08-21,08:25:00,8,DOMINGO,7,AGOSTO,8,NO,"CONDUCE BAJO LA INFLUENCIA DE ALCOHOL, SUSTANCIAS ESTUPEFACIENTES O PSICOTROPICAS Y/O MEDICAMENTOS.",CHOQUE LATERAL,AUTOMOVIL,2,0,0,0,0,0,0,0,0,0,0,0,0,2,42,HOMBRE,ILESO,CONDUCTOR PRESENTE,NO,NO,1
31360,131228,131229,2022,1,0,-0.082501,-78.292814,PICHINCHA,CAYAMBE,ASCAZUBI,RURAL,2022-08-21,11:00:00,11,DOMINGO,7,AGOSTO,8,NO,"CONDUCIR DESATENTO A LAS CONDICIONES DE TRANSITO (CELULAR, PANTALLAS DE VIDEO, COMIDA, MAQUILLAJE O CUALQUIER OTRO ELEMENTO DISTRACTOR).",ESTRELLAMIENTOS,CAMION,0,0,0,1,0,0,0,0,0,0,0,0,0,1,39,HOMBRE,LESIONADO,PASAJERO,NO,SI,3
31361,131246,131247,2022,3,0,-0.237429,-78.484321,PICHINCHA,QUITO,QUITO,URBANA,2022-08-21,17:10:00,17,DOMINGO,7,AGOSTO,8,NO,"CONDUCE BAJO LA INFLUENCIA DE ALCOHOL, SUSTANCIAS ESTUPEFACIENTES O PSICOTROPICAS Y/O MEDICAMENTOS.",CHOQUE LATERAL,AUTOMOVIL,2,0,0,0,0,0,0,0,0,0,0,0,0,2,35,MUJER,LESIONADO,PASAJERO,NO,NO,1
31362,131252,131253,2022,1,0,-0.179072,-78.439563,PICHINCHA,QUITO,NAYON,RURAL,2022-08-21,18:45:00,18,DOMINGO,7,AGOSTO,8,NO,CONDUCIR VEHICULO SUPERANDO LOS LIMITES MAXIMOS DE VELOCIDAD.,ESTRELLAMIENTOS,AUTOMOVIL,1,0,0,0,0,0,0,0,0,0,0,0,0,1,22,HOMBRE,LESIONADO,PASAJERO,NO,NO,3
31363,131269,131270,2022,1,0,-0.303294,-78.542501,PICHINCHA,QUITO,QUITO,URBANA,2022-08-21,23:10:00,23,DOMINGO,7,AGOSTO,8,NO,CONDUCIR VEHICULO SUPERANDO LOS LIMITES MAXIMOS DE VELOCIDAD.,PERDIDA DE CARRIL,MOTOCICLETA,0,0,0,0,0,0,0,0,1,0,0,0,0,1,38,HOMBRE,LESIONADO,PASAJERO,NO,NO,1
31364,131280,131281,2022,0,0,-0.214752,-78.443221,PICHINCHA,QUITO,CUMBAYA,RURAL,2022-08-22,03:00:00,3,LUNES,1,AGOSTO,8,NO,CONDUCIR VEHICULO SUPERANDO LOS LIMITES MAXIMOS DE VELOCIDAD.,ESTRELLAMIENTOS,AUTOMOVIL,1,0,0,0,0,0,0,0,0,0,0,0,0,1,-1,NO IDENTIFICADO,NO IDENTIFICADO,CONDUCTOR AUSENTE,NO,NO,2
31365,131282,131283,2022,0,0,-0.190571,-78.479701,PICHINCHA,QUITO,QUITO,URBANA,2022-08-22,03:25:00,3,LUNES,1,AGOSTO,8,NO,CONDUCIR VEHICULO SUPERANDO LOS LIMITES MAXIMOS DE VELOCIDAD.,ESTRELLAMIENTOS,AUTOMOVIL,1,0,0,0,0,0,0,0,0,0,0,0,0,1,63,MUJER,ILESO,CONDUCTOR PRESENTE,NO,NO,1
31366,131285,131286,2022,0,0,-0.144898,-78.469486,PICHINCHA,QUITO,QUITO,URBANA,2022-08-22,06:32:00,6,LUNES,1,AGOSTO,8,NO,CONDUCIR VEHICULO SUPERANDO LOS LIMITES MAXIMOS DE VELOCIDAD.,COLISION,CAMIONETA,1,0,0,0,2,0,0,0,0,0,0,0,0,3,27,HOMBRE,ILESO,CONDUCTOR PRESENTE,NO,NO,1
31367,131289,131290,2022,0,0,-0.162906,-78.462521,PICHINCHA,QUITO,QUITO,URBANA,2022-08-22,07:20:00,7,LUNES,1,AGOSTO,8,NO,CONDUCIR VEHICULO SUPERANDO LOS LIMITES MAXIMOS DE VELOCIDAD.,COLISION,CAMIONETA,2,0,0,0,1,0,0,0,0,0,0,0,0,3,42,HOMBRE,ILESO,CONDUCTOR PRESENTE,NO,NO,1
31368,131292,131293,2022,0,0,-0.210154,-78.485495,PICHINCHA,QUITO,QUITO,URBANA,2022-08-22,09:00:00,9,LUNES,1,AGOSTO,8,NO,CONDUCIR VEHICULO SUPERANDO LOS LIMITES MAXIMOS DE VELOCIDAD.,CHOQUE LATERAL,AUTOMOVIL,2,0,0,0,0,0,0,0,0,0,0,0,0,2,42,HOMBRE,ILESO,CONDUCTOR PRESENTE,NO,NO,1
31369,131294,131295,2022,1,0,-0.183299,-78.486951,PICHINCHA,QUITO,QUITO,URBANA,2022-08-22,09:25:00,9,LUNES,1,AGOSTO,8,NO,CONDUCIR VEHICULO SUPERANDO LOS LIMITES MAXIMOS DE VELOCIDAD.,CHOQUE LATERAL,SCOOTER ELECTRICO,1,0,0,0,0,0,0,0,0,0,1,0,0,2,43,MUJER,LESIONADO,CONDUCTOR PRESENTE,NO,NO,1
31370,131309,131310,2022,0,0,-0.247811,-78.534006,PICHINCHA,QUITO,QUITO,URBANA,2022-08-22,17:30:00,17,LUNES,1,AGOSTO,8,NO,NO CEDER EL DERECHO DE VIA O PREFERENCIA DE PASO A VEHICULOS.,CHOQUE LATERAL,AUTOMOVIL,2,0,0,0,0,0,0,0,0,0,0,0,0,2,29,HOMBRE,ILESO,CONDUCTOR PRESENTE,NO,NO,1
31371,131313,131314,2022,1,0,-0.172434,-78.471183,PICHINCHA,QUITO,QUITO,URBANA,2022-08-22,18:25:00,18,LUNES,1,AGOSTO,8,NO,NO MANTENER LA DISTANCIA PRUDENCIAL CON RESPECTO AL VEHICULO QUE LE ANTECEDE.,CHOQUE POSTERIOR,BUS,0,0,1,0,0,0,0,0,1,0,0,0,0,2,24,MUJER,LESIONADO,PASAJERO,NO,NO,1
31372,131316,131317,2022,2,0,-0.313917,-78.949897,PICHINCHA,MEJIA,MANUEL CORNEJO ASTORGA,RURAL,2022-08-22,19:00:00,19,LUNES,1,AGOSTO,8,NO,NO MANTENER LA DISTANCIA PRUDENCIAL CON RESPECTO AL VEHICULO QUE LE ANTECEDE.,CHOQUE POSTERIOR,MOTOCICLETA,0,0,0,0,0,0,0,0,1,1,0,0,0,2,20,HOMBRE,LESIONADO,CONDUCTOR PRESENTE,NO,NO,3
31373,131321,131322,2022,0,0,-0.150392,-78.484296,PICHINCHA,QUITO,QUITO,URBANA,2022-08-22,20:15:00,20,LUNES,1,AGOSTO,8,NO,NO MANTENER LA DISTANCIA PRUDENCIAL CON RESPECTO AL VEHICULO QUE LE ANTECEDE.,CHOQUE POSTERIOR,AUTOMOVIL,2,0,0,0,0,0,0,0,0,0,0,0,0,2,52,HOMBRE,ILESO,CONDUCTOR PRESENTE,NO,NO,1
31374,131328,131329,2022,0,0,-0.442994,-78.612147,PICHINCHA,MEJIA,ALOAG,RURAL,2022-08-23,05:45:00,5,MARTES,2,AGOSTO,8,NO,NO MANTENER LA DISTANCIA PRUDENCIAL CON RESPECTO AL VEHICULO QUE LE ANTECEDE.,CHOQUE POSTERIOR,BUS,0,0,1,1,0,0,0,0,0,0,0,0,0,2,47,HOMBRE,ILESO,CONDUCTOR PRESENTE,NO,NO,3
31375,131333,131334,2022,0,0,-0.216149,-78.513922,PICHINCHA,QUITO,QUITO,URBANA,2022-08-23,07:40:00,7,MARTES,2,AGOSTO,8,NO,CONDUCIR VEHICULO SUPERANDO LOS LIMITES MAXIMOS DE VELOCIDAD.,CHOQUE LATERAL,AUTOMOVIL,2,0,0,0,0,0,0,0,0,0,0,0,0,2,36,HOMBRE,ILESO,CONDUCTOR PRESENTE,NO,NO,1
31376,131338,131339,2022,0,0,-0.189628,-78.339167,PICHINCHA,QUITO,TABABELA,RURAL,2022-08-23,08:20:00,8,MARTES,2,AGOSTO,8,NO,CONDUCIR VEHICULO SUPERANDO LOS LIMITES MAXIMOS DE VELOCIDAD.,CHOQUE POSTERIOR,BUS,0,0,1,0,1,0,0,0,0,0,0,0,0,2,34,HOMBRE,ILESO,CONDUCTOR PRESENTE,NO,NO,3
31377,131350,131351,2022,1,0,-0.165935,-78.344356,PICHINCHA,QUITO,TABABELA,RURAL,2022-08-23,13:50:00,13,MARTES,2,AGOSTO,8,NO,REALIZAR CAMBIO BRUSCO O INDEBIDO DE CARRIL.,ROZAMIENTOS,BUS,1,0,1,0,0,0,0,0,0,0,0,0,0,2,27,MUJER,LESIONADO,CONDUCTOR PRESENTE,NO,NO,3
31378,131352,131353,2022,1,0,-0.439306,-78.554263,PICHINCHA,MEJIA,ALOAG,RURAL,2022-08-23,15:30:00,15,MARTES,2,AGOSTO,8,NO,"CONDUCIR DESATENTO A LAS CONDICIONES DE TRANSITO (CELULAR, PANTALLAS DE VIDEO, COMIDA, MAQUILLAJE O CUALQUIER OTRO ELEMENTO DISTRACTOR).",CHOQUE LATERAL,MOTOCICLETA,1,0,0,0,0,0,0,0,1,0,0,0,0,2,20,MUJER,LESIONADO,CONDUCTOR PRESENTE,NO,SI,3
31379,131358,131359,2022,0,0,-0.135483,-78.481957,PICHINCHA,QUITO,QUITO,URBANA,2022-08-23,18:45:00,18,MARTES,2,AGOSTO,8,NO,CONDUCIR VEHICULO SUPERANDO LOS LIMITES MAXIMOS DE VELOCIDAD.,COLISION,AUTOMOVIL,3,0,0,0,0,0,0,0,0,0,0,0,0,3,53,HOMBRE,ILESO,PASAJERO,NO,NO,1
31380,131360,131361,2022,0,0,-0.299582,-78.531348,PICHINCHA,QUITO,QUITO,URBANA,2022-08-23,20:00:00,20,MARTES,2,AGOSTO,8,NO,"CONDUCE BAJO LA INFLUENCIA DE ALCOHOL, SUSTANCIAS ESTUPEFACIENTES O PSICOTROPICAS Y/O MEDICAMENTOS.",OTROS,AUTOMOVIL,3,0,0,0,0,0,0,0,0,0,0,0,0,3,34,HOMBRE,ILESO,CONDUCTOR PRESENTE,NO,NO,1
31381,131365,131366,2022,0,1,0.065438,-79.151037,PICHINCHA,PEDRO VICENTE MALDONADO,PEDRO VICENTE MALDONADO,RURAL,2022-08-23,21:00:00,21,MARTES,2,AGOSTO,8,NO,CONDUCIR VEHICULO SUPERANDO LOS LIMITES MAXIMOS DE VELOCIDAD.,CAIDA DE PASAJERO,CAMION,0,0,0,1,0,0,0,0,1,0,0,0,0,2,15,HOMBRE,FALLECIDO,PASAJERO,NO,SI,3
31382,131372,131373,2022,2,0,-0.267668,-78.551297,PICHINCHA,QUITO,QUITO,URBANA,2022-08-24,05:00:00,5,MIERCOLES,3,AGOSTO,8,NO,CONDUCIR VEHICULO SUPERANDO LOS LIMITES MAXIMOS DE VELOCIDAD.,CHOQUE POSTERIOR,CAMION,0,0,0,1,0,0,0,0,1,0,0,0,0,2,26,HOMBRE,LESIONADO,PASAJERO,NO,NO,1
31383,131376,131377,2022,1,0,-0.118195,-78.506605,PICHINCHA,QUITO,QUITO,URBANA,2022-08-24,07:24:00,7,MIERCOLES,3,AGOSTO,8,NO,"NO RESPETAR LAS SENIALES REGLAMENTARIAS DE TRANSITO. (PARE, CEDA EL PASO, LUZ ROJA DEL SEMAFORO, ETC).",CHOQUE LATERAL,MOTOCICLETA,0,0,0,0,0,0,0,0,1,1,0,0,0,2,22,HOMBRE,LESIONADO,CONDUCTOR PRESENTE,NO,NO,1
31384,131380,131381,2022,0,0,-0.447056,-78.639322,PICHINCHA,MEJIA,ALOAG,RURAL,2022-08-24,08:15:00,8,MIERCOLES,3,AGOSTO,8,NO,"CONDUCIR DESATENTO A LAS CONDICIONES DE TRANSITO (CELULAR, PANTALLAS DE VIDEO, COMIDA, MAQUILLAJE O CUALQUIER OTRO ELEMENTO DISTRACTOR).",PERDIDA DE PISTA,CAMION,0,0,0,1,0,0,0,0,0,0,0,0,0,1,-1,HOMBRE,ILESO,CONDUCTOR PRESENTE,NO,NO,3
31385,131405,131406,2022,2,0,-0.286207,-78.558281,PICHINCHA,QUITO,QUITO,URBANA,2022-08-24,18:50:00,18,MIERCOLES,3,AGOSTO,8,NO,NO CEDER EL DERECHO DE VIA O PREFERENCIA DE PASO A VEHICULOS.,CHOQUE LATERAL,MOTOCICLETA,0,0,0,0,1,0,0,0,1,0,0,0,0,2,40,HOMBRE,LESIONADO,CONDUCTOR PRESENTE,NO,NO,1
31386,131410,131411,2022,2,0,-0.230056,-78.497671,PICHINCHA,QUITO,QUITO,URBANA,2022-08-24,20:00:00,20,MIERCOLES,3,AGOSTO,8,NO,CONDUCIR VEHICULO SUPERANDO LOS LIMITES MAXIMOS DE VELOCIDAD.,PERDIDA DE CARRIL,MOTOCICLETA,0,0,0,0,0,0,0,0,1,0,0,0,0,1,29,HOMBRE,LESIONADO,PASAJERO,NO,NO,1
31387,131416,131417,2022,1,0,-0.239798,-78.537446,PICHINCHA,QUITO,QUITO,URBANA,2022-08-24,23:00:00,23,MIERCOLES,3,AGOSTO,8,NO,CONDUCIR VEHICULO SUPERANDO LOS LIMITES MAXIMOS DE VELOCIDAD.,PERDIDA DE CARRIL,MOTOCICLETA,0,0,0,0,0,0,0,0,1,0,0,0,0,1,30,HOMBRE,LESIONADO,CONDUCTOR PRESENTE,NO,NO,1
31388,131427,131428,2022,1,0,-0.191495,-78.487229,PICHINCHA,QUITO,QUITO,URBANA,2022-08-25,06:30:00,6,JUEVES,4,AGOSTO,8,NO,CONDUCIR VEHICULO SUPERANDO LOS LIMITES MAXIMOS DE VELOCIDAD.,CHOQUE LATERAL,MOTOCICLETA,1,0,0,0,0,0,0,0,1,0,0,0,0,2,26,HOMBRE,LESIONADO,CONDUCTOR PRESENTE,NO,NO,1
31389,131429,131430,2022,0,0,-0.188929,-78.491024,PICHINCHA,QUITO,QUITO,URBANA,2022-08-25,07:10:00,7,JUEVES,4,AGOSTO,8,NO,CONDUCIR VEHICULO SUPERANDO LOS LIMITES MAXIMOS DE VELOCIDAD.,OTROS,MOTOCICLETA,2,0,0,0,0,0,0,0,1,0,0,0,0,3,25,HOMBRE,ILESO,CONDUCTOR PRESENTE,NO,NO,1
31390,131436,131437,2022,1,0,-0.277672,-78.531181,PICHINCHA,QUITO,QUITO,URBANA,2022-08-25,09:22:00,9,JUEVES,4,AGOSTO,8,NO,NO CEDER EL DERECHO DE VIA O PREFERENCIA DE PASO A VEHICULOS.,CHOQUE LATERAL,BICICLETA,0,1,0,0,0,0,0,0,1,0,0,0,0,2,53,HOMBRE,LESIONADO,CONDUCTOR PRESENTE,NO,NO,1
31391,131437,131438,2022,0,0,-0.262587,-78.486148,PICHINCHA,QUITO,CONOCOTO,RURAL,2022-08-25,10:30:00,10,JUEVES,4,AGOSTO,8,NO,NO MANTENER LA DISTANCIA PRUDENCIAL CON RESPECTO AL VEHICULO QUE LE ANTECEDE.,CHOQUE POSTERIOR,AUTOMOVIL,2,0,0,0,0,0,0,0,0,0,0,0,0,2,35,HOMBRE,ILESO,CONDUCTOR PRESENTE,NO,NO,3
31392,131438,131439,2022,2,1,-0.211088,-78.498284,PICHINCHA,QUITO,QUITO,URBANA,2022-08-25,10:30:00,10,JUEVES,4,AGOSTO,8,NO,"NO RESPETAR LAS SENIALES REGLAMENTARIAS DE TRANSITO. (PARE, CEDA EL PASO, LUZ ROJA DEL SEMAFORO, ETC).",CHOQUE LATERAL,BUS,1,0,1,0,0,0,0,0,0,0,0,0,0,2,33,MUJER,FALLECIDO,PASAJERO,NO,NO,1
31393,131462,131463,2022,0,0,-0.275016,-78.540392,PICHINCHA,QUITO,QUITO,URBANA,2022-08-25,18:45:00,18,JUEVES,4,AGOSTO,8,NO,"CONDUCE BAJO LA INFLUENCIA DE ALCOHOL, SUSTANCIAS ESTUPEFACIENTES O PSICOTROPICAS Y/O MEDICAMENTOS.",CHOQUE LATERAL,AUTOMOVIL,2,0,0,0,0,0,0,0,0,0,0,0,0,2,27,HOMBRE,ILESO,CONDUCTOR PRESENTE,NO,NO,1
31394,131473,131474,2022,0,1,-0.248911,-78.502266,PICHINCHA,QUITO,QUITO,URBANA,2022-08-25,22:00:00,22,JUEVES,4,AGOSTO,8,NO,NO CEDER EL DERECHO DE VIA O PREFERENCIA DE PASO AL PEATON.,ARROLLAMIENTOS,NO IDENTIFICADO,0,0,0,0,0,0,0,0,0,1,0,0,0,1,60,HOMBRE,FALLECIDO,PEATON,NO,NO,1