,Unnamed: 0,ID,ANIO,LESIONADOS,FALLECIDOS,LATITUD_Y,LONGITUD_X,PROVINCIA,CANTON,PARROQUIA,ZONA,FECHA,HORA,PERIODO_2,DIA_1,DIA_2,MES_1,MES_2,FERIADO,CAUSA_PROBABLE,TIPO_DE_SINIESTRO,TIPO_DE_VEHICULO_1,AUTOMOVIL,BICICLETA,BUS,CAMION,CAMIONETA,EMERGENCIAS,ESPECIAL,FURGONETA,MOTOCICLETA,NO_IDENTIFICADO,SCOOTER_ELECTRICO,TRICIMOTO,VEHICULO_DEPORTIVO_UTILITARIO,SUMA_DE_VEHICULOS,EDAD_1,SEXO_1,CONDICION_1,PARTICIPANTE_1,CASCO_1,CINTURON_1,KMeans_Cluster
31395,131475,131476,2022,0,0,-0.175903,-78.483739,PICHINCHA,QUITO,QUITO,URBANA,2022-08-25,22:30:00,22,JUEVES,4,AGOSTO,8,NO,"CONDUCE BAJO LA INFLUENCIA DE ALCOHOL, SUSTANCIAS ESTUPEFACIENTES O PSICOTROPICAS Y/O MEDICAMENTOS.",CHOQUE LATERAL,AUTOMOVIL,2,0,0,0,0,0,0,0,0,0,0,0,0,2,28,HOMBRE,ILESO,CONDUCTOR PRESENTE,NO,NO,1
31396,131477,131478,2022,1,0,-0.260672,-78.546152,PICHINCHA,QUITO,QUITO,URBANA,2022-08-26,00:10:00,0,VIERNES,5,AGOSTO,8,NO,"NO RESPETAR LAS SENIALES REGLAMENTARIAS DE TRANSITO. (PARE, CEDA EL PASO, LUZ ROJA DEL SEMAFORO, ETC).",CHOQUE LATERAL,AUTOMOVIL,2,0,0,0,0,0,0,0,0,0,0,0,0,2,53,HOMBRE,LESIONADO,CONDUCTOR PRESENTE,NO,NO,1
31397,131482,131483,2022,2,0,-0.202492,-78.501319,PICHINCHA,QUITO,QUITO,URBANA,2022-08-26,01:30:00,1,VIERNES,5,AGOSTO,8,NO,CONDUCIR VEHICULO SUPERANDO LOS LIMITES MAXIMOS DE VELOCIDAD.,CHOQUE LATERAL,AUTOMOVIL,2,0,0,0,0,0,0,0,0,0,0,0,0,2,11,HOMBRE,LESIONADO,PASAJERO,NO,NO,1
31398,131493,131494,2022,0,0,-0.204791,-78.489946,PICHINCHA,QUITO,QUITO,URBANA,2022-08-26,10:58:00,10,VIERNES,5,AGOSTO,8,NO,NO MANTENER LA DISTANCIA PRUDENCIAL CON RESPECTO AL VEHICULO QUE LE ANTECEDE.,CHOQUE POSTERIOR,MOTOCICLETA,1,0,0,0,0,0,0,0,1,0,0,0,0,2,28,HOMBRE,ILESO,CONDUCTOR PRESENTE,NO,NO,1
31399,131495,131496,2022,0,0,-0.264771,-78.548834,PICHINCHA,QUITO,QUITO,URBANA,2022-08-26,12:45:00,12,VIERNES,5,AGOSTO,8,NO,"CONDUCE BAJO LA INFLUENCIA DE ALCOHOL, SUSTANCIAS ESTUPEFACIENTES O PSICOTROPICAS Y/O MEDICAMENTOS.",CHOQUE LATERAL,AUTOMOVIL,2,0,0,0,0,0,0,0,0,0,0,0,0,2,46,HOMBRE,ILESO,CONDUCTOR PRESENTE,NO,NO,1
31400,131505,131506,2022,1,0,-0.462501,-78.567315,PICHINCHA,MEJIA,ALOAG,RURAL,2022-08-26,18:50:00,18,VIERNES,5,AGOSTO,8,NO,"NO RESPETAR LAS SENIALES REGLAMENTARIAS DE TRANSITO. (PARE, CEDA EL PASO, LUZ ROJA DEL SEMAFORO, ETC).",CHOQUE LATERAL,MOTOCICLETA,0,0,0,0,0,0,0,0,1,1,0,0,0,2,-1,HOMBRE,LESIONADO,CONDUCTOR PRESENTE,NO,NO,3
31401,131511,131512,2022,0,0,-0.246036,-78.520738,PICHINCHA,QUITO,QUITO,URBANA,2022-08-26,21:25:00,21,VIERNES,5,AGOSTO,8,NO,"CONDUCE BAJO LA INFLUENCIA DE ALCOHOL, SUSTANCIAS ESTUPEFACIENTES O PSICOTROPICAS Y/O MEDICAMENTOS.",CHOQUE FRONTAL,AUTOMOVIL,2,0,0,0,0,0,0,0,0,0,0,0,0,2,27,HOMBRE,ILESO,CONDUCTOR PRESENTE,NO,NO,1
31402,131512,131513,2022,0,0,-0.119765,-78.484097,PICHINCHA,QUITO,QUITO,URBANA,2022-08-26,22:00:00,22,VIERNES,5,AGOSTO,8,NO,"NO RESPETAR LAS SENIALES REGLAMENTARIAS DE TRANSITO. (PARE, CEDA EL PASO, LUZ ROJA DEL SEMAFORO, ETC).",CHOQUE LATERAL,CAMIONETA,1,0,0,0,1,0,0,0,0,0,0,0,0,2,39,HOMBRE,ILESO,CONDUCTOR PRESENTE,NO,NO,1
31403,131519,131520,2022,1,0,-0.144681,-78.483315,PICHINCHA,QUITO,QUITO,URBANA,2022-08-27,00:08:00,0,SABADO,6,AGOSTO,8,NO,"NO RESPETAR LAS SENIALES REGLAMENTARIAS DE TRANSITO. (PARE, CEDA EL PASO, LUZ ROJA DEL SEMAFORO, ETC).",CHOQUE LATERAL,AUTOMOVIL,2,0,0,0,0,0,0,0,0,0,0,0,0,2,34,HOMBRE,LESIONADO,CONDUCTOR PRESENTE,NO,NO,1
31404,131524,131525,2022,0,0,-0.092355,-78.499163,PICHINCHA,QUITO,QUITO,URBANA,2022-08-27,02:10:00,2,SABADO,6,AGOSTO,8,NO,CONDUCIR VEHICULO SUPERANDO LOS LIMITES MAXIMOS DE VELOCIDAD.,ESTRELLAMIENTOS,CAMION,0,0,0,1,0,0,0,0,0,0,0,0,0,1,17,HOMBRE,ILESO,PASAJERO,NO,NO,1
31405,131527,131528,2022,1,0,-0.297284,-78.541223,PICHINCHA,QUITO,QUITO,URBANA,2022-08-27,02:50:00,2,SABADO,6,AGOSTO,8,NO,"NO RESPETAR LAS SENIALES REGLAMENTARIAS DE TRANSITO. (PARE, CEDA EL PASO, LUZ ROJA DEL SEMAFORO, ETC).",ESTRELLAMIENTOS,AUTOMOVIL,1,0,0,0,0,0,0,0,0,0,0,0,0,1,28,HOMBRE,LESIONADO,PASAJERO,NO,NO,1
31406,131530,131531,2022,0,0,-0.257305,-78.502654,PICHINCHA,QUITO,QUITO,URBANA,2022-08-27,04:25:00,4,SABADO,6,AGOSTO,8,NO,CONDUCIR VEHICULO SUPERANDO LOS LIMITES MAXIMOS DE VELOCIDAD.,PERDIDA DE CARRIL,CAMIONETA,0,0,0,0,1,0,0,0,0,0,0,0,0,1,49,HOMBRE,ILESO,CONDUCTOR PRESENTE,NO,NO,1
31407,131534,131535,2022,0,2,0.052522,-78.144049,PICHINCHA,CAYAMBE,CAYAMBE,RURAL,2022-08-27,05:15:00,5,SABADO,6,AGOSTO,8,NO,CONDUCIR VEHICULO SUPERANDO LOS LIMITES MAXIMOS DE VELOCIDAD.,ATROPELLOS,MOTOCICLETA,0,0,0,0,0,0,0,0,1,0,0,0,0,1,32,HOMBRE,FALLECIDO,CONDUCTOR PRESENTE,NO,SI,3
31408,131538,131539,2022,2,0,-0.212768,-78.453948,PICHINCHA,QUITO,CUMBAYA,RURAL,2022-08-27,06:30:00,6,SABADO,6,AGOSTO,8,NO,"CONDUCE BAJO LA INFLUENCIA DE ALCOHOL, SUSTANCIAS ESTUPEFACIENTES O PSICOTROPICAS Y/O MEDICAMENTOS.",CHOQUE LATERAL,AUTOMOVIL,2,0,0,0,0,0,0,0,0,0,0,0,0,2,42,HOMBRE,LESIONADO,CONDUCTOR PRESENTE,NO,NO,3
31409,131545,131546,2022,0,0,-0.232748,-78.504033,PICHINCHA,QUITO,QUITO,URBANA,2022-08-27,11:50:00,11,SABADO,6,AGOSTO,8,NO,CONDUCIR VEHICULO SUPERANDO LOS LIMITES MAXIMOS DE VELOCIDAD.,CHOQUE POSTERIOR,CAMION,1,0,0,1,0,0,0,0,0,0,0,0,0,2,40,HOMBRE,ILESO,CONDUCTOR PRESENTE,NO,NO,1
31410,131549,131550,2022,3,0,-0.159821,-78.491091,PICHINCHA,QUITO,QUITO,URBANA,2022-08-27,14:40:00,14,SABADO,6,AGOSTO,8,NO,"NO RESPETAR LAS SENIALES REGLAMENTARIAS DE TRANSITO. (PARE, CEDA EL PASO, LUZ ROJA DEL SEMAFORO, ETC).",CHOQUE LATERAL,MOTOCICLETA,1,0,0,0,0,0,0,0,1,0,0,0,0,2,26,HOMBRE,LESIONADO,PASAJERO,NO,NO,1
31411,131571,131572,2022,1,1,-0.069229,-78.431721,PICHINCHA,QUITO,CALDERON (CARAPUNGO),RURAL,2022-08-27,19:30:00,19,SABADO,6,AGOSTO,8,NO,"CONDUCE BAJO LA INFLUENCIA DE ALCOHOL, SUSTANCIAS ESTUPEFACIENTES O PSICOTROPICAS Y/O MEDICAMENTOS.",PERDIDA DE CARRIL,MOTOCICLETA,0,0,0,0,0,0,0,0,1,0,0,0,0,1,20,MUJER,FALLECIDO,PASAJERO,NO,NO,3
31412,131576,131577,2022,0,0,-0.244659,-78.502647,PICHINCHA,QUITO,QUITO,URBANA,2022-08-27,20:30:00,20,SABADO,6,AGOSTO,8,NO,CONDUCIR VEHICULO SUPERANDO LOS LIMITES MAXIMOS DE VELOCIDAD.,COLISION,AUTOMOVIL,2,0,0,0,0,0,0,0,0,1,0,0,0,3,57,HOMBRE,ILESO,CONDUCTOR PRESENTE,NO,NO,1
31413,131580,131581,2022,0,0,-0.103901,-78.470225,PICHINCHA,QUITO,QUITO,URBANA,2022-08-27,21:40:00,21,SABADO,6,AGOSTO,8,NO,"NO RESPETAR LAS SENIALES REGLAMENTARIAS DE TRANSITO. (PARE, CEDA EL PASO, LUZ ROJA DEL SEMAFORO, ETC).",OTROS,AUTOMOVIL,1,0,0,0,0,0,0,0,0,0,0,0,0,1,-1,NO IDENTIFICADO,NO IDENTIFICADO,CONDUCTOR AUSENTE,NO,NO,2
31414,131583,131584,2022,1,0,-0.297881,-78.455954,PICHINCHA,QUITO,ALANGASI,RURAL,2022-08-27,22:20:00,22,SABADO,6,AGOSTO,8,NO,"CONDUCE BAJO LA INFLUENCIA DE ALCOHOL, SUSTANCIAS ESTUPEFACIENTES O PSICOTROPICAS Y/O MEDICAMENTOS.",CHOQUE LATERAL,MOTOCICLETA,1,0,0,0,0,0,0,0,1,0,0,0,0,2,28,HOMBRE,LESIONADO,CONDUCTOR PRESENTE,NO,NO,3
31415,131587,131588,2022,0,0,-0.212189,-78.497007,PICHINCHA,QUITO,QUITO,URBANA,2022-08-27,23:00:00,23,SABADO,6,AGOSTO,8,NO,"CONDUCE BAJO LA INFLUENCIA DE ALCOHOL, SUSTANCIAS ESTUPEFACIENTES O PSICOTROPICAS Y/O MEDICAMENTOS.",CHOQUE POSTERIOR,CAMIONETA,1,0,0,0,1,0,0,0,0,0,0,0,0,2,35,HOMBRE,ILESO,CONDUCTOR PRESENTE,NO,NO,1
31416,131589,131590,2022,1,0,-0.166771,-78.447745,PICHINCHA,QUITO,QUITO,URBANA,2022-08-27,23:10:00,23,SABADO,6,AGOSTO,8,NO,CONDUCIR VEHICULO SUPERANDO LOS LIMITES MAXIMOS DE VELOCIDAD.,CHOQUE POSTERIOR,AUTOMOVIL,1,0,0,0,0,0,0,0,0,1,0,0,0,2,30,MUJER,LESIONADO,PASAJERO,NO,NO,1
31417,131595,131596,2022,1,1,0.000981,-78.457138,PICHINCHA,QUITO,SAN ANTONIO (QUITO),RURAL,2022-08-28,01:30:00,1,DOMINGO,7,AGOSTO,8,NO,"CONDUCE BAJO LA INFLUENCIA DE ALCOHOL, SUSTANCIAS ESTUPEFACIENTES O PSICOTROPICAS Y/O MEDICAMENTOS.",ESTRELLAMIENTOS,AUTOMOVIL,1,0,0,0,0,0,0,0,0,0,0,0,0,1,51,HOMBRE,FALLECIDO,PEATON,NO,SI,3
31418,131598,131599,2022,0,0,-0.206051,-78.428781,PICHINCHA,QUITO,CUMBAYA,RURAL,2022-08-28,02:35:00,2,DOMINGO,7,AGOSTO,8,NO,CONDUCIR VEHICULO SUPERANDO LOS LIMITES MAXIMOS DE VELOCIDAD.,ESTRELLAMIENTOS,AUTOMOVIL,1,0,0,0,0,0,0,0,0,0,0,0,0,1,21,HOMBRE,ILESO,CONDUCTOR PRESENTE,NO,NO,3
31419,131613,131614,2022,1,0,-0.318762,-78.924505,PICHINCHA,MEJIA,MANUEL CORNEJO ASTORGA,RURAL,2022-08-28,06:47:00,6,DOMINGO,7,AGOSTO,8,NO,NO MANTENER LA DISTANCIA PRUDENCIAL CON RESPECTO AL VEHICULO QUE LE ANTECEDE.,CHOQUE POSTERIOR,MOTOCICLETA,0,0,0,0,0,0,0,0,1,1,0,0,0,2,38,HOMBRE,LESIONADO,CONDUCTOR PRESENTE,NO,NO,3
31420,131617,131618,2022,0,0,-0.098521,-78.470467,PICHINCHA,QUITO,QUITO,URBANA,2022-08-28,07:25:00,7,DOMINGO,7,AGOSTO,8,NO,CONDUCIR VEHICULO SUPERANDO LOS LIMITES MAXIMOS DE VELOCIDAD.,ESTRELLAMIENTOS,AUTOMOVIL,1,0,0,0,0,0,0,0,0,0,0,0,0,1,-1,NO IDENTIFICADO,NO IDENTIFICADO,CONDUCTOR AUSENTE,NO,NO,2
31421,131625,131626,2022,0,0,-0.257548,-78.541988,PICHINCHA,QUITO,QUITO,URBANA,2022-08-28,10:30:00,10,DOMINGO,7,AGOSTO,8,NO,CONDUCIR VEHICULO SUPERANDO LOS LIMITES MAXIMOS DE VELOCIDAD.,ESTRELLAMIENTOS,AUTOMOVIL,2,0,0,0,0,0,0,0,0,0,0,0,0,2,-1,NO IDENTIFICADO,NO IDENTIFICADO,CONDUCTOR AUSENTE,NO,NO,2
31422,131627,131628,2022,1,0,-0.238241,-78.491125,PICHINCHA,QUITO,QUITO,URBANA,2022-08-28,11:25:00,11,DOMINGO,7,AGOSTO,8,NO,NO TRANSITAR POR LAS ACERAS O ZONAS DE SEGURIDAD DESTINADAS PARA EL EFECTO.,ATROPELLOS,AUTOMOVIL,1,0,0,0,0,0,0,0,0,0,0,0,0,1,38,HOMBRE,LESIONADO,PEATON,NO,NO,1
31423,131646,131647,2022,0,0,-0.103822,-78.497694,PICHINCHA,QUITO,QUITO,URBANA,2022-08-28,19:40:00,19,DOMINGO,7,AGOSTO,8,NO,"NO RESPETAR LAS SENIALES REGLAMENTARIAS DE TRANSITO. (PARE, CEDA EL PASO, LUZ ROJA DEL SEMAFORO, ETC).",CHOQUE LATERAL,FURGONETA,1,0,0,0,0,0,0,1,0,0,0,0,0,2,32,HOMBRE,ILESO,CONDUCTOR PRESENTE,NO,NO,1
31424,131655,131656,2022,0,0,-0.299457,-78.538391,PICHINCHA,QUITO,QUITO,URBANA,2022-08-28,21:00:00,21,DOMINGO,7,AGOSTO,8,NO,DANIOS MECANICOS PREVISIBLES.,OTROS,AUTOMOVIL,1,0,0,0,0,0,0,0,0,0,0,0,0,1,-1,NO IDENTIFICADO,NO IDENTIFICADO,CONDUCTOR AUSENTE,NO,NO,2
31425,131681,131682,2022,0,0,-0.192601,-78.453301,PICHINCHA,QUITO,NAYON,URBANA,2022-08-29,08:30:00,8,LUNES,1,AGOSTO,8,NO,NO MANTENER LA DISTANCIA PRUDENCIAL CON RESPECTO AL VEHICULO QUE LE ANTECEDE.,COLISION,BUS,1,0,1,0,0,0,0,0,0,1,0,0,0,3,34,HOMBRE,ILESO,CONDUCTOR PRESENTE,NO,NO,1
31426,131682,131683,2022,0,0,-0.233263,-78.502491,PICHINCHA,QUITO,QUITO,URBANA,2022-08-29,08:37:00,8,LUNES,1,AGOSTO,8,NO,NO MANTENER LA DISTANCIA PRUDENCIAL CON RESPECTO AL VEHICULO QUE LE ANTECEDE.,COLISION,AUTOMOVIL,2,0,0,0,0,0,0,0,0,1,0,0,0,3,33,HOMBRE,ILESO,CONDUCTOR PRESENTE,NO,NO,1
31427,131684,131685,2022,2,0,-0.312061,-78.547333,PICHINCHA,QUITO,QUITO,URBANA,2022-08-29,09:15:00,9,LUNES,1,AGOSTO,8,NO,NO TRANSITAR POR LAS ACERAS O ZONAS DE SEGURIDAD DESTINADAS PARA EL EFECTO.,ATROPELLOS,BICICLETA,0,1,0,0,0,0,0,0,0,0,0,0,0,1,42,HOMBRE,LESIONADO,PEATON,NO,NO,1
31428,131688,131689,2022,2,0,-0.288791,-78.524796,PICHINCHA,QUITO,QUITO,URBANA,2022-08-29,11:00:00,11,LUNES,1,AGOSTO,8,NO,NO TRANSITAR POR LAS ACERAS O ZONAS DE SEGURIDAD DESTINADAS PARA EL EFECTO.,ATROPELLOS,MOTOCICLETA,0,0,0,0,0,0,0,0,1,0,0,0,0,1,24,HOMBRE,LESIONADO,PEATON,NO,NO,1
31429,131696,131697,2022,0,1,-0.060823,-78.465275,PICHINCHA,QUITO,POMASQUI,RURAL,2022-08-29,12:27:00,12,LUNES,1,AGOSTO,8,NO,CONDUCIR VEHICULO SUPERANDO LOS LIMITES MAXIMOS DE VELOCIDAD.,PERDIDA DE CARRIL,NO IDENTIFICADO,0,0,0,0,0,0,0,0,0,1,0,0,0,1,22,HOMBRE,FALLECIDO,CONDUCTOR PRESENTE,NO,NO,3
31430,131701,131702,2022,0,0,-0.140962,-78.441779,PICHINCHA,QUITO,LLANO CHICO,RURAL,2022-08-29,13:40:00,13,LUNES,1,AGOSTO,8,NO,"CONDUCE BAJO LA INFLUENCIA DE ALCOHOL, SUSTANCIAS ESTUPEFACIENTES O PSICOTROPICAS Y/O MEDICAMENTOS.",ROZAMIENTOS,CAMIONETA,1,0,0,0,1,0,0,0,0,0,0,0,0,2,49,HOMBRE,ILESO,CONDUCTOR PRESENTE,NO,NO,3
31431,131713,131714,2022,0,0,-0.315152,-78.521971,PICHINCHA,QUITO,QUITO,URBANA,2022-08-29,17:15:00,17,LUNES,1,AGOSTO,8,NO,NO MANTENER LA DISTANCIA PRUDENCIAL CON RESPECTO AL VEHICULO QUE LE ANTECEDE.,CHOQUE POSTERIOR,AUTOMOVIL,2,0,0,0,0,0,0,0,0,0,0,0,0,2,3,HOMBRE,ILESO,PASAJERO,NO,NO,1
31432,131717,131718,2022,0,0,-0.190211,-78.329365,PICHINCHA,QUITO,TABABELA,RURAL,2022-08-29,18:40:00,18,LUNES,1,AGOSTO,8,NO,CONDUCIR VEHICULO SUPERANDO LOS LIMITES MAXIMOS DE VELOCIDAD.,OTROS,MOTOCICLETA,3,0,0,0,0,0,0,0,1,0,0,0,0,4,24,HOMBRE,ILESO,CONDUCTOR PRESENTE,NO,NO,3
31433,131721,131722,2022,1,0,-0.065172,-78.361414,PICHINCHA,QUITO,GUAYLLABAMBA,RURAL,2022-08-29,19:30:00,19,LUNES,1,AGOSTO,8,NO,NO CEDER EL DERECHO DE VIA O PREFERENCIA DE PASO A VEHICULOS.,CHOQUE LATERAL,CAMION,0,1,0,1,0,0,0,0,0,0,0,0,0,2,27,HOMBRE,LESIONADO,CONDUCTOR PRESENTE,NO,NO,3
31434,131728,131729,2022,1,0,-0.142547,-78.474311,PICHINCHA,QUITO,QUITO,URBANA,2022-08-29,22:30:00,22,LUNES,1,AGOSTO,8,NO,CONDUCIR VEHICULO SUPERANDO LOS LIMITES MAXIMOS DE VELOCIDAD.,CHOQUE FRONTAL,CAMION,0,0,0,1,0,0,0,0,1,0,0,0,0,2,26,HOMBRE,LESIONADO,CONDUCTOR PRESENTE,NO,NO,1
31435,131736,131737,2022,0,0,-0.278474,-78.553673,PICHINCHA,QUITO,QUITO,URBANA,2022-08-30,07:15:00,7,MARTES,2,AGOSTO,8,NO,CONDUCIR VEHICULO SUPERANDO LOS LIMITES MAXIMOS DE VELOCIDAD.,CHOQUE LATERAL,MOTOCICLETA,1,0,0,0,0,0,0,0,1,0,0,0,0,2,24,HOMBRE,ILESO,CONDUCTOR PRESENTE,NO,NO,1
31436,131741,131742,2022,0,1,-0.325173,-78.455401,PICHINCHA,RUMINIAHUI,SANGOLQUI,URBANA,2022-08-30,08:50:00,8,MARTES,2,AGOSTO,8,NO,"CONDUCIR DESATENTO A LAS CONDICIONES DE TRANSITO (CELULAR, PANTALLAS DE VIDEO, COMIDA, MAQUILLAJE O CUALQUIER OTRO ELEMENTO DISTRACTOR).",ARROLLAMIENTOS,BUS,0,0,1,0,0,0,0,0,0,0,0,0,0,1,65,MUJER,FALLECIDO,PEATON,NO,SI,1
31437,131753,131754,2022,1,0,-0.241644,-78.522708,PICHINCHA,QUITO,QUITO,URBANA,2022-08-30,15:00:00,15,MARTES,2,AGOSTO,8,NO,CONDUCIR VEHICULO SUPERANDO LOS LIMITES MAXIMOS DE VELOCIDAD.,CHOQUE LATERAL,CAMION,1,0,0,1,0,0,0,0,0,0,0,0,0,2,56,HOMBRE,LESIONADO,CONDUCTOR PRESENTE,NO,NO,1
31438,131755,131756,2022,1,0,-0.133931,-78.497697,PICHINCHA,QUITO,QUITO,URBANA,2022-08-30,15:25:00,15,MARTES,2,AGOSTO,8,NO,PEATON QUE CRUZA LA CALZADA SIN RESPETAR LA SENIALIZACION EXISTENTE (SEMAFOROS O SENIALES MANUALES).,ATROPELLOS,AUTOMOVIL,1,0,0,0,0,0,0,0,0,0,0,0,0,1,39,MUJER,LESIONADO,PEATON,NO,NO,1
31439,131759,131760,2022,0,0,-0.102434,-78.491184,PICHINCHA,QUITO,QUITO,URBANA,2022-08-30,18:50:00,18,MARTES,2,AGOSTO,8,NO,CONDUCIR VEHICULO SUPERANDO LOS LIMITES MAXIMOS DE VELOCIDAD.,CHOQUE LATERAL,CAMIONETA,1,0,0,0,1,0,0,0,0,0,0,0,0,2,43,HOMBRE,ILESO,CONDUCTOR PRESENTE,NO,NO,1
31440,131763,131764,2022,0,0,-0.123737,-78.496646,PICHINCHA,QUITO,QUITO,URBANA,2022-08-30,21:00:00,21,MARTES,2,AGOSTO,8,NO,NO CEDER EL DERECHO DE VIA O PREFERENCIA DE PASO A VEHICULOS.,CHOQUE LATERAL,AUTOMOVIL,2,0,0,0,0,0,0,0,0,0,0,0,0,2,23,HOMBRE,ILESO,CONDUCTOR PRESENTE,NO,NO,1
31441,131770,131771,2022,0,0,-0.353132,-78.436732,PICHINCHA,RUMINIAHUI,SANGOLQUI,RURAL,2022-08-31,04:40:00,4,MIERCOLES,3,AGOSTO,8,NO,"CONDUCE BAJO LA INFLUENCIA DE ALCOHOL, SUSTANCIAS ESTUPEFACIENTES O PSICOTROPICAS Y/O MEDICAMENTOS.",ESTRELLAMIENTOS,CAMION,0,0,0,1,0,0,0,0,0,0,0,0,1,2,27,HOMBRE,ILESO,CONDUCTOR PRESENTE,NO,SI,3
31442,131771,131772,2022,0,1,-0.083513,-78.389859,PICHINCHA,QUITO,CALDERON (CARAPUNGO),RURAL,2022-08-31,05:40:00,5,MIERCOLES,3,AGOSTO,8,NO,"CONDUCIR DESATENTO A LAS CONDICIONES DE TRANSITO (CELULAR, PANTALLAS DE VIDEO, COMIDA, MAQUILLAJE O CUALQUIER OTRO ELEMENTO DISTRACTOR).",PERDIDA DE CARRIL,VEHICULO DEPORTIVO UTILITARIO,0,0,0,0,0,0,0,0,0,0,0,0,1,1,24,HOMBRE,FALLECIDO,PASAJERO,NO,SI,3
31443,131775,131776,2022,0,0,-0.220704,-78.423142,PICHINCHA,QUITO,TUMBACO,RURAL,2022-08-31,09:41:00,9,MIERCOLES,3,AGOSTO,8,NO,CONDUCIR VEHICULO SUPERANDO LOS LIMITES MAXIMOS DE VELOCIDAD.,COLISION,CAMIONETA,2,0,0,0,1,0,0,0,0,0,0,0,0,3,37,MUJER,ILESO,CONDUCTOR PRESENTE,NO,NO,3
31444,131776,131777,2022,2,0,-0.124206,-78.502924,PICHINCHA,QUITO,QUITO,URBANA,2022-08-31,10:15:00,10,MIERCOLES,3,AGOSTO,8,NO,NO TRANSITAR POR LAS ACERAS O ZONAS DE SEGURIDAD DESTINADAS PARA EL EFECTO.,ATROPELLOS,MOTOCICLETA,0,0,0,0,0,0,0,0,1,0,0,0,0,1,25,HOMBRE,LESIONADO,CONDUCTOR PRESENTE,NO,NO,1
31445,131777,131778,2022,0,0,-0.251281,-78.528834,PICHINCHA,QUITO,QUITO,URBANA,2022-08-31,11:45:00,11,MIERCOLES,3,AGOSTO,8,NO,CONDUCIR VEHICULO SUPERANDO LOS LIMITES MAXIMOS DE VELOCIDAD.,CHOQUE LATERAL,FURGONETA,1,0,0,0,0,0,0,1,0,0,0,0,0,2,33,HOMBRE,ILESO,CONDUCTOR PRESENTE,NO,NO,1
31446,131797,131798,2022,0,0,-0.241623,-78.482876,PICHINCHA,QUITO,QUITO,URBANA,2022-08-31,20:30:00,20,MIERCOLES,3,AGOSTO,8,NO,CONDUCIR VEHICULO SUPERANDO LOS LIMITES MAXIMOS DE VELOCIDAD.,COLISION,AUTOMOVIL,3,0,0,0,0,0,0,0,0,0,0,0,0,3,36,HOMBRE,ILESO,CONDUCTOR PRESENTE,NO,NO,1
31447,131812,131813,2022,0,0,-0.172859,-78.485821,PICHINCHA,QUITO,QUITO,URBANA,2022-09-01,06:55:00,6,JUEVES,4,SEPTIEMBRE,9,NO,NO CEDER EL DERECHO DE VIA O PREFERENCIA DE PASO A VEHICULOS.,CHOQUE LATERAL,AUTOMOVIL,2,0,0,0,0,0,0,0,0,0,0,0,0,2,38,HOMBRE,ILESO,CONDUCTOR PRESENTE,NO,NO,1
31448,131813,131814,2022,0,0,-0.419628,-78.550801,PICHINCHA,MEJIA,TAMBILLO (MEJIA),RURAL,2022-09-01,07:00:00,7,JUEVES,4,SEPTIEMBRE,9,NO,"CONDUCIR DESATENTO A LAS CONDICIONES DE TRANSITO (CELULAR, PANTALLAS DE VIDEO, COMIDA, MAQUILLAJE O CUALQUIER OTRO ELEMENTO DISTRACTOR).",CHOQUE LATERAL,CAMION,1,0,0,1,0,0,0,0,0,0,0,0,0,2,40,HOMBRE,ILESO,CONDUCTOR PRESENTE,NO,SI,3
31449,131815,131816,2022,0,0,-0.192318,-78.481324,PICHINCHA,QUITO,QUITO,URBANA,2022-09-01,08:32:00,8,JUEVES,4,SEPTIEMBRE,9,NO,"NO RESPETAR LAS SENIALES REGLAMENTARIAS DE TRANSITO. (PARE, CEDA EL PASO, LUZ ROJA DEL SEMAFORO, ETC).",CHOQUE LATERAL,BUS,1,0,1,0,0,0,0,0,0,0,0,0,0,2,20,HOMBRE,ILESO,CONDUCTOR PRESENTE,NO,NO,1
31450,131816,131817,2022,0,0,-0.132011,-78.481761,PICHINCHA,QUITO,QUITO,URBANA,2022-09-01,08:35:00,8,JUEVES,4,SEPTIEMBRE,9,NO,NO CEDER EL DERECHO DE VIA O PREFERENCIA DE PASO A VEHICULOS.,CHOQUE LATERAL,AUTOMOVIL,2,0,0,0,0,0,0,0,0,0,0,0,0,2,53,MUJER,ILESO,PASAJERO,NO,NO,1
31451,131820,131821,2022,0,0,-0.208471,-78.494037,PICHINCHA,QUITO,QUITO,URBANA,2022-09-01,09:30:00,9,JUEVES,4,SEPTIEMBRE,9,NO,NO CEDER EL DERECHO DE VIA O PREFERENCIA DE PASO A VEHICULOS.,CHOQUE LATERAL,AUTOMOVIL,2,0,0,0,0,0,0,0,0,0,0,0,0,2,26,HOMBRE,ILESO,CONDUCTOR PRESENTE,NO,NO,1
31452,131826,131827,2022,1,0,-0.214884,-78.500421,PICHINCHA,QUITO,QUITO,URBANA,2022-09-01,13:35:00,13,JUEVES,4,SEPTIEMBRE,9,NO,PEATON QUE CRUZA LA CALZADA SIN RESPETAR LA SENIALIZACION EXISTENTE (SEMAFOROS O SENIALES MANUALES).,ATROPELLOS,BUS,0,0,1,0,0,0,0,0,0,0,0,0,0,1,87,HOMBRE,LESIONADO,PEATON,NO,NO,1