,Unnamed: 0,ID,ANIO,LESIONADOS,FALLECIDOS,LATITUD_Y,LONGITUD_X,PROVINCIA,CANTON,PARROQUIA,ZONA,FECHA,HORA,PERIODO_2,DIA_1,DIA_2,MES_1,MES_2,FERIADO,CAUSA_PROBABLE,TIPO_DE_SINIESTRO,TIPO_DE_VEHICULO_1,AUTOMOVIL,BICICLETA,BUS,CAMION,CAMIONETA,EMERGENCIAS,ESPECIAL,FURGONETA,MOTOCICLETA,NO_IDENTIFICADO,SCOOTER_ELECTRICO,TRICIMOTO,VEHICULO_DEPORTIVO_UTILITARIO,SUMA_DE_VEHICULOS,EDAD_1,SEXO_1,CONDICION_1,PARTICIPANTE_1,CASCO_1,CINTURON_1,KMeans_Cluster
31453,131859,131860,2022,0,0,-0.261551,-78.530661,PICHINCHA,QUITO,QUITO,URBANA,2022-09-01,22:30:00,22,JUEVES,4,SEPTIEMBRE,9,NO,"NO RESPETAR LAS SENIALES REGLAMENTARIAS DE TRANSITO. (PARE, CEDA EL PASO, LUZ ROJA DEL SEMAFORO, ETC).",CHOQUE LATERAL,AUTOMOVIL,2,0,0,0,0,0,0,0,0,0,0,0,0,2,7,HOMBRE,ILESO,PASAJERO,NO,NO,1
31454,131866,131867,2022,0,0,-0.233544,-78.513921,PICHINCHA,QUITO,QUITO,URBANA,2022-09-02,05:00:00,5,VIERNES,5,SEPTIEMBRE,9,NO,"CONDUCE BAJO LA INFLUENCIA DE ALCOHOL, SUSTANCIAS ESTUPEFACIENTES O PSICOTROPICAS Y/O MEDICAMENTOS.",CHOQUE LATERAL,AUTOMOVIL,2,0,0,0,0,0,0,0,0,0,0,0,0,2,42,HOMBRE,ILESO,CONDUCTOR PRESENTE,NO,NO,1
31455,131867,131868,2022,0,0,-0.465051,-78.564996,PICHINCHA,MEJIA,MACHACHI,RURAL,2022-09-02,05:30:00,5,VIERNES,5,SEPTIEMBRE,9,NO,"CONDUCIR DESATENTO A LAS CONDICIONES DE TRANSITO (CELULAR, PANTALLAS DE VIDEO, COMIDA, MAQUILLAJE O CUALQUIER OTRO ELEMENTO DISTRACTOR).",CHOQUE POSTERIOR,AUTOMOVIL,1,0,0,0,0,0,0,0,0,0,0,0,0,1,37,HOMBRE,ILESO,CONDUCTOR PRESENTE,NO,SI,3
31456,131868,131869,2022,2,0,-0.115269,-78.494978,PICHINCHA,QUITO,QUITO,URBANA,2022-09-02,05:45:00,5,VIERNES,5,SEPTIEMBRE,9,NO,"NO RESPETAR LAS SENIALES REGLAMENTARIAS DE TRANSITO. (PARE, CEDA EL PASO, LUZ ROJA DEL SEMAFORO, ETC).",OTROS,AUTOMOVIL,2,0,0,0,0,0,0,0,0,0,0,0,0,2,54,HOMBRE,LESIONADO,PEATON,NO,NO,1
31457,131872,131873,2022,1,0,-0.178711,-78.486031,PICHINCHA,QUITO,QUITO,URBANA,2022-09-02,09:10:00,9,VIERNES,5,SEPTIEMBRE,9,NO,"CONDUCE BAJO LA INFLUENCIA DE ALCOHOL, SUSTANCIAS ESTUPEFACIENTES O PSICOTROPICAS Y/O MEDICAMENTOS.",CHOQUE LATERAL,MOTOCICLETA,1,0,0,0,0,0,0,0,1,0,0,0,0,2,26,HOMBRE,LESIONADO,CONDUCTOR PRESENTE,NO,NO,1
31458,131874,131875,2022,0,0,-0.175706,-78.485614,PICHINCHA,QUITO,QUITO,URBANA,2022-09-02,09:30:00,9,VIERNES,5,SEPTIEMBRE,9,NO,"NO RESPETAR LAS SENIALES REGLAMENTARIAS DE TRANSITO. (PARE, CEDA EL PASO, LUZ ROJA DEL SEMAFORO, ETC).",CHOQUE LATERAL,CAMIONETA,1,0,0,0,1,0,0,0,0,0,0,0,0,2,30,HOMBRE,ILESO,CONDUCTOR PRESENTE,NO,NO,1
31459,131882,131883,2022,1,0,-0.111249,-78.500483,PICHINCHA,QUITO,QUITO,URBANA,2022-09-02,11:30:00,11,VIERNES,5,SEPTIEMBRE,9,NO,"NO RESPETAR LAS SENIALES REGLAMENTARIAS DE TRANSITO. (PARE, CEDA EL PASO, LUZ ROJA DEL SEMAFORO, ETC).",CHOQUE LATERAL,MOTOCICLETA,1,0,0,0,0,0,0,0,1,0,0,0,0,2,25,HOMBRE,LESIONADO,CONDUCTOR PRESENTE,NO,NO,1
31460,131886,131887,2022,0,0,-0.133625,-78.496278,PICHINCHA,QUITO,QUITO,URBANA,2022-09-02,13:10:00,13,VIERNES,5,SEPTIEMBRE,9,NO,NO CEDER EL DERECHO DE VIA O PREFERENCIA DE PASO A VEHICULOS.,CHOQUE LATERAL,MOTOCICLETA,1,0,0,0,0,0,0,0,1,0,0,0,0,2,36,HOMBRE,ILESO,CONDUCTOR PRESENTE,NO,NO,1
31461,131890,131891,2022,1,0,-0.412547,-78.801833,PICHINCHA,MEJIA,MANUEL CORNEJO ASTORGA,RURAL,2022-09-02,14:00:00,14,VIERNES,5,SEPTIEMBRE,9,NO,BAJARSE O SUBIRSE DE VEHICULOS EN MOVIMIENTO SIN TOMAR LAS PRECAUCIONES DEBIDAS.,CAIDA DE PASAJERO,BUS,0,0,1,0,0,0,0,0,0,0,0,0,0,1,71,MUJER,LESIONADO,PASAJERO,NO,NO,3
31462,131891,131892,2022,1,0,-0.249131,-78.517514,PICHINCHA,QUITO,QUITO,URBANA,2022-09-02,14:35:00,14,VIERNES,5,SEPTIEMBRE,9,NO,NO TRANSITAR POR LAS ACERAS O ZONAS DE SEGURIDAD DESTINADAS PARA EL EFECTO.,ATROPELLOS,BUS,0,0,1,0,0,0,0,0,0,0,0,0,0,1,55,HOMBRE,LESIONADO,PEATON,NO,NO,1
31463,131894,131895,2022,0,0,-0.165425,-78.316581,PICHINCHA,QUITO,YARUQUI,RURAL,2022-09-02,15:39:00,15,VIERNES,5,SEPTIEMBRE,9,NO,REALIZAR CAMBIO BRUSCO O INDEBIDO DE CARRIL.,CHOQUE LATERAL,MOTOCICLETA,1,0,0,0,0,0,0,0,1,0,0,0,0,2,28,HOMBRE,ILESO,CONDUCTOR PRESENTE,NO,NO,3
31464,131895,131896,2022,1,0,-0.159547,-78.463724,PICHINCHA,QUITO,QUITO,URBANA,2022-09-02,15:50:00,15,VIERNES,5,SEPTIEMBRE,9,NO,"NO RESPETAR LAS SENIALES REGLAMENTARIAS DE TRANSITO. (PARE, CEDA EL PASO, LUZ ROJA DEL SEMAFORO, ETC).",CHOQUE LATERAL,CAMIONETA,1,0,0,0,1,0,0,0,0,0,0,0,0,2,23,MUJER,LESIONADO,PASAJERO,NO,NO,1
31465,131896,131897,2022,0,0,-0.262883,-78.540297,PICHINCHA,QUITO,QUITO,URBANA,2022-09-02,15:50:00,15,VIERNES,5,SEPTIEMBRE,9,NO,CONDUCIR VEHICULO SUPERANDO LOS LIMITES MAXIMOS DE VELOCIDAD.,ESTRELLAMIENTOS,AUTOMOVIL,1,0,0,0,0,0,0,0,0,0,0,0,0,1,-1,NO IDENTIFICADO,NO IDENTIFICADO,CONDUCTOR AUSENTE,NO,NO,2
31466,131897,131898,2022,0,0,-0.269884,-78.535241,PICHINCHA,QUITO,QUITO,URBANA,2022-09-02,16:15:00,16,VIERNES,5,SEPTIEMBRE,9,NO,CONDUCIR VEHICULO SUPERANDO LOS LIMITES MAXIMOS DE VELOCIDAD.,COLISION,CAMION,2,0,0,1,0,0,0,0,0,0,0,0,0,3,30,HOMBRE,ILESO,CONDUCTOR PRESENTE,NO,NO,1
31467,131898,131899,2022,0,1,-0.086679,-78.425606,PICHINCHA,QUITO,CALDERON (CARAPUNGO),RURAL,2022-09-02,16:20:00,16,VIERNES,5,SEPTIEMBRE,9,NO,"NO RESPETAR LAS SENIALES REGLAMENTARIAS DE TRANSITO. (PARE, CEDA EL PASO, LUZ ROJA DEL SEMAFORO, ETC).",CHOQUE LATERAL,CAMION,0,0,0,1,0,0,0,0,1,0,0,0,0,2,17,HOMBRE,FALLECIDO,CONDUCTOR PRESENTE,NO,NO,3
31468,131900,131901,2022,0,0,-0.238863,-78.533151,PICHINCHA,QUITO,QUITO,URBANA,2022-09-02,16:30:00,16,VIERNES,5,SEPTIEMBRE,9,NO,CONDUCIR VEHICULO SUPERANDO LOS LIMITES MAXIMOS DE VELOCIDAD.,ESTRELLAMIENTOS,AUTOMOVIL,2,0,0,0,0,0,0,0,0,0,0,0,0,2,-1,NO IDENTIFICADO,NO IDENTIFICADO,CONDUCTOR AUSENTE,NO,NO,2
31469,131907,131908,2022,1,0,-0.230097,-78.506851,PICHINCHA,QUITO,QUITO,URBANA,2022-09-02,18:00:00,18,VIERNES,5,SEPTIEMBRE,9,NO,DEJAR O RECOGER PASAJEROS EN LUGARES NO PERMITIDOS.,CAIDA DE PASAJERO,BUS,0,0,1,0,0,0,0,0,0,0,0,0,0,1,14,MUJER,LESIONADO,PASAJERO,NO,NO,1
31470,131934,131935,2022,0,0,-0.219173,-78.520575,PICHINCHA,QUITO,QUITO,URBANA,2022-09-03,01:10:00,1,SABADO,6,SEPTIEMBRE,9,NO,NO CEDER EL DERECHO DE VIA O PREFERENCIA DE PASO A VEHICULOS.,CHOQUE LATERAL,AUTOMOVIL,2,0,0,0,0,0,0,0,0,0,0,0,0,2,40,HOMBRE,ILESO,CONDUCTOR PRESENTE,NO,NO,1
31471,131938,131939,2022,1,2,-0.212967,-78.373454,PICHINCHA,QUITO,TUMBACO,RURAL,2022-09-03,01:55:00,1,SABADO,6,SEPTIEMBRE,9,NO,"CONDUCE BAJO LA INFLUENCIA DE ALCOHOL, SUSTANCIAS ESTUPEFACIENTES O PSICOTROPICAS Y/O MEDICAMENTOS.",CHOQUE POSTERIOR,MOTOCICLETA,1,0,0,0,0,0,0,0,1,0,0,0,0,2,21,HOMBRE,FALLECIDO,CONDUCTOR PRESENTE,NO,NO,3
31472,131941,131942,2022,0,0,-0.185676,-78.477701,PICHINCHA,QUITO,QUITO,URBANA,2022-09-03,02:40:00,2,SABADO,6,SEPTIEMBRE,9,NO,"CONDUCIR EN ESTADO DE SOMNOLENCIA O MALAS CONDICIONES FISICAS (SUENIO, CANSANCIO Y FATIGA).",ESTRELLAMIENTOS,AUTOMOVIL,1,0,0,0,0,0,0,0,0,0,0,0,0,1,73,MUJER,ILESO,CONDUCTOR PRESENTE,NO,NO,1
31473,131944,131945,2022,0,0,-0.169782,-78.488656,PICHINCHA,QUITO,QUITO,URBANA,2022-09-03,03:20:00,3,SABADO,6,SEPTIEMBRE,9,NO,CONDUCIR VEHICULO SUPERANDO LOS LIMITES MAXIMOS DE VELOCIDAD.,ESTRELLAMIENTOS,AUTOMOVIL,1,0,0,0,0,0,0,0,0,0,0,0,0,1,-1,NO IDENTIFICADO,NO IDENTIFICADO,CONDUCTOR AUSENTE,NO,NO,2
31474,131947,131948,2022,1,0,-0.282781,-78.554241,PICHINCHA,QUITO,QUITO,URBANA,2022-09-03,03:30:00,3,SABADO,6,SEPTIEMBRE,9,NO,CONDUCIR VEHICULO SUPERANDO LOS LIMITES MAXIMOS DE VELOCIDAD.,PERDIDA DE CARRIL,AUTOMOVIL,1,0,0,0,0,0,0,0,0,0,0,0,0,1,32,MUJER,LESIONADO,PASAJERO,NO,NO,1
31475,131948,131949,2022,1,0,-0.313981,-78.562451,PICHINCHA,QUITO,QUITO,URBANA,2022-09-03,03:40:00,3,SABADO,6,SEPTIEMBRE,9,NO,REALIZAR CAMBIO BRUSCO O INDEBIDO DE CARRIL.,CHOQUE FRONTAL,MOTOCICLETA,1,0,0,0,0,0,0,0,1,0,0,0,0,2,35,HOMBRE,LESIONADO,CONDUCTOR PRESENTE,NO,NO,1
31476,131949,131950,2022,0,0,-0.281211,-78.557012,PICHINCHA,QUITO,QUITO,URBANA,2022-09-03,04:30:00,4,SABADO,6,SEPTIEMBRE,9,NO,"NO RESPETAR LAS SENIALES REGLAMENTARIAS DE TRANSITO. (PARE, CEDA EL PASO, LUZ ROJA DEL SEMAFORO, ETC).",OTROS,CAMIONETA,0,0,0,0,1,0,0,0,0,0,0,0,0,1,-1,NO IDENTIFICADO,NO IDENTIFICADO,CONDUCTOR AUSENTE,NO,NO,2
31477,131951,131952,2022,0,0,-0.431386,-78.552432,PICHINCHA,MEJIA,MACHACHI,RURAL,2022-09-03,05:40:00,5,SABADO,6,SEPTIEMBRE,9,NO,"CONDUCIR DESATENTO A LAS CONDICIONES DE TRANSITO (CELULAR, PANTALLAS DE VIDEO, COMIDA, MAQUILLAJE O CUALQUIER OTRO ELEMENTO DISTRACTOR).",PERDIDA DE CARRIL,CAMION,1,0,0,1,0,0,0,0,0,0,0,0,0,2,56,HOMBRE,ILESO,CONDUCTOR PRESENTE,NO,SI,3
31478,131952,131953,2022,1,0,-0.106339,-78.472762,PICHINCHA,QUITO,QUITO,URBANA,2022-09-03,05:55:00,5,SABADO,6,SEPTIEMBRE,9,NO,NO MANTENER LA DISTANCIA PRUDENCIAL CON RESPECTO AL VEHICULO QUE LE ANTECEDE.,CHOQUE POSTERIOR,CAMION,1,0,0,1,0,0,0,0,0,0,0,0,0,2,39,HOMBRE,LESIONADO,CONDUCTOR PRESENTE,NO,NO,1
31479,131955,131956,2022,1,0,-0.160131,-78.485506,PICHINCHA,QUITO,QUITO,URBANA,2022-09-03,06:40:00,6,SABADO,6,SEPTIEMBRE,9,NO,NO CEDER EL DERECHO DE VIA O PREFERENCIA DE PASO A VEHICULOS.,CHOQUE FRONTAL,MOTOCICLETA,1,0,0,0,0,0,0,0,1,0,0,0,0,2,22,HOMBRE,LESIONADO,CONDUCTOR PRESENTE,NO,NO,1
31480,131962,131963,2022,0,0,-0.277676,-78.513761,PICHINCHA,QUITO,QUITO,URBANA,2022-09-03,08:35:00,8,SABADO,6,SEPTIEMBRE,9,NO,"FALLA MECANICA EN LOS SISTEMAS Y/O NEUMATICOS (SISTEMA DE FRENOS, DIRECCION, ELECTRONICO O MECANICO).",ESTRELLAMIENTOS,FURGONETA,0,0,0,0,0,0,0,1,0,0,0,0,0,1,21,HOMBRE,ILESO,CONDUCTOR PRESENTE,NO,NO,1
31481,131963,131964,2022,0,0,-0.236791,-78.487186,PICHINCHA,QUITO,QUITO,URBANA,2022-09-03,08:40:00,8,SABADO,6,SEPTIEMBRE,9,NO,NO MANTENER LA DISTANCIA PRUDENCIAL CON RESPECTO AL VEHICULO QUE LE ANTECEDE.,CHOQUE POSTERIOR,CAMIONETA,1,0,0,0,1,0,0,0,0,0,0,0,0,2,45,HOMBRE,ILESO,CONDUCTOR PRESENTE,NO,NO,1
31482,131964,131965,2022,2,0,-0.212209,-78.384158,PICHINCHA,QUITO,TUMBACO,RURAL,2022-09-03,09:40:00,9,SABADO,6,SEPTIEMBRE,9,NO,NO TRANSITAR POR LAS ACERAS O ZONAS DE SEGURIDAD DESTINADAS PARA EL EFECTO.,ATROPELLOS,MOTOCICLETA,0,0,0,0,0,0,0,0,1,0,0,0,0,1,25,HOMBRE,LESIONADO,CONDUCTOR PRESENTE,NO,NO,3
31483,131973,131974,2022,1,0,-0.318433,-78.551464,PICHINCHA,QUITO,QUITO,URBANA,2022-09-03,14:30:00,14,SABADO,6,SEPTIEMBRE,9,NO,"CONDUCE BAJO LA INFLUENCIA DE ALCOHOL, SUSTANCIAS ESTUPEFACIENTES O PSICOTROPICAS Y/O MEDICAMENTOS.",ROZAMIENTOS,AUTOMOVIL,2,0,0,0,0,0,0,0,0,0,0,0,0,2,24,HOMBRE,LESIONADO,CONDUCTOR PRESENTE,NO,NO,1
31484,131975,131976,2022,1,0,-0.104705,-78.425709,PICHINCHA,QUITO,CALDERON (CARAPUNGO),RURAL,2022-09-03,15:15:00,15,SABADO,6,SEPTIEMBRE,9,NO,CONDUCIR VEHICULO SUPERANDO LOS LIMITES MAXIMOS DE VELOCIDAD.,CHOQUE POSTERIOR,AUTOMOVIL,2,0,0,0,0,0,0,0,0,0,0,0,0,2,57,MUJER,LESIONADO,PASAJERO,NO,NO,3
31485,131980,131981,2022,0,0,-0.247515,-78.479809,PICHINCHA,QUITO,QUITO,RURAL,2022-09-03,16:30:00,16,SABADO,6,SEPTIEMBRE,9,NO,CONDUCIR VEHICULO SUPERANDO LOS LIMITES MAXIMOS DE VELOCIDAD.,ESTRELLAMIENTOS,CAMION,0,0,0,1,0,0,0,0,0,0,0,0,0,1,25,HOMBRE,ILESO,PASAJERO,NO,NO,3
31486,131987,131988,2022,0,0,-0.191295,-78.486151,PICHINCHA,QUITO,QUITO,URBANA,2022-09-03,19:40:00,19,SABADO,6,SEPTIEMBRE,9,NO,"CONDUCE BAJO LA INFLUENCIA DE ALCOHOL, SUSTANCIAS ESTUPEFACIENTES O PSICOTROPICAS Y/O MEDICAMENTOS.",OTROS,AUTOMOVIL,3,0,0,0,0,0,0,0,0,0,0,0,0,3,28,HOMBRE,ILESO,CONDUCTOR PRESENTE,NO,NO,1
31487,131993,131994,2022,0,0,-0.384782,-78.532519,PICHINCHA,MEJIA,UYUMBICHO,RURAL,2022-09-03,20:50:00,20,SABADO,6,SEPTIEMBRE,9,NO,"CONDUCIR DESATENTO A LAS CONDICIONES DE TRANSITO (CELULAR, PANTALLAS DE VIDEO, COMIDA, MAQUILLAJE O CUALQUIER OTRO ELEMENTO DISTRACTOR).",CHOQUE LATERAL,BUS,0,0,1,0,0,0,0,0,0,0,0,0,1,2,59,HOMBRE,ILESO,CONDUCTOR PRESENTE,NO,SI,3
31488,131995,131996,2022,7,0,-0.314039,-78.950219,PICHINCHA,MEJIA,MANUEL CORNEJO ASTORGA,RURAL,2022-09-03,21:10:00,21,SABADO,6,SEPTIEMBRE,9,NO,NO GUARDAR LA DISTANCIA LATERAL MINIMA DE SEGURIDAD ENTRE VEHICULOS.,CHOQUE LATERAL,CAMION,1,0,0,1,0,0,0,0,0,0,0,0,0,2,37,HOMBRE,LESIONADO,CONDUCTOR PRESENTE,NO,NO,3
31489,132001,132002,2022,0,0,-0.444664,-78.711622,PICHINCHA,MEJIA,ALOAG,RURAL,2022-09-03,21:50:00,21,SABADO,6,SEPTIEMBRE,9,NO,"CONDUCIR DESATENTO A LAS CONDICIONES DE TRANSITO (CELULAR, PANTALLAS DE VIDEO, COMIDA, MAQUILLAJE O CUALQUIER OTRO ELEMENTO DISTRACTOR).",ROZAMIENTOS,CAMION,0,0,0,1,0,0,0,0,0,0,0,0,1,2,39,HOMBRE,ILESO,CONDUCTOR PRESENTE,NO,NO,3
31490,132026,132027,2022,2,0,-0.208219,-78.461607,PICHINCHA,QUITO,QUITO,RURAL,2022-09-04,03:00:00,3,DOMINGO,7,SEPTIEMBRE,9,NO,CONDUCIR VEHICULO SUPERANDO LOS LIMITES MAXIMOS DE VELOCIDAD.,PERDIDA DE CARRIL,AUTOMOVIL,1,0,0,0,0,0,0,0,0,0,0,0,0,1,24,MUJER,LESIONADO,PASAJERO,NO,NO,3
31491,132054,132055,2022,4,0,-0.191128,-78.512659,PICHINCHA,QUITO,QUITO,URBANA,2022-09-04,09:45:00,9,DOMINGO,7,SEPTIEMBRE,9,NO,NO TRANSITAR POR LAS ACERAS O ZONAS DE SEGURIDAD DESTINADAS PARA EL EFECTO.,ATROPELLOS,MOTOCICLETA,0,0,0,0,0,0,0,0,1,0,0,0,0,1,38,HOMBRE,LESIONADO,PEATON,NO,NO,1
31492,132059,132060,2022,0,0,-0.062108,-78.426159,PICHINCHA,QUITO,CALDERON (CARAPUNGO),RURAL,2022-09-04,11:00:00,11,DOMINGO,7,SEPTIEMBRE,9,NO,CONDUCIR VEHICULO SUPERANDO LOS LIMITES MAXIMOS DE VELOCIDAD.,ESTRELLAMIENTOS,CAMIONETA,0,0,0,0,1,0,0,0,0,0,0,0,0,1,-1,NO IDENTIFICADO,NO IDENTIFICADO,CONDUCTOR AUSENTE,NO,NO,2
31493,132071,132072,2022,1,1,-0.098603,-78.489861,PICHINCHA,QUITO,QUITO,RURAL,2022-09-04,17:23:00,17,DOMINGO,7,SEPTIEMBRE,9,NO,"CONDUCIR DESATENTO A LAS CONDICIONES DE TRANSITO (CELULAR, PANTALLAS DE VIDEO, COMIDA, MAQUILLAJE O CUALQUIER OTRO ELEMENTO DISTRACTOR).",ATROPELLOS,AUTOMOVIL,1,0,0,0,0,0,0,0,0,0,0,0,0,1,34,HOMBRE,FALLECIDO,PEATON,NO,SI,3
31494,132072,132073,2022,3,2,-0.022311,-78.505663,PICHINCHA,QUITO,CALACALI,RURAL,2022-09-04,17:30:00,17,DOMINGO,7,SEPTIEMBRE,9,NO,CONDUCIR VEHICULO SUPERANDO LOS LIMITES MAXIMOS DE VELOCIDAD.,VOLCAMIENTOS,AUTOMOVIL,1,0,0,0,0,0,0,0,0,0,0,0,0,1,69,HOMBRE,FALLECIDO,PASAJERO,NO,NO,3
31495,132084,132085,2022,0,0,-0.295644,-78.451151,PICHINCHA,QUITO,ALANGASI,RURAL,2022-09-04,21:00:00,21,DOMINGO,7,SEPTIEMBRE,9,NO,CONDUCIR VEHICULO SUPERANDO LOS LIMITES MAXIMOS DE VELOCIDAD.,ESTRELLAMIENTOS,CAMIONETA,0,0,0,0,1,0,0,0,0,0,0,0,0,1,-1,NO IDENTIFICADO,NO IDENTIFICADO,CONDUCTOR AUSENTE,NO,NO,2
31496,132096,132097,2022,1,0,-0.277774,-78.531215,PICHINCHA,QUITO,QUITO,URBANA,2022-09-05,06:25:00,6,LUNES,1,SEPTIEMBRE,9,NO,BAJARSE O SUBIRSE DE VEHICULOS EN MOVIMIENTO SIN TOMAR LAS PRECAUCIONES DEBIDAS.,CAIDA DE PASAJERO,BUS,0,0,1,0,0,0,0,0,0,0,0,0,0,1,48,MUJER,LESIONADO,PASAJERO,NO,NO,1
31497,132109,132110,2022,0,0,-0.240541,-78.474281,PICHINCHA,QUITO,QUITO,URBANA,2022-09-05,14:10:00,14,LUNES,1,SEPTIEMBRE,9,NO,CONDUCIR VEHICULO SUPERANDO LOS LIMITES MAXIMOS DE VELOCIDAD.,ESTRELLAMIENTOS,AUTOMOVIL,1,0,0,0,0,0,0,0,0,0,0,0,0,1,49,HOMBRE,ILESO,CONDUCTOR PRESENTE,NO,NO,1
31498,132110,132111,2022,1,0,-0.197929,-78.487473,PICHINCHA,QUITO,QUITO,URBANA,2022-09-05,14:15:00,14,LUNES,1,SEPTIEMBRE,9,NO,REALIZAR CAMBIO BRUSCO O INDEBIDO DE CARRIL.,CHOQUE LATERAL,MOTOCICLETA,1,0,0,0,0,0,0,0,1,0,0,0,0,2,27,MUJER,LESIONADO,CONDUCTOR PRESENTE,NO,NO,1
31499,132121,132122,2022,1,0,-0.209558,-78.331176,PICHINCHA,QUITO,YARUQUI,RURAL,2022-09-05,17:00:00,17,LUNES,1,SEPTIEMBRE,9,NO,NO TRANSITAR POR LAS ACERAS O ZONAS DE SEGURIDAD DESTINADAS PARA EL EFECTO.,ATROPELLOS,NO IDENTIFICADO,0,0,0,0,0,0,0,0,0,1,0,0,0,1,85,HOMBRE,LESIONADO,PEATON,NO,SI,3
31500,132130,132131,2022,0,0,-0.210461,-78.419751,PICHINCHA,QUITO,TUMBACO,RURAL,2022-09-05,19:05:00,19,LUNES,1,SEPTIEMBRE,9,NO,NO MANTENER LA DISTANCIA PRUDENCIAL CON RESPECTO AL VEHICULO QUE LE ANTECEDE.,COLISION,AUTOMOVIL,3,0,0,0,0,0,0,0,0,0,0,0,0,3,38,HOMBRE,ILESO,CONDUCTOR PRESENTE,NO,NO,3
31501,132131,132132,2022,0,0,-0.174003,-78.500829,PICHINCHA,QUITO,QUITO,URBANA,2022-09-05,19:20:00,19,LUNES,1,SEPTIEMBRE,9,NO,CONDUCIR VEHICULO SUPERANDO LOS LIMITES MAXIMOS DE VELOCIDAD.,COLISION,AUTOMOVIL,3,0,0,0,0,0,0,0,0,1,0,0,0,4,66,HOMBRE,ILESO,CONDUCTOR PRESENTE,NO,NO,1
31502,132134,132135,2022,1,0,-0.096245,-78.467097,PICHINCHA,QUITO,QUITO,URBANA,2022-09-05,20:00:00,20,LUNES,1,SEPTIEMBRE,9,NO,"CONDUCIR DESATENTO A LAS CONDICIONES DE TRANSITO (CELULAR, PANTALLAS DE VIDEO, COMIDA, MAQUILLAJE O CUALQUIER OTRO ELEMENTO DISTRACTOR).",CHOQUE POSTERIOR,CAMIONETA,1,0,0,0,1,0,0,0,0,0,0,0,0,2,-1,NO IDENTIFICADO,LESIONADO,PASAJERO,NO,NO,1
31503,132136,132137,2022,0,0,-0.329765,-78.453855,PICHINCHA,RUMINIAHUI,SANGOLQUI,RURAL,2022-09-05,21:15:00,21,LUNES,1,SEPTIEMBRE,9,NO,"CONDUCE BAJO LA INFLUENCIA DE ALCOHOL, SUSTANCIAS ESTUPEFACIENTES O PSICOTROPICAS Y/O MEDICAMENTOS.",CHOQUE POSTERIOR,CAMION,0,0,0,1,0,0,0,0,0,1,0,0,0,2,48,HOMBRE,ILESO,CONDUCTOR PRESENTE,NO,SI,3
31504,132137,132138,2022,1,0,-0.277021,-78.557174,PICHINCHA,QUITO,QUITO,URBANA,2022-09-05,21:29:00,21,LUNES,1,SEPTIEMBRE,9,NO,NO CEDER EL DERECHO DE VIA O PREFERENCIA DE PASO A VEHICULOS.,CHOQUE LATERAL,MOTOCICLETA,1,0,0,0,0,0,0,0,1,0,0,0,0,2,26,HOMBRE,LESIONADO,CONDUCTOR PRESENTE,NO,NO,1
31505,132145,132146,2022,0,0,-0.102606,-78.463169,PICHINCHA,QUITO,QUITO,URBANA,2022-09-06,03:10:00,3,MARTES,2,SEPTIEMBRE,9,NO,REALIZAR CAMBIO BRUSCO O INDEBIDO DE CARRIL.,PERDIDA DE CARRIL,AUTOMOVIL,1,0,0,0,0,0,0,0,0,0,0,0,0,1,-1,NO IDENTIFICADO,NO IDENTIFICADO,CONDUCTOR AUSENTE,NO,NO,2
31506,132155,132156,2022,3,0,-0.443853,-78.684594,PICHINCHA,MEJIA,ALOAG,RURAL,2022-09-06,07:20:00,7,MARTES,2,SEPTIEMBRE,9,NO,NO GUARDAR LA DISTANCIA LATERAL MINIMA DE SEGURIDAD ENTRE VEHICULOS.,CHOQUE LATERAL,CAMION,0,0,0,2,0,0,0,0,0,0,0,0,0,2,35,HOMBRE,LESIONADO,CONDUCTOR PRESENTE,NO,NO,3
31507,132156,132157,2022,1,0,-0.289748,-78.538425,PICHINCHA,QUITO,QUITO,URBANA,2022-09-06,07:25:00,7,MARTES,2,SEPTIEMBRE,9,NO,BAJARSE O SUBIRSE DE VEHICULOS EN MOVIMIENTO SIN TOMAR LAS PRECAUCIONES DEBIDAS.,CAIDA DE PASAJERO,NO IDENTIFICADO,0,0,0,0,0,0,0,0,0,1,0,0,0,1,67,MUJER,LESIONADO,PEATON,NO,NO,1
31508,132159,132160,2022,11,0,-0.206569,-78.369342,PICHINCHA,QUITO,PUEMBO,RURAL,2022-09-06,07:40:00,7,MARTES,2,SEPTIEMBRE,9,NO,CONDUCIR VEHICULO SUPERANDO LOS LIMITES MAXIMOS DE VELOCIDAD.,ESTRELLAMIENTOS,BUS,0,0,1,0,0,0,0,0,0,0,0,0,0,1,25,HOMBRE,LESIONADO,PASAJERO,NO,NO,3
31509,132169,132170,2022,0,0,-0.063459,-78.427922,PICHINCHA,QUITO,CALDERON (CARAPUNGO),RURAL,2022-09-06,13:30:00,13,MARTES,2,SEPTIEMBRE,9,NO,CONDUCIR VEHICULO SUPERANDO LOS LIMITES MAXIMOS DE VELOCIDAD.,ESTRELLAMIENTOS,CAMION,0,0,0,1,0,0,0,0,0,0,0,0,0,1,70,HOMBRE,ILESO,CONDUCTOR PRESENTE,NO,NO,3
31510,132177,132178,2022,0,0,-0.244699,-78.514084,PICHINCHA,QUITO,QUITO,URBANA,2022-09-06,15:30:00,15,MARTES,2,SEPTIEMBRE,9,NO,CONDUCIR VEHICULO SUPERANDO LOS LIMITES MAXIMOS DE VELOCIDAD.,COLISION,BUS,1,0,1,0,0,0,0,0,0,1,0,0,0,3,28,HOMBRE,ILESO,CONDUCTOR PRESENTE,NO,NO,1