,Unnamed: 0,ID,ANIO,LESIONADOS,FALLECIDOS,LATITUD_Y,LONGITUD_X,PROVINCIA,CANTON,PARROQUIA,ZONA,FECHA,HORA,PERIODO_2,DIA_1,DIA_2,MES_1,MES_2,FERIADO,CAUSA_PROBABLE,TIPO_DE_SINIESTRO,TIPO_DE_VEHICULO_1,AUTOMOVIL,BICICLETA,BUS,CAMION,CAMIONETA,EMERGENCIAS,ESPECIAL,FURGONETA,MOTOCICLETA,NO_IDENTIFICADO,SCOOTER_ELECTRICO,TRICIMOTO,VEHICULO_DEPORTIVO_UTILITARIO,SUMA_DE_VEHICULOS,EDAD_1,SEXO_1,CONDICION_1,PARTICIPANTE_1,CASCO_1,CINTURON_1,KMeans_Cluster
31511,132189,132190,2022,0,1,-0.302566,-78.553916,PICHINCHA,QUITO,QUITO,URBANA,2022-09-07,00:08:00,0,MIERCOLES,3,SEPTIEMBRE,9,NO,CONDUCIR VEHICULO SUPERANDO LOS LIMITES MAXIMOS DE VELOCIDAD.,PERDIDA DE CARRIL,MOTOCICLETA,0,0,0,0,0,0,0,0,1,0,0,0,0,1,30,HOMBRE,FALLECIDO,CONDUCTOR PRESENTE,NO,NO,1
31512,132198,132199,2022,0,0,-0.292866,-78.542509,PICHINCHA,QUITO,QUITO,URBANA,2022-09-07,07:40:00,7,MIERCOLES,3,SEPTIEMBRE,9,NO,"NO RESPETAR LAS SENIALES REGLAMENTARIAS DE TRANSITO. (PARE, CEDA EL PASO, LUZ ROJA DEL SEMAFORO, ETC).",CHOQUE LATERAL,AUTOMOVIL,2,0,0,0,0,0,0,0,0,0,0,0,0,2,24,HOMBRE,ILESO,CONDUCTOR PRESENTE,NO,NO,1
31513,132212,132213,2022,2,0,-0.217846,-78.513126,PICHINCHA,QUITO,QUITO,URBANA,2022-09-07,15:30:00,15,MIERCOLES,3,SEPTIEMBRE,9,NO,CONDUCIR VEHICULO SUPERANDO LOS LIMITES MAXIMOS DE VELOCIDAD.,OTROS,MOTOCICLETA,1,0,0,0,0,0,0,0,1,0,0,0,0,2,41,HOMBRE,LESIONADO,CONDUCTOR PRESENTE,NO,NO,1
31514,132218,132219,2022,1,0,0.013894,-78.439731,PICHINCHA,QUITO,SAN ANTONIO (QUITO),RURAL,2022-09-07,19:54:00,19,MIERCOLES,3,SEPTIEMBRE,9,NO,NO CEDER EL DERECHO DE VIA O PREFERENCIA DE PASO A VEHICULOS.,CHOQUE LATERAL,CAMION,1,0,0,1,0,0,0,0,0,0,0,0,0,2,53,HOMBRE,LESIONADO,CONDUCTOR PRESENTE,NO,NO,3
31515,132230,132231,2022,0,0,-0.272693,-78.509047,PICHINCHA,QUITO,QUITO,URBANA,2022-09-08,00:05:00,0,JUEVES,4,SEPTIEMBRE,9,NO,"CONDUCIR EN ESTADO DE SOMNOLENCIA O MALAS CONDICIONES FISICAS (SUENIO, CANSANCIO Y FATIGA).",ESTRELLAMIENTOS,CAMION,0,0,0,2,0,0,0,0,0,0,0,0,0,2,-1,NO IDENTIFICADO,NO IDENTIFICADO,CONDUCTOR AUSENTE,NO,NO,2
31516,132233,132234,2022,0,0,-0.201334,-78.490517,PICHINCHA,QUITO,QUITO,URBANA,2022-09-08,01:10:00,1,JUEVES,4,SEPTIEMBRE,9,NO,"NO RESPETAR LAS SENIALES REGLAMENTARIAS DE TRANSITO. (PARE, CEDA EL PASO, LUZ ROJA DEL SEMAFORO, ETC).",CHOQUE LATERAL,AUTOMOVIL,2,0,0,0,0,0,0,0,0,0,0,0,0,2,55,HOMBRE,ILESO,CONDUCTOR PRESENTE,NO,NO,1
31517,132234,132235,2022,0,1,-0.196052,-78.441978,PICHINCHA,QUITO,CUMBAYA,RURAL,2022-09-08,01:40:00,1,JUEVES,4,SEPTIEMBRE,9,NO,"CONDUCIR EN ESTADO DE SOMNOLENCIA O MALAS CONDICIONES FISICAS (SUENIO, CANSANCIO Y FATIGA).",ESTRELLAMIENTOS,CAMIONETA,0,0,0,0,1,0,0,0,0,0,0,0,0,1,27,HOMBRE,FALLECIDO,CONDUCTOR PRESENTE,NO,NO,3
31518,132235,132236,2022,3,0,-0.271166,-78.551841,PICHINCHA,QUITO,QUITO,URBANA,2022-09-08,03:25:00,3,JUEVES,4,SEPTIEMBRE,9,NO,"NO RESPETAR LAS SENIALES REGLAMENTARIAS DE TRANSITO. (PARE, CEDA EL PASO, LUZ ROJA DEL SEMAFORO, ETC).",CHOQUE LATERAL,AUTOMOVIL,2,0,0,0,0,0,0,0,0,0,0,0,0,2,12,HOMBRE,LESIONADO,PASAJERO,NO,NO,1
31519,132239,132240,2022,0,0,-0.236999,-78.529741,PICHINCHA,QUITO,QUITO,URBANA,2022-09-08,06:00:00,6,JUEVES,4,SEPTIEMBRE,9,NO,REALIZAR CAMBIO BRUSCO O INDEBIDO DE CARRIL.,CHOQUE LATERAL,CAMIONETA,1,0,0,0,1,0,0,0,0,0,0,0,0,2,37,HOMBRE,ILESO,CONDUCTOR PRESENTE,NO,NO,1
31520,132240,132241,2022,0,0,-0.209711,-78.503828,PICHINCHA,QUITO,QUITO,URBANA,2022-09-08,06:30:00,6,JUEVES,4,SEPTIEMBRE,9,NO,CONDUCIR VEHICULO SUPERANDO LOS LIMITES MAXIMOS DE VELOCIDAD.,ESTRELLAMIENTOS,AUTOMOVIL,1,0,0,0,0,0,0,0,0,0,0,0,0,1,-1,NO IDENTIFICADO,NO IDENTIFICADO,CONDUCTOR AUSENTE,NO,NO,2
31521,132248,132249,2022,0,0,-0.080003,-78.413731,PICHINCHA,QUITO,CALDERON (CARAPUNGO),RURAL,2022-09-08,09:10:00,9,JUEVES,4,SEPTIEMBRE,9,NO,"ADELANTAR O REBASAR A OTRO VEHICULO EN MOVIMIENTO EN ZONAS O SITIOS PELIGROSOS TALES COMO: CURVAS, PUENTES, TUNELES, PENDIENTES, ETC.",CHOQUE LATERAL,CAMION,1,0,0,1,0,0,0,0,0,0,0,0,0,2,56,HOMBRE,ILESO,CONDUCTOR PRESENTE,NO,NO,3
31522,132254,132255,2022,0,0,-0.112268,-78.474297,PICHINCHA,QUITO,QUITO,URBANA,2022-09-08,11:00:00,11,JUEVES,4,SEPTIEMBRE,9,NO,CONDUCIR VEHICULO SUPERANDO LOS LIMITES MAXIMOS DE VELOCIDAD.,ESTRELLAMIENTOS,CAMION,0,0,0,1,0,0,0,0,0,0,0,0,0,1,54,HOMBRE,ILESO,CONDUCTOR PRESENTE,NO,NO,1
31523,132255,132256,2022,1,0,-0.301618,-78.458898,PICHINCHA,RUMINIAHUI,SANGOLQUI,URBANA,2022-09-08,11:20:00,11,JUEVES,4,SEPTIEMBRE,9,NO,"CONDUCIR DESATENTO A LAS CONDICIONES DE TRANSITO (CELULAR, PANTALLAS DE VIDEO, COMIDA, MAQUILLAJE O CUALQUIER OTRO ELEMENTO DISTRACTOR).",CHOQUE LATERAL,MOTOCICLETA,1,0,0,0,0,0,0,0,1,0,0,0,0,2,28,HOMBRE,LESIONADO,CONDUCTOR PRESENTE,NO,SI,1
31524,132259,132260,2022,0,0,-0.256933,-78.543276,PICHINCHA,QUITO,QUITO,URBANA,2022-09-08,14:00:00,14,JUEVES,4,SEPTIEMBRE,9,NO,"CONDUCIR DESATENTO A LAS CONDICIONES DE TRANSITO (CELULAR, PANTALLAS DE VIDEO, COMIDA, MAQUILLAJE O CUALQUIER OTRO ELEMENTO DISTRACTOR).",CHOQUE LATERAL,AUTOMOVIL,2,0,0,0,0,0,0,0,0,0,0,0,0,2,29,HOMBRE,ILESO,CONDUCTOR PRESENTE,NO,NO,1
31525,132264,132265,2022,1,0,-0.064974,-78.360904,PICHINCHA,QUITO,GUAYLLABAMBA,RURAL,2022-09-08,15:40:00,15,JUEVES,4,SEPTIEMBRE,9,NO,REALIZAR CAMBIO BRUSCO O INDEBIDO DE CARRIL.,CHOQUE FRONTAL,CAMION,0,0,0,1,0,0,0,0,1,0,0,0,0,2,30,HOMBRE,LESIONADO,CONDUCTOR PRESENTE,NO,NO,3
31526,132266,132267,2022,0,0,-0.337304,-78.449251,PICHINCHA,RUMINIAHUI,SANGOLQUI,URBANA,2022-09-08,16:50:00,16,JUEVES,4,SEPTIEMBRE,9,NO,"CONDUCIR DESATENTO A LAS CONDICIONES DE TRANSITO (CELULAR, PANTALLAS DE VIDEO, COMIDA, MAQUILLAJE O CUALQUIER OTRO ELEMENTO DISTRACTOR).",ESTRELLAMIENTOS,VEHICULO DEPORTIVO UTILITARIO,1,0,0,0,0,0,0,0,0,0,0,0,1,2,29,HOMBRE,ILESO,CONDUCTOR PRESENTE,NO,SI,1
31527,132268,132269,2022,1,0,-0.318399,-78.549388,PICHINCHA,QUITO,QUITO,URBANA,2022-09-08,17:10:00,17,JUEVES,4,SEPTIEMBRE,9,NO,NO TRANSITAR POR LAS ACERAS O ZONAS DE SEGURIDAD DESTINADAS PARA EL EFECTO.,ATROPELLOS,BUS,0,0,1,0,0,0,0,0,0,0,0,0,0,1,24,HOMBRE,LESIONADO,PEATON,NO,NO,1
31528,132270,132271,2022,1,0,-0.262234,-78.547906,PICHINCHA,QUITO,QUITO,URBANA,2022-09-08,17:30:00,17,JUEVES,4,SEPTIEMBRE,9,NO,"NO RESPETAR LAS SENIALES REGLAMENTARIAS DE TRANSITO. (PARE, CEDA EL PASO, LUZ ROJA DEL SEMAFORO, ETC).",OTROS,BUS,1,0,1,0,0,0,0,0,1,0,0,0,0,3,35,HOMBRE,LESIONADO,CONDUCTOR PRESENTE,NO,NO,1
31529,132272,132273,2022,1,0,-0.153186,-78.488313,PICHINCHA,QUITO,QUITO,URBANA,2022-09-08,17:46:00,17,JUEVES,4,SEPTIEMBRE,9,NO,NO MANTENER LA DISTANCIA PRUDENCIAL CON RESPECTO AL VEHICULO QUE LE ANTECEDE.,COLISION,AUTOMOVIL,5,0,0,0,0,0,0,0,0,1,0,0,0,6,26,HOMBRE,LESIONADO,CONDUCTOR PRESENTE,NO,NO,1
31530,132273,132274,2022,0,0,-0.254915,-78.522295,PICHINCHA,QUITO,QUITO,URBANA,2022-09-08,17:47:00,17,JUEVES,4,SEPTIEMBRE,9,NO,NO GUARDAR LA DISTANCIA LATERAL MINIMA DE SEGURIDAD ENTRE VEHICULOS.,ROZAMIENTOS,MOTOCICLETA,1,0,0,0,0,0,0,0,1,0,0,0,0,2,49,HOMBRE,ILESO,PASAJERO,NO,NO,1
31531,132274,132275,2022,2,0,-0.098485,-78.511855,PICHINCHA,QUITO,QUITO,URBANA,2022-09-08,18:00:00,18,JUEVES,4,SEPTIEMBRE,9,NO,MALAS CONDICIONES DE LA VIA Y/O CONFIGURACION. (ILUMINACION Y DISENIO).,PERDIDA DE CARRIL,AUTOMOVIL,1,0,0,0,0,0,0,0,0,0,0,0,0,1,5,HOMBRE,LESIONADO,PASAJERO,NO,NO,1
31532,132278,132279,2022,1,0,-0.218326,-78.388075,PICHINCHA,QUITO,TUMBACO,RURAL,2022-09-08,18:50:00,18,JUEVES,4,SEPTIEMBRE,9,NO,"CONDUCE BAJO LA INFLUENCIA DE ALCOHOL, SUSTANCIAS ESTUPEFACIENTES O PSICOTROPICAS Y/O MEDICAMENTOS.",CHOQUE POSTERIOR,MOTOCICLETA,1,0,0,0,0,0,0,0,1,0,0,0,0,2,60,HOMBRE,LESIONADO,CONDUCTOR PRESENTE,NO,NO,3
31533,132279,132280,2022,0,0,-0.312101,-78.548501,PICHINCHA,QUITO,QUITO,URBANA,2022-09-08,19:00:00,19,JUEVES,4,SEPTIEMBRE,9,NO,CONDUCIR VEHICULO SUPERANDO LOS LIMITES MAXIMOS DE VELOCIDAD.,ESTRELLAMIENTOS,CAMIONETA,0,0,0,0,1,0,0,0,0,0,0,0,0,1,-1,NO IDENTIFICADO,NO IDENTIFICADO,CONDUCTOR AUSENTE,NO,NO,2
31534,132283,132284,2022,2,0,-0.196113,-78.442548,PICHINCHA,QUITO,CUMBAYA,RURAL,2022-09-08,20:33:00,20,JUEVES,4,SEPTIEMBRE,9,NO,"NO RESPETAR LAS SENIALES REGLAMENTARIAS DE TRANSITO. (PARE, CEDA EL PASO, LUZ ROJA DEL SEMAFORO, ETC).",CHOQUE LATERAL,MOTOCICLETA,1,0,0,0,0,0,0,0,1,0,0,0,0,2,32,HOMBRE,LESIONADO,CONDUCTOR PRESENTE,NO,NO,3
31535,132284,132285,2022,0,1,-0.056788,-78.451009,PICHINCHA,QUITO,CALDERON (CARAPUNGO),RURAL,2022-09-08,20:40:00,20,JUEVES,4,SEPTIEMBRE,9,NO,CONDUCIR VEHICULO SUPERANDO LOS LIMITES MAXIMOS DE VELOCIDAD.,ATROPELLOS,NO IDENTIFICADO,0,0,0,0,0,0,0,0,0,1,0,0,0,1,8,MUJER,FALLECIDO,PEATON,NO,NO,3
31536,132290,132291,2022,1,0,-0.297246,-78.534584,PICHINCHA,QUITO,QUITO,URBANA,2022-09-08,21:40:00,21,JUEVES,4,SEPTIEMBRE,9,NO,CONDUCIR VEHICULO SUPERANDO LOS LIMITES MAXIMOS DE VELOCIDAD.,CHOQUE POSTERIOR,MOTOCICLETA,0,0,0,0,1,0,0,0,1,0,0,0,0,2,34,HOMBRE,LESIONADO,CONDUCTOR PRESENTE,NO,NO,1
31537,132295,132296,2022,0,0,-0.236998,-78.484284,PICHINCHA,QUITO,QUITO,URBANA,2022-09-09,01:20:00,1,VIERNES,5,SEPTIEMBRE,9,NO,CONDUCIR VEHICULO SUPERANDO LOS LIMITES MAXIMOS DE VELOCIDAD.,ESTRELLAMIENTOS,AUTOMOVIL,1,0,0,0,0,0,0,0,0,0,0,0,0,1,-1,NO IDENTIFICADO,NO IDENTIFICADO,CONDUCTOR AUSENTE,NO,NO,2
31538,132300,132301,2022,1,0,-0.154357,-78.477026,PICHINCHA,QUITO,QUITO,URBANA,2022-09-09,06:15:00,6,VIERNES,5,SEPTIEMBRE,9,NO,PEATON QUE CRUZA LA CALZADA SIN RESPETAR LA SENIALIZACION EXISTENTE (SEMAFOROS O SENIALES MANUALES).,ATROPELLOS,BICICLETA,0,1,0,0,0,0,0,0,0,0,0,0,0,1,33,HOMBRE,LESIONADO,CONDUCTOR PRESENTE,NO,NO,1
31539,132309,132310,2022,1,0,-0.112334,-78.504688,PICHINCHA,QUITO,QUITO,URBANA,2022-09-09,07:20:00,7,VIERNES,5,SEPTIEMBRE,9,NO,"CONDUCE BAJO LA INFLUENCIA DE ALCOHOL, SUSTANCIAS ESTUPEFACIENTES O PSICOTROPICAS Y/O MEDICAMENTOS.",ATROPELLOS,FURGONETA,0,0,0,0,0,0,0,1,0,0,0,0,0,1,48,HOMBRE,LESIONADO,PEATON,NO,NO,1
31540,132312,132313,2022,0,0,-0.295442,-78.444096,PICHINCHA,QUITO,ALANGASI,RURAL,2022-09-09,08:20:00,8,VIERNES,5,SEPTIEMBRE,9,NO,"CONDUCIR DESATENTO A LAS CONDICIONES DE TRANSITO (CELULAR, PANTALLAS DE VIDEO, COMIDA, MAQUILLAJE O CUALQUIER OTRO ELEMENTO DISTRACTOR).",OTROS,AUTOMOVIL,1,0,0,0,0,0,0,0,0,0,0,0,0,1,-1,NO IDENTIFICADO,NO IDENTIFICADO,CONDUCTOR AUSENTE,NO,NO,2
31541,132322,132323,2022,1,0,-0.001301,-78.448001,PICHINCHA,QUITO,SAN ANTONIO (QUITO),RURAL,2022-09-09,15:40:00,15,VIERNES,5,SEPTIEMBRE,9,NO,"NO RESPETAR LAS SENIALES REGLAMENTARIAS DE TRANSITO. (PARE, CEDA EL PASO, LUZ ROJA DEL SEMAFORO, ETC).",CHOQUE LATERAL,TRICIMOTO,1,0,0,0,0,0,0,0,0,0,0,1,0,2,45,HOMBRE,LESIONADO,CONDUCTOR PRESENTE,NO,NO,3
31542,132327,132328,2022,0,0,-0.091393,-78.451288,PICHINCHA,QUITO,CALDERON (CARAPUNGO),RURAL,2022-09-09,19:10:00,19,VIERNES,5,SEPTIEMBRE,9,NO,CONDUCIR VEHICULO SUPERANDO LOS LIMITES MAXIMOS DE VELOCIDAD.,ESTRELLAMIENTOS,BUS,2,0,1,0,0,0,0,0,0,0,0,0,0,3,-1,NO IDENTIFICADO,NO IDENTIFICADO,CONDUCTOR AUSENTE,NO,NO,2
31543,132338,132339,2022,0,0,-0.171851,-78.487783,PICHINCHA,QUITO,QUITO,URBANA,2022-09-09,20:40:00,20,VIERNES,5,SEPTIEMBRE,9,NO,CONDUCIR VEHICULO SUPERANDO LOS LIMITES MAXIMOS DE VELOCIDAD.,ESTRELLAMIENTOS,AUTOMOVIL,1,0,0,0,0,0,0,0,0,0,0,0,0,1,-1,NO IDENTIFICADO,NO IDENTIFICADO,CONDUCTOR AUSENTE,NO,NO,2
31544,132340,132341,2022,2,0,-0.292791,-78.542293,PICHINCHA,QUITO,QUITO,URBANA,2022-09-09,22:50:00,22,VIERNES,5,SEPTIEMBRE,9,NO,"NO RESPETAR LAS SENIALES REGLAMENTARIAS DE TRANSITO. (PARE, CEDA EL PASO, LUZ ROJA DEL SEMAFORO, ETC).",CHOQUE LATERAL,MOTOCICLETA,0,0,0,0,0,0,0,0,1,1,0,0,0,2,19,HOMBRE,LESIONADO,PASAJERO,NO,NO,1
31545,132341,132342,2022,0,0,-0.052789,-78.144501,PICHINCHA,CAYAMBE,CANGAHUA,URBANA,2022-09-09,23:40:00,23,VIERNES,5,SEPTIEMBRE,9,NO,"CONDUCE BAJO LA INFLUENCIA DE ALCOHOL, SUSTANCIAS ESTUPEFACIENTES O PSICOTROPICAS Y/O MEDICAMENTOS.",PERDIDA DE CARRIL,FURGONETA,0,0,0,0,1,0,0,1,0,0,0,0,0,2,41,HOMBRE,ILESO,CONDUCTOR PRESENTE,NO,SI,1
31546,132350,132351,2022,0,0,-0.254924,-78.503813,PICHINCHA,QUITO,QUITO,URBANA,2022-09-10,01:25:00,1,SABADO,6,SEPTIEMBRE,9,NO,CONDUCIR VEHICULO SUPERANDO LOS LIMITES MAXIMOS DE VELOCIDAD.,ESTRELLAMIENTOS,CAMION,0,0,0,1,0,0,0,0,0,0,0,0,0,1,-1,NO IDENTIFICADO,NO IDENTIFICADO,CONDUCTOR AUSENTE,NO,NO,2
31547,132353,132354,2022,1,0,-0.249916,-78.529312,PICHINCHA,QUITO,QUITO,URBANA,2022-09-10,01:30:00,1,SABADO,6,SEPTIEMBRE,9,NO,REALIZAR CAMBIO BRUSCO O INDEBIDO DE CARRIL.,CHOQUE LATERAL,AUTOMOVIL,2,0,0,0,0,0,0,0,0,0,0,0,0,2,25,MUJER,LESIONADO,PASAJERO,NO,NO,1
31548,132357,132358,2022,0,0,-0.207648,-78.500751,PICHINCHA,QUITO,QUITO,URBANA,2022-09-10,02:35:00,2,SABADO,6,SEPTIEMBRE,9,NO,CONDUCIR VEHICULO SUPERANDO LOS LIMITES MAXIMOS DE VELOCIDAD.,PERDIDA DE CARRIL,MOTOCICLETA,0,0,0,0,0,0,0,0,1,0,0,0,0,1,-1,NO IDENTIFICADO,NO IDENTIFICADO,CONDUCTOR AUSENTE,NO,NO,2
31549,132361,132362,2022,0,0,-0.191644,-78.485777,PICHINCHA,QUITO,QUITO,URBANA,2022-09-10,03:45:00,3,SABADO,6,SEPTIEMBRE,9,NO,"NO RESPETAR LAS SENIALES REGLAMENTARIAS DE TRANSITO. (PARE, CEDA EL PASO, LUZ ROJA DEL SEMAFORO, ETC).",CHOQUE LATERAL,AUTOMOVIL,2,0,0,0,0,0,0,0,0,0,0,0,0,2,23,HOMBRE,ILESO,CONDUCTOR PRESENTE,NO,NO,1
31550,132366,132367,2022,0,0,-0.234205,-78.514346,PICHINCHA,QUITO,QUITO,URBANA,2022-09-10,04:55:00,4,SABADO,6,SEPTIEMBRE,9,NO,"NO RESPETAR LAS SENIALES REGLAMENTARIAS DE TRANSITO. (PARE, CEDA EL PASO, LUZ ROJA DEL SEMAFORO, ETC).",ESTRELLAMIENTOS,AUTOMOVIL,1,0,0,0,0,0,0,0,0,0,0,0,0,1,-1,NO IDENTIFICADO,NO IDENTIFICADO,CONDUCTOR AUSENTE,NO,NO,2
31551,132368,132369,2022,0,1,-0.224988,-78.347722,PICHINCHA,QUITO,PIFO,RURAL,2022-09-10,05:00:00,5,SABADO,6,SEPTIEMBRE,9,NO,"CONDUCIR DESATENTO A LAS CONDICIONES DE TRANSITO (CELULAR, PANTALLAS DE VIDEO, COMIDA, MAQUILLAJE O CUALQUIER OTRO ELEMENTO DISTRACTOR).",PERDIDA DE CARRIL,MOTOCICLETA,0,0,0,0,0,0,0,0,1,0,0,0,0,1,38,HOMBRE,FALLECIDO,CONDUCTOR PRESENTE,NO,SI,3
31552,132371,132372,2022,0,0,-0.138811,-78.501157,PICHINCHA,QUITO,QUITO,URBANA,2022-09-10,05:15:00,5,SABADO,6,SEPTIEMBRE,9,NO,CONDUCIR VEHICULO SUPERANDO LOS LIMITES MAXIMOS DE VELOCIDAD.,ESTRELLAMIENTOS,AUTOMOVIL,1,0,0,0,0,0,0,0,0,0,0,0,0,1,-1,NO IDENTIFICADO,NO IDENTIFICADO,CONDUCTOR AUSENTE,NO,NO,2
31553,132382,132383,2022,0,0,-0.216797,-78.436953,PICHINCHA,QUITO,CUMBAYA,RURAL,2022-09-10,08:40:00,8,SABADO,6,SEPTIEMBRE,9,NO,"NO RESPETAR LAS SENIALES REGLAMENTARIAS DE TRANSITO. (PARE, CEDA EL PASO, LUZ ROJA DEL SEMAFORO, ETC).",CHOQUE LATERAL,AUTOMOVIL,2,0,0,0,0,0,0,0,0,0,0,0,0,2,34,HOMBRE,ILESO,CONDUCTOR PRESENTE,NO,NO,3
31554,132394,132395,2022,1,0,-0.195904,-78.494851,PICHINCHA,QUITO,QUITO,URBANA,2022-09-10,12:40:00,12,SABADO,6,SEPTIEMBRE,9,NO,REALIZAR CAMBIO BRUSCO O INDEBIDO DE CARRIL.,CHOQUE LATERAL,MOTOCICLETA,0,0,0,0,1,0,0,0,1,0,0,0,0,2,40,HOMBRE,LESIONADO,CONDUCTOR PRESENTE,NO,NO,1
31555,132395,132396,2022,1,0,-0.216647,-78.515244,PICHINCHA,QUITO,QUITO,URBANA,2022-09-10,12:40:00,12,SABADO,6,SEPTIEMBRE,9,NO,NO TRANSITAR POR LAS ACERAS O ZONAS DE SEGURIDAD DESTINADAS PARA EL EFECTO.,ARROLLAMIENTOS,AUTOMOVIL,1,0,0,0,0,0,0,0,0,0,0,0,0,1,26,HOMBRE,LESIONADO,PEATON,NO,NO,1
31556,132409,132410,2022,1,0,-0.052516,-78.321246,PICHINCHA,QUITO,GUAYLLABAMBA,RURAL,2022-09-10,15:10:00,15,SABADO,6,SEPTIEMBRE,9,NO,"CONDUCIR DESATENTO A LAS CONDICIONES DE TRANSITO (CELULAR, PANTALLAS DE VIDEO, COMIDA, MAQUILLAJE O CUALQUIER OTRO ELEMENTO DISTRACTOR).",CHOQUE LATERAL,VEHICULO DEPORTIVO UTILITARIO,0,0,0,0,0,0,0,0,0,1,0,0,1,2,24,HOMBRE,LESIONADO,CONDUCTOR PRESENTE,NO,SI,3
31557,132416,132417,2022,1,0,-0.094426,-78.482161,PICHINCHA,QUITO,QUITO,URBANA,2022-09-10,18:05:00,18,SABADO,6,SEPTIEMBRE,9,NO,CONDUCIR VEHICULO SUPERANDO LOS LIMITES MAXIMOS DE VELOCIDAD.,ESTRELLAMIENTOS,AUTOMOVIL,1,0,0,0,0,0,0,0,0,0,0,0,0,1,34,MUJER,LESIONADO,PASAJERO,NO,NO,1
31558,132430,132431,2022,0,0,-0.127011,-78.473031,PICHINCHA,QUITO,QUITO,URBANA,2022-09-10,20:20:00,20,SABADO,6,SEPTIEMBRE,9,NO,CONDUCIR VEHICULO SUPERANDO LOS LIMITES MAXIMOS DE VELOCIDAD.,ESTRELLAMIENTOS,AUTOMOVIL,1,0,0,0,0,0,0,0,0,0,0,0,0,1,-1,NO IDENTIFICADO,NO IDENTIFICADO,CONDUCTOR AUSENTE,NO,NO,2
31559,132433,132434,2022,9,0,-0.119605,-78.453672,PICHINCHA,QUITO,QUITO,URBANA,2022-09-10,20:40:00,20,SABADO,6,SEPTIEMBRE,9,NO,CONDUCIR VEHICULO SUPERANDO LOS LIMITES MAXIMOS DE VELOCIDAD.,ESTRELLAMIENTOS,CAMIONETA,0,0,0,0,1,0,0,0,0,0,0,0,0,1,28,HOMBRE,LESIONADO,PASAJERO,NO,NO,1
31560,132436,132437,2022,1,0,-0.300867,-78.556504,PICHINCHA,QUITO,QUITO,URBANA,2022-09-10,21:15:00,21,SABADO,6,SEPTIEMBRE,9,NO,"NO RESPETAR LAS SENIALES REGLAMENTARIAS DE TRANSITO. (PARE, CEDA EL PASO, LUZ ROJA DEL SEMAFORO, ETC).",CHOQUE LATERAL,MOTOCICLETA,1,0,0,0,0,0,0,0,1,0,0,0,0,2,32,HOMBRE,LESIONADO,CONDUCTOR PRESENTE,NO,NO,1
31561,132437,132438,2022,0,0,-0.081662,-78.466236,PICHINCHA,QUITO,QUITO,URBANA,2022-09-10,21:20:00,21,SABADO,6,SEPTIEMBRE,9,NO,CONDUCIR VEHICULO SUPERANDO LOS LIMITES MAXIMOS DE VELOCIDAD.,ESTRELLAMIENTOS,AUTOMOVIL,1,0,0,0,0,0,0,0,0,0,0,0,0,1,-1,NO IDENTIFICADO,NO IDENTIFICADO,CONDUCTOR AUSENTE,NO,NO,2
31562,132439,132440,2022,1,2,-0.024453,-78.270953,PICHINCHA,CAYAMBE,OTON,RURAL,2022-09-10,23:20:00,23,SABADO,6,SEPTIEMBRE,9,NO,"CONDUCIR DESATENTO A LAS CONDICIONES DE TRANSITO (CELULAR, PANTALLAS DE VIDEO, COMIDA, MAQUILLAJE O CUALQUIER OTRO ELEMENTO DISTRACTOR).",CHOQUE FRONTAL,CAMION,0,0,0,1,0,0,0,0,0,1,0,0,0,2,16,HOMBRE,FALLECIDO,PASAJERO,NO,SI,3
31563,132440,132441,2022,1,0,-0.257655,-78.545903,PICHINCHA,QUITO,QUITO,URBANA,2022-09-10,23:25:00,23,SABADO,6,SEPTIEMBRE,9,NO,"CONDUCE BAJO LA INFLUENCIA DE ALCOHOL, SUSTANCIAS ESTUPEFACIENTES O PSICOTROPICAS Y/O MEDICAMENTOS.",CHOQUE LATERAL,MOTOCICLETA,1,0,0,0,0,0,0,0,1,0,0,0,0,2,33,HOMBRE,LESIONADO,CONDUCTOR PRESENTE,NO,NO,1
31564,132447,132448,2022,0,0,-0.297203,-78.534586,PICHINCHA,QUITO,QUITO,URBANA,2022-09-11,00:45:00,0,DOMINGO,7,SEPTIEMBRE,9,NO,CONDUCIR VEHICULO SUPERANDO LOS LIMITES MAXIMOS DE VELOCIDAD.,ESTRELLAMIENTOS,AUTOMOVIL,1,0,0,0,0,0,0,0,0,0,0,0,0,1,-1,NO IDENTIFICADO,NO IDENTIFICADO,CONDUCTOR AUSENTE,NO,NO,2
31565,132448,132449,2022,1,0,-0.259631,-78.530371,PICHINCHA,QUITO,QUITO,URBANA,2022-09-11,01:15:00,1,DOMINGO,7,SEPTIEMBRE,9,NO,CONDUCIR VEHICULO SUPERANDO LOS LIMITES MAXIMOS DE VELOCIDAD.,PERDIDA DE CARRIL,MOTOCICLETA,0,0,0,0,0,0,0,0,1,0,0,0,0,1,21,HOMBRE,LESIONADO,CONDUCTOR PRESENTE,NO,NO,1
31566,132449,132450,2022,0,0,-0.129005,-78.472712,PICHINCHA,QUITO,QUITO,URBANA,2022-09-11,01:30:00,1,DOMINGO,7,SEPTIEMBRE,9,NO,"CONDUCE BAJO LA INFLUENCIA DE ALCOHOL, SUSTANCIAS ESTUPEFACIENTES O PSICOTROPICAS Y/O MEDICAMENTOS.",ESTRELLAMIENTOS,AUTOMOVIL,2,0,0,0,0,0,0,0,0,0,0,0,0,2,45,MUJER,ILESO,CONDUCTOR PRESENTE,NO,NO,1