,Unnamed: 0,ID,ANIO,LESIONADOS,FALLECIDOS,LATITUD_Y,LONGITUD_X,PROVINCIA,CANTON,PARROQUIA,ZONA,FECHA,HORA,PERIODO_2,DIA_1,DIA_2,MES_1,MES_2,FERIADO,CAUSA_PROBABLE,TIPO_DE_SINIESTRO,TIPO_DE_VEHICULO_1,AUTOMOVIL,BICICLETA,BUS,CAMION,CAMIONETA,EMERGENCIAS,ESPECIAL,FURGONETA,MOTOCICLETA,NO_IDENTIFICADO,SCOOTER_ELECTRICO,TRICIMOTO,VEHICULO_DEPORTIVO_UTILITARIO,SUMA_DE_VEHICULOS,EDAD_1,SEXO_1,CONDICION_1,PARTICIPANTE_1,CASCO_1,CINTURON_1,KMeans_Cluster
31567,132450,132451,2022,0,0,-0.327291,-78.550501,PICHINCHA,QUITO,QUITO,URBANA,2022-09-11,01:40:00,1,DOMINGO,7,SEPTIEMBRE,9,NO,"CONDUCE BAJO LA INFLUENCIA DE ALCOHOL, SUSTANCIAS ESTUPEFACIENTES O PSICOTROPICAS Y/O MEDICAMENTOS.",COLISION,AUTOMOVIL,4,0,0,0,0,0,0,0,0,0,0,0,0,4,41,HOMBRE,ILESO,CONDUCTOR PRESENTE,NO,NO,1
31568,132455,132456,2022,0,0,-0.221707,-78.351761,PICHINCHA,QUITO,PIFO,RURAL,2022-09-11,03:00:00,3,DOMINGO,7,SEPTIEMBRE,9,NO,CONDUCIR VEHICULO SUPERANDO LOS LIMITES MAXIMOS DE VELOCIDAD.,ESTRELLAMIENTOS,AUTOMOVIL,1,0,0,0,0,0,0,0,0,0,0,0,0,1,-1,NO IDENTIFICADO,NO IDENTIFICADO,CONDUCTOR AUSENTE,NO,NO,2
31569,132456,132457,2022,0,0,-0.222136,-78.400661,PICHINCHA,QUITO,TUMBACO,RURAL,2022-09-11,03:00:00,3,DOMINGO,7,SEPTIEMBRE,9,NO,CONDUCIR VEHICULO SUPERANDO LOS LIMITES MAXIMOS DE VELOCIDAD.,ESTRELLAMIENTOS,AUTOMOVIL,1,0,0,0,0,0,0,0,0,0,0,0,0,1,-1,NO IDENTIFICADO,NO IDENTIFICADO,CONDUCTOR AUSENTE,NO,NO,2
31570,132464,132465,2022,0,0,-0.170906,-78.476089,PICHINCHA,QUITO,QUITO,URBANA,2022-09-11,04:55:00,4,DOMINGO,7,SEPTIEMBRE,9,NO,"NO RESPETAR LAS SENIALES REGLAMENTARIAS DE TRANSITO. (PARE, CEDA EL PASO, LUZ ROJA DEL SEMAFORO, ETC).",CHOQUE LATERAL,AUTOMOVIL,2,0,0,0,0,0,0,0,0,0,0,0,0,2,56,HOMBRE,ILESO,CONDUCTOR PRESENTE,NO,NO,1
31571,132472,132473,2022,1,0,-0.188504,-78.443118,PICHINCHA,QUITO,NAYON,RURAL,2022-09-11,07:00:00,7,DOMINGO,7,SEPTIEMBRE,9,NO,CONDUCIR VEHICULO SUPERANDO LOS LIMITES MAXIMOS DE VELOCIDAD.,CHOQUE POSTERIOR,MOTOCICLETA,0,0,0,0,0,0,0,0,2,0,0,0,0,2,35,HOMBRE,LESIONADO,CONDUCTOR PRESENTE,NO,NO,3
31572,132476,132477,2022,1,0,-0.078346,-78.466057,PICHINCHA,QUITO,QUITO,URBANA,2022-09-11,09:20:00,9,DOMINGO,7,SEPTIEMBRE,9,NO,"NO RESPETAR LAS SENIALES REGLAMENTARIAS DE TRANSITO. (PARE, CEDA EL PASO, LUZ ROJA DEL SEMAFORO, ETC).",CHOQUE LATERAL,MOTOCICLETA,0,0,0,0,1,0,0,0,1,0,0,0,0,2,27,MUJER,LESIONADO,PASAJERO,NO,NO,1
31573,132479,132480,2022,0,0,-0.223487,-78.468311,PICHINCHA,QUITO,QUITO,RURAL,2022-09-11,10:30:00,10,DOMINGO,7,SEPTIEMBRE,9,NO,CONDUCIR VEHICULO SUPERANDO LOS LIMITES MAXIMOS DE VELOCIDAD.,ESTRELLAMIENTOS,CAMIONETA,0,0,0,0,1,0,0,0,0,0,0,0,0,1,-1,NO IDENTIFICADO,NO IDENTIFICADO,CONDUCTOR AUSENTE,NO,NO,2
31574,132480,132481,2022,2,0,-0.279335,-78.515074,PICHINCHA,QUITO,QUITO,URBANA,2022-09-11,10:30:00,10,DOMINGO,7,SEPTIEMBRE,9,NO,"CONDUCE BAJO LA INFLUENCIA DE ALCOHOL, SUSTANCIAS ESTUPEFACIENTES O PSICOTROPICAS Y/O MEDICAMENTOS.",PERDIDA DE CARRIL,MOTOCICLETA,0,0,0,0,0,0,0,0,1,0,0,0,0,1,31,HOMBRE,LESIONADO,PASAJERO,NO,NO,1
31575,132482,132483,2022,0,0,-0.168501,-78.469401,PICHINCHA,QUITO,QUITO,URBANA,2022-09-11,10:45:00,10,DOMINGO,7,SEPTIEMBRE,9,NO,"NO RESPETAR LAS SENIALES REGLAMENTARIAS DE TRANSITO. (PARE, CEDA EL PASO, LUZ ROJA DEL SEMAFORO, ETC).",CHOQUE LATERAL,AUTOMOVIL,2,0,0,0,0,0,0,0,0,0,0,0,0,2,75,HOMBRE,ILESO,CONDUCTOR PRESENTE,NO,NO,1
31576,132483,132484,2022,1,0,-0.415553,-78.799607,PICHINCHA,MEJIA,MANUEL CORNEJO ASTORGA,RURAL,2022-09-11,11:26:00,11,DOMINGO,7,SEPTIEMBRE,9,NO,NO MANTENER LA DISTANCIA PRUDENCIAL CON RESPECTO AL VEHICULO QUE LE ANTECEDE.,CHOQUE POSTERIOR,MOTOCICLETA,0,0,0,0,0,0,0,0,1,1,0,0,0,2,15,HOMBRE,LESIONADO,PASAJERO,NO,NO,3
31577,132489,132490,2022,1,0,-0.261486,-78.530823,PICHINCHA,QUITO,QUITO,URBANA,2022-09-11,14:40:00,14,DOMINGO,7,SEPTIEMBRE,9,NO,BAJARSE O SUBIRSE DE VEHICULOS EN MOVIMIENTO SIN TOMAR LAS PRECAUCIONES DEBIDAS.,CAIDA DE PASAJERO,BUS,0,0,1,0,0,0,0,0,0,0,0,0,0,1,72,MUJER,LESIONADO,PASAJERO,NO,NO,1
31578,132515,132516,2022,2,0,-0.106584,-78.441968,PICHINCHA,QUITO,CALDERON (CARAPUNGO),RURAL,2022-09-11,23:20:00,23,DOMINGO,7,SEPTIEMBRE,9,NO,CONDUCIR VEHICULO SUPERANDO LOS LIMITES MAXIMOS DE VELOCIDAD.,PERDIDA DE CARRIL,MOTOCICLETA,0,0,0,0,0,0,0,0,1,0,0,0,0,1,38,HOMBRE,LESIONADO,PASAJERO,NO,NO,3
31579,132516,132517,2022,0,0,-0.007742,-78.442154,PICHINCHA,QUITO,SAN ANTONIO (QUITO),RURAL,2022-09-11,23:30:00,23,DOMINGO,7,SEPTIEMBRE,9,NO,"CONDUCIR DESATENTO A LAS CONDICIONES DE TRANSITO (CELULAR, PANTALLAS DE VIDEO, COMIDA, MAQUILLAJE O CUALQUIER OTRO ELEMENTO DISTRACTOR).",ESTRELLAMIENTOS,AUTOMOVIL,1,0,0,0,0,0,0,0,0,0,0,0,0,1,30,MUJER,ILESO,CONDUCTOR PRESENTE,NO,NO,3
31580,132530,132531,2022,2,0,-0.311076,-78.458007,PICHINCHA,RUMINIAHUI,SANGOLQUI,RURAL,2022-09-12,07:10:00,7,LUNES,1,SEPTIEMBRE,9,NO,"CONDUCIR DESATENTO A LAS CONDICIONES DE TRANSITO (CELULAR, PANTALLAS DE VIDEO, COMIDA, MAQUILLAJE O CUALQUIER OTRO ELEMENTO DISTRACTOR).",CHOQUE LATERAL,VEHICULO DEPORTIVO UTILITARIO,0,0,0,0,0,0,0,0,0,0,0,0,2,2,44,MUJER,LESIONADO,CONDUCTOR PRESENTE,NO,SI,3
31581,132533,132534,2022,1,0,-0.222143,-78.448694,PICHINCHA,QUITO,CUMBAYA,RURAL,2022-09-12,07:50:00,7,LUNES,1,SEPTIEMBRE,9,NO,REALIZAR CAMBIO BRUSCO O INDEBIDO DE CARRIL.,CHOQUE LATERAL,MOTOCICLETA,1,0,0,0,0,0,0,0,1,0,0,0,0,2,27,HOMBRE,LESIONADO,CONDUCTOR PRESENTE,NO,NO,3
31582,132560,132561,2022,1,0,-0.250511,-78.503219,PICHINCHA,QUITO,QUITO,URBANA,2022-09-12,17:15:00,17,LUNES,1,SEPTIEMBRE,9,NO,CONDUCIR VEHICULO SUPERANDO LOS LIMITES MAXIMOS DE VELOCIDAD.,CHOQUE POSTERIOR,MOTOCICLETA,0,0,0,0,1,0,0,0,1,0,0,0,0,2,36,HOMBRE,LESIONADO,CONDUCTOR PRESENTE,NO,NO,1
31583,132568,132569,2022,2,0,-0.299723,-78.547281,PICHINCHA,QUITO,QUITO,URBANA,2022-09-12,20:30:00,20,LUNES,1,SEPTIEMBRE,9,NO,"CONDUCE BAJO LA INFLUENCIA DE ALCOHOL, SUSTANCIAS ESTUPEFACIENTES O PSICOTROPICAS Y/O MEDICAMENTOS.",CHOQUE LATERAL,FURGONETA,1,0,0,0,0,0,0,1,0,0,0,0,0,2,24,HOMBRE,LESIONADO,CONDUCTOR PRESENTE,NO,NO,1
31584,132569,132570,2022,1,0,-0.085392,-78.421204,PICHINCHA,QUITO,CALDERON (CARAPUNGO),RURAL,2022-09-12,20:40:00,20,LUNES,1,SEPTIEMBRE,9,NO,CONDUCIR VEHICULO SUPERANDO LOS LIMITES MAXIMOS DE VELOCIDAD.,CHOQUE LATERAL,BICICLETA,1,1,0,0,0,0,0,0,0,0,0,0,0,2,45,HOMBRE,LESIONADO,CONDUCTOR PRESENTE,NO,NO,3
31585,132581,132582,2022,0,0,-0.441797,-78.697897,PICHINCHA,MEJIA,ALOAG,RURAL,2022-09-13,03:15:00,3,MARTES,2,SEPTIEMBRE,9,NO,"CONDUCIR DESATENTO A LAS CONDICIONES DE TRANSITO (CELULAR, PANTALLAS DE VIDEO, COMIDA, MAQUILLAJE O CUALQUIER OTRO ELEMENTO DISTRACTOR).",ESTRELLAMIENTOS,CAMION,0,0,0,1,0,0,0,0,0,1,0,0,0,2,-1,HOMBRE,ILESO,CONDUCTOR PRESENTE,NO,NO,3
31586,132582,132583,2022,0,0,-0.442633,-78.723527,PICHINCHA,MEJIA,MANUEL CORNEJO ASTORGA,RURAL,2022-09-13,05:00:00,5,MARTES,2,SEPTIEMBRE,9,NO,NO GUARDAR LA DISTANCIA LATERAL MINIMA DE SEGURIDAD ENTRE VEHICULOS.,CHOQUE LATERAL,CAMION,0,0,0,1,0,0,0,0,0,1,0,0,0,2,36,HOMBRE,ILESO,CONDUCTOR PRESENTE,NO,NO,3
31587,132583,132584,2022,0,0,-0.071543,-78.427153,PICHINCHA,QUITO,CALDERON (CARAPUNGO),RURAL,2022-09-13,06:35:00,6,MARTES,2,SEPTIEMBRE,9,NO,CONDUCIR VEHICULO SUPERANDO LOS LIMITES MAXIMOS DE VELOCIDAD.,CHOQUE LATERAL,AUTOMOVIL,2,0,0,0,0,0,0,0,0,0,0,0,0,2,32,HOMBRE,ILESO,CONDUCTOR PRESENTE,NO,NO,3
31588,132592,132593,2022,3,0,-0.210781,-78.501101,PICHINCHA,QUITO,QUITO,URBANA,2022-09-13,09:15:00,9,MARTES,2,SEPTIEMBRE,9,NO,NO CEDER EL DERECHO DE VIA O PREFERENCIA DE PASO A VEHICULOS.,CHOQUE LATERAL,MOTOCICLETA,0,0,0,0,0,0,0,0,2,0,0,0,0,2,32,HOMBRE,LESIONADO,PASAJERO,NO,NO,1
31589,132600,132601,2022,0,0,-0.192233,-78.488425,PICHINCHA,QUITO,QUITO,URBANA,2022-09-13,13:40:00,13,MARTES,2,SEPTIEMBRE,9,NO,NO MANTENER LA DISTANCIA PRUDENCIAL CON RESPECTO AL VEHICULO QUE LE ANTECEDE.,CHOQUE POSTERIOR,AUTOMOVIL,2,0,0,0,0,0,0,0,0,0,0,0,0,2,52,HOMBRE,ILESO,CONDUCTOR PRESENTE,NO,NO,1
31590,132606,132607,2022,0,0,-0.236347,-78.472988,PICHINCHA,QUITO,QUITO,RURAL,2022-09-13,15:20:00,15,MARTES,2,SEPTIEMBRE,9,NO,REALIZAR CAMBIO BRUSCO O INDEBIDO DE CARRIL.,ESTRELLAMIENTOS,CAMIONETA,1,0,0,0,1,0,0,0,0,0,0,0,0,2,29,HOMBRE,ILESO,CONDUCTOR PRESENTE,NO,NO,3
31591,132618,132619,2022,1,0,-0.129257,-78.494113,PICHINCHA,QUITO,QUITO,URBANA,2022-09-13,18:40:00,18,MARTES,2,SEPTIEMBRE,9,NO,PEATON QUE CRUZA LA CALZADA SIN RESPETAR LA SENIALIZACION EXISTENTE (SEMAFOROS O SENIALES MANUALES).,ATROPELLOS,BUS,0,0,1,0,0,0,0,0,0,0,0,0,0,1,28,MUJER,LESIONADO,PEATON,NO,NO,1
31592,132620,132621,2022,1,0,-0.295634,-78.561046,PICHINCHA,QUITO,QUITO,URBANA,2022-09-13,19:30:00,19,MARTES,2,SEPTIEMBRE,9,NO,NO TRANSITAR POR LAS ACERAS O ZONAS DE SEGURIDAD DESTINADAS PARA EL EFECTO.,ATROPELLOS,MOTOCICLETA,0,0,0,0,0,0,0,0,1,0,0,0,0,1,60,MUJER,LESIONADO,PEATON,NO,NO,1
31593,132624,132625,2022,0,0,-0.185789,-78.338107,PICHINCHA,QUITO,TABABELA,RURAL,2022-09-13,21:00:00,21,MARTES,2,SEPTIEMBRE,9,NO,CONDUCIR VEHICULO SUPERANDO LOS LIMITES MAXIMOS DE VELOCIDAD.,ESTRELLAMIENTOS,CAMIONETA,0,0,0,0,1,0,0,0,0,0,0,0,0,1,-1,NO IDENTIFICADO,NO IDENTIFICADO,CONDUCTOR AUSENTE,NO,NO,2
31594,132631,132632,2022,1,0,-0.195312,-78.367412,PICHINCHA,QUITO,PUEMBO,RURAL,2022-09-14,06:30:00,6,MIERCOLES,3,SEPTIEMBRE,9,NO,REALIZAR CAMBIO BRUSCO O INDEBIDO DE CARRIL.,CHOQUE FRONTAL,MOTOCICLETA,1,0,0,0,0,0,0,0,1,0,0,0,0,2,34,HOMBRE,LESIONADO,CONDUCTOR PRESENTE,NO,NO,3
31595,132641,132642,2022,1,0,-0.100059,-78.420899,PICHINCHA,QUITO,CALDERON (CARAPUNGO),RURAL,2022-09-14,10:00:00,10,MIERCOLES,3,SEPTIEMBRE,9,NO,CONDUCIR VEHICULO SUPERANDO LOS LIMITES MAXIMOS DE VELOCIDAD.,CHOQUE LATERAL,MOTOCICLETA,1,0,0,0,0,0,0,0,1,0,0,0,0,2,25,HOMBRE,LESIONADO,CONDUCTOR PRESENTE,NO,NO,3
31596,132642,132643,2022,0,0,-0.232722,-78.503825,PICHINCHA,QUITO,QUITO,URBANA,2022-09-14,10:45:00,10,MIERCOLES,3,SEPTIEMBRE,9,NO,NO MANTENER LA DISTANCIA PRUDENCIAL CON RESPECTO AL VEHICULO QUE LE ANTECEDE.,COLISION,AUTOMOVIL,3,0,0,0,0,0,0,0,0,0,0,0,0,3,28,HOMBRE,ILESO,CONDUCTOR PRESENTE,NO,NO,1
31597,132655,132656,2022,1,0,-0.101651,-78.453611,PICHINCHA,QUITO,CALDERON (CARAPUNGO),RURAL,2022-09-14,13:28:00,13,MIERCOLES,3,SEPTIEMBRE,9,NO,NO TRANSITAR POR LAS ACERAS O ZONAS DE SEGURIDAD DESTINADAS PARA EL EFECTO.,ATROPELLOS,BUS,0,0,1,0,0,0,0,0,0,0,0,0,0,1,64,HOMBRE,LESIONADO,PEATON,NO,NO,3
31598,132657,132658,2022,1,0,-0.139477,-78.496677,PICHINCHA,QUITO,QUITO,URBANA,2022-09-14,13:40:00,13,MIERCOLES,3,SEPTIEMBRE,9,NO,NO CEDER EL DERECHO DE VIA O PREFERENCIA DE PASO AL PEATON.,ATROPELLOS,MOTOCICLETA,0,0,0,0,0,0,0,0,1,0,0,0,0,1,62,MUJER,LESIONADO,PEATON,NO,NO,1
31599,132660,132661,2022,1,0,-0.289318,-78.572573,PICHINCHA,QUITO,QUITO,URBANA,2022-09-14,14:50:00,14,MIERCOLES,3,SEPTIEMBRE,9,NO,NO CEDER EL DERECHO DE VIA O PREFERENCIA DE PASO A VEHICULOS.,CHOQUE LATERAL,MOTOCICLETA,0,0,0,0,0,0,0,0,1,1,0,0,0,2,27,HOMBRE,LESIONADO,CONDUCTOR PRESENTE,NO,NO,1
31600,132681,132682,2022,3,0,-0.418933,-78.794078,PICHINCHA,MEJIA,MANUEL CORNEJO ASTORGA,RURAL,2022-09-14,20:50:00,20,MIERCOLES,3,SEPTIEMBRE,9,NO,NO GUARDAR LA DISTANCIA LATERAL MINIMA DE SEGURIDAD ENTRE VEHICULOS.,CHOQUE LATERAL,CAMION,1,0,0,1,0,0,0,0,0,0,0,0,0,2,22,MUJER,LESIONADO,PASAJERO,NO,NO,3
31601,132688,132689,2022,0,0,-0.303845,-78.545091,PICHINCHA,QUITO,QUITO,URBANA,2022-09-15,01:25:00,1,JUEVES,4,SEPTIEMBRE,9,NO,CONDUCIR VEHICULO SUPERANDO LOS LIMITES MAXIMOS DE VELOCIDAD.,ESTRELLAMIENTOS,MOTOCICLETA,2,0,0,0,0,0,0,0,1,0,0,0,0,3,-1,NO IDENTIFICADO,NO IDENTIFICADO,CONDUCTOR AUSENTE,NO,NO,2
31602,132689,132690,2022,1,0,-0.276251,-78.516412,PICHINCHA,QUITO,QUITO,URBANA,2022-09-15,02:10:00,2,JUEVES,4,SEPTIEMBRE,9,NO,CONDUCIR VEHICULO SUPERANDO LOS LIMITES MAXIMOS DE VELOCIDAD.,ESTRELLAMIENTOS,AUTOMOVIL,1,0,0,0,0,0,0,0,0,0,0,0,0,1,43,MUJER,LESIONADO,PASAJERO,NO,NO,1
31603,132701,132702,2022,0,0,-0.302381,-78.570767,PICHINCHA,QUITO,QUITO,URBANA,2022-09-15,09:00:00,9,JUEVES,4,SEPTIEMBRE,9,NO,CONDUCIR VEHICULO SUPERANDO LOS LIMITES MAXIMOS DE VELOCIDAD.,ESTRELLAMIENTOS,AUTOMOVIL,1,0,0,0,0,0,0,0,0,0,0,0,0,1,-1,NO IDENTIFICADO,NO IDENTIFICADO,CONDUCTOR AUSENTE,NO,NO,2
31604,132710,132711,2022,2,0,-0.182663,-78.494823,PICHINCHA,QUITO,QUITO,URBANA,2022-09-15,11:25:00,11,JUEVES,4,SEPTIEMBRE,9,NO,CONDUCIR VEHICULO SUPERANDO LOS LIMITES MAXIMOS DE VELOCIDAD.,OTROS,BUS,1,0,2,0,0,0,0,0,0,0,0,0,0,3,26,HOMBRE,LESIONADO,CONDUCTOR PRESENTE,NO,NO,1
31605,132719,132720,2022,0,0,-0.297247,-78.534582,PICHINCHA,QUITO,QUITO,URBANA,2022-09-15,15:40:00,15,JUEVES,4,SEPTIEMBRE,9,NO,CONDUCIR VEHICULO SUPERANDO LOS LIMITES MAXIMOS DE VELOCIDAD.,PERDIDA DE CARRIL,CAMION,0,0,0,1,0,0,0,0,0,0,0,0,0,1,-1,NO IDENTIFICADO,NO IDENTIFICADO,CONDUCTOR AUSENTE,NO,NO,2
31606,132723,132724,2022,0,1,0.103115,-78.364291,PICHINCHA,QUITO,PUELLARO,RURAL,2022-09-15,16:45:00,16,JUEVES,4,SEPTIEMBRE,9,NO,REALIZAR CAMBIO BRUSCO O INDEBIDO DE CARRIL.,VOLCAMIENTOS,MOTOCICLETA,0,0,0,0,0,0,0,0,1,0,0,0,0,1,17,HOMBRE,FALLECIDO,CONDUCTOR PRESENTE,NO,NO,3
31607,132728,132729,2022,0,0,-0.211249,-78.498181,PICHINCHA,QUITO,QUITO,URBANA,2022-09-15,18:10:00,18,JUEVES,4,SEPTIEMBRE,9,NO,"NO RESPETAR LAS SENIALES REGLAMENTARIAS DE TRANSITO. (PARE, CEDA EL PASO, LUZ ROJA DEL SEMAFORO, ETC).",CHOQUE LATERAL,MOTOCICLETA,1,0,0,0,0,0,0,0,1,0,0,0,0,2,20,HOMBRE,ILESO,CONDUCTOR PRESENTE,NO,NO,1
31608,132737,132738,2022,2,0,-0.388675,-78.548842,PICHINCHA,MEJIA,CUTUGLAHUA,RURAL,2022-09-15,23:00:00,23,JUEVES,4,SEPTIEMBRE,9,NO,"CONDUCIR DESATENTO A LAS CONDICIONES DE TRANSITO (CELULAR, PANTALLAS DE VIDEO, COMIDA, MAQUILLAJE O CUALQUIER OTRO ELEMENTO DISTRACTOR).",ESTRELLAMIENTOS,BUS,0,0,1,0,0,0,0,0,1,0,0,0,0,2,23,HOMBRE,LESIONADO,PASAJERO,NO,SI,3
31609,132740,132741,2022,0,0,0.018791,-78.279007,PICHINCHA,PEDRO MONCAYO,TOCACHI,RURAL,2022-09-16,00:15:00,0,VIERNES,5,SEPTIEMBRE,9,NO,"CASO FORTUITO O FUERZA MAYOR (EXPLOSION DE NEUMATICO NUEVO, DERRUMBE, INUNDACION, CAIDA DE PUENTE, ARBOL, PRESENCIA INTEMPESTIVA E IMPREVISTA DE SEMOVIENTES EN LA VIA, ETC.).",ATROPELLOS,CAMIONETA,0,0,0,0,1,0,0,0,0,0,0,0,1,2,32,HOMBRE,ILESO,CONDUCTOR PRESENTE,NO,SI,3
31610,132741,132742,2022,2,0,-0.349804,-78.549222,PICHINCHA,QUITO,QUITO,URBANA,2022-09-16,00:15:00,0,VIERNES,5,SEPTIEMBRE,9,NO,CONDUCIR VEHICULO SUPERANDO LOS LIMITES MAXIMOS DE VELOCIDAD.,ESTRELLAMIENTOS,MOTOCICLETA,0,0,0,0,0,0,0,0,1,0,0,0,0,1,26,HOMBRE,LESIONADO,PASAJERO,NO,NO,1
31611,132748,132749,2022,1,0,-0.318601,-78.549433,PICHINCHA,QUITO,QUITO,URBANA,2022-09-16,06:02:00,6,VIERNES,5,SEPTIEMBRE,9,NO,"CONDUCE BAJO LA INFLUENCIA DE ALCOHOL, SUSTANCIAS ESTUPEFACIENTES O PSICOTROPICAS Y/O MEDICAMENTOS.",CHOQUE LATERAL,BUS,0,0,1,0,1,0,0,0,0,0,0,0,0,2,27,HOMBRE,LESIONADO,PASAJERO,NO,NO,1
31612,132749,132750,2022,0,0,-0.283146,-78.543986,PICHINCHA,QUITO,QUITO,URBANA,2022-09-16,06:20:00,6,VIERNES,5,SEPTIEMBRE,9,NO,NO MANTENER LA DISTANCIA PRUDENCIAL CON RESPECTO AL VEHICULO QUE LE ANTECEDE.,CHOQUE POSTERIOR,FURGONETA,1,0,0,0,0,0,0,1,0,0,0,0,0,2,33,HOMBRE,ILESO,CONDUCTOR PRESENTE,NO,NO,1
31613,132751,132752,2022,0,0,-0.067065,-78.421452,PICHINCHA,QUITO,CALDERON (CARAPUNGO),RURAL,2022-09-16,07:01:00,7,VIERNES,5,SEPTIEMBRE,9,NO,"CONDICIONES AMBIENTALES Y/O ATMOSFERICAS (NIEBLA, NEBLINA, GRANIZO, LLUVIA).",CHOQUE LATERAL,CAMIONETA,1,0,0,0,1,0,0,0,0,0,0,0,0,2,28,HOMBRE,ILESO,CONDUCTOR PRESENTE,NO,NO,3
31614,132754,132755,2022,1,0,-0.157621,-78.465127,PICHINCHA,QUITO,QUITO,URBANA,2022-09-16,07:50:00,7,VIERNES,5,SEPTIEMBRE,9,NO,"CONDICIONES AMBIENTALES Y/O ATMOSFERICAS (NIEBLA, NEBLINA, GRANIZO, LLUVIA).",CHOQUE LATERAL,MOTOCICLETA,0,0,0,0,1,0,0,0,1,0,0,0,0,2,28,HOMBRE,LESIONADO,CONDUCTOR PRESENTE,NO,NO,1
31615,132755,132756,2022,0,0,-0.211476,-78.423259,PICHINCHA,QUITO,TUMBACO,RURAL,2022-09-16,08:10:00,8,VIERNES,5,SEPTIEMBRE,9,NO,"CONDUCIR DESATENTO A LAS CONDICIONES DE TRANSITO (CELULAR, PANTALLAS DE VIDEO, COMIDA, MAQUILLAJE O CUALQUIER OTRO ELEMENTO DISTRACTOR).",ESTRELLAMIENTOS,AUTOMOVIL,1,0,0,0,0,0,0,0,0,0,0,0,0,1,32,MUJER,ILESO,CONDUCTOR PRESENTE,NO,NO,3
31616,132757,132758,2022,0,0,-0.198675,-78.465507,PICHINCHA,QUITO,QUITO,URBANA,2022-09-16,08:40:00,8,VIERNES,5,SEPTIEMBRE,9,NO,"CONDICIONES AMBIENTALES Y/O ATMOSFERICAS (NIEBLA, NEBLINA, GRANIZO, LLUVIA).",CHOQUE LATERAL,CAMIONETA,1,0,0,0,1,0,0,0,0,0,0,0,0,2,42,HOMBRE,ILESO,CONDUCTOR PRESENTE,NO,NO,1
31617,132759,132760,2022,0,0,-0.186578,-78.453893,PICHINCHA,QUITO,NAYON,RURAL,2022-09-16,10:10:00,10,VIERNES,5,SEPTIEMBRE,9,NO,CONDUCIR VEHICULO SUPERANDO LOS LIMITES MAXIMOS DE VELOCIDAD.,CHOQUE LATERAL,CAMIONETA,1,0,0,0,1,0,0,0,0,0,0,0,0,2,45,HOMBRE,ILESO,CONDUCTOR PRESENTE,NO,NO,3
31618,132762,132763,2022,1,0,-0.223121,-78.507791,PICHINCHA,QUITO,QUITO,URBANA,2022-09-16,11:20:00,11,VIERNES,5,SEPTIEMBRE,9,NO,"CONDICIONES AMBIENTALES Y/O ATMOSFERICAS (NIEBLA, NEBLINA, GRANIZO, LLUVIA).",ATROPELLOS,MOTOCICLETA,0,0,0,0,0,0,0,0,1,0,0,0,0,1,35,MUJER,LESIONADO,PEATON,NO,NO,1
31619,132771,132772,2022,0,0,-0.151644,-78.497919,PICHINCHA,QUITO,QUITO,URBANA,2022-09-16,14:45:00,14,VIERNES,5,SEPTIEMBRE,9,NO,"CONDUCE BAJO LA INFLUENCIA DE ALCOHOL, SUSTANCIAS ESTUPEFACIENTES O PSICOTROPICAS Y/O MEDICAMENTOS.",CHOQUE POSTERIOR,AUTOMOVIL,2,0,0,0,0,0,0,0,0,0,0,0,0,2,77,HOMBRE,ILESO,CONDUCTOR PRESENTE,NO,NO,1
31620,132773,132774,2022,0,0,-0.215591,-78.508838,PICHINCHA,QUITO,QUITO,URBANA,2022-09-16,15:15:00,15,VIERNES,5,SEPTIEMBRE,9,NO,PESO Y VOLUMEN - NO CUMPLIR CON LAS NORMAS DE SEGURIDAD NECESARIAS AL TRANSPORTAR CARGAS.,ESTRELLAMIENTOS,CAMION,6,0,0,1,1,0,0,0,0,0,0,0,0,8,-1,NO IDENTIFICADO,NO IDENTIFICADO,CONDUCTOR AUSENTE,NO,NO,2
31621,132782,132783,2022,0,0,-0.272501,-78.542801,PICHINCHA,QUITO,QUITO,URBANA,2022-09-16,18:25:00,18,VIERNES,5,SEPTIEMBRE,9,NO,"CONDUCE BAJO LA INFLUENCIA DE ALCOHOL, SUSTANCIAS ESTUPEFACIENTES O PSICOTROPICAS Y/O MEDICAMENTOS.",CHOQUE POSTERIOR,MOTOCICLETA,1,0,0,0,0,0,0,0,1,0,0,0,0,2,30,HOMBRE,ILESO,CONDUCTOR PRESENTE,NO,NO,1
31622,132784,132785,2022,2,0,-0.159851,-78.490126,PICHINCHA,QUITO,QUITO,URBANA,2022-09-16,18:36:00,18,VIERNES,5,SEPTIEMBRE,9,NO,NO CEDER EL DERECHO DE VIA O PREFERENCIA DE PASO AL PEATON.,ATROPELLOS,AUTOMOVIL,2,0,0,0,0,0,0,0,0,0,0,0,0,2,51,HOMBRE,LESIONADO,PEATON,NO,NO,1
31623,132792,132793,2022,1,0,-0.190411,-78.486514,PICHINCHA,QUITO,QUITO,URBANA,2022-09-16,19:44:00,19,VIERNES,5,SEPTIEMBRE,9,NO,"CONDUCE BAJO LA INFLUENCIA DE ALCOHOL, SUSTANCIAS ESTUPEFACIENTES O PSICOTROPICAS Y/O MEDICAMENTOS.",COLISION,AUTOMOVIL,3,0,0,0,0,0,0,0,0,0,0,0,0,3,30,HOMBRE,LESIONADO,CONDUCTOR PRESENTE,NO,NO,1