,Unnamed: 0,ID,ANIO,LESIONADOS,FALLECIDOS,LATITUD_Y,LONGITUD_X,PROVINCIA,CANTON,PARROQUIA,ZONA,FECHA,HORA,PERIODO_2,DIA_1,DIA_2,MES_1,MES_2,FERIADO,CAUSA_PROBABLE,TIPO_DE_SINIESTRO,TIPO_DE_VEHICULO_1,AUTOMOVIL,BICICLETA,BUS,CAMION,CAMIONETA,EMERGENCIAS,ESPECIAL,FURGONETA,MOTOCICLETA,NO_IDENTIFICADO,SCOOTER_ELECTRICO,TRICIMOTO,VEHICULO_DEPORTIVO_UTILITARIO,SUMA_DE_VEHICULOS,EDAD_1,SEXO_1,CONDICION_1,PARTICIPANTE_1,CASCO_1,CINTURON_1,KMeans_Cluster
31624,132793,132794,2022,0,0,-0.276545,-78.564453,PICHINCHA,QUITO,QUITO,URBANA,2022-09-16,19:45:00,19,VIERNES,5,SEPTIEMBRE,9,NO,NO CEDER EL DERECHO DE VIA O PREFERENCIA DE PASO A VEHICULOS.,CHOQUE LATERAL,MOTOCICLETA,0,0,0,0,0,0,0,0,2,0,0,0,0,2,22,HOMBRE,ILESO,CONDUCTOR PRESENTE,NO,NO,1
31625,132794,132795,2022,0,0,-0.462725,-78.567833,PICHINCHA,MEJIA,ALOAG,RURAL,2022-09-16,20:00:00,20,VIERNES,5,SEPTIEMBRE,9,NO,NO MANTENER LA DISTANCIA PRUDENCIAL CON RESPECTO AL VEHICULO QUE LE ANTECEDE.,CHOQUE POSTERIOR,CAMIONETA,1,0,0,0,1,0,0,0,0,0,0,0,0,2,77,HOMBRE,ILESO,CONDUCTOR PRESENTE,NO,NO,3
31626,132795,132796,2022,0,0,-0.084635,-78.436908,PICHINCHA,QUITO,CALDERON (CARAPUNGO),URBANA,2022-09-16,20:54:00,20,VIERNES,5,SEPTIEMBRE,9,NO,CONDUCIR VEHICULO SUPERANDO LOS LIMITES MAXIMOS DE VELOCIDAD.,ESTRELLAMIENTOS,AUTOMOVIL,2,0,0,0,0,0,0,0,0,0,0,0,0,2,36,MUJER,ILESO,PASAJERO,NO,NO,1
31627,132797,132798,2022,1,0,-0.308045,-78.559943,PICHINCHA,QUITO,QUITO,URBANA,2022-09-16,21:22:00,21,VIERNES,5,SEPTIEMBRE,9,NO,"NO RESPETAR LAS SENIALES REGLAMENTARIAS DE TRANSITO. (PARE, CEDA EL PASO, LUZ ROJA DEL SEMAFORO, ETC).",CHOQUE LATERAL,MOTOCICLETA,0,0,0,0,0,0,0,0,1,1,0,0,0,2,26,HOMBRE,LESIONADO,CONDUCTOR PRESENTE,NO,NO,1
31628,132806,132807,2022,0,1,-0.515851,-78.576048,PICHINCHA,MEJIA,ALOASI,RURAL,2022-09-16,23:30:00,23,VIERNES,5,SEPTIEMBRE,9,NO,"CONDUCIR DESATENTO A LAS CONDICIONES DE TRANSITO (CELULAR, PANTALLAS DE VIDEO, COMIDA, MAQUILLAJE O CUALQUIER OTRO ELEMENTO DISTRACTOR).",ATROPELLOS,NO IDENTIFICADO,0,0,0,0,0,0,0,0,0,1,0,0,0,1,0,HOMBRE,FALLECIDO,PASAJERO,NO,SI,3
31629,132814,132815,2022,0,0,-0.196626,-78.483814,PICHINCHA,QUITO,QUITO,URBANA,2022-09-17,01:10:00,1,SABADO,6,SEPTIEMBRE,9,NO,"NO RESPETAR LAS SENIALES REGLAMENTARIAS DE TRANSITO. (PARE, CEDA EL PASO, LUZ ROJA DEL SEMAFORO, ETC).",OTROS,AUTOMOVIL,1,0,0,0,0,0,0,0,0,0,0,0,0,1,-1,NO IDENTIFICADO,NO IDENTIFICADO,CONDUCTOR AUSENTE,NO,NO,2
31630,132820,132821,2022,0,1,-0.220401,-78.353048,PICHINCHA,QUITO,PIFO,RURAL,2022-09-17,03:25:00,3,SABADO,6,SEPTIEMBRE,9,NO,CONDUCIR VEHICULO SUPERANDO LOS LIMITES MAXIMOS DE VELOCIDAD.,VOLCAMIENTOS,MOTOCICLETA,0,0,0,0,0,0,0,0,1,0,0,0,0,1,19,HOMBRE,FALLECIDO,CONDUCTOR PRESENTE,NO,NO,3
31631,132821,132822,2022,0,0,-0.259691,-78.516117,PICHINCHA,QUITO,QUITO,URBANA,2022-09-17,03:40:00,3,SABADO,6,SEPTIEMBRE,9,NO,CONDUCIR VEHICULO SUPERANDO LOS LIMITES MAXIMOS DE VELOCIDAD.,ESTRELLAMIENTOS,AUTOMOVIL,1,0,0,0,0,0,0,0,0,0,0,0,0,1,-1,NO IDENTIFICADO,NO IDENTIFICADO,CONDUCTOR AUSENTE,NO,NO,2
31632,132822,132823,2022,0,0,-0.264146,-78.494428,PICHINCHA,QUITO,CONOCOTO,RURAL,2022-09-17,04:50:00,4,SABADO,6,SEPTIEMBRE,9,NO,CONDUCIR VEHICULO SUPERANDO LOS LIMITES MAXIMOS DE VELOCIDAD.,CHOQUE LATERAL,CAMIONETA,1,0,0,0,1,0,0,0,0,0,0,0,0,2,51,HOMBRE,ILESO,CONDUCTOR PRESENTE,NO,NO,3
31633,132823,132824,2022,1,0,-0.332281,-78.519522,PICHINCHA,QUITO,QUITO,URBANA,2022-09-17,04:50:00,4,SABADO,6,SEPTIEMBRE,9,NO,CONDUCIR VEHICULO SUPERANDO LOS LIMITES MAXIMOS DE VELOCIDAD.,ESTRELLAMIENTOS,AUTOMOVIL,1,0,0,0,0,0,0,0,0,0,0,0,0,1,54,HOMBRE,LESIONADO,PASAJERO,NO,NO,1
31634,132828,132829,2022,1,0,-0.221152,-78.520693,PICHINCHA,QUITO,QUITO,URBANA,2022-09-17,06:20:00,6,SABADO,6,SEPTIEMBRE,9,NO,NO TRANSITAR POR LAS ACERAS O ZONAS DE SEGURIDAD DESTINADAS PARA EL EFECTO.,ATROPELLOS,MOTOCICLETA,0,0,0,0,0,0,0,0,1,0,0,0,0,1,67,HOMBRE,LESIONADO,PEATON,NO,NO,1
31635,132832,132833,2022,0,0,-0.007958,-78.442183,PICHINCHA,QUITO,SAN ANTONIO (QUITO),RURAL,2022-09-17,07:25:00,7,SABADO,6,SEPTIEMBRE,9,NO,"CONDUCE BAJO LA INFLUENCIA DE ALCOHOL, SUSTANCIAS ESTUPEFACIENTES O PSICOTROPICAS Y/O MEDICAMENTOS.",ESTRELLAMIENTOS,CAMIONETA,0,0,0,0,1,0,0,0,0,0,0,0,0,1,19,HOMBRE,ILESO,CONDUCTOR PRESENTE,NO,NO,3
31636,132833,132834,2022,0,1,0.019192,-78.399845,PICHINCHA,QUITO,PUELLARO,RURAL,2022-09-17,07:30:00,7,SABADO,6,SEPTIEMBRE,9,NO,"CONDUCIR DESATENTO A LAS CONDICIONES DE TRANSITO (CELULAR, PANTALLAS DE VIDEO, COMIDA, MAQUILLAJE O CUALQUIER OTRO ELEMENTO DISTRACTOR).",CHOQUE FRONTAL,MOTOCICLETA,1,0,0,0,0,0,0,0,1,0,0,0,0,2,32,HOMBRE,FALLECIDO,CONDUCTOR PRESENTE,NO,NO,3
31637,132837,132838,2022,1,0,-0.144752,-78.483267,PICHINCHA,QUITO,QUITO,URBANA,2022-09-17,08:28:00,8,SABADO,6,SEPTIEMBRE,9,NO,CONDUCIR VEHICULO SUPERANDO LOS LIMITES MAXIMOS DE VELOCIDAD.,COLISION,CAMIONETA,2,0,0,0,1,0,0,0,0,0,0,0,0,3,32,HOMBRE,LESIONADO,CONDUCTOR PRESENTE,NO,NO,1
31638,132841,132842,2022,1,0,-0.100545,-78.522004,PICHINCHA,QUITO,QUITO,URBANA,2022-09-17,10:00:00,10,SABADO,6,SEPTIEMBRE,9,NO,NO CEDER EL DERECHO DE VIA O PREFERENCIA DE PASO A VEHICULOS.,CHOQUE LATERAL,AUTOMOVIL,2,0,0,0,0,0,0,0,0,0,0,0,0,2,83,MUJER,LESIONADO,PASAJERO,NO,NO,1
31639,132843,132844,2022,1,0,-0.188317,-78.445524,PICHINCHA,QUITO,NAYON,RURAL,2022-09-17,10:22:00,10,SABADO,6,SEPTIEMBRE,9,NO,"ADELANTAR O REBASAR A OTRO VEHICULO EN MOVIMIENTO EN ZONAS O SITIOS PELIGROSOS TALES COMO: CURVAS, PUENTES, TUNELES, PENDIENTES, ETC.",CHOQUE FRONTAL,MOTOCICLETA,1,0,0,0,0,0,0,0,1,0,0,0,0,2,22,HOMBRE,LESIONADO,CONDUCTOR PRESENTE,NO,NO,3
31640,132845,132846,2022,1,0,0.044368,-78.233271,PICHINCHA,PEDRO MONCAYO,TABACUNDO,RURAL,2022-09-17,11:40:00,11,SABADO,6,SEPTIEMBRE,9,NO,"NO RESPETAR LAS SENIALES REGLAMENTARIAS DE TRANSITO. (PARE, CEDA EL PASO, LUZ ROJA DEL SEMAFORO, ETC).",CHOQUE FRONTAL,MOTOCICLETA,0,0,0,0,0,0,0,0,1,0,0,0,1,2,-1,HOMBRE,LESIONADO,CONDUCTOR PRESENTE,NO,SI,3
31641,132856,132857,2022,0,0,-0.300807,-78.566436,PICHINCHA,QUITO,QUITO,URBANA,2022-09-17,14:45:00,14,SABADO,6,SEPTIEMBRE,9,NO,"CONDUCE BAJO LA INFLUENCIA DE ALCOHOL, SUSTANCIAS ESTUPEFACIENTES O PSICOTROPICAS Y/O MEDICAMENTOS.",ESTRELLAMIENTOS,CAMIONETA,0,0,0,0,1,0,0,0,0,0,0,0,0,1,40,HOMBRE,ILESO,CONDUCTOR PRESENTE,NO,NO,1
31642,132874,132875,2022,0,0,-0.065681,-78.363551,PICHINCHA,QUITO,GUAYLLABAMBA,RURAL,2022-09-17,19:55:00,19,SABADO,6,SEPTIEMBRE,9,NO,NO CEDER EL DERECHO DE VIA O PREFERENCIA DE PASO A VEHICULOS.,CHOQUE FRONTAL,MOTOCICLETA,1,0,0,0,0,0,0,0,1,0,0,0,0,2,33,HOMBRE,ILESO,CONDUCTOR PRESENTE,NO,NO,3
31643,132890,132891,2022,0,0,-0.161743,-78.495801,PICHINCHA,QUITO,QUITO,URBANA,2022-09-17,23:30:00,23,SABADO,6,SEPTIEMBRE,9,NO,CONDUCIR VEHICULO SUPERANDO LOS LIMITES MAXIMOS DE VELOCIDAD.,ESTRELLAMIENTOS,AUTOMOVIL,1,0,0,0,0,0,0,0,0,0,0,0,0,1,-1,NO IDENTIFICADO,NO IDENTIFICADO,CONDUCTOR AUSENTE,NO,NO,2
31644,132893,132894,2022,0,0,-0.297881,-78.531156,PICHINCHA,QUITO,QUITO,URBANA,2022-09-18,00:03:00,0,DOMINGO,7,SEPTIEMBRE,9,NO,"FALLA MECANICA EN LOS SISTEMAS Y/O NEUMATICOS (SISTEMA DE FRENOS, DIRECCION, ELECTRONICO O MECANICO).",ESTRELLAMIENTOS,CAMIONETA,0,0,0,0,1,0,0,0,0,0,0,0,0,1,30,HOMBRE,ILESO,CONDUCTOR PRESENTE,NO,NO,1
31645,132897,132898,2022,0,1,-0.507823,-78.574081,PICHINCHA,MEJIA,MACHACHI,RURAL,2022-09-18,01:25:00,1,DOMINGO,7,SEPTIEMBRE,9,NO,"CONDUCIR DESATENTO A LAS CONDICIONES DE TRANSITO (CELULAR, PANTALLAS DE VIDEO, COMIDA, MAQUILLAJE O CUALQUIER OTRO ELEMENTO DISTRACTOR).",ATROPELLOS,NO IDENTIFICADO,0,0,0,0,0,0,0,0,0,1,0,0,0,1,0,MUJER,FALLECIDO,PASAJERO,NO,SI,3
31646,132902,132903,2022,0,1,0.051492,-79.325766,PICHINCHA,PUERTO QUITO,PUERTO QUITO,RURAL,2022-09-18,02:30:00,2,DOMINGO,7,SEPTIEMBRE,9,NO,"CONDUCIR DESATENTO A LAS CONDICIONES DE TRANSITO (CELULAR, PANTALLAS DE VIDEO, COMIDA, MAQUILLAJE O CUALQUIER OTRO ELEMENTO DISTRACTOR).",PERDIDA DE CARRIL,MOTOCICLETA,0,0,0,0,0,0,0,1,1,0,0,0,0,2,24,HOMBRE,FALLECIDO,CONDUCTOR PRESENTE,NO,SI,3
31647,132903,132904,2022,5,0,-0.275912,-78.488731,PICHINCHA,QUITO,CONOCOTO,RURAL,2022-09-18,02:30:00,2,DOMINGO,7,SEPTIEMBRE,9,NO,"CONDUCE BAJO LA INFLUENCIA DE ALCOHOL, SUSTANCIAS ESTUPEFACIENTES O PSICOTROPICAS Y/O MEDICAMENTOS.",CHOQUE POSTERIOR,NO IDENTIFICADO,0,0,0,0,0,0,0,0,0,1,0,0,0,1,41,HOMBRE,LESIONADO,PASAJERO,NO,SI,3
31648,132907,132908,2022,0,1,-0.220775,-78.352648,PICHINCHA,QUITO,PIFO,RURAL,2022-09-18,04:45:00,4,DOMINGO,7,SEPTIEMBRE,9,NO,NO CEDER EL DERECHO DE VIA O PREFERENCIA DE PASO AL PEATON.,ATROPELLOS,NO IDENTIFICADO,0,0,0,0,0,0,0,0,0,1,0,0,0,1,-1,HOMBRE,FALLECIDO,PEATON,NO,NO,3
31649,132909,132910,2022,0,1,-0.019455,-78.449317,PICHINCHA,QUITO,SAN ANTONIO (QUITO),RURAL,2022-09-18,04:50:00,4,DOMINGO,7,SEPTIEMBRE,9,NO,CONDUCIR VEHICULO SUPERANDO LOS LIMITES MAXIMOS DE VELOCIDAD.,VOLCAMIENTOS,MOTOCICLETA,0,0,0,0,0,0,0,0,1,0,0,0,0,1,24,HOMBRE,FALLECIDO,PASAJERO,NO,NO,3
31650,132910,132911,2022,0,0,-0.289085,-78.545116,PICHINCHA,QUITO,QUITO,URBANA,2022-09-18,04:55:00,4,DOMINGO,7,SEPTIEMBRE,9,NO,CONDUCIR VEHICULO SUPERANDO LOS LIMITES MAXIMOS DE VELOCIDAD.,ESTRELLAMIENTOS,AUTOMOVIL,1,0,0,0,0,0,0,0,0,0,0,0,0,1,-1,NO IDENTIFICADO,NO IDENTIFICADO,CONDUCTOR AUSENTE,NO,NO,2
31651,132913,132914,2022,0,0,-0.214913,-78.490372,PICHINCHA,QUITO,QUITO,URBANA,2022-09-18,05:50:00,5,DOMINGO,7,SEPTIEMBRE,9,NO,"CONDUCIR EN ESTADO DE SOMNOLENCIA O MALAS CONDICIONES FISICAS (SUENIO, CANSANCIO Y FATIGA).",ESTRELLAMIENTOS,AUTOMOVIL,1,0,0,0,0,0,0,0,0,0,0,0,0,1,67,HOMBRE,ILESO,CONDUCTOR PRESENTE,NO,NO,1
31652,132918,132919,2022,0,0,0.080185,-78.458068,PICHINCHA,QUITO,SAN ANTONIO (QUITO),RURAL,2022-09-18,07:13:00,7,DOMINGO,7,SEPTIEMBRE,9,NO,"PRESENCIA DE AGENTES EXTERNOS EN LA VIA (AGUA, ACEITE, PIEDRA, LASTRE, ESCOMBROS, MADEROS, ETC.).",VOLCAMIENTOS,CAMIONETA,0,0,0,0,1,0,0,0,0,0,0,0,0,1,-1,NO IDENTIFICADO,NO IDENTIFICADO,CONDUCTOR AUSENTE,NO,NO,2
31653,132919,132920,2022,0,0,-0.167563,-78.468911,PICHINCHA,QUITO,QUITO,URBANA,2022-09-18,07:40:00,7,DOMINGO,7,SEPTIEMBRE,9,NO,"CONDUCE BAJO LA INFLUENCIA DE ALCOHOL, SUSTANCIAS ESTUPEFACIENTES O PSICOTROPICAS Y/O MEDICAMENTOS.",ESTRELLAMIENTOS,AUTOMOVIL,1,0,0,0,0,0,0,0,0,0,0,0,0,1,30,HOMBRE,ILESO,CONDUCTOR PRESENTE,NO,NO,1
31654,132922,132923,2022,0,0,-0.313481,-78.535071,PICHINCHA,QUITO,QUITO,URBANA,2022-09-18,08:12:00,8,DOMINGO,7,SEPTIEMBRE,9,NO,CONDUCIR VEHICULO SUPERANDO LOS LIMITES MAXIMOS DE VELOCIDAD.,ESTRELLAMIENTOS,CAMION,0,0,0,1,0,0,0,0,0,0,0,0,0,1,-1,NO IDENTIFICADO,NO IDENTIFICADO,CONDUCTOR AUSENTE,NO,NO,2
31655,132934,132935,2022,0,1,-0.386913,-78.549587,PICHINCHA,MEJIA,CUTUGLAHUA,RURAL,2022-09-18,12:30:00,12,DOMINGO,7,SEPTIEMBRE,9,NO,"CONDUCIR DESATENTO A LAS CONDICIONES DE TRANSITO (CELULAR, PANTALLAS DE VIDEO, COMIDA, MAQUILLAJE O CUALQUIER OTRO ELEMENTO DISTRACTOR).",PERDIDA DE CARRIL,MOTOCICLETA,0,0,0,0,0,0,0,0,1,0,0,0,0,1,30,HOMBRE,FALLECIDO,CONDUCTOR PRESENTE,NO,SI,3
31656,132935,132936,2022,0,1,-0.185601,-78.487381,PICHINCHA,QUITO,QUITO,URBANA,2022-09-18,12:30:00,12,DOMINGO,7,SEPTIEMBRE,9,NO,NO GUARDAR LA DISTANCIA LATERAL MINIMA DE SEGURIDAD ENTRE VEHICULOS.,ROZAMIENTOS,BICICLETA,0,1,0,0,0,0,0,0,1,0,0,0,0,2,23,HOMBRE,FALLECIDO,CONDUCTOR PRESENTE,NO,NO,1
31657,132953,132954,2022,0,0,-0.304281,-78.565791,PICHINCHA,QUITO,QUITO,URBANA,2022-09-18,16:00:00,16,DOMINGO,7,SEPTIEMBRE,9,NO,CONDUCIR VEHICULO SUPERANDO LOS LIMITES MAXIMOS DE VELOCIDAD.,ESTRELLAMIENTOS,AUTOMOVIL,1,0,0,0,0,0,0,0,0,0,0,0,0,1,-1,NO IDENTIFICADO,NO IDENTIFICADO,CONDUCTOR AUSENTE,NO,NO,2
31658,132958,132959,2022,0,0,-0.120311,-78.466545,PICHINCHA,QUITO,QUITO,URBANA,2022-09-18,16:30:00,16,DOMINGO,7,SEPTIEMBRE,9,NO,"CONDUCE BAJO LA INFLUENCIA DE ALCOHOL, SUSTANCIAS ESTUPEFACIENTES O PSICOTROPICAS Y/O MEDICAMENTOS.",ROZAMIENTOS,AUTOMOVIL,2,0,0,0,0,0,0,0,0,0,0,0,0,2,40,HOMBRE,ILESO,CONDUCTOR PRESENTE,NO,NO,1
31659,132965,132966,2022,0,0,-0.451994,-78.658392,PICHINCHA,MEJIA,ALOAG,RURAL,2022-09-18,18:30:00,18,DOMINGO,7,SEPTIEMBRE,9,NO,"NO RESPETAR LAS SENIALES REGLAMENTARIAS DE TRANSITO. (PARE, CEDA EL PASO, LUZ ROJA DEL SEMAFORO, ETC).",CHOQUE LATERAL,VEHICULO DEPORTIVO UTILITARIO,1,0,0,0,0,0,0,0,0,0,0,0,2,3,51,MUJER,ILESO,CONDUCTOR PRESENTE,NO,NO,3
31660,132974,132975,2022,0,0,-0.494289,-78.571159,PICHINCHA,MEJIA,ALOAG,RURAL,2022-09-18,20:45:00,20,DOMINGO,7,SEPTIEMBRE,9,NO,"CONDUCIR DESATENTO A LAS CONDICIONES DE TRANSITO (CELULAR, PANTALLAS DE VIDEO, COMIDA, MAQUILLAJE O CUALQUIER OTRO ELEMENTO DISTRACTOR).",CHOQUE LATERAL,CAMIONETA,0,0,0,0,1,0,0,0,0,0,0,0,1,2,30,HOMBRE,ILESO,CONDUCTOR PRESENTE,NO,SI,3
31661,132977,132978,2022,1,0,-0.244996,-78.522521,PICHINCHA,QUITO,QUITO,URBANA,2022-09-18,21:30:00,21,DOMINGO,7,SEPTIEMBRE,9,NO,"CONDUCE BAJO LA INFLUENCIA DE ALCOHOL, SUSTANCIAS ESTUPEFACIENTES O PSICOTROPICAS Y/O MEDICAMENTOS.",CHOQUE LATERAL,AUTOMOVIL,2,0,0,0,0,0,0,0,0,0,0,0,0,2,56,MUJER,LESIONADO,PASAJERO,NO,NO,1
31662,132979,132980,2022,0,0,-0.052851,-78.451654,PICHINCHA,QUITO,POMASQUI,RURAL,2022-09-18,21:58:00,21,DOMINGO,7,SEPTIEMBRE,9,NO,CONDUCIR VEHICULO SUPERANDO LOS LIMITES MAXIMOS DE VELOCIDAD.,ESTRELLAMIENTOS,CAMION,0,0,0,1,0,0,0,0,0,0,0,0,0,1,-1,NO IDENTIFICADO,NO IDENTIFICADO,CONDUCTOR AUSENTE,NO,NO,2
31663,132986,132987,2022,0,0,-0.289321,-78.538528,PICHINCHA,QUITO,QUITO,URBANA,2022-09-19,02:20:00,2,LUNES,1,SEPTIEMBRE,9,NO,CONDUCIR VEHICULO SUPERANDO LOS LIMITES MAXIMOS DE VELOCIDAD.,ESTRELLAMIENTOS,AUTOMOVIL,1,0,0,0,0,0,0,0,0,0,0,0,0,1,-1,NO IDENTIFICADO,NO IDENTIFICADO,CONDUCTOR AUSENTE,NO,NO,2
31664,132990,132991,2022,1,0,-0.283667,-78.535554,PICHINCHA,QUITO,QUITO,URBANA,2022-09-19,06:10:00,6,LUNES,1,SEPTIEMBRE,9,NO,"NO RESPETAR LAS SENIALES REGLAMENTARIAS DE TRANSITO. (PARE, CEDA EL PASO, LUZ ROJA DEL SEMAFORO, ETC).",CHOQUE LATERAL,AUTOMOVIL,2,0,0,0,0,0,0,0,0,0,0,0,0,2,19,MUJER,LESIONADO,CONDUCTOR PRESENTE,NO,NO,1
31665,132995,132996,2022,2,0,-0.242342,-78.336617,PICHINCHA,QUITO,PIFO,RURAL,2022-09-19,07:30:00,7,LUNES,1,SEPTIEMBRE,9,NO,"CASO FORTUITO O FUERZA MAYOR (EXPLOSION DE NEUMATICO NUEVO, DERRUMBE, INUNDACION, CAIDA DE PUENTE, ARBOL, PRESENCIA INTEMPESTIVA E IMPREVISTA DE SEMOVIENTES EN LA VIA, ETC.).",ATROPELLOS,MOTOCICLETA,0,0,0,0,0,0,0,0,1,0,0,0,0,1,57,HOMBRE,LESIONADO,PEATON,NO,SI,3
31666,133000,133001,2022,1,0,-0.243511,-78.506074,PICHINCHA,QUITO,QUITO,URBANA,2022-09-19,09:00:00,9,LUNES,1,SEPTIEMBRE,9,NO,NO TRANSITAR POR LAS ACERAS O ZONAS DE SEGURIDAD DESTINADAS PARA EL EFECTO.,ATROPELLOS,BUS,0,0,1,0,0,0,0,0,0,0,0,0,0,1,14,HOMBRE,LESIONADO,PEATON,NO,NO,1
31667,133010,133011,2022,0,0,-0.331329,-78.551002,PICHINCHA,QUITO,QUITO,URBANA,2022-09-19,12:30:00,12,LUNES,1,SEPTIEMBRE,9,NO,NO GUARDAR LA DISTANCIA LATERAL MINIMA DE SEGURIDAD ENTRE VEHICULOS.,ROZAMIENTOS,AUTOMOVIL,2,0,0,0,0,0,0,0,0,0,0,0,0,2,37,HOMBRE,ILESO,CONDUCTOR PRESENTE,NO,NO,1
31668,133018,133019,2022,1,0,-0.210044,-78.505477,PICHINCHA,QUITO,QUITO,URBANA,2022-09-19,13:38:00,13,LUNES,1,SEPTIEMBRE,9,NO,"NO RESPETAR LAS SENIALES REGLAMENTARIAS DE TRANSITO. (PARE, CEDA EL PASO, LUZ ROJA DEL SEMAFORO, ETC).",CHOQUE LATERAL,AUTOMOVIL,2,0,0,0,0,0,0,0,0,0,0,0,0,2,17,MUJER,LESIONADO,PASAJERO,NO,NO,1
31669,133024,133025,2022,0,1,-0.255758,-78.541969,PICHINCHA,QUITO,QUITO,URBANA,2022-09-19,15:47:00,15,LUNES,1,SEPTIEMBRE,9,NO,NO TRANSITAR POR LAS ACERAS O ZONAS DE SEGURIDAD DESTINADAS PARA EL EFECTO.,ATROPELLOS,BUS,1,0,1,0,0,0,0,0,0,0,0,0,0,2,52,HOMBRE,FALLECIDO,PEATON,NO,NO,1
31670,133027,133028,2022,3,0,-0.133427,-78.493851,PICHINCHA,QUITO,QUITO,URBANA,2022-09-19,16:30:00,16,LUNES,1,SEPTIEMBRE,9,NO,"NO RESPETAR LAS SENIALES REGLAMENTARIAS DE TRANSITO. (PARE, CEDA EL PASO, LUZ ROJA DEL SEMAFORO, ETC).",CAIDA DE PASAJERO,BUS,0,0,1,0,0,0,0,0,0,0,0,0,0,1,50,MUJER,LESIONADO,PASAJERO,NO,NO,1
31671,133030,133031,2022,1,0,-0.216663,-78.515253,PICHINCHA,QUITO,QUITO,URBANA,2022-09-19,17:45:00,17,LUNES,1,SEPTIEMBRE,9,NO,NO TRANSITAR POR LAS ACERAS O ZONAS DE SEGURIDAD DESTINADAS PARA EL EFECTO.,ARROLLAMIENTOS,AUTOMOVIL,1,0,0,0,0,0,0,0,0,0,0,0,0,1,2,HOMBRE,LESIONADO,PEATON,NO,NO,1
31672,133032,133033,2022,1,0,-0.178631,-78.489093,PICHINCHA,QUITO,QUITO,URBANA,2022-09-19,18:40:00,18,LUNES,1,SEPTIEMBRE,9,NO,NO TRANSITAR POR LAS ACERAS O ZONAS DE SEGURIDAD DESTINADAS PARA EL EFECTO.,ATROPELLOS,AUTOMOVIL,1,0,0,0,0,0,0,0,0,0,0,0,0,1,23,HOMBRE,LESIONADO,PEATON,NO,NO,1
31673,133038,133039,2022,3,0,-0.212995,-78.410353,PICHINCHA,QUITO,TUMBACO,RURAL,2022-09-19,19:40:00,19,LUNES,1,SEPTIEMBRE,9,NO,NO CEDER EL DERECHO DE VIA O PREFERENCIA DE PASO A VEHICULOS.,CHOQUE LATERAL,MOTOCICLETA,1,0,0,0,0,0,0,0,1,0,0,0,0,2,24,HOMBRE,LESIONADO,CONDUCTOR PRESENTE,NO,NO,3
31674,133056,133057,2022,1,0,-0.268874,-78.533194,PICHINCHA,QUITO,QUITO,URBANA,2022-09-20,07:25:00,7,MARTES,2,SEPTIEMBRE,9,NO,"NO RESPETAR LAS SENIALES REGLAMENTARIAS DE TRANSITO. (PARE, CEDA EL PASO, LUZ ROJA DEL SEMAFORO, ETC).",OTROS,BUS,0,0,1,0,0,0,0,0,1,0,0,0,0,2,25,HOMBRE,LESIONADO,CONDUCTOR PRESENTE,NO,NO,1
31675,133073,133074,2022,0,0,-0.310482,-78.565344,PICHINCHA,QUITO,QUITO,URBANA,2022-09-20,14:00:00,14,MARTES,2,SEPTIEMBRE,9,NO,"CONDUCE BAJO LA INFLUENCIA DE ALCOHOL, SUSTANCIAS ESTUPEFACIENTES O PSICOTROPICAS Y/O MEDICAMENTOS.",CHOQUE LATERAL,CAMIONETA,1,0,0,0,1,0,0,0,0,0,0,0,0,2,44,HOMBRE,ILESO,CONDUCTOR PRESENTE,NO,NO,1
31676,133076,133077,2022,0,1,0.066078,-78.372368,PICHINCHA,QUITO,PUELLARO,RURAL,2022-09-20,14:50:00,14,MARTES,2,SEPTIEMBRE,9,NO,REALIZAR CAMBIO BRUSCO O INDEBIDO DE CARRIL.,CHOQUE LATERAL,CAMION,0,0,0,1,0,0,0,0,1,0,0,0,0,2,21,HOMBRE,FALLECIDO,CONDUCTOR PRESENTE,NO,NO,3
31677,133077,133078,2022,1,0,0.029863,-78.622813,PICHINCHA,QUITO,NONO,RURAL,2022-09-20,15:10:00,15,MARTES,2,SEPTIEMBRE,9,NO,"CONDUCIR DESATENTO A LAS CONDICIONES DE TRANSITO (CELULAR, PANTALLAS DE VIDEO, COMIDA, MAQUILLAJE O CUALQUIER OTRO ELEMENTO DISTRACTOR).",PERDIDA DE CARRIL,MOTOCICLETA,0,0,0,0,0,0,0,0,1,0,0,0,1,2,34,HOMBRE,LESIONADO,CONDUCTOR PRESENTE,NO,SI,3
31678,133078,133079,2022,1,0,-0.332414,-78.870672,PICHINCHA,MEJIA,MANUEL CORNEJO ASTORGA,RURAL,2022-09-20,15:20:00,15,MARTES,2,SEPTIEMBRE,9,NO,REALIZAR CAMBIO BRUSCO O INDEBIDO DE CARRIL.,PERDIDA DE CARRIL,CAMION,0,0,0,1,0,0,0,0,0,0,0,0,0,1,-1,HOMBRE,LESIONADO,PASAJERO,NO,NO,3
31679,133081,133082,2022,0,0,-0.465171,-78.565092,PICHINCHA,MEJIA,ALOAG,RURAL,2022-09-20,16:50:00,16,MARTES,2,SEPTIEMBRE,9,NO,"CONDUCIR DESATENTO A LAS CONDICIONES DE TRANSITO (CELULAR, PANTALLAS DE VIDEO, COMIDA, MAQUILLAJE O CUALQUIER OTRO ELEMENTO DISTRACTOR).",CHOQUE LATERAL,NO IDENTIFICADO,0,0,0,0,0,0,0,0,0,1,0,0,0,1,29,HOMBRE,ILESO,CONDUCTOR PRESENTE,NO,SI,3