,Unnamed: 0,ID,ANIO,LESIONADOS,FALLECIDOS,LATITUD_Y,LONGITUD_X,PROVINCIA,CANTON,PARROQUIA,ZONA,FECHA,HORA,PERIODO_2,DIA_1,DIA_2,MES_1,MES_2,FERIADO,CAUSA_PROBABLE,TIPO_DE_SINIESTRO,TIPO_DE_VEHICULO_1,AUTOMOVIL,BICICLETA,BUS,CAMION,CAMIONETA,EMERGENCIAS,ESPECIAL,FURGONETA,MOTOCICLETA,NO_IDENTIFICADO,SCOOTER_ELECTRICO,TRICIMOTO,VEHICULO_DEPORTIVO_UTILITARIO,SUMA_DE_VEHICULOS,EDAD_1,SEXO_1,CONDICION_1,PARTICIPANTE_1,CASCO_1,CINTURON_1,KMeans_Cluster
31680,133094,133095,2022,0,1,-0.062895,-78.360351,PICHINCHA,QUITO,GUAYLLABAMBA,RURAL,2022-09-20,21:15:00,21,MARTES,2,SEPTIEMBRE,9,NO,"CONDUCIR DESATENTO A LAS CONDICIONES DE TRANSITO (CELULAR, PANTALLAS DE VIDEO, COMIDA, MAQUILLAJE O CUALQUIER OTRO ELEMENTO DISTRACTOR).",ATROPELLOS,AUTOMOVIL,1,0,0,0,0,0,0,0,0,0,0,0,0,1,48,HOMBRE,FALLECIDO,PEATON,NO,SI,3
31681,133117,133118,2022,0,0,-0.233749,-78.484484,PICHINCHA,QUITO,QUITO,URBANA,2022-09-21,14:40:00,14,MIERCOLES,3,SEPTIEMBRE,9,NO,"CONDICIONES AMBIENTALES Y/O ATMOSFERICAS (NIEBLA, NEBLINA, GRANIZO, LLUVIA).",CHOQUE LATERAL,AUTOMOVIL,2,0,0,0,0,0,0,0,0,0,0,0,0,2,50,HOMBRE,ILESO,CONDUCTOR PRESENTE,NO,NO,1
31682,133119,133120,2022,3,0,-0.442083,-78.701261,PICHINCHA,MEJIA,ALOAG,RURAL,2022-09-21,15:17:00,15,MIERCOLES,3,SEPTIEMBRE,9,NO,CONDUCIR EN SENTIDO CONTRARIO A LA VIA NORMAL DE CIRCULACION.,CHOQUE FRONTAL,CAMION,1,0,0,1,0,0,0,0,0,0,0,0,0,2,32,HOMBRE,LESIONADO,CONDUCTOR PRESENTE,NO,NO,3
31683,133123,133124,2022,0,0,-0.224767,-78.396243,PICHINCHA,QUITO,TUMBACO,RURAL,2022-09-21,15:55:00,15,MIERCOLES,3,SEPTIEMBRE,9,NO,REALIZAR CAMBIO BRUSCO O INDEBIDO DE CARRIL.,CHOQUE FRONTAL,AUTOMOVIL,2,0,0,0,0,0,0,0,0,0,0,0,0,2,45,HOMBRE,ILESO,CONDUCTOR PRESENTE,NO,NO,3
31684,133127,133128,2022,1,0,-0.211291,-78.512047,PICHINCHA,QUITO,QUITO,URBANA,2022-09-21,17:50:00,17,MIERCOLES,3,SEPTIEMBRE,9,NO,"NO RESPETAR LAS SENIALES REGLAMENTARIAS DE TRANSITO. (PARE, CEDA EL PASO, LUZ ROJA DEL SEMAFORO, ETC).",CHOQUE LATERAL,MOTOCICLETA,1,0,0,0,0,0,0,0,1,0,0,0,0,2,30,HOMBRE,LESIONADO,CONDUCTOR PRESENTE,NO,NO,1
31685,133134,133135,2022,0,0,-0.378201,-78.552755,PICHINCHA,MEJIA,CUTUGLAHUA,URBANA,2022-09-21,20:30:00,20,MIERCOLES,3,SEPTIEMBRE,9,NO,"CONDUCE BAJO LA INFLUENCIA DE ALCOHOL, SUSTANCIAS ESTUPEFACIENTES O PSICOTROPICAS Y/O MEDICAMENTOS.",ESTRELLAMIENTOS,NO IDENTIFICADO,0,0,0,0,0,0,0,0,0,1,0,0,0,1,36,HOMBRE,ILESO,CONDUCTOR PRESENTE,NO,SI,1
31686,133135,133136,2022,0,0,-0.123475,-78.471794,PICHINCHA,QUITO,QUITO,URBANA,2022-09-21,20:30:00,20,MIERCOLES,3,SEPTIEMBRE,9,NO,CONDUCIR VEHICULO SUPERANDO LOS LIMITES MAXIMOS DE VELOCIDAD.,CHOQUE POSTERIOR,CAMIONETA,1,0,0,0,1,0,0,0,0,0,0,0,0,2,57,HOMBRE,ILESO,CONDUCTOR PRESENTE,NO,NO,1
31687,133136,133137,2022,1,0,-0.296458,-78.543659,PICHINCHA,QUITO,QUITO,URBANA,2022-09-21,21:25:00,21,MIERCOLES,3,SEPTIEMBRE,9,NO,CONDUCIR VEHICULO SUPERANDO LOS LIMITES MAXIMOS DE VELOCIDAD.,PERDIDA DE CARRIL,MOTOCICLETA,0,0,0,0,0,0,0,0,1,0,0,0,0,1,35,HOMBRE,LESIONADO,CONDUCTOR PRESENTE,NO,NO,1
31688,133138,133139,2022,0,0,-0.181496,-78.475543,PICHINCHA,QUITO,QUITO,URBANA,2022-09-22,01:40:00,1,JUEVES,4,SEPTIEMBRE,9,NO,"NO RESPETAR LAS SENIALES REGLAMENTARIAS DE TRANSITO. (PARE, CEDA EL PASO, LUZ ROJA DEL SEMAFORO, ETC).",ESTRELLAMIENTOS,CAMIONETA,0,0,0,0,1,0,0,0,0,0,0,0,0,1,-1,NO IDENTIFICADO,NO IDENTIFICADO,CONDUCTOR AUSENTE,NO,NO,2
31689,133139,133140,2022,0,0,-0.237392,-78.484435,PICHINCHA,QUITO,QUITO,URBANA,2022-09-22,03:30:00,3,JUEVES,4,SEPTIEMBRE,9,NO,CONDUCIR VEHICULO SUPERANDO LOS LIMITES MAXIMOS DE VELOCIDAD.,ESTRELLAMIENTOS,AUTOMOVIL,1,0,0,0,0,0,0,0,0,0,0,0,0,1,-1,NO IDENTIFICADO,NO IDENTIFICADO,CONDUCTOR AUSENTE,NO,NO,2
31690,133140,133141,2022,0,0,-0.136657,-78.473071,PICHINCHA,QUITO,QUITO,URBANA,2022-09-22,05:05:00,5,JUEVES,4,SEPTIEMBRE,9,NO,CONDUCIR VEHICULO SUPERANDO LOS LIMITES MAXIMOS DE VELOCIDAD.,ESTRELLAMIENTOS,AUTOMOVIL,1,0,0,0,0,0,0,0,0,0,0,0,0,1,-1,NO IDENTIFICADO,NO IDENTIFICADO,CONDUCTOR AUSENTE,NO,NO,2
31691,133148,133149,2022,2,0,-0.176926,-78.488597,PICHINCHA,QUITO,QUITO,URBANA,2022-09-22,12:30:00,12,JUEVES,4,SEPTIEMBRE,9,NO,"ADELANTAR O REBASAR A OTRO VEHICULO EN MOVIMIENTO EN ZONAS O SITIOS PELIGROSOS TALES COMO: CURVAS, PUENTES, TUNELES, PENDIENTES, ETC.",ROZAMIENTOS,MOTOCICLETA,1,0,0,0,0,0,0,0,1,0,0,0,0,2,22,HOMBRE,LESIONADO,CONDUCTOR PRESENTE,NO,NO,1
31692,133150,133151,2022,1,0,0.072637,-78.403541,PICHINCHA,QUITO,PUELLARO,RURAL,2022-09-22,13:35:00,13,JUEVES,4,SEPTIEMBRE,9,NO,"CONDUCE BAJO LA INFLUENCIA DE ALCOHOL, SUSTANCIAS ESTUPEFACIENTES O PSICOTROPICAS Y/O MEDICAMENTOS.",CHOQUE FRONTAL,BUS,0,0,1,0,0,0,0,0,1,0,0,0,0,2,31,HOMBRE,LESIONADO,CONDUCTOR PRESENTE,NO,NO,3
31693,133151,133152,2022,0,0,-0.205226,-78.430606,PICHINCHA,QUITO,CUMBAYA,RURAL,2022-09-22,13:55:00,13,JUEVES,4,SEPTIEMBRE,9,NO,CONDUCIR VEHICULO SUPERANDO LOS LIMITES MAXIMOS DE VELOCIDAD.,CHOQUE LATERAL,MOTOCICLETA,1,0,0,0,0,0,0,0,1,0,0,0,0,2,22,HOMBRE,ILESO,CONDUCTOR PRESENTE,NO,NO,3
31694,133156,133157,2022,0,1,-0.276003,-78.552241,PICHINCHA,QUITO,QUITO,URBANA,2022-09-22,15:40:00,15,JUEVES,4,SEPTIEMBRE,9,NO,NO TRANSITAR POR LAS ACERAS O ZONAS DE SEGURIDAD DESTINADAS PARA EL EFECTO.,ATROPELLOS,BUS,0,0,1,0,0,0,0,0,0,0,0,0,0,1,42,MUJER,FALLECIDO,PEATON,NO,NO,1
31695,133175,133176,2022,0,0,-0.172628,-78.475305,PICHINCHA,QUITO,QUITO,URBANA,2022-09-23,03:00:00,3,VIERNES,5,SEPTIEMBRE,9,NO,CONDUCIR VEHICULO SUPERANDO LOS LIMITES MAXIMOS DE VELOCIDAD.,ESTRELLAMIENTOS,AUTOMOVIL,1,0,0,0,0,0,0,0,0,0,0,0,0,1,-1,NO IDENTIFICADO,NO IDENTIFICADO,CONDUCTOR AUSENTE,NO,NO,2
31696,133176,133177,2022,0,0,-0.070137,-78.452604,PICHINCHA,QUITO,CALDERON (CARAPUNGO),RURAL,2022-09-23,03:50:00,3,VIERNES,5,SEPTIEMBRE,9,NO,CONDUCIR VEHICULO SUPERANDO LOS LIMITES MAXIMOS DE VELOCIDAD.,VOLCAMIENTOS,AUTOMOVIL,1,0,0,0,0,0,0,0,0,0,0,0,0,1,40,HOMBRE,ILESO,CONDUCTOR PRESENTE,NO,NO,3
31697,133188,133189,2022,0,0,-0.245497,-78.520905,PICHINCHA,QUITO,QUITO,URBANA,2022-09-23,10:55:00,10,VIERNES,5,SEPTIEMBRE,9,NO,NO CEDER EL DERECHO DE VIA O PREFERENCIA DE PASO A VEHICULOS.,CHOQUE LATERAL,AUTOMOVIL,2,0,0,0,0,0,0,0,0,0,0,0,0,2,22,HOMBRE,ILESO,CONDUCTOR PRESENTE,NO,NO,1
31698,133193,133194,2022,0,0,-0.069919,-78.452691,PICHINCHA,QUITO,CALDERON (CARAPUNGO),RURAL,2022-09-23,12:25:00,12,VIERNES,5,SEPTIEMBRE,9,NO,REALIZAR CAMBIO BRUSCO O INDEBIDO DE CARRIL.,CHOQUE LATERAL,CAMION,1,0,0,1,0,0,0,0,0,0,0,0,0,2,22,HOMBRE,ILESO,PASAJERO,NO,NO,3
31699,133195,133196,2022,0,0,-0.198429,-78.462235,PICHINCHA,QUITO,QUITO,URBANA,2022-09-23,14:40:00,14,VIERNES,5,SEPTIEMBRE,9,NO,REALIZAR CAMBIO BRUSCO O INDEBIDO DE CARRIL.,CHOQUE LATERAL,CAMION,0,0,0,1,1,0,0,0,0,0,0,0,0,2,43,HOMBRE,ILESO,CONDUCTOR PRESENTE,NO,NO,1
31700,133196,133197,2022,0,0,-0.503068,-78.567202,PICHINCHA,MEJIA,MACHACHI,URBANA,2022-09-23,14:45:00,14,VIERNES,5,SEPTIEMBRE,9,NO,"CONDUCIR DESATENTO A LAS CONDICIONES DE TRANSITO (CELULAR, PANTALLAS DE VIDEO, COMIDA, MAQUILLAJE O CUALQUIER OTRO ELEMENTO DISTRACTOR).",ATROPELLOS,NO IDENTIFICADO,0,0,0,0,0,0,0,0,0,1,0,0,0,1,50,HOMBRE,ILESO,CONDUCTOR PRESENTE,NO,SI,1
31701,133202,133203,2022,0,1,0.121958,-79.248328,PICHINCHA,PUERTO QUITO,PUERTO QUITO,RURAL,2022-09-23,17:30:00,17,VIERNES,5,SEPTIEMBRE,9,NO,"CONDUCIR DESATENTO A LAS CONDICIONES DE TRANSITO (CELULAR, PANTALLAS DE VIDEO, COMIDA, MAQUILLAJE O CUALQUIER OTRO ELEMENTO DISTRACTOR).",PERDIDA DE CARRIL,MOTOCICLETA,1,0,0,0,0,0,0,0,1,0,0,0,0,2,31,HOMBRE,FALLECIDO,CONDUCTOR PRESENTE,NO,SI,3
31702,133213,133214,2022,0,0,-0.296741,-78.558747,PICHINCHA,QUITO,QUITO,URBANA,2022-09-23,19:30:00,19,VIERNES,5,SEPTIEMBRE,9,NO,"CONDUCE BAJO LA INFLUENCIA DE ALCOHOL, SUSTANCIAS ESTUPEFACIENTES O PSICOTROPICAS Y/O MEDICAMENTOS.",OTROS,CAMION,2,0,0,1,0,0,0,0,0,0,0,0,0,3,54,HOMBRE,ILESO,CONDUCTOR PRESENTE,NO,NO,1
31703,133216,133217,2022,1,0,-0.198161,-78.486579,PICHINCHA,QUITO,QUITO,URBANA,2022-09-23,19:45:00,19,VIERNES,5,SEPTIEMBRE,9,NO,"CONDUCE BAJO LA INFLUENCIA DE ALCOHOL, SUSTANCIAS ESTUPEFACIENTES O PSICOTROPICAS Y/O MEDICAMENTOS.",CHOQUE POSTERIOR,MOTOCICLETA,1,0,0,0,0,0,0,0,1,0,0,0,0,2,29,HOMBRE,LESIONADO,CONDUCTOR PRESENTE,NO,NO,1
31704,133222,133223,2022,0,0,-0.258474,-78.544764,PICHINCHA,QUITO,QUITO,URBANA,2022-09-23,20:56:00,20,VIERNES,5,SEPTIEMBRE,9,NO,"FALLA MECANICA EN LOS SISTEMAS Y/O NEUMATICOS (SISTEMA DE FRENOS, DIRECCION, ELECTRONICO O MECANICO).",OTROS,AUTOMOVIL,1,0,0,0,0,0,0,0,0,0,0,0,0,1,-1,NO IDENTIFICADO,NO IDENTIFICADO,CONDUCTOR AUSENTE,NO,NO,2
31705,133224,133225,2022,0,0,-0.140803,-78.500879,PICHINCHA,QUITO,QUITO,URBANA,2022-09-23,21:55:00,21,VIERNES,5,SEPTIEMBRE,9,NO,"CONDUCE BAJO LA INFLUENCIA DE ALCOHOL, SUSTANCIAS ESTUPEFACIENTES O PSICOTROPICAS Y/O MEDICAMENTOS.",CHOQUE LATERAL,AUTOMOVIL,2,0,0,0,0,0,0,0,0,0,0,0,0,2,36,HOMBRE,ILESO,CONDUCTOR PRESENTE,NO,NO,1
31706,133228,133229,2022,0,0,-0.106603,-78.476422,PICHINCHA,QUITO,QUITO,URBANA,2022-09-23,23:10:00,23,VIERNES,5,SEPTIEMBRE,9,NO,"CONDUCE BAJO LA INFLUENCIA DE ALCOHOL, SUSTANCIAS ESTUPEFACIENTES O PSICOTROPICAS Y/O MEDICAMENTOS.",CHOQUE POSTERIOR,AUTOMOVIL,2,0,0,0,0,0,0,0,0,0,0,0,0,2,30,HOMBRE,ILESO,CONDUCTOR PRESENTE,NO,NO,1
31707,133231,133232,2022,1,0,-0.132431,-78.311842,PICHINCHA,QUITO,CHECA (CHILPA),RURAL,2022-09-24,00:10:00,0,SABADO,6,SEPTIEMBRE,9,NO,"CONDUCIR DESATENTO A LAS CONDICIONES DE TRANSITO (CELULAR, PANTALLAS DE VIDEO, COMIDA, MAQUILLAJE O CUALQUIER OTRO ELEMENTO DISTRACTOR).",CHOQUE FRONTAL,BUS,0,0,1,0,0,0,0,0,0,0,0,0,1,2,29,HOMBRE,LESIONADO,CONDUCTOR PRESENTE,NO,SI,3
31708,133232,133233,2022,1,0,-0.348593,-78.540218,PICHINCHA,QUITO,QUITO,URBANA,2022-09-24,00:10:00,0,SABADO,6,SEPTIEMBRE,9,NO,CONDUCIR VEHICULO SUPERANDO LOS LIMITES MAXIMOS DE VELOCIDAD.,OTROS,MOTOCICLETA,0,0,0,0,0,0,0,0,1,0,0,0,0,1,37,HOMBRE,LESIONADO,CONDUCTOR PRESENTE,NO,NO,1
31709,133239,133240,2022,1,0,-0.329375,-78.523254,PICHINCHA,QUITO,QUITO,URBANA,2022-09-24,02:15:00,2,SABADO,6,SEPTIEMBRE,9,NO,NO CEDER EL DERECHO DE VIA O PREFERENCIA DE PASO AL PEATON.,ATROPELLOS,CAMIONETA,0,0,0,0,1,0,0,0,0,0,0,0,0,1,9,MUJER,LESIONADO,PEATON,NO,NO,1
31710,133246,133247,2022,0,0,-0.157119,-78.485441,PICHINCHA,QUITO,QUITO,URBANA,2022-09-24,03:40:00,3,SABADO,6,SEPTIEMBRE,9,NO,CONDUCIR VEHICULO SUPERANDO LOS LIMITES MAXIMOS DE VELOCIDAD.,ESTRELLAMIENTOS,AUTOMOVIL,1,0,0,0,0,0,0,0,0,0,0,0,0,1,-1,NO IDENTIFICADO,NO IDENTIFICADO,CONDUCTOR AUSENTE,NO,NO,2
31711,133253,133254,2022,0,0,-0.251905,-78.530961,PICHINCHA,QUITO,QUITO,URBANA,2022-09-24,07:00:00,7,SABADO,6,SEPTIEMBRE,9,NO,NO CEDER EL DERECHO DE VIA O PREFERENCIA DE PASO A VEHICULOS.,CHOQUE LATERAL,AUTOMOVIL,2,0,0,0,0,0,0,0,0,0,0,0,0,2,31,HOMBRE,ILESO,CONDUCTOR PRESENTE,NO,NO,1
31712,133259,133260,2022,0,0,-0.157691,-78.477161,PICHINCHA,QUITO,QUITO,URBANA,2022-09-24,08:00:00,8,SABADO,6,SEPTIEMBRE,9,NO,"CONDUCE BAJO LA INFLUENCIA DE ALCOHOL, SUSTANCIAS ESTUPEFACIENTES O PSICOTROPICAS Y/O MEDICAMENTOS.",CHOQUE POSTERIOR,AUTOMOVIL,2,0,0,0,0,0,0,0,0,0,0,0,0,2,43,HOMBRE,ILESO,CONDUCTOR PRESENTE,NO,NO,1
31713,133269,133270,2022,0,0,-0.107632,-78.447062,PICHINCHA,QUITO,CALDERON (CARAPUNGO),RURAL,2022-09-24,12:59:00,12,SABADO,6,SEPTIEMBRE,9,NO,"NO RESPETAR LAS SENIALES REGLAMENTARIAS DE TRANSITO. (PARE, CEDA EL PASO, LUZ ROJA DEL SEMAFORO, ETC).",CHOQUE POSTERIOR,CAMION,1,0,0,1,0,0,0,0,0,0,0,0,0,2,44,HOMBRE,ILESO,CONDUCTOR PRESENTE,NO,NO,3
31714,133271,133272,2022,0,0,-0.334727,-78.550324,PICHINCHA,QUITO,QUITO,URBANA,2022-09-24,13:05:00,13,SABADO,6,SEPTIEMBRE,9,NO,NO MANTENER LA DISTANCIA PRUDENCIAL CON RESPECTO AL VEHICULO QUE LE ANTECEDE.,CHOQUE POSTERIOR,CAMIONETA,1,0,0,0,1,0,0,0,0,0,0,0,0,2,1,HOMBRE,ILESO,PASAJERO,NO,NO,1
31715,133274,133275,2022,0,0,-0.162446,-78.487368,PICHINCHA,QUITO,QUITO,URBANA,2022-09-24,13:40:00,13,SABADO,6,SEPTIEMBRE,9,NO,"NO RESPETAR LAS SENIALES REGLAMENTARIAS DE TRANSITO. (PARE, CEDA EL PASO, LUZ ROJA DEL SEMAFORO, ETC).",CHOQUE LATERAL,AUTOMOVIL,2,0,0,0,0,0,0,0,0,0,0,0,0,2,10,HOMBRE,ILESO,PASAJERO,NO,NO,1
31716,133280,133281,2022,0,0,-0.108209,-78.450756,PICHINCHA,QUITO,CALDERON (CARAPUNGO),RURAL,2022-09-24,16:50:00,16,SABADO,6,SEPTIEMBRE,9,NO,NO MANTENER LA DISTANCIA PRUDENCIAL CON RESPECTO AL VEHICULO QUE LE ANTECEDE.,CHOQUE POSTERIOR,AUTOMOVIL,2,0,0,0,0,0,0,0,0,0,0,0,0,2,35,HOMBRE,ILESO,CONDUCTOR PRESENTE,NO,NO,3
31717,133282,133283,2022,0,0,-0.218623,-78.426371,PICHINCHA,QUITO,CUMBAYA,RURAL,2022-09-24,17:30:00,17,SABADO,6,SEPTIEMBRE,9,NO,CONDUCIR VEHICULO SUPERANDO LOS LIMITES MAXIMOS DE VELOCIDAD.,ESTRELLAMIENTOS,AUTOMOVIL,1,0,0,0,0,0,0,0,0,0,0,0,0,1,54,HOMBRE,ILESO,CONDUCTOR PRESENTE,NO,NO,3
31718,133294,133295,2022,0,2,0.313617,-79.265171,PICHINCHA,PUERTO QUITO,PUERTO QUITO,URBANA,2022-09-24,20:00:00,20,SABADO,6,SEPTIEMBRE,9,NO,"CONDUCIR DESATENTO A LAS CONDICIONES DE TRANSITO (CELULAR, PANTALLAS DE VIDEO, COMIDA, MAQUILLAJE O CUALQUIER OTRO ELEMENTO DISTRACTOR).",CHOQUE FRONTAL,BUS,0,0,1,0,0,0,0,0,0,0,0,0,0,1,26,HOMBRE,FALLECIDO,CONDUCTOR PRESENTE,NO,SI,1
31719,133312,133313,2022,0,0,-0.246009,-78.476402,PICHINCHA,QUITO,QUITO,URBANA,2022-09-25,00:40:00,0,DOMINGO,7,SEPTIEMBRE,9,NO,CONDUCIR VEHICULO SUPERANDO LOS LIMITES MAXIMOS DE VELOCIDAD.,ESTRELLAMIENTOS,AUTOMOVIL,1,0,0,0,0,0,0,0,0,0,0,0,0,1,-1,NO IDENTIFICADO,NO IDENTIFICADO,CONDUCTOR AUSENTE,NO,NO,2
31720,133321,133322,2022,0,0,-0.266201,-78.480131,PICHINCHA,QUITO,CONOCOTO,RURAL,2022-09-25,03:50:00,3,DOMINGO,7,SEPTIEMBRE,9,NO,CONDUCIR VEHICULO SUPERANDO LOS LIMITES MAXIMOS DE VELOCIDAD.,ESTRELLAMIENTOS,AUTOMOVIL,1,0,0,0,0,0,0,0,0,0,0,0,0,1,-1,NO IDENTIFICADO,NO IDENTIFICADO,CONDUCTOR AUSENTE,NO,NO,2
31721,133327,133328,2022,0,0,-0.285991,-78.561231,PICHINCHA,QUITO,QUITO,URBANA,2022-09-25,05:24:00,5,DOMINGO,7,SEPTIEMBRE,9,NO,CONDUCIR VEHICULO SUPERANDO LOS LIMITES MAXIMOS DE VELOCIDAD.,ESTRELLAMIENTOS,AUTOMOVIL,1,0,0,0,0,0,0,0,0,0,0,0,0,1,-1,NO IDENTIFICADO,NO IDENTIFICADO,CONDUCTOR AUSENTE,NO,NO,2
31722,133331,133332,2022,0,0,-0.080616,-78.430087,PICHINCHA,QUITO,CALDERON (CARAPUNGO),RURAL,2022-09-25,06:00:00,6,DOMINGO,7,SEPTIEMBRE,9,NO,CONDUCIR VEHICULO SUPERANDO LOS LIMITES MAXIMOS DE VELOCIDAD.,ESTRELLAMIENTOS,AUTOMOVIL,1,0,0,0,0,0,0,0,0,0,0,0,0,1,39,HOMBRE,ILESO,CONDUCTOR PRESENTE,NO,NO,3
31723,133344,133345,2022,1,0,-0.096172,-78.434617,PICHINCHA,QUITO,CALDERON (CARAPUNGO),RURAL,2022-09-25,10:55:00,10,DOMINGO,7,SEPTIEMBRE,9,NO,NO CEDER EL DERECHO DE VIA O PREFERENCIA DE PASO A VEHICULOS.,OTROS,BICICLETA,1,1,0,0,0,0,0,0,0,0,0,0,0,2,33,MUJER,LESIONADO,CONDUCTOR PRESENTE,NO,NO,3
31724,133354,133355,2022,3,0,-0.272601,-78.508981,PICHINCHA,QUITO,QUITO,URBANA,2022-09-25,13:30:00,13,DOMINGO,7,SEPTIEMBRE,9,NO,NO TRANSITAR POR LAS ACERAS O ZONAS DE SEGURIDAD DESTINADAS PARA EL EFECTO.,ATROPELLOS,CAMIONETA,0,0,0,0,1,0,0,0,0,0,0,0,0,1,67,HOMBRE,LESIONADO,PEATON,NO,NO,1
31725,133355,133356,2022,0,1,-0.276699,-78.522086,PICHINCHA,QUITO,QUITO,URBANA,2022-09-25,13:50:00,13,DOMINGO,7,SEPTIEMBRE,9,NO,CONDUCIR VEHICULO SUPERANDO LOS LIMITES MAXIMOS DE VELOCIDAD.,OTROS,BUS,0,0,1,0,0,0,0,0,0,0,0,0,0,1,50,MUJER,FALLECIDO,PASAJERO,NO,NO,1
31726,133377,133378,2022,0,0,-0.326245,-78.560751,PICHINCHA,QUITO,QUITO,URBANA,2022-09-25,20:30:00,20,DOMINGO,7,SEPTIEMBRE,9,NO,CONDUCIR VEHICULO SUPERANDO LOS LIMITES MAXIMOS DE VELOCIDAD.,OTROS,MOTOCICLETA,0,0,0,0,0,0,0,0,1,0,0,0,0,1,-1,NO IDENTIFICADO,NO IDENTIFICADO,CONDUCTOR AUSENTE,NO,NO,2
31727,133383,133384,2022,1,1,-0.206141,-78.483119,PICHINCHA,QUITO,QUITO,URBANA,2022-09-25,23:55:00,23,DOMINGO,7,SEPTIEMBRE,9,NO,REALIZAR CAMBIO BRUSCO O INDEBIDO DE CARRIL.,CHOQUE LATERAL,MOTOCICLETA,0,0,0,0,0,0,0,0,1,1,0,0,0,2,24,MUJER,FALLECIDO,PASAJERO,NO,NO,1
31728,133385,133386,2022,0,0,-0.115644,-78.494971,PICHINCHA,QUITO,QUITO,URBANA,2022-09-26,03:50:00,3,LUNES,1,SEPTIEMBRE,9,NO,"NO RESPETAR LAS SENIALES REGLAMENTARIAS DE TRANSITO. (PARE, CEDA EL PASO, LUZ ROJA DEL SEMAFORO, ETC).",CHOQUE LATERAL,CAMION,1,0,0,1,0,0,0,0,0,0,0,0,0,2,30,HOMBRE,ILESO,CONDUCTOR PRESENTE,NO,NO,1
31729,133387,133388,2022,0,0,-0.442251,-78.712013,PICHINCHA,MEJIA,ALOAG,RURAL,2022-09-26,07:00:00,7,LUNES,1,SEPTIEMBRE,9,NO,REALIZAR CAMBIO BRUSCO O INDEBIDO DE CARRIL.,PERDIDA DE CARRIL,CAMION,0,0,0,1,0,0,0,0,0,0,0,0,0,1,-1,HOMBRE,ILESO,CONDUCTOR PRESENTE,NO,NO,3
31730,133391,133392,2022,4,0,-0.192297,-78.496767,PICHINCHA,QUITO,QUITO,URBANA,2022-09-26,08:25:00,8,LUNES,1,SEPTIEMBRE,9,NO,"NO RESPETAR LAS SENIALES REGLAMENTARIAS DE TRANSITO. (PARE, CEDA EL PASO, LUZ ROJA DEL SEMAFORO, ETC).",CHOQUE LATERAL,AUTOMOVIL,2,0,0,0,0,0,0,0,0,0,0,0,0,2,62,HOMBRE,LESIONADO,CONDUCTOR PRESENTE,NO,NO,1
31731,133402,133403,2022,2,0,-0.178508,-78.486121,PICHINCHA,QUITO,QUITO,URBANA,2022-09-26,14:20:00,14,LUNES,1,SEPTIEMBRE,9,NO,NO TRANSITAR POR LAS ACERAS O ZONAS DE SEGURIDAD DESTINADAS PARA EL EFECTO.,ATROPELLOS,MOTOCICLETA,0,0,0,0,0,0,0,0,1,0,0,0,0,1,6,HOMBRE,LESIONADO,PEATON,NO,NO,1
31732,133406,133407,2022,0,0,-0.279147,-78.515082,PICHINCHA,QUITO,QUITO,URBANA,2022-09-26,17:45:00,17,LUNES,1,SEPTIEMBRE,9,NO,"CONDUCE BAJO LA INFLUENCIA DE ALCOHOL, SUSTANCIAS ESTUPEFACIENTES O PSICOTROPICAS Y/O MEDICAMENTOS.",CHOQUE POSTERIOR,AUTOMOVIL,2,0,0,0,0,0,0,0,0,0,0,0,0,2,56,HOMBRE,ILESO,CONDUCTOR PRESENTE,NO,NO,1
31733,133408,133409,2022,0,0,-0.067139,-78.421471,PICHINCHA,QUITO,CALDERON (CARAPUNGO),RURAL,2022-09-26,18:06:00,18,LUNES,1,SEPTIEMBRE,9,NO,"NO RESPETAR LAS SENIALES REGLAMENTARIAS DE TRANSITO. (PARE, CEDA EL PASO, LUZ ROJA DEL SEMAFORO, ETC).",CHOQUE LATERAL,AUTOMOVIL,2,0,0,0,0,0,0,0,0,0,0,0,0,2,25,HOMBRE,ILESO,CONDUCTOR PRESENTE,NO,NO,3
31734,133415,133416,2022,1,0,-0.011238,-78.447332,PICHINCHA,QUITO,SAN ANTONIO (QUITO),RURAL,2022-09-26,20:15:00,20,LUNES,1,SEPTIEMBRE,9,NO,BAJARSE O SUBIRSE DE VEHICULOS EN MOVIMIENTO SIN TOMAR LAS PRECAUCIONES DEBIDAS.,CAIDA DE PASAJERO,CAMION,0,0,0,1,0,0,0,0,0,0,0,0,0,1,24,HOMBRE,LESIONADO,PASAJERO,NO,NO,3
31735,133419,133420,2022,2,0,-0.100212,-78.471664,PICHINCHA,QUITO,QUITO,URBANA,2022-09-26,21:15:00,21,LUNES,1,SEPTIEMBRE,9,NO,"NO RESPETAR LAS SENIALES REGLAMENTARIAS DE TRANSITO. (PARE, CEDA EL PASO, LUZ ROJA DEL SEMAFORO, ETC).",CHOQUE LATERAL,CAMIONETA,1,0,0,0,1,0,0,0,0,0,0,0,0,2,24,HOMBRE,LESIONADO,CONDUCTOR PRESENTE,NO,NO,1
31736,133428,133429,2022,2,0,-0.092213,-78.452652,PICHINCHA,QUITO,CALDERON (CARAPUNGO),RURAL,2022-09-27,07:00:00,7,MARTES,2,SEPTIEMBRE,9,NO,REALIZAR CAMBIO BRUSCO O INDEBIDO DE CARRIL.,CHOQUE LATERAL,MOTOCICLETA,1,0,0,0,0,0,0,0,1,0,0,0,0,2,11,HOMBRE,LESIONADO,PASAJERO,NO,NO,3