,Unnamed: 0,ID,ANIO,LESIONADOS,FALLECIDOS,LATITUD_Y,LONGITUD_X,PROVINCIA,CANTON,PARROQUIA,ZONA,FECHA,HORA,PERIODO_2,DIA_1,DIA_2,MES_1,MES_2,FERIADO,CAUSA_PROBABLE,TIPO_DE_SINIESTRO,TIPO_DE_VEHICULO_1,AUTOMOVIL,BICICLETA,BUS,CAMION,CAMIONETA,EMERGENCIAS,ESPECIAL,FURGONETA,MOTOCICLETA,NO_IDENTIFICADO,SCOOTER_ELECTRICO,TRICIMOTO,VEHICULO_DEPORTIVO_UTILITARIO,SUMA_DE_VEHICULOS,EDAD_1,SEXO_1,CONDICION_1,PARTICIPANTE_1,CASCO_1,CINTURON_1,KMeans_Cluster
31737,133429,133430,2022,0,0,-0.203637,-78.490536,PICHINCHA,QUITO,QUITO,URBANA,2022-09-27,08:00:00,8,MARTES,2,SEPTIEMBRE,9,NO,"NO RESPETAR LAS SENIALES REGLAMENTARIAS DE TRANSITO. (PARE, CEDA EL PASO, LUZ ROJA DEL SEMAFORO, ETC).",CHOQUE LATERAL,CAMIONETA,0,0,0,0,2,0,0,0,0,0,0,0,0,2,48,HOMBRE,ILESO,CONDUCTOR PRESENTE,NO,NO,1
31738,133431,133432,2022,2,0,-0.214717,-78.404481,PICHINCHA,QUITO,TUMBACO,RURAL,2022-09-27,09:30:00,9,MARTES,2,SEPTIEMBRE,9,NO,NO TRANSITAR POR LAS ACERAS O ZONAS DE SEGURIDAD DESTINADAS PARA EL EFECTO.,ATROPELLOS,MOTOCICLETA,0,0,0,0,0,0,0,0,1,0,0,0,0,1,2,HOMBRE,LESIONADO,PEATON,NO,NO,3
31739,133435,133436,2022,1,0,-0.064939,-78.467516,PICHINCHA,QUITO,POMASQUI,RURAL,2022-09-27,12:00:00,12,MARTES,2,SEPTIEMBRE,9,NO,CONDUCIR VEHICULO SUPERANDO LOS LIMITES MAXIMOS DE VELOCIDAD.,VOLCAMIENTOS,MOTOCICLETA,0,0,0,0,0,0,0,0,1,0,0,0,0,1,38,HOMBRE,LESIONADO,CONDUCTOR PRESENTE,NO,NO,3
31740,133440,133441,2022,0,0,-0.171266,-78.490191,PICHINCHA,QUITO,QUITO,URBANA,2022-09-27,15:12:00,15,MARTES,2,SEPTIEMBRE,9,NO,"NO RESPETAR LAS SENIALES REGLAMENTARIAS DE TRANSITO. (PARE, CEDA EL PASO, LUZ ROJA DEL SEMAFORO, ETC).",CHOQUE LATERAL,CAMION,1,0,0,1,0,0,0,0,0,0,0,0,0,2,24,HOMBRE,ILESO,CONDUCTOR PRESENTE,NO,NO,1
31741,133451,133452,2022,1,0,-0.143901,-78.469611,PICHINCHA,QUITO,QUITO,URBANA,2022-09-27,18:10:00,18,MARTES,2,SEPTIEMBRE,9,NO,"NO RESPETAR LAS SENIALES REGLAMENTARIAS DE TRANSITO. (PARE, CEDA EL PASO, LUZ ROJA DEL SEMAFORO, ETC).",CHOQUE LATERAL,MOTOCICLETA,1,0,0,0,0,0,0,0,1,0,0,0,0,2,30,MUJER,LESIONADO,CONDUCTOR PRESENTE,NO,NO,1
31742,133459,133460,2022,1,0,-0.155207,-78.478365,PICHINCHA,QUITO,QUITO,URBANA,2022-09-27,20:10:00,20,MARTES,2,SEPTIEMBRE,9,NO,NO TRANSITAR POR LAS ACERAS O ZONAS DE SEGURIDAD DESTINADAS PARA EL EFECTO.,ATROPELLOS,MOTOCICLETA,0,0,0,0,0,0,0,0,1,0,0,0,0,1,6,HOMBRE,LESIONADO,PEATON,NO,NO,1
31743,133469,133470,2022,0,0,-0.258713,-78.525498,PICHINCHA,QUITO,QUITO,URBANA,2022-09-28,02:40:00,2,MIERCOLES,3,SEPTIEMBRE,9,NO,CONDUCIR VEHICULO SUPERANDO LOS LIMITES MAXIMOS DE VELOCIDAD.,ESTRELLAMIENTOS,AUTOMOVIL,1,0,0,0,0,0,0,0,0,0,0,0,0,1,-1,NO IDENTIFICADO,NO IDENTIFICADO,CONDUCTOR AUSENTE,NO,NO,2
31744,133472,133473,2022,0,0,-0.336435,-78.482327,PICHINCHA,QUITO,AMAGUANIA,RURAL,2022-09-28,06:00:00,6,MIERCOLES,3,SEPTIEMBRE,9,NO,REALIZAR CAMBIO BRUSCO O INDEBIDO DE CARRIL.,PERDIDA DE CARRIL,AUTOMOVIL,1,0,0,0,0,0,0,0,0,0,0,0,0,1,28,MUJER,ILESO,CONDUCTOR PRESENTE,NO,NO,3
31745,133475,133476,2022,1,0,-0.050839,-78.305561,PICHINCHA,QUITO,GUAYLLABAMBA,RURAL,2022-09-28,07:00:00,7,MIERCOLES,3,SEPTIEMBRE,9,NO,"CONDUCIR DESATENTO A LAS CONDICIONES DE TRANSITO (CELULAR, PANTALLAS DE VIDEO, COMIDA, MAQUILLAJE O CUALQUIER OTRO ELEMENTO DISTRACTOR).",ATROPELLOS,MOTOCICLETA,0,0,0,0,0,0,0,0,1,0,0,0,0,1,13,HOMBRE,LESIONADO,PEATON,NO,SI,3
31746,133480,133481,2022,1,0,-0.201591,-78.367154,PICHINCHA,QUITO,PUEMBO,RURAL,2022-09-28,08:50:00,8,MIERCOLES,3,SEPTIEMBRE,9,NO,"NO RESPETAR LAS SENIALES REGLAMENTARIAS DE TRANSITO. (PARE, CEDA EL PASO, LUZ ROJA DEL SEMAFORO, ETC).",CHOQUE LATERAL,BICICLETA,0,1,0,0,0,0,0,1,0,0,0,0,0,2,71,HOMBRE,LESIONADO,CONDUCTOR PRESENTE,NO,NO,3
31747,133482,133483,2022,0,0,-0.146788,-78.493903,PICHINCHA,QUITO,QUITO,URBANA,2022-09-28,09:20:00,9,MIERCOLES,3,SEPTIEMBRE,9,NO,CONDUCIR VEHICULO SUPERANDO LOS LIMITES MAXIMOS DE VELOCIDAD.,ESTRELLAMIENTOS,AUTOMOVIL,1,0,0,0,0,0,0,0,0,0,0,0,0,1,20,MUJER,ILESO,PEATON,NO,NO,1
31748,133492,133493,2022,7,0,-0.193931,-78.461982,PICHINCHA,QUITO,QUITO,URBANA,2022-09-28,15:30:00,15,MIERCOLES,3,SEPTIEMBRE,9,NO,CONDUCIR VEHICULO SUPERANDO LOS LIMITES MAXIMOS DE VELOCIDAD.,OTROS,CAMIONETA,2,0,0,0,1,0,0,0,0,0,0,0,0,3,47,HOMBRE,LESIONADO,PASAJERO,NO,NO,1
31749,133499,133500,2022,0,0,-0.262993,-78.541387,PICHINCHA,QUITO,QUITO,URBANA,2022-09-28,19:30:00,19,MIERCOLES,3,SEPTIEMBRE,9,NO,"CONDUCE BAJO LA INFLUENCIA DE ALCOHOL, SUSTANCIAS ESTUPEFACIENTES O PSICOTROPICAS Y/O MEDICAMENTOS.",CHOQUE FRONTAL,AUTOMOVIL,2,0,0,0,0,0,0,0,0,0,0,0,0,2,42,HOMBRE,ILESO,CONDUCTOR PRESENTE,NO,NO,1
31750,133502,133503,2022,0,2,-0.210465,-78.364094,PICHINCHA,QUITO,PUEMBO,RURAL,2022-09-28,21:00:00,21,MIERCOLES,3,SEPTIEMBRE,9,NO,"CONDUCE BAJO LA INFLUENCIA DE ALCOHOL, SUSTANCIAS ESTUPEFACIENTES O PSICOTROPICAS Y/O MEDICAMENTOS.",OTROS,MOTOCICLETA,3,0,0,0,0,0,0,0,1,0,0,0,0,4,23,HOMBRE,FALLECIDO,PASAJERO,NO,NO,3
31751,133504,133505,2022,0,0,-0.297391,-78.438154,PICHINCHA,QUITO,ALANGASI,RURAL,2022-09-28,22:30:00,22,MIERCOLES,3,SEPTIEMBRE,9,NO,"CONDUCE BAJO LA INFLUENCIA DE ALCOHOL, SUSTANCIAS ESTUPEFACIENTES O PSICOTROPICAS Y/O MEDICAMENTOS.",ESTRELLAMIENTOS,CAMIONETA,0,0,0,0,1,0,0,0,0,0,0,0,0,1,33,HOMBRE,ILESO,CONDUCTOR PRESENTE,NO,NO,3
31752,133520,133521,2022,1,0,-0.185931,-78.482561,PICHINCHA,QUITO,QUITO,URBANA,2022-09-29,08:00:00,8,JUEVES,4,SEPTIEMBRE,9,NO,NO TRANSITAR POR LAS ACERAS O ZONAS DE SEGURIDAD DESTINADAS PARA EL EFECTO.,ATROPELLOS,CAMIONETA,0,0,0,0,1,0,0,0,0,0,0,0,0,1,72,MUJER,LESIONADO,PEATON,NO,NO,1
31753,133522,133523,2022,1,0,-0.175701,-78.501471,PICHINCHA,QUITO,QUITO,URBANA,2022-09-29,08:10:00,8,JUEVES,4,SEPTIEMBRE,9,NO,REALIZAR CAMBIO BRUSCO O INDEBIDO DE CARRIL.,CHOQUE LATERAL,MOTOCICLETA,1,0,0,0,0,0,0,0,1,0,0,0,0,2,35,HOMBRE,LESIONADO,CONDUCTOR PRESENTE,NO,NO,1
31754,133526,133527,2022,0,0,-0.150545,-78.452753,PICHINCHA,QUITO,QUITO,URBANA,2022-09-29,10:17:00,10,JUEVES,4,SEPTIEMBRE,9,NO,REALIZAR CAMBIO BRUSCO O INDEBIDO DE CARRIL.,CHOQUE LATERAL,CAMIONETA,1,0,0,0,1,0,0,0,0,0,0,0,0,2,45,HOMBRE,ILESO,CONDUCTOR PRESENTE,NO,NO,1
31755,133537,133538,2022,0,0,-0.133121,-78.501807,PICHINCHA,QUITO,QUITO,URBANA,2022-09-29,15:40:00,15,JUEVES,4,SEPTIEMBRE,9,NO,NO MANTENER LA DISTANCIA PRUDENCIAL CON RESPECTO AL VEHICULO QUE LE ANTECEDE.,COLISION,AUTOMOVIL,3,0,0,0,0,0,0,0,0,0,0,0,0,3,63,HOMBRE,ILESO,CONDUCTOR PRESENTE,NO,NO,1
31756,133566,133567,2022,1,0,-0.300911,-78.556402,PICHINCHA,QUITO,QUITO,URBANA,2022-09-30,06:20:00,6,VIERNES,5,SEPTIEMBRE,9,NO,"NO RESPETAR LAS SENIALES REGLAMENTARIAS DE TRANSITO. (PARE, CEDA EL PASO, LUZ ROJA DEL SEMAFORO, ETC).",CHOQUE LATERAL,CAMIONETA,0,0,0,0,2,0,0,0,0,0,0,0,0,2,50,HOMBRE,LESIONADO,CONDUCTOR PRESENTE,NO,NO,1
31757,133569,133570,2022,0,0,-0.267004,-78.507563,PICHINCHA,QUITO,QUITO,URBANA,2022-09-30,06:40:00,6,VIERNES,5,SEPTIEMBRE,9,NO,CONDUCIR VEHICULO SUPERANDO LOS LIMITES MAXIMOS DE VELOCIDAD.,PERDIDA DE CARRIL,AUTOMOVIL,1,0,0,0,0,0,0,0,0,0,0,0,0,1,39,HOMBRE,ILESO,CONDUCTOR PRESENTE,NO,NO,1
31758,133573,133574,2022,0,0,-0.287425,-78.556432,PICHINCHA,QUITO,QUITO,URBANA,2022-09-30,07:00:00,7,VIERNES,5,SEPTIEMBRE,9,NO,CONDUCIR VEHICULO SUPERANDO LOS LIMITES MAXIMOS DE VELOCIDAD.,COLISION,AUTOMOVIL,3,0,0,0,0,0,0,0,0,0,0,0,0,3,54,HOMBRE,ILESO,CONDUCTOR PRESENTE,NO,NO,1
31759,133576,133577,2022,1,0,-0.289859,-78.520274,PICHINCHA,QUITO,QUITO,URBANA,2022-09-30,07:55:00,7,VIERNES,5,SEPTIEMBRE,9,NO,CONDUCIR VEHICULO SUPERANDO LOS LIMITES MAXIMOS DE VELOCIDAD.,OTROS,AUTOMOVIL,3,0,0,0,0,0,0,0,0,0,0,0,0,3,41,MUJER,LESIONADO,CONDUCTOR PRESENTE,NO,NO,1
31760,133578,133579,2022,0,0,-0.187252,-78.502783,PICHINCHA,QUITO,QUITO,URBANA,2022-09-30,08:40:00,8,VIERNES,5,SEPTIEMBRE,9,NO,NO CEDER EL DERECHO DE VIA O PREFERENCIA DE PASO A VEHICULOS.,CHOQUE LATERAL,AUTOMOVIL,2,0,0,0,0,0,0,0,0,0,0,0,0,2,29,HOMBRE,ILESO,CONDUCTOR PRESENTE,NO,NO,1
31761,133582,133583,2022,0,0,-0.299451,-78.558627,PICHINCHA,QUITO,QUITO,URBANA,2022-09-30,09:58:00,9,VIERNES,5,SEPTIEMBRE,9,NO,CONDUCIR VEHICULO SUPERANDO LOS LIMITES MAXIMOS DE VELOCIDAD.,COLISION,CAMION,1,0,0,1,1,0,0,0,0,0,0,0,0,3,47,HOMBRE,ILESO,CONDUCTOR PRESENTE,NO,NO,1
31762,133591,133592,2022,0,0,-0.118677,-78.454471,PICHINCHA,QUITO,QUITO,URBANA,2022-09-30,15:00:00,15,VIERNES,5,SEPTIEMBRE,9,NO,REALIZAR CAMBIO BRUSCO O INDEBIDO DE CARRIL.,CHOQUE LATERAL,AUTOMOVIL,2,0,0,0,0,0,0,0,0,0,0,0,0,2,33,HOMBRE,ILESO,PASAJERO,NO,NO,1
31763,133594,133595,2022,2,0,-0.085186,-78.502749,PICHINCHA,QUITO,QUITO,URBANA,2022-09-30,16:30:00,16,VIERNES,5,SEPTIEMBRE,9,NO,NO TRANSITAR POR LAS ACERAS O ZONAS DE SEGURIDAD DESTINADAS PARA EL EFECTO.,ATROPELLOS,MOTOCICLETA,0,0,0,0,0,0,0,0,1,0,0,0,0,1,37,HOMBRE,LESIONADO,CONDUCTOR PRESENTE,NO,NO,1
31764,133600,133601,2022,0,0,-0.265205,-78.520648,PICHINCHA,QUITO,QUITO,URBANA,2022-09-30,17:50:00,17,VIERNES,5,SEPTIEMBRE,9,NO,NO MANTENER LA DISTANCIA PRUDENCIAL CON RESPECTO AL VEHICULO QUE LE ANTECEDE.,CHOQUE POSTERIOR,CAMIONETA,1,0,0,0,1,0,0,0,0,0,0,0,0,2,36,HOMBRE,ILESO,CONDUCTOR PRESENTE,NO,NO,1
31765,133610,133611,2022,0,0,-0.243341,-78.482531,PICHINCHA,QUITO,QUITO,URBANA,2022-09-30,19:40:00,19,VIERNES,5,SEPTIEMBRE,9,NO,CONDUCIR VEHICULO SUPERANDO LOS LIMITES MAXIMOS DE VELOCIDAD.,ESTRELLAMIENTOS,CAMION,0,0,0,1,0,0,0,0,0,0,0,0,0,1,31,HOMBRE,ILESO,CONDUCTOR PRESENTE,NO,NO,1
31766,133619,133620,2022,1,0,-0.205658,-78.430591,PICHINCHA,QUITO,CUMBAYA,RURAL,2022-09-30,22:20:00,22,VIERNES,5,SEPTIEMBRE,9,NO,"CONDUCE BAJO LA INFLUENCIA DE ALCOHOL, SUSTANCIAS ESTUPEFACIENTES O PSICOTROPICAS Y/O MEDICAMENTOS.",CHOQUE LATERAL,AUTOMOVIL,2,0,0,0,0,0,0,0,0,0,0,0,0,2,40,MUJER,LESIONADO,PASAJERO,NO,NO,3
31767,133628,133629,2022,0,0,-0.314989,-78.558322,PICHINCHA,QUITO,QUITO,URBANA,2022-10-01,00:40:00,0,SABADO,6,OCTUBRE,10,NO,"CONDICIONES AMBIENTALES Y/O ATMOSFERICAS (NIEBLA, NEBLINA, GRANIZO, LLUVIA).",CHOQUE POSTERIOR,CAMIONETA,1,0,0,0,1,0,0,0,0,0,0,0,0,2,35,HOMBRE,ILESO,CONDUCTOR PRESENTE,NO,NO,1
31768,133629,133630,2022,0,0,-0.113646,-78.456474,PICHINCHA,QUITO,CALDERON (CARAPUNGO),RURAL,2022-10-01,01:00:00,1,SABADO,6,OCTUBRE,10,NO,CONDUCIR VEHICULO SUPERANDO LOS LIMITES MAXIMOS DE VELOCIDAD.,ESTRELLAMIENTOS,AUTOMOVIL,1,0,0,0,0,0,0,0,0,0,0,0,0,1,-1,NO IDENTIFICADO,NO IDENTIFICADO,CONDUCTOR AUSENTE,NO,NO,2
31769,133640,133641,2022,0,0,-0.341983,-78.548494,PICHINCHA,QUITO,QUITO,URBANA,2022-10-01,04:35:00,4,SABADO,6,OCTUBRE,10,NO,CONDUCIR VEHICULO SUPERANDO LOS LIMITES MAXIMOS DE VELOCIDAD.,ESTRELLAMIENTOS,BUS,1,0,1,0,0,0,0,0,0,0,0,0,0,2,-1,NO IDENTIFICADO,NO IDENTIFICADO,CONDUCTOR AUSENTE,NO,NO,2
31770,133645,133646,2022,2,1,-0.090737,-78.289765,PICHINCHA,CAYAMBE,ASCAZUBI,RURAL,2022-10-01,06:20:00,6,SABADO,6,OCTUBRE,10,NO,"CONDUCIR DESATENTO A LAS CONDICIONES DE TRANSITO (CELULAR, PANTALLAS DE VIDEO, COMIDA, MAQUILLAJE O CUALQUIER OTRO ELEMENTO DISTRACTOR).",CHOQUE LATERAL,CAMION,0,0,0,1,0,0,0,0,0,0,0,0,0,1,36,MUJER,FALLECIDO,PASAJERO,NO,SI,3
31771,133647,133648,2022,0,0,-0.186239,-78.453984,PICHINCHA,QUITO,QUITO,URBANA,2022-10-01,06:45:00,6,SABADO,6,OCTUBRE,10,NO,CONDUCIR VEHICULO SUPERANDO LOS LIMITES MAXIMOS DE VELOCIDAD.,VOLCAMIENTOS,AUTOMOVIL,1,0,0,0,0,0,0,0,0,0,0,0,0,1,-1,NO IDENTIFICADO,NO IDENTIFICADO,CONDUCTOR AUSENTE,NO,NO,2
31772,133648,133649,2022,0,0,-0.067383,-78.452782,PICHINCHA,QUITO,CALDERON (CARAPUNGO),URBANA,2022-10-01,07:00:00,7,SABADO,6,OCTUBRE,10,NO,"CONDUCE BAJO LA INFLUENCIA DE ALCOHOL, SUSTANCIAS ESTUPEFACIENTES O PSICOTROPICAS Y/O MEDICAMENTOS.",CHOQUE LATERAL,CAMION,0,0,0,1,0,0,0,0,0,0,0,0,1,2,70,HOMBRE,ILESO,CONDUCTOR PRESENTE,NO,SI,1
31773,133656,133657,2022,0,0,-0.288464,-78.475441,PICHINCHA,QUITO,CONOCOTO,RURAL,2022-10-01,09:10:00,9,SABADO,6,OCTUBRE,10,NO,CONDUCIR VEHICULO SUPERANDO LOS LIMITES MAXIMOS DE VELOCIDAD.,CHOQUE POSTERIOR,AUTOMOVIL,2,0,0,0,0,0,0,0,0,0,0,0,0,2,43,HOMBRE,ILESO,CONDUCTOR PRESENTE,NO,NO,3
31774,133662,133663,2022,0,1,0.170936,-78.411545,PICHINCHA,QUITO,SAN JOSE DE MINAS,RURAL,2022-10-01,13:10:00,13,SABADO,6,OCTUBRE,10,NO,CONDUCIR VEHICULO SUPERANDO LOS LIMITES MAXIMOS DE VELOCIDAD.,OTROS,NO IDENTIFICADO,0,0,0,0,0,0,0,0,0,1,0,0,0,1,88,MUJER,FALLECIDO,PEATON,NO,NO,3
31775,133664,133665,2022,1,0,-0.162104,-78.482333,PICHINCHA,QUITO,QUITO,URBANA,2022-10-01,14:47:00,14,SABADO,6,OCTUBRE,10,NO,REALIZAR CAMBIO BRUSCO O INDEBIDO DE CARRIL.,CHOQUE LATERAL,AUTOMOVIL,2,0,0,0,0,0,0,0,0,0,0,0,0,2,37,MUJER,LESIONADO,PASAJERO,NO,NO,1
31776,133665,133666,2022,1,0,-0.291151,-78.570838,PICHINCHA,QUITO,QUITO,URBANA,2022-10-01,14:50:00,14,SABADO,6,OCTUBRE,10,NO,"CONDUCE BAJO LA INFLUENCIA DE ALCOHOL, SUSTANCIAS ESTUPEFACIENTES O PSICOTROPICAS Y/O MEDICAMENTOS.",ESTRELLAMIENTOS,AUTOMOVIL,3,0,0,0,0,0,0,0,0,0,0,0,0,3,51,HOMBRE,LESIONADO,CONDUCTOR PRESENTE,NO,NO,1
31777,133667,133668,2022,2,0,-0.189769,-78.512106,PICHINCHA,QUITO,QUITO,URBANA,2022-10-01,16:10:00,16,SABADO,6,OCTUBRE,10,NO,NO TRANSITAR POR LAS ACERAS O ZONAS DE SEGURIDAD DESTINADAS PARA EL EFECTO.,ATROPELLOS,MOTOCICLETA,0,0,0,0,0,0,0,0,1,0,0,0,0,1,10,MUJER,LESIONADO,PEATON,NO,NO,1
31778,133676,133677,2022,3,0,-0.310701,-78.525901,PICHINCHA,QUITO,QUITO,URBANA,2022-10-01,18:40:00,18,SABADO,6,OCTUBRE,10,NO,REALIZAR CAMBIO BRUSCO O INDEBIDO DE CARRIL.,CHOQUE FRONTAL,SCOOTER ELECTRICO,0,0,0,0,0,0,0,0,0,1,1,0,0,2,35,HOMBRE,LESIONADO,CONDUCTOR PRESENTE,NO,NO,1
31779,133682,133683,2022,0,0,-0.307974,-78.559436,PICHINCHA,QUITO,QUITO,URBANA,2022-10-01,19:20:00,19,SABADO,6,OCTUBRE,10,NO,"NO RESPETAR LAS SENIALES REGLAMENTARIAS DE TRANSITO. (PARE, CEDA EL PASO, LUZ ROJA DEL SEMAFORO, ETC).",CHOQUE LATERAL,CAMIONETA,1,0,0,0,1,0,0,0,0,0,0,0,0,2,33,HOMBRE,ILESO,CONDUCTOR PRESENTE,NO,NO,1
31780,133696,133697,2022,0,1,-0.097237,-78.500116,PICHINCHA,QUITO,QUITO,URBANA,2022-10-01,22:30:00,22,SABADO,6,OCTUBRE,10,NO,CONDUCIR VEHICULO SUPERANDO LOS LIMITES MAXIMOS DE VELOCIDAD.,OTROS,NO IDENTIFICADO,0,0,0,0,0,0,0,0,0,1,0,0,0,1,35,HOMBRE,FALLECIDO,CONDUCTOR PRESENTE,NO,NO,1
31781,133701,133702,2022,2,0,-0.318301,-78.549401,PICHINCHA,QUITO,QUITO,URBANA,2022-10-01,23:25:00,23,SABADO,6,OCTUBRE,10,NO,"CONDUCIR DESATENTO A LAS CONDICIONES DE TRANSITO (CELULAR, PANTALLAS DE VIDEO, COMIDA, MAQUILLAJE O CUALQUIER OTRO ELEMENTO DISTRACTOR).",CHOQUE POSTERIOR,MOTOCICLETA,0,0,0,0,0,0,0,0,1,1,0,0,0,2,28,HOMBRE,LESIONADO,PASAJERO,NO,NO,1
31782,133704,133705,2022,2,0,-0.151713,-78.497801,PICHINCHA,QUITO,QUITO,URBANA,2022-10-02,01:35:00,1,DOMINGO,7,OCTUBRE,10,NO,CONDUCIR VEHICULO SUPERANDO LOS LIMITES MAXIMOS DE VELOCIDAD.,CHOQUE POSTERIOR,MOTOCICLETA,0,0,0,0,0,0,0,0,1,1,0,0,0,2,29,HOMBRE,LESIONADO,PASAJERO,NO,NO,1
31783,133706,133707,2022,0,0,-0.102272,-78.487056,PICHINCHA,QUITO,QUITO,URBANA,2022-10-02,02:15:00,2,DOMINGO,7,OCTUBRE,10,NO,CONDUCIR VEHICULO SUPERANDO LOS LIMITES MAXIMOS DE VELOCIDAD.,VOLCAMIENTOS,AUTOMOVIL,1,0,0,0,0,0,0,0,0,0,0,0,0,1,58,HOMBRE,ILESO,CONDUCTOR PRESENTE,NO,NO,1
31784,133708,133709,2022,0,0,-0.217302,-78.400685,PICHINCHA,QUITO,TUMBACO,RURAL,2022-10-02,02:30:00,2,DOMINGO,7,OCTUBRE,10,NO,"CONDUCIR EN ESTADO DE SOMNOLENCIA O MALAS CONDICIONES FISICAS (SUENIO, CANSANCIO Y FATIGA).",ESTRELLAMIENTOS,AUTOMOVIL,1,0,0,0,0,0,0,0,0,0,0,0,0,1,34,HOMBRE,ILESO,CONDUCTOR PRESENTE,NO,NO,3
31785,133713,133714,2022,0,1,-0.224503,-78.521459,PICHINCHA,QUITO,QUITO,URBANA,2022-10-02,03:00:00,3,DOMINGO,7,OCTUBRE,10,NO,"CONDUCIR EN ESTADO DE SOMNOLENCIA O MALAS CONDICIONES FISICAS (SUENIO, CANSANCIO Y FATIGA).",ESTRELLAMIENTOS,MOTOCICLETA,0,0,0,0,0,0,0,0,1,0,0,0,0,1,33,HOMBRE,FALLECIDO,CONDUCTOR PRESENTE,NO,NO,1
31786,133714,133715,2022,0,0,-0.240252,-78.487954,PICHINCHA,QUITO,QUITO,URBANA,2022-10-02,03:15:00,3,DOMINGO,7,OCTUBRE,10,NO,CONDUCIR VEHICULO SUPERANDO LOS LIMITES MAXIMOS DE VELOCIDAD.,ESTRELLAMIENTOS,CAMIONETA,0,0,0,0,1,0,0,0,0,0,0,0,0,1,-1,NO IDENTIFICADO,NO IDENTIFICADO,CONDUCTOR AUSENTE,NO,NO,2
31787,133715,133716,2022,1,0,-0.230268,-78.484687,PICHINCHA,QUITO,QUITO,URBANA,2022-10-02,03:30:00,3,DOMINGO,7,OCTUBRE,10,NO,CONDUCIR VEHICULO SUPERANDO LOS LIMITES MAXIMOS DE VELOCIDAD.,CHOQUE FRONTAL,AUTOMOVIL,2,0,0,0,0,0,0,0,0,0,0,0,0,2,34,HOMBRE,LESIONADO,CONDUCTOR PRESENTE,NO,NO,1
31788,133716,133717,2022,0,0,-0.265359,-78.550597,PICHINCHA,QUITO,QUITO,URBANA,2022-10-02,03:35:00,3,DOMINGO,7,OCTUBRE,10,NO,"CONDUCIR EN ESTADO DE SOMNOLENCIA O MALAS CONDICIONES FISICAS (SUENIO, CANSANCIO Y FATIGA).",ESTRELLAMIENTOS,AUTOMOVIL,1,0,0,0,0,0,0,0,0,0,0,0,0,1,46,MUJER,ILESO,CONDUCTOR PRESENTE,NO,NO,1
31789,133720,133721,2022,0,0,-0.126576,-78.491786,PICHINCHA,QUITO,QUITO,URBANA,2022-10-02,04:30:00,4,DOMINGO,7,OCTUBRE,10,NO,"FALLA MECANICA EN LOS SISTEMAS Y/O NEUMATICOS (SISTEMA DE FRENOS, DIRECCION, ELECTRONICO O MECANICO).",ESTRELLAMIENTOS,AUTOMOVIL,1,0,0,0,0,0,0,0,0,0,0,0,0,1,48,MUJER,ILESO,CONDUCTOR PRESENTE,NO,NO,1
31790,133728,133729,2022,1,0,-0.044294,-78.455357,PICHINCHA,QUITO,POMASQUI,URBANA,2022-10-02,06:30:00,6,DOMINGO,7,OCTUBRE,10,NO,"CONDUCE BAJO LA INFLUENCIA DE ALCOHOL, SUSTANCIAS ESTUPEFACIENTES O PSICOTROPICAS Y/O MEDICAMENTOS.",CHOQUE POSTERIOR,AUTOMOVIL,1,0,0,0,0,0,0,0,0,0,0,0,0,1,41,HOMBRE,LESIONADO,PASAJERO,NO,SI,1
31791,133734,133735,2022,0,0,-0.133614,-78.501749,PICHINCHA,QUITO,QUITO,URBANA,2022-10-02,08:38:00,8,DOMINGO,7,OCTUBRE,10,NO,NO MANTENER LA DISTANCIA PRUDENCIAL CON RESPECTO AL VEHICULO QUE LE ANTECEDE.,CHOQUE POSTERIOR,AUTOMOVIL,2,0,0,0,0,0,0,0,0,0,0,0,0,2,41,HOMBRE,ILESO,CONDUCTOR PRESENTE,NO,NO,1
31792,133736,133737,2022,1,0,-0.144693,-78.483267,PICHINCHA,QUITO,QUITO,URBANA,2022-10-02,09:50:00,9,DOMINGO,7,OCTUBRE,10,NO,CONDUCIR EN SENTIDO CONTRARIO A LA VIA NORMAL DE CIRCULACION.,CHOQUE LATERAL,BICICLETA,0,2,0,0,0,0,0,0,0,0,0,0,0,2,39,HOMBRE,LESIONADO,CONDUCTOR PRESENTE,NO,NO,1
31793,133742,133743,2022,1,1,-0.384518,-78.368115,PICHINCHA,QUITO,PINTAG,RURAL,2022-10-02,12:46:00,12,DOMINGO,7,OCTUBRE,10,NO,CONDUCIR VEHICULO SUPERANDO LOS LIMITES MAXIMOS DE VELOCIDAD.,ESTRELLAMIENTOS,BICICLETA,0,1,0,0,0,0,0,0,0,0,0,0,0,1,42,HOMBRE,FALLECIDO,CONDUCTOR PRESENTE,NO,NO,3
31794,133756,133757,2022,1,0,-0.261149,-78.523251,PICHINCHA,QUITO,QUITO,URBANA,2022-10-02,17:40:00,17,DOMINGO,7,OCTUBRE,10,NO,REALIZAR CAMBIO BRUSCO O INDEBIDO DE CARRIL.,CHOQUE LATERAL,MOTOCICLETA,1,0,0,0,0,0,0,0,1,0,0,0,0,2,47,HOMBRE,LESIONADO,CONDUCTOR PRESENTE,NO,NO,1
31795,133761,133762,2022,1,1,0.122345,-79.239635,PICHINCHA,PUERTO QUITO,PUERTO QUITO,RURAL,2022-10-02,19:00:00,19,DOMINGO,7,OCTUBRE,10,NO,"CONDUCIR DESATENTO A LAS CONDICIONES DE TRANSITO (CELULAR, PANTALLAS DE VIDEO, COMIDA, MAQUILLAJE O CUALQUIER OTRO ELEMENTO DISTRACTOR).",PERDIDA DE CARRIL,MOTOCICLETA,0,0,0,0,0,0,0,0,1,0,0,0,0,1,57,HOMBRE,FALLECIDO,CONDUCTOR PRESENTE,NO,SI,3