,Unnamed: 0,ID,ANIO,LESIONADOS,FALLECIDOS,LATITUD_Y,LONGITUD_X,PROVINCIA,CANTON,PARROQUIA,ZONA,FECHA,HORA,PERIODO_2,DIA_1,DIA_2,MES_1,MES_2,FERIADO,CAUSA_PROBABLE,TIPO_DE_SINIESTRO,TIPO_DE_VEHICULO_1,AUTOMOVIL,BICICLETA,BUS,CAMION,CAMIONETA,EMERGENCIAS,ESPECIAL,FURGONETA,MOTOCICLETA,NO_IDENTIFICADO,SCOOTER_ELECTRICO,TRICIMOTO,VEHICULO_DEPORTIVO_UTILITARIO,SUMA_DE_VEHICULOS,EDAD_1,SEXO_1,CONDICION_1,PARTICIPANTE_1,CASCO_1,CINTURON_1,KMeans_Cluster
31796,133762,133763,2022,1,0,-0.281849,-78.534491,PICHINCHA,QUITO,QUITO,URBANA,2022-10-02,19:20:00,19,DOMINGO,7,OCTUBRE,10,NO,CONDUCIR VEHICULO SUPERANDO LOS LIMITES MAXIMOS DE VELOCIDAD.,CHOQUE LATERAL,MOTOCICLETA,0,0,0,0,0,0,0,0,1,1,0,0,0,2,24,HOMBRE,LESIONADO,PASAJERO,NO,NO,1
31797,133778,133779,2022,0,0,-0.309203,-78.545263,PICHINCHA,QUITO,QUITO,URBANA,2022-10-03,02:05:00,2,LUNES,1,OCTUBRE,10,NO,CONDUCIR VEHICULO SUPERANDO LOS LIMITES MAXIMOS DE VELOCIDAD.,ESTRELLAMIENTOS,AUTOMOVIL,1,0,0,0,0,0,0,0,0,0,0,0,0,1,-1,NO IDENTIFICADO,NO IDENTIFICADO,CONDUCTOR AUSENTE,NO,NO,2
31798,133780,133781,2022,0,0,-0.283449,-78.517539,PICHINCHA,QUITO,QUITO,URBANA,2022-10-03,04:50:00,4,LUNES,1,OCTUBRE,10,NO,CONDUCIR VEHICULO SUPERANDO LOS LIMITES MAXIMOS DE VELOCIDAD.,ESTRELLAMIENTOS,AUTOMOVIL,1,0,0,0,0,0,0,0,0,0,0,0,0,1,-1,NO IDENTIFICADO,NO IDENTIFICADO,CONDUCTOR AUSENTE,NO,NO,2
31799,133793,133794,2022,0,0,-0.247877,-78.507866,PICHINCHA,QUITO,QUITO,URBANA,2022-10-03,10:16:00,10,LUNES,1,OCTUBRE,10,NO,"FALLA MECANICA EN LOS SISTEMAS Y/O NEUMATICOS (SISTEMA DE FRENOS, DIRECCION, ELECTRONICO O MECANICO).",ESTRELLAMIENTOS,AUTOMOVIL,1,0,0,0,0,0,0,0,0,0,0,0,0,1,47,HOMBRE,ILESO,CONDUCTOR PRESENTE,NO,NO,1
31800,133795,133796,2022,2,0,0.034111,-78.144392,PICHINCHA,CAYAMBE,CAYAMBE,URBANA,2022-10-03,11:00:00,11,LUNES,1,OCTUBRE,10,NO,CONDUCIR VEHICULO SUPERANDO LOS LIMITES MAXIMOS DE VELOCIDAD.,CAIDA DE PASAJERO,MOTOCICLETA,1,0,0,0,0,0,0,0,1,0,0,0,0,2,43,HOMBRE,LESIONADO,CONDUCTOR PRESENTE,NO,SI,1
31801,133797,133798,2022,0,0,-0.279856,-78.557254,PICHINCHA,QUITO,QUITO,URBANA,2022-10-03,11:30:00,11,LUNES,1,OCTUBRE,10,NO,NO GUARDAR LA DISTANCIA LATERAL MINIMA DE SEGURIDAD ENTRE VEHICULOS.,ROZAMIENTOS,CAMION,0,0,0,2,0,0,0,0,0,0,0,0,0,2,28,HOMBRE,ILESO,CONDUCTOR PRESENTE,NO,NO,1
31802,133806,133807,2022,2,0,-0.067416,-78.418059,PICHINCHA,QUITO,CALDERON (CARAPUNGO),RURAL,2022-10-03,15:00:00,15,LUNES,1,OCTUBRE,10,NO,CONDUCIR VEHICULO SUPERANDO LOS LIMITES MAXIMOS DE VELOCIDAD.,CHOQUE LATERAL,CAMIONETA,1,0,0,0,1,0,0,0,0,0,0,0,0,2,46,HOMBRE,LESIONADO,PASAJERO,NO,NO,3
31803,133809,133810,2022,0,1,-0.095946,-78.497625,PICHINCHA,QUITO,QUITO,URBANA,2022-10-03,16:30:00,16,LUNES,1,OCTUBRE,10,NO,"CONDUCE BAJO LA INFLUENCIA DE ALCOHOL, SUSTANCIAS ESTUPEFACIENTES O PSICOTROPICAS Y/O MEDICAMENTOS.",CHOQUE FRONTAL,MOTOCICLETA,1,0,0,0,0,0,0,0,1,0,0,0,0,2,53,HOMBRE,FALLECIDO,CONDUCTOR PRESENTE,NO,NO,1
31804,133810,133811,2022,0,0,-0.298692,-78.497477,PICHINCHA,QUITO,CONOCOTO,RURAL,2022-10-03,16:30:00,16,LUNES,1,OCTUBRE,10,NO,CONDUCIR VEHICULO SUPERANDO LOS LIMITES MAXIMOS DE VELOCIDAD.,ESTRELLAMIENTOS,CAMION,0,0,0,1,0,0,0,0,0,0,0,0,0,1,59,HOMBRE,ILESO,PASAJERO,NO,NO,3
31805,133815,133816,2022,2,0,-0.242002,-78.520908,PICHINCHA,QUITO,QUITO,URBANA,2022-10-03,18:45:00,18,LUNES,1,OCTUBRE,10,NO,"NO RESPETAR LAS SENIALES REGLAMENTARIAS DE TRANSITO. (PARE, CEDA EL PASO, LUZ ROJA DEL SEMAFORO, ETC).",OTROS,MOTOCICLETA,2,0,0,0,0,0,0,0,1,0,0,0,0,3,38,HOMBRE,LESIONADO,CONDUCTOR PRESENTE,NO,NO,1
31806,133823,133824,2022,1,0,-0.316658,-78.566196,PICHINCHA,QUITO,QUITO,URBANA,2022-10-03,23:50:00,23,LUNES,1,OCTUBRE,10,NO,CONDUCIR VEHICULO SUPERANDO LOS LIMITES MAXIMOS DE VELOCIDAD.,ESTRELLAMIENTOS,BUS,0,0,1,0,0,0,0,0,1,0,0,0,0,2,20,HOMBRE,LESIONADO,CONDUCTOR PRESENTE,NO,NO,1
31807,133826,133827,2022,1,0,-0.443383,-78.745808,PICHINCHA,MEJIA,MANUEL CORNEJO ASTORGA,RURAL,2022-10-04,05:05:00,5,MARTES,2,OCTUBRE,10,NO,"CONDUCIR DESATENTO A LAS CONDICIONES DE TRANSITO (CELULAR, PANTALLAS DE VIDEO, COMIDA, MAQUILLAJE O CUALQUIER OTRO ELEMENTO DISTRACTOR).",ESTRELLAMIENTOS,CAMION,0,0,0,1,0,0,0,0,0,0,0,0,1,2,34,HOMBRE,LESIONADO,CONDUCTOR PRESENTE,NO,NO,3
31808,133827,133828,2022,4,0,-0.286141,-78.529209,PICHINCHA,QUITO,QUITO,URBANA,2022-10-04,06:15:00,6,MARTES,2,OCTUBRE,10,NO,"FALLA MECANICA EN LOS SISTEMAS Y/O NEUMATICOS (SISTEMA DE FRENOS, DIRECCION, ELECTRONICO O MECANICO).",ESTRELLAMIENTOS,FURGONETA,0,0,0,0,0,0,0,1,0,0,0,0,0,1,16,MUJER,LESIONADO,PASAJERO,NO,NO,1
31809,133829,133830,2022,2,0,-0.170815,-78.447516,PICHINCHA,QUITO,QUITO,URBANA,2022-10-04,07:20:00,7,MARTES,2,OCTUBRE,10,NO,"NO RESPETAR LAS SENIALES REGLAMENTARIAS DE TRANSITO. (PARE, CEDA EL PASO, LUZ ROJA DEL SEMAFORO, ETC).",CHOQUE LATERAL,AUTOMOVIL,2,0,0,0,0,0,0,0,0,0,0,0,0,2,48,HOMBRE,LESIONADO,CONDUCTOR PRESENTE,NO,NO,1
31810,133846,133847,2022,1,0,-0.292664,-78.519692,PICHINCHA,QUITO,QUITO,URBANA,2022-10-04,12:40:00,12,MARTES,2,OCTUBRE,10,NO,"FALLA MECANICA EN LOS SISTEMAS Y/O NEUMATICOS (SISTEMA DE FRENOS, DIRECCION, ELECTRONICO O MECANICO).",ESTRELLAMIENTOS,AUTOMOVIL,1,0,0,0,0,0,0,0,0,0,0,0,0,1,54,HOMBRE,LESIONADO,CONDUCTOR PRESENTE,NO,NO,1
31811,133852,133853,2022,2,0,-0.219229,-78.520529,PICHINCHA,QUITO,QUITO,URBANA,2022-10-04,14:48:00,14,MARTES,2,OCTUBRE,10,NO,NO CEDER EL DERECHO DE VIA O PREFERENCIA DE PASO A VEHICULOS.,CHOQUE POSTERIOR,MOTOCICLETA,0,0,0,0,0,0,0,0,1,1,0,0,0,2,36,HOMBRE,LESIONADO,PASAJERO,NO,NO,1
31812,133854,133855,2022,1,0,-0.166883,-78.470277,PICHINCHA,QUITO,QUITO,URBANA,2022-10-04,16:15:00,16,MARTES,2,OCTUBRE,10,NO,CONDUCIR VEHICULO SUPERANDO LOS LIMITES MAXIMOS DE VELOCIDAD.,COLISION,TRICIMOTO,2,0,0,0,0,0,0,0,0,0,0,1,0,3,43,HOMBRE,LESIONADO,CONDUCTOR PRESENTE,NO,NO,1
31813,133856,133857,2022,0,0,-0.448639,-78.659833,PICHINCHA,MEJIA,ALOAG,RURAL,2022-10-04,16:30:00,16,MARTES,2,OCTUBRE,10,NO,"NO RESPETAR LAS SENIALES REGLAMENTARIAS DE TRANSITO. (PARE, CEDA EL PASO, LUZ ROJA DEL SEMAFORO, ETC).",CHOQUE LATERAL,BUS,0,0,1,0,1,0,0,0,0,0,0,0,0,2,-1,HOMBRE,ILESO,CONDUCTOR PRESENTE,NO,NO,3
31814,133861,133862,2022,0,0,-0.004641,-78.522219,PICHINCHA,QUITO,CALACALI,RURAL,2022-10-04,17:40:00,17,MARTES,2,OCTUBRE,10,NO,"CONDICIONES AMBIENTALES Y/O ATMOSFERICAS (NIEBLA, NEBLINA, GRANIZO, LLUVIA).",CHOQUE FRONTAL,CAMIONETA,0,0,0,0,2,0,0,0,0,0,0,0,0,2,36,HOMBRE,ILESO,CONDUCTOR PRESENTE,NO,SI,3
31815,133869,133870,2022,0,0,-0.186335,-78.365341,PICHINCHA,QUITO,PUEMBO,RURAL,2022-10-04,20:50:00,20,MARTES,2,OCTUBRE,10,NO,"CONDUCE BAJO LA INFLUENCIA DE ALCOHOL, SUSTANCIAS ESTUPEFACIENTES O PSICOTROPICAS Y/O MEDICAMENTOS.",COLISION,AUTOMOVIL,3,0,0,0,0,0,0,0,0,0,0,0,0,3,33,HOMBRE,ILESO,CONDUCTOR PRESENTE,NO,NO,3
31816,133870,133871,2022,0,0,-0.115991,-78.479393,PICHINCHA,QUITO,QUITO,URBANA,2022-10-04,21:58:00,21,MARTES,2,OCTUBRE,10,NO,"NO RESPETAR LAS SENIALES REGLAMENTARIAS DE TRANSITO. (PARE, CEDA EL PASO, LUZ ROJA DEL SEMAFORO, ETC).",CHOQUE LATERAL,CAMIONETA,1,0,0,0,1,0,0,0,0,0,0,0,0,2,47,MUJER,ILESO,CONDUCTOR PRESENTE,NO,NO,1
31817,133872,133873,2022,1,0,-0.234497,-78.521864,PICHINCHA,QUITO,QUITO,URBANA,2022-10-04,23:50:00,23,MARTES,2,OCTUBRE,10,NO,"CONDUCE BAJO LA INFLUENCIA DE ALCOHOL, SUSTANCIAS ESTUPEFACIENTES O PSICOTROPICAS Y/O MEDICAMENTOS.",CHOQUE FRONTAL,AUTOMOVIL,2,0,0,0,0,0,0,0,0,0,0,0,0,2,36,HOMBRE,LESIONADO,CONDUCTOR PRESENTE,NO,NO,1
31818,133897,133898,2022,0,0,-0.212111,-78.496736,PICHINCHA,QUITO,QUITO,URBANA,2022-10-05,14:55:00,14,MIERCOLES,3,OCTUBRE,10,NO,"CONDICIONES AMBIENTALES Y/O ATMOSFERICAS (NIEBLA, NEBLINA, GRANIZO, LLUVIA).",CHOQUE POSTERIOR,AUTOMOVIL,2,0,0,0,0,0,0,0,0,0,0,0,0,2,54,HOMBRE,ILESO,CONDUCTOR PRESENTE,NO,NO,1
31819,133909,133910,2022,1,0,-0.292158,-78.543995,PICHINCHA,QUITO,QUITO,URBANA,2022-10-05,18:30:00,18,MIERCOLES,3,OCTUBRE,10,NO,NO TRANSITAR POR LAS ACERAS O ZONAS DE SEGURIDAD DESTINADAS PARA EL EFECTO.,ATROPELLOS,MOTOCICLETA,0,0,0,0,0,0,0,0,1,0,0,0,0,1,55,MUJER,LESIONADO,PEATON,NO,NO,1
31820,133917,133918,2022,3,0,-0.187503,-78.487809,PICHINCHA,QUITO,QUITO,URBANA,2022-10-05,23:30:00,23,MIERCOLES,3,OCTUBRE,10,NO,NO MANTENER LA DISTANCIA PRUDENCIAL CON RESPECTO AL VEHICULO QUE LE ANTECEDE.,CHOQUE POSTERIOR,AUTOMOVIL,2,0,0,0,0,0,0,0,0,0,0,0,0,2,32,HOMBRE,LESIONADO,PASAJERO,NO,NO,1
31821,133919,133920,2022,0,0,-0.286621,-78.537317,PICHINCHA,QUITO,QUITO,URBANA,2022-10-06,02:00:00,2,JUEVES,4,OCTUBRE,10,NO,"CONDUCE BAJO LA INFLUENCIA DE ALCOHOL, SUSTANCIAS ESTUPEFACIENTES O PSICOTROPICAS Y/O MEDICAMENTOS.",CHOQUE POSTERIOR,AUTOMOVIL,2,0,0,0,0,0,0,0,0,0,0,0,0,2,36,HOMBRE,ILESO,CONDUCTOR PRESENTE,NO,NO,1
31822,133920,133921,2022,0,0,-0.184034,-78.509383,PICHINCHA,QUITO,QUITO,URBANA,2022-10-06,04:30:00,4,JUEVES,4,OCTUBRE,10,NO,"NO RESPETAR LAS SENIALES REGLAMENTARIAS DE TRANSITO. (PARE, CEDA EL PASO, LUZ ROJA DEL SEMAFORO, ETC).",OTROS,AUTOMOVIL,1,0,0,0,0,0,0,0,0,0,0,0,0,1,-1,NO IDENTIFICADO,NO IDENTIFICADO,CONDUCTOR AUSENTE,NO,NO,2
31823,133921,133922,2022,0,0,-0.442336,-78.719508,PICHINCHA,MEJIA,MANUEL CORNEJO ASTORGA,RURAL,2022-10-06,04:40:00,4,JUEVES,4,OCTUBRE,10,NO,"CONDUCIR DESATENTO A LAS CONDICIONES DE TRANSITO (CELULAR, PANTALLAS DE VIDEO, COMIDA, MAQUILLAJE O CUALQUIER OTRO ELEMENTO DISTRACTOR).",PERDIDA DE CARRIL,CAMIONETA,0,0,0,0,1,0,0,0,0,0,0,0,0,1,28,HOMBRE,ILESO,CONDUCTOR PRESENTE,NO,NO,3
31824,133922,133923,2022,0,0,-0.184034,-78.509383,PICHINCHA,QUITO,QUITO,URBANA,2022-10-06,06:45:00,6,JUEVES,4,OCTUBRE,10,NO,"CONDUCE BAJO LA INFLUENCIA DE ALCOHOL, SUSTANCIAS ESTUPEFACIENTES O PSICOTROPICAS Y/O MEDICAMENTOS.",CHOQUE LATERAL,FURGONETA,1,0,0,0,0,0,0,1,0,0,0,0,0,2,51,HOMBRE,ILESO,CONDUCTOR PRESENTE,NO,NO,1
31825,133929,133930,2022,8,0,-0.197154,-78.497934,PICHINCHA,QUITO,QUITO,URBANA,2022-10-06,08:30:00,8,JUEVES,4,OCTUBRE,10,NO,"FALLA MECANICA EN LOS SISTEMAS Y/O NEUMATICOS (SISTEMA DE FRENOS, DIRECCION, ELECTRONICO O MECANICO).",OTROS,BUS,1,0,2,0,0,0,0,0,0,0,0,0,0,3,38,HOMBRE,LESIONADO,PEATON,NO,NO,1
31826,133942,133943,2022,2,0,-0.285571,-78.559217,PICHINCHA,QUITO,QUITO,URBANA,2022-10-06,13:20:00,13,JUEVES,4,OCTUBRE,10,NO,"CONDICIONES AMBIENTALES Y/O ATMOSFERICAS (NIEBLA, NEBLINA, GRANIZO, LLUVIA).",CHOQUE LATERAL,BUS,1,0,1,0,0,0,0,0,0,0,0,0,0,2,43,MUJER,LESIONADO,PASAJERO,NO,NO,1
31827,133944,133945,2022,0,0,-0.103578,-78.483355,PICHINCHA,QUITO,QUITO,URBANA,2022-10-06,13:40:00,13,JUEVES,4,OCTUBRE,10,NO,"FALLA MECANICA EN LOS SISTEMAS Y/O NEUMATICOS (SISTEMA DE FRENOS, DIRECCION, ELECTRONICO O MECANICO).",PERDIDA DE CARRIL,AUTOMOVIL,1,0,0,0,0,0,0,0,0,0,0,0,0,1,-1,NO IDENTIFICADO,NO IDENTIFICADO,CONDUCTOR AUSENTE,NO,NO,2
31828,133967,133968,2022,0,0,-0.308108,-78.560558,PICHINCHA,QUITO,QUITO,URBANA,2022-10-06,23:00:00,23,JUEVES,4,OCTUBRE,10,NO,CONDUCIR VEHICULO SUPERANDO LOS LIMITES MAXIMOS DE VELOCIDAD.,OTROS,MOTOCICLETA,0,0,0,0,0,0,0,0,1,0,0,0,0,1,-1,NO IDENTIFICADO,NO IDENTIFICADO,CONDUCTOR AUSENTE,NO,NO,2
31829,133974,133975,2022,0,0,-0.268301,-78.551401,PICHINCHA,QUITO,QUITO,URBANA,2022-10-07,03:00:00,3,VIERNES,5,OCTUBRE,10,NO,CONDUCIR VEHICULO SUPERANDO LOS LIMITES MAXIMOS DE VELOCIDAD.,ESTRELLAMIENTOS,AUTOMOVIL,1,0,0,0,0,0,0,0,0,0,0,0,0,1,-1,NO IDENTIFICADO,NO IDENTIFICADO,CONDUCTOR AUSENTE,NO,NO,2
31830,133986,133987,2022,0,0,-0.282794,-78.488828,PICHINCHA,QUITO,CONOCOTO,RURAL,2022-10-07,06:35:00,6,VIERNES,5,OCTUBRE,10,NO,"FALLA MECANICA EN LOS SISTEMAS Y/O NEUMATICOS (SISTEMA DE FRENOS, DIRECCION, ELECTRONICO O MECANICO).",ESTRELLAMIENTOS,AUTOMOVIL,1,0,0,0,0,0,0,0,0,0,0,0,0,1,36,MUJER,ILESO,CONDUCTOR PRESENTE,NO,NO,3
31831,134000,134001,2022,1,0,-0.201701,-78.482911,PICHINCHA,QUITO,QUITO,URBANA,2022-10-07,15:15:00,15,VIERNES,5,OCTUBRE,10,SI,"NO RESPETAR LAS SENIALES REGLAMENTARIAS DE TRANSITO. (PARE, CEDA EL PASO, LUZ ROJA DEL SEMAFORO, ETC).",CHOQUE LATERAL,AUTOMOVIL,1,0,0,0,0,0,0,0,0,1,0,0,0,2,25,HOMBRE,LESIONADO,CONDUCTOR PRESENTE,NO,NO,1
31832,134020,134021,2022,0,0,-0.190401,-78.451389,PICHINCHA,QUITO,NAYON,RURAL,2022-10-07,19:50:00,19,VIERNES,5,OCTUBRE,10,SI,"CONDICIONES AMBIENTALES Y/O ATMOSFERICAS (NIEBLA, NEBLINA, GRANIZO, LLUVIA).",CHOQUE LATERAL,AUTOMOVIL,2,0,0,0,0,0,0,0,0,0,0,0,0,2,32,MUJER,ILESO,CONDUCTOR PRESENTE,NO,NO,3
31833,134021,134022,2022,0,0,-0.452248,-78.753655,PICHINCHA,MEJIA,MANUEL CORNEJO ASTORGA,RURAL,2022-10-07,20:20:00,20,VIERNES,5,OCTUBRE,10,SI,"CONDUCIR DESATENTO A LAS CONDICIONES DE TRANSITO (CELULAR, PANTALLAS DE VIDEO, COMIDA, MAQUILLAJE O CUALQUIER OTRO ELEMENTO DISTRACTOR).",PERDIDA DE CARRIL,AUTOMOVIL,1,0,0,0,0,0,0,0,0,0,0,0,0,1,-1,HOMBRE,ILESO,CONDUCTOR PRESENTE,NO,NO,3
31834,134027,134028,2022,1,0,-0.327721,-78.425399,PICHINCHA,RUMINIAHUI,SANGOLQUI,RURAL,2022-10-07,23:30:00,23,VIERNES,5,OCTUBRE,10,SI,"CONDUCE BAJO LA INFLUENCIA DE ALCOHOL, SUSTANCIAS ESTUPEFACIENTES O PSICOTROPICAS Y/O MEDICAMENTOS.",PERDIDA DE CARRIL,VEHICULO DEPORTIVO UTILITARIO,0,0,0,0,0,0,0,0,0,0,0,0,1,1,44,HOMBRE,LESIONADO,CONDUCTOR PRESENTE,NO,SI,3
31835,134030,134031,2022,0,0,-0.203314,-78.437847,PICHINCHA,QUITO,CUMBAYA,RURAL,2022-10-07,23:57:00,23,VIERNES,5,OCTUBRE,10,SI,"CONDICIONES AMBIENTALES Y/O ATMOSFERICAS (NIEBLA, NEBLINA, GRANIZO, LLUVIA).",ESTRELLAMIENTOS,AUTOMOVIL,1,0,0,0,0,0,0,0,0,0,0,0,0,1,60,HOMBRE,ILESO,PASAJERO,NO,NO,3
31836,134033,134034,2022,0,0,-0.401369,-78.543542,PICHINCHA,MEJIA,UYUMBICHO,RURAL,2022-10-08,00:00:00,0,SABADO,6,OCTUBRE,10,SI,"CONDUCIR DESATENTO A LAS CONDICIONES DE TRANSITO (CELULAR, PANTALLAS DE VIDEO, COMIDA, MAQUILLAJE O CUALQUIER OTRO ELEMENTO DISTRACTOR).",PERDIDA DE PISTA,CAMIONETA,0,0,0,0,1,0,0,0,0,0,0,0,0,1,45,HOMBRE,ILESO,CONDUCTOR PRESENTE,NO,SI,3
31837,134034,134035,2022,0,0,-0.159583,-78.477221,PICHINCHA,QUITO,QUITO,URBANA,2022-10-08,00:15:00,0,SABADO,6,OCTUBRE,10,SI,CONDUCIR VEHICULO SUPERANDO LOS LIMITES MAXIMOS DE VELOCIDAD.,ESTRELLAMIENTOS,AUTOMOVIL,1,0,0,0,0,0,0,0,0,0,0,0,0,1,-1,NO IDENTIFICADO,NO IDENTIFICADO,CONDUCTOR AUSENTE,NO,NO,2
31838,134046,134047,2022,0,0,-0.259673,-78.530375,PICHINCHA,QUITO,QUITO,URBANA,2022-10-08,03:50:00,3,SABADO,6,OCTUBRE,10,SI,CONDUCIR VEHICULO SUPERANDO LOS LIMITES MAXIMOS DE VELOCIDAD.,ESTRELLAMIENTOS,AUTOMOVIL,1,0,0,0,0,0,0,0,0,0,0,0,0,1,-1,NO IDENTIFICADO,NO IDENTIFICADO,CONDUCTOR AUSENTE,NO,NO,2
31839,134048,134049,2022,1,0,-0.449411,-78.585734,PICHINCHA,MEJIA,ALOAG,URBANA,2022-10-08,04:15:00,4,SABADO,6,OCTUBRE,10,SI,"CONDUCIR DESATENTO A LAS CONDICIONES DE TRANSITO (CELULAR, PANTALLAS DE VIDEO, COMIDA, MAQUILLAJE O CUALQUIER OTRO ELEMENTO DISTRACTOR).",CHOQUE LATERAL,MOTOCICLETA,0,0,0,0,0,0,0,0,1,0,0,0,0,1,23,HOMBRE,LESIONADO,CONDUCTOR PRESENTE,NO,SI,1
31840,134049,134050,2022,0,0,-0.193817,-78.445938,PICHINCHA,QUITO,NAYON,RURAL,2022-10-08,04:20:00,4,SABADO,6,OCTUBRE,10,SI,CONDUCIR VEHICULO SUPERANDO LOS LIMITES MAXIMOS DE VELOCIDAD.,ESTRELLAMIENTOS,AUTOMOVIL,1,0,0,0,0,0,0,0,0,0,0,0,0,1,53,HOMBRE,ILESO,CONDUCTOR PRESENTE,NO,NO,3
31841,134050,134051,2022,0,0,-0.273552,-78.526868,PICHINCHA,QUITO,QUITO,URBANA,2022-10-08,04:30:00,4,SABADO,6,OCTUBRE,10,SI,CONDUCIR VEHICULO SUPERANDO LOS LIMITES MAXIMOS DE VELOCIDAD.,ESTRELLAMIENTOS,CAMIONETA,0,0,0,0,1,0,0,0,0,0,0,0,0,1,-1,NO IDENTIFICADO,NO IDENTIFICADO,CONDUCTOR AUSENTE,NO,NO,2
31842,134070,134071,2022,0,0,-0.307934,-78.552097,PICHINCHA,QUITO,QUITO,URBANA,2022-10-08,12:50:00,12,SABADO,6,OCTUBRE,10,SI,"CONDUCE BAJO LA INFLUENCIA DE ALCOHOL, SUSTANCIAS ESTUPEFACIENTES O PSICOTROPICAS Y/O MEDICAMENTOS.",CHOQUE LATERAL,AUTOMOVIL,2,0,0,0,0,0,0,0,0,0,0,0,0,2,33,HOMBRE,ILESO,CONDUCTOR PRESENTE,NO,NO,1
31843,134085,134086,2022,0,1,-0.369881,-78.551301,PICHINCHA,MEJIA,CUTUGLAHUA,RURAL,2022-10-08,18:45:00,18,SABADO,6,OCTUBRE,10,SI,"CONDUCIR DESATENTO A LAS CONDICIONES DE TRANSITO (CELULAR, PANTALLAS DE VIDEO, COMIDA, MAQUILLAJE O CUALQUIER OTRO ELEMENTO DISTRACTOR).",CHOQUE FRONTAL,MOTOCICLETA,1,0,0,0,0,0,0,0,1,0,0,0,0,2,26,HOMBRE,FALLECIDO,CONDUCTOR PRESENTE,NO,SI,3
31844,134088,134089,2022,0,0,-0.074971,-78.409011,PICHINCHA,QUITO,CALDERON (CARAPUNGO),RURAL,2022-10-08,19:00:00,19,SABADO,6,OCTUBRE,10,SI,CONDUCIR VEHICULO SUPERANDO LOS LIMITES MAXIMOS DE VELOCIDAD.,ESTRELLAMIENTOS,CAMIONETA,1,0,0,0,1,0,0,0,0,0,0,0,0,2,-1,NO IDENTIFICADO,NO IDENTIFICADO,CONDUCTOR AUSENTE,NO,NO,2
31845,134092,134093,2022,0,1,-0.369883,-78.551301,PICHINCHA,MEJIA,CUTUGLAHUA,RURAL,2022-10-08,20:10:00,20,SABADO,6,OCTUBRE,10,SI,"CONDUCIR DESATENTO A LAS CONDICIONES DE TRANSITO (CELULAR, PANTALLAS DE VIDEO, COMIDA, MAQUILLAJE O CUALQUIER OTRO ELEMENTO DISTRACTOR).",CHOQUE FRONTAL,MOTOCICLETA,1,0,0,0,0,0,0,0,1,0,0,0,0,2,26,HOMBRE,FALLECIDO,CONDUCTOR PRESENTE,NO,SI,3
31846,134098,134099,2022,0,0,-0.339507,-78.446431,PICHINCHA,RUMINIAHUI,SANGOLQUI,URBANA,2022-10-08,21:13:00,21,SABADO,6,OCTUBRE,10,SI,"CONDUCE BAJO LA INFLUENCIA DE ALCOHOL, SUSTANCIAS ESTUPEFACIENTES O PSICOTROPICAS Y/O MEDICAMENTOS.",CHOQUE POSTERIOR,AUTOMOVIL,1,0,0,0,0,0,0,0,0,1,0,0,0,2,32,HOMBRE,ILESO,CONDUCTOR PRESENTE,NO,SI,1
31847,134099,134100,2022,0,1,-0.401368,-78.543531,PICHINCHA,MEJIA,UYUMBICHO,RURAL,2022-10-08,21:15:00,21,SABADO,6,OCTUBRE,10,SI,"CONDUCIR DESATENTO A LAS CONDICIONES DE TRANSITO (CELULAR, PANTALLAS DE VIDEO, COMIDA, MAQUILLAJE O CUALQUIER OTRO ELEMENTO DISTRACTOR).",PERDIDA DE PISTA,AUTOMOVIL,1,0,0,0,0,0,0,0,0,0,0,0,0,1,29,HOMBRE,FALLECIDO,CONDUCTOR PRESENTE,NO,SI,3
31848,134107,134108,2022,0,0,-0.126691,-78.523742,PICHINCHA,QUITO,QUITO,URBANA,2022-10-08,22:30:00,22,SABADO,6,OCTUBRE,10,SI,CONDUCIR VEHICULO SUPERANDO LOS LIMITES MAXIMOS DE VELOCIDAD.,CHOQUE LATERAL,CAMIONETA,1,0,0,0,1,0,0,0,0,0,0,0,0,2,51,HOMBRE,ILESO,CONDUCTOR PRESENTE,NO,NO,1
31849,134119,134120,2022,0,0,0.032824,-78.665342,PICHINCHA,QUITO,NONO,RURAL,2022-10-09,01:44:00,1,DOMINGO,7,OCTUBRE,10,SI,"PRESENCIA DE AGENTES EXTERNOS EN LA VIA (AGUA, ACEITE, PIEDRA, LASTRE, ESCOMBROS, MADEROS, ETC.).",CHOQUE LATERAL,AUTOMOVIL,2,0,0,0,0,0,0,0,0,0,0,0,0,2,25,HOMBRE,ILESO,CONDUCTOR PRESENTE,NO,SI,3
31850,134122,134123,2022,0,0,-0.278301,-78.555301,PICHINCHA,QUITO,QUITO,URBANA,2022-10-09,02:40:00,2,DOMINGO,7,OCTUBRE,10,SI,CONDUCIR VEHICULO SUPERANDO LOS LIMITES MAXIMOS DE VELOCIDAD.,ESTRELLAMIENTOS,AUTOMOVIL,1,0,0,0,0,0,0,0,0,0,0,0,0,1,-1,NO IDENTIFICADO,NO IDENTIFICADO,CONDUCTOR AUSENTE,NO,NO,2