,Unnamed: 0,ID,ANIO,LESIONADOS,FALLECIDOS,LATITUD_Y,LONGITUD_X,PROVINCIA,CANTON,PARROQUIA,ZONA,FECHA,HORA,PERIODO_2,DIA_1,DIA_2,MES_1,MES_2,FERIADO,CAUSA_PROBABLE,TIPO_DE_SINIESTRO,TIPO_DE_VEHICULO_1,AUTOMOVIL,BICICLETA,BUS,CAMION,CAMIONETA,EMERGENCIAS,ESPECIAL,FURGONETA,MOTOCICLETA,NO_IDENTIFICADO,SCOOTER_ELECTRICO,TRICIMOTO,VEHICULO_DEPORTIVO_UTILITARIO,SUMA_DE_VEHICULOS,EDAD_1,SEXO_1,CONDICION_1,PARTICIPANTE_1,CASCO_1,CINTURON_1,KMeans_Cluster
31851,134129,134130,2022,0,0,-0.147441,-78.475354,PICHINCHA,QUITO,QUITO,URBANA,2022-10-09,04:45:00,4,DOMINGO,7,OCTUBRE,10,SI,CONDUCIR VEHICULO SUPERANDO LOS LIMITES MAXIMOS DE VELOCIDAD.,OTROS,MOTOCICLETA,0,0,0,0,0,0,0,0,1,0,0,0,0,1,-1,NO IDENTIFICADO,NO IDENTIFICADO,CONDUCTOR AUSENTE,NO,NO,2
31852,134135,134136,2022,1,0,-0.193591,-78.443872,PICHINCHA,QUITO,NAYON,RURAL,2022-10-09,05:50:00,5,DOMINGO,7,OCTUBRE,10,SI,"CONDUCE BAJO LA INFLUENCIA DE ALCOHOL, SUSTANCIAS ESTUPEFACIENTES O PSICOTROPICAS Y/O MEDICAMENTOS.",OTROS,CAMIONETA,1,0,0,0,1,0,0,0,0,0,0,0,0,2,38,HOMBRE,LESIONADO,CONDUCTOR PRESENTE,NO,NO,3
31853,134140,134141,2022,1,0,-0.283467,-78.543763,PICHINCHA,QUITO,QUITO,URBANA,2022-10-09,06:25:00,6,DOMINGO,7,OCTUBRE,10,SI,"CONDUCIR DESATENTO A LAS CONDICIONES DE TRANSITO (CELULAR, PANTALLAS DE VIDEO, COMIDA, MAQUILLAJE O CUALQUIER OTRO ELEMENTO DISTRACTOR).",CHOQUE LATERAL,MOTOCICLETA,0,0,0,0,0,0,0,0,1,1,0,0,0,2,30,HOMBRE,LESIONADO,CONDUCTOR PRESENTE,NO,NO,1
31854,134152,134153,2022,0,0,-0.252721,-78.521948,PICHINCHA,QUITO,QUITO,URBANA,2022-10-09,10:10:00,10,DOMINGO,7,OCTUBRE,10,SI,"CONDUCE BAJO LA INFLUENCIA DE ALCOHOL, SUSTANCIAS ESTUPEFACIENTES O PSICOTROPICAS Y/O MEDICAMENTOS.",ROZAMIENTOS,AUTOMOVIL,2,0,0,0,0,0,0,0,0,0,0,0,0,2,26,HOMBRE,ILESO,CONDUCTOR PRESENTE,NO,NO,1
31855,134158,134159,2022,0,1,-0.059229,-78.433745,PICHINCHA,QUITO,CALDERON (CARAPUNGO),RURAL,2022-10-09,12:10:00,12,DOMINGO,7,OCTUBRE,10,SI,CONDUCIR VEHICULO SUPERANDO LOS LIMITES MAXIMOS DE VELOCIDAD.,CHOQUE LATERAL,CAMION,0,0,0,1,0,0,0,0,1,0,0,0,0,2,39,HOMBRE,FALLECIDO,CONDUCTOR PRESENTE,NO,NO,3
31856,134162,134163,2022,1,0,-0.087508,-78.425137,PICHINCHA,QUITO,CALDERON (CARAPUNGO),RURAL,2022-10-09,12:45:00,12,DOMINGO,7,OCTUBRE,10,SI,CONDUCIR VEHICULO SUPERANDO LOS LIMITES MAXIMOS DE VELOCIDAD.,CHOQUE LATERAL,MOTOCICLETA,1,0,0,0,0,0,0,0,1,0,0,0,0,2,38,HOMBRE,LESIONADO,CONDUCTOR PRESENTE,NO,NO,3
31857,134163,134164,2022,0,0,-0.217784,-78.491319,PICHINCHA,QUITO,QUITO,URBANA,2022-10-09,13:00:00,13,DOMINGO,7,OCTUBRE,10,SI,CONDUCIR VEHICULO SUPERANDO LOS LIMITES MAXIMOS DE VELOCIDAD.,ESTRELLAMIENTOS,AUTOMOVIL,1,0,0,0,0,0,0,0,0,0,0,0,0,1,-1,NO IDENTIFICADO,NO IDENTIFICADO,CONDUCTOR AUSENTE,NO,NO,2
31858,134175,134176,2022,1,0,-0.447386,-78.635471,PICHINCHA,MEJIA,ALOAG,RURAL,2022-10-09,16:00:00,16,DOMINGO,7,OCTUBRE,10,SI,"NO RESPETAR LAS SENIALES REGLAMENTARIAS DE TRANSITO. (PARE, CEDA EL PASO, LUZ ROJA DEL SEMAFORO, ETC).",CHOQUE LATERAL,CAMION,0,0,0,1,1,0,0,0,0,0,0,0,0,2,-1,HOMBRE,LESIONADO,CONDUCTOR PRESENTE,NO,NO,3
31859,134178,134179,2022,2,0,-0.241846,-78.499577,PICHINCHA,QUITO,QUITO,URBANA,2022-10-09,16:15:00,16,DOMINGO,7,OCTUBRE,10,SI,"CONDUCE BAJO LA INFLUENCIA DE ALCOHOL, SUSTANCIAS ESTUPEFACIENTES O PSICOTROPICAS Y/O MEDICAMENTOS.",ATROPELLOS,AUTOMOVIL,1,0,0,0,0,0,0,0,0,0,0,0,0,1,33,HOMBRE,LESIONADO,PEATON,NO,NO,1
31860,134182,134183,2022,1,0,-0.286471,-78.520621,PICHINCHA,QUITO,QUITO,URBANA,2022-10-09,17:15:00,17,DOMINGO,7,OCTUBRE,10,SI,"NO RESPETAR LAS SENIALES REGLAMENTARIAS DE TRANSITO. (PARE, CEDA EL PASO, LUZ ROJA DEL SEMAFORO, ETC).",CHOQUE LATERAL,MOTOCICLETA,0,0,0,0,0,0,0,0,1,1,0,0,0,2,44,MUJER,LESIONADO,PASAJERO,NO,NO,1
31861,134193,134194,2022,0,0,-0.169556,-78.435397,PICHINCHA,QUITO,NAYON,RURAL,2022-10-09,19:45:00,19,DOMINGO,7,OCTUBRE,10,SI,"FALLA MECANICA EN LOS SISTEMAS Y/O NEUMATICOS (SISTEMA DE FRENOS, DIRECCION, ELECTRONICO O MECANICO).",OTROS,AUTOMOVIL,2,0,0,0,0,0,0,0,0,0,0,0,0,2,-1,NO IDENTIFICADO,NO IDENTIFICADO,CONDUCTOR AUSENTE,NO,NO,2
31862,134199,134200,2022,0,0,-0.065344,-78.457031,PICHINCHA,QUITO,POMASQUI,URBANA,2022-10-09,20:30:00,20,DOMINGO,7,OCTUBRE,10,SI,MALAS CONDICIONES DE LA VIA Y/O CONFIGURACION. (ILUMINACION Y DISENIO).,VOLCAMIENTOS,VEHICULO DEPORTIVO UTILITARIO,0,0,0,0,0,0,0,0,0,0,0,0,1,1,19,MUJER,ILESO,CONDUCTOR PRESENTE,NO,SI,1
31863,134206,134207,2022,2,0,-0.164967,-78.322213,PICHINCHA,QUITO,YARUQUI,RURAL,2022-10-09,22:10:00,22,DOMINGO,7,OCTUBRE,10,SI,"NO RESPETAR LAS SENIALES REGLAMENTARIAS DE TRANSITO. (PARE, CEDA EL PASO, LUZ ROJA DEL SEMAFORO, ETC).",CHOQUE LATERAL,MOTOCICLETA,0,0,0,0,0,0,0,0,1,1,0,0,0,2,37,HOMBRE,LESIONADO,PASAJERO,NO,NO,3
31864,134212,134213,2022,0,0,-0.083226,-78.466583,PICHINCHA,QUITO,QUITO,URBANA,2022-10-10,01:30:00,1,LUNES,1,OCTUBRE,10,SI,"FALLA MECANICA EN LOS SISTEMAS Y/O NEUMATICOS (SISTEMA DE FRENOS, DIRECCION, ELECTRONICO O MECANICO).",OTROS,AUTOMOVIL,1,0,0,0,0,0,0,0,0,0,0,0,0,1,-1,NO IDENTIFICADO,NO IDENTIFICADO,CONDUCTOR AUSENTE,NO,NO,2
31865,134215,134216,2022,0,0,-0.447151,-78.657238,PICHINCHA,MEJIA,ALOAG,RURAL,2022-10-10,02:13:00,2,LUNES,1,OCTUBRE,10,SI,"NO RESPETAR LAS SENIALES REGLAMENTARIAS DE TRANSITO. (PARE, CEDA EL PASO, LUZ ROJA DEL SEMAFORO, ETC).",CHOQUE LATERAL,VEHICULO DEPORTIVO UTILITARIO,1,0,0,0,0,0,0,0,0,0,0,0,1,2,28,HOMBRE,ILESO,CONDUCTOR PRESENTE,NO,NO,3
31866,134216,134217,2022,0,0,-0.305694,-78.571465,PICHINCHA,QUITO,QUITO,URBANA,2022-10-10,02:15:00,2,LUNES,1,OCTUBRE,10,SI,CONDUCIR VEHICULO SUPERANDO LOS LIMITES MAXIMOS DE VELOCIDAD.,ESTRELLAMIENTOS,CAMIONETA,0,0,0,0,1,0,0,0,0,0,0,0,0,1,-1,NO IDENTIFICADO,NO IDENTIFICADO,CONDUCTOR AUSENTE,NO,NO,2
31867,134222,134223,2022,0,0,-0.230337,-78.492252,PICHINCHA,QUITO,QUITO,URBANA,2022-10-10,06:50:00,6,LUNES,1,OCTUBRE,10,SI,REALIZAR CAMBIO BRUSCO O INDEBIDO DE CARRIL.,CHOQUE LATERAL,CAMIONETA,1,0,0,0,1,0,0,0,0,0,0,0,0,2,38,HOMBRE,ILESO,CONDUCTOR PRESENTE,NO,NO,1
31868,134227,134228,2022,1,0,-0.247028,-78.513231,PICHINCHA,QUITO,QUITO,URBANA,2022-10-10,08:40:00,8,LUNES,1,OCTUBRE,10,SI,REALIZAR CAMBIO BRUSCO O INDEBIDO DE CARRIL.,CHOQUE LATERAL,MOTOCICLETA,1,0,0,0,0,0,0,0,1,0,0,0,0,2,56,HOMBRE,LESIONADO,CONDUCTOR PRESENTE,NO,NO,1
31869,134232,134233,2022,0,1,-0.371563,-78.502434,PICHINCHA,QUITO,AMAGUANIA,RURAL,2022-10-10,09:45:00,9,LUNES,1,OCTUBRE,10,SI,CONDUCIR VEHICULO SUPERANDO LOS LIMITES MAXIMOS DE VELOCIDAD.,PERDIDA DE CARRIL,NO IDENTIFICADO,0,0,0,0,0,0,0,0,0,1,0,0,0,1,63,HOMBRE,FALLECIDO,CONDUCTOR PRESENTE,NO,NO,3
31870,134234,134235,2022,1,0,-0.495887,-78.571439,PICHINCHA,MEJIA,MACHACHI,RURAL,2022-10-10,10:50:00,10,LUNES,1,OCTUBRE,10,SI,"CONDUCIR DESATENTO A LAS CONDICIONES DE TRANSITO (CELULAR, PANTALLAS DE VIDEO, COMIDA, MAQUILLAJE O CUALQUIER OTRO ELEMENTO DISTRACTOR).",ATROPELLOS,CAMION,0,0,0,1,0,0,0,0,0,0,0,0,0,1,37,HOMBRE,LESIONADO,PEATON,NO,SI,3
31871,134245,134246,2022,1,0,-0.196902,-78.483371,PICHINCHA,QUITO,QUITO,URBANA,2022-10-10,13:40:00,13,LUNES,1,OCTUBRE,10,SI,"NO RESPETAR LAS SENIALES REGLAMENTARIAS DE TRANSITO. (PARE, CEDA EL PASO, LUZ ROJA DEL SEMAFORO, ETC).",CHOQUE LATERAL,BICICLETA,1,1,0,0,0,0,0,0,0,0,0,0,0,2,14,MUJER,LESIONADO,PASAJERO,NO,NO,1
31872,134253,134254,2022,2,0,-0.261064,-78.538614,PICHINCHA,QUITO,QUITO,URBANA,2022-10-10,17:40:00,17,LUNES,1,OCTUBRE,10,SI,"NO RESPETAR LAS SENIALES REGLAMENTARIAS DE TRANSITO. (PARE, CEDA EL PASO, LUZ ROJA DEL SEMAFORO, ETC).",CHOQUE LATERAL,MOTOCICLETA,1,0,0,0,0,0,0,0,1,0,0,0,0,2,61,HOMBRE,LESIONADO,PASAJERO,NO,NO,1
31873,134258,134259,2022,0,0,0.038749,-78.674977,PICHINCHA,QUITO,NONO,RURAL,2022-10-10,18:40:00,18,LUNES,1,OCTUBRE,10,SI,"CONDICIONES AMBIENTALES Y/O ATMOSFERICAS (NIEBLA, NEBLINA, GRANIZO, LLUVIA).",COLISION,FURGONETA,0,0,0,0,0,0,0,1,0,0,0,0,3,4,42,HOMBRE,ILESO,CONDUCTOR PRESENTE,NO,SI,3
31874,134263,134264,2022,0,1,0.165475,-79.251694,PICHINCHA,PUERTO QUITO,PUERTO QUITO,RURAL,2022-10-10,21:00:00,21,LUNES,1,OCTUBRE,10,SI,"CONDUCIR DESATENTO A LAS CONDICIONES DE TRANSITO (CELULAR, PANTALLAS DE VIDEO, COMIDA, MAQUILLAJE O CUALQUIER OTRO ELEMENTO DISTRACTOR).",PERDIDA DE CARRIL,MOTOCICLETA,0,0,0,0,0,0,0,1,1,0,0,0,0,2,23,HOMBRE,FALLECIDO,CONDUCTOR PRESENTE,NO,SI,3
31875,134265,134266,2022,1,0,-0.168442,-78.486878,PICHINCHA,QUITO,QUITO,URBANA,2022-10-10,21:40:00,21,LUNES,1,OCTUBRE,10,SI,"CONDUCE BAJO LA INFLUENCIA DE ALCOHOL, SUSTANCIAS ESTUPEFACIENTES O PSICOTROPICAS Y/O MEDICAMENTOS.",OTROS,MOTOCICLETA,1,0,0,0,0,0,0,0,1,0,0,0,0,2,24,HOMBRE,LESIONADO,CONDUCTOR PRESENTE,NO,NO,1
31876,134267,134268,2022,0,0,-0.137771,-78.501462,PICHINCHA,QUITO,QUITO,URBANA,2022-10-11,00:22:00,0,MARTES,2,OCTUBRE,10,NO,CONDUCIR VEHICULO SUPERANDO LOS LIMITES MAXIMOS DE VELOCIDAD.,ESTRELLAMIENTOS,AUTOMOVIL,1,0,0,0,0,0,0,0,0,0,0,0,0,1,-1,NO IDENTIFICADO,NO IDENTIFICADO,CONDUCTOR AUSENTE,NO,NO,2
31877,134272,134273,2022,0,1,-0.326332,-78.439478,PICHINCHA,RUMINIAHUI,SANGOLQUI,RURAL,2022-10-11,06:15:00,6,MARTES,2,OCTUBRE,10,NO,CONDUCIR VEHICULO SUPERANDO LOS LIMITES MAXIMOS DE VELOCIDAD.,CHOQUE FRONTAL,BUS,0,0,1,1,0,0,0,1,0,0,0,0,0,3,64,HOMBRE,FALLECIDO,CONDUCTOR PRESENTE,NO,SI,3
31878,134278,134279,2022,0,0,-0.251387,-78.515548,PICHINCHA,QUITO,QUITO,URBANA,2022-10-11,07:35:00,7,MARTES,2,OCTUBRE,10,NO,"NO RESPETAR LAS SENIALES REGLAMENTARIAS DE TRANSITO. (PARE, CEDA EL PASO, LUZ ROJA DEL SEMAFORO, ETC).",CHOQUE LATERAL,AUTOMOVIL,2,0,0,0,0,0,0,0,0,0,0,0,0,2,23,HOMBRE,ILESO,CONDUCTOR PRESENTE,NO,NO,1
31879,134279,134280,2022,0,0,-0.442111,-78.745426,PICHINCHA,MEJIA,MANUEL CORNEJO ASTORGA,RURAL,2022-10-11,07:40:00,7,MARTES,2,OCTUBRE,10,NO,NO MANTENER LA DISTANCIA PRUDENCIAL CON RESPECTO AL VEHICULO QUE LE ANTECEDE.,CHOQUE POSTERIOR,CAMION,0,0,0,1,1,0,0,0,0,0,0,0,0,2,-1,HOMBRE,ILESO,CONDUCTOR PRESENTE,NO,NO,3
31880,134280,134281,2022,0,0,-0.294496,-78.451473,PICHINCHA,QUITO,ALANGASI,RURAL,2022-10-11,07:40:00,7,MARTES,2,OCTUBRE,10,NO,"NO RESPETAR LAS SENIALES REGLAMENTARIAS DE TRANSITO. (PARE, CEDA EL PASO, LUZ ROJA DEL SEMAFORO, ETC).",CHOQUE LATERAL,CAMIONETA,1,0,0,0,1,0,0,0,0,0,0,0,0,2,55,MUJER,ILESO,CONDUCTOR PRESENTE,NO,NO,3
31881,134286,134287,2022,0,0,-0.203398,-78.487904,PICHINCHA,QUITO,QUITO,URBANA,2022-10-11,10:00:00,10,MARTES,2,OCTUBRE,10,NO,"NO RESPETAR LAS SENIALES REGLAMENTARIAS DE TRANSITO. (PARE, CEDA EL PASO, LUZ ROJA DEL SEMAFORO, ETC).",CHOQUE LATERAL,BUS,1,0,1,0,0,0,0,0,0,0,0,0,0,2,29,HOMBRE,ILESO,CONDUCTOR PRESENTE,NO,NO,1
31882,134290,134291,2022,1,0,-0.124125,-78.485802,PICHINCHA,QUITO,QUITO,URBANA,2022-10-11,10:50:00,10,MARTES,2,OCTUBRE,10,NO,"NO RESPETAR LAS SENIALES REGLAMENTARIAS DE TRANSITO. (PARE, CEDA EL PASO, LUZ ROJA DEL SEMAFORO, ETC).",CHOQUE LATERAL,MOTOCICLETA,1,0,0,0,0,0,0,0,1,0,0,0,0,2,18,HOMBRE,LESIONADO,CONDUCTOR PRESENTE,NO,NO,1
31883,134291,134292,2022,4,0,-0.287967,-78.540763,PICHINCHA,QUITO,QUITO,URBANA,2022-10-11,12:15:00,12,MARTES,2,OCTUBRE,10,NO,"FALLA MECANICA EN LOS SISTEMAS Y/O NEUMATICOS (SISTEMA DE FRENOS, DIRECCION, ELECTRONICO O MECANICO).",OTROS,BUS,4,0,1,0,1,0,0,1,0,0,0,0,0,7,32,HOMBRE,LESIONADO,CONDUCTOR PRESENTE,NO,NO,1
31884,134301,134302,2022,1,0,-0.278043,-78.557936,PICHINCHA,QUITO,QUITO,URBANA,2022-10-11,14:58:00,14,MARTES,2,OCTUBRE,10,NO,CONDUCIR VEHICULO SUPERANDO LOS LIMITES MAXIMOS DE VELOCIDAD.,ESTRELLAMIENTOS,CAMION,0,0,0,1,0,0,0,0,0,0,0,0,0,1,50,HOMBRE,LESIONADO,PASAJERO,NO,NO,1
31885,134303,134304,2022,1,0,-0.178993,-78.489001,PICHINCHA,QUITO,QUITO,URBANA,2022-10-11,15:05:00,15,MARTES,2,OCTUBRE,10,NO,PEATON QUE CRUZA LA CALZADA SIN RESPETAR LA SENIALIZACION EXISTENTE (SEMAFOROS O SENIALES MANUALES).,ATROPELLOS,BUS,0,0,1,0,0,0,0,0,0,0,0,0,0,1,58,HOMBRE,LESIONADO,PEATON,NO,NO,1
31886,134312,134313,2022,1,0,-0.276984,-78.542287,PICHINCHA,QUITO,QUITO,URBANA,2022-10-11,16:20:00,16,MARTES,2,OCTUBRE,10,NO,CONDUCIR VEHICULO SUPERANDO LOS LIMITES MAXIMOS DE VELOCIDAD.,CHOQUE LATERAL,BUS,0,0,1,0,0,0,0,1,0,0,0,0,0,2,8,MUJER,LESIONADO,PASAJERO,NO,NO,1
31887,134313,134314,2022,2,0,-0.175712,-78.486686,PICHINCHA,QUITO,QUITO,URBANA,2022-10-11,16:22:00,16,MARTES,2,OCTUBRE,10,NO,NO TRANSITAR POR LAS ACERAS O ZONAS DE SEGURIDAD DESTINADAS PARA EL EFECTO.,ATROPELLOS,AUTOMOVIL,1,0,0,0,0,0,0,0,0,0,0,0,0,1,71,HOMBRE,LESIONADO,PEATON,NO,NO,1
31888,134315,134316,2022,1,0,-0.276763,-78.556015,PICHINCHA,QUITO,QUITO,URBANA,2022-10-11,16:55:00,16,MARTES,2,OCTUBRE,10,NO,REALIZAR CAMBIO BRUSCO O INDEBIDO DE CARRIL.,CHOQUE LATERAL,MOTOCICLETA,1,0,0,0,0,0,0,0,1,0,0,0,0,2,33,MUJER,LESIONADO,PASAJERO,NO,NO,1
31889,134320,134321,2022,0,0,-0.206051,-78.483031,PICHINCHA,QUITO,QUITO,URBANA,2022-10-11,18:00:00,18,MARTES,2,OCTUBRE,10,NO,NO CEDER EL DERECHO DE VIA O PREFERENCIA DE PASO A VEHICULOS.,CHOQUE LATERAL,MOTOCICLETA,1,0,0,0,0,0,0,0,1,0,0,0,0,2,37,HOMBRE,ILESO,CONDUCTOR PRESENTE,NO,NO,1
31890,134324,134325,2022,2,0,-0.203777,-78.500758,PICHINCHA,QUITO,QUITO,URBANA,2022-10-11,19:00:00,19,MARTES,2,OCTUBRE,10,NO,"NO RESPETAR LAS SENIALES REGLAMENTARIAS DE TRANSITO. (PARE, CEDA EL PASO, LUZ ROJA DEL SEMAFORO, ETC).",CHOQUE LATERAL,BUS,0,0,2,0,0,0,0,0,0,0,0,0,0,2,13,MUJER,LESIONADO,PASAJERO,NO,NO,1
31891,134327,134328,2022,0,0,-0.264855,-78.548903,PICHINCHA,QUITO,QUITO,URBANA,2022-10-11,20:20:00,20,MARTES,2,OCTUBRE,10,NO,"CONDUCE BAJO LA INFLUENCIA DE ALCOHOL, SUSTANCIAS ESTUPEFACIENTES O PSICOTROPICAS Y/O MEDICAMENTOS.",CHOQUE LATERAL,AUTOMOVIL,2,0,0,0,0,0,0,0,0,0,0,0,0,2,48,HOMBRE,ILESO,CONDUCTOR PRESENTE,NO,NO,1
31892,134329,134330,2022,0,1,-0.217615,-78.384933,PICHINCHA,QUITO,TUMBACO,RURAL,2022-10-11,22:08:00,22,MARTES,2,OCTUBRE,10,NO,NO TRANSITAR POR LAS ACERAS O ZONAS DE SEGURIDAD DESTINADAS PARA EL EFECTO.,ATROPELLOS,NO IDENTIFICADO,0,0,0,0,0,0,0,0,0,1,0,0,0,1,35,MUJER,FALLECIDO,PEATON,NO,NO,3
31893,134339,134340,2022,0,0,-0.084804,-78.477402,PICHINCHA,QUITO,QUITO,URBANA,2022-10-12,08:20:00,8,MIERCOLES,3,OCTUBRE,10,NO,"NO RESPETAR LAS SENIALES REGLAMENTARIAS DE TRANSITO. (PARE, CEDA EL PASO, LUZ ROJA DEL SEMAFORO, ETC).",CHOQUE LATERAL,CAMIONETA,1,0,0,0,1,0,0,0,0,0,0,0,0,2,66,HOMBRE,ILESO,CONDUCTOR PRESENTE,NO,NO,1
31894,134350,134351,2022,1,0,-0.109441,-78.459415,PICHINCHA,QUITO,CALDERON (CARAPUNGO),URBANA,2022-10-12,12:40:00,12,MIERCOLES,3,OCTUBRE,10,NO,NO TRANSITAR POR LAS ACERAS O ZONAS DE SEGURIDAD DESTINADAS PARA EL EFECTO.,ATROPELLOS,CAMION,0,0,0,1,0,0,0,0,0,0,0,0,0,1,22,MUJER,LESIONADO,PEATON,NO,NO,1
31895,134352,134353,2022,1,0,-0.291058,-78.557921,PICHINCHA,QUITO,QUITO,URBANA,2022-10-12,13:15:00,13,MIERCOLES,3,OCTUBRE,10,NO,NO TRANSITAR POR LAS ACERAS O ZONAS DE SEGURIDAD DESTINADAS PARA EL EFECTO.,ATROPELLOS,AUTOMOVIL,1,0,0,0,0,0,0,0,0,0,0,0,0,1,72,MUJER,LESIONADO,PEATON,NO,NO,1
31896,134354,134355,2022,0,0,-0.232635,-78.508552,PICHINCHA,QUITO,QUITO,URBANA,2022-10-12,13:45:00,13,MIERCOLES,3,OCTUBRE,10,NO,"CONDICIONES AMBIENTALES Y/O ATMOSFERICAS (NIEBLA, NEBLINA, GRANIZO, LLUVIA).",ESTRELLAMIENTOS,BUS,0,0,1,0,0,0,0,0,0,0,0,0,0,1,28,HOMBRE,ILESO,CONDUCTOR PRESENTE,NO,NO,1
31897,134363,134364,2022,0,0,-0.206592,-78.369751,PICHINCHA,QUITO,PUEMBO,RURAL,2022-10-12,16:50:00,16,MIERCOLES,3,OCTUBRE,10,NO,"CONDICIONES AMBIENTALES Y/O ATMOSFERICAS (NIEBLA, NEBLINA, GRANIZO, LLUVIA).",OTROS,CAMION,3,0,0,1,0,0,0,0,1,0,0,0,0,5,24,HOMBRE,ILESO,CONDUCTOR PRESENTE,NO,NO,3
31898,134366,134367,2022,0,0,-0.325503,-78.548689,PICHINCHA,QUITO,QUITO,URBANA,2022-10-12,19:00:00,19,MIERCOLES,3,OCTUBRE,10,NO,REALIZAR CAMBIO BRUSCO O INDEBIDO DE CARRIL.,CHOQUE LATERAL,MOTOCICLETA,1,0,0,0,0,0,0,0,1,0,0,0,0,2,16,HOMBRE,ILESO,CONDUCTOR PRESENTE,NO,NO,1
31899,134371,134372,2022,0,0,-0.150084,-78.454751,PICHINCHA,QUITO,QUITO,URBANA,2022-10-12,21:30:00,21,MIERCOLES,3,OCTUBRE,10,NO,"CONDICIONES AMBIENTALES Y/O ATMOSFERICAS (NIEBLA, NEBLINA, GRANIZO, LLUVIA).",PERDIDA DE CARRIL,CAMIONETA,0,0,0,0,1,0,0,0,0,0,0,0,0,1,-1,NO IDENTIFICADO,NO IDENTIFICADO,CONDUCTOR AUSENTE,NO,NO,2
31900,134374,134375,2022,0,0,-0.152499,-78.464541,PICHINCHA,QUITO,QUITO,URBANA,2022-10-12,22:30:00,22,MIERCOLES,3,OCTUBRE,10,NO,CONDUCIR VEHICULO SUPERANDO LOS LIMITES MAXIMOS DE VELOCIDAD.,ESTRELLAMIENTOS,AUTOMOVIL,1,0,0,0,0,0,0,0,0,0,0,0,0,1,-1,NO IDENTIFICADO,NO IDENTIFICADO,CONDUCTOR AUSENTE,NO,NO,2
31901,134377,134378,2022,0,0,-0.276829,-78.512978,PICHINCHA,QUITO,QUITO,URBANA,2022-10-12,23:10:00,23,MIERCOLES,3,OCTUBRE,10,NO,"CONDICIONES AMBIENTALES Y/O ATMOSFERICAS (NIEBLA, NEBLINA, GRANIZO, LLUVIA).",ESTRELLAMIENTOS,AUTOMOVIL,1,0,0,0,0,0,0,0,0,0,0,0,0,1,-1,NO IDENTIFICADO,NO IDENTIFICADO,CONDUCTOR AUSENTE,NO,NO,2
31902,134380,134381,2022,0,0,-0.215538,-78.440185,PICHINCHA,QUITO,CUMBAYA,RURAL,2022-10-13,04:20:00,4,JUEVES,4,OCTUBRE,10,NO,"CONDICIONES AMBIENTALES Y/O ATMOSFERICAS (NIEBLA, NEBLINA, GRANIZO, LLUVIA).",ESTRELLAMIENTOS,AUTOMOVIL,1,0,0,0,0,0,0,0,0,0,0,0,0,1,32,MUJER,ILESO,CONDUCTOR PRESENTE,NO,NO,3
31903,134391,134392,2022,1,0,-0.259702,-78.549241,PICHINCHA,QUITO,QUITO,URBANA,2022-10-13,10:35:00,10,JUEVES,4,OCTUBRE,10,NO,"CONDUCE BAJO LA INFLUENCIA DE ALCOHOL, SUSTANCIAS ESTUPEFACIENTES O PSICOTROPICAS Y/O MEDICAMENTOS.",CHOQUE POSTERIOR,BUS,0,1,1,0,0,0,0,0,0,0,0,0,0,2,20,HOMBRE,LESIONADO,CONDUCTOR PRESENTE,NO,NO,1
31904,134402,134403,2022,0,0,-0.206592,-78.369751,PICHINCHA,QUITO,PUEMBO,RURAL,2022-10-13,15:05:00,15,JUEVES,4,OCTUBRE,10,NO,"CONDICIONES AMBIENTALES Y/O ATMOSFERICAS (NIEBLA, NEBLINA, GRANIZO, LLUVIA).",CHOQUE FRONTAL,MOTOCICLETA,0,0,0,0,1,0,0,0,1,0,0,0,0,2,23,HOMBRE,ILESO,CONDUCTOR PRESENTE,NO,NO,3
31905,134414,134415,2022,2,0,-0.283634,-78.471069,PICHINCHA,QUITO,CONOCOTO,RURAL,2022-10-13,21:15:00,21,JUEVES,4,OCTUBRE,10,NO,"NO RESPETAR LAS SENIALES REGLAMENTARIAS DE TRANSITO. (PARE, CEDA EL PASO, LUZ ROJA DEL SEMAFORO, ETC).",CHOQUE LATERAL,MOTOCICLETA,1,0,0,0,0,0,0,0,1,0,0,0,0,2,43,HOMBRE,LESIONADO,CONDUCTOR PRESENTE,NO,NO,3
31906,134417,134418,2022,3,0,-0.190518,-78.446142,PICHINCHA,QUITO,NAYON,RURAL,2022-10-13,23:00:00,23,JUEVES,4,OCTUBRE,10,NO,"CONDUCE BAJO LA INFLUENCIA DE ALCOHOL, SUSTANCIAS ESTUPEFACIENTES O PSICOTROPICAS Y/O MEDICAMENTOS.",OTROS,AUTOMOVIL,3,0,0,0,0,0,0,0,0,0,0,0,0,3,25,HOMBRE,LESIONADO,PASAJERO,NO,NO,3
31907,134423,134424,2022,0,0,-0.148382,-78.475461,PICHINCHA,QUITO,QUITO,URBANA,2022-10-14,03:30:00,3,VIERNES,5,OCTUBRE,10,NO,"FALLA MECANICA EN LOS SISTEMAS Y/O NEUMATICOS (SISTEMA DE FRENOS, DIRECCION, ELECTRONICO O MECANICO).",ESTRELLAMIENTOS,AUTOMOVIL,2,0,0,0,0,0,0,0,0,0,0,0,0,2,35,HOMBRE,ILESO,CONDUCTOR PRESENTE,NO,NO,1
31908,134427,134428,2022,1,0,-0.279804,-78.562845,PICHINCHA,QUITO,QUITO,URBANA,2022-10-14,05:50:00,5,VIERNES,5,OCTUBRE,10,NO,BAJARSE O SUBIRSE DE VEHICULOS EN MOVIMIENTO SIN TOMAR LAS PRECAUCIONES DEBIDAS.,CAIDA DE PASAJERO,BUS,0,0,1,0,0,0,0,0,0,0,0,0,0,1,45,HOMBRE,LESIONADO,PASAJERO,NO,NO,1