,Unnamed: 0,ID,ANIO,LESIONADOS,FALLECIDOS,LATITUD_Y,LONGITUD_X,PROVINCIA,CANTON,PARROQUIA,ZONA,FECHA,HORA,PERIODO_2,DIA_1,DIA_2,MES_1,MES_2,FERIADO,CAUSA_PROBABLE,TIPO_DE_SINIESTRO,TIPO_DE_VEHICULO_1,AUTOMOVIL,BICICLETA,BUS,CAMION,CAMIONETA,EMERGENCIAS,ESPECIAL,FURGONETA,MOTOCICLETA,NO_IDENTIFICADO,SCOOTER_ELECTRICO,TRICIMOTO,VEHICULO_DEPORTIVO_UTILITARIO,SUMA_DE_VEHICULOS,EDAD_1,SEXO_1,CONDICION_1,PARTICIPANTE_1,CASCO_1,CINTURON_1,KMeans_Cluster
31909,134431,134432,2022,0,1,-0.216795,-78.383262,PICHINCHA,QUITO,TUMBACO,RURAL,2022-10-14,09:15:00,9,VIERNES,5,OCTUBRE,10,NO,CONDUCIR VEHICULO SUPERANDO LOS LIMITES MAXIMOS DE VELOCIDAD.,ESTRELLAMIENTOS,CAMIONETA,0,0,0,0,1,0,0,0,0,0,0,0,0,1,26,HOMBRE,FALLECIDO,PASAJERO,NO,NO,3
31910,134447,134448,2022,1,0,-0.273606,-78.556418,PICHINCHA,QUITO,QUITO,URBANA,2022-10-14,16:10:00,16,VIERNES,5,OCTUBRE,10,NO,NO TRANSITAR POR LAS ACERAS O ZONAS DE SEGURIDAD DESTINADAS PARA EL EFECTO.,ATROPELLOS,MOTOCICLETA,0,0,0,0,0,0,0,0,1,0,0,0,0,1,51,MUJER,LESIONADO,PEATON,NO,NO,1
31911,134462,134463,2022,0,0,-0.436338,-78.553211,PICHINCHA,MEJIA,MACHACHI,RURAL,2022-10-14,21:00:00,21,VIERNES,5,OCTUBRE,10,NO,"CONDUCE BAJO LA INFLUENCIA DE ALCOHOL, SUSTANCIAS ESTUPEFACIENTES O PSICOTROPICAS Y/O MEDICAMENTOS.",CHOQUE POSTERIOR,CAMION,1,0,0,1,0,0,0,0,0,0,0,0,0,2,33,HOMBRE,ILESO,CONDUCTOR PRESENTE,NO,SI,3
31912,134463,134464,2022,1,0,-0.157695,-78.466363,PICHINCHA,QUITO,QUITO,URBANA,2022-10-14,21:11:00,21,VIERNES,5,OCTUBRE,10,NO,"CONDUCE BAJO LA INFLUENCIA DE ALCOHOL, SUSTANCIAS ESTUPEFACIENTES O PSICOTROPICAS Y/O MEDICAMENTOS.",ESTRELLAMIENTOS,AUTOMOVIL,2,0,0,0,0,0,0,0,0,0,0,0,0,2,44,HOMBRE,LESIONADO,CONDUCTOR PRESENTE,NO,NO,1
31913,134475,134476,2022,0,0,-0.221061,-78.495305,PICHINCHA,QUITO,QUITO,URBANA,2022-10-15,00:20:00,0,SABADO,6,OCTUBRE,10,NO,CONDUCIR VEHICULO SUPERANDO LOS LIMITES MAXIMOS DE VELOCIDAD.,ESTRELLAMIENTOS,AUTOMOVIL,1,0,0,0,0,0,0,0,0,0,0,0,0,1,-1,NO IDENTIFICADO,NO IDENTIFICADO,CONDUCTOR AUSENTE,NO,NO,2
31914,134476,134477,2022,1,0,-0.287967,-78.540763,PICHINCHA,QUITO,QUITO,URBANA,2022-10-15,00:20:00,0,SABADO,6,OCTUBRE,10,NO,CONDUCIR VEHICULO SUPERANDO LOS LIMITES MAXIMOS DE VELOCIDAD.,ESTRELLAMIENTOS,AUTOMOVIL,1,0,0,0,0,0,0,0,0,0,0,0,0,1,40,MUJER,LESIONADO,PASAJERO,NO,NO,1
31915,134478,134479,2022,2,0,-0.343683,-78.485221,PICHINCHA,QUITO,AMAGUANIA,RURAL,2022-10-15,00:30:00,0,SABADO,6,OCTUBRE,10,NO,"CONDICIONES AMBIENTALES Y/O ATMOSFERICAS (NIEBLA, NEBLINA, GRANIZO, LLUVIA).",ESTRELLAMIENTOS,MOTOCICLETA,0,0,0,0,0,0,0,0,1,0,0,0,0,1,30,HOMBRE,LESIONADO,PASAJERO,NO,NO,3
31916,134480,134481,2022,1,0,-0.127755,-78.502651,PICHINCHA,QUITO,QUITO,URBANA,2022-10-15,00:48:00,0,SABADO,6,OCTUBRE,10,NO,"CONDICIONES AMBIENTALES Y/O ATMOSFERICAS (NIEBLA, NEBLINA, GRANIZO, LLUVIA).",ESTRELLAMIENTOS,AUTOMOVIL,2,0,0,0,0,0,0,0,0,0,0,0,0,2,23,MUJER,LESIONADO,PASAJERO,NO,NO,1
31917,134482,134483,2022,2,0,-0.150354,-78.452766,PICHINCHA,QUITO,QUITO,URBANA,2022-10-15,01:45:00,1,SABADO,6,OCTUBRE,10,NO,"CONDICIONES AMBIENTALES Y/O ATMOSFERICAS (NIEBLA, NEBLINA, GRANIZO, LLUVIA).",VOLCAMIENTOS,AUTOMOVIL,1,0,0,0,0,0,0,0,0,0,0,0,0,1,29,HOMBRE,LESIONADO,PASAJERO,NO,NO,1
31918,134483,134484,2022,0,0,-0.229336,-78.512623,PICHINCHA,QUITO,QUITO,URBANA,2022-10-15,01:50:00,1,SABADO,6,OCTUBRE,10,NO,"CONDUCIR DESATENTO A LAS CONDICIONES DE TRANSITO (CELULAR, PANTALLAS DE VIDEO, COMIDA, MAQUILLAJE O CUALQUIER OTRO ELEMENTO DISTRACTOR).",CHOQUE LATERAL,CAMIONETA,1,0,0,0,1,0,0,0,0,0,0,0,0,2,57,HOMBRE,ILESO,CONDUCTOR PRESENTE,NO,NO,1
31919,134484,134485,2022,0,0,-0.202221,-78.490844,PICHINCHA,QUITO,QUITO,URBANA,2022-10-15,02:00:00,2,SABADO,6,OCTUBRE,10,NO,"CONDUCE BAJO LA INFLUENCIA DE ALCOHOL, SUSTANCIAS ESTUPEFACIENTES O PSICOTROPICAS Y/O MEDICAMENTOS.",ESTRELLAMIENTOS,AUTOMOVIL,1,0,0,0,0,0,0,0,0,0,0,0,0,1,27,HOMBRE,ILESO,CONDUCTOR PRESENTE,NO,NO,1
31920,134486,134487,2022,1,0,0.043586,-78.144765,PICHINCHA,CAYAMBE,CAYAMBE,RURAL,2022-10-15,02:15:00,2,SABADO,6,OCTUBRE,10,NO,"CONDUCE BAJO LA INFLUENCIA DE ALCOHOL, SUSTANCIAS ESTUPEFACIENTES O PSICOTROPICAS Y/O MEDICAMENTOS.",ESTRELLAMIENTOS,CAMION,1,0,0,1,0,0,0,0,0,0,0,0,0,2,22,HOMBRE,LESIONADO,PASAJERO,NO,SI,3
31921,134490,134491,2022,0,0,-0.191561,-78.507149,PICHINCHA,QUITO,QUITO,URBANA,2022-10-15,02:45:00,2,SABADO,6,OCTUBRE,10,NO,"CONDUCIR DESATENTO A LAS CONDICIONES DE TRANSITO (CELULAR, PANTALLAS DE VIDEO, COMIDA, MAQUILLAJE O CUALQUIER OTRO ELEMENTO DISTRACTOR).",CHOQUE FRONTAL,CAMIONETA,1,0,0,0,1,0,0,0,0,0,0,0,0,2,-1,NO IDENTIFICADO,NO IDENTIFICADO,CONDUCTOR AUSENTE,NO,NO,2
31922,134492,134493,2022,0,0,-0.347837,-78.543759,PICHINCHA,QUITO,QUITO,URBANA,2022-10-15,03:00:00,3,SABADO,6,OCTUBRE,10,NO,CONDUCIR VEHICULO SUPERANDO LOS LIMITES MAXIMOS DE VELOCIDAD.,OTROS,MOTOCICLETA,0,0,0,0,0,0,0,0,1,0,0,0,0,1,-1,NO IDENTIFICADO,NO IDENTIFICADO,CONDUCTOR AUSENTE,NO,NO,2
31923,134509,134510,2022,1,0,-0.199403,-78.459736,PICHINCHA,QUITO,QUITO,URBANA,2022-10-15,09:40:00,9,SABADO,6,OCTUBRE,10,NO,PESO Y VOLUMEN - NO CUMPLIR CON LAS NORMAS DE SEGURIDAD NECESARIAS AL TRANSPORTAR CARGAS.,ESTRELLAMIENTOS,CAMION,0,0,0,1,0,0,0,0,0,0,0,0,0,1,52,HOMBRE,LESIONADO,CONDUCTOR PRESENTE,NO,NO,1
31924,134510,134511,2022,0,0,-0.236498,-78.534308,PICHINCHA,QUITO,QUITO,URBANA,2022-10-15,10:00:00,10,SABADO,6,OCTUBRE,10,NO,CONDUCIR VEHICULO SUPERANDO LOS LIMITES MAXIMOS DE VELOCIDAD.,ESTRELLAMIENTOS,AUTOMOVIL,1,0,0,0,0,0,0,0,0,0,0,0,0,1,-1,NO IDENTIFICADO,NO IDENTIFICADO,CONDUCTOR AUSENTE,NO,NO,2
31925,134514,134515,2022,0,0,-0.299411,-78.531179,PICHINCHA,QUITO,QUITO,URBANA,2022-10-15,11:40:00,11,SABADO,6,OCTUBRE,10,NO,CONDUCIR VEHICULO SUPERANDO LOS LIMITES MAXIMOS DE VELOCIDAD.,CHOQUE LATERAL,CAMIONETA,1,0,0,0,1,0,0,0,0,0,0,0,0,2,35,HOMBRE,ILESO,CONDUCTOR PRESENTE,NO,NO,1
31926,134515,134516,2022,1,0,-0.494337,-78.571087,PICHINCHA,MEJIA,MACHACHI,RURAL,2022-10-15,11:50:00,11,SABADO,6,OCTUBRE,10,NO,"CONDUCIR DESATENTO A LAS CONDICIONES DE TRANSITO (CELULAR, PANTALLAS DE VIDEO, COMIDA, MAQUILLAJE O CUALQUIER OTRO ELEMENTO DISTRACTOR).",CHOQUE LATERAL,MOTOCICLETA,0,0,0,0,1,0,0,0,1,0,0,0,0,2,45,HOMBRE,LESIONADO,CONDUCTOR PRESENTE,NO,SI,3
31927,134521,134522,2022,0,0,-0.118064,-78.455585,PICHINCHA,QUITO,QUITO,URBANA,2022-10-15,14:00:00,14,SABADO,6,OCTUBRE,10,NO,"NO RESPETAR LAS SENIALES REGLAMENTARIAS DE TRANSITO. (PARE, CEDA EL PASO, LUZ ROJA DEL SEMAFORO, ETC).",CHOQUE LATERAL,AUTOMOVIL,2,0,0,0,0,0,0,0,0,0,0,0,0,2,28,HOMBRE,ILESO,CONDUCTOR PRESENTE,NO,NO,1
31928,134524,134525,2022,0,0,-0.094479,-78.437687,PICHINCHA,QUITO,CALDERON (CARAPUNGO),RURAL,2022-10-15,15:10:00,15,SABADO,6,OCTUBRE,10,NO,"NO RESPETAR LAS SENIALES REGLAMENTARIAS DE TRANSITO. (PARE, CEDA EL PASO, LUZ ROJA DEL SEMAFORO, ETC).",CHOQUE LATERAL,AUTOMOVIL,2,0,0,0,0,0,0,0,0,0,0,0,0,2,65,HOMBRE,ILESO,CONDUCTOR PRESENTE,NO,NO,3
31929,134543,134544,2022,0,0,-0.230809,-78.482837,PICHINCHA,QUITO,QUITO,URBANA,2022-10-15,20:50:00,20,SABADO,6,OCTUBRE,10,NO,"CONDUCE BAJO LA INFLUENCIA DE ALCOHOL, SUSTANCIAS ESTUPEFACIENTES O PSICOTROPICAS Y/O MEDICAMENTOS.",CHOQUE LATERAL,FURGONETA,1,0,0,0,0,0,0,1,0,0,0,0,0,2,29,HOMBRE,ILESO,CONDUCTOR PRESENTE,NO,NO,1
31930,134549,134550,2022,0,0,-0.323266,-78.418642,PICHINCHA,QUITO,ALANGASI,RURAL,2022-10-15,22:00:00,22,SABADO,6,OCTUBRE,10,NO,CONDUCIR VEHICULO SUPERANDO LOS LIMITES MAXIMOS DE VELOCIDAD.,OTROS,CAMION,0,0,0,1,0,0,0,0,0,0,0,0,0,1,-1,NO IDENTIFICADO,NO IDENTIFICADO,CONDUCTOR AUSENTE,NO,NO,2
31931,134550,134551,2022,0,0,-0.051636,-78.423385,PICHINCHA,QUITO,CALDERON (CARAPUNGO),RURAL,2022-10-15,22:45:00,22,SABADO,6,OCTUBRE,10,NO,"NO RESPETAR LAS SENIALES REGLAMENTARIAS DE TRANSITO. (PARE, CEDA EL PASO, LUZ ROJA DEL SEMAFORO, ETC).",ESTRELLAMIENTOS,AUTOMOVIL,2,0,0,0,0,0,0,0,0,0,0,0,0,2,-1,NO IDENTIFICADO,NO IDENTIFICADO,CONDUCTOR AUSENTE,NO,NO,2
31932,134556,134557,2022,0,0,-0.248547,-78.532747,PICHINCHA,QUITO,QUITO,URBANA,2022-10-15,23:30:00,23,SABADO,6,OCTUBRE,10,NO,"CONDUCE BAJO LA INFLUENCIA DE ALCOHOL, SUSTANCIAS ESTUPEFACIENTES O PSICOTROPICAS Y/O MEDICAMENTOS.",OTROS,MOTOCICLETA,2,0,0,0,0,0,0,0,1,0,0,0,0,3,25,HOMBRE,ILESO,CONDUCTOR PRESENTE,NO,NO,1
31933,134563,134564,2022,0,0,-0.071653,-78.473682,PICHINCHA,QUITO,POMASQUI,URBANA,2022-10-16,01:30:00,1,DOMINGO,7,OCTUBRE,10,NO,"CONDUCE BAJO LA INFLUENCIA DE ALCOHOL, SUSTANCIAS ESTUPEFACIENTES O PSICOTROPICAS Y/O MEDICAMENTOS.",CHOQUE LATERAL,AUTOMOVIL,2,0,0,0,0,0,0,0,0,0,0,0,0,2,35,HOMBRE,ILESO,CONDUCTOR PRESENTE,NO,SI,1
31934,134567,134568,2022,0,0,-0.149534,-78.467276,PICHINCHA,QUITO,QUITO,URBANA,2022-10-16,03:00:00,3,DOMINGO,7,OCTUBRE,10,NO,CONDUCIR VEHICULO SUPERANDO LOS LIMITES MAXIMOS DE VELOCIDAD.,OTROS,AUTOMOVIL,1,0,0,0,0,0,0,0,0,0,0,0,0,1,-1,NO IDENTIFICADO,NO IDENTIFICADO,CONDUCTOR AUSENTE,NO,NO,2
31935,134574,134575,2022,2,0,-0.289292,-78.538169,PICHINCHA,QUITO,QUITO,URBANA,2022-10-16,04:15:00,4,DOMINGO,7,OCTUBRE,10,NO,CONDUCIR VEHICULO SUPERANDO LOS LIMITES MAXIMOS DE VELOCIDAD.,PERDIDA DE CARRIL,MOTOCICLETA,0,0,0,0,0,0,0,0,1,0,0,0,0,1,22,HOMBRE,LESIONADO,PASAJERO,NO,NO,1
31936,134579,134580,2022,0,0,-0.129165,-78.493911,PICHINCHA,QUITO,QUITO,URBANA,2022-10-16,06:00:00,6,DOMINGO,7,OCTUBRE,10,NO,"CONDUCIR EN ESTADO DE SOMNOLENCIA O MALAS CONDICIONES FISICAS (SUENIO, CANSANCIO Y FATIGA).",PERDIDA DE CARRIL,AUTOMOVIL,1,0,0,0,0,0,0,0,0,0,0,0,0,1,34,HOMBRE,ILESO,CONDUCTOR PRESENTE,NO,NO,1
31937,134593,134594,2022,0,0,-0.304652,-78.568021,PICHINCHA,QUITO,QUITO,URBANA,2022-10-16,13:00:00,13,DOMINGO,7,OCTUBRE,10,NO,REALIZAR CAMBIO BRUSCO O INDEBIDO DE CARRIL.,CHOQUE LATERAL,AUTOMOVIL,2,0,0,0,0,0,0,0,0,0,0,0,0,2,31,HOMBRE,ILESO,CONDUCTOR PRESENTE,NO,NO,1
31938,134597,134598,2022,3,0,-0.460897,-78.593781,PICHINCHA,MEJIA,ALOAG,RURAL,2022-10-16,14:15:00,14,DOMINGO,7,OCTUBRE,10,NO,CONDUCIR EN SENTIDO CONTRARIO A LA VIA NORMAL DE CIRCULACION.,CHOQUE FRONTAL,CAMION,0,0,0,1,0,0,0,0,0,0,0,0,1,2,-1,MUJER,LESIONADO,PASAJERO,NO,NO,3
31939,134599,134600,2022,0,0,-0.331627,-78.569555,PICHINCHA,QUITO,QUITO,URBANA,2022-10-16,14:44:00,14,DOMINGO,7,OCTUBRE,10,NO,CONDUCIR VEHICULO SUPERANDO LOS LIMITES MAXIMOS DE VELOCIDAD.,ESTRELLAMIENTOS,AUTOMOVIL,1,0,0,0,0,0,0,0,0,0,0,0,0,1,-1,NO IDENTIFICADO,NO IDENTIFICADO,CONDUCTOR AUSENTE,NO,NO,2
31940,134603,134604,2022,1,0,-0.111357,-78.489984,PICHINCHA,QUITO,QUITO,URBANA,2022-10-16,16:10:00,16,DOMINGO,7,OCTUBRE,10,NO,CONDUCIR VEHICULO SUPERANDO LOS LIMITES MAXIMOS DE VELOCIDAD.,ESTRELLAMIENTOS,CAMION,0,0,0,1,0,0,0,0,0,0,0,0,0,1,69,MUJER,LESIONADO,PASAJERO,NO,NO,1
31941,134605,134606,2022,2,0,-0.265214,-78.553204,PICHINCHA,QUITO,QUITO,URBANA,2022-10-16,16:30:00,16,DOMINGO,7,OCTUBRE,10,NO,CONDUCIR VEHICULO SUPERANDO LOS LIMITES MAXIMOS DE VELOCIDAD.,CHOQUE LATERAL,AUTOMOVIL,2,0,0,0,0,0,0,0,0,0,0,0,0,2,34,MUJER,LESIONADO,PASAJERO,NO,NO,1
31942,134622,134623,2022,0,1,-0.255868,-78.503295,PICHINCHA,QUITO,QUITO,URBANA,2022-10-16,20:00:00,20,DOMINGO,7,OCTUBRE,10,NO,NO TRANSITAR POR LAS ACERAS O ZONAS DE SEGURIDAD DESTINADAS PARA EL EFECTO.,ATROPELLOS,NO IDENTIFICADO,0,0,0,0,0,0,0,0,0,1,0,0,0,1,50,HOMBRE,FALLECIDO,PEATON,NO,NO,1
31943,134631,134632,2022,0,0,-0.236268,-78.527065,PICHINCHA,QUITO,QUITO,URBANA,2022-10-16,22:00:00,22,DOMINGO,7,OCTUBRE,10,NO,CONDUCIR VEHICULO SUPERANDO LOS LIMITES MAXIMOS DE VELOCIDAD.,ESTRELLAMIENTOS,AUTOMOVIL,1,0,0,0,0,0,0,0,0,0,0,0,0,1,-1,NO IDENTIFICADO,NO IDENTIFICADO,CONDUCTOR AUSENTE,NO,NO,2
31944,134634,134635,2022,0,0,-0.146219,-78.475015,PICHINCHA,QUITO,QUITO,URBANA,2022-10-16,23:00:00,23,DOMINGO,7,OCTUBRE,10,NO,"NO RESPETAR LAS SENIALES REGLAMENTARIAS DE TRANSITO. (PARE, CEDA EL PASO, LUZ ROJA DEL SEMAFORO, ETC).",CHOQUE LATERAL,CAMIONETA,1,0,0,0,1,0,0,0,0,0,0,0,0,2,28,HOMBRE,ILESO,CONDUCTOR PRESENTE,NO,NO,1
31945,134643,134644,2022,0,0,-0.206424,-78.494442,PICHINCHA,QUITO,QUITO,URBANA,2022-10-17,06:55:00,6,LUNES,1,OCTUBRE,10,NO,REALIZAR CAMBIO BRUSCO O INDEBIDO DE CARRIL.,CHOQUE LATERAL,AUTOMOVIL,2,0,0,0,0,0,0,0,0,0,0,0,0,2,45,HOMBRE,ILESO,CONDUCTOR PRESENTE,NO,NO,1
31946,134646,134647,2022,0,0,-0.302304,-78.533265,PICHINCHA,QUITO,QUITO,URBANA,2022-10-17,07:25:00,7,LUNES,1,OCTUBRE,10,NO,NO MANTENER LA DISTANCIA PRUDENCIAL CON RESPECTO AL VEHICULO QUE LE ANTECEDE.,CHOQUE POSTERIOR,BUS,1,0,1,0,0,0,0,0,0,0,0,0,0,2,33,HOMBRE,ILESO,CONDUCTOR PRESENTE,NO,NO,1
31947,134649,134650,2022,0,0,-0.164606,-78.465572,PICHINCHA,QUITO,QUITO,URBANA,2022-10-17,08:05:00,8,LUNES,1,OCTUBRE,10,NO,CONDUCIR VEHICULO SUPERANDO LOS LIMITES MAXIMOS DE VELOCIDAD.,COLISION,AUTOMOVIL,3,0,0,0,0,0,0,0,0,0,0,0,0,3,45,HOMBRE,ILESO,CONDUCTOR PRESENTE,NO,NO,1
31948,134662,134663,2022,2,0,-0.098657,-78.319519,PICHINCHA,QUITO,EL QUINCHE,RURAL,2022-10-17,13:35:00,13,LUNES,1,OCTUBRE,10,NO,"CONDUCIR DESATENTO A LAS CONDICIONES DE TRANSITO (CELULAR, PANTALLAS DE VIDEO, COMIDA, MAQUILLAJE O CUALQUIER OTRO ELEMENTO DISTRACTOR).",CHOQUE FRONTAL,CAMION,1,0,0,1,0,0,0,0,0,0,0,0,0,2,20,HOMBRE,LESIONADO,CONDUCTOR PRESENTE,NO,SI,3
31949,134668,134669,2022,0,0,-0.198765,-78.460328,PICHINCHA,QUITO,QUITO,URBANA,2022-10-17,15:45:00,15,LUNES,1,OCTUBRE,10,NO,"CONDICIONES AMBIENTALES Y/O ATMOSFERICAS (NIEBLA, NEBLINA, GRANIZO, LLUVIA).",ESTRELLAMIENTOS,AUTOMOVIL,1,0,0,0,0,0,0,0,0,0,0,0,0,1,23,HOMBRE,ILESO,CONDUCTOR PRESENTE,NO,NO,1
31950,134678,134679,2022,0,0,-0.275262,-78.552464,PICHINCHA,QUITO,QUITO,URBANA,2022-10-17,20:30:00,20,LUNES,1,OCTUBRE,10,NO,"CONDUCE BAJO LA INFLUENCIA DE ALCOHOL, SUSTANCIAS ESTUPEFACIENTES O PSICOTROPICAS Y/O MEDICAMENTOS.",ROZAMIENTOS,AUTOMOVIL,2,0,0,0,0,0,0,0,0,0,0,0,0,2,48,HOMBRE,ILESO,CONDUCTOR PRESENTE,NO,NO,1
31951,134680,134681,2022,0,0,-0.262837,-78.538165,PICHINCHA,QUITO,QUITO,URBANA,2022-10-17,20:45:00,20,LUNES,1,OCTUBRE,10,NO,"CONDUCE BAJO LA INFLUENCIA DE ALCOHOL, SUSTANCIAS ESTUPEFACIENTES O PSICOTROPICAS Y/O MEDICAMENTOS.",CHOQUE POSTERIOR,AUTOMOVIL,2,0,0,0,0,0,0,0,0,0,0,0,0,2,60,HOMBRE,ILESO,CONDUCTOR PRESENTE,NO,NO,1
31952,134701,134702,2022,0,0,0.003771,-78.540759,PICHINCHA,QUITO,CALACALI,RURAL,2022-10-18,09:00:00,9,MARTES,2,OCTUBRE,10,NO,CONDUCIR EN SENTIDO CONTRARIO A LA VIA NORMAL DE CIRCULACION.,PERDIDA DE PISTA,VEHICULO DEPORTIVO UTILITARIO,0,0,0,0,0,0,0,0,0,0,0,0,1,1,38,HOMBRE,ILESO,CONDUCTOR PRESENTE,NO,SI,3
31953,134709,134710,2022,0,0,-0.224454,-78.521452,PICHINCHA,QUITO,QUITO,URBANA,2022-10-18,12:45:00,12,MARTES,2,OCTUBRE,10,NO,CONDUCIR VEHICULO SUPERANDO LOS LIMITES MAXIMOS DE VELOCIDAD.,COLISION,CAMIONETA,2,0,0,0,1,0,0,0,0,0,0,0,0,3,39,HOMBRE,ILESO,CONDUCTOR PRESENTE,NO,NO,1
31954,134713,134714,2022,0,0,-0.214484,-78.442997,PICHINCHA,QUITO,CUMBAYA,RURAL,2022-10-18,15:02:00,15,MARTES,2,OCTUBRE,10,NO,"CONDICIONES AMBIENTALES Y/O ATMOSFERICAS (NIEBLA, NEBLINA, GRANIZO, LLUVIA).",COLISION,CAMIONETA,2,0,0,0,1,0,0,0,0,0,0,0,0,3,39,HOMBRE,ILESO,CONDUCTOR PRESENTE,NO,NO,3
31955,134715,134716,2022,1,0,-0.206584,-78.493361,PICHINCHA,QUITO,QUITO,URBANA,2022-10-18,16:15:00,16,MARTES,2,OCTUBRE,10,NO,"CONDUCE BAJO LA INFLUENCIA DE ALCOHOL, SUSTANCIAS ESTUPEFACIENTES O PSICOTROPICAS Y/O MEDICAMENTOS.",ARROLLAMIENTOS,CAMIONETA,0,0,0,0,1,0,0,0,0,0,0,0,0,1,51,MUJER,LESIONADO,PEATON,NO,NO,1
31956,134716,134717,2022,0,0,-0.118236,-78.479693,PICHINCHA,QUITO,QUITO,URBANA,2022-10-18,16:50:00,16,MARTES,2,OCTUBRE,10,NO,"FALLA MECANICA EN LOS SISTEMAS Y/O NEUMATICOS (SISTEMA DE FRENOS, DIRECCION, ELECTRONICO O MECANICO).",COLISION,CAMIONETA,2,0,0,0,1,0,0,0,0,0,0,0,0,3,30,HOMBRE,ILESO,CONDUCTOR PRESENTE,NO,NO,1
31957,134717,134718,2022,0,0,-0.207909,-78.493365,PICHINCHA,QUITO,QUITO,URBANA,2022-10-18,16:55:00,16,MARTES,2,OCTUBRE,10,NO,"NO RESPETAR LAS SENIALES REGLAMENTARIAS DE TRANSITO. (PARE, CEDA EL PASO, LUZ ROJA DEL SEMAFORO, ETC).",CHOQUE LATERAL,AUTOMOVIL,2,0,0,0,0,0,0,0,0,0,0,0,0,2,39,HOMBRE,ILESO,CONDUCTOR PRESENTE,NO,NO,1
31958,134718,134719,2022,0,0,-0.187361,-78.479573,PICHINCHA,QUITO,QUITO,URBANA,2022-10-18,17:15:00,17,MARTES,2,OCTUBRE,10,NO,"NO RESPETAR LAS SENIALES REGLAMENTARIAS DE TRANSITO. (PARE, CEDA EL PASO, LUZ ROJA DEL SEMAFORO, ETC).",CHOQUE LATERAL,AUTOMOVIL,2,0,0,0,0,0,0,0,0,0,0,0,0,2,35,HOMBRE,ILESO,PASAJERO,NO,NO,1
31959,134724,134725,2022,0,0,-0.183708,-78.501869,PICHINCHA,QUITO,QUITO,URBANA,2022-10-18,17:50:00,17,MARTES,2,OCTUBRE,10,NO,"CONDUCIR DESATENTO A LAS CONDICIONES DE TRANSITO (CELULAR, PANTALLAS DE VIDEO, COMIDA, MAQUILLAJE O CUALQUIER OTRO ELEMENTO DISTRACTOR).",ESTRELLAMIENTOS,AUTOMOVIL,2,0,0,0,0,0,0,0,0,0,0,0,0,2,-1,NO IDENTIFICADO,NO IDENTIFICADO,CONDUCTOR AUSENTE,NO,NO,2
31960,134725,134726,2022,4,0,-0.218824,-78.466553,PICHINCHA,QUITO,QUITO,RURAL,2022-10-18,18:00:00,18,MARTES,2,OCTUBRE,10,NO,NO TRANSITAR POR LAS ACERAS O ZONAS DE SEGURIDAD DESTINADAS PARA EL EFECTO.,ATROPELLOS,MOTOCICLETA,0,0,0,0,0,0,0,0,1,0,0,0,0,1,13,HOMBRE,LESIONADO,PEATON,NO,NO,3
31961,134730,134731,2022,0,0,-0.197709,-78.466531,PICHINCHA,QUITO,QUITO,URBANA,2022-10-18,19:25:00,19,MARTES,2,OCTUBRE,10,NO,CONDUCIR VEHICULO SUPERANDO LOS LIMITES MAXIMOS DE VELOCIDAD.,PERDIDA DE CARRIL,CAMIONETA,0,0,0,0,1,0,0,0,0,0,0,0,0,1,46,MUJER,ILESO,PASAJERO,NO,NO,1
31962,134741,134742,2022,0,0,-0.110532,-78.458102,PICHINCHA,QUITO,CALDERON (CARAPUNGO),RURAL,2022-10-19,02:30:00,2,MIERCOLES,3,OCTUBRE,10,NO,"CONDICIONES AMBIENTALES Y/O ATMOSFERICAS (NIEBLA, NEBLINA, GRANIZO, LLUVIA).",ESTRELLAMIENTOS,AUTOMOVIL,1,0,0,0,0,0,0,0,0,0,0,0,0,1,-1,NO IDENTIFICADO,NO IDENTIFICADO,CONDUCTOR AUSENTE,NO,NO,2
31963,134742,134743,2022,1,0,-0.447633,-78.638117,PICHINCHA,MEJIA,ALOAG,RURAL,2022-10-19,04:35:00,4,MIERCOLES,3,OCTUBRE,10,NO,"CONDUCIR DESATENTO A LAS CONDICIONES DE TRANSITO (CELULAR, PANTALLAS DE VIDEO, COMIDA, MAQUILLAJE O CUALQUIER OTRO ELEMENTO DISTRACTOR).",ESTRELLAMIENTOS,CAMION,0,0,0,2,0,0,0,0,0,0,0,0,0,2,35,HOMBRE,LESIONADO,CONDUCTOR PRESENTE,NO,NO,3
31964,134743,134744,2022,0,0,-0.215639,-78.455824,PICHINCHA,QUITO,CUMBAYA,RURAL,2022-10-19,04:50:00,4,MIERCOLES,3,OCTUBRE,10,NO,"CONDICIONES AMBIENTALES Y/O ATMOSFERICAS (NIEBLA, NEBLINA, GRANIZO, LLUVIA).",ESTRELLAMIENTOS,AUTOMOVIL,1,0,0,0,0,0,0,0,0,0,0,0,0,1,33,MUJER,ILESO,CONDUCTOR PRESENTE,NO,NO,3
31965,134744,134745,2022,2,0,-0.215639,-78.455824,PICHINCHA,QUITO,CUMBAYA,RURAL,2022-10-19,05:05:00,5,MIERCOLES,3,OCTUBRE,10,NO,"CONDICIONES AMBIENTALES Y/O ATMOSFERICAS (NIEBLA, NEBLINA, GRANIZO, LLUVIA).",ESTRELLAMIENTOS,CAMION,1,0,0,2,0,0,0,0,0,0,0,0,0,3,20,HOMBRE,LESIONADO,PASAJERO,NO,NO,3