,Unnamed: 0,ID,ANIO,LESIONADOS,FALLECIDOS,LATITUD_Y,LONGITUD_X,PROVINCIA,CANTON,PARROQUIA,ZONA,FECHA,HORA,PERIODO_2,DIA_1,DIA_2,MES_1,MES_2,FERIADO,CAUSA_PROBABLE,TIPO_DE_SINIESTRO,TIPO_DE_VEHICULO_1,AUTOMOVIL,BICICLETA,BUS,CAMION,CAMIONETA,EMERGENCIAS,ESPECIAL,FURGONETA,MOTOCICLETA,NO_IDENTIFICADO,SCOOTER_ELECTRICO,TRICIMOTO,VEHICULO_DEPORTIVO_UTILITARIO,SUMA_DE_VEHICULOS,EDAD_1,SEXO_1,CONDICION_1,PARTICIPANTE_1,CASCO_1,CINTURON_1,KMeans_Cluster
31966,134748,134749,2022,0,1,-0.244167,-78.482281,PICHINCHA,QUITO,QUITO,URBANA,2022-10-19,06:50:00,6,MIERCOLES,3,OCTUBRE,10,NO,NO CEDER EL DERECHO DE VIA O PREFERENCIA DE PASO A VEHICULOS.,ATROPELLOS,NO IDENTIFICADO,0,0,0,0,0,0,0,0,0,1,0,0,0,1,45,HOMBRE,FALLECIDO,PEATON,NO,NO,1
31967,134750,134751,2022,0,0,-0.195874,-78.494887,PICHINCHA,QUITO,QUITO,URBANA,2022-10-19,07:00:00,7,MIERCOLES,3,OCTUBRE,10,NO,"CONDICIONES AMBIENTALES Y/O ATMOSFERICAS (NIEBLA, NEBLINA, GRANIZO, LLUVIA).",CHOQUE LATERAL,AUTOMOVIL,2,0,0,0,0,0,0,0,0,0,0,0,0,2,51,MUJER,ILESO,CONDUCTOR PRESENTE,NO,NO,1
31968,134751,134752,2022,1,0,-0.325387,-78.550392,PICHINCHA,QUITO,QUITO,URBANA,2022-10-19,07:05:00,7,MIERCOLES,3,OCTUBRE,10,NO,PEATON QUE CRUZA LA CALZADA SIN RESPETAR LA SENIALIZACION EXISTENTE (SEMAFOROS O SENIALES MANUALES).,ATROPELLOS,BUS,0,0,1,0,0,0,0,0,0,0,0,0,0,1,15,HOMBRE,LESIONADO,PEATON,NO,NO,1
31969,134752,134753,2022,1,0,-0.276202,-78.552471,PICHINCHA,QUITO,QUITO,URBANA,2022-10-19,07:23:00,7,MIERCOLES,3,OCTUBRE,10,NO,"CONDICIONES AMBIENTALES Y/O ATMOSFERICAS (NIEBLA, NEBLINA, GRANIZO, LLUVIA).",ATROPELLOS,BUS,0,0,1,0,0,0,0,0,0,0,0,0,0,1,18,MUJER,LESIONADO,PEATON,NO,NO,1
31970,134760,134761,2022,0,1,-0.202081,-78.501192,PICHINCHA,QUITO,QUITO,URBANA,2022-10-19,09:50:00,9,MIERCOLES,3,OCTUBRE,10,NO,NO TRANSITAR POR LAS ACERAS O ZONAS DE SEGURIDAD DESTINADAS PARA EL EFECTO.,ATROPELLOS,BUS,0,0,1,0,0,0,0,0,0,0,0,0,0,1,21,MUJER,FALLECIDO,PEATON,NO,NO,1
31971,134779,134780,2022,3,0,-0.163812,-78.495471,PICHINCHA,QUITO,QUITO,URBANA,2022-10-19,16:20:00,16,MIERCOLES,3,OCTUBRE,10,NO,"CONDUCE BAJO LA INFLUENCIA DE ALCOHOL, SUSTANCIAS ESTUPEFACIENTES O PSICOTROPICAS Y/O MEDICAMENTOS.",CHOQUE FRONTAL,AUTOMOVIL,2,0,0,0,0,0,0,0,0,0,0,0,0,2,38,HOMBRE,LESIONADO,CONDUCTOR PRESENTE,NO,NO,1
31972,134790,134791,2022,0,0,-0.214503,-78.339611,PICHINCHA,QUITO,PIFO,RURAL,2022-10-19,21:00:00,21,MIERCOLES,3,OCTUBRE,10,NO,"CONDICIONES AMBIENTALES Y/O ATMOSFERICAS (NIEBLA, NEBLINA, GRANIZO, LLUVIA).",ESTRELLAMIENTOS,NO IDENTIFICADO,0,0,0,0,0,0,0,0,0,1,0,0,0,1,-1,NO IDENTIFICADO,NO IDENTIFICADO,CONDUCTOR AUSENTE,NO,NO,2
31973,134794,134795,2022,0,1,-0.082891,-78.292949,PICHINCHA,CAYAMBE,ASCAZUBI,RURAL,2022-10-20,00:15:00,0,JUEVES,4,OCTUBRE,10,NO,"CONDUCIR EN ESTADO DE SOMNOLENCIA O MALAS CONDICIONES FISICAS (SUENIO, CANSANCIO Y FATIGA).",PERDIDA DE CARRIL,CAMIONETA,0,0,0,0,1,0,0,0,0,0,0,0,0,1,26,HOMBRE,FALLECIDO,CONDUCTOR PRESENTE,NO,SI,3
31974,134801,134802,2022,3,0,-0.303183,-78.547916,PICHINCHA,QUITO,QUITO,URBANA,2022-10-20,05:00:00,5,JUEVES,4,OCTUBRE,10,NO,NO CEDER EL DERECHO DE VIA O PREFERENCIA DE PASO A VEHICULOS.,CHOQUE LATERAL,BUS,1,0,1,0,0,0,0,0,0,0,0,0,0,2,21,HOMBRE,LESIONADO,PASAJERO,NO,NO,1
31975,134804,134805,2022,1,0,-0.250163,-78.516971,PICHINCHA,QUITO,QUITO,URBANA,2022-10-20,07:20:00,7,JUEVES,4,OCTUBRE,10,NO,NO TRANSITAR POR LAS ACERAS O ZONAS DE SEGURIDAD DESTINADAS PARA EL EFECTO.,ATROPELLOS,MOTOCICLETA,0,0,0,0,0,0,0,0,1,0,0,0,0,1,16,MUJER,LESIONADO,PEATON,NO,NO,1
31976,134805,134806,2022,1,0,-0.187925,-78.493263,PICHINCHA,QUITO,QUITO,URBANA,2022-10-20,07:25:00,7,JUEVES,4,OCTUBRE,10,NO,"NO RESPETAR LAS SENIALES REGLAMENTARIAS DE TRANSITO. (PARE, CEDA EL PASO, LUZ ROJA DEL SEMAFORO, ETC).",CHOQUE LATERAL,MOTOCICLETA,1,0,0,0,0,0,0,0,1,0,0,0,0,2,20,HOMBRE,LESIONADO,CONDUCTOR PRESENTE,NO,NO,1
31977,134820,134821,2022,1,0,-0.311426,-78.541725,PICHINCHA,QUITO,QUITO,URBANA,2022-10-20,12:25:00,12,JUEVES,4,OCTUBRE,10,NO,REALIZAR CAMBIO BRUSCO O INDEBIDO DE CARRIL.,ATROPELLOS,AUTOMOVIL,2,0,0,0,0,0,0,0,0,0,0,0,0,2,39,HOMBRE,LESIONADO,PEATON,NO,NO,1
31978,134841,134842,2022,0,0,-0.256147,-78.502149,PICHINCHA,QUITO,QUITO,URBANA,2022-10-20,19:45:00,19,JUEVES,4,OCTUBRE,10,NO,CONDUCIR VEHICULO SUPERANDO LOS LIMITES MAXIMOS DE VELOCIDAD.,CHOQUE FRONTAL,FURGONETA,0,0,0,0,1,0,0,1,0,0,0,0,0,2,69,HOMBRE,ILESO,CONDUCTOR PRESENTE,NO,NO,1
31979,134853,134854,2022,0,0,-0.333687,-78.571958,PICHINCHA,QUITO,QUITO,URBANA,2022-10-21,05:20:00,5,VIERNES,5,OCTUBRE,10,NO,CONDUCIR VEHICULO SUPERANDO LOS LIMITES MAXIMOS DE VELOCIDAD.,ESTRELLAMIENTOS,CAMION,0,0,0,1,0,0,0,0,0,0,0,0,0,1,-1,NO IDENTIFICADO,NO IDENTIFICADO,CONDUCTOR AUSENTE,NO,NO,2
31980,134854,134855,2022,0,0,-0.331958,-78.555001,PICHINCHA,QUITO,QUITO,URBANA,2022-10-21,06:00:00,6,VIERNES,5,OCTUBRE,10,NO,CONDUCIR VEHICULO SUPERANDO LOS LIMITES MAXIMOS DE VELOCIDAD.,OTROS,AUTOMOVIL,1,0,0,0,0,0,0,0,0,0,0,0,0,1,-1,NO IDENTIFICADO,NO IDENTIFICADO,CONDUCTOR AUSENTE,NO,NO,2
31981,134857,134858,2022,0,0,-0.144002,-78.467436,PICHINCHA,QUITO,QUITO,URBANA,2022-10-21,07:13:00,7,VIERNES,5,OCTUBRE,10,NO,"NO RESPETAR LAS SENIALES REGLAMENTARIAS DE TRANSITO. (PARE, CEDA EL PASO, LUZ ROJA DEL SEMAFORO, ETC).",CHOQUE LATERAL,AUTOMOVIL,2,0,0,0,0,0,0,0,0,0,0,0,0,2,45,MUJER,ILESO,CONDUCTOR PRESENTE,NO,NO,1
31982,134864,134865,2022,1,0,0.005394,-78.450282,PICHINCHA,QUITO,SAN ANTONIO (QUITO),RURAL,2022-10-21,09:05:00,9,VIERNES,5,OCTUBRE,10,NO,"NO RESPETAR LAS SENIALES REGLAMENTARIAS DE TRANSITO. (PARE, CEDA EL PASO, LUZ ROJA DEL SEMAFORO, ETC).",CHOQUE LATERAL,MOTOCICLETA,1,0,0,0,0,0,0,0,1,0,0,0,0,2,31,HOMBRE,LESIONADO,CONDUCTOR PRESENTE,SI,NO,3
31983,134867,134868,2022,0,0,-0.280114,-78.456486,PICHINCHA,QUITO,CONOCOTO,RURAL,2022-10-21,10:00:00,10,VIERNES,5,OCTUBRE,10,NO,REALIZAR CAMBIO BRUSCO O INDEBIDO DE CARRIL.,CHOQUE LATERAL,CAMIONETA,1,0,0,0,1,0,0,0,0,0,0,0,0,2,61,HOMBRE,ILESO,CONDUCTOR PRESENTE,NO,NO,3
31984,134872,134873,2022,1,0,-0.239313,-78.532132,PICHINCHA,QUITO,QUITO,URBANA,2022-10-21,12:00:00,12,VIERNES,5,OCTUBRE,10,NO,NO CEDER EL DERECHO DE VIA O PREFERENCIA DE PASO A VEHICULOS.,CHOQUE LATERAL,BICICLETA,1,1,0,0,0,0,0,0,0,0,0,0,0,2,53,HOMBRE,LESIONADO,CONDUCTOR PRESENTE,NO,NO,1
31985,134883,134884,2022,2,0,-0.156857,-78.488301,PICHINCHA,QUITO,QUITO,URBANA,2022-10-21,17:30:00,17,VIERNES,5,OCTUBRE,10,NO,NO CEDER EL DERECHO DE VIA O PREFERENCIA DE PASO AL PEATON.,ATROPELLOS,MOTOCICLETA,0,0,0,0,0,0,0,0,1,0,0,0,0,1,40,HOMBRE,LESIONADO,CONDUCTOR PRESENTE,NO,NO,1
31986,134884,134885,2022,0,0,-0.242371,-78.485425,PICHINCHA,QUITO,QUITO,URBANA,2022-10-21,17:40:00,17,VIERNES,5,OCTUBRE,10,NO,CONDUCIR VEHICULO SUPERANDO LOS LIMITES MAXIMOS DE VELOCIDAD.,ESTRELLAMIENTOS,CAMION,1,0,0,1,1,0,0,0,0,0,0,0,0,3,-1,NO IDENTIFICADO,NO IDENTIFICADO,CONDUCTOR AUSENTE,NO,NO,2
31987,134893,134894,2022,0,0,-0.091104,-78.437541,PICHINCHA,QUITO,CALDERON (CARAPUNGO),RURAL,2022-10-21,20:30:00,20,VIERNES,5,OCTUBRE,10,NO,CONDUCIR VEHICULO SUPERANDO LOS LIMITES MAXIMOS DE VELOCIDAD.,OTROS,BUS,0,0,1,0,0,0,0,0,0,0,0,0,0,1,-1,NO IDENTIFICADO,NO IDENTIFICADO,CONDUCTOR AUSENTE,NO,NO,2
31988,134900,134901,2022,0,0,-0.256317,-78.552161,PICHINCHA,QUITO,QUITO,URBANA,2022-10-21,21:50:00,21,VIERNES,5,OCTUBRE,10,NO,CONDUCIR VEHICULO SUPERANDO LOS LIMITES MAXIMOS DE VELOCIDAD.,CHOQUE FRONTAL,AUTOMOVIL,2,0,0,0,0,0,0,0,0,0,0,0,0,2,30,HOMBRE,ILESO,CONDUCTOR PRESENTE,NO,NO,1
31989,134914,134915,2022,0,1,-0.345273,-78.449561,PICHINCHA,RUMINIAHUI,SANGOLQUI,RURAL,2022-10-22,03:35:00,3,SABADO,6,OCTUBRE,10,NO,CONDUCIR VEHICULO SUPERANDO LOS LIMITES MAXIMOS DE VELOCIDAD.,ATROPELLOS,NO IDENTIFICADO,0,0,0,0,0,0,0,0,0,1,0,0,0,1,55,HOMBRE,FALLECIDO,PEATON,NO,SI,3
31990,134915,134916,2022,0,0,-0.169138,-78.488047,PICHINCHA,QUITO,QUITO,URBANA,2022-10-22,04:20:00,4,SABADO,6,OCTUBRE,10,NO,"CONDICIONES AMBIENTALES Y/O ATMOSFERICAS (NIEBLA, NEBLINA, GRANIZO, LLUVIA).",PERDIDA DE CARRIL,AUTOMOVIL,1,0,0,0,0,0,0,0,0,0,0,0,0,1,33,MUJER,ILESO,CONDUCTOR PRESENTE,NO,NO,1
31991,134918,134919,2022,0,0,-0.173079,-78.471309,PICHINCHA,QUITO,QUITO,URBANA,2022-10-22,05:20:00,5,SABADO,6,OCTUBRE,10,NO,CONDUCIR VEHICULO SUPERANDO LOS LIMITES MAXIMOS DE VELOCIDAD.,ESTRELLAMIENTOS,AUTOMOVIL,1,0,0,0,0,0,0,0,0,0,0,0,0,1,-1,NO IDENTIFICADO,NO IDENTIFICADO,CONDUCTOR AUSENTE,NO,NO,2
31992,134919,134920,2022,0,0,-0.148367,-78.498311,PICHINCHA,QUITO,QUITO,URBANA,2022-10-22,05:20:00,5,SABADO,6,OCTUBRE,10,NO,"FALLA MECANICA EN LOS SISTEMAS Y/O NEUMATICOS (SISTEMA DE FRENOS, DIRECCION, ELECTRONICO O MECANICO).",ESTRELLAMIENTOS,BUS,0,0,1,0,0,0,0,0,0,0,0,0,0,1,58,HOMBRE,ILESO,CONDUCTOR PRESENTE,NO,NO,1
31993,134937,134938,2022,0,0,-0.197963,-78.466477,PICHINCHA,QUITO,QUITO,URBANA,2022-10-22,11:35:00,11,SABADO,6,OCTUBRE,10,NO,CONDUCIR VEHICULO SUPERANDO LOS LIMITES MAXIMOS DE VELOCIDAD.,COLISION,AUTOMOVIL,2,0,0,0,0,0,0,0,0,1,0,0,0,3,58,HOMBRE,ILESO,CONDUCTOR PRESENTE,NO,NO,1
31994,134938,134939,2022,0,1,-0.245926,-78.519635,PICHINCHA,QUITO,QUITO,URBANA,2022-10-22,11:55:00,11,SABADO,6,OCTUBRE,10,NO,"CONDUCIR DESATENTO A LAS CONDICIONES DE TRANSITO (CELULAR, PANTALLAS DE VIDEO, COMIDA, MAQUILLAJE O CUALQUIER OTRO ELEMENTO DISTRACTOR).",ARROLLAMIENTOS,BUS,0,0,1,0,0,0,0,0,0,0,0,0,0,1,77,MUJER,FALLECIDO,PEATON,NO,NO,1
31995,134960,134961,2022,1,0,-0.261962,-78.522485,PICHINCHA,QUITO,QUITO,URBANA,2022-10-22,17:04:00,17,SABADO,6,OCTUBRE,10,NO,"NO RESPETAR LAS SENIALES REGLAMENTARIAS DE TRANSITO. (PARE, CEDA EL PASO, LUZ ROJA DEL SEMAFORO, ETC).",CHOQUE LATERAL,MOTOCICLETA,1,0,0,0,0,0,0,0,1,0,0,0,0,2,27,HOMBRE,LESIONADO,CONDUCTOR PRESENTE,NO,NO,1
31996,134976,134977,2022,3,0,-0.224519,-78.407169,PICHINCHA,QUITO,TUMBACO,RURAL,2022-10-22,22:40:00,22,SABADO,6,OCTUBRE,10,NO,"NO RESPETAR LAS SENIALES REGLAMENTARIAS DE TRANSITO. (PARE, CEDA EL PASO, LUZ ROJA DEL SEMAFORO, ETC).",CHOQUE LATERAL,AUTOMOVIL,2,0,0,0,0,0,0,0,0,0,0,0,0,2,4,HOMBRE,LESIONADO,PASAJERO,NO,NO,3
31997,134980,134981,2022,2,0,-0.111773,-78.478816,PICHINCHA,QUITO,QUITO,URBANA,2022-10-23,00:10:00,0,DOMINGO,7,OCTUBRE,10,NO,CONDUCIR VEHICULO SUPERANDO LOS LIMITES MAXIMOS DE VELOCIDAD.,ESTRELLAMIENTOS,AUTOMOVIL,1,0,0,0,0,0,0,0,0,0,0,0,0,1,25,HOMBRE,LESIONADO,PASAJERO,NO,NO,1
31998,134982,134983,2022,1,0,-0.305633,-78.563295,PICHINCHA,QUITO,QUITO,URBANA,2022-10-23,01:10:00,1,DOMINGO,7,OCTUBRE,10,NO,CONDUCIR VEHICULO SUPERANDO LOS LIMITES MAXIMOS DE VELOCIDAD.,PERDIDA DE CARRIL,MOTOCICLETA,0,0,0,0,0,0,0,0,1,0,0,0,0,1,22,HOMBRE,LESIONADO,CONDUCTOR PRESENTE,NO,NO,1
31999,134986,134987,2022,0,0,-0.219279,-78.520447,PICHINCHA,QUITO,QUITO,URBANA,2022-10-23,02:25:00,2,DOMINGO,7,OCTUBRE,10,NO,CONDUCIR VEHICULO SUPERANDO LOS LIMITES MAXIMOS DE VELOCIDAD.,OTROS,AUTOMOVIL,1,0,0,0,0,0,0,0,0,0,0,0,0,1,-1,NO IDENTIFICADO,NO IDENTIFICADO,CONDUCTOR AUSENTE,NO,NO,2
32000,135002,135003,2022,0,0,-0.081841,-78.414986,PICHINCHA,QUITO,CALDERON (CARAPUNGO),RURAL,2022-10-23,05:30:00,5,DOMINGO,7,OCTUBRE,10,NO,"NO RESPETAR LAS SENIALES REGLAMENTARIAS DE TRANSITO. (PARE, CEDA EL PASO, LUZ ROJA DEL SEMAFORO, ETC).",CHOQUE FRONTAL,AUTOMOVIL,2,0,0,0,0,0,0,0,0,0,0,0,0,2,-1,NO IDENTIFICADO,NO IDENTIFICADO,CONDUCTOR AUSENTE,NO,NO,2
32001,135004,135005,2022,0,0,-0.240104,-78.531294,PICHINCHA,QUITO,QUITO,URBANA,2022-10-23,06:00:00,6,DOMINGO,7,OCTUBRE,10,NO,"CONDUCE BAJO LA INFLUENCIA DE ALCOHOL, SUSTANCIAS ESTUPEFACIENTES O PSICOTROPICAS Y/O MEDICAMENTOS.",CHOQUE POSTERIOR,CAMION,0,0,0,1,1,0,0,0,0,0,0,0,0,2,32,HOMBRE,ILESO,CONDUCTOR PRESENTE,NO,NO,1
32002,135012,135013,2022,1,0,0.041221,-78.405265,PICHINCHA,QUITO,PUELLARO,RURAL,2022-10-23,09:25:00,9,DOMINGO,7,OCTUBRE,10,NO,"NO RESPETAR LAS SENIALES REGLAMENTARIAS DE TRANSITO. (PARE, CEDA EL PASO, LUZ ROJA DEL SEMAFORO, ETC).",CHOQUE LATERAL,MOTOCICLETA,0,0,0,0,1,0,0,0,1,0,0,0,0,2,47,HOMBRE,LESIONADO,CONDUCTOR PRESENTE,NO,NO,3
32003,135021,135022,2022,0,0,-0.250815,-78.517969,PICHINCHA,QUITO,QUITO,URBANA,2022-10-23,11:55:00,11,DOMINGO,7,OCTUBRE,10,NO,CONDUCIR VEHICULO SUPERANDO LOS LIMITES MAXIMOS DE VELOCIDAD.,CHOQUE LATERAL,MOTOCICLETA,1,0,0,0,0,0,0,0,1,0,0,0,0,2,26,HOMBRE,ILESO,CONDUCTOR PRESENTE,NO,NO,1
32004,135022,135023,2022,3,0,-0.451861,-78.683806,PICHINCHA,MEJIA,ALOAG,RURAL,2022-10-23,12:27:00,12,DOMINGO,7,OCTUBRE,10,NO,CONDUCIR EN SENTIDO CONTRARIO A LA VIA NORMAL DE CIRCULACION.,CHOQUE FRONTAL,CAMIONETA,1,0,0,0,1,0,0,0,0,0,0,0,0,2,57,MUJER,LESIONADO,PASAJERO,NO,NO,3
32005,135027,135028,2022,0,0,-0.155556,-78.487451,PICHINCHA,QUITO,QUITO,URBANA,2022-10-23,14:00:00,14,DOMINGO,7,OCTUBRE,10,NO,NO GUARDAR LA DISTANCIA LATERAL MINIMA DE SEGURIDAD ENTRE VEHICULOS.,ROZAMIENTOS,FURGONETA,1,0,0,0,0,0,0,1,0,0,0,0,0,2,23,HOMBRE,ILESO,CONDUCTOR PRESENTE,NO,NO,1
32006,135030,135031,2022,0,0,-0.225107,-78.512858,PICHINCHA,QUITO,QUITO,URBANA,2022-10-23,14:55:00,14,DOMINGO,7,OCTUBRE,10,NO,NO CEDER EL DERECHO DE VIA O PREFERENCIA DE PASO A VEHICULOS.,CHOQUE LATERAL,MOTOCICLETA,1,0,0,0,0,0,0,0,1,0,0,0,0,2,57,HOMBRE,ILESO,CONDUCTOR PRESENTE,NO,NO,1
32007,135039,135040,2022,1,0,-0.349167,-78.854722,PICHINCHA,MEJIA,MANUEL CORNEJO ASTORGA,RURAL,2022-10-23,18:30:00,18,DOMINGO,7,OCTUBRE,10,NO,"CONDUCIR DESATENTO A LAS CONDICIONES DE TRANSITO (CELULAR, PANTALLAS DE VIDEO, COMIDA, MAQUILLAJE O CUALQUIER OTRO ELEMENTO DISTRACTOR).",PERDIDA DE CARRIL,MOTOCICLETA,0,0,0,0,0,0,0,0,1,0,0,0,0,1,-1,HOMBRE,LESIONADO,PASAJERO,NO,NO,3
32008,135046,135047,2022,2,0,-0.294726,-78.567011,PICHINCHA,QUITO,QUITO,URBANA,2022-10-23,19:00:00,19,DOMINGO,7,OCTUBRE,10,NO,"CONDUCIR DESATENTO A LAS CONDICIONES DE TRANSITO (CELULAR, PANTALLAS DE VIDEO, COMIDA, MAQUILLAJE O CUALQUIER OTRO ELEMENTO DISTRACTOR).",CHOQUE LATERAL,MOTOCICLETA,0,0,0,0,0,0,0,0,2,0,0,0,0,2,23,MUJER,LESIONADO,PASAJERO,NO,NO,1
32009,135061,135062,2022,1,0,-0.219045,-78.389102,PICHINCHA,QUITO,TUMBACO,RURAL,2022-10-23,22:00:00,22,DOMINGO,7,OCTUBRE,10,NO,CONDUCIR VEHICULO SUPERANDO LOS LIMITES MAXIMOS DE VELOCIDAD.,ESTRELLAMIENTOS,AUTOMOVIL,1,0,0,0,0,0,0,0,0,0,0,0,0,1,25,MUJER,LESIONADO,PASAJERO,NO,NO,3
32010,135062,135063,2022,3,0,-0.282874,-78.544182,PICHINCHA,QUITO,QUITO,URBANA,2022-10-23,22:00:00,22,DOMINGO,7,OCTUBRE,10,NO,"NO RESPETAR LAS SENIALES REGLAMENTARIAS DE TRANSITO. (PARE, CEDA EL PASO, LUZ ROJA DEL SEMAFORO, ETC).",CHOQUE LATERAL,AUTOMOVIL,2,0,0,0,0,0,0,0,0,0,0,0,0,2,1,HOMBRE,LESIONADO,PASAJERO,NO,NO,1
32011,135064,135065,2022,0,2,-0.391241,-78.542351,PICHINCHA,MEJIA,CUTUGLAHUA,RURAL,2022-10-23,22:10:00,22,DOMINGO,7,OCTUBRE,10,NO,"CONDUCIR DESATENTO A LAS CONDICIONES DE TRANSITO (CELULAR, PANTALLAS DE VIDEO, COMIDA, MAQUILLAJE O CUALQUIER OTRO ELEMENTO DISTRACTOR).",OTROS,MOTOCICLETA,0,0,0,0,0,0,0,0,1,0,0,0,0,1,27,HOMBRE,FALLECIDO,CONDUCTOR PRESENTE,NO,SI,3
32012,135067,135068,2022,0,0,-0.119734,-78.440681,PICHINCHA,QUITO,CALDERON (CARAPUNGO),RURAL,2022-10-24,01:20:00,1,LUNES,1,OCTUBRE,10,NO,CONDUCIR VEHICULO SUPERANDO LOS LIMITES MAXIMOS DE VELOCIDAD.,OTROS,AUTOMOVIL,1,0,0,0,0,0,0,0,0,0,0,0,0,1,-1,NO IDENTIFICADO,NO IDENTIFICADO,CONDUCTOR AUSENTE,NO,NO,2
32013,135070,135071,2022,0,1,-0.280315,-78.556651,PICHINCHA,QUITO,QUITO,URBANA,2022-10-24,06:30:00,6,LUNES,1,OCTUBRE,10,NO,PEATON QUE CRUZA LA CALZADA SIN RESPETAR LA SENIALIZACION EXISTENTE (SEMAFOROS O SENIALES MANUALES).,ATROPELLOS,FURGONETA,0,0,0,0,0,0,0,1,0,0,0,0,0,1,77,HOMBRE,FALLECIDO,PEATON,NO,NO,1
32014,135071,135072,2022,2,0,-0.072154,-78.467772,PICHINCHA,QUITO,POMASQUI,RURAL,2022-10-24,06:50:00,6,LUNES,1,OCTUBRE,10,NO,"CONDICIONES AMBIENTALES Y/O ATMOSFERICAS (NIEBLA, NEBLINA, GRANIZO, LLUVIA).",ESTRELLAMIENTOS,AUTOMOVIL,1,0,0,0,0,0,0,0,0,0,0,0,0,1,5,MUJER,LESIONADO,PASAJERO,NO,NO,3
32015,135073,135074,2022,1,0,-0.110587,-78.461033,PICHINCHA,QUITO,QUITO,URBANA,2022-10-24,08:10:00,8,LUNES,1,OCTUBRE,10,NO,DEJAR O RECOGER PASAJEROS EN LUGARES NO PERMITIDOS.,CAIDA DE PASAJERO,BUS,0,0,1,0,0,0,0,0,0,0,0,0,0,1,49,HOMBRE,LESIONADO,PASAJERO,NO,NO,1
32016,135082,135083,2022,0,0,-0.315382,-78.548662,PICHINCHA,QUITO,QUITO,URBANA,2022-10-24,14:30:00,14,LUNES,1,OCTUBRE,10,NO,"CONDICIONES AMBIENTALES Y/O ATMOSFERICAS (NIEBLA, NEBLINA, GRANIZO, LLUVIA).",CHOQUE POSTERIOR,AUTOMOVIL,2,0,0,0,0,0,0,0,0,0,0,0,0,2,43,HOMBRE,ILESO,CONDUCTOR PRESENTE,NO,NO,1
32017,135086,135087,2022,1,1,-0.022268,-78.261176,PICHINCHA,CAYAMBE,OTON,RURAL,2022-10-24,15:15:00,15,LUNES,1,OCTUBRE,10,NO,"CASO FORTUITO O FUERZA MAYOR (EXPLOSION DE NEUMATICO NUEVO, DERRUMBE, INUNDACION, CAIDA DE PUENTE, ARBOL, PRESENCIA INTEMPESTIVA E IMPREVISTA DE SEMOVIENTES EN LA VIA, ETC.).",ESTRELLAMIENTOS,MOTOCICLETA,0,0,0,0,0,0,0,0,1,0,0,0,0,1,13,HOMBRE,FALLECIDO,PASAJERO,NO,SI,3
32018,135087,135088,2022,0,0,-0.086663,-78.425584,PICHINCHA,QUITO,CALDERON (CARAPUNGO),RURAL,2022-10-24,16:30:00,16,LUNES,1,OCTUBRE,10,NO,"NO RESPETAR LAS SENIALES REGLAMENTARIAS DE TRANSITO. (PARE, CEDA EL PASO, LUZ ROJA DEL SEMAFORO, ETC).",CHOQUE LATERAL,AUTOMOVIL,2,0,0,0,0,0,0,0,0,0,0,0,0,2,44,HOMBRE,ILESO,CONDUCTOR PRESENTE,NO,NO,3
32019,135108,135109,2022,2,0,-0.004286,-78.444455,PICHINCHA,QUITO,SAN ANTONIO (QUITO),RURAL,2022-10-25,07:45:00,7,MARTES,2,OCTUBRE,10,NO,"NO RESPETAR LAS SENIALES REGLAMENTARIAS DE TRANSITO. (PARE, CEDA EL PASO, LUZ ROJA DEL SEMAFORO, ETC).",CHOQUE LATERAL,AUTOMOVIL,2,0,0,0,0,0,0,0,0,0,0,0,0,2,19,MUJER,LESIONADO,PASAJERO,NO,NO,3
32020,135113,135114,2022,0,1,0.175114,-78.695694,PICHINCHA,QUITO,NANEGAL,RURAL,2022-10-25,10:20:00,10,MARTES,2,OCTUBRE,10,NO,MALAS CONDICIONES DE LA VIA Y/O CONFIGURACION. (ILUMINACION Y DISENIO).,VOLCAMIENTOS,CAMIONETA,0,0,0,0,1,0,0,0,0,0,0,0,0,1,51,HOMBRE,FALLECIDO,CONDUCTOR PRESENTE,NO,NO,3
32021,135124,135125,2022,1,0,-0.330802,-78.519241,PICHINCHA,QUITO,QUITO,URBANA,2022-10-25,14:40:00,14,MARTES,2,OCTUBRE,10,NO,CONDUCIR VEHICULO SUPERANDO LOS LIMITES MAXIMOS DE VELOCIDAD.,ESTRELLAMIENTOS,CAMION,0,0,0,1,0,0,0,0,0,0,0,0,0,1,24,HOMBRE,LESIONADO,PASAJERO,NO,NO,1
32022,135145,135146,2022,1,0,-0.418488,-78.550289,PICHINCHA,MEJIA,TAMBILLO (MEJIA),RURAL,2022-10-25,19:30:00,19,MARTES,2,OCTUBRE,10,NO,"CONDUCIR DESATENTO A LAS CONDICIONES DE TRANSITO (CELULAR, PANTALLAS DE VIDEO, COMIDA, MAQUILLAJE O CUALQUIER OTRO ELEMENTO DISTRACTOR).",CHOQUE POSTERIOR,VEHICULO DEPORTIVO UTILITARIO,1,0,0,0,0,0,0,0,0,0,0,0,1,2,51,HOMBRE,LESIONADO,CONDUCTOR PRESENTE,NO,SI,3