,Unnamed: 0,ID,ANIO,LESIONADOS,FALLECIDOS,LATITUD_Y,LONGITUD_X,PROVINCIA,CANTON,PARROQUIA,ZONA,FECHA,HORA,PERIODO_2,DIA_1,DIA_2,MES_1,MES_2,FERIADO,CAUSA_PROBABLE,TIPO_DE_SINIESTRO,TIPO_DE_VEHICULO_1,AUTOMOVIL,BICICLETA,BUS,CAMION,CAMIONETA,EMERGENCIAS,ESPECIAL,FURGONETA,MOTOCICLETA,NO_IDENTIFICADO,SCOOTER_ELECTRICO,TRICIMOTO,VEHICULO_DEPORTIVO_UTILITARIO,SUMA_DE_VEHICULOS,EDAD_1,SEXO_1,CONDICION_1,PARTICIPANTE_1,CASCO_1,CINTURON_1,KMeans_Cluster
32023,135153,135154,2022,0,0,-0.270588,-78.528521,PICHINCHA,QUITO,QUITO,URBANA,2022-10-25,23:05:00,23,MARTES,2,OCTUBRE,10,NO,NO GUARDAR LA DISTANCIA LATERAL MINIMA DE SEGURIDAD ENTRE VEHICULOS.,CHOQUE LATERAL,AUTOMOVIL,2,0,0,0,0,0,0,0,0,0,0,0,0,2,41,HOMBRE,ILESO,CONDUCTOR PRESENTE,NO,NO,1
32024,135155,135156,2022,0,0,-0.143475,-78.496265,PICHINCHA,QUITO,QUITO,URBANA,2022-10-26,02:40:00,2,MIERCOLES,3,OCTUBRE,10,NO,"NO RESPETAR LAS SENIALES REGLAMENTARIAS DE TRANSITO. (PARE, CEDA EL PASO, LUZ ROJA DEL SEMAFORO, ETC).",CHOQUE LATERAL,AUTOMOVIL,2,0,0,0,0,0,0,0,0,0,0,0,0,2,38,HOMBRE,ILESO,CONDUCTOR PRESENTE,NO,NO,1
32025,135169,135170,2022,0,0,-0.212941,-78.491986,PICHINCHA,QUITO,QUITO,URBANA,2022-10-26,13:10:00,13,MIERCOLES,3,OCTUBRE,10,NO,"CONDICIONES AMBIENTALES Y/O ATMOSFERICAS (NIEBLA, NEBLINA, GRANIZO, LLUVIA).",ROZAMIENTOS,CAMION,1,0,0,1,0,0,0,0,0,0,0,0,0,2,74,HOMBRE,ILESO,CONDUCTOR PRESENTE,NO,NO,1
32026,135172,135173,2022,0,0,-0.111767,-78.478901,PICHINCHA,QUITO,QUITO,URBANA,2022-10-26,14:00:00,14,MIERCOLES,3,OCTUBRE,10,NO,"FALLA MECANICA EN LOS SISTEMAS Y/O NEUMATICOS (SISTEMA DE FRENOS, DIRECCION, ELECTRONICO O MECANICO).",CHOQUE LATERAL,AUTOMOVIL,2,0,0,0,0,0,0,0,0,0,0,0,0,2,37,HOMBRE,ILESO,CONDUCTOR PRESENTE,NO,NO,1
32027,135176,135177,2022,1,0,-0.168325,-78.472949,PICHINCHA,QUITO,QUITO,URBANA,2022-10-26,15:50:00,15,MIERCOLES,3,OCTUBRE,10,NO,CONDUCIR VEHICULO SUPERANDO LOS LIMITES MAXIMOS DE VELOCIDAD.,CHOQUE LATERAL,MOTOCICLETA,1,0,0,0,0,0,0,0,1,0,0,0,0,2,45,HOMBRE,LESIONADO,CONDUCTOR PRESENTE,NO,NO,1
32028,135178,135179,2022,1,0,-0.310159,-78.558835,PICHINCHA,QUITO,QUITO,URBANA,2022-10-26,16:00:00,16,MIERCOLES,3,OCTUBRE,10,NO,CONDUCIR EN SENTIDO CONTRARIO A LA VIA NORMAL DE CIRCULACION.,CHOQUE LATERAL,MOTOCICLETA,1,0,0,0,0,0,0,0,1,0,0,0,0,2,48,HOMBRE,LESIONADO,CONDUCTOR PRESENTE,NO,NO,1
32029,135186,135187,2022,1,0,-0.187963,-78.491906,PICHINCHA,QUITO,QUITO,URBANA,2022-10-26,19:45:00,19,MIERCOLES,3,OCTUBRE,10,NO,"CONDICIONES AMBIENTALES Y/O ATMOSFERICAS (NIEBLA, NEBLINA, GRANIZO, LLUVIA).",OTROS,CAMION,0,0,0,1,0,0,1,0,0,0,0,0,0,2,22,HOMBRE,LESIONADO,PASAJERO,NO,NO,1
32030,135187,135188,2022,1,0,0.002951,-78.453893,PICHINCHA,QUITO,SAN ANTONIO (QUITO),RURAL,2022-10-26,20:25:00,20,MIERCOLES,3,OCTUBRE,10,NO,CONDUCIR VEHICULO SUPERANDO LOS LIMITES MAXIMOS DE VELOCIDAD.,CHOQUE LATERAL,MOTOCICLETA,1,0,0,0,0,0,0,0,1,0,0,0,0,2,22,HOMBRE,LESIONADO,CONDUCTOR PRESENTE,NO,NO,3
32031,135189,135190,2022,0,0,-0.259641,-78.530411,PICHINCHA,QUITO,QUITO,URBANA,2022-10-26,21:20:00,21,MIERCOLES,3,OCTUBRE,10,NO,NO GUARDAR LA DISTANCIA LATERAL MINIMA DE SEGURIDAD ENTRE VEHICULOS.,ROZAMIENTOS,CAMIONETA,1,0,0,0,1,0,0,0,0,0,0,0,0,2,25,HOMBRE,ILESO,CONDUCTOR PRESENTE,NO,NO,1
32032,135192,135193,2022,0,2,-0.124771,-78.319347,PICHINCHA,QUITO,CHECA (CHILPA),RURAL,2022-10-26,22:30:00,22,MIERCOLES,3,OCTUBRE,10,NO,"CONDICIONES AMBIENTALES Y/O ATMOSFERICAS (NIEBLA, NEBLINA, GRANIZO, LLUVIA).",ESTRELLAMIENTOS,CAMION,0,0,0,1,0,0,0,0,0,0,0,0,0,1,28,HOMBRE,FALLECIDO,PASAJERO,NO,NO,3
32033,135193,135194,2022,1,0,-0.219259,-78.494314,PICHINCHA,QUITO,QUITO,URBANA,2022-10-26,22:45:00,22,MIERCOLES,3,OCTUBRE,10,NO,"CONDICIONES AMBIENTALES Y/O ATMOSFERICAS (NIEBLA, NEBLINA, GRANIZO, LLUVIA).",ROZAMIENTOS,MOTOCICLETA,0,0,0,0,0,0,0,0,1,1,0,0,0,2,32,HOMBRE,LESIONADO,CONDUCTOR PRESENTE,NO,NO,1
32034,135204,135205,2022,1,0,-0.291949,-78.529161,PICHINCHA,QUITO,QUITO,URBANA,2022-10-27,07:10:00,7,JUEVES,4,OCTUBRE,10,NO,NO CEDER EL DERECHO DE VIA O PREFERENCIA DE PASO A VEHICULOS.,CHOQUE LATERAL,MOTOCICLETA,1,0,0,0,0,0,0,0,1,0,0,0,0,2,28,HOMBRE,LESIONADO,CONDUCTOR PRESENTE,NO,NO,1
32035,135207,135208,2022,0,0,-0.190261,-78.481584,PICHINCHA,QUITO,QUITO,URBANA,2022-10-27,08:35:00,8,JUEVES,4,OCTUBRE,10,NO,REALIZAR CAMBIO BRUSCO O INDEBIDO DE CARRIL.,ROZAMIENTOS,AUTOMOVIL,2,0,0,0,0,0,0,0,0,0,0,0,0,2,62,HOMBRE,ILESO,CONDUCTOR PRESENTE,NO,NO,1
32036,135210,135211,2022,2,0,-0.158382,-78.477336,PICHINCHA,QUITO,QUITO,URBANA,2022-10-27,13:00:00,13,JUEVES,4,OCTUBRE,10,NO,PEATON QUE CRUZA LA CALZADA SIN RESPETAR LA SENIALIZACION EXISTENTE (SEMAFOROS O SENIALES MANUALES).,ATROPELLOS,MOTOCICLETA,0,0,0,0,0,0,0,0,1,0,0,0,0,1,24,HOMBRE,LESIONADO,PEATON,NO,NO,1
32037,135211,135212,2022,1,0,-0.259909,-78.548778,PICHINCHA,QUITO,QUITO,URBANA,2022-10-27,13:30:00,13,JUEVES,4,OCTUBRE,10,NO,CONDUCIR VEHICULO SUPERANDO LOS LIMITES MAXIMOS DE VELOCIDAD.,ESTRELLAMIENTOS,CAMION,1,0,0,1,0,0,0,0,0,0,0,0,0,2,46,MUJER,LESIONADO,CONDUCTOR PRESENTE,NO,NO,1
32038,135215,135216,2022,1,0,-0.199743,-78.494205,PICHINCHA,QUITO,QUITO,URBANA,2022-10-27,14:55:00,14,JUEVES,4,OCTUBRE,10,NO,BAJARSE O SUBIRSE DE VEHICULOS EN MOVIMIENTO SIN TOMAR LAS PRECAUCIONES DEBIDAS.,OTROS,BUS,0,0,1,0,0,0,0,0,0,0,0,0,0,1,44,HOMBRE,LESIONADO,PASAJERO,NO,NO,1
32039,135230,135231,2022,0,0,-0.252049,-78.534108,PICHINCHA,QUITO,QUITO,URBANA,2022-10-27,21:30:00,21,JUEVES,4,OCTUBRE,10,NO,"CONDUCE BAJO LA INFLUENCIA DE ALCOHOL, SUSTANCIAS ESTUPEFACIENTES O PSICOTROPICAS Y/O MEDICAMENTOS.",OTROS,AUTOMOVIL,2,0,0,0,0,0,0,0,0,0,0,0,0,2,25,MUJER,ILESO,CONDUCTOR PRESENTE,NO,NO,1
32040,135235,135236,2022,2,0,-0.247803,-78.478874,PICHINCHA,QUITO,QUITO,RURAL,2022-10-28,01:00:00,1,VIERNES,5,OCTUBRE,10,NO,"CONDICIONES AMBIENTALES Y/O ATMOSFERICAS (NIEBLA, NEBLINA, GRANIZO, LLUVIA).",PERDIDA DE CARRIL,AUTOMOVIL,1,0,0,0,0,0,0,0,0,0,0,0,0,1,37,HOMBRE,LESIONADO,PASAJERO,NO,NO,3
32041,135236,135237,2022,1,0,-0.160341,-78.454771,PICHINCHA,QUITO,QUITO,URBANA,2022-10-28,01:10:00,1,VIERNES,5,OCTUBRE,10,NO,"NO RESPETAR LAS SENIALES REGLAMENTARIAS DE TRANSITO. (PARE, CEDA EL PASO, LUZ ROJA DEL SEMAFORO, ETC).",CHOQUE POSTERIOR,AUTOMOVIL,2,0,0,0,0,0,0,0,0,0,0,0,0,2,4,HOMBRE,LESIONADO,PASAJERO,NO,NO,1
32042,135240,135241,2022,0,0,-0.349957,-78.522992,PICHINCHA,QUITO,QUITO,URBANA,2022-10-28,03:10:00,3,VIERNES,5,OCTUBRE,10,NO,CONDUCIR VEHICULO SUPERANDO LOS LIMITES MAXIMOS DE VELOCIDAD.,ESTRELLAMIENTOS,AUTOMOVIL,1,0,0,0,0,0,0,0,0,0,0,0,0,1,-1,NO IDENTIFICADO,NO IDENTIFICADO,CONDUCTOR AUSENTE,NO,NO,2
32043,135244,135245,2022,0,0,-0.256811,-78.542891,PICHINCHA,QUITO,QUITO,URBANA,2022-10-28,04:15:00,4,VIERNES,5,OCTUBRE,10,NO,"CONDUCE BAJO LA INFLUENCIA DE ALCOHOL, SUSTANCIAS ESTUPEFACIENTES O PSICOTROPICAS Y/O MEDICAMENTOS.",CHOQUE LATERAL,AUTOMOVIL,2,0,0,0,0,0,0,0,0,0,0,0,0,2,24,HOMBRE,ILESO,CONDUCTOR PRESENTE,NO,NO,1
32044,135251,135252,2022,1,0,-0.278396,-78.514153,PICHINCHA,QUITO,QUITO,URBANA,2022-10-28,07:10:00,7,VIERNES,5,OCTUBRE,10,NO,CONDUCIR VEHICULO SUPERANDO LOS LIMITES MAXIMOS DE VELOCIDAD.,OTROS,CAMION,1,0,0,1,0,0,0,0,1,0,0,0,0,3,30,MUJER,LESIONADO,PASAJERO,NO,NO,1
32045,135255,135256,2022,1,0,-0.083862,-78.484196,PICHINCHA,QUITO,QUITO,URBANA,2022-10-28,08:30:00,8,VIERNES,5,OCTUBRE,10,NO,NO CEDER EL DERECHO DE VIA O PREFERENCIA DE PASO AL PEATON.,CHOQUE LATERAL,MOTOCICLETA,0,0,0,0,1,0,0,0,1,0,0,0,0,2,24,HOMBRE,LESIONADO,CONDUCTOR PRESENTE,NO,SI,1
32046,135260,135261,2022,0,0,-0.112632,-78.496934,PICHINCHA,QUITO,QUITO,URBANA,2022-10-28,11:00:00,11,VIERNES,5,OCTUBRE,10,NO,"NO RESPETAR LAS SENIALES REGLAMENTARIAS DE TRANSITO. (PARE, CEDA EL PASO, LUZ ROJA DEL SEMAFORO, ETC).",CHOQUE LATERAL,AUTOMOVIL,2,0,0,0,0,0,0,0,0,0,0,0,0,2,72,HOMBRE,ILESO,CONDUCTOR PRESENTE,NO,NO,1
32047,135270,135271,2022,0,0,-0.290352,-78.542635,PICHINCHA,QUITO,QUITO,URBANA,2022-10-28,14:10:00,14,VIERNES,5,OCTUBRE,10,NO,"CONDUCE BAJO LA INFLUENCIA DE ALCOHOL, SUSTANCIAS ESTUPEFACIENTES O PSICOTROPICAS Y/O MEDICAMENTOS.",COLISION,AUTOMOVIL,3,0,0,0,0,0,0,0,0,0,0,0,0,3,33,HOMBRE,ILESO,CONDUCTOR PRESENTE,NO,NO,1
32048,135273,135274,2022,0,0,-0.159065,-78.466735,PICHINCHA,QUITO,QUITO,URBANA,2022-10-28,15:20:00,15,VIERNES,5,OCTUBRE,10,NO,NO CEDER EL DERECHO DE VIA O PREFERENCIA DE PASO A VEHICULOS.,CHOQUE LATERAL,AUTOMOVIL,2,0,0,0,0,0,0,0,0,0,0,0,0,2,20,HOMBRE,ILESO,CONDUCTOR PRESENTE,NO,NO,1
32049,135279,135280,2022,0,0,-0.206415,-78.494325,PICHINCHA,QUITO,QUITO,URBANA,2022-10-28,16:20:00,16,VIERNES,5,OCTUBRE,10,NO,NO CEDER EL DERECHO DE VIA O PREFERENCIA DE PASO A VEHICULOS.,CHOQUE LATERAL,AUTOMOVIL,2,0,0,0,0,0,0,0,0,0,0,0,0,2,29,MUJER,ILESO,CONDUCTOR PRESENTE,NO,NO,1
32050,135288,135289,2022,0,0,-0.303421,-78.548486,PICHINCHA,QUITO,QUITO,URBANA,2022-10-28,20:00:00,20,VIERNES,5,OCTUBRE,10,NO,REALIZAR CAMBIO BRUSCO O INDEBIDO DE CARRIL.,ROZAMIENTOS,CAMION,1,0,0,1,0,0,0,0,0,0,0,0,0,2,54,HOMBRE,ILESO,CONDUCTOR PRESENTE,NO,NO,1
32051,135298,135299,2022,1,0,-0.214481,-78.407018,PICHINCHA,QUITO,TUMBACO,RURAL,2022-10-29,00:05:00,0,SABADO,6,OCTUBRE,10,NO,NO CEDER EL DERECHO DE VIA O PREFERENCIA DE PASO A VEHICULOS.,CHOQUE LATERAL,MOTOCICLETA,1,0,0,0,0,0,0,0,1,0,0,0,0,2,26,HOMBRE,LESIONADO,CONDUCTOR PRESENTE,NO,NO,3
32052,135299,135300,2022,0,0,-0.305563,-78.543111,PICHINCHA,QUITO,QUITO,URBANA,2022-10-29,00:40:00,0,SABADO,6,OCTUBRE,10,NO,CONDUCIR VEHICULO SUPERANDO LOS LIMITES MAXIMOS DE VELOCIDAD.,ESTRELLAMIENTOS,AUTOMOVIL,1,0,0,0,0,0,0,0,0,0,0,0,0,1,-1,NO IDENTIFICADO,NO IDENTIFICADO,CONDUCTOR AUSENTE,NO,NO,2
32053,135307,135308,2022,0,0,-0.289907,-78.520964,PICHINCHA,QUITO,QUITO,URBANA,2022-10-29,03:00:00,3,SABADO,6,OCTUBRE,10,NO,"CONDUCE BAJO LA INFLUENCIA DE ALCOHOL, SUSTANCIAS ESTUPEFACIENTES O PSICOTROPICAS Y/O MEDICAMENTOS.",ESTRELLAMIENTOS,AUTOMOVIL,2,0,0,0,0,0,0,0,0,0,0,0,0,2,40,HOMBRE,ILESO,CONDUCTOR PRESENTE,NO,NO,1
32054,135308,135309,2022,5,0,0.038789,-78.247046,PICHINCHA,PEDRO MONCAYO,LA ESPERANZA (PEDRO MONCAYO),URBANA,2022-10-29,04:20:00,4,SABADO,6,OCTUBRE,10,NO,"NO RESPETAR LAS SENIALES REGLAMENTARIAS DE TRANSITO. (PARE, CEDA EL PASO, LUZ ROJA DEL SEMAFORO, ETC).",CHOQUE POSTERIOR,AUTOMOVIL,2,0,0,0,0,0,0,0,0,0,0,0,0,2,53,HOMBRE,LESIONADO,PASAJERO,NO,SI,1
32055,135309,135310,2022,0,0,-0.152081,-78.476428,PICHINCHA,QUITO,QUITO,URBANA,2022-10-29,04:35:00,4,SABADO,6,OCTUBRE,10,NO,"CONDUCE BAJO LA INFLUENCIA DE ALCOHOL, SUSTANCIAS ESTUPEFACIENTES O PSICOTROPICAS Y/O MEDICAMENTOS.",CHOQUE POSTERIOR,CAMIONETA,1,0,0,0,1,0,0,0,0,0,0,0,0,2,55,HOMBRE,ILESO,CONDUCTOR PRESENTE,NO,NO,1
32056,135318,135319,2022,1,1,-0.091125,-78.289339,PICHINCHA,CAYAMBE,ASCAZUBI,RURAL,2022-10-29,07:30:00,7,SABADO,6,OCTUBRE,10,NO,"CONDUCIR DESATENTO A LAS CONDICIONES DE TRANSITO (CELULAR, PANTALLAS DE VIDEO, COMIDA, MAQUILLAJE O CUALQUIER OTRO ELEMENTO DISTRACTOR).",ATROPELLOS,ESPECIAL,0,0,0,0,0,0,1,0,0,0,0,0,0,1,79,HOMBRE,FALLECIDO,PEATON,NO,SI,3
32057,135322,135323,2022,0,0,-0.213977,-78.441841,PICHINCHA,QUITO,CUMBAYA,RURAL,2022-10-29,10:16:00,10,SABADO,6,OCTUBRE,10,NO,"CONDUCIR DESATENTO A LAS CONDICIONES DE TRANSITO (CELULAR, PANTALLAS DE VIDEO, COMIDA, MAQUILLAJE O CUALQUIER OTRO ELEMENTO DISTRACTOR).",CHOQUE POSTERIOR,AUTOMOVIL,2,0,0,0,0,0,0,0,0,0,0,0,0,2,43,HOMBRE,ILESO,CONDUCTOR PRESENTE,NO,NO,3
32058,135329,135330,2022,0,0,-0.231199,-78.498903,PICHINCHA,QUITO,QUITO,URBANA,2022-10-29,14:30:00,14,SABADO,6,OCTUBRE,10,NO,CONDUCIR VEHICULO SUPERANDO LOS LIMITES MAXIMOS DE VELOCIDAD.,COLISION,AUTOMOVIL,3,0,0,0,0,0,0,0,0,0,0,0,0,3,26,HOMBRE,ILESO,CONDUCTOR PRESENTE,NO,NO,1
32059,135330,135331,2022,0,0,-0.249141,-78.534119,PICHINCHA,QUITO,QUITO,URBANA,2022-10-29,14:33:00,14,SABADO,6,OCTUBRE,10,NO,CONDUCIR VEHICULO SUPERANDO LOS LIMITES MAXIMOS DE VELOCIDAD.,CHOQUE LATERAL,AUTOMOVIL,2,0,0,0,0,0,0,0,0,0,0,0,0,2,70,HOMBRE,ILESO,CONDUCTOR PRESENTE,NO,NO,1
32060,135332,135333,2022,2,0,-0.100307,-78.452417,PICHINCHA,QUITO,CALDERON (CARAPUNGO),RURAL,2022-10-29,16:00:00,16,SABADO,6,OCTUBRE,10,NO,REALIZAR CAMBIO BRUSCO O INDEBIDO DE CARRIL.,CHOQUE LATERAL,MOTOCICLETA,1,0,0,0,0,0,0,0,1,0,0,0,0,2,28,HOMBRE,LESIONADO,PASAJERO,NO,NO,3
32061,135339,135340,2022,2,0,-0.246026,-78.522446,PICHINCHA,QUITO,QUITO,URBANA,2022-10-29,18:20:00,18,SABADO,6,OCTUBRE,10,NO,"CONDUCE BAJO LA INFLUENCIA DE ALCOHOL, SUSTANCIAS ESTUPEFACIENTES O PSICOTROPICAS Y/O MEDICAMENTOS.",CHOQUE LATERAL,MOTOCICLETA,1,0,0,0,0,0,0,0,1,0,0,0,0,2,26,HOMBRE,LESIONADO,PASAJERO,NO,NO,1
32062,135342,135343,2022,1,0,-0.104675,-78.453857,PICHINCHA,QUITO,CALDERON (CARAPUNGO),RURAL,2022-10-29,19:10:00,19,SABADO,6,OCTUBRE,10,NO,"NO RESPETAR LAS SENIALES REGLAMENTARIAS DE TRANSITO. (PARE, CEDA EL PASO, LUZ ROJA DEL SEMAFORO, ETC).",CHOQUE LATERAL,MOTOCICLETA,1,0,0,0,0,0,0,0,1,0,0,0,0,2,28,HOMBRE,LESIONADO,CONDUCTOR PRESENTE,NO,NO,3
32063,135358,135359,2022,0,0,-0.169063,-78.475458,PICHINCHA,QUITO,QUITO,URBANA,2022-10-29,23:28:00,23,SABADO,6,OCTUBRE,10,NO,CONDUCIR VEHICULO SUPERANDO LOS LIMITES MAXIMOS DE VELOCIDAD.,ESTRELLAMIENTOS,AUTOMOVIL,1,0,0,0,0,0,0,0,0,0,0,0,0,1,-1,NO IDENTIFICADO,NO IDENTIFICADO,CONDUCTOR AUSENTE,NO,NO,2
32064,135361,135362,2022,0,0,-0.141125,-78.481441,PICHINCHA,QUITO,QUITO,URBANA,2022-10-29,23:39:00,23,SABADO,6,OCTUBRE,10,NO,"CONDUCE BAJO LA INFLUENCIA DE ALCOHOL, SUSTANCIAS ESTUPEFACIENTES O PSICOTROPICAS Y/O MEDICAMENTOS.",OTROS,AUTOMOVIL,3,0,0,0,0,0,0,0,0,0,0,0,0,3,33,HOMBRE,ILESO,CONDUCTOR PRESENTE,NO,NO,1
32065,135362,135363,2022,1,0,-0.013839,-78.446984,PICHINCHA,QUITO,SAN ANTONIO (QUITO),RURAL,2022-10-29,23:39:00,23,SABADO,6,OCTUBRE,10,NO,CONDUCIR VEHICULO SUPERANDO LOS LIMITES MAXIMOS DE VELOCIDAD.,ESTRELLAMIENTOS,AUTOMOVIL,1,0,0,0,0,0,0,0,0,0,0,0,0,1,33,MUJER,LESIONADO,PASAJERO,NO,NO,3
32066,135368,135369,2022,1,0,-0.151818,-78.459147,PICHINCHA,QUITO,QUITO,URBANA,2022-10-30,01:15:00,1,DOMINGO,7,OCTUBRE,10,NO,"CONDUCIR EN ESTADO DE SOMNOLENCIA O MALAS CONDICIONES FISICAS (SUENIO, CANSANCIO Y FATIGA).",ESTRELLAMIENTOS,CAMION,1,0,0,1,0,0,0,0,0,0,0,0,0,2,33,HOMBRE,LESIONADO,CONDUCTOR PRESENTE,NO,NO,1
32067,135375,135376,2022,0,0,-0.071803,-78.473317,PICHINCHA,QUITO,POMASQUI,URBANA,2022-10-30,02:04:00,2,DOMINGO,7,OCTUBRE,10,NO,DANIOS MECANICOS PREVISIBLES.,COLISION,VEHICULO DEPORTIVO UTILITARIO,1,0,0,0,0,0,0,0,0,0,0,0,1,2,24,HOMBRE,ILESO,CONDUCTOR PRESENTE,NO,SI,1
32068,135376,135377,2022,0,0,-0.190384,-78.451403,PICHINCHA,QUITO,NAYON,URBANA,2022-10-30,02:15:00,2,DOMINGO,7,OCTUBRE,10,NO,CONDUCIR VEHICULO SUPERANDO LOS LIMITES MAXIMOS DE VELOCIDAD.,ESTRELLAMIENTOS,AUTOMOVIL,1,0,0,0,0,0,0,0,0,0,0,0,0,1,-1,NO IDENTIFICADO,NO IDENTIFICADO,CONDUCTOR AUSENTE,NO,NO,2
32069,135377,135378,2022,0,0,-0.210709,-78.424346,PICHINCHA,QUITO,CUMBAYA,RURAL,2022-10-30,02:20:00,2,DOMINGO,7,OCTUBRE,10,NO,"FALLA MECANICA EN LOS SISTEMAS Y/O NEUMATICOS (SISTEMA DE FRENOS, DIRECCION, ELECTRONICO O MECANICO).",ESTRELLAMIENTOS,AUTOMOVIL,1,0,0,0,0,0,0,0,0,0,0,0,0,1,33,MUJER,ILESO,CONDUCTOR PRESENTE,NO,NO,3
32070,135382,135383,2022,0,0,-0.119429,-78.506718,PICHINCHA,QUITO,QUITO,URBANA,2022-10-30,03:00:00,3,DOMINGO,7,OCTUBRE,10,NO,"NO RESPETAR LAS SENIALES REGLAMENTARIAS DE TRANSITO. (PARE, CEDA EL PASO, LUZ ROJA DEL SEMAFORO, ETC).",CHOQUE LATERAL,AUTOMOVIL,2,0,0,0,0,0,0,0,0,0,0,0,0,2,35,MUJER,ILESO,CONDUCTOR PRESENTE,NO,NO,1
32071,135384,135385,2022,1,0,-0.318116,-78.543382,PICHINCHA,QUITO,QUITO,URBANA,2022-10-30,03:30:00,3,DOMINGO,7,OCTUBRE,10,NO,REALIZAR CAMBIO BRUSCO O INDEBIDO DE CARRIL.,PERDIDA DE CARRIL,MOTOCICLETA,0,0,0,0,0,0,0,0,1,0,0,0,0,1,23,HOMBRE,LESIONADO,CONDUCTOR PRESENTE,NO,NO,1
32072,135386,135387,2022,0,0,-0.059744,-78.456291,PICHINCHA,QUITO,POMASQUI,URBANA,2022-10-30,03:45:00,3,DOMINGO,7,OCTUBRE,10,NO,"CONDUCIR DESATENTO A LAS CONDICIONES DE TRANSITO (CELULAR, PANTALLAS DE VIDEO, COMIDA, MAQUILLAJE O CUALQUIER OTRO ELEMENTO DISTRACTOR).",ESTRELLAMIENTOS,AUTOMOVIL,1,0,0,0,0,0,0,0,0,0,0,0,0,1,-1,NO IDENTIFICADO,NO IDENTIFICADO,CONDUCTOR AUSENTE,NO,SI,2
32073,135388,135389,2022,0,0,-0.314812,-78.558311,PICHINCHA,QUITO,QUITO,URBANA,2022-10-30,04:00:00,4,DOMINGO,7,OCTUBRE,10,NO,"CONDUCE BAJO LA INFLUENCIA DE ALCOHOL, SUSTANCIAS ESTUPEFACIENTES O PSICOTROPICAS Y/O MEDICAMENTOS.",CHOQUE LATERAL,AUTOMOVIL,2,0,0,0,0,0,0,0,0,0,0,0,0,2,59,HOMBRE,ILESO,CONDUCTOR PRESENTE,NO,NO,1
32074,135389,135390,2022,2,0,-0.239944,-78.485312,PICHINCHA,QUITO,QUITO,RURAL,2022-10-30,04:10:00,4,DOMINGO,7,OCTUBRE,10,NO,"CONDUCE BAJO LA INFLUENCIA DE ALCOHOL, SUSTANCIAS ESTUPEFACIENTES O PSICOTROPICAS Y/O MEDICAMENTOS.",CHOQUE LATERAL,VEHICULO DEPORTIVO UTILITARIO,1,0,0,0,0,0,0,0,0,0,0,0,1,2,36,HOMBRE,LESIONADO,CONDUCTOR PRESENTE,NO,SI,3
32075,135394,135395,2022,0,0,-0.306396,-78.443451,PICHINCHA,QUITO,ALANGASI,RURAL,2022-10-30,04:40:00,4,DOMINGO,7,OCTUBRE,10,NO,CONDUCIR VEHICULO SUPERANDO LOS LIMITES MAXIMOS DE VELOCIDAD.,ESTRELLAMIENTOS,CAMIONETA,0,0,0,0,1,0,0,0,0,0,0,0,0,1,20,MUJER,ILESO,PASAJERO,NO,NO,3
32076,135398,135399,2022,0,0,-0.162889,-78.483346,PICHINCHA,QUITO,QUITO,URBANA,2022-10-30,05:45:00,5,DOMINGO,7,OCTUBRE,10,NO,CONDUCIR VEHICULO SUPERANDO LOS LIMITES MAXIMOS DE VELOCIDAD.,ESTRELLAMIENTOS,AUTOMOVIL,1,0,0,0,0,0,0,0,0,0,0,0,0,1,-1,NO IDENTIFICADO,NO IDENTIFICADO,CONDUCTOR AUSENTE,NO,NO,2
32077,135408,135409,2022,0,0,-0.251627,-78.503981,PICHINCHA,QUITO,QUITO,URBANA,2022-10-30,07:13:00,7,DOMINGO,7,OCTUBRE,10,NO,CONDUCIR VEHICULO SUPERANDO LOS LIMITES MAXIMOS DE VELOCIDAD.,ESTRELLAMIENTOS,AUTOMOVIL,1,0,0,0,0,0,0,0,0,0,0,0,0,1,29,HOMBRE,ILESO,PASAJERO,NO,NO,1
32078,135422,135423,2022,1,0,-0.319293,-78.563619,PICHINCHA,QUITO,QUITO,URBANA,2022-10-30,10:40:00,10,DOMINGO,7,OCTUBRE,10,NO,REALIZAR CAMBIO BRUSCO O INDEBIDO DE CARRIL.,CHOQUE LATERAL,MOTOCICLETA,1,0,0,0,0,0,0,0,1,0,0,0,0,2,20,HOMBRE,LESIONADO,CONDUCTOR PRESENTE,NO,NO,1
32079,135427,135428,2022,0,1,-0.240381,-78.383109,PICHINCHA,QUITO,TUMBACO,RURAL,2022-10-30,13:15:00,13,DOMINGO,7,OCTUBRE,10,NO,REALIZAR CAMBIO BRUSCO O INDEBIDO DE CARRIL.,OTROS,CAMION,0,0,0,1,0,0,0,0,1,0,0,0,0,2,20,HOMBRE,FALLECIDO,CONDUCTOR PRESENTE,NO,NO,3
32080,135430,135431,2022,5,0,-0.188637,-78.454241,PICHINCHA,QUITO,NAYON,URBANA,2022-10-30,14:45:00,14,DOMINGO,7,OCTUBRE,10,NO,"CONDUCE BAJO LA INFLUENCIA DE ALCOHOL, SUSTANCIAS ESTUPEFACIENTES O PSICOTROPICAS Y/O MEDICAMENTOS.",OTROS,MOTOCICLETA,2,0,0,0,1,0,0,0,1,0,0,0,0,4,22,HOMBRE,LESIONADO,CONDUCTOR PRESENTE,NO,NO,1
32081,135438,135439,2022,0,0,-0.489075,-78.569963,PICHINCHA,MEJIA,MACHACHI,RURAL,2022-10-30,17:45:00,17,DOMINGO,7,OCTUBRE,10,NO,"CONDUCIR DESATENTO A LAS CONDICIONES DE TRANSITO (CELULAR, PANTALLAS DE VIDEO, COMIDA, MAQUILLAJE O CUALQUIER OTRO ELEMENTO DISTRACTOR).",COLISION,CAMION,0,0,0,1,0,0,0,0,0,0,0,0,1,2,49,HOMBRE,ILESO,CONDUCTOR PRESENTE,NO,SI,3