,Unnamed: 0,ID,ANIO,LESIONADOS,FALLECIDOS,LATITUD_Y,LONGITUD_X,PROVINCIA,CANTON,PARROQUIA,ZONA,FECHA,HORA,PERIODO_2,DIA_1,DIA_2,MES_1,MES_2,FERIADO,CAUSA_PROBABLE,TIPO_DE_SINIESTRO,TIPO_DE_VEHICULO_1,AUTOMOVIL,BICICLETA,BUS,CAMION,CAMIONETA,EMERGENCIAS,ESPECIAL,FURGONETA,MOTOCICLETA,NO_IDENTIFICADO,SCOOTER_ELECTRICO,TRICIMOTO,VEHICULO_DEPORTIVO_UTILITARIO,SUMA_DE_VEHICULOS,EDAD_1,SEXO_1,CONDICION_1,PARTICIPANTE_1,CASCO_1,CINTURON_1,KMeans_Cluster
32082,135439,135440,2022,4,1,-0.192416,-78.496553,PICHINCHA,QUITO,QUITO,URBANA,2022-10-30,17:45:00,17,DOMINGO,7,OCTUBRE,10,NO,"NO RESPETAR LAS SENIALES REGLAMENTARIAS DE TRANSITO. (PARE, CEDA EL PASO, LUZ ROJA DEL SEMAFORO, ETC).",CHOQUE LATERAL,AUTOMOVIL,2,0,0,0,0,0,0,0,0,0,0,0,0,2,-1,MUJER,FALLECIDO,PASAJERO,NO,NO,1
32083,135442,135443,2022,0,0,-0.203619,-78.496819,PICHINCHA,QUITO,QUITO,URBANA,2022-10-30,18:30:00,18,DOMINGO,7,OCTUBRE,10,NO,"NO RESPETAR LAS SENIALES REGLAMENTARIAS DE TRANSITO. (PARE, CEDA EL PASO, LUZ ROJA DEL SEMAFORO, ETC).",CHOQUE LATERAL,AUTOMOVIL,2,0,0,0,0,0,0,0,0,0,0,0,0,2,30,HOMBRE,ILESO,CONDUCTOR PRESENTE,NO,NO,1
32084,135462,135463,2022,0,0,-0.170705,-78.343148,PICHINCHA,QUITO,TABABELA,RURAL,2022-10-30,22:16:00,22,DOMINGO,7,OCTUBRE,10,NO,CONDUCIR VEHICULO SUPERANDO LOS LIMITES MAXIMOS DE VELOCIDAD.,ESTRELLAMIENTOS,CAMION,0,0,0,1,1,0,0,0,0,0,0,0,0,2,-1,NO IDENTIFICADO,NO IDENTIFICADO,CONDUCTOR AUSENTE,NO,NO,2
32085,135467,135468,2022,1,0,-0.313322,-78.526252,PICHINCHA,QUITO,QUITO,URBANA,2022-10-31,02:30:00,2,LUNES,1,OCTUBRE,10,NO,CONDUCIR VEHICULO SUPERANDO LOS LIMITES MAXIMOS DE VELOCIDAD.,ESTRELLAMIENTOS,BUS,0,0,1,0,0,0,0,0,1,0,0,0,0,2,32,HOMBRE,LESIONADO,CONDUCTOR PRESENTE,NO,NO,1
32086,135477,135478,2022,1,0,-0.171611,-78.484881,PICHINCHA,QUITO,QUITO,URBANA,2022-10-31,07:00:00,7,LUNES,1,OCTUBRE,10,NO,"NO RESPETAR LAS SENIALES REGLAMENTARIAS DE TRANSITO. (PARE, CEDA EL PASO, LUZ ROJA DEL SEMAFORO, ETC).",CHOQUE LATERAL,SCOOTER ELECTRICO,0,0,0,0,0,0,0,0,0,1,1,0,0,2,27,HOMBRE,LESIONADO,CONDUCTOR PRESENTE,NO,NO,1
32087,135480,135481,2022,0,0,-0.141409,-78.482845,PICHINCHA,QUITO,QUITO,URBANA,2022-10-31,07:40:00,7,LUNES,1,OCTUBRE,10,NO,"FALLA MECANICA EN LOS SISTEMAS Y/O NEUMATICOS (SISTEMA DE FRENOS, DIRECCION, ELECTRONICO O MECANICO).",ESTRELLAMIENTOS,AUTOMOVIL,1,0,0,0,0,0,0,0,0,0,0,0,0,1,44,MUJER,ILESO,CONDUCTOR PRESENTE,NO,NO,1
32088,135481,135482,2022,1,0,-0.219958,-78.507253,PICHINCHA,QUITO,QUITO,URBANA,2022-10-31,08:45:00,8,LUNES,1,OCTUBRE,10,NO,NO CEDER EL DERECHO DE VIA O PREFERENCIA DE PASO AL PEATON.,ATROPELLOS,MOTOCICLETA,0,0,0,0,0,0,0,0,1,0,0,0,0,1,86,HOMBRE,LESIONADO,PEATON,NO,NO,1
32089,135484,135485,2022,1,0,-0.317663,-78.450121,PICHINCHA,RUMINIAHUI,SANGOLQUI,URBANA,2022-10-31,12:10:00,12,LUNES,1,OCTUBRE,10,NO,"CONDUCIR DESATENTO A LAS CONDICIONES DE TRANSITO (CELULAR, PANTALLAS DE VIDEO, COMIDA, MAQUILLAJE O CUALQUIER OTRO ELEMENTO DISTRACTOR).",CHOQUE LATERAL,AUTOMOVIL,1,0,0,0,0,0,0,0,0,0,0,0,0,1,20,HOMBRE,LESIONADO,CONDUCTOR PRESENTE,NO,SI,1
32090,135487,135488,2022,1,0,-0.328156,-78.450395,PICHINCHA,RUMINIAHUI,SANGOLQUI,URBANA,2022-10-31,12:45:00,12,LUNES,1,OCTUBRE,10,NO,NO TRANSITAR POR LAS ACERAS O ZONAS DE SEGURIDAD DESTINADAS PARA EL EFECTO.,ATROPELLOS,MOTOCICLETA,0,0,0,0,0,0,0,0,1,0,0,0,0,1,29,MUJER,LESIONADO,PEATON,NO,SI,1
32091,135489,135490,2022,0,1,-0.263813,-78.524643,PICHINCHA,QUITO,QUITO,URBANA,2022-10-31,13:11:00,13,LUNES,1,OCTUBRE,10,NO,NO TRANSITAR POR LAS ACERAS O ZONAS DE SEGURIDAD DESTINADAS PARA EL EFECTO.,ARROLLAMIENTOS,BUS,0,0,2,0,0,0,0,0,0,0,0,0,0,2,33,MUJER,FALLECIDO,PEATON,NO,NO,1
32092,135492,135493,2022,0,0,-0.289422,-78.561698,PICHINCHA,QUITO,QUITO,URBANA,2022-10-31,14:50:00,14,LUNES,1,OCTUBRE,10,NO,CONDUCIR VEHICULO SUPERANDO LOS LIMITES MAXIMOS DE VELOCIDAD.,ESTRELLAMIENTOS,AUTOMOVIL,1,0,0,0,0,0,0,0,0,0,0,0,0,1,-1,NO IDENTIFICADO,NO IDENTIFICADO,CONDUCTOR AUSENTE,NO,NO,2
32093,135495,135496,2022,1,0,-0.279108,-78.558699,PICHINCHA,QUITO,QUITO,URBANA,2022-10-31,15:10:00,15,LUNES,1,OCTUBRE,10,NO,"NO RESPETAR LAS SENIALES REGLAMENTARIAS DE TRANSITO. (PARE, CEDA EL PASO, LUZ ROJA DEL SEMAFORO, ETC).",OTROS,NO IDENTIFICADO,0,0,0,0,0,0,0,0,0,2,0,0,0,2,43,HOMBRE,LESIONADO,PASAJERO,NO,NO,1
32094,135498,135499,2022,1,0,-0.356151,-78.549034,PICHINCHA,QUITO,QUITO,URBANA,2022-10-31,16:40:00,16,LUNES,1,OCTUBRE,10,NO,NO GUARDAR LA DISTANCIA LATERAL MINIMA DE SEGURIDAD ENTRE VEHICULOS.,ROZAMIENTOS,CAMION,0,0,0,1,0,0,0,0,1,0,0,0,0,2,25,HOMBRE,LESIONADO,CONDUCTOR PRESENTE,NO,NO,1
32095,135502,135503,2022,2,0,-0.160088,-78.485511,PICHINCHA,QUITO,QUITO,URBANA,2022-10-31,19:00:00,19,LUNES,1,OCTUBRE,10,NO,"NO RESPETAR LAS SENIALES REGLAMENTARIAS DE TRANSITO. (PARE, CEDA EL PASO, LUZ ROJA DEL SEMAFORO, ETC).",CHOQUE LATERAL,MOTOCICLETA,0,0,0,0,0,0,0,1,1,0,0,0,0,2,10,HOMBRE,LESIONADO,PASAJERO,NO,NO,1
32096,135511,135512,2022,0,0,-0.177728,-78.477971,PICHINCHA,QUITO,QUITO,URBANA,2022-11-01,00:01:00,0,MARTES,2,NOVIEMBRE,11,NO,"NO RESPETAR LAS SENIALES REGLAMENTARIAS DE TRANSITO. (PARE, CEDA EL PASO, LUZ ROJA DEL SEMAFORO, ETC).",OTROS,AUTOMOVIL,3,0,0,0,0,0,0,0,0,0,0,0,0,3,25,HOMBRE,ILESO,CONDUCTOR PRESENTE,NO,NO,1
32097,135513,135514,2022,0,0,-0.501421,-78.572754,PICHINCHA,MEJIA,ALOASI,RURAL,2022-11-01,04:10:00,4,MARTES,2,NOVIEMBRE,11,NO,"CONDUCIR DESATENTO A LAS CONDICIONES DE TRANSITO (CELULAR, PANTALLAS DE VIDEO, COMIDA, MAQUILLAJE O CUALQUIER OTRO ELEMENTO DISTRACTOR).",CHOQUE LATERAL,CAMION,0,0,0,2,0,0,0,0,0,0,0,0,0,2,39,HOMBRE,ILESO,CONDUCTOR PRESENTE,NO,SI,3
32098,135519,135520,2022,1,0,-0.286137,-78.550347,PICHINCHA,QUITO,QUITO,URBANA,2022-11-01,07:00:00,7,MARTES,2,NOVIEMBRE,11,NO,PEATON QUE CRUZA LA CALZADA SIN RESPETAR LA SENIALIZACION EXISTENTE (SEMAFOROS O SENIALES MANUALES).,ATROPELLOS,MOTOCICLETA,0,0,0,0,0,0,0,0,1,0,0,0,0,1,56,MUJER,LESIONADO,PEATON,NO,NO,1
32099,135522,135523,2022,1,0,-0.199307,-78.499652,PICHINCHA,QUITO,QUITO,URBANA,2022-11-01,07:20:00,7,MARTES,2,NOVIEMBRE,11,NO,"CONDUCE BAJO LA INFLUENCIA DE ALCOHOL, SUSTANCIAS ESTUPEFACIENTES O PSICOTROPICAS Y/O MEDICAMENTOS.",COLISION,AUTOMOVIL,3,0,0,0,0,0,0,0,0,0,0,0,0,3,40,HOMBRE,LESIONADO,CONDUCTOR PRESENTE,NO,NO,1
32100,135525,135526,2022,0,0,-0.104051,-78.474711,PICHINCHA,QUITO,QUITO,URBANA,2022-11-01,07:40:00,7,MARTES,2,NOVIEMBRE,11,NO,CONDUCIR VEHICULO SUPERANDO LOS LIMITES MAXIMOS DE VELOCIDAD.,CHOQUE POSTERIOR,MOTOCICLETA,1,0,0,0,0,0,0,0,1,0,0,0,0,2,60,HOMBRE,ILESO,CONDUCTOR PRESENTE,NO,NO,1
32101,135528,135529,2022,1,0,-0.183981,-78.501911,PICHINCHA,QUITO,QUITO,URBANA,2022-11-01,08:30:00,8,MARTES,2,NOVIEMBRE,11,NO,"CONDUCE BAJO LA INFLUENCIA DE ALCOHOL, SUSTANCIAS ESTUPEFACIENTES O PSICOTROPICAS Y/O MEDICAMENTOS.",ROZAMIENTOS,MOTOCICLETA,1,0,0,0,0,0,0,0,1,0,0,0,0,2,33,MUJER,LESIONADO,CONDUCTOR PRESENTE,NO,NO,1
32102,135530,135531,2022,0,0,-0.169889,-78.487202,PICHINCHA,QUITO,QUITO,URBANA,2022-11-01,09:50:00,9,MARTES,2,NOVIEMBRE,11,NO,NO MANTENER LA DISTANCIA PRUDENCIAL CON RESPECTO AL VEHICULO QUE LE ANTECEDE.,CHOQUE POSTERIOR,AUTOMOVIL,2,0,0,0,0,0,0,0,0,0,0,0,0,2,65,HOMBRE,ILESO,CONDUCTOR PRESENTE,NO,NO,1
32103,135531,135532,2022,1,0,-0.390611,-78.519856,PICHINCHA,MEJIA,UYUMBICHO,RURAL,2022-11-01,10:00:00,10,MARTES,2,NOVIEMBRE,11,NO,"CONDUCIR DESATENTO A LAS CONDICIONES DE TRANSITO (CELULAR, PANTALLAS DE VIDEO, COMIDA, MAQUILLAJE O CUALQUIER OTRO ELEMENTO DISTRACTOR).",CHOQUE FRONTAL,MOTOCICLETA,1,0,0,0,0,0,0,0,1,0,0,0,0,2,43,HOMBRE,LESIONADO,CONDUCTOR PRESENTE,NO,SI,3
32104,135533,135534,2022,0,1,-0.445141,-78.711431,PICHINCHA,MEJIA,ALOAG,RURAL,2022-11-01,10:59:00,10,MARTES,2,NOVIEMBRE,11,NO,"CONDUCIR DESATENTO A LAS CONDICIONES DE TRANSITO (CELULAR, PANTALLAS DE VIDEO, COMIDA, MAQUILLAJE O CUALQUIER OTRO ELEMENTO DISTRACTOR).",PERDIDA DE CARRIL,VEHICULO DEPORTIVO UTILITARIO,0,0,0,0,0,0,0,0,0,0,0,0,1,1,40,HOMBRE,FALLECIDO,CONDUCTOR PRESENTE,NO,NO,3
32105,135535,135536,2022,1,0,-0.154823,-78.477893,PICHINCHA,QUITO,QUITO,URBANA,2022-11-01,12:10:00,12,MARTES,2,NOVIEMBRE,11,NO,NO CEDER EL DERECHO DE VIA O PREFERENCIA DE PASO A VEHICULOS.,CHOQUE LATERAL,MOTOCICLETA,1,0,0,0,0,0,0,0,1,0,0,0,0,2,26,HOMBRE,LESIONADO,CONDUCTOR PRESENTE,NO,NO,1
32106,135538,135539,2022,2,0,-0.283655,-78.535581,PICHINCHA,QUITO,QUITO,URBANA,2022-11-01,14:07:00,14,MARTES,2,NOVIEMBRE,11,NO,NO MANTENER LA DISTANCIA PRUDENCIAL CON RESPECTO AL VEHICULO QUE LE ANTECEDE.,CHOQUE POSTERIOR,MOTOCICLETA,0,0,0,0,0,0,0,0,1,1,0,0,0,2,58,MUJER,LESIONADO,PEATON,NO,NO,1
32107,135543,135544,2022,0,0,-0.105416,-78.295905,PICHINCHA,QUITO,EL QUINCHE,RURAL,2022-11-01,17:00:00,17,MARTES,2,NOVIEMBRE,11,NO,"CONDICIONES AMBIENTALES Y/O ATMOSFERICAS (NIEBLA, NEBLINA, GRANIZO, LLUVIA).",CHOQUE FRONTAL,BUS,0,0,2,0,0,0,0,0,0,0,0,0,0,2,37,HOMBRE,ILESO,CONDUCTOR PRESENTE,NO,SI,3
32108,135550,135551,2022,0,0,-0.212085,-78.518388,PICHINCHA,QUITO,QUITO,URBANA,2022-11-01,19:35:00,19,MARTES,2,NOVIEMBRE,11,NO,CONDUCIR VEHICULO SUPERANDO LOS LIMITES MAXIMOS DE VELOCIDAD.,ESTRELLAMIENTOS,AUTOMOVIL,1,0,0,0,0,0,0,0,0,0,0,0,0,1,25,HOMBRE,ILESO,CONDUCTOR PRESENTE,NO,NO,1
32109,135553,135554,2022,0,0,-0.203095,-78.487283,PICHINCHA,QUITO,QUITO,URBANA,2022-11-01,21:10:00,21,MARTES,2,NOVIEMBRE,11,NO,"CONDUCE BAJO LA INFLUENCIA DE ALCOHOL, SUSTANCIAS ESTUPEFACIENTES O PSICOTROPICAS Y/O MEDICAMENTOS.",CHOQUE LATERAL,AUTOMOVIL,2,0,0,0,0,0,0,0,0,0,0,0,0,2,40,HOMBRE,ILESO,CONDUCTOR PRESENTE,NO,NO,1
32110,135558,135559,2022,3,1,-0.200625,-78.456497,PICHINCHA,QUITO,QUITO,URBANA,2022-11-02,00:20:00,0,MIERCOLES,3,NOVIEMBRE,11,NO,CONDUCIR VEHICULO SUPERANDO LOS LIMITES MAXIMOS DE VELOCIDAD.,ESTRELLAMIENTOS,AUTOMOVIL,1,0,0,0,0,0,0,0,0,0,0,0,0,1,19,MUJER,FALLECIDO,PASAJERO,NO,NO,1
32111,135564,135565,2022,0,1,0.035316,-78.148283,PICHINCHA,CAYAMBE,CAYAMBE,URBANA,2022-11-02,05:55:00,5,MIERCOLES,3,NOVIEMBRE,11,NO,"CONDUCIR DESATENTO A LAS CONDICIONES DE TRANSITO (CELULAR, PANTALLAS DE VIDEO, COMIDA, MAQUILLAJE O CUALQUIER OTRO ELEMENTO DISTRACTOR).",CHOQUE LATERAL,NO IDENTIFICADO,0,0,0,0,0,0,0,0,0,1,0,0,0,1,23,HOMBRE,FALLECIDO,CONDUCTOR PRESENTE,NO,SI,1
32112,135566,135567,2022,0,0,-0.289446,-78.537391,PICHINCHA,QUITO,QUITO,URBANA,2022-11-02,07:15:00,7,MIERCOLES,3,NOVIEMBRE,11,NO,"NO RESPETAR LAS SENIALES REGLAMENTARIAS DE TRANSITO. (PARE, CEDA EL PASO, LUZ ROJA DEL SEMAFORO, ETC).",CHOQUE LATERAL,MOTOCICLETA,1,0,0,0,0,0,0,0,1,0,0,0,0,2,24,HOMBRE,ILESO,CONDUCTOR PRESENTE,NO,NO,1
32113,135584,135585,2022,1,0,0.045999,-78.201856,PICHINCHA,PEDRO MONCAYO,TABACUNDO,URBANA,2022-11-02,13:30:00,13,MIERCOLES,3,NOVIEMBRE,11,SI,"NO RESPETAR LAS SENIALES REGLAMENTARIAS DE TRANSITO. (PARE, CEDA EL PASO, LUZ ROJA DEL SEMAFORO, ETC).",CHOQUE POSTERIOR,MOTOCICLETA,1,0,0,0,0,0,0,0,1,0,0,0,0,2,10,HOMBRE,LESIONADO,PASAJERO,NO,SI,1
32114,135588,135589,2022,0,0,-0.100883,-78.408692,PICHINCHA,QUITO,CALDERON (CARAPUNGO),RURAL,2022-11-02,15:00:00,15,MIERCOLES,3,NOVIEMBRE,11,SI,"CONDUCIR DESATENTO A LAS CONDICIONES DE TRANSITO (CELULAR, PANTALLAS DE VIDEO, COMIDA, MAQUILLAJE O CUALQUIER OTRO ELEMENTO DISTRACTOR).",ROZAMIENTOS,CAMION,1,0,0,1,0,0,0,0,0,0,0,0,0,2,26,HOMBRE,ILESO,CONDUCTOR PRESENTE,NO,SI,3
32115,135591,135592,2022,0,0,-0.451758,-78.751543,PICHINCHA,MEJIA,MANUEL CORNEJO ASTORGA,RURAL,2022-11-02,15:45:00,15,MIERCOLES,3,NOVIEMBRE,11,SI,"CONDUCIR DESATENTO A LAS CONDICIONES DE TRANSITO (CELULAR, PANTALLAS DE VIDEO, COMIDA, MAQUILLAJE O CUALQUIER OTRO ELEMENTO DISTRACTOR).",PERDIDA DE CARRIL,CAMIONETA,0,0,0,0,1,0,0,0,0,0,0,0,0,1,36,HOMBRE,ILESO,CONDUCTOR PRESENTE,NO,NO,3
32116,135592,135593,2022,4,0,-0.441381,-78.555051,PICHINCHA,MEJIA,ALOAG,RURAL,2022-11-02,16:00:00,16,MIERCOLES,3,NOVIEMBRE,11,SI,"CONDUCIR DESATENTO A LAS CONDICIONES DE TRANSITO (CELULAR, PANTALLAS DE VIDEO, COMIDA, MAQUILLAJE O CUALQUIER OTRO ELEMENTO DISTRACTOR).",PERDIDA DE CARRIL,NO IDENTIFICADO,0,0,0,0,0,0,0,0,0,1,0,0,0,1,39,MUJER,LESIONADO,PASAJERO,NO,SI,3
32117,135593,135594,2022,0,0,-0.451758,-78.751543,PICHINCHA,MEJIA,MANUEL CORNEJO ASTORGA,RURAL,2022-11-02,16:00:00,16,MIERCOLES,3,NOVIEMBRE,11,SI,NO MANTENER LA DISTANCIA PRUDENCIAL CON RESPECTO AL VEHICULO QUE LE ANTECEDE.,CHOQUE POSTERIOR,CAMIONETA,0,0,0,0,2,0,0,0,0,0,0,0,0,2,-1,HOMBRE,ILESO,CONDUCTOR PRESENTE,NO,NO,3
32118,135602,135603,2022,1,0,-0.260401,-78.546101,PICHINCHA,QUITO,QUITO,URBANA,2022-11-02,18:21:00,18,MIERCOLES,3,NOVIEMBRE,11,SI,NO TRANSITAR POR LAS ACERAS O ZONAS DE SEGURIDAD DESTINADAS PARA EL EFECTO.,ATROPELLOS,MOTOCICLETA,0,0,0,0,0,0,0,0,1,0,0,0,0,1,54,MUJER,LESIONADO,PEATON,NO,NO,1
32119,135604,135605,2022,0,0,-0.214385,-78.407131,PICHINCHA,QUITO,TUMBACO,RURAL,2022-11-02,18:45:00,18,MIERCOLES,3,NOVIEMBRE,11,SI,"NO RESPETAR LAS SENIALES REGLAMENTARIAS DE TRANSITO. (PARE, CEDA EL PASO, LUZ ROJA DEL SEMAFORO, ETC).",CHOQUE LATERAL,MOTOCICLETA,1,0,0,0,0,0,0,0,1,0,0,0,0,2,36,HOMBRE,ILESO,CONDUCTOR PRESENTE,NO,NO,3
32120,135612,135613,2022,0,0,-0.450385,-78.760621,PICHINCHA,MEJIA,MANUEL CORNEJO ASTORGA,RURAL,2022-11-02,22:40:00,22,MIERCOLES,3,NOVIEMBRE,11,SI,"CONDUCIR DESATENTO A LAS CONDICIONES DE TRANSITO (CELULAR, PANTALLAS DE VIDEO, COMIDA, MAQUILLAJE O CUALQUIER OTRO ELEMENTO DISTRACTOR).",PERDIDA DE CARRIL,CAMIONETA,0,0,0,0,1,0,0,0,0,0,0,0,1,2,43,HOMBRE,ILESO,CONDUCTOR PRESENTE,NO,NO,3
32121,135617,135618,2022,1,0,-0.248525,-78.536247,PICHINCHA,QUITO,QUITO,URBANA,2022-11-03,02:15:00,2,JUEVES,4,NOVIEMBRE,11,SI,CONDUCIR VEHICULO SUPERANDO LOS LIMITES MAXIMOS DE VELOCIDAD.,PERDIDA DE CARRIL,MOTOCICLETA,0,0,0,0,0,0,0,0,1,0,0,0,0,1,36,HOMBRE,LESIONADO,CONDUCTOR PRESENTE,NO,NO,1
32122,135625,135626,2022,0,0,-0.301851,-78.542279,PICHINCHA,QUITO,QUITO,URBANA,2022-11-03,06:05:00,6,JUEVES,4,NOVIEMBRE,11,SI,CONDUCIR VEHICULO SUPERANDO LOS LIMITES MAXIMOS DE VELOCIDAD.,PERDIDA DE CARRIL,AUTOMOVIL,1,0,0,0,0,0,0,0,0,0,0,0,0,1,-1,NO IDENTIFICADO,NO IDENTIFICADO,CONDUCTOR AUSENTE,NO,NO,2
32123,135626,135627,2022,0,0,-0.234364,-78.509991,PICHINCHA,QUITO,QUITO,URBANA,2022-11-03,06:35:00,6,JUEVES,4,NOVIEMBRE,11,SI,CONDUCIR VEHICULO SUPERANDO LOS LIMITES MAXIMOS DE VELOCIDAD.,ESTRELLAMIENTOS,AUTOMOVIL,1,0,0,0,0,0,0,0,0,0,0,0,0,1,35,HOMBRE,ILESO,CONDUCTOR PRESENTE,NO,NO,1
32124,135641,135642,2022,0,0,-0.088117,-78.426226,PICHINCHA,QUITO,CALDERON (CARAPUNGO),RURAL,2022-11-03,16:00:00,16,JUEVES,4,NOVIEMBRE,11,SI,"NO RESPETAR LAS SENIALES REGLAMENTARIAS DE TRANSITO. (PARE, CEDA EL PASO, LUZ ROJA DEL SEMAFORO, ETC).",CHOQUE LATERAL,AUTOMOVIL,2,0,0,0,0,0,0,0,0,0,0,0,0,2,40,MUJER,ILESO,CONDUCTOR PRESENTE,NO,NO,3
32125,135652,135653,2022,0,0,-0.211276,-78.369828,PICHINCHA,QUITO,TUMBACO,RURAL,2022-11-03,17:50:00,17,JUEVES,4,NOVIEMBRE,11,SI,"CONDUCE BAJO LA INFLUENCIA DE ALCOHOL, SUSTANCIAS ESTUPEFACIENTES O PSICOTROPICAS Y/O MEDICAMENTOS.",CHOQUE POSTERIOR,MOTOCICLETA,1,0,0,0,0,0,0,0,1,0,0,0,0,2,27,HOMBRE,ILESO,CONDUCTOR PRESENTE,NO,NO,3
32126,135653,135654,2022,0,0,-0.219017,-78.506537,PICHINCHA,QUITO,QUITO,URBANA,2022-11-03,18:00:00,18,JUEVES,4,NOVIEMBRE,11,SI,NO MANTENER LA DISTANCIA PRUDENCIAL CON RESPECTO AL VEHICULO QUE LE ANTECEDE.,CHOQUE POSTERIOR,AUTOMOVIL,2,0,0,0,0,0,0,0,0,0,0,0,0,2,38,HOMBRE,ILESO,CONDUCTOR PRESENTE,NO,NO,1
32127,135662,135663,2022,0,1,-0.237322,-78.484706,PICHINCHA,QUITO,QUITO,URBANA,2022-11-03,20:00:00,20,JUEVES,4,NOVIEMBRE,11,SI,CONDUCIR VEHICULO SUPERANDO LOS LIMITES MAXIMOS DE VELOCIDAD.,CHOQUE POSTERIOR,MOTOCICLETA,1,0,0,0,0,0,0,0,1,0,0,0,0,2,35,HOMBRE,FALLECIDO,CONDUCTOR PRESENTE,NO,NO,1
32128,135666,135667,2022,0,0,-0.141886,-78.508732,PICHINCHA,QUITO,QUITO,URBANA,2022-11-03,20:30:00,20,JUEVES,4,NOVIEMBRE,11,SI,CONDUCIR VEHICULO SUPERANDO LOS LIMITES MAXIMOS DE VELOCIDAD.,OTROS,AUTOMOVIL,1,0,0,0,0,0,0,0,0,0,0,0,0,1,-1,NO IDENTIFICADO,NO IDENTIFICADO,CONDUCTOR AUSENTE,NO,NO,2
32129,135669,135670,2022,1,1,0.046171,-78.202414,PICHINCHA,PEDRO MONCAYO,TABACUNDO,RURAL,2022-11-03,21:20:00,21,JUEVES,4,NOVIEMBRE,11,SI,"NO RESPETAR LAS SENIALES REGLAMENTARIAS DE TRANSITO. (PARE, CEDA EL PASO, LUZ ROJA DEL SEMAFORO, ETC).",CHOQUE LATERAL,VEHICULO DEPORTIVO UTILITARIO,1,0,0,0,0,0,0,0,0,0,0,0,1,2,44,MUJER,FALLECIDO,PASAJERO,NO,SI,3
32130,135670,135671,2022,1,0,-0.268618,-78.540065,PICHINCHA,QUITO,QUITO,URBANA,2022-11-03,22:15:00,22,JUEVES,4,NOVIEMBRE,11,SI,"CONDUCE BAJO LA INFLUENCIA DE ALCOHOL, SUSTANCIAS ESTUPEFACIENTES O PSICOTROPICAS Y/O MEDICAMENTOS.",OTROS,CAMION,2,0,0,1,0,0,0,0,0,0,0,0,0,3,8,HOMBRE,LESIONADO,PASAJERO,NO,NO,1
32131,135671,135672,2022,0,0,-0.192809,-78.514351,PICHINCHA,QUITO,QUITO,URBANA,2022-11-03,22:25:00,22,JUEVES,4,NOVIEMBRE,11,SI,CONDUCIR VEHICULO SUPERANDO LOS LIMITES MAXIMOS DE VELOCIDAD.,ESTRELLAMIENTOS,AUTOMOVIL,1,0,0,0,0,0,0,0,0,0,0,0,0,1,19,MUJER,ILESO,CONDUCTOR PRESENTE,NO,NO,1
32132,135672,135673,2022,1,0,-0.325131,-78.461794,PICHINCHA,RUMINIAHUI,SANGOLQUI,URBANA,2022-11-03,22:30:00,22,JUEVES,4,NOVIEMBRE,11,SI,"CONDUCIR DESATENTO A LAS CONDICIONES DE TRANSITO (CELULAR, PANTALLAS DE VIDEO, COMIDA, MAQUILLAJE O CUALQUIER OTRO ELEMENTO DISTRACTOR).",CHOQUE FRONTAL,MOTOCICLETA,0,0,0,0,0,0,0,0,1,0,0,0,1,2,27,HOMBRE,LESIONADO,CONDUCTOR PRESENTE,NO,SI,1
32133,135677,135678,2022,0,0,-0.098029,-78.474075,PICHINCHA,QUITO,QUITO,URBANA,2022-11-04,02:00:00,2,VIERNES,5,NOVIEMBRE,11,SI,CONDUCIR VEHICULO SUPERANDO LOS LIMITES MAXIMOS DE VELOCIDAD.,ESTRELLAMIENTOS,CAMIONETA,0,0,0,0,1,0,0,0,0,0,0,0,0,1,-1,NO IDENTIFICADO,NO IDENTIFICADO,CONDUCTOR AUSENTE,NO,NO,2
32134,135678,135679,2022,0,0,-0.089055,-78.427801,PICHINCHA,QUITO,CALDERON (CARAPUNGO),RURAL,2022-11-04,02:10:00,2,VIERNES,5,NOVIEMBRE,11,SI,"CONDUCE BAJO LA INFLUENCIA DE ALCOHOL, SUSTANCIAS ESTUPEFACIENTES O PSICOTROPICAS Y/O MEDICAMENTOS.",ESTRELLAMIENTOS,AUTOMOVIL,2,0,0,0,0,0,0,0,0,0,0,0,0,2,42,HOMBRE,ILESO,CONDUCTOR PRESENTE,NO,NO,3
32135,135683,135684,2022,1,0,-0.059306,-78.456218,PICHINCHA,QUITO,POMASQUI,URBANA,2022-11-04,05:00:00,5,VIERNES,5,NOVIEMBRE,11,SI,"CASO FORTUITO O FUERZA MAYOR (EXPLOSION DE NEUMATICO NUEVO, DERRUMBE, INUNDACION, CAIDA DE PUENTE, ARBOL, PRESENCIA INTEMPESTIVA E IMPREVISTA DE SEMOVIENTES EN LA VIA, ETC.).",ESTRELLAMIENTOS,MOTOCICLETA,0,0,0,0,0,0,0,0,1,0,0,0,0,1,28,HOMBRE,LESIONADO,CONDUCTOR PRESENTE,NO,SI,1
32136,135689,135690,2022,0,0,-0.151995,-78.464537,PICHINCHA,QUITO,QUITO,URBANA,2022-11-04,09:00:00,9,VIERNES,5,NOVIEMBRE,11,SI,"NO RESPETAR LAS SENIALES REGLAMENTARIAS DE TRANSITO. (PARE, CEDA EL PASO, LUZ ROJA DEL SEMAFORO, ETC).",ESTRELLAMIENTOS,AUTOMOVIL,1,0,0,0,0,0,0,0,0,0,0,0,0,1,27,HOMBRE,ILESO,CONDUCTOR PRESENTE,NO,NO,1