,Unnamed: 0,ID,ANIO,LESIONADOS,FALLECIDOS,LATITUD_Y,LONGITUD_X,PROVINCIA,CANTON,PARROQUIA,ZONA,FECHA,HORA,PERIODO_2,DIA_1,DIA_2,MES_1,MES_2,FERIADO,CAUSA_PROBABLE,TIPO_DE_SINIESTRO,TIPO_DE_VEHICULO_1,AUTOMOVIL,BICICLETA,BUS,CAMION,CAMIONETA,EMERGENCIAS,ESPECIAL,FURGONETA,MOTOCICLETA,NO_IDENTIFICADO,SCOOTER_ELECTRICO,TRICIMOTO,VEHICULO_DEPORTIVO_UTILITARIO,SUMA_DE_VEHICULOS,EDAD_1,SEXO_1,CONDICION_1,PARTICIPANTE_1,CASCO_1,CINTURON_1,KMeans_Cluster
32137,135698,135699,2022,1,0,-0.318571,-78.549281,PICHINCHA,QUITO,QUITO,URBANA,2022-11-04,12:15:00,12,VIERNES,5,NOVIEMBRE,11,SI,CONDUCIR VEHICULO SUPERANDO LOS LIMITES MAXIMOS DE VELOCIDAD.,ESTRELLAMIENTOS,BUS,0,0,1,0,0,0,0,0,0,0,0,0,0,1,36,HOMBRE,LESIONADO,PASAJERO,NO,NO,1
32138,135712,135713,2022,0,0,-0.251592,-78.503989,PICHINCHA,QUITO,QUITO,URBANA,2022-11-04,18:20:00,18,VIERNES,5,NOVIEMBRE,11,SI,"CONDICIONES AMBIENTALES Y/O ATMOSFERICAS (NIEBLA, NEBLINA, GRANIZO, LLUVIA).",ESTRELLAMIENTOS,CAMIONETA,0,0,0,0,1,0,0,0,0,0,0,0,0,1,23,HOMBRE,ILESO,CONDUCTOR PRESENTE,NO,NO,1
32139,135731,135732,2022,0,0,-0.190621,-78.446003,PICHINCHA,QUITO,NAYON,RURAL,2022-11-04,22:48:00,22,VIERNES,5,NOVIEMBRE,11,SI,"CONDICIONES AMBIENTALES Y/O ATMOSFERICAS (NIEBLA, NEBLINA, GRANIZO, LLUVIA).",CHOQUE LATERAL,AUTOMOVIL,2,0,0,0,0,0,0,0,0,0,0,0,0,2,30,HOMBRE,ILESO,CONDUCTOR PRESENTE,NO,NO,3
32140,135732,135733,2022,0,0,-0.241186,-78.534816,PICHINCHA,QUITO,QUITO,URBANA,2022-11-04,22:50:00,22,VIERNES,5,NOVIEMBRE,11,SI,NO CEDER EL DERECHO DE VIA O PREFERENCIA DE PASO A VEHICULOS.,CHOQUE LATERAL,AUTOMOVIL,2,0,0,0,0,0,0,0,0,0,0,0,0,2,29,HOMBRE,ILESO,CONDUCTOR PRESENTE,NO,NO,1
32141,135733,135734,2022,1,1,-0.113786,-78.479323,PICHINCHA,QUITO,QUITO,URBANA,2022-11-04,23:00:00,23,VIERNES,5,NOVIEMBRE,11,SI,"CONDICIONES AMBIENTALES Y/O ATMOSFERICAS (NIEBLA, NEBLINA, GRANIZO, LLUVIA).",PERDIDA DE CARRIL,MOTOCICLETA,0,0,0,0,0,0,0,0,1,0,0,0,0,1,36,HOMBRE,FALLECIDO,CONDUCTOR PRESENTE,NO,NO,1
32142,135734,135735,2022,0,0,-0.169166,-78.488361,PICHINCHA,QUITO,QUITO,URBANA,2022-11-04,23:00:00,23,VIERNES,5,NOVIEMBRE,11,SI,CONDUCIR VEHICULO SUPERANDO LOS LIMITES MAXIMOS DE VELOCIDAD.,ESTRELLAMIENTOS,AUTOMOVIL,1,0,0,0,0,0,0,0,0,0,0,0,0,1,-1,NO IDENTIFICADO,NO IDENTIFICADO,CONDUCTOR AUSENTE,NO,NO,2
32143,135736,135737,2022,2,0,-0.451409,-78.638286,PICHINCHA,MEJIA,ALOAG,RURAL,2022-11-04,23:40:00,23,VIERNES,5,NOVIEMBRE,11,SI,CONDUCIR EN SENTIDO CONTRARIO A LA VIA NORMAL DE CIRCULACION.,CHOQUE FRONTAL,BUS,0,0,1,1,0,0,0,0,0,0,0,0,0,2,60,HOMBRE,LESIONADO,CONDUCTOR PRESENTE,NO,NO,3
32144,135738,135739,2022,0,1,-0.279029,-78.494611,PICHINCHA,QUITO,CONOCOTO,RURAL,2022-11-05,00:10:00,0,SABADO,6,NOVIEMBRE,11,SI,CONDUCIR VEHICULO SUPERANDO LOS LIMITES MAXIMOS DE VELOCIDAD.,PERDIDA DE CARRIL,MOTOCICLETA,0,0,0,0,0,0,0,0,1,0,0,0,0,1,26,HOMBRE,FALLECIDO,CONDUCTOR PRESENTE,NO,NO,3
32145,135739,135740,2022,0,0,-0.109106,-78.457363,PICHINCHA,QUITO,CALDERON (CARAPUNGO),URBANA,2022-11-05,00:30:00,0,SABADO,6,NOVIEMBRE,11,SI,CONDUCIR VEHICULO SUPERANDO LOS LIMITES MAXIMOS DE VELOCIDAD.,OTROS,AUTOMOVIL,1,0,0,0,0,0,0,0,0,0,0,0,0,1,-1,NO IDENTIFICADO,NO IDENTIFICADO,CONDUCTOR AUSENTE,NO,NO,2
32146,135741,135742,2022,0,2,-0.501605,-78.572642,PICHINCHA,MEJIA,MACHACHI,RURAL,2022-11-05,01:00:00,1,SABADO,6,NOVIEMBRE,11,SI,"CONDUCIR DESATENTO A LAS CONDICIONES DE TRANSITO (CELULAR, PANTALLAS DE VIDEO, COMIDA, MAQUILLAJE O CUALQUIER OTRO ELEMENTO DISTRACTOR).",ATROPELLOS,NO IDENTIFICADO,0,0,0,0,0,0,0,0,0,1,0,0,0,1,62,HOMBRE,FALLECIDO,PEATON,NO,SI,3
32147,135745,135746,2022,0,0,-0.126291,-78.480879,PICHINCHA,QUITO,QUITO,URBANA,2022-11-05,03:20:00,3,SABADO,6,NOVIEMBRE,11,SI,CONDUCIR VEHICULO SUPERANDO LOS LIMITES MAXIMOS DE VELOCIDAD.,ESTRELLAMIENTOS,AUTOMOVIL,1,0,0,0,0,0,0,0,0,0,0,0,0,1,39,HOMBRE,ILESO,CONDUCTOR PRESENTE,NO,NO,1
32148,135746,135747,2022,2,0,-0.126531,-78.480892,PICHINCHA,QUITO,QUITO,URBANA,2022-11-05,03:30:00,3,SABADO,6,NOVIEMBRE,11,SI,"CONDUCE BAJO LA INFLUENCIA DE ALCOHOL, SUSTANCIAS ESTUPEFACIENTES O PSICOTROPICAS Y/O MEDICAMENTOS.",ESTRELLAMIENTOS,MOTOCICLETA,0,0,0,0,1,0,0,0,1,0,0,0,0,2,28,HOMBRE,LESIONADO,CONDUCTOR PRESENTE,NO,NO,1
32149,135748,135749,2022,0,0,-0.067391,-78.429929,PICHINCHA,QUITO,CALDERON (CARAPUNGO),RURAL,2022-11-05,04:00:00,4,SABADO,6,NOVIEMBRE,11,SI,CONDUCIR VEHICULO SUPERANDO LOS LIMITES MAXIMOS DE VELOCIDAD.,ESTRELLAMIENTOS,CAMIONETA,0,0,0,0,1,0,0,0,0,0,0,0,0,1,-1,NO IDENTIFICADO,NO IDENTIFICADO,CONDUCTOR AUSENTE,NO,NO,2
32150,135749,135750,2022,0,0,-0.221237,-78.420761,PICHINCHA,QUITO,TUMBACO,RURAL,2022-11-05,04:00:00,4,SABADO,6,NOVIEMBRE,11,SI,"CONDICIONES AMBIENTALES Y/O ATMOSFERICAS (NIEBLA, NEBLINA, GRANIZO, LLUVIA).",ESTRELLAMIENTOS,AUTOMOVIL,1,0,0,0,0,0,0,0,0,0,0,0,0,1,-1,NO IDENTIFICADO,NO IDENTIFICADO,CONDUCTOR AUSENTE,NO,NO,2
32151,135752,135753,2022,2,0,-0.303993,-78.542831,PICHINCHA,QUITO,QUITO,URBANA,2022-11-05,05:50:00,5,SABADO,6,NOVIEMBRE,11,SI,CONDUCIR VEHICULO SUPERANDO LOS LIMITES MAXIMOS DE VELOCIDAD.,ESTRELLAMIENTOS,AUTOMOVIL,1,0,0,0,0,0,0,0,0,0,0,0,0,1,33,HOMBRE,LESIONADO,PASAJERO,NO,NO,1
32152,135754,135755,2022,0,1,0.039819,-78.919787,PICHINCHA,SAN MIGUEL DE LOS BANCOS,SAN MIGUEL DE LOS BANCOS,RURAL,2022-11-05,06:30:00,6,SABADO,6,NOVIEMBRE,11,SI,"CONDUCIR DESATENTO A LAS CONDICIONES DE TRANSITO (CELULAR, PANTALLAS DE VIDEO, COMIDA, MAQUILLAJE O CUALQUIER OTRO ELEMENTO DISTRACTOR).",CHOQUE FRONTAL,CAMION,1,0,0,1,0,0,0,0,0,0,0,0,0,2,53,MUJER,FALLECIDO,PASAJERO,NO,SI,3
32153,135757,135758,2022,1,0,-0.211612,-78.501499,PICHINCHA,QUITO,QUITO,URBANA,2022-11-05,08:07:00,8,SABADO,6,NOVIEMBRE,11,SI,"NO RESPETAR LAS SENIALES REGLAMENTARIAS DE TRANSITO. (PARE, CEDA EL PASO, LUZ ROJA DEL SEMAFORO, ETC).",CHOQUE POSTERIOR,FURGONETA,1,0,0,0,0,0,0,1,0,0,0,0,0,2,65,HOMBRE,LESIONADO,CONDUCTOR PRESENTE,NO,NO,1
32154,135762,135763,2022,1,0,-0.243758,-78.482391,PICHINCHA,QUITO,QUITO,URBANA,2022-11-05,12:20:00,12,SABADO,6,NOVIEMBRE,11,SI,"CONDICIONES AMBIENTALES Y/O ATMOSFERICAS (NIEBLA, NEBLINA, GRANIZO, LLUVIA).",CHOQUE LATERAL,MOTOCICLETA,0,0,0,0,0,0,0,0,1,1,0,0,0,2,27,HOMBRE,LESIONADO,CONDUCTOR PRESENTE,NO,NO,1
32155,135768,135769,2022,0,0,-0.120963,-78.448217,PICHINCHA,QUITO,CALDERON (CARAPUNGO),RURAL,2022-11-05,14:30:00,14,SABADO,6,NOVIEMBRE,11,SI,CONDUCIR VEHICULO SUPERANDO LOS LIMITES MAXIMOS DE VELOCIDAD.,ESTRELLAMIENTOS,AUTOMOVIL,1,0,0,0,0,0,0,0,0,0,0,0,0,1,35,HOMBRE,ILESO,CONDUCTOR PRESENTE,NO,NO,3
32156,135772,135773,2022,1,0,-0.237891,-78.529151,PICHINCHA,QUITO,QUITO,URBANA,2022-11-05,15:30:00,15,SABADO,6,NOVIEMBRE,11,SI,"CONDUCE BAJO LA INFLUENCIA DE ALCOHOL, SUSTANCIAS ESTUPEFACIENTES O PSICOTROPICAS Y/O MEDICAMENTOS.",CHOQUE LATERAL,CAMION,1,0,0,1,0,0,0,0,0,0,0,0,0,2,41,HOMBRE,LESIONADO,CONDUCTOR PRESENTE,NO,NO,1
32157,135775,135776,2022,0,1,-0.209277,-78.496257,PICHINCHA,QUITO,QUITO,URBANA,2022-11-05,16:12:00,16,SABADO,6,NOVIEMBRE,11,SI,NO CEDER EL DERECHO DE VIA O PREFERENCIA DE PASO A VEHICULOS.,OTROS,BUS,0,0,1,0,0,0,0,0,1,0,0,0,0,2,48,HOMBRE,FALLECIDO,CONDUCTOR PRESENTE,NO,NO,1
32158,135780,135781,2022,0,0,-0.005488,-78.513185,PICHINCHA,QUITO,CALACALI,RURAL,2022-11-05,18:00:00,18,SABADO,6,NOVIEMBRE,11,SI,"CONDUCIR DESATENTO A LAS CONDICIONES DE TRANSITO (CELULAR, PANTALLAS DE VIDEO, COMIDA, MAQUILLAJE O CUALQUIER OTRO ELEMENTO DISTRACTOR).",CHOQUE LATERAL,AUTOMOVIL,2,0,0,0,0,0,0,0,0,0,0,0,0,2,29,HOMBRE,ILESO,CONDUCTOR PRESENTE,NO,SI,3
32159,135795,135796,2022,0,0,-0.193988,-78.495685,PICHINCHA,QUITO,QUITO,URBANA,2022-11-05,20:10:00,20,SABADO,6,NOVIEMBRE,11,SI,NO CEDER EL DERECHO DE VIA O PREFERENCIA DE PASO A VEHICULOS.,CHOQUE LATERAL,AUTOMOVIL,2,0,0,0,0,0,0,0,0,0,0,0,0,2,47,HOMBRE,ILESO,CONDUCTOR PRESENTE,NO,NO,1
32160,135826,135827,2022,1,0,-0.116198,-78.488324,PICHINCHA,QUITO,QUITO,URBANA,2022-11-06,07:45:00,7,DOMINGO,7,NOVIEMBRE,11,SI,"NO RESPETAR LAS SENIALES REGLAMENTARIAS DE TRANSITO. (PARE, CEDA EL PASO, LUZ ROJA DEL SEMAFORO, ETC).",CHOQUE LATERAL,MOTOCICLETA,0,0,0,0,1,0,0,0,1,0,0,0,0,2,32,HOMBRE,LESIONADO,CONDUCTOR PRESENTE,NO,NO,1
32161,135833,135834,2022,0,1,-0.094572,-78.510775,PICHINCHA,QUITO,QUITO,URBANA,2022-11-06,09:40:00,9,DOMINGO,7,NOVIEMBRE,11,SI,CONDUCIR VEHICULO SUPERANDO LOS LIMITES MAXIMOS DE VELOCIDAD.,ESTRELLAMIENTOS,MOTOCICLETA,0,0,0,0,0,0,0,0,1,0,0,0,0,1,29,HOMBRE,FALLECIDO,CONDUCTOR PRESENTE,NO,NO,1
32162,135841,135842,2022,2,0,-0.153825,-78.476953,PICHINCHA,QUITO,QUITO,URBANA,2022-11-06,13:10:00,13,DOMINGO,7,NOVIEMBRE,11,SI,NO GUARDAR LA DISTANCIA LATERAL MINIMA DE SEGURIDAD ENTRE VEHICULOS.,ROZAMIENTOS,BUS,0,0,1,0,0,0,0,0,1,0,0,0,0,2,27,HOMBRE,LESIONADO,CONDUCTOR PRESENTE,NO,NO,1
32163,135862,135863,2022,0,0,-0.276224,-78.574024,PICHINCHA,QUITO,QUITO,URBANA,2022-11-06,19:30:00,19,DOMINGO,7,NOVIEMBRE,11,SI,CONDUCIR VEHICULO SUPERANDO LOS LIMITES MAXIMOS DE VELOCIDAD.,ESTRELLAMIENTOS,AUTOMOVIL,1,0,0,0,0,0,0,0,0,0,0,0,0,1,-1,NO IDENTIFICADO,NO IDENTIFICADO,CONDUCTOR AUSENTE,NO,NO,2
32164,135873,135874,2022,0,0,-0.141036,-78.500985,PICHINCHA,QUITO,QUITO,URBANA,2022-11-07,00:05:00,0,LUNES,1,NOVIEMBRE,11,NO,"CONDUCE BAJO LA INFLUENCIA DE ALCOHOL, SUSTANCIAS ESTUPEFACIENTES O PSICOTROPICAS Y/O MEDICAMENTOS.",CHOQUE LATERAL,FURGONETA,0,0,0,0,1,0,0,1,0,0,0,0,0,2,38,HOMBRE,ILESO,CONDUCTOR PRESENTE,NO,NO,1
32165,135881,135882,2022,0,0,-0.179642,-78.495821,PICHINCHA,QUITO,QUITO,URBANA,2022-11-07,07:30:00,7,LUNES,1,NOVIEMBRE,11,NO,"NO RESPETAR LAS SENIALES REGLAMENTARIAS DE TRANSITO. (PARE, CEDA EL PASO, LUZ ROJA DEL SEMAFORO, ETC).",CHOQUE LATERAL,AUTOMOVIL,2,0,0,0,0,0,0,0,0,0,0,0,0,2,67,HOMBRE,ILESO,CONDUCTOR PRESENTE,NO,NO,1
32166,135883,135884,2022,2,0,-0.188041,-78.476838,PICHINCHA,QUITO,QUITO,URBANA,2022-11-07,08:00:00,8,LUNES,1,NOVIEMBRE,11,NO,"NO RESPETAR LAS SENIALES REGLAMENTARIAS DE TRANSITO. (PARE, CEDA EL PASO, LUZ ROJA DEL SEMAFORO, ETC).",ATROPELLOS,AUTOMOVIL,1,0,0,0,0,0,0,0,0,0,0,0,0,1,46,MUJER,LESIONADO,PEATON,NO,NO,1
32167,135893,135894,2022,2,0,-0.314184,-78.551931,PICHINCHA,QUITO,QUITO,URBANA,2022-11-07,11:50:00,11,LUNES,1,NOVIEMBRE,11,NO,"NO RESPETAR LAS SENIALES REGLAMENTARIAS DE TRANSITO. (PARE, CEDA EL PASO, LUZ ROJA DEL SEMAFORO, ETC).",CHOQUE LATERAL,MOTOCICLETA,0,0,0,0,0,0,0,0,1,1,0,0,0,2,32,HOMBRE,LESIONADO,CONDUCTOR PRESENTE,NO,NO,1
32168,135900,135901,2022,0,0,-0.211023,-78.420598,PICHINCHA,QUITO,TUMBACO,RURAL,2022-11-07,12:23:00,12,LUNES,1,NOVIEMBRE,11,NO,"NO RESPETAR LAS SENIALES REGLAMENTARIAS DE TRANSITO. (PARE, CEDA EL PASO, LUZ ROJA DEL SEMAFORO, ETC).",CHOQUE LATERAL,AUTOMOVIL,2,0,0,0,0,0,0,0,0,0,0,0,0,2,36,MUJER,ILESO,CONDUCTOR PRESENTE,NO,NO,3
32169,135904,135905,2022,0,0,-0.177461,-78.491048,PICHINCHA,QUITO,QUITO,URBANA,2022-11-07,15:30:00,15,LUNES,1,NOVIEMBRE,11,NO,NO CEDER EL DERECHO DE VIA O PREFERENCIA DE PASO A VEHICULOS.,CHOQUE LATERAL,MOTOCICLETA,0,0,0,0,1,0,0,0,1,0,0,0,0,2,26,HOMBRE,ILESO,CONDUCTOR PRESENTE,NO,NO,1
32170,135907,135908,2022,2,0,-0.043994,-78.336739,PICHINCHA,QUITO,GUAYLLABAMBA,RURAL,2022-11-07,17:50:00,17,LUNES,1,NOVIEMBRE,11,NO,CONDUCIR EN SENTIDO CONTRARIO A LA VIA NORMAL DE CIRCULACION.,CHOQUE FRONTAL,AUTOMOVIL,2,0,0,0,0,0,0,0,0,0,0,0,0,2,66,HOMBRE,LESIONADO,CONDUCTOR PRESENTE,NO,SI,3
32171,135910,135911,2022,1,0,-0.115534,-78.483353,PICHINCHA,QUITO,QUITO,URBANA,2022-11-07,18:20:00,18,LUNES,1,NOVIEMBRE,11,NO,"NO RESPETAR LAS SENIALES REGLAMENTARIAS DE TRANSITO. (PARE, CEDA EL PASO, LUZ ROJA DEL SEMAFORO, ETC).",CHOQUE LATERAL,MOTOCICLETA,0,0,0,0,0,0,0,1,1,0,0,0,0,2,36,HOMBRE,LESIONADO,CONDUCTOR PRESENTE,NO,NO,1
32172,135912,135913,2022,0,0,-0.468592,-78.590606,PICHINCHA,MEJIA,ALOAG,RURAL,2022-11-07,18:45:00,18,LUNES,1,NOVIEMBRE,11,NO,"NO RESPETAR LAS SENIALES REGLAMENTARIAS DE TRANSITO. (PARE, CEDA EL PASO, LUZ ROJA DEL SEMAFORO, ETC).",CHOQUE LATERAL,CAMION,0,0,0,1,1,0,0,0,0,0,0,0,0,2,-1,HOMBRE,ILESO,CONDUCTOR PRESENTE,NO,NO,3
32173,135923,135924,2022,1,0,-0.250923,-78.531005,PICHINCHA,QUITO,QUITO,URBANA,2022-11-07,20:10:00,20,LUNES,1,NOVIEMBRE,11,NO,NO MANTENER LA DISTANCIA PRUDENCIAL CON RESPECTO AL VEHICULO QUE LE ANTECEDE.,CHOQUE POSTERIOR,MOTOCICLETA,1,0,0,0,0,0,0,0,1,0,0,0,0,2,30,HOMBRE,LESIONADO,CONDUCTOR PRESENTE,NO,NO,1
32174,135925,135926,2022,0,0,-0.094861,-78.477541,PICHINCHA,QUITO,QUITO,URBANA,2022-11-07,22:50:00,22,LUNES,1,NOVIEMBRE,11,NO,"CONDUCE BAJO LA INFLUENCIA DE ALCOHOL, SUSTANCIAS ESTUPEFACIENTES O PSICOTROPICAS Y/O MEDICAMENTOS.",CHOQUE LATERAL,CAMIONETA,1,0,0,0,1,0,0,0,0,0,0,0,0,2,38,HOMBRE,ILESO,CONDUCTOR PRESENTE,NO,NO,1
32175,135939,135940,2022,0,0,-0.142161,-78.443591,PICHINCHA,QUITO,LLANO CHICO,RURAL,2022-11-08,11:40:00,11,MARTES,2,NOVIEMBRE,11,NO,NO CEDER EL DERECHO DE VIA O PREFERENCIA DE PASO A VEHICULOS.,CHOQUE LATERAL,CAMION,1,0,0,1,0,0,0,0,0,0,0,0,0,2,50,HOMBRE,ILESO,CONDUCTOR PRESENTE,NO,NO,3
32176,135940,135941,2022,0,0,-0.449411,-78.585734,PICHINCHA,MEJIA,ALOAG,URBANA,2022-11-08,11:45:00,11,MARTES,2,NOVIEMBRE,11,NO,"PRESENCIA DE AGENTES EXTERNOS EN LA VIA (AGUA, ACEITE, PIEDRA, LASTRE, ESCOMBROS, MADEROS, ETC.).",ESTRELLAMIENTOS,NO IDENTIFICADO,0,0,0,0,0,0,0,0,0,1,0,0,0,1,39,HOMBRE,ILESO,CONDUCTOR PRESENTE,NO,SI,1
32177,135943,135944,2022,1,0,-0.193894,-78.498506,PICHINCHA,QUITO,QUITO,URBANA,2022-11-08,12:40:00,12,MARTES,2,NOVIEMBRE,11,NO,NO CEDER EL DERECHO DE VIA O PREFERENCIA DE PASO A VEHICULOS.,CHOQUE LATERAL,CAMION,0,0,0,1,0,0,0,0,1,0,0,0,0,2,45,HOMBRE,LESIONADO,CONDUCTOR PRESENTE,NO,NO,1
32178,135949,135950,2022,2,0,-0.092355,-78.499145,PICHINCHA,QUITO,QUITO,URBANA,2022-11-08,14:40:00,14,MARTES,2,NOVIEMBRE,11,NO,NO CEDER EL DERECHO DE VIA O PREFERENCIA DE PASO A VEHICULOS.,CHOQUE LATERAL,MOTOCICLETA,1,0,0,0,0,0,0,0,1,0,0,0,0,2,40,HOMBRE,LESIONADO,CONDUCTOR PRESENTE,NO,NO,1
32179,135954,135955,2022,1,0,-0.143999,-78.497444,PICHINCHA,QUITO,QUITO,URBANA,2022-11-08,16:00:00,16,MARTES,2,NOVIEMBRE,11,NO,NO TRANSITAR POR LAS ACERAS O ZONAS DE SEGURIDAD DESTINADAS PARA EL EFECTO.,ATROPELLOS,AUTOMOVIL,1,0,0,0,0,0,0,0,0,0,0,0,0,1,12,HOMBRE,LESIONADO,PEATON,NO,NO,1
32180,135957,135958,2022,0,0,-0.229437,-78.522893,PICHINCHA,QUITO,QUITO,URBANA,2022-11-08,16:37:00,16,MARTES,2,NOVIEMBRE,11,NO,CONDUCIR VEHICULO SUPERANDO LOS LIMITES MAXIMOS DE VELOCIDAD.,ESTRELLAMIENTOS,AUTOMOVIL,1,0,0,0,0,0,0,0,0,0,0,0,0,1,38,HOMBRE,ILESO,PASAJERO,NO,NO,1
32181,135959,135960,2022,0,1,-0.317353,-78.426884,PICHINCHA,QUITO,ALANGASI,RURAL,2022-11-08,19:45:00,19,MARTES,2,NOVIEMBRE,11,NO,NO CEDER EL DERECHO DE VIA O PREFERENCIA DE PASO AL PEATON.,ATROPELLOS,NO IDENTIFICADO,0,0,0,0,0,0,0,0,0,1,0,0,0,1,44,MUJER,FALLECIDO,PEATON,NO,NO,3
32182,135963,135964,2022,0,0,-0.256058,-78.490761,PICHINCHA,QUITO,QUITO,URBANA,2022-11-08,21:10:00,21,MARTES,2,NOVIEMBRE,11,NO,CONDUCIR VEHICULO SUPERANDO LOS LIMITES MAXIMOS DE VELOCIDAD.,ESTRELLAMIENTOS,MOTOCICLETA,1,0,0,0,0,0,0,0,1,0,0,0,0,2,19,HOMBRE,ILESO,CONDUCTOR PRESENTE,NO,NO,1
32183,135964,135965,2022,1,0,-0.419056,-78.793889,PICHINCHA,MEJIA,MANUEL CORNEJO ASTORGA,RURAL,2022-11-08,23:45:00,23,MARTES,2,NOVIEMBRE,11,NO,"CONDUCIR DESATENTO A LAS CONDICIONES DE TRANSITO (CELULAR, PANTALLAS DE VIDEO, COMIDA, MAQUILLAJE O CUALQUIER OTRO ELEMENTO DISTRACTOR).",PERDIDA DE CARRIL,CAMION,0,0,0,2,0,0,0,0,0,0,0,0,0,2,-1,HOMBRE,LESIONADO,CONDUCTOR PRESENTE,NO,NO,3
32184,135986,135987,2022,1,0,-0.134009,-78.471758,PICHINCHA,QUITO,QUITO,URBANA,2022-11-09,14:15:00,14,MIERCOLES,3,NOVIEMBRE,11,NO,"NO RESPETAR LAS SENIALES REGLAMENTARIAS DE TRANSITO. (PARE, CEDA EL PASO, LUZ ROJA DEL SEMAFORO, ETC).",CHOQUE LATERAL,MOTOCICLETA,0,0,0,0,1,0,0,0,1,0,0,0,0,2,30,HOMBRE,LESIONADO,CONDUCTOR PRESENTE,NO,NO,1
32185,135987,135988,2022,0,0,-0.215517,-78.380551,PICHINCHA,QUITO,TUMBACO,RURAL,2022-11-09,14:30:00,14,MIERCOLES,3,NOVIEMBRE,11,NO,"NO RESPETAR LAS SENIALES REGLAMENTARIAS DE TRANSITO. (PARE, CEDA EL PASO, LUZ ROJA DEL SEMAFORO, ETC).",CHOQUE LATERAL,CAMIONETA,1,0,0,0,1,0,0,0,0,0,0,0,0,2,20,MUJER,ILESO,CONDUCTOR PRESENTE,NO,NO,3
32186,135988,135989,2022,0,0,-0.144664,-78.483379,PICHINCHA,QUITO,QUITO,URBANA,2022-11-09,15:50:00,15,MIERCOLES,3,NOVIEMBRE,11,NO,"NO RESPETAR LAS SENIALES REGLAMENTARIAS DE TRANSITO. (PARE, CEDA EL PASO, LUZ ROJA DEL SEMAFORO, ETC).",OTROS,BUS,0,0,1,0,0,0,1,0,0,0,0,0,0,2,51,HOMBRE,ILESO,CONDUCTOR PRESENTE,NO,NO,1
32187,136005,136006,2022,1,0,-0.215635,-78.502328,PICHINCHA,QUITO,QUITO,URBANA,2022-11-10,07:45:00,7,JUEVES,4,NOVIEMBRE,11,NO,BAJARSE O SUBIRSE DE VEHICULOS EN MOVIMIENTO SIN TOMAR LAS PRECAUCIONES DEBIDAS.,CAIDA DE PASAJERO,BUS,0,0,1,0,0,0,0,0,0,0,0,0,0,1,61,MUJER,LESIONADO,PASAJERO,NO,NO,1
32188,136022,136023,2022,0,0,-0.169991,-78.449885,PICHINCHA,QUITO,QUITO,URBANA,2022-11-10,18:00:00,18,JUEVES,4,NOVIEMBRE,11,NO,NO MANTENER LA DISTANCIA PRUDENCIAL CON RESPECTO AL VEHICULO QUE LE ANTECEDE.,CHOQUE POSTERIOR,AUTOMOVIL,2,0,0,0,0,0,0,0,0,0,0,0,0,2,23,HOMBRE,ILESO,CONDUCTOR PRESENTE,NO,NO,1
32189,136025,136026,2022,0,0,-0.289281,-78.520941,PICHINCHA,QUITO,QUITO,URBANA,2022-11-10,19:03:00,19,JUEVES,4,NOVIEMBRE,11,NO,NO MANTENER LA DISTANCIA PRUDENCIAL CON RESPECTO AL VEHICULO QUE LE ANTECEDE.,CHOQUE POSTERIOR,AUTOMOVIL,2,0,0,0,0,0,0,0,0,0,0,0,0,2,29,HOMBRE,ILESO,CONDUCTOR PRESENTE,NO,NO,1
32190,136031,136032,2022,0,0,-0.389346,-78.523793,PICHINCHA,MEJIA,UYUMBICHO,URBANA,2022-11-10,21:30:00,21,JUEVES,4,NOVIEMBRE,11,NO,"CONDUCIR DESATENTO A LAS CONDICIONES DE TRANSITO (CELULAR, PANTALLAS DE VIDEO, COMIDA, MAQUILLAJE O CUALQUIER OTRO ELEMENTO DISTRACTOR).",CHOQUE LATERAL,FURGONETA,0,0,0,0,0,0,0,1,0,0,0,0,1,2,32,HOMBRE,ILESO,CONDUCTOR PRESENTE,NO,SI,1
32191,136038,136039,2022,1,0,-0.161894,-78.483074,PICHINCHA,QUITO,QUITO,URBANA,2022-11-10,23:30:00,23,JUEVES,4,NOVIEMBRE,11,NO,"CONDUCE BAJO LA INFLUENCIA DE ALCOHOL, SUSTANCIAS ESTUPEFACIENTES O PSICOTROPICAS Y/O MEDICAMENTOS.",CHOQUE LATERAL,MOTOCICLETA,1,0,0,0,0,0,0,0,1,0,0,0,0,2,27,HOMBRE,LESIONADO,CONDUCTOR PRESENTE,NO,NO,1
32192,136057,136058,2022,0,0,-0.044637,-78.455357,PICHINCHA,QUITO,POMASQUI,URBANA,2022-11-11,10:00:00,10,VIERNES,5,NOVIEMBRE,11,NO,"CASO FORTUITO O FUERZA MAYOR (EXPLOSION DE NEUMATICO NUEVO, DERRUMBE, INUNDACION, CAIDA DE PUENTE, ARBOL, PRESENCIA INTEMPESTIVA E IMPREVISTA DE SEMOVIENTES EN LA VIA, ETC.).",CHOQUE POSTERIOR,ESPECIAL,1,0,0,0,0,0,1,0,0,0,0,0,0,2,44,HOMBRE,ILESO,CONDUCTOR PRESENTE,NO,SI,1