,Unnamed: 0,ID,ANIO,LESIONADOS,FALLECIDOS,LATITUD_Y,LONGITUD_X,PROVINCIA,CANTON,PARROQUIA,ZONA,FECHA,HORA,PERIODO_2,DIA_1,DIA_2,MES_1,MES_2,FERIADO,CAUSA_PROBABLE,TIPO_DE_SINIESTRO,TIPO_DE_VEHICULO_1,AUTOMOVIL,BICICLETA,BUS,CAMION,CAMIONETA,EMERGENCIAS,ESPECIAL,FURGONETA,MOTOCICLETA,NO_IDENTIFICADO,SCOOTER_ELECTRICO,TRICIMOTO,VEHICULO_DEPORTIVO_UTILITARIO,SUMA_DE_VEHICULOS,EDAD_1,SEXO_1,CONDICION_1,PARTICIPANTE_1,CASCO_1,CINTURON_1,KMeans_Cluster
32193,136058,136059,2022,0,0,-0.170808,-78.490429,PICHINCHA,QUITO,QUITO,URBANA,2022-11-11,10:30:00,10,VIERNES,5,NOVIEMBRE,11,NO,"NO RESPETAR LAS SENIALES REGLAMENTARIAS DE TRANSITO. (PARE, CEDA EL PASO, LUZ ROJA DEL SEMAFORO, ETC).",OTROS,AUTOMOVIL,3,0,0,0,0,0,0,0,0,0,0,0,0,3,20,HOMBRE,ILESO,CONDUCTOR PRESENTE,NO,NO,1
32194,136060,136061,2022,0,0,-0.272585,-78.522003,PICHINCHA,QUITO,QUITO,URBANA,2022-11-11,11:00:00,11,VIERNES,5,NOVIEMBRE,11,NO,CONDUCIR VEHICULO SUPERANDO LOS LIMITES MAXIMOS DE VELOCIDAD.,ESTRELLAMIENTOS,AUTOMOVIL,2,0,0,0,0,0,0,0,0,0,0,0,0,2,24,HOMBRE,ILESO,CONDUCTOR PRESENTE,NO,NO,1
32195,136067,136068,2022,1,0,-0.102108,-78.491533,PICHINCHA,QUITO,QUITO,URBANA,2022-11-11,14:30:00,14,VIERNES,5,NOVIEMBRE,11,NO,NO CEDER EL DERECHO DE VIA O PREFERENCIA DE PASO A VEHICULOS.,CHOQUE LATERAL,MOTOCICLETA,0,0,0,0,0,0,0,0,1,1,0,0,0,2,36,HOMBRE,LESIONADO,CONDUCTOR PRESENTE,NO,NO,1
32196,136068,136069,2022,0,0,-0.244975,-78.501021,PICHINCHA,QUITO,QUITO,URBANA,2022-11-11,16:00:00,16,VIERNES,5,NOVIEMBRE,11,NO,NO MANTENER LA DISTANCIA PRUDENCIAL CON RESPECTO AL VEHICULO QUE LE ANTECEDE.,COLISION,FURGONETA,2,0,0,0,0,0,0,1,0,2,0,0,0,5,69,HOMBRE,ILESO,CONDUCTOR PRESENTE,NO,NO,1
32197,136069,136070,2022,0,0,-0.094877,-78.477561,PICHINCHA,QUITO,QUITO,URBANA,2022-11-11,16:15:00,16,VIERNES,5,NOVIEMBRE,11,NO,"NO RESPETAR LAS SENIALES REGLAMENTARIAS DE TRANSITO. (PARE, CEDA EL PASO, LUZ ROJA DEL SEMAFORO, ETC).",CHOQUE LATERAL,AUTOMOVIL,2,0,0,0,0,0,0,0,0,0,0,0,0,2,50,MUJER,ILESO,CONDUCTOR PRESENTE,NO,NO,1
32198,136075,136076,2022,1,0,-0.283483,-78.535636,PICHINCHA,QUITO,QUITO,URBANA,2022-11-11,17:45:00,17,VIERNES,5,NOVIEMBRE,11,NO,NO TRANSITAR POR LAS ACERAS O ZONAS DE SEGURIDAD DESTINADAS PARA EL EFECTO.,ATROPELLOS,BUS,0,0,1,0,0,0,0,0,0,0,0,0,0,1,33,HOMBRE,LESIONADO,PEATON,NO,NO,1
32199,136080,136081,2022,1,0,-0.141439,-78.483049,PICHINCHA,QUITO,QUITO,URBANA,2022-11-11,19:00:00,19,VIERNES,5,NOVIEMBRE,11,NO,"NO RESPETAR LAS SENIALES REGLAMENTARIAS DE TRANSITO. (PARE, CEDA EL PASO, LUZ ROJA DEL SEMAFORO, ETC).",CHOQUE LATERAL,MOTOCICLETA,1,0,0,0,0,0,0,0,1,0,0,0,0,2,30,HOMBRE,LESIONADO,CONDUCTOR PRESENTE,NO,NO,1
32200,136083,136084,2022,3,0,-0.139051,-78.493025,PICHINCHA,QUITO,QUITO,URBANA,2022-11-11,19:30:00,19,VIERNES,5,NOVIEMBRE,11,NO,"CONDUCE BAJO LA INFLUENCIA DE ALCOHOL, SUSTANCIAS ESTUPEFACIENTES O PSICOTROPICAS Y/O MEDICAMENTOS.",OTROS,CAMIONETA,3,0,0,0,1,0,0,0,0,0,0,0,0,4,37,HOMBRE,LESIONADO,CONDUCTOR PRESENTE,NO,NO,1
32201,136092,136093,2022,0,0,-0.206101,-78.430613,PICHINCHA,QUITO,CUMBAYA,RURAL,2022-11-11,21:15:00,21,VIERNES,5,NOVIEMBRE,11,NO,CONDUCIR VEHICULO SUPERANDO LOS LIMITES MAXIMOS DE VELOCIDAD.,ESTRELLAMIENTOS,CAMIONETA,0,0,0,0,1,0,0,0,0,0,0,0,0,1,51,HOMBRE,ILESO,CONDUCTOR PRESENTE,NO,NO,3
32202,136094,136095,2022,2,0,-0.057318,-78.427785,PICHINCHA,QUITO,CALDERON (CARAPUNGO),RURAL,2022-11-11,21:45:00,21,VIERNES,5,NOVIEMBRE,11,NO,"CONDUCE BAJO LA INFLUENCIA DE ALCOHOL, SUSTANCIAS ESTUPEFACIENTES O PSICOTROPICAS Y/O MEDICAMENTOS.",ATROPELLOS,AUTOMOVIL,1,0,0,0,0,0,0,0,0,0,0,0,0,1,25,HOMBRE,LESIONADO,PEATON,NO,NO,3
32203,136095,136096,2022,3,0,-0.224421,-78.513801,PICHINCHA,QUITO,QUITO,URBANA,2022-11-11,21:50:00,21,VIERNES,5,NOVIEMBRE,11,NO,NO TRANSITAR POR LAS ACERAS O ZONAS DE SEGURIDAD DESTINADAS PARA EL EFECTO.,ATROPELLOS,AUTOMOVIL,1,0,0,0,0,0,0,0,0,0,0,0,0,1,75,HOMBRE,LESIONADO,PEATON,NO,NO,1
32204,136099,136100,2022,0,0,-0.258859,-78.494572,PICHINCHA,QUITO,CONOCOTO,RURAL,2022-11-11,23:10:00,23,VIERNES,5,NOVIEMBRE,11,NO,REALIZAR CAMBIO BRUSCO O INDEBIDO DE CARRIL.,CHOQUE FRONTAL,AUTOMOVIL,2,0,0,0,0,0,0,0,0,0,0,0,0,2,37,MUJER,ILESO,CONDUCTOR PRESENTE,NO,NO,3
32205,136100,136101,2022,1,0,-0.223501,-78.504321,PICHINCHA,QUITO,QUITO,URBANA,2022-11-11,23:30:00,23,VIERNES,5,NOVIEMBRE,11,NO,"NO RESPETAR LAS SENIALES REGLAMENTARIAS DE TRANSITO. (PARE, CEDA EL PASO, LUZ ROJA DEL SEMAFORO, ETC).",CHOQUE FRONTAL,MOTOCICLETA,1,0,0,0,0,0,0,0,1,0,0,0,0,2,35,MUJER,LESIONADO,PASAJERO,NO,NO,1
32206,136105,136106,2022,0,0,-0.127617,-78.483565,PICHINCHA,QUITO,QUITO,URBANA,2022-11-12,02:10:00,2,SABADO,6,NOVIEMBRE,11,NO,"NO RESPETAR LAS SENIALES REGLAMENTARIAS DE TRANSITO. (PARE, CEDA EL PASO, LUZ ROJA DEL SEMAFORO, ETC).",ESTRELLAMIENTOS,AUTOMOVIL,1,0,0,0,0,0,0,0,0,0,0,0,0,1,-1,NO IDENTIFICADO,NO IDENTIFICADO,CONDUCTOR AUSENTE,NO,NO,2
32207,136109,136110,2022,0,0,-0.161074,-78.447202,PICHINCHA,QUITO,NAYON,RURAL,2022-11-12,02:50:00,2,SABADO,6,NOVIEMBRE,11,NO,CONDUCIR VEHICULO SUPERANDO LOS LIMITES MAXIMOS DE VELOCIDAD.,ESTRELLAMIENTOS,CAMIONETA,0,0,0,0,1,0,0,0,0,0,0,0,0,1,-1,NO IDENTIFICADO,NO IDENTIFICADO,CONDUCTOR AUSENTE,NO,NO,2
32208,136120,136121,2022,1,0,-0.150931,-78.497753,PICHINCHA,QUITO,QUITO,URBANA,2022-11-12,10:00:00,10,SABADO,6,NOVIEMBRE,11,NO,NO MANTENER LA DISTANCIA PRUDENCIAL CON RESPECTO AL VEHICULO QUE LE ANTECEDE.,COLISION,AUTOMOVIL,3,0,0,0,0,0,0,0,0,0,0,0,0,3,38,HOMBRE,LESIONADO,CONDUCTOR PRESENTE,NO,NO,1
32209,136122,136123,2022,1,0,-0.101672,-78.448065,PICHINCHA,QUITO,CALDERON (CARAPUNGO),RURAL,2022-11-12,11:45:00,11,SABADO,6,NOVIEMBRE,11,NO,NO TRANSITAR POR LAS ACERAS O ZONAS DE SEGURIDAD DESTINADAS PARA EL EFECTO.,ATROPELLOS,AUTOMOVIL,1,0,0,0,0,0,0,0,0,0,0,0,0,1,13,HOMBRE,LESIONADO,PEATON,NO,NO,3
32210,136130,136131,2022,0,0,-0.311645,-78.409128,PICHINCHA,QUITO,ALANGASI,RURAL,2022-11-12,14:00:00,14,SABADO,6,NOVIEMBRE,11,NO,"CONDICIONES AMBIENTALES Y/O ATMOSFERICAS (NIEBLA, NEBLINA, GRANIZO, LLUVIA).",CHOQUE POSTERIOR,AUTOMOVIL,2,0,0,0,0,0,0,0,0,0,0,0,0,2,44,HOMBRE,ILESO,CONDUCTOR PRESENTE,NO,NO,3
32211,136131,136132,2022,1,0,-0.269937,-78.551658,PICHINCHA,QUITO,QUITO,URBANA,2022-11-12,14:26:00,14,SABADO,6,NOVIEMBRE,11,NO,NO TRANSITAR POR LAS ACERAS O ZONAS DE SEGURIDAD DESTINADAS PARA EL EFECTO.,ATROPELLOS,BUS,0,0,1,0,0,0,0,0,0,0,0,0,0,1,43,HOMBRE,LESIONADO,PEATON,NO,NO,1
32212,136136,136137,2022,0,1,-0.195414,-78.497305,PICHINCHA,QUITO,QUITO,URBANA,2022-11-12,15:10:00,15,SABADO,6,NOVIEMBRE,11,NO,"NO RESPETAR LAS SENIALES REGLAMENTARIAS DE TRANSITO. (PARE, CEDA EL PASO, LUZ ROJA DEL SEMAFORO, ETC).",PERDIDA DE CARRIL,MOTOCICLETA,0,0,0,0,0,0,0,0,1,0,0,0,0,1,37,HOMBRE,FALLECIDO,CONDUCTOR PRESENTE,NO,NO,1
32213,136140,136141,2022,0,0,-0.151179,-78.567768,PICHINCHA,QUITO,NONO,URBANA,2022-11-12,16:15:00,16,SABADO,6,NOVIEMBRE,11,NO,"CONDUCIR DESATENTO A LAS CONDICIONES DE TRANSITO (CELULAR, PANTALLAS DE VIDEO, COMIDA, MAQUILLAJE O CUALQUIER OTRO ELEMENTO DISTRACTOR).",CHOQUE LATERAL,VEHICULO DEPORTIVO UTILITARIO,0,0,0,0,0,0,0,0,0,1,0,0,1,2,29,HOMBRE,ILESO,CONDUCTOR PRESENTE,NO,SI,1
32214,136144,136145,2022,0,0,-0.215641,-78.456591,PICHINCHA,QUITO,CUMBAYA,RURAL,2022-11-12,18:00:00,18,SABADO,6,NOVIEMBRE,11,NO,CONDUCIR VEHICULO SUPERANDO LOS LIMITES MAXIMOS DE VELOCIDAD.,ESTRELLAMIENTOS,CAMIONETA,0,0,0,0,1,0,0,0,0,0,0,0,0,1,-1,NO IDENTIFICADO,NO IDENTIFICADO,CONDUCTOR AUSENTE,NO,NO,2
32215,136147,136148,2022,0,0,-0.190257,-78.454187,PICHINCHA,QUITO,NAYON,URBANA,2022-11-12,18:30:00,18,SABADO,6,NOVIEMBRE,11,NO,CONDUCIR VEHICULO SUPERANDO LOS LIMITES MAXIMOS DE VELOCIDAD.,OTROS,AUTOMOVIL,2,0,0,0,0,0,0,0,0,0,0,0,0,2,30,HOMBRE,ILESO,CONDUCTOR PRESENTE,NO,NO,1
32216,136150,136151,2022,0,0,-0.235401,-78.517301,PICHINCHA,QUITO,QUITO,URBANA,2022-11-12,18:45:00,18,SABADO,6,NOVIEMBRE,11,NO,CONDUCIR VEHICULO SUPERANDO LOS LIMITES MAXIMOS DE VELOCIDAD.,COLISION,AUTOMOVIL,2,0,0,0,0,0,0,0,0,1,0,0,0,3,53,HOMBRE,ILESO,CONDUCTOR PRESENTE,NO,NO,1
32217,136165,136166,2022,0,0,-0.203619,-78.496806,PICHINCHA,QUITO,QUITO,URBANA,2022-11-12,22:00:00,22,SABADO,6,NOVIEMBRE,11,NO,"CONDUCE BAJO LA INFLUENCIA DE ALCOHOL, SUSTANCIAS ESTUPEFACIENTES O PSICOTROPICAS Y/O MEDICAMENTOS.",CHOQUE LATERAL,AUTOMOVIL,2,0,0,0,0,0,0,0,0,0,0,0,0,2,81,HOMBRE,ILESO,CONDUCTOR PRESENTE,NO,NO,1
32218,136166,136167,2022,2,0,-0.268885,-78.538631,PICHINCHA,QUITO,QUITO,URBANA,2022-11-12,22:20:00,22,SABADO,6,NOVIEMBRE,11,NO,REALIZAR CAMBIO BRUSCO O INDEBIDO DE CARRIL.,CHOQUE FRONTAL,AUTOMOVIL,2,0,0,0,0,0,0,0,0,0,0,0,0,2,28,MUJER,LESIONADO,PASAJERO,NO,NO,1
32219,136174,136175,2022,0,0,-0.250153,-78.496394,PICHINCHA,QUITO,QUITO,URBANA,2022-11-12,23:20:00,23,SABADO,6,NOVIEMBRE,11,NO,REALIZAR CAMBIO BRUSCO O INDEBIDO DE CARRIL.,CHOQUE FRONTAL,AUTOMOVIL,2,0,0,0,0,0,0,0,0,0,0,0,0,2,55,HOMBRE,ILESO,CONDUCTOR PRESENTE,NO,NO,1
32220,136188,136189,2022,0,1,-0.323901,-78.550101,PICHINCHA,QUITO,QUITO,URBANA,2022-11-13,01:30:00,1,DOMINGO,7,NOVIEMBRE,11,NO,CONDUCIR VEHICULO SUPERANDO LOS LIMITES MAXIMOS DE VELOCIDAD.,PERDIDA DE CARRIL,MOTOCICLETA,0,0,0,0,0,0,0,0,1,0,0,0,0,1,38,HOMBRE,FALLECIDO,CONDUCTOR PRESENTE,NO,NO,1
32221,136189,136190,2022,1,0,-0.175493,-78.485571,PICHINCHA,QUITO,QUITO,URBANA,2022-11-13,02:05:00,2,DOMINGO,7,NOVIEMBRE,11,NO,"NO RESPETAR LAS SENIALES REGLAMENTARIAS DE TRANSITO. (PARE, CEDA EL PASO, LUZ ROJA DEL SEMAFORO, ETC).",CHOQUE LATERAL,AUTOMOVIL,2,0,0,0,0,0,0,0,0,0,0,0,0,2,38,HOMBRE,LESIONADO,CONDUCTOR PRESENTE,NO,NO,1
32222,136191,136192,2022,0,0,-0.141458,-78.483085,PICHINCHA,QUITO,QUITO,URBANA,2022-11-13,02:10:00,2,DOMINGO,7,NOVIEMBRE,11,NO,CONDUCIR VEHICULO SUPERANDO LOS LIMITES MAXIMOS DE VELOCIDAD.,ESTRELLAMIENTOS,CAMIONETA,0,0,0,0,1,0,0,0,0,0,0,0,0,1,29,HOMBRE,ILESO,CONDUCTOR PRESENTE,NO,NO,1
32223,136195,136196,2022,0,0,-0.259609,-78.503197,PICHINCHA,QUITO,QUITO,URBANA,2022-11-13,03:00:00,3,DOMINGO,7,NOVIEMBRE,11,NO,CONDUCIR VEHICULO SUPERANDO LOS LIMITES MAXIMOS DE VELOCIDAD.,ESTRELLAMIENTOS,AUTOMOVIL,1,0,0,0,0,0,0,0,0,0,0,0,0,1,-1,NO IDENTIFICADO,NO IDENTIFICADO,CONDUCTOR AUSENTE,NO,NO,2
32224,136201,136202,2022,0,1,0.046342,-78.181301,PICHINCHA,PEDRO MONCAYO,TABACUNDO,RURAL,2022-11-13,03:30:00,3,DOMINGO,7,NOVIEMBRE,11,NO,"NO RESPETAR LAS SENIALES REGLAMENTARIAS DE TRANSITO. (PARE, CEDA EL PASO, LUZ ROJA DEL SEMAFORO, ETC).",ESTRELLAMIENTOS,NO IDENTIFICADO,0,0,0,0,0,0,0,0,0,1,0,0,0,1,23,HOMBRE,FALLECIDO,CONDUCTOR PRESENTE,NO,SI,3
32225,136203,136204,2022,0,0,-0.092745,-78.471531,PICHINCHA,QUITO,QUITO,URBANA,2022-11-13,04:10:00,4,DOMINGO,7,NOVIEMBRE,11,NO,"NO RESPETAR LAS SENIALES REGLAMENTARIAS DE TRANSITO. (PARE, CEDA EL PASO, LUZ ROJA DEL SEMAFORO, ETC).",ESTRELLAMIENTOS,AUTOMOVIL,1,0,0,0,0,0,0,0,0,0,0,0,0,1,-1,NO IDENTIFICADO,NO IDENTIFICADO,CONDUCTOR AUSENTE,NO,NO,2
32226,136210,136211,2022,2,0,-0.306385,-78.549848,PICHINCHA,QUITO,QUITO,URBANA,2022-11-13,06:05:00,6,DOMINGO,7,NOVIEMBRE,11,NO,"CONDUCE BAJO LA INFLUENCIA DE ALCOHOL, SUSTANCIAS ESTUPEFACIENTES O PSICOTROPICAS Y/O MEDICAMENTOS.",ATROPELLOS,AUTOMOVIL,2,0,0,0,0,0,0,0,0,0,0,0,0,2,25,HOMBRE,LESIONADO,PEATON,NO,NO,1
32227,136214,136215,2022,2,0,-0.221424,-78.495257,PICHINCHA,QUITO,QUITO,URBANA,2022-11-13,08:30:00,8,DOMINGO,7,NOVIEMBRE,11,NO,CONDUCIR VEHICULO SUPERANDO LOS LIMITES MAXIMOS DE VELOCIDAD.,COLISION,MOTOCICLETA,0,0,0,0,0,0,0,0,2,1,0,0,0,3,38,HOMBRE,LESIONADO,CONDUCTOR PRESENTE,NO,NO,1
32228,136216,136217,2022,0,0,-0.109351,-78.458056,PICHINCHA,QUITO,CALDERON (CARAPUNGO),RURAL,2022-11-13,09:10:00,9,DOMINGO,7,NOVIEMBRE,11,NO,CONDUCIR VEHICULO SUPERANDO LOS LIMITES MAXIMOS DE VELOCIDAD.,COLISION,AUTOMOVIL,3,0,0,0,0,0,0,0,0,0,0,0,0,3,68,HOMBRE,ILESO,CONDUCTOR PRESENTE,NO,NO,3
32229,136219,136220,2022,1,0,-0.344611,-78.865142,PICHINCHA,MEJIA,MANUEL CORNEJO ASTORGA,RURAL,2022-11-13,10:50:00,10,DOMINGO,7,NOVIEMBRE,11,NO,"CONDUCIR DESATENTO A LAS CONDICIONES DE TRANSITO (CELULAR, PANTALLAS DE VIDEO, COMIDA, MAQUILLAJE O CUALQUIER OTRO ELEMENTO DISTRACTOR).",ESTRELLAMIENTOS,VEHICULO DEPORTIVO UTILITARIO,0,0,0,0,0,0,0,0,0,0,0,0,1,1,34,HOMBRE,LESIONADO,CONDUCTOR PRESENTE,NO,NO,3
32230,136228,136229,2022,0,0,-0.240362,-78.524436,PICHINCHA,QUITO,QUITO,URBANA,2022-11-13,16:30:00,16,DOMINGO,7,NOVIEMBRE,11,NO,CONDUCIR VEHICULO SUPERANDO LOS LIMITES MAXIMOS DE VELOCIDAD.,CHOQUE LATERAL,AUTOMOVIL,2,0,0,0,0,0,0,0,0,0,0,0,0,2,70,HOMBRE,ILESO,CONDUCTOR PRESENTE,NO,NO,1
32231,136233,136234,2022,0,0,-0.236594,-78.489793,PICHINCHA,QUITO,QUITO,URBANA,2022-11-13,17:45:00,17,DOMINGO,7,NOVIEMBRE,11,NO,"CONDICIONES AMBIENTALES Y/O ATMOSFERICAS (NIEBLA, NEBLINA, GRANIZO, LLUVIA).",OTROS,AUTOMOVIL,3,0,0,0,0,0,0,0,0,0,0,0,0,3,57,HOMBRE,ILESO,CONDUCTOR PRESENTE,NO,NO,1
32232,136238,136239,2022,0,0,-0.206081,-78.483166,PICHINCHA,QUITO,QUITO,URBANA,2022-11-13,18:10:00,18,DOMINGO,7,NOVIEMBRE,11,NO,NO CEDER EL DERECHO DE VIA O PREFERENCIA DE PASO A VEHICULOS.,CHOQUE LATERAL,AUTOMOVIL,2,0,0,0,0,0,0,0,0,0,0,0,0,2,45,HOMBRE,ILESO,CONDUCTOR PRESENTE,NO,NO,1
32233,136254,136255,2022,0,0,-0.225087,-78.409145,PICHINCHA,QUITO,TUMBACO,RURAL,2022-11-14,00:28:00,0,LUNES,1,NOVIEMBRE,11,NO,CONDUCIR VEHICULO SUPERANDO LOS LIMITES MAXIMOS DE VELOCIDAD.,ESTRELLAMIENTOS,CAMIONETA,0,0,0,0,1,0,0,0,0,0,0,0,0,1,33,HOMBRE,ILESO,CONDUCTOR PRESENTE,NO,NO,3
32234,136260,136261,2022,1,0,-0.273039,-78.509356,PICHINCHA,QUITO,QUITO,URBANA,2022-11-14,02:34:00,2,LUNES,1,NOVIEMBRE,11,NO,CONDUCIR VEHICULO SUPERANDO LOS LIMITES MAXIMOS DE VELOCIDAD.,OTROS,AUTOMOVIL,1,0,0,0,0,0,0,0,0,0,0,0,0,1,42,HOMBRE,LESIONADO,PASAJERO,NO,NO,1
32235,136264,136265,2022,0,1,-0.354999,-78.466772,PICHINCHA,RUMINIAHUI,SANGOLQUI,RURAL,2022-11-14,04:10:00,4,LUNES,1,NOVIEMBRE,11,NO,CONDUCIR VEHICULO SUPERANDO LOS LIMITES MAXIMOS DE VELOCIDAD.,ATROPELLOS,NO IDENTIFICADO,0,0,0,0,0,0,0,0,0,1,0,0,0,1,26,HOMBRE,FALLECIDO,PEATON,NO,SI,3
32236,136266,136267,2022,0,0,-0.198381,-78.482221,PICHINCHA,QUITO,QUITO,URBANA,2022-11-14,05:00:00,5,LUNES,1,NOVIEMBRE,11,NO,CONDUCIR VEHICULO SUPERANDO LOS LIMITES MAXIMOS DE VELOCIDAD.,ESTRELLAMIENTOS,AUTOMOVIL,1,0,0,0,0,0,0,0,0,0,0,0,0,1,-1,NO IDENTIFICADO,NO IDENTIFICADO,CONDUCTOR AUSENTE,NO,NO,2
32237,136271,136272,2022,1,1,-0.104028,-78.452812,PICHINCHA,QUITO,CALDERON (CARAPUNGO),RURAL,2022-11-14,07:29:00,7,LUNES,1,NOVIEMBRE,11,NO,PEATON QUE CRUZA LA CALZADA SIN RESPETAR LA SENIALIZACION EXISTENTE (SEMAFOROS O SENIALES MANUALES).,ATROPELLOS,AUTOMOVIL,1,0,0,0,0,0,0,0,0,0,0,0,0,1,74,HOMBRE,FALLECIDO,PEATON,NO,NO,3
32238,136279,136280,2022,0,0,-0.156451,-78.446357,PICHINCHA,QUITO,QUITO,URBANA,2022-11-14,10:00:00,10,LUNES,1,NOVIEMBRE,11,NO,CONDUCIR VEHICULO SUPERANDO LOS LIMITES MAXIMOS DE VELOCIDAD.,COLISION,AUTOMOVIL,4,0,0,0,0,0,0,0,0,0,0,0,0,4,46,HOMBRE,ILESO,CONDUCTOR PRESENTE,NO,NO,1
32239,136280,136281,2022,0,0,-0.188601,-78.496561,PICHINCHA,QUITO,QUITO,URBANA,2022-11-14,10:05:00,10,LUNES,1,NOVIEMBRE,11,NO,"NO RESPETAR LAS SENIALES REGLAMENTARIAS DE TRANSITO. (PARE, CEDA EL PASO, LUZ ROJA DEL SEMAFORO, ETC).",CHOQUE POSTERIOR,CAMION,1,0,0,1,0,0,0,0,0,0,0,0,0,2,35,HOMBRE,ILESO,CONDUCTOR PRESENTE,NO,NO,1
32240,136288,136289,2022,0,0,-0.449908,-78.595961,PICHINCHA,MEJIA,ALOAG,RURAL,2022-11-14,12:45:00,12,LUNES,1,NOVIEMBRE,11,NO,NO GUARDAR LA DISTANCIA LATERAL MINIMA DE SEGURIDAD ENTRE VEHICULOS.,ROZAMIENTOS,CAMION,0,0,0,1,0,0,0,0,0,0,0,0,1,2,35,HOMBRE,ILESO,CONDUCTOR PRESENTE,NO,NO,3
32241,136289,136290,2022,0,1,-0.298772,-78.520749,PICHINCHA,QUITO,QUITO,URBANA,2022-11-14,13:00:00,13,LUNES,1,NOVIEMBRE,11,NO,NO TRANSITAR POR LAS ACERAS O ZONAS DE SEGURIDAD DESTINADAS PARA EL EFECTO.,ATROPELLOS,CAMIONETA,0,0,0,0,1,0,0,0,0,0,0,0,0,1,60,MUJER,FALLECIDO,PEATON,NO,NO,1
32242,136292,136293,2022,1,0,-0.290377,-78.542622,PICHINCHA,QUITO,QUITO,URBANA,2022-11-14,13:30:00,13,LUNES,1,NOVIEMBRE,11,NO,CONDUCIR VEHICULO SUPERANDO LOS LIMITES MAXIMOS DE VELOCIDAD.,CHOQUE LATERAL,MOTOCICLETA,1,0,0,0,0,0,0,0,1,0,0,0,0,2,26,HOMBRE,LESIONADO,CONDUCTOR PRESENTE,NO,NO,1
32243,136301,136302,2022,0,0,-0.054559,-78.453048,PICHINCHA,QUITO,POMASQUI,RURAL,2022-11-14,16:30:00,16,LUNES,1,NOVIEMBRE,11,NO,"CONDUCE BAJO LA INFLUENCIA DE ALCOHOL, SUSTANCIAS ESTUPEFACIENTES O PSICOTROPICAS Y/O MEDICAMENTOS.",ESTRELLAMIENTOS,CAMIONETA,1,0,0,0,1,0,0,0,0,0,0,0,0,2,55,HOMBRE,ILESO,CONDUCTOR PRESENTE,NO,NO,3
32244,136308,136309,2022,2,0,-0.194948,-78.339701,PICHINCHA,QUITO,TABABELA,RURAL,2022-11-14,20:10:00,20,LUNES,1,NOVIEMBRE,11,NO,CONDUCIR VEHICULO SUPERANDO LOS LIMITES MAXIMOS DE VELOCIDAD.,CHOQUE POSTERIOR,MOTOCICLETA,1,0,0,0,0,0,0,0,1,0,0,0,0,2,44,HOMBRE,LESIONADO,CONDUCTOR PRESENTE,NO,SI,3
32245,136310,136311,2022,0,0,-0.162953,-78.462673,PICHINCHA,QUITO,QUITO,URBANA,2022-11-14,21:00:00,21,LUNES,1,NOVIEMBRE,11,NO,NO GUARDAR LA DISTANCIA LATERAL MINIMA DE SEGURIDAD ENTRE VEHICULOS.,ROZAMIENTOS,CAMION,1,0,0,1,0,0,0,0,0,0,0,0,0,2,41,HOMBRE,ILESO,CONDUCTOR PRESENTE,NO,NO,1
32246,136311,136312,2022,0,0,-0.266161,-78.541187,PICHINCHA,QUITO,QUITO,URBANA,2022-11-14,21:00:00,21,LUNES,1,NOVIEMBRE,11,NO,"NO RESPETAR LAS SENIALES REGLAMENTARIAS DE TRANSITO. (PARE, CEDA EL PASO, LUZ ROJA DEL SEMAFORO, ETC).",CHOQUE FRONTAL,AUTOMOVIL,2,0,0,0,0,0,0,0,0,0,0,0,0,2,-1,NO IDENTIFICADO,NO IDENTIFICADO,CONDUCTOR AUSENTE,NO,NO,2
32247,136314,136315,2022,1,0,-0.222656,-78.415677,PICHINCHA,QUITO,TUMBACO,RURAL,2022-11-15,00:15:00,0,MARTES,2,NOVIEMBRE,11,NO,"CONDUCE BAJO LA INFLUENCIA DE ALCOHOL, SUSTANCIAS ESTUPEFACIENTES O PSICOTROPICAS Y/O MEDICAMENTOS.",CHOQUE POSTERIOR,AUTOMOVIL,2,0,0,0,0,0,0,0,0,0,0,0,0,2,35,HOMBRE,LESIONADO,CONDUCTOR PRESENTE,NO,NO,3
32248,136324,136325,2022,0,0,-0.450372,-78.685892,PICHINCHA,MEJIA,ALOAG,RURAL,2022-11-15,07:50:00,7,MARTES,2,NOVIEMBRE,11,NO,"CONDUCIR DESATENTO A LAS CONDICIONES DE TRANSITO (CELULAR, PANTALLAS DE VIDEO, COMIDA, MAQUILLAJE O CUALQUIER OTRO ELEMENTO DISTRACTOR).",VOLCAMIENTOS,CAMION,0,0,0,1,0,0,0,0,0,0,0,0,0,1,41,HOMBRE,ILESO,CONDUCTOR PRESENTE,NO,NO,3
32249,136329,136330,2022,1,0,-0.172793,-78.496003,PICHINCHA,QUITO,QUITO,URBANA,2022-11-15,08:40:00,8,MARTES,2,NOVIEMBRE,11,NO,REALIZAR CAMBIO BRUSCO O INDEBIDO DE CARRIL.,OTROS,CAMIONETA,1,0,0,0,1,0,0,0,0,0,0,0,0,2,24,HOMBRE,LESIONADO,CONDUCTOR PRESENTE,NO,NO,1
32250,136335,136336,2022,2,0,-0.109555,-78.459855,PICHINCHA,QUITO,QUITO,URBANA,2022-11-15,11:30:00,11,MARTES,2,NOVIEMBRE,11,NO,"CONDUCIR DESATENTO A LAS CONDICIONES DE TRANSITO (CELULAR, PANTALLAS DE VIDEO, COMIDA, MAQUILLAJE O CUALQUIER OTRO ELEMENTO DISTRACTOR).",CHOQUE LATERAL,CAMIONETA,1,0,0,0,1,0,0,0,0,0,0,0,0,2,60,HOMBRE,LESIONADO,PASAJERO,NO,NO,1