,Unnamed: 0,ID,ANIO,LESIONADOS,FALLECIDOS,LATITUD_Y,LONGITUD_X,PROVINCIA,CANTON,PARROQUIA,ZONA,FECHA,HORA,PERIODO_2,DIA_1,DIA_2,MES_1,MES_2,FERIADO,CAUSA_PROBABLE,TIPO_DE_SINIESTRO,TIPO_DE_VEHICULO_1,AUTOMOVIL,BICICLETA,BUS,CAMION,CAMIONETA,EMERGENCIAS,ESPECIAL,FURGONETA,MOTOCICLETA,NO_IDENTIFICADO,SCOOTER_ELECTRICO,TRICIMOTO,VEHICULO_DEPORTIVO_UTILITARIO,SUMA_DE_VEHICULOS,EDAD_1,SEXO_1,CONDICION_1,PARTICIPANTE_1,CASCO_1,CINTURON_1,KMeans_Cluster
32251,136338,136339,2022,0,0,-0.181077,-78.486588,PICHINCHA,QUITO,QUITO,URBANA,2022-11-15,13:40:00,13,MARTES,2,NOVIEMBRE,11,NO,CONDUCIR VEHICULO SUPERANDO LOS LIMITES MAXIMOS DE VELOCIDAD.,COLISION,AUTOMOVIL,3,0,0,0,0,0,0,0,0,0,0,0,0,3,46,HOMBRE,ILESO,CONDUCTOR PRESENTE,NO,NO,1
32252,136343,136344,2022,0,0,-0.200586,-78.486532,PICHINCHA,QUITO,QUITO,URBANA,2022-11-15,15:10:00,15,MARTES,2,NOVIEMBRE,11,NO,"NO RESPETAR LAS SENIALES REGLAMENTARIAS DE TRANSITO. (PARE, CEDA EL PASO, LUZ ROJA DEL SEMAFORO, ETC).",CHOQUE LATERAL,CAMION,1,0,0,1,0,0,0,0,0,0,0,0,0,2,62,HOMBRE,ILESO,CONDUCTOR PRESENTE,NO,NO,1
32253,136350,136351,2022,0,0,-0.292836,-78.542355,PICHINCHA,QUITO,QUITO,URBANA,2022-11-15,18:35:00,18,MARTES,2,NOVIEMBRE,11,NO,NO CEDER EL DERECHO DE VIA O PREFERENCIA DE PASO A VEHICULOS.,CHOQUE LATERAL,AUTOMOVIL,3,0,0,0,0,0,0,0,0,0,0,0,0,3,56,HOMBRE,ILESO,CONDUCTOR PRESENTE,NO,NO,1
32254,136352,136353,2022,0,0,-0.233711,-78.484622,PICHINCHA,QUITO,QUITO,URBANA,2022-11-15,19:30:00,19,MARTES,2,NOVIEMBRE,11,NO,CONDUCIR VEHICULO SUPERANDO LOS LIMITES MAXIMOS DE VELOCIDAD.,ESTRELLAMIENTOS,AUTOMOVIL,1,0,0,0,0,0,0,0,0,0,0,0,0,1,-1,NO IDENTIFICADO,NO IDENTIFICADO,CONDUCTOR AUSENTE,NO,NO,2
32255,136360,136361,2022,2,0,-0.280358,-78.556682,PICHINCHA,QUITO,QUITO,URBANA,2022-11-16,04:34:00,4,MIERCOLES,3,NOVIEMBRE,11,NO,"CONDICIONES AMBIENTALES Y/O ATMOSFERICAS (NIEBLA, NEBLINA, GRANIZO, LLUVIA).",CHOQUE LATERAL,CAMION,0,0,0,2,0,0,0,0,0,0,0,0,0,2,27,HOMBRE,LESIONADO,CONDUCTOR PRESENTE,NO,NO,1
32256,136363,136364,2022,0,0,-0.101607,-78.444139,PICHINCHA,QUITO,CALDERON (CARAPUNGO),RURAL,2022-11-16,06:40:00,6,MIERCOLES,3,NOVIEMBRE,11,NO,NO CEDER EL DERECHO DE VIA O PREFERENCIA DE PASO A VEHICULOS.,CHOQUE LATERAL,MOTOCICLETA,1,0,0,0,0,0,0,0,1,0,0,0,0,2,27,HOMBRE,ILESO,CONDUCTOR PRESENTE,NO,NO,3
32257,136370,136371,2022,2,0,-0.210304,-78.462085,PICHINCHA,QUITO,QUITO,RURAL,2022-11-16,08:00:00,8,MIERCOLES,3,NOVIEMBRE,11,NO,"ADELANTAR O REBASAR A OTRO VEHICULO EN MOVIMIENTO EN ZONAS O SITIOS PELIGROSOS TALES COMO: CURVAS, PUENTES, TUNELES, PENDIENTES, ETC.",CHOQUE LATERAL,MOTOCICLETA,1,0,0,0,0,0,0,0,1,0,0,0,0,2,25,HOMBRE,LESIONADO,PASAJERO,NO,NO,3
32258,136371,136372,2022,1,0,-0.129249,-78.481388,PICHINCHA,QUITO,QUITO,URBANA,2022-11-16,08:30:00,8,MIERCOLES,3,NOVIEMBRE,11,NO,"NO RESPETAR LAS SENIALES REGLAMENTARIAS DE TRANSITO. (PARE, CEDA EL PASO, LUZ ROJA DEL SEMAFORO, ETC).",CHOQUE LATERAL,BUS,0,0,1,0,0,0,0,0,1,0,0,0,0,2,53,HOMBRE,LESIONADO,CONDUCTOR PRESENTE,NO,NO,1
32259,136382,136383,2022,0,0,-0.067645,-78.415572,PICHINCHA,QUITO,CALDERON (CARAPUNGO),RURAL,2022-11-16,12:25:00,12,MIERCOLES,3,NOVIEMBRE,11,NO,"NO RESPETAR LAS SENIALES REGLAMENTARIAS DE TRANSITO. (PARE, CEDA EL PASO, LUZ ROJA DEL SEMAFORO, ETC).",CHOQUE LATERAL,FURGONETA,1,0,0,0,0,0,0,1,0,0,0,0,0,2,8,HOMBRE,ILESO,PASAJERO,NO,NO,3
32260,136393,136394,2022,0,0,-0.170821,-78.499722,PICHINCHA,QUITO,QUITO,URBANA,2022-11-16,16:45:00,16,MIERCOLES,3,NOVIEMBRE,11,NO,CONDUCIR VEHICULO SUPERANDO LOS LIMITES MAXIMOS DE VELOCIDAD.,PERDIDA DE CARRIL,CAMIONETA,0,0,0,0,1,0,0,0,0,0,0,0,0,1,-1,NO IDENTIFICADO,NO IDENTIFICADO,CONDUCTOR AUSENTE,NO,NO,2
32261,136399,136400,2022,0,0,-0.204386,-78.500484,PICHINCHA,QUITO,QUITO,URBANA,2022-11-16,19:50:00,19,MIERCOLES,3,NOVIEMBRE,11,NO,"CONDUCE BAJO LA INFLUENCIA DE ALCOHOL, SUSTANCIAS ESTUPEFACIENTES O PSICOTROPICAS Y/O MEDICAMENTOS.",CHOQUE LATERAL,MOTOCICLETA,1,0,0,0,0,0,0,0,1,0,0,0,0,2,51,HOMBRE,ILESO,CONDUCTOR PRESENTE,NO,NO,1
32262,136410,136411,2022,1,0,-0.291329,-78.447012,PICHINCHA,QUITO,ALANGASI,RURAL,2022-11-17,06:55:00,6,JUEVES,4,NOVIEMBRE,11,NO,NO TRANSITAR POR LAS ACERAS O ZONAS DE SEGURIDAD DESTINADAS PARA EL EFECTO.,ATROPELLOS,AUTOMOVIL,1,0,0,0,0,0,0,0,0,0,0,0,0,1,47,MUJER,LESIONADO,PEATON,NO,NO,3
32263,136414,136415,2022,1,0,-0.106428,-78.453965,PICHINCHA,QUITO,CALDERON (CARAPUNGO),URBANA,2022-11-17,07:49:00,7,JUEVES,4,NOVIEMBRE,11,NO,CONDUCIR VEHICULO SUPERANDO LOS LIMITES MAXIMOS DE VELOCIDAD.,CHOQUE LATERAL,MOTOCICLETA,1,0,0,0,0,0,0,0,1,0,0,0,0,2,30,HOMBRE,LESIONADO,CONDUCTOR PRESENTE,NO,NO,1
32264,136426,136427,2022,4,0,0.008856,-78.212413,PICHINCHA,CAYAMBE,CANGAHUA,RURAL,2022-11-17,14:00:00,14,JUEVES,4,NOVIEMBRE,11,NO,"CONDUCIR DESATENTO A LAS CONDICIONES DE TRANSITO (CELULAR, PANTALLAS DE VIDEO, COMIDA, MAQUILLAJE O CUALQUIER OTRO ELEMENTO DISTRACTOR).",CHOQUE FRONTAL,CAMION,0,0,0,1,0,0,0,0,0,0,0,0,1,2,28,HOMBRE,LESIONADO,PASAJERO,NO,SI,3
32265,136427,136428,2022,3,0,-0.190683,-78.445746,PICHINCHA,QUITO,NAYON,RURAL,2022-11-17,14:10:00,14,JUEVES,4,NOVIEMBRE,11,NO,CONDUCIR VEHICULO SUPERANDO LOS LIMITES MAXIMOS DE VELOCIDAD.,CHOQUE LATERAL,FURGONETA,1,0,0,0,0,0,0,1,0,0,0,0,0,2,25,HOMBRE,LESIONADO,CONDUCTOR PRESENTE,NO,NO,3
32266,136433,136434,2022,2,0,-0.215532,-78.456791,PICHINCHA,QUITO,CUMBAYA,RURAL,2022-11-17,15:29:00,15,JUEVES,4,NOVIEMBRE,11,NO,CONDUCIR VEHICULO SUPERANDO LOS LIMITES MAXIMOS DE VELOCIDAD.,ESTRELLAMIENTOS,CAMION,0,0,0,1,0,0,0,0,0,0,0,0,0,1,22,HOMBRE,LESIONADO,PASAJERO,NO,NO,3
32267,136443,136444,2022,0,0,-0.289941,-78.518115,PICHINCHA,QUITO,QUITO,URBANA,2022-11-17,18:30:00,18,JUEVES,4,NOVIEMBRE,11,NO,CONDUCIR VEHICULO SUPERANDO LOS LIMITES MAXIMOS DE VELOCIDAD.,ESTRELLAMIENTOS,AUTOMOVIL,1,0,0,0,0,0,0,0,0,0,0,0,0,1,20,MUJER,ILESO,PASAJERO,NO,NO,1
32268,136447,136448,2022,1,0,-0.324852,-78.550201,PICHINCHA,QUITO,QUITO,URBANA,2022-11-17,20:00:00,20,JUEVES,4,NOVIEMBRE,11,NO,"NO RESPETAR LAS SENIALES REGLAMENTARIAS DE TRANSITO. (PARE, CEDA EL PASO, LUZ ROJA DEL SEMAFORO, ETC).",ATROPELLOS,BUS,0,0,1,0,0,0,0,0,0,0,0,0,0,1,52,HOMBRE,LESIONADO,PEATON,NO,NO,1
32269,136452,136453,2022,1,0,-0.214399,-78.407151,PICHINCHA,QUITO,TUMBACO,RURAL,2022-11-17,22:05:00,22,JUEVES,4,NOVIEMBRE,11,NO,"NO RESPETAR LAS SENIALES REGLAMENTARIAS DE TRANSITO. (PARE, CEDA EL PASO, LUZ ROJA DEL SEMAFORO, ETC).",CHOQUE LATERAL,MOTOCICLETA,0,0,0,0,0,0,0,1,1,0,0,0,0,2,25,HOMBRE,LESIONADO,CONDUCTOR PRESENTE,NO,NO,3
32270,136459,136460,2022,0,0,-0.217279,-78.501563,PICHINCHA,QUITO,QUITO,URBANA,2022-11-18,00:20:00,0,VIERNES,5,NOVIEMBRE,11,NO,CONDUCIR VEHICULO SUPERANDO LOS LIMITES MAXIMOS DE VELOCIDAD.,ESTRELLAMIENTOS,AUTOMOVIL,1,0,0,0,0,0,0,0,0,0,0,0,0,1,-1,NO IDENTIFICADO,NO IDENTIFICADO,CONDUCTOR AUSENTE,NO,NO,2
32271,136460,136461,2022,1,0,-0.059679,-78.358867,PICHINCHA,QUITO,GUAYLLABAMBA,RURAL,2022-11-18,00:30:00,0,VIERNES,5,NOVIEMBRE,11,NO,"CONDUCIR DESATENTO A LAS CONDICIONES DE TRANSITO (CELULAR, PANTALLAS DE VIDEO, COMIDA, MAQUILLAJE O CUALQUIER OTRO ELEMENTO DISTRACTOR).",PERDIDA DE PISTA,MOTOCICLETA,0,0,0,0,0,0,0,0,1,0,0,0,0,1,32,HOMBRE,LESIONADO,PASAJERO,NO,SI,3
32272,136464,136465,2022,0,0,-0.444894,-78.603139,PICHINCHA,MEJIA,ALOAG,RURAL,2022-11-18,05:50:00,5,VIERNES,5,NOVIEMBRE,11,NO,NO MANTENER LA DISTANCIA PRUDENCIAL CON RESPECTO AL VEHICULO QUE LE ANTECEDE.,CHOQUE POSTERIOR,CAMION,0,0,0,1,0,0,0,0,0,0,0,0,1,2,-1,HOMBRE,ILESO,CONDUCTOR PRESENTE,NO,NO,3
32273,136477,136478,2022,0,0,-0.199687,-78.367607,PICHINCHA,QUITO,PUEMBO,RURAL,2022-11-18,13:22:00,13,VIERNES,5,NOVIEMBRE,11,NO,NO MANTENER LA DISTANCIA PRUDENCIAL CON RESPECTO AL VEHICULO QUE LE ANTECEDE.,CHOQUE POSTERIOR,CAMION,1,0,0,1,0,0,0,0,0,0,0,0,0,2,27,HOMBRE,ILESO,CONDUCTOR PRESENTE,NO,NO,3
32274,136478,136479,2022,0,0,-0.280811,-78.556005,PICHINCHA,QUITO,QUITO,URBANA,2022-11-18,13:50:00,13,VIERNES,5,NOVIEMBRE,11,NO,NO CEDER EL DERECHO DE VIA O PREFERENCIA DE PASO A VEHICULOS.,OTROS,AUTOMOVIL,3,0,0,0,0,0,0,0,0,0,0,0,0,3,28,HOMBRE,ILESO,CONDUCTOR PRESENTE,NO,NO,1
32275,136483,136484,2022,0,0,-0.190155,-78.502689,PICHINCHA,QUITO,QUITO,URBANA,2022-11-18,15:30:00,15,VIERNES,5,NOVIEMBRE,11,NO,"NO RESPETAR LAS SENIALES REGLAMENTARIAS DE TRANSITO. (PARE, CEDA EL PASO, LUZ ROJA DEL SEMAFORO, ETC).",CHOQUE LATERAL,AUTOMOVIL,2,0,0,0,0,0,0,0,0,0,0,0,0,2,40,HOMBRE,ILESO,CONDUCTOR PRESENTE,NO,NO,1
32276,136484,136485,2022,0,0,-0.170087,-78.449984,PICHINCHA,QUITO,QUITO,URBANA,2022-11-18,15:41:00,15,VIERNES,5,NOVIEMBRE,11,NO,"CONDICIONES AMBIENTALES Y/O ATMOSFERICAS (NIEBLA, NEBLINA, GRANIZO, LLUVIA).",COLISION,CAMIONETA,1,0,0,0,1,0,0,0,0,1,0,0,0,3,21,HOMBRE,ILESO,CONDUCTOR PRESENTE,NO,NO,1
32277,136488,136489,2022,0,0,-0.205895,-78.501743,PICHINCHA,QUITO,QUITO,URBANA,2022-11-18,17:20:00,17,VIERNES,5,NOVIEMBRE,11,NO,"NO RESPETAR LAS SENIALES REGLAMENTARIAS DE TRANSITO. (PARE, CEDA EL PASO, LUZ ROJA DEL SEMAFORO, ETC).",CHOQUE LATERAL,AUTOMOVIL,2,0,0,0,0,0,0,0,0,0,0,0,0,2,58,HOMBRE,ILESO,CONDUCTOR PRESENTE,NO,NO,1
32278,136489,136490,2022,2,0,-0.203579,-78.383837,PICHINCHA,QUITO,TUMBACO,RURAL,2022-11-18,17:30:00,17,VIERNES,5,NOVIEMBRE,11,NO,NO CEDER EL DERECHO DE VIA O PREFERENCIA DE PASO AL PEATON.,ATROPELLOS,AUTOMOVIL,1,0,0,0,0,0,0,0,0,0,0,0,0,1,46,MUJER,LESIONADO,PEATON,NO,NO,3
32279,136493,136494,2022,1,0,-0.263091,-78.549059,PICHINCHA,QUITO,QUITO,URBANA,2022-11-18,18:26:00,18,VIERNES,5,NOVIEMBRE,11,NO,"CONDUCIR DESATENTO A LAS CONDICIONES DE TRANSITO (CELULAR, PANTALLAS DE VIDEO, COMIDA, MAQUILLAJE O CUALQUIER OTRO ELEMENTO DISTRACTOR).",CHOQUE LATERAL,MOTOCICLETA,1,0,0,0,0,0,0,0,1,0,0,0,0,2,20,MUJER,LESIONADO,PASAJERO,NO,NO,1
32280,136501,136502,2022,1,0,-0.061562,-78.426257,PICHINCHA,QUITO,CALDERON (CARAPUNGO),RURAL,2022-11-18,19:30:00,19,VIERNES,5,NOVIEMBRE,11,NO,NO TRANSITAR POR LAS ACERAS O ZONAS DE SEGURIDAD DESTINADAS PARA EL EFECTO.,ATROPELLOS,CAMION,0,0,0,1,0,0,0,0,0,0,0,0,0,1,10,HOMBRE,LESIONADO,PEATON,NO,NO,3
32281,136503,136504,2022,1,0,-0.177818,-78.488949,PICHINCHA,QUITO,QUITO,URBANA,2022-11-18,20:05:00,20,VIERNES,5,NOVIEMBRE,11,NO,NO TRANSITAR POR LAS ACERAS O ZONAS DE SEGURIDAD DESTINADAS PARA EL EFECTO.,ATROPELLOS,BUS,0,0,1,0,0,0,0,0,0,0,0,0,0,1,21,MUJER,LESIONADO,PEATON,NO,NO,1
32282,136515,136516,2022,2,0,-0.233701,-78.523456,PICHINCHA,QUITO,QUITO,URBANA,2022-11-18,22:10:00,22,VIERNES,5,NOVIEMBRE,11,NO,CONDUCIR VEHICULO SUPERANDO LOS LIMITES MAXIMOS DE VELOCIDAD.,ESTRELLAMIENTOS,MOTOCICLETA,0,0,0,0,0,0,0,0,1,0,0,0,0,1,46,HOMBRE,LESIONADO,CONDUCTOR PRESENTE,NO,NO,1
32283,136516,136517,2022,0,0,-0.114537,-78.431684,PICHINCHA,QUITO,CALDERON (CARAPUNGO),RURAL,2022-11-18,22:10:00,22,VIERNES,5,NOVIEMBRE,11,NO,"FALLA MECANICA EN LOS SISTEMAS Y/O NEUMATICOS (SISTEMA DE FRENOS, DIRECCION, ELECTRONICO O MECANICO).",ESTRELLAMIENTOS,CAMIONETA,1,0,0,0,1,0,0,0,0,0,0,0,0,2,39,HOMBRE,ILESO,CONDUCTOR PRESENTE,NO,NO,3
32284,136522,136523,2022,0,0,-0.292976,-78.456102,PICHINCHA,QUITO,ALANGASI,RURAL,2022-11-19,00:15:00,0,SABADO,6,NOVIEMBRE,11,NO,REALIZAR CAMBIO BRUSCO O INDEBIDO DE CARRIL.,CHOQUE LATERAL,FURGONETA,1,0,0,0,0,0,0,1,0,0,0,0,0,2,20,HOMBRE,ILESO,CONDUCTOR PRESENTE,NO,NO,3
32285,136523,136524,2022,4,1,0.011218,-78.398038,PICHINCHA,QUITO,PUELLARO,RURAL,2022-11-19,00:30:00,0,SABADO,6,NOVIEMBRE,11,NO,"NO RESPETAR LAS SENIALES REGLAMENTARIAS DE TRANSITO. (PARE, CEDA EL PASO, LUZ ROJA DEL SEMAFORO, ETC).",PERDIDA DE PISTA,AUTOMOVIL,1,0,0,0,0,0,0,0,0,0,0,0,0,1,-1,HOMBRE,FALLECIDO,PASAJERO,NO,NO,3
32286,136529,136530,2022,0,0,-0.225105,-78.409327,PICHINCHA,QUITO,TUMBACO,RURAL,2022-11-19,02:00:00,2,SABADO,6,NOVIEMBRE,11,NO,NO MANTENER LA DISTANCIA PRUDENCIAL CON RESPECTO AL VEHICULO QUE LE ANTECEDE.,CHOQUE POSTERIOR,AUTOMOVIL,2,0,0,0,0,0,0,0,0,0,0,0,0,2,21,HOMBRE,ILESO,CONDUCTOR PRESENTE,NO,NO,3
32287,136533,136534,2022,2,1,-0.291201,-78.519701,PICHINCHA,QUITO,QUITO,URBANA,2022-11-19,04:40:00,4,SABADO,6,NOVIEMBRE,11,NO,CONDUCIR VEHICULO SUPERANDO LOS LIMITES MAXIMOS DE VELOCIDAD.,OTROS,AUTOMOVIL,2,0,0,0,0,0,0,0,0,0,0,0,0,2,40,HOMBRE,FALLECIDO,PEATON,NO,NO,1
32288,136535,136536,2022,0,0,-0.121109,-78.479996,PICHINCHA,QUITO,QUITO,URBANA,2022-11-19,05:35:00,5,SABADO,6,NOVIEMBRE,11,NO,CONDUCIR VEHICULO SUPERANDO LOS LIMITES MAXIMOS DE VELOCIDAD.,ESTRELLAMIENTOS,AUTOMOVIL,1,0,0,0,0,0,0,0,0,0,0,0,0,1,-1,NO IDENTIFICADO,NO IDENTIFICADO,CONDUCTOR AUSENTE,NO,NO,2
32289,136537,136538,2022,0,0,-0.132711,-78.474854,PICHINCHA,QUITO,QUITO,URBANA,2022-11-19,07:42:00,7,SABADO,6,NOVIEMBRE,11,NO,"FALLA MECANICA EN LOS SISTEMAS Y/O NEUMATICOS (SISTEMA DE FRENOS, DIRECCION, ELECTRONICO O MECANICO).",ESTRELLAMIENTOS,AUTOMOVIL,1,0,0,0,0,0,0,0,0,0,0,0,0,1,41,HOMBRE,ILESO,CONDUCTOR PRESENTE,NO,NO,1
32290,136547,136548,2022,0,0,-0.084004,-78.504121,PICHINCHA,QUITO,QUITO,URBANA,2022-11-19,12:00:00,12,SABADO,6,NOVIEMBRE,11,NO,"FALLA MECANICA EN LOS SISTEMAS Y/O NEUMATICOS (SISTEMA DE FRENOS, DIRECCION, ELECTRONICO O MECANICO).",ESTRELLAMIENTOS,AUTOMOVIL,2,0,0,0,0,0,0,0,0,0,0,0,0,2,19,HOMBRE,ILESO,CONDUCTOR PRESENTE,NO,NO,1
32291,136550,136551,2022,0,0,-0.064172,-78.357465,PICHINCHA,QUITO,GUAYLLABAMBA,RURAL,2022-11-19,14:19:00,14,SABADO,6,NOVIEMBRE,11,NO,CONDUCIR VEHICULO SUPERANDO LOS LIMITES MAXIMOS DE VELOCIDAD.,CHOQUE POSTERIOR,CAMIONETA,1,0,0,0,1,0,0,0,0,0,0,0,0,2,69,HOMBRE,ILESO,CONDUCTOR PRESENTE,NO,NO,3
32292,136553,136554,2022,1,0,-0.186644,-78.335366,PICHINCHA,QUITO,TABABELA,RURAL,2022-11-19,16:30:00,16,SABADO,6,NOVIEMBRE,11,NO,"CONDUCE BAJO LA INFLUENCIA DE ALCOHOL, SUSTANCIAS ESTUPEFACIENTES O PSICOTROPICAS Y/O MEDICAMENTOS.",CHOQUE POSTERIOR,BUS,0,0,1,1,0,0,0,0,0,0,0,0,0,2,19,HOMBRE,LESIONADO,PASAJERO,NO,SI,3
32293,136566,136567,2022,0,0,-0.224522,-78.412285,PICHINCHA,QUITO,TUMBACO,RURAL,2022-11-19,20:00:00,20,SABADO,6,NOVIEMBRE,11,NO,"CONDUCE BAJO LA INFLUENCIA DE ALCOHOL, SUSTANCIAS ESTUPEFACIENTES O PSICOTROPICAS Y/O MEDICAMENTOS.",CHOQUE FRONTAL,AUTOMOVIL,2,0,0,0,0,0,0,0,0,0,0,0,0,2,4,HOMBRE,ILESO,PASAJERO,NO,NO,3
32294,136576,136577,2022,0,0,-0.245764,-78.519577,PICHINCHA,QUITO,QUITO,URBANA,2022-11-19,21:30:00,21,SABADO,6,NOVIEMBRE,11,NO,"NO RESPETAR LAS SENIALES REGLAMENTARIAS DE TRANSITO. (PARE, CEDA EL PASO, LUZ ROJA DEL SEMAFORO, ETC).",CHOQUE LATERAL,AUTOMOVIL,2,0,0,0,0,0,0,0,0,0,0,0,0,2,34,HOMBRE,ILESO,CONDUCTOR PRESENTE,NO,NO,1
32295,136584,136585,2022,0,0,-0.260388,-78.503699,PICHINCHA,QUITO,QUITO,URBANA,2022-11-19,23:30:00,23,SABADO,6,NOVIEMBRE,11,NO,CONDUCIR VEHICULO SUPERANDO LOS LIMITES MAXIMOS DE VELOCIDAD.,CHOQUE POSTERIOR,CAMIONETA,1,0,0,0,1,0,0,0,0,0,0,0,0,2,25,HOMBRE,ILESO,CONDUCTOR PRESENTE,NO,NO,1
32296,136588,136589,2022,0,0,-0.251545,-78.540986,PICHINCHA,QUITO,QUITO,URBANA,2022-11-20,00:20:00,0,DOMINGO,7,NOVIEMBRE,11,NO,"CONDUCE BAJO LA INFLUENCIA DE ALCOHOL, SUSTANCIAS ESTUPEFACIENTES O PSICOTROPICAS Y/O MEDICAMENTOS.",CHOQUE FRONTAL,AUTOMOVIL,2,0,0,0,0,0,0,0,0,0,0,0,0,2,34,HOMBRE,ILESO,CONDUCTOR PRESENTE,NO,NO,1
32297,136593,136594,2022,0,0,-0.275814,-78.523016,PICHINCHA,QUITO,QUITO,URBANA,2022-11-20,04:00:00,4,DOMINGO,7,NOVIEMBRE,11,NO,CONDUCIR VEHICULO SUPERANDO LOS LIMITES MAXIMOS DE VELOCIDAD.,PERDIDA DE CARRIL,AUTOMOVIL,1,0,0,0,0,0,0,0,0,0,0,0,0,1,-1,NO IDENTIFICADO,NO IDENTIFICADO,CONDUCTOR AUSENTE,NO,NO,2
32298,136596,136597,2022,0,0,-0.148966,-78.489551,PICHINCHA,QUITO,QUITO,URBANA,2022-11-20,05:40:00,5,DOMINGO,7,NOVIEMBRE,11,NO,CONDUCIR VEHICULO SUPERANDO LOS LIMITES MAXIMOS DE VELOCIDAD.,ESTRELLAMIENTOS,AUTOMOVIL,1,0,0,0,0,0,0,0,0,0,0,0,0,1,-1,NO IDENTIFICADO,NO IDENTIFICADO,CONDUCTOR AUSENTE,NO,NO,2
32299,136601,136602,2022,0,0,-0.199724,-78.455681,PICHINCHA,QUITO,CUMBAYA,RURAL,2022-11-20,07:47:00,7,DOMINGO,7,NOVIEMBRE,11,NO,CONDUCIR VEHICULO SUPERANDO LOS LIMITES MAXIMOS DE VELOCIDAD.,ESTRELLAMIENTOS,CAMIONETA,0,0,0,0,1,0,0,0,0,0,0,0,0,1,-1,NO IDENTIFICADO,NO IDENTIFICADO,CONDUCTOR AUSENTE,NO,NO,2
32300,136602,136603,2022,4,0,-0.191082,-78.513075,PICHINCHA,QUITO,QUITO,URBANA,2022-11-20,08:05:00,8,DOMINGO,7,NOVIEMBRE,11,NO,"NO RESPETAR LAS SENIALES REGLAMENTARIAS DE TRANSITO. (PARE, CEDA EL PASO, LUZ ROJA DEL SEMAFORO, ETC).",CHOQUE LATERAL,MOTOCICLETA,0,0,0,0,0,0,0,0,2,0,0,0,0,2,30,HOMBRE,LESIONADO,CONDUCTOR PRESENTE,NO,NO,1
32301,136604,136605,2022,0,0,-0.272134,-78.549336,PICHINCHA,QUITO,QUITO,URBANA,2022-11-20,08:15:00,8,DOMINGO,7,NOVIEMBRE,11,NO,"CONDUCE BAJO LA INFLUENCIA DE ALCOHOL, SUSTANCIAS ESTUPEFACIENTES O PSICOTROPICAS Y/O MEDICAMENTOS.",ESTRELLAMIENTOS,AUTOMOVIL,4,0,0,0,0,0,0,0,0,0,0,0,0,4,30,HOMBRE,ILESO,CONDUCTOR PRESENTE,NO,NO,1
32302,136606,136607,2022,1,0,-0.442831,-78.721561,PICHINCHA,MEJIA,MANUEL CORNEJO ASTORGA,RURAL,2022-11-20,08:49:00,8,DOMINGO,7,NOVIEMBRE,11,NO,"CONDUCIR DESATENTO A LAS CONDICIONES DE TRANSITO (CELULAR, PANTALLAS DE VIDEO, COMIDA, MAQUILLAJE O CUALQUIER OTRO ELEMENTO DISTRACTOR).",PERDIDA DE CARRIL,MOTOCICLETA,0,0,0,0,0,0,0,0,1,0,0,0,0,1,-1,MUJER,LESIONADO,PASAJERO,NO,NO,3
32303,136607,136608,2022,1,1,-0.117672,-78.456298,PICHINCHA,QUITO,QUITO,URBANA,2022-11-20,09:45:00,9,DOMINGO,7,NOVIEMBRE,11,NO,NO TRANSITAR POR LAS ACERAS O ZONAS DE SEGURIDAD DESTINADAS PARA EL EFECTO.,ATROPELLOS,AUTOMOVIL,2,0,0,0,0,0,0,0,0,0,0,0,0,2,33,HOMBRE,FALLECIDO,PEATON,NO,NO,1
32304,136611,136612,2022,1,0,-0.264031,-78.549864,PICHINCHA,QUITO,QUITO,URBANA,2022-11-20,13:25:00,13,DOMINGO,7,NOVIEMBRE,11,NO,CONDUCIR VEHICULO SUPERANDO LOS LIMITES MAXIMOS DE VELOCIDAD.,CHOQUE LATERAL,BUS,0,0,1,0,0,0,0,0,1,0,0,0,0,2,24,HOMBRE,LESIONADO,CONDUCTOR PRESENTE,NO,NO,1
32305,136622,136623,2022,0,0,-0.215091,-78.457132,PICHINCHA,QUITO,CUMBAYA,RURAL,2022-11-20,16:30:00,16,DOMINGO,7,NOVIEMBRE,11,NO,"CONDICIONES AMBIENTALES Y/O ATMOSFERICAS (NIEBLA, NEBLINA, GRANIZO, LLUVIA).",ESTRELLAMIENTOS,AUTOMOVIL,1,0,0,0,0,0,0,0,0,0,0,0,0,1,27,HOMBRE,ILESO,CONDUCTOR PRESENTE,NO,NO,3
32306,136633,136634,2022,1,0,-0.310107,-78.558721,PICHINCHA,QUITO,QUITO,URBANA,2022-11-20,19:15:00,19,DOMINGO,7,NOVIEMBRE,11,NO,"CONDUCE BAJO LA INFLUENCIA DE ALCOHOL, SUSTANCIAS ESTUPEFACIENTES O PSICOTROPICAS Y/O MEDICAMENTOS.",ATROPELLOS,BUS,1,0,1,0,0,0,0,0,0,0,0,0,0,2,10,HOMBRE,LESIONADO,PEATON,NO,NO,1
32307,136641,136642,2022,0,0,-0.285639,-78.489216,PICHINCHA,QUITO,CONOCOTO,RURAL,2022-11-20,20:30:00,20,DOMINGO,7,NOVIEMBRE,11,NO,"CONDUCE BAJO LA INFLUENCIA DE ALCOHOL, SUSTANCIAS ESTUPEFACIENTES O PSICOTROPICAS Y/O MEDICAMENTOS.",CHOQUE FRONTAL,CAMIONETA,1,0,0,0,1,0,0,0,0,0,0,0,0,2,22,HOMBRE,ILESO,CONDUCTOR PRESENTE,NO,NO,3