,Unnamed: 0,ID,ANIO,LESIONADOS,FALLECIDOS,LATITUD_Y,LONGITUD_X,PROVINCIA,CANTON,PARROQUIA,ZONA,FECHA,HORA,PERIODO_2,DIA_1,DIA_2,MES_1,MES_2,FERIADO,CAUSA_PROBABLE,TIPO_DE_SINIESTRO,TIPO_DE_VEHICULO_1,AUTOMOVIL,BICICLETA,BUS,CAMION,CAMIONETA,EMERGENCIAS,ESPECIAL,FURGONETA,MOTOCICLETA,NO_IDENTIFICADO,SCOOTER_ELECTRICO,TRICIMOTO,VEHICULO_DEPORTIVO_UTILITARIO,SUMA_DE_VEHICULOS,EDAD_1,SEXO_1,CONDICION_1,PARTICIPANTE_1,CASCO_1,CINTURON_1,KMeans_Cluster
32308,136642,136643,2022,0,0,-0.204353,-78.490002,PICHINCHA,QUITO,QUITO,URBANA,2022-11-20,20:40:00,20,DOMINGO,7,NOVIEMBRE,11,NO,"CONDICIONES AMBIENTALES Y/O ATMOSFERICAS (NIEBLA, NEBLINA, GRANIZO, LLUVIA).",ESTRELLAMIENTOS,AUTOMOVIL,1,0,0,0,0,0,0,0,0,0,0,0,0,1,-1,NO IDENTIFICADO,NO IDENTIFICADO,CONDUCTOR AUSENTE,NO,NO,2
32309,136656,136657,2022,0,0,-0.009133,-78.445713,PICHINCHA,QUITO,SAN ANTONIO (QUITO),RURAL,2022-11-20,23:40:00,23,DOMINGO,7,NOVIEMBRE,11,NO,CONDUCIR VEHICULO SUPERANDO LOS LIMITES MAXIMOS DE VELOCIDAD.,ESTRELLAMIENTOS,AUTOMOVIL,1,0,0,0,0,0,0,0,0,0,0,0,0,1,-1,NO IDENTIFICADO,NO IDENTIFICADO,CONDUCTOR AUSENTE,NO,NO,2
32310,136672,136673,2022,1,0,-0.129439,-78.494121,PICHINCHA,QUITO,QUITO,URBANA,2022-11-21,08:30:00,8,LUNES,1,NOVIEMBRE,11,NO,PEATON QUE CRUZA LA CALZADA SIN RESPETAR LA SENIALIZACION EXISTENTE (SEMAFOROS O SENIALES MANUALES).,ATROPELLOS,AUTOMOVIL,1,0,0,0,0,0,0,0,0,0,0,0,0,1,25,HOMBRE,LESIONADO,PEATON,NO,NO,1
32311,136679,136680,2022,0,0,-0.261157,-78.528484,PICHINCHA,QUITO,QUITO,URBANA,2022-11-21,13:00:00,13,LUNES,1,NOVIEMBRE,11,NO,"NO RESPETAR LAS SENIALES REGLAMENTARIAS DE TRANSITO. (PARE, CEDA EL PASO, LUZ ROJA DEL SEMAFORO, ETC).",CHOQUE LATERAL,AUTOMOVIL,2,0,0,0,0,0,0,0,0,0,0,0,0,2,33,HOMBRE,ILESO,CONDUCTOR PRESENTE,NO,NO,1
32312,136687,136688,2022,2,0,-0.178333,-78.473856,PICHINCHA,QUITO,QUITO,URBANA,2022-11-21,16:30:00,16,LUNES,1,NOVIEMBRE,11,NO,"NO RESPETAR LAS SENIALES REGLAMENTARIAS DE TRANSITO. (PARE, CEDA EL PASO, LUZ ROJA DEL SEMAFORO, ETC).",CHOQUE POSTERIOR,MOTOCICLETA,0,0,0,0,1,0,0,0,1,0,0,0,0,2,24,HOMBRE,LESIONADO,CONDUCTOR PRESENTE,NO,NO,1
32313,136691,136692,2022,2,0,-0.150423,-78.484324,PICHINCHA,QUITO,QUITO,URBANA,2022-11-21,17:10:00,17,LUNES,1,NOVIEMBRE,11,NO,PEATON QUE CRUZA LA CALZADA SIN RESPETAR LA SENIALIZACION EXISTENTE (SEMAFOROS O SENIALES MANUALES).,ATROPELLOS,MOTOCICLETA,0,0,0,0,0,0,0,0,1,0,0,0,0,1,26,HOMBRE,LESIONADO,PEATON,NO,NO,1
32314,136692,136693,2022,1,0,-0.110051,-78.443907,PICHINCHA,QUITO,CALDERON (CARAPUNGO),RURAL,2022-11-21,17:15:00,17,LUNES,1,NOVIEMBRE,11,NO,CONDUCIR EN SENTIDO CONTRARIO A LA VIA NORMAL DE CIRCULACION.,CHOQUE LATERAL,MOTOCICLETA,1,0,0,0,0,0,0,0,1,0,0,0,0,2,36,HOMBRE,LESIONADO,CONDUCTOR PRESENTE,NO,NO,3
32315,136695,136696,2022,0,0,-0.278652,-78.518101,PICHINCHA,QUITO,QUITO,URBANA,2022-11-21,17:50:00,17,LUNES,1,NOVIEMBRE,11,NO,"CONDICIONES AMBIENTALES Y/O ATMOSFERICAS (NIEBLA, NEBLINA, GRANIZO, LLUVIA).",CHOQUE FRONTAL,AUTOMOVIL,2,0,0,0,0,0,0,0,0,0,0,0,0,2,60,HOMBRE,ILESO,CONDUCTOR PRESENTE,NO,NO,1
32316,136697,136698,2022,0,0,-0.328695,-78.567956,PICHINCHA,QUITO,QUITO,URBANA,2022-11-21,18:40:00,18,LUNES,1,NOVIEMBRE,11,NO,CONDUCIR VEHICULO SUPERANDO LOS LIMITES MAXIMOS DE VELOCIDAD.,CHOQUE POSTERIOR,AUTOMOVIL,2,0,0,0,0,0,0,0,0,0,0,0,0,2,-1,NO IDENTIFICADO,NO IDENTIFICADO,CONDUCTOR AUSENTE,NO,NO,2
32317,136698,136699,2022,0,0,-0.296371,-78.477701,PICHINCHA,QUITO,CONOCOTO,RURAL,2022-11-21,19:20:00,19,LUNES,1,NOVIEMBRE,11,NO,"CONDUCE BAJO LA INFLUENCIA DE ALCOHOL, SUSTANCIAS ESTUPEFACIENTES O PSICOTROPICAS Y/O MEDICAMENTOS.",ESTRELLAMIENTOS,AUTOMOVIL,2,0,0,0,0,0,0,0,0,0,0,0,0,2,42,HOMBRE,ILESO,CONDUCTOR PRESENTE,NO,NO,3
32318,136704,136705,2022,0,0,-0.160188,-78.485476,PICHINCHA,QUITO,QUITO,URBANA,2022-11-22,00:10:00,0,MARTES,2,NOVIEMBRE,11,NO,"CONDUCIR EN ESTADO DE SOMNOLENCIA O MALAS CONDICIONES FISICAS (SUENIO, CANSANCIO Y FATIGA).",CHOQUE LATERAL,AUTOMOVIL,2,0,0,0,0,0,0,0,0,0,0,0,0,2,37,HOMBRE,ILESO,CONDUCTOR PRESENTE,NO,NO,1
32319,136706,136707,2022,1,0,-0.260618,-78.546532,PICHINCHA,QUITO,QUITO,URBANA,2022-11-22,01:15:00,1,MARTES,2,NOVIEMBRE,11,NO,"NO RESPETAR LAS SENIALES REGLAMENTARIAS DE TRANSITO. (PARE, CEDA EL PASO, LUZ ROJA DEL SEMAFORO, ETC).",CHOQUE LATERAL,FURGONETA,1,0,0,0,0,0,0,1,0,0,0,0,0,2,43,HOMBRE,LESIONADO,CONDUCTOR PRESENTE,NO,NO,1
32320,136714,136715,2022,0,0,-0.239534,-78.530773,PICHINCHA,QUITO,QUITO,URBANA,2022-11-22,08:39:00,8,MARTES,2,NOVIEMBRE,11,NO,"NO RESPETAR LAS SENIALES REGLAMENTARIAS DE TRANSITO. (PARE, CEDA EL PASO, LUZ ROJA DEL SEMAFORO, ETC).",CHOQUE LATERAL,AUTOMOVIL,2,0,0,0,0,0,0,0,0,0,0,0,0,2,40,HOMBRE,ILESO,CONDUCTOR PRESENTE,NO,NO,1
32321,136724,136725,2022,0,0,-0.250224,-78.503016,PICHINCHA,QUITO,QUITO,URBANA,2022-11-22,13:10:00,13,MARTES,2,NOVIEMBRE,11,NO,NO MANTENER LA DISTANCIA PRUDENCIAL CON RESPECTO AL VEHICULO QUE LE ANTECEDE.,CHOQUE POSTERIOR,BUS,0,0,1,1,0,0,0,0,0,0,0,0,0,2,26,HOMBRE,ILESO,CONDUCTOR PRESENTE,NO,NO,1
32322,136736,136737,2022,2,0,-0.190504,-78.481016,PICHINCHA,QUITO,QUITO,URBANA,2022-11-22,17:50:00,17,MARTES,2,NOVIEMBRE,11,NO,"NO RESPETAR LAS SENIALES REGLAMENTARIAS DE TRANSITO. (PARE, CEDA EL PASO, LUZ ROJA DEL SEMAFORO, ETC).",CHOQUE LATERAL,SCOOTER ELECTRICO,1,0,0,0,0,0,0,0,0,0,1,0,0,2,17,HOMBRE,LESIONADO,CONDUCTOR PRESENTE,NO,NO,1
32323,136737,136738,2022,1,0,-0.272053,-78.549498,PICHINCHA,QUITO,QUITO,URBANA,2022-11-22,18:00:00,18,MARTES,2,NOVIEMBRE,11,NO,REALIZAR CAMBIO BRUSCO O INDEBIDO DE CARRIL.,CHOQUE FRONTAL,MOTOCICLETA,1,0,0,0,0,0,0,0,1,0,0,0,0,2,37,HOMBRE,LESIONADO,CONDUCTOR PRESENTE,NO,NO,1
32324,136739,136740,2022,1,0,-0.324841,-78.565941,PICHINCHA,QUITO,QUITO,URBANA,2022-11-22,19:40:00,19,MARTES,2,NOVIEMBRE,11,NO,NO TRANSITAR POR LAS ACERAS O ZONAS DE SEGURIDAD DESTINADAS PARA EL EFECTO.,ATROPELLOS,MOTOCICLETA,0,0,0,0,0,0,0,0,1,0,0,0,0,1,61,HOMBRE,LESIONADO,PEATON,NO,NO,1
32325,136752,136753,2022,1,0,0.024198,-78.276401,PICHINCHA,PEDRO MONCAYO,TOCACHI,RURAL,2022-11-23,02:50:00,2,MIERCOLES,3,NOVIEMBRE,11,NO,REALIZAR CAMBIO BRUSCO O INDEBIDO DE CARRIL.,CHOQUE LATERAL,AUTOMOVIL,1,0,0,0,0,0,0,0,0,0,0,0,0,1,30,HOMBRE,LESIONADO,CONDUCTOR PRESENTE,NO,SI,3
32326,136755,136756,2022,0,0,-0.330595,-78.362328,PICHINCHA,QUITO,PINTAG,RURAL,2022-11-23,09:00:00,9,MIERCOLES,3,NOVIEMBRE,11,NO,"CONDUCIR DESATENTO A LAS CONDICIONES DE TRANSITO (CELULAR, PANTALLAS DE VIDEO, COMIDA, MAQUILLAJE O CUALQUIER OTRO ELEMENTO DISTRACTOR).",CHOQUE LATERAL,BUS,0,0,1,0,1,0,0,0,0,0,0,0,0,2,48,HOMBRE,ILESO,CONDUCTOR PRESENTE,NO,NO,3
32327,136762,136763,2022,0,0,-0.145426,-78.491511,PICHINCHA,QUITO,QUITO,URBANA,2022-11-23,11:15:00,11,MIERCOLES,3,NOVIEMBRE,11,NO,NO MANTENER LA DISTANCIA PRUDENCIAL CON RESPECTO AL VEHICULO QUE LE ANTECEDE.,CHOQUE POSTERIOR,CAMIONETA,1,0,0,0,1,0,0,0,0,0,0,0,0,2,58,HOMBRE,ILESO,CONDUCTOR PRESENTE,NO,NO,1
32328,136768,136769,2022,1,0,-0.289197,-78.561127,PICHINCHA,QUITO,QUITO,URBANA,2022-11-23,13:30:00,13,MIERCOLES,3,NOVIEMBRE,11,NO,NO TRANSITAR POR LAS ACERAS O ZONAS DE SEGURIDAD DESTINADAS PARA EL EFECTO.,ATROPELLOS,AUTOMOVIL,1,0,0,0,0,0,0,0,0,0,0,0,0,1,12,MUJER,LESIONADO,PEATON,NO,NO,1
32329,136770,136771,2022,1,0,-0.115473,-78.490832,PICHINCHA,QUITO,QUITO,URBANA,2022-11-23,14:00:00,14,MIERCOLES,3,NOVIEMBRE,11,NO,PEATON QUE CRUZA LA CALZADA SIN RESPETAR LA SENIALIZACION EXISTENTE (SEMAFOROS O SENIALES MANUALES).,ATROPELLOS,AUTOMOVIL,1,0,0,0,0,0,0,0,0,0,0,0,0,1,52,MUJER,LESIONADO,PEATON,NO,NO,1
32330,136791,136792,2022,0,1,-0.043951,-78.337769,PICHINCHA,QUITO,GUAYLLABAMBA,RURAL,2022-11-24,03:00:00,3,JUEVES,4,NOVIEMBRE,11,NO,"CONDUCIR DESATENTO A LAS CONDICIONES DE TRANSITO (CELULAR, PANTALLAS DE VIDEO, COMIDA, MAQUILLAJE O CUALQUIER OTRO ELEMENTO DISTRACTOR).",PERDIDA DE CARRIL,MOTOCICLETA,0,0,0,0,0,0,0,0,1,0,0,0,0,1,-1,HOMBRE,FALLECIDO,CONDUCTOR PRESENTE,NO,SI,3
32331,136794,136795,2022,1,0,-0.242871,-78.482651,PICHINCHA,QUITO,QUITO,URBANA,2022-11-24,08:30:00,8,JUEVES,4,NOVIEMBRE,11,NO,CONDUCIR VEHICULO SUPERANDO LOS LIMITES MAXIMOS DE VELOCIDAD.,ESTRELLAMIENTOS,CAMION,0,0,0,1,0,0,0,0,1,0,0,0,0,2,20,HOMBRE,LESIONADO,CONDUCTOR PRESENTE,NO,NO,1
32332,136813,136814,2022,2,0,-0.218005,-78.521015,PICHINCHA,QUITO,QUITO,URBANA,2022-11-24,13:40:00,13,JUEVES,4,NOVIEMBRE,11,NO,"ADELANTAR O REBASAR A OTRO VEHICULO EN MOVIMIENTO EN ZONAS O SITIOS PELIGROSOS TALES COMO: CURVAS, PUENTES, TUNELES, PENDIENTES, ETC.",CAIDA DE PASAJERO,BUS,0,0,1,0,0,0,0,0,0,0,0,0,0,1,56,MUJER,LESIONADO,PASAJERO,NO,NO,1
32333,136816,136817,2022,0,0,-0.227175,-78.491297,PICHINCHA,QUITO,QUITO,URBANA,2022-11-24,14:00:00,14,JUEVES,4,NOVIEMBRE,11,NO,NO MANTENER LA DISTANCIA PRUDENCIAL CON RESPECTO AL VEHICULO QUE LE ANTECEDE.,COLISION,CAMION,0,0,0,1,0,0,0,1,0,2,0,0,0,4,51,HOMBRE,ILESO,CONDUCTOR PRESENTE,NO,NO,1
32334,136817,136818,2022,0,0,-0.122276,-78.495572,PICHINCHA,QUITO,QUITO,URBANA,2022-11-24,15:20:00,15,JUEVES,4,NOVIEMBRE,11,NO,NO CEDER EL DERECHO DE VIA O PREFERENCIA DE PASO A VEHICULOS.,CHOQUE LATERAL,AUTOMOVIL,2,0,0,0,0,0,0,0,0,0,0,0,0,2,19,HOMBRE,ILESO,PASAJERO,NO,NO,1
32335,136819,136820,2022,0,0,-0.162473,-78.487363,PICHINCHA,QUITO,QUITO,URBANA,2022-11-24,15:30:00,15,JUEVES,4,NOVIEMBRE,11,NO,"FALLA MECANICA EN LOS SISTEMAS Y/O NEUMATICOS (SISTEMA DE FRENOS, DIRECCION, ELECTRONICO O MECANICO).",ESTRELLAMIENTOS,AUTOMOVIL,1,0,0,0,0,0,0,0,0,0,0,0,0,1,30,HOMBRE,ILESO,CONDUCTOR PRESENTE,NO,NO,1
32336,136822,136823,2022,0,1,0.024713,-78.276915,PICHINCHA,PEDRO MONCAYO,TOCACHI,RURAL,2022-11-24,17:00:00,17,JUEVES,4,NOVIEMBRE,11,NO,REALIZAR CAMBIO BRUSCO O INDEBIDO DE CARRIL.,PERDIDA DE CARRIL,CAMION,0,0,0,1,0,0,0,0,0,0,0,0,1,2,50,MUJER,FALLECIDO,PASAJERO,NO,SI,3
32337,136830,136831,2022,5,0,-0.126531,-78.478015,PICHINCHA,QUITO,QUITO,URBANA,2022-11-24,19:10:00,19,JUEVES,4,NOVIEMBRE,11,NO,"CONDUCE BAJO LA INFLUENCIA DE ALCOHOL, SUSTANCIAS ESTUPEFACIENTES O PSICOTROPICAS Y/O MEDICAMENTOS.",COLISION,AUTOMOVIL,3,0,0,0,0,0,0,0,0,0,0,0,0,3,27,HOMBRE,LESIONADO,PASAJERO,NO,NO,1
32338,136834,136835,2022,3,0,-0.226691,-78.510726,PICHINCHA,QUITO,QUITO,URBANA,2022-11-24,22:30:00,22,JUEVES,4,NOVIEMBRE,11,NO,"PRESENCIA DE AGENTES EXTERNOS EN LA VIA (AGUA, ACEITE, PIEDRA, LASTRE, ESCOMBROS, MADEROS, ETC.).",ROZAMIENTOS,MOTOCICLETA,1,0,0,0,0,0,0,0,1,0,0,0,0,2,31,HOMBRE,LESIONADO,CONDUCTOR PRESENTE,NO,NO,1
32339,136835,136836,2022,0,0,-0.347108,-78.564373,PICHINCHA,QUITO,QUITO,URBANA,2022-11-25,00:05:00,0,VIERNES,5,NOVIEMBRE,11,NO,CONDUCIR VEHICULO SUPERANDO LOS LIMITES MAXIMOS DE VELOCIDAD.,ESTRELLAMIENTOS,CAMION,0,0,0,1,0,0,0,0,0,0,0,0,0,1,-1,NO IDENTIFICADO,NO IDENTIFICADO,CONDUCTOR AUSENTE,NO,NO,2
32340,136838,136839,2022,0,1,-0.237793,-78.490517,PICHINCHA,QUITO,QUITO,URBANA,2022-11-25,02:40:00,2,VIERNES,5,NOVIEMBRE,11,NO,CONDUCIR VEHICULO SUPERANDO LOS LIMITES MAXIMOS DE VELOCIDAD.,ESTRELLAMIENTOS,MOTOCICLETA,0,0,0,0,0,0,0,0,1,0,0,0,0,1,37,HOMBRE,FALLECIDO,CONDUCTOR PRESENTE,NO,NO,1
32341,136842,136843,2022,0,1,-0.177868,-78.364949,PICHINCHA,QUITO,PUEMBO,RURAL,2022-11-25,05:45:00,5,VIERNES,5,NOVIEMBRE,11,NO,NO CEDER EL DERECHO DE VIA O PREFERENCIA DE PASO AL PEATON.,ARROLLAMIENTOS,NO IDENTIFICADO,0,0,0,0,0,0,0,0,0,1,0,0,0,1,36,HOMBRE,FALLECIDO,PEATON,NO,NO,3
32342,136843,136844,2022,0,0,-0.120401,-78.489073,PICHINCHA,QUITO,QUITO,URBANA,2022-11-25,06:00:00,6,VIERNES,5,NOVIEMBRE,11,NO,CONDUCIR VEHICULO SUPERANDO LOS LIMITES MAXIMOS DE VELOCIDAD.,ESTRELLAMIENTOS,MOTOCICLETA,0,0,0,0,0,0,0,0,1,0,0,0,0,1,-1,NO IDENTIFICADO,NO IDENTIFICADO,CONDUCTOR AUSENTE,NO,NO,2
32343,136846,136847,2022,0,0,-0.256867,-78.556069,PICHINCHA,QUITO,QUITO,URBANA,2022-11-25,06:45:00,6,VIERNES,5,NOVIEMBRE,11,NO,"ADELANTAR O REBASAR A OTRO VEHICULO EN MOVIMIENTO EN ZONAS O SITIOS PELIGROSOS TALES COMO: CURVAS, PUENTES, TUNELES, PENDIENTES, ETC.",CHOQUE LATERAL,CAMIONETA,1,0,0,0,1,0,0,0,0,0,0,0,0,2,35,HOMBRE,ILESO,CONDUCTOR PRESENTE,NO,NO,1
32344,136850,136851,2022,0,1,-0.207414,-78.512529,PICHINCHA,QUITO,QUITO,URBANA,2022-11-25,08:05:00,8,VIERNES,5,NOVIEMBRE,11,NO,REALIZAR CAMBIO BRUSCO O INDEBIDO DE CARRIL.,CHOQUE LATERAL,BUS,0,0,1,0,0,0,0,0,0,0,1,0,0,2,30,HOMBRE,FALLECIDO,CONDUCTOR PRESENTE,NO,NO,1
32345,136854,136855,2022,3,0,0.040181,-78.249604,PICHINCHA,PEDRO MONCAYO,LA ESPERANZA (PEDRO MONCAYO),RURAL,2022-11-25,10:00:00,10,VIERNES,5,NOVIEMBRE,11,NO,"NO RESPETAR LAS SENIALES REGLAMENTARIAS DE TRANSITO. (PARE, CEDA EL PASO, LUZ ROJA DEL SEMAFORO, ETC).",CHOQUE LATERAL,MOTOCICLETA,0,0,0,0,1,0,0,0,1,0,0,0,0,2,16,HOMBRE,LESIONADO,CONDUCTOR PRESENTE,NO,NO,3
32346,136857,136858,2022,2,0,-0.210275,-78.512321,PICHINCHA,QUITO,QUITO,URBANA,2022-11-25,10:40:00,10,VIERNES,5,NOVIEMBRE,11,NO,CONDUCIR EN SENTIDO CONTRARIO A LA VIA NORMAL DE CIRCULACION.,CHOQUE FRONTAL,MOTOCICLETA,1,0,0,0,0,0,0,0,1,0,0,0,0,2,46,HOMBRE,LESIONADO,CONDUCTOR PRESENTE,NO,NO,1
32347,136860,136861,2022,3,0,-0.307803,-78.544191,PICHINCHA,QUITO,QUITO,URBANA,2022-11-25,11:30:00,11,VIERNES,5,NOVIEMBRE,11,NO,NO TRANSITAR POR LAS ACERAS O ZONAS DE SEGURIDAD DESTINADAS PARA EL EFECTO.,ATROPELLOS,MOTOCICLETA,0,0,0,0,0,0,0,0,1,0,0,0,0,1,15,HOMBRE,LESIONADO,PEATON,NO,NO,1
32348,136863,136864,2022,0,0,-0.192784,-78.459042,PICHINCHA,QUITO,QUITO,URBANA,2022-11-25,14:00:00,14,VIERNES,5,NOVIEMBRE,11,NO,"CONDICIONES AMBIENTALES Y/O ATMOSFERICAS (NIEBLA, NEBLINA, GRANIZO, LLUVIA).",ESTRELLAMIENTOS,CAMIONETA,0,0,0,0,1,0,0,0,0,0,0,0,0,1,-1,NO IDENTIFICADO,NO IDENTIFICADO,CONDUCTOR AUSENTE,NO,NO,2
32349,136868,136869,2022,0,0,-0.169128,-78.487223,PICHINCHA,QUITO,QUITO,URBANA,2022-11-25,16:00:00,16,VIERNES,5,NOVIEMBRE,11,NO,NO MANTENER LA DISTANCIA PRUDENCIAL CON RESPECTO AL VEHICULO QUE LE ANTECEDE.,COLISION,AUTOMOVIL,3,0,0,0,0,0,0,0,0,0,0,0,0,3,30,HOMBRE,ILESO,CONDUCTOR PRESENTE,NO,NO,1
32350,136870,136871,2022,0,0,-0.151544,-78.497902,PICHINCHA,QUITO,QUITO,URBANA,2022-11-25,16:40:00,16,VIERNES,5,NOVIEMBRE,11,NO,"CONDUCE BAJO LA INFLUENCIA DE ALCOHOL, SUSTANCIAS ESTUPEFACIENTES O PSICOTROPICAS Y/O MEDICAMENTOS.",COLISION,AUTOMOVIL,3,0,0,0,0,0,0,0,0,0,0,0,0,3,23,HOMBRE,ILESO,CONDUCTOR PRESENTE,NO,NO,1
32351,136873,136874,2022,2,0,-0.210231,-78.502339,PICHINCHA,QUITO,QUITO,URBANA,2022-11-25,17:00:00,17,VIERNES,5,NOVIEMBRE,11,NO,"NO RESPETAR LAS SENIALES REGLAMENTARIAS DE TRANSITO. (PARE, CEDA EL PASO, LUZ ROJA DEL SEMAFORO, ETC).",CHOQUE LATERAL,MOTOCICLETA,1,0,0,0,0,0,0,0,1,0,0,0,0,2,37,HOMBRE,LESIONADO,CONDUCTOR PRESENTE,NO,NO,1
32352,136883,136884,2022,1,0,-0.038286,-78.453726,PICHINCHA,QUITO,POMASQUI,URBANA,2022-11-25,19:15:00,19,VIERNES,5,NOVIEMBRE,11,NO,"CONDUCIR DESATENTO A LAS CONDICIONES DE TRANSITO (CELULAR, PANTALLAS DE VIDEO, COMIDA, MAQUILLAJE O CUALQUIER OTRO ELEMENTO DISTRACTOR).",CHOQUE LATERAL,MOTOCICLETA,1,0,0,0,0,0,0,0,1,0,0,0,0,2,25,HOMBRE,LESIONADO,CONDUCTOR PRESENTE,NO,SI,1
32353,136890,136891,2022,1,0,-0.106069,-78.438661,PICHINCHA,QUITO,CALDERON (CARAPUNGO),RURAL,2022-11-25,21:15:00,21,VIERNES,5,NOVIEMBRE,11,NO,"CONDUCE BAJO LA INFLUENCIA DE ALCOHOL, SUSTANCIAS ESTUPEFACIENTES O PSICOTROPICAS Y/O MEDICAMENTOS.",OTROS,MOTOCICLETA,2,0,0,0,0,0,0,0,1,0,0,0,0,3,29,HOMBRE,LESIONADO,CONDUCTOR PRESENTE,NO,NO,3
32354,136892,136893,2022,2,0,-0.212127,-78.387674,PICHINCHA,QUITO,TUMBACO,RURAL,2022-11-25,21:35:00,21,VIERNES,5,NOVIEMBRE,11,NO,"CONDUCE BAJO LA INFLUENCIA DE ALCOHOL, SUSTANCIAS ESTUPEFACIENTES O PSICOTROPICAS Y/O MEDICAMENTOS.",CHOQUE POSTERIOR,MOTOCICLETA,1,0,0,0,0,0,0,0,1,0,0,0,0,2,26,HOMBRE,LESIONADO,CONDUCTOR PRESENTE,NO,NO,3
32355,136899,136900,2022,0,1,-0.324541,-78.449327,PICHINCHA,RUMINIAHUI,SANGOLQUI,URBANA,2022-11-26,00:30:00,0,SABADO,6,NOVIEMBRE,11,NO,"CONDUCIR DESATENTO A LAS CONDICIONES DE TRANSITO (CELULAR, PANTALLAS DE VIDEO, COMIDA, MAQUILLAJE O CUALQUIER OTRO ELEMENTO DISTRACTOR).",PERDIDA DE CARRIL,MOTOCICLETA,1,0,0,0,0,0,0,0,1,0,0,0,0,2,22,HOMBRE,FALLECIDO,CONDUCTOR PRESENTE,NO,SI,1
32356,136900,136901,2022,0,0,-0.590796,-78.600991,PICHINCHA,MEJIA,ALOASI,RURAL,2022-11-26,00:30:00,0,SABADO,6,NOVIEMBRE,11,NO,"CONDUCIR DESATENTO A LAS CONDICIONES DE TRANSITO (CELULAR, PANTALLAS DE VIDEO, COMIDA, MAQUILLAJE O CUALQUIER OTRO ELEMENTO DISTRACTOR).",ROZAMIENTOS,AUTOMOVIL,2,0,0,0,0,0,0,0,0,0,0,0,0,2,51,HOMBRE,ILESO,CONDUCTOR PRESENTE,NO,SI,3
32357,136902,136903,2022,2,0,-0.352904,-78.549495,PICHINCHA,QUITO,QUITO,URBANA,2022-11-26,01:30:00,1,SABADO,6,NOVIEMBRE,11,NO,REALIZAR CAMBIO BRUSCO O INDEBIDO DE CARRIL.,CHOQUE FRONTAL,CAMION,1,0,0,1,0,0,0,0,0,0,0,0,0,2,34,HOMBRE,LESIONADO,CONDUCTOR PRESENTE,NO,NO,1
32358,136904,136905,2022,1,0,-0.101601,-78.486417,PICHINCHA,QUITO,QUITO,URBANA,2022-11-26,02:00:00,2,SABADO,6,NOVIEMBRE,11,NO,CONDUCIR VEHICULO SUPERANDO LOS LIMITES MAXIMOS DE VELOCIDAD.,ESTRELLAMIENTOS,AUTOMOVIL,1,0,0,0,0,0,0,0,0,0,0,0,0,1,27,HOMBRE,LESIONADO,CONDUCTOR PRESENTE,NO,NO,1
32359,136905,136906,2022,0,0,-0.154651,-78.489041,PICHINCHA,QUITO,QUITO,URBANA,2022-11-26,02:25:00,2,SABADO,6,NOVIEMBRE,11,NO,"CONDUCE BAJO LA INFLUENCIA DE ALCOHOL, SUSTANCIAS ESTUPEFACIENTES O PSICOTROPICAS Y/O MEDICAMENTOS.",ESTRELLAMIENTOS,AUTOMOVIL,2,0,0,0,0,0,0,0,0,0,0,0,0,2,21,HOMBRE,ILESO,CONDUCTOR PRESENTE,NO,NO,1
32360,136906,136907,2022,1,0,-0.259534,-78.530261,PICHINCHA,QUITO,QUITO,URBANA,2022-11-26,02:40:00,2,SABADO,6,NOVIEMBRE,11,NO,CONDUCIR VEHICULO SUPERANDO LOS LIMITES MAXIMOS DE VELOCIDAD.,ESTRELLAMIENTOS,MOTOCICLETA,0,0,0,0,0,0,0,0,1,0,0,0,0,1,28,HOMBRE,LESIONADO,CONDUCTOR PRESENTE,NO,NO,1
32361,136911,136912,2022,1,0,-0.256744,-78.542756,PICHINCHA,QUITO,QUITO,URBANA,2022-11-26,04:25:00,4,SABADO,6,NOVIEMBRE,11,NO,"CONDUCE BAJO LA INFLUENCIA DE ALCOHOL, SUSTANCIAS ESTUPEFACIENTES O PSICOTROPICAS Y/O MEDICAMENTOS.",CHOQUE LATERAL,CAMION,0,0,0,1,1,0,0,0,0,0,0,0,0,2,38,HOMBRE,LESIONADO,PASAJERO,NO,NO,1
32362,136914,136915,2022,0,0,-0.137431,-78.473398,PICHINCHA,QUITO,QUITO,URBANA,2022-11-26,06:30:00,6,SABADO,6,NOVIEMBRE,11,NO,CONDUCIR VEHICULO SUPERANDO LOS LIMITES MAXIMOS DE VELOCIDAD.,ESTRELLAMIENTOS,AUTOMOVIL,1,0,0,0,0,0,0,0,0,0,0,0,0,1,-1,NO IDENTIFICADO,NO IDENTIFICADO,CONDUCTOR AUSENTE,NO,NO,2
32363,136918,136919,2022,0,0,-0.152744,-78.492374,PICHINCHA,QUITO,QUITO,URBANA,2022-11-26,08:45:00,8,SABADO,6,NOVIEMBRE,11,NO,"FALLA MECANICA EN LOS SISTEMAS Y/O NEUMATICOS (SISTEMA DE FRENOS, DIRECCION, ELECTRONICO O MECANICO).",ESTRELLAMIENTOS,AUTOMOVIL,1,0,0,0,0,0,0,0,0,0,0,0,0,1,26,HOMBRE,ILESO,CONDUCTOR PRESENTE,NO,NO,1