,Unnamed: 0,ID,ANIO,LESIONADOS,FALLECIDOS,LATITUD_Y,LONGITUD_X,PROVINCIA,CANTON,PARROQUIA,ZONA,FECHA,HORA,PERIODO_2,DIA_1,DIA_2,MES_1,MES_2,FERIADO,CAUSA_PROBABLE,TIPO_DE_SINIESTRO,TIPO_DE_VEHICULO_1,AUTOMOVIL,BICICLETA,BUS,CAMION,CAMIONETA,EMERGENCIAS,ESPECIAL,FURGONETA,MOTOCICLETA,NO_IDENTIFICADO,SCOOTER_ELECTRICO,TRICIMOTO,VEHICULO_DEPORTIVO_UTILITARIO,SUMA_DE_VEHICULOS,EDAD_1,SEXO_1,CONDICION_1,PARTICIPANTE_1,CASCO_1,CINTURON_1,KMeans_Cluster
32364,136922,136923,2022,1,0,-0.259458,-78.540003,PICHINCHA,QUITO,QUITO,URBANA,2022-11-26,10:05:00,10,SABADO,6,NOVIEMBRE,11,NO,NO CEDER EL DERECHO DE VIA O PREFERENCIA DE PASO A VEHICULOS.,CHOQUE LATERAL,MOTOCICLETA,1,0,0,0,0,0,0,0,1,0,0,0,0,2,28,HOMBRE,LESIONADO,CONDUCTOR PRESENTE,NO,NO,1
32365,136926,136927,2022,1,0,-0.054291,-78.350481,PICHINCHA,QUITO,GUAYLLABAMBA,RURAL,2022-11-26,11:30:00,11,SABADO,6,NOVIEMBRE,11,NO,"CONDUCIR DESATENTO A LAS CONDICIONES DE TRANSITO (CELULAR, PANTALLAS DE VIDEO, COMIDA, MAQUILLAJE O CUALQUIER OTRO ELEMENTO DISTRACTOR).",CHOQUE LATERAL,AUTOMOVIL,2,0,0,0,0,0,0,0,0,0,0,0,0,2,30,HOMBRE,LESIONADO,PASAJERO,NO,SI,3
32366,136927,136928,2022,0,0,-0.161744,-78.437413,PICHINCHA,QUITO,NAYON,RURAL,2022-11-26,11:30:00,11,SABADO,6,NOVIEMBRE,11,NO,CONDUCIR VEHICULO SUPERANDO LOS LIMITES MAXIMOS DE VELOCIDAD.,CHOQUE FRONTAL,AUTOMOVIL,2,0,0,0,0,0,0,0,0,0,0,0,0,2,57,HOMBRE,ILESO,CONDUCTOR PRESENTE,NO,NO,3
32367,136928,136929,2022,2,0,-0.300669,-78.458082,PICHINCHA,RUMINIAHUI,SANGOLQUI,RURAL,2022-11-26,12:00:00,12,SABADO,6,NOVIEMBRE,11,NO,"CONDUCIR DESATENTO A LAS CONDICIONES DE TRANSITO (CELULAR, PANTALLAS DE VIDEO, COMIDA, MAQUILLAJE O CUALQUIER OTRO ELEMENTO DISTRACTOR).",CAIDA DE PASAJERO,MOTOCICLETA,0,0,0,0,0,0,0,0,1,0,0,0,1,2,29,HOMBRE,LESIONADO,CONDUCTOR PRESENTE,NO,SI,3
32368,136931,136932,2022,0,0,-0.123153,-78.489316,PICHINCHA,QUITO,QUITO,URBANA,2022-11-26,14:00:00,14,SABADO,6,NOVIEMBRE,11,NO,CONDUCIR VEHICULO SUPERANDO LOS LIMITES MAXIMOS DE VELOCIDAD.,COLISION,CAMIONETA,2,0,0,0,1,0,0,0,0,0,0,0,0,3,53,HOMBRE,ILESO,CONDUCTOR PRESENTE,NO,NO,1
32369,136937,136938,2022,0,0,-0.250081,-78.532552,PICHINCHA,QUITO,QUITO,URBANA,2022-11-26,15:02:00,15,SABADO,6,NOVIEMBRE,11,NO,"NO RESPETAR LAS SENIALES REGLAMENTARIAS DE TRANSITO. (PARE, CEDA EL PASO, LUZ ROJA DEL SEMAFORO, ETC).",CHOQUE LATERAL,AUTOMOVIL,2,0,0,0,0,0,0,0,0,0,0,0,0,2,78,HOMBRE,ILESO,CONDUCTOR PRESENTE,NO,NO,1
32370,136939,136940,2022,0,0,-0.206505,-78.494399,PICHINCHA,QUITO,QUITO,URBANA,2022-11-26,15:25:00,15,SABADO,6,NOVIEMBRE,11,NO,"NO RESPETAR LAS SENIALES REGLAMENTARIAS DE TRANSITO. (PARE, CEDA EL PASO, LUZ ROJA DEL SEMAFORO, ETC).",CHOQUE LATERAL,AUTOMOVIL,2,0,0,0,0,0,0,0,0,0,0,0,0,2,40,HOMBRE,ILESO,CONDUCTOR PRESENTE,NO,NO,1
32371,136949,136950,2022,0,1,-0.232581,-78.503543,PICHINCHA,QUITO,QUITO,URBANA,2022-11-26,18:50:00,18,SABADO,6,NOVIEMBRE,11,NO,CONDUCIR VEHICULO SUPERANDO LOS LIMITES MAXIMOS DE VELOCIDAD.,ESTRELLAMIENTOS,MOTOCICLETA,0,0,0,0,0,0,0,0,1,0,0,0,0,1,27,HOMBRE,FALLECIDO,CONDUCTOR PRESENTE,NO,NO,1
32372,136956,136957,2022,1,0,-0.336748,-78.566203,PICHINCHA,QUITO,QUITO,URBANA,2022-11-26,20:14:00,20,SABADO,6,NOVIEMBRE,11,NO,"CONDUCE BAJO LA INFLUENCIA DE ALCOHOL, SUSTANCIAS ESTUPEFACIENTES O PSICOTROPICAS Y/O MEDICAMENTOS.",ATROPELLOS,CAMIONETA,0,0,0,0,2,0,0,0,0,0,0,0,0,2,54,MUJER,LESIONADO,PEATON,NO,NO,1
32373,136959,136960,2022,0,0,-0.105961,-78.462311,PICHINCHA,QUITO,QUITO,URBANA,2022-11-26,21:20:00,21,SABADO,6,NOVIEMBRE,11,NO,"NO RESPETAR LAS SENIALES REGLAMENTARIAS DE TRANSITO. (PARE, CEDA EL PASO, LUZ ROJA DEL SEMAFORO, ETC).",COLISION,BUS,3,0,1,0,0,0,0,0,0,0,0,0,0,4,5,HOMBRE,ILESO,PASAJERO,NO,NO,1
32374,136968,136969,2022,0,0,-0.238541,-78.487335,PICHINCHA,QUITO,QUITO,URBANA,2022-11-26,23:25:00,23,SABADO,6,NOVIEMBRE,11,NO,CONDUCIR VEHICULO SUPERANDO LOS LIMITES MAXIMOS DE VELOCIDAD.,OTROS,AUTOMOVIL,2,0,0,0,0,0,0,0,0,0,0,0,0,2,43,HOMBRE,ILESO,CONDUCTOR PRESENTE,NO,NO,1
32375,136969,136970,2022,1,1,-0.124362,-78.466111,PICHINCHA,QUITO,QUITO,URBANA,2022-11-26,23:40:00,23,SABADO,6,NOVIEMBRE,11,NO,"CONDUCE BAJO LA INFLUENCIA DE ALCOHOL, SUSTANCIAS ESTUPEFACIENTES O PSICOTROPICAS Y/O MEDICAMENTOS.",CHOQUE LATERAL,MOTOCICLETA,1,0,0,0,0,0,0,0,1,0,0,0,0,2,22,MUJER,FALLECIDO,PASAJERO,NO,NO,1
32376,136971,136972,2022,2,0,-0.335251,-78.544959,PICHINCHA,QUITO,QUITO,URBANA,2022-11-27,00:20:00,0,DOMINGO,7,NOVIEMBRE,11,NO,CONDUCIR VEHICULO SUPERANDO LOS LIMITES MAXIMOS DE VELOCIDAD.,CHOQUE LATERAL,MOTOCICLETA,0,0,0,0,0,0,0,0,1,1,0,0,0,2,24,HOMBRE,LESIONADO,PASAJERO,NO,NO,1
32377,136976,136977,2022,0,0,-0.256387,-78.495727,PICHINCHA,QUITO,CONOCOTO,RURAL,2022-11-27,02:00:00,2,DOMINGO,7,NOVIEMBRE,11,NO,"CONDUCIR EN ESTADO DE SOMNOLENCIA O MALAS CONDICIONES FISICAS (SUENIO, CANSANCIO Y FATIGA).",CHOQUE LATERAL,AUTOMOVIL,2,0,0,0,0,0,0,0,0,0,0,0,0,2,33,HOMBRE,ILESO,PASAJERO,NO,NO,3
32378,136978,136979,2022,0,0,-0.113331,-78.490197,PICHINCHA,QUITO,QUITO,URBANA,2022-11-27,03:20:00,3,DOMINGO,7,NOVIEMBRE,11,NO,CONDUCIR VEHICULO SUPERANDO LOS LIMITES MAXIMOS DE VELOCIDAD.,ESTRELLAMIENTOS,AUTOMOVIL,1,0,0,0,0,0,0,0,0,0,0,0,0,1,-1,NO IDENTIFICADO,NO IDENTIFICADO,CONDUCTOR AUSENTE,NO,NO,2
32379,136983,136984,2022,1,0,-0.201811,-78.511238,PICHINCHA,QUITO,QUITO,URBANA,2022-11-27,05:35:00,5,DOMINGO,7,NOVIEMBRE,11,NO,NO MANTENER LA DISTANCIA PRUDENCIAL CON RESPECTO AL VEHICULO QUE LE ANTECEDE.,CHOQUE POSTERIOR,MOTOCICLETA,1,0,0,0,0,0,0,0,1,0,0,0,0,2,29,HOMBRE,LESIONADO,CONDUCTOR PRESENTE,NO,NO,1
32380,136989,136990,2022,0,0,-0.205054,-78.501441,PICHINCHA,QUITO,QUITO,URBANA,2022-11-27,07:40:00,7,DOMINGO,7,NOVIEMBRE,11,NO,"CONDUCE BAJO LA INFLUENCIA DE ALCOHOL, SUSTANCIAS ESTUPEFACIENTES O PSICOTROPICAS Y/O MEDICAMENTOS.",CHOQUE LATERAL,AUTOMOVIL,2,0,0,0,0,0,0,0,0,0,0,0,0,2,32,HOMBRE,ILESO,CONDUCTOR PRESENTE,NO,NO,1
32381,136997,136998,2022,0,0,-0.241658,-78.499395,PICHINCHA,QUITO,QUITO,URBANA,2022-11-27,13:00:00,13,DOMINGO,7,NOVIEMBRE,11,NO,NO MANTENER LA DISTANCIA PRUDENCIAL CON RESPECTO AL VEHICULO QUE LE ANTECEDE.,CHOQUE POSTERIOR,BUS,1,0,1,0,0,0,0,0,0,0,0,0,0,2,46,HOMBRE,ILESO,CONDUCTOR PRESENTE,NO,NO,1
32382,137009,137010,2022,2,0,-0.125707,-78.500387,PICHINCHA,QUITO,QUITO,URBANA,2022-11-27,16:35:00,16,DOMINGO,7,NOVIEMBRE,11,NO,"NO RESPETAR LAS SENIALES REGLAMENTARIAS DE TRANSITO. (PARE, CEDA EL PASO, LUZ ROJA DEL SEMAFORO, ETC).",CHOQUE LATERAL,AUTOMOVIL,2,0,0,0,0,0,0,0,0,0,0,0,0,2,27,HOMBRE,LESIONADO,CONDUCTOR PRESENTE,NO,NO,1
32383,137012,137013,2022,0,0,-0.249871,-78.531508,PICHINCHA,QUITO,QUITO,URBANA,2022-11-27,17:20:00,17,DOMINGO,7,NOVIEMBRE,11,NO,"CONDUCE BAJO LA INFLUENCIA DE ALCOHOL, SUSTANCIAS ESTUPEFACIENTES O PSICOTROPICAS Y/O MEDICAMENTOS.",CHOQUE POSTERIOR,AUTOMOVIL,2,0,0,0,0,0,0,0,0,0,0,0,0,2,59,HOMBRE,ILESO,CONDUCTOR PRESENTE,NO,NO,1
32384,137021,137022,2022,1,0,-0.129524,-78.308844,PICHINCHA,QUITO,CHECA (CHILPA),RURAL,2022-11-27,19:54:00,19,DOMINGO,7,NOVIEMBRE,11,NO,"CONDUCIR DESATENTO A LAS CONDICIONES DE TRANSITO (CELULAR, PANTALLAS DE VIDEO, COMIDA, MAQUILLAJE O CUALQUIER OTRO ELEMENTO DISTRACTOR).",PERDIDA DE CARRIL,MOTOCICLETA,0,0,0,0,0,0,0,0,1,0,0,0,0,1,32,HOMBRE,LESIONADO,CONDUCTOR PRESENTE,NO,SI,3
32385,137024,137025,2022,0,0,-0.211533,-78.423436,PICHINCHA,QUITO,CUMBAYA,RURAL,2022-11-27,20:10:00,20,DOMINGO,7,NOVIEMBRE,11,NO,"FALLA MECANICA EN LOS SISTEMAS Y/O NEUMATICOS (SISTEMA DE FRENOS, DIRECCION, ELECTRONICO O MECANICO).",CHOQUE LATERAL,AUTOMOVIL,2,0,0,0,0,0,0,0,0,0,0,0,0,2,26,HOMBRE,ILESO,PASAJERO,NO,NO,3
32386,137025,137026,2022,2,0,-0.207077,-78.512167,PICHINCHA,QUITO,QUITO,URBANA,2022-11-27,20:42:00,20,DOMINGO,7,NOVIEMBRE,11,NO,CONDUCIR VEHICULO SUPERANDO LOS LIMITES MAXIMOS DE VELOCIDAD.,PERDIDA DE CARRIL,AUTOMOVIL,1,0,0,0,0,0,0,0,0,0,0,0,0,1,38,HOMBRE,LESIONADO,PASAJERO,NO,NO,1
32387,137029,137030,2022,2,0,-0.332264,-78.572818,PICHINCHA,QUITO,QUITO,URBANA,2022-11-27,23:10:00,23,DOMINGO,7,NOVIEMBRE,11,NO,"CONDUCE BAJO LA INFLUENCIA DE ALCOHOL, SUSTANCIAS ESTUPEFACIENTES O PSICOTROPICAS Y/O MEDICAMENTOS.",CHOQUE FRONTAL,MOTOCICLETA,0,0,0,0,1,0,0,0,1,0,0,0,0,2,22,HOMBRE,LESIONADO,CONDUCTOR PRESENTE,NO,NO,1
32388,137036,137037,2022,1,0,0.001195,-78.502306,PICHINCHA,QUITO,CALACALI,RURAL,2022-11-28,04:45:00,4,LUNES,1,NOVIEMBRE,11,NO,CONDUCIR EN SENTIDO CONTRARIO A LA VIA NORMAL DE CIRCULACION.,CHOQUE FRONTAL,BUS,0,0,1,0,0,0,0,1,0,0,0,0,0,2,53,HOMBRE,LESIONADO,PASAJERO,NO,SI,3
32389,137046,137047,2022,0,0,-0.387188,-78.515547,PICHINCHA,QUITO,AMAGUANIA,URBANA,2022-11-28,08:30:00,8,LUNES,1,NOVIEMBRE,11,NO,"CONDUCIR DESATENTO A LAS CONDICIONES DE TRANSITO (CELULAR, PANTALLAS DE VIDEO, COMIDA, MAQUILLAJE O CUALQUIER OTRO ELEMENTO DISTRACTOR).",PERDIDA DE CARRIL,CAMION,0,0,0,1,0,0,0,0,0,0,0,0,0,1,47,HOMBRE,ILESO,CONDUCTOR PRESENTE,NO,SI,1
32390,137052,137053,2022,2,0,-0.504533,-78.570823,PICHINCHA,MEJIA,MACHACHI,URBANA,2022-11-28,11:05:00,11,LUNES,1,NOVIEMBRE,11,NO,"CONDUCIR DESATENTO A LAS CONDICIONES DE TRANSITO (CELULAR, PANTALLAS DE VIDEO, COMIDA, MAQUILLAJE O CUALQUIER OTRO ELEMENTO DISTRACTOR).",CHOQUE LATERAL,VEHICULO DEPORTIVO UTILITARIO,0,0,0,0,0,0,0,0,0,1,0,0,1,2,22,MUJER,LESIONADO,PEATON,NO,SI,1
32391,137055,137056,2022,1,0,-0.163391,-78.467689,PICHINCHA,QUITO,QUITO,URBANA,2022-11-28,12:30:00,12,LUNES,1,NOVIEMBRE,11,NO,CONDUCIR VEHICULO SUPERANDO LOS LIMITES MAXIMOS DE VELOCIDAD.,CHOQUE LATERAL,MOTOCICLETA,1,0,0,0,0,0,0,0,1,0,0,0,0,2,44,HOMBRE,LESIONADO,CONDUCTOR PRESENTE,NO,NO,1
32392,137058,137059,2022,1,0,-0.052574,-78.348885,PICHINCHA,QUITO,GUAYLLABAMBA,RURAL,2022-11-28,15:00:00,15,LUNES,1,NOVIEMBRE,11,NO,"CONDUCIR DESATENTO A LAS CONDICIONES DE TRANSITO (CELULAR, PANTALLAS DE VIDEO, COMIDA, MAQUILLAJE O CUALQUIER OTRO ELEMENTO DISTRACTOR).",CHOQUE POSTERIOR,BUS,0,0,1,0,0,0,0,0,1,0,0,0,0,2,27,HOMBRE,LESIONADO,CONDUCTOR PRESENTE,NO,SI,3
32393,137069,137070,2022,0,0,-0.254819,-78.522392,PICHINCHA,QUITO,QUITO,URBANA,2022-11-28,21:40:00,21,LUNES,1,NOVIEMBRE,11,NO,NO MANTENER LA DISTANCIA PRUDENCIAL CON RESPECTO AL VEHICULO QUE LE ANTECEDE.,CHOQUE POSTERIOR,CAMIONETA,1,0,0,0,1,0,0,0,0,0,0,0,0,2,62,HOMBRE,ILESO,CONDUCTOR PRESENTE,NO,NO,1
32394,137072,137073,2022,0,0,-0.221362,-78.396543,PICHINCHA,QUITO,TUMBACO,RURAL,2022-11-28,23:50:00,23,LUNES,1,NOVIEMBRE,11,NO,NO MANTENER LA DISTANCIA PRUDENCIAL CON RESPECTO AL VEHICULO QUE LE ANTECEDE.,CHOQUE POSTERIOR,CAMIONETA,1,0,0,0,1,0,0,0,0,0,0,0,0,2,59,HOMBRE,ILESO,CONDUCTOR PRESENTE,NO,NO,3
32395,137076,137077,2022,1,0,-0.298259,-78.567746,PICHINCHA,QUITO,QUITO,URBANA,2022-11-29,06:50:00,6,MARTES,2,NOVIEMBRE,11,NO,"NO RESPETAR LAS SENIALES REGLAMENTARIAS DE TRANSITO. (PARE, CEDA EL PASO, LUZ ROJA DEL SEMAFORO, ETC).",CHOQUE LATERAL,CAMIONETA,1,0,0,0,1,0,0,0,0,0,0,0,0,2,46,MUJER,LESIONADO,PASAJERO,NO,NO,1
32396,137077,137078,2022,0,0,-0.296386,-78.564076,PICHINCHA,QUITO,QUITO,URBANA,2022-11-29,07:00:00,7,MARTES,2,NOVIEMBRE,11,NO,CONDUCIR VEHICULO SUPERANDO LOS LIMITES MAXIMOS DE VELOCIDAD.,OTROS,AUTOMOVIL,2,0,0,0,0,0,0,0,0,1,0,0,0,3,57,HOMBRE,ILESO,PASAJERO,NO,NO,1
32397,137088,137089,2022,0,0,-0.177244,-78.481163,PICHINCHA,QUITO,QUITO,URBANA,2022-11-29,10:15:00,10,MARTES,2,NOVIEMBRE,11,NO,"NO RESPETAR LAS SENIALES REGLAMENTARIAS DE TRANSITO. (PARE, CEDA EL PASO, LUZ ROJA DEL SEMAFORO, ETC).",CHOQUE LATERAL,BUS,0,0,2,0,0,0,0,0,0,0,0,0,0,2,42,HOMBRE,ILESO,CONDUCTOR PRESENTE,NO,NO,1
32398,137115,137116,2022,0,0,-0.219231,-78.509751,PICHINCHA,QUITO,QUITO,URBANA,2022-11-29,20:30:00,20,MARTES,2,NOVIEMBRE,11,NO,CONDUCIR VEHICULO SUPERANDO LOS LIMITES MAXIMOS DE VELOCIDAD.,ESTRELLAMIENTOS,AUTOMOVIL,1,0,0,0,0,0,0,0,0,0,0,0,0,1,25,HOMBRE,ILESO,PASAJERO,NO,NO,1
32399,137120,137121,2022,0,0,-0.190264,-78.451332,PICHINCHA,QUITO,NAYON,URBANA,2022-11-29,23:45:00,23,MARTES,2,NOVIEMBRE,11,NO,"CONDICIONES AMBIENTALES Y/O ATMOSFERICAS (NIEBLA, NEBLINA, GRANIZO, LLUVIA).",ESTRELLAMIENTOS,AUTOMOVIL,1,0,0,0,0,0,0,0,0,0,0,0,0,1,34,HOMBRE,ILESO,CONDUCTOR PRESENTE,NO,NO,1
32400,137121,137122,2022,0,0,-0.191584,-78.454081,PICHINCHA,QUITO,NAYON,URBANA,2022-11-29,23:50:00,23,MARTES,2,NOVIEMBRE,11,NO,"CONDICIONES AMBIENTALES Y/O ATMOSFERICAS (NIEBLA, NEBLINA, GRANIZO, LLUVIA).",ESTRELLAMIENTOS,AUTOMOVIL,1,0,0,0,0,0,0,0,0,0,0,0,0,1,-1,NO IDENTIFICADO,NO IDENTIFICADO,CONDUCTOR AUSENTE,NO,NO,2
32401,137154,137155,2022,0,0,-0.261335,-78.539268,PICHINCHA,QUITO,QUITO,URBANA,2022-11-30,21:30:00,21,MIERCOLES,3,NOVIEMBRE,11,NO,NO CEDER EL DERECHO DE VIA O PREFERENCIA DE PASO A VEHICULOS.,CHOQUE LATERAL,AUTOMOVIL,2,0,0,0,0,0,0,0,0,0,0,0,0,2,35,HOMBRE,ILESO,CONDUCTOR PRESENTE,NO,NO,1
32402,137156,137157,2022,0,0,-0.289316,-78.557334,PICHINCHA,QUITO,QUITO,URBANA,2022-11-30,22:30:00,22,MIERCOLES,3,NOVIEMBRE,11,NO,NO MANTENER LA DISTANCIA PRUDENCIAL CON RESPECTO AL VEHICULO QUE LE ANTECEDE.,CHOQUE POSTERIOR,AUTOMOVIL,2,0,0,0,0,0,0,0,0,0,0,0,0,2,29,HOMBRE,ILESO,CONDUCTOR PRESENTE,NO,NO,1
32403,137169,137170,2022,0,0,0.040179,-78.249607,PICHINCHA,PEDRO MONCAYO,LA ESPERANZA (PEDRO MONCAYO),RURAL,2022-12-01,07:10:00,7,JUEVES,4,DICIEMBRE,12,NO,"NO RESPETAR LAS SENIALES REGLAMENTARIAS DE TRANSITO. (PARE, CEDA EL PASO, LUZ ROJA DEL SEMAFORO, ETC).",CHOQUE LATERAL,NO IDENTIFICADO,0,0,0,0,0,0,0,0,0,1,0,0,0,1,-1,NO IDENTIFICADO,NO IDENTIFICADO,CONDUCTOR AUSENTE,NO,NO,2
32404,137173,137174,2022,0,0,-0.242612,-78.497651,PICHINCHA,QUITO,QUITO,URBANA,2022-12-01,08:43:00,8,JUEVES,4,DICIEMBRE,12,NO,NO MANTENER LA DISTANCIA PRUDENCIAL CON RESPECTO AL VEHICULO QUE LE ANTECEDE.,CHOQUE POSTERIOR,CAMIONETA,1,0,0,0,1,0,0,0,0,0,0,0,0,2,62,HOMBRE,ILESO,CONDUCTOR PRESENTE,NO,NO,1
32405,137175,137176,2022,0,0,-0.283351,-78.560751,PICHINCHA,QUITO,QUITO,URBANA,2022-12-01,09:30:00,9,JUEVES,4,DICIEMBRE,12,NO,CONDUCIR VEHICULO SUPERANDO LOS LIMITES MAXIMOS DE VELOCIDAD.,CHOQUE LATERAL,AUTOMOVIL,2,0,0,0,0,0,0,0,0,0,0,0,0,2,63,HOMBRE,ILESO,CONDUCTOR PRESENTE,NO,NO,1
32406,137189,137190,2022,1,0,-0.222817,-78.513192,PICHINCHA,QUITO,QUITO,URBANA,2022-12-01,16:08:00,16,JUEVES,4,DICIEMBRE,12,NO,NO CEDER EL DERECHO DE VIA O PREFERENCIA DE PASO AL PEATON.,ATROPELLOS,MOTOCICLETA,0,0,0,0,0,0,0,0,1,0,0,0,0,1,30,MUJER,LESIONADO,PEATON,NO,NO,1
32407,137193,137194,2022,0,0,-0.217166,-78.519721,PICHINCHA,QUITO,QUITO,URBANA,2022-12-01,17:00:00,17,JUEVES,4,DICIEMBRE,12,NO,CONDUCIR VEHICULO SUPERANDO LOS LIMITES MAXIMOS DE VELOCIDAD.,ESTRELLAMIENTOS,AUTOMOVIL,4,0,0,0,0,0,0,0,0,0,0,0,0,4,-1,NO IDENTIFICADO,NO IDENTIFICADO,CONDUCTOR AUSENTE,NO,NO,2
32408,137194,137195,2022,0,0,-0.171353,-78.473776,PICHINCHA,QUITO,QUITO,URBANA,2022-12-01,17:05:00,17,JUEVES,4,DICIEMBRE,12,NO,"NO RESPETAR LAS SENIALES REGLAMENTARIAS DE TRANSITO. (PARE, CEDA EL PASO, LUZ ROJA DEL SEMAFORO, ETC).",CHOQUE LATERAL,AUTOMOVIL,2,0,0,0,0,0,0,0,0,0,0,0,0,2,58,HOMBRE,ILESO,CONDUCTOR PRESENTE,NO,NO,1
32409,137198,137199,2022,0,0,-0.175886,-78.497512,PICHINCHA,QUITO,QUITO,URBANA,2022-12-01,18:35:00,18,JUEVES,4,DICIEMBRE,12,NO,CONDUCIR VEHICULO SUPERANDO LOS LIMITES MAXIMOS DE VELOCIDAD.,ESTRELLAMIENTOS,CAMIONETA,0,0,0,0,1,0,0,0,0,0,0,0,0,1,43,HOMBRE,ILESO,CONDUCTOR PRESENTE,NO,NO,1
32410,137210,137211,2022,0,0,0.000101,-78.454826,PICHINCHA,QUITO,SAN ANTONIO (QUITO),URBANA,2022-12-01,23:50:00,23,JUEVES,4,DICIEMBRE,12,NO,"CONDUCE BAJO LA INFLUENCIA DE ALCOHOL, SUSTANCIAS ESTUPEFACIENTES O PSICOTROPICAS Y/O MEDICAMENTOS.",CHOQUE LATERAL,MOTOCICLETA,1,0,0,0,0,0,0,0,1,0,0,0,0,2,38,HOMBRE,ILESO,CONDUCTOR PRESENTE,NO,SI,1
32411,137218,137219,2022,0,0,-0.331499,-78.550462,PICHINCHA,QUITO,QUITO,URBANA,2022-12-02,04:50:00,4,VIERNES,5,DICIEMBRE,12,NO,CONDUCIR VEHICULO SUPERANDO LOS LIMITES MAXIMOS DE VELOCIDAD.,ESTRELLAMIENTOS,AUTOMOVIL,1,0,0,0,0,0,0,0,0,0,0,0,0,1,28,HOMBRE,ILESO,CONDUCTOR PRESENTE,NO,NO,1
32412,137229,137230,2022,1,0,-0.294263,-78.562824,PICHINCHA,QUITO,QUITO,URBANA,2022-12-02,12:35:00,12,VIERNES,5,DICIEMBRE,12,NO,NO TRANSITAR POR LAS ACERAS O ZONAS DE SEGURIDAD DESTINADAS PARA EL EFECTO.,ATROPELLOS,MOTOCICLETA,0,0,0,0,0,0,0,0,1,0,0,0,0,1,11,HOMBRE,LESIONADO,PEATON,NO,NO,1
32413,137231,137232,2022,1,0,-0.141449,-78.483067,PICHINCHA,QUITO,QUITO,URBANA,2022-12-02,13:00:00,13,VIERNES,5,DICIEMBRE,12,NO,CONDUCIR VEHICULO SUPERANDO LOS LIMITES MAXIMOS DE VELOCIDAD.,ESTRELLAMIENTOS,AUTOMOVIL,1,0,0,0,0,0,0,0,0,0,0,0,0,1,30,MUJER,LESIONADO,PASAJERO,NO,NO,1
32414,137241,137242,2022,5,0,-0.224314,-78.496862,PICHINCHA,QUITO,QUITO,URBANA,2022-12-02,15:55:00,15,VIERNES,5,DICIEMBRE,12,NO,CONDUCIR VEHICULO SUPERANDO LOS LIMITES MAXIMOS DE VELOCIDAD.,OTROS,AUTOMOVIL,4,0,0,0,0,0,0,0,0,0,0,0,0,4,22,HOMBRE,LESIONADO,CONDUCTOR PRESENTE,NO,NO,1
32415,137256,137257,2022,0,0,-0.218243,-78.428701,PICHINCHA,QUITO,CUMBAYA,RURAL,2022-12-02,19:20:00,19,VIERNES,5,DICIEMBRE,12,NO,CONDUCIR VEHICULO SUPERANDO LOS LIMITES MAXIMOS DE VELOCIDAD.,OTROS,AUTOMOVIL,1,0,0,0,0,0,0,0,0,0,0,0,0,1,-1,NO IDENTIFICADO,NO IDENTIFICADO,CONDUCTOR AUSENTE,NO,NO,2
32416,137260,137261,2022,0,0,-0.280167,-78.515976,PICHINCHA,QUITO,QUITO,URBANA,2022-12-02,20:00:00,20,VIERNES,5,DICIEMBRE,12,NO,CONDUCIR VEHICULO SUPERANDO LOS LIMITES MAXIMOS DE VELOCIDAD.,ESTRELLAMIENTOS,AUTOMOVIL,2,0,0,0,0,0,0,0,0,0,0,0,0,2,34,HOMBRE,ILESO,CONDUCTOR PRESENTE,NO,NO,1
32417,137272,137273,2022,0,0,-0.092411,-78.440899,PICHINCHA,QUITO,CALDERON (CARAPUNGO),RURAL,2022-12-02,22:40:00,22,VIERNES,5,DICIEMBRE,12,NO,"NO RESPETAR LAS SENIALES REGLAMENTARIAS DE TRANSITO. (PARE, CEDA EL PASO, LUZ ROJA DEL SEMAFORO, ETC).",ESTRELLAMIENTOS,AUTOMOVIL,1,0,0,0,0,0,0,0,0,0,0,0,0,1,-1,NO IDENTIFICADO,NO IDENTIFICADO,CONDUCTOR AUSENTE,NO,NO,2
32418,137273,137274,2022,4,0,-0.210839,-78.441759,PICHINCHA,QUITO,CUMBAYA,RURAL,2022-12-02,23:20:00,23,VIERNES,5,DICIEMBRE,12,NO,CONDUCIR VEHICULO SUPERANDO LOS LIMITES MAXIMOS DE VELOCIDAD.,CHOQUE FRONTAL,MOTOCICLETA,1,0,0,0,0,0,0,0,1,0,0,0,0,2,9,HOMBRE,LESIONADO,PASAJERO,NO,NO,3
32419,137276,137277,2022,0,0,-0.192635,-78.488441,PICHINCHA,QUITO,QUITO,URBANA,2022-12-02,23:52:00,23,VIERNES,5,DICIEMBRE,12,NO,"CONDUCE BAJO LA INFLUENCIA DE ALCOHOL, SUSTANCIAS ESTUPEFACIENTES O PSICOTROPICAS Y/O MEDICAMENTOS.",OTROS,CAMIONETA,1,0,0,0,1,0,0,0,0,0,0,0,0,2,59,HOMBRE,ILESO,CONDUCTOR PRESENTE,NO,NO,1
32420,137278,137279,2022,1,0,-0.211973,-78.412325,PICHINCHA,QUITO,TUMBACO,RURAL,2022-12-03,00:46:00,0,SABADO,6,DICIEMBRE,12,NO,"CONDUCE BAJO LA INFLUENCIA DE ALCOHOL, SUSTANCIAS ESTUPEFACIENTES O PSICOTROPICAS Y/O MEDICAMENTOS.",ATROPELLOS,AUTOMOVIL,1,0,0,0,0,0,0,0,0,0,0,0,0,1,42,HOMBRE,LESIONADO,PEATON,NO,NO,3