,Unnamed: 0,ID,ANIO,LESIONADOS,FALLECIDOS,LATITUD_Y,LONGITUD_X,PROVINCIA,CANTON,PARROQUIA,ZONA,FECHA,HORA,PERIODO_2,DIA_1,DIA_2,MES_1,MES_2,FERIADO,CAUSA_PROBABLE,TIPO_DE_SINIESTRO,TIPO_DE_VEHICULO_1,AUTOMOVIL,BICICLETA,BUS,CAMION,CAMIONETA,EMERGENCIAS,ESPECIAL,FURGONETA,MOTOCICLETA,NO_IDENTIFICADO,SCOOTER_ELECTRICO,TRICIMOTO,VEHICULO_DEPORTIVO_UTILITARIO,SUMA_DE_VEHICULOS,EDAD_1,SEXO_1,CONDICION_1,PARTICIPANTE_1,CASCO_1,CINTURON_1,KMeans_Cluster
32421,137280,137281,2022,0,0,-0.153438,-78.484708,PICHINCHA,QUITO,QUITO,URBANA,2022-12-03,01:30:00,1,SABADO,6,DICIEMBRE,12,NO,"CONDICIONES AMBIENTALES Y/O ATMOSFERICAS (NIEBLA, NEBLINA, GRANIZO, LLUVIA).",ESTRELLAMIENTOS,AUTOMOVIL,1,0,0,0,0,0,0,0,0,0,0,0,0,1,53,MUJER,ILESO,CONDUCTOR PRESENTE,NO,NO,1
32422,137281,137282,2022,0,0,-0.163538,-78.486061,PICHINCHA,QUITO,QUITO,URBANA,2022-12-03,01:45:00,1,SABADO,6,DICIEMBRE,12,NO,"NO RESPETAR LAS SENIALES REGLAMENTARIAS DE TRANSITO. (PARE, CEDA EL PASO, LUZ ROJA DEL SEMAFORO, ETC).",CHOQUE LATERAL,AUTOMOVIL,2,0,0,0,0,0,0,0,0,0,0,0,0,2,43,HOMBRE,ILESO,CONDUCTOR PRESENTE,NO,NO,1
32423,137282,137283,2022,0,0,-0.181671,-78.486595,PICHINCHA,QUITO,QUITO,URBANA,2022-12-03,01:50:00,1,SABADO,6,DICIEMBRE,12,NO,CONDUCIR VEHICULO SUPERANDO LOS LIMITES MAXIMOS DE VELOCIDAD.,OTROS,AUTOMOVIL,2,0,0,0,0,0,0,0,0,0,0,0,0,2,26,HOMBRE,ILESO,CONDUCTOR PRESENTE,NO,NO,1
32424,137288,137289,2022,0,0,-0.247637,-78.478513,PICHINCHA,QUITO,QUITO,RURAL,2022-12-03,06:25:00,6,SABADO,6,DICIEMBRE,12,NO,CONDUCIR VEHICULO SUPERANDO LOS LIMITES MAXIMOS DE VELOCIDAD.,COLISION,AUTOMOVIL,4,0,0,0,0,0,0,0,0,0,0,0,0,4,27,HOMBRE,ILESO,CONDUCTOR PRESENTE,NO,NO,3
32425,137289,137290,2022,0,0,-0.247637,-78.478513,PICHINCHA,QUITO,QUITO,RURAL,2022-12-03,06:25:00,6,SABADO,6,DICIEMBRE,12,NO,REALIZAR CAMBIO BRUSCO O INDEBIDO DE CARRIL.,PERDIDA DE CARRIL,AUTOMOVIL,1,0,0,0,0,0,0,0,0,0,0,0,0,1,50,HOMBRE,ILESO,CONDUCTOR PRESENTE,NO,NO,3
32426,137295,137296,2022,1,0,-0.169484,-78.343202,PICHINCHA,QUITO,TABABELA,RURAL,2022-12-03,08:50:00,8,SABADO,6,DICIEMBRE,12,NO,"ADELANTAR O REBASAR A OTRO VEHICULO EN MOVIMIENTO EN ZONAS O SITIOS PELIGROSOS TALES COMO: CURVAS, PUENTES, TUNELES, PENDIENTES, ETC.",PERDIDA DE CARRIL,MOTOCICLETA,0,0,0,0,0,0,0,0,1,0,0,0,0,1,53,HOMBRE,LESIONADO,CONDUCTOR PRESENTE,NO,NO,3
32427,137297,137298,2022,0,0,-0.202144,-78.457726,PICHINCHA,QUITO,QUITO,RURAL,2022-12-03,09:00:00,9,SABADO,6,DICIEMBRE,12,NO,CONDUCIR VEHICULO SUPERANDO LOS LIMITES MAXIMOS DE VELOCIDAD.,OTROS,AUTOMOVIL,1,0,0,0,0,0,0,0,0,0,0,0,0,1,-1,NO IDENTIFICADO,NO IDENTIFICADO,CONDUCTOR AUSENTE,NO,NO,2
32428,137301,137302,2022,0,0,-0.219134,-78.521031,PICHINCHA,QUITO,QUITO,URBANA,2022-12-03,11:30:00,11,SABADO,6,DICIEMBRE,12,NO,NO MANTENER LA DISTANCIA PRUDENCIAL CON RESPECTO AL VEHICULO QUE LE ANTECEDE.,CHOQUE POSTERIOR,AUTOMOVIL,2,0,0,0,0,0,0,0,0,0,0,0,0,2,20,MUJER,ILESO,CONDUCTOR PRESENTE,NO,NO,1
32429,137307,137308,2022,0,0,-0.135805,-78.482122,PICHINCHA,QUITO,QUITO,URBANA,2022-12-03,13:30:00,13,SABADO,6,DICIEMBRE,12,NO,"NO RESPETAR LAS SENIALES REGLAMENTARIAS DE TRANSITO. (PARE, CEDA EL PASO, LUZ ROJA DEL SEMAFORO, ETC).",CHOQUE LATERAL,AUTOMOVIL,2,0,0,0,0,0,0,0,0,0,0,0,0,2,25,HOMBRE,ILESO,CONDUCTOR PRESENTE,NO,NO,1
32430,137335,137336,2022,0,0,-0.291069,-78.567136,PICHINCHA,QUITO,QUITO,URBANA,2022-12-03,22:05:00,22,SABADO,6,DICIEMBRE,12,NO,CONDUCIR VEHICULO SUPERANDO LOS LIMITES MAXIMOS DE VELOCIDAD.,ESTRELLAMIENTOS,CAMION,0,0,0,1,0,0,0,0,0,0,0,0,0,1,-1,NO IDENTIFICADO,NO IDENTIFICADO,CONDUCTOR AUSENTE,NO,NO,2
32431,137337,137338,2022,0,0,-0.142438,-78.494532,PICHINCHA,QUITO,QUITO,URBANA,2022-12-03,22:25:00,22,SABADO,6,DICIEMBRE,12,NO,"CONDUCE BAJO LA INFLUENCIA DE ALCOHOL, SUSTANCIAS ESTUPEFACIENTES O PSICOTROPICAS Y/O MEDICAMENTOS.",ESTRELLAMIENTOS,AUTOMOVIL,2,0,0,0,0,0,0,0,0,0,0,0,0,2,29,HOMBRE,ILESO,CONDUCTOR PRESENTE,NO,NO,1
32432,137341,137342,2022,0,0,-0.105483,-78.462485,PICHINCHA,QUITO,QUITO,URBANA,2022-12-04,00:10:00,0,DOMINGO,7,DICIEMBRE,12,NO,CONDUCIR VEHICULO SUPERANDO LOS LIMITES MAXIMOS DE VELOCIDAD.,OTROS,AUTOMOVIL,4,0,0,0,0,0,0,0,0,0,0,0,0,4,50,HOMBRE,ILESO,CONDUCTOR PRESENTE,NO,NO,1
32433,137351,137352,2022,2,0,-0.208631,-78.495566,PICHINCHA,QUITO,QUITO,URBANA,2022-12-04,03:00:00,3,DOMINGO,7,DICIEMBRE,12,NO,"NO RESPETAR LAS SENIALES REGLAMENTARIAS DE TRANSITO. (PARE, CEDA EL PASO, LUZ ROJA DEL SEMAFORO, ETC).",CHOQUE LATERAL,MOTOCICLETA,1,0,0,0,0,0,0,0,1,0,0,0,0,2,25,HOMBRE,LESIONADO,CONDUCTOR PRESENTE,NO,NO,1
32434,137362,137363,2022,0,0,-0.294951,-78.527482,PICHINCHA,QUITO,QUITO,URBANA,2022-12-04,04:40:00,4,DOMINGO,7,DICIEMBRE,12,NO,"CONDUCE BAJO LA INFLUENCIA DE ALCOHOL, SUSTANCIAS ESTUPEFACIENTES O PSICOTROPICAS Y/O MEDICAMENTOS.",CHOQUE LATERAL,AUTOMOVIL,2,0,0,0,0,0,0,0,0,0,0,0,0,2,30,HOMBRE,ILESO,CONDUCTOR PRESENTE,NO,NO,1
32435,137368,137369,2022,0,0,-0.154455,-78.469286,PICHINCHA,QUITO,QUITO,URBANA,2022-12-04,06:00:00,6,DOMINGO,7,DICIEMBRE,12,NO,CONDUCIR VEHICULO SUPERANDO LOS LIMITES MAXIMOS DE VELOCIDAD.,OTROS,CAMIONETA,0,0,0,0,1,0,0,0,0,0,0,0,0,1,-1,NO IDENTIFICADO,NO IDENTIFICADO,CONDUCTOR AUSENTE,NO,NO,2
32436,137377,137378,2022,0,0,-0.163662,-78.345548,PICHINCHA,QUITO,TABABELA,RURAL,2022-12-04,09:00:00,9,DOMINGO,7,DICIEMBRE,12,NO,CONDUCIR VEHICULO SUPERANDO LOS LIMITES MAXIMOS DE VELOCIDAD.,ESTRELLAMIENTOS,AUTOMOVIL,1,0,0,0,0,0,0,0,0,0,0,0,0,1,68,MUJER,ILESO,CONDUCTOR PRESENTE,NO,NO,3
32437,137380,137381,2022,0,0,-0.216601,-78.496338,PICHINCHA,QUITO,QUITO,URBANA,2022-12-04,10:05:00,10,DOMINGO,7,DICIEMBRE,12,NO,CONDUCIR VEHICULO SUPERANDO LOS LIMITES MAXIMOS DE VELOCIDAD.,CHOQUE LATERAL,CAMIONETA,1,0,0,0,1,0,0,0,0,0,0,0,0,2,35,HOMBRE,ILESO,CONDUCTOR PRESENTE,NO,NO,1
32438,137382,137383,2022,5,0,-0.440807,-78.695771,PICHINCHA,MEJIA,ALOAG,RURAL,2022-12-04,12:58:00,12,DOMINGO,7,DICIEMBRE,12,NO,"CONDUCIR DESATENTO A LAS CONDICIONES DE TRANSITO (CELULAR, PANTALLAS DE VIDEO, COMIDA, MAQUILLAJE O CUALQUIER OTRO ELEMENTO DISTRACTOR).",PERDIDA DE CARRIL,AUTOMOVIL,2,0,0,0,0,0,0,0,0,0,0,0,0,2,45,HOMBRE,LESIONADO,CONDUCTOR PRESENTE,NO,NO,3
32439,137383,137384,2022,0,0,-0.243437,-78.485261,PICHINCHA,QUITO,QUITO,URBANA,2022-12-04,13:00:00,13,DOMINGO,7,DICIEMBRE,12,NO,CONDUCIR VEHICULO SUPERANDO LOS LIMITES MAXIMOS DE VELOCIDAD.,OTROS,MOTOCICLETA,0,0,0,0,0,0,0,0,1,0,0,0,0,1,-1,NO IDENTIFICADO,NO IDENTIFICADO,CONDUCTOR AUSENTE,NO,NO,2
32440,137396,137397,2022,0,0,-0.441802,-78.745274,PICHINCHA,MEJIA,MANUEL CORNEJO ASTORGA,RURAL,2022-12-04,16:20:00,16,DOMINGO,7,DICIEMBRE,12,NO,"CONDUCIR DESATENTO A LAS CONDICIONES DE TRANSITO (CELULAR, PANTALLAS DE VIDEO, COMIDA, MAQUILLAJE O CUALQUIER OTRO ELEMENTO DISTRACTOR).",PERDIDA DE CARRIL,CAMIONETA,0,0,0,0,1,0,0,0,0,0,0,0,0,1,-1,HOMBRE,ILESO,CONDUCTOR PRESENTE,NO,NO,3
32441,137406,137407,2022,1,0,-0.187667,-78.366666,PICHINCHA,QUITO,PUEMBO,RURAL,2022-12-04,18:34:00,18,DOMINGO,7,DICIEMBRE,12,NO,CONDUCIR VEHICULO SUPERANDO LOS LIMITES MAXIMOS DE VELOCIDAD.,VOLCAMIENTOS,MOTOCICLETA,0,0,0,0,0,0,0,0,1,0,0,0,0,1,25,HOMBRE,LESIONADO,CONDUCTOR PRESENTE,SI,NO,3
32442,137412,137413,2022,0,1,-0.299367,-78.559015,PICHINCHA,QUITO,QUITO,URBANA,2022-12-04,19:45:00,19,DOMINGO,7,DICIEMBRE,12,NO,CONDUCIR VEHICULO SUPERANDO LOS LIMITES MAXIMOS DE VELOCIDAD.,OTROS,MOTOCICLETA,0,0,0,0,0,0,0,0,1,1,0,0,0,2,33,HOMBRE,FALLECIDO,CONDUCTOR PRESENTE,NO,NO,1
32443,137414,137415,2022,0,0,-0.212461,-78.403287,PICHINCHA,QUITO,TUMBACO,RURAL,2022-12-04,20:40:00,20,DOMINGO,7,DICIEMBRE,12,NO,NO CEDER EL DERECHO DE VIA O PREFERENCIA DE PASO A VEHICULOS.,CHOQUE LATERAL,AUTOMOVIL,1,0,0,0,0,0,0,0,0,1,0,0,0,2,29,HOMBRE,ILESO,CONDUCTOR PRESENTE,NO,NO,3
32444,137421,137422,2022,0,0,-0.271251,-78.464783,PICHINCHA,QUITO,CONOCOTO,RURAL,2022-12-04,21:40:00,21,DOMINGO,7,DICIEMBRE,12,NO,CONDUCIR VEHICULO SUPERANDO LOS LIMITES MAXIMOS DE VELOCIDAD.,CHOQUE LATERAL,MOTOCICLETA,1,0,0,0,0,0,0,0,1,0,0,0,0,2,45,HOMBRE,ILESO,CONDUCTOR PRESENTE,NO,NO,3
32445,137433,137434,2022,1,0,-0.292763,-78.479739,PICHINCHA,QUITO,CONOCOTO,RURAL,2022-12-05,04:00:00,4,LUNES,1,DICIEMBRE,12,NO,CONDUCIR VEHICULO SUPERANDO LOS LIMITES MAXIMOS DE VELOCIDAD.,ESTRELLAMIENTOS,AUTOMOVIL,1,0,0,0,0,0,0,0,0,0,0,0,0,1,21,HOMBRE,LESIONADO,PASAJERO,NO,NO,3
32446,137434,137435,2022,0,0,-0.196158,-78.499724,PICHINCHA,QUITO,QUITO,URBANA,2022-12-05,04:27:00,4,LUNES,1,DICIEMBRE,12,NO,CONDUCIR VEHICULO SUPERANDO LOS LIMITES MAXIMOS DE VELOCIDAD.,VOLCAMIENTOS,AUTOMOVIL,1,0,0,0,0,0,0,0,0,0,0,0,0,1,33,HOMBRE,ILESO,CONDUCTOR PRESENTE,NO,NO,1
32447,137435,137436,2022,0,0,-0.207093,-78.427366,PICHINCHA,QUITO,CUMBAYA,RURAL,2022-12-05,05:51:00,5,LUNES,1,DICIEMBRE,12,NO,"FALLA MECANICA EN LOS SISTEMAS Y/O NEUMATICOS (SISTEMA DE FRENOS, DIRECCION, ELECTRONICO O MECANICO).",ESTRELLAMIENTOS,AUTOMOVIL,1,0,0,0,0,0,0,0,0,0,0,0,0,1,62,HOMBRE,ILESO,CONDUCTOR PRESENTE,NO,NO,3
32448,137442,137443,2022,0,0,-0.318649,-78.560198,PICHINCHA,QUITO,QUITO,URBANA,2022-12-05,07:20:00,7,LUNES,1,DICIEMBRE,12,NO,NO CEDER EL DERECHO DE VIA O PREFERENCIA DE PASO A VEHICULOS.,CHOQUE LATERAL,CAMION,1,0,0,1,0,0,0,0,0,0,0,0,0,2,29,HOMBRE,ILESO,CONDUCTOR PRESENTE,NO,NO,1
32449,137452,137453,2022,0,0,-0.312801,-78.555011,PICHINCHA,QUITO,QUITO,URBANA,2022-12-05,11:20:00,11,LUNES,1,DICIEMBRE,12,NO,NO CEDER EL DERECHO DE VIA O PREFERENCIA DE PASO A VEHICULOS.,CHOQUE LATERAL,CAMIONETA,1,0,0,0,1,0,0,0,0,0,0,0,0,2,27,HOMBRE,ILESO,CONDUCTOR PRESENTE,NO,NO,1
32450,137453,137454,2022,2,0,-0.150547,-78.452741,PICHINCHA,QUITO,QUITO,URBANA,2022-12-05,11:50:00,11,LUNES,1,DICIEMBRE,12,NO,CONDUCIR VEHICULO SUPERANDO LOS LIMITES MAXIMOS DE VELOCIDAD.,OTROS,BUS,0,0,1,1,0,0,0,0,1,0,0,0,0,3,37,HOMBRE,LESIONADO,CONDUCTOR PRESENTE,NO,NO,1
32451,137455,137456,2022,1,0,-0.334265,-78.450536,PICHINCHA,RUMINIAHUI,SANGOLQUI,URBANA,2022-12-05,12:30:00,12,LUNES,1,DICIEMBRE,12,NO,"CONDUCIR DESATENTO A LAS CONDICIONES DE TRANSITO (CELULAR, PANTALLAS DE VIDEO, COMIDA, MAQUILLAJE O CUALQUIER OTRO ELEMENTO DISTRACTOR).",CHOQUE LATERAL,NO IDENTIFICADO,0,0,0,0,0,0,0,0,0,1,0,0,0,1,30,HOMBRE,LESIONADO,CONDUCTOR PRESENTE,NO,SI,1
32452,137466,137467,2022,0,0,-0.280078,-78.532965,PICHINCHA,QUITO,QUITO,URBANA,2022-12-05,17:45:00,17,LUNES,1,DICIEMBRE,12,NO,CONDUCIR VEHICULO SUPERANDO LOS LIMITES MAXIMOS DE VELOCIDAD.,ESTRELLAMIENTOS,BUS,0,0,1,0,0,0,0,0,0,0,0,0,0,1,46,HOMBRE,ILESO,CONDUCTOR PRESENTE,NO,NO,1
32453,137468,137469,2022,0,0,-0.288739,-78.250651,PICHINCHA,QUITO,PIFO,RURAL,2022-12-05,19:30:00,19,LUNES,1,DICIEMBRE,12,NO,"CONDUCIR DESATENTO A LAS CONDICIONES DE TRANSITO (CELULAR, PANTALLAS DE VIDEO, COMIDA, MAQUILLAJE O CUALQUIER OTRO ELEMENTO DISTRACTOR).",PERDIDA DE PISTA,AUTOMOVIL,1,0,0,0,0,0,0,0,0,0,0,0,0,1,30,NO IDENTIFICADO,ILESO,CONDUCTOR PRESENTE,NO,SI,3
32454,137480,137481,2022,1,0,-0.144551,-78.499961,PICHINCHA,QUITO,QUITO,URBANA,2022-12-06,06:34:00,6,MARTES,2,DICIEMBRE,12,NO,CONDUCIR VEHICULO SUPERANDO LOS LIMITES MAXIMOS DE VELOCIDAD.,CAIDA DE PASAJERO,BUS,0,0,1,0,0,0,0,0,0,0,0,0,0,1,11,HOMBRE,LESIONADO,PASAJERO,NO,NO,1
32455,137482,137483,2022,1,0,-0.264312,-78.525041,PICHINCHA,QUITO,QUITO,URBANA,2022-12-06,07:00:00,7,MARTES,2,DICIEMBRE,12,NO,NO GUARDAR LA DISTANCIA LATERAL MINIMA DE SEGURIDAD ENTRE VEHICULOS.,ROZAMIENTOS,BUS,0,0,1,0,0,0,0,0,1,0,0,0,0,2,27,HOMBRE,LESIONADO,CONDUCTOR PRESENTE,NO,NO,1
32456,137483,137484,2022,0,0,-0.116911,-78.452673,PICHINCHA,QUITO,CALDERON (CARAPUNGO),RURAL,2022-12-06,07:00:00,7,MARTES,2,DICIEMBRE,12,NO,NO MANTENER LA DISTANCIA PRUDENCIAL CON RESPECTO AL VEHICULO QUE LE ANTECEDE.,OTROS,MOTOCICLETA,0,0,0,0,1,0,0,0,1,0,0,0,0,2,61,HOMBRE,ILESO,CONDUCTOR PRESENTE,NO,NO,3
32457,137486,137487,2022,1,0,-0.350478,-78.549385,PICHINCHA,QUITO,QUITO,URBANA,2022-12-06,08:00:00,8,MARTES,2,DICIEMBRE,12,NO,NO CEDER EL DERECHO DE VIA O PREFERENCIA DE PASO AL PEATON.,ATROPELLOS,MOTOCICLETA,0,0,0,0,0,0,0,0,1,0,0,0,0,1,68,MUJER,LESIONADO,PEATON,NO,NO,1
32458,137487,137488,2022,0,0,-0.203683,-78.458316,PICHINCHA,QUITO,QUITO,RURAL,2022-12-06,08:45:00,8,MARTES,2,DICIEMBRE,12,NO,"CONDUCIR DESATENTO A LAS CONDICIONES DE TRANSITO (CELULAR, PANTALLAS DE VIDEO, COMIDA, MAQUILLAJE O CUALQUIER OTRO ELEMENTO DISTRACTOR).",CHOQUE POSTERIOR,BUS,1,0,1,0,0,0,0,0,0,0,0,0,0,2,65,HOMBRE,ILESO,CONDUCTOR PRESENTE,NO,NO,3
32459,137489,137490,2022,1,0,-0.292353,-78.558491,PICHINCHA,QUITO,QUITO,URBANA,2022-12-06,10:05:00,10,MARTES,2,DICIEMBRE,12,NO,NO CEDER EL DERECHO DE VIA O PREFERENCIA DE PASO AL PEATON.,ATROPELLOS,MOTOCICLETA,0,0,0,0,0,0,0,0,1,0,0,0,0,1,78,MUJER,LESIONADO,PEATON,NO,NO,1
32460,137495,137496,2022,0,0,-0.312771,-78.408128,PICHINCHA,QUITO,ALANGASI,RURAL,2022-12-06,12:55:00,12,MARTES,2,DICIEMBRE,12,NO,CONDUCIR VEHICULO SUPERANDO LOS LIMITES MAXIMOS DE VELOCIDAD.,ESTRELLAMIENTOS,FURGONETA,0,0,0,0,0,0,0,1,0,0,0,0,0,1,-1,NO IDENTIFICADO,NO IDENTIFICADO,CONDUCTOR AUSENTE,NO,NO,2
32461,137497,137498,2022,0,0,-0.076957,-78.415996,PICHINCHA,QUITO,CALDERON (CARAPUNGO),RURAL,2022-12-06,13:20:00,13,MARTES,2,DICIEMBRE,12,NO,"NO RESPETAR LAS SENIALES REGLAMENTARIAS DE TRANSITO. (PARE, CEDA EL PASO, LUZ ROJA DEL SEMAFORO, ETC).",CHOQUE LATERAL,SCOOTER ELECTRICO,1,0,0,0,0,0,0,0,0,0,1,0,0,2,20,HOMBRE,ILESO,CONDUCTOR PRESENTE,NO,NO,3
32462,137500,137501,2022,0,0,-0.192967,-78.498094,PICHINCHA,QUITO,QUITO,URBANA,2022-12-06,13:50:00,13,MARTES,2,DICIEMBRE,12,NO,CONDUCIR VEHICULO SUPERANDO LOS LIMITES MAXIMOS DE VELOCIDAD.,COLISION,AUTOMOVIL,3,0,0,0,0,0,0,0,0,0,0,0,0,3,28,HOMBRE,ILESO,CONDUCTOR PRESENTE,NO,NO,1
32463,137501,137502,2022,1,0,-0.189368,-78.489905,PICHINCHA,QUITO,QUITO,URBANA,2022-12-06,14:15:00,14,MARTES,2,DICIEMBRE,12,NO,NO TRANSITAR POR LAS ACERAS O ZONAS DE SEGURIDAD DESTINADAS PARA EL EFECTO.,ATROPELLOS,AUTOMOVIL,1,0,0,0,0,0,0,0,0,0,0,0,0,1,78,MUJER,LESIONADO,PEATON,NO,NO,1
32464,137507,137508,2022,0,0,-0.155983,-78.446502,PICHINCHA,QUITO,QUITO,URBANA,2022-12-06,17:20:00,17,MARTES,2,DICIEMBRE,12,NO,CONDUCIR VEHICULO SUPERANDO LOS LIMITES MAXIMOS DE VELOCIDAD.,COLISION,AUTOMOVIL,3,0,0,0,0,0,0,0,0,0,0,0,0,3,31,HOMBRE,ILESO,CONDUCTOR PRESENTE,NO,NO,1
32465,137511,137512,2022,1,0,-0.324911,-78.553396,PICHINCHA,QUITO,QUITO,URBANA,2022-12-06,18:50:00,18,MARTES,2,DICIEMBRE,12,NO,NO GUARDAR LA DISTANCIA LATERAL MINIMA DE SEGURIDAD ENTRE VEHICULOS.,CHOQUE LATERAL,MOTOCICLETA,1,0,0,0,0,0,0,0,1,0,0,0,0,2,24,HOMBRE,LESIONADO,CONDUCTOR PRESENTE,NO,NO,1
32466,137514,137515,2022,0,0,-0.191801,-78.454101,PICHINCHA,QUITO,NAYON,URBANA,2022-12-06,21:10:00,21,MARTES,2,DICIEMBRE,12,NO,CONDUCIR VEHICULO SUPERANDO LOS LIMITES MAXIMOS DE VELOCIDAD.,ESTRELLAMIENTOS,AUTOMOVIL,1,0,0,0,0,0,0,0,0,0,0,0,0,1,42,HOMBRE,ILESO,CONDUCTOR PRESENTE,NO,NO,1
32467,137516,137517,2022,0,0,-0.290233,-78.575681,PICHINCHA,QUITO,QUITO,URBANA,2022-12-07,00:30:00,0,MIERCOLES,3,DICIEMBRE,12,NO,DANIOS MECANICOS PREVISIBLES.,OTROS,AUTOMOVIL,1,0,0,0,0,0,0,0,0,0,0,0,0,1,-1,NO IDENTIFICADO,NO IDENTIFICADO,CONDUCTOR AUSENTE,NO,NO,2
32468,137517,137518,2022,1,0,-0.449411,-78.585734,PICHINCHA,MEJIA,ALOAG,RURAL,2022-12-07,00:45:00,0,MIERCOLES,3,DICIEMBRE,12,NO,"CONDUCIR DESATENTO A LAS CONDICIONES DE TRANSITO (CELULAR, PANTALLAS DE VIDEO, COMIDA, MAQUILLAJE O CUALQUIER OTRO ELEMENTO DISTRACTOR).",PERDIDA DE PISTA,AUTOMOVIL,1,0,0,0,0,0,0,0,0,0,0,0,0,1,35,HOMBRE,ILESO,CONDUCTOR PRESENTE,NO,SI,3
32469,137521,137522,2022,0,0,-0.259012,-78.502778,PICHINCHA,QUITO,QUITO,URBANA,2022-12-07,05:58:00,5,MIERCOLES,3,DICIEMBRE,12,NO,"CONDICIONES AMBIENTALES Y/O ATMOSFERICAS (NIEBLA, NEBLINA, GRANIZO, LLUVIA).",ESTRELLAMIENTOS,CAMIONETA,0,0,0,0,1,0,0,0,0,0,0,0,0,1,35,HOMBRE,ILESO,CONDUCTOR PRESENTE,NO,NO,1
32470,137524,137525,2022,1,0,-0.165288,-78.477996,PICHINCHA,QUITO,QUITO,URBANA,2022-12-07,07:10:00,7,MIERCOLES,3,DICIEMBRE,12,NO,"NO RESPETAR LAS SENIALES REGLAMENTARIAS DE TRANSITO. (PARE, CEDA EL PASO, LUZ ROJA DEL SEMAFORO, ETC).",CHOQUE LATERAL,MOTOCICLETA,1,0,0,0,0,0,0,0,1,0,0,0,0,2,31,MUJER,LESIONADO,CONDUCTOR PRESENTE,NO,NO,1
32471,137532,137533,2022,0,0,-0.014426,-78.449872,PICHINCHA,QUITO,SAN ANTONIO (QUITO),RURAL,2022-12-07,08:37:00,8,MIERCOLES,3,DICIEMBRE,12,NO,"ADELANTAR O REBASAR A OTRO VEHICULO EN MOVIMIENTO EN ZONAS O SITIOS PELIGROSOS TALES COMO: CURVAS, PUENTES, TUNELES, PENDIENTES, ETC.",CHOQUE LATERAL,BUS,1,0,1,0,0,0,0,0,0,0,0,0,0,2,33,HOMBRE,ILESO,CONDUCTOR PRESENTE,NO,NO,3
32472,137534,137535,2022,1,0,-0.210203,-78.500808,PICHINCHA,QUITO,QUITO,URBANA,2022-12-07,09:20:00,9,MIERCOLES,3,DICIEMBRE,12,NO,NO MANTENER LA DISTANCIA PRUDENCIAL CON RESPECTO AL VEHICULO QUE LE ANTECEDE.,CHOQUE LATERAL,MOTOCICLETA,1,0,0,0,0,0,0,0,1,0,0,0,0,2,54,HOMBRE,LESIONADO,CONDUCTOR PRESENTE,NO,NO,1
32473,137538,137539,2022,0,0,-0.303964,-78.543306,PICHINCHA,QUITO,QUITO,URBANA,2022-12-07,10:26:00,10,MIERCOLES,3,DICIEMBRE,12,NO,CONDUCIR VEHICULO SUPERANDO LOS LIMITES MAXIMOS DE VELOCIDAD.,CHOQUE LATERAL,MOTOCICLETA,1,0,0,0,0,0,0,0,1,0,0,0,0,2,54,HOMBRE,ILESO,CONDUCTOR PRESENTE,NO,NO,1
32474,137541,137542,2022,0,0,-0.156158,-78.476971,PICHINCHA,QUITO,QUITO,URBANA,2022-12-07,11:10:00,11,MIERCOLES,3,DICIEMBRE,12,NO,REALIZAR CAMBIO BRUSCO O INDEBIDO DE CARRIL.,OTROS,AUTOMOVIL,1,0,0,0,0,0,0,0,0,1,0,0,0,2,-1,NO IDENTIFICADO,NO IDENTIFICADO,CONDUCTOR AUSENTE,NO,NO,2
32475,137544,137545,2022,1,0,-0.264778,-78.509739,PICHINCHA,QUITO,QUITO,URBANA,2022-12-07,12:36:00,12,MIERCOLES,3,DICIEMBRE,12,NO,NO CEDER EL DERECHO DE VIA O PREFERENCIA DE PASO AL PEATON.,ATROPELLOS,NO IDENTIFICADO,0,0,0,0,0,0,0,0,0,1,0,0,0,1,4,MUJER,LESIONADO,PEATON,NO,NO,1
32476,137547,137548,2022,1,0,-0.193671,-78.364945,PICHINCHA,QUITO,PUEMBO,RURAL,2022-12-07,14:55:00,14,MIERCOLES,3,DICIEMBRE,12,NO,"CONDUCE BAJO LA INFLUENCIA DE ALCOHOL, SUSTANCIAS ESTUPEFACIENTES O PSICOTROPICAS Y/O MEDICAMENTOS.",ESTRELLAMIENTOS,AUTOMOVIL,2,0,0,0,0,0,0,0,0,0,0,0,0,2,35,HOMBRE,LESIONADO,CONDUCTOR PRESENTE,NO,NO,3
32477,137566,137567,2022,1,0,-0.128607,-78.470707,PICHINCHA,QUITO,QUITO,URBANA,2022-12-07,21:15:00,21,MIERCOLES,3,DICIEMBRE,12,NO,CONDUCIR VEHICULO SUPERANDO LOS LIMITES MAXIMOS DE VELOCIDAD.,ESTRELLAMIENTOS,MOTOCICLETA,2,0,0,0,0,0,0,0,1,0,0,0,0,3,20,HOMBRE,LESIONADO,CONDUCTOR PRESENTE,NO,NO,1
32478,137568,137569,2022,0,1,-0.275593,-78.344474,PICHINCHA,QUITO,PIFO,RURAL,2022-12-07,21:45:00,21,MIERCOLES,3,DICIEMBRE,12,NO,CONDUCIR VEHICULO SUPERANDO LOS LIMITES MAXIMOS DE VELOCIDAD.,ESTRELLAMIENTOS,NO IDENTIFICADO,0,0,0,0,0,0,0,0,0,1,0,0,0,1,25,HOMBRE,FALLECIDO,CONDUCTOR PRESENTE,NO,NO,3