,Unnamed: 0,ID,ANIO,LESIONADOS,FALLECIDOS,LATITUD_Y,LONGITUD_X,PROVINCIA,CANTON,PARROQUIA,ZONA,FECHA,HORA,PERIODO_2,DIA_1,DIA_2,MES_1,MES_2,FERIADO,CAUSA_PROBABLE,TIPO_DE_SINIESTRO,TIPO_DE_VEHICULO_1,AUTOMOVIL,BICICLETA,BUS,CAMION,CAMIONETA,EMERGENCIAS,ESPECIAL,FURGONETA,MOTOCICLETA,NO_IDENTIFICADO,SCOOTER_ELECTRICO,TRICIMOTO,VEHICULO_DEPORTIVO_UTILITARIO,SUMA_DE_VEHICULOS,EDAD_1,SEXO_1,CONDICION_1,PARTICIPANTE_1,CASCO_1,CINTURON_1,KMeans_Cluster
32479,137574,137575,2022,0,0,-0.224642,-78.514749,PICHINCHA,QUITO,QUITO,URBANA,2022-12-08,05:30:00,5,JUEVES,4,DICIEMBRE,12,NO,PESO Y VOLUMEN - NO CUMPLIR CON LAS NORMAS DE SEGURIDAD NECESARIAS AL TRANSPORTAR CARGAS.,ESTRELLAMIENTOS,CAMION,0,0,0,1,0,0,0,0,0,0,0,0,0,1,53,HOMBRE,ILESO,CONDUCTOR PRESENTE,NO,NO,1
32480,137576,137577,2022,1,0,-0.305406,-78.521697,PICHINCHA,QUITO,QUITO,URBANA,2022-12-08,05:50:00,5,JUEVES,4,DICIEMBRE,12,NO,PEATON QUE CRUZA LA CALZADA SIN RESPETAR LA SENIALIZACION EXISTENTE (SEMAFOROS O SENIALES MANUALES).,ATROPELLOS,NO IDENTIFICADO,0,0,0,0,0,0,0,0,0,1,0,0,0,1,13,HOMBRE,LESIONADO,PEATON,NO,NO,1
32481,137582,137583,2022,2,0,-0.269111,-78.540675,PICHINCHA,QUITO,QUITO,URBANA,2022-12-08,07:20:00,7,JUEVES,4,DICIEMBRE,12,NO,REALIZAR CAMBIO BRUSCO O INDEBIDO DE CARRIL.,CHOQUE LATERAL,MOTOCICLETA,1,0,0,0,0,0,0,0,1,0,0,0,0,2,29,HOMBRE,LESIONADO,CONDUCTOR PRESENTE,NO,NO,1
32482,137584,137585,2022,0,0,-0.370461,-78.833664,PICHINCHA,MEJIA,MANUEL CORNEJO ASTORGA,RURAL,2022-12-08,07:40:00,7,JUEVES,4,DICIEMBRE,12,NO,"CASO FORTUITO O FUERZA MAYOR (EXPLOSION DE NEUMATICO NUEVO, DERRUMBE, INUNDACION, CAIDA DE PUENTE, ARBOL, PRESENCIA INTEMPESTIVA E IMPREVISTA DE SEMOVIENTES EN LA VIA, ETC.).",OTROS,CAMION,0,0,0,1,0,0,0,0,0,0,0,0,0,1,-1,HOMBRE,ILESO,CONDUCTOR PRESENTE,NO,NO,3
32483,137587,137588,2022,0,0,-0.073522,-78.478745,PICHINCHA,QUITO,POMASQUI,URBANA,2022-12-08,08:00:00,8,JUEVES,4,DICIEMBRE,12,NO,REALIZAR CAMBIO BRUSCO O INDEBIDO DE CARRIL.,ROZAMIENTOS,VEHICULO DEPORTIVO UTILITARIO,1,0,0,0,0,0,0,0,0,0,0,0,1,2,63,MUJER,ILESO,CONDUCTOR PRESENTE,NO,SI,1
32484,137590,137591,2022,1,0,-0.386584,-78.511576,PICHINCHA,QUITO,AMAGUANIA,RURAL,2022-12-08,08:45:00,8,JUEVES,4,DICIEMBRE,12,NO,"CONDUCIR DESATENTO A LAS CONDICIONES DE TRANSITO (CELULAR, PANTALLAS DE VIDEO, COMIDA, MAQUILLAJE O CUALQUIER OTRO ELEMENTO DISTRACTOR).",CHOQUE LATERAL,MOTOCICLETA,0,0,0,0,0,0,0,0,1,0,0,0,0,1,50,HOMBRE,ILESO,CONDUCTOR PRESENTE,NO,SI,3
32485,137594,137595,2022,0,0,-0.148461,-78.498441,PICHINCHA,QUITO,QUITO,URBANA,2022-12-08,10:29:00,10,JUEVES,4,DICIEMBRE,12,NO,CONDUCIR VEHICULO SUPERANDO LOS LIMITES MAXIMOS DE VELOCIDAD.,COLISION,CAMIONETA,3,0,0,0,1,0,0,0,0,0,0,0,0,4,58,HOMBRE,ILESO,CONDUCTOR PRESENTE,NO,NO,1
32486,137598,137599,2022,1,0,-0.231223,-78.503998,PICHINCHA,QUITO,QUITO,URBANA,2022-12-08,11:33:00,11,JUEVES,4,DICIEMBRE,12,NO,"ADELANTAR O REBASAR A OTRO VEHICULO EN MOVIMIENTO EN ZONAS O SITIOS PELIGROSOS TALES COMO: CURVAS, PUENTES, TUNELES, PENDIENTES, ETC.",CHOQUE LATERAL,BUS,0,0,1,0,0,0,0,0,1,0,0,0,0,2,27,HOMBRE,LESIONADO,CONDUCTOR PRESENTE,NO,NO,1
32487,137604,137605,2022,0,0,-0.163379,-78.489613,PICHINCHA,QUITO,QUITO,URBANA,2022-12-08,12:55:00,12,JUEVES,4,DICIEMBRE,12,NO,NO GUARDAR LA DISTANCIA LATERAL MINIMA DE SEGURIDAD ENTRE VEHICULOS.,CHOQUE LATERAL,AUTOMOVIL,2,0,0,0,0,0,0,0,0,0,0,0,0,2,39,HOMBRE,ILESO,CONDUCTOR PRESENTE,NO,NO,1
32488,137610,137611,2022,0,0,-0.219061,-78.466627,PICHINCHA,QUITO,QUITO,RURAL,2022-12-08,15:09:00,15,JUEVES,4,DICIEMBRE,12,NO,CONDUCIR VEHICULO SUPERANDO LOS LIMITES MAXIMOS DE VELOCIDAD.,COLISION,CAMIONETA,2,0,0,0,1,0,0,0,0,0,0,0,0,3,50,HOMBRE,ILESO,CONDUCTOR PRESENTE,NO,NO,3
32489,137619,137620,2022,0,0,-0.447397,-78.688093,PICHINCHA,MEJIA,ALOAG,RURAL,2022-12-08,18:30:00,18,JUEVES,4,DICIEMBRE,12,NO,"CONDUCIR DESATENTO A LAS CONDICIONES DE TRANSITO (CELULAR, PANTALLAS DE VIDEO, COMIDA, MAQUILLAJE O CUALQUIER OTRO ELEMENTO DISTRACTOR).",PERDIDA DE CARRIL,CAMION,0,0,0,2,0,0,0,0,0,0,0,0,0,2,38,HOMBRE,ILESO,CONDUCTOR PRESENTE,NO,NO,3
32490,137629,137630,2022,0,0,-0.302773,-78.552387,PICHINCHA,QUITO,QUITO,URBANA,2022-12-08,23:30:00,23,JUEVES,4,DICIEMBRE,12,NO,REALIZAR CAMBIO BRUSCO O INDEBIDO DE CARRIL.,CHOQUE LATERAL,AUTOMOVIL,2,0,0,0,0,0,0,0,0,0,0,0,0,2,24,HOMBRE,ILESO,CONDUCTOR PRESENTE,NO,NO,1
32491,137634,137635,2022,1,0,-0.240748,-78.522052,PICHINCHA,QUITO,QUITO,URBANA,2022-12-09,02:40:00,2,VIERNES,5,DICIEMBRE,12,NO,"CONDUCIR EN ESTADO DE SOMNOLENCIA O MALAS CONDICIONES FISICAS (SUENIO, CANSANCIO Y FATIGA).",ESTRELLAMIENTOS,CAMIONETA,0,0,0,0,1,0,0,0,0,0,0,0,0,1,34,HOMBRE,LESIONADO,CONDUCTOR PRESENTE,NO,NO,1
32492,137639,137640,2022,0,0,-0.228096,-78.522312,PICHINCHA,QUITO,QUITO,URBANA,2022-12-09,05:50:00,5,VIERNES,5,DICIEMBRE,12,NO,NO MANTENER LA DISTANCIA PRUDENCIAL CON RESPECTO AL VEHICULO QUE LE ANTECEDE.,CHOQUE POSTERIOR,AUTOMOVIL,2,0,0,0,0,0,0,0,0,0,0,0,0,2,53,HOMBRE,ILESO,CONDUCTOR PRESENTE,NO,NO,1
32493,137642,137643,2022,2,0,-0.115481,-78.483302,PICHINCHA,QUITO,QUITO,URBANA,2022-12-09,06:05:00,6,VIERNES,5,DICIEMBRE,12,NO,NO CEDER EL DERECHO DE VIA O PREFERENCIA DE PASO A VEHICULOS.,CHOQUE FRONTAL,AUTOMOVIL,2,0,0,0,0,0,0,0,0,0,0,0,0,2,27,HOMBRE,LESIONADO,CONDUCTOR PRESENTE,NO,NO,1
32494,137656,137657,2022,1,0,-0.220023,-78.507406,PICHINCHA,QUITO,QUITO,URBANA,2022-12-09,09:30:00,9,VIERNES,5,DICIEMBRE,12,NO,NO TRANSITAR POR LAS ACERAS O ZONAS DE SEGURIDAD DESTINADAS PARA EL EFECTO.,ATROPELLOS,AUTOMOVIL,1,0,0,0,0,0,0,0,0,0,0,0,0,1,42,MUJER,LESIONADO,PEATON,NO,NO,1
32495,137664,137665,2022,0,0,-0.190819,-78.487515,PICHINCHA,QUITO,QUITO,URBANA,2022-12-09,12:00:00,12,VIERNES,5,DICIEMBRE,12,NO,NO CEDER EL DERECHO DE VIA O PREFERENCIA DE PASO A VEHICULOS.,OTROS,CAMION,1,0,0,1,0,0,0,0,0,0,0,0,0,2,41,HOMBRE,ILESO,CONDUCTOR PRESENTE,NO,NO,1
32496,137665,137666,2022,1,0,-0.241497,-78.533673,PICHINCHA,QUITO,QUITO,URBANA,2022-12-09,12:01:00,12,VIERNES,5,DICIEMBRE,12,NO,"NO RESPETAR LAS SENIALES REGLAMENTARIAS DE TRANSITO. (PARE, CEDA EL PASO, LUZ ROJA DEL SEMAFORO, ETC).",CHOQUE FRONTAL,BUS,0,0,1,0,0,0,0,0,1,0,0,0,0,2,40,HOMBRE,LESIONADO,CONDUCTOR PRESENTE,NO,NO,1
32497,137677,137678,2022,1,0,-0.188473,-78.499625,PICHINCHA,QUITO,QUITO,URBANA,2022-12-09,15:30:00,15,VIERNES,5,DICIEMBRE,12,NO,"NO RESPETAR LAS SENIALES REGLAMENTARIAS DE TRANSITO. (PARE, CEDA EL PASO, LUZ ROJA DEL SEMAFORO, ETC).",CHOQUE LATERAL,AUTOMOVIL,2,0,0,0,0,0,0,0,0,0,0,0,0,2,44,MUJER,LESIONADO,CONDUCTOR PRESENTE,NO,NO,1
32498,137690,137691,2022,0,1,-0.375908,-78.502711,PICHINCHA,QUITO,AMAGUANIA,RURAL,2022-12-09,23:25:00,23,VIERNES,5,DICIEMBRE,12,NO,CONDUCIR VEHICULO SUPERANDO LOS LIMITES MAXIMOS DE VELOCIDAD.,CHOQUE FRONTAL,MOTOCICLETA,1,0,0,0,0,0,0,0,1,0,0,0,0,2,21,HOMBRE,FALLECIDO,CONDUCTOR PRESENTE,NO,NO,3
32499,137693,137694,2022,1,0,-0.238509,-78.516334,PICHINCHA,QUITO,QUITO,URBANA,2022-12-09,23:38:00,23,VIERNES,5,DICIEMBRE,12,NO,CONDUCIR VEHICULO SUPERANDO LOS LIMITES MAXIMOS DE VELOCIDAD.,CHOQUE LATERAL,MOTOCICLETA,1,0,0,0,0,0,0,0,1,0,0,0,0,2,28,HOMBRE,LESIONADO,CONDUCTOR PRESENTE,NO,NO,1
32500,137697,137698,2022,0,0,-0.194145,-78.498596,PICHINCHA,QUITO,QUITO,URBANA,2022-12-10,01:20:00,1,SABADO,6,DICIEMBRE,12,NO,"CONDUCIR EN ESTADO DE SOMNOLENCIA O MALAS CONDICIONES FISICAS (SUENIO, CANSANCIO Y FATIGA).",ESTRELLAMIENTOS,AUTOMOVIL,1,0,0,0,0,0,0,0,0,0,0,0,0,1,66,HOMBRE,ILESO,CONDUCTOR PRESENTE,NO,NO,1
32501,137701,137702,2022,0,0,-0.165784,-78.468262,PICHINCHA,QUITO,QUITO,URBANA,2022-12-10,02:30:00,2,SABADO,6,DICIEMBRE,12,NO,CONDUCIR VEHICULO SUPERANDO LOS LIMITES MAXIMOS DE VELOCIDAD.,ESTRELLAMIENTOS,AUTOMOVIL,1,0,0,0,0,0,0,0,0,0,0,0,0,1,-1,NO IDENTIFICADO,NO IDENTIFICADO,CONDUCTOR AUSENTE,NO,NO,2
32502,137704,137705,2022,0,0,-0.199922,-78.432329,PICHINCHA,QUITO,CUMBAYA,RURAL,2022-12-10,03:36:00,3,SABADO,6,DICIEMBRE,12,NO,"FALLA MECANICA EN LOS SISTEMAS Y/O NEUMATICOS (SISTEMA DE FRENOS, DIRECCION, ELECTRONICO O MECANICO).",ESTRELLAMIENTOS,AUTOMOVIL,1,0,0,0,0,0,0,0,0,0,0,0,0,1,51,HOMBRE,ILESO,CONDUCTOR PRESENTE,NO,NO,3
32503,137705,137706,2022,0,0,-0.154413,-78.474371,PICHINCHA,QUITO,QUITO,URBANA,2022-12-10,03:50:00,3,SABADO,6,DICIEMBRE,12,NO,CONDUCIR VEHICULO SUPERANDO LOS LIMITES MAXIMOS DE VELOCIDAD.,ESTRELLAMIENTOS,CAMIONETA,0,0,0,0,1,0,0,0,0,0,0,0,0,1,-1,NO IDENTIFICADO,NO IDENTIFICADO,CONDUCTOR AUSENTE,NO,NO,2
32504,137709,137710,2022,0,1,-0.169661,-78.484303,PICHINCHA,QUITO,QUITO,URBANA,2022-12-10,05:45:00,5,SABADO,6,DICIEMBRE,12,NO,CONDUCIR VEHICULO SUPERANDO LOS LIMITES MAXIMOS DE VELOCIDAD.,ESTRELLAMIENTOS,AUTOMOVIL,1,0,0,0,0,0,0,0,0,0,0,0,0,1,37,HOMBRE,FALLECIDO,PASAJERO,NO,NO,1
32505,137710,137711,2022,2,0,-0.084797,-78.419981,PICHINCHA,QUITO,CALDERON (CARAPUNGO),RURAL,2022-12-10,06:30:00,6,SABADO,6,DICIEMBRE,12,NO,CONDUCIR VEHICULO SUPERANDO LOS LIMITES MAXIMOS DE VELOCIDAD.,CHOQUE LATERAL,MOTOCICLETA,1,0,0,0,0,0,0,0,1,0,0,0,0,2,30,HOMBRE,LESIONADO,PASAJERO,NO,NO,3
32506,137713,137714,2022,1,0,-0.284366,-78.471651,PICHINCHA,QUITO,CONOCOTO,RURAL,2022-12-10,07:40:00,7,SABADO,6,DICIEMBRE,12,NO,"NO RESPETAR LAS SENIALES REGLAMENTARIAS DE TRANSITO. (PARE, CEDA EL PASO, LUZ ROJA DEL SEMAFORO, ETC).",CHOQUE LATERAL,MOTOCICLETA,1,0,0,0,0,0,0,0,1,0,0,0,0,2,34,HOMBRE,LESIONADO,CONDUCTOR PRESENTE,NO,NO,3
32507,137718,137719,2022,2,0,-0.246543,-78.542107,PICHINCHA,QUITO,QUITO,URBANA,2022-12-10,09:55:00,9,SABADO,6,DICIEMBRE,12,NO,"CONDUCE BAJO LA INFLUENCIA DE ALCOHOL, SUSTANCIAS ESTUPEFACIENTES O PSICOTROPICAS Y/O MEDICAMENTOS.",CHOQUE LATERAL,MOTOCICLETA,1,0,0,0,0,0,0,0,1,0,0,0,0,2,26,HOMBRE,LESIONADO,PASAJERO,NO,NO,1
32508,137728,137729,2022,1,0,-0.260605,-78.549493,PICHINCHA,QUITO,QUITO,URBANA,2022-12-10,15:50:00,15,SABADO,6,DICIEMBRE,12,NO,"CONDUCE BAJO LA INFLUENCIA DE ALCOHOL, SUSTANCIAS ESTUPEFACIENTES O PSICOTROPICAS Y/O MEDICAMENTOS.",CHOQUE LATERAL,MOTOCICLETA,1,0,0,0,0,0,0,0,1,0,0,0,0,2,5,HOMBRE,LESIONADO,PASAJERO,NO,NO,1
32509,137733,137734,2022,0,0,-0.276831,-78.532385,PICHINCHA,QUITO,QUITO,URBANA,2022-12-10,17:30:00,17,SABADO,6,DICIEMBRE,12,NO,CONDUCIR VEHICULO SUPERANDO LOS LIMITES MAXIMOS DE VELOCIDAD.,CHOQUE LATERAL,CAMION,1,0,0,1,0,0,0,0,0,0,0,0,0,2,38,HOMBRE,ILESO,CONDUCTOR PRESENTE,NO,NO,1
32510,137736,137737,2022,1,0,-0.117879,-78.494631,PICHINCHA,QUITO,QUITO,URBANA,2022-12-10,17:45:00,17,SABADO,6,DICIEMBRE,12,NO,"CONDUCE BAJO LA INFLUENCIA DE ALCOHOL, SUSTANCIAS ESTUPEFACIENTES O PSICOTROPICAS Y/O MEDICAMENTOS.",ESTRELLAMIENTOS,AUTOMOVIL,2,0,0,0,0,0,0,0,0,0,0,0,0,2,85,MUJER,LESIONADO,PASAJERO,NO,NO,1
32511,137738,137739,2022,0,0,-0.108942,-78.457259,PICHINCHA,QUITO,CALDERON (CARAPUNGO),URBANA,2022-12-10,18:50:00,18,SABADO,6,DICIEMBRE,12,NO,NO CEDER EL DERECHO DE VIA O PREFERENCIA DE PASO A VEHICULOS.,CHOQUE POSTERIOR,AUTOMOVIL,2,0,0,0,0,0,0,0,0,0,0,0,0,2,44,HOMBRE,ILESO,CONDUCTOR PRESENTE,NO,NO,1
32512,137741,137742,2022,1,0,-0.241851,-78.521014,PICHINCHA,QUITO,QUITO,URBANA,2022-12-10,19:45:00,19,SABADO,6,DICIEMBRE,12,NO,PEATON QUE CRUZA LA CALZADA SIN RESPETAR LA SENIALIZACION EXISTENTE (SEMAFOROS O SENIALES MANUALES).,ATROPELLOS,CAMIONETA,0,0,0,0,1,0,0,0,0,0,0,0,0,1,75,HOMBRE,LESIONADO,PEATON,NO,NO,1
32513,137743,137744,2022,0,0,-0.450444,-78.760751,PICHINCHA,MEJIA,MANUEL CORNEJO ASTORGA,RURAL,2022-12-10,20:10:00,20,SABADO,6,DICIEMBRE,12,NO,CONDUCIR EN SENTIDO CONTRARIO A LA VIA NORMAL DE CIRCULACION.,CHOQUE FRONTAL,CAMIONETA,0,0,0,0,1,0,0,0,0,0,0,0,0,1,33,HOMBRE,ILESO,CONDUCTOR PRESENTE,NO,NO,3
32514,137744,137745,2022,1,0,-0.236611,-78.529723,PICHINCHA,QUITO,QUITO,URBANA,2022-12-10,20:15:00,20,SABADO,6,DICIEMBRE,12,NO,CONDUCIR VEHICULO SUPERANDO LOS LIMITES MAXIMOS DE VELOCIDAD.,ATROPELLOS,AUTOMOVIL,2,0,0,0,0,0,0,0,0,1,0,0,0,3,36,MUJER,LESIONADO,PEATON,NO,NO,1
32515,137750,137751,2022,1,0,-0.113421,-78.439315,PICHINCHA,QUITO,CALDERON (CARAPUNGO),RURAL,2022-12-10,21:20:00,21,SABADO,6,DICIEMBRE,12,NO,REALIZAR CAMBIO BRUSCO O INDEBIDO DE CARRIL.,CHOQUE LATERAL,MOTOCICLETA,0,0,0,0,1,0,0,0,1,0,0,0,0,2,20,HOMBRE,LESIONADO,CONDUCTOR PRESENTE,NO,NO,3
32516,137753,137754,2022,1,0,-0.262499,-78.548432,PICHINCHA,QUITO,QUITO,URBANA,2022-12-10,21:30:00,21,SABADO,6,DICIEMBRE,12,NO,CONDUCIR VEHICULO SUPERANDO LOS LIMITES MAXIMOS DE VELOCIDAD.,OTROS,MOTOCICLETA,1,0,0,0,0,0,0,0,1,0,0,0,0,2,27,HOMBRE,LESIONADO,PASAJERO,NO,NO,1
32517,137754,137755,2022,2,0,-0.444889,-78.603139,PICHINCHA,MEJIA,ALOAG,RURAL,2022-12-10,21:40:00,21,SABADO,6,DICIEMBRE,12,NO,NO GUARDAR LA DISTANCIA LATERAL MINIMA DE SEGURIDAD ENTRE VEHICULOS.,ROZAMIENTOS,AUTOMOVIL,1,0,0,0,0,0,0,0,0,1,0,0,0,2,-1,HOMBRE,LESIONADO,CONDUCTOR PRESENTE,NO,NO,3
32518,137758,137759,2022,0,0,-0.448472,-78.631278,PICHINCHA,MEJIA,ALOAG,RURAL,2022-12-10,22:15:00,22,SABADO,6,DICIEMBRE,12,NO,"CONDUCIR DESATENTO A LAS CONDICIONES DE TRANSITO (CELULAR, PANTALLAS DE VIDEO, COMIDA, MAQUILLAJE O CUALQUIER OTRO ELEMENTO DISTRACTOR).",PERDIDA DE CARRIL,AUTOMOVIL,2,0,0,0,0,0,0,0,0,0,0,0,0,2,57,HOMBRE,ILESO,CONDUCTOR PRESENTE,NO,NO,3
32519,137763,137764,2022,1,1,-0.345269,-78.548769,PICHINCHA,QUITO,QUITO,URBANA,2022-12-11,00:20:00,0,DOMINGO,7,DICIEMBRE,12,NO,CONDUCIR VEHICULO SUPERANDO LOS LIMITES MAXIMOS DE VELOCIDAD.,OTROS,MOTOCICLETA,0,0,0,0,0,0,0,0,1,0,0,0,0,1,20,HOMBRE,FALLECIDO,CONDUCTOR PRESENTE,NO,NO,1
32520,137765,137766,2022,0,0,-0.260669,-78.546154,PICHINCHA,QUITO,QUITO,URBANA,2022-12-11,00:30:00,0,DOMINGO,7,DICIEMBRE,12,NO,"CONDUCE BAJO LA INFLUENCIA DE ALCOHOL, SUSTANCIAS ESTUPEFACIENTES O PSICOTROPICAS Y/O MEDICAMENTOS.",CHOQUE LATERAL,AUTOMOVIL,2,0,0,0,0,0,0,0,0,0,0,0,0,2,37,HOMBRE,ILESO,CONDUCTOR PRESENTE,NO,NO,1
32521,137766,137767,2022,0,0,-0.228407,-78.469058,PICHINCHA,QUITO,QUITO,RURAL,2022-12-11,00:30:00,0,DOMINGO,7,DICIEMBRE,12,NO,CONDUCIR VEHICULO SUPERANDO LOS LIMITES MAXIMOS DE VELOCIDAD.,ESTRELLAMIENTOS,CAMIONETA,0,0,0,0,1,0,0,0,0,0,0,0,0,1,41,HOMBRE,ILESO,CONDUCTOR PRESENTE,NO,NO,3
32522,137767,137768,2022,0,0,-0.174771,-78.493429,PICHINCHA,QUITO,QUITO,URBANA,2022-12-11,00:35:00,0,DOMINGO,7,DICIEMBRE,12,NO,CONDUCIR VEHICULO SUPERANDO LOS LIMITES MAXIMOS DE VELOCIDAD.,ESTRELLAMIENTOS,AUTOMOVIL,1,0,0,0,0,0,0,0,0,0,0,0,0,1,-1,NO IDENTIFICADO,NO IDENTIFICADO,CONDUCTOR AUSENTE,NO,NO,2
32523,137768,137769,2022,0,0,-0.194841,-78.462462,PICHINCHA,QUITO,QUITO,URBANA,2022-12-11,00:40:00,0,DOMINGO,7,DICIEMBRE,12,NO,"CONDUCIR EN ESTADO DE SOMNOLENCIA O MALAS CONDICIONES FISICAS (SUENIO, CANSANCIO Y FATIGA).",ESTRELLAMIENTOS,FURGONETA,0,0,0,0,0,0,0,1,0,0,0,0,0,1,24,HOMBRE,ILESO,CONDUCTOR PRESENTE,NO,NO,1
32524,137783,137784,2022,0,0,-0.105365,-78.432788,PICHINCHA,QUITO,CALDERON (CARAPUNGO),RURAL,2022-12-11,03:45:00,3,DOMINGO,7,DICIEMBRE,12,NO,CONDUCIR VEHICULO SUPERANDO LOS LIMITES MAXIMOS DE VELOCIDAD.,ESTRELLAMIENTOS,AUTOMOVIL,1,0,0,0,0,0,0,0,0,0,0,0,0,1,-1,NO IDENTIFICADO,NO IDENTIFICADO,CONDUCTOR AUSENTE,NO,NO,2
32525,137792,137793,2022,0,1,-0.228441,-78.500596,PICHINCHA,QUITO,QUITO,URBANA,2022-12-11,06:15:00,6,DOMINGO,7,DICIEMBRE,12,NO,CONDUCIR VEHICULO SUPERANDO LOS LIMITES MAXIMOS DE VELOCIDAD.,OTROS,NO IDENTIFICADO,0,0,0,0,0,0,0,0,0,1,0,0,0,1,30,MUJER,FALLECIDO,PASAJERO,NO,NO,1
32526,137795,137796,2022,0,0,-0.253223,-78.522084,PICHINCHA,QUITO,QUITO,URBANA,2022-12-11,07:10:00,7,DOMINGO,7,DICIEMBRE,12,NO,"CONDUCE BAJO LA INFLUENCIA DE ALCOHOL, SUSTANCIAS ESTUPEFACIENTES O PSICOTROPICAS Y/O MEDICAMENTOS.",COLISION,AUTOMOVIL,3,0,0,0,0,0,0,0,0,0,0,0,0,3,53,HOMBRE,ILESO,CONDUCTOR PRESENTE,NO,NO,1
32527,137797,137798,2022,0,0,-0.225911,-78.506789,PICHINCHA,QUITO,QUITO,URBANA,2022-12-11,07:50:00,7,DOMINGO,7,DICIEMBRE,12,NO,"CONDUCE BAJO LA INFLUENCIA DE ALCOHOL, SUSTANCIAS ESTUPEFACIENTES O PSICOTROPICAS Y/O MEDICAMENTOS.",ESTRELLAMIENTOS,CAMIONETA,1,0,0,0,1,0,0,0,0,0,0,0,0,2,19,HOMBRE,ILESO,PASAJERO,NO,NO,1
32528,137799,137800,2022,2,0,-0.206324,-78.428401,PICHINCHA,QUITO,CUMBAYA,RURAL,2022-12-11,10:15:00,10,DOMINGO,7,DICIEMBRE,12,NO,"CONDUCE BAJO LA INFLUENCIA DE ALCOHOL, SUSTANCIAS ESTUPEFACIENTES O PSICOTROPICAS Y/O MEDICAMENTOS.",CHOQUE LATERAL,AUTOMOVIL,2,0,0,0,0,0,0,0,0,0,0,0,0,2,29,MUJER,LESIONADO,PASAJERO,NO,NO,3
32529,137801,137802,2022,3,0,-0.000392,-78.223013,PICHINCHA,CAYAMBE,CANGAHUA,RURAL,2022-12-11,10:45:00,10,DOMINGO,7,DICIEMBRE,12,NO,"CONDUCIR DESATENTO A LAS CONDICIONES DE TRANSITO (CELULAR, PANTALLAS DE VIDEO, COMIDA, MAQUILLAJE O CUALQUIER OTRO ELEMENTO DISTRACTOR).",PERDIDA DE CARRIL,NO IDENTIFICADO,0,0,0,0,0,0,0,0,0,1,0,0,0,1,24,HOMBRE,LESIONADO,PASAJERO,NO,SI,3
32530,137804,137805,2022,0,0,-0.220932,-78.520571,PICHINCHA,QUITO,QUITO,URBANA,2022-12-11,10:50:00,10,DOMINGO,7,DICIEMBRE,12,NO,NO MANTENER LA DISTANCIA PRUDENCIAL CON RESPECTO AL VEHICULO QUE LE ANTECEDE.,CHOQUE POSTERIOR,BUS,1,0,1,0,0,0,0,0,0,0,0,0,0,2,37,HOMBRE,ILESO,CONDUCTOR PRESENTE,NO,NO,1
32531,137806,137807,2022,1,0,-0.354999,-78.466343,PICHINCHA,RUMINIAHUI,SANGOLQUI,RURAL,2022-12-11,13:00:00,13,DOMINGO,7,DICIEMBRE,12,NO,"CONDUCE BAJO LA INFLUENCIA DE ALCOHOL, SUSTANCIAS ESTUPEFACIENTES O PSICOTROPICAS Y/O MEDICAMENTOS.",PERDIDA DE CARRIL,AUTOMOVIL,2,0,0,0,0,0,0,0,0,0,0,0,0,2,67,MUJER,LESIONADO,PASAJERO,NO,SI,3
32532,137811,137812,2022,0,0,-0.213757,-78.449547,PICHINCHA,QUITO,CUMBAYA,RURAL,2022-12-11,14:40:00,14,DOMINGO,7,DICIEMBRE,12,NO,CONDUCIR VEHICULO SUPERANDO LOS LIMITES MAXIMOS DE VELOCIDAD.,VOLCAMIENTOS,AUTOMOVIL,1,0,0,0,0,0,0,0,0,0,0,0,0,1,-1,NO IDENTIFICADO,NO IDENTIFICADO,CONDUCTOR AUSENTE,NO,NO,2
32533,137841,137842,2022,0,0,0.017589,-78.475871,PICHINCHA,QUITO,SAN ANTONIO (QUITO),URBANA,2022-12-12,02:30:00,2,LUNES,1,DICIEMBRE,12,NO,CONDUCIR VEHICULO SUPERANDO LOS LIMITES MAXIMOS DE VELOCIDAD.,ESTRELLAMIENTOS,BUS,0,0,1,0,0,0,0,0,0,0,0,0,0,1,-1,NO IDENTIFICADO,NO IDENTIFICADO,CONDUCTOR AUSENTE,NO,SI,2
32534,137849,137850,2022,1,0,-0.324709,-78.456417,PICHINCHA,RUMINIAHUI,SANGOLQUI,URBANA,2022-12-12,06:30:00,6,LUNES,1,DICIEMBRE,12,NO,"CONDUCIR DESATENTO A LAS CONDICIONES DE TRANSITO (CELULAR, PANTALLAS DE VIDEO, COMIDA, MAQUILLAJE O CUALQUIER OTRO ELEMENTO DISTRACTOR).",ATROPELLOS,NO IDENTIFICADO,0,0,0,0,0,0,0,0,0,1,0,0,0,1,76,HOMBRE,LESIONADO,PEATON,NO,SI,1
32535,137856,137857,2022,1,0,-0.369986,-78.480887,PICHINCHA,QUITO,AMAGUANIA,RURAL,2022-12-12,08:00:00,8,LUNES,1,DICIEMBRE,12,NO,"CONDUCIR DESATENTO A LAS CONDICIONES DE TRANSITO (CELULAR, PANTALLAS DE VIDEO, COMIDA, MAQUILLAJE O CUALQUIER OTRO ELEMENTO DISTRACTOR).",COLISION,CAMION,2,0,0,1,0,0,0,0,0,0,0,0,0,3,35,MUJER,LESIONADO,CONDUCTOR PRESENTE,NO,SI,3