,Unnamed: 0,ID,ANIO,LESIONADOS,FALLECIDOS,LATITUD_Y,LONGITUD_X,PROVINCIA,CANTON,PARROQUIA,ZONA,FECHA,HORA,PERIODO_2,DIA_1,DIA_2,MES_1,MES_2,FERIADO,CAUSA_PROBABLE,TIPO_DE_SINIESTRO,TIPO_DE_VEHICULO_1,AUTOMOVIL,BICICLETA,BUS,CAMION,CAMIONETA,EMERGENCIAS,ESPECIAL,FURGONETA,MOTOCICLETA,NO_IDENTIFICADO,SCOOTER_ELECTRICO,TRICIMOTO,VEHICULO_DEPORTIVO_UTILITARIO,SUMA_DE_VEHICULOS,EDAD_1,SEXO_1,CONDICION_1,PARTICIPANTE_1,CASCO_1,CINTURON_1,KMeans_Cluster
32536,137859,137860,2022,0,0,-0.159194,-78.470381,PICHINCHA,QUITO,QUITO,URBANA,2022-12-12,09:40:00,9,LUNES,1,DICIEMBRE,12,NO,"CONDUCIR DESATENTO A LAS CONDICIONES DE TRANSITO (CELULAR, PANTALLAS DE VIDEO, COMIDA, MAQUILLAJE O CUALQUIER OTRO ELEMENTO DISTRACTOR).",ESTRELLAMIENTOS,CAMIONETA,0,0,0,0,1,0,0,0,0,0,0,0,0,1,28,HOMBRE,ILESO,CONDUCTOR PRESENTE,NO,NO,1
32537,137860,137861,2022,0,0,-0.221455,-78.351995,PICHINCHA,QUITO,PIFO,RURAL,2022-12-12,10:20:00,10,LUNES,1,DICIEMBRE,12,NO,CONDUCIR VEHICULO SUPERANDO LOS LIMITES MAXIMOS DE VELOCIDAD.,ESTRELLAMIENTOS,CAMION,0,0,0,1,0,0,0,0,0,0,0,0,0,1,28,HOMBRE,ILESO,PASAJERO,NO,NO,3
32538,137864,137865,2022,1,0,-0.265476,-78.473672,PICHINCHA,QUITO,CONOCOTO,RURAL,2022-12-12,12:00:00,12,LUNES,1,DICIEMBRE,12,NO,NO TRANSITAR POR LAS ACERAS O ZONAS DE SEGURIDAD DESTINADAS PARA EL EFECTO.,ATROPELLOS,CAMIONETA,0,0,0,0,2,0,0,0,0,0,0,0,0,2,12,MUJER,LESIONADO,PEATON,NO,NO,3
32539,137865,137866,2022,0,0,-0.206505,-78.369343,PICHINCHA,QUITO,PUEMBO,RURAL,2022-12-12,12:00:00,12,LUNES,1,DICIEMBRE,12,NO,CONDUCIR VEHICULO SUPERANDO LOS LIMITES MAXIMOS DE VELOCIDAD.,OTROS,MOTOCICLETA,0,0,0,0,0,0,0,0,1,0,0,0,0,1,-1,NO IDENTIFICADO,NO IDENTIFICADO,CONDUCTOR AUSENTE,NO,NO,2
32540,137867,137868,2022,0,0,-0.213316,-78.501607,PICHINCHA,QUITO,QUITO,URBANA,2022-12-12,12:45:00,12,LUNES,1,DICIEMBRE,12,NO,NO MANTENER LA DISTANCIA PRUDENCIAL CON RESPECTO AL VEHICULO QUE LE ANTECEDE.,CHOQUE LATERAL,AUTOMOVIL,2,0,0,0,0,0,0,0,0,0,0,0,0,2,24,HOMBRE,ILESO,CONDUCTOR PRESENTE,NO,NO,1
32541,137869,137870,2022,0,0,-0.084492,-78.425511,PICHINCHA,QUITO,CALDERON (CARAPUNGO),RURAL,2022-12-12,13:25:00,13,LUNES,1,DICIEMBRE,12,NO,MALAS CONDICIONES DE LA VIA Y/O CONFIGURACION. (ILUMINACION Y DISENIO).,CHOQUE LATERAL,AUTOMOVIL,2,0,0,0,0,0,0,0,0,0,0,0,0,2,45,HOMBRE,ILESO,CONDUCTOR PRESENTE,NO,NO,3
32542,137871,137872,2022,0,0,-0.217697,-78.491293,PICHINCHA,QUITO,QUITO,URBANA,2022-12-12,14:40:00,14,LUNES,1,DICIEMBRE,12,NO,"FALLA MECANICA EN LOS SISTEMAS Y/O NEUMATICOS (SISTEMA DE FRENOS, DIRECCION, ELECTRONICO O MECANICO).",ESTRELLAMIENTOS,AUTOMOVIL,1,0,0,0,0,0,0,0,0,0,0,0,0,1,19,MUJER,ILESO,CONDUCTOR PRESENTE,NO,NO,1
32543,137888,137889,2022,0,0,-0.277211,-78.555421,PICHINCHA,QUITO,QUITO,URBANA,2022-12-12,22:50:00,22,LUNES,1,DICIEMBRE,12,NO,NO CEDER EL DERECHO DE VIA O PREFERENCIA DE PASO A VEHICULOS.,CHOQUE LATERAL,MOTOCICLETA,1,0,0,0,0,0,0,0,1,0,0,0,0,2,34,HOMBRE,ILESO,CONDUCTOR PRESENTE,NO,NO,1
32544,137889,137890,2022,0,0,-0.172871,-78.485822,PICHINCHA,QUITO,QUITO,URBANA,2022-12-12,23:20:00,23,LUNES,1,DICIEMBRE,12,NO,"NO RESPETAR LAS SENIALES REGLAMENTARIAS DE TRANSITO. (PARE, CEDA EL PASO, LUZ ROJA DEL SEMAFORO, ETC).",CHOQUE LATERAL,AUTOMOVIL,2,0,0,0,0,0,0,0,0,0,0,0,0,2,33,HOMBRE,ILESO,CONDUCTOR PRESENTE,NO,NO,1
32545,137910,137911,2022,0,0,-0.212878,-78.497905,PICHINCHA,QUITO,QUITO,URBANA,2022-12-13,08:30:00,8,MARTES,2,DICIEMBRE,12,NO,"FALLA MECANICA EN LOS SISTEMAS Y/O NEUMATICOS (SISTEMA DE FRENOS, DIRECCION, ELECTRONICO O MECANICO).",ESTRELLAMIENTOS,BUS,0,0,1,0,0,0,0,0,0,0,0,0,0,1,23,HOMBRE,ILESO,CONDUCTOR PRESENTE,NO,NO,1
32546,137919,137920,2022,0,0,-0.205931,-78.501746,PICHINCHA,QUITO,QUITO,URBANA,2022-12-13,14:00:00,14,MARTES,2,DICIEMBRE,12,NO,"NO RESPETAR LAS SENIALES REGLAMENTARIAS DE TRANSITO. (PARE, CEDA EL PASO, LUZ ROJA DEL SEMAFORO, ETC).",CHOQUE LATERAL,CAMIONETA,1,0,0,0,1,0,0,0,0,0,0,0,0,2,24,HOMBRE,ILESO,CONDUCTOR PRESENTE,NO,NO,1
32547,137921,137922,2022,1,0,-0.328792,-78.555441,PICHINCHA,QUITO,QUITO,URBANA,2022-12-13,15:15:00,15,MARTES,2,DICIEMBRE,12,NO,NO CEDER EL DERECHO DE VIA O PREFERENCIA DE PASO A VEHICULOS.,CHOQUE LATERAL,MOTOCICLETA,0,0,0,0,0,0,0,0,1,1,0,0,0,2,31,HOMBRE,LESIONADO,CONDUCTOR PRESENTE,NO,NO,1
32548,137924,137925,2022,2,0,-0.288301,-78.489131,PICHINCHA,QUITO,CONOCOTO,RURAL,2022-12-13,18:30:00,18,MARTES,2,DICIEMBRE,12,NO,REALIZAR CAMBIO BRUSCO O INDEBIDO DE CARRIL.,OTROS,NO IDENTIFICADO,0,0,0,0,0,0,0,0,0,2,0,0,0,2,20,HOMBRE,LESIONADO,PASAJERO,NO,NO,3
32549,137935,137936,2022,0,0,-0.111793,-78.478906,PICHINCHA,QUITO,QUITO,URBANA,2022-12-14,00:40:00,0,MIERCOLES,3,DICIEMBRE,12,NO,"CONDUCE BAJO LA INFLUENCIA DE ALCOHOL, SUSTANCIAS ESTUPEFACIENTES O PSICOTROPICAS Y/O MEDICAMENTOS.",CHOQUE LATERAL,AUTOMOVIL,2,0,0,0,0,0,0,0,0,0,0,0,0,2,29,HOMBRE,ILESO,PASAJERO,NO,NO,1
32550,137938,137939,2022,2,0,-0.166378,-78.487207,PICHINCHA,QUITO,QUITO,URBANA,2022-12-14,01:50:00,1,MIERCOLES,3,DICIEMBRE,12,NO,"CONDUCE BAJO LA INFLUENCIA DE ALCOHOL, SUSTANCIAS ESTUPEFACIENTES O PSICOTROPICAS Y/O MEDICAMENTOS.",ESTRELLAMIENTOS,MOTOCICLETA,0,0,0,0,0,0,0,0,1,0,0,0,0,1,27,HOMBRE,LESIONADO,CONDUCTOR PRESENTE,NO,NO,1
32551,137941,137942,2022,0,0,-0.198557,-78.496125,PICHINCHA,QUITO,QUITO,URBANA,2022-12-14,05:45:00,5,MIERCOLES,3,DICIEMBRE,12,NO,NO MANTENER LA DISTANCIA PRUDENCIAL CON RESPECTO AL VEHICULO QUE LE ANTECEDE.,CHOQUE POSTERIOR,CAMIONETA,1,0,0,0,1,0,0,0,0,0,0,0,0,2,33,HOMBRE,ILESO,CONDUCTOR PRESENTE,NO,NO,1
32552,137942,137943,2022,0,0,-0.454111,-78.754917,PICHINCHA,MEJIA,MANUEL CORNEJO ASTORGA,RURAL,2022-12-14,05:50:00,5,MIERCOLES,3,DICIEMBRE,12,NO,"CONDUCIR DESATENTO A LAS CONDICIONES DE TRANSITO (CELULAR, PANTALLAS DE VIDEO, COMIDA, MAQUILLAJE O CUALQUIER OTRO ELEMENTO DISTRACTOR).",PERDIDA DE CARRIL,CAMIONETA,0,0,0,0,1,0,0,0,0,0,0,0,0,1,-1,HOMBRE,ILESO,CONDUCTOR PRESENTE,NO,NO,3
32553,137947,137948,2022,0,0,-0.192122,-78.454493,PICHINCHA,QUITO,QUITO,URBANA,2022-12-14,06:55:00,6,MIERCOLES,3,DICIEMBRE,12,NO,"CONDICIONES AMBIENTALES Y/O ATMOSFERICAS (NIEBLA, NEBLINA, GRANIZO, LLUVIA).",CHOQUE LATERAL,AUTOMOVIL,2,0,0,0,0,0,0,0,0,0,0,0,0,2,51,HOMBRE,ILESO,CONDUCTOR PRESENTE,NO,NO,1
32554,137949,137950,2022,2,0,-0.190368,-78.484941,PICHINCHA,QUITO,QUITO,URBANA,2022-12-14,07:45:00,7,MIERCOLES,3,DICIEMBRE,12,NO,NO CEDER EL DERECHO DE VIA O PREFERENCIA DE PASO A VEHICULOS.,CHOQUE LATERAL,MOTOCICLETA,0,0,0,0,0,0,0,1,1,0,0,0,0,2,22,HOMBRE,LESIONADO,CONDUCTOR PRESENTE,NO,NO,1
32555,137954,137955,2022,1,0,-0.185412,-78.510101,PICHINCHA,QUITO,QUITO,URBANA,2022-12-14,08:45:00,8,MIERCOLES,3,DICIEMBRE,12,NO,"FALLA MECANICA EN LOS SISTEMAS Y/O NEUMATICOS (SISTEMA DE FRENOS, DIRECCION, ELECTRONICO O MECANICO).",VOLCAMIENTOS,MOTOCICLETA,0,0,0,0,0,0,0,0,1,0,0,0,0,1,22,HOMBRE,LESIONADO,CONDUCTOR PRESENTE,NO,NO,1
32556,137957,137958,2022,0,0,-0.215911,-78.464957,PICHINCHA,QUITO,QUITO,RURAL,2022-12-14,10:00:00,10,MIERCOLES,3,DICIEMBRE,12,NO,CONDUCIR VEHICULO SUPERANDO LOS LIMITES MAXIMOS DE VELOCIDAD.,CHOQUE LATERAL,MOTOCICLETA,0,0,0,0,1,0,0,0,1,0,0,0,0,2,67,HOMBRE,ILESO,CONDUCTOR PRESENTE,NO,NO,3
32557,137959,137960,2022,0,0,-0.143367,-78.496265,PICHINCHA,QUITO,QUITO,URBANA,2022-12-14,12:00:00,12,MIERCOLES,3,DICIEMBRE,12,NO,NO CEDER EL DERECHO DE VIA O PREFERENCIA DE PASO A VEHICULOS.,CHOQUE LATERAL,AUTOMOVIL,2,0,0,0,0,0,0,0,0,0,0,0,0,2,72,HOMBRE,ILESO,CONDUCTOR PRESENTE,NO,NO,1
32558,137962,137963,2022,0,0,0.043463,-78.402489,PICHINCHA,QUITO,PUELLARO,RURAL,2022-12-14,13:40:00,13,MIERCOLES,3,DICIEMBRE,12,NO,CONDUCIR VEHICULO SUPERANDO LOS LIMITES MAXIMOS DE VELOCIDAD.,OTROS,CAMIONETA,1,0,0,0,2,0,0,0,0,0,0,0,0,3,53,HOMBRE,ILESO,CONDUCTOR PRESENTE,NO,NO,3
32559,137964,137965,2022,0,0,-0.331961,-78.531276,PICHINCHA,QUITO,QUITO,URBANA,2022-12-14,13:50:00,13,MIERCOLES,3,DICIEMBRE,12,NO,"CONDUCE BAJO LA INFLUENCIA DE ALCOHOL, SUSTANCIAS ESTUPEFACIENTES O PSICOTROPICAS Y/O MEDICAMENTOS.",CHOQUE LATERAL,AUTOMOVIL,2,0,0,0,0,0,0,0,0,0,0,0,0,2,27,HOMBRE,ILESO,CONDUCTOR PRESENTE,NO,NO,1
32560,137966,137967,2022,1,0,-0.256159,-78.502152,PICHINCHA,QUITO,QUITO,URBANA,2022-12-14,15:25:00,15,MIERCOLES,3,DICIEMBRE,12,NO,DEJAR O RECOGER PASAJEROS EN LUGARES NO PERMITIDOS.,CAIDA DE PASAJERO,BUS,0,0,1,0,0,0,0,0,0,0,0,0,0,1,15,HOMBRE,LESIONADO,PASAJERO,NO,NO,1
32561,137969,137970,2022,0,0,-0.295804,-78.462218,PICHINCHA,RUMINIAHUI,SANGOLQUI,URBANA,2022-12-14,16:00:00,16,MIERCOLES,3,DICIEMBRE,12,NO,"CONDUCE BAJO LA INFLUENCIA DE ALCOHOL, SUSTANCIAS ESTUPEFACIENTES O PSICOTROPICAS Y/O MEDICAMENTOS.",ROZAMIENTOS,VEHICULO DEPORTIVO UTILITARIO,0,0,0,0,0,0,0,0,0,0,0,0,1,1,30,MUJER,ILESO,CONDUCTOR PRESENTE,NO,SI,1
32562,137971,137972,2022,0,0,-0.068381,-78.452934,PICHINCHA,QUITO,CALDERON (CARAPUNGO),RURAL,2022-12-14,16:30:00,16,MIERCOLES,3,DICIEMBRE,12,NO,PESO Y VOLUMEN - NO CUMPLIR CON LAS NORMAS DE SEGURIDAD NECESARIAS AL TRANSPORTAR CARGAS.,ESTRELLAMIENTOS,CAMION,0,0,0,1,0,0,0,0,0,0,0,0,0,1,23,HOMBRE,ILESO,CONDUCTOR PRESENTE,NO,NO,3
32563,137983,137984,2022,0,0,-0.280397,-78.556713,PICHINCHA,QUITO,QUITO,URBANA,2022-12-14,22:00:00,22,MIERCOLES,3,DICIEMBRE,12,NO,"NO RESPETAR LAS SENIALES REGLAMENTARIAS DE TRANSITO. (PARE, CEDA EL PASO, LUZ ROJA DEL SEMAFORO, ETC).",CHOQUE LATERAL,AUTOMOVIL,2,0,0,0,0,0,0,0,0,0,0,0,0,2,45,HOMBRE,ILESO,CONDUCTOR PRESENTE,NO,NO,1
32564,137987,137988,2022,2,0,-0.171221,-78.490407,PICHINCHA,QUITO,QUITO,URBANA,2022-12-14,23:20:00,23,MIERCOLES,3,DICIEMBRE,12,NO,"CONDUCE BAJO LA INFLUENCIA DE ALCOHOL, SUSTANCIAS ESTUPEFACIENTES O PSICOTROPICAS Y/O MEDICAMENTOS.",CHOQUE LATERAL,AUTOMOVIL,2,0,0,0,0,0,0,0,0,0,0,0,0,2,35,HOMBRE,LESIONADO,CONDUCTOR PRESENTE,NO,NO,1
32565,137994,137995,2022,0,0,-0.216471,-78.381982,PICHINCHA,QUITO,TUMBACO,RURAL,2022-12-15,05:55:00,5,JUEVES,4,DICIEMBRE,12,NO,CONDUCIR VEHICULO SUPERANDO LOS LIMITES MAXIMOS DE VELOCIDAD.,ESTRELLAMIENTOS,CAMION,0,0,0,1,0,0,0,0,0,0,0,0,0,1,21,HOMBRE,ILESO,PASAJERO,NO,NO,3
32566,138003,138004,2022,0,0,-0.386337,-78.817398,PICHINCHA,MEJIA,MANUEL CORNEJO ASTORGA,RURAL,2022-12-15,09:20:00,9,JUEVES,4,DICIEMBRE,12,NO,"CONDUCIR DESATENTO A LAS CONDICIONES DE TRANSITO (CELULAR, PANTALLAS DE VIDEO, COMIDA, MAQUILLAJE O CUALQUIER OTRO ELEMENTO DISTRACTOR).",PERDIDA DE CARRIL,CAMIONETA,0,0,0,0,1,0,0,0,0,0,0,0,0,1,-1,HOMBRE,ILESO,CONDUCTOR PRESENTE,NO,NO,3
32567,138005,138006,2022,1,0,-0.105219,-78.433786,PICHINCHA,QUITO,CALDERON (CARAPUNGO),RURAL,2022-12-15,09:25:00,9,JUEVES,4,DICIEMBRE,12,NO,REALIZAR CAMBIO BRUSCO O INDEBIDO DE CARRIL.,CHOQUE LATERAL,CAMION,0,0,0,1,0,0,0,0,1,0,0,0,0,2,26,HOMBRE,LESIONADO,CONDUCTOR PRESENTE,SI,NO,3
32568,138012,138013,2022,0,0,-0.194251,-78.497678,PICHINCHA,QUITO,QUITO,URBANA,2022-12-15,12:15:00,12,JUEVES,4,DICIEMBRE,12,NO,"NO RESPETAR LAS SENIALES REGLAMENTARIAS DE TRANSITO. (PARE, CEDA EL PASO, LUZ ROJA DEL SEMAFORO, ETC).",CHOQUE LATERAL,AUTOMOVIL,2,0,0,0,0,0,0,0,0,0,0,0,0,2,21,HOMBRE,ILESO,CONDUCTOR PRESENTE,NO,NO,1
32569,138013,138014,2022,0,0,-0.426724,-78.789213,PICHINCHA,MEJIA,MANUEL CORNEJO ASTORGA,RURAL,2022-12-15,12:24:00,12,JUEVES,4,DICIEMBRE,12,NO,"CONDUCIR DESATENTO A LAS CONDICIONES DE TRANSITO (CELULAR, PANTALLAS DE VIDEO, COMIDA, MAQUILLAJE O CUALQUIER OTRO ELEMENTO DISTRACTOR).",VOLCAMIENTOS,AUTOMOVIL,1,0,0,0,0,0,0,0,0,0,0,0,0,1,-1,HOMBRE,ILESO,CONDUCTOR PRESENTE,NO,NO,3
32570,138015,138016,2022,0,2,-0.301106,-78.425011,PICHINCHA,QUITO,ALANGASI,RURAL,2022-12-15,12:45:00,12,JUEVES,4,DICIEMBRE,12,NO,"NO RESPETAR LAS SENIALES REGLAMENTARIAS DE TRANSITO. (PARE, CEDA EL PASO, LUZ ROJA DEL SEMAFORO, ETC).",CHOQUE FRONTAL,MOTOCICLETA,1,0,0,0,0,0,0,0,1,0,0,0,0,2,25,HOMBRE,FALLECIDO,CONDUCTOR PRESENTE,NO,NO,3
32571,138027,138028,2022,0,0,-0.141514,-78.443541,PICHINCHA,QUITO,LLANO CHICO,RURAL,2022-12-15,16:15:00,16,JUEVES,4,DICIEMBRE,12,NO,NO GUARDAR LA DISTANCIA LATERAL MINIMA DE SEGURIDAD ENTRE VEHICULOS.,ROZAMIENTOS,CAMION,1,0,0,1,0,0,0,0,0,0,0,0,0,2,19,HOMBRE,ILESO,CONDUCTOR PRESENTE,NO,NO,3
32572,138037,138038,2022,1,0,-0.137731,-78.501465,PICHINCHA,QUITO,QUITO,URBANA,2022-12-15,21:42:00,21,JUEVES,4,DICIEMBRE,12,NO,CONDUCIR VEHICULO SUPERANDO LOS LIMITES MAXIMOS DE VELOCIDAD.,OTROS,FURGONETA,1,0,0,0,0,0,0,1,0,0,0,0,0,2,31,HOMBRE,LESIONADO,PEATON,NO,NO,1
32573,138042,138043,2022,1,0,-0.108286,-78.461304,PICHINCHA,QUITO,CALDERON (CARAPUNGO),URBANA,2022-12-16,00:30:00,0,VIERNES,5,DICIEMBRE,12,NO,CONDUCIR VEHICULO SUPERANDO LOS LIMITES MAXIMOS DE VELOCIDAD.,ESTRELLAMIENTOS,MOTOCICLETA,0,0,0,0,0,0,0,0,1,0,0,0,0,1,27,HOMBRE,LESIONADO,PASAJERO,NO,NO,1
32574,138048,138049,2022,1,0,-0.248981,-78.509576,PICHINCHA,QUITO,QUITO,URBANA,2022-12-16,02:00:00,2,VIERNES,5,DICIEMBRE,12,NO,CONDUCIR VEHICULO SUPERANDO LOS LIMITES MAXIMOS DE VELOCIDAD.,ESTRELLAMIENTOS,AUTOMOVIL,1,0,0,0,0,0,0,0,0,0,0,0,0,1,69,HOMBRE,LESIONADO,PASAJERO,NO,NO,1
32575,138054,138055,2022,0,0,-0.123784,-78.471941,PICHINCHA,QUITO,QUITO,URBANA,2022-12-16,05:00:00,5,VIERNES,5,DICIEMBRE,12,NO,CONDUCIR VEHICULO SUPERANDO LOS LIMITES MAXIMOS DE VELOCIDAD.,ESTRELLAMIENTOS,AUTOMOVIL,2,0,0,0,0,0,0,0,0,0,0,0,0,2,-1,NO IDENTIFICADO,NO IDENTIFICADO,CONDUCTOR AUSENTE,NO,NO,2
32576,138055,138056,2022,0,0,-0.236248,-78.510532,PICHINCHA,QUITO,QUITO,URBANA,2022-12-16,05:10:00,5,VIERNES,5,DICIEMBRE,12,NO,CONDUCIR VEHICULO SUPERANDO LOS LIMITES MAXIMOS DE VELOCIDAD.,ESTRELLAMIENTOS,AUTOMOVIL,1,0,0,0,0,0,0,0,0,0,0,0,0,1,43,HOMBRE,ILESO,CONDUCTOR PRESENTE,NO,NO,1
32577,138059,138060,2022,1,0,-0.203041,-78.482957,PICHINCHA,QUITO,QUITO,URBANA,2022-12-16,06:05:00,6,VIERNES,5,DICIEMBRE,12,NO,DEJAR O RECOGER PASAJEROS EN LUGARES NO PERMITIDOS.,CAIDA DE PASAJERO,BUS,0,0,1,0,0,0,0,0,0,0,0,0,0,1,50,MUJER,LESIONADO,PASAJERO,NO,NO,1
32578,138060,138061,2022,0,0,-0.232739,-78.524441,PICHINCHA,QUITO,QUITO,URBANA,2022-12-16,06:10:00,6,VIERNES,5,DICIEMBRE,12,NO,CONDUCIR VEHICULO SUPERANDO LOS LIMITES MAXIMOS DE VELOCIDAD.,ESTRELLAMIENTOS,AUTOMOVIL,1,0,0,0,0,0,0,0,0,0,0,0,0,1,-1,NO IDENTIFICADO,NO IDENTIFICADO,CONDUCTOR AUSENTE,NO,NO,2
32579,138061,138062,2022,1,0,-0.120739,-78.480062,PICHINCHA,QUITO,QUITO,URBANA,2022-12-16,06:20:00,6,VIERNES,5,DICIEMBRE,12,NO,NO TRANSITAR POR LAS ACERAS O ZONAS DE SEGURIDAD DESTINADAS PARA EL EFECTO.,ATROPELLOS,FURGONETA,0,0,0,0,0,0,0,1,0,0,0,0,0,1,15,HOMBRE,LESIONADO,PEATON,NO,NO,1
32580,138070,138071,2022,0,0,-0.336165,-78.434391,PICHINCHA,RUMINIAHUI,SANGOLQUI,RURAL,2022-12-16,10:00:00,10,VIERNES,5,DICIEMBRE,12,NO,"CONDUCE BAJO LA INFLUENCIA DE ALCOHOL, SUSTANCIAS ESTUPEFACIENTES O PSICOTROPICAS Y/O MEDICAMENTOS.",CHOQUE LATERAL,CAMION,1,0,0,1,0,0,0,0,0,0,0,0,0,2,34,HOMBRE,ILESO,CONDUCTOR PRESENTE,NO,SI,3
32581,138074,138075,2022,0,0,-0.188066,-78.476904,PICHINCHA,QUITO,QUITO,URBANA,2022-12-16,11:05:00,11,VIERNES,5,DICIEMBRE,12,NO,CONDUCIR VEHICULO SUPERANDO LOS LIMITES MAXIMOS DE VELOCIDAD.,ESTRELLAMIENTOS,AUTOMOVIL,1,0,0,0,0,0,0,0,0,0,0,0,0,1,-1,NO IDENTIFICADO,NO IDENTIFICADO,CONDUCTOR AUSENTE,NO,NO,2
32582,138079,138080,2022,0,0,-0.155911,-78.496838,PICHINCHA,QUITO,QUITO,URBANA,2022-12-16,12:30:00,12,VIERNES,5,DICIEMBRE,12,NO,NO MANTENER LA DISTANCIA PRUDENCIAL CON RESPECTO AL VEHICULO QUE LE ANTECEDE.,CHOQUE POSTERIOR,AUTOMOVIL,2,0,0,0,0,0,0,0,0,0,0,0,0,2,61,HOMBRE,ILESO,CONDUCTOR PRESENTE,NO,NO,1
32583,138081,138082,2022,1,0,-0.267713,-78.527415,PICHINCHA,QUITO,QUITO,URBANA,2022-12-16,12:35:00,12,VIERNES,5,DICIEMBRE,12,NO,NO TRANSITAR POR LAS ACERAS O ZONAS DE SEGURIDAD DESTINADAS PARA EL EFECTO.,ATROPELLOS,BUS,0,0,1,0,0,0,0,0,0,0,0,0,0,1,18,HOMBRE,LESIONADO,PEATON,NO,NO,1
32584,138086,138087,2022,1,0,-0.141352,-78.500939,PICHINCHA,QUITO,QUITO,URBANA,2022-12-16,14:10:00,14,VIERNES,5,DICIEMBRE,12,NO,NO MANTENER LA DISTANCIA PRUDENCIAL CON RESPECTO AL VEHICULO QUE LE ANTECEDE.,CHOQUE POSTERIOR,MOTOCICLETA,0,0,0,0,0,0,0,1,1,0,0,0,0,2,43,HOMBRE,LESIONADO,CONDUCTOR PRESENTE,NO,NO,1
32585,138091,138092,2022,0,0,-0.096196,-78.512051,PICHINCHA,QUITO,QUITO,URBANA,2022-12-16,16:00:00,16,VIERNES,5,DICIEMBRE,12,NO,"CASO FORTUITO O FUERZA MAYOR (EXPLOSION DE NEUMATICO NUEVO, DERRUMBE, INUNDACION, CAIDA DE PUENTE, ARBOL, PRESENCIA INTEMPESTIVA E IMPREVISTA DE SEMOVIENTES EN LA VIA, ETC.).",OTROS,MOTOCICLETA,0,0,0,0,0,0,0,0,1,0,0,0,0,1,11,HOMBRE,ILESO,PASAJERO,NO,NO,1
32586,138096,138097,2022,0,0,-0.442111,-78.700751,PICHINCHA,MEJIA,ALOAG,RURAL,2022-12-16,19:50:00,19,VIERNES,5,DICIEMBRE,12,NO,"CASO FORTUITO O FUERZA MAYOR (EXPLOSION DE NEUMATICO NUEVO, DERRUMBE, INUNDACION, CAIDA DE PUENTE, ARBOL, PRESENCIA INTEMPESTIVA E IMPREVISTA DE SEMOVIENTES EN LA VIA, ETC.).",OTROS,CAMION,1,0,0,1,0,0,0,0,0,0,0,0,0,2,-1,HOMBRE,ILESO,CONDUCTOR PRESENTE,NO,NO,3
32587,138099,138100,2022,0,0,-0.452292,-78.751819,PICHINCHA,MEJIA,MANUEL CORNEJO ASTORGA,RURAL,2022-12-16,20:10:00,20,VIERNES,5,DICIEMBRE,12,NO,"NO RESPETAR LAS SENIALES REGLAMENTARIAS DE TRANSITO. (PARE, CEDA EL PASO, LUZ ROJA DEL SEMAFORO, ETC).",CHOQUE LATERAL,CAMIONETA,1,0,0,0,1,0,0,0,0,0,0,0,0,2,29,HOMBRE,ILESO,CONDUCTOR PRESENTE,NO,NO,3
32588,138100,138101,2022,1,0,-0.450511,-78.748425,PICHINCHA,MEJIA,MANUEL CORNEJO ASTORGA,RURAL,2022-12-16,20:40:00,20,VIERNES,5,DICIEMBRE,12,NO,"NO RESPETAR LAS SENIALES REGLAMENTARIAS DE TRANSITO. (PARE, CEDA EL PASO, LUZ ROJA DEL SEMAFORO, ETC).",CHOQUE LATERAL,CAMION,0,0,0,1,0,0,0,0,0,0,0,0,1,2,64,HOMBRE,LESIONADO,CONDUCTOR PRESENTE,NO,NO,3
32589,138103,138104,2022,0,0,-0.121118,-78.496882,PICHINCHA,QUITO,QUITO,URBANA,2022-12-16,22:20:00,22,VIERNES,5,DICIEMBRE,12,NO,"NO RESPETAR LAS SENIALES REGLAMENTARIAS DE TRANSITO. (PARE, CEDA EL PASO, LUZ ROJA DEL SEMAFORO, ETC).",CHOQUE LATERAL,AUTOMOVIL,2,0,0,0,0,0,0,0,0,0,0,0,0,2,65,HOMBRE,ILESO,CONDUCTOR PRESENTE,NO,NO,1
32590,138108,138109,2022,1,0,-0.197061,-78.439854,PICHINCHA,QUITO,CUMBAYA,RURAL,2022-12-17,01:05:00,1,SABADO,6,DICIEMBRE,12,NO,NO TRANSITAR POR LAS ACERAS O ZONAS DE SEGURIDAD DESTINADAS PARA EL EFECTO.,ATROPELLOS,AUTOMOVIL,1,0,0,0,0,0,0,0,0,0,0,0,0,1,20,HOMBRE,LESIONADO,PEATON,NO,NO,3
32591,138110,138111,2022,0,0,-0.196313,-78.499581,PICHINCHA,QUITO,QUITO,URBANA,2022-12-17,01:40:00,1,SABADO,6,DICIEMBRE,12,NO,CONDUCIR VEHICULO SUPERANDO LOS LIMITES MAXIMOS DE VELOCIDAD.,ESTRELLAMIENTOS,AUTOMOVIL,1,0,0,0,0,0,0,0,0,0,0,0,0,1,-1,NO IDENTIFICADO,NO IDENTIFICADO,CONDUCTOR AUSENTE,NO,NO,2
32592,138114,138115,2022,0,0,-0.196125,-78.441393,PICHINCHA,QUITO,CUMBAYA,RURAL,2022-12-17,03:18:00,3,SABADO,6,DICIEMBRE,12,NO,"CONDUCIR EN ESTADO DE SOMNOLENCIA O MALAS CONDICIONES FISICAS (SUENIO, CANSANCIO Y FATIGA).",ESTRELLAMIENTOS,AUTOMOVIL,1,0,0,0,0,0,0,0,0,0,0,0,0,1,37,HOMBRE,ILESO,CONDUCTOR PRESENTE,NO,NO,3