,Unnamed: 0,ID,ANIO,LESIONADOS,FALLECIDOS,LATITUD_Y,LONGITUD_X,PROVINCIA,CANTON,PARROQUIA,ZONA,FECHA,HORA,PERIODO_2,DIA_1,DIA_2,MES_1,MES_2,FERIADO,CAUSA_PROBABLE,TIPO_DE_SINIESTRO,TIPO_DE_VEHICULO_1,AUTOMOVIL,BICICLETA,BUS,CAMION,CAMIONETA,EMERGENCIAS,ESPECIAL,FURGONETA,MOTOCICLETA,NO_IDENTIFICADO,SCOOTER_ELECTRICO,TRICIMOTO,VEHICULO_DEPORTIVO_UTILITARIO,SUMA_DE_VEHICULOS,EDAD_1,SEXO_1,CONDICION_1,PARTICIPANTE_1,CASCO_1,CINTURON_1,KMeans_Cluster
32593,138115,138116,2022,0,0,-0.269205,-78.507702,PICHINCHA,QUITO,QUITO,URBANA,2022-12-17,03:30:00,3,SABADO,6,DICIEMBRE,12,NO,"FALLA MECANICA EN LOS SISTEMAS Y/O NEUMATICOS (SISTEMA DE FRENOS, DIRECCION, ELECTRONICO O MECANICO).",ESTRELLAMIENTOS,AUTOMOVIL,1,0,0,0,0,0,0,0,0,0,0,0,0,1,28,HOMBRE,ILESO,CONDUCTOR PRESENTE,NO,NO,1
32594,138120,138121,2022,0,1,-0.168118,-78.487387,PICHINCHA,QUITO,QUITO,URBANA,2022-12-17,04:00:00,4,SABADO,6,DICIEMBRE,12,NO,CONDUCIR VEHICULO SUPERANDO LOS LIMITES MAXIMOS DE VELOCIDAD.,ESTRELLAMIENTOS,MOTOCICLETA,0,0,0,0,0,0,0,0,1,0,0,0,0,1,27,HOMBRE,FALLECIDO,CONDUCTOR PRESENTE,NO,NO,1
32595,138125,138126,2022,1,0,-0.209111,-78.461732,PICHINCHA,QUITO,QUITO,RURAL,2022-12-17,05:00:00,5,SABADO,6,DICIEMBRE,12,NO,CONDUCIR VEHICULO SUPERANDO LOS LIMITES MAXIMOS DE VELOCIDAD.,CHOQUE FRONTAL,AUTOMOVIL,2,0,0,0,0,0,0,0,0,0,0,0,0,2,49,HOMBRE,LESIONADO,CONDUCTOR PRESENTE,NO,NO,3
32596,138131,138132,2022,0,0,-0.203519,-78.485451,PICHINCHA,QUITO,QUITO,URBANA,2022-12-17,07:25:00,7,SABADO,6,DICIEMBRE,12,NO,"FALLA MECANICA EN LOS SISTEMAS Y/O NEUMATICOS (SISTEMA DE FRENOS, DIRECCION, ELECTRONICO O MECANICO).",ESTRELLAMIENTOS,AUTOMOVIL,1,0,0,0,0,0,0,0,0,0,0,0,0,1,38,HOMBRE,ILESO,CONDUCTOR PRESENTE,NO,NO,1
32597,138133,138134,2022,1,0,-0.108291,-78.452577,PICHINCHA,QUITO,CALDERON (CARAPUNGO),RURAL,2022-12-17,08:15:00,8,SABADO,6,DICIEMBRE,12,NO,DEJAR O RECOGER PASAJEROS EN LUGARES NO PERMITIDOS.,CAIDA DE PASAJERO,BUS,0,0,1,0,0,0,0,0,0,0,0,0,0,1,34,MUJER,LESIONADO,PASAJERO,NO,NO,3
32598,138140,138141,2022,0,1,-0.272766,-78.509091,PICHINCHA,QUITO,QUITO,URBANA,2022-12-17,11:00:00,11,SABADO,6,DICIEMBRE,12,NO,REALIZAR CAMBIO BRUSCO O INDEBIDO DE CARRIL.,ARROLLAMIENTOS,MOTOCICLETA,0,0,0,0,0,0,0,0,1,1,0,0,0,2,19,MUJER,FALLECIDO,CONDUCTOR PRESENTE,NO,NO,1
32599,138142,138143,2022,1,0,-0.218707,-78.466491,PICHINCHA,QUITO,QUITO,RURAL,2022-12-17,11:10:00,11,SABADO,6,DICIEMBRE,12,NO,BAJARSE O SUBIRSE DE VEHICULOS EN MOVIMIENTO SIN TOMAR LAS PRECAUCIONES DEBIDAS.,CAIDA DE PASAJERO,BUS,0,0,1,0,0,0,0,0,0,0,0,0,0,1,16,HOMBRE,LESIONADO,PASAJERO,NO,NO,3
32600,138149,138150,2022,1,0,-0.110131,-78.431002,PICHINCHA,QUITO,CALDERON (CARAPUNGO),RURAL,2022-12-17,12:52:00,12,SABADO,6,DICIEMBRE,12,NO,"CONDUCIR DESATENTO A LAS CONDICIONES DE TRANSITO (CELULAR, PANTALLAS DE VIDEO, COMIDA, MAQUILLAJE O CUALQUIER OTRO ELEMENTO DISTRACTOR).",CHOQUE LATERAL,MOTOCICLETA,1,0,0,0,0,0,0,0,1,0,0,0,0,2,42,MUJER,LESIONADO,CONDUCTOR PRESENTE,NO,NO,3
32601,138150,138151,2022,1,0,-0.214041,-78.360135,PICHINCHA,QUITO,PUEMBO,RURAL,2022-12-17,12:55:00,12,SABADO,6,DICIEMBRE,12,NO,CONDUCIR VEHICULO SUPERANDO LOS LIMITES MAXIMOS DE VELOCIDAD.,CHOQUE POSTERIOR,BUS,1,0,1,0,0,0,0,0,0,0,0,0,0,2,15,MUJER,LESIONADO,PASAJERO,NO,NO,3
32602,138154,138155,2022,0,0,-0.265467,-78.541467,PICHINCHA,QUITO,QUITO,URBANA,2022-12-17,14:20:00,14,SABADO,6,DICIEMBRE,12,NO,CONDUCIR VEHICULO SUPERANDO LOS LIMITES MAXIMOS DE VELOCIDAD.,OTROS,CAMIONETA,0,0,0,0,1,0,0,0,0,0,0,0,0,1,-1,NO IDENTIFICADO,NO IDENTIFICADO,CONDUCTOR AUSENTE,NO,NO,2
32603,138165,138166,2022,0,0,-0.248579,-78.528181,PICHINCHA,QUITO,QUITO,URBANA,2022-12-17,18:00:00,18,SABADO,6,DICIEMBRE,12,NO,CONDUCIR VEHICULO SUPERANDO LOS LIMITES MAXIMOS DE VELOCIDAD.,COLISION,CAMION,2,0,0,1,0,0,0,0,0,0,0,0,0,3,20,HOMBRE,ILESO,CONDUCTOR PRESENTE,NO,NO,1
32604,138168,138169,2022,1,0,-0.293598,-78.447644,PICHINCHA,QUITO,ALANGASI,RURAL,2022-12-17,19:00:00,19,SABADO,6,DICIEMBRE,12,NO,CONDUCIR VEHICULO SUPERANDO LOS LIMITES MAXIMOS DE VELOCIDAD.,CHOQUE LATERAL,MOTOCICLETA,1,0,0,0,0,0,0,0,1,0,0,0,0,2,37,HOMBRE,LESIONADO,CONDUCTOR PRESENTE,NO,NO,3
32605,138192,138193,2022,0,0,-0.094431,-78.481745,PICHINCHA,QUITO,QUITO,URBANA,2022-12-17,23:05:00,23,SABADO,6,DICIEMBRE,12,NO,"NO RESPETAR LAS SENIALES REGLAMENTARIAS DE TRANSITO. (PARE, CEDA EL PASO, LUZ ROJA DEL SEMAFORO, ETC).",CHOQUE LATERAL,AUTOMOVIL,2,0,0,0,0,0,0,0,0,0,0,0,0,2,50,HOMBRE,ILESO,CONDUCTOR PRESENTE,NO,NO,1
32606,138194,138195,2022,0,1,-0.299981,-78.520024,PICHINCHA,QUITO,QUITO,URBANA,2022-12-18,00:00:00,0,DOMINGO,7,DICIEMBRE,12,NO,NO TRANSITAR POR LAS ACERAS O ZONAS DE SEGURIDAD DESTINADAS PARA EL EFECTO.,ATROPELLOS,NO IDENTIFICADO,0,0,0,0,0,0,0,0,0,1,0,0,0,1,55,HOMBRE,FALLECIDO,PEATON,NO,NO,1
32607,138200,138201,2022,0,0,-0.214841,-78.464347,PICHINCHA,QUITO,QUITO,URBANA,2022-12-18,01:20:00,1,DOMINGO,7,DICIEMBRE,12,NO,CONDUCIR VEHICULO SUPERANDO LOS LIMITES MAXIMOS DE VELOCIDAD.,ESTRELLAMIENTOS,AUTOMOVIL,1,0,0,0,0,0,0,0,0,0,0,0,0,1,33,MUJER,ILESO,CONDUCTOR PRESENTE,NO,NO,1
32608,138204,138205,2022,3,0,-0.090919,-78.431231,PICHINCHA,QUITO,CALDERON (CARAPUNGO),RURAL,2022-12-18,01:50:00,1,DOMINGO,7,DICIEMBRE,12,NO,"PEATON TRANSITA BAJO INFLUENCIA DE ALCOHOL, SUSTANCIAS ESTUPEFACIENTES O PSICOTROPICAS Y/O MEDICAMENTOS.",ATROPELLOS,MOTOCICLETA,0,0,0,0,0,0,0,0,1,0,0,0,0,1,43,HOMBRE,LESIONADO,CONDUCTOR PRESENTE,NO,NO,3
32609,138205,138206,2022,0,0,-0.211717,-78.462926,PICHINCHA,QUITO,QUITO,URBANA,2022-12-18,01:50:00,1,DOMINGO,7,DICIEMBRE,12,NO,CONDUCIR VEHICULO SUPERANDO LOS LIMITES MAXIMOS DE VELOCIDAD.,ESTRELLAMIENTOS,AUTOMOVIL,1,0,0,0,0,0,0,0,0,0,0,0,0,1,-1,NO IDENTIFICADO,NO IDENTIFICADO,CONDUCTOR AUSENTE,NO,NO,2
32610,138206,138207,2022,0,1,-0.149761,-78.467192,PICHINCHA,QUITO,QUITO,URBANA,2022-12-18,02:00:00,2,DOMINGO,7,DICIEMBRE,12,NO,CONDUCIR VEHICULO SUPERANDO LOS LIMITES MAXIMOS DE VELOCIDAD.,PERDIDA DE CARRIL,MOTOCICLETA,0,0,0,0,0,0,0,0,1,0,0,0,0,1,42,HOMBRE,FALLECIDO,CONDUCTOR PRESENTE,NO,NO,1
32611,138208,138209,2022,1,0,-0.105512,-78.497458,PICHINCHA,QUITO,QUITO,URBANA,2022-12-18,02:15:00,2,DOMINGO,7,DICIEMBRE,12,NO,"NO RESPETAR LAS SENIALES REGLAMENTARIAS DE TRANSITO. (PARE, CEDA EL PASO, LUZ ROJA DEL SEMAFORO, ETC).",CHOQUE LATERAL,MOTOCICLETA,0,0,0,0,1,0,0,0,1,0,0,0,0,2,30,HOMBRE,LESIONADO,CONDUCTOR PRESENTE,NO,NO,1
32612,138209,138210,2022,0,0,-0.329804,-78.550481,PICHINCHA,QUITO,QUITO,URBANA,2022-12-18,02:30:00,2,DOMINGO,7,DICIEMBRE,12,NO,CONDUCIR VEHICULO SUPERANDO LOS LIMITES MAXIMOS DE VELOCIDAD.,ESTRELLAMIENTOS,AUTOMOVIL,1,0,0,0,0,0,0,0,0,0,0,0,0,1,-1,NO IDENTIFICADO,NO IDENTIFICADO,CONDUCTOR AUSENTE,NO,NO,2
32613,138210,138211,2022,0,0,0.045428,-78.225801,PICHINCHA,PEDRO MONCAYO,TABACUNDO,RURAL,2022-12-18,02:30:00,2,DOMINGO,7,DICIEMBRE,12,NO,"CONDUCIR DESATENTO A LAS CONDICIONES DE TRANSITO (CELULAR, PANTALLAS DE VIDEO, COMIDA, MAQUILLAJE O CUALQUIER OTRO ELEMENTO DISTRACTOR).",ROZAMIENTOS,AUTOMOVIL,2,0,0,0,0,0,0,0,0,0,0,0,0,2,-1,NO IDENTIFICADO,NO IDENTIFICADO,CONDUCTOR AUSENTE,NO,NO,2
32614,138215,138216,2022,2,0,-0.270178,-78.507956,PICHINCHA,QUITO,QUITO,URBANA,2022-12-18,03:10:00,3,DOMINGO,7,DICIEMBRE,12,NO,CONDUCIR VEHICULO SUPERANDO LOS LIMITES MAXIMOS DE VELOCIDAD.,PERDIDA DE CARRIL,MOTOCICLETA,0,0,0,0,0,0,0,0,1,0,0,0,0,1,34,HOMBRE,LESIONADO,PASAJERO,SI,NO,1
32615,138219,138220,2022,1,0,-0.259901,-78.503401,PICHINCHA,QUITO,QUITO,URBANA,2022-12-18,03:33:00,3,DOMINGO,7,DICIEMBRE,12,NO,CONDUCIR VEHICULO SUPERANDO LOS LIMITES MAXIMOS DE VELOCIDAD.,VOLCAMIENTOS,MOTOCICLETA,0,0,0,0,0,0,0,0,1,0,0,0,0,1,28,HOMBRE,LESIONADO,CONDUCTOR PRESENTE,NO,NO,1
32616,138221,138222,2022,0,0,-0.198189,-78.495951,PICHINCHA,QUITO,QUITO,URBANA,2022-12-18,03:50:00,3,DOMINGO,7,DICIEMBRE,12,NO,CONDUCIR VEHICULO SUPERANDO LOS LIMITES MAXIMOS DE VELOCIDAD.,ESTRELLAMIENTOS,AUTOMOVIL,1,0,0,0,0,0,0,0,0,0,0,0,0,1,-1,NO IDENTIFICADO,NO IDENTIFICADO,CONDUCTOR AUSENTE,NO,NO,2
32617,138222,138223,2022,0,0,-0.191388,-78.481753,PICHINCHA,QUITO,QUITO,URBANA,2022-12-18,03:55:00,3,DOMINGO,7,DICIEMBRE,12,NO,CONDUCIR VEHICULO SUPERANDO LOS LIMITES MAXIMOS DE VELOCIDAD.,ESTRELLAMIENTOS,CAMIONETA,0,0,0,0,1,0,0,0,0,0,0,0,0,1,-1,NO IDENTIFICADO,NO IDENTIFICADO,CONDUCTOR AUSENTE,NO,NO,2
32618,138224,138225,2022,1,0,-0.209527,-78.366028,PICHINCHA,QUITO,PUEMBO,RURAL,2022-12-18,04:30:00,4,DOMINGO,7,DICIEMBRE,12,NO,CONDUCIR VEHICULO SUPERANDO LOS LIMITES MAXIMOS DE VELOCIDAD.,OTROS,AUTOMOVIL,2,0,0,0,0,0,0,0,0,0,0,0,0,2,34,HOMBRE,LESIONADO,CONDUCTOR PRESENTE,NO,NO,3
32619,138226,138227,2022,0,0,0.009482,-78.440186,PICHINCHA,QUITO,SAN ANTONIO (QUITO),RURAL,2022-12-18,05:00:00,5,DOMINGO,7,DICIEMBRE,12,NO,CONDUCIR VEHICULO SUPERANDO LOS LIMITES MAXIMOS DE VELOCIDAD.,CHOQUE LATERAL,CAMIONETA,0,0,0,0,2,0,0,0,0,0,0,0,0,2,60,HOMBRE,ILESO,CONDUCTOR PRESENTE,NO,NO,3
32620,138227,138228,2022,2,1,-0.242433,-78.498079,PICHINCHA,QUITO,QUITO,URBANA,2022-12-18,05:00:00,5,DOMINGO,7,DICIEMBRE,12,NO,CONDUCIR VEHICULO SUPERANDO LOS LIMITES MAXIMOS DE VELOCIDAD.,ESTRELLAMIENTOS,FURGONETA,0,0,0,0,1,0,0,1,0,0,0,0,0,2,29,HOMBRE,FALLECIDO,PEATON,NO,NO,1
32621,138231,138232,2022,0,0,-0.256601,-78.529601,PICHINCHA,QUITO,QUITO,URBANA,2022-12-18,05:30:00,5,DOMINGO,7,DICIEMBRE,12,NO,CONDUCIR VEHICULO SUPERANDO LOS LIMITES MAXIMOS DE VELOCIDAD.,ESTRELLAMIENTOS,AUTOMOVIL,1,0,0,0,0,0,0,0,0,0,0,0,0,1,-1,NO IDENTIFICADO,NO IDENTIFICADO,CONDUCTOR AUSENTE,NO,NO,2
32622,138233,138234,2022,1,0,-0.153402,-78.484635,PICHINCHA,QUITO,QUITO,URBANA,2022-12-18,06:00:00,6,DOMINGO,7,DICIEMBRE,12,NO,"NO RESPETAR LAS SENIALES REGLAMENTARIAS DE TRANSITO. (PARE, CEDA EL PASO, LUZ ROJA DEL SEMAFORO, ETC).",CHOQUE POSTERIOR,AUTOMOVIL,2,0,0,0,0,0,0,0,0,0,0,0,0,2,20,HOMBRE,LESIONADO,PASAJERO,NO,NO,1
32623,138251,138252,2022,2,0,-0.327619,-78.567285,PICHINCHA,QUITO,QUITO,URBANA,2022-12-18,13:10:00,13,DOMINGO,7,DICIEMBRE,12,NO,NO CEDER EL DERECHO DE VIA O PREFERENCIA DE PASO AL PEATON.,ATROPELLOS,AUTOMOVIL,1,0,0,0,0,0,0,0,0,0,0,0,0,1,29,MUJER,LESIONADO,PEATON,NO,NO,1
32624,138260,138261,2022,2,0,-0.203263,-78.510825,PICHINCHA,QUITO,QUITO,URBANA,2022-12-18,15:40:00,15,DOMINGO,7,DICIEMBRE,12,NO,CONDUCIR VEHICULO SUPERANDO LOS LIMITES MAXIMOS DE VELOCIDAD.,ESTRELLAMIENTOS,AUTOMOVIL,1,0,0,0,0,0,0,0,0,0,0,0,0,1,44,HOMBRE,LESIONADO,CONDUCTOR PRESENTE,NO,NO,1
32625,138264,138265,2022,0,0,-0.235284,-78.471725,PICHINCHA,QUITO,QUITO,URBANA,2022-12-18,16:10:00,16,DOMINGO,7,DICIEMBRE,12,NO,"CONDICIONES AMBIENTALES Y/O ATMOSFERICAS (NIEBLA, NEBLINA, GRANIZO, LLUVIA).",PERDIDA DE CARRIL,AUTOMOVIL,1,0,0,0,0,0,0,0,0,0,0,0,0,1,22,HOMBRE,ILESO,CONDUCTOR PRESENTE,NO,NO,1
32626,138265,138266,2022,8,0,0.056621,-78.680963,PICHINCHA,QUITO,NANEGALITO,URBANA,2022-12-18,16:30:00,16,DOMINGO,7,DICIEMBRE,12,NO,MALAS CONDICIONES DE LA VIA Y/O CONFIGURACION. (ILUMINACION Y DISENIO).,CHOQUE FRONTAL,CAMIONETA,0,0,0,0,1,0,0,0,0,0,0,0,1,2,10,MUJER,LESIONADO,PASAJERO,NO,SI,1
32627,138271,138272,2022,0,0,-0.317679,-78.450413,PICHINCHA,RUMINIAHUI,SANGOLQUI,URBANA,2022-12-18,17:30:00,17,DOMINGO,7,DICIEMBRE,12,NO,"CONDUCIR DESATENTO A LAS CONDICIONES DE TRANSITO (CELULAR, PANTALLAS DE VIDEO, COMIDA, MAQUILLAJE O CUALQUIER OTRO ELEMENTO DISTRACTOR).",CHOQUE LATERAL,VEHICULO DEPORTIVO UTILITARIO,0,0,0,0,0,0,0,0,0,0,0,0,2,2,67,HOMBRE,ILESO,CONDUCTOR PRESENTE,NO,SI,1
32628,138282,138283,2022,1,0,-0.279944,-78.557383,PICHINCHA,QUITO,QUITO,URBANA,2022-12-18,19:30:00,19,DOMINGO,7,DICIEMBRE,12,NO,"CONDUCE BAJO LA INFLUENCIA DE ALCOHOL, SUSTANCIAS ESTUPEFACIENTES O PSICOTROPICAS Y/O MEDICAMENTOS.",ATROPELLOS,AUTOMOVIL,2,0,0,0,0,0,0,0,0,0,0,0,0,2,33,HOMBRE,LESIONADO,PEATON,NO,NO,1
32629,138283,138284,2022,1,0,-0.102015,-78.312406,PICHINCHA,QUITO,EL QUINCHE,RURAL,2022-12-18,19:50:00,19,DOMINGO,7,DICIEMBRE,12,NO,CONDUCIR EN SENTIDO CONTRARIO A LA VIA NORMAL DE CIRCULACION.,CHOQUE FRONTAL,MOTOCICLETA,1,0,0,0,0,0,0,0,1,0,0,0,0,2,-1,NO IDENTIFICADO,NO IDENTIFICADO,CONDUCTOR AUSENTE,NO,SI,3
32630,138292,138293,2022,0,0,-0.101294,-78.448089,PICHINCHA,QUITO,CALDERON (CARAPUNGO),RURAL,2022-12-18,21:45:00,21,DOMINGO,7,DICIEMBRE,12,NO,"NO RESPETAR LAS SENIALES REGLAMENTARIAS DE TRANSITO. (PARE, CEDA EL PASO, LUZ ROJA DEL SEMAFORO, ETC).",CHOQUE LATERAL,AUTOMOVIL,2,0,0,0,0,0,0,0,0,0,0,0,0,2,50,HOMBRE,ILESO,PASAJERO,NO,NO,3
32631,138298,138299,2022,0,1,-0.270501,-78.488531,PICHINCHA,QUITO,CONOCOTO,RURAL,2022-12-18,23:10:00,23,DOMINGO,7,DICIEMBRE,12,NO,NO CEDER EL DERECHO DE VIA O PREFERENCIA DE PASO AL PEATON.,ATROPELLOS,NO IDENTIFICADO,0,0,0,0,0,0,0,0,0,1,0,0,0,1,50,HOMBRE,ILESO,CONDUCTOR PRESENTE,NO,SI,3
32632,138312,138313,2022,0,1,-0.051246,-78.306612,PICHINCHA,QUITO,GUAYLLABAMBA,RURAL,2022-12-19,05:50:00,5,LUNES,1,DICIEMBRE,12,NO,"CONDUCIR DESATENTO A LAS CONDICIONES DE TRANSITO (CELULAR, PANTALLAS DE VIDEO, COMIDA, MAQUILLAJE O CUALQUIER OTRO ELEMENTO DISTRACTOR).",ATROPELLOS,NO IDENTIFICADO,0,0,0,0,0,0,0,0,0,1,0,0,0,1,-1,NO IDENTIFICADO,NO IDENTIFICADO,CONDUCTOR AUSENTE,NO,SI,3
32633,138326,138327,2022,0,0,-0.234842,-78.503071,PICHINCHA,QUITO,QUITO,URBANA,2022-12-19,16:10:00,16,LUNES,1,DICIEMBRE,12,NO,"CONDUCE BAJO LA INFLUENCIA DE ALCOHOL, SUSTANCIAS ESTUPEFACIENTES O PSICOTROPICAS Y/O MEDICAMENTOS.",CHOQUE LATERAL,AUTOMOVIL,2,0,0,0,0,0,0,0,0,0,0,0,0,2,32,HOMBRE,ILESO,CONDUCTOR PRESENTE,NO,NO,1
32634,138329,138330,2022,1,0,-0.208104,-78.503309,PICHINCHA,QUITO,QUITO,URBANA,2022-12-19,16:30:00,16,LUNES,1,DICIEMBRE,12,NO,"NO RESPETAR LAS SENIALES REGLAMENTARIAS DE TRANSITO. (PARE, CEDA EL PASO, LUZ ROJA DEL SEMAFORO, ETC).",CHOQUE LATERAL,MOTOCICLETA,1,0,0,0,0,0,0,0,1,0,0,0,0,2,33,HOMBRE,LESIONADO,CONDUCTOR PRESENTE,SI,NO,1
32635,138330,138331,2022,0,0,-0.055467,-78.424209,PICHINCHA,QUITO,CALDERON (CARAPUNGO),RURAL,2022-12-19,17:05:00,17,LUNES,1,DICIEMBRE,12,NO,"NO RESPETAR LAS SENIALES REGLAMENTARIAS DE TRANSITO. (PARE, CEDA EL PASO, LUZ ROJA DEL SEMAFORO, ETC).",OTROS,AUTOMOVIL,2,0,0,0,0,0,0,0,0,0,0,0,0,2,51,HOMBRE,ILESO,CONDUCTOR PRESENTE,NO,NO,3
32636,138333,138334,2022,0,1,-0.078719,-78.444262,PICHINCHA,QUITO,CALDERON (CARAPUNGO),RURAL,2022-12-19,17:40:00,17,LUNES,1,DICIEMBRE,12,NO,CONDUCIR VEHICULO SUPERANDO LOS LIMITES MAXIMOS DE VELOCIDAD.,PERDIDA DE CARRIL,BICICLETA,0,1,0,0,0,0,0,0,0,0,0,0,0,1,29,HOMBRE,FALLECIDO,CONDUCTOR PRESENTE,NO,NO,3
32637,138345,138346,2022,0,0,-0.086691,-78.502658,PICHINCHA,QUITO,QUITO,URBANA,2022-12-20,05:00:00,5,MARTES,2,DICIEMBRE,12,NO,CONDUCIR VEHICULO SUPERANDO LOS LIMITES MAXIMOS DE VELOCIDAD.,ESTRELLAMIENTOS,BUS,0,0,1,0,0,0,0,0,0,0,0,0,0,1,-1,NO IDENTIFICADO,NO IDENTIFICADO,CONDUCTOR AUSENTE,NO,NO,2
32638,138346,138347,2022,0,0,-0.105414,-78.491974,PICHINCHA,QUITO,QUITO,URBANA,2022-12-20,05:40:00,5,MARTES,2,DICIEMBRE,12,NO,CONDUCIR VEHICULO SUPERANDO LOS LIMITES MAXIMOS DE VELOCIDAD.,ESTRELLAMIENTOS,CAMIONETA,0,0,0,0,1,0,0,0,0,0,0,0,0,1,38,MUJER,ILESO,CONDUCTOR PRESENTE,NO,NO,1
32639,138351,138352,2022,0,0,-0.195761,-78.495064,PICHINCHA,QUITO,QUITO,URBANA,2022-12-20,07:35:00,7,MARTES,2,DICIEMBRE,12,NO,"NO RESPETAR LAS SENIALES REGLAMENTARIAS DE TRANSITO. (PARE, CEDA EL PASO, LUZ ROJA DEL SEMAFORO, ETC).",CHOQUE LATERAL,AUTOMOVIL,2,0,0,0,0,0,0,0,0,0,0,0,0,2,24,HOMBRE,ILESO,CONDUCTOR PRESENTE,NO,NO,1
32640,138356,138357,2022,0,0,-0.153103,-78.476698,PICHINCHA,QUITO,QUITO,URBANA,2022-12-20,08:30:00,8,MARTES,2,DICIEMBRE,12,NO,"NO RESPETAR LAS SENIALES REGLAMENTARIAS DE TRANSITO. (PARE, CEDA EL PASO, LUZ ROJA DEL SEMAFORO, ETC).",CHOQUE LATERAL,CAMION,1,0,0,1,0,0,0,0,0,0,0,0,0,2,46,HOMBRE,ILESO,CONDUCTOR PRESENTE,NO,SI,1
32641,138357,138358,2022,2,0,-0.214273,-78.360235,PICHINCHA,QUITO,PUEMBO,RURAL,2022-12-20,08:55:00,8,MARTES,2,DICIEMBRE,12,NO,NO MANTENER LA DISTANCIA PRUDENCIAL CON RESPECTO AL VEHICULO QUE LE ANTECEDE.,CHOQUE POSTERIOR,MOTOCICLETA,0,0,0,0,1,0,0,0,1,0,0,0,0,2,21,HOMBRE,LESIONADO,CONDUCTOR PRESENTE,SI,NO,3
32642,138362,138363,2022,0,0,-0.224999,-78.408731,PICHINCHA,QUITO,TUMBACO,RURAL,2022-12-20,11:13:00,11,MARTES,2,DICIEMBRE,12,NO,CONDUCIR VEHICULO SUPERANDO LOS LIMITES MAXIMOS DE VELOCIDAD.,ESTRELLAMIENTOS,CAMIONETA,0,0,0,0,1,0,0,0,0,0,0,0,0,1,34,HOMBRE,ILESO,PASAJERO,NO,SI,3
32643,138364,138365,2022,0,0,-0.294691,-78.476281,PICHINCHA,QUITO,CONOCOTO,RURAL,2022-12-20,11:55:00,11,MARTES,2,DICIEMBRE,12,NO,"NO RESPETAR LAS SENIALES REGLAMENTARIAS DE TRANSITO. (PARE, CEDA EL PASO, LUZ ROJA DEL SEMAFORO, ETC).",CHOQUE LATERAL,CAMIONETA,1,0,0,0,1,0,0,0,0,0,0,0,0,2,65,HOMBRE,ILESO,CONDUCTOR PRESENTE,NO,NO,3
32644,138366,138367,2022,1,0,-0.247828,-78.507758,PICHINCHA,QUITO,QUITO,URBANA,2022-12-20,12:05:00,12,MARTES,2,DICIEMBRE,12,NO,NO GUARDAR LA DISTANCIA LATERAL MINIMA DE SEGURIDAD ENTRE VEHICULOS.,ROZAMIENTOS,CAMION,0,0,0,1,0,0,0,0,0,1,0,0,0,2,39,HOMBRE,LESIONADO,CONDUCTOR PRESENTE,NO,NO,1
32645,138376,138377,2022,0,0,-0.045667,-78.285498,PICHINCHA,CAYAMBE,SANTA ROSA DE CUZUBAMBA,RURAL,2022-12-20,15:00:00,15,MARTES,2,DICIEMBRE,12,NO,"CONDUCIR DESATENTO A LAS CONDICIONES DE TRANSITO (CELULAR, PANTALLAS DE VIDEO, COMIDA, MAQUILLAJE O CUALQUIER OTRO ELEMENTO DISTRACTOR).",CHOQUE LATERAL,CAMION,1,0,0,1,0,0,0,0,1,0,0,0,0,3,46,HOMBRE,ILESO,CONDUCTOR PRESENTE,NO,SI,3
32646,138377,138378,2022,0,0,-0.214077,-78.360018,PICHINCHA,QUITO,PUEMBO,RURAL,2022-12-20,15:10:00,15,MARTES,2,DICIEMBRE,12,NO,NO MANTENER LA DISTANCIA PRUDENCIAL CON RESPECTO AL VEHICULO QUE LE ANTECEDE.,COLISION,AUTOMOVIL,3,0,0,0,0,0,0,0,0,0,0,0,0,3,15,HOMBRE,ILESO,PASAJERO,NO,NO,3
32647,138378,138379,2022,0,0,-0.194927,-78.429535,PICHINCHA,QUITO,CUMBAYA,RURAL,2022-12-20,15:45:00,15,MARTES,2,DICIEMBRE,12,NO,CONDUCIR VEHICULO SUPERANDO LOS LIMITES MAXIMOS DE VELOCIDAD.,ESTRELLAMIENTOS,AUTOMOVIL,1,0,0,0,0,0,0,0,0,0,0,0,0,1,-1,NO IDENTIFICADO,NO IDENTIFICADO,CONDUCTOR AUSENTE,NO,NO,2
32648,138380,138381,2022,0,0,-0.270193,-78.507791,PICHINCHA,QUITO,QUITO,URBANA,2022-12-20,16:25:00,16,MARTES,2,DICIEMBRE,12,NO,CONDUCIR VEHICULO SUPERANDO LOS LIMITES MAXIMOS DE VELOCIDAD.,ESTRELLAMIENTOS,CAMION,0,0,0,1,0,0,0,0,0,0,0,0,0,1,40,HOMBRE,ILESO,CONDUCTOR PRESENTE,NO,NO,1
32649,138387,138388,2022,0,1,-0.435412,-78.777904,PICHINCHA,MEJIA,MANUEL CORNEJO ASTORGA,RURAL,2022-12-20,17:30:00,17,MARTES,2,DICIEMBRE,12,NO,"CONDUCIR DESATENTO A LAS CONDICIONES DE TRANSITO (CELULAR, PANTALLAS DE VIDEO, COMIDA, MAQUILLAJE O CUALQUIER OTRO ELEMENTO DISTRACTOR).",PERDIDA DE CARRIL,AUTOMOVIL,1,0,0,0,0,0,0,0,0,0,0,0,0,1,40,HOMBRE,FALLECIDO,CONDUCTOR PRESENTE,NO,NO,3