,Unnamed: 0,ID,ANIO,LESIONADOS,FALLECIDOS,LATITUD_Y,LONGITUD_X,PROVINCIA,CANTON,PARROQUIA,ZONA,FECHA,HORA,PERIODO_2,DIA_1,DIA_2,MES_1,MES_2,FERIADO,CAUSA_PROBABLE,TIPO_DE_SINIESTRO,TIPO_DE_VEHICULO_1,AUTOMOVIL,BICICLETA,BUS,CAMION,CAMIONETA,EMERGENCIAS,ESPECIAL,FURGONETA,MOTOCICLETA,NO_IDENTIFICADO,SCOOTER_ELECTRICO,TRICIMOTO,VEHICULO_DEPORTIVO_UTILITARIO,SUMA_DE_VEHICULOS,EDAD_1,SEXO_1,CONDICION_1,PARTICIPANTE_1,CASCO_1,CINTURON_1,KMeans_Cluster
32650,138391,138392,2022,0,0,-0.187288,-78.335967,PICHINCHA,QUITO,TABABELA,RURAL,2022-12-20,19:30:00,19,MARTES,2,DICIEMBRE,12,NO,"CONDUCIR DESATENTO A LAS CONDICIONES DE TRANSITO (CELULAR, PANTALLAS DE VIDEO, COMIDA, MAQUILLAJE O CUALQUIER OTRO ELEMENTO DISTRACTOR).",CHOQUE POSTERIOR,MOTOCICLETA,1,0,0,0,0,0,0,0,1,0,0,0,0,2,46,HOMBRE,ILESO,CONDUCTOR PRESENTE,NO,SI,3
32651,138402,138403,2022,1,0,-0.144255,-78.469552,PICHINCHA,QUITO,QUITO,URBANA,2022-12-21,00:50:00,0,MIERCOLES,3,DICIEMBRE,12,NO,"CONDUCE BAJO LA INFLUENCIA DE ALCOHOL, SUSTANCIAS ESTUPEFACIENTES O PSICOTROPICAS Y/O MEDICAMENTOS.",CHOQUE LATERAL,AUTOMOVIL,2,0,0,0,0,0,0,0,0,0,0,0,0,2,32,HOMBRE,LESIONADO,CONDUCTOR PRESENTE,NO,NO,1
32652,138403,138404,2022,0,0,-0.208823,-78.365776,PICHINCHA,QUITO,PUEMBO,RURAL,2022-12-21,01:20:00,1,MIERCOLES,3,DICIEMBRE,12,NO,"NO RESPETAR LAS SENIALES REGLAMENTARIAS DE TRANSITO. (PARE, CEDA EL PASO, LUZ ROJA DEL SEMAFORO, ETC).",ESTRELLAMIENTOS,AUTOMOVIL,1,0,0,0,0,0,0,0,0,0,0,0,0,1,35,HOMBRE,ILESO,CONDUCTOR PRESENTE,NO,NO,3
32653,138405,138406,2022,0,0,-0.245496,-78.520911,PICHINCHA,QUITO,QUITO,URBANA,2022-12-21,06:40:00,6,MIERCOLES,3,DICIEMBRE,12,NO,"NO RESPETAR LAS SENIALES REGLAMENTARIAS DE TRANSITO. (PARE, CEDA EL PASO, LUZ ROJA DEL SEMAFORO, ETC).",CHOQUE LATERAL,FURGONETA,0,0,0,0,1,0,0,1,0,0,0,0,0,2,56,HOMBRE,ILESO,CONDUCTOR PRESENTE,NO,NO,1
32654,138407,138408,2022,2,0,-0.320658,-78.549475,PICHINCHA,QUITO,QUITO,URBANA,2022-12-21,06:50:00,6,MIERCOLES,3,DICIEMBRE,12,NO,"NO RESPETAR LAS SENIALES REGLAMENTARIAS DE TRANSITO. (PARE, CEDA EL PASO, LUZ ROJA DEL SEMAFORO, ETC).",CHOQUE LATERAL,CAMION,0,0,0,1,0,0,0,0,1,0,0,0,0,2,25,HOMBRE,LESIONADO,CONDUCTOR PRESENTE,SI,NO,1
32655,138415,138416,2022,0,0,-0.107631,-78.447104,PICHINCHA,QUITO,CALDERON (CARAPUNGO),RURAL,2022-12-21,09:30:00,9,MIERCOLES,3,DICIEMBRE,12,NO,"NO RESPETAR LAS SENIALES REGLAMENTARIAS DE TRANSITO. (PARE, CEDA EL PASO, LUZ ROJA DEL SEMAFORO, ETC).",CHOQUE LATERAL,AUTOMOVIL,2,0,0,0,0,0,0,0,0,0,0,0,0,2,72,HOMBRE,ILESO,CONDUCTOR PRESENTE,NO,NO,3
32656,138426,138427,2022,1,0,-0.291778,-78.522362,PICHINCHA,QUITO,QUITO,URBANA,2022-12-21,13:00:00,13,MIERCOLES,3,DICIEMBRE,12,NO,NO TRANSITAR POR LAS ACERAS O ZONAS DE SEGURIDAD DESTINADAS PARA EL EFECTO.,ATROPELLOS,MOTOCICLETA,0,0,0,0,0,0,0,0,1,0,0,0,0,1,9,HOMBRE,LESIONADO,PEATON,NO,NO,1
32657,138434,138435,2022,0,0,-0.318605,-78.442168,PICHINCHA,RUMINIAHUI,SANGOLQUI,RURAL,2022-12-21,14:00:00,14,MIERCOLES,3,DICIEMBRE,12,NO,"CONDUCIR DESATENTO A LAS CONDICIONES DE TRANSITO (CELULAR, PANTALLAS DE VIDEO, COMIDA, MAQUILLAJE O CUALQUIER OTRO ELEMENTO DISTRACTOR).",ROZAMIENTOS,BUS,0,0,1,0,1,0,0,0,0,0,0,0,0,2,44,MUJER,ILESO,CONDUCTOR PRESENTE,NO,SI,3
32658,138438,138439,2022,0,1,-0.144356,-78.481392,PICHINCHA,QUITO,QUITO,URBANA,2022-12-21,16:05:00,16,MIERCOLES,3,DICIEMBRE,12,NO,NO TRANSITAR POR LAS ACERAS O ZONAS DE SEGURIDAD DESTINADAS PARA EL EFECTO.,ATROPELLOS,BUS,0,0,1,0,0,0,0,0,0,0,0,0,0,1,34,MUJER,FALLECIDO,PEATON,NO,NO,1
32659,138441,138442,2022,0,0,-0.270441,-78.528566,PICHINCHA,QUITO,QUITO,URBANA,2022-12-21,16:30:00,16,MIERCOLES,3,DICIEMBRE,12,NO,"CONDUCE BAJO LA INFLUENCIA DE ALCOHOL, SUSTANCIAS ESTUPEFACIENTES O PSICOTROPICAS Y/O MEDICAMENTOS.",CHOQUE POSTERIOR,AUTOMOVIL,2,0,0,0,0,0,0,0,0,0,0,0,0,2,52,HOMBRE,ILESO,CONDUCTOR PRESENTE,NO,NO,1
32660,138462,138463,2022,1,0,-0.307274,-78.543909,PICHINCHA,QUITO,QUITO,URBANA,2022-12-22,01:15:00,1,JUEVES,4,DICIEMBRE,12,NO,"NO RESPETAR LAS SENIALES REGLAMENTARIAS DE TRANSITO. (PARE, CEDA EL PASO, LUZ ROJA DEL SEMAFORO, ETC).",CHOQUE LATERAL,MOTOCICLETA,0,0,0,0,0,0,0,0,2,0,0,0,0,2,30,HOMBRE,LESIONADO,CONDUCTOR PRESENTE,SI,NO,1
32661,138463,138464,2022,0,0,-0.141306,-78.492717,PICHINCHA,QUITO,QUITO,URBANA,2022-12-22,02:00:00,2,JUEVES,4,DICIEMBRE,12,NO,"NO RESPETAR LAS SENIALES REGLAMENTARIAS DE TRANSITO. (PARE, CEDA EL PASO, LUZ ROJA DEL SEMAFORO, ETC).",OTROS,AUTOMOVIL,2,0,0,0,0,0,0,0,0,0,0,0,0,2,53,HOMBRE,ILESO,CONDUCTOR PRESENTE,NO,NO,1
32662,138465,138466,2022,0,0,-0.102051,-78.492002,PICHINCHA,QUITO,QUITO,URBANA,2022-12-22,03:21:00,3,JUEVES,4,DICIEMBRE,12,NO,CONDUCIR VEHICULO SUPERANDO LOS LIMITES MAXIMOS DE VELOCIDAD.,OTROS,AUTOMOVIL,1,0,0,0,0,0,0,0,0,0,0,0,0,1,-1,NO IDENTIFICADO,NO IDENTIFICADO,CONDUCTOR AUSENTE,NO,NO,2
32663,138466,138467,2022,0,0,-0.209528,-78.365854,PICHINCHA,QUITO,PUEMBO,RURAL,2022-12-22,03:30:00,3,JUEVES,4,DICIEMBRE,12,NO,CONDUCIR VEHICULO SUPERANDO LOS LIMITES MAXIMOS DE VELOCIDAD.,ESTRELLAMIENTOS,CAMIONETA,0,0,0,0,1,0,0,0,0,0,0,0,0,1,45,MUJER,ILESO,PASAJERO,NO,SI,3
32664,138467,138468,2022,1,0,-0.026066,-78.451881,PICHINCHA,QUITO,SAN ANTONIO (QUITO),URBANA,2022-12-22,06:00:00,6,JUEVES,4,DICIEMBRE,12,NO,CONDUCIR VEHICULO SUPERANDO LOS LIMITES MAXIMOS DE VELOCIDAD.,ATROPELLOS,NO IDENTIFICADO,0,0,0,0,0,0,0,0,0,1,0,0,0,1,35,HOMBRE,ILESO,CONDUCTOR PRESENTE,NO,SI,1
32665,138468,138469,2022,0,0,-0.445001,-78.632501,PICHINCHA,MEJIA,ALOAG,RURAL,2022-12-22,06:15:00,6,JUEVES,4,DICIEMBRE,12,NO,"CONDUCIR DESATENTO A LAS CONDICIONES DE TRANSITO (CELULAR, PANTALLAS DE VIDEO, COMIDA, MAQUILLAJE O CUALQUIER OTRO ELEMENTO DISTRACTOR).",PERDIDA DE CARRIL,CAMION,0,0,0,1,0,0,0,0,0,0,0,0,0,1,36,HOMBRE,ILESO,CONDUCTOR PRESENTE,NO,NO,3
32666,138472,138473,2022,1,0,-0.369943,-78.480819,PICHINCHA,QUITO,AMAGUANIA,RURAL,2022-12-22,08:05:00,8,JUEVES,4,DICIEMBRE,12,NO,"CONDUCIR DESATENTO A LAS CONDICIONES DE TRANSITO (CELULAR, PANTALLAS DE VIDEO, COMIDA, MAQUILLAJE O CUALQUIER OTRO ELEMENTO DISTRACTOR).",CHOQUE LATERAL,MOTOCICLETA,1,0,0,0,0,0,0,0,1,0,0,0,0,2,30,HOMBRE,ILESO,CONDUCTOR PRESENTE,NO,SI,3
32667,138475,138476,2022,2,0,-0.308423,-78.544734,PICHINCHA,QUITO,QUITO,URBANA,2022-12-22,10:45:00,10,JUEVES,4,DICIEMBRE,12,NO,"CONDUCE BAJO LA INFLUENCIA DE ALCOHOL, SUSTANCIAS ESTUPEFACIENTES O PSICOTROPICAS Y/O MEDICAMENTOS.",CHOQUE LATERAL,BUS,0,0,1,0,0,0,0,0,1,0,0,0,0,2,22,HOMBRE,LESIONADO,PASAJERO,SI,NO,1
32668,138476,138477,2022,0,0,-0.278389,-78.480678,PICHINCHA,QUITO,CONOCOTO,RURAL,2022-12-22,11:00:00,11,JUEVES,4,DICIEMBRE,12,NO,CONDUCIR VEHICULO SUPERANDO LOS LIMITES MAXIMOS DE VELOCIDAD.,OTROS,MOTOCICLETA,0,0,0,0,0,0,0,0,1,0,0,0,0,1,-1,NO IDENTIFICADO,NO IDENTIFICADO,CONDUCTOR AUSENTE,NO,NO,2
32669,138485,138486,2022,0,0,-0.189993,-78.484604,PICHINCHA,QUITO,QUITO,URBANA,2022-12-22,14:20:00,14,JUEVES,4,DICIEMBRE,12,NO,"NO RESPETAR LAS SENIALES REGLAMENTARIAS DE TRANSITO. (PARE, CEDA EL PASO, LUZ ROJA DEL SEMAFORO, ETC).",CHOQUE LATERAL,AUTOMOVIL,2,0,0,0,0,0,0,0,0,0,0,0,0,2,24,HOMBRE,ILESO,CONDUCTOR PRESENTE,NO,NO,1
32670,138487,138488,2022,1,0,-0.321713,-78.448948,PICHINCHA,RUMINIAHUI,SANGOLQUI,URBANA,2022-12-22,16:00:00,16,JUEVES,4,DICIEMBRE,12,NO,"CONDUCIR DESATENTO A LAS CONDICIONES DE TRANSITO (CELULAR, PANTALLAS DE VIDEO, COMIDA, MAQUILLAJE O CUALQUIER OTRO ELEMENTO DISTRACTOR).",CHOQUE FRONTAL,MOTOCICLETA,0,0,0,0,0,0,0,0,1,0,0,0,0,1,44,HOMBRE,LESIONADO,CONDUCTOR PRESENTE,NO,SI,1
32671,138503,138504,2022,0,0,-0.171147,-78.490634,PICHINCHA,QUITO,QUITO,URBANA,2022-12-22,19:45:00,19,JUEVES,4,DICIEMBRE,12,NO,"NO RESPETAR LAS SENIALES REGLAMENTARIAS DE TRANSITO. (PARE, CEDA EL PASO, LUZ ROJA DEL SEMAFORO, ETC).",CHOQUE LATERAL,AUTOMOVIL,2,0,0,0,0,0,0,0,0,0,0,0,0,2,34,HOMBRE,ILESO,CONDUCTOR PRESENTE,NO,SI,1
32672,138504,138505,2022,1,0,-0.426661,-78.551901,PICHINCHA,MEJIA,TAMBILLO (MEJIA),RURAL,2022-12-22,20:00:00,20,JUEVES,4,DICIEMBRE,12,NO,"NO RESPETAR LAS SENIALES REGLAMENTARIAS DE TRANSITO. (PARE, CEDA EL PASO, LUZ ROJA DEL SEMAFORO, ETC).",CHOQUE LATERAL,CAMION,2,0,0,1,0,0,0,0,0,0,0,0,0,3,43,HOMBRE,ILESO,CONDUCTOR PRESENTE,NO,SI,3
32673,138509,138510,2022,0,1,-0.308886,-78.528985,PICHINCHA,QUITO,QUITO,URBANA,2022-12-22,21:10:00,21,JUEVES,4,DICIEMBRE,12,NO,PEATON QUE CRUZA LA CALZADA SIN RESPETAR LA SENIALIZACION EXISTENTE (SEMAFOROS O SENIALES MANUALES).,ATROPELLOS,NO IDENTIFICADO,0,0,0,0,0,0,0,0,0,1,0,0,0,1,69,HOMBRE,FALLECIDO,PEATON,NO,NO,1
32674,138514,138515,2022,0,0,-0.200183,-78.496812,PICHINCHA,QUITO,QUITO,URBANA,2022-12-23,00:05:00,0,VIERNES,5,DICIEMBRE,12,NO,CONDUCIR VEHICULO SUPERANDO LOS LIMITES MAXIMOS DE VELOCIDAD.,ESTRELLAMIENTOS,AUTOMOVIL,1,0,0,0,0,0,0,0,0,0,0,0,0,1,-1,NO IDENTIFICADO,NO IDENTIFICADO,CONDUCTOR AUSENTE,NO,NO,2
32675,138519,138520,2022,0,1,-0.285468,-78.468875,PICHINCHA,QUITO,CONOCOTO,RURAL,2022-12-23,01:30:00,1,VIERNES,5,DICIEMBRE,12,NO,CONDUCIR VEHICULO SUPERANDO LOS LIMITES MAXIMOS DE VELOCIDAD.,ATROPELLOS,NO IDENTIFICADO,0,0,0,0,0,0,0,0,0,1,0,0,0,1,-1,HOMBRE,FALLECIDO,PEATON,NO,SI,3
32676,138528,138529,2022,1,0,-0.193491,-78.485085,PICHINCHA,QUITO,QUITO,URBANA,2022-12-23,03:35:00,3,VIERNES,5,DICIEMBRE,12,NO,PEATON QUE CRUZA LA CALZADA SIN RESPETAR LA SENIALIZACION EXISTENTE (SEMAFOROS O SENIALES MANUALES).,ATROPELLOS,AUTOMOVIL,1,0,0,0,0,0,0,0,0,0,0,0,0,1,32,MUJER,LESIONADO,PEATON,NO,NO,1
32677,138529,138530,2022,1,0,-0.191093,-78.480868,PICHINCHA,QUITO,QUITO,URBANA,2022-12-23,03:50:00,3,VIERNES,5,DICIEMBRE,12,NO,CONDUCIR VEHICULO SUPERANDO LOS LIMITES MAXIMOS DE VELOCIDAD.,PERDIDA DE CARRIL,MOTOCICLETA,0,0,0,0,0,0,0,0,1,0,0,0,0,1,25,HOMBRE,LESIONADO,CONDUCTOR PRESENTE,SI,NO,1
32678,138530,138531,2022,0,0,-0.247523,-78.542448,PICHINCHA,QUITO,QUITO,URBANA,2022-12-23,04:00:00,4,VIERNES,5,DICIEMBRE,12,NO,"NO RESPETAR LAS SENIALES REGLAMENTARIAS DE TRANSITO. (PARE, CEDA EL PASO, LUZ ROJA DEL SEMAFORO, ETC).",CHOQUE LATERAL,CAMIONETA,0,0,0,0,2,0,0,0,0,0,0,0,0,2,-1,NO IDENTIFICADO,NO IDENTIFICADO,CONDUCTOR AUSENTE,NO,NO,2
32679,138542,138543,2022,1,0,-0.258476,-78.525789,PICHINCHA,QUITO,QUITO,URBANA,2022-12-23,07:40:00,7,VIERNES,5,DICIEMBRE,12,NO,NO TRANSITAR POR LAS ACERAS O ZONAS DE SEGURIDAD DESTINADAS PARA EL EFECTO.,ATROPELLOS,FURGONETA,0,0,0,0,0,0,0,1,0,0,0,0,0,1,9,HOMBRE,LESIONADO,PEATON,NO,NO,1
32680,138544,138545,2022,0,1,-0.202833,-78.334476,PICHINCHA,QUITO,YARUQUI,RURAL,2022-12-23,08:00:00,8,VIERNES,5,DICIEMBRE,12,NO,"CONDUCIR DESATENTO A LAS CONDICIONES DE TRANSITO (CELULAR, PANTALLAS DE VIDEO, COMIDA, MAQUILLAJE O CUALQUIER OTRO ELEMENTO DISTRACTOR).",ATROPELLOS,NO IDENTIFICADO,0,0,0,0,0,0,0,0,0,1,0,0,0,1,30,HOMBRE,ILESO,CONDUCTOR PRESENTE,NO,SI,3
32681,138545,138546,2022,0,0,-0.280279,-78.472501,PICHINCHA,QUITO,CONOCOTO,RURAL,2022-12-23,08:00:00,8,VIERNES,5,DICIEMBRE,12,NO,"CONDUCIR DESATENTO A LAS CONDICIONES DE TRANSITO (CELULAR, PANTALLAS DE VIDEO, COMIDA, MAQUILLAJE O CUALQUIER OTRO ELEMENTO DISTRACTOR).",COLISION,MOTOCICLETA,2,0,0,0,0,0,0,0,1,0,0,0,1,4,41,HOMBRE,ILESO,CONDUCTOR PRESENTE,NO,SI,3
32682,138546,138547,2022,2,0,-0.295001,-78.558923,PICHINCHA,QUITO,QUITO,URBANA,2022-12-23,08:10:00,8,VIERNES,5,DICIEMBRE,12,NO,PEATON QUE CRUZA LA CALZADA SIN RESPETAR LA SENIALIZACION EXISTENTE (SEMAFOROS O SENIALES MANUALES).,ATROPELLOS,MOTOCICLETA,0,0,0,0,0,0,0,0,1,0,0,0,0,1,47,HOMBRE,LESIONADO,PEATON,NO,NO,1
32683,138560,138561,2022,0,0,-0.141411,-78.482817,PICHINCHA,QUITO,QUITO,URBANA,2022-12-23,13:50:00,13,VIERNES,5,DICIEMBRE,12,SI,"NO RESPETAR LAS SENIALES REGLAMENTARIAS DE TRANSITO. (PARE, CEDA EL PASO, LUZ ROJA DEL SEMAFORO, ETC).",CHOQUE LATERAL,AUTOMOVIL,2,0,0,0,0,0,0,0,0,0,0,0,0,2,28,HOMBRE,ILESO,CONDUCTOR PRESENTE,NO,NO,1
32684,138586,138587,2022,1,0,-0.279166,-78.558711,PICHINCHA,QUITO,QUITO,URBANA,2022-12-23,20:40:00,20,VIERNES,5,DICIEMBRE,12,SI,"NO RESPETAR LAS SENIALES REGLAMENTARIAS DE TRANSITO. (PARE, CEDA EL PASO, LUZ ROJA DEL SEMAFORO, ETC).",CHOQUE LATERAL,BICICLETA,1,1,0,0,0,0,0,0,0,0,0,0,0,2,29,HOMBRE,LESIONADO,CONDUCTOR PRESENTE,NO,SI,1
32685,138592,138593,2022,0,0,-0.204688,-78.377902,PICHINCHA,QUITO,TUMBACO,RURAL,2022-12-23,21:30:00,21,VIERNES,5,DICIEMBRE,12,SI,"NO RESPETAR LAS SENIALES REGLAMENTARIAS DE TRANSITO. (PARE, CEDA EL PASO, LUZ ROJA DEL SEMAFORO, ETC).",COLISION,AUTOMOVIL,2,0,0,0,0,0,0,0,0,1,0,0,0,3,40,HOMBRE,ILESO,CONDUCTOR PRESENTE,NO,NO,3
32686,138594,138595,2022,3,1,-0.133321,-78.481935,PICHINCHA,QUITO,QUITO,URBANA,2022-12-23,21:45:00,21,VIERNES,5,DICIEMBRE,12,SI,NO MANTENER LA DISTANCIA PRUDENCIAL CON RESPECTO AL VEHICULO QUE LE ANTECEDE.,CHOQUE POSTERIOR,MOTOCICLETA,1,0,0,0,0,0,0,0,1,0,0,0,0,2,23,MUJER,FALLECIDO,PASAJERO,NO,NO,1
32687,138609,138610,2022,0,0,-0.332855,-78.444178,PICHINCHA,RUMINIAHUI,SANGOLQUI,URBANA,2022-12-24,00:40:00,0,SABADO,6,DICIEMBRE,12,SI,"CONDUCIR DESATENTO A LAS CONDICIONES DE TRANSITO (CELULAR, PANTALLAS DE VIDEO, COMIDA, MAQUILLAJE O CUALQUIER OTRO ELEMENTO DISTRACTOR).",ESTRELLAMIENTOS,VEHICULO DEPORTIVO UTILITARIO,1,0,0,0,0,0,0,0,0,0,0,0,1,2,35,HOMBRE,ILESO,CONDUCTOR PRESENTE,NO,SI,1
32688,138619,138620,2022,1,0,-0.450279,-78.760489,PICHINCHA,MEJIA,MANUEL CORNEJO ASTORGA,RURAL,2022-12-24,03:00:00,3,SABADO,6,DICIEMBRE,12,SI,"NO RESPETAR LAS SENIALES REGLAMENTARIAS DE TRANSITO. (PARE, CEDA EL PASO, LUZ ROJA DEL SEMAFORO, ETC).",CHOQUE LATERAL,BUS,0,0,1,1,0,0,0,0,0,0,0,0,0,2,-1,HOMBRE,LESIONADO,CONDUCTOR PRESENTE,NO,NO,3
32689,138620,138621,2022,2,0,-0.191843,-78.493319,PICHINCHA,QUITO,QUITO,URBANA,2022-12-24,03:10:00,3,SABADO,6,DICIEMBRE,12,SI,CONDUCIR VEHICULO SUPERANDO LOS LIMITES MAXIMOS DE VELOCIDAD.,PERDIDA DE CARRIL,MOTOCICLETA,0,0,0,0,0,0,0,0,1,0,0,0,0,1,19,HOMBRE,LESIONADO,PASAJERO,SI,NO,1
32690,138627,138628,2022,0,1,-0.127725,-78.500198,PICHINCHA,QUITO,QUITO,URBANA,2022-12-24,05:15:00,5,SABADO,6,DICIEMBRE,12,SI,"NO RESPETAR LAS SENIALES REGLAMENTARIAS DE TRANSITO. (PARE, CEDA EL PASO, LUZ ROJA DEL SEMAFORO, ETC).",CHOQUE LATERAL,MOTOCICLETA,0,0,0,0,0,0,0,0,1,1,0,0,0,2,28,HOMBRE,FALLECIDO,CONDUCTOR PRESENTE,SI,NO,1
32691,138633,138634,2022,0,0,-0.309915,-78.550295,PICHINCHA,QUITO,QUITO,URBANA,2022-12-24,06:05:00,6,SABADO,6,DICIEMBRE,12,SI,CONDUCIR VEHICULO SUPERANDO LOS LIMITES MAXIMOS DE VELOCIDAD.,OTROS,AUTOMOVIL,1,0,0,0,0,0,0,0,0,0,0,0,0,1,-1,NO IDENTIFICADO,NO IDENTIFICADO,CONDUCTOR AUSENTE,NO,NO,2
32692,138642,138643,2022,0,1,-0.211195,-78.451906,PICHINCHA,QUITO,CUMBAYA,RURAL,2022-12-24,10:10:00,10,SABADO,6,DICIEMBRE,12,SI,CONDUCIR VEHICULO SUPERANDO LOS LIMITES MAXIMOS DE VELOCIDAD.,ESTRELLAMIENTOS,CAMION,0,0,0,1,0,0,0,0,1,0,0,0,0,2,36,HOMBRE,FALLECIDO,CONDUCTOR PRESENTE,SI,NO,3
32693,138644,138645,2022,0,0,-0.338451,-78.544433,PICHINCHA,QUITO,QUITO,URBANA,2022-12-24,11:20:00,11,SABADO,6,DICIEMBRE,12,SI,"NO RESPETAR LAS SENIALES REGLAMENTARIAS DE TRANSITO. (PARE, CEDA EL PASO, LUZ ROJA DEL SEMAFORO, ETC).",CHOQUE LATERAL,CAMIONETA,1,0,0,0,1,0,0,0,0,0,0,0,0,2,39,HOMBRE,ILESO,CONDUCTOR PRESENTE,NO,NO,1
32694,138647,138648,2022,2,0,-0.119333,-78.471291,PICHINCHA,QUITO,QUITO,URBANA,2022-12-24,14:00:00,14,SABADO,6,DICIEMBRE,12,SI,CONDUCIR VEHICULO SUPERANDO LOS LIMITES MAXIMOS DE VELOCIDAD.,OTROS,CAMIONETA,1,0,0,0,1,0,0,0,0,0,0,0,0,2,49,HOMBRE,LESIONADO,CONDUCTOR PRESENTE,NO,NO,1
32695,138650,138651,2022,0,0,-0.278248,-78.559481,PICHINCHA,QUITO,QUITO,URBANA,2022-12-24,15:00:00,15,SABADO,6,DICIEMBRE,12,SI,CONDUCIR VEHICULO SUPERANDO LOS LIMITES MAXIMOS DE VELOCIDAD.,ESTRELLAMIENTOS,AUTOMOVIL,1,0,0,0,0,0,0,0,0,0,0,0,0,1,75,HOMBRE,ILESO,PASAJERO,NO,NO,1
32696,138652,138653,2022,1,0,-0.444451,-78.766786,PICHINCHA,MEJIA,MANUEL CORNEJO ASTORGA,RURAL,2022-12-24,15:10:00,15,SABADO,6,DICIEMBRE,12,SI,"CONDUCIR DESATENTO A LAS CONDICIONES DE TRANSITO (CELULAR, PANTALLAS DE VIDEO, COMIDA, MAQUILLAJE O CUALQUIER OTRO ELEMENTO DISTRACTOR).",PERDIDA DE CARRIL,MOTOCICLETA,0,0,0,0,0,0,0,0,1,0,0,0,0,1,-1,HOMBRE,LESIONADO,CONDUCTOR PRESENTE,NO,NO,3
32697,138663,138664,2022,1,0,-0.346466,-78.439244,PICHINCHA,RUMINIAHUI,SANGOLQUI,RURAL,2022-12-24,17:45:00,17,SABADO,6,DICIEMBRE,12,SI,"CONDUCIR DESATENTO A LAS CONDICIONES DE TRANSITO (CELULAR, PANTALLAS DE VIDEO, COMIDA, MAQUILLAJE O CUALQUIER OTRO ELEMENTO DISTRACTOR).",VOLCAMIENTOS,MOTOCICLETA,0,0,0,0,1,0,0,0,1,0,0,0,0,2,23,HOMBRE,LESIONADO,CONDUCTOR PRESENTE,NO,SI,3
32698,138666,138667,2022,0,1,-0.108938,-78.298267,PICHINCHA,QUITO,EL QUINCHE,RURAL,2022-12-24,18:13:00,18,SABADO,6,DICIEMBRE,12,SI,"CONDUCIR DESATENTO A LAS CONDICIONES DE TRANSITO (CELULAR, PANTALLAS DE VIDEO, COMIDA, MAQUILLAJE O CUALQUIER OTRO ELEMENTO DISTRACTOR).",ARROLLAMIENTOS,BUS,0,0,1,0,0,0,0,0,0,0,0,0,0,1,-1,NO IDENTIFICADO,NO IDENTIFICADO,CONDUCTOR AUSENTE,NO,SI,2
32699,138683,138684,2022,0,1,-0.204422,-78.510777,PICHINCHA,QUITO,QUITO,URBANA,2022-12-24,20:50:00,20,SABADO,6,DICIEMBRE,12,SI,CONDUCIR VEHICULO SUPERANDO LOS LIMITES MAXIMOS DE VELOCIDAD.,PERDIDA DE CARRIL,MOTOCICLETA,0,0,0,0,0,0,0,0,1,0,0,0,0,1,26,HOMBRE,FALLECIDO,CONDUCTOR PRESENTE,SI,NO,1
32700,138689,138690,2022,0,0,-0.086366,-78.502431,PICHINCHA,QUITO,QUITO,URBANA,2022-12-24,22:50:00,22,SABADO,6,DICIEMBRE,12,SI,CONDUCIR VEHICULO SUPERANDO LOS LIMITES MAXIMOS DE VELOCIDAD.,OTROS,AUTOMOVIL,1,0,0,0,0,0,0,0,0,0,0,0,0,1,-1,NO IDENTIFICADO,NO IDENTIFICADO,CONDUCTOR AUSENTE,NO,NO,2
32701,138694,138695,2022,0,0,-0.358714,-78.534602,PICHINCHA,QUITO,QUITO,URBANA,2022-12-24,23:30:00,23,SABADO,6,DICIEMBRE,12,SI,CONDUCIR VEHICULO SUPERANDO LOS LIMITES MAXIMOS DE VELOCIDAD.,ESTRELLAMIENTOS,AUTOMOVIL,1,0,0,0,0,0,0,0,0,0,0,0,0,1,27,HOMBRE,ILESO,CONDUCTOR PRESENTE,NO,NO,1
32702,138705,138706,2022,1,0,-0.281347,-78.519988,PICHINCHA,QUITO,QUITO,URBANA,2022-12-25,02:20:00,2,DOMINGO,7,DICIEMBRE,12,SI,CONDUCIR VEHICULO SUPERANDO LOS LIMITES MAXIMOS DE VELOCIDAD.,ESTRELLAMIENTOS,AUTOMOVIL,1,0,0,0,0,0,0,0,0,0,0,0,0,1,35,HOMBRE,LESIONADO,PASAJERO,NO,SI,1
32703,138708,138709,2022,0,0,-0.352261,-78.549506,PICHINCHA,QUITO,QUITO,URBANA,2022-12-25,02:50:00,2,DOMINGO,7,DICIEMBRE,12,SI,NO CEDER EL DERECHO DE VIA O PREFERENCIA DE PASO A VEHICULOS.,CHOQUE LATERAL,AUTOMOVIL,2,0,0,0,0,0,0,0,0,0,0,0,0,2,34,HOMBRE,ILESO,CONDUCTOR PRESENTE,NO,NO,1
32704,138726,138727,2022,0,0,-0.193807,-78.503582,PICHINCHA,QUITO,QUITO,URBANA,2022-12-25,07:30:00,7,DOMINGO,7,DICIEMBRE,12,SI,CONDUCIR VEHICULO SUPERANDO LOS LIMITES MAXIMOS DE VELOCIDAD.,ESTRELLAMIENTOS,AUTOMOVIL,1,0,0,0,0,0,0,0,0,0,0,0,0,1,-1,NO IDENTIFICADO,NO IDENTIFICADO,CONDUCTOR AUSENTE,NO,NO,2