,Unnamed: 0,ID,ANIO,LESIONADOS,FALLECIDOS,LATITUD_Y,LONGITUD_X,PROVINCIA,CANTON,PARROQUIA,ZONA,FECHA,HORA,PERIODO_2,DIA_1,DIA_2,MES_1,MES_2,FERIADO,CAUSA_PROBABLE,TIPO_DE_SINIESTRO,TIPO_DE_VEHICULO_1,AUTOMOVIL,BICICLETA,BUS,CAMION,CAMIONETA,EMERGENCIAS,ESPECIAL,FURGONETA,MOTOCICLETA,NO_IDENTIFICADO,SCOOTER_ELECTRICO,TRICIMOTO,VEHICULO_DEPORTIVO_UTILITARIO,SUMA_DE_VEHICULOS,EDAD_1,SEXO_1,CONDICION_1,PARTICIPANTE_1,CASCO_1,CINTURON_1,KMeans_Cluster
32705,138727,138728,2022,1,1,-0.112183,-78.479103,PICHINCHA,QUITO,QUITO,URBANA,2022-12-25,07:50:00,7,DOMINGO,7,DICIEMBRE,12,SI,CONDUCIR VEHICULO SUPERANDO LOS LIMITES MAXIMOS DE VELOCIDAD.,ESTRELLAMIENTOS,MOTOCICLETA,0,0,0,0,0,0,0,0,1,0,0,0,0,1,47,HOMBRE,FALLECIDO,CONDUCTOR PRESENTE,SI,NO,1
32706,138735,138736,2022,1,0,-0.099022,-78.453471,PICHINCHA,QUITO,CALDERON (CARAPUNGO),RURAL,2022-12-25,10:00:00,10,DOMINGO,7,DICIEMBRE,12,SI,"NO RESPETAR LAS SENIALES REGLAMENTARIAS DE TRANSITO. (PARE, CEDA EL PASO, LUZ ROJA DEL SEMAFORO, ETC).",CHOQUE LATERAL,MOTOCICLETA,1,0,0,0,0,0,0,0,1,0,0,0,0,2,24,HOMBRE,LESIONADO,CONDUCTOR PRESENTE,SI,NO,3
32707,138744,138745,2022,0,1,-0.244642,-78.502665,PICHINCHA,QUITO,QUITO,URBANA,2022-12-25,13:05:00,13,DOMINGO,7,DICIEMBRE,12,SI,DEJAR O RECOGER PASAJEROS EN LUGARES NO PERMITIDOS.,CAIDA DE PASAJERO,NO IDENTIFICADO,0,0,0,0,0,0,0,0,0,1,0,0,0,1,29,HOMBRE,FALLECIDO,PASAJERO,NO,NO,1
32708,138746,138747,2022,0,0,-0.018287,-78.452289,PICHINCHA,QUITO,SAN ANTONIO (QUITO),URBANA,2022-12-25,14:30:00,14,DOMINGO,7,DICIEMBRE,12,SI,"CONDUCIR DESATENTO A LAS CONDICIONES DE TRANSITO (CELULAR, PANTALLAS DE VIDEO, COMIDA, MAQUILLAJE O CUALQUIER OTRO ELEMENTO DISTRACTOR).",CHOQUE LATERAL,VEHICULO DEPORTIVO UTILITARIO,1,0,0,0,0,0,0,0,0,0,0,0,1,2,27,HOMBRE,ILESO,CONDUCTOR PRESENTE,NO,SI,1
32709,138749,138750,2022,1,1,-0.198645,-78.466281,PICHINCHA,QUITO,QUITO,URBANA,2022-12-25,15:15:00,15,DOMINGO,7,DICIEMBRE,12,SI,"CONDUCE BAJO LA INFLUENCIA DE ALCOHOL, SUSTANCIAS ESTUPEFACIENTES O PSICOTROPICAS Y/O MEDICAMENTOS.",PERDIDA DE CARRIL,AUTOMOVIL,1,0,0,0,0,0,0,0,0,0,0,0,0,1,89,MUJER,FALLECIDO,PASAJERO,NO,SI,1
32710,138763,138764,2022,0,0,-0.294739,-78.462468,PICHINCHA,RUMINIAHUI,SANGOLQUI,RURAL,2022-12-25,18:15:00,18,DOMINGO,7,DICIEMBRE,12,SI,"CONDUCIR DESATENTO A LAS CONDICIONES DE TRANSITO (CELULAR, PANTALLAS DE VIDEO, COMIDA, MAQUILLAJE O CUALQUIER OTRO ELEMENTO DISTRACTOR).",ESTRELLAMIENTOS,VEHICULO DEPORTIVO UTILITARIO,0,0,0,0,0,0,0,0,0,0,0,0,1,1,32,MUJER,ILESO,CONDUCTOR PRESENTE,NO,SI,3
32711,138788,138789,2022,1,0,0.044171,-78.225478,PICHINCHA,PEDRO MONCAYO,TABACUNDO,RURAL,2022-12-25,21:05:00,21,DOMINGO,7,DICIEMBRE,12,SI,"NO RESPETAR LAS SENIALES REGLAMENTARIAS DE TRANSITO. (PARE, CEDA EL PASO, LUZ ROJA DEL SEMAFORO, ETC).",CHOQUE LATERAL,AUTOMOVIL,2,0,0,0,0,0,0,0,0,0,0,0,0,2,30,HOMBRE,LESIONADO,CONDUCTOR PRESENTE,NO,NO,3
32712,138790,138791,2022,2,1,-0.214341,-78.508912,PICHINCHA,QUITO,QUITO,URBANA,2022-12-25,21:27:00,21,DOMINGO,7,DICIEMBRE,12,SI,CONDUCIR VEHICULO SUPERANDO LOS LIMITES MAXIMOS DE VELOCIDAD.,OTROS,AUTOMOVIL,2,0,0,0,0,0,0,0,0,0,0,0,0,2,3,HOMBRE,FALLECIDO,PASAJERO,NO,NO,1
32713,138792,138793,2022,1,0,-0.188713,-78.511737,PICHINCHA,QUITO,QUITO,URBANA,2022-12-25,22:20:00,22,DOMINGO,7,DICIEMBRE,12,SI,"CONDICIONES AMBIENTALES Y/O ATMOSFERICAS (NIEBLA, NEBLINA, GRANIZO, LLUVIA).",CHOQUE LATERAL,AUTOMOVIL,2,0,0,0,0,0,0,0,0,0,0,0,0,2,45,MUJER,LESIONADO,PASAJERO,NO,NO,1
32714,138800,138801,2022,1,0,-0.175636,-78.485891,PICHINCHA,QUITO,QUITO,URBANA,2022-12-26,00:05:00,0,LUNES,1,DICIEMBRE,12,SI,"NO RESPETAR LAS SENIALES REGLAMENTARIAS DE TRANSITO. (PARE, CEDA EL PASO, LUZ ROJA DEL SEMAFORO, ETC).",CHOQUE LATERAL,MOTOCICLETA,1,0,0,0,0,0,0,0,1,0,0,0,0,2,35,HOMBRE,LESIONADO,PASAJERO,SI,NO,1
32715,138804,138805,2022,4,0,-0.182696,-78.506416,PICHINCHA,QUITO,QUITO,URBANA,2022-12-26,03:10:00,3,LUNES,1,DICIEMBRE,12,SI,"CONDICIONES AMBIENTALES Y/O ATMOSFERICAS (NIEBLA, NEBLINA, GRANIZO, LLUVIA).",ESTRELLAMIENTOS,BUS,0,0,1,0,0,0,0,0,0,0,0,0,0,1,20,HOMBRE,LESIONADO,PASAJERO,NO,NO,1
32716,138808,138809,2022,0,0,-0.057803,-78.455396,PICHINCHA,QUITO,POMASQUI,URBANA,2022-12-26,05:00:00,5,LUNES,1,DICIEMBRE,12,SI,"CASO FORTUITO O FUERZA MAYOR (EXPLOSION DE NEUMATICO NUEVO, DERRUMBE, INUNDACION, CAIDA DE PUENTE, ARBOL, PRESENCIA INTEMPESTIVA E IMPREVISTA DE SEMOVIENTES EN LA VIA, ETC.).",ESTRELLAMIENTOS,CAMION,0,0,0,1,1,0,0,0,0,0,0,0,0,2,56,HOMBRE,ILESO,CONDUCTOR PRESENTE,NO,SI,1
32717,138810,138811,2022,1,0,-0.229296,-78.500755,PICHINCHA,QUITO,QUITO,URBANA,2022-12-26,06:25:00,6,LUNES,1,DICIEMBRE,12,SI,"CONDICIONES AMBIENTALES Y/O ATMOSFERICAS (NIEBLA, NEBLINA, GRANIZO, LLUVIA).",ESTRELLAMIENTOS,AUTOMOVIL,1,0,0,0,0,0,0,0,0,0,0,0,0,1,40,MUJER,LESIONADO,CONDUCTOR PRESENTE,NO,NO,1
32718,138812,138813,2022,0,0,-0.303388,-78.547865,PICHINCHA,QUITO,QUITO,URBANA,2022-12-26,10:00:00,10,LUNES,1,DICIEMBRE,12,SI,NO CEDER EL DERECHO DE VIA O PREFERENCIA DE PASO A VEHICULOS.,CHOQUE LATERAL,FURGONETA,1,0,0,0,0,0,0,1,0,0,0,0,0,2,45,HOMBRE,ILESO,CONDUCTOR PRESENTE,NO,NO,1
32719,138820,138821,2022,0,0,-0.226057,-78.519386,PICHINCHA,QUITO,QUITO,URBANA,2022-12-26,12:45:00,12,LUNES,1,DICIEMBRE,12,SI,"CONDUCE BAJO LA INFLUENCIA DE ALCOHOL, SUSTANCIAS ESTUPEFACIENTES O PSICOTROPICAS Y/O MEDICAMENTOS.",OTROS,AUTOMOVIL,3,0,0,0,0,0,0,0,0,0,0,0,0,3,39,HOMBRE,ILESO,CONDUCTOR PRESENTE,NO,NO,1
32720,138821,138822,2022,1,0,-0.399722,-78.809444,PICHINCHA,MEJIA,MANUEL CORNEJO ASTORGA,RURAL,2022-12-26,12:55:00,12,LUNES,1,DICIEMBRE,12,SI,"CONDUCIR DESATENTO A LAS CONDICIONES DE TRANSITO (CELULAR, PANTALLAS DE VIDEO, COMIDA, MAQUILLAJE O CUALQUIER OTRO ELEMENTO DISTRACTOR).",PERDIDA DE CARRIL,VEHICULO DEPORTIVO UTILITARIO,0,0,0,0,0,0,0,0,0,0,0,0,1,1,-1,HOMBRE,LESIONADO,CONDUCTOR PRESENTE,NO,NO,3
32721,138829,138830,2022,2,0,-0.241672,-78.525776,PICHINCHA,QUITO,QUITO,URBANA,2022-12-26,16:10:00,16,LUNES,1,DICIEMBRE,12,SI,REALIZAR CAMBIO BRUSCO O INDEBIDO DE CARRIL.,CHOQUE LATERAL,CAMIONETA,1,0,0,0,1,0,0,0,0,0,0,0,0,2,43,MUJER,LESIONADO,PASAJERO,NO,NO,1
32722,138831,138832,2022,2,0,-0.308592,-78.449501,PICHINCHA,RUMINIAHUI,SANGOLQUI,URBANA,2022-12-26,16:30:00,16,LUNES,1,DICIEMBRE,12,SI,"CONDUCIR DESATENTO A LAS CONDICIONES DE TRANSITO (CELULAR, PANTALLAS DE VIDEO, COMIDA, MAQUILLAJE O CUALQUIER OTRO ELEMENTO DISTRACTOR).",ATROPELLOS,NO IDENTIFICADO,0,0,0,0,0,0,0,0,0,1,0,0,0,1,38,MUJER,ILESO,CONDUCTOR PRESENTE,NO,SI,1
32723,138833,138834,2022,0,0,-0.204989,-78.506955,PICHINCHA,QUITO,QUITO,URBANA,2022-12-26,16:55:00,16,LUNES,1,DICIEMBRE,12,SI,"CONDICIONES AMBIENTALES Y/O ATMOSFERICAS (NIEBLA, NEBLINA, GRANIZO, LLUVIA).",CHOQUE POSTERIOR,AUTOMOVIL,2,0,0,0,0,0,0,0,0,0,0,0,0,2,37,HOMBRE,ILESO,CONDUCTOR PRESENTE,NO,NO,1
32724,138834,138835,2022,1,0,-0.373611,-78.832778,PICHINCHA,MEJIA,MANUEL CORNEJO ASTORGA,RURAL,2022-12-26,17:20:00,17,LUNES,1,DICIEMBRE,12,SI,"CONDUCIR DESATENTO A LAS CONDICIONES DE TRANSITO (CELULAR, PANTALLAS DE VIDEO, COMIDA, MAQUILLAJE O CUALQUIER OTRO ELEMENTO DISTRACTOR).",PERDIDA DE CARRIL,VEHICULO DEPORTIVO UTILITARIO,1,0,0,0,0,0,0,0,0,0,0,0,1,2,-1,MUJER,LESIONADO,PASAJERO,NO,NO,3
32725,138836,138837,2022,0,0,-0.451389,-78.751667,PICHINCHA,MEJIA,MANUEL CORNEJO ASTORGA,RURAL,2022-12-26,18:10:00,18,LUNES,1,DICIEMBRE,12,SI,"CONDUCIR DESATENTO A LAS CONDICIONES DE TRANSITO (CELULAR, PANTALLAS DE VIDEO, COMIDA, MAQUILLAJE O CUALQUIER OTRO ELEMENTO DISTRACTOR).",PERDIDA DE CARRIL,CAMIONETA,2,0,0,0,1,0,0,0,0,0,0,0,0,3,27,HOMBRE,ILESO,CONDUCTOR PRESENTE,NO,NO,3
32726,138841,138842,2022,0,0,-0.315404,-78.474277,PICHINCHA,QUITO,CONOCOTO,RURAL,2022-12-26,19:10:00,19,LUNES,1,DICIEMBRE,12,SI,CONDUCIR VEHICULO SUPERANDO LOS LIMITES MAXIMOS DE VELOCIDAD.,ESTRELLAMIENTOS,AUTOMOVIL,1,0,0,0,0,0,0,0,0,0,0,0,0,1,51,MUJER,ILESO,CONDUCTOR PRESENTE,NO,NO,3
32727,138847,138848,2022,0,0,-0.124472,-78.502879,PICHINCHA,QUITO,QUITO,URBANA,2022-12-26,21:15:00,21,LUNES,1,DICIEMBRE,12,SI,"CONDICIONES AMBIENTALES Y/O ATMOSFERICAS (NIEBLA, NEBLINA, GRANIZO, LLUVIA).",COLISION,AUTOMOVIL,3,0,0,0,0,0,0,0,0,0,0,0,0,3,51,HOMBRE,ILESO,CONDUCTOR PRESENTE,NO,NO,1
32728,138852,138853,2022,0,0,-0.323501,-78.520001,PICHINCHA,QUITO,QUITO,URBANA,2022-12-26,23:30:00,23,LUNES,1,DICIEMBRE,12,SI,"CONDUCE BAJO LA INFLUENCIA DE ALCOHOL, SUSTANCIAS ESTUPEFACIENTES O PSICOTROPICAS Y/O MEDICAMENTOS.",CHOQUE LATERAL,CAMIONETA,1,0,0,0,1,0,0,0,0,0,0,0,0,2,39,HOMBRE,ILESO,CONDUCTOR PRESENTE,NO,NO,1
32729,138854,138855,2022,0,0,-0.294412,-78.451382,PICHINCHA,QUITO,ALANGASI,RURAL,2022-12-26,23:53:00,23,LUNES,1,DICIEMBRE,12,SI,CONDUCIR VEHICULO SUPERANDO LOS LIMITES MAXIMOS DE VELOCIDAD.,CHOQUE POSTERIOR,AUTOMOVIL,2,0,0,0,0,0,0,0,0,0,0,0,0,2,42,HOMBRE,ILESO,CONDUCTOR PRESENTE,NO,NO,3
32730,138856,138857,2022,1,0,-0.160104,-78.485353,PICHINCHA,QUITO,QUITO,URBANA,2022-12-27,00:05:00,0,MARTES,2,DICIEMBRE,12,NO,"NO RESPETAR LAS SENIALES REGLAMENTARIAS DE TRANSITO. (PARE, CEDA EL PASO, LUZ ROJA DEL SEMAFORO, ETC).",CHOQUE LATERAL,MOTOCICLETA,1,0,0,0,0,0,0,0,1,0,0,0,0,2,29,HOMBRE,LESIONADO,CONDUCTOR PRESENTE,SI,NO,1
32731,138860,138861,2022,0,0,-0.199321,-78.459121,PICHINCHA,QUITO,QUITO,URBANA,2022-12-27,06:40:00,6,MARTES,2,DICIEMBRE,12,NO,"CONDICIONES AMBIENTALES Y/O ATMOSFERICAS (NIEBLA, NEBLINA, GRANIZO, LLUVIA).",CHOQUE FRONTAL,CAMIONETA,1,0,0,0,1,0,0,0,0,0,0,0,0,2,58,HOMBRE,ILESO,CONDUCTOR PRESENTE,NO,NO,1
32732,138861,138862,2022,0,0,-0.215571,-78.456731,PICHINCHA,QUITO,CUMBAYA,RURAL,2022-12-27,06:45:00,6,MARTES,2,DICIEMBRE,12,NO,REALIZAR CAMBIO BRUSCO O INDEBIDO DE CARRIL.,ESTRELLAMIENTOS,CAMION,0,0,0,1,0,0,0,0,0,0,0,0,0,1,21,HOMBRE,ILESO,CONDUCTOR PRESENTE,NO,NO,3
32733,138867,138868,2022,0,0,-0.105555,-78.497606,PICHINCHA,QUITO,QUITO,URBANA,2022-12-27,08:28:00,8,MARTES,2,DICIEMBRE,12,NO,"NO RESPETAR LAS SENIALES REGLAMENTARIAS DE TRANSITO. (PARE, CEDA EL PASO, LUZ ROJA DEL SEMAFORO, ETC).",CHOQUE LATERAL,MOTOCICLETA,1,0,0,0,0,0,0,0,1,0,0,0,0,2,39,HOMBRE,ILESO,CONDUCTOR PRESENTE,SI,NO,1
32734,138873,138874,2022,0,0,-0.192885,-78.462867,PICHINCHA,QUITO,QUITO,URBANA,2022-12-27,10:00:00,10,MARTES,2,DICIEMBRE,12,NO,CONDUCIR VEHICULO SUPERANDO LOS LIMITES MAXIMOS DE VELOCIDAD.,COLISION,AUTOMOVIL,4,0,0,0,0,0,0,0,0,0,0,0,0,4,71,HOMBRE,ILESO,CONDUCTOR PRESENTE,NO,NO,1
32735,138875,138876,2022,0,0,-0.249613,-78.502586,PICHINCHA,QUITO,QUITO,URBANA,2022-12-27,11:05:00,11,MARTES,2,DICIEMBRE,12,NO,"NO RESPETAR LAS SENIALES REGLAMENTARIAS DE TRANSITO. (PARE, CEDA EL PASO, LUZ ROJA DEL SEMAFORO, ETC).",ESTRELLAMIENTOS,ESPECIAL,0,0,0,0,0,0,1,0,0,0,0,0,0,1,49,HOMBRE,ILESO,CONDUCTOR PRESENTE,NO,NO,1
32736,138879,138880,2022,2,0,-0.210741,-78.493577,PICHINCHA,QUITO,QUITO,URBANA,2022-12-27,13:45:00,13,MARTES,2,DICIEMBRE,12,NO,REALIZAR CAMBIO BRUSCO O INDEBIDO DE CARRIL.,ROZAMIENTOS,MOTOCICLETA,0,0,0,0,0,0,0,0,1,1,0,0,0,2,28,HOMBRE,LESIONADO,CONDUCTOR PRESENTE,SI,NO,1
32737,138881,138882,2022,0,0,-0.184874,-78.509815,PICHINCHA,QUITO,QUITO,URBANA,2022-12-27,14:02:00,14,MARTES,2,DICIEMBRE,12,NO,CONDUCIR VEHICULO SUPERANDO LOS LIMITES MAXIMOS DE VELOCIDAD.,COLISION,AUTOMOVIL,3,0,0,0,0,0,0,0,0,0,0,0,0,3,57,HOMBRE,ILESO,CONDUCTOR PRESENTE,NO,NO,1
32738,138887,138888,2022,0,0,-0.211031,-78.498229,PICHINCHA,QUITO,QUITO,URBANA,2022-12-27,15:30:00,15,MARTES,2,DICIEMBRE,12,NO,"CONDICIONES AMBIENTALES Y/O ATMOSFERICAS (NIEBLA, NEBLINA, GRANIZO, LLUVIA).",CHOQUE LATERAL,AUTOMOVIL,2,0,0,0,0,0,0,0,0,0,0,0,0,2,53,HOMBRE,ILESO,PASAJERO,NO,NO,1
32739,138897,138898,2022,1,0,-0.263303,-78.549012,PICHINCHA,QUITO,QUITO,URBANA,2022-12-27,18:35:00,18,MARTES,2,DICIEMBRE,12,NO,NO MANTENER LA DISTANCIA PRUDENCIAL CON RESPECTO AL VEHICULO QUE LE ANTECEDE.,CHOQUE POSTERIOR,MOTOCICLETA,1,0,0,0,0,0,0,0,1,0,0,0,0,2,25,HOMBRE,LESIONADO,CONDUCTOR PRESENTE,SI,NO,1
32740,138901,138902,2022,0,0,-0.111534,-78.486057,PICHINCHA,QUITO,QUITO,URBANA,2022-12-27,20:10:00,20,MARTES,2,DICIEMBRE,12,NO,"NO RESPETAR LAS SENIALES REGLAMENTARIAS DE TRANSITO. (PARE, CEDA EL PASO, LUZ ROJA DEL SEMAFORO, ETC).",ESTRELLAMIENTOS,CAMIONETA,0,0,0,0,1,0,0,0,0,0,0,0,0,1,27,HOMBRE,ILESO,CONDUCTOR PRESENTE,NO,NO,1
32741,138902,138903,2022,4,0,-0.100196,-78.471697,PICHINCHA,QUITO,QUITO,URBANA,2022-12-27,20:50:00,20,MARTES,2,DICIEMBRE,12,NO,"CONDUCE BAJO LA INFLUENCIA DE ALCOHOL, SUSTANCIAS ESTUPEFACIENTES O PSICOTROPICAS Y/O MEDICAMENTOS.",COLISION,AUTOMOVIL,3,0,0,0,0,0,0,0,0,0,0,0,0,3,22,HOMBRE,LESIONADO,PASAJERO,NO,NO,1
32742,138905,138906,2022,0,1,-0.094194,-78.416669,PICHINCHA,QUITO,CALDERON (CARAPUNGO),RURAL,2022-12-28,04:00:00,4,MIERCOLES,3,DICIEMBRE,12,NO,"CONDUCIR DESATENTO A LAS CONDICIONES DE TRANSITO (CELULAR, PANTALLAS DE VIDEO, COMIDA, MAQUILLAJE O CUALQUIER OTRO ELEMENTO DISTRACTOR).",ESTRELLAMIENTOS,FURGONETA,0,0,0,0,1,0,0,1,0,0,0,0,0,2,33,HOMBRE,ILESO,CONDUCTOR PRESENTE,NO,SI,3
32743,138916,138917,2022,1,0,-0.252424,-78.515772,PICHINCHA,QUITO,QUITO,URBANA,2022-12-28,09:20:00,9,MIERCOLES,3,DICIEMBRE,12,NO,"NO RESPETAR LAS SENIALES REGLAMENTARIAS DE TRANSITO. (PARE, CEDA EL PASO, LUZ ROJA DEL SEMAFORO, ETC).",CHOQUE LATERAL,BUS,0,0,1,0,0,0,0,0,1,0,0,0,0,2,27,MUJER,LESIONADO,CONDUCTOR PRESENTE,SI,NO,1
32744,138919,138920,2022,0,0,-0.260064,-78.522904,PICHINCHA,QUITO,QUITO,URBANA,2022-12-28,11:20:00,11,MIERCOLES,3,DICIEMBRE,12,NO,CONDUCIR VEHICULO SUPERANDO LOS LIMITES MAXIMOS DE VELOCIDAD.,ESTRELLAMIENTOS,CAMIONETA,0,0,0,0,1,0,0,0,0,0,0,0,0,1,-1,NO IDENTIFICADO,NO IDENTIFICADO,CONDUCTOR AUSENTE,NO,NO,2
32745,138923,138924,2022,0,0,-0.141903,-78.491097,PICHINCHA,QUITO,QUITO,URBANA,2022-12-28,13:15:00,13,MIERCOLES,3,DICIEMBRE,12,NO,"NO RESPETAR LAS SENIALES REGLAMENTARIAS DE TRANSITO. (PARE, CEDA EL PASO, LUZ ROJA DEL SEMAFORO, ETC).",OTROS,CAMION,0,0,0,1,1,0,0,0,0,0,0,0,0,2,38,HOMBRE,ILESO,CONDUCTOR PRESENTE,NO,NO,1
32746,138925,138926,2022,0,0,-0.195909,-78.494884,PICHINCHA,QUITO,QUITO,URBANA,2022-12-28,15:10:00,15,MIERCOLES,3,DICIEMBRE,12,NO,"NO RESPETAR LAS SENIALES REGLAMENTARIAS DE TRANSITO. (PARE, CEDA EL PASO, LUZ ROJA DEL SEMAFORO, ETC).",CHOQUE LATERAL,AUTOMOVIL,2,0,0,0,0,0,0,0,0,0,0,0,0,2,65,HOMBRE,ILESO,CONDUCTOR PRESENTE,NO,NO,1
32747,138929,138930,2022,2,0,-0.298992,-78.540235,PICHINCHA,QUITO,QUITO,URBANA,2022-12-28,15:55:00,15,MIERCOLES,3,DICIEMBRE,12,NO,CONDUCIR VEHICULO SUPERANDO LOS LIMITES MAXIMOS DE VELOCIDAD.,CHOQUE LATERAL,MOTOCICLETA,1,0,0,0,0,0,0,0,1,0,0,0,0,2,16,HOMBRE,LESIONADO,PASAJERO,SI,NO,1
32748,138931,138932,2022,0,0,-0.355314,-78.526067,PICHINCHA,QUITO,QUITO,URBANA,2022-12-28,16:50:00,16,MIERCOLES,3,DICIEMBRE,12,NO,NO MANTENER LA DISTANCIA PRUDENCIAL CON RESPECTO AL VEHICULO QUE LE ANTECEDE.,COLISION,CAMION,0,0,0,4,0,0,0,0,0,0,0,0,0,4,26,HOMBRE,ILESO,PASAJERO,NO,NO,1
32749,138937,138938,2022,0,1,-0.040383,-78.585734,PICHINCHA,QUITO,NONO,URBANA,2022-12-28,21:30:00,21,MIERCOLES,3,DICIEMBRE,12,NO,"CONDUCIR DESATENTO A LAS CONDICIONES DE TRANSITO (CELULAR, PANTALLAS DE VIDEO, COMIDA, MAQUILLAJE O CUALQUIER OTRO ELEMENTO DISTRACTOR).",PERDIDA DE CARRIL,NO IDENTIFICADO,0,0,0,0,0,0,0,0,0,1,0,0,0,1,30,HOMBRE,FALLECIDO,CONDUCTOR PRESENTE,NO,SI,1
32750,138942,138943,2022,2,0,-0.128416,-78.470056,PICHINCHA,QUITO,QUITO,URBANA,2022-12-29,01:00:00,1,JUEVES,4,DICIEMBRE,12,NO,NO TRANSITAR POR LAS ACERAS O ZONAS DE SEGURIDAD DESTINADAS PARA EL EFECTO.,ATROPELLOS,MOTOCICLETA,0,0,0,0,0,0,0,0,1,0,0,0,0,1,29,HOMBRE,LESIONADO,CONDUCTOR PRESENTE,SI,NO,1
32751,138950,138951,2022,0,0,-0.240975,-78.474318,PICHINCHA,QUITO,QUITO,URBANA,2022-12-29,05:16:00,5,JUEVES,4,DICIEMBRE,12,NO,CONDUCIR VEHICULO SUPERANDO LOS LIMITES MAXIMOS DE VELOCIDAD.,ESTRELLAMIENTOS,AUTOMOVIL,1,0,0,0,0,0,0,0,0,0,0,0,0,1,-1,NO IDENTIFICADO,NO IDENTIFICADO,CONDUCTOR AUSENTE,NO,NO,2
32752,138954,138955,2022,0,0,-0.206646,-78.380815,PICHINCHA,QUITO,TUMBACO,RURAL,2022-12-29,09:38:00,9,JUEVES,4,DICIEMBRE,12,NO,CONDUCIR VEHICULO SUPERANDO LOS LIMITES MAXIMOS DE VELOCIDAD.,CHOQUE LATERAL,AUTOMOVIL,2,0,0,0,0,0,0,0,0,0,0,0,0,2,34,HOMBRE,ILESO,CONDUCTOR PRESENTE,NO,NO,3
32753,138957,138958,2022,1,0,-0.215282,-78.515858,PICHINCHA,QUITO,QUITO,URBANA,2022-12-29,10:40:00,10,JUEVES,4,DICIEMBRE,12,NO,NO TRANSITAR POR LAS ACERAS O ZONAS DE SEGURIDAD DESTINADAS PARA EL EFECTO.,ATROPELLOS,AUTOMOVIL,1,0,0,0,0,0,0,0,0,0,0,0,0,1,78,MUJER,LESIONADO,PEATON,NO,NO,1
32754,138962,138963,2022,0,0,-0.187785,-78.487512,PICHINCHA,QUITO,QUITO,URBANA,2022-12-29,12:58:00,12,JUEVES,4,DICIEMBRE,12,NO,"NO RESPETAR LAS SENIALES REGLAMENTARIAS DE TRANSITO. (PARE, CEDA EL PASO, LUZ ROJA DEL SEMAFORO, ETC).",CHOQUE POSTERIOR,AUTOMOVIL,2,0,0,0,0,0,0,0,0,0,0,0,0,2,54,HOMBRE,ILESO,CONDUCTOR PRESENTE,NO,NO,1
32755,138967,138968,2022,1,0,-0.075891,-78.468654,PICHINCHA,QUITO,QUITO,URBANA,2022-12-29,16:40:00,16,JUEVES,4,DICIEMBRE,12,NO,NO CEDER EL DERECHO DE VIA O PREFERENCIA DE PASO AL PEATON.,ATROPELLOS,MOTOCICLETA,0,0,0,0,0,0,0,0,1,0,0,0,0,1,3,HOMBRE,LESIONADO,PEATON,NO,NO,1
32756,138969,138970,2022,1,0,-0.194057,-78.492358,PICHINCHA,QUITO,QUITO,URBANA,2022-12-29,17:45:00,17,JUEVES,4,DICIEMBRE,12,NO,"NO RESPETAR LAS SENIALES REGLAMENTARIAS DE TRANSITO. (PARE, CEDA EL PASO, LUZ ROJA DEL SEMAFORO, ETC).",OTROS,MOTOCICLETA,2,0,0,0,0,0,0,0,1,0,0,0,0,3,21,HOMBRE,LESIONADO,CONDUCTOR PRESENTE,SI,NO,1
32757,138974,138975,2022,1,0,-0.154363,-78.473663,PICHINCHA,QUITO,QUITO,URBANA,2022-12-29,19:20:00,19,JUEVES,4,DICIEMBRE,12,NO,PEATON QUE CRUZA LA CALZADA SIN RESPETAR LA SENIALIZACION EXISTENTE (SEMAFOROS O SENIALES MANUALES).,ATROPELLOS,MOTOCICLETA,0,0,0,0,0,0,0,0,1,0,0,0,0,1,61,MUJER,LESIONADO,PEATON,NO,NO,1
32758,138980,138981,2022,1,1,-0.328354,-78.418019,PICHINCHA,QUITO,ALANGASI,RURAL,2022-12-29,22:30:00,22,JUEVES,4,DICIEMBRE,12,NO,"CONDICIONES AMBIENTALES Y/O ATMOSFERICAS (NIEBLA, NEBLINA, GRANIZO, LLUVIA).",PERDIDA DE PISTA,MOTOCICLETA,0,0,0,0,0,0,0,0,1,0,0,0,0,1,30,HOMBRE,FALLECIDO,CONDUCTOR PRESENTE,NO,SI,3
32759,138982,138983,2022,0,0,-0.296648,-78.552657,PICHINCHA,QUITO,QUITO,URBANA,2022-12-29,22:30:00,22,JUEVES,4,DICIEMBRE,12,NO,CONDUCIR VEHICULO SUPERANDO LOS LIMITES MAXIMOS DE VELOCIDAD.,ESTRELLAMIENTOS,CAMIONETA,0,0,0,0,1,0,0,0,0,0,0,0,0,1,39,HOMBRE,ILESO,CONDUCTOR PRESENTE,NO,NO,1
32760,138988,138989,2022,0,0,-0.292585,-78.539429,PICHINCHA,QUITO,QUITO,URBANA,2022-12-30,00:30:00,0,VIERNES,5,DICIEMBRE,12,NO,CONDUCIR VEHICULO SUPERANDO LOS LIMITES MAXIMOS DE VELOCIDAD.,ESTRELLAMIENTOS,AUTOMOVIL,1,0,0,0,0,0,0,0,0,0,0,0,0,1,-1,NO IDENTIFICADO,NO IDENTIFICADO,CONDUCTOR AUSENTE,NO,NO,2