,Unnamed: 0,ID,ANIO,LESIONADOS,FALLECIDOS,LATITUD_Y,LONGITUD_X,PROVINCIA,CANTON,PARROQUIA,ZONA,FECHA,HORA,PERIODO_2,DIA_1,DIA_2,MES_1,MES_2,FERIADO,CAUSA_PROBABLE,TIPO_DE_SINIESTRO,TIPO_DE_VEHICULO_1,AUTOMOVIL,BICICLETA,BUS,CAMION,CAMIONETA,EMERGENCIAS,ESPECIAL,FURGONETA,MOTOCICLETA,NO_IDENTIFICADO,SCOOTER_ELECTRICO,TRICIMOTO,VEHICULO_DEPORTIVO_UTILITARIO,SUMA_DE_VEHICULOS,EDAD_1,SEXO_1,CONDICION_1,PARTICIPANTE_1,CASCO_1,CINTURON_1,KMeans_Cluster
32761,138997,138998,2022,0,0,-0.334401,-78.440165,PICHINCHA,RUMINIAHUI,SANGOLQUI,URBANA,2022-12-30,03:00:00,3,VIERNES,5,DICIEMBRE,12,NO,"CONDUCIR DESATENTO A LAS CONDICIONES DE TRANSITO (CELULAR, PANTALLAS DE VIDEO, COMIDA, MAQUILLAJE O CUALQUIER OTRO ELEMENTO DISTRACTOR).",ESTRELLAMIENTOS,AUTOMOVIL,1,0,0,0,0,0,0,0,0,0,0,0,0,1,30,HOMBRE,ILESO,CONDUCTOR PRESENTE,NO,SI,1
32762,139002,139003,2022,0,0,-0.313722,-78.938501,PICHINCHA,MEJIA,MANUEL CORNEJO ASTORGA,RURAL,2022-12-30,05:30:00,5,VIERNES,5,DICIEMBRE,12,NO,NO MANTENER LA DISTANCIA PRUDENCIAL CON RESPECTO AL VEHICULO QUE LE ANTECEDE.,CHOQUE POSTERIOR,CAMION,1,0,0,1,0,0,0,0,0,0,0,0,0,2,28,HOMBRE,ILESO,CONDUCTOR PRESENTE,NO,NO,3
32763,139008,139009,2022,2,0,-0.102441,-78.450203,PICHINCHA,QUITO,CALDERON (CARAPUNGO),RURAL,2022-12-30,08:00:00,8,VIERNES,5,DICIEMBRE,12,NO,NO CEDER EL DERECHO DE VIA O PREFERENCIA DE PASO A VEHICULOS.,CHOQUE LATERAL,CAMION,0,0,0,1,0,0,0,0,1,0,0,0,0,2,28,HOMBRE,LESIONADO,CONDUCTOR PRESENTE,SI,NO,3
32764,139016,139017,2022,1,0,-0.304768,-78.568034,PICHINCHA,QUITO,QUITO,URBANA,2022-12-30,10:20:00,10,VIERNES,5,DICIEMBRE,12,NO,CONDUCIR VEHICULO SUPERANDO LOS LIMITES MAXIMOS DE VELOCIDAD.,CHOQUE LATERAL,MOTOCICLETA,0,0,0,0,0,0,0,1,1,0,0,0,0,2,35,HOMBRE,LESIONADO,CONDUCTOR PRESENTE,SI,NO,1
32765,139018,139019,2022,2,0,-0.270608,-78.551755,PICHINCHA,QUITO,QUITO,URBANA,2022-12-30,11:45:00,11,VIERNES,5,DICIEMBRE,12,NO,CONDUCIR VEHICULO SUPERANDO LOS LIMITES MAXIMOS DE VELOCIDAD.,CHOQUE LATERAL,MOTOCICLETA,1,0,0,0,0,0,0,0,1,0,0,0,0,2,28,HOMBRE,LESIONADO,CONDUCTOR PRESENTE,SI,NO,1
32766,139022,139023,2022,0,0,-0.243805,-78.540164,PICHINCHA,QUITO,QUITO,URBANA,2022-12-30,12:10:00,12,VIERNES,5,DICIEMBRE,12,SI,"CONDUCE BAJO LA INFLUENCIA DE ALCOHOL, SUSTANCIAS ESTUPEFACIENTES O PSICOTROPICAS Y/O MEDICAMENTOS.",ROZAMIENTOS,BUS,1,0,1,0,0,0,0,0,0,0,0,0,0,2,39,HOMBRE,ILESO,CONDUCTOR PRESENTE,NO,NO,1
32767,139023,139024,2022,0,1,-0.164303,-78.483894,PICHINCHA,QUITO,QUITO,URBANA,2022-12-30,12:30:00,12,VIERNES,5,DICIEMBRE,12,SI,MALAS CONDICIONES DE LA VIA Y/O CONFIGURACION. (ILUMINACION Y DISENIO).,ARROLLAMIENTOS,ESPECIAL,0,0,0,0,0,0,1,0,0,0,0,0,0,1,31,HOMBRE,FALLECIDO,PEATON,NO,NO,1
32768,139026,139027,2022,0,0,-0.098987,-78.479003,PICHINCHA,QUITO,QUITO,URBANA,2022-12-30,13:35:00,13,VIERNES,5,DICIEMBRE,12,SI,"NO RESPETAR LAS SENIALES REGLAMENTARIAS DE TRANSITO. (PARE, CEDA EL PASO, LUZ ROJA DEL SEMAFORO, ETC).",CHOQUE LATERAL,AUTOMOVIL,2,0,0,0,0,0,0,0,0,0,0,0,0,2,22,HOMBRE,ILESO,CONDUCTOR PRESENTE,NO,NO,1
32769,139033,139034,2022,1,0,-0.222421,-78.512322,PICHINCHA,QUITO,QUITO,URBANA,2022-12-30,15:30:00,15,VIERNES,5,DICIEMBRE,12,SI,"NO RESPETAR LAS SENIALES REGLAMENTARIAS DE TRANSITO. (PARE, CEDA EL PASO, LUZ ROJA DEL SEMAFORO, ETC).",ATROPELLOS,MOTOCICLETA,0,0,0,0,0,0,0,0,1,0,0,0,0,1,75,HOMBRE,LESIONADO,PEATON,NO,NO,1
32770,139035,139036,2022,1,0,-0.206552,-78.499162,PICHINCHA,QUITO,QUITO,URBANA,2022-12-30,16:00:00,16,VIERNES,5,DICIEMBRE,12,SI,NO TRANSITAR POR LAS ACERAS O ZONAS DE SEGURIDAD DESTINADAS PARA EL EFECTO.,ATROPELLOS,BUS,0,0,1,0,0,0,0,0,0,0,0,0,0,1,56,HOMBRE,LESIONADO,PEATON,NO,NO,1
32771,139037,139038,2022,0,0,-0.158347,-78.482504,PICHINCHA,QUITO,QUITO,URBANA,2022-12-30,16:20:00,16,VIERNES,5,DICIEMBRE,12,SI,CONDUCIR VEHICULO SUPERANDO LOS LIMITES MAXIMOS DE VELOCIDAD.,OTROS,AUTOMOVIL,1,0,0,0,0,0,0,0,0,0,0,0,0,1,-1,NO IDENTIFICADO,NO IDENTIFICADO,CONDUCTOR AUSENTE,NO,NO,2
32772,139040,139041,2022,0,0,-0.452027,-78.752944,PICHINCHA,MEJIA,MANUEL CORNEJO ASTORGA,RURAL,2022-12-30,16:30:00,16,VIERNES,5,DICIEMBRE,12,SI,"CONDUCIR DESATENTO A LAS CONDICIONES DE TRANSITO (CELULAR, PANTALLAS DE VIDEO, COMIDA, MAQUILLAJE O CUALQUIER OTRO ELEMENTO DISTRACTOR).",CHOQUE LATERAL,CAMIONETA,0,0,0,0,1,0,0,0,0,0,0,0,1,2,48,HOMBRE,ILESO,CONDUCTOR PRESENTE,NO,NO,3
32773,139042,139043,2022,1,0,-0.191481,-78.512693,PICHINCHA,QUITO,QUITO,URBANA,2022-12-30,17:00:00,17,VIERNES,5,DICIEMBRE,12,SI,CONDUCIR VEHICULO SUPERANDO LOS LIMITES MAXIMOS DE VELOCIDAD.,ESTRELLAMIENTOS,CAMIONETA,0,0,0,0,1,0,0,0,0,0,0,0,0,1,33,MUJER,LESIONADO,PASAJERO,NO,NO,1
32774,139060,139061,2022,1,0,-0.239562,-78.492789,PICHINCHA,QUITO,QUITO,URBANA,2022-12-30,20:15:00,20,VIERNES,5,DICIEMBRE,12,SI,"CONDUCE BAJO LA INFLUENCIA DE ALCOHOL, SUSTANCIAS ESTUPEFACIENTES O PSICOTROPICAS Y/O MEDICAMENTOS.",CHOQUE POSTERIOR,AUTOMOVIL,2,0,0,0,0,0,0,0,0,0,0,0,0,2,34,HOMBRE,LESIONADO,CONDUCTOR PRESENTE,NO,NO,1
32775,139063,139064,2022,0,2,-0.102563,-78.492794,PICHINCHA,QUITO,QUITO,URBANA,2022-12-30,20:30:00,20,VIERNES,5,DICIEMBRE,12,SI,CONDUCIR VEHICULO SUPERANDO LOS LIMITES MAXIMOS DE VELOCIDAD.,OTROS,MOTOCICLETA,2,0,0,0,0,0,0,0,1,0,0,0,0,3,24,HOMBRE,FALLECIDO,CONDUCTOR PRESENTE,SI,NO,1
32776,139066,139067,2022,1,0,-0.343071,-78.548839,PICHINCHA,QUITO,QUITO,URBANA,2022-12-30,21:45:00,21,VIERNES,5,DICIEMBRE,12,SI,CONDUCIR VEHICULO SUPERANDO LOS LIMITES MAXIMOS DE VELOCIDAD.,ATROPELLOS,NO IDENTIFICADO,0,0,0,0,0,0,0,0,0,1,0,0,0,1,23,HOMBRE,LESIONADO,PEATON,NO,NO,1
32777,139072,139073,2022,0,0,-0.251504,-78.513911,PICHINCHA,QUITO,QUITO,URBANA,2022-12-30,22:25:00,22,VIERNES,5,DICIEMBRE,12,SI,"CONDUCE BAJO LA INFLUENCIA DE ALCOHOL, SUSTANCIAS ESTUPEFACIENTES O PSICOTROPICAS Y/O MEDICAMENTOS.",ESTRELLAMIENTOS,CAMION,0,0,0,1,0,0,0,0,0,0,0,0,0,1,43,HOMBRE,ILESO,CONDUCTOR PRESENTE,NO,NO,1
32778,139075,139076,2022,0,0,-0.317311,-78.548981,PICHINCHA,QUITO,QUITO,URBANA,2022-12-30,23:31:00,23,VIERNES,5,DICIEMBRE,12,SI,"CONDUCE BAJO LA INFLUENCIA DE ALCOHOL, SUSTANCIAS ESTUPEFACIENTES O PSICOTROPICAS Y/O MEDICAMENTOS.",CHOQUE LATERAL,AUTOMOVIL,2,0,0,0,0,0,0,0,0,0,0,0,0,2,58,HOMBRE,ILESO,CONDUCTOR PRESENTE,NO,NO,1
32779,139076,139077,2022,0,0,-0.237005,-78.486239,PICHINCHA,QUITO,QUITO,URBANA,2022-12-30,23:40:00,23,VIERNES,5,DICIEMBRE,12,SI,"CONDICIONES AMBIENTALES Y/O ATMOSFERICAS (NIEBLA, NEBLINA, GRANIZO, LLUVIA).",CHOQUE POSTERIOR,AUTOMOVIL,2,0,0,0,0,0,0,0,0,0,0,0,0,2,54,HOMBRE,ILESO,CONDUCTOR PRESENTE,NO,NO,1
32780,139078,139079,2022,0,1,-0.131941,-78.481539,PICHINCHA,QUITO,QUITO,URBANA,2022-12-30,23:55:00,23,VIERNES,5,DICIEMBRE,12,SI,CONDUCIR VEHICULO SUPERANDO LOS LIMITES MAXIMOS DE VELOCIDAD.,ESTRELLAMIENTOS,MOTOCICLETA,0,0,0,0,0,0,0,0,1,0,0,0,0,1,32,HOMBRE,FALLECIDO,CONDUCTOR PRESENTE,SI,NO,1
32781,139080,139081,2022,0,0,-0.137703,-78.501305,PICHINCHA,QUITO,QUITO,URBANA,2022-12-31,00:20:00,0,SABADO,6,DICIEMBRE,12,SI,"NO RESPETAR LAS SENIALES REGLAMENTARIAS DE TRANSITO. (PARE, CEDA EL PASO, LUZ ROJA DEL SEMAFORO, ETC).",ESTRELLAMIENTOS,AUTOMOVIL,1,0,0,0,0,0,0,0,0,0,0,0,0,1,-1,NO IDENTIFICADO,NO IDENTIFICADO,CONDUCTOR AUSENTE,NO,NO,2
32782,139085,139086,2022,0,0,-0.170981,-78.326741,PICHINCHA,QUITO,YARUQUI,RURAL,2022-12-31,02:00:00,2,SABADO,6,DICIEMBRE,12,SI,"CONDUCE BAJO LA INFLUENCIA DE ALCOHOL, SUSTANCIAS ESTUPEFACIENTES O PSICOTROPICAS Y/O MEDICAMENTOS.",CHOQUE LATERAL,VEHICULO DEPORTIVO UTILITARIO,1,0,0,0,0,0,0,0,0,0,0,0,1,2,39,HOMBRE,ILESO,CONDUCTOR PRESENTE,NO,SI,3
32783,139086,139087,2022,0,0,-0.207693,-78.497094,PICHINCHA,QUITO,QUITO,URBANA,2022-12-31,02:00:00,2,SABADO,6,DICIEMBRE,12,SI,CONDUCIR VEHICULO SUPERANDO LOS LIMITES MAXIMOS DE VELOCIDAD.,OTROS,MOTOCICLETA,0,0,0,0,0,0,0,0,1,0,0,0,0,1,-1,NO IDENTIFICADO,NO IDENTIFICADO,CONDUCTOR AUSENTE,NO,NO,2
32784,139087,139088,2022,0,0,-0.100169,-78.471862,PICHINCHA,QUITO,QUITO,URBANA,2022-12-31,02:00:00,2,SABADO,6,DICIEMBRE,12,SI,"NO RESPETAR LAS SENIALES REGLAMENTARIAS DE TRANSITO. (PARE, CEDA EL PASO, LUZ ROJA DEL SEMAFORO, ETC).",CHOQUE LATERAL,AUTOMOVIL,2,0,0,0,0,0,0,0,0,0,0,0,0,2,58,HOMBRE,ILESO,CONDUCTOR PRESENTE,NO,NO,1
32785,139090,139091,2022,2,0,-0.063021,-78.351853,PICHINCHA,QUITO,GUAYLLABAMBA,RURAL,2022-12-31,02:45:00,2,SABADO,6,DICIEMBRE,12,SI,REALIZAR CAMBIO BRUSCO O INDEBIDO DE CARRIL.,CHOQUE LATERAL,NO IDENTIFICADO,0,0,0,0,0,0,0,0,0,2,0,0,0,2,22,MUJER,LESIONADO,PASAJERO,NO,NO,3
32786,139091,139092,2022,0,0,-0.299134,-78.558606,PICHINCHA,QUITO,QUITO,URBANA,2022-12-31,03:00:00,3,SABADO,6,DICIEMBRE,12,SI,CONDUCIR VEHICULO SUPERANDO LOS LIMITES MAXIMOS DE VELOCIDAD.,ESTRELLAMIENTOS,AUTOMOVIL,1,0,0,0,0,0,0,0,0,0,0,0,0,1,31,HOMBRE,ILESO,CONDUCTOR PRESENTE,NO,NO,1
32787,139094,139095,2022,1,0,-0.345428,-78.523787,PICHINCHA,QUITO,QUITO,URBANA,2022-12-31,03:30:00,3,SABADO,6,DICIEMBRE,12,SI,CONDUCIR VEHICULO SUPERANDO LOS LIMITES MAXIMOS DE VELOCIDAD.,ESTRELLAMIENTOS,AUTOMOVIL,1,0,0,0,0,0,0,0,0,0,0,0,0,1,40,HOMBRE,LESIONADO,CONDUCTOR PRESENTE,NO,NO,1
32788,139096,139097,2022,1,0,-0.212786,-78.457571,PICHINCHA,QUITO,QUITO,RURAL,2022-12-31,04:00:00,4,SABADO,6,DICIEMBRE,12,SI,"CONDICIONES AMBIENTALES Y/O ATMOSFERICAS (NIEBLA, NEBLINA, GRANIZO, LLUVIA).",PERDIDA DE CARRIL,MOTOCICLETA,0,0,0,0,0,0,0,0,1,0,0,0,0,1,32,HOMBRE,LESIONADO,CONDUCTOR PRESENTE,SI,NO,3
32789,139098,139099,2022,0,0,-0.259545,-78.522521,PICHINCHA,QUITO,QUITO,URBANA,2022-12-31,04:40:00,4,SABADO,6,DICIEMBRE,12,SI,"NO RESPETAR LAS SENIALES REGLAMENTARIAS DE TRANSITO. (PARE, CEDA EL PASO, LUZ ROJA DEL SEMAFORO, ETC).",ESTRELLAMIENTOS,CAMIONETA,0,0,0,0,1,0,0,0,0,0,0,0,0,1,-1,NO IDENTIFICADO,NO IDENTIFICADO,CONDUCTOR AUSENTE,NO,NO,2
32790,139100,139101,2022,2,0,-0.221938,-78.417428,PICHINCHA,QUITO,TUMBACO,RURAL,2022-12-31,06:05:00,6,SABADO,6,DICIEMBRE,12,SI,CONDUCIR VEHICULO SUPERANDO LOS LIMITES MAXIMOS DE VELOCIDAD.,CHOQUE LATERAL,AUTOMOVIL,2,0,0,0,0,0,0,0,0,0,0,0,0,2,36,HOMBRE,LESIONADO,CONDUCTOR PRESENTE,NO,NO,3
32791,139104,139105,2022,0,0,-0.098439,-78.470389,PICHINCHA,QUITO,QUITO,URBANA,2022-12-31,07:55:00,7,SABADO,6,DICIEMBRE,12,SI,"NO RESPETAR LAS SENIALES REGLAMENTARIAS DE TRANSITO. (PARE, CEDA EL PASO, LUZ ROJA DEL SEMAFORO, ETC).",PERDIDA DE CARRIL,CAMIONETA,0,0,0,0,1,0,0,0,0,0,0,0,0,1,42,HOMBRE,ILESO,CONDUCTOR PRESENTE,NO,NO,1
32792,139106,139107,2022,0,0,-0.196537,-78.466981,PICHINCHA,QUITO,QUITO,URBANA,2022-12-31,08:35:00,8,SABADO,6,DICIEMBRE,12,SI,"CONDICIONES AMBIENTALES Y/O ATMOSFERICAS (NIEBLA, NEBLINA, GRANIZO, LLUVIA).",COLISION,BUS,2,0,1,0,0,0,0,0,0,0,0,0,0,3,33,HOMBRE,ILESO,CONDUCTOR PRESENTE,NO,NO,1
32793,139109,139110,2022,1,0,-0.092574,-78.413772,PICHINCHA,QUITO,CALDERON (CARAPUNGO),RURAL,2022-12-31,09:40:00,9,SABADO,6,DICIEMBRE,12,SI,"CONDUCIR DESATENTO A LAS CONDICIONES DE TRANSITO (CELULAR, PANTALLAS DE VIDEO, COMIDA, MAQUILLAJE O CUALQUIER OTRO ELEMENTO DISTRACTOR).",ATROPELLOS,NO IDENTIFICADO,0,0,0,0,0,0,0,0,0,1,0,0,0,1,59,HOMBRE,LESIONADO,CONDUCTOR PRESENTE,NO,SI,3
32794,139110,139111,2022,1,0,-0.238872,-78.533173,PICHINCHA,QUITO,QUITO,URBANA,2022-12-31,10:40:00,10,SABADO,6,DICIEMBRE,12,SI,CONDUCIR VEHICULO SUPERANDO LOS LIMITES MAXIMOS DE VELOCIDAD.,ESTRELLAMIENTOS,MOTOCICLETA,0,0,0,0,0,0,0,0,1,0,0,0,0,1,30,HOMBRE,LESIONADO,CONDUCTOR PRESENTE,SI,NO,1
32795,139114,139115,2022,0,1,-0.141096,-78.500968,PICHINCHA,QUITO,QUITO,URBANA,2022-12-31,13:30:00,13,SABADO,6,DICIEMBRE,12,SI,NO TRANSITAR POR LAS ACERAS O ZONAS DE SEGURIDAD DESTINADAS PARA EL EFECTO.,ATROPELLOS,MOTOCICLETA,0,0,0,0,0,0,0,0,1,0,0,0,0,1,84,HOMBRE,FALLECIDO,PEATON,NO,NO,1
32796,139128,139129,2022,0,0,-0.283516,-78.517771,PICHINCHA,QUITO,QUITO,URBANA,2022-12-31,17:35:00,17,SABADO,6,DICIEMBRE,12,SI,CONDUCIR VEHICULO SUPERANDO LOS LIMITES MAXIMOS DE VELOCIDAD.,PERDIDA DE CARRIL,CAMIONETA,0,0,0,0,1,0,0,0,0,0,0,0,0,1,-1,NO IDENTIFICADO,NO IDENTIFICADO,CONDUCTOR AUSENTE,NO,NO,2
32797,139130,139131,2022,2,1,-0.218361,-78.534103,PICHINCHA,QUITO,QUITO,URBANA,2022-12-31,18:00:00,18,SABADO,6,DICIEMBRE,12,SI,MALAS CONDICIONES DE LA VIA Y/O CONFIGURACION. (ILUMINACION Y DISENIO).,PERDIDA DE CARRIL,AUTOMOVIL,1,0,0,0,0,0,0,0,0,0,0,0,0,1,26,HOMBRE,FALLECIDO,PASAJERO,NO,NO,1
32798,139131,139132,2022,1,0,-0.294574,-78.548474,PICHINCHA,QUITO,QUITO,URBANA,2022-12-31,18:05:00,18,SABADO,6,DICIEMBRE,12,SI,NO CEDER EL DERECHO DE VIA O PREFERENCIA DE PASO AL PEATON.,ATROPELLOS,NO IDENTIFICADO,0,0,0,0,0,0,0,0,0,1,0,0,0,1,18,MUJER,LESIONADO,PEATON,NO,NO,1
32799,139137,139138,2022,0,0,-0.122225,-78.495571,PICHINCHA,QUITO,QUITO,URBANA,2022-12-31,19:00:00,19,SABADO,6,DICIEMBRE,12,SI,"NO RESPETAR LAS SENIALES REGLAMENTARIAS DE TRANSITO. (PARE, CEDA EL PASO, LUZ ROJA DEL SEMAFORO, ETC).",CHOQUE LATERAL,AUTOMOVIL,2,0,0,0,0,0,0,0,0,0,0,0,0,2,26,HOMBRE,ILESO,CONDUCTOR PRESENTE,NO,NO,1
32800,139138,139139,2022,0,1,-0.222148,-78.532671,PICHINCHA,QUITO,QUITO,URBANA,2022-12-31,19:08:00,19,SABADO,6,DICIEMBRE,12,SI,NO CEDER EL DERECHO DE VIA O PREFERENCIA DE PASO AL PEATON.,ATROPELLOS,NO IDENTIFICADO,0,0,0,0,0,0,0,0,0,1,0,0,0,1,75,HOMBRE,FALLECIDO,PEATON,NO,NO,1
32801,139141,139142,2022,2,0,-0.206822,-78.427575,PICHINCHA,QUITO,CUMBAYA,RURAL,2022-12-31,19:35:00,19,SABADO,6,DICIEMBRE,12,SI,"CONDUCE BAJO LA INFLUENCIA DE ALCOHOL, SUSTANCIAS ESTUPEFACIENTES O PSICOTROPICAS Y/O MEDICAMENTOS.",ESTRELLAMIENTOS,AUTOMOVIL,3,0,0,0,0,0,0,0,0,0,0,0,0,3,20,HOMBRE,LESIONADO,PASAJERO,NO,NO,3
32802,139146,139147,2022,1,1,-0.178653,-78.396133,PICHINCHA,QUITO,TUMBACO,RURAL,2022-12-31,21:00:00,21,SABADO,6,DICIEMBRE,12,SI,CONDUCIR VEHICULO SUPERANDO LOS LIMITES MAXIMOS DE VELOCIDAD.,ESTRELLAMIENTOS,NO IDENTIFICADO,0,0,0,0,0,0,0,0,0,1,0,0,0,1,25,HOMBRE,FALLECIDO,PASAJERO,NO,NO,3
32803,139158,139159,2023,0,0,-0.284215,-78.516339,PICHINCHA,QUITO,QUITO,URBANA,2023-01-01,00:05:00,0,DOMINGO,7,ENERO,1,SI,"CONDICIONES AMBIENTALES Y/O ATMOSFERICAS (NIEBLA, NEBLINA, GRANIZO, LLUVIA).",CHOQUE LATERAL,FURGONETA,1,0,0,0,0,0,0,1,0,0,0,0,0,2,42,HOMBRE,ILESO,CONDUCTOR PRESENTE,NO,NO,1
32804,139162,139163,2023,6,0,-0.057577,-78.464477,PICHINCHA,QUITO,POMASQUI,RURAL,2023-01-01,00:40:00,0,DOMINGO,7,ENERO,1,SI,"CONDUCE BAJO LA INFLUENCIA DE ALCOHOL, SUSTANCIAS ESTUPEFACIENTES O PSICOTROPICAS Y/O MEDICAMENTOS.",ATROPELLOS,AUTOMOVIL,1,0,0,0,0,0,0,0,0,0,0,0,0,1,24,HOMBRE,LESIONADO,CONDUCTOR PRESENTE,NO,NO,3
32805,139168,139169,2023,0,0,-0.084671,-78.436849,PICHINCHA,QUITO,CALDERON (CARAPUNGO),RURAL,2023-01-01,03:30:00,3,DOMINGO,7,ENERO,1,SI,CONDUCIR VEHICULO SUPERANDO LOS LIMITES MAXIMOS DE VELOCIDAD.,ESTRELLAMIENTOS,AUTOMOVIL,2,0,0,0,0,0,0,0,0,0,0,0,0,2,28,HOMBRE,ILESO,CONDUCTOR PRESENTE,NO,NO,3
32806,139169,139170,2023,3,0,-0.313137,-78.548095,PICHINCHA,QUITO,QUITO,URBANA,2023-01-01,04:45:00,4,DOMINGO,7,ENERO,1,SI,"CONDUCE BAJO LA INFLUENCIA DE ALCOHOL, SUSTANCIAS ESTUPEFACIENTES O PSICOTROPICAS Y/O MEDICAMENTOS.",CHOQUE POSTERIOR,AUTOMOVIL,2,0,0,0,0,0,0,0,0,0,0,0,0,2,33,HOMBRE,LESIONADO,PASAJERO,NO,NO,1
32807,139172,139173,2023,1,0,-0.411662,-78.546085,PICHINCHA,MEJIA,TAMBILLO (MEJIA),RURAL,2023-01-01,05:10:00,5,DOMINGO,7,ENERO,1,SI,"CONDUCIR DESATENTO A LAS CONDICIONES DE TRANSITO (CELULAR, PANTALLAS DE VIDEO, COMIDA, MAQUILLAJE O CUALQUIER OTRO ELEMENTO DISTRACTOR).",CHOQUE LATERAL,AUTOMOVIL,2,0,0,0,0,0,0,0,0,0,0,0,0,2,26,HOMBRE,LESIONADO,PASAJERO,NO,SI,3
32808,139181,139182,2023,0,0,-0.217508,-78.490528,PICHINCHA,QUITO,QUITO,URBANA,2023-01-01,06:15:00,6,DOMINGO,7,ENERO,1,SI,CONDUCIR VEHICULO SUPERANDO LOS LIMITES MAXIMOS DE VELOCIDAD.,ESTRELLAMIENTOS,AUTOMOVIL,1,0,0,0,0,0,0,0,0,0,0,0,0,1,-1,NO IDENTIFICADO,NO IDENTIFICADO,CONDUCTOR AUSENTE,NO,NO,2
32809,139182,139183,2023,0,0,-0.202468,-78.368766,PICHINCHA,QUITO,PUEMBO,RURAL,2023-01-01,06:24:00,6,DOMINGO,7,ENERO,1,SI,"NO RESPETAR LAS SENIALES REGLAMENTARIAS DE TRANSITO. (PARE, CEDA EL PASO, LUZ ROJA DEL SEMAFORO, ETC).",ESTRELLAMIENTOS,AUTOMOVIL,1,0,0,0,0,0,0,0,0,0,0,0,0,1,-1,NO IDENTIFICADO,NO IDENTIFICADO,CONDUCTOR AUSENTE,NO,NO,2
32810,139194,139195,2023,0,0,-0.107424,-78.446731,PICHINCHA,QUITO,CALDERON (CARAPUNGO),RURAL,2023-01-01,07:45:00,7,DOMINGO,7,ENERO,1,SI,CONDUCIR VEHICULO SUPERANDO LOS LIMITES MAXIMOS DE VELOCIDAD.,CHOQUE POSTERIOR,AUTOMOVIL,2,0,0,0,0,0,0,0,0,0,0,0,0,2,49,HOMBRE,ILESO,CONDUCTOR PRESENTE,NO,NO,3
32811,139202,139203,2023,0,0,0.005658,-78.822455,PICHINCHA,SAN MIGUEL DE LOS BANCOS,SAN MIGUEL DE LOS BANCOS,RURAL,2023-01-01,09:00:00,9,DOMINGO,7,ENERO,1,SI,"MAL ESTACIONADO - EL CONDUCTOR QUE DETENGA O ESTACIONE VEHICULOS EN SITIOS O ZONAS QUE ENTRANIEN PELIGRO, TALES COMO ZONA DE SEGURIDAD, CURVAS, PUENTES, TUNELES, PENDIENTES.",ESTRELLAMIENTOS,NO IDENTIFICADO,0,0,0,0,0,0,0,0,0,1,0,0,0,1,33,HOMBRE,ILESO,PEATON,NO,SI,3
32812,139204,139205,2023,1,0,-0.258951,-78.502631,PICHINCHA,QUITO,QUITO,URBANA,2023-01-01,09:15:00,9,DOMINGO,7,ENERO,1,SI,NO CEDER EL DERECHO DE VIA O PREFERENCIA DE PASO AL PEATON.,ATROPELLOS,NO IDENTIFICADO,0,0,0,0,0,0,0,0,0,1,0,0,0,1,23,HOMBRE,LESIONADO,PEATON,NO,NO,1
32813,139224,139225,2023,1,0,-0.152087,-78.464618,PICHINCHA,QUITO,QUITO,URBANA,2023-01-01,14:30:00,14,DOMINGO,7,ENERO,1,SI,"CONDICIONES AMBIENTALES Y/O ATMOSFERICAS (NIEBLA, NEBLINA, GRANIZO, LLUVIA).",ESTRELLAMIENTOS,AUTOMOVIL,1,0,0,0,0,0,0,0,0,0,0,0,0,1,21,HOMBRE,LESIONADO,CONDUCTOR PRESENTE,NO,NO,1
32814,139225,139226,2023,1,0,-0.152056,-78.450928,PICHINCHA,QUITO,QUITO,URBANA,2023-01-01,14:50:00,14,DOMINGO,7,ENERO,1,SI,"CONDICIONES AMBIENTALES Y/O ATMOSFERICAS (NIEBLA, NEBLINA, GRANIZO, LLUVIA).",CHOQUE LATERAL,CAMIONETA,1,0,0,0,1,0,0,0,0,0,0,0,0,2,30,HOMBRE,LESIONADO,CONDUCTOR PRESENTE,NO,NO,1
32815,139227,139228,2023,0,0,-0.213601,-78.515901,PICHINCHA,QUITO,QUITO,URBANA,2023-01-01,15:00:00,15,DOMINGO,7,ENERO,1,SI,CONDUCIR VEHICULO SUPERANDO LOS LIMITES MAXIMOS DE VELOCIDAD.,ESTRELLAMIENTOS,AUTOMOVIL,1,0,0,0,0,0,0,0,0,0,0,0,0,1,-1,NO IDENTIFICADO,NO IDENTIFICADO,CONDUCTOR AUSENTE,NO,NO,2
32816,139229,139230,2023,0,0,-0.154062,-78.349699,PICHINCHA,QUITO,TABABELA,RURAL,2023-01-01,15:30:00,15,DOMINGO,7,ENERO,1,SI,"CONDICIONES AMBIENTALES Y/O ATMOSFERICAS (NIEBLA, NEBLINA, GRANIZO, LLUVIA).",ESTRELLAMIENTOS,AUTOMOVIL,1,0,0,0,0,0,0,0,0,0,0,0,0,1,-1,NO IDENTIFICADO,NO IDENTIFICADO,CONDUCTOR AUSENTE,NO,NO,2
32817,139230,139231,2023,0,0,-0.247597,-78.528255,PICHINCHA,QUITO,QUITO,URBANA,2023-01-01,15:45:00,15,DOMINGO,7,ENERO,1,SI,"CONDICIONES AMBIENTALES Y/O ATMOSFERICAS (NIEBLA, NEBLINA, GRANIZO, LLUVIA).",ESTRELLAMIENTOS,AUTOMOVIL,1,0,0,0,0,0,0,0,0,0,0,0,0,1,-1,NO IDENTIFICADO,NO IDENTIFICADO,CONDUCTOR AUSENTE,NO,NO,2