,Unnamed: 0,ID,ANIO,LESIONADOS,FALLECIDOS,LATITUD_Y,LONGITUD_X,PROVINCIA,CANTON,PARROQUIA,ZONA,FECHA,HORA,PERIODO_2,DIA_1,DIA_2,MES_1,MES_2,FERIADO,CAUSA_PROBABLE,TIPO_DE_SINIESTRO,TIPO_DE_VEHICULO_1,AUTOMOVIL,BICICLETA,BUS,CAMION,CAMIONETA,EMERGENCIAS,ESPECIAL,FURGONETA,MOTOCICLETA,NO_IDENTIFICADO,SCOOTER_ELECTRICO,TRICIMOTO,VEHICULO_DEPORTIVO_UTILITARIO,SUMA_DE_VEHICULOS,EDAD_1,SEXO_1,CONDICION_1,PARTICIPANTE_1,CASCO_1,CINTURON_1,KMeans_Cluster
32818,139238,139239,2023,4,0,-0.333861,-78.896222,PICHINCHA,MEJIA,MANUEL CORNEJO ASTORGA,RURAL,2023-01-01,17:30:00,17,DOMINGO,7,ENERO,1,SI,"CONDUCIR DESATENTO A LAS CONDICIONES DE TRANSITO (CELULAR, PANTALLAS DE VIDEO, COMIDA, MAQUILLAJE O CUALQUIER OTRO ELEMENTO DISTRACTOR).",PERDIDA DE CARRIL,AUTOMOVIL,1,0,0,0,0,0,0,0,0,0,0,0,0,1,-1,HOMBRE,LESIONADO,PASAJERO,NO,NO,3
32819,139242,139243,2023,0,0,-0.448295,-78.558551,PICHINCHA,MEJIA,ALOAG,RURAL,2023-01-01,18:00:00,18,DOMINGO,7,ENERO,1,SI,"CONDUCIR DESATENTO A LAS CONDICIONES DE TRANSITO (CELULAR, PANTALLAS DE VIDEO, COMIDA, MAQUILLAJE O CUALQUIER OTRO ELEMENTO DISTRACTOR).",CHOQUE LATERAL,CAMION,1,0,0,1,0,0,0,0,0,0,0,0,0,2,39,HOMBRE,ILESO,CONDUCTOR PRESENTE,NO,SI,3
32820,139243,139244,2023,0,0,-0.349299,-78.556201,PICHINCHA,QUITO,QUITO,URBANA,2023-01-01,18:15:00,18,DOMINGO,7,ENERO,1,SI,"CONDICIONES AMBIENTALES Y/O ATMOSFERICAS (NIEBLA, NEBLINA, GRANIZO, LLUVIA).",CHOQUE LATERAL,CAMIONETA,0,0,0,0,2,0,0,0,0,0,0,0,0,2,65,HOMBRE,ILESO,CONDUCTOR PRESENTE,NO,NO,1
32821,139246,139247,2023,1,0,-0.291477,-78.567163,PICHINCHA,QUITO,QUITO,URBANA,2023-01-01,18:45:00,18,DOMINGO,7,ENERO,1,SI,"CONDICIONES AMBIENTALES Y/O ATMOSFERICAS (NIEBLA, NEBLINA, GRANIZO, LLUVIA).",CHOQUE LATERAL,BUS,0,0,1,0,0,0,0,0,1,0,0,0,0,2,29,HOMBRE,LESIONADO,CONDUCTOR PRESENTE,SI,NO,1
32822,139256,139257,2023,1,0,-0.248849,-78.528591,PICHINCHA,QUITO,QUITO,URBANA,2023-01-01,20:30:00,20,DOMINGO,7,ENERO,1,SI,"CONDUCE BAJO LA INFLUENCIA DE ALCOHOL, SUSTANCIAS ESTUPEFACIENTES O PSICOTROPICAS Y/O MEDICAMENTOS.",ESTRELLAMIENTOS,MOTOCICLETA,1,0,0,0,0,0,0,0,1,0,0,0,0,2,22,HOMBRE,LESIONADO,CONDUCTOR PRESENTE,SI,NO,1
32823,139262,139263,2023,2,0,-0.169312,-78.488214,PICHINCHA,QUITO,QUITO,URBANA,2023-01-01,21:05:00,21,DOMINGO,7,ENERO,1,SI,"CONDICIONES AMBIENTALES Y/O ATMOSFERICAS (NIEBLA, NEBLINA, GRANIZO, LLUVIA).",ESTRELLAMIENTOS,MOTOCICLETA,0,0,0,0,0,0,0,0,1,0,0,0,0,1,37,HOMBRE,LESIONADO,PASAJERO,SI,NO,1
32824,139268,139269,2023,1,0,-0.366206,-78.550752,PICHINCHA,MEJIA,CUTUGLAHUA,RURAL,2023-01-01,22:20:00,22,DOMINGO,7,ENERO,1,SI,"CONDUCIR DESATENTO A LAS CONDICIONES DE TRANSITO (CELULAR, PANTALLAS DE VIDEO, COMIDA, MAQUILLAJE O CUALQUIER OTRO ELEMENTO DISTRACTOR).",CHOQUE POSTERIOR,CAMION,0,0,0,1,0,0,0,1,0,0,0,0,0,2,33,HOMBRE,LESIONADO,CONDUCTOR PRESENTE,NO,SI,3
32825,139275,139276,2023,1,0,-0.369001,-78.502444,PICHINCHA,QUITO,AMAGUANIA,RURAL,2023-01-02,00:20:00,0,LUNES,1,ENERO,1,SI,NO CEDER EL DERECHO DE VIA O PREFERENCIA DE PASO AL PEATON.,ATROPELLOS,MOTOCICLETA,0,0,0,0,0,0,0,0,1,0,0,0,0,1,19,MUJER,LESIONADO,PEATON,NO,NO,3
32826,139281,139282,2023,2,0,-0.286757,-78.460197,PICHINCHA,QUITO,ALANGASI,RURAL,2023-01-02,02:10:00,2,LUNES,1,ENERO,1,SI,"CONDICIONES AMBIENTALES Y/O ATMOSFERICAS (NIEBLA, NEBLINA, GRANIZO, LLUVIA).",PERDIDA DE CARRIL,AUTOMOVIL,1,0,0,0,0,0,0,0,0,0,0,0,0,1,25,HOMBRE,LESIONADO,PASAJERO,NO,NO,3
32827,139291,139292,2023,0,0,-0.192373,-78.454925,PICHINCHA,QUITO,QUITO,URBANA,2023-01-02,08:25:00,8,LUNES,1,ENERO,1,SI,"CONDICIONES AMBIENTALES Y/O ATMOSFERICAS (NIEBLA, NEBLINA, GRANIZO, LLUVIA).",ESTRELLAMIENTOS,AUTOMOVIL,1,0,0,0,0,0,0,0,0,0,0,0,0,1,35,HOMBRE,ILESO,CONDUCTOR PRESENTE,NO,NO,1
32828,139294,139295,2023,0,0,-0.190385,-78.476111,PICHINCHA,QUITO,QUITO,URBANA,2023-01-02,09:00:00,9,LUNES,1,ENERO,1,SI,CONDUCIR VEHICULO SUPERANDO LOS LIMITES MAXIMOS DE VELOCIDAD.,ESTRELLAMIENTOS,AUTOMOVIL,1,0,0,0,0,0,0,0,0,0,0,0,0,1,37,MUJER,ILESO,CONDUCTOR PRESENTE,NO,NO,1
32829,139296,139297,2023,1,0,-0.206228,-78.512122,PICHINCHA,QUITO,QUITO,URBANA,2023-01-02,09:35:00,9,LUNES,1,ENERO,1,SI,"NO RESPETAR LAS SENIALES REGLAMENTARIAS DE TRANSITO. (PARE, CEDA EL PASO, LUZ ROJA DEL SEMAFORO, ETC).",ESTRELLAMIENTOS,AUTOMOVIL,1,0,0,0,0,0,0,0,0,0,0,0,0,1,26,HOMBRE,LESIONADO,CONDUCTOR PRESENTE,NO,NO,1
32830,139301,139302,2023,0,0,-0.452056,-78.658667,PICHINCHA,MEJIA,ALOAG,RURAL,2023-01-02,11:15:00,11,LUNES,1,ENERO,1,SI,CONDUCIR EN SENTIDO CONTRARIO A LA VIA NORMAL DE CIRCULACION.,CHOQUE FRONTAL,AUTOMOVIL,2,0,0,0,0,0,0,0,0,0,0,0,0,2,-1,HOMBRE,ILESO,CONDUCTOR PRESENTE,NO,NO,3
32831,139316,139317,2023,1,0,-0.234806,-78.538681,PICHINCHA,QUITO,QUITO,URBANA,2023-01-02,19:50:00,19,LUNES,1,ENERO,1,SI,NO CEDER EL DERECHO DE VIA O PREFERENCIA DE PASO AL PEATON.,ATROPELLOS,NO IDENTIFICADO,0,0,0,0,0,0,0,0,0,1,0,0,0,1,44,HOMBRE,LESIONADO,PEATON,NO,NO,1
32832,139321,139322,2023,0,0,-0.247284,-78.534931,PICHINCHA,QUITO,QUITO,URBANA,2023-01-02,21:00:00,21,LUNES,1,ENERO,1,SI,"NO RESPETAR LAS SENIALES REGLAMENTARIAS DE TRANSITO. (PARE, CEDA EL PASO, LUZ ROJA DEL SEMAFORO, ETC).",CHOQUE LATERAL,AUTOMOVIL,2,0,0,0,0,0,0,0,0,0,0,0,0,2,31,HOMBRE,ILESO,CONDUCTOR PRESENTE,NO,NO,1
32833,139327,139328,2023,2,0,-0.207589,-78.512776,PICHINCHA,QUITO,QUITO,URBANA,2023-01-03,07:00:00,7,MARTES,2,ENERO,1,NO,NO TRANSITAR POR LAS ACERAS O ZONAS DE SEGURIDAD DESTINADAS PARA EL EFECTO.,ATROPELLOS,AUTOMOVIL,1,0,0,0,0,0,0,0,0,0,0,0,0,1,16,HOMBRE,LESIONADO,PEATON,NO,NO,1
32834,139331,139332,2023,1,0,0.105786,-78.185791,PICHINCHA,PEDRO MONCAYO,TUPIGACHI,RURAL,2023-01-03,09:20:00,9,MARTES,2,ENERO,1,NO,"CONDUCIR DESATENTO A LAS CONDICIONES DE TRANSITO (CELULAR, PANTALLAS DE VIDEO, COMIDA, MAQUILLAJE O CUALQUIER OTRO ELEMENTO DISTRACTOR).",PERDIDA DE PISTA,CAMION,0,0,0,1,0,0,0,0,0,1,0,0,0,2,24,HOMBRE,LESIONADO,CONDUCTOR PRESENTE,NO,SI,3
32835,139334,139335,2023,1,0,-0.289687,-78.538663,PICHINCHA,QUITO,QUITO,URBANA,2023-01-03,11:00:00,11,MARTES,2,ENERO,1,NO,NO TRANSITAR POR LAS ACERAS O ZONAS DE SEGURIDAD DESTINADAS PARA EL EFECTO.,ATROPELLOS,MOTOCICLETA,0,0,0,0,0,0,0,0,1,0,0,0,0,1,52,MUJER,LESIONADO,PEATON,NO,NO,1
32836,139336,139337,2023,1,0,-0.183873,-78.478916,PICHINCHA,QUITO,QUITO,URBANA,2023-01-03,12:45:00,12,MARTES,2,ENERO,1,NO,NO CEDER EL DERECHO DE VIA O PREFERENCIA DE PASO AL PEATON.,ATROPELLOS,NO IDENTIFICADO,0,0,0,0,0,0,0,0,0,1,0,0,0,1,15,MUJER,LESIONADO,PEATON,NO,NO,1
32837,139343,139344,2023,0,0,-0.151961,-78.476493,PICHINCHA,QUITO,QUITO,URBANA,2023-01-03,16:15:00,16,MARTES,2,ENERO,1,NO,"NO RESPETAR LAS SENIALES REGLAMENTARIAS DE TRANSITO. (PARE, CEDA EL PASO, LUZ ROJA DEL SEMAFORO, ETC).",ESTRELLAMIENTOS,FURGONETA,0,0,0,0,1,0,0,1,0,0,0,0,0,2,33,MUJER,ILESO,CONDUCTOR PRESENTE,NO,NO,1
32838,139351,139352,2023,1,0,-0.273699,-78.552273,PICHINCHA,QUITO,QUITO,URBANA,2023-01-03,18:05:00,18,MARTES,2,ENERO,1,NO,CONDUCIR VEHICULO SUPERANDO LOS LIMITES MAXIMOS DE VELOCIDAD.,CHOQUE LATERAL,MOTOCICLETA,0,0,0,0,0,0,0,1,1,0,0,0,0,2,5,MUJER,LESIONADO,PASAJERO,SI,NO,1
32839,139360,139361,2023,0,0,-0.185214,-78.498855,PICHINCHA,QUITO,QUITO,URBANA,2023-01-03,21:19:00,21,MARTES,2,ENERO,1,NO,NO GUARDAR LA DISTANCIA LATERAL MINIMA DE SEGURIDAD ENTRE VEHICULOS.,CHOQUE POSTERIOR,AUTOMOVIL,2,0,0,0,0,0,0,0,0,0,0,0,0,2,26,HOMBRE,ILESO,CONDUCTOR PRESENTE,NO,NO,1
32840,139377,139378,2023,0,0,-0.254396,-78.522179,PICHINCHA,QUITO,QUITO,URBANA,2023-01-04,09:16:00,9,MIERCOLES,3,ENERO,1,NO,CONDUCIR VEHICULO SUPERANDO LOS LIMITES MAXIMOS DE VELOCIDAD.,CHOQUE POSTERIOR,AUTOMOVIL,2,0,0,0,0,0,0,0,0,0,0,0,0,2,33,HOMBRE,ILESO,CONDUCTOR PRESENTE,NO,NO,1
32841,139380,139381,2023,1,0,-0.189692,-78.497374,PICHINCHA,QUITO,QUITO,URBANA,2023-01-04,10:45:00,10,MIERCOLES,3,ENERO,1,NO,NO TRANSITAR POR LAS ACERAS O ZONAS DE SEGURIDAD DESTINADAS PARA EL EFECTO.,ATROPELLOS,AUTOMOVIL,1,0,0,0,0,0,0,0,0,0,0,0,0,1,61,MUJER,LESIONADO,PEATON,NO,NO,1
32842,139382,139383,2023,0,0,-0.449972,-78.649778,PICHINCHA,MEJIA,ALOAG,RURAL,2023-01-04,11:15:00,11,MIERCOLES,3,ENERO,1,NO,"CONDUCIR DESATENTO A LAS CONDICIONES DE TRANSITO (CELULAR, PANTALLAS DE VIDEO, COMIDA, MAQUILLAJE O CUALQUIER OTRO ELEMENTO DISTRACTOR).",ESTRELLAMIENTOS,CAMION,1,0,0,1,0,0,0,0,0,0,0,0,0,2,30,HOMBRE,ILESO,CONDUCTOR PRESENTE,NO,NO,3
32843,139392,139393,2023,0,0,-0.109446,-78.458695,PICHINCHA,QUITO,CALDERON (CARAPUNGO),RURAL,2023-01-04,14:55:00,14,MIERCOLES,3,ENERO,1,NO,"NO RESPETAR LAS SENIALES REGLAMENTARIAS DE TRANSITO. (PARE, CEDA EL PASO, LUZ ROJA DEL SEMAFORO, ETC).",ESTRELLAMIENTOS,AUTOMOVIL,1,0,0,0,0,0,0,0,0,0,0,0,0,1,25,HOMBRE,ILESO,CONDUCTOR PRESENTE,NO,NO,3
32844,139393,139394,2023,1,0,-0.264329,-78.531638,PICHINCHA,QUITO,QUITO,URBANA,2023-01-04,15:20:00,15,MIERCOLES,3,ENERO,1,NO,CONDUCIR VEHICULO SUPERANDO LOS LIMITES MAXIMOS DE VELOCIDAD.,PERDIDA DE CARRIL,AUTOMOVIL,1,0,0,0,0,0,0,0,0,0,0,0,0,1,70,MUJER,LESIONADO,PASAJERO,NO,NO,1
32845,139405,139406,2023,2,0,-0.099357,-78.445241,PICHINCHA,QUITO,CALDERON (CARAPUNGO),RURAL,2023-01-04,21:45:00,21,MIERCOLES,3,ENERO,1,NO,"CONDUCE BAJO LA INFLUENCIA DE ALCOHOL, SUSTANCIAS ESTUPEFACIENTES O PSICOTROPICAS Y/O MEDICAMENTOS.",OTROS,MOTOCICLETA,2,0,0,0,0,0,0,0,1,0,0,0,0,3,20,HOMBRE,LESIONADO,CONDUCTOR PRESENTE,SI,NO,3
32846,139413,139414,2023,2,0,-0.283753,-78.560028,PICHINCHA,QUITO,QUITO,URBANA,2023-01-05,07:45:00,7,JUEVES,4,ENERO,1,NO,NO CEDER EL DERECHO DE VIA O PREFERENCIA DE PASO A VEHICULOS.,CHOQUE LATERAL,CAMIONETA,1,0,0,0,1,0,0,0,0,0,0,0,0,2,26,HOMBRE,LESIONADO,CONDUCTOR PRESENTE,NO,NO,1
32847,139417,139418,2023,1,0,-0.123909,-78.485895,PICHINCHA,QUITO,QUITO,URBANA,2023-01-05,08:45:00,8,JUEVES,4,ENERO,1,NO,NO CEDER EL DERECHO DE VIA O PREFERENCIA DE PASO A VEHICULOS.,CHOQUE LATERAL,AUTOMOVIL,2,0,0,0,0,0,0,0,0,0,0,0,0,2,36,MUJER,LESIONADO,CONDUCTOR PRESENTE,NO,NO,1
32848,139427,139428,2023,0,0,-0.280699,-78.557903,PICHINCHA,QUITO,QUITO,URBANA,2023-01-05,16:20:00,16,JUEVES,4,ENERO,1,NO,NO CEDER EL DERECHO DE VIA O PREFERENCIA DE PASO A VEHICULOS.,CHOQUE LATERAL,CAMIONETA,0,0,0,0,1,0,0,0,0,1,0,0,0,2,38,HOMBRE,ILESO,CONDUCTOR PRESENTE,NO,NO,1
32849,139428,139429,2023,1,0,-0.177361,-78.485814,PICHINCHA,QUITO,QUITO,URBANA,2023-01-05,16:50:00,16,JUEVES,4,ENERO,1,NO,NO TRANSITAR POR LAS ACERAS O ZONAS DE SEGURIDAD DESTINADAS PARA EL EFECTO.,ATROPELLOS,SCOOTER ELECTRICO,0,0,0,0,0,0,0,0,0,0,1,0,0,1,27,MUJER,LESIONADO,PEATON,NO,NO,1
32850,139433,139434,2023,0,0,-0.040475,-78.455014,PICHINCHA,QUITO,POMASQUI,URBANA,2023-01-05,19:00:00,19,JUEVES,4,ENERO,1,NO,"CONDUCE BAJO LA INFLUENCIA DE ALCOHOL, SUSTANCIAS ESTUPEFACIENTES O PSICOTROPICAS Y/O MEDICAMENTOS.",ROZAMIENTOS,AUTOMOVIL,1,0,0,0,0,0,0,0,0,0,0,0,0,1,39,HOMBRE,ILESO,CONDUCTOR PRESENTE,NO,SI,1
32851,139434,139435,2023,1,0,-0.251119,-78.538441,PICHINCHA,QUITO,QUITO,URBANA,2023-01-05,19:21:00,19,JUEVES,4,ENERO,1,NO,CONDUCIR VEHICULO SUPERANDO LOS LIMITES MAXIMOS DE VELOCIDAD.,OTROS,BUS,0,0,1,0,0,0,0,0,0,0,1,0,0,2,31,HOMBRE,LESIONADO,CONDUCTOR PRESENTE,NO,NO,1
32852,139450,139451,2023,1,0,-0.123792,-78.498738,PICHINCHA,QUITO,QUITO,URBANA,2023-01-06,09:50:00,9,VIERNES,5,ENERO,1,NO,NO CEDER EL DERECHO DE VIA O PREFERENCIA DE PASO AL PEATON.,ATROPELLOS,BUS,0,0,1,0,0,0,0,0,0,0,0,0,0,1,27,HOMBRE,LESIONADO,PEATON,NO,NO,1
32853,139455,139456,2023,0,0,-0.263526,-78.487552,PICHINCHA,QUITO,CONOCOTO,RURAL,2023-01-06,14:45:00,14,VIERNES,5,ENERO,1,NO,CONDUCIR VEHICULO SUPERANDO LOS LIMITES MAXIMOS DE VELOCIDAD.,ESTRELLAMIENTOS,FURGONETA,0,0,0,0,0,0,0,1,0,0,0,0,0,1,21,HOMBRE,ILESO,CONDUCTOR PRESENTE,NO,NO,3
32854,139458,139459,2023,2,0,-0.226151,-78.521181,PICHINCHA,QUITO,QUITO,URBANA,2023-01-06,15:05:00,15,VIERNES,5,ENERO,1,NO,"CASO FORTUITO O FUERZA MAYOR (EXPLOSION DE NEUMATICO NUEVO, DERRUMBE, INUNDACION, CAIDA DE PUENTE, ARBOL, PRESENCIA INTEMPESTIVA E IMPREVISTA DE SEMOVIENTES EN LA VIA, ETC.).",OTROS,NO IDENTIFICADO,0,0,0,0,0,0,0,0,0,2,0,0,0,2,24,HOMBRE,LESIONADO,CONDUCTOR PRESENTE,NO,NO,1
32855,139459,139460,2023,1,0,-0.111378,-78.459444,PICHINCHA,QUITO,CALDERON (CARAPUNGO),RURAL,2023-01-06,15:45:00,15,VIERNES,5,ENERO,1,NO,"NO RESPETAR LAS SENIALES REGLAMENTARIAS DE TRANSITO. (PARE, CEDA EL PASO, LUZ ROJA DEL SEMAFORO, ETC).",CHOQUE LATERAL,CAMIONETA,1,0,0,0,1,0,0,0,0,0,0,0,0,2,17,MUJER,LESIONADO,PASAJERO,NO,NO,3
32856,139460,139461,2023,1,0,-0.313894,-78.553377,PICHINCHA,QUITO,QUITO,URBANA,2023-01-06,16:15:00,16,VIERNES,5,ENERO,1,NO,"CONDUCE BAJO LA INFLUENCIA DE ALCOHOL, SUSTANCIAS ESTUPEFACIENTES O PSICOTROPICAS Y/O MEDICAMENTOS.",ATROPELLOS,CAMIONETA,0,0,0,0,1,0,0,0,0,0,0,0,0,1,61,HOMBRE,LESIONADO,PEATON,NO,NO,1
32857,139463,139464,2023,0,0,-0.088414,-78.472433,PICHINCHA,QUITO,QUITO,URBANA,2023-01-06,19:48:00,19,VIERNES,5,ENERO,1,NO,"CONDUCE BAJO LA INFLUENCIA DE ALCOHOL, SUSTANCIAS ESTUPEFACIENTES O PSICOTROPICAS Y/O MEDICAMENTOS.",CHOQUE POSTERIOR,MOTOCICLETA,1,0,0,0,0,0,0,0,1,0,0,0,0,2,25,HOMBRE,ILESO,CONDUCTOR PRESENTE,SI,NO,1
32858,139466,139467,2023,1,0,-0.304121,-78.494117,PICHINCHA,QUITO,CONOCOTO,RURAL,2023-01-06,20:10:00,20,VIERNES,5,ENERO,1,NO,"CONDUCE BAJO LA INFLUENCIA DE ALCOHOL, SUSTANCIAS ESTUPEFACIENTES O PSICOTROPICAS Y/O MEDICAMENTOS.",ATROPELLOS,CAMIONETA,0,0,0,0,1,0,0,0,0,0,0,0,0,1,63,MUJER,LESIONADO,PEATON,NO,NO,3
32859,139472,139473,2023,0,1,-0.239971,-78.335244,PICHINCHA,QUITO,PIFO,RURAL,2023-01-06,21:00:00,21,VIERNES,5,ENERO,1,NO,CONDUCIR VEHICULO SUPERANDO LOS LIMITES MAXIMOS DE VELOCIDAD.,ARROLLAMIENTOS,NO IDENTIFICADO,0,0,0,0,0,0,0,0,0,1,0,0,0,1,25,HOMBRE,FALLECIDO,PEATON,NO,SI,3
32860,139474,139475,2023,1,0,-0.244724,-78.476049,PICHINCHA,QUITO,QUITO,URBANA,2023-01-06,22:20:00,22,VIERNES,5,ENERO,1,NO,"CONDUCE BAJO LA INFLUENCIA DE ALCOHOL, SUSTANCIAS ESTUPEFACIENTES O PSICOTROPICAS Y/O MEDICAMENTOS.",ATROPELLOS,AUTOMOVIL,2,0,0,0,0,0,0,0,0,0,0,0,0,2,38,HOMBRE,LESIONADO,PEATON,NO,NO,1
32861,139481,139482,2023,2,0,-0.254483,-78.530966,PICHINCHA,QUITO,QUITO,URBANA,2023-01-07,00:45:00,0,SABADO,6,ENERO,1,NO,CONDUCIR VEHICULO SUPERANDO LOS LIMITES MAXIMOS DE VELOCIDAD.,PERDIDA DE CARRIL,MOTOCICLETA,0,0,0,0,0,0,0,0,1,0,0,0,0,1,25,HOMBRE,LESIONADO,PASAJERO,SI,NO,1
32862,139482,139483,2023,2,0,-0.268806,-78.532837,PICHINCHA,QUITO,QUITO,URBANA,2023-01-07,00:48:00,0,SABADO,6,ENERO,1,NO,CONDUCIR VEHICULO SUPERANDO LOS LIMITES MAXIMOS DE VELOCIDAD.,PERDIDA DE CARRIL,MOTOCICLETA,0,0,0,0,0,0,0,0,1,0,0,0,0,1,27,HOMBRE,LESIONADO,PASAJERO,SI,NO,1
32863,139485,139486,2023,2,0,-0.094611,-78.482081,PICHINCHA,QUITO,QUITO,URBANA,2023-01-07,03:00:00,3,SABADO,6,ENERO,1,NO,"NO RESPETAR LAS SENIALES REGLAMENTARIAS DE TRANSITO. (PARE, CEDA EL PASO, LUZ ROJA DEL SEMAFORO, ETC).",CHOQUE LATERAL,AUTOMOVIL,2,0,0,0,0,0,0,0,0,0,0,0,0,2,36,HOMBRE,LESIONADO,CONDUCTOR PRESENTE,NO,NO,1
32864,139487,139488,2023,1,0,-0.215537,-78.517442,PICHINCHA,QUITO,QUITO,URBANA,2023-01-07,03:30:00,3,SABADO,6,ENERO,1,NO,NO CEDER EL DERECHO DE VIA O PREFERENCIA DE PASO A VEHICULOS.,CHOQUE LATERAL,CAMION,0,0,0,1,0,0,0,0,1,0,0,0,0,2,27,HOMBRE,LESIONADO,CONDUCTOR PRESENTE,SI,NO,1
32865,139490,139491,2023,1,0,-0.104669,-78.453862,PICHINCHA,QUITO,CALDERON (CARAPUNGO),RURAL,2023-01-07,04:15:00,4,SABADO,6,ENERO,1,NO,"NO RESPETAR LAS SENIALES REGLAMENTARIAS DE TRANSITO. (PARE, CEDA EL PASO, LUZ ROJA DEL SEMAFORO, ETC).",CHOQUE LATERAL,AUTOMOVIL,2,0,0,0,0,0,0,0,0,0,0,0,0,2,58,MUJER,LESIONADO,PASAJERO,NO,NO,3
32866,139491,139492,2023,0,0,-0.165785,-78.452747,PICHINCHA,QUITO,QUITO,URBANA,2023-01-07,04:45:00,4,SABADO,6,ENERO,1,NO,CONDUCIR VEHICULO SUPERANDO LOS LIMITES MAXIMOS DE VELOCIDAD.,ESTRELLAMIENTOS,AUTOMOVIL,1,0,0,0,0,0,0,0,0,0,0,0,0,1,18,MUJER,ILESO,PASAJERO,NO,NO,1
32867,139507,139508,2023,0,0,-0.289827,-78.543902,PICHINCHA,QUITO,QUITO,URBANA,2023-01-07,12:00:00,12,SABADO,6,ENERO,1,NO,"NO RESPETAR LAS SENIALES REGLAMENTARIAS DE TRANSITO. (PARE, CEDA EL PASO, LUZ ROJA DEL SEMAFORO, ETC).",OTROS,AUTOMOVIL,1,0,0,0,0,0,0,0,0,0,0,0,0,1,-1,NO IDENTIFICADO,NO IDENTIFICADO,CONDUCTOR AUSENTE,NO,NO,2
32868,139520,139521,2023,1,0,-0.293743,-78.569629,PICHINCHA,QUITO,QUITO,URBANA,2023-01-07,18:55:00,18,SABADO,6,ENERO,1,NO,NO CEDER EL DERECHO DE VIA O PREFERENCIA DE PASO AL PEATON.,ATROPELLOS,NO IDENTIFICADO,0,0,0,0,0,0,0,0,0,1,0,0,0,1,3,HOMBRE,LESIONADO,PEATON,NO,NO,1
32869,139539,139540,2023,0,3,-0.190882,-78.457532,PICHINCHA,QUITO,QUITO,URBANA,2023-01-07,22:30:00,22,SABADO,6,ENERO,1,NO,CONDUCIR VEHICULO SUPERANDO LOS LIMITES MAXIMOS DE VELOCIDAD.,OTROS,AUTOMOVIL,2,0,0,0,0,0,0,0,0,1,0,0,0,3,28,HOMBRE,FALLECIDO,CONDUCTOR PRESENTE,NO,NO,1
32870,139544,139545,2023,1,0,-0.202163,-78.497707,PICHINCHA,QUITO,QUITO,URBANA,2023-01-07,23:40:00,23,SABADO,6,ENERO,1,NO,"NO RESPETAR LAS SENIALES REGLAMENTARIAS DE TRANSITO. (PARE, CEDA EL PASO, LUZ ROJA DEL SEMAFORO, ETC).",CHOQUE LATERAL,AUTOMOVIL,2,0,0,0,0,0,0,0,0,0,0,0,0,2,32,MUJER,LESIONADO,PASAJERO,NO,NO,1
32871,139555,139556,2023,0,0,-0.233391,-78.508778,PICHINCHA,QUITO,QUITO,URBANA,2023-01-08,03:40:00,3,DOMINGO,7,ENERO,1,NO,NO CEDER EL DERECHO DE VIA O PREFERENCIA DE PASO A VEHICULOS.,CHOQUE LATERAL,AUTOMOVIL,2,0,0,0,0,0,0,0,0,0,0,0,0,2,-1,NO IDENTIFICADO,NO IDENTIFICADO,CONDUCTOR AUSENTE,NO,NO,2
32872,139560,139561,2023,2,0,-0.133853,-78.493833,PICHINCHA,QUITO,QUITO,URBANA,2023-01-08,04:30:00,4,DOMINGO,7,ENERO,1,NO,"NO RESPETAR LAS SENIALES REGLAMENTARIAS DE TRANSITO. (PARE, CEDA EL PASO, LUZ ROJA DEL SEMAFORO, ETC).",CHOQUE LATERAL,AUTOMOVIL,2,0,0,0,0,0,0,0,0,0,0,0,0,2,21,HOMBRE,LESIONADO,PASAJERO,NO,NO,1
32873,139572,139573,2023,1,0,-0.204347,-78.490006,PICHINCHA,QUITO,QUITO,URBANA,2023-01-08,09:00:00,9,DOMINGO,7,ENERO,1,NO,CONDUCIR VEHICULO SUPERANDO LOS LIMITES MAXIMOS DE VELOCIDAD.,PERDIDA DE CARRIL,MOTOCICLETA,0,0,0,0,0,0,0,0,1,0,0,0,0,1,37,HOMBRE,LESIONADO,CONDUCTOR PRESENTE,NO,NO,1
32874,139576,139577,2023,0,0,-0.326044,-78.556305,PICHINCHA,QUITO,QUITO,URBANA,2023-01-08,11:19:00,11,DOMINGO,7,ENERO,1,NO,"NO RESPETAR LAS SENIALES REGLAMENTARIAS DE TRANSITO. (PARE, CEDA EL PASO, LUZ ROJA DEL SEMAFORO, ETC).",ESTRELLAMIENTOS,BUS,0,0,1,0,0,0,0,0,0,0,0,0,0,1,64,HOMBRE,ILESO,CONDUCTOR PRESENTE,NO,NO,1
32875,139577,139578,2023,0,0,-0.303396,-78.551285,PICHINCHA,QUITO,QUITO,URBANA,2023-01-08,11:30:00,11,DOMINGO,7,ENERO,1,NO,"NO RESPETAR LAS SENIALES REGLAMENTARIAS DE TRANSITO. (PARE, CEDA EL PASO, LUZ ROJA DEL SEMAFORO, ETC).",OTROS,BUS,0,0,1,0,0,0,0,0,0,0,0,0,0,1,27,HOMBRE,ILESO,CONDUCTOR PRESENTE,NO,NO,1