,Unnamed: 0,ID,ANIO,LESIONADOS,FALLECIDOS,LATITUD_Y,LONGITUD_X,PROVINCIA,CANTON,PARROQUIA,ZONA,FECHA,HORA,PERIODO_2,DIA_1,DIA_2,MES_1,MES_2,FERIADO,CAUSA_PROBABLE,TIPO_DE_SINIESTRO,TIPO_DE_VEHICULO_1,AUTOMOVIL,BICICLETA,BUS,CAMION,CAMIONETA,EMERGENCIAS,ESPECIAL,FURGONETA,MOTOCICLETA,NO_IDENTIFICADO,SCOOTER_ELECTRICO,TRICIMOTO,VEHICULO_DEPORTIVO_UTILITARIO,SUMA_DE_VEHICULOS,EDAD_1,SEXO_1,CONDICION_1,PARTICIPANTE_1,CASCO_1,CINTURON_1,KMeans_Cluster
32876,139579,139580,2023,0,0,-0.167895,-78.479368,PICHINCHA,QUITO,QUITO,URBANA,2023-01-08,12:35:00,12,DOMINGO,7,ENERO,1,NO,NO MANTENER LA DISTANCIA PRUDENCIAL CON RESPECTO AL VEHICULO QUE LE ANTECEDE.,CHOQUE POSTERIOR,AUTOMOVIL,2,0,0,0,0,0,0,0,0,0,0,0,0,2,32,HOMBRE,ILESO,CONDUCTOR PRESENTE,NO,NO,1
32877,139582,139583,2023,0,0,-0.330721,-78.550462,PICHINCHA,QUITO,QUITO,URBANA,2023-01-08,12:50:00,12,DOMINGO,7,ENERO,1,NO,"CONDUCE BAJO LA INFLUENCIA DE ALCOHOL, SUSTANCIAS ESTUPEFACIENTES O PSICOTROPICAS Y/O MEDICAMENTOS.",PERDIDA DE CARRIL,AUTOMOVIL,1,0,0,0,0,0,0,0,0,0,0,0,0,1,29,HOMBRE,ILESO,CONDUCTOR PRESENTE,NO,NO,1
32878,139588,139589,2023,5,0,-0.446782,-78.664274,PICHINCHA,MEJIA,ALOAG,RURAL,2023-01-08,14:45:00,14,DOMINGO,7,ENERO,1,NO,"NO RESPETAR LAS SENIALES REGLAMENTARIAS DE TRANSITO. (PARE, CEDA EL PASO, LUZ ROJA DEL SEMAFORO, ETC).",CHOQUE LATERAL,VEHICULO DEPORTIVO UTILITARIO,1,0,0,0,0,0,0,0,0,0,0,0,1,2,-1,HOMBRE,LESIONADO,CONDUCTOR PRESENTE,NO,NO,3
32879,139590,139591,2023,1,0,-0.250357,-78.537532,PICHINCHA,QUITO,QUITO,URBANA,2023-01-08,15:35:00,15,DOMINGO,7,ENERO,1,NO,NO CEDER EL DERECHO DE VIA O PREFERENCIA DE PASO AL PEATON.,ATROPELLOS,NO IDENTIFICADO,0,0,0,0,0,0,0,0,0,1,0,0,0,1,69,MUJER,LESIONADO,PEATON,NO,NO,1
32880,139599,139600,2023,0,0,-0.085425,-78.418426,PICHINCHA,QUITO,CALDERON (CARAPUNGO),RURAL,2023-01-08,18:40:00,18,DOMINGO,7,ENERO,1,NO,NO CEDER EL DERECHO DE VIA O PREFERENCIA DE PASO A VEHICULOS.,CHOQUE LATERAL,FURGONETA,1,0,0,0,0,0,0,1,0,0,0,0,0,2,30,HOMBRE,ILESO,CONDUCTOR PRESENTE,NO,NO,3
32881,139600,139601,2023,2,0,-0.310454,-78.558751,PICHINCHA,QUITO,QUITO,URBANA,2023-01-08,19:30:00,19,DOMINGO,7,ENERO,1,NO,"NO RESPETAR LAS SENIALES REGLAMENTARIAS DE TRANSITO. (PARE, CEDA EL PASO, LUZ ROJA DEL SEMAFORO, ETC).",CHOQUE FRONTAL,AUTOMOVIL,2,0,0,0,0,0,0,0,0,0,0,0,0,2,31,HOMBRE,LESIONADO,CONDUCTOR PRESENTE,NO,NO,1
32882,139606,139607,2023,0,0,-0.229167,-78.522047,PICHINCHA,QUITO,QUITO,URBANA,2023-01-08,20:20:00,20,DOMINGO,7,ENERO,1,NO,"NO RESPETAR LAS SENIALES REGLAMENTARIAS DE TRANSITO. (PARE, CEDA EL PASO, LUZ ROJA DEL SEMAFORO, ETC).",ESTRELLAMIENTOS,CAMIONETA,0,0,0,0,1,0,0,0,0,0,0,0,0,1,30,MUJER,ILESO,CONDUCTOR PRESENTE,NO,NO,1
32883,139631,139632,2023,0,0,-0.302658,-78.556541,PICHINCHA,QUITO,QUITO,URBANA,2023-01-09,08:50:00,8,LUNES,1,ENERO,1,NO,NO CEDER EL DERECHO DE VIA O PREFERENCIA DE PASO A VEHICULOS.,CHOQUE LATERAL,AUTOMOVIL,2,0,0,0,0,0,0,0,0,0,0,0,0,2,19,HOMBRE,ILESO,CONDUCTOR PRESENTE,NO,NO,1
32884,139637,139638,2023,2,0,-0.094826,-78.477528,PICHINCHA,QUITO,QUITO,URBANA,2023-01-09,13:15:00,13,LUNES,1,ENERO,1,NO,"CONDICIONES AMBIENTALES Y/O ATMOSFERICAS (NIEBLA, NEBLINA, GRANIZO, LLUVIA).",CHOQUE LATERAL,MOTOCICLETA,1,0,0,0,0,0,0,0,1,0,0,0,0,2,32,HOMBRE,LESIONADO,PASAJERO,SI,NO,1
32885,139639,139640,2023,1,0,-0.109746,-78.458528,PICHINCHA,QUITO,CALDERON (CARAPUNGO),RURAL,2023-01-09,13:35:00,13,LUNES,1,ENERO,1,NO,"CONDICIONES AMBIENTALES Y/O ATMOSFERICAS (NIEBLA, NEBLINA, GRANIZO, LLUVIA).",CHOQUE LATERAL,BICICLETA,0,1,0,0,0,0,0,0,1,0,0,0,0,2,22,MUJER,LESIONADO,CONDUCTOR PRESENTE,NO,NO,3
32886,139650,139651,2023,0,0,-0.214999,-78.455202,PICHINCHA,QUITO,CUMBAYA,RURAL,2023-01-09,17:30:00,17,LUNES,1,ENERO,1,NO,"CONDICIONES AMBIENTALES Y/O ATMOSFERICAS (NIEBLA, NEBLINA, GRANIZO, LLUVIA).",ESTRELLAMIENTOS,AUTOMOVIL,1,0,0,0,0,0,0,0,0,0,0,0,0,1,45,HOMBRE,ILESO,CONDUCTOR PRESENTE,NO,NO,3
32887,139651,139652,2023,0,0,-0.215622,-78.455839,PICHINCHA,QUITO,CUMBAYA,RURAL,2023-01-09,18:12:00,18,LUNES,1,ENERO,1,NO,"CONDICIONES AMBIENTALES Y/O ATMOSFERICAS (NIEBLA, NEBLINA, GRANIZO, LLUVIA).",ESTRELLAMIENTOS,AUTOMOVIL,1,0,0,0,0,0,0,0,0,0,0,0,0,1,49,HOMBRE,ILESO,CONDUCTOR PRESENTE,NO,NO,3
32888,139656,139657,2023,0,0,-0.308469,-78.544927,PICHINCHA,QUITO,QUITO,URBANA,2023-01-09,20:12:00,20,LUNES,1,ENERO,1,NO,"CONDUCE BAJO LA INFLUENCIA DE ALCOHOL, SUSTANCIAS ESTUPEFACIENTES O PSICOTROPICAS Y/O MEDICAMENTOS.",ESTRELLAMIENTOS,AUTOMOVIL,1,0,0,0,0,0,0,0,0,0,0,0,0,1,66,HOMBRE,ILESO,CONDUCTOR PRESENTE,NO,NO,1
32889,139659,139660,2023,0,0,-0.206319,-78.501896,PICHINCHA,QUITO,QUITO,URBANA,2023-01-09,21:40:00,21,LUNES,1,ENERO,1,NO,"CONDICIONES AMBIENTALES Y/O ATMOSFERICAS (NIEBLA, NEBLINA, GRANIZO, LLUVIA).",CHOQUE LATERAL,AUTOMOVIL,2,0,0,0,0,0,0,0,0,0,0,0,0,2,22,HOMBRE,ILESO,CONDUCTOR PRESENTE,NO,NO,1
32890,139673,139674,2023,1,0,-0.193433,-78.482987,PICHINCHA,QUITO,QUITO,URBANA,2023-01-10,09:40:00,9,MARTES,2,ENERO,1,NO,NO TRANSITAR POR LAS ACERAS O ZONAS DE SEGURIDAD DESTINADAS PARA EL EFECTO.,ARROLLAMIENTOS,AUTOMOVIL,1,0,0,0,0,0,0,0,0,0,0,0,0,1,32,HOMBRE,LESIONADO,PEATON,NO,NO,1
32891,139683,139684,2023,0,0,-0.220112,-78.507467,PICHINCHA,QUITO,QUITO,URBANA,2023-01-10,15:45:00,15,MARTES,2,ENERO,1,NO,"CONDICIONES AMBIENTALES Y/O ATMOSFERICAS (NIEBLA, NEBLINA, GRANIZO, LLUVIA).",CHOQUE LATERAL,BUS,0,0,1,0,0,0,0,0,1,0,0,0,0,2,31,HOMBRE,ILESO,CONDUCTOR PRESENTE,SI,NO,1
32892,139687,139688,2023,0,1,-0.115461,-78.489524,PICHINCHA,QUITO,QUITO,URBANA,2023-01-10,17:00:00,17,MARTES,2,ENERO,1,NO,NO CEDER EL DERECHO DE VIA O PREFERENCIA DE PASO AL PEATON.,ATROPELLOS,BUS,0,0,1,0,0,0,0,0,0,0,0,0,0,1,75,HOMBRE,FALLECIDO,PEATON,NO,NO,1
32893,139689,139690,2023,2,0,-0.286409,-78.556213,PICHINCHA,QUITO,QUITO,URBANA,2023-01-10,17:20:00,17,MARTES,2,ENERO,1,NO,NO TRANSITAR POR LAS ACERAS O ZONAS DE SEGURIDAD DESTINADAS PARA EL EFECTO.,ATROPELLOS,MOTOCICLETA,0,0,0,0,0,0,0,0,1,0,0,0,0,1,22,HOMBRE,LESIONADO,CONDUCTOR PRESENTE,SI,NO,1
32894,139690,139691,2023,0,0,-0.218017,-78.431799,PICHINCHA,QUITO,CUMBAYA,RURAL,2023-01-10,17:20:00,17,MARTES,2,ENERO,1,NO,"CONDUCE BAJO LA INFLUENCIA DE ALCOHOL, SUSTANCIAS ESTUPEFACIENTES O PSICOTROPICAS Y/O MEDICAMENTOS.",CHOQUE LATERAL,AUTOMOVIL,2,0,0,0,0,0,0,0,0,0,0,0,0,2,28,HOMBRE,ILESO,CONDUCTOR PRESENTE,NO,NO,3
32895,139699,139700,2023,0,0,-0.073279,-78.469468,PICHINCHA,QUITO,POMASQUI,RURAL,2023-01-10,19:20:00,19,MARTES,2,ENERO,1,NO,"CONDICIONES AMBIENTALES Y/O ATMOSFERICAS (NIEBLA, NEBLINA, GRANIZO, LLUVIA).",ESTRELLAMIENTOS,AUTOMOVIL,1,0,0,0,0,0,0,0,0,0,0,0,0,1,47,HOMBRE,ILESO,CONDUCTOR PRESENTE,NO,NO,3
32896,139703,139704,2023,1,0,-0.286871,-78.489169,PICHINCHA,QUITO,CONOCOTO,RURAL,2023-01-10,19:53:00,19,MARTES,2,ENERO,1,NO,"CONDICIONES AMBIENTALES Y/O ATMOSFERICAS (NIEBLA, NEBLINA, GRANIZO, LLUVIA).",CHOQUE FRONTAL,NO IDENTIFICADO,0,0,0,0,0,0,0,0,0,2,0,0,0,2,27,HOMBRE,LESIONADO,CONDUCTOR PRESENTE,NO,NO,3
32897,139719,139720,2023,0,0,-0.147556,-78.447795,PICHINCHA,QUITO,QUITO,RURAL,2023-01-11,09:15:00,9,MIERCOLES,3,ENERO,1,NO,"CONDICIONES AMBIENTALES Y/O ATMOSFERICAS (NIEBLA, NEBLINA, GRANIZO, LLUVIA).",COLISION,AUTOMOVIL,3,0,0,0,0,0,0,0,0,0,0,0,0,3,24,HOMBRE,ILESO,CONDUCTOR PRESENTE,NO,NO,3
32898,139721,139722,2023,0,0,-0.113487,-78.505201,PICHINCHA,QUITO,QUITO,URBANA,2023-01-11,09:40:00,9,MIERCOLES,3,ENERO,1,NO,CONDUCIR VEHICULO SUPERANDO LOS LIMITES MAXIMOS DE VELOCIDAD.,OTROS,AUTOMOVIL,2,0,0,0,0,0,0,0,0,1,0,0,0,3,39,HOMBRE,ILESO,CONDUCTOR PRESENTE,NO,NO,1
32899,139739,139740,2023,1,0,-0.202898,-78.482964,PICHINCHA,QUITO,QUITO,URBANA,2023-01-11,18:50:00,18,MIERCOLES,3,ENERO,1,NO,NO CEDER EL DERECHO DE VIA O PREFERENCIA DE PASO AL PEATON.,ATROPELLOS,NO IDENTIFICADO,0,0,0,0,0,0,0,0,0,1,0,0,0,1,41,MUJER,LESIONADO,PEATON,NO,NO,1
32900,139754,139755,2023,0,0,-0.244401,-78.506001,PICHINCHA,QUITO,QUITO,URBANA,2023-01-12,02:15:00,2,JUEVES,4,ENERO,1,NO,REALIZAR CAMBIO BRUSCO O INDEBIDO DE CARRIL.,CHOQUE FRONTAL,FURGONETA,1,0,0,0,0,0,0,1,0,0,0,0,0,2,52,HOMBRE,ILESO,PASAJERO,NO,NO,1
32901,139757,139758,2023,1,0,-0.302988,-78.476481,PICHINCHA,QUITO,CONOCOTO,RURAL,2023-01-12,07:00:00,7,JUEVES,4,ENERO,1,NO,NO TRANSITAR POR LAS ACERAS O ZONAS DE SEGURIDAD DESTINADAS PARA EL EFECTO.,ATROPELLOS,AUTOMOVIL,1,0,0,0,0,0,0,0,0,0,0,0,0,1,77,HOMBRE,LESIONADO,PEATON,NO,NO,3
32902,139769,139770,2023,0,0,-0.238928,-78.484812,PICHINCHA,QUITO,QUITO,URBANA,2023-01-12,09:05:00,9,JUEVES,4,ENERO,1,NO,NO MANTENER LA DISTANCIA PRUDENCIAL CON RESPECTO AL VEHICULO QUE LE ANTECEDE.,COLISION,CAMION,1,0,0,1,1,0,0,0,0,0,0,0,0,3,55,HOMBRE,ILESO,CONDUCTOR PRESENTE,NO,NO,1
32903,139772,139773,2023,0,0,-0.230194,-78.506516,PICHINCHA,QUITO,QUITO,URBANA,2023-01-12,10:50:00,10,JUEVES,4,ENERO,1,NO,NO CEDER EL DERECHO DE VIA O PREFERENCIA DE PASO A VEHICULOS.,CHOQUE LATERAL,BUS,0,0,1,0,0,0,0,0,1,0,0,0,0,2,31,HOMBRE,ILESO,CONDUCTOR PRESENTE,SI,NO,1
32904,139776,139777,2023,1,0,-0.115627,-78.491811,PICHINCHA,QUITO,QUITO,URBANA,2023-01-12,12:20:00,12,JUEVES,4,ENERO,1,NO,NO CEDER EL DERECHO DE VIA O PREFERENCIA DE PASO AL PEATON.,ATROPELLOS,CAMIONETA,0,0,0,0,1,0,0,0,0,0,0,0,0,1,54,MUJER,LESIONADO,PEATON,NO,NO,1
32905,139787,139788,2023,0,0,-0.077861,-78.435588,PICHINCHA,QUITO,CALDERON (CARAPUNGO),RURAL,2023-01-12,16:20:00,16,JUEVES,4,ENERO,1,NO,CONDUCIR VEHICULO SUPERANDO LOS LIMITES MAXIMOS DE VELOCIDAD.,ESTRELLAMIENTOS,CAMION,0,0,0,1,0,0,0,0,0,0,0,0,0,1,-1,NO IDENTIFICADO,NO IDENTIFICADO,CONDUCTOR AUSENTE,NO,NO,2
32906,139793,139794,2023,1,0,-0.161677,-78.490085,PICHINCHA,QUITO,QUITO,URBANA,2023-01-12,18:45:00,18,JUEVES,4,ENERO,1,NO,"CONDICIONES AMBIENTALES Y/O ATMOSFERICAS (NIEBLA, NEBLINA, GRANIZO, LLUVIA).",CHOQUE POSTERIOR,MOTOCICLETA,0,0,0,0,0,0,0,0,1,1,0,0,0,2,34,HOMBRE,LESIONADO,PASAJERO,SI,NO,1
32907,139795,139796,2023,0,0,-0.169899,-78.487151,PICHINCHA,QUITO,QUITO,URBANA,2023-01-12,19:05:00,19,JUEVES,4,ENERO,1,NO,"CONDICIONES AMBIENTALES Y/O ATMOSFERICAS (NIEBLA, NEBLINA, GRANIZO, LLUVIA).",CHOQUE LATERAL,CAMION,1,0,0,1,0,0,0,0,0,0,0,0,0,2,22,HOMBRE,ILESO,CONDUCTOR PRESENTE,NO,NO,1
32908,139799,139800,2023,0,0,-0.135408,-78.358398,PICHINCHA,QUITO,TABABELA,RURAL,2023-01-12,21:00:00,21,JUEVES,4,ENERO,1,NO,"CONDUCE BAJO LA INFLUENCIA DE ALCOHOL, SUSTANCIAS ESTUPEFACIENTES O PSICOTROPICAS Y/O MEDICAMENTOS.",CHOQUE POSTERIOR,CAMIONETA,1,0,0,0,1,0,0,0,0,0,0,0,0,2,31,HOMBRE,ILESO,CONDUCTOR PRESENTE,NO,NO,3
32909,139800,139801,2023,1,0,-0.215861,-78.379851,PICHINCHA,QUITO,TUMBACO,RURAL,2023-01-12,21:05:00,21,JUEVES,4,ENERO,1,NO,"CONDICIONES AMBIENTALES Y/O ATMOSFERICAS (NIEBLA, NEBLINA, GRANIZO, LLUVIA).",CHOQUE LATERAL,MOTOCICLETA,1,0,0,0,0,0,0,0,1,0,0,0,0,2,25,HOMBRE,LESIONADO,CONDUCTOR PRESENTE,SI,NO,3
32910,139801,139802,2023,0,0,-0.203271,-78.459831,PICHINCHA,QUITO,QUITO,URBANA,2023-01-12,21:47:00,21,JUEVES,4,ENERO,1,NO,"CONDICIONES AMBIENTALES Y/O ATMOSFERICAS (NIEBLA, NEBLINA, GRANIZO, LLUVIA).",CHOQUE POSTERIOR,AUTOMOVIL,2,0,0,0,0,0,0,0,0,0,0,0,0,2,49,HOMBRE,ILESO,CONDUCTOR PRESENTE,NO,NO,1
32911,139803,139804,2023,0,0,-0.210583,-78.494073,PICHINCHA,QUITO,QUITO,URBANA,2023-01-12,22:30:00,22,JUEVES,4,ENERO,1,NO,"CONDICIONES AMBIENTALES Y/O ATMOSFERICAS (NIEBLA, NEBLINA, GRANIZO, LLUVIA).",ESTRELLAMIENTOS,AUTOMOVIL,1,0,0,0,0,0,0,0,0,0,0,0,0,1,24,HOMBRE,ILESO,CONDUCTOR PRESENTE,NO,NO,1
32912,139804,139805,2023,0,0,-0.153314,-78.484571,PICHINCHA,QUITO,QUITO,URBANA,2023-01-12,23:00:00,23,JUEVES,4,ENERO,1,NO,CONDUCIR VEHICULO SUPERANDO LOS LIMITES MAXIMOS DE VELOCIDAD.,ESTRELLAMIENTOS,AUTOMOVIL,1,0,0,0,0,0,0,0,0,0,0,0,0,1,-1,NO IDENTIFICADO,NO IDENTIFICADO,CONDUCTOR AUSENTE,NO,NO,2
32913,139808,139809,2023,0,1,-0.206551,-78.512311,PICHINCHA,QUITO,QUITO,URBANA,2023-01-13,01:15:00,1,VIERNES,5,ENERO,1,NO,NO CEDER EL DERECHO DE VIA O PREFERENCIA DE PASO AL PEATON.,ATROPELLOS,NO IDENTIFICADO,0,0,0,0,0,0,0,0,0,1,0,0,0,1,35,HOMBRE,FALLECIDO,PEATON,NO,NO,1
32914,139809,139810,2023,0,0,-0.330685,-78.484838,PICHINCHA,QUITO,AMAGUANIA,RURAL,2023-01-13,01:30:00,1,VIERNES,5,ENERO,1,NO,CONDUCIR VEHICULO SUPERANDO LOS LIMITES MAXIMOS DE VELOCIDAD.,ESTRELLAMIENTOS,AUTOMOVIL,1,0,0,0,0,0,0,0,0,0,0,0,0,1,24,HOMBRE,ILESO,PASAJERO,NO,NO,3
32915,139812,139813,2023,0,0,-0.063048,-78.371114,PICHINCHA,QUITO,GUAYLLABAMBA,RURAL,2023-01-13,02:07:00,2,VIERNES,5,ENERO,1,NO,"CONDUCIR DESATENTO A LAS CONDICIONES DE TRANSITO (CELULAR, PANTALLAS DE VIDEO, COMIDA, MAQUILLAJE O CUALQUIER OTRO ELEMENTO DISTRACTOR).",PERDIDA DE CARRIL,FURGONETA,0,0,0,0,0,0,0,1,0,0,0,0,0,1,30,HOMBRE,ILESO,CONDUCTOR PRESENTE,NO,SI,3
32916,139814,139815,2023,0,0,-0.295531,-78.555101,PICHINCHA,QUITO,QUITO,URBANA,2023-01-13,02:10:00,2,VIERNES,5,ENERO,1,NO,CONDUCIR VEHICULO SUPERANDO LOS LIMITES MAXIMOS DE VELOCIDAD.,ESTRELLAMIENTOS,CAMIONETA,0,0,0,0,1,0,0,0,0,0,0,0,0,1,-1,NO IDENTIFICADO,NO IDENTIFICADO,CONDUCTOR AUSENTE,NO,NO,2
32917,139819,139820,2023,0,0,-0.246114,-78.518471,PICHINCHA,QUITO,QUITO,URBANA,2023-01-13,05:45:00,5,VIERNES,5,ENERO,1,NO,CONDUCIR VEHICULO SUPERANDO LOS LIMITES MAXIMOS DE VELOCIDAD.,ESTRELLAMIENTOS,AUTOMOVIL,1,0,0,0,0,0,0,0,0,0,0,0,0,1,-1,NO IDENTIFICADO,NO IDENTIFICADO,CONDUCTOR AUSENTE,NO,NO,2
32918,139822,139823,2023,0,0,-0.242032,-78.521015,PICHINCHA,QUITO,QUITO,URBANA,2023-01-13,07:35:00,7,VIERNES,5,ENERO,1,NO,NO GUARDAR LA DISTANCIA LATERAL MINIMA DE SEGURIDAD ENTRE VEHICULOS.,ROZAMIENTOS,BUS,0,0,1,0,1,0,0,0,0,0,0,0,0,2,61,HOMBRE,ILESO,CONDUCTOR PRESENTE,NO,NO,1
32919,139831,139832,2023,1,0,-0.449411,-78.585734,PICHINCHA,MEJIA,ALOAG,URBANA,2023-01-13,08:45:00,8,VIERNES,5,ENERO,1,NO,"CONDUCIR DESATENTO A LAS CONDICIONES DE TRANSITO (CELULAR, PANTALLAS DE VIDEO, COMIDA, MAQUILLAJE O CUALQUIER OTRO ELEMENTO DISTRACTOR).",OTROS,EMERGENCIAS,1,0,0,0,0,1,0,0,0,0,0,0,0,2,62,MUJER,LESIONADO,CONDUCTOR PRESENTE,NO,SI,1
32920,139832,139833,2023,0,0,-0.348639,-78.849001,PICHINCHA,MEJIA,MANUEL CORNEJO ASTORGA,RURAL,2023-01-13,08:59:00,8,VIERNES,5,ENERO,1,NO,"CONDUCIR DESATENTO A LAS CONDICIONES DE TRANSITO (CELULAR, PANTALLAS DE VIDEO, COMIDA, MAQUILLAJE O CUALQUIER OTRO ELEMENTO DISTRACTOR).",PERDIDA DE CARRIL,CAMION,0,0,0,1,0,0,0,0,0,0,0,0,0,1,-1,HOMBRE,ILESO,CONDUCTOR PRESENTE,NO,NO,3
32921,139837,139838,2023,1,0,-0.162113,-78.482296,PICHINCHA,QUITO,QUITO,URBANA,2023-01-13,12:00:00,12,VIERNES,5,ENERO,1,NO,NO TRANSITAR POR LAS ACERAS O ZONAS DE SEGURIDAD DESTINADAS PARA EL EFECTO.,ATROPELLOS,AUTOMOVIL,1,0,0,0,0,0,0,0,0,0,0,0,0,1,17,MUJER,LESIONADO,PEATON,NO,NO,1
32922,139841,139842,2023,1,0,-0.115346,-78.490589,PICHINCHA,QUITO,QUITO,URBANA,2023-01-13,13:00:00,13,VIERNES,5,ENERO,1,NO,NO CEDER EL DERECHO DE VIA O PREFERENCIA DE PASO A VEHICULOS.,CHOQUE LATERAL,BUS,0,0,1,0,0,0,0,0,1,0,0,0,0,2,37,HOMBRE,LESIONADO,CONDUCTOR PRESENTE,SI,NO,1
32923,139845,139846,2023,1,0,-0.269186,-78.555512,PICHINCHA,QUITO,QUITO,URBANA,2023-01-13,15:00:00,15,VIERNES,5,ENERO,1,NO,CONDUCIR VEHICULO SUPERANDO LOS LIMITES MAXIMOS DE VELOCIDAD.,PERDIDA DE CARRIL,NO IDENTIFICADO,0,0,0,0,0,0,0,0,0,1,0,0,0,1,40,HOMBRE,LESIONADO,PASAJERO,NO,NO,1
32924,139852,139853,2023,0,0,-0.226209,-78.523791,PICHINCHA,QUITO,QUITO,URBANA,2023-01-13,17:30:00,17,VIERNES,5,ENERO,1,NO,"CONDICIONES AMBIENTALES Y/O ATMOSFERICAS (NIEBLA, NEBLINA, GRANIZO, LLUVIA).",CHOQUE FRONTAL,CAMIONETA,1,0,0,0,1,0,0,0,0,0,0,0,0,2,49,HOMBRE,ILESO,CONDUCTOR PRESENTE,NO,NO,1
32925,139855,139856,2023,1,0,-0.295613,-78.528972,PICHINCHA,QUITO,QUITO,URBANA,2023-01-13,18:00:00,18,VIERNES,5,ENERO,1,NO,NO MANTENER LA DISTANCIA PRUDENCIAL CON RESPECTO AL VEHICULO QUE LE ANTECEDE.,CHOQUE POSTERIOR,FURGONETA,1,0,0,0,0,0,0,1,0,0,0,0,0,2,48,HOMBRE,LESIONADO,CONDUCTOR PRESENTE,NO,NO,1
32926,139857,139858,2023,2,0,-0.306251,-78.565418,PICHINCHA,QUITO,QUITO,URBANA,2023-01-13,18:30:00,18,VIERNES,5,ENERO,1,NO,NO CEDER EL DERECHO DE VIA O PREFERENCIA DE PASO A VEHICULOS.,CHOQUE LATERAL,MOTOCICLETA,1,0,0,0,0,0,0,0,1,0,0,0,0,2,16,HOMBRE,LESIONADO,PASAJERO,SI,NO,1
32927,139860,139861,2023,0,0,-0.086692,-78.425599,PICHINCHA,QUITO,CALDERON (CARAPUNGO),RURAL,2023-01-13,18:45:00,18,VIERNES,5,ENERO,1,NO,NO CEDER EL DERECHO DE VIA O PREFERENCIA DE PASO A VEHICULOS.,CHOQUE LATERAL,CAMION,1,0,0,1,0,0,0,0,0,0,0,0,0,2,31,HOMBRE,ILESO,CONDUCTOR PRESENTE,NO,NO,3
32928,139868,139869,2023,1,0,-0.297501,-78.547001,PICHINCHA,QUITO,QUITO,URBANA,2023-01-13,21:45:00,21,VIERNES,5,ENERO,1,NO,NO MANTENER LA DISTANCIA PRUDENCIAL CON RESPECTO AL VEHICULO QUE LE ANTECEDE.,CHOQUE POSTERIOR,MOTOCICLETA,1,0,0,0,0,0,0,0,1,0,0,0,0,2,34,HOMBRE,LESIONADO,CONDUCTOR PRESENTE,SI,NO,1
32929,139869,139870,2023,0,0,-0.233543,-78.508845,PICHINCHA,QUITO,QUITO,URBANA,2023-01-13,21:50:00,21,VIERNES,5,ENERO,1,NO,"CONDUCE BAJO LA INFLUENCIA DE ALCOHOL, SUSTANCIAS ESTUPEFACIENTES O PSICOTROPICAS Y/O MEDICAMENTOS.",CHOQUE FRONTAL,BUS,0,0,1,0,1,0,0,0,0,0,0,0,0,2,31,HOMBRE,ILESO,CONDUCTOR PRESENTE,NO,NO,1
32930,139873,139874,2023,2,0,-0.097023,-78.441699,PICHINCHA,QUITO,CALDERON (CARAPUNGO),RURAL,2023-01-13,22:40:00,22,VIERNES,5,ENERO,1,NO,"CONDUCE BAJO LA INFLUENCIA DE ALCOHOL, SUSTANCIAS ESTUPEFACIENTES O PSICOTROPICAS Y/O MEDICAMENTOS.",CHOQUE LATERAL,MOTOCICLETA,0,0,0,0,0,0,0,0,2,0,0,0,0,2,34,HOMBRE,LESIONADO,CONDUCTOR PRESENTE,SI,NO,3
32931,139878,139879,2023,2,0,-0.277966,-78.483061,PICHINCHA,QUITO,CONOCOTO,RURAL,2023-01-14,01:00:00,1,SABADO,6,ENERO,1,NO,NO TRANSITAR POR LAS ACERAS O ZONAS DE SEGURIDAD DESTINADAS PARA EL EFECTO.,ATROPELLOS,AUTOMOVIL,1,0,0,0,0,0,0,0,0,0,0,0,0,1,60,HOMBRE,LESIONADO,CONDUCTOR PRESENTE,NO,SI,3
32932,139880,139881,2023,0,0,-0.098627,-78.470495,PICHINCHA,QUITO,QUITO,URBANA,2023-01-14,01:25:00,1,SABADO,6,ENERO,1,NO,"CONDICIONES AMBIENTALES Y/O ATMOSFERICAS (NIEBLA, NEBLINA, GRANIZO, LLUVIA).",ESTRELLAMIENTOS,AUTOMOVIL,1,0,0,0,0,0,0,0,0,0,0,0,0,1,-1,NO IDENTIFICADO,NO IDENTIFICADO,CONDUCTOR AUSENTE,NO,NO,2
32933,139884,139885,2023,0,0,-0.302101,-78.558825,PICHINCHA,QUITO,QUITO,URBANA,2023-01-14,02:50:00,2,SABADO,6,ENERO,1,NO,"CONDUCE BAJO LA INFLUENCIA DE ALCOHOL, SUSTANCIAS ESTUPEFACIENTES O PSICOTROPICAS Y/O MEDICAMENTOS.",CHOQUE LATERAL,AUTOMOVIL,2,0,0,0,0,0,0,0,0,0,0,0,0,2,25,HOMBRE,ILESO,CONDUCTOR PRESENTE,NO,NO,1
32934,139889,139890,2023,0,0,-0.205798,-78.435191,PICHINCHA,QUITO,CUMBAYA,RURAL,2023-01-14,05:15:00,5,SABADO,6,ENERO,1,NO,"CONDICIONES AMBIENTALES Y/O ATMOSFERICAS (NIEBLA, NEBLINA, GRANIZO, LLUVIA).",ESTRELLAMIENTOS,AUTOMOVIL,1,0,0,0,0,0,0,0,0,0,0,0,0,1,-1,NO IDENTIFICADO,NO IDENTIFICADO,CONDUCTOR AUSENTE,NO,NO,2