,Unnamed: 0,ID,ANIO,LESIONADOS,FALLECIDOS,LATITUD_Y,LONGITUD_X,PROVINCIA,CANTON,PARROQUIA,ZONA,FECHA,HORA,PERIODO_2,DIA_1,DIA_2,MES_1,MES_2,FERIADO,CAUSA_PROBABLE,TIPO_DE_SINIESTRO,TIPO_DE_VEHICULO_1,AUTOMOVIL,BICICLETA,BUS,CAMION,CAMIONETA,EMERGENCIAS,ESPECIAL,FURGONETA,MOTOCICLETA,NO_IDENTIFICADO,SCOOTER_ELECTRICO,TRICIMOTO,VEHICULO_DEPORTIVO_UTILITARIO,SUMA_DE_VEHICULOS,EDAD_1,SEXO_1,CONDICION_1,PARTICIPANTE_1,CASCO_1,CINTURON_1,KMeans_Cluster
32935,139890,139891,2023,2,0,-0.074041,-78.454626,PICHINCHA,QUITO,QUITO,URBANA,2023-01-14,05:15:00,5,SABADO,6,ENERO,1,NO,CONDUCIR VEHICULO SUPERANDO LOS LIMITES MAXIMOS DE VELOCIDAD.,PERDIDA DE CARRIL,AUTOMOVIL,1,0,0,0,0,0,0,0,0,0,0,0,0,1,27,HOMBRE,LESIONADO,PASAJERO,NO,NO,1
32936,139892,139893,2023,0,0,-0.295109,-78.477216,PICHINCHA,QUITO,CONOCOTO,URBANA,2023-01-14,05:40:00,5,SABADO,6,ENERO,1,NO,"CONDICIONES AMBIENTALES Y/O ATMOSFERICAS (NIEBLA, NEBLINA, GRANIZO, LLUVIA).",CHOQUE LATERAL,AUTOMOVIL,2,0,0,0,0,0,0,0,0,0,0,0,0,2,50,HOMBRE,ILESO,CONDUCTOR PRESENTE,NO,NO,1
32937,139896,139897,2023,1,0,-0.264008,-78.487691,PICHINCHA,QUITO,CONOCOTO,RURAL,2023-01-14,07:20:00,7,SABADO,6,ENERO,1,NO,"CONDICIONES AMBIENTALES Y/O ATMOSFERICAS (NIEBLA, NEBLINA, GRANIZO, LLUVIA).",CHOQUE POSTERIOR,VEHICULO DEPORTIVO UTILITARIO,0,0,0,0,0,0,0,0,0,0,0,0,1,1,36,HOMBRE,LESIONADO,PEATON,NO,SI,3
32938,139898,139899,2023,0,0,-0.190646,-78.445811,PICHINCHA,QUITO,NAYON,RURAL,2023-01-14,07:31:00,7,SABADO,6,ENERO,1,NO,"CONDICIONES AMBIENTALES Y/O ATMOSFERICAS (NIEBLA, NEBLINA, GRANIZO, LLUVIA).",OTROS,BUS,2,0,1,0,0,0,0,0,0,0,0,0,0,3,31,HOMBRE,ILESO,CONDUCTOR PRESENTE,NO,NO,3
32939,139902,139903,2023,1,0,-0.341961,-78.548848,PICHINCHA,QUITO,QUITO,URBANA,2023-01-14,08:55:00,8,SABADO,6,ENERO,1,NO,"NO RESPETAR LAS SENIALES REGLAMENTARIAS DE TRANSITO. (PARE, CEDA EL PASO, LUZ ROJA DEL SEMAFORO, ETC).",CHOQUE LATERAL,NO IDENTIFICADO,0,0,0,0,0,0,0,0,0,2,0,0,0,2,33,HOMBRE,LESIONADO,PASAJERO,NO,NO,1
32940,139905,139906,2023,2,0,-0.190112,-78.478572,PICHINCHA,QUITO,QUITO,URBANA,2023-01-14,10:30:00,10,SABADO,6,ENERO,1,NO,NO CEDER EL DERECHO DE VIA O PREFERENCIA DE PASO A VEHICULOS.,CHOQUE LATERAL,MOTOCICLETA,1,0,0,0,0,0,0,0,1,0,0,0,0,2,24,HOMBRE,LESIONADO,CONDUCTOR PRESENTE,SI,NO,1
32941,139909,139910,2023,0,0,-0.274332,-78.510758,PICHINCHA,QUITO,QUITO,URBANA,2023-01-14,11:25:00,11,SABADO,6,ENERO,1,NO,NO MANTENER LA DISTANCIA PRUDENCIAL CON RESPECTO AL VEHICULO QUE LE ANTECEDE.,CHOQUE POSTERIOR,AUTOMOVIL,2,0,0,0,0,0,0,0,0,0,0,0,0,2,30,HOMBRE,ILESO,CONDUCTOR PRESENTE,NO,NO,1
32942,139911,139912,2023,2,0,-0.091824,-78.502065,PICHINCHA,QUITO,QUITO,URBANA,2023-01-14,12:05:00,12,SABADO,6,ENERO,1,NO,"CONDUCE BAJO LA INFLUENCIA DE ALCOHOL, SUSTANCIAS ESTUPEFACIENTES O PSICOTROPICAS Y/O MEDICAMENTOS.",CHOQUE LATERAL,MOTOCICLETA,1,0,0,0,0,0,0,0,1,0,0,0,0,2,38,HOMBRE,LESIONADO,CONDUCTOR PRESENTE,SI,NO,1
32943,139934,139935,2023,0,0,-0.177979,-78.478022,PICHINCHA,QUITO,QUITO,URBANA,2023-01-14,20:15:00,20,SABADO,6,ENERO,1,NO,"CONDICIONES AMBIENTALES Y/O ATMOSFERICAS (NIEBLA, NEBLINA, GRANIZO, LLUVIA).",CHOQUE LATERAL,CAMIONETA,1,0,0,0,1,0,0,0,0,0,0,0,0,2,29,HOMBRE,ILESO,CONDUCTOR PRESENTE,NO,NO,1
32944,139955,139956,2023,0,0,-0.093982,-78.497852,PICHINCHA,QUITO,QUITO,URBANA,2023-01-15,00:05:00,0,DOMINGO,7,ENERO,1,NO,"NO RESPETAR LAS SENIALES REGLAMENTARIAS DE TRANSITO. (PARE, CEDA EL PASO, LUZ ROJA DEL SEMAFORO, ETC).",OTROS,AUTOMOVIL,1,0,0,0,0,0,0,0,0,0,0,0,0,1,-1,NO IDENTIFICADO,NO IDENTIFICADO,CONDUCTOR AUSENTE,NO,NO,2
32945,139964,139965,2023,0,0,-0.187031,-78.491448,PICHINCHA,QUITO,QUITO,URBANA,2023-01-15,01:40:00,1,DOMINGO,7,ENERO,1,NO,NO MANTENER LA DISTANCIA PRUDENCIAL CON RESPECTO AL VEHICULO QUE LE ANTECEDE.,CHOQUE POSTERIOR,AUTOMOVIL,2,0,0,0,0,0,0,0,0,0,0,0,0,2,30,HOMBRE,ILESO,CONDUCTOR PRESENTE,NO,NO,1
32946,139967,139968,2023,0,0,-0.101395,-78.469005,PICHINCHA,QUITO,QUITO,URBANA,2023-01-15,02:50:00,2,DOMINGO,7,ENERO,1,NO,"NO RESPETAR LAS SENIALES REGLAMENTARIAS DE TRANSITO. (PARE, CEDA EL PASO, LUZ ROJA DEL SEMAFORO, ETC).",OTROS,MOTOCICLETA,0,0,0,0,0,0,0,0,1,0,0,0,0,1,-1,NO IDENTIFICADO,NO IDENTIFICADO,CONDUCTOR AUSENTE,NO,NO,2
32947,139969,139970,2023,0,0,-0.093415,-78.479549,PICHINCHA,QUITO,QUITO,URBANA,2023-01-15,03:10:00,3,DOMINGO,7,ENERO,1,NO,CONDUCIR VEHICULO SUPERANDO LOS LIMITES MAXIMOS DE VELOCIDAD.,ESTRELLAMIENTOS,AUTOMOVIL,1,0,0,0,0,0,0,0,0,0,0,0,0,1,-1,NO IDENTIFICADO,NO IDENTIFICADO,CONDUCTOR AUSENTE,NO,NO,2
32948,139971,139972,2023,0,0,-0.208618,-78.495508,PICHINCHA,QUITO,QUITO,URBANA,2023-01-15,03:20:00,3,DOMINGO,7,ENERO,1,NO,"CONDUCE BAJO LA INFLUENCIA DE ALCOHOL, SUSTANCIAS ESTUPEFACIENTES O PSICOTROPICAS Y/O MEDICAMENTOS.",CHOQUE POSTERIOR,AUTOMOVIL,2,0,0,0,0,0,0,0,0,0,0,0,0,2,24,HOMBRE,ILESO,CONDUCTOR PRESENTE,NO,NO,1
32949,139973,139974,2023,0,0,-0.306886,-78.558327,PICHINCHA,QUITO,QUITO,URBANA,2023-01-15,04:00:00,4,DOMINGO,7,ENERO,1,NO,CONDUCIR VEHICULO SUPERANDO LOS LIMITES MAXIMOS DE VELOCIDAD.,OTROS,MOTOCICLETA,0,0,0,0,0,0,0,0,1,0,0,0,0,1,-1,NO IDENTIFICADO,NO IDENTIFICADO,CONDUCTOR AUSENTE,NO,NO,2
32950,139983,139984,2023,3,0,-0.165794,-78.452753,PICHINCHA,QUITO,QUITO,URBANA,2023-01-15,09:00:00,9,DOMINGO,7,ENERO,1,NO,CONDUCIR VEHICULO SUPERANDO LOS LIMITES MAXIMOS DE VELOCIDAD.,PERDIDA DE CARRIL,CAMION,0,0,0,1,0,0,0,0,0,0,0,0,0,1,25,HOMBRE,LESIONADO,PASAJERO,NO,NO,1
32951,139994,139995,2023,2,0,-0.286201,-78.459021,PICHINCHA,QUITO,ALANGASI,RURAL,2023-01-15,15:05:00,15,DOMINGO,7,ENERO,1,NO,CONDUCIR VEHICULO SUPERANDO LOS LIMITES MAXIMOS DE VELOCIDAD.,ESTRELLAMIENTOS,AUTOMOVIL,1,0,0,0,0,0,0,0,0,0,0,0,0,1,39,MUJER,LESIONADO,PASAJERO,NO,NO,3
32952,140008,140009,2023,0,1,-0.042911,-78.296034,PICHINCHA,QUITO,GUAYLLABAMBA,RURAL,2023-01-15,19:45:00,19,DOMINGO,7,ENERO,1,NO,"CONDUCIR DESATENTO A LAS CONDICIONES DE TRANSITO (CELULAR, PANTALLAS DE VIDEO, COMIDA, MAQUILLAJE O CUALQUIER OTRO ELEMENTO DISTRACTOR).",PERDIDA DE CARRIL,NO IDENTIFICADO,0,0,0,0,0,0,0,0,0,1,0,0,0,1,29,HOMBRE,FALLECIDO,CONDUCTOR PRESENTE,NO,SI,3
32953,140009,140010,2023,1,0,-0.279569,-78.515516,PICHINCHA,QUITO,QUITO,URBANA,2023-01-15,20:00:00,20,DOMINGO,7,ENERO,1,NO,CONDUCIR VEHICULO SUPERANDO LOS LIMITES MAXIMOS DE VELOCIDAD.,CHOQUE FRONTAL,MOTOCICLETA,1,0,0,0,0,0,0,0,1,0,0,0,0,2,38,HOMBRE,LESIONADO,CONDUCTOR PRESENTE,NO,NO,1
32954,140010,140011,2023,0,2,-0.449411,-78.585734,PICHINCHA,MEJIA,ALOAG,RURAL,2023-01-15,20:00:40,20,DOMINGO,7,ENERO,1,NO,CONDUCIR EN SENTIDO CONTRARIO A LA VIA NORMAL DE CIRCULACION.,CHOQUE FRONTAL,CAMION,0,0,0,1,0,0,0,0,0,0,0,0,0,1,19,HOMBRE,FALLECIDO,CONDUCTOR PRESENTE,NO,SI,3
32955,140014,140015,2023,0,0,-0.310363,-78.556253,PICHINCHA,QUITO,QUITO,URBANA,2023-01-15,20:20:00,20,DOMINGO,7,ENERO,1,NO,NO CEDER EL DERECHO DE VIA O PREFERENCIA DE PASO A VEHICULOS.,CHOQUE LATERAL,CAMION,1,0,0,1,0,0,0,0,0,0,0,0,0,2,35,HOMBRE,ILESO,CONDUCTOR PRESENTE,NO,NO,1
32956,140015,140016,2023,1,0,0.141974,-78.767638,PICHINCHA,QUITO,PACTO,RURAL,2023-01-15,20:30:00,20,DOMINGO,7,ENERO,1,NO,NO TRANSITAR POR LAS ACERAS O ZONAS DE SEGURIDAD DESTINADAS PARA EL EFECTO.,ATROPELLOS,AUTOMOVIL,1,0,0,0,0,0,0,0,0,0,0,0,0,1,6,MUJER,LESIONADO,PEATON,NO,NO,3
32957,140020,140021,2023,0,0,-0.310001,-78.546018,PICHINCHA,QUITO,QUITO,URBANA,2023-01-15,21:30:00,21,DOMINGO,7,ENERO,1,NO,"CONDUCE BAJO LA INFLUENCIA DE ALCOHOL, SUSTANCIAS ESTUPEFACIENTES O PSICOTROPICAS Y/O MEDICAMENTOS.",COLISION,CAMIONETA,4,0,0,0,1,0,0,0,0,0,0,0,0,5,47,HOMBRE,ILESO,CONDUCTOR PRESENTE,NO,NO,1
32958,140026,140027,2023,0,0,-0.177121,-78.479721,PICHINCHA,QUITO,QUITO,URBANA,2023-01-15,23:30:00,23,DOMINGO,7,ENERO,1,NO,"NO RESPETAR LAS SENIALES REGLAMENTARIAS DE TRANSITO. (PARE, CEDA EL PASO, LUZ ROJA DEL SEMAFORO, ETC).",CHOQUE LATERAL,CAMION,1,0,0,1,0,0,0,0,0,0,0,0,0,2,83,HOMBRE,ILESO,CONDUCTOR PRESENTE,NO,NO,1
32959,140032,140033,2023,0,0,-0.258463,-78.522647,PICHINCHA,QUITO,QUITO,URBANA,2023-01-16,05:30:00,5,LUNES,1,ENERO,1,NO,CONDUCIR VEHICULO SUPERANDO LOS LIMITES MAXIMOS DE VELOCIDAD.,OTROS,AUTOMOVIL,1,0,0,0,0,0,0,0,0,0,0,0,0,1,-1,NO IDENTIFICADO,NO IDENTIFICADO,CONDUCTOR AUSENTE,NO,NO,2
32960,140034,140035,2023,0,0,-0.354605,-78.549307,PICHINCHA,QUITO,QUITO,URBANA,2023-01-16,06:15:00,6,LUNES,1,ENERO,1,NO,CONDUCIR VEHICULO SUPERANDO LOS LIMITES MAXIMOS DE VELOCIDAD.,OTROS,AUTOMOVIL,1,0,0,0,0,0,0,0,0,0,0,0,0,1,-1,NO IDENTIFICADO,NO IDENTIFICADO,CONDUCTOR AUSENTE,NO,NO,2
32961,140042,140043,2023,1,0,-0.192339,-78.454381,PICHINCHA,QUITO,NAYON,URBANA,2023-01-16,11:20:00,11,LUNES,1,ENERO,1,NO,CONDUCIR VEHICULO SUPERANDO LOS LIMITES MAXIMOS DE VELOCIDAD.,ESTRELLAMIENTOS,CAMION,1,0,0,1,0,0,0,0,0,0,0,0,0,2,1,MUJER,LESIONADO,PASAJERO,NO,NO,1
32962,140048,140049,2023,1,0,-0.326583,-78.550293,PICHINCHA,QUITO,QUITO,URBANA,2023-01-16,13:10:00,13,LUNES,1,ENERO,1,NO,DEJAR O RECOGER PASAJEROS EN LUGARES NO PERMITIDOS.,CAIDA DE PASAJERO,BUS,0,0,1,0,0,0,0,0,0,0,0,0,0,1,22,HOMBRE,LESIONADO,PASAJERO,NO,NO,1
32963,140053,140054,2023,0,0,-0.202673,-78.492491,PICHINCHA,QUITO,QUITO,URBANA,2023-01-16,14:50:00,14,LUNES,1,ENERO,1,NO,NO CEDER EL DERECHO DE VIA O PREFERENCIA DE PASO A VEHICULOS.,CHOQUE LATERAL,AUTOMOVIL,2,0,0,0,0,0,0,0,0,0,0,0,0,2,67,HOMBRE,ILESO,CONDUCTOR PRESENTE,NO,NO,1
32964,140066,140067,2023,0,0,-0.174561,-78.492691,PICHINCHA,QUITO,QUITO,URBANA,2023-01-16,18:25:00,18,LUNES,1,ENERO,1,NO,"NO RESPETAR LAS SENIALES REGLAMENTARIAS DE TRANSITO. (PARE, CEDA EL PASO, LUZ ROJA DEL SEMAFORO, ETC).",CHOQUE LATERAL,AUTOMOVIL,2,0,0,0,0,0,0,0,0,0,0,0,0,2,33,HOMBRE,ILESO,CONDUCTOR PRESENTE,NO,NO,1
32965,140069,140070,2023,3,0,-0.248587,-78.528218,PICHINCHA,QUITO,QUITO,URBANA,2023-01-16,19:00:00,19,LUNES,1,ENERO,1,NO,NO CEDER EL DERECHO DE VIA O PREFERENCIA DE PASO A VEHICULOS.,CHOQUE LATERAL,MOTOCICLETA,1,0,0,0,0,0,0,0,1,0,0,0,0,2,25,HOMBRE,LESIONADO,CONDUCTOR PRESENTE,NO,NO,1
32966,140070,140071,2023,1,0,-0.238871,-78.533172,PICHINCHA,QUITO,QUITO,URBANA,2023-01-16,19:00:00,19,LUNES,1,ENERO,1,NO,NO CEDER EL DERECHO DE VIA O PREFERENCIA DE PASO AL PEATON.,ATROPELLOS,NO IDENTIFICADO,0,0,0,0,0,0,0,0,0,1,0,0,0,1,8,HOMBRE,LESIONADO,PEATON,NO,NO,1
32967,140082,140083,2023,0,0,-0.331667,-78.871333,PICHINCHA,MEJIA,MANUEL CORNEJO ASTORGA,RURAL,2023-01-17,06:30:00,6,MARTES,2,ENERO,1,NO,"CONDUCIR DESATENTO A LAS CONDICIONES DE TRANSITO (CELULAR, PANTALLAS DE VIDEO, COMIDA, MAQUILLAJE O CUALQUIER OTRO ELEMENTO DISTRACTOR).",PERDIDA DE CARRIL,VEHICULO DEPORTIVO UTILITARIO,0,0,0,0,0,0,0,0,0,0,0,0,1,1,-1,HOMBRE,ILESO,CONDUCTOR PRESENTE,NO,NO,3
32968,140091,140092,2023,0,0,-0.234787,-78.488291,PICHINCHA,QUITO,QUITO,URBANA,2023-01-17,08:05:00,8,MARTES,2,ENERO,1,NO,NO MANTENER LA DISTANCIA PRUDENCIAL CON RESPECTO AL VEHICULO QUE LE ANTECEDE.,COLISION,ESPECIAL,1,0,0,0,1,0,1,0,0,0,0,0,0,3,32,HOMBRE,ILESO,CONDUCTOR PRESENTE,NO,NO,1
32969,140092,140093,2023,0,0,-0.202296,-78.430188,PICHINCHA,QUITO,CUMBAYA,RURAL,2023-01-17,08:10:00,8,MARTES,2,ENERO,1,NO,"NO RESPETAR LAS SENIALES REGLAMENTARIAS DE TRANSITO. (PARE, CEDA EL PASO, LUZ ROJA DEL SEMAFORO, ETC).",CHOQUE LATERAL,MOTOCICLETA,1,0,0,0,0,0,0,0,1,0,0,0,0,2,31,HOMBRE,ILESO,CONDUCTOR PRESENTE,NO,NO,3
32970,140100,140101,2023,0,0,-0.237753,-78.483828,PICHINCHA,QUITO,QUITO,URBANA,2023-01-17,12:20:00,12,MARTES,2,ENERO,1,NO,NO MANTENER LA DISTANCIA PRUDENCIAL CON RESPECTO AL VEHICULO QUE LE ANTECEDE.,CHOQUE POSTERIOR,CAMION,1,0,0,1,0,0,0,0,0,0,0,0,0,2,24,HOMBRE,ILESO,CONDUCTOR PRESENTE,NO,NO,1
32971,140101,140102,2023,0,0,-0.187949,-78.493222,PICHINCHA,QUITO,QUITO,URBANA,2023-01-17,13:50:00,13,MARTES,2,ENERO,1,NO,NO CEDER EL DERECHO DE VIA O PREFERENCIA DE PASO A VEHICULOS.,CHOQUE LATERAL,SCOOTER ELECTRICO,1,0,0,0,0,0,0,0,0,0,1,0,0,2,29,HOMBRE,ILESO,CONDUCTOR PRESENTE,NO,NO,1
32972,140122,140123,2023,2,0,-0.328514,-78.553262,PICHINCHA,QUITO,QUITO,URBANA,2023-01-17,20:15:00,20,MARTES,2,ENERO,1,NO,NO TRANSITAR POR LAS ACERAS O ZONAS DE SEGURIDAD DESTINADAS PARA EL EFECTO.,ATROPELLOS,AUTOMOVIL,1,0,0,0,0,0,0,0,0,0,0,0,0,1,32,HOMBRE,LESIONADO,PEATON,NO,NO,1
32973,140137,140138,2023,0,0,-0.302511,-78.560232,PICHINCHA,QUITO,QUITO,URBANA,2023-01-18,09:40:00,9,MIERCOLES,3,ENERO,1,NO,CONDUCIR VEHICULO SUPERANDO LOS LIMITES MAXIMOS DE VELOCIDAD.,ESTRELLAMIENTOS,CAMION,0,0,0,1,0,0,0,0,0,0,0,0,0,1,65,HOMBRE,ILESO,CONDUCTOR PRESENTE,NO,NO,1
32974,140152,140153,2023,1,0,-0.288972,-78.525682,PICHINCHA,QUITO,QUITO,URBANA,2023-01-18,14:45:00,14,MIERCOLES,3,ENERO,1,NO,"PEATON TRANSITA BAJO INFLUENCIA DE ALCOHOL, SUSTANCIAS ESTUPEFACIENTES O PSICOTROPICAS Y/O MEDICAMENTOS.",ATROPELLOS,CAMIONETA,0,0,0,0,1,0,0,0,0,0,0,0,0,1,38,HOMBRE,LESIONADO,PEATON,NO,NO,1
32975,140156,140157,2023,1,0,-0.149663,-78.484084,PICHINCHA,QUITO,QUITO,URBANA,2023-01-18,16:45:00,16,MIERCOLES,3,ENERO,1,NO,NO TRANSITAR POR LAS ACERAS O ZONAS DE SEGURIDAD DESTINADAS PARA EL EFECTO.,ATROPELLOS,CAMIONETA,0,0,0,0,1,0,0,0,0,0,0,0,0,1,26,HOMBRE,LESIONADO,PEATON,NO,NO,1
32976,140159,140160,2023,0,1,-0.214241,-78.375832,PICHINCHA,QUITO,TUMBACO,RURAL,2023-01-18,17:57:00,17,MIERCOLES,3,ENERO,1,NO,NO MANTENER LA DISTANCIA PRUDENCIAL CON RESPECTO AL VEHICULO QUE LE ANTECEDE.,CHOQUE POSTERIOR,MOTOCICLETA,0,0,0,0,0,0,0,0,1,1,0,0,0,2,23,HOMBRE,FALLECIDO,CONDUCTOR PRESENTE,NO,NO,3
32977,140163,140164,2023,1,0,-0.172157,-78.491018,PICHINCHA,QUITO,QUITO,URBANA,2023-01-18,20:45:00,20,MIERCOLES,3,ENERO,1,NO,NO GUARDAR LA DISTANCIA LATERAL MINIMA DE SEGURIDAD ENTRE VEHICULOS.,ROZAMIENTOS,MOTOCICLETA,1,0,0,0,0,0,0,0,1,0,0,0,0,2,37,HOMBRE,LESIONADO,CONDUCTOR PRESENTE,NO,NO,1
32978,140169,140170,2023,3,0,-0.459194,-78.595639,PICHINCHA,MEJIA,ALOAG,RURAL,2023-01-19,02:30:00,2,JUEVES,4,ENERO,1,NO,"CONDUCIR DESATENTO A LAS CONDICIONES DE TRANSITO (CELULAR, PANTALLAS DE VIDEO, COMIDA, MAQUILLAJE O CUALQUIER OTRO ELEMENTO DISTRACTOR).",PERDIDA DE CARRIL,CAMION,0,0,0,1,0,0,0,0,0,0,0,0,0,1,33,HOMBRE,LESIONADO,CONDUCTOR PRESENTE,NO,NO,3
32979,140173,140174,2023,4,0,-0.262792,-78.540091,PICHINCHA,QUITO,QUITO,URBANA,2023-01-19,10:30:00,10,JUEVES,4,ENERO,1,NO,"CONDUCE BAJO LA INFLUENCIA DE ALCOHOL, SUSTANCIAS ESTUPEFACIENTES O PSICOTROPICAS Y/O MEDICAMENTOS.",ATROPELLOS,MOTOCICLETA,3,0,0,0,0,0,0,0,1,0,0,0,0,4,26,HOMBRE,LESIONADO,CONDUCTOR PRESENTE,NO,NO,1
32980,140182,140183,2023,0,0,-0.298611,-78.547114,PICHINCHA,QUITO,QUITO,URBANA,2023-01-19,15:00:00,15,JUEVES,4,ENERO,1,NO,"NO RESPETAR LAS SENIALES REGLAMENTARIAS DE TRANSITO. (PARE, CEDA EL PASO, LUZ ROJA DEL SEMAFORO, ETC).",CHOQUE LATERAL,AUTOMOVIL,2,0,0,0,0,0,0,0,0,0,0,0,0,2,32,HOMBRE,ILESO,CONDUCTOR PRESENTE,NO,NO,1
32981,140184,140185,2023,1,0,-0.290634,-78.536697,PICHINCHA,QUITO,QUITO,URBANA,2023-01-19,16:10:00,16,JUEVES,4,ENERO,1,NO,CONDUCIR VEHICULO SUPERANDO LOS LIMITES MAXIMOS DE VELOCIDAD.,ESTRELLAMIENTOS,AUTOMOVIL,1,0,0,0,0,0,0,0,0,1,0,0,0,2,20,HOMBRE,LESIONADO,PASAJERO,NO,NO,1
32982,140186,140187,2023,2,0,-0.210747,-78.503214,PICHINCHA,QUITO,QUITO,URBANA,2023-01-19,17:49:00,17,JUEVES,4,ENERO,1,NO,NO CEDER EL DERECHO DE VIA O PREFERENCIA DE PASO A VEHICULOS.,CHOQUE LATERAL,AUTOMOVIL,2,0,0,0,0,0,0,0,0,0,0,0,0,2,37,MUJER,LESIONADO,PASAJERO,NO,NO,1
32983,140191,140192,2023,0,0,-0.245502,-78.492295,PICHINCHA,QUITO,QUITO,URBANA,2023-01-19,19:40:00,19,JUEVES,4,ENERO,1,NO,CONDUCIR VEHICULO SUPERANDO LOS LIMITES MAXIMOS DE VELOCIDAD.,ESTRELLAMIENTOS,AUTOMOVIL,2,0,0,0,0,0,0,0,0,0,0,0,0,2,24,HOMBRE,ILESO,CONDUCTOR PRESENTE,NO,NO,1
32984,140192,140193,2023,0,0,-0.320694,-78.921806,PICHINCHA,MEJIA,MANUEL CORNEJO ASTORGA,RURAL,2023-01-19,19:50:00,19,JUEVES,4,ENERO,1,NO,"CONDUCIR DESATENTO A LAS CONDICIONES DE TRANSITO (CELULAR, PANTALLAS DE VIDEO, COMIDA, MAQUILLAJE O CUALQUIER OTRO ELEMENTO DISTRACTOR).",PERDIDA DE CARRIL,CAMION,0,0,0,1,0,0,0,0,0,0,0,0,0,1,-1,NO IDENTIFICADO,NO IDENTIFICADO,CONDUCTOR AUSENTE,NO,NO,2
32985,140196,140197,2023,0,0,-0.192445,-78.496848,PICHINCHA,QUITO,QUITO,URBANA,2023-01-19,22:00:00,22,JUEVES,4,ENERO,1,NO,"CONDUCE BAJO LA INFLUENCIA DE ALCOHOL, SUSTANCIAS ESTUPEFACIENTES O PSICOTROPICAS Y/O MEDICAMENTOS.",CHOQUE LATERAL,AUTOMOVIL,2,0,0,0,0,0,0,0,0,0,0,0,0,2,71,HOMBRE,ILESO,CONDUCTOR PRESENTE,NO,NO,1
32986,140206,140207,2023,0,0,-0.190959,-78.481913,PICHINCHA,QUITO,QUITO,URBANA,2023-01-20,03:20:00,3,VIERNES,5,ENERO,1,NO,"ADELANTAR O REBASAR A OTRO VEHICULO EN MOVIMIENTO EN ZONAS O SITIOS PELIGROSOS TALES COMO: CURVAS, PUENTES, TUNELES, PENDIENTES, ETC.",ESTRELLAMIENTOS,AUTOMOVIL,1,0,0,0,0,0,0,0,0,0,0,0,0,1,55,HOMBRE,ILESO,CONDUCTOR PRESENTE,NO,NO,1
32987,140207,140208,2023,0,0,-0.168283,-78.487301,PICHINCHA,QUITO,QUITO,URBANA,2023-01-20,03:50:00,3,VIERNES,5,ENERO,1,NO,CONDUCIR VEHICULO SUPERANDO LOS LIMITES MAXIMOS DE VELOCIDAD.,ESTRELLAMIENTOS,AUTOMOVIL,1,0,0,0,0,0,0,0,0,0,0,0,0,1,-1,NO IDENTIFICADO,NO IDENTIFICADO,CONDUCTOR AUSENTE,NO,NO,2
32988,140217,140218,2023,2,0,-0.102784,-78.488698,PICHINCHA,QUITO,QUITO,URBANA,2023-01-20,08:30:00,8,VIERNES,5,ENERO,1,NO,"PEATON TRANSITA BAJO INFLUENCIA DE ALCOHOL, SUSTANCIAS ESTUPEFACIENTES O PSICOTROPICAS Y/O MEDICAMENTOS.",ATROPELLOS,AUTOMOVIL,2,0,0,0,0,0,0,0,0,0,0,0,0,2,50,HOMBRE,LESIONADO,PEATON,NO,NO,1
32989,140218,140219,2023,2,0,-0.069401,-78.373432,PICHINCHA,QUITO,CALDERON (CARAPUNGO),RURAL,2023-01-20,08:45:00,8,VIERNES,5,ENERO,1,NO,DANIOS MECANICOS PREVISIBLES.,CHOQUE POSTERIOR,BUS,0,0,2,0,0,0,0,0,0,0,0,0,0,2,13,HOMBRE,LESIONADO,PASAJERO,NO,SI,3
32990,140222,140223,2023,1,0,-0.236924,-78.507631,PICHINCHA,QUITO,QUITO,URBANA,2023-01-20,10:00:00,10,VIERNES,5,ENERO,1,NO,CONDUCIR VEHICULO SUPERANDO LOS LIMITES MAXIMOS DE VELOCIDAD.,ATROPELLOS,AUTOMOVIL,1,0,0,0,0,0,0,0,0,0,0,0,0,1,71,MUJER,LESIONADO,PEATON,NO,NO,1
32991,140226,140227,2023,1,0,-0.208986,-78.506001,PICHINCHA,QUITO,QUITO,URBANA,2023-01-20,13:50:00,13,VIERNES,5,ENERO,1,NO,"NO RESPETAR LAS SENIALES REGLAMENTARIAS DE TRANSITO. (PARE, CEDA EL PASO, LUZ ROJA DEL SEMAFORO, ETC).",CHOQUE LATERAL,MOTOCICLETA,1,0,0,0,0,0,0,0,1,0,0,0,0,2,22,HOMBRE,LESIONADO,CONDUCTOR PRESENTE,NO,NO,1
32992,140230,140231,2023,0,0,-0.161834,-78.485808,PICHINCHA,QUITO,QUITO,URBANA,2023-01-20,15:15:00,15,VIERNES,5,ENERO,1,NO,"NO RESPETAR LAS SENIALES REGLAMENTARIAS DE TRANSITO. (PARE, CEDA EL PASO, LUZ ROJA DEL SEMAFORO, ETC).",CHOQUE LATERAL,CAMION,0,0,0,1,1,0,0,0,0,0,0,0,0,2,30,HOMBRE,ILESO,CONDUCTOR PRESENTE,NO,NO,1