,Unnamed: 0,ID,ANIO,LESIONADOS,FALLECIDOS,LATITUD_Y,LONGITUD_X,PROVINCIA,CANTON,PARROQUIA,ZONA,FECHA,HORA,PERIODO_2,DIA_1,DIA_2,MES_1,MES_2,FERIADO,CAUSA_PROBABLE,TIPO_DE_SINIESTRO,TIPO_DE_VEHICULO_1,AUTOMOVIL,BICICLETA,BUS,CAMION,CAMIONETA,EMERGENCIAS,ESPECIAL,FURGONETA,MOTOCICLETA,NO_IDENTIFICADO,SCOOTER_ELECTRICO,TRICIMOTO,VEHICULO_DEPORTIVO_UTILITARIO,SUMA_DE_VEHICULOS,EDAD_1,SEXO_1,CONDICION_1,PARTICIPANTE_1,CASCO_1,CINTURON_1,KMeans_Cluster
32993,140236,140237,2023,6,0,-0.192224,-78.456441,PICHINCHA,QUITO,QUITO,URBANA,2023-01-20,16:55:00,16,VIERNES,5,ENERO,1,NO,"CONDUCE BAJO LA INFLUENCIA DE ALCOHOL, SUSTANCIAS ESTUPEFACIENTES O PSICOTROPICAS Y/O MEDICAMENTOS.",CHOQUE POSTERIOR,BUS,0,0,1,0,1,0,0,0,0,0,0,0,0,2,22,HOMBRE,LESIONADO,PASAJERO,NO,NO,1
32994,140241,140242,2023,0,0,-0.134521,-78.465628,PICHINCHA,QUITO,QUITO,URBANA,2023-01-20,19:45:00,19,VIERNES,5,ENERO,1,NO,"NO RESPETAR LAS SENIALES REGLAMENTARIAS DE TRANSITO. (PARE, CEDA EL PASO, LUZ ROJA DEL SEMAFORO, ETC).",CHOQUE LATERAL,AUTOMOVIL,2,0,0,0,0,0,0,0,0,0,0,0,0,2,41,HOMBRE,ILESO,CONDUCTOR PRESENTE,NO,NO,1
32995,140242,140243,2023,2,0,-0.176915,-78.480962,PICHINCHA,QUITO,QUITO,URBANA,2023-01-20,20:10:00,20,VIERNES,5,ENERO,1,NO,"CONDUCE BAJO LA INFLUENCIA DE ALCOHOL, SUSTANCIAS ESTUPEFACIENTES O PSICOTROPICAS Y/O MEDICAMENTOS.",ATROPELLOS,AUTOMOVIL,3,0,0,0,0,0,0,0,0,0,0,0,0,3,30,MUJER,LESIONADO,PASAJERO,NO,NO,1
32996,140249,140250,2023,2,0,-0.242475,-78.497488,PICHINCHA,QUITO,QUITO,URBANA,2023-01-20,22:30:00,22,VIERNES,5,ENERO,1,NO,"NO RESPETAR LAS SENIALES REGLAMENTARIAS DE TRANSITO. (PARE, CEDA EL PASO, LUZ ROJA DEL SEMAFORO, ETC).",OTROS,MOTOCICLETA,0,0,0,0,0,0,0,0,1,0,0,0,0,1,30,HOMBRE,LESIONADO,PASAJERO,NO,NO,1
32997,140252,140253,2023,0,0,-0.008116,-78.457117,PICHINCHA,QUITO,SAN ANTONIO (QUITO),URBANA,2023-01-20,22:55:00,22,VIERNES,5,ENERO,1,NO,"CONDUCIR DESATENTO A LAS CONDICIONES DE TRANSITO (CELULAR, PANTALLAS DE VIDEO, COMIDA, MAQUILLAJE O CUALQUIER OTRO ELEMENTO DISTRACTOR).",ESTRELLAMIENTOS,AUTOMOVIL,1,0,0,0,0,0,0,0,0,0,0,0,0,1,30,HOMBRE,ILESO,CONDUCTOR PRESENTE,NO,SI,1
32998,140277,140278,2023,1,0,-0.437427,-78.704432,PICHINCHA,MEJIA,ALOAG,RURAL,2023-01-21,07:50:00,7,SABADO,6,ENERO,1,NO,"CONDUCIR DESATENTO A LAS CONDICIONES DE TRANSITO (CELULAR, PANTALLAS DE VIDEO, COMIDA, MAQUILLAJE O CUALQUIER OTRO ELEMENTO DISTRACTOR).",ATROPELLOS,MOTOCICLETA,0,0,0,0,0,0,0,0,1,0,0,0,0,1,-1,MUJER,LESIONADO,PASAJERO,NO,NO,3
32999,140284,140285,2023,1,0,-0.204526,-78.506007,PICHINCHA,QUITO,QUITO,URBANA,2023-01-21,11:45:00,11,SABADO,6,ENERO,1,NO,NO MANTENER LA DISTANCIA PRUDENCIAL CON RESPECTO AL VEHICULO QUE LE ANTECEDE.,CHOQUE POSTERIOR,BUS,1,0,1,0,0,0,0,0,0,0,0,0,0,2,69,MUJER,LESIONADO,PASAJERO,NO,NO,1
33000,140287,140288,2023,1,0,-0.174627,-78.454971,PICHINCHA,QUITO,QUITO,URBANA,2023-01-21,12:45:00,12,SABADO,6,ENERO,1,NO,CONDUCIR VEHICULO SUPERANDO LOS LIMITES MAXIMOS DE VELOCIDAD.,PERDIDA DE CARRIL,MOTOCICLETA,0,0,0,0,0,0,0,0,1,0,0,0,0,1,38,HOMBRE,LESIONADO,CONDUCTOR PRESENTE,NO,NO,1
33001,140290,140291,2023,1,0,-0.245391,-78.500957,PICHINCHA,QUITO,QUITO,URBANA,2023-01-21,13:38:00,13,SABADO,6,ENERO,1,NO,"CONDUCE BAJO LA INFLUENCIA DE ALCOHOL, SUSTANCIAS ESTUPEFACIENTES O PSICOTROPICAS Y/O MEDICAMENTOS.",CHOQUE LATERAL,MOTOCICLETA,1,0,0,0,0,0,0,0,1,0,0,0,0,2,38,HOMBRE,LESIONADO,CONDUCTOR PRESENTE,SI,NO,1
33002,140293,140294,2023,0,0,-0.190702,-78.480446,PICHINCHA,QUITO,QUITO,URBANA,2023-01-21,14:15:00,14,SABADO,6,ENERO,1,NO,NO GUARDAR LA DISTANCIA LATERAL MINIMA DE SEGURIDAD ENTRE VEHICULOS.,ROZAMIENTOS,AUTOMOVIL,2,0,0,0,0,0,0,0,0,0,0,0,0,2,23,HOMBRE,ILESO,CONDUCTOR PRESENTE,NO,NO,1
33003,140294,140295,2023,5,0,-0.278332,-78.519361,PICHINCHA,QUITO,QUITO,URBANA,2023-01-21,14:30:00,14,SABADO,6,ENERO,1,NO,REALIZAR CAMBIO BRUSCO O INDEBIDO DE CARRIL.,CHOQUE FRONTAL,CAMIONETA,1,0,0,0,1,0,0,0,0,0,0,0,0,2,76,HOMBRE,LESIONADO,CONDUCTOR PRESENTE,NO,NO,1
33004,140299,140300,2023,0,1,-0.288041,-78.460152,PICHINCHA,QUITO,ALANGASI,RURAL,2023-01-21,17:00:00,17,SABADO,6,ENERO,1,NO,CONDUCIR VEHICULO SUPERANDO LOS LIMITES MAXIMOS DE VELOCIDAD.,PERDIDA DE CARRIL,MOTOCICLETA,0,0,0,0,0,0,0,0,1,0,0,0,0,1,24,HOMBRE,FALLECIDO,CONDUCTOR PRESENTE,NO,NO,3
33005,140301,140302,2023,0,0,-0.206631,-78.483902,PICHINCHA,QUITO,QUITO,URBANA,2023-01-21,17:40:00,17,SABADO,6,ENERO,1,NO,"NO RESPETAR LAS SENIALES REGLAMENTARIAS DE TRANSITO. (PARE, CEDA EL PASO, LUZ ROJA DEL SEMAFORO, ETC).",CHOQUE LATERAL,AUTOMOVIL,2,0,0,0,0,0,0,0,0,0,0,0,0,2,40,HOMBRE,ILESO,CONDUCTOR PRESENTE,NO,NO,1
33006,140302,140303,2023,0,0,-0.295958,-78.546321,PICHINCHA,QUITO,QUITO,URBANA,2023-01-21,17:50:00,17,SABADO,6,ENERO,1,NO,"CONDICIONES AMBIENTALES Y/O ATMOSFERICAS (NIEBLA, NEBLINA, GRANIZO, LLUVIA).",OTROS,AUTOMOVIL,1,0,0,0,0,0,0,0,0,0,0,0,0,1,-1,NO IDENTIFICADO,NO IDENTIFICADO,CONDUCTOR AUSENTE,NO,NO,2
33007,140305,140306,2023,0,0,-0.003461,-78.518035,PICHINCHA,QUITO,CALACALI,RURAL,2023-01-21,18:20:00,18,SABADO,6,ENERO,1,NO,CONDUCIR VEHICULO SUPERANDO LOS LIMITES MAXIMOS DE VELOCIDAD.,CHOQUE LATERAL,CAMIONETA,0,0,0,0,2,0,0,0,0,0,0,0,0,2,68,HOMBRE,ILESO,CONDUCTOR PRESENTE,NO,SI,3
33008,140316,140317,2023,1,0,-0.212467,-78.372567,PICHINCHA,QUITO,TUMBACO,RURAL,2023-01-21,20:45:00,20,SABADO,6,ENERO,1,NO,REALIZAR CAMBIO BRUSCO O INDEBIDO DE CARRIL.,CHOQUE FRONTAL,BICICLETA,0,1,0,0,0,0,0,0,0,1,0,0,0,2,28,HOMBRE,LESIONADO,CONDUCTOR PRESENTE,NO,NO,3
33009,140323,140324,2023,1,0,-0.285631,-78.499171,PICHINCHA,QUITO,CONOCOTO,RURAL,2023-01-21,21:30:00,21,SABADO,6,ENERO,1,NO,REALIZAR CAMBIO BRUSCO O INDEBIDO DE CARRIL.,CHOQUE FRONTAL,NO IDENTIFICADO,0,0,0,0,0,0,0,0,0,2,0,0,0,2,38,MUJER,LESIONADO,PASAJERO,NO,NO,3
33010,140332,140333,2023,2,0,-0.202808,-78.510775,PICHINCHA,QUITO,QUITO,URBANA,2023-01-22,00:25:00,0,DOMINGO,7,ENERO,1,NO,CONDUCIR VEHICULO SUPERANDO LOS LIMITES MAXIMOS DE VELOCIDAD.,ESTRELLAMIENTOS,AUTOMOVIL,1,0,0,0,0,0,0,0,0,0,0,0,0,1,73,MUJER,LESIONADO,PASAJERO,NO,NO,1
33011,140352,140353,2023,0,0,-0.224223,-78.406321,PICHINCHA,QUITO,TUMBACO,RURAL,2023-01-22,04:10:00,4,DOMINGO,7,ENERO,1,NO,CONDUCIR VEHICULO SUPERANDO LOS LIMITES MAXIMOS DE VELOCIDAD.,ESTRELLAMIENTOS,AUTOMOVIL,1,0,0,0,0,0,0,0,0,0,0,0,0,1,47,MUJER,ILESO,CONDUCTOR PRESENTE,NO,NO,3
33012,140356,140357,2023,1,0,-0.279066,-78.552696,PICHINCHA,QUITO,QUITO,URBANA,2023-01-22,04:50:00,4,DOMINGO,7,ENERO,1,NO,"NO RESPETAR LAS SENIALES REGLAMENTARIAS DE TRANSITO. (PARE, CEDA EL PASO, LUZ ROJA DEL SEMAFORO, ETC).",CHOQUE LATERAL,MOTOCICLETA,1,0,0,0,0,0,0,0,1,0,0,0,0,2,31,HOMBRE,LESIONADO,CONDUCTOR PRESENTE,NO,NO,1
33013,140363,140364,2023,0,0,-0.330351,-78.519314,PICHINCHA,QUITO,QUITO,URBANA,2023-01-22,06:20:00,6,DOMINGO,7,ENERO,1,NO,CONDUCIR VEHICULO SUPERANDO LOS LIMITES MAXIMOS DE VELOCIDAD.,ESTRELLAMIENTOS,AUTOMOVIL,1,0,0,0,0,0,0,0,0,0,0,0,0,1,35,HOMBRE,ILESO,CONDUCTOR PRESENTE,NO,NO,1
33014,140370,140371,2023,0,0,-0.286817,-78.489174,PICHINCHA,QUITO,CONOCOTO,RURAL,2023-01-22,09:30:00,9,DOMINGO,7,ENERO,1,NO,CONDUCIR VEHICULO SUPERANDO LOS LIMITES MAXIMOS DE VELOCIDAD.,ESTRELLAMIENTOS,AUTOMOVIL,1,0,0,0,0,0,0,0,0,0,0,0,0,1,-1,NO IDENTIFICADO,NO IDENTIFICADO,CONDUCTOR AUSENTE,NO,NO,2
33015,140379,140380,2023,0,0,-0.235447,-78.471905,PICHINCHA,QUITO,QUITO,RURAL,2023-01-22,14:55:00,14,DOMINGO,7,ENERO,1,NO,CONDUCIR VEHICULO SUPERANDO LOS LIMITES MAXIMOS DE VELOCIDAD.,OTROS,AUTOMOVIL,1,0,0,0,0,0,0,0,0,0,0,0,0,1,-1,NO IDENTIFICADO,NO IDENTIFICADO,CONDUCTOR AUSENTE,NO,NO,2
33016,140381,140382,2023,0,0,-0.444772,-78.680131,PICHINCHA,MEJIA,ALOAG,RURAL,2023-01-22,15:45:00,15,DOMINGO,7,ENERO,1,NO,"CONDUCIR DESATENTO A LAS CONDICIONES DE TRANSITO (CELULAR, PANTALLAS DE VIDEO, COMIDA, MAQUILLAJE O CUALQUIER OTRO ELEMENTO DISTRACTOR).",PERDIDA DE CARRIL,CAMION,0,0,0,2,0,0,0,0,0,0,0,0,0,2,32,HOMBRE,ILESO,CONDUCTOR PRESENTE,NO,NO,3
33017,140384,140385,2023,0,0,-0.162947,-78.475523,PICHINCHA,QUITO,QUITO,URBANA,2023-01-22,16:20:00,16,DOMINGO,7,ENERO,1,NO,CONDUCIR VEHICULO SUPERANDO LOS LIMITES MAXIMOS DE VELOCIDAD.,ESTRELLAMIENTOS,AUTOMOVIL,1,0,0,0,0,0,0,0,0,0,0,0,0,1,-1,NO IDENTIFICADO,NO IDENTIFICADO,CONDUCTOR AUSENTE,NO,NO,2
33018,140387,140388,2023,0,0,-0.194894,-78.494732,PICHINCHA,QUITO,QUITO,URBANA,2023-01-22,17:10:00,17,DOMINGO,7,ENERO,1,NO,NO CEDER EL DERECHO DE VIA O PREFERENCIA DE PASO A VEHICULOS.,CHOQUE LATERAL,AUTOMOVIL,2,0,0,0,0,0,0,0,0,0,0,0,0,2,18,HOMBRE,ILESO,CONDUCTOR PRESENTE,NO,NO,1
33019,140393,140394,2023,0,0,-0.285631,-78.499171,PICHINCHA,QUITO,CONOCOTO,RURAL,2023-01-22,18:05:00,18,DOMINGO,7,ENERO,1,NO,CONDUCIR VEHICULO SUPERANDO LOS LIMITES MAXIMOS DE VELOCIDAD.,ESTRELLAMIENTOS,AUTOMOVIL,1,0,0,0,0,0,0,0,0,0,0,0,0,1,52,HOMBRE,ILESO,CONDUCTOR PRESENTE,NO,NO,3
33020,140399,140400,2023,0,0,-0.061073,-78.508462,PICHINCHA,QUITO,QUITO,URBANA,2023-01-22,19:36:00,19,DOMINGO,7,ENERO,1,NO,"ADELANTAR O REBASAR A OTRO VEHICULO EN MOVIMIENTO EN ZONAS O SITIOS PELIGROSOS TALES COMO: CURVAS, PUENTES, TUNELES, PENDIENTES, ETC.",CHOQUE FRONTAL,CAMIONETA,1,0,0,0,1,0,0,0,0,0,0,0,0,2,48,HOMBRE,ILESO,CONDUCTOR PRESENTE,NO,NO,1
33021,140407,140408,2023,0,0,-0.188414,-78.336916,PICHINCHA,QUITO,TABABELA,RURAL,2023-01-22,20:20:00,20,DOMINGO,7,ENERO,1,NO,"CONDUCIR DESATENTO A LAS CONDICIONES DE TRANSITO (CELULAR, PANTALLAS DE VIDEO, COMIDA, MAQUILLAJE O CUALQUIER OTRO ELEMENTO DISTRACTOR).",CHOQUE POSTERIOR,CAMIONETA,1,0,0,0,1,0,0,0,0,0,0,0,0,2,61,HOMBRE,ILESO,CONDUCTOR PRESENTE,NO,SI,3
33022,140426,140427,2023,1,0,-0.314591,-78.558316,PICHINCHA,QUITO,QUITO,URBANA,2023-01-23,02:05:00,2,LUNES,1,ENERO,1,NO,NO CEDER EL DERECHO DE VIA O PREFERENCIA DE PASO AL PEATON.,ARROLLAMIENTOS,NO IDENTIFICADO,0,0,0,0,0,0,0,0,0,1,0,0,0,1,23,HOMBRE,LESIONADO,PEATON,NO,NO,1
33023,140434,140435,2023,0,1,-0.289341,-78.466191,PICHINCHA,QUITO,CONOCOTO,RURAL,2023-01-23,07:15:00,7,LUNES,1,ENERO,1,NO,CONDUCIR VEHICULO SUPERANDO LOS LIMITES MAXIMOS DE VELOCIDAD.,ATROPELLOS,NO IDENTIFICADO,0,0,0,0,0,0,0,0,0,1,0,0,0,1,65,MUJER,FALLECIDO,PEATON,NO,SI,3
33024,140441,140442,2023,0,1,-0.204684,-78.502331,PICHINCHA,QUITO,QUITO,URBANA,2023-01-23,10:35:00,10,LUNES,1,ENERO,1,NO,PEATON QUE CRUZA LA CALZADA SIN RESPETAR LA SENIALIZACION EXISTENTE (SEMAFOROS O SENIALES MANUALES).,ATROPELLOS,CAMIONETA,0,0,0,0,1,0,0,0,0,0,0,0,0,1,78,HOMBRE,FALLECIDO,PEATON,NO,NO,1
33025,140442,140443,2023,1,0,-0.105539,-78.426245,PICHINCHA,QUITO,CALDERON (CARAPUNGO),RURAL,2023-01-23,11:30:00,11,LUNES,1,ENERO,1,NO,CONDUCIR VEHICULO SUPERANDO LOS LIMITES MAXIMOS DE VELOCIDAD.,ESTRELLAMIENTOS,AUTOMOVIL,2,0,0,0,0,0,0,0,0,0,0,0,0,2,32,MUJER,LESIONADO,PASAJERO,NO,NO,3
33026,140445,140446,2023,1,0,-0.212841,-78.506035,PICHINCHA,QUITO,QUITO,URBANA,2023-01-23,12:30:00,12,LUNES,1,ENERO,1,NO,NO TRANSITAR POR LAS ACERAS O ZONAS DE SEGURIDAD DESTINADAS PARA EL EFECTO.,ATROPELLOS,AUTOMOVIL,1,0,0,0,0,0,0,0,0,0,0,0,0,1,8,HOMBRE,LESIONADO,PEATON,NO,NO,1
33027,140448,140449,2023,0,0,-0.082575,-78.483338,PICHINCHA,QUITO,QUITO,URBANA,2023-01-23,14:30:00,14,LUNES,1,ENERO,1,NO,"CONDUCIR DESATENTO A LAS CONDICIONES DE TRANSITO (CELULAR, PANTALLAS DE VIDEO, COMIDA, MAQUILLAJE O CUALQUIER OTRO ELEMENTO DISTRACTOR).",CHOQUE POSTERIOR,FURGONETA,1,0,0,0,0,0,0,1,0,0,0,0,0,2,61,HOMBRE,ILESO,CONDUCTOR PRESENTE,NO,SI,1
33028,140457,140458,2023,0,0,-0.163801,-78.475265,PICHINCHA,QUITO,QUITO,URBANA,2023-01-23,19:20:00,19,LUNES,1,ENERO,1,NO,"NO RESPETAR LAS SENIALES REGLAMENTARIAS DE TRANSITO. (PARE, CEDA EL PASO, LUZ ROJA DEL SEMAFORO, ETC).",CHOQUE LATERAL,MOTOCICLETA,1,0,0,0,0,0,0,0,1,0,0,0,0,2,25,HOMBRE,ILESO,CONDUCTOR PRESENTE,NO,NO,1
33029,140461,140462,2023,1,0,-0.295671,-78.409522,PICHINCHA,QUITO,LA MERCED,RURAL,2023-01-23,20:30:00,20,LUNES,1,ENERO,1,NO,"NO RESPETAR LAS SENIALES REGLAMENTARIAS DE TRANSITO. (PARE, CEDA EL PASO, LUZ ROJA DEL SEMAFORO, ETC).",CHOQUE LATERAL,NO IDENTIFICADO,0,0,0,0,0,0,0,0,0,2,0,0,0,2,19,HOMBRE,LESIONADO,CONDUCTOR PRESENTE,NO,NO,3
33030,140462,140463,2023,1,0,-0.175683,-78.485493,PICHINCHA,QUITO,QUITO,URBANA,2023-01-23,20:40:00,20,LUNES,1,ENERO,1,NO,NO TRANSITAR POR LAS ACERAS O ZONAS DE SEGURIDAD DESTINADAS PARA EL EFECTO.,ATROPELLOS,AUTOMOVIL,1,0,0,0,0,0,0,0,0,0,0,0,0,1,22,MUJER,LESIONADO,PEATON,NO,NO,1
33031,140466,140467,2023,0,0,-0.311107,-78.552478,PICHINCHA,QUITO,QUITO,URBANA,2023-01-24,00:45:00,0,MARTES,2,ENERO,1,NO,CONDUCIR VEHICULO SUPERANDO LOS LIMITES MAXIMOS DE VELOCIDAD.,ESTRELLAMIENTOS,CAMIONETA,1,0,0,0,1,0,0,0,0,0,0,0,0,2,39,MUJER,ILESO,CONDUCTOR PRESENTE,NO,NO,1
33032,140481,140482,2023,1,0,-0.261935,-78.530631,PICHINCHA,QUITO,QUITO,URBANA,2023-01-24,12:45:00,12,MARTES,2,ENERO,1,NO,NO TRANSITAR POR LAS ACERAS O ZONAS DE SEGURIDAD DESTINADAS PARA EL EFECTO.,ATROPELLOS,BUS,0,0,1,0,0,0,0,0,0,0,0,0,0,1,13,MUJER,LESIONADO,PEATON,NO,NO,1
33033,140488,140489,2023,1,0,-0.113233,-78.490224,PICHINCHA,QUITO,QUITO,URBANA,2023-01-24,15:50:00,15,MARTES,2,ENERO,1,NO,NO TRANSITAR POR LAS ACERAS O ZONAS DE SEGURIDAD DESTINADAS PARA EL EFECTO.,ATROPELLOS,AUTOMOVIL,1,0,0,0,0,0,0,0,0,0,0,0,0,1,40,HOMBRE,LESIONADO,PEATON,NO,NO,1
33034,140494,140495,2023,1,0,-0.307571,-78.447602,PICHINCHA,RUMINIAHUI,SANGOLQUI,RURAL,2023-01-24,17:45:00,17,MARTES,2,ENERO,1,NO,"CONDUCIR DESATENTO A LAS CONDICIONES DE TRANSITO (CELULAR, PANTALLAS DE VIDEO, COMIDA, MAQUILLAJE O CUALQUIER OTRO ELEMENTO DISTRACTOR).",ATROPELLOS,NO IDENTIFICADO,0,0,0,0,0,0,0,0,0,1,0,0,0,1,61,HOMBRE,LESIONADO,PEATON,NO,SI,3
33035,140500,140501,2023,5,0,-0.266913,-78.472205,PICHINCHA,QUITO,CONOCOTO,RURAL,2023-01-24,21:50:00,21,MARTES,2,ENERO,1,NO,"CONDUCE BAJO LA INFLUENCIA DE ALCOHOL, SUSTANCIAS ESTUPEFACIENTES O PSICOTROPICAS Y/O MEDICAMENTOS.",CHOQUE LATERAL,AUTOMOVIL,2,0,0,0,0,0,0,0,0,0,0,0,0,2,40,HOMBRE,LESIONADO,CONDUCTOR PRESENTE,NO,NO,3
33036,140501,140502,2023,2,0,-0.129315,-78.481169,PICHINCHA,QUITO,QUITO,URBANA,2023-01-24,23:35:00,23,MARTES,2,ENERO,1,NO,NO MANTENER LA DISTANCIA PRUDENCIAL CON RESPECTO AL VEHICULO QUE LE ANTECEDE.,CHOQUE POSTERIOR,AUTOMOVIL,2,0,0,0,0,0,0,0,0,0,0,0,0,2,29,HOMBRE,LESIONADO,CONDUCTOR PRESENTE,NO,NO,1
33037,140505,140506,2023,1,0,-0.118677,-78.492117,PICHINCHA,QUITO,QUITO,URBANA,2023-01-25,02:20:00,2,MIERCOLES,3,ENERO,1,NO,CONDUCIR VEHICULO SUPERANDO LOS LIMITES MAXIMOS DE VELOCIDAD.,PERDIDA DE CARRIL,MOTOCICLETA,0,0,0,0,0,0,0,0,1,0,0,0,0,1,26,MUJER,LESIONADO,PASAJERO,NO,NO,1
33038,140529,140530,2023,4,0,-0.214251,-78.491223,PICHINCHA,QUITO,QUITO,URBANA,2023-01-25,23:50:00,23,MIERCOLES,3,ENERO,1,NO,"CONDUCE BAJO LA INFLUENCIA DE ALCOHOL, SUSTANCIAS ESTUPEFACIENTES O PSICOTROPICAS Y/O MEDICAMENTOS.",CHOQUE POSTERIOR,AUTOMOVIL,2,0,0,0,0,0,0,0,0,0,0,0,0,2,29,HOMBRE,LESIONADO,PASAJERO,NO,NO,1
33039,140530,140531,2023,2,0,-0.103809,-78.424674,PICHINCHA,QUITO,CALDERON (CARAPUNGO),RURAL,2023-01-26,00:05:00,0,JUEVES,4,ENERO,1,NO,CONDUCIR VEHICULO SUPERANDO LOS LIMITES MAXIMOS DE VELOCIDAD.,ESTRELLAMIENTOS,AUTOMOVIL,1,0,0,0,0,0,0,0,0,0,0,0,0,1,60,HOMBRE,LESIONADO,PASAJERO,NO,NO,3
33040,140537,140538,2023,0,1,-0.578668,-78.602397,PICHINCHA,MEJIA,ALOASI,RURAL,2023-01-26,04:40:00,4,JUEVES,4,ENERO,1,NO,NO TRANSITAR POR LAS ACERAS O ZONAS DE SEGURIDAD DESTINADAS PARA EL EFECTO.,ATROPELLOS,NO IDENTIFICADO,0,0,0,0,0,0,0,0,0,1,0,0,0,1,-1,HOMBRE,FALLECIDO,PEATON,NO,SI,3
33041,140540,140541,2023,0,1,-0.243698,-78.540417,PICHINCHA,QUITO,QUITO,URBANA,2023-01-26,06:45:00,6,JUEVES,4,ENERO,1,NO,NO TRANSITAR POR LAS ACERAS O ZONAS DE SEGURIDAD DESTINADAS PARA EL EFECTO.,ATROPELLOS,AUTOMOVIL,1,0,0,0,0,0,0,0,0,0,0,0,0,1,76,HOMBRE,FALLECIDO,PEATON,NO,NO,1
33042,140541,140542,2023,1,0,-0.328401,-78.550339,PICHINCHA,QUITO,QUITO,URBANA,2023-01-26,06:50:00,6,JUEVES,4,ENERO,1,NO,NO CEDER EL DERECHO DE VIA O PREFERENCIA DE PASO AL PEATON.,ATROPELLOS,NO IDENTIFICADO,0,0,0,0,0,0,0,0,0,1,0,0,0,1,42,MUJER,LESIONADO,PEATON,NO,NO,1
33043,140544,140545,2023,0,0,-0.212362,-78.514469,PICHINCHA,QUITO,QUITO,URBANA,2023-01-26,08:30:00,8,JUEVES,4,ENERO,1,NO,"NO RESPETAR LAS SENIALES REGLAMENTARIAS DE TRANSITO. (PARE, CEDA EL PASO, LUZ ROJA DEL SEMAFORO, ETC).",CHOQUE FRONTAL,AUTOMOVIL,2,0,0,0,0,0,0,0,0,0,0,0,0,2,67,HOMBRE,ILESO,CONDUCTOR PRESENTE,NO,NO,1
33044,140548,140549,2023,0,0,-0.203981,-78.481241,PICHINCHA,QUITO,QUITO,URBANA,2023-01-26,09:35:00,9,JUEVES,4,ENERO,1,NO,"NO RESPETAR LAS SENIALES REGLAMENTARIAS DE TRANSITO. (PARE, CEDA EL PASO, LUZ ROJA DEL SEMAFORO, ETC).",CHOQUE LATERAL,MOTOCICLETA,1,0,0,0,0,0,0,0,1,0,0,0,0,2,26,HOMBRE,ILESO,CONDUCTOR PRESENTE,NO,NO,1
33045,140551,140552,2023,1,0,-0.302408,-78.533321,PICHINCHA,QUITO,QUITO,URBANA,2023-01-26,11:30:00,11,JUEVES,4,ENERO,1,NO,CONDUCIR VEHICULO SUPERANDO LOS LIMITES MAXIMOS DE VELOCIDAD.,ESTRELLAMIENTOS,BUS,1,0,1,0,0,0,0,0,0,0,0,0,0,2,55,HOMBRE,LESIONADO,CONDUCTOR PRESENTE,NO,NO,1
33046,140562,140563,2023,1,0,-0.208879,-78.522048,PICHINCHA,QUITO,QUITO,URBANA,2023-01-26,17:00:00,17,JUEVES,4,ENERO,1,NO,NO TRANSITAR POR LAS ACERAS O ZONAS DE SEGURIDAD DESTINADAS PARA EL EFECTO.,ATROPELLOS,CAMIONETA,0,0,0,0,1,0,0,0,0,0,0,0,0,1,59,HOMBRE,LESIONADO,PEATON,NO,NO,1
33047,140574,140575,2023,1,0,-0.133691,-78.497687,PICHINCHA,QUITO,QUITO,URBANA,2023-01-26,20:45:00,20,JUEVES,4,ENERO,1,NO,"NO RESPETAR LAS SENIALES REGLAMENTARIAS DE TRANSITO. (PARE, CEDA EL PASO, LUZ ROJA DEL SEMAFORO, ETC).",CHOQUE FRONTAL,MOTOCICLETA,1,0,0,0,0,0,0,0,1,0,0,0,0,2,27,HOMBRE,LESIONADO,CONDUCTOR PRESENTE,NO,NO,1
33048,140577,140578,2023,4,0,-0.185096,-78.499081,PICHINCHA,QUITO,QUITO,URBANA,2023-01-26,22:00:00,22,JUEVES,4,ENERO,1,NO,"CONDUCE BAJO LA INFLUENCIA DE ALCOHOL, SUSTANCIAS ESTUPEFACIENTES O PSICOTROPICAS Y/O MEDICAMENTOS.",CHOQUE LATERAL,AUTOMOVIL,2,0,0,0,0,0,0,0,0,0,0,0,0,2,22,HOMBRE,LESIONADO,PASAJERO,NO,NO,1
33049,140581,140582,2023,0,0,-0.234775,-78.471131,PICHINCHA,QUITO,QUITO,URBANA,2023-01-27,00:02:00,0,VIERNES,5,ENERO,1,NO,"FALLA MECANICA EN LOS SISTEMAS Y/O NEUMATICOS (SISTEMA DE FRENOS, DIRECCION, ELECTRONICO O MECANICO).",PERDIDA DE CARRIL,AUTOMOVIL,1,0,0,0,0,0,0,0,0,0,0,0,0,1,-1,NO IDENTIFICADO,NO IDENTIFICADO,CONDUCTOR AUSENTE,NO,NO,2
33050,140582,140583,2023,1,1,-0.279891,-78.473711,PICHINCHA,QUITO,CONOCOTO,RURAL,2023-01-27,00:05:00,0,VIERNES,5,ENERO,1,NO,CONDUCIR VEHICULO SUPERANDO LOS LIMITES MAXIMOS DE VELOCIDAD.,PERDIDA DE CARRIL,AUTOMOVIL,1,0,0,0,0,0,0,0,0,0,0,0,0,1,40,HOMBRE,FALLECIDO,PASAJERO,NO,SI,3
33051,140590,140591,2023,0,0,-0.243034,-78.514286,PICHINCHA,QUITO,QUITO,URBANA,2023-01-27,08:30:00,8,VIERNES,5,ENERO,1,NO,"NO RESPETAR LAS SENIALES REGLAMENTARIAS DE TRANSITO. (PARE, CEDA EL PASO, LUZ ROJA DEL SEMAFORO, ETC).",CHOQUE LATERAL,CAMIONETA,1,0,0,0,1,0,0,0,0,0,0,0,0,2,32,HOMBRE,ILESO,CONDUCTOR PRESENTE,NO,NO,1