,Unnamed: 0,ID,ANIO,LESIONADOS,FALLECIDOS,LATITUD_Y,LONGITUD_X,PROVINCIA,CANTON,PARROQUIA,ZONA,FECHA,HORA,PERIODO_2,DIA_1,DIA_2,MES_1,MES_2,FERIADO,CAUSA_PROBABLE,TIPO_DE_SINIESTRO,TIPO_DE_VEHICULO_1,AUTOMOVIL,BICICLETA,BUS,CAMION,CAMIONETA,EMERGENCIAS,ESPECIAL,FURGONETA,MOTOCICLETA,NO_IDENTIFICADO,SCOOTER_ELECTRICO,TRICIMOTO,VEHICULO_DEPORTIVO_UTILITARIO,SUMA_DE_VEHICULOS,EDAD_1,SEXO_1,CONDICION_1,PARTICIPANTE_1,CASCO_1,CINTURON_1,KMeans_Cluster
33052,140591,140592,2023,0,0,-0.217963,-78.433549,PICHINCHA,QUITO,CUMBAYA,RURAL,2023-01-27,09:05:00,9,VIERNES,5,ENERO,1,NO,NO CEDER EL DERECHO DE VIA O PREFERENCIA DE PASO A VEHICULOS.,CHOQUE LATERAL,AUTOMOVIL,2,0,0,0,0,0,0,0,0,0,0,0,0,2,62,MUJER,ILESO,CONDUCTOR PRESENTE,NO,NO,3
33053,140592,140593,2023,0,1,-0.204277,-78.527613,PICHINCHA,QUITO,QUITO,URBANA,2023-01-27,09:35:00,9,VIERNES,5,ENERO,1,NO,NO CEDER EL DERECHO DE VIA O PREFERENCIA DE PASO AL PEATON.,OTROS,NO IDENTIFICADO,0,0,0,0,0,0,0,0,0,1,0,0,0,1,-1,MUJER,FALLECIDO,PEATON,NO,NO,1
33054,140600,140601,2023,0,0,-0.196383,-78.502947,PICHINCHA,QUITO,QUITO,URBANA,2023-01-27,12:05:00,12,VIERNES,5,ENERO,1,NO,"NO RESPETAR LAS SENIALES REGLAMENTARIAS DE TRANSITO. (PARE, CEDA EL PASO, LUZ ROJA DEL SEMAFORO, ETC).",CHOQUE LATERAL,AUTOMOVIL,2,0,0,0,0,0,0,0,0,0,0,0,0,2,33,HOMBRE,ILESO,CONDUCTOR PRESENTE,NO,NO,1
33055,140603,140604,2023,1,0,-0.204543,-78.502256,PICHINCHA,QUITO,QUITO,URBANA,2023-01-27,12:50:00,12,VIERNES,5,ENERO,1,NO,NO TRANSITAR POR LAS ACERAS O ZONAS DE SEGURIDAD DESTINADAS PARA EL EFECTO.,ATROPELLOS,CAMIONETA,0,0,0,0,1,0,0,0,0,0,0,0,0,1,81,MUJER,LESIONADO,PEATON,NO,NO,1
33056,140605,140606,2023,2,0,-0.222873,-78.508123,PICHINCHA,QUITO,QUITO,URBANA,2023-01-27,13:30:00,13,VIERNES,5,ENERO,1,NO,NO MANTENER LA DISTANCIA PRUDENCIAL CON RESPECTO AL VEHICULO QUE LE ANTECEDE.,CHOQUE POSTERIOR,BUS,0,0,1,0,0,0,0,0,1,0,0,0,0,2,15,HOMBRE,LESIONADO,PASAJERO,NO,NO,1
33057,140608,140609,2023,2,0,-0.280921,-78.557091,PICHINCHA,QUITO,QUITO,URBANA,2023-01-27,14:20:00,14,VIERNES,5,ENERO,1,NO,NO CEDER EL DERECHO DE VIA O PREFERENCIA DE PASO AL PEATON.,ATROPELLOS,MOTOCICLETA,0,0,0,0,0,0,0,0,1,0,0,0,0,1,51,MUJER,LESIONADO,PEATON,NO,NO,1
33058,140612,140613,2023,0,0,-0.297613,-78.550255,PICHINCHA,QUITO,QUITO,URBANA,2023-01-27,16:25:00,16,VIERNES,5,ENERO,1,NO,"NO RESPETAR LAS SENIALES REGLAMENTARIAS DE TRANSITO. (PARE, CEDA EL PASO, LUZ ROJA DEL SEMAFORO, ETC).",CHOQUE LATERAL,BUS,1,0,1,0,0,0,0,0,0,0,0,0,0,2,22,HOMBRE,ILESO,CONDUCTOR PRESENTE,NO,NO,1
33059,140617,140618,2023,1,0,-0.307971,-78.559391,PICHINCHA,QUITO,QUITO,URBANA,2023-01-27,17:55:00,17,VIERNES,5,ENERO,1,NO,"CONDUCE BAJO LA INFLUENCIA DE ALCOHOL, SUSTANCIAS ESTUPEFACIENTES O PSICOTROPICAS Y/O MEDICAMENTOS.",CHOQUE FRONTAL,CAMIONETA,1,0,0,0,1,0,0,0,0,0,0,0,0,2,13,HOMBRE,LESIONADO,PASAJERO,NO,NO,1
33060,140627,140628,2023,0,0,-0.300051,-78.547424,PICHINCHA,QUITO,QUITO,URBANA,2023-01-27,19:30:00,19,VIERNES,5,ENERO,1,NO,CONDUCIR VEHICULO SUPERANDO LOS LIMITES MAXIMOS DE VELOCIDAD.,ESTRELLAMIENTOS,AUTOMOVIL,2,0,0,0,0,0,0,0,0,0,0,0,0,2,-1,NO IDENTIFICADO,NO IDENTIFICADO,CONDUCTOR AUSENTE,NO,NO,2
33061,140638,140639,2023,0,0,-0.194538,-78.501895,PICHINCHA,QUITO,QUITO,URBANA,2023-01-27,21:50:00,21,VIERNES,5,ENERO,1,NO,"CONDUCE BAJO LA INFLUENCIA DE ALCOHOL, SUSTANCIAS ESTUPEFACIENTES O PSICOTROPICAS Y/O MEDICAMENTOS.",ESTRELLAMIENTOS,AUTOMOVIL,1,0,0,0,0,0,0,0,0,0,0,0,0,1,37,HOMBRE,ILESO,CONDUCTOR PRESENTE,NO,NO,1
33062,140641,140642,2023,2,0,-0.293718,-78.539826,PICHINCHA,QUITO,QUITO,URBANA,2023-01-27,22:40:00,22,VIERNES,5,ENERO,1,NO,"CONDUCE BAJO LA INFLUENCIA DE ALCOHOL, SUSTANCIAS ESTUPEFACIENTES O PSICOTROPICAS Y/O MEDICAMENTOS.",ATROPELLOS,MOTOCICLETA,0,0,0,0,0,0,0,0,1,0,0,0,0,1,56,HOMBRE,LESIONADO,PEATON,NO,NO,1
33063,140665,140666,2023,0,0,-0.153795,-78.468021,PICHINCHA,QUITO,QUITO,URBANA,2023-01-28,06:40:00,6,SABADO,6,ENERO,1,NO,CONDUCIR VEHICULO SUPERANDO LOS LIMITES MAXIMOS DE VELOCIDAD.,ESTRELLAMIENTOS,CAMIONETA,0,0,0,0,1,0,0,0,0,0,0,0,0,1,30,HOMBRE,ILESO,PASAJERO,NO,NO,1
33064,140666,140667,2023,3,0,-0.336092,-78.520229,PICHINCHA,QUITO,QUITO,URBANA,2023-01-28,06:40:00,6,SABADO,6,ENERO,1,NO,CONDUCIR VEHICULO SUPERANDO LOS LIMITES MAXIMOS DE VELOCIDAD.,ESTRELLAMIENTOS,AUTOMOVIL,1,0,0,0,0,0,0,0,0,0,0,0,0,1,26,HOMBRE,LESIONADO,PASAJERO,NO,NO,1
33065,140676,140677,2023,1,0,-0.243921,-78.475681,PICHINCHA,QUITO,QUITO,URBANA,2023-01-28,09:00:00,9,SABADO,6,ENERO,1,NO,CONDUCIR VEHICULO SUPERANDO LOS LIMITES MAXIMOS DE VELOCIDAD.,OTROS,MOTOCICLETA,0,0,0,0,0,0,0,0,1,1,0,0,0,2,26,HOMBRE,LESIONADO,CONDUCTOR PRESENTE,NO,NO,1
33066,140680,140681,2023,1,0,-0.153669,-78.467213,PICHINCHA,QUITO,QUITO,URBANA,2023-01-28,09:50:00,9,SABADO,6,ENERO,1,NO,"CONDUCE BAJO LA INFLUENCIA DE ALCOHOL, SUSTANCIAS ESTUPEFACIENTES O PSICOTROPICAS Y/O MEDICAMENTOS.",ROZAMIENTOS,MOTOCICLETA,0,0,0,0,1,0,0,0,1,0,0,0,0,2,26,HOMBRE,LESIONADO,CONDUCTOR PRESENTE,NO,NO,1
33067,140682,140683,2023,2,0,-0.355927,-78.529075,PICHINCHA,QUITO,QUITO,URBANA,2023-01-28,12:02:00,12,SABADO,6,ENERO,1,NO,"CONDUCE BAJO LA INFLUENCIA DE ALCOHOL, SUSTANCIAS ESTUPEFACIENTES O PSICOTROPICAS Y/O MEDICAMENTOS.",ESTRELLAMIENTOS,BUS,1,0,1,0,1,0,0,0,0,0,0,0,0,3,44,HOMBRE,LESIONADO,CONDUCTOR PRESENTE,NO,NO,1
33068,140689,140690,2023,1,0,-0.100041,-78.419115,PICHINCHA,QUITO,CALDERON (CARAPUNGO),RURAL,2023-01-28,14:00:00,14,SABADO,6,ENERO,1,NO,"CONDUCIR DESATENTO A LAS CONDICIONES DE TRANSITO (CELULAR, PANTALLAS DE VIDEO, COMIDA, MAQUILLAJE O CUALQUIER OTRO ELEMENTO DISTRACTOR).",ATROPELLOS,AUTOMOVIL,1,0,0,0,0,0,0,0,0,0,0,0,0,1,54,HOMBRE,LESIONADO,CONDUCTOR PRESENTE,NO,SI,3
33069,140696,140697,2023,7,0,-0.450649,-78.638485,PICHINCHA,MEJIA,ALOAG,RURAL,2023-01-28,17:06:00,17,SABADO,6,ENERO,1,NO,"NO RESPETAR LAS SENIALES REGLAMENTARIAS DE TRANSITO. (PARE, CEDA EL PASO, LUZ ROJA DEL SEMAFORO, ETC).",CHOQUE LATERAL,VEHICULO DEPORTIVO UTILITARIO,1,0,0,0,0,0,0,0,0,0,0,0,1,2,36,MUJER,LESIONADO,PASAJERO,NO,NO,3
33070,140714,140715,2023,2,0,-0.129395,-78.481299,PICHINCHA,QUITO,QUITO,URBANA,2023-01-28,20:45:00,20,SABADO,6,ENERO,1,NO,NO CEDER EL DERECHO DE VIA O PREFERENCIA DE PASO A VEHICULOS.,CHOQUE LATERAL,BUS,1,0,1,0,0,0,0,0,0,0,0,0,0,2,57,HOMBRE,LESIONADO,PASAJERO,NO,NO,1
33071,140716,140717,2023,0,1,-0.462751,-78.567917,PICHINCHA,MEJIA,ALOAG,RURAL,2023-01-28,21:32:00,21,SABADO,6,ENERO,1,NO,"CONDUCIR DESATENTO A LAS CONDICIONES DE TRANSITO (CELULAR, PANTALLAS DE VIDEO, COMIDA, MAQUILLAJE O CUALQUIER OTRO ELEMENTO DISTRACTOR).",ATROPELLOS,NO IDENTIFICADO,0,0,0,0,0,0,0,0,0,1,0,0,0,1,-1,HOMBRE,FALLECIDO,PEATON,NO,NO,3
33072,140733,140734,2023,1,0,-0.210292,-78.417692,PICHINCHA,QUITO,TUMBACO,RURAL,2023-01-29,04:35:00,4,DOMINGO,7,ENERO,1,NO,CONDUCIR VEHICULO SUPERANDO LOS LIMITES MAXIMOS DE VELOCIDAD.,ESTRELLAMIENTOS,AUTOMOVIL,1,0,0,0,0,0,0,0,0,0,0,0,0,1,23,HOMBRE,LESIONADO,CONDUCTOR PRESENTE,NO,NO,3
33073,140735,140736,2023,1,0,-0.163494,-78.475131,PICHINCHA,QUITO,QUITO,URBANA,2023-01-29,04:55:00,4,DOMINGO,7,ENERO,1,NO,CONDUCIR VEHICULO SUPERANDO LOS LIMITES MAXIMOS DE VELOCIDAD.,PERDIDA DE CARRIL,MOTOCICLETA,0,0,0,0,0,0,0,0,1,0,0,0,0,1,42,HOMBRE,LESIONADO,CONDUCTOR PRESENTE,NO,NO,1
33074,140737,140738,2023,0,1,-0.189621,-78.483114,PICHINCHA,QUITO,QUITO,URBANA,2023-01-29,05:15:00,5,DOMINGO,7,ENERO,1,NO,NO CEDER EL DERECHO DE VIA O PREFERENCIA DE PASO AL PEATON.,ARROLLAMIENTOS,NO IDENTIFICADO,0,0,0,0,0,0,0,0,0,1,0,0,0,1,72,HOMBRE,FALLECIDO,PEATON,NO,NO,1
33075,140742,140743,2023,3,1,0.065413,-78.139701,PICHINCHA,CAYAMBE,SAN JOSE DE AYORA,RURAL,2023-01-29,06:00:00,6,DOMINGO,7,ENERO,1,NO,CONDUCIR VEHICULO SUPERANDO LOS LIMITES MAXIMOS DE VELOCIDAD.,CHOQUE FRONTAL,BUS,1,0,1,0,0,0,0,0,0,0,0,0,0,2,12,HOMBRE,FALLECIDO,PASAJERO,NO,SI,3
33076,140743,140744,2023,1,1,-0.218174,-78.430116,PICHINCHA,QUITO,CUMBAYA,RURAL,2023-01-29,06:06:00,6,DOMINGO,7,ENERO,1,NO,CONDUCIR VEHICULO SUPERANDO LOS LIMITES MAXIMOS DE VELOCIDAD.,OTROS,MOTOCICLETA,0,0,0,0,0,0,0,0,1,1,0,0,0,2,27,HOMBRE,FALLECIDO,CONDUCTOR PRESENTE,NO,NO,3
33077,140745,140746,2023,1,0,-0.436329,-78.553207,PICHINCHA,MEJIA,MACHACHI,RURAL,2023-01-29,06:20:00,6,DOMINGO,7,ENERO,1,NO,"CONDUCIR DESATENTO A LAS CONDICIONES DE TRANSITO (CELULAR, PANTALLAS DE VIDEO, COMIDA, MAQUILLAJE O CUALQUIER OTRO ELEMENTO DISTRACTOR).",CHOQUE LATERAL,MOTOCICLETA,0,0,0,0,0,0,0,0,1,0,0,0,1,2,36,HOMBRE,LESIONADO,CONDUCTOR PRESENTE,NO,SI,3
33078,140747,140748,2023,0,1,-0.102451,-78.450213,PICHINCHA,QUITO,CALDERON (CARAPUNGO),RURAL,2023-01-29,07:25:00,7,DOMINGO,7,ENERO,1,NO,"ADELANTAR O REBASAR A OTRO VEHICULO EN MOVIMIENTO EN ZONAS O SITIOS PELIGROSOS TALES COMO: CURVAS, PUENTES, TUNELES, PENDIENTES, ETC.",ROZAMIENTOS,BUS,0,0,1,0,0,0,0,0,1,0,0,0,0,2,24,HOMBRE,FALLECIDO,CONDUCTOR PRESENTE,NO,NO,3
33079,140749,140750,2023,1,0,-0.189812,-78.451305,PICHINCHA,QUITO,NAYON,RURAL,2023-01-29,07:45:00,7,DOMINGO,7,ENERO,1,NO,"FALLA MECANICA EN LOS SISTEMAS Y/O NEUMATICOS (SISTEMA DE FRENOS, DIRECCION, ELECTRONICO O MECANICO).",PERDIDA DE CARRIL,MOTOCICLETA,0,0,0,0,0,0,0,0,1,0,0,0,0,1,32,HOMBRE,LESIONADO,CONDUCTOR PRESENTE,NO,NO,3
33080,140752,140753,2023,1,0,0.028152,-78.268661,PICHINCHA,PEDRO MONCAYO,TOCACHI,RURAL,2023-01-29,08:50:00,8,DOMINGO,7,ENERO,1,NO,"CONDUCIR DESATENTO A LAS CONDICIONES DE TRANSITO (CELULAR, PANTALLAS DE VIDEO, COMIDA, MAQUILLAJE O CUALQUIER OTRO ELEMENTO DISTRACTOR).",CHOQUE LATERAL,CAMION,1,0,0,1,0,0,0,0,0,0,0,0,0,2,60,HOMBRE,LESIONADO,CONDUCTOR PRESENTE,NO,SI,3
33081,140764,140765,2023,1,0,-0.318631,-78.549293,PICHINCHA,QUITO,QUITO,URBANA,2023-01-29,14:20:00,14,DOMINGO,7,ENERO,1,NO,NO TRANSITAR POR LAS ACERAS O ZONAS DE SEGURIDAD DESTINADAS PARA EL EFECTO.,ARROLLAMIENTOS,CAMION,0,0,0,1,0,0,0,0,0,0,0,0,0,1,67,MUJER,LESIONADO,PEATON,NO,NO,1
33082,140766,140767,2023,0,0,-0.317904,-78.459506,PICHINCHA,RUMINIAHUI,SANGOLQUI,URBANA,2023-01-29,15:12:00,15,DOMINGO,7,ENERO,1,NO,"CONDUCIR DESATENTO A LAS CONDICIONES DE TRANSITO (CELULAR, PANTALLAS DE VIDEO, COMIDA, MAQUILLAJE O CUALQUIER OTRO ELEMENTO DISTRACTOR).",ATROPELLOS,MOTOCICLETA,0,0,0,0,0,0,0,0,1,0,0,0,0,1,47,HOMBRE,ILESO,PEATON,NO,SI,1
33083,140769,140770,2023,2,0,-0.205556,-78.499961,PICHINCHA,QUITO,QUITO,URBANA,2023-01-29,16:40:00,16,DOMINGO,7,ENERO,1,NO,NO CEDER EL DERECHO DE VIA O PREFERENCIA DE PASO A VEHICULOS.,CHOQUE LATERAL,MOTOCICLETA,0,0,0,0,0,0,0,0,1,1,0,0,0,2,24,HOMBRE,LESIONADO,CONDUCTOR PRESENTE,NO,NO,1
33084,140772,140773,2023,4,0,-0.205934,-78.501739,PICHINCHA,QUITO,QUITO,URBANA,2023-01-29,17:00:00,17,DOMINGO,7,ENERO,1,NO,"NO RESPETAR LAS SENIALES REGLAMENTARIAS DE TRANSITO. (PARE, CEDA EL PASO, LUZ ROJA DEL SEMAFORO, ETC).",CHOQUE LATERAL,AUTOMOVIL,2,0,0,0,0,0,0,0,0,0,0,0,0,2,63,MUJER,LESIONADO,PASAJERO,NO,NO,1
33085,140779,140780,2023,2,0,-0.236751,-78.487529,PICHINCHA,QUITO,QUITO,URBANA,2023-01-29,19:20:00,19,DOMINGO,7,ENERO,1,NO,NO MANTENER LA DISTANCIA PRUDENCIAL CON RESPECTO AL VEHICULO QUE LE ANTECEDE.,CHOQUE POSTERIOR,MOTOCICLETA,0,0,0,0,0,0,0,0,1,1,0,0,0,2,37,HOMBRE,LESIONADO,CONDUCTOR PRESENTE,NO,NO,1
33086,140797,140798,2023,3,0,-0.308212,-78.544763,PICHINCHA,QUITO,QUITO,URBANA,2023-01-30,00:00:00,0,LUNES,1,ENERO,1,NO,"PEATON TRANSITA BAJO INFLUENCIA DE ALCOHOL, SUSTANCIAS ESTUPEFACIENTES O PSICOTROPICAS Y/O MEDICAMENTOS.",ATROPELLOS,MOTOCICLETA,0,0,0,0,0,0,0,0,1,0,0,0,0,1,21,HOMBRE,LESIONADO,CONDUCTOR PRESENTE,NO,NO,1
33087,140801,140802,2023,2,0,-0.449411,-78.585734,PICHINCHA,MEJIA,ALOAG,URBANA,2023-01-30,02:15:00,2,LUNES,1,ENERO,1,NO,"CONDUCE BAJO LA INFLUENCIA DE ALCOHOL, SUSTANCIAS ESTUPEFACIENTES O PSICOTROPICAS Y/O MEDICAMENTOS.",CHOQUE LATERAL,VEHICULO DEPORTIVO UTILITARIO,1,0,0,0,0,0,0,0,0,0,0,0,1,2,31,HOMBRE,LESIONADO,PEATON,NO,SI,1
33088,140803,140804,2023,0,0,-0.214264,-78.359841,PICHINCHA,QUITO,PUEMBO,RURAL,2023-01-30,05:40:00,5,LUNES,1,ENERO,1,NO,CONDUCIR VEHICULO SUPERANDO LOS LIMITES MAXIMOS DE VELOCIDAD.,ESTRELLAMIENTOS,AUTOMOVIL,1,0,0,0,0,0,0,0,0,0,0,0,0,1,25,HOMBRE,ILESO,PASAJERO,NO,NO,3
33089,140806,140807,2023,1,1,-0.242718,-78.316097,PICHINCHA,QUITO,PIFO,RURAL,2023-01-30,07:00:00,7,LUNES,1,ENERO,1,NO,"CONDUCIR DESATENTO A LAS CONDICIONES DE TRANSITO (CELULAR, PANTALLAS DE VIDEO, COMIDA, MAQUILLAJE O CUALQUIER OTRO ELEMENTO DISTRACTOR).",PERDIDA DE PISTA,CAMION,0,0,0,1,0,0,0,0,0,0,0,0,0,1,35,HOMBRE,FALLECIDO,CONDUCTOR PRESENTE,NO,SI,3
33090,140809,140810,2023,0,1,-0.286179,-78.531037,PICHINCHA,QUITO,QUITO,URBANA,2023-01-30,07:30:00,7,LUNES,1,ENERO,1,NO,"ADELANTAR O REBASAR A OTRO VEHICULO EN MOVIMIENTO EN ZONAS O SITIOS PELIGROSOS TALES COMO: CURVAS, PUENTES, TUNELES, PENDIENTES, ETC.",CHOQUE FRONTAL,MOTOCICLETA,1,0,0,0,0,0,0,0,1,0,0,0,0,2,31,HOMBRE,FALLECIDO,CONDUCTOR PRESENTE,NO,NO,1
33091,140811,140812,2023,0,1,-0.104982,-78.430365,PICHINCHA,QUITO,CALDERON (CARAPUNGO),RURAL,2023-01-30,08:39:00,8,LUNES,1,ENERO,1,NO,NO CEDER EL DERECHO DE VIA O PREFERENCIA DE PASO AL PEATON.,ATROPELLOS,NO IDENTIFICADO,0,0,0,0,0,0,0,0,0,1,0,0,0,1,73,HOMBRE,FALLECIDO,PEATON,NO,NO,3
33092,140815,140816,2023,0,0,-0.304353,-78.434051,PICHINCHA,QUITO,ALANGASI,RURAL,2023-01-30,09:45:00,9,LUNES,1,ENERO,1,NO,CONDUCIR VEHICULO SUPERANDO LOS LIMITES MAXIMOS DE VELOCIDAD.,ESTRELLAMIENTOS,FURGONETA,0,0,0,0,0,0,0,1,0,0,0,0,0,1,49,HOMBRE,ILESO,CONDUCTOR PRESENTE,NO,NO,3
33093,140816,140817,2023,0,0,-0.150088,-78.474617,PICHINCHA,QUITO,QUITO,URBANA,2023-01-30,10:45:00,10,LUNES,1,ENERO,1,NO,"NO RESPETAR LAS SENIALES REGLAMENTARIAS DE TRANSITO. (PARE, CEDA EL PASO, LUZ ROJA DEL SEMAFORO, ETC).",CHOQUE LATERAL,AUTOMOVIL,2,0,0,0,0,0,0,0,0,0,0,0,0,2,23,HOMBRE,ILESO,CONDUCTOR PRESENTE,NO,NO,1
33094,140817,140818,2023,1,0,-0.196923,-78.501639,PICHINCHA,QUITO,QUITO,URBANA,2023-01-30,11:10:00,11,LUNES,1,ENERO,1,NO,NO MANTENER LA DISTANCIA PRUDENCIAL CON RESPECTO AL VEHICULO QUE LE ANTECEDE.,CHOQUE POSTERIOR,SCOOTER ELECTRICO,1,0,0,0,0,0,0,0,0,0,1,0,0,2,31,MUJER,LESIONADO,CONDUCTOR PRESENTE,NO,NO,1
33095,140818,140819,2023,0,0,-0.205882,-78.494928,PICHINCHA,QUITO,QUITO,URBANA,2023-01-30,12:15:00,12,LUNES,1,ENERO,1,NO,"NO RESPETAR LAS SENIALES REGLAMENTARIAS DE TRANSITO. (PARE, CEDA EL PASO, LUZ ROJA DEL SEMAFORO, ETC).",CHOQUE LATERAL,CAMIONETA,1,0,0,0,1,0,0,0,0,0,0,0,0,2,48,HOMBRE,ILESO,CONDUCTOR PRESENTE,NO,NO,1
33096,140824,140825,2023,0,0,-0.259421,-78.520417,PICHINCHA,QUITO,QUITO,URBANA,2023-01-30,14:15:00,14,LUNES,1,ENERO,1,NO,"NO RESPETAR LAS SENIALES REGLAMENTARIAS DE TRANSITO. (PARE, CEDA EL PASO, LUZ ROJA DEL SEMAFORO, ETC).",OTROS,AUTOMOVIL,2,0,0,0,0,0,0,0,0,0,0,0,0,2,39,HOMBRE,ILESO,CONDUCTOR PRESENTE,NO,NO,1
33097,140837,140838,2023,2,0,-0.276706,-78.523523,PICHINCHA,QUITO,QUITO,URBANA,2023-01-30,18:50:00,18,LUNES,1,ENERO,1,NO,"NO RESPETAR LAS SENIALES REGLAMENTARIAS DE TRANSITO. (PARE, CEDA EL PASO, LUZ ROJA DEL SEMAFORO, ETC).",CHOQUE FRONTAL,MOTOCICLETA,0,0,0,0,1,0,0,0,1,0,0,0,0,2,15,HOMBRE,LESIONADO,PASAJERO,NO,NO,1
33098,140839,140840,2023,0,0,-0.279368,-78.519426,PICHINCHA,QUITO,QUITO,URBANA,2023-01-30,21:10:00,21,LUNES,1,ENERO,1,NO,"NO RESPETAR LAS SENIALES REGLAMENTARIAS DE TRANSITO. (PARE, CEDA EL PASO, LUZ ROJA DEL SEMAFORO, ETC).",CHOQUE LATERAL,CAMIONETA,1,0,0,0,1,0,0,0,0,0,0,0,0,2,43,HOMBRE,ILESO,CONDUCTOR PRESENTE,NO,NO,1
33099,140844,140845,2023,0,0,-0.302339,-78.533492,PICHINCHA,QUITO,QUITO,URBANA,2023-01-30,22:50:00,22,LUNES,1,ENERO,1,NO,CONDUCIR VEHICULO SUPERANDO LOS LIMITES MAXIMOS DE VELOCIDAD.,ESTRELLAMIENTOS,CAMION,1,0,0,1,0,0,0,0,0,0,0,0,0,2,44,HOMBRE,ILESO,CONDUCTOR PRESENTE,NO,NO,1
33100,140845,140846,2023,0,0,-0.257329,-78.515115,PICHINCHA,QUITO,QUITO,URBANA,2023-01-30,22:50:00,22,LUNES,1,ENERO,1,NO,CONDUCIR VEHICULO SUPERANDO LOS LIMITES MAXIMOS DE VELOCIDAD.,ESTRELLAMIENTOS,AUTOMOVIL,1,0,0,0,0,0,0,0,0,0,0,0,0,1,-1,NO IDENTIFICADO,NO IDENTIFICADO,CONDUCTOR AUSENTE,NO,NO,2
33101,140846,140847,2023,0,0,-0.344898,-78.429344,PICHINCHA,RUMINIAHUI,SANGOLQUI,URBANA,2023-01-30,22:50:00,22,LUNES,1,ENERO,1,NO,"CONDUCIR DESATENTO A LAS CONDICIONES DE TRANSITO (CELULAR, PANTALLAS DE VIDEO, COMIDA, MAQUILLAJE O CUALQUIER OTRO ELEMENTO DISTRACTOR).",CHOQUE LATERAL,VEHICULO DEPORTIVO UTILITARIO,1,0,0,0,0,0,0,0,0,0,0,0,1,2,23,HOMBRE,ILESO,CONDUCTOR PRESENTE,NO,SI,1
33102,140854,140855,2023,0,0,-0.172978,-78.487784,PICHINCHA,QUITO,QUITO,URBANA,2023-01-31,09:15:00,9,MARTES,2,ENERO,1,NO,CONDUCIR VEHICULO SUPERANDO LOS LIMITES MAXIMOS DE VELOCIDAD.,ESTRELLAMIENTOS,BUS,0,0,1,0,0,0,0,0,0,0,0,0,0,1,42,HOMBRE,ILESO,CONDUCTOR PRESENTE,NO,NO,1
33103,140855,140856,2023,0,0,-0.202359,-78.491995,PICHINCHA,QUITO,QUITO,URBANA,2023-01-31,09:25:00,9,MARTES,2,ENERO,1,NO,CONDUCIR VEHICULO SUPERANDO LOS LIMITES MAXIMOS DE VELOCIDAD.,ESTRELLAMIENTOS,AUTOMOVIL,1,0,0,0,0,0,0,0,0,0,0,0,0,1,-1,NO IDENTIFICADO,NO IDENTIFICADO,CONDUCTOR AUSENTE,NO,NO,2
33104,140864,140865,2023,0,0,-0.150113,-78.454646,PICHINCHA,QUITO,QUITO,URBANA,2023-01-31,15:52:00,15,MARTES,2,ENERO,1,NO,CONDUCIR VEHICULO SUPERANDO LOS LIMITES MAXIMOS DE VELOCIDAD.,ESTRELLAMIENTOS,CAMION,1,0,0,1,0,0,0,0,0,0,0,0,0,2,23,HOMBRE,ILESO,CONDUCTOR PRESENTE,NO,NO,1
33105,140873,140874,2023,1,0,-0.176735,-78.493732,PICHINCHA,QUITO,QUITO,URBANA,2023-01-31,19:20:00,19,MARTES,2,ENERO,1,NO,"CONDUCE BAJO LA INFLUENCIA DE ALCOHOL, SUSTANCIAS ESTUPEFACIENTES O PSICOTROPICAS Y/O MEDICAMENTOS.",CHOQUE POSTERIOR,MOTOCICLETA,1,0,0,0,0,0,0,0,1,0,0,0,0,2,36,HOMBRE,LESIONADO,CONDUCTOR PRESENTE,NO,NO,1
33106,140880,140881,2023,0,1,-0.260686,-78.546418,PICHINCHA,QUITO,QUITO,URBANA,2023-01-31,22:25:00,22,MARTES,2,ENERO,1,NO,CONDUCIR VEHICULO SUPERANDO LOS LIMITES MAXIMOS DE VELOCIDAD.,OTROS,MOTOCICLETA,0,0,0,0,0,0,0,0,1,0,0,0,0,1,30,HOMBRE,FALLECIDO,CONDUCTOR PRESENTE,NO,NO,1
33107,140885,140886,2023,0,0,-0.333039,-78.445909,PICHINCHA,RUMINIAHUI,SANGOLQUI,URBANA,2023-02-01,00:50:00,0,MIERCOLES,3,FEBRERO,2,NO,"CONDUCIR DESATENTO A LAS CONDICIONES DE TRANSITO (CELULAR, PANTALLAS DE VIDEO, COMIDA, MAQUILLAJE O CUALQUIER OTRO ELEMENTO DISTRACTOR).",ESTRELLAMIENTOS,AUTOMOVIL,1,0,0,0,0,0,0,0,0,0,0,0,0,1,39,HOMBRE,ILESO,CONDUCTOR PRESENTE,NO,SI,1
33108,140886,140887,2023,0,1,-0.302663,-78.521468,PICHINCHA,QUITO,QUITO,URBANA,2023-02-01,01:00:00,1,MIERCOLES,3,FEBRERO,2,NO,NO CEDER EL DERECHO DE VIA O PREFERENCIA DE PASO AL PEATON.,ATROPELLOS,CAMION,0,0,0,1,0,0,0,0,0,0,0,0,0,1,29,HOMBRE,FALLECIDO,PEATON,NO,NO,1