,Unnamed: 0,ID,ANIO,LESIONADOS,FALLECIDOS,LATITUD_Y,LONGITUD_X,PROVINCIA,CANTON,PARROQUIA,ZONA,FECHA,HORA,PERIODO_2,DIA_1,DIA_2,MES_1,MES_2,FERIADO,CAUSA_PROBABLE,TIPO_DE_SINIESTRO,TIPO_DE_VEHICULO_1,AUTOMOVIL,BICICLETA,BUS,CAMION,CAMIONETA,EMERGENCIAS,ESPECIAL,FURGONETA,MOTOCICLETA,NO_IDENTIFICADO,SCOOTER_ELECTRICO,TRICIMOTO,VEHICULO_DEPORTIVO_UTILITARIO,SUMA_DE_VEHICULOS,EDAD_1,SEXO_1,CONDICION_1,PARTICIPANTE_1,CASCO_1,CINTURON_1,KMeans_Cluster
33109,140887,140888,2023,0,0,-0.185524,-78.414101,PICHINCHA,QUITO,CUMBAYA,RURAL,2023-02-01,01:09:00,1,MIERCOLES,3,FEBRERO,2,NO,CONDUCIR VEHICULO SUPERANDO LOS LIMITES MAXIMOS DE VELOCIDAD.,PERDIDA DE CARRIL,AUTOMOVIL,1,0,0,0,0,0,0,0,0,0,0,0,0,1,-1,NO IDENTIFICADO,NO IDENTIFICADO,CONDUCTOR AUSENTE,NO,NO,2
33110,140892,140893,2023,0,0,-0.254245,-78.540414,PICHINCHA,QUITO,QUITO,URBANA,2023-02-01,05:35:00,5,MIERCOLES,3,FEBRERO,2,NO,NO MANTENER LA DISTANCIA PRUDENCIAL CON RESPECTO AL VEHICULO QUE LE ANTECEDE.,CHOQUE POSTERIOR,AUTOMOVIL,2,0,0,0,0,0,0,0,0,0,0,0,0,2,32,HOMBRE,ILESO,CONDUCTOR PRESENTE,NO,NO,1
33111,140895,140896,2023,1,0,-0.190465,-78.480988,PICHINCHA,QUITO,QUITO,URBANA,2023-02-01,08:29:00,8,MIERCOLES,3,FEBRERO,2,NO,NO CEDER EL DERECHO DE VIA O PREFERENCIA DE PASO A VEHICULOS.,CHOQUE LATERAL,BICICLETA,1,1,0,0,0,0,0,0,0,0,0,0,0,2,26,HOMBRE,LESIONADO,CONDUCTOR PRESENTE,NO,NO,1
33112,140898,140899,2023,0,0,-0.339753,-78.535024,PICHINCHA,QUITO,QUITO,URBANA,2023-02-01,09:20:00,9,MIERCOLES,3,FEBRERO,2,NO,NO CEDER EL DERECHO DE VIA O PREFERENCIA DE PASO A VEHICULOS.,CHOQUE LATERAL,CAMIONETA,1,0,0,0,1,0,0,0,0,0,0,0,0,2,53,HOMBRE,ILESO,CONDUCTOR PRESENTE,NO,NO,1
33113,140903,140904,2023,0,0,-0.239551,-78.330148,PICHINCHA,QUITO,PIFO,RURAL,2023-02-01,11:00:00,11,MIERCOLES,3,FEBRERO,2,NO,DANIOS MECANICOS PREVISIBLES.,CHOQUE LATERAL,CAMION,0,0,0,1,0,0,0,0,0,0,0,0,0,1,61,HOMBRE,ILESO,CONDUCTOR PRESENTE,NO,SI,3
33114,140904,140905,2023,1,0,-0.089071,-78.487573,PICHINCHA,QUITO,QUITO,URBANA,2023-02-01,11:15:00,11,MIERCOLES,3,FEBRERO,2,NO,"CONDUCIR DESATENTO A LAS CONDICIONES DE TRANSITO (CELULAR, PANTALLAS DE VIDEO, COMIDA, MAQUILLAJE O CUALQUIER OTRO ELEMENTO DISTRACTOR).",CHOQUE POSTERIOR,MOTOCICLETA,0,0,0,0,0,0,0,1,1,0,0,0,0,2,26,HOMBRE,LESIONADO,CONDUCTOR PRESENTE,NO,SI,1
33115,140905,140906,2023,1,0,-0.089266,-78.452469,PICHINCHA,QUITO,CALDERON (CARAPUNGO),RURAL,2023-02-01,11:40:00,11,MIERCOLES,3,FEBRERO,2,NO,"NO RESPETAR LAS SENIALES REGLAMENTARIAS DE TRANSITO. (PARE, CEDA EL PASO, LUZ ROJA DEL SEMAFORO, ETC).",CHOQUE LATERAL,MOTOCICLETA,0,0,0,0,0,0,0,0,1,1,0,0,0,2,24,HOMBRE,LESIONADO,CONDUCTOR PRESENTE,NO,NO,3
33116,140906,140907,2023,1,0,-0.323425,-78.465806,PICHINCHA,RUMINIAHUI,SANGOLQUI,URBANA,2023-02-01,11:57:00,11,MIERCOLES,3,FEBRERO,2,NO,"CONDUCIR DESATENTO A LAS CONDICIONES DE TRANSITO (CELULAR, PANTALLAS DE VIDEO, COMIDA, MAQUILLAJE O CUALQUIER OTRO ELEMENTO DISTRACTOR).",ATROPELLOS,NO IDENTIFICADO,0,0,0,0,0,0,0,0,0,1,0,0,0,1,12,HOMBRE,LESIONADO,PEATON,NO,SI,1
33117,140915,140916,2023,1,0,-0.291221,-78.512945,PICHINCHA,QUITO,QUITO,RURAL,2023-02-01,14:40:00,14,MIERCOLES,3,FEBRERO,2,NO,CONDUCIR VEHICULO SUPERANDO LOS LIMITES MAXIMOS DE VELOCIDAD.,PERDIDA DE CARRIL,MOTOCICLETA,0,0,0,0,0,0,0,0,1,0,0,0,0,1,37,HOMBRE,LESIONADO,CONDUCTOR PRESENTE,NO,NO,3
33118,140920,140921,2023,0,0,0.001529,-78.460122,PICHINCHA,QUITO,SAN ANTONIO (QUITO),RURAL,2023-02-01,18:15:00,18,MIERCOLES,3,FEBRERO,2,NO,"CONDUCIR DESATENTO A LAS CONDICIONES DE TRANSITO (CELULAR, PANTALLAS DE VIDEO, COMIDA, MAQUILLAJE O CUALQUIER OTRO ELEMENTO DISTRACTOR).",ESTRELLAMIENTOS,AUTOMOVIL,1,0,0,0,0,0,0,0,0,0,0,0,0,1,30,HOMBRE,ILESO,CONDUCTOR PRESENTE,NO,SI,3
33119,140930,140931,2023,1,0,0.017138,-78.477394,PICHINCHA,QUITO,SAN ANTONIO (QUITO),RURAL,2023-02-01,21:30:00,21,MIERCOLES,3,FEBRERO,2,NO,CONDUCIR VEHICULO SUPERANDO LOS LIMITES MAXIMOS DE VELOCIDAD.,CHOQUE LATERAL,BUS,0,0,1,0,0,0,0,0,1,0,0,0,0,2,28,HOMBRE,LESIONADO,CONDUCTOR PRESENTE,NO,SI,3
33120,140931,140932,2023,0,0,-0.268705,-78.547001,PICHINCHA,QUITO,QUITO,URBANA,2023-02-01,22:00:00,22,MIERCOLES,3,FEBRERO,2,NO,CONDUCIR VEHICULO SUPERANDO LOS LIMITES MAXIMOS DE VELOCIDAD.,OTROS,CAMIONETA,0,0,0,0,2,0,0,0,0,0,0,0,0,2,45,HOMBRE,ILESO,CONDUCTOR PRESENTE,NO,NO,1
33121,140934,140935,2023,1,0,-0.133485,-78.493843,PICHINCHA,QUITO,QUITO,URBANA,2023-02-01,23:45:00,23,MIERCOLES,3,FEBRERO,2,NO,"CONDUCE BAJO LA INFLUENCIA DE ALCOHOL, SUSTANCIAS ESTUPEFACIENTES O PSICOTROPICAS Y/O MEDICAMENTOS.",COLISION,MOTOCICLETA,0,0,0,0,2,0,0,0,1,0,0,0,0,3,41,HOMBRE,LESIONADO,CONDUCTOR PRESENTE,NO,NO,1
33122,140946,140947,2023,1,0,-0.251567,-78.516451,PICHINCHA,QUITO,QUITO,URBANA,2023-02-02,06:50:00,6,JUEVES,4,FEBRERO,2,NO,NO CEDER EL DERECHO DE VIA O PREFERENCIA DE PASO AL PEATON.,ARROLLAMIENTOS,NO IDENTIFICADO,0,0,0,0,0,0,0,0,0,1,0,0,0,1,17,MUJER,LESIONADO,PEATON,NO,NO,1
33123,140950,140951,2023,0,0,-0.235037,-78.490278,PICHINCHA,QUITO,QUITO,URBANA,2023-02-02,07:45:00,7,JUEVES,4,FEBRERO,2,NO,NO MANTENER LA DISTANCIA PRUDENCIAL CON RESPECTO AL VEHICULO QUE LE ANTECEDE.,COLISION,CAMION,2,0,0,1,0,0,0,0,0,0,0,0,0,3,24,HOMBRE,ILESO,CONDUCTOR PRESENTE,NO,NO,1
33124,140957,140958,2023,0,0,-0.224596,-78.345349,PICHINCHA,QUITO,PIFO,RURAL,2023-02-02,11:10:00,11,JUEVES,4,FEBRERO,2,NO,"CONDUCIR DESATENTO A LAS CONDICIONES DE TRANSITO (CELULAR, PANTALLAS DE VIDEO, COMIDA, MAQUILLAJE O CUALQUIER OTRO ELEMENTO DISTRACTOR).",ROZAMIENTOS,CAMION,0,0,0,1,1,0,0,0,0,0,0,0,0,2,62,HOMBRE,ILESO,CONDUCTOR PRESENTE,NO,SI,3
33125,140965,140966,2023,0,0,-0.203501,-78.505523,PICHINCHA,QUITO,QUITO,URBANA,2023-02-02,14:30:00,14,JUEVES,4,FEBRERO,2,NO,"CONDUCE BAJO LA INFLUENCIA DE ALCOHOL, SUSTANCIAS ESTUPEFACIENTES O PSICOTROPICAS Y/O MEDICAMENTOS.",OTROS,AUTOMOVIL,2,0,0,0,0,0,0,0,0,0,0,0,0,2,35,HOMBRE,ILESO,CONDUCTOR PRESENTE,NO,NO,1
33126,140973,140974,2023,1,0,-0.243411,-78.497048,PICHINCHA,QUITO,QUITO,URBANA,2023-02-02,17:55:00,17,JUEVES,4,FEBRERO,2,NO,PEATON QUE CRUZA LA CALZADA SIN RESPETAR LA SENIALIZACION EXISTENTE (SEMAFOROS O SENIALES MANUALES).,ATROPELLOS,AUTOMOVIL,1,0,0,0,0,0,0,0,0,0,0,0,0,1,8,MUJER,LESIONADO,PEATON,NO,NO,1
33127,140974,140975,2023,2,0,-0.281261,-78.544836,PICHINCHA,QUITO,QUITO,URBANA,2023-02-02,18:00:00,18,JUEVES,4,FEBRERO,2,NO,CONDUCIR VEHICULO SUPERANDO LOS LIMITES MAXIMOS DE VELOCIDAD.,ESTRELLAMIENTOS,AUTOMOVIL,2,0,0,0,0,0,0,0,0,0,0,0,0,2,38,HOMBRE,LESIONADO,CONDUCTOR PRESENTE,NO,NO,1
33128,140977,140978,2023,1,0,-0.315438,-78.548695,PICHINCHA,QUITO,QUITO,URBANA,2023-02-02,18:35:00,18,JUEVES,4,FEBRERO,2,NO,"CONDUCE BAJO LA INFLUENCIA DE ALCOHOL, SUSTANCIAS ESTUPEFACIENTES O PSICOTROPICAS Y/O MEDICAMENTOS.",ATROPELLOS,MOTOCICLETA,0,0,0,0,0,0,0,0,1,0,0,0,0,1,11,MUJER,LESIONADO,PEATON,NO,NO,1
33129,140982,140983,2023,1,0,-0.291554,-78.484779,PICHINCHA,QUITO,CONOCOTO,RURAL,2023-02-02,21:30:00,21,JUEVES,4,FEBRERO,2,NO,"CASO FORTUITO O FUERZA MAYOR (EXPLOSION DE NEUMATICO NUEVO, DERRUMBE, INUNDACION, CAIDA DE PUENTE, ARBOL, PRESENCIA INTEMPESTIVA E IMPREVISTA DE SEMOVIENTES EN LA VIA, ETC.).",PERDIDA DE CARRIL,NO IDENTIFICADO,0,0,0,0,0,0,0,0,0,1,0,0,0,1,30,HOMBRE,LESIONADO,PASAJERO,NO,NO,3
33130,140988,140989,2023,0,0,-0.185298,-78.482644,PICHINCHA,QUITO,QUITO,URBANA,2023-02-03,00:30:00,0,VIERNES,5,FEBRERO,2,NO,"CASO FORTUITO O FUERZA MAYOR (EXPLOSION DE NEUMATICO NUEVO, DERRUMBE, INUNDACION, CAIDA DE PUENTE, ARBOL, PRESENCIA INTEMPESTIVA E IMPREVISTA DE SEMOVIENTES EN LA VIA, ETC.).",ESTRELLAMIENTOS,AUTOMOVIL,1,0,0,0,0,0,0,0,0,0,0,0,0,1,-1,NO IDENTIFICADO,NO IDENTIFICADO,CONDUCTOR AUSENTE,NO,NO,2
33131,140991,140992,2023,0,0,-0.218658,-78.510411,PICHINCHA,QUITO,QUITO,URBANA,2023-02-03,01:45:00,1,VIERNES,5,FEBRERO,2,NO,"CONDUCIR EN ESTADO DE SOMNOLENCIA O MALAS CONDICIONES FISICAS (SUENIO, CANSANCIO Y FATIGA).",ESTRELLAMIENTOS,AUTOMOVIL,1,0,0,0,0,0,0,0,0,0,0,0,0,1,29,HOMBRE,ILESO,CONDUCTOR PRESENTE,NO,NO,1
33132,140994,140995,2023,1,0,-0.218351,-78.508249,PICHINCHA,QUITO,QUITO,URBANA,2023-02-03,02:10:00,2,VIERNES,5,FEBRERO,2,NO,"CONDUCE BAJO LA INFLUENCIA DE ALCOHOL, SUSTANCIAS ESTUPEFACIENTES O PSICOTROPICAS Y/O MEDICAMENTOS.",CHOQUE LATERAL,AUTOMOVIL,2,0,0,0,0,0,0,0,0,0,0,0,0,2,32,HOMBRE,LESIONADO,CONDUCTOR PRESENTE,NO,NO,1
33133,140995,140996,2023,0,0,-0.259649,-78.530431,PICHINCHA,QUITO,QUITO,URBANA,2023-02-03,02:25:00,2,VIERNES,5,FEBRERO,2,NO,CONDUCIR VEHICULO SUPERANDO LOS LIMITES MAXIMOS DE VELOCIDAD.,ESTRELLAMIENTOS,AUTOMOVIL,1,0,0,0,0,0,0,0,0,0,0,0,0,1,-1,NO IDENTIFICADO,NO IDENTIFICADO,CONDUCTOR AUSENTE,NO,NO,2
33134,141000,141001,2023,1,0,-0.236489,-78.527577,PICHINCHA,QUITO,QUITO,URBANA,2023-02-03,04:50:00,4,VIERNES,5,FEBRERO,2,NO,NO CEDER EL DERECHO DE VIA O PREFERENCIA DE PASO AL PEATON.,ATROPELLOS,NO IDENTIFICADO,0,0,0,0,0,0,0,0,0,1,0,0,0,1,29,HOMBRE,LESIONADO,PEATON,NO,NO,1
33135,141003,141004,2023,0,0,-0.219012,-78.506131,PICHINCHA,QUITO,QUITO,URBANA,2023-02-03,05:40:00,5,VIERNES,5,FEBRERO,2,NO,NO CEDER EL DERECHO DE VIA O PREFERENCIA DE PASO A VEHICULOS.,CHOQUE LATERAL,FURGONETA,1,0,0,0,0,0,0,1,0,0,0,0,0,2,44,HOMBRE,ILESO,CONDUCTOR PRESENTE,NO,NO,1
33136,141005,141006,2023,0,0,-0.325033,-78.461968,PICHINCHA,RUMINIAHUI,SANGOLQUI,URBANA,2023-02-03,06:15:00,6,VIERNES,5,FEBRERO,2,NO,"CONDUCIR DESATENTO A LAS CONDICIONES DE TRANSITO (CELULAR, PANTALLAS DE VIDEO, COMIDA, MAQUILLAJE O CUALQUIER OTRO ELEMENTO DISTRACTOR).",ESTRELLAMIENTOS,AUTOMOVIL,1,0,0,0,0,0,0,0,0,0,0,0,0,1,32,HOMBRE,ILESO,PASAJERO,NO,SI,1
33137,141010,141011,2023,0,0,-0.105888,-78.437399,PICHINCHA,QUITO,CALDERON (CARAPUNGO),RURAL,2023-02-03,07:00:00,7,VIERNES,5,FEBRERO,2,NO,"CONDUCE BAJO LA INFLUENCIA DE ALCOHOL, SUSTANCIAS ESTUPEFACIENTES O PSICOTROPICAS Y/O MEDICAMENTOS.",CHOQUE LATERAL,AUTOMOVIL,2,0,0,0,0,0,0,0,0,0,0,0,0,2,68,HOMBRE,ILESO,CONDUCTOR PRESENTE,NO,NO,3
33138,141020,141021,2023,2,0,-0.118189,-78.483741,PICHINCHA,QUITO,QUITO,URBANA,2023-02-03,12:20:00,12,VIERNES,5,FEBRERO,2,NO,"NO RESPETAR LAS SENIALES REGLAMENTARIAS DE TRANSITO. (PARE, CEDA EL PASO, LUZ ROJA DEL SEMAFORO, ETC).",CHOQUE LATERAL,MOTOCICLETA,1,0,0,0,0,0,0,0,1,0,0,0,0,2,25,HOMBRE,LESIONADO,PASAJERO,NO,NO,1
33139,141041,141042,2023,0,0,-0.256742,-78.542962,PICHINCHA,QUITO,QUITO,URBANA,2023-02-03,18:25:00,18,VIERNES,5,FEBRERO,2,NO,"CONDUCE BAJO LA INFLUENCIA DE ALCOHOL, SUSTANCIAS ESTUPEFACIENTES O PSICOTROPICAS Y/O MEDICAMENTOS.",ROZAMIENTOS,AUTOMOVIL,2,0,0,0,0,0,0,0,0,0,0,0,0,2,40,HOMBRE,ILESO,CONDUCTOR PRESENTE,NO,NO,1
33140,141043,141044,2023,0,1,-0.334486,-78.441737,PICHINCHA,RUMINIAHUI,SANGOLQUI,URBANA,2023-02-03,18:50:00,18,VIERNES,5,FEBRERO,2,NO,"CONDUCIR DESATENTO A LAS CONDICIONES DE TRANSITO (CELULAR, PANTALLAS DE VIDEO, COMIDA, MAQUILLAJE O CUALQUIER OTRO ELEMENTO DISTRACTOR).",ATROPELLOS,BUS,0,0,1,0,0,0,0,0,0,0,0,0,0,1,14,MUJER,FALLECIDO,PEATON,NO,SI,1
33141,141045,141046,2023,1,0,-0.129092,-78.474201,PICHINCHA,QUITO,QUITO,URBANA,2023-02-03,19:30:00,19,VIERNES,5,FEBRERO,2,NO,"NO RESPETAR LAS SENIALES REGLAMENTARIAS DE TRANSITO. (PARE, CEDA EL PASO, LUZ ROJA DEL SEMAFORO, ETC).",CHOQUE LATERAL,BUS,0,0,2,0,0,0,0,0,0,0,0,0,0,2,35,MUJER,LESIONADO,PASAJERO,NO,NO,1
33142,141049,141050,2023,1,0,-0.254375,-78.522168,PICHINCHA,QUITO,QUITO,URBANA,2023-02-03,22:10:00,22,VIERNES,5,FEBRERO,2,NO,"CONDUCE BAJO LA INFLUENCIA DE ALCOHOL, SUSTANCIAS ESTUPEFACIENTES O PSICOTROPICAS Y/O MEDICAMENTOS.",CHOQUE FRONTAL,BUS,0,0,1,0,0,0,0,0,1,0,0,0,0,2,28,HOMBRE,LESIONADO,CONDUCTOR PRESENTE,NO,NO,1
33143,141054,141055,2023,1,0,-0.198178,-78.495959,PICHINCHA,QUITO,QUITO,URBANA,2023-02-03,23:30:00,23,VIERNES,5,FEBRERO,2,NO,"CONDUCE BAJO LA INFLUENCIA DE ALCOHOL, SUSTANCIAS ESTUPEFACIENTES O PSICOTROPICAS Y/O MEDICAMENTOS.",CHOQUE LATERAL,MOTOCICLETA,1,0,0,0,0,0,0,0,1,0,0,0,0,2,34,HOMBRE,LESIONADO,CONDUCTOR PRESENTE,NO,NO,1
33144,141059,141060,2023,1,0,-0.266322,-78.544088,PICHINCHA,QUITO,QUITO,URBANA,2023-02-04,01:00:00,1,SABADO,6,FEBRERO,2,NO,NO CEDER EL DERECHO DE VIA O PREFERENCIA DE PASO AL PEATON.,ATROPELLOS,NO IDENTIFICADO,0,0,0,0,0,0,0,0,0,1,0,0,0,1,21,HOMBRE,LESIONADO,PEATON,NO,NO,1
33145,141061,141062,2023,0,0,-0.323031,-78.433899,PICHINCHA,RUMINIAHUI,SANGOLQUI,URBANA,2023-02-04,03:20:00,3,SABADO,6,FEBRERO,2,NO,"CONDUCE BAJO LA INFLUENCIA DE ALCOHOL, SUSTANCIAS ESTUPEFACIENTES O PSICOTROPICAS Y/O MEDICAMENTOS.",ESTRELLAMIENTOS,VEHICULO DEPORTIVO UTILITARIO,0,0,0,0,0,0,0,0,0,0,0,0,1,1,41,HOMBRE,ILESO,CONDUCTOR PRESENTE,NO,SI,1
33146,141063,141064,2023,0,1,0.090193,-78.420279,PICHINCHA,QUITO,PUELLARO,RURAL,2023-02-04,04:30:00,4,SABADO,6,FEBRERO,2,NO,CONDUCIR VEHICULO SUPERANDO LOS LIMITES MAXIMOS DE VELOCIDAD.,PERDIDA DE CARRIL,MOTOCICLETA,0,0,0,0,0,0,0,0,1,0,0,0,0,1,17,HOMBRE,FALLECIDO,CONDUCTOR PRESENTE,NO,NO,3
33147,141069,141070,2023,1,0,-0.181386,-78.505117,PICHINCHA,QUITO,QUITO,URBANA,2023-02-04,11:40:00,11,SABADO,6,FEBRERO,2,NO,CONDUCIR VEHICULO SUPERANDO LOS LIMITES MAXIMOS DE VELOCIDAD.,PERDIDA DE CARRIL,MOTOCICLETA,0,0,0,0,0,0,0,0,1,0,0,0,0,1,19,HOMBRE,LESIONADO,CONDUCTOR PRESENTE,NO,NO,1
33148,141070,141071,2023,0,0,-0.193087,-78.459061,PICHINCHA,QUITO,QUITO,URBANA,2023-02-04,12:00:00,12,SABADO,6,FEBRERO,2,NO,NO GUARDAR LA DISTANCIA LATERAL MINIMA DE SEGURIDAD ENTRE VEHICULOS.,ROZAMIENTOS,MOTOCICLETA,1,0,0,0,0,0,0,0,1,0,0,0,0,2,28,HOMBRE,ILESO,CONDUCTOR PRESENTE,NO,NO,1
33149,141071,141072,2023,1,0,-0.299766,-78.542051,PICHINCHA,QUITO,QUITO,URBANA,2023-02-04,12:15:00,12,SABADO,6,FEBRERO,2,NO,PEATON QUE CRUZA LA CALZADA SIN RESPETAR LA SENIALIZACION EXISTENTE (SEMAFOROS O SENIALES MANUALES).,ATROPELLOS,CAMION,0,0,0,1,0,0,0,0,0,0,0,0,0,1,16,HOMBRE,LESIONADO,PEATON,NO,NO,1
33150,141081,141082,2023,0,0,-0.442341,-78.720342,PICHINCHA,MEJIA,MANUEL CORNEJO ASTORGA,RURAL,2023-02-04,15:10:00,15,SABADO,6,FEBRERO,2,NO,NO MANTENER LA DISTANCIA PRUDENCIAL CON RESPECTO AL VEHICULO QUE LE ANTECEDE.,COLISION,CAMION,0,0,0,2,1,0,0,0,0,0,0,0,1,4,27,HOMBRE,ILESO,CONDUCTOR PRESENTE,NO,NO,3
33151,141082,141083,2023,1,0,-0.385056,-78.532232,PICHINCHA,MEJIA,UYUMBICHO,RURAL,2023-02-04,15:30:00,15,SABADO,6,FEBRERO,2,NO,"CONDUCIR DESATENTO A LAS CONDICIONES DE TRANSITO (CELULAR, PANTALLAS DE VIDEO, COMIDA, MAQUILLAJE O CUALQUIER OTRO ELEMENTO DISTRACTOR).",CHOQUE LATERAL,BUS,0,0,1,0,1,0,0,0,0,0,0,0,0,2,30,MUJER,LESIONADO,PASAJERO,NO,SI,3
33152,141087,141088,2023,0,0,-0.053982,-78.455703,PICHINCHA,QUITO,POMASQUI,URBANA,2023-02-04,16:00:00,16,SABADO,6,FEBRERO,2,NO,"CASO FORTUITO O FUERZA MAYOR (EXPLOSION DE NEUMATICO NUEVO, DERRUMBE, INUNDACION, CAIDA DE PUENTE, ARBOL, PRESENCIA INTEMPESTIVA E IMPREVISTA DE SEMOVIENTES EN LA VIA, ETC.).",CHOQUE POSTERIOR,FURGONETA,0,0,0,0,0,0,0,1,0,0,0,0,1,2,44,HOMBRE,ILESO,CONDUCTOR PRESENTE,NO,SI,1
33153,141091,141092,2023,1,0,-0.281093,-78.557191,PICHINCHA,QUITO,QUITO,URBANA,2023-02-04,17:05:00,17,SABADO,6,FEBRERO,2,NO,NO CEDER EL DERECHO DE VIA O PREFERENCIA DE PASO A VEHICULOS.,CHOQUE LATERAL,MOTOCICLETA,0,0,0,0,0,0,0,0,1,1,0,0,0,2,35,HOMBRE,LESIONADO,PASAJERO,NO,NO,1
33154,141095,141096,2023,0,1,-0.264743,-78.487347,PICHINCHA,QUITO,CONOCOTO,RURAL,2023-02-04,18:45:00,18,SABADO,6,FEBRERO,2,NO,"CONDUCIR DESATENTO A LAS CONDICIONES DE TRANSITO (CELULAR, PANTALLAS DE VIDEO, COMIDA, MAQUILLAJE O CUALQUIER OTRO ELEMENTO DISTRACTOR).",PERDIDA DE CARRIL,MOTOCICLETA,0,0,0,0,0,0,0,0,1,0,0,0,0,1,32,HOMBRE,FALLECIDO,CONDUCTOR PRESENTE,NO,SI,3
33155,141098,141099,2023,1,0,-0.246555,-78.534712,PICHINCHA,QUITO,QUITO,URBANA,2023-02-04,20:30:00,20,SABADO,6,FEBRERO,2,NO,NO CEDER EL DERECHO DE VIA O PREFERENCIA DE PASO AL PEATON.,ATROPELLOS,NO IDENTIFICADO,0,0,0,0,0,0,0,0,0,1,0,0,0,1,62,MUJER,LESIONADO,PEATON,NO,NO,1
33156,141110,141111,2023,1,0,-0.331841,-78.486381,PICHINCHA,QUITO,AMAGUANIA,RURAL,2023-02-05,05:35:00,5,DOMINGO,7,FEBRERO,2,NO,CONDUCIR VEHICULO SUPERANDO LOS LIMITES MAXIMOS DE VELOCIDAD.,VOLCAMIENTOS,MOTOCICLETA,0,0,0,0,0,0,0,0,1,0,0,0,0,1,34,HOMBRE,LESIONADO,CONDUCTOR PRESENTE,NO,NO,3
33157,141127,141128,2023,0,0,-0.206147,-78.512067,PICHINCHA,QUITO,QUITO,URBANA,2023-02-05,10:26:00,10,DOMINGO,7,FEBRERO,2,NO,NO GUARDAR LA DISTANCIA LATERAL MINIMA DE SEGURIDAD ENTRE VEHICULOS.,ROZAMIENTOS,BUS,0,0,1,0,1,0,0,0,0,0,0,0,0,2,29,HOMBRE,ILESO,CONDUCTOR PRESENTE,NO,NO,1
33158,141132,141133,2023,1,0,-0.320416,-78.557064,PICHINCHA,QUITO,QUITO,URBANA,2023-02-05,11:15:00,11,DOMINGO,7,FEBRERO,2,NO,CONDUCIR VEHICULO SUPERANDO LOS LIMITES MAXIMOS DE VELOCIDAD.,CHOQUE LATERAL,BICICLETA,0,1,0,0,0,0,0,0,0,1,0,0,0,2,24,HOMBRE,LESIONADO,CONDUCTOR PRESENTE,NO,NO,1
33159,141136,141137,2023,0,0,-0.203904,-78.489134,PICHINCHA,QUITO,QUITO,URBANA,2023-02-05,11:53:00,11,DOMINGO,7,FEBRERO,2,NO,CONDUCIR VEHICULO SUPERANDO LOS LIMITES MAXIMOS DE VELOCIDAD.,ESTRELLAMIENTOS,AUTOMOVIL,1,0,0,0,0,0,0,0,0,0,0,0,0,1,68,MUJER,ILESO,CONDUCTOR PRESENTE,NO,NO,1
33160,141146,141147,2023,3,0,-0.133944,-78.312021,PICHINCHA,QUITO,CHECA (CHILPA),RURAL,2023-02-05,13:40:00,13,DOMINGO,7,FEBRERO,2,NO,CONDUCIR VEHICULO SUPERANDO LOS LIMITES MAXIMOS DE VELOCIDAD.,ATROPELLOS,NO IDENTIFICADO,0,0,0,0,0,0,0,0,0,1,0,0,0,1,38,HOMBRE,LESIONADO,CONDUCTOR PRESENTE,NO,SI,3
33161,141163,141164,2023,0,0,-0.210957,-78.516865,PICHINCHA,QUITO,QUITO,URBANA,2023-02-05,19:45:00,19,DOMINGO,7,FEBRERO,2,NO,CONDUCIR VEHICULO SUPERANDO LOS LIMITES MAXIMOS DE VELOCIDAD.,ESTRELLAMIENTOS,AUTOMOVIL,1,0,0,0,0,0,0,0,0,0,0,0,0,1,-1,NO IDENTIFICADO,NO IDENTIFICADO,CONDUCTOR AUSENTE,NO,NO,2
33162,141172,141173,2023,0,0,-0.190543,-78.493003,PICHINCHA,QUITO,QUITO,URBANA,2023-02-05,21:30:00,21,DOMINGO,7,FEBRERO,2,NO,"CONDUCE BAJO LA INFLUENCIA DE ALCOHOL, SUSTANCIAS ESTUPEFACIENTES O PSICOTROPICAS Y/O MEDICAMENTOS.",CHOQUE POSTERIOR,AUTOMOVIL,2,0,0,0,0,0,0,0,0,0,0,0,0,2,57,HOMBRE,ILESO,CONDUCTOR PRESENTE,NO,NO,1
33163,141173,141174,2023,0,0,-0.216001,-78.395175,PICHINCHA,QUITO,TUMBACO,RURAL,2023-02-05,21:45:00,21,DOMINGO,7,FEBRERO,2,NO,REALIZAR CAMBIO BRUSCO O INDEBIDO DE CARRIL.,ESTRELLAMIENTOS,AUTOMOVIL,1,0,0,0,0,0,0,0,0,0,0,0,0,1,23,MUJER,ILESO,CONDUCTOR PRESENTE,NO,NO,3
33164,141176,141177,2023,0,0,-0.211627,-78.446985,PICHINCHA,QUITO,CUMBAYA,RURAL,2023-02-06,00:20:00,0,LUNES,1,FEBRERO,2,NO,"CONDUCIR EN ESTADO DE SOMNOLENCIA O MALAS CONDICIONES FISICAS (SUENIO, CANSANCIO Y FATIGA).",ESTRELLAMIENTOS,AUTOMOVIL,1,0,0,0,0,0,0,0,0,0,0,0,0,1,50,HOMBRE,ILESO,CONDUCTOR PRESENTE,NO,NO,3