,Unnamed: 0,ID,ANIO,LESIONADOS,FALLECIDOS,LATITUD_Y,LONGITUD_X,PROVINCIA,CANTON,PARROQUIA,ZONA,FECHA,HORA,PERIODO_2,DIA_1,DIA_2,MES_1,MES_2,FERIADO,CAUSA_PROBABLE,TIPO_DE_SINIESTRO,TIPO_DE_VEHICULO_1,AUTOMOVIL,BICICLETA,BUS,CAMION,CAMIONETA,EMERGENCIAS,ESPECIAL,FURGONETA,MOTOCICLETA,NO_IDENTIFICADO,SCOOTER_ELECTRICO,TRICIMOTO,VEHICULO_DEPORTIVO_UTILITARIO,SUMA_DE_VEHICULOS,EDAD_1,SEXO_1,CONDICION_1,PARTICIPANTE_1,CASCO_1,CINTURON_1,KMeans_Cluster
33165,141189,141190,2023,0,0,-0.216868,-78.505067,PICHINCHA,QUITO,QUITO,URBANA,2023-02-06,06:10:00,6,LUNES,1,FEBRERO,2,NO,"CONDUCIR EN ESTADO DE SOMNOLENCIA O MALAS CONDICIONES FISICAS (SUENIO, CANSANCIO Y FATIGA).",PERDIDA DE CARRIL,AUTOMOVIL,1,0,0,0,0,0,0,0,0,0,0,0,0,1,28,HOMBRE,ILESO,PASAJERO,NO,NO,1
33166,141196,141197,2023,0,0,-0.290278,-78.538684,PICHINCHA,QUITO,QUITO,URBANA,2023-02-06,08:40:00,8,LUNES,1,FEBRERO,2,NO,"CONDUCE BAJO LA INFLUENCIA DE ALCOHOL, SUSTANCIAS ESTUPEFACIENTES O PSICOTROPICAS Y/O MEDICAMENTOS.",COLISION,BUS,2,0,1,0,0,0,0,0,0,0,0,0,0,3,41,HOMBRE,ILESO,CONDUCTOR PRESENTE,NO,NO,1
33167,141224,141225,2023,0,0,-0.080586,-78.446548,PICHINCHA,QUITO,CALDERON (CARAPUNGO),RURAL,2023-02-06,18:50:00,18,LUNES,1,FEBRERO,2,NO,"CASO FORTUITO O FUERZA MAYOR (EXPLOSION DE NEUMATICO NUEVO, DERRUMBE, INUNDACION, CAIDA DE PUENTE, ARBOL, PRESENCIA INTEMPESTIVA E IMPREVISTA DE SEMOVIENTES EN LA VIA, ETC.).",OTROS,AUTOMOVIL,1,0,0,0,0,0,0,0,0,0,0,0,0,1,-1,NO IDENTIFICADO,NO IDENTIFICADO,CONDUCTOR AUSENTE,NO,NO,2
33168,141225,141226,2023,0,0,-0.206314,-78.501883,PICHINCHA,QUITO,QUITO,URBANA,2023-02-06,18:50:00,18,LUNES,1,FEBRERO,2,NO,NO CEDER EL DERECHO DE VIA O PREFERENCIA DE PASO A VEHICULOS.,CHOQUE LATERAL,AUTOMOVIL,2,0,0,0,0,0,0,0,0,0,0,0,0,2,33,HOMBRE,ILESO,CONDUCTOR PRESENTE,NO,NO,1
33169,141230,141231,2023,1,0,-0.135316,-78.468082,PICHINCHA,QUITO,QUITO,URBANA,2023-02-06,21:08:00,21,LUNES,1,FEBRERO,2,NO,DEJAR O RECOGER PASAJEROS EN LUGARES NO PERMITIDOS.,CAIDA DE PASAJERO,BUS,0,0,1,0,0,0,0,0,0,0,0,0,0,1,54,MUJER,LESIONADO,PASAJERO,NO,NO,1
33170,141232,141233,2023,0,0,-0.099806,-78.451662,PICHINCHA,QUITO,CALDERON (CARAPUNGO),RURAL,2023-02-06,22:00:00,22,LUNES,1,FEBRERO,2,NO,CONDUCIR VEHICULO SUPERANDO LOS LIMITES MAXIMOS DE VELOCIDAD.,ESTRELLAMIENTOS,AUTOMOVIL,1,0,0,0,0,0,0,0,0,0,0,0,0,1,40,HOMBRE,ILESO,CONDUCTOR PRESENTE,NO,NO,3
33171,141241,141242,2023,2,0,-0.225233,-78.347538,PICHINCHA,QUITO,PIFO,RURAL,2023-02-07,01:20:00,1,MARTES,2,FEBRERO,2,NO,CONDUCIR VEHICULO SUPERANDO LOS LIMITES MAXIMOS DE VELOCIDAD.,PERDIDA DE CARRIL,AUTOMOVIL,1,0,0,0,0,0,0,0,0,0,0,0,0,1,50,HOMBRE,LESIONADO,PASAJERO,NO,NO,3
33172,141244,141245,2023,0,0,-0.185634,-78.494025,PICHINCHA,QUITO,QUITO,URBANA,2023-02-07,06:20:00,6,MARTES,2,FEBRERO,2,NO,NO CEDER EL DERECHO DE VIA O PREFERENCIA DE PASO A VEHICULOS.,CHOQUE LATERAL,AUTOMOVIL,2,0,0,0,0,0,0,0,0,0,0,0,0,2,22,HOMBRE,ILESO,PASAJERO,NO,NO,1
33173,141245,141246,2023,1,0,-0.137301,-78.447216,PICHINCHA,QUITO,LLANO CHICO,RURAL,2023-02-07,06:20:00,6,MARTES,2,FEBRERO,2,NO,NO MANTENER LA DISTANCIA PRUDENCIAL CON RESPECTO AL VEHICULO QUE LE ANTECEDE.,CHOQUE POSTERIOR,MOTOCICLETA,0,0,0,0,1,0,0,0,1,0,0,0,0,2,24,HOMBRE,LESIONADO,CONDUCTOR PRESENTE,NO,NO,3
33174,141247,141248,2023,1,0,-0.301521,-78.520209,PICHINCHA,QUITO,QUITO,URBANA,2023-02-07,06:40:00,6,MARTES,2,FEBRERO,2,NO,NO CEDER EL DERECHO DE VIA O PREFERENCIA DE PASO AL PEATON.,ATROPELLOS,AUTOMOVIL,1,0,0,0,0,0,0,0,0,0,0,0,0,1,45,MUJER,LESIONADO,PEATON,NO,NO,1
33175,141248,141249,2023,0,0,-0.112816,-78.497721,PICHINCHA,QUITO,QUITO,URBANA,2023-02-07,06:40:00,6,MARTES,2,FEBRERO,2,NO,NO CEDER EL DERECHO DE VIA O PREFERENCIA DE PASO A VEHICULOS.,CHOQUE LATERAL,AUTOMOVIL,2,0,0,0,0,0,0,0,0,0,0,0,0,2,27,HOMBRE,ILESO,CONDUCTOR PRESENTE,NO,NO,1
33176,141250,141251,2023,0,0,-0.329199,-78.525483,PICHINCHA,QUITO,QUITO,URBANA,2023-02-07,07:00:00,7,MARTES,2,FEBRERO,2,NO,CONDUCIR VEHICULO SUPERANDO LOS LIMITES MAXIMOS DE VELOCIDAD.,PERDIDA DE CARRIL,MOTOCICLETA,0,0,0,0,0,0,0,0,1,0,0,0,0,1,17,HOMBRE,ILESO,PASAJERO,NO,NO,1
33177,141252,141253,2023,0,0,-0.105551,-78.448261,PICHINCHA,QUITO,CALDERON (CARAPUNGO),RURAL,2023-02-07,07:35:00,7,MARTES,2,FEBRERO,2,NO,NO MANTENER LA DISTANCIA PRUDENCIAL CON RESPECTO AL VEHICULO QUE LE ANTECEDE.,CHOQUE POSTERIOR,AUTOMOVIL,2,0,0,0,0,0,0,0,0,0,0,0,0,2,33,MUJER,ILESO,CONDUCTOR PRESENTE,NO,NO,3
33178,141275,141276,2023,1,0,-0.141861,-78.443621,PICHINCHA,QUITO,LLANO CHICO,RURAL,2023-02-07,15:20:00,15,MARTES,2,FEBRERO,2,NO,CONDUCIR VEHICULO SUPERANDO LOS LIMITES MAXIMOS DE VELOCIDAD.,PERDIDA DE CARRIL,MOTOCICLETA,0,0,0,0,0,0,0,0,1,0,0,0,0,1,22,HOMBRE,LESIONADO,CONDUCTOR PRESENTE,NO,NO,3
33179,141277,141278,2023,0,0,-0.151731,-78.497928,PICHINCHA,QUITO,QUITO,URBANA,2023-02-07,15:40:00,15,MARTES,2,FEBRERO,2,NO,NO CEDER EL DERECHO DE VIA O PREFERENCIA DE PASO A VEHICULOS.,CHOQUE LATERAL,CAMIONETA,1,0,0,0,1,0,0,0,0,0,0,0,0,2,58,HOMBRE,ILESO,CONDUCTOR PRESENTE,NO,NO,1
33180,141287,141288,2023,0,1,-0.341758,-78.563221,PICHINCHA,QUITO,QUITO,URBANA,2023-02-07,21:30:00,21,MARTES,2,FEBRERO,2,NO,PEATON QUE CRUZA LA CALZADA SIN RESPETAR LA SENIALIZACION EXISTENTE (SEMAFOROS O SENIALES MANUALES).,OTROS,NO IDENTIFICADO,0,0,0,0,0,0,0,0,0,1,0,0,0,1,38,HOMBRE,FALLECIDO,PEATON,NO,NO,1
33181,141288,141289,2023,3,0,-0.243937,-78.531643,PICHINCHA,QUITO,QUITO,URBANA,2023-02-07,21:50:00,21,MARTES,2,FEBRERO,2,NO,"CASO FORTUITO O FUERZA MAYOR (EXPLOSION DE NEUMATICO NUEVO, DERRUMBE, INUNDACION, CAIDA DE PUENTE, ARBOL, PRESENCIA INTEMPESTIVA E IMPREVISTA DE SEMOVIENTES EN LA VIA, ETC.).",ESTRELLAMIENTOS,AUTOMOVIL,1,0,0,0,0,0,0,0,0,0,0,0,0,1,23,MUJER,LESIONADO,PASAJERO,NO,NO,1
33182,141291,141292,2023,2,0,-0.194026,-78.494183,PICHINCHA,QUITO,QUITO,URBANA,2023-02-07,23:42:00,23,MARTES,2,FEBRERO,2,NO,"CONDUCE BAJO LA INFLUENCIA DE ALCOHOL, SUSTANCIAS ESTUPEFACIENTES O PSICOTROPICAS Y/O MEDICAMENTOS.",CHOQUE POSTERIOR,MOTOCICLETA,1,0,0,0,0,0,0,0,1,0,0,0,0,2,28,HOMBRE,LESIONADO,CONDUCTOR PRESENTE,NO,NO,1
33183,141294,141295,2023,1,0,-0.176291,-78.328564,PICHINCHA,QUITO,YARUQUI,RURAL,2023-02-08,00:45:00,0,MIERCOLES,3,FEBRERO,2,NO,"CONDUCIR DESATENTO A LAS CONDICIONES DE TRANSITO (CELULAR, PANTALLAS DE VIDEO, COMIDA, MAQUILLAJE O CUALQUIER OTRO ELEMENTO DISTRACTOR).",CHOQUE POSTERIOR,AUTOMOVIL,1,0,0,0,0,0,0,0,0,0,0,0,0,1,35,HOMBRE,LESIONADO,CONDUCTOR PRESENTE,NO,SI,3
33184,141301,141302,2023,1,0,-0.105749,-78.497972,PICHINCHA,QUITO,QUITO,URBANA,2023-02-08,07:30:00,7,MIERCOLES,3,FEBRERO,2,NO,PEATON QUE CRUZA LA CALZADA SIN RESPETAR LA SENIALIZACION EXISTENTE (SEMAFOROS O SENIALES MANUALES).,ATROPELLOS,AUTOMOVIL,1,0,0,0,0,0,0,0,0,0,0,0,0,1,35,MUJER,LESIONADO,PEATON,NO,NO,1
33185,141309,141310,2023,0,0,-0.332135,-78.465037,PICHINCHA,RUMINIAHUI,SANGOLQUI,URBANA,2023-02-08,10:45:00,10,MIERCOLES,3,FEBRERO,2,NO,"CONDUCIR DESATENTO A LAS CONDICIONES DE TRANSITO (CELULAR, PANTALLAS DE VIDEO, COMIDA, MAQUILLAJE O CUALQUIER OTRO ELEMENTO DISTRACTOR).",CHOQUE FRONTAL,CAMION,1,0,0,1,0,0,0,0,0,0,0,0,0,2,33,HOMBRE,ILESO,CONDUCTOR PRESENTE,NO,SI,1
33186,141313,141314,2023,0,0,-0.317722,-78.471854,PICHINCHA,QUITO,CONOCOTO,RURAL,2023-02-08,12:10:00,12,MIERCOLES,3,FEBRERO,2,NO,MALAS CONDICIONES DE LA VIA Y/O CONFIGURACION. (ILUMINACION Y DISENIO).,PERDIDA DE CARRIL,AUTOMOVIL,1,0,0,0,0,0,0,0,0,0,0,0,0,1,-1,NO IDENTIFICADO,NO IDENTIFICADO,CONDUCTOR AUSENTE,NO,NO,2
33187,141316,141317,2023,1,0,-0.412456,-78.547845,PICHINCHA,MEJIA,TAMBILLO (MEJIA),RURAL,2023-02-08,13:30:00,13,MIERCOLES,3,FEBRERO,2,NO,"CONDUCIR DESATENTO A LAS CONDICIONES DE TRANSITO (CELULAR, PANTALLAS DE VIDEO, COMIDA, MAQUILLAJE O CUALQUIER OTRO ELEMENTO DISTRACTOR).",ATROPELLOS,MOTOCICLETA,0,0,0,0,0,0,0,0,1,0,0,0,0,1,57,MUJER,LESIONADO,PEATON,NO,SI,3
33188,141319,141320,2023,0,0,-0.188544,-78.481996,PICHINCHA,QUITO,QUITO,URBANA,2023-02-08,14:00:00,14,MIERCOLES,3,FEBRERO,2,NO,CONDUCIR VEHICULO SUPERANDO LOS LIMITES MAXIMOS DE VELOCIDAD.,OTROS,MOTOCICLETA,2,0,0,0,0,0,0,0,1,0,0,0,0,3,44,HOMBRE,ILESO,CONDUCTOR PRESENTE,NO,NO,1
33189,141324,141325,2023,1,0,-0.300202,-78.460396,PICHINCHA,RUMINIAHUI,SANGOLQUI,URBANA,2023-02-08,15:00:00,15,MIERCOLES,3,FEBRERO,2,NO,"CONDUCIR DESATENTO A LAS CONDICIONES DE TRANSITO (CELULAR, PANTALLAS DE VIDEO, COMIDA, MAQUILLAJE O CUALQUIER OTRO ELEMENTO DISTRACTOR).",CHOQUE POSTERIOR,BUS,0,0,1,0,0,0,0,0,0,1,0,0,0,2,35,MUJER,LESIONADO,CONDUCTOR PRESENTE,NO,SI,1
33190,141328,141329,2023,1,0,-0.333096,-78.470118,PICHINCHA,RUMINIAHUI,SANGOLQUI,URBANA,2023-02-08,15:30:00,15,MIERCOLES,3,FEBRERO,2,NO,"CONDUCIR DESATENTO A LAS CONDICIONES DE TRANSITO (CELULAR, PANTALLAS DE VIDEO, COMIDA, MAQUILLAJE O CUALQUIER OTRO ELEMENTO DISTRACTOR).",CHOQUE LATERAL,NO IDENTIFICADO,0,0,0,0,0,0,0,0,0,1,0,0,0,1,37,HOMBRE,LESIONADO,CONDUCTOR PRESENTE,NO,SI,1
33191,141330,141331,2023,1,0,-0.185604,-78.487387,PICHINCHA,QUITO,QUITO,URBANA,2023-02-08,16:27:00,16,MIERCOLES,3,FEBRERO,2,NO,NO MANTENER LA DISTANCIA PRUDENCIAL CON RESPECTO AL VEHICULO QUE LE ANTECEDE.,COLISION,AUTOMOVIL,3,0,0,0,0,0,0,0,0,0,0,0,0,3,36,MUJER,LESIONADO,CONDUCTOR PRESENTE,NO,NO,1
33192,141331,141332,2023,1,0,-0.197848,-78.500091,PICHINCHA,QUITO,QUITO,URBANA,2023-02-08,17:00:00,17,MIERCOLES,3,FEBRERO,2,NO,PEATON QUE CRUZA LA CALZADA SIN RESPETAR LA SENIALIZACION EXISTENTE (SEMAFOROS O SENIALES MANUALES).,ATROPELLOS,BUS,0,0,1,0,0,0,0,0,0,0,0,0,0,1,24,MUJER,LESIONADO,PEATON,NO,NO,1
33193,141338,141339,2023,0,0,-0.451944,-78.752778,PICHINCHA,MEJIA,MANUEL CORNEJO ASTORGA,RURAL,2023-02-08,19:20:00,19,MIERCOLES,3,FEBRERO,2,NO,NO GUARDAR LA DISTANCIA LATERAL MINIMA DE SEGURIDAD ENTRE VEHICULOS.,ROZAMIENTOS,CAMIONETA,0,0,0,0,1,0,0,0,0,1,0,0,0,2,-1,HOMBRE,ILESO,CONDUCTOR PRESENTE,NO,NO,3
33194,141354,141355,2023,1,1,-0.245103,-78.501964,PICHINCHA,QUITO,QUITO,URBANA,2023-02-09,02:20:00,2,JUEVES,4,FEBRERO,2,NO,"CONDUCE BAJO LA INFLUENCIA DE ALCOHOL, SUSTANCIAS ESTUPEFACIENTES O PSICOTROPICAS Y/O MEDICAMENTOS.",ARROLLAMIENTOS,AUTOMOVIL,1,0,0,0,0,0,0,0,0,0,0,0,0,1,25,HOMBRE,FALLECIDO,PEATON,NO,NO,1
33195,141357,141358,2023,1,0,-0.077339,-78.381972,PICHINCHA,QUITO,CALDERON (CARAPUNGO),RURAL,2023-02-09,05:30:00,5,JUEVES,4,FEBRERO,2,NO,DANIOS MECANICOS PREVISIBLES.,PERDIDA DE PISTA,CAMION,0,0,0,1,0,0,0,0,0,0,0,0,0,1,41,HOMBRE,LESIONADO,CONDUCTOR PRESENTE,NO,SI,3
33196,141359,141360,2023,1,0,-0.191314,-78.488269,PICHINCHA,QUITO,QUITO,URBANA,2023-02-09,07:05:00,7,JUEVES,4,FEBRERO,2,NO,NO CEDER EL DERECHO DE VIA O PREFERENCIA DE PASO A VEHICULOS.,CHOQUE LATERAL,SCOOTER ELECTRICO,1,0,0,0,0,0,0,0,0,0,1,0,0,2,44,MUJER,LESIONADO,CONDUCTOR PRESENTE,NO,NO,1
33197,141366,141367,2023,0,0,-0.328471,-78.913499,PICHINCHA,MEJIA,MANUEL CORNEJO ASTORGA,RURAL,2023-02-09,08:20:00,8,JUEVES,4,FEBRERO,2,NO,"CASO FORTUITO O FUERZA MAYOR (EXPLOSION DE NEUMATICO NUEVO, DERRUMBE, INUNDACION, CAIDA DE PUENTE, ARBOL, PRESENCIA INTEMPESTIVA E IMPREVISTA DE SEMOVIENTES EN LA VIA, ETC.).",OTROS,NO IDENTIFICADO,0,0,0,0,0,0,0,0,0,1,0,0,0,1,-1,NO IDENTIFICADO,NO IDENTIFICADO,CONDUCTOR AUSENTE,NO,NO,2
33198,141378,141379,2023,1,0,-0.299471,-78.558748,PICHINCHA,QUITO,QUITO,URBANA,2023-02-09,12:05:00,12,JUEVES,4,FEBRERO,2,NO,NO CEDER EL DERECHO DE VIA O PREFERENCIA DE PASO A VEHICULOS.,CHOQUE LATERAL,MOTOCICLETA,1,0,0,0,0,0,0,0,1,0,0,0,0,2,40,HOMBRE,LESIONADO,CONDUCTOR PRESENTE,NO,NO,1
33199,141382,141383,2023,1,0,-0.178282,-78.478243,PICHINCHA,QUITO,QUITO,URBANA,2023-02-09,14:00:00,14,JUEVES,4,FEBRERO,2,NO,PEATON QUE CRUZA LA CALZADA SIN RESPETAR LA SENIALIZACION EXISTENTE (SEMAFOROS O SENIALES MANUALES).,ATROPELLOS,BUS,0,0,1,0,0,0,0,0,0,0,0,0,0,1,43,MUJER,LESIONADO,PEATON,NO,NO,1
33200,141383,141384,2023,1,0,-0.097493,-78.453261,PICHINCHA,QUITO,CALDERON (CARAPUNGO),RURAL,2023-02-09,14:40:00,14,JUEVES,4,FEBRERO,2,NO,PEATON QUE CRUZA LA CALZADA SIN RESPETAR LA SENIALIZACION EXISTENTE (SEMAFOROS O SENIALES MANUALES).,ATROPELLOS,FURGONETA,0,0,0,0,0,0,0,1,0,0,0,0,0,1,11,HOMBRE,LESIONADO,PEATON,NO,NO,3
33201,141387,141388,2023,1,0,-0.210647,-78.501024,PICHINCHA,QUITO,QUITO,URBANA,2023-02-09,15:50:00,15,JUEVES,4,FEBRERO,2,NO,"CONDUCE BAJO LA INFLUENCIA DE ALCOHOL, SUSTANCIAS ESTUPEFACIENTES O PSICOTROPICAS Y/O MEDICAMENTOS.",CHOQUE LATERAL,MOTOCICLETA,1,0,0,0,0,0,0,0,1,0,0,0,0,2,33,HOMBRE,LESIONADO,CONDUCTOR PRESENTE,NO,NO,1
33202,141402,141403,2023,0,0,-0.222221,-78.467804,PICHINCHA,QUITO,QUITO,RURAL,2023-02-10,00:45:00,0,VIERNES,5,FEBRERO,2,NO,CONDUCIR VEHICULO SUPERANDO LOS LIMITES MAXIMOS DE VELOCIDAD.,ESTRELLAMIENTOS,AUTOMOVIL,1,0,0,0,0,0,0,0,0,0,0,0,0,1,-1,NO IDENTIFICADO,NO IDENTIFICADO,CONDUCTOR AUSENTE,NO,NO,2
33203,141411,141412,2023,1,1,-0.207584,-78.503128,PICHINCHA,QUITO,QUITO,URBANA,2023-02-10,07:30:00,7,VIERNES,5,FEBRERO,2,NO,CONDUCIR VEHICULO SUPERANDO LOS LIMITES MAXIMOS DE VELOCIDAD.,ATROPELLOS,AUTOMOVIL,2,0,0,0,0,0,0,0,0,0,0,0,0,2,75,MUJER,FALLECIDO,PEATON,NO,NO,1
33204,141414,141415,2023,0,0,-0.143638,-78.471206,PICHINCHA,QUITO,QUITO,URBANA,2023-02-10,08:08:00,8,VIERNES,5,FEBRERO,2,NO,NO CEDER EL DERECHO DE VIA O PREFERENCIA DE PASO A VEHICULOS.,CHOQUE LATERAL,AUTOMOVIL,2,0,0,0,0,0,0,0,0,0,0,0,0,2,29,HOMBRE,ILESO,CONDUCTOR PRESENTE,NO,NO,1
33205,141417,141418,2023,0,0,-0.180363,-78.504441,PICHINCHA,QUITO,QUITO,URBANA,2023-02-10,10:12:00,10,VIERNES,5,FEBRERO,2,NO,"CONDUCIR DESATENTO A LAS CONDICIONES DE TRANSITO (CELULAR, PANTALLAS DE VIDEO, COMIDA, MAQUILLAJE O CUALQUIER OTRO ELEMENTO DISTRACTOR).",ROZAMIENTOS,AUTOMOVIL,2,0,0,0,0,0,0,0,0,0,0,0,0,2,19,HOMBRE,ILESO,CONDUCTOR PRESENTE,NO,NO,1
33206,141420,141421,2023,0,0,-0.203753,-78.483084,PICHINCHA,QUITO,QUITO,URBANA,2023-02-10,11:30:00,11,VIERNES,5,FEBRERO,2,NO,NO GUARDAR LA DISTANCIA LATERAL MINIMA DE SEGURIDAD ENTRE VEHICULOS.,ROZAMIENTOS,CAMION,1,0,0,1,0,0,0,0,0,0,0,0,0,2,55,HOMBRE,ILESO,CONDUCTOR PRESENTE,NO,NO,1
33207,141421,141422,2023,0,0,0.048546,-78.200871,PICHINCHA,PEDRO MONCAYO,TABACUNDO,RURAL,2023-02-10,11:30:00,11,VIERNES,5,FEBRERO,2,NO,"NO RESPETAR LAS SENIALES REGLAMENTARIAS DE TRANSITO. (PARE, CEDA EL PASO, LUZ ROJA DEL SEMAFORO, ETC).",CHOQUE FRONTAL,CAMION,0,0,0,1,1,0,0,0,0,0,0,0,0,2,39,HOMBRE,ILESO,CONDUCTOR PRESENTE,NO,SI,3
33208,141423,141424,2023,9,0,-0.244482,-78.533672,PICHINCHA,QUITO,QUITO,URBANA,2023-02-10,11:50:00,11,VIERNES,5,FEBRERO,2,NO,"NO RESPETAR LAS SENIALES REGLAMENTARIAS DE TRANSITO. (PARE, CEDA EL PASO, LUZ ROJA DEL SEMAFORO, ETC).",OTROS,BUS,2,0,1,1,2,0,0,0,0,0,0,0,0,6,67,HOMBRE,LESIONADO,PASAJERO,NO,NO,1
33209,141432,141433,2023,0,0,-0.310138,-78.568401,PICHINCHA,QUITO,QUITO,URBANA,2023-02-10,17:00:00,17,VIERNES,5,FEBRERO,2,NO,"CONDUCE BAJO LA INFLUENCIA DE ALCOHOL, SUSTANCIAS ESTUPEFACIENTES O PSICOTROPICAS Y/O MEDICAMENTOS.",CHOQUE LATERAL,MOTOCICLETA,1,0,0,0,0,0,0,0,1,0,0,0,0,2,26,HOMBRE,ILESO,CONDUCTOR PRESENTE,NO,NO,1
33210,141435,141436,2023,2,0,-0.227083,-78.510405,PICHINCHA,QUITO,QUITO,URBANA,2023-02-10,18:30:00,18,VIERNES,5,FEBRERO,2,NO,NO TRANSITAR POR LAS ACERAS O ZONAS DE SEGURIDAD DESTINADAS PARA EL EFECTO.,ATROPELLOS,MOTOCICLETA,0,0,0,0,0,0,0,0,1,0,0,0,0,1,75,HOMBRE,LESIONADO,PEATON,NO,NO,1
33211,141439,141440,2023,0,0,-0.209224,-78.518368,PICHINCHA,QUITO,QUITO,URBANA,2023-02-10,19:20:00,19,VIERNES,5,FEBRERO,2,NO,NO CEDER EL DERECHO DE VIA O PREFERENCIA DE PASO A VEHICULOS.,CHOQUE LATERAL,MOTOCICLETA,0,0,0,0,0,0,0,0,2,0,0,0,0,2,31,HOMBRE,ILESO,PASAJERO,NO,NO,1
33212,141445,141446,2023,3,0,-0.184672,-78.490828,PICHINCHA,QUITO,QUITO,URBANA,2023-02-10,20:00:00,20,VIERNES,5,FEBRERO,2,NO,"PEATON TRANSITA BAJO INFLUENCIA DE ALCOHOL, SUSTANCIAS ESTUPEFACIENTES O PSICOTROPICAS Y/O MEDICAMENTOS.",ATROPELLOS,MOTOCICLETA,0,0,0,0,0,0,0,0,1,0,0,0,0,1,23,HOMBRE,LESIONADO,PEATON,NO,NO,1
33213,141446,141447,2023,0,0,-0.239654,-78.492949,PICHINCHA,QUITO,QUITO,URBANA,2023-02-10,20:50:00,20,VIERNES,5,FEBRERO,2,NO,CONDUCIR VEHICULO SUPERANDO LOS LIMITES MAXIMOS DE VELOCIDAD.,ESTRELLAMIENTOS,CAMIONETA,0,0,0,0,1,0,0,0,0,0,0,0,0,1,-1,NO IDENTIFICADO,NO IDENTIFICADO,CONDUCTOR AUSENTE,NO,NO,2
33214,141448,141449,2023,2,0,-0.161957,-78.483194,PICHINCHA,QUITO,QUITO,URBANA,2023-02-10,20:55:00,20,VIERNES,5,FEBRERO,2,NO,"CONDUCE BAJO LA INFLUENCIA DE ALCOHOL, SUSTANCIAS ESTUPEFACIENTES O PSICOTROPICAS Y/O MEDICAMENTOS.",CHOQUE LATERAL,MOTOCICLETA,0,0,0,0,0,0,0,0,2,0,0,0,0,2,31,HOMBRE,LESIONADO,CONDUCTOR PRESENTE,SI,NO,1
33215,141449,141450,2023,0,0,-0.231088,-78.538742,PICHINCHA,QUITO,QUITO,URBANA,2023-02-10,21:05:00,21,VIERNES,5,FEBRERO,2,NO,CONDUCIR VEHICULO SUPERANDO LOS LIMITES MAXIMOS DE VELOCIDAD.,ESTRELLAMIENTOS,CAMIONETA,0,0,0,0,1,0,0,0,0,0,0,0,0,1,-1,NO IDENTIFICADO,NO IDENTIFICADO,CONDUCTOR AUSENTE,NO,NO,2
33216,141450,141451,2023,1,0,-0.096536,-78.480482,PICHINCHA,QUITO,QUITO,URBANA,2023-02-10,21:25:00,21,VIERNES,5,FEBRERO,2,NO,NO MANTENER LA DISTANCIA PRUDENCIAL CON RESPECTO AL VEHICULO QUE LE ANTECEDE.,CHOQUE POSTERIOR,AUTOMOVIL,2,0,0,0,0,0,0,0,0,0,0,0,0,2,32,HOMBRE,LESIONADO,CONDUCTOR PRESENTE,NO,NO,1
33217,141462,141463,2023,2,0,-0.240917,-78.524936,PICHINCHA,QUITO,QUITO,URBANA,2023-02-11,02:30:00,2,SABADO,6,FEBRERO,2,NO,CONDUCIR VEHICULO SUPERANDO LOS LIMITES MAXIMOS DE VELOCIDAD.,PERDIDA DE CARRIL,MOTOCICLETA,0,0,0,0,0,0,0,0,1,0,0,0,0,1,35,HOMBRE,LESIONADO,PASAJERO,NO,NO,1
33218,141470,141471,2023,1,0,-0.317732,-78.471877,PICHINCHA,QUITO,CONOCOTO,RURAL,2023-02-11,05:30:00,5,SABADO,6,FEBRERO,2,NO,CONDUCIR VEHICULO SUPERANDO LOS LIMITES MAXIMOS DE VELOCIDAD.,PERDIDA DE CARRIL,NO IDENTIFICADO,0,0,0,0,0,0,0,0,0,1,0,0,0,1,22,HOMBRE,LESIONADO,CONDUCTOR PRESENTE,NO,NO,3
33219,141474,141475,2023,0,1,-0.303766,-78.544951,PICHINCHA,QUITO,QUITO,URBANA,2023-02-11,08:20:00,8,SABADO,6,FEBRERO,2,NO,"CONDUCE BAJO LA INFLUENCIA DE ALCOHOL, SUSTANCIAS ESTUPEFACIENTES O PSICOTROPICAS Y/O MEDICAMENTOS.",OTROS,CAMIONETA,2,0,0,0,1,0,0,0,0,0,0,0,0,3,45,HOMBRE,FALLECIDO,PEATON,NO,NO,1
33220,141487,141488,2023,0,0,-0.312201,-78.542491,PICHINCHA,QUITO,QUITO,URBANA,2023-02-11,16:10:00,16,SABADO,6,FEBRERO,2,NO,CONDUCIR VEHICULO SUPERANDO LOS LIMITES MAXIMOS DE VELOCIDAD.,OTROS,AUTOMOVIL,1,0,0,0,0,0,0,0,0,0,0,0,0,1,-1,NO IDENTIFICADO,NO IDENTIFICADO,CONDUCTOR AUSENTE,NO,NO,2
33221,141492,141493,2023,0,0,-0.446083,-78.745889,PICHINCHA,MEJIA,MANUEL CORNEJO ASTORGA,RURAL,2023-02-11,17:15:00,17,SABADO,6,FEBRERO,2,NO,"CONDUCIR DESATENTO A LAS CONDICIONES DE TRANSITO (CELULAR, PANTALLAS DE VIDEO, COMIDA, MAQUILLAJE O CUALQUIER OTRO ELEMENTO DISTRACTOR).",PERDIDA DE CARRIL,CAMIONETA,1,0,0,0,1,0,0,0,0,0,0,0,0,2,-1,HOMBRE,ILESO,CONDUCTOR PRESENTE,NO,NO,3