,Unnamed: 0,ID,ANIO,LESIONADOS,FALLECIDOS,LATITUD_Y,LONGITUD_X,PROVINCIA,CANTON,PARROQUIA,ZONA,FECHA,HORA,PERIODO_2,DIA_1,DIA_2,MES_1,MES_2,FERIADO,CAUSA_PROBABLE,TIPO_DE_SINIESTRO,TIPO_DE_VEHICULO_1,AUTOMOVIL,BICICLETA,BUS,CAMION,CAMIONETA,EMERGENCIAS,ESPECIAL,FURGONETA,MOTOCICLETA,NO_IDENTIFICADO,SCOOTER_ELECTRICO,TRICIMOTO,VEHICULO_DEPORTIVO_UTILITARIO,SUMA_DE_VEHICULOS,EDAD_1,SEXO_1,CONDICION_1,PARTICIPANTE_1,CASCO_1,CINTURON_1,KMeans_Cluster
33222,141496,141497,2023,1,0,-0.283181,-78.559627,PICHINCHA,QUITO,QUITO,URBANA,2023-02-11,18:20:00,18,SABADO,6,FEBRERO,2,NO,"CASO FORTUITO O FUERZA MAYOR (EXPLOSION DE NEUMATICO NUEVO, DERRUMBE, INUNDACION, CAIDA DE PUENTE, ARBOL, PRESENCIA INTEMPESTIVA E IMPREVISTA DE SEMOVIENTES EN LA VIA, ETC.).",CHOQUE LATERAL,NO IDENTIFICADO,0,0,0,0,0,0,0,0,0,2,0,0,0,2,24,MUJER,LESIONADO,PASAJERO,NO,NO,1
33223,141501,141502,2023,1,0,-0.301839,-78.457093,PICHINCHA,RUMINIAHUI,SANGOLQUI,RURAL,2023-02-11,19:30:00,19,SABADO,6,FEBRERO,2,NO,"CONDUCIR DESATENTO A LAS CONDICIONES DE TRANSITO (CELULAR, PANTALLAS DE VIDEO, COMIDA, MAQUILLAJE O CUALQUIER OTRO ELEMENTO DISTRACTOR).",ARROLLAMIENTOS,AUTOMOVIL,1,0,0,0,0,0,0,0,0,0,0,0,0,1,43,HOMBRE,LESIONADO,PEATON,NO,SI,3
33224,141504,141505,2023,1,0,-0.310195,-78.552234,PICHINCHA,QUITO,QUITO,URBANA,2023-02-11,20:00:00,20,SABADO,6,FEBRERO,2,NO,"CONDUCE BAJO LA INFLUENCIA DE ALCOHOL, SUSTANCIAS ESTUPEFACIENTES O PSICOTROPICAS Y/O MEDICAMENTOS.",OTROS,MOTOCICLETA,1,0,0,0,0,0,0,0,1,0,0,0,0,2,43,HOMBRE,LESIONADO,CONDUCTOR PRESENTE,NO,NO,1
33225,141509,141510,2023,0,1,-0.250288,-78.503251,PICHINCHA,QUITO,QUITO,URBANA,2023-02-11,21:40:00,21,SABADO,6,FEBRERO,2,NO,CONDUCIR VEHICULO SUPERANDO LOS LIMITES MAXIMOS DE VELOCIDAD.,CHOQUE LATERAL,MOTOCICLETA,0,0,0,0,0,0,0,0,1,1,0,0,0,2,36,HOMBRE,FALLECIDO,CONDUCTOR PRESENTE,NO,NO,1
33226,141511,141512,2023,0,1,-0.216801,-78.518591,PICHINCHA,QUITO,QUITO,URBANA,2023-02-11,22:30:00,22,SABADO,6,FEBRERO,2,NO,CONDUCIR VEHICULO SUPERANDO LOS LIMITES MAXIMOS DE VELOCIDAD.,PERDIDA DE CARRIL,MOTOCICLETA,0,0,0,0,0,0,0,0,1,0,0,0,0,1,37,HOMBRE,FALLECIDO,CONDUCTOR PRESENTE,NO,NO,1
33227,141516,141517,2023,0,0,-0.072876,-78.422554,PICHINCHA,QUITO,CALDERON (CARAPUNGO),RURAL,2023-02-11,23:30:00,23,SABADO,6,FEBRERO,2,NO,"CONDUCIR EN ESTADO DE SOMNOLENCIA O MALAS CONDICIONES FISICAS (SUENIO, CANSANCIO Y FATIGA).",ESTRELLAMIENTOS,AUTOMOVIL,1,0,0,0,0,0,0,0,0,0,0,0,0,1,32,MUJER,ILESO,CONDUCTOR PRESENTE,NO,NO,3
33228,141519,141520,2023,0,0,-0.133443,-78.494057,PICHINCHA,QUITO,QUITO,URBANA,2023-02-12,00:01:00,0,DOMINGO,7,FEBRERO,2,NO,NO CEDER EL DERECHO DE VIA O PREFERENCIA DE PASO A VEHICULOS.,CHOQUE LATERAL,AUTOMOVIL,2,0,0,0,0,0,0,0,0,0,0,0,0,2,48,HOMBRE,ILESO,CONDUCTOR PRESENTE,NO,NO,1
33229,141520,141521,2023,1,0,-0.214601,-78.516332,PICHINCHA,QUITO,QUITO,URBANA,2023-02-12,00:05:00,0,DOMINGO,7,FEBRERO,2,NO,CONDUCIR VEHICULO SUPERANDO LOS LIMITES MAXIMOS DE VELOCIDAD.,VOLCAMIENTOS,MOTOCICLETA,0,0,0,0,0,0,0,0,1,0,0,0,0,1,36,HOMBRE,LESIONADO,PASAJERO,NO,NO,1
33230,141526,141527,2023,2,0,-0.106504,-78.476517,PICHINCHA,QUITO,QUITO,URBANA,2023-02-12,01:30:00,1,DOMINGO,7,FEBRERO,2,NO,"CONDUCE BAJO LA INFLUENCIA DE ALCOHOL, SUSTANCIAS ESTUPEFACIENTES O PSICOTROPICAS Y/O MEDICAMENTOS.",COLISION,AUTOMOVIL,3,0,0,0,0,0,0,0,0,0,0,0,0,3,48,MUJER,LESIONADO,PASAJERO,NO,NO,1
33231,141528,141529,2023,0,1,-0.221062,-78.422051,PICHINCHA,QUITO,TUMBACO,RURAL,2023-02-12,02:00:00,2,DOMINGO,7,FEBRERO,2,NO,"CONDUCE BAJO LA INFLUENCIA DE ALCOHOL, SUSTANCIAS ESTUPEFACIENTES O PSICOTROPICAS Y/O MEDICAMENTOS.",CHOQUE FRONTAL,AUTOMOVIL,2,0,0,0,0,0,0,0,0,0,0,0,0,2,32,HOMBRE,FALLECIDO,CONDUCTOR PRESENTE,NO,NO,3
33232,141534,141535,2023,0,1,-0.449411,-78.585734,PICHINCHA,MEJIA,ALOAG,URBANA,2023-02-12,03:45:00,3,DOMINGO,7,FEBRERO,2,NO,CONDUCIR VEHICULO SUPERANDO LOS LIMITES MAXIMOS DE VELOCIDAD.,CHOQUE POSTERIOR,NO IDENTIFICADO,0,0,0,0,0,0,0,0,0,1,0,0,0,1,20,MUJER,FALLECIDO,PASAJERO,NO,SI,1
33233,141542,141543,2023,1,1,-0.294224,-78.462731,PICHINCHA,QUITO,CONOCOTO,RURAL,2023-02-12,06:00:00,6,DOMINGO,7,FEBRERO,2,NO,MALAS CONDICIONES DE LA VIA Y/O CONFIGURACION. (ILUMINACION Y DISENIO).,ESTRELLAMIENTOS,MOTOCICLETA,0,0,0,0,0,0,0,0,1,0,0,0,0,1,27,HOMBRE,FALLECIDO,CONDUCTOR PRESENTE,NO,SI,3
33234,141547,141548,2023,0,0,-0.141041,-78.500822,PICHINCHA,QUITO,QUITO,URBANA,2023-02-12,06:45:00,6,DOMINGO,7,FEBRERO,2,NO,CONDUCIR VEHICULO SUPERANDO LOS LIMITES MAXIMOS DE VELOCIDAD.,OTROS,AUTOMOVIL,1,0,0,0,0,0,0,0,0,0,0,0,0,1,-1,NO IDENTIFICADO,NO IDENTIFICADO,CONDUCTOR AUSENTE,NO,NO,2
33235,141551,141552,2023,2,0,-0.210613,-78.514185,PICHINCHA,QUITO,QUITO,URBANA,2023-02-12,08:20:00,8,DOMINGO,7,FEBRERO,2,NO,CONDUCIR VEHICULO SUPERANDO LOS LIMITES MAXIMOS DE VELOCIDAD.,CHOQUE LATERAL,MOTOCICLETA,1,0,0,0,0,0,0,0,1,0,0,0,0,2,16,HOMBRE,LESIONADO,PASAJERO,NO,NO,1
33236,141557,141558,2023,0,0,-0.256269,-78.511862,PICHINCHA,QUITO,QUITO,URBANA,2023-02-12,10:05:00,10,DOMINGO,7,FEBRERO,2,NO,"CONDUCE BAJO LA INFLUENCIA DE ALCOHOL, SUSTANCIAS ESTUPEFACIENTES O PSICOTROPICAS Y/O MEDICAMENTOS.",ESTRELLAMIENTOS,AUTOMOVIL,2,0,0,0,0,0,0,0,0,0,0,0,0,2,33,HOMBRE,ILESO,CONDUCTOR PRESENTE,NO,NO,1
33237,141559,141560,2023,0,1,-0.050388,-78.285627,PICHINCHA,QUITO,GUAYLLABAMBA,RURAL,2023-02-12,11:00:00,11,DOMINGO,7,FEBRERO,2,NO,"CONDUCIR DESATENTO A LAS CONDICIONES DE TRANSITO (CELULAR, PANTALLAS DE VIDEO, COMIDA, MAQUILLAJE O CUALQUIER OTRO ELEMENTO DISTRACTOR).",CHOQUE POSTERIOR,MOTOCICLETA,0,0,0,0,0,0,0,0,1,0,0,0,0,1,30,HOMBRE,FALLECIDO,CONDUCTOR PRESENTE,NO,SI,3
33238,141574,141575,2023,0,0,-0.112796,-78.497707,PICHINCHA,QUITO,QUITO,URBANA,2023-02-12,15:50:00,15,DOMINGO,7,FEBRERO,2,NO,CONDUCIR VEHICULO SUPERANDO LOS LIMITES MAXIMOS DE VELOCIDAD.,OTROS,AUTOMOVIL,1,0,0,0,0,0,0,0,0,0,0,0,0,1,-1,NO IDENTIFICADO,NO IDENTIFICADO,CONDUCTOR AUSENTE,NO,NO,2
33239,141576,141577,2023,0,0,-0.214844,-78.441412,PICHINCHA,QUITO,CUMBAYA,RURAL,2023-02-12,16:05:00,16,DOMINGO,7,FEBRERO,2,NO,CONDUCIR VEHICULO SUPERANDO LOS LIMITES MAXIMOS DE VELOCIDAD.,ESTRELLAMIENTOS,CAMIONETA,0,0,0,0,1,0,0,0,0,0,0,0,0,1,-1,NO IDENTIFICADO,NO IDENTIFICADO,CONDUCTOR AUSENTE,NO,NO,2
33240,141582,141583,2023,1,0,-0.146908,-78.446101,PICHINCHA,QUITO,ZAMBIZA,RURAL,2023-02-12,17:10:00,17,DOMINGO,7,FEBRERO,2,NO,"CONDUCE BAJO LA INFLUENCIA DE ALCOHOL, SUSTANCIAS ESTUPEFACIENTES O PSICOTROPICAS Y/O MEDICAMENTOS.",CHOQUE POSTERIOR,BUS,1,0,1,0,0,0,0,0,0,0,0,0,0,2,25,MUJER,LESIONADO,PASAJERO,NO,NO,3
33241,141586,141587,2023,0,0,-0.441464,-78.732862,PICHINCHA,MEJIA,MANUEL CORNEJO ASTORGA,RURAL,2023-02-12,18:03:00,18,DOMINGO,7,FEBRERO,2,NO,"CONDUCIR DESATENTO A LAS CONDICIONES DE TRANSITO (CELULAR, PANTALLAS DE VIDEO, COMIDA, MAQUILLAJE O CUALQUIER OTRO ELEMENTO DISTRACTOR).",PERDIDA DE CARRIL,CAMIONETA,0,0,0,0,2,0,0,0,0,0,0,0,0,2,45,HOMBRE,ILESO,CONDUCTOR PRESENTE,NO,NO,3
33242,141587,141588,2023,0,0,-0.158221,-78.489079,PICHINCHA,QUITO,QUITO,URBANA,2023-02-12,18:20:00,18,DOMINGO,7,FEBRERO,2,NO,"NO RESPETAR LAS SENIALES REGLAMENTARIAS DE TRANSITO. (PARE, CEDA EL PASO, LUZ ROJA DEL SEMAFORO, ETC).",OTROS,MOTOCICLETA,0,0,0,0,0,0,0,0,1,0,0,0,0,1,-1,NO IDENTIFICADO,NO IDENTIFICADO,CONDUCTOR AUSENTE,NO,NO,2
33243,141597,141598,2023,0,0,-0.323071,-78.490291,PICHINCHA,QUITO,CONOCOTO,RURAL,2023-02-12,20:00:00,20,DOMINGO,7,FEBRERO,2,NO,"CONDUCE BAJO LA INFLUENCIA DE ALCOHOL, SUSTANCIAS ESTUPEFACIENTES O PSICOTROPICAS Y/O MEDICAMENTOS.",COLISION,VEHICULO DEPORTIVO UTILITARIO,2,0,0,0,0,0,0,0,0,0,0,0,1,3,41,HOMBRE,ILESO,CONDUCTOR PRESENTE,NO,SI,3
33244,141606,141607,2023,1,0,-0.296094,-78.409309,PICHINCHA,QUITO,LA MERCED,RURAL,2023-02-12,21:00:00,21,DOMINGO,7,FEBRERO,2,NO,"NO RESPETAR LAS SENIALES REGLAMENTARIAS DE TRANSITO. (PARE, CEDA EL PASO, LUZ ROJA DEL SEMAFORO, ETC).",CHOQUE LATERAL,CAMION,0,0,0,1,1,0,0,0,0,0,0,0,0,2,28,HOMBRE,LESIONADO,CONDUCTOR PRESENTE,NO,NO,3
33245,141607,141608,2023,1,0,-0.288743,-78.524358,PICHINCHA,QUITO,QUITO,URBANA,2023-02-12,21:00:00,21,DOMINGO,7,FEBRERO,2,NO,"NO RESPETAR LAS SENIALES REGLAMENTARIAS DE TRANSITO. (PARE, CEDA EL PASO, LUZ ROJA DEL SEMAFORO, ETC).",OTROS,NO IDENTIFICADO,0,0,0,0,0,0,0,0,0,2,0,0,0,2,28,HOMBRE,LESIONADO,CONDUCTOR PRESENTE,NO,NO,1
33246,141620,141621,2023,0,0,-0.264109,-78.521029,PICHINCHA,QUITO,QUITO,URBANA,2023-02-13,05:45:00,5,LUNES,1,FEBRERO,2,NO,CONDUCIR VEHICULO SUPERANDO LOS LIMITES MAXIMOS DE VELOCIDAD.,ESTRELLAMIENTOS,AUTOMOVIL,1,0,0,0,0,0,0,0,0,0,0,0,0,1,-1,NO IDENTIFICADO,NO IDENTIFICADO,CONDUCTOR AUSENTE,NO,NO,2
33247,141621,141622,2023,0,0,-0.295114,-78.548844,PICHINCHA,QUITO,QUITO,URBANA,2023-02-13,06:30:00,6,LUNES,1,FEBRERO,2,NO,NO MANTENER LA DISTANCIA PRUDENCIAL CON RESPECTO AL VEHICULO QUE LE ANTECEDE.,CHOQUE POSTERIOR,FURGONETA,1,0,0,0,0,0,0,1,0,0,0,0,0,2,69,HOMBRE,ILESO,CONDUCTOR PRESENTE,NO,NO,1
33248,141622,141623,2023,0,0,-0.283148,-78.470701,PICHINCHA,QUITO,CONOCOTO,RURAL,2023-02-13,06:30:00,6,LUNES,1,FEBRERO,2,NO,CONDUCIR VEHICULO SUPERANDO LOS LIMITES MAXIMOS DE VELOCIDAD.,CHOQUE LATERAL,CAMIONETA,1,0,0,0,1,0,0,0,0,0,0,0,0,2,50,HOMBRE,ILESO,CONDUCTOR PRESENTE,NO,NO,3
33249,141623,141624,2023,0,0,-0.219635,-78.506749,PICHINCHA,QUITO,QUITO,URBANA,2023-02-13,06:55:00,6,LUNES,1,FEBRERO,2,NO,NO MANTENER LA DISTANCIA PRUDENCIAL CON RESPECTO AL VEHICULO QUE LE ANTECEDE.,CHOQUE POSTERIOR,BUS,0,0,1,0,0,0,0,1,0,0,0,0,0,2,60,HOMBRE,ILESO,CONDUCTOR PRESENTE,NO,NO,1
33250,141630,141631,2023,0,0,-0.141287,-78.500916,PICHINCHA,QUITO,QUITO,URBANA,2023-02-13,10:00:00,10,LUNES,1,FEBRERO,2,NO,NO MANTENER LA DISTANCIA PRUDENCIAL CON RESPECTO AL VEHICULO QUE LE ANTECEDE.,COLISION,AUTOMOVIL,3,0,0,0,0,0,0,0,0,0,0,0,0,3,54,HOMBRE,ILESO,CONDUCTOR PRESENTE,NO,NO,1
33251,141631,141632,2023,0,1,-0.226784,-78.521848,PICHINCHA,QUITO,QUITO,URBANA,2023-02-13,10:30:00,10,LUNES,1,FEBRERO,2,NO,NO TRANSITAR POR LAS ACERAS O ZONAS DE SEGURIDAD DESTINADAS PARA EL EFECTO.,ARROLLAMIENTOS,BUS,0,0,1,0,0,0,0,0,0,0,0,0,0,1,81,MUJER,FALLECIDO,PEATON,NO,NO,1
33252,141641,141642,2023,0,0,-0.345344,-78.547705,PICHINCHA,QUITO,QUITO,URBANA,2023-02-13,14:00:00,14,LUNES,1,FEBRERO,2,NO,"CONDUCE BAJO LA INFLUENCIA DE ALCOHOL, SUSTANCIAS ESTUPEFACIENTES O PSICOTROPICAS Y/O MEDICAMENTOS.",CHOQUE LATERAL,AUTOMOVIL,2,0,0,0,0,0,0,0,0,0,0,0,0,2,37,HOMBRE,ILESO,CONDUCTOR PRESENTE,NO,NO,1
33253,141644,141645,2023,3,0,-0.435001,-78.548763,PICHINCHA,MEJIA,MACHACHI,URBANA,2023-02-13,14:45:00,14,LUNES,1,FEBRERO,2,NO,"CONDUCIR DESATENTO A LAS CONDICIONES DE TRANSITO (CELULAR, PANTALLAS DE VIDEO, COMIDA, MAQUILLAJE O CUALQUIER OTRO ELEMENTO DISTRACTOR).",CHOQUE FRONTAL,VEHICULO DEPORTIVO UTILITARIO,1,0,0,0,0,0,0,0,0,0,0,0,1,2,38,HOMBRE,LESIONADO,CONDUCTOR PRESENTE,NO,SI,1
33254,141645,141646,2023,0,0,-0.056251,-78.454866,PICHINCHA,QUITO,POMASQUI,URBANA,2023-02-13,17:00:00,17,LUNES,1,FEBRERO,2,NO,"CONDUCE BAJO LA INFLUENCIA DE ALCOHOL, SUSTANCIAS ESTUPEFACIENTES O PSICOTROPICAS Y/O MEDICAMENTOS.",CHOQUE LATERAL,CAMIONETA,0,0,0,0,1,0,0,0,0,0,0,0,1,2,32,HOMBRE,ILESO,CONDUCTOR PRESENTE,NO,SI,1
33255,141648,141649,2023,1,0,-0.008528,-78.446611,PICHINCHA,QUITO,SAN ANTONIO (QUITO),RURAL,2023-02-13,17:30:00,17,LUNES,1,FEBRERO,2,NO,NO CEDER EL DERECHO DE VIA O PREFERENCIA DE PASO AL PEATON.,ATROPELLOS,NO IDENTIFICADO,0,0,0,0,0,0,0,0,0,1,0,0,0,1,38,HOMBRE,LESIONADO,PEATON,NO,NO,3
33256,141649,141650,2023,0,1,-0.129272,-78.448503,PICHINCHA,QUITO,LLANO CHICO,RURAL,2023-02-13,17:45:00,17,LUNES,1,FEBRERO,2,NO,NO CEDER EL DERECHO DE VIA O PREFERENCIA DE PASO AL PEATON.,ATROPELLOS,NO IDENTIFICADO,0,0,0,0,0,0,0,0,0,1,0,0,0,1,86,MUJER,FALLECIDO,PEATON,NO,NO,3
33257,141651,141652,2023,0,0,-0.262051,-78.504834,PICHINCHA,QUITO,QUITO,URBANA,2023-02-13,18:40:00,18,LUNES,1,FEBRERO,2,NO,NO MANTENER LA DISTANCIA PRUDENCIAL CON RESPECTO AL VEHICULO QUE LE ANTECEDE.,COLISION,CAMION,2,0,0,1,1,0,0,1,0,0,0,0,0,5,43,HOMBRE,ILESO,CONDUCTOR PRESENTE,NO,NO,1
33258,141661,141662,2023,0,0,-0.292722,-78.488123,PICHINCHA,QUITO,CONOCOTO,RURAL,2023-02-14,01:15:00,1,MARTES,2,FEBRERO,2,NO,"CONDUCIR EN ESTADO DE SOMNOLENCIA O MALAS CONDICIONES FISICAS (SUENIO, CANSANCIO Y FATIGA).",ESTRELLAMIENTOS,AUTOMOVIL,1,0,0,0,0,0,0,0,0,0,0,0,0,1,-1,NO IDENTIFICADO,NO IDENTIFICADO,CONDUCTOR AUSENTE,NO,NO,2
33259,141667,141668,2023,0,1,-0.002387,-78.175098,PICHINCHA,CAYAMBE,CANGAHUA,RURAL,2023-02-14,06:00:00,6,MARTES,2,FEBRERO,2,NO,CONDUCIR EN SENTIDO CONTRARIO A LA VIA NORMAL DE CIRCULACION.,CHOQUE FRONTAL,BUS,0,0,1,0,0,0,0,0,1,0,0,0,0,2,31,HOMBRE,FALLECIDO,CONDUCTOR PRESENTE,NO,SI,3
33260,141669,141670,2023,1,0,-0.144421,-78.483474,PICHINCHA,QUITO,QUITO,URBANA,2023-02-14,06:15:00,6,MARTES,2,FEBRERO,2,NO,PEATON QUE CRUZA LA CALZADA SIN RESPETAR LA SENIALIZACION EXISTENTE (SEMAFOROS O SENIALES MANUALES).,ATROPELLOS,BUS,0,0,1,0,0,0,0,0,0,0,0,0,0,1,17,HOMBRE,LESIONADO,PEATON,NO,NO,1
33261,141671,141672,2023,0,2,-0.349972,-78.856417,PICHINCHA,MEJIA,MANUEL CORNEJO ASTORGA,RURAL,2023-02-14,07:45:00,7,MARTES,2,FEBRERO,2,NO,"CONDUCIR DESATENTO A LAS CONDICIONES DE TRANSITO (CELULAR, PANTALLAS DE VIDEO, COMIDA, MAQUILLAJE O CUALQUIER OTRO ELEMENTO DISTRACTOR).",PERDIDA DE CARRIL,AUTOMOVIL,1,0,0,0,0,0,0,0,0,0,0,0,0,1,-1,HOMBRE,FALLECIDO,PEATON,NO,NO,3
33262,141678,141679,2023,0,0,-0.258586,-78.544613,PICHINCHA,QUITO,QUITO,URBANA,2023-02-14,10:30:00,10,MARTES,2,FEBRERO,2,NO,NO MANTENER LA DISTANCIA PRUDENCIAL CON RESPECTO AL VEHICULO QUE LE ANTECEDE.,CHOQUE POSTERIOR,AUTOMOVIL,2,0,0,0,0,0,0,0,0,0,0,0,0,2,38,HOMBRE,ILESO,CONDUCTOR PRESENTE,NO,NO,1
33263,141683,141684,2023,2,0,-0.247956,-78.526057,PICHINCHA,QUITO,QUITO,URBANA,2023-02-14,14:00:00,14,MARTES,2,FEBRERO,2,NO,NO TRANSITAR POR LAS ACERAS O ZONAS DE SEGURIDAD DESTINADAS PARA EL EFECTO.,ATROPELLOS,AUTOMOVIL,1,0,0,0,0,0,0,0,0,0,0,0,0,1,15,HOMBRE,LESIONADO,PEATON,NO,NO,1
33264,141687,141688,2023,1,0,-0.213153,-78.504064,PICHINCHA,QUITO,QUITO,URBANA,2023-02-14,16:15:00,16,MARTES,2,FEBRERO,2,NO,"CONDUCE BAJO LA INFLUENCIA DE ALCOHOL, SUSTANCIAS ESTUPEFACIENTES O PSICOTROPICAS Y/O MEDICAMENTOS.",ATROPELLOS,AUTOMOVIL,1,0,0,0,0,0,0,0,0,0,0,0,0,1,73,HOMBRE,LESIONADO,PEATON,NO,NO,1
33265,141698,141699,2023,1,0,-0.250026,-78.508357,PICHINCHA,QUITO,QUITO,URBANA,2023-02-14,18:40:00,18,MARTES,2,FEBRERO,2,NO,PEATON QUE CRUZA LA CALZADA SIN RESPETAR LA SENIALIZACION EXISTENTE (SEMAFOROS O SENIALES MANUALES).,ATROPELLOS,CAMIONETA,1,0,0,0,1,0,0,0,0,0,0,0,0,2,28,HOMBRE,LESIONADO,PEATON,NO,NO,1
33266,141701,141702,2023,0,1,-0.125707,-78.500383,PICHINCHA,QUITO,QUITO,URBANA,2023-02-14,19:52:00,19,MARTES,2,FEBRERO,2,NO,NO CEDER EL DERECHO DE VIA O PREFERENCIA DE PASO A VEHICULOS.,CHOQUE LATERAL,MOTOCICLETA,1,0,0,0,0,0,0,0,1,0,0,0,0,2,43,HOMBRE,FALLECIDO,CONDUCTOR PRESENTE,NO,NO,1
33267,141703,141704,2023,1,0,-0.092291,-78.433827,PICHINCHA,QUITO,CALDERON (CARAPUNGO),RURAL,2023-02-14,20:30:00,20,MARTES,2,FEBRERO,2,NO,PEATON QUE CRUZA LA CALZADA SIN RESPETAR LA SENIALIZACION EXISTENTE (SEMAFOROS O SENIALES MANUALES).,ATROPELLOS,FURGONETA,0,0,0,0,0,0,0,1,0,0,0,0,0,1,76,HOMBRE,LESIONADO,PEATON,NO,NO,3
33268,141705,141706,2023,0,0,-0.190487,-78.495759,PICHINCHA,QUITO,QUITO,URBANA,2023-02-14,22:00:00,22,MARTES,2,FEBRERO,2,NO,"CONDUCE BAJO LA INFLUENCIA DE ALCOHOL, SUSTANCIAS ESTUPEFACIENTES O PSICOTROPICAS Y/O MEDICAMENTOS.",CHOQUE LATERAL,BUS,1,0,1,0,0,0,0,0,0,0,0,0,0,2,38,HOMBRE,ILESO,CONDUCTOR PRESENTE,NO,NO,1
33269,141715,141716,2023,0,0,-0.210361,-78.373645,PICHINCHA,QUITO,TUMBACO,RURAL,2023-02-15,03:55:00,3,MIERCOLES,3,FEBRERO,2,NO,CONDUCIR VEHICULO SUPERANDO LOS LIMITES MAXIMOS DE VELOCIDAD.,ESTRELLAMIENTOS,CAMION,0,0,0,1,0,0,0,0,0,0,0,0,0,1,29,MUJER,ILESO,CONDUCTOR PRESENTE,NO,NO,3
33270,141717,141718,2023,0,0,-0.125631,-78.471673,PICHINCHA,QUITO,QUITO,URBANA,2023-02-15,05:20:00,5,MIERCOLES,3,FEBRERO,2,NO,CONDUCIR VEHICULO SUPERANDO LOS LIMITES MAXIMOS DE VELOCIDAD.,ESTRELLAMIENTOS,AUTOMOVIL,1,0,0,0,0,0,0,0,0,0,0,0,0,1,43,HOMBRE,ILESO,CONDUCTOR PRESENTE,NO,NO,1
33271,141729,141730,2023,3,0,-0.182283,-78.478046,PICHINCHA,QUITO,QUITO,URBANA,2023-02-15,11:00:00,11,MIERCOLES,3,FEBRERO,2,NO,NO TRANSITAR POR LAS ACERAS O ZONAS DE SEGURIDAD DESTINADAS PARA EL EFECTO.,ATROPELLOS,AUTOMOVIL,1,0,0,0,0,0,0,0,0,0,0,0,0,1,41,MUJER,LESIONADO,CONDUCTOR PRESENTE,NO,NO,1
33272,141731,141732,2023,1,0,-0.251927,-78.531571,PICHINCHA,QUITO,QUITO,URBANA,2023-02-15,13:13:00,13,MIERCOLES,3,FEBRERO,2,NO,NO CEDER EL DERECHO DE VIA O PREFERENCIA DE PASO AL PEATON.,ATROPELLOS,NO IDENTIFICADO,0,0,0,0,0,0,0,0,0,1,0,0,0,1,16,MUJER,LESIONADO,PEATON,NO,NO,1
33273,141734,141735,2023,1,0,-0.236004,-78.472902,PICHINCHA,QUITO,QUITO,RURAL,2023-02-15,14:10:00,14,MIERCOLES,3,FEBRERO,2,NO,CONDUCIR VEHICULO SUPERANDO LOS LIMITES MAXIMOS DE VELOCIDAD.,PERDIDA DE CARRIL,AUTOMOVIL,1,0,0,0,0,0,0,0,0,0,0,0,0,1,56,MUJER,LESIONADO,PASAJERO,NO,NO,3
33274,141735,141736,2023,1,0,-0.277208,-78.556861,PICHINCHA,QUITO,QUITO,URBANA,2023-02-15,14:30:00,14,MIERCOLES,3,FEBRERO,2,NO,"NO RESPETAR LAS SENIALES REGLAMENTARIAS DE TRANSITO. (PARE, CEDA EL PASO, LUZ ROJA DEL SEMAFORO, ETC).",CHOQUE LATERAL,BICICLETA,1,1,0,0,0,0,0,0,0,0,0,0,0,2,39,HOMBRE,LESIONADO,CONDUCTOR PRESENTE,SI,NO,1
33275,141740,141741,2023,1,0,-0.194521,-78.500031,PICHINCHA,QUITO,QUITO,URBANA,2023-02-15,18:30:00,18,MIERCOLES,3,FEBRERO,2,NO,NO CEDER EL DERECHO DE VIA O PREFERENCIA DE PASO A VEHICULOS.,CHOQUE LATERAL,FURGONETA,1,0,0,0,0,0,0,1,0,0,0,0,0,2,6,HOMBRE,LESIONADO,PASAJERO,NO,NO,1
33276,141741,141742,2023,1,0,-0.253521,-78.504268,PICHINCHA,QUITO,QUITO,URBANA,2023-02-15,18:36:00,18,MIERCOLES,3,FEBRERO,2,NO,NO CEDER EL DERECHO DE VIA O PREFERENCIA DE PASO AL PEATON.,ARROLLAMIENTOS,NO IDENTIFICADO,0,0,0,0,0,0,0,0,0,1,0,0,0,1,45,HOMBRE,LESIONADO,PEATON,NO,NO,1
33277,141745,141746,2023,1,0,-0.214546,-78.516641,PICHINCHA,QUITO,QUITO,URBANA,2023-02-15,19:40:00,19,MIERCOLES,3,FEBRERO,2,NO,CONDUCIR VEHICULO SUPERANDO LOS LIMITES MAXIMOS DE VELOCIDAD.,OTROS,BUS,0,0,2,0,0,0,0,0,1,0,0,0,0,3,32,HOMBRE,LESIONADO,CONDUCTOR PRESENTE,NO,NO,1
33278,141758,141759,2023,0,0,-0.232726,-78.503846,PICHINCHA,QUITO,QUITO,URBANA,2023-02-16,05:50:00,5,JUEVES,4,FEBRERO,2,NO,"NO RESPETAR LAS SENIALES REGLAMENTARIAS DE TRANSITO. (PARE, CEDA EL PASO, LUZ ROJA DEL SEMAFORO, ETC).",OTROS,AUTOMOVIL,1,0,0,0,0,0,0,0,0,0,0,0,0,1,-1,NO IDENTIFICADO,NO IDENTIFICADO,CONDUCTOR AUSENTE,NO,NO,2