,Unnamed: 0,ID,ANIO,LESIONADOS,FALLECIDOS,LATITUD_Y,LONGITUD_X,PROVINCIA,CANTON,PARROQUIA,ZONA,FECHA,HORA,PERIODO_2,DIA_1,DIA_2,MES_1,MES_2,FERIADO,CAUSA_PROBABLE,TIPO_DE_SINIESTRO,TIPO_DE_VEHICULO_1,AUTOMOVIL,BICICLETA,BUS,CAMION,CAMIONETA,EMERGENCIAS,ESPECIAL,FURGONETA,MOTOCICLETA,NO_IDENTIFICADO,SCOOTER_ELECTRICO,TRICIMOTO,VEHICULO_DEPORTIVO_UTILITARIO,SUMA_DE_VEHICULOS,EDAD_1,SEXO_1,CONDICION_1,PARTICIPANTE_1,CASCO_1,CINTURON_1,KMeans_Cluster
33279,141764,141765,2023,0,0,-0.218665,-78.434241,PICHINCHA,QUITO,CUMBAYA,RURAL,2023-02-16,09:00:00,9,JUEVES,4,FEBRERO,2,NO,CONDUCIR VEHICULO SUPERANDO LOS LIMITES MAXIMOS DE VELOCIDAD.,CHOQUE LATERAL,AUTOMOVIL,2,0,0,0,0,0,0,0,0,0,0,0,0,2,29,MUJER,ILESO,CONDUCTOR PRESENTE,NO,NO,3
33280,141765,141766,2023,1,0,-0.208192,-78.499952,PICHINCHA,QUITO,QUITO,URBANA,2023-02-16,09:30:00,9,JUEVES,4,FEBRERO,2,NO,NO TRANSITAR POR LAS ACERAS O ZONAS DE SEGURIDAD DESTINADAS PARA EL EFECTO.,ATROPELLOS,MOTOCICLETA,0,0,0,0,0,0,0,0,1,0,0,0,0,1,65,HOMBRE,LESIONADO,PEATON,NO,NO,1
33281,141773,141774,2023,0,0,-0.194603,-78.509574,PICHINCHA,QUITO,QUITO,URBANA,2023-02-16,12:45:00,12,JUEVES,4,FEBRERO,2,NO,CONDUCIR VEHICULO SUPERANDO LOS LIMITES MAXIMOS DE VELOCIDAD.,ESTRELLAMIENTOS,AUTOMOVIL,1,0,0,0,0,0,0,0,0,0,0,0,0,1,-1,NO IDENTIFICADO,NO IDENTIFICADO,CONDUCTOR AUSENTE,NO,NO,2
33282,141777,141778,2023,0,0,-0.138078,-78.479937,PICHINCHA,QUITO,QUITO,URBANA,2023-02-16,13:30:00,13,JUEVES,4,FEBRERO,2,NO,NO MANTENER LA DISTANCIA PRUDENCIAL CON RESPECTO AL VEHICULO QUE LE ANTECEDE.,CHOQUE POSTERIOR,AUTOMOVIL,2,0,0,0,0,0,0,0,0,0,0,0,0,2,36,HOMBRE,ILESO,CONDUCTOR PRESENTE,NO,NO,1
33283,141780,141781,2023,2,0,-0.250782,-78.503385,PICHINCHA,QUITO,QUITO,URBANA,2023-02-16,14:25:00,14,JUEVES,4,FEBRERO,2,NO,CONDUCIR VEHICULO SUPERANDO LOS LIMITES MAXIMOS DE VELOCIDAD.,ESTRELLAMIENTOS,AUTOMOVIL,1,0,0,0,0,0,0,0,0,0,0,0,0,1,18,MUJER,LESIONADO,PASAJERO,NO,NO,1
33284,141782,141783,2023,0,0,-0.206549,-78.494422,PICHINCHA,QUITO,QUITO,URBANA,2023-02-16,15:15:00,15,JUEVES,4,FEBRERO,2,NO,NO CEDER EL DERECHO DE VIA O PREFERENCIA DE PASO A VEHICULOS.,CHOQUE LATERAL,CAMIONETA,1,0,0,0,1,0,0,0,0,0,0,0,0,2,48,HOMBRE,ILESO,CONDUCTOR PRESENTE,NO,NO,1
33285,141783,141784,2023,1,0,-0.242722,-78.521712,PICHINCHA,QUITO,QUITO,URBANA,2023-02-16,15:20:00,15,JUEVES,4,FEBRERO,2,NO,"NO RESPETAR LAS SENIALES REGLAMENTARIAS DE TRANSITO. (PARE, CEDA EL PASO, LUZ ROJA DEL SEMAFORO, ETC).",CHOQUE LATERAL,MOTOCICLETA,1,0,0,0,0,0,0,0,1,0,0,0,0,2,27,HOMBRE,LESIONADO,CONDUCTOR PRESENTE,NO,NO,1
33286,141784,141785,2023,0,0,-0.441333,-78.712251,PICHINCHA,MEJIA,ALOAG,RURAL,2023-02-16,15:30:00,15,JUEVES,4,FEBRERO,2,NO,"CONDUCIR DESATENTO A LAS CONDICIONES DE TRANSITO (CELULAR, PANTALLAS DE VIDEO, COMIDA, MAQUILLAJE O CUALQUIER OTRO ELEMENTO DISTRACTOR).",PERDIDA DE CARRIL,CAMIONETA,1,0,0,0,1,0,0,0,0,0,0,0,0,2,36,HOMBRE,ILESO,CONDUCTOR PRESENTE,NO,NO,3
33287,141785,141786,2023,0,0,-0.313015,-78.547945,PICHINCHA,QUITO,QUITO,URBANA,2023-02-16,15:58:00,15,JUEVES,4,FEBRERO,2,NO,NO CEDER EL DERECHO DE VIA O PREFERENCIA DE PASO A VEHICULOS.,CHOQUE LATERAL,BUS,1,0,1,0,0,0,0,0,0,0,0,0,0,2,54,HOMBRE,ILESO,CONDUCTOR PRESENTE,NO,NO,1
33288,141788,141789,2023,1,0,-0.215786,-78.489163,PICHINCHA,QUITO,QUITO,URBANA,2023-02-16,16:26:00,16,JUEVES,4,FEBRERO,2,NO,"CONDUCIR DESATENTO A LAS CONDICIONES DE TRANSITO (CELULAR, PANTALLAS DE VIDEO, COMIDA, MAQUILLAJE O CUALQUIER OTRO ELEMENTO DISTRACTOR).",OTROS,BUS,1,1,1,0,0,0,0,0,0,0,0,0,0,3,23,MUJER,LESIONADO,CONDUCTOR PRESENTE,NO,NO,1
33289,141795,141796,2023,0,0,-0.289506,-78.557425,PICHINCHA,QUITO,QUITO,URBANA,2023-02-16,18:00:00,18,JUEVES,4,FEBRERO,2,NO,NO CEDER EL DERECHO DE VIA O PREFERENCIA DE PASO A VEHICULOS.,CHOQUE LATERAL,AUTOMOVIL,2,0,0,0,0,0,0,0,0,0,0,0,0,2,30,HOMBRE,ILESO,CONDUCTOR PRESENTE,NO,NO,1
33290,141803,141804,2023,2,0,-0.335976,-78.480528,PICHINCHA,QUITO,AMAGUANIA,RURAL,2023-02-16,20:15:00,20,JUEVES,4,FEBRERO,2,NO,NO MANTENER LA DISTANCIA PRUDENCIAL CON RESPECTO AL VEHICULO QUE LE ANTECEDE.,CHOQUE POSTERIOR,MOTOCICLETA,0,0,0,0,0,0,0,0,1,1,0,0,0,2,22,HOMBRE,LESIONADO,CONDUCTOR PRESENTE,NO,NO,3
33291,141806,141807,2023,0,0,-0.337186,-78.485177,PICHINCHA,QUITO,AMAGUANIA,RURAL,2023-02-16,21:30:00,21,JUEVES,4,FEBRERO,2,NO,"CONDUCE BAJO LA INFLUENCIA DE ALCOHOL, SUSTANCIAS ESTUPEFACIENTES O PSICOTROPICAS Y/O MEDICAMENTOS.",CHOQUE FRONTAL,AUTOMOVIL,2,0,0,0,0,0,0,0,0,0,0,0,0,2,22,HOMBRE,ILESO,CONDUCTOR PRESENTE,NO,NO,3
33292,141807,141808,2023,1,0,-0.129111,-78.498136,PICHINCHA,QUITO,QUITO,URBANA,2023-02-16,21:40:00,21,JUEVES,4,FEBRERO,2,NO,"NO RESPETAR LAS SENIALES REGLAMENTARIAS DE TRANSITO. (PARE, CEDA EL PASO, LUZ ROJA DEL SEMAFORO, ETC).",CHOQUE LATERAL,MOTOCICLETA,1,0,0,0,0,0,0,0,1,0,0,0,0,2,22,HOMBRE,LESIONADO,CONDUCTOR PRESENTE,NO,NO,1
33293,141811,141812,2023,0,0,-0.193723,-78.459379,PICHINCHA,QUITO,QUITO,URBANA,2023-02-16,23:40:00,23,JUEVES,4,FEBRERO,2,NO,CONDUCIR VEHICULO SUPERANDO LOS LIMITES MAXIMOS DE VELOCIDAD.,ESTRELLAMIENTOS,CAMIONETA,0,0,0,0,1,0,0,0,0,0,0,0,0,1,58,HOMBRE,ILESO,CONDUCTOR PRESENTE,NO,NO,1
33294,141813,141814,2023,0,0,-0.286691,-78.556123,PICHINCHA,QUITO,QUITO,URBANA,2023-02-17,01:30:00,1,VIERNES,5,FEBRERO,2,NO,"CONDUCIR EN ESTADO DE SOMNOLENCIA O MALAS CONDICIONES FISICAS (SUENIO, CANSANCIO Y FATIGA).",ESTRELLAMIENTOS,AUTOMOVIL,1,0,0,0,0,0,0,0,0,0,0,0,0,1,-1,NO IDENTIFICADO,NO IDENTIFICADO,CONDUCTOR AUSENTE,NO,NO,2
33295,141820,141821,2023,3,0,-0.283083,-78.494158,PICHINCHA,QUITO,CONOCOTO,RURAL,2023-02-17,05:45:00,5,VIERNES,5,FEBRERO,2,NO,REALIZAR CAMBIO BRUSCO O INDEBIDO DE CARRIL.,CHOQUE FRONTAL,AUTOMOVIL,2,0,0,0,0,0,0,0,0,0,0,0,0,2,31,HOMBRE,LESIONADO,PASAJERO,NO,NO,3
33296,141825,141826,2023,0,0,-0.358156,-78.534392,PICHINCHA,QUITO,QUITO,URBANA,2023-02-17,07:20:00,7,VIERNES,5,FEBRERO,2,NO,"PRESENCIA DE AGENTES EXTERNOS EN LA VIA (AGUA, ACEITE, PIEDRA, LASTRE, ESCOMBROS, MADEROS, ETC.).",ESTRELLAMIENTOS,MOTOCICLETA,0,0,0,0,2,0,0,0,1,0,0,0,0,3,38,HOMBRE,ILESO,PEATON,NO,NO,1
33297,141826,141827,2023,1,0,-0.206865,-78.512324,PICHINCHA,QUITO,QUITO,URBANA,2023-02-17,07:40:00,7,VIERNES,5,FEBRERO,2,NO,NO CEDER EL DERECHO DE VIA O PREFERENCIA DE PASO A VEHICULOS.,CHOQUE LATERAL,MOTOCICLETA,1,0,0,0,0,0,0,0,1,0,0,0,0,2,27,HOMBRE,LESIONADO,CONDUCTOR PRESENTE,NO,NO,1
33298,141827,141828,2023,1,0,-0.221134,-78.520661,PICHINCHA,QUITO,QUITO,URBANA,2023-02-17,07:49:00,7,VIERNES,5,FEBRERO,2,NO,PEATON QUE CRUZA LA CALZADA SIN RESPETAR LA SENIALIZACION EXISTENTE (SEMAFOROS O SENIALES MANUALES).,ATROPELLOS,AUTOMOVIL,1,0,0,0,0,0,0,0,0,0,0,0,0,1,23,HOMBRE,LESIONADO,PEATON,NO,NO,1
33299,141831,141832,2023,1,0,-0.288631,-78.540151,PICHINCHA,QUITO,QUITO,URBANA,2023-02-17,09:00:00,9,VIERNES,5,FEBRERO,2,NO,CONDUCIR VEHICULO SUPERANDO LOS LIMITES MAXIMOS DE VELOCIDAD.,PERDIDA DE CARRIL,MOTOCICLETA,0,0,0,0,0,0,0,0,1,0,0,0,0,1,25,HOMBRE,LESIONADO,CONDUCTOR PRESENTE,NO,NO,1
33300,141833,141834,2023,0,0,-0.301037,-78.521372,PICHINCHA,QUITO,QUITO,URBANA,2023-02-17,09:50:00,9,VIERNES,5,FEBRERO,2,NO,"NO RESPETAR LAS SENIALES REGLAMENTARIAS DE TRANSITO. (PARE, CEDA EL PASO, LUZ ROJA DEL SEMAFORO, ETC).",CHOQUE LATERAL,BUS,1,0,1,0,0,0,0,0,0,0,0,0,0,2,23,HOMBRE,ILESO,CONDUCTOR PRESENTE,NO,NO,1
33301,141839,141840,2023,1,0,-0.240834,-78.531704,PICHINCHA,QUITO,QUITO,URBANA,2023-02-17,11:25:00,11,VIERNES,5,FEBRERO,2,NO,NO TRANSITAR POR LAS ACERAS O ZONAS DE SEGURIDAD DESTINADAS PARA EL EFECTO.,ATROPELLOS,BUS,0,0,1,0,0,0,0,0,0,0,0,0,0,1,82,MUJER,LESIONADO,PEATON,NO,NO,1
33302,141840,141841,2023,0,0,-0.206478,-78.494372,PICHINCHA,QUITO,QUITO,URBANA,2023-02-17,11:55:00,11,VIERNES,5,FEBRERO,2,NO,"NO RESPETAR LAS SENIALES REGLAMENTARIAS DE TRANSITO. (PARE, CEDA EL PASO, LUZ ROJA DEL SEMAFORO, ETC).",ESTRELLAMIENTOS,AUTOMOVIL,4,0,0,0,0,0,0,0,0,0,0,0,0,4,25,HOMBRE,ILESO,CONDUCTOR PRESENTE,NO,NO,1
33303,141841,141842,2023,1,0,-0.320558,-78.553928,PICHINCHA,QUITO,QUITO,URBANA,2023-02-17,12:20:00,12,VIERNES,5,FEBRERO,2,SI,NO CEDER EL DERECHO DE VIA O PREFERENCIA DE PASO A VEHICULOS.,CHOQUE LATERAL,MOTOCICLETA,0,0,0,0,0,0,0,1,1,0,0,0,0,2,29,HOMBRE,LESIONADO,CONDUCTOR PRESENTE,NO,NO,1
33304,141846,141847,2023,0,0,-0.190458,-78.495826,PICHINCHA,QUITO,QUITO,URBANA,2023-02-17,14:45:00,14,VIERNES,5,FEBRERO,2,SI,NO MANTENER LA DISTANCIA PRUDENCIAL CON RESPECTO AL VEHICULO QUE LE ANTECEDE.,COLISION,AUTOMOVIL,3,0,0,0,0,0,0,0,0,0,0,0,0,3,50,HOMBRE,ILESO,CONDUCTOR PRESENTE,NO,NO,1
33305,141848,141849,2023,0,0,-0.109008,-78.493196,PICHINCHA,QUITO,QUITO,URBANA,2023-02-17,15:00:00,15,VIERNES,5,FEBRERO,2,SI,"NO RESPETAR LAS SENIALES REGLAMENTARIAS DE TRANSITO. (PARE, CEDA EL PASO, LUZ ROJA DEL SEMAFORO, ETC).",CHOQUE LATERAL,MOTOCICLETA,1,0,0,0,0,0,0,0,1,0,0,0,0,2,57,HOMBRE,ILESO,CONDUCTOR PRESENTE,NO,NO,1
33306,141860,141861,2023,1,0,-0.196105,-78.442464,PICHINCHA,QUITO,CUMBAYA,RURAL,2023-02-17,18:15:00,18,VIERNES,5,FEBRERO,2,SI,REALIZAR CAMBIO BRUSCO O INDEBIDO DE CARRIL.,CHOQUE LATERAL,MOTOCICLETA,0,0,0,0,0,0,0,0,1,1,0,0,0,2,26,HOMBRE,LESIONADO,CONDUCTOR PRESENTE,NO,NO,3
33307,141866,141867,2023,0,0,-0.066996,-78.467116,PICHINCHA,QUITO,POMASQUI,RURAL,2023-02-17,19:30:00,19,VIERNES,5,FEBRERO,2,SI,"NO RESPETAR LAS SENIALES REGLAMENTARIAS DE TRANSITO. (PARE, CEDA EL PASO, LUZ ROJA DEL SEMAFORO, ETC).",CHOQUE LATERAL,MOTOCICLETA,1,0,0,0,0,0,0,0,1,0,0,0,0,2,54,HOMBRE,ILESO,CONDUCTOR PRESENTE,NO,SI,3
33308,141868,141869,2023,0,0,-0.229377,-78.500771,PICHINCHA,QUITO,QUITO,URBANA,2023-02-17,19:50:00,19,VIERNES,5,FEBRERO,2,SI,CONDUCIR VEHICULO SUPERANDO LOS LIMITES MAXIMOS DE VELOCIDAD.,ESTRELLAMIENTOS,AUTOMOVIL,1,0,0,0,0,0,0,0,0,0,0,0,0,1,-1,NO IDENTIFICADO,NO IDENTIFICADO,CONDUCTOR AUSENTE,NO,NO,2
33309,141877,141878,2023,1,0,-0.329224,-78.550448,PICHINCHA,QUITO,QUITO,URBANA,2023-02-17,22:00:00,22,VIERNES,5,FEBRERO,2,SI,NO CEDER EL DERECHO DE VIA O PREFERENCIA DE PASO AL PEATON.,ATROPELLOS,NO IDENTIFICADO,0,0,0,0,0,0,0,0,0,1,0,0,0,1,44,HOMBRE,LESIONADO,PEATON,NO,NO,1
33310,141887,141888,2023,0,0,-0.215414,-78.456751,PICHINCHA,QUITO,CUMBAYA,RURAL,2023-02-17,23:00:00,23,VIERNES,5,FEBRERO,2,SI,CONDUCIR VEHICULO SUPERANDO LOS LIMITES MAXIMOS DE VELOCIDAD.,ESTRELLAMIENTOS,CAMION,0,0,0,1,0,0,0,0,0,0,0,0,0,1,36,HOMBRE,ILESO,CONDUCTOR PRESENTE,NO,NO,3
33311,141892,141893,2023,0,0,-0.152232,-78.489749,PICHINCHA,QUITO,QUITO,URBANA,2023-02-18,00:20:00,0,SABADO,6,FEBRERO,2,SI,"CONDUCE BAJO LA INFLUENCIA DE ALCOHOL, SUSTANCIAS ESTUPEFACIENTES O PSICOTROPICAS Y/O MEDICAMENTOS.",CHOQUE POSTERIOR,AUTOMOVIL,2,0,0,0,0,0,0,0,0,0,0,0,0,2,29,HOMBRE,ILESO,CONDUCTOR PRESENTE,NO,NO,1
33312,141898,141899,2023,0,0,-0.322546,-78.520436,PICHINCHA,QUITO,QUITO,URBANA,2023-02-18,01:15:00,1,SABADO,6,FEBRERO,2,SI,NO MANTENER LA DISTANCIA PRUDENCIAL CON RESPECTO AL VEHICULO QUE LE ANTECEDE.,OTROS,AUTOMOVIL,3,0,0,0,0,0,0,0,0,0,0,0,0,3,44,HOMBRE,ILESO,CONDUCTOR PRESENTE,NO,NO,1
33313,141899,141900,2023,0,0,-0.170227,-78.479903,PICHINCHA,QUITO,QUITO,URBANA,2023-02-18,01:30:00,1,SABADO,6,FEBRERO,2,SI,"NO RESPETAR LAS SENIALES REGLAMENTARIAS DE TRANSITO. (PARE, CEDA EL PASO, LUZ ROJA DEL SEMAFORO, ETC).",CHOQUE LATERAL,AUTOMOVIL,2,0,0,0,0,0,0,0,0,0,0,0,0,2,53,HOMBRE,ILESO,CONDUCTOR PRESENTE,NO,NO,1
33314,141907,141908,2023,0,0,-0.460001,-78.597222,PICHINCHA,MEJIA,ALOAG,RURAL,2023-02-18,03:50:00,3,SABADO,6,FEBRERO,2,SI,"CONDUCIR DESATENTO A LAS CONDICIONES DE TRANSITO (CELULAR, PANTALLAS DE VIDEO, COMIDA, MAQUILLAJE O CUALQUIER OTRO ELEMENTO DISTRACTOR).",PERDIDA DE CARRIL,CAMION,0,0,0,1,0,0,0,0,0,0,0,0,1,2,49,HOMBRE,ILESO,CONDUCTOR PRESENTE,NO,NO,3
33315,141908,141909,2023,0,1,-0.141701,-78.474171,PICHINCHA,QUITO,QUITO,URBANA,2023-02-18,04:00:00,4,SABADO,6,FEBRERO,2,SI,"CONDUCIR EN ESTADO DE SOMNOLENCIA O MALAS CONDICIONES FISICAS (SUENIO, CANSANCIO Y FATIGA).",PERDIDA DE CARRIL,MOTOCICLETA,0,0,0,0,0,0,0,0,1,0,0,0,0,1,41,HOMBRE,FALLECIDO,CONDUCTOR PRESENTE,NO,NO,1
33316,141916,141917,2023,1,0,-0.162866,-78.478266,PICHINCHA,QUITO,QUITO,URBANA,2023-02-18,07:20:00,7,SABADO,6,FEBRERO,2,SI,"CONDICIONES AMBIENTALES Y/O ATMOSFERICAS (NIEBLA, NEBLINA, GRANIZO, LLUVIA).",CHOQUE LATERAL,CAMIONETA,1,0,0,0,1,0,0,0,0,0,0,0,0,2,53,MUJER,LESIONADO,CONDUCTOR PRESENTE,NO,NO,1
33317,141920,141921,2023,0,0,-0.202657,-78.492477,PICHINCHA,QUITO,QUITO,URBANA,2023-02-18,08:20:00,8,SABADO,6,FEBRERO,2,SI,"NO RESPETAR LAS SENIALES REGLAMENTARIAS DE TRANSITO. (PARE, CEDA EL PASO, LUZ ROJA DEL SEMAFORO, ETC).",CHOQUE LATERAL,CAMIONETA,1,0,0,0,1,0,0,0,0,0,0,0,0,2,35,HOMBRE,ILESO,CONDUCTOR PRESENTE,NO,NO,1
33318,141929,141930,2023,1,0,-0.323661,-78.556542,PICHINCHA,QUITO,QUITO,URBANA,2023-02-18,12:00:00,12,SABADO,6,FEBRERO,2,SI,"NO RESPETAR LAS SENIALES REGLAMENTARIAS DE TRANSITO. (PARE, CEDA EL PASO, LUZ ROJA DEL SEMAFORO, ETC).",OTROS,NO IDENTIFICADO,0,0,0,0,0,0,0,0,0,1,0,0,0,1,47,HOMBRE,LESIONADO,PEATON,NO,NO,1
33319,141933,141934,2023,0,0,-0.064684,-78.288298,PICHINCHA,CAYAMBE,ASCAZUBI,RURAL,2023-02-18,12:45:00,12,SABADO,6,FEBRERO,2,SI,REALIZAR CAMBIO BRUSCO O INDEBIDO DE CARRIL.,CHOQUE LATERAL,CAMION,0,0,0,1,1,0,0,0,0,0,0,0,0,2,31,HOMBRE,ILESO,CONDUCTOR PRESENTE,NO,SI,3
33320,141945,141946,2023,0,0,-0.208948,-78.500366,PICHINCHA,QUITO,QUITO,URBANA,2023-02-18,16:40:00,16,SABADO,6,FEBRERO,2,SI,"CONDUCE BAJO LA INFLUENCIA DE ALCOHOL, SUSTANCIAS ESTUPEFACIENTES O PSICOTROPICAS Y/O MEDICAMENTOS.",ESTRELLAMIENTOS,MOTOCICLETA,2,0,0,0,0,0,0,0,1,0,0,0,0,3,28,HOMBRE,ILESO,CONDUCTOR PRESENTE,NO,NO,1
33321,141946,141947,2023,2,0,-0.429487,-78.552303,PICHINCHA,MEJIA,TAMBILLO (MEJIA),RURAL,2023-02-18,16:45:00,16,SABADO,6,FEBRERO,2,SI,"CONDUCIR DESATENTO A LAS CONDICIONES DE TRANSITO (CELULAR, PANTALLAS DE VIDEO, COMIDA, MAQUILLAJE O CUALQUIER OTRO ELEMENTO DISTRACTOR).",CHOQUE POSTERIOR,VEHICULO DEPORTIVO UTILITARIO,2,0,0,0,0,0,0,0,0,0,0,0,1,3,56,HOMBRE,LESIONADO,PASAJERO,NO,SI,3
33322,141948,141949,2023,2,0,-0.115995,-78.436704,PICHINCHA,QUITO,CALDERON (CARAPUNGO),RURAL,2023-02-18,16:50:00,16,SABADO,6,FEBRERO,2,SI,CONDUCIR VEHICULO SUPERANDO LOS LIMITES MAXIMOS DE VELOCIDAD.,CHOQUE LATERAL,MOTOCICLETA,1,0,0,0,0,0,0,0,1,0,0,0,0,2,40,HOMBRE,LESIONADO,CONDUCTOR PRESENTE,NO,NO,3
33323,141961,141962,2023,1,0,-0.317936,-78.545551,PICHINCHA,QUITO,QUITO,URBANA,2023-02-18,19:20:00,19,SABADO,6,FEBRERO,2,SI,NO GUARDAR LA DISTANCIA LATERAL MINIMA DE SEGURIDAD ENTRE VEHICULOS.,ROZAMIENTOS,MOTOCICLETA,1,0,0,0,0,0,0,0,1,0,0,0,0,2,30,HOMBRE,LESIONADO,CONDUCTOR PRESENTE,NO,NO,1
33324,141975,141976,2023,0,0,-0.340771,-78.569161,PICHINCHA,QUITO,QUITO,URBANA,2023-02-18,21:53:00,21,SABADO,6,FEBRERO,2,SI,NO CEDER EL DERECHO DE VIA O PREFERENCIA DE PASO AL PEATON.,ATROPELLOS,AUTOMOVIL,2,0,0,0,0,0,0,0,0,0,0,0,0,2,37,HOMBRE,ILESO,CONDUCTOR PRESENTE,NO,NO,1
33325,141978,141979,2023,2,0,-0.287503,-78.578643,PICHINCHA,QUITO,QUITO,URBANA,2023-02-18,22:15:00,22,SABADO,6,FEBRERO,2,SI,NO CEDER EL DERECHO DE VIA O PREFERENCIA DE PASO AL PEATON.,ATROPELLOS,MOTOCICLETA,0,0,0,0,0,0,0,0,1,0,0,0,0,1,24,HOMBRE,LESIONADO,PEATON,NO,NO,1
33326,141987,141988,2023,2,0,-0.202749,-78.373271,PICHINCHA,QUITO,TUMBACO,RURAL,2023-02-18,23:20:00,23,SABADO,6,FEBRERO,2,SI,"CONDUCE BAJO LA INFLUENCIA DE ALCOHOL, SUSTANCIAS ESTUPEFACIENTES O PSICOTROPICAS Y/O MEDICAMENTOS.",CHOQUE FRONTAL,MOTOCICLETA,0,0,0,0,1,0,0,0,1,0,0,0,0,2,28,HOMBRE,LESIONADO,CONDUCTOR PRESENTE,NO,NO,3
33327,141989,141990,2023,2,0,-0.346106,-78.443704,PICHINCHA,RUMINIAHUI,SANGOLQUI,RURAL,2023-02-18,23:40:00,23,SABADO,6,FEBRERO,2,SI,"CONDUCIR DESATENTO A LAS CONDICIONES DE TRANSITO (CELULAR, PANTALLAS DE VIDEO, COMIDA, MAQUILLAJE O CUALQUIER OTRO ELEMENTO DISTRACTOR).",CHOQUE LATERAL,AUTOMOVIL,1,0,0,0,0,0,0,0,0,0,0,0,0,1,25,HOMBRE,LESIONADO,PASAJERO,NO,SI,3
33328,141990,141991,2023,2,0,-0.334869,-78.465532,PICHINCHA,RUMINIAHUI,SANGOLQUI,URBANA,2023-02-19,00:30:00,0,DOMINGO,7,FEBRERO,2,SI,"CONDUCIR DESATENTO A LAS CONDICIONES DE TRANSITO (CELULAR, PANTALLAS DE VIDEO, COMIDA, MAQUILLAJE O CUALQUIER OTRO ELEMENTO DISTRACTOR).",CHOQUE LATERAL,MOTOCICLETA,1,0,0,0,0,0,0,0,1,0,0,0,0,2,47,HOMBRE,LESIONADO,CONDUCTOR PRESENTE,NO,SI,1
33329,141991,141992,2023,1,0,-0.316781,-78.557955,PICHINCHA,QUITO,QUITO,URBANA,2023-02-19,00:30:00,0,DOMINGO,7,FEBRERO,2,SI,"CASO FORTUITO O FUERZA MAYOR (EXPLOSION DE NEUMATICO NUEVO, DERRUMBE, INUNDACION, CAIDA DE PUENTE, ARBOL, PRESENCIA INTEMPESTIVA E IMPREVISTA DE SEMOVIENTES EN LA VIA, ETC.).",OTROS,MOTOCICLETA,0,0,0,0,0,0,0,0,1,0,0,0,0,1,17,MUJER,LESIONADO,PASAJERO,NO,NO,1
33330,142002,142003,2023,0,0,-0.148341,-78.475406,PICHINCHA,QUITO,QUITO,URBANA,2023-02-19,02:40:00,2,DOMINGO,7,FEBRERO,2,SI,"CONDUCIR EN ESTADO DE SOMNOLENCIA O MALAS CONDICIONES FISICAS (SUENIO, CANSANCIO Y FATIGA).",ESTRELLAMIENTOS,AUTOMOVIL,1,0,0,0,0,0,0,0,0,0,0,0,0,1,-1,NO IDENTIFICADO,NO IDENTIFICADO,CONDUCTOR AUSENTE,NO,NO,2
33331,142011,142012,2023,0,0,-0.443657,-78.689351,PICHINCHA,MEJIA,ALOAG,RURAL,2023-02-19,04:48:00,4,DOMINGO,7,FEBRERO,2,SI,"CONDUCIR DESATENTO A LAS CONDICIONES DE TRANSITO (CELULAR, PANTALLAS DE VIDEO, COMIDA, MAQUILLAJE O CUALQUIER OTRO ELEMENTO DISTRACTOR).",PERDIDA DE CARRIL,AUTOMOVIL,2,0,0,0,0,0,0,0,0,0,0,0,0,2,-1,HOMBRE,ILESO,CONDUCTOR PRESENTE,NO,NO,3
33332,142017,142018,2023,0,0,-0.068176,-78.372702,PICHINCHA,QUITO,GUAYLLABAMBA,RURAL,2023-02-19,05:30:00,5,DOMINGO,7,FEBRERO,2,SI,"CONDUCIR DESATENTO A LAS CONDICIONES DE TRANSITO (CELULAR, PANTALLAS DE VIDEO, COMIDA, MAQUILLAJE O CUALQUIER OTRO ELEMENTO DISTRACTOR).",PERDIDA DE PISTA,VEHICULO DEPORTIVO UTILITARIO,0,0,0,0,0,0,0,0,0,0,0,0,1,1,27,HOMBRE,ILESO,CONDUCTOR PRESENTE,NO,SI,3
33333,142018,142019,2023,0,2,-0.232621,-78.503724,PICHINCHA,QUITO,QUITO,URBANA,2023-02-19,05:40:00,5,DOMINGO,7,FEBRERO,2,SI,CONDUCIR VEHICULO SUPERANDO LOS LIMITES MAXIMOS DE VELOCIDAD.,ESTRELLAMIENTOS,MOTOCICLETA,0,0,0,0,0,0,0,0,1,0,0,0,0,1,30,HOMBRE,FALLECIDO,CONDUCTOR PRESENTE,NO,NO,1
33334,142019,142020,2023,0,0,-0.220541,-78.467251,PICHINCHA,QUITO,QUITO,URBANA,2023-02-19,05:45:00,5,DOMINGO,7,FEBRERO,2,SI,CONDUCIR VEHICULO SUPERANDO LOS LIMITES MAXIMOS DE VELOCIDAD.,ESTRELLAMIENTOS,AUTOMOVIL,1,0,0,0,0,0,0,0,0,0,0,0,0,1,-1,NO IDENTIFICADO,NO IDENTIFICADO,CONDUCTOR AUSENTE,NO,NO,2
33335,142030,142031,2023,0,1,-0.214188,-78.498683,PICHINCHA,QUITO,QUITO,URBANA,2023-02-19,09:30:00,9,DOMINGO,7,FEBRERO,2,SI,"CASO FORTUITO O FUERZA MAYOR (EXPLOSION DE NEUMATICO NUEVO, DERRUMBE, INUNDACION, CAIDA DE PUENTE, ARBOL, PRESENCIA INTEMPESTIVA E IMPREVISTA DE SEMOVIENTES EN LA VIA, ETC.).",OTROS,NO IDENTIFICADO,0,0,0,0,0,0,0,0,0,1,0,0,0,1,24,HOMBRE,FALLECIDO,PEATON,NO,NO,1