,Unnamed: 0,ID,ANIO,LESIONADOS,FALLECIDOS,LATITUD_Y,LONGITUD_X,PROVINCIA,CANTON,PARROQUIA,ZONA,FECHA,HORA,PERIODO_2,DIA_1,DIA_2,MES_1,MES_2,FERIADO,CAUSA_PROBABLE,TIPO_DE_SINIESTRO,TIPO_DE_VEHICULO_1,AUTOMOVIL,BICICLETA,BUS,CAMION,CAMIONETA,EMERGENCIAS,ESPECIAL,FURGONETA,MOTOCICLETA,NO_IDENTIFICADO,SCOOTER_ELECTRICO,TRICIMOTO,VEHICULO_DEPORTIVO_UTILITARIO,SUMA_DE_VEHICULOS,EDAD_1,SEXO_1,CONDICION_1,PARTICIPANTE_1,CASCO_1,CINTURON_1,KMeans_Cluster
33336,142040,142041,2023,2,0,0.021795,-78.617105,PICHINCHA,QUITO,NONO,RURAL,2023-02-19,13:45:00,13,DOMINGO,7,FEBRERO,2,SI,"NO RESPETAR LAS SENIALES REGLAMENTARIAS DE TRANSITO. (PARE, CEDA EL PASO, LUZ ROJA DEL SEMAFORO, ETC).",CHOQUE LATERAL,AUTOMOVIL,1,0,0,0,0,0,0,0,0,0,0,0,0,1,1,HOMBRE,LESIONADO,PASAJERO,NO,SI,3
33337,142057,142058,2023,1,0,-0.357053,-78.436979,PICHINCHA,RUMINIAHUI,SANGOLQUI,URBANA,2023-02-19,18:30:00,18,DOMINGO,7,FEBRERO,2,SI,NO CEDER EL DERECHO DE VIA O PREFERENCIA DE PASO AL PEATON.,ARROLLAMIENTOS,NO IDENTIFICADO,0,0,0,0,0,0,0,0,0,1,0,0,0,1,23,MUJER,LESIONADO,PEATON,NO,SI,1
33338,142059,142060,2023,0,0,-0.230444,-78.482463,PICHINCHA,QUITO,QUITO,URBANA,2023-02-19,18:30:00,18,DOMINGO,7,FEBRERO,2,SI,CONDUCIR VEHICULO SUPERANDO LOS LIMITES MAXIMOS DE VELOCIDAD.,ESTRELLAMIENTOS,AUTOMOVIL,2,0,0,0,0,0,0,0,0,0,0,0,0,2,72,HOMBRE,ILESO,CONDUCTOR PRESENTE,NO,NO,1
33339,142073,142074,2023,0,0,-0.080965,-78.444618,PICHINCHA,QUITO,CALDERON (CARAPUNGO),RURAL,2023-02-19,20:00:00,20,DOMINGO,7,FEBRERO,2,SI,"CONDUCE BAJO LA INFLUENCIA DE ALCOHOL, SUSTANCIAS ESTUPEFACIENTES O PSICOTROPICAS Y/O MEDICAMENTOS.",CHOQUE LATERAL,AUTOMOVIL,2,0,0,0,0,0,0,0,0,0,0,0,0,2,54,HOMBRE,ILESO,CONDUCTOR PRESENTE,NO,NO,3
33340,142082,142083,2023,2,0,-0.255245,-78.522884,PICHINCHA,QUITO,QUITO,URBANA,2023-02-19,20:40:00,20,DOMINGO,7,FEBRERO,2,SI,REALIZAR CAMBIO BRUSCO O INDEBIDO DE CARRIL.,CHOQUE FRONTAL,MOTOCICLETA,0,0,0,0,0,0,0,0,1,1,0,0,0,2,29,HOMBRE,LESIONADO,CONDUCTOR PRESENTE,NO,NO,1
33341,142090,142091,2023,0,0,-0.261769,-78.495669,PICHINCHA,QUITO,CONOCOTO,RURAL,2023-02-19,23:00:00,23,DOMINGO,7,FEBRERO,2,SI,CONDUCIR VEHICULO SUPERANDO LOS LIMITES MAXIMOS DE VELOCIDAD.,ESTRELLAMIENTOS,AUTOMOVIL,1,0,0,0,0,0,0,0,0,0,0,0,0,1,-1,NO IDENTIFICADO,NO IDENTIFICADO,CONDUCTOR AUSENTE,NO,NO,2
33342,142117,142118,2023,3,0,-0.503324,-78.572952,PICHINCHA,MEJIA,MACHACHI,RURAL,2023-02-20,06:15:00,6,LUNES,1,FEBRERO,2,SI,"CONDUCIR DESATENTO A LAS CONDICIONES DE TRANSITO (CELULAR, PANTALLAS DE VIDEO, COMIDA, MAQUILLAJE O CUALQUIER OTRO ELEMENTO DISTRACTOR).",ESTRELLAMIENTOS,CAMION,0,0,0,1,0,0,0,0,0,0,0,0,0,1,8,HOMBRE,LESIONADO,PASAJERO,NO,SI,3
33343,142120,142121,2023,1,0,-0.190435,-78.481689,PICHINCHA,QUITO,QUITO,URBANA,2023-02-20,07:30:00,7,LUNES,1,FEBRERO,2,SI,NO CEDER EL DERECHO DE VIA O PREFERENCIA DE PASO AL PEATON.,ATROPELLOS,AUTOMOVIL,1,0,0,0,0,0,0,0,0,0,0,0,0,1,56,HOMBRE,LESIONADO,PEATON,NO,NO,1
33344,142121,142122,2023,1,1,-0.283008,-78.494165,PICHINCHA,QUITO,CONOCOTO,RURAL,2023-02-20,07:30:00,7,LUNES,1,FEBRERO,2,SI,"PEATON TRANSITA BAJO INFLUENCIA DE ALCOHOL, SUSTANCIAS ESTUPEFACIENTES O PSICOTROPICAS Y/O MEDICAMENTOS.",ATROPELLOS,MOTOCICLETA,0,0,0,0,0,0,0,0,1,0,0,0,0,1,47,HOMBRE,FALLECIDO,PEATON,NO,NO,3
33345,142122,142123,2023,1,0,-0.229908,-78.523095,PICHINCHA,QUITO,QUITO,URBANA,2023-02-20,07:45:00,7,LUNES,1,FEBRERO,2,SI,CONDUCIR VEHICULO SUPERANDO LOS LIMITES MAXIMOS DE VELOCIDAD.,PERDIDA DE CARRIL,MOTOCICLETA,0,0,0,0,0,0,0,0,1,0,0,0,0,1,29,HOMBRE,LESIONADO,CONDUCTOR PRESENTE,NO,NO,1
33346,142125,142126,2023,0,0,-0.211691,-78.429051,PICHINCHA,QUITO,CUMBAYA,RURAL,2023-02-20,09:30:00,9,LUNES,1,FEBRERO,2,SI,"NO RESPETAR LAS SENIALES REGLAMENTARIAS DE TRANSITO. (PARE, CEDA EL PASO, LUZ ROJA DEL SEMAFORO, ETC).",CHOQUE FRONTAL,CAMIONETA,1,0,0,0,1,0,0,0,0,0,0,0,0,2,26,HOMBRE,ILESO,CONDUCTOR PRESENTE,NO,NO,3
33347,142131,142132,2023,1,0,-0.250417,-78.537592,PICHINCHA,QUITO,QUITO,URBANA,2023-02-20,12:23:00,12,LUNES,1,FEBRERO,2,SI,NO CEDER EL DERECHO DE VIA O PREFERENCIA DE PASO AL PEATON.,ATROPELLOS,AUTOMOVIL,1,0,0,0,0,0,0,0,0,0,0,0,0,1,39,MUJER,LESIONADO,PEATON,NO,NO,1
33348,142132,142133,2023,1,0,-0.341293,-78.447441,PICHINCHA,RUMINIAHUI,SANGOLQUI,URBANA,2023-02-20,12:30:00,12,LUNES,1,FEBRERO,2,SI,"CONDUCIR DESATENTO A LAS CONDICIONES DE TRANSITO (CELULAR, PANTALLAS DE VIDEO, COMIDA, MAQUILLAJE O CUALQUIER OTRO ELEMENTO DISTRACTOR).",CHOQUE FRONTAL,MOTOCICLETA,0,0,0,0,0,0,0,0,1,0,0,0,1,2,39,HOMBRE,LESIONADO,CONDUCTOR PRESENTE,NO,SI,1
33349,142133,142134,2023,0,0,-0.280361,-78.556691,PICHINCHA,QUITO,QUITO,URBANA,2023-02-20,12:45:00,12,LUNES,1,FEBRERO,2,SI,CONDUCIR VEHICULO SUPERANDO LOS LIMITES MAXIMOS DE VELOCIDAD.,CHOQUE LATERAL,AUTOMOVIL,2,0,0,0,0,0,0,0,0,0,0,0,0,2,39,HOMBRE,ILESO,CONDUCTOR PRESENTE,NO,NO,1
33350,142142,142143,2023,0,0,0.051428,-78.680437,PICHINCHA,QUITO,NANEGALITO,RURAL,2023-02-20,14:45:00,14,LUNES,1,FEBRERO,2,SI,"PRESENCIA DE AGENTES EXTERNOS EN LA VIA (AGUA, ACEITE, PIEDRA, LASTRE, ESCOMBROS, MADEROS, ETC.).",CHOQUE FRONTAL,FURGONETA,0,0,0,0,0,0,0,1,0,0,0,0,0,1,53,HOMBRE,ILESO,CONDUCTOR PRESENTE,NO,SI,3
33351,142147,142148,2023,1,0,-0.213419,-78.509948,PICHINCHA,QUITO,QUITO,URBANA,2023-02-20,17:40:00,17,LUNES,1,FEBRERO,2,SI,CONDUCIR VEHICULO SUPERANDO LOS LIMITES MAXIMOS DE VELOCIDAD.,OTROS,MOTOCICLETA,0,0,0,0,0,0,0,0,1,1,0,0,0,2,28,HOMBRE,LESIONADO,CONDUCTOR PRESENTE,NO,NO,1
33352,142159,142160,2023,1,0,-0.157747,-78.477165,PICHINCHA,QUITO,QUITO,URBANA,2023-02-20,19:24:00,19,LUNES,1,FEBRERO,2,SI,NO MANTENER LA DISTANCIA PRUDENCIAL CON RESPECTO AL VEHICULO QUE LE ANTECEDE.,CHOQUE POSTERIOR,MOTOCICLETA,1,0,0,0,0,0,0,0,1,0,0,0,0,2,23,HOMBRE,LESIONADO,CONDUCTOR PRESENTE,NO,NO,1
33353,142173,142174,2023,0,1,-0.130672,-78.310142,PICHINCHA,QUITO,CHECA (CHILPA),RURAL,2023-02-20,22:30:00,22,LUNES,1,FEBRERO,2,SI,"CONDICIONES AMBIENTALES Y/O ATMOSFERICAS (NIEBLA, NEBLINA, GRANIZO, LLUVIA).",CHOQUE FRONTAL,CAMION,0,0,0,1,1,0,0,0,0,0,0,0,0,2,28,HOMBRE,FALLECIDO,CONDUCTOR PRESENTE,NO,SI,3
33354,142190,142191,2023,0,0,-0.197032,-78.466866,PICHINCHA,QUITO,QUITO,URBANA,2023-02-21,07:05:00,7,MARTES,2,FEBRERO,2,SI,CONDUCIR VEHICULO SUPERANDO LOS LIMITES MAXIMOS DE VELOCIDAD.,ESTRELLAMIENTOS,AUTOMOVIL,1,0,0,0,0,0,0,0,0,0,0,0,0,1,-1,NO IDENTIFICADO,NO IDENTIFICADO,CONDUCTOR AUSENTE,NO,NO,2
33355,142197,142198,2023,0,0,-0.308631,-78.559901,PICHINCHA,QUITO,QUITO,URBANA,2023-02-21,11:45:00,11,MARTES,2,FEBRERO,2,SI,CONDUCIR VEHICULO SUPERANDO LOS LIMITES MAXIMOS DE VELOCIDAD.,ATROPELLOS,MOTOCICLETA,0,0,0,0,0,0,0,0,1,0,0,0,0,1,91,HOMBRE,ILESO,PEATON,NO,NO,1
33356,142201,142202,2023,2,0,-0.414515,-78.800534,PICHINCHA,MEJIA,MANUEL CORNEJO ASTORGA,RURAL,2023-02-21,14:30:00,14,MARTES,2,FEBRERO,2,SI,"CONDUCIR DESATENTO A LAS CONDICIONES DE TRANSITO (CELULAR, PANTALLAS DE VIDEO, COMIDA, MAQUILLAJE O CUALQUIER OTRO ELEMENTO DISTRACTOR).",ESTRELLAMIENTOS,CAMION,0,0,0,1,1,0,0,0,0,0,0,0,0,2,33,HOMBRE,LESIONADO,CONDUCTOR PRESENTE,NO,NO,3
33357,142228,142229,2023,0,1,-0.499621,-78.547631,PICHINCHA,MEJIA,MACHACHI,URBANA,2023-02-21,21:30:00,21,MARTES,2,FEBRERO,2,SI,MALAS CONDICIONES DE LA VIA Y/O CONFIGURACION. (ILUMINACION Y DISENIO).,ARROLLAMIENTOS,NO IDENTIFICADO,0,0,0,0,0,0,0,0,0,1,0,0,0,1,45,HOMBRE,FALLECIDO,PEATON,NO,SI,1
33358,142237,142238,2023,0,0,-0.093132,-78.403687,PICHINCHA,QUITO,CALDERON (CARAPUNGO),RURAL,2023-02-22,02:30:00,2,MIERCOLES,3,FEBRERO,2,NO,"CONDUCIR DESATENTO A LAS CONDICIONES DE TRANSITO (CELULAR, PANTALLAS DE VIDEO, COMIDA, MAQUILLAJE O CUALQUIER OTRO ELEMENTO DISTRACTOR).",PERDIDA DE CARRIL,AUTOMOVIL,1,0,0,0,0,0,0,0,0,0,0,0,0,1,30,MUJER,ILESO,CONDUCTOR PRESENTE,NO,SI,3
33359,142238,142239,2023,0,0,-0.215279,-78.457048,PICHINCHA,QUITO,CUMBAYA,RURAL,2023-02-22,04:50:00,4,MIERCOLES,3,FEBRERO,2,NO,"CONDICIONES AMBIENTALES Y/O ATMOSFERICAS (NIEBLA, NEBLINA, GRANIZO, LLUVIA).",ESTRELLAMIENTOS,CAMION,0,0,0,1,0,0,0,0,0,0,0,0,0,1,42,HOMBRE,ILESO,CONDUCTOR PRESENTE,NO,NO,3
33360,142240,142241,2023,0,0,-0.116774,-78.473212,PICHINCHA,QUITO,QUITO,URBANA,2023-02-22,05:00:00,5,MIERCOLES,3,FEBRERO,2,NO,CONDUCIR VEHICULO SUPERANDO LOS LIMITES MAXIMOS DE VELOCIDAD.,ESTRELLAMIENTOS,AUTOMOVIL,1,0,0,0,0,0,0,0,0,0,0,0,0,1,33,HOMBRE,ILESO,CONDUCTOR PRESENTE,NO,NO,1
33361,142242,142243,2023,0,0,-0.190859,-78.457715,PICHINCHA,QUITO,QUITO,URBANA,2023-02-22,05:55:00,5,MIERCOLES,3,FEBRERO,2,NO,"CONDICIONES AMBIENTALES Y/O ATMOSFERICAS (NIEBLA, NEBLINA, GRANIZO, LLUVIA).",CHOQUE LATERAL,CAMIONETA,1,0,0,0,1,0,0,0,0,0,0,0,0,2,41,HOMBRE,ILESO,CONDUCTOR PRESENTE,NO,NO,1
33362,142248,142249,2023,1,0,-0.168826,-78.469614,PICHINCHA,QUITO,QUITO,URBANA,2023-02-22,07:58:00,7,MIERCOLES,3,FEBRERO,2,NO,NO CEDER EL DERECHO DE VIA O PREFERENCIA DE PASO A VEHICULOS.,ATROPELLOS,MOTOCICLETA,0,0,0,0,0,0,0,0,1,0,0,0,0,1,62,MUJER,LESIONADO,PEATON,NO,NO,1
33363,142249,142250,2023,1,0,-0.199135,-78.511092,PICHINCHA,QUITO,QUITO,URBANA,2023-02-22,09:25:00,9,MIERCOLES,3,FEBRERO,2,NO,NO GUARDAR LA DISTANCIA LATERAL MINIMA DE SEGURIDAD ENTRE VEHICULOS.,ROZAMIENTOS,MOTOCICLETA,1,0,0,0,0,0,0,0,1,0,0,0,0,2,28,HOMBRE,LESIONADO,CONDUCTOR PRESENTE,NO,NO,1
33364,142253,142254,2023,2,0,-0.190897,-78.458363,PICHINCHA,QUITO,QUITO,URBANA,2023-02-22,10:30:00,10,MIERCOLES,3,FEBRERO,2,NO,"CONDICIONES AMBIENTALES Y/O ATMOSFERICAS (NIEBLA, NEBLINA, GRANIZO, LLUVIA).",CHOQUE LATERAL,AUTOMOVIL,2,0,0,0,0,0,0,0,0,0,0,0,0,2,47,HOMBRE,LESIONADO,CONDUCTOR PRESENTE,NO,NO,1
33365,142258,142259,2023,1,0,-0.268585,-78.532286,PICHINCHA,QUITO,QUITO,URBANA,2023-02-22,13:30:00,13,MIERCOLES,3,FEBRERO,2,NO,"CONDICIONES AMBIENTALES Y/O ATMOSFERICAS (NIEBLA, NEBLINA, GRANIZO, LLUVIA).",OTROS,MOTOCICLETA,1,0,0,0,0,0,0,0,1,0,0,0,0,2,32,HOMBRE,LESIONADO,CONDUCTOR PRESENTE,NO,NO,1
33366,142279,142280,2023,0,0,-0.245999,-78.501089,PICHINCHA,QUITO,QUITO,URBANA,2023-02-23,02:58:00,2,JUEVES,4,FEBRERO,2,NO,CONDUCIR VEHICULO SUPERANDO LOS LIMITES MAXIMOS DE VELOCIDAD.,PERDIDA DE CARRIL,AUTOMOVIL,1,0,0,0,0,0,0,0,0,0,0,0,0,1,51,HOMBRE,ILESO,CONDUCTOR PRESENTE,NO,NO,1
33367,142286,142287,2023,0,1,-0.285765,-78.468813,PICHINCHA,QUITO,CONOCOTO,RURAL,2023-02-23,08:30:00,8,JUEVES,4,FEBRERO,2,NO,CONDUCIR VEHICULO SUPERANDO LOS LIMITES MAXIMOS DE VELOCIDAD.,PERDIDA DE CARRIL,BUS,0,0,1,0,0,0,0,0,1,0,0,0,0,2,25,HOMBRE,FALLECIDO,CONDUCTOR PRESENTE,NO,NO,3
33368,142290,142291,2023,0,0,-0.154351,-78.473224,PICHINCHA,QUITO,QUITO,URBANA,2023-02-23,11:07:00,11,JUEVES,4,FEBRERO,2,NO,NO CEDER EL DERECHO DE VIA O PREFERENCIA DE PASO A VEHICULOS.,CHOQUE LATERAL,MOTOCICLETA,1,0,0,0,0,0,0,0,1,0,0,0,0,2,41,HOMBRE,ILESO,CONDUCTOR PRESENTE,NO,NO,1
33369,142292,142293,2023,0,0,-0.195909,-78.494897,PICHINCHA,QUITO,QUITO,URBANA,2023-02-23,13:15:00,13,JUEVES,4,FEBRERO,2,NO,"NO RESPETAR LAS SENIALES REGLAMENTARIAS DE TRANSITO. (PARE, CEDA EL PASO, LUZ ROJA DEL SEMAFORO, ETC).",CHOQUE LATERAL,AUTOMOVIL,2,0,0,0,0,0,0,0,0,0,0,0,0,2,56,MUJER,ILESO,CONDUCTOR PRESENTE,NO,NO,1
33370,142293,142294,2023,0,0,-0.168093,-78.487017,PICHINCHA,QUITO,QUITO,URBANA,2023-02-23,13:45:00,13,JUEVES,4,FEBRERO,2,NO,CONDUCIR VEHICULO SUPERANDO LOS LIMITES MAXIMOS DE VELOCIDAD.,OTROS,MOTOCICLETA,0,0,0,0,0,0,0,0,1,0,0,0,0,1,-1,NO IDENTIFICADO,NO IDENTIFICADO,CONDUCTOR AUSENTE,NO,NO,2
33371,142294,142295,2023,0,1,-0.314492,-78.558322,PICHINCHA,QUITO,QUITO,URBANA,2023-02-23,13:50:00,13,JUEVES,4,FEBRERO,2,NO,CONDUCIR VEHICULO SUPERANDO LOS LIMITES MAXIMOS DE VELOCIDAD.,OTROS,CAMION,0,0,0,1,0,0,0,0,1,1,0,0,0,3,49,HOMBRE,FALLECIDO,CONDUCTOR PRESENTE,NO,NO,1
33372,142316,142317,2023,0,1,0.025442,-78.152868,PICHINCHA,CAYAMBE,CAYAMBE,RURAL,2023-02-24,01:00:00,1,VIERNES,5,FEBRERO,2,NO,REALIZAR CAMBIO BRUSCO O INDEBIDO DE CARRIL.,CHOQUE LATERAL,VEHICULO DEPORTIVO UTILITARIO,0,0,0,0,0,0,0,0,0,0,0,0,1,1,30,HOMBRE,FALLECIDO,CONDUCTOR PRESENTE,NO,SI,3
33373,142318,142319,2023,0,0,-0.351854,-78.464171,PICHINCHA,RUMINIAHUI,SANGOLQUI,RURAL,2023-02-24,04:30:00,4,VIERNES,5,FEBRERO,2,NO,CONDUCIR VEHICULO SUPERANDO LOS LIMITES MAXIMOS DE VELOCIDAD.,COLISION,BUS,1,0,1,1,0,0,0,0,0,0,0,0,0,3,32,HOMBRE,ILESO,CONDUCTOR PRESENTE,NO,SI,3
33374,142326,142327,2023,1,0,-0.365095,-78.375638,PICHINCHA,QUITO,PINTAG,RURAL,2023-02-24,08:20:00,8,VIERNES,5,FEBRERO,2,NO,CONDUCIR VEHICULO SUPERANDO LOS LIMITES MAXIMOS DE VELOCIDAD.,ATROPELLOS,MOTOCICLETA,0,0,0,0,0,0,0,0,1,0,0,0,0,1,52,HOMBRE,LESIONADO,PEATON,NO,NO,3
33375,142337,142338,2023,2,0,-0.230086,-78.506722,PICHINCHA,QUITO,QUITO,URBANA,2023-02-24,13:10:00,13,VIERNES,5,FEBRERO,2,NO,NO CEDER EL DERECHO DE VIA O PREFERENCIA DE PASO AL PEATON.,ATROPELLOS,BUS,0,0,1,0,0,0,0,0,0,0,0,0,0,1,19,HOMBRE,LESIONADO,PEATON,NO,NO,1
33376,142339,142340,2023,0,0,-0.218072,-78.496158,PICHINCHA,QUITO,QUITO,URBANA,2023-02-24,14:20:00,14,VIERNES,5,FEBRERO,2,NO,"NO RESPETAR LAS SENIALES REGLAMENTARIAS DE TRANSITO. (PARE, CEDA EL PASO, LUZ ROJA DEL SEMAFORO, ETC).",CHOQUE LATERAL,CAMION,1,0,0,1,0,0,0,0,0,0,0,0,0,2,42,HOMBRE,ILESO,CONDUCTOR PRESENTE,NO,NO,1
33377,142340,142341,2023,1,0,-0.282105,-78.553938,PICHINCHA,QUITO,QUITO,URBANA,2023-02-24,14:50:00,14,VIERNES,5,FEBRERO,2,NO,"CASO FORTUITO O FUERZA MAYOR (EXPLOSION DE NEUMATICO NUEVO, DERRUMBE, INUNDACION, CAIDA DE PUENTE, ARBOL, PRESENCIA INTEMPESTIVA E IMPREVISTA DE SEMOVIENTES EN LA VIA, ETC.).",ATROPELLOS,BUS,0,0,1,0,0,0,0,0,0,0,0,0,0,1,66,MUJER,LESIONADO,PEATON,NO,NO,1
33378,142361,142362,2023,0,1,-0.214812,-78.490261,PICHINCHA,QUITO,QUITO,URBANA,2023-02-24,21:25:00,21,VIERNES,5,FEBRERO,2,NO,REALIZAR CAMBIO BRUSCO O INDEBIDO DE CARRIL.,CHOQUE LATERAL,MOTOCICLETA,1,0,0,0,0,0,0,0,1,0,0,0,0,2,37,HOMBRE,FALLECIDO,CONDUCTOR PRESENTE,NO,NO,1
33379,142362,142363,2023,3,0,-0.292224,-78.481691,PICHINCHA,QUITO,CONOCOTO,RURAL,2023-02-24,21:45:00,21,VIERNES,5,FEBRERO,2,NO,NO GUARDAR LA DISTANCIA LATERAL MINIMA DE SEGURIDAD ENTRE VEHICULOS.,CHOQUE LATERAL,MOTOCICLETA,0,0,0,0,0,0,0,0,1,1,0,0,0,2,35,HOMBRE,LESIONADO,PASAJERO,NO,NO,3
33380,142363,142364,2023,1,0,-0.219886,-78.510257,PICHINCHA,QUITO,QUITO,URBANA,2023-02-24,22:40:00,22,VIERNES,5,FEBRERO,2,NO,CONDUCIR VEHICULO SUPERANDO LOS LIMITES MAXIMOS DE VELOCIDAD.,PERDIDA DE CARRIL,MOTOCICLETA,0,0,0,0,0,0,0,0,1,0,0,0,0,1,26,MUJER,LESIONADO,PASAJERO,NO,NO,1
33381,142364,142365,2023,1,0,-0.064447,-78.468325,PICHINCHA,QUITO,POMASQUI,RURAL,2023-02-24,23:20:00,23,VIERNES,5,FEBRERO,2,NO,"CONDUCE BAJO LA INFLUENCIA DE ALCOHOL, SUSTANCIAS ESTUPEFACIENTES O PSICOTROPICAS Y/O MEDICAMENTOS.",CHOQUE LATERAL,CAMIONETA,1,0,0,0,1,0,0,0,0,0,0,0,0,2,24,HOMBRE,LESIONADO,CONDUCTOR PRESENTE,NO,NO,3
33382,142365,142366,2023,0,0,-0.202832,-78.438181,PICHINCHA,QUITO,CUMBAYA,RURAL,2023-02-24,23:40:00,23,VIERNES,5,FEBRERO,2,NO,CONDUCIR VEHICULO SUPERANDO LOS LIMITES MAXIMOS DE VELOCIDAD.,ESTRELLAMIENTOS,AUTOMOVIL,1,0,0,0,0,0,0,0,0,0,0,0,0,1,-1,NO IDENTIFICADO,NO IDENTIFICADO,CONDUCTOR AUSENTE,NO,NO,2
33383,142366,142367,2023,0,0,-0.276343,-78.530468,PICHINCHA,QUITO,QUITO,URBANA,2023-02-24,23:45:00,23,VIERNES,5,FEBRERO,2,NO,CONDUCIR VEHICULO SUPERANDO LOS LIMITES MAXIMOS DE VELOCIDAD.,ESTRELLAMIENTOS,AUTOMOVIL,1,0,0,0,0,0,0,0,0,0,0,0,0,1,-1,NO IDENTIFICADO,NO IDENTIFICADO,CONDUCTOR AUSENTE,NO,NO,2
33384,142370,142371,2023,1,0,-0.354803,-78.549151,PICHINCHA,QUITO,QUITO,URBANA,2023-02-25,01:40:00,1,SABADO,6,FEBRERO,2,NO,CONDUCIR VEHICULO SUPERANDO LOS LIMITES MAXIMOS DE VELOCIDAD.,VOLCAMIENTOS,MOTOCICLETA,0,0,0,0,0,0,0,0,1,0,0,0,0,1,25,HOMBRE,LESIONADO,CONDUCTOR PRESENTE,NO,NO,1
33385,142377,142378,2023,0,0,-0.192511,-78.454821,PICHINCHA,QUITO,NAYON,URBANA,2023-02-25,05:30:00,5,SABADO,6,FEBRERO,2,NO,CONDUCIR VEHICULO SUPERANDO LOS LIMITES MAXIMOS DE VELOCIDAD.,ESTRELLAMIENTOS,AUTOMOVIL,1,0,0,0,0,0,0,0,0,0,0,0,0,1,-1,NO IDENTIFICADO,NO IDENTIFICADO,CONDUCTOR AUSENTE,NO,NO,2
33386,142378,142379,2023,2,0,-0.213919,-78.360221,PICHINCHA,QUITO,PUEMBO,RURAL,2023-02-25,06:35:00,6,SABADO,6,FEBRERO,2,NO,"NO RESPETAR LAS SENIALES REGLAMENTARIAS DE TRANSITO. (PARE, CEDA EL PASO, LUZ ROJA DEL SEMAFORO, ETC).",CHOQUE LATERAL,MOTOCICLETA,0,0,0,0,0,0,0,0,2,0,0,0,0,2,26,HOMBRE,LESIONADO,CONDUCTOR PRESENTE,NO,NO,3
33387,142382,142383,2023,0,0,-0.221482,-78.495261,PICHINCHA,QUITO,QUITO,URBANA,2023-02-25,08:55:00,8,SABADO,6,FEBRERO,2,NO,CONDUCIR VEHICULO SUPERANDO LOS LIMITES MAXIMOS DE VELOCIDAD.,ESTRELLAMIENTOS,AUTOMOVIL,1,0,0,0,0,0,0,0,0,0,0,0,0,1,-1,NO IDENTIFICADO,NO IDENTIFICADO,CONDUCTOR AUSENTE,NO,NO,2
33388,142384,142385,2023,0,0,-0.231725,-78.490566,PICHINCHA,QUITO,QUITO,URBANA,2023-02-25,09:30:00,9,SABADO,6,FEBRERO,2,NO,CONDUCIR VEHICULO SUPERANDO LOS LIMITES MAXIMOS DE VELOCIDAD.,PERDIDA DE CARRIL,CAMIONETA,0,0,0,0,1,0,0,0,0,0,0,0,0,1,66,HOMBRE,ILESO,CONDUCTOR PRESENTE,NO,NO,1
33389,142393,142394,2023,0,0,-0.126451,-78.494012,PICHINCHA,QUITO,QUITO,URBANA,2023-02-25,12:25:00,12,SABADO,6,FEBRERO,2,NO,"NO RESPETAR LAS SENIALES REGLAMENTARIAS DE TRANSITO. (PARE, CEDA EL PASO, LUZ ROJA DEL SEMAFORO, ETC).",COLISION,AUTOMOVIL,3,0,0,0,0,0,0,0,0,0,0,0,0,3,37,HOMBRE,ILESO,CONDUCTOR PRESENTE,NO,NO,1
33390,142394,142395,2023,0,0,-0.265498,-78.547226,PICHINCHA,QUITO,QUITO,URBANA,2023-02-25,13:00:00,13,SABADO,6,FEBRERO,2,NO,NO GUARDAR LA DISTANCIA LATERAL MINIMA DE SEGURIDAD ENTRE VEHICULOS.,CHOQUE LATERAL,AUTOMOVIL,2,0,0,0,0,0,0,0,0,0,0,0,0,2,30,HOMBRE,ILESO,CONDUCTOR PRESENTE,NO,NO,1
33391,142395,142396,2023,0,0,-0.343593,-78.561911,PICHINCHA,QUITO,QUITO,URBANA,2023-02-25,13:30:00,13,SABADO,6,FEBRERO,2,NO,NO CEDER EL DERECHO DE VIA O PREFERENCIA DE PASO A VEHICULOS.,CHOQUE LATERAL,CAMION,0,0,0,1,1,0,0,0,0,0,0,0,0,2,22,HOMBRE,ILESO,CONDUCTOR PRESENTE,NO,NO,1
33392,142396,142397,2023,0,0,-0.171492,-78.485464,PICHINCHA,QUITO,QUITO,URBANA,2023-02-25,13:40:00,13,SABADO,6,FEBRERO,2,NO,"NO RESPETAR LAS SENIALES REGLAMENTARIAS DE TRANSITO. (PARE, CEDA EL PASO, LUZ ROJA DEL SEMAFORO, ETC).",CHOQUE LATERAL,FURGONETA,1,0,0,0,0,0,0,1,0,0,0,0,0,2,44,MUJER,ILESO,CONDUCTOR PRESENTE,NO,NO,1
33393,142399,142400,2023,0,0,-0.210818,-78.482421,PICHINCHA,QUITO,QUITO,URBANA,2023-02-25,14:00:00,14,SABADO,6,FEBRERO,2,NO,NO MANTENER LA DISTANCIA PRUDENCIAL CON RESPECTO AL VEHICULO QUE LE ANTECEDE.,CHOQUE POSTERIOR,BUS,1,0,1,0,0,0,0,0,0,0,0,0,0,2,30,HOMBRE,ILESO,CONDUCTOR PRESENTE,NO,NO,1
33394,142404,142405,2023,7,0,-0.199482,-78.459479,PICHINCHA,QUITO,QUITO,URBANA,2023-02-25,15:00:00,15,SABADO,6,FEBRERO,2,NO,CONDUCIR VEHICULO SUPERANDO LOS LIMITES MAXIMOS DE VELOCIDAD.,OTROS,CAMION,4,0,0,1,0,0,0,1,0,0,0,0,0,6,28,HOMBRE,LESIONADO,CONDUCTOR PRESENTE,NO,NO,1