,Unnamed: 0,ID,ANIO,LESIONADOS,FALLECIDOS,LATITUD_Y,LONGITUD_X,PROVINCIA,CANTON,PARROQUIA,ZONA,FECHA,HORA,PERIODO_2,DIA_1,DIA_2,MES_1,MES_2,FERIADO,CAUSA_PROBABLE,TIPO_DE_SINIESTRO,TIPO_DE_VEHICULO_1,AUTOMOVIL,BICICLETA,BUS,CAMION,CAMIONETA,EMERGENCIAS,ESPECIAL,FURGONETA,MOTOCICLETA,NO_IDENTIFICADO,SCOOTER_ELECTRICO,TRICIMOTO,VEHICULO_DEPORTIVO_UTILITARIO,SUMA_DE_VEHICULOS,EDAD_1,SEXO_1,CONDICION_1,PARTICIPANTE_1,CASCO_1,CINTURON_1,KMeans_Cluster
33395,142412,142413,2023,0,0,-0.100277,-78.419212,PICHINCHA,QUITO,CALDERON (CARAPUNGO),RURAL,2023-02-25,18:30:00,18,SABADO,6,FEBRERO,2,NO,"CONDUCIR DESATENTO A LAS CONDICIONES DE TRANSITO (CELULAR, PANTALLAS DE VIDEO, COMIDA, MAQUILLAJE O CUALQUIER OTRO ELEMENTO DISTRACTOR).",PERDIDA DE CARRIL,CAMION,0,0,0,1,0,0,0,0,0,0,0,0,0,1,-1,NO IDENTIFICADO,NO IDENTIFICADO,CONDUCTOR AUSENTE,NO,SI,2
33396,142417,142418,2023,0,1,0.044851,-78.231328,PICHINCHA,PEDRO MONCAYO,TABACUNDO,RURAL,2023-02-25,19:30:00,19,SABADO,6,FEBRERO,2,NO,CONDUCIR EN SENTIDO CONTRARIO A LA VIA NORMAL DE CIRCULACION.,CHOQUE FRONTAL,BUS,1,0,1,0,0,0,0,0,0,0,0,0,1,3,51,HOMBRE,FALLECIDO,CONDUCTOR PRESENTE,NO,SI,3
33397,142419,142420,2023,0,1,-0.263961,-78.288295,PICHINCHA,QUITO,PIFO,RURAL,2023-02-25,19:55:00,19,SABADO,6,FEBRERO,2,NO,CONDUCIR VEHICULO SUPERANDO LOS LIMITES MAXIMOS DE VELOCIDAD.,PERDIDA DE PISTA,CAMION,0,0,0,1,0,0,0,0,0,0,0,0,0,1,38,HOMBRE,FALLECIDO,CONDUCTOR PRESENTE,NO,SI,3
33398,142428,142429,2023,0,0,-0.088941,-78.456087,PICHINCHA,QUITO,QUITO,URBANA,2023-02-25,21:45:00,21,SABADO,6,FEBRERO,2,NO,"CONDUCE BAJO LA INFLUENCIA DE ALCOHOL, SUSTANCIAS ESTUPEFACIENTES O PSICOTROPICAS Y/O MEDICAMENTOS.",CHOQUE FRONTAL,AUTOMOVIL,2,0,0,0,0,0,0,0,0,0,0,0,0,2,58,HOMBRE,ILESO,CONDUCTOR PRESENTE,NO,NO,1
33399,142431,142432,2023,0,0,-0.274455,-78.510637,PICHINCHA,QUITO,QUITO,URBANA,2023-02-25,23:10:00,23,SABADO,6,FEBRERO,2,NO,CONDUCIR VEHICULO SUPERANDO LOS LIMITES MAXIMOS DE VELOCIDAD.,ESTRELLAMIENTOS,AUTOMOVIL,1,0,0,0,0,0,0,0,0,0,0,0,0,1,-1,NO IDENTIFICADO,NO IDENTIFICADO,CONDUCTOR AUSENTE,NO,NO,2
33400,142432,142433,2023,0,0,-0.254827,-78.503815,PICHINCHA,QUITO,QUITO,URBANA,2023-02-26,00:00:00,0,DOMINGO,7,FEBRERO,2,NO,CONDUCIR VEHICULO SUPERANDO LOS LIMITES MAXIMOS DE VELOCIDAD.,ESTRELLAMIENTOS,AUTOMOVIL,1,0,0,0,0,0,0,0,0,0,0,0,0,1,-1,NO IDENTIFICADO,NO IDENTIFICADO,CONDUCTOR AUSENTE,NO,NO,2
33401,142437,142438,2023,0,0,-0.060141,-78.411635,PICHINCHA,QUITO,CALDERON (CARAPUNGO),RURAL,2023-02-26,01:30:00,1,DOMINGO,7,FEBRERO,2,NO,CONDUCIR VEHICULO SUPERANDO LOS LIMITES MAXIMOS DE VELOCIDAD.,OTROS,AUTOMOVIL,1,0,0,0,0,0,0,0,0,0,0,0,0,1,-1,NO IDENTIFICADO,NO IDENTIFICADO,CONDUCTOR AUSENTE,NO,NO,2
33402,142443,142444,2023,0,0,-0.043131,-78.287043,PICHINCHA,CAYAMBE,SANTA ROSA DE CUZUBAMBA,RURAL,2023-02-26,02:30:00,2,DOMINGO,7,FEBRERO,2,NO,"CONDUCIR DESATENTO A LAS CONDICIONES DE TRANSITO (CELULAR, PANTALLAS DE VIDEO, COMIDA, MAQUILLAJE O CUALQUIER OTRO ELEMENTO DISTRACTOR).",ESTRELLAMIENTOS,CAMIONETA,0,0,0,0,1,0,0,0,0,0,0,0,0,1,-1,NO IDENTIFICADO,NO IDENTIFICADO,CONDUCTOR AUSENTE,NO,SI,2
33403,142445,142446,2023,0,0,-0.300119,-78.558794,PICHINCHA,QUITO,QUITO,URBANA,2023-02-26,03:20:00,3,DOMINGO,7,FEBRERO,2,NO,"CONDUCE BAJO LA INFLUENCIA DE ALCOHOL, SUSTANCIAS ESTUPEFACIENTES O PSICOTROPICAS Y/O MEDICAMENTOS.",ESTRELLAMIENTOS,CAMIONETA,2,0,0,0,1,0,0,0,0,0,0,0,0,3,27,HOMBRE,ILESO,CONDUCTOR PRESENTE,NO,NO,1
33404,142450,142451,2023,0,1,-0.354066,-78.529694,PICHINCHA,QUITO,QUITO,URBANA,2023-02-26,04:15:00,4,DOMINGO,7,FEBRERO,2,NO,CONDUCIR VEHICULO SUPERANDO LOS LIMITES MAXIMOS DE VELOCIDAD.,PERDIDA DE CARRIL,NO IDENTIFICADO,0,0,0,0,0,0,0,0,0,1,0,0,0,1,27,HOMBRE,FALLECIDO,CONDUCTOR PRESENTE,NO,NO,1
33405,142454,142455,2023,0,0,-0.136532,-78.473539,PICHINCHA,QUITO,QUITO,URBANA,2023-02-26,05:05:00,5,DOMINGO,7,FEBRERO,2,NO,CONDUCIR VEHICULO SUPERANDO LOS LIMITES MAXIMOS DE VELOCIDAD.,ESTRELLAMIENTOS,AUTOMOVIL,1,0,0,0,0,0,0,0,0,0,0,0,0,1,-1,NO IDENTIFICADO,NO IDENTIFICADO,CONDUCTOR AUSENTE,NO,NO,2
33406,142459,142460,2023,0,0,-0.248941,-78.520611,PICHINCHA,QUITO,QUITO,URBANA,2023-02-26,06:15:00,6,DOMINGO,7,FEBRERO,2,NO,"CONDUCE BAJO LA INFLUENCIA DE ALCOHOL, SUSTANCIAS ESTUPEFACIENTES O PSICOTROPICAS Y/O MEDICAMENTOS.",CHOQUE FRONTAL,BUS,1,0,1,0,0,0,0,0,0,0,0,0,0,2,59,HOMBRE,ILESO,CONDUCTOR PRESENTE,NO,NO,1
33407,142462,142463,2023,2,0,-0.321337,-78.450043,PICHINCHA,RUMINIAHUI,SANGOLQUI,URBANA,2023-02-26,09:30:00,9,DOMINGO,7,FEBRERO,2,NO,"CONDUCIR DESATENTO A LAS CONDICIONES DE TRANSITO (CELULAR, PANTALLAS DE VIDEO, COMIDA, MAQUILLAJE O CUALQUIER OTRO ELEMENTO DISTRACTOR).",CHOQUE LATERAL,MOTOCICLETA,0,0,0,0,0,0,0,0,1,0,0,0,1,2,25,HOMBRE,LESIONADO,CONDUCTOR PRESENTE,NO,SI,1
33408,142464,142465,2023,0,0,-0.089019,-78.467352,PICHINCHA,QUITO,QUITO,URBANA,2023-02-26,10:00:00,10,DOMINGO,7,FEBRERO,2,NO,"NO RESPETAR LAS SENIALES REGLAMENTARIAS DE TRANSITO. (PARE, CEDA EL PASO, LUZ ROJA DEL SEMAFORO, ETC).",CHOQUE LATERAL,AUTOMOVIL,2,0,0,0,0,0,0,0,0,0,0,0,0,2,53,MUJER,ILESO,CONDUCTOR PRESENTE,NO,NO,1
33409,142465,142466,2023,1,1,-0.245346,-78.533981,PICHINCHA,QUITO,QUITO,URBANA,2023-02-26,10:45:00,10,DOMINGO,7,FEBRERO,2,NO,"NO RESPETAR LAS SENIALES REGLAMENTARIAS DE TRANSITO. (PARE, CEDA EL PASO, LUZ ROJA DEL SEMAFORO, ETC).",CHOQUE LATERAL,BUS,1,0,1,0,0,0,0,0,0,0,0,0,0,2,58,MUJER,FALLECIDO,PASAJERO,NO,NO,1
33410,142467,142468,2023,2,0,-0.114141,-78.512825,PICHINCHA,QUITO,QUITO,URBANA,2023-02-26,11:30:00,11,DOMINGO,7,FEBRERO,2,NO,CONDUCIR VEHICULO SUPERANDO LOS LIMITES MAXIMOS DE VELOCIDAD.,CHOQUE FRONTAL,MOTOCICLETA,1,0,0,0,0,0,0,0,1,0,0,0,0,2,75,HOMBRE,LESIONADO,PASAJERO,NO,NO,1
33411,142468,142469,2023,1,0,-0.222341,-78.401474,PICHINCHA,QUITO,TUMBACO,RURAL,2023-02-26,11:30:00,11,DOMINGO,7,FEBRERO,2,NO,NO CEDER EL DERECHO DE VIA O PREFERENCIA DE PASO AL PEATON.,ATROPELLOS,NO IDENTIFICADO,0,0,0,0,0,0,0,0,0,1,0,0,0,1,22,HOMBRE,LESIONADO,PEATON,NO,NO,3
33412,142484,142485,2023,1,0,-0.115069,-78.488076,PICHINCHA,QUITO,QUITO,URBANA,2023-02-26,19:20:00,19,DOMINGO,7,FEBRERO,2,NO,"FALLA MECANICA EN LOS SISTEMAS Y/O NEUMATICOS (SISTEMA DE FRENOS, DIRECCION, ELECTRONICO O MECANICO).",PERDIDA DE CARRIL,MOTOCICLETA,0,0,0,0,0,0,0,0,1,0,0,0,0,1,25,HOMBRE,LESIONADO,CONDUCTOR PRESENTE,NO,NO,1
33413,142488,142489,2023,4,0,-0.139666,-78.445926,PICHINCHA,QUITO,LLANO CHICO,RURAL,2023-02-26,20:30:00,20,DOMINGO,7,FEBRERO,2,NO,CONDUCIR VEHICULO SUPERANDO LOS LIMITES MAXIMOS DE VELOCIDAD.,ESTRELLAMIENTOS,AUTOMOVIL,1,0,0,0,0,0,0,0,0,0,0,0,0,1,21,HOMBRE,LESIONADO,PASAJERO,NO,NO,3
33414,142489,142490,2023,0,0,-0.141625,-78.496396,PICHINCHA,QUITO,QUITO,URBANA,2023-02-26,20:30:00,20,DOMINGO,7,FEBRERO,2,NO,"CONDUCE BAJO LA INFLUENCIA DE ALCOHOL, SUSTANCIAS ESTUPEFACIENTES O PSICOTROPICAS Y/O MEDICAMENTOS.",ESTRELLAMIENTOS,MOTOCICLETA,1,0,0,0,0,0,0,0,2,0,0,0,0,3,24,HOMBRE,ILESO,CONDUCTOR PRESENTE,NO,NO,1
33415,142490,142491,2023,1,1,-0.001034,-78.521671,PICHINCHA,QUITO,CALACALI,RURAL,2023-02-26,21:25:00,21,DOMINGO,7,FEBRERO,2,NO,CONDUCIR VEHICULO SUPERANDO LOS LIMITES MAXIMOS DE VELOCIDAD.,PERDIDA DE CARRIL,AUTOMOVIL,1,0,0,0,0,0,0,0,0,0,0,0,0,1,28,HOMBRE,FALLECIDO,PASAJERO,NO,NO,3
33416,142504,142505,2023,0,0,-0.278321,-78.523036,PICHINCHA,QUITO,QUITO,URBANA,2023-02-27,06:30:00,6,LUNES,1,FEBRERO,2,NO,"FALLA MECANICA EN LOS SISTEMAS Y/O NEUMATICOS (SISTEMA DE FRENOS, DIRECCION, ELECTRONICO O MECANICO).",ESTRELLAMIENTOS,AUTOMOVIL,1,0,0,0,0,0,0,0,0,0,0,0,0,1,-1,NO IDENTIFICADO,NO IDENTIFICADO,CONDUCTOR AUSENTE,NO,NO,2
33417,142505,142506,2023,1,0,-0.343089,-78.567597,PICHINCHA,QUITO,QUITO,URBANA,2023-02-27,07:00:00,7,LUNES,1,FEBRERO,2,NO,NO TRANSITAR POR LAS ACERAS O ZONAS DE SEGURIDAD DESTINADAS PARA EL EFECTO.,ATROPELLOS,MOTOCICLETA,0,0,0,0,0,0,0,0,1,0,0,0,0,1,32,MUJER,LESIONADO,PEATON,NO,NO,1
33418,142506,142507,2023,1,0,-0.291971,-78.546175,PICHINCHA,QUITO,QUITO,URBANA,2023-02-27,09:00:00,9,LUNES,1,FEBRERO,2,NO,NO TRANSITAR POR LAS ACERAS O ZONAS DE SEGURIDAD DESTINADAS PARA EL EFECTO.,ATROPELLOS,MOTOCICLETA,0,0,0,0,0,0,0,0,1,0,0,0,0,1,70,MUJER,LESIONADO,PEATON,NO,NO,1
33419,142509,142510,2023,0,0,-0.314808,-78.536142,PICHINCHA,QUITO,QUITO,URBANA,2023-02-27,09:50:00,9,LUNES,1,FEBRERO,2,NO,CONDUCIR VEHICULO SUPERANDO LOS LIMITES MAXIMOS DE VELOCIDAD.,CHOQUE LATERAL,AUTOMOVIL,2,0,0,0,0,0,0,0,0,0,0,0,0,2,44,MUJER,ILESO,CONDUCTOR PRESENTE,NO,NO,1
33420,142510,142511,2023,1,0,-0.221641,-78.351789,PICHINCHA,QUITO,PIFO,RURAL,2023-02-27,11:00:00,11,LUNES,1,FEBRERO,2,NO,CONDUCIR VEHICULO SUPERANDO LOS LIMITES MAXIMOS DE VELOCIDAD.,CHOQUE POSTERIOR,CAMION,1,0,0,1,0,0,0,0,0,0,0,0,0,2,17,MUJER,LESIONADO,PASAJERO,NO,NO,3
33421,142516,142517,2023,1,0,-0.122256,-78.495576,PICHINCHA,QUITO,QUITO,URBANA,2023-02-27,13:45:00,13,LUNES,1,FEBRERO,2,NO,"NO RESPETAR LAS SENIALES REGLAMENTARIAS DE TRANSITO. (PARE, CEDA EL PASO, LUZ ROJA DEL SEMAFORO, ETC).",CHOQUE LATERAL,MOTOCICLETA,1,0,0,0,0,0,0,0,1,0,0,0,0,2,58,HOMBRE,LESIONADO,CONDUCTOR PRESENTE,NO,NO,1
33422,142531,142532,2023,0,0,-0.252456,-78.482646,PICHINCHA,QUITO,QUITO,RURAL,2023-02-27,19:50:00,19,LUNES,1,FEBRERO,2,NO,CONDUCIR VEHICULO SUPERANDO LOS LIMITES MAXIMOS DE VELOCIDAD.,CHOQUE POSTERIOR,VEHICULO DEPORTIVO UTILITARIO,0,0,0,0,0,0,0,0,0,0,0,0,2,2,28,HOMBRE,ILESO,CONDUCTOR PRESENTE,NO,SI,3
33423,142534,142535,2023,1,0,-0.184218,-78.504139,PICHINCHA,QUITO,QUITO,URBANA,2023-02-27,20:30:00,20,LUNES,1,FEBRERO,2,NO,CONDUCIR VEHICULO SUPERANDO LOS LIMITES MAXIMOS DE VELOCIDAD.,PERDIDA DE CARRIL,MOTOCICLETA,0,0,0,0,0,0,0,0,1,0,0,0,0,1,23,HOMBRE,LESIONADO,PASAJERO,NO,NO,1
33424,142535,142536,2023,0,1,-0.276162,-78.488469,PICHINCHA,QUITO,CONOCOTO,RURAL,2023-02-27,21:00:00,21,LUNES,1,FEBRERO,2,NO,CONDUCIR VEHICULO SUPERANDO LOS LIMITES MAXIMOS DE VELOCIDAD.,PERDIDA DE CARRIL,MOTOCICLETA,0,0,0,0,0,0,0,0,1,0,0,0,0,1,36,HOMBRE,FALLECIDO,CONDUCTOR PRESENTE,NO,SI,3
33425,142538,142539,2023,1,0,-0.259495,-78.530171,PICHINCHA,QUITO,QUITO,URBANA,2023-02-27,23:05:00,23,LUNES,1,FEBRERO,2,NO,CONDUCIR VEHICULO SUPERANDO LOS LIMITES MAXIMOS DE VELOCIDAD.,VOLCAMIENTOS,MOTOCICLETA,0,0,0,0,0,0,0,0,1,0,0,0,0,1,25,HOMBRE,LESIONADO,CONDUCTOR PRESENTE,NO,NO,1
33426,142541,142542,2023,0,0,-0.387792,-78.815556,PICHINCHA,MEJIA,MANUEL CORNEJO ASTORGA,RURAL,2023-02-28,05:10:00,5,MARTES,2,FEBRERO,2,NO,"CONDUCIR DESATENTO A LAS CONDICIONES DE TRANSITO (CELULAR, PANTALLAS DE VIDEO, COMIDA, MAQUILLAJE O CUALQUIER OTRO ELEMENTO DISTRACTOR).",ESTRELLAMIENTOS,AUTOMOVIL,1,0,0,0,0,0,0,0,0,0,0,0,0,1,-1,NO IDENTIFICADO,NO IDENTIFICADO,CONDUCTOR AUSENTE,NO,NO,2
33427,142544,142545,2023,1,0,-0.290444,-78.446052,PICHINCHA,QUITO,ALANGASI,RURAL,2023-02-28,07:00:00,7,MARTES,2,FEBRERO,2,NO,"NO RESPETAR LAS SENIALES REGLAMENTARIAS DE TRANSITO. (PARE, CEDA EL PASO, LUZ ROJA DEL SEMAFORO, ETC).",CHOQUE LATERAL,CAMIONETA,1,0,0,0,1,0,0,0,0,0,0,0,0,2,13,MUJER,LESIONADO,PASAJERO,NO,NO,3
33428,142545,142546,2023,2,0,-0.105363,-78.497657,PICHINCHA,QUITO,QUITO,URBANA,2023-02-28,07:21:00,7,MARTES,2,FEBRERO,2,NO,NO CEDER EL DERECHO DE VIA O PREFERENCIA DE PASO A VEHICULOS.,CHOQUE LATERAL,BUS,0,0,1,0,0,0,0,0,1,0,0,0,0,2,62,HOMBRE,LESIONADO,CONDUCTOR PRESENTE,NO,NO,1
33429,142546,142547,2023,0,0,-0.159063,-78.466777,PICHINCHA,QUITO,QUITO,URBANA,2023-02-28,07:50:00,7,MARTES,2,FEBRERO,2,NO,NO CEDER EL DERECHO DE VIA O PREFERENCIA DE PASO A VEHICULOS.,CHOQUE LATERAL,AUTOMOVIL,2,0,0,0,0,0,0,0,0,0,0,0,0,2,50,HOMBRE,ILESO,CONDUCTOR PRESENTE,NO,NO,1
33430,142552,142553,2023,1,0,-0.280764,-78.548917,PICHINCHA,QUITO,QUITO,URBANA,2023-02-28,10:20:00,10,MARTES,2,FEBRERO,2,NO,NO TRANSITAR POR LAS ACERAS O ZONAS DE SEGURIDAD DESTINADAS PARA EL EFECTO.,ATROPELLOS,MOTOCICLETA,0,0,0,0,0,0,0,0,1,0,0,0,0,1,65,MUJER,LESIONADO,PEATON,NO,NO,1
33431,142553,142554,2023,0,0,-0.252561,-78.521888,PICHINCHA,QUITO,QUITO,URBANA,2023-02-28,11:00:00,11,MARTES,2,FEBRERO,2,NO,NO MANTENER LA DISTANCIA PRUDENCIAL CON RESPECTO AL VEHICULO QUE LE ANTECEDE.,CHOQUE POSTERIOR,FURGONETA,1,0,0,0,0,0,0,1,0,0,0,0,0,2,48,HOMBRE,ILESO,CONDUCTOR PRESENTE,NO,NO,1
33432,142559,142560,2023,0,0,-0.265164,-78.474054,PICHINCHA,QUITO,CONOCOTO,RURAL,2023-02-28,13:45:00,13,MARTES,2,FEBRERO,2,NO,CONDUCIR VEHICULO SUPERANDO LOS LIMITES MAXIMOS DE VELOCIDAD.,ESTRELLAMIENTOS,CAMIONETA,0,0,0,0,1,0,0,0,0,0,0,0,0,1,-1,NO IDENTIFICADO,NO IDENTIFICADO,CONDUCTOR AUSENTE,NO,NO,2
33433,142560,142561,2023,0,0,-0.153526,-78.484717,PICHINCHA,QUITO,QUITO,URBANA,2023-02-28,13:50:00,13,MARTES,2,FEBRERO,2,NO,NO MANTENER LA DISTANCIA PRUDENCIAL CON RESPECTO AL VEHICULO QUE LE ANTECEDE.,COLISION,MOTOCICLETA,2,0,0,0,0,0,0,0,1,0,0,0,0,3,38,HOMBRE,ILESO,CONDUCTOR PRESENTE,NO,NO,1
33434,142561,142562,2023,0,0,-0.188608,-78.447765,PICHINCHA,QUITO,NAYON,RURAL,2023-02-28,14:25:00,14,MARTES,2,FEBRERO,2,NO,NO MANTENER LA DISTANCIA PRUDENCIAL CON RESPECTO AL VEHICULO QUE LE ANTECEDE.,CHOQUE POSTERIOR,AUTOMOVIL,2,0,0,0,0,0,0,0,0,0,0,0,0,2,19,HOMBRE,ILESO,CONDUCTOR PRESENTE,NO,NO,3
33435,142567,142568,2023,0,0,-0.159073,-78.466731,PICHINCHA,QUITO,QUITO,URBANA,2023-02-28,15:50:00,15,MARTES,2,FEBRERO,2,NO,NO CEDER EL DERECHO DE VIA O PREFERENCIA DE PASO A VEHICULOS.,CHOQUE LATERAL,AUTOMOVIL,2,0,0,0,0,0,0,0,0,0,0,0,0,2,49,HOMBRE,ILESO,CONDUCTOR PRESENTE,NO,NO,1
33436,142568,142569,2023,1,0,-0.295106,-78.477217,PICHINCHA,QUITO,CONOCOTO,RURAL,2023-02-28,16:50:00,16,MARTES,2,FEBRERO,2,NO,CONDUCIR VEHICULO SUPERANDO LOS LIMITES MAXIMOS DE VELOCIDAD.,CHOQUE LATERAL,BUS,0,0,1,0,0,0,0,0,1,0,0,0,0,2,27,HOMBRE,LESIONADO,CONDUCTOR PRESENTE,NO,NO,3
33437,142569,142570,2023,1,0,-0.253469,-78.483321,PICHINCHA,QUITO,QUITO,URBANA,2023-02-28,17:05:00,17,MARTES,2,FEBRERO,2,NO,NO CEDER EL DERECHO DE VIA O PREFERENCIA DE PASO AL PEATON.,ATROPELLOS,FURGONETA,0,0,0,0,0,0,0,1,0,0,0,0,0,1,35,HOMBRE,LESIONADO,PEATON,NO,NO,1
33438,142571,142572,2023,2,0,-0.267464,-78.470663,PICHINCHA,QUITO,CONOCOTO,RURAL,2023-02-28,17:25:00,17,MARTES,2,FEBRERO,2,NO,REALIZAR CAMBIO BRUSCO O INDEBIDO DE CARRIL.,CHOQUE LATERAL,MOTOCICLETA,1,0,0,0,0,0,0,0,1,0,0,0,0,2,56,HOMBRE,LESIONADO,CONDUCTOR PRESENTE,NO,NO,3
33439,142576,142577,2023,1,0,-0.123298,-78.488315,PICHINCHA,QUITO,QUITO,URBANA,2023-02-28,19:56:00,19,MARTES,2,FEBRERO,2,NO,"NO RESPETAR LAS SENIALES REGLAMENTARIAS DE TRANSITO. (PARE, CEDA EL PASO, LUZ ROJA DEL SEMAFORO, ETC).",CHOQUE LATERAL,MOTOCICLETA,1,0,0,0,0,0,0,0,1,0,0,0,0,2,27,HOMBRE,LESIONADO,CONDUCTOR PRESENTE,NO,NO,1
33440,142579,142580,2023,0,0,-0.187918,-78.491713,PICHINCHA,QUITO,QUITO,URBANA,2023-02-28,21:10:00,21,MARTES,2,FEBRERO,2,NO,NO GUARDAR LA DISTANCIA LATERAL MINIMA DE SEGURIDAD ENTRE VEHICULOS.,OTROS,MOTOCICLETA,1,0,0,0,0,0,0,1,1,0,0,0,0,3,57,HOMBRE,ILESO,CONDUCTOR PRESENTE,NO,NO,1
33441,142584,142585,2023,1,0,-0.098239,-78.406047,PICHINCHA,QUITO,CALDERON (CARAPUNGO),URBANA,2023-03-01,05:40:00,5,MIERCOLES,3,MARZO,3,NO,"CONDUCIR DESATENTO A LAS CONDICIONES DE TRANSITO (CELULAR, PANTALLAS DE VIDEO, COMIDA, MAQUILLAJE O CUALQUIER OTRO ELEMENTO DISTRACTOR).",CHOQUE LATERAL,MOTOCICLETA,1,0,0,0,0,0,0,0,1,0,0,0,0,2,39,HOMBRE,LESIONADO,CONDUCTOR PRESENTE,NO,SI,1
33442,142587,142588,2023,1,0,-0.273281,-78.540381,PICHINCHA,QUITO,QUITO,URBANA,2023-03-01,07:00:00,7,MIERCOLES,3,MARZO,3,NO,"NO RESPETAR LAS SENIALES REGLAMENTARIAS DE TRANSITO. (PARE, CEDA EL PASO, LUZ ROJA DEL SEMAFORO, ETC).",CHOQUE LATERAL,BICICLETA,1,1,0,0,0,0,0,0,0,0,0,0,0,2,37,MUJER,LESIONADO,CONDUCTOR PRESENTE,SI,NO,1
33443,142588,142589,2023,1,0,-0.265521,-78.541511,PICHINCHA,QUITO,QUITO,URBANA,2023-03-01,07:10:00,7,MIERCOLES,3,MARZO,3,NO,"NO RESPETAR LAS SENIALES REGLAMENTARIAS DE TRANSITO. (PARE, CEDA EL PASO, LUZ ROJA DEL SEMAFORO, ETC).",CHOQUE LATERAL,BICICLETA,0,1,0,0,0,0,0,0,1,0,0,0,0,2,36,HOMBRE,LESIONADO,CONDUCTOR PRESENTE,NO,NO,1
33444,142594,142595,2023,3,0,-0.284293,-78.471573,PICHINCHA,QUITO,CONOCOTO,RURAL,2023-03-01,10:20:00,10,MIERCOLES,3,MARZO,3,NO,"NO RESPETAR LAS SENIALES REGLAMENTARIAS DE TRANSITO. (PARE, CEDA EL PASO, LUZ ROJA DEL SEMAFORO, ETC).",CHOQUE LATERAL,AUTOMOVIL,2,0,0,0,0,0,0,0,0,0,0,0,0,2,37,HOMBRE,LESIONADO,PASAJERO,NO,NO,3
33445,142603,142604,2023,0,0,-0.345703,-78.546923,PICHINCHA,QUITO,QUITO,URBANA,2023-03-01,13:45:00,13,MIERCOLES,3,MARZO,3,NO,CONDUCIR VEHICULO SUPERANDO LOS LIMITES MAXIMOS DE VELOCIDAD.,OTROS,CAMION,2,0,0,1,4,0,0,0,0,0,0,0,0,7,50,HOMBRE,ILESO,CONDUCTOR PRESENTE,NO,NO,1
33446,142619,142620,2023,0,0,-0.093627,-78.436174,PICHINCHA,QUITO,CALDERON (CARAPUNGO),RURAL,2023-03-02,00:20:00,0,JUEVES,4,MARZO,3,NO,CONDUCIR VEHICULO SUPERANDO LOS LIMITES MAXIMOS DE VELOCIDAD.,ESTRELLAMIENTOS,AUTOMOVIL,1,0,0,0,0,0,0,0,0,0,0,0,0,1,36,HOMBRE,ILESO,CONDUCTOR PRESENTE,NO,NO,3
33447,142620,142621,2023,0,0,-0.178967,-78.494395,PICHINCHA,QUITO,QUITO,URBANA,2023-03-02,00:50:00,0,JUEVES,4,MARZO,3,NO,CONDUCIR VEHICULO SUPERANDO LOS LIMITES MAXIMOS DE VELOCIDAD.,ESTRELLAMIENTOS,CAMIONETA,0,0,0,0,1,0,0,0,0,0,0,0,0,1,30,HOMBRE,ILESO,CONDUCTOR PRESENTE,NO,NO,1
33448,142621,142622,2023,1,0,-0.221041,-78.422465,PICHINCHA,QUITO,TUMBACO,RURAL,2023-03-02,01:37:00,1,JUEVES,4,MARZO,3,NO,NO MANTENER LA DISTANCIA PRUDENCIAL CON RESPECTO AL VEHICULO QUE LE ANTECEDE.,CHOQUE POSTERIOR,MOTOCICLETA,0,0,0,0,0,0,0,0,1,1,0,0,0,2,35,HOMBRE,LESIONADO,CONDUCTOR PRESENTE,NO,NO,3
33449,142642,142643,2023,0,0,-0.160301,-78.473631,PICHINCHA,QUITO,QUITO,URBANA,2023-03-02,14:15:00,14,JUEVES,4,MARZO,3,NO,CONDUCIR VEHICULO SUPERANDO LOS LIMITES MAXIMOS DE VELOCIDAD.,CHOQUE LATERAL,AUTOMOVIL,2,0,0,0,0,0,0,0,0,0,0,0,0,2,30,HOMBRE,ILESO,CONDUCTOR PRESENTE,NO,NO,1
33450,142643,142644,2023,0,1,-0.147648,-78.483696,PICHINCHA,QUITO,QUITO,URBANA,2023-03-02,14:30:00,14,JUEVES,4,MARZO,3,NO,CONDUCIR VEHICULO SUPERANDO LOS LIMITES MAXIMOS DE VELOCIDAD.,OTROS,BUS,0,0,1,1,0,0,0,0,1,0,0,0,0,3,22,HOMBRE,FALLECIDO,CONDUCTOR PRESENTE,NO,NO,1
33451,142644,142645,2023,2,0,-0.218605,-78.388667,PICHINCHA,QUITO,TUMBACO,RURAL,2023-03-02,14:34:00,14,JUEVES,4,MARZO,3,NO,NO CEDER EL DERECHO DE VIA O PREFERENCIA DE PASO A VEHICULOS.,CHOQUE LATERAL,MOTOCICLETA,0,0,0,0,0,0,0,1,1,0,0,0,0,2,38,HOMBRE,LESIONADO,PASAJERO,NO,NO,3
33452,142645,142646,2023,0,0,-0.024296,-78.269791,PICHINCHA,CAYAMBE,SANTA ROSA DE CUZUBAMBA,URBANA,2023-03-02,14:50:00,14,JUEVES,4,MARZO,3,NO,"CONDUCIR DESATENTO A LAS CONDICIONES DE TRANSITO (CELULAR, PANTALLAS DE VIDEO, COMIDA, MAQUILLAJE O CUALQUIER OTRO ELEMENTO DISTRACTOR).",COLISION,CAMION,2,0,0,1,0,0,0,0,0,0,0,0,0,3,71,HOMBRE,ILESO,CONDUCTOR PRESENTE,NO,SI,1