,Unnamed: 0,ID,ANIO,LESIONADOS,FALLECIDOS,LATITUD_Y,LONGITUD_X,PROVINCIA,CANTON,PARROQUIA,ZONA,FECHA,HORA,PERIODO_2,DIA_1,DIA_2,MES_1,MES_2,FERIADO,CAUSA_PROBABLE,TIPO_DE_SINIESTRO,TIPO_DE_VEHICULO_1,AUTOMOVIL,BICICLETA,BUS,CAMION,CAMIONETA,EMERGENCIAS,ESPECIAL,FURGONETA,MOTOCICLETA,NO_IDENTIFICADO,SCOOTER_ELECTRICO,TRICIMOTO,VEHICULO_DEPORTIVO_UTILITARIO,SUMA_DE_VEHICULOS,EDAD_1,SEXO_1,CONDICION_1,PARTICIPANTE_1,CASCO_1,CINTURON_1,KMeans_Cluster
33453,142647,142648,2023,0,0,-0.358339,-78.548973,PICHINCHA,QUITO,QUITO,URBANA,2023-03-02,15:30:00,15,JUEVES,4,MARZO,3,NO,"NO RESPETAR LAS SENIALES REGLAMENTARIAS DE TRANSITO. (PARE, CEDA EL PASO, LUZ ROJA DEL SEMAFORO, ETC).",CHOQUE LATERAL,CAMION,1,0,0,1,0,0,0,0,0,0,0,0,0,2,43,HOMBRE,ILESO,CONDUCTOR PRESENTE,NO,NO,1
33454,142649,142650,2023,0,0,-0.238248,-78.484418,PICHINCHA,QUITO,QUITO,URBANA,2023-03-02,16:32:00,16,JUEVES,4,MARZO,3,NO,NO MANTENER LA DISTANCIA PRUDENCIAL CON RESPECTO AL VEHICULO QUE LE ANTECEDE.,CHOQUE POSTERIOR,FURGONETA,1,0,0,0,0,0,0,1,0,0,0,0,0,2,73,HOMBRE,ILESO,CONDUCTOR PRESENTE,NO,NO,1
33455,142651,142652,2023,0,0,-0.209157,-78.434156,PICHINCHA,QUITO,CUMBAYA,RURAL,2023-03-02,16:55:00,16,JUEVES,4,MARZO,3,NO,NO MANTENER LA DISTANCIA PRUDENCIAL CON RESPECTO AL VEHICULO QUE LE ANTECEDE.,CHOQUE POSTERIOR,AUTOMOVIL,2,0,0,0,0,0,0,0,0,0,0,0,0,2,47,HOMBRE,ILESO,CONDUCTOR PRESENTE,NO,NO,3
33456,142653,142654,2023,0,0,-0.241556,-78.495033,PICHINCHA,QUITO,QUITO,URBANA,2023-03-02,18:25:00,18,JUEVES,4,MARZO,3,NO,CONDUCIR VEHICULO SUPERANDO LOS LIMITES MAXIMOS DE VELOCIDAD.,COLISION,CAMION,2,0,0,1,0,0,0,0,0,0,0,0,0,3,44,HOMBRE,ILESO,CONDUCTOR PRESENTE,NO,NO,1
33457,142655,142656,2023,0,0,-0.303281,-78.569938,PICHINCHA,QUITO,QUITO,URBANA,2023-03-02,18:30:00,18,JUEVES,4,MARZO,3,NO,CONDUCIR VEHICULO SUPERANDO LOS LIMITES MAXIMOS DE VELOCIDAD.,OTROS,MOTOCICLETA,0,0,0,0,0,0,0,0,1,0,0,0,0,1,-1,NO IDENTIFICADO,NO IDENTIFICADO,CONDUCTOR AUSENTE,NO,NO,2
33458,142665,142666,2023,0,0,-0.266551,-78.534779,PICHINCHA,QUITO,QUITO,URBANA,2023-03-03,02:44:00,2,VIERNES,5,MARZO,3,NO,CONDUCIR VEHICULO SUPERANDO LOS LIMITES MAXIMOS DE VELOCIDAD.,ESTRELLAMIENTOS,AUTOMOVIL,1,0,0,0,0,0,0,0,0,0,0,0,0,1,62,HOMBRE,ILESO,CONDUCTOR PRESENTE,NO,NO,1
33459,142669,142670,2023,0,0,-0.200641,-78.497005,PICHINCHA,QUITO,QUITO,URBANA,2023-03-03,05:05:00,5,VIERNES,5,MARZO,3,NO,"NO RESPETAR LAS SENIALES REGLAMENTARIAS DE TRANSITO. (PARE, CEDA EL PASO, LUZ ROJA DEL SEMAFORO, ETC).",CHOQUE LATERAL,AUTOMOVIL,2,0,0,0,0,0,0,0,0,0,0,0,0,2,44,HOMBRE,ILESO,CONDUCTOR PRESENTE,NO,NO,1
33460,142673,142674,2023,0,0,-0.182378,-78.494082,PICHINCHA,QUITO,QUITO,URBANA,2023-03-03,07:15:00,7,VIERNES,5,MARZO,3,NO,CONDUCIR VEHICULO SUPERANDO LOS LIMITES MAXIMOS DE VELOCIDAD.,OTROS,MOTOCICLETA,0,0,0,0,0,0,0,0,1,0,0,0,0,1,-1,NO IDENTIFICADO,NO IDENTIFICADO,CONDUCTOR AUSENTE,NO,NO,2
33461,142674,142675,2023,0,0,-0.295502,-78.444146,PICHINCHA,QUITO,ALANGASI,RURAL,2023-03-03,08:00:00,8,VIERNES,5,MARZO,3,NO,REALIZAR CAMBIO BRUSCO O INDEBIDO DE CARRIL.,CHOQUE FRONTAL,CAMIONETA,1,0,0,0,1,0,0,0,0,0,0,0,0,2,25,HOMBRE,ILESO,CONDUCTOR PRESENTE,NO,NO,3
33462,142677,142678,2023,0,1,-0.391181,-78.541443,PICHINCHA,MEJIA,CUTUGLAHUA,URBANA,2023-03-03,09:10:00,9,VIERNES,5,MARZO,3,NO,"CONDUCIR DESATENTO A LAS CONDICIONES DE TRANSITO (CELULAR, PANTALLAS DE VIDEO, COMIDA, MAQUILLAJE O CUALQUIER OTRO ELEMENTO DISTRACTOR).",CHOQUE LATERAL,BUS,1,0,1,0,0,0,0,0,0,0,0,0,0,2,47,HOMBRE,FALLECIDO,CONDUCTOR PRESENTE,NO,SI,1
33463,142681,142682,2023,1,0,-0.202429,-78.501361,PICHINCHA,QUITO,QUITO,URBANA,2023-03-03,12:30:00,12,VIERNES,5,MARZO,3,NO,CONDUCIR VEHICULO SUPERANDO LOS LIMITES MAXIMOS DE VELOCIDAD.,ATROPELLOS,MOTOCICLETA,0,0,0,0,0,0,0,0,1,0,0,0,0,1,-1,HOMBRE,LESIONADO,PEATON,NO,NO,1
33464,142683,142684,2023,0,0,-0.195721,-78.484085,PICHINCHA,QUITO,QUITO,URBANA,2023-03-03,13:20:00,13,VIERNES,5,MARZO,3,NO,"NO RESPETAR LAS SENIALES REGLAMENTARIAS DE TRANSITO. (PARE, CEDA EL PASO, LUZ ROJA DEL SEMAFORO, ETC).",CHOQUE LATERAL,AUTOMOVIL,2,0,0,0,0,0,0,0,0,0,0,0,0,2,39,HOMBRE,ILESO,CONDUCTOR PRESENTE,NO,NO,1
33465,142687,142688,2023,0,0,-0.102275,-78.477241,PICHINCHA,QUITO,QUITO,URBANA,2023-03-03,14:20:00,14,VIERNES,5,MARZO,3,NO,"NO RESPETAR LAS SENIALES REGLAMENTARIAS DE TRANSITO. (PARE, CEDA EL PASO, LUZ ROJA DEL SEMAFORO, ETC).",CHOQUE LATERAL,CAMION,0,0,0,1,0,0,0,1,0,0,0,0,0,2,43,HOMBRE,ILESO,CONDUCTOR PRESENTE,NO,NO,1
33466,142688,142689,2023,1,0,-0.206459,-78.370159,PICHINCHA,QUITO,PUEMBO,RURAL,2023-03-03,14:27:00,14,VIERNES,5,MARZO,3,NO,CONDUCIR VEHICULO SUPERANDO LOS LIMITES MAXIMOS DE VELOCIDAD.,CHOQUE FRONTAL,CAMION,0,0,0,2,0,0,0,0,0,0,0,0,0,2,27,HOMBRE,LESIONADO,CONDUCTOR PRESENTE,NO,NO,3
33467,142692,142693,2023,0,0,-0.210759,-78.421154,PICHINCHA,QUITO,TUMBACO,RURAL,2023-03-03,16:00:00,16,VIERNES,5,MARZO,3,NO,"NO RESPETAR LAS SENIALES REGLAMENTARIAS DE TRANSITO. (PARE, CEDA EL PASO, LUZ ROJA DEL SEMAFORO, ETC).",COLISION,MOTOCICLETA,1,0,0,0,1,0,0,0,1,0,0,0,0,3,72,HOMBRE,ILESO,CONDUCTOR PRESENTE,NO,NO,3
33468,142703,142704,2023,1,0,-0.331942,-78.554665,PICHINCHA,QUITO,QUITO,URBANA,2023-03-03,18:30:00,18,VIERNES,5,MARZO,3,NO,PEATON QUE CRUZA LA CALZADA SIN RESPETAR LA SENIALIZACION EXISTENTE (SEMAFOROS O SENIALES MANUALES).,ATROPELLOS,NO IDENTIFICADO,0,0,0,0,0,0,0,0,0,1,0,0,0,1,30,HOMBRE,LESIONADO,PEATON,NO,NO,1
33469,142709,142710,2023,1,0,-0.126247,-78.468601,PICHINCHA,QUITO,QUITO,URBANA,2023-03-03,19:50:00,19,VIERNES,5,MARZO,3,NO,NO TRANSITAR POR LAS ACERAS O ZONAS DE SEGURIDAD DESTINADAS PARA EL EFECTO.,ATROPELLOS,MOTOCICLETA,0,0,0,0,0,0,0,0,1,0,0,0,0,1,75,MUJER,LESIONADO,PEATON,NO,NO,1
33470,142711,142712,2023,0,0,-0.085211,-78.424885,PICHINCHA,QUITO,CALDERON (CARAPUNGO),RURAL,2023-03-03,20:10:00,20,VIERNES,5,MARZO,3,NO,CONDUCIR VEHICULO SUPERANDO LOS LIMITES MAXIMOS DE VELOCIDAD.,CHOQUE LATERAL,AUTOMOVIL,2,0,0,0,0,0,0,0,0,0,0,0,0,2,41,HOMBRE,ILESO,CONDUCTOR PRESENTE,NO,NO,3
33471,142715,142716,2023,1,0,-0.264941,-78.550311,PICHINCHA,QUITO,QUITO,URBANA,2023-03-03,20:35:00,20,VIERNES,5,MARZO,3,NO,"CONDUCE BAJO LA INFLUENCIA DE ALCOHOL, SUSTANCIAS ESTUPEFACIENTES O PSICOTROPICAS Y/O MEDICAMENTOS.",CHOQUE POSTERIOR,MOTOCICLETA,1,0,0,0,0,0,0,0,1,0,0,0,0,2,19,HOMBRE,LESIONADO,CONDUCTOR PRESENTE,NO,NO,1
33472,142723,142724,2023,1,1,-0.130747,-78.305625,PICHINCHA,QUITO,CHECA (CHILPA),URBANA,2023-03-03,23:00:00,23,VIERNES,5,MARZO,3,NO,"CONDUCE BAJO LA INFLUENCIA DE ALCOHOL, SUSTANCIAS ESTUPEFACIENTES O PSICOTROPICAS Y/O MEDICAMENTOS.",CHOQUE FRONTAL,MOTOCICLETA,0,0,0,0,0,0,0,0,1,1,0,0,0,2,54,HOMBRE,FALLECIDO,CONDUCTOR PRESENTE,NO,SI,1
33473,142730,142731,2023,0,1,-0.102256,-78.463306,PICHINCHA,QUITO,QUITO,URBANA,2023-03-04,01:50:00,1,SABADO,6,MARZO,3,NO,"CONDICIONES AMBIENTALES Y/O ATMOSFERICAS (NIEBLA, NEBLINA, GRANIZO, LLUVIA).",ESTRELLAMIENTOS,MOTOCICLETA,0,0,0,0,0,0,0,0,1,0,0,0,0,1,27,HOMBRE,FALLECIDO,CONDUCTOR PRESENTE,NO,NO,1
33474,142734,142735,2023,2,0,-0.122214,-78.495562,PICHINCHA,QUITO,QUITO,URBANA,2023-03-04,02:25:00,2,SABADO,6,MARZO,3,NO,"CONDUCE BAJO LA INFLUENCIA DE ALCOHOL, SUSTANCIAS ESTUPEFACIENTES O PSICOTROPICAS Y/O MEDICAMENTOS.",OTROS,CAMIONETA,2,0,0,0,1,0,0,0,0,0,0,0,0,3,52,HOMBRE,LESIONADO,CONDUCTOR PRESENTE,NO,NO,1
33475,142738,142739,2023,1,0,-0.213332,-78.518913,PICHINCHA,QUITO,QUITO,URBANA,2023-03-04,03:00:00,3,SABADO,6,MARZO,3,NO,CONDUCIR VEHICULO SUPERANDO LOS LIMITES MAXIMOS DE VELOCIDAD.,PERDIDA DE CARRIL,MOTOCICLETA,0,0,0,0,0,0,0,0,1,0,0,0,0,1,23,HOMBRE,LESIONADO,CONDUCTOR PRESENTE,NO,NO,1
33476,142741,142742,2023,0,0,-0.220497,-78.423489,PICHINCHA,QUITO,TUMBACO,RURAL,2023-03-04,04:27:00,4,SABADO,6,MARZO,3,NO,CONDUCIR VEHICULO SUPERANDO LOS LIMITES MAXIMOS DE VELOCIDAD.,OTROS,AUTOMOVIL,4,0,0,0,0,0,0,0,0,0,0,0,0,4,54,HOMBRE,ILESO,CONDUCTOR PRESENTE,NO,NO,3
33477,142742,142743,2023,3,0,-0.192905,-78.443162,PICHINCHA,QUITO,NAYON,RURAL,2023-03-04,04:40:00,4,SABADO,6,MARZO,3,NO,CONDUCIR VEHICULO SUPERANDO LOS LIMITES MAXIMOS DE VELOCIDAD.,CHOQUE FRONTAL,AUTOMOVIL,2,0,0,0,0,0,0,0,0,0,0,0,0,2,23,MUJER,LESIONADO,PASAJERO,NO,NO,3
33478,142750,142751,2023,0,0,-0.297794,-78.455869,PICHINCHA,QUITO,ALANGASI,RURAL,2023-03-04,08:00:00,8,SABADO,6,MARZO,3,NO,"NO RESPETAR LAS SENIALES REGLAMENTARIAS DE TRANSITO. (PARE, CEDA EL PASO, LUZ ROJA DEL SEMAFORO, ETC).",CHOQUE LATERAL,AUTOMOVIL,2,0,0,0,0,0,0,0,0,0,0,0,0,2,36,HOMBRE,ILESO,CONDUCTOR PRESENTE,NO,NO,3
33479,142755,142756,2023,1,0,-0.087617,-78.486149,PICHINCHA,QUITO,QUITO,RURAL,2023-03-04,09:15:00,9,SABADO,6,MARZO,3,NO,"CONDUCIR DESATENTO A LAS CONDICIONES DE TRANSITO (CELULAR, PANTALLAS DE VIDEO, COMIDA, MAQUILLAJE O CUALQUIER OTRO ELEMENTO DISTRACTOR).",PERDIDA DE PISTA,MOTOCICLETA,0,0,0,0,0,0,0,0,1,0,0,0,0,1,35,HOMBRE,LESIONADO,CONDUCTOR PRESENTE,NO,SI,3
33480,142756,142757,2023,1,0,-0.244556,-78.533511,PICHINCHA,QUITO,QUITO,URBANA,2023-03-04,09:15:00,9,SABADO,6,MARZO,3,NO,NO CEDER EL DERECHO DE VIA O PREFERENCIA DE PASO AL PEATON.,ATROPELLOS,NO IDENTIFICADO,0,0,0,0,0,0,0,0,0,1,0,0,0,1,61,HOMBRE,LESIONADO,PEATON,NO,NO,1
33481,142758,142759,2023,0,0,-0.225783,-78.429334,PICHINCHA,QUITO,TUMBACO,RURAL,2023-03-04,10:25:00,10,SABADO,6,MARZO,3,NO,NO CEDER EL DERECHO DE VIA O PREFERENCIA DE PASO AL PEATON.,ATROPELLOS,CAMION,1,0,0,1,0,0,0,0,0,0,0,0,0,2,34,HOMBRE,ILESO,PEATON,NO,NO,3
33482,142767,142768,2023,0,0,-0.101129,-78.469108,PICHINCHA,QUITO,QUITO,URBANA,2023-03-04,14:02:00,14,SABADO,6,MARZO,3,NO,"NO RESPETAR LAS SENIALES REGLAMENTARIAS DE TRANSITO. (PARE, CEDA EL PASO, LUZ ROJA DEL SEMAFORO, ETC).",COLISION,AUTOMOVIL,3,0,0,0,0,0,0,0,0,0,0,0,0,3,46,HOMBRE,ILESO,CONDUCTOR PRESENTE,NO,NO,1
33483,142769,142770,2023,0,0,-0.140623,-78.475842,PICHINCHA,QUITO,QUITO,URBANA,2023-03-04,14:40:00,14,SABADO,6,MARZO,3,NO,"NO RESPETAR LAS SENIALES REGLAMENTARIAS DE TRANSITO. (PARE, CEDA EL PASO, LUZ ROJA DEL SEMAFORO, ETC).",CHOQUE LATERAL,AUTOMOVIL,2,0,0,0,0,0,0,0,0,0,0,0,0,2,21,HOMBRE,ILESO,CONDUCTOR PRESENTE,NO,NO,1
33484,142771,142772,2023,1,0,-0.262441,-78.542431,PICHINCHA,QUITO,QUITO,URBANA,2023-03-04,15:45:00,15,SABADO,6,MARZO,3,NO,"NO RESPETAR LAS SENIALES REGLAMENTARIAS DE TRANSITO. (PARE, CEDA EL PASO, LUZ ROJA DEL SEMAFORO, ETC).",CHOQUE LATERAL,MOTOCICLETA,1,0,0,0,0,0,0,0,1,0,0,0,0,2,34,HOMBRE,LESIONADO,CONDUCTOR PRESENTE,NO,NO,1
33485,142773,142774,2023,1,0,-0.140984,-78.500843,PICHINCHA,QUITO,QUITO,URBANA,2023-03-04,16:40:00,16,SABADO,6,MARZO,3,NO,"NO RESPETAR LAS SENIALES REGLAMENTARIAS DE TRANSITO. (PARE, CEDA EL PASO, LUZ ROJA DEL SEMAFORO, ETC).",CHOQUE LATERAL,CAMION,0,0,0,1,0,0,0,0,1,0,0,0,0,2,19,HOMBRE,LESIONADO,CONDUCTOR PRESENTE,NO,NO,1
33486,142778,142779,2023,0,0,-0.297886,-78.531157,PICHINCHA,QUITO,QUITO,URBANA,2023-03-04,17:07:00,17,SABADO,6,MARZO,3,NO,CONDUCIR VEHICULO SUPERANDO LOS LIMITES MAXIMOS DE VELOCIDAD.,ESTRELLAMIENTOS,CAMION,0,0,0,1,0,0,0,0,0,0,0,0,0,1,-1,NO IDENTIFICADO,NO IDENTIFICADO,CONDUCTOR AUSENTE,NO,NO,2
33487,142794,142795,2023,0,0,-0.272181,-78.537755,PICHINCHA,QUITO,QUITO,URBANA,2023-03-04,20:50:00,20,SABADO,6,MARZO,3,NO,CONDUCIR VEHICULO SUPERANDO LOS LIMITES MAXIMOS DE VELOCIDAD.,ESTRELLAMIENTOS,AUTOMOVIL,1,0,0,0,0,0,0,0,0,0,0,0,0,1,23,HOMBRE,ILESO,CONDUCTOR PRESENTE,NO,NO,1
33488,142803,142804,2023,0,0,-0.295786,-78.461881,PICHINCHA,RUMINIAHUI,SANGOLQUI,URBANA,2023-03-04,22:30:00,22,SABADO,6,MARZO,3,NO,CONDUCIR VEHICULO SUPERANDO LOS LIMITES MAXIMOS DE VELOCIDAD.,COLISION,FURGONETA,1,0,0,0,2,0,0,1,0,0,0,0,0,4,52,HOMBRE,ILESO,CONDUCTOR PRESENTE,NO,SI,1
33489,142815,142816,2023,0,0,-0.191817,-78.454094,PICHINCHA,QUITO,NAYON,URBANA,2023-03-05,02:15:00,2,DOMINGO,7,MARZO,3,NO,CONDUCIR VEHICULO SUPERANDO LOS LIMITES MAXIMOS DE VELOCIDAD.,PERDIDA DE CARRIL,CAMIONETA,0,0,0,0,1,0,0,0,0,0,0,0,0,1,-1,NO IDENTIFICADO,NO IDENTIFICADO,CONDUCTOR AUSENTE,NO,NO,2
33490,142820,142821,2023,0,0,-0.278401,-78.558901,PICHINCHA,QUITO,QUITO,URBANA,2023-03-05,03:00:00,3,DOMINGO,7,MARZO,3,NO,CONDUCIR VEHICULO SUPERANDO LOS LIMITES MAXIMOS DE VELOCIDAD.,ESTRELLAMIENTOS,CAMIONETA,0,0,0,0,1,0,0,0,0,0,0,0,0,1,-1,NO IDENTIFICADO,NO IDENTIFICADO,CONDUCTOR AUSENTE,NO,NO,2
33491,142821,142822,2023,0,0,-0.243273,-78.532971,PICHINCHA,QUITO,QUITO,URBANA,2023-03-05,03:00:00,3,DOMINGO,7,MARZO,3,NO,NO MANTENER LA DISTANCIA PRUDENCIAL CON RESPECTO AL VEHICULO QUE LE ANTECEDE.,CHOQUE POSTERIOR,AUTOMOVIL,2,0,0,0,0,0,0,0,0,0,0,0,0,2,57,HOMBRE,ILESO,CONDUCTOR PRESENTE,NO,NO,1
33492,142825,142826,2023,1,0,-0.278968,-78.552853,PICHINCHA,QUITO,QUITO,URBANA,2023-03-05,03:30:00,3,DOMINGO,7,MARZO,3,NO,"CONDUCE BAJO LA INFLUENCIA DE ALCOHOL, SUSTANCIAS ESTUPEFACIENTES O PSICOTROPICAS Y/O MEDICAMENTOS.",CHOQUE LATERAL,AUTOMOVIL,2,0,0,0,0,0,0,0,0,0,0,0,0,2,40,MUJER,LESIONADO,PASAJERO,NO,NO,1
33493,142832,142833,2023,1,0,-0.280815,-78.548813,PICHINCHA,QUITO,QUITO,URBANA,2023-03-05,05:20:00,5,DOMINGO,7,MARZO,3,NO,"CONDUCE BAJO LA INFLUENCIA DE ALCOHOL, SUSTANCIAS ESTUPEFACIENTES O PSICOTROPICAS Y/O MEDICAMENTOS.",CHOQUE LATERAL,BUS,1,0,1,0,0,0,0,0,0,0,0,0,0,2,35,HOMBRE,LESIONADO,PASAJERO,NO,NO,1
33494,142834,142835,2023,0,0,-0.215777,-78.404431,PICHINCHA,QUITO,TUMBACO,RURAL,2023-03-05,05:45:00,5,DOMINGO,7,MARZO,3,NO,CONDUCIR VEHICULO SUPERANDO LOS LIMITES MAXIMOS DE VELOCIDAD.,ESTRELLAMIENTOS,AUTOMOVIL,1,0,0,0,0,0,0,0,0,0,0,0,0,1,-1,NO IDENTIFICADO,NO IDENTIFICADO,CONDUCTOR AUSENTE,NO,NO,2
33495,142838,142839,2023,3,3,-0.003267,-78.518786,PICHINCHA,QUITO,CALACALI,RURAL,2023-03-05,06:40:00,6,DOMINGO,7,MARZO,3,NO,"CONDUCIR DESATENTO A LAS CONDICIONES DE TRANSITO (CELULAR, PANTALLAS DE VIDEO, COMIDA, MAQUILLAJE O CUALQUIER OTRO ELEMENTO DISTRACTOR).",CHOQUE FRONTAL,FURGONETA,1,0,0,0,0,0,0,1,0,0,0,0,0,2,24,HOMBRE,FALLECIDO,PASAJERO,NO,SI,3
33496,142852,142853,2023,1,0,-0.238888,-78.491833,PICHINCHA,QUITO,QUITO,URBANA,2023-03-05,12:55:00,12,DOMINGO,7,MARZO,3,NO,CONDUCIR VEHICULO SUPERANDO LOS LIMITES MAXIMOS DE VELOCIDAD.,ESTRELLAMIENTOS,AUTOMOVIL,1,0,0,0,0,0,0,0,0,0,0,0,0,1,62,HOMBRE,LESIONADO,CONDUCTOR PRESENTE,NO,NO,1
33497,142854,142855,2023,1,0,-0.235316,-78.471792,PICHINCHA,QUITO,QUITO,URBANA,2023-03-05,13:30:00,13,DOMINGO,7,MARZO,3,NO,CONDUCIR VEHICULO SUPERANDO LOS LIMITES MAXIMOS DE VELOCIDAD.,PERDIDA DE CARRIL,CAMIONETA,0,0,0,0,1,0,0,0,0,0,0,0,0,1,36,HOMBRE,LESIONADO,CONDUCTOR PRESENTE,NO,NO,1
33498,142856,142857,2023,1,0,-0.232612,-78.513932,PICHINCHA,QUITO,QUITO,URBANA,2023-03-05,14:15:00,14,DOMINGO,7,MARZO,3,NO,CONDUCIR VEHICULO SUPERANDO LOS LIMITES MAXIMOS DE VELOCIDAD.,PERDIDA DE CARRIL,BICICLETA,0,1,0,0,0,0,0,0,0,0,0,0,0,1,17,MUJER,LESIONADO,CONDUCTOR PRESENTE,NO,NO,1
33499,142857,142858,2023,0,0,-0.254261,-78.483687,PICHINCHA,QUITO,CONOCOTO,URBANA,2023-03-05,14:30:00,14,DOMINGO,7,MARZO,3,NO,CONDUCIR VEHICULO SUPERANDO LOS LIMITES MAXIMOS DE VELOCIDAD.,CHOQUE POSTERIOR,VEHICULO DEPORTIVO UTILITARIO,1,0,0,0,0,0,0,0,0,0,0,0,1,2,33,HOMBRE,ILESO,CONDUCTOR PRESENTE,NO,SI,1
33500,142880,142881,2023,1,0,-0.308591,-78.525311,PICHINCHA,QUITO,QUITO,URBANA,2023-03-05,21:00:00,21,DOMINGO,7,MARZO,3,NO,NO CEDER EL DERECHO DE VIA O PREFERENCIA DE PASO AL PEATON.,ATROPELLOS,NO IDENTIFICADO,0,0,0,0,0,0,0,0,0,1,0,0,0,1,20,HOMBRE,LESIONADO,PEATON,NO,NO,1
33501,142882,142883,2023,0,1,0.016144,-78.132791,PICHINCHA,CAYAMBE,CAYAMBE,URBANA,2023-03-05,21:50:00,21,DOMINGO,7,MARZO,3,NO,"CONDUCIR DESATENTO A LAS CONDICIONES DE TRANSITO (CELULAR, PANTALLAS DE VIDEO, COMIDA, MAQUILLAJE O CUALQUIER OTRO ELEMENTO DISTRACTOR).",ESTRELLAMIENTOS,BUS,0,0,1,0,0,0,0,0,0,1,0,0,0,2,20,HOMBRE,FALLECIDO,CONDUCTOR PRESENTE,NO,SI,1
33502,142886,142887,2023,0,0,-0.293747,-78.463214,PICHINCHA,QUITO,CONOCOTO,URBANA,2023-03-05,23:00:00,23,DOMINGO,7,MARZO,3,NO,"CONDUCE BAJO LA INFLUENCIA DE ALCOHOL, SUSTANCIAS ESTUPEFACIENTES O PSICOTROPICAS Y/O MEDICAMENTOS.",CHOQUE LATERAL,AUTOMOVIL,2,0,0,0,0,0,0,0,0,0,0,0,0,2,42,HOMBRE,ILESO,CONDUCTOR PRESENTE,NO,SI,1
33503,142887,142888,2023,0,0,-0.259626,-78.530399,PICHINCHA,QUITO,QUITO,URBANA,2023-03-05,23:30:00,23,DOMINGO,7,MARZO,3,NO,CONDUCIR VEHICULO SUPERANDO LOS LIMITES MAXIMOS DE VELOCIDAD.,ESTRELLAMIENTOS,AUTOMOVIL,1,0,0,0,0,0,0,0,0,0,0,0,0,1,39,HOMBRE,ILESO,CONDUCTOR PRESENTE,NO,NO,1
33504,142889,142890,2023,3,0,-0.242654,-78.497458,PICHINCHA,QUITO,QUITO,URBANA,2023-03-06,00:15:00,0,LUNES,1,MARZO,3,NO,CONDUCIR VEHICULO SUPERANDO LOS LIMITES MAXIMOS DE VELOCIDAD.,ESTRELLAMIENTOS,AUTOMOVIL,1,0,0,0,0,0,0,0,0,0,0,0,0,1,35,HOMBRE,LESIONADO,PASAJERO,NO,NO,1
33505,142897,142898,2023,1,0,-0.229415,-78.512604,PICHINCHA,QUITO,QUITO,URBANA,2023-03-06,09:40:00,9,LUNES,1,MARZO,3,NO,CONDUCIR VEHICULO SUPERANDO LOS LIMITES MAXIMOS DE VELOCIDAD.,PERDIDA DE CARRIL,MOTOCICLETA,0,0,0,0,0,0,0,0,1,0,0,0,0,1,33,HOMBRE,LESIONADO,CONDUCTOR PRESENTE,NO,NO,1
33506,142904,142905,2023,1,0,-0.330549,-78.550502,PICHINCHA,QUITO,QUITO,URBANA,2023-03-06,14:46:00,14,LUNES,1,MARZO,3,NO,NO CEDER EL DERECHO DE VIA O PREFERENCIA DE PASO A VEHICULOS.,ATROPELLOS,FURGONETA,0,0,0,0,0,0,0,1,0,0,0,0,0,1,-1,HOMBRE,LESIONADO,PEATON,NO,NO,1
33507,142908,142909,2023,1,0,-0.317692,-78.547453,PICHINCHA,QUITO,QUITO,URBANA,2023-03-06,15:53:00,15,LUNES,1,MARZO,3,NO,NO CEDER EL DERECHO DE VIA O PREFERENCIA DE PASO A VEHICULOS.,ATROPELLOS,FURGONETA,0,0,0,0,0,0,0,1,0,0,0,0,0,1,5,MUJER,LESIONADO,PEATON,NO,NO,1
33508,142915,142916,2023,2,0,-0.301907,-78.533874,PICHINCHA,QUITO,QUITO,URBANA,2023-03-06,18:15:00,18,LUNES,1,MARZO,3,NO,CONDUCIR VEHICULO SUPERANDO LOS LIMITES MAXIMOS DE VELOCIDAD.,PERDIDA DE CARRIL,MOTOCICLETA,0,0,0,0,0,0,0,0,1,0,0,0,0,1,37,HOMBRE,LESIONADO,CONDUCTOR PRESENTE,NO,NO,1
33509,142919,142920,2023,1,0,-0.104441,-78.427268,PICHINCHA,QUITO,CALDERON (CARAPUNGO),RURAL,2023-03-06,19:56:00,19,LUNES,1,MARZO,3,NO,NO TRANSITAR POR LAS ACERAS O ZONAS DE SEGURIDAD DESTINADAS PARA EL EFECTO.,ATROPELLOS,AUTOMOVIL,1,0,0,0,0,0,0,0,0,0,0,0,0,1,28,HOMBRE,LESIONADO,PEATON,NO,NO,3
33510,142924,142925,2023,1,0,-0.318599,-78.549285,PICHINCHA,QUITO,QUITO,URBANA,2023-03-07,05:30:00,5,MARTES,2,MARZO,3,NO,"NO RESPETAR LAS SENIALES REGLAMENTARIAS DE TRANSITO. (PARE, CEDA EL PASO, LUZ ROJA DEL SEMAFORO, ETC).",CHOQUE LATERAL,NO IDENTIFICADO,0,0,0,0,0,0,0,0,0,2,0,0,0,2,36,HOMBRE,LESIONADO,CONDUCTOR PRESENTE,NO,NO,1