,Unnamed: 0,ID,ANIO,LESIONADOS,FALLECIDOS,LATITUD_Y,LONGITUD_X,PROVINCIA,CANTON,PARROQUIA,ZONA,FECHA,HORA,PERIODO_2,DIA_1,DIA_2,MES_1,MES_2,FERIADO,CAUSA_PROBABLE,TIPO_DE_SINIESTRO,TIPO_DE_VEHICULO_1,AUTOMOVIL,BICICLETA,BUS,CAMION,CAMIONETA,EMERGENCIAS,ESPECIAL,FURGONETA,MOTOCICLETA,NO_IDENTIFICADO,SCOOTER_ELECTRICO,TRICIMOTO,VEHICULO_DEPORTIVO_UTILITARIO,SUMA_DE_VEHICULOS,EDAD_1,SEXO_1,CONDICION_1,PARTICIPANTE_1,CASCO_1,CINTURON_1,KMeans_Cluster
33511,142925,142926,2023,0,1,-0.092121,-78.412571,PICHINCHA,QUITO,CALDERON (CARAPUNGO),URBANA,2023-03-07,05:50:00,5,MARTES,2,MARZO,3,NO,NO TRANSITAR POR LAS ACERAS O ZONAS DE SEGURIDAD DESTINADAS PARA EL EFECTO.,ATROPELLOS,AUTOMOVIL,1,0,0,0,0,0,0,0,0,0,0,0,0,1,34,HOMBRE,FALLECIDO,PEATON,NO,SI,1
33512,142926,142927,2023,1,0,-0.128213,-78.471166,PICHINCHA,QUITO,QUITO,URBANA,2023-03-07,06:55:00,6,MARTES,2,MARZO,3,NO,NO TRANSITAR POR LAS ACERAS O ZONAS DE SEGURIDAD DESTINADAS PARA EL EFECTO.,ATROPELLOS,AUTOMOVIL,1,0,0,0,0,0,0,0,0,0,0,0,0,1,70,MUJER,LESIONADO,PEATON,NO,NO,1
33513,142927,142928,2023,2,0,-0.140461,-78.477894,PICHINCHA,QUITO,QUITO,URBANA,2023-03-07,07:20:00,7,MARTES,2,MARZO,3,NO,"NO RESPETAR LAS SENIALES REGLAMENTARIAS DE TRANSITO. (PARE, CEDA EL PASO, LUZ ROJA DEL SEMAFORO, ETC).",CHOQUE LATERAL,MOTOCICLETA,0,0,0,0,1,0,0,0,1,0,0,0,0,2,31,HOMBRE,LESIONADO,CONDUCTOR PRESENTE,NO,NO,1
33514,142934,142935,2023,0,1,0.030643,-78.149727,PICHINCHA,CAYAMBE,CAYAMBE,RURAL,2023-03-07,11:45:00,11,MARTES,2,MARZO,3,NO,NO TRANSITAR POR LAS ACERAS O ZONAS DE SEGURIDAD DESTINADAS PARA EL EFECTO.,ATROPELLOS,AUTOMOVIL,1,0,0,0,0,0,0,0,0,0,0,0,0,1,61,MUJER,FALLECIDO,PEATON,NO,SI,3
33515,142950,142951,2023,1,1,-0.168551,-78.452691,PICHINCHA,QUITO,QUITO,URBANA,2023-03-07,18:20:00,18,MARTES,2,MARZO,3,NO,"CONDICIONES AMBIENTALES Y/O ATMOSFERICAS (NIEBLA, NEBLINA, GRANIZO, LLUVIA).",CHOQUE LATERAL,MOTOCICLETA,1,0,0,0,0,0,0,0,1,0,0,0,0,2,30,MUJER,FALLECIDO,PASAJERO,SI,NO,1
33516,142956,142957,2023,0,1,-0.235031,-78.335871,PICHINCHA,QUITO,PIFO,URBANA,2023-03-07,21:30:00,21,MARTES,2,MARZO,3,NO,"CONDUCIR DESATENTO A LAS CONDICIONES DE TRANSITO (CELULAR, PANTALLAS DE VIDEO, COMIDA, MAQUILLAJE O CUALQUIER OTRO ELEMENTO DISTRACTOR).",ARROLLAMIENTOS,MOTOCICLETA,0,0,0,0,0,0,0,0,1,0,0,0,0,1,36,HOMBRE,FALLECIDO,CONDUCTOR PRESENTE,NO,SI,1
33517,142958,142959,2023,2,0,-0.297661,-78.550246,PICHINCHA,QUITO,QUITO,URBANA,2023-03-07,22:20:00,22,MARTES,2,MARZO,3,NO,"CONDICIONES AMBIENTALES Y/O ATMOSFERICAS (NIEBLA, NEBLINA, GRANIZO, LLUVIA).",CHOQUE LATERAL,MOTOCICLETA,1,0,0,0,0,0,0,0,1,0,0,0,0,2,19,HOMBRE,LESIONADO,CONDUCTOR PRESENTE,NO,NO,1
33518,142960,142961,2023,0,0,-0.185594,-78.494182,PICHINCHA,QUITO,QUITO,URBANA,2023-03-07,23:00:00,23,MARTES,2,MARZO,3,NO,"NO RESPETAR LAS SENIALES REGLAMENTARIAS DE TRANSITO. (PARE, CEDA EL PASO, LUZ ROJA DEL SEMAFORO, ETC).",CHOQUE LATERAL,AUTOMOVIL,2,0,0,0,0,0,0,0,0,0,0,0,0,2,29,HOMBRE,ILESO,CONDUCTOR PRESENTE,NO,NO,1
33519,142962,142963,2023,0,0,-0.186672,-78.479442,PICHINCHA,QUITO,QUITO,URBANA,2023-03-08,00:00:00,0,MIERCOLES,3,MARZO,3,NO,"CONDUCE BAJO LA INFLUENCIA DE ALCOHOL, SUSTANCIAS ESTUPEFACIENTES O PSICOTROPICAS Y/O MEDICAMENTOS.",CHOQUE LATERAL,AUTOMOVIL,2,0,0,0,0,0,0,0,0,0,0,0,0,2,42,HOMBRE,ILESO,CONDUCTOR PRESENTE,NO,NO,1
33520,142964,142965,2023,0,0,-0.228593,-78.500624,PICHINCHA,QUITO,QUITO,URBANA,2023-03-08,00:55:00,0,MIERCOLES,3,MARZO,3,NO,CONDUCIR VEHICULO SUPERANDO LOS LIMITES MAXIMOS DE VELOCIDAD.,ESTRELLAMIENTOS,AUTOMOVIL,1,0,0,0,0,0,0,0,0,0,0,0,0,1,26,HOMBRE,ILESO,PASAJERO,NO,NO,1
33521,142980,142981,2023,2,0,-0.306432,-78.570091,PICHINCHA,QUITO,QUITO,URBANA,2023-03-08,09:15:00,9,MIERCOLES,3,MARZO,3,NO,NO CEDER EL DERECHO DE VIA O PREFERENCIA DE PASO A VEHICULOS.,OTROS,MOTOCICLETA,0,0,0,0,0,0,0,0,1,1,0,0,0,2,15,HOMBRE,LESIONADO,PASAJERO,NO,NO,1
33522,142981,142982,2023,0,0,-0.211359,-78.493047,PICHINCHA,QUITO,QUITO,URBANA,2023-03-08,11:00:00,11,MIERCOLES,3,MARZO,3,NO,"NO RESPETAR LAS SENIALES REGLAMENTARIAS DE TRANSITO. (PARE, CEDA EL PASO, LUZ ROJA DEL SEMAFORO, ETC).",CHOQUE LATERAL,BUS,1,0,1,0,0,0,0,0,0,0,0,0,0,2,37,HOMBRE,ILESO,CONDUCTOR PRESENTE,NO,NO,1
33523,142982,142983,2023,1,0,-0.268624,-78.542592,PICHINCHA,QUITO,QUITO,URBANA,2023-03-08,12:05:00,12,MIERCOLES,3,MARZO,3,NO,"CONDUCE BAJO LA INFLUENCIA DE ALCOHOL, SUSTANCIAS ESTUPEFACIENTES O PSICOTROPICAS Y/O MEDICAMENTOS.",ATROPELLOS,AUTOMOVIL,2,0,0,0,0,0,0,0,0,0,0,0,0,2,61,HOMBRE,LESIONADO,PEATON,NO,NO,1
33524,142984,142985,2023,1,0,-0.200591,-78.497109,PICHINCHA,QUITO,QUITO,URBANA,2023-03-08,13:00:00,13,MIERCOLES,3,MARZO,3,NO,"NO RESPETAR LAS SENIALES REGLAMENTARIAS DE TRANSITO. (PARE, CEDA EL PASO, LUZ ROJA DEL SEMAFORO, ETC).",CHOQUE LATERAL,MOTOCICLETA,1,0,0,0,0,0,0,0,1,0,0,0,0,2,20,HOMBRE,LESIONADO,CONDUCTOR PRESENTE,NO,NO,1
33525,142989,142990,2023,0,0,-0.190443,-78.454364,PICHINCHA,QUITO,QUITO,URBANA,2023-03-08,14:10:00,14,MIERCOLES,3,MARZO,3,NO,"CONDICIONES AMBIENTALES Y/O ATMOSFERICAS (NIEBLA, NEBLINA, GRANIZO, LLUVIA).",COLISION,AUTOMOVIL,3,0,0,0,0,0,0,0,0,0,0,0,0,3,44,HOMBRE,ILESO,CONDUCTOR PRESENTE,NO,NO,1
33526,142990,142991,2023,0,0,-0.280439,-78.556595,PICHINCHA,QUITO,QUITO,URBANA,2023-03-08,14:45:00,14,MIERCOLES,3,MARZO,3,NO,"NO RESPETAR LAS SENIALES REGLAMENTARIAS DE TRANSITO. (PARE, CEDA EL PASO, LUZ ROJA DEL SEMAFORO, ETC).",CHOQUE LATERAL,AUTOMOVIL,2,0,0,0,0,0,0,0,0,0,0,0,0,2,72,HOMBRE,ILESO,CONDUCTOR PRESENTE,NO,NO,1
33527,142992,142993,2023,1,0,-0.250376,-78.537564,PICHINCHA,QUITO,QUITO,URBANA,2023-03-08,16:40:00,16,MIERCOLES,3,MARZO,3,NO,NO CEDER EL DERECHO DE VIA O PREFERENCIA DE PASO A VEHICULOS.,ATROPELLOS,BUS,0,0,1,0,0,0,0,0,0,0,0,0,0,1,-1,HOMBRE,LESIONADO,PEATON,NO,NO,1
33528,142995,142996,2023,0,0,-0.189939,-78.478041,PICHINCHA,QUITO,QUITO,URBANA,2023-03-08,17:10:00,17,MIERCOLES,3,MARZO,3,NO,"CONDICIONES AMBIENTALES Y/O ATMOSFERICAS (NIEBLA, NEBLINA, GRANIZO, LLUVIA).",ESTRELLAMIENTOS,AUTOMOVIL,1,0,0,0,0,0,0,0,0,0,0,0,0,1,43,HOMBRE,ILESO,CONDUCTOR PRESENTE,NO,NO,1
33529,142996,142997,2023,2,0,-0.304376,-78.551424,PICHINCHA,QUITO,QUITO,URBANA,2023-03-08,17:25:00,17,MIERCOLES,3,MARZO,3,NO,"CONDUCE BAJO LA INFLUENCIA DE ALCOHOL, SUSTANCIAS ESTUPEFACIENTES O PSICOTROPICAS Y/O MEDICAMENTOS.",CHOQUE LATERAL,MOTOCICLETA,1,0,0,0,0,0,0,0,1,0,0,0,0,2,28,HOMBRE,LESIONADO,PASAJERO,NO,NO,1
33530,142997,142998,2023,0,0,-0.206311,-78.433374,PICHINCHA,QUITO,CUMBAYA,RURAL,2023-03-08,17:55:00,17,MIERCOLES,3,MARZO,3,NO,"CONDICIONES AMBIENTALES Y/O ATMOSFERICAS (NIEBLA, NEBLINA, GRANIZO, LLUVIA).",OTROS,AUTOMOVIL,2,0,0,0,0,0,0,0,0,0,0,0,0,2,23,HOMBRE,ILESO,CONDUCTOR PRESENTE,NO,NO,3
33531,143000,143001,2023,1,0,-0.227606,-78.494498,PICHINCHA,QUITO,QUITO,URBANA,2023-03-08,18:35:00,18,MIERCOLES,3,MARZO,3,NO,"CONDUCE BAJO LA INFLUENCIA DE ALCOHOL, SUSTANCIAS ESTUPEFACIENTES O PSICOTROPICAS Y/O MEDICAMENTOS.",CHOQUE FRONTAL,MOTOCICLETA,1,0,0,0,0,0,0,0,1,0,0,0,0,2,28,HOMBRE,LESIONADO,CONDUCTOR PRESENTE,NO,NO,1
33532,143009,143010,2023,0,0,-0.072286,-78.474913,PICHINCHA,QUITO,POMASQUI,RURAL,2023-03-08,20:50:00,20,MIERCOLES,3,MARZO,3,NO,"CONDUCIR DESATENTO A LAS CONDICIONES DE TRANSITO (CELULAR, PANTALLAS DE VIDEO, COMIDA, MAQUILLAJE O CUALQUIER OTRO ELEMENTO DISTRACTOR).",CHOQUE LATERAL,AUTOMOVIL,2,0,0,0,0,0,0,0,0,0,0,0,0,2,61,HOMBRE,ILESO,CONDUCTOR PRESENTE,NO,SI,3
33533,143023,143024,2023,0,0,-0.063359,-78.360788,PICHINCHA,QUITO,GUAYLLABAMBA,URBANA,2023-03-09,07:50:00,7,JUEVES,4,MARZO,3,NO,"CONDUCIR DESATENTO A LAS CONDICIONES DE TRANSITO (CELULAR, PANTALLAS DE VIDEO, COMIDA, MAQUILLAJE O CUALQUIER OTRO ELEMENTO DISTRACTOR).",CHOQUE LATERAL,CAMION,1,0,0,1,1,0,0,0,0,0,0,0,0,3,50,HOMBRE,ILESO,CONDUCTOR PRESENTE,NO,SI,1
33534,143024,143025,2023,0,0,-0.183661,-78.490325,PICHINCHA,QUITO,QUITO,URBANA,2023-03-09,08:00:00,8,JUEVES,4,MARZO,3,NO,"NO RESPETAR LAS SENIALES REGLAMENTARIAS DE TRANSITO. (PARE, CEDA EL PASO, LUZ ROJA DEL SEMAFORO, ETC).",CHOQUE LATERAL,MOTOCICLETA,1,0,0,0,0,0,0,0,1,0,0,0,0,2,20,HOMBRE,ILESO,CONDUCTOR PRESENTE,NO,NO,1
33535,143032,143033,2023,1,0,-0.183103,-78.503804,PICHINCHA,QUITO,QUITO,URBANA,2023-03-09,12:30:00,12,JUEVES,4,MARZO,3,NO,"CONDICIONES AMBIENTALES Y/O ATMOSFERICAS (NIEBLA, NEBLINA, GRANIZO, LLUVIA).",CHOQUE LATERAL,MOTOCICLETA,1,0,0,0,0,0,0,0,1,0,0,0,0,2,33,HOMBRE,LESIONADO,CONDUCTOR PRESENTE,NO,NO,1
33536,143047,143048,2023,0,0,-0.342042,-78.548987,PICHINCHA,QUITO,QUITO,URBANA,2023-03-10,01:15:00,1,VIERNES,5,MARZO,3,NO,"CONDICIONES AMBIENTALES Y/O ATMOSFERICAS (NIEBLA, NEBLINA, GRANIZO, LLUVIA).",ESTRELLAMIENTOS,AUTOMOVIL,1,0,0,0,0,0,0,0,0,0,0,0,0,1,29,HOMBRE,ILESO,CONDUCTOR PRESENTE,NO,NO,1
33537,143050,143051,2023,0,0,-0.218107,-78.386555,PICHINCHA,QUITO,TUMBACO,RURAL,2023-03-10,04:23:00,4,VIERNES,5,MARZO,3,NO,"CONDICIONES AMBIENTALES Y/O ATMOSFERICAS (NIEBLA, NEBLINA, GRANIZO, LLUVIA).",ESTRELLAMIENTOS,AUTOMOVIL,1,0,0,0,0,0,0,0,0,0,0,0,0,1,25,HOMBRE,ILESO,CONDUCTOR PRESENTE,NO,NO,3
33538,143054,143055,2023,0,0,-0.268111,-78.496277,PICHINCHA,QUITO,CONOCOTO,RURAL,2023-03-10,05:55:00,5,VIERNES,5,MARZO,3,NO,NO MANTENER LA DISTANCIA PRUDENCIAL CON RESPECTO AL VEHICULO QUE LE ANTECEDE.,COLISION,BUS,3,0,1,0,0,0,0,0,0,0,0,0,0,4,47,HOMBRE,ILESO,CONDUCTOR PRESENTE,NO,NO,3
33539,143055,143056,2023,1,2,-0.188571,-78.441341,PICHINCHA,QUITO,NAYON,RURAL,2023-03-10,06:34:00,6,VIERNES,5,MARZO,3,NO,REALIZAR CAMBIO BRUSCO O INDEBIDO DE CARRIL.,OTROS,BUS,1,0,1,0,0,0,0,0,0,0,0,0,0,2,19,HOMBRE,FALLECIDO,CONDUCTOR PRESENTE,NO,NO,3
33540,143056,143057,2023,1,0,-0.067672,-78.372445,PICHINCHA,QUITO,GUAYLLABAMBA,URBANA,2023-03-10,07:00:00,7,VIERNES,5,MARZO,3,NO,"CONDUCIR DESATENTO A LAS CONDICIONES DE TRANSITO (CELULAR, PANTALLAS DE VIDEO, COMIDA, MAQUILLAJE O CUALQUIER OTRO ELEMENTO DISTRACTOR).",CHOQUE POSTERIOR,CAMIONETA,0,0,0,0,1,0,0,0,0,1,0,0,0,2,23,MUJER,LESIONADO,PASAJERO,NO,SI,1
33541,143061,143062,2023,1,0,-0.279477,-78.694241,PICHINCHA,QUITO,LLOA,RURAL,2023-03-10,11:00:00,11,VIERNES,5,MARZO,3,NO,"CONDICIONES AMBIENTALES Y/O ATMOSFERICAS (NIEBLA, NEBLINA, GRANIZO, LLUVIA).",PERDIDA DE CARRIL,CAMION,0,0,0,1,0,0,0,0,0,0,0,0,0,1,66,HOMBRE,LESIONADO,CONDUCTOR PRESENTE,NO,NO,3
33542,143062,143063,2023,1,0,-0.218783,-78.509011,PICHINCHA,QUITO,QUITO,URBANA,2023-03-10,11:05:00,11,VIERNES,5,MARZO,3,NO,"NO RESPETAR LAS SENIALES REGLAMENTARIAS DE TRANSITO. (PARE, CEDA EL PASO, LUZ ROJA DEL SEMAFORO, ETC).",ATROPELLOS,MOTOCICLETA,0,0,0,0,0,0,0,0,1,0,0,0,0,1,6,HOMBRE,LESIONADO,PEATON,NO,NO,1
33543,143063,143064,2023,1,0,-0.044766,-78.285498,PICHINCHA,CAYAMBE,SANTA ROSA DE CUZUBAMBA,URBANA,2023-03-10,11:10:00,11,VIERNES,5,MARZO,3,NO,"CONDUCIR DESATENTO A LAS CONDICIONES DE TRANSITO (CELULAR, PANTALLAS DE VIDEO, COMIDA, MAQUILLAJE O CUALQUIER OTRO ELEMENTO DISTRACTOR).",CAIDA DE PASAJERO,NO IDENTIFICADO,0,0,0,0,0,0,0,0,0,1,0,0,0,1,84,HOMBRE,LESIONADO,PASAJERO,NO,SI,1
33544,143064,143065,2023,5,0,-0.232125,-78.492976,PICHINCHA,QUITO,QUITO,URBANA,2023-03-10,12:15:00,12,VIERNES,5,MARZO,3,NO,CONDUCIR VEHICULO SUPERANDO LOS LIMITES MAXIMOS DE VELOCIDAD.,COLISION,CAMION,7,0,0,2,0,0,0,1,0,0,0,0,0,10,29,HOMBRE,LESIONADO,CONDUCTOR PRESENTE,NO,NO,1
33545,143072,143073,2023,1,0,-0.247378,-78.506921,PICHINCHA,QUITO,QUITO,URBANA,2023-03-10,15:15:00,15,VIERNES,5,MARZO,3,NO,NO CEDER EL DERECHO DE VIA O PREFERENCIA DE PASO AL PEATON.,ATROPELLOS,AUTOMOVIL,1,0,0,0,0,0,0,0,0,0,0,0,0,1,32,HOMBRE,LESIONADO,PEATON,NO,NO,1
33546,143076,143077,2023,0,0,-0.169841,-78.489056,PICHINCHA,QUITO,QUITO,URBANA,2023-03-10,17:00:00,17,VIERNES,5,MARZO,3,NO,"CONDICIONES AMBIENTALES Y/O ATMOSFERICAS (NIEBLA, NEBLINA, GRANIZO, LLUVIA).",OTROS,AUTOMOVIL,1,0,0,0,0,0,0,0,0,0,0,0,0,1,-1,NO IDENTIFICADO,NO IDENTIFICADO,CONDUCTOR AUSENTE,NO,NO,2
33547,143086,143087,2023,1,0,-0.108597,-78.454304,PICHINCHA,QUITO,CALDERON (CARAPUNGO),URBANA,2023-03-10,20:00:00,20,VIERNES,5,MARZO,3,NO,NO TRANSITAR POR LAS ACERAS O ZONAS DE SEGURIDAD DESTINADAS PARA EL EFECTO.,ATROPELLOS,AUTOMOVIL,1,0,0,0,0,0,0,0,0,0,0,0,0,1,13,HOMBRE,LESIONADO,PEATON,NO,NO,1
33548,143097,143098,2023,0,0,-0.190836,-78.493127,PICHINCHA,QUITO,QUITO,URBANA,2023-03-11,01:00:00,1,SABADO,6,MARZO,3,NO,"NO RESPETAR LAS SENIALES REGLAMENTARIAS DE TRANSITO. (PARE, CEDA EL PASO, LUZ ROJA DEL SEMAFORO, ETC).",OTROS,AUTOMOVIL,1,0,0,0,0,0,0,0,0,0,0,0,0,1,-1,NO IDENTIFICADO,NO IDENTIFICADO,CONDUCTOR AUSENTE,NO,NO,2
33549,143098,143099,2023,0,0,-0.151934,-78.476388,PICHINCHA,QUITO,QUITO,URBANA,2023-03-11,01:10:00,1,SABADO,6,MARZO,3,NO,"NO RESPETAR LAS SENIALES REGLAMENTARIAS DE TRANSITO. (PARE, CEDA EL PASO, LUZ ROJA DEL SEMAFORO, ETC).",OTROS,AUTOMOVIL,1,0,0,0,0,0,0,0,0,0,0,0,0,1,-1,NO IDENTIFICADO,NO IDENTIFICADO,CONDUCTOR AUSENTE,NO,NO,2
33550,143099,143100,2023,0,0,-0.073002,-78.477652,PICHINCHA,QUITO,POMASQUI,RURAL,2023-03-11,01:25:00,1,SABADO,6,MARZO,3,NO,"CONDUCIR DESATENTO A LAS CONDICIONES DE TRANSITO (CELULAR, PANTALLAS DE VIDEO, COMIDA, MAQUILLAJE O CUALQUIER OTRO ELEMENTO DISTRACTOR).",PERDIDA DE PISTA,AUTOMOVIL,1,0,0,0,0,0,0,0,0,0,0,0,0,1,38,HOMBRE,ILESO,CONDUCTOR PRESENTE,NO,SI,3
33551,143102,143103,2023,0,0,-0.139635,-78.473883,PICHINCHA,QUITO,QUITO,URBANA,2023-03-11,02:50:00,2,SABADO,6,MARZO,3,NO,CONDUCIR VEHICULO SUPERANDO LOS LIMITES MAXIMOS DE VELOCIDAD.,ESTRELLAMIENTOS,AUTOMOVIL,1,0,0,0,0,0,0,0,0,0,0,0,0,1,-1,NO IDENTIFICADO,NO IDENTIFICADO,CONDUCTOR AUSENTE,NO,NO,2
33552,143103,143104,2023,0,0,-0.192692,-78.485541,PICHINCHA,QUITO,QUITO,URBANA,2023-03-11,03:15:00,3,SABADO,6,MARZO,3,NO,CONDUCIR VEHICULO SUPERANDO LOS LIMITES MAXIMOS DE VELOCIDAD.,PERDIDA DE CARRIL,AUTOMOVIL,1,0,0,0,0,0,0,0,0,0,0,0,0,1,-1,NO IDENTIFICADO,NO IDENTIFICADO,CONDUCTOR AUSENTE,NO,NO,2
33553,143114,143115,2023,0,0,-0.121124,-78.448259,PICHINCHA,QUITO,CALDERON (CARAPUNGO),RURAL,2023-03-11,06:45:00,6,SABADO,6,MARZO,3,NO,CONDUCIR VEHICULO SUPERANDO LOS LIMITES MAXIMOS DE VELOCIDAD.,COLISION,BUS,5,0,1,0,1,0,0,0,0,0,0,0,0,7,42,HOMBRE,ILESO,CONDUCTOR PRESENTE,NO,NO,3
33554,143117,143118,2023,0,0,-0.238001,-78.490761,PICHINCHA,QUITO,QUITO,URBANA,2023-03-11,08:20:00,8,SABADO,6,MARZO,3,NO,CONDUCIR VEHICULO SUPERANDO LOS LIMITES MAXIMOS DE VELOCIDAD.,ESTRELLAMIENTOS,AUTOMOVIL,1,0,0,0,0,0,0,0,0,0,0,0,0,1,-1,NO IDENTIFICADO,NO IDENTIFICADO,CONDUCTOR AUSENTE,NO,NO,2
33555,143119,143120,2023,1,0,-0.304508,-78.566907,PICHINCHA,QUITO,QUITO,URBANA,2023-03-11,08:35:00,8,SABADO,6,MARZO,3,NO,NO CEDER EL DERECHO DE VIA O PREFERENCIA DE PASO AL PEATON.,ATROPELLOS,NO IDENTIFICADO,0,0,0,0,0,0,0,0,0,1,0,0,0,1,64,HOMBRE,LESIONADO,PEATON,NO,NO,1
33556,143120,143121,2023,1,1,-0.238101,-78.473265,PICHINCHA,QUITO,QUITO,RURAL,2023-03-11,08:50:00,8,SABADO,6,MARZO,3,NO,"CONDICIONES AMBIENTALES Y/O ATMOSFERICAS (NIEBLA, NEBLINA, GRANIZO, LLUVIA).",PERDIDA DE CARRIL,MOTOCICLETA,0,0,0,0,0,0,0,0,1,0,0,0,0,1,31,HOMBRE,FALLECIDO,PASAJERO,NO,NO,3
33557,143130,143131,2023,0,1,-0.304452,-78.477611,PICHINCHA,QUITO,CONOCOTO,RURAL,2023-03-11,11:45:00,11,SABADO,6,MARZO,3,NO,NO TRANSITAR POR LAS ACERAS O ZONAS DE SEGURIDAD DESTINADAS PARA EL EFECTO.,ATROPELLOS,BUS,1,0,1,0,0,0,0,0,0,0,0,0,0,2,15,MUJER,FALLECIDO,PEATON,NO,NO,3
33558,143133,143134,2023,0,0,-0.321412,-78.537661,PICHINCHA,QUITO,QUITO,URBANA,2023-03-11,13:00:00,13,SABADO,6,MARZO,3,NO,CONDUCIR VEHICULO SUPERANDO LOS LIMITES MAXIMOS DE VELOCIDAD.,ESTRELLAMIENTOS,AUTOMOVIL,1,0,0,0,0,0,0,0,0,0,0,0,0,1,-1,NO IDENTIFICADO,NO IDENTIFICADO,CONDUCTOR AUSENTE,NO,NO,2
33559,143136,143137,2023,0,0,-0.442257,-78.721044,PICHINCHA,MEJIA,MANUEL CORNEJO ASTORGA,RURAL,2023-03-11,13:15:00,13,SABADO,6,MARZO,3,NO,NO MANTENER LA DISTANCIA PRUDENCIAL CON RESPECTO AL VEHICULO QUE LE ANTECEDE.,CHOQUE POSTERIOR,CAMIONETA,1,0,0,0,1,0,0,0,0,0,0,0,0,2,28,HOMBRE,ILESO,CONDUCTOR PRESENTE,NO,NO,3
33560,143142,143143,2023,1,0,-0.193017,-78.490212,PICHINCHA,QUITO,QUITO,URBANA,2023-03-11,15:50:00,15,SABADO,6,MARZO,3,NO,"CONDICIONES AMBIENTALES Y/O ATMOSFERICAS (NIEBLA, NEBLINA, GRANIZO, LLUVIA).",CHOQUE LATERAL,MOTOCICLETA,1,0,0,0,0,0,0,0,1,0,0,0,0,2,34,HOMBRE,LESIONADO,CONDUCTOR PRESENTE,NO,NO,1
33561,143144,143145,2023,0,0,-0.284298,-78.488858,PICHINCHA,QUITO,CONOCOTO,RURAL,2023-03-11,16:00:00,16,SABADO,6,MARZO,3,NO,"CONDUCE BAJO LA INFLUENCIA DE ALCOHOL, SUSTANCIAS ESTUPEFACIENTES O PSICOTROPICAS Y/O MEDICAMENTOS.",CHOQUE POSTERIOR,CAMIONETA,1,0,0,0,1,0,0,0,0,0,0,0,0,2,42,HOMBRE,ILESO,CONDUCTOR PRESENTE,NO,NO,3
33562,143145,143146,2023,0,0,-0.187201,-78.495858,PICHINCHA,QUITO,QUITO,URBANA,2023-03-11,16:07:00,16,SABADO,6,MARZO,3,NO,"CONDUCE BAJO LA INFLUENCIA DE ALCOHOL, SUSTANCIAS ESTUPEFACIENTES O PSICOTROPICAS Y/O MEDICAMENTOS.",CHOQUE POSTERIOR,AUTOMOVIL,2,0,0,0,0,0,0,0,0,0,0,0,0,2,54,HOMBRE,ILESO,CONDUCTOR PRESENTE,NO,NO,1
33563,143150,143151,2023,0,0,-0.272736,-78.519806,PICHINCHA,QUITO,QUITO,URBANA,2023-03-11,17:00:00,17,SABADO,6,MARZO,3,NO,CONDUCIR VEHICULO SUPERANDO LOS LIMITES MAXIMOS DE VELOCIDAD.,CHOQUE LATERAL,AUTOMOVIL,2,0,0,0,0,0,0,0,0,0,0,0,0,2,68,HOMBRE,ILESO,CONDUCTOR PRESENTE,NO,NO,1
33564,143151,143152,2023,0,0,-0.210952,-78.369198,PICHINCHA,QUITO,PUEMBO,RURAL,2023-03-11,17:20:00,17,SABADO,6,MARZO,3,NO,REALIZAR CAMBIO BRUSCO O INDEBIDO DE CARRIL.,CHOQUE POSTERIOR,AUTOMOVIL,2,0,0,0,0,0,0,0,0,0,0,0,0,2,48,HOMBRE,ILESO,CONDUCTOR PRESENTE,NO,NO,3
33565,143159,143160,2023,0,0,-0.165402,-78.466556,PICHINCHA,QUITO,QUITO,URBANA,2023-03-11,19:05:00,19,SABADO,6,MARZO,3,NO,CONDUCIR VEHICULO SUPERANDO LOS LIMITES MAXIMOS DE VELOCIDAD.,ESTRELLAMIENTOS,AUTOMOVIL,1,0,0,0,0,0,0,0,0,0,0,0,0,1,-1,NO IDENTIFICADO,NO IDENTIFICADO,CONDUCTOR AUSENTE,NO,NO,2
33566,143164,143165,2023,1,0,0.026811,-78.151148,PICHINCHA,CAYAMBE,CAYAMBE,URBANA,2023-03-11,20:00:00,20,SABADO,6,MARZO,3,NO,"NO RESPETAR LAS SENIALES REGLAMENTARIAS DE TRANSITO. (PARE, CEDA EL PASO, LUZ ROJA DEL SEMAFORO, ETC).",ATROPELLOS,NO IDENTIFICADO,0,0,0,0,0,0,0,0,0,1,0,0,0,1,13,HOMBRE,LESIONADO,PEATON,NO,SI,1
33567,143165,143166,2023,3,0,-0.133579,-78.312084,PICHINCHA,QUITO,CHECA (CHILPA),URBANA,2023-03-11,20:10:00,20,SABADO,6,MARZO,3,NO,"CONDUCE BAJO LA INFLUENCIA DE ALCOHOL, SUSTANCIAS ESTUPEFACIENTES O PSICOTROPICAS Y/O MEDICAMENTOS.",CHOQUE FRONTAL,AUTOMOVIL,2,0,0,0,0,0,0,0,0,0,0,0,0,2,0,HOMBRE,LESIONADO,PASAJERO,NO,SI,1
33568,143166,143167,2023,1,0,-0.048811,-78.285584,PICHINCHA,CAYAMBE,SANTA ROSA DE CUZUBAMBA,URBANA,2023-03-11,20:15:00,20,SABADO,6,MARZO,3,NO,"CONDUCIR DESATENTO A LAS CONDICIONES DE TRANSITO (CELULAR, PANTALLAS DE VIDEO, COMIDA, MAQUILLAJE O CUALQUIER OTRO ELEMENTO DISTRACTOR).",CAIDA DE PASAJERO,NO IDENTIFICADO,0,0,0,0,0,0,0,0,0,1,0,0,0,1,18,HOMBRE,LESIONADO,PASAJERO,NO,SI,1