,Unnamed: 0,ID,ANIO,LESIONADOS,FALLECIDOS,LATITUD_Y,LONGITUD_X,PROVINCIA,CANTON,PARROQUIA,ZONA,FECHA,HORA,PERIODO_2,DIA_1,DIA_2,MES_1,MES_2,FERIADO,CAUSA_PROBABLE,TIPO_DE_SINIESTRO,TIPO_DE_VEHICULO_1,AUTOMOVIL,BICICLETA,BUS,CAMION,CAMIONETA,EMERGENCIAS,ESPECIAL,FURGONETA,MOTOCICLETA,NO_IDENTIFICADO,SCOOTER_ELECTRICO,TRICIMOTO,VEHICULO_DEPORTIVO_UTILITARIO,SUMA_DE_VEHICULOS,EDAD_1,SEXO_1,CONDICION_1,PARTICIPANTE_1,CASCO_1,CINTURON_1,KMeans_Cluster
33569,143167,143168,2023,0,0,-0.210091,-78.505383,PICHINCHA,QUITO,QUITO,URBANA,2023-03-11,20:40:00,20,SABADO,6,MARZO,3,NO,"CONDICIONES AMBIENTALES Y/O ATMOSFERICAS (NIEBLA, NEBLINA, GRANIZO, LLUVIA).",OTROS,CAMIONETA,2,0,0,0,1,0,0,0,0,0,0,0,0,3,36,HOMBRE,ILESO,CONDUCTOR PRESENTE,NO,NO,1
33570,143171,143172,2023,1,0,-0.282286,-78.466778,PICHINCHA,QUITO,CONOCOTO,RURAL,2023-03-11,21:45:00,21,SABADO,6,MARZO,3,NO,"CONDUCE BAJO LA INFLUENCIA DE ALCOHOL, SUSTANCIAS ESTUPEFACIENTES O PSICOTROPICAS Y/O MEDICAMENTOS.",CHOQUE LATERAL,CAMIONETA,1,0,0,0,1,0,0,0,0,0,0,0,0,2,35,MUJER,LESIONADO,CONDUCTOR PRESENTE,NO,NO,3
33571,143177,143178,2023,0,0,-0.328821,-78.543724,PICHINCHA,QUITO,QUITO,URBANA,2023-03-11,22:56:00,22,SABADO,6,MARZO,3,NO,CONDUCIR VEHICULO SUPERANDO LOS LIMITES MAXIMOS DE VELOCIDAD.,PERDIDA DE CARRIL,AUTOMOVIL,1,0,0,0,0,0,0,0,0,0,0,0,0,1,-1,NO IDENTIFICADO,NO IDENTIFICADO,CONDUCTOR AUSENTE,NO,NO,2
33572,143195,143196,2023,0,1,-0.153901,-78.332262,PICHINCHA,QUITO,YARUQUI,RURAL,2023-03-12,05:53:00,5,DOMINGO,7,MARZO,3,NO,CONDUCIR VEHICULO SUPERANDO LOS LIMITES MAXIMOS DE VELOCIDAD.,OTROS,NO IDENTIFICADO,0,0,0,0,0,0,0,0,0,1,0,0,0,1,27,HOMBRE,FALLECIDO,CONDUCTOR PRESENTE,NO,NO,3
33573,143200,143201,2023,2,1,-0.107312,-78.502735,PICHINCHA,QUITO,QUITO,URBANA,2023-03-12,07:30:00,7,DOMINGO,7,MARZO,3,NO,CONDUCIR VEHICULO SUPERANDO LOS LIMITES MAXIMOS DE VELOCIDAD.,ESTRELLAMIENTOS,AUTOMOVIL,1,0,0,0,0,0,0,0,0,0,0,0,0,1,21,MUJER,FALLECIDO,PASAJERO,NO,NO,1
33574,143210,143211,2023,0,0,-0.288284,-78.443265,PICHINCHA,QUITO,ALANGASI,RURAL,2023-03-12,10:30:00,10,DOMINGO,7,MARZO,3,NO,"CONDUCE BAJO LA INFLUENCIA DE ALCOHOL, SUSTANCIAS ESTUPEFACIENTES O PSICOTROPICAS Y/O MEDICAMENTOS.",OTROS,AUTOMOVIL,3,0,0,0,0,0,0,0,0,0,0,0,0,3,26,HOMBRE,ILESO,CONDUCTOR PRESENTE,NO,NO,3
33575,143213,143214,2023,1,0,-0.280394,-78.556713,PICHINCHA,QUITO,QUITO,URBANA,2023-03-12,12:40:00,12,DOMINGO,7,MARZO,3,NO,NO CEDER EL DERECHO DE VIA O PREFERENCIA DE PASO AL PEATON.,ARROLLAMIENTOS,NO IDENTIFICADO,0,0,0,0,0,0,0,0,0,1,0,0,0,1,4,MUJER,LESIONADO,PEATON,NO,NO,1
33576,143214,143215,2023,1,0,-0.276154,-78.543191,PICHINCHA,QUITO,QUITO,URBANA,2023-03-12,12:55:00,12,DOMINGO,7,MARZO,3,NO,"CONDUCE BAJO LA INFLUENCIA DE ALCOHOL, SUSTANCIAS ESTUPEFACIENTES O PSICOTROPICAS Y/O MEDICAMENTOS.",CHOQUE LATERAL,MOTOCICLETA,1,0,0,0,0,0,0,0,1,0,0,0,0,2,31,HOMBRE,LESIONADO,CONDUCTOR PRESENTE,NO,NO,1
33577,143216,143217,2023,0,0,-0.104076,-78.497705,PICHINCHA,QUITO,QUITO,URBANA,2023-03-12,13:20:00,13,DOMINGO,7,MARZO,3,NO,CONDUCIR VEHICULO SUPERANDO LOS LIMITES MAXIMOS DE VELOCIDAD.,PERDIDA DE CARRIL,AUTOMOVIL,1,0,0,0,0,0,0,0,0,0,0,0,0,1,23,MUJER,ILESO,PASAJERO,NO,NO,1
33578,143218,143219,2023,0,0,-0.101211,-78.448066,PICHINCHA,QUITO,CALDERON (CARAPUNGO),RURAL,2023-03-12,13:33:00,13,DOMINGO,7,MARZO,3,NO,"NO RESPETAR LAS SENIALES REGLAMENTARIAS DE TRANSITO. (PARE, CEDA EL PASO, LUZ ROJA DEL SEMAFORO, ETC).",CHOQUE FRONTAL,AUTOMOVIL,2,0,0,0,0,0,0,0,0,0,0,0,0,2,45,HOMBRE,ILESO,CONDUCTOR PRESENTE,NO,NO,3
33579,143221,143222,2023,0,0,-0.207866,-78.493323,PICHINCHA,QUITO,QUITO,URBANA,2023-03-12,14:30:00,14,DOMINGO,7,MARZO,3,NO,"CONDICIONES AMBIENTALES Y/O ATMOSFERICAS (NIEBLA, NEBLINA, GRANIZO, LLUVIA).",CHOQUE LATERAL,AUTOMOVIL,2,0,0,0,0,0,0,0,0,0,0,0,0,2,32,HOMBRE,ILESO,CONDUCTOR PRESENTE,NO,NO,1
33580,143242,143243,2023,0,0,-0.310151,-78.558841,PICHINCHA,QUITO,QUITO,URBANA,2023-03-12,20:55:00,20,DOMINGO,7,MARZO,3,NO,"CONDUCE BAJO LA INFLUENCIA DE ALCOHOL, SUSTANCIAS ESTUPEFACIENTES O PSICOTROPICAS Y/O MEDICAMENTOS.",CHOQUE FRONTAL,AUTOMOVIL,2,0,0,0,0,0,0,0,0,0,0,0,0,2,54,HOMBRE,ILESO,CONDUCTOR PRESENTE,NO,NO,1
33581,143247,143248,2023,0,0,-0.100747,-78.472131,PICHINCHA,QUITO,QUITO,URBANA,2023-03-13,01:30:00,1,LUNES,1,MARZO,3,NO,CONDUCIR VEHICULO SUPERANDO LOS LIMITES MAXIMOS DE VELOCIDAD.,CHOQUE POSTERIOR,AUTOMOVIL,2,0,0,0,0,0,0,0,0,0,0,0,0,2,62,HOMBRE,ILESO,CONDUCTOR PRESENTE,NO,NO,1
33582,143259,143260,2023,1,0,-0.022316,-78.452272,PICHINCHA,QUITO,SAN ANTONIO (QUITO),RURAL,2023-03-13,09:00:00,9,LUNES,1,MARZO,3,NO,"CONDUCIR DESATENTO A LAS CONDICIONES DE TRANSITO (CELULAR, PANTALLAS DE VIDEO, COMIDA, MAQUILLAJE O CUALQUIER OTRO ELEMENTO DISTRACTOR).",CHOQUE POSTERIOR,MOTOCICLETA,1,0,0,0,0,0,0,0,1,0,0,0,0,2,19,HOMBRE,LESIONADO,CONDUCTOR PRESENTE,NO,SI,3
33583,143269,143270,2023,1,0,-0.215961,-78.499921,PICHINCHA,QUITO,QUITO,URBANA,2023-03-13,12:35:00,12,LUNES,1,MARZO,3,NO,NO CEDER EL DERECHO DE VIA O PREFERENCIA DE PASO A VEHICULOS.,CHOQUE LATERAL,MOTOCICLETA,1,0,0,0,0,0,0,0,1,0,0,0,0,2,31,HOMBRE,LESIONADO,CONDUCTOR PRESENTE,NO,NO,1
33584,143270,143271,2023,1,0,-0.199473,-78.448239,PICHINCHA,QUITO,CUMBAYA,RURAL,2023-03-13,12:50:00,12,LUNES,1,MARZO,3,NO,"CONDICIONES AMBIENTALES Y/O ATMOSFERICAS (NIEBLA, NEBLINA, GRANIZO, LLUVIA).",CHOQUE LATERAL,MOTOCICLETA,1,0,0,0,0,0,0,0,1,0,0,0,0,2,32,HOMBRE,LESIONADO,CONDUCTOR PRESENTE,NO,NO,3
33585,143271,143272,2023,0,0,-0.203602,-78.490561,PICHINCHA,QUITO,QUITO,URBANA,2023-03-13,13:00:00,13,LUNES,1,MARZO,3,NO,"CONDICIONES AMBIENTALES Y/O ATMOSFERICAS (NIEBLA, NEBLINA, GRANIZO, LLUVIA).",CHOQUE LATERAL,AUTOMOVIL,2,0,0,0,0,0,0,0,0,0,0,0,0,2,36,HOMBRE,ILESO,CONDUCTOR PRESENTE,NO,NO,1
33586,143273,143274,2023,0,0,-0.093021,-78.479232,PICHINCHA,QUITO,QUITO,URBANA,2023-03-13,13:13:00,13,LUNES,1,MARZO,3,NO,"FALLA MECANICA EN LOS SISTEMAS Y/O NEUMATICOS (SISTEMA DE FRENOS, DIRECCION, ELECTRONICO O MECANICO).",PERDIDA DE CARRIL,CAMION,0,0,0,1,0,0,0,0,0,0,0,0,0,1,42,HOMBRE,ILESO,CONDUCTOR PRESENTE,NO,NO,1
33587,143278,143279,2023,1,0,-0.238137,-78.528667,PICHINCHA,QUITO,QUITO,URBANA,2023-03-13,13:50:00,13,LUNES,1,MARZO,3,NO,NO TRANSITAR POR LAS ACERAS O ZONAS DE SEGURIDAD DESTINADAS PARA EL EFECTO.,ATROPELLOS,AUTOMOVIL,1,0,0,0,0,0,0,0,0,0,0,0,0,1,82,HOMBRE,LESIONADO,PEATON,NO,NO,1
33588,143298,143299,2023,0,0,-0.232761,-78.448602,PICHINCHA,QUITO,CUMBAYA,RURAL,2023-03-13,20:00:00,20,LUNES,1,MARZO,3,NO,"CONDICIONES AMBIENTALES Y/O ATMOSFERICAS (NIEBLA, NEBLINA, GRANIZO, LLUVIA).",CHOQUE POSTERIOR,MOTOCICLETA,0,0,0,0,0,0,0,0,1,1,0,0,0,2,36,HOMBRE,ILESO,CONDUCTOR PRESENTE,NO,NO,3
33589,143310,143311,2023,1,0,-0.302519,-78.480261,PICHINCHA,QUITO,CONOCOTO,RURAL,2023-03-14,06:20:00,6,MARTES,2,MARZO,3,NO,"NO RESPETAR LAS SENIALES REGLAMENTARIAS DE TRANSITO. (PARE, CEDA EL PASO, LUZ ROJA DEL SEMAFORO, ETC).",CHOQUE LATERAL,FURGONETA,0,0,0,0,0,0,0,1,0,1,0,0,0,2,26,HOMBRE,LESIONADO,CONDUCTOR PRESENTE,NO,NO,3
33590,143311,143312,2023,0,0,-0.192147,-78.454503,PICHINCHA,QUITO,QUITO,URBANA,2023-03-14,06:43:00,6,MARTES,2,MARZO,3,NO,"CONDICIONES AMBIENTALES Y/O ATMOSFERICAS (NIEBLA, NEBLINA, GRANIZO, LLUVIA).",ESTRELLAMIENTOS,AUTOMOVIL,1,0,0,0,0,0,0,0,0,0,0,0,0,1,39,HOMBRE,ILESO,CONDUCTOR PRESENTE,NO,NO,1
33591,143313,143314,2023,0,0,-0.219557,-78.485541,PICHINCHA,QUITO,QUITO,URBANA,2023-03-14,09:00:00,9,MARTES,2,MARZO,3,NO,"CONDICIONES AMBIENTALES Y/O ATMOSFERICAS (NIEBLA, NEBLINA, GRANIZO, LLUVIA).",ESTRELLAMIENTOS,CAMION,2,0,0,1,0,0,0,0,0,0,0,0,0,3,20,HOMBRE,ILESO,CONDUCTOR PRESENTE,NO,NO,1
33592,143316,143317,2023,0,0,-0.518181,-78.573492,PICHINCHA,MEJIA,MACHACHI,RURAL,2023-03-14,10:40:00,10,MARTES,2,MARZO,3,NO,"CONDUCIR DESATENTO A LAS CONDICIONES DE TRANSITO (CELULAR, PANTALLAS DE VIDEO, COMIDA, MAQUILLAJE O CUALQUIER OTRO ELEMENTO DISTRACTOR).",CHOQUE LATERAL,CAMION,0,0,0,1,0,0,0,0,1,0,0,0,0,2,62,HOMBRE,ILESO,CONDUCTOR PRESENTE,NO,SI,3
33593,143319,143320,2023,2,0,-0.162753,-78.478481,PICHINCHA,QUITO,QUITO,URBANA,2023-03-14,13:30:00,13,MARTES,2,MARZO,3,NO,NO TRANSITAR POR LAS ACERAS O ZONAS DE SEGURIDAD DESTINADAS PARA EL EFECTO.,ATROPELLOS,AUTOMOVIL,1,0,0,0,0,0,0,0,0,0,0,0,0,1,41,MUJER,LESIONADO,PEATON,NO,NO,1
33594,143341,143342,2023,1,0,-0.366199,-78.550776,PICHINCHA,MEJIA,CUTUGLAHUA,URBANA,2023-03-15,00:10:00,0,MIERCOLES,3,MARZO,3,NO,"CONDUCIR DESATENTO A LAS CONDICIONES DE TRANSITO (CELULAR, PANTALLAS DE VIDEO, COMIDA, MAQUILLAJE O CUALQUIER OTRO ELEMENTO DISTRACTOR).",ATROPELLOS,AUTOMOVIL,1,0,0,0,0,0,0,0,0,0,0,0,0,1,31,HOMBRE,LESIONADO,PEATON,NO,SI,1
33595,143343,143344,2023,0,0,-0.250381,-78.525239,PICHINCHA,QUITO,QUITO,URBANA,2023-03-15,06:00:00,6,MIERCOLES,3,MARZO,3,NO,CONDUCIR VEHICULO SUPERANDO LOS LIMITES MAXIMOS DE VELOCIDAD.,CHOQUE LATERAL,BUS,1,0,1,0,0,0,0,0,0,0,0,0,0,2,21,HOMBRE,ILESO,CONDUCTOR PRESENTE,NO,NO,1
33596,143349,143350,2023,1,0,-0.215817,-78.489863,PICHINCHA,QUITO,QUITO,URBANA,2023-03-15,07:15:00,7,MIERCOLES,3,MARZO,3,NO,NO TRANSITAR POR LAS ACERAS O ZONAS DE SEGURIDAD DESTINADAS PARA EL EFECTO.,ATROPELLOS,AUTOMOVIL,1,0,0,0,0,0,0,0,0,0,0,0,0,1,16,MUJER,LESIONADO,PEATON,NO,NO,1
33597,143360,143361,2023,1,0,-0.264034,-78.537036,PICHINCHA,QUITO,QUITO,URBANA,2023-03-15,16:10:00,16,MIERCOLES,3,MARZO,3,NO,NO CEDER EL DERECHO DE VIA O PREFERENCIA DE PASO A VEHICULOS.,CHOQUE LATERAL,MOTOCICLETA,1,0,0,0,0,0,0,0,1,0,0,0,0,2,19,HOMBRE,LESIONADO,CONDUCTOR PRESENTE,NO,NO,1
33598,143361,143362,2023,0,0,-0.103644,-78.491511,PICHINCHA,QUITO,QUITO,URBANA,2023-03-15,17:20:00,17,MIERCOLES,3,MARZO,3,NO,"NO RESPETAR LAS SENIALES REGLAMENTARIAS DE TRANSITO. (PARE, CEDA EL PASO, LUZ ROJA DEL SEMAFORO, ETC).",CHOQUE LATERAL,MOTOCICLETA,1,0,0,0,0,0,0,0,1,0,0,0,0,2,29,HOMBRE,ILESO,CONDUCTOR PRESENTE,NO,NO,1
33599,143370,143371,2023,0,1,-0.314161,-78.545283,PICHINCHA,QUITO,QUITO,URBANA,2023-03-15,22:30:00,22,MIERCOLES,3,MARZO,3,NO,"CONDUCIR EN ESTADO DE SOMNOLENCIA O MALAS CONDICIONES FISICAS (SUENIO, CANSANCIO Y FATIGA).",ESTRELLAMIENTOS,AUTOMOVIL,3,0,0,0,0,0,0,0,0,0,0,0,0,3,66,HOMBRE,FALLECIDO,CONDUCTOR PRESENTE,NO,NO,1
33600,143375,143376,2023,2,0,-0.124266,-78.480442,PICHINCHA,QUITO,QUITO,URBANA,2023-03-16,04:00:00,4,JUEVES,4,MARZO,3,NO,CONDUCIR VEHICULO SUPERANDO LOS LIMITES MAXIMOS DE VELOCIDAD.,ESTRELLAMIENTOS,CAMION,1,0,0,1,0,0,0,0,0,0,0,0,0,2,23,MUJER,LESIONADO,PASAJERO,NO,NO,1
33601,143388,143389,2023,1,1,-0.439549,-78.742947,PICHINCHA,MEJIA,MANUEL CORNEJO ASTORGA,RURAL,2023-03-16,10:12:00,10,JUEVES,4,MARZO,3,NO,NO GUARDAR LA DISTANCIA LATERAL MINIMA DE SEGURIDAD ENTRE VEHICULOS.,ROZAMIENTOS,CAMION,0,0,0,2,0,0,0,0,0,0,0,0,0,2,58,HOMBRE,FALLECIDO,PEATON,NO,NO,3
33602,143389,143390,2023,0,0,-0.212437,-78.488558,PICHINCHA,QUITO,QUITO,URBANA,2023-03-16,11:00:00,11,JUEVES,4,MARZO,3,NO,REALIZAR CAMBIO BRUSCO O INDEBIDO DE CARRIL.,CHOQUE LATERAL,AUTOMOVIL,2,0,0,0,0,0,0,0,0,0,0,0,0,2,30,HOMBRE,ILESO,CONDUCTOR PRESENTE,NO,NO,1
33603,143398,143399,2023,0,0,-0.187801,-78.487645,PICHINCHA,QUITO,QUITO,URBANA,2023-03-16,14:06:00,14,JUEVES,4,MARZO,3,NO,"NO RESPETAR LAS SENIALES REGLAMENTARIAS DE TRANSITO. (PARE, CEDA EL PASO, LUZ ROJA DEL SEMAFORO, ETC).",CHOQUE LATERAL,MOTOCICLETA,1,0,0,0,0,0,0,0,1,0,0,0,0,2,38,HOMBRE,ILESO,CONDUCTOR PRESENTE,NO,NO,1
33604,143401,143402,2023,1,0,-0.206482,-78.494377,PICHINCHA,QUITO,QUITO,URBANA,2023-03-16,16:00:00,16,JUEVES,4,MARZO,3,NO,"NO RESPETAR LAS SENIALES REGLAMENTARIAS DE TRANSITO. (PARE, CEDA EL PASO, LUZ ROJA DEL SEMAFORO, ETC).",OTROS,FURGONETA,2,0,0,0,0,0,0,1,0,0,0,0,0,3,60,MUJER,LESIONADO,PASAJERO,NO,NO,1
33605,143402,143403,2023,0,1,-0.161993,-78.495435,PICHINCHA,QUITO,QUITO,URBANA,2023-03-16,16:00:00,16,JUEVES,4,MARZO,3,NO,CONDUCIR VEHICULO SUPERANDO LOS LIMITES MAXIMOS DE VELOCIDAD.,CAIDA DE PASAJERO,BUS,0,0,1,0,0,0,0,0,0,0,0,0,0,1,82,MUJER,FALLECIDO,PASAJERO,NO,NO,1
33606,143405,143406,2023,1,0,-0.287108,-78.519499,PICHINCHA,QUITO,QUITO,URBANA,2023-03-16,17:10:00,17,JUEVES,4,MARZO,3,NO,"CONDUCE BAJO LA INFLUENCIA DE ALCOHOL, SUSTANCIAS ESTUPEFACIENTES O PSICOTROPICAS Y/O MEDICAMENTOS.",ESTRELLAMIENTOS,AUTOMOVIL,1,0,0,0,0,0,0,0,0,0,0,0,0,1,28,MUJER,LESIONADO,PASAJERO,NO,NO,1
33607,143408,143409,2023,1,0,-0.221277,-78.518568,PICHINCHA,QUITO,QUITO,URBANA,2023-03-16,18:00:00,18,JUEVES,4,MARZO,3,NO,NO TRANSITAR POR LAS ACERAS O ZONAS DE SEGURIDAD DESTINADAS PARA EL EFECTO.,ATROPELLOS,MOTOCICLETA,0,0,0,0,0,0,0,0,1,0,0,0,0,1,12,HOMBRE,LESIONADO,PEATON,NO,NO,1
33608,143413,143414,2023,5,0,-0.297881,-78.524656,PICHINCHA,QUITO,QUITO,URBANA,2023-03-16,20:47:00,20,JUEVES,4,MARZO,3,NO,CONDUCIR VEHICULO SUPERANDO LOS LIMITES MAXIMOS DE VELOCIDAD.,CHOQUE FRONTAL,AUTOMOVIL,2,0,0,0,0,0,0,0,0,0,0,0,0,2,25,HOMBRE,LESIONADO,CONDUCTOR PRESENTE,NO,NO,1
33609,143445,143446,2023,2,0,-0.355051,-78.525319,PICHINCHA,QUITO,QUITO,URBANA,2023-03-17,16:50:00,16,VIERNES,5,MARZO,3,NO,CONDUCIR VEHICULO SUPERANDO LOS LIMITES MAXIMOS DE VELOCIDAD.,PERDIDA DE CARRIL,CAMION,0,0,0,1,0,0,0,0,0,0,0,0,0,1,45,HOMBRE,LESIONADO,PASAJERO,NO,NO,1
33610,143454,143455,2023,0,0,-0.231164,-78.498863,PICHINCHA,QUITO,QUITO,URBANA,2023-03-17,20:28:00,20,VIERNES,5,MARZO,3,NO,NO MANTENER LA DISTANCIA PRUDENCIAL CON RESPECTO AL VEHICULO QUE LE ANTECEDE.,COLISION,AUTOMOVIL,3,0,0,0,0,0,0,0,0,0,0,0,0,3,36,HOMBRE,ILESO,CONDUCTOR PRESENTE,NO,NO,1
33611,143457,143458,2023,1,0,-0.210235,-78.502346,PICHINCHA,QUITO,QUITO,URBANA,2023-03-17,21:25:00,21,VIERNES,5,MARZO,3,NO,CONDUCIR VEHICULO SUPERANDO LOS LIMITES MAXIMOS DE VELOCIDAD.,CHOQUE LATERAL,CAMIONETA,1,0,0,0,1,0,0,0,0,0,0,0,0,2,19,HOMBRE,LESIONADO,PASAJERO,NO,NO,1
33612,143458,143459,2023,0,0,-0.222624,-78.402104,PICHINCHA,QUITO,TUMBACO,RURAL,2023-03-17,21:35:00,21,VIERNES,5,MARZO,3,NO,CONDUCIR VEHICULO SUPERANDO LOS LIMITES MAXIMOS DE VELOCIDAD.,PERDIDA DE CARRIL,MOTOCICLETA,0,0,0,0,0,0,0,0,1,0,0,0,0,1,-1,NO IDENTIFICADO,NO IDENTIFICADO,CONDUCTOR AUSENTE,NO,NO,2
33613,143459,143460,2023,0,0,-0.116862,-78.452906,PICHINCHA,QUITO,CALDERON (CARAPUNGO),RURAL,2023-03-17,23:10:00,23,VIERNES,5,MARZO,3,NO,NO MANTENER LA DISTANCIA PRUDENCIAL CON RESPECTO AL VEHICULO QUE LE ANTECEDE.,CHOQUE POSTERIOR,MOTOCICLETA,1,0,0,0,0,0,0,0,1,0,0,0,0,2,45,HOMBRE,ILESO,PASAJERO,NO,NO,3
33614,143462,143463,2023,0,0,-0.352119,-78.464501,PICHINCHA,RUMINIAHUI,SANGOLQUI,URBANA,2023-03-17,23:40:00,23,VIERNES,5,MARZO,3,NO,"CONDUCE BAJO LA INFLUENCIA DE ALCOHOL, SUSTANCIAS ESTUPEFACIENTES O PSICOTROPICAS Y/O MEDICAMENTOS.",CHOQUE POSTERIOR,AUTOMOVIL,1,0,0,0,0,0,0,0,0,0,0,0,0,1,51,HOMBRE,ILESO,CONDUCTOR PRESENTE,NO,SI,1
33615,143463,143464,2023,1,0,-0.282694,-78.558257,PICHINCHA,QUITO,QUITO,URBANA,2023-03-18,00:02:00,0,SABADO,6,MARZO,3,NO,NO CEDER EL DERECHO DE VIA O PREFERENCIA DE PASO AL PEATON.,ATROPELLOS,NO IDENTIFICADO,0,0,0,0,0,0,0,0,0,1,0,0,0,1,40,HOMBRE,LESIONADO,PEATON,NO,NO,1
33616,143464,143465,2023,0,0,-0.288568,-78.475518,PICHINCHA,QUITO,CONOCOTO,RURAL,2023-03-18,00:15:00,0,SABADO,6,MARZO,3,NO,"CONDUCE BAJO LA INFLUENCIA DE ALCOHOL, SUSTANCIAS ESTUPEFACIENTES O PSICOTROPICAS Y/O MEDICAMENTOS.",CHOQUE POSTERIOR,MOTOCICLETA,1,0,0,0,0,0,0,0,1,0,0,0,0,2,23,HOMBRE,ILESO,CONDUCTOR PRESENTE,NO,NO,3
33617,143468,143469,2023,0,0,-0.262243,-78.530581,PICHINCHA,QUITO,QUITO,URBANA,2023-03-18,01:00:00,1,SABADO,6,MARZO,3,NO,"CONDICIONES AMBIENTALES Y/O ATMOSFERICAS (NIEBLA, NEBLINA, GRANIZO, LLUVIA).",ESTRELLAMIENTOS,AUTOMOVIL,1,0,0,0,0,0,0,0,0,0,0,0,0,1,23,HOMBRE,ILESO,PASAJERO,NO,NO,1
33618,143469,143470,2023,0,0,-0.217168,-78.398932,PICHINCHA,QUITO,TUMBACO,RURAL,2023-03-18,01:25:00,1,SABADO,6,MARZO,3,NO,"CONDUCE BAJO LA INFLUENCIA DE ALCOHOL, SUSTANCIAS ESTUPEFACIENTES O PSICOTROPICAS Y/O MEDICAMENTOS.",OTROS,MOTOCICLETA,2,0,0,0,0,0,0,0,1,0,0,0,0,3,41,HOMBRE,ILESO,CONDUCTOR PRESENTE,NO,NO,3
33619,143473,143474,2023,0,0,-0.259827,-78.547293,PICHINCHA,QUITO,QUITO,URBANA,2023-03-18,02:28:00,2,SABADO,6,MARZO,3,NO,"CONDICIONES AMBIENTALES Y/O ATMOSFERICAS (NIEBLA, NEBLINA, GRANIZO, LLUVIA).",PERDIDA DE CARRIL,MOTOCICLETA,0,0,0,0,0,0,0,0,1,0,0,0,0,1,-1,NO IDENTIFICADO,NO IDENTIFICADO,CONDUCTOR AUSENTE,NO,NO,2
33620,143474,143475,2023,0,0,-0.251621,-78.520591,PICHINCHA,QUITO,QUITO,URBANA,2023-03-18,02:45:00,2,SABADO,6,MARZO,3,NO,CONDUCIR VEHICULO SUPERANDO LOS LIMITES MAXIMOS DE VELOCIDAD.,ESTRELLAMIENTOS,AUTOMOVIL,1,0,0,0,0,0,0,0,0,0,0,0,0,1,46,HOMBRE,ILESO,CONDUCTOR PRESENTE,NO,NO,1
33621,143479,143480,2023,0,0,-0.350511,-78.549387,PICHINCHA,QUITO,QUITO,URBANA,2023-03-18,04:00:00,4,SABADO,6,MARZO,3,NO,"CONDICIONES AMBIENTALES Y/O ATMOSFERICAS (NIEBLA, NEBLINA, GRANIZO, LLUVIA).",ESTRELLAMIENTOS,AUTOMOVIL,1,0,0,0,0,0,0,0,0,0,0,0,0,1,34,HOMBRE,ILESO,CONDUCTOR PRESENTE,NO,NO,1
33622,143481,143482,2023,0,0,-0.127616,-78.499702,PICHINCHA,QUITO,QUITO,URBANA,2023-03-18,04:10:00,4,SABADO,6,MARZO,3,NO,CONDUCIR VEHICULO SUPERANDO LOS LIMITES MAXIMOS DE VELOCIDAD.,ESTRELLAMIENTOS,AUTOMOVIL,1,0,0,0,0,0,0,0,0,0,0,0,0,1,-1,NO IDENTIFICADO,NO IDENTIFICADO,CONDUCTOR AUSENTE,NO,NO,2
33623,143482,143483,2023,2,0,-0.222624,-78.402104,PICHINCHA,QUITO,TUMBACO,RURAL,2023-03-18,05:10:00,5,SABADO,6,MARZO,3,NO,CONDUCIR VEHICULO SUPERANDO LOS LIMITES MAXIMOS DE VELOCIDAD.,ESTRELLAMIENTOS,AUTOMOVIL,1,0,0,0,0,0,0,0,0,0,0,0,0,1,22,HOMBRE,LESIONADO,PASAJERO,NO,NO,3
33624,143483,143484,2023,0,0,-0.292441,-78.543957,PICHINCHA,QUITO,QUITO,URBANA,2023-03-18,05:15:00,5,SABADO,6,MARZO,3,NO,"CONDUCE BAJO LA INFLUENCIA DE ALCOHOL, SUSTANCIAS ESTUPEFACIENTES O PSICOTROPICAS Y/O MEDICAMENTOS.",CHOQUE LATERAL,AUTOMOVIL,2,0,0,0,0,0,0,0,0,0,0,0,0,2,27,HOMBRE,ILESO,CONDUCTOR PRESENTE,NO,NO,1
33625,143498,143499,2023,0,0,-0.316759,-78.553561,PICHINCHA,QUITO,QUITO,URBANA,2023-03-18,13:35:00,13,SABADO,6,MARZO,3,NO,CONDUCIR VEHICULO SUPERANDO LOS LIMITES MAXIMOS DE VELOCIDAD.,ESTRELLAMIENTOS,FURGONETA,0,0,0,0,1,0,0,1,0,0,0,0,0,2,25,HOMBRE,ILESO,CONDUCTOR PRESENTE,NO,NO,1
33626,143500,143501,2023,1,0,-0.305473,-78.442722,PICHINCHA,QUITO,ALANGASI,RURAL,2023-03-18,13:45:00,13,SABADO,6,MARZO,3,NO,CONDUCIR VEHICULO SUPERANDO LOS LIMITES MAXIMOS DE VELOCIDAD.,CHOQUE LATERAL,MOTOCICLETA,1,0,0,0,0,0,0,0,1,0,0,0,0,2,49,HOMBRE,LESIONADO,CONDUCTOR PRESENTE,NO,NO,3
33627,143503,143504,2023,0,0,-0.258203,-78.541323,PICHINCHA,QUITO,QUITO,URBANA,2023-03-18,14:00:00,14,SABADO,6,MARZO,3,NO,"CONDUCE BAJO LA INFLUENCIA DE ALCOHOL, SUSTANCIAS ESTUPEFACIENTES O PSICOTROPICAS Y/O MEDICAMENTOS.",OTROS,MOTOCICLETA,3,0,0,0,0,0,0,0,1,0,0,0,0,4,23,HOMBRE,ILESO,CONDUCTOR PRESENTE,NO,NO,1