,Unnamed: 0,ID,ANIO,LESIONADOS,FALLECIDOS,LATITUD_Y,LONGITUD_X,PROVINCIA,CANTON,PARROQUIA,ZONA,FECHA,HORA,PERIODO_2,DIA_1,DIA_2,MES_1,MES_2,FERIADO,CAUSA_PROBABLE,TIPO_DE_SINIESTRO,TIPO_DE_VEHICULO_1,AUTOMOVIL,BICICLETA,BUS,CAMION,CAMIONETA,EMERGENCIAS,ESPECIAL,FURGONETA,MOTOCICLETA,NO_IDENTIFICADO,SCOOTER_ELECTRICO,TRICIMOTO,VEHICULO_DEPORTIVO_UTILITARIO,SUMA_DE_VEHICULOS,EDAD_1,SEXO_1,CONDICION_1,PARTICIPANTE_1,CASCO_1,CINTURON_1,KMeans_Cluster
33628,143507,143508,2023,1,0,-0.141916,-78.494942,PICHINCHA,QUITO,QUITO,URBANA,2023-03-18,16:40:00,16,SABADO,6,MARZO,3,NO,"NO RESPETAR LAS SENIALES REGLAMENTARIAS DE TRANSITO. (PARE, CEDA EL PASO, LUZ ROJA DEL SEMAFORO, ETC).",CHOQUE LATERAL,MOTOCICLETA,1,0,0,0,0,0,0,0,1,0,0,0,0,2,39,HOMBRE,LESIONADO,CONDUCTOR PRESENTE,NO,NO,1
33629,143508,143509,2023,3,0,-0.266667,-78.541799,PICHINCHA,QUITO,QUITO,URBANA,2023-03-18,17:20:00,17,SABADO,6,MARZO,3,NO,"NO RESPETAR LAS SENIALES REGLAMENTARIAS DE TRANSITO. (PARE, CEDA EL PASO, LUZ ROJA DEL SEMAFORO, ETC).",CHOQUE LATERAL,MOTOCICLETA,1,0,0,0,0,0,0,0,1,0,0,0,0,2,25,HOMBRE,LESIONADO,CONDUCTOR PRESENTE,NO,NO,1
33630,143518,143519,2023,1,0,-0.230467,-78.534661,PICHINCHA,QUITO,QUITO,URBANA,2023-03-18,18:30:00,18,SABADO,6,MARZO,3,NO,CONDUCIR VEHICULO SUPERANDO LOS LIMITES MAXIMOS DE VELOCIDAD.,PERDIDA DE CARRIL,AUTOMOVIL,1,0,0,0,0,0,0,0,0,0,0,0,0,1,16,HOMBRE,LESIONADO,PASAJERO,NO,NO,1
33631,143522,143523,2023,0,0,-0.230201,-78.506491,PICHINCHA,QUITO,QUITO,URBANA,2023-03-18,18:40:00,18,SABADO,6,MARZO,3,NO,CONDUCIR VEHICULO SUPERANDO LOS LIMITES MAXIMOS DE VELOCIDAD.,PERDIDA DE CARRIL,AUTOMOVIL,1,0,0,0,0,0,0,0,0,0,0,0,0,1,-1,NO IDENTIFICADO,NO IDENTIFICADO,CONDUCTOR AUSENTE,NO,NO,2
33632,143534,143535,2023,0,0,-0.303406,-78.547871,PICHINCHA,QUITO,QUITO,URBANA,2023-03-18,22:35:00,22,SABADO,6,MARZO,3,NO,CONDUCIR VEHICULO SUPERANDO LOS LIMITES MAXIMOS DE VELOCIDAD.,CHOQUE LATERAL,MOTOCICLETA,1,0,0,0,0,0,0,0,1,0,0,0,0,2,34,HOMBRE,ILESO,CONDUCTOR PRESENTE,NO,NO,1
33633,143539,143540,2023,0,0,-0.178425,-78.358481,PICHINCHA,QUITO,PUEMBO,RURAL,2023-03-19,00:37:00,0,DOMINGO,7,MARZO,3,NO,"NO RESPETAR LAS SENIALES REGLAMENTARIAS DE TRANSITO. (PARE, CEDA EL PASO, LUZ ROJA DEL SEMAFORO, ETC).",CHOQUE LATERAL,AUTOMOVIL,2,0,0,0,0,0,0,0,0,0,0,0,0,2,25,HOMBRE,ILESO,CONDUCTOR PRESENTE,NO,NO,3
33634,143541,143542,2023,0,0,-0.177891,-78.494106,PICHINCHA,QUITO,QUITO,URBANA,2023-03-19,01:10:00,1,DOMINGO,7,MARZO,3,NO,CONDUCIR VEHICULO SUPERANDO LOS LIMITES MAXIMOS DE VELOCIDAD.,ESTRELLAMIENTOS,AUTOMOVIL,1,0,0,0,0,0,0,0,0,0,0,0,0,1,42,HOMBRE,ILESO,CONDUCTOR PRESENTE,NO,NO,1
33635,143542,143543,2023,0,1,-0.080665,-78.481943,PICHINCHA,QUITO,QUITO,RURAL,2023-03-19,01:20:00,1,DOMINGO,7,MARZO,3,NO,"CONDUCIR DESATENTO A LAS CONDICIONES DE TRANSITO (CELULAR, PANTALLAS DE VIDEO, COMIDA, MAQUILLAJE O CUALQUIER OTRO ELEMENTO DISTRACTOR).",VOLCAMIENTOS,NO IDENTIFICADO,0,0,0,0,0,0,0,0,0,1,0,0,0,1,30,HOMBRE,FALLECIDO,CONDUCTOR PRESENTE,NO,SI,3
33636,143545,143546,2023,0,0,-0.214846,-78.406405,PICHINCHA,QUITO,TUMBACO,RURAL,2023-03-19,02:10:00,2,DOMINGO,7,MARZO,3,NO,"NO RESPETAR LAS SENIALES REGLAMENTARIAS DE TRANSITO. (PARE, CEDA EL PASO, LUZ ROJA DEL SEMAFORO, ETC).",COLISION,AUTOMOVIL,3,0,0,0,0,0,0,0,0,0,0,0,0,3,27,HOMBRE,ILESO,CONDUCTOR PRESENTE,NO,NO,3
33637,143548,143549,2023,0,0,-0.176025,-78.485541,PICHINCHA,QUITO,QUITO,URBANA,2023-03-19,03:10:00,3,DOMINGO,7,MARZO,3,NO,"CONDUCE BAJO LA INFLUENCIA DE ALCOHOL, SUSTANCIAS ESTUPEFACIENTES O PSICOTROPICAS Y/O MEDICAMENTOS.",CHOQUE LATERAL,AUTOMOVIL,2,0,0,0,0,0,0,0,0,0,0,0,0,2,31,HOMBRE,ILESO,CONDUCTOR PRESENTE,NO,NO,1
33638,143552,143553,2023,1,0,-0.162812,-78.478537,PICHINCHA,QUITO,QUITO,URBANA,2023-03-19,03:35:00,3,DOMINGO,7,MARZO,3,NO,"NO RESPETAR LAS SENIALES REGLAMENTARIAS DE TRANSITO. (PARE, CEDA EL PASO, LUZ ROJA DEL SEMAFORO, ETC).",OTROS,MOTOCICLETA,0,0,0,0,0,0,0,0,1,1,0,0,0,2,22,HOMBRE,LESIONADO,PASAJERO,NO,NO,1
33639,143556,143557,2023,0,0,0.105306,-78.421351,PICHINCHA,QUITO,PUELLARO,RURAL,2023-03-19,05:15:00,5,DOMINGO,7,MARZO,3,NO,"CASO FORTUITO O FUERZA MAYOR (EXPLOSION DE NEUMATICO NUEVO, DERRUMBE, INUNDACION, CAIDA DE PUENTE, ARBOL, PRESENCIA INTEMPESTIVA E IMPREVISTA DE SEMOVIENTES EN LA VIA, ETC.).",PERDIDA DE CARRIL,AUTOMOVIL,1,0,0,0,0,0,0,0,0,0,0,0,0,1,23,HOMBRE,ILESO,CONDUCTOR PRESENTE,NO,NO,3
33640,143566,143567,2023,1,0,-0.305762,-78.471908,PICHINCHA,QUITO,CONOCOTO,RURAL,2023-03-19,06:10:00,6,DOMINGO,7,MARZO,3,NO,NO MANTENER LA DISTANCIA PRUDENCIAL CON RESPECTO AL VEHICULO QUE LE ANTECEDE.,CHOQUE POSTERIOR,BICICLETA,0,1,0,0,0,0,0,0,0,1,0,0,0,2,23,HOMBRE,LESIONADO,CONDUCTOR PRESENTE,NO,NO,3
33641,143568,143569,2023,1,0,-0.259462,-78.539976,PICHINCHA,QUITO,QUITO,URBANA,2023-03-19,06:35:00,6,DOMINGO,7,MARZO,3,NO,CONDUCIR VEHICULO SUPERANDO LOS LIMITES MAXIMOS DE VELOCIDAD.,ESTRELLAMIENTOS,MOTOCICLETA,0,0,0,0,0,0,0,0,1,0,0,0,0,1,24,HOMBRE,LESIONADO,CONDUCTOR PRESENTE,NO,NO,1
33642,143569,143570,2023,0,0,-0.276503,-78.552467,PICHINCHA,QUITO,QUITO,URBANA,2023-03-19,06:45:00,6,DOMINGO,7,MARZO,3,NO,"NO RESPETAR LAS SENIALES REGLAMENTARIAS DE TRANSITO. (PARE, CEDA EL PASO, LUZ ROJA DEL SEMAFORO, ETC).",CHOQUE LATERAL,MOTOCICLETA,1,0,0,0,0,0,0,0,1,0,0,0,0,2,23,HOMBRE,ILESO,CONDUCTOR PRESENTE,NO,NO,1
33643,143570,143571,2023,0,1,-0.291834,-78.526983,PICHINCHA,QUITO,QUITO,URBANA,2023-03-19,07:23:00,7,DOMINGO,7,MARZO,3,NO,CONDUCIR VEHICULO SUPERANDO LOS LIMITES MAXIMOS DE VELOCIDAD.,OTROS,NO IDENTIFICADO,0,0,0,0,0,0,0,0,0,1,0,0,0,1,31,HOMBRE,FALLECIDO,PASAJERO,NO,NO,1
33644,143573,143574,2023,0,0,-0.288172,-78.505354,PICHINCHA,QUITO,CONOCOTO,RURAL,2023-03-19,08:00:00,8,DOMINGO,7,MARZO,3,NO,CONDUCIR VEHICULO SUPERANDO LOS LIMITES MAXIMOS DE VELOCIDAD.,OTROS,AUTOMOVIL,3,0,0,0,0,0,0,0,0,0,0,0,0,3,43,HOMBRE,ILESO,CONDUCTOR PRESENTE,NO,NO,3
33645,143578,143579,2023,1,0,-0.269171,-78.527926,PICHINCHA,QUITO,QUITO,URBANA,2023-03-19,10:40:00,10,DOMINGO,7,MARZO,3,NO,CONDUCIR VEHICULO SUPERANDO LOS LIMITES MAXIMOS DE VELOCIDAD.,ATROPELLOS,MOTOCICLETA,0,0,0,0,0,0,0,0,1,0,0,0,0,1,76,HOMBRE,LESIONADO,PEATON,NO,NO,1
33646,143581,143582,2023,0,0,-0.235902,-78.484359,PICHINCHA,QUITO,QUITO,URBANA,2023-03-19,11:50:00,11,DOMINGO,7,MARZO,3,NO,NO MANTENER LA DISTANCIA PRUDENCIAL CON RESPECTO AL VEHICULO QUE LE ANTECEDE.,COLISION,MOTOCICLETA,3,0,0,0,0,0,0,0,1,0,0,0,0,4,32,HOMBRE,ILESO,CONDUCTOR PRESENTE,NO,NO,1
33647,143587,143588,2023,0,0,-0.327125,-78.519158,PICHINCHA,QUITO,QUITO,URBANA,2023-03-19,14:01:00,14,DOMINGO,7,MARZO,3,NO,NO MANTENER LA DISTANCIA PRUDENCIAL CON RESPECTO AL VEHICULO QUE LE ANTECEDE.,CHOQUE POSTERIOR,CAMION,1,0,0,1,0,0,0,0,0,0,0,0,0,2,33,HOMBRE,ILESO,CONDUCTOR PRESENTE,NO,NO,1
33648,143614,143615,2023,0,1,0.038558,-78.249036,PICHINCHA,PEDRO MONCAYO,LA ESPERANZA (PEDRO MONCAYO),URBANA,2023-03-19,21:00:00,21,DOMINGO,7,MARZO,3,NO,CONDUCIR VEHICULO SUPERANDO LOS LIMITES MAXIMOS DE VELOCIDAD.,ATROPELLOS,NO IDENTIFICADO,0,0,0,0,0,0,0,0,0,1,0,0,0,1,30,HOMBRE,FALLECIDO,PEATON,NO,SI,1
33649,143625,143626,2023,3,1,-0.126169,-78.516695,PICHINCHA,QUITO,QUITO,URBANA,2023-03-20,01:28:00,1,LUNES,1,MARZO,3,NO,CONDUCIR VEHICULO SUPERANDO LOS LIMITES MAXIMOS DE VELOCIDAD.,ESTRELLAMIENTOS,CAMIONETA,0,0,0,0,1,0,0,0,0,0,0,0,0,1,10,MUJER,FALLECIDO,PASAJERO,NO,NO,1
33650,143628,143629,2023,0,0,-0.121985,-78.463045,PICHINCHA,QUITO,QUITO,URBANA,2023-03-20,03:10:00,3,LUNES,1,MARZO,3,NO,CONDUCIR VEHICULO SUPERANDO LOS LIMITES MAXIMOS DE VELOCIDAD.,ESTRELLAMIENTOS,AUTOMOVIL,1,0,0,0,0,0,0,0,0,0,0,0,0,1,-1,NO IDENTIFICADO,NO IDENTIFICADO,CONDUCTOR AUSENTE,NO,NO,2
33651,143629,143630,2023,0,1,-0.445028,-78.632361,PICHINCHA,MEJIA,ALOAG,RURAL,2023-03-20,03:55:00,3,LUNES,1,MARZO,3,NO,"CONDUCIR DESATENTO A LAS CONDICIONES DE TRANSITO (CELULAR, PANTALLAS DE VIDEO, COMIDA, MAQUILLAJE O CUALQUIER OTRO ELEMENTO DISTRACTOR).",PERDIDA DE CARRIL,CAMIONETA,0,0,0,0,1,0,0,0,0,0,0,0,0,1,-1,HOMBRE,FALLECIDO,CONDUCTOR PRESENTE,NO,NO,3
33652,143638,143639,2023,0,0,-0.205875,-78.494919,PICHINCHA,QUITO,QUITO,URBANA,2023-03-20,08:20:00,8,LUNES,1,MARZO,3,NO,CONDUCIR VEHICULO SUPERANDO LOS LIMITES MAXIMOS DE VELOCIDAD.,CHOQUE LATERAL,AUTOMOVIL,2,0,0,0,0,0,0,0,0,0,0,0,0,2,46,HOMBRE,ILESO,CONDUCTOR PRESENTE,NO,NO,1
33653,143641,143642,2023,0,0,-0.262313,-78.547766,PICHINCHA,QUITO,QUITO,URBANA,2023-03-20,10:20:00,10,LUNES,1,MARZO,3,NO,NO CEDER EL DERECHO DE VIA O PREFERENCIA DE PASO A VEHICULOS.,CHOQUE LATERAL,BUS,1,0,1,0,0,0,0,0,0,0,0,0,0,2,47,HOMBRE,ILESO,CONDUCTOR PRESENTE,NO,NO,1
33654,143643,143644,2023,4,0,-0.326168,-78.519311,PICHINCHA,QUITO,QUITO,URBANA,2023-03-20,10:30:00,10,LUNES,1,MARZO,3,NO,CONDUCIR VEHICULO SUPERANDO LOS LIMITES MAXIMOS DE VELOCIDAD.,ESTRELLAMIENTOS,AUTOMOVIL,1,0,0,0,0,0,0,0,0,0,0,0,0,1,24,HOMBRE,LESIONADO,PASAJERO,NO,NO,1
33655,143649,143650,2023,3,0,-0.239781,-78.523962,PICHINCHA,QUITO,QUITO,URBANA,2023-03-20,12:27:00,12,LUNES,1,MARZO,3,NO,CONDUCIR VEHICULO SUPERANDO LOS LIMITES MAXIMOS DE VELOCIDAD.,CHOQUE LATERAL,MOTOCICLETA,1,0,0,0,0,0,0,0,1,0,0,0,0,2,36,HOMBRE,LESIONADO,CONDUCTOR PRESENTE,SI,NO,1
33656,143666,143667,2023,1,0,-0.146913,-78.491251,PICHINCHA,QUITO,QUITO,URBANA,2023-03-20,20:15:00,20,LUNES,1,MARZO,3,NO,NO GUARDAR LA DISTANCIA LATERAL MINIMA DE SEGURIDAD ENTRE VEHICULOS.,ROZAMIENTOS,CAMION,0,0,0,1,0,0,0,0,0,0,1,0,0,2,47,HOMBRE,LESIONADO,CONDUCTOR PRESENTE,NO,NO,1
33657,143674,143675,2023,0,0,-0.292109,-78.546265,PICHINCHA,QUITO,QUITO,URBANA,2023-03-21,06:43:00,6,MARTES,2,MARZO,3,NO,CONDUCIR VEHICULO SUPERANDO LOS LIMITES MAXIMOS DE VELOCIDAD.,COLISION,BUS,1,0,2,0,0,0,0,0,0,0,0,0,0,3,50,HOMBRE,ILESO,CONDUCTOR PRESENTE,NO,NO,1
33658,143689,143690,2023,0,1,-0.081996,-78.413034,PICHINCHA,QUITO,CALDERON (CARAPUNGO),RURAL,2023-03-21,15:55:00,15,MARTES,2,MARZO,3,NO,NO TRANSITAR POR LAS ACERAS O ZONAS DE SEGURIDAD DESTINADAS PARA EL EFECTO.,ATROPELLOS,MOTOCICLETA,0,0,0,0,0,0,0,0,1,0,0,0,0,1,74,MUJER,FALLECIDO,PEATON,NO,NO,3
33659,143699,143700,2023,0,0,-0.141405,-78.470166,PICHINCHA,QUITO,QUITO,URBANA,2023-03-21,21:50:00,21,MARTES,2,MARZO,3,NO,NO MANTENER LA DISTANCIA PRUDENCIAL CON RESPECTO AL VEHICULO QUE LE ANTECEDE.,CHOQUE POSTERIOR,AUTOMOVIL,2,0,0,0,0,0,0,0,0,0,0,0,0,2,59,HOMBRE,ILESO,CONDUCTOR PRESENTE,NO,NO,1
33660,143715,143716,2023,0,0,-0.203559,-78.430841,PICHINCHA,QUITO,CUMBAYA,RURAL,2023-03-22,17:40:00,17,MIERCOLES,3,MARZO,3,NO,NO MANTENER LA DISTANCIA PRUDENCIAL CON RESPECTO AL VEHICULO QUE LE ANTECEDE.,COLISION,CAMIONETA,2,0,0,0,1,0,0,0,0,0,0,0,0,3,46,HOMBRE,ILESO,CONDUCTOR PRESENTE,NO,NO,3
33661,143727,143728,2023,0,0,-0.171712,-78.487736,PICHINCHA,QUITO,QUITO,URBANA,2023-03-23,01:45:00,1,JUEVES,4,MARZO,3,NO,CONDUCIR VEHICULO SUPERANDO LOS LIMITES MAXIMOS DE VELOCIDAD.,ESTRELLAMIENTOS,AUTOMOVIL,1,0,0,0,0,0,0,0,0,0,0,0,0,1,-1,NO IDENTIFICADO,NO IDENTIFICADO,CONDUCTOR AUSENTE,NO,NO,2
33662,143729,143730,2023,0,0,-0.246766,-78.525238,PICHINCHA,QUITO,QUITO,URBANA,2023-03-23,06:30:00,6,JUEVES,4,MARZO,3,NO,CONDUCIR VEHICULO SUPERANDO LOS LIMITES MAXIMOS DE VELOCIDAD.,ESTRELLAMIENTOS,CAMIONETA,1,0,0,0,1,0,0,0,0,0,0,0,0,2,-1,NO IDENTIFICADO,NO IDENTIFICADO,CONDUCTOR AUSENTE,NO,NO,2
33663,143730,143731,2023,0,0,-0.288471,-78.475429,PICHINCHA,QUITO,CONOCOTO,RURAL,2023-03-23,06:45:00,6,JUEVES,4,MARZO,3,NO,CONDUCIR VEHICULO SUPERANDO LOS LIMITES MAXIMOS DE VELOCIDAD.,CHOQUE LATERAL,AUTOMOVIL,2,0,0,0,0,0,0,0,0,0,0,0,0,2,32,HOMBRE,ILESO,CONDUCTOR PRESENTE,NO,NO,3
33664,143733,143734,2023,0,0,-0.210389,-78.502405,PICHINCHA,QUITO,QUITO,URBANA,2023-03-23,07:55:00,7,JUEVES,4,MARZO,3,NO,"CONDICIONES AMBIENTALES Y/O ATMOSFERICAS (NIEBLA, NEBLINA, GRANIZO, LLUVIA).",CHOQUE LATERAL,CAMIONETA,0,0,0,0,2,0,0,0,0,0,0,0,0,2,56,HOMBRE,ILESO,CONDUCTOR PRESENTE,NO,NO,1
33665,143734,143735,2023,0,0,-0.064822,-78.288341,PICHINCHA,CAYAMBE,ASCAZUBI,URBANA,2023-03-23,08:00:00,8,JUEVES,4,MARZO,3,NO,"CONDUCIR DESATENTO A LAS CONDICIONES DE TRANSITO (CELULAR, PANTALLAS DE VIDEO, COMIDA, MAQUILLAJE O CUALQUIER OTRO ELEMENTO DISTRACTOR).",CHOQUE LATERAL,CAMIONETA,1,0,0,0,1,0,0,0,0,0,0,0,0,2,31,HOMBRE,ILESO,CONDUCTOR PRESENTE,NO,SI,1
33666,143736,143737,2023,3,0,-0.103276,-78.451562,PICHINCHA,QUITO,CALDERON (CARAPUNGO),RURAL,2023-03-23,11:30:00,11,JUEVES,4,MARZO,3,NO,"NO RESPETAR LAS SENIALES REGLAMENTARIAS DE TRANSITO. (PARE, CEDA EL PASO, LUZ ROJA DEL SEMAFORO, ETC).",CHOQUE LATERAL,MOTOCICLETA,1,0,0,0,0,0,0,0,1,0,0,0,0,2,21,HOMBRE,LESIONADO,CONDUCTOR PRESENTE,NO,NO,3
33667,143741,143742,2023,0,0,-0.153463,-78.477681,PICHINCHA,QUITO,QUITO,URBANA,2023-03-23,14:35:00,14,JUEVES,4,MARZO,3,NO,NO MANTENER LA DISTANCIA PRUDENCIAL CON RESPECTO AL VEHICULO QUE LE ANTECEDE.,CHOQUE POSTERIOR,FURGONETA,1,0,0,0,0,0,0,1,0,0,0,0,0,2,43,HOMBRE,ILESO,CONDUCTOR PRESENTE,NO,NO,1
33668,143743,143744,2023,0,0,-0.107638,-78.447104,PICHINCHA,QUITO,CALDERON (CARAPUNGO),RURAL,2023-03-23,15:53:00,15,JUEVES,4,MARZO,3,NO,"NO RESPETAR LAS SENIALES REGLAMENTARIAS DE TRANSITO. (PARE, CEDA EL PASO, LUZ ROJA DEL SEMAFORO, ETC).",CHOQUE LATERAL,MOTOCICLETA,1,0,0,0,0,0,0,0,1,0,0,0,0,2,24,HOMBRE,ILESO,CONDUCTOR PRESENTE,NO,NO,3
33669,143744,143745,2023,0,0,-0.198535,-78.464456,PICHINCHA,QUITO,QUITO,URBANA,2023-03-23,16:40:00,16,JUEVES,4,MARZO,3,NO,CONDUCIR VEHICULO SUPERANDO LOS LIMITES MAXIMOS DE VELOCIDAD.,OTROS,CAMION,0,0,0,2,1,0,0,0,0,0,0,0,0,3,47,HOMBRE,ILESO,CONDUCTOR PRESENTE,NO,NO,1
33670,143748,143749,2023,0,1,-0.446833,-78.746278,PICHINCHA,MEJIA,MANUEL CORNEJO ASTORGA,RURAL,2023-03-23,17:40:00,17,JUEVES,4,MARZO,3,NO,"CONDUCIR DESATENTO A LAS CONDICIONES DE TRANSITO (CELULAR, PANTALLAS DE VIDEO, COMIDA, MAQUILLAJE O CUALQUIER OTRO ELEMENTO DISTRACTOR).",PERDIDA DE CARRIL,CAMIONETA,0,0,0,0,1,0,0,0,0,0,0,0,0,1,79,HOMBRE,FALLECIDO,CONDUCTOR PRESENTE,NO,NO,3
33671,143751,143752,2023,1,0,-0.200204,-78.499996,PICHINCHA,QUITO,QUITO,URBANA,2023-03-23,18:24:00,18,JUEVES,4,MARZO,3,NO,CONDUCIR VEHICULO SUPERANDO LOS LIMITES MAXIMOS DE VELOCIDAD.,OTROS,MOTOCICLETA,0,0,0,0,0,0,0,0,2,0,0,0,0,2,54,MUJER,LESIONADO,PEATON,NO,NO,1
33672,143754,143755,2023,0,0,-0.163371,-78.486145,PICHINCHA,QUITO,QUITO,URBANA,2023-03-23,19:45:00,19,JUEVES,4,MARZO,3,NO,"CONDICIONES AMBIENTALES Y/O ATMOSFERICAS (NIEBLA, NEBLINA, GRANIZO, LLUVIA).",CHOQUE POSTERIOR,AUTOMOVIL,2,0,0,0,0,0,0,0,0,0,0,0,0,2,40,MUJER,ILESO,CONDUCTOR PRESENTE,NO,NO,1
33673,143755,143756,2023,1,0,-0.344037,-78.454588,PICHINCHA,RUMINIAHUI,SANGOLQUI,RURAL,2023-03-23,20:45:00,20,JUEVES,4,MARZO,3,NO,"CONDICIONES AMBIENTALES Y/O ATMOSFERICAS (NIEBLA, NEBLINA, GRANIZO, LLUVIA).",CAIDA DE PASAJERO,NO IDENTIFICADO,0,0,0,0,0,0,0,0,0,1,0,0,0,1,19,HOMBRE,LESIONADO,PASAJERO,NO,SI,3
33674,143764,143765,2023,0,0,-0.320639,-78.922278,PICHINCHA,MEJIA,MANUEL CORNEJO ASTORGA,RURAL,2023-03-24,02:30:00,2,VIERNES,5,MARZO,3,NO,"CONDUCIR DESATENTO A LAS CONDICIONES DE TRANSITO (CELULAR, PANTALLAS DE VIDEO, COMIDA, MAQUILLAJE O CUALQUIER OTRO ELEMENTO DISTRACTOR).",PERDIDA DE CARRIL,VEHICULO DEPORTIVO UTILITARIO,0,0,0,0,0,0,0,0,0,0,0,0,1,1,-1,HOMBRE,ILESO,CONDUCTOR PRESENTE,NO,NO,3
33675,143768,143769,2023,0,1,-0.266261,-78.551241,PICHINCHA,QUITO,QUITO,URBANA,2023-03-24,06:40:00,6,VIERNES,5,MARZO,3,NO,NO TRANSITAR POR LAS ACERAS O ZONAS DE SEGURIDAD DESTINADAS PARA EL EFECTO.,ATROPELLOS,BUS,0,0,1,0,0,0,0,0,0,0,0,0,0,1,38,HOMBRE,FALLECIDO,PEATON,NO,NO,1
33676,143770,143771,2023,2,0,-0.336161,-78.541551,PICHINCHA,QUITO,QUITO,URBANA,2023-03-24,07:40:00,7,VIERNES,5,MARZO,3,NO,CONDUCIR VEHICULO SUPERANDO LOS LIMITES MAXIMOS DE VELOCIDAD.,CHOQUE LATERAL,MOTOCICLETA,1,0,0,0,0,0,0,0,1,0,0,0,0,2,8,MUJER,LESIONADO,PASAJERO,SI,NO,1
33677,143772,143773,2023,1,0,-0.223432,-78.513053,PICHINCHA,QUITO,QUITO,URBANA,2023-03-24,10:00:00,10,VIERNES,5,MARZO,3,NO,"CONDUCE BAJO LA INFLUENCIA DE ALCOHOL, SUSTANCIAS ESTUPEFACIENTES O PSICOTROPICAS Y/O MEDICAMENTOS.",CHOQUE FRONTAL,BUS,0,0,1,0,0,0,0,0,0,0,1,0,0,2,33,HOMBRE,LESIONADO,CONDUCTOR PRESENTE,NO,NO,1
33678,143777,143778,2023,0,0,-0.126444,-78.478062,PICHINCHA,QUITO,QUITO,URBANA,2023-03-24,12:51:00,12,VIERNES,5,MARZO,3,NO,"NO RESPETAR LAS SENIALES REGLAMENTARIAS DE TRANSITO. (PARE, CEDA EL PASO, LUZ ROJA DEL SEMAFORO, ETC).",OTROS,CAMIONETA,1,0,0,0,1,0,0,0,0,0,0,0,0,2,41,HOMBRE,ILESO,CONDUCTOR PRESENTE,NO,NO,1
33679,143783,143784,2023,1,0,-0.317927,-78.570282,PICHINCHA,QUITO,QUITO,URBANA,2023-03-24,14:40:00,14,VIERNES,5,MARZO,3,NO,CONDUCIR VEHICULO SUPERANDO LOS LIMITES MAXIMOS DE VELOCIDAD.,CAIDA DE PASAJERO,NO IDENTIFICADO,0,0,0,0,0,0,0,0,0,1,0,0,0,1,23,HOMBRE,LESIONADO,PASAJERO,NO,NO,1
33680,143791,143792,2023,0,0,-0.123336,-78.482693,PICHINCHA,QUITO,QUITO,URBANA,2023-03-24,18:30:00,18,VIERNES,5,MARZO,3,NO,"NO RESPETAR LAS SENIALES REGLAMENTARIAS DE TRANSITO. (PARE, CEDA EL PASO, LUZ ROJA DEL SEMAFORO, ETC).",CHOQUE LATERAL,AUTOMOVIL,2,0,0,0,0,0,0,0,0,0,0,0,0,2,61,HOMBRE,ILESO,CONDUCTOR PRESENTE,NO,NO,1
33681,143794,143795,2023,0,0,-0.106891,-78.472913,PICHINCHA,QUITO,QUITO,URBANA,2023-03-24,20:00:00,20,VIERNES,5,MARZO,3,NO,CONDUCIR VEHICULO SUPERANDO LOS LIMITES MAXIMOS DE VELOCIDAD.,OTROS,AUTOMOVIL,1,0,0,0,0,0,0,0,0,0,0,0,0,1,-1,NO IDENTIFICADO,NO IDENTIFICADO,CONDUCTOR AUSENTE,NO,NO,2
33682,143796,143797,2023,0,0,-0.193683,-78.461021,PICHINCHA,QUITO,QUITO,URBANA,2023-03-24,20:50:00,20,VIERNES,5,MARZO,3,NO,"CONDICIONES AMBIENTALES Y/O ATMOSFERICAS (NIEBLA, NEBLINA, GRANIZO, LLUVIA).",CHOQUE FRONTAL,AUTOMOVIL,2,0,0,0,0,0,0,0,0,0,0,0,0,2,70,HOMBRE,ILESO,CONDUCTOR PRESENTE,NO,NO,1
33683,143797,143798,2023,0,0,-0.182543,-78.506383,PICHINCHA,QUITO,QUITO,URBANA,2023-03-24,20:50:00,20,VIERNES,5,MARZO,3,NO,"CONDICIONES AMBIENTALES Y/O ATMOSFERICAS (NIEBLA, NEBLINA, GRANIZO, LLUVIA).",ESTRELLAMIENTOS,AUTOMOVIL,1,0,0,0,0,0,0,0,0,0,0,0,0,1,55,HOMBRE,ILESO,CONDUCTOR PRESENTE,NO,NO,1
33684,143800,143801,2023,0,0,-0.095608,-78.469392,PICHINCHA,QUITO,QUITO,URBANA,2023-03-24,22:00:00,22,VIERNES,5,MARZO,3,NO,CONDUCIR VEHICULO SUPERANDO LOS LIMITES MAXIMOS DE VELOCIDAD.,ESTRELLAMIENTOS,AUTOMOVIL,1,0,0,0,0,0,0,0,0,0,0,0,0,1,34,MUJER,ILESO,CONDUCTOR PRESENTE,NO,NO,1
33685,143801,143802,2023,4,0,-0.162783,-78.478485,PICHINCHA,QUITO,QUITO,URBANA,2023-03-24,22:15:00,22,VIERNES,5,MARZO,3,NO,"CONDICIONES AMBIENTALES Y/O ATMOSFERICAS (NIEBLA, NEBLINA, GRANIZO, LLUVIA).",CHOQUE LATERAL,CAMION,1,0,0,1,0,0,0,0,0,0,0,0,0,2,23,HOMBRE,LESIONADO,PASAJERO,NO,NO,1