,Unnamed: 0,ID,ANIO,LESIONADOS,FALLECIDOS,LATITUD_Y,LONGITUD_X,PROVINCIA,CANTON,PARROQUIA,ZONA,FECHA,HORA,PERIODO_2,DIA_1,DIA_2,MES_1,MES_2,FERIADO,CAUSA_PROBABLE,TIPO_DE_SINIESTRO,TIPO_DE_VEHICULO_1,AUTOMOVIL,BICICLETA,BUS,CAMION,CAMIONETA,EMERGENCIAS,ESPECIAL,FURGONETA,MOTOCICLETA,NO_IDENTIFICADO,SCOOTER_ELECTRICO,TRICIMOTO,VEHICULO_DEPORTIVO_UTILITARIO,SUMA_DE_VEHICULOS,EDAD_1,SEXO_1,CONDICION_1,PARTICIPANTE_1,CASCO_1,CINTURON_1,KMeans_Cluster
33686,143802,143803,2023,0,0,-0.122223,-78.495573,PICHINCHA,QUITO,QUITO,URBANA,2023-03-24,23:00:00,23,VIERNES,5,MARZO,3,NO,"NO RESPETAR LAS SENIALES REGLAMENTARIAS DE TRANSITO. (PARE, CEDA EL PASO, LUZ ROJA DEL SEMAFORO, ETC).",CHOQUE LATERAL,AUTOMOVIL,2,0,0,0,0,0,0,0,0,0,0,0,0,2,30,HOMBRE,ILESO,CONDUCTOR PRESENTE,NO,NO,1
33687,143805,143806,2023,0,0,-0.259211,-78.551129,PICHINCHA,QUITO,QUITO,URBANA,2023-03-25,00:02:00,0,SABADO,6,MARZO,3,NO,CONDUCIR VEHICULO SUPERANDO LOS LIMITES MAXIMOS DE VELOCIDAD.,CHOQUE LATERAL,AUTOMOVIL,2,0,0,0,0,0,0,0,0,0,0,0,0,2,34,HOMBRE,ILESO,CONDUCTOR PRESENTE,NO,NO,1
33688,143810,143811,2023,3,0,-0.175011,-78.493552,PICHINCHA,QUITO,QUITO,URBANA,2023-03-25,02:20:00,2,SABADO,6,MARZO,3,NO,"CONDICIONES AMBIENTALES Y/O ATMOSFERICAS (NIEBLA, NEBLINA, GRANIZO, LLUVIA).",ESTRELLAMIENTOS,CAMIONETA,1,0,0,0,1,0,0,0,0,0,0,0,0,2,32,HOMBRE,LESIONADO,PASAJERO,NO,NO,1
33689,143828,143829,2023,0,0,-0.006255,-78.451829,PICHINCHA,QUITO,SAN ANTONIO (QUITO),RURAL,2023-03-25,11:03:00,11,SABADO,6,MARZO,3,NO,"NO RESPETAR LAS SENIALES REGLAMENTARIAS DE TRANSITO. (PARE, CEDA EL PASO, LUZ ROJA DEL SEMAFORO, ETC).",CHOQUE LATERAL,AUTOMOVIL,2,0,0,0,0,0,0,0,0,0,0,0,0,2,48,HOMBRE,ILESO,CONDUCTOR PRESENTE,NO,NO,3
33690,143831,143832,2023,1,0,-0.270031,-78.538871,PICHINCHA,QUITO,QUITO,URBANA,2023-03-25,12:35:00,12,SABADO,6,MARZO,3,NO,NO CEDER EL DERECHO DE VIA O PREFERENCIA DE PASO AL PEATON.,ATROPELLOS,NO IDENTIFICADO,0,0,0,0,0,0,0,0,0,1,0,0,0,1,78,MUJER,LESIONADO,PEATON,NO,NO,1
33691,143832,143833,2023,2,0,-0.193323,-78.498428,PICHINCHA,QUITO,QUITO,URBANA,2023-03-25,13:08:00,13,SABADO,6,MARZO,3,NO,"NO RESPETAR LAS SENIALES REGLAMENTARIAS DE TRANSITO. (PARE, CEDA EL PASO, LUZ ROJA DEL SEMAFORO, ETC).",OTROS,MOTOCICLETA,1,0,0,0,0,0,0,0,1,0,0,0,0,2,32,HOMBRE,LESIONADO,PASAJERO,NO,NO,1
33692,143842,143843,2023,1,0,-0.287508,-78.564863,PICHINCHA,QUITO,QUITO,URBANA,2023-03-25,15:10:00,15,SABADO,6,MARZO,3,NO,NO CEDER EL DERECHO DE VIA O PREFERENCIA DE PASO A VEHICULOS.,CHOQUE LATERAL,NO IDENTIFICADO,0,0,0,0,0,0,0,0,0,2,0,0,0,2,36,HOMBRE,LESIONADO,CONDUCTOR PRESENTE,NO,NO,1
33693,143846,143847,2023,0,0,-0.290732,-78.561584,PICHINCHA,QUITO,QUITO,URBANA,2023-03-25,17:00:00,17,SABADO,6,MARZO,3,NO,NO MANTENER LA DISTANCIA PRUDENCIAL CON RESPECTO AL VEHICULO QUE LE ANTECEDE.,CHOQUE POSTERIOR,BUS,1,0,1,0,0,0,0,0,0,0,0,0,0,2,57,HOMBRE,ILESO,CONDUCTOR PRESENTE,NO,NO,1
33694,143850,143851,2023,0,2,-0.449411,-78.585734,PICHINCHA,MEJIA,ALOAG,URBANA,2023-03-25,19:40:00,19,SABADO,6,MARZO,3,NO,"CONDUCIR DESATENTO A LAS CONDICIONES DE TRANSITO (CELULAR, PANTALLAS DE VIDEO, COMIDA, MAQUILLAJE O CUALQUIER OTRO ELEMENTO DISTRACTOR).",CHOQUE FRONTAL,MOTOCICLETA,0,0,0,0,0,0,0,0,2,0,0,0,0,2,29,HOMBRE,FALLECIDO,CONDUCTOR PRESENTE,NO,SI,1
33695,143855,143856,2023,0,0,-0.130446,-78.448309,PICHINCHA,QUITO,LLANO CHICO,RURAL,2023-03-25,20:40:00,20,SABADO,6,MARZO,3,NO,CONDUCIR VEHICULO SUPERANDO LOS LIMITES MAXIMOS DE VELOCIDAD.,PERDIDA DE CARRIL,AUTOMOVIL,1,0,0,0,0,0,0,0,0,0,0,0,0,1,-1,NO IDENTIFICADO,NO IDENTIFICADO,CONDUCTOR AUSENTE,NO,NO,2
33696,143858,143859,2023,0,0,-0.084453,-78.419391,PICHINCHA,QUITO,CALDERON (CARAPUNGO),RURAL,2023-03-25,21:24:00,21,SABADO,6,MARZO,3,NO,"CONDUCE BAJO LA INFLUENCIA DE ALCOHOL, SUSTANCIAS ESTUPEFACIENTES O PSICOTROPICAS Y/O MEDICAMENTOS.",OTROS,AUTOMOVIL,3,0,0,0,0,0,0,0,0,0,0,0,0,3,22,HOMBRE,ILESO,CONDUCTOR PRESENTE,NO,NO,3
33697,143871,143872,2023,0,0,-0.202083,-78.511007,PICHINCHA,QUITO,QUITO,URBANA,2023-03-26,02:30:00,2,DOMINGO,7,MARZO,3,NO,CONDUCIR VEHICULO SUPERANDO LOS LIMITES MAXIMOS DE VELOCIDAD.,ESTRELLAMIENTOS,AUTOMOVIL,1,0,0,0,0,0,0,0,0,0,0,0,0,1,-1,NO IDENTIFICADO,NO IDENTIFICADO,CONDUCTOR AUSENTE,NO,NO,2
33698,143873,143874,2023,0,0,-0.335418,-78.539465,PICHINCHA,QUITO,QUITO,URBANA,2023-03-26,03:00:00,3,DOMINGO,7,MARZO,3,NO,CONDUCIR VEHICULO SUPERANDO LOS LIMITES MAXIMOS DE VELOCIDAD.,ESTRELLAMIENTOS,FURGONETA,1,0,0,0,0,0,0,1,0,0,0,0,0,2,34,HOMBRE,ILESO,CONDUCTOR PRESENTE,NO,NO,1
33699,143874,143875,2023,0,1,-0.016544,-78.451312,PICHINCHA,QUITO,SAN ANTONIO (QUITO),RURAL,2023-03-26,03:00:00,3,DOMINGO,7,MARZO,3,NO,CONDUCIR VEHICULO SUPERANDO LOS LIMITES MAXIMOS DE VELOCIDAD.,ESTRELLAMIENTOS,MOTOCICLETA,1,0,0,0,0,0,0,0,1,0,0,0,0,2,38,HOMBRE,FALLECIDO,CONDUCTOR PRESENTE,NO,NO,3
33700,143880,143881,2023,0,0,-0.188355,-78.446378,PICHINCHA,QUITO,NAYON,RURAL,2023-03-26,05:15:00,5,DOMINGO,7,MARZO,3,NO,REALIZAR CAMBIO BRUSCO O INDEBIDO DE CARRIL.,CHOQUE FRONTAL,AUTOMOVIL,2,0,0,0,0,0,0,0,0,0,0,0,0,2,49,HOMBRE,ILESO,CONDUCTOR PRESENTE,NO,NO,3
33701,143892,143893,2023,2,0,-0.363255,-78.473209,PICHINCHA,RUMINIAHUI,SANGOLQUI,URBANA,2023-03-26,09:30:00,9,DOMINGO,7,MARZO,3,NO,"CONDUCE BAJO LA INFLUENCIA DE ALCOHOL, SUSTANCIAS ESTUPEFACIENTES O PSICOTROPICAS Y/O MEDICAMENTOS.",CHOQUE LATERAL,VEHICULO DEPORTIVO UTILITARIO,1,0,0,0,0,0,0,0,0,0,0,0,1,2,38,HOMBRE,LESIONADO,CONDUCTOR PRESENTE,NO,SI,1
33702,143895,143896,2023,2,0,-0.198748,-78.484381,PICHINCHA,QUITO,QUITO,URBANA,2023-03-26,10:45:00,10,DOMINGO,7,MARZO,3,NO,"NO RESPETAR LAS SENIALES REGLAMENTARIAS DE TRANSITO. (PARE, CEDA EL PASO, LUZ ROJA DEL SEMAFORO, ETC).",CHOQUE LATERAL,BUS,0,1,1,0,0,0,0,0,0,0,0,0,0,2,64,HOMBRE,LESIONADO,PASAJERO,NO,NO,1
33703,143896,143897,2023,2,0,-0.185174,-78.452892,PICHINCHA,QUITO,NAYON,RURAL,2023-03-26,11:11:00,11,DOMINGO,7,MARZO,3,NO,"CONDUCE BAJO LA INFLUENCIA DE ALCOHOL, SUSTANCIAS ESTUPEFACIENTES O PSICOTROPICAS Y/O MEDICAMENTOS.",OTROS,MOTOCICLETA,1,0,0,0,0,0,0,0,1,1,0,0,0,3,27,HOMBRE,LESIONADO,PASAJERO,NO,NO,3
33704,143905,143906,2023,0,0,-0.131698,-78.496602,PICHINCHA,QUITO,QUITO,URBANA,2023-03-26,15:30:00,15,DOMINGO,7,MARZO,3,NO,"NO RESPETAR LAS SENIALES REGLAMENTARIAS DE TRANSITO. (PARE, CEDA EL PASO, LUZ ROJA DEL SEMAFORO, ETC).",CHOQUE LATERAL,CAMIONETA,1,0,0,0,1,0,0,0,0,0,0,0,0,2,64,HOMBRE,ILESO,CONDUCTOR PRESENTE,NO,NO,1
33705,143906,143907,2023,0,0,-0.183374,-78.482088,PICHINCHA,QUITO,QUITO,URBANA,2023-03-26,15:55:00,15,DOMINGO,7,MARZO,3,NO,NO MANTENER LA DISTANCIA PRUDENCIAL CON RESPECTO AL VEHICULO QUE LE ANTECEDE.,CHOQUE POSTERIOR,AUTOMOVIL,2,0,0,0,0,0,0,0,0,0,0,0,0,2,50,HOMBRE,ILESO,CONDUCTOR PRESENTE,NO,NO,1
33706,143913,143914,2023,1,0,-0.304257,-78.565346,PICHINCHA,QUITO,QUITO,URBANA,2023-03-26,17:00:00,17,DOMINGO,7,MARZO,3,NO,NO CEDER EL DERECHO DE VIA O PREFERENCIA DE PASO AL PEATON.,ATROPELLOS,NO IDENTIFICADO,0,0,0,0,0,0,0,0,0,1,0,0,0,1,45,HOMBRE,LESIONADO,PEATON,NO,NO,1
33707,143915,143916,2023,0,0,-0.089153,-78.428068,PICHINCHA,QUITO,CALDERON (CARAPUNGO),RURAL,2023-03-26,18:07:00,18,DOMINGO,7,MARZO,3,NO,"NO RESPETAR LAS SENIALES REGLAMENTARIAS DE TRANSITO. (PARE, CEDA EL PASO, LUZ ROJA DEL SEMAFORO, ETC).",CHOQUE LATERAL,AUTOMOVIL,2,0,0,0,0,0,0,0,0,0,0,0,0,2,53,MUJER,ILESO,CONDUCTOR PRESENTE,NO,NO,3
33708,143922,143923,2023,0,0,-0.003696,-78.517756,PICHINCHA,QUITO,CALACALI,RURAL,2023-03-26,19:30:00,19,DOMINGO,7,MARZO,3,NO,"CONDUCIR DESATENTO A LAS CONDICIONES DE TRANSITO (CELULAR, PANTALLAS DE VIDEO, COMIDA, MAQUILLAJE O CUALQUIER OTRO ELEMENTO DISTRACTOR).",PERDIDA DE PISTA,AUTOMOVIL,1,0,0,0,0,0,0,0,0,0,0,0,0,1,64,HOMBRE,ILESO,CONDUCTOR PRESENTE,NO,SI,3
33709,143923,143924,2023,0,1,-0.212824,-78.372904,PICHINCHA,QUITO,TUMBACO,RURAL,2023-03-26,19:55:00,19,DOMINGO,7,MARZO,3,NO,CONDUCIR VEHICULO SUPERANDO LOS LIMITES MAXIMOS DE VELOCIDAD.,ESTRELLAMIENTOS,MOTOCICLETA,0,0,0,0,0,0,0,0,1,1,0,0,0,2,37,HOMBRE,FALLECIDO,CONDUCTOR PRESENTE,NO,NO,3
33710,143932,143933,2023,1,0,-0.301057,-78.556395,PICHINCHA,QUITO,QUITO,URBANA,2023-03-26,22:00:00,22,DOMINGO,7,MARZO,3,NO,NO CEDER EL DERECHO DE VIA O PREFERENCIA DE PASO A VEHICULOS.,CHOQUE LATERAL,MOTOCICLETA,1,0,0,0,0,0,0,0,1,0,0,0,0,2,23,HOMBRE,LESIONADO,CONDUCTOR PRESENTE,NO,NO,1
33711,143935,143936,2023,0,0,-0.052983,-78.449136,PICHINCHA,QUITO,POMASQUI,RURAL,2023-03-26,22:50:00,22,DOMINGO,7,MARZO,3,NO,NO MANTENER LA DISTANCIA PRUDENCIAL CON RESPECTO AL VEHICULO QUE LE ANTECEDE.,OTROS,AUTOMOVIL,2,0,0,0,0,0,0,0,0,0,0,0,0,2,-1,NO IDENTIFICADO,NO IDENTIFICADO,CONDUCTOR AUSENTE,NO,NO,2
33712,143942,143943,2023,0,1,-0.447048,-78.681791,PICHINCHA,MEJIA,ALOAG,RURAL,2023-03-27,04:50:00,4,LUNES,1,MARZO,3,NO,"CONDUCIR DESATENTO A LAS CONDICIONES DE TRANSITO (CELULAR, PANTALLAS DE VIDEO, COMIDA, MAQUILLAJE O CUALQUIER OTRO ELEMENTO DISTRACTOR).",VOLCAMIENTOS,CAMION,0,0,0,1,0,0,0,0,0,0,0,0,0,1,-1,HOMBRE,FALLECIDO,PASAJERO,NO,NO,3
33713,143948,143949,2023,0,0,-0.228528,-78.507169,PICHINCHA,QUITO,QUITO,URBANA,2023-03-27,09:00:00,9,LUNES,1,MARZO,3,NO,REALIZAR CAMBIO BRUSCO O INDEBIDO DE CARRIL.,COLISION,BUS,1,0,2,0,0,0,0,0,0,0,0,0,0,3,31,HOMBRE,ILESO,CONDUCTOR PRESENTE,NO,NO,1
33714,143950,143951,2023,1,0,-0.099944,-78.445955,PICHINCHA,QUITO,CALDERON (CARAPUNGO),RURAL,2023-03-27,09:54:00,9,LUNES,1,MARZO,3,NO,"NO RESPETAR LAS SENIALES REGLAMENTARIAS DE TRANSITO. (PARE, CEDA EL PASO, LUZ ROJA DEL SEMAFORO, ETC).",CHOQUE LATERAL,MOTOCICLETA,1,0,0,0,0,0,0,0,1,0,0,0,0,2,41,HOMBRE,LESIONADO,CONDUCTOR PRESENTE,NO,NO,3
33715,143951,143952,2023,2,0,-0.231051,-78.504296,PICHINCHA,QUITO,QUITO,URBANA,2023-03-27,09:55:00,9,LUNES,1,MARZO,3,NO,CONDUCIR VEHICULO SUPERANDO LOS LIMITES MAXIMOS DE VELOCIDAD.,CHOQUE POSTERIOR,BUS,0,0,1,0,0,0,0,0,1,0,0,0,0,2,44,HOMBRE,LESIONADO,CONDUCTOR PRESENTE,NO,NO,1
33716,143954,143955,2023,1,0,-0.279347,-78.563632,PICHINCHA,QUITO,QUITO,URBANA,2023-03-27,12:00:00,12,LUNES,1,MARZO,3,NO,NO CEDER EL DERECHO DE VIA O PREFERENCIA DE PASO AL PEATON.,ATROPELLOS,NO IDENTIFICADO,0,0,0,0,0,0,0,0,0,1,0,0,0,1,21,MUJER,LESIONADO,PEATON,NO,NO,1
33717,143967,143968,2023,0,0,-0.301983,-78.469829,PICHINCHA,QUITO,CONOCOTO,RURAL,2023-03-27,17:50:00,17,LUNES,1,MARZO,3,NO,"CASO FORTUITO O FUERZA MAYOR (EXPLOSION DE NEUMATICO NUEVO, DERRUMBE, INUNDACION, CAIDA DE PUENTE, ARBOL, PRESENCIA INTEMPESTIVA E IMPREVISTA DE SEMOVIENTES EN LA VIA, ETC.).",ESTRELLAMIENTOS,AUTOMOVIL,1,0,0,0,0,0,0,0,0,0,0,0,0,1,27,HOMBRE,ILESO,CONDUCTOR PRESENTE,NO,NO,3
33718,143971,143972,2023,1,0,-0.194131,-78.501635,PICHINCHA,QUITO,QUITO,URBANA,2023-03-27,20:00:00,20,LUNES,1,MARZO,3,NO,CONDUCIR EN SENTIDO CONTRARIO A LA VIA NORMAL DE CIRCULACION.,CHOQUE FRONTAL,AUTOMOVIL,2,0,0,0,0,0,0,0,0,0,0,0,0,2,58,HOMBRE,LESIONADO,CONDUCTOR PRESENTE,NO,NO,1
33719,143978,143979,2023,1,0,-0.317549,-78.550471,PICHINCHA,QUITO,QUITO,URBANA,2023-03-27,22:00:00,22,LUNES,1,MARZO,3,NO,"CONDUCE BAJO LA INFLUENCIA DE ALCOHOL, SUSTANCIAS ESTUPEFACIENTES O PSICOTROPICAS Y/O MEDICAMENTOS.",ATROPELLOS,AUTOMOVIL,1,0,0,0,0,0,0,0,0,0,0,0,0,1,40,MUJER,LESIONADO,PEATON,NO,NO,1
33720,143980,143981,2023,0,0,-0.129311,-78.494132,PICHINCHA,QUITO,QUITO,URBANA,2023-03-27,23:30:00,23,LUNES,1,MARZO,3,NO,CONDUCIR VEHICULO SUPERANDO LOS LIMITES MAXIMOS DE VELOCIDAD.,ESTRELLAMIENTOS,AUTOMOVIL,1,0,0,0,0,0,0,0,0,0,0,0,0,1,-1,NO IDENTIFICADO,NO IDENTIFICADO,CONDUCTOR AUSENTE,NO,NO,2
33721,143981,143982,2023,1,0,-0.170387,-78.356619,PICHINCHA,QUITO,PUEMBO,RURAL,2023-03-27,23:30:00,23,LUNES,1,MARZO,3,NO,CONDUCIR VEHICULO SUPERANDO LOS LIMITES MAXIMOS DE VELOCIDAD.,VOLCAMIENTOS,AUTOMOVIL,1,0,0,0,0,0,0,0,0,0,0,0,0,1,32,HOMBRE,LESIONADO,PASAJERO,NO,NO,3
33722,143982,143983,2023,0,0,-0.204793,-78.498952,PICHINCHA,QUITO,QUITO,URBANA,2023-03-28,00:20:00,0,MARTES,2,MARZO,3,NO,CONDUCIR VEHICULO SUPERANDO LOS LIMITES MAXIMOS DE VELOCIDAD.,ESTRELLAMIENTOS,AUTOMOVIL,1,0,0,0,0,0,0,0,0,0,0,0,0,1,67,HOMBRE,ILESO,PASAJERO,NO,NO,1
33723,143985,143986,2023,0,1,-0.237576,-78.519156,PICHINCHA,QUITO,QUITO,URBANA,2023-03-28,02:30:00,2,MARTES,2,MARZO,3,NO,NO CEDER EL DERECHO DE VIA O PREFERENCIA DE PASO AL PEATON.,ATROPELLOS,NO IDENTIFICADO,0,0,0,0,0,0,0,0,0,1,0,0,0,1,30,HOMBRE,FALLECIDO,PEATON,NO,NO,1
33724,143990,143991,2023,1,0,-0.204457,-78.484403,PICHINCHA,QUITO,QUITO,URBANA,2023-03-28,07:25:00,7,MARTES,2,MARZO,3,NO,NO CEDER EL DERECHO DE VIA O PREFERENCIA DE PASO A VEHICULOS.,ATROPELLOS,AUTOMOVIL,1,0,0,0,0,0,0,0,0,0,0,0,0,1,41,MUJER,LESIONADO,PEATON,NO,NO,1
33725,143997,143998,2023,1,0,-0.103776,-78.497736,PICHINCHA,QUITO,QUITO,URBANA,2023-03-28,13:10:00,13,MARTES,2,MARZO,3,NO,CONDUCIR VEHICULO SUPERANDO LOS LIMITES MAXIMOS DE VELOCIDAD.,OTROS,MOTOCICLETA,0,0,0,0,0,0,0,0,1,0,0,0,0,1,20,HOMBRE,LESIONADO,PASAJERO,NO,NO,1
33726,144008,144009,2023,1,0,-0.189726,-78.486678,PICHINCHA,QUITO,QUITO,URBANA,2023-03-28,17:15:00,17,MARTES,2,MARZO,3,NO,"CONDUCE BAJO LA INFLUENCIA DE ALCOHOL, SUSTANCIAS ESTUPEFACIENTES O PSICOTROPICAS Y/O MEDICAMENTOS.",ATROPELLOS,MOTOCICLETA,0,0,0,0,0,0,0,0,1,0,0,0,0,1,24,HOMBRE,LESIONADO,PEATON,NO,NO,1
33727,144009,144010,2023,0,0,-0.338761,-78.564007,PICHINCHA,QUITO,QUITO,URBANA,2023-03-28,18:05:00,18,MARTES,2,MARZO,3,NO,"FALLA MECANICA EN LOS SISTEMAS Y/O NEUMATICOS (SISTEMA DE FRENOS, DIRECCION, ELECTRONICO O MECANICO).",ESTRELLAMIENTOS,BUS,0,0,1,0,0,0,0,0,0,0,0,0,0,1,49,HOMBRE,ILESO,CONDUCTOR PRESENTE,NO,NO,1
33728,144013,144014,2023,0,1,-0.267369,-78.528259,PICHINCHA,QUITO,QUITO,URBANA,2023-03-28,21:30:00,21,MARTES,2,MARZO,3,NO,"CASO FORTUITO O FUERZA MAYOR (EXPLOSION DE NEUMATICO NUEVO, DERRUMBE, INUNDACION, CAIDA DE PUENTE, ARBOL, PRESENCIA INTEMPESTIVA E IMPREVISTA DE SEMOVIENTES EN LA VIA, ETC.).",ESTRELLAMIENTOS,AUTOMOVIL,1,0,0,0,0,0,0,0,0,0,0,0,0,1,62,HOMBRE,FALLECIDO,CONDUCTOR PRESENTE,NO,NO,1
33729,144014,144015,2023,0,0,-0.100194,-78.480122,PICHINCHA,QUITO,QUITO,URBANA,2023-03-28,22:10:00,22,MARTES,2,MARZO,3,NO,REALIZAR CAMBIO BRUSCO O INDEBIDO DE CARRIL.,CHOQUE FRONTAL,AUTOMOVIL,2,0,0,0,0,0,0,0,0,0,0,0,0,2,49,HOMBRE,ILESO,CONDUCTOR PRESENTE,NO,NO,1
33730,144015,144016,2023,0,0,-0.235642,-78.510744,PICHINCHA,QUITO,QUITO,URBANA,2023-03-28,22:45:00,22,MARTES,2,MARZO,3,NO,"NO RESPETAR LAS SENIALES REGLAMENTARIAS DE TRANSITO. (PARE, CEDA EL PASO, LUZ ROJA DEL SEMAFORO, ETC).",CHOQUE FRONTAL,AUTOMOVIL,2,0,0,0,0,0,0,0,0,0,0,0,0,2,39,HOMBRE,ILESO,CONDUCTOR PRESENTE,NO,NO,1
33731,144030,144031,2023,3,0,-0.272143,-78.508603,PICHINCHA,QUITO,QUITO,URBANA,2023-03-29,12:50:00,12,MIERCOLES,3,MARZO,3,NO,NO MANTENER LA DISTANCIA PRUDENCIAL CON RESPECTO AL VEHICULO QUE LE ANTECEDE.,COLISION,CAMION,3,0,0,1,0,0,0,0,0,0,0,0,0,4,40,HOMBRE,LESIONADO,PASAJERO,NO,NO,1
33732,144034,144035,2023,0,0,-0.237777,-78.490494,PICHINCHA,QUITO,QUITO,URBANA,2023-03-29,14:45:00,14,MIERCOLES,3,MARZO,3,NO,NO MANTENER LA DISTANCIA PRUDENCIAL CON RESPECTO AL VEHICULO QUE LE ANTECEDE.,CHOQUE POSTERIOR,CAMIONETA,1,0,0,0,1,0,0,0,0,0,0,0,0,2,44,HOMBRE,ILESO,CONDUCTOR PRESENTE,NO,NO,1
33733,144036,144037,2023,0,0,-0.073718,-78.471393,PICHINCHA,QUITO,POMASQUI,RURAL,2023-03-29,16:20:00,16,MIERCOLES,3,MARZO,3,NO,"CONDICIONES AMBIENTALES Y/O ATMOSFERICAS (NIEBLA, NEBLINA, GRANIZO, LLUVIA).",ESTRELLAMIENTOS,AUTOMOVIL,1,0,0,0,0,0,0,0,0,0,0,0,0,1,-1,NO IDENTIFICADO,NO IDENTIFICADO,CONDUCTOR AUSENTE,NO,NO,2
33734,144037,144038,2023,0,0,-0.161945,-78.483131,PICHINCHA,QUITO,QUITO,URBANA,2023-03-29,16:30:00,16,MIERCOLES,3,MARZO,3,NO,NO GUARDAR LA DISTANCIA LATERAL MINIMA DE SEGURIDAD ENTRE VEHICULOS.,ROZAMIENTOS,CAMION,1,0,0,1,0,0,0,0,0,0,0,0,0,2,33,HOMBRE,ILESO,CONDUCTOR PRESENTE,NO,NO,1
33735,144038,144039,2023,0,0,-0.242447,-78.528641,PICHINCHA,QUITO,QUITO,URBANA,2023-03-29,17:40:00,17,MIERCOLES,3,MARZO,3,NO,"NO RESPETAR LAS SENIALES REGLAMENTARIAS DE TRANSITO. (PARE, CEDA EL PASO, LUZ ROJA DEL SEMAFORO, ETC).",CHOQUE LATERAL,CAMIONETA,1,0,0,0,1,0,0,0,0,0,0,0,0,2,26,HOMBRE,ILESO,CONDUCTOR PRESENTE,NO,NO,1
33736,144044,144045,2023,0,0,-0.247821,-78.478991,PICHINCHA,QUITO,QUITO,RURAL,2023-03-29,19:35:00,19,MIERCOLES,3,MARZO,3,NO,CONDUCIR VEHICULO SUPERANDO LOS LIMITES MAXIMOS DE VELOCIDAD.,VOLCAMIENTOS,CAMIONETA,0,0,0,0,1,0,0,0,0,0,0,0,0,1,23,HOMBRE,ILESO,CONDUCTOR PRESENTE,NO,NO,3
33737,144046,144047,2023,0,0,-0.116778,-78.473278,PICHINCHA,QUITO,QUITO,URBANA,2023-03-29,20:50:00,20,MIERCOLES,3,MARZO,3,NO,"CONDUCE BAJO LA INFLUENCIA DE ALCOHOL, SUSTANCIAS ESTUPEFACIENTES O PSICOTROPICAS Y/O MEDICAMENTOS.",CHOQUE FRONTAL,CAMIONETA,1,0,0,0,1,0,0,0,0,0,0,0,0,2,66,HOMBRE,ILESO,CONDUCTOR PRESENTE,NO,NO,1
33738,144051,144052,2023,0,0,-0.107659,-78.447381,PICHINCHA,QUITO,CALDERON (CARAPUNGO),RURAL,2023-03-29,23:21:00,23,MIERCOLES,3,MARZO,3,NO,NO MANTENER LA DISTANCIA PRUDENCIAL CON RESPECTO AL VEHICULO QUE LE ANTECEDE.,CHOQUE POSTERIOR,AUTOMOVIL,2,0,0,0,0,0,0,0,0,0,0,0,0,2,58,HOMBRE,ILESO,CONDUCTOR PRESENTE,NO,NO,3
33739,144058,144059,2023,0,0,-0.141931,-78.494937,PICHINCHA,QUITO,QUITO,URBANA,2023-03-30,07:40:00,7,JUEVES,4,MARZO,3,NO,"NO RESPETAR LAS SENIALES REGLAMENTARIAS DE TRANSITO. (PARE, CEDA EL PASO, LUZ ROJA DEL SEMAFORO, ETC).",CHOQUE LATERAL,CAMIONETA,1,0,0,0,1,0,0,0,0,0,0,0,0,2,46,HOMBRE,ILESO,CONDUCTOR PRESENTE,NO,NO,1
33740,144060,144061,2023,1,0,-0.239015,-78.523375,PICHINCHA,QUITO,QUITO,URBANA,2023-03-30,08:12:00,8,JUEVES,4,MARZO,3,NO,CONDUCIR VEHICULO SUPERANDO LOS LIMITES MAXIMOS DE VELOCIDAD.,PERDIDA DE CARRIL,SCOOTER ELECTRICO,0,0,0,0,0,0,0,0,0,0,1,0,0,1,42,HOMBRE,LESIONADO,CONDUCTOR PRESENTE,NO,NO,1
33741,144065,144066,2023,0,0,-0.175988,-78.485534,PICHINCHA,QUITO,QUITO,URBANA,2023-03-30,12:30:00,12,JUEVES,4,MARZO,3,NO,NO GUARDAR LA DISTANCIA LATERAL MINIMA DE SEGURIDAD ENTRE VEHICULOS.,ROZAMIENTOS,AUTOMOVIL,2,0,0,0,0,0,0,0,0,0,0,0,0,2,34,HOMBRE,ILESO,CONDUCTOR PRESENTE,NO,NO,1
33742,144069,144070,2023,1,0,-0.058961,-78.345975,PICHINCHA,QUITO,GUAYLLABAMBA,RURAL,2023-03-30,14:00:00,14,JUEVES,4,MARZO,3,NO,"CASO FORTUITO O FUERZA MAYOR (EXPLOSION DE NEUMATICO NUEVO, DERRUMBE, INUNDACION, CAIDA DE PUENTE, ARBOL, PRESENCIA INTEMPESTIVA E IMPREVISTA DE SEMOVIENTES EN LA VIA, ETC.).",CAIDA DE PASAJERO,AUTOMOVIL,1,0,0,0,0,0,0,0,0,0,0,0,0,1,6,HOMBRE,LESIONADO,PASAJERO,NO,NO,3
33743,144073,144074,2023,0,0,-0.101542,-78.486336,PICHINCHA,QUITO,QUITO,URBANA,2023-03-30,16:40:00,16,JUEVES,4,MARZO,3,NO,NO MANTENER LA DISTANCIA PRUDENCIAL CON RESPECTO AL VEHICULO QUE LE ANTECEDE.,CHOQUE POSTERIOR,CAMION,1,0,0,1,0,0,0,0,0,0,0,0,0,2,8,HOMBRE,ILESO,PASAJERO,NO,NO,1