,Unnamed: 0,ID,ANIO,LESIONADOS,FALLECIDOS,LATITUD_Y,LONGITUD_X,PROVINCIA,CANTON,PARROQUIA,ZONA,FECHA,HORA,PERIODO_2,DIA_1,DIA_2,MES_1,MES_2,FERIADO,CAUSA_PROBABLE,TIPO_DE_SINIESTRO,TIPO_DE_VEHICULO_1,AUTOMOVIL,BICICLETA,BUS,CAMION,CAMIONETA,EMERGENCIAS,ESPECIAL,FURGONETA,MOTOCICLETA,NO_IDENTIFICADO,SCOOTER_ELECTRICO,TRICIMOTO,VEHICULO_DEPORTIVO_UTILITARIO,SUMA_DE_VEHICULOS,EDAD_1,SEXO_1,CONDICION_1,PARTICIPANTE_1,CASCO_1,CINTURON_1,KMeans_Cluster
33744,144074,144075,2023,0,0,-0.111181,-78.457652,PICHINCHA,QUITO,CALDERON (CARAPUNGO),RURAL,2023-03-30,17:15:00,17,JUEVES,4,MARZO,3,NO,"CONDUCE BAJO LA INFLUENCIA DE ALCOHOL, SUSTANCIAS ESTUPEFACIENTES O PSICOTROPICAS Y/O MEDICAMENTOS.",COLISION,CAMION,3,0,0,1,0,0,0,0,0,0,0,0,0,4,31,HOMBRE,ILESO,CONDUCTOR PRESENTE,NO,NO,3
33745,144084,144085,2023,0,0,-0.291781,-78.558158,PICHINCHA,QUITO,QUITO,URBANA,2023-03-30,21:25:00,21,JUEVES,4,MARZO,3,NO,NO MANTENER LA DISTANCIA PRUDENCIAL CON RESPECTO AL VEHICULO QUE LE ANTECEDE.,COLISION,BUS,1,0,1,0,1,0,0,0,0,0,0,0,0,3,31,HOMBRE,ILESO,CONDUCTOR PRESENTE,NO,NO,1
33746,144085,144086,2023,0,0,-0.182917,-78.482018,PICHINCHA,QUITO,QUITO,URBANA,2023-03-30,21:51:00,21,JUEVES,4,MARZO,3,NO,"CONDUCE BAJO LA INFLUENCIA DE ALCOHOL, SUSTANCIAS ESTUPEFACIENTES O PSICOTROPICAS Y/O MEDICAMENTOS.",ESTRELLAMIENTOS,AUTOMOVIL,2,0,0,0,0,0,0,0,0,0,0,0,0,2,35,MUJER,ILESO,CONDUCTOR PRESENTE,NO,NO,1
33747,144089,144090,2023,1,0,-0.262636,-78.530641,PICHINCHA,QUITO,QUITO,URBANA,2023-03-31,01:45:00,1,VIERNES,5,MARZO,3,NO,DEJAR O RECOGER PASAJEROS EN LUGARES NO PERMITIDOS.,CAIDA DE PASAJERO,NO IDENTIFICADO,0,0,0,0,0,0,0,0,0,1,0,0,0,1,36,HOMBRE,LESIONADO,PASAJERO,NO,NO,1
33748,144097,144098,2023,0,0,-0.237573,-78.484673,PICHINCHA,QUITO,QUITO,URBANA,2023-03-31,10:30:00,10,VIERNES,5,MARZO,3,NO,CONDUCIR VEHICULO SUPERANDO LOS LIMITES MAXIMOS DE VELOCIDAD.,ESTRELLAMIENTOS,AUTOMOVIL,1,0,0,0,0,0,0,0,0,0,0,0,0,1,35,HOMBRE,ILESO,CONDUCTOR PRESENTE,NO,NO,1
33749,144105,144106,2023,0,0,-0.254573,-78.522206,PICHINCHA,QUITO,QUITO,URBANA,2023-03-31,12:22:00,12,VIERNES,5,MARZO,3,NO,NO MANTENER LA DISTANCIA PRUDENCIAL CON RESPECTO AL VEHICULO QUE LE ANTECEDE.,CHOQUE POSTERIOR,BUS,1,0,1,0,0,0,0,0,0,0,0,0,0,2,22,HOMBRE,ILESO,PASAJERO,NO,NO,1
33750,144108,144109,2023,1,0,-0.319591,-78.549418,PICHINCHA,QUITO,QUITO,URBANA,2023-03-31,12:45:00,12,VIERNES,5,MARZO,3,NO,NO CEDER EL DERECHO DE VIA O PREFERENCIA DE PASO AL PEATON.,OTROS,CAMION,0,0,0,1,0,0,0,0,0,0,0,0,0,1,13,HOMBRE,LESIONADO,PEATON,NO,NO,1
33751,144118,144119,2023,0,0,-0.204103,-78.496008,PICHINCHA,QUITO,QUITO,URBANA,2023-03-31,16:10:00,16,VIERNES,5,MARZO,3,NO,"CONDUCIR DESATENTO A LAS CONDICIONES DE TRANSITO (CELULAR, PANTALLAS DE VIDEO, COMIDA, MAQUILLAJE O CUALQUIER OTRO ELEMENTO DISTRACTOR).",ESTRELLAMIENTOS,AUTOMOVIL,2,0,0,0,0,0,0,0,0,0,0,0,0,2,76,HOMBRE,ILESO,CONDUCTOR PRESENTE,NO,NO,1
33752,144120,144121,2023,0,0,-0.191183,-78.456964,PICHINCHA,QUITO,QUITO,URBANA,2023-03-31,16:30:00,16,VIERNES,5,MARZO,3,NO,"CONDICIONES AMBIENTALES Y/O ATMOSFERICAS (NIEBLA, NEBLINA, GRANIZO, LLUVIA).",CHOQUE LATERAL,AUTOMOVIL,2,0,0,0,0,0,0,0,0,0,0,0,0,2,22,HOMBRE,ILESO,CONDUCTOR PRESENTE,NO,NO,1
33753,144123,144124,2023,0,0,-0.192121,-78.456723,PICHINCHA,QUITO,QUITO,URBANA,2023-03-31,17:20:00,17,VIERNES,5,MARZO,3,NO,NO GUARDAR LA DISTANCIA LATERAL MINIMA DE SEGURIDAD ENTRE VEHICULOS.,ROZAMIENTOS,CAMIONETA,0,0,0,0,2,0,0,0,0,0,0,0,0,2,29,HOMBRE,ILESO,CONDUCTOR PRESENTE,NO,NO,1
33754,144128,144129,2023,0,0,-0.093991,-78.470926,PICHINCHA,QUITO,QUITO,URBANA,2023-03-31,19:00:00,19,VIERNES,5,MARZO,3,NO,CONDUCIR VEHICULO SUPERANDO LOS LIMITES MAXIMOS DE VELOCIDAD.,OTROS,CAMION,0,0,0,1,0,0,0,0,0,0,0,0,0,1,-1,NO IDENTIFICADO,NO IDENTIFICADO,CONDUCTOR AUSENTE,NO,NO,2
33755,144129,144130,2023,8,0,-0.086285,-78.508534,PICHINCHA,QUITO,QUITO,URBANA,2023-03-31,19:40:00,19,VIERNES,5,MARZO,3,NO,"CONDUCE BAJO LA INFLUENCIA DE ALCOHOL, SUSTANCIAS ESTUPEFACIENTES O PSICOTROPICAS Y/O MEDICAMENTOS.",CHOQUE LATERAL,FURGONETA,1,0,0,0,0,0,0,1,0,0,0,0,0,2,13,MUJER,LESIONADO,PASAJERO,NO,NO,1
33756,144132,144133,2023,0,0,-0.071706,-78.473392,PICHINCHA,QUITO,POMASQUI,RURAL,2023-03-31,22:00:00,22,VIERNES,5,MARZO,3,NO,"CONDUCE BAJO LA INFLUENCIA DE ALCOHOL, SUSTANCIAS ESTUPEFACIENTES O PSICOTROPICAS Y/O MEDICAMENTOS.",COLISION,AUTOMOVIL,3,0,0,0,0,0,0,0,0,0,0,0,0,3,59,HOMBRE,ILESO,CONDUCTOR PRESENTE,NO,SI,3
33757,144134,144135,2023,0,0,-0.083213,-78.469248,PICHINCHA,QUITO,QUITO,URBANA,2023-03-31,22:15:00,22,VIERNES,5,MARZO,3,NO,CONDUCIR VEHICULO SUPERANDO LOS LIMITES MAXIMOS DE VELOCIDAD.,ESTRELLAMIENTOS,MOTOCICLETA,0,0,0,0,0,0,0,0,1,0,0,0,0,1,29,HOMBRE,ILESO,PASAJERO,NO,NO,1
33758,144135,144136,2023,2,0,-0.194275,-78.482061,PICHINCHA,QUITO,QUITO,URBANA,2023-03-31,22:20:00,22,VIERNES,5,MARZO,3,NO,"NO RESPETAR LAS SENIALES REGLAMENTARIAS DE TRANSITO. (PARE, CEDA EL PASO, LUZ ROJA DEL SEMAFORO, ETC).",CHOQUE LATERAL,MOTOCICLETA,0,0,0,0,0,0,0,0,1,1,0,0,0,2,25,HOMBRE,LESIONADO,CONDUCTOR PRESENTE,NO,NO,1
33759,144140,144141,2023,1,0,-0.100201,-78.471711,PICHINCHA,QUITO,QUITO,URBANA,2023-03-31,23:15:00,23,VIERNES,5,MARZO,3,NO,"CONDUCE BAJO LA INFLUENCIA DE ALCOHOL, SUSTANCIAS ESTUPEFACIENTES O PSICOTROPICAS Y/O MEDICAMENTOS.",CHOQUE LATERAL,MOTOCICLETA,1,0,0,0,0,0,0,0,1,0,0,0,0,2,21,HOMBRE,LESIONADO,CONDUCTOR PRESENTE,NO,NO,1
33760,144145,144146,2023,0,0,-0.242116,-78.532498,PICHINCHA,QUITO,QUITO,URBANA,2023-03-31,23:45:00,23,VIERNES,5,MARZO,3,NO,"NO RESPETAR LAS SENIALES REGLAMENTARIAS DE TRANSITO. (PARE, CEDA EL PASO, LUZ ROJA DEL SEMAFORO, ETC).",CHOQUE LATERAL,CAMION,1,0,0,1,0,0,0,0,0,0,0,0,0,2,37,HOMBRE,ILESO,CONDUCTOR PRESENTE,NO,NO,1
33761,144146,144147,2023,0,0,-0.257798,-78.531984,PICHINCHA,QUITO,QUITO,URBANA,2023-04-01,00:20:00,0,SABADO,6,ABRIL,4,NO,"CONDUCE BAJO LA INFLUENCIA DE ALCOHOL, SUSTANCIAS ESTUPEFACIENTES O PSICOTROPICAS Y/O MEDICAMENTOS.",ESTRELLAMIENTOS,CAMIONETA,0,0,0,0,1,0,0,0,0,0,0,0,0,1,52,HOMBRE,ILESO,CONDUCTOR PRESENTE,NO,NO,1
33762,144147,144148,2023,0,0,-0.295449,-78.546616,PICHINCHA,QUITO,QUITO,URBANA,2023-04-01,01:10:00,1,SABADO,6,ABRIL,4,NO,CONDUCIR VEHICULO SUPERANDO LOS LIMITES MAXIMOS DE VELOCIDAD.,ESTRELLAMIENTOS,AUTOMOVIL,1,0,0,0,0,0,0,0,0,0,0,0,0,1,-1,NO IDENTIFICADO,NO IDENTIFICADO,CONDUCTOR AUSENTE,NO,NO,2
33763,144149,144150,2023,1,0,-0.289634,-78.461743,PICHINCHA,QUITO,ALANGASI,RURAL,2023-04-01,02:00:00,2,SABADO,6,ABRIL,4,NO,"CONDUCE BAJO LA INFLUENCIA DE ALCOHOL, SUSTANCIAS ESTUPEFACIENTES O PSICOTROPICAS Y/O MEDICAMENTOS.",CHOQUE FRONTAL,AUTOMOVIL,2,0,0,0,0,0,0,0,0,0,0,0,0,2,30,HOMBRE,LESIONADO,CONDUCTOR PRESENTE,NO,NO,3
33764,144150,144151,2023,1,1,-0.235952,-78.510709,PICHINCHA,QUITO,QUITO,URBANA,2023-04-01,02:00:00,2,SABADO,6,ABRIL,4,NO,"NO RESPETAR LAS SENIALES REGLAMENTARIAS DE TRANSITO. (PARE, CEDA EL PASO, LUZ ROJA DEL SEMAFORO, ETC).",CHOQUE FRONTAL,MOTOCICLETA,0,0,0,0,0,0,0,0,1,1,0,0,0,2,26,HOMBRE,FALLECIDO,CONDUCTOR PRESENTE,SI,NO,1
33765,144152,144153,2023,0,0,-0.000758,-78.443043,PICHINCHA,QUITO,SAN ANTONIO (QUITO),RURAL,2023-04-01,02:20:00,2,SABADO,6,ABRIL,4,NO,CONDUCIR VEHICULO SUPERANDO LOS LIMITES MAXIMOS DE VELOCIDAD.,ESTRELLAMIENTOS,CAMIONETA,0,0,0,0,1,0,0,0,0,0,0,0,0,1,57,HOMBRE,ILESO,CONDUCTOR PRESENTE,NO,NO,3
33766,144153,144154,2023,0,0,-0.232546,-78.484503,PICHINCHA,QUITO,QUITO,URBANA,2023-04-01,02:30:00,2,SABADO,6,ABRIL,4,NO,"CONDUCIR EN ESTADO DE SOMNOLENCIA O MALAS CONDICIONES FISICAS (SUENIO, CANSANCIO Y FATIGA).",ESTRELLAMIENTOS,AUTOMOVIL,1,0,0,0,0,0,0,0,0,0,0,0,0,1,24,HOMBRE,ILESO,CONDUCTOR PRESENTE,NO,NO,1
33767,144159,144160,2023,0,0,-0.240531,-78.511544,PICHINCHA,QUITO,QUITO,URBANA,2023-04-01,03:45:00,3,SABADO,6,ABRIL,4,NO,CONDUCIR VEHICULO SUPERANDO LOS LIMITES MAXIMOS DE VELOCIDAD.,ESTRELLAMIENTOS,AUTOMOVIL,1,0,0,0,0,0,0,0,0,0,0,0,0,1,-1,NO IDENTIFICADO,NO IDENTIFICADO,CONDUCTOR AUSENTE,NO,NO,2
33768,144161,144162,2023,0,0,-0.348472,-78.861556,PICHINCHA,MEJIA,MANUEL CORNEJO ASTORGA,RURAL,2023-04-01,05:00:00,5,SABADO,6,ABRIL,4,NO,NO GUARDAR LA DISTANCIA LATERAL MINIMA DE SEGURIDAD ENTRE VEHICULOS.,ROZAMIENTOS,CAMION,0,0,0,1,0,0,0,0,0,0,0,0,0,1,-1,HOMBRE,ILESO,CONDUCTOR PRESENTE,NO,NO,3
33769,144162,144163,2023,0,1,-0.101624,-78.313597,PICHINCHA,QUITO,EL QUINCHE,RURAL,2023-04-01,05:30:00,5,SABADO,6,ABRIL,4,NO,"CONDUCIR DESATENTO A LAS CONDICIONES DE TRANSITO (CELULAR, PANTALLAS DE VIDEO, COMIDA, MAQUILLAJE O CUALQUIER OTRO ELEMENTO DISTRACTOR).",PERDIDA DE PISTA,NO IDENTIFICADO,0,0,0,0,0,0,0,0,0,1,0,0,0,1,26,HOMBRE,FALLECIDO,CONDUCTOR PRESENTE,NO,SI,3
33770,144163,144164,2023,0,1,-0.017215,-78.787136,PICHINCHA,SAN MIGUEL DE LOS BANCOS,MINDO,RURAL,2023-04-01,05:45:00,5,SABADO,6,ABRIL,4,NO,"CONDICIONES AMBIENTALES Y/O ATMOSFERICAS (NIEBLA, NEBLINA, GRANIZO, LLUVIA).",PERDIDA DE CARRIL,MOTOCICLETA,0,0,0,0,0,0,0,0,1,0,0,0,0,1,20,HOMBRE,FALLECIDO,CONDUCTOR PRESENTE,NO,SI,3
33771,144168,144169,2023,0,0,-0.305958,-78.470345,PICHINCHA,QUITO,CONOCOTO,RURAL,2023-04-01,07:55:00,7,SABADO,6,ABRIL,4,NO,"CONDUCE BAJO LA INFLUENCIA DE ALCOHOL, SUSTANCIAS ESTUPEFACIENTES O PSICOTROPICAS Y/O MEDICAMENTOS.",ROZAMIENTOS,CAMIONETA,2,0,0,0,1,0,0,0,0,0,0,0,0,3,38,HOMBRE,ILESO,CONDUCTOR PRESENTE,NO,NO,3
33772,144170,144171,2023,0,0,-0.226453,-78.504551,PICHINCHA,QUITO,QUITO,URBANA,2023-04-01,08:30:00,8,SABADO,6,ABRIL,4,NO,"NO RESPETAR LAS SENIALES REGLAMENTARIAS DE TRANSITO. (PARE, CEDA EL PASO, LUZ ROJA DEL SEMAFORO, ETC).",CHOQUE LATERAL,AUTOMOVIL,2,0,0,0,0,0,0,0,0,0,0,0,0,2,29,HOMBRE,ILESO,CONDUCTOR PRESENTE,NO,NO,1
33773,144171,144172,2023,0,0,-0.170707,-78.487352,PICHINCHA,QUITO,QUITO,URBANA,2023-04-01,09:10:00,9,SABADO,6,ABRIL,4,NO,NO MANTENER LA DISTANCIA PRUDENCIAL CON RESPECTO AL VEHICULO QUE LE ANTECEDE.,CHOQUE POSTERIOR,AUTOMOVIL,2,0,0,0,0,0,0,0,0,0,0,0,0,2,49,HOMBRE,ILESO,CONDUCTOR PRESENTE,NO,NO,1
33774,144174,144175,2023,0,0,-0.092944,-78.434997,PICHINCHA,QUITO,CALDERON (CARAPUNGO),RURAL,2023-04-01,10:00:00,10,SABADO,6,ABRIL,4,NO,NO MANTENER LA DISTANCIA PRUDENCIAL CON RESPECTO AL VEHICULO QUE LE ANTECEDE.,CHOQUE POSTERIOR,CAMION,0,0,0,1,1,0,0,0,0,0,0,0,0,2,34,HOMBRE,ILESO,CONDUCTOR PRESENTE,NO,NO,3
33775,144175,144176,2023,0,0,-0.162525,-78.447937,PICHINCHA,QUITO,NAYON,RURAL,2023-04-01,10:00:00,10,SABADO,6,ABRIL,4,NO,CONDUCIR VEHICULO SUPERANDO LOS LIMITES MAXIMOS DE VELOCIDAD.,ESTRELLAMIENTOS,CAMION,0,0,0,1,0,0,0,0,0,0,0,0,0,1,50,HOMBRE,ILESO,CONDUCTOR PRESENTE,NO,NO,3
33776,144179,144180,2023,2,0,-0.045101,-78.445853,PICHINCHA,QUITO,POMASQUI,RURAL,2023-04-01,11:50:00,11,SABADO,6,ABRIL,4,NO,NO MANTENER LA DISTANCIA PRUDENCIAL CON RESPECTO AL VEHICULO QUE LE ANTECEDE.,CHOQUE POSTERIOR,BUS,1,0,1,0,0,0,0,0,0,0,0,0,0,2,69,HOMBRE,LESIONADO,CONDUCTOR PRESENTE,NO,NO,3
33777,144182,144183,2023,0,0,-0.217135,-78.370627,PICHINCHA,QUITO,TUMBACO,RURAL,2023-04-01,12:10:00,12,SABADO,6,ABRIL,4,NO,REALIZAR CAMBIO BRUSCO O INDEBIDO DE CARRIL.,CHOQUE LATERAL,AUTOMOVIL,2,0,0,0,0,0,0,0,0,0,0,0,0,2,69,HOMBRE,ILESO,CONDUCTOR PRESENTE,NO,NO,3
33778,144187,144188,2023,1,0,-0.293475,-78.559098,PICHINCHA,QUITO,QUITO,URBANA,2023-04-01,13:50:00,13,SABADO,6,ABRIL,4,NO,CONDUCIR VEHICULO SUPERANDO LOS LIMITES MAXIMOS DE VELOCIDAD.,OTROS,AUTOMOVIL,1,0,0,0,0,0,0,0,0,1,0,0,0,2,43,HOMBRE,LESIONADO,PEATON,NO,NO,1
33779,144188,144189,2023,0,0,-0.289398,-78.465971,PICHINCHA,QUITO,CONOCOTO,RURAL,2023-04-01,14:00:00,14,SABADO,6,ABRIL,4,NO,"CONDUCE BAJO LA INFLUENCIA DE ALCOHOL, SUSTANCIAS ESTUPEFACIENTES O PSICOTROPICAS Y/O MEDICAMENTOS.",PERDIDA DE CARRIL,CAMION,0,0,0,1,0,0,0,0,0,0,0,0,0,1,44,HOMBRE,ILESO,CONDUCTOR PRESENTE,NO,SI,3
33780,144189,144190,2023,0,0,-0.283938,-78.544167,PICHINCHA,QUITO,QUITO,URBANA,2023-04-01,14:20:00,14,SABADO,6,ABRIL,4,NO,"CONDUCE BAJO LA INFLUENCIA DE ALCOHOL, SUSTANCIAS ESTUPEFACIENTES O PSICOTROPICAS Y/O MEDICAMENTOS.",CHOQUE POSTERIOR,AUTOMOVIL,2,0,0,0,0,0,0,0,0,0,0,0,0,2,35,HOMBRE,ILESO,CONDUCTOR PRESENTE,NO,NO,1
33781,144193,144194,2023,0,0,-0.323751,-78.399285,PICHINCHA,QUITO,LA MERCED,RURAL,2023-04-01,15:00:00,15,SABADO,6,ABRIL,4,NO,"CONDUCIR DESATENTO A LAS CONDICIONES DE TRANSITO (CELULAR, PANTALLAS DE VIDEO, COMIDA, MAQUILLAJE O CUALQUIER OTRO ELEMENTO DISTRACTOR).",CHOQUE LATERAL,CAMION,0,0,0,1,1,0,0,0,0,0,0,0,0,2,40,HOMBRE,ILESO,CONDUCTOR PRESENTE,NO,SI,3
33782,144197,144198,2023,0,0,-0.253655,-78.523736,PICHINCHA,QUITO,QUITO,URBANA,2023-04-01,16:50:00,16,SABADO,6,ABRIL,4,NO,"CONDUCE BAJO LA INFLUENCIA DE ALCOHOL, SUSTANCIAS ESTUPEFACIENTES O PSICOTROPICAS Y/O MEDICAMENTOS.",OTROS,CAMIONETA,1,0,0,0,1,0,0,0,0,0,0,0,0,2,24,HOMBRE,ILESO,CONDUCTOR PRESENTE,NO,NO,1
33783,144198,144199,2023,0,0,-0.176897,-78.473271,PICHINCHA,QUITO,QUITO,URBANA,2023-04-01,17:50:00,17,SABADO,6,ABRIL,4,NO,CONDUCIR VEHICULO SUPERANDO LOS LIMITES MAXIMOS DE VELOCIDAD.,ESTRELLAMIENTOS,AUTOMOVIL,1,0,0,0,0,0,0,0,0,0,0,0,0,1,29,HOMBRE,ILESO,CONDUCTOR PRESENTE,NO,NO,1
33784,144207,144208,2023,1,0,-0.327046,-78.523131,PICHINCHA,QUITO,QUITO,URBANA,2023-04-01,19:00:00,19,SABADO,6,ABRIL,4,NO,NO CEDER EL DERECHO DE VIA O PREFERENCIA DE PASO AL PEATON.,ATROPELLOS,NO IDENTIFICADO,0,0,0,0,0,0,0,0,0,1,0,0,0,1,11,MUJER,LESIONADO,PEATON,NO,NO,1
33785,144217,144218,2023,0,0,-0.111921,-78.506879,PICHINCHA,QUITO,QUITO,URBANA,2023-04-01,22:20:00,22,SABADO,6,ABRIL,4,NO,NO MANTENER LA DISTANCIA PRUDENCIAL CON RESPECTO AL VEHICULO QUE LE ANTECEDE.,CHOQUE POSTERIOR,CAMIONETA,0,0,0,0,2,0,0,0,0,0,0,0,0,2,47,HOMBRE,ILESO,CONDUCTOR PRESENTE,NO,NO,1
33786,144226,144227,2023,0,1,-0.281992,-78.517019,PICHINCHA,QUITO,QUITO,URBANA,2023-04-02,00:00:00,0,DOMINGO,7,ABRIL,4,NO,NO CEDER EL DERECHO DE VIA O PREFERENCIA DE PASO AL PEATON.,ATROPELLOS,NO IDENTIFICADO,0,0,0,0,0,0,0,0,0,1,0,0,0,1,36,HOMBRE,FALLECIDO,PEATON,NO,NO,1
33787,144227,144228,2023,1,0,-0.099806,-78.445708,PICHINCHA,QUITO,CALDERON (CARAPUNGO),RURAL,2023-04-02,00:01:00,0,DOMINGO,7,ABRIL,4,NO,"NO RESPETAR LAS SENIALES REGLAMENTARIAS DE TRANSITO. (PARE, CEDA EL PASO, LUZ ROJA DEL SEMAFORO, ETC).",CHOQUE LATERAL,MOTOCICLETA,0,0,0,0,0,0,0,0,2,0,0,0,0,2,24,HOMBRE,LESIONADO,CONDUCTOR PRESENTE,NO,NO,3
33788,144231,144232,2023,0,0,-0.152225,-78.476586,PICHINCHA,QUITO,QUITO,URBANA,2023-04-02,00:40:00,0,DOMINGO,7,ABRIL,4,NO,CONDUCIR VEHICULO SUPERANDO LOS LIMITES MAXIMOS DE VELOCIDAD.,ESTRELLAMIENTOS,AUTOMOVIL,1,0,0,0,0,0,0,0,0,0,0,0,0,1,32,MUJER,ILESO,CONDUCTOR PRESENTE,NO,NO,1
33789,144236,144237,2023,1,0,-0.259518,-78.539897,PICHINCHA,QUITO,QUITO,URBANA,2023-04-02,02:10:00,2,DOMINGO,7,ABRIL,4,NO,"NO RESPETAR LAS SENIALES REGLAMENTARIAS DE TRANSITO. (PARE, CEDA EL PASO, LUZ ROJA DEL SEMAFORO, ETC).",CHOQUE LATERAL,MOTOCICLETA,0,0,0,0,0,0,0,0,1,1,0,0,0,2,19,HOMBRE,LESIONADO,PASAJERO,SI,NO,1
33790,144238,144239,2023,0,0,-0.109081,-78.458783,PICHINCHA,QUITO,CALDERON (CARAPUNGO),URBANA,2023-04-02,03:50:00,3,DOMINGO,7,ABRIL,4,NO,CONDUCIR VEHICULO SUPERANDO LOS LIMITES MAXIMOS DE VELOCIDAD.,ESTRELLAMIENTOS,CAMIONETA,0,0,0,0,1,0,0,0,0,0,0,0,0,1,-1,NO IDENTIFICADO,NO IDENTIFICADO,CONDUCTOR AUSENTE,NO,NO,2
33791,144239,144240,2023,0,1,-0.241571,-78.482552,PICHINCHA,QUITO,QUITO,URBANA,2023-04-02,04:00:00,4,DOMINGO,7,ABRIL,4,NO,NO CEDER EL DERECHO DE VIA O PREFERENCIA DE PASO AL PEATON.,ARROLLAMIENTOS,AUTOMOVIL,1,0,0,0,0,0,0,0,0,0,0,0,0,1,33,HOMBRE,FALLECIDO,PEATON,NO,NO,1
33792,144242,144243,2023,0,0,-0.296231,-78.563981,PICHINCHA,QUITO,QUITO,URBANA,2023-04-02,04:30:00,4,DOMINGO,7,ABRIL,4,NO,CONDUCIR VEHICULO SUPERANDO LOS LIMITES MAXIMOS DE VELOCIDAD.,OTROS,AUTOMOVIL,1,0,0,0,0,0,0,0,0,0,0,0,0,1,-1,NO IDENTIFICADO,NO IDENTIFICADO,CONDUCTOR AUSENTE,NO,NO,2
33793,144243,144244,2023,0,0,-0.178282,-78.503227,PICHINCHA,QUITO,QUITO,URBANA,2023-04-02,04:50:00,4,DOMINGO,7,ABRIL,4,NO,CONDUCIR VEHICULO SUPERANDO LOS LIMITES MAXIMOS DE VELOCIDAD.,ESTRELLAMIENTOS,AUTOMOVIL,1,0,0,0,0,0,0,0,0,0,0,0,0,1,-1,NO IDENTIFICADO,NO IDENTIFICADO,CONDUCTOR AUSENTE,NO,NO,2
33794,144245,144246,2023,0,1,-0.144802,-78.315689,PICHINCHA,QUITO,CHECA (CHILPA),RURAL,2023-04-02,05:10:00,5,DOMINGO,7,ABRIL,4,NO,"CONDUCIR DESATENTO A LAS CONDICIONES DE TRANSITO (CELULAR, PANTALLAS DE VIDEO, COMIDA, MAQUILLAJE O CUALQUIER OTRO ELEMENTO DISTRACTOR).",PERDIDA DE PISTA,MOTOCICLETA,0,0,0,0,0,0,0,0,1,0,0,0,0,1,35,HOMBRE,FALLECIDO,CONDUCTOR PRESENTE,NO,SI,3
33795,144246,144247,2023,0,0,-0.134556,-78.474187,PICHINCHA,QUITO,QUITO,URBANA,2023-04-02,05:15:00,5,DOMINGO,7,ABRIL,4,NO,CONDUCIR VEHICULO SUPERANDO LOS LIMITES MAXIMOS DE VELOCIDAD.,ESTRELLAMIENTOS,AUTOMOVIL,1,0,0,0,0,0,0,0,0,0,0,0,0,1,-1,NO IDENTIFICADO,NO IDENTIFICADO,CONDUCTOR AUSENTE,NO,NO,2
33796,144264,144265,2023,0,0,-0.293073,-78.465548,PICHINCHA,QUITO,CONOCOTO,RURAL,2023-04-02,12:38:00,12,DOMINGO,7,ABRIL,4,NO,"CONDUCE BAJO LA INFLUENCIA DE ALCOHOL, SUSTANCIAS ESTUPEFACIENTES O PSICOTROPICAS Y/O MEDICAMENTOS.",PERDIDA DE CARRIL,AUTOMOVIL,2,0,0,0,0,0,0,0,0,0,0,0,0,2,18,HOMBRE,ILESO,CONDUCTOR PRESENTE,NO,NO,3
33797,144265,144266,2023,1,0,-0.233584,-78.513967,PICHINCHA,QUITO,QUITO,URBANA,2023-04-02,12:40:00,12,DOMINGO,7,ABRIL,4,NO,"CONDUCE BAJO LA INFLUENCIA DE ALCOHOL, SUSTANCIAS ESTUPEFACIENTES O PSICOTROPICAS Y/O MEDICAMENTOS.",OTROS,BICICLETA,2,1,0,0,0,0,0,0,0,0,0,0,0,3,23,HOMBRE,LESIONADO,CONDUCTOR PRESENTE,NO,NO,1
33798,144268,144269,2023,0,1,-0.334755,-78.527026,PICHINCHA,QUITO,QUITO,URBANA,2023-04-02,13:20:00,13,DOMINGO,7,ABRIL,4,NO,NO CEDER EL DERECHO DE VIA O PREFERENCIA DE PASO AL PEATON.,ATROPELLOS,AUTOMOVIL,1,0,0,0,0,0,0,0,0,0,0,0,0,1,55,HOMBRE,FALLECIDO,PEATON,NO,NO,1
33799,144273,144274,2023,1,0,-0.295591,-78.528781,PICHINCHA,QUITO,QUITO,URBANA,2023-04-02,16:00:00,16,DOMINGO,7,ABRIL,4,NO,"NO RESPETAR LAS SENIALES REGLAMENTARIAS DE TRANSITO. (PARE, CEDA EL PASO, LUZ ROJA DEL SEMAFORO, ETC).",CHOQUE LATERAL,BUS,0,0,1,0,0,0,0,0,1,0,0,0,0,2,29,HOMBRE,LESIONADO,CONDUCTOR PRESENTE,NO,NO,1
33800,144276,144277,2023,0,0,-0.114559,-78.487642,PICHINCHA,QUITO,QUITO,URBANA,2023-04-02,17:00:00,17,DOMINGO,7,ABRIL,4,NO,"CONDUCE BAJO LA INFLUENCIA DE ALCOHOL, SUSTANCIAS ESTUPEFACIENTES O PSICOTROPICAS Y/O MEDICAMENTOS.",ESTRELLAMIENTOS,AUTOMOVIL,2,0,0,0,0,0,0,0,0,0,0,0,0,2,40,HOMBRE,ILESO,CONDUCTOR PRESENTE,NO,NO,1
33801,144280,144281,2023,0,0,-0.207718,-78.497116,PICHINCHA,QUITO,QUITO,URBANA,2023-04-02,19:08:00,19,DOMINGO,7,ABRIL,4,NO,"NO RESPETAR LAS SENIALES REGLAMENTARIAS DE TRANSITO. (PARE, CEDA EL PASO, LUZ ROJA DEL SEMAFORO, ETC).",CHOQUE LATERAL,AUTOMOVIL,2,0,0,0,0,0,0,0,0,0,0,0,0,2,33,HOMBRE,ILESO,CONDUCTOR PRESENTE,NO,NO,1