,Unnamed: 0,ID,ANIO,LESIONADOS,FALLECIDOS,LATITUD_Y,LONGITUD_X,PROVINCIA,CANTON,PARROQUIA,ZONA,FECHA,HORA,PERIODO_2,DIA_1,DIA_2,MES_1,MES_2,FERIADO,CAUSA_PROBABLE,TIPO_DE_SINIESTRO,TIPO_DE_VEHICULO_1,AUTOMOVIL,BICICLETA,BUS,CAMION,CAMIONETA,EMERGENCIAS,ESPECIAL,FURGONETA,MOTOCICLETA,NO_IDENTIFICADO,SCOOTER_ELECTRICO,TRICIMOTO,VEHICULO_DEPORTIVO_UTILITARIO,SUMA_DE_VEHICULOS,EDAD_1,SEXO_1,CONDICION_1,PARTICIPANTE_1,CASCO_1,CINTURON_1,KMeans_Cluster
33802,144293,144294,2023,0,0,-0.181327,-78.511015,PICHINCHA,QUITO,QUITO,URBANA,2023-04-02,22:30:00,22,DOMINGO,7,ABRIL,4,NO,CONDUCIR VEHICULO SUPERANDO LOS LIMITES MAXIMOS DE VELOCIDAD.,ESTRELLAMIENTOS,AUTOMOVIL,1,0,0,0,0,0,0,0,0,0,0,0,0,1,35,HOMBRE,ILESO,PASAJERO,NO,NO,1
33803,144298,144299,2023,0,1,-0.089932,-78.429581,PICHINCHA,QUITO,CALDERON (CARAPUNGO),RURAL,2023-04-03,01:30:00,1,LUNES,1,ABRIL,4,NO,CONDUCIR VEHICULO SUPERANDO LOS LIMITES MAXIMOS DE VELOCIDAD.,ESTRELLAMIENTOS,MOTOCICLETA,0,0,0,0,0,0,0,0,1,0,0,0,0,1,25,HOMBRE,FALLECIDO,CONDUCTOR PRESENTE,NO,NO,3
33804,144308,144309,2023,2,0,-0.344929,-78.548723,PICHINCHA,QUITO,QUITO,URBANA,2023-04-03,09:28:00,9,LUNES,1,ABRIL,4,NO,"NO RESPETAR LAS SENIALES REGLAMENTARIAS DE TRANSITO. (PARE, CEDA EL PASO, LUZ ROJA DEL SEMAFORO, ETC).",CHOQUE LATERAL,MOTOCICLETA,0,0,0,0,1,0,0,0,1,0,0,0,0,2,25,HOMBRE,LESIONADO,CONDUCTOR PRESENTE,NO,NO,1
33805,144312,144313,2023,1,0,-0.258869,-78.522669,PICHINCHA,QUITO,QUITO,URBANA,2023-04-03,12:30:00,12,LUNES,1,ABRIL,4,NO,NO TRANSITAR POR LAS ACERAS O ZONAS DE SEGURIDAD DESTINADAS PARA EL EFECTO.,ATROPELLOS,BUS,0,0,1,0,0,0,0,0,0,0,0,0,0,1,41,MUJER,LESIONADO,PEATON,NO,NO,1
33806,144341,144342,2023,0,0,-0.096968,-78.474245,PICHINCHA,QUITO,QUITO,URBANA,2023-04-04,07:15:00,7,MARTES,2,ABRIL,4,NO,NO MANTENER LA DISTANCIA PRUDENCIAL CON RESPECTO AL VEHICULO QUE LE ANTECEDE.,COLISION,MOTOCICLETA,2,0,0,0,0,0,0,0,1,0,0,0,0,3,50,HOMBRE,ILESO,CONDUCTOR PRESENTE,NO,NO,1
33807,144347,144348,2023,0,0,-0.329094,-78.547665,PICHINCHA,QUITO,QUITO,URBANA,2023-04-04,14:30:00,14,MARTES,2,ABRIL,4,NO,"NO RESPETAR LAS SENIALES REGLAMENTARIAS DE TRANSITO. (PARE, CEDA EL PASO, LUZ ROJA DEL SEMAFORO, ETC).",CHOQUE LATERAL,FURGONETA,1,0,0,0,0,0,0,1,0,0,0,0,0,2,35,HOMBRE,ILESO,CONDUCTOR PRESENTE,NO,NO,1
33808,144354,144355,2023,1,0,-0.223621,-78.510859,PICHINCHA,QUITO,QUITO,URBANA,2023-04-04,16:10:00,16,MARTES,2,ABRIL,4,NO,NO TRANSITAR POR LAS ACERAS O ZONAS DE SEGURIDAD DESTINADAS PARA EL EFECTO.,ATROPELLOS,AUTOMOVIL,1,0,0,0,0,0,0,0,0,0,0,0,0,1,76,HOMBRE,LESIONADO,PEATON,NO,NO,1
33809,144367,144368,2023,1,0,-0.259209,-78.551134,PICHINCHA,QUITO,QUITO,URBANA,2023-04-05,05:20:00,5,MIERCOLES,3,ABRIL,4,NO,"NO RESPETAR LAS SENIALES REGLAMENTARIAS DE TRANSITO. (PARE, CEDA EL PASO, LUZ ROJA DEL SEMAFORO, ETC).",CHOQUE LATERAL,MOTOCICLETA,1,0,0,0,0,0,0,0,1,0,0,0,0,2,34,HOMBRE,LESIONADO,CONDUCTOR PRESENTE,NO,NO,1
33810,144369,144370,2023,0,0,-0.299378,-78.544266,PICHINCHA,QUITO,QUITO,URBANA,2023-04-05,05:55:00,5,MIERCOLES,3,ABRIL,4,NO,CONDUCIR VEHICULO SUPERANDO LOS LIMITES MAXIMOS DE VELOCIDAD.,CHOQUE LATERAL,BUS,0,0,1,0,1,0,0,0,0,0,0,0,0,2,36,HOMBRE,ILESO,CONDUCTOR PRESENTE,NO,NO,1
33811,144371,144372,2023,1,0,-0.192177,-78.461471,PICHINCHA,QUITO,QUITO,URBANA,2023-04-05,06:58:00,6,MIERCOLES,3,ABRIL,4,NO,"NO RESPETAR LAS SENIALES REGLAMENTARIAS DE TRANSITO. (PARE, CEDA EL PASO, LUZ ROJA DEL SEMAFORO, ETC).",CHOQUE FRONTAL,MOTOCICLETA,1,0,0,0,0,0,0,0,1,0,0,0,0,2,30,HOMBRE,LESIONADO,CONDUCTOR PRESENTE,NO,NO,1
33812,144373,144374,2023,0,0,-0.287271,-78.556401,PICHINCHA,QUITO,QUITO,URBANA,2023-04-05,07:44:00,7,MIERCOLES,3,ABRIL,4,NO,NO MANTENER LA DISTANCIA PRUDENCIAL CON RESPECTO AL VEHICULO QUE LE ANTECEDE.,CHOQUE POSTERIOR,AUTOMOVIL,2,0,0,0,0,0,0,0,0,0,0,0,0,2,53,HOMBRE,ILESO,CONDUCTOR PRESENTE,NO,NO,1
33813,144380,144381,2023,0,0,-0.280363,-78.556686,PICHINCHA,QUITO,QUITO,URBANA,2023-04-05,11:25:00,11,MIERCOLES,3,ABRIL,4,NO,CONDUCIR VEHICULO SUPERANDO LOS LIMITES MAXIMOS DE VELOCIDAD.,CHOQUE LATERAL,CAMION,1,0,0,1,0,0,0,0,0,0,0,0,0,2,55,HOMBRE,ILESO,CONDUCTOR PRESENTE,NO,NO,1
33814,144382,144383,2023,1,0,-0.277351,-78.546563,PICHINCHA,QUITO,QUITO,URBANA,2023-04-05,11:35:00,11,MIERCOLES,3,ABRIL,4,NO,"NO RESPETAR LAS SENIALES REGLAMENTARIAS DE TRANSITO. (PARE, CEDA EL PASO, LUZ ROJA DEL SEMAFORO, ETC).",CHOQUE LATERAL,MOTOCICLETA,1,0,0,0,0,0,0,0,1,0,0,0,0,2,26,HOMBRE,LESIONADO,CONDUCTOR PRESENTE,NO,NO,1
33815,144386,144387,2023,1,0,-0.115626,-78.491842,PICHINCHA,QUITO,QUITO,URBANA,2023-04-05,12:05:00,12,MIERCOLES,3,ABRIL,4,NO,NO CEDER EL DERECHO DE VIA O PREFERENCIA DE PASO AL PEATON.,ATROPELLOS,BUS,0,0,1,0,0,0,0,0,0,0,0,0,0,1,46,MUJER,LESIONADO,PEATON,NO,NO,1
33816,144389,144390,2023,1,0,-0.182739,-78.486873,PICHINCHA,QUITO,QUITO,URBANA,2023-04-05,12:55:00,12,MIERCOLES,3,ABRIL,4,NO,"NO RESPETAR LAS SENIALES REGLAMENTARIAS DE TRANSITO. (PARE, CEDA EL PASO, LUZ ROJA DEL SEMAFORO, ETC).",CHOQUE LATERAL,MOTOCICLETA,1,0,0,0,0,0,0,0,1,0,0,0,0,2,32,HOMBRE,LESIONADO,CONDUCTOR PRESENTE,NO,NO,1
33817,144390,144391,2023,1,0,-0.135422,-78.487116,PICHINCHA,QUITO,QUITO,URBANA,2023-04-05,13:15:00,13,MIERCOLES,3,ABRIL,4,NO,"NO RESPETAR LAS SENIALES REGLAMENTARIAS DE TRANSITO. (PARE, CEDA EL PASO, LUZ ROJA DEL SEMAFORO, ETC).",CHOQUE LATERAL,MOTOCICLETA,1,0,0,0,0,0,0,0,1,0,0,0,0,2,52,HOMBRE,LESIONADO,CONDUCTOR PRESENTE,NO,NO,1
33818,144403,144404,2023,0,0,-0.386343,-78.534493,PICHINCHA,MEJIA,UYUMBICHO,RURAL,2023-04-05,18:40:00,18,MIERCOLES,3,ABRIL,4,NO,"CONDUCIR DESATENTO A LAS CONDICIONES DE TRANSITO (CELULAR, PANTALLAS DE VIDEO, COMIDA, MAQUILLAJE O CUALQUIER OTRO ELEMENTO DISTRACTOR).",PERDIDA DE CARRIL,VEHICULO DEPORTIVO UTILITARIO,0,0,0,0,0,0,0,0,0,0,0,0,1,1,42,HOMBRE,ILESO,CONDUCTOR PRESENTE,NO,SI,3
33819,144416,144417,2023,0,1,-0.254422,-78.483731,PICHINCHA,QUITO,CONOCOTO,RURAL,2023-04-06,03:40:00,3,JUEVES,4,ABRIL,4,NO,CONDUCIR VEHICULO SUPERANDO LOS LIMITES MAXIMOS DE VELOCIDAD.,ARROLLAMIENTOS,NO IDENTIFICADO,0,0,0,0,0,0,0,0,0,1,0,0,0,1,25,HOMBRE,FALLECIDO,PEATON,NO,SI,3
33820,144421,144422,2023,0,0,-0.297371,-78.553258,PICHINCHA,QUITO,QUITO,URBANA,2023-04-06,07:00:00,7,JUEVES,4,ABRIL,4,NO,CONDUCIR VEHICULO SUPERANDO LOS LIMITES MAXIMOS DE VELOCIDAD.,OTROS,AUTOMOVIL,1,0,0,0,0,0,0,0,0,0,0,0,0,1,-1,NO IDENTIFICADO,NO IDENTIFICADO,CONDUCTOR AUSENTE,NO,NO,2
33821,144426,144427,2023,4,0,-0.177743,-78.477993,PICHINCHA,QUITO,QUITO,URBANA,2023-04-06,09:40:00,9,JUEVES,4,ABRIL,4,NO,DEJAR O RECOGER PASAJEROS EN LUGARES NO PERMITIDOS.,CAIDA DE PASAJERO,BUS,0,0,1,0,0,0,0,0,0,0,0,0,0,1,46,MUJER,LESIONADO,PASAJERO,NO,NO,1
33822,144437,144438,2023,0,0,-0.450944,-78.594083,PICHINCHA,MEJIA,ALOAG,RURAL,2023-04-06,14:45:00,14,JUEVES,4,ABRIL,4,SI,NO MANTENER LA DISTANCIA PRUDENCIAL CON RESPECTO AL VEHICULO QUE LE ANTECEDE.,CHOQUE POSTERIOR,CAMION,1,0,0,1,0,0,0,0,0,0,0,0,0,2,-1,HOMBRE,ILESO,CONDUCTOR PRESENTE,NO,NO,3
33823,144447,144448,2023,0,0,-0.187716,-78.501129,PICHINCHA,QUITO,QUITO,URBANA,2023-04-06,17:30:00,17,JUEVES,4,ABRIL,4,SI,"CONDICIONES AMBIENTALES Y/O ATMOSFERICAS (NIEBLA, NEBLINA, GRANIZO, LLUVIA).",CHOQUE LATERAL,AUTOMOVIL,2,0,0,0,0,0,0,0,0,0,0,0,0,2,46,HOMBRE,ILESO,CONDUCTOR PRESENTE,NO,NO,1
33824,144463,144464,2023,1,0,-0.289671,-78.563979,PICHINCHA,QUITO,QUITO,URBANA,2023-04-06,23:00:00,23,JUEVES,4,ABRIL,4,SI,CONDUCIR VEHICULO SUPERANDO LOS LIMITES MAXIMOS DE VELOCIDAD.,PERDIDA DE CARRIL,MOTOCICLETA,0,0,0,0,0,0,0,0,1,0,0,0,0,1,22,HOMBRE,LESIONADO,PASAJERO,NO,NO,1
33825,144467,144468,2023,0,0,-0.083991,-78.390297,PICHINCHA,QUITO,CALDERON (CARAPUNGO),RURAL,2023-04-06,23:40:00,23,JUEVES,4,ABRIL,4,SI,"CONDUCIR DESATENTO A LAS CONDICIONES DE TRANSITO (CELULAR, PANTALLAS DE VIDEO, COMIDA, MAQUILLAJE O CUALQUIER OTRO ELEMENTO DISTRACTOR).",PERDIDA DE PISTA,VEHICULO DEPORTIVO UTILITARIO,0,0,0,0,0,0,0,0,0,0,0,0,1,1,35,HOMBRE,ILESO,CONDUCTOR PRESENTE,NO,SI,3
33826,144472,144473,2023,0,0,-0.218786,-78.412551,PICHINCHA,QUITO,TUMBACO,RURAL,2023-04-07,03:00:00,3,VIERNES,5,ABRIL,4,SI,REALIZAR CAMBIO BRUSCO O INDEBIDO DE CARRIL.,ESTRELLAMIENTOS,AUTOMOVIL,1,0,0,0,0,0,0,0,0,0,0,0,0,1,-1,NO IDENTIFICADO,NO IDENTIFICADO,CONDUCTOR AUSENTE,NO,NO,2
33827,144473,144474,2023,1,0,-0.104532,-78.427506,PICHINCHA,QUITO,CALDERON (CARAPUNGO),RURAL,2023-04-07,05:00:00,5,VIERNES,5,ABRIL,4,SI,"CONDICIONES AMBIENTALES Y/O ATMOSFERICAS (NIEBLA, NEBLINA, GRANIZO, LLUVIA).",CHOQUE FRONTAL,AUTOMOVIL,2,0,0,0,0,0,0,0,0,0,0,0,0,2,35,HOMBRE,LESIONADO,CONDUCTOR PRESENTE,NO,NO,3
33828,144477,144478,2023,0,0,-0.225826,-78.505849,PICHINCHA,QUITO,QUITO,URBANA,2023-04-07,07:15:00,7,VIERNES,5,ABRIL,4,SI,CONDUCIR VEHICULO SUPERANDO LOS LIMITES MAXIMOS DE VELOCIDAD.,OTROS,AUTOMOVIL,1,0,0,0,0,0,0,0,0,0,0,0,0,1,-1,NO IDENTIFICADO,NO IDENTIFICADO,CONDUCTOR AUSENTE,NO,NO,2
33829,144486,144487,2023,1,0,-0.104461,-78.365964,PICHINCHA,QUITO,TABABELA,RURAL,2023-04-07,12:00:00,12,VIERNES,5,ABRIL,4,SI,"CONDUCIR DESATENTO A LAS CONDICIONES DE TRANSITO (CELULAR, PANTALLAS DE VIDEO, COMIDA, MAQUILLAJE O CUALQUIER OTRO ELEMENTO DISTRACTOR).",ATROPELLOS,VEHICULO DEPORTIVO UTILITARIO,0,0,0,0,0,0,0,0,0,0,0,0,1,1,62,HOMBRE,LESIONADO,PEATON,NO,SI,3
33830,144490,144491,2023,1,0,-0.299334,-78.442422,PICHINCHA,QUITO,ALANGASI,RURAL,2023-04-07,13:55:00,13,VIERNES,5,ABRIL,4,SI,NO TRANSITAR POR LAS ACERAS O ZONAS DE SEGURIDAD DESTINADAS PARA EL EFECTO.,ATROPELLOS,SCOOTER ELECTRICO,0,0,0,0,0,0,0,0,0,0,1,0,0,1,5,HOMBRE,LESIONADO,PEATON,NO,NO,3
33831,144491,144492,2023,2,0,-0.191571,-78.507349,PICHINCHA,QUITO,QUITO,URBANA,2023-04-07,15:15:00,15,VIERNES,5,ABRIL,4,SI,"CONDICIONES AMBIENTALES Y/O ATMOSFERICAS (NIEBLA, NEBLINA, GRANIZO, LLUVIA).",CHOQUE LATERAL,AUTOMOVIL,2,0,0,0,0,0,0,0,0,0,0,0,0,2,40,HOMBRE,LESIONADO,PASAJERO,NO,NO,1
33832,144494,144495,2023,0,0,-0.193808,-78.461431,PICHINCHA,QUITO,QUITO,URBANA,2023-04-07,17:08:00,17,VIERNES,5,ABRIL,4,SI,"CONDICIONES AMBIENTALES Y/O ATMOSFERICAS (NIEBLA, NEBLINA, GRANIZO, LLUVIA).",CHOQUE LATERAL,CAMIONETA,1,0,0,0,1,0,0,0,0,0,0,0,0,2,32,HOMBRE,ILESO,CONDUCTOR PRESENTE,NO,NO,1
33833,144498,144499,2023,1,0,-0.108667,-78.298221,PICHINCHA,QUITO,EL QUINCHE,RURAL,2023-04-07,18:40:00,18,VIERNES,5,ABRIL,4,SI,"CONDUCE BAJO LA INFLUENCIA DE ALCOHOL, SUSTANCIAS ESTUPEFACIENTES O PSICOTROPICAS Y/O MEDICAMENTOS.",ATROPELLOS,MOTOCICLETA,0,0,0,0,0,0,0,0,1,0,0,0,0,1,54,HOMBRE,LESIONADO,PEATON,NO,SI,3
33834,144509,144510,2023,1,0,-0.346564,-78.554661,PICHINCHA,QUITO,QUITO,URBANA,2023-04-07,21:15:00,21,VIERNES,5,ABRIL,4,SI,NO CEDER EL DERECHO DE VIA O PREFERENCIA DE PASO AL PEATON.,ATROPELLOS,NO IDENTIFICADO,0,0,0,0,0,0,0,0,0,1,0,0,0,1,25,MUJER,LESIONADO,PEATON,NO,NO,1
33835,144514,144515,2023,0,0,-0.106823,-78.448342,PICHINCHA,QUITO,CALDERON (CARAPUNGO),RURAL,2023-04-07,22:30:00,22,VIERNES,5,ABRIL,4,SI,CONDUCIR VEHICULO SUPERANDO LOS LIMITES MAXIMOS DE VELOCIDAD.,ESTRELLAMIENTOS,CAMIONETA,0,0,0,0,1,0,0,0,0,0,0,0,0,1,-1,NO IDENTIFICADO,NO IDENTIFICADO,CONDUCTOR AUSENTE,NO,NO,2
33836,144518,144519,2023,1,0,-0.117381,-78.456894,PICHINCHA,QUITO,QUITO,URBANA,2023-04-08,00:50:00,0,SABADO,6,ABRIL,4,SI,CONDUCIR VEHICULO SUPERANDO LOS LIMITES MAXIMOS DE VELOCIDAD.,OTROS,SCOOTER ELECTRICO,0,0,0,0,0,0,0,0,0,0,1,0,0,1,50,HOMBRE,LESIONADO,CONDUCTOR PRESENTE,NO,NO,1
33837,144520,144521,2023,0,0,-0.224725,-78.521503,PICHINCHA,QUITO,QUITO,URBANA,2023-04-08,02:00:00,2,SABADO,6,ABRIL,4,SI,CONDUCIR VEHICULO SUPERANDO LOS LIMITES MAXIMOS DE VELOCIDAD.,ESTRELLAMIENTOS,CAMIONETA,0,0,0,0,1,0,0,0,0,0,0,0,0,1,-1,NO IDENTIFICADO,NO IDENTIFICADO,CONDUCTOR AUSENTE,NO,NO,2
33838,144523,144524,2023,2,0,-0.106549,-78.441774,PICHINCHA,QUITO,CALDERON (CARAPUNGO),RURAL,2023-04-08,04:45:00,4,SABADO,6,ABRIL,4,SI,NO MANTENER LA DISTANCIA PRUDENCIAL CON RESPECTO AL VEHICULO QUE LE ANTECEDE.,CHOQUE POSTERIOR,BUS,0,0,1,0,1,0,0,0,0,0,0,0,0,2,36,HOMBRE,LESIONADO,CONDUCTOR PRESENTE,NO,NO,3
33839,144524,144525,2023,2,0,-0.282211,-78.517108,PICHINCHA,QUITO,QUITO,URBANA,2023-04-08,05:10:00,5,SABADO,6,ABRIL,4,SI,"CONDUCE BAJO LA INFLUENCIA DE ALCOHOL, SUSTANCIAS ESTUPEFACIENTES O PSICOTROPICAS Y/O MEDICAMENTOS.",ATROPELLOS,MOTOCICLETA,1,0,0,0,0,0,0,0,1,0,0,0,0,2,29,HOMBRE,LESIONADO,PEATON,NO,NO,1
33840,144528,144529,2023,0,0,-0.449183,-78.688494,PICHINCHA,MEJIA,ALOAG,RURAL,2023-04-08,07:30:00,7,SABADO,6,ABRIL,4,SI,NO GUARDAR LA DISTANCIA LATERAL MINIMA DE SEGURIDAD ENTRE VEHICULOS.,ROZAMIENTOS,CAMION,0,0,0,1,0,0,0,0,0,0,0,0,1,2,-1,HOMBRE,ILESO,CONDUCTOR PRESENTE,NO,NO,3
33841,144530,144531,2023,1,0,-0.278993,-78.552861,PICHINCHA,QUITO,QUITO,URBANA,2023-04-08,08:00:00,8,SABADO,6,ABRIL,4,SI,CONDUCIR VEHICULO SUPERANDO LOS LIMITES MAXIMOS DE VELOCIDAD.,ESTRELLAMIENTOS,AUTOMOVIL,1,0,0,0,0,0,0,0,0,0,0,0,0,1,18,HOMBRE,LESIONADO,PASAJERO,NO,NO,1
33842,144533,144534,2023,1,0,-0.348556,-78.846056,PICHINCHA,MEJIA,MANUEL CORNEJO ASTORGA,RURAL,2023-04-08,10:40:00,10,SABADO,6,ABRIL,4,SI,"CONDUCIR DESATENTO A LAS CONDICIONES DE TRANSITO (CELULAR, PANTALLAS DE VIDEO, COMIDA, MAQUILLAJE O CUALQUIER OTRO ELEMENTO DISTRACTOR).",PERDIDA DE CARRIL,AUTOMOVIL,1,0,0,0,0,0,0,0,0,0,0,0,0,1,-1,HOMBRE,LESIONADO,PASAJERO,NO,NO,3
33843,144556,144557,2023,2,1,-0.189721,-78.501215,PICHINCHA,QUITO,QUITO,URBANA,2023-04-08,18:10:00,18,SABADO,6,ABRIL,4,SI,"CONDUCE BAJO LA INFLUENCIA DE ALCOHOL, SUSTANCIAS ESTUPEFACIENTES O PSICOTROPICAS Y/O MEDICAMENTOS.",CHOQUE POSTERIOR,AUTOMOVIL,2,0,0,0,0,0,0,0,0,0,0,0,0,2,75,HOMBRE,FALLECIDO,CONDUCTOR PRESENTE,NO,NO,1
33844,144562,144563,2023,0,0,-0.343283,-78.454799,PICHINCHA,RUMINIAHUI,SANGOLQUI,URBANA,2023-04-08,19:30:00,19,SABADO,6,ABRIL,4,SI,"CONDUCE BAJO LA INFLUENCIA DE ALCOHOL, SUSTANCIAS ESTUPEFACIENTES O PSICOTROPICAS Y/O MEDICAMENTOS.",COLISION,VEHICULO DEPORTIVO UTILITARIO,1,0,0,0,0,0,0,0,0,0,0,0,2,3,38,HOMBRE,ILESO,CONDUCTOR PRESENTE,NO,SI,1
33845,144565,144566,2023,1,0,-0.111312,-78.466048,PICHINCHA,QUITO,QUITO,RURAL,2023-04-08,20:00:00,20,SABADO,6,ABRIL,4,SI,CONDUCIR VEHICULO SUPERANDO LOS LIMITES MAXIMOS DE VELOCIDAD.,PERDIDA DE CARRIL,AUTOMOVIL,1,0,0,0,0,0,0,0,0,0,0,0,0,1,34,HOMBRE,LESIONADO,CONDUCTOR PRESENTE,NO,NO,3
33846,144570,144571,2023,0,0,-0.307526,-78.447978,PICHINCHA,RUMINIAHUI,SANGOLQUI,URBANA,2023-04-08,21:30:00,21,SABADO,6,ABRIL,4,SI,"CONDUCE BAJO LA INFLUENCIA DE ALCOHOL, SUSTANCIAS ESTUPEFACIENTES O PSICOTROPICAS Y/O MEDICAMENTOS.",CHOQUE FRONTAL,VEHICULO DEPORTIVO UTILITARIO,0,0,0,0,0,0,0,0,0,0,0,0,2,2,28,HOMBRE,ILESO,CONDUCTOR PRESENTE,NO,SI,1
33847,144571,144572,2023,0,1,-0.304059,-78.560291,PICHINCHA,QUITO,QUITO,URBANA,2023-04-08,21:35:00,21,SABADO,6,ABRIL,4,SI,CONDUCIR VEHICULO SUPERANDO LOS LIMITES MAXIMOS DE VELOCIDAD.,CHOQUE LATERAL,BUS,0,0,1,0,0,0,0,0,1,0,0,0,0,2,31,HOMBRE,FALLECIDO,CONDUCTOR PRESENTE,NO,NO,1
33848,144581,144582,2023,0,0,-0.259425,-78.530051,PICHINCHA,QUITO,QUITO,URBANA,2023-04-09,00:45:00,0,DOMINGO,7,ABRIL,4,SI,CONDUCIR VEHICULO SUPERANDO LOS LIMITES MAXIMOS DE VELOCIDAD.,PERDIDA DE CARRIL,MOTOCICLETA,0,0,0,0,0,0,0,0,1,0,0,0,0,1,20,HOMBRE,ILESO,PASAJERO,NO,NO,1
33849,144585,144586,2023,0,0,-0.138906,-78.493078,PICHINCHA,QUITO,QUITO,URBANA,2023-04-09,02:05:00,2,DOMINGO,7,ABRIL,4,SI,CONDUCIR VEHICULO SUPERANDO LOS LIMITES MAXIMOS DE VELOCIDAD.,ESTRELLAMIENTOS,AUTOMOVIL,1,0,0,0,0,0,0,0,0,0,0,0,0,1,47,HOMBRE,ILESO,CONDUCTOR PRESENTE,NO,NO,1
33850,144588,144589,2023,1,0,-0.449411,-78.585734,PICHINCHA,MEJIA,ALOAG,URBANA,2023-04-09,04:00:00,4,DOMINGO,7,ABRIL,4,SI,"CONDUCIR DESATENTO A LAS CONDICIONES DE TRANSITO (CELULAR, PANTALLAS DE VIDEO, COMIDA, MAQUILLAJE O CUALQUIER OTRO ELEMENTO DISTRACTOR).",CHOQUE FRONTAL,AUTOMOVIL,1,0,0,0,0,0,0,0,0,0,0,0,0,1,28,HOMBRE,LESIONADO,PASAJERO,NO,SI,1
33851,144595,144596,2023,0,0,-0.147888,-78.465923,PICHINCHA,QUITO,QUITO,URBANA,2023-04-09,05:20:00,5,DOMINGO,7,ABRIL,4,SI,CONDUCIR VEHICULO SUPERANDO LOS LIMITES MAXIMOS DE VELOCIDAD.,OTROS,CAMIONETA,0,0,0,0,1,0,0,0,0,0,0,0,0,1,-1,NO IDENTIFICADO,NO IDENTIFICADO,CONDUCTOR AUSENTE,NO,NO,2
33852,144597,144598,2023,1,0,-0.071674,-78.377337,PICHINCHA,QUITO,CALDERON (CARAPUNGO),RURAL,2023-04-09,05:49:00,5,DOMINGO,7,ABRIL,4,SI,"CONDUCIR EN ESTADO DE SOMNOLENCIA O MALAS CONDICIONES FISICAS (SUENIO, CANSANCIO Y FATIGA).",CHOQUE FRONTAL,BUS,1,0,1,0,0,0,0,0,0,0,0,0,0,2,32,HOMBRE,LESIONADO,CONDUCTOR PRESENTE,NO,SI,3
33853,144608,144609,2023,0,0,-0.447222,-78.763611,PICHINCHA,MEJIA,MANUEL CORNEJO ASTORGA,RURAL,2023-04-09,11:40:00,11,DOMINGO,7,ABRIL,4,SI,NO GUARDAR LA DISTANCIA LATERAL MINIMA DE SEGURIDAD ENTRE VEHICULOS.,ROZAMIENTOS,CAMION,0,0,0,1,0,0,0,0,0,0,0,0,0,1,-1,HOMBRE,ILESO,CONDUCTOR PRESENTE,NO,NO,3
33854,144611,144612,2023,0,0,-0.329981,-78.555182,PICHINCHA,QUITO,QUITO,URBANA,2023-04-09,13:36:00,13,DOMINGO,7,ABRIL,4,SI,"NO RESPETAR LAS SENIALES REGLAMENTARIAS DE TRANSITO. (PARE, CEDA EL PASO, LUZ ROJA DEL SEMAFORO, ETC).",CHOQUE LATERAL,AUTOMOVIL,2,0,0,0,0,0,0,0,0,0,0,0,0,2,37,HOMBRE,ILESO,CONDUCTOR PRESENTE,NO,NO,1
33855,144612,144613,2023,1,0,-0.255485,-78.514825,PICHINCHA,QUITO,QUITO,URBANA,2023-04-09,14:00:00,14,DOMINGO,7,ABRIL,4,SI,CONDUCIR VEHICULO SUPERANDO LOS LIMITES MAXIMOS DE VELOCIDAD.,ESTRELLAMIENTOS,MOTOCICLETA,0,0,0,0,0,0,0,0,1,0,0,0,0,1,17,HOMBRE,LESIONADO,PASAJERO,NO,NO,1
33856,144619,144620,2023,0,0,-0.173441,-78.476883,PICHINCHA,QUITO,QUITO,URBANA,2023-04-09,16:10:00,16,DOMINGO,7,ABRIL,4,SI,NO MANTENER LA DISTANCIA PRUDENCIAL CON RESPECTO AL VEHICULO QUE LE ANTECEDE.,CHOQUE POSTERIOR,AUTOMOVIL,2,0,0,0,0,0,0,0,0,0,0,0,0,2,39,HOMBRE,ILESO,CONDUCTOR PRESENTE,NO,NO,1
33857,144628,144629,2023,0,1,-0.517896,-78.576494,PICHINCHA,MEJIA,MACHACHI,RURAL,2023-04-09,18:40:00,18,DOMINGO,7,ABRIL,4,SI,"CONDUCIR DESATENTO A LAS CONDICIONES DE TRANSITO (CELULAR, PANTALLAS DE VIDEO, COMIDA, MAQUILLAJE O CUALQUIER OTRO ELEMENTO DISTRACTOR).",ATROPELLOS,NO IDENTIFICADO,0,0,0,0,0,0,0,0,0,1,0,0,0,1,50,HOMBRE,FALLECIDO,PEATON,NO,SI,3
33858,144635,144636,2023,0,1,-0.335374,-78.541828,PICHINCHA,QUITO,QUITO,URBANA,2023-04-09,20:05:00,20,DOMINGO,7,ABRIL,4,SI,NO CEDER EL DERECHO DE VIA O PREFERENCIA DE PASO AL PEATON.,ATROPELLOS,BUS,0,0,1,0,0,0,0,0,0,0,0,0,0,1,25,HOMBRE,FALLECIDO,PEATON,NO,NO,1
33859,144639,144640,2023,2,0,-0.371413,-78.833198,PICHINCHA,MEJIA,MANUEL CORNEJO ASTORGA,RURAL,2023-04-09,21:20:00,21,DOMINGO,7,ABRIL,4,SI,CONDUCIR EN SENTIDO CONTRARIO A LA VIA NORMAL DE CIRCULACION.,CHOQUE FRONTAL,AUTOMOVIL,1,0,0,0,0,0,0,0,0,1,0,0,0,2,-1,HOMBRE,LESIONADO,CONDUCTOR PRESENTE,NO,NO,3