,Unnamed: 0,ID,ANIO,LESIONADOS,FALLECIDOS,LATITUD_Y,LONGITUD_X,PROVINCIA,CANTON,PARROQUIA,ZONA,FECHA,HORA,PERIODO_2,DIA_1,DIA_2,MES_1,MES_2,FERIADO,CAUSA_PROBABLE,TIPO_DE_SINIESTRO,TIPO_DE_VEHICULO_1,AUTOMOVIL,BICICLETA,BUS,CAMION,CAMIONETA,EMERGENCIAS,ESPECIAL,FURGONETA,MOTOCICLETA,NO_IDENTIFICADO,SCOOTER_ELECTRICO,TRICIMOTO,VEHICULO_DEPORTIVO_UTILITARIO,SUMA_DE_VEHICULOS,EDAD_1,SEXO_1,CONDICION_1,PARTICIPANTE_1,CASCO_1,CINTURON_1,KMeans_Cluster
33860,144647,144648,2023,0,1,-0.545221,-78.584916,PICHINCHA,MEJIA,MACHACHI,RURAL,2023-04-10,00:30:00,0,LUNES,1,ABRIL,4,NO,"CONDUCIR DESATENTO A LAS CONDICIONES DE TRANSITO (CELULAR, PANTALLAS DE VIDEO, COMIDA, MAQUILLAJE O CUALQUIER OTRO ELEMENTO DISTRACTOR).",ESTRELLAMIENTOS,CAMION,0,0,0,1,0,0,0,0,1,0,0,0,0,2,24,HOMBRE,FALLECIDO,CONDUCTOR PRESENTE,NO,SI,3
33861,144649,144650,2023,1,0,-0.193815,-78.465318,PICHINCHA,QUITO,QUITO,URBANA,2023-04-10,05:05:00,5,LUNES,1,ABRIL,4,NO,CONDUCIR VEHICULO SUPERANDO LOS LIMITES MAXIMOS DE VELOCIDAD.,PERDIDA DE CARRIL,MOTOCICLETA,0,0,0,0,0,0,0,0,1,0,0,0,0,1,27,HOMBRE,LESIONADO,PASAJERO,NO,NO,1
33862,144658,144659,2023,1,0,-0.204734,-78.502281,PICHINCHA,QUITO,QUITO,URBANA,2023-04-10,07:40:00,7,LUNES,1,ABRIL,4,NO,PEATON QUE CRUZA LA CALZADA SIN RESPETAR LA SENIALIZACION EXISTENTE (SEMAFOROS O SENIALES MANUALES).,ATROPELLOS,BICICLETA,0,1,0,0,0,0,0,0,0,0,0,0,0,1,74,HOMBRE,LESIONADO,PEATON,NO,NO,1
33863,144663,144664,2023,0,0,-0.096207,-78.467715,PICHINCHA,QUITO,QUITO,URBANA,2023-04-10,10:40:00,10,LUNES,1,ABRIL,4,NO,NO MANTENER LA DISTANCIA PRUDENCIAL CON RESPECTO AL VEHICULO QUE LE ANTECEDE.,CHOQUE POSTERIOR,CAMION,1,0,0,1,0,0,0,0,0,0,0,0,0,2,45,HOMBRE,ILESO,CONDUCTOR PRESENTE,NO,NO,1
33864,144685,144686,2023,0,0,-0.283106,-78.554591,PICHINCHA,QUITO,QUITO,URBANA,2023-04-10,19:40:00,19,LUNES,1,ABRIL,4,NO,"NO RESPETAR LAS SENIALES REGLAMENTARIAS DE TRANSITO. (PARE, CEDA EL PASO, LUZ ROJA DEL SEMAFORO, ETC).",CHOQUE LATERAL,AUTOMOVIL,2,0,0,0,0,0,0,0,0,0,0,0,0,2,43,HOMBRE,ILESO,CONDUCTOR PRESENTE,NO,NO,1
33865,144706,144707,2023,1,0,-0.275008,-78.489711,PICHINCHA,QUITO,CONOCOTO,RURAL,2023-04-11,10:30:00,10,MARTES,2,ABRIL,4,NO,PEATON QUE CRUZA LA CALZADA SIN RESPETAR LA SENIALIZACION EXISTENTE (SEMAFOROS O SENIALES MANUALES).,ARROLLAMIENTOS,NO IDENTIFICADO,0,0,0,0,0,0,0,0,0,1,0,0,0,1,24,HOMBRE,LESIONADO,PEATON,NO,SI,3
33866,144708,144709,2023,0,0,-0.167586,-78.468251,PICHINCHA,QUITO,QUITO,URBANA,2023-04-11,10:40:00,10,MARTES,2,ABRIL,4,NO,CONDUCIR VEHICULO SUPERANDO LOS LIMITES MAXIMOS DE VELOCIDAD.,ESTRELLAMIENTOS,AUTOMOVIL,1,0,0,0,0,0,0,0,0,0,0,0,0,1,29,MUJER,ILESO,CONDUCTOR PRESENTE,NO,NO,1
33867,144728,144729,2023,0,0,-0.180963,-78.489541,PICHINCHA,QUITO,QUITO,URBANA,2023-04-11,22:45:00,22,MARTES,2,ABRIL,4,NO,"NO RESPETAR LAS SENIALES REGLAMENTARIAS DE TRANSITO. (PARE, CEDA EL PASO, LUZ ROJA DEL SEMAFORO, ETC).",ESTRELLAMIENTOS,AUTOMOVIL,1,0,0,0,0,0,0,0,0,0,0,0,0,1,-1,NO IDENTIFICADO,NO IDENTIFICADO,CONDUCTOR AUSENTE,NO,NO,2
33868,144733,144734,2023,0,0,-0.245413,-78.503685,PICHINCHA,QUITO,QUITO,URBANA,2023-04-12,05:20:00,5,MIERCOLES,3,ABRIL,4,NO,"NO RESPETAR LAS SENIALES REGLAMENTARIAS DE TRANSITO. (PARE, CEDA EL PASO, LUZ ROJA DEL SEMAFORO, ETC).",CHOQUE LATERAL,BUS,1,0,1,0,0,0,0,0,0,0,0,0,0,2,31,HOMBRE,ILESO,CONDUCTOR PRESENTE,NO,NO,1
33869,144739,144740,2023,0,0,-0.181981,-78.505451,PICHINCHA,QUITO,QUITO,URBANA,2023-04-12,08:40:00,8,MIERCOLES,3,ABRIL,4,NO,NO MANTENER LA DISTANCIA PRUDENCIAL CON RESPECTO AL VEHICULO QUE LE ANTECEDE.,CHOQUE POSTERIOR,AUTOMOVIL,2,0,0,0,0,0,0,0,0,0,0,0,0,2,51,HOMBRE,ILESO,CONDUCTOR PRESENTE,NO,NO,1
33870,144741,144742,2023,0,0,-0.230543,-78.498321,PICHINCHA,QUITO,QUITO,URBANA,2023-04-12,12:50:00,12,MIERCOLES,3,ABRIL,4,NO,NO MANTENER LA DISTANCIA PRUDENCIAL CON RESPECTO AL VEHICULO QUE LE ANTECEDE.,COLISION,FURGONETA,3,0,0,0,0,0,0,1,0,0,0,0,0,4,45,HOMBRE,ILESO,CONDUCTOR PRESENTE,NO,NO,1
33871,144746,144747,2023,1,0,-0.214092,-78.502992,PICHINCHA,QUITO,QUITO,URBANA,2023-04-12,15:03:00,15,MIERCOLES,3,ABRIL,4,NO,PEATON QUE CRUZA LA CALZADA SIN RESPETAR LA SENIALIZACION EXISTENTE (SEMAFOROS O SENIALES MANUALES).,ATROPELLOS,BUS,0,0,1,0,0,0,0,0,0,0,0,0,0,1,67,HOMBRE,LESIONADO,PEATON,NO,NO,1
33872,144747,144748,2023,0,0,-0.302533,-78.558901,PICHINCHA,QUITO,QUITO,URBANA,2023-04-12,15:15:00,15,MIERCOLES,3,ABRIL,4,NO,"NO RESPETAR LAS SENIALES REGLAMENTARIAS DE TRANSITO. (PARE, CEDA EL PASO, LUZ ROJA DEL SEMAFORO, ETC).",CHOQUE LATERAL,AUTOMOVIL,2,0,0,0,0,0,0,0,0,0,0,0,0,2,44,HOMBRE,ILESO,CONDUCTOR PRESENTE,NO,NO,1
33873,144752,144753,2023,0,0,-0.323597,-78.556512,PICHINCHA,QUITO,QUITO,URBANA,2023-04-12,17:40:00,17,MIERCOLES,3,ABRIL,4,NO,"CONDUCE BAJO LA INFLUENCIA DE ALCOHOL, SUSTANCIAS ESTUPEFACIENTES O PSICOTROPICAS Y/O MEDICAMENTOS.",CHOQUE POSTERIOR,CAMIONETA,1,0,0,0,1,0,0,0,0,0,0,0,0,2,40,HOMBRE,ILESO,CONDUCTOR PRESENTE,NO,NO,1
33874,144755,144756,2023,0,0,-0.195918,-78.498408,PICHINCHA,QUITO,QUITO,URBANA,2023-04-12,18:30:00,18,MIERCOLES,3,ABRIL,4,NO,"NO RESPETAR LAS SENIALES REGLAMENTARIAS DE TRANSITO. (PARE, CEDA EL PASO, LUZ ROJA DEL SEMAFORO, ETC).",CHOQUE LATERAL,AUTOMOVIL,2,0,0,0,0,0,0,0,0,0,0,0,0,2,41,HOMBRE,ILESO,CONDUCTOR PRESENTE,NO,NO,1
33875,144771,144772,2023,1,0,-0.273657,-78.538166,PICHINCHA,QUITO,QUITO,URBANA,2023-04-13,00:01:00,0,JUEVES,4,ABRIL,4,NO,CONDUCIR VEHICULO SUPERANDO LOS LIMITES MAXIMOS DE VELOCIDAD.,PERDIDA DE CARRIL,NO IDENTIFICADO,0,0,0,0,0,0,0,0,0,1,0,0,0,1,22,HOMBRE,LESIONADO,PEATON,NO,NO,1
33876,144775,144776,2023,0,0,-0.289194,-78.557298,PICHINCHA,QUITO,QUITO,URBANA,2023-04-13,05:50:00,5,JUEVES,4,ABRIL,4,NO,"NO RESPETAR LAS SENIALES REGLAMENTARIAS DE TRANSITO. (PARE, CEDA EL PASO, LUZ ROJA DEL SEMAFORO, ETC).",OTROS,AUTOMOVIL,1,0,0,0,0,0,0,0,0,0,0,0,0,1,-1,NO IDENTIFICADO,NO IDENTIFICADO,CONDUCTOR AUSENTE,NO,NO,2
33877,144792,144793,2023,1,0,-0.105273,-78.478189,PICHINCHA,QUITO,QUITO,URBANA,2023-04-13,12:20:00,12,JUEVES,4,ABRIL,4,NO,"NO RESPETAR LAS SENIALES REGLAMENTARIAS DE TRANSITO. (PARE, CEDA EL PASO, LUZ ROJA DEL SEMAFORO, ETC).",OTROS,MOTOCICLETA,0,0,0,0,0,0,0,0,1,1,0,0,0,2,32,MUJER,LESIONADO,CONDUCTOR PRESENTE,NO,NO,1
33878,144793,144794,2023,0,0,-0.315974,-78.496178,PICHINCHA,QUITO,CONOCOTO,RURAL,2023-04-13,12:35:00,12,JUEVES,4,ABRIL,4,NO,CONDUCIR VEHICULO SUPERANDO LOS LIMITES MAXIMOS DE VELOCIDAD.,ESTRELLAMIENTOS,CAMIONETA,0,0,0,0,1,0,0,0,0,0,0,0,0,1,-1,NO IDENTIFICADO,NO IDENTIFICADO,CONDUCTOR AUSENTE,NO,NO,2
33879,144806,144807,2023,0,0,-0.219127,-78.506705,PICHINCHA,QUITO,QUITO,URBANA,2023-04-13,20:00:00,20,JUEVES,4,ABRIL,4,NO,CONDUCIR VEHICULO SUPERANDO LOS LIMITES MAXIMOS DE VELOCIDAD.,ESTRELLAMIENTOS,AUTOMOVIL,1,0,0,0,0,0,0,0,0,0,0,0,0,1,31,HOMBRE,ILESO,PASAJERO,NO,NO,1
33880,144807,144808,2023,0,0,-0.219784,-78.507855,PICHINCHA,QUITO,QUITO,URBANA,2023-04-13,20:00:00,20,JUEVES,4,ABRIL,4,NO,"NO RESPETAR LAS SENIALES REGLAMENTARIAS DE TRANSITO. (PARE, CEDA EL PASO, LUZ ROJA DEL SEMAFORO, ETC).",OTROS,MOTOCICLETA,0,0,0,0,0,0,0,0,1,0,0,0,0,1,-1,NO IDENTIFICADO,NO IDENTIFICADO,CONDUCTOR AUSENTE,NO,NO,2
33881,144820,144821,2023,0,0,-0.442465,-78.719481,PICHINCHA,MEJIA,MANUEL CORNEJO ASTORGA,RURAL,2023-04-14,04:30:00,4,VIERNES,5,ABRIL,4,NO,"CONDUCIR DESATENTO A LAS CONDICIONES DE TRANSITO (CELULAR, PANTALLAS DE VIDEO, COMIDA, MAQUILLAJE O CUALQUIER OTRO ELEMENTO DISTRACTOR).",PERDIDA DE CARRIL,CAMION,0,0,0,1,0,0,0,0,0,0,0,0,0,1,29,HOMBRE,ILESO,CONDUCTOR PRESENTE,NO,NO,3
33882,144824,144825,2023,1,0,-0.311805,-78.550575,PICHINCHA,QUITO,QUITO,URBANA,2023-04-14,08:20:00,8,VIERNES,5,ABRIL,4,NO,NO GUARDAR LA DISTANCIA LATERAL MINIMA DE SEGURIDAD ENTRE VEHICULOS.,CHOQUE LATERAL,AUTOMOVIL,2,0,0,0,0,0,0,0,0,0,0,0,0,2,33,HOMBRE,LESIONADO,PASAJERO,NO,NO,1
33883,144828,144829,2023,1,0,-0.243547,-78.496801,PICHINCHA,QUITO,QUITO,URBANA,2023-04-14,09:05:00,9,VIERNES,5,ABRIL,4,NO,NO TRANSITAR POR LAS ACERAS O ZONAS DE SEGURIDAD DESTINADAS PARA EL EFECTO.,ATROPELLOS,AUTOMOVIL,1,0,0,0,0,0,0,0,0,0,0,0,0,1,10,HOMBRE,LESIONADO,PEATON,NO,NO,1
33884,144831,144832,2023,1,0,-0.326884,-78.462424,PICHINCHA,RUMINIAHUI,SANGOLQUI,URBANA,2023-04-14,10:00:00,10,VIERNES,5,ABRIL,4,NO,"CONDUCIR DESATENTO A LAS CONDICIONES DE TRANSITO (CELULAR, PANTALLAS DE VIDEO, COMIDA, MAQUILLAJE O CUALQUIER OTRO ELEMENTO DISTRACTOR).",ATROPELLOS,AUTOMOVIL,1,0,0,0,0,0,0,0,0,0,0,0,0,1,18,MUJER,LESIONADO,PEATON,NO,SI,1
33885,144834,144835,2023,0,0,-0.189894,-78.477479,PICHINCHA,QUITO,QUITO,URBANA,2023-04-14,11:15:00,11,VIERNES,5,ABRIL,4,NO,REALIZAR CAMBIO BRUSCO O INDEBIDO DE CARRIL.,OTROS,AUTOMOVIL,2,0,0,0,0,0,0,0,0,1,0,0,0,3,23,HOMBRE,ILESO,CONDUCTOR PRESENTE,NO,NO,1
33886,144835,144836,2023,2,0,-0.142385,-78.493531,PICHINCHA,QUITO,QUITO,URBANA,2023-04-14,12:00:00,12,VIERNES,5,ABRIL,4,NO,NO TRANSITAR POR LAS ACERAS O ZONAS DE SEGURIDAD DESTINADAS PARA EL EFECTO.,ATROPELLOS,CAMIONETA,0,0,0,0,1,0,0,0,0,0,0,0,0,1,7,MUJER,LESIONADO,PEATON,NO,NO,1
33887,144838,144839,2023,0,0,-0.182379,-78.478827,PICHINCHA,QUITO,QUITO,URBANA,2023-04-14,14:30:00,14,VIERNES,5,ABRIL,4,NO,NO GUARDAR LA DISTANCIA LATERAL MINIMA DE SEGURIDAD ENTRE VEHICULOS.,CHOQUE LATERAL,AUTOMOVIL,2,0,0,0,0,0,0,0,0,0,0,0,0,2,66,HOMBRE,ILESO,CONDUCTOR PRESENTE,NO,NO,1
33888,144840,144841,2023,0,0,-0.202767,-78.503901,PICHINCHA,QUITO,QUITO,URBANA,2023-04-14,14:50:00,14,VIERNES,5,ABRIL,4,NO,NO MANTENER LA DISTANCIA PRUDENCIAL CON RESPECTO AL VEHICULO QUE LE ANTECEDE.,CHOQUE POSTERIOR,AUTOMOVIL,2,0,0,0,0,0,0,0,0,0,0,0,0,2,77,HOMBRE,ILESO,CONDUCTOR PRESENTE,NO,NO,1
33889,144848,144849,2023,0,0,-0.004383,-78.517498,PICHINCHA,QUITO,CALACALI,URBANA,2023-04-14,16:30:00,16,VIERNES,5,ABRIL,4,NO,"CONDUCIR DESATENTO A LAS CONDICIONES DE TRANSITO (CELULAR, PANTALLAS DE VIDEO, COMIDA, MAQUILLAJE O CUALQUIER OTRO ELEMENTO DISTRACTOR).",VOLCAMIENTOS,CAMION,0,0,0,1,0,0,0,0,0,0,0,0,0,1,40,HOMBRE,ILESO,CONDUCTOR PRESENTE,NO,SI,1
33890,144850,144851,2023,0,0,-0.080852,-78.441724,PICHINCHA,QUITO,CALDERON (CARAPUNGO),RURAL,2023-04-14,18:30:00,18,VIERNES,5,ABRIL,4,NO,"NO RESPETAR LAS SENIALES REGLAMENTARIAS DE TRANSITO. (PARE, CEDA EL PASO, LUZ ROJA DEL SEMAFORO, ETC).",CHOQUE LATERAL,AUTOMOVIL,2,0,0,0,0,0,0,0,0,0,0,0,0,2,50,HOMBRE,ILESO,CONDUCTOR PRESENTE,NO,NO,3
33891,144851,144852,2023,1,0,-0.286304,-78.538207,PICHINCHA,QUITO,QUITO,URBANA,2023-04-14,18:30:00,18,VIERNES,5,ABRIL,4,NO,NO GUARDAR LA DISTANCIA LATERAL MINIMA DE SEGURIDAD ENTRE VEHICULOS.,CHOQUE LATERAL,SCOOTER ELECTRICO,1,0,0,0,0,0,0,0,0,0,1,0,0,2,29,HOMBRE,LESIONADO,CONDUCTOR PRESENTE,NO,NO,1
33892,144852,144853,2023,1,0,-0.162846,-78.478497,PICHINCHA,QUITO,QUITO,URBANA,2023-04-14,18:45:00,18,VIERNES,5,ABRIL,4,NO,REALIZAR CAMBIO BRUSCO O INDEBIDO DE CARRIL.,CHOQUE LATERAL,MOTOCICLETA,1,0,0,0,0,0,0,0,1,0,0,0,0,2,31,HOMBRE,LESIONADO,CONDUCTOR PRESENTE,NO,NO,1
33893,144855,144856,2023,1,0,-0.293538,-78.539931,PICHINCHA,QUITO,QUITO,URBANA,2023-04-14,20:20:00,20,VIERNES,5,ABRIL,4,NO,CONDUCIR VEHICULO SUPERANDO LOS LIMITES MAXIMOS DE VELOCIDAD.,PERDIDA DE CARRIL,NO IDENTIFICADO,0,0,0,0,0,0,0,0,0,1,0,0,0,1,37,HOMBRE,LESIONADO,PASAJERO,NO,NO,1
33894,144868,144869,2023,1,0,-0.241306,-78.485603,PICHINCHA,QUITO,QUITO,URBANA,2023-04-15,03:30:00,3,SABADO,6,ABRIL,4,NO,CONDUCIR VEHICULO SUPERANDO LOS LIMITES MAXIMOS DE VELOCIDAD.,ESTRELLAMIENTOS,AUTOMOVIL,1,0,0,0,0,0,0,0,0,0,0,0,0,1,33,HOMBRE,LESIONADO,PASAJERO,NO,NO,1
33895,144870,144871,2023,0,0,-0.247684,-78.478958,PICHINCHA,QUITO,QUITO,URBANA,2023-04-15,04:30:00,4,SABADO,6,ABRIL,4,NO,CONDUCIR VEHICULO SUPERANDO LOS LIMITES MAXIMOS DE VELOCIDAD.,ESTRELLAMIENTOS,AUTOMOVIL,1,0,0,0,0,0,0,0,0,0,0,0,0,1,-1,NO IDENTIFICADO,NO IDENTIFICADO,CONDUCTOR AUSENTE,NO,NO,2
33896,144871,144872,2023,0,0,-0.223752,-78.468589,PICHINCHA,QUITO,QUITO,URBANA,2023-04-15,04:40:00,4,SABADO,6,ABRIL,4,NO,CONDUCIR VEHICULO SUPERANDO LOS LIMITES MAXIMOS DE VELOCIDAD.,ESTRELLAMIENTOS,AUTOMOVIL,1,0,0,0,0,0,0,0,0,0,0,0,0,1,-1,NO IDENTIFICADO,NO IDENTIFICADO,CONDUCTOR AUSENTE,NO,NO,2
33897,144872,144873,2023,0,0,-0.291089,-78.545931,PICHINCHA,QUITO,QUITO,URBANA,2023-04-15,04:45:00,4,SABADO,6,ABRIL,4,NO,"CONDUCE BAJO LA INFLUENCIA DE ALCOHOL, SUSTANCIAS ESTUPEFACIENTES O PSICOTROPICAS Y/O MEDICAMENTOS.",CHOQUE LATERAL,CAMIONETA,1,0,0,0,1,0,0,0,0,0,0,0,0,2,59,HOMBRE,ILESO,CONDUCTOR PRESENTE,NO,NO,1
33898,144874,144875,2023,0,0,-0.144712,-78.474662,PICHINCHA,QUITO,QUITO,URBANA,2023-04-15,05:10:00,5,SABADO,6,ABRIL,4,NO,"CONDUCE BAJO LA INFLUENCIA DE ALCOHOL, SUSTANCIAS ESTUPEFACIENTES O PSICOTROPICAS Y/O MEDICAMENTOS.",CHOQUE LATERAL,AUTOMOVIL,2,0,0,0,0,0,0,0,0,0,0,0,0,2,44,HOMBRE,ILESO,CONDUCTOR PRESENTE,NO,NO,1
33899,144878,144879,2023,4,1,-0.222085,-78.400402,PICHINCHA,QUITO,TUMBACO,RURAL,2023-04-15,06:45:00,6,SABADO,6,ABRIL,4,NO,NO MANTENER LA DISTANCIA PRUDENCIAL CON RESPECTO AL VEHICULO QUE LE ANTECEDE.,CHOQUE POSTERIOR,CAMION,1,0,0,1,0,0,0,0,0,0,0,0,0,2,48,MUJER,FALLECIDO,PASAJERO,NO,NO,3
33900,144881,144882,2023,0,0,-0.133541,-78.501978,PICHINCHA,QUITO,QUITO,URBANA,2023-04-15,09:00:00,9,SABADO,6,ABRIL,4,NO,"CONDUCE BAJO LA INFLUENCIA DE ALCOHOL, SUSTANCIAS ESTUPEFACIENTES O PSICOTROPICAS Y/O MEDICAMENTOS.",CHOQUE POSTERIOR,AUTOMOVIL,2,0,0,0,0,0,0,0,0,0,0,0,0,2,23,HOMBRE,ILESO,CONDUCTOR PRESENTE,NO,NO,1
33901,144885,144886,2023,0,0,-0.199054,-78.487073,PICHINCHA,QUITO,QUITO,URBANA,2023-04-15,11:20:00,11,SABADO,6,ABRIL,4,NO,CONDUCIR VEHICULO SUPERANDO LOS LIMITES MAXIMOS DE VELOCIDAD.,CHOQUE LATERAL,BUS,1,0,1,0,0,0,0,0,0,0,0,0,0,2,35,HOMBRE,ILESO,CONDUCTOR PRESENTE,NO,NO,1
33902,144886,144887,2023,1,0,-0.157661,-78.477272,PICHINCHA,QUITO,QUITO,URBANA,2023-04-15,12:05:00,12,SABADO,6,ABRIL,4,NO,NO TRANSITAR POR LAS ACERAS O ZONAS DE SEGURIDAD DESTINADAS PARA EL EFECTO.,OTROS,CAMIONETA,0,0,0,0,1,0,0,0,0,1,0,0,0,2,61,HOMBRE,LESIONADO,PEATON,NO,NO,1
33903,144893,144894,2023,2,0,-0.209339,-78.500488,PICHINCHA,QUITO,QUITO,URBANA,2023-04-15,14:45:00,14,SABADO,6,ABRIL,4,NO,PEATON QUE CRUZA LA CALZADA SIN RESPETAR LA SENIALIZACION EXISTENTE (SEMAFOROS O SENIALES MANUALES).,ATROPELLOS,MOTOCICLETA,0,0,0,0,0,0,0,0,1,0,0,0,0,1,26,HOMBRE,LESIONADO,CONDUCTOR PRESENTE,NO,NO,1
33904,144894,144895,2023,1,0,-0.140596,-78.509298,PICHINCHA,QUITO,QUITO,URBANA,2023-04-15,15:30:00,15,SABADO,6,ABRIL,4,NO,PEATON QUE CRUZA LA CALZADA SIN RESPETAR LA SENIALIZACION EXISTENTE (SEMAFOROS O SENIALES MANUALES).,ATROPELLOS,AUTOMOVIL,1,0,0,0,0,0,0,0,0,0,0,0,0,1,5,HOMBRE,LESIONADO,PEATON,NO,NO,1
33905,144901,144902,2023,0,0,-0.282292,-78.466793,PICHINCHA,QUITO,CONOCOTO,RURAL,2023-04-15,17:15:00,17,SABADO,6,ABRIL,4,NO,NO GUARDAR LA DISTANCIA LATERAL MINIMA DE SEGURIDAD ENTRE VEHICULOS.,CHOQUE LATERAL,AUTOMOVIL,2,0,0,0,0,0,0,0,0,0,0,0,0,2,34,HOMBRE,ILESO,CONDUCTOR PRESENTE,NO,NO,3
33906,144912,144913,2023,1,0,-0.188857,-78.509323,PICHINCHA,QUITO,QUITO,URBANA,2023-04-15,20:10:00,20,SABADO,6,ABRIL,4,NO,PEATON QUE CRUZA LA CALZADA SIN RESPETAR LA SENIALIZACION EXISTENTE (SEMAFOROS O SENIALES MANUALES).,ATROPELLOS,CAMIONETA,0,0,0,0,1,0,0,0,0,0,0,0,0,1,52,HOMBRE,LESIONADO,PEATON,NO,NO,1
33907,144915,144916,2023,2,0,-0.047298,-78.285498,PICHINCHA,CAYAMBE,SANTA ROSA DE CUZUBAMBA,RURAL,2023-04-15,20:50:00,20,SABADO,6,ABRIL,4,NO,"CONDUCIR DESATENTO A LAS CONDICIONES DE TRANSITO (CELULAR, PANTALLAS DE VIDEO, COMIDA, MAQUILLAJE O CUALQUIER OTRO ELEMENTO DISTRACTOR).",CHOQUE POSTERIOR,MOTOCICLETA,0,0,0,0,0,0,0,0,1,0,0,0,0,1,26,HOMBRE,LESIONADO,CONDUCTOR PRESENTE,NO,SI,3
33908,144917,144918,2023,1,0,-0.092069,-78.422741,PICHINCHA,QUITO,CALDERON (CARAPUNGO),RURAL,2023-04-15,21:05:00,21,SABADO,6,ABRIL,4,NO,"CONDUCE BAJO LA INFLUENCIA DE ALCOHOL, SUSTANCIAS ESTUPEFACIENTES O PSICOTROPICAS Y/O MEDICAMENTOS.",CHOQUE FRONTAL,MOTOCICLETA,1,0,0,0,0,0,0,0,1,0,0,0,0,2,25,HOMBRE,LESIONADO,CONDUCTOR PRESENTE,NO,NO,3
33909,144924,144925,2023,1,0,-0.162955,-78.328187,PICHINCHA,QUITO,YARUQUI,RURAL,2023-04-15,22:50:00,22,SABADO,6,ABRIL,4,NO,"CONDUCE BAJO LA INFLUENCIA DE ALCOHOL, SUSTANCIAS ESTUPEFACIENTES O PSICOTROPICAS Y/O MEDICAMENTOS.",CHOQUE LATERAL,AUTOMOVIL,2,0,0,0,0,0,0,0,0,0,0,0,0,2,30,HOMBRE,LESIONADO,CONDUCTOR PRESENTE,NO,NO,3
33910,144927,144928,2023,1,0,-0.260048,-78.539311,PICHINCHA,QUITO,QUITO,URBANA,2023-04-16,00:05:00,0,DOMINGO,7,ABRIL,4,NO,NO CEDER EL DERECHO DE VIA O PREFERENCIA DE PASO AL PEATON.,ATROPELLOS,NO IDENTIFICADO,0,0,0,0,0,0,0,0,0,1,0,0,0,1,30,HOMBRE,LESIONADO,PEATON,NO,NO,1
33911,144935,144936,2023,0,0,-0.247131,-78.480196,PICHINCHA,QUITO,QUITO,URBANA,2023-04-16,02:40:00,2,DOMINGO,7,ABRIL,4,NO,CONDUCIR VEHICULO SUPERANDO LOS LIMITES MAXIMOS DE VELOCIDAD.,ESTRELLAMIENTOS,AUTOMOVIL,1,0,0,0,0,0,0,0,0,0,0,0,0,1,52,HOMBRE,ILESO,CONDUCTOR PRESENTE,NO,NO,1
33912,144936,144937,2023,0,0,-0.219843,-78.510213,PICHINCHA,QUITO,QUITO,URBANA,2023-04-16,03:00:00,3,DOMINGO,7,ABRIL,4,NO,"NO RESPETAR LAS SENIALES REGLAMENTARIAS DE TRANSITO. (PARE, CEDA EL PASO, LUZ ROJA DEL SEMAFORO, ETC).",OTROS,AUTOMOVIL,1,0,0,0,0,0,0,0,0,1,0,0,0,2,35,HOMBRE,ILESO,CONDUCTOR PRESENTE,NO,NO,1
33913,144942,144943,2023,0,0,-0.327569,-78.549594,PICHINCHA,QUITO,QUITO,URBANA,2023-04-16,04:35:00,4,DOMINGO,7,ABRIL,4,NO,"CONDUCE BAJO LA INFLUENCIA DE ALCOHOL, SUSTANCIAS ESTUPEFACIENTES O PSICOTROPICAS Y/O MEDICAMENTOS.",CHOQUE FRONTAL,FURGONETA,0,0,0,0,1,0,0,1,0,0,0,0,0,2,58,HOMBRE,ILESO,CONDUCTOR PRESENTE,NO,NO,1
33914,144943,144944,2023,0,2,-0.257705,-78.292264,PICHINCHA,QUITO,PIFO,RURAL,2023-04-16,04:45:00,4,DOMINGO,7,ABRIL,4,NO,CONDUCIR VEHICULO SUPERANDO LOS LIMITES MAXIMOS DE VELOCIDAD.,PERDIDA DE CARRIL,CAMION,0,0,0,1,0,0,0,0,0,0,0,0,0,1,55,HOMBRE,FALLECIDO,CONDUCTOR PRESENTE,NO,SI,3
33915,144948,144949,2023,5,0,-0.254933,-78.497551,PICHINCHA,QUITO,CONOCOTO,RURAL,2023-04-16,06:30:00,6,DOMINGO,7,ABRIL,4,NO,CONDUCIR VEHICULO SUPERANDO LOS LIMITES MAXIMOS DE VELOCIDAD.,CHOQUE FRONTAL,CAMIONETA,1,0,0,0,1,0,0,0,0,0,0,0,0,2,56,HOMBRE,LESIONADO,CONDUCTOR PRESENTE,NO,NO,3
33916,144950,144951,2023,1,0,-0.276983,-78.542271,PICHINCHA,QUITO,QUITO,URBANA,2023-04-16,07:00:00,7,DOMINGO,7,ABRIL,4,NO,CONDUCIR VEHICULO SUPERANDO LOS LIMITES MAXIMOS DE VELOCIDAD.,CHOQUE LATERAL,MOTOCICLETA,1,0,0,0,0,0,0,0,1,0,0,0,0,2,25,HOMBRE,LESIONADO,CONDUCTOR PRESENTE,NO,NO,1
33917,144955,144956,2023,0,0,-0.287931,-78.537828,PICHINCHA,QUITO,QUITO,URBANA,2023-04-16,10:05:00,10,DOMINGO,7,ABRIL,4,NO,NO MANTENER LA DISTANCIA PRUDENCIAL CON RESPECTO AL VEHICULO QUE LE ANTECEDE.,CHOQUE POSTERIOR,BUS,1,0,1,0,0,0,0,0,0,0,0,0,0,2,38,HOMBRE,ILESO,CONDUCTOR PRESENTE,NO,NO,1