,Unnamed: 0,ID,ANIO,LESIONADOS,FALLECIDOS,LATITUD_Y,LONGITUD_X,PROVINCIA,CANTON,PARROQUIA,ZONA,FECHA,HORA,PERIODO_2,DIA_1,DIA_2,MES_1,MES_2,FERIADO,CAUSA_PROBABLE,TIPO_DE_SINIESTRO,TIPO_DE_VEHICULO_1,AUTOMOVIL,BICICLETA,BUS,CAMION,CAMIONETA,EMERGENCIAS,ESPECIAL,FURGONETA,MOTOCICLETA,NO_IDENTIFICADO,SCOOTER_ELECTRICO,TRICIMOTO,VEHICULO_DEPORTIVO_UTILITARIO,SUMA_DE_VEHICULOS,EDAD_1,SEXO_1,CONDICION_1,PARTICIPANTE_1,CASCO_1,CINTURON_1,KMeans_Cluster
33918,144958,144959,2023,0,0,-0.260688,-78.530856,PICHINCHA,QUITO,QUITO,URBANA,2023-04-16,11:15:00,11,DOMINGO,7,ABRIL,4,NO,NO MANTENER LA DISTANCIA PRUDENCIAL CON RESPECTO AL VEHICULO QUE LE ANTECEDE.,CHOQUE POSTERIOR,AUTOMOVIL,2,0,0,0,0,0,0,0,0,0,0,0,0,2,54,HOMBRE,ILESO,CONDUCTOR PRESENTE,NO,NO,1
33919,144965,144966,2023,0,0,-0.333465,-78.519753,PICHINCHA,QUITO,QUITO,URBANA,2023-04-16,15:00:00,15,DOMINGO,7,ABRIL,4,NO,NO GUARDAR LA DISTANCIA LATERAL MINIMA DE SEGURIDAD ENTRE VEHICULOS.,CHOQUE LATERAL,CAMIONETA,1,0,0,0,1,0,0,0,0,0,0,0,0,2,30,HOMBRE,ILESO,CONDUCTOR PRESENTE,NO,NO,1
33920,144988,144989,2023,1,0,-0.185779,-78.510421,PICHINCHA,QUITO,QUITO,URBANA,2023-04-16,20:55:00,20,DOMINGO,7,ABRIL,4,NO,CONDUCIR VEHICULO SUPERANDO LOS LIMITES MAXIMOS DE VELOCIDAD.,ESTRELLAMIENTOS,AUTOMOVIL,1,0,0,0,0,0,0,0,0,0,0,0,0,1,21,HOMBRE,LESIONADO,PASAJERO,NO,NO,1
33921,144995,144996,2023,0,0,-0.190836,-78.452051,PICHINCHA,QUITO,NAYON,URBANA,2023-04-16,23:15:00,23,DOMINGO,7,ABRIL,4,NO,"CONDICIONES AMBIENTALES Y/O ATMOSFERICAS (NIEBLA, NEBLINA, GRANIZO, LLUVIA).",ESTRELLAMIENTOS,AUTOMOVIL,1,0,0,0,0,0,0,0,0,0,0,0,0,1,31,MUJER,ILESO,CONDUCTOR PRESENTE,NO,NO,1
33922,144997,144998,2023,0,0,-0.188056,-78.476868,PICHINCHA,QUITO,QUITO,URBANA,2023-04-17,01:00:00,1,LUNES,1,ABRIL,4,NO,CONDUCIR VEHICULO SUPERANDO LOS LIMITES MAXIMOS DE VELOCIDAD.,ESTRELLAMIENTOS,AUTOMOVIL,1,0,0,0,0,0,0,0,0,0,0,0,0,1,-1,NO IDENTIFICADO,NO IDENTIFICADO,CONDUCTOR AUSENTE,NO,NO,2
33923,145000,145001,2023,1,1,-0.002098,-78.223249,PICHINCHA,CAYAMBE,CANGAHUA,RURAL,2023-04-17,06:50:00,6,LUNES,1,ABRIL,4,NO,"CONDUCIR DESATENTO A LAS CONDICIONES DE TRANSITO (CELULAR, PANTALLAS DE VIDEO, COMIDA, MAQUILLAJE O CUALQUIER OTRO ELEMENTO DISTRACTOR).",PERDIDA DE CARRIL,CAMIONETA,1,0,0,0,1,0,0,0,0,0,0,0,0,2,41,HOMBRE,FALLECIDO,CONDUCTOR PRESENTE,NO,SI,3
33924,145002,145003,2023,0,1,-0.440455,-78.712401,PICHINCHA,MEJIA,ALOAG,RURAL,2023-04-17,07:20:00,7,LUNES,1,ABRIL,4,NO,"CONDUCIR DESATENTO A LAS CONDICIONES DE TRANSITO (CELULAR, PANTALLAS DE VIDEO, COMIDA, MAQUILLAJE O CUALQUIER OTRO ELEMENTO DISTRACTOR).",PERDIDA DE CARRIL,AUTOMOVIL,1,0,0,0,0,0,0,0,0,0,0,0,0,1,-1,HOMBRE,FALLECIDO,PASAJERO,NO,NO,3
33925,145003,145004,2023,0,0,-0.186497,-78.488257,PICHINCHA,QUITO,QUITO,URBANA,2023-04-17,08:45:00,8,LUNES,1,ABRIL,4,NO,NO GUARDAR LA DISTANCIA LATERAL MINIMA DE SEGURIDAD ENTRE VEHICULOS.,CHOQUE LATERAL,AUTOMOVIL,2,0,0,0,0,0,0,0,0,0,0,0,0,2,70,HOMBRE,ILESO,CONDUCTOR PRESENTE,NO,NO,1
33926,145004,145005,2023,1,0,-0.105497,-78.499811,PICHINCHA,QUITO,QUITO,URBANA,2023-04-17,08:50:00,8,LUNES,1,ABRIL,4,NO,CONDUCIR VEHICULO SUPERANDO LOS LIMITES MAXIMOS DE VELOCIDAD.,PERDIDA DE CARRIL,MOTOCICLETA,0,0,0,0,0,0,0,0,1,0,0,0,0,1,27,HOMBRE,LESIONADO,CONDUCTOR PRESENTE,NO,NO,1
33927,145006,145007,2023,0,0,-0.206072,-78.499571,PICHINCHA,QUITO,QUITO,URBANA,2023-04-17,09:15:00,9,LUNES,1,ABRIL,4,NO,"NO RESPETAR LAS SENIALES REGLAMENTARIAS DE TRANSITO. (PARE, CEDA EL PASO, LUZ ROJA DEL SEMAFORO, ETC).",CHOQUE LATERAL,BUS,1,0,1,0,0,0,0,0,0,0,0,0,0,2,23,HOMBRE,ILESO,CONDUCTOR PRESENTE,NO,NO,1
33928,145009,145010,2023,0,0,-0.199541,-78.488149,PICHINCHA,QUITO,QUITO,URBANA,2023-04-17,10:30:00,10,LUNES,1,ABRIL,4,NO,NO GUARDAR LA DISTANCIA LATERAL MINIMA DE SEGURIDAD ENTRE VEHICULOS.,CHOQUE LATERAL,AUTOMOVIL,2,0,0,0,0,0,0,0,0,0,0,0,0,2,37,HOMBRE,ILESO,CONDUCTOR PRESENTE,NO,NO,1
33929,145014,145015,2023,1,0,-0.215193,-78.487063,PICHINCHA,QUITO,QUITO,URBANA,2023-04-17,11:50:00,11,LUNES,1,ABRIL,4,NO,NO CEDER EL DERECHO DE VIA O PREFERENCIA DE PASO AL PEATON.,ATROPELLOS,BUS,0,0,1,0,0,0,0,0,0,0,0,0,0,1,77,MUJER,LESIONADO,PEATON,NO,NO,1
33930,145024,145025,2023,1,0,-0.183301,-78.486929,PICHINCHA,QUITO,QUITO,URBANA,2023-04-17,15:20:00,15,LUNES,1,ABRIL,4,NO,REALIZAR CAMBIO BRUSCO O INDEBIDO DE CARRIL.,CHOQUE LATERAL,MOTOCICLETA,1,0,0,0,0,0,0,0,1,0,0,0,0,2,49,HOMBRE,LESIONADO,CONDUCTOR PRESENTE,NO,NO,1
33931,145025,145026,2023,0,0,-0.201435,-78.508581,PICHINCHA,QUITO,QUITO,URBANA,2023-04-17,16:00:00,16,LUNES,1,ABRIL,4,NO,NO MANTENER LA DISTANCIA PRUDENCIAL CON RESPECTO AL VEHICULO QUE LE ANTECEDE.,CHOQUE POSTERIOR,BUS,1,0,1,0,0,0,0,0,0,0,0,0,0,2,32,HOMBRE,ILESO,CONDUCTOR PRESENTE,NO,NO,1
33932,145026,145027,2023,0,0,-0.247452,-78.517521,PICHINCHA,QUITO,QUITO,URBANA,2023-04-17,16:25:00,16,LUNES,1,ABRIL,4,NO,"CONDUCE BAJO LA INFLUENCIA DE ALCOHOL, SUSTANCIAS ESTUPEFACIENTES O PSICOTROPICAS Y/O MEDICAMENTOS.",ROZAMIENTOS,CAMION,1,0,0,1,0,0,0,0,0,0,0,0,0,2,42,HOMBRE,ILESO,CONDUCTOR PRESENTE,NO,NO,1
33933,145028,145029,2023,0,0,-0.247167,-78.509669,PICHINCHA,QUITO,QUITO,URBANA,2023-04-17,17:00:00,17,LUNES,1,ABRIL,4,NO,"NO RESPETAR LAS SENIALES REGLAMENTARIAS DE TRANSITO. (PARE, CEDA EL PASO, LUZ ROJA DEL SEMAFORO, ETC).",CHOQUE LATERAL,AUTOMOVIL,2,0,0,0,0,0,0,0,0,0,0,0,0,2,22,HOMBRE,ILESO,CONDUCTOR PRESENTE,NO,NO,1
33934,145031,145032,2023,1,0,-0.345171,-78.450423,PICHINCHA,RUMINIAHUI,SANGOLQUI,RURAL,2023-04-17,18:00:00,18,LUNES,1,ABRIL,4,NO,"CONDUCIR DESATENTO A LAS CONDICIONES DE TRANSITO (CELULAR, PANTALLAS DE VIDEO, COMIDA, MAQUILLAJE O CUALQUIER OTRO ELEMENTO DISTRACTOR).",CHOQUE LATERAL,MOTOCICLETA,1,0,0,0,0,0,0,0,1,0,0,0,0,2,-1,HOMBRE,LESIONADO,CONDUCTOR PRESENTE,NO,SI,3
33935,145038,145039,2023,1,0,-0.317311,-78.549134,PICHINCHA,QUITO,QUITO,URBANA,2023-04-18,02:45:00,2,MARTES,2,ABRIL,4,NO,CONDUCIR VEHICULO SUPERANDO LOS LIMITES MAXIMOS DE VELOCIDAD.,PERDIDA DE CARRIL,MOTOCICLETA,0,0,0,0,0,0,0,0,1,0,0,0,0,1,22,HOMBRE,LESIONADO,CONDUCTOR PRESENTE,NO,NO,1
33936,145041,145042,2023,0,0,-0.285985,-78.539363,PICHINCHA,QUITO,QUITO,URBANA,2023-04-18,07:25:00,7,MARTES,2,ABRIL,4,NO,NO GUARDAR LA DISTANCIA LATERAL MINIMA DE SEGURIDAD ENTRE VEHICULOS.,CHOQUE LATERAL,CAMIONETA,1,0,0,0,1,0,0,0,0,0,0,0,0,2,56,HOMBRE,ILESO,CONDUCTOR PRESENTE,NO,NO,1
33937,145048,145049,2023,0,1,-0.137843,-78.493234,PICHINCHA,QUITO,QUITO,URBANA,2023-04-18,12:40:00,12,MARTES,2,ABRIL,4,NO,NO TRANSITAR POR LAS ACERAS O ZONAS DE SEGURIDAD DESTINADAS PARA EL EFECTO.,ATROPELLOS,BUS,0,0,1,0,0,0,0,0,0,0,0,0,0,1,39,HOMBRE,FALLECIDO,PEATON,NO,NO,1
33938,145050,145051,2023,1,0,-0.328102,-78.422185,PICHINCHA,RUMINIAHUI,SANGOLQUI,RURAL,2023-04-18,13:30:00,13,MARTES,2,ABRIL,4,NO,"CONDUCIR DESATENTO A LAS CONDICIONES DE TRANSITO (CELULAR, PANTALLAS DE VIDEO, COMIDA, MAQUILLAJE O CUALQUIER OTRO ELEMENTO DISTRACTOR).",PERDIDA DE CARRIL,CAMION,0,0,0,1,0,0,0,0,0,0,0,0,0,1,27,MUJER,LESIONADO,PASAJERO,NO,SI,3
33939,145058,145059,2023,1,0,-0.116363,-78.483542,PICHINCHA,QUITO,QUITO,URBANA,2023-04-18,17:10:00,17,MARTES,2,ABRIL,4,NO,"NO RESPETAR LAS SENIALES REGLAMENTARIAS DE TRANSITO. (PARE, CEDA EL PASO, LUZ ROJA DEL SEMAFORO, ETC).",CHOQUE LATERAL,MOTOCICLETA,1,0,0,0,0,0,0,0,1,0,0,0,0,2,27,MUJER,LESIONADO,CONDUCTOR PRESENTE,NO,NO,1
33940,145059,145060,2023,0,0,-0.085307,-78.425055,PICHINCHA,QUITO,CALDERON (CARAPUNGO),RURAL,2023-04-18,20:10:00,20,MARTES,2,ABRIL,4,NO,"NO RESPETAR LAS SENIALES REGLAMENTARIAS DE TRANSITO. (PARE, CEDA EL PASO, LUZ ROJA DEL SEMAFORO, ETC).",CHOQUE LATERAL,AUTOMOVIL,2,0,0,0,0,0,0,0,0,0,0,0,0,2,41,HOMBRE,ILESO,CONDUCTOR PRESENTE,NO,NO,3
33941,145065,145066,2023,1,1,-0.214511,-78.390481,PICHINCHA,QUITO,TUMBACO,RURAL,2023-04-19,06:25:00,6,MIERCOLES,3,ABRIL,4,NO,PEATON QUE CRUZA LA CALZADA SIN RESPETAR LA SENIALIZACION EXISTENTE (SEMAFOROS O SENIALES MANUALES).,ATROPELLOS,MOTOCICLETA,0,0,0,0,0,0,0,0,1,0,0,0,0,1,89,HOMBRE,FALLECIDO,PEATON,NO,NO,3
33942,145072,145073,2023,0,0,-0.097188,-78.468869,PICHINCHA,QUITO,QUITO,URBANA,2023-04-19,09:55:00,9,MIERCOLES,3,ABRIL,4,NO,NO MANTENER LA DISTANCIA PRUDENCIAL CON RESPECTO AL VEHICULO QUE LE ANTECEDE.,COLISION,CAMION,0,0,0,1,1,0,0,1,0,0,0,0,0,3,72,HOMBRE,ILESO,CONDUCTOR PRESENTE,NO,NO,1
33943,145079,145080,2023,1,0,-0.263544,-78.488125,PICHINCHA,QUITO,CONOCOTO,RURAL,2023-04-19,16:00:00,16,MIERCOLES,3,ABRIL,4,NO,"CONDUCIR DESATENTO A LAS CONDICIONES DE TRANSITO (CELULAR, PANTALLAS DE VIDEO, COMIDA, MAQUILLAJE O CUALQUIER OTRO ELEMENTO DISTRACTOR).",CAIDA DE PASAJERO,NO IDENTIFICADO,0,0,0,0,0,0,0,0,0,1,0,0,0,1,19,MUJER,LESIONADO,CONDUCTOR PRESENTE,NO,SI,3
33944,145081,145082,2023,3,0,-0.205361,-78.430583,PICHINCHA,QUITO,CUMBAYA,RURAL,2023-04-19,16:20:00,16,MIERCOLES,3,ABRIL,4,NO,"NO RESPETAR LAS SENIALES REGLAMENTARIAS DE TRANSITO. (PARE, CEDA EL PASO, LUZ ROJA DEL SEMAFORO, ETC).",CHOQUE LATERAL,MOTOCICLETA,0,0,0,0,1,0,0,0,1,0,0,0,0,2,24,HOMBRE,LESIONADO,CONDUCTOR PRESENTE,SI,NO,3
33945,145086,145087,2023,1,0,-0.188336,-78.488787,PICHINCHA,QUITO,QUITO,URBANA,2023-04-19,18:30:00,18,MIERCOLES,3,ABRIL,4,NO,"CONDUCE BAJO LA INFLUENCIA DE ALCOHOL, SUSTANCIAS ESTUPEFACIENTES O PSICOTROPICAS Y/O MEDICAMENTOS.",CHOQUE LATERAL,MOTOCICLETA,1,0,0,0,0,0,0,0,1,0,0,0,0,2,42,HOMBRE,LESIONADO,CONDUCTOR PRESENTE,NO,NO,1
33946,145092,145093,2023,1,0,-0.205748,-78.484681,PICHINCHA,QUITO,QUITO,URBANA,2023-04-19,22:05:00,22,MIERCOLES,3,ABRIL,4,NO,"NO RESPETAR LAS SENIALES REGLAMENTARIAS DE TRANSITO. (PARE, CEDA EL PASO, LUZ ROJA DEL SEMAFORO, ETC).",CHOQUE LATERAL,MOTOCICLETA,1,0,0,0,0,0,0,0,1,0,0,0,0,2,28,HOMBRE,LESIONADO,CONDUCTOR PRESENTE,NO,NO,1
33947,145093,145094,2023,0,0,-0.350844,-78.487135,PICHINCHA,QUITO,AMAGUANIA,RURAL,2023-04-19,23:55:00,23,MIERCOLES,3,ABRIL,4,NO,CONDUCIR VEHICULO SUPERANDO LOS LIMITES MAXIMOS DE VELOCIDAD.,ESTRELLAMIENTOS,CAMIONETA,0,0,0,0,1,0,0,0,0,0,0,0,0,1,-1,NO IDENTIFICADO,NO IDENTIFICADO,CONDUCTOR AUSENTE,NO,NO,2
33948,145097,145098,2023,1,0,-0.336505,-78.549913,PICHINCHA,QUITO,QUITO,URBANA,2023-04-20,05:30:00,5,JUEVES,4,ABRIL,4,NO,CONDUCIR VEHICULO SUPERANDO LOS LIMITES MAXIMOS DE VELOCIDAD.,PERDIDA DE CARRIL,NO IDENTIFICADO,0,0,0,0,0,0,0,0,0,1,0,0,0,1,40,HOMBRE,LESIONADO,PASAJERO,NO,NO,1
33949,145098,145099,2023,0,1,-0.140035,-78.445391,PICHINCHA,QUITO,LLANO CHICO,RURAL,2023-04-20,05:46:00,5,JUEVES,4,ABRIL,4,NO,CONDUCIR VEHICULO SUPERANDO LOS LIMITES MAXIMOS DE VELOCIDAD.,PERDIDA DE CARRIL,AUTOMOVIL,1,0,0,0,0,0,0,0,0,0,0,0,0,1,24,HOMBRE,FALLECIDO,CONDUCTOR PRESENTE,NO,NO,3
33950,145107,145108,2023,1,0,-0.289319,-78.466121,PICHINCHA,QUITO,CONOCOTO,RURAL,2023-04-20,09:00:00,9,JUEVES,4,ABRIL,4,NO,"CONDUCIR DESATENTO A LAS CONDICIONES DE TRANSITO (CELULAR, PANTALLAS DE VIDEO, COMIDA, MAQUILLAJE O CUALQUIER OTRO ELEMENTO DISTRACTOR).",CHOQUE POSTERIOR,CAMION,0,0,0,1,0,0,0,0,0,0,0,0,0,1,43,HOMBRE,LESIONADO,CONDUCTOR PRESENTE,NO,SI,3
33951,145113,145114,2023,1,0,-0.279188,-78.524918,PICHINCHA,QUITO,QUITO,URBANA,2023-04-20,11:30:00,11,JUEVES,4,ABRIL,4,NO,NO CEDER EL DERECHO DE VIA O PREFERENCIA DE PASO AL PEATON.,ATROPELLOS,AUTOMOVIL,1,0,0,0,0,0,0,0,0,0,0,0,0,1,36,HOMBRE,LESIONADO,PEATON,NO,NO,1
33952,145115,145116,2023,1,0,-0.207326,-78.489012,PICHINCHA,QUITO,QUITO,URBANA,2023-04-20,12:00:00,12,JUEVES,4,ABRIL,4,NO,DEJAR O RECOGER PASAJEROS EN LUGARES NO PERMITIDOS.,CAIDA DE PASAJERO,BUS,0,0,1,0,0,0,0,0,0,0,0,0,0,1,82,MUJER,LESIONADO,PASAJERO,NO,NO,1
33953,145117,145118,2023,1,0,-0.234837,-78.519312,PICHINCHA,QUITO,QUITO,URBANA,2023-04-20,12:55:00,12,JUEVES,4,ABRIL,4,NO,REALIZAR CAMBIO BRUSCO O INDEBIDO DE CARRIL.,OTROS,MOTOCICLETA,0,0,0,0,0,0,0,0,1,1,0,0,0,2,19,HOMBRE,LESIONADO,CONDUCTOR PRESENTE,NO,NO,1
33954,145119,145120,2023,1,0,-0.284477,-78.549716,PICHINCHA,QUITO,QUITO,URBANA,2023-04-20,13:10:00,13,JUEVES,4,ABRIL,4,NO,NO CEDER EL DERECHO DE VIA O PREFERENCIA DE PASO AL PEATON.,ATROPELLOS,MOTOCICLETA,0,0,0,0,0,0,0,0,1,0,0,0,0,1,18,HOMBRE,LESIONADO,PEATON,NO,NO,1
33955,145120,145121,2023,1,0,-0.128739,-78.471603,PICHINCHA,QUITO,QUITO,URBANA,2023-04-20,13:20:00,13,JUEVES,4,ABRIL,4,NO,PEATON QUE CRUZA LA CALZADA SIN RESPETAR LA SENIALIZACION EXISTENTE (SEMAFOROS O SENIALES MANUALES).,ATROPELLOS,MOTOCICLETA,0,0,0,0,0,0,0,0,1,0,0,0,0,1,51,MUJER,LESIONADO,PEATON,NO,NO,1
33956,145129,145130,2023,2,0,-0.140786,-78.470093,PICHINCHA,QUITO,QUITO,URBANA,2023-04-20,16:45:00,16,JUEVES,4,ABRIL,4,NO,CONDUCIR VEHICULO SUPERANDO LOS LIMITES MAXIMOS DE VELOCIDAD.,OTROS,MOTOCICLETA,1,0,0,0,0,0,0,0,2,0,0,0,0,3,39,HOMBRE,LESIONADO,CONDUCTOR PRESENTE,NO,NO,1
33957,145130,145131,2023,0,0,-0.262168,-78.547941,PICHINCHA,QUITO,QUITO,URBANA,2023-04-20,17:00:00,17,JUEVES,4,ABRIL,4,NO,"NO RESPETAR LAS SENIALES REGLAMENTARIAS DE TRANSITO. (PARE, CEDA EL PASO, LUZ ROJA DEL SEMAFORO, ETC).",CHOQUE LATERAL,CAMION,1,0,0,1,0,0,0,0,0,0,0,0,0,2,36,HOMBRE,ILESO,CONDUCTOR PRESENTE,NO,NO,1
33958,145137,145138,2023,0,0,-0.155595,-78.473608,PICHINCHA,QUITO,QUITO,URBANA,2023-04-20,19:35:00,19,JUEVES,4,ABRIL,4,NO,"NO RESPETAR LAS SENIALES REGLAMENTARIAS DE TRANSITO. (PARE, CEDA EL PASO, LUZ ROJA DEL SEMAFORO, ETC).",OTROS,AUTOMOVIL,1,0,0,0,0,0,0,0,0,0,0,0,0,1,-1,NO IDENTIFICADO,NO IDENTIFICADO,CONDUCTOR AUSENTE,NO,NO,2
33959,145139,145140,2023,0,0,-0.212976,-78.492075,PICHINCHA,QUITO,QUITO,URBANA,2023-04-20,20:30:00,20,JUEVES,4,ABRIL,4,NO,"CONDUCE BAJO LA INFLUENCIA DE ALCOHOL, SUSTANCIAS ESTUPEFACIENTES O PSICOTROPICAS Y/O MEDICAMENTOS.",CHOQUE POSTERIOR,AUTOMOVIL,2,0,0,0,0,0,0,0,0,0,0,0,0,2,29,HOMBRE,ILESO,CONDUCTOR PRESENTE,NO,NO,1
33960,145141,145142,2023,0,1,0.199401,-78.336855,PICHINCHA,QUITO,ATAHUALPA (HABASPAMBA),RURAL,2023-04-20,21:15:00,21,JUEVES,4,ABRIL,4,NO,NO TRANSITAR POR LAS ACERAS O ZONAS DE SEGURIDAD DESTINADAS PARA EL EFECTO.,ATROPELLOS,NO IDENTIFICADO,0,0,0,0,0,0,0,0,0,1,0,0,0,1,75,HOMBRE,FALLECIDO,PEATON,NO,SI,3
33961,145145,145146,2023,0,0,-0.291175,-78.545969,PICHINCHA,QUITO,QUITO,URBANA,2023-04-20,23:42:00,23,JUEVES,4,ABRIL,4,NO,"NO RESPETAR LAS SENIALES REGLAMENTARIAS DE TRANSITO. (PARE, CEDA EL PASO, LUZ ROJA DEL SEMAFORO, ETC).",CHOQUE LATERAL,AUTOMOVIL,2,0,0,0,0,0,0,0,0,0,0,0,0,2,28,HOMBRE,ILESO,CONDUCTOR PRESENTE,NO,NO,1
33962,145148,145149,2023,2,0,-0.283385,-78.517742,PICHINCHA,QUITO,QUITO,URBANA,2023-04-21,02:00:00,2,VIERNES,5,ABRIL,4,NO,NO MANTENER LA DISTANCIA PRUDENCIAL CON RESPECTO AL VEHICULO QUE LE ANTECEDE.,CHOQUE POSTERIOR,CAMION,0,0,0,2,0,0,0,0,0,0,0,0,0,2,24,HOMBRE,LESIONADO,PASAJERO,NO,NO,1
33963,145152,145153,2023,0,0,-0.108577,-78.454196,PICHINCHA,QUITO,CALDERON (CARAPUNGO),RURAL,2023-04-21,05:00:00,5,VIERNES,5,ABRIL,4,NO,"CONDICIONES AMBIENTALES Y/O ATMOSFERICAS (NIEBLA, NEBLINA, GRANIZO, LLUVIA).",PERDIDA DE CARRIL,CAMION,0,0,0,1,0,0,0,0,0,0,0,0,0,1,-1,NO IDENTIFICADO,NO IDENTIFICADO,CONDUCTOR AUSENTE,NO,NO,2
33964,145153,145154,2023,1,0,-0.111492,-78.486631,PICHINCHA,QUITO,QUITO,URBANA,2023-04-21,07:20:00,7,VIERNES,5,ABRIL,4,NO,"NO RESPETAR LAS SENIALES REGLAMENTARIAS DE TRANSITO. (PARE, CEDA EL PASO, LUZ ROJA DEL SEMAFORO, ETC).",CHOQUE LATERAL,MOTOCICLETA,0,0,0,0,1,0,0,0,1,0,0,0,0,2,53,HOMBRE,LESIONADO,CONDUCTOR PRESENTE,NO,NO,1
33965,145162,145163,2023,0,0,-0.288952,-78.523906,PICHINCHA,QUITO,QUITO,URBANA,2023-04-21,11:57:00,11,VIERNES,5,ABRIL,4,NO,"CONDICIONES AMBIENTALES Y/O ATMOSFERICAS (NIEBLA, NEBLINA, GRANIZO, LLUVIA).",ESTRELLAMIENTOS,CAMION,0,0,0,1,0,0,0,0,0,0,0,0,0,1,27,HOMBRE,ILESO,CONDUCTOR PRESENTE,NO,NO,1
33966,145179,145180,2023,0,0,-0.307546,-78.443066,PICHINCHA,QUITO,ALANGASI,RURAL,2023-04-21,19:00:00,19,VIERNES,5,ABRIL,4,NO,CONDUCIR VEHICULO SUPERANDO LOS LIMITES MAXIMOS DE VELOCIDAD.,ESTRELLAMIENTOS,AUTOMOVIL,3,0,0,0,0,0,0,0,0,0,0,0,0,3,58,HOMBRE,ILESO,CONDUCTOR PRESENTE,NO,NO,3
33967,145182,145183,2023,2,0,-0.449411,-78.585734,PICHINCHA,MEJIA,ALOAG,RURAL,2023-04-21,20:00:00,20,VIERNES,5,ABRIL,4,NO,"CONDUCIR DESATENTO A LAS CONDICIONES DE TRANSITO (CELULAR, PANTALLAS DE VIDEO, COMIDA, MAQUILLAJE O CUALQUIER OTRO ELEMENTO DISTRACTOR).",PERDIDA DE PISTA,MOTOCICLETA,0,0,0,0,0,0,0,0,1,0,0,0,0,1,51,HOMBRE,LESIONADO,PASAJERO,NO,SI,3
33968,145183,145184,2023,0,1,-0.198274,-78.436809,PICHINCHA,QUITO,CUMBAYA,RURAL,2023-04-21,20:30:00,20,VIERNES,5,ABRIL,4,NO,NO TRANSITAR POR LAS ACERAS O ZONAS DE SEGURIDAD DESTINADAS PARA EL EFECTO.,ATROPELLOS,BUS,0,0,1,0,0,0,0,0,0,0,0,0,0,1,77,HOMBRE,FALLECIDO,PEATON,NO,NO,3
33969,145184,145185,2023,0,0,-0.269705,-78.487975,PICHINCHA,QUITO,CONOCOTO,RURAL,2023-04-21,20:45:00,20,VIERNES,5,ABRIL,4,NO,"CONDICIONES AMBIENTALES Y/O ATMOSFERICAS (NIEBLA, NEBLINA, GRANIZO, LLUVIA).",CHOQUE POSTERIOR,VEHICULO DEPORTIVO UTILITARIO,0,0,0,0,0,0,0,0,0,0,0,0,1,1,25,HOMBRE,ILESO,CONDUCTOR PRESENTE,NO,SI,3
33970,145189,145190,2023,0,0,-0.153981,-78.489237,PICHINCHA,QUITO,QUITO,URBANA,2023-04-21,22:40:00,22,VIERNES,5,ABRIL,4,NO,"CONDICIONES AMBIENTALES Y/O ATMOSFERICAS (NIEBLA, NEBLINA, GRANIZO, LLUVIA).",ESTRELLAMIENTOS,AUTOMOVIL,1,0,0,0,0,0,0,0,0,0,0,0,0,1,49,HOMBRE,ILESO,CONDUCTOR PRESENTE,NO,NO,1
33971,145190,145191,2023,0,0,-0.295537,-78.528801,PICHINCHA,QUITO,QUITO,URBANA,2023-04-21,23:10:00,23,VIERNES,5,ABRIL,4,NO,"NO RESPETAR LAS SENIALES REGLAMENTARIAS DE TRANSITO. (PARE, CEDA EL PASO, LUZ ROJA DEL SEMAFORO, ETC).",CHOQUE LATERAL,CAMIONETA,1,0,0,0,1,0,0,0,0,0,0,0,0,2,26,HOMBRE,ILESO,CONDUCTOR PRESENTE,NO,NO,1
33972,145191,145192,2023,0,0,-0.280251,-78.548522,PICHINCHA,QUITO,QUITO,URBANA,2023-04-22,00:10:00,0,SABADO,6,ABRIL,4,NO,"CONDICIONES AMBIENTALES Y/O ATMOSFERICAS (NIEBLA, NEBLINA, GRANIZO, LLUVIA).",ESTRELLAMIENTOS,AUTOMOVIL,1,0,0,0,0,0,0,0,0,0,0,0,0,1,-1,NO IDENTIFICADO,NO IDENTIFICADO,CONDUCTOR AUSENTE,NO,NO,2
33973,145193,145194,2023,0,0,-0.091233,-78.476386,PICHINCHA,QUITO,QUITO,URBANA,2023-04-22,00:25:00,0,SABADO,6,ABRIL,4,NO,CONDUCIR VEHICULO SUPERANDO LOS LIMITES MAXIMOS DE VELOCIDAD.,ESTRELLAMIENTOS,CAMIONETA,0,0,0,0,1,0,0,0,0,0,0,0,0,1,-1,NO IDENTIFICADO,NO IDENTIFICADO,CONDUCTOR AUSENTE,NO,NO,2
33974,145201,145202,2023,0,0,-0.221343,-78.421475,PICHINCHA,QUITO,TUMBACO,RURAL,2023-04-22,02:25:00,2,SABADO,6,ABRIL,4,NO,CONDUCIR VEHICULO SUPERANDO LOS LIMITES MAXIMOS DE VELOCIDAD.,OTROS,AUTOMOVIL,2,0,0,0,0,0,0,0,0,0,0,0,0,2,29,HOMBRE,ILESO,PASAJERO,NO,NO,3
33975,145203,145204,2023,0,0,-0.104548,-78.500387,PICHINCHA,QUITO,QUITO,URBANA,2023-04-22,03:20:00,3,SABADO,6,ABRIL,4,NO,CONDUCIR VEHICULO SUPERANDO LOS LIMITES MAXIMOS DE VELOCIDAD.,ESTRELLAMIENTOS,AUTOMOVIL,1,0,0,0,0,0,0,0,0,0,0,0,0,1,28,MUJER,ILESO,PASAJERO,NO,NO,1