,Unnamed: 0,ID,ANIO,LESIONADOS,FALLECIDOS,LATITUD_Y,LONGITUD_X,PROVINCIA,CANTON,PARROQUIA,ZONA,FECHA,HORA,PERIODO_2,DIA_1,DIA_2,MES_1,MES_2,FERIADO,CAUSA_PROBABLE,TIPO_DE_SINIESTRO,TIPO_DE_VEHICULO_1,AUTOMOVIL,BICICLETA,BUS,CAMION,CAMIONETA,EMERGENCIAS,ESPECIAL,FURGONETA,MOTOCICLETA,NO_IDENTIFICADO,SCOOTER_ELECTRICO,TRICIMOTO,VEHICULO_DEPORTIVO_UTILITARIO,SUMA_DE_VEHICULOS,EDAD_1,SEXO_1,CONDICION_1,PARTICIPANTE_1,CASCO_1,CINTURON_1,KMeans_Cluster
34033,145468,145469,2023,0,1,-0.086802,-78.336889,PICHINCHA,QUITO,EL QUINCHE,RURAL,2023-04-27,16:00:00,16,JUEVES,4,ABRIL,4,NO,CONDUCIR VEHICULO SUPERANDO LOS LIMITES MAXIMOS DE VELOCIDAD.,CHOQUE FRONTAL,MOTOCICLETA,0,0,0,0,0,0,0,0,1,1,0,0,0,2,21,HOMBRE,FALLECIDO,CONDUCTOR PRESENTE,NO,SI,3
34034,145473,145474,2023,0,0,-0.061368,-78.345747,PICHINCHA,QUITO,GUAYLLABAMBA,RURAL,2023-04-27,17:40:00,17,JUEVES,4,ABRIL,4,NO,CONDUCIR EN SENTIDO CONTRARIO A LA VIA NORMAL DE CIRCULACION.,CHOQUE FRONTAL,CAMIONETA,1,0,0,0,1,0,0,0,0,0,0,0,0,2,71,MUJER,ILESO,CONDUCTOR PRESENTE,NO,NO,3
34035,145474,145475,2023,1,1,-0.334016,-78.204656,PICHINCHA,QUITO,PIFO,RURAL,2023-04-27,18:00:00,18,JUEVES,4,ABRIL,4,NO,"MAL ESTACIONADO - EL CONDUCTOR QUE DETENGA O ESTACIONE VEHICULOS EN SITIOS O ZONAS QUE ENTRANIEN PELIGRO, TALES COMO ZONA DE SEGURIDAD, CURVAS, PUENTES, TUNELES, PENDIENTES.",CHOQUE FRONTAL,CAMION,1,0,0,1,0,0,0,0,0,0,0,0,0,2,22,HOMBRE,FALLECIDO,CONDUCTOR PRESENTE,NO,SI,3
34036,145475,145476,2023,2,0,-0.273517,-78.541668,PICHINCHA,QUITO,QUITO,URBANA,2023-04-27,18:21:00,18,JUEVES,4,ABRIL,4,NO,"CONDICIONES AMBIENTALES Y/O ATMOSFERICAS (NIEBLA, NEBLINA, GRANIZO, LLUVIA).",CHOQUE LATERAL,MOTOCICLETA,0,0,0,0,0,0,0,0,1,1,0,0,0,2,30,HOMBRE,LESIONADO,PASAJERO,NO,NO,1
34037,145480,145481,2023,0,2,-0.008361,-78.570998,PICHINCHA,QUITO,CALACALI,RURAL,2023-04-27,20:30:00,20,JUEVES,4,ABRIL,4,NO,"CONDICIONES AMBIENTALES Y/O ATMOSFERICAS (NIEBLA, NEBLINA, GRANIZO, LLUVIA).",PERDIDA DE CARRIL,CAMION,0,0,0,1,0,0,0,0,0,0,0,0,0,1,37,HOMBRE,FALLECIDO,PASAJERO,NO,SI,3
34038,145482,145483,2023,1,0,-0.197456,-78.495637,PICHINCHA,QUITO,QUITO,URBANA,2023-04-27,21:45:00,21,JUEVES,4,ABRIL,4,NO,BAJARSE O SUBIRSE DE VEHICULOS EN MOVIMIENTO SIN TOMAR LAS PRECAUCIONES DEBIDAS.,CAIDA DE PASAJERO,CAMION,0,0,0,1,0,0,0,0,0,0,0,0,0,1,49,HOMBRE,LESIONADO,PASAJERO,NO,NO,1
34039,145490,145491,2023,2,2,-0.302082,-78.531956,PICHINCHA,QUITO,QUITO,URBANA,2023-04-28,03:10:00,3,VIERNES,5,ABRIL,4,NO,CONDUCIR EN SENTIDO CONTRARIO A LA VIA NORMAL DE CIRCULACION.,CHOQUE FRONTAL,CAMIONETA,1,0,0,0,1,0,0,0,0,0,0,0,0,2,36,HOMBRE,FALLECIDO,CONDUCTOR PRESENTE,NO,NO,1
34040,145501,145502,2023,0,0,-0.206499,-78.494385,PICHINCHA,QUITO,QUITO,URBANA,2023-04-28,08:05:00,8,VIERNES,5,ABRIL,4,NO,"NO RESPETAR LAS SENIALES REGLAMENTARIAS DE TRANSITO. (PARE, CEDA EL PASO, LUZ ROJA DEL SEMAFORO, ETC).",CHOQUE LATERAL,AUTOMOVIL,2,0,0,0,0,0,0,0,0,0,0,0,0,2,43,HOMBRE,ILESO,CONDUCTOR PRESENTE,NO,NO,1
34041,145503,145504,2023,1,0,-0.307221,-78.564511,PICHINCHA,QUITO,QUITO,URBANA,2023-04-28,08:20:00,8,VIERNES,5,ABRIL,4,NO,CONDUCIR VEHICULO SUPERANDO LOS LIMITES MAXIMOS DE VELOCIDAD.,ATROPELLOS,AUTOMOVIL,2,0,0,0,0,0,0,0,0,0,0,0,0,2,20,MUJER,LESIONADO,PEATON,NO,NO,1
34042,145507,145508,2023,0,0,-0.232296,-78.503178,PICHINCHA,QUITO,QUITO,URBANA,2023-04-28,10:25:00,10,VIERNES,5,ABRIL,4,NO,NO MANTENER LA DISTANCIA PRUDENCIAL CON RESPECTO AL VEHICULO QUE LE ANTECEDE.,CHOQUE POSTERIOR,AUTOMOVIL,2,0,0,0,0,0,0,0,0,0,0,0,0,2,54,HOMBRE,ILESO,CONDUCTOR PRESENTE,NO,NO,1
34043,145508,145509,2023,0,0,-0.160961,-78.447165,PICHINCHA,QUITO,NAYON,RURAL,2023-04-28,12:20:00,12,VIERNES,5,ABRIL,4,SI,NO MANTENER LA DISTANCIA PRUDENCIAL CON RESPECTO AL VEHICULO QUE LE ANTECEDE.,COLISION,CAMIONETA,3,0,0,0,1,0,0,0,0,0,0,0,0,4,30,HOMBRE,ILESO,CONDUCTOR PRESENTE,NO,NO,3
34044,145511,145512,2023,0,0,-0.150677,-78.452154,PICHINCHA,QUITO,QUITO,URBANA,2023-04-28,13:38:00,13,VIERNES,5,ABRIL,4,SI,"CONDUCE BAJO LA INFLUENCIA DE ALCOHOL, SUSTANCIAS ESTUPEFACIENTES O PSICOTROPICAS Y/O MEDICAMENTOS.",CHOQUE POSTERIOR,CAMIONETA,1,0,0,0,1,0,0,0,0,0,0,0,0,2,48,HOMBRE,ILESO,CONDUCTOR PRESENTE,NO,NO,1
34045,145519,145520,2023,2,0,-0.249376,-78.520796,PICHINCHA,QUITO,QUITO,URBANA,2023-04-28,17:00:00,17,VIERNES,5,ABRIL,4,SI,CONDUCIR VEHICULO SUPERANDO LOS LIMITES MAXIMOS DE VELOCIDAD.,CHOQUE LATERAL,MOTOCICLETA,0,0,0,0,0,0,0,0,2,0,0,0,0,2,23,HOMBRE,LESIONADO,PASAJERO,NO,NO,1
34046,145528,145529,2023,0,0,-0.055854,-78.455128,PICHINCHA,QUITO,POMASQUI,URBANA,2023-04-28,20:00:00,20,VIERNES,5,ABRIL,4,SI,"CONDUCE BAJO LA INFLUENCIA DE ALCOHOL, SUSTANCIAS ESTUPEFACIENTES O PSICOTROPICAS Y/O MEDICAMENTOS.",ESTRELLAMIENTOS,AUTOMOVIL,1,0,0,0,0,0,0,0,0,0,0,0,0,1,29,MUJER,ILESO,CONDUCTOR PRESENTE,NO,SI,1
34047,145532,145533,2023,1,0,-0.218982,-78.387712,PICHINCHA,QUITO,TUMBACO,RURAL,2023-04-28,20:45:00,20,VIERNES,5,ABRIL,4,SI,NO CEDER EL DERECHO DE VIA O PREFERENCIA DE PASO A VEHICULOS.,CHOQUE POSTERIOR,MOTOCICLETA,0,0,0,0,1,0,0,0,1,0,0,0,0,2,31,HOMBRE,LESIONADO,PASAJERO,NO,NO,3
34048,145533,145534,2023,0,0,-0.228721,-78.511755,PICHINCHA,QUITO,QUITO,URBANA,2023-04-28,21:20:00,21,VIERNES,5,ABRIL,4,SI,"CONDUCE BAJO LA INFLUENCIA DE ALCOHOL, SUSTANCIAS ESTUPEFACIENTES O PSICOTROPICAS Y/O MEDICAMENTOS.",ESTRELLAMIENTOS,AUTOMOVIL,1,0,0,0,0,0,0,0,0,0,0,0,0,1,22,HOMBRE,ILESO,PEATON,NO,NO,1
34049,145541,145542,2023,0,0,-0.204551,-78.377899,PICHINCHA,QUITO,TUMBACO,RURAL,2023-04-28,23:00:00,23,VIERNES,5,ABRIL,4,SI,"CONDICIONES AMBIENTALES Y/O ATMOSFERICAS (NIEBLA, NEBLINA, GRANIZO, LLUVIA).",ESTRELLAMIENTOS,AUTOMOVIL,1,0,0,0,0,0,0,0,0,0,0,0,0,1,-1,NO IDENTIFICADO,NO IDENTIFICADO,CONDUCTOR AUSENTE,NO,NO,2
34050,145547,145548,2023,0,0,-0.215534,-78.455674,PICHINCHA,QUITO,CUMBAYA,RURAL,2023-04-29,00:01:00,0,SABADO,6,ABRIL,4,SI,"CONDICIONES AMBIENTALES Y/O ATMOSFERICAS (NIEBLA, NEBLINA, GRANIZO, LLUVIA).",ESTRELLAMIENTOS,AUTOMOVIL,1,0,0,0,0,0,0,0,0,0,0,0,0,1,30,MUJER,ILESO,CONDUCTOR PRESENTE,NO,NO,3
34051,145553,145554,2023,3,0,-0.169609,-78.449623,PICHINCHA,QUITO,QUITO,URBANA,2023-04-29,00:50:00,0,SABADO,6,ABRIL,4,SI,CONDUCIR VEHICULO SUPERANDO LOS LIMITES MAXIMOS DE VELOCIDAD.,ESTRELLAMIENTOS,AUTOMOVIL,1,0,0,0,0,0,0,0,0,0,0,0,0,1,30,HOMBRE,LESIONADO,PASAJERO,NO,NO,1
34052,145555,145556,2023,0,0,-0.202884,-78.487059,PICHINCHA,QUITO,QUITO,URBANA,2023-04-29,01:00:00,1,SABADO,6,ABRIL,4,SI,CONDUCIR VEHICULO SUPERANDO LOS LIMITES MAXIMOS DE VELOCIDAD.,ESTRELLAMIENTOS,AUTOMOVIL,1,0,0,0,0,0,0,0,0,0,0,0,0,1,-1,NO IDENTIFICADO,NO IDENTIFICADO,CONDUCTOR AUSENTE,NO,NO,2
34053,145556,145557,2023,1,0,-0.174099,-78.488132,PICHINCHA,QUITO,QUITO,URBANA,2023-04-29,01:10:00,1,SABADO,6,ABRIL,4,SI,CONDUCIR VEHICULO SUPERANDO LOS LIMITES MAXIMOS DE VELOCIDAD.,ESTRELLAMIENTOS,MOTOCICLETA,0,0,0,0,0,0,0,0,1,0,0,0,0,1,28,HOMBRE,LESIONADO,CONDUCTOR PRESENTE,NO,NO,1
34054,145557,145558,2023,1,0,-0.238489,-78.518933,PICHINCHA,QUITO,QUITO,URBANA,2023-04-29,01:15:00,1,SABADO,6,ABRIL,4,SI,"CONDICIONES AMBIENTALES Y/O ATMOSFERICAS (NIEBLA, NEBLINA, GRANIZO, LLUVIA).",PERDIDA DE CARRIL,MOTOCICLETA,0,0,0,0,0,0,0,0,1,0,0,0,0,1,23,HOMBRE,LESIONADO,PASAJERO,NO,NO,1
34055,145559,145560,2023,1,0,-0.280641,-78.464687,PICHINCHA,QUITO,CONOCOTO,RURAL,2023-04-29,03:00:00,3,SABADO,6,ABRIL,4,SI,"CONDICIONES AMBIENTALES Y/O ATMOSFERICAS (NIEBLA, NEBLINA, GRANIZO, LLUVIA).",OTROS,MOTOCICLETA,0,0,0,0,0,0,0,0,1,1,0,0,0,2,19,HOMBRE,LESIONADO,PASAJERO,NO,NO,3
34056,145563,145564,2023,0,0,-0.175659,-78.501633,PICHINCHA,QUITO,QUITO,URBANA,2023-04-29,04:40:00,4,SABADO,6,ABRIL,4,SI,CONDUCIR VEHICULO SUPERANDO LOS LIMITES MAXIMOS DE VELOCIDAD.,PERDIDA DE CARRIL,AUTOMOVIL,1,0,0,0,0,0,0,0,0,0,0,0,0,1,43,MUJER,ILESO,CONDUCTOR PRESENTE,NO,NO,1
34057,145564,145565,2023,1,0,-0.298249,-78.545534,PICHINCHA,QUITO,QUITO,URBANA,2023-04-29,04:50:00,4,SABADO,6,ABRIL,4,SI,NO CEDER EL DERECHO DE VIA O PREFERENCIA DE PASO AL PEATON.,ATROPELLOS,AUTOMOVIL,1,0,0,0,0,0,0,0,0,0,0,0,0,1,35,MUJER,LESIONADO,PEATON,NO,NO,1
34058,145565,145566,2023,0,0,-0.099925,-78.471712,PICHINCHA,QUITO,QUITO,URBANA,2023-04-29,06:00:00,6,SABADO,6,ABRIL,4,SI,"NO RESPETAR LAS SENIALES REGLAMENTARIAS DE TRANSITO. (PARE, CEDA EL PASO, LUZ ROJA DEL SEMAFORO, ETC).",CHOQUE LATERAL,AUTOMOVIL,2,0,0,0,0,0,0,0,0,0,0,0,0,2,56,HOMBRE,ILESO,CONDUCTOR PRESENTE,NO,NO,1
34059,145569,145570,2023,0,0,-0.334041,-78.437651,PICHINCHA,RUMINIAHUI,SANGOLQUI,RURAL,2023-04-29,07:40:00,7,SABADO,6,ABRIL,4,SI,"CONDUCE BAJO LA INFLUENCIA DE ALCOHOL, SUSTANCIAS ESTUPEFACIENTES O PSICOTROPICAS Y/O MEDICAMENTOS.",ROZAMIENTOS,AUTOMOVIL,3,0,0,0,0,0,0,0,0,0,0,0,0,3,48,HOMBRE,ILESO,CONDUCTOR PRESENTE,NO,SI,3
34060,145576,145577,2023,1,0,-0.209238,-78.505234,PICHINCHA,QUITO,QUITO,URBANA,2023-04-29,09:20:00,9,SABADO,6,ABRIL,4,SI,"NO RESPETAR LAS SENIALES REGLAMENTARIAS DE TRANSITO. (PARE, CEDA EL PASO, LUZ ROJA DEL SEMAFORO, ETC).",ATROPELLOS,AUTOMOVIL,1,0,0,0,0,0,0,0,0,0,0,0,0,1,62,MUJER,LESIONADO,PEATON,NO,NO,1
34061,145602,145603,2023,1,0,-0.455621,-78.562179,PICHINCHA,MEJIA,MACHACHI,RURAL,2023-04-29,18:00:00,18,SABADO,6,ABRIL,4,SI,"CONDUCIR DESATENTO A LAS CONDICIONES DE TRANSITO (CELULAR, PANTALLAS DE VIDEO, COMIDA, MAQUILLAJE O CUALQUIER OTRO ELEMENTO DISTRACTOR).",CHOQUE LATERAL,AUTOMOVIL,1,0,0,0,0,0,0,0,0,0,0,0,0,1,22,HOMBRE,LESIONADO,CONDUCTOR PRESENTE,NO,SI,3
34062,145615,145616,2023,1,0,-0.086694,-78.397207,PICHINCHA,QUITO,CALDERON (CARAPUNGO),RURAL,2023-04-29,20:00:00,20,SABADO,6,ABRIL,4,SI,"CONDUCIR DESATENTO A LAS CONDICIONES DE TRANSITO (CELULAR, PANTALLAS DE VIDEO, COMIDA, MAQUILLAJE O CUALQUIER OTRO ELEMENTO DISTRACTOR).",PERDIDA DE PISTA,CAMION,0,0,0,1,0,0,0,0,0,0,0,0,0,1,34,HOMBRE,LESIONADO,CONDUCTOR PRESENTE,NO,SI,3
34063,145619,145620,2023,0,0,-0.286622,-78.562927,PICHINCHA,QUITO,QUITO,URBANA,2023-04-29,20:35:00,20,SABADO,6,ABRIL,4,SI,REALIZAR CAMBIO BRUSCO O INDEBIDO DE CARRIL.,CHOQUE FRONTAL,MOTOCICLETA,0,0,0,0,1,0,0,0,1,0,0,0,0,2,4,HOMBRE,ILESO,PASAJERO,NO,NO,1
34064,145621,145622,2023,0,1,-0.163386,-78.472731,PICHINCHA,QUITO,QUITO,URBANA,2023-04-29,21:35:00,21,SABADO,6,ABRIL,4,SI,NO CEDER EL DERECHO DE VIA O PREFERENCIA DE PASO AL PEATON.,ARROLLAMIENTOS,BUS,0,0,1,0,0,0,0,0,0,0,0,0,0,1,55,HOMBRE,FALLECIDO,PEATON,NO,NO,1
34065,145625,145626,2023,0,0,-0.191601,-78.493416,PICHINCHA,QUITO,QUITO,URBANA,2023-04-29,22:00:00,22,SABADO,6,ABRIL,4,SI,"NO RESPETAR LAS SENIALES REGLAMENTARIAS DE TRANSITO. (PARE, CEDA EL PASO, LUZ ROJA DEL SEMAFORO, ETC).",CHOQUE LATERAL,AUTOMOVIL,2,0,0,0,0,0,0,0,0,0,0,0,0,2,28,HOMBRE,ILESO,PASAJERO,NO,NO,1
34066,145633,145634,2023,1,0,-0.183122,-78.490391,PICHINCHA,QUITO,QUITO,URBANA,2023-04-30,00:19:00,0,DOMINGO,7,ABRIL,4,SI,"NO RESPETAR LAS SENIALES REGLAMENTARIAS DE TRANSITO. (PARE, CEDA EL PASO, LUZ ROJA DEL SEMAFORO, ETC).",CHOQUE LATERAL,MOTOCICLETA,1,0,0,0,0,0,0,0,1,0,0,0,0,2,21,HOMBRE,LESIONADO,PASAJERO,NO,NO,1
34067,145641,145642,2023,0,0,-0.287643,-78.459175,PICHINCHA,QUITO,ALANGASI,RURAL,2023-04-30,02:40:00,2,DOMINGO,7,ABRIL,4,SI,CONDUCIR VEHICULO SUPERANDO LOS LIMITES MAXIMOS DE VELOCIDAD.,ESTRELLAMIENTOS,AUTOMOVIL,1,0,0,0,0,0,0,0,0,0,0,0,0,1,-1,NO IDENTIFICADO,NO IDENTIFICADO,CONDUCTOR AUSENTE,NO,NO,2
34068,145642,145643,2023,3,0,-0.247258,-78.534941,PICHINCHA,QUITO,QUITO,URBANA,2023-04-30,02:45:00,2,DOMINGO,7,ABRIL,4,SI,CONDUCIR VEHICULO SUPERANDO LOS LIMITES MAXIMOS DE VELOCIDAD.,CHOQUE LATERAL,AUTOMOVIL,1,0,0,0,0,0,0,0,0,1,0,0,0,2,34,HOMBRE,LESIONADO,PASAJERO,NO,NO,1
34069,145645,145646,2023,0,0,-0.144526,-78.483325,PICHINCHA,QUITO,QUITO,URBANA,2023-04-30,03:05:00,3,DOMINGO,7,ABRIL,4,SI,"NO RESPETAR LAS SENIALES REGLAMENTARIAS DE TRANSITO. (PARE, CEDA EL PASO, LUZ ROJA DEL SEMAFORO, ETC).",CHOQUE LATERAL,AUTOMOVIL,2,0,0,0,0,0,0,0,0,0,0,0,0,2,34,HOMBRE,ILESO,PASAJERO,NO,NO,1
34070,145653,145654,2023,0,1,-0.242427,-78.498043,PICHINCHA,QUITO,QUITO,URBANA,2023-04-30,05:40:00,5,DOMINGO,7,ABRIL,4,SI,NO CEDER EL DERECHO DE VIA O PREFERENCIA DE PASO AL PEATON.,ATROPELLOS,NO IDENTIFICADO,0,0,0,0,0,0,0,0,0,1,0,0,0,1,34,HOMBRE,FALLECIDO,PEATON,NO,NO,1
34071,145655,145656,2023,1,1,-0.292593,-78.527056,PICHINCHA,QUITO,QUITO,URBANA,2023-04-30,06:45:00,6,DOMINGO,7,ABRIL,4,SI,CONDUCIR VEHICULO SUPERANDO LOS LIMITES MAXIMOS DE VELOCIDAD.,ESTRELLAMIENTOS,AUTOMOVIL,1,0,0,0,0,0,0,0,0,0,0,0,0,1,32,MUJER,FALLECIDO,PASAJERO,NO,NO,1
34072,145657,145658,2023,1,0,-0.239498,-78.492928,PICHINCHA,QUITO,QUITO,URBANA,2023-04-30,07:40:00,7,DOMINGO,7,ABRIL,4,SI,REALIZAR CAMBIO BRUSCO O INDEBIDO DE CARRIL.,CHOQUE POSTERIOR,AUTOMOVIL,2,0,0,0,0,0,0,0,0,0,0,0,0,2,57,HOMBRE,LESIONADO,CONDUCTOR PRESENTE,NO,NO,1
34073,145658,145659,2023,0,0,-0.072459,-78.475318,PICHINCHA,QUITO,POMASQUI,URBANA,2023-04-30,07:45:00,7,DOMINGO,7,ABRIL,4,SI,"CONDUCIR DESATENTO A LAS CONDICIONES DE TRANSITO (CELULAR, PANTALLAS DE VIDEO, COMIDA, MAQUILLAJE O CUALQUIER OTRO ELEMENTO DISTRACTOR).",CHOQUE LATERAL,AUTOMOVIL,2,0,0,0,0,0,0,0,0,0,0,0,0,2,42,HOMBRE,ILESO,CONDUCTOR PRESENTE,NO,SI,1
34074,145660,145661,2023,1,0,-0.142464,-78.356185,PICHINCHA,QUITO,TABABELA,RURAL,2023-04-30,09:30:00,9,DOMINGO,7,ABRIL,4,SI,NO GUARDAR LA DISTANCIA LATERAL MINIMA DE SEGURIDAD ENTRE VEHICULOS.,ROZAMIENTOS,BICICLETA,1,1,0,0,0,0,0,0,0,0,0,0,0,2,41,HOMBRE,LESIONADO,CONDUCTOR PRESENTE,NO,NO,3
34075,145661,145662,2023,0,0,-0.131412,-78.468724,PICHINCHA,QUITO,QUITO,URBANA,2023-04-30,09:30:00,9,DOMINGO,7,ABRIL,4,SI,CONDUCIR VEHICULO SUPERANDO LOS LIMITES MAXIMOS DE VELOCIDAD.,ESTRELLAMIENTOS,CAMION,0,0,0,1,0,0,0,0,0,0,0,0,0,1,42,HOMBRE,ILESO,CONDUCTOR PRESENTE,NO,NO,1
34076,145696,145697,2023,3,0,-0.306348,-78.528135,PICHINCHA,QUITO,QUITO,URBANA,2023-04-30,21:15:00,21,DOMINGO,7,ABRIL,4,SI,"CONDUCE BAJO LA INFLUENCIA DE ALCOHOL, SUSTANCIAS ESTUPEFACIENTES O PSICOTROPICAS Y/O MEDICAMENTOS.",ATROPELLOS,CAMIONETA,0,0,0,0,1,0,0,0,0,0,0,0,0,1,34,MUJER,LESIONADO,PEATON,NO,NO,1
34077,145697,145698,2023,1,0,-0.284175,-78.580486,PICHINCHA,QUITO,QUITO,URBANA,2023-04-30,21:30:00,21,DOMINGO,7,ABRIL,4,SI,"NO RESPETAR LAS SENIALES REGLAMENTARIAS DE TRANSITO. (PARE, CEDA EL PASO, LUZ ROJA DEL SEMAFORO, ETC).",CHOQUE LATERAL,MOTOCICLETA,0,0,0,0,1,0,0,0,1,0,0,0,0,2,22,MUJER,LESIONADO,PASAJERO,NO,NO,1
34078,145699,145700,2023,2,0,-0.302301,-78.520394,PICHINCHA,QUITO,QUITO,URBANA,2023-04-30,22:00:00,22,DOMINGO,7,ABRIL,4,SI,NO MANTENER LA DISTANCIA PRUDENCIAL CON RESPECTO AL VEHICULO QUE LE ANTECEDE.,CHOQUE POSTERIOR,NO IDENTIFICADO,0,0,0,0,0,0,0,0,0,2,0,0,0,2,22,HOMBRE,LESIONADO,PASAJERO,NO,NO,1
34079,145705,145706,2023,1,0,-0.376064,-78.500865,PICHINCHA,QUITO,AMAGUANIA,RURAL,2023-05-01,02:30:00,2,LUNES,1,MAYO,5,SI,"CONDUCIR DESATENTO A LAS CONDICIONES DE TRANSITO (CELULAR, PANTALLAS DE VIDEO, COMIDA, MAQUILLAJE O CUALQUIER OTRO ELEMENTO DISTRACTOR).",ROZAMIENTOS,MOTOCICLETA,0,0,0,0,0,0,0,0,1,0,0,0,0,1,39,HOMBRE,LESIONADO,CONDUCTOR PRESENTE,NO,SI,3
34080,145706,145707,2023,0,0,-0.276905,-78.552438,PICHINCHA,QUITO,QUITO,URBANA,2023-05-01,03:55:00,3,LUNES,1,MAYO,5,SI,CONDUCIR VEHICULO SUPERANDO LOS LIMITES MAXIMOS DE VELOCIDAD.,PERDIDA DE CARRIL,AUTOMOVIL,1,0,0,0,0,0,0,0,0,0,0,0,0,1,38,HOMBRE,ILESO,CONDUCTOR PRESENTE,NO,NO,1
34081,145708,145709,2023,0,0,-0.328421,-78.555521,PICHINCHA,QUITO,QUITO,URBANA,2023-05-01,04:50:00,4,LUNES,1,MAYO,5,SI,CONDUCIR VEHICULO SUPERANDO LOS LIMITES MAXIMOS DE VELOCIDAD.,ESTRELLAMIENTOS,AUTOMOVIL,1,0,0,0,0,0,0,0,0,0,0,0,0,1,-1,NO IDENTIFICADO,NO IDENTIFICADO,CONDUCTOR AUSENTE,NO,NO,2
34082,145709,145710,2023,0,0,-0.449833,-78.748222,PICHINCHA,MEJIA,MANUEL CORNEJO ASTORGA,RURAL,2023-05-01,05:00:00,5,LUNES,1,MAYO,5,SI,"CONDUCIR DESATENTO A LAS CONDICIONES DE TRANSITO (CELULAR, PANTALLAS DE VIDEO, COMIDA, MAQUILLAJE O CUALQUIER OTRO ELEMENTO DISTRACTOR).",PERDIDA DE CARRIL,CAMION,0,0,0,1,0,0,0,0,0,0,0,0,0,1,35,HOMBRE,ILESO,CONDUCTOR PRESENTE,NO,NO,3
34083,145712,145713,2023,0,1,0.101424,-79.137765,PICHINCHA,PEDRO VICENTE MALDONADO,PEDRO VICENTE MALDONADO,URBANA,2023-05-01,07:45:00,7,LUNES,1,MAYO,5,SI,"CONDUCIR EN ESTADO DE SOMNOLENCIA O MALAS CONDICIONES FISICAS (SUENIO, CANSANCIO Y FATIGA).",PERDIDA DE CARRIL,CAMIONETA,0,0,0,0,1,0,0,0,0,0,0,0,0,1,47,HOMBRE,FALLECIDO,CONDUCTOR PRESENTE,NO,SI,1
34084,145713,145714,2023,0,0,-0.291448,-78.522129,PICHINCHA,QUITO,QUITO,URBANA,2023-05-01,08:00:00,8,LUNES,1,MAYO,5,SI,"CONDUCIR DESATENTO A LAS CONDICIONES DE TRANSITO (CELULAR, PANTALLAS DE VIDEO, COMIDA, MAQUILLAJE O CUALQUIER OTRO ELEMENTO DISTRACTOR).",ESTRELLAMIENTOS,CAMION,0,0,0,1,0,0,0,0,0,0,0,0,0,1,-1,NO IDENTIFICADO,NO IDENTIFICADO,CONDUCTOR AUSENTE,NO,NO,2
34085,145715,145716,2023,0,0,-0.181816,-78.475433,PICHINCHA,QUITO,QUITO,URBANA,2023-05-01,10:35:00,10,LUNES,1,MAYO,5,SI,"NO RESPETAR LAS SENIALES REGLAMENTARIAS DE TRANSITO. (PARE, CEDA EL PASO, LUZ ROJA DEL SEMAFORO, ETC).",CHOQUE LATERAL,AUTOMOVIL,2,0,0,0,0,0,0,0,0,0,0,0,0,2,41,MUJER,ILESO,CONDUCTOR PRESENTE,NO,NO,1
34086,145718,145719,2023,0,0,-0.026334,-78.447697,PICHINCHA,QUITO,POMASQUI,URBANA,2023-05-01,12:00:00,12,LUNES,1,MAYO,5,SI,"CONDUCE BAJO LA INFLUENCIA DE ALCOHOL, SUSTANCIAS ESTUPEFACIENTES O PSICOTROPICAS Y/O MEDICAMENTOS.",CHOQUE LATERAL,VEHICULO DEPORTIVO UTILITARIO,1,0,0,0,0,0,0,0,0,0,0,0,1,2,30,HOMBRE,ILESO,CONDUCTOR PRESENTE,NO,SI,1
34087,145724,145725,2023,0,0,-0.447501,-78.712501,PICHINCHA,MEJIA,MANUEL CORNEJO ASTORGA,RURAL,2023-05-01,13:50:00,13,LUNES,1,MAYO,5,SI,"CONDUCIR DESATENTO A LAS CONDICIONES DE TRANSITO (CELULAR, PANTALLAS DE VIDEO, COMIDA, MAQUILLAJE O CUALQUIER OTRO ELEMENTO DISTRACTOR).",VOLCAMIENTOS,CAMION,0,0,0,1,0,0,0,0,0,0,0,0,0,1,-1,HOMBRE,ILESO,CONDUCTOR PRESENTE,NO,NO,3
34088,145725,145726,2023,1,0,-0.153196,-78.466483,PICHINCHA,QUITO,QUITO,URBANA,2023-05-01,14:55:00,14,LUNES,1,MAYO,5,SI,CONDUCIR VEHICULO SUPERANDO LOS LIMITES MAXIMOS DE VELOCIDAD.,OTROS,MOTOCICLETA,1,0,0,0,0,0,0,0,1,0,0,0,0,2,35,HOMBRE,LESIONADO,CONDUCTOR PRESENTE,NO,NO,1
34089,145737,145738,2023,0,0,-0.117342,-78.507507,PICHINCHA,QUITO,QUITO,URBANA,2023-05-01,19:15:00,19,LUNES,1,MAYO,5,SI,"CONDUCIR DESATENTO A LAS CONDICIONES DE TRANSITO (CELULAR, PANTALLAS DE VIDEO, COMIDA, MAQUILLAJE O CUALQUIER OTRO ELEMENTO DISTRACTOR).",ESTRELLAMIENTOS,AUTOMOVIL,1,0,0,0,0,0,0,0,0,0,0,0,0,1,-1,NO IDENTIFICADO,NO IDENTIFICADO,CONDUCTOR AUSENTE,NO,NO,2
34090,145738,145739,2023,1,0,-0.215973,-78.379742,PICHINCHA,QUITO,TUMBACO,RURAL,2023-05-01,20:00:00,20,LUNES,1,MAYO,5,SI,"CONDUCE BAJO LA INFLUENCIA DE ALCOHOL, SUSTANCIAS ESTUPEFACIENTES O PSICOTROPICAS Y/O MEDICAMENTOS.",CHOQUE LATERAL,MOTOCICLETA,1,0,0,0,0,0,0,0,1,0,0,0,0,2,19,HOMBRE,LESIONADO,CONDUCTOR PRESENTE,NO,NO,3