,Unnamed: 0,ID,ANIO,LESIONADOS,FALLECIDOS,LATITUD_Y,LONGITUD_X,PROVINCIA,CANTON,PARROQUIA,ZONA,FECHA,HORA,PERIODO_2,DIA_1,DIA_2,MES_1,MES_2,FERIADO,CAUSA_PROBABLE,TIPO_DE_SINIESTRO,TIPO_DE_VEHICULO_1,AUTOMOVIL,BICICLETA,BUS,CAMION,CAMIONETA,EMERGENCIAS,ESPECIAL,FURGONETA,MOTOCICLETA,NO_IDENTIFICADO,SCOOTER_ELECTRICO,TRICIMOTO,VEHICULO_DEPORTIVO_UTILITARIO,SUMA_DE_VEHICULOS,EDAD_1,SEXO_1,CONDICION_1,PARTICIPANTE_1,CASCO_1,CINTURON_1,KMeans_Cluster
34091,145749,145750,2023,0,0,-0.295971,-78.461952,PICHINCHA,RUMINIAHUI,SANGOLQUI,URBANA,2023-05-02,02:00:00,2,MARTES,2,MAYO,5,NO,"CONDUCE BAJO LA INFLUENCIA DE ALCOHOL, SUSTANCIAS ESTUPEFACIENTES O PSICOTROPICAS Y/O MEDICAMENTOS.",CHOQUE LATERAL,AUTOMOVIL,2,0,0,0,0,0,0,0,0,0,0,0,0,2,41,HOMBRE,ILESO,CONDUCTOR PRESENTE,NO,SI,1
34092,145755,145756,2023,0,0,-0.197804,-78.487451,PICHINCHA,QUITO,QUITO,URBANA,2023-05-02,06:00:00,6,MARTES,2,MAYO,5,NO,"NO RESPETAR LAS SENIALES REGLAMENTARIAS DE TRANSITO. (PARE, CEDA EL PASO, LUZ ROJA DEL SEMAFORO, ETC).",CHOQUE LATERAL,CAMIONETA,1,0,0,0,1,0,0,0,0,0,0,0,0,2,27,HOMBRE,ILESO,CONDUCTOR PRESENTE,NO,NO,1
34093,145756,145757,2023,1,0,-0.197843,-78.493638,PICHINCHA,QUITO,QUITO,URBANA,2023-05-02,08:00:00,8,MARTES,2,MAYO,5,NO,NO GUARDAR LA DISTANCIA LATERAL MINIMA DE SEGURIDAD ENTRE VEHICULOS.,ROZAMIENTOS,MOTOCICLETA,1,0,0,0,0,0,0,0,1,0,0,0,0,2,23,MUJER,LESIONADO,PASAJERO,NO,NO,1
34094,145766,145767,2023,1,0,-0.218637,-78.510378,PICHINCHA,QUITO,QUITO,URBANA,2023-05-02,11:59:00,11,MARTES,2,MAYO,5,NO,NO CEDER EL DERECHO DE VIA O PREFERENCIA DE PASO AL PEATON.,ATROPELLOS,BICICLETA,0,1,0,0,0,0,0,0,0,0,0,0,0,1,70,MUJER,LESIONADO,PEATON,NO,NO,1
34095,145769,145770,2023,1,0,-0.292459,-78.550984,PICHINCHA,QUITO,QUITO,URBANA,2023-05-02,12:45:00,12,MARTES,2,MAYO,5,NO,NO CEDER EL DERECHO DE VIA O PREFERENCIA DE PASO AL PEATON.,ATROPELLOS,AUTOMOVIL,1,0,0,0,0,0,0,0,0,0,0,0,0,1,13,HOMBRE,LESIONADO,PEATON,NO,NO,1
34096,145775,145776,2023,1,0,-0.301799,-78.533995,PICHINCHA,QUITO,QUITO,URBANA,2023-05-02,14:00:00,14,MARTES,2,MAYO,5,NO,CONDUCIR VEHICULO SUPERANDO LOS LIMITES MAXIMOS DE VELOCIDAD.,PERDIDA DE CARRIL,NO IDENTIFICADO,0,0,0,0,0,0,0,0,0,1,0,0,0,1,21,MUJER,LESIONADO,PASAJERO,NO,NO,1
34097,145780,145781,2023,0,0,-0.257554,-78.541997,PICHINCHA,QUITO,QUITO,URBANA,2023-05-02,16:10:00,16,MARTES,2,MAYO,5,NO,"CONDUCIR DESATENTO A LAS CONDICIONES DE TRANSITO (CELULAR, PANTALLAS DE VIDEO, COMIDA, MAQUILLAJE O CUALQUIER OTRO ELEMENTO DISTRACTOR).",ESTRELLAMIENTOS,BUS,1,0,1,1,0,0,0,0,0,0,0,0,0,3,-1,NO IDENTIFICADO,NO IDENTIFICADO,CONDUCTOR AUSENTE,NO,NO,2
34098,145784,145785,2023,0,0,-0.237543,-78.483653,PICHINCHA,QUITO,QUITO,URBANA,2023-05-02,18:30:00,18,MARTES,2,MAYO,5,NO,REALIZAR CAMBIO BRUSCO O INDEBIDO DE CARRIL.,ESTRELLAMIENTOS,CAMION,0,0,0,1,0,0,0,0,0,0,0,0,0,1,26,HOMBRE,ILESO,CONDUCTOR PRESENTE,NO,NO,1
34099,145791,145792,2023,0,1,-0.261644,-78.547373,PICHINCHA,QUITO,QUITO,URBANA,2023-05-02,22:15:00,22,MARTES,2,MAYO,5,NO,CONDUCIR VEHICULO SUPERANDO LOS LIMITES MAXIMOS DE VELOCIDAD.,CHOQUE LATERAL,BUS,0,0,1,0,0,0,0,0,1,0,0,0,0,2,15,HOMBRE,FALLECIDO,PASAJERO,NO,NO,1
34100,145794,145795,2023,1,0,0.028651,-78.150371,PICHINCHA,CAYAMBE,CAYAMBE,URBANA,2023-05-03,06:30:00,6,MIERCOLES,3,MAYO,5,NO,"CONDUCIR DESATENTO A LAS CONDICIONES DE TRANSITO (CELULAR, PANTALLAS DE VIDEO, COMIDA, MAQUILLAJE O CUALQUIER OTRO ELEMENTO DISTRACTOR).",ARROLLAMIENTOS,NO IDENTIFICADO,0,0,0,0,0,0,0,0,0,1,0,0,0,1,20,HOMBRE,LESIONADO,PEATON,NO,SI,1
34101,145796,145797,2023,0,0,-0.279783,-78.554354,PICHINCHA,QUITO,QUITO,URBANA,2023-05-03,06:45:00,6,MIERCOLES,3,MAYO,5,NO,"NO RESPETAR LAS SENIALES REGLAMENTARIAS DE TRANSITO. (PARE, CEDA EL PASO, LUZ ROJA DEL SEMAFORO, ETC).",CHOQUE LATERAL,AUTOMOVIL,2,0,0,0,0,0,0,0,0,0,0,0,0,2,55,HOMBRE,ILESO,CONDUCTOR PRESENTE,NO,NO,1
34102,145797,145798,2023,0,0,-0.189504,-78.448432,PICHINCHA,QUITO,NAYON,RURAL,2023-05-03,07:03:00,7,MIERCOLES,3,MAYO,5,NO,NO MANTENER LA DISTANCIA PRUDENCIAL CON RESPECTO AL VEHICULO QUE LE ANTECEDE.,CHOQUE POSTERIOR,AUTOMOVIL,2,0,0,0,0,0,0,0,0,0,0,0,0,2,35,HOMBRE,ILESO,CONDUCTOR PRESENTE,NO,NO,3
34103,145798,145799,2023,1,0,-0.180955,-78.490497,PICHINCHA,QUITO,QUITO,URBANA,2023-05-03,07:20:00,7,MIERCOLES,3,MAYO,5,NO,"NO RESPETAR LAS SENIALES REGLAMENTARIAS DE TRANSITO. (PARE, CEDA EL PASO, LUZ ROJA DEL SEMAFORO, ETC).",CHOQUE LATERAL,MOTOCICLETA,0,0,0,0,0,0,0,0,1,1,0,0,0,2,30,HOMBRE,LESIONADO,CONDUCTOR PRESENTE,NO,NO,1
34104,145801,145802,2023,1,0,-0.221062,-78.520626,PICHINCHA,QUITO,QUITO,URBANA,2023-05-03,08:24:00,8,MIERCOLES,3,MAYO,5,NO,NO CEDER EL DERECHO DE VIA O PREFERENCIA DE PASO AL PEATON.,ATROPELLOS,CAMION,0,0,0,1,0,0,0,0,0,0,0,0,0,1,46,HOMBRE,LESIONADO,PEATON,NO,NO,1
34105,145803,145804,2023,0,0,-0.321374,-78.370679,PICHINCHA,QUITO,PINTAG,RURAL,2023-05-03,08:50:00,8,MIERCOLES,3,MAYO,5,NO,"CONDUCIR DESATENTO A LAS CONDICIONES DE TRANSITO (CELULAR, PANTALLAS DE VIDEO, COMIDA, MAQUILLAJE O CUALQUIER OTRO ELEMENTO DISTRACTOR).",PERDIDA DE CARRIL,CAMION,0,0,0,1,0,0,0,0,0,0,0,0,0,1,-1,HOMBRE,NO IDENTIFICADO,CONDUCTOR AUSENTE,NO,SI,3
34106,145808,145809,2023,1,0,-0.267437,-78.470723,PICHINCHA,QUITO,CONOCOTO,RURAL,2023-05-03,12:10:00,12,MIERCOLES,3,MAYO,5,NO,NO CEDER EL DERECHO DE VIA O PREFERENCIA DE PASO AL PEATON.,ATROPELLOS,AUTOMOVIL,1,0,0,0,0,0,0,0,0,0,0,0,0,1,57,HOMBRE,LESIONADO,PEATON,NO,NO,3
34107,145811,145812,2023,0,0,-0.190564,-78.480927,PICHINCHA,QUITO,QUITO,URBANA,2023-05-03,12:57:00,12,MIERCOLES,3,MAYO,5,NO,CONDUCIR VEHICULO SUPERANDO LOS LIMITES MAXIMOS DE VELOCIDAD.,ESTRELLAMIENTOS,AUTOMOVIL,1,0,0,0,0,0,0,0,0,0,0,0,0,1,27,HOMBRE,ILESO,CONDUCTOR PRESENTE,NO,NO,1
34108,145812,145813,2023,0,0,-0.086469,-78.485462,PICHINCHA,QUITO,QUITO,URBANA,2023-05-03,13:00:00,13,MIERCOLES,3,MAYO,5,NO,CONDUCIR VEHICULO SUPERANDO LOS LIMITES MAXIMOS DE VELOCIDAD.,ESTRELLAMIENTOS,VEHICULO DEPORTIVO UTILITARIO,0,0,0,0,0,0,0,0,0,0,0,0,1,1,19,HOMBRE,ILESO,CONDUCTOR PRESENTE,NO,SI,1
34109,145813,145814,2023,0,0,-0.256163,-78.540812,PICHINCHA,QUITO,QUITO,URBANA,2023-05-03,13:20:00,13,MIERCOLES,3,MAYO,5,NO,CONDUCIR VEHICULO SUPERANDO LOS LIMITES MAXIMOS DE VELOCIDAD.,OTROS,CAMION,1,0,0,1,0,0,0,0,0,0,0,0,0,2,22,HOMBRE,ILESO,CONDUCTOR PRESENTE,NO,NO,1
34110,145817,145818,2023,2,0,-0.106415,-78.494107,PICHINCHA,QUITO,QUITO,URBANA,2023-05-03,15:50:00,15,MIERCOLES,3,MAYO,5,NO,NO CEDER EL DERECHO DE VIA O PREFERENCIA DE PASO AL PEATON.,ARROLLAMIENTOS,CAMIONETA,0,0,0,0,1,0,0,0,0,0,0,0,0,1,44,HOMBRE,LESIONADO,PEATON,NO,NO,1
34111,145819,145820,2023,1,0,-0.267681,-78.490152,PICHINCHA,QUITO,CONOCOTO,RURAL,2023-05-03,17:00:00,17,MIERCOLES,3,MAYO,5,NO,CONDUCIR VEHICULO SUPERANDO LOS LIMITES MAXIMOS DE VELOCIDAD.,CHOQUE LATERAL,NO IDENTIFICADO,0,0,0,0,0,0,0,0,0,2,0,0,0,2,23,HOMBRE,LESIONADO,PASAJERO,NO,NO,3
34112,145825,145826,2023,1,0,-0.306235,-78.559357,PICHINCHA,QUITO,QUITO,URBANA,2023-05-03,18:50:00,18,MIERCOLES,3,MAYO,5,NO,NO CEDER EL DERECHO DE VIA O PREFERENCIA DE PASO AL PEATON.,ATROPELLOS,NO IDENTIFICADO,0,0,0,0,0,0,0,0,0,1,0,0,0,1,23,HOMBRE,LESIONADO,PEATON,NO,NO,1
34113,145827,145828,2023,1,0,-0.154071,-78.497375,PICHINCHA,QUITO,QUITO,URBANA,2023-05-03,19:20:00,19,MIERCOLES,3,MAYO,5,NO,DEJAR O RECOGER PASAJEROS EN LUGARES NO PERMITIDOS.,CAIDA DE PASAJERO,BUS,0,0,1,0,0,0,0,0,0,0,0,0,0,1,12,HOMBRE,LESIONADO,PASAJERO,NO,NO,1
34114,145832,145833,2023,1,0,-0.141011,-78.500856,PICHINCHA,QUITO,QUITO,URBANA,2023-05-03,22:00:00,22,MIERCOLES,3,MAYO,5,NO,NO MANTENER LA DISTANCIA PRUDENCIAL CON RESPECTO AL VEHICULO QUE LE ANTECEDE.,COLISION,AUTOMOVIL,3,0,0,0,0,0,0,0,0,0,0,0,0,3,37,MUJER,LESIONADO,PASAJERO,NO,NO,1
34115,145838,145839,2023,1,2,-0.290581,-78.536763,PICHINCHA,QUITO,QUITO,URBANA,2023-05-04,01:20:00,1,JUEVES,4,MAYO,5,NO,NO MANTENER LA DISTANCIA PRUDENCIAL CON RESPECTO AL VEHICULO QUE LE ANTECEDE.,CHOQUE POSTERIOR,CAMION,0,0,0,2,0,0,0,0,0,0,0,0,0,2,2,MUJER,FALLECIDO,PASAJERO,NO,NO,1
34116,145840,145841,2023,0,0,-0.290235,-78.538651,PICHINCHA,QUITO,QUITO,URBANA,2023-05-04,01:40:00,1,JUEVES,4,MAYO,5,NO,CONDUCIR VEHICULO SUPERANDO LOS LIMITES MAXIMOS DE VELOCIDAD.,ESTRELLAMIENTOS,AUTOMOVIL,1,0,0,0,0,0,0,0,0,0,0,0,0,1,-1,NO IDENTIFICADO,NO IDENTIFICADO,CONDUCTOR AUSENTE,NO,NO,2
34117,145842,145843,2023,1,0,-0.163106,-78.463097,PICHINCHA,QUITO,QUITO,URBANA,2023-05-04,06:00:00,6,JUEVES,4,MAYO,5,NO,"NO RESPETAR LAS SENIALES REGLAMENTARIAS DE TRANSITO. (PARE, CEDA EL PASO, LUZ ROJA DEL SEMAFORO, ETC).",CHOQUE LATERAL,AUTOMOVIL,2,0,0,0,0,0,0,0,0,0,0,0,0,2,54,MUJER,LESIONADO,CONDUCTOR PRESENTE,NO,NO,1
34118,145847,145848,2023,0,0,-0.263248,-78.484583,PICHINCHA,QUITO,CONOCOTO,RURAL,2023-05-04,07:35:00,7,JUEVES,4,MAYO,5,NO,"NO RESPETAR LAS SENIALES REGLAMENTARIAS DE TRANSITO. (PARE, CEDA EL PASO, LUZ ROJA DEL SEMAFORO, ETC).",CHOQUE LATERAL,CAMION,1,0,0,1,0,0,0,0,0,0,0,0,0,2,30,HOMBRE,ILESO,CONDUCTOR PRESENTE,NO,NO,3
34119,145850,145851,2023,0,0,-0.285711,-78.499341,PICHINCHA,QUITO,CONOCOTO,RURAL,2023-05-04,08:10:00,8,JUEVES,4,MAYO,5,NO,NO MANTENER LA DISTANCIA PRUDENCIAL CON RESPECTO AL VEHICULO QUE LE ANTECEDE.,COLISION,AUTOMOVIL,4,0,0,0,0,0,0,0,0,2,0,0,0,6,35,HOMBRE,ILESO,CONDUCTOR PRESENTE,NO,NO,3
34120,145854,145855,2023,1,0,-0.211181,-78.414041,PICHINCHA,QUITO,TUMBACO,RURAL,2023-05-04,09:00:00,9,JUEVES,4,MAYO,5,NO,"NO RESPETAR LAS SENIALES REGLAMENTARIAS DE TRANSITO. (PARE, CEDA EL PASO, LUZ ROJA DEL SEMAFORO, ETC).",CHOQUE LATERAL,MOTOCICLETA,1,0,0,0,0,0,0,0,1,0,0,0,0,2,59,HOMBRE,LESIONADO,CONDUCTOR PRESENTE,NO,NO,3
34121,145855,145856,2023,1,0,-0.161662,-78.487555,PICHINCHA,QUITO,QUITO,URBANA,2023-05-04,09:21:00,9,JUEVES,4,MAYO,5,NO,CONDUCIR VEHICULO SUPERANDO LOS LIMITES MAXIMOS DE VELOCIDAD.,CHOQUE LATERAL,BUS,0,0,1,0,0,0,0,0,1,0,0,0,0,2,31,HOMBRE,LESIONADO,CONDUCTOR PRESENTE,NO,NO,1
34122,145866,145867,2023,1,0,-0.155852,-78.438712,PICHINCHA,QUITO,NAYON,RURAL,2023-05-04,13:00:00,13,JUEVES,4,MAYO,5,NO,NO CEDER EL DERECHO DE VIA O PREFERENCIA DE PASO AL PEATON.,ATROPELLOS,AUTOMOVIL,1,0,0,0,0,0,0,0,0,0,0,0,0,1,6,MUJER,LESIONADO,PEATON,NO,NO,3
34123,145868,145869,2023,2,0,-0.198537,-78.463287,PICHINCHA,QUITO,QUITO,URBANA,2023-05-04,15:15:00,15,JUEVES,4,MAYO,5,NO,CONDUCIR VEHICULO SUPERANDO LOS LIMITES MAXIMOS DE VELOCIDAD.,ROZAMIENTOS,AUTOMOVIL,1,0,0,0,0,0,0,0,0,1,0,0,0,2,15,MUJER,LESIONADO,PASAJERO,NO,NO,1
34124,145879,145880,2023,1,0,-0.251601,-78.520651,PICHINCHA,QUITO,QUITO,URBANA,2023-05-04,19:15:00,19,JUEVES,4,MAYO,5,NO,NO CEDER EL DERECHO DE VIA O PREFERENCIA DE PASO AL PEATON.,ATROPELLOS,NO IDENTIFICADO,0,0,0,0,0,0,0,0,0,1,0,0,0,1,41,HOMBRE,LESIONADO,PEATON,NO,NO,1
34125,145883,145884,2023,0,0,-0.235599,-78.509407,PICHINCHA,QUITO,QUITO,URBANA,2023-05-04,20:10:00,20,JUEVES,4,MAYO,5,NO,CONDUCIR VEHICULO SUPERANDO LOS LIMITES MAXIMOS DE VELOCIDAD.,ESTRELLAMIENTOS,NO IDENTIFICADO,0,0,0,0,0,0,0,0,0,1,0,0,0,1,-1,NO IDENTIFICADO,NO IDENTIFICADO,CONDUCTOR AUSENTE,NO,NO,2
34126,145887,145888,2023,0,2,-0.404922,-78.546234,PICHINCHA,MEJIA,TAMBILLO (MEJIA),RURAL,2023-05-04,22:30:00,22,JUEVES,4,MAYO,5,NO,"CONDUCIR DESATENTO A LAS CONDICIONES DE TRANSITO (CELULAR, PANTALLAS DE VIDEO, COMIDA, MAQUILLAJE O CUALQUIER OTRO ELEMENTO DISTRACTOR).",CHOQUE POSTERIOR,MOTOCICLETA,0,0,0,0,0,0,0,0,1,0,0,0,1,2,27,HOMBRE,FALLECIDO,CONDUCTOR PRESENTE,NO,SI,3
34127,145891,145892,2023,0,1,-0.114756,-78.495054,PICHINCHA,QUITO,QUITO,URBANA,2023-05-05,00:20:00,0,VIERNES,5,MAYO,5,NO,NO CEDER EL DERECHO DE VIA O PREFERENCIA DE PASO AL PEATON.,OTROS,NO IDENTIFICADO,0,0,0,0,0,0,0,0,0,1,0,0,0,1,76,HOMBRE,FALLECIDO,PEATON,NO,NO,1
34128,145895,145896,2023,0,0,-0.313333,-78.948333,PICHINCHA,MEJIA,MANUEL CORNEJO ASTORGA,RURAL,2023-05-05,02:30:00,2,VIERNES,5,MAYO,5,NO,"CONDUCIR DESATENTO A LAS CONDICIONES DE TRANSITO (CELULAR, PANTALLAS DE VIDEO, COMIDA, MAQUILLAJE O CUALQUIER OTRO ELEMENTO DISTRACTOR).",ESTRELLAMIENTOS,CAMION,0,0,0,1,0,0,0,0,0,1,0,0,0,2,-1,HOMBRE,NO IDENTIFICADO,CONDUCTOR AUSENTE,NO,NO,3
34129,145899,145900,2023,0,0,-0.192671,-78.482624,PICHINCHA,QUITO,QUITO,URBANA,2023-05-05,03:40:00,3,VIERNES,5,MAYO,5,NO,CONDUCIR VEHICULO SUPERANDO LOS LIMITES MAXIMOS DE VELOCIDAD.,ESTRELLAMIENTOS,CAMIONETA,0,0,0,0,1,0,0,0,0,0,0,0,0,1,-1,NO IDENTIFICADO,NO IDENTIFICADO,CONDUCTOR AUSENTE,NO,NO,2
34130,145911,145912,2023,1,0,-0.132521,-78.459664,PICHINCHA,QUITO,QUITO,URBANA,2023-05-05,11:00:00,11,VIERNES,5,MAYO,5,NO,"FALLA MECANICA EN LOS SISTEMAS Y/O NEUMATICOS (SISTEMA DE FRENOS, DIRECCION, ELECTRONICO O MECANICO).",OTROS,CAMIONETA,0,0,0,0,1,0,0,0,0,0,0,0,0,1,70,HOMBRE,LESIONADO,CONDUCTOR PRESENTE,NO,NO,1
34131,145912,145913,2023,2,0,-0.301081,-78.521286,PICHINCHA,QUITO,QUITO,URBANA,2023-05-05,12:30:00,12,VIERNES,5,MAYO,5,NO,CONDUCIR VEHICULO SUPERANDO LOS LIMITES MAXIMOS DE VELOCIDAD.,OTROS,NO IDENTIFICADO,0,0,0,0,0,0,0,0,0,2,0,0,0,2,28,MUJER,LESIONADO,PASAJERO,NO,NO,1
34132,145916,145917,2023,1,0,-0.258578,-78.544634,PICHINCHA,QUITO,QUITO,URBANA,2023-05-05,13:55:00,13,VIERNES,5,MAYO,5,NO,CONDUCIR VEHICULO SUPERANDO LOS LIMITES MAXIMOS DE VELOCIDAD.,CHOQUE LATERAL,BUS,0,0,1,0,1,0,0,0,0,0,0,0,0,2,17,MUJER,LESIONADO,PASAJERO,NO,NO,1
34133,145920,145921,2023,0,0,-0.260074,-78.539305,PICHINCHA,QUITO,QUITO,URBANA,2023-05-05,16:50:00,16,VIERNES,5,MAYO,5,NO,"NO RESPETAR LAS SENIALES REGLAMENTARIAS DE TRANSITO. (PARE, CEDA EL PASO, LUZ ROJA DEL SEMAFORO, ETC).",CHOQUE LATERAL,AUTOMOVIL,2,0,0,0,0,0,0,0,0,0,0,0,0,2,37,MUJER,ILESO,CONDUCTOR PRESENTE,NO,NO,1
34134,145922,145923,2023,1,0,-0.304512,-78.566901,PICHINCHA,QUITO,QUITO,URBANA,2023-05-05,17:30:00,17,VIERNES,5,MAYO,5,NO,NO CEDER EL DERECHO DE VIA O PREFERENCIA DE PASO AL PEATON.,ATROPELLOS,NO IDENTIFICADO,0,0,0,0,0,0,0,0,0,1,0,0,0,1,15,HOMBRE,LESIONADO,PEATON,NO,NO,1
34135,145924,145925,2023,1,0,-0.227918,-78.512806,PICHINCHA,QUITO,QUITO,URBANA,2023-05-05,17:50:00,17,VIERNES,5,MAYO,5,NO,"CONDUCE BAJO LA INFLUENCIA DE ALCOHOL, SUSTANCIAS ESTUPEFACIENTES O PSICOTROPICAS Y/O MEDICAMENTOS.",CHOQUE FRONTAL,BUS,0,0,1,0,0,0,0,0,1,0,0,0,0,2,24,HOMBRE,LESIONADO,CONDUCTOR PRESENTE,NO,NO,1
34136,145928,145929,2023,0,0,-0.160311,-78.476779,PICHINCHA,QUITO,QUITO,URBANA,2023-05-05,18:55:00,18,VIERNES,5,MAYO,5,NO,CONDUCIR VEHICULO SUPERANDO LOS LIMITES MAXIMOS DE VELOCIDAD.,CHOQUE LATERAL,AUTOMOVIL,2,0,0,0,0,0,0,0,0,0,0,0,0,2,27,HOMBRE,ILESO,CONDUCTOR PRESENTE,NO,NO,1
34137,145936,145937,2023,0,0,-0.231539,-78.491292,PICHINCHA,QUITO,QUITO,URBANA,2023-05-05,20:20:00,20,VIERNES,5,MAYO,5,NO,CONDUCIR VEHICULO SUPERANDO LOS LIMITES MAXIMOS DE VELOCIDAD.,ESTRELLAMIENTOS,CAMION,0,0,0,1,0,0,0,0,0,0,0,0,0,1,53,HOMBRE,ILESO,PASAJERO,NO,NO,1
34138,145950,145951,2023,0,0,-0.265861,-78.535371,PICHINCHA,QUITO,QUITO,URBANA,2023-05-05,22:55:00,22,VIERNES,5,MAYO,5,NO,"CONDUCE BAJO LA INFLUENCIA DE ALCOHOL, SUSTANCIAS ESTUPEFACIENTES O PSICOTROPICAS Y/O MEDICAMENTOS.",CHOQUE LATERAL,AUTOMOVIL,2,0,0,0,0,0,0,0,0,0,0,0,0,2,35,HOMBRE,ILESO,CONDUCTOR PRESENTE,NO,NO,1
34139,145956,145957,2023,1,0,-0.171461,-78.485619,PICHINCHA,QUITO,QUITO,URBANA,2023-05-06,01:00:00,1,SABADO,6,MAYO,5,NO,"NO RESPETAR LAS SENIALES REGLAMENTARIAS DE TRANSITO. (PARE, CEDA EL PASO, LUZ ROJA DEL SEMAFORO, ETC).",CHOQUE LATERAL,AUTOMOVIL,2,0,0,0,0,0,0,0,0,0,0,0,0,2,33,HOMBRE,LESIONADO,CONDUCTOR PRESENTE,NO,NO,1
34140,145958,145959,2023,2,0,-0.294451,-78.451426,PICHINCHA,QUITO,ALANGASI,RURAL,2023-05-06,01:10:00,1,SABADO,6,MAYO,5,NO,CONDUCIR VEHICULO SUPERANDO LOS LIMITES MAXIMOS DE VELOCIDAD.,CHOQUE LATERAL,FURGONETA,1,0,0,0,0,0,0,1,0,0,0,0,0,2,63,HOMBRE,LESIONADO,CONDUCTOR PRESENTE,NO,NO,3
34141,145959,145960,2023,0,0,-0.100183,-78.471691,PICHINCHA,QUITO,QUITO,URBANA,2023-05-06,01:45:00,1,SABADO,6,MAYO,5,NO,"CONDUCE BAJO LA INFLUENCIA DE ALCOHOL, SUSTANCIAS ESTUPEFACIENTES O PSICOTROPICAS Y/O MEDICAMENTOS.",CHOQUE LATERAL,AUTOMOVIL,2,0,0,0,0,0,0,0,0,0,0,0,0,2,36,HOMBRE,ILESO,CONDUCTOR PRESENTE,NO,NO,1
34142,145962,145963,2023,1,0,-0.292527,-78.559796,PICHINCHA,QUITO,QUITO,URBANA,2023-05-06,02:15:00,2,SABADO,6,MAYO,5,NO,NO CEDER EL DERECHO DE VIA O PREFERENCIA DE PASO AL PEATON.,ATROPELLOS,NO IDENTIFICADO,0,0,0,0,0,0,0,0,0,1,0,0,0,1,24,MUJER,LESIONADO,PEATON,NO,NO,1
34143,145968,145969,2023,2,0,-0.107642,-78.447086,PICHINCHA,QUITO,CALDERON (CARAPUNGO),RURAL,2023-05-06,04:10:00,4,SABADO,6,MAYO,5,NO,CONDUCIR VEHICULO SUPERANDO LOS LIMITES MAXIMOS DE VELOCIDAD.,COLISION,AUTOMOVIL,3,0,0,0,0,0,0,0,0,0,0,0,0,3,46,HOMBRE,LESIONADO,CONDUCTOR PRESENTE,NO,NO,3
34144,145969,145970,2023,0,0,-0.210931,-78.421627,PICHINCHA,QUITO,TUMBACO,RURAL,2023-05-06,04:45:00,4,SABADO,6,MAYO,5,NO,CONDUCIR VEHICULO SUPERANDO LOS LIMITES MAXIMOS DE VELOCIDAD.,ESTRELLAMIENTOS,CAMIONETA,0,0,0,0,1,0,0,0,0,0,0,0,0,1,-1,NO IDENTIFICADO,NO IDENTIFICADO,CONDUCTOR AUSENTE,NO,NO,2
34145,145971,145972,2023,0,0,-0.212795,-78.373226,PICHINCHA,QUITO,TUMBACO,RURAL,2023-05-06,06:00:00,6,SABADO,6,MAYO,5,NO,"CONDUCE BAJO LA INFLUENCIA DE ALCOHOL, SUSTANCIAS ESTUPEFACIENTES O PSICOTROPICAS Y/O MEDICAMENTOS.",CHOQUE LATERAL,AUTOMOVIL,2,0,0,0,0,0,0,0,0,0,0,0,0,2,37,HOMBRE,ILESO,CONDUCTOR PRESENTE,NO,NO,3
34146,145992,145993,2023,0,0,-0.280199,-78.475981,PICHINCHA,QUITO,CONOCOTO,RURAL,2023-05-06,15:25:00,15,SABADO,6,MAYO,5,NO,NO MANTENER LA DISTANCIA PRUDENCIAL CON RESPECTO AL VEHICULO QUE LE ANTECEDE.,CHOQUE POSTERIOR,FURGONETA,1,0,0,0,0,0,0,1,0,0,0,0,0,2,36,HOMBRE,ILESO,CONDUCTOR PRESENTE,NO,NO,3
34147,145993,145994,2023,1,0,-0.204764,-78.486944,PICHINCHA,QUITO,QUITO,URBANA,2023-05-06,16:21:00,16,SABADO,6,MAYO,5,NO,NO GUARDAR LA DISTANCIA LATERAL MINIMA DE SEGURIDAD ENTRE VEHICULOS.,CHOQUE LATERAL,AUTOMOVIL,2,0,0,0,0,0,0,0,0,0,0,0,0,2,27,HOMBRE,LESIONADO,CONDUCTOR PRESENTE,NO,NO,1
34148,146010,146011,2023,1,0,-0.099847,-78.445691,PICHINCHA,QUITO,CALDERON (CARAPUNGO),RURAL,2023-05-06,21:45:00,21,SABADO,6,MAYO,5,NO,CONDUCIR VEHICULO SUPERANDO LOS LIMITES MAXIMOS DE VELOCIDAD.,OTROS,MOTOCICLETA,1,0,0,0,0,0,0,0,1,0,0,0,0,2,21,HOMBRE,LESIONADO,CONDUCTOR PRESENTE,NO,NO,3
34149,146011,146012,2023,0,0,-0.328406,-78.539161,PICHINCHA,QUITO,QUITO,URBANA,2023-05-06,22:00:00,22,SABADO,6,MAYO,5,NO,CONDUCIR VEHICULO SUPERANDO LOS LIMITES MAXIMOS DE VELOCIDAD.,ESTRELLAMIENTOS,AUTOMOVIL,1,0,0,0,0,0,0,0,0,1,0,0,0,2,-1,NO IDENTIFICADO,NO IDENTIFICADO,CONDUCTOR AUSENTE,NO,NO,2