,Unnamed: 0,ID,ANIO,LESIONADOS,FALLECIDOS,LATITUD_Y,LONGITUD_X,PROVINCIA,CANTON,PARROQUIA,ZONA,FECHA,HORA,PERIODO_2,DIA_1,DIA_2,MES_1,MES_2,FERIADO,CAUSA_PROBABLE,TIPO_DE_SINIESTRO,TIPO_DE_VEHICULO_1,AUTOMOVIL,BICICLETA,BUS,CAMION,CAMIONETA,EMERGENCIAS,ESPECIAL,FURGONETA,MOTOCICLETA,NO_IDENTIFICADO,SCOOTER_ELECTRICO,TRICIMOTO,VEHICULO_DEPORTIVO_UTILITARIO,SUMA_DE_VEHICULOS,EDAD_1,SEXO_1,CONDICION_1,PARTICIPANTE_1,CASCO_1,CINTURON_1,KMeans_Cluster
34150,146014,146015,2023,1,0,0.044299,-78.156601,PICHINCHA,CAYAMBE,CAYAMBE,RURAL,2023-05-06,23:10:00,23,SABADO,6,MAYO,5,NO,"CONDUCIR DESATENTO A LAS CONDICIONES DE TRANSITO (CELULAR, PANTALLAS DE VIDEO, COMIDA, MAQUILLAJE O CUALQUIER OTRO ELEMENTO DISTRACTOR).",CHOQUE FRONTAL,AUTOMOVIL,1,0,0,0,0,0,0,0,0,0,0,0,0,1,35,HOMBRE,LESIONADO,CONDUCTOR PRESENTE,NO,SI,3
34151,146017,146018,2023,0,0,-0.449411,-78.585734,PICHINCHA,MEJIA,ALOAG,RURAL,2023-05-07,00:10:00,0,DOMINGO,7,MAYO,5,NO,"CONDUCIR DESATENTO A LAS CONDICIONES DE TRANSITO (CELULAR, PANTALLAS DE VIDEO, COMIDA, MAQUILLAJE O CUALQUIER OTRO ELEMENTO DISTRACTOR).",CHOQUE LATERAL,CAMION,0,0,0,1,0,0,0,0,0,0,0,0,1,2,40,HOMBRE,ILESO,CONDUCTOR PRESENTE,NO,SI,3
34152,146029,146030,2023,1,0,-0.160736,-78.447187,PICHINCHA,QUITO,NAYON,RURAL,2023-05-07,02:00:00,2,DOMINGO,7,MAYO,5,NO,CONDUCIR VEHICULO SUPERANDO LOS LIMITES MAXIMOS DE VELOCIDAD.,ESTRELLAMIENTOS,AUTOMOVIL,1,0,0,0,0,0,0,0,0,0,0,0,0,1,28,HOMBRE,LESIONADO,PASAJERO,NO,NO,3
34153,146038,146039,2023,0,1,-0.410556,-78.803333,PICHINCHA,MEJIA,MANUEL CORNEJO ASTORGA,RURAL,2023-05-07,03:50:00,3,DOMINGO,7,MAYO,5,NO,"CONDUCIR DESATENTO A LAS CONDICIONES DE TRANSITO (CELULAR, PANTALLAS DE VIDEO, COMIDA, MAQUILLAJE O CUALQUIER OTRO ELEMENTO DISTRACTOR).",ATROPELLOS,NO IDENTIFICADO,0,0,0,0,0,0,0,0,0,1,0,0,0,1,68,HOMBRE,FALLECIDO,PEATON,NO,NO,3
34154,146043,146044,2023,0,0,-0.106884,-78.492255,PICHINCHA,QUITO,QUITO,URBANA,2023-05-07,05:10:00,5,DOMINGO,7,MAYO,5,NO,CONDUCIR VEHICULO SUPERANDO LOS LIMITES MAXIMOS DE VELOCIDAD.,ESTRELLAMIENTOS,AUTOMOVIL,1,0,0,0,0,0,0,0,0,0,0,0,0,1,-1,NO IDENTIFICADO,NO IDENTIFICADO,CONDUCTOR AUSENTE,NO,NO,2
34155,146045,146046,2023,2,1,-0.375957,-78.500479,PICHINCHA,QUITO,AMAGUANIA,RURAL,2023-05-07,05:20:00,5,DOMINGO,7,MAYO,5,NO,NO TRANSITAR POR LAS ACERAS O ZONAS DE SEGURIDAD DESTINADAS PARA EL EFECTO.,ATROPELLOS,MOTOCICLETA,0,0,0,0,0,0,0,0,1,0,0,0,0,1,-1,HOMBRE,FALLECIDO,PEATON,NO,SI,3
34156,146050,146051,2023,2,0,-0.267222,-78.279406,PICHINCHA,QUITO,PIFO,RURAL,2023-05-07,08:00:00,8,DOMINGO,7,MAYO,5,NO,PESO Y VOLUMEN - NO CUMPLIR CON LAS NORMAS DE SEGURIDAD NECESARIAS AL TRANSPORTAR CARGAS.,PERDIDA DE PISTA,CAMION,0,0,0,1,0,0,0,0,0,0,0,0,0,1,28,HOMBRE,LESIONADO,CONDUCTOR PRESENTE,NO,SI,3
34157,146053,146054,2023,0,0,-0.149691,-78.490531,PICHINCHA,QUITO,QUITO,URBANA,2023-05-07,10:55:00,10,DOMINGO,7,MAYO,5,NO,NO MANTENER LA DISTANCIA PRUDENCIAL CON RESPECTO AL VEHICULO QUE LE ANTECEDE.,CHOQUE POSTERIOR,MOTOCICLETA,1,0,0,0,0,0,0,0,1,0,0,0,0,2,20,HOMBRE,ILESO,CONDUCTOR PRESENTE,SI,NO,1
34158,146062,146063,2023,2,0,-0.204297,-78.505653,PICHINCHA,QUITO,QUITO,URBANA,2023-05-07,14:00:00,14,DOMINGO,7,MAYO,5,NO,NO GUARDAR LA DISTANCIA LATERAL MINIMA DE SEGURIDAD ENTRE VEHICULOS.,CHOQUE LATERAL,MOTOCICLETA,0,0,0,0,0,0,0,0,2,0,0,0,0,2,25,HOMBRE,LESIONADO,CONDUCTOR PRESENTE,NO,NO,1
34159,146067,146068,2023,0,0,-0.192499,-78.452042,PICHINCHA,QUITO,NAYON,RURAL,2023-05-07,18:08:00,18,DOMINGO,7,MAYO,5,NO,NO MANTENER LA DISTANCIA PRUDENCIAL CON RESPECTO AL VEHICULO QUE LE ANTECEDE.,COLISION,MOTOCICLETA,2,0,0,0,0,0,0,0,1,0,0,0,0,3,47,HOMBRE,ILESO,CONDUCTOR PRESENTE,NO,NO,3
34160,146076,146077,2023,0,0,-0.449411,-78.585734,PICHINCHA,MEJIA,ALOAG,URBANA,2023-05-07,21:00:00,21,DOMINGO,7,MAYO,5,NO,"CASO FORTUITO O FUERZA MAYOR (EXPLOSION DE NEUMATICO NUEVO, DERRUMBE, INUNDACION, CAIDA DE PUENTE, ARBOL, PRESENCIA INTEMPESTIVA E IMPREVISTA DE SEMOVIENTES EN LA VIA, ETC.).",CHOQUE FRONTAL,VEHICULO DEPORTIVO UTILITARIO,0,0,0,0,0,0,0,0,0,0,0,0,1,1,-1,NO IDENTIFICADO,NO IDENTIFICADO,CONDUCTOR AUSENTE,NO,SI,2
34161,146080,146081,2023,1,0,-0.331511,-78.550471,PICHINCHA,QUITO,QUITO,URBANA,2023-05-07,22:10:00,22,DOMINGO,7,MAYO,5,NO,CONDUCIR VEHICULO SUPERANDO LOS LIMITES MAXIMOS DE VELOCIDAD.,PERDIDA DE CARRIL,MOTOCICLETA,0,0,0,0,0,0,0,0,1,0,0,0,0,1,24,HOMBRE,LESIONADO,CONDUCTOR PRESENTE,NO,NO,1
34162,146091,146092,2023,0,0,-0.197251,-78.479048,PICHINCHA,QUITO,QUITO,URBANA,2023-05-08,06:30:00,6,LUNES,1,MAYO,5,NO,CONDUCIR VEHICULO SUPERANDO LOS LIMITES MAXIMOS DE VELOCIDAD.,ESTRELLAMIENTOS,AUTOMOVIL,1,0,0,0,0,0,0,0,0,0,0,0,0,1,-1,NO IDENTIFICADO,NO IDENTIFICADO,CONDUCTOR AUSENTE,NO,NO,2
34163,146096,146097,2023,0,0,-0.208605,-78.492877,PICHINCHA,QUITO,QUITO,URBANA,2023-05-08,07:50:00,7,LUNES,1,MAYO,5,NO,NO CEDER EL DERECHO DE VIA O PREFERENCIA DE PASO A VEHICULOS.,CHOQUE LATERAL,AUTOMOVIL,2,0,0,0,0,0,0,0,0,0,0,0,0,2,50,HOMBRE,ILESO,PASAJERO,NO,NO,1
34164,146106,146107,2023,1,0,-0.153824,-78.488066,PICHINCHA,QUITO,QUITO,URBANA,2023-05-08,11:40:00,11,LUNES,1,MAYO,5,NO,"NO RESPETAR LAS SENIALES REGLAMENTARIAS DE TRANSITO. (PARE, CEDA EL PASO, LUZ ROJA DEL SEMAFORO, ETC).",CHOQUE LATERAL,BUS,0,0,1,0,0,0,0,0,1,0,0,0,0,2,39,HOMBRE,LESIONADO,CONDUCTOR PRESENTE,NO,NO,1
34165,146108,146109,2023,0,0,-0.159806,-78.490137,PICHINCHA,QUITO,QUITO,URBANA,2023-05-08,13:00:00,13,LUNES,1,MAYO,5,NO,"NO RESPETAR LAS SENIALES REGLAMENTARIAS DE TRANSITO. (PARE, CEDA EL PASO, LUZ ROJA DEL SEMAFORO, ETC).",CHOQUE LATERAL,AUTOMOVIL,2,0,0,0,0,0,0,0,0,0,0,0,0,2,22,HOMBRE,ILESO,CONDUCTOR PRESENTE,NO,NO,1
34166,146109,146110,2023,1,0,-0.343419,-78.559751,PICHINCHA,QUITO,QUITO,URBANA,2023-05-08,13:30:00,13,LUNES,1,MAYO,5,NO,NO CEDER EL DERECHO DE VIA O PREFERENCIA DE PASO AL PEATON.,ATROPELLOS,NO IDENTIFICADO,0,0,0,0,0,0,0,0,0,1,0,0,0,1,53,MUJER,LESIONADO,PEATON,NO,NO,1
34167,146110,146111,2023,1,0,-0.239605,-78.530664,PICHINCHA,QUITO,QUITO,URBANA,2023-05-08,13:33:00,13,LUNES,1,MAYO,5,NO,"NO RESPETAR LAS SENIALES REGLAMENTARIAS DE TRANSITO. (PARE, CEDA EL PASO, LUZ ROJA DEL SEMAFORO, ETC).",CHOQUE LATERAL,MOTOCICLETA,1,0,0,0,0,0,0,0,1,0,0,0,0,2,30,HOMBRE,LESIONADO,CONDUCTOR PRESENTE,NO,NO,1
34168,146111,146112,2023,2,0,-0.130814,-78.448277,PICHINCHA,QUITO,LLANO CHICO,RURAL,2023-05-08,13:45:00,13,LUNES,1,MAYO,5,NO,"NO RESPETAR LAS SENIALES REGLAMENTARIAS DE TRANSITO. (PARE, CEDA EL PASO, LUZ ROJA DEL SEMAFORO, ETC).",CHOQUE LATERAL,CAMIONETA,1,0,0,0,1,0,0,0,0,0,0,0,0,2,32,MUJER,LESIONADO,PASAJERO,NO,NO,3
34169,146112,146113,2023,0,0,-0.184481,-78.451698,PICHINCHA,QUITO,QUITO,URBANA,2023-05-08,13:50:00,13,LUNES,1,MAYO,5,NO,CONDUCIR VEHICULO SUPERANDO LOS LIMITES MAXIMOS DE VELOCIDAD.,ESTRELLAMIENTOS,AUTOMOVIL,1,0,0,0,0,0,0,0,0,0,0,0,0,1,60,MUJER,ILESO,CONDUCTOR PRESENTE,NO,NO,1
34170,146117,146118,2023,0,0,-0.289684,-78.557361,PICHINCHA,QUITO,QUITO,URBANA,2023-05-08,15:00:00,15,LUNES,1,MAYO,5,NO,NO MANTENER LA DISTANCIA PRUDENCIAL CON RESPECTO AL VEHICULO QUE LE ANTECEDE.,CHOQUE POSTERIOR,BUS,0,0,1,0,0,0,0,0,1,0,0,0,0,2,35,HOMBRE,ILESO,CONDUCTOR PRESENTE,NO,NO,1
34171,146118,146119,2023,1,0,-0.236674,-78.489797,PICHINCHA,QUITO,QUITO,URBANA,2023-05-08,15:20:00,15,LUNES,1,MAYO,5,NO,NO CEDER EL DERECHO DE VIA O PREFERENCIA DE PASO AL PEATON.,ATROPELLOS,NO IDENTIFICADO,0,0,0,0,0,0,0,0,0,1,0,0,0,1,35,HOMBRE,LESIONADO,PEATON,NO,NO,1
34172,146123,146124,2023,1,0,-0.251525,-78.515639,PICHINCHA,QUITO,QUITO,URBANA,2023-05-08,17:00:00,17,LUNES,1,MAYO,5,NO,NO GUARDAR LA DISTANCIA LATERAL MINIMA DE SEGURIDAD ENTRE VEHICULOS.,ROZAMIENTOS,MOTOCICLETA,1,0,0,0,0,0,0,0,1,0,0,0,0,2,15,MUJER,LESIONADO,PASAJERO,NO,NO,1
34173,146132,146133,2023,0,0,-0.215612,-78.440575,PICHINCHA,QUITO,CUMBAYA,RURAL,2023-05-08,21:10:00,21,LUNES,1,MAYO,5,NO,"CONDUCE BAJO LA INFLUENCIA DE ALCOHOL, SUSTANCIAS ESTUPEFACIENTES O PSICOTROPICAS Y/O MEDICAMENTOS.",CHOQUE LATERAL,CAMIONETA,1,0,0,0,1,0,0,0,0,0,0,0,0,2,39,HOMBRE,ILESO,CONDUCTOR PRESENTE,NO,NO,3
34174,146139,146140,2023,1,0,-0.139787,-78.473911,PICHINCHA,QUITO,QUITO,URBANA,2023-05-09,06:27:00,6,MARTES,2,MAYO,5,NO,NO CEDER EL DERECHO DE VIA O PREFERENCIA DE PASO AL PEATON.,ATROPELLOS,AUTOMOVIL,1,0,0,0,0,0,0,0,0,0,0,0,0,1,53,MUJER,LESIONADO,PEATON,NO,NO,1
34175,146147,146148,2023,1,0,-0.286726,-78.549871,PICHINCHA,QUITO,QUITO,URBANA,2023-05-09,07:38:00,7,MARTES,2,MAYO,5,NO,"NO RESPETAR LAS SENIALES REGLAMENTARIAS DE TRANSITO. (PARE, CEDA EL PASO, LUZ ROJA DEL SEMAFORO, ETC).",CHOQUE LATERAL,SCOOTER ELECTRICO,0,0,0,0,0,0,0,0,0,1,1,0,0,2,32,MUJER,LESIONADO,CONDUCTOR PRESENTE,NO,NO,1
34176,146148,146149,2023,0,0,-0.178772,-78.503583,PICHINCHA,QUITO,QUITO,URBANA,2023-05-09,07:43:00,7,MARTES,2,MAYO,5,NO,NO MANTENER LA DISTANCIA PRUDENCIAL CON RESPECTO AL VEHICULO QUE LE ANTECEDE.,CHOQUE POSTERIOR,AUTOMOVIL,2,0,0,0,0,0,0,0,0,0,0,0,0,2,39,HOMBRE,ILESO,CONDUCTOR PRESENTE,NO,NO,1
34177,146149,146150,2023,2,0,-0.027922,-78.438453,PICHINCHA,QUITO,POMASQUI,RURAL,2023-05-09,08:00:00,8,MARTES,2,MAYO,5,NO,CONDUCIR VEHICULO SUPERANDO LOS LIMITES MAXIMOS DE VELOCIDAD.,ESTRELLAMIENTOS,MOTOCICLETA,0,0,0,0,1,0,0,0,1,0,0,0,0,2,25,HOMBRE,LESIONADO,CONDUCTOR PRESENTE,NO,NO,3
34178,146155,146156,2023,1,0,0.085309,-78.192911,PICHINCHA,PEDRO MONCAYO,TUPIGACHI,RURAL,2023-05-09,13:20:00,13,MARTES,2,MAYO,5,NO,CONDUCIR EN SENTIDO CONTRARIO A LA VIA NORMAL DE CIRCULACION.,CHOQUE FRONTAL,BUS,0,0,1,1,0,0,0,0,0,0,0,0,0,2,39,HOMBRE,LESIONADO,CONDUCTOR PRESENTE,NO,SI,3
34179,146156,146157,2023,0,0,-0.205557,-78.491911,PICHINCHA,QUITO,QUITO,URBANA,2023-05-09,14:00:00,14,MARTES,2,MAYO,5,NO,NO MANTENER LA DISTANCIA PRUDENCIAL CON RESPECTO AL VEHICULO QUE LE ANTECEDE.,OTROS,BUS,1,0,1,0,0,0,0,0,0,0,0,0,0,2,58,HOMBRE,ILESO,CONDUCTOR PRESENTE,NO,NO,1
34180,146166,146167,2023,0,0,-0.231851,-78.502807,PICHINCHA,QUITO,QUITO,URBANA,2023-05-09,16:10:00,16,MARTES,2,MAYO,5,NO,NO MANTENER LA DISTANCIA PRUDENCIAL CON RESPECTO AL VEHICULO QUE LE ANTECEDE.,CHOQUE POSTERIOR,BUS,1,0,1,0,0,0,0,0,0,0,0,0,0,2,49,HOMBRE,ILESO,CONDUCTOR PRESENTE,NO,NO,1
34181,146177,146178,2023,0,0,-0.239514,-78.492972,PICHINCHA,QUITO,QUITO,URBANA,2023-05-09,19:15:00,19,MARTES,2,MAYO,5,NO,NO MANTENER LA DISTANCIA PRUDENCIAL CON RESPECTO AL VEHICULO QUE LE ANTECEDE.,CHOQUE POSTERIOR,CAMIONETA,1,0,0,0,1,0,0,0,0,0,0,0,0,2,47,HOMBRE,ILESO,CONDUCTOR PRESENTE,NO,NO,1
34182,146193,146194,2023,1,0,0.025892,-78.152292,PICHINCHA,CAYAMBE,CAYAMBE,RURAL,2023-05-10,06:25:00,6,MIERCOLES,3,MAYO,5,NO,"CONDUCIR DESATENTO A LAS CONDICIONES DE TRANSITO (CELULAR, PANTALLAS DE VIDEO, COMIDA, MAQUILLAJE O CUALQUIER OTRO ELEMENTO DISTRACTOR).",CHOQUE LATERAL,NO IDENTIFICADO,0,0,0,0,0,0,0,0,0,1,0,0,0,1,27,HOMBRE,LESIONADO,CONDUCTOR PRESENTE,NO,SI,3
34183,146195,146196,2023,0,0,-0.301066,-78.422991,PICHINCHA,QUITO,ALANGASI,RURAL,2023-05-10,06:50:00,6,MIERCOLES,3,MAYO,5,NO,NO GUARDAR LA DISTANCIA LATERAL MINIMA DE SEGURIDAD ENTRE VEHICULOS.,CHOQUE LATERAL,CAMION,1,0,0,1,0,0,0,0,0,0,0,0,0,2,35,HOMBRE,ILESO,CONDUCTOR PRESENTE,NO,NO,3
34184,146197,146198,2023,0,0,-0.207661,-78.503143,PICHINCHA,QUITO,QUITO,URBANA,2023-05-10,07:50:00,7,MIERCOLES,3,MAYO,5,NO,"NO RESPETAR LAS SENIALES REGLAMENTARIAS DE TRANSITO. (PARE, CEDA EL PASO, LUZ ROJA DEL SEMAFORO, ETC).",CHOQUE LATERAL,AUTOMOVIL,2,0,0,0,0,0,0,0,0,0,0,0,0,2,56,HOMBRE,ILESO,CONDUCTOR PRESENTE,NO,NO,1
34185,146201,146202,2023,0,0,-0.297083,-78.427556,PICHINCHA,QUITO,ALANGASI,RURAL,2023-05-10,09:00:00,9,MIERCOLES,3,MAYO,5,NO,CONDUCIR VEHICULO SUPERANDO LOS LIMITES MAXIMOS DE VELOCIDAD.,ESTRELLAMIENTOS,AUTOMOVIL,1,0,0,0,0,0,0,0,0,0,0,0,0,1,66,HOMBRE,ILESO,CONDUCTOR PRESENTE,NO,NO,3
34186,146208,146209,2023,0,0,-0.215991,-78.391563,PICHINCHA,QUITO,TUMBACO,RURAL,2023-05-10,13:28:00,13,MIERCOLES,3,MAYO,5,NO,REALIZAR CAMBIO BRUSCO O INDEBIDO DE CARRIL.,CHOQUE LATERAL,MOTOCICLETA,0,0,0,0,0,0,0,0,2,0,0,0,0,2,38,HOMBRE,ILESO,CONDUCTOR PRESENTE,NO,NO,3
34187,146210,146211,2023,1,0,-0.357617,-78.457353,PICHINCHA,RUMINIAHUI,COTOGCHOA,URBANA,2023-05-10,14:00:00,14,MIERCOLES,3,MAYO,5,NO,NO TRANSITAR POR LAS ACERAS O ZONAS DE SEGURIDAD DESTINADAS PARA EL EFECTO.,ATROPELLOS,AUTOMOVIL,1,0,0,0,0,0,0,0,0,0,0,0,0,1,57,HOMBRE,LESIONADO,PEATON,NO,SI,1
34188,146211,146212,2023,0,0,-0.210423,-78.419952,PICHINCHA,QUITO,TUMBACO,RURAL,2023-05-10,14:04:00,14,MIERCOLES,3,MAYO,5,NO,NO MANTENER LA DISTANCIA PRUDENCIAL CON RESPECTO AL VEHICULO QUE LE ANTECEDE.,CHOQUE POSTERIOR,AUTOMOVIL,2,0,0,0,0,0,0,0,0,0,0,0,0,2,27,HOMBRE,ILESO,CONDUCTOR PRESENTE,NO,NO,3
34189,146230,146231,2023,0,0,-0.148714,-78.451297,PICHINCHA,QUITO,QUITO,URBANA,2023-05-10,18:30:00,18,MIERCOLES,3,MAYO,5,NO,"CONDICIONES AMBIENTALES Y/O ATMOSFERICAS (NIEBLA, NEBLINA, GRANIZO, LLUVIA).",ESTRELLAMIENTOS,AUTOMOVIL,1,0,0,0,0,0,0,0,0,0,0,0,0,1,-1,NO IDENTIFICADO,NO IDENTIFICADO,CONDUCTOR AUSENTE,NO,NO,2
34190,146250,146251,2023,0,0,-0.385889,-78.817639,PICHINCHA,MEJIA,MANUEL CORNEJO ASTORGA,RURAL,2023-05-11,05:35:00,5,JUEVES,4,MAYO,5,NO,"CONDUCIR DESATENTO A LAS CONDICIONES DE TRANSITO (CELULAR, PANTALLAS DE VIDEO, COMIDA, MAQUILLAJE O CUALQUIER OTRO ELEMENTO DISTRACTOR).",VOLCAMIENTOS,CAMION,0,0,0,1,0,0,0,0,0,0,0,0,0,1,29,HOMBRE,ILESO,CONDUCTOR PRESENTE,NO,NO,3
34191,146254,146255,2023,1,0,-0.162121,-78.485761,PICHINCHA,QUITO,QUITO,URBANA,2023-05-11,08:57:00,8,JUEVES,4,MAYO,5,NO,PEATON QUE CRUZA LA CALZADA SIN RESPETAR LA SENIALIZACION EXISTENTE (SEMAFOROS O SENIALES MANUALES).,ATROPELLOS,AUTOMOVIL,1,0,0,0,0,0,0,0,0,0,0,0,0,1,27,HOMBRE,LESIONADO,PEATON,NO,NO,1
34192,146263,146264,2023,0,0,-0.284725,-78.536406,PICHINCHA,QUITO,QUITO,URBANA,2023-05-11,14:00:00,14,JUEVES,4,MAYO,5,NO,"CONDUCE BAJO LA INFLUENCIA DE ALCOHOL, SUSTANCIAS ESTUPEFACIENTES O PSICOTROPICAS Y/O MEDICAMENTOS.",CHOQUE POSTERIOR,AUTOMOVIL,2,0,0,0,0,0,0,0,0,0,0,0,0,2,40,HOMBRE,ILESO,CONDUCTOR PRESENTE,NO,NO,1
34193,146264,146265,2023,2,0,-0.142534,-78.492487,PICHINCHA,QUITO,QUITO,URBANA,2023-05-11,14:10:00,14,JUEVES,4,MAYO,5,NO,BAJARSE O SUBIRSE DE VEHICULOS EN MOVIMIENTO SIN TOMAR LAS PRECAUCIONES DEBIDAS.,CAIDA DE PASAJERO,BUS,0,0,1,0,0,0,0,0,0,0,0,0,0,1,51,MUJER,LESIONADO,PASAJERO,NO,NO,1
34194,146265,146266,2023,1,0,-0.342028,-78.548853,PICHINCHA,QUITO,QUITO,URBANA,2023-05-11,15:40:00,15,JUEVES,4,MAYO,5,NO,PEATON QUE CRUZA LA CALZADA SIN RESPETAR LA SENIALIZACION EXISTENTE (SEMAFOROS O SENIALES MANUALES).,ARROLLAMIENTOS,BUS,0,0,1,0,0,0,0,0,0,0,0,0,0,1,3,MUJER,LESIONADO,PEATON,NO,NO,1
34195,146267,146268,2023,0,0,-0.201321,-78.456798,PICHINCHA,QUITO,QUITO,URBANA,2023-05-11,16:00:00,16,JUEVES,4,MAYO,5,NO,NO MANTENER LA DISTANCIA PRUDENCIAL CON RESPECTO AL VEHICULO QUE LE ANTECEDE.,COLISION,CAMIONETA,1,0,0,0,2,0,0,0,0,1,0,0,0,4,53,HOMBRE,ILESO,CONDUCTOR PRESENTE,NO,NO,1
34196,146269,146270,2023,1,0,-0.205436,-78.482391,PICHINCHA,QUITO,QUITO,URBANA,2023-05-11,16:40:00,16,JUEVES,4,MAYO,5,NO,"NO RESPETAR LAS SENIALES REGLAMENTARIAS DE TRANSITO. (PARE, CEDA EL PASO, LUZ ROJA DEL SEMAFORO, ETC).",CHOQUE LATERAL,AUTOMOVIL,2,0,0,0,0,0,0,0,0,0,0,0,0,2,83,MUJER,LESIONADO,PASAJERO,NO,NO,1
34197,146288,146289,2023,0,0,-0.227187,-78.529804,PICHINCHA,QUITO,QUITO,URBANA,2023-05-12,01:30:00,1,VIERNES,5,MAYO,5,NO,CONDUCIR VEHICULO SUPERANDO LOS LIMITES MAXIMOS DE VELOCIDAD.,ESTRELLAMIENTOS,AUTOMOVIL,1,0,0,0,0,0,0,0,0,0,0,0,0,1,-1,NO IDENTIFICADO,NO IDENTIFICADO,CONDUCTOR AUSENTE,NO,NO,2
34198,146289,146290,2023,0,0,-0.154373,-78.476991,PICHINCHA,QUITO,QUITO,URBANA,2023-05-12,02:10:00,2,VIERNES,5,MAYO,5,NO,"NO RESPETAR LAS SENIALES REGLAMENTARIAS DE TRANSITO. (PARE, CEDA EL PASO, LUZ ROJA DEL SEMAFORO, ETC).",CHOQUE LATERAL,AUTOMOVIL,2,0,0,0,0,0,0,0,0,0,0,0,0,2,32,HOMBRE,ILESO,CONDUCTOR PRESENTE,NO,NO,1
34199,146293,146294,2023,0,0,-0.313155,-78.548095,PICHINCHA,QUITO,QUITO,URBANA,2023-05-12,05:30:00,5,VIERNES,5,MAYO,5,NO,"CONDUCE BAJO LA INFLUENCIA DE ALCOHOL, SUSTANCIAS ESTUPEFACIENTES O PSICOTROPICAS Y/O MEDICAMENTOS.",CHOQUE POSTERIOR,AUTOMOVIL,2,0,0,0,0,0,0,0,0,0,0,0,0,2,39,HOMBRE,ILESO,CONDUCTOR PRESENTE,NO,NO,1
34200,146295,146296,2023,0,0,-0.195638,-78.465842,PICHINCHA,QUITO,QUITO,URBANA,2023-05-12,05:35:00,5,VIERNES,5,MAYO,5,NO,CONDUCIR VEHICULO SUPERANDO LOS LIMITES MAXIMOS DE VELOCIDAD.,ESTRELLAMIENTOS,AUTOMOVIL,1,0,0,0,0,0,0,0,0,0,0,0,0,1,36,MUJER,ILESO,CONDUCTOR PRESENTE,NO,NO,1
34201,146309,146310,2023,1,0,-0.440083,-78.735917,PICHINCHA,MEJIA,MANUEL CORNEJO ASTORGA,RURAL,2023-05-12,11:00:00,11,VIERNES,5,MAYO,5,NO,"CASO FORTUITO O FUERZA MAYOR (EXPLOSION DE NEUMATICO NUEVO, DERRUMBE, INUNDACION, CAIDA DE PUENTE, ARBOL, PRESENCIA INTEMPESTIVA E IMPREVISTA DE SEMOVIENTES EN LA VIA, ETC.).",OTROS,AUTOMOVIL,1,0,0,0,0,0,0,0,0,0,0,0,0,1,-1,HOMBRE,LESIONADO,PASAJERO,NO,NO,3
34202,146310,146311,2023,1,0,-0.263561,-78.541053,PICHINCHA,QUITO,QUITO,URBANA,2023-05-12,11:10:00,11,VIERNES,5,MAYO,5,NO,NO CEDER EL DERECHO DE VIA O PREFERENCIA DE PASO AL PEATON.,ATROPELLOS,AUTOMOVIL,1,0,0,0,0,0,0,0,0,0,0,0,0,1,35,MUJER,LESIONADO,PEATON,NO,NO,1
34203,146317,146318,2023,0,0,-0.288924,-78.541716,PICHINCHA,QUITO,QUITO,URBANA,2023-05-12,14:20:00,14,VIERNES,5,MAYO,5,NO,REALIZAR CAMBIO BRUSCO O INDEBIDO DE CARRIL.,CHOQUE LATERAL,CAMIONETA,1,0,0,0,1,0,0,0,0,0,0,0,0,2,64,HOMBRE,ILESO,CONDUCTOR PRESENTE,NO,NO,1
34204,146319,146320,2023,0,0,-0.198751,-78.438646,PICHINCHA,QUITO,CUMBAYA,RURAL,2023-05-12,15:20:00,15,VIERNES,5,MAYO,5,NO,"NO RESPETAR LAS SENIALES REGLAMENTARIAS DE TRANSITO. (PARE, CEDA EL PASO, LUZ ROJA DEL SEMAFORO, ETC).",OTROS,AUTOMOVIL,1,0,0,0,0,0,0,0,0,0,0,0,0,1,-1,NO IDENTIFICADO,NO IDENTIFICADO,CONDUCTOR AUSENTE,NO,NO,2
34205,146320,146321,2023,1,0,-0.187131,-78.495613,PICHINCHA,QUITO,QUITO,URBANA,2023-05-12,15:30:00,15,VIERNES,5,MAYO,5,NO,NO GUARDAR LA DISTANCIA LATERAL MINIMA DE SEGURIDAD ENTRE VEHICULOS.,ROZAMIENTOS,MOTOCICLETA,1,0,0,0,0,0,0,0,1,0,0,0,0,2,27,HOMBRE,LESIONADO,CONDUCTOR PRESENTE,NO,NO,1
34206,146321,146322,2023,0,0,-0.227302,-78.512877,PICHINCHA,QUITO,QUITO,URBANA,2023-05-12,15:48:00,15,VIERNES,5,MAYO,5,NO,NO CEDER EL DERECHO DE VIA O PREFERENCIA DE PASO A VEHICULOS.,CHOQUE LATERAL,AUTOMOVIL,2,0,0,0,0,0,0,0,0,0,0,0,0,2,21,HOMBRE,ILESO,CONDUCTOR PRESENTE,NO,NO,1
34207,146325,146326,2023,1,0,-0.189993,-78.482104,PICHINCHA,QUITO,QUITO,URBANA,2023-05-12,17:00:00,17,VIERNES,5,MAYO,5,NO,BAJARSE O SUBIRSE DE VEHICULOS EN MOVIMIENTO SIN TOMAR LAS PRECAUCIONES DEBIDAS.,CAIDA DE PASAJERO,BUS,0,0,1,0,0,0,0,0,0,0,0,0,0,1,46,HOMBRE,LESIONADO,PASAJERO,NO,NO,1