,Unnamed: 0,ID,ANIO,LESIONADOS,FALLECIDOS,LATITUD_Y,LONGITUD_X,PROVINCIA,CANTON,PARROQUIA,ZONA,FECHA,HORA,PERIODO_2,DIA_1,DIA_2,MES_1,MES_2,FERIADO,CAUSA_PROBABLE,TIPO_DE_SINIESTRO,TIPO_DE_VEHICULO_1,AUTOMOVIL,BICICLETA,BUS,CAMION,CAMIONETA,EMERGENCIAS,ESPECIAL,FURGONETA,MOTOCICLETA,NO_IDENTIFICADO,SCOOTER_ELECTRICO,TRICIMOTO,VEHICULO_DEPORTIVO_UTILITARIO,SUMA_DE_VEHICULOS,EDAD_1,SEXO_1,CONDICION_1,PARTICIPANTE_1,CASCO_1,CINTURON_1,KMeans_Cluster
34208,146326,146327,2023,0,0,-0.259914,-78.503383,PICHINCHA,QUITO,QUITO,URBANA,2023-05-12,17:00:00,17,VIERNES,5,MAYO,5,NO,CONDUCIR VEHICULO SUPERANDO LOS LIMITES MAXIMOS DE VELOCIDAD.,ESTRELLAMIENTOS,EMERGENCIAS,0,0,0,0,0,1,0,0,0,0,0,0,0,1,50,HOMBRE,ILESO,PASAJERO,NO,NO,1
34209,146334,146335,2023,0,0,-0.002924,-78.526425,PICHINCHA,QUITO,CALACALI,RURAL,2023-05-12,18:30:00,18,VIERNES,5,MAYO,5,NO,REALIZAR CAMBIO BRUSCO O INDEBIDO DE CARRIL.,CHOQUE LATERAL,CAMION,0,0,0,1,0,0,0,0,0,0,0,0,1,2,49,HOMBRE,ILESO,CONDUCTOR PRESENTE,NO,SI,3
34210,146350,146351,2023,0,0,-0.221408,-78.420211,PICHINCHA,QUITO,TUMBACO,RURAL,2023-05-12,23:30:00,23,VIERNES,5,MAYO,5,NO,NO MANTENER LA DISTANCIA PRUDENCIAL CON RESPECTO AL VEHICULO QUE LE ANTECEDE.,CHOQUE POSTERIOR,AUTOMOVIL,2,0,0,0,0,0,0,0,0,0,0,0,0,2,36,HOMBRE,ILESO,CONDUCTOR PRESENTE,NO,NO,3
34211,146352,146353,2023,0,0,-0.291953,-78.485285,PICHINCHA,QUITO,CONOCOTO,RURAL,2023-05-13,00:05:00,0,SABADO,6,MAYO,5,NO,NO GUARDAR LA DISTANCIA LATERAL MINIMA DE SEGURIDAD ENTRE VEHICULOS.,CHOQUE LATERAL,AUTOMOVIL,2,0,0,0,0,0,0,0,0,0,0,0,0,2,43,HOMBRE,ILESO,CONDUCTOR PRESENTE,NO,NO,3
34212,146364,146365,2023,0,0,-0.245774,-78.519596,PICHINCHA,QUITO,QUITO,URBANA,2023-05-13,03:00:00,3,SABADO,6,MAYO,5,NO,"CONDUCE BAJO LA INFLUENCIA DE ALCOHOL, SUSTANCIAS ESTUPEFACIENTES O PSICOTROPICAS Y/O MEDICAMENTOS.",CHOQUE LATERAL,FURGONETA,1,0,0,0,0,0,0,1,0,0,0,0,0,2,27,HOMBRE,ILESO,CONDUCTOR PRESENTE,NO,NO,1
34213,146367,146368,2023,0,0,-0.289004,-78.524003,PICHINCHA,QUITO,QUITO,URBANA,2023-05-13,04:30:00,4,SABADO,6,MAYO,5,NO,CONDUCIR VEHICULO SUPERANDO LOS LIMITES MAXIMOS DE VELOCIDAD.,PERDIDA DE CARRIL,AUTOMOVIL,1,0,0,0,0,0,0,0,0,0,0,0,0,1,-1,NO IDENTIFICADO,NO IDENTIFICADO,CONDUCTOR AUSENTE,NO,NO,2
34214,146372,146373,2023,0,1,-0.270392,-78.495241,PICHINCHA,QUITO,CONOCOTO,RURAL,2023-05-13,07:00:00,7,SABADO,6,MAYO,5,NO,CONDUCIR EN SENTIDO CONTRARIO A LA VIA NORMAL DE CIRCULACION.,CHOQUE FRONTAL,CAMION,1,0,0,1,0,0,0,0,0,0,0,0,0,2,38,HOMBRE,FALLECIDO,CONDUCTOR PRESENTE,NO,NO,3
34215,146373,146374,2023,1,0,-0.086306,-78.422932,PICHINCHA,QUITO,CALDERON (CARAPUNGO),RURAL,2023-05-13,07:15:00,7,SABADO,6,MAYO,5,NO,"CONDUCE BAJO LA INFLUENCIA DE ALCOHOL, SUSTANCIAS ESTUPEFACIENTES O PSICOTROPICAS Y/O MEDICAMENTOS.",CHOQUE POSTERIOR,BUS,1,0,1,0,0,0,0,0,0,0,0,0,0,2,53,HOMBRE,LESIONADO,CONDUCTOR PRESENTE,NO,NO,3
34216,146375,146376,2023,0,0,-0.154109,-78.320319,PICHINCHA,QUITO,YARUQUI,RURAL,2023-05-13,09:00:00,9,SABADO,6,MAYO,5,NO,"CONDUCIR DESATENTO A LAS CONDICIONES DE TRANSITO (CELULAR, PANTALLAS DE VIDEO, COMIDA, MAQUILLAJE O CUALQUIER OTRO ELEMENTO DISTRACTOR).",CHOQUE POSTERIOR,VEHICULO DEPORTIVO UTILITARIO,0,0,0,0,0,0,0,0,0,1,0,0,1,2,37,HOMBRE,ILESO,CONDUCTOR PRESENTE,NO,SI,3
34217,146377,146378,2023,0,0,-0.204391,-78.503912,PICHINCHA,QUITO,QUITO,URBANA,2023-05-13,10:00:00,10,SABADO,6,MAYO,5,NO,NO CEDER EL DERECHO DE VIA O PREFERENCIA DE PASO A VEHICULOS.,CHOQUE LATERAL,BUS,1,0,1,0,0,0,0,0,0,0,0,0,0,2,34,HOMBRE,ILESO,CONDUCTOR PRESENTE,NO,NO,1
34218,146380,146381,2023,1,0,-0.051139,-78.346395,PICHINCHA,QUITO,GUAYLLABAMBA,RURAL,2023-05-13,10:30:00,10,SABADO,6,MAYO,5,NO,"CONDUCIR DESATENTO A LAS CONDICIONES DE TRANSITO (CELULAR, PANTALLAS DE VIDEO, COMIDA, MAQUILLAJE O CUALQUIER OTRO ELEMENTO DISTRACTOR).",CHOQUE LATERAL,CAMIONETA,0,0,0,0,1,0,0,0,0,1,0,0,0,2,61,HOMBRE,LESIONADO,CONDUCTOR PRESENTE,NO,SI,3
34219,146383,146384,2023,2,0,0.009951,-78.467931,PICHINCHA,QUITO,SAN ANTONIO (QUITO),URBANA,2023-05-13,12:40:00,12,SABADO,6,MAYO,5,NO,CONDUCIR EN SENTIDO CONTRARIO A LA VIA NORMAL DE CIRCULACION.,CHOQUE FRONTAL,MOTOCICLETA,0,0,0,0,1,0,0,0,1,0,0,0,0,2,33,HOMBRE,LESIONADO,CONDUCTOR PRESENTE,NO,SI,1
34220,146384,146385,2023,0,0,-0.108214,-78.461501,PICHINCHA,QUITO,QUITO,URBANA,2023-05-13,13:15:00,13,SABADO,6,MAYO,5,NO,NO MANTENER LA DISTANCIA PRUDENCIAL CON RESPECTO AL VEHICULO QUE LE ANTECEDE.,CHOQUE POSTERIOR,CAMION,1,0,0,1,0,0,0,0,0,0,0,0,0,2,57,HOMBRE,ILESO,CONDUCTOR PRESENTE,NO,NO,1
34221,146391,146392,2023,1,0,-0.256939,-78.529558,PICHINCHA,QUITO,QUITO,URBANA,2023-05-13,15:00:00,15,SABADO,6,MAYO,5,NO,NO CEDER EL DERECHO DE VIA O PREFERENCIA DE PASO AL PEATON.,ATROPELLOS,NO IDENTIFICADO,0,0,0,0,0,0,0,0,0,1,0,0,0,1,67,HOMBRE,LESIONADO,PEATON,NO,NO,1
34222,146401,146402,2023,3,0,-0.253981,-78.520576,PICHINCHA,QUITO,QUITO,URBANA,2023-05-13,17:30:00,17,SABADO,6,MAYO,5,NO,"PEATON TRANSITA BAJO INFLUENCIA DE ALCOHOL, SUSTANCIAS ESTUPEFACIENTES O PSICOTROPICAS Y/O MEDICAMENTOS.",ATROPELLOS,MOTOCICLETA,0,0,0,0,0,0,0,0,1,0,0,0,0,1,42,HOMBRE,LESIONADO,PEATON,NO,NO,1
34223,146408,146409,2023,0,0,-0.091386,-78.467526,PICHINCHA,QUITO,QUITO,URBANA,2023-05-13,19:20:00,19,SABADO,6,MAYO,5,NO,CONDUCIR VEHICULO SUPERANDO LOS LIMITES MAXIMOS DE VELOCIDAD.,ESTRELLAMIENTOS,AUTOMOVIL,1,0,0,0,0,0,0,0,0,0,0,0,0,1,62,HOMBRE,ILESO,PASAJERO,NO,NO,1
34224,146414,146415,2023,0,0,-0.156101,-78.485036,PICHINCHA,QUITO,QUITO,URBANA,2023-05-13,20:00:00,20,SABADO,6,MAYO,5,NO,CONDUCIR VEHICULO SUPERANDO LOS LIMITES MAXIMOS DE VELOCIDAD.,ESTRELLAMIENTOS,AUTOMOVIL,1,0,0,0,0,0,0,0,0,0,0,0,0,1,-1,NO IDENTIFICADO,NO IDENTIFICADO,CONDUCTOR AUSENTE,NO,NO,2
34225,146430,146431,2023,0,0,-0.291171,-78.487558,PICHINCHA,QUITO,CONOCOTO,RURAL,2023-05-13,23:15:00,23,SABADO,6,MAYO,5,NO,"CONDUCE BAJO LA INFLUENCIA DE ALCOHOL, SUSTANCIAS ESTUPEFACIENTES O PSICOTROPICAS Y/O MEDICAMENTOS.",ESTRELLAMIENTOS,AUTOMOVIL,2,0,0,0,0,0,0,0,0,0,0,0,0,2,51,HOMBRE,ILESO,PASAJERO,NO,NO,3
34226,146438,146439,2023,0,3,-0.360181,-78.471048,PICHINCHA,RUMINIAHUI,SANGOLQUI,RURAL,2023-05-14,01:50:00,1,DOMINGO,7,MAYO,5,NO,CONDUCIR VEHICULO SUPERANDO LOS LIMITES MAXIMOS DE VELOCIDAD.,ESTRELLAMIENTOS,MOTOCICLETA,1,0,0,0,0,0,0,0,2,0,0,0,0,3,25,HOMBRE,FALLECIDO,CONDUCTOR PRESENTE,NO,SI,3
34227,146456,146457,2023,0,0,-0.062726,-78.372981,PICHINCHA,QUITO,GUAYLLABAMBA,RURAL,2023-05-14,08:00:00,8,DOMINGO,7,MAYO,5,NO,"CONDICIONES AMBIENTALES Y/O ATMOSFERICAS (NIEBLA, NEBLINA, GRANIZO, LLUVIA).",COLISION,VEHICULO DEPORTIVO UTILITARIO,2,0,0,0,0,0,0,0,0,0,0,0,1,3,33,HOMBRE,ILESO,CONDUCTOR PRESENTE,NO,SI,3
34228,146457,146458,2023,0,0,-0.112854,-78.433178,PICHINCHA,QUITO,CALDERON (CARAPUNGO),RURAL,2023-05-14,08:15:00,8,DOMINGO,7,MAYO,5,NO,"CONDUCE BAJO LA INFLUENCIA DE ALCOHOL, SUSTANCIAS ESTUPEFACIENTES O PSICOTROPICAS Y/O MEDICAMENTOS.",CHOQUE LATERAL,AUTOMOVIL,4,0,0,0,0,0,0,0,0,0,0,0,0,4,58,HOMBRE,ILESO,CONDUCTOR PRESENTE,NO,NO,3
34229,146458,146459,2023,0,0,-0.206011,-78.499752,PICHINCHA,QUITO,QUITO,URBANA,2023-05-14,09:10:00,9,DOMINGO,7,MAYO,5,NO,"CONDUCE BAJO LA INFLUENCIA DE ALCOHOL, SUSTANCIAS ESTUPEFACIENTES O PSICOTROPICAS Y/O MEDICAMENTOS.",ESTRELLAMIENTOS,AUTOMOVIL,3,0,0,0,0,0,0,0,0,0,0,0,0,3,50,HOMBRE,ILESO,CONDUCTOR PRESENTE,NO,NO,1
34230,146460,146461,2023,0,1,-0.211448,-78.500158,PICHINCHA,QUITO,QUITO,URBANA,2023-05-14,09:50:00,9,DOMINGO,7,MAYO,5,NO,MALAS CONDICIONES DE LA VIA Y/O CONFIGURACION. (ILUMINACION Y DISENIO).,VOLCAMIENTOS,BICICLETA,0,1,0,0,0,0,0,0,0,0,0,0,0,1,67,HOMBRE,FALLECIDO,CONDUCTOR PRESENTE,NO,NO,1
34231,146476,146477,2023,1,0,-0.298687,-78.547245,PICHINCHA,QUITO,QUITO,URBANA,2023-05-14,14:45:00,14,DOMINGO,7,MAYO,5,NO,"NO RESPETAR LAS SENIALES REGLAMENTARIAS DE TRANSITO. (PARE, CEDA EL PASO, LUZ ROJA DEL SEMAFORO, ETC).",CHOQUE LATERAL,BUS,0,0,1,0,0,0,0,0,1,0,0,0,0,2,20,HOMBRE,LESIONADO,CONDUCTOR PRESENTE,NO,NO,1
34232,146483,146484,2023,0,0,-0.466889,-78.586501,PICHINCHA,MEJIA,ALOAG,RURAL,2023-05-14,18:15:00,18,DOMINGO,7,MAYO,5,NO,NO MANTENER LA DISTANCIA PRUDENCIAL CON RESPECTO AL VEHICULO QUE LE ANTECEDE.,COLISION,CAMION,2,0,0,1,0,0,0,0,0,0,0,0,1,4,42,HOMBRE,ILESO,CONDUCTOR PRESENTE,NO,NO,3
34233,146505,146506,2023,0,0,-0.096057,-78.528779,PICHINCHA,QUITO,QUITO,URBANA,2023-05-14,21:45:00,21,DOMINGO,7,MAYO,5,NO,CONDUCIR VEHICULO SUPERANDO LOS LIMITES MAXIMOS DE VELOCIDAD.,ESTRELLAMIENTOS,CAMIONETA,0,0,0,0,1,0,0,0,0,0,0,0,0,1,-1,NO IDENTIFICADO,NO IDENTIFICADO,CONDUCTOR AUSENTE,NO,NO,2
34234,146506,146507,2023,3,0,-0.261799,-78.523416,PICHINCHA,QUITO,QUITO,URBANA,2023-05-14,22:00:00,22,DOMINGO,7,MAYO,5,NO,CONDUCIR VEHICULO SUPERANDO LOS LIMITES MAXIMOS DE VELOCIDAD.,VOLCAMIENTOS,AUTOMOVIL,1,0,0,0,0,0,0,0,0,0,0,0,0,1,19,HOMBRE,LESIONADO,PASAJERO,NO,NO,1
34235,146512,146513,2023,0,0,-0.348853,-78.555811,PICHINCHA,QUITO,QUITO,URBANA,2023-05-14,23:00:00,23,DOMINGO,7,MAYO,5,NO,CONDUCIR VEHICULO SUPERANDO LOS LIMITES MAXIMOS DE VELOCIDAD.,ESTRELLAMIENTOS,AUTOMOVIL,1,0,0,0,0,0,0,0,0,0,0,0,0,1,-1,NO IDENTIFICADO,NO IDENTIFICADO,CONDUCTOR AUSENTE,NO,NO,2
34236,146526,146527,2023,1,0,-0.185926,-78.488447,PICHINCHA,QUITO,QUITO,URBANA,2023-05-15,08:21:00,8,LUNES,1,MAYO,5,NO,NO TRANSITAR POR LAS ACERAS O ZONAS DE SEGURIDAD DESTINADAS PARA EL EFECTO.,ATROPELLOS,AUTOMOVIL,1,0,0,0,0,0,0,0,0,0,0,0,0,1,63,MUJER,LESIONADO,PEATON,NO,NO,1
34237,146532,146533,2023,0,0,-0.175699,-78.486832,PICHINCHA,QUITO,QUITO,URBANA,2023-05-15,11:35:00,11,LUNES,1,MAYO,5,NO,"NO RESPETAR LAS SENIALES REGLAMENTARIAS DE TRANSITO. (PARE, CEDA EL PASO, LUZ ROJA DEL SEMAFORO, ETC).",CHOQUE LATERAL,AUTOMOVIL,2,0,0,0,0,0,0,0,0,0,0,0,0,2,40,HOMBRE,ILESO,CONDUCTOR PRESENTE,NO,NO,1
34238,146536,146537,2023,0,0,-0.261694,-78.422694,PICHINCHA,QUITO,GUANGOPOLO,RURAL,2023-05-15,13:25:00,13,LUNES,1,MAYO,5,NO,"CONDUCIR DESATENTO A LAS CONDICIONES DE TRANSITO (CELULAR, PANTALLAS DE VIDEO, COMIDA, MAQUILLAJE O CUALQUIER OTRO ELEMENTO DISTRACTOR).",PERDIDA DE CARRIL,CAMION,0,0,0,1,0,0,0,0,0,0,0,0,0,1,-1,HOMBRE,ILESO,CONDUCTOR PRESENTE,NO,NO,3
34239,146538,146539,2023,2,0,-0.102458,-78.450206,PICHINCHA,QUITO,CALDERON (CARAPUNGO),RURAL,2023-05-15,13:30:00,13,LUNES,1,MAYO,5,NO,"NO RESPETAR LAS SENIALES REGLAMENTARIAS DE TRANSITO. (PARE, CEDA EL PASO, LUZ ROJA DEL SEMAFORO, ETC).",CHOQUE LATERAL,AUTOMOVIL,2,0,0,0,0,0,0,0,0,0,0,0,0,2,27,HOMBRE,LESIONADO,CONDUCTOR PRESENTE,NO,NO,3
34240,146544,146545,2023,1,0,-0.111126,-78.494091,PICHINCHA,QUITO,QUITO,URBANA,2023-05-15,15:30:00,15,LUNES,1,MAYO,5,NO,"NO RESPETAR LAS SENIALES REGLAMENTARIAS DE TRANSITO. (PARE, CEDA EL PASO, LUZ ROJA DEL SEMAFORO, ETC).",CHOQUE LATERAL,MOTOCICLETA,1,0,0,0,0,0,0,0,1,0,0,0,0,2,48,HOMBRE,LESIONADO,CONDUCTOR PRESENTE,NO,NO,1
34241,146545,146546,2023,1,0,-0.085395,-78.421266,PICHINCHA,QUITO,CALDERON (CARAPUNGO),RURAL,2023-05-15,16:12:00,16,LUNES,1,MAYO,5,NO,"NO RESPETAR LAS SENIALES REGLAMENTARIAS DE TRANSITO. (PARE, CEDA EL PASO, LUZ ROJA DEL SEMAFORO, ETC).",CHOQUE LATERAL,MOTOCICLETA,1,0,0,0,0,0,0,0,1,0,0,0,0,2,23,HOMBRE,LESIONADO,CONDUCTOR PRESENTE,NO,NO,3
34242,146552,146553,2023,0,0,-0.280361,-78.556682,PICHINCHA,QUITO,QUITO,URBANA,2023-05-15,17:00:00,17,LUNES,1,MAYO,5,NO,"NO RESPETAR LAS SENIALES REGLAMENTARIAS DE TRANSITO. (PARE, CEDA EL PASO, LUZ ROJA DEL SEMAFORO, ETC).",CHOQUE LATERAL,AUTOMOVIL,2,0,0,0,0,0,0,0,0,0,0,0,0,2,33,HOMBRE,ILESO,CONDUCTOR PRESENTE,NO,NO,1
34243,146553,146554,2023,0,0,-0.451306,-78.751278,PICHINCHA,MEJIA,MANUEL CORNEJO ASTORGA,RURAL,2023-05-15,17:05:00,17,LUNES,1,MAYO,5,NO,"CONDUCIR DESATENTO A LAS CONDICIONES DE TRANSITO (CELULAR, PANTALLAS DE VIDEO, COMIDA, MAQUILLAJE O CUALQUIER OTRO ELEMENTO DISTRACTOR).",PERDIDA DE CARRIL,VEHICULO DEPORTIVO UTILITARIO,0,0,0,0,0,0,0,0,0,0,0,0,2,2,-1,HOMBRE,ILESO,CONDUCTOR PRESENTE,NO,NO,3
34244,146566,146567,2023,1,0,-0.150604,-78.484099,PICHINCHA,QUITO,QUITO,URBANA,2023-05-15,18:50:00,18,LUNES,1,MAYO,5,NO,BAJARSE O SUBIRSE DE VEHICULOS EN MOVIMIENTO SIN TOMAR LAS PRECAUCIONES DEBIDAS.,CAIDA DE PASAJERO,BUS,0,0,1,0,0,0,0,0,0,0,0,0,0,1,17,HOMBRE,LESIONADO,PASAJERO,NO,NO,1
34245,146568,146569,2023,1,0,-0.192117,-78.502402,PICHINCHA,QUITO,QUITO,URBANA,2023-05-15,19:00:00,19,LUNES,1,MAYO,5,NO,CONDUCIR VEHICULO SUPERANDO LOS LIMITES MAXIMOS DE VELOCIDAD.,CHOQUE LATERAL,MOTOCICLETA,1,0,0,0,0,0,0,0,1,0,0,0,0,2,31,HOMBRE,LESIONADO,CONDUCTOR PRESENTE,NO,NO,1
34246,146569,146570,2023,0,0,-0.107479,-78.486313,PICHINCHA,QUITO,QUITO,URBANA,2023-05-15,19:00:00,19,LUNES,1,MAYO,5,NO,"NO RESPETAR LAS SENIALES REGLAMENTARIAS DE TRANSITO. (PARE, CEDA EL PASO, LUZ ROJA DEL SEMAFORO, ETC).",OTROS,AUTOMOVIL,1,0,0,0,0,0,0,0,0,0,0,0,0,1,-1,NO IDENTIFICADO,NO IDENTIFICADO,CONDUCTOR AUSENTE,NO,NO,2
34247,146570,146571,2023,1,0,-0.261281,-78.548306,PICHINCHA,QUITO,QUITO,URBANA,2023-05-15,19:15:00,19,LUNES,1,MAYO,5,NO,CONDUCIR VEHICULO SUPERANDO LOS LIMITES MAXIMOS DE VELOCIDAD.,CHOQUE LATERAL,MOTOCICLETA,1,0,0,0,0,0,0,0,1,0,0,0,0,2,21,HOMBRE,LESIONADO,CONDUCTOR PRESENTE,NO,NO,1
34248,146576,146577,2023,4,0,-0.449411,-78.585734,PICHINCHA,MEJIA,ALOAG,RURAL,2023-05-15,22:45:00,22,LUNES,1,MAYO,5,NO,"CONDUCIR DESATENTO A LAS CONDICIONES DE TRANSITO (CELULAR, PANTALLAS DE VIDEO, COMIDA, MAQUILLAJE O CUALQUIER OTRO ELEMENTO DISTRACTOR).",CHOQUE FRONTAL,NO IDENTIFICADO,0,0,0,0,0,0,0,0,0,1,0,0,0,1,54,HOMBRE,LESIONADO,PASAJERO,NO,SI,3
34249,146579,146580,2023,0,0,-0.159202,-78.347781,PICHINCHA,QUITO,TABABELA,RURAL,2023-05-16,03:15:00,3,MARTES,2,MAYO,5,NO,NO MANTENER LA DISTANCIA PRUDENCIAL CON RESPECTO AL VEHICULO QUE LE ANTECEDE.,CHOQUE POSTERIOR,CAMION,0,0,0,1,1,0,0,0,0,0,0,0,0,2,29,HOMBRE,ILESO,CONDUCTOR PRESENTE,NO,NO,3
34250,146585,146586,2023,1,0,-0.327584,-78.549364,PICHINCHA,QUITO,QUITO,URBANA,2023-05-16,06:40:00,6,MARTES,2,MAYO,5,NO,BAJARSE O SUBIRSE DE VEHICULOS EN MOVIMIENTO SIN TOMAR LAS PRECAUCIONES DEBIDAS.,OTROS,AUTOMOVIL,1,0,0,0,0,0,0,0,0,0,0,0,0,1,41,MUJER,LESIONADO,PASAJERO,NO,NO,1
34251,146592,146593,2023,0,0,-0.240221,-78.493737,PICHINCHA,QUITO,QUITO,URBANA,2023-05-16,08:40:00,8,MARTES,2,MAYO,5,NO,CONDUCIR VEHICULO SUPERANDO LOS LIMITES MAXIMOS DE VELOCIDAD.,ESTRELLAMIENTOS,CAMION,0,0,0,1,0,0,0,0,0,0,0,0,0,1,52,HOMBRE,ILESO,CONDUCTOR PRESENTE,NO,NO,1
34252,146603,146604,2023,1,0,-0.294691,-78.567068,PICHINCHA,QUITO,QUITO,URBANA,2023-05-16,12:45:00,12,MARTES,2,MAYO,5,NO,CONDUCIR VEHICULO SUPERANDO LOS LIMITES MAXIMOS DE VELOCIDAD.,CHOQUE LATERAL,MOTOCICLETA,1,0,0,0,0,0,0,0,1,0,0,0,0,2,30,MUJER,LESIONADO,CONDUCTOR PRESENTE,NO,NO,1
34253,146608,146609,2023,0,0,-0.104127,-78.462746,PICHINCHA,QUITO,QUITO,URBANA,2023-05-16,13:30:00,13,MARTES,2,MAYO,5,NO,NO MANTENER LA DISTANCIA PRUDENCIAL CON RESPECTO AL VEHICULO QUE LE ANTECEDE.,COLISION,AUTOMOVIL,4,0,0,0,0,0,0,0,0,0,0,0,0,4,26,HOMBRE,ILESO,CONDUCTOR PRESENTE,NO,NO,1
34254,146615,146616,2023,0,1,-0.002076,-78.306607,PICHINCHA,PEDRO MONCAYO,TOCACHI,RURAL,2023-05-16,17:30:00,17,MARTES,2,MAYO,5,NO,"CONDUCIR DESATENTO A LAS CONDICIONES DE TRANSITO (CELULAR, PANTALLAS DE VIDEO, COMIDA, MAQUILLAJE O CUALQUIER OTRO ELEMENTO DISTRACTOR).",CHOQUE FRONTAL,BUS,0,0,1,0,0,0,0,0,1,0,0,0,0,2,26,HOMBRE,FALLECIDO,CONDUCTOR PRESENTE,NO,SI,3
34255,146620,146621,2023,1,0,-0.175355,-78.487501,PICHINCHA,QUITO,QUITO,URBANA,2023-05-16,19:10:00,19,MARTES,2,MAYO,5,NO,"CONDUCE BAJO LA INFLUENCIA DE ALCOHOL, SUSTANCIAS ESTUPEFACIENTES O PSICOTROPICAS Y/O MEDICAMENTOS.",COLISION,AUTOMOVIL,3,0,0,0,0,0,0,0,0,0,0,0,0,3,49,MUJER,LESIONADO,PASAJERO,NO,NO,1
34256,146622,146623,2023,0,2,0.117979,-78.185711,PICHINCHA,PEDRO MONCAYO,TUPIGACHI,RURAL,2023-05-16,20:00:00,20,MARTES,2,MAYO,5,NO,NO TRANSITAR POR LAS ACERAS O ZONAS DE SEGURIDAD DESTINADAS PARA EL EFECTO.,ATROPELLOS,BUS,0,0,1,0,0,0,0,0,0,0,0,0,0,1,67,HOMBRE,FALLECIDO,PEATON,NO,SI,3
34257,146636,146637,2023,0,0,-0.168622,-78.469371,PICHINCHA,QUITO,QUITO,URBANA,2023-05-17,07:59:00,7,MIERCOLES,3,MAYO,5,NO,NO MANTENER LA DISTANCIA PRUDENCIAL CON RESPECTO AL VEHICULO QUE LE ANTECEDE.,CHOQUE POSTERIOR,CAMIONETA,1,0,0,0,1,0,0,0,0,0,0,0,0,2,41,HOMBRE,ILESO,CONDUCTOR PRESENTE,NO,NO,1
34258,146654,146655,2023,0,0,-0.315012,-78.534873,PICHINCHA,QUITO,QUITO,URBANA,2023-05-17,17:00:00,17,MIERCOLES,3,MAYO,5,NO,"CONDUCE BAJO LA INFLUENCIA DE ALCOHOL, SUSTANCIAS ESTUPEFACIENTES O PSICOTROPICAS Y/O MEDICAMENTOS.",ESTRELLAMIENTOS,CAMIONETA,0,0,0,0,1,0,0,0,0,0,0,0,0,1,35,MUJER,ILESO,CONDUCTOR PRESENTE,NO,NO,1
34259,146657,146658,2023,1,0,-0.282604,-78.543052,PICHINCHA,QUITO,QUITO,URBANA,2023-05-17,18:30:00,18,MIERCOLES,3,MAYO,5,NO,DEJAR O RECOGER PASAJEROS EN LUGARES NO PERMITIDOS.,ARROLLAMIENTOS,BUS,0,0,1,0,0,0,0,0,0,0,0,0,0,1,13,MUJER,LESIONADO,PEATON,NO,NO,1
34260,146663,146664,2023,0,0,-0.268532,-78.499961,PICHINCHA,QUITO,CONOCOTO,RURAL,2023-05-18,01:15:00,1,JUEVES,4,MAYO,5,NO,CONDUCIR VEHICULO SUPERANDO LOS LIMITES MAXIMOS DE VELOCIDAD.,ESTRELLAMIENTOS,AUTOMOVIL,1,0,0,0,0,0,0,0,0,1,0,0,0,2,-1,NO IDENTIFICADO,NO IDENTIFICADO,CONDUCTOR AUSENTE,NO,NO,2
34261,146665,146666,2023,0,0,-0.447278,-78.663909,PICHINCHA,MEJIA,ALOAG,RURAL,2023-05-18,03:40:00,3,JUEVES,4,MAYO,5,NO,"CONDUCIR DESATENTO A LAS CONDICIONES DE TRANSITO (CELULAR, PANTALLAS DE VIDEO, COMIDA, MAQUILLAJE O CUALQUIER OTRO ELEMENTO DISTRACTOR).",ESTRELLAMIENTOS,CAMION,0,0,0,1,0,0,0,0,0,0,0,0,0,1,38,HOMBRE,ILESO,CONDUCTOR PRESENTE,NO,NO,3
34262,146671,146672,2023,1,0,-0.128716,-78.502526,PICHINCHA,QUITO,QUITO,URBANA,2023-05-18,08:05:00,8,JUEVES,4,MAYO,5,NO,"NO RESPETAR LAS SENIALES REGLAMENTARIAS DE TRANSITO. (PARE, CEDA EL PASO, LUZ ROJA DEL SEMAFORO, ETC).",CHOQUE LATERAL,AUTOMOVIL,2,0,0,0,0,0,0,0,0,0,0,0,0,2,67,MUJER,LESIONADO,CONDUCTOR PRESENTE,NO,NO,1
34263,146672,146673,2023,0,0,-0.265928,-78.537283,PICHINCHA,QUITO,QUITO,URBANA,2023-05-18,10:15:00,10,JUEVES,4,MAYO,5,NO,"NO RESPETAR LAS SENIALES REGLAMENTARIAS DE TRANSITO. (PARE, CEDA EL PASO, LUZ ROJA DEL SEMAFORO, ETC).",OTROS,AUTOMOVIL,1,0,0,0,0,0,0,0,0,0,0,0,0,1,-1,NO IDENTIFICADO,NO IDENTIFICADO,CONDUCTOR AUSENTE,NO,NO,2
34264,146678,146679,2023,0,0,-0.183824,-78.502051,PICHINCHA,QUITO,QUITO,URBANA,2023-05-18,14:00:00,14,JUEVES,4,MAYO,5,NO,NO MANTENER LA DISTANCIA PRUDENCIAL CON RESPECTO AL VEHICULO QUE LE ANTECEDE.,CHOQUE POSTERIOR,AUTOMOVIL,2,0,0,0,0,0,0,0,0,0,0,0,0,2,33,MUJER,ILESO,CONDUCTOR PRESENTE,NO,NO,1
34265,146680,146681,2023,0,0,-0.171266,-78.486747,PICHINCHA,QUITO,QUITO,URBANA,2023-05-18,14:40:00,14,JUEVES,4,MAYO,5,NO,CONDUCIR VEHICULO SUPERANDO LOS LIMITES MAXIMOS DE VELOCIDAD.,CHOQUE LATERAL,AUTOMOVIL,2,0,0,0,0,0,0,0,0,0,0,0,0,2,42,HOMBRE,ILESO,CONDUCTOR PRESENTE,NO,NO,1