,Unnamed: 0,ID,ANIO,LESIONADOS,FALLECIDOS,LATITUD_Y,LONGITUD_X,PROVINCIA,CANTON,PARROQUIA,ZONA,FECHA,HORA,PERIODO_2,DIA_1,DIA_2,MES_1,MES_2,FERIADO,CAUSA_PROBABLE,TIPO_DE_SINIESTRO,TIPO_DE_VEHICULO_1,AUTOMOVIL,BICICLETA,BUS,CAMION,CAMIONETA,EMERGENCIAS,ESPECIAL,FURGONETA,MOTOCICLETA,NO_IDENTIFICADO,SCOOTER_ELECTRICO,TRICIMOTO,VEHICULO_DEPORTIVO_UTILITARIO,SUMA_DE_VEHICULOS,EDAD_1,SEXO_1,CONDICION_1,PARTICIPANTE_1,CASCO_1,CINTURON_1,KMeans_Cluster
34266,146693,146694,2023,1,0,-0.122221,-78.495573,PICHINCHA,QUITO,QUITO,URBANA,2023-05-18,21:55:00,21,JUEVES,4,MAYO,5,NO,"NO RESPETAR LAS SENIALES REGLAMENTARIAS DE TRANSITO. (PARE, CEDA EL PASO, LUZ ROJA DEL SEMAFORO, ETC).",CHOQUE LATERAL,CAMIONETA,1,0,0,0,1,0,0,0,0,0,0,0,0,2,26,HOMBRE,LESIONADO,CONDUCTOR PRESENTE,NO,NO,1
34267,146694,146695,2023,0,0,-0.187488,-78.491703,PICHINCHA,QUITO,QUITO,URBANA,2023-05-18,22:50:00,22,JUEVES,4,MAYO,5,NO,CONDUCIR VEHICULO SUPERANDO LOS LIMITES MAXIMOS DE VELOCIDAD.,OTROS,AUTOMOVIL,1,0,0,0,0,0,0,0,0,1,0,0,0,2,30,HOMBRE,ILESO,CONDUCTOR PRESENTE,NO,NO,1
34268,146696,146697,2023,0,0,-0.108645,-78.445792,PICHINCHA,QUITO,CALDERON (CARAPUNGO),RURAL,2023-05-18,23:00:00,23,JUEVES,4,MAYO,5,NO,NO MANTENER LA DISTANCIA PRUDENCIAL CON RESPECTO AL VEHICULO QUE LE ANTECEDE.,CHOQUE POSTERIOR,AUTOMOVIL,2,0,0,0,0,0,0,0,0,0,0,0,0,2,31,HOMBRE,ILESO,CONDUCTOR PRESENTE,NO,NO,3
34269,146698,146699,2023,0,0,-0.139571,-78.473707,PICHINCHA,QUITO,QUITO,URBANA,2023-05-19,01:00:00,1,VIERNES,5,MAYO,5,NO,CONDUCIR VEHICULO SUPERANDO LOS LIMITES MAXIMOS DE VELOCIDAD.,ESTRELLAMIENTOS,AUTOMOVIL,1,0,0,0,0,0,0,0,0,0,0,0,0,1,-1,NO IDENTIFICADO,NO IDENTIFICADO,CONDUCTOR AUSENTE,NO,NO,2
34270,146701,146702,2023,0,0,-0.211134,-78.487881,PICHINCHA,QUITO,QUITO,URBANA,2023-05-19,02:00:00,2,VIERNES,5,MAYO,5,NO,CONDUCIR VEHICULO SUPERANDO LOS LIMITES MAXIMOS DE VELOCIDAD.,ESTRELLAMIENTOS,AUTOMOVIL,1,0,0,0,0,0,0,0,0,0,0,0,0,1,-1,NO IDENTIFICADO,NO IDENTIFICADO,CONDUCTOR AUSENTE,NO,NO,2
34271,146705,146706,2023,0,0,-0.208787,-78.520738,PICHINCHA,QUITO,QUITO,URBANA,2023-05-19,05:10:00,5,VIERNES,5,MAYO,5,NO,CONDUCIR VEHICULO SUPERANDO LOS LIMITES MAXIMOS DE VELOCIDAD.,ESTRELLAMIENTOS,CAMIONETA,0,0,0,0,1,0,0,0,0,0,0,0,0,1,60,HOMBRE,ILESO,CONDUCTOR PRESENTE,NO,NO,1
34272,146706,146707,2023,0,0,-0.211334,-78.498379,PICHINCHA,QUITO,QUITO,URBANA,2023-05-19,05:15:00,5,VIERNES,5,MAYO,5,NO,"CONDUCE BAJO LA INFLUENCIA DE ALCOHOL, SUSTANCIAS ESTUPEFACIENTES O PSICOTROPICAS Y/O MEDICAMENTOS.",ESTRELLAMIENTOS,AUTOMOVIL,1,0,0,0,0,0,0,0,0,0,0,0,0,1,32,HOMBRE,ILESO,CONDUCTOR PRESENTE,NO,NO,1
34273,146714,146715,2023,1,0,-0.177411,-78.478071,PICHINCHA,QUITO,QUITO,URBANA,2023-05-19,13:05:00,13,VIERNES,5,MAYO,5,NO,NO CEDER EL DERECHO DE VIA O PREFERENCIA DE PASO AL PEATON.,ATROPELLOS,NO IDENTIFICADO,0,0,0,0,0,0,0,0,0,1,0,0,0,1,64,MUJER,LESIONADO,PEATON,NO,NO,1
34274,146715,146716,2023,1,0,-0.328671,-78.550558,PICHINCHA,QUITO,QUITO,URBANA,2023-05-19,14:08:00,14,VIERNES,5,MAYO,5,NO,NO CEDER EL DERECHO DE VIA O PREFERENCIA DE PASO AL PEATON.,ARROLLAMIENTOS,BUS,0,0,1,0,0,0,0,0,0,0,0,0,0,1,85,MUJER,LESIONADO,PEATON,NO,NO,1
34275,146720,146721,2023,0,0,-0.198536,-78.462995,PICHINCHA,QUITO,QUITO,URBANA,2023-05-19,16:00:00,16,VIERNES,5,MAYO,5,NO,NO MANTENER LA DISTANCIA PRUDENCIAL CON RESPECTO AL VEHICULO QUE LE ANTECEDE.,COLISION,CAMIONETA,2,0,0,0,2,0,0,0,0,0,0,0,0,4,51,HOMBRE,ILESO,CONDUCTOR PRESENTE,NO,NO,1
34276,146725,146726,2023,1,0,-0.128585,-78.471085,PICHINCHA,QUITO,QUITO,URBANA,2023-05-19,20:25:00,20,VIERNES,5,MAYO,5,NO,"PEATON TRANSITA BAJO INFLUENCIA DE ALCOHOL, SUSTANCIAS ESTUPEFACIENTES O PSICOTROPICAS Y/O MEDICAMENTOS.",ARROLLAMIENTOS,CAMION,0,0,0,1,0,0,0,0,0,0,0,0,0,1,41,HOMBRE,LESIONADO,PEATON,NO,NO,1
34277,146726,146727,2023,2,0,-0.288871,-78.524461,PICHINCHA,QUITO,QUITO,URBANA,2023-05-19,20:40:00,20,VIERNES,5,MAYO,5,NO,NO CEDER EL DERECHO DE VIA O PREFERENCIA DE PASO AL PEATON.,ATROPELLOS,NO IDENTIFICADO,0,0,0,0,0,0,0,0,0,1,0,0,0,1,20,HOMBRE,LESIONADO,PEATON,NO,NO,1
34278,146728,146729,2023,0,0,-0.300923,-78.485815,PICHINCHA,QUITO,CONOCOTO,RURAL,2023-05-19,21:05:00,21,VIERNES,5,MAYO,5,NO,CONDUCIR VEHICULO SUPERANDO LOS LIMITES MAXIMOS DE VELOCIDAD.,CHOQUE LATERAL,MOTOCICLETA,1,0,0,0,0,0,0,0,1,0,0,0,0,2,34,HOMBRE,ILESO,CONDUCTOR PRESENTE,NO,NO,3
34279,146730,146731,2023,0,1,-0.449411,-78.585734,PICHINCHA,MEJIA,ALOAG,RURAL,2023-05-19,21:30:00,21,VIERNES,5,MAYO,5,NO,MALAS CONDICIONES DE LA VIA Y/O CONFIGURACION. (ILUMINACION Y DISENIO).,ESTRELLAMIENTOS,BUS,0,0,1,0,0,0,0,0,0,1,0,0,0,2,20,HOMBRE,FALLECIDO,CONDUCTOR PRESENTE,NO,SI,3
34280,146739,146740,2023,1,0,-0.291602,-78.519741,PICHINCHA,QUITO,QUITO,URBANA,2023-05-19,23:00:00,23,VIERNES,5,MAYO,5,NO,CONDUCIR VEHICULO SUPERANDO LOS LIMITES MAXIMOS DE VELOCIDAD.,ESTRELLAMIENTOS,AUTOMOVIL,1,0,0,0,0,0,0,0,0,0,0,0,0,1,20,HOMBRE,LESIONADO,CONDUCTOR PRESENTE,NO,NO,1
34281,146743,146744,2023,3,0,0.044116,-78.142404,PICHINCHA,CAYAMBE,CAYAMBE,URBANA,2023-05-20,00:30:00,0,SABADO,6,MAYO,5,NO,"CONDUCIR DESATENTO A LAS CONDICIONES DE TRANSITO (CELULAR, PANTALLAS DE VIDEO, COMIDA, MAQUILLAJE O CUALQUIER OTRO ELEMENTO DISTRACTOR).",CHOQUE LATERAL,MOTOCICLETA,1,0,0,0,0,0,0,0,1,0,0,0,0,2,18,HOMBRE,LESIONADO,CONDUCTOR PRESENTE,NO,SI,1
34282,146745,146746,2023,0,0,-0.160161,-78.466919,PICHINCHA,QUITO,QUITO,URBANA,2023-05-20,00:45:00,0,SABADO,6,MAYO,5,NO,NO MANTENER LA DISTANCIA PRUDENCIAL CON RESPECTO AL VEHICULO QUE LE ANTECEDE.,CHOQUE POSTERIOR,AUTOMOVIL,2,0,0,0,0,0,0,0,0,0,0,0,0,2,20,HOMBRE,ILESO,CONDUCTOR PRESENTE,NO,NO,1
34283,146750,146751,2023,0,0,-0.304039,-78.559174,PICHINCHA,QUITO,QUITO,URBANA,2023-05-20,02:15:00,2,SABADO,6,MAYO,5,NO,CONDUCIR VEHICULO SUPERANDO LOS LIMITES MAXIMOS DE VELOCIDAD.,CHOQUE LATERAL,AUTOMOVIL,2,0,0,0,0,0,0,0,0,0,0,0,0,2,62,HOMBRE,ILESO,CONDUCTOR PRESENTE,NO,NO,1
34284,146751,146752,2023,0,0,-0.100663,-78.472237,PICHINCHA,QUITO,QUITO,URBANA,2023-05-20,02:20:00,2,SABADO,6,MAYO,5,NO,"NO RESPETAR LAS SENIALES REGLAMENTARIAS DE TRANSITO. (PARE, CEDA EL PASO, LUZ ROJA DEL SEMAFORO, ETC).",CHOQUE LATERAL,AUTOMOVIL,2,0,0,0,0,0,0,0,0,0,0,0,0,2,28,HOMBRE,ILESO,CONDUCTOR PRESENTE,NO,NO,1
34285,146754,146755,2023,0,0,-0.180485,-78.510878,PICHINCHA,QUITO,QUITO,URBANA,2023-05-20,03:00:00,3,SABADO,6,MAYO,5,NO,REALIZAR CAMBIO BRUSCO O INDEBIDO DE CARRIL.,CHOQUE LATERAL,MOTOCICLETA,1,0,0,0,0,0,0,0,1,0,0,0,0,2,36,HOMBRE,ILESO,CONDUCTOR PRESENTE,NO,NO,1
34286,146767,146768,2023,1,0,-0.413944,-78.801139,PICHINCHA,MEJIA,MANUEL CORNEJO ASTORGA,RURAL,2023-05-20,11:57:00,11,SABADO,6,MAYO,5,NO,"NO RESPETAR LAS SENIALES REGLAMENTARIAS DE TRANSITO. (PARE, CEDA EL PASO, LUZ ROJA DEL SEMAFORO, ETC).",CHOQUE LATERAL,CAMION,0,0,0,2,0,0,0,0,0,0,0,0,0,2,29,HOMBRE,LESIONADO,CONDUCTOR PRESENTE,NO,NO,3
34287,146769,146770,2023,0,0,-0.142978,-78.443515,PICHINCHA,QUITO,LLANO CHICO,RURAL,2023-05-20,12:55:00,12,SABADO,6,MAYO,5,NO,REALIZAR CAMBIO BRUSCO O INDEBIDO DE CARRIL.,ESTRELLAMIENTOS,CAMION,0,0,0,1,0,0,0,0,0,0,0,0,0,1,33,HOMBRE,ILESO,CONDUCTOR PRESENTE,NO,NO,3
34288,146776,146777,2023,0,0,-0.105523,-78.490548,PICHINCHA,QUITO,QUITO,URBANA,2023-05-20,16:00:00,16,SABADO,6,MAYO,5,NO,"NO RESPETAR LAS SENIALES REGLAMENTARIAS DE TRANSITO. (PARE, CEDA EL PASO, LUZ ROJA DEL SEMAFORO, ETC).",OTROS,AUTOMOVIL,3,0,0,0,0,0,0,0,0,0,0,0,0,3,40,HOMBRE,ILESO,CONDUCTOR PRESENTE,NO,NO,1
34289,146796,146797,2023,0,0,-0.281425,-78.533991,PICHINCHA,QUITO,QUITO,URBANA,2023-05-20,21:50:00,21,SABADO,6,MAYO,5,NO,CONDUCIR VEHICULO SUPERANDO LOS LIMITES MAXIMOS DE VELOCIDAD.,OTROS,AUTOMOVIL,2,0,0,0,0,0,0,0,0,0,0,0,0,2,47,HOMBRE,ILESO,PEATON,NO,NO,1
34290,146805,146806,2023,0,0,-0.281821,-78.476267,PICHINCHA,QUITO,CONOCOTO,RURAL,2023-05-20,23:40:00,23,SABADO,6,MAYO,5,NO,CONDUCIR VEHICULO SUPERANDO LOS LIMITES MAXIMOS DE VELOCIDAD.,ESTRELLAMIENTOS,CAMIONETA,0,0,0,0,1,0,0,0,0,0,0,0,0,1,-1,NO IDENTIFICADO,NO IDENTIFICADO,CONDUCTOR AUSENTE,NO,NO,2
34291,146808,146809,2023,0,0,-0.215233,-78.517328,PICHINCHA,QUITO,QUITO,URBANA,2023-05-21,00:30:00,0,DOMINGO,7,MAYO,5,NO,CONDUCIR VEHICULO SUPERANDO LOS LIMITES MAXIMOS DE VELOCIDAD.,ESTRELLAMIENTOS,AUTOMOVIL,1,0,0,0,0,0,0,0,0,0,0,0,0,1,31,HOMBRE,ILESO,CONDUCTOR PRESENTE,NO,NO,1
34292,146811,146812,2023,3,0,-0.270765,-78.528772,PICHINCHA,QUITO,QUITO,URBANA,2023-05-21,01:35:00,1,DOMINGO,7,MAYO,5,NO,CONDUCIR VEHICULO SUPERANDO LOS LIMITES MAXIMOS DE VELOCIDAD.,ESTRELLAMIENTOS,CAMIONETA,0,0,0,0,1,0,0,0,0,0,0,0,0,1,40,HOMBRE,LESIONADO,PASAJERO,NO,NO,1
34293,146812,146813,2023,0,0,-0.307811,-78.521806,PICHINCHA,QUITO,QUITO,URBANA,2023-05-21,01:45:00,1,DOMINGO,7,MAYO,5,NO,NO MANTENER LA DISTANCIA PRUDENCIAL CON RESPECTO AL VEHICULO QUE LE ANTECEDE.,CHOQUE POSTERIOR,CAMIONETA,1,0,0,0,1,0,0,0,0,0,0,0,0,2,-1,NO IDENTIFICADO,NO IDENTIFICADO,CONDUCTOR AUSENTE,NO,NO,2
34294,146814,146815,2023,0,0,-0.119411,-78.471364,PICHINCHA,QUITO,QUITO,URBANA,2023-05-21,02:00:00,2,DOMINGO,7,MAYO,5,NO,CONDUCIR VEHICULO SUPERANDO LOS LIMITES MAXIMOS DE VELOCIDAD.,ESTRELLAMIENTOS,AUTOMOVIL,1,0,0,0,0,0,0,0,0,0,0,0,0,1,-1,NO IDENTIFICADO,NO IDENTIFICADO,CONDUCTOR AUSENTE,NO,NO,2
34295,146822,146823,2023,0,0,-0.290579,-78.560929,PICHINCHA,QUITO,QUITO,URBANA,2023-05-21,03:40:00,3,DOMINGO,7,MAYO,5,NO,CONDUCIR VEHICULO SUPERANDO LOS LIMITES MAXIMOS DE VELOCIDAD.,ESTRELLAMIENTOS,AUTOMOVIL,1,0,0,0,0,0,0,0,0,0,0,0,0,1,-1,NO IDENTIFICADO,NO IDENTIFICADO,CONDUCTOR AUSENTE,NO,NO,2
34296,146823,146824,2023,0,0,-0.282473,-78.494438,PICHINCHA,QUITO,CONOCOTO,RURAL,2023-05-21,03:45:00,3,DOMINGO,7,MAYO,5,NO,CONDUCIR VEHICULO SUPERANDO LOS LIMITES MAXIMOS DE VELOCIDAD.,ESTRELLAMIENTOS,AUTOMOVIL,1,0,0,0,0,0,0,0,0,0,0,0,0,1,-1,NO IDENTIFICADO,NO IDENTIFICADO,CONDUCTOR AUSENTE,NO,NO,2
34297,146843,146844,2023,1,0,-0.076533,-78.464704,PICHINCHA,QUITO,QUITO,URBANA,2023-05-21,13:00:00,13,DOMINGO,7,MAYO,5,NO,NO MANTENER LA DISTANCIA PRUDENCIAL CON RESPECTO AL VEHICULO QUE LE ANTECEDE.,CHOQUE POSTERIOR,CAMION,0,0,0,1,0,0,0,0,1,0,0,0,0,2,31,HOMBRE,LESIONADO,CONDUCTOR PRESENTE,NO,NO,1
34298,146846,146847,2023,0,0,-0.191615,-78.443187,PICHINCHA,QUITO,NAYON,RURAL,2023-05-21,14:10:00,14,DOMINGO,7,MAYO,5,NO,"NO RESPETAR LAS SENIALES REGLAMENTARIAS DE TRANSITO. (PARE, CEDA EL PASO, LUZ ROJA DEL SEMAFORO, ETC).",CHOQUE LATERAL,MOTOCICLETA,1,0,0,0,0,0,0,0,1,0,0,0,0,2,56,HOMBRE,ILESO,CONDUCTOR PRESENTE,NO,NO,3
34299,146849,146850,2023,0,0,-0.193968,-78.462027,PICHINCHA,QUITO,QUITO,URBANA,2023-05-21,16:40:00,16,DOMINGO,7,MAYO,5,NO,NO MANTENER LA DISTANCIA PRUDENCIAL CON RESPECTO AL VEHICULO QUE LE ANTECEDE.,CHOQUE POSTERIOR,AUTOMOVIL,2,0,0,0,0,0,0,0,0,0,0,0,0,2,34,HOMBRE,ILESO,CONDUCTOR PRESENTE,NO,NO,1
34300,146851,146852,2023,1,0,-0.122235,-78.495577,PICHINCHA,QUITO,QUITO,URBANA,2023-05-21,17:30:00,17,DOMINGO,7,MAYO,5,NO,"NO RESPETAR LAS SENIALES REGLAMENTARIAS DE TRANSITO. (PARE, CEDA EL PASO, LUZ ROJA DEL SEMAFORO, ETC).",CHOQUE LATERAL,MOTOCICLETA,1,0,0,0,0,0,0,0,1,0,0,0,0,2,17,HOMBRE,LESIONADO,CONDUCTOR PRESENTE,NO,NO,1
34301,146858,146859,2023,1,0,-0.238048,-78.482959,PICHINCHA,QUITO,QUITO,URBANA,2023-05-21,19:30:00,19,DOMINGO,7,MAYO,5,NO,CONDUCIR VEHICULO SUPERANDO LOS LIMITES MAXIMOS DE VELOCIDAD.,PERDIDA DE CARRIL,AUTOMOVIL,1,0,0,0,0,0,0,0,0,0,0,0,0,1,37,HOMBRE,LESIONADO,CONDUCTOR PRESENTE,NO,NO,1
34302,146861,146862,2023,2,0,-0.117441,-78.488589,PICHINCHA,QUITO,QUITO,URBANA,2023-05-21,20:40:00,20,DOMINGO,7,MAYO,5,NO,"NO RESPETAR LAS SENIALES REGLAMENTARIAS DE TRANSITO. (PARE, CEDA EL PASO, LUZ ROJA DEL SEMAFORO, ETC).",CHOQUE LATERAL,MOTOCICLETA,1,0,0,0,0,0,0,0,1,0,0,0,0,2,43,HOMBRE,LESIONADO,CONDUCTOR PRESENTE,NO,NO,1
34303,146871,146872,2023,0,0,-0.077897,-78.386135,PICHINCHA,QUITO,CALDERON (CARAPUNGO),RURAL,2023-05-21,23:30:00,23,DOMINGO,7,MAYO,5,NO,"CONDICIONES AMBIENTALES Y/O ATMOSFERICAS (NIEBLA, NEBLINA, GRANIZO, LLUVIA).",PERDIDA DE PISTA,CAMION,0,0,0,1,0,0,0,0,0,0,0,0,0,1,41,HOMBRE,ILESO,CONDUCTOR PRESENTE,NO,SI,3
34304,146873,146874,2023,3,0,-0.232845,-78.524471,PICHINCHA,QUITO,QUITO,URBANA,2023-05-22,01:05:00,1,LUNES,1,MAYO,5,NO,"NO RESPETAR LAS SENIALES REGLAMENTARIAS DE TRANSITO. (PARE, CEDA EL PASO, LUZ ROJA DEL SEMAFORO, ETC).",CHOQUE LATERAL,AUTOMOVIL,2,0,0,0,0,0,0,0,0,0,0,0,0,2,53,HOMBRE,LESIONADO,PASAJERO,NO,NO,1
34305,146878,146879,2023,0,0,-0.190961,-78.458492,PICHINCHA,QUITO,QUITO,URBANA,2023-05-22,05:55:00,5,LUNES,1,MAYO,5,NO,CONDUCIR VEHICULO SUPERANDO LOS LIMITES MAXIMOS DE VELOCIDAD.,ESTRELLAMIENTOS,CAMIONETA,0,0,0,0,1,0,0,0,0,0,0,0,0,1,39,MUJER,ILESO,CONDUCTOR PRESENTE,NO,NO,1
34306,146881,146882,2023,1,0,-0.173038,-78.487971,PICHINCHA,QUITO,QUITO,URBANA,2023-05-22,06:45:00,6,LUNES,1,MAYO,5,NO,NO MANTENER LA DISTANCIA PRUDENCIAL CON RESPECTO AL VEHICULO QUE LE ANTECEDE.,COLISION,AUTOMOVIL,3,0,0,0,0,0,0,0,0,0,0,0,0,3,19,MUJER,LESIONADO,PASAJERO,NO,NO,1
34307,146885,146886,2023,3,0,-0.206201,-78.512101,PICHINCHA,QUITO,QUITO,URBANA,2023-05-22,07:38:00,7,LUNES,1,MAYO,5,NO,CONDUCIR EN SENTIDO CONTRARIO A LA VIA NORMAL DE CIRCULACION.,CHOQUE FRONTAL,AUTOMOVIL,2,0,0,0,0,0,0,0,0,0,0,0,0,2,42,HOMBRE,LESIONADO,CONDUCTOR PRESENTE,NO,NO,1
34308,146886,146887,2023,0,0,-0.449411,-78.585734,PICHINCHA,MEJIA,ALOAG,RURAL,2023-05-22,08:30:00,8,LUNES,1,MAYO,5,NO,"CONDUCIR DESATENTO A LAS CONDICIONES DE TRANSITO (CELULAR, PANTALLAS DE VIDEO, COMIDA, MAQUILLAJE O CUALQUIER OTRO ELEMENTO DISTRACTOR).",ROZAMIENTOS,BUS,0,0,1,0,0,0,0,0,0,0,0,0,0,1,48,HOMBRE,ILESO,CONDUCTOR PRESENTE,NO,SI,3
34309,146889,146890,2023,0,0,-0.180743,-78.505275,PICHINCHA,QUITO,QUITO,URBANA,2023-05-22,08:50:00,8,LUNES,1,MAYO,5,NO,NO GUARDAR LA DISTANCIA LATERAL MINIMA DE SEGURIDAD ENTRE VEHICULOS.,CHOQUE LATERAL,AUTOMOVIL,2,0,0,0,0,0,0,0,0,0,0,0,0,2,37,HOMBRE,ILESO,CONDUCTOR PRESENTE,NO,NO,1
34310,146890,146891,2023,0,0,-0.203639,-78.490531,PICHINCHA,QUITO,QUITO,URBANA,2023-05-22,09:05:00,9,LUNES,1,MAYO,5,NO,CONDUCIR VEHICULO SUPERANDO LOS LIMITES MAXIMOS DE VELOCIDAD.,CHOQUE LATERAL,AUTOMOVIL,2,0,0,0,0,0,0,0,0,0,0,0,0,2,23,HOMBRE,ILESO,CONDUCTOR PRESENTE,NO,NO,1
34311,146895,146896,2023,1,0,-0.127459,-78.446243,PICHINCHA,QUITO,LLANO CHICO,RURAL,2023-05-22,10:00:00,10,LUNES,1,MAYO,5,NO,MALAS CONDICIONES DE LA VIA Y/O CONFIGURACION. (ILUMINACION Y DISENIO).,CAIDA DE PASAJERO,BUS,0,0,1,0,0,0,0,0,0,0,0,0,0,1,63,MUJER,LESIONADO,PASAJERO,NO,NO,3
34312,146916,146917,2023,0,0,-0.092664,-78.437933,PICHINCHA,QUITO,CALDERON (CARAPUNGO),RURAL,2023-05-22,15:36:00,15,LUNES,1,MAYO,5,NO,"NO RESPETAR LAS SENIALES REGLAMENTARIAS DE TRANSITO. (PARE, CEDA EL PASO, LUZ ROJA DEL SEMAFORO, ETC).",CHOQUE LATERAL,CAMIONETA,1,0,0,0,1,0,0,0,0,0,0,0,0,2,49,HOMBRE,ILESO,CONDUCTOR PRESENTE,NO,NO,3
34313,146928,146929,2023,0,0,-0.164453,-78.482753,PICHINCHA,QUITO,QUITO,URBANA,2023-05-22,18:10:00,18,LUNES,1,MAYO,5,NO,CONDUCIR VEHICULO SUPERANDO LOS LIMITES MAXIMOS DE VELOCIDAD.,ESTRELLAMIENTOS,BUS,0,0,1,0,1,0,0,0,0,0,0,0,0,2,39,HOMBRE,ILESO,CONDUCTOR PRESENTE,NO,NO,1
34314,146939,146940,2023,2,0,-0.270853,-78.551917,PICHINCHA,QUITO,QUITO,URBANA,2023-05-22,21:40:00,21,LUNES,1,MAYO,5,NO,PEATON QUE CRUZA LA CALZADA SIN RESPETAR LA SENIALIZACION EXISTENTE (SEMAFOROS O SENIALES MANUALES).,ATROPELLOS,MOTOCICLETA,0,0,0,0,0,0,0,0,1,0,0,0,0,1,40,HOMBRE,LESIONADO,PEATON,NO,NO,1
34315,146946,146947,2023,1,0,-0.157401,-78.460511,PICHINCHA,QUITO,QUITO,URBANA,2023-05-23,01:00:00,1,MARTES,2,MAYO,5,NO,"CONDUCE BAJO LA INFLUENCIA DE ALCOHOL, SUSTANCIAS ESTUPEFACIENTES O PSICOTROPICAS Y/O MEDICAMENTOS.",ESTRELLAMIENTOS,AUTOMOVIL,1,0,0,0,0,0,0,0,0,0,0,0,0,1,47,HOMBRE,LESIONADO,CONDUCTOR PRESENTE,NO,NO,1
34316,146951,146952,2023,1,0,-0.247291,-78.534953,PICHINCHA,QUITO,QUITO,URBANA,2023-05-23,06:20:00,6,MARTES,2,MAYO,5,NO,"CASO FORTUITO O FUERZA MAYOR (EXPLOSION DE NEUMATICO NUEVO, DERRUMBE, INUNDACION, CAIDA DE PUENTE, ARBOL, PRESENCIA INTEMPESTIVA E IMPREVISTA DE SEMOVIENTES EN LA VIA, ETC.).",CHOQUE LATERAL,MOTOCICLETA,0,0,0,0,0,0,0,0,1,1,0,0,0,2,27,HOMBRE,LESIONADO,CONDUCTOR PRESENTE,NO,NO,1
34317,146953,146954,2023,1,0,-0.225064,-78.516207,PICHINCHA,QUITO,QUITO,URBANA,2023-05-23,06:30:00,6,MARTES,2,MAYO,5,NO,REALIZAR CAMBIO BRUSCO O INDEBIDO DE CARRIL.,ROZAMIENTOS,BUS,0,0,1,0,0,0,0,0,1,0,0,0,0,2,26,HOMBRE,LESIONADO,CONDUCTOR PRESENTE,NO,NO,1
34318,146954,146955,2023,0,0,-0.139864,-78.445642,PICHINCHA,QUITO,LLANO CHICO,RURAL,2023-05-23,06:40:00,6,MARTES,2,MAYO,5,NO,NO MANTENER LA DISTANCIA PRUDENCIAL CON RESPECTO AL VEHICULO QUE LE ANTECEDE.,COLISION,AUTOMOVIL,3,0,0,0,0,0,0,0,0,0,0,0,0,3,52,HOMBRE,ILESO,CONDUCTOR PRESENTE,NO,NO,3
34319,146956,146957,2023,1,0,-0.207775,-78.495407,PICHINCHA,QUITO,QUITO,URBANA,2023-05-23,07:20:00,7,MARTES,2,MAYO,5,NO,"NO RESPETAR LAS SENIALES REGLAMENTARIAS DE TRANSITO. (PARE, CEDA EL PASO, LUZ ROJA DEL SEMAFORO, ETC).",CHOQUE LATERAL,MOTOCICLETA,1,0,0,0,0,0,0,0,1,0,0,0,0,2,25,HOMBRE,LESIONADO,CONDUCTOR PRESENTE,NO,NO,1
34320,146960,146961,2023,1,0,-0.323469,-78.554268,PICHINCHA,QUITO,QUITO,URBANA,2023-05-23,13:10:00,13,MARTES,2,MAYO,5,NO,NO CEDER EL DERECHO DE VIA O PREFERENCIA DE PASO AL PEATON.,ATROPELLOS,AUTOMOVIL,1,0,0,0,0,0,0,0,0,0,0,0,0,1,46,HOMBRE,LESIONADO,PEATON,NO,NO,1
34321,146968,146969,2023,1,0,-0.161999,-78.485939,PICHINCHA,QUITO,QUITO,URBANA,2023-05-23,18:15:00,18,MARTES,2,MAYO,5,NO,CONDUCIR VEHICULO SUPERANDO LOS LIMITES MAXIMOS DE VELOCIDAD.,ATROPELLOS,MOTOCICLETA,0,0,0,0,0,0,0,0,1,0,0,0,0,1,31,MUJER,LESIONADO,PEATON,NO,NO,1
34322,146970,146971,2023,0,1,-0.283861,-78.544131,PICHINCHA,QUITO,QUITO,URBANA,2023-05-23,18:40:00,18,MARTES,2,MAYO,5,NO,PEATON QUE CRUZA LA CALZADA SIN RESPETAR LA SENIALIZACION EXISTENTE (SEMAFOROS O SENIALES MANUALES).,ATROPELLOS,MOTOCICLETA,0,0,0,0,0,0,0,0,1,0,0,0,0,1,68,HOMBRE,FALLECIDO,PEATON,NO,NO,1
34323,146978,146979,2023,2,0,-0.094772,-78.483199,PICHINCHA,QUITO,QUITO,URBANA,2023-05-24,04:20:00,4,MIERCOLES,3,MAYO,5,NO,CONDUCIR VEHICULO SUPERANDO LOS LIMITES MAXIMOS DE VELOCIDAD.,CHOQUE FRONTAL,MOTOCICLETA,1,0,0,0,0,0,0,0,1,0,0,0,0,2,19,HOMBRE,LESIONADO,PASAJERO,NO,NO,1
34324,146983,146984,2023,0,0,-0.163524,-78.496223,PICHINCHA,QUITO,QUITO,URBANA,2023-05-24,09:20:00,9,MIERCOLES,3,MAYO,5,NO,CONDUCIR VEHICULO SUPERANDO LOS LIMITES MAXIMOS DE VELOCIDAD.,CHOQUE LATERAL,AUTOMOVIL,2,0,0,0,0,0,0,0,0,0,0,0,0,2,84,HOMBRE,ILESO,CONDUCTOR PRESENTE,NO,NO,1