,Unnamed: 0,ID,ANIO,LESIONADOS,FALLECIDOS,LATITUD_Y,LONGITUD_X,PROVINCIA,CANTON,PARROQUIA,ZONA,FECHA,HORA,PERIODO_2,DIA_1,DIA_2,MES_1,MES_2,FERIADO,CAUSA_PROBABLE,TIPO_DE_SINIESTRO,TIPO_DE_VEHICULO_1,AUTOMOVIL,BICICLETA,BUS,CAMION,CAMIONETA,EMERGENCIAS,ESPECIAL,FURGONETA,MOTOCICLETA,NO_IDENTIFICADO,SCOOTER_ELECTRICO,TRICIMOTO,VEHICULO_DEPORTIVO_UTILITARIO,SUMA_DE_VEHICULOS,EDAD_1,SEXO_1,CONDICION_1,PARTICIPANTE_1,CASCO_1,CINTURON_1,KMeans_Cluster
34325,146990,146991,2023,1,0,-0.339825,-78.562777,PICHINCHA,QUITO,QUITO,URBANA,2023-05-24,15:45:00,15,MIERCOLES,3,MAYO,5,NO,"NO RESPETAR LAS SENIALES REGLAMENTARIAS DE TRANSITO. (PARE, CEDA EL PASO, LUZ ROJA DEL SEMAFORO, ETC).",CHOQUE LATERAL,MOTOCICLETA,1,0,0,0,0,0,0,0,1,0,0,0,0,2,20,HOMBRE,LESIONADO,CONDUCTOR PRESENTE,NO,NO,1
34326,146995,146996,2023,1,0,-0.141997,-78.302647,PICHINCHA,QUITO,CHECA (CHILPA),RURAL,2023-05-24,18:50:00,18,MIERCOLES,3,MAYO,5,NO,CONDUCIR VEHICULO SUPERANDO LOS LIMITES MAXIMOS DE VELOCIDAD.,OTROS,CAMION,0,0,0,1,0,0,0,0,0,0,0,0,0,1,40,HOMBRE,LESIONADO,CONDUCTOR PRESENTE,NO,NO,3
34327,147000,147001,2023,0,0,-0.214509,-78.491158,PICHINCHA,QUITO,QUITO,URBANA,2023-05-24,21:00:00,21,MIERCOLES,3,MAYO,5,NO,NO GUARDAR LA DISTANCIA LATERAL MINIMA DE SEGURIDAD ENTRE VEHICULOS.,ROZAMIENTOS,AUTOMOVIL,2,0,0,0,0,0,0,0,0,0,0,0,0,2,30,MUJER,ILESO,CONDUCTOR PRESENTE,NO,NO,1
34328,147005,147006,2023,6,0,-0.260012,-78.332605,PICHINCHA,QUITO,PIFO,RURAL,2023-05-24,23:30:00,23,MIERCOLES,3,MAYO,5,NO,"CONDUCE BAJO LA INFLUENCIA DE ALCOHOL, SUSTANCIAS ESTUPEFACIENTES O PSICOTROPICAS Y/O MEDICAMENTOS.",CHOQUE FRONTAL,VEHICULO DEPORTIVO UTILITARIO,1,0,0,0,0,0,0,0,0,0,0,0,1,2,48,HOMBRE,LESIONADO,CONDUCTOR PRESENTE,NO,SI,3
34329,147015,147016,2023,1,0,-0.105348,-78.471641,PICHINCHA,QUITO,QUITO,URBANA,2023-05-25,08:55:00,8,JUEVES,4,MAYO,5,NO,CONDUCIR VEHICULO SUPERANDO LOS LIMITES MAXIMOS DE VELOCIDAD.,CHOQUE LATERAL,CAMION,0,0,0,1,0,0,0,0,1,0,0,0,0,2,32,HOMBRE,LESIONADO,CONDUCTOR PRESENTE,NO,NO,1
34330,147018,147019,2023,1,0,-0.364552,-78.529677,PICHINCHA,MEJIA,CUTUGLAHUA,RURAL,2023-05-25,11:30:00,11,JUEVES,4,MAYO,5,NO,"CONDUCIR DESATENTO A LAS CONDICIONES DE TRANSITO (CELULAR, PANTALLAS DE VIDEO, COMIDA, MAQUILLAJE O CUALQUIER OTRO ELEMENTO DISTRACTOR).",CHOQUE LATERAL,BUS,0,0,1,1,0,0,0,0,0,0,0,0,0,2,15,MUJER,LESIONADO,PASAJERO,NO,SI,3
34331,147024,147025,2023,1,0,-0.185829,-78.497048,PICHINCHA,QUITO,QUITO,URBANA,2023-05-25,13:20:00,13,JUEVES,4,MAYO,5,SI,"NO RESPETAR LAS SENIALES REGLAMENTARIAS DE TRANSITO. (PARE, CEDA EL PASO, LUZ ROJA DEL SEMAFORO, ETC).",OTROS,AUTOMOVIL,3,0,0,0,0,0,0,0,0,0,0,0,0,3,33,MUJER,LESIONADO,CONDUCTOR PRESENTE,NO,NO,1
34332,147028,147029,2023,0,0,-0.166454,-78.486584,PICHINCHA,QUITO,QUITO,URBANA,2023-05-25,14:50:00,14,JUEVES,4,MAYO,5,SI,NO MANTENER LA DISTANCIA PRUDENCIAL CON RESPECTO AL VEHICULO QUE LE ANTECEDE.,CHOQUE POSTERIOR,FURGONETA,1,0,0,0,0,0,0,1,0,0,0,0,0,2,43,HOMBRE,ILESO,CONDUCTOR PRESENTE,NO,NO,1
34333,147033,147034,2023,0,0,-0.310631,-78.571732,PICHINCHA,QUITO,QUITO,URBANA,2023-05-25,15:56:00,15,JUEVES,4,MAYO,5,SI,"NO RESPETAR LAS SENIALES REGLAMENTARIAS DE TRANSITO. (PARE, CEDA EL PASO, LUZ ROJA DEL SEMAFORO, ETC).",OTROS,CAMIONETA,0,0,0,0,1,0,0,0,0,0,0,0,0,1,-1,NO IDENTIFICADO,NO IDENTIFICADO,CONDUCTOR AUSENTE,NO,NO,2
34334,147040,147041,2023,0,0,-0.098671,-78.422365,PICHINCHA,QUITO,CALDERON (CARAPUNGO),RURAL,2023-05-25,18:45:00,18,JUEVES,4,MAYO,5,SI,CONDUCIR VEHICULO SUPERANDO LOS LIMITES MAXIMOS DE VELOCIDAD.,CHOQUE FRONTAL,MOTOCICLETA,1,0,0,0,0,0,0,0,1,0,0,0,0,2,28,HOMBRE,ILESO,CONDUCTOR PRESENTE,NO,NO,3
34335,147046,147047,2023,0,2,-0.128853,-78.472735,PICHINCHA,QUITO,QUITO,URBANA,2023-05-25,21:00:00,21,JUEVES,4,MAYO,5,SI,CONDUCIR VEHICULO SUPERANDO LOS LIMITES MAXIMOS DE VELOCIDAD.,OTROS,MOTOCICLETA,1,0,0,0,0,0,0,0,2,0,0,0,0,3,20,HOMBRE,FALLECIDO,PASAJERO,NO,NO,1
34336,147051,147052,2023,0,0,-0.275984,-78.502086,PICHINCHA,QUITO,CONOCOTO,RURAL,2023-05-25,23:00:00,23,JUEVES,4,MAYO,5,SI,CONDUCIR VEHICULO SUPERANDO LOS LIMITES MAXIMOS DE VELOCIDAD.,ESTRELLAMIENTOS,NO IDENTIFICADO,0,0,0,0,0,0,0,0,0,1,0,0,0,1,-1,NO IDENTIFICADO,NO IDENTIFICADO,CONDUCTOR AUSENTE,NO,NO,2
34337,147053,147054,2023,3,0,-0.171541,-78.490744,PICHINCHA,QUITO,QUITO,URBANA,2023-05-25,23:45:00,23,JUEVES,4,MAYO,5,SI,"NO RESPETAR LAS SENIALES REGLAMENTARIAS DE TRANSITO. (PARE, CEDA EL PASO, LUZ ROJA DEL SEMAFORO, ETC).",CHOQUE LATERAL,MOTOCICLETA,0,0,0,0,0,1,0,0,1,0,0,0,0,2,33,HOMBRE,LESIONADO,PASAJERO,NO,NO,1
34338,147058,147059,2023,2,0,-0.196237,-78.493258,PICHINCHA,QUITO,QUITO,URBANA,2023-05-26,03:15:00,3,VIERNES,5,MAYO,5,SI,"NO RESPETAR LAS SENIALES REGLAMENTARIAS DE TRANSITO. (PARE, CEDA EL PASO, LUZ ROJA DEL SEMAFORO, ETC).",CHOQUE LATERAL,AUTOMOVIL,2,0,0,0,0,0,0,0,0,0,0,0,0,2,32,HOMBRE,LESIONADO,CONDUCTOR PRESENTE,NO,NO,1
34339,147059,147060,2023,0,0,-0.204508,-78.498755,PICHINCHA,QUITO,QUITO,URBANA,2023-05-26,03:25:00,3,VIERNES,5,MAYO,5,SI,CONDUCIR VEHICULO SUPERANDO LOS LIMITES MAXIMOS DE VELOCIDAD.,ESTRELLAMIENTOS,AUTOMOVIL,1,0,0,0,0,0,0,0,0,0,0,0,0,1,27,HOMBRE,ILESO,PASAJERO,NO,NO,1
34340,147061,147062,2023,3,0,-0.119021,-78.471318,PICHINCHA,QUITO,QUITO,URBANA,2023-05-26,06:40:00,6,VIERNES,5,MAYO,5,SI,"CONDUCE BAJO LA INFLUENCIA DE ALCOHOL, SUSTANCIAS ESTUPEFACIENTES O PSICOTROPICAS Y/O MEDICAMENTOS.",ESTRELLAMIENTOS,AUTOMOVIL,1,0,0,0,0,0,0,0,0,0,0,0,0,1,26,HOMBRE,LESIONADO,CONDUCTOR PRESENTE,NO,NO,1
34341,147062,147063,2023,0,0,-0.244461,-78.494882,PICHINCHA,QUITO,QUITO,URBANA,2023-05-26,07:10:00,7,VIERNES,5,MAYO,5,SI,CONDUCIR VEHICULO SUPERANDO LOS LIMITES MAXIMOS DE VELOCIDAD.,ESTRELLAMIENTOS,AUTOMOVIL,1,0,0,0,0,0,0,0,0,0,0,0,0,1,25,HOMBRE,ILESO,CONDUCTOR PRESENTE,NO,NO,1
34342,147064,147065,2023,3,0,-0.175697,-78.485631,PICHINCHA,QUITO,QUITO,URBANA,2023-05-26,09:59:00,9,VIERNES,5,MAYO,5,SI,"NO RESPETAR LAS SENIALES REGLAMENTARIAS DE TRANSITO. (PARE, CEDA EL PASO, LUZ ROJA DEL SEMAFORO, ETC).",CHOQUE LATERAL,AUTOMOVIL,2,0,0,0,0,0,0,0,0,0,0,0,0,2,72,HOMBRE,LESIONADO,CONDUCTOR PRESENTE,NO,NO,1
34343,147067,147068,2023,1,0,-0.243955,-78.519501,PICHINCHA,QUITO,QUITO,URBANA,2023-05-26,11:45:00,11,VIERNES,5,MAYO,5,SI,"NO RESPETAR LAS SENIALES REGLAMENTARIAS DE TRANSITO. (PARE, CEDA EL PASO, LUZ ROJA DEL SEMAFORO, ETC).",CHOQUE LATERAL,MOTOCICLETA,1,0,0,0,0,0,0,0,1,0,0,0,0,2,28,HOMBRE,LESIONADO,CONDUCTOR PRESENTE,NO,NO,1
34344,147074,147075,2023,0,0,-0.161445,-78.476211,PICHINCHA,QUITO,QUITO,URBANA,2023-05-26,14:30:00,14,VIERNES,5,MAYO,5,SI,"NO RESPETAR LAS SENIALES REGLAMENTARIAS DE TRANSITO. (PARE, CEDA EL PASO, LUZ ROJA DEL SEMAFORO, ETC).",CHOQUE FRONTAL,BUS,1,0,1,0,0,0,0,0,0,0,0,0,0,2,50,HOMBRE,ILESO,CONDUCTOR PRESENTE,NO,NO,1
34345,147078,147079,2023,0,0,-0.288951,-78.523928,PICHINCHA,QUITO,QUITO,URBANA,2023-05-26,16:10:00,16,VIERNES,5,MAYO,5,SI,REALIZAR CAMBIO BRUSCO O INDEBIDO DE CARRIL.,CHOQUE LATERAL,AUTOMOVIL,2,0,0,0,0,0,0,0,0,0,0,0,0,2,37,HOMBRE,ILESO,CONDUCTOR PRESENTE,NO,NO,1
34346,147086,147087,2023,0,0,-0.105561,-78.499768,PICHINCHA,QUITO,QUITO,URBANA,2023-05-26,19:00:00,19,VIERNES,5,MAYO,5,SI,NO GUARDAR LA DISTANCIA LATERAL MINIMA DE SEGURIDAD ENTRE VEHICULOS.,ROZAMIENTOS,BUS,1,0,1,0,0,0,0,0,0,0,0,0,0,2,23,HOMBRE,ILESO,CONDUCTOR PRESENTE,NO,NO,1
34347,147093,147094,2023,0,1,0.043516,-78.151137,PICHINCHA,CAYAMBE,CAYAMBE,RURAL,2023-05-26,19:50:00,19,VIERNES,5,MAYO,5,SI,"PEATON TRANSITA BAJO INFLUENCIA DE ALCOHOL, SUSTANCIAS ESTUPEFACIENTES O PSICOTROPICAS Y/O MEDICAMENTOS.",ATROPELLOS,MOTOCICLETA,0,0,0,0,0,0,0,0,1,0,0,0,0,1,43,HOMBRE,FALLECIDO,PEATON,NO,SI,3
34348,147098,147099,2023,0,0,-0.323479,-78.440898,PICHINCHA,RUMINIAHUI,SANGOLQUI,RURAL,2023-05-26,21:30:00,21,VIERNES,5,MAYO,5,SI,CONDUCIR VEHICULO SUPERANDO LOS LIMITES MAXIMOS DE VELOCIDAD.,PERDIDA DE CARRIL,CAMIONETA,0,0,0,0,1,0,0,0,0,0,0,0,0,1,25,HOMBRE,ILESO,CONDUCTOR PRESENTE,NO,SI,3
34349,147099,147100,2023,2,1,-0.206179,-78.500821,PICHINCHA,QUITO,QUITO,URBANA,2023-05-26,21:40:00,21,VIERNES,5,MAYO,5,SI,"NO RESPETAR LAS SENIALES REGLAMENTARIAS DE TRANSITO. (PARE, CEDA EL PASO, LUZ ROJA DEL SEMAFORO, ETC).",CHOQUE LATERAL,MOTOCICLETA,1,0,0,0,0,0,0,0,1,0,0,0,0,2,23,HOMBRE,FALLECIDO,CONDUCTOR PRESENTE,NO,NO,1
34350,147111,147112,2023,0,0,-0.177039,-78.477976,PICHINCHA,QUITO,QUITO,URBANA,2023-05-27,01:50:00,1,SABADO,6,MAYO,5,SI,CONDUCIR VEHICULO SUPERANDO LOS LIMITES MAXIMOS DE VELOCIDAD.,ESTRELLAMIENTOS,AUTOMOVIL,1,0,0,0,0,0,0,0,0,0,0,0,0,1,40,HOMBRE,ILESO,CONDUCTOR PRESENTE,NO,NO,1
34351,147117,147118,2023,3,0,-0.248426,-78.541878,PICHINCHA,QUITO,QUITO,URBANA,2023-05-27,04:15:00,4,SABADO,6,MAYO,5,SI,CONDUCIR VEHICULO SUPERANDO LOS LIMITES MAXIMOS DE VELOCIDAD.,OTROS,AUTOMOVIL,1,0,0,0,0,0,0,0,0,0,0,0,0,1,28,HOMBRE,LESIONADO,PASAJERO,NO,NO,1
34352,147124,147125,2023,0,0,-0.291078,-78.561735,PICHINCHA,QUITO,QUITO,URBANA,2023-05-27,06:20:00,6,SABADO,6,MAYO,5,SI,CONDUCIR EN SENTIDO CONTRARIO A LA VIA NORMAL DE CIRCULACION.,CHOQUE FRONTAL,MOTOCICLETA,0,0,0,0,0,0,0,0,1,1,0,0,0,2,25,HOMBRE,ILESO,PASAJERO,NO,NO,1
34353,147134,147135,2023,0,1,-0.252982,-78.505855,PICHINCHA,QUITO,QUITO,URBANA,2023-05-27,10:35:00,10,SABADO,6,MAYO,5,SI,"CONDUCE BAJO LA INFLUENCIA DE ALCOHOL, SUSTANCIAS ESTUPEFACIENTES O PSICOTROPICAS Y/O MEDICAMENTOS.",ATROPELLOS,AUTOMOVIL,1,0,0,0,0,0,0,0,0,0,0,0,0,1,55,HOMBRE,FALLECIDO,PEATON,NO,NO,1
34354,147136,147137,2023,22,3,-0.068691,-78.372884,PICHINCHA,QUITO,CALDERON (CARAPUNGO),RURAL,2023-05-27,12:30:00,12,SABADO,6,MAYO,5,SI,"CONDUCIR DESATENTO A LAS CONDICIONES DE TRANSITO (CELULAR, PANTALLAS DE VIDEO, COMIDA, MAQUILLAJE O CUALQUIER OTRO ELEMENTO DISTRACTOR).",PERDIDA DE CARRIL,CAMION,0,0,0,2,2,0,0,0,0,0,0,0,6,10,88,HOMBRE,FALLECIDO,PASAJERO,NO,SI,3
34355,147137,147138,2023,1,0,-0.263358,-78.524327,PICHINCHA,QUITO,QUITO,URBANA,2023-05-27,12:30:00,12,SABADO,6,MAYO,5,SI,DEJAR O RECOGER PASAJEROS EN LUGARES NO PERMITIDOS.,CAIDA DE PASAJERO,BUS,0,0,1,0,0,0,0,0,0,0,0,0,0,1,40,HOMBRE,LESIONADO,PASAJERO,NO,NO,1
34356,147140,147141,2023,0,0,-0.153701,-78.487975,PICHINCHA,QUITO,QUITO,URBANA,2023-05-27,12:50:00,12,SABADO,6,MAYO,5,SI,NO MANTENER LA DISTANCIA PRUDENCIAL CON RESPECTO AL VEHICULO QUE LE ANTECEDE.,COLISION,AUTOMOVIL,3,0,0,0,0,0,0,0,0,0,0,0,0,3,44,HOMBRE,ILESO,CONDUCTOR PRESENTE,NO,NO,1
34357,147149,147150,2023,0,0,-0.170972,-78.490157,PICHINCHA,QUITO,QUITO,URBANA,2023-05-27,16:45:00,16,SABADO,6,MAYO,5,SI,NO MANTENER LA DISTANCIA PRUDENCIAL CON RESPECTO AL VEHICULO QUE LE ANTECEDE.,COLISION,AUTOMOVIL,3,0,0,0,0,0,0,0,0,0,0,0,0,3,30,HOMBRE,ILESO,CONDUCTOR PRESENTE,NO,NO,1
34358,147153,147154,2023,1,0,-0.243661,-78.485491,PICHINCHA,QUITO,QUITO,RURAL,2023-05-27,17:45:00,17,SABADO,6,MAYO,5,SI,"CONDUCIR DESATENTO A LAS CONDICIONES DE TRANSITO (CELULAR, PANTALLAS DE VIDEO, COMIDA, MAQUILLAJE O CUALQUIER OTRO ELEMENTO DISTRACTOR).",ESTRELLAMIENTOS,CAMIONETA,1,0,0,0,1,0,0,0,0,0,0,0,0,2,30,HOMBRE,LESIONADO,CONDUCTOR PRESENTE,NO,SI,3
34359,147172,147173,2023,0,0,-0.342054,-78.548825,PICHINCHA,QUITO,QUITO,URBANA,2023-05-27,22:30:00,22,SABADO,6,MAYO,5,SI,CONDUCIR VEHICULO SUPERANDO LOS LIMITES MAXIMOS DE VELOCIDAD.,ESTRELLAMIENTOS,CAMIONETA,0,0,0,0,1,0,0,0,0,0,0,0,0,1,-1,NO IDENTIFICADO,NO IDENTIFICADO,CONDUCTOR AUSENTE,NO,NO,2
34360,147174,147175,2023,1,0,-0.286545,-78.537437,PICHINCHA,QUITO,QUITO,URBANA,2023-05-27,22:50:00,22,SABADO,6,MAYO,5,SI,CONDUCIR VEHICULO SUPERANDO LOS LIMITES MAXIMOS DE VELOCIDAD.,VOLCAMIENTOS,MOTOCICLETA,0,0,0,0,0,0,0,0,1,0,0,0,0,1,24,HOMBRE,LESIONADO,CONDUCTOR PRESENTE,NO,NO,1
34361,147178,147179,2023,0,0,-0.116801,-78.473129,PICHINCHA,QUITO,QUITO,URBANA,2023-05-28,00:01:00,0,DOMINGO,7,MAYO,5,SI,"NO RESPETAR LAS SENIALES REGLAMENTARIAS DE TRANSITO. (PARE, CEDA EL PASO, LUZ ROJA DEL SEMAFORO, ETC).",OTROS,AUTOMOVIL,1,0,0,0,0,0,0,0,0,0,0,0,0,1,-1,NO IDENTIFICADO,NO IDENTIFICADO,CONDUCTOR AUSENTE,NO,NO,2
34362,147193,147194,2023,0,0,-0.215599,-78.380033,PICHINCHA,QUITO,TUMBACO,RURAL,2023-05-28,04:30:00,4,DOMINGO,7,MAYO,5,SI,CONDUCIR VEHICULO SUPERANDO LOS LIMITES MAXIMOS DE VELOCIDAD.,PERDIDA DE CARRIL,AUTOMOVIL,1,0,0,0,0,0,0,0,0,0,0,0,0,1,20,MUJER,ILESO,PASAJERO,NO,NO,3
34363,147215,147216,2023,1,0,-0.258948,-78.546838,PICHINCHA,QUITO,QUITO,URBANA,2023-05-28,10:30:00,10,DOMINGO,7,MAYO,5,SI,CONDUCIR VEHICULO SUPERANDO LOS LIMITES MAXIMOS DE VELOCIDAD.,OTROS,MOTOCICLETA,1,0,0,0,0,0,0,0,1,0,0,0,0,2,25,HOMBRE,LESIONADO,CONDUCTOR PRESENTE,NO,NO,1
34364,147224,147225,2023,1,0,-0.315504,-78.566658,PICHINCHA,QUITO,QUITO,URBANA,2023-05-28,14:20:00,14,DOMINGO,7,MAYO,5,SI,CONDUCIR VEHICULO SUPERANDO LOS LIMITES MAXIMOS DE VELOCIDAD.,CHOQUE LATERAL,MOTOCICLETA,1,0,0,0,0,0,0,0,1,0,0,0,0,2,12,MUJER,LESIONADO,PASAJERO,NO,NO,1
34365,147225,147226,2023,0,0,-0.172821,-78.480379,PICHINCHA,QUITO,QUITO,URBANA,2023-05-28,14:20:00,14,DOMINGO,7,MAYO,5,SI,NO MANTENER LA DISTANCIA PRUDENCIAL CON RESPECTO AL VEHICULO QUE LE ANTECEDE.,COLISION,BUS,2,0,1,0,0,0,0,0,0,0,0,0,0,3,38,HOMBRE,ILESO,CONDUCTOR PRESENTE,NO,NO,1
34366,147227,147228,2023,2,0,-0.224661,-78.521551,PICHINCHA,QUITO,QUITO,URBANA,2023-05-28,14:45:00,14,DOMINGO,7,MAYO,5,SI,"CONDUCE BAJO LA INFLUENCIA DE ALCOHOL, SUSTANCIAS ESTUPEFACIENTES O PSICOTROPICAS Y/O MEDICAMENTOS.",COLISION,BUS,1,0,2,0,0,0,0,0,0,0,0,0,0,3,65,HOMBRE,LESIONADO,PASAJERO,NO,NO,1
34367,147232,147233,2023,1,0,-0.348833,-78.859028,PICHINCHA,MEJIA,MANUEL CORNEJO ASTORGA,RURAL,2023-05-28,16:25:00,16,DOMINGO,7,MAYO,5,SI,"NO RESPETAR LAS SENIALES REGLAMENTARIAS DE TRANSITO. (PARE, CEDA EL PASO, LUZ ROJA DEL SEMAFORO, ETC).",CHOQUE LATERAL,MOTOCICLETA,0,0,0,0,0,0,0,0,1,1,0,0,0,2,-1,HOMBRE,LESIONADO,CONDUCTOR PRESENTE,NO,NO,3
34368,147235,147236,2023,1,0,-0.318211,-78.557571,PICHINCHA,QUITO,QUITO,URBANA,2023-05-28,17:00:00,17,DOMINGO,7,MAYO,5,SI,CONDUCIR VEHICULO SUPERANDO LOS LIMITES MAXIMOS DE VELOCIDAD.,CHOQUE LATERAL,NO IDENTIFICADO,0,0,0,0,0,0,0,0,0,2,0,0,0,2,23,HOMBRE,LESIONADO,CONDUCTOR PRESENTE,NO,NO,1
34369,147244,147245,2023,1,0,-0.296148,-78.529758,PICHINCHA,QUITO,QUITO,URBANA,2023-05-28,19:00:00,19,DOMINGO,7,MAYO,5,SI,NO CEDER EL DERECHO DE VIA O PREFERENCIA DE PASO AL PEATON.,ATROPELLOS,NO IDENTIFICADO,0,0,0,0,0,0,0,0,0,1,0,0,0,1,13,HOMBRE,LESIONADO,PEATON,NO,NO,1
34370,147247,147248,2023,0,0,-0.210491,-78.386169,PICHINCHA,QUITO,TUMBACO,RURAL,2023-05-28,19:15:00,19,DOMINGO,7,MAYO,5,SI,"CONDUCE BAJO LA INFLUENCIA DE ALCOHOL, SUSTANCIAS ESTUPEFACIENTES O PSICOTROPICAS Y/O MEDICAMENTOS.",COLISION,BUS,2,0,1,0,1,0,0,0,0,0,0,0,0,4,35,HOMBRE,ILESO,CONDUCTOR PRESENTE,NO,NO,3
34371,147253,147254,2023,0,1,-0.333257,-78.434282,PICHINCHA,RUMINIAHUI,SANGOLQUI,RURAL,2023-05-28,20:30:00,20,DOMINGO,7,MAYO,5,SI,CONDUCIR VEHICULO SUPERANDO LOS LIMITES MAXIMOS DE VELOCIDAD.,ATROPELLOS,NO IDENTIFICADO,0,0,0,0,0,0,0,0,0,1,0,0,0,1,36,HOMBRE,FALLECIDO,PEATON,NO,SI,3
34372,147255,147256,2023,0,0,-0.205894,-78.488823,PICHINCHA,QUITO,QUITO,URBANA,2023-05-28,22:00:00,22,DOMINGO,7,MAYO,5,SI,CONDUCIR VEHICULO SUPERANDO LOS LIMITES MAXIMOS DE VELOCIDAD.,CHOQUE LATERAL,AUTOMOVIL,2,0,0,0,0,0,0,0,0,0,0,0,0,2,23,HOMBRE,ILESO,CONDUCTOR PRESENTE,NO,NO,1
34373,147268,147269,2023,0,0,-0.124049,-78.498733,PICHINCHA,QUITO,QUITO,URBANA,2023-05-29,04:15:00,4,LUNES,1,MAYO,5,NO,CONDUCIR VEHICULO SUPERANDO LOS LIMITES MAXIMOS DE VELOCIDAD.,ESTRELLAMIENTOS,AUTOMOVIL,1,0,0,0,0,0,0,0,0,0,0,0,0,1,-1,NO IDENTIFICADO,NO IDENTIFICADO,CONDUCTOR AUSENTE,NO,NO,2
34374,147270,147271,2023,1,0,-0.283613,-78.558876,PICHINCHA,QUITO,QUITO,URBANA,2023-05-29,06:11:00,6,LUNES,1,MAYO,5,NO,NO GUARDAR LA DISTANCIA LATERAL MINIMA DE SEGURIDAD ENTRE VEHICULOS.,ROZAMIENTOS,MOTOCICLETA,0,0,0,0,0,0,0,0,1,1,0,0,0,2,35,HOMBRE,LESIONADO,CONDUCTOR PRESENTE,NO,NO,1
34375,147276,147277,2023,1,0,-0.283608,-78.535691,PICHINCHA,QUITO,QUITO,URBANA,2023-05-29,08:37:00,8,LUNES,1,MAYO,5,NO,"NO RESPETAR LAS SENIALES REGLAMENTARIAS DE TRANSITO. (PARE, CEDA EL PASO, LUZ ROJA DEL SEMAFORO, ETC).",CHOQUE LATERAL,MOTOCICLETA,1,0,0,0,0,0,0,0,1,0,0,0,0,2,40,MUJER,LESIONADO,PASAJERO,NO,NO,1
34376,147280,147281,2023,0,0,-0.205821,-78.494887,PICHINCHA,QUITO,QUITO,URBANA,2023-05-29,09:50:00,9,LUNES,1,MAYO,5,NO,REALIZAR CAMBIO BRUSCO O INDEBIDO DE CARRIL.,CHOQUE LATERAL,AUTOMOVIL,2,0,0,0,0,0,0,0,0,0,0,0,0,2,39,HOMBRE,ILESO,CONDUCTOR PRESENTE,NO,NO,1
34377,147289,147290,2023,0,0,-0.175845,-78.454448,PICHINCHA,QUITO,QUITO,URBANA,2023-05-29,13:00:00,13,LUNES,1,MAYO,5,NO,CONDUCIR VEHICULO SUPERANDO LOS LIMITES MAXIMOS DE VELOCIDAD.,COLISION,FURGONETA,1,0,0,0,1,0,0,1,0,0,0,0,0,3,27,HOMBRE,ILESO,CONDUCTOR PRESENTE,NO,NO,1
34378,147294,147295,2023,1,0,-0.046204,-78.285474,PICHINCHA,CAYAMBE,SANTA ROSA DE CUZUBAMBA,RURAL,2023-05-29,16:15:00,16,LUNES,1,MAYO,5,NO,"CONDUCIR DESATENTO A LAS CONDICIONES DE TRANSITO (CELULAR, PANTALLAS DE VIDEO, COMIDA, MAQUILLAJE O CUALQUIER OTRO ELEMENTO DISTRACTOR).",ATROPELLOS,MOTOCICLETA,0,0,0,0,0,0,0,0,1,0,0,0,0,1,31,HOMBRE,LESIONADO,PEATON,NO,SI,3
34379,147299,147300,2023,5,0,-0.102266,-78.477228,PICHINCHA,QUITO,QUITO,URBANA,2023-05-29,17:20:00,17,LUNES,1,MAYO,5,NO,"NO RESPETAR LAS SENIALES REGLAMENTARIAS DE TRANSITO. (PARE, CEDA EL PASO, LUZ ROJA DEL SEMAFORO, ETC).",OTROS,AUTOMOVIL,3,0,0,0,0,0,0,0,0,0,0,0,0,3,38,HOMBRE,LESIONADO,PASAJERO,NO,NO,1
34380,147301,147302,2023,1,0,-0.329787,-78.450572,PICHINCHA,RUMINIAHUI,SANGOLQUI,URBANA,2023-05-29,18:00:00,18,LUNES,1,MAYO,5,NO,"CONDUCIR DESATENTO A LAS CONDICIONES DE TRANSITO (CELULAR, PANTALLAS DE VIDEO, COMIDA, MAQUILLAJE O CUALQUIER OTRO ELEMENTO DISTRACTOR).",ATROPELLOS,MOTOCICLETA,0,0,0,0,0,0,0,0,1,0,0,0,0,1,65,MUJER,LESIONADO,PEATON,NO,SI,1
34381,147303,147304,2023,1,0,-0.187572,-78.515003,PICHINCHA,QUITO,QUITO,URBANA,2023-05-29,19:00:00,19,LUNES,1,MAYO,5,NO,NO TRANSITAR POR LAS ACERAS O ZONAS DE SEGURIDAD DESTINADAS PARA EL EFECTO.,ATROPELLOS,AUTOMOVIL,1,0,0,0,0,0,0,0,0,0,0,0,0,1,8,HOMBRE,LESIONADO,PEATON,NO,NO,1
34382,147310,147311,2023,0,0,-0.239769,-78.493376,PICHINCHA,QUITO,QUITO,URBANA,2023-05-29,23:10:00,23,LUNES,1,MAYO,5,NO,CONDUCIR VEHICULO SUPERANDO LOS LIMITES MAXIMOS DE VELOCIDAD.,ESTRELLAMIENTOS,AUTOMOVIL,1,0,0,0,0,0,0,0,0,0,0,0,0,1,-1,NO IDENTIFICADO,NO IDENTIFICADO,CONDUCTOR AUSENTE,NO,NO,2
34383,147319,147320,2023,3,0,-0.200678,-78.497211,PICHINCHA,QUITO,QUITO,URBANA,2023-05-30,06:40:00,6,MARTES,2,MAYO,5,NO,NO TRANSITAR POR LAS ACERAS O ZONAS DE SEGURIDAD DESTINADAS PARA EL EFECTO.,ATROPELLOS,MOTOCICLETA,0,0,0,0,0,0,0,0,1,0,0,0,0,1,19,HOMBRE,LESIONADO,CONDUCTOR PRESENTE,NO,NO,1