,Unnamed: 0,ID,ANIO,LESIONADOS,FALLECIDOS,LATITUD_Y,LONGITUD_X,PROVINCIA,CANTON,PARROQUIA,ZONA,FECHA,HORA,PERIODO_2,DIA_1,DIA_2,MES_1,MES_2,FERIADO,CAUSA_PROBABLE,TIPO_DE_SINIESTRO,TIPO_DE_VEHICULO_1,AUTOMOVIL,BICICLETA,BUS,CAMION,CAMIONETA,EMERGENCIAS,ESPECIAL,FURGONETA,MOTOCICLETA,NO_IDENTIFICADO,SCOOTER_ELECTRICO,TRICIMOTO,VEHICULO_DEPORTIVO_UTILITARIO,SUMA_DE_VEHICULOS,EDAD_1,SEXO_1,CONDICION_1,PARTICIPANTE_1,CASCO_1,CINTURON_1,KMeans_Cluster
34384,147320,147321,2023,0,0,-0.175398,-78.501311,PICHINCHA,QUITO,QUITO,URBANA,2023-05-30,06:50:00,6,MARTES,2,MAYO,5,NO,CONDUCIR VEHICULO SUPERANDO LOS LIMITES MAXIMOS DE VELOCIDAD.,OTROS,CAMIONETA,0,0,0,0,1,0,0,0,0,0,0,0,0,1,-1,NO IDENTIFICADO,NO IDENTIFICADO,CONDUCTOR AUSENTE,NO,NO,2
34385,147333,147334,2023,0,0,-0.208327,-78.520824,PICHINCHA,QUITO,QUITO,URBANA,2023-05-30,12:17:00,12,MARTES,2,MAYO,5,NO,"NO RESPETAR LAS SENIALES REGLAMENTARIAS DE TRANSITO. (PARE, CEDA EL PASO, LUZ ROJA DEL SEMAFORO, ETC).",OTROS,AUTOMOVIL,1,0,0,0,0,0,0,0,0,0,0,0,0,1,-1,NO IDENTIFICADO,NO IDENTIFICADO,CONDUCTOR AUSENTE,NO,NO,2
34386,147336,147337,2023,1,1,-0.123622,-78.498741,PICHINCHA,QUITO,QUITO,URBANA,2023-05-30,14:20:00,14,MARTES,2,MAYO,5,NO,"NO RESPETAR LAS SENIALES REGLAMENTARIAS DE TRANSITO. (PARE, CEDA EL PASO, LUZ ROJA DEL SEMAFORO, ETC).",CHOQUE LATERAL,MOTOCICLETA,1,0,0,0,0,0,0,0,1,0,0,0,0,2,23,HOMBRE,FALLECIDO,CONDUCTOR PRESENTE,NO,NO,1
34387,147345,147346,2023,1,0,-0.250825,-78.517961,PICHINCHA,QUITO,QUITO,URBANA,2023-05-30,18:30:00,18,MARTES,2,MAYO,5,NO,PEATON QUE CRUZA LA CALZADA SIN RESPETAR LA SENIALIZACION EXISTENTE (SEMAFOROS O SENIALES MANUALES).,ATROPELLOS,AUTOMOVIL,1,0,0,0,0,0,0,0,0,0,0,0,0,1,14,MUJER,LESIONADO,PEATON,NO,NO,1
34388,147346,147347,2023,0,0,-0.264191,-78.536768,PICHINCHA,QUITO,QUITO,URBANA,2023-05-30,18:34:00,18,MARTES,2,MAYO,5,NO,"CONDUCE BAJO LA INFLUENCIA DE ALCOHOL, SUSTANCIAS ESTUPEFACIENTES O PSICOTROPICAS Y/O MEDICAMENTOS.",CHOQUE LATERAL,BUS,0,0,1,0,0,0,0,1,0,0,0,0,0,2,35,HOMBRE,ILESO,CONDUCTOR PRESENTE,NO,NO,1
34389,147350,147351,2023,1,0,-0.013222,-78.447968,PICHINCHA,QUITO,SAN ANTONIO (QUITO),RURAL,2023-05-30,20:00:00,20,MARTES,2,MAYO,5,NO,NO TRANSITAR POR LAS ACERAS O ZONAS DE SEGURIDAD DESTINADAS PARA EL EFECTO.,ATROPELLOS,AUTOMOVIL,1,0,0,0,0,0,0,0,0,0,0,0,0,1,16,HOMBRE,LESIONADO,PEATON,NO,NO,3
34390,147351,147352,2023,2,0,-0.312575,-78.565768,PICHINCHA,QUITO,QUITO,URBANA,2023-05-30,21:00:00,21,MARTES,2,MAYO,5,NO,CONDUCIR VEHICULO SUPERANDO LOS LIMITES MAXIMOS DE VELOCIDAD.,CHOQUE LATERAL,NO IDENTIFICADO,0,0,0,0,0,0,0,0,0,2,0,0,0,2,37,HOMBRE,LESIONADO,CONDUCTOR PRESENTE,NO,NO,1
34391,147354,147355,2023,0,1,-0.187706,-78.504691,PICHINCHA,QUITO,QUITO,URBANA,2023-05-30,22:00:00,22,MARTES,2,MAYO,5,NO,"NO RESPETAR LAS SENIALES REGLAMENTARIAS DE TRANSITO. (PARE, CEDA EL PASO, LUZ ROJA DEL SEMAFORO, ETC).",CHOQUE LATERAL,MOTOCICLETA,0,0,0,0,0,0,0,1,1,0,0,0,0,2,21,HOMBRE,FALLECIDO,CONDUCTOR PRESENTE,NO,NO,1
34392,147360,147361,2023,1,0,-0.291042,-78.507773,PICHINCHA,QUITO,CONOCOTO,RURAL,2023-05-31,05:40:00,5,MIERCOLES,3,MAYO,5,NO,NO GUARDAR LA DISTANCIA LATERAL MINIMA DE SEGURIDAD ENTRE VEHICULOS.,ROZAMIENTOS,MOTOCICLETA,0,0,0,0,0,0,0,0,1,1,0,0,0,2,49,HOMBRE,LESIONADO,CONDUCTOR PRESENTE,NO,NO,3
34393,147370,147371,2023,8,1,-0.413667,-78.800583,PICHINCHA,MEJIA,MANUEL CORNEJO ASTORGA,RURAL,2023-05-31,10:20:00,10,MIERCOLES,3,MAYO,5,NO,"CONDUCIR DESATENTO A LAS CONDICIONES DE TRANSITO (CELULAR, PANTALLAS DE VIDEO, COMIDA, MAQUILLAJE O CUALQUIER OTRO ELEMENTO DISTRACTOR).",PERDIDA DE CARRIL,BUS,0,0,1,0,0,0,0,0,0,0,0,0,0,1,36,MUJER,FALLECIDO,PASAJERO,NO,NO,3
34394,147372,147373,2023,3,0,-0.451194,-78.751389,PICHINCHA,MEJIA,MANUEL CORNEJO ASTORGA,RURAL,2023-05-31,11:00:00,11,MIERCOLES,3,MAYO,5,NO,"CONDUCIR DESATENTO A LAS CONDICIONES DE TRANSITO (CELULAR, PANTALLAS DE VIDEO, COMIDA, MAQUILLAJE O CUALQUIER OTRO ELEMENTO DISTRACTOR).",PERDIDA DE CARRIL,CAMION,0,0,0,1,0,0,0,0,0,0,0,0,1,2,45,MUJER,LESIONADO,PASAJERO,NO,NO,3
34395,147377,147378,2023,1,0,-0.324177,-78.558778,PICHINCHA,QUITO,QUITO,URBANA,2023-05-31,14:50:00,14,MIERCOLES,3,MAYO,5,NO,NO CEDER EL DERECHO DE VIA O PREFERENCIA DE PASO AL PEATON.,ATROPELLOS,CAMIONETA,0,0,0,0,1,0,0,0,0,0,0,0,0,1,28,HOMBRE,LESIONADO,PEATON,NO,NO,1
34396,147378,147379,2023,0,1,-0.027922,-78.438453,PICHINCHA,QUITO,POMASQUI,RURAL,2023-05-31,15:00:00,15,MIERCOLES,3,MAYO,5,NO,CONDUCIR VEHICULO SUPERANDO LOS LIMITES MAXIMOS DE VELOCIDAD.,PERDIDA DE CARRIL,MOTOCICLETA,0,0,0,0,0,0,0,0,1,0,0,0,0,1,26,HOMBRE,FALLECIDO,CONDUCTOR PRESENTE,SI,NO,3
34397,147381,147382,2023,2,0,-0.249894,-78.529307,PICHINCHA,QUITO,QUITO,URBANA,2023-05-31,17:30:00,17,MIERCOLES,3,MAYO,5,NO,"NO RESPETAR LAS SENIALES REGLAMENTARIAS DE TRANSITO. (PARE, CEDA EL PASO, LUZ ROJA DEL SEMAFORO, ETC).",CHOQUE LATERAL,MOTOCICLETA,1,0,0,0,0,0,0,0,1,0,0,0,0,2,23,HOMBRE,LESIONADO,PASAJERO,NO,NO,1
34398,147385,147386,2023,0,0,-0.081094,-78.482383,PICHINCHA,QUITO,QUITO,URBANA,2023-05-31,19:25:00,19,MIERCOLES,3,MAYO,5,NO,"CONDUCIR DESATENTO A LAS CONDICIONES DE TRANSITO (CELULAR, PANTALLAS DE VIDEO, COMIDA, MAQUILLAJE O CUALQUIER OTRO ELEMENTO DISTRACTOR).",COLISION,AUTOMOVIL,2,0,0,0,0,0,0,0,0,0,0,0,0,2,68,HOMBRE,ILESO,CONDUCTOR PRESENTE,NO,SI,1
34399,147386,147387,2023,0,0,-0.261621,-78.528848,PICHINCHA,QUITO,QUITO,URBANA,2023-05-31,20:20:00,20,MIERCOLES,3,MAYO,5,NO,"NO RESPETAR LAS SENIALES REGLAMENTARIAS DE TRANSITO. (PARE, CEDA EL PASO, LUZ ROJA DEL SEMAFORO, ETC).",OTROS,MOTOCICLETA,0,0,0,0,0,0,0,0,1,0,0,0,0,1,-1,NO IDENTIFICADO,NO IDENTIFICADO,CONDUCTOR AUSENTE,NO,NO,2
34400,147389,147390,2023,0,0,-0.153893,-78.468575,PICHINCHA,QUITO,QUITO,URBANA,2023-05-31,22:00:00,22,MIERCOLES,3,MAYO,5,NO,CONDUCIR VEHICULO SUPERANDO LOS LIMITES MAXIMOS DE VELOCIDAD.,ESTRELLAMIENTOS,AUTOMOVIL,1,0,0,0,0,0,0,0,0,0,0,0,0,1,-1,NO IDENTIFICADO,NO IDENTIFICADO,CONDUCTOR AUSENTE,NO,NO,2
34401,147391,147392,2023,0,0,-0.149949,-78.352307,PICHINCHA,QUITO,TABABELA,RURAL,2023-05-31,22:50:00,22,MIERCOLES,3,MAYO,5,NO,NO MANTENER LA DISTANCIA PRUDENCIAL CON RESPECTO AL VEHICULO QUE LE ANTECEDE.,CHOQUE POSTERIOR,AUTOMOVIL,2,0,0,0,0,0,0,0,0,0,0,0,0,2,58,HOMBRE,ILESO,CONDUCTOR PRESENTE,NO,NO,3
34402,147400,147401,2023,0,0,-0.259208,-78.529822,PICHINCHA,QUITO,QUITO,URBANA,2023-06-01,03:20:00,3,JUEVES,4,JUNIO,6,NO,CONDUCIR VEHICULO SUPERANDO LOS LIMITES MAXIMOS DE VELOCIDAD.,ESTRELLAMIENTOS,AUTOMOVIL,1,0,0,0,0,0,0,0,0,0,0,0,0,1,24,HOMBRE,ILESO,PASAJERO,NO,SI,1
34403,147401,147402,2023,0,0,-0.207834,-78.512744,PICHINCHA,QUITO,QUITO,URBANA,2023-06-01,04:50:00,4,JUEVES,4,JUNIO,6,NO,CONDUCIR VEHICULO SUPERANDO LOS LIMITES MAXIMOS DE VELOCIDAD.,ESTRELLAMIENTOS,AUTOMOVIL,1,0,0,0,0,0,0,0,0,0,0,0,0,1,32,HOMBRE,ILESO,PASAJERO,NO,SI,1
34404,147403,147404,2023,0,0,-0.299751,-78.542321,PICHINCHA,QUITO,QUITO,URBANA,2023-06-01,05:50:00,5,JUEVES,4,JUNIO,6,NO,CONDUCIR VEHICULO SUPERANDO LOS LIMITES MAXIMOS DE VELOCIDAD.,CHOQUE LATERAL,BUS,1,0,1,0,0,0,0,0,0,0,0,0,0,2,39,HOMBRE,ILESO,CONDUCTOR PRESENTE,NO,SI,1
34405,147404,147405,2023,0,0,-0.091258,-78.469417,PICHINCHA,QUITO,QUITO,URBANA,2023-06-01,06:20:00,6,JUEVES,4,JUNIO,6,NO,NO MANTENER LA DISTANCIA PRUDENCIAL CON RESPECTO AL VEHICULO QUE LE ANTECEDE.,CHOQUE POSTERIOR,AUTOMOVIL,2,0,0,0,0,0,0,0,0,0,0,0,0,2,69,HOMBRE,ILESO,CONDUCTOR PRESENTE,NO,SI,1
34406,147414,147415,2023,1,0,-0.306996,-78.543912,PICHINCHA,QUITO,QUITO,URBANA,2023-06-01,12:00:00,12,JUEVES,4,JUNIO,6,NO,REALIZAR CAMBIO BRUSCO O INDEBIDO DE CARRIL.,ESTRELLAMIENTOS,BUS,1,0,1,0,0,0,0,0,1,0,0,0,0,3,24,HOMBRE,LESIONADO,PEATON,NO,SI,1
34407,147421,147422,2023,0,0,-0.140884,-78.501031,PICHINCHA,QUITO,QUITO,URBANA,2023-06-01,14:50:00,14,JUEVES,4,JUNIO,6,NO,"NO RESPETAR LAS SENIALES REGLAMENTARIAS DE TRANSITO. (PARE, CEDA EL PASO, LUZ ROJA DEL SEMAFORO, ETC).",CHOQUE LATERAL,AUTOMOVIL,2,0,0,0,0,0,0,0,0,0,0,0,0,2,33,MUJER,ILESO,CONDUCTOR PRESENTE,NO,SI,1
34408,147436,147437,2023,0,0,-0.105411,-78.433911,PICHINCHA,QUITO,CALDERON (CARAPUNGO),RURAL,2023-06-01,20:45:00,20,JUEVES,4,JUNIO,6,NO,"CONDUCE BAJO LA INFLUENCIA DE ALCOHOL, SUSTANCIAS ESTUPEFACIENTES O PSICOTROPICAS Y/O MEDICAMENTOS.",CHOQUE LATERAL,CAMIONETA,1,0,0,0,1,0,0,0,0,0,0,0,0,2,31,HOMBRE,ILESO,CONDUCTOR PRESENTE,NO,SI,3
34409,147441,147442,2023,0,1,-0.210322,-78.494131,PICHINCHA,QUITO,QUITO,URBANA,2023-06-02,01:00:00,1,VIERNES,5,JUNIO,6,NO,CONDUCIR VEHICULO SUPERANDO LOS LIMITES MAXIMOS DE VELOCIDAD.,OTROS,NO IDENTIFICADO,0,0,0,0,0,0,0,0,0,1,0,0,0,1,-1,HOMBRE,FALLECIDO,CONDUCTOR PRESENTE,NO,SI,1
34410,147443,147444,2023,1,0,-0.288485,-78.486436,PICHINCHA,QUITO,CONOCOTO,RURAL,2023-06-02,04:40:00,4,VIERNES,5,JUNIO,6,NO,CONDUCIR VEHICULO SUPERANDO LOS LIMITES MAXIMOS DE VELOCIDAD.,PERDIDA DE CARRIL,MOTOCICLETA,0,0,0,0,0,0,0,0,1,0,0,0,0,1,35,HOMBRE,LESIONADO,PASAJERO,NO,SI,3
34411,147446,147447,2023,0,1,-0.096545,-78.509265,PICHINCHA,QUITO,QUITO,URBANA,2023-06-02,06:20:00,6,VIERNES,5,JUNIO,6,NO,CONDUCIR VEHICULO SUPERANDO LOS LIMITES MAXIMOS DE VELOCIDAD.,OTROS,AUTOMOVIL,1,0,0,0,0,0,0,0,0,0,0,0,0,1,80,HOMBRE,FALLECIDO,CONDUCTOR PRESENTE,NO,SI,1
34412,147466,147467,2023,0,0,-0.211211,-78.451923,PICHINCHA,QUITO,CUMBAYA,RURAL,2023-06-02,16:50:00,16,VIERNES,5,JUNIO,6,NO,CONDUCIR VEHICULO SUPERANDO LOS LIMITES MAXIMOS DE VELOCIDAD.,ESTRELLAMIENTOS,CAMION,0,0,0,1,0,0,0,0,0,0,0,0,0,1,54,HOMBRE,ILESO,CONDUCTOR PRESENTE,NO,SI,3
34413,147467,147468,2023,1,0,-0.172935,-78.480299,PICHINCHA,QUITO,QUITO,URBANA,2023-06-02,17:00:00,17,VIERNES,5,JUNIO,6,NO,DEJAR O RECOGER PASAJEROS EN LUGARES NO PERMITIDOS.,CAIDA DE PASAJERO,BUS,0,0,1,0,0,0,0,0,0,0,0,0,0,1,2,MUJER,LESIONADO,PASAJERO,NO,SI,1
34414,147469,147470,2023,0,0,-0.261176,-78.545136,PICHINCHA,QUITO,QUITO,URBANA,2023-06-02,17:20:00,17,VIERNES,5,JUNIO,6,NO,"CONDUCE BAJO LA INFLUENCIA DE ALCOHOL, SUSTANCIAS ESTUPEFACIENTES O PSICOTROPICAS Y/O MEDICAMENTOS.",CHOQUE LATERAL,MOTOCICLETA,1,0,0,0,0,0,0,0,1,0,0,0,0,2,33,HOMBRE,ILESO,CONDUCTOR PRESENTE,NO,SI,1
34415,147473,147474,2023,1,0,-0.240801,-78.329959,PICHINCHA,QUITO,PIFO,RURAL,2023-06-02,18:40:00,18,VIERNES,5,JUNIO,6,NO,"CONDUCE BAJO LA INFLUENCIA DE ALCOHOL, SUSTANCIAS ESTUPEFACIENTES O PSICOTROPICAS Y/O MEDICAMENTOS.",ATROPELLOS,NO IDENTIFICADO,0,0,0,0,0,0,0,0,0,1,0,0,0,1,58,HOMBRE,LESIONADO,PEATON,NO,SI,3
34416,147485,147486,2023,1,0,-0.279858,-78.562742,PICHINCHA,QUITO,QUITO,URBANA,2023-06-03,00:00:00,0,SABADO,6,JUNIO,6,NO,"CONDUCE BAJO LA INFLUENCIA DE ALCOHOL, SUSTANCIAS ESTUPEFACIENTES O PSICOTROPICAS Y/O MEDICAMENTOS.",CHOQUE FRONTAL,MOTOCICLETA,1,0,0,0,0,0,0,0,1,0,0,0,0,2,26,HOMBRE,LESIONADO,CONDUCTOR PRESENTE,NO,SI,1
34417,147486,147487,2023,1,0,-0.096915,-78.290535,PICHINCHA,QUITO,EL QUINCHE,RURAL,2023-06-03,00:30:00,0,SABADO,6,JUNIO,6,NO,"CONDUCIR DESATENTO A LAS CONDICIONES DE TRANSITO (CELULAR, PANTALLAS DE VIDEO, COMIDA, MAQUILLAJE O CUALQUIER OTRO ELEMENTO DISTRACTOR).",CHOQUE FRONTAL,CAMIONETA,0,0,0,0,1,0,0,0,0,1,0,0,0,2,25,HOMBRE,LESIONADO,CONDUCTOR PRESENTE,NO,SI,3
34418,147491,147492,2023,0,0,-0.303381,-78.547866,PICHINCHA,QUITO,QUITO,URBANA,2023-06-03,02:30:00,2,SABADO,6,JUNIO,6,NO,REALIZAR CAMBIO BRUSCO O INDEBIDO DE CARRIL.,CHOQUE LATERAL,CAMIONETA,1,0,0,0,1,0,0,0,0,0,0,0,0,2,41,HOMBRE,ILESO,CONDUCTOR PRESENTE,NO,SI,1
34419,147496,147497,2023,0,1,-0.303085,-78.521491,PICHINCHA,QUITO,QUITO,URBANA,2023-06-03,03:50:00,3,SABADO,6,JUNIO,6,NO,CONDUCIR VEHICULO SUPERANDO LOS LIMITES MAXIMOS DE VELOCIDAD.,PERDIDA DE CARRIL,MOTOCICLETA,0,0,0,0,0,0,0,0,1,0,0,0,0,1,37,HOMBRE,FALLECIDO,CONDUCTOR PRESENTE,NO,SI,1
34420,147500,147501,2023,3,0,-0.203058,-78.489533,PICHINCHA,QUITO,QUITO,URBANA,2023-06-03,04:10:00,4,SABADO,6,JUNIO,6,NO,"NO RESPETAR LAS SENIALES REGLAMENTARIAS DE TRANSITO. (PARE, CEDA EL PASO, LUZ ROJA DEL SEMAFORO, ETC).",CHOQUE LATERAL,MOTOCICLETA,0,0,0,0,0,0,0,0,1,1,0,0,0,2,25,HOMBRE,LESIONADO,PASAJERO,NO,SI,1
34421,147509,147510,2023,0,0,-0.279799,-78.518728,PICHINCHA,QUITO,QUITO,URBANA,2023-06-03,06:15:00,6,SABADO,6,JUNIO,6,NO,CONDUCIR VEHICULO SUPERANDO LOS LIMITES MAXIMOS DE VELOCIDAD.,ESTRELLAMIENTOS,AUTOMOVIL,1,0,0,0,0,0,0,0,0,0,0,0,0,1,-1,NO IDENTIFICADO,NO IDENTIFICADO,CONDUCTOR AUSENTE,NO,SI,2
34422,147511,147512,2023,1,0,-0.006931,-78.177992,PICHINCHA,CAYAMBE,CANGAHUA,RURAL,2023-06-03,06:30:00,6,SABADO,6,JUNIO,6,NO,"CONDUCIR DESATENTO A LAS CONDICIONES DE TRANSITO (CELULAR, PANTALLAS DE VIDEO, COMIDA, MAQUILLAJE O CUALQUIER OTRO ELEMENTO DISTRACTOR).",CHOQUE FRONTAL,NO IDENTIFICADO,0,0,0,0,0,0,0,0,0,1,0,0,0,1,33,HOMBRE,LESIONADO,CONDUCTOR PRESENTE,NO,SI,3
34423,147513,147514,2023,0,1,-0.026903,-78.260929,PICHINCHA,CAYAMBE,OTON,RURAL,2023-06-03,08:05:00,8,SABADO,6,JUNIO,6,NO,"CONDUCIR DESATENTO A LAS CONDICIONES DE TRANSITO (CELULAR, PANTALLAS DE VIDEO, COMIDA, MAQUILLAJE O CUALQUIER OTRO ELEMENTO DISTRACTOR).",CHOQUE FRONTAL,ESPECIAL,1,0,0,0,0,0,1,0,0,0,0,0,0,2,29,HOMBRE,FALLECIDO,CONDUCTOR PRESENTE,NO,SI,3
34424,147525,147526,2023,1,0,-0.276814,-78.542481,PICHINCHA,QUITO,QUITO,URBANA,2023-06-03,13:00:00,13,SABADO,6,JUNIO,6,NO,NO CEDER EL DERECHO DE VIA O PREFERENCIA DE PASO AL PEATON.,ATROPELLOS,NO IDENTIFICADO,0,0,0,0,0,0,0,0,0,1,0,0,0,1,14,MUJER,LESIONADO,PEATON,NO,SI,1
34425,147532,147533,2023,1,0,-0.164515,-78.454226,PICHINCHA,QUITO,QUITO,URBANA,2023-06-03,15:15:00,15,SABADO,6,JUNIO,6,NO,CONDUCIR VEHICULO SUPERANDO LOS LIMITES MAXIMOS DE VELOCIDAD.,CHOQUE LATERAL,FURGONETA,0,0,0,0,0,0,0,2,0,0,0,0,0,2,72,MUJER,LESIONADO,PASAJERO,NO,SI,1
34426,147533,147534,2023,0,0,-0.318485,-78.539701,PICHINCHA,QUITO,QUITO,URBANA,2023-06-03,16:15:00,16,SABADO,6,JUNIO,6,NO,"CONDUCE BAJO LA INFLUENCIA DE ALCOHOL, SUSTANCIAS ESTUPEFACIENTES O PSICOTROPICAS Y/O MEDICAMENTOS.",ESTRELLAMIENTOS,MOTOCICLETA,1,0,0,0,0,0,0,0,1,0,0,0,0,2,23,HOMBRE,ILESO,CONDUCTOR PRESENTE,NO,SI,1
34427,147537,147538,2023,1,0,-0.243257,-78.519955,PICHINCHA,QUITO,QUITO,URBANA,2023-06-03,17:40:00,17,SABADO,6,JUNIO,6,NO,CONDUCIR VEHICULO SUPERANDO LOS LIMITES MAXIMOS DE VELOCIDAD.,CHOQUE LATERAL,MOTOCICLETA,1,0,0,0,0,0,0,0,1,0,0,0,0,2,21,HOMBRE,LESIONADO,CONDUCTOR PRESENTE,NO,SI,1
34428,147538,147539,2023,0,0,-0.192317,-78.493497,PICHINCHA,QUITO,QUITO,URBANA,2023-06-03,17:50:00,17,SABADO,6,JUNIO,6,NO,"CONDUCE BAJO LA INFLUENCIA DE ALCOHOL, SUSTANCIAS ESTUPEFACIENTES O PSICOTROPICAS Y/O MEDICAMENTOS.",COLISION,FURGONETA,2,0,0,0,0,0,0,1,0,0,0,0,0,3,42,HOMBRE,ILESO,CONDUCTOR PRESENTE,NO,SI,1
34429,147549,147550,2023,0,1,-0.414426,-78.373839,PICHINCHA,QUITO,PINTAG,RURAL,2023-06-03,19:30:00,19,SABADO,6,JUNIO,6,NO,CONDUCIR VEHICULO SUPERANDO LOS LIMITES MAXIMOS DE VELOCIDAD.,VOLCAMIENTOS,CAMIONETA,0,0,0,0,1,0,0,0,0,0,0,0,0,1,71,HOMBRE,FALLECIDO,CONDUCTOR PRESENTE,NO,SI,3
34430,147551,147552,2023,0,0,-0.151711,-78.464589,PICHINCHA,QUITO,QUITO,URBANA,2023-06-03,19:45:00,19,SABADO,6,JUNIO,6,NO,CONDUCIR VEHICULO SUPERANDO LOS LIMITES MAXIMOS DE VELOCIDAD.,PERDIDA DE CARRIL,AUTOMOVIL,1,0,0,0,0,0,0,0,0,0,0,0,0,1,-1,NO IDENTIFICADO,NO IDENTIFICADO,CONDUCTOR AUSENTE,NO,SI,2
34431,147564,147565,2023,2,0,-0.148806,-78.478545,PICHINCHA,QUITO,QUITO,URBANA,2023-06-03,21:55:00,21,SABADO,6,JUNIO,6,NO,CONDUCIR VEHICULO SUPERANDO LOS LIMITES MAXIMOS DE VELOCIDAD.,CHOQUE LATERAL,MOTOCICLETA,1,0,0,0,0,0,0,0,1,0,0,0,0,2,21,HOMBRE,LESIONADO,CONDUCTOR PRESENTE,NO,SI,1
34432,147572,147573,2023,0,0,-0.441222,-78.727222,PICHINCHA,MEJIA,MANUEL CORNEJO ASTORGA,RURAL,2023-06-03,23:08:00,23,SABADO,6,JUNIO,6,NO,NO MANTENER LA DISTANCIA PRUDENCIAL CON RESPECTO AL VEHICULO QUE LE ANTECEDE.,CHOQUE POSTERIOR,CAMIONETA,0,0,0,0,1,0,0,0,0,1,0,0,0,2,-1,HOMBRE,ILESO,CONDUCTOR PRESENTE,NO,NO,3
34433,147582,147583,2023,0,1,-0.220413,-78.392215,PICHINCHA,QUITO,TUMBACO,RURAL,2023-06-04,00:45:00,0,DOMINGO,7,JUNIO,6,NO,NO CEDER EL DERECHO DE VIA O PREFERENCIA DE PASO AL PEATON.,ATROPELLOS,CAMION,0,0,0,1,0,0,0,0,0,1,0,0,0,2,58,HOMBRE,FALLECIDO,PEATON,NO,SI,3
34434,147584,147585,2023,0,1,-0.027281,-78.259786,PICHINCHA,CAYAMBE,OTON,RURAL,2023-06-04,01:30:00,1,DOMINGO,7,JUNIO,6,NO,"CONDUCIR DESATENTO A LAS CONDICIONES DE TRANSITO (CELULAR, PANTALLAS DE VIDEO, COMIDA, MAQUILLAJE O CUALQUIER OTRO ELEMENTO DISTRACTOR).",CHOQUE FRONTAL,MOTOCICLETA,0,0,0,0,0,0,0,0,1,0,0,0,1,2,29,HOMBRE,FALLECIDO,CONDUCTOR PRESENTE,NO,SI,3
34435,147588,147589,2023,1,0,-0.082868,-78.454391,PICHINCHA,QUITO,QUITO,URBANA,2023-06-04,02:45:00,2,DOMINGO,7,JUNIO,6,NO,"CONDUCE BAJO LA INFLUENCIA DE ALCOHOL, SUSTANCIAS ESTUPEFACIENTES O PSICOTROPICAS Y/O MEDICAMENTOS.",ESTRELLAMIENTOS,MOTOCICLETA,1,0,0,0,0,0,0,0,1,0,0,0,0,2,27,HOMBRE,LESIONADO,CONDUCTOR PRESENTE,NO,SI,1
34436,147591,147592,2023,2,0,-0.228147,-78.500641,PICHINCHA,QUITO,QUITO,URBANA,2023-06-04,03:00:00,3,DOMINGO,7,JUNIO,6,NO,"CONDUCE BAJO LA INFLUENCIA DE ALCOHOL, SUSTANCIAS ESTUPEFACIENTES O PSICOTROPICAS Y/O MEDICAMENTOS.",OTROS,AUTOMOVIL,2,0,0,0,0,0,0,0,0,0,0,0,0,2,30,HOMBRE,LESIONADO,CONDUCTOR PRESENTE,NO,SI,1
34437,147593,147594,2023,1,0,-0.215022,-78.501097,PICHINCHA,QUITO,QUITO,URBANA,2023-06-04,03:10:00,3,DOMINGO,7,JUNIO,6,NO,"PRESENCIA DE AGENTES EXTERNOS EN LA VIA (AGUA, ACEITE, PIEDRA, LASTRE, ESCOMBROS, MADEROS, ETC.).",PERDIDA DE CARRIL,MOTOCICLETA,0,0,0,0,0,0,0,0,1,0,0,0,0,1,38,HOMBRE,LESIONADO,PASAJERO,NO,SI,1
34438,147595,147596,2023,0,1,-0.094746,-78.502734,PICHINCHA,QUITO,QUITO,URBANA,2023-06-04,04:00:00,4,DOMINGO,7,JUNIO,6,NO,NO CEDER EL DERECHO DE VIA O PREFERENCIA DE PASO AL PEATON.,ATROPELLOS,NO IDENTIFICADO,0,0,0,0,0,0,0,0,0,1,0,0,0,1,-1,HOMBRE,FALLECIDO,PEATON,NO,SI,1
34439,147598,147599,2023,0,1,-0.282211,-78.470749,PICHINCHA,QUITO,CONOCOTO,RURAL,2023-06-04,04:10:00,4,DOMINGO,7,JUNIO,6,NO,"CONDUCIR DESATENTO A LAS CONDICIONES DE TRANSITO (CELULAR, PANTALLAS DE VIDEO, COMIDA, MAQUILLAJE O CUALQUIER OTRO ELEMENTO DISTRACTOR).",PERDIDA DE CARRIL,MOTOCICLETA,0,0,0,0,0,0,0,0,1,0,0,0,0,1,25,HOMBRE,FALLECIDO,CONDUCTOR PRESENTE,NO,SI,3
34440,147604,147605,2023,0,0,-0.163455,-78.460369,PICHINCHA,QUITO,QUITO,URBANA,2023-06-04,06:00:00,6,DOMINGO,7,JUNIO,6,NO,CONDUCIR VEHICULO SUPERANDO LOS LIMITES MAXIMOS DE VELOCIDAD.,ESTRELLAMIENTOS,AUTOMOVIL,1,0,0,0,0,0,0,0,0,0,0,0,0,1,35,MUJER,ILESO,CONDUCTOR PRESENTE,NO,SI,1
34441,147605,147606,2023,1,1,-0.264014,-78.488001,PICHINCHA,QUITO,CONOCOTO,RURAL,2023-06-04,07:00:00,7,DOMINGO,7,JUNIO,6,NO,NO TRANSITAR POR LAS ACERAS O ZONAS DE SEGURIDAD DESTINADAS PARA EL EFECTO.,ATROPELLOS,MOTOCICLETA,0,0,0,0,0,0,0,0,1,0,0,0,0,1,67,HOMBRE,FALLECIDO,PEATON,NO,SI,3