,Unnamed: 0,ID,ANIO,LESIONADOS,FALLECIDOS,LATITUD_Y,LONGITUD_X,PROVINCIA,CANTON,PARROQUIA,ZONA,FECHA,HORA,PERIODO_2,DIA_1,DIA_2,MES_1,MES_2,FERIADO,CAUSA_PROBABLE,TIPO_DE_SINIESTRO,TIPO_DE_VEHICULO_1,AUTOMOVIL,BICICLETA,BUS,CAMION,CAMIONETA,EMERGENCIAS,ESPECIAL,FURGONETA,MOTOCICLETA,NO_IDENTIFICADO,SCOOTER_ELECTRICO,TRICIMOTO,VEHICULO_DEPORTIVO_UTILITARIO,SUMA_DE_VEHICULOS,EDAD_1,SEXO_1,CONDICION_1,PARTICIPANTE_1,CASCO_1,CINTURON_1,KMeans_Cluster
34442,147608,147609,2023,2,0,-0.449411,-78.585734,PICHINCHA,MEJIA,ALOAG,RURAL,2023-06-04,11:45:00,11,DOMINGO,7,JUNIO,6,NO,"CONDUCIR DESATENTO A LAS CONDICIONES DE TRANSITO (CELULAR, PANTALLAS DE VIDEO, COMIDA, MAQUILLAJE O CUALQUIER OTRO ELEMENTO DISTRACTOR).",VOLCAMIENTOS,CAMION,0,0,0,1,0,0,0,0,0,0,0,0,1,2,13,HOMBRE,LESIONADO,PASAJERO,NO,SI,3
34443,147618,147619,2023,1,0,-0.302586,-78.464851,PICHINCHA,QUITO,CONOCOTO,RURAL,2023-06-04,15:00:00,15,DOMINGO,7,JUNIO,6,NO,CONDUCIR VEHICULO SUPERANDO LOS LIMITES MAXIMOS DE VELOCIDAD.,CHOQUE LATERAL,NO IDENTIFICADO,0,0,0,0,0,0,0,0,0,2,0,0,0,2,24,MUJER,LESIONADO,PASAJERO,NO,SI,3
34444,147630,147631,2023,0,2,-0.043303,-78.455433,PICHINCHA,QUITO,POMASQUI,URBANA,2023-06-04,19:30:00,19,DOMINGO,7,JUNIO,6,NO,CONDUCIR VEHICULO SUPERANDO LOS LIMITES MAXIMOS DE VELOCIDAD.,ESTRELLAMIENTOS,AUTOMOVIL,1,0,0,0,0,0,0,0,0,0,0,0,0,1,23,HOMBRE,FALLECIDO,CONDUCTOR PRESENTE,NO,SI,1
34445,147639,147640,2023,1,0,-0.242149,-78.532671,PICHINCHA,QUITO,QUITO,URBANA,2023-06-04,22:30:00,22,DOMINGO,7,JUNIO,6,NO,"NO RESPETAR LAS SENIALES REGLAMENTARIAS DE TRANSITO. (PARE, CEDA EL PASO, LUZ ROJA DEL SEMAFORO, ETC).",CHOQUE LATERAL,MOTOCICLETA,1,0,0,0,0,0,0,0,1,0,0,0,0,2,36,HOMBRE,LESIONADO,CONDUCTOR PRESENTE,NO,SI,1
34446,147649,147650,2023,0,1,-0.378583,-78.827139,PICHINCHA,MEJIA,MANUEL CORNEJO ASTORGA,RURAL,2023-06-05,04:05:00,4,LUNES,1,JUNIO,6,NO,"CONDUCIR DESATENTO A LAS CONDICIONES DE TRANSITO (CELULAR, PANTALLAS DE VIDEO, COMIDA, MAQUILLAJE O CUALQUIER OTRO ELEMENTO DISTRACTOR).",ATROPELLOS,NO IDENTIFICADO,0,0,0,0,0,0,0,0,0,1,0,0,0,1,-1,MUJER,FALLECIDO,PEATON,NO,NO,3
34447,147653,147654,2023,0,0,-0.234911,-78.471141,PICHINCHA,QUITO,QUITO,URBANA,2023-06-05,05:10:00,5,LUNES,1,JUNIO,6,NO,CONDUCIR VEHICULO SUPERANDO LOS LIMITES MAXIMOS DE VELOCIDAD.,ESTRELLAMIENTOS,CAMION,0,0,0,1,1,0,0,0,0,0,0,0,0,2,31,HOMBRE,ILESO,CONDUCTOR PRESENTE,NO,SI,1
34448,147657,147658,2023,1,0,-0.163654,-78.474296,PICHINCHA,QUITO,QUITO,URBANA,2023-06-05,06:20:00,6,LUNES,1,JUNIO,6,NO,CONDUCIR VEHICULO SUPERANDO LOS LIMITES MAXIMOS DE VELOCIDAD.,ESTRELLAMIENTOS,AUTOMOVIL,2,0,0,0,0,0,0,0,0,0,0,0,0,2,30,MUJER,LESIONADO,CONDUCTOR PRESENTE,NO,SI,1
34449,147661,147662,2023,1,0,-0.243076,-78.506212,PICHINCHA,QUITO,QUITO,URBANA,2023-06-05,07:15:00,7,LUNES,1,JUNIO,6,NO,CONDUCIR VEHICULO SUPERANDO LOS LIMITES MAXIMOS DE VELOCIDAD.,CHOQUE LATERAL,NO IDENTIFICADO,0,0,0,0,0,0,0,0,0,2,0,0,0,2,32,MUJER,LESIONADO,CONDUCTOR PRESENTE,NO,SI,1
34450,147665,147666,2023,0,0,-0.355525,-78.537179,PICHINCHA,QUITO,QUITO,URBANA,2023-06-05,09:00:00,9,LUNES,1,JUNIO,6,NO,"NO RESPETAR LAS SENIALES REGLAMENTARIAS DE TRANSITO. (PARE, CEDA EL PASO, LUZ ROJA DEL SEMAFORO, ETC).",CHOQUE LATERAL,CAMION,1,0,0,1,0,0,0,0,0,0,0,0,0,2,28,HOMBRE,ILESO,CONDUCTOR PRESENTE,NO,SI,1
34451,147670,147671,2023,0,0,-0.412611,-78.802056,PICHINCHA,MEJIA,MANUEL CORNEJO ASTORGA,RURAL,2023-06-05,10:05:00,10,LUNES,1,JUNIO,6,NO,"CONDUCIR DESATENTO A LAS CONDICIONES DE TRANSITO (CELULAR, PANTALLAS DE VIDEO, COMIDA, MAQUILLAJE O CUALQUIER OTRO ELEMENTO DISTRACTOR).",PERDIDA DE CARRIL,CAMION,0,0,0,1,0,0,0,0,1,0,0,0,0,2,36,HOMBRE,ILESO,CONDUCTOR PRESENTE,NO,NO,3
34452,147674,147675,2023,0,0,-0.113741,-78.492232,PICHINCHA,QUITO,QUITO,URBANA,2023-06-05,11:40:00,11,LUNES,1,JUNIO,6,NO,NO GUARDAR LA DISTANCIA LATERAL MINIMA DE SEGURIDAD ENTRE VEHICULOS.,ROZAMIENTOS,CAMION,1,0,0,1,0,0,0,0,0,0,0,0,0,2,62,HOMBRE,ILESO,CONDUCTOR PRESENTE,NO,SI,1
34453,147678,147679,2023,1,0,-0.307042,-78.454155,PICHINCHA,RUMINIAHUI,SANGOLQUI,URBANA,2023-06-05,13:00:00,13,LUNES,1,JUNIO,6,NO,CONDUCIR EN SENTIDO CONTRARIO A LA VIA NORMAL DE CIRCULACION.,CHOQUE FRONTAL,NO IDENTIFICADO,0,0,0,0,0,0,0,0,0,2,0,0,0,2,26,HOMBRE,LESIONADO,CONDUCTOR PRESENTE,NO,SI,1
34454,147681,147682,2023,1,0,-0.242292,-78.517346,PICHINCHA,QUITO,QUITO,URBANA,2023-06-05,13:30:00,13,LUNES,1,JUNIO,6,NO,PEATON QUE CRUZA LA CALZADA SIN RESPETAR LA SENIALIZACION EXISTENTE (SEMAFOROS O SENIALES MANUALES).,ATROPELLOS,MOTOCICLETA,0,0,0,0,0,0,0,0,1,0,0,0,0,1,12,MUJER,LESIONADO,PEATON,NO,SI,1
34455,147688,147689,2023,0,0,-0.211067,-78.400637,PICHINCHA,QUITO,TUMBACO,RURAL,2023-06-05,15:15:00,15,LUNES,1,JUNIO,6,NO,REALIZAR CAMBIO BRUSCO O INDEBIDO DE CARRIL.,CHOQUE LATERAL,MOTOCICLETA,1,0,0,0,0,0,0,0,1,0,0,0,0,2,19,HOMBRE,ILESO,CONDUCTOR PRESENTE,NO,SI,3
34456,147693,147694,2023,0,0,-0.210356,-78.497538,PICHINCHA,QUITO,QUITO,URBANA,2023-06-05,16:40:00,16,LUNES,1,JUNIO,6,NO,CONDUCIR VEHICULO SUPERANDO LOS LIMITES MAXIMOS DE VELOCIDAD.,OTROS,CAMION,1,0,0,1,0,0,0,0,0,0,0,0,0,2,35,HOMBRE,ILESO,CONDUCTOR PRESENTE,NO,SI,1
34457,147694,147695,2023,0,0,-0.177091,-78.478381,PICHINCHA,QUITO,QUITO,URBANA,2023-06-05,16:50:00,16,LUNES,1,JUNIO,6,NO,"NO RESPETAR LAS SENIALES REGLAMENTARIAS DE TRANSITO. (PARE, CEDA EL PASO, LUZ ROJA DEL SEMAFORO, ETC).",CHOQUE LATERAL,AUTOMOVIL,2,0,0,0,0,0,0,0,0,0,0,0,0,2,32,HOMBRE,ILESO,CONDUCTOR PRESENTE,NO,SI,1
34458,147698,147699,2023,1,0,-0.163224,-78.483271,PICHINCHA,QUITO,QUITO,URBANA,2023-06-05,17:45:00,17,LUNES,1,JUNIO,6,NO,PEATON QUE CRUZA LA CALZADA SIN RESPETAR LA SENIALIZACION EXISTENTE (SEMAFOROS O SENIALES MANUALES).,ATROPELLOS,AUTOMOVIL,1,0,0,0,0,0,0,0,0,0,0,0,0,1,36,HOMBRE,LESIONADO,PEATON,NO,SI,1
34459,147700,147701,2023,0,0,-0.271693,-78.543294,PICHINCHA,QUITO,QUITO,URBANA,2023-06-05,19:00:00,19,LUNES,1,JUNIO,6,NO,"CONDUCIR DESATENTO A LAS CONDICIONES DE TRANSITO (CELULAR, PANTALLAS DE VIDEO, COMIDA, MAQUILLAJE O CUALQUIER OTRO ELEMENTO DISTRACTOR).",ROZAMIENTOS,FURGONETA,1,0,0,0,0,0,0,1,0,0,0,0,0,2,52,MUJER,ILESO,CONDUCTOR PRESENTE,NO,SI,1
34460,147703,147704,2023,0,0,-0.232343,-78.500626,PICHINCHA,QUITO,QUITO,URBANA,2023-06-05,19:55:00,19,LUNES,1,JUNIO,6,NO,CONDUCIR VEHICULO SUPERANDO LOS LIMITES MAXIMOS DE VELOCIDAD.,COLISION,AUTOMOVIL,3,0,0,0,0,0,0,0,0,0,0,0,0,3,62,HOMBRE,ILESO,PASAJERO,NO,SI,1
34461,147706,147707,2023,0,0,-0.084854,-78.410521,PICHINCHA,QUITO,CALDERON (CARAPUNGO),RURAL,2023-06-05,21:30:00,21,LUNES,1,JUNIO,6,NO,"CONDUCE BAJO LA INFLUENCIA DE ALCOHOL, SUSTANCIAS ESTUPEFACIENTES O PSICOTROPICAS Y/O MEDICAMENTOS.",CHOQUE LATERAL,CAMIONETA,1,0,0,0,1,0,0,0,0,0,0,0,0,2,35,HOMBRE,ILESO,CONDUCTOR PRESENTE,NO,SI,3
34462,147708,147709,2023,0,0,-0.216928,-78.518683,PICHINCHA,QUITO,QUITO,URBANA,2023-06-05,23:00:00,23,LUNES,1,JUNIO,6,NO,CONDUCIR VEHICULO SUPERANDO LOS LIMITES MAXIMOS DE VELOCIDAD.,COLISION,AUTOMOVIL,3,0,0,0,0,0,0,0,0,0,0,0,0,3,28,HOMBRE,ILESO,CONDUCTOR PRESENTE,NO,SI,1
34463,147710,147711,2023,1,0,-0.311092,-78.522131,PICHINCHA,QUITO,QUITO,URBANA,2023-06-06,05:40:00,5,MARTES,2,JUNIO,6,NO,NO TRANSITAR POR LAS ACERAS O ZONAS DE SEGURIDAD DESTINADAS PARA EL EFECTO.,ATROPELLOS,AUTOMOVIL,1,0,0,0,0,0,0,0,0,0,0,0,0,1,53,HOMBRE,LESIONADO,PEATON,NO,SI,1
34464,147729,147730,2023,2,0,-0.349893,-78.549244,PICHINCHA,QUITO,QUITO,URBANA,2023-06-06,13:48:00,13,MARTES,2,JUNIO,6,NO,NO CEDER EL DERECHO DE VIA O PREFERENCIA DE PASO AL PEATON.,ATROPELLOS,AUTOMOVIL,1,0,0,0,0,0,0,0,0,0,0,0,0,1,9,HOMBRE,LESIONADO,PEATON,NO,SI,1
34465,147735,147736,2023,1,0,-0.283248,-78.554449,PICHINCHA,QUITO,QUITO,URBANA,2023-06-06,16:00:00,16,MARTES,2,JUNIO,6,NO,"CASO FORTUITO O FUERZA MAYOR (EXPLOSION DE NEUMATICO NUEVO, DERRUMBE, INUNDACION, CAIDA DE PUENTE, ARBOL, PRESENCIA INTEMPESTIVA E IMPREVISTA DE SEMOVIENTES EN LA VIA, ETC.).",ARROLLAMIENTOS,BUS,0,0,1,0,0,0,0,0,0,0,0,0,0,1,54,HOMBRE,LESIONADO,PEATON,NO,SI,1
34466,147741,147742,2023,0,0,-0.123018,-78.469293,PICHINCHA,QUITO,QUITO,URBANA,2023-06-06,17:10:00,17,MARTES,2,JUNIO,6,NO,CONDUCIR VEHICULO SUPERANDO LOS LIMITES MAXIMOS DE VELOCIDAD.,ESTRELLAMIENTOS,AUTOMOVIL,1,0,0,0,0,0,0,0,0,0,0,0,0,1,-1,NO IDENTIFICADO,NO IDENTIFICADO,CONDUCTOR AUSENTE,NO,SI,2
34467,147746,147747,2023,0,1,-0.210802,-78.421418,PICHINCHA,QUITO,TUMBACO,RURAL,2023-06-06,18:25:00,18,MARTES,2,JUNIO,6,NO,NO CEDER EL DERECHO DE VIA O PREFERENCIA DE PASO AL PEATON.,ATROPELLOS,NO IDENTIFICADO,0,0,0,0,0,0,0,0,0,1,0,0,0,1,63,HOMBRE,FALLECIDO,PEATON,NO,SI,3
34468,147756,147757,2023,1,0,-0.008692,-78.446409,PICHINCHA,QUITO,SAN ANTONIO (QUITO),RURAL,2023-06-06,20:30:00,20,MARTES,2,JUNIO,6,NO,CONDUCIR VEHICULO SUPERANDO LOS LIMITES MAXIMOS DE VELOCIDAD.,OTROS,BUS,1,1,1,0,0,0,0,0,0,0,0,0,0,3,34,HOMBRE,LESIONADO,CONDUCTOR PRESENTE,NO,SI,3
34469,147760,147761,2023,0,0,-0.249894,-78.531021,PICHINCHA,QUITO,QUITO,URBANA,2023-06-06,22:15:00,22,MARTES,2,JUNIO,6,NO,CONDUCIR VEHICULO SUPERANDO LOS LIMITES MAXIMOS DE VELOCIDAD.,ESTRELLAMIENTOS,AUTOMOVIL,1,0,0,0,0,0,0,0,0,0,0,0,0,1,-1,NO IDENTIFICADO,NO IDENTIFICADO,CONDUCTOR AUSENTE,NO,SI,2
34470,147766,147767,2023,2,0,-0.203814,-78.502031,PICHINCHA,QUITO,QUITO,URBANA,2023-06-06,22:50:00,22,MARTES,2,JUNIO,6,NO,"NO RESPETAR LAS SENIALES REGLAMENTARIAS DE TRANSITO. (PARE, CEDA EL PASO, LUZ ROJA DEL SEMAFORO, ETC).",CHOQUE LATERAL,MOTOCICLETA,1,0,0,0,0,0,0,0,1,0,0,0,0,2,44,HOMBRE,LESIONADO,PASAJERO,NO,SI,1
34471,147768,147769,2023,2,0,-0.195629,-78.484144,PICHINCHA,QUITO,QUITO,URBANA,2023-06-07,06:00:00,6,MIERCOLES,3,JUNIO,6,NO,REALIZAR CAMBIO BRUSCO O INDEBIDO DE CARRIL.,CHOQUE LATERAL,BUS,1,0,1,0,0,0,0,0,0,0,0,0,0,2,56,HOMBRE,LESIONADO,CONDUCTOR PRESENTE,NO,SI,1
34472,147769,147770,2023,6,0,-0.296212,-78.566715,PICHINCHA,QUITO,QUITO,URBANA,2023-06-07,06:50:00,6,MIERCOLES,3,JUNIO,6,NO,"NO RESPETAR LAS SENIALES REGLAMENTARIAS DE TRANSITO. (PARE, CEDA EL PASO, LUZ ROJA DEL SEMAFORO, ETC).",CHOQUE LATERAL,CAMIONETA,1,0,0,0,1,0,0,0,0,0,0,0,0,2,6,HOMBRE,LESIONADO,PASAJERO,NO,SI,1
34473,147773,147774,2023,0,1,-0.278283,-78.482218,PICHINCHA,QUITO,CONOCOTO,RURAL,2023-06-07,08:50:00,8,MIERCOLES,3,JUNIO,6,NO,"CONDUCIR DESATENTO A LAS CONDICIONES DE TRANSITO (CELULAR, PANTALLAS DE VIDEO, COMIDA, MAQUILLAJE O CUALQUIER OTRO ELEMENTO DISTRACTOR).",PERDIDA DE PISTA,MOTOCICLETA,0,0,0,0,0,0,0,0,1,0,0,0,0,1,-1,HOMBRE,FALLECIDO,CONDUCTOR PRESENTE,NO,SI,3
34474,147774,147775,2023,0,1,-0.309371,-78.444385,PICHINCHA,RUMINIAHUI,SANGOLQUI,URBANA,2023-06-07,10:00:00,10,MIERCOLES,3,JUNIO,6,NO,NO TRANSITAR POR LAS ACERAS O ZONAS DE SEGURIDAD DESTINADAS PARA EL EFECTO.,ATROPELLOS,VEHICULO DEPORTIVO UTILITARIO,0,0,0,0,0,0,0,0,0,0,0,0,1,1,81,MUJER,FALLECIDO,PEATON,NO,SI,1
34475,147776,147777,2023,1,0,-0.330998,-78.442791,PICHINCHA,RUMINIAHUI,SANGOLQUI,URBANA,2023-06-07,12:30:00,12,MIERCOLES,3,JUNIO,6,NO,REALIZAR CAMBIO BRUSCO O INDEBIDO DE CARRIL.,ATROPELLOS,CAMION,1,0,0,1,0,0,0,0,1,0,0,0,0,3,33,HOMBRE,LESIONADO,CONDUCTOR PRESENTE,NO,SI,1
34476,147779,147780,2023,1,1,-0.168428,-78.452679,PICHINCHA,QUITO,QUITO,URBANA,2023-06-07,13:20:00,13,MIERCOLES,3,JUNIO,6,NO,"NO RESPETAR LAS SENIALES REGLAMENTARIAS DE TRANSITO. (PARE, CEDA EL PASO, LUZ ROJA DEL SEMAFORO, ETC).",CHOQUE LATERAL,MOTOCICLETA,1,0,0,0,0,0,0,0,1,0,0,0,0,2,30,HOMBRE,FALLECIDO,CONDUCTOR PRESENTE,NO,SI,1
34477,147793,147794,2023,1,0,-0.196092,-78.442038,PICHINCHA,QUITO,CUMBAYA,RURAL,2023-06-07,16:50:00,16,MIERCOLES,3,JUNIO,6,NO,REALIZAR CAMBIO BRUSCO O INDEBIDO DE CARRIL.,CHOQUE LATERAL,MOTOCICLETA,1,0,0,0,0,0,0,0,1,0,0,0,0,2,36,HOMBRE,LESIONADO,CONDUCTOR PRESENTE,NO,SI,3
34478,147794,147795,2023,1,0,-0.286339,-78.550103,PICHINCHA,QUITO,QUITO,URBANA,2023-06-07,17:10:00,17,MIERCOLES,3,JUNIO,6,NO,PEATON QUE CRUZA LA CALZADA SIN RESPETAR LA SENIALIZACION EXISTENTE (SEMAFOROS O SENIALES MANUALES).,ATROPELLOS,MOTOCICLETA,0,0,0,0,0,0,0,0,1,0,0,0,0,1,24,MUJER,LESIONADO,PEATON,NO,SI,1
34479,147801,147802,2023,0,1,-0.297121,-78.530855,PICHINCHA,QUITO,QUITO,URBANA,2023-06-07,19:20:00,19,MIERCOLES,3,JUNIO,6,NO,NO CEDER EL DERECHO DE VIA O PREFERENCIA DE PASO AL PEATON.,ARROLLAMIENTOS,NO IDENTIFICADO,0,0,0,0,0,0,0,0,0,1,0,0,0,1,36,HOMBRE,FALLECIDO,PEATON,NO,SI,1
34480,147817,147818,2023,0,0,-0.243302,-78.475232,PICHINCHA,QUITO,QUITO,URBANA,2023-06-08,08:30:00,8,JUEVES,4,JUNIO,6,NO,CONDUCIR VEHICULO SUPERANDO LOS LIMITES MAXIMOS DE VELOCIDAD.,CHOQUE LATERAL,BUS,0,0,1,0,1,0,0,0,0,0,0,0,0,2,28,HOMBRE,ILESO,CONDUCTOR PRESENTE,NO,SI,1
34481,147818,147819,2023,0,0,-0.234525,-78.337846,PICHINCHA,QUITO,PIFO,RURAL,2023-06-08,08:30:00,8,JUEVES,4,JUNIO,6,NO,CONDUCIR VEHICULO SUPERANDO LOS LIMITES MAXIMOS DE VELOCIDAD.,ROZAMIENTOS,AUTOMOVIL,1,0,0,0,0,0,0,0,0,0,0,0,0,1,-1,NO IDENTIFICADO,NO IDENTIFICADO,CONDUCTOR AUSENTE,NO,SI,2
34482,147821,147822,2023,2,0,-0.129912,-78.448384,PICHINCHA,QUITO,LLANO CHICO,RURAL,2023-06-08,09:15:00,9,JUEVES,4,JUNIO,6,NO,NO MANTENER LA DISTANCIA PRUDENCIAL CON RESPECTO AL VEHICULO QUE LE ANTECEDE.,CHOQUE POSTERIOR,CAMION,0,0,0,1,1,0,0,0,0,0,0,0,0,2,48,HOMBRE,LESIONADO,PASAJERO,NO,SI,3
34483,147827,147828,2023,0,0,-0.086319,-78.440749,PICHINCHA,QUITO,CALDERON (CARAPUNGO),RURAL,2023-06-08,10:30:00,10,JUEVES,4,JUNIO,6,NO,"FALLA MECANICA EN LOS SISTEMAS Y/O NEUMATICOS (SISTEMA DE FRENOS, DIRECCION, ELECTRONICO O MECANICO).",ESTRELLAMIENTOS,CAMION,0,0,0,1,1,0,0,0,0,0,0,0,0,2,-1,NO IDENTIFICADO,NO IDENTIFICADO,CONDUCTOR AUSENTE,NO,SI,2
34484,147834,147835,2023,2,0,-0.200749,-78.482796,PICHINCHA,QUITO,QUITO,URBANA,2023-06-08,14:15:00,14,JUEVES,4,JUNIO,6,NO,NO CEDER EL DERECHO DE VIA O PREFERENCIA DE PASO AL PEATON.,OTROS,MOTOCICLETA,0,0,0,0,0,0,0,0,1,0,0,0,0,1,36,HOMBRE,LESIONADO,CONDUCTOR PRESENTE,NO,SI,1
34485,147835,147836,2023,0,0,-0.245332,-78.475568,PICHINCHA,QUITO,QUITO,RURAL,2023-06-08,14:49:00,14,JUEVES,4,JUNIO,6,NO,"CONDUCE BAJO LA INFLUENCIA DE ALCOHOL, SUSTANCIAS ESTUPEFACIENTES O PSICOTROPICAS Y/O MEDICAMENTOS.",ROZAMIENTOS,AUTOMOVIL,2,0,0,0,0,0,0,0,0,0,0,0,0,2,36,HOMBRE,ILESO,CONDUCTOR PRESENTE,NO,SI,3
34486,147841,147842,2023,0,0,-0.258664,-78.547859,PICHINCHA,QUITO,QUITO,URBANA,2023-06-08,17:30:00,17,JUEVES,4,JUNIO,6,NO,"CONDUCE BAJO LA INFLUENCIA DE ALCOHOL, SUSTANCIAS ESTUPEFACIENTES O PSICOTROPICAS Y/O MEDICAMENTOS.",ESTRELLAMIENTOS,AUTOMOVIL,3,0,0,0,0,0,0,0,0,0,0,0,0,3,35,HOMBRE,ILESO,CONDUCTOR PRESENTE,NO,SI,1
34487,147845,147846,2023,0,0,-0.108371,-78.461405,PICHINCHA,QUITO,QUITO,URBANA,2023-06-08,18:50:00,18,JUEVES,4,JUNIO,6,NO,CONDUCIR VEHICULO SUPERANDO LOS LIMITES MAXIMOS DE VELOCIDAD.,ESTRELLAMIENTOS,MOTOCICLETA,1,0,0,0,0,0,0,0,1,0,0,0,0,2,39,HOMBRE,ILESO,PASAJERO,NO,SI,1
34488,147853,147854,2023,2,0,-0.234294,-78.518593,PICHINCHA,QUITO,QUITO,URBANA,2023-06-08,22:15:00,22,JUEVES,4,JUNIO,6,NO,CONDUCIR VEHICULO SUPERANDO LOS LIMITES MAXIMOS DE VELOCIDAD.,OTROS,MOTOCICLETA,0,0,0,0,0,0,0,0,1,0,0,0,0,1,22,HOMBRE,LESIONADO,PASAJERO,NO,SI,1
34489,147855,147856,2023,2,0,-0.195888,-78.494875,PICHINCHA,QUITO,QUITO,URBANA,2023-06-08,23:00:00,23,JUEVES,4,JUNIO,6,NO,CONDUCIR VEHICULO SUPERANDO LOS LIMITES MAXIMOS DE VELOCIDAD.,PERDIDA DE CARRIL,MOTOCICLETA,0,0,0,0,0,0,0,0,1,0,0,0,0,1,17,HOMBRE,LESIONADO,PASAJERO,NO,SI,1
34490,147860,147861,2023,0,0,-0.231604,-78.490937,PICHINCHA,QUITO,QUITO,URBANA,2023-06-09,01:20:00,1,VIERNES,5,JUNIO,6,NO,CONDUCIR VEHICULO SUPERANDO LOS LIMITES MAXIMOS DE VELOCIDAD.,ESTRELLAMIENTOS,CAMIONETA,0,0,0,0,1,0,0,0,0,0,0,0,0,1,-1,NO IDENTIFICADO,NO IDENTIFICADO,CONDUCTOR AUSENTE,NO,SI,2
34491,147861,147862,2023,0,0,-0.217284,-78.400776,PICHINCHA,QUITO,TUMBACO,RURAL,2023-06-09,02:08:00,2,VIERNES,5,JUNIO,6,NO,CONDUCIR VEHICULO SUPERANDO LOS LIMITES MAXIMOS DE VELOCIDAD.,ESTRELLAMIENTOS,AUTOMOVIL,1,0,0,0,0,0,0,0,0,0,0,0,0,1,-1,NO IDENTIFICADO,NO IDENTIFICADO,CONDUCTOR AUSENTE,NO,SI,2
34492,147862,147863,2023,0,0,-0.280831,-78.516428,PICHINCHA,QUITO,QUITO,URBANA,2023-06-09,03:30:00,3,VIERNES,5,JUNIO,6,NO,"CONDUCE BAJO LA INFLUENCIA DE ALCOHOL, SUSTANCIAS ESTUPEFACIENTES O PSICOTROPICAS Y/O MEDICAMENTOS.",OTROS,CAMIONETA,1,0,0,0,1,0,0,0,0,0,0,0,0,2,23,HOMBRE,ILESO,CONDUCTOR PRESENTE,NO,SI,1
34493,147866,147867,2023,0,0,-0.268381,-78.496209,PICHINCHA,QUITO,CONOCOTO,RURAL,2023-06-09,05:35:00,5,VIERNES,5,JUNIO,6,NO,CONDUCIR VEHICULO SUPERANDO LOS LIMITES MAXIMOS DE VELOCIDAD.,ESTRELLAMIENTOS,AUTOMOVIL,1,0,0,0,0,0,0,0,0,0,0,0,0,1,-1,NO IDENTIFICADO,NO IDENTIFICADO,CONDUCTOR AUSENTE,NO,SI,2
34494,147871,147872,2023,1,0,-0.318827,-78.560891,PICHINCHA,QUITO,QUITO,URBANA,2023-06-09,08:00:00,8,VIERNES,5,JUNIO,6,NO,CONDUCIR VEHICULO SUPERANDO LOS LIMITES MAXIMOS DE VELOCIDAD.,CHOQUE LATERAL,NO IDENTIFICADO,0,0,0,0,0,0,0,0,0,2,0,0,0,2,25,HOMBRE,LESIONADO,PASAJERO,NO,SI,1
34495,147872,147873,2023,0,1,-0.167371,-78.448253,PICHINCHA,QUITO,QUITO,URBANA,2023-06-09,08:10:00,8,VIERNES,5,JUNIO,6,NO,CONDUCIR VEHICULO SUPERANDO LOS LIMITES MAXIMOS DE VELOCIDAD.,OTROS,MOTOCICLETA,0,0,0,0,0,0,0,0,1,1,0,0,0,2,30,HOMBRE,FALLECIDO,CONDUCTOR PRESENTE,NO,SI,1
34496,147877,147878,2023,0,0,-0.202672,-78.492486,PICHINCHA,QUITO,QUITO,URBANA,2023-06-09,10:45:00,10,VIERNES,5,JUNIO,6,NO,CONDUCIR VEHICULO SUPERANDO LOS LIMITES MAXIMOS DE VELOCIDAD.,ESTRELLAMIENTOS,AUTOMOVIL,2,0,0,0,0,0,0,0,0,0,0,0,0,2,41,HOMBRE,ILESO,CONDUCTOR PRESENTE,NO,SI,1
34497,147878,147879,2023,1,0,-0.293634,-78.450361,PICHINCHA,QUITO,ALANGASI,RURAL,2023-06-09,11:00:00,11,VIERNES,5,JUNIO,6,NO,CONDUCIR VEHICULO SUPERANDO LOS LIMITES MAXIMOS DE VELOCIDAD.,OTROS,MOTOCICLETA,0,0,0,0,0,0,0,0,1,1,0,0,0,2,22,HOMBRE,LESIONADO,CONDUCTOR PRESENTE,NO,SI,3
34498,147893,147894,2023,1,0,-0.098109,-78.432099,PICHINCHA,QUITO,CALDERON (CARAPUNGO),RURAL,2023-06-09,14:10:00,14,VIERNES,5,JUNIO,6,NO,REALIZAR CAMBIO BRUSCO O INDEBIDO DE CARRIL.,ESTRELLAMIENTOS,BUS,0,0,1,0,0,0,0,0,1,0,0,0,0,2,22,HOMBRE,LESIONADO,CONDUCTOR PRESENTE,NO,SI,3
34499,147895,147896,2023,2,0,-0.251916,-78.531041,PICHINCHA,QUITO,QUITO,URBANA,2023-06-09,15:00:00,15,VIERNES,5,JUNIO,6,NO,CONDUCIR VEHICULO SUPERANDO LOS LIMITES MAXIMOS DE VELOCIDAD.,CHOQUE LATERAL,MOTOCICLETA,1,0,0,0,0,0,0,0,1,0,0,0,0,2,43,HOMBRE,LESIONADO,PASAJERO,NO,SI,1
34500,147900,147901,2023,1,0,-0.251599,-78.518339,PICHINCHA,QUITO,QUITO,URBANA,2023-06-09,16:35:00,16,VIERNES,5,JUNIO,6,NO,NO CEDER EL DERECHO DE VIA O PREFERENCIA DE PASO AL PEATON.,ATROPELLOS,NO IDENTIFICADO,0,0,0,0,0,0,0,0,0,1,0,0,0,1,49,HOMBRE,LESIONADO,PEATON,NO,SI,1