,Unnamed: 0,ID,ANIO,LESIONADOS,FALLECIDOS,LATITUD_Y,LONGITUD_X,PROVINCIA,CANTON,PARROQUIA,ZONA,FECHA,HORA,PERIODO_2,DIA_1,DIA_2,MES_1,MES_2,FERIADO,CAUSA_PROBABLE,TIPO_DE_SINIESTRO,TIPO_DE_VEHICULO_1,AUTOMOVIL,BICICLETA,BUS,CAMION,CAMIONETA,EMERGENCIAS,ESPECIAL,FURGONETA,MOTOCICLETA,NO_IDENTIFICADO,SCOOTER_ELECTRICO,TRICIMOTO,VEHICULO_DEPORTIVO_UTILITARIO,SUMA_DE_VEHICULOS,EDAD_1,SEXO_1,CONDICION_1,PARTICIPANTE_1,CASCO_1,CINTURON_1,KMeans_Cluster
34501,147908,147909,2023,3,0,-0.207098,-78.504541,PICHINCHA,QUITO,QUITO,URBANA,2023-06-09,19:30:00,19,VIERNES,5,JUNIO,6,NO,CONDUCIR VEHICULO SUPERANDO LOS LIMITES MAXIMOS DE VELOCIDAD.,CHOQUE LATERAL,AUTOMOVIL,2,0,0,0,0,0,0,0,0,0,0,0,0,2,1,HOMBRE,LESIONADO,PASAJERO,NO,SI,1
34502,147910,147911,2023,1,0,-0.262263,-78.537649,PICHINCHA,QUITO,QUITO,URBANA,2023-06-09,20:38:00,20,VIERNES,5,JUNIO,6,NO,"CONDUCE BAJO LA INFLUENCIA DE ALCOHOL, SUSTANCIAS ESTUPEFACIENTES O PSICOTROPICAS Y/O MEDICAMENTOS.",COLISION,AUTOMOVIL,3,0,0,0,0,0,0,0,0,0,0,0,0,3,43,HOMBRE,LESIONADO,CONDUCTOR PRESENTE,NO,SI,1
34503,147912,147913,2023,0,1,-0.211991,-78.371579,PICHINCHA,QUITO,TUMBACO,RURAL,2023-06-09,21:12:00,21,VIERNES,5,JUNIO,6,NO,NO TRANSITAR POR LAS ACERAS O ZONAS DE SEGURIDAD DESTINADAS PARA EL EFECTO.,ATROPELLOS,NO IDENTIFICADO,0,0,0,0,0,0,0,0,0,1,0,0,0,1,18,HOMBRE,FALLECIDO,PEATON,NO,SI,3
34504,147919,147920,2023,0,0,-0.146307,-78.499094,PICHINCHA,QUITO,QUITO,URBANA,2023-06-09,22:45:00,22,VIERNES,5,JUNIO,6,NO,NO MANTENER LA DISTANCIA PRUDENCIAL CON RESPECTO AL VEHICULO QUE LE ANTECEDE.,COLISION,AUTOMOVIL,2,0,0,0,0,0,0,0,0,1,0,0,0,3,20,HOMBRE,ILESO,CONDUCTOR PRESENTE,NO,SI,1
34505,147934,147935,2023,0,0,-0.210751,-78.421393,PICHINCHA,QUITO,TUMBACO,RURAL,2023-06-10,04:47:00,4,SABADO,6,JUNIO,6,NO,CONDUCIR VEHICULO SUPERANDO LOS LIMITES MAXIMOS DE VELOCIDAD.,ESTRELLAMIENTOS,AUTOMOVIL,1,0,0,0,0,0,0,0,0,0,0,0,0,1,-1,NO IDENTIFICADO,NO IDENTIFICADO,CONDUCTOR AUSENTE,NO,SI,2
34506,147935,147936,2023,1,0,-0.210881,-78.421567,PICHINCHA,QUITO,TUMBACO,RURAL,2023-06-10,04:47:00,4,SABADO,6,JUNIO,6,NO,CONDUCIR VEHICULO SUPERANDO LOS LIMITES MAXIMOS DE VELOCIDAD.,ESTRELLAMIENTOS,AUTOMOVIL,1,0,0,0,0,0,0,0,0,0,0,0,0,1,37,HOMBRE,LESIONADO,CONDUCTOR PRESENTE,NO,SI,3
34507,147942,147943,2023,0,0,-0.268877,-78.533295,PICHINCHA,QUITO,QUITO,URBANA,2023-06-10,07:32:00,7,SABADO,6,JUNIO,6,NO,CONDUCIR VEHICULO SUPERANDO LOS LIMITES MAXIMOS DE VELOCIDAD.,CHOQUE LATERAL,BUS,1,0,1,0,0,0,0,0,0,0,0,0,0,2,55,HOMBRE,ILESO,CONDUCTOR PRESENTE,NO,SI,1
34508,147949,147950,2023,1,0,-0.084581,-78.351169,PICHINCHA,QUITO,GUAYLLABAMBA,RURAL,2023-06-10,08:40:00,8,SABADO,6,JUNIO,6,NO,CONDUCIR VEHICULO SUPERANDO LOS LIMITES MAXIMOS DE VELOCIDAD.,ROZAMIENTOS,NO IDENTIFICADO,0,0,0,0,0,0,0,0,0,1,0,0,0,1,25,HOMBRE,LESIONADO,CONDUCTOR PRESENTE,NO,SI,3
34509,147950,147951,2023,2,0,-0.254228,-78.497596,PICHINCHA,QUITO,QUITO,URBANA,2023-06-10,09:20:00,9,SABADO,6,JUNIO,6,NO,"CONDUCE BAJO LA INFLUENCIA DE ALCOHOL, SUSTANCIAS ESTUPEFACIENTES O PSICOTROPICAS Y/O MEDICAMENTOS.",CHOQUE FRONTAL,MOTOCICLETA,1,0,0,0,0,0,0,0,1,0,0,0,0,2,28,HOMBRE,LESIONADO,CONDUCTOR PRESENTE,NO,SI,1
34510,147961,147962,2023,2,0,-0.087362,-78.432695,PICHINCHA,QUITO,CALDERON (CARAPUNGO),RURAL,2023-06-10,15:20:00,15,SABADO,6,JUNIO,6,NO,CONDUCIR VEHICULO SUPERANDO LOS LIMITES MAXIMOS DE VELOCIDAD.,ESTRELLAMIENTOS,MOTOCICLETA,1,0,0,0,0,0,0,0,1,0,0,0,0,2,24,HOMBRE,LESIONADO,CONDUCTOR PRESENTE,NO,SI,3
34511,147965,147966,2023,0,0,-0.264946,-78.551234,PICHINCHA,QUITO,QUITO,URBANA,2023-06-10,17:16:00,17,SABADO,6,JUNIO,6,NO,"NO RESPETAR LAS SENIALES REGLAMENTARIAS DE TRANSITO. (PARE, CEDA EL PASO, LUZ ROJA DEL SEMAFORO, ETC).",OTROS,AUTOMOVIL,3,0,0,0,0,0,0,0,0,0,0,0,0,3,41,HOMBRE,ILESO,CONDUCTOR PRESENTE,NO,SI,1
34512,147979,147980,2023,0,0,-0.038055,-78.453769,PICHINCHA,QUITO,POMASQUI,URBANA,2023-06-10,20:45:00,20,SABADO,6,JUNIO,6,NO,"CONDUCIR DESATENTO A LAS CONDICIONES DE TRANSITO (CELULAR, PANTALLAS DE VIDEO, COMIDA, MAQUILLAJE O CUALQUIER OTRO ELEMENTO DISTRACTOR).",CHOQUE POSTERIOR,CAMION,0,0,0,1,0,0,0,0,0,0,0,0,1,2,34,HOMBRE,ILESO,CONDUCTOR PRESENTE,NO,SI,1
34513,147980,147981,2023,1,0,-0.257479,-78.539411,PICHINCHA,QUITO,QUITO,URBANA,2023-06-10,20:45:00,20,SABADO,6,JUNIO,6,NO,REALIZAR CAMBIO BRUSCO O INDEBIDO DE CARRIL.,CHOQUE LATERAL,NO IDENTIFICADO,0,0,0,0,0,0,0,0,0,2,0,0,0,2,23,HOMBRE,LESIONADO,PASAJERO,NO,SI,1
34514,147986,147987,2023,0,0,-0.274243,-78.532236,PICHINCHA,QUITO,QUITO,URBANA,2023-06-10,22:50:00,22,SABADO,6,JUNIO,6,NO,CONDUCIR VEHICULO SUPERANDO LOS LIMITES MAXIMOS DE VELOCIDAD.,ESTRELLAMIENTOS,AUTOMOVIL,1,0,0,0,0,0,0,0,0,0,0,0,0,1,-1,NO IDENTIFICADO,NO IDENTIFICADO,CONDUCTOR AUSENTE,NO,SI,2
34515,147990,147991,2023,0,0,-0.133287,-78.481943,PICHINCHA,QUITO,QUITO,URBANA,2023-06-11,01:15:00,1,DOMINGO,7,JUNIO,6,NO,CONDUCIR VEHICULO SUPERANDO LOS LIMITES MAXIMOS DE VELOCIDAD.,ESTRELLAMIENTOS,AUTOMOVIL,1,0,0,0,0,0,0,0,0,0,0,0,0,1,-1,NO IDENTIFICADO,NO IDENTIFICADO,CONDUCTOR AUSENTE,NO,SI,2
34516,147991,147992,2023,0,0,-0.142632,-78.502963,PICHINCHA,QUITO,QUITO,URBANA,2023-06-11,01:50:00,1,DOMINGO,7,JUNIO,6,NO,CONDUCIR VEHICULO SUPERANDO LOS LIMITES MAXIMOS DE VELOCIDAD.,ESTRELLAMIENTOS,AUTOMOVIL,1,0,0,0,0,0,0,0,0,0,0,0,0,1,-1,NO IDENTIFICADO,NO IDENTIFICADO,CONDUCTOR AUSENTE,NO,SI,2
34517,148004,148005,2023,1,0,-0.449411,-78.585734,PICHINCHA,MEJIA,ALOAG,RURAL,2023-06-11,07:00:00,7,DOMINGO,7,JUNIO,6,NO,NO TRANSITAR POR LAS ACERAS O ZONAS DE SEGURIDAD DESTINADAS PARA EL EFECTO.,ATROPELLOS,CAMIONETA,0,0,0,0,1,0,0,0,0,0,0,0,0,1,22,MUJER,LESIONADO,PEATON,NO,SI,3
34518,148008,148009,2023,1,0,-0.287213,-78.441293,PICHINCHA,QUITO,ALANGASI,RURAL,2023-06-11,08:15:00,8,DOMINGO,7,JUNIO,6,NO,NO CEDER EL DERECHO DE VIA O PREFERENCIA DE PASO AL PEATON.,ATROPELLOS,NO IDENTIFICADO,0,0,0,0,0,0,0,0,0,1,0,0,0,1,73,HOMBRE,LESIONADO,PEATON,NO,SI,3
34519,148009,148010,2023,0,0,-0.241493,-78.482984,PICHINCHA,QUITO,QUITO,URBANA,2023-06-11,08:17:00,8,DOMINGO,7,JUNIO,6,NO,"CONDUCE BAJO LA INFLUENCIA DE ALCOHOL, SUSTANCIAS ESTUPEFACIENTES O PSICOTROPICAS Y/O MEDICAMENTOS.",ESTRELLAMIENTOS,AUTOMOVIL,1,0,0,0,0,0,0,0,0,0,0,0,0,1,25,HOMBRE,ILESO,CONDUCTOR PRESENTE,NO,SI,1
34520,148011,148012,2023,0,0,-0.120811,-78.495613,PICHINCHA,QUITO,QUITO,URBANA,2023-06-11,08:45:00,8,DOMINGO,7,JUNIO,6,NO,CONDUCIR VEHICULO SUPERANDO LOS LIMITES MAXIMOS DE VELOCIDAD.,ESTRELLAMIENTOS,AUTOMOVIL,1,0,0,0,0,0,0,0,0,0,0,0,0,1,-1,NO IDENTIFICADO,NO IDENTIFICADO,CONDUCTOR AUSENTE,NO,SI,2
34521,148019,148020,2023,0,0,-0.355687,-78.530813,PICHINCHA,QUITO,QUITO,URBANA,2023-06-11,13:30:00,13,DOMINGO,7,JUNIO,6,NO,CONDUCIR VEHICULO SUPERANDO LOS LIMITES MAXIMOS DE VELOCIDAD.,ESTRELLAMIENTOS,CAMIONETA,2,0,0,0,1,0,0,0,0,0,0,0,0,3,46,HOMBRE,ILESO,CONDUCTOR PRESENTE,NO,SI,1
34522,148020,148021,2023,0,0,0.050094,-78.339825,PICHINCHA,PEDRO MONCAYO,MALCHINGUI,RURAL,2023-06-11,13:45:00,13,DOMINGO,7,JUNIO,6,NO,"NO RESPETAR LAS SENIALES REGLAMENTARIAS DE TRANSITO. (PARE, CEDA EL PASO, LUZ ROJA DEL SEMAFORO, ETC).",OTROS,NO IDENTIFICADO,0,0,0,0,0,0,0,0,0,1,0,0,0,1,54,MUJER,ILESO,PEATON,NO,SI,3
34523,148034,148035,2023,2,0,-0.335501,-78.560881,PICHINCHA,QUITO,QUITO,URBANA,2023-06-11,20:00:00,20,DOMINGO,7,JUNIO,6,NO,CONDUCIR VEHICULO SUPERANDO LOS LIMITES MAXIMOS DE VELOCIDAD.,OTROS,NO IDENTIFICADO,0,0,0,0,0,0,0,0,0,2,0,0,0,2,18,HOMBRE,LESIONADO,PASAJERO,NO,SI,1
34524,148040,148041,2023,0,0,-0.214676,-78.381431,PICHINCHA,QUITO,TUMBACO,RURAL,2023-06-11,21:20:00,21,DOMINGO,7,JUNIO,6,NO,CONDUCIR VEHICULO SUPERANDO LOS LIMITES MAXIMOS DE VELOCIDAD.,OTROS,AUTOMOVIL,1,0,0,0,0,0,0,0,0,0,0,0,0,1,-1,NO IDENTIFICADO,NO IDENTIFICADO,CONDUCTOR AUSENTE,NO,SI,2
34525,148055,148056,2023,0,0,-0.331534,-78.555165,PICHINCHA,QUITO,QUITO,URBANA,2023-06-12,01:25:00,1,LUNES,1,JUNIO,6,NO,CONDUCIR VEHICULO SUPERANDO LOS LIMITES MAXIMOS DE VELOCIDAD.,ESTRELLAMIENTOS,AUTOMOVIL,1,0,0,0,0,0,0,0,0,0,0,0,0,1,-1,NO IDENTIFICADO,NO IDENTIFICADO,CONDUCTOR AUSENTE,NO,SI,2
34526,148058,148059,2023,3,0,-0.288938,-78.574411,PICHINCHA,QUITO,QUITO,URBANA,2023-06-12,04:16:00,4,LUNES,1,JUNIO,6,NO,NO TRANSITAR POR LAS ACERAS O ZONAS DE SEGURIDAD DESTINADAS PARA EL EFECTO.,ATROPELLOS,AUTOMOVIL,1,0,0,0,0,0,0,0,0,0,0,0,0,1,36,HOMBRE,LESIONADO,PEATON,NO,SI,1
34527,148074,148075,2023,1,0,-0.413667,-78.800583,PICHINCHA,MEJIA,MANUEL CORNEJO ASTORGA,RURAL,2023-06-12,10:20:00,10,LUNES,1,JUNIO,6,NO,"CONDUCIR DESATENTO A LAS CONDICIONES DE TRANSITO (CELULAR, PANTALLAS DE VIDEO, COMIDA, MAQUILLAJE O CUALQUIER OTRO ELEMENTO DISTRACTOR).",PERDIDA DE CARRIL,BUS,0,0,1,0,0,0,0,0,0,0,0,0,1,2,43,HOMBRE,LESIONADO,CONDUCTOR PRESENTE,NO,NO,3
34528,148077,148078,2023,1,0,-0.148737,-78.475689,PICHINCHA,QUITO,QUITO,URBANA,2023-06-12,11:30:00,11,LUNES,1,JUNIO,6,NO,NO CEDER EL DERECHO DE VIA O PREFERENCIA DE PASO AL PEATON.,ATROPELLOS,MOTOCICLETA,0,0,0,0,0,0,0,0,1,0,0,0,0,1,72,HOMBRE,LESIONADO,PEATON,NO,SI,1
34529,148087,148088,2023,1,0,-0.306572,-78.470514,PICHINCHA,QUITO,CONOCOTO,RURAL,2023-06-12,16:45:00,16,LUNES,1,JUNIO,6,NO,CONDUCIR VEHICULO SUPERANDO LOS LIMITES MAXIMOS DE VELOCIDAD.,VOLCAMIENTOS,MOTOCICLETA,0,0,0,0,0,0,0,0,1,0,0,0,0,1,29,HOMBRE,LESIONADO,CONDUCTOR PRESENTE,NO,SI,3
34530,148089,148090,2023,1,0,-0.118687,-78.492121,PICHINCHA,QUITO,QUITO,URBANA,2023-06-12,17:30:00,17,LUNES,1,JUNIO,6,NO,"NO RESPETAR LAS SENIALES REGLAMENTARIAS DE TRANSITO. (PARE, CEDA EL PASO, LUZ ROJA DEL SEMAFORO, ETC).",CHOQUE LATERAL,BUS,0,0,1,0,0,0,0,0,0,1,0,0,0,2,22,HOMBRE,LESIONADO,CONDUCTOR PRESENTE,NO,SI,1
34531,148092,148093,2023,1,0,-0.097162,-78.519386,PICHINCHA,QUITO,QUITO,URBANA,2023-06-12,18:30:00,18,LUNES,1,JUNIO,6,NO,CONDUCIR VEHICULO SUPERANDO LOS LIMITES MAXIMOS DE VELOCIDAD.,ATROPELLOS,CAMIONETA,1,0,0,0,1,0,0,0,0,0,0,0,0,2,50,MUJER,LESIONADO,PEATON,NO,SI,1
34532,148094,148095,2023,0,0,-0.103933,-78.462907,PICHINCHA,QUITO,QUITO,URBANA,2023-06-12,18:50:00,18,LUNES,1,JUNIO,6,NO,NO MANTENER LA DISTANCIA PRUDENCIAL CON RESPECTO AL VEHICULO QUE LE ANTECEDE.,CHOQUE POSTERIOR,CAMIONETA,1,0,0,0,1,0,0,0,0,0,0,0,0,2,42,HOMBRE,ILESO,CONDUCTOR PRESENTE,NO,SI,1
34533,148096,148097,2023,1,0,-0.192077,-78.451378,PICHINCHA,QUITO,NAYON,RURAL,2023-06-12,19:40:00,19,LUNES,1,JUNIO,6,NO,CONDUCIR VEHICULO SUPERANDO LOS LIMITES MAXIMOS DE VELOCIDAD.,CHOQUE LATERAL,MOTOCICLETA,1,0,0,0,0,0,0,0,1,0,0,0,0,2,34,HOMBRE,LESIONADO,CONDUCTOR PRESENTE,NO,SI,3
34534,148100,148101,2023,2,0,-0.345981,-78.444474,PICHINCHA,RUMINIAHUI,SANGOLQUI,RURAL,2023-06-12,20:22:00,20,LUNES,1,JUNIO,6,NO,"CONDUCIR DESATENTO A LAS CONDICIONES DE TRANSITO (CELULAR, PANTALLAS DE VIDEO, COMIDA, MAQUILLAJE O CUALQUIER OTRO ELEMENTO DISTRACTOR).",CHOQUE LATERAL,CAMION,0,0,0,1,1,0,0,0,0,0,0,0,0,2,48,HOMBRE,LESIONADO,PASAJERO,NO,SI,3
34535,148105,148106,2023,1,0,-0.012824,-78.448593,PICHINCHA,QUITO,SAN ANTONIO (QUITO),RURAL,2023-06-12,23:00:00,23,LUNES,1,JUNIO,6,NO,"NO RESPETAR LAS SENIALES REGLAMENTARIAS DE TRANSITO. (PARE, CEDA EL PASO, LUZ ROJA DEL SEMAFORO, ETC).",OTROS,MOTOCICLETA,0,0,0,0,0,0,0,0,1,1,0,0,0,2,20,HOMBRE,LESIONADO,CONDUCTOR PRESENTE,NO,SI,3
34536,148113,148114,2023,0,0,-0.187566,-78.493051,PICHINCHA,QUITO,QUITO,URBANA,2023-06-13,06:25:00,6,MARTES,2,JUNIO,6,NO,"NO RESPETAR LAS SENIALES REGLAMENTARIAS DE TRANSITO. (PARE, CEDA EL PASO, LUZ ROJA DEL SEMAFORO, ETC).",CHOQUE LATERAL,AUTOMOVIL,2,0,0,0,0,0,0,0,0,0,0,0,0,2,36,HOMBRE,ILESO,CONDUCTOR PRESENTE,NO,SI,1
34537,148115,148116,2023,0,0,-0.192352,-78.455028,PICHINCHA,QUITO,QUITO,URBANA,2023-06-13,07:10:00,7,MARTES,2,JUNIO,6,NO,CONDUCIR VEHICULO SUPERANDO LOS LIMITES MAXIMOS DE VELOCIDAD.,ESTRELLAMIENTOS,AUTOMOVIL,1,0,0,0,0,0,0,0,0,0,0,0,0,1,29,HOMBRE,ILESO,CONDUCTOR PRESENTE,NO,SI,1
34538,148117,148118,2023,1,0,0.039249,-78.281068,PICHINCHA,PEDRO MONCAYO,TOCACHI,RURAL,2023-06-13,07:50:00,7,MARTES,2,JUNIO,6,NO,"CASO FORTUITO O FUERZA MAYOR (EXPLOSION DE NEUMATICO NUEVO, DERRUMBE, INUNDACION, CAIDA DE PUENTE, ARBOL, PRESENCIA INTEMPESTIVA E IMPREVISTA DE SEMOVIENTES EN LA VIA, ETC.).",PERDIDA DE PISTA,BUS,0,0,1,0,0,0,0,0,0,0,0,0,0,1,42,MUJER,LESIONADO,PASAJERO,NO,SI,3
34539,148122,148123,2023,1,0,-0.248479,-78.337926,PICHINCHA,QUITO,PIFO,RURAL,2023-06-13,08:35:00,8,MARTES,2,JUNIO,6,NO,"CONDUCIR DESATENTO A LAS CONDICIONES DE TRANSITO (CELULAR, PANTALLAS DE VIDEO, COMIDA, MAQUILLAJE O CUALQUIER OTRO ELEMENTO DISTRACTOR).",CHOQUE POSTERIOR,CAMIONETA,1,0,0,0,1,0,0,0,0,0,0,0,0,2,31,MUJER,LESIONADO,CONDUCTOR PRESENTE,NO,SI,3
34540,148124,148125,2023,0,1,-0.283441,-78.543783,PICHINCHA,QUITO,QUITO,URBANA,2023-06-13,09:33:00,9,MARTES,2,JUNIO,6,NO,"NO RESPETAR LAS SENIALES REGLAMENTARIAS DE TRANSITO. (PARE, CEDA EL PASO, LUZ ROJA DEL SEMAFORO, ETC).",CHOQUE LATERAL,BUS,0,0,1,0,0,0,0,0,1,0,0,0,0,2,29,HOMBRE,FALLECIDO,CONDUCTOR PRESENTE,NO,SI,1
34541,148125,148126,2023,1,0,-0.170919,-78.487586,PICHINCHA,QUITO,QUITO,URBANA,2023-06-13,09:40:00,9,MARTES,2,JUNIO,6,NO,CONDUCIR VEHICULO SUPERANDO LOS LIMITES MAXIMOS DE VELOCIDAD.,CHOQUE LATERAL,MOTOCICLETA,0,0,0,0,0,0,0,0,2,0,0,0,0,2,32,HOMBRE,LESIONADO,CONDUCTOR PRESENTE,NO,SI,1
34542,148137,148138,2023,0,0,-0.244395,-78.481997,PICHINCHA,QUITO,QUITO,URBANA,2023-06-13,15:43:00,15,MARTES,2,JUNIO,6,NO,REALIZAR CAMBIO BRUSCO O INDEBIDO DE CARRIL.,ESTRELLAMIENTOS,FURGONETA,1,0,0,0,0,0,0,1,0,0,0,0,0,2,24,HOMBRE,ILESO,CONDUCTOR PRESENTE,NO,SI,1
34543,148139,148140,2023,0,0,-0.296247,-78.566649,PICHINCHA,QUITO,QUITO,URBANA,2023-06-13,16:25:00,16,MARTES,2,JUNIO,6,NO,"NO RESPETAR LAS SENIALES REGLAMENTARIAS DE TRANSITO. (PARE, CEDA EL PASO, LUZ ROJA DEL SEMAFORO, ETC).",CHOQUE LATERAL,BUS,1,0,1,0,0,0,0,0,0,0,0,0,0,2,30,HOMBRE,ILESO,CONDUCTOR PRESENTE,NO,SI,1
34544,148147,148148,2023,2,0,-0.247851,-78.530792,PICHINCHA,QUITO,QUITO,URBANA,2023-06-13,18:35:00,18,MARTES,2,JUNIO,6,NO,"CONDUCE BAJO LA INFLUENCIA DE ALCOHOL, SUSTANCIAS ESTUPEFACIENTES O PSICOTROPICAS Y/O MEDICAMENTOS.",CHOQUE LATERAL,MOTOCICLETA,1,0,0,0,0,0,0,0,1,0,0,0,0,2,26,HOMBRE,LESIONADO,PASAJERO,NO,SI,1
34545,148151,148152,2023,2,0,-0.257153,-78.502695,PICHINCHA,QUITO,QUITO,URBANA,2023-06-14,00:00:00,0,MIERCOLES,3,JUNIO,6,NO,CONDUCIR VEHICULO SUPERANDO LOS LIMITES MAXIMOS DE VELOCIDAD.,ESTRELLAMIENTOS,AUTOMOVIL,1,0,0,0,0,0,0,0,0,0,0,0,0,1,23,HOMBRE,LESIONADO,PASAJERO,NO,SI,1
34546,148162,148163,2023,0,0,-0.250108,-78.527661,PICHINCHA,QUITO,QUITO,URBANA,2023-06-14,08:00:00,8,MIERCOLES,3,JUNIO,6,NO,"NO RESPETAR LAS SENIALES REGLAMENTARIAS DE TRANSITO. (PARE, CEDA EL PASO, LUZ ROJA DEL SEMAFORO, ETC).",CHOQUE LATERAL,AUTOMOVIL,2,0,0,0,0,0,0,0,0,0,0,0,0,2,42,HOMBRE,ILESO,CONDUCTOR PRESENTE,NO,SI,1
34547,148168,148169,2023,0,0,-0.205783,-78.484641,PICHINCHA,QUITO,QUITO,URBANA,2023-06-14,09:45:00,9,MIERCOLES,3,JUNIO,6,NO,CONDUCIR VEHICULO SUPERANDO LOS LIMITES MAXIMOS DE VELOCIDAD.,CHOQUE LATERAL,CAMION,1,0,0,1,0,0,0,0,0,0,0,0,0,2,60,HOMBRE,ILESO,CONDUCTOR PRESENTE,NO,SI,1
34548,148171,148172,2023,0,0,-0.156357,-78.321021,PICHINCHA,QUITO,YARUQUI,RURAL,2023-06-14,12:30:00,12,MIERCOLES,3,JUNIO,6,NO,"CONDUCIR DESATENTO A LAS CONDICIONES DE TRANSITO (CELULAR, PANTALLAS DE VIDEO, COMIDA, MAQUILLAJE O CUALQUIER OTRO ELEMENTO DISTRACTOR).",CHOQUE POSTERIOR,VEHICULO DEPORTIVO UTILITARIO,1,0,0,0,0,0,0,0,0,1,0,0,1,3,28,HOMBRE,ILESO,CONDUCTOR PRESENTE,NO,SI,3
34549,148172,148173,2023,1,0,-0.255744,-78.541753,PICHINCHA,QUITO,QUITO,URBANA,2023-06-14,12:30:00,12,MIERCOLES,3,JUNIO,6,NO,CONDUCIR VEHICULO SUPERANDO LOS LIMITES MAXIMOS DE VELOCIDAD.,COLISION,FURGONETA,2,0,0,0,0,0,0,1,0,0,0,0,0,3,35,MUJER,LESIONADO,PASAJERO,NO,SI,1
34550,148181,148182,2023,0,1,-0.304637,-78.559221,PICHINCHA,QUITO,QUITO,URBANA,2023-06-14,16:30:00,16,MIERCOLES,3,JUNIO,6,NO,NO CEDER EL DERECHO DE VIA O PREFERENCIA DE PASO AL PEATON.,ATROPELLOS,NO IDENTIFICADO,0,0,0,0,0,0,0,0,0,1,0,0,0,1,37,HOMBRE,FALLECIDO,PEATON,NO,SI,1
34551,148185,148186,2023,0,0,-0.165477,-78.466642,PICHINCHA,QUITO,QUITO,URBANA,2023-06-14,17:22:00,17,MIERCOLES,3,JUNIO,6,NO,CONDUCIR VEHICULO SUPERANDO LOS LIMITES MAXIMOS DE VELOCIDAD.,ESTRELLAMIENTOS,AUTOMOVIL,1,0,0,0,0,0,0,0,0,0,0,0,0,1,-1,NO IDENTIFICADO,NO IDENTIFICADO,CONDUCTOR AUSENTE,NO,SI,2
34552,148190,148191,2023,1,0,-0.334401,-78.559315,PICHINCHA,QUITO,QUITO,URBANA,2023-06-14,18:50:00,18,MIERCOLES,3,JUNIO,6,NO,"NO RESPETAR LAS SENIALES REGLAMENTARIAS DE TRANSITO. (PARE, CEDA EL PASO, LUZ ROJA DEL SEMAFORO, ETC).",OTROS,NO IDENTIFICADO,0,0,0,0,0,0,0,0,0,1,0,0,0,1,25,HOMBRE,LESIONADO,CONDUCTOR PRESENTE,NO,SI,1
34553,148192,148193,2023,2,0,-0.271615,-78.550669,PICHINCHA,QUITO,QUITO,URBANA,2023-06-14,19:35:00,19,MIERCOLES,3,JUNIO,6,NO,PEATON QUE CRUZA LA CALZADA SIN RESPETAR LA SENIALIZACION EXISTENTE (SEMAFOROS O SENIALES MANUALES).,ATROPELLOS,MOTOCICLETA,0,0,0,0,0,0,0,0,1,0,0,0,0,1,9,MUJER,LESIONADO,PEATON,NO,SI,1
34554,148194,148195,2023,3,0,-0.219059,-78.339204,PICHINCHA,QUITO,PIFO,RURAL,2023-06-14,20:35:00,20,MIERCOLES,3,JUNIO,6,NO,"CONDUCE BAJO LA INFLUENCIA DE ALCOHOL, SUSTANCIAS ESTUPEFACIENTES O PSICOTROPICAS Y/O MEDICAMENTOS.",CHOQUE FRONTAL,MOTOCICLETA,0,0,0,0,0,0,0,0,2,0,0,0,0,2,43,HOMBRE,LESIONADO,CONDUCTOR PRESENTE,NO,SI,3
34555,148198,148199,2023,0,0,-0.085095,-78.420553,PICHINCHA,QUITO,CALDERON (CARAPUNGO),RURAL,2023-06-14,23:10:00,23,MIERCOLES,3,JUNIO,6,NO,CONDUCIR VEHICULO SUPERANDO LOS LIMITES MAXIMOS DE VELOCIDAD.,ESTRELLAMIENTOS,AUTOMOVIL,1,0,0,0,0,0,0,0,0,0,0,0,0,1,-1,NO IDENTIFICADO,NO IDENTIFICADO,CONDUCTOR AUSENTE,NO,SI,3
34556,148201,148202,2023,1,0,-0.342349,-78.546182,PICHINCHA,QUITO,QUITO,URBANA,2023-06-15,00:25:00,0,JUEVES,4,JUNIO,6,NO,CONDUCIR VEHICULO SUPERANDO LOS LIMITES MAXIMOS DE VELOCIDAD.,PERDIDA DE CARRIL,MOTOCICLETA,0,0,0,0,0,0,0,0,1,0,0,0,0,1,23,HOMBRE,LESIONADO,CONDUCTOR PRESENTE,NO,SI,1
34557,148203,148204,2023,1,0,-0.067455,-78.372461,PICHINCHA,QUITO,GUAYLLABAMBA,RURAL,2023-06-15,02:30:00,2,JUEVES,4,JUNIO,6,NO,"CONDUCIR EN ESTADO DE SOMNOLENCIA O MALAS CONDICIONES FISICAS (SUENIO, CANSANCIO Y FATIGA).",PERDIDA DE PISTA,AUTOMOVIL,1,0,0,0,0,0,0,0,0,0,0,0,0,1,29,HOMBRE,LESIONADO,CONDUCTOR PRESENTE,NO,SI,3
34558,148204,148205,2023,4,0,-0.128657,-78.471241,PICHINCHA,QUITO,QUITO,URBANA,2023-06-15,03:15:00,3,JUEVES,4,JUNIO,6,NO,"NO RESPETAR LAS SENIALES REGLAMENTARIAS DE TRANSITO. (PARE, CEDA EL PASO, LUZ ROJA DEL SEMAFORO, ETC).",OTROS,AUTOMOVIL,2,0,0,0,0,0,0,0,0,0,0,0,0,2,33,HOMBRE,LESIONADO,PASAJERO,NO,SI,1