,Unnamed: 0,ID,ANIO,LESIONADOS,FALLECIDOS,LATITUD_Y,LONGITUD_X,PROVINCIA,CANTON,PARROQUIA,ZONA,FECHA,HORA,PERIODO_2,DIA_1,DIA_2,MES_1,MES_2,FERIADO,CAUSA_PROBABLE,TIPO_DE_SINIESTRO,TIPO_DE_VEHICULO_1,AUTOMOVIL,BICICLETA,BUS,CAMION,CAMIONETA,EMERGENCIAS,ESPECIAL,FURGONETA,MOTOCICLETA,NO_IDENTIFICADO,SCOOTER_ELECTRICO,TRICIMOTO,VEHICULO_DEPORTIVO_UTILITARIO,SUMA_DE_VEHICULOS,EDAD_1,SEXO_1,CONDICION_1,PARTICIPANTE_1,CASCO_1,CINTURON_1,KMeans_Cluster
34559,148207,148208,2023,0,0,-0.286704,-78.563006,PICHINCHA,QUITO,QUITO,URBANA,2023-06-15,06:00:00,6,JUEVES,4,JUNIO,6,NO,"CONDUCE BAJO LA INFLUENCIA DE ALCOHOL, SUSTANCIAS ESTUPEFACIENTES O PSICOTROPICAS Y/O MEDICAMENTOS.",CHOQUE LATERAL,AUTOMOVIL,2,0,0,0,0,0,0,0,0,0,0,0,0,2,41,HOMBRE,ILESO,CONDUCTOR PRESENTE,NO,SI,1
34560,148208,148209,2023,5,0,-0.325036,-78.550365,PICHINCHA,QUITO,QUITO,URBANA,2023-06-15,06:05:00,6,JUEVES,4,JUNIO,6,NO,"NO RESPETAR LAS SENIALES REGLAMENTARIAS DE TRANSITO. (PARE, CEDA EL PASO, LUZ ROJA DEL SEMAFORO, ETC).",CHOQUE LATERAL,BUS,0,0,1,0,0,0,0,1,0,0,0,0,0,2,7,HOMBRE,LESIONADO,PASAJERO,NO,SI,1
34561,148212,148213,2023,3,0,-0.172114,-78.491302,PICHINCHA,QUITO,QUITO,URBANA,2023-06-15,07:45:00,7,JUEVES,4,JUNIO,6,NO,NO CEDER EL DERECHO DE VIA O PREFERENCIA DE PASO A VEHICULOS.,CHOQUE LATERAL,EMERGENCIAS,1,0,0,0,0,1,0,0,0,0,0,0,0,2,55,HOMBRE,LESIONADO,PASAJERO,NO,SI,1
34562,148217,148218,2023,0,0,-0.203426,-78.482821,PICHINCHA,QUITO,QUITO,URBANA,2023-06-15,10:00:00,10,JUEVES,4,JUNIO,6,NO,NO MANTENER LA DISTANCIA PRUDENCIAL CON RESPECTO AL VEHICULO QUE LE ANTECEDE.,CHOQUE POSTERIOR,BUS,1,0,1,0,0,0,0,0,0,0,0,0,0,2,42,HOMBRE,ILESO,CONDUCTOR PRESENTE,NO,SI,1
34563,148218,148219,2023,0,0,-0.197943,-78.436953,PICHINCHA,QUITO,CUMBAYA,RURAL,2023-06-15,10:02:00,10,JUEVES,4,JUNIO,6,NO,"NO RESPETAR LAS SENIALES REGLAMENTARIAS DE TRANSITO. (PARE, CEDA EL PASO, LUZ ROJA DEL SEMAFORO, ETC).",OTROS,CAMION,1,0,0,1,0,0,0,0,0,0,0,0,0,2,39,HOMBRE,ILESO,CONDUCTOR PRESENTE,NO,SI,3
34564,148233,148234,2023,0,0,-0.187674,-78.504728,PICHINCHA,QUITO,QUITO,URBANA,2023-06-15,15:20:00,15,JUEVES,4,JUNIO,6,NO,"NO RESPETAR LAS SENIALES REGLAMENTARIAS DE TRANSITO. (PARE, CEDA EL PASO, LUZ ROJA DEL SEMAFORO, ETC).",CHOQUE LATERAL,AUTOMOVIL,2,0,0,0,0,0,0,0,0,0,0,0,0,2,39,HOMBRE,ILESO,CONDUCTOR PRESENTE,NO,SI,1
34565,148236,148237,2023,0,0,-0.202321,-78.497761,PICHINCHA,QUITO,QUITO,URBANA,2023-06-15,16:50:00,16,JUEVES,4,JUNIO,6,NO,NO MANTENER LA DISTANCIA PRUDENCIAL CON RESPECTO AL VEHICULO QUE LE ANTECEDE.,COLISION,AUTOMOVIL,3,0,0,0,0,0,0,0,0,0,0,0,0,3,56,HOMBRE,ILESO,CONDUCTOR PRESENTE,NO,SI,1
34566,148240,148241,2023,1,0,-0.317667,-78.927361,PICHINCHA,MEJIA,MANUEL CORNEJO ASTORGA,RURAL,2023-06-15,19:00:00,19,JUEVES,4,JUNIO,6,NO,"CONDUCIR DESATENTO A LAS CONDICIONES DE TRANSITO (CELULAR, PANTALLAS DE VIDEO, COMIDA, MAQUILLAJE O CUALQUIER OTRO ELEMENTO DISTRACTOR).",ESTRELLAMIENTOS,CAMION,0,0,0,1,0,0,0,0,0,0,0,0,1,2,-1,HOMBRE,LESIONADO,CONDUCTOR PRESENTE,NO,NO,3
34567,148246,148247,2023,0,0,-0.279971,-78.557341,PICHINCHA,QUITO,QUITO,URBANA,2023-06-15,22:45:00,22,JUEVES,4,JUNIO,6,NO,"NO RESPETAR LAS SENIALES REGLAMENTARIAS DE TRANSITO. (PARE, CEDA EL PASO, LUZ ROJA DEL SEMAFORO, ETC).",CHOQUE LATERAL,AUTOMOVIL,2,0,0,0,0,0,0,0,0,0,0,0,0,2,61,HOMBRE,ILESO,CONDUCTOR PRESENTE,NO,SI,1
34568,148251,148252,2023,0,0,-0.323489,-78.554334,PICHINCHA,QUITO,QUITO,URBANA,2023-06-16,02:15:00,2,VIERNES,5,JUNIO,6,NO,CONDUCIR VEHICULO SUPERANDO LOS LIMITES MAXIMOS DE VELOCIDAD.,OTROS,AUTOMOVIL,1,0,0,0,0,0,0,0,0,0,0,0,0,1,-1,NO IDENTIFICADO,NO IDENTIFICADO,CONDUCTOR AUSENTE,NO,SI,2
34569,148252,148253,2023,0,0,-0.186108,-78.478399,PICHINCHA,QUITO,QUITO,URBANA,2023-06-16,02:35:00,2,VIERNES,5,JUNIO,6,NO,CONDUCIR VEHICULO SUPERANDO LOS LIMITES MAXIMOS DE VELOCIDAD.,ESTRELLAMIENTOS,AUTOMOVIL,1,0,0,0,0,0,0,0,0,0,0,0,0,1,39,HOMBRE,ILESO,CONDUCTOR PRESENTE,NO,SI,1
34570,148254,148255,2023,0,0,-0.293708,-78.542561,PICHINCHA,QUITO,QUITO,URBANA,2023-06-16,03:20:00,3,VIERNES,5,JUNIO,6,NO,CONDUCIR VEHICULO SUPERANDO LOS LIMITES MAXIMOS DE VELOCIDAD.,ESTRELLAMIENTOS,AUTOMOVIL,1,0,0,0,0,0,0,0,0,0,0,0,0,1,18,HOMBRE,ILESO,PASAJERO,NO,SI,1
34571,148263,148264,2023,1,0,-0.239696,-78.512066,PICHINCHA,QUITO,QUITO,URBANA,2023-06-16,07:45:00,7,VIERNES,5,JUNIO,6,NO,"CONDUCE BAJO LA INFLUENCIA DE ALCOHOL, SUSTANCIAS ESTUPEFACIENTES O PSICOTROPICAS Y/O MEDICAMENTOS.",CHOQUE LATERAL,CAMION,0,0,0,1,0,0,2,0,0,0,0,0,0,3,65,HOMBRE,LESIONADO,PEATON,NO,SI,1
34572,148266,148267,2023,1,0,-0.091301,-78.473011,PICHINCHA,QUITO,QUITO,URBANA,2023-06-16,08:10:00,8,VIERNES,5,JUNIO,6,NO,NO CEDER EL DERECHO DE VIA O PREFERENCIA DE PASO A VEHICULOS.,ROZAMIENTOS,MOTOCICLETA,1,0,0,0,0,0,0,0,1,0,0,0,0,2,36,MUJER,LESIONADO,PASAJERO,NO,SI,1
34573,148272,148273,2023,0,0,-0.123187,-78.485428,PICHINCHA,QUITO,QUITO,URBANA,2023-06-16,13:15:00,13,VIERNES,5,JUNIO,6,NO,"NO RESPETAR LAS SENIALES REGLAMENTARIAS DE TRANSITO. (PARE, CEDA EL PASO, LUZ ROJA DEL SEMAFORO, ETC).",CHOQUE LATERAL,AUTOMOVIL,2,0,0,0,0,0,0,0,0,0,0,0,0,2,22,HOMBRE,ILESO,CONDUCTOR PRESENTE,NO,SI,1
34574,148276,148277,2023,1,0,-0.113087,-78.490185,PICHINCHA,QUITO,QUITO,URBANA,2023-06-16,16:30:00,16,VIERNES,5,JUNIO,6,NO,NO TRANSITAR POR LAS ACERAS O ZONAS DE SEGURIDAD DESTINADAS PARA EL EFECTO.,ATROPELLOS,AUTOMOVIL,1,0,0,0,0,0,0,0,0,0,0,0,0,1,54,MUJER,LESIONADO,PEATON,NO,SI,1
34575,148277,148278,2023,0,0,-0.236154,-78.472988,PICHINCHA,QUITO,QUITO,RURAL,2023-06-16,16:30:00,16,VIERNES,5,JUNIO,6,NO,CONDUCIR VEHICULO SUPERANDO LOS LIMITES MAXIMOS DE VELOCIDAD.,ESTRELLAMIENTOS,AUTOMOVIL,1,0,0,0,0,0,0,0,0,0,0,0,0,1,-1,NO IDENTIFICADO,NO IDENTIFICADO,CONDUCTOR AUSENTE,NO,SI,2
34576,148281,148282,2023,1,0,-0.171061,-78.442693,PICHINCHA,QUITO,NAYON,RURAL,2023-06-16,17:26:00,17,VIERNES,5,JUNIO,6,NO,"CONDUCE BAJO LA INFLUENCIA DE ALCOHOL, SUSTANCIAS ESTUPEFACIENTES O PSICOTROPICAS Y/O MEDICAMENTOS.",CHOQUE LATERAL,MOTOCICLETA,1,0,0,0,0,0,0,0,1,0,0,0,0,2,26,HOMBRE,LESIONADO,CONDUCTOR PRESENTE,NO,SI,3
34577,148283,148284,2023,1,0,-0.119832,-78.489066,PICHINCHA,QUITO,QUITO,URBANA,2023-06-16,18:30:00,18,VIERNES,5,JUNIO,6,NO,CONDUCIR VEHICULO SUPERANDO LOS LIMITES MAXIMOS DE VELOCIDAD.,CHOQUE LATERAL,MOTOCICLETA,1,0,0,0,0,0,0,0,1,0,0,0,0,2,20,HOMBRE,LESIONADO,CONDUCTOR PRESENTE,NO,SI,1
34578,148296,148297,2023,1,0,-0.212635,-78.485146,PICHINCHA,QUITO,QUITO,URBANA,2023-06-16,22:40:00,22,VIERNES,5,JUNIO,6,NO,"CONDUCE BAJO LA INFLUENCIA DE ALCOHOL, SUSTANCIAS ESTUPEFACIENTES O PSICOTROPICAS Y/O MEDICAMENTOS.",CHOQUE LATERAL,MOTOCICLETA,1,0,0,0,0,0,0,0,1,0,0,0,0,2,26,HOMBRE,LESIONADO,CONDUCTOR PRESENTE,NO,SI,1
34579,148300,148301,2023,0,0,0.084089,-78.410768,PICHINCHA,QUITO,PUELLARO,RURAL,2023-06-17,00:20:00,0,SABADO,6,JUNIO,6,NO,CONDUCIR VEHICULO SUPERANDO LOS LIMITES MAXIMOS DE VELOCIDAD.,OTROS,AUTOMOVIL,1,0,0,0,0,0,0,0,0,0,0,0,0,1,-1,NO IDENTIFICADO,NO IDENTIFICADO,CONDUCTOR AUSENTE,NO,SI,2
34580,148302,148303,2023,1,0,-0.288712,-78.525295,PICHINCHA,QUITO,QUITO,URBANA,2023-06-17,00:40:00,0,SABADO,6,JUNIO,6,NO,NO MANTENER LA DISTANCIA PRUDENCIAL CON RESPECTO AL VEHICULO QUE LE ANTECEDE.,CHOQUE POSTERIOR,AUTOMOVIL,2,0,0,0,0,0,0,0,0,0,0,0,0,2,52,MUJER,LESIONADO,PASAJERO,NO,SI,1
34581,148303,148304,2023,0,0,-0.278711,-78.520075,PICHINCHA,QUITO,QUITO,URBANA,2023-06-17,01:10:00,1,SABADO,6,JUNIO,6,NO,"NO RESPETAR LAS SENIALES REGLAMENTARIAS DE TRANSITO. (PARE, CEDA EL PASO, LUZ ROJA DEL SEMAFORO, ETC).",CHOQUE LATERAL,AUTOMOVIL,2,0,0,0,0,0,0,0,0,0,0,0,0,2,26,HOMBRE,ILESO,CONDUCTOR PRESENTE,NO,SI,1
34582,148308,148309,2023,0,0,-0.218623,-78.427068,PICHINCHA,QUITO,CUMBAYA,RURAL,2023-06-17,02:00:00,2,SABADO,6,JUNIO,6,NO,CONDUCIR VEHICULO SUPERANDO LOS LIMITES MAXIMOS DE VELOCIDAD.,ESTRELLAMIENTOS,AUTOMOVIL,2,0,0,0,0,0,0,0,0,0,0,0,0,2,-1,NO IDENTIFICADO,NO IDENTIFICADO,CONDUCTOR AUSENTE,NO,SI,2
34583,148321,148322,2023,0,1,-0.132832,-78.502024,PICHINCHA,QUITO,QUITO,URBANA,2023-06-17,06:15:00,6,SABADO,6,JUNIO,6,NO,CONDUCIR VEHICULO SUPERANDO LOS LIMITES MAXIMOS DE VELOCIDAD.,CHOQUE LATERAL,MOTOCICLETA,0,0,0,0,0,0,0,0,1,1,0,0,0,2,39,HOMBRE,FALLECIDO,CONDUCTOR PRESENTE,NO,SI,1
34584,148329,148330,2023,1,0,0.046091,-78.208229,PICHINCHA,PEDRO MONCAYO,TABACUNDO,RURAL,2023-06-17,07:17:00,7,SABADO,6,JUNIO,6,NO,"CONDUCE BAJO LA INFLUENCIA DE ALCOHOL, SUSTANCIAS ESTUPEFACIENTES O PSICOTROPICAS Y/O MEDICAMENTOS.",PERDIDA DE CARRIL,MOTOCICLETA,0,0,0,0,0,0,0,0,1,0,0,0,0,1,26,HOMBRE,LESIONADO,CONDUCTOR PRESENTE,NO,SI,3
34585,148336,148337,2023,1,0,-0.247971,-78.507751,PICHINCHA,QUITO,QUITO,URBANA,2023-06-17,10:55:00,10,SABADO,6,JUNIO,6,NO,"NO RESPETAR LAS SENIALES REGLAMENTARIAS DE TRANSITO. (PARE, CEDA EL PASO, LUZ ROJA DEL SEMAFORO, ETC).",CHOQUE LATERAL,MOTOCICLETA,1,0,0,0,0,0,0,0,1,0,0,0,0,2,36,HOMBRE,LESIONADO,CONDUCTOR PRESENTE,NO,SI,1
34586,148342,148343,2023,2,0,-0.210061,-78.505459,PICHINCHA,QUITO,QUITO,URBANA,2023-06-17,14:16:00,14,SABADO,6,JUNIO,6,NO,"NO RESPETAR LAS SENIALES REGLAMENTARIAS DE TRANSITO. (PARE, CEDA EL PASO, LUZ ROJA DEL SEMAFORO, ETC).",CHOQUE LATERAL,MOTOCICLETA,0,0,0,0,0,0,0,1,1,0,0,0,0,2,31,HOMBRE,LESIONADO,PASAJERO,NO,SI,1
34587,148345,148346,2023,0,1,-0.449411,-78.585734,PICHINCHA,MEJIA,ALOAG,RURAL,2023-06-17,17:16:00,17,SABADO,6,JUNIO,6,NO,"CONDUCIR DESATENTO A LAS CONDICIONES DE TRANSITO (CELULAR, PANTALLAS DE VIDEO, COMIDA, MAQUILLAJE O CUALQUIER OTRO ELEMENTO DISTRACTOR).",CHOQUE POSTERIOR,MOTOCICLETA,0,0,0,0,0,0,0,0,1,0,0,0,0,1,55,HOMBRE,FALLECIDO,CONDUCTOR PRESENTE,NO,SI,3
34588,148346,148347,2023,1,0,-0.290634,-78.580106,PICHINCHA,QUITO,QUITO,URBANA,2023-06-17,17:20:00,17,SABADO,6,JUNIO,6,NO,CONDUCIR VEHICULO SUPERANDO LOS LIMITES MAXIMOS DE VELOCIDAD.,CHOQUE FRONTAL,BUS,0,0,1,0,0,0,0,0,1,0,0,0,0,2,27,HOMBRE,LESIONADO,CONDUCTOR PRESENTE,NO,SI,1
34589,148353,148354,2023,1,0,-0.327041,-78.450132,PICHINCHA,RUMINIAHUI,SANGOLQUI,RURAL,2023-06-17,18:45:00,18,SABADO,6,JUNIO,6,NO,"CONDUCIR DESATENTO A LAS CONDICIONES DE TRANSITO (CELULAR, PANTALLAS DE VIDEO, COMIDA, MAQUILLAJE O CUALQUIER OTRO ELEMENTO DISTRACTOR).",ATROPELLOS,MOTOCICLETA,0,0,0,0,0,0,0,0,1,0,0,0,0,1,66,MUJER,LESIONADO,PASAJERO,NO,SI,3
34590,148362,148363,2023,1,0,-0.260922,-78.504076,PICHINCHA,QUITO,QUITO,URBANA,2023-06-17,19:30:00,19,SABADO,6,JUNIO,6,NO,CONDUCIR VEHICULO SUPERANDO LOS LIMITES MAXIMOS DE VELOCIDAD.,PERDIDA DE CARRIL,NO IDENTIFICADO,0,0,0,0,0,0,0,0,0,1,0,0,0,1,30,HOMBRE,LESIONADO,CONDUCTOR PRESENTE,NO,SI,1
34591,148366,148367,2023,1,0,-0.106692,-78.442071,PICHINCHA,QUITO,CALDERON (CARAPUNGO),RURAL,2023-06-17,19:50:00,19,SABADO,6,JUNIO,6,NO,NO TRANSITAR POR LAS ACERAS O ZONAS DE SEGURIDAD DESTINADAS PARA EL EFECTO.,ATROPELLOS,AUTOMOVIL,1,0,0,0,0,0,0,0,0,0,0,0,0,1,44,HOMBRE,LESIONADO,PEATON,NO,SI,3
34592,148371,148372,2023,0,0,-0.251515,-78.515642,PICHINCHA,QUITO,QUITO,URBANA,2023-06-17,20:15:00,20,SABADO,6,JUNIO,6,NO,"CONDUCE BAJO LA INFLUENCIA DE ALCOHOL, SUSTANCIAS ESTUPEFACIENTES O PSICOTROPICAS Y/O MEDICAMENTOS.",CHOQUE LATERAL,MOTOCICLETA,1,0,0,0,0,0,0,0,1,0,0,0,0,2,38,HOMBRE,ILESO,CONDUCTOR PRESENTE,NO,SI,1
34593,148377,148378,2023,0,0,-0.272194,-78.552022,PICHINCHA,QUITO,QUITO,URBANA,2023-06-17,21:20:00,21,SABADO,6,JUNIO,6,NO,NO GUARDAR LA DISTANCIA LATERAL MINIMA DE SEGURIDAD ENTRE VEHICULOS.,OTROS,BUS,0,0,1,0,1,0,0,0,0,0,0,0,0,2,27,HOMBRE,ILESO,CONDUCTOR PRESENTE,NO,SI,1
34594,148383,148384,2023,1,0,-0.307368,-78.547851,PICHINCHA,QUITO,QUITO,URBANA,2023-06-17,22:45:00,22,SABADO,6,JUNIO,6,NO,"CONDUCE BAJO LA INFLUENCIA DE ALCOHOL, SUSTANCIAS ESTUPEFACIENTES O PSICOTROPICAS Y/O MEDICAMENTOS.",CHOQUE LATERAL,AUTOMOVIL,2,0,0,0,0,0,0,0,0,0,0,0,0,2,22,HOMBRE,LESIONADO,CONDUCTOR PRESENTE,NO,SI,1
34595,148390,148391,2023,0,0,-0.176794,-78.493969,PICHINCHA,QUITO,QUITO,URBANA,2023-06-18,00:30:00,0,DOMINGO,7,JUNIO,6,NO,"CONDUCE BAJO LA INFLUENCIA DE ALCOHOL, SUSTANCIAS ESTUPEFACIENTES O PSICOTROPICAS Y/O MEDICAMENTOS.",CHOQUE LATERAL,AUTOMOVIL,2,0,0,0,0,0,0,0,0,0,0,0,0,2,33,HOMBRE,ILESO,CONDUCTOR PRESENTE,NO,SI,1
34596,148395,148396,2023,0,0,-0.251486,-78.503935,PICHINCHA,QUITO,QUITO,URBANA,2023-06-18,02:25:00,2,DOMINGO,7,JUNIO,6,NO,CONDUCIR VEHICULO SUPERANDO LOS LIMITES MAXIMOS DE VELOCIDAD.,ESTRELLAMIENTOS,AUTOMOVIL,1,0,0,0,0,0,0,0,0,0,0,0,0,1,18,HOMBRE,ILESO,CONDUCTOR PRESENTE,NO,SI,1
34597,148398,148399,2023,0,0,-0.154628,-78.476666,PICHINCHA,QUITO,QUITO,URBANA,2023-06-18,02:45:00,2,DOMINGO,7,JUNIO,6,NO,CONDUCIR VEHICULO SUPERANDO LOS LIMITES MAXIMOS DE VELOCIDAD.,CHOQUE LATERAL,AUTOMOVIL,2,0,0,0,0,0,0,0,0,0,0,0,0,2,45,HOMBRE,ILESO,CONDUCTOR PRESENTE,NO,SI,1
34598,148399,148400,2023,0,0,-0.203205,-78.458529,PICHINCHA,QUITO,QUITO,RURAL,2023-06-18,02:45:00,2,DOMINGO,7,JUNIO,6,NO,CONDUCIR VEHICULO SUPERANDO LOS LIMITES MAXIMOS DE VELOCIDAD.,PERDIDA DE CARRIL,AUTOMOVIL,1,0,0,0,0,0,0,0,0,0,0,0,0,1,-1,NO IDENTIFICADO,NO IDENTIFICADO,CONDUCTOR AUSENTE,NO,SI,2
34599,148409,148410,2023,0,1,-0.247271,-78.534936,PICHINCHA,QUITO,QUITO,URBANA,2023-06-18,03:30:00,3,DOMINGO,7,JUNIO,6,NO,NO CEDER EL DERECHO DE VIA O PREFERENCIA DE PASO AL PEATON.,ATROPELLOS,NO IDENTIFICADO,0,0,0,0,0,0,0,0,0,1,0,0,0,1,-1,HOMBRE,FALLECIDO,PEATON,NO,SI,1
34600,148414,148415,2023,0,1,-0.235827,-78.472931,PICHINCHA,QUITO,QUITO,RURAL,2023-06-18,04:00:00,4,DOMINGO,7,JUNIO,6,NO,CONDUCIR EN SENTIDO CONTRARIO A LA VIA NORMAL DE CIRCULACION.,CHOQUE FRONTAL,MOTOCICLETA,1,0,0,0,0,0,0,0,1,0,0,0,0,2,40,HOMBRE,FALLECIDO,CONDUCTOR PRESENTE,NO,SI,3
34601,148418,148419,2023,0,0,-0.269557,-78.529151,PICHINCHA,QUITO,QUITO,URBANA,2023-06-18,04:30:00,4,DOMINGO,7,JUNIO,6,NO,"CASO FORTUITO O FUERZA MAYOR (EXPLOSION DE NEUMATICO NUEVO, DERRUMBE, INUNDACION, CAIDA DE PUENTE, ARBOL, PRESENCIA INTEMPESTIVA E IMPREVISTA DE SEMOVIENTES EN LA VIA, ETC.).",CHOQUE FRONTAL,CAMIONETA,1,0,0,0,1,0,0,0,0,0,0,0,0,2,45,HOMBRE,ILESO,CONDUCTOR PRESENTE,NO,SI,1
34602,148424,148425,2023,0,0,-0.227009,-78.490627,PICHINCHA,QUITO,QUITO,URBANA,2023-06-18,05:15:00,5,DOMINGO,7,JUNIO,6,NO,CONDUCIR VEHICULO SUPERANDO LOS LIMITES MAXIMOS DE VELOCIDAD.,ESTRELLAMIENTOS,AUTOMOVIL,1,0,0,0,0,0,0,0,0,0,0,0,0,1,-1,NO IDENTIFICADO,NO IDENTIFICADO,CONDUCTOR AUSENTE,NO,SI,2
34603,148427,148428,2023,0,0,-0.196263,-78.466912,PICHINCHA,QUITO,QUITO,URBANA,2023-06-18,05:45:00,5,DOMINGO,7,JUNIO,6,NO,CONDUCIR VEHICULO SUPERANDO LOS LIMITES MAXIMOS DE VELOCIDAD.,ESTRELLAMIENTOS,AUTOMOVIL,1,0,0,0,0,0,0,0,0,0,0,0,0,1,-1,NO IDENTIFICADO,NO IDENTIFICADO,CONDUCTOR AUSENTE,NO,SI,2
34604,148430,148431,2023,2,0,-0.314008,-78.568371,PICHINCHA,QUITO,QUITO,URBANA,2023-06-18,06:25:00,6,DOMINGO,7,JUNIO,6,NO,"CONDUCE BAJO LA INFLUENCIA DE ALCOHOL, SUSTANCIAS ESTUPEFACIENTES O PSICOTROPICAS Y/O MEDICAMENTOS.",CHOQUE FRONTAL,MOTOCICLETA,1,0,0,0,0,0,0,0,1,0,0,0,0,2,28,HOMBRE,LESIONADO,CONDUCTOR PRESENTE,NO,SI,1
34605,148441,148442,2023,1,0,-0.196036,-78.338785,PICHINCHA,QUITO,TABABELA,RURAL,2023-06-18,10:50:00,10,DOMINGO,7,JUNIO,6,NO,"CONDUCIR DESATENTO A LAS CONDICIONES DE TRANSITO (CELULAR, PANTALLAS DE VIDEO, COMIDA, MAQUILLAJE O CUALQUIER OTRO ELEMENTO DISTRACTOR).",CHOQUE LATERAL,NO IDENTIFICADO,0,0,0,0,0,0,0,0,0,1,0,0,0,1,30,HOMBRE,LESIONADO,CONDUCTOR PRESENTE,NO,SI,3
34606,148462,148463,2023,0,1,-0.302341,-78.533497,PICHINCHA,QUITO,QUITO,URBANA,2023-06-18,17:30:00,17,DOMINGO,7,JUNIO,6,NO,CONDUCIR VEHICULO SUPERANDO LOS LIMITES MAXIMOS DE VELOCIDAD.,OTROS,NO IDENTIFICADO,0,0,0,0,0,0,0,0,0,1,0,0,0,1,25,HOMBRE,FALLECIDO,PASAJERO,NO,SI,1
34607,148464,148465,2023,0,1,-0.507355,-78.570346,PICHINCHA,MEJIA,MACHACHI,URBANA,2023-06-18,17:45:00,17,DOMINGO,7,JUNIO,6,NO,"CONDUCE BAJO LA INFLUENCIA DE ALCOHOL, SUSTANCIAS ESTUPEFACIENTES O PSICOTROPICAS Y/O MEDICAMENTOS.",PERDIDA DE CARRIL,NO IDENTIFICADO,0,0,0,0,0,0,0,0,0,1,0,0,0,1,29,HOMBRE,FALLECIDO,PASAJERO,NO,SI,1
34608,148467,148468,2023,1,0,-0.206821,-78.427585,PICHINCHA,QUITO,CUMBAYA,RURAL,2023-06-18,18:10:00,18,DOMINGO,7,JUNIO,6,NO,CONDUCIR VEHICULO SUPERANDO LOS LIMITES MAXIMOS DE VELOCIDAD.,CHOQUE LATERAL,MOTOCICLETA,1,0,0,0,0,0,0,0,1,0,0,0,0,2,32,HOMBRE,LESIONADO,CONDUCTOR PRESENTE,NO,SI,3
34609,148469,148470,2023,0,0,-0.109401,-78.504301,PICHINCHA,QUITO,QUITO,URBANA,2023-06-18,18:25:00,18,DOMINGO,7,JUNIO,6,NO,CONDUCIR VEHICULO SUPERANDO LOS LIMITES MAXIMOS DE VELOCIDAD.,ESTRELLAMIENTOS,AUTOMOVIL,1,0,0,0,0,0,0,0,0,0,0,0,0,1,-1,NO IDENTIFICADO,NO IDENTIFICADO,CONDUCTOR AUSENTE,NO,SI,2
34610,148470,148471,2023,0,0,-0.357057,-78.544941,PICHINCHA,QUITO,QUITO,URBANA,2023-06-18,18:30:00,18,DOMINGO,7,JUNIO,6,NO,CONDUCIR VEHICULO SUPERANDO LOS LIMITES MAXIMOS DE VELOCIDAD.,ESTRELLAMIENTOS,CAMION,0,0,0,1,0,0,0,0,0,0,0,0,0,1,23,HOMBRE,ILESO,CONDUCTOR PRESENTE,NO,SI,1
34611,148471,148472,2023,0,0,-0.148499,-78.477456,PICHINCHA,QUITO,QUITO,URBANA,2023-06-18,18:30:00,18,DOMINGO,7,JUNIO,6,NO,"NO RESPETAR LAS SENIALES REGLAMENTARIAS DE TRANSITO. (PARE, CEDA EL PASO, LUZ ROJA DEL SEMAFORO, ETC).",CHOQUE FRONTAL,MOTOCICLETA,1,0,0,0,0,0,0,0,1,0,0,0,0,2,21,HOMBRE,ILESO,CONDUCTOR PRESENTE,NO,SI,1
34612,148476,148477,2023,3,0,-0.266122,-78.541131,PICHINCHA,QUITO,QUITO,URBANA,2023-06-18,19:10:00,19,DOMINGO,7,JUNIO,6,NO,"NO RESPETAR LAS SENIALES REGLAMENTARIAS DE TRANSITO. (PARE, CEDA EL PASO, LUZ ROJA DEL SEMAFORO, ETC).",CHOQUE LATERAL,MOTOCICLETA,0,0,0,0,0,0,0,0,1,1,0,0,0,2,4,HOMBRE,LESIONADO,PASAJERO,NO,SI,1
34613,148491,148492,2023,0,0,-0.449411,-78.585734,PICHINCHA,MEJIA,ALOAG,RURAL,2023-06-18,21:00:00,21,DOMINGO,7,JUNIO,6,NO,"CONDUCIR DESATENTO A LAS CONDICIONES DE TRANSITO (CELULAR, PANTALLAS DE VIDEO, COMIDA, MAQUILLAJE O CUALQUIER OTRO ELEMENTO DISTRACTOR).",COLISION,VEHICULO DEPORTIVO UTILITARIO,2,0,0,0,0,0,0,0,0,0,0,0,1,3,37,HOMBRE,ILESO,CONDUCTOR PRESENTE,NO,SI,3
34614,148517,148518,2023,0,0,-0.145602,-78.499521,PICHINCHA,QUITO,QUITO,URBANA,2023-06-19,06:53:00,6,LUNES,1,JUNIO,6,NO,"CONDUCE BAJO LA INFLUENCIA DE ALCOHOL, SUSTANCIAS ESTUPEFACIENTES O PSICOTROPICAS Y/O MEDICAMENTOS.",COLISION,AUTOMOVIL,3,0,0,0,0,0,0,0,0,0,0,0,0,3,20,HOMBRE,ILESO,CONDUCTOR PRESENTE,NO,SI,1
34615,148518,148519,2023,1,0,-0.138937,-78.438862,PICHINCHA,QUITO,LLANO CHICO,RURAL,2023-06-19,07:10:00,7,LUNES,1,JUNIO,6,NO,CONDUCIR VEHICULO SUPERANDO LOS LIMITES MAXIMOS DE VELOCIDAD.,CHOQUE LATERAL,AUTOMOVIL,2,0,0,0,0,0,0,0,0,0,0,0,0,2,32,MUJER,LESIONADO,CONDUCTOR PRESENTE,NO,SI,3
34616,148520,148521,2023,1,0,-0.115496,-78.458898,PICHINCHA,QUITO,QUITO,URBANA,2023-06-19,07:35:00,7,LUNES,1,JUNIO,6,NO,CONDUCIR VEHICULO SUPERANDO LOS LIMITES MAXIMOS DE VELOCIDAD.,CAIDA DE PASAJERO,BUS,0,0,1,0,0,0,0,0,0,0,0,0,0,1,50,HOMBRE,LESIONADO,PASAJERO,NO,SI,1