,Unnamed: 0,ID,ANIO,LESIONADOS,FALLECIDOS,LATITUD_Y,LONGITUD_X,PROVINCIA,CANTON,PARROQUIA,ZONA,FECHA,HORA,PERIODO_2,DIA_1,DIA_2,MES_1,MES_2,FERIADO,CAUSA_PROBABLE,TIPO_DE_SINIESTRO,TIPO_DE_VEHICULO_1,AUTOMOVIL,BICICLETA,BUS,CAMION,CAMIONETA,EMERGENCIAS,ESPECIAL,FURGONETA,MOTOCICLETA,NO_IDENTIFICADO,SCOOTER_ELECTRICO,TRICIMOTO,VEHICULO_DEPORTIVO_UTILITARIO,SUMA_DE_VEHICULOS,EDAD_1,SEXO_1,CONDICION_1,PARTICIPANTE_1,CASCO_1,CINTURON_1,KMeans_Cluster
34617,148522,148523,2023,0,0,-0.287957,-78.540901,PICHINCHA,QUITO,QUITO,URBANA,2023-06-19,07:55:00,7,LUNES,1,JUNIO,6,NO,NO GUARDAR LA DISTANCIA LATERAL MINIMA DE SEGURIDAD ENTRE VEHICULOS.,ROZAMIENTOS,AUTOMOVIL,2,0,0,0,0,0,0,0,0,0,0,0,0,2,46,HOMBRE,ILESO,CONDUCTOR PRESENTE,NO,SI,1
34618,148524,148525,2023,1,0,-0.231767,-78.490107,PICHINCHA,QUITO,QUITO,URBANA,2023-06-19,08:00:00,8,LUNES,1,JUNIO,6,NO,CONDUCIR VEHICULO SUPERANDO LOS LIMITES MAXIMOS DE VELOCIDAD.,ESTRELLAMIENTOS,CAMION,0,0,0,1,0,0,0,1,0,0,0,0,0,2,50,MUJER,LESIONADO,PASAJERO,NO,SI,1
34619,148527,148528,2023,1,0,-0.175431,-78.487516,PICHINCHA,QUITO,QUITO,URBANA,2023-06-19,11:55:00,11,LUNES,1,JUNIO,6,NO,CONDUCIR VEHICULO SUPERANDO LOS LIMITES MAXIMOS DE VELOCIDAD.,CHOQUE LATERAL,AUTOMOVIL,2,0,0,0,0,0,0,0,0,0,0,0,0,2,65,MUJER,LESIONADO,PASAJERO,NO,SI,1
34620,148530,148531,2023,0,0,-0.304083,-78.543479,PICHINCHA,QUITO,QUITO,URBANA,2023-06-19,12:50:00,12,LUNES,1,JUNIO,6,NO,"CONDUCE BAJO LA INFLUENCIA DE ALCOHOL, SUSTANCIAS ESTUPEFACIENTES O PSICOTROPICAS Y/O MEDICAMENTOS.",COLISION,AUTOMOVIL,3,0,0,0,0,0,0,0,0,0,0,0,0,3,26,HOMBRE,ILESO,CONDUCTOR PRESENTE,NO,SI,1
34621,148532,148533,2023,0,0,-0.234394,-78.510447,PICHINCHA,QUITO,QUITO,URBANA,2023-06-19,13:30:00,13,LUNES,1,JUNIO,6,NO,NO MANTENER LA DISTANCIA PRUDENCIAL CON RESPECTO AL VEHICULO QUE LE ANTECEDE.,COLISION,AUTOMOVIL,4,0,0,0,0,0,0,0,0,0,0,0,0,4,68,HOMBRE,ILESO,CONDUCTOR PRESENTE,NO,SI,1
34622,148564,148565,2023,0,0,-0.163571,-78.312303,PICHINCHA,QUITO,YARUQUI,RURAL,2023-06-20,06:50:00,6,MARTES,2,JUNIO,6,NO,"CONDUCE BAJO LA INFLUENCIA DE ALCOHOL, SUSTANCIAS ESTUPEFACIENTES O PSICOTROPICAS Y/O MEDICAMENTOS.",CHOQUE LATERAL,AUTOMOVIL,2,0,0,0,0,0,0,0,0,0,0,0,0,2,35,HOMBRE,ILESO,CONDUCTOR PRESENTE,NO,SI,3
34623,148565,148566,2023,1,0,-0.063957,-78.432264,PICHINCHA,QUITO,CALDERON (CARAPUNGO),RURAL,2023-06-20,07:10:00,7,MARTES,2,JUNIO,6,NO,CONDUCIR VEHICULO SUPERANDO LOS LIMITES MAXIMOS DE VELOCIDAD.,CHOQUE LATERAL,MOTOCICLETA,0,0,0,0,1,0,0,0,1,0,0,0,0,2,19,HOMBRE,LESIONADO,CONDUCTOR PRESENTE,NO,SI,3
34624,148567,148568,2023,1,0,-0.064024,-78.456902,PICHINCHA,QUITO,POMASQUI,URBANA,2023-06-20,08:30:00,8,MARTES,2,JUNIO,6,NO,"CONDUCIR DESATENTO A LAS CONDICIONES DE TRANSITO (CELULAR, PANTALLAS DE VIDEO, COMIDA, MAQUILLAJE O CUALQUIER OTRO ELEMENTO DISTRACTOR).",CHOQUE LATERAL,VEHICULO DEPORTIVO UTILITARIO,1,0,0,0,0,0,0,0,0,0,0,0,1,2,45,MUJER,LESIONADO,CONDUCTOR PRESENTE,NO,SI,1
34625,148569,148570,2023,1,0,-0.215278,-78.515861,PICHINCHA,QUITO,QUITO,URBANA,2023-06-20,10:00:00,10,MARTES,2,JUNIO,6,NO,NO TRANSITAR POR LAS ACERAS O ZONAS DE SEGURIDAD DESTINADAS PARA EL EFECTO.,ARROLLAMIENTOS,BUS,0,0,1,0,0,0,0,0,0,0,0,0,0,1,68,HOMBRE,LESIONADO,PEATON,NO,SI,1
34626,148570,148571,2023,0,0,-0.105553,-78.497618,PICHINCHA,QUITO,QUITO,URBANA,2023-06-20,10:05:00,10,MARTES,2,JUNIO,6,NO,"NO RESPETAR LAS SENIALES REGLAMENTARIAS DE TRANSITO. (PARE, CEDA EL PASO, LUZ ROJA DEL SEMAFORO, ETC).",CHOQUE LATERAL,BUS,0,0,2,0,0,0,0,0,0,0,0,0,0,2,25,HOMBRE,ILESO,CONDUCTOR PRESENTE,NO,SI,1
34627,148572,148573,2023,0,0,-0.166682,-78.486248,PICHINCHA,QUITO,QUITO,URBANA,2023-06-20,10:30:00,10,MARTES,2,JUNIO,6,NO,"NO RESPETAR LAS SENIALES REGLAMENTARIAS DE TRANSITO. (PARE, CEDA EL PASO, LUZ ROJA DEL SEMAFORO, ETC).",CHOQUE LATERAL,CAMION,1,0,0,1,0,0,0,0,0,0,0,0,0,2,37,HOMBRE,ILESO,CONDUCTOR PRESENTE,NO,SI,1
34628,148575,148576,2023,1,0,-0.306399,-78.543398,PICHINCHA,QUITO,QUITO,URBANA,2023-06-20,11:43:00,11,MARTES,2,JUNIO,6,NO,NO CEDER EL DERECHO DE VIA O PREFERENCIA DE PASO AL PEATON.,ATROPELLOS,MOTOCICLETA,0,0,0,0,0,0,0,0,1,0,0,0,0,1,23,MUJER,LESIONADO,PEATON,NO,SI,1
34629,148576,148577,2023,0,0,-0.046301,-78.340291,PICHINCHA,QUITO,GUAYLLABAMBA,RURAL,2023-06-20,12:10:00,12,MARTES,2,JUNIO,6,NO,CONDUCIR EN SENTIDO CONTRARIO A LA VIA NORMAL DE CIRCULACION.,CHOQUE FRONTAL,CAMION,0,0,0,1,1,0,0,0,0,0,0,0,0,2,41,HOMBRE,ILESO,CONDUCTOR PRESENTE,NO,SI,3
34630,148585,148586,2023,1,0,-0.264979,-78.487282,PICHINCHA,QUITO,CONOCOTO,RURAL,2023-06-20,14:50:00,14,MARTES,2,JUNIO,6,NO,CONDUCIR VEHICULO SUPERANDO LOS LIMITES MAXIMOS DE VELOCIDAD.,PERDIDA DE PISTA,AUTOMOVIL,1,0,0,0,0,0,0,0,0,0,0,0,0,1,47,HOMBRE,LESIONADO,CONDUCTOR PRESENTE,NO,SI,3
34631,148591,148592,2023,0,0,-0.192505,-78.455041,PICHINCHA,QUITO,NAYON,RURAL,2023-06-20,15:32:00,15,MARTES,2,JUNIO,6,NO,NO MANTENER LA DISTANCIA PRUDENCIAL CON RESPECTO AL VEHICULO QUE LE ANTECEDE.,CHOQUE POSTERIOR,AUTOMOVIL,2,0,0,0,0,0,0,0,0,0,0,0,0,2,42,HOMBRE,ILESO,CONDUCTOR PRESENTE,NO,SI,3
34632,148593,148594,2023,0,0,-0.206513,-78.433728,PICHINCHA,QUITO,CUMBAYA,RURAL,2023-06-20,16:20:00,16,MARTES,2,JUNIO,6,NO,NO MANTENER LA DISTANCIA PRUDENCIAL CON RESPECTO AL VEHICULO QUE LE ANTECEDE.,CHOQUE POSTERIOR,CAMIONETA,1,0,0,0,1,0,0,0,0,0,0,0,0,2,72,HOMBRE,ILESO,CONDUCTOR PRESENTE,NO,SI,3
34633,148608,148609,2023,0,0,-0.192639,-78.453231,PICHINCHA,QUITO,NAYON,URBANA,2023-06-21,00:01:00,0,MIERCOLES,3,JUNIO,6,NO,"CONDUCE BAJO LA INFLUENCIA DE ALCOHOL, SUSTANCIAS ESTUPEFACIENTES O PSICOTROPICAS Y/O MEDICAMENTOS.",CHOQUE LATERAL,AUTOMOVIL,2,0,0,0,0,0,0,0,0,0,0,0,0,2,26,HOMBRE,ILESO,CONDUCTOR PRESENTE,NO,SI,1
34634,148609,148610,2023,0,0,-0.124314,-78.478452,PICHINCHA,QUITO,QUITO,URBANA,2023-06-21,01:10:00,1,MIERCOLES,3,JUNIO,6,NO,CONDUCIR VEHICULO SUPERANDO LOS LIMITES MAXIMOS DE VELOCIDAD.,ESTRELLAMIENTOS,AUTOMOVIL,1,0,0,0,0,0,0,0,0,0,0,0,0,1,20,HOMBRE,ILESO,CONDUCTOR PRESENTE,NO,SI,1
34635,148612,148613,2023,2,0,-0.305948,-78.470235,PICHINCHA,QUITO,CONOCOTO,RURAL,2023-06-21,04:30:00,4,MIERCOLES,3,JUNIO,6,NO,"CONDUCE BAJO LA INFLUENCIA DE ALCOHOL, SUSTANCIAS ESTUPEFACIENTES O PSICOTROPICAS Y/O MEDICAMENTOS.",CHOQUE FRONTAL,MOTOCICLETA,0,0,0,0,1,0,0,0,1,0,0,0,0,2,20,HOMBRE,LESIONADO,PASAJERO,NO,SI,3
34636,148615,148616,2023,1,0,-0.232901,-78.508772,PICHINCHA,QUITO,QUITO,URBANA,2023-06-21,05:50:00,5,MIERCOLES,3,JUNIO,6,NO,CONDUCIR VEHICULO SUPERANDO LOS LIMITES MAXIMOS DE VELOCIDAD.,OTROS,BICICLETA,0,1,0,0,0,0,0,0,0,1,0,0,0,2,29,HOMBRE,LESIONADO,CONDUCTOR PRESENTE,NO,SI,1
34637,148618,148619,2023,2,0,-0.237989,-78.506289,PICHINCHA,QUITO,QUITO,URBANA,2023-06-21,06:50:00,6,MIERCOLES,3,JUNIO,6,NO,CONDUCIR VEHICULO SUPERANDO LOS LIMITES MAXIMOS DE VELOCIDAD.,PERDIDA DE CARRIL,BICICLETA,0,1,0,0,0,0,0,0,0,0,0,0,0,1,18,HOMBRE,LESIONADO,CONDUCTOR PRESENTE,NO,SI,1
34638,148623,148624,2023,0,0,-0.209302,-78.484737,PICHINCHA,QUITO,QUITO,URBANA,2023-06-21,09:15:00,9,MIERCOLES,3,JUNIO,6,NO,CONDUCIR VEHICULO SUPERANDO LOS LIMITES MAXIMOS DE VELOCIDAD.,CHOQUE LATERAL,AUTOMOVIL,2,0,0,0,0,0,0,0,0,0,0,0,0,2,49,HOMBRE,ILESO,CONDUCTOR PRESENTE,NO,SI,1
34639,148630,148631,2023,0,0,-0.156574,-78.446463,PICHINCHA,QUITO,QUITO,RURAL,2023-06-21,10:55:00,10,MIERCOLES,3,JUNIO,6,NO,NO MANTENER LA DISTANCIA PRUDENCIAL CON RESPECTO AL VEHICULO QUE LE ANTECEDE.,CHOQUE POSTERIOR,CAMION,1,0,0,1,0,0,0,0,0,0,0,0,0,2,29,HOMBRE,ILESO,CONDUCTOR PRESENTE,NO,SI,3
34640,148642,148643,2023,1,0,-0.200704,-78.429506,PICHINCHA,QUITO,CUMBAYA,RURAL,2023-06-21,16:25:00,16,MIERCOLES,3,JUNIO,6,NO,NO TRANSITAR POR LAS ACERAS O ZONAS DE SEGURIDAD DESTINADAS PARA EL EFECTO.,ATROPELLOS,MOTOCICLETA,0,0,0,0,0,0,0,0,1,0,0,0,0,1,7,MUJER,LESIONADO,PEATON,NO,SI,3
34641,148645,148646,2023,1,0,-0.256672,-78.556605,PICHINCHA,QUITO,QUITO,URBANA,2023-06-21,17:10:00,17,MIERCOLES,3,JUNIO,6,NO,CONDUCIR VEHICULO SUPERANDO LOS LIMITES MAXIMOS DE VELOCIDAD.,ATROPELLOS,AUTOMOVIL,1,0,0,0,0,0,0,0,0,0,0,0,0,1,40,HOMBRE,LESIONADO,PEATON,NO,SI,1
34642,148646,148647,2023,2,0,-0.310191,-78.522117,PICHINCHA,QUITO,QUITO,URBANA,2023-06-21,17:10:00,17,MIERCOLES,3,JUNIO,6,NO,CONDUCIR VEHICULO SUPERANDO LOS LIMITES MAXIMOS DE VELOCIDAD.,CHOQUE POSTERIOR,MOTOCICLETA,1,0,0,0,0,0,0,0,1,0,0,0,0,2,60,HOMBRE,LESIONADO,CONDUCTOR PRESENTE,NO,SI,1
34643,148650,148651,2023,1,0,-0.279987,-78.557356,PICHINCHA,QUITO,QUITO,URBANA,2023-06-21,18:30:00,18,MIERCOLES,3,JUNIO,6,NO,"NO RESPETAR LAS SENIALES REGLAMENTARIAS DE TRANSITO. (PARE, CEDA EL PASO, LUZ ROJA DEL SEMAFORO, ETC).",CHOQUE LATERAL,MOTOCICLETA,0,0,0,0,0,0,0,1,1,0,0,0,0,2,43,HOMBRE,LESIONADO,CONDUCTOR PRESENTE,NO,SI,1
34644,148653,148654,2023,1,0,-0.218483,-78.506779,PICHINCHA,QUITO,QUITO,URBANA,2023-06-21,19:25:00,19,MIERCOLES,3,JUNIO,6,NO,"NO RESPETAR LAS SENIALES REGLAMENTARIAS DE TRANSITO. (PARE, CEDA EL PASO, LUZ ROJA DEL SEMAFORO, ETC).",CHOQUE LATERAL,AUTOMOVIL,2,0,0,0,0,0,0,0,0,0,0,0,0,2,34,HOMBRE,LESIONADO,CONDUCTOR PRESENTE,NO,SI,1
34645,148657,148658,2023,0,0,-0.198116,-78.486341,PICHINCHA,QUITO,QUITO,URBANA,2023-06-21,21:35:00,21,MIERCOLES,3,JUNIO,6,NO,"CONDUCE BAJO LA INFLUENCIA DE ALCOHOL, SUSTANCIAS ESTUPEFACIENTES O PSICOTROPICAS Y/O MEDICAMENTOS.",COLISION,CAMIONETA,2,0,0,0,2,0,0,0,0,0,0,0,0,4,31,HOMBRE,ILESO,CONDUCTOR PRESENTE,NO,SI,1
34646,148659,148660,2023,0,0,-0.197129,-78.500092,PICHINCHA,QUITO,QUITO,URBANA,2023-06-21,22:10:00,22,MIERCOLES,3,JUNIO,6,NO,REALIZAR CAMBIO BRUSCO O INDEBIDO DE CARRIL.,ESTRELLAMIENTOS,AUTOMOVIL,1,0,0,0,0,0,0,0,0,0,0,0,0,1,-1,NO IDENTIFICADO,NO IDENTIFICADO,CONDUCTOR AUSENTE,NO,SI,2
34647,148665,148666,2023,1,0,-0.277203,-78.555408,PICHINCHA,QUITO,QUITO,URBANA,2023-06-22,02:35:00,2,JUEVES,4,JUNIO,6,NO,CONDUCIR VEHICULO SUPERANDO LOS LIMITES MAXIMOS DE VELOCIDAD.,OTROS,MOTOCICLETA,0,0,0,0,0,0,0,0,1,1,0,0,0,2,30,HOMBRE,LESIONADO,PASAJERO,NO,SI,1
34648,148666,148667,2023,0,0,-0.242017,-78.546454,PICHINCHA,QUITO,QUITO,URBANA,2023-06-22,02:40:00,2,JUEVES,4,JUNIO,6,NO,CONDUCIR VEHICULO SUPERANDO LOS LIMITES MAXIMOS DE VELOCIDAD.,OTROS,CAMIONETA,0,0,0,0,1,0,0,0,0,0,0,0,0,1,-1,NO IDENTIFICADO,NO IDENTIFICADO,CONDUCTOR AUSENTE,NO,SI,2
34649,148669,148670,2023,2,0,-0.089172,-78.428018,PICHINCHA,QUITO,CALDERON (CARAPUNGO),RURAL,2023-06-22,05:20:00,5,JUEVES,4,JUNIO,6,NO,CONDUCIR VEHICULO SUPERANDO LOS LIMITES MAXIMOS DE VELOCIDAD.,OTROS,MOTOCICLETA,0,0,0,0,0,0,0,0,1,0,0,0,0,1,40,HOMBRE,LESIONADO,PASAJERO,NO,SI,3
34650,148672,148673,2023,2,0,-0.196481,-78.502941,PICHINCHA,QUITO,QUITO,URBANA,2023-06-22,07:35:00,7,JUEVES,4,JUNIO,6,NO,CONDUCIR VEHICULO SUPERANDO LOS LIMITES MAXIMOS DE VELOCIDAD.,CHOQUE LATERAL,BUS,0,0,1,0,0,0,0,0,1,0,0,0,0,2,32,HOMBRE,LESIONADO,CONDUCTOR PRESENTE,NO,SI,1
34651,148674,148675,2023,1,0,-0.304491,-78.566781,PICHINCHA,QUITO,QUITO,URBANA,2023-06-22,08:30:00,8,JUEVES,4,JUNIO,6,NO,CONDUCIR VEHICULO SUPERANDO LOS LIMITES MAXIMOS DE VELOCIDAD.,CAIDA DE PASAJERO,BUS,0,0,1,0,0,0,0,0,0,0,0,0,0,1,27,MUJER,LESIONADO,PASAJERO,NO,SI,1
34652,148679,148680,2023,0,1,0.104219,-78.130564,PICHINCHA,CAYAMBE,SAN JOSE DE AYORA,RURAL,2023-06-22,10:30:00,10,JUEVES,4,JUNIO,6,NO,CONDUCIR EN SENTIDO CONTRARIO A LA VIA NORMAL DE CIRCULACION.,CHOQUE FRONTAL,CAMIONETA,0,0,0,0,1,0,0,0,0,0,0,0,0,1,46,HOMBRE,FALLECIDO,CONDUCTOR PRESENTE,NO,SI,3
34653,148685,148686,2023,1,0,-0.236099,-78.527171,PICHINCHA,QUITO,QUITO,URBANA,2023-06-22,13:30:00,13,JUEVES,4,JUNIO,6,NO,PEATON QUE CRUZA LA CALZADA SIN RESPETAR LA SENIALIZACION EXISTENTE (SEMAFOROS O SENIALES MANUALES).,ATROPELLOS,MOTOCICLETA,0,0,0,0,0,0,0,0,1,0,0,0,0,1,59,HOMBRE,LESIONADO,PEATON,NO,SI,1
34654,148687,148688,2023,1,0,-0.268532,-78.532591,PICHINCHA,QUITO,QUITO,URBANA,2023-06-22,13:56:00,13,JUEVES,4,JUNIO,6,NO,"CONDUCE BAJO LA INFLUENCIA DE ALCOHOL, SUSTANCIAS ESTUPEFACIENTES O PSICOTROPICAS Y/O MEDICAMENTOS.",ESTRELLAMIENTOS,AUTOMOVIL,1,0,0,0,0,0,0,0,0,0,0,0,0,1,23,HOMBRE,LESIONADO,CONDUCTOR PRESENTE,NO,SI,1
34655,148693,148694,2023,2,0,-0.202065,-78.430757,PICHINCHA,QUITO,CUMBAYA,RURAL,2023-06-22,16:40:00,16,JUEVES,4,JUNIO,6,NO,CONDUCIR VEHICULO SUPERANDO LOS LIMITES MAXIMOS DE VELOCIDAD.,CAIDA DE PASAJERO,BUS,0,0,1,0,0,0,0,0,0,0,0,0,0,1,53,MUJER,LESIONADO,PASAJERO,NO,SI,3
34656,148694,148695,2023,1,0,-0.322129,-78.564868,PICHINCHA,QUITO,QUITO,URBANA,2023-06-22,16:55:00,16,JUEVES,4,JUNIO,6,NO,"CONDUCE BAJO LA INFLUENCIA DE ALCOHOL, SUSTANCIAS ESTUPEFACIENTES O PSICOTROPICAS Y/O MEDICAMENTOS.",ESTRELLAMIENTOS,AUTOMOVIL,1,0,0,0,0,0,0,0,0,0,0,0,0,1,35,HOMBRE,LESIONADO,CONDUCTOR PRESENTE,NO,SI,1
34657,148704,148705,2023,0,0,-0.191594,-78.487147,PICHINCHA,QUITO,QUITO,URBANA,2023-06-22,19:05:00,19,JUEVES,4,JUNIO,6,NO,NO GUARDAR LA DISTANCIA LATERAL MINIMA DE SEGURIDAD ENTRE VEHICULOS.,ROZAMIENTOS,AUTOMOVIL,2,0,0,0,0,0,0,0,0,0,0,0,0,2,57,HOMBRE,ILESO,CONDUCTOR PRESENTE,NO,SI,1
34658,148709,148710,2023,1,0,-0.197947,-78.487407,PICHINCHA,QUITO,QUITO,URBANA,2023-06-22,19:55:00,19,JUEVES,4,JUNIO,6,NO,"CONDUCE BAJO LA INFLUENCIA DE ALCOHOL, SUSTANCIAS ESTUPEFACIENTES O PSICOTROPICAS Y/O MEDICAMENTOS.",CHOQUE LATERAL,AUTOMOVIL,2,0,0,0,0,0,0,0,0,0,0,0,0,2,47,HOMBRE,LESIONADO,CONDUCTOR PRESENTE,NO,SI,1
34659,148713,148714,2023,0,0,-0.183384,-78.489428,PICHINCHA,QUITO,QUITO,URBANA,2023-06-22,21:15:00,21,JUEVES,4,JUNIO,6,NO,NO MANTENER LA DISTANCIA PRUDENCIAL CON RESPECTO AL VEHICULO QUE LE ANTECEDE.,OTROS,AUTOMOVIL,2,0,0,0,0,0,0,0,0,0,0,0,0,2,44,HOMBRE,ILESO,CONDUCTOR PRESENTE,NO,SI,1
34660,148715,148716,2023,0,0,-0.102664,-78.489166,PICHINCHA,QUITO,QUITO,URBANA,2023-06-22,21:45:00,21,JUEVES,4,JUNIO,6,NO,CONDUCIR VEHICULO SUPERANDO LOS LIMITES MAXIMOS DE VELOCIDAD.,ESTRELLAMIENTOS,AUTOMOVIL,1,0,0,0,0,0,0,0,0,0,0,0,0,1,-1,NO IDENTIFICADO,NO IDENTIFICADO,CONDUCTOR AUSENTE,NO,SI,2
34661,148724,148725,2023,1,0,-0.275646,-78.511686,PICHINCHA,QUITO,QUITO,URBANA,2023-06-23,07:05:00,7,VIERNES,5,JUNIO,6,NO,NO GUARDAR LA DISTANCIA LATERAL MINIMA DE SEGURIDAD ENTRE VEHICULOS.,ROZAMIENTOS,MOTOCICLETA,0,0,0,0,0,0,0,0,1,1,0,0,0,2,29,HOMBRE,LESIONADO,CONDUCTOR PRESENTE,NO,SI,1
34662,148727,148728,2023,0,0,-0.286216,-78.468038,PICHINCHA,QUITO,CONOCOTO,RURAL,2023-06-23,08:00:00,8,VIERNES,5,JUNIO,6,NO,CONDUCIR VEHICULO SUPERANDO LOS LIMITES MAXIMOS DE VELOCIDAD.,ESTRELLAMIENTOS,VEHICULO DEPORTIVO UTILITARIO,1,0,0,0,0,0,0,0,0,0,0,0,1,2,34,HOMBRE,ILESO,PASAJERO,NO,SI,3
34663,148728,148729,2023,1,0,-0.207105,-78.512424,PICHINCHA,QUITO,QUITO,URBANA,2023-06-23,08:00:00,8,VIERNES,5,JUNIO,6,NO,NO MANTENER LA DISTANCIA PRUDENCIAL CON RESPECTO AL VEHICULO QUE LE ANTECEDE.,CHOQUE POSTERIOR,BUS,0,0,1,0,0,0,0,0,1,0,0,0,0,2,27,HOMBRE,LESIONADO,CONDUCTOR PRESENTE,NO,SI,1
34664,148731,148732,2023,0,1,-0.079774,-78.294585,PICHINCHA,CAYAMBE,ASCAZUBI,RURAL,2023-06-23,09:10:00,9,VIERNES,5,JUNIO,6,NO,"CONDUCIR DESATENTO A LAS CONDICIONES DE TRANSITO (CELULAR, PANTALLAS DE VIDEO, COMIDA, MAQUILLAJE O CUALQUIER OTRO ELEMENTO DISTRACTOR).",ARROLLAMIENTOS,NO IDENTIFICADO,0,0,0,0,0,0,0,0,0,1,0,0,0,1,82,HOMBRE,FALLECIDO,PEATON,NO,SI,3
34665,148733,148734,2023,0,1,-0.449864,-78.748328,PICHINCHA,MEJIA,MANUEL CORNEJO ASTORGA,RURAL,2023-06-23,09:20:00,9,VIERNES,5,JUNIO,6,NO,"CONDUCIR DESATENTO A LAS CONDICIONES DE TRANSITO (CELULAR, PANTALLAS DE VIDEO, COMIDA, MAQUILLAJE O CUALQUIER OTRO ELEMENTO DISTRACTOR).",PERDIDA DE CARRIL,BUS,1,0,1,0,0,0,0,0,0,0,0,0,0,2,78,HOMBRE,FALLECIDO,CONDUCTOR PRESENTE,NO,NO,3
34666,148735,148736,2023,2,0,-0.171082,-78.490611,PICHINCHA,QUITO,QUITO,URBANA,2023-06-23,10:00:00,10,VIERNES,5,JUNIO,6,NO,CONDUCIR VEHICULO SUPERANDO LOS LIMITES MAXIMOS DE VELOCIDAD.,OTROS,AUTOMOVIL,2,0,0,0,0,0,0,0,0,0,0,0,0,2,69,HOMBRE,LESIONADO,CONDUCTOR PRESENTE,NO,SI,1
34667,148739,148740,2023,0,0,-0.106312,-78.484789,PICHINCHA,QUITO,QUITO,URBANA,2023-06-23,12:40:00,12,VIERNES,5,JUNIO,6,NO,NO MANTENER LA DISTANCIA PRUDENCIAL CON RESPECTO AL VEHICULO QUE LE ANTECEDE.,CHOQUE POSTERIOR,CAMIONETA,1,0,0,0,1,0,0,0,0,0,0,0,0,2,40,HOMBRE,ILESO,CONDUCTOR PRESENTE,NO,SI,1
34668,148744,148745,2023,1,0,-0.281377,-78.516545,PICHINCHA,QUITO,QUITO,URBANA,2023-06-23,15:50:00,15,VIERNES,5,JUNIO,6,NO,CONDUCIR VEHICULO SUPERANDO LOS LIMITES MAXIMOS DE VELOCIDAD.,CAIDA DE PASAJERO,BUS,0,0,1,0,0,0,0,0,0,0,0,0,0,1,10,HOMBRE,LESIONADO,PASAJERO,NO,SI,1
34669,148751,148752,2023,1,0,-0.190378,-78.486383,PICHINCHA,QUITO,QUITO,URBANA,2023-06-23,19:15:00,19,VIERNES,5,JUNIO,6,NO,"CONDUCE BAJO LA INFLUENCIA DE ALCOHOL, SUSTANCIAS ESTUPEFACIENTES O PSICOTROPICAS Y/O MEDICAMENTOS.",ATROPELLOS,AUTOMOVIL,2,0,0,0,0,0,0,0,0,0,0,0,0,2,36,HOMBRE,LESIONADO,PEATON,NO,SI,1
34670,148754,148755,2023,0,0,-0.166987,-78.452648,PICHINCHA,QUITO,QUITO,URBANA,2023-06-23,19:30:00,19,VIERNES,5,JUNIO,6,NO,CONDUCIR VEHICULO SUPERANDO LOS LIMITES MAXIMOS DE VELOCIDAD.,OTROS,AUTOMOVIL,1,0,0,0,0,0,0,0,0,0,0,0,0,1,-1,NO IDENTIFICADO,NO IDENTIFICADO,CONDUCTOR AUSENTE,NO,SI,2
34671,148766,148767,2023,1,0,-0.318632,-78.538526,PICHINCHA,QUITO,QUITO,URBANA,2023-06-23,23:15:00,23,VIERNES,5,JUNIO,6,NO,CONDUCIR VEHICULO SUPERANDO LOS LIMITES MAXIMOS DE VELOCIDAD.,PERDIDA DE CARRIL,MOTOCICLETA,0,0,0,0,0,0,0,0,1,0,0,0,0,1,27,HOMBRE,LESIONADO,PASAJERO,NO,SI,1
34672,148767,148768,2023,0,0,-0.443278,-78.684417,PICHINCHA,MEJIA,ALOAG,RURAL,2023-06-23,23:30:00,23,VIERNES,5,JUNIO,6,NO,NO MANTENER LA DISTANCIA PRUDENCIAL CON RESPECTO AL VEHICULO QUE LE ANTECEDE.,CHOQUE POSTERIOR,CAMION,0,0,0,2,0,0,0,0,0,0,0,0,0,2,-1,HOMBRE,ILESO,CONDUCTOR PRESENTE,NO,NO,3
34673,148768,148769,2023,1,0,-0.265491,-78.550668,PICHINCHA,QUITO,QUITO,URBANA,2023-06-23,23:30:00,23,VIERNES,5,JUNIO,6,NO,CONDUCIR VEHICULO SUPERANDO LOS LIMITES MAXIMOS DE VELOCIDAD.,ESTRELLAMIENTOS,AUTOMOVIL,1,0,0,0,0,0,0,0,0,0,0,0,0,1,25,HOMBRE,LESIONADO,PASAJERO,NO,SI,1
34674,148771,148772,2023,0,0,-0.246634,-78.522191,PICHINCHA,QUITO,QUITO,URBANA,2023-06-23,23:45:00,23,VIERNES,5,JUNIO,6,NO,CONDUCIR VEHICULO SUPERANDO LOS LIMITES MAXIMOS DE VELOCIDAD.,ESTRELLAMIENTOS,AUTOMOVIL,1,0,0,0,0,0,0,0,0,0,0,0,0,1,-1,NO IDENTIFICADO,NO IDENTIFICADO,CONDUCTOR AUSENTE,NO,SI,2
34675,148776,148777,2023,0,0,-0.188632,-78.505251,PICHINCHA,QUITO,QUITO,URBANA,2023-06-24,02:25:00,2,SABADO,6,JUNIO,6,NO,CONDUCIR VEHICULO SUPERANDO LOS LIMITES MAXIMOS DE VELOCIDAD.,ESTRELLAMIENTOS,AUTOMOVIL,1,0,0,0,0,0,0,0,0,0,0,0,0,1,-1,NO IDENTIFICADO,NO IDENTIFICADO,CONDUCTOR AUSENTE,NO,SI,2
34676,148777,148778,2023,0,1,-0.197023,-78.512302,PICHINCHA,QUITO,QUITO,URBANA,2023-06-24,02:50:00,2,SABADO,6,JUNIO,6,NO,CONDUCIR VEHICULO SUPERANDO LOS LIMITES MAXIMOS DE VELOCIDAD.,PERDIDA DE CARRIL,MOTOCICLETA,0,0,0,0,0,0,0,0,1,0,0,0,0,1,23,HOMBRE,FALLECIDO,CONDUCTOR PRESENTE,NO,SI,1