,Unnamed: 0,ID,ANIO,LESIONADOS,FALLECIDOS,LATITUD_Y,LONGITUD_X,PROVINCIA,CANTON,PARROQUIA,ZONA,FECHA,HORA,PERIODO_2,DIA_1,DIA_2,MES_1,MES_2,FERIADO,CAUSA_PROBABLE,TIPO_DE_SINIESTRO,TIPO_DE_VEHICULO_1,AUTOMOVIL,BICICLETA,BUS,CAMION,CAMIONETA,EMERGENCIAS,ESPECIAL,FURGONETA,MOTOCICLETA,NO_IDENTIFICADO,SCOOTER_ELECTRICO,TRICIMOTO,VEHICULO_DEPORTIVO_UTILITARIO,SUMA_DE_VEHICULOS,EDAD_1,SEXO_1,CONDICION_1,PARTICIPANTE_1,CASCO_1,CINTURON_1,KMeans_Cluster
34677,148779,148780,2023,0,0,-0.189993,-78.496761,PICHINCHA,QUITO,QUITO,URBANA,2023-06-24,04:05:00,4,SABADO,6,JUNIO,6,NO,CONDUCIR VEHICULO SUPERANDO LOS LIMITES MAXIMOS DE VELOCIDAD.,CHOQUE LATERAL,AUTOMOVIL,2,0,0,0,0,0,0,0,0,0,0,0,0,2,32,HOMBRE,ILESO,PASAJERO,NO,SI,1
34678,148784,148785,2023,0,1,-0.237602,-78.483392,PICHINCHA,QUITO,QUITO,URBANA,2023-06-24,06:40:00,6,SABADO,6,JUNIO,6,NO,CONDUCIR VEHICULO SUPERANDO LOS LIMITES MAXIMOS DE VELOCIDAD.,PERDIDA DE CARRIL,MOTOCICLETA,0,0,0,0,0,0,0,0,1,0,0,0,0,1,36,HOMBRE,FALLECIDO,CONDUCTOR PRESENTE,NO,SI,1
34679,148786,148787,2023,0,0,-0.272381,-78.548737,PICHINCHA,QUITO,QUITO,URBANA,2023-06-24,07:20:00,7,SABADO,6,JUNIO,6,NO,"CONDUCE BAJO LA INFLUENCIA DE ALCOHOL, SUSTANCIAS ESTUPEFACIENTES O PSICOTROPICAS Y/O MEDICAMENTOS.",ESTRELLAMIENTOS,AUTOMOVIL,1,0,0,0,0,0,0,0,0,0,0,0,0,1,28,HOMBRE,ILESO,CONDUCTOR PRESENTE,NO,SI,1
34680,148787,148788,2023,3,0,-0.312907,-78.561025,PICHINCHA,QUITO,QUITO,URBANA,2023-06-24,08:30:00,8,SABADO,6,JUNIO,6,NO,CONDUCIR VEHICULO SUPERANDO LOS LIMITES MAXIMOS DE VELOCIDAD.,OTROS,AUTOMOVIL,1,0,0,0,0,0,0,0,0,0,0,0,0,1,-1,HOMBRE,LESIONADO,PASAJERO,NO,SI,1
34681,148788,148789,2023,0,0,-0.305868,-78.521745,PICHINCHA,QUITO,QUITO,URBANA,2023-06-24,08:35:00,8,SABADO,6,JUNIO,6,NO,CONDUCIR VEHICULO SUPERANDO LOS LIMITES MAXIMOS DE VELOCIDAD.,COLISION,MOTOCICLETA,2,0,0,0,1,0,0,0,1,0,0,0,0,4,43,HOMBRE,ILESO,CONDUCTOR PRESENTE,NO,SI,1
34682,148804,148805,2023,0,0,-0.247524,-78.548235,PICHINCHA,QUITO,QUITO,URBANA,2023-06-24,16:30:00,16,SABADO,6,JUNIO,6,NO,CONDUCIR VEHICULO SUPERANDO LOS LIMITES MAXIMOS DE VELOCIDAD.,CHOQUE FRONTAL,CAMION,1,0,0,1,0,0,0,0,0,0,0,0,0,2,52,HOMBRE,ILESO,CONDUCTOR PRESENTE,NO,SI,1
34683,148811,148812,2023,0,0,-0.287361,-78.523702,PICHINCHA,QUITO,QUITO,URBANA,2023-06-24,18:40:00,18,SABADO,6,JUNIO,6,NO,CONDUCIR VEHICULO SUPERANDO LOS LIMITES MAXIMOS DE VELOCIDAD.,ESTRELLAMIENTOS,NO IDENTIFICADO,0,0,0,0,0,0,0,0,0,1,0,0,0,1,-1,NO IDENTIFICADO,NO IDENTIFICADO,CONDUCTOR AUSENTE,NO,SI,2
34684,148815,148816,2023,2,0,-0.285271,-78.518595,PICHINCHA,QUITO,QUITO,URBANA,2023-06-24,19:26:00,19,SABADO,6,JUNIO,6,NO,CONDUCIR VEHICULO SUPERANDO LOS LIMITES MAXIMOS DE VELOCIDAD.,CHOQUE LATERAL,AUTOMOVIL,1,0,0,0,0,0,0,0,0,1,0,0,0,2,32,HOMBRE,LESIONADO,CONDUCTOR PRESENTE,NO,SI,1
34685,148819,148820,2023,2,0,-0.206539,-78.428042,PICHINCHA,QUITO,CUMBAYA,RURAL,2023-06-24,19:59:00,19,SABADO,6,JUNIO,6,NO,CONDUCIR VEHICULO SUPERANDO LOS LIMITES MAXIMOS DE VELOCIDAD.,COLISION,AUTOMOVIL,2,0,0,0,0,0,0,0,0,1,0,0,0,3,72,HOMBRE,LESIONADO,CONDUCTOR PRESENTE,NO,SI,3
34686,148821,148822,2023,0,0,-0.304001,-78.568108,PICHINCHA,QUITO,QUITO,URBANA,2023-06-24,20:00:00,20,SABADO,6,JUNIO,6,NO,"CONDUCE BAJO LA INFLUENCIA DE ALCOHOL, SUSTANCIAS ESTUPEFACIENTES O PSICOTROPICAS Y/O MEDICAMENTOS.",ESTRELLAMIENTOS,CAMIONETA,1,0,0,0,1,0,0,0,0,0,0,0,0,2,62,HOMBRE,ILESO,CONDUCTOR PRESENTE,NO,SI,1
34687,148822,148823,2023,1,0,-0.258757,-78.496272,PICHINCHA,QUITO,CONOCOTO,RURAL,2023-06-24,20:15:00,20,SABADO,6,JUNIO,6,NO,NO TRANSITAR POR LAS ACERAS O ZONAS DE SEGURIDAD DESTINADAS PARA EL EFECTO.,ATROPELLOS,NO IDENTIFICADO,0,0,0,0,0,0,0,0,0,1,0,0,0,1,7,HOMBRE,LESIONADO,PEATON,NO,SI,3
34688,148828,148829,2023,0,0,-0.158361,-78.490533,PICHINCHA,QUITO,QUITO,URBANA,2023-06-24,21:00:00,21,SABADO,6,JUNIO,6,NO,"NO RESPETAR LAS SENIALES REGLAMENTARIAS DE TRANSITO. (PARE, CEDA EL PASO, LUZ ROJA DEL SEMAFORO, ETC).",CHOQUE LATERAL,MOTOCICLETA,0,0,0,0,0,0,0,0,1,1,0,0,0,2,25,HOMBRE,ILESO,CONDUCTOR PRESENTE,NO,SI,1
34689,148829,148830,2023,0,0,-0.136848,-78.473921,PICHINCHA,QUITO,QUITO,URBANA,2023-06-24,21:15:00,21,SABADO,6,JUNIO,6,NO,"CONDUCE BAJO LA INFLUENCIA DE ALCOHOL, SUSTANCIAS ESTUPEFACIENTES O PSICOTROPICAS Y/O MEDICAMENTOS.",COLISION,AUTOMOVIL,3,0,0,0,0,0,0,0,0,0,0,0,0,3,56,HOMBRE,ILESO,CONDUCTOR PRESENTE,NO,SI,1
34690,148844,148845,2023,2,0,0.003943,-78.441065,PICHINCHA,QUITO,SAN ANTONIO (QUITO),RURAL,2023-06-25,00:52:00,0,DOMINGO,7,JUNIO,6,NO,CONDUCIR VEHICULO SUPERANDO LOS LIMITES MAXIMOS DE VELOCIDAD.,PERDIDA DE CARRIL,MOTOCICLETA,0,0,0,0,0,0,0,0,1,0,0,0,0,1,19,HOMBRE,LESIONADO,PASAJERO,NO,SI,3
34691,148848,148849,2023,0,0,-0.243894,-78.519534,PICHINCHA,QUITO,QUITO,URBANA,2023-06-25,01:55:00,1,DOMINGO,7,JUNIO,6,NO,CONDUCIR VEHICULO SUPERANDO LOS LIMITES MAXIMOS DE VELOCIDAD.,ESTRELLAMIENTOS,AUTOMOVIL,1,0,0,0,0,0,0,0,0,0,0,0,0,1,-1,NO IDENTIFICADO,NO IDENTIFICADO,CONDUCTOR AUSENTE,NO,SI,2
34692,148851,148852,2023,0,0,-0.217757,-78.385654,PICHINCHA,QUITO,TUMBACO,RURAL,2023-06-25,02:51:00,2,DOMINGO,7,JUNIO,6,NO,CONDUCIR VEHICULO SUPERANDO LOS LIMITES MAXIMOS DE VELOCIDAD.,ESTRELLAMIENTOS,AUTOMOVIL,1,0,0,0,0,0,0,0,0,0,0,0,0,1,-1,NO IDENTIFICADO,NO IDENTIFICADO,CONDUCTOR AUSENTE,NO,SI,2
34693,148854,148855,2023,0,0,-0.203793,-78.502205,PICHINCHA,QUITO,QUITO,URBANA,2023-06-25,03:30:00,3,DOMINGO,7,JUNIO,6,NO,REALIZAR CAMBIO BRUSCO O INDEBIDO DE CARRIL.,CHOQUE LATERAL,AUTOMOVIL,2,0,0,0,0,0,0,0,0,0,0,0,0,2,36,HOMBRE,ILESO,CONDUCTOR PRESENTE,NO,SI,1
34694,148856,148857,2023,0,1,-0.413667,-78.800583,PICHINCHA,MEJIA,MANUEL CORNEJO ASTORGA,RURAL,2023-06-25,04:45:00,4,DOMINGO,7,JUNIO,6,NO,BAJARSE O SUBIRSE DE VEHICULOS EN MOVIMIENTO SIN TOMAR LAS PRECAUCIONES DEBIDAS.,CAIDA DE PASAJERO,NO IDENTIFICADO,0,0,0,0,0,0,0,0,0,1,0,0,0,1,16,MUJER,FALLECIDO,PASAJERO,NO,NO,3
34695,148858,148859,2023,0,0,-0.102659,-78.488652,PICHINCHA,QUITO,QUITO,URBANA,2023-06-25,05:00:00,5,DOMINGO,7,JUNIO,6,NO,CONDUCIR VEHICULO SUPERANDO LOS LIMITES MAXIMOS DE VELOCIDAD.,ESTRELLAMIENTOS,CAMIONETA,0,0,0,0,1,0,0,0,0,0,0,0,0,1,-1,NO IDENTIFICADO,NO IDENTIFICADO,CONDUCTOR AUSENTE,NO,SI,2
34696,148861,148862,2023,0,0,-0.119112,-78.506763,PICHINCHA,QUITO,QUITO,URBANA,2023-06-25,05:45:00,5,DOMINGO,7,JUNIO,6,NO,CONDUCIR VEHICULO SUPERANDO LOS LIMITES MAXIMOS DE VELOCIDAD.,ESTRELLAMIENTOS,AUTOMOVIL,1,0,0,0,0,0,0,0,0,0,0,0,0,1,-1,NO IDENTIFICADO,NO IDENTIFICADO,CONDUCTOR AUSENTE,NO,SI,2
34697,148868,148869,2023,0,0,-0.237063,-78.486642,PICHINCHA,QUITO,QUITO,URBANA,2023-06-25,07:50:00,7,DOMINGO,7,JUNIO,6,NO,CONDUCIR VEHICULO SUPERANDO LOS LIMITES MAXIMOS DE VELOCIDAD.,PERDIDA DE CARRIL,AUTOMOVIL,1,0,0,0,0,0,0,0,0,0,0,0,0,1,-1,NO IDENTIFICADO,NO IDENTIFICADO,CONDUCTOR AUSENTE,NO,SI,2
34698,148869,148870,2023,1,0,-0.193433,-78.512663,PICHINCHA,QUITO,QUITO,URBANA,2023-06-25,09:30:00,9,DOMINGO,7,JUNIO,6,NO,NO MANTENER LA DISTANCIA PRUDENCIAL CON RESPECTO AL VEHICULO QUE LE ANTECEDE.,CHOQUE POSTERIOR,MOTOCICLETA,1,0,0,0,0,0,0,0,1,0,0,0,0,2,39,HOMBRE,LESIONADO,CONDUCTOR PRESENTE,NO,SI,1
34699,148876,148877,2023,1,0,-0.467078,-78.590583,PICHINCHA,MEJIA,ALOAG,RURAL,2023-06-25,13:42:00,13,DOMINGO,7,JUNIO,6,NO,"CONDUCIR DESATENTO A LAS CONDICIONES DE TRANSITO (CELULAR, PANTALLAS DE VIDEO, COMIDA, MAQUILLAJE O CUALQUIER OTRO ELEMENTO DISTRACTOR).",ATROPELLOS,NO IDENTIFICADO,0,0,0,0,0,0,0,0,0,1,0,0,0,1,-1,MUJER,LESIONADO,PEATON,NO,NO,3
34700,148899,148900,2023,2,0,-0.101656,-78.422491,PICHINCHA,QUITO,CALDERON (CARAPUNGO),RURAL,2023-06-26,00:10:00,0,LUNES,1,JUNIO,6,NO,CONDUCIR VEHICULO SUPERANDO LOS LIMITES MAXIMOS DE VELOCIDAD.,ESTRELLAMIENTOS,AUTOMOVIL,2,0,0,0,0,0,0,0,0,0,0,0,0,2,45,HOMBRE,LESIONADO,CONDUCTOR PRESENTE,NO,SI,3
34701,148904,148905,2023,0,0,-0.222467,-78.401172,PICHINCHA,QUITO,TUMBACO,RURAL,2023-06-26,04:30:00,4,LUNES,1,JUNIO,6,NO,CONDUCIR VEHICULO SUPERANDO LOS LIMITES MAXIMOS DE VELOCIDAD.,ESTRELLAMIENTOS,CAMIONETA,0,0,0,0,1,0,0,0,0,0,0,0,0,1,-1,NO IDENTIFICADO,NO IDENTIFICADO,CONDUCTOR AUSENTE,NO,SI,2
34702,148907,148908,2023,2,0,-0.205231,-78.511422,PICHINCHA,QUITO,QUITO,URBANA,2023-06-26,06:50:00,6,LUNES,1,JUNIO,6,NO,"CONDUCE BAJO LA INFLUENCIA DE ALCOHOL, SUSTANCIAS ESTUPEFACIENTES O PSICOTROPICAS Y/O MEDICAMENTOS.",CHOQUE LATERAL,AUTOMOVIL,2,0,0,0,0,0,0,0,0,0,0,0,0,2,23,HOMBRE,LESIONADO,PASAJERO,NO,SI,1
34703,148909,148910,2023,1,0,-0.205816,-78.494891,PICHINCHA,QUITO,QUITO,URBANA,2023-06-26,07:20:00,7,LUNES,1,JUNIO,6,NO,"NO RESPETAR LAS SENIALES REGLAMENTARIAS DE TRANSITO. (PARE, CEDA EL PASO, LUZ ROJA DEL SEMAFORO, ETC).",CHOQUE LATERAL,BUS,1,0,1,0,0,0,0,0,0,0,0,0,0,2,38,MUJER,LESIONADO,PASAJERO,NO,SI,1
34704,148914,148915,2023,0,0,-0.197309,-78.500966,PICHINCHA,QUITO,QUITO,URBANA,2023-06-26,08:40:00,8,LUNES,1,JUNIO,6,NO,CONDUCIR VEHICULO SUPERANDO LOS LIMITES MAXIMOS DE VELOCIDAD.,OTROS,AUTOMOVIL,1,0,0,0,0,0,0,0,0,0,0,0,0,1,42,HOMBRE,ILESO,CONDUCTOR PRESENTE,NO,SI,1
34705,148915,148916,2023,1,1,-0.149639,-78.475924,PICHINCHA,QUITO,QUITO,URBANA,2023-06-26,09:16:00,9,LUNES,1,JUNIO,6,NO,NO TRANSITAR POR LAS ACERAS O ZONAS DE SEGURIDAD DESTINADAS PARA EL EFECTO.,ATROPELLOS,MOTOCICLETA,0,0,0,0,0,0,0,0,1,0,0,0,0,1,82,MUJER,FALLECIDO,PEATON,NO,SI,1
34706,148916,148917,2023,0,0,-0.212464,-78.403289,PICHINCHA,QUITO,TUMBACO,RURAL,2023-06-26,09:20:00,9,LUNES,1,JUNIO,6,NO,"NO RESPETAR LAS SENIALES REGLAMENTARIAS DE TRANSITO. (PARE, CEDA EL PASO, LUZ ROJA DEL SEMAFORO, ETC).",CHOQUE LATERAL,MOTOCICLETA,1,0,0,0,0,0,0,0,1,0,0,0,0,2,23,HOMBRE,ILESO,CONDUCTOR PRESENTE,NO,SI,3
34707,148919,148920,2023,1,1,-0.165191,-78.466301,PICHINCHA,QUITO,QUITO,URBANA,2023-06-26,10:40:00,10,LUNES,1,JUNIO,6,NO,NO CEDER EL DERECHO DE VIA O PREFERENCIA DE PASO AL PEATON.,ATROPELLOS,AUTOMOVIL,1,0,0,0,0,0,0,0,0,0,0,0,0,1,55,HOMBRE,FALLECIDO,PEATON,NO,SI,1
34708,148929,148930,2023,1,0,-0.141399,-78.482823,PICHINCHA,QUITO,QUITO,URBANA,2023-06-26,14:45:00,14,LUNES,1,JUNIO,6,NO,"NO RESPETAR LAS SENIALES REGLAMENTARIAS DE TRANSITO. (PARE, CEDA EL PASO, LUZ ROJA DEL SEMAFORO, ETC).",CHOQUE LATERAL,MOTOCICLETA,1,0,0,0,0,0,0,0,1,0,0,0,0,2,31,MUJER,LESIONADO,CONDUCTOR PRESENTE,NO,SI,1
34709,148936,148937,2023,0,0,-0.438167,-78.711889,PICHINCHA,MEJIA,ALOAG,RURAL,2023-06-26,18:17:00,18,LUNES,1,JUNIO,6,NO,"CONDUCIR DESATENTO A LAS CONDICIONES DE TRANSITO (CELULAR, PANTALLAS DE VIDEO, COMIDA, MAQUILLAJE O CUALQUIER OTRO ELEMENTO DISTRACTOR).",PERDIDA DE CARRIL,CAMION,0,0,0,1,1,0,0,0,0,0,0,0,0,2,-1,HOMBRE,ILESO,CONDUCTOR PRESENTE,NO,NO,3
34710,148939,148940,2023,0,0,-0.124555,-78.362438,PICHINCHA,QUITO,TABABELA,RURAL,2023-06-26,19:06:00,19,LUNES,1,JUNIO,6,NO,CONDUCIR VEHICULO SUPERANDO LOS LIMITES MAXIMOS DE VELOCIDAD.,CHOQUE LATERAL,CAMIONETA,1,0,0,0,1,0,0,0,0,0,0,0,0,2,30,HOMBRE,ILESO,CONDUCTOR PRESENTE,NO,SI,3
34711,148945,148946,2023,1,0,-0.236179,-78.526913,PICHINCHA,QUITO,QUITO,URBANA,2023-06-26,21:15:00,21,LUNES,1,JUNIO,6,NO,NO CEDER EL DERECHO DE VIA O PREFERENCIA DE PASO AL PEATON.,ATROPELLOS,NO IDENTIFICADO,0,0,0,0,0,0,0,0,0,1,0,0,0,1,25,HOMBRE,LESIONADO,PEATON,NO,SI,1
34712,148953,148954,2023,0,0,-0.297348,-78.551011,PICHINCHA,QUITO,QUITO,URBANA,2023-06-27,06:30:00,6,MARTES,2,JUNIO,6,NO,CONDUCIR VEHICULO SUPERANDO LOS LIMITES MAXIMOS DE VELOCIDAD.,ESTRELLAMIENTOS,AUTOMOVIL,1,0,0,0,0,0,0,0,0,0,0,0,0,1,5,MUJER,ILESO,PASAJERO,NO,SI,1
34713,148956,148957,2023,1,0,-0.236917,-78.487526,PICHINCHA,QUITO,QUITO,URBANA,2023-06-27,08:40:00,8,MARTES,2,JUNIO,6,NO,NO MANTENER LA DISTANCIA PRUDENCIAL CON RESPECTO AL VEHICULO QUE LE ANTECEDE.,COLISION,MOTOCICLETA,2,0,0,0,0,0,0,0,1,0,0,0,0,3,21,HOMBRE,LESIONADO,CONDUCTOR PRESENTE,NO,SI,1
34714,148957,148958,2023,1,0,-0.133509,-78.495446,PICHINCHA,QUITO,QUITO,URBANA,2023-06-27,09:05:00,9,MARTES,2,JUNIO,6,NO,CONDUCIR VEHICULO SUPERANDO LOS LIMITES MAXIMOS DE VELOCIDAD.,PERDIDA DE CARRIL,MOTOCICLETA,0,0,0,0,0,0,0,0,1,0,0,0,0,1,19,HOMBRE,LESIONADO,CONDUCTOR PRESENTE,NO,SI,1
34715,148968,148969,2023,0,1,-0.330129,-78.385321,PICHINCHA,QUITO,PINTAG,RURAL,2023-06-27,15:40:00,15,MARTES,2,JUNIO,6,NO,NO TRANSITAR POR LAS ACERAS O ZONAS DE SEGURIDAD DESTINADAS PARA EL EFECTO.,ATROPELLOS,CAMION,0,0,0,1,0,0,0,0,0,0,0,0,0,1,60,MUJER,FALLECIDO,PEATON,NO,SI,3
34716,148970,148971,2023,1,0,-0.226583,-78.506755,PICHINCHA,QUITO,QUITO,URBANA,2023-06-27,16:15:00,16,MARTES,2,JUNIO,6,NO,PEATON QUE CRUZA LA CALZADA SIN RESPETAR LA SENIALIZACION EXISTENTE (SEMAFOROS O SENIALES MANUALES).,ATROPELLOS,BUS,0,0,1,0,0,0,0,0,0,0,0,0,0,1,27,MUJER,LESIONADO,PEATON,NO,SI,1
34717,148978,148979,2023,1,0,-0.345511,-78.448098,PICHINCHA,RUMINIAHUI,SANGOLQUI,RURAL,2023-06-27,18:30:00,18,MARTES,2,JUNIO,6,NO,CONDUCIR VEHICULO SUPERANDO LOS LIMITES MAXIMOS DE VELOCIDAD.,CHOQUE LATERAL,MOTOCICLETA,0,0,0,0,0,0,0,0,1,0,0,0,0,1,25,HOMBRE,LESIONADO,CONDUCTOR PRESENTE,NO,SI,3
34718,148984,148985,2023,1,0,-0.238736,-78.533328,PICHINCHA,QUITO,QUITO,URBANA,2023-06-27,20:45:00,20,MARTES,2,JUNIO,6,NO,CONDUCIR VEHICULO SUPERANDO LOS LIMITES MAXIMOS DE VELOCIDAD.,ESTRELLAMIENTOS,AUTOMOVIL,1,0,0,0,0,0,0,0,0,0,0,0,0,1,55,HOMBRE,LESIONADO,CONDUCTOR PRESENTE,NO,SI,1
34719,148986,148987,2023,1,0,-0.299415,-78.541925,PICHINCHA,QUITO,QUITO,URBANA,2023-06-27,22:25:00,22,MARTES,2,JUNIO,6,NO,CONDUCIR VEHICULO SUPERANDO LOS LIMITES MAXIMOS DE VELOCIDAD.,PERDIDA DE CARRIL,NO IDENTIFICADO,0,0,0,0,0,0,0,0,0,1,0,0,0,1,21,HOMBRE,LESIONADO,PASAJERO,NO,SI,1
34720,148987,148988,2023,1,0,-0.260601,-78.546291,PICHINCHA,QUITO,QUITO,URBANA,2023-06-27,22:33:00,22,MARTES,2,JUNIO,6,NO,NO MANTENER LA DISTANCIA PRUDENCIAL CON RESPECTO AL VEHICULO QUE LE ANTECEDE.,CHOQUE POSTERIOR,NO IDENTIFICADO,0,0,0,0,0,0,0,0,0,2,0,0,0,2,23,HOMBRE,LESIONADO,PASAJERO,NO,SI,1
34721,148990,148991,2023,0,0,-0.108908,-78.454741,PICHINCHA,QUITO,CALDERON (CARAPUNGO),RURAL,2023-06-28,02:50:00,2,MIERCOLES,3,JUNIO,6,NO,CONDUCIR VEHICULO SUPERANDO LOS LIMITES MAXIMOS DE VELOCIDAD.,ESTRELLAMIENTOS,AUTOMOVIL,1,0,0,0,0,0,0,0,0,0,0,0,0,1,-1,NO IDENTIFICADO,NO IDENTIFICADO,CONDUCTOR AUSENTE,NO,SI,2
34722,148995,148996,2023,1,0,-0.239841,-78.492948,PICHINCHA,QUITO,QUITO,URBANA,2023-06-28,07:45:00,7,MIERCOLES,3,JUNIO,6,NO,NO CEDER EL DERECHO DE VIA O PREFERENCIA DE PASO AL PEATON.,ATROPELLOS,CAMIONETA,0,0,0,0,1,0,0,0,0,0,0,0,0,1,45,HOMBRE,LESIONADO,PEATON,NO,SI,1
34723,148999,149000,2023,0,1,-0.232681,-78.523337,PICHINCHA,QUITO,QUITO,URBANA,2023-06-28,08:30:00,8,MIERCOLES,3,JUNIO,6,NO,REALIZAR CAMBIO BRUSCO O INDEBIDO DE CARRIL.,OTROS,BUS,0,0,1,0,0,0,0,0,1,0,0,0,0,2,-1,HOMBRE,FALLECIDO,CONDUCTOR PRESENTE,NO,SI,1
34724,149001,149002,2023,2,0,-0.285568,-78.468701,PICHINCHA,QUITO,CONOCOTO,RURAL,2023-06-28,09:30:00,9,MIERCOLES,3,JUNIO,6,NO,CONDUCIR VEHICULO SUPERANDO LOS LIMITES MAXIMOS DE VELOCIDAD.,PERDIDA DE CARRIL,CAMIONETA,0,0,0,0,1,0,0,0,0,0,0,0,0,1,44,HOMBRE,LESIONADO,CONDUCTOR PRESENTE,NO,SI,3
34725,149005,149006,2023,0,0,-0.332711,-78.550344,PICHINCHA,QUITO,QUITO,URBANA,2023-06-28,12:00:00,12,MIERCOLES,3,JUNIO,6,NO,NO GUARDAR LA DISTANCIA LATERAL MINIMA DE SEGURIDAD ENTRE VEHICULOS.,ROZAMIENTOS,BUS,0,0,1,1,0,0,0,0,0,0,0,0,0,2,12,HOMBRE,ILESO,PASAJERO,NO,SI,1
34726,149006,149007,2023,2,0,-0.102605,-78.295311,PICHINCHA,QUITO,EL QUINCHE,RURAL,2023-06-28,13:25:00,13,MIERCOLES,3,JUNIO,6,NO,CONDUCIR VEHICULO SUPERANDO LOS LIMITES MAXIMOS DE VELOCIDAD.,CHOQUE POSTERIOR,NO IDENTIFICADO,0,0,0,0,0,0,0,0,0,1,0,0,0,1,14,HOMBRE,LESIONADO,PASAJERO,NO,SI,3
34727,149008,149009,2023,2,0,-0.176882,-78.493034,PICHINCHA,QUITO,QUITO,URBANA,2023-06-28,14:00:00,14,MIERCOLES,3,JUNIO,6,NO,NO GUARDAR LA DISTANCIA LATERAL MINIMA DE SEGURIDAD ENTRE VEHICULOS.,OTROS,MOTOCICLETA,1,0,0,0,0,0,0,0,1,0,0,0,0,2,67,HOMBRE,LESIONADO,CONDUCTOR PRESENTE,NO,SI,1
34728,149025,149026,2023,0,0,-0.186003,-78.507971,PICHINCHA,QUITO,QUITO,URBANA,2023-06-28,19:40:00,19,MIERCOLES,3,JUNIO,6,NO,"CONDUCE BAJO LA INFLUENCIA DE ALCOHOL, SUSTANCIAS ESTUPEFACIENTES O PSICOTROPICAS Y/O MEDICAMENTOS.",CHOQUE POSTERIOR,CAMIONETA,1,0,0,0,1,0,0,0,0,0,0,0,0,2,48,HOMBRE,ILESO,CONDUCTOR PRESENTE,NO,SI,1
34729,149031,149032,2023,0,0,-0.195161,-78.480002,PICHINCHA,QUITO,QUITO,URBANA,2023-06-28,22:45:00,22,MIERCOLES,3,JUNIO,6,NO,"CONDUCE BAJO LA INFLUENCIA DE ALCOHOL, SUSTANCIAS ESTUPEFACIENTES O PSICOTROPICAS Y/O MEDICAMENTOS.",ESTRELLAMIENTOS,AUTOMOVIL,3,0,0,0,0,0,0,0,0,0,0,0,0,3,27,MUJER,ILESO,CONDUCTOR PRESENTE,NO,SI,1
34730,149041,149042,2023,2,0,-0.282722,-78.517357,PICHINCHA,QUITO,QUITO,URBANA,2023-06-29,07:54:00,7,JUEVES,4,JUNIO,6,NO,NO GUARDAR LA DISTANCIA LATERAL MINIMA DE SEGURIDAD ENTRE VEHICULOS.,CHOQUE LATERAL,MOTOCICLETA,0,0,0,0,0,0,0,0,2,0,0,0,0,2,35,HOMBRE,LESIONADO,CONDUCTOR PRESENTE,NO,SI,1
34731,149045,149046,2023,1,0,-0.276434,-78.552459,PICHINCHA,QUITO,QUITO,URBANA,2023-06-29,08:40:00,8,JUEVES,4,JUNIO,6,NO,NO CEDER EL DERECHO DE VIA O PREFERENCIA DE PASO AL PEATON.,ATROPELLOS,MOTOCICLETA,0,0,0,0,0,0,0,0,1,1,0,0,0,2,35,HOMBRE,LESIONADO,PEATON,NO,SI,1
34732,149048,149049,2023,1,0,-0.127071,-78.498511,PICHINCHA,QUITO,QUITO,URBANA,2023-06-29,09:40:00,9,JUEVES,4,JUNIO,6,NO,NO CEDER EL DERECHO DE VIA O PREFERENCIA DE PASO AL PEATON.,ATROPELLOS,AUTOMOVIL,1,0,0,0,0,0,0,0,0,0,0,0,0,1,76,HOMBRE,LESIONADO,PEATON,NO,SI,1
34733,149061,149062,2023,0,2,-0.322021,-78.561498,PICHINCHA,QUITO,QUITO,URBANA,2023-06-29,15:15:00,15,JUEVES,4,JUNIO,6,NO,CONDUCIR VEHICULO SUPERANDO LOS LIMITES MAXIMOS DE VELOCIDAD.,OTROS,AUTOMOVIL,1,0,0,0,0,0,0,0,0,0,0,0,0,1,30,HOMBRE,FALLECIDO,PASAJERO,NO,SI,1
34734,149078,149079,2023,1,0,-0.209515,-78.365781,PICHINCHA,QUITO,PUEMBO,RURAL,2023-06-29,23:58:00,23,JUEVES,4,JUNIO,6,NO,CONDUCIR VEHICULO SUPERANDO LOS LIMITES MAXIMOS DE VELOCIDAD.,CHOQUE LATERAL,MOTOCICLETA,1,0,0,0,0,0,0,0,1,0,0,0,0,2,32,HOMBRE,LESIONADO,CONDUCTOR PRESENTE,NO,SI,3
34735,149079,149080,2023,0,1,0.045289,-78.218424,PICHINCHA,PEDRO MONCAYO,TABACUNDO,RURAL,2023-06-30,00:00:00,0,VIERNES,5,JUNIO,6,NO,NO TRANSITAR POR LAS ACERAS O ZONAS DE SEGURIDAD DESTINADAS PARA EL EFECTO.,ATROPELLOS,AUTOMOVIL,1,0,0,0,0,0,0,0,0,0,0,0,0,1,40,HOMBRE,FALLECIDO,PEATON,NO,SI,3
34736,149086,149087,2023,0,0,-0.229034,-78.469026,PICHINCHA,QUITO,QUITO,RURAL,2023-06-30,05:30:00,5,VIERNES,5,JUNIO,6,NO,REALIZAR CAMBIO BRUSCO O INDEBIDO DE CARRIL.,ESTRELLAMIENTOS,CAMION,0,0,0,1,0,0,0,0,0,0,0,0,0,1,21,HOMBRE,ILESO,CONDUCTOR PRESENTE,NO,SI,3