,Unnamed: 0,ID,ANIO,LESIONADOS,FALLECIDOS,LATITUD_Y,LONGITUD_X,PROVINCIA,CANTON,PARROQUIA,ZONA,FECHA,HORA,PERIODO_2,DIA_1,DIA_2,MES_1,MES_2,FERIADO,CAUSA_PROBABLE,TIPO_DE_SINIESTRO,TIPO_DE_VEHICULO_1,AUTOMOVIL,BICICLETA,BUS,CAMION,CAMIONETA,EMERGENCIAS,ESPECIAL,FURGONETA,MOTOCICLETA,NO_IDENTIFICADO,SCOOTER_ELECTRICO,TRICIMOTO,VEHICULO_DEPORTIVO_UTILITARIO,SUMA_DE_VEHICULOS,EDAD_1,SEXO_1,CONDICION_1,PARTICIPANTE_1,CASCO_1,CINTURON_1,KMeans_Cluster
34737,149088,149089,2023,1,0,0.063079,-78.681951,PICHINCHA,QUITO,NANEGALITO,RURAL,2023-06-30,05:40:00,5,VIERNES,5,JUNIO,6,NO,MALAS CONDICIONES DE LA VIA Y/O CONFIGURACION. (ILUMINACION Y DISENIO).,CHOQUE FRONTAL,CAMIONETA,0,0,0,0,1,0,0,0,0,0,0,0,1,2,46,HOMBRE,LESIONADO,CONDUCTOR PRESENTE,NO,SI,3
34738,149089,149090,2023,0,1,0.072263,-78.967165,PICHINCHA,PEDRO VICENTE MALDONADO,PEDRO VICENTE MALDONADO,RURAL,2023-06-30,05:45:00,5,VIERNES,5,JUNIO,6,NO,"CONDICIONES AMBIENTALES Y/O ATMOSFERICAS (NIEBLA, NEBLINA, GRANIZO, LLUVIA).",ESTRELLAMIENTOS,CAMIONETA,0,0,0,0,1,0,0,0,0,0,0,0,0,1,46,HOMBRE,FALLECIDO,CONDUCTOR PRESENTE,NO,SI,3
34739,149096,149097,2023,1,0,-0.241408,-78.485801,PICHINCHA,QUITO,QUITO,URBANA,2023-06-30,08:38:00,8,VIERNES,5,JUNIO,6,NO,NO GUARDAR LA DISTANCIA LATERAL MINIMA DE SEGURIDAD ENTRE VEHICULOS.,ROZAMIENTOS,MOTOCICLETA,0,0,0,0,0,0,0,0,1,1,0,0,0,2,61,HOMBRE,LESIONADO,CONDUCTOR PRESENTE,NO,SI,1
34740,149099,149100,2023,2,0,-0.326552,-78.573594,PICHINCHA,QUITO,QUITO,URBANA,2023-06-30,11:20:00,11,VIERNES,5,JUNIO,6,NO,NO CEDER EL DERECHO DE VIA O PREFERENCIA DE PASO AL PEATON.,ATROPELLOS,MOTOCICLETA,0,0,0,0,0,0,0,0,1,0,0,0,0,1,57,HOMBRE,LESIONADO,PEATON,NO,SI,1
34741,149105,149106,2023,1,0,-0.173182,-78.487993,PICHINCHA,QUITO,QUITO,URBANA,2023-06-30,15:15:00,15,VIERNES,5,JUNIO,6,NO,NO CEDER EL DERECHO DE VIA O PREFERENCIA DE PASO AL PEATON.,ATROPELLOS,AUTOMOVIL,1,0,0,0,0,0,0,0,0,0,0,0,0,1,49,MUJER,LESIONADO,PEATON,NO,SI,1
34742,149107,149108,2023,1,0,-0.137351,-78.476395,PICHINCHA,QUITO,QUITO,URBANA,2023-06-30,16:15:00,16,VIERNES,5,JUNIO,6,NO,CONDUCIR VEHICULO SUPERANDO LOS LIMITES MAXIMOS DE VELOCIDAD.,CHOQUE LATERAL,BICICLETA,1,1,0,0,0,0,0,0,0,0,0,0,0,2,30,HOMBRE,LESIONADO,CONDUCTOR PRESENTE,NO,SI,1
34743,149109,149110,2023,1,0,-0.310482,-78.550366,PICHINCHA,QUITO,QUITO,URBANA,2023-06-30,16:30:00,16,VIERNES,5,JUNIO,6,NO,"NO RESPETAR LAS SENIALES REGLAMENTARIAS DE TRANSITO. (PARE, CEDA EL PASO, LUZ ROJA DEL SEMAFORO, ETC).",CHOQUE LATERAL,MOTOCICLETA,1,0,0,0,0,0,0,0,1,0,0,0,0,2,42,HOMBRE,LESIONADO,CONDUCTOR PRESENTE,NO,SI,1
34744,149126,149127,2023,0,0,-0.250625,-78.534057,PICHINCHA,QUITO,QUITO,URBANA,2023-06-30,20:30:00,20,VIERNES,5,JUNIO,6,NO,"MAL ESTACIONADO - EL CONDUCTOR QUE DETENGA O ESTACIONE VEHICULOS EN SITIOS O ZONAS QUE ENTRANIEN PELIGRO, TALES COMO ZONA DE SEGURIDAD, CURVAS, PUENTES, TUNELES, PENDIENTES.",OTROS,AUTOMOVIL,1,0,0,0,0,0,0,0,0,0,0,0,0,1,-1,NO IDENTIFICADO,NO IDENTIFICADO,CONDUCTOR AUSENTE,NO,SI,2
34745,149129,149130,2023,0,1,-0.092207,-78.499455,PICHINCHA,QUITO,QUITO,URBANA,2023-06-30,20:50:00,20,VIERNES,5,JUNIO,6,NO,"NO RESPETAR LAS SENIALES REGLAMENTARIAS DE TRANSITO. (PARE, CEDA EL PASO, LUZ ROJA DEL SEMAFORO, ETC).",CHOQUE FRONTAL,MOTOCICLETA,0,0,0,0,0,0,0,0,1,1,0,0,0,2,30,HOMBRE,FALLECIDO,CONDUCTOR PRESENTE,NO,SI,1
34746,149132,149133,2023,0,0,-0.216131,-78.495112,PICHINCHA,QUITO,QUITO,URBANA,2023-06-30,21:35:00,21,VIERNES,5,JUNIO,6,NO,"CONDUCE BAJO LA INFLUENCIA DE ALCOHOL, SUSTANCIAS ESTUPEFACIENTES O PSICOTROPICAS Y/O MEDICAMENTOS.",ESTRELLAMIENTOS,AUTOMOVIL,3,0,0,0,0,0,0,0,0,0,0,0,0,3,59,MUJER,ILESO,CONDUCTOR PRESENTE,NO,SI,1
34747,149137,149138,2023,0,0,-0.196861,-78.483469,PICHINCHA,QUITO,QUITO,URBANA,2023-06-30,23:16:00,23,VIERNES,5,JUNIO,6,NO,CONDUCIR VEHICULO SUPERANDO LOS LIMITES MAXIMOS DE VELOCIDAD.,ESTRELLAMIENTOS,AUTOMOVIL,1,0,0,0,0,0,0,0,0,0,0,0,0,1,-1,NO IDENTIFICADO,NO IDENTIFICADO,CONDUCTOR AUSENTE,NO,SI,2
34748,149140,149141,2023,1,2,-0.249153,-78.302598,PICHINCHA,QUITO,PIFO,RURAL,2023-06-30,23:50:00,23,VIERNES,5,JUNIO,6,NO,"CONDUCIR DESATENTO A LAS CONDICIONES DE TRANSITO (CELULAR, PANTALLAS DE VIDEO, COMIDA, MAQUILLAJE O CUALQUIER OTRO ELEMENTO DISTRACTOR).",CHOQUE POSTERIOR,AUTOMOVIL,1,0,0,0,0,0,0,0,0,0,0,0,0,1,60,HOMBRE,FALLECIDO,PASAJERO,NO,SI,3
34749,149150,149151,2023,1,0,-0.317148,-78.563081,PICHINCHA,QUITO,QUITO,URBANA,2023-07-01,00:45:00,0,SABADO,6,JULIO,7,NO,CONDUCIR VEHICULO SUPERANDO LOS LIMITES MAXIMOS DE VELOCIDAD.,PERDIDA DE CARRIL,MOTOCICLETA,0,0,0,0,0,0,0,0,1,0,0,0,0,1,31,HOMBRE,LESIONADO,PASAJERO,NO,NO,1
34750,149152,149153,2023,0,0,-0.119439,-78.506734,PICHINCHA,QUITO,QUITO,URBANA,2023-07-01,01:00:00,1,SABADO,6,JULIO,7,NO,CONDUCIR VEHICULO SUPERANDO LOS LIMITES MAXIMOS DE VELOCIDAD.,ESTRELLAMIENTOS,AUTOMOVIL,1,0,0,0,0,0,0,0,0,0,0,0,0,1,-1,NO IDENTIFICADO,NO IDENTIFICADO,CONDUCTOR AUSENTE,NO,NO,2
34751,149155,149156,2023,0,0,-0.237477,-78.483802,PICHINCHA,QUITO,QUITO,URBANA,2023-07-01,01:50:00,1,SABADO,6,JULIO,7,NO,CONDUCIR VEHICULO SUPERANDO LOS LIMITES MAXIMOS DE VELOCIDAD.,ESTRELLAMIENTOS,AUTOMOVIL,1,0,0,0,0,0,0,0,0,0,0,0,0,1,-1,NO IDENTIFICADO,NO IDENTIFICADO,CONDUCTOR AUSENTE,NO,NO,2
34752,149158,149159,2023,0,1,-0.436341,-78.776876,PICHINCHA,MEJIA,MANUEL CORNEJO ASTORGA,RURAL,2023-07-01,02:35:00,2,SABADO,6,JULIO,7,NO,"CONDUCIR DESATENTO A LAS CONDICIONES DE TRANSITO (CELULAR, PANTALLAS DE VIDEO, COMIDA, MAQUILLAJE O CUALQUIER OTRO ELEMENTO DISTRACTOR).",ATROPELLOS,NO IDENTIFICADO,0,0,0,0,0,0,0,0,0,1,0,0,0,1,-1,HOMBRE,FALLECIDO,PEATON,NO,NO,3
34753,149159,149160,2023,0,0,-0.295429,-78.529458,PICHINCHA,QUITO,QUITO,URBANA,2023-07-01,02:35:00,2,SABADO,6,JULIO,7,NO,CONDUCIR VEHICULO SUPERANDO LOS LIMITES MAXIMOS DE VELOCIDAD.,PERDIDA DE CARRIL,AUTOMOVIL,1,0,0,0,0,0,0,0,0,0,0,0,0,1,-1,NO IDENTIFICADO,NO IDENTIFICADO,CONDUCTOR AUSENTE,NO,NO,2
34754,149162,149163,2023,1,3,-0.119782,-78.286507,PICHINCHA,QUITO,EL QUINCHE,RURAL,2023-07-01,03:00:00,3,SABADO,6,JULIO,7,NO,"CONDUCIR DESATENTO A LAS CONDICIONES DE TRANSITO (CELULAR, PANTALLAS DE VIDEO, COMIDA, MAQUILLAJE O CUALQUIER OTRO ELEMENTO DISTRACTOR).",CHOQUE FRONTAL,AUTOMOVIL,1,0,0,0,0,0,0,0,0,1,0,0,0,2,26,HOMBRE,FALLECIDO,CONDUCTOR PRESENTE,NO,SI,3
34755,149166,149167,2023,1,0,-0.289579,-78.538389,PICHINCHA,QUITO,QUITO,URBANA,2023-07-01,03:15:00,3,SABADO,6,JULIO,7,NO,CONDUCIR VEHICULO SUPERANDO LOS LIMITES MAXIMOS DE VELOCIDAD.,CHOQUE FRONTAL,MOTOCICLETA,1,0,0,0,0,0,0,0,1,0,0,0,0,2,26,HOMBRE,LESIONADO,CONDUCTOR PRESENTE,NO,NO,1
34756,149169,149170,2023,2,0,-0.102011,-78.491646,PICHINCHA,QUITO,QUITO,URBANA,2023-07-01,05:10:00,5,SABADO,6,JULIO,7,NO,NO GUARDAR LA DISTANCIA LATERAL MINIMA DE SEGURIDAD ENTRE VEHICULOS.,OTROS,MOTOCICLETA,1,0,0,0,0,0,0,0,1,0,0,0,0,2,45,HOMBRE,LESIONADO,CONDUCTOR PRESENTE,NO,NO,1
34757,149171,149172,2023,1,0,-0.218821,-78.506359,PICHINCHA,QUITO,QUITO,URBANA,2023-07-01,05:20:00,5,SABADO,6,JULIO,7,NO,CONDUCIR VEHICULO SUPERANDO LOS LIMITES MAXIMOS DE VELOCIDAD.,PERDIDA DE CARRIL,MOTOCICLETA,0,0,0,0,0,0,0,0,1,0,0,0,0,1,30,HOMBRE,LESIONADO,PASAJERO,NO,NO,1
34758,149172,149173,2023,0,1,-0.231851,-78.489958,PICHINCHA,QUITO,QUITO,URBANA,2023-07-01,05:50:00,5,SABADO,6,JULIO,7,NO,CONDUCIR VEHICULO SUPERANDO LOS LIMITES MAXIMOS DE VELOCIDAD.,PERDIDA DE CARRIL,MOTOCICLETA,0,0,0,0,0,0,0,0,1,0,0,0,0,1,26,HOMBRE,FALLECIDO,CONDUCTOR PRESENTE,NO,NO,1
34759,149173,149174,2023,0,0,-0.158794,-78.490363,PICHINCHA,QUITO,QUITO,URBANA,2023-07-01,06:00:00,6,SABADO,6,JULIO,7,NO,CONDUCIR VEHICULO SUPERANDO LOS LIMITES MAXIMOS DE VELOCIDAD.,ESTRELLAMIENTOS,AUTOMOVIL,1,0,0,0,0,0,0,0,0,0,0,0,0,1,28,HOMBRE,ILESO,CONDUCTOR PRESENTE,NO,NO,1
34760,149180,149181,2023,2,0,-0.286101,-78.500215,PICHINCHA,QUITO,CONOCOTO,RURAL,2023-07-01,10:00:00,10,SABADO,6,JULIO,7,NO,"CASO FORTUITO O FUERZA MAYOR (EXPLOSION DE NEUMATICO NUEVO, DERRUMBE, INUNDACION, CAIDA DE PUENTE, ARBOL, PRESENCIA INTEMPESTIVA E IMPREVISTA DE SEMOVIENTES EN LA VIA, ETC.).",ESTRELLAMIENTOS,AUTOMOVIL,1,0,0,0,0,0,0,0,0,0,0,0,0,1,55,HOMBRE,LESIONADO,CONDUCTOR PRESENTE,NO,NO,3
34761,149182,149183,2023,0,1,-0.099378,-78.433117,PICHINCHA,QUITO,CALDERON (CARAPUNGO),RURAL,2023-07-01,11:17:00,11,SABADO,6,JULIO,7,NO,REALIZAR CAMBIO BRUSCO O INDEBIDO DE CARRIL.,ARROLLAMIENTOS,CAMIONETA,1,0,0,0,1,0,0,0,0,0,0,0,0,2,55,HOMBRE,FALLECIDO,PEATON,NO,NO,3
34762,149184,149185,2023,0,0,-0.296211,-78.534837,PICHINCHA,QUITO,QUITO,URBANA,2023-07-01,11:50:00,11,SABADO,6,JULIO,7,NO,REALIZAR CAMBIO BRUSCO O INDEBIDO DE CARRIL.,CHOQUE LATERAL,BUS,0,0,1,1,0,0,0,0,0,0,0,0,0,2,28,HOMBRE,ILESO,CONDUCTOR PRESENTE,NO,NO,1
34763,149187,149188,2023,1,0,-0.332768,-78.544754,PICHINCHA,QUITO,QUITO,URBANA,2023-07-01,13:35:00,13,SABADO,6,JULIO,7,NO,NO CEDER EL DERECHO DE VIA O PREFERENCIA DE PASO AL PEATON.,ATROPELLOS,NO IDENTIFICADO,0,0,0,0,0,0,0,0,0,1,0,0,0,1,27,MUJER,LESIONADO,PEATON,NO,NO,1
34764,149189,149190,2023,1,0,-0.287251,-78.439536,PICHINCHA,QUITO,ALANGASI,RURAL,2023-07-01,14:15:00,14,SABADO,6,JULIO,7,NO,NO CEDER EL DERECHO DE VIA O PREFERENCIA DE PASO AL PEATON.,ATROPELLOS,NO IDENTIFICADO,0,0,0,0,0,0,0,0,0,1,0,0,0,1,35,MUJER,LESIONADO,PEATON,NO,NO,3
34765,149190,149191,2023,0,1,-0.258121,-78.544171,PICHINCHA,QUITO,QUITO,URBANA,2023-07-01,14:30:00,14,SABADO,6,JULIO,7,NO,NO TRANSITAR POR LAS ACERAS O ZONAS DE SEGURIDAD DESTINADAS PARA EL EFECTO.,ATROPELLOS,BUS,0,0,1,0,0,0,0,0,0,0,0,0,0,1,9,MUJER,FALLECIDO,PEATON,NO,NO,1
34766,149194,149195,2023,1,0,-0.139479,-78.466481,PICHINCHA,QUITO,QUITO,URBANA,2023-07-01,15:40:00,15,SABADO,6,JULIO,7,NO,CONDUCIR VEHICULO SUPERANDO LOS LIMITES MAXIMOS DE VELOCIDAD.,ESTRELLAMIENTOS,CAMIONETA,0,0,0,0,1,0,0,0,0,0,0,0,0,1,35,HOMBRE,LESIONADO,CONDUCTOR PRESENTE,NO,NO,1
34767,149214,149215,2023,0,0,-0.332941,-78.444226,PICHINCHA,RUMINIAHUI,SANGOLQUI,RURAL,2023-07-01,21:00:00,21,SABADO,6,JULIO,7,NO,"CONDUCE BAJO LA INFLUENCIA DE ALCOHOL, SUSTANCIAS ESTUPEFACIENTES O PSICOTROPICAS Y/O MEDICAMENTOS.",CHOQUE POSTERIOR,CAMION,0,0,0,1,0,0,0,0,0,0,0,0,1,2,35,HOMBRE,ILESO,CONDUCTOR PRESENTE,NO,SI,3
34768,149233,149234,2023,0,0,-0.225118,-78.514336,PICHINCHA,QUITO,QUITO,URBANA,2023-07-02,01:30:00,1,DOMINGO,7,JULIO,7,NO,CONDUCIR VEHICULO SUPERANDO LOS LIMITES MAXIMOS DE VELOCIDAD.,ESTRELLAMIENTOS,MOTOCICLETA,0,0,0,0,0,0,0,0,1,0,0,0,0,1,-1,NO IDENTIFICADO,NO IDENTIFICADO,CONDUCTOR AUSENTE,NO,NO,2
34769,149234,149235,2023,0,0,-0.137405,-78.466896,PICHINCHA,QUITO,QUITO,URBANA,2023-07-02,01:30:00,1,DOMINGO,7,JULIO,7,NO,CONDUCIR VEHICULO SUPERANDO LOS LIMITES MAXIMOS DE VELOCIDAD.,ESTRELLAMIENTOS,AUTOMOVIL,1,0,0,0,0,0,0,0,0,0,0,0,0,1,23,HOMBRE,ILESO,PASAJERO,NO,NO,1
34770,149238,149239,2023,0,1,0.084127,-78.410778,PICHINCHA,QUITO,PUELLARO,RURAL,2023-07-02,02:00:00,2,DOMINGO,7,JULIO,7,NO,NO CEDER EL DERECHO DE VIA O PREFERENCIA DE PASO AL PEATON.,ARROLLAMIENTOS,NO IDENTIFICADO,0,0,0,0,0,0,0,0,0,1,0,0,0,1,34,HOMBRE,FALLECIDO,PEATON,NO,NO,3
34771,149250,149251,2023,0,1,-0.212089,-78.453765,PICHINCHA,QUITO,CUMBAYA,RURAL,2023-07-02,04:24:00,4,DOMINGO,7,JULIO,7,NO,PEATON QUE CRUZA LA CALZADA SIN RESPETAR LA SENIALIZACION EXISTENTE (SEMAFOROS O SENIALES MANUALES).,ARROLLAMIENTOS,AUTOMOVIL,1,0,0,0,0,0,0,0,0,0,0,0,0,1,25,HOMBRE,FALLECIDO,PEATON,NO,NO,3
34772,149267,149268,2023,1,1,-0.271546,-78.256643,PICHINCHA,QUITO,PIFO,RURAL,2023-07-02,08:30:00,8,DOMINGO,7,JULIO,7,NO,"CONDUCIR DESATENTO A LAS CONDICIONES DE TRANSITO (CELULAR, PANTALLAS DE VIDEO, COMIDA, MAQUILLAJE O CUALQUIER OTRO ELEMENTO DISTRACTOR).",PERDIDA DE CARRIL,NO IDENTIFICADO,0,0,0,0,0,0,0,0,0,1,0,0,0,1,31,HOMBRE,FALLECIDO,CONDUCTOR PRESENTE,NO,SI,3
34773,149278,149279,2023,1,0,-0.236487,-78.521568,PICHINCHA,QUITO,QUITO,URBANA,2023-07-02,13:09:00,13,DOMINGO,7,JULIO,7,NO,REALIZAR CAMBIO BRUSCO O INDEBIDO DE CARRIL.,CHOQUE LATERAL,AUTOMOVIL,2,0,0,0,0,0,0,0,0,0,0,0,0,2,33,MUJER,LESIONADO,CONDUCTOR PRESENTE,NO,NO,1
34774,149284,149285,2023,0,1,-0.169657,-78.449839,PICHINCHA,QUITO,QUITO,URBANA,2023-07-02,15:50:00,15,DOMINGO,7,JULIO,7,NO,CONDUCIR VEHICULO SUPERANDO LOS LIMITES MAXIMOS DE VELOCIDAD.,ESTRELLAMIENTOS,MOTOCICLETA,0,0,0,0,0,0,0,0,1,0,0,0,0,1,27,HOMBRE,FALLECIDO,CONDUCTOR PRESENTE,NO,NO,1
34775,149294,149295,2023,0,0,-0.302577,-78.558198,PICHINCHA,QUITO,QUITO,URBANA,2023-07-02,18:45:00,18,DOMINGO,7,JULIO,7,NO,NO MANTENER LA DISTANCIA PRUDENCIAL CON RESPECTO AL VEHICULO QUE LE ANTECEDE.,CHOQUE POSTERIOR,AUTOMOVIL,2,0,0,0,0,0,0,0,0,0,0,0,0,2,30,HOMBRE,ILESO,CONDUCTOR PRESENTE,NO,NO,1
34776,149295,149296,2023,0,0,-0.001302,-78.512178,PICHINCHA,QUITO,CALACALI,RURAL,2023-07-02,19:00:00,19,DOMINGO,7,JULIO,7,NO,"CONDUCE BAJO LA INFLUENCIA DE ALCOHOL, SUSTANCIAS ESTUPEFACIENTES O PSICOTROPICAS Y/O MEDICAMENTOS.",CHOQUE LATERAL,AUTOMOVIL,2,0,0,0,0,0,0,0,0,0,0,0,0,2,27,HOMBRE,ILESO,CONDUCTOR PRESENTE,NO,NO,3
34777,149311,149312,2023,1,0,-0.268065,-78.539435,PICHINCHA,QUITO,QUITO,URBANA,2023-07-02,23:50:00,23,DOMINGO,7,JULIO,7,NO,"CONDUCE BAJO LA INFLUENCIA DE ALCOHOL, SUSTANCIAS ESTUPEFACIENTES O PSICOTROPICAS Y/O MEDICAMENTOS.",CHOQUE LATERAL,AUTOMOVIL,2,0,0,0,0,0,0,0,0,0,0,0,0,2,25,MUJER,LESIONADO,PASAJERO,NO,NO,1
34778,149312,149313,2023,0,1,-0.211587,-78.452173,PICHINCHA,QUITO,CUMBAYA,RURAL,2023-07-03,01:30:00,1,LUNES,1,JULIO,7,NO,CONDUCIR VEHICULO SUPERANDO LOS LIMITES MAXIMOS DE VELOCIDAD.,PERDIDA DE CARRIL,MOTOCICLETA,0,0,0,0,0,0,0,0,1,0,0,0,0,1,38,HOMBRE,FALLECIDO,CONDUCTOR PRESENTE,NO,NO,3
34779,149338,149339,2023,1,0,-0.126576,-78.447879,PICHINCHA,QUITO,LLANO CHICO,URBANA,2023-07-03,17:45:00,17,LUNES,1,JULIO,7,NO,"NO RESPETAR LAS SENIALES REGLAMENTARIAS DE TRANSITO. (PARE, CEDA EL PASO, LUZ ROJA DEL SEMAFORO, ETC).",CHOQUE LATERAL,MOTOCICLETA,0,0,0,0,0,0,0,1,1,0,0,0,0,2,33,HOMBRE,LESIONADO,CONDUCTOR PRESENTE,NO,NO,1
34780,149339,149340,2023,0,0,-0.446823,-78.688149,PICHINCHA,MEJIA,ALOAG,RURAL,2023-07-03,17:55:00,17,LUNES,1,JULIO,7,NO,"CONDUCIR DESATENTO A LAS CONDICIONES DE TRANSITO (CELULAR, PANTALLAS DE VIDEO, COMIDA, MAQUILLAJE O CUALQUIER OTRO ELEMENTO DISTRACTOR).",PERDIDA DE CARRIL,CAMIONETA,0,0,0,0,1,0,0,0,0,0,0,0,0,1,-1,HOMBRE,ILESO,CONDUCTOR PRESENTE,NO,NO,3
34781,149340,149341,2023,0,0,-0.207271,-78.497829,PICHINCHA,QUITO,QUITO,URBANA,2023-07-03,18:38:00,18,LUNES,1,JULIO,7,NO,NO MANTENER LA DISTANCIA PRUDENCIAL CON RESPECTO AL VEHICULO QUE LE ANTECEDE.,CHOQUE POSTERIOR,BUS,1,0,1,0,0,0,0,0,0,0,0,0,0,2,40,HOMBRE,ILESO,CONDUCTOR PRESENTE,NO,NO,1
34782,149344,149345,2023,1,0,-0.238464,-78.331749,PICHINCHA,QUITO,PIFO,RURAL,2023-07-03,19:20:00,19,LUNES,1,JULIO,7,NO,"CONDUCE BAJO LA INFLUENCIA DE ALCOHOL, SUSTANCIAS ESTUPEFACIENTES O PSICOTROPICAS Y/O MEDICAMENTOS.",ATROPELLOS,CAMION,0,0,0,2,0,0,0,0,0,0,0,0,0,2,32,MUJER,LESIONADO,CONDUCTOR PRESENTE,NO,SI,3
34783,149346,149347,2023,1,0,-0.214417,-78.334492,PICHINCHA,QUITO,PIFO,RURAL,2023-07-03,20:30:00,20,LUNES,1,JULIO,7,NO,CONDUCIR VEHICULO SUPERANDO LOS LIMITES MAXIMOS DE VELOCIDAD.,PERDIDA DE CARRIL,NO IDENTIFICADO,0,0,0,0,0,0,0,0,0,1,0,0,0,1,41,HOMBRE,LESIONADO,CONDUCTOR PRESENTE,NO,SI,3
34784,149347,149348,2023,0,0,-0.293571,-78.539941,PICHINCHA,QUITO,QUITO,URBANA,2023-07-03,20:53:00,20,LUNES,1,JULIO,7,NO,"CONDUCE BAJO LA INFLUENCIA DE ALCOHOL, SUSTANCIAS ESTUPEFACIENTES O PSICOTROPICAS Y/O MEDICAMENTOS.",CHOQUE LATERAL,AUTOMOVIL,2,0,0,0,0,0,0,0,0,0,0,0,0,2,34,HOMBRE,ILESO,CONDUCTOR PRESENTE,NO,NO,1
34785,149350,149351,2023,3,0,-0.467026,-78.587291,PICHINCHA,MEJIA,ALOAG,RURAL,2023-07-03,22:29:00,22,LUNES,1,JULIO,7,NO,"NO RESPETAR LAS SENIALES REGLAMENTARIAS DE TRANSITO. (PARE, CEDA EL PASO, LUZ ROJA DEL SEMAFORO, ETC).",CHOQUE LATERAL,BUS,1,0,1,0,0,0,0,0,0,0,0,0,0,2,-1,HOMBRE,LESIONADO,CONDUCTOR PRESENTE,NO,NO,3
34786,149354,149355,2023,0,0,-0.280315,-78.548571,PICHINCHA,QUITO,QUITO,URBANA,2023-07-04,00:00:00,0,MARTES,2,JULIO,7,NO,"PRESENCIA DE AGENTES EXTERNOS EN LA VIA (AGUA, ACEITE, PIEDRA, LASTRE, ESCOMBROS, MADEROS, ETC.).",ESTRELLAMIENTOS,AUTOMOVIL,1,0,0,0,0,0,0,0,0,0,0,0,0,1,-1,NO IDENTIFICADO,NO IDENTIFICADO,CONDUCTOR AUSENTE,NO,NO,2
34787,149359,149360,2023,0,0,-0.217851,-78.513091,PICHINCHA,QUITO,QUITO,URBANA,2023-07-04,06:25:00,6,MARTES,2,JULIO,7,NO,NO GUARDAR LA DISTANCIA LATERAL MINIMA DE SEGURIDAD ENTRE VEHICULOS.,ROZAMIENTOS,BUS,1,0,1,0,0,0,0,0,0,0,0,0,0,2,34,HOMBRE,ILESO,CONDUCTOR PRESENTE,NO,NO,1
34788,149360,149361,2023,0,0,-0.279337,-78.534841,PICHINCHA,QUITO,QUITO,URBANA,2023-07-04,06:25:00,6,MARTES,2,JULIO,7,NO,CONDUCIR VEHICULO SUPERANDO LOS LIMITES MAXIMOS DE VELOCIDAD.,ESTRELLAMIENTOS,AUTOMOVIL,1,0,0,0,0,0,0,0,0,0,0,0,0,1,49,HOMBRE,ILESO,CONDUCTOR PRESENTE,NO,NO,1
34789,149374,149375,2023,1,0,-0.168316,-78.476053,PICHINCHA,QUITO,QUITO,URBANA,2023-07-04,11:55:00,11,MARTES,2,JULIO,7,NO,PEATON QUE CRUZA LA CALZADA SIN RESPETAR LA SENIALIZACION EXISTENTE (SEMAFOROS O SENIALES MANUALES).,ARROLLAMIENTOS,AUTOMOVIL,1,0,0,0,0,0,0,0,0,0,0,0,0,1,17,MUJER,LESIONADO,PEATON,NO,NO,1
34790,149376,149377,2023,1,0,-0.230906,-78.489758,PICHINCHA,QUITO,QUITO,URBANA,2023-07-04,12:23:00,12,MARTES,2,JULIO,7,NO,PEATON QUE CRUZA LA CALZADA SIN RESPETAR LA SENIALIZACION EXISTENTE (SEMAFOROS O SENIALES MANUALES).,ATROPELLOS,CAMION,0,0,0,1,0,0,0,0,0,0,0,0,0,1,3,HOMBRE,LESIONADO,PEATON,NO,NO,1
34791,149392,149393,2023,0,1,-0.245833,-78.536633,PICHINCHA,QUITO,QUITO,URBANA,2023-07-04,18:40:00,18,MARTES,2,JULIO,7,NO,CONDUCIR EN SENTIDO CONTRARIO A LA VIA NORMAL DE CIRCULACION.,CHOQUE LATERAL,BUS,0,0,1,0,0,0,0,0,0,0,1,0,0,2,55,HOMBRE,FALLECIDO,CONDUCTOR PRESENTE,NO,NO,1
34792,149401,149402,2023,0,1,-0.159697,-78.487887,PICHINCHA,QUITO,QUITO,URBANA,2023-07-04,21:00:00,21,MARTES,2,JULIO,7,NO,REALIZAR CAMBIO BRUSCO O INDEBIDO DE CARRIL.,CHOQUE LATERAL,MOTOCICLETA,0,0,0,0,0,1,0,0,1,0,0,0,0,2,27,HOMBRE,FALLECIDO,CONDUCTOR PRESENTE,NO,NO,1
34793,149402,149403,2023,1,0,-0.339567,-78.549299,PICHINCHA,QUITO,QUITO,URBANA,2023-07-04,21:30:00,21,MARTES,2,JULIO,7,NO,"CONDUCE BAJO LA INFLUENCIA DE ALCOHOL, SUSTANCIAS ESTUPEFACIENTES O PSICOTROPICAS Y/O MEDICAMENTOS.",COLISION,AUTOMOVIL,2,0,0,0,0,0,0,0,0,1,0,0,0,3,36,HOMBRE,LESIONADO,CONDUCTOR PRESENTE,NO,NO,1
34794,149403,149404,2023,1,0,-0.268518,-78.551551,PICHINCHA,QUITO,QUITO,URBANA,2023-07-04,21:35:00,21,MARTES,2,JULIO,7,NO,NO CEDER EL DERECHO DE VIA O PREFERENCIA DE PASO AL PEATON.,ATROPELLOS,NO IDENTIFICADO,0,0,0,0,0,0,0,0,0,1,0,0,0,1,45,HOMBRE,LESIONADO,PEATON,NO,NO,1