,Unnamed: 0,ID,ANIO,LESIONADOS,FALLECIDOS,LATITUD_Y,LONGITUD_X,PROVINCIA,CANTON,PARROQUIA,ZONA,FECHA,HORA,PERIODO_2,DIA_1,DIA_2,MES_1,MES_2,FERIADO,CAUSA_PROBABLE,TIPO_DE_SINIESTRO,TIPO_DE_VEHICULO_1,AUTOMOVIL,BICICLETA,BUS,CAMION,CAMIONETA,EMERGENCIAS,ESPECIAL,FURGONETA,MOTOCICLETA,NO_IDENTIFICADO,SCOOTER_ELECTRICO,TRICIMOTO,VEHICULO_DEPORTIVO_UTILITARIO,SUMA_DE_VEHICULOS,EDAD_1,SEXO_1,CONDICION_1,PARTICIPANTE_1,CASCO_1,CINTURON_1,KMeans_Cluster
34795,149404,149405,2023,0,0,-0.304568,-78.534595,PICHINCHA,QUITO,QUITO,URBANA,2023-07-04,22:45:00,22,MARTES,2,JULIO,7,NO,CONDUCIR VEHICULO SUPERANDO LOS LIMITES MAXIMOS DE VELOCIDAD.,ESTRELLAMIENTOS,CAMION,0,0,0,1,0,0,0,0,0,0,0,0,0,1,4,HOMBRE,ILESO,PASAJERO,NO,NO,1
34796,149406,149407,2023,6,0,-0.447501,-78.745833,PICHINCHA,MEJIA,MANUEL CORNEJO ASTORGA,RURAL,2023-07-05,00:35:00,0,MIERCOLES,3,JULIO,7,NO,"NO RESPETAR LAS SENIALES REGLAMENTARIAS DE TRANSITO. (PARE, CEDA EL PASO, LUZ ROJA DEL SEMAFORO, ETC).",CHOQUE LATERAL,BUS,0,0,1,1,0,0,0,0,0,0,0,0,0,2,28,HOMBRE,LESIONADO,PASAJERO,NO,NO,3
34797,149411,149412,2023,1,0,-0.243938,-78.519501,PICHINCHA,QUITO,QUITO,URBANA,2023-07-05,07:00:00,7,MIERCOLES,3,JULIO,7,NO,PEATON QUE CRUZA LA CALZADA SIN RESPETAR LA SENIALIZACION EXISTENTE (SEMAFOROS O SENIALES MANUALES).,ATROPELLOS,AUTOMOVIL,1,0,0,0,0,0,0,0,0,0,0,0,0,1,26,MUJER,LESIONADO,PEATON,NO,NO,1
34798,149416,149417,2023,0,0,-0.125139,-78.486277,PICHINCHA,QUITO,QUITO,URBANA,2023-07-05,07:45:00,7,MIERCOLES,3,JULIO,7,NO,"NO RESPETAR LAS SENIALES REGLAMENTARIAS DE TRANSITO. (PARE, CEDA EL PASO, LUZ ROJA DEL SEMAFORO, ETC).",CHOQUE LATERAL,TRICIMOTO,1,0,0,0,0,0,0,0,0,0,0,1,0,2,28,HOMBRE,ILESO,CONDUCTOR PRESENTE,NO,NO,1
34799,149417,149418,2023,1,0,-0.231339,-78.470309,PICHINCHA,QUITO,QUITO,RURAL,2023-07-05,08:02:00,8,MIERCOLES,3,JULIO,7,NO,NO MANTENER LA DISTANCIA PRUDENCIAL CON RESPECTO AL VEHICULO QUE LE ANTECEDE.,COLISION,CAMION,2,0,0,1,2,0,0,0,0,0,0,0,0,5,32,MUJER,LESIONADO,PASAJERO,NO,NO,3
34800,149420,149421,2023,1,0,-0.271479,-78.537086,PICHINCHA,QUITO,QUITO,URBANA,2023-07-05,08:10:00,8,MIERCOLES,3,JULIO,7,NO,PEATON QUE CRUZA LA CALZADA SIN RESPETAR LA SENIALIZACION EXISTENTE (SEMAFOROS O SENIALES MANUALES).,ATROPELLOS,CAMIONETA,0,0,0,0,1,0,0,0,0,0,0,0,0,1,72,MUJER,LESIONADO,PEATON,NO,NO,1
34801,149431,149432,2023,1,0,-0.138652,-78.357822,PICHINCHA,QUITO,TABABELA,RURAL,2023-07-05,12:45:00,12,MIERCOLES,3,JULIO,7,NO,REALIZAR CAMBIO BRUSCO O INDEBIDO DE CARRIL.,CHOQUE LATERAL,MOTOCICLETA,1,0,0,0,0,0,0,0,1,0,0,0,0,2,32,HOMBRE,LESIONADO,CONDUCTOR PRESENTE,NO,NO,3
34802,149434,149435,2023,0,0,-0.169978,-78.484496,PICHINCHA,QUITO,QUITO,URBANA,2023-07-05,13:15:00,13,MIERCOLES,3,JULIO,7,NO,NO GUARDAR LA DISTANCIA LATERAL MINIMA DE SEGURIDAD ENTRE VEHICULOS.,CHOQUE LATERAL,CAMIONETA,1,0,0,0,1,0,0,0,0,0,0,0,0,2,48,HOMBRE,ILESO,CONDUCTOR PRESENTE,NO,NO,1
34803,149448,149449,2023,0,0,-0.232534,-78.504321,PICHINCHA,QUITO,QUITO,URBANA,2023-07-05,18:20:00,18,MIERCOLES,3,JULIO,7,NO,"CONDUCE BAJO LA INFLUENCIA DE ALCOHOL, SUSTANCIAS ESTUPEFACIENTES O PSICOTROPICAS Y/O MEDICAMENTOS.",CHOQUE POSTERIOR,FURGONETA,1,0,0,0,0,0,0,1,0,0,0,0,0,2,39,HOMBRE,ILESO,CONDUCTOR PRESENTE,NO,NO,1
34804,149460,149461,2023,0,0,-0.307722,-78.559274,PICHINCHA,QUITO,QUITO,URBANA,2023-07-05,23:00:00,23,MIERCOLES,3,JULIO,7,NO,"CASO FORTUITO O FUERZA MAYOR (EXPLOSION DE NEUMATICO NUEVO, DERRUMBE, INUNDACION, CAIDA DE PUENTE, ARBOL, PRESENCIA INTEMPESTIVA E IMPREVISTA DE SEMOVIENTES EN LA VIA, ETC.).",ESTRELLAMIENTOS,CAMIONETA,0,0,0,0,1,0,0,0,0,0,0,0,0,1,-1,NO IDENTIFICADO,NO IDENTIFICADO,CONDUCTOR AUSENTE,NO,NO,2
34805,149469,149470,2023,0,0,-0.190154,-78.448954,PICHINCHA,QUITO,NAYON,RURAL,2023-07-06,08:13:00,8,JUEVES,4,JULIO,7,NO,CONDUCIR VEHICULO SUPERANDO LOS LIMITES MAXIMOS DE VELOCIDAD.,ESTRELLAMIENTOS,BUS,0,0,1,0,0,0,0,0,0,0,0,0,0,1,54,HOMBRE,ILESO,PASAJERO,NO,NO,3
34806,149471,149472,2023,0,0,-0.175359,-78.487501,PICHINCHA,QUITO,QUITO,URBANA,2023-07-06,10:08:00,10,JUEVES,4,JULIO,7,NO,CONDUCIR VEHICULO SUPERANDO LOS LIMITES MAXIMOS DE VELOCIDAD.,CHOQUE LATERAL,CAMIONETA,1,0,0,0,1,0,0,0,0,0,0,0,0,2,51,HOMBRE,ILESO,CONDUCTOR PRESENTE,NO,NO,1
34807,149472,149473,2023,1,0,-0.470696,-78.551487,PICHINCHA,MEJIA,MACHACHI,RURAL,2023-07-06,11:35:00,11,JUEVES,4,JULIO,7,NO,REALIZAR CAMBIO BRUSCO O INDEBIDO DE CARRIL.,ATROPELLOS,NO IDENTIFICADO,0,0,0,0,0,0,0,0,0,1,0,0,0,1,42,MUJER,LESIONADO,PEATON,NO,SI,3
34808,149490,149491,2023,0,0,-0.205969,-78.498342,PICHINCHA,QUITO,QUITO,URBANA,2023-07-06,20:20:00,20,JUEVES,4,JULIO,7,NO,CONDUCIR VEHICULO SUPERANDO LOS LIMITES MAXIMOS DE VELOCIDAD.,ESTRELLAMIENTOS,AUTOMOVIL,1,0,0,0,0,0,0,0,0,0,0,0,0,1,24,HOMBRE,ILESO,CONDUCTOR PRESENTE,NO,NO,1
34809,149502,149503,2023,1,0,-0.219849,-78.510212,PICHINCHA,QUITO,QUITO,URBANA,2023-07-07,01:00:00,1,VIERNES,5,JULIO,7,NO,"NO RESPETAR LAS SENIALES REGLAMENTARIAS DE TRANSITO. (PARE, CEDA EL PASO, LUZ ROJA DEL SEMAFORO, ETC).",CHOQUE LATERAL,MOTOCICLETA,0,0,0,0,0,0,0,0,1,1,0,0,0,2,24,HOMBRE,LESIONADO,PASAJERO,NO,NO,1
34810,149506,149507,2023,1,0,-0.094988,-78.470206,PICHINCHA,QUITO,QUITO,URBANA,2023-07-07,01:15:00,1,VIERNES,5,JULIO,7,NO,"CONDICIONES AMBIENTALES Y/O ATMOSFERICAS (NIEBLA, NEBLINA, GRANIZO, LLUVIA).",ESTRELLAMIENTOS,AUTOMOVIL,1,0,0,0,0,0,0,0,0,0,0,0,0,1,38,HOMBRE,LESIONADO,PASAJERO,NO,NO,1
34811,149510,149511,2023,0,0,-0.115536,-78.483175,PICHINCHA,QUITO,QUITO,URBANA,2023-07-07,04:30:00,4,VIERNES,5,JULIO,7,NO,"CONDICIONES AMBIENTALES Y/O ATMOSFERICAS (NIEBLA, NEBLINA, GRANIZO, LLUVIA).",ESTRELLAMIENTOS,CAMION,0,0,0,1,0,0,0,0,0,0,0,0,0,1,49,HOMBRE,ILESO,CONDUCTOR PRESENTE,NO,NO,1
34812,149531,149532,2023,0,0,-0.249344,-78.569107,PICHINCHA,QUITO,QUITO,URBANA,2023-07-07,11:45:00,11,VIERNES,5,JULIO,7,NO,"CASO FORTUITO O FUERZA MAYOR (EXPLOSION DE NEUMATICO NUEVO, DERRUMBE, INUNDACION, CAIDA DE PUENTE, ARBOL, PRESENCIA INTEMPESTIVA E IMPREVISTA DE SEMOVIENTES EN LA VIA, ETC.).",ESTRELLAMIENTOS,CAMION,0,0,0,1,0,0,0,0,0,0,0,0,0,1,39,HOMBRE,ILESO,CONDUCTOR PRESENTE,NO,NO,1
34813,149534,149535,2023,1,0,-0.239294,-78.510469,PICHINCHA,QUITO,QUITO,URBANA,2023-07-07,13:40:00,13,VIERNES,5,JULIO,7,NO,NO CEDER EL DERECHO DE VIA O PREFERENCIA DE PASO AL PEATON.,ATROPELLOS,NO IDENTIFICADO,0,0,0,0,0,0,0,0,0,1,0,0,0,1,89,HOMBRE,LESIONADO,PEATON,NO,NO,1
34814,149540,149541,2023,2,0,-0.460389,-78.596389,PICHINCHA,MEJIA,ALOAG,RURAL,2023-07-07,16:15:00,16,VIERNES,5,JULIO,7,NO,"CONDUCIR DESATENTO A LAS CONDICIONES DE TRANSITO (CELULAR, PANTALLAS DE VIDEO, COMIDA, MAQUILLAJE O CUALQUIER OTRO ELEMENTO DISTRACTOR).",PERDIDA DE CARRIL,CAMION,0,0,0,1,0,0,0,0,0,0,0,0,1,2,-1,HOMBRE,LESIONADO,PASAJERO,NO,NO,3
34815,149544,149545,2023,1,0,-0.247269,-78.534922,PICHINCHA,QUITO,QUITO,URBANA,2023-07-07,17:00:00,17,VIERNES,5,JULIO,7,NO,"NO RESPETAR LAS SENIALES REGLAMENTARIAS DE TRANSITO. (PARE, CEDA EL PASO, LUZ ROJA DEL SEMAFORO, ETC).",CHOQUE LATERAL,AUTOMOVIL,1,0,0,0,0,0,0,0,0,1,0,0,0,2,23,HOMBRE,LESIONADO,CONDUCTOR PRESENTE,NO,NO,1
34816,149559,149560,2023,0,0,-0.386989,-78.515114,PICHINCHA,QUITO,AMAGUANIA,RURAL,2023-07-07,20:45:00,20,VIERNES,5,JULIO,7,NO,"CONDUCE BAJO LA INFLUENCIA DE ALCOHOL, SUSTANCIAS ESTUPEFACIENTES O PSICOTROPICAS Y/O MEDICAMENTOS.",CHOQUE POSTERIOR,CAMIONETA,1,0,0,0,1,0,0,0,0,0,0,0,0,2,46,HOMBRE,ILESO,CONDUCTOR PRESENTE,NO,SI,3
34817,149564,149565,2023,2,0,-0.022477,-78.440993,PICHINCHA,QUITO,POMASQUI,RURAL,2023-07-07,21:10:00,21,VIERNES,5,JULIO,7,NO,"CASO FORTUITO O FUERZA MAYOR (EXPLOSION DE NEUMATICO NUEVO, DERRUMBE, INUNDACION, CAIDA DE PUENTE, ARBOL, PRESENCIA INTEMPESTIVA E IMPREVISTA DE SEMOVIENTES EN LA VIA, ETC.).",ESTRELLAMIENTOS,AUTOMOVIL,2,0,0,0,0,0,0,0,0,0,0,0,0,2,26,HOMBRE,LESIONADO,CONDUCTOR PRESENTE,NO,NO,3
34818,149567,149568,2023,1,0,-0.264637,-78.550081,PICHINCHA,QUITO,QUITO,URBANA,2023-07-07,21:30:00,21,VIERNES,5,JULIO,7,NO,NO CEDER EL DERECHO DE VIA O PREFERENCIA DE PASO AL PEATON.,ATROPELLOS,MOTOCICLETA,0,0,0,0,0,0,0,0,1,0,0,0,0,1,55,HOMBRE,LESIONADO,PEATON,NO,NO,1
34819,149573,149574,2023,0,0,-0.191275,-78.454314,PICHINCHA,QUITO,QUITO,URBANA,2023-07-08,00:10:00,0,SABADO,6,JULIO,7,NO,"CONDUCE BAJO LA INFLUENCIA DE ALCOHOL, SUSTANCIAS ESTUPEFACIENTES O PSICOTROPICAS Y/O MEDICAMENTOS.",ESTRELLAMIENTOS,AUTOMOVIL,2,0,0,0,0,0,0,0,0,0,0,0,0,2,13,HOMBRE,ILESO,PASAJERO,NO,NO,1
34820,149574,149575,2023,0,0,-0.259246,-78.532046,PICHINCHA,QUITO,QUITO,URBANA,2023-07-08,01:00:00,1,SABADO,6,JULIO,7,NO,"CONDUCE BAJO LA INFLUENCIA DE ALCOHOL, SUSTANCIAS ESTUPEFACIENTES O PSICOTROPICAS Y/O MEDICAMENTOS.",ESTRELLAMIENTOS,AUTOMOVIL,2,0,0,0,0,0,0,0,0,0,0,0,0,2,37,MUJER,ILESO,CONDUCTOR PRESENTE,NO,NO,1
34821,149576,149577,2023,0,0,-0.198848,-78.434681,PICHINCHA,QUITO,CUMBAYA,RURAL,2023-07-08,01:45:00,1,SABADO,6,JULIO,7,NO,"CONDICIONES AMBIENTALES Y/O ATMOSFERICAS (NIEBLA, NEBLINA, GRANIZO, LLUVIA).",ESTRELLAMIENTOS,AUTOMOVIL,1,0,0,0,0,0,0,0,0,0,0,0,0,1,53,MUJER,ILESO,CONDUCTOR PRESENTE,NO,NO,3
34822,149580,149581,2023,0,0,-0.260958,-78.538638,PICHINCHA,QUITO,QUITO,URBANA,2023-07-08,02:48:00,2,SABADO,6,JULIO,7,NO,CONDUCIR VEHICULO SUPERANDO LOS LIMITES MAXIMOS DE VELOCIDAD.,OTROS,AUTOMOVIL,1,0,0,0,0,0,0,0,0,0,0,0,0,1,-1,NO IDENTIFICADO,NO IDENTIFICADO,CONDUCTOR AUSENTE,NO,NO,2
34823,149582,149583,2023,0,0,-0.154713,-78.497163,PICHINCHA,QUITO,QUITO,URBANA,2023-07-08,04:50:00,4,SABADO,6,JULIO,7,NO,CONDUCIR VEHICULO SUPERANDO LOS LIMITES MAXIMOS DE VELOCIDAD.,ESTRELLAMIENTOS,AUTOMOVIL,2,0,0,0,0,0,0,0,0,0,0,0,0,2,-1,NO IDENTIFICADO,NO IDENTIFICADO,CONDUCTOR AUSENTE,NO,NO,2
34824,149583,149584,2023,1,0,-0.298331,-78.534453,PICHINCHA,QUITO,QUITO,URBANA,2023-07-08,04:55:00,4,SABADO,6,JULIO,7,NO,"CONDICIONES AMBIENTALES Y/O ATMOSFERICAS (NIEBLA, NEBLINA, GRANIZO, LLUVIA).",PERDIDA DE CARRIL,FURGONETA,0,0,0,0,0,0,0,1,0,0,0,0,0,1,33,HOMBRE,LESIONADO,CONDUCTOR PRESENTE,NO,NO,1
34825,149587,149588,2023,0,0,-0.232824,-78.471189,PICHINCHA,QUITO,QUITO,RURAL,2023-07-08,06:15:00,6,SABADO,6,JULIO,7,NO,"NO RESPETAR LAS SENIALES REGLAMENTARIAS DE TRANSITO. (PARE, CEDA EL PASO, LUZ ROJA DEL SEMAFORO, ETC).",CHOQUE LATERAL,FURGONETA,1,0,0,0,0,0,0,1,0,0,0,0,0,2,28,HOMBRE,ILESO,CONDUCTOR PRESENTE,NO,NO,3
34826,149588,149589,2023,2,0,-0.294091,-78.551474,PICHINCHA,QUITO,QUITO,URBANA,2023-07-08,06:27:00,6,SABADO,6,JULIO,7,NO,CONDUCIR VEHICULO SUPERANDO LOS LIMITES MAXIMOS DE VELOCIDAD.,ESTRELLAMIENTOS,BUS,0,0,1,0,0,0,0,0,1,0,0,0,0,2,19,HOMBRE,LESIONADO,PASAJERO,NO,NO,1
34827,149593,149594,2023,0,1,-0.279454,-78.475176,PICHINCHA,QUITO,CONOCOTO,RURAL,2023-07-08,09:00:00,9,SABADO,6,JULIO,7,NO,CONDUCIR VEHICULO SUPERANDO LOS LIMITES MAXIMOS DE VELOCIDAD.,PERDIDA DE PISTA,NO IDENTIFICADO,0,0,0,0,0,0,0,0,0,1,0,0,0,1,32,HOMBRE,FALLECIDO,CONDUCTOR PRESENTE,NO,SI,3
34828,149598,149599,2023,0,0,-0.229008,-78.408299,PICHINCHA,QUITO,TUMBACO,RURAL,2023-07-08,12:50:00,12,SABADO,6,JULIO,7,NO,CONDUCIR VEHICULO SUPERANDO LOS LIMITES MAXIMOS DE VELOCIDAD.,ESTRELLAMIENTOS,CAMION,0,0,0,1,0,0,0,0,0,0,0,0,0,1,65,HOMBRE,ILESO,CONDUCTOR PRESENTE,NO,NO,3
34829,149619,149620,2023,1,0,-0.301056,-78.521384,PICHINCHA,QUITO,QUITO,URBANA,2023-07-08,19:30:00,19,SABADO,6,JULIO,7,NO,"NO RESPETAR LAS SENIALES REGLAMENTARIAS DE TRANSITO. (PARE, CEDA EL PASO, LUZ ROJA DEL SEMAFORO, ETC).",CHOQUE LATERAL,NO IDENTIFICADO,0,0,0,0,0,0,0,0,0,2,0,0,0,2,41,HOMBRE,LESIONADO,PASAJERO,NO,NO,1
34830,149620,149621,2023,1,0,-0.262514,-78.513215,PICHINCHA,QUITO,QUITO,URBANA,2023-07-08,19:30:00,19,SABADO,6,JULIO,7,NO,CONDUCIR EN SENTIDO CONTRARIO A LA VIA NORMAL DE CIRCULACION.,CHOQUE FRONTAL,NO IDENTIFICADO,0,0,0,0,0,0,0,0,0,2,0,0,0,2,30,HOMBRE,LESIONADO,PASAJERO,NO,NO,1
34831,149631,149632,2023,0,0,-0.135998,-78.482157,PICHINCHA,QUITO,QUITO,URBANA,2023-07-08,21:35:00,21,SABADO,6,JULIO,7,NO,NO MANTENER LA DISTANCIA PRUDENCIAL CON RESPECTO AL VEHICULO QUE LE ANTECEDE.,CHOQUE POSTERIOR,CAMIONETA,1,0,0,0,1,0,0,0,0,0,0,0,0,2,35,HOMBRE,ILESO,CONDUCTOR PRESENTE,NO,NO,1
34832,149632,149633,2023,1,0,-0.078609,-78.468263,PICHINCHA,QUITO,QUITO,URBANA,2023-07-08,21:40:00,21,SABADO,6,JULIO,7,NO,CONDUCIR VEHICULO SUPERANDO LOS LIMITES MAXIMOS DE VELOCIDAD.,PERDIDA DE CARRIL,MOTOCICLETA,0,0,0,0,0,0,0,0,1,0,0,0,0,1,38,HOMBRE,LESIONADO,PASAJERO,NO,NO,1
34833,149639,149640,2023,1,0,-0.135731,-78.482296,PICHINCHA,QUITO,QUITO,URBANA,2023-07-08,23:10:00,23,SABADO,6,JULIO,7,NO,"NO RESPETAR LAS SENIALES REGLAMENTARIAS DE TRANSITO. (PARE, CEDA EL PASO, LUZ ROJA DEL SEMAFORO, ETC).",CHOQUE LATERAL,AUTOMOVIL,2,0,0,0,0,0,0,0,0,0,0,0,0,2,24,HOMBRE,LESIONADO,PASAJERO,NO,NO,1
34834,149659,149660,2023,0,0,-0.159887,-78.492379,PICHINCHA,QUITO,QUITO,URBANA,2023-07-09,03:10:00,3,DOMINGO,7,JULIO,7,NO,CONDUCIR VEHICULO SUPERANDO LOS LIMITES MAXIMOS DE VELOCIDAD.,ESTRELLAMIENTOS,AUTOMOVIL,1,0,0,0,0,0,0,0,0,0,0,0,0,1,-1,NO IDENTIFICADO,NO IDENTIFICADO,CONDUCTOR AUSENTE,NO,NO,2
34835,149660,149661,2023,1,1,-0.274835,-78.511178,PICHINCHA,QUITO,QUITO,URBANA,2023-07-09,03:10:00,3,DOMINGO,7,JULIO,7,NO,CONDUCIR VEHICULO SUPERANDO LOS LIMITES MAXIMOS DE VELOCIDAD.,ESTRELLAMIENTOS,CAMIONETA,0,0,0,0,1,0,0,0,0,0,0,0,0,1,27,HOMBRE,FALLECIDO,CONDUCTOR PRESENTE,NO,NO,1
34836,149662,149663,2023,2,0,-0.299764,-78.542322,PICHINCHA,QUITO,QUITO,URBANA,2023-07-09,04:15:00,4,DOMINGO,7,JULIO,7,NO,"CONDUCE BAJO LA INFLUENCIA DE ALCOHOL, SUSTANCIAS ESTUPEFACIENTES O PSICOTROPICAS Y/O MEDICAMENTOS.",CHOQUE LATERAL,AUTOMOVIL,2,0,0,0,0,0,0,0,0,0,0,0,0,2,51,HOMBRE,LESIONADO,PASAJERO,NO,NO,1
34837,149665,149666,2023,0,0,-0.257376,-78.543421,PICHINCHA,QUITO,QUITO,URBANA,2023-07-09,04:50:00,4,DOMINGO,7,JULIO,7,NO,"CONDUCIR EN ESTADO DE SOMNOLENCIA O MALAS CONDICIONES FISICAS (SUENIO, CANSANCIO Y FATIGA).",ESTRELLAMIENTOS,CAMION,0,0,0,1,0,0,0,0,0,0,0,0,0,1,26,HOMBRE,ILESO,CONDUCTOR PRESENTE,NO,NO,1
34838,149674,149675,2023,0,0,-0.112665,-78.508761,PICHINCHA,QUITO,QUITO,URBANA,2023-07-09,06:10:00,6,DOMINGO,7,JULIO,7,NO,"CONDUCIR EN ESTADO DE SOMNOLENCIA O MALAS CONDICIONES FISICAS (SUENIO, CANSANCIO Y FATIGA).",ESTRELLAMIENTOS,AUTOMOVIL,1,0,0,0,0,0,0,0,0,0,0,0,0,1,35,MUJER,ILESO,CONDUCTOR PRESENTE,NO,NO,1
34839,149676,149677,2023,3,0,-0.235178,-78.471504,PICHINCHA,QUITO,QUITO,URBANA,2023-07-09,06:45:00,6,DOMINGO,7,JULIO,7,NO,NO MANTENER LA DISTANCIA PRUDENCIAL CON RESPECTO AL VEHICULO QUE LE ANTECEDE.,CHOQUE POSTERIOR,AUTOMOVIL,2,0,0,0,0,0,0,0,0,0,0,0,0,2,57,MUJER,LESIONADO,PASAJERO,NO,NO,1
34840,149677,149678,2023,0,0,-0.158856,-78.444777,PICHINCHA,QUITO,NAYON,RURAL,2023-07-09,07:30:00,7,DOMINGO,7,JULIO,7,NO,NO MANTENER LA DISTANCIA PRUDENCIAL CON RESPECTO AL VEHICULO QUE LE ANTECEDE.,CHOQUE POSTERIOR,AUTOMOVIL,2,0,0,0,0,0,0,0,0,0,0,0,0,2,49,MUJER,ILESO,CONDUCTOR PRESENTE,NO,NO,3
34841,149678,149679,2023,0,0,-0.198698,-78.484506,PICHINCHA,QUITO,QUITO,URBANA,2023-07-09,07:30:00,7,DOMINGO,7,JULIO,7,NO,NO MANTENER LA DISTANCIA PRUDENCIAL CON RESPECTO AL VEHICULO QUE LE ANTECEDE.,CHOQUE POSTERIOR,BUS,1,0,1,0,0,0,0,0,0,0,0,0,0,2,31,HOMBRE,ILESO,CONDUCTOR PRESENTE,NO,NO,1
34842,149679,149680,2023,0,0,-0.191785,-78.459802,PICHINCHA,QUITO,QUITO,URBANA,2023-07-09,07:40:00,7,DOMINGO,7,JULIO,7,NO,"CONDICIONES AMBIENTALES Y/O ATMOSFERICAS (NIEBLA, NEBLINA, GRANIZO, LLUVIA).",ESTRELLAMIENTOS,AUTOMOVIL,1,0,0,0,0,0,0,0,0,0,0,0,0,1,49,HOMBRE,ILESO,CONDUCTOR PRESENTE,NO,NO,1
34843,149694,149695,2023,1,0,-0.322847,-78.405946,PICHINCHA,QUITO,ALANGASI,RURAL,2023-07-09,15:40:00,15,DOMINGO,7,JULIO,7,NO,"CONDUCIR DESATENTO A LAS CONDICIONES DE TRANSITO (CELULAR, PANTALLAS DE VIDEO, COMIDA, MAQUILLAJE O CUALQUIER OTRO ELEMENTO DISTRACTOR).",ATROPELLOS,AUTOMOVIL,1,0,0,0,0,0,0,0,0,0,0,0,0,1,26,HOMBRE,LESIONADO,PEATON,NO,SI,3
34844,149717,149718,2023,1,0,-0.248313,-78.512271,PICHINCHA,QUITO,QUITO,URBANA,2023-07-09,20:00:00,20,DOMINGO,7,JULIO,7,NO,"NO RESPETAR LAS SENIALES REGLAMENTARIAS DE TRANSITO. (PARE, CEDA EL PASO, LUZ ROJA DEL SEMAFORO, ETC).",CHOQUE LATERAL,MOTOCICLETA,0,0,0,0,1,0,0,0,1,0,0,0,0,2,24,MUJER,LESIONADO,CONDUCTOR PRESENTE,NO,NO,1
34845,149725,149726,2023,2,0,-0.100168,-78.471862,PICHINCHA,QUITO,QUITO,URBANA,2023-07-09,22:30:00,22,DOMINGO,7,JULIO,7,NO,CONDUCIR VEHICULO SUPERANDO LOS LIMITES MAXIMOS DE VELOCIDAD.,CHOQUE LATERAL,AUTOMOVIL,2,0,0,0,0,0,0,0,0,0,0,0,0,2,44,HOMBRE,LESIONADO,CONDUCTOR PRESENTE,NO,NO,1
34846,149727,149728,2023,0,0,-0.306681,-78.470561,PICHINCHA,QUITO,CONOCOTO,RURAL,2023-07-09,22:50:00,22,DOMINGO,7,JULIO,7,NO,CONDUCIR VEHICULO SUPERANDO LOS LIMITES MAXIMOS DE VELOCIDAD.,ESTRELLAMIENTOS,AUTOMOVIL,1,0,0,0,0,0,0,0,0,0,0,0,0,1,-1,NO IDENTIFICADO,NO IDENTIFICADO,CONDUCTOR AUSENTE,NO,NO,2
34847,149734,149735,2023,0,0,-0.200684,-78.496974,PICHINCHA,QUITO,QUITO,URBANA,2023-07-10,02:10:00,2,LUNES,1,JULIO,7,NO,"NO RESPETAR LAS SENIALES REGLAMENTARIAS DE TRANSITO. (PARE, CEDA EL PASO, LUZ ROJA DEL SEMAFORO, ETC).",CHOQUE LATERAL,AUTOMOVIL,2,0,0,0,0,0,0,0,0,0,0,0,0,2,44,HOMBRE,ILESO,CONDUCTOR PRESENTE,NO,NO,1
34848,149743,149744,2023,1,0,-0.373444,-78.832611,PICHINCHA,MEJIA,MANUEL CORNEJO ASTORGA,RURAL,2023-07-10,09:50:00,9,LUNES,1,JULIO,7,NO,"CONDUCIR DESATENTO A LAS CONDICIONES DE TRANSITO (CELULAR, PANTALLAS DE VIDEO, COMIDA, MAQUILLAJE O CUALQUIER OTRO ELEMENTO DISTRACTOR).",PERDIDA DE CARRIL,VEHICULO DEPORTIVO UTILITARIO,0,0,0,0,0,0,0,0,0,0,0,0,1,1,58,MUJER,LESIONADO,PASAJERO,NO,NO,3
34849,149748,149749,2023,1,0,-0.169775,-78.481703,PICHINCHA,QUITO,QUITO,URBANA,2023-07-10,14:30:00,14,LUNES,1,JULIO,7,NO,PEATON QUE CRUZA LA CALZADA SIN RESPETAR LA SENIALIZACION EXISTENTE (SEMAFOROS O SENIALES MANUALES).,ARROLLAMIENTOS,AUTOMOVIL,1,0,0,0,0,0,0,0,0,0,0,0,0,1,14,MUJER,LESIONADO,PEATON,NO,NO,1
34850,149765,149766,2023,0,0,-0.151958,-78.499543,PICHINCHA,QUITO,QUITO,URBANA,2023-07-10,23:00:00,23,LUNES,1,JULIO,7,NO,CONDUCIR EN SENTIDO CONTRARIO A LA VIA NORMAL DE CIRCULACION.,CHOQUE FRONTAL,CAMIONETA,1,0,0,0,1,0,0,0,0,0,0,0,0,2,24,MUJER,ILESO,PASAJERO,NO,NO,1
34851,149768,149769,2023,0,0,-0.447361,-78.663833,PICHINCHA,MEJIA,ALOAG,RURAL,2023-07-11,03:00:00,3,MARTES,2,JULIO,7,NO,"CONDUCIR DESATENTO A LAS CONDICIONES DE TRANSITO (CELULAR, PANTALLAS DE VIDEO, COMIDA, MAQUILLAJE O CUALQUIER OTRO ELEMENTO DISTRACTOR).",PERDIDA DE CARRIL,CAMION,0,0,0,1,0,0,0,0,0,0,0,0,0,1,22,HOMBRE,ILESO,CONDUCTOR PRESENTE,NO,NO,3
34852,149769,149770,2023,0,0,-0.138671,-78.486114,PICHINCHA,QUITO,QUITO,URBANA,2023-07-11,05:50:00,5,MARTES,2,JULIO,7,NO,"NO RESPETAR LAS SENIALES REGLAMENTARIAS DE TRANSITO. (PARE, CEDA EL PASO, LUZ ROJA DEL SEMAFORO, ETC).",CHOQUE LATERAL,CAMIONETA,1,0,0,0,1,0,0,0,0,0,0,0,0,2,48,HOMBRE,ILESO,CONDUCTOR PRESENTE,NO,NO,1