,Unnamed: 0,ID,ANIO,LESIONADOS,FALLECIDOS,LATITUD_Y,LONGITUD_X,PROVINCIA,CANTON,PARROQUIA,ZONA,FECHA,HORA,PERIODO_2,DIA_1,DIA_2,MES_1,MES_2,FERIADO,CAUSA_PROBABLE,TIPO_DE_SINIESTRO,TIPO_DE_VEHICULO_1,AUTOMOVIL,BICICLETA,BUS,CAMION,CAMIONETA,EMERGENCIAS,ESPECIAL,FURGONETA,MOTOCICLETA,NO_IDENTIFICADO,SCOOTER_ELECTRICO,TRICIMOTO,VEHICULO_DEPORTIVO_UTILITARIO,SUMA_DE_VEHICULOS,EDAD_1,SEXO_1,CONDICION_1,PARTICIPANTE_1,CASCO_1,CINTURON_1,KMeans_Cluster
34853,149771,149772,2023,1,0,-0.003095,-78.519301,PICHINCHA,QUITO,CALACALI,RURAL,2023-07-11,06:15:00,6,MARTES,2,JULIO,7,NO,"CONDUCIR DESATENTO A LAS CONDICIONES DE TRANSITO (CELULAR, PANTALLAS DE VIDEO, COMIDA, MAQUILLAJE O CUALQUIER OTRO ELEMENTO DISTRACTOR).",CHOQUE LATERAL,CAMION,0,0,0,2,0,0,0,0,0,0,0,0,0,2,38,HOMBRE,LESIONADO,CONDUCTOR PRESENTE,NO,SI,3
34854,149783,149784,2023,1,0,-0.275332,-78.535745,PICHINCHA,QUITO,QUITO,URBANA,2023-07-11,11:20:00,11,MARTES,2,JULIO,7,NO,NO CEDER EL DERECHO DE VIA O PREFERENCIA DE PASO AL PEATON.,ATROPELLOS,AUTOMOVIL,1,0,0,0,0,0,0,0,0,0,0,0,0,1,10,HOMBRE,LESIONADO,PEATON,NO,NO,1
34855,149784,149785,2023,0,0,-0.216123,-78.516649,PICHINCHA,QUITO,QUITO,URBANA,2023-07-11,12:00:00,12,MARTES,2,JULIO,7,NO,NO MANTENER LA DISTANCIA PRUDENCIAL CON RESPECTO AL VEHICULO QUE LE ANTECEDE.,CHOQUE POSTERIOR,AUTOMOVIL,2,0,0,0,0,0,0,0,0,0,0,0,0,2,35,HOMBRE,ILESO,CONDUCTOR PRESENTE,NO,NO,1
34856,149789,149790,2023,1,0,-0.190666,-78.454837,PICHINCHA,QUITO,QUITO,URBANA,2023-07-11,13:20:00,13,MARTES,2,JULIO,7,NO,CONDUCIR VEHICULO SUPERANDO LOS LIMITES MAXIMOS DE VELOCIDAD.,OTROS,MOTOCICLETA,1,0,0,0,0,0,0,0,1,0,0,0,0,2,24,HOMBRE,LESIONADO,CONDUCTOR PRESENTE,NO,NO,1
34857,149790,149791,2023,1,0,-0.206709,-78.488344,PICHINCHA,QUITO,QUITO,URBANA,2023-07-11,13:49:00,13,MARTES,2,JULIO,7,NO,DEJAR O RECOGER PASAJEROS EN LUGARES NO PERMITIDOS.,CAIDA DE PASAJERO,BUS,0,0,1,0,0,0,0,0,0,0,0,0,0,1,62,MUJER,LESIONADO,PASAJERO,NO,NO,1
34858,149792,149793,2023,1,0,-0.256143,-78.534225,PICHINCHA,QUITO,QUITO,URBANA,2023-07-11,14:30:00,14,MARTES,2,JULIO,7,NO,NO TRANSITAR POR LAS ACERAS O ZONAS DE SEGURIDAD DESTINADAS PARA EL EFECTO.,ATROPELLOS,AUTOMOVIL,1,0,0,0,0,0,0,0,0,0,0,0,0,1,6,HOMBRE,LESIONADO,PEATON,NO,NO,1
34859,149794,149795,2023,1,0,-0.314654,-78.534986,PICHINCHA,QUITO,QUITO,URBANA,2023-07-11,15:45:00,15,MARTES,2,JULIO,7,NO,CONDUCIR VEHICULO SUPERANDO LOS LIMITES MAXIMOS DE VELOCIDAD.,ESTRELLAMIENTOS,BICICLETA,0,1,0,0,0,0,0,0,0,0,0,0,0,1,15,HOMBRE,LESIONADO,CICLISTA,NO,NO,1
34860,149795,149796,2023,1,0,-0.321044,-78.566381,PICHINCHA,QUITO,QUITO,URBANA,2023-07-11,16:00:00,16,MARTES,2,JULIO,7,NO,"CONDUCE BAJO LA INFLUENCIA DE ALCOHOL, SUSTANCIAS ESTUPEFACIENTES O PSICOTROPICAS Y/O MEDICAMENTOS.",ESTRELLAMIENTOS,CAMIONETA,1,0,0,0,1,0,0,0,0,0,0,0,0,2,55,HOMBRE,LESIONADO,PASAJERO,NO,NO,1
34861,149799,149800,2023,0,0,-0.198688,-78.466178,PICHINCHA,QUITO,QUITO,URBANA,2023-07-11,17:45:00,17,MARTES,2,JULIO,7,NO,NO MANTENER LA DISTANCIA PRUDENCIAL CON RESPECTO AL VEHICULO QUE LE ANTECEDE.,CHOQUE POSTERIOR,AUTOMOVIL,2,0,0,0,0,0,0,0,0,0,0,0,0,2,43,HOMBRE,ILESO,CONDUCTOR PRESENTE,NO,NO,1
34862,149802,149803,2023,2,0,-0.200938,-78.491341,PICHINCHA,QUITO,QUITO,URBANA,2023-07-11,19:20:00,19,MARTES,2,JULIO,7,NO,"NO RESPETAR LAS SENIALES REGLAMENTARIAS DE TRANSITO. (PARE, CEDA EL PASO, LUZ ROJA DEL SEMAFORO, ETC).",CHOQUE LATERAL,BUS,0,0,1,0,0,0,0,0,0,0,1,0,0,2,21,HOMBRE,LESIONADO,CONDUCTOR PRESENTE,NO,NO,1
34863,149810,149811,2023,0,0,-0.109053,-78.458748,PICHINCHA,QUITO,CALDERON (CARAPUNGO),URBANA,2023-07-11,21:50:00,21,MARTES,2,JULIO,7,NO,NO GUARDAR LA DISTANCIA LATERAL MINIMA DE SEGURIDAD ENTRE VEHICULOS.,ROZAMIENTOS,CAMION,1,0,0,1,0,0,0,0,0,0,0,0,0,2,27,HOMBRE,ILESO,CONDUCTOR PRESENTE,NO,NO,1
34864,149813,149814,2023,0,0,-0.151802,-78.489677,PICHINCHA,QUITO,QUITO,URBANA,2023-07-11,22:30:00,22,MARTES,2,JULIO,7,NO,"CONDUCE BAJO LA INFLUENCIA DE ALCOHOL, SUSTANCIAS ESTUPEFACIENTES O PSICOTROPICAS Y/O MEDICAMENTOS.",ESTRELLAMIENTOS,AUTOMOVIL,2,0,0,0,0,0,0,0,0,0,0,0,0,2,31,HOMBRE,ILESO,CONDUCTOR PRESENTE,NO,NO,1
34865,149816,149817,2023,0,0,-0.210415,-78.457944,PICHINCHA,QUITO,QUITO,RURAL,2023-07-12,06:00:00,6,MIERCOLES,3,JULIO,7,NO,CONDUCIR VEHICULO SUPERANDO LOS LIMITES MAXIMOS DE VELOCIDAD.,ESTRELLAMIENTOS,AUTOMOVIL,1,0,0,0,0,0,0,0,0,0,0,0,0,1,27,HOMBRE,ILESO,CONDUCTOR PRESENTE,NO,NO,3
34866,149825,149826,2023,0,0,-0.150076,-78.474623,PICHINCHA,QUITO,QUITO,URBANA,2023-07-12,09:35:00,9,MIERCOLES,3,JULIO,7,NO,"NO RESPETAR LAS SENIALES REGLAMENTARIAS DE TRANSITO. (PARE, CEDA EL PASO, LUZ ROJA DEL SEMAFORO, ETC).",CHOQUE LATERAL,CAMION,1,0,0,1,0,0,0,0,0,0,0,0,0,2,39,HOMBRE,ILESO,CONDUCTOR PRESENTE,NO,NO,1
34867,149828,149829,2023,0,0,-0.203421,-78.482815,PICHINCHA,QUITO,QUITO,URBANA,2023-07-12,10:30:00,10,MIERCOLES,3,JULIO,7,NO,"NO RESPETAR LAS SENIALES REGLAMENTARIAS DE TRANSITO. (PARE, CEDA EL PASO, LUZ ROJA DEL SEMAFORO, ETC).",CHOQUE LATERAL,CAMION,1,0,0,1,0,0,0,0,0,0,0,0,0,2,35,HOMBRE,ILESO,CONDUCTOR PRESENTE,NO,NO,1
34868,149829,149830,2023,0,0,-0.253179,-78.483252,PICHINCHA,QUITO,QUITO,RURAL,2023-07-12,10:45:00,10,MIERCOLES,3,JULIO,7,NO,"CONDUCIR DESATENTO A LAS CONDICIONES DE TRANSITO (CELULAR, PANTALLAS DE VIDEO, COMIDA, MAQUILLAJE O CUALQUIER OTRO ELEMENTO DISTRACTOR).",CHOQUE POSTERIOR,AUTOMOVIL,2,0,0,0,0,0,0,0,0,0,0,0,0,2,44,HOMBRE,ILESO,CONDUCTOR PRESENTE,NO,SI,3
34869,149830,149831,2023,0,0,-0.175358,-78.487523,PICHINCHA,QUITO,QUITO,URBANA,2023-07-12,12:55:00,12,MIERCOLES,3,JULIO,7,NO,"NO RESPETAR LAS SENIALES REGLAMENTARIAS DE TRANSITO. (PARE, CEDA EL PASO, LUZ ROJA DEL SEMAFORO, ETC).",CHOQUE LATERAL,AUTOMOVIL,2,0,0,0,0,0,0,0,0,0,0,0,0,2,49,HOMBRE,ILESO,CONDUCTOR PRESENTE,NO,NO,1
34870,149838,149839,2023,0,0,-0.238426,-78.491375,PICHINCHA,QUITO,QUITO,URBANA,2023-07-12,17:25:00,17,MIERCOLES,3,JULIO,7,NO,NO MANTENER LA DISTANCIA PRUDENCIAL CON RESPECTO AL VEHICULO QUE LE ANTECEDE.,COLISION,CAMIONETA,3,0,0,0,1,0,0,0,0,0,0,0,0,4,35,HOMBRE,ILESO,CONDUCTOR PRESENTE,NO,NO,1
34871,149853,149854,2023,0,0,-0.187043,-78.494121,PICHINCHA,QUITO,QUITO,URBANA,2023-07-13,00:30:00,0,JUEVES,4,JULIO,7,NO,CONDUCIR VEHICULO SUPERANDO LOS LIMITES MAXIMOS DE VELOCIDAD.,OTROS,AUTOMOVIL,1,0,0,0,0,0,0,0,0,0,0,0,0,1,-1,NO IDENTIFICADO,NO IDENTIFICADO,CONDUCTOR AUSENTE,NO,NO,2
34872,149858,149859,2023,0,1,-0.266366,-78.551276,PICHINCHA,QUITO,QUITO,URBANA,2023-07-13,02:00:00,2,JUEVES,4,JULIO,7,NO,CONDUCIR VEHICULO SUPERANDO LOS LIMITES MAXIMOS DE VELOCIDAD.,ESTRELLAMIENTOS,AUTOMOVIL,1,0,0,0,0,0,0,0,0,0,0,0,0,1,58,HOMBRE,FALLECIDO,CONDUCTOR PRESENTE,NO,NO,1
34873,149859,149860,2023,0,0,-0.239597,-78.492863,PICHINCHA,QUITO,QUITO,URBANA,2023-07-13,02:45:00,2,JUEVES,4,JULIO,7,NO,CONDUCIR VEHICULO SUPERANDO LOS LIMITES MAXIMOS DE VELOCIDAD.,ESTRELLAMIENTOS,CAMION,0,0,0,1,0,0,0,0,0,0,0,0,0,1,19,HOMBRE,ILESO,CONDUCTOR PRESENTE,NO,NO,1
34874,149865,149866,2023,0,0,-0.280276,-78.492127,PICHINCHA,QUITO,CONOCOTO,RURAL,2023-07-13,06:35:00,6,JUEVES,4,JULIO,7,NO,NO MANTENER LA DISTANCIA PRUDENCIAL CON RESPECTO AL VEHICULO QUE LE ANTECEDE.,COLISION,CAMIONETA,2,0,0,0,1,0,0,0,0,0,0,0,0,3,46,HOMBRE,ILESO,CONDUCTOR PRESENTE,NO,NO,3
34875,149867,149868,2023,2,0,0.171093,-78.410671,PICHINCHA,QUITO,SAN JOSE DE MINAS,RURAL,2023-07-13,07:12:00,7,JUEVES,4,JULIO,7,NO,"NO RESPETAR LAS SENIALES REGLAMENTARIAS DE TRANSITO. (PARE, CEDA EL PASO, LUZ ROJA DEL SEMAFORO, ETC).",CHOQUE LATERAL,MOTOCICLETA,1,0,0,0,0,0,0,0,1,0,0,0,0,2,19,HOMBRE,LESIONADO,CONDUCTOR PRESENTE,NO,NO,3
34876,149872,149873,2023,0,0,-0.206293,-78.501935,PICHINCHA,QUITO,QUITO,URBANA,2023-07-13,09:00:00,9,JUEVES,4,JULIO,7,NO,"NO RESPETAR LAS SENIALES REGLAMENTARIAS DE TRANSITO. (PARE, CEDA EL PASO, LUZ ROJA DEL SEMAFORO, ETC).",CHOQUE LATERAL,AUTOMOVIL,2,0,0,0,0,0,0,0,0,0,0,0,0,2,69,HOMBRE,ILESO,CONDUCTOR PRESENTE,NO,NO,1
34877,149876,149877,2023,1,0,-0.296906,-78.552837,PICHINCHA,QUITO,QUITO,URBANA,2023-07-13,11:30:00,11,JUEVES,4,JULIO,7,NO,"NO RESPETAR LAS SENIALES REGLAMENTARIAS DE TRANSITO. (PARE, CEDA EL PASO, LUZ ROJA DEL SEMAFORO, ETC).",CHOQUE LATERAL,BUS,1,0,1,0,0,0,0,0,0,0,0,0,0,2,50,MUJER,LESIONADO,PASAJERO,NO,NO,1
34878,149877,149878,2023,1,0,-0.207758,-78.495404,PICHINCHA,QUITO,QUITO,URBANA,2023-07-13,11:45:00,11,JUEVES,4,JULIO,7,NO,"NO RESPETAR LAS SENIALES REGLAMENTARIAS DE TRANSITO. (PARE, CEDA EL PASO, LUZ ROJA DEL SEMAFORO, ETC).",CHOQUE LATERAL,AUTOMOVIL,2,0,0,0,0,0,0,0,0,0,0,0,0,2,31,MUJER,LESIONADO,CONDUCTOR PRESENTE,NO,NO,1
34879,149881,149882,2023,0,0,-0.210821,-78.369284,PICHINCHA,QUITO,PUEMBO,RURAL,2023-07-13,13:40:00,13,JUEVES,4,JULIO,7,NO,CONDUCIR VEHICULO SUPERANDO LOS LIMITES MAXIMOS DE VELOCIDAD.,VOLCAMIENTOS,AUTOMOVIL,1,0,0,0,0,0,0,0,0,0,0,0,0,1,53,HOMBRE,ILESO,PASAJERO,NO,NO,3
34880,149903,149904,2023,1,0,-0.278293,-78.481658,PICHINCHA,QUITO,CONOCOTO,RURAL,2023-07-13,20:40:00,20,JUEVES,4,JULIO,7,NO,NO TRANSITAR POR LAS ACERAS O ZONAS DE SEGURIDAD DESTINADAS PARA EL EFECTO.,ATROPELLOS,NO IDENTIFICADO,0,0,0,0,0,0,0,0,0,1,0,0,0,1,43,HOMBRE,LESIONADO,PEATON,NO,SI,3
34881,149926,149927,2023,3,0,-0.093518,-78.415896,PICHINCHA,QUITO,CALDERON (CARAPUNGO),RURAL,2023-07-14,12:45:00,12,VIERNES,5,JULIO,7,NO,"CONDUCIR DESATENTO A LAS CONDICIONES DE TRANSITO (CELULAR, PANTALLAS DE VIDEO, COMIDA, MAQUILLAJE O CUALQUIER OTRO ELEMENTO DISTRACTOR).",PERDIDA DE CARRIL,BUS,0,0,1,0,0,0,0,0,0,0,0,0,0,1,66,HOMBRE,LESIONADO,PASAJERO,NO,SI,3
34882,149930,149931,2023,0,0,-0.160072,-78.456086,PICHINCHA,QUITO,QUITO,URBANA,2023-07-14,15:30:00,15,VIERNES,5,JULIO,7,NO,CONDUCIR VEHICULO SUPERANDO LOS LIMITES MAXIMOS DE VELOCIDAD.,ESTRELLAMIENTOS,CAMIONETA,1,0,0,0,1,0,0,0,0,0,0,0,0,2,34,HOMBRE,ILESO,CONDUCTOR PRESENTE,NO,NO,1
34883,149936,149937,2023,0,0,-0.217022,-78.370661,PICHINCHA,QUITO,TUMBACO,RURAL,2023-07-14,18:15:00,18,VIERNES,5,JULIO,7,NO,"NO RESPETAR LAS SENIALES REGLAMENTARIAS DE TRANSITO. (PARE, CEDA EL PASO, LUZ ROJA DEL SEMAFORO, ETC).",CHOQUE LATERAL,AUTOMOVIL,2,0,0,0,0,0,0,0,0,0,0,0,0,2,23,HOMBRE,ILESO,CONDUCTOR PRESENTE,NO,NO,3
34884,149947,149948,2023,2,1,-0.324837,-78.579008,PICHINCHA,QUITO,QUITO,URBANA,2023-07-14,21:20:00,21,VIERNES,5,JULIO,7,NO,"CONDUCE BAJO LA INFLUENCIA DE ALCOHOL, SUSTANCIAS ESTUPEFACIENTES O PSICOTROPICAS Y/O MEDICAMENTOS.",ATROPELLOS,AUTOMOVIL,3,0,0,0,0,0,0,0,0,0,0,0,0,3,37,HOMBRE,FALLECIDO,PEATON,NO,NO,1
34885,149948,149949,2023,0,0,-0.116654,-78.495959,PICHINCHA,QUITO,QUITO,URBANA,2023-07-14,21:20:00,21,VIERNES,5,JULIO,7,NO,"NO RESPETAR LAS SENIALES REGLAMENTARIAS DE TRANSITO. (PARE, CEDA EL PASO, LUZ ROJA DEL SEMAFORO, ETC).",CHOQUE LATERAL,AUTOMOVIL,2,0,0,0,0,0,0,0,0,0,0,0,0,2,45,HOMBRE,ILESO,CONDUCTOR PRESENTE,NO,NO,1
34886,149950,149951,2023,0,0,-0.274923,-78.511264,PICHINCHA,QUITO,QUITO,URBANA,2023-07-14,22:00:00,22,VIERNES,5,JULIO,7,NO,"NO RESPETAR LAS SENIALES REGLAMENTARIAS DE TRANSITO. (PARE, CEDA EL PASO, LUZ ROJA DEL SEMAFORO, ETC).",CHOQUE LATERAL,AUTOMOVIL,2,0,0,0,0,0,0,0,0,0,0,0,0,2,34,HOMBRE,ILESO,CONDUCTOR PRESENTE,NO,NO,1
34887,149953,149954,2023,0,0,-0.450333,-78.748694,PICHINCHA,MEJIA,MANUEL CORNEJO ASTORGA,RURAL,2023-07-14,22:30:00,22,VIERNES,5,JULIO,7,NO,"NO RESPETAR LAS SENIALES REGLAMENTARIAS DE TRANSITO. (PARE, CEDA EL PASO, LUZ ROJA DEL SEMAFORO, ETC).",CHOQUE LATERAL,AUTOMOVIL,1,0,0,0,0,0,0,0,0,1,0,0,0,2,-1,HOMBRE,ILESO,CONDUCTOR PRESENTE,NO,NO,3
34888,149954,149955,2023,0,0,-0.298711,-78.460212,PICHINCHA,RUMINIAHUI,SANGOLQUI,URBANA,2023-07-14,22:30:00,22,VIERNES,5,JULIO,7,NO,"CONDUCIR DESATENTO A LAS CONDICIONES DE TRANSITO (CELULAR, PANTALLAS DE VIDEO, COMIDA, MAQUILLAJE O CUALQUIER OTRO ELEMENTO DISTRACTOR).",CHOQUE LATERAL,MOTOCICLETA,1,0,0,0,1,0,0,0,1,0,0,0,0,3,63,HOMBRE,ILESO,CONDUCTOR PRESENTE,NO,SI,1
34889,149955,149956,2023,0,0,-0.174362,-78.492971,PICHINCHA,QUITO,QUITO,URBANA,2023-07-14,22:30:00,22,VIERNES,5,JULIO,7,NO,"NO RESPETAR LAS SENIALES REGLAMENTARIAS DE TRANSITO. (PARE, CEDA EL PASO, LUZ ROJA DEL SEMAFORO, ETC).",CHOQUE LATERAL,AUTOMOVIL,2,0,0,0,0,0,0,0,0,0,0,0,0,2,31,HOMBRE,ILESO,CONDUCTOR PRESENTE,NO,NO,1
34890,149958,149959,2023,0,0,-0.151929,-78.464645,PICHINCHA,QUITO,QUITO,URBANA,2023-07-15,00:08:00,0,SABADO,6,JULIO,7,NO,CONDUCIR VEHICULO SUPERANDO LOS LIMITES MAXIMOS DE VELOCIDAD.,ESTRELLAMIENTOS,AUTOMOVIL,1,0,0,0,0,0,0,0,0,0,0,0,0,1,23,HOMBRE,ILESO,CONDUCTOR PRESENTE,NO,NO,1
34891,149960,149961,2023,0,0,-0.192423,-78.453381,PICHINCHA,QUITO,NAYON,RURAL,2023-07-15,00:36:00,0,SABADO,6,JULIO,7,NO,"NO RESPETAR LAS SENIALES REGLAMENTARIAS DE TRANSITO. (PARE, CEDA EL PASO, LUZ ROJA DEL SEMAFORO, ETC).",CHOQUE LATERAL,AUTOMOVIL,2,0,0,0,0,0,0,0,0,0,0,0,0,2,49,HOMBRE,ILESO,CONDUCTOR PRESENTE,NO,NO,3
34892,149963,149964,2023,0,0,-0.222816,-78.521563,PICHINCHA,QUITO,QUITO,URBANA,2023-07-15,02:00:00,2,SABADO,6,JULIO,7,NO,NO MANTENER LA DISTANCIA PRUDENCIAL CON RESPECTO AL VEHICULO QUE LE ANTECEDE.,CHOQUE POSTERIOR,CAMION,1,0,0,1,0,0,0,0,0,0,0,0,0,2,31,HOMBRE,ILESO,CONDUCTOR PRESENTE,NO,NO,1
34893,149964,149965,2023,2,0,-0.083247,-78.470071,PICHINCHA,QUITO,QUITO,URBANA,2023-07-15,02:10:00,2,SABADO,6,JULIO,7,NO,CONDUCIR VEHICULO SUPERANDO LOS LIMITES MAXIMOS DE VELOCIDAD.,PERDIDA DE CARRIL,AUTOMOVIL,1,0,0,0,0,0,0,0,0,0,0,0,0,1,32,HOMBRE,LESIONADO,PASAJERO,NO,NO,1
34894,149967,149968,2023,0,0,-0.210439,-78.500922,PICHINCHA,QUITO,QUITO,URBANA,2023-07-15,02:40:00,2,SABADO,6,JULIO,7,NO,CONDUCIR VEHICULO SUPERANDO LOS LIMITES MAXIMOS DE VELOCIDAD.,OTROS,MOTOCICLETA,0,0,0,0,0,0,0,0,1,0,0,0,0,1,-1,NO IDENTIFICADO,NO IDENTIFICADO,CONDUCTOR AUSENTE,NO,NO,2
34895,149968,149969,2023,0,1,-0.218221,-78.428577,PICHINCHA,QUITO,CUMBAYA,RURAL,2023-07-15,02:40:00,2,SABADO,6,JULIO,7,NO,CONDUCIR VEHICULO SUPERANDO LOS LIMITES MAXIMOS DE VELOCIDAD.,PERDIDA DE CARRIL,MOTOCICLETA,0,0,0,0,0,0,0,0,1,0,0,0,0,1,46,HOMBRE,FALLECIDO,CONDUCTOR PRESENTE,NO,NO,3
34896,149972,149973,2023,1,0,-0.293746,-78.539843,PICHINCHA,QUITO,QUITO,URBANA,2023-07-15,04:40:00,4,SABADO,6,JULIO,7,NO,CONDUCIR VEHICULO SUPERANDO LOS LIMITES MAXIMOS DE VELOCIDAD.,OTROS,MOTOCICLETA,0,0,0,0,0,0,0,0,1,0,0,0,0,1,23,HOMBRE,LESIONADO,PASAJERO,NO,NO,1
34897,149976,149977,2023,0,0,-0.443889,-78.679194,PICHINCHA,MEJIA,ALOAG,RURAL,2023-07-15,07:00:00,7,SABADO,6,JULIO,7,NO,CONDUCIR EN SENTIDO CONTRARIO A LA VIA NORMAL DE CIRCULACION.,CHOQUE FRONTAL,CAMION,0,0,0,1,1,0,0,0,0,0,0,0,0,2,-1,HOMBRE,ILESO,CONDUCTOR PRESENTE,NO,NO,3
34898,149977,149978,2023,2,0,-0.233918,-78.483833,PICHINCHA,QUITO,QUITO,URBANA,2023-07-15,07:10:00,7,SABADO,6,JULIO,7,NO,"CONDUCE BAJO LA INFLUENCIA DE ALCOHOL, SUSTANCIAS ESTUPEFACIENTES O PSICOTROPICAS Y/O MEDICAMENTOS.",CHOQUE LATERAL,AUTOMOVIL,2,0,0,0,0,0,0,0,0,0,0,0,0,2,48,HOMBRE,LESIONADO,CONDUCTOR PRESENTE,NO,NO,1
34899,149981,149982,2023,0,0,-0.279995,-78.557365,PICHINCHA,QUITO,QUITO,URBANA,2023-07-15,09:30:00,9,SABADO,6,JULIO,7,NO,"NO RESPETAR LAS SENIALES REGLAMENTARIAS DE TRANSITO. (PARE, CEDA EL PASO, LUZ ROJA DEL SEMAFORO, ETC).",CHOQUE LATERAL,AUTOMOVIL,2,0,0,0,0,0,0,0,0,0,0,0,0,2,34,HOMBRE,ILESO,CONDUCTOR PRESENTE,NO,NO,1
34900,149986,149987,2023,1,0,-0.255831,-78.542045,PICHINCHA,QUITO,QUITO,URBANA,2023-07-15,12:00:00,12,SABADO,6,JULIO,7,NO,REALIZAR CAMBIO BRUSCO O INDEBIDO DE CARRIL.,CHOQUE LATERAL,BUS,0,0,1,0,0,0,0,0,1,0,0,0,0,2,25,HOMBRE,LESIONADO,CONDUCTOR PRESENTE,NO,NO,1
34901,149987,149988,2023,1,0,-0.158579,-78.487942,PICHINCHA,QUITO,QUITO,URBANA,2023-07-15,12:05:00,12,SABADO,6,JULIO,7,NO,PEATON QUE CRUZA LA CALZADA SIN RESPETAR LA SENIALIZACION EXISTENTE (SEMAFOROS O SENIALES MANUALES).,ATROPELLOS,MOTOCICLETA,0,0,0,0,0,0,0,0,1,0,0,0,0,1,18,MUJER,LESIONADO,PEATON,NO,NO,1
34902,149989,149990,2023,0,0,-0.317191,-78.521752,PICHINCHA,QUITO,QUITO,URBANA,2023-07-15,12:20:00,12,SABADO,6,JULIO,7,NO,"NO RESPETAR LAS SENIALES REGLAMENTARIAS DE TRANSITO. (PARE, CEDA EL PASO, LUZ ROJA DEL SEMAFORO, ETC).",CHOQUE LATERAL,CAMION,1,0,0,1,0,0,0,0,0,1,0,0,0,3,57,HOMBRE,ILESO,CONDUCTOR PRESENTE,NO,NO,1
34903,150009,150010,2023,0,0,-0.440556,-78.702361,PICHINCHA,MEJIA,ALOAG,RURAL,2023-07-15,17:45:00,17,SABADO,6,JULIO,7,NO,CONDUCIR EN SENTIDO CONTRARIO A LA VIA NORMAL DE CIRCULACION.,CHOQUE FRONTAL,CAMION,1,0,0,1,0,0,0,0,0,0,0,0,0,2,-1,HOMBRE,ILESO,CONDUCTOR PRESENTE,NO,NO,3
34904,150011,150012,2023,0,1,0.168045,-78.411732,PICHINCHA,QUITO,SAN JOSE DE MINAS,RURAL,2023-07-15,18:30:00,18,SABADO,6,JULIO,7,NO,CONDUCIR VEHICULO SUPERANDO LOS LIMITES MAXIMOS DE VELOCIDAD.,PERDIDA DE CARRIL,MOTOCICLETA,0,0,0,0,0,0,0,0,1,0,0,0,0,1,69,HOMBRE,FALLECIDO,CONDUCTOR PRESENTE,NO,NO,3
34905,150016,150017,2023,0,0,-0.314015,-78.559657,PICHINCHA,QUITO,QUITO,URBANA,2023-07-15,19:30:00,19,SABADO,6,JULIO,7,NO,"CONDUCE BAJO LA INFLUENCIA DE ALCOHOL, SUSTANCIAS ESTUPEFACIENTES O PSICOTROPICAS Y/O MEDICAMENTOS.",ESTRELLAMIENTOS,BUS,0,0,1,0,1,0,0,0,0,0,0,0,0,2,35,HOMBRE,ILESO,CONDUCTOR PRESENTE,NO,NO,1
34906,150017,150018,2023,0,1,0.041592,-78.141305,PICHINCHA,CAYAMBE,CAYAMBE,URBANA,2023-07-15,19:45:00,19,SABADO,6,JULIO,7,NO,"CONDUCIR DESATENTO A LAS CONDICIONES DE TRANSITO (CELULAR, PANTALLAS DE VIDEO, COMIDA, MAQUILLAJE O CUALQUIER OTRO ELEMENTO DISTRACTOR).",CHOQUE LATERAL,CAMIONETA,0,0,0,0,1,0,0,0,0,0,0,0,0,1,22,HOMBRE,FALLECIDO,PASAJERO,NO,SI,1
34907,150018,150019,2023,0,0,-0.141081,-78.501055,PICHINCHA,QUITO,QUITO,URBANA,2023-07-15,20:00:00,20,SABADO,6,JULIO,7,NO,"CONDUCE BAJO LA INFLUENCIA DE ALCOHOL, SUSTANCIAS ESTUPEFACIENTES O PSICOTROPICAS Y/O MEDICAMENTOS.",COLISION,AUTOMOVIL,3,0,0,0,0,0,0,0,0,0,0,0,0,3,34,HOMBRE,ILESO,CONDUCTOR PRESENTE,NO,NO,1
34908,150021,150022,2023,0,0,-0.123012,-78.490124,PICHINCHA,QUITO,QUITO,URBANA,2023-07-15,21:15:00,21,SABADO,6,JULIO,7,NO,"NO RESPETAR LAS SENIALES REGLAMENTARIAS DE TRANSITO. (PARE, CEDA EL PASO, LUZ ROJA DEL SEMAFORO, ETC).",CHOQUE LATERAL,AUTOMOVIL,2,0,0,0,0,0,0,0,0,0,0,0,0,2,25,HOMBRE,ILESO,CONDUCTOR PRESENTE,NO,NO,1
34909,150028,150029,2023,0,0,-0.377154,-78.530513,PICHINCHA,MEJIA,CUTUGLAHUA,RURAL,2023-07-15,23:30:00,23,SABADO,6,JULIO,7,NO,"CONDUCIR DESATENTO A LAS CONDICIONES DE TRANSITO (CELULAR, PANTALLAS DE VIDEO, COMIDA, MAQUILLAJE O CUALQUIER OTRO ELEMENTO DISTRACTOR).",CHOQUE POSTERIOR,CAMION,1,0,0,1,0,0,0,0,0,0,0,0,0,2,28,HOMBRE,ILESO,CONDUCTOR PRESENTE,NO,SI,3