,Unnamed: 0,ID,ANIO,LESIONADOS,FALLECIDOS,LATITUD_Y,LONGITUD_X,PROVINCIA,CANTON,PARROQUIA,ZONA,FECHA,HORA,PERIODO_2,DIA_1,DIA_2,MES_1,MES_2,FERIADO,CAUSA_PROBABLE,TIPO_DE_SINIESTRO,TIPO_DE_VEHICULO_1,AUTOMOVIL,BICICLETA,BUS,CAMION,CAMIONETA,EMERGENCIAS,ESPECIAL,FURGONETA,MOTOCICLETA,NO_IDENTIFICADO,SCOOTER_ELECTRICO,TRICIMOTO,VEHICULO_DEPORTIVO_UTILITARIO,SUMA_DE_VEHICULOS,EDAD_1,SEXO_1,CONDICION_1,PARTICIPANTE_1,CASCO_1,CINTURON_1,KMeans_Cluster
34910,150029,150030,2023,0,0,-0.106869,-78.443784,PICHINCHA,QUITO,CALDERON (CARAPUNGO),RURAL,2023-07-15,23:30:00,23,SABADO,6,JULIO,7,NO,NO MANTENER LA DISTANCIA PRUDENCIAL CON RESPECTO AL VEHICULO QUE LE ANTECEDE.,COLISION,CAMIONETA,2,0,0,0,1,0,0,0,0,0,0,0,0,3,42,HOMBRE,ILESO,CONDUCTOR PRESENTE,NO,NO,3
34911,150030,150031,2023,0,0,-0.299077,-78.558722,PICHINCHA,QUITO,QUITO,URBANA,2023-07-15,23:35:00,23,SABADO,6,JULIO,7,NO,NO GUARDAR LA DISTANCIA LATERAL MINIMA DE SEGURIDAD ENTRE VEHICULOS.,ROZAMIENTOS,CAMION,1,0,0,1,0,0,0,0,0,0,0,0,0,2,33,HOMBRE,ILESO,CONDUCTOR PRESENTE,NO,NO,1
34912,150033,150034,2023,3,0,0.000208,-78.454756,PICHINCHA,QUITO,SAN ANTONIO (QUITO),URBANA,2023-07-16,00:05:00,0,DOMINGO,7,JULIO,7,NO,"CONDUCIR DESATENTO A LAS CONDICIONES DE TRANSITO (CELULAR, PANTALLAS DE VIDEO, COMIDA, MAQUILLAJE O CUALQUIER OTRO ELEMENTO DISTRACTOR).",PERDIDA DE CARRIL,NO IDENTIFICADO,0,0,0,0,0,0,0,0,0,1,0,0,0,1,19,HOMBRE,LESIONADO,PASAJERO,NO,SI,1
34913,150034,150035,2023,0,1,-0.340311,-78.464214,PICHINCHA,RUMINIAHUI,SANGOLQUI,URBANA,2023-07-16,00:05:00,0,DOMINGO,7,JULIO,7,NO,"CASO FORTUITO O FUERZA MAYOR (EXPLOSION DE NEUMATICO NUEVO, DERRUMBE, INUNDACION, CAIDA DE PUENTE, ARBOL, PRESENCIA INTEMPESTIVA E IMPREVISTA DE SEMOVIENTES EN LA VIA, ETC.).",ATROPELLOS,NO IDENTIFICADO,0,0,0,0,0,0,0,0,0,1,0,0,0,1,30,HOMBRE,FALLECIDO,PEATON,NO,SI,1
34914,150037,150038,2023,0,0,-0.367758,-78.477069,PICHINCHA,QUITO,AMAGUANIA,RURAL,2023-07-16,00:20:00,0,DOMINGO,7,JULIO,7,NO,"CONDUCE BAJO LA INFLUENCIA DE ALCOHOL, SUSTANCIAS ESTUPEFACIENTES O PSICOTROPICAS Y/O MEDICAMENTOS.",PERDIDA DE CARRIL,CAMIONETA,1,0,0,0,1,0,0,0,0,0,0,0,0,2,56,HOMBRE,ILESO,CONDUCTOR PRESENTE,NO,SI,3
34915,150041,150042,2023,1,0,-0.237863,-78.528907,PICHINCHA,QUITO,QUITO,URBANA,2023-07-16,01:10:00,1,DOMINGO,7,JULIO,7,NO,CONDUCIR VEHICULO SUPERANDO LOS LIMITES MAXIMOS DE VELOCIDAD.,OTROS,MOTOCICLETA,1,0,0,0,0,0,0,0,1,0,0,0,0,2,23,HOMBRE,LESIONADO,CONDUCTOR PRESENTE,NO,NO,1
34916,150043,150044,2023,0,0,-0.299639,-78.558637,PICHINCHA,QUITO,QUITO,URBANA,2023-07-16,01:55:00,1,DOMINGO,7,JULIO,7,NO,"CONDUCE BAJO LA INFLUENCIA DE ALCOHOL, SUSTANCIAS ESTUPEFACIENTES O PSICOTROPICAS Y/O MEDICAMENTOS.",CHOQUE POSTERIOR,AUTOMOVIL,2,0,0,0,0,0,0,0,0,0,0,0,0,2,25,HOMBRE,ILESO,CONDUCTOR PRESENTE,NO,NO,1
34917,150044,150045,2023,1,1,0.087283,-79.053811,PICHINCHA,PEDRO VICENTE MALDONADO,PEDRO VICENTE MALDONADO,URBANA,2023-07-16,02:00:00,2,DOMINGO,7,JULIO,7,NO,"CONDUCE BAJO LA INFLUENCIA DE ALCOHOL, SUSTANCIAS ESTUPEFACIENTES O PSICOTROPICAS Y/O MEDICAMENTOS.",CHOQUE FRONTAL,CAMIONETA,0,0,0,0,1,0,0,0,0,0,0,0,0,1,18,HOMBRE,FALLECIDO,CONDUCTOR PRESENTE,NO,SI,1
34918,150045,150046,2023,0,0,-0.102139,-78.491824,PICHINCHA,QUITO,QUITO,URBANA,2023-07-16,02:00:00,2,DOMINGO,7,JULIO,7,NO,CONDUCIR VEHICULO SUPERANDO LOS LIMITES MAXIMOS DE VELOCIDAD.,ESTRELLAMIENTOS,AUTOMOVIL,2,0,0,0,0,0,0,0,0,0,0,0,0,2,31,HOMBRE,ILESO,CONDUCTOR PRESENTE,NO,NO,1
34919,150067,150068,2023,0,1,-0.242081,-78.536411,PICHINCHA,QUITO,QUITO,URBANA,2023-07-16,05:30:00,5,DOMINGO,7,JULIO,7,NO,"NO RESPETAR LAS SENIALES REGLAMENTARIAS DE TRANSITO. (PARE, CEDA EL PASO, LUZ ROJA DEL SEMAFORO, ETC).",CHOQUE LATERAL,MOTOCICLETA,0,0,0,0,0,0,0,0,1,1,0,0,0,2,22,HOMBRE,FALLECIDO,CONDUCTOR PRESENTE,NO,NO,1
34920,150074,150075,2023,0,0,-0.153587,-78.476922,PICHINCHA,QUITO,QUITO,URBANA,2023-07-16,06:20:00,6,DOMINGO,7,JULIO,7,NO,"CONDUCE BAJO LA INFLUENCIA DE ALCOHOL, SUSTANCIAS ESTUPEFACIENTES O PSICOTROPICAS Y/O MEDICAMENTOS.",CHOQUE POSTERIOR,AUTOMOVIL,2,0,0,0,0,0,0,0,0,0,0,0,0,2,36,HOMBRE,ILESO,CONDUCTOR PRESENTE,NO,NO,1
34921,150083,150084,2023,0,0,-0.338863,-78.549587,PICHINCHA,QUITO,QUITO,URBANA,2023-07-16,08:45:00,8,DOMINGO,7,JULIO,7,NO,"CONDUCE BAJO LA INFLUENCIA DE ALCOHOL, SUSTANCIAS ESTUPEFACIENTES O PSICOTROPICAS Y/O MEDICAMENTOS.",CHOQUE POSTERIOR,AUTOMOVIL,2,0,0,0,0,0,0,0,0,0,0,0,0,2,30,HOMBRE,ILESO,CONDUCTOR PRESENTE,NO,NO,1
34922,150084,150085,2023,1,0,-0.336524,-78.550049,PICHINCHA,QUITO,QUITO,URBANA,2023-07-16,08:50:00,8,DOMINGO,7,JULIO,7,NO,NO TRANSITAR POR LAS ACERAS O ZONAS DE SEGURIDAD DESTINADAS PARA EL EFECTO.,ATROPELLOS,AUTOMOVIL,1,0,0,0,0,0,0,0,0,0,0,0,0,1,64,HOMBRE,LESIONADO,PEATON,NO,NO,1
34923,150087,150088,2023,0,0,-0.111484,-78.486622,PICHINCHA,QUITO,QUITO,URBANA,2023-07-16,10:10:00,10,DOMINGO,7,JULIO,7,NO,"NO RESPETAR LAS SENIALES REGLAMENTARIAS DE TRANSITO. (PARE, CEDA EL PASO, LUZ ROJA DEL SEMAFORO, ETC).",CHOQUE LATERAL,CAMIONETA,0,0,0,0,2,0,0,0,0,0,0,0,0,2,42,HOMBRE,ILESO,CONDUCTOR PRESENTE,NO,NO,1
34924,150092,150093,2023,0,0,-0.304546,-78.467201,PICHINCHA,QUITO,CONOCOTO,RURAL,2023-07-16,13:00:00,13,DOMINGO,7,JULIO,7,NO,NO MANTENER LA DISTANCIA PRUDENCIAL CON RESPECTO AL VEHICULO QUE LE ANTECEDE.,CHOQUE POSTERIOR,FURGONETA,1,0,0,0,0,0,0,1,0,0,0,0,0,2,30,HOMBRE,ILESO,CONDUCTOR PRESENTE,NO,NO,3
34925,150093,150094,2023,0,0,-0.193293,-78.497268,PICHINCHA,QUITO,QUITO,URBANA,2023-07-16,13:30:00,13,DOMINGO,7,JULIO,7,NO,"NO RESPETAR LAS SENIALES REGLAMENTARIAS DE TRANSITO. (PARE, CEDA EL PASO, LUZ ROJA DEL SEMAFORO, ETC).",CHOQUE LATERAL,AUTOMOVIL,2,0,0,0,0,0,0,0,0,0,0,0,0,2,61,MUJER,ILESO,CONDUCTOR PRESENTE,NO,NO,1
34926,150095,150096,2023,0,0,-0.377415,-78.499915,PICHINCHA,QUITO,AMAGUANIA,RURAL,2023-07-16,15:30:00,15,DOMINGO,7,JULIO,7,NO,"CONDUCE BAJO LA INFLUENCIA DE ALCOHOL, SUSTANCIAS ESTUPEFACIENTES O PSICOTROPICAS Y/O MEDICAMENTOS.",ESTRELLAMIENTOS,CAMION,0,0,0,1,0,0,0,1,0,0,0,0,0,2,29,HOMBRE,ILESO,CONDUCTOR PRESENTE,NO,NO,3
34927,150096,150097,2023,3,0,-0.142754,-78.443431,PICHINCHA,QUITO,LLANO CHICO,RURAL,2023-07-16,15:30:00,15,DOMINGO,7,JULIO,7,NO,"CONDUCE BAJO LA INFLUENCIA DE ALCOHOL, SUSTANCIAS ESTUPEFACIENTES O PSICOTROPICAS Y/O MEDICAMENTOS.",CHOQUE LATERAL,AUTOMOVIL,2,0,0,0,0,0,0,0,0,0,0,0,0,2,32,MUJER,LESIONADO,PASAJERO,NO,NO,3
34928,150125,150126,2023,2,0,-0.096028,-78.440061,PICHINCHA,QUITO,CALDERON (CARAPUNGO),RURAL,2023-07-17,01:55:00,1,LUNES,1,JULIO,7,NO,"NO RESPETAR LAS SENIALES REGLAMENTARIAS DE TRANSITO. (PARE, CEDA EL PASO, LUZ ROJA DEL SEMAFORO, ETC).",OTROS,MOTOCICLETA,0,0,0,0,0,0,0,0,1,1,0,0,0,2,28,HOMBRE,LESIONADO,PASAJERO,NO,NO,3
34929,150132,150133,2023,2,0,-0.278008,-78.531409,PICHINCHA,QUITO,QUITO,URBANA,2023-07-17,06:48:00,6,LUNES,1,JULIO,7,NO,CONDUCIR VEHICULO SUPERANDO LOS LIMITES MAXIMOS DE VELOCIDAD.,OTROS,CAMION,0,0,0,1,0,0,0,0,1,0,0,0,0,2,34,HOMBRE,LESIONADO,CONDUCTOR PRESENTE,NO,NO,1
34930,150140,150141,2023,0,0,-0.289359,-78.538549,PICHINCHA,QUITO,QUITO,URBANA,2023-07-17,10:25:00,10,LUNES,1,JULIO,7,NO,NO MANTENER LA DISTANCIA PRUDENCIAL CON RESPECTO AL VEHICULO QUE LE ANTECEDE.,CHOQUE POSTERIOR,CAMION,0,0,0,1,0,0,0,1,0,0,0,0,0,2,26,HOMBRE,ILESO,CONDUCTOR PRESENTE,NO,NO,1
34931,150148,150149,2023,1,0,-0.237678,-78.483096,PICHINCHA,QUITO,QUITO,URBANA,2023-07-17,14:00:00,14,LUNES,1,JULIO,7,NO,CONDUCIR VEHICULO SUPERANDO LOS LIMITES MAXIMOS DE VELOCIDAD.,PERDIDA DE CARRIL,AUTOMOVIL,1,0,0,0,0,0,0,0,0,0,0,0,0,1,69,MUJER,LESIONADO,PASAJERO,NO,NO,1
34932,150151,150152,2023,0,0,-0.070387,-78.470892,PICHINCHA,QUITO,POMASQUI,URBANA,2023-07-17,15:00:00,15,LUNES,1,JULIO,7,NO,CONDUCIR VEHICULO SUPERANDO LOS LIMITES MAXIMOS DE VELOCIDAD.,COLISION,AUTOMOVIL,3,0,0,0,0,0,0,0,0,0,0,0,0,3,43,HOMBRE,ILESO,CONDUCTOR PRESENTE,NO,SI,1
34933,150156,150157,2023,0,0,-0.234661,-78.519269,PICHINCHA,QUITO,QUITO,URBANA,2023-07-17,15:40:00,15,LUNES,1,JULIO,7,NO,CONDUCIR VEHICULO SUPERANDO LOS LIMITES MAXIMOS DE VELOCIDAD.,PERDIDA DE CARRIL,AUTOMOVIL,1,0,0,0,0,0,0,0,0,0,0,0,0,1,34,HOMBRE,ILESO,CONDUCTOR PRESENTE,NO,NO,1
34934,150160,150161,2023,1,0,-0.157705,-78.488125,PICHINCHA,QUITO,QUITO,URBANA,2023-07-17,18:35:00,18,LUNES,1,JULIO,7,NO,PEATON QUE CRUZA LA CALZADA SIN RESPETAR LA SENIALIZACION EXISTENTE (SEMAFOROS O SENIALES MANUALES).,ATROPELLOS,MOTOCICLETA,0,0,0,0,0,0,0,0,1,0,0,0,0,1,12,HOMBRE,LESIONADO,PEATON,NO,NO,1
34935,150164,150165,2023,2,0,-0.080419,-78.430585,PICHINCHA,QUITO,CALDERON (CARAPUNGO),RURAL,2023-07-17,20:00:00,20,LUNES,1,JULIO,7,NO,"CONDUCE BAJO LA INFLUENCIA DE ALCOHOL, SUSTANCIAS ESTUPEFACIENTES O PSICOTROPICAS Y/O MEDICAMENTOS.",CHOQUE FRONTAL,MOTOCICLETA,0,0,0,0,0,0,0,0,2,0,0,0,0,2,44,HOMBRE,LESIONADO,CONDUCTOR PRESENTE,NO,NO,3
34936,150166,150167,2023,0,0,-0.405111,-78.806972,PICHINCHA,MEJIA,MANUEL CORNEJO ASTORGA,RURAL,2023-07-17,21:00:00,21,LUNES,1,JULIO,7,NO,"CONDUCIR DESATENTO A LAS CONDICIONES DE TRANSITO (CELULAR, PANTALLAS DE VIDEO, COMIDA, MAQUILLAJE O CUALQUIER OTRO ELEMENTO DISTRACTOR).",PERDIDA DE CARRIL,CAMIONETA,0,0,0,0,1,0,0,0,0,0,0,0,0,1,-1,HOMBRE,ILESO,CONDUCTOR PRESENTE,NO,NO,3
34937,150169,150170,2023,0,0,-0.316887,-78.521697,PICHINCHA,QUITO,QUITO,URBANA,2023-07-18,02:00:00,2,MARTES,2,JULIO,7,NO,CONDUCIR VEHICULO SUPERANDO LOS LIMITES MAXIMOS DE VELOCIDAD.,ESTRELLAMIENTOS,CAMION,0,0,0,1,0,0,0,0,0,0,0,0,0,1,26,HOMBRE,ILESO,CONDUCTOR PRESENTE,NO,NO,1
34938,150170,150171,2023,0,0,-0.295572,-78.563531,PICHINCHA,QUITO,QUITO,URBANA,2023-07-18,02:25:00,2,MARTES,2,JULIO,7,NO,CONDUCIR VEHICULO SUPERANDO LOS LIMITES MAXIMOS DE VELOCIDAD.,ESTRELLAMIENTOS,CAMIONETA,0,0,0,0,1,0,0,0,0,0,0,0,0,1,-1,NO IDENTIFICADO,NO IDENTIFICADO,CONDUCTOR AUSENTE,NO,NO,2
34939,150172,150173,2023,0,0,-0.093158,-78.510137,PICHINCHA,QUITO,QUITO,URBANA,2023-07-18,03:30:00,3,MARTES,2,JULIO,7,NO,CONDUCIR VEHICULO SUPERANDO LOS LIMITES MAXIMOS DE VELOCIDAD.,ESTRELLAMIENTOS,AUTOMOVIL,1,0,0,0,0,0,0,0,0,0,0,0,0,1,-1,NO IDENTIFICADO,NO IDENTIFICADO,CONDUCTOR AUSENTE,NO,NO,2
34940,150187,150188,2023,0,0,-0.279429,-78.557991,PICHINCHA,QUITO,QUITO,URBANA,2023-07-18,08:30:00,8,MARTES,2,JULIO,7,NO,"NO RESPETAR LAS SENIALES REGLAMENTARIAS DE TRANSITO. (PARE, CEDA EL PASO, LUZ ROJA DEL SEMAFORO, ETC).",CHOQUE LATERAL,AUTOMOVIL,2,0,0,0,0,0,0,0,0,0,0,0,0,2,35,HOMBRE,ILESO,CONDUCTOR PRESENTE,NO,NO,1
34941,150188,150189,2023,0,0,-0.185678,-78.506035,PICHINCHA,QUITO,QUITO,URBANA,2023-07-18,08:30:00,8,MARTES,2,JULIO,7,NO,"NO RESPETAR LAS SENIALES REGLAMENTARIAS DE TRANSITO. (PARE, CEDA EL PASO, LUZ ROJA DEL SEMAFORO, ETC).",CHOQUE LATERAL,AUTOMOVIL,2,0,0,0,0,0,0,0,0,0,0,0,0,2,46,MUJER,ILESO,CONDUCTOR PRESENTE,NO,NO,1
34942,150194,150195,2023,0,0,-0.208621,-78.501731,PICHINCHA,QUITO,QUITO,URBANA,2023-07-18,11:40:00,11,MARTES,2,JULIO,7,NO,NO CEDER EL DERECHO DE VIA O PREFERENCIA DE PASO A VEHICULOS.,CHOQUE LATERAL,CAMIONETA,1,0,0,0,1,0,0,0,0,0,0,0,0,2,59,HOMBRE,ILESO,CONDUCTOR PRESENTE,NO,NO,1
34943,150197,150198,2023,0,0,-0.170157,-78.479711,PICHINCHA,QUITO,QUITO,URBANA,2023-07-18,13:10:00,13,MARTES,2,JULIO,7,NO,"CASO FORTUITO O FUERZA MAYOR (EXPLOSION DE NEUMATICO NUEVO, DERRUMBE, INUNDACION, CAIDA DE PUENTE, ARBOL, PRESENCIA INTEMPESTIVA E IMPREVISTA DE SEMOVIENTES EN LA VIA, ETC.).",OTROS,AUTOMOVIL,1,0,0,0,0,0,0,0,0,0,0,0,0,1,53,HOMBRE,ILESO,CONDUCTOR PRESENTE,NO,NO,1
34944,150226,150227,2023,1,0,-0.109347,-78.459214,PICHINCHA,QUITO,CALDERON (CARAPUNGO),URBANA,2023-07-18,23:14:00,23,MARTES,2,JULIO,7,NO,"CONDUCE BAJO LA INFLUENCIA DE ALCOHOL, SUSTANCIAS ESTUPEFACIENTES O PSICOTROPICAS Y/O MEDICAMENTOS.",CHOQUE POSTERIOR,AUTOMOVIL,2,0,0,0,0,0,0,0,0,0,0,0,0,2,37,MUJER,LESIONADO,CONDUCTOR PRESENTE,NO,NO,1
34945,150228,150229,2023,0,0,-0.144251,-78.469426,PICHINCHA,QUITO,QUITO,URBANA,2023-07-19,00:02:00,0,MIERCOLES,3,JULIO,7,NO,"CONDUCE BAJO LA INFLUENCIA DE ALCOHOL, SUSTANCIAS ESTUPEFACIENTES O PSICOTROPICAS Y/O MEDICAMENTOS.",CHOQUE POSTERIOR,AUTOMOVIL,2,0,0,0,0,0,0,0,0,0,0,0,0,2,19,HOMBRE,ILESO,CONDUCTOR PRESENTE,NO,NO,1
34946,150245,150246,2023,0,0,-0.375671,-78.501808,PICHINCHA,QUITO,AMAGUANIA,RURAL,2023-07-19,12:30:00,12,MIERCOLES,3,JULIO,7,NO,CONDUCIR VEHICULO SUPERANDO LOS LIMITES MAXIMOS DE VELOCIDAD.,ESTRELLAMIENTOS,CAMION,0,0,0,1,0,0,0,0,0,0,0,0,0,1,29,HOMBRE,ILESO,CONDUCTOR PRESENTE,NO,NO,3
34947,150247,150248,2023,0,0,-0.260438,-78.538928,PICHINCHA,QUITO,QUITO,URBANA,2023-07-19,13:30:00,13,MIERCOLES,3,JULIO,7,NO,NO MANTENER LA DISTANCIA PRUDENCIAL CON RESPECTO AL VEHICULO QUE LE ANTECEDE.,CHOQUE POSTERIOR,AUTOMOVIL,2,0,0,0,0,0,0,0,0,0,0,0,0,2,38,HOMBRE,ILESO,CONDUCTOR PRESENTE,NO,NO,1
34948,150248,150249,2023,0,0,-0.269981,-78.551788,PICHINCHA,QUITO,QUITO,URBANA,2023-07-19,13:40:00,13,MIERCOLES,3,JULIO,7,NO,NO MANTENER LA DISTANCIA PRUDENCIAL CON RESPECTO AL VEHICULO QUE LE ANTECEDE.,CHOQUE POSTERIOR,AUTOMOVIL,2,0,0,0,0,0,0,0,0,0,0,0,0,2,40,HOMBRE,ILESO,CONDUCTOR PRESENTE,NO,NO,1
34949,150250,150251,2023,2,0,-0.099312,-78.406949,PICHINCHA,QUITO,CALDERON (CARAPUNGO),RURAL,2023-07-19,14:00:00,14,MIERCOLES,3,JULIO,7,NO,"CONDUCIR DESATENTO A LAS CONDICIONES DE TRANSITO (CELULAR, PANTALLAS DE VIDEO, COMIDA, MAQUILLAJE O CUALQUIER OTRO ELEMENTO DISTRACTOR).",CHOQUE FRONTAL,MOTOCICLETA,0,0,0,0,0,0,0,0,1,0,0,0,1,2,44,HOMBRE,LESIONADO,CONDUCTOR PRESENTE,NO,SI,3
34950,150253,150254,2023,1,0,-0.095734,-78.432491,PICHINCHA,QUITO,CALDERON (CARAPUNGO),RURAL,2023-07-19,15:44:00,15,MIERCOLES,3,JULIO,7,NO,"NO RESPETAR LAS SENIALES REGLAMENTARIAS DE TRANSITO. (PARE, CEDA EL PASO, LUZ ROJA DEL SEMAFORO, ETC).",OTROS,MOTOCICLETA,0,0,0,0,0,0,0,0,1,1,0,0,0,2,32,HOMBRE,LESIONADO,CONDUCTOR PRESENTE,NO,NO,3
34951,150255,150256,2023,0,0,-0.100756,-78.472127,PICHINCHA,QUITO,QUITO,URBANA,2023-07-19,16:15:00,16,MIERCOLES,3,JULIO,7,NO,NO MANTENER LA DISTANCIA PRUDENCIAL CON RESPECTO AL VEHICULO QUE LE ANTECEDE.,CHOQUE POSTERIOR,AUTOMOVIL,2,0,0,0,0,0,0,0,0,0,0,0,0,2,30,MUJER,ILESO,CONDUCTOR PRESENTE,NO,NO,1
34952,150256,150257,2023,1,0,-0.323557,-78.555372,PICHINCHA,QUITO,QUITO,URBANA,2023-07-19,16:55:00,16,MIERCOLES,3,JULIO,7,NO,CONDUCIR VEHICULO SUPERANDO LOS LIMITES MAXIMOS DE VELOCIDAD.,OTROS,NO IDENTIFICADO,0,0,0,0,0,0,0,0,0,1,0,0,0,1,25,HOMBRE,LESIONADO,CONDUCTOR PRESENTE,NO,NO,1
34953,150266,150267,2023,0,0,-0.129801,-78.448395,PICHINCHA,QUITO,LLANO CHICO,RURAL,2023-07-19,20:15:00,20,MIERCOLES,3,JULIO,7,NO,NO MANTENER LA DISTANCIA PRUDENCIAL CON RESPECTO AL VEHICULO QUE LE ANTECEDE.,CHOQUE POSTERIOR,CAMION,0,0,0,1,1,0,0,0,0,0,0,0,0,2,34,HOMBRE,ILESO,CONDUCTOR PRESENTE,NO,NO,3
34954,150268,150269,2023,1,0,-0.244138,-78.518744,PICHINCHA,QUITO,QUITO,URBANA,2023-07-19,20:25:00,20,MIERCOLES,3,JULIO,7,NO,NO CEDER EL DERECHO DE VIA O PREFERENCIA DE PASO AL PEATON.,ATROPELLOS,NO IDENTIFICADO,0,0,0,0,0,0,0,0,0,1,0,0,0,1,65,HOMBRE,LESIONADO,PEATON,NO,NO,1
34955,150269,150270,2023,0,0,-0.263353,-78.524512,PICHINCHA,QUITO,QUITO,URBANA,2023-07-19,20:50:00,20,MIERCOLES,3,JULIO,7,NO,NO MANTENER LA DISTANCIA PRUDENCIAL CON RESPECTO AL VEHICULO QUE LE ANTECEDE.,CHOQUE POSTERIOR,AUTOMOVIL,2,0,0,0,0,0,0,0,0,0,0,0,0,2,51,HOMBRE,ILESO,CONDUCTOR PRESENTE,NO,NO,1
34956,150271,150272,2023,1,0,-0.244217,-78.491132,PICHINCHA,QUITO,QUITO,URBANA,2023-07-19,22:40:00,22,MIERCOLES,3,JULIO,7,NO,CONDUCIR VEHICULO SUPERANDO LOS LIMITES MAXIMOS DE VELOCIDAD.,ESTRELLAMIENTOS,AUTOMOVIL,1,0,0,0,0,0,0,0,0,0,0,0,0,1,67,HOMBRE,LESIONADO,CONDUCTOR PRESENTE,NO,NO,1
34957,150281,150282,2023,0,0,-0.204489,-78.500285,PICHINCHA,QUITO,QUITO,URBANA,2023-07-20,05:55:00,5,JUEVES,4,JULIO,7,NO,"NO RESPETAR LAS SENIALES REGLAMENTARIAS DE TRANSITO. (PARE, CEDA EL PASO, LUZ ROJA DEL SEMAFORO, ETC).",CHOQUE LATERAL,AUTOMOVIL,2,0,0,0,0,0,0,0,0,0,0,0,0,2,60,HOMBRE,ILESO,CONDUCTOR PRESENTE,NO,NO,1
34958,150284,150285,2023,1,0,-0.297773,-78.550292,PICHINCHA,QUITO,QUITO,URBANA,2023-07-20,06:17:00,6,JUEVES,4,JULIO,7,NO,"NO RESPETAR LAS SENIALES REGLAMENTARIAS DE TRANSITO. (PARE, CEDA EL PASO, LUZ ROJA DEL SEMAFORO, ETC).",CHOQUE LATERAL,MOTOCICLETA,0,0,0,0,0,1,0,0,1,0,0,0,0,2,29,HOMBRE,LESIONADO,CONDUCTOR PRESENTE,NO,NO,1
34959,150285,150286,2023,1,0,-0.094098,-78.503185,PICHINCHA,QUITO,QUITO,URBANA,2023-07-20,06:24:00,6,JUEVES,4,JULIO,7,NO,NO TRANSITAR POR LAS ACERAS O ZONAS DE SEGURIDAD DESTINADAS PARA EL EFECTO.,ATROPELLOS,FURGONETA,0,0,0,0,0,0,0,1,0,0,0,0,0,1,33,HOMBRE,LESIONADO,PEATON,NO,NO,1
34960,150286,150287,2023,4,0,-0.245774,-78.516154,PICHINCHA,QUITO,QUITO,URBANA,2023-07-20,06:40:00,6,JUEVES,4,JULIO,7,NO,"NO RESPETAR LAS SENIALES REGLAMENTARIAS DE TRANSITO. (PARE, CEDA EL PASO, LUZ ROJA DEL SEMAFORO, ETC).",CHOQUE LATERAL,EMERGENCIAS,0,0,0,0,0,1,0,1,0,0,0,0,0,2,21,HOMBRE,LESIONADO,PASAJERO,NO,NO,1
34961,150294,150295,2023,1,0,-0.299534,-78.459408,PICHINCHA,RUMINIAHUI,SANGOLQUI,RURAL,2023-07-20,09:30:00,9,JUEVES,4,JULIO,7,NO,"CONDUCIR DESATENTO A LAS CONDICIONES DE TRANSITO (CELULAR, PANTALLAS DE VIDEO, COMIDA, MAQUILLAJE O CUALQUIER OTRO ELEMENTO DISTRACTOR).",ATROPELLOS,AUTOMOVIL,1,0,0,0,0,0,0,0,0,0,0,0,0,1,50,MUJER,LESIONADO,PEATON,NO,SI,3
34962,150300,150301,2023,0,0,-0.214219,-78.516454,PICHINCHA,QUITO,QUITO,URBANA,2023-07-20,11:10:00,11,JUEVES,4,JULIO,7,NO,REALIZAR CAMBIO BRUSCO O INDEBIDO DE CARRIL.,OTROS,AUTOMOVIL,2,0,0,0,0,0,0,0,0,0,0,0,0,2,27,HOMBRE,ILESO,CONDUCTOR PRESENTE,NO,NO,1
34963,150304,150305,2023,0,0,-0.144548,-78.472622,PICHINCHA,QUITO,QUITO,URBANA,2023-07-20,11:50:00,11,JUEVES,4,JULIO,7,NO,"NO RESPETAR LAS SENIALES REGLAMENTARIAS DE TRANSITO. (PARE, CEDA EL PASO, LUZ ROJA DEL SEMAFORO, ETC).",CHOQUE LATERAL,CAMIONETA,1,0,0,0,1,0,0,0,0,0,0,0,0,2,69,HOMBRE,ILESO,CONDUCTOR PRESENTE,NO,NO,1
34964,150306,150307,2023,4,0,-0.245758,-78.476324,PICHINCHA,QUITO,QUITO,RURAL,2023-07-20,12:00:00,12,JUEVES,4,JULIO,7,NO,"CONDUCIR EN ESTADO DE SOMNOLENCIA O MALAS CONDICIONES FISICAS (SUENIO, CANSANCIO Y FATIGA).",OTROS,CAMION,1,0,0,1,1,0,0,0,0,0,0,0,0,3,62,HOMBRE,LESIONADO,PASAJERO,NO,NO,3
34965,150311,150312,2023,0,0,-0.222211,-78.400478,PICHINCHA,QUITO,TUMBACO,RURAL,2023-07-20,13:35:00,13,JUEVES,4,JULIO,7,NO,CONDUCIR VEHICULO SUPERANDO LOS LIMITES MAXIMOS DE VELOCIDAD.,ESTRELLAMIENTOS,CAMIONETA,0,0,0,0,1,0,0,0,0,0,0,0,0,1,41,HOMBRE,ILESO,CONDUCTOR PRESENTE,NO,NO,3
34966,150314,150315,2023,0,0,-0.304417,-78.474251,PICHINCHA,QUITO,CONOCOTO,RURAL,2023-07-20,14:30:00,14,JUEVES,4,JULIO,7,NO,"NO RESPETAR LAS SENIALES REGLAMENTARIAS DE TRANSITO. (PARE, CEDA EL PASO, LUZ ROJA DEL SEMAFORO, ETC).",CHOQUE LATERAL,AUTOMOVIL,2,0,0,0,0,0,0,0,0,0,0,0,0,2,63,MUJER,ILESO,CONDUCTOR PRESENTE,NO,NO,3