,Unnamed: 0,ID,ANIO,LESIONADOS,FALLECIDOS,LATITUD_Y,LONGITUD_X,PROVINCIA,CANTON,PARROQUIA,ZONA,FECHA,HORA,PERIODO_2,DIA_1,DIA_2,MES_1,MES_2,FERIADO,CAUSA_PROBABLE,TIPO_DE_SINIESTRO,TIPO_DE_VEHICULO_1,AUTOMOVIL,BICICLETA,BUS,CAMION,CAMIONETA,EMERGENCIAS,ESPECIAL,FURGONETA,MOTOCICLETA,NO_IDENTIFICADO,SCOOTER_ELECTRICO,TRICIMOTO,VEHICULO_DEPORTIVO_UTILITARIO,SUMA_DE_VEHICULOS,EDAD_1,SEXO_1,CONDICION_1,PARTICIPANTE_1,CASCO_1,CINTURON_1,KMeans_Cluster
34967,150319,150320,2023,1,1,-0.357242,-78.532243,PICHINCHA,QUITO,QUITO,URBANA,2023-07-20,16:00:00,16,JUEVES,4,JULIO,7,NO,CONDUCIR VEHICULO SUPERANDO LOS LIMITES MAXIMOS DE VELOCIDAD.,ESTRELLAMIENTOS,AUTOMOVIL,1,0,0,0,0,0,0,0,0,0,0,0,0,1,67,MUJER,FALLECIDO,PASAJERO,NO,NO,1
34968,150323,150324,2023,0,0,-0.129197,-78.502321,PICHINCHA,QUITO,QUITO,URBANA,2023-07-20,16:30:00,16,JUEVES,4,JULIO,7,NO,NO GUARDAR LA DISTANCIA LATERAL MINIMA DE SEGURIDAD ENTRE VEHICULOS.,CHOQUE LATERAL,AUTOMOVIL,2,0,0,0,0,0,0,0,0,0,0,0,0,2,22,HOMBRE,ILESO,CONDUCTOR PRESENTE,NO,NO,1
34969,150328,150329,2023,0,0,-0.197821,-78.510946,PICHINCHA,QUITO,QUITO,URBANA,2023-07-20,18:15:00,18,JUEVES,4,JULIO,7,NO,CONDUCIR VEHICULO SUPERANDO LOS LIMITES MAXIMOS DE VELOCIDAD.,OTROS,AUTOMOVIL,1,0,0,0,0,0,0,0,0,0,0,0,0,1,-1,NO IDENTIFICADO,NO IDENTIFICADO,CONDUCTOR AUSENTE,NO,NO,2
34970,150334,150335,2023,1,0,-0.223843,-78.517395,PICHINCHA,QUITO,QUITO,URBANA,2023-07-20,21:50:00,21,JUEVES,4,JULIO,7,NO,"NO RESPETAR LAS SENIALES REGLAMENTARIAS DE TRANSITO. (PARE, CEDA EL PASO, LUZ ROJA DEL SEMAFORO, ETC).",CHOQUE LATERAL,MOTOCICLETA,1,0,0,0,0,0,0,0,1,0,0,0,0,2,23,HOMBRE,LESIONADO,CONDUCTOR PRESENTE,NO,NO,1
34971,150340,150341,2023,0,0,-0.196241,-78.481179,PICHINCHA,QUITO,QUITO,URBANA,2023-07-21,01:30:00,1,VIERNES,5,JULIO,7,NO,CONDUCIR VEHICULO SUPERANDO LOS LIMITES MAXIMOS DE VELOCIDAD.,ESTRELLAMIENTOS,AUTOMOVIL,1,0,0,0,0,0,0,0,0,0,0,0,0,1,-1,NO IDENTIFICADO,NO IDENTIFICADO,CONDUCTOR AUSENTE,NO,NO,2
34972,150341,150342,2023,1,1,-0.169322,-78.476169,PICHINCHA,QUITO,QUITO,URBANA,2023-07-21,01:35:00,1,VIERNES,5,JULIO,7,NO,CONDUCIR VEHICULO SUPERANDO LOS LIMITES MAXIMOS DE VELOCIDAD.,PERDIDA DE CARRIL,MOTOCICLETA,0,0,0,0,0,0,0,0,1,0,0,0,0,1,28,HOMBRE,FALLECIDO,PASAJERO,NO,NO,1
34973,150342,150343,2023,0,0,-0.225156,-78.347462,PICHINCHA,QUITO,PIFO,RURAL,2023-07-21,02:40:00,2,VIERNES,5,JULIO,7,NO,"CONDUCIR DESATENTO A LAS CONDICIONES DE TRANSITO (CELULAR, PANTALLAS DE VIDEO, COMIDA, MAQUILLAJE O CUALQUIER OTRO ELEMENTO DISTRACTOR).",ESTRELLAMIENTOS,AUTOMOVIL,1,0,0,0,0,0,0,0,0,0,0,0,0,1,27,MUJER,ILESO,CONDUCTOR PRESENTE,NO,NO,3
34974,150357,150358,2023,1,0,-0.221696,-78.396381,PICHINCHA,QUITO,TUMBACO,RURAL,2023-07-21,09:50:00,9,VIERNES,5,JULIO,7,NO,REALIZAR CAMBIO BRUSCO O INDEBIDO DE CARRIL.,CHOQUE LATERAL,MOTOCICLETA,1,0,0,0,0,0,0,0,1,0,0,0,0,2,35,HOMBRE,LESIONADO,CONDUCTOR PRESENTE,NO,NO,3
34975,150358,150359,2023,0,0,-0.175949,-78.485641,PICHINCHA,QUITO,QUITO,URBANA,2023-07-21,10:15:00,10,VIERNES,5,JULIO,7,NO,CONDUCIR VEHICULO SUPERANDO LOS LIMITES MAXIMOS DE VELOCIDAD.,ESTRELLAMIENTOS,CAMION,0,0,0,1,0,0,0,0,0,0,0,0,0,1,59,HOMBRE,ILESO,CONDUCTOR PRESENTE,NO,NO,1
34976,150362,150363,2023,0,0,-0.320352,-78.374744,PICHINCHA,QUITO,PINTAG,RURAL,2023-07-21,14:30:00,14,VIERNES,5,JULIO,7,NO,PESO Y VOLUMEN - NO CUMPLIR CON LAS NORMAS DE SEGURIDAD NECESARIAS AL TRANSPORTAR CARGAS.,PERDIDA DE CARRIL,CAMION,0,0,0,1,0,0,0,0,0,0,0,0,0,1,67,HOMBRE,ILESO,CONDUCTOR PRESENTE,NO,SI,3
34977,150366,150367,2023,1,0,-0.171521,-78.487476,PICHINCHA,QUITO,QUITO,URBANA,2023-07-21,15:30:00,15,VIERNES,5,JULIO,7,NO,"PEATON TRANSITA BAJO INFLUENCIA DE ALCOHOL, SUSTANCIAS ESTUPEFACIENTES O PSICOTROPICAS Y/O MEDICAMENTOS.",ATROPELLOS,MOTOCICLETA,0,0,0,0,0,0,0,0,1,0,0,0,0,1,56,HOMBRE,LESIONADO,PEATON,NO,NO,1
34978,150367,150368,2023,0,0,-0.184228,-78.476601,PICHINCHA,QUITO,QUITO,URBANA,2023-07-21,15:30:00,15,VIERNES,5,JULIO,7,NO,CONDUCIR VEHICULO SUPERANDO LOS LIMITES MAXIMOS DE VELOCIDAD.,PERDIDA DE CARRIL,AUTOMOVIL,1,0,0,0,0,0,0,0,0,0,0,0,0,1,-1,NO IDENTIFICADO,NO IDENTIFICADO,CONDUCTOR AUSENTE,NO,NO,2
34979,150375,150376,2023,1,0,-0.192364,-78.456031,PICHINCHA,QUITO,QUITO,URBANA,2023-07-21,17:15:00,17,VIERNES,5,JULIO,7,NO,CONDUCIR VEHICULO SUPERANDO LOS LIMITES MAXIMOS DE VELOCIDAD.,OTROS,CAMION,1,0,0,1,0,0,0,0,0,0,0,0,0,2,24,MUJER,LESIONADO,CONDUCTOR PRESENTE,NO,NO,1
34980,150389,150390,2023,0,0,-0.191212,-78.512653,PICHINCHA,QUITO,QUITO,URBANA,2023-07-21,20:50:00,20,VIERNES,5,JULIO,7,NO,CONDUCIR VEHICULO SUPERANDO LOS LIMITES MAXIMOS DE VELOCIDAD.,ESTRELLAMIENTOS,AUTOMOVIL,1,0,0,0,0,0,0,0,0,0,0,0,0,1,-1,NO IDENTIFICADO,NO IDENTIFICADO,CONDUCTOR AUSENTE,NO,NO,2
34981,150400,150401,2023,0,0,-0.243757,-78.475573,PICHINCHA,QUITO,QUITO,URBANA,2023-07-21,23:30:00,23,VIERNES,5,JULIO,7,NO,NO MANTENER LA DISTANCIA PRUDENCIAL CON RESPECTO AL VEHICULO QUE LE ANTECEDE.,CHOQUE POSTERIOR,CAMION,1,0,0,1,0,0,0,0,0,0,0,0,0,2,25,HOMBRE,ILESO,CONDUCTOR PRESENTE,NO,NO,1
34982,150403,150404,2023,0,0,-0.007976,-78.447119,PICHINCHA,QUITO,SAN ANTONIO (QUITO),RURAL,2023-07-22,00:20:00,0,SABADO,6,JULIO,7,NO,NO MANTENER LA DISTANCIA PRUDENCIAL CON RESPECTO AL VEHICULO QUE LE ANTECEDE.,CHOQUE POSTERIOR,MOTOCICLETA,1,0,0,0,0,0,0,0,1,0,0,0,0,2,31,HOMBRE,ILESO,CONDUCTOR PRESENTE,NO,NO,3
34983,150406,150407,2023,0,0,-0.227351,-78.492054,PICHINCHA,QUITO,QUITO,URBANA,2023-07-22,01:20:00,1,SABADO,6,JULIO,7,NO,REALIZAR CAMBIO BRUSCO O INDEBIDO DE CARRIL.,CHOQUE LATERAL,AUTOMOVIL,2,0,0,0,0,0,0,0,0,0,0,0,0,2,28,HOMBRE,ILESO,CONDUCTOR PRESENTE,NO,NO,1
34984,150409,150410,2023,1,1,-0.135809,-78.482238,PICHINCHA,QUITO,QUITO,URBANA,2023-07-22,02:05:00,2,SABADO,6,JULIO,7,NO,"NO RESPETAR LAS SENIALES REGLAMENTARIAS DE TRANSITO. (PARE, CEDA EL PASO, LUZ ROJA DEL SEMAFORO, ETC).",CHOQUE LATERAL,MOTOCICLETA,1,0,0,0,0,0,0,0,1,0,0,0,0,2,26,HOMBRE,FALLECIDO,PASAJERO,NO,NO,1
34985,150413,150414,2023,0,0,-0.128518,-78.471138,PICHINCHA,QUITO,QUITO,URBANA,2023-07-22,03:30:00,3,SABADO,6,JULIO,7,NO,CONDUCIR VEHICULO SUPERANDO LOS LIMITES MAXIMOS DE VELOCIDAD.,ESTRELLAMIENTOS,AUTOMOVIL,1,0,0,0,0,0,0,0,0,0,0,0,0,1,-1,NO IDENTIFICADO,NO IDENTIFICADO,CONDUCTOR AUSENTE,NO,NO,2
34986,150419,150420,2023,1,0,-0.131526,-78.470882,PICHINCHA,QUITO,QUITO,URBANA,2023-07-22,04:35:00,4,SABADO,6,JULIO,7,NO,"CONDUCIR EN ESTADO DE SOMNOLENCIA O MALAS CONDICIONES FISICAS (SUENIO, CANSANCIO Y FATIGA).",ESTRELLAMIENTOS,AUTOMOVIL,1,0,0,0,0,0,0,0,0,0,0,0,0,1,53,MUJER,LESIONADO,PASAJERO,NO,NO,1
34987,150424,150425,2023,2,0,-0.298757,-78.546931,PICHINCHA,QUITO,QUITO,URBANA,2023-07-22,06:00:00,6,SABADO,6,JULIO,7,NO,NO MANTENER LA DISTANCIA PRUDENCIAL CON RESPECTO AL VEHICULO QUE LE ANTECEDE.,CHOQUE POSTERIOR,MOTOCICLETA,0,0,0,0,0,0,0,0,1,1,0,0,0,2,29,HOMBRE,LESIONADO,CONDUCTOR PRESENTE,NO,NO,1
34988,150427,150428,2023,1,0,-0.348901,-78.523318,PICHINCHA,QUITO,QUITO,URBANA,2023-07-22,07:00:00,7,SABADO,6,JULIO,7,NO,"NO RESPETAR LAS SENIALES REGLAMENTARIAS DE TRANSITO. (PARE, CEDA EL PASO, LUZ ROJA DEL SEMAFORO, ETC).",CHOQUE LATERAL,MOTOCICLETA,0,0,0,0,0,0,0,0,1,1,0,0,0,2,24,HOMBRE,LESIONADO,CONDUCTOR PRESENTE,NO,NO,1
34989,150429,150430,2023,1,0,-0.300803,-78.542171,PICHINCHA,QUITO,QUITO,URBANA,2023-07-22,08:40:00,8,SABADO,6,JULIO,7,NO,NO CEDER EL DERECHO DE VIA O PREFERENCIA DE PASO AL PEATON.,ATROPELLOS,BUS,0,0,1,0,0,0,0,0,0,0,0,0,0,1,18,HOMBRE,LESIONADO,PEATON,NO,NO,1
34990,150431,150432,2023,0,0,-0.296065,-78.560095,PICHINCHA,QUITO,QUITO,URBANA,2023-07-22,09:00:00,9,SABADO,6,JULIO,7,NO,CONDUCIR VEHICULO SUPERANDO LOS LIMITES MAXIMOS DE VELOCIDAD.,OTROS,MOTOCICLETA,0,0,0,0,0,0,0,0,1,0,0,0,0,1,34,HOMBRE,ILESO,PASAJERO,NO,NO,1
34991,150435,150436,2023,0,0,-0.260467,-78.503596,PICHINCHA,QUITO,QUITO,URBANA,2023-07-22,11:00:00,11,SABADO,6,JULIO,7,NO,"FALLA MECANICA EN LOS SISTEMAS Y/O NEUMATICOS (SISTEMA DE FRENOS, DIRECCION, ELECTRONICO O MECANICO).",CHOQUE LATERAL,BUS,0,0,1,0,1,0,0,0,0,0,0,0,0,2,26,HOMBRE,ILESO,CONDUCTOR PRESENTE,NO,NO,1
34992,150438,150439,2023,1,0,-0.119381,-78.506545,PICHINCHA,QUITO,QUITO,URBANA,2023-07-22,11:50:00,11,SABADO,6,JULIO,7,NO,"NO RESPETAR LAS SENIALES REGLAMENTARIAS DE TRANSITO. (PARE, CEDA EL PASO, LUZ ROJA DEL SEMAFORO, ETC).",OTROS,MOTOCICLETA,2,0,0,0,0,0,0,0,1,0,0,0,0,3,37,HOMBRE,LESIONADO,CONDUCTOR PRESENTE,NO,NO,1
34993,150440,150441,2023,0,0,-0.355496,-78.524666,PICHINCHA,QUITO,QUITO,URBANA,2023-07-22,12:30:00,12,SABADO,6,JULIO,7,NO,NO MANTENER LA DISTANCIA PRUDENCIAL CON RESPECTO AL VEHICULO QUE LE ANTECEDE.,CHOQUE POSTERIOR,CAMIONETA,1,0,0,0,1,0,0,0,0,0,0,0,0,2,42,HOMBRE,ILESO,CONDUCTOR PRESENTE,NO,NO,1
34994,150441,150442,2023,1,0,-0.176504,-78.481337,PICHINCHA,QUITO,QUITO,URBANA,2023-07-22,13:00:00,13,SABADO,6,JULIO,7,NO,NO TRANSITAR POR LAS ACERAS O ZONAS DE SEGURIDAD DESTINADAS PARA EL EFECTO.,ATROPELLOS,MOTOCICLETA,0,0,0,0,0,0,0,0,1,0,0,0,0,1,5,HOMBRE,LESIONADO,PEATON,NO,NO,1
34995,150445,150446,2023,2,0,-0.291084,-78.545931,PICHINCHA,QUITO,QUITO,URBANA,2023-07-22,15:25:00,15,SABADO,6,JULIO,7,NO,"NO RESPETAR LAS SENIALES REGLAMENTARIAS DE TRANSITO. (PARE, CEDA EL PASO, LUZ ROJA DEL SEMAFORO, ETC).",CHOQUE LATERAL,CAMIONETA,1,0,0,0,1,0,0,0,0,0,0,0,0,2,36,HOMBRE,LESIONADO,PASAJERO,NO,NO,1
34996,150446,150447,2023,0,0,-0.107469,-78.502912,PICHINCHA,QUITO,QUITO,URBANA,2023-07-22,16:00:00,16,SABADO,6,JULIO,7,NO,"CONDUCE BAJO LA INFLUENCIA DE ALCOHOL, SUSTANCIAS ESTUPEFACIENTES O PSICOTROPICAS Y/O MEDICAMENTOS.",CHOQUE POSTERIOR,MOTOCICLETA,1,0,0,0,0,0,0,0,1,0,0,0,0,2,29,HOMBRE,ILESO,CONDUCTOR PRESENTE,NO,NO,1
34997,150462,150463,2023,1,0,-0.269922,-78.551662,PICHINCHA,QUITO,QUITO,URBANA,2023-07-22,19:00:00,19,SABADO,6,JULIO,7,NO,NO CEDER EL DERECHO DE VIA O PREFERENCIA DE PASO AL PEATON.,ATROPELLOS,NO IDENTIFICADO,0,0,0,0,0,0,0,0,0,1,0,0,0,1,25,HOMBRE,LESIONADO,PEATON,NO,NO,1
34998,150463,150464,2023,1,0,-0.144766,-78.499859,PICHINCHA,QUITO,QUITO,URBANA,2023-07-22,19:07:00,19,SABADO,6,JULIO,7,NO,NO TRANSITAR POR LAS ACERAS O ZONAS DE SEGURIDAD DESTINADAS PARA EL EFECTO.,ATROPELLOS,MOTOCICLETA,0,0,0,0,0,0,0,0,1,0,0,0,0,1,17,HOMBRE,LESIONADO,PEATON,NO,NO,1
34999,150472,150473,2023,1,0,-0.087771,-78.427614,PICHINCHA,QUITO,CALDERON (CARAPUNGO),RURAL,2023-07-22,20:30:00,20,SABADO,6,JULIO,7,NO,"NO RESPETAR LAS SENIALES REGLAMENTARIAS DE TRANSITO. (PARE, CEDA EL PASO, LUZ ROJA DEL SEMAFORO, ETC).",CHOQUE LATERAL,AUTOMOVIL,2,0,0,0,0,0,0,0,0,0,0,0,0,2,28,MUJER,LESIONADO,PASAJERO,NO,NO,3
35000,150474,150475,2023,0,0,-0.229737,-78.518587,PICHINCHA,QUITO,QUITO,URBANA,2023-07-22,20:40:00,20,SABADO,6,JULIO,7,NO,CONDUCIR VEHICULO SUPERANDO LOS LIMITES MAXIMOS DE VELOCIDAD.,OTROS,AUTOMOVIL,1,0,0,0,0,0,0,0,0,0,0,0,0,1,-1,NO IDENTIFICADO,NO IDENTIFICADO,CONDUCTOR AUSENTE,NO,NO,2
35001,150475,150476,2023,3,1,-0.101267,-78.522324,PICHINCHA,QUITO,QUITO,URBANA,2023-07-22,20:40:00,20,SABADO,6,JULIO,7,NO,CONDUCIR VEHICULO SUPERANDO LOS LIMITES MAXIMOS DE VELOCIDAD.,OTROS,CAMION,0,0,0,1,0,0,0,0,0,0,0,0,0,1,46,MUJER,FALLECIDO,CONDUCTOR PRESENTE,NO,NO,1
35002,150481,150482,2023,0,0,-0.335328,-78.544954,PICHINCHA,QUITO,QUITO,URBANA,2023-07-22,21:30:00,21,SABADO,6,JULIO,7,NO,"NO RESPETAR LAS SENIALES REGLAMENTARIAS DE TRANSITO. (PARE, CEDA EL PASO, LUZ ROJA DEL SEMAFORO, ETC).",CHOQUE LATERAL,MOTOCICLETA,1,0,0,0,0,0,0,0,1,0,0,0,0,2,42,MUJER,ILESO,CONDUCTOR PRESENTE,NO,NO,1
35003,150497,150498,2023,0,0,-0.107449,-78.446069,PICHINCHA,QUITO,CALDERON (CARAPUNGO),RURAL,2023-07-23,00:30:00,0,DOMINGO,7,JULIO,7,NO,"NO RESPETAR LAS SENIALES REGLAMENTARIAS DE TRANSITO. (PARE, CEDA EL PASO, LUZ ROJA DEL SEMAFORO, ETC).",CHOQUE LATERAL,AUTOMOVIL,2,0,0,0,0,0,0,0,0,0,0,0,0,2,35,MUJER,ILESO,CONDUCTOR PRESENTE,NO,NO,3
35004,150498,150499,2023,0,0,-0.231139,-78.495521,PICHINCHA,QUITO,QUITO,URBANA,2023-07-23,00:45:00,0,DOMINGO,7,JULIO,7,NO,"CONDUCE BAJO LA INFLUENCIA DE ALCOHOL, SUSTANCIAS ESTUPEFACIENTES O PSICOTROPICAS Y/O MEDICAMENTOS.",ESTRELLAMIENTOS,AUTOMOVIL,2,0,0,0,0,0,0,0,0,0,0,0,0,2,48,HOMBRE,ILESO,CONDUCTOR PRESENTE,NO,NO,1
35005,150502,150503,2023,0,1,-0.020208,-78.452461,PICHINCHA,QUITO,SAN ANTONIO (QUITO),URBANA,2023-07-23,02:00:00,2,DOMINGO,7,JULIO,7,NO,"CONDUCE BAJO LA INFLUENCIA DE ALCOHOL, SUSTANCIAS ESTUPEFACIENTES O PSICOTROPICAS Y/O MEDICAMENTOS.",ESTRELLAMIENTOS,CAMIONETA,1,0,0,0,1,0,0,0,0,0,0,0,1,3,49,HOMBRE,FALLECIDO,CONDUCTOR PRESENTE,NO,SI,1
35006,150503,150504,2023,3,0,-0.220042,-78.424156,PICHINCHA,QUITO,TUMBACO,RURAL,2023-07-23,02:10:00,2,DOMINGO,7,JULIO,7,NO,NO MANTENER LA DISTANCIA PRUDENCIAL CON RESPECTO AL VEHICULO QUE LE ANTECEDE.,CHOQUE POSTERIOR,CAMION,0,0,0,1,1,0,0,0,0,0,0,0,0,2,24,HOMBRE,LESIONADO,PASAJERO,NO,NO,3
35007,150512,150513,2023,0,0,-0.107842,-78.459085,PICHINCHA,QUITO,CALDERON (CARAPUNGO),URBANA,2023-07-23,04:00:00,4,DOMINGO,7,JULIO,7,NO,CONDUCIR VEHICULO SUPERANDO LOS LIMITES MAXIMOS DE VELOCIDAD.,OTROS,MOTOCICLETA,0,0,0,0,0,0,0,0,1,0,0,0,0,1,-1,NO IDENTIFICADO,NO IDENTIFICADO,CONDUCTOR AUSENTE,NO,NO,2
35008,150516,150517,2023,1,0,-0.249919,-78.583451,PICHINCHA,QUITO,LLOA,RURAL,2023-07-23,05:00:00,5,DOMINGO,7,JULIO,7,NO,CONDUCIR VEHICULO SUPERANDO LOS LIMITES MAXIMOS DE VELOCIDAD.,PERDIDA DE CARRIL,AUTOMOVIL,1,0,0,0,0,0,0,0,0,0,0,0,0,1,23,HOMBRE,LESIONADO,PASAJERO,NO,NO,3
35009,150517,150518,2023,0,0,-0.114081,-78.490533,PICHINCHA,QUITO,QUITO,URBANA,2023-07-23,05:00:00,5,DOMINGO,7,JULIO,7,NO,CONDUCIR VEHICULO SUPERANDO LOS LIMITES MAXIMOS DE VELOCIDAD.,ESTRELLAMIENTOS,AUTOMOVIL,1,0,0,0,0,0,0,0,0,0,0,0,0,1,-1,NO IDENTIFICADO,NO IDENTIFICADO,CONDUCTOR AUSENTE,NO,NO,2
35010,150522,150523,2023,1,0,-0.105652,-78.434498,PICHINCHA,QUITO,CALDERON (CARAPUNGO),RURAL,2023-07-23,05:50:00,5,DOMINGO,7,JULIO,7,NO,CONDUCIR VEHICULO SUPERANDO LOS LIMITES MAXIMOS DE VELOCIDAD.,PERDIDA DE CARRIL,MOTOCICLETA,0,0,0,0,0,0,0,0,1,0,0,0,0,1,41,HOMBRE,LESIONADO,CONDUCTOR PRESENTE,NO,NO,3
35011,150524,150525,2023,0,0,-0.229381,-78.500773,PICHINCHA,QUITO,QUITO,URBANA,2023-07-23,06:25:00,6,DOMINGO,7,JULIO,7,NO,CONDUCIR VEHICULO SUPERANDO LOS LIMITES MAXIMOS DE VELOCIDAD.,PERDIDA DE CARRIL,MOTOCICLETA,0,0,0,0,0,0,0,0,1,0,0,0,0,1,27,HOMBRE,ILESO,CONDUCTOR PRESENTE,NO,NO,1
35012,150526,150527,2023,0,0,-0.130485,-78.448169,PICHINCHA,QUITO,LLANO CHICO,RURAL,2023-07-23,07:00:00,7,DOMINGO,7,JULIO,7,NO,CONDUCIR VEHICULO SUPERANDO LOS LIMITES MAXIMOS DE VELOCIDAD.,PERDIDA DE CARRIL,CAMIONETA,1,0,0,0,1,0,0,0,0,0,0,0,0,2,50,HOMBRE,ILESO,CONDUCTOR PRESENTE,NO,NO,3
35013,150527,150528,2023,1,0,-0.189393,-78.497901,PICHINCHA,QUITO,QUITO,URBANA,2023-07-23,08:06:00,8,DOMINGO,7,JULIO,7,NO,"NO RESPETAR LAS SENIALES REGLAMENTARIAS DE TRANSITO. (PARE, CEDA EL PASO, LUZ ROJA DEL SEMAFORO, ETC).",CHOQUE LATERAL,AUTOMOVIL,2,0,0,0,0,0,0,0,0,0,0,0,0,2,65,MUJER,LESIONADO,PASAJERO,NO,NO,1
35014,150531,150532,2023,0,0,-0.177105,-78.487852,PICHINCHA,QUITO,QUITO,URBANA,2023-07-23,09:45:00,9,DOMINGO,7,JULIO,7,NO,"NO RESPETAR LAS SENIALES REGLAMENTARIAS DE TRANSITO. (PARE, CEDA EL PASO, LUZ ROJA DEL SEMAFORO, ETC).",CHOQUE LATERAL,BUS,1,0,1,0,0,0,0,0,0,0,0,0,0,2,57,HOMBRE,ILESO,CONDUCTOR PRESENTE,NO,NO,1
35015,150538,150539,2023,1,0,-0.219711,-78.506653,PICHINCHA,QUITO,QUITO,URBANA,2023-07-23,11:48:00,11,DOMINGO,7,JULIO,7,NO,REALIZAR CAMBIO BRUSCO O INDEBIDO DE CARRIL.,CHOQUE LATERAL,BICICLETA,1,1,0,0,0,0,0,0,0,0,0,0,0,2,45,HOMBRE,LESIONADO,CONDUCTOR PRESENTE,NO,NO,1
35016,150545,150546,2023,1,0,-0.108411,-78.458655,PICHINCHA,QUITO,CALDERON (CARAPUNGO),URBANA,2023-07-23,13:30:00,13,DOMINGO,7,JULIO,7,NO,CONDUCIR VEHICULO SUPERANDO LOS LIMITES MAXIMOS DE VELOCIDAD.,OTROS,NO IDENTIFICADO,0,0,0,0,0,0,0,0,0,1,0,0,0,1,25,HOMBRE,LESIONADO,PASAJERO,NO,NO,1
35017,150547,150548,2023,0,0,-0.094429,-78.482128,PICHINCHA,QUITO,QUITO,URBANA,2023-07-23,13:35:00,13,DOMINGO,7,JULIO,7,NO,CONDUCIR VEHICULO SUPERANDO LOS LIMITES MAXIMOS DE VELOCIDAD.,PERDIDA DE CARRIL,AUTOMOVIL,1,0,0,0,0,0,0,0,0,0,0,0,0,1,-1,NO IDENTIFICADO,NO IDENTIFICADO,CONDUCTOR AUSENTE,NO,NO,2
35018,150551,150552,2023,0,0,-0.089258,-78.471182,PICHINCHA,QUITO,QUITO,URBANA,2023-07-23,14:50:00,14,DOMINGO,7,JULIO,7,NO,"NO RESPETAR LAS SENIALES REGLAMENTARIAS DE TRANSITO. (PARE, CEDA EL PASO, LUZ ROJA DEL SEMAFORO, ETC).",CHOQUE LATERAL,MOTOCICLETA,1,0,0,0,0,0,0,0,1,0,0,0,0,2,43,HOMBRE,ILESO,CONDUCTOR PRESENTE,NO,NO,1
35019,150552,150553,2023,0,0,-0.186235,-78.338411,PICHINCHA,QUITO,TABABELA,RURAL,2023-07-23,15:11:00,15,DOMINGO,7,JULIO,7,NO,CONDUCIR VEHICULO SUPERANDO LOS LIMITES MAXIMOS DE VELOCIDAD.,OTROS,AUTOMOVIL,1,0,0,0,0,0,0,0,0,0,0,0,0,1,-1,NO IDENTIFICADO,NO IDENTIFICADO,CONDUCTOR AUSENTE,NO,NO,2
35020,150576,150577,2023,0,0,-0.207376,-78.495834,PICHINCHA,QUITO,QUITO,URBANA,2023-07-23,22:00:00,22,DOMINGO,7,JULIO,7,NO,"NO RESPETAR LAS SENIALES REGLAMENTARIAS DE TRANSITO. (PARE, CEDA EL PASO, LUZ ROJA DEL SEMAFORO, ETC).",CHOQUE LATERAL,MOTOCICLETA,1,0,0,0,0,0,0,0,1,0,0,0,0,2,52,HOMBRE,ILESO,CONDUCTOR PRESENTE,NO,NO,1
35021,150579,150580,2023,0,0,-0.183833,-78.501664,PICHINCHA,QUITO,QUITO,URBANA,2023-07-24,02:40:00,2,LUNES,1,JULIO,7,NO,CONDUCIR VEHICULO SUPERANDO LOS LIMITES MAXIMOS DE VELOCIDAD.,ESTRELLAMIENTOS,MOTOCICLETA,0,0,0,0,0,0,0,0,1,0,0,0,0,1,-1,NO IDENTIFICADO,NO IDENTIFICADO,CONDUCTOR AUSENTE,NO,NO,2
35022,150586,150587,2023,2,0,-0.204573,-78.377922,PICHINCHA,QUITO,TUMBACO,RURAL,2023-07-24,06:00:00,6,LUNES,1,JULIO,7,NO,CONDUCIR VEHICULO SUPERANDO LOS LIMITES MAXIMOS DE VELOCIDAD.,OTROS,CAMIONETA,1,0,0,0,1,0,0,0,0,0,0,0,0,2,64,HOMBRE,LESIONADO,PEATON,NO,NO,3
35023,150590,150591,2023,1,0,-0.233068,-78.524171,PICHINCHA,QUITO,QUITO,URBANA,2023-07-24,07:45:00,7,LUNES,1,JULIO,7,NO,CONDUCIR EN SENTIDO CONTRARIO A LA VIA NORMAL DE CIRCULACION.,CHOQUE FRONTAL,MOTOCICLETA,1,0,0,0,0,0,0,0,1,0,0,0,0,2,29,HOMBRE,LESIONADO,CONDUCTOR PRESENTE,NO,NO,1
35024,150595,150596,2023,0,0,-0.095471,-78.476712,PICHINCHA,QUITO,QUITO,URBANA,2023-07-24,08:30:00,8,LUNES,1,JULIO,7,NO,"NO RESPETAR LAS SENIALES REGLAMENTARIAS DE TRANSITO. (PARE, CEDA EL PASO, LUZ ROJA DEL SEMAFORO, ETC).",CHOQUE LATERAL,AUTOMOVIL,2,0,0,0,0,0,0,0,0,0,0,0,0,2,28,HOMBRE,ILESO,CONDUCTOR PRESENTE,NO,NO,1
35025,150602,150603,2023,0,0,-0.083881,-78.470725,PICHINCHA,QUITO,QUITO,URBANA,2023-07-24,11:10:00,11,LUNES,1,JULIO,7,NO,NO MANTENER LA DISTANCIA PRUDENCIAL CON RESPECTO AL VEHICULO QUE LE ANTECEDE.,CHOQUE POSTERIOR,MOTOCICLETA,1,0,0,0,0,0,0,0,1,0,0,0,0,2,20,HOMBRE,ILESO,CONDUCTOR PRESENTE,NO,NO,1