,Unnamed: 0,ID,ANIO,LESIONADOS,FALLECIDOS,LATITUD_Y,LONGITUD_X,PROVINCIA,CANTON,PARROQUIA,ZONA,FECHA,HORA,PERIODO_2,DIA_1,DIA_2,MES_1,MES_2,FERIADO,CAUSA_PROBABLE,TIPO_DE_SINIESTRO,TIPO_DE_VEHICULO_1,AUTOMOVIL,BICICLETA,BUS,CAMION,CAMIONETA,EMERGENCIAS,ESPECIAL,FURGONETA,MOTOCICLETA,NO_IDENTIFICADO,SCOOTER_ELECTRICO,TRICIMOTO,VEHICULO_DEPORTIVO_UTILITARIO,SUMA_DE_VEHICULOS,EDAD_1,SEXO_1,CONDICION_1,PARTICIPANTE_1,CASCO_1,CINTURON_1,KMeans_Cluster
35026,150614,150615,2023,2,0,-0.267285,-78.527266,PICHINCHA,QUITO,QUITO,URBANA,2023-07-24,15:25:00,15,LUNES,1,JULIO,7,NO,NO TRANSITAR POR LAS ACERAS O ZONAS DE SEGURIDAD DESTINADAS PARA EL EFECTO.,ATROPELLOS,MOTOCICLETA,0,0,0,0,0,0,0,0,1,0,0,0,0,1,13,HOMBRE,LESIONADO,PEATON,NO,NO,1
35027,150629,150630,2023,0,0,-0.312241,-78.408369,PICHINCHA,QUITO,ALANGASI,RURAL,2023-07-24,19:45:00,19,LUNES,1,JULIO,7,NO,CONDUCIR VEHICULO SUPERANDO LOS LIMITES MAXIMOS DE VELOCIDAD.,ESTRELLAMIENTOS,AUTOMOVIL,1,0,0,0,0,0,0,0,0,0,0,0,0,1,-1,NO IDENTIFICADO,NO IDENTIFICADO,CONDUCTOR AUSENTE,NO,NO,2
35028,150632,150633,2023,1,0,-0.304676,-78.458591,PICHINCHA,RUMINIAHUI,SANGOLQUI,URBANA,2023-07-24,20:20:00,20,LUNES,1,JULIO,7,NO,"CONDUCIR DESATENTO A LAS CONDICIONES DE TRANSITO (CELULAR, PANTALLAS DE VIDEO, COMIDA, MAQUILLAJE O CUALQUIER OTRO ELEMENTO DISTRACTOR).",CHOQUE LATERAL,MOTOCICLETA,1,0,0,0,0,0,0,0,1,0,0,0,0,2,31,HOMBRE,LESIONADO,CONDUCTOR PRESENTE,NO,SI,1
35029,150647,150648,2023,1,0,-0.230711,-78.506883,PICHINCHA,QUITO,QUITO,URBANA,2023-07-25,11:30:00,11,MARTES,2,JULIO,7,NO,REALIZAR CAMBIO BRUSCO O INDEBIDO DE CARRIL.,CHOQUE FRONTAL,MOTOCICLETA,1,0,0,0,0,0,0,0,1,0,0,0,0,2,25,HOMBRE,LESIONADO,CONDUCTOR PRESENTE,NO,NO,1
35030,150663,150664,2023,0,0,-0.129153,-78.499996,PICHINCHA,QUITO,QUITO,URBANA,2023-07-25,17:50:00,17,MARTES,2,JULIO,7,NO,"NO RESPETAR LAS SENIALES REGLAMENTARIAS DE TRANSITO. (PARE, CEDA EL PASO, LUZ ROJA DEL SEMAFORO, ETC).",CHOQUE LATERAL,AUTOMOVIL,2,0,0,0,0,0,0,0,0,0,0,0,0,2,31,HOMBRE,ILESO,CONDUCTOR PRESENTE,NO,NO,1
35031,150672,150673,2023,1,0,-0.217795,-78.356067,PICHINCHA,QUITO,PIFO,RURAL,2023-07-25,20:10:00,20,MARTES,2,JULIO,7,NO,"NO RESPETAR LAS SENIALES REGLAMENTARIAS DE TRANSITO. (PARE, CEDA EL PASO, LUZ ROJA DEL SEMAFORO, ETC).",CHOQUE LATERAL,MOTOCICLETA,1,0,0,0,0,0,0,0,1,0,0,0,0,2,23,HOMBRE,LESIONADO,CONDUCTOR PRESENTE,NO,NO,3
35032,150677,150678,2023,1,0,-0.325068,-78.550371,PICHINCHA,QUITO,QUITO,URBANA,2023-07-25,22:45:00,22,MARTES,2,JULIO,7,NO,CONDUCIR VEHICULO SUPERANDO LOS LIMITES MAXIMOS DE VELOCIDAD.,PERDIDA DE CARRIL,MOTOCICLETA,0,0,0,0,0,0,0,0,1,0,0,0,0,1,33,HOMBRE,LESIONADO,CONDUCTOR PRESENTE,NO,NO,1
35033,150681,150682,2023,0,0,-0.346743,-78.523668,PICHINCHA,QUITO,QUITO,URBANA,2023-07-25,23:30:00,23,MARTES,2,JULIO,7,NO,"CONDICIONES AMBIENTALES Y/O ATMOSFERICAS (NIEBLA, NEBLINA, GRANIZO, LLUVIA).",ESTRELLAMIENTOS,CAMIONETA,1,0,0,0,1,0,0,0,0,0,0,0,0,2,39,HOMBRE,ILESO,CONDUCTOR PRESENTE,NO,NO,1
35034,150682,150683,2023,2,0,-0.201413,-78.482986,PICHINCHA,QUITO,QUITO,URBANA,2023-07-26,02:20:00,2,MIERCOLES,3,JULIO,7,NO,CONDUCIR VEHICULO SUPERANDO LOS LIMITES MAXIMOS DE VELOCIDAD.,ESTRELLAMIENTOS,AUTOMOVIL,1,0,0,0,0,0,0,0,0,0,0,0,0,1,36,HOMBRE,LESIONADO,PASAJERO,NO,NO,1
35035,150687,150688,2023,0,0,-0.198454,-78.485447,PICHINCHA,QUITO,QUITO,URBANA,2023-07-26,06:40:00,6,MIERCOLES,3,JULIO,7,NO,CONDUCIR VEHICULO SUPERANDO LOS LIMITES MAXIMOS DE VELOCIDAD.,OTROS,AUTOMOVIL,2,0,0,0,0,0,0,0,0,0,0,0,0,2,42,HOMBRE,ILESO,CONDUCTOR PRESENTE,NO,NO,1
35036,150692,150693,2023,0,0,-0.320394,-78.549503,PICHINCHA,QUITO,QUITO,URBANA,2023-07-26,09:49:00,9,MIERCOLES,3,JULIO,7,NO,"NO RESPETAR LAS SENIALES REGLAMENTARIAS DE TRANSITO. (PARE, CEDA EL PASO, LUZ ROJA DEL SEMAFORO, ETC).",CHOQUE LATERAL,CAMION,1,0,0,1,0,0,0,0,0,0,0,0,0,2,39,HOMBRE,ILESO,CONDUCTOR PRESENTE,NO,NO,1
35037,150695,150696,2023,0,0,-0.275896,-78.548538,PICHINCHA,QUITO,QUITO,URBANA,2023-07-26,12:00:00,12,MIERCOLES,3,JULIO,7,NO,"NO RESPETAR LAS SENIALES REGLAMENTARIAS DE TRANSITO. (PARE, CEDA EL PASO, LUZ ROJA DEL SEMAFORO, ETC).",CHOQUE LATERAL,BUS,0,0,1,1,0,0,0,0,0,0,0,0,0,2,30,HOMBRE,ILESO,CONDUCTOR PRESENTE,NO,NO,1
35038,150705,150706,2023,1,0,-0.193585,-78.445661,PICHINCHA,QUITO,NAYON,RURAL,2023-07-26,17:30:00,17,MIERCOLES,3,JULIO,7,NO,CONDUCIR VEHICULO SUPERANDO LOS LIMITES MAXIMOS DE VELOCIDAD.,PERDIDA DE CARRIL,MOTOCICLETA,0,0,0,0,0,0,0,0,1,0,0,0,0,1,49,HOMBRE,LESIONADO,PASAJERO,NO,NO,3
35039,150706,150707,2023,0,0,-0.201976,-78.459329,PICHINCHA,QUITO,QUITO,URBANA,2023-07-26,17:31:00,17,MIERCOLES,3,JULIO,7,NO,CONDUCIR VEHICULO SUPERANDO LOS LIMITES MAXIMOS DE VELOCIDAD.,ESTRELLAMIENTOS,CAMIONETA,0,0,0,0,1,0,0,0,0,0,0,0,0,1,65,HOMBRE,ILESO,CONDUCTOR PRESENTE,NO,NO,1
35040,150714,150715,2023,1,1,-0.192029,-78.512736,PICHINCHA,QUITO,QUITO,URBANA,2023-07-26,20:50:00,20,MIERCOLES,3,JULIO,7,NO,CONDUCIR VEHICULO SUPERANDO LOS LIMITES MAXIMOS DE VELOCIDAD.,ESTRELLAMIENTOS,MOTOCICLETA,0,0,0,0,0,0,0,0,1,0,0,0,0,1,28,HOMBRE,FALLECIDO,CONDUCTOR PRESENTE,NO,NO,1
35041,150716,150717,2023,0,0,-0.111983,-78.504791,PICHINCHA,QUITO,QUITO,URBANA,2023-07-26,21:10:00,21,MIERCOLES,3,JULIO,7,NO,CONDUCIR VEHICULO SUPERANDO LOS LIMITES MAXIMOS DE VELOCIDAD.,ESTRELLAMIENTOS,AUTOMOVIL,1,0,0,0,0,0,0,0,0,0,0,0,0,1,-1,NO IDENTIFICADO,NO IDENTIFICADO,CONDUCTOR AUSENTE,NO,NO,2
35042,150717,150718,2023,0,0,-0.307024,-78.438349,PICHINCHA,QUITO,ALANGASI,RURAL,2023-07-26,22:40:00,22,MIERCOLES,3,JULIO,7,NO,CONDUCIR VEHICULO SUPERANDO LOS LIMITES MAXIMOS DE VELOCIDAD.,ESTRELLAMIENTOS,AUTOMOVIL,1,0,0,0,0,0,0,0,0,0,0,0,0,1,-1,NO IDENTIFICADO,NO IDENTIFICADO,CONDUCTOR AUSENTE,NO,NO,2
35043,150723,150724,2023,0,0,-0.228681,-78.485445,PICHINCHA,QUITO,QUITO,URBANA,2023-07-27,06:20:00,6,JUEVES,4,JULIO,7,NO,"CONDUCE BAJO LA INFLUENCIA DE ALCOHOL, SUSTANCIAS ESTUPEFACIENTES O PSICOTROPICAS Y/O MEDICAMENTOS.",OTROS,FURGONETA,2,0,0,0,0,0,0,1,0,0,0,0,0,3,34,HOMBRE,ILESO,CONDUCTOR PRESENTE,NO,NO,1
35044,150725,150726,2023,1,0,-0.202416,-78.500466,PICHINCHA,QUITO,QUITO,URBANA,2023-07-27,06:54:00,6,JUEVES,4,JULIO,7,NO,PEATON QUE CRUZA LA CALZADA SIN RESPETAR LA SENIALIZACION EXISTENTE (SEMAFOROS O SENIALES MANUALES).,ATROPELLOS,AUTOMOVIL,1,0,0,0,0,0,0,0,0,0,0,0,0,1,49,MUJER,LESIONADO,PEATON,NO,NO,1
35045,150726,150727,2023,1,0,-0.194059,-78.481971,PICHINCHA,QUITO,QUITO,URBANA,2023-07-27,07:00:00,7,JUEVES,4,JULIO,7,NO,NO TRANSITAR POR LAS ACERAS O ZONAS DE SEGURIDAD DESTINADAS PARA EL EFECTO.,ARROLLAMIENTOS,NO IDENTIFICADO,0,0,0,0,0,0,0,0,0,1,0,0,0,1,33,HOMBRE,LESIONADO,PEATON,NO,NO,1
35046,150728,150729,2023,0,1,-0.274659,-78.510814,PICHINCHA,QUITO,QUITO,URBANA,2023-07-27,07:35:00,7,JUEVES,4,JULIO,7,NO,NO GUARDAR LA DISTANCIA LATERAL MINIMA DE SEGURIDAD ENTRE VEHICULOS.,OTROS,CAMION,0,0,0,2,0,0,0,0,1,0,0,0,0,3,26,HOMBRE,FALLECIDO,CONDUCTOR PRESENTE,NO,NO,1
35047,150732,150733,2023,1,0,-0.240715,-78.529382,PICHINCHA,QUITO,QUITO,URBANA,2023-07-27,10:25:00,10,JUEVES,4,JULIO,7,NO,"NO RESPETAR LAS SENIALES REGLAMENTARIAS DE TRANSITO. (PARE, CEDA EL PASO, LUZ ROJA DEL SEMAFORO, ETC).",CHOQUE LATERAL,MOTOCICLETA,1,0,0,0,0,0,0,0,1,0,0,0,0,2,44,HOMBRE,LESIONADO,CONDUCTOR PRESENTE,NO,NO,1
35048,150748,150749,2023,1,0,-0.327401,-78.550495,PICHINCHA,QUITO,QUITO,URBANA,2023-07-27,18:05:00,18,JUEVES,4,JULIO,7,NO,CONDUCIR VEHICULO SUPERANDO LOS LIMITES MAXIMOS DE VELOCIDAD.,OTROS,BUS,0,0,1,0,0,0,0,0,1,1,0,0,0,3,24,HOMBRE,LESIONADO,CONDUCTOR PRESENTE,NO,NO,1
35049,150751,150752,2023,1,0,-0.329398,-78.550458,PICHINCHA,QUITO,QUITO,URBANA,2023-07-27,19:05:00,19,JUEVES,4,JULIO,7,NO,PEATON QUE CRUZA LA CALZADA SIN RESPETAR LA SENIALIZACION EXISTENTE (SEMAFOROS O SENIALES MANUALES).,ATROPELLOS,BUS,0,0,1,0,0,0,0,0,0,0,0,0,0,1,18,MUJER,LESIONADO,PEATON,NO,NO,1
35050,150755,150756,2023,1,0,-0.254172,-78.515526,PICHINCHA,QUITO,QUITO,URBANA,2023-07-27,20:10:00,20,JUEVES,4,JULIO,7,NO,CONDUCIR VEHICULO SUPERANDO LOS LIMITES MAXIMOS DE VELOCIDAD.,VOLCAMIENTOS,AUTOMOVIL,1,0,0,0,0,0,0,0,0,0,0,0,0,1,58,HOMBRE,LESIONADO,PASAJERO,NO,NO,1
35051,150757,150758,2023,1,0,-0.203057,-78.439771,PICHINCHA,QUITO,CUMBAYA,RURAL,2023-07-27,20:45:00,20,JUEVES,4,JULIO,7,NO,"NO RESPETAR LAS SENIALES REGLAMENTARIAS DE TRANSITO. (PARE, CEDA EL PASO, LUZ ROJA DEL SEMAFORO, ETC).",CHOQUE LATERAL,MOTOCICLETA,1,0,0,0,0,0,0,0,1,0,0,0,0,2,32,HOMBRE,LESIONADO,CONDUCTOR PRESENTE,NO,NO,3
35052,150762,150763,2023,0,0,-0.202244,-78.488461,PICHINCHA,QUITO,QUITO,URBANA,2023-07-28,00:40:00,0,VIERNES,5,JULIO,7,NO,"CONDUCE BAJO LA INFLUENCIA DE ALCOHOL, SUSTANCIAS ESTUPEFACIENTES O PSICOTROPICAS Y/O MEDICAMENTOS.",ESTRELLAMIENTOS,CAMIONETA,2,0,0,0,1,0,0,0,0,0,0,0,0,3,31,HOMBRE,ILESO,CONDUCTOR PRESENTE,NO,NO,1
35053,150764,150765,2023,0,0,-0.151729,-78.497803,PICHINCHA,QUITO,QUITO,URBANA,2023-07-28,01:15:00,1,VIERNES,5,JULIO,7,NO,CONDUCIR VEHICULO SUPERANDO LOS LIMITES MAXIMOS DE VELOCIDAD.,PERDIDA DE CARRIL,AUTOMOVIL,1,0,0,0,0,0,0,0,0,0,0,0,0,1,22,HOMBRE,ILESO,CONDUCTOR PRESENTE,NO,NO,1
35054,150766,150767,2023,0,1,-0.259523,-78.530223,PICHINCHA,QUITO,QUITO,URBANA,2023-07-28,02:20:00,2,VIERNES,5,JULIO,7,NO,CONDUCIR VEHICULO SUPERANDO LOS LIMITES MAXIMOS DE VELOCIDAD.,ESTRELLAMIENTOS,AUTOMOVIL,1,0,0,0,0,0,0,0,0,0,0,0,0,1,33,HOMBRE,FALLECIDO,CONDUCTOR PRESENTE,NO,NO,1
35055,150767,150768,2023,1,0,-0.252266,-78.539175,PICHINCHA,QUITO,QUITO,URBANA,2023-07-28,02:30:00,2,VIERNES,5,JULIO,7,NO,CONDUCIR VEHICULO SUPERANDO LOS LIMITES MAXIMOS DE VELOCIDAD.,OTROS,MOTOCICLETA,0,0,0,0,0,0,0,0,1,1,0,0,0,2,25,HOMBRE,LESIONADO,PASAJERO,NO,NO,1
35056,150768,150769,2023,1,0,-0.085853,-78.421971,PICHINCHA,QUITO,CALDERON (CARAPUNGO),RURAL,2023-07-28,02:40:00,2,VIERNES,5,JULIO,7,NO,CONDUCIR VEHICULO SUPERANDO LOS LIMITES MAXIMOS DE VELOCIDAD.,PERDIDA DE CARRIL,MOTOCICLETA,0,0,0,0,0,0,0,0,1,0,0,0,0,1,27,HOMBRE,LESIONADO,PASAJERO,NO,NO,3
35057,150775,150776,2023,0,0,-0.261516,-78.544421,PICHINCHA,QUITO,QUITO,URBANA,2023-07-28,08:05:00,8,VIERNES,5,JULIO,7,NO,"NO RESPETAR LAS SENIALES REGLAMENTARIAS DE TRANSITO. (PARE, CEDA EL PASO, LUZ ROJA DEL SEMAFORO, ETC).",CHOQUE LATERAL,MOTOCICLETA,1,0,0,0,0,0,0,0,1,0,0,0,0,2,52,HOMBRE,ILESO,CONDUCTOR PRESENTE,NO,NO,1
35058,150799,150800,2023,1,0,-0.207802,-78.494462,PICHINCHA,QUITO,QUITO,URBANA,2023-07-28,21:00:00,21,VIERNES,5,JULIO,7,NO,"CONDUCE BAJO LA INFLUENCIA DE ALCOHOL, SUSTANCIAS ESTUPEFACIENTES O PSICOTROPICAS Y/O MEDICAMENTOS.",CHOQUE LATERAL,AUTOMOVIL,2,0,0,0,0,0,0,0,0,0,0,0,0,2,29,HOMBRE,LESIONADO,PASAJERO,NO,NO,1
35059,150801,150802,2023,0,0,-0.116881,-78.486623,PICHINCHA,QUITO,QUITO,URBANA,2023-07-28,22:10:00,22,VIERNES,5,JULIO,7,NO,"CONDUCE BAJO LA INFLUENCIA DE ALCOHOL, SUSTANCIAS ESTUPEFACIENTES O PSICOTROPICAS Y/O MEDICAMENTOS.",ROZAMIENTOS,AUTOMOVIL,2,0,0,0,0,0,0,0,0,0,0,0,0,2,35,HOMBRE,ILESO,CONDUCTOR PRESENTE,NO,NO,1
35060,150805,150806,2023,2,0,-0.105741,-78.499852,PICHINCHA,QUITO,QUITO,URBANA,2023-07-28,23:50:00,23,VIERNES,5,JULIO,7,NO,"CONDUCE BAJO LA INFLUENCIA DE ALCOHOL, SUSTANCIAS ESTUPEFACIENTES O PSICOTROPICAS Y/O MEDICAMENTOS.",CHOQUE POSTERIOR,AUTOMOVIL,2,0,0,0,0,0,0,0,0,0,0,0,0,2,61,HOMBRE,LESIONADO,CONDUCTOR PRESENTE,NO,NO,1
35061,150813,150814,2023,0,0,-0.094776,-78.458761,PICHINCHA,QUITO,QUITO,URBANA,2023-07-29,01:45:00,1,SABADO,6,JULIO,7,NO,NO MANTENER LA DISTANCIA PRUDENCIAL CON RESPECTO AL VEHICULO QUE LE ANTECEDE.,CHOQUE POSTERIOR,AUTOMOVIL,2,0,0,0,0,0,0,0,0,0,0,0,0,2,45,HOMBRE,ILESO,CONDUCTOR PRESENTE,NO,NO,1
35062,150817,150818,2023,0,1,-0.242532,-78.512748,PICHINCHA,QUITO,QUITO,URBANA,2023-07-29,02:40:00,2,SABADO,6,JULIO,7,NO,CONDUCIR EN SENTIDO CONTRARIO A LA VIA NORMAL DE CIRCULACION.,CHOQUE FRONTAL,MOTOCICLETA,0,0,0,0,0,0,0,0,1,1,0,0,0,2,26,HOMBRE,FALLECIDO,CONDUCTOR PRESENTE,NO,NO,1
35063,150821,150822,2023,0,0,-0.151008,-78.465248,PICHINCHA,QUITO,QUITO,URBANA,2023-07-29,05:00:00,5,SABADO,6,JULIO,7,NO,CONDUCIR VEHICULO SUPERANDO LOS LIMITES MAXIMOS DE VELOCIDAD.,ESTRELLAMIENTOS,CAMION,0,0,0,1,0,0,0,0,0,0,0,0,0,1,65,HOMBRE,ILESO,CONDUCTOR PRESENTE,NO,NO,1
35064,150823,150824,2023,0,0,-0.242491,-78.497569,PICHINCHA,QUITO,QUITO,URBANA,2023-07-29,05:30:00,5,SABADO,6,JULIO,7,NO,"NO RESPETAR LAS SENIALES REGLAMENTARIAS DE TRANSITO. (PARE, CEDA EL PASO, LUZ ROJA DEL SEMAFORO, ETC).",CHOQUE LATERAL,CAMIONETA,1,0,0,0,1,0,0,0,0,0,0,0,0,2,33,HOMBRE,ILESO,CONDUCTOR PRESENTE,NO,NO,1
35065,150825,150826,2023,1,0,0.110899,-78.423316,PICHINCHA,QUITO,PERUCHO,RURAL,2023-07-29,06:30:00,6,SABADO,6,JULIO,7,NO,"CONDUCE BAJO LA INFLUENCIA DE ALCOHOL, SUSTANCIAS ESTUPEFACIENTES O PSICOTROPICAS Y/O MEDICAMENTOS.",ROZAMIENTOS,MOTOCICLETA,0,0,0,0,0,0,0,0,2,0,0,0,0,2,28,HOMBRE,LESIONADO,CONDUCTOR PRESENTE,NO,NO,3
35066,150826,150827,2023,0,0,-0.108595,-78.472719,PICHINCHA,QUITO,QUITO,URBANA,2023-07-29,06:33:00,6,SABADO,6,JULIO,7,NO,CONDUCIR VEHICULO SUPERANDO LOS LIMITES MAXIMOS DE VELOCIDAD.,ESTRELLAMIENTOS,CAMIONETA,0,0,0,0,1,0,0,0,0,0,0,0,0,1,-1,NO IDENTIFICADO,NO IDENTIFICADO,CONDUCTOR AUSENTE,NO,NO,2
35067,150828,150829,2023,0,0,-0.276465,-78.552315,PICHINCHA,QUITO,QUITO,URBANA,2023-07-29,07:45:00,7,SABADO,6,JULIO,7,NO,CONDUCIR VEHICULO SUPERANDO LOS LIMITES MAXIMOS DE VELOCIDAD.,OTROS,AUTOMOVIL,1,0,0,0,0,0,0,0,0,0,0,0,0,1,-1,NO IDENTIFICADO,NO IDENTIFICADO,CONDUCTOR AUSENTE,NO,NO,2
35068,150830,150831,2023,1,0,-0.189777,-78.488831,PICHINCHA,QUITO,QUITO,URBANA,2023-07-29,09:05:00,9,SABADO,6,JULIO,7,NO,"NO RESPETAR LAS SENIALES REGLAMENTARIAS DE TRANSITO. (PARE, CEDA EL PASO, LUZ ROJA DEL SEMAFORO, ETC).",CHOQUE LATERAL,MOTOCICLETA,1,0,0,0,0,0,0,0,1,0,0,0,0,2,47,HOMBRE,LESIONADO,CONDUCTOR PRESENTE,NO,NO,1
35069,150833,150834,2023,1,0,-0.052391,-78.452221,PICHINCHA,QUITO,POMASQUI,RURAL,2023-07-29,10:10:00,10,SABADO,6,JULIO,7,NO,"CONDUCE BAJO LA INFLUENCIA DE ALCOHOL, SUSTANCIAS ESTUPEFACIENTES O PSICOTROPICAS Y/O MEDICAMENTOS.",ESTRELLAMIENTOS,CAMIONETA,1,0,0,0,1,0,0,0,0,0,0,0,0,2,36,HOMBRE,LESIONADO,CONDUCTOR PRESENTE,NO,NO,3
35070,150835,150836,2023,1,0,0.022798,-78.156362,PICHINCHA,CAYAMBE,CAYAMBE,RURAL,2023-07-29,11:45:00,11,SABADO,6,JULIO,7,NO,"NO RESPETAR LAS SENIALES REGLAMENTARIAS DE TRANSITO. (PARE, CEDA EL PASO, LUZ ROJA DEL SEMAFORO, ETC).",ATROPELLOS,NO IDENTIFICADO,0,0,0,0,0,0,0,0,0,1,0,0,0,1,14,MUJER,LESIONADO,PEATON,NO,SI,3
35071,150836,150837,2023,0,0,-0.176953,-78.477961,PICHINCHA,QUITO,QUITO,URBANA,2023-07-29,12:10:00,12,SABADO,6,JULIO,7,NO,REALIZAR CAMBIO BRUSCO O INDEBIDO DE CARRIL.,CHOQUE LATERAL,SCOOTER ELECTRICO,0,0,0,0,0,0,0,0,1,0,1,0,0,2,26,HOMBRE,ILESO,CONDUCTOR PRESENTE,NO,NO,1
35072,150840,150841,2023,0,0,-0.462972,-78.568667,PICHINCHA,MEJIA,ALOAG,RURAL,2023-07-29,13:10:00,13,SABADO,6,JULIO,7,NO,"CONDUCIR DESATENTO A LAS CONDICIONES DE TRANSITO (CELULAR, PANTALLAS DE VIDEO, COMIDA, MAQUILLAJE O CUALQUIER OTRO ELEMENTO DISTRACTOR).",PERDIDA DE CARRIL,AUTOMOVIL,1,0,0,0,0,0,0,0,0,0,0,0,0,1,-1,NO IDENTIFICADO,NO IDENTIFICADO,CONDUCTOR AUSENTE,NO,NO,2
35073,150852,150853,2023,0,0,-0.147325,-78.493111,PICHINCHA,QUITO,QUITO,URBANA,2023-07-29,17:57:00,17,SABADO,6,JULIO,7,NO,CONDUCIR VEHICULO SUPERANDO LOS LIMITES MAXIMOS DE VELOCIDAD.,ESTRELLAMIENTOS,AUTOMOVIL,2,0,0,0,0,0,0,0,0,0,0,0,0,2,12,MUJER,ILESO,PASAJERO,NO,NO,1
35074,150854,150855,2023,2,0,-0.247287,-78.534948,PICHINCHA,QUITO,QUITO,URBANA,2023-07-29,18:40:00,18,SABADO,6,JULIO,7,NO,REALIZAR CAMBIO BRUSCO O INDEBIDO DE CARRIL.,CHOQUE LATERAL,MOTOCICLETA,0,0,0,0,0,0,0,0,1,1,0,0,0,2,26,HOMBRE,LESIONADO,CONDUCTOR PRESENTE,NO,NO,1
35075,150866,150867,2023,1,0,-0.213435,-78.502711,PICHINCHA,QUITO,QUITO,URBANA,2023-07-29,20:03:00,20,SABADO,6,JULIO,7,NO,PEATON QUE CRUZA LA CALZADA SIN RESPETAR LA SENIALIZACION EXISTENTE (SEMAFOROS O SENIALES MANUALES).,ATROPELLOS,MOTOCICLETA,0,0,0,0,0,0,0,0,1,0,0,0,0,1,69,HOMBRE,LESIONADO,PEATON,NO,NO,1
35076,150867,150868,2023,2,0,-0.214074,-78.332893,PICHINCHA,QUITO,PIFO,RURAL,2023-07-29,20:20:00,20,SABADO,6,JULIO,7,NO,"CONDUCIR DESATENTO A LAS CONDICIONES DE TRANSITO (CELULAR, PANTALLAS DE VIDEO, COMIDA, MAQUILLAJE O CUALQUIER OTRO ELEMENTO DISTRACTOR).",CHOQUE POSTERIOR,NO IDENTIFICADO,0,0,0,0,0,0,0,0,0,1,0,0,0,1,25,HOMBRE,LESIONADO,CONDUCTOR PRESENTE,NO,SI,3
35077,150876,150877,2023,0,1,-0.073825,-78.471192,PICHINCHA,QUITO,POMASQUI,RURAL,2023-07-29,23:03:00,23,SABADO,6,JULIO,7,NO,CONDUCIR VEHICULO SUPERANDO LOS LIMITES MAXIMOS DE VELOCIDAD.,PERDIDA DE CARRIL,MOTOCICLETA,0,0,0,0,0,0,0,0,1,0,0,0,0,1,28,HOMBRE,FALLECIDO,CONDUCTOR PRESENTE,NO,NO,3
35078,150881,150882,2023,2,0,-0.241381,-78.485801,PICHINCHA,QUITO,QUITO,URBANA,2023-07-29,23:40:00,23,SABADO,6,JULIO,7,NO,"CONDUCE BAJO LA INFLUENCIA DE ALCOHOL, SUSTANCIAS ESTUPEFACIENTES O PSICOTROPICAS Y/O MEDICAMENTOS.",ESTRELLAMIENTOS,AUTOMOVIL,1,0,0,0,0,0,0,0,0,0,0,0,0,1,35,HOMBRE,LESIONADO,PASAJERO,NO,NO,1
35079,150885,150886,2023,0,0,-0.323844,-78.557724,PICHINCHA,QUITO,QUITO,URBANA,2023-07-30,02:06:00,2,DOMINGO,7,JULIO,7,NO,CONDUCIR VEHICULO SUPERANDO LOS LIMITES MAXIMOS DE VELOCIDAD.,ESTRELLAMIENTOS,AUTOMOVIL,1,0,0,0,0,0,0,0,0,0,0,0,0,1,-1,NO IDENTIFICADO,NO IDENTIFICADO,CONDUCTOR AUSENTE,NO,NO,2
35080,150889,150890,2023,0,0,-0.241381,-78.485801,PICHINCHA,QUITO,QUITO,URBANA,2023-07-30,03:50:00,3,DOMINGO,7,JULIO,7,NO,"CONDUCE BAJO LA INFLUENCIA DE ALCOHOL, SUSTANCIAS ESTUPEFACIENTES O PSICOTROPICAS Y/O MEDICAMENTOS.",ESTRELLAMIENTOS,AUTOMOVIL,2,0,0,0,0,0,0,0,0,0,0,0,0,2,27,HOMBRE,ILESO,CONDUCTOR PRESENTE,NO,NO,1
35081,150891,150892,2023,0,1,-0.233651,-78.523441,PICHINCHA,QUITO,QUITO,URBANA,2023-07-30,04:00:00,4,DOMINGO,7,JULIO,7,NO,CONDUCIR VEHICULO SUPERANDO LOS LIMITES MAXIMOS DE VELOCIDAD.,ESTRELLAMIENTOS,MOTOCICLETA,0,0,0,0,0,0,0,0,1,0,0,0,0,1,35,HOMBRE,FALLECIDO,CONDUCTOR PRESENTE,NO,NO,1
35082,150894,150895,2023,0,0,-0.342087,-78.548971,PICHINCHA,QUITO,QUITO,URBANA,2023-07-30,04:45:00,4,DOMINGO,7,JULIO,7,NO,CONDUCIR VEHICULO SUPERANDO LOS LIMITES MAXIMOS DE VELOCIDAD.,ESTRELLAMIENTOS,CAMION,0,0,0,1,0,0,0,0,0,0,0,0,0,1,-1,NO IDENTIFICADO,NO IDENTIFICADO,CONDUCTOR AUSENTE,NO,NO,2
35083,150897,150898,2023,0,0,-0.204032,-78.510655,PICHINCHA,QUITO,QUITO,URBANA,2023-07-30,05:00:00,5,DOMINGO,7,JULIO,7,NO,CONDUCIR VEHICULO SUPERANDO LOS LIMITES MAXIMOS DE VELOCIDAD.,ESTRELLAMIENTOS,CAMIONETA,0,0,0,0,1,0,0,0,0,0,0,0,0,1,-1,NO IDENTIFICADO,NO IDENTIFICADO,CONDUCTOR AUSENTE,NO,NO,2
35084,150906,150907,2023,0,0,-0.275164,-78.529396,PICHINCHA,QUITO,QUITO,URBANA,2023-07-30,08:00:00,8,DOMINGO,7,JULIO,7,NO,CONDUCIR VEHICULO SUPERANDO LOS LIMITES MAXIMOS DE VELOCIDAD.,OTROS,AUTOMOVIL,1,0,0,0,0,0,0,0,0,0,0,0,0,1,-1,NO IDENTIFICADO,NO IDENTIFICADO,CONDUCTOR AUSENTE,NO,NO,2