,Unnamed: 0,ID,ANIO,LESIONADOS,FALLECIDOS,LATITUD_Y,LONGITUD_X,PROVINCIA,CANTON,PARROQUIA,ZONA,FECHA,HORA,PERIODO_2,DIA_1,DIA_2,MES_1,MES_2,FERIADO,CAUSA_PROBABLE,TIPO_DE_SINIESTRO,TIPO_DE_VEHICULO_1,AUTOMOVIL,BICICLETA,BUS,CAMION,CAMIONETA,EMERGENCIAS,ESPECIAL,FURGONETA,MOTOCICLETA,NO_IDENTIFICADO,SCOOTER_ELECTRICO,TRICIMOTO,VEHICULO_DEPORTIVO_UTILITARIO,SUMA_DE_VEHICULOS,EDAD_1,SEXO_1,CONDICION_1,PARTICIPANTE_1,CASCO_1,CINTURON_1,KMeans_Cluster
35085,150912,150913,2023,1,0,-0.163641,-78.474295,PICHINCHA,QUITO,QUITO,URBANA,2023-07-30,12:30:00,12,DOMINGO,7,JULIO,7,NO,PEATON QUE CRUZA LA CALZADA SIN RESPETAR LA SENIALIZACION EXISTENTE (SEMAFOROS O SENIALES MANUALES).,ATROPELLOS,AUTOMOVIL,1,0,0,0,0,0,0,0,0,0,0,0,0,1,69,MUJER,LESIONADO,PEATON,NO,NO,1
35086,150914,150915,2023,1,0,-0.219204,-78.519339,PICHINCHA,QUITO,QUITO,URBANA,2023-07-30,13:25:00,13,DOMINGO,7,JULIO,7,NO,NO TRANSITAR POR LAS ACERAS O ZONAS DE SEGURIDAD DESTINADAS PARA EL EFECTO.,ATROPELLOS,AUTOMOVIL,1,0,0,0,0,0,0,0,0,0,0,0,0,1,12,MUJER,LESIONADO,PEATON,NO,NO,1
35087,150917,150918,2023,0,0,-0.329285,-78.436592,PICHINCHA,RUMINIAHUI,SANGOLQUI,RURAL,2023-07-30,13:55:00,13,DOMINGO,7,JULIO,7,NO,CONDUCIR VEHICULO SUPERANDO LOS LIMITES MAXIMOS DE VELOCIDAD.,PERDIDA DE CARRIL,AUTOMOVIL,1,0,0,0,0,0,0,0,0,0,0,0,0,1,52,HOMBRE,ILESO,CONDUCTOR PRESENTE,NO,SI,3
35088,150928,150929,2023,0,0,-0.144841,-78.507958,PICHINCHA,QUITO,QUITO,URBANA,2023-07-30,16:15:00,16,DOMINGO,7,JULIO,7,NO,CONDUCIR VEHICULO SUPERANDO LOS LIMITES MAXIMOS DE VELOCIDAD.,ESTRELLAMIENTOS,AUTOMOVIL,3,0,0,0,0,0,0,0,0,0,0,0,0,3,-1,NO IDENTIFICADO,NO IDENTIFICADO,CONDUCTOR AUSENTE,NO,NO,2
35089,150947,150948,2023,1,0,-0.447806,-78.712194,PICHINCHA,MEJIA,ALOAG,RURAL,2023-07-30,21:40:00,21,DOMINGO,7,JULIO,7,NO,BAJARSE O SUBIRSE DE VEHICULOS EN MOVIMIENTO SIN TOMAR LAS PRECAUCIONES DEBIDAS.,CAIDA DE PASAJERO,NO IDENTIFICADO,0,0,0,0,0,0,0,0,0,1,0,0,0,1,29,MUJER,LESIONADO,PASAJERO,NO,NO,3
35090,150948,150949,2023,0,0,-0.519504,-78.576933,PICHINCHA,MEJIA,MACHACHI,RURAL,2023-07-30,22:30:00,22,DOMINGO,7,JULIO,7,NO,"CONDUCIR DESATENTO A LAS CONDICIONES DE TRANSITO (CELULAR, PANTALLAS DE VIDEO, COMIDA, MAQUILLAJE O CUALQUIER OTRO ELEMENTO DISTRACTOR).",ESTRELLAMIENTOS,AUTOMOVIL,2,0,0,0,0,0,0,0,0,0,0,0,0,2,33,HOMBRE,ILESO,CONDUCTOR PRESENTE,NO,SI,3
35091,150949,150950,2023,1,0,-0.312483,-78.522392,PICHINCHA,QUITO,QUITO,URBANA,2023-07-30,22:40:00,22,DOMINGO,7,JULIO,7,NO,CONDUCIR VEHICULO SUPERANDO LOS LIMITES MAXIMOS DE VELOCIDAD.,PERDIDA DE CARRIL,AUTOMOVIL,1,0,0,0,0,0,0,0,0,0,0,0,0,1,30,HOMBRE,LESIONADO,PASAJERO,NO,NO,1
35092,150950,150951,2023,0,1,-0.294355,-78.562871,PICHINCHA,QUITO,QUITO,URBANA,2023-07-30,22:40:00,22,DOMINGO,7,JULIO,7,NO,NO MANTENER LA DISTANCIA PRUDENCIAL CON RESPECTO AL VEHICULO QUE LE ANTECEDE.,CHOQUE POSTERIOR,MOTOCICLETA,0,0,0,0,1,0,0,0,1,0,0,0,0,2,31,HOMBRE,FALLECIDO,PASAJERO,NO,NO,1
35093,150953,150954,2023,6,1,-0.327359,-78.550331,PICHINCHA,QUITO,QUITO,URBANA,2023-07-30,23:50:00,23,DOMINGO,7,JULIO,7,NO,"NO RESPETAR LAS SENIALES REGLAMENTARIAS DE TRANSITO. (PARE, CEDA EL PASO, LUZ ROJA DEL SEMAFORO, ETC).",CHOQUE LATERAL,BUS,0,0,1,0,1,0,0,0,0,0,0,0,0,2,53,HOMBRE,FALLECIDO,PASAJERO,NO,NO,1
35094,150954,150955,2023,2,0,-0.286638,-78.519281,PICHINCHA,QUITO,QUITO,URBANA,2023-07-31,00:01:00,0,LUNES,1,JULIO,7,NO,CONDUCIR VEHICULO SUPERANDO LOS LIMITES MAXIMOS DE VELOCIDAD.,OTROS,NO IDENTIFICADO,0,0,0,0,0,0,0,0,0,1,0,0,0,1,18,HOMBRE,LESIONADO,PASAJERO,NO,NO,1
35095,150962,150963,2023,1,0,-0.238031,-78.525384,PICHINCHA,QUITO,QUITO,URBANA,2023-07-31,06:45:00,6,LUNES,1,JULIO,7,NO,NO TRANSITAR POR LAS ACERAS O ZONAS DE SEGURIDAD DESTINADAS PARA EL EFECTO.,ATROPELLOS,BUS,0,0,1,0,0,0,0,0,0,0,0,0,0,1,56,MUJER,LESIONADO,PEATON,NO,NO,1
35096,150968,150969,2023,0,0,-0.255811,-78.503324,PICHINCHA,QUITO,QUITO,URBANA,2023-07-31,09:14:00,9,LUNES,1,JULIO,7,NO,NO MANTENER LA DISTANCIA PRUDENCIAL CON RESPECTO AL VEHICULO QUE LE ANTECEDE.,CHOQUE POSTERIOR,CAMION,1,0,0,1,0,0,0,0,0,0,0,0,0,2,32,HOMBRE,ILESO,CONDUCTOR PRESENTE,NO,NO,1
35097,150970,150971,2023,1,0,-0.223724,-78.473236,PICHINCHA,QUITO,QUITO,URBANA,2023-07-31,10:20:00,10,LUNES,1,JULIO,7,NO,"FALLA MECANICA EN LOS SISTEMAS Y/O NEUMATICOS (SISTEMA DE FRENOS, DIRECCION, ELECTRONICO O MECANICO).",VOLCAMIENTOS,ESPECIAL,0,0,0,0,0,0,1,0,0,0,0,0,0,1,55,HOMBRE,LESIONADO,CONDUCTOR PRESENTE,NO,NO,1
35098,150973,150974,2023,0,0,-0.210021,-78.502951,PICHINCHA,QUITO,QUITO,URBANA,2023-07-31,11:55:00,11,LUNES,1,JULIO,7,NO,"NO RESPETAR LAS SENIALES REGLAMENTARIAS DE TRANSITO. (PARE, CEDA EL PASO, LUZ ROJA DEL SEMAFORO, ETC).",OTROS,CAMION,2,0,0,1,0,0,0,0,0,0,0,0,0,3,37,HOMBRE,ILESO,CONDUCTOR PRESENTE,NO,NO,1
35099,150977,150978,2023,1,0,-0.211089,-78.524419,PICHINCHA,QUITO,QUITO,URBANA,2023-07-31,13:00:00,13,LUNES,1,JULIO,7,NO,"NO RESPETAR LAS SENIALES REGLAMENTARIAS DE TRANSITO. (PARE, CEDA EL PASO, LUZ ROJA DEL SEMAFORO, ETC).",CHOQUE LATERAL,BUS,0,0,1,0,0,0,0,0,1,0,0,0,0,2,20,HOMBRE,LESIONADO,CONDUCTOR PRESENTE,NO,NO,1
35100,150980,150981,2023,0,1,-0.221818,-78.417293,PICHINCHA,QUITO,TUMBACO,RURAL,2023-07-31,13:50:00,13,LUNES,1,JULIO,7,NO,CONDUCIR VEHICULO SUPERANDO LOS LIMITES MAXIMOS DE VELOCIDAD.,PERDIDA DE CARRIL,MOTOCICLETA,0,0,0,0,0,0,0,0,1,0,0,0,0,1,48,MUJER,FALLECIDO,PASAJERO,NO,NO,3
35101,150987,150988,2023,0,0,-0.163491,-78.498856,PICHINCHA,QUITO,QUITO,URBANA,2023-07-31,18:00:00,18,LUNES,1,JULIO,7,NO,"CONDUCIR DESATENTO A LAS CONDICIONES DE TRANSITO (CELULAR, PANTALLAS DE VIDEO, COMIDA, MAQUILLAJE O CUALQUIER OTRO ELEMENTO DISTRACTOR).",CHOQUE FRONTAL,AUTOMOVIL,2,0,0,0,0,0,0,0,0,0,0,0,0,2,38,MUJER,ILESO,CONDUCTOR PRESENTE,NO,NO,1
35102,150988,150989,2023,0,0,-0.298298,-78.445746,PICHINCHA,QUITO,ALANGASI,RURAL,2023-07-31,18:17:00,18,LUNES,1,JULIO,7,NO,CONDUCIR VEHICULO SUPERANDO LOS LIMITES MAXIMOS DE VELOCIDAD.,ESTRELLAMIENTOS,AUTOMOVIL,1,0,0,0,0,0,0,0,0,0,0,0,0,1,-1,NO IDENTIFICADO,NO IDENTIFICADO,CONDUCTOR AUSENTE,NO,NO,2
35103,150992,150993,2023,1,0,-0.265557,-78.541456,PICHINCHA,QUITO,QUITO,URBANA,2023-07-31,20:15:00,20,LUNES,1,JULIO,7,NO,NO CEDER EL DERECHO DE VIA O PREFERENCIA DE PASO AL PEATON.,OTROS,AUTOMOVIL,1,0,0,0,0,0,0,0,0,0,0,0,0,1,23,MUJER,LESIONADO,PEATON,NO,NO,1
35104,150993,150994,2023,1,0,-0.116231,-78.479636,PICHINCHA,QUITO,QUITO,URBANA,2023-07-31,20:40:00,20,LUNES,1,JULIO,7,NO,NO CEDER EL DERECHO DE VIA O PREFERENCIA DE PASO AL PEATON.,ATROPELLOS,AUTOMOVIL,1,0,0,0,0,0,0,0,0,0,0,0,0,1,37,HOMBRE,LESIONADO,PEATON,NO,NO,1
35105,150995,150996,2023,1,0,-0.203289,-78.500339,PICHINCHA,QUITO,QUITO,URBANA,2023-07-31,22:00:00,22,LUNES,1,JULIO,7,NO,CONDUCIR VEHICULO SUPERANDO LOS LIMITES MAXIMOS DE VELOCIDAD.,PERDIDA DE CARRIL,MOTOCICLETA,0,0,0,0,0,0,0,0,1,0,0,0,0,1,25,HOMBRE,LESIONADO,PASAJERO,NO,NO,1
35106,150999,151000,2023,1,0,-0.213218,-78.403685,PICHINCHA,QUITO,TUMBACO,RURAL,2023-08-01,05:50:00,5,MARTES,2,AGOSTO,8,NO,"NO RESPETAR LAS SENIALES REGLAMENTARIAS DE TRANSITO. (PARE, CEDA EL PASO, LUZ ROJA DEL SEMAFORO, ETC).",CHOQUE LATERAL,MOTOCICLETA,1,0,0,0,0,0,0,0,1,0,0,0,0,2,30,HOMBRE,LESIONADO,CONDUCTOR PRESENTE,NO,NO,3
35107,151011,151012,2023,0,0,-0.449411,-78.585734,PICHINCHA,MEJIA,ALOAG,RURAL,2023-08-01,11:29:00,11,MARTES,2,AGOSTO,8,NO,"CONDUCIR DESATENTO A LAS CONDICIONES DE TRANSITO (CELULAR, PANTALLAS DE VIDEO, COMIDA, MAQUILLAJE O CUALQUIER OTRO ELEMENTO DISTRACTOR).",PERDIDA DE PISTA,NO IDENTIFICADO,0,0,0,0,0,0,0,0,0,1,0,0,0,1,23,HOMBRE,ILESO,CONDUCTOR PRESENTE,NO,SI,3
35108,151015,151016,2023,0,0,-0.294489,-78.434141,PICHINCHA,QUITO,ALANGASI,RURAL,2023-08-01,12:30:00,12,MARTES,2,AGOSTO,8,NO,CONDUCIR VEHICULO SUPERANDO LOS LIMITES MAXIMOS DE VELOCIDAD.,ESTRELLAMIENTOS,AUTOMOVIL,1,0,0,0,0,0,0,0,0,0,0,0,0,1,-1,NO IDENTIFICADO,NO IDENTIFICADO,CONDUCTOR AUSENTE,NO,NO,2
35109,151016,151017,2023,0,0,-0.099322,-78.490141,PICHINCHA,QUITO,QUITO,URBANA,2023-08-01,12:45:00,12,MARTES,2,AGOSTO,8,NO,"CONDUCIR DESATENTO A LAS CONDICIONES DE TRANSITO (CELULAR, PANTALLAS DE VIDEO, COMIDA, MAQUILLAJE O CUALQUIER OTRO ELEMENTO DISTRACTOR).",ESTRELLAMIENTOS,VEHICULO DEPORTIVO UTILITARIO,1,0,0,0,0,0,0,0,0,0,0,0,1,2,33,HOMBRE,ILESO,CONDUCTOR PRESENTE,NO,SI,1
35110,151017,151018,2023,2,0,-0.207776,-78.495375,PICHINCHA,QUITO,QUITO,URBANA,2023-08-01,13:40:00,13,MARTES,2,AGOSTO,8,NO,"CONDICIONES AMBIENTALES Y/O ATMOSFERICAS (NIEBLA, NEBLINA, GRANIZO, LLUVIA).",CHOQUE LATERAL,FURGONETA,1,0,0,0,0,0,0,1,0,0,0,0,0,2,22,HOMBRE,LESIONADO,CONDUCTOR PRESENTE,NO,NO,1
35111,151021,151022,2023,3,0,-0.234109,-78.526646,PICHINCHA,QUITO,QUITO,URBANA,2023-08-01,15:00:00,15,MARTES,2,AGOSTO,8,NO,NO CEDER EL DERECHO DE VIA O PREFERENCIA DE PASO AL PEATON.,ATROPELLOS,FURGONETA,0,0,0,0,0,0,0,1,0,0,0,0,0,1,1,HOMBRE,LESIONADO,PEATON,NO,NO,1
35112,151035,151036,2023,0,1,-0.588151,-78.601613,PICHINCHA,MEJIA,MACHACHI,RURAL,2023-08-01,23:40:00,23,MARTES,2,AGOSTO,8,NO,"CONDUCIR DESATENTO A LAS CONDICIONES DE TRANSITO (CELULAR, PANTALLAS DE VIDEO, COMIDA, MAQUILLAJE O CUALQUIER OTRO ELEMENTO DISTRACTOR).",OTROS,CAMION,0,0,0,2,0,0,0,0,0,0,0,0,0,2,33,HOMBRE,FALLECIDO,CONDUCTOR PRESENTE,NO,SI,3
35113,151037,151038,2023,0,0,-0.165963,-78.489241,PICHINCHA,QUITO,QUITO,URBANA,2023-08-02,00:10:00,0,MIERCOLES,3,AGOSTO,8,NO,CONDUCIR VEHICULO SUPERANDO LOS LIMITES MAXIMOS DE VELOCIDAD.,PERDIDA DE CARRIL,AUTOMOVIL,1,0,0,0,0,0,0,0,0,0,0,0,0,1,-1,NO IDENTIFICADO,NO IDENTIFICADO,CONDUCTOR AUSENTE,NO,NO,2
35114,151050,151051,2023,0,0,-0.148429,-78.498279,PICHINCHA,QUITO,QUITO,URBANA,2023-08-02,08:30:00,8,MIERCOLES,3,AGOSTO,8,NO,CONDUCIR VEHICULO SUPERANDO LOS LIMITES MAXIMOS DE VELOCIDAD.,COLISION,CAMIONETA,0,0,0,0,2,0,0,0,0,1,0,0,0,3,67,HOMBRE,ILESO,CONDUCTOR PRESENTE,NO,NO,1
35115,151055,151056,2023,2,0,-0.183746,-78.509922,PICHINCHA,QUITO,QUITO,URBANA,2023-08-02,10:30:00,10,MIERCOLES,3,AGOSTO,8,NO,CONDUCIR VEHICULO SUPERANDO LOS LIMITES MAXIMOS DE VELOCIDAD.,PERDIDA DE CARRIL,CAMIONETA,0,0,0,0,1,0,0,0,0,0,0,0,0,1,20,HOMBRE,LESIONADO,PEATON,NO,NO,1
35116,151056,151057,2023,0,0,-0.119821,-78.489057,PICHINCHA,QUITO,QUITO,URBANA,2023-08-02,10:38:00,10,MIERCOLES,3,AGOSTO,8,NO,NO CEDER EL DERECHO DE VIA O PREFERENCIA DE PASO A VEHICULOS.,CHOQUE LATERAL,FURGONETA,1,0,0,0,0,0,0,1,0,0,0,0,0,2,63,HOMBRE,ILESO,CONDUCTOR PRESENTE,NO,NO,1
35117,151059,151060,2023,1,0,-0.106042,-78.437307,PICHINCHA,QUITO,CALDERON (CARAPUNGO),RURAL,2023-08-02,11:20:00,11,MIERCOLES,3,AGOSTO,8,NO,NO CEDER EL DERECHO DE VIA O PREFERENCIA DE PASO A VEHICULOS.,CHOQUE LATERAL,CAMION,0,0,0,1,0,0,0,0,1,0,0,0,0,2,41,HOMBRE,LESIONADO,CONDUCTOR PRESENTE,NO,NO,3
35118,151062,151063,2023,0,0,-0.314478,-78.558339,PICHINCHA,QUITO,QUITO,URBANA,2023-08-02,12:30:00,12,MIERCOLES,3,AGOSTO,8,NO,"NO RESPETAR LAS SENIALES REGLAMENTARIAS DE TRANSITO. (PARE, CEDA EL PASO, LUZ ROJA DEL SEMAFORO, ETC).",OTROS,NO IDENTIFICADO,0,0,0,0,0,0,0,0,0,2,0,0,0,2,25,HOMBRE,ILESO,CONDUCTOR PRESENTE,NO,NO,1
35119,151064,151065,2023,1,0,-0.220852,-78.507142,PICHINCHA,QUITO,QUITO,URBANA,2023-08-02,13:00:00,13,MIERCOLES,3,AGOSTO,8,NO,NO CEDER EL DERECHO DE VIA O PREFERENCIA DE PASO AL PEATON.,ATROPELLOS,AUTOMOVIL,1,0,0,0,0,0,0,0,0,0,0,0,0,1,56,MUJER,LESIONADO,PEATON,NO,NO,1
35120,151065,151066,2023,0,0,-0.196951,-78.485065,PICHINCHA,QUITO,QUITO,URBANA,2023-08-02,13:18:00,13,MIERCOLES,3,AGOSTO,8,NO,NO GUARDAR LA DISTANCIA LATERAL MINIMA DE SEGURIDAD ENTRE VEHICULOS.,ROZAMIENTOS,AUTOMOVIL,2,0,0,0,0,0,0,0,0,0,0,0,0,2,27,HOMBRE,ILESO,CONDUCTOR PRESENTE,NO,NO,1
35121,151070,151071,2023,1,0,-0.467056,-78.587056,PICHINCHA,MEJIA,ALOAG,RURAL,2023-08-02,15:40:00,15,MIERCOLES,3,AGOSTO,8,NO,"CONDUCIR DESATENTO A LAS CONDICIONES DE TRANSITO (CELULAR, PANTALLAS DE VIDEO, COMIDA, MAQUILLAJE O CUALQUIER OTRO ELEMENTO DISTRACTOR).",ATROPELLOS,NO IDENTIFICADO,0,0,0,0,0,0,0,0,0,1,0,0,0,1,-1,MUJER,LESIONADO,PEATON,NO,NO,3
35122,151073,151074,2023,0,0,-0.151775,-78.497807,PICHINCHA,QUITO,QUITO,URBANA,2023-08-02,16:10:00,16,MIERCOLES,3,AGOSTO,8,NO,CONDUCIR VEHICULO SUPERANDO LOS LIMITES MAXIMOS DE VELOCIDAD.,COLISION,FURGONETA,2,0,0,0,1,0,0,1,0,0,0,0,0,4,35,HOMBRE,ILESO,CONDUCTOR PRESENTE,NO,NO,1
35123,151075,151076,2023,1,0,-0.284768,-78.551911,PICHINCHA,QUITO,QUITO,URBANA,2023-08-02,16:38:00,16,MIERCOLES,3,AGOSTO,8,NO,"NO RESPETAR LAS SENIALES REGLAMENTARIAS DE TRANSITO. (PARE, CEDA EL PASO, LUZ ROJA DEL SEMAFORO, ETC).",CHOQUE LATERAL,MOTOCICLETA,1,0,0,0,0,0,0,0,1,0,0,0,0,2,35,HOMBRE,LESIONADO,CONDUCTOR PRESENTE,NO,NO,1
35124,151076,151077,2023,1,0,-0.316789,-78.548862,PICHINCHA,QUITO,QUITO,URBANA,2023-08-02,17:15:00,17,MIERCOLES,3,AGOSTO,8,NO,NO TRANSITAR POR LAS ACERAS O ZONAS DE SEGURIDAD DESTINADAS PARA EL EFECTO.,ATROPELLOS,NO IDENTIFICADO,0,0,0,0,0,0,0,0,0,1,0,0,0,1,68,MUJER,LESIONADO,PEATON,NO,NO,1
35125,151077,151078,2023,1,0,-0.213231,-78.495281,PICHINCHA,QUITO,QUITO,URBANA,2023-08-02,17:25:00,17,MIERCOLES,3,AGOSTO,8,NO,CONDUCIR VEHICULO SUPERANDO LOS LIMITES MAXIMOS DE VELOCIDAD.,ESTRELLAMIENTOS,MOTOCICLETA,1,0,0,0,0,0,0,0,1,0,0,0,0,2,41,HOMBRE,LESIONADO,CONDUCTOR PRESENTE,NO,NO,1
35126,151085,151086,2023,1,1,-0.220012,-78.329655,PICHINCHA,QUITO,PIFO,RURAL,2023-08-02,21:30:00,21,MIERCOLES,3,AGOSTO,8,NO,"CONDUCIR DESATENTO A LAS CONDICIONES DE TRANSITO (CELULAR, PANTALLAS DE VIDEO, COMIDA, MAQUILLAJE O CUALQUIER OTRO ELEMENTO DISTRACTOR).",VOLCAMIENTOS,MOTOCICLETA,0,0,0,0,0,0,0,0,1,0,0,0,0,1,20,HOMBRE,FALLECIDO,CONDUCTOR PRESENTE,NO,SI,3
35127,151087,151088,2023,3,0,-0.192475,-78.379541,PICHINCHA,QUITO,TUMBACO,RURAL,2023-08-02,22:00:00,22,MIERCOLES,3,AGOSTO,8,NO,REALIZAR CAMBIO BRUSCO O INDEBIDO DE CARRIL.,CHOQUE LATERAL,MOTOCICLETA,1,0,0,0,0,0,0,0,1,0,0,0,0,2,22,HOMBRE,LESIONADO,CONDUCTOR PRESENTE,NO,NO,3
35128,151088,151089,2023,1,0,-0.310611,-78.546233,PICHINCHA,QUITO,QUITO,URBANA,2023-08-02,22:58:00,22,MIERCOLES,3,AGOSTO,8,NO,"NO RESPETAR LAS SENIALES REGLAMENTARIAS DE TRANSITO. (PARE, CEDA EL PASO, LUZ ROJA DEL SEMAFORO, ETC).",CHOQUE LATERAL,MOTOCICLETA,1,0,0,0,0,0,0,0,1,0,0,0,0,2,24,HOMBRE,LESIONADO,CONDUCTOR PRESENTE,NO,NO,1
35129,151090,151091,2023,1,0,-0.241686,-78.518671,PICHINCHA,QUITO,QUITO,URBANA,2023-08-03,00:10:00,0,JUEVES,4,AGOSTO,8,NO,CONDUCIR VEHICULO SUPERANDO LOS LIMITES MAXIMOS DE VELOCIDAD.,PERDIDA DE CARRIL,NO IDENTIFICADO,0,0,0,0,0,0,0,0,0,1,0,0,0,1,25,HOMBRE,LESIONADO,PASAJERO,NO,NO,1
35130,151093,151094,2023,0,0,-0.208904,-78.503457,PICHINCHA,QUITO,QUITO,URBANA,2023-08-03,03:30:00,3,JUEVES,4,AGOSTO,8,NO,NO CEDER EL DERECHO DE VIA O PREFERENCIA DE PASO A VEHICULOS.,CHOQUE LATERAL,FURGONETA,1,0,0,0,0,0,0,1,0,0,0,0,0,2,19,HOMBRE,ILESO,CONDUCTOR PRESENTE,NO,NO,1
35131,151096,151097,2023,0,0,-0.136119,-78.470294,PICHINCHA,QUITO,QUITO,URBANA,2023-08-03,04:45:00,4,JUEVES,4,AGOSTO,8,NO,CONDUCIR VEHICULO SUPERANDO LOS LIMITES MAXIMOS DE VELOCIDAD.,OTROS,AUTOMOVIL,2,0,0,0,0,0,0,0,0,0,0,0,0,2,51,HOMBRE,ILESO,CONDUCTOR PRESENTE,NO,NO,1
35132,151105,151106,2023,0,0,-0.203227,-78.510795,PICHINCHA,QUITO,QUITO,URBANA,2023-08-03,07:00:00,7,JUEVES,4,AGOSTO,8,NO,NO CEDER EL DERECHO DE VIA O PREFERENCIA DE PASO A VEHICULOS.,CHOQUE LATERAL,AUTOMOVIL,2,0,0,0,0,0,0,0,0,0,0,0,0,2,28,HOMBRE,ILESO,CONDUCTOR PRESENTE,NO,NO,1
35133,151107,151108,2023,1,0,-0.192527,-78.508809,PICHINCHA,QUITO,QUITO,URBANA,2023-08-03,07:20:00,7,JUEVES,4,AGOSTO,8,NO,"CONDUCE BAJO LA INFLUENCIA DE ALCOHOL, SUSTANCIAS ESTUPEFACIENTES O PSICOTROPICAS Y/O MEDICAMENTOS.",CHOQUE LATERAL,BUS,0,0,1,0,0,0,0,0,1,0,0,0,0,2,25,HOMBRE,LESIONADO,CONDUCTOR PRESENTE,NO,NO,1
35134,151108,151109,2023,4,0,-0.216841,-78.437874,PICHINCHA,QUITO,CUMBAYA,RURAL,2023-08-03,08:12:00,8,JUEVES,4,AGOSTO,8,NO,CONDUCIR VEHICULO SUPERANDO LOS LIMITES MAXIMOS DE VELOCIDAD.,OTROS,CAMION,2,0,0,1,1,0,0,0,0,0,0,0,0,4,34,HOMBRE,LESIONADO,CONDUCTOR PRESENTE,NO,NO,3
35135,151113,151114,2023,1,0,-0.109257,-78.489101,PICHINCHA,QUITO,QUITO,URBANA,2023-08-03,08:50:00,8,JUEVES,4,AGOSTO,8,NO,CONDUCIR VEHICULO SUPERANDO LOS LIMITES MAXIMOS DE VELOCIDAD.,PERDIDA DE CARRIL,MOTOCICLETA,0,0,0,0,0,0,0,0,1,0,0,0,0,1,27,HOMBRE,LESIONADO,CONDUCTOR PRESENTE,NO,NO,1
35136,151116,151117,2023,0,0,-0.138849,-78.501368,PICHINCHA,QUITO,QUITO,URBANA,2023-08-03,09:45:00,9,JUEVES,4,AGOSTO,8,NO,CONDUCIR VEHICULO SUPERANDO LOS LIMITES MAXIMOS DE VELOCIDAD.,COLISION,AUTOMOVIL,3,0,0,0,0,0,0,0,0,0,0,0,0,3,70,HOMBRE,ILESO,CONDUCTOR PRESENTE,NO,NO,1
35137,151124,151125,2023,0,1,-0.160459,-78.496054,PICHINCHA,QUITO,QUITO,URBANA,2023-08-03,11:15:00,11,JUEVES,4,AGOSTO,8,NO,NO CEDER EL DERECHO DE VIA O PREFERENCIA DE PASO AL PEATON.,ATROPELLOS,NO IDENTIFICADO,0,0,0,0,0,0,0,0,0,1,0,0,0,1,79,HOMBRE,FALLECIDO,PEATON,NO,NO,1
35138,151126,151127,2023,1,0,-0.294965,-78.555445,PICHINCHA,QUITO,QUITO,URBANA,2023-08-03,11:40:00,11,JUEVES,4,AGOSTO,8,NO,BAJARSE O SUBIRSE DE VEHICULOS EN MOVIMIENTO SIN TOMAR LAS PRECAUCIONES DEBIDAS.,OTROS,BUS,0,0,1,0,0,0,0,0,0,0,0,0,0,1,90,HOMBRE,LESIONADO,PASAJERO,NO,NO,1
35139,151131,151132,2023,0,0,-0.125758,-78.462056,PICHINCHA,QUITO,QUITO,URBANA,2023-08-03,13:30:00,13,JUEVES,4,AGOSTO,8,NO,CONDUCIR VEHICULO SUPERANDO LOS LIMITES MAXIMOS DE VELOCIDAD.,ESTRELLAMIENTOS,CAMION,0,0,0,1,0,0,0,0,0,0,0,0,0,1,25,HOMBRE,ILESO,CONDUCTOR PRESENTE,NO,NO,1
35140,151149,151150,2023,0,0,-0.177045,-78.492187,PICHINCHA,QUITO,QUITO,URBANA,2023-08-03,19:35:00,19,JUEVES,4,AGOSTO,8,NO,NO CEDER EL DERECHO DE VIA O PREFERENCIA DE PASO A VEHICULOS.,CHOQUE LATERAL,AUTOMOVIL,2,0,0,0,0,0,0,0,0,0,0,0,0,2,51,HOMBRE,ILESO,CONDUCTOR PRESENTE,NO,NO,1
35141,151152,151153,2023,0,1,-0.271784,-78.333926,PICHINCHA,QUITO,PIFO,RURAL,2023-08-03,21:00:00,21,JUEVES,4,AGOSTO,8,NO,CONDUCIR VEHICULO SUPERANDO LOS LIMITES MAXIMOS DE VELOCIDAD.,ESTRELLAMIENTOS,MOTOCICLETA,0,0,0,0,0,0,0,0,1,0,0,0,0,1,58,HOMBRE,FALLECIDO,CONDUCTOR PRESENTE,NO,SI,3
35142,151153,151154,2023,1,0,-0.107498,-78.502916,PICHINCHA,QUITO,QUITO,URBANA,2023-08-03,21:30:00,21,JUEVES,4,AGOSTO,8,NO,NO MANTENER LA DISTANCIA PRUDENCIAL CON RESPECTO AL VEHICULO QUE LE ANTECEDE.,CHOQUE POSTERIOR,AUTOMOVIL,2,0,0,0,0,0,0,0,0,0,0,0,0,2,20,HOMBRE,LESIONADO,PASAJERO,NO,NO,1
35143,151160,151161,2023,7,4,-0.251904,-78.302353,PICHINCHA,QUITO,PIFO,RURAL,2023-08-04,00:30:00,0,VIERNES,5,AGOSTO,8,NO,DANIOS MECANICOS PREVISIBLES.,PERDIDA DE PISTA,BUS,0,0,1,0,0,0,0,0,0,0,0,0,0,1,31,HOMBRE,FALLECIDO,PASAJERO,NO,SI,3