,Unnamed: 0,ID,ANIO,LESIONADOS,FALLECIDOS,LATITUD_Y,LONGITUD_X,PROVINCIA,CANTON,PARROQUIA,ZONA,FECHA,HORA,PERIODO_2,DIA_1,DIA_2,MES_1,MES_2,FERIADO,CAUSA_PROBABLE,TIPO_DE_SINIESTRO,TIPO_DE_VEHICULO_1,AUTOMOVIL,BICICLETA,BUS,CAMION,CAMIONETA,EMERGENCIAS,ESPECIAL,FURGONETA,MOTOCICLETA,NO_IDENTIFICADO,SCOOTER_ELECTRICO,TRICIMOTO,VEHICULO_DEPORTIVO_UTILITARIO,SUMA_DE_VEHICULOS,EDAD_1,SEXO_1,CONDICION_1,PARTICIPANTE_1,CASCO_1,CINTURON_1,KMeans_Cluster
35144,151161,151162,2023,0,0,-0.201801,-78.438322,PICHINCHA,QUITO,CUMBAYA,RURAL,2023-08-04,00:50:00,0,VIERNES,5,AGOSTO,8,NO,CONDUCIR VEHICULO SUPERANDO LOS LIMITES MAXIMOS DE VELOCIDAD.,ESTRELLAMIENTOS,AUTOMOVIL,1,0,0,0,0,0,0,0,0,0,0,0,0,1,20,HOMBRE,ILESO,CONDUCTOR PRESENTE,NO,NO,3
35145,151164,151165,2023,0,0,-0.198326,-78.485951,PICHINCHA,QUITO,QUITO,URBANA,2023-08-04,02:20:00,2,VIERNES,5,AGOSTO,8,NO,NO MANTENER LA DISTANCIA PRUDENCIAL CON RESPECTO AL VEHICULO QUE LE ANTECEDE.,CHOQUE POSTERIOR,AUTOMOVIL,2,0,0,0,0,0,0,0,0,0,0,0,0,2,37,HOMBRE,ILESO,CONDUCTOR PRESENTE,NO,NO,1
35146,151165,151166,2023,2,0,-0.465712,-78.565113,PICHINCHA,MEJIA,MACHACHI,RURAL,2023-08-04,02:40:00,2,VIERNES,5,AGOSTO,8,NO,"CONDUCIR DESATENTO A LAS CONDICIONES DE TRANSITO (CELULAR, PANTALLAS DE VIDEO, COMIDA, MAQUILLAJE O CUALQUIER OTRO ELEMENTO DISTRACTOR).",PERDIDA DE PISTA,NO IDENTIFICADO,0,0,0,0,0,0,0,0,0,1,0,0,0,1,21,HOMBRE,LESIONADO,PASAJERO,NO,SI,3
35147,151167,151168,2023,0,0,-0.128661,-78.493792,PICHINCHA,QUITO,QUITO,URBANA,2023-08-04,02:45:00,2,VIERNES,5,AGOSTO,8,NO,CONDUCIR VEHICULO SUPERANDO LOS LIMITES MAXIMOS DE VELOCIDAD.,ESTRELLAMIENTOS,AUTOMOVIL,1,0,0,0,0,0,0,0,0,0,0,0,0,1,43,HOMBRE,ILESO,CONDUCTOR PRESENTE,NO,NO,1
35148,151169,151170,2023,0,0,-0.190796,-78.477831,PICHINCHA,QUITO,QUITO,URBANA,2023-08-04,03:20:00,3,VIERNES,5,AGOSTO,8,NO,CONDUCIR VEHICULO SUPERANDO LOS LIMITES MAXIMOS DE VELOCIDAD.,ESTRELLAMIENTOS,AUTOMOVIL,1,0,0,0,0,0,0,0,0,0,0,0,0,1,50,MUJER,ILESO,CONDUCTOR PRESENTE,NO,NO,1
35149,151175,151176,2023,0,0,-0.006262,-78.451822,PICHINCHA,QUITO,SAN ANTONIO (QUITO),RURAL,2023-08-04,07:25:00,7,VIERNES,5,AGOSTO,8,NO,NO CEDER EL DERECHO DE VIA O PREFERENCIA DE PASO A VEHICULOS.,CHOQUE LATERAL,CAMIONETA,0,0,0,0,2,0,0,0,0,0,0,0,0,2,36,HOMBRE,ILESO,CONDUCTOR PRESENTE,NO,NO,3
35150,151184,151185,2023,0,0,-0.305761,-78.471901,PICHINCHA,QUITO,CONOCOTO,RURAL,2023-08-04,10:00:00,10,VIERNES,5,AGOSTO,8,NO,"NO RESPETAR LAS SENIALES REGLAMENTARIAS DE TRANSITO. (PARE, CEDA EL PASO, LUZ ROJA DEL SEMAFORO, ETC).",CHOQUE LATERAL,FURGONETA,1,0,0,0,0,0,0,1,0,0,0,0,0,2,42,HOMBRE,ILESO,CONDUCTOR PRESENTE,NO,NO,3
35151,151187,151188,2023,2,0,-0.283597,-78.535712,PICHINCHA,QUITO,QUITO,URBANA,2023-08-04,11:50:00,11,VIERNES,5,AGOSTO,8,NO,"NO RESPETAR LAS SENIALES REGLAMENTARIAS DE TRANSITO. (PARE, CEDA EL PASO, LUZ ROJA DEL SEMAFORO, ETC).",CHOQUE LATERAL,MOTOCICLETA,0,0,0,0,0,0,0,0,1,1,0,0,0,2,20,HOMBRE,LESIONADO,CONDUCTOR PRESENTE,NO,NO,1
35152,151191,151192,2023,1,0,-0.243236,-78.519978,PICHINCHA,QUITO,QUITO,URBANA,2023-08-04,14:50:00,14,VIERNES,5,AGOSTO,8,NO,"NO RESPETAR LAS SENIALES REGLAMENTARIAS DE TRANSITO. (PARE, CEDA EL PASO, LUZ ROJA DEL SEMAFORO, ETC).",CHOQUE LATERAL,MOTOCICLETA,1,0,0,0,0,0,0,0,1,0,0,0,0,2,20,HOMBRE,LESIONADO,CONDUCTOR PRESENTE,NO,NO,1
35153,151194,151195,2023,0,0,-0.168964,-78.486469,PICHINCHA,QUITO,QUITO,URBANA,2023-08-04,15:55:00,15,VIERNES,5,AGOSTO,8,NO,"NO RESPETAR LAS SENIALES REGLAMENTARIAS DE TRANSITO. (PARE, CEDA EL PASO, LUZ ROJA DEL SEMAFORO, ETC).",CHOQUE LATERAL,CAMIONETA,1,0,0,0,1,0,0,0,0,0,0,0,0,2,24,HOMBRE,ILESO,CONDUCTOR PRESENTE,NO,NO,1
35154,151210,151211,2023,1,0,-0.285595,-78.559234,PICHINCHA,QUITO,QUITO,URBANA,2023-08-04,22:00:00,22,VIERNES,5,AGOSTO,8,NO,"NO RESPETAR LAS SENIALES REGLAMENTARIAS DE TRANSITO. (PARE, CEDA EL PASO, LUZ ROJA DEL SEMAFORO, ETC).",CHOQUE LATERAL,BUS,0,0,1,0,0,0,0,0,1,0,0,0,0,2,33,HOMBRE,LESIONADO,CONDUCTOR PRESENTE,NO,NO,1
35155,151224,151225,2023,1,0,-0.327101,-78.550324,PICHINCHA,QUITO,QUITO,URBANA,2023-08-05,03:00:00,3,SABADO,6,AGOSTO,8,NO,CONDUCIR VEHICULO SUPERANDO LOS LIMITES MAXIMOS DE VELOCIDAD.,OTROS,AUTOMOVIL,2,0,0,0,0,0,0,0,0,0,0,0,0,2,38,HOMBRE,LESIONADO,PASAJERO,NO,NO,1
35156,151227,151228,2023,0,0,-0.244029,-78.502269,PICHINCHA,QUITO,QUITO,URBANA,2023-08-05,04:30:00,4,SABADO,6,AGOSTO,8,NO,NO MANTENER LA DISTANCIA PRUDENCIAL CON RESPECTO AL VEHICULO QUE LE ANTECEDE.,CHOQUE POSTERIOR,AUTOMOVIL,2,0,0,0,0,0,0,0,0,0,0,0,0,2,45,HOMBRE,ILESO,CONDUCTOR PRESENTE,NO,NO,1
35157,151229,151230,2023,2,0,-0.108797,-78.455522,PICHINCHA,QUITO,CALDERON (CARAPUNGO),RURAL,2023-08-05,04:50:00,4,SABADO,6,AGOSTO,8,NO,"CONDUCE BAJO LA INFLUENCIA DE ALCOHOL, SUSTANCIAS ESTUPEFACIENTES O PSICOTROPICAS Y/O MEDICAMENTOS.",CHOQUE LATERAL,AUTOMOVIL,2,0,0,0,0,0,0,0,0,0,0,0,0,2,49,HOMBRE,LESIONADO,CONDUCTOR PRESENTE,NO,NO,3
35158,151234,151235,2023,0,0,-0.111036,-78.480671,PICHINCHA,QUITO,QUITO,URBANA,2023-08-05,06:25:00,6,SABADO,6,AGOSTO,8,NO,"CONDUCIR EN ESTADO DE SOMNOLENCIA O MALAS CONDICIONES FISICAS (SUENIO, CANSANCIO Y FATIGA).",ESTRELLAMIENTOS,AUTOMOVIL,1,0,0,0,0,0,0,0,0,0,0,0,0,1,32,HOMBRE,ILESO,CONDUCTOR PRESENTE,NO,NO,1
35159,151238,151239,2023,1,0,-0.199067,-78.499575,PICHINCHA,QUITO,QUITO,URBANA,2023-08-05,10:00:00,10,SABADO,6,AGOSTO,8,NO,"NO RESPETAR LAS SENIALES REGLAMENTARIAS DE TRANSITO. (PARE, CEDA EL PASO, LUZ ROJA DEL SEMAFORO, ETC).",CHOQUE LATERAL,MOTOCICLETA,1,0,0,0,0,0,0,0,1,0,0,0,0,2,29,MUJER,LESIONADO,PASAJERO,NO,NO,1
35160,151240,151241,2023,3,0,-0.333456,-78.519745,PICHINCHA,QUITO,QUITO,URBANA,2023-08-05,11:12:00,11,SABADO,6,AGOSTO,8,NO,"CONDUCE BAJO LA INFLUENCIA DE ALCOHOL, SUSTANCIAS ESTUPEFACIENTES O PSICOTROPICAS Y/O MEDICAMENTOS.",CHOQUE LATERAL,AUTOMOVIL,2,0,0,0,0,0,0,0,0,0,0,0,0,2,24,HOMBRE,LESIONADO,CONDUCTOR PRESENTE,NO,NO,1
35161,151245,151246,2023,2,0,-0.199615,-78.457932,PICHINCHA,QUITO,QUITO,URBANA,2023-08-05,12:50:00,12,SABADO,6,AGOSTO,8,NO,"CASO FORTUITO O FUERZA MAYOR (EXPLOSION DE NEUMATICO NUEVO, DERRUMBE, INUNDACION, CAIDA DE PUENTE, ARBOL, PRESENCIA INTEMPESTIVA E IMPREVISTA DE SEMOVIENTES EN LA VIA, ETC.).",OTROS,AUTOMOVIL,1,0,0,0,0,0,0,0,0,0,0,0,0,1,71,HOMBRE,LESIONADO,CONDUCTOR PRESENTE,NO,NO,1
35162,151247,151248,2023,0,0,-0.224741,-78.519385,PICHINCHA,QUITO,QUITO,URBANA,2023-08-05,13:20:00,13,SABADO,6,AGOSTO,8,NO,"CONDUCE BAJO LA INFLUENCIA DE ALCOHOL, SUSTANCIAS ESTUPEFACIENTES O PSICOTROPICAS Y/O MEDICAMENTOS.",ESTRELLAMIENTOS,CAMION,0,0,0,1,0,0,0,0,0,0,0,0,0,1,54,HOMBRE,ILESO,CONDUCTOR PRESENTE,NO,NO,1
35163,151260,151261,2023,1,0,-0.337712,-78.565113,PICHINCHA,QUITO,QUITO,URBANA,2023-08-05,18:00:00,18,SABADO,6,AGOSTO,8,NO,"NO RESPETAR LAS SENIALES REGLAMENTARIAS DE TRANSITO. (PARE, CEDA EL PASO, LUZ ROJA DEL SEMAFORO, ETC).",CHOQUE LATERAL,MOTOCICLETA,0,0,0,0,0,0,0,0,1,1,0,0,0,2,22,HOMBRE,LESIONADO,CONDUCTOR PRESENTE,NO,NO,1
35164,151275,151276,2023,0,1,-0.278882,-78.339911,PICHINCHA,QUITO,PIFO,RURAL,2023-08-05,20:00:00,20,SABADO,6,AGOSTO,8,NO,CONDUCIR VEHICULO SUPERANDO LOS LIMITES MAXIMOS DE VELOCIDAD.,ATROPELLOS,NO IDENTIFICADO,0,0,0,0,0,0,0,0,0,1,0,0,0,1,19,HOMBRE,FALLECIDO,PEATON,NO,SI,3
35165,151280,151281,2023,1,0,-0.352064,-78.464471,PICHINCHA,RUMINIAHUI,SANGOLQUI,RURAL,2023-08-05,20:50:00,20,SABADO,6,AGOSTO,8,NO,"CONDUCIR DESATENTO A LAS CONDICIONES DE TRANSITO (CELULAR, PANTALLAS DE VIDEO, COMIDA, MAQUILLAJE O CUALQUIER OTRO ELEMENTO DISTRACTOR).",PERDIDA DE PISTA,MOTOCICLETA,0,0,0,0,0,0,0,0,1,0,0,0,0,1,38,HOMBRE,LESIONADO,CONDUCTOR PRESENTE,NO,SI,3
35166,151285,151286,2023,1,0,-0.166527,-78.486093,PICHINCHA,QUITO,QUITO,URBANA,2023-08-05,22:25:00,22,SABADO,6,AGOSTO,8,NO,CONDUCIR VEHICULO SUPERANDO LOS LIMITES MAXIMOS DE VELOCIDAD.,PERDIDA DE CARRIL,MOTOCICLETA,0,0,0,0,0,0,0,0,1,0,0,0,0,1,25,HOMBRE,LESIONADO,CONDUCTOR PRESENTE,NO,NO,1
35167,151292,151293,2023,2,0,-0.312858,-78.553045,PICHINCHA,QUITO,QUITO,URBANA,2023-08-05,23:25:00,23,SABADO,6,AGOSTO,8,NO,NO CEDER EL DERECHO DE VIA O PREFERENCIA DE PASO AL PEATON.,OTROS,NO IDENTIFICADO,0,0,0,0,0,0,0,0,0,1,0,0,0,1,27,MUJER,LESIONADO,PEATON,NO,NO,1
35168,151293,151294,2023,1,0,-0.271193,-78.551858,PICHINCHA,QUITO,QUITO,URBANA,2023-08-05,23:30:00,23,SABADO,6,AGOSTO,8,NO,"NO RESPETAR LAS SENIALES REGLAMENTARIAS DE TRANSITO. (PARE, CEDA EL PASO, LUZ ROJA DEL SEMAFORO, ETC).",OTROS,MOTOCICLETA,2,0,0,0,0,0,0,0,1,0,0,0,0,3,33,HOMBRE,LESIONADO,CONDUCTOR PRESENTE,NO,NO,1
35169,151299,151300,2023,1,0,-0.297253,-78.493605,PICHINCHA,QUITO,CONOCOTO,RURAL,2023-08-06,01:01:00,1,DOMINGO,7,AGOSTO,8,NO,CONDUCIR VEHICULO SUPERANDO LOS LIMITES MAXIMOS DE VELOCIDAD.,PERDIDA DE CARRIL,NO IDENTIFICADO,0,0,0,0,0,0,0,0,0,1,0,0,0,1,29,HOMBRE,LESIONADO,PASAJERO,NO,NO,3
35170,151309,151310,2023,0,0,-0.199156,-78.479551,PICHINCHA,QUITO,QUITO,URBANA,2023-08-06,04:00:00,4,DOMINGO,7,AGOSTO,8,NO,CONDUCIR VEHICULO SUPERANDO LOS LIMITES MAXIMOS DE VELOCIDAD.,PERDIDA DE CARRIL,AUTOMOVIL,1,0,0,0,0,0,0,0,0,0,0,0,0,1,-1,NO IDENTIFICADO,NO IDENTIFICADO,CONDUCTOR AUSENTE,NO,NO,2
35171,151313,151314,2023,0,0,-0.273033,-78.547175,PICHINCHA,QUITO,QUITO,URBANA,2023-08-06,04:30:00,4,DOMINGO,7,AGOSTO,8,NO,CONDUCIR VEHICULO SUPERANDO LOS LIMITES MAXIMOS DE VELOCIDAD.,ESTRELLAMIENTOS,AUTOMOVIL,1,0,0,0,0,0,0,0,0,0,0,0,0,1,29,HOMBRE,ILESO,CONDUCTOR PRESENTE,NO,NO,1
35172,151315,151316,2023,0,0,-0.120006,-78.489903,PICHINCHA,QUITO,QUITO,URBANA,2023-08-06,05:00:00,5,DOMINGO,7,AGOSTO,8,NO,CONDUCIR VEHICULO SUPERANDO LOS LIMITES MAXIMOS DE VELOCIDAD.,PERDIDA DE CARRIL,MOTOCICLETA,0,0,0,0,0,0,0,0,1,0,0,0,0,1,-1,NO IDENTIFICADO,NO IDENTIFICADO,CONDUCTOR AUSENTE,NO,NO,2
35173,151323,151324,2023,0,0,-0.332931,-78.550323,PICHINCHA,QUITO,QUITO,URBANA,2023-08-06,06:10:00,6,DOMINGO,7,AGOSTO,8,NO,CONDUCIR VEHICULO SUPERANDO LOS LIMITES MAXIMOS DE VELOCIDAD.,ESTRELLAMIENTOS,AUTOMOVIL,1,0,0,0,0,0,0,0,0,0,0,0,0,1,-1,NO IDENTIFICADO,NO IDENTIFICADO,CONDUCTOR AUSENTE,NO,NO,2
35174,151333,151334,2023,2,0,-0.298991,-78.564183,PICHINCHA,QUITO,QUITO,URBANA,2023-08-06,09:27:00,9,DOMINGO,7,AGOSTO,8,NO,NO CEDER EL DERECHO DE VIA O PREFERENCIA DE PASO A VEHICULOS.,OTROS,BUS,1,0,1,0,0,0,0,0,0,0,0,0,0,2,45,HOMBRE,LESIONADO,PEATON,NO,NO,1
35175,151335,151336,2023,1,0,-0.299181,-78.541882,PICHINCHA,QUITO,QUITO,URBANA,2023-08-06,10:05:00,10,DOMINGO,7,AGOSTO,8,NO,"CONDUCE BAJO LA INFLUENCIA DE ALCOHOL, SUSTANCIAS ESTUPEFACIENTES O PSICOTROPICAS Y/O MEDICAMENTOS.",CHOQUE POSTERIOR,MOTOCICLETA,1,0,0,0,0,0,0,0,1,0,0,0,0,2,24,HOMBRE,LESIONADO,CONDUCTOR PRESENTE,NO,NO,1
35176,151340,151341,2023,1,0,-0.336136,-78.558682,PICHINCHA,QUITO,QUITO,URBANA,2023-08-06,11:25:00,11,DOMINGO,7,AGOSTO,8,NO,"NO RESPETAR LAS SENIALES REGLAMENTARIAS DE TRANSITO. (PARE, CEDA EL PASO, LUZ ROJA DEL SEMAFORO, ETC).",CHOQUE LATERAL,MOTOCICLETA,1,0,0,0,0,0,0,0,1,0,0,0,0,2,19,HOMBRE,LESIONADO,CONDUCTOR PRESENTE,NO,NO,1
35177,151346,151347,2023,0,0,-0.119849,-78.506401,PICHINCHA,QUITO,QUITO,URBANA,2023-08-06,12:50:00,12,DOMINGO,7,AGOSTO,8,NO,"NO RESPETAR LAS SENIALES REGLAMENTARIAS DE TRANSITO. (PARE, CEDA EL PASO, LUZ ROJA DEL SEMAFORO, ETC).",CHOQUE LATERAL,MOTOCICLETA,0,0,0,0,0,0,0,0,2,0,0,0,0,2,46,HOMBRE,ILESO,CONDUCTOR PRESENTE,NO,NO,1
35178,151357,151358,2023,2,0,-0.358256,-78.534282,PICHINCHA,QUITO,QUITO,URBANA,2023-08-06,17:00:00,17,DOMINGO,7,AGOSTO,8,NO,CONDUCIR VEHICULO SUPERANDO LOS LIMITES MAXIMOS DE VELOCIDAD.,PERDIDA DE CARRIL,FURGONETA,0,0,0,0,0,0,0,1,0,0,0,0,0,1,72,HOMBRE,LESIONADO,CONDUCTOR PRESENTE,NO,NO,1
35179,151371,151372,2023,1,0,-0.090905,-78.450546,PICHINCHA,QUITO,CALDERON (CARAPUNGO),RURAL,2023-08-06,19:35:00,19,DOMINGO,7,AGOSTO,8,NO,NO CEDER EL DERECHO DE VIA O PREFERENCIA DE PASO AL PEATON.,ATROPELLOS,AUTOMOVIL,1,0,0,0,0,0,0,0,0,0,0,0,0,1,40,HOMBRE,LESIONADO,PEATON,NO,NO,3
35180,151391,151392,2023,0,0,-0.254438,-78.568454,PICHINCHA,QUITO,QUITO,URBANA,2023-08-07,00:05:00,0,LUNES,1,AGOSTO,8,NO,CONDUCIR VEHICULO SUPERANDO LOS LIMITES MAXIMOS DE VELOCIDAD.,ESTRELLAMIENTOS,AUTOMOVIL,2,0,0,0,0,0,0,0,0,0,0,0,0,2,18,HOMBRE,ILESO,CONDUCTOR PRESENTE,NO,NO,1
35181,151393,151394,2023,0,0,-0.179082,-78.455249,PICHINCHA,QUITO,QUITO,URBANA,2023-08-07,02:00:00,2,LUNES,1,AGOSTO,8,NO,CONDUCIR VEHICULO SUPERANDO LOS LIMITES MAXIMOS DE VELOCIDAD.,ESTRELLAMIENTOS,AUTOMOVIL,1,0,0,0,0,0,0,0,0,0,0,0,0,1,-1,NO IDENTIFICADO,NO IDENTIFICADO,CONDUCTOR AUSENTE,NO,NO,2
35182,151395,151396,2023,0,1,-0.313991,-78.441842,PICHINCHA,RUMINIAHUI,SANGOLQUI,URBANA,2023-08-07,02:30:00,2,LUNES,1,AGOSTO,8,NO,CONDUCIR VEHICULO SUPERANDO LOS LIMITES MAXIMOS DE VELOCIDAD.,ESTRELLAMIENTOS,ESPECIAL,0,0,0,0,0,0,1,0,0,1,0,0,0,2,23,HOMBRE,FALLECIDO,CONDUCTOR PRESENTE,NO,SI,1
35183,151403,151404,2023,2,0,-0.217861,-78.513085,PICHINCHA,QUITO,QUITO,URBANA,2023-08-07,06:30:00,6,LUNES,1,AGOSTO,8,NO,"NO RESPETAR LAS SENIALES REGLAMENTARIAS DE TRANSITO. (PARE, CEDA EL PASO, LUZ ROJA DEL SEMAFORO, ETC).",OTROS,AUTOMOVIL,2,0,0,0,0,0,0,0,0,0,0,0,0,2,55,HOMBRE,LESIONADO,PEATON,NO,NO,1
35184,151404,151405,2023,2,0,-0.206516,-78.512199,PICHINCHA,QUITO,QUITO,URBANA,2023-08-07,06:55:00,6,LUNES,1,AGOSTO,8,NO,NO GUARDAR LA DISTANCIA LATERAL MINIMA DE SEGURIDAD ENTRE VEHICULOS.,ROZAMIENTOS,MOTOCICLETA,0,0,0,0,0,0,0,0,1,1,0,0,0,2,23,HOMBRE,LESIONADO,CONDUCTOR PRESENTE,NO,NO,1
35185,151408,151409,2023,0,0,-0.182301,-78.510244,PICHINCHA,QUITO,QUITO,URBANA,2023-08-07,08:30:00,8,LUNES,1,AGOSTO,8,NO,REALIZAR CAMBIO BRUSCO O INDEBIDO DE CARRIL.,CHOQUE FRONTAL,BUS,0,0,1,0,1,0,0,0,0,0,0,0,0,2,37,HOMBRE,ILESO,CONDUCTOR PRESENTE,NO,NO,1
35186,151410,151411,2023,1,0,-0.290311,-78.530729,PICHINCHA,QUITO,QUITO,URBANA,2023-08-07,10:25:00,10,LUNES,1,AGOSTO,8,NO,NO CEDER EL DERECHO DE VIA O PREFERENCIA DE PASO AL PEATON.,ATROPELLOS,CAMION,0,0,0,1,0,0,0,0,0,0,0,0,0,1,17,MUJER,LESIONADO,PEATON,NO,NO,1
35187,151413,151414,2023,0,0,-0.206963,-78.490916,PICHINCHA,QUITO,QUITO,URBANA,2023-08-07,11:55:00,11,LUNES,1,AGOSTO,8,NO,NO CEDER EL DERECHO DE VIA O PREFERENCIA DE PASO A VEHICULOS.,CHOQUE LATERAL,AUTOMOVIL,2,0,0,0,0,0,0,0,0,0,0,0,0,2,44,HOMBRE,ILESO,CONDUCTOR PRESENTE,NO,NO,1
35188,151422,151423,2023,1,0,-0.340203,-78.549321,PICHINCHA,QUITO,QUITO,URBANA,2023-08-07,14:30:00,14,LUNES,1,AGOSTO,8,NO,"NO RESPETAR LAS SENIALES REGLAMENTARIAS DE TRANSITO. (PARE, CEDA EL PASO, LUZ ROJA DEL SEMAFORO, ETC).",CHOQUE LATERAL,MOTOCICLETA,1,0,0,0,0,0,0,0,1,0,0,0,0,2,29,HOMBRE,LESIONADO,CONDUCTOR PRESENTE,NO,NO,1
35189,151429,151430,2023,0,0,-0.242407,-78.474599,PICHINCHA,QUITO,QUITO,URBANA,2023-08-07,16:25:00,16,LUNES,1,AGOSTO,8,NO,CONDUCIR VEHICULO SUPERANDO LOS LIMITES MAXIMOS DE VELOCIDAD.,COLISION,AUTOMOVIL,2,0,0,0,0,0,0,0,0,1,0,0,0,3,42,HOMBRE,ILESO,CONDUCTOR PRESENTE,NO,NO,1
35190,151431,151432,2023,1,0,-0.184934,-78.477131,PICHINCHA,QUITO,QUITO,URBANA,2023-08-07,16:45:00,16,LUNES,1,AGOSTO,8,NO,NO GUARDAR LA DISTANCIA LATERAL MINIMA DE SEGURIDAD ENTRE VEHICULOS.,CHOQUE LATERAL,MOTOCICLETA,1,0,0,0,0,0,0,0,1,0,0,0,0,2,30,HOMBRE,LESIONADO,CONDUCTOR PRESENTE,NO,NO,1
35191,151441,151442,2023,0,0,-0.119434,-78.471236,PICHINCHA,QUITO,QUITO,URBANA,2023-08-07,19:55:00,19,LUNES,1,AGOSTO,8,NO,NO MANTENER LA DISTANCIA PRUDENCIAL CON RESPECTO AL VEHICULO QUE LE ANTECEDE.,CHOQUE POSTERIOR,BUS,1,0,1,0,0,0,0,0,0,0,0,0,0,2,25,HOMBRE,ILESO,CONDUCTOR PRESENTE,NO,NO,1
35192,151458,151459,2023,2,0,-0.280577,-78.564359,PICHINCHA,QUITO,QUITO,URBANA,2023-08-08,07:34:00,7,MARTES,2,AGOSTO,8,NO,"NO RESPETAR LAS SENIALES REGLAMENTARIAS DE TRANSITO. (PARE, CEDA EL PASO, LUZ ROJA DEL SEMAFORO, ETC).",CHOQUE LATERAL,MOTOCICLETA,1,0,0,0,0,0,0,0,1,0,0,0,0,2,14,HOMBRE,LESIONADO,CONDUCTOR PRESENTE,NO,NO,1
35193,151459,151460,2023,0,0,-0.280251,-78.553115,PICHINCHA,QUITO,QUITO,URBANA,2023-08-08,07:50:00,7,MARTES,2,AGOSTO,8,NO,CONDUCIR VEHICULO SUPERANDO LOS LIMITES MAXIMOS DE VELOCIDAD.,COLISION,AUTOMOVIL,3,0,0,0,0,0,0,0,0,0,0,0,0,3,46,HOMBRE,ILESO,CONDUCTOR PRESENTE,NO,NO,1
35194,151461,151462,2023,1,0,-0.244239,-78.518754,PICHINCHA,QUITO,QUITO,URBANA,2023-08-08,08:30:00,8,MARTES,2,AGOSTO,8,NO,REALIZAR CAMBIO BRUSCO O INDEBIDO DE CARRIL.,CHOQUE LATERAL,BUS,1,0,1,0,0,0,0,0,0,0,0,0,0,2,50,MUJER,LESIONADO,PASAJERO,NO,NO,1
35195,151462,151463,2023,0,0,-0.280802,-78.556007,PICHINCHA,QUITO,QUITO,URBANA,2023-08-08,08:40:00,8,MARTES,2,AGOSTO,8,NO,"NO RESPETAR LAS SENIALES REGLAMENTARIAS DE TRANSITO. (PARE, CEDA EL PASO, LUZ ROJA DEL SEMAFORO, ETC).",CHOQUE LATERAL,AUTOMOVIL,2,0,0,0,0,0,0,0,0,0,0,0,0,2,24,HOMBRE,ILESO,CONDUCTOR PRESENTE,NO,NO,1
35196,151464,151465,2023,1,0,-0.220747,-78.510984,PICHINCHA,QUITO,QUITO,URBANA,2023-08-08,09:30:00,9,MARTES,2,AGOSTO,8,NO,NO CEDER EL DERECHO DE VIA O PREFERENCIA DE PASO AL PEATON.,ATROPELLOS,AUTOMOVIL,1,0,0,0,0,0,0,0,0,0,0,0,0,1,89,HOMBRE,LESIONADO,PEATON,NO,NO,1
35197,151474,151475,2023,0,0,-0.197021,-78.466862,PICHINCHA,QUITO,QUITO,URBANA,2023-08-08,14:35:00,14,MARTES,2,AGOSTO,8,NO,NO MANTENER LA DISTANCIA PRUDENCIAL CON RESPECTO AL VEHICULO QUE LE ANTECEDE.,CHOQUE POSTERIOR,AUTOMOVIL,2,0,0,0,0,0,0,0,0,0,0,0,0,2,60,HOMBRE,ILESO,CONDUCTOR PRESENTE,NO,NO,1
35198,151475,151476,2023,1,0,-0.144731,-78.474661,PICHINCHA,QUITO,QUITO,URBANA,2023-08-08,15:25:00,15,MARTES,2,AGOSTO,8,NO,"NO RESPETAR LAS SENIALES REGLAMENTARIAS DE TRANSITO. (PARE, CEDA EL PASO, LUZ ROJA DEL SEMAFORO, ETC).",CHOQUE LATERAL,BUS,0,0,1,0,0,0,0,0,1,0,0,0,0,2,46,HOMBRE,LESIONADO,CONDUCTOR PRESENTE,NO,NO,1
35199,151476,151477,2023,0,0,-0.237756,-78.509071,PICHINCHA,QUITO,QUITO,URBANA,2023-08-08,15:40:00,15,MARTES,2,AGOSTO,8,NO,"NO RESPETAR LAS SENIALES REGLAMENTARIAS DE TRANSITO. (PARE, CEDA EL PASO, LUZ ROJA DEL SEMAFORO, ETC).",CHOQUE LATERAL,BUS,0,0,2,0,0,0,0,0,0,0,0,0,0,2,40,HOMBRE,ILESO,CONDUCTOR PRESENTE,NO,NO,1
35200,151477,151478,2023,0,0,-0.215459,-78.456887,PICHINCHA,QUITO,CUMBAYA,RURAL,2023-08-08,15:55:00,15,MARTES,2,AGOSTO,8,NO,CONDUCIR VEHICULO SUPERANDO LOS LIMITES MAXIMOS DE VELOCIDAD.,VOLCAMIENTOS,CAMION,0,0,0,1,0,0,0,0,0,0,0,0,0,1,-1,NO IDENTIFICADO,NO IDENTIFICADO,CONDUCTOR AUSENTE,NO,NO,2
35201,151479,151480,2023,0,0,-0.210651,-78.501011,PICHINCHA,QUITO,QUITO,URBANA,2023-08-08,16:20:00,16,MARTES,2,AGOSTO,8,NO,"NO RESPETAR LAS SENIALES REGLAMENTARIAS DE TRANSITO. (PARE, CEDA EL PASO, LUZ ROJA DEL SEMAFORO, ETC).",CHOQUE LATERAL,CAMIONETA,1,0,0,0,1,0,0,0,0,0,0,0,0,2,40,HOMBRE,ILESO,CONDUCTOR PRESENTE,NO,NO,1
35202,151480,151481,2023,0,0,-0.241235,-78.494776,PICHINCHA,QUITO,QUITO,URBANA,2023-08-08,16:30:00,16,MARTES,2,AGOSTO,8,NO,CONDUCIR VEHICULO SUPERANDO LOS LIMITES MAXIMOS DE VELOCIDAD.,COLISION,CAMIONETA,0,0,0,0,3,0,0,0,0,1,0,0,0,4,48,HOMBRE,ILESO,CONDUCTOR PRESENTE,NO,NO,1