,Unnamed: 0,ID,ANIO,LESIONADOS,FALLECIDOS,LATITUD_Y,LONGITUD_X,PROVINCIA,CANTON,PARROQUIA,ZONA,FECHA,HORA,PERIODO_2,DIA_1,DIA_2,MES_1,MES_2,FERIADO,CAUSA_PROBABLE,TIPO_DE_SINIESTRO,TIPO_DE_VEHICULO_1,AUTOMOVIL,BICICLETA,BUS,CAMION,CAMIONETA,EMERGENCIAS,ESPECIAL,FURGONETA,MOTOCICLETA,NO_IDENTIFICADO,SCOOTER_ELECTRICO,TRICIMOTO,VEHICULO_DEPORTIVO_UTILITARIO,SUMA_DE_VEHICULOS,EDAD_1,SEXO_1,CONDICION_1,PARTICIPANTE_1,CASCO_1,CINTURON_1,KMeans_Cluster
35203,151481,151482,2023,3,0,-0.262138,-78.554117,PICHINCHA,QUITO,QUITO,URBANA,2023-08-08,17:00:00,17,MARTES,2,AGOSTO,8,NO,NO MANTENER LA DISTANCIA PRUDENCIAL CON RESPECTO AL VEHICULO QUE LE ANTECEDE.,CHOQUE POSTERIOR,CAMION,0,0,0,2,0,0,0,0,0,0,0,0,0,2,25,HOMBRE,LESIONADO,CONDUCTOR PRESENTE,NO,NO,1
35204,151485,151486,2023,0,0,-0.221371,-78.515011,PICHINCHA,QUITO,QUITO,URBANA,2023-08-08,19:10:00,19,MARTES,2,AGOSTO,8,NO,"CONDUCIR DESATENTO A LAS CONDICIONES DE TRANSITO (CELULAR, PANTALLAS DE VIDEO, COMIDA, MAQUILLAJE O CUALQUIER OTRO ELEMENTO DISTRACTOR).",OTROS,CAMION,0,0,0,1,0,0,0,0,0,0,0,0,0,1,46,HOMBRE,ILESO,CONDUCTOR PRESENTE,NO,NO,1
35205,151487,151488,2023,1,0,-0.273231,-78.495382,PICHINCHA,QUITO,CONOCOTO,RURAL,2023-08-08,19:35:00,19,MARTES,2,AGOSTO,8,NO,NO CEDER EL DERECHO DE VIA O PREFERENCIA DE PASO AL PEATON.,ATROPELLOS,NO IDENTIFICADO,0,0,0,0,0,0,0,0,0,1,0,0,0,1,34,HOMBRE,LESIONADO,PEATON,NO,NO,3
35206,151490,151491,2023,0,0,-0.074721,-78.479583,PICHINCHA,QUITO,POMASQUI,URBANA,2023-08-08,21:10:00,21,MARTES,2,AGOSTO,8,NO,"CONDUCIR DESATENTO A LAS CONDICIONES DE TRANSITO (CELULAR, PANTALLAS DE VIDEO, COMIDA, MAQUILLAJE O CUALQUIER OTRO ELEMENTO DISTRACTOR).",ESTRELLAMIENTOS,MOTOCICLETA,1,0,0,0,0,0,0,0,1,0,0,0,0,2,21,HOMBRE,ILESO,CONDUCTOR PRESENTE,NO,SI,1
35207,151498,151499,2023,1,0,-0.143452,-78.474604,PICHINCHA,QUITO,QUITO,URBANA,2023-08-09,05:45:00,5,MIERCOLES,3,AGOSTO,8,NO,CONDUCIR VEHICULO SUPERANDO LOS LIMITES MAXIMOS DE VELOCIDAD.,ESTRELLAMIENTOS,AUTOMOVIL,1,0,0,0,0,0,0,0,0,0,0,0,0,1,36,MUJER,LESIONADO,PASAJERO,NO,NO,1
35208,151502,151503,2023,1,0,-0.169801,-78.489001,PICHINCHA,QUITO,QUITO,URBANA,2023-08-09,07:00:00,7,MIERCOLES,3,AGOSTO,8,NO,NO CEDER EL DERECHO DE VIA O PREFERENCIA DE PASO AL PEATON.,ATROPELLOS,MOTOCICLETA,0,0,0,0,0,0,0,0,1,0,0,0,0,1,58,MUJER,LESIONADO,PEATON,NO,NO,1
35209,151516,151517,2023,0,0,0.004069,-78.441006,PICHINCHA,QUITO,SAN ANTONIO (QUITO),RURAL,2023-08-09,12:55:00,12,MIERCOLES,3,AGOSTO,8,NO,"NO RESPETAR LAS SENIALES REGLAMENTARIAS DE TRANSITO. (PARE, CEDA EL PASO, LUZ ROJA DEL SEMAFORO, ETC).",CHOQUE LATERAL,MOTOCICLETA,1,0,0,0,0,0,0,0,1,0,0,0,0,2,49,HOMBRE,ILESO,CONDUCTOR PRESENTE,NO,NO,3
35210,151519,151520,2023,0,0,-0.183868,-78.487051,PICHINCHA,QUITO,QUITO,URBANA,2023-08-09,13:30:00,13,MIERCOLES,3,AGOSTO,8,NO,REALIZAR CAMBIO BRUSCO O INDEBIDO DE CARRIL.,CHOQUE LATERAL,BICICLETA,1,1,0,0,0,0,0,0,0,0,0,0,0,2,16,HOMBRE,ILESO,CONDUCTOR PRESENTE,NO,NO,1
35211,151536,151537,2023,3,0,-0.119912,-78.506372,PICHINCHA,QUITO,QUITO,URBANA,2023-08-09,19:38:00,19,MIERCOLES,3,AGOSTO,8,NO,"CONDUCE BAJO LA INFLUENCIA DE ALCOHOL, SUSTANCIAS ESTUPEFACIENTES O PSICOTROPICAS Y/O MEDICAMENTOS.",COLISION,CAMIONETA,2,0,0,0,1,0,0,0,0,0,0,0,0,3,25,HOMBRE,LESIONADO,CONDUCTOR PRESENTE,NO,NO,1
35212,151539,151540,2023,0,0,-0.249988,-78.535158,PICHINCHA,QUITO,QUITO,URBANA,2023-08-09,20:50:00,20,MIERCOLES,3,AGOSTO,8,NO,"CONDUCE BAJO LA INFLUENCIA DE ALCOHOL, SUSTANCIAS ESTUPEFACIENTES O PSICOTROPICAS Y/O MEDICAMENTOS.",CHOQUE POSTERIOR,AUTOMOVIL,2,0,0,0,0,0,0,0,0,0,0,0,0,2,28,HOMBRE,ILESO,CONDUCTOR PRESENTE,NO,NO,1
35213,151545,151546,2023,1,0,-0.305271,-78.566777,PICHINCHA,QUITO,QUITO,URBANA,2023-08-09,23:40:00,23,MIERCOLES,3,AGOSTO,8,NO,"NO RESPETAR LAS SENIALES REGLAMENTARIAS DE TRANSITO. (PARE, CEDA EL PASO, LUZ ROJA DEL SEMAFORO, ETC).",CHOQUE LATERAL,MOTOCICLETA,0,0,0,0,1,0,0,0,1,0,0,0,0,2,22,HOMBRE,LESIONADO,PASAJERO,NO,NO,1
35214,151548,151549,2023,0,0,-0.449411,-78.585734,PICHINCHA,MEJIA,ALOAG,URBANA,2023-08-10,05:50:45,5,JUEVES,4,AGOSTO,8,NO,"PRESENCIA DE AGENTES EXTERNOS EN LA VIA (AGUA, ACEITE, PIEDRA, LASTRE, ESCOMBROS, MADEROS, ETC.).",PERDIDA DE CARRIL,CAMIONETA,0,0,0,0,1,0,0,0,0,0,0,0,0,1,43,HOMBRE,ILESO,CONDUCTOR PRESENTE,NO,SI,1
35215,151551,151552,2023,0,0,-0.172561,-78.487003,PICHINCHA,QUITO,QUITO,URBANA,2023-08-10,07:15:00,7,JUEVES,4,AGOSTO,8,NO,"NO RESPETAR LAS SENIALES REGLAMENTARIAS DE TRANSITO. (PARE, CEDA EL PASO, LUZ ROJA DEL SEMAFORO, ETC).",CHOQUE LATERAL,AUTOMOVIL,2,0,0,0,0,0,0,0,0,0,0,0,0,2,43,HOMBRE,ILESO,CONDUCTOR PRESENTE,NO,NO,1
35216,151554,151555,2023,1,0,-0.301388,-78.462932,PICHINCHA,QUITO,CONOCOTO,RURAL,2023-08-10,08:00:00,8,JUEVES,4,AGOSTO,8,NO,"CASO FORTUITO O FUERZA MAYOR (EXPLOSION DE NEUMATICO NUEVO, DERRUMBE, INUNDACION, CAIDA DE PUENTE, ARBOL, PRESENCIA INTEMPESTIVA E IMPREVISTA DE SEMOVIENTES EN LA VIA, ETC.).",ATROPELLOS,BUS,0,0,1,0,0,0,0,0,0,1,0,0,0,2,31,HOMBRE,LESIONADO,CONDUCTOR PRESENTE,NO,SI,3
35217,151555,151556,2023,0,0,-0.168764,-78.449065,PICHINCHA,QUITO,QUITO,URBANA,2023-08-10,11:15:00,11,JUEVES,4,AGOSTO,8,NO,CONDUCIR VEHICULO SUPERANDO LOS LIMITES MAXIMOS DE VELOCIDAD.,COLISION,AUTOMOVIL,4,0,0,0,0,0,0,0,0,0,0,0,0,4,29,HOMBRE,ILESO,CONDUCTOR PRESENTE,NO,NO,1
35218,151564,151565,2023,2,0,-0.218204,-78.414139,PICHINCHA,QUITO,TUMBACO,RURAL,2023-08-10,14:30:00,14,JUEVES,4,AGOSTO,8,NO,REALIZAR CAMBIO BRUSCO O INDEBIDO DE CARRIL.,CHOQUE FRONTAL,MOTOCICLETA,1,0,0,0,0,0,0,0,1,0,0,0,0,2,35,HOMBRE,LESIONADO,CONDUCTOR PRESENTE,NO,NO,3
35219,151578,151579,2023,0,0,-0.271245,-78.551867,PICHINCHA,QUITO,QUITO,URBANA,2023-08-10,19:00:00,19,JUEVES,4,AGOSTO,8,NO,"CONDUCE BAJO LA INFLUENCIA DE ALCOHOL, SUSTANCIAS ESTUPEFACIENTES O PSICOTROPICAS Y/O MEDICAMENTOS.",CHOQUE POSTERIOR,AUTOMOVIL,2,0,0,0,0,0,0,0,0,0,0,0,0,2,44,HOMBRE,ILESO,CONDUCTOR PRESENTE,NO,NO,1
35220,151580,151581,2023,0,0,-0.113773,-78.492224,PICHINCHA,QUITO,QUITO,URBANA,2023-08-10,19:45:00,19,JUEVES,4,AGOSTO,8,NO,CONDUCIR VEHICULO SUPERANDO LOS LIMITES MAXIMOS DE VELOCIDAD.,ESTRELLAMIENTOS,AUTOMOVIL,1,0,0,0,0,0,0,0,0,0,0,0,0,1,-1,NO IDENTIFICADO,NO IDENTIFICADO,CONDUCTOR AUSENTE,NO,NO,2
35221,151583,151584,2023,1,0,-0.157929,-78.443142,PICHINCHA,QUITO,NAYON,RURAL,2023-08-10,21:15:00,21,JUEVES,4,AGOSTO,8,NO,"CONDUCE BAJO LA INFLUENCIA DE ALCOHOL, SUSTANCIAS ESTUPEFACIENTES O PSICOTROPICAS Y/O MEDICAMENTOS.",OTROS,MOTOCICLETA,1,0,0,0,0,0,0,0,1,0,0,0,0,2,27,HOMBRE,LESIONADO,CONDUCTOR PRESENTE,NO,NO,3
35222,151592,151593,2023,1,0,-0.265784,-78.526079,PICHINCHA,QUITO,QUITO,URBANA,2023-08-10,23:10:00,23,JUEVES,4,AGOSTO,8,NO,DEJAR O RECOGER PASAJEROS EN LUGARES NO PERMITIDOS.,CAIDA DE PASAJERO,NO IDENTIFICADO,0,0,0,0,0,0,0,0,0,1,0,0,0,1,21,HOMBRE,LESIONADO,PASAJERO,NO,NO,1
35223,151593,151594,2023,1,0,-0.138365,-78.473451,PICHINCHA,QUITO,QUITO,URBANA,2023-08-10,23:30:00,23,JUEVES,4,AGOSTO,8,NO,CONDUCIR VEHICULO SUPERANDO LOS LIMITES MAXIMOS DE VELOCIDAD.,ESTRELLAMIENTOS,MOTOCICLETA,0,0,0,0,0,0,0,0,1,0,0,0,0,1,33,HOMBRE,LESIONADO,CONDUCTOR PRESENTE,NO,NO,1
35224,151596,151597,2023,0,0,-0.227313,-78.512263,PICHINCHA,QUITO,QUITO,URBANA,2023-08-11,00:45:00,0,VIERNES,5,AGOSTO,8,NO,"CONDUCE BAJO LA INFLUENCIA DE ALCOHOL, SUSTANCIAS ESTUPEFACIENTES O PSICOTROPICAS Y/O MEDICAMENTOS.",CHOQUE FRONTAL,AUTOMOVIL,2,0,0,0,0,0,0,0,0,0,0,0,0,2,29,HOMBRE,ILESO,CONDUCTOR PRESENTE,NO,NO,1
35225,151598,151599,2023,0,0,-0.156681,-78.485169,PICHINCHA,QUITO,QUITO,URBANA,2023-08-11,01:50:00,1,VIERNES,5,AGOSTO,8,NO,CONDUCIR VEHICULO SUPERANDO LOS LIMITES MAXIMOS DE VELOCIDAD.,OTROS,AUTOMOVIL,1,0,0,0,0,0,0,0,0,0,0,0,0,1,-1,NO IDENTIFICADO,NO IDENTIFICADO,CONDUCTOR AUSENTE,NO,NO,2
35226,151599,151600,2023,0,0,-0.203791,-78.482976,PICHINCHA,QUITO,QUITO,URBANA,2023-08-11,02:30:00,2,VIERNES,5,AGOSTO,8,NO,CONDUCIR VEHICULO SUPERANDO LOS LIMITES MAXIMOS DE VELOCIDAD.,ESTRELLAMIENTOS,AUTOMOVIL,1,0,0,0,0,0,0,0,0,0,0,0,0,1,-1,NO IDENTIFICADO,NO IDENTIFICADO,CONDUCTOR AUSENTE,NO,NO,2
35227,151602,151603,2023,0,0,-0.307252,-78.533765,PICHINCHA,QUITO,QUITO,URBANA,2023-08-11,05:30:00,5,VIERNES,5,AGOSTO,8,NO,CONDUCIR VEHICULO SUPERANDO LOS LIMITES MAXIMOS DE VELOCIDAD.,ESTRELLAMIENTOS,AUTOMOVIL,1,0,0,0,0,0,0,0,0,0,0,0,0,1,-1,NO IDENTIFICADO,NO IDENTIFICADO,CONDUCTOR AUSENTE,NO,NO,2
35228,151604,151605,2023,0,0,-0.096253,-78.467653,PICHINCHA,QUITO,QUITO,URBANA,2023-08-11,06:20:00,6,VIERNES,5,AGOSTO,8,NO,NO MANTENER LA DISTANCIA PRUDENCIAL CON RESPECTO AL VEHICULO QUE LE ANTECEDE.,CHOQUE POSTERIOR,CAMIONETA,1,0,0,0,1,0,0,0,0,0,0,0,0,2,32,HOMBRE,ILESO,CONDUCTOR PRESENTE,NO,NO,1
35229,151608,151609,2023,1,0,-0.293824,-78.478235,PICHINCHA,QUITO,CONOCOTO,RURAL,2023-08-11,08:32:00,8,VIERNES,5,AGOSTO,8,NO,"NO RESPETAR LAS SENIALES REGLAMENTARIAS DE TRANSITO. (PARE, CEDA EL PASO, LUZ ROJA DEL SEMAFORO, ETC).",CHOQUE LATERAL,CAMION,0,0,0,1,1,0,0,0,0,0,0,0,0,2,7,HOMBRE,LESIONADO,PASAJERO,NO,NO,3
35230,151615,151616,2023,1,0,-0.188683,-78.500126,PICHINCHA,QUITO,QUITO,URBANA,2023-08-11,14:10:00,14,VIERNES,5,AGOSTO,8,SI,"NO RESPETAR LAS SENIALES REGLAMENTARIAS DE TRANSITO. (PARE, CEDA EL PASO, LUZ ROJA DEL SEMAFORO, ETC).",CHOQUE LATERAL,AUTOMOVIL,2,0,0,0,0,0,0,0,0,0,0,0,0,2,23,MUJER,LESIONADO,CONDUCTOR PRESENTE,NO,NO,1
35231,151617,151618,2023,0,0,-0.451583,-78.592251,PICHINCHA,MEJIA,ALOAG,RURAL,2023-08-11,14:50:00,14,VIERNES,5,AGOSTO,8,SI,"CONDUCIR DESATENTO A LAS CONDICIONES DE TRANSITO (CELULAR, PANTALLAS DE VIDEO, COMIDA, MAQUILLAJE O CUALQUIER OTRO ELEMENTO DISTRACTOR).",PERDIDA DE CARRIL,VEHICULO DEPORTIVO UTILITARIO,1,0,0,0,0,0,0,0,0,0,0,0,1,2,33,HOMBRE,ILESO,CONDUCTOR PRESENTE,NO,NO,3
35232,151618,151619,2023,0,0,-0.200716,-78.497027,PICHINCHA,QUITO,QUITO,URBANA,2023-08-11,15:15:00,15,VIERNES,5,AGOSTO,8,SI,CONDUCIR VEHICULO SUPERANDO LOS LIMITES MAXIMOS DE VELOCIDAD.,PERDIDA DE CARRIL,CAMIONETA,0,0,0,0,1,0,0,0,0,0,0,0,0,1,-1,NO IDENTIFICADO,NO IDENTIFICADO,CONDUCTOR AUSENTE,NO,NO,2
35233,151619,151620,2023,0,0,-0.442306,-78.673111,PICHINCHA,MEJIA,ALOAG,RURAL,2023-08-11,15:19:00,15,VIERNES,5,AGOSTO,8,SI,NO MANTENER LA DISTANCIA PRUDENCIAL CON RESPECTO AL VEHICULO QUE LE ANTECEDE.,CHOQUE POSTERIOR,BUS,0,0,1,0,1,0,0,0,0,0,0,0,0,2,34,HOMBRE,ILESO,CONDUCTOR PRESENTE,NO,NO,3
35234,151620,151621,2023,0,0,-0.160706,-78.454887,PICHINCHA,QUITO,QUITO,URBANA,2023-08-11,15:20:00,15,VIERNES,5,AGOSTO,8,SI,"CONDICIONES AMBIENTALES Y/O ATMOSFERICAS (NIEBLA, NEBLINA, GRANIZO, LLUVIA).",ESTRELLAMIENTOS,AUTOMOVIL,1,0,0,0,0,0,0,0,0,0,0,0,0,1,29,HOMBRE,ILESO,CONDUCTOR PRESENTE,NO,NO,1
35235,151621,151622,2023,0,0,-0.510777,-78.574833,PICHINCHA,MEJIA,ALOASI,RURAL,2023-08-11,15:30:00,15,VIERNES,5,AGOSTO,8,SI,"CONDICIONES AMBIENTALES Y/O ATMOSFERICAS (NIEBLA, NEBLINA, GRANIZO, LLUVIA).",CHOQUE POSTERIOR,VEHICULO DEPORTIVO UTILITARIO,1,0,0,0,0,0,0,0,0,0,0,0,1,2,20,HOMBRE,ILESO,CONDUCTOR PRESENTE,NO,SI,3
35236,151628,151629,2023,1,0,-0.290718,-78.465395,PICHINCHA,QUITO,CONOCOTO,RURAL,2023-08-11,16:55:00,16,VIERNES,5,AGOSTO,8,SI,CONDUCIR VEHICULO SUPERANDO LOS LIMITES MAXIMOS DE VELOCIDAD.,PERDIDA DE CARRIL,MOTOCICLETA,0,0,0,0,0,0,0,0,1,0,0,0,0,1,28,HOMBRE,LESIONADO,CONDUCTOR PRESENTE,NO,NO,3
35237,151629,151630,2023,1,0,-0.461771,-78.565049,PICHINCHA,MEJIA,ALOAG,RURAL,2023-08-11,17:10:00,17,VIERNES,5,AGOSTO,8,SI,"CONDICIONES AMBIENTALES Y/O ATMOSFERICAS (NIEBLA, NEBLINA, GRANIZO, LLUVIA).",ATROPELLOS,CAMION,0,0,0,1,0,0,0,0,0,0,0,0,0,1,63,HOMBRE,LESIONADO,CONDUCTOR PRESENTE,NO,SI,3
35238,151632,151633,2023,1,0,-0.226695,-78.334654,PICHINCHA,QUITO,PIFO,RURAL,2023-08-11,17:30:00,17,VIERNES,5,AGOSTO,8,SI,"NO RESPETAR LAS SENIALES REGLAMENTARIAS DE TRANSITO. (PARE, CEDA EL PASO, LUZ ROJA DEL SEMAFORO, ETC).",CHOQUE LATERAL,MOTOCICLETA,0,0,0,0,0,0,0,0,2,0,0,0,0,2,20,HOMBRE,LESIONADO,PASAJERO,NO,NO,3
35239,151634,151635,2023,2,0,-0.253691,-78.605745,PICHINCHA,QUITO,LLOA,RURAL,2023-08-11,18:00:00,18,VIERNES,5,AGOSTO,8,SI,CONDUCIR VEHICULO SUPERANDO LOS LIMITES MAXIMOS DE VELOCIDAD.,PERDIDA DE CARRIL,AUTOMOVIL,1,0,0,0,0,0,0,0,0,0,0,0,0,1,25,HOMBRE,LESIONADO,PASAJERO,NO,NO,3
35240,151637,151638,2023,3,0,-0.338551,-78.542731,PICHINCHA,QUITO,QUITO,URBANA,2023-08-11,18:45:00,18,VIERNES,5,AGOSTO,8,SI,CONDUCIR VEHICULO SUPERANDO LOS LIMITES MAXIMOS DE VELOCIDAD.,OTROS,NO IDENTIFICADO,0,0,0,0,0,0,0,0,0,2,0,0,0,2,21,HOMBRE,LESIONADO,PASAJERO,NO,NO,1
35241,151639,151640,2023,1,0,-0.258666,-78.547303,PICHINCHA,QUITO,QUITO,URBANA,2023-08-11,19:14:00,19,VIERNES,5,AGOSTO,8,SI,"NO RESPETAR LAS SENIALES REGLAMENTARIAS DE TRANSITO. (PARE, CEDA EL PASO, LUZ ROJA DEL SEMAFORO, ETC).",OTROS,NO IDENTIFICADO,0,0,0,0,0,0,0,0,0,2,0,0,0,2,45,HOMBRE,LESIONADO,PASAJERO,NO,NO,1
35242,151651,151652,2023,0,0,-0.120442,-78.493976,PICHINCHA,QUITO,QUITO,URBANA,2023-08-11,22:10:00,22,VIERNES,5,AGOSTO,8,SI,"NO RESPETAR LAS SENIALES REGLAMENTARIAS DE TRANSITO. (PARE, CEDA EL PASO, LUZ ROJA DEL SEMAFORO, ETC).",CHOQUE LATERAL,AUTOMOVIL,2,0,0,0,0,0,0,0,0,0,0,0,0,2,27,HOMBRE,ILESO,CONDUCTOR PRESENTE,NO,NO,1
35243,151652,151653,2023,2,0,-0.115297,-78.495071,PICHINCHA,QUITO,QUITO,URBANA,2023-08-11,22:20:00,22,VIERNES,5,AGOSTO,8,SI,"CONDUCE BAJO LA INFLUENCIA DE ALCOHOL, SUSTANCIAS ESTUPEFACIENTES O PSICOTROPICAS Y/O MEDICAMENTOS.",CHOQUE LATERAL,MOTOCICLETA,1,0,0,0,0,0,0,0,1,0,0,0,0,2,32,HOMBRE,LESIONADO,PASAJERO,NO,NO,1
35244,151654,151655,2023,1,0,-0.289417,-78.519609,PICHINCHA,QUITO,QUITO,URBANA,2023-08-11,22:35:00,22,VIERNES,5,AGOSTO,8,SI,CONDUCIR VEHICULO SUPERANDO LOS LIMITES MAXIMOS DE VELOCIDAD.,PERDIDA DE CARRIL,AUTOMOVIL,1,0,0,0,0,0,0,0,0,0,0,0,0,1,26,HOMBRE,LESIONADO,PASAJERO,NO,NO,1
35245,151658,151659,2023,2,0,-0.246496,-78.521984,PICHINCHA,QUITO,QUITO,URBANA,2023-08-12,00:05:00,0,SABADO,6,AGOSTO,8,SI,CONDUCIR VEHICULO SUPERANDO LOS LIMITES MAXIMOS DE VELOCIDAD.,PERDIDA DE CARRIL,AUTOMOVIL,1,0,0,0,0,0,0,0,0,0,0,0,0,1,32,MUJER,LESIONADO,PASAJERO,NO,NO,1
35246,151662,151663,2023,1,0,-0.123806,-78.471807,PICHINCHA,QUITO,QUITO,URBANA,2023-08-12,02:00:00,2,SABADO,6,AGOSTO,8,SI,CONDUCIR VEHICULO SUPERANDO LOS LIMITES MAXIMOS DE VELOCIDAD.,PERDIDA DE CARRIL,AUTOMOVIL,1,0,0,0,0,0,0,0,0,0,0,0,0,1,30,HOMBRE,LESIONADO,PASAJERO,NO,NO,1
35247,151665,151666,2023,0,0,-0.198124,-78.482013,PICHINCHA,QUITO,QUITO,URBANA,2023-08-12,03:40:00,3,SABADO,6,AGOSTO,8,SI,CONDUCIR VEHICULO SUPERANDO LOS LIMITES MAXIMOS DE VELOCIDAD.,ESTRELLAMIENTOS,AUTOMOVIL,1,0,0,0,0,0,0,0,0,0,0,0,0,1,24,HOMBRE,ILESO,CONDUCTOR PRESENTE,NO,NO,1
35248,151667,151668,2023,0,0,-0.201764,-78.426827,PICHINCHA,QUITO,CUMBAYA,RURAL,2023-08-12,04:35:00,4,SABADO,6,AGOSTO,8,SI,CONDUCIR VEHICULO SUPERANDO LOS LIMITES MAXIMOS DE VELOCIDAD.,ESTRELLAMIENTOS,AUTOMOVIL,1,0,0,0,0,0,0,0,0,0,0,0,0,1,79,HOMBRE,ILESO,CONDUCTOR PRESENTE,NO,NO,3
35249,151668,151669,2023,0,1,-0.239971,-78.526809,PICHINCHA,QUITO,QUITO,URBANA,2023-08-12,04:46:00,4,SABADO,6,AGOSTO,8,SI,REALIZAR CAMBIO BRUSCO O INDEBIDO DE CARRIL.,CHOQUE FRONTAL,BUS,0,0,1,0,0,0,0,0,1,0,0,0,0,2,41,HOMBRE,FALLECIDO,CONDUCTOR PRESENTE,NO,NO,1
35250,151673,151674,2023,0,0,-0.242427,-78.474481,PICHINCHA,QUITO,QUITO,RURAL,2023-08-12,07:30:00,7,SABADO,6,AGOSTO,8,SI,CONDUCIR VEHICULO SUPERANDO LOS LIMITES MAXIMOS DE VELOCIDAD.,PERDIDA DE CARRIL,AUTOMOVIL,1,0,0,0,0,0,0,0,0,0,0,0,0,1,-1,NO IDENTIFICADO,NO IDENTIFICADO,CONDUCTOR AUSENTE,NO,NO,2
35251,151674,151675,2023,2,0,-0.214141,-78.376789,PICHINCHA,QUITO,TUMBACO,RURAL,2023-08-12,07:50:00,7,SABADO,6,AGOSTO,8,SI,NO CEDER EL DERECHO DE VIA O PREFERENCIA DE PASO A VEHICULOS.,CHOQUE LATERAL,MOTOCICLETA,0,0,0,0,0,0,0,0,1,1,0,0,0,2,22,HOMBRE,LESIONADO,CONDUCTOR PRESENTE,NO,NO,3
35252,151675,151676,2023,0,0,-0.189933,-78.496942,PICHINCHA,QUITO,QUITO,URBANA,2023-08-12,08:00:00,8,SABADO,6,AGOSTO,8,SI,"NO RESPETAR LAS SENIALES REGLAMENTARIAS DE TRANSITO. (PARE, CEDA EL PASO, LUZ ROJA DEL SEMAFORO, ETC).",CHOQUE LATERAL,AUTOMOVIL,2,0,0,0,0,0,0,0,0,0,0,0,0,2,38,HOMBRE,ILESO,CONDUCTOR PRESENTE,NO,NO,1
35253,151676,151677,2023,1,0,-0.269251,-78.534381,PICHINCHA,QUITO,QUITO,URBANA,2023-08-12,08:35:00,8,SABADO,6,AGOSTO,8,SI,NO CEDER EL DERECHO DE VIA O PREFERENCIA DE PASO AL PEATON.,ARROLLAMIENTOS,AUTOMOVIL,1,0,0,0,0,0,0,0,0,0,0,0,0,1,32,HOMBRE,LESIONADO,PEATON,NO,NO,1
35254,151677,151678,2023,0,0,-0.249264,-78.529811,PICHINCHA,QUITO,QUITO,URBANA,2023-08-12,09:00:00,9,SABADO,6,AGOSTO,8,SI,CONDUCIR VEHICULO SUPERANDO LOS LIMITES MAXIMOS DE VELOCIDAD.,ESTRELLAMIENTOS,AUTOMOVIL,1,0,0,0,0,0,0,0,0,0,0,0,0,1,-1,NO IDENTIFICADO,NO IDENTIFICADO,CONDUCTOR AUSENTE,NO,NO,2
35255,151678,151679,2023,1,0,-0.260637,-78.546114,PICHINCHA,QUITO,QUITO,URBANA,2023-08-12,09:20:00,9,SABADO,6,AGOSTO,8,SI,NO CEDER EL DERECHO DE VIA O PREFERENCIA DE PASO AL PEATON.,ATROPELLOS,MOTOCICLETA,0,0,0,0,0,0,0,0,1,0,0,0,0,1,77,MUJER,LESIONADO,PEATON,NO,NO,1
35256,151691,151692,2023,2,0,-0.254337,-78.505452,PICHINCHA,QUITO,QUITO,URBANA,2023-08-12,14:00:00,14,SABADO,6,AGOSTO,8,SI,NO MANTENER LA DISTANCIA PRUDENCIAL CON RESPECTO AL VEHICULO QUE LE ANTECEDE.,CHOQUE POSTERIOR,MOTOCICLETA,0,0,0,0,1,0,0,0,1,0,0,0,0,2,25,HOMBRE,LESIONADO,CONDUCTOR PRESENTE,SI,NO,1
35257,151696,151697,2023,0,0,-0.243557,-78.522115,PICHINCHA,QUITO,QUITO,URBANA,2023-08-12,16:30:00,16,SABADO,6,AGOSTO,8,SI,CONDUCIR VEHICULO SUPERANDO LOS LIMITES MAXIMOS DE VELOCIDAD.,ESTRELLAMIENTOS,AUTOMOVIL,1,0,0,0,0,0,0,0,0,0,0,0,0,1,31,MUJER,ILESO,CONDUCTOR PRESENTE,NO,NO,1
35258,151697,151698,2023,0,0,-0.201636,-78.367193,PICHINCHA,QUITO,PUEMBO,RURAL,2023-08-12,17:14:00,17,SABADO,6,AGOSTO,8,SI,NO MANTENER LA DISTANCIA PRUDENCIAL CON RESPECTO AL VEHICULO QUE LE ANTECEDE.,CHOQUE POSTERIOR,AUTOMOVIL,2,0,0,0,0,0,0,0,0,0,0,0,0,2,34,HOMBRE,ILESO,CONDUCTOR PRESENTE,NO,NO,3
35259,151698,151699,2023,0,0,-0.250686,-78.556182,PICHINCHA,QUITO,QUITO,URBANA,2023-08-12,17:30:00,17,SABADO,6,AGOSTO,8,SI,"NO RESPETAR LAS SENIALES REGLAMENTARIAS DE TRANSITO. (PARE, CEDA EL PASO, LUZ ROJA DEL SEMAFORO, ETC).",OTROS,AUTOMOVIL,1,0,0,0,0,0,0,0,0,0,0,0,0,1,-1,NO IDENTIFICADO,NO IDENTIFICADO,CONDUCTOR AUSENTE,NO,NO,2
35260,151699,151700,2023,1,0,-0.188038,-78.328606,PICHINCHA,QUITO,YARUQUI,RURAL,2023-08-12,17:35:00,17,SABADO,6,AGOSTO,8,SI,CONDUCIR VEHICULO SUPERANDO LOS LIMITES MAXIMOS DE VELOCIDAD.,PERDIDA DE CARRIL,MOTOCICLETA,0,0,0,0,0,0,0,0,1,0,0,0,0,1,29,HOMBRE,LESIONADO,PASAJERO,NO,NO,3