,Unnamed: 0,ID,ANIO,LESIONADOS,FALLECIDOS,LATITUD_Y,LONGITUD_X,PROVINCIA,CANTON,PARROQUIA,ZONA,FECHA,HORA,PERIODO_2,DIA_1,DIA_2,MES_1,MES_2,FERIADO,CAUSA_PROBABLE,TIPO_DE_SINIESTRO,TIPO_DE_VEHICULO_1,AUTOMOVIL,BICICLETA,BUS,CAMION,CAMIONETA,EMERGENCIAS,ESPECIAL,FURGONETA,MOTOCICLETA,NO_IDENTIFICADO,SCOOTER_ELECTRICO,TRICIMOTO,VEHICULO_DEPORTIVO_UTILITARIO,SUMA_DE_VEHICULOS,EDAD_1,SEXO_1,CONDICION_1,PARTICIPANTE_1,CASCO_1,CINTURON_1,KMeans_Cluster
35261,151703,151704,2023,1,0,-0.264191,-78.312621,PICHINCHA,QUITO,PIFO,RURAL,2023-08-12,18:40:00,18,SABADO,6,AGOSTO,8,SI,CONDUCIR VEHICULO SUPERANDO LOS LIMITES MAXIMOS DE VELOCIDAD.,ROZAMIENTOS,NO IDENTIFICADO,0,0,0,0,0,0,0,0,0,1,0,0,0,1,19,MUJER,LESIONADO,PASAJERO,NO,SI,3
35262,151715,151716,2023,1,0,-0.449411,-78.585734,PICHINCHA,MEJIA,ALOAG,RURAL,2023-08-12,19:50:00,19,SABADO,6,AGOSTO,8,SI,"CONDUCIR DESATENTO A LAS CONDICIONES DE TRANSITO (CELULAR, PANTALLAS DE VIDEO, COMIDA, MAQUILLAJE O CUALQUIER OTRO ELEMENTO DISTRACTOR).",PERDIDA DE PISTA,MOTOCICLETA,0,0,0,0,0,0,0,0,1,0,0,0,0,1,23,HOMBRE,LESIONADO,CONDUCTOR PRESENTE,NO,SI,3
35263,151722,151723,2023,0,0,-0.279544,-78.558061,PICHINCHA,QUITO,QUITO,URBANA,2023-08-12,21:20:00,21,SABADO,6,AGOSTO,8,SI,"NO RESPETAR LAS SENIALES REGLAMENTARIAS DE TRANSITO. (PARE, CEDA EL PASO, LUZ ROJA DEL SEMAFORO, ETC).",CHOQUE LATERAL,AUTOMOVIL,2,0,0,0,0,0,0,0,0,0,0,0,0,2,32,HOMBRE,ILESO,CONDUCTOR PRESENTE,NO,NO,1
35264,151727,151728,2023,1,0,-0.278901,-78.553015,PICHINCHA,QUITO,QUITO,URBANA,2023-08-12,22:40:00,22,SABADO,6,AGOSTO,8,SI,CONDUCIR EN SENTIDO CONTRARIO A LA VIA NORMAL DE CIRCULACION.,PERDIDA DE CARRIL,MOTOCICLETA,0,0,0,0,0,0,0,0,1,0,0,0,0,1,32,HOMBRE,LESIONADO,CONDUCTOR PRESENTE,NO,NO,1
35265,151729,151730,2023,0,0,-0.238135,-78.509429,PICHINCHA,QUITO,QUITO,URBANA,2023-08-12,22:50:00,22,SABADO,6,AGOSTO,8,SI,CONDUCIR VEHICULO SUPERANDO LOS LIMITES MAXIMOS DE VELOCIDAD.,ESTRELLAMIENTOS,AUTOMOVIL,1,0,0,0,0,0,0,0,0,0,0,0,0,1,-1,NO IDENTIFICADO,NO IDENTIFICADO,CONDUCTOR AUSENTE,NO,NO,2
35266,151742,151743,2023,0,0,-0.199242,-78.483512,PICHINCHA,QUITO,QUITO,URBANA,2023-08-13,02:50:00,2,DOMINGO,7,AGOSTO,8,SI,"CONDUCIR EN ESTADO DE SOMNOLENCIA O MALAS CONDICIONES FISICAS (SUENIO, CANSANCIO Y FATIGA).",ESTRELLAMIENTOS,AUTOMOVIL,1,0,0,0,0,0,0,0,0,0,0,0,0,1,50,MUJER,ILESO,CONDUCTOR PRESENTE,NO,NO,1
35267,151749,151750,2023,0,1,0.017696,-78.163136,PICHINCHA,CAYAMBE,CAYAMBE,RURAL,2023-08-13,05:00:00,5,DOMINGO,7,AGOSTO,8,SI,CONDUCIR VEHICULO SUPERANDO LOS LIMITES MAXIMOS DE VELOCIDAD.,CHOQUE FRONTAL,MOTOCICLETA,1,0,0,0,0,0,0,0,1,0,0,0,0,2,32,HOMBRE,FALLECIDO,CONDUCTOR PRESENTE,NO,SI,3
35268,151750,151751,2023,0,0,-0.290731,-78.536568,PICHINCHA,QUITO,QUITO,URBANA,2023-08-13,05:00:00,5,DOMINGO,7,AGOSTO,8,SI,CONDUCIR VEHICULO SUPERANDO LOS LIMITES MAXIMOS DE VELOCIDAD.,ESTRELLAMIENTOS,AUTOMOVIL,1,0,0,0,0,0,0,0,0,0,0,0,0,1,26,HOMBRE,ILESO,CONDUCTOR PRESENTE,NO,NO,1
35269,151759,151760,2023,0,0,-0.288294,-78.530955,PICHINCHA,QUITO,QUITO,URBANA,2023-08-13,07:40:00,7,DOMINGO,7,AGOSTO,8,SI,"CONDUCIR EN ESTADO DE SOMNOLENCIA O MALAS CONDICIONES FISICAS (SUENIO, CANSANCIO Y FATIGA).",ESTRELLAMIENTOS,AUTOMOVIL,1,0,0,0,0,0,0,0,0,0,0,0,0,1,47,HOMBRE,ILESO,CONDUCTOR PRESENTE,NO,NO,1
35270,151761,151762,2023,0,1,-0.449411,-78.585734,PICHINCHA,MEJIA,ALOAG,RURAL,2023-08-13,08:20:00,8,DOMINGO,7,AGOSTO,8,SI,"CONDUCIR DESATENTO A LAS CONDICIONES DE TRANSITO (CELULAR, PANTALLAS DE VIDEO, COMIDA, MAQUILLAJE O CUALQUIER OTRO ELEMENTO DISTRACTOR).",ESTRELLAMIENTOS,MOTOCICLETA,0,0,0,0,0,0,0,0,1,0,0,0,0,1,24,HOMBRE,FALLECIDO,CONDUCTOR PRESENTE,NO,SI,3
35271,151766,151767,2023,1,0,-0.271593,-78.550747,PICHINCHA,QUITO,QUITO,URBANA,2023-08-13,09:35:00,9,DOMINGO,7,AGOSTO,8,SI,"CONDUCE BAJO LA INFLUENCIA DE ALCOHOL, SUSTANCIAS ESTUPEFACIENTES O PSICOTROPICAS Y/O MEDICAMENTOS.",OTROS,MOTOCICLETA,1,0,0,0,1,0,0,0,1,0,0,0,0,3,23,HOMBRE,LESIONADO,CONDUCTOR PRESENTE,NO,NO,1
35272,151776,151777,2023,0,0,-0.237879,-78.482744,PICHINCHA,QUITO,QUITO,URBANA,2023-08-13,13:50:00,13,DOMINGO,7,AGOSTO,8,SI,CONDUCIR VEHICULO SUPERANDO LOS LIMITES MAXIMOS DE VELOCIDAD.,ESTRELLAMIENTOS,CAMIONETA,0,0,0,0,1,0,0,0,0,0,0,0,0,1,59,HOMBRE,ILESO,CONDUCTOR PRESENTE,NO,NO,1
35273,151779,151780,2023,0,0,-0.191088,-78.458719,PICHINCHA,QUITO,QUITO,URBANA,2023-08-13,14:40:00,14,DOMINGO,7,AGOSTO,8,SI,"CONDICIONES AMBIENTALES Y/O ATMOSFERICAS (NIEBLA, NEBLINA, GRANIZO, LLUVIA).",CHOQUE LATERAL,CAMIONETA,1,0,0,0,1,0,0,0,0,0,0,0,0,2,40,HOMBRE,ILESO,CONDUCTOR PRESENTE,NO,NO,1
35274,151780,151781,2023,0,0,-0.237532,-78.484866,PICHINCHA,QUITO,QUITO,URBANA,2023-08-13,14:40:00,14,DOMINGO,7,AGOSTO,8,SI,NO MANTENER LA DISTANCIA PRUDENCIAL CON RESPECTO AL VEHICULO QUE LE ANTECEDE.,CHOQUE POSTERIOR,AUTOMOVIL,2,0,0,0,0,0,0,0,0,0,0,0,0,2,22,HOMBRE,ILESO,CONDUCTOR PRESENTE,NO,NO,1
35275,151781,151782,2023,1,0,-0.194071,-78.462101,PICHINCHA,QUITO,QUITO,URBANA,2023-08-13,15:20:00,15,DOMINGO,7,AGOSTO,8,SI,CONDUCIR VEHICULO SUPERANDO LOS LIMITES MAXIMOS DE VELOCIDAD.,ESTRELLAMIENTOS,AUTOMOVIL,1,0,0,0,0,0,0,0,0,0,0,0,0,1,29,HOMBRE,LESIONADO,CONDUCTOR PRESENTE,NO,NO,1
35276,151795,151796,2023,0,0,-0.443768,-78.605667,PICHINCHA,MEJIA,ALOAG,RURAL,2023-08-13,18:04:00,18,DOMINGO,7,AGOSTO,8,SI,"CONDUCIR DESATENTO A LAS CONDICIONES DE TRANSITO (CELULAR, PANTALLAS DE VIDEO, COMIDA, MAQUILLAJE O CUALQUIER OTRO ELEMENTO DISTRACTOR).",PERDIDA DE CARRIL,AUTOMOVIL,1,0,0,0,0,0,0,0,0,0,0,0,0,1,29,HOMBRE,ILESO,CONDUCTOR PRESENTE,NO,NO,3
35277,151799,151800,2023,1,1,-0.153598,-78.447196,PICHINCHA,QUITO,QUITO,URBANA,2023-08-13,18:40:00,18,DOMINGO,7,AGOSTO,8,SI,"CONDUCE BAJO LA INFLUENCIA DE ALCOHOL, SUSTANCIAS ESTUPEFACIENTES O PSICOTROPICAS Y/O MEDICAMENTOS.",PERDIDA DE CARRIL,MOTOCICLETA,0,0,0,0,0,0,0,0,1,0,0,0,0,1,23,MUJER,FALLECIDO,PASAJERO,NO,NO,1
35278,151801,151802,2023,0,0,-0.204452,-78.484425,PICHINCHA,QUITO,QUITO,URBANA,2023-08-13,19:15:00,19,DOMINGO,7,AGOSTO,8,SI,"NO RESPETAR LAS SENIALES REGLAMENTARIAS DE TRANSITO. (PARE, CEDA EL PASO, LUZ ROJA DEL SEMAFORO, ETC).",CHOQUE LATERAL,AUTOMOVIL,2,0,0,0,0,0,0,0,0,0,0,0,0,2,61,HOMBRE,ILESO,CONDUCTOR PRESENTE,NO,NO,1
35279,151810,151811,2023,1,0,-0.304471,-78.539953,PICHINCHA,QUITO,QUITO,URBANA,2023-08-13,20:25:00,20,DOMINGO,7,AGOSTO,8,SI,NO CEDER EL DERECHO DE VIA O PREFERENCIA DE PASO AL PEATON.,ATROPELLOS,CAMION,0,0,0,1,0,0,0,0,0,0,0,0,0,1,43,HOMBRE,LESIONADO,PEATON,NO,NO,1
35280,151812,151813,2023,1,1,-0.245075,-78.331912,PICHINCHA,QUITO,PIFO,RURAL,2023-08-13,21:00:00,21,DOMINGO,7,AGOSTO,8,SI,CONDUCIR VEHICULO SUPERANDO LOS LIMITES MAXIMOS DE VELOCIDAD.,ATROPELLOS,AUTOMOVIL,1,0,0,0,0,0,0,0,0,0,0,0,0,1,23,MUJER,FALLECIDO,PEATON,NO,SI,3
35281,151819,151820,2023,0,0,-0.276221,-78.552321,PICHINCHA,QUITO,QUITO,URBANA,2023-08-14,00:40:00,0,LUNES,1,AGOSTO,8,NO,"NO RESPETAR LAS SENIALES REGLAMENTARIAS DE TRANSITO. (PARE, CEDA EL PASO, LUZ ROJA DEL SEMAFORO, ETC).",OTROS,AUTOMOVIL,1,0,0,0,0,0,0,0,0,0,0,0,0,1,-1,NO IDENTIFICADO,NO IDENTIFICADO,CONDUCTOR AUSENTE,NO,NO,2
35282,151822,151823,2023,1,0,-0.307883,-78.544311,PICHINCHA,QUITO,QUITO,URBANA,2023-08-14,05:55:00,5,LUNES,1,AGOSTO,8,NO,NO MANTENER LA DISTANCIA PRUDENCIAL CON RESPECTO AL VEHICULO QUE LE ANTECEDE.,CHOQUE POSTERIOR,BUS,0,0,1,0,0,0,0,0,1,0,0,0,0,2,44,HOMBRE,LESIONADO,CONDUCTOR PRESENTE,NO,NO,1
35283,151825,151826,2023,1,0,-0.264165,-78.549932,PICHINCHA,QUITO,QUITO,URBANA,2023-08-14,06:15:00,6,LUNES,1,AGOSTO,8,NO,NO CEDER EL DERECHO DE VIA O PREFERENCIA DE PASO A VEHICULOS.,CHOQUE FRONTAL,MOTOCICLETA,1,0,0,0,0,0,0,0,1,0,0,0,0,2,28,HOMBRE,LESIONADO,CONDUCTOR PRESENTE,NO,NO,1
35284,151830,151831,2023,2,0,-0.155196,-78.491714,PICHINCHA,QUITO,QUITO,URBANA,2023-08-14,09:40:00,9,LUNES,1,AGOSTO,8,NO,"NO RESPETAR LAS SENIALES REGLAMENTARIAS DE TRANSITO. (PARE, CEDA EL PASO, LUZ ROJA DEL SEMAFORO, ETC).",CHOQUE LATERAL,AUTOMOVIL,1,0,0,0,0,0,0,0,0,1,0,0,0,2,24,HOMBRE,LESIONADO,CONDUCTOR PRESENTE,NO,NO,1
35285,151845,151846,2023,0,0,-0.190519,-78.480998,PICHINCHA,QUITO,QUITO,URBANA,2023-08-14,16:30:00,16,LUNES,1,AGOSTO,8,NO,"NO RESPETAR LAS SENIALES REGLAMENTARIAS DE TRANSITO. (PARE, CEDA EL PASO, LUZ ROJA DEL SEMAFORO, ETC).",CHOQUE LATERAL,BUS,0,0,2,0,0,0,0,0,0,0,0,0,0,2,36,HOMBRE,ILESO,CONDUCTOR PRESENTE,NO,NO,1
35286,151850,151851,2023,1,0,-0.306288,-78.442915,PICHINCHA,QUITO,ALANGASI,RURAL,2023-08-14,18:15:00,18,LUNES,1,AGOSTO,8,NO,REALIZAR CAMBIO BRUSCO O INDEBIDO DE CARRIL.,CHOQUE LATERAL,SCOOTER ELECTRICO,0,0,0,0,1,0,0,0,0,0,1,0,0,2,9,MUJER,LESIONADO,PASAJERO,NO,NO,3
35287,151851,151852,2023,1,0,-0.209977,-78.508035,PICHINCHA,QUITO,QUITO,URBANA,2023-08-14,18:30:00,18,LUNES,1,AGOSTO,8,NO,CONDUCIR VEHICULO SUPERANDO LOS LIMITES MAXIMOS DE VELOCIDAD.,OTROS,AUTOMOVIL,2,0,0,0,0,0,0,0,0,0,0,0,0,2,21,HOMBRE,LESIONADO,PASAJERO,NO,NO,1
35288,151861,151862,2023,2,0,-0.207832,-78.494521,PICHINCHA,QUITO,QUITO,URBANA,2023-08-15,06:45:00,6,MARTES,2,AGOSTO,8,NO,"NO RESPETAR LAS SENIALES REGLAMENTARIAS DE TRANSITO. (PARE, CEDA EL PASO, LUZ ROJA DEL SEMAFORO, ETC).",CHOQUE LATERAL,BUS,1,0,1,0,0,0,0,0,0,0,0,0,0,2,69,HOMBRE,LESIONADO,PASAJERO,NO,NO,1
35289,151862,151863,2023,1,0,-0.336245,-78.553662,PICHINCHA,QUITO,QUITO,URBANA,2023-08-15,08:05:00,8,MARTES,2,AGOSTO,8,NO,NO MANTENER LA DISTANCIA PRUDENCIAL CON RESPECTO AL VEHICULO QUE LE ANTECEDE.,CHOQUE LATERAL,MOTOCICLETA,1,0,0,0,0,0,0,0,1,0,0,0,0,2,28,MUJER,LESIONADO,CONDUCTOR PRESENTE,NO,NO,1
35290,151874,151875,2023,0,0,-0.247665,-78.478541,PICHINCHA,QUITO,QUITO,RURAL,2023-08-15,14:44:00,14,MARTES,2,AGOSTO,8,NO,"CONDICIONES AMBIENTALES Y/O ATMOSFERICAS (NIEBLA, NEBLINA, GRANIZO, LLUVIA).",ESTRELLAMIENTOS,AUTOMOVIL,2,0,0,0,0,0,0,0,0,0,0,0,0,2,27,HOMBRE,ILESO,CONDUCTOR PRESENTE,NO,NO,3
35291,151884,151885,2023,1,0,-0.147458,-78.489884,PICHINCHA,QUITO,QUITO,URBANA,2023-08-15,18:00:00,18,MARTES,2,AGOSTO,8,NO,CONDUCIR VEHICULO SUPERANDO LOS LIMITES MAXIMOS DE VELOCIDAD.,OTROS,MOTOCICLETA,0,0,0,0,1,0,0,0,1,0,0,0,0,2,28,HOMBRE,LESIONADO,CONDUCTOR PRESENTE,NO,NO,1
35292,151894,151895,2023,0,0,-0.194436,-78.481481,PICHINCHA,QUITO,QUITO,URBANA,2023-08-16,00:20:00,0,MIERCOLES,3,AGOSTO,8,NO,CONDUCIR VEHICULO SUPERANDO LOS LIMITES MAXIMOS DE VELOCIDAD.,ESTRELLAMIENTOS,AUTOMOVIL,1,0,0,0,0,0,0,0,0,0,0,0,0,1,-1,NO IDENTIFICADO,NO IDENTIFICADO,CONDUCTOR AUSENTE,NO,NO,2
35293,151896,151897,2023,0,1,-0.262345,-78.523701,PICHINCHA,QUITO,QUITO,URBANA,2023-08-16,01:30:00,1,MIERCOLES,3,AGOSTO,8,NO,CONDUCIR VEHICULO SUPERANDO LOS LIMITES MAXIMOS DE VELOCIDAD.,PERDIDA DE CARRIL,MOTOCICLETA,0,0,0,0,0,0,0,0,1,0,0,0,0,1,26,HOMBRE,FALLECIDO,PASAJERO,NO,NO,1
35294,151897,151898,2023,1,0,-0.251951,-78.530965,PICHINCHA,QUITO,QUITO,URBANA,2023-08-16,04:00:00,4,MIERCOLES,3,AGOSTO,8,NO,CONDUCIR VEHICULO SUPERANDO LOS LIMITES MAXIMOS DE VELOCIDAD.,OTROS,NO IDENTIFICADO,0,0,0,0,0,0,0,0,0,1,0,0,0,1,29,MUJER,LESIONADO,PASAJERO,NO,NO,1
35295,151905,151906,2023,0,0,-0.210016,-78.502953,PICHINCHA,QUITO,QUITO,URBANA,2023-08-16,10:00:00,10,MIERCOLES,3,AGOSTO,8,NO,"NO RESPETAR LAS SENIALES REGLAMENTARIAS DE TRANSITO. (PARE, CEDA EL PASO, LUZ ROJA DEL SEMAFORO, ETC).",CHOQUE LATERAL,CAMIONETA,1,0,0,0,1,0,0,0,0,0,0,0,0,2,41,HOMBRE,ILESO,CONDUCTOR PRESENTE,NO,NO,1
35296,151907,151908,2023,0,1,-0.120018,-78.506511,PICHINCHA,QUITO,QUITO,URBANA,2023-08-16,11:05:00,11,MIERCOLES,3,AGOSTO,8,NO,PEATON QUE CRUZA LA CALZADA SIN RESPETAR LA SENIALIZACION EXISTENTE (SEMAFOROS O SENIALES MANUALES).,ARROLLAMIENTOS,CAMION,0,0,0,1,0,0,0,0,0,0,0,0,0,1,62,HOMBRE,FALLECIDO,PEATON,NO,NO,1
35297,151912,151913,2023,4,0,-0.240614,-78.511627,PICHINCHA,QUITO,QUITO,URBANA,2023-08-16,13:08:00,13,MIERCOLES,3,AGOSTO,8,NO,DANIOS MECANICOS PREVISIBLES.,ESTRELLAMIENTOS,BUS,0,0,1,0,0,0,0,0,0,0,0,0,0,1,37,HOMBRE,LESIONADO,PASAJERO,NO,NO,1
35298,151920,151921,2023,1,0,-0.318186,-78.542449,PICHINCHA,QUITO,QUITO,URBANA,2023-08-16,15:15:00,15,MIERCOLES,3,AGOSTO,8,NO,CONDUCIR VEHICULO SUPERANDO LOS LIMITES MAXIMOS DE VELOCIDAD.,PERDIDA DE CARRIL,NO IDENTIFICADO,0,0,0,0,0,0,0,0,0,1,0,0,0,1,24,HOMBRE,LESIONADO,CONDUCTOR PRESENTE,NO,NO,1
35299,151922,151923,2023,1,0,-0.245862,-78.516237,PICHINCHA,QUITO,QUITO,URBANA,2023-08-16,15:50:00,15,MIERCOLES,3,AGOSTO,8,NO,"NO RESPETAR LAS SENIALES REGLAMENTARIAS DE TRANSITO. (PARE, CEDA EL PASO, LUZ ROJA DEL SEMAFORO, ETC).",CHOQUE LATERAL,BUS,1,0,1,0,0,0,0,0,0,0,0,0,0,2,79,HOMBRE,LESIONADO,CONDUCTOR PRESENTE,NO,NO,1
35300,151923,151924,2023,0,0,-0.190637,-78.480962,PICHINCHA,QUITO,QUITO,URBANA,2023-08-16,15:58:00,15,MIERCOLES,3,AGOSTO,8,NO,REALIZAR CAMBIO BRUSCO O INDEBIDO DE CARRIL.,CHOQUE LATERAL,BUS,1,0,1,0,0,0,0,0,0,0,0,0,0,2,46,HOMBRE,ILESO,CONDUCTOR PRESENTE,NO,NO,1
35301,151925,151926,2023,0,0,-0.280809,-78.556001,PICHINCHA,QUITO,QUITO,URBANA,2023-08-16,16:25:00,16,MIERCOLES,3,AGOSTO,8,NO,"NO RESPETAR LAS SENIALES REGLAMENTARIAS DE TRANSITO. (PARE, CEDA EL PASO, LUZ ROJA DEL SEMAFORO, ETC).",CHOQUE LATERAL,AUTOMOVIL,2,0,0,0,0,0,0,0,0,0,0,0,0,2,38,HOMBRE,ILESO,CONDUCTOR PRESENTE,NO,NO,1
35302,151927,151928,2023,0,0,-0.197821,-78.490028,PICHINCHA,QUITO,QUITO,URBANA,2023-08-16,17:08:00,17,MIERCOLES,3,AGOSTO,8,NO,NO MANTENER LA DISTANCIA PRUDENCIAL CON RESPECTO AL VEHICULO QUE LE ANTECEDE.,CHOQUE POSTERIOR,MOTOCICLETA,1,0,0,0,0,0,0,0,1,0,0,0,0,2,22,HOMBRE,ILESO,CONDUCTOR PRESENTE,NO,NO,1
35303,151932,151933,2023,1,0,-0.263242,-78.484584,PICHINCHA,QUITO,CONOCOTO,RURAL,2023-08-16,17:50:00,17,MIERCOLES,3,AGOSTO,8,NO,"NO RESPETAR LAS SENIALES REGLAMENTARIAS DE TRANSITO. (PARE, CEDA EL PASO, LUZ ROJA DEL SEMAFORO, ETC).",CHOQUE LATERAL,MOTOCICLETA,0,0,0,0,0,0,0,0,2,0,0,0,0,2,22,HOMBRE,LESIONADO,CONDUCTOR PRESENTE,NO,NO,3
35304,151954,151955,2023,1,0,-0.120673,-78.480145,PICHINCHA,QUITO,QUITO,URBANA,2023-08-17,09:20:00,9,JUEVES,4,AGOSTO,8,NO,NO CEDER EL DERECHO DE VIA O PREFERENCIA DE PASO AL PEATON.,ATROPELLOS,CAMIONETA,0,0,0,0,1,0,0,0,0,0,0,0,0,1,70,HOMBRE,LESIONADO,PEATON,NO,NO,1
35305,151956,151957,2023,0,0,-0.234237,-78.489618,PICHINCHA,QUITO,QUITO,URBANA,2023-08-17,10:25:00,10,JUEVES,4,AGOSTO,8,NO,"NO RESPETAR LAS SENIALES REGLAMENTARIAS DE TRANSITO. (PARE, CEDA EL PASO, LUZ ROJA DEL SEMAFORO, ETC).",CHOQUE LATERAL,CAMIONETA,1,0,0,0,1,0,0,0,0,0,0,0,0,2,45,HOMBRE,ILESO,CONDUCTOR PRESENTE,NO,NO,1
35306,151957,151958,2023,0,0,-0.109194,-78.486378,PICHINCHA,QUITO,QUITO,URBANA,2023-08-17,10:40:00,10,JUEVES,4,AGOSTO,8,NO,"NO RESPETAR LAS SENIALES REGLAMENTARIAS DE TRANSITO. (PARE, CEDA EL PASO, LUZ ROJA DEL SEMAFORO, ETC).",CHOQUE LATERAL,CAMIONETA,1,0,0,0,1,0,0,0,0,0,0,0,0,2,23,HOMBRE,ILESO,CONDUCTOR PRESENTE,NO,NO,1
35307,151963,151964,2023,0,0,-0.214948,-78.442913,PICHINCHA,QUITO,CUMBAYA,RURAL,2023-08-17,13:05:00,13,JUEVES,4,AGOSTO,8,NO,"NO RESPETAR LAS SENIALES REGLAMENTARIAS DE TRANSITO. (PARE, CEDA EL PASO, LUZ ROJA DEL SEMAFORO, ETC).",CHOQUE LATERAL,CAMION,1,0,0,1,0,0,0,0,0,0,0,0,0,2,26,HOMBRE,ILESO,CONDUCTOR PRESENTE,NO,NO,3
35308,151966,151967,2023,2,0,-0.173019,-78.480417,PICHINCHA,QUITO,QUITO,URBANA,2023-08-17,14:20:00,14,JUEVES,4,AGOSTO,8,NO,REALIZAR CAMBIO BRUSCO O INDEBIDO DE CARRIL.,OTROS,CAMIONETA,2,0,0,0,1,0,0,0,0,0,0,0,0,3,45,HOMBRE,LESIONADO,CONDUCTOR PRESENTE,NO,NO,1
35309,151980,151981,2023,1,0,-0.125195,-78.290417,PICHINCHA,QUITO,EL QUINCHE,RURAL,2023-08-17,17:40:00,17,JUEVES,4,AGOSTO,8,NO,"CONDUCIR DESATENTO A LAS CONDICIONES DE TRANSITO (CELULAR, PANTALLAS DE VIDEO, COMIDA, MAQUILLAJE O CUALQUIER OTRO ELEMENTO DISTRACTOR).",ATROPELLOS,NO IDENTIFICADO,0,0,0,0,0,0,0,0,0,1,0,0,0,1,70,HOMBRE,LESIONADO,PEATON,NO,SI,3
35310,151984,151985,2023,1,0,-0.262796,-78.547139,PICHINCHA,QUITO,QUITO,URBANA,2023-08-17,18:45:00,18,JUEVES,4,AGOSTO,8,NO,"CONDUCE BAJO LA INFLUENCIA DE ALCOHOL, SUSTANCIAS ESTUPEFACIENTES O PSICOTROPICAS Y/O MEDICAMENTOS.",ATROPELLOS,AUTOMOVIL,1,0,0,0,0,0,0,0,0,0,0,0,0,1,22,MUJER,LESIONADO,PEATON,NO,NO,1
35311,151985,151986,2023,0,0,-0.141283,-78.443834,PICHINCHA,QUITO,LLANO CHICO,RURAL,2023-08-17,19:05:00,19,JUEVES,4,AGOSTO,8,NO,NO GUARDAR LA DISTANCIA LATERAL MINIMA DE SEGURIDAD ENTRE VEHICULOS.,ROZAMIENTOS,MOTOCICLETA,1,0,0,0,0,0,0,0,1,0,0,0,0,2,34,HOMBRE,ILESO,CONDUCTOR PRESENTE,NO,NO,3
35312,152000,152001,2023,0,0,-0.094507,-78.481842,PICHINCHA,QUITO,QUITO,URBANA,2023-08-18,02:20:00,2,VIERNES,5,AGOSTO,8,NO,"NO RESPETAR LAS SENIALES REGLAMENTARIAS DE TRANSITO. (PARE, CEDA EL PASO, LUZ ROJA DEL SEMAFORO, ETC).",CHOQUE LATERAL,MOTOCICLETA,1,0,0,0,0,0,0,0,1,0,0,0,0,2,27,HOMBRE,ILESO,PASAJERO,NO,NO,1
35313,152002,152003,2023,0,0,-0.205198,-78.511372,PICHINCHA,QUITO,QUITO,URBANA,2023-08-18,04:19:00,4,VIERNES,5,AGOSTO,8,NO,CONDUCIR VEHICULO SUPERANDO LOS LIMITES MAXIMOS DE VELOCIDAD.,ESTRELLAMIENTOS,AUTOMOVIL,1,0,0,0,0,0,0,0,0,0,0,0,0,1,-1,NO IDENTIFICADO,NO IDENTIFICADO,CONDUCTOR AUSENTE,NO,NO,2
35314,152004,152005,2023,0,0,-0.282737,-78.554349,PICHINCHA,QUITO,QUITO,URBANA,2023-08-18,05:45:00,5,VIERNES,5,AGOSTO,8,NO,"NO RESPETAR LAS SENIALES REGLAMENTARIAS DE TRANSITO. (PARE, CEDA EL PASO, LUZ ROJA DEL SEMAFORO, ETC).",OTROS,MOTOCICLETA,0,0,0,0,0,0,0,0,1,0,0,0,0,1,-1,NO IDENTIFICADO,NO IDENTIFICADO,CONDUCTOR AUSENTE,NO,NO,2
35315,152007,152008,2023,0,0,-0.246311,-78.526214,PICHINCHA,QUITO,QUITO,URBANA,2023-08-18,07:27:00,7,VIERNES,5,AGOSTO,8,NO,"NO RESPETAR LAS SENIALES REGLAMENTARIAS DE TRANSITO. (PARE, CEDA EL PASO, LUZ ROJA DEL SEMAFORO, ETC).",OTROS,AUTOMOVIL,1,0,0,0,0,0,0,0,0,0,0,0,0,1,-1,NO IDENTIFICADO,NO IDENTIFICADO,CONDUCTOR AUSENTE,NO,NO,2
35316,152017,152018,2023,2,0,-0.304162,-78.542853,PICHINCHA,QUITO,QUITO,URBANA,2023-08-18,13:55:00,13,VIERNES,5,AGOSTO,8,NO,"NO RESPETAR LAS SENIALES REGLAMENTARIAS DE TRANSITO. (PARE, CEDA EL PASO, LUZ ROJA DEL SEMAFORO, ETC).",CHOQUE LATERAL,MOTOCICLETA,0,0,0,0,0,0,0,0,1,1,0,0,0,2,28,HOMBRE,LESIONADO,PASAJERO,NO,NO,1
35317,152019,152020,2023,1,0,-0.315105,-78.442055,PICHINCHA,RUMINIAHUI,SANGOLQUI,RURAL,2023-08-18,14:00:00,14,VIERNES,5,AGOSTO,8,NO,"CONDUCIR DESATENTO A LAS CONDICIONES DE TRANSITO (CELULAR, PANTALLAS DE VIDEO, COMIDA, MAQUILLAJE O CUALQUIER OTRO ELEMENTO DISTRACTOR).",ATROPELLOS,BUS,0,0,1,0,0,0,0,0,0,0,0,0,1,2,18,MUJER,LESIONADO,PEATON,NO,SI,3
35318,152022,152023,2023,2,0,-0.268731,-78.531137,PICHINCHA,QUITO,QUITO,URBANA,2023-08-18,16:15:00,16,VIERNES,5,AGOSTO,8,NO,REALIZAR CAMBIO BRUSCO O INDEBIDO DE CARRIL.,CHOQUE LATERAL,MOTOCICLETA,1,0,0,0,0,0,0,0,1,0,0,0,0,2,35,HOMBRE,LESIONADO,PASAJERO,NO,NO,1