,Unnamed: 0,ID,ANIO,LESIONADOS,FALLECIDOS,LATITUD_Y,LONGITUD_X,PROVINCIA,CANTON,PARROQUIA,ZONA,FECHA,HORA,PERIODO_2,DIA_1,DIA_2,MES_1,MES_2,FERIADO,CAUSA_PROBABLE,TIPO_DE_SINIESTRO,TIPO_DE_VEHICULO_1,AUTOMOVIL,BICICLETA,BUS,CAMION,CAMIONETA,EMERGENCIAS,ESPECIAL,FURGONETA,MOTOCICLETA,NO_IDENTIFICADO,SCOOTER_ELECTRICO,TRICIMOTO,VEHICULO_DEPORTIVO_UTILITARIO,SUMA_DE_VEHICULOS,EDAD_1,SEXO_1,CONDICION_1,PARTICIPANTE_1,CASCO_1,CINTURON_1,KMeans_Cluster
35319,152026,152027,2023,0,0,-0.441265,-78.712271,PICHINCHA,MEJIA,ALOAG,RURAL,2023-08-18,16:50:00,16,VIERNES,5,AGOSTO,8,NO,"CONDUCIR DESATENTO A LAS CONDICIONES DE TRANSITO (CELULAR, PANTALLAS DE VIDEO, COMIDA, MAQUILLAJE O CUALQUIER OTRO ELEMENTO DISTRACTOR).",PERDIDA DE CARRIL,AUTOMOVIL,2,0,0,0,0,0,0,0,0,0,0,0,0,2,-1,HOMBRE,ILESO,CONDUCTOR PRESENTE,NO,NO,3
35320,152036,152037,2023,2,0,-0.280796,-78.556009,PICHINCHA,QUITO,QUITO,URBANA,2023-08-18,20:10:00,20,VIERNES,5,AGOSTO,8,NO,"NO RESPETAR LAS SENIALES REGLAMENTARIAS DE TRANSITO. (PARE, CEDA EL PASO, LUZ ROJA DEL SEMAFORO, ETC).",CHOQUE LATERAL,CAMION,1,0,0,1,0,0,0,0,0,0,0,0,0,2,45,MUJER,LESIONADO,PASAJERO,NO,NO,1
35321,152040,152041,2023,2,0,-0.208276,-78.503371,PICHINCHA,QUITO,QUITO,URBANA,2023-08-18,22:25:00,22,VIERNES,5,AGOSTO,8,NO,"NO RESPETAR LAS SENIALES REGLAMENTARIAS DE TRANSITO. (PARE, CEDA EL PASO, LUZ ROJA DEL SEMAFORO, ETC).",CHOQUE LATERAL,MOTOCICLETA,1,0,0,0,0,0,0,0,1,0,0,0,0,2,28,HOMBRE,LESIONADO,CONDUCTOR PRESENTE,NO,NO,1
35322,152048,152049,2023,1,0,-0.223137,-78.512804,PICHINCHA,QUITO,QUITO,URBANA,2023-08-19,01:10:00,1,SABADO,6,AGOSTO,8,NO,"NO RESPETAR LAS SENIALES REGLAMENTARIAS DE TRANSITO. (PARE, CEDA EL PASO, LUZ ROJA DEL SEMAFORO, ETC).",CHOQUE LATERAL,MOTOCICLETA,0,0,0,0,0,0,0,0,1,1,0,0,0,2,24,HOMBRE,LESIONADO,CONDUCTOR PRESENTE,NO,NO,1
35323,152049,152050,2023,1,0,-0.290959,-78.545991,PICHINCHA,QUITO,QUITO,URBANA,2023-08-19,01:45:00,1,SABADO,6,AGOSTO,8,NO,"NO RESPETAR LAS SENIALES REGLAMENTARIAS DE TRANSITO. (PARE, CEDA EL PASO, LUZ ROJA DEL SEMAFORO, ETC).",CHOQUE LATERAL,AUTOMOVIL,2,0,0,0,0,0,0,0,0,0,0,0,0,2,42,HOMBRE,LESIONADO,CONDUCTOR PRESENTE,NO,NO,1
35324,152050,152051,2023,0,0,-0.263651,-78.524724,PICHINCHA,QUITO,QUITO,URBANA,2023-08-19,01:50:00,1,SABADO,6,AGOSTO,8,NO,"CONDUCE BAJO LA INFLUENCIA DE ALCOHOL, SUSTANCIAS ESTUPEFACIENTES O PSICOTROPICAS Y/O MEDICAMENTOS.",OTROS,AUTOMOVIL,2,0,0,0,0,0,0,0,0,0,0,0,0,2,24,HOMBRE,ILESO,CONDUCTOR PRESENTE,NO,NO,1
35325,152055,152056,2023,0,0,-0.128265,-78.502448,PICHINCHA,QUITO,QUITO,URBANA,2023-08-19,07:15:00,7,SABADO,6,AGOSTO,8,NO,NO MANTENER LA DISTANCIA PRUDENCIAL CON RESPECTO AL VEHICULO QUE LE ANTECEDE.,CHOQUE POSTERIOR,AUTOMOVIL,2,0,0,0,0,0,0,0,0,0,0,0,0,2,54,HOMBRE,ILESO,CONDUCTOR PRESENTE,NO,NO,1
35326,152063,152064,2023,1,0,-0.319011,-78.534974,PICHINCHA,QUITO,QUITO,URBANA,2023-08-19,10:08:00,10,SABADO,6,AGOSTO,8,NO,NO CEDER EL DERECHO DE VIA O PREFERENCIA DE PASO AL PEATON.,ATROPELLOS,NO IDENTIFICADO,0,0,0,0,0,0,0,0,0,1,0,0,0,1,57,HOMBRE,LESIONADO,PEATON,NO,NO,1
35327,152070,152071,2023,2,0,-0.280589,-78.533541,PICHINCHA,QUITO,QUITO,URBANA,2023-08-19,14:18:00,14,SABADO,6,AGOSTO,8,NO,NO TRANSITAR POR LAS ACERAS O ZONAS DE SEGURIDAD DESTINADAS PARA EL EFECTO.,ATROPELLOS,MOTOCICLETA,0,0,0,0,0,0,0,0,1,0,0,0,0,1,58,HOMBRE,LESIONADO,PEATON,NO,NO,1
35328,152075,152076,2023,0,0,-0.163029,-78.462624,PICHINCHA,QUITO,QUITO,URBANA,2023-08-19,15:35:00,15,SABADO,6,AGOSTO,8,NO,CONDUCIR VEHICULO SUPERANDO LOS LIMITES MAXIMOS DE VELOCIDAD.,ESTRELLAMIENTOS,AUTOMOVIL,1,0,0,0,0,0,0,0,0,0,0,0,0,1,53,HOMBRE,ILESO,CONDUCTOR PRESENTE,NO,NO,1
35329,152078,152079,2023,0,0,-0.153452,-78.466876,PICHINCHA,QUITO,QUITO,URBANA,2023-08-19,16:40:00,16,SABADO,6,AGOSTO,8,NO,CONDUCIR VEHICULO SUPERANDO LOS LIMITES MAXIMOS DE VELOCIDAD.,ESTRELLAMIENTOS,AUTOMOVIL,2,0,0,0,0,0,0,0,0,0,0,0,0,2,36,HOMBRE,ILESO,CONDUCTOR PRESENTE,NO,NO,1
35330,152082,152083,2023,0,0,-0.246718,-78.511382,PICHINCHA,QUITO,QUITO,URBANA,2023-08-19,17:40:00,17,SABADO,6,AGOSTO,8,NO,"NO RESPETAR LAS SENIALES REGLAMENTARIAS DE TRANSITO. (PARE, CEDA EL PASO, LUZ ROJA DEL SEMAFORO, ETC).",CHOQUE LATERAL,CAMIONETA,1,0,0,0,1,0,0,0,0,0,0,0,0,2,73,HOMBRE,ILESO,CONDUCTOR PRESENTE,NO,NO,1
35331,152083,152084,2023,3,2,-0.442001,-78.670111,PICHINCHA,MEJIA,ALOAG,RURAL,2023-08-19,18:45:00,18,SABADO,6,AGOSTO,8,NO,"CONDUCIR DESATENTO A LAS CONDICIONES DE TRANSITO (CELULAR, PANTALLAS DE VIDEO, COMIDA, MAQUILLAJE O CUALQUIER OTRO ELEMENTO DISTRACTOR).",PERDIDA DE CARRIL,CAMION,0,0,0,1,1,0,0,0,0,0,0,0,0,2,-1,HOMBRE,FALLECIDO,PASAJERO,NO,NO,3
35332,152098,152099,2023,0,0,-0.291232,-78.487542,PICHINCHA,QUITO,CONOCOTO,RURAL,2023-08-20,00:30:00,0,DOMINGO,7,AGOSTO,8,NO,"NO RESPETAR LAS SENIALES REGLAMENTARIAS DE TRANSITO. (PARE, CEDA EL PASO, LUZ ROJA DEL SEMAFORO, ETC).",OTROS,AUTOMOVIL,1,0,0,0,0,0,0,0,0,0,0,0,0,1,-1,NO IDENTIFICADO,NO IDENTIFICADO,CONDUCTOR AUSENTE,NO,NO,2
35333,152104,152105,2023,0,0,-0.289957,-78.537709,PICHINCHA,QUITO,QUITO,URBANA,2023-08-20,05:20:00,5,DOMINGO,7,AGOSTO,8,NO,CONDUCIR EN SENTIDO CONTRARIO A LA VIA NORMAL DE CIRCULACION.,CHOQUE FRONTAL,BUS,1,0,1,0,0,0,0,0,0,0,0,0,0,2,50,HOMBRE,ILESO,CONDUCTOR PRESENTE,NO,NO,1
35334,152106,152107,2023,0,0,-0.069695,-78.452189,PICHINCHA,QUITO,CALDERON (CARAPUNGO),RURAL,2023-08-20,06:20:00,6,DOMINGO,7,AGOSTO,8,NO,CONDUCIR VEHICULO SUPERANDO LOS LIMITES MAXIMOS DE VELOCIDAD.,VOLCAMIENTOS,AUTOMOVIL,1,0,0,0,0,0,0,0,0,0,0,0,0,1,46,HOMBRE,ILESO,CONDUCTOR PRESENTE,NO,NO,3
35335,152118,152119,2023,0,0,-0.099094,-78.445198,PICHINCHA,QUITO,CALDERON (CARAPUNGO),RURAL,2023-08-20,09:40:00,9,DOMINGO,7,AGOSTO,8,NO,"NO RESPETAR LAS SENIALES REGLAMENTARIAS DE TRANSITO. (PARE, CEDA EL PASO, LUZ ROJA DEL SEMAFORO, ETC).",OTROS,MOTOCICLETA,0,0,0,0,0,0,0,0,1,1,0,0,0,2,-1,NO IDENTIFICADO,NO IDENTIFICADO,CONDUCTOR AUSENTE,NO,NO,2
35336,152119,152120,2023,1,0,-0.250641,-78.538041,PICHINCHA,QUITO,QUITO,URBANA,2023-08-20,10:15:00,10,DOMINGO,7,AGOSTO,8,NO,NO CEDER EL DERECHO DE VIA O PREFERENCIA DE PASO AL PEATON.,ATROPELLOS,MOTOCICLETA,0,0,0,0,0,0,0,0,1,0,0,0,0,1,86,MUJER,LESIONADO,PEATON,NO,NO,1
35337,152121,152122,2023,0,1,-0.259025,-78.545271,PICHINCHA,QUITO,QUITO,URBANA,2023-08-20,10:47:00,10,DOMINGO,7,AGOSTO,8,NO,PEATON QUE CRUZA LA CALZADA SIN RESPETAR LA SENIALIZACION EXISTENTE (SEMAFOROS O SENIALES MANUALES).,ATROPELLOS,MOTOCICLETA,0,0,0,0,0,0,0,0,1,0,0,0,0,1,77,HOMBRE,FALLECIDO,PEATON,NO,NO,1
35338,152127,152128,2023,0,2,-0.449411,-78.585734,PICHINCHA,MEJIA,ALOAG,RURAL,2023-08-20,12:00:00,12,DOMINGO,7,AGOSTO,8,NO,"CONDUCIR DESATENTO A LAS CONDICIONES DE TRANSITO (CELULAR, PANTALLAS DE VIDEO, COMIDA, MAQUILLAJE O CUALQUIER OTRO ELEMENTO DISTRACTOR).",CHOQUE FRONTAL,CAMION,0,0,0,1,0,0,0,0,0,0,0,0,0,1,39,HOMBRE,FALLECIDO,CONDUCTOR PRESENTE,NO,SI,3
35339,152128,152129,2023,2,0,-0.449411,-78.585734,PICHINCHA,MEJIA,ALOAG,URBANA,2023-08-20,12:16:10,12,DOMINGO,7,AGOSTO,8,NO,NO GUARDAR LA DISTANCIA LATERAL MINIMA DE SEGURIDAD ENTRE VEHICULOS.,CHOQUE LATERAL,AUTOMOVIL,1,0,0,0,0,0,0,0,0,1,0,0,0,2,51,HOMBRE,LESIONADO,CONDUCTOR PRESENTE,NO,SI,1
35340,152131,152132,2023,0,0,-0.289845,-78.537769,PICHINCHA,QUITO,QUITO,URBANA,2023-08-20,12:50:00,12,DOMINGO,7,AGOSTO,8,NO,REALIZAR CAMBIO BRUSCO O INDEBIDO DE CARRIL.,CHOQUE LATERAL,BUS,1,0,1,0,0,0,0,0,0,0,0,0,0,2,39,HOMBRE,ILESO,CONDUCTOR PRESENTE,NO,NO,1
35341,152133,152134,2023,0,0,-0.233721,-78.507989,PICHINCHA,QUITO,QUITO,URBANA,2023-08-20,13:20:00,13,DOMINGO,7,AGOSTO,8,NO,"NO RESPETAR LAS SENIALES REGLAMENTARIAS DE TRANSITO. (PARE, CEDA EL PASO, LUZ ROJA DEL SEMAFORO, ETC).",CHOQUE LATERAL,AUTOMOVIL,2,0,0,0,0,0,0,0,0,0,0,0,0,2,65,HOMBRE,ILESO,CONDUCTOR PRESENTE,NO,NO,1
35342,152135,152136,2023,1,0,-0.269968,-78.551658,PICHINCHA,QUITO,QUITO,URBANA,2023-08-20,13:40:00,13,DOMINGO,7,AGOSTO,8,NO,NO CEDER EL DERECHO DE VIA O PREFERENCIA DE PASO AL PEATON.,ARROLLAMIENTOS,NO IDENTIFICADO,0,0,0,0,0,0,0,0,0,1,0,0,0,1,50,HOMBRE,LESIONADO,PEATON,NO,NO,1
35343,152137,152138,2023,0,0,-0.085051,-78.426523,PICHINCHA,QUITO,CALDERON (CARAPUNGO),RURAL,2023-08-20,14:05:00,14,DOMINGO,7,AGOSTO,8,NO,"NO RESPETAR LAS SENIALES REGLAMENTARIAS DE TRANSITO. (PARE, CEDA EL PASO, LUZ ROJA DEL SEMAFORO, ETC).",CHOQUE LATERAL,FURGONETA,1,0,0,0,0,0,0,1,0,0,0,0,0,2,19,HOMBRE,ILESO,CONDUCTOR PRESENTE,NO,NO,3
35344,152140,152141,2023,0,0,-0.345917,-78.437212,PICHINCHA,RUMINIAHUI,SANGOLQUI,URBANA,2023-08-20,15:30:00,15,DOMINGO,7,AGOSTO,8,NO,"CONDUCIR DESATENTO A LAS CONDICIONES DE TRANSITO (CELULAR, PANTALLAS DE VIDEO, COMIDA, MAQUILLAJE O CUALQUIER OTRO ELEMENTO DISTRACTOR).",COLISION,BUS,3,0,1,0,1,0,0,0,0,0,0,0,1,6,62,HOMBRE,ILESO,CONDUCTOR PRESENTE,NO,SI,1
35345,152143,152144,2023,0,0,-0.292435,-78.543977,PICHINCHA,QUITO,QUITO,URBANA,2023-08-20,15:50:00,15,DOMINGO,7,AGOSTO,8,NO,CONDUCIR VEHICULO SUPERANDO LOS LIMITES MAXIMOS DE VELOCIDAD.,ESTRELLAMIENTOS,MOTOCICLETA,1,0,0,0,1,0,0,0,1,0,0,0,0,3,-1,NO IDENTIFICADO,NO IDENTIFICADO,CONDUCTOR AUSENTE,NO,NO,2
35346,152146,152147,2023,0,1,-0.108147,-78.487746,PICHINCHA,QUITO,QUITO,URBANA,2023-08-20,16:00:00,16,DOMINGO,7,AGOSTO,8,NO,CONDUCIR VEHICULO SUPERANDO LOS LIMITES MAXIMOS DE VELOCIDAD.,PERDIDA DE CARRIL,BICICLETA,0,1,0,0,0,0,0,0,0,0,0,0,0,1,34,HOMBRE,FALLECIDO,CONDUCTOR PRESENTE,NO,NO,1
35347,152153,152154,2023,5,2,-0.051415,-78.317105,PICHINCHA,QUITO,GUAYLLABAMBA,RURAL,2023-08-20,19:00:00,19,DOMINGO,7,AGOSTO,8,NO,"CONDUCIR DESATENTO A LAS CONDICIONES DE TRANSITO (CELULAR, PANTALLAS DE VIDEO, COMIDA, MAQUILLAJE O CUALQUIER OTRO ELEMENTO DISTRACTOR).",CHOQUE FRONTAL,CAMIONETA,1,0,0,0,1,0,0,0,0,0,0,0,1,3,54,MUJER,FALLECIDO,PASAJERO,NO,SI,3
35348,152181,152182,2023,0,1,-0.591994,-78.601285,PICHINCHA,MEJIA,MACHACHI,RURAL,2023-08-21,07:17:00,7,LUNES,1,AGOSTO,8,NO,"CONDUCIR DESATENTO A LAS CONDICIONES DE TRANSITO (CELULAR, PANTALLAS DE VIDEO, COMIDA, MAQUILLAJE O CUALQUIER OTRO ELEMENTO DISTRACTOR).",CHOQUE POSTERIOR,CAMION,0,0,0,1,0,0,0,0,1,0,0,0,0,2,22,HOMBRE,FALLECIDO,CONDUCTOR PRESENTE,NO,SI,3
35349,152200,152201,2023,0,1,-0.213719,-78.457224,PICHINCHA,QUITO,CUMBAYA,RURAL,2023-08-21,14:00:00,14,LUNES,1,AGOSTO,8,NO,CONDUCIR VEHICULO SUPERANDO LOS LIMITES MAXIMOS DE VELOCIDAD.,ESTRELLAMIENTOS,CAMION,0,0,0,1,0,0,0,0,0,0,0,0,0,1,46,HOMBRE,FALLECIDO,PASAJERO,NO,NO,3
35350,152205,152206,2023,0,0,-0.176833,-78.502284,PICHINCHA,QUITO,QUITO,URBANA,2023-08-21,17:15:00,17,LUNES,1,AGOSTO,8,NO,CONDUCIR VEHICULO SUPERANDO LOS LIMITES MAXIMOS DE VELOCIDAD.,ESTRELLAMIENTOS,AUTOMOVIL,1,0,0,0,0,0,0,0,0,0,0,0,0,1,23,MUJER,ILESO,CONDUCTOR PRESENTE,NO,NO,1
35351,152209,152210,2023,2,0,-0.256408,-78.496141,PICHINCHA,QUITO,CONOCOTO,RURAL,2023-08-21,17:55:00,17,LUNES,1,AGOSTO,8,NO,CONDUCIR VEHICULO SUPERANDO LOS LIMITES MAXIMOS DE VELOCIDAD.,ESTRELLAMIENTOS,FURGONETA,0,0,0,0,0,0,0,1,0,0,0,0,0,1,37,HOMBRE,LESIONADO,PASAJERO,NO,NO,3
35352,152211,152212,2023,3,0,-0.135065,-78.467681,PICHINCHA,QUITO,QUITO,URBANA,2023-08-21,18:10:00,18,LUNES,1,AGOSTO,8,NO,"NO RESPETAR LAS SENIALES REGLAMENTARIAS DE TRANSITO. (PARE, CEDA EL PASO, LUZ ROJA DEL SEMAFORO, ETC).",CHOQUE LATERAL,BUS,1,0,1,0,0,0,0,0,0,0,0,0,0,2,63,HOMBRE,LESIONADO,CONDUCTOR PRESENTE,NO,NO,1
35353,152212,152213,2023,0,0,-0.218034,-78.520743,PICHINCHA,QUITO,QUITO,RURAL,2023-08-21,18:20:00,18,LUNES,1,AGOSTO,8,NO,"CONDUCE BAJO LA INFLUENCIA DE ALCOHOL, SUSTANCIAS ESTUPEFACIENTES O PSICOTROPICAS Y/O MEDICAMENTOS.",CHOQUE POSTERIOR,CAMIONETA,1,0,0,0,1,0,0,0,0,0,0,0,0,2,43,HOMBRE,ILESO,CONDUCTOR PRESENTE,NO,NO,3
35354,152214,152215,2023,1,0,-0.283372,-78.554499,PICHINCHA,QUITO,QUITO,URBANA,2023-08-21,18:39:00,18,LUNES,1,AGOSTO,8,NO,CONDUCIR VEHICULO SUPERANDO LOS LIMITES MAXIMOS DE VELOCIDAD.,CHOQUE POSTERIOR,AUTOMOVIL,2,0,0,0,0,0,0,0,0,0,0,0,0,2,38,HOMBRE,LESIONADO,CONDUCTOR PRESENTE,NO,NO,1
35355,152224,152225,2023,2,0,-0.443001,-78.721831,PICHINCHA,MEJIA,MANUEL CORNEJO ASTORGA,RURAL,2023-08-21,20:45:00,20,LUNES,1,AGOSTO,8,NO,"CONDUCIR DESATENTO A LAS CONDICIONES DE TRANSITO (CELULAR, PANTALLAS DE VIDEO, COMIDA, MAQUILLAJE O CUALQUIER OTRO ELEMENTO DISTRACTOR).",PERDIDA DE CARRIL,AUTOMOVIL,1,0,0,0,0,0,0,0,0,1,0,0,0,2,14,MUJER,LESIONADO,PASAJERO,NO,NO,3
35356,152226,152227,2023,0,0,-0.083003,-78.454414,PICHINCHA,QUITO,QUITO,URBANA,2023-08-21,21:00:00,21,LUNES,1,AGOSTO,8,NO,CONDUCIR VEHICULO SUPERANDO LOS LIMITES MAXIMOS DE VELOCIDAD.,COLISION,CAMION,2,0,0,1,0,0,0,0,0,0,0,0,0,3,44,HOMBRE,ILESO,CONDUCTOR PRESENTE,NO,NO,1
35357,152236,152237,2023,1,0,-0.275296,-78.552463,PICHINCHA,QUITO,QUITO,URBANA,2023-08-22,05:35:00,5,MARTES,2,AGOSTO,8,NO,"NO RESPETAR LAS SENIALES REGLAMENTARIAS DE TRANSITO. (PARE, CEDA EL PASO, LUZ ROJA DEL SEMAFORO, ETC).",CHOQUE LATERAL,BUS,0,0,1,0,0,0,0,0,1,0,0,0,0,2,22,HOMBRE,LESIONADO,CONDUCTOR PRESENTE,NO,NO,1
35358,152238,152239,2023,0,0,-0.076635,-78.492265,PICHINCHA,QUITO,QUITO,URBANA,2023-08-22,05:55:00,5,MARTES,2,AGOSTO,8,NO,"CONDUCE BAJO LA INFLUENCIA DE ALCOHOL, SUSTANCIAS ESTUPEFACIENTES O PSICOTROPICAS Y/O MEDICAMENTOS.",ESTRELLAMIENTOS,CAMION,0,0,0,1,0,0,0,0,0,0,0,0,0,1,55,HOMBRE,ILESO,CONDUCTOR PRESENTE,NO,NO,1
35359,152246,152247,2023,0,0,-0.335646,-78.520166,PICHINCHA,QUITO,QUITO,URBANA,2023-08-22,08:25:00,8,MARTES,2,AGOSTO,8,NO,NO MANTENER LA DISTANCIA PRUDENCIAL CON RESPECTO AL VEHICULO QUE LE ANTECEDE.,CHOQUE POSTERIOR,CAMION,1,0,0,1,0,0,0,0,0,0,0,0,0,2,54,HOMBRE,ILESO,CONDUCTOR PRESENTE,NO,NO,1
35360,152262,152263,2023,0,0,-0.109212,-78.459288,PICHINCHA,QUITO,CALDERON (CARAPUNGO),URBANA,2023-08-22,16:05:00,16,MARTES,2,AGOSTO,8,NO,CONDUCIR VEHICULO SUPERANDO LOS LIMITES MAXIMOS DE VELOCIDAD.,ESTRELLAMIENTOS,CAMIONETA,0,0,0,0,1,0,0,0,0,0,0,0,0,1,36,HOMBRE,ILESO,CONDUCTOR PRESENTE,NO,NO,1
35361,152263,152264,2023,0,0,-0.071354,-78.466447,PICHINCHA,QUITO,POMASQUI,RURAL,2023-08-22,16:40:00,16,MARTES,2,AGOSTO,8,NO,CONDUCIR VEHICULO SUPERANDO LOS LIMITES MAXIMOS DE VELOCIDAD.,PERDIDA DE CARRIL,AUTOMOVIL,1,0,0,0,0,0,0,0,0,0,0,0,0,1,45,HOMBRE,ILESO,CONDUCTOR PRESENTE,NO,NO,3
35362,152268,152269,2023,1,0,-0.335931,-78.897589,PICHINCHA,MEJIA,MANUEL CORNEJO ASTORGA,RURAL,2023-08-22,20:45:00,20,MARTES,2,AGOSTO,8,NO,NO MANTENER LA DISTANCIA PRUDENCIAL CON RESPECTO AL VEHICULO QUE LE ANTECEDE.,CHOQUE POSTERIOR,CAMION,0,0,0,1,1,0,0,0,0,0,0,0,0,2,-1,HOMBRE,LESIONADO,CONDUCTOR PRESENTE,NO,NO,3
35363,152270,152271,2023,0,0,-0.286053,-78.468487,PICHINCHA,QUITO,CONOCOTO,RURAL,2023-08-22,21:00:00,21,MARTES,2,AGOSTO,8,NO,CONDUCIR VEHICULO SUPERANDO LOS LIMITES MAXIMOS DE VELOCIDAD.,PERDIDA DE PISTA,CAMIONETA,0,0,0,0,1,0,0,0,0,0,0,0,0,1,31,HOMBRE,ILESO,CONDUCTOR PRESENTE,NO,SI,3
35364,152274,152275,2023,0,0,-0.256802,-78.543059,PICHINCHA,QUITO,QUITO,URBANA,2023-08-22,21:37:00,21,MARTES,2,AGOSTO,8,NO,"CONDUCIR DESATENTO A LAS CONDICIONES DE TRANSITO (CELULAR, PANTALLAS DE VIDEO, COMIDA, MAQUILLAJE O CUALQUIER OTRO ELEMENTO DISTRACTOR).",CHOQUE LATERAL,FURGONETA,1,0,0,0,0,0,0,1,0,0,0,0,0,2,28,HOMBRE,ILESO,CONDUCTOR PRESENTE,NO,NO,1
35365,152277,152278,2023,0,0,-0.129932,-78.448229,PICHINCHA,QUITO,LLANO CHICO,RURAL,2023-08-22,23:04:00,23,MARTES,2,AGOSTO,8,NO,CONDUCIR VEHICULO SUPERANDO LOS LIMITES MAXIMOS DE VELOCIDAD.,ESTRELLAMIENTOS,CAMION,0,0,0,1,0,0,0,0,0,0,0,0,0,1,-1,NO IDENTIFICADO,NO IDENTIFICADO,CONDUCTOR AUSENTE,NO,NO,2
35366,152287,152288,2023,0,0,-0.287605,-78.504761,PICHINCHA,QUITO,CONOCOTO,RURAL,2023-08-23,07:10:00,7,MIERCOLES,3,AGOSTO,8,NO,"FALLA MECANICA EN LOS SISTEMAS Y/O NEUMATICOS (SISTEMA DE FRENOS, DIRECCION, ELECTRONICO O MECANICO).",CHOQUE POSTERIOR,AUTOMOVIL,2,0,0,0,0,0,0,0,0,0,0,0,0,2,34,HOMBRE,ILESO,CONDUCTOR PRESENTE,NO,NO,3
35367,152294,152295,2023,0,0,-0.216154,-78.513921,PICHINCHA,QUITO,QUITO,URBANA,2023-08-23,09:00:00,9,MIERCOLES,3,AGOSTO,8,NO,NO CEDER EL DERECHO DE VIA O PREFERENCIA DE PASO A VEHICULOS.,CHOQUE LATERAL,CAMIONETA,1,0,0,0,1,0,0,0,0,0,0,0,0,2,24,HOMBRE,ILESO,CONDUCTOR PRESENTE,NO,NO,1
35368,152305,152306,2023,1,0,-0.242172,-78.532685,PICHINCHA,QUITO,QUITO,URBANA,2023-08-23,16:23:00,16,MIERCOLES,3,AGOSTO,8,NO,BAJARSE O SUBIRSE DE VEHICULOS EN MOVIMIENTO SIN TOMAR LAS PRECAUCIONES DEBIDAS.,CAIDA DE PASAJERO,CAMION,0,0,0,1,0,0,0,0,0,0,0,0,0,1,29,HOMBRE,LESIONADO,PASAJERO,NO,NO,1
35369,152309,152310,2023,0,1,-0.312388,-78.527286,PICHINCHA,QUITO,QUITO,URBANA,2023-08-23,18:10:00,18,MIERCOLES,3,AGOSTO,8,NO,CONDUCIR VEHICULO SUPERANDO LOS LIMITES MAXIMOS DE VELOCIDAD.,OTROS,MOTOCICLETA,0,0,0,0,0,0,0,0,1,0,0,0,0,1,30,HOMBRE,FALLECIDO,CONDUCTOR PRESENTE,NO,NO,1
35370,152316,152317,2023,1,0,-0.144537,-78.472548,PICHINCHA,QUITO,QUITO,URBANA,2023-08-23,19:20:00,19,MIERCOLES,3,AGOSTO,8,NO,"NO RESPETAR LAS SENIALES REGLAMENTARIAS DE TRANSITO. (PARE, CEDA EL PASO, LUZ ROJA DEL SEMAFORO, ETC).",OTROS,MOTOCICLETA,0,0,0,0,0,0,0,0,2,0,0,0,0,2,28,HOMBRE,LESIONADO,CONDUCTOR PRESENTE,NO,NO,1
35371,152319,152320,2023,0,0,-0.170993,-78.490587,PICHINCHA,QUITO,QUITO,URBANA,2023-08-23,19:57:00,19,MIERCOLES,3,AGOSTO,8,NO,"NO RESPETAR LAS SENIALES REGLAMENTARIAS DE TRANSITO. (PARE, CEDA EL PASO, LUZ ROJA DEL SEMAFORO, ETC).",CHOQUE LATERAL,AUTOMOVIL,2,0,0,0,0,0,0,0,0,0,0,0,0,2,49,HOMBRE,ILESO,CONDUCTOR PRESENTE,NO,NO,1
35372,152327,152328,2023,0,0,-0.053478,-78.455765,PICHINCHA,QUITO,POMASQUI,RURAL,2023-08-24,00:10:00,0,JUEVES,4,AGOSTO,8,NO,"CONDUCIR DESATENTO A LAS CONDICIONES DE TRANSITO (CELULAR, PANTALLAS DE VIDEO, COMIDA, MAQUILLAJE O CUALQUIER OTRO ELEMENTO DISTRACTOR).",CHOQUE POSTERIOR,VEHICULO DEPORTIVO UTILITARIO,1,0,0,0,0,0,0,0,0,0,0,0,1,2,54,HOMBRE,ILESO,CONDUCTOR PRESENTE,NO,SI,3
35373,152339,152340,2023,0,0,-0.223685,-78.510773,PICHINCHA,QUITO,QUITO,URBANA,2023-08-24,10:53:00,10,JUEVES,4,AGOSTO,8,NO,NO MANTENER LA DISTANCIA PRUDENCIAL CON RESPECTO AL VEHICULO QUE LE ANTECEDE.,CHOQUE POSTERIOR,MOTOCICLETA,1,0,0,0,0,0,0,0,1,0,0,0,0,2,31,HOMBRE,ILESO,CONDUCTOR PRESENTE,NO,NO,1
35374,152347,152348,2023,0,0,-0.104548,-78.453798,PICHINCHA,QUITO,CALDERON (CARAPUNGO),RURAL,2023-08-24,13:20:00,13,JUEVES,4,AGOSTO,8,NO,"NO RESPETAR LAS SENIALES REGLAMENTARIAS DE TRANSITO. (PARE, CEDA EL PASO, LUZ ROJA DEL SEMAFORO, ETC).",CHOQUE LATERAL,AUTOMOVIL,2,0,0,0,0,0,0,0,0,0,0,0,0,2,60,HOMBRE,ILESO,CONDUCTOR PRESENTE,NO,NO,3
35375,152350,152351,2023,2,0,-0.127771,-78.502658,PICHINCHA,QUITO,QUITO,URBANA,2023-08-24,14:00:00,14,JUEVES,4,AGOSTO,8,NO,"NO RESPETAR LAS SENIALES REGLAMENTARIAS DE TRANSITO. (PARE, CEDA EL PASO, LUZ ROJA DEL SEMAFORO, ETC).",CHOQUE LATERAL,AUTOMOVIL,2,0,0,0,0,0,0,0,0,0,0,0,0,2,39,HOMBRE,LESIONADO,PASAJERO,NO,NO,1