,Unnamed: 0,ID,ANIO,LESIONADOS,FALLECIDOS,LATITUD_Y,LONGITUD_X,PROVINCIA,CANTON,PARROQUIA,ZONA,FECHA,HORA,PERIODO_2,DIA_1,DIA_2,MES_1,MES_2,FERIADO,CAUSA_PROBABLE,TIPO_DE_SINIESTRO,TIPO_DE_VEHICULO_1,AUTOMOVIL,BICICLETA,BUS,CAMION,CAMIONETA,EMERGENCIAS,ESPECIAL,FURGONETA,MOTOCICLETA,NO_IDENTIFICADO,SCOOTER_ELECTRICO,TRICIMOTO,VEHICULO_DEPORTIVO_UTILITARIO,SUMA_DE_VEHICULOS,EDAD_1,SEXO_1,CONDICION_1,PARTICIPANTE_1,CASCO_1,CINTURON_1,KMeans_Cluster
35376,152351,152352,2023,0,0,-0.301341,-78.463045,PICHINCHA,QUITO,CONOCOTO,RURAL,2023-08-24,14:00:00,14,JUEVES,4,AGOSTO,8,NO,CONDUCIR VEHICULO SUPERANDO LOS LIMITES MAXIMOS DE VELOCIDAD.,ESTRELLAMIENTOS,AUTOMOVIL,1,0,0,0,0,0,0,0,0,0,0,0,0,1,-1,NO IDENTIFICADO,NO IDENTIFICADO,CONDUCTOR AUSENTE,NO,NO,2
35377,152361,152362,2023,0,0,-0.160551,-78.446901,PICHINCHA,QUITO,NAYON,RURAL,2023-08-24,19:00:00,19,JUEVES,4,AGOSTO,8,NO,CONDUCIR VEHICULO SUPERANDO LOS LIMITES MAXIMOS DE VELOCIDAD.,COLISION,CAMIONETA,2,0,0,0,1,0,0,0,0,0,0,0,0,3,35,HOMBRE,ILESO,CONDUCTOR PRESENTE,NO,NO,3
35378,152366,152367,2023,2,0,-0.310211,-78.443122,PICHINCHA,RUMINIAHUI,SANGOLQUI,RURAL,2023-08-24,20:25:00,20,JUEVES,4,AGOSTO,8,NO,NO TRANSITAR POR LAS ACERAS O ZONAS DE SEGURIDAD DESTINADAS PARA EL EFECTO.,ATROPELLOS,NO IDENTIFICADO,0,0,0,0,0,0,0,0,0,1,0,0,0,1,19,HOMBRE,LESIONADO,CONDUCTOR PRESENTE,NO,SI,3
35379,152371,152372,2023,2,0,-0.288242,-78.538121,PICHINCHA,QUITO,QUITO,URBANA,2023-08-24,23:00:00,23,JUEVES,4,AGOSTO,8,NO,CONDUCIR VEHICULO SUPERANDO LOS LIMITES MAXIMOS DE VELOCIDAD.,PERDIDA DE CARRIL,MOTOCICLETA,0,0,0,0,0,0,0,0,1,0,0,0,0,1,26,HOMBRE,LESIONADO,PASAJERO,NO,NO,1
35380,152375,152376,2023,0,0,-0.323702,-78.556475,PICHINCHA,QUITO,QUITO,URBANA,2023-08-25,01:00:00,1,VIERNES,5,AGOSTO,8,NO,NO MANTENER LA DISTANCIA PRUDENCIAL CON RESPECTO AL VEHICULO QUE LE ANTECEDE.,CHOQUE POSTERIOR,AUTOMOVIL,2,0,0,0,0,0,0,0,0,0,0,0,0,2,25,HOMBRE,ILESO,CONDUCTOR PRESENTE,NO,NO,1
35381,152378,152379,2023,1,0,-0.108641,-78.477902,PICHINCHA,QUITO,QUITO,URBANA,2023-08-25,02:50:00,2,VIERNES,5,AGOSTO,8,NO,CONDUCIR VEHICULO SUPERANDO LOS LIMITES MAXIMOS DE VELOCIDAD.,ESTRELLAMIENTOS,AUTOMOVIL,1,0,0,0,0,0,0,0,0,0,0,0,0,1,32,HOMBRE,LESIONADO,PASAJERO,NO,NO,1
35382,152379,152380,2023,0,0,-0.191024,-78.479658,PICHINCHA,QUITO,QUITO,URBANA,2023-08-25,04:10:00,4,VIERNES,5,AGOSTO,8,NO,"CONDUCIR EN ESTADO DE SOMNOLENCIA O MALAS CONDICIONES FISICAS (SUENIO, CANSANCIO Y FATIGA).",ESTRELLAMIENTOS,CAMIONETA,0,0,0,0,1,0,0,0,0,0,0,0,0,1,34,HOMBRE,ILESO,CONDUCTOR PRESENTE,NO,NO,1
35383,152388,152389,2023,0,0,-0.195884,-78.494878,PICHINCHA,QUITO,QUITO,URBANA,2023-08-25,07:45:00,7,VIERNES,5,AGOSTO,8,NO,"NO RESPETAR LAS SENIALES REGLAMENTARIAS DE TRANSITO. (PARE, CEDA EL PASO, LUZ ROJA DEL SEMAFORO, ETC).",CHOQUE LATERAL,AUTOMOVIL,2,0,0,0,0,0,0,0,0,0,0,0,0,2,22,HOMBRE,ILESO,CONDUCTOR PRESENTE,NO,NO,1
35384,152389,152390,2023,0,0,-0.231801,-78.503891,PICHINCHA,QUITO,QUITO,URBANA,2023-08-25,07:50:00,7,VIERNES,5,AGOSTO,8,NO,"CONDUCE BAJO LA INFLUENCIA DE ALCOHOL, SUSTANCIAS ESTUPEFACIENTES O PSICOTROPICAS Y/O MEDICAMENTOS.",CHOQUE LATERAL,AUTOMOVIL,2,0,0,0,0,0,0,0,0,0,0,0,0,2,31,HOMBRE,ILESO,CONDUCTOR PRESENTE,NO,NO,1
35385,152393,152394,2023,0,2,0.258086,-79.281992,PICHINCHA,PUERTO QUITO,PUERTO QUITO,RURAL,2023-08-25,09:00:00,9,VIERNES,5,AGOSTO,8,NO,"CONDUCIR DESATENTO A LAS CONDICIONES DE TRANSITO (CELULAR, PANTALLAS DE VIDEO, COMIDA, MAQUILLAJE O CUALQUIER OTRO ELEMENTO DISTRACTOR).",ATROPELLOS,CAMION,0,0,0,1,0,0,0,0,0,0,0,0,0,1,37,HOMBRE,FALLECIDO,PASAJERO,NO,SI,3
35386,152395,152396,2023,0,0,-0.204455,-78.504624,PICHINCHA,QUITO,QUITO,URBANA,2023-08-25,09:20:00,9,VIERNES,5,AGOSTO,8,NO,"NO RESPETAR LAS SENIALES REGLAMENTARIAS DE TRANSITO. (PARE, CEDA EL PASO, LUZ ROJA DEL SEMAFORO, ETC).",CHOQUE LATERAL,CAMIONETA,1,0,0,0,1,0,0,0,0,0,0,0,0,2,32,HOMBRE,ILESO,CONDUCTOR PRESENTE,NO,NO,1
35387,152398,152399,2023,0,0,-0.325781,-78.546021,PICHINCHA,QUITO,QUITO,URBANA,2023-08-25,11:45:00,11,VIERNES,5,AGOSTO,8,NO,"FALLA MECANICA EN LOS SISTEMAS Y/O NEUMATICOS (SISTEMA DE FRENOS, DIRECCION, ELECTRONICO O MECANICO).",ESTRELLAMIENTOS,CAMION,0,0,0,1,0,0,0,1,0,0,0,0,0,2,-1,NO IDENTIFICADO,NO IDENTIFICADO,CONDUCTOR AUSENTE,NO,NO,2
35388,152400,152401,2023,1,0,-0.338651,-78.218798,PICHINCHA,QUITO,PIFO,RURAL,2023-08-25,12:30:00,12,VIERNES,5,AGOSTO,8,NO,CONDUCIR VEHICULO SUPERANDO LOS LIMITES MAXIMOS DE VELOCIDAD.,PERDIDA DE PISTA,CAMIONETA,0,0,0,0,1,0,0,0,0,0,0,0,0,1,61,HOMBRE,LESIONADO,CONDUCTOR PRESENTE,NO,SI,3
35389,152407,152408,2023,0,0,-0.256632,-78.557578,PICHINCHA,QUITO,QUITO,URBANA,2023-08-25,15:00:00,15,VIERNES,5,AGOSTO,8,NO,CONDUCIR VEHICULO SUPERANDO LOS LIMITES MAXIMOS DE VELOCIDAD.,ESTRELLAMIENTOS,BUS,1,0,1,0,0,0,0,0,0,0,0,0,0,2,51,HOMBRE,ILESO,CONDUCTOR PRESENTE,NO,NO,1
35390,152408,152409,2023,0,0,-0.226461,-78.506756,PICHINCHA,QUITO,QUITO,URBANA,2023-08-25,15:10:00,15,VIERNES,5,AGOSTO,8,NO,NO GUARDAR LA DISTANCIA LATERAL MINIMA DE SEGURIDAD ENTRE VEHICULOS.,ROZAMIENTOS,AUTOMOVIL,2,0,0,0,0,0,0,0,0,0,0,0,0,2,25,HOMBRE,ILESO,CONDUCTOR PRESENTE,NO,NO,1
35391,152417,152418,2023,0,1,0.043871,-78.153755,PICHINCHA,CAYAMBE,CAYAMBE,RURAL,2023-08-25,19:00:00,19,VIERNES,5,AGOSTO,8,NO,"CONDUCIR DESATENTO A LAS CONDICIONES DE TRANSITO (CELULAR, PANTALLAS DE VIDEO, COMIDA, MAQUILLAJE O CUALQUIER OTRO ELEMENTO DISTRACTOR).",CHOQUE LATERAL,MOTOCICLETA,0,0,0,0,0,0,0,0,1,0,0,0,0,1,18,HOMBRE,FALLECIDO,CONDUCTOR PRESENTE,NO,SI,3
35392,152425,152426,2023,0,0,-0.195682,-78.494913,PICHINCHA,QUITO,QUITO,URBANA,2023-08-25,22:30:00,22,VIERNES,5,AGOSTO,8,NO,"CONDUCIR EN ESTADO DE SOMNOLENCIA O MALAS CONDICIONES FISICAS (SUENIO, CANSANCIO Y FATIGA).",ESTRELLAMIENTOS,AUTOMOVIL,1,0,0,0,0,0,0,0,0,0,0,0,0,1,29,MUJER,ILESO,CONDUCTOR PRESENTE,NO,NO,1
35393,152430,152431,2023,1,0,-0.080027,-78.413741,PICHINCHA,QUITO,CALDERON (CARAPUNGO),RURAL,2023-08-26,00:30:00,0,SABADO,6,AGOSTO,8,NO,"NO RESPETAR LAS SENIALES REGLAMENTARIAS DE TRANSITO. (PARE, CEDA EL PASO, LUZ ROJA DEL SEMAFORO, ETC).",CHOQUE LATERAL,CAMIONETA,1,0,0,0,1,0,0,0,0,0,0,0,0,2,27,HOMBRE,LESIONADO,CONDUCTOR PRESENTE,NO,NO,3
35394,152431,152432,2023,0,0,-0.211184,-78.413998,PICHINCHA,QUITO,TUMBACO,RURAL,2023-08-26,01:15:00,1,SABADO,6,AGOSTO,8,NO,CONDUCIR VEHICULO SUPERANDO LOS LIMITES MAXIMOS DE VELOCIDAD.,ESTRELLAMIENTOS,CAMIONETA,0,0,0,0,1,0,0,0,0,0,0,0,0,1,-1,NO IDENTIFICADO,NO IDENTIFICADO,CONDUCTOR AUSENTE,NO,NO,2
35395,152432,152433,2023,0,0,-0.206081,-78.460298,PICHINCHA,QUITO,QUITO,RURAL,2023-08-26,01:20:00,1,SABADO,6,AGOSTO,8,NO,CONDUCIR VEHICULO SUPERANDO LOS LIMITES MAXIMOS DE VELOCIDAD.,ESTRELLAMIENTOS,AUTOMOVIL,1,0,0,0,0,0,0,0,0,0,0,0,0,1,34,HOMBRE,ILESO,CONDUCTOR PRESENTE,NO,NO,3
35396,152434,152435,2023,1,0,-0.377248,-78.502221,PICHINCHA,QUITO,AMAGUANIA,RURAL,2023-08-26,02:30:00,2,SABADO,6,AGOSTO,8,NO,MALAS CONDICIONES DE LA VIA Y/O CONFIGURACION. (ILUMINACION Y DISENIO).,ROZAMIENTOS,NO IDENTIFICADO,0,0,0,0,0,0,0,0,0,1,0,0,0,1,17,HOMBRE,LESIONADO,PASAJERO,NO,SI,3
35397,152438,152439,2023,14,2,-0.464416,-78.576651,PICHINCHA,MEJIA,ALOAG,RURAL,2023-08-26,03:30:00,3,SABADO,6,AGOSTO,8,NO,"CONDUCIR DESATENTO A LAS CONDICIONES DE TRANSITO (CELULAR, PANTALLAS DE VIDEO, COMIDA, MAQUILLAJE O CUALQUIER OTRO ELEMENTO DISTRACTOR).",PERDIDA DE CARRIL,BUS,0,0,1,0,0,0,0,0,0,0,0,0,0,1,-1,HOMBRE,FALLECIDO,CONDUCTOR PRESENTE,NO,NO,3
35398,152439,152440,2023,0,0,-0.217367,-78.443972,PICHINCHA,QUITO,CUMBAYA,RURAL,2023-08-26,03:56:00,3,SABADO,6,AGOSTO,8,NO,CONDUCIR VEHICULO SUPERANDO LOS LIMITES MAXIMOS DE VELOCIDAD.,ESTRELLAMIENTOS,AUTOMOVIL,1,0,0,0,0,0,0,0,0,0,0,0,0,1,-1,NO IDENTIFICADO,NO IDENTIFICADO,CONDUCTOR AUSENTE,NO,NO,2
35399,152441,152442,2023,2,0,-0.145211,-78.483363,PICHINCHA,QUITO,QUITO,URBANA,2023-08-26,04:10:00,4,SABADO,6,AGOSTO,8,NO,CONDUCIR VEHICULO SUPERANDO LOS LIMITES MAXIMOS DE VELOCIDAD.,ESTRELLAMIENTOS,AUTOMOVIL,1,0,0,0,0,0,0,0,0,0,0,0,0,1,22,HOMBRE,LESIONADO,CONDUCTOR PRESENTE,NO,NO,1
35400,152443,152444,2023,0,0,-0.217893,-78.504693,PICHINCHA,QUITO,QUITO,URBANA,2023-08-26,05:00:00,5,SABADO,6,AGOSTO,8,NO,"CONDUCE BAJO LA INFLUENCIA DE ALCOHOL, SUSTANCIAS ESTUPEFACIENTES O PSICOTROPICAS Y/O MEDICAMENTOS.",ESTRELLAMIENTOS,AUTOMOVIL,1,0,0,0,0,0,0,0,0,0,0,0,0,1,43,HOMBRE,ILESO,CONDUCTOR PRESENTE,NO,NO,1
35401,152444,152445,2023,3,1,-0.318346,-78.557546,PICHINCHA,QUITO,QUITO,URBANA,2023-08-26,05:05:00,5,SABADO,6,AGOSTO,8,NO,REALIZAR CAMBIO BRUSCO O INDEBIDO DE CARRIL.,CHOQUE FRONTAL,CAMIONETA,1,0,0,0,1,0,0,0,0,0,0,0,0,2,48,HOMBRE,FALLECIDO,CONDUCTOR PRESENTE,NO,NO,1
35402,152447,152448,2023,0,1,-0.149322,-78.503623,PICHINCHA,QUITO,QUITO,URBANA,2023-08-26,05:52:00,5,SABADO,6,AGOSTO,8,NO,NO CEDER EL DERECHO DE VIA O PREFERENCIA DE PASO AL PEATON.,ARROLLAMIENTOS,NO IDENTIFICADO,0,0,0,0,0,0,0,0,0,1,0,0,0,1,34,MUJER,FALLECIDO,PEATON,NO,NO,1
35403,152451,152452,2023,0,0,-0.109264,-78.489085,PICHINCHA,QUITO,QUITO,URBANA,2023-08-26,06:40:00,6,SABADO,6,AGOSTO,8,NO,CONDUCIR VEHICULO SUPERANDO LOS LIMITES MAXIMOS DE VELOCIDAD.,ESTRELLAMIENTOS,AUTOMOVIL,1,0,0,0,0,0,0,0,0,0,0,0,0,1,-1,NO IDENTIFICADO,NO IDENTIFICADO,CONDUCTOR AUSENTE,NO,NO,2
35404,152454,152455,2023,0,0,-0.229201,-78.518801,PICHINCHA,QUITO,QUITO,URBANA,2023-08-26,07:40:00,7,SABADO,6,AGOSTO,8,NO,CONDUCIR VEHICULO SUPERANDO LOS LIMITES MAXIMOS DE VELOCIDAD.,ESTRELLAMIENTOS,AUTOMOVIL,1,0,0,0,0,0,0,0,0,0,0,0,0,1,51,HOMBRE,ILESO,CONDUCTOR PRESENTE,NO,NO,1
35405,152456,152457,2023,1,0,-0.235549,-78.472601,PICHINCHA,QUITO,QUITO,URBANA,2023-08-26,08:00:00,8,SABADO,6,AGOSTO,8,NO,CONDUCIR VEHICULO SUPERANDO LOS LIMITES MAXIMOS DE VELOCIDAD.,PERDIDA DE CARRIL,MOTOCICLETA,0,0,0,0,0,0,0,0,1,0,0,0,0,1,21,HOMBRE,LESIONADO,CONDUCTOR PRESENTE,NO,NO,1
35406,152457,152458,2023,0,1,-0.123731,-78.496776,PICHINCHA,QUITO,QUITO,URBANA,2023-08-26,08:45:00,8,SABADO,6,AGOSTO,8,NO,CONDUCIR VEHICULO SUPERANDO LOS LIMITES MAXIMOS DE VELOCIDAD.,OTROS,MOTOCICLETA,2,0,0,0,0,0,0,0,1,0,0,0,0,3,35,HOMBRE,FALLECIDO,CONDUCTOR PRESENTE,NO,NO,1
35407,152460,152461,2023,1,0,-0.251591,-78.507747,PICHINCHA,QUITO,QUITO,URBANA,2023-08-26,10:15:00,10,SABADO,6,AGOSTO,8,NO,NO CEDER EL DERECHO DE VIA O PREFERENCIA DE PASO AL PEATON.,ATROPELLOS,AUTOMOVIL,1,0,0,0,0,0,0,0,0,0,0,0,0,1,30,HOMBRE,LESIONADO,PEATON,NO,NO,1
35408,152462,152463,2023,0,0,-0.197632,-78.481995,PICHINCHA,QUITO,QUITO,URBANA,2023-08-26,10:30:00,10,SABADO,6,AGOSTO,8,NO,"NO RESPETAR LAS SENIALES REGLAMENTARIAS DE TRANSITO. (PARE, CEDA EL PASO, LUZ ROJA DEL SEMAFORO, ETC).",CHOQUE LATERAL,AUTOMOVIL,2,0,0,0,0,0,0,0,0,0,0,0,0,2,57,HOMBRE,ILESO,CONDUCTOR PRESENTE,NO,NO,1
35409,152465,152466,2023,0,0,-0.228476,-78.527358,PICHINCHA,QUITO,QUITO,URBANA,2023-08-26,11:25:00,11,SABADO,6,AGOSTO,8,NO,CONDUCIR VEHICULO SUPERANDO LOS LIMITES MAXIMOS DE VELOCIDAD.,ESTRELLAMIENTOS,CAMION,0,0,0,1,0,0,0,0,0,0,0,0,0,1,64,HOMBRE,ILESO,CONDUCTOR PRESENTE,NO,NO,1
35410,152467,152468,2023,0,0,-0.283371,-78.469897,PICHINCHA,QUITO,CONOCOTO,RURAL,2023-08-26,12:10:00,12,SABADO,6,AGOSTO,8,NO,"CONDUCIR DESATENTO A LAS CONDICIONES DE TRANSITO (CELULAR, PANTALLAS DE VIDEO, COMIDA, MAQUILLAJE O CUALQUIER OTRO ELEMENTO DISTRACTOR).",PERDIDA DE PISTA,VEHICULO DEPORTIVO UTILITARIO,0,0,0,0,0,0,0,0,0,0,0,0,1,1,32,HOMBRE,ILESO,CONDUCTOR PRESENTE,NO,SI,3
35411,152469,152470,2023,0,0,-0.300982,-78.558734,PICHINCHA,QUITO,QUITO,URBANA,2023-08-26,12:40:00,12,SABADO,6,AGOSTO,8,NO,CONDUCIR VEHICULO SUPERANDO LOS LIMITES MAXIMOS DE VELOCIDAD.,ESTRELLAMIENTOS,BUS,0,0,1,0,1,0,0,0,0,0,0,0,0,2,39,HOMBRE,ILESO,CONDUCTOR PRESENTE,NO,NO,1
35412,152472,152473,2023,2,0,-0.281736,-78.556631,PICHINCHA,QUITO,QUITO,URBANA,2023-08-26,13:35:00,13,SABADO,6,AGOSTO,8,NO,"CONDUCE BAJO LA INFLUENCIA DE ALCOHOL, SUSTANCIAS ESTUPEFACIENTES O PSICOTROPICAS Y/O MEDICAMENTOS.",ATROPELLOS,AUTOMOVIL,1,0,0,0,0,0,0,0,0,0,0,0,0,1,61,HOMBRE,LESIONADO,CONDUCTOR PRESENTE,NO,NO,1
35413,152476,152477,2023,1,0,-0.195206,-78.508059,PICHINCHA,QUITO,QUITO,URBANA,2023-08-26,14:15:00,14,SABADO,6,AGOSTO,8,NO,NO CEDER EL DERECHO DE VIA O PREFERENCIA DE PASO AL PEATON.,ATROPELLOS,MOTOCICLETA,0,0,0,0,0,0,0,0,1,0,0,0,0,1,80,HOMBRE,LESIONADO,PEATON,NO,NO,1
35414,152482,152483,2023,1,0,-0.253798,-78.518401,PICHINCHA,QUITO,QUITO,URBANA,2023-08-26,15:50:00,15,SABADO,6,AGOSTO,8,NO,NO TRANSITAR POR LAS ACERAS O ZONAS DE SEGURIDAD DESTINADAS PARA EL EFECTO.,ATROPELLOS,NO IDENTIFICADO,0,0,0,0,0,0,0,0,0,1,0,0,0,1,56,HOMBRE,LESIONADO,PEATON,NO,NO,1
35415,152483,152484,2023,0,0,-0.224859,-78.411505,PICHINCHA,QUITO,TUMBACO,RURAL,2023-08-26,16:00:00,16,SABADO,6,AGOSTO,8,NO,"CONDICIONES AMBIENTALES Y/O ATMOSFERICAS (NIEBLA, NEBLINA, GRANIZO, LLUVIA).",CHOQUE POSTERIOR,AUTOMOVIL,2,0,0,0,0,0,0,0,0,0,0,0,0,2,41,HOMBRE,ILESO,CONDUCTOR PRESENTE,NO,NO,3
35416,152484,152485,2023,4,0,-0.099344,-78.427701,PICHINCHA,QUITO,CALDERON (CARAPUNGO),RURAL,2023-08-26,16:00:00,16,SABADO,6,AGOSTO,8,NO,"CONDUCE BAJO LA INFLUENCIA DE ALCOHOL, SUSTANCIAS ESTUPEFACIENTES O PSICOTROPICAS Y/O MEDICAMENTOS.",ATROPELLOS,FURGONETA,0,0,0,0,0,0,0,1,0,0,0,0,0,1,36,HOMBRE,LESIONADO,PASAJERO,NO,NO,3
35417,152488,152489,2023,0,0,-0.235483,-78.471993,PICHINCHA,QUITO,QUITO,RURAL,2023-08-26,16:50:00,16,SABADO,6,AGOSTO,8,NO,"CONDUCE BAJO LA INFLUENCIA DE ALCOHOL, SUSTANCIAS ESTUPEFACIENTES O PSICOTROPICAS Y/O MEDICAMENTOS.",COLISION,AUTOMOVIL,3,0,0,0,0,0,0,0,0,0,0,0,0,3,31,HOMBRE,ILESO,CONDUCTOR PRESENTE,NO,NO,3
35418,152492,152493,2023,0,0,-0.286917,-78.556202,PICHINCHA,QUITO,QUITO,URBANA,2023-08-26,18:15:00,18,SABADO,6,AGOSTO,8,NO,CONDUCIR VEHICULO SUPERANDO LOS LIMITES MAXIMOS DE VELOCIDAD.,ESTRELLAMIENTOS,AUTOMOVIL,1,0,0,0,0,0,0,0,0,0,0,0,0,1,27,MUJER,ILESO,CONDUCTOR PRESENTE,NO,NO,1
35419,152498,152499,2023,0,1,-0.188068,-78.511392,PICHINCHA,QUITO,QUITO,URBANA,2023-08-26,19:10:00,19,SABADO,6,AGOSTO,8,NO,PEATON QUE CRUZA LA CALZADA SIN RESPETAR LA SENIALIZACION EXISTENTE (SEMAFOROS O SENIALES MANUALES).,ATROPELLOS,MOTOCICLETA,0,0,0,0,0,0,0,0,1,1,0,0,0,2,42,HOMBRE,FALLECIDO,PEATON,NO,NO,1
35420,152499,152500,2023,2,0,-0.198872,-78.511961,PICHINCHA,QUITO,QUITO,URBANA,2023-08-26,19:13:00,19,SABADO,6,AGOSTO,8,NO,NO MANTENER LA DISTANCIA PRUDENCIAL CON RESPECTO AL VEHICULO QUE LE ANTECEDE.,CHOQUE POSTERIOR,MOTOCICLETA,0,0,0,0,0,0,0,0,1,1,0,0,0,2,31,HOMBRE,LESIONADO,CONDUCTOR PRESENTE,NO,NO,1
35421,152503,152504,2023,1,0,-0.318228,-78.553747,PICHINCHA,QUITO,QUITO,URBANA,2023-08-26,20:00:00,20,SABADO,6,AGOSTO,8,NO,NO TRANSITAR POR LAS ACERAS O ZONAS DE SEGURIDAD DESTINADAS PARA EL EFECTO.,ATROPELLOS,NO IDENTIFICADO,0,0,0,0,0,0,0,0,0,1,0,0,0,1,17,MUJER,LESIONADO,PEATON,NO,NO,1
35422,152510,152511,2023,1,0,-0.215303,-78.392551,PICHINCHA,QUITO,TUMBACO,RURAL,2023-08-26,21:30:00,21,SABADO,6,AGOSTO,8,NO,CONDUCIR VEHICULO SUPERANDO LOS LIMITES MAXIMOS DE VELOCIDAD.,OTROS,MOTOCICLETA,0,0,0,0,0,0,0,0,1,1,0,0,0,2,29,HOMBRE,LESIONADO,CONDUCTOR PRESENTE,NO,NO,3
35423,152518,152519,2023,0,1,-0.063489,-78.425938,PICHINCHA,QUITO,CALDERON (CARAPUNGO),RURAL,2023-08-27,00:05:00,0,DOMINGO,7,AGOSTO,8,NO,CONDUCIR VEHICULO SUPERANDO LOS LIMITES MAXIMOS DE VELOCIDAD.,PERDIDA DE CARRIL,MOTOCICLETA,0,0,0,0,0,0,0,0,1,0,0,0,0,1,26,HOMBRE,FALLECIDO,CONDUCTOR PRESENTE,NO,NO,3
35424,152519,152520,2023,0,1,-0.328548,-78.389905,PICHINCHA,QUITO,LA MERCED,RURAL,2023-08-27,00:35:00,0,DOMINGO,7,AGOSTO,8,NO,CONDUCIR VEHICULO SUPERANDO LOS LIMITES MAXIMOS DE VELOCIDAD.,CHOQUE POSTERIOR,AUTOMOVIL,1,0,0,0,0,0,0,0,0,0,0,0,0,1,29,HOMBRE,FALLECIDO,CONDUCTOR PRESENTE,NO,SI,3
35425,152530,152531,2023,0,0,-0.387226,-78.515462,PICHINCHA,QUITO,AMAGUANIA,RURAL,2023-08-27,01:35:00,1,DOMINGO,7,AGOSTO,8,NO,"CONDUCE BAJO LA INFLUENCIA DE ALCOHOL, SUSTANCIAS ESTUPEFACIENTES O PSICOTROPICAS Y/O MEDICAMENTOS.",CHOQUE POSTERIOR,CAMIONETA,1,0,0,0,1,0,0,0,0,0,0,0,0,2,42,HOMBRE,ILESO,CONDUCTOR PRESENTE,NO,SI,3
35426,152534,152535,2023,1,0,-0.151775,-78.497807,PICHINCHA,QUITO,QUITO,URBANA,2023-08-27,03:10:00,3,DOMINGO,7,AGOSTO,8,NO,"NO RESPETAR LAS SENIALES REGLAMENTARIAS DE TRANSITO. (PARE, CEDA EL PASO, LUZ ROJA DEL SEMAFORO, ETC).",OTROS,AUTOMOVIL,1,0,0,0,0,0,0,0,0,1,0,0,0,2,28,HOMBRE,LESIONADO,CONDUCTOR PRESENTE,NO,NO,1
35427,152540,152541,2023,0,0,-0.193175,-78.477694,PICHINCHA,QUITO,QUITO,URBANA,2023-08-27,05:03:00,5,DOMINGO,7,AGOSTO,8,NO,CONDUCIR VEHICULO SUPERANDO LOS LIMITES MAXIMOS DE VELOCIDAD.,OTROS,AUTOMOVIL,1,0,0,0,0,0,0,0,0,0,0,0,0,1,-1,NO IDENTIFICADO,NO IDENTIFICADO,CONDUCTOR AUSENTE,NO,NO,2
35428,152544,152545,2023,0,0,-0.199482,-78.459165,PICHINCHA,QUITO,QUITO,URBANA,2023-08-27,06:05:00,6,DOMINGO,7,AGOSTO,8,NO,CONDUCIR VEHICULO SUPERANDO LOS LIMITES MAXIMOS DE VELOCIDAD.,PERDIDA DE CARRIL,AUTOMOVIL,1,0,0,0,0,0,0,0,0,0,0,0,0,1,-1,NO IDENTIFICADO,NO IDENTIFICADO,CONDUCTOR AUSENTE,NO,NO,2
35429,152552,152553,2023,0,0,-0.164434,-78.483523,PICHINCHA,QUITO,QUITO,URBANA,2023-08-27,07:30:00,7,DOMINGO,7,AGOSTO,8,NO,CONDUCIR VEHICULO SUPERANDO LOS LIMITES MAXIMOS DE VELOCIDAD.,ESTRELLAMIENTOS,FURGONETA,0,0,0,0,0,0,0,1,0,0,0,0,0,1,-1,NO IDENTIFICADO,NO IDENTIFICADO,CONDUCTOR AUSENTE,NO,NO,2
35430,152567,152568,2023,3,0,-0.338478,-78.549491,PICHINCHA,QUITO,QUITO,URBANA,2023-08-27,13:45:00,13,DOMINGO,7,AGOSTO,8,NO,NO CEDER EL DERECHO DE VIA O PREFERENCIA DE PASO AL PEATON.,ATROPELLOS,NO IDENTIFICADO,0,0,0,0,0,0,0,0,0,1,0,0,0,1,51,HOMBRE,LESIONADO,PASAJERO,NO,NO,1
35431,152584,152585,2023,0,0,-0.278254,-78.521471,PICHINCHA,QUITO,QUITO,URBANA,2023-08-27,19:00:00,19,DOMINGO,7,AGOSTO,8,NO,CONDUCIR VEHICULO SUPERANDO LOS LIMITES MAXIMOS DE VELOCIDAD.,OTROS,AUTOMOVIL,2,0,0,0,0,0,0,0,0,0,0,0,0,2,37,HOMBRE,ILESO,CONDUCTOR PRESENTE,NO,NO,1
35432,152589,152590,2023,0,0,-0.267691,-78.527415,PICHINCHA,QUITO,QUITO,URBANA,2023-08-27,20:05:00,20,DOMINGO,7,AGOSTO,8,NO,NO MANTENER LA DISTANCIA PRUDENCIAL CON RESPECTO AL VEHICULO QUE LE ANTECEDE.,CHOQUE POSTERIOR,AUTOMOVIL,2,0,0,0,0,0,0,0,0,0,0,0,0,2,36,HOMBRE,ILESO,CONDUCTOR PRESENTE,NO,NO,1
35433,152593,152594,2023,1,0,-0.340395,-78.549116,PICHINCHA,QUITO,QUITO,URBANA,2023-08-27,20:45:00,20,DOMINGO,7,AGOSTO,8,NO,CONDUCIR VEHICULO SUPERANDO LOS LIMITES MAXIMOS DE VELOCIDAD.,VOLCAMIENTOS,MOTOCICLETA,0,0,0,0,0,0,0,0,1,0,0,0,0,1,35,HOMBRE,LESIONADO,PASAJERO,NO,NO,1
35434,152602,152603,2023,1,0,-0.095307,-78.469311,PICHINCHA,QUITO,QUITO,URBANA,2023-08-28,01:10:00,1,LUNES,1,AGOSTO,8,NO,CONDUCIR VEHICULO SUPERANDO LOS LIMITES MAXIMOS DE VELOCIDAD.,PERDIDA DE CARRIL,MOTOCICLETA,0,0,0,0,0,0,0,0,1,0,0,0,0,1,28,HOMBRE,LESIONADO,CONDUCTOR PRESENTE,NO,NO,1