,Unnamed: 0,ID,ANIO,LESIONADOS,FALLECIDOS,LATITUD_Y,LONGITUD_X,PROVINCIA,CANTON,PARROQUIA,ZONA,FECHA,HORA,PERIODO_2,DIA_1,DIA_2,MES_1,MES_2,FERIADO,CAUSA_PROBABLE,TIPO_DE_SINIESTRO,TIPO_DE_VEHICULO_1,AUTOMOVIL,BICICLETA,BUS,CAMION,CAMIONETA,EMERGENCIAS,ESPECIAL,FURGONETA,MOTOCICLETA,NO_IDENTIFICADO,SCOOTER_ELECTRICO,TRICIMOTO,VEHICULO_DEPORTIVO_UTILITARIO,SUMA_DE_VEHICULOS,EDAD_1,SEXO_1,CONDICION_1,PARTICIPANTE_1,CASCO_1,CINTURON_1,KMeans_Cluster
35435,152604,152605,2023,1,0,-0.332331,-78.434317,PICHINCHA,RUMINIAHUI,SANGOLQUI,RURAL,2023-08-28,01:40:00,1,LUNES,1,AGOSTO,8,NO,CONDUCIR VEHICULO SUPERANDO LOS LIMITES MAXIMOS DE VELOCIDAD.,PERDIDA DE CARRIL,MOTOCICLETA,0,0,0,0,0,0,0,0,1,0,0,0,0,1,40,HOMBRE,LESIONADO,CONDUCTOR PRESENTE,NO,SI,3
35436,152606,152607,2023,0,0,-0.119506,-78.506537,PICHINCHA,QUITO,QUITO,URBANA,2023-08-28,03:40:00,3,LUNES,1,AGOSTO,8,NO,CONDUCIR VEHICULO SUPERANDO LOS LIMITES MAXIMOS DE VELOCIDAD.,PERDIDA DE CARRIL,AUTOMOVIL,1,0,0,0,0,0,0,0,0,0,0,0,0,1,-1,NO IDENTIFICADO,NO IDENTIFICADO,CONDUCTOR AUSENTE,NO,NO,2
35437,152610,152611,2023,2,0,-0.348322,-78.548812,PICHINCHA,QUITO,QUITO,URBANA,2023-08-28,06:30:00,6,LUNES,1,AGOSTO,8,NO,NO MANTENER LA DISTANCIA PRUDENCIAL CON RESPECTO AL VEHICULO QUE LE ANTECEDE.,CHOQUE POSTERIOR,BUS,0,0,2,0,0,0,0,0,0,0,0,0,0,2,29,HOMBRE,LESIONADO,PASAJERO,NO,NO,1
35438,152612,152613,2023,1,0,-0.284761,-78.518281,PICHINCHA,QUITO,QUITO,URBANA,2023-08-28,07:15:00,7,LUNES,1,AGOSTO,8,NO,CONDUCIR VEHICULO SUPERANDO LOS LIMITES MAXIMOS DE VELOCIDAD.,COLISION,AUTOMOVIL,4,0,0,0,0,0,0,0,0,0,0,0,0,4,41,MUJER,LESIONADO,CONDUCTOR PRESENTE,NO,NO,1
35439,152617,152618,2023,1,1,-0.344189,-78.454742,PICHINCHA,RUMINIAHUI,SANGOLQUI,URBANA,2023-08-28,09:30:00,9,LUNES,1,AGOSTO,8,NO,"CONDUCIR DESATENTO A LAS CONDICIONES DE TRANSITO (CELULAR, PANTALLAS DE VIDEO, COMIDA, MAQUILLAJE O CUALQUIER OTRO ELEMENTO DISTRACTOR).",ATROPELLOS,CAMION,0,0,0,1,0,0,0,0,0,1,0,0,0,2,29,MUJER,FALLECIDO,PASAJERO,NO,SI,1
35440,152619,152620,2023,0,0,-0.102553,-78.489263,PICHINCHA,QUITO,QUITO,URBANA,2023-08-28,10:05:00,10,LUNES,1,AGOSTO,8,NO,CONDUCIR VEHICULO SUPERANDO LOS LIMITES MAXIMOS DE VELOCIDAD.,COLISION,FURGONETA,1,0,0,0,1,0,0,1,0,0,0,0,0,3,40,HOMBRE,ILESO,CONDUCTOR PRESENTE,NO,NO,1
35441,152620,152621,2023,0,0,-0.218512,-78.388612,PICHINCHA,QUITO,TUMBACO,RURAL,2023-08-28,10:20:00,10,LUNES,1,AGOSTO,8,NO,NO MANTENER LA DISTANCIA PRUDENCIAL CON RESPECTO AL VEHICULO QUE LE ANTECEDE.,CHOQUE POSTERIOR,CAMIONETA,1,0,0,0,1,0,0,0,0,0,0,0,0,2,39,HOMBRE,ILESO,CONDUCTOR PRESENTE,NO,NO,3
35442,152622,152623,2023,2,0,-0.198712,-78.498415,PICHINCHA,QUITO,QUITO,URBANA,2023-08-28,11:50:00,11,LUNES,1,AGOSTO,8,NO,"NO RESPETAR LAS SENIALES REGLAMENTARIAS DE TRANSITO. (PARE, CEDA EL PASO, LUZ ROJA DEL SEMAFORO, ETC).",CHOQUE LATERAL,MOTOCICLETA,1,0,0,0,0,0,0,0,1,0,0,0,0,2,29,HOMBRE,LESIONADO,CONDUCTOR PRESENTE,NO,NO,1
35443,152623,152624,2023,0,1,-0.287131,-78.519532,PICHINCHA,QUITO,QUITO,URBANA,2023-08-28,12:15:00,12,LUNES,1,AGOSTO,8,NO,NO TRANSITAR POR LAS ACERAS O ZONAS DE SEGURIDAD DESTINADAS PARA EL EFECTO.,ATROPELLOS,NO IDENTIFICADO,0,0,0,0,0,0,0,0,0,1,0,0,0,1,23,HOMBRE,FALLECIDO,PEATON,NO,NO,1
35444,152630,152631,2023,1,0,-0.261961,-78.522487,PICHINCHA,QUITO,QUITO,URBANA,2023-08-28,16:30:00,16,LUNES,1,AGOSTO,8,NO,REALIZAR CAMBIO BRUSCO O INDEBIDO DE CARRIL.,CHOQUE FRONTAL,MOTOCICLETA,1,0,0,0,0,0,0,0,1,0,0,0,0,2,29,HOMBRE,LESIONADO,CONDUCTOR PRESENTE,NO,NO,1
35445,152636,152637,2023,0,0,-0.288298,-78.540341,PICHINCHA,QUITO,QUITO,URBANA,2023-08-28,19:53:00,19,LUNES,1,AGOSTO,8,NO,CONDUCIR VEHICULO SUPERANDO LOS LIMITES MAXIMOS DE VELOCIDAD.,COLISION,CAMION,2,0,0,1,0,0,0,0,0,1,0,0,0,4,43,HOMBRE,ILESO,CONDUCTOR PRESENTE,NO,NO,1
35446,152641,152642,2023,1,1,-0.105417,-78.433427,PICHINCHA,QUITO,CALDERON (CARAPUNGO),RURAL,2023-08-29,00:30:00,0,MARTES,2,AGOSTO,8,NO,CONDUCIR VEHICULO SUPERANDO LOS LIMITES MAXIMOS DE VELOCIDAD.,ESTRELLAMIENTOS,AUTOMOVIL,1,0,0,0,0,0,0,0,0,0,0,0,0,1,18,HOMBRE,FALLECIDO,CONDUCTOR PRESENTE,NO,NO,3
35447,152645,152646,2023,0,0,-0.095967,-78.453643,PICHINCHA,QUITO,CALDERON (CARAPUNGO),RURAL,2023-08-29,04:30:00,4,MARTES,2,AGOSTO,8,NO,"NO RESPETAR LAS SENIALES REGLAMENTARIAS DE TRANSITO. (PARE, CEDA EL PASO, LUZ ROJA DEL SEMAFORO, ETC).",CHOQUE LATERAL,CAMIONETA,1,0,0,0,1,0,0,0,0,0,0,0,0,2,40,HOMBRE,ILESO,CONDUCTOR PRESENTE,NO,NO,3
35448,152649,152650,2023,2,0,-0.267256,-78.507551,PICHINCHA,QUITO,QUITO,URBANA,2023-08-29,09:20:00,9,MARTES,2,AGOSTO,8,NO,"NO RESPETAR LAS SENIALES REGLAMENTARIAS DE TRANSITO. (PARE, CEDA EL PASO, LUZ ROJA DEL SEMAFORO, ETC).",CHOQUE LATERAL,MOTOCICLETA,0,0,0,0,0,0,0,0,1,1,0,0,0,2,23,HOMBRE,LESIONADO,CONDUCTOR PRESENTE,NO,NO,1
35449,152652,152653,2023,1,0,-0.105911,-78.304221,PICHINCHA,QUITO,EL QUINCHE,RURAL,2023-08-29,10:00:00,10,MARTES,2,AGOSTO,8,NO,"CONDUCIR DESATENTO A LAS CONDICIONES DE TRANSITO (CELULAR, PANTALLAS DE VIDEO, COMIDA, MAQUILLAJE O CUALQUIER OTRO ELEMENTO DISTRACTOR).",ATROPELLOS,MOTOCICLETA,0,0,0,0,0,0,0,0,1,0,0,0,0,1,84,HOMBRE,LESIONADO,PEATON,NO,SI,3
35450,152657,152658,2023,1,0,-0.337227,-78.441494,PICHINCHA,RUMINIAHUI,SANGOLQUI,URBANA,2023-08-29,12:00:00,12,MARTES,2,AGOSTO,8,NO,"CONDUCIR DESATENTO A LAS CONDICIONES DE TRANSITO (CELULAR, PANTALLAS DE VIDEO, COMIDA, MAQUILLAJE O CUALQUIER OTRO ELEMENTO DISTRACTOR).",ARROLLAMIENTOS,BUS,0,0,1,0,0,0,0,0,0,0,0,0,0,1,37,MUJER,LESIONADO,PASAJERO,NO,SI,1
35451,152661,152662,2023,1,0,-0.317439,-78.569989,PICHINCHA,QUITO,QUITO,URBANA,2023-08-29,13:00:00,13,MARTES,2,AGOSTO,8,NO,NO TRANSITAR POR LAS ACERAS O ZONAS DE SEGURIDAD DESTINADAS PARA EL EFECTO.,ATROPELLOS,AUTOMOVIL,1,0,0,0,0,0,0,0,0,0,0,0,0,1,10,MUJER,LESIONADO,PEATON,NO,NO,1
35452,152667,152668,2023,1,0,-0.283294,-78.476502,PICHINCHA,QUITO,CONOCOTO,RURAL,2023-08-29,14:55:00,14,MARTES,2,AGOSTO,8,NO,"NO RESPETAR LAS SENIALES REGLAMENTARIAS DE TRANSITO. (PARE, CEDA EL PASO, LUZ ROJA DEL SEMAFORO, ETC).",CHOQUE LATERAL,MOTOCICLETA,1,0,0,0,0,0,0,0,1,0,0,0,0,2,38,HOMBRE,LESIONADO,CONDUCTOR PRESENTE,NO,NO,3
35453,152675,152676,2023,2,0,-0.292578,-78.463904,PICHINCHA,QUITO,CONOCOTO,RURAL,2023-08-29,18:00:00,18,MARTES,2,AGOSTO,8,NO,"CONDUCIR DESATENTO A LAS CONDICIONES DE TRANSITO (CELULAR, PANTALLAS DE VIDEO, COMIDA, MAQUILLAJE O CUALQUIER OTRO ELEMENTO DISTRACTOR).",CHOQUE POSTERIOR,MOTOCICLETA,1,0,0,0,0,0,0,0,1,0,0,0,0,2,30,HOMBRE,LESIONADO,CONDUCTOR PRESENTE,NO,SI,3
35454,152676,152677,2023,2,0,-0.271157,-78.551971,PICHINCHA,QUITO,QUITO,URBANA,2023-08-29,18:10:00,18,MARTES,2,AGOSTO,8,NO,"NO RESPETAR LAS SENIALES REGLAMENTARIAS DE TRANSITO. (PARE, CEDA EL PASO, LUZ ROJA DEL SEMAFORO, ETC).",CHOQUE LATERAL,BUS,0,0,1,0,0,0,0,0,0,0,1,0,0,2,41,HOMBRE,LESIONADO,CONDUCTOR PRESENTE,NO,NO,1
35455,152678,152679,2023,2,0,-0.122343,-78.500525,PICHINCHA,QUITO,QUITO,URBANA,2023-08-29,19:50:00,19,MARTES,2,AGOSTO,8,NO,"NO RESPETAR LAS SENIALES REGLAMENTARIAS DE TRANSITO. (PARE, CEDA EL PASO, LUZ ROJA DEL SEMAFORO, ETC).",CHOQUE LATERAL,AUTOMOVIL,2,0,0,0,0,0,0,0,0,0,0,0,0,2,40,MUJER,LESIONADO,CONDUCTOR PRESENTE,NO,NO,1
35456,152681,152682,2023,0,0,-0.193847,-78.494127,PICHINCHA,QUITO,QUITO,URBANA,2023-08-29,21:10:00,21,MARTES,2,AGOSTO,8,NO,CONDUCIR VEHICULO SUPERANDO LOS LIMITES MAXIMOS DE VELOCIDAD.,OTROS,CAMION,0,0,0,1,0,0,0,0,0,0,0,0,0,1,35,HOMBRE,ILESO,CONDUCTOR PRESENTE,NO,NO,1
35457,152690,152691,2023,0,0,-0.234171,-78.482851,PICHINCHA,QUITO,QUITO,URBANA,2023-08-30,06:30:00,6,MIERCOLES,3,AGOSTO,8,NO,CONDUCIR VEHICULO SUPERANDO LOS LIMITES MAXIMOS DE VELOCIDAD.,ESTRELLAMIENTOS,BUS,0,0,1,0,0,0,0,0,0,0,0,0,0,1,39,HOMBRE,ILESO,CONDUCTOR PRESENTE,NO,NO,1
35458,152693,152694,2023,0,0,-0.210133,-78.367516,PICHINCHA,QUITO,PUEMBO,RURAL,2023-08-30,06:45:00,6,MIERCOLES,3,AGOSTO,8,NO,"NO RESPETAR LAS SENIALES REGLAMENTARIAS DE TRANSITO. (PARE, CEDA EL PASO, LUZ ROJA DEL SEMAFORO, ETC).",CHOQUE LATERAL,CAMION,0,0,0,1,1,0,0,0,0,0,0,0,0,2,74,HOMBRE,ILESO,CONDUCTOR PRESENTE,NO,NO,3
35459,152700,152701,2023,0,0,-0.218391,-78.508325,PICHINCHA,QUITO,QUITO,URBANA,2023-08-30,13:15:00,13,MIERCOLES,3,AGOSTO,8,NO,CONDUCIR VEHICULO SUPERANDO LOS LIMITES MAXIMOS DE VELOCIDAD.,ESTRELLAMIENTOS,AUTOMOVIL,1,0,0,0,0,0,0,0,0,1,0,0,0,2,40,HOMBRE,ILESO,CONDUCTOR PRESENTE,NO,NO,1
35460,152712,152713,2023,0,0,-0.079742,-78.452291,PICHINCHA,QUITO,QUITO,RURAL,2023-08-30,18:40:00,18,MIERCOLES,3,AGOSTO,8,NO,CONDUCIR VEHICULO SUPERANDO LOS LIMITES MAXIMOS DE VELOCIDAD.,COLISION,AUTOMOVIL,3,0,0,0,0,0,0,0,0,0,0,0,0,3,68,HOMBRE,ILESO,CONDUCTOR PRESENTE,NO,NO,3
35461,152716,152717,2023,0,1,-0.153041,-78.492297,PICHINCHA,QUITO,QUITO,URBANA,2023-08-30,19:34:00,19,MIERCOLES,3,AGOSTO,8,NO,CONDUCIR VEHICULO SUPERANDO LOS LIMITES MAXIMOS DE VELOCIDAD.,PERDIDA DE CARRIL,MOTOCICLETA,0,0,0,0,0,0,0,0,1,0,0,0,0,1,38,HOMBRE,FALLECIDO,CONDUCTOR PRESENTE,NO,NO,1
35462,152718,152719,2023,4,0,-0.211672,-78.440645,PICHINCHA,QUITO,CUMBAYA,RURAL,2023-08-30,19:55:00,19,MIERCOLES,3,AGOSTO,8,NO,"CONDUCE BAJO LA INFLUENCIA DE ALCOHOL, SUSTANCIAS ESTUPEFACIENTES O PSICOTROPICAS Y/O MEDICAMENTOS.",OTROS,CAMIONETA,2,0,0,0,1,0,0,0,0,0,0,0,0,3,51,HOMBRE,LESIONADO,PASAJERO,NO,NO,3
35463,152722,152723,2023,0,2,-0.222972,-78.340412,PICHINCHA,QUITO,PIFO,RURAL,2023-08-30,23:50:00,23,MIERCOLES,3,AGOSTO,8,NO,"CONDUCIR DESATENTO A LAS CONDICIONES DE TRANSITO (CELULAR, PANTALLAS DE VIDEO, COMIDA, MAQUILLAJE O CUALQUIER OTRO ELEMENTO DISTRACTOR).",ARROLLAMIENTOS,NO IDENTIFICADO,0,0,0,0,0,0,0,0,0,1,0,0,0,1,29,HOMBRE,FALLECIDO,CONDUCTOR PRESENTE,NO,SI,3
35464,152725,152726,2023,1,0,0.039578,-78.146747,PICHINCHA,CAYAMBE,CAYAMBE,RURAL,2023-08-31,05:10:00,5,JUEVES,4,AGOSTO,8,NO,CONDUCIR VEHICULO SUPERANDO LOS LIMITES MAXIMOS DE VELOCIDAD.,CHOQUE LATERAL,CAMIONETA,1,0,0,0,1,0,0,0,0,0,0,0,0,2,20,HOMBRE,LESIONADO,PASAJERO,NO,SI,3
35465,152728,152729,2023,0,0,-0.073747,-78.477793,PICHINCHA,QUITO,POMASQUI,RURAL,2023-08-31,06:00:00,6,JUEVES,4,AGOSTO,8,NO,CONDUCIR VEHICULO SUPERANDO LOS LIMITES MAXIMOS DE VELOCIDAD.,ESTRELLAMIENTOS,AUTOMOVIL,1,0,0,0,0,0,0,0,0,0,0,0,0,1,-1,NO IDENTIFICADO,NO IDENTIFICADO,CONDUCTOR AUSENTE,NO,NO,2
35466,152731,152732,2023,2,0,-0.336337,-78.549932,PICHINCHA,QUITO,QUITO,URBANA,2023-08-31,06:40:00,6,JUEVES,4,AGOSTO,8,NO,NO CEDER EL DERECHO DE VIA O PREFERENCIA DE PASO AL PEATON.,ATROPELLOS,MOTOCICLETA,0,0,0,0,0,0,0,0,1,0,0,0,0,1,17,MUJER,LESIONADO,PEATON,NO,NO,1
35467,152734,152735,2023,2,0,-0.246086,-78.534234,PICHINCHA,QUITO,QUITO,URBANA,2023-08-31,07:42:00,7,JUEVES,4,AGOSTO,8,NO,"CONDUCE BAJO LA INFLUENCIA DE ALCOHOL, SUSTANCIAS ESTUPEFACIENTES O PSICOTROPICAS Y/O MEDICAMENTOS.",CHOQUE LATERAL,BUS,1,0,1,0,0,0,0,0,0,0,0,0,0,2,29,HOMBRE,LESIONADO,CONDUCTOR PRESENTE,NO,NO,1
35468,152736,152737,2023,1,0,-0.139802,-78.470031,PICHINCHA,QUITO,QUITO,URBANA,2023-08-31,08:40:00,8,JUEVES,4,AGOSTO,8,NO,PEATON QUE CRUZA LA CALZADA SIN RESPETAR LA SENIALIZACION EXISTENTE (SEMAFOROS O SENIALES MANUALES).,ATROPELLOS,AUTOMOVIL,1,0,0,0,0,0,0,0,0,0,0,0,0,1,65,MUJER,LESIONADO,PEATON,NO,NO,1
35469,152739,152740,2023,0,0,-0.210756,-78.500885,PICHINCHA,QUITO,QUITO,URBANA,2023-08-31,10:30:00,10,JUEVES,4,AGOSTO,8,NO,MALAS CONDICIONES DE LA VIA Y/O CONFIGURACION. (ILUMINACION Y DISENIO).,PERDIDA DE CARRIL,AUTOMOVIL,1,0,0,0,0,0,0,0,0,0,0,0,0,1,68,MUJER,ILESO,PASAJERO,NO,NO,1
35470,152740,152741,2023,0,0,-0.210213,-78.457967,PICHINCHA,QUITO,QUITO,RURAL,2023-08-31,11:15:00,11,JUEVES,4,AGOSTO,8,NO,REALIZAR CAMBIO BRUSCO O INDEBIDO DE CARRIL.,ROZAMIENTOS,AUTOMOVIL,2,0,0,0,0,0,0,0,0,0,0,0,0,2,49,HOMBRE,ILESO,CONDUCTOR PRESENTE,NO,NO,3
35471,152744,152745,2023,0,0,-0.223571,-78.510911,PICHINCHA,QUITO,QUITO,URBANA,2023-08-31,13:00:00,13,JUEVES,4,AGOSTO,8,NO,NO CEDER EL DERECHO DE VIA O PREFERENCIA DE PASO A VEHICULOS.,ESTRELLAMIENTOS,BUS,0,0,1,0,0,0,0,0,0,0,0,0,0,1,35,HOMBRE,ILESO,CONDUCTOR PRESENTE,NO,NO,1
35472,152745,152746,2023,1,0,-0.332006,-78.874677,PICHINCHA,MEJIA,MANUEL CORNEJO ASTORGA,RURAL,2023-08-31,13:20:00,13,JUEVES,4,AGOSTO,8,NO,NO MANTENER LA DISTANCIA PRUDENCIAL CON RESPECTO AL VEHICULO QUE LE ANTECEDE.,CHOQUE POSTERIOR,CAMION,0,0,0,1,0,0,0,0,0,0,0,0,1,2,-1,HOMBRE,LESIONADO,PASAJERO,NO,NO,3
35473,152746,152747,2023,1,0,0.034101,-78.801896,PICHINCHA,QUITO,GUALEA,RURAL,2023-08-31,13:20:00,13,JUEVES,4,AGOSTO,8,NO,"CASO FORTUITO O FUERZA MAYOR (EXPLOSION DE NEUMATICO NUEVO, DERRUMBE, INUNDACION, CAIDA DE PUENTE, ARBOL, PRESENCIA INTEMPESTIVA E IMPREVISTA DE SEMOVIENTES EN LA VIA, ETC.).",PERDIDA DE CARRIL,CAMION,0,0,0,1,0,0,0,0,0,0,0,0,0,1,48,HOMBRE,LESIONADO,CONDUCTOR PRESENTE,NO,NO,3
35474,152750,152751,2023,1,0,-0.271584,-78.543378,PICHINCHA,QUITO,QUITO,URBANA,2023-08-31,16:10:00,16,JUEVES,4,AGOSTO,8,NO,"NO RESPETAR LAS SENIALES REGLAMENTARIAS DE TRANSITO. (PARE, CEDA EL PASO, LUZ ROJA DEL SEMAFORO, ETC).",CHOQUE LATERAL,MOTOCICLETA,1,0,0,0,0,0,0,0,1,0,0,0,0,2,39,HOMBRE,LESIONADO,CONDUCTOR PRESENTE,NO,NO,1
35475,152752,152753,2023,1,0,-0.198679,-78.496191,PICHINCHA,QUITO,QUITO,URBANA,2023-08-31,16:55:00,16,JUEVES,4,AGOSTO,8,NO,PEATON QUE CRUZA LA CALZADA SIN RESPETAR LA SENIALIZACION EXISTENTE (SEMAFOROS O SENIALES MANUALES).,ATROPELLOS,BUS,0,0,1,0,0,0,0,0,0,0,0,0,0,1,24,HOMBRE,LESIONADO,PEATON,NO,NO,1
35476,152756,152757,2023,0,0,-0.144169,-78.469958,PICHINCHA,QUITO,QUITO,URBANA,2023-08-31,18:15:00,18,JUEVES,4,AGOSTO,8,NO,CONDUCIR EN SENTIDO CONTRARIO A LA VIA NORMAL DE CIRCULACION.,CHOQUE FRONTAL,AUTOMOVIL,2,0,0,0,0,0,0,0,0,0,0,0,0,2,43,HOMBRE,ILESO,CONDUCTOR PRESENTE,NO,NO,1
35477,152759,152760,2023,2,0,-0.289949,-78.537585,PICHINCHA,QUITO,QUITO,URBANA,2023-08-31,20:00:00,20,JUEVES,4,AGOSTO,8,NO,CONDUCIR VEHICULO SUPERANDO LOS LIMITES MAXIMOS DE VELOCIDAD.,CHOQUE LATERAL,MOTOCICLETA,0,0,0,0,0,0,0,0,1,1,0,0,0,2,20,HOMBRE,LESIONADO,CONDUCTOR PRESENTE,SI,NO,1
35478,152760,152761,2023,4,0,-0.128786,-78.468631,PICHINCHA,QUITO,QUITO,URBANA,2023-08-31,20:00:00,20,JUEVES,4,AGOSTO,8,NO,REALIZAR CAMBIO BRUSCO O INDEBIDO DE CARRIL.,CHOQUE FRONTAL,AUTOMOVIL,2,0,0,0,0,0,0,0,0,0,0,0,0,2,49,HOMBRE,LESIONADO,PASAJERO,NO,NO,1
35479,152770,152771,2023,0,0,-0.158312,-78.497722,PICHINCHA,QUITO,QUITO,URBANA,2023-09-01,00:30:00,0,VIERNES,5,SEPTIEMBRE,9,NO,CONDUCIR VEHICULO SUPERANDO LOS LIMITES MAXIMOS DE VELOCIDAD.,ESTRELLAMIENTOS,AUTOMOVIL,1,0,0,0,0,0,0,0,0,0,0,0,0,1,-1,NO IDENTIFICADO,NO IDENTIFICADO,CONDUCTOR AUSENTE,NO,NO,2
35480,152774,152775,2023,0,0,-0.188428,-78.492202,PICHINCHA,QUITO,QUITO,URBANA,2023-09-01,01:50:00,1,VIERNES,5,SEPTIEMBRE,9,NO,"NO RESPETAR LAS SENIALES REGLAMENTARIAS DE TRANSITO. (PARE, CEDA EL PASO, LUZ ROJA DEL SEMAFORO, ETC).",CHOQUE LATERAL,CAMIONETA,1,0,0,0,1,0,0,0,0,0,0,0,0,2,29,HOMBRE,ILESO,CONDUCTOR PRESENTE,NO,NO,1
35481,152777,152778,2023,1,0,-0.301485,-78.542232,PICHINCHA,QUITO,QUITO,URBANA,2023-09-01,02:30:00,2,VIERNES,5,SEPTIEMBRE,9,NO,PEATON QUE CRUZA LA CALZADA SIN RESPETAR LA SENIALIZACION EXISTENTE (SEMAFOROS O SENIALES MANUALES).,ATROPELLOS,NO IDENTIFICADO,0,0,0,0,0,0,0,0,0,1,0,0,0,1,31,HOMBRE,LESIONADO,PEATON,NO,NO,1
35482,152780,152781,2023,0,0,-0.207546,-78.503202,PICHINCHA,QUITO,QUITO,URBANA,2023-09-01,03:50:00,3,VIERNES,5,SEPTIEMBRE,9,NO,CONDUCIR VEHICULO SUPERANDO LOS LIMITES MAXIMOS DE VELOCIDAD.,PERDIDA DE CARRIL,MOTOCICLETA,0,0,0,0,0,0,0,0,1,0,0,0,0,1,-1,NO IDENTIFICADO,NO IDENTIFICADO,CONDUCTOR AUSENTE,NO,NO,2
35483,152784,152785,2023,1,0,-0.354755,-78.549166,PICHINCHA,QUITO,QUITO,URBANA,2023-09-01,05:45:00,5,VIERNES,5,SEPTIEMBRE,9,NO,PEATON QUE CRUZA LA CALZADA SIN RESPETAR LA SENIALIZACION EXISTENTE (SEMAFOROS O SENIALES MANUALES).,ATROPELLOS,NO IDENTIFICADO,0,0,0,0,0,0,0,0,0,1,0,0,0,1,58,MUJER,LESIONADO,PEATON,NO,NO,1
35484,152787,152788,2023,0,0,-0.286013,-78.537693,PICHINCHA,QUITO,QUITO,URBANA,2023-09-01,07:00:00,7,VIERNES,5,SEPTIEMBRE,9,NO,CONDUCIR VEHICULO SUPERANDO LOS LIMITES MAXIMOS DE VELOCIDAD.,OTROS,AUTOMOVIL,1,0,0,0,0,0,0,0,0,0,0,0,0,1,-1,NO IDENTIFICADO,NO IDENTIFICADO,CONDUCTOR AUSENTE,NO,NO,2
35485,152789,152790,2023,0,0,-0.441502,-78.693041,PICHINCHA,MEJIA,ALOAG,RURAL,2023-09-01,08:30:00,8,VIERNES,5,SEPTIEMBRE,9,NO,"CONDUCIR DESATENTO A LAS CONDICIONES DE TRANSITO (CELULAR, PANTALLAS DE VIDEO, COMIDA, MAQUILLAJE O CUALQUIER OTRO ELEMENTO DISTRACTOR).",PERDIDA DE CARRIL,CAMION,0,0,0,1,0,0,0,0,0,0,0,0,0,1,56,HOMBRE,ILESO,CONDUCTOR PRESENTE,NO,NO,3
35486,152794,152795,2023,0,0,-0.210953,-78.404467,PICHINCHA,QUITO,TUMBACO,RURAL,2023-09-01,10:47:00,10,VIERNES,5,SEPTIEMBRE,9,NO,"NO RESPETAR LAS SENIALES REGLAMENTARIAS DE TRANSITO. (PARE, CEDA EL PASO, LUZ ROJA DEL SEMAFORO, ETC).",CHOQUE LATERAL,CAMIONETA,1,0,0,0,1,0,0,0,0,0,0,0,0,2,35,HOMBRE,ILESO,CONDUCTOR PRESENTE,NO,NO,3
35487,152796,152797,2023,0,0,-0.144183,-78.499791,PICHINCHA,QUITO,QUITO,URBANA,2023-09-01,11:50:00,11,VIERNES,5,SEPTIEMBRE,9,NO,CONDUCIR VEHICULO SUPERANDO LOS LIMITES MAXIMOS DE VELOCIDAD.,COLISION,CAMIONETA,2,0,0,0,1,0,0,0,0,0,0,0,0,3,36,HOMBRE,ILESO,CONDUCTOR PRESENTE,NO,NO,1
35488,152798,152799,2023,0,0,-0.149723,-78.492777,PICHINCHA,QUITO,QUITO,URBANA,2023-09-01,13:00:00,13,VIERNES,5,SEPTIEMBRE,9,NO,"NO RESPETAR LAS SENIALES REGLAMENTARIAS DE TRANSITO. (PARE, CEDA EL PASO, LUZ ROJA DEL SEMAFORO, ETC).",OTROS,AUTOMOVIL,1,0,0,0,0,0,0,0,0,0,0,0,0,1,-1,NO IDENTIFICADO,NO IDENTIFICADO,CONDUCTOR AUSENTE,NO,NO,2
35489,152802,152803,2023,0,0,-0.145251,-78.469398,PICHINCHA,QUITO,QUITO,URBANA,2023-09-01,14:10:00,14,VIERNES,5,SEPTIEMBRE,9,NO,NO CEDER EL DERECHO DE VIA O PREFERENCIA DE PASO A VEHICULOS.,CHOQUE LATERAL,AUTOMOVIL,2,0,0,0,0,0,0,0,0,0,0,0,0,2,52,HOMBRE,ILESO,CONDUCTOR PRESENTE,NO,NO,1
35490,152813,152814,2023,12,0,-0.449411,-78.585734,PICHINCHA,MEJIA,ALOAG,RURAL,2023-09-01,16:20:00,16,VIERNES,5,SEPTIEMBRE,9,NO,"CONDICIONES AMBIENTALES Y/O ATMOSFERICAS (NIEBLA, NEBLINA, GRANIZO, LLUVIA).",VOLCAMIENTOS,BUS,0,0,1,0,0,0,0,0,0,0,0,0,0,1,43,HOMBRE,LESIONADO,PASAJERO,NO,SI,3
35491,152814,152815,2023,0,0,-0.138739,-78.501358,PICHINCHA,QUITO,QUITO,URBANA,2023-09-01,16:40:00,16,VIERNES,5,SEPTIEMBRE,9,NO,CONDUCIR VEHICULO SUPERANDO LOS LIMITES MAXIMOS DE VELOCIDAD.,COLISION,AUTOMOVIL,4,0,0,0,0,0,0,0,0,0,0,0,0,4,56,HOMBRE,ILESO,CONDUCTOR PRESENTE,NO,NO,1
35492,152820,152821,2023,0,0,-0.170184,-78.487251,PICHINCHA,QUITO,QUITO,URBANA,2023-09-01,18:00:00,18,VIERNES,5,SEPTIEMBRE,9,NO,NO MANTENER LA DISTANCIA PRUDENCIAL CON RESPECTO AL VEHICULO QUE LE ANTECEDE.,CHOQUE POSTERIOR,AUTOMOVIL,2,0,0,0,0,0,0,0,0,0,0,0,0,2,29,HOMBRE,ILESO,CONDUCTOR PRESENTE,NO,NO,1