,Unnamed: 0,ID,ANIO,LESIONADOS,FALLECIDOS,LATITUD_Y,LONGITUD_X,PROVINCIA,CANTON,PARROQUIA,ZONA,FECHA,HORA,PERIODO_2,DIA_1,DIA_2,MES_1,MES_2,FERIADO,CAUSA_PROBABLE,TIPO_DE_SINIESTRO,TIPO_DE_VEHICULO_1,AUTOMOVIL,BICICLETA,BUS,CAMION,CAMIONETA,EMERGENCIAS,ESPECIAL,FURGONETA,MOTOCICLETA,NO_IDENTIFICADO,SCOOTER_ELECTRICO,TRICIMOTO,VEHICULO_DEPORTIVO_UTILITARIO,SUMA_DE_VEHICULOS,EDAD_1,SEXO_1,CONDICION_1,PARTICIPANTE_1,CASCO_1,CINTURON_1,KMeans_Cluster
35549,153122,153123,2023,0,0,-0.257512,-78.539369,PICHINCHA,QUITO,QUITO,URBANA,2023-09-06,09:47:00,9,MIERCOLES,3,SEPTIEMBRE,9,NO,"NO RESPETAR LAS SENIALES REGLAMENTARIAS DE TRANSITO. (PARE, CEDA EL PASO, LUZ ROJA DEL SEMAFORO, ETC).",CHOQUE LATERAL,MOTOCICLETA,1,0,0,0,0,0,0,0,1,0,0,0,0,2,28,HOMBRE,ILESO,CONDUCTOR PRESENTE,NO,NO,1
35550,153129,153130,2023,0,0,-0.059307,-78.345233,PICHINCHA,QUITO,GUAYLLABAMBA,RURAL,2023-09-06,14:45:00,14,MIERCOLES,3,SEPTIEMBRE,9,NO,CONDUCIR VEHICULO SUPERANDO LOS LIMITES MAXIMOS DE VELOCIDAD.,ESTRELLAMIENTOS,AUTOMOVIL,1,0,0,0,0,0,0,0,0,0,0,0,0,1,-1,NO IDENTIFICADO,NO IDENTIFICADO,CONDUCTOR AUSENTE,NO,NO,2
35551,153150,153151,2023,1,0,-0.181131,-78.454013,PICHINCHA,QUITO,QUITO,URBANA,2023-09-06,19:50:00,19,MIERCOLES,3,SEPTIEMBRE,9,NO,NO CEDER EL DERECHO DE VIA O PREFERENCIA DE PASO AL PEATON.,ATROPELLOS,NO IDENTIFICADO,0,0,0,0,0,0,0,0,0,1,0,0,0,1,19,HOMBRE,LESIONADO,PEATON,NO,NO,1
35552,153151,153152,2023,1,0,-0.257795,-78.515957,PICHINCHA,QUITO,QUITO,URBANA,2023-09-06,20:15:00,20,MIERCOLES,3,SEPTIEMBRE,9,NO,PEATON QUE CRUZA LA CALZADA SIN RESPETAR LA SENIALIZACION EXISTENTE (SEMAFOROS O SENIALES MANUALES).,ATROPELLOS,NO IDENTIFICADO,0,0,0,0,0,0,0,0,0,1,0,0,0,1,11,HOMBRE,LESIONADO,PEATON,NO,NO,1
35553,153153,153154,2023,0,0,-0.279848,-78.475833,PICHINCHA,QUITO,CONOCOTO,RURAL,2023-09-06,20:30:00,20,MIERCOLES,3,SEPTIEMBRE,9,NO,REALIZAR CAMBIO BRUSCO O INDEBIDO DE CARRIL.,ROZAMIENTOS,CAMIONETA,1,0,0,0,1,0,0,0,0,0,0,0,0,2,62,HOMBRE,ILESO,CONDUCTOR PRESENTE,NO,NO,3
35554,153154,153155,2023,1,0,-0.303622,-78.542751,PICHINCHA,QUITO,QUITO,URBANA,2023-09-06,20:40:00,20,MIERCOLES,3,SEPTIEMBRE,9,NO,NO CEDER EL DERECHO DE VIA O PREFERENCIA DE PASO AL PEATON.,ATROPELLOS,NO IDENTIFICADO,0,0,0,0,0,0,0,0,0,1,0,0,0,1,22,MUJER,LESIONADO,PEATON,NO,NO,1
35555,153156,153157,2023,0,0,-0.321798,-78.562496,PICHINCHA,QUITO,QUITO,URBANA,2023-09-06,22:00:00,22,MIERCOLES,3,SEPTIEMBRE,9,NO,"CONDUCE BAJO LA INFLUENCIA DE ALCOHOL, SUSTANCIAS ESTUPEFACIENTES O PSICOTROPICAS Y/O MEDICAMENTOS.",ESTRELLAMIENTOS,CAMION,0,0,0,1,0,0,0,0,0,0,0,0,0,1,50,HOMBRE,ILESO,CONDUCTOR PRESENTE,NO,NO,1
35556,153160,153161,2023,0,0,-0.292066,-78.557787,PICHINCHA,QUITO,QUITO,URBANA,2023-09-07,01:50:00,1,JUEVES,4,SEPTIEMBRE,9,NO,CONDUCIR VEHICULO SUPERANDO LOS LIMITES MAXIMOS DE VELOCIDAD.,OTROS,AUTOMOVIL,1,0,0,0,0,0,0,0,0,0,0,0,0,1,-1,NO IDENTIFICADO,NO IDENTIFICADO,CONDUCTOR AUSENTE,NO,NO,2
35557,153161,153162,2023,1,0,-0.108726,-78.474123,PICHINCHA,QUITO,QUITO,URBANA,2023-09-07,03:30:00,3,JUEVES,4,SEPTIEMBRE,9,NO,CONDUCIR VEHICULO SUPERANDO LOS LIMITES MAXIMOS DE VELOCIDAD.,PERDIDA DE CARRIL,MOTOCICLETA,0,0,0,0,0,0,0,0,1,0,0,0,0,1,36,MUJER,LESIONADO,PASAJERO,NO,NO,1
35558,153164,153165,2023,1,0,-0.237811,-78.514871,PICHINCHA,QUITO,QUITO,URBANA,2023-09-07,06:45:00,6,JUEVES,4,SEPTIEMBRE,9,NO,NO CEDER EL DERECHO DE VIA O PREFERENCIA DE PASO AL PEATON.,ATROPELLOS,AUTOMOVIL,1,0,0,0,0,0,0,0,0,0,0,0,0,1,16,MUJER,LESIONADO,PEATON,NO,NO,1
35559,153166,153167,2023,1,0,-0.259927,-78.535768,PICHINCHA,QUITO,QUITO,URBANA,2023-09-07,07:05:00,7,JUEVES,4,SEPTIEMBRE,9,NO,NO CEDER EL DERECHO DE VIA O PREFERENCIA DE PASO AL PEATON.,ATROPELLOS,NO IDENTIFICADO,0,0,0,0,0,0,0,0,0,1,0,0,0,1,85,MUJER,LESIONADO,PEATON,NO,NO,1
35560,153172,153173,2023,0,0,-0.206657,-78.493232,PICHINCHA,QUITO,QUITO,URBANA,2023-09-07,12:25:00,12,JUEVES,4,SEPTIEMBRE,9,NO,"CONDUCIR DESATENTO A LAS CONDICIONES DE TRANSITO (CELULAR, PANTALLAS DE VIDEO, COMIDA, MAQUILLAJE O CUALQUIER OTRO ELEMENTO DISTRACTOR).",CHOQUE LATERAL,BUS,1,0,1,0,0,0,0,0,0,0,0,0,0,2,57,HOMBRE,ILESO,CONDUCTOR PRESENTE,NO,NO,1
35561,153183,153184,2023,0,0,-0.233101,-78.502881,PICHINCHA,QUITO,QUITO,URBANA,2023-09-07,16:38:00,16,JUEVES,4,SEPTIEMBRE,9,NO,NO MANTENER LA DISTANCIA PRUDENCIAL CON RESPECTO AL VEHICULO QUE LE ANTECEDE.,CHOQUE POSTERIOR,CAMION,1,0,0,1,0,0,0,0,0,0,0,0,0,2,39,HOMBRE,ILESO,CONDUCTOR PRESENTE,NO,NO,1
35562,153184,153185,2023,0,0,-0.195662,-78.432827,PICHINCHA,QUITO,CUMBAYA,RURAL,2023-09-07,16:57:00,16,JUEVES,4,SEPTIEMBRE,9,NO,"CONDUCIR DESATENTO A LAS CONDICIONES DE TRANSITO (CELULAR, PANTALLAS DE VIDEO, COMIDA, MAQUILLAJE O CUALQUIER OTRO ELEMENTO DISTRACTOR).",ESTRELLAMIENTOS,AUTOMOVIL,2,0,0,0,0,0,0,0,0,0,0,0,0,2,51,MUJER,ILESO,CONDUCTOR PRESENTE,NO,NO,3
35563,153190,153191,2023,0,0,-0.224459,-78.407433,PICHINCHA,QUITO,TUMBACO,RURAL,2023-09-07,18:30:00,18,JUEVES,4,SEPTIEMBRE,9,NO,NO MANTENER LA DISTANCIA PRUDENCIAL CON RESPECTO AL VEHICULO QUE LE ANTECEDE.,CHOQUE POSTERIOR,MOTOCICLETA,1,0,0,0,0,0,0,0,1,0,0,0,0,2,24,HOMBRE,ILESO,CONDUCTOR PRESENTE,NO,NO,3
35564,153192,153193,2023,2,0,-0.337047,-78.545257,PICHINCHA,QUITO,QUITO,URBANA,2023-09-07,19:10:00,19,JUEVES,4,SEPTIEMBRE,9,NO,NO CEDER EL DERECHO DE VIA O PREFERENCIA DE PASO A VEHICULOS.,CHOQUE LATERAL,MOTOCICLETA,0,0,0,0,1,0,0,0,1,0,0,0,0,2,31,HOMBRE,LESIONADO,CONDUCTOR PRESENTE,NO,NO,1
35565,153195,153196,2023,1,0,-0.064124,-78.416634,PICHINCHA,QUITO,CALDERON (CARAPUNGO),RURAL,2023-09-07,20:50:00,20,JUEVES,4,SEPTIEMBRE,9,NO,NO CEDER EL DERECHO DE VIA O PREFERENCIA DE PASO A VEHICULOS.,CHOQUE LATERAL,MOTOCICLETA,1,0,0,0,0,0,0,0,1,0,0,0,0,2,24,MUJER,LESIONADO,CONDUCTOR PRESENTE,NO,NO,3
35566,153198,153199,2023,1,0,-0.214358,-78.464016,PICHINCHA,QUITO,QUITO,RURAL,2023-09-07,23:30:00,23,JUEVES,4,SEPTIEMBRE,9,NO,CONDUCIR VEHICULO SUPERANDO LOS LIMITES MAXIMOS DE VELOCIDAD.,PERDIDA DE CARRIL,AUTOMOVIL,1,0,0,0,0,0,0,0,0,0,0,0,0,1,26,HOMBRE,LESIONADO,PASAJERO,NO,NO,3
35567,153201,153202,2023,0,0,-0.129358,-78.481362,PICHINCHA,QUITO,QUITO,URBANA,2023-09-08,00:19:00,0,VIERNES,5,SEPTIEMBRE,9,NO,"CONDUCE BAJO LA INFLUENCIA DE ALCOHOL, SUSTANCIAS ESTUPEFACIENTES O PSICOTROPICAS Y/O MEDICAMENTOS.",COLISION,CAMIONETA,2,0,0,0,1,0,0,0,0,0,0,0,0,3,26,HOMBRE,ILESO,CONDUCTOR PRESENTE,NO,NO,1
35568,153203,153204,2023,1,1,-0.104563,-78.453798,PICHINCHA,QUITO,CALDERON (CARAPUNGO),RURAL,2023-09-08,00:45:00,0,VIERNES,5,SEPTIEMBRE,9,NO,"NO RESPETAR LAS SENIALES REGLAMENTARIAS DE TRANSITO. (PARE, CEDA EL PASO, LUZ ROJA DEL SEMAFORO, ETC).",CHOQUE LATERAL,MOTOCICLETA,0,0,0,0,0,0,0,0,2,0,0,0,0,2,22,HOMBRE,FALLECIDO,CONDUCTOR PRESENTE,NO,NO,3
35569,153207,153208,2023,0,0,-0.276853,-78.542336,PICHINCHA,QUITO,QUITO,URBANA,2023-09-08,01:30:00,1,VIERNES,5,SEPTIEMBRE,9,NO,CONDUCIR VEHICULO SUPERANDO LOS LIMITES MAXIMOS DE VELOCIDAD.,ESTRELLAMIENTOS,NO IDENTIFICADO,0,0,0,0,0,0,0,0,0,1,0,0,0,1,-1,NO IDENTIFICADO,NO IDENTIFICADO,CONDUCTOR AUSENTE,NO,NO,2
35570,153210,153211,2023,0,0,-0.214961,-78.516978,PICHINCHA,QUITO,QUITO,URBANA,2023-09-08,02:00:00,2,VIERNES,5,SEPTIEMBRE,9,NO,CONDUCIR VEHICULO SUPERANDO LOS LIMITES MAXIMOS DE VELOCIDAD.,OTROS,AUTOMOVIL,1,0,0,0,0,0,0,0,0,0,0,0,0,1,-1,NO IDENTIFICADO,NO IDENTIFICADO,CONDUCTOR AUSENTE,NO,NO,2
35571,153214,153215,2023,0,0,-0.143321,-78.504925,PICHINCHA,QUITO,QUITO,URBANA,2023-09-08,04:29:00,4,VIERNES,5,SEPTIEMBRE,9,NO,CONDUCIR VEHICULO SUPERANDO LOS LIMITES MAXIMOS DE VELOCIDAD.,ESTRELLAMIENTOS,AUTOMOVIL,1,0,0,0,0,0,0,0,0,0,0,0,0,1,-1,NO IDENTIFICADO,NO IDENTIFICADO,CONDUCTOR AUSENTE,NO,NO,2
35572,153220,153221,2023,3,0,-0.104211,-78.422256,PICHINCHA,QUITO,CALDERON (CARAPUNGO),RURAL,2023-09-08,06:40:00,6,VIERNES,5,SEPTIEMBRE,9,NO,NO TRANSITAR POR LAS ACERAS O ZONAS DE SEGURIDAD DESTINADAS PARA EL EFECTO.,ATROPELLOS,MOTOCICLETA,0,0,0,0,0,0,0,0,1,0,0,0,0,1,70,HOMBRE,LESIONADO,PEATON,NO,NO,3
35573,153221,153222,2023,2,0,-0.381632,-78.505403,PICHINCHA,QUITO,AMAGUANIA,RURAL,2023-09-08,07:00:00,7,VIERNES,5,SEPTIEMBRE,9,NO,CONDUCIR VEHICULO SUPERANDO LOS LIMITES MAXIMOS DE VELOCIDAD.,ATROPELLOS,NO IDENTIFICADO,0,0,0,0,0,0,0,0,0,1,0,0,0,1,51,MUJER,LESIONADO,PEATON,NO,SI,3
35574,153225,153226,2023,1,0,-0.282626,-78.557241,PICHINCHA,QUITO,QUITO,URBANA,2023-09-08,08:10:00,8,VIERNES,5,SEPTIEMBRE,9,NO,CONDUCIR VEHICULO SUPERANDO LOS LIMITES MAXIMOS DE VELOCIDAD.,OTROS,NO IDENTIFICADO,0,0,0,0,0,0,0,0,0,1,0,0,0,1,23,HOMBRE,LESIONADO,PASAJERO,NO,NO,1
35575,153228,153229,2023,0,0,-0.161612,-78.447563,PICHINCHA,QUITO,NAYON,RURAL,2023-09-08,08:45:00,8,VIERNES,5,SEPTIEMBRE,9,NO,CONDUCIR VEHICULO SUPERANDO LOS LIMITES MAXIMOS DE VELOCIDAD.,ESTRELLAMIENTOS,CAMION,1,0,0,1,1,0,0,0,0,0,0,0,0,3,50,HOMBRE,ILESO,CONDUCTOR PRESENTE,NO,NO,3
35576,153233,153234,2023,0,0,-0.271905,-78.514802,PICHINCHA,QUITO,QUITO,URBANA,2023-09-08,10:30:00,10,VIERNES,5,SEPTIEMBRE,9,NO,CONDUCIR VEHICULO SUPERANDO LOS LIMITES MAXIMOS DE VELOCIDAD.,ESTRELLAMIENTOS,BUS,1,0,1,0,0,0,0,0,0,0,0,0,0,2,28,HOMBRE,ILESO,CONDUCTOR PRESENTE,NO,NO,1
35577,153236,153237,2023,2,0,-0.116691,-78.453102,PICHINCHA,QUITO,CALDERON (CARAPUNGO),RURAL,2023-09-08,11:40:00,11,VIERNES,5,SEPTIEMBRE,9,NO,NO MANTENER LA DISTANCIA PRUDENCIAL CON RESPECTO AL VEHICULO QUE LE ANTECEDE.,CHOQUE POSTERIOR,BUS,1,0,1,0,0,0,0,0,0,0,0,0,0,2,20,HOMBRE,LESIONADO,CONDUCTOR PRESENTE,NO,NO,3
35578,153238,153239,2023,1,0,-0.297171,-78.551493,PICHINCHA,QUITO,QUITO,URBANA,2023-09-08,11:50:00,11,VIERNES,5,SEPTIEMBRE,9,NO,NO CEDER EL DERECHO DE VIA O PREFERENCIA DE PASO AL PEATON.,ATROPELLOS,NO IDENTIFICADO,0,0,0,0,0,0,0,0,0,1,0,0,0,1,54,HOMBRE,LESIONADO,PEATON,NO,NO,1
35579,153240,153241,2023,1,0,-0.239132,-78.510318,PICHINCHA,QUITO,QUITO,URBANA,2023-09-08,12:00:00,12,VIERNES,5,SEPTIEMBRE,9,NO,CONDUCIR VEHICULO SUPERANDO LOS LIMITES MAXIMOS DE VELOCIDAD.,CAIDA DE PASAJERO,BUS,0,0,1,0,0,0,0,0,0,0,0,0,0,1,35,MUJER,LESIONADO,PASAJERO,NO,NO,1
35580,153244,153245,2023,0,0,-0.315451,-78.566695,PICHINCHA,QUITO,QUITO,URBANA,2023-09-08,13:10:00,13,VIERNES,5,SEPTIEMBRE,9,NO,CONDUCIR VEHICULO SUPERANDO LOS LIMITES MAXIMOS DE VELOCIDAD.,ESTRELLAMIENTOS,CAMIONETA,1,0,0,0,1,0,0,0,0,0,0,0,0,2,-1,NO IDENTIFICADO,NO IDENTIFICADO,CONDUCTOR AUSENTE,NO,NO,2
35581,153248,153249,2023,0,0,-0.250147,-78.536994,PICHINCHA,QUITO,QUITO,URBANA,2023-09-08,14:40:00,14,VIERNES,5,SEPTIEMBRE,9,NO,NO MANTENER LA DISTANCIA PRUDENCIAL CON RESPECTO AL VEHICULO QUE LE ANTECEDE.,CHOQUE POSTERIOR,CAMIONETA,1,0,0,0,1,0,0,0,0,0,0,0,0,2,51,HOMBRE,ILESO,CONDUCTOR PRESENTE,NO,NO,1
35582,153251,153252,2023,6,0,-0.197112,-78.497902,PICHINCHA,QUITO,QUITO,URBANA,2023-09-08,16:00:00,16,VIERNES,5,SEPTIEMBRE,9,NO,"NO RESPETAR LAS SENIALES REGLAMENTARIAS DE TRANSITO. (PARE, CEDA EL PASO, LUZ ROJA DEL SEMAFORO, ETC).",CHOQUE LATERAL,BUS,1,0,1,0,0,0,0,0,0,0,0,0,0,2,29,HOMBRE,LESIONADO,PASAJERO,NO,NO,1
35583,153252,153253,2023,0,0,-0.131328,-78.451531,PICHINCHA,QUITO,QUITO,URBANA,2023-09-08,16:15:00,16,VIERNES,5,SEPTIEMBRE,9,NO,CONDUCIR VEHICULO SUPERANDO LOS LIMITES MAXIMOS DE VELOCIDAD.,ESTRELLAMIENTOS,AUTOMOVIL,1,0,0,0,0,0,0,0,0,0,0,0,0,1,-1,NO IDENTIFICADO,NO IDENTIFICADO,CONDUCTOR AUSENTE,NO,NO,2
35584,153259,153260,2023,1,0,-0.204004,-78.376969,PICHINCHA,QUITO,TUMBACO,RURAL,2023-09-08,18:25:00,18,VIERNES,5,SEPTIEMBRE,9,NO,"NO RESPETAR LAS SENIALES REGLAMENTARIAS DE TRANSITO. (PARE, CEDA EL PASO, LUZ ROJA DEL SEMAFORO, ETC).",OTROS,MOTOCICLETA,2,0,0,0,0,0,0,0,1,0,0,0,0,3,21,HOMBRE,LESIONADO,CONDUCTOR PRESENTE,NO,NO,3
35585,153271,153272,2023,1,0,-0.144697,-78.474708,PICHINCHA,QUITO,QUITO,URBANA,2023-09-08,20:30:00,20,VIERNES,5,SEPTIEMBRE,9,NO,"NO RESPETAR LAS SENIALES REGLAMENTARIAS DE TRANSITO. (PARE, CEDA EL PASO, LUZ ROJA DEL SEMAFORO, ETC).",CHOQUE LATERAL,MOTOCICLETA,1,0,0,0,0,0,0,0,1,0,0,0,0,2,31,HOMBRE,LESIONADO,CONDUCTOR PRESENTE,NO,NO,1
35586,153277,153278,2023,2,0,-0.325866,-78.560377,PICHINCHA,QUITO,QUITO,URBANA,2023-09-08,21:50:00,21,VIERNES,5,SEPTIEMBRE,9,NO,"CONDUCE BAJO LA INFLUENCIA DE ALCOHOL, SUSTANCIAS ESTUPEFACIENTES O PSICOTROPICAS Y/O MEDICAMENTOS.",CHOQUE POSTERIOR,MOTOCICLETA,1,0,0,0,0,0,0,0,1,0,0,0,0,2,37,HOMBRE,LESIONADO,PASAJERO,NO,NO,1
35587,153286,153287,2023,1,0,0.038601,-78.148466,PICHINCHA,CAYAMBE,CAYAMBE,URBANA,2023-09-09,01:10:00,1,SABADO,6,SEPTIEMBRE,9,NO,CONDUCIR VEHICULO SUPERANDO LOS LIMITES MAXIMOS DE VELOCIDAD.,CHOQUE LATERAL,VEHICULO DEPORTIVO UTILITARIO,0,0,0,0,0,0,0,0,0,0,0,0,1,1,18,HOMBRE,LESIONADO,CONDUCTOR PRESENTE,NO,SI,1
35588,153287,153288,2023,0,0,-0.278268,-78.514269,PICHINCHA,QUITO,QUITO,URBANA,2023-09-09,01:30:00,1,SABADO,6,SEPTIEMBRE,9,NO,CONDUCIR VEHICULO SUPERANDO LOS LIMITES MAXIMOS DE VELOCIDAD.,ESTRELLAMIENTOS,CAMIONETA,0,0,0,0,1,0,0,0,0,0,0,0,0,1,-1,NO IDENTIFICADO,NO IDENTIFICADO,CONDUCTOR AUSENTE,NO,NO,2
35589,153288,153289,2023,1,0,-0.288851,-78.541563,PICHINCHA,QUITO,QUITO,URBANA,2023-09-09,01:40:00,1,SABADO,6,SEPTIEMBRE,9,NO,NO CEDER EL DERECHO DE VIA O PREFERENCIA DE PASO AL PEATON.,ATROPELLOS,NO IDENTIFICADO,0,0,0,0,0,0,0,0,0,1,0,0,0,1,25,HOMBRE,LESIONADO,PEATON,NO,NO,1
35590,153295,153296,2023,0,1,0.002311,-78.306784,PICHINCHA,PEDRO MONCAYO,TOCACHI,RURAL,2023-09-09,04:00:00,4,SABADO,6,SEPTIEMBRE,9,NO,NO TRANSITAR POR LAS ACERAS O ZONAS DE SEGURIDAD DESTINADAS PARA EL EFECTO.,ATROPELLOS,NO IDENTIFICADO,0,0,0,0,0,0,0,0,0,1,0,0,0,1,-1,HOMBRE,FALLECIDO,PEATON,NO,SI,3
35591,153302,153303,2023,0,0,-0.258261,-78.529646,PICHINCHA,QUITO,QUITO,URBANA,2023-09-09,06:30:00,6,SABADO,6,SEPTIEMBRE,9,NO,CONDUCIR VEHICULO SUPERANDO LOS LIMITES MAXIMOS DE VELOCIDAD.,ESTRELLAMIENTOS,AUTOMOVIL,1,0,0,0,0,0,0,0,0,0,0,0,0,1,-1,NO IDENTIFICADO,NO IDENTIFICADO,CONDUCTOR AUSENTE,NO,NO,2
35592,153327,153328,2023,2,0,-0.309867,-78.411251,PICHINCHA,QUITO,ALANGASI,RURAL,2023-09-09,18:30:00,18,SABADO,6,SEPTIEMBRE,9,NO,NO CEDER EL DERECHO DE VIA O PREFERENCIA DE PASO A VEHICULOS.,CHOQUE LATERAL,MOTOCICLETA,0,0,0,0,0,0,0,1,1,0,0,0,0,2,21,HOMBRE,LESIONADO,CONDUCTOR PRESENTE,NO,NO,3
35593,153331,153332,2023,0,0,-0.282807,-78.468864,PICHINCHA,QUITO,CONOCOTO,RURAL,2023-09-09,18:55:00,18,SABADO,6,SEPTIEMBRE,9,NO,"CONDUCE BAJO LA INFLUENCIA DE ALCOHOL, SUSTANCIAS ESTUPEFACIENTES O PSICOTROPICAS Y/O MEDICAMENTOS.",CHOQUE FRONTAL,AUTOMOVIL,2,0,0,0,0,0,0,0,0,0,0,0,0,2,49,HOMBRE,ILESO,CONDUCTOR PRESENTE,NO,NO,3
35594,153339,153340,2023,0,0,-0.263296,-78.549012,PICHINCHA,QUITO,QUITO,URBANA,2023-09-09,20:45:00,20,SABADO,6,SEPTIEMBRE,9,NO,CONDUCIR VEHICULO SUPERANDO LOS LIMITES MAXIMOS DE VELOCIDAD.,PERDIDA DE CARRIL,AUTOMOVIL,1,0,0,0,0,0,0,0,0,0,0,0,0,1,28,HOMBRE,ILESO,CONDUCTOR PRESENTE,NO,NO,1
35595,153344,153345,2023,1,0,-0.242621,-78.322863,PICHINCHA,QUITO,PIFO,RURAL,2023-09-09,21:10:00,21,SABADO,6,SEPTIEMBRE,9,NO,CONDUCIR VEHICULO SUPERANDO LOS LIMITES MAXIMOS DE VELOCIDAD.,ATROPELLOS,NO IDENTIFICADO,0,0,0,0,0,0,0,0,0,1,0,0,0,1,30,HOMBRE,LESIONADO,PEATON,NO,SI,3
35596,153346,153347,2023,0,0,-0.208307,-78.391612,PICHINCHA,QUITO,TUMBACO,RURAL,2023-09-09,21:15:00,21,SABADO,6,SEPTIEMBRE,9,NO,"CONDUCE BAJO LA INFLUENCIA DE ALCOHOL, SUSTANCIAS ESTUPEFACIENTES O PSICOTROPICAS Y/O MEDICAMENTOS.",ESTRELLAMIENTOS,AUTOMOVIL,2,0,0,0,0,0,0,0,0,0,0,0,0,2,36,HOMBRE,ILESO,CONDUCTOR PRESENTE,NO,NO,3
35597,153354,153355,2023,2,0,-0.136045,-78.470182,PICHINCHA,QUITO,QUITO,URBANA,2023-09-10,00:05:00,0,DOMINGO,7,SEPTIEMBRE,9,NO,"CONDUCE BAJO LA INFLUENCIA DE ALCOHOL, SUSTANCIAS ESTUPEFACIENTES O PSICOTROPICAS Y/O MEDICAMENTOS.",OTROS,AUTOMOVIL,3,0,0,0,0,0,0,0,0,0,0,0,0,3,31,HOMBRE,LESIONADO,CONDUCTOR PRESENTE,NO,NO,1
35598,153359,153360,2023,0,1,-0.202903,-78.334922,PICHINCHA,QUITO,YARUQUI,RURAL,2023-09-10,00:50:00,0,DOMINGO,7,SEPTIEMBRE,9,NO,CONDUCIR VEHICULO SUPERANDO LOS LIMITES MAXIMOS DE VELOCIDAD.,CHOQUE POSTERIOR,CAMIONETA,0,0,0,0,1,0,0,0,0,0,0,0,0,1,51,HOMBRE,FALLECIDO,CONDUCTOR PRESENTE,NO,SI,3
35599,153367,153368,2023,3,0,-0.094431,-78.482168,PICHINCHA,QUITO,QUITO,URBANA,2023-09-10,02:20:00,2,DOMINGO,7,SEPTIEMBRE,9,NO,REALIZAR CAMBIO BRUSCO O INDEBIDO DE CARRIL.,CHOQUE FRONTAL,AUTOMOVIL,2,0,0,0,0,0,0,0,0,0,0,0,0,2,36,HOMBRE,LESIONADO,PASAJERO,NO,NO,1
35600,153376,153377,2023,0,0,-0.113774,-78.474517,PICHINCHA,QUITO,QUITO,URBANA,2023-09-10,03:50:00,3,DOMINGO,7,SEPTIEMBRE,9,NO,CONDUCIR VEHICULO SUPERANDO LOS LIMITES MAXIMOS DE VELOCIDAD.,ESTRELLAMIENTOS,AUTOMOVIL,3,0,0,0,0,0,0,0,0,0,0,0,0,3,40,HOMBRE,ILESO,CONDUCTOR PRESENTE,NO,NO,1
35601,153380,153381,2023,0,1,-0.202134,-78.425748,PICHINCHA,QUITO,CUMBAYA,RURAL,2023-09-10,04:30:00,4,DOMINGO,7,SEPTIEMBRE,9,NO,CONDUCIR VEHICULO SUPERANDO LOS LIMITES MAXIMOS DE VELOCIDAD.,OTROS,MOTOCICLETA,0,0,0,0,0,0,0,0,1,1,0,0,0,2,20,HOMBRE,FALLECIDO,CONDUCTOR PRESENTE,NO,NO,3
35602,153381,153382,2023,1,0,-0.258186,-78.541315,PICHINCHA,QUITO,QUITO,URBANA,2023-09-10,04:35:00,4,DOMINGO,7,SEPTIEMBRE,9,NO,NO CEDER EL DERECHO DE VIA O PREFERENCIA DE PASO AL PEATON.,ATROPELLOS,NO IDENTIFICADO,0,0,0,0,0,0,0,0,0,1,0,0,0,1,24,MUJER,LESIONADO,PEATON,NO,NO,1
35603,153382,153383,2023,0,0,-0.180195,-78.504536,PICHINCHA,QUITO,QUITO,URBANA,2023-09-10,05:10:00,5,DOMINGO,7,SEPTIEMBRE,9,NO,CONDUCIR VEHICULO SUPERANDO LOS LIMITES MAXIMOS DE VELOCIDAD.,ESTRELLAMIENTOS,AUTOMOVIL,1,0,0,0,0,0,0,0,0,0,0,0,0,1,46,HOMBRE,ILESO,CONDUCTOR PRESENTE,NO,NO,1
35604,153387,153388,2023,1,0,-0.079828,-78.414071,PICHINCHA,QUITO,CALDERON (CARAPUNGO),RURAL,2023-09-10,06:27:00,6,DOMINGO,7,SEPTIEMBRE,9,NO,CONDUCIR VEHICULO SUPERANDO LOS LIMITES MAXIMOS DE VELOCIDAD.,ESTRELLAMIENTOS,AUTOMOVIL,2,0,0,0,0,0,0,0,0,0,0,0,0,2,73,HOMBRE,LESIONADO,CONDUCTOR PRESENTE,NO,NO,3
35605,153390,153391,2023,0,0,-0.251963,-78.538882,PICHINCHA,QUITO,QUITO,URBANA,2023-09-10,07:20:00,7,DOMINGO,7,SEPTIEMBRE,9,NO,CONDUCIR VEHICULO SUPERANDO LOS LIMITES MAXIMOS DE VELOCIDAD.,COLISION,MOTOCICLETA,2,0,0,0,0,0,0,0,1,0,0,0,0,3,36,HOMBRE,ILESO,CONDUCTOR PRESENTE,SI,NO,1
35606,153394,153395,2023,0,0,-0.220831,-78.508691,PICHINCHA,QUITO,QUITO,URBANA,2023-09-10,08:40:00,8,DOMINGO,7,SEPTIEMBRE,9,NO,CONDUCIR VEHICULO SUPERANDO LOS LIMITES MAXIMOS DE VELOCIDAD.,ESTRELLAMIENTOS,BUS,0,0,1,0,0,0,0,0,0,0,0,0,0,1,27,HOMBRE,ILESO,CONDUCTOR PRESENTE,NO,NO,1
35607,153396,153397,2023,1,0,-0.154181,-78.349667,PICHINCHA,QUITO,TABABELA,RURAL,2023-09-10,08:50:00,8,DOMINGO,7,SEPTIEMBRE,9,NO,NO MANTENER LA DISTANCIA PRUDENCIAL CON RESPECTO AL VEHICULO QUE LE ANTECEDE.,CHOQUE POSTERIOR,CAMIONETA,1,0,0,0,1,0,0,0,0,0,0,0,0,2,11,HOMBRE,LESIONADO,PASAJERO,NO,NO,3