,Unnamed: 0,ID,ANIO,LESIONADOS,FALLECIDOS,LATITUD_Y,LONGITUD_X,PROVINCIA,CANTON,PARROQUIA,ZONA,FECHA,HORA,PERIODO_2,DIA_1,DIA_2,MES_1,MES_2,FERIADO,CAUSA_PROBABLE,TIPO_DE_SINIESTRO,TIPO_DE_VEHICULO_1,AUTOMOVIL,BICICLETA,BUS,CAMION,CAMIONETA,EMERGENCIAS,ESPECIAL,FURGONETA,MOTOCICLETA,NO_IDENTIFICADO,SCOOTER_ELECTRICO,TRICIMOTO,VEHICULO_DEPORTIVO_UTILITARIO,SUMA_DE_VEHICULOS,EDAD_1,SEXO_1,CONDICION_1,PARTICIPANTE_1,CASCO_1,CINTURON_1,KMeans_Cluster
35608,153445,153446,2023,1,1,-0.242643,-78.497598,PICHINCHA,QUITO,QUITO,URBANA,2023-09-11,05:00:00,5,LUNES,1,SEPTIEMBRE,9,NO,CONDUCIR VEHICULO SUPERANDO LOS LIMITES MAXIMOS DE VELOCIDAD.,VOLCAMIENTOS,AUTOMOVIL,1,0,0,0,0,0,0,0,0,0,0,0,0,1,23,MUJER,FALLECIDO,PASAJERO,NO,NO,1
35609,153451,153452,2023,1,0,-0.131267,-78.498005,PICHINCHA,QUITO,QUITO,URBANA,2023-09-11,07:40:00,7,LUNES,1,SEPTIEMBRE,9,NO,"NO RESPETAR LAS SENIALES REGLAMENTARIAS DE TRANSITO. (PARE, CEDA EL PASO, LUZ ROJA DEL SEMAFORO, ETC).",CHOQUE LATERAL,MOTOCICLETA,0,0,0,0,0,0,0,0,1,1,0,0,0,2,31,HOMBRE,LESIONADO,CONDUCTOR PRESENTE,NO,NO,1
35610,153452,153453,2023,1,0,-0.122191,-78.498613,PICHINCHA,QUITO,QUITO,URBANA,2023-09-11,08:09:00,8,LUNES,1,SEPTIEMBRE,9,NO,CONDUCIR VEHICULO SUPERANDO LOS LIMITES MAXIMOS DE VELOCIDAD.,OTROS,BUS,0,0,1,0,0,0,0,0,1,0,0,0,0,2,26,HOMBRE,LESIONADO,CONDUCTOR PRESENTE,NO,NO,1
35611,153461,153462,2023,0,0,-0.090829,-78.522011,PICHINCHA,QUITO,QUITO,URBANA,2023-09-11,11:00:00,11,LUNES,1,SEPTIEMBRE,9,NO,"NO RESPETAR LAS SENIALES REGLAMENTARIAS DE TRANSITO. (PARE, CEDA EL PASO, LUZ ROJA DEL SEMAFORO, ETC).",CHOQUE LATERAL,AUTOMOVIL,2,0,0,0,0,0,0,0,0,0,0,0,0,2,34,HOMBRE,ILESO,CONDUCTOR PRESENTE,NO,NO,1
35612,153463,153464,2023,0,0,-0.203168,-78.498152,PICHINCHA,QUITO,QUITO,URBANA,2023-09-11,12:35:00,12,LUNES,1,SEPTIEMBRE,9,NO,"NO RESPETAR LAS SENIALES REGLAMENTARIAS DE TRANSITO. (PARE, CEDA EL PASO, LUZ ROJA DEL SEMAFORO, ETC).",CHOQUE LATERAL,BUS,0,0,1,0,1,0,0,0,0,0,0,0,0,2,38,HOMBRE,ILESO,CONDUCTOR PRESENTE,NO,NO,1
35613,153471,153472,2023,1,0,-0.339552,-78.549451,PICHINCHA,QUITO,QUITO,URBANA,2023-09-11,15:00:00,15,LUNES,1,SEPTIEMBRE,9,NO,NO CEDER EL DERECHO DE VIA O PREFERENCIA DE PASO AL PEATON.,ARROLLAMIENTOS,BUS,0,0,1,0,0,0,0,0,0,0,0,0,0,1,23,MUJER,LESIONADO,PEATON,NO,NO,1
35614,153480,153481,2023,1,0,-0.254624,-78.503898,PICHINCHA,QUITO,QUITO,URBANA,2023-09-11,18:30:00,18,LUNES,1,SEPTIEMBRE,9,NO,NO MANTENER LA DISTANCIA PRUDENCIAL CON RESPECTO AL VEHICULO QUE LE ANTECEDE.,CHOQUE POSTERIOR,MOTOCICLETA,1,0,0,0,0,0,0,0,1,0,0,0,0,2,41,HOMBRE,LESIONADO,CONDUCTOR PRESENTE,NO,NO,1
35615,153487,153488,2023,1,0,-0.264909,-78.544696,PICHINCHA,QUITO,QUITO,URBANA,2023-09-12,01:00:00,1,MARTES,2,SEPTIEMBRE,9,NO,CONDUCIR VEHICULO SUPERANDO LOS LIMITES MAXIMOS DE VELOCIDAD.,OTROS,NO IDENTIFICADO,0,0,0,0,0,0,0,0,0,1,0,0,0,1,32,MUJER,LESIONADO,PASAJERO,NO,NO,1
35616,153501,153502,2023,0,0,-0.267824,-78.544233,PICHINCHA,QUITO,QUITO,URBANA,2023-09-12,12:00:00,12,MARTES,2,SEPTIEMBRE,9,NO,CONDUCIR VEHICULO SUPERANDO LOS LIMITES MAXIMOS DE VELOCIDAD.,OTROS,AUTOMOVIL,1,0,0,0,0,0,0,0,0,0,0,0,0,1,-1,NO IDENTIFICADO,NO IDENTIFICADO,CONDUCTOR AUSENTE,NO,NO,2
35617,153511,153512,2023,1,0,-0.248593,-78.517629,PICHINCHA,QUITO,QUITO,URBANA,2023-09-12,15:50:00,15,MARTES,2,SEPTIEMBRE,9,NO,"NO RESPETAR LAS SENIALES REGLAMENTARIAS DE TRANSITO. (PARE, CEDA EL PASO, LUZ ROJA DEL SEMAFORO, ETC).",CHOQUE LATERAL,MOTOCICLETA,0,0,0,0,0,0,0,0,1,1,0,0,0,2,45,HOMBRE,LESIONADO,CONDUCTOR PRESENTE,NO,NO,1
35618,153513,153514,2023,1,0,-0.200014,-78.489167,PICHINCHA,QUITO,QUITO,URBANA,2023-09-12,16:00:00,16,MARTES,2,SEPTIEMBRE,9,NO,"NO RESPETAR LAS SENIALES REGLAMENTARIAS DE TRANSITO. (PARE, CEDA EL PASO, LUZ ROJA DEL SEMAFORO, ETC).",CHOQUE LATERAL,MOTOCICLETA,1,0,0,0,0,0,0,0,1,0,0,0,0,2,32,HOMBRE,LESIONADO,CONDUCTOR PRESENTE,NO,NO,1
35619,153514,153515,2023,1,0,-0.287201,-78.541545,PICHINCHA,QUITO,QUITO,URBANA,2023-09-12,16:50:00,16,MARTES,2,SEPTIEMBRE,9,NO,NO TRANSITAR POR LAS ACERAS O ZONAS DE SEGURIDAD DESTINADAS PARA EL EFECTO.,ATROPELLOS,NO IDENTIFICADO,0,0,0,0,0,0,0,0,0,1,0,0,0,1,17,HOMBRE,LESIONADO,PEATON,NO,NO,1
35620,153516,153517,2023,0,1,-0.449411,-78.585734,PICHINCHA,MEJIA,ALOAG,URBANA,2023-09-12,17:10:00,17,MARTES,2,SEPTIEMBRE,9,NO,"CONDUCIR DESATENTO A LAS CONDICIONES DE TRANSITO (CELULAR, PANTALLAS DE VIDEO, COMIDA, MAQUILLAJE O CUALQUIER OTRO ELEMENTO DISTRACTOR).",ROZAMIENTOS,CAMION,0,0,0,1,0,0,0,0,1,0,0,0,0,2,68,HOMBRE,FALLECIDO,CONDUCTOR PRESENTE,NO,SI,1
35621,153519,153520,2023,0,0,-0.309106,-78.525495,PICHINCHA,QUITO,QUITO,URBANA,2023-09-12,17:45:00,17,MARTES,2,SEPTIEMBRE,9,NO,NO TRANSITAR POR LAS ACERAS O ZONAS DE SEGURIDAD DESTINADAS PARA EL EFECTO.,ATROPELLOS,CAMION,0,0,0,1,0,0,0,0,0,0,0,0,0,1,36,HOMBRE,ILESO,CONDUCTOR PRESENTE,NO,NO,1
35622,153532,153533,2023,1,0,-0.300974,-78.556374,PICHINCHA,QUITO,QUITO,URBANA,2023-09-13,05:25:00,5,MIERCOLES,3,SEPTIEMBRE,9,NO,NO CEDER EL DERECHO DE VIA O PREFERENCIA DE PASO A VEHICULOS.,CHOQUE LATERAL,MOTOCICLETA,0,0,0,0,1,0,0,0,1,0,0,0,0,2,29,HOMBRE,LESIONADO,CONDUCTOR PRESENTE,NO,NO,1
35623,153539,153540,2023,1,0,-0.233917,-78.471033,PICHINCHA,QUITO,QUITO,RURAL,2023-09-13,07:34:00,7,MIERCOLES,3,SEPTIEMBRE,9,NO,CONDUCIR VEHICULO SUPERANDO LOS LIMITES MAXIMOS DE VELOCIDAD.,COLISION,CAMIONETA,5,0,0,0,1,0,0,0,0,0,0,0,0,6,37,MUJER,LESIONADO,CONDUCTOR PRESENTE,NO,NO,3
35624,153541,153542,2023,1,0,-0.236359,-78.489758,PICHINCHA,QUITO,QUITO,URBANA,2023-09-13,08:20:00,8,MIERCOLES,3,SEPTIEMBRE,9,NO,CONDUCIR VEHICULO SUPERANDO LOS LIMITES MAXIMOS DE VELOCIDAD.,OTROS,BUS,1,0,1,1,0,0,0,0,0,0,0,0,0,3,41,MUJER,LESIONADO,PASAJERO,NO,NO,1
35625,153542,153543,2023,2,0,-0.173753,-78.477121,PICHINCHA,QUITO,QUITO,URBANA,2023-09-13,09:00:00,9,MIERCOLES,3,SEPTIEMBRE,9,NO,CONDUCIR EN SENTIDO CONTRARIO A LA VIA NORMAL DE CIRCULACION.,ATROPELLOS,MOTOCICLETA,0,0,0,0,0,0,0,0,1,0,0,0,0,1,25,HOMBRE,LESIONADO,CONDUCTOR PRESENTE,NO,NO,1
35626,153543,153544,2023,1,0,-0.090316,-78.426653,PICHINCHA,QUITO,CALDERON (CARAPUNGO),RURAL,2023-09-13,09:20:00,9,MIERCOLES,3,SEPTIEMBRE,9,NO,"NO RESPETAR LAS SENIALES REGLAMENTARIAS DE TRANSITO. (PARE, CEDA EL PASO, LUZ ROJA DEL SEMAFORO, ETC).",CHOQUE LATERAL,BICICLETA,0,1,0,0,1,0,0,0,0,0,0,0,0,2,38,MUJER,LESIONADO,CONDUCTOR PRESENTE,NO,NO,3
35627,153545,153546,2023,1,0,-0.191629,-78.490841,PICHINCHA,QUITO,QUITO,URBANA,2023-09-13,11:20:00,11,MIERCOLES,3,SEPTIEMBRE,9,NO,"NO RESPETAR LAS SENIALES REGLAMENTARIAS DE TRANSITO. (PARE, CEDA EL PASO, LUZ ROJA DEL SEMAFORO, ETC).",CHOQUE LATERAL,FURGONETA,1,0,0,0,0,0,0,1,0,0,0,0,0,2,34,HOMBRE,LESIONADO,CONDUCTOR PRESENTE,NO,NO,1
35628,153557,153558,2023,1,0,-0.177087,-78.480999,PICHINCHA,QUITO,QUITO,URBANA,2023-09-13,17:30:00,17,MIERCOLES,3,SEPTIEMBRE,9,NO,NO CEDER EL DERECHO DE VIA O PREFERENCIA DE PASO AL PEATON.,ATROPELLOS,BUS,0,0,1,0,0,0,0,0,0,0,0,0,0,1,31,HOMBRE,LESIONADO,PEATON,NO,NO,1
35629,153558,153559,2023,1,0,-0.244741,-78.519219,PICHINCHA,QUITO,QUITO,URBANA,2023-09-13,18:30:00,18,MIERCOLES,3,SEPTIEMBRE,9,NO,NO CEDER EL DERECHO DE VIA O PREFERENCIA DE PASO AL PEATON.,ATROPELLOS,NO IDENTIFICADO,0,0,0,0,0,0,0,0,0,1,0,0,0,1,20,HOMBRE,LESIONADO,PEATON,NO,NO,1
35630,153564,153565,2023,1,0,-0.207472,-78.489252,PICHINCHA,QUITO,QUITO,URBANA,2023-09-13,20:30:00,20,MIERCOLES,3,SEPTIEMBRE,9,NO,NO MANTENER LA DISTANCIA PRUDENCIAL CON RESPECTO AL VEHICULO QUE LE ANTECEDE.,CHOQUE POSTERIOR,MOTOCICLETA,0,0,0,0,0,0,0,0,1,1,0,0,0,2,35,HOMBRE,LESIONADO,CONDUCTOR PRESENTE,NO,NO,1
35631,153568,153569,2023,0,0,-0.104287,-78.500493,PICHINCHA,QUITO,QUITO,URBANA,2023-09-13,23:25:00,23,MIERCOLES,3,SEPTIEMBRE,9,NO,NO MANTENER LA DISTANCIA PRUDENCIAL CON RESPECTO AL VEHICULO QUE LE ANTECEDE.,CHOQUE POSTERIOR,AUTOMOVIL,2,0,0,0,0,0,0,0,0,0,0,0,0,2,36,HOMBRE,ILESO,CONDUCTOR PRESENTE,NO,NO,1
35632,153573,153574,2023,0,0,-0.226935,-78.522121,PICHINCHA,QUITO,QUITO,URBANA,2023-09-14,05:20:00,5,JUEVES,4,SEPTIEMBRE,9,NO,CONDUCIR VEHICULO SUPERANDO LOS LIMITES MAXIMOS DE VELOCIDAD.,ESTRELLAMIENTOS,AUTOMOVIL,1,0,0,0,0,0,0,0,0,0,0,0,0,1,-1,NO IDENTIFICADO,NO IDENTIFICADO,CONDUCTOR AUSENTE,NO,NO,2
35633,153579,153580,2023,2,0,-0.295289,-78.528358,PICHINCHA,QUITO,QUITO,URBANA,2023-09-14,06:50:00,6,JUEVES,4,SEPTIEMBRE,9,NO,REALIZAR CAMBIO BRUSCO O INDEBIDO DE CARRIL.,CHOQUE LATERAL,MOTOCICLETA,0,0,0,0,1,0,0,0,1,0,0,0,0,2,43,HOMBRE,LESIONADO,CONDUCTOR PRESENTE,NO,NO,1
35634,153581,153582,2023,0,0,-0.064557,-78.421181,PICHINCHA,QUITO,CALDERON (CARAPUNGO),RURAL,2023-09-14,09:19:00,9,JUEVES,4,SEPTIEMBRE,9,NO,"CONDUCE BAJO LA INFLUENCIA DE ALCOHOL, SUSTANCIAS ESTUPEFACIENTES O PSICOTROPICAS Y/O MEDICAMENTOS.",CHOQUE LATERAL,AUTOMOVIL,2,0,0,0,0,0,0,0,0,0,0,0,0,2,38,HOMBRE,ILESO,CONDUCTOR PRESENTE,NO,NO,3
35635,153585,153586,2023,0,1,-0.127254,-78.498476,PICHINCHA,QUITO,QUITO,URBANA,2023-09-14,10:15:00,10,JUEVES,4,SEPTIEMBRE,9,NO,PEATON QUE CRUZA LA CALZADA SIN RESPETAR LA SENIALIZACION EXISTENTE (SEMAFOROS O SENIALES MANUALES).,OTROS,NO IDENTIFICADO,0,0,0,0,0,0,0,0,0,1,0,0,0,1,34,HOMBRE,FALLECIDO,PEATON,NO,NO,1
35636,153587,153588,2023,2,0,-0.279434,-78.470988,PICHINCHA,QUITO,CONOCOTO,RURAL,2023-09-14,11:40:00,11,JUEVES,4,SEPTIEMBRE,9,NO,"NO RESPETAR LAS SENIALES REGLAMENTARIAS DE TRANSITO. (PARE, CEDA EL PASO, LUZ ROJA DEL SEMAFORO, ETC).",CHOQUE LATERAL,MOTOCICLETA,1,0,0,0,0,0,0,0,1,0,0,0,0,2,26,HOMBRE,LESIONADO,CONDUCTOR PRESENTE,NO,NO,3
35637,153594,153595,2023,0,0,-0.206971,-78.512498,PICHINCHA,QUITO,QUITO,URBANA,2023-09-14,16:20:00,16,JUEVES,4,SEPTIEMBRE,9,NO,"CONDUCIR DESATENTO A LAS CONDICIONES DE TRANSITO (CELULAR, PANTALLAS DE VIDEO, COMIDA, MAQUILLAJE O CUALQUIER OTRO ELEMENTO DISTRACTOR).",CHOQUE POSTERIOR,AUTOMOVIL,2,0,0,0,0,0,0,0,0,0,0,0,0,2,45,HOMBRE,ILESO,CONDUCTOR PRESENTE,NO,NO,1
35638,153596,153597,2023,0,0,0.006425,-78.453465,PICHINCHA,QUITO,SAN ANTONIO (QUITO),RURAL,2023-09-14,16:50:00,16,JUEVES,4,SEPTIEMBRE,9,NO,REALIZAR CAMBIO BRUSCO O INDEBIDO DE CARRIL.,CHOQUE FRONTAL,AUTOMOVIL,2,0,0,0,0,0,0,0,0,0,0,0,0,2,22,MUJER,ILESO,CONDUCTOR PRESENTE,NO,NO,3
35639,153600,153601,2023,0,0,-0.240985,-78.494608,PICHINCHA,QUITO,QUITO,URBANA,2023-09-14,18:40:00,18,JUEVES,4,SEPTIEMBRE,9,NO,CONDUCIR VEHICULO SUPERANDO LOS LIMITES MAXIMOS DE VELOCIDAD.,COLISION,CAMIONETA,0,0,0,0,2,0,0,0,0,1,0,0,0,3,43,HOMBRE,ILESO,CONDUCTOR PRESENTE,NO,NO,1
35640,153603,153604,2023,1,0,-0.216969,-78.398283,PICHINCHA,QUITO,TUMBACO,RURAL,2023-09-14,19:25:00,19,JUEVES,4,SEPTIEMBRE,9,NO,"NO RESPETAR LAS SENIALES REGLAMENTARIAS DE TRANSITO. (PARE, CEDA EL PASO, LUZ ROJA DEL SEMAFORO, ETC).",CHOQUE LATERAL,MOTOCICLETA,0,0,0,0,0,0,0,0,1,1,0,0,0,2,24,HOMBRE,LESIONADO,CONDUCTOR PRESENTE,NO,NO,3
35641,153609,153610,2023,0,1,-0.205724,-78.332821,PICHINCHA,QUITO,YARUQUI,RURAL,2023-09-14,23:40:00,23,JUEVES,4,SEPTIEMBRE,9,NO,CONDUCIR VEHICULO SUPERANDO LOS LIMITES MAXIMOS DE VELOCIDAD.,ARROLLAMIENTOS,MOTOCICLETA,0,0,0,0,0,0,0,0,1,0,0,0,0,1,18,HOMBRE,FALLECIDO,CONDUCTOR PRESENTE,NO,SI,3
35642,153612,153613,2023,0,0,-0.182762,-78.481992,PICHINCHA,QUITO,QUITO,URBANA,2023-09-15,00:10:00,0,VIERNES,5,SEPTIEMBRE,9,NO,CONDUCIR VEHICULO SUPERANDO LOS LIMITES MAXIMOS DE VELOCIDAD.,OTROS,MOTOCICLETA,0,0,0,0,0,0,0,0,1,0,0,0,0,1,-1,NO IDENTIFICADO,NO IDENTIFICADO,CONDUCTOR AUSENTE,NO,NO,2
35643,153617,153618,2023,0,0,-0.291201,-78.447101,PICHINCHA,QUITO,ALANGASI,RURAL,2023-09-15,02:45:00,2,VIERNES,5,SEPTIEMBRE,9,NO,"CONDUCE BAJO LA INFLUENCIA DE ALCOHOL, SUSTANCIAS ESTUPEFACIENTES O PSICOTROPICAS Y/O MEDICAMENTOS.",CHOQUE LATERAL,AUTOMOVIL,2,0,0,0,0,0,0,0,0,0,0,0,0,2,21,HOMBRE,ILESO,CONDUCTOR PRESENTE,NO,NO,3
35644,153623,153624,2023,5,0,-0.140392,-78.493884,PICHINCHA,QUITO,QUITO,URBANA,2023-09-15,06:30:00,6,VIERNES,5,SEPTIEMBRE,9,NO,"NO RESPETAR LAS SENIALES REGLAMENTARIAS DE TRANSITO. (PARE, CEDA EL PASO, LUZ ROJA DEL SEMAFORO, ETC).",CHOQUE LATERAL,FURGONETA,1,0,0,0,0,0,0,1,0,0,0,0,0,2,10,HOMBRE,LESIONADO,PASAJERO,NO,NO,1
35645,153624,153625,2023,0,0,-0.105472,-78.491998,PICHINCHA,QUITO,QUITO,URBANA,2023-09-15,06:53:00,6,VIERNES,5,SEPTIEMBRE,9,NO,NO CEDER EL DERECHO DE VIA O PREFERENCIA DE PASO A VEHICULOS.,OTROS,MOTOCICLETA,2,0,0,0,0,0,0,0,1,0,0,0,0,3,31,HOMBRE,ILESO,CONDUCTOR PRESENTE,NO,NO,1
35646,153626,153627,2023,0,0,-0.250243,-78.503029,PICHINCHA,QUITO,QUITO,URBANA,2023-09-15,07:20:00,7,VIERNES,5,SEPTIEMBRE,9,NO,CONDUCIR VEHICULO SUPERANDO LOS LIMITES MAXIMOS DE VELOCIDAD.,COLISION,AUTOMOVIL,3,0,0,0,0,0,0,0,0,1,0,0,0,4,43,HOMBRE,ILESO,CONDUCTOR PRESENTE,NO,NO,1
35647,153642,153643,2023,1,0,-0.275357,-78.566985,PICHINCHA,QUITO,QUITO,URBANA,2023-09-15,14:57:00,14,VIERNES,5,SEPTIEMBRE,9,NO,NO CEDER EL DERECHO DE VIA O PREFERENCIA DE PASO AL PEATON.,ATROPELLOS,AUTOMOVIL,1,0,0,0,0,0,0,0,0,0,0,0,0,1,9,HOMBRE,LESIONADO,PEATON,NO,NO,1
35648,153647,153648,2023,1,0,-0.240592,-78.512498,PICHINCHA,QUITO,QUITO,URBANA,2023-09-15,17:00:00,17,VIERNES,5,SEPTIEMBRE,9,NO,"NO RESPETAR LAS SENIALES REGLAMENTARIAS DE TRANSITO. (PARE, CEDA EL PASO, LUZ ROJA DEL SEMAFORO, ETC).",CHOQUE LATERAL,MOTOCICLETA,0,0,0,0,0,0,0,0,1,1,0,0,0,2,22,HOMBRE,LESIONADO,CONDUCTOR PRESENTE,NO,NO,1
35649,153648,153649,2023,0,0,-0.144655,-78.483494,PICHINCHA,QUITO,QUITO,URBANA,2023-09-15,17:05:00,17,VIERNES,5,SEPTIEMBRE,9,NO,"NO RESPETAR LAS SENIALES REGLAMENTARIAS DE TRANSITO. (PARE, CEDA EL PASO, LUZ ROJA DEL SEMAFORO, ETC).",CHOQUE LATERAL,AUTOMOVIL,2,0,0,0,0,0,0,0,0,0,0,0,0,2,27,HOMBRE,ILESO,CONDUCTOR PRESENTE,NO,NO,1
35650,153654,153655,2023,0,0,-0.203071,-78.489517,PICHINCHA,QUITO,QUITO,URBANA,2023-09-15,18:30:00,18,VIERNES,5,SEPTIEMBRE,9,NO,"NO RESPETAR LAS SENIALES REGLAMENTARIAS DE TRANSITO. (PARE, CEDA EL PASO, LUZ ROJA DEL SEMAFORO, ETC).",CHOQUE LATERAL,CAMIONETA,1,0,0,0,1,0,0,0,0,0,0,0,0,2,40,HOMBRE,ILESO,CONDUCTOR PRESENTE,NO,NO,1
35651,153663,153664,2023,1,0,-0.132707,-78.467922,PICHINCHA,QUITO,QUITO,URBANA,2023-09-15,19:45:00,19,VIERNES,5,SEPTIEMBRE,9,NO,"NO RESPETAR LAS SENIALES REGLAMENTARIAS DE TRANSITO. (PARE, CEDA EL PASO, LUZ ROJA DEL SEMAFORO, ETC).",CHOQUE LATERAL,AUTOMOVIL,2,0,0,0,0,0,0,0,0,0,0,0,0,2,32,MUJER,LESIONADO,PASAJERO,NO,NO,1
35652,153676,153677,2023,1,1,-0.196784,-78.440232,PICHINCHA,QUITO,CUMBAYA,RURAL,2023-09-15,23:31:00,23,VIERNES,5,SEPTIEMBRE,9,NO,PEATON QUE CRUZA LA CALZADA SIN RESPETAR LA SENIALIZACION EXISTENTE (SEMAFOROS O SENIALES MANUALES).,ARROLLAMIENTOS,NO IDENTIFICADO,0,0,0,0,0,0,0,0,0,2,0,0,0,2,27,MUJER,FALLECIDO,PEATON,NO,NO,3
35653,153679,153680,2023,1,0,-0.304095,-78.542848,PICHINCHA,QUITO,QUITO,URBANA,2023-09-16,00:42:00,0,SABADO,6,SEPTIEMBRE,9,NO,"NO RESPETAR LAS SENIALES REGLAMENTARIAS DE TRANSITO. (PARE, CEDA EL PASO, LUZ ROJA DEL SEMAFORO, ETC).",OTROS,MOTOCICLETA,0,0,0,0,0,0,0,0,1,1,0,0,0,2,25,HOMBRE,LESIONADO,CONDUCTOR PRESENTE,NO,NO,1
35654,153682,153683,2023,0,1,0.050005,-78.145477,PICHINCHA,CAYAMBE,CAYAMBE,RURAL,2023-09-16,02:40:00,2,SABADO,6,SEPTIEMBRE,9,NO,"CONDUCIR DESATENTO A LAS CONDICIONES DE TRANSITO (CELULAR, PANTALLAS DE VIDEO, COMIDA, MAQUILLAJE O CUALQUIER OTRO ELEMENTO DISTRACTOR).",ROZAMIENTOS,MOTOCICLETA,0,0,0,0,0,0,0,0,1,1,0,0,0,2,23,HOMBRE,FALLECIDO,CONDUCTOR PRESENTE,NO,SI,3
35655,153684,153685,2023,4,0,-0.110494,-78.478697,PICHINCHA,QUITO,QUITO,URBANA,2023-09-16,03:00:00,3,SABADO,6,SEPTIEMBRE,9,NO,"CONDUCE BAJO LA INFLUENCIA DE ALCOHOL, SUSTANCIAS ESTUPEFACIENTES O PSICOTROPICAS Y/O MEDICAMENTOS.",CHOQUE POSTERIOR,AUTOMOVIL,2,0,0,0,0,0,0,0,0,0,0,0,0,2,34,HOMBRE,LESIONADO,PASAJERO,NO,NO,1
35656,153688,153689,2023,0,0,-0.174259,-78.492998,PICHINCHA,QUITO,QUITO,URBANA,2023-09-16,03:25:00,3,SABADO,6,SEPTIEMBRE,9,NO,CONDUCIR VEHICULO SUPERANDO LOS LIMITES MAXIMOS DE VELOCIDAD.,ESTRELLAMIENTOS,AUTOMOVIL,1,0,0,0,0,0,0,0,0,0,0,0,0,1,-1,NO IDENTIFICADO,NO IDENTIFICADO,CONDUCTOR AUSENTE,NO,NO,2
35657,153690,153691,2023,1,0,-0.204333,-78.484453,PICHINCHA,QUITO,QUITO,URBANA,2023-09-16,04:00:00,4,SABADO,6,SEPTIEMBRE,9,NO,REALIZAR CAMBIO BRUSCO O INDEBIDO DE CARRIL.,CHOQUE LATERAL,MOTOCICLETA,1,0,0,0,0,0,0,0,1,0,0,0,0,2,22,HOMBRE,LESIONADO,CONDUCTOR PRESENTE,NO,NO,1
35658,153691,153692,2023,0,0,-0.200671,-78.497023,PICHINCHA,QUITO,QUITO,URBANA,2023-09-16,04:15:00,4,SABADO,6,SEPTIEMBRE,9,NO,"NO RESPETAR LAS SENIALES REGLAMENTARIAS DE TRANSITO. (PARE, CEDA EL PASO, LUZ ROJA DEL SEMAFORO, ETC).",CHOQUE LATERAL,AUTOMOVIL,2,0,0,0,0,0,0,0,0,0,0,0,0,2,25,HOMBRE,ILESO,CONDUCTOR PRESENTE,NO,NO,1
35659,153692,153693,2023,0,0,-0.189235,-78.452096,PICHINCHA,QUITO,NAYON,URBANA,2023-09-16,04:15:00,4,SABADO,6,SEPTIEMBRE,9,NO,CONDUCIR VEHICULO SUPERANDO LOS LIMITES MAXIMOS DE VELOCIDAD.,ESTRELLAMIENTOS,AUTOMOVIL,1,0,0,0,0,0,0,0,0,0,0,0,0,1,-1,NO IDENTIFICADO,NO IDENTIFICADO,CONDUCTOR AUSENTE,NO,NO,2
35660,153696,153697,2023,0,0,-0.242725,-78.532738,PICHINCHA,QUITO,QUITO,URBANA,2023-09-16,05:20:00,5,SABADO,6,SEPTIEMBRE,9,NO,CONDUCIR VEHICULO SUPERANDO LOS LIMITES MAXIMOS DE VELOCIDAD.,ESTRELLAMIENTOS,AUTOMOVIL,1,0,0,0,0,0,0,0,0,0,0,0,0,1,29,HOMBRE,ILESO,PASAJERO,NO,NO,1
35661,153701,153702,2023,1,0,-0.100206,-78.471719,PICHINCHA,QUITO,QUITO,URBANA,2023-09-16,06:50:00,6,SABADO,6,SEPTIEMBRE,9,NO,"NO RESPETAR LAS SENIALES REGLAMENTARIAS DE TRANSITO. (PARE, CEDA EL PASO, LUZ ROJA DEL SEMAFORO, ETC).",CHOQUE LATERAL,MOTOCICLETA,1,0,0,0,0,0,0,0,1,0,0,0,0,2,32,HOMBRE,LESIONADO,CONDUCTOR PRESENTE,NO,NO,1
35662,153729,153730,2023,1,0,-0.328531,-78.535867,PICHINCHA,QUITO,QUITO,URBANA,2023-09-16,17:18:00,17,SABADO,6,SEPTIEMBRE,9,NO,PEATON QUE CRUZA LA CALZADA SIN RESPETAR LA SENIALIZACION EXISTENTE (SEMAFOROS O SENIALES MANUALES).,ATROPELLOS,AUTOMOVIL,1,0,0,0,0,0,0,0,0,0,0,0,0,1,73,MUJER,LESIONADO,PEATON,NO,NO,1
35663,153731,153732,2023,1,0,-0.246411,-78.481448,PICHINCHA,QUITO,QUITO,URBANA,2023-09-16,18:30:00,18,SABADO,6,SEPTIEMBRE,9,NO,CONDUCIR VEHICULO SUPERANDO LOS LIMITES MAXIMOS DE VELOCIDAD.,OTROS,MOTOCICLETA,1,0,0,0,0,0,0,0,1,0,0,0,0,2,26,HOMBRE,LESIONADO,PASAJERO,NO,NO,1
35664,153737,153738,2023,0,0,-0.301385,-78.531474,PICHINCHA,QUITO,QUITO,URBANA,2023-09-16,19:30:00,19,SABADO,6,SEPTIEMBRE,9,NO,CONDUCIR VEHICULO SUPERANDO LOS LIMITES MAXIMOS DE VELOCIDAD.,ESTRELLAMIENTOS,BUS,0,0,1,0,0,0,0,0,0,0,0,0,0,1,31,HOMBRE,ILESO,CONDUCTOR PRESENTE,NO,NO,1
35665,153740,153741,2023,0,0,-0.052771,-78.349343,PICHINCHA,QUITO,GUAYLLABAMBA,RURAL,2023-09-16,20:00:00,20,SABADO,6,SEPTIEMBRE,9,NO,"CONDUCIR DESATENTO A LAS CONDICIONES DE TRANSITO (CELULAR, PANTALLAS DE VIDEO, COMIDA, MAQUILLAJE O CUALQUIER OTRO ELEMENTO DISTRACTOR).",COLISION,CAMION,0,0,0,1,2,0,0,0,0,0,0,0,0,3,41,HOMBRE,ILESO,CONDUCTOR PRESENTE,NO,SI,3