,Unnamed: 0,ID,ANIO,LESIONADOS,FALLECIDOS,LATITUD_Y,LONGITUD_X,PROVINCIA,CANTON,PARROQUIA,ZONA,FECHA,HORA,PERIODO_2,DIA_1,DIA_2,MES_1,MES_2,FERIADO,CAUSA_PROBABLE,TIPO_DE_SINIESTRO,TIPO_DE_VEHICULO_1,AUTOMOVIL,BICICLETA,BUS,CAMION,CAMIONETA,EMERGENCIAS,ESPECIAL,FURGONETA,MOTOCICLETA,NO_IDENTIFICADO,SCOOTER_ELECTRICO,TRICIMOTO,VEHICULO_DEPORTIVO_UTILITARIO,SUMA_DE_VEHICULOS,EDAD_1,SEXO_1,CONDICION_1,PARTICIPANTE_1,CASCO_1,CINTURON_1,KMeans_Cluster
35666,153743,153744,2023,0,0,-0.250149,-78.498642,PICHINCHA,QUITO,QUITO,URBANA,2023-09-16,20:40:00,20,SABADO,6,SEPTIEMBRE,9,NO,CONDUCIR VEHICULO SUPERANDO LOS LIMITES MAXIMOS DE VELOCIDAD.,ESTRELLAMIENTOS,AUTOMOVIL,1,0,0,0,0,0,0,0,0,0,0,0,0,1,32,MUJER,ILESO,CONDUCTOR PRESENTE,NO,NO,1
35667,153749,153750,2023,0,0,-0.209114,-78.501921,PICHINCHA,QUITO,QUITO,URBANA,2023-09-16,21:48:00,21,SABADO,6,SEPTIEMBRE,9,NO,"NO RESPETAR LAS SENIALES REGLAMENTARIAS DE TRANSITO. (PARE, CEDA EL PASO, LUZ ROJA DEL SEMAFORO, ETC).",CHOQUE LATERAL,AUTOMOVIL,2,0,0,0,0,0,0,0,0,0,0,0,0,2,46,HOMBRE,ILESO,CONDUCTOR PRESENTE,NO,NO,1
35668,153757,153758,2023,0,0,-0.129489,-78.476548,PICHINCHA,QUITO,QUITO,URBANA,2023-09-16,23:40:00,23,SABADO,6,SEPTIEMBRE,9,NO,"NO RESPETAR LAS SENIALES REGLAMENTARIAS DE TRANSITO. (PARE, CEDA EL PASO, LUZ ROJA DEL SEMAFORO, ETC).",CHOQUE LATERAL,AUTOMOVIL,2,0,0,0,0,0,0,0,0,0,0,0,0,2,39,HOMBRE,ILESO,CONDUCTOR PRESENTE,NO,NO,1
35669,153758,153759,2023,0,1,-0.220076,-78.507413,PICHINCHA,QUITO,QUITO,URBANA,2023-09-16,12:57:00,12,SABADO,6,SEPTIEMBRE,9,NO,PEATON QUE CRUZA LA CALZADA SIN RESPETAR LA SENIALIZACION EXISTENTE (SEMAFOROS O SENIALES MANUALES).,ATROPELLOS,BUS,0,0,1,0,0,0,0,0,0,0,0,0,0,1,50,HOMBRE,FALLECIDO,PEATON,NO,NO,1
35670,153765,153766,2023,5,0,-0.249819,-78.502925,PICHINCHA,QUITO,QUITO,URBANA,2023-09-17,01:30:00,1,DOMINGO,7,SEPTIEMBRE,9,NO,CONDUCIR VEHICULO SUPERANDO LOS LIMITES MAXIMOS DE VELOCIDAD.,ESTRELLAMIENTOS,AUTOMOVIL,1,0,0,0,0,0,0,0,0,0,0,0,0,1,3,HOMBRE,LESIONADO,PASAJERO,NO,NO,1
35671,153776,153777,2023,0,0,-0.240926,-78.329944,PICHINCHA,QUITO,PIFO,RURAL,2023-09-17,04:30:00,4,DOMINGO,7,SEPTIEMBRE,9,NO,"CONDUCE BAJO LA INFLUENCIA DE ALCOHOL, SUSTANCIAS ESTUPEFACIENTES O PSICOTROPICAS Y/O MEDICAMENTOS.",ESTRELLAMIENTOS,AUTOMOVIL,2,0,0,0,0,0,0,0,0,0,0,0,0,2,43,HOMBRE,ILESO,CONDUCTOR PRESENTE,NO,SI,3
35672,153792,153793,2023,0,0,-0.230191,-78.517287,PICHINCHA,QUITO,QUITO,URBANA,2023-09-17,09:30:00,9,DOMINGO,7,SEPTIEMBRE,9,NO,"NO RESPETAR LAS SENIALES REGLAMENTARIAS DE TRANSITO. (PARE, CEDA EL PASO, LUZ ROJA DEL SEMAFORO, ETC).",ESTRELLAMIENTOS,AUTOMOVIL,1,0,0,0,0,0,0,0,0,0,0,0,0,1,-1,NO IDENTIFICADO,NO IDENTIFICADO,CONDUCTOR AUSENTE,NO,NO,2
35673,153797,153798,2023,0,0,-0.175637,-78.501436,PICHINCHA,QUITO,QUITO,URBANA,2023-09-17,11:15:00,11,DOMINGO,7,SEPTIEMBRE,9,NO,CONDUCIR VEHICULO SUPERANDO LOS LIMITES MAXIMOS DE VELOCIDAD.,ESTRELLAMIENTOS,AUTOMOVIL,1,0,0,0,0,0,0,0,0,0,0,0,0,1,-1,NO IDENTIFICADO,NO IDENTIFICADO,CONDUCTOR AUSENTE,NO,NO,2
35674,153801,153802,2023,1,0,-0.318002,-78.484984,PICHINCHA,QUITO,CONOCOTO,RURAL,2023-09-17,12:30:00,12,DOMINGO,7,SEPTIEMBRE,9,NO,BAJARSE O SUBIRSE DE VEHICULOS EN MOVIMIENTO SIN TOMAR LAS PRECAUCIONES DEBIDAS.,CAIDA DE PASAJERO,BUS,0,0,1,0,0,0,0,0,0,0,0,0,0,1,59,MUJER,LESIONADO,PASAJERO,NO,NO,3
35675,153816,153817,2023,0,0,-0.077825,-78.445614,PICHINCHA,QUITO,CALDERON (CARAPUNGO),RURAL,2023-09-17,17:00:00,17,DOMINGO,7,SEPTIEMBRE,9,NO,CONDUCIR VEHICULO SUPERANDO LOS LIMITES MAXIMOS DE VELOCIDAD.,ESTRELLAMIENTOS,AUTOMOVIL,1,0,0,0,0,0,0,0,0,0,0,0,0,1,-1,NO IDENTIFICADO,NO IDENTIFICADO,CONDUCTOR AUSENTE,NO,NO,2
35676,153826,153827,2023,2,0,-0.259498,-78.495172,PICHINCHA,QUITO,CONOCOTO,RURAL,2023-09-17,19:15:00,19,DOMINGO,7,SEPTIEMBRE,9,NO,REALIZAR CAMBIO BRUSCO O INDEBIDO DE CARRIL.,CHOQUE FRONTAL,AUTOMOVIL,2,0,0,0,0,0,0,0,0,0,0,0,0,2,6,HOMBRE,LESIONADO,PASAJERO,NO,NO,3
35677,153849,153850,2023,1,0,-0.107664,-78.447296,PICHINCHA,QUITO,CALDERON (CARAPUNGO),RURAL,2023-09-18,01:55:00,1,LUNES,1,SEPTIEMBRE,9,NO,CONDUCIR VEHICULO SUPERANDO LOS LIMITES MAXIMOS DE VELOCIDAD.,ESTRELLAMIENTOS,AUTOMOVIL,1,0,0,0,0,0,0,0,0,0,0,0,0,1,28,HOMBRE,LESIONADO,PASAJERO,NO,NO,3
35678,153862,153863,2023,0,0,-0.255858,-78.532399,PICHINCHA,QUITO,QUITO,URBANA,2023-09-18,09:00:00,9,LUNES,1,SEPTIEMBRE,9,NO,REALIZAR CAMBIO BRUSCO O INDEBIDO DE CARRIL.,CHOQUE LATERAL,FURGONETA,1,0,0,0,0,0,0,1,0,0,0,0,0,2,79,HOMBRE,ILESO,CONDUCTOR PRESENTE,NO,NO,1
35679,153863,153864,2023,0,0,-0.245121,-78.493133,PICHINCHA,QUITO,QUITO,URBANA,2023-09-18,09:15:00,9,LUNES,1,SEPTIEMBRE,9,NO,"CONDUCIR DESATENTO A LAS CONDICIONES DE TRANSITO (CELULAR, PANTALLAS DE VIDEO, COMIDA, MAQUILLAJE O CUALQUIER OTRO ELEMENTO DISTRACTOR).",ESTRELLAMIENTOS,CAMION,0,0,0,1,0,0,0,0,0,0,0,0,0,1,-1,NO IDENTIFICADO,NO IDENTIFICADO,CONDUCTOR AUSENTE,NO,NO,2
35680,153864,153865,2023,0,0,-0.223599,-78.341274,PICHINCHA,QUITO,PIFO,RURAL,2023-09-18,09:45:00,9,LUNES,1,SEPTIEMBRE,9,NO,CONDUCIR VEHICULO SUPERANDO LOS LIMITES MAXIMOS DE VELOCIDAD.,COLISION,CAMIONETA,1,0,0,0,1,0,0,0,0,0,0,0,1,3,46,HOMBRE,ILESO,CONDUCTOR PRESENTE,NO,SI,3
35681,153868,153869,2023,0,0,-0.242601,-78.497885,PICHINCHA,QUITO,QUITO,URBANA,2023-09-18,11:11:00,11,LUNES,1,SEPTIEMBRE,9,NO,"CONDUCE BAJO LA INFLUENCIA DE ALCOHOL, SUSTANCIAS ESTUPEFACIENTES O PSICOTROPICAS Y/O MEDICAMENTOS.",CHOQUE LATERAL,AUTOMOVIL,2,0,0,0,0,0,0,0,0,0,0,0,0,2,30,HOMBRE,ILESO,CONDUCTOR PRESENTE,NO,NO,1
35682,153869,153870,2023,0,0,-0.211038,-78.498217,PICHINCHA,QUITO,QUITO,URBANA,2023-09-18,11:30:00,11,LUNES,1,SEPTIEMBRE,9,NO,"NO RESPETAR LAS SENIALES REGLAMENTARIAS DE TRANSITO. (PARE, CEDA EL PASO, LUZ ROJA DEL SEMAFORO, ETC).",CHOQUE LATERAL,CAMIONETA,1,0,0,0,1,0,0,0,0,0,0,0,0,2,63,HOMBRE,ILESO,CONDUCTOR PRESENTE,NO,NO,1
35683,153870,153871,2023,0,0,-0.344951,-78.548569,PICHINCHA,QUITO,QUITO,URBANA,2023-09-18,12:15:00,12,LUNES,1,SEPTIEMBRE,9,NO,"NO RESPETAR LAS SENIALES REGLAMENTARIAS DE TRANSITO. (PARE, CEDA EL PASO, LUZ ROJA DEL SEMAFORO, ETC).",CHOQUE LATERAL,FURGONETA,0,0,0,0,1,0,0,1,0,0,0,0,0,2,34,HOMBRE,ILESO,CONDUCTOR PRESENTE,NO,NO,1
35684,153873,153874,2023,2,0,-0.146191,-78.491236,PICHINCHA,QUITO,QUITO,URBANA,2023-09-18,12:55:00,12,LUNES,1,SEPTIEMBRE,9,NO,"NO RESPETAR LAS SENIALES REGLAMENTARIAS DE TRANSITO. (PARE, CEDA EL PASO, LUZ ROJA DEL SEMAFORO, ETC).",CHOQUE LATERAL,MOTOCICLETA,0,0,0,0,0,0,0,0,2,0,0,0,0,2,54,HOMBRE,LESIONADO,CONDUCTOR PRESENTE,NO,NO,1
35685,153880,153881,2023,2,0,-0.109344,-78.504283,PICHINCHA,QUITO,QUITO,URBANA,2023-09-18,14:30:00,14,LUNES,1,SEPTIEMBRE,9,NO,"CONDUCE BAJO LA INFLUENCIA DE ALCOHOL, SUSTANCIAS ESTUPEFACIENTES O PSICOTROPICAS Y/O MEDICAMENTOS.",OTROS,AUTOMOVIL,2,0,0,0,0,0,0,0,0,0,0,0,0,2,68,HOMBRE,LESIONADO,CONDUCTOR PRESENTE,NO,NO,1
35686,153881,153882,2023,1,0,-0.201763,-78.494868,PICHINCHA,QUITO,QUITO,URBANA,2023-09-18,14:40:00,14,LUNES,1,SEPTIEMBRE,9,NO,"NO RESPETAR LAS SENIALES REGLAMENTARIAS DE TRANSITO. (PARE, CEDA EL PASO, LUZ ROJA DEL SEMAFORO, ETC).",CHOQUE LATERAL,MOTOCICLETA,1,0,0,0,0,0,0,0,1,0,0,0,0,2,37,HOMBRE,LESIONADO,CONDUCTOR PRESENTE,NO,NO,1
35687,153883,153884,2023,0,1,-0.090807,-78.475854,PICHINCHA,QUITO,QUITO,URBANA,2023-09-18,15:25:00,15,LUNES,1,SEPTIEMBRE,9,NO,"NO RESPETAR LAS SENIALES REGLAMENTARIAS DE TRANSITO. (PARE, CEDA EL PASO, LUZ ROJA DEL SEMAFORO, ETC).",CHOQUE LATERAL,CAMION,0,1,0,1,0,0,0,0,0,0,0,0,0,2,59,HOMBRE,FALLECIDO,CONDUCTOR PRESENTE,NO,NO,1
35688,153884,153885,2023,1,0,-0.211047,-78.502644,PICHINCHA,QUITO,QUITO,URBANA,2023-09-18,15:30:00,15,LUNES,1,SEPTIEMBRE,9,NO,PEATON QUE CRUZA LA CALZADA SIN RESPETAR LA SENIALIZACION EXISTENTE (SEMAFOROS O SENIALES MANUALES).,ATROPELLOS,MOTOCICLETA,0,0,0,0,0,0,0,0,1,0,0,0,0,1,30,HOMBRE,LESIONADO,PEATON,NO,NO,1
35689,153893,153894,2023,1,0,-0.303305,-78.567047,PICHINCHA,QUITO,QUITO,URBANA,2023-09-18,18:15:00,18,LUNES,1,SEPTIEMBRE,9,NO,NO TRANSITAR POR LAS ACERAS O ZONAS DE SEGURIDAD DESTINADAS PARA EL EFECTO.,ATROPELLOS,AUTOMOVIL,1,0,0,0,0,0,0,0,0,0,0,0,0,1,72,HOMBRE,LESIONADO,PEATON,NO,NO,1
35690,153895,153896,2023,1,0,-0.206214,-78.500827,PICHINCHA,QUITO,QUITO,URBANA,2023-09-18,18:52:00,18,LUNES,1,SEPTIEMBRE,9,NO,PEATON QUE CRUZA LA CALZADA SIN RESPETAR LA SENIALIZACION EXISTENTE (SEMAFOROS O SENIALES MANUALES).,ATROPELLOS,MOTOCICLETA,0,0,0,0,0,0,0,0,1,0,0,0,0,1,59,HOMBRE,LESIONADO,PEATON,NO,NO,1
35691,153900,153901,2023,0,0,-0.240353,-78.482826,PICHINCHA,QUITO,QUITO,URBANA,2023-09-18,20:40:00,20,LUNES,1,SEPTIEMBRE,9,NO,CONDUCIR VEHICULO SUPERANDO LOS LIMITES MAXIMOS DE VELOCIDAD.,ESTRELLAMIENTOS,CAMION,0,0,0,1,0,0,0,0,0,0,0,0,0,1,51,HOMBRE,ILESO,CONDUCTOR PRESENTE,NO,NO,1
35692,153908,153909,2023,1,0,-0.192399,-78.496592,PICHINCHA,QUITO,QUITO,URBANA,2023-09-19,06:15:00,6,MARTES,2,SEPTIEMBRE,9,NO,"NO RESPETAR LAS SENIALES REGLAMENTARIAS DE TRANSITO. (PARE, CEDA EL PASO, LUZ ROJA DEL SEMAFORO, ETC).",CHOQUE LATERAL,AUTOMOVIL,2,0,0,0,0,0,0,0,0,0,0,0,0,2,44,HOMBRE,LESIONADO,CONDUCTOR PRESENTE,NO,NO,1
35693,153910,153911,2023,1,0,-0.115642,-78.491781,PICHINCHA,QUITO,QUITO,URBANA,2023-09-19,07:22:00,7,MARTES,2,SEPTIEMBRE,9,NO,"NO RESPETAR LAS SENIALES REGLAMENTARIAS DE TRANSITO. (PARE, CEDA EL PASO, LUZ ROJA DEL SEMAFORO, ETC).",CHOQUE LATERAL,BUS,0,0,1,0,0,0,0,0,1,0,0,0,0,2,21,HOMBRE,LESIONADO,CONDUCTOR PRESENTE,NO,NO,1
35694,153919,153920,2023,0,0,-0.253266,-78.514615,PICHINCHA,QUITO,QUITO,URBANA,2023-09-19,10:30:00,10,MARTES,2,SEPTIEMBRE,9,NO,NO CEDER EL DERECHO DE VIA O PREFERENCIA DE PASO A VEHICULOS.,CHOQUE LATERAL,AUTOMOVIL,2,0,0,0,0,0,0,0,0,0,0,0,0,2,59,HOMBRE,ILESO,CONDUCTOR PRESENTE,NO,NO,1
35695,153922,153923,2023,1,0,-0.276768,-78.542575,PICHINCHA,QUITO,QUITO,URBANA,2023-09-19,12:55:00,12,MARTES,2,SEPTIEMBRE,9,NO,NO CEDER EL DERECHO DE VIA O PREFERENCIA DE PASO AL PEATON.,ATROPELLOS,AUTOMOVIL,1,0,0,0,0,0,0,0,0,0,0,0,0,1,26,HOMBRE,LESIONADO,PEATON,NO,NO,1
35696,153923,153924,2023,0,0,-0.291311,-78.541957,PICHINCHA,QUITO,QUITO,URBANA,2023-09-19,13:10:00,13,MARTES,2,SEPTIEMBRE,9,NO,NO CEDER EL DERECHO DE VIA O PREFERENCIA DE PASO A VEHICULOS.,CHOQUE LATERAL,AUTOMOVIL,1,0,0,0,0,0,0,0,0,1,0,0,0,2,36,HOMBRE,ILESO,CONDUCTOR PRESENTE,NO,NO,1
35697,153924,153925,2023,0,0,-0.134014,-78.471807,PICHINCHA,QUITO,QUITO,URBANA,2023-09-19,13:15:00,13,MARTES,2,SEPTIEMBRE,9,NO,NO CEDER EL DERECHO DE VIA O PREFERENCIA DE PASO A VEHICULOS.,CHOQUE LATERAL,CAMIONETA,1,0,0,0,1,0,0,0,0,0,0,0,0,2,38,HOMBRE,ILESO,CONDUCTOR PRESENTE,NO,NO,1
35698,153926,153927,2023,1,0,-0.295904,-78.529208,PICHINCHA,QUITO,QUITO,URBANA,2023-09-19,13:20:00,13,MARTES,2,SEPTIEMBRE,9,NO,NO CEDER EL DERECHO DE VIA O PREFERENCIA DE PASO A VEHICULOS.,CHOQUE LATERAL,MOTOCICLETA,1,0,0,0,0,0,0,0,1,0,0,0,0,2,36,HOMBRE,LESIONADO,CONDUCTOR PRESENTE,NO,NO,1
35699,153930,153931,2023,1,0,-0.032527,-78.439439,PICHINCHA,QUITO,POMASQUI,RURAL,2023-09-19,15:06:00,15,MARTES,2,SEPTIEMBRE,9,NO,NO TRANSITAR POR LAS ACERAS O ZONAS DE SEGURIDAD DESTINADAS PARA EL EFECTO.,ATROPELLOS,MOTOCICLETA,0,0,0,0,0,0,0,0,1,0,0,0,0,1,26,MUJER,LESIONADO,PEATON,NO,NO,3
35700,153933,153934,2023,0,0,-0.168627,-78.469369,PICHINCHA,QUITO,QUITO,URBANA,2023-09-19,16:30:00,16,MARTES,2,SEPTIEMBRE,9,NO,NO MANTENER LA DISTANCIA PRUDENCIAL CON RESPECTO AL VEHICULO QUE LE ANTECEDE.,CHOQUE POSTERIOR,AUTOMOVIL,2,0,0,0,0,0,0,0,0,0,0,0,0,2,49,HOMBRE,ILESO,CONDUCTOR PRESENTE,NO,NO,1
35701,153934,153935,2023,1,0,-0.201209,-78.432822,PICHINCHA,QUITO,CUMBAYA,RURAL,2023-09-19,16:33:00,16,MARTES,2,SEPTIEMBRE,9,NO,NO CEDER EL DERECHO DE VIA O PREFERENCIA DE PASO AL PEATON.,ATROPELLOS,MOTOCICLETA,0,0,0,0,0,0,0,0,1,0,0,0,0,1,51,MUJER,LESIONADO,PEATON,NO,NO,3
35702,153937,153938,2023,1,0,-0.223801,-78.507454,PICHINCHA,QUITO,QUITO,URBANA,2023-09-19,17:52:00,17,MARTES,2,SEPTIEMBRE,9,NO,"PEATON TRANSITA BAJO INFLUENCIA DE ALCOHOL, SUSTANCIAS ESTUPEFACIENTES O PSICOTROPICAS Y/O MEDICAMENTOS.",ATROPELLOS,CAMIONETA,0,0,0,0,1,0,0,0,0,0,0,0,0,1,33,HOMBRE,LESIONADO,PEATON,NO,NO,1
35703,153940,153941,2023,0,0,-0.167522,-78.448332,PICHINCHA,QUITO,QUITO,URBANA,2023-09-19,18:50:00,18,MARTES,2,SEPTIEMBRE,9,NO,CONDUCIR VEHICULO SUPERANDO LOS LIMITES MAXIMOS DE VELOCIDAD.,COLISION,CAMIONETA,2,0,0,0,1,0,0,0,0,0,0,0,0,3,25,HOMBRE,ILESO,CONDUCTOR PRESENTE,NO,NO,1
35704,153942,153943,2023,1,0,-0.246331,-78.505011,PICHINCHA,QUITO,QUITO,URBANA,2023-09-19,19:20:00,19,MARTES,2,SEPTIEMBRE,9,NO,NO CEDER EL DERECHO DE VIA O PREFERENCIA DE PASO AL PEATON.,ATROPELLOS,NO IDENTIFICADO,0,0,0,0,0,0,0,0,0,1,0,0,0,1,45,HOMBRE,LESIONADO,PEATON,NO,NO,1
35705,153946,153947,2023,2,0,-0.299271,-78.544248,PICHINCHA,QUITO,QUITO,URBANA,2023-09-19,20:00:00,20,MARTES,2,SEPTIEMBRE,9,NO,"NO RESPETAR LAS SENIALES REGLAMENTARIAS DE TRANSITO. (PARE, CEDA EL PASO, LUZ ROJA DEL SEMAFORO, ETC).",CHOQUE LATERAL,MOTOCICLETA,0,0,0,0,0,0,0,0,1,1,0,0,0,2,19,HOMBRE,LESIONADO,PASAJERO,SI,NO,1
35706,153949,153950,2023,2,0,-0.344008,-78.548803,PICHINCHA,QUITO,QUITO,URBANA,2023-09-19,21:00:00,21,MARTES,2,SEPTIEMBRE,9,NO,"NO RESPETAR LAS SENIALES REGLAMENTARIAS DE TRANSITO. (PARE, CEDA EL PASO, LUZ ROJA DEL SEMAFORO, ETC).",CHOQUE LATERAL,NO IDENTIFICADO,0,0,0,0,0,0,0,0,0,2,0,0,0,2,21,HOMBRE,LESIONADO,PASAJERO,NO,NO,1
35707,153950,153951,2023,0,0,-0.159868,-78.491982,PICHINCHA,QUITO,QUITO,URBANA,2023-09-19,23:15:00,23,MARTES,2,SEPTIEMBRE,9,NO,"NO RESPETAR LAS SENIALES REGLAMENTARIAS DE TRANSITO. (PARE, CEDA EL PASO, LUZ ROJA DEL SEMAFORO, ETC).",CHOQUE LATERAL,AUTOMOVIL,2,0,0,0,0,0,0,0,0,0,0,0,0,2,32,HOMBRE,ILESO,CONDUCTOR PRESENTE,NO,NO,1
35708,153958,153959,2023,0,1,-0.153292,-78.466463,PICHINCHA,QUITO,QUITO,URBANA,2023-09-20,04:10:00,4,MIERCOLES,3,SEPTIEMBRE,9,NO,CONDUCIR VEHICULO SUPERANDO LOS LIMITES MAXIMOS DE VELOCIDAD.,ESTRELLAMIENTOS,MOTOCICLETA,0,0,0,0,0,0,0,0,1,0,0,0,0,1,38,HOMBRE,FALLECIDO,CONDUCTOR PRESENTE,NO,NO,1
35709,153963,153964,2023,1,0,-0.292702,-78.535253,PICHINCHA,QUITO,QUITO,URBANA,2023-09-20,06:50:00,6,MIERCOLES,3,SEPTIEMBRE,9,NO,PEATON QUE CRUZA LA CALZADA SIN RESPETAR LA SENIALIZACION EXISTENTE (SEMAFOROS O SENIALES MANUALES).,ATROPELLOS,CAMION,0,0,0,1,0,0,0,0,0,0,0,0,0,1,16,MUJER,LESIONADO,PEATON,NO,NO,1
35710,153970,153971,2023,0,0,-0.160577,-78.447598,PICHINCHA,QUITO,NAYON,RURAL,2023-09-20,09:50:00,9,MIERCOLES,3,SEPTIEMBRE,9,NO,CONDUCIR EN SENTIDO CONTRARIO A LA VIA NORMAL DE CIRCULACION.,CHOQUE FRONTAL,BUS,0,0,1,0,1,0,0,0,0,0,0,0,0,2,37,HOMBRE,ILESO,CONDUCTOR PRESENTE,NO,NO,3
35711,153971,153972,2023,1,0,-0.177585,-78.473547,PICHINCHA,QUITO,QUITO,URBANA,2023-09-20,10:08:00,10,MIERCOLES,3,SEPTIEMBRE,9,NO,CONDUCIR VEHICULO SUPERANDO LOS LIMITES MAXIMOS DE VELOCIDAD.,COLISION,CAMIONETA,2,0,0,0,1,0,0,0,0,0,0,0,0,3,48,MUJER,LESIONADO,CONDUCTOR PRESENTE,NO,NO,1
35712,153976,153977,2023,1,0,-0.260371,-78.547782,PICHINCHA,QUITO,QUITO,URBANA,2023-09-20,12:45:00,12,MIERCOLES,3,SEPTIEMBRE,9,NO,"NO RESPETAR LAS SENIALES REGLAMENTARIAS DE TRANSITO. (PARE, CEDA EL PASO, LUZ ROJA DEL SEMAFORO, ETC).",CHOQUE LATERAL,MOTOCICLETA,1,0,0,0,0,0,0,0,1,0,0,0,0,2,4,MUJER,LESIONADO,PASAJERO,NO,NO,1
35713,153986,153987,2023,0,0,-0.229571,-78.506889,PICHINCHA,QUITO,QUITO,URBANA,2023-09-20,18:20:00,18,MIERCOLES,3,SEPTIEMBRE,9,NO,"CONDUCE BAJO LA INFLUENCIA DE ALCOHOL, SUSTANCIAS ESTUPEFACIENTES O PSICOTROPICAS Y/O MEDICAMENTOS.",COLISION,AUTOMOVIL,3,0,0,0,0,0,0,0,0,0,0,0,0,3,25,HOMBRE,ILESO,CONDUCTOR PRESENTE,NO,NO,1
35714,153990,153991,2023,0,0,-0.170926,-78.485485,PICHINCHA,QUITO,QUITO,URBANA,2023-09-20,21:44:00,21,MIERCOLES,3,SEPTIEMBRE,9,NO,"CONDUCE BAJO LA INFLUENCIA DE ALCOHOL, SUSTANCIAS ESTUPEFACIENTES O PSICOTROPICAS Y/O MEDICAMENTOS.",ESTRELLAMIENTOS,AUTOMOVIL,1,0,0,0,0,0,0,0,0,0,0,0,0,1,61,HOMBRE,ILESO,CONDUCTOR PRESENTE,NO,NO,1
35715,153992,153993,2023,0,0,-0.207686,-78.507231,PICHINCHA,QUITO,QUITO,URBANA,2023-09-20,22:30:00,22,MIERCOLES,3,SEPTIEMBRE,9,NO,"NO RESPETAR LAS SENIALES REGLAMENTARIAS DE TRANSITO. (PARE, CEDA EL PASO, LUZ ROJA DEL SEMAFORO, ETC).",CHOQUE LATERAL,AUTOMOVIL,2,0,0,0,0,0,0,0,0,0,0,0,0,2,24,HOMBRE,ILESO,PASAJERO,NO,NO,1
35716,153993,153994,2023,1,1,-0.220055,-78.423912,PICHINCHA,QUITO,TUMBACO,RURAL,2023-09-21,00:45:00,0,JUEVES,4,SEPTIEMBRE,9,NO,CONDUCIR VEHICULO SUPERANDO LOS LIMITES MAXIMOS DE VELOCIDAD.,ESTRELLAMIENTOS,AUTOMOVIL,1,0,0,0,0,0,0,0,0,0,0,0,0,1,22,MUJER,FALLECIDO,PASAJERO,NO,NO,3
35717,153994,153995,2023,2,0,-0.200629,-78.497011,PICHINCHA,QUITO,QUITO,URBANA,2023-09-21,01:10:00,1,JUEVES,4,SEPTIEMBRE,9,NO,"NO RESPETAR LAS SENIALES REGLAMENTARIAS DE TRANSITO. (PARE, CEDA EL PASO, LUZ ROJA DEL SEMAFORO, ETC).",CHOQUE LATERAL,MOTOCICLETA,1,0,0,0,0,0,0,0,1,0,0,0,0,2,29,HOMBRE,LESIONADO,PASAJERO,NO,NO,1
35718,153996,153997,2023,0,0,-0.311801,-78.547301,PICHINCHA,QUITO,QUITO,URBANA,2023-09-21,01:50:00,1,JUEVES,4,SEPTIEMBRE,9,NO,"NO RESPETAR LAS SENIALES REGLAMENTARIAS DE TRANSITO. (PARE, CEDA EL PASO, LUZ ROJA DEL SEMAFORO, ETC).",CHOQUE LATERAL,AUTOMOVIL,2,0,0,0,0,0,0,0,0,0,0,0,0,2,32,HOMBRE,ILESO,CONDUCTOR PRESENTE,NO,NO,1
35719,153998,153999,2023,0,0,-0.268749,-78.533306,PICHINCHA,QUITO,QUITO,URBANA,2023-09-21,02:40:00,2,JUEVES,4,SEPTIEMBRE,9,NO,CONDUCIR VEHICULO SUPERANDO LOS LIMITES MAXIMOS DE VELOCIDAD.,ESTRELLAMIENTOS,AUTOMOVIL,1,0,0,0,0,0,0,0,0,0,0,0,0,1,-1,NO IDENTIFICADO,NO IDENTIFICADO,CONDUCTOR AUSENTE,NO,NO,2
35720,153999,154000,2023,1,0,0.002459,-78.441721,PICHINCHA,QUITO,SAN ANTONIO (QUITO),RURAL,2023-09-21,03:30:00,3,JUEVES,4,SEPTIEMBRE,9,NO,CONDUCIR VEHICULO SUPERANDO LOS LIMITES MAXIMOS DE VELOCIDAD.,ESTRELLAMIENTOS,AUTOMOVIL,1,0,0,0,0,0,0,0,0,0,0,0,0,1,31,HOMBRE,LESIONADO,CONDUCTOR PRESENTE,NO,NO,3
35721,154004,154005,2023,0,0,-0.218314,-78.466519,PICHINCHA,QUITO,QUITO,RURAL,2023-09-21,06:37:00,6,JUEVES,4,SEPTIEMBRE,9,NO,CONDUCIR VEHICULO SUPERANDO LOS LIMITES MAXIMOS DE VELOCIDAD.,ESTRELLAMIENTOS,AUTOMOVIL,1,0,0,0,0,0,0,0,0,0,0,0,0,1,44,HOMBRE,ILESO,CONDUCTOR PRESENTE,NO,NO,3
35722,154012,154013,2023,1,0,-0.208648,-78.501734,PICHINCHA,QUITO,QUITO,URBANA,2023-09-21,11:55:00,11,JUEVES,4,SEPTIEMBRE,9,NO,"CONDUCE BAJO LA INFLUENCIA DE ALCOHOL, SUSTANCIAS ESTUPEFACIENTES O PSICOTROPICAS Y/O MEDICAMENTOS.",ATROPELLOS,MOTOCICLETA,0,0,0,0,0,0,0,0,1,0,0,0,0,1,68,MUJER,LESIONADO,PEATON,NO,NO,1
35723,154026,154027,2023,1,0,-0.249828,-78.502728,PICHINCHA,QUITO,QUITO,URBANA,2023-09-21,17:10:00,17,JUEVES,4,SEPTIEMBRE,9,NO,CONDUCIR VEHICULO SUPERANDO LOS LIMITES MAXIMOS DE VELOCIDAD.,ESTRELLAMIENTOS,MOTOCICLETA,0,0,0,0,1,0,0,0,1,0,0,0,0,2,25,HOMBRE,LESIONADO,CONDUCTOR PRESENTE,NO,NO,1