,Unnamed: 0,ID,ANIO,LESIONADOS,FALLECIDOS,LATITUD_Y,LONGITUD_X,PROVINCIA,CANTON,PARROQUIA,ZONA,FECHA,HORA,PERIODO_2,DIA_1,DIA_2,MES_1,MES_2,FERIADO,CAUSA_PROBABLE,TIPO_DE_SINIESTRO,TIPO_DE_VEHICULO_1,AUTOMOVIL,BICICLETA,BUS,CAMION,CAMIONETA,EMERGENCIAS,ESPECIAL,FURGONETA,MOTOCICLETA,NO_IDENTIFICADO,SCOOTER_ELECTRICO,TRICIMOTO,VEHICULO_DEPORTIVO_UTILITARIO,SUMA_DE_VEHICULOS,EDAD_1,SEXO_1,CONDICION_1,PARTICIPANTE_1,CASCO_1,CINTURON_1,KMeans_Cluster
35782,154351,154352,2023,0,0,-0.213159,-78.483726,PICHINCHA,QUITO,QUITO,URBANA,2023-09-26,20:15:00,20,MARTES,2,SEPTIEMBRE,9,NO,"NO RESPETAR LAS SENIALES REGLAMENTARIAS DE TRANSITO. (PARE, CEDA EL PASO, LUZ ROJA DEL SEMAFORO, ETC).",OTROS,MOTOCICLETA,0,0,0,0,0,0,0,0,1,0,0,0,0,1,-1,NO IDENTIFICADO,NO IDENTIFICADO,CONDUCTOR AUSENTE,NO,NO,2
35783,154352,154353,2023,0,0,-0.200686,-78.497025,PICHINCHA,QUITO,QUITO,URBANA,2023-09-26,20:51:00,20,MARTES,2,SEPTIEMBRE,9,NO,"NO RESPETAR LAS SENIALES REGLAMENTARIAS DE TRANSITO. (PARE, CEDA EL PASO, LUZ ROJA DEL SEMAFORO, ETC).",CHOQUE LATERAL,AUTOMOVIL,2,0,0,0,0,0,0,0,0,0,0,0,0,2,26,HOMBRE,ILESO,CONDUCTOR PRESENTE,NO,NO,1
35784,154361,154362,2023,1,0,-0.148418,-78.498278,PICHINCHA,QUITO,QUITO,URBANA,2023-09-27,05:20:00,5,MIERCOLES,3,SEPTIEMBRE,9,NO,NO MANTENER LA DISTANCIA PRUDENCIAL CON RESPECTO AL VEHICULO QUE LE ANTECEDE.,OTROS,AUTOMOVIL,1,0,0,0,0,0,0,0,0,1,0,0,0,2,33,HOMBRE,LESIONADO,CONDUCTOR PRESENTE,NO,NO,1
35785,154369,154370,2023,0,0,-0.168878,-78.469468,PICHINCHA,QUITO,QUITO,URBANA,2023-09-27,09:15:00,9,MIERCOLES,3,SEPTIEMBRE,9,NO,NO MANTENER LA DISTANCIA PRUDENCIAL CON RESPECTO AL VEHICULO QUE LE ANTECEDE.,CHOQUE POSTERIOR,CAMIONETA,1,0,0,0,1,0,0,0,0,0,0,0,0,2,53,HOMBRE,ILESO,CONDUCTOR PRESENTE,NO,NO,1
35786,154374,154375,2023,1,0,-0.142889,-78.493401,PICHINCHA,QUITO,QUITO,URBANA,2023-09-27,12:40:00,12,MIERCOLES,3,SEPTIEMBRE,9,NO,"NO RESPETAR LAS SENIALES REGLAMENTARIAS DE TRANSITO. (PARE, CEDA EL PASO, LUZ ROJA DEL SEMAFORO, ETC).",CHOQUE LATERAL,BUS,1,0,1,0,0,0,0,0,0,0,0,0,0,2,77,HOMBRE,LESIONADO,PASAJERO,NO,NO,1
35787,154376,154377,2023,2,0,-0.136616,-78.497121,PICHINCHA,QUITO,QUITO,URBANA,2023-09-27,13:30:00,13,MIERCOLES,3,SEPTIEMBRE,9,NO,"NO RESPETAR LAS SENIALES REGLAMENTARIAS DE TRANSITO. (PARE, CEDA EL PASO, LUZ ROJA DEL SEMAFORO, ETC).",CHOQUE LATERAL,BUS,0,0,1,1,0,0,0,0,0,0,0,0,0,2,35,HOMBRE,LESIONADO,CONDUCTOR PRESENTE,NO,NO,1
35788,154380,154381,2023,0,0,-0.203873,-78.488945,PICHINCHA,QUITO,QUITO,URBANA,2023-09-27,14:30:00,14,MIERCOLES,3,SEPTIEMBRE,9,NO,"NO RESPETAR LAS SENIALES REGLAMENTARIAS DE TRANSITO. (PARE, CEDA EL PASO, LUZ ROJA DEL SEMAFORO, ETC).",CHOQUE LATERAL,AUTOMOVIL,2,0,0,0,0,0,0,0,0,0,0,0,0,2,37,HOMBRE,ILESO,CONDUCTOR PRESENTE,NO,NO,1
35789,154383,154384,2023,0,0,-0.105387,-78.497658,PICHINCHA,QUITO,QUITO,URBANA,2023-09-27,15:20:00,15,MIERCOLES,3,SEPTIEMBRE,9,NO,NO CEDER EL DERECHO DE VIA O PREFERENCIA DE PASO A VEHICULOS.,CHOQUE LATERAL,AUTOMOVIL,2,0,0,0,0,0,0,0,0,0,0,0,0,2,51,HOMBRE,ILESO,CONDUCTOR PRESENTE,NO,NO,1
35790,154389,154390,2023,0,0,-0.205574,-78.491894,PICHINCHA,QUITO,QUITO,URBANA,2023-09-27,17:45:00,17,MIERCOLES,3,SEPTIEMBRE,9,NO,"CONDUCE BAJO LA INFLUENCIA DE ALCOHOL, SUSTANCIAS ESTUPEFACIENTES O PSICOTROPICAS Y/O MEDICAMENTOS.",CHOQUE FRONTAL,MOTOCICLETA,1,0,0,0,0,0,0,0,1,0,0,0,0,2,42,HOMBRE,ILESO,CONDUCTOR PRESENTE,NO,NO,1
35791,154390,154391,2023,0,0,-0.196679,-78.440664,PICHINCHA,QUITO,CUMBAYA,RURAL,2023-09-27,18:00:00,18,MIERCOLES,3,SEPTIEMBRE,9,NO,CONDUCIR EN SENTIDO CONTRARIO A LA VIA NORMAL DE CIRCULACION.,CHOQUE FRONTAL,MOTOCICLETA,1,0,0,0,0,0,0,0,1,0,0,0,0,2,26,HOMBRE,ILESO,CONDUCTOR PRESENTE,NO,NO,3
35792,154391,154392,2023,0,0,-0.167379,-78.448078,PICHINCHA,QUITO,QUITO,URBANA,2023-09-27,18:30:00,18,MIERCOLES,3,SEPTIEMBRE,9,NO,NO GUARDAR LA DISTANCIA LATERAL MINIMA DE SEGURIDAD ENTRE VEHICULOS.,ROZAMIENTOS,BUS,0,0,2,0,0,0,0,0,0,0,0,0,0,2,30,HOMBRE,ILESO,CONDUCTOR PRESENTE,NO,NO,1
35793,154395,154396,2023,0,1,-0.318611,-78.549452,PICHINCHA,QUITO,QUITO,URBANA,2023-09-27,19:10:00,19,MIERCOLES,3,SEPTIEMBRE,9,NO,DEJAR O RECOGER PASAJEROS EN LUGARES NO PERMITIDOS.,CAIDA DE PASAJERO,NO IDENTIFICADO,0,0,0,0,0,0,0,0,0,1,0,0,0,1,15,HOMBRE,FALLECIDO,PASAJERO,NO,NO,1
35794,154401,154402,2023,2,0,-0.415005,-78.799921,PICHINCHA,MEJIA,MANUEL CORNEJO ASTORGA,RURAL,2023-09-27,21:40:00,21,MIERCOLES,3,SEPTIEMBRE,9,NO,"CONDUCIR DESATENTO A LAS CONDICIONES DE TRANSITO (CELULAR, PANTALLAS DE VIDEO, COMIDA, MAQUILLAJE O CUALQUIER OTRO ELEMENTO DISTRACTOR).",ARROLLAMIENTOS,CAMION,0,0,0,1,0,0,0,0,0,1,0,0,0,2,52,HOMBRE,LESIONADO,CONDUCTOR PRESENTE,NO,NO,3
35795,154405,154406,2023,1,0,-0.453933,-78.758278,PICHINCHA,MEJIA,MANUEL CORNEJO ASTORGA,RURAL,2023-09-27,23:35:00,23,MIERCOLES,3,SEPTIEMBRE,9,NO,"CONDUCIR DESATENTO A LAS CONDICIONES DE TRANSITO (CELULAR, PANTALLAS DE VIDEO, COMIDA, MAQUILLAJE O CUALQUIER OTRO ELEMENTO DISTRACTOR).",ATROPELLOS,NO IDENTIFICADO,0,0,0,0,0,0,0,0,0,1,0,0,0,1,-1,HOMBRE,LESIONADO,PEATON,NO,NO,3
35796,154412,154413,2023,0,0,-0.231823,-78.490324,PICHINCHA,QUITO,QUITO,URBANA,2023-09-28,05:15:00,5,JUEVES,4,SEPTIEMBRE,9,NO,CONDUCIR VEHICULO SUPERANDO LOS LIMITES MAXIMOS DE VELOCIDAD.,ESTRELLAMIENTOS,CAMIONETA,0,0,0,0,1,0,0,0,0,0,0,0,0,1,40,HOMBRE,ILESO,PASAJERO,NO,NO,1
35797,154415,154416,2023,0,0,-0.118016,-78.495817,PICHINCHA,QUITO,QUITO,URBANA,2023-09-28,07:19:00,7,JUEVES,4,SEPTIEMBRE,9,NO,"NO RESPETAR LAS SENIALES REGLAMENTARIAS DE TRANSITO. (PARE, CEDA EL PASO, LUZ ROJA DEL SEMAFORO, ETC).",CHOQUE LATERAL,AUTOMOVIL,2,0,0,0,0,0,0,0,0,0,0,0,0,2,38,MUJER,ILESO,CONDUCTOR PRESENTE,NO,NO,1
35798,154421,154422,2023,1,0,-0.291439,-78.545437,PICHINCHA,QUITO,QUITO,URBANA,2023-09-28,09:50:00,9,JUEVES,4,SEPTIEMBRE,9,NO,NO TRANSITAR POR LAS ACERAS O ZONAS DE SEGURIDAD DESTINADAS PARA EL EFECTO.,ATROPELLOS,MOTOCICLETA,0,0,0,0,0,0,0,0,1,0,0,0,0,1,35,MUJER,LESIONADO,PEATON,NO,NO,1
35799,154429,154430,2023,1,0,-0.239773,-78.522695,PICHINCHA,QUITO,QUITO,URBANA,2023-09-28,14:30:00,14,JUEVES,4,SEPTIEMBRE,9,NO,"NO RESPETAR LAS SENIALES REGLAMENTARIAS DE TRANSITO. (PARE, CEDA EL PASO, LUZ ROJA DEL SEMAFORO, ETC).",CHOQUE LATERAL,CAMION,0,0,0,1,0,0,0,0,1,0,0,0,0,2,29,HOMBRE,LESIONADO,CONDUCTOR PRESENTE,NO,NO,1
35800,154439,154440,2023,0,0,-0.282812,-78.544246,PICHINCHA,QUITO,QUITO,URBANA,2023-09-28,18:00:00,18,JUEVES,4,SEPTIEMBRE,9,NO,NO MANTENER LA DISTANCIA PRUDENCIAL CON RESPECTO AL VEHICULO QUE LE ANTECEDE.,CHOQUE POSTERIOR,BUS,1,0,1,0,0,0,0,0,0,0,0,0,0,2,37,HOMBRE,ILESO,CONDUCTOR PRESENTE,NO,NO,1
35801,154440,154441,2023,1,0,-0.344208,-78.542739,PICHINCHA,QUITO,QUITO,URBANA,2023-09-28,18:00:00,18,JUEVES,4,SEPTIEMBRE,9,NO,REALIZAR CAMBIO BRUSCO O INDEBIDO DE CARRIL.,CHOQUE FRONTAL,CAMION,0,0,0,1,0,0,0,0,1,0,0,0,0,2,48,HOMBRE,LESIONADO,CONDUCTOR PRESENTE,NO,NO,1
35802,154444,154445,2023,1,0,-0.327287,-78.555755,PICHINCHA,QUITO,QUITO,URBANA,2023-09-28,19:00:00,19,JUEVES,4,SEPTIEMBRE,9,NO,"NO RESPETAR LAS SENIALES REGLAMENTARIAS DE TRANSITO. (PARE, CEDA EL PASO, LUZ ROJA DEL SEMAFORO, ETC).",CHOQUE LATERAL,MOTOCICLETA,1,0,0,0,0,0,0,0,1,0,0,0,0,2,27,HOMBRE,LESIONADO,CONDUCTOR PRESENTE,NO,NO,1
35803,154449,154450,2023,0,0,-0.152256,-78.465416,PICHINCHA,QUITO,QUITO,URBANA,2023-09-28,20:30:00,20,JUEVES,4,SEPTIEMBRE,9,NO,"CONDUCE BAJO LA INFLUENCIA DE ALCOHOL, SUSTANCIAS ESTUPEFACIENTES O PSICOTROPICAS Y/O MEDICAMENTOS.",CHOQUE LATERAL,AUTOMOVIL,2,0,0,0,0,0,0,0,0,0,0,0,0,2,21,HOMBRE,ILESO,CONDUCTOR PRESENTE,NO,NO,1
35804,154452,154453,2023,0,0,-0.316292,-78.535519,PICHINCHA,QUITO,QUITO,URBANA,2023-09-28,22:30:00,22,JUEVES,4,SEPTIEMBRE,9,NO,"CONDUCE BAJO LA INFLUENCIA DE ALCOHOL, SUSTANCIAS ESTUPEFACIENTES O PSICOTROPICAS Y/O MEDICAMENTOS.",ESTRELLAMIENTOS,AUTOMOVIL,2,0,0,0,0,0,0,0,0,0,0,0,0,2,32,HOMBRE,ILESO,CONDUCTOR PRESENTE,NO,NO,1
35805,154453,154454,2023,0,0,-0.200671,-78.497028,PICHINCHA,QUITO,QUITO,URBANA,2023-09-28,22:40:00,22,JUEVES,4,SEPTIEMBRE,9,NO,"NO RESPETAR LAS SENIALES REGLAMENTARIAS DE TRANSITO. (PARE, CEDA EL PASO, LUZ ROJA DEL SEMAFORO, ETC).",CHOQUE LATERAL,AUTOMOVIL,2,0,0,0,0,0,0,0,0,0,0,0,0,2,43,HOMBRE,ILESO,CONDUCTOR PRESENTE,NO,NO,1
35806,154468,154469,2023,0,0,-0.203428,-78.458813,PICHINCHA,QUITO,QUITO,RURAL,2023-09-29,07:29:00,7,VIERNES,5,SEPTIEMBRE,9,NO,CONDUCIR VEHICULO SUPERANDO LOS LIMITES MAXIMOS DE VELOCIDAD.,CHOQUE LATERAL,MOTOCICLETA,0,0,0,0,1,0,0,0,1,0,0,0,0,2,33,HOMBRE,ILESO,CONDUCTOR PRESENTE,NO,NO,3
35807,154470,154471,2023,1,0,-0.103214,-78.451541,PICHINCHA,QUITO,CALDERON (CARAPUNGO),RURAL,2023-09-29,07:30:00,7,VIERNES,5,SEPTIEMBRE,9,NO,CONDUCIR VEHICULO SUPERANDO LOS LIMITES MAXIMOS DE VELOCIDAD.,CHOQUE LATERAL,MOTOCICLETA,0,0,0,0,1,0,0,0,1,0,0,0,0,2,19,HOMBRE,LESIONADO,CONDUCTOR PRESENTE,NO,NO,3
35808,154471,154472,2023,1,0,-0.057511,-78.429817,PICHINCHA,QUITO,CALDERON (CARAPUNGO),RURAL,2023-09-29,07:40:00,7,VIERNES,5,SEPTIEMBRE,9,NO,CONDUCIR VEHICULO SUPERANDO LOS LIMITES MAXIMOS DE VELOCIDAD.,CHOQUE LATERAL,BUS,0,0,1,0,0,0,0,0,1,0,0,0,0,2,25,HOMBRE,LESIONADO,CONDUCTOR PRESENTE,NO,NO,3
35809,154478,154479,2023,1,0,-0.317429,-78.553656,PICHINCHA,QUITO,QUITO,URBANA,2023-09-29,11:13:00,11,VIERNES,5,SEPTIEMBRE,9,NO,NO MANTENER LA DISTANCIA PRUDENCIAL CON RESPECTO AL VEHICULO QUE LE ANTECEDE.,CHOQUE POSTERIOR,BICICLETA,0,1,0,0,0,0,0,0,0,1,0,0,0,2,35,HOMBRE,LESIONADO,CONDUCTOR PRESENTE,NO,NO,1
35810,154481,154482,2023,0,0,-0.264629,-78.538443,PICHINCHA,QUITO,QUITO,URBANA,2023-09-29,12:00:00,12,VIERNES,5,SEPTIEMBRE,9,NO,CONDUCIR VEHICULO SUPERANDO LOS LIMITES MAXIMOS DE VELOCIDAD.,ESTRELLAMIENTOS,CAMIONETA,0,0,0,0,1,0,0,0,0,0,0,0,0,1,28,MUJER,ILESO,CONDUCTOR PRESENTE,NO,NO,1
35811,154483,154484,2023,0,0,-0.094833,-78.477526,PICHINCHA,QUITO,QUITO,URBANA,2023-09-29,12:50:00,12,VIERNES,5,SEPTIEMBRE,9,NO,"NO RESPETAR LAS SENIALES REGLAMENTARIAS DE TRANSITO. (PARE, CEDA EL PASO, LUZ ROJA DEL SEMAFORO, ETC).",CHOQUE LATERAL,AUTOMOVIL,2,0,0,0,0,0,0,0,0,0,0,0,0,2,80,HOMBRE,ILESO,CONDUCTOR PRESENTE,NO,NO,1
35812,154492,154493,2023,1,0,-0.278877,-78.544577,PICHINCHA,QUITO,QUITO,URBANA,2023-09-29,15:15:00,15,VIERNES,5,SEPTIEMBRE,9,NO,"NO RESPETAR LAS SENIALES REGLAMENTARIAS DE TRANSITO. (PARE, CEDA EL PASO, LUZ ROJA DEL SEMAFORO, ETC).",CHOQUE LATERAL,NO IDENTIFICADO,0,0,0,0,0,0,0,0,0,2,0,0,0,2,37,HOMBRE,LESIONADO,CONDUCTOR PRESENTE,NO,NO,1
35813,154493,154494,2023,1,0,-0.341328,-78.522115,PICHINCHA,QUITO,QUITO,URBANA,2023-09-29,15:40:00,15,VIERNES,5,SEPTIEMBRE,9,NO,"CONDUCE BAJO LA INFLUENCIA DE ALCOHOL, SUSTANCIAS ESTUPEFACIENTES O PSICOTROPICAS Y/O MEDICAMENTOS.",CHOQUE POSTERIOR,CAMION,1,0,0,1,0,0,0,0,0,0,0,0,0,2,43,HOMBRE,LESIONADO,CONDUCTOR PRESENTE,NO,NO,1
35814,154494,154495,2023,0,1,-0.221448,-78.333959,PICHINCHA,QUITO,PIFO,RURAL,2023-09-29,16:00:00,16,VIERNES,5,SEPTIEMBRE,9,NO,REALIZAR CAMBIO BRUSCO O INDEBIDO DE CARRIL.,ESTRELLAMIENTOS,MOTOCICLETA,0,0,0,0,0,0,0,0,1,0,0,0,0,1,62,HOMBRE,FALLECIDO,CONDUCTOR PRESENTE,NO,NO,3
35815,154496,154497,2023,1,0,-0.248822,-78.502204,PICHINCHA,QUITO,QUITO,URBANA,2023-09-29,17:15:00,17,VIERNES,5,SEPTIEMBRE,9,NO,"NO RESPETAR LAS SENIALES REGLAMENTARIAS DE TRANSITO. (PARE, CEDA EL PASO, LUZ ROJA DEL SEMAFORO, ETC).",CHOQUE LATERAL,AUTOMOVIL,2,0,0,0,0,0,0,0,0,0,0,0,0,2,36,HOMBRE,LESIONADO,CONDUCTOR PRESENTE,NO,NO,1
35816,154499,154500,2023,2,0,-0.334646,-78.550194,PICHINCHA,QUITO,QUITO,URBANA,2023-09-29,17:45:00,17,VIERNES,5,SEPTIEMBRE,9,NO,NO TRANSITAR POR LAS ACERAS O ZONAS DE SEGURIDAD DESTINADAS PARA EL EFECTO.,ATROPELLOS,BUS,0,0,1,0,0,0,0,0,0,0,0,0,0,1,10,HOMBRE,LESIONADO,PEATON,NO,NO,1
35817,154515,154516,2023,2,0,-0.241753,-78.521186,PICHINCHA,QUITO,QUITO,URBANA,2023-09-29,21:30:00,21,VIERNES,5,SEPTIEMBRE,9,NO,"CONDUCE BAJO LA INFLUENCIA DE ALCOHOL, SUSTANCIAS ESTUPEFACIENTES O PSICOTROPICAS Y/O MEDICAMENTOS.",OTROS,AUTOMOVIL,2,0,0,0,0,0,0,0,0,0,0,0,0,2,46,HOMBRE,LESIONADO,PASAJERO,NO,NO,1
35818,154517,154518,2023,2,0,-0.160321,-78.466779,PICHINCHA,QUITO,QUITO,URBANA,2023-09-29,21:52:00,21,VIERNES,5,SEPTIEMBRE,9,NO,"CONDUCE BAJO LA INFLUENCIA DE ALCOHOL, SUSTANCIAS ESTUPEFACIENTES O PSICOTROPICAS Y/O MEDICAMENTOS.",CHOQUE LATERAL,MOTOCICLETA,1,0,0,0,0,0,0,0,1,0,0,0,0,2,27,HOMBRE,LESIONADO,CONDUCTOR PRESENTE,NO,NO,1
35819,154522,154523,2023,0,0,-0.146147,-78.491285,PICHINCHA,QUITO,QUITO,URBANA,2023-09-29,23:30:00,23,VIERNES,5,SEPTIEMBRE,9,NO,"NO RESPETAR LAS SENIALES REGLAMENTARIAS DE TRANSITO. (PARE, CEDA EL PASO, LUZ ROJA DEL SEMAFORO, ETC).",CHOQUE LATERAL,AUTOMOVIL,2,0,0,0,0,0,0,0,0,0,0,0,0,2,46,HOMBRE,ILESO,PASAJERO,NO,NO,1
35820,154526,154527,2023,0,0,-0.176834,-78.481016,PICHINCHA,QUITO,QUITO,URBANA,2023-09-30,00:40:00,0,SABADO,6,SEPTIEMBRE,9,NO,"CONDUCE BAJO LA INFLUENCIA DE ALCOHOL, SUSTANCIAS ESTUPEFACIENTES O PSICOTROPICAS Y/O MEDICAMENTOS.",CHOQUE LATERAL,AUTOMOVIL,2,0,0,0,0,0,0,0,0,0,0,0,0,2,39,HOMBRE,ILESO,CONDUCTOR PRESENTE,NO,NO,1
35821,154532,154533,2023,0,0,-0.286647,-78.489177,PICHINCHA,QUITO,CONOCOTO,RURAL,2023-09-30,01:45:00,1,SABADO,6,SEPTIEMBRE,9,NO,"CONDUCE BAJO LA INFLUENCIA DE ALCOHOL, SUSTANCIAS ESTUPEFACIENTES O PSICOTROPICAS Y/O MEDICAMENTOS.",ESTRELLAMIENTOS,AUTOMOVIL,1,0,0,0,0,0,0,0,0,0,0,0,0,1,33,HOMBRE,ILESO,CONDUCTOR PRESENTE,NO,NO,3
35822,154534,154535,2023,2,0,-0.291028,-78.545908,PICHINCHA,QUITO,QUITO,URBANA,2023-09-30,02:00:00,2,SABADO,6,SEPTIEMBRE,9,NO,NO CEDER EL DERECHO DE VIA O PREFERENCIA DE PASO A VEHICULOS.,CHOQUE LATERAL,NO IDENTIFICADO,0,0,0,0,0,0,0,0,0,2,0,0,0,2,25,HOMBRE,LESIONADO,PASAJERO,NO,NO,1
35823,154539,154540,2023,0,0,-0.209193,-78.496261,PICHINCHA,QUITO,QUITO,URBANA,2023-09-30,03:25:00,3,SABADO,6,SEPTIEMBRE,9,NO,CONDUCIR VEHICULO SUPERANDO LOS LIMITES MAXIMOS DE VELOCIDAD.,ESTRELLAMIENTOS,CAMIONETA,0,0,0,0,1,0,0,0,0,0,0,0,0,1,-1,NO IDENTIFICADO,NO IDENTIFICADO,CONDUCTOR AUSENTE,NO,NO,2
35824,154545,154546,2023,0,0,-0.105716,-78.499716,PICHINCHA,QUITO,QUITO,URBANA,2023-09-30,04:50:00,4,SABADO,6,SEPTIEMBRE,9,NO,"CONDUCE BAJO LA INFLUENCIA DE ALCOHOL, SUSTANCIAS ESTUPEFACIENTES O PSICOTROPICAS Y/O MEDICAMENTOS.",OTROS,CAMIONETA,2,0,0,0,1,0,0,0,0,0,0,0,0,3,23,HOMBRE,ILESO,CONDUCTOR PRESENTE,NO,NO,1
35825,154546,154547,2023,2,0,-0.319691,-78.557197,PICHINCHA,QUITO,QUITO,URBANA,2023-09-30,05:30:00,5,SABADO,6,SEPTIEMBRE,9,NO,"CONDUCE BAJO LA INFLUENCIA DE ALCOHOL, SUSTANCIAS ESTUPEFACIENTES O PSICOTROPICAS Y/O MEDICAMENTOS.",CHOQUE LATERAL,MOTOCICLETA,1,0,0,0,0,0,0,0,1,0,0,0,0,2,33,HOMBRE,LESIONADO,CONDUCTOR PRESENTE,NO,NO,1
35826,154547,154548,2023,1,1,-0.225911,-78.520669,PICHINCHA,QUITO,QUITO,URBANA,2023-09-30,05:35:00,5,SABADO,6,SEPTIEMBRE,9,NO,CONDUCIR VEHICULO SUPERANDO LOS LIMITES MAXIMOS DE VELOCIDAD.,CHOQUE LATERAL,MOTOCICLETA,0,0,0,0,0,0,0,0,1,1,0,0,0,2,28,HOMBRE,FALLECIDO,PASAJERO,NO,NO,1
35827,154549,154550,2023,0,0,-0.142476,-78.474416,PICHINCHA,QUITO,QUITO,URBANA,2023-09-30,05:50:00,5,SABADO,6,SEPTIEMBRE,9,NO,REALIZAR CAMBIO BRUSCO O INDEBIDO DE CARRIL.,CHOQUE FRONTAL,AUTOMOVIL,2,0,0,0,0,0,0,0,0,0,0,0,0,2,34,MUJER,ILESO,CONDUCTOR PRESENTE,NO,NO,1
35828,154554,154555,2023,1,0,-0.413777,-78.800555,PICHINCHA,MEJIA,MANUEL CORNEJO ASTORGA,RURAL,2023-09-30,08:40:00,8,SABADO,6,SEPTIEMBRE,9,NO,NO MANTENER LA DISTANCIA PRUDENCIAL CON RESPECTO AL VEHICULO QUE LE ANTECEDE.,CHOQUE POSTERIOR,CAMION,0,0,0,2,0,0,0,0,0,0,0,0,1,3,52,MUJER,LESIONADO,PASAJERO,NO,NO,3
35829,154567,154568,2023,1,1,-0.214137,-78.376767,PICHINCHA,QUITO,TUMBACO,RURAL,2023-09-30,14:10:00,14,SABADO,6,SEPTIEMBRE,9,NO,REALIZAR CAMBIO BRUSCO O INDEBIDO DE CARRIL.,CHOQUE POSTERIOR,MOTOCICLETA,0,0,0,0,0,0,0,0,1,1,0,0,0,2,28,HOMBRE,FALLECIDO,PASAJERO,NO,NO,3
35830,154568,154569,2023,0,0,-0.190867,-78.458355,PICHINCHA,QUITO,QUITO,URBANA,2023-09-30,14:20:00,14,SABADO,6,SEPTIEMBRE,9,NO,CONDUCIR VEHICULO SUPERANDO LOS LIMITES MAXIMOS DE VELOCIDAD.,OTROS,AUTOMOVIL,2,0,0,0,0,0,0,0,0,0,0,0,0,2,44,HOMBRE,ILESO,CONDUCTOR PRESENTE,NO,NO,1
35831,154570,154571,2023,1,0,-0.202064,-78.486492,PICHINCHA,QUITO,QUITO,URBANA,2023-09-30,15:00:00,15,SABADO,6,SEPTIEMBRE,9,NO,NO TRANSITAR POR LAS ACERAS O ZONAS DE SEGURIDAD DESTINADAS PARA EL EFECTO.,ATROPELLOS,AUTOMOVIL,1,0,0,0,0,0,0,0,0,0,0,0,0,1,3,HOMBRE,LESIONADO,PEATON,NO,NO,1
35832,154578,154579,2023,0,0,-0.217975,-78.433541,PICHINCHA,QUITO,CUMBAYA,RURAL,2023-09-30,16:45:00,16,SABADO,6,SEPTIEMBRE,9,NO,"NO RESPETAR LAS SENIALES REGLAMENTARIAS DE TRANSITO. (PARE, CEDA EL PASO, LUZ ROJA DEL SEMAFORO, ETC).",CHOQUE LATERAL,CAMION,1,0,0,1,0,0,0,0,0,0,0,0,0,2,23,HOMBRE,ILESO,CONDUCTOR PRESENTE,NO,NO,3
35833,154587,154588,2023,1,0,-0.308092,-78.547596,PICHINCHA,QUITO,QUITO,URBANA,2023-09-30,18:45:00,18,SABADO,6,SEPTIEMBRE,9,NO,REALIZAR CAMBIO BRUSCO O INDEBIDO DE CARRIL.,CHOQUE FRONTAL,MOTOCICLETA,0,0,0,0,0,0,0,0,2,0,0,0,0,2,22,HOMBRE,LESIONADO,CONDUCTOR PRESENTE,NO,NO,1
35834,154594,154595,2023,0,0,0.056303,-78.200395,PICHINCHA,PEDRO MONCAYO,TABACUNDO,RURAL,2023-09-30,20:00:00,20,SABADO,6,SEPTIEMBRE,9,NO,NO TRANSITAR POR LAS ACERAS O ZONAS DE SEGURIDAD DESTINADAS PARA EL EFECTO.,ATROPELLOS,VEHICULO DEPORTIVO UTILITARIO,0,0,0,0,0,0,0,0,0,0,0,0,1,1,40,HOMBRE,ILESO,CONDUCTOR PRESENTE,NO,SI,3
35835,154606,154607,2023,0,1,-0.196782,-78.338508,PICHINCHA,QUITO,TABABELA,RURAL,2023-09-30,23:50:00,23,SABADO,6,SEPTIEMBRE,9,NO,CONDUCIR VEHICULO SUPERANDO LOS LIMITES MAXIMOS DE VELOCIDAD.,CHOQUE POSTERIOR,MOTOCICLETA,1,0,0,0,0,0,0,0,1,0,0,0,0,2,26,HOMBRE,FALLECIDO,CONDUCTOR PRESENTE,NO,SI,3
35836,154607,154608,2023,0,0,-0.267529,-78.538835,PICHINCHA,QUITO,QUITO,URBANA,2023-09-30,23:55:00,23,SABADO,6,SEPTIEMBRE,9,NO,CONDUCIR VEHICULO SUPERANDO LOS LIMITES MAXIMOS DE VELOCIDAD.,ESTRELLAMIENTOS,AUTOMOVIL,1,0,0,0,0,0,0,0,0,0,0,0,0,1,-1,NO IDENTIFICADO,NO IDENTIFICADO,CONDUCTOR AUSENTE,NO,NO,2
35837,154608,154609,2023,0,2,-0.303577,-78.453861,PICHINCHA,RUMINIAHUI,SANGOLQUI,URBANA,2023-10-01,00:05:00,0,DOMINGO,7,OCTUBRE,10,NO,NO TRANSITAR POR LAS ACERAS O ZONAS DE SEGURIDAD DESTINADAS PARA EL EFECTO.,ATROPELLOS,NO IDENTIFICADO,0,0,0,0,0,0,0,0,0,1,0,0,0,1,26,HOMBRE,FALLECIDO,PEATON,NO,SI,1
35838,154612,154613,2023,0,0,-0.286481,-78.537419,PICHINCHA,QUITO,QUITO,URBANA,2023-10-01,01:15:00,1,DOMINGO,7,OCTUBRE,10,NO,CONDUCIR VEHICULO SUPERANDO LOS LIMITES MAXIMOS DE VELOCIDAD.,ESTRELLAMIENTOS,CAMIONETA,0,0,0,0,1,0,0,0,0,0,0,0,0,1,-1,NO IDENTIFICADO,NO IDENTIFICADO,CONDUCTOR AUSENTE,NO,NO,2