,Unnamed: 0,ID,ANIO,LESIONADOS,FALLECIDOS,LATITUD_Y,LONGITUD_X,PROVINCIA,CANTON,PARROQUIA,ZONA,FECHA,HORA,PERIODO_2,DIA_1,DIA_2,MES_1,MES_2,FERIADO,CAUSA_PROBABLE,TIPO_DE_SINIESTRO,TIPO_DE_VEHICULO_1,AUTOMOVIL,BICICLETA,BUS,CAMION,CAMIONETA,EMERGENCIAS,ESPECIAL,FURGONETA,MOTOCICLETA,NO_IDENTIFICADO,SCOOTER_ELECTRICO,TRICIMOTO,VEHICULO_DEPORTIVO_UTILITARIO,SUMA_DE_VEHICULOS,EDAD_1,SEXO_1,CONDICION_1,PARTICIPANTE_1,CASCO_1,CINTURON_1,KMeans_Cluster
35839,154616,154617,2023,1,0,-0.358552,-78.549094,PICHINCHA,QUITO,QUITO,URBANA,2023-10-01,03:15:00,3,DOMINGO,7,OCTUBRE,10,NO,"CONDUCIR EN ESTADO DE SOMNOLENCIA O MALAS CONDICIONES FISICAS (SUENIO, CANSANCIO Y FATIGA).",CHOQUE POSTERIOR,EMERGENCIAS,1,0,0,0,0,1,0,0,0,0,0,0,0,2,22,HOMBRE,LESIONADO,CONDUCTOR PRESENTE,NO,NO,1
35840,154624,154625,2023,0,0,-0.272347,-78.567956,PICHINCHA,QUITO,QUITO,URBANA,2023-10-01,05:50:00,5,DOMINGO,7,OCTUBRE,10,NO,CONDUCIR VEHICULO SUPERANDO LOS LIMITES MAXIMOS DE VELOCIDAD.,ESTRELLAMIENTOS,BUS,0,0,1,0,0,0,0,0,0,0,0,0,0,1,-1,NO IDENTIFICADO,NO IDENTIFICADO,CONDUCTOR AUSENTE,NO,NO,2
35841,154638,154639,2023,1,0,-0.100041,-78.383045,PICHINCHA,QUITO,TABABELA,RURAL,2023-10-01,11:40:00,11,DOMINGO,7,OCTUBRE,10,NO,"CONDUCIR DESATENTO A LAS CONDICIONES DE TRANSITO (CELULAR, PANTALLAS DE VIDEO, COMIDA, MAQUILLAJE O CUALQUIER OTRO ELEMENTO DISTRACTOR).",PERDIDA DE PISTA,MOTOCICLETA,0,0,0,0,0,0,0,0,1,0,0,0,0,1,26,HOMBRE,LESIONADO,CONDUCTOR PRESENTE,NO,SI,3
35842,154661,154662,2023,1,0,-0.258505,-78.295853,PICHINCHA,QUITO,PIFO,RURAL,2023-10-01,17:15:00,17,DOMINGO,7,OCTUBRE,10,NO,MALAS CONDICIONES DE LA VIA Y/O CONFIGURACION. (ILUMINACION Y DISENIO).,PERDIDA DE PISTA,AUTOMOVIL,1,0,0,0,0,0,0,0,0,0,0,0,0,1,67,HOMBRE,LESIONADO,CONDUCTOR PRESENTE,NO,SI,3
35843,154672,154673,2023,1,0,-0.311062,-78.564682,PICHINCHA,QUITO,QUITO,URBANA,2023-10-01,20:20:00,20,DOMINGO,7,OCTUBRE,10,NO,NO CEDER EL DERECHO DE VIA O PREFERENCIA DE PASO AL PEATON.,ATROPELLOS,NO IDENTIFICADO,0,0,0,0,0,0,0,0,0,1,0,0,0,1,39,HOMBRE,LESIONADO,PEATON,NO,NO,1
35844,154675,154676,2023,0,0,-0.091063,-78.431615,PICHINCHA,QUITO,CALDERON (CARAPUNGO),RURAL,2023-10-01,22:30:00,22,DOMINGO,7,OCTUBRE,10,NO,REALIZAR CAMBIO BRUSCO O INDEBIDO DE CARRIL.,CHOQUE FRONTAL,AUTOMOVIL,2,0,0,0,0,0,0,0,0,0,0,0,0,2,50,MUJER,ILESO,CONDUCTOR PRESENTE,NO,NO,3
35845,154679,154680,2023,2,0,-0.220361,-78.508332,PICHINCHA,QUITO,QUITO,URBANA,2023-10-01,23:35:00,23,DOMINGO,7,OCTUBRE,10,NO,"NO RESPETAR LAS SENIALES REGLAMENTARIAS DE TRANSITO. (PARE, CEDA EL PASO, LUZ ROJA DEL SEMAFORO, ETC).",CHOQUE LATERAL,AUTOMOVIL,2,0,0,0,0,0,0,0,0,0,0,0,0,2,39,HOMBRE,LESIONADO,CONDUCTOR PRESENTE,NO,NO,1
35846,154680,154681,2023,2,0,-0.294767,-78.559271,PICHINCHA,QUITO,QUITO,URBANA,2023-10-01,23:45:00,23,DOMINGO,7,OCTUBRE,10,NO,"CONDUCIR EN ESTADO DE SOMNOLENCIA O MALAS CONDICIONES FISICAS (SUENIO, CANSANCIO Y FATIGA).",VOLCAMIENTOS,MOTOCICLETA,0,0,0,0,0,0,0,0,1,0,0,0,0,1,19,HOMBRE,LESIONADO,PASAJERO,NO,NO,1
35847,154686,154687,2023,0,0,-0.283367,-78.554708,PICHINCHA,QUITO,QUITO,URBANA,2023-10-02,05:30:00,5,LUNES,1,OCTUBRE,10,NO,"NO RESPETAR LAS SENIALES REGLAMENTARIAS DE TRANSITO. (PARE, CEDA EL PASO, LUZ ROJA DEL SEMAFORO, ETC).",OTROS,MOTOCICLETA,0,0,0,0,0,0,0,0,1,0,0,0,0,1,-1,NO IDENTIFICADO,NO IDENTIFICADO,CONDUCTOR AUSENTE,NO,NO,2
35848,154688,154689,2023,0,0,-0.215015,-78.464216,PICHINCHA,QUITO,QUITO,RURAL,2023-10-02,06:30:00,6,LUNES,1,OCTUBRE,10,NO,NO MANTENER LA DISTANCIA PRUDENCIAL CON RESPECTO AL VEHICULO QUE LE ANTECEDE.,CHOQUE POSTERIOR,CAMION,1,0,0,1,0,0,0,0,0,0,0,0,0,2,27,HOMBRE,ILESO,CONDUCTOR PRESENTE,NO,NO,3
35849,154702,154703,2023,1,1,0.087681,-78.728744,PICHINCHA,QUITO,NANEGALITO,RURAL,2023-10-02,11:10:00,11,LUNES,1,OCTUBRE,10,NO,REALIZAR CAMBIO BRUSCO O INDEBIDO DE CARRIL.,CHOQUE FRONTAL,CAMION,0,0,0,1,0,0,0,0,1,0,0,0,0,2,38,HOMBRE,FALLECIDO,PASAJERO,NO,NO,3
35850,154703,154704,2023,0,0,-0.158443,-78.446354,PICHINCHA,QUITO,NAYON,RURAL,2023-10-02,11:15:00,11,LUNES,1,OCTUBRE,10,NO,NO MANTENER LA DISTANCIA PRUDENCIAL CON RESPECTO AL VEHICULO QUE LE ANTECEDE.,CHOQUE POSTERIOR,CAMIONETA,1,0,0,0,1,0,0,0,0,0,0,0,0,2,49,HOMBRE,ILESO,CONDUCTOR PRESENTE,NO,NO,3
35851,154708,154709,2023,0,0,-0.291208,-78.545785,PICHINCHA,QUITO,QUITO,URBANA,2023-10-02,12:08:00,12,LUNES,1,OCTUBRE,10,NO,"NO RESPETAR LAS SENIALES REGLAMENTARIAS DE TRANSITO. (PARE, CEDA EL PASO, LUZ ROJA DEL SEMAFORO, ETC).",CHOQUE LATERAL,FURGONETA,1,0,0,0,0,0,0,1,0,0,0,0,0,2,36,HOMBRE,ILESO,CONDUCTOR PRESENTE,NO,NO,1
35852,154709,154710,2023,1,0,-0.174471,-78.501166,PICHINCHA,QUITO,QUITO,URBANA,2023-10-02,13:00:00,13,LUNES,1,OCTUBRE,10,NO,NO MANTENER LA DISTANCIA PRUDENCIAL CON RESPECTO AL VEHICULO QUE LE ANTECEDE.,CHOQUE POSTERIOR,MOTOCICLETA,1,0,0,0,0,0,0,0,1,0,0,0,0,2,30,HOMBRE,LESIONADO,CONDUCTOR PRESENTE,NO,NO,1
35853,154716,154717,2023,0,0,-0.299513,-78.485671,PICHINCHA,QUITO,CONOCOTO,RURAL,2023-10-02,14:50:00,14,LUNES,1,OCTUBRE,10,NO,CONDUCIR VEHICULO SUPERANDO LOS LIMITES MAXIMOS DE VELOCIDAD.,ESTRELLAMIENTOS,CAMION,0,0,0,1,0,0,0,0,0,0,0,0,0,1,56,MUJER,ILESO,CONDUCTOR PRESENTE,NO,NO,3
35854,154719,154720,2023,1,0,-0.334167,-78.866389,PICHINCHA,MEJIA,MANUEL CORNEJO ASTORGA,RURAL,2023-10-02,15:45:00,15,LUNES,1,OCTUBRE,10,NO,"CONDUCIR DESATENTO A LAS CONDICIONES DE TRANSITO (CELULAR, PANTALLAS DE VIDEO, COMIDA, MAQUILLAJE O CUALQUIER OTRO ELEMENTO DISTRACTOR).",PERDIDA DE CARRIL,CAMION,0,0,0,2,0,0,0,0,0,0,0,0,0,2,63,HOMBRE,LESIONADO,CONDUCTOR PRESENTE,NO,NO,3
35855,154720,154721,2023,0,0,-0.205891,-78.512731,PICHINCHA,QUITO,QUITO,URBANA,2023-10-02,16:28:00,16,LUNES,1,OCTUBRE,10,NO,"NO RESPETAR LAS SENIALES REGLAMENTARIAS DE TRANSITO. (PARE, CEDA EL PASO, LUZ ROJA DEL SEMAFORO, ETC).",VOLCAMIENTOS,CAMIONETA,0,0,0,0,1,0,0,0,0,0,0,0,0,1,-1,NO IDENTIFICADO,NO IDENTIFICADO,CONDUCTOR AUSENTE,NO,NO,2
35856,154728,154729,2023,1,0,-0.109541,-78.458021,PICHINCHA,QUITO,CALDERON (CARAPUNGO),RURAL,2023-10-02,17:33:00,17,LUNES,1,OCTUBRE,10,NO,"NO RESPETAR LAS SENIALES REGLAMENTARIAS DE TRANSITO. (PARE, CEDA EL PASO, LUZ ROJA DEL SEMAFORO, ETC).",CHOQUE LATERAL,MOTOCICLETA,1,0,0,0,0,0,0,0,1,0,0,0,0,2,20,MUJER,LESIONADO,CONDUCTOR PRESENTE,NO,NO,3
35857,154734,154735,2023,1,0,-0.268422,-78.527501,PICHINCHA,QUITO,QUITO,URBANA,2023-10-02,19:45:00,19,LUNES,1,OCTUBRE,10,NO,"NO RESPETAR LAS SENIALES REGLAMENTARIAS DE TRANSITO. (PARE, CEDA EL PASO, LUZ ROJA DEL SEMAFORO, ETC).",CHOQUE LATERAL,BUS,0,0,1,0,0,0,0,0,1,0,0,0,0,2,24,HOMBRE,LESIONADO,CONDUCTOR PRESENTE,NO,NO,1
35858,154738,154739,2023,1,0,-0.276729,-78.556051,PICHINCHA,QUITO,QUITO,URBANA,2023-10-02,20:35:00,20,LUNES,1,OCTUBRE,10,NO,"NO RESPETAR LAS SENIALES REGLAMENTARIAS DE TRANSITO. (PARE, CEDA EL PASO, LUZ ROJA DEL SEMAFORO, ETC).",CHOQUE LATERAL,AUTOMOVIL,2,0,0,0,0,0,0,0,0,0,0,0,0,2,23,HOMBRE,LESIONADO,CONDUCTOR PRESENTE,NO,NO,1
35859,154745,154746,2023,3,0,-0.334609,-78.550192,PICHINCHA,QUITO,QUITO,URBANA,2023-10-03,06:56:00,6,MARTES,2,OCTUBRE,10,NO,PEATON QUE CRUZA LA CALZADA SIN RESPETAR LA SENIALIZACION EXISTENTE (SEMAFOROS O SENIALES MANUALES).,ATROPELLOS,MOTOCICLETA,0,0,0,0,0,0,0,0,1,0,0,0,0,1,42,HOMBRE,LESIONADO,CONDUCTOR PRESENTE,NO,NO,1
35860,154746,154747,2023,1,0,-0.083961,-78.418686,PICHINCHA,QUITO,CALDERON (CARAPUNGO),RURAL,2023-10-03,07:05:00,7,MARTES,2,OCTUBRE,10,NO,"NO RESPETAR LAS SENIALES REGLAMENTARIAS DE TRANSITO. (PARE, CEDA EL PASO, LUZ ROJA DEL SEMAFORO, ETC).",CHOQUE LATERAL,MOTOCICLETA,0,0,0,0,0,0,0,0,1,1,0,0,0,2,35,HOMBRE,LESIONADO,CONDUCTOR PRESENTE,NO,NO,3
35861,154748,154749,2023,0,1,0.017249,-78.143856,PICHINCHA,CAYAMBE,CAYAMBE,RURAL,2023-10-03,08:00:00,8,MARTES,2,OCTUBRE,10,NO,"CONDUCIR DESATENTO A LAS CONDICIONES DE TRANSITO (CELULAR, PANTALLAS DE VIDEO, COMIDA, MAQUILLAJE O CUALQUIER OTRO ELEMENTO DISTRACTOR).",CHOQUE LATERAL,NO IDENTIFICADO,0,0,0,0,0,0,0,0,0,1,0,0,0,1,18,HOMBRE,FALLECIDO,CONDUCTOR PRESENTE,NO,SI,3
35862,154756,154757,2023,1,0,-0.280615,-78.559788,PICHINCHA,QUITO,QUITO,URBANA,2023-10-03,11:17:00,11,MARTES,2,OCTUBRE,10,NO,NO CEDER EL DERECHO DE VIA O PREFERENCIA DE PASO AL PEATON.,ATROPELLOS,NO IDENTIFICADO,0,0,0,0,0,0,0,0,0,1,0,0,0,1,8,HOMBRE,LESIONADO,PEATON,NO,NO,1
35863,154758,154759,2023,0,1,-0.284599,-78.518296,PICHINCHA,QUITO,QUITO,URBANA,2023-10-03,11:58:00,11,MARTES,2,OCTUBRE,10,NO,CONDUCIR VEHICULO SUPERANDO LOS LIMITES MAXIMOS DE VELOCIDAD.,PERDIDA DE CARRIL,MOTOCICLETA,0,0,0,0,0,0,0,0,1,0,0,0,0,1,28,HOMBRE,FALLECIDO,CONDUCTOR PRESENTE,NO,NO,1
35864,154772,154773,2023,2,0,-0.459306,-78.595694,PICHINCHA,MEJIA,ALOAG,RURAL,2023-10-03,17:20:00,17,MARTES,2,OCTUBRE,10,NO,"CONDUCIR DESATENTO A LAS CONDICIONES DE TRANSITO (CELULAR, PANTALLAS DE VIDEO, COMIDA, MAQUILLAJE O CUALQUIER OTRO ELEMENTO DISTRACTOR).",PERDIDA DE CARRIL,CAMION,0,0,0,1,1,0,0,0,0,0,0,0,0,2,53,HOMBRE,LESIONADO,CONDUCTOR PRESENTE,NO,NO,3
35865,154782,154783,2023,2,0,-0.212601,-78.485124,PICHINCHA,QUITO,QUITO,URBANA,2023-10-03,20:00:00,20,MARTES,2,OCTUBRE,10,NO,"NO RESPETAR LAS SENIALES REGLAMENTARIAS DE TRANSITO. (PARE, CEDA EL PASO, LUZ ROJA DEL SEMAFORO, ETC).",CHOQUE LATERAL,MOTOCICLETA,1,0,0,0,0,0,0,0,1,0,0,0,0,2,27,HOMBRE,LESIONADO,CONDUCTOR PRESENTE,NO,NO,1
35866,154783,154784,2023,0,0,-0.261515,-78.544442,PICHINCHA,QUITO,QUITO,URBANA,2023-10-03,20:05:00,20,MARTES,2,OCTUBRE,10,NO,"CONDUCE BAJO LA INFLUENCIA DE ALCOHOL, SUSTANCIAS ESTUPEFACIENTES O PSICOTROPICAS Y/O MEDICAMENTOS.",OTROS,CAMIONETA,2,0,0,0,1,0,0,0,0,0,0,0,0,3,25,HOMBRE,ILESO,CONDUCTOR PRESENTE,NO,NO,1
35867,154789,154790,2023,0,0,-0.244953,-78.522462,PICHINCHA,QUITO,QUITO,URBANA,2023-10-04,07:30:00,7,MIERCOLES,3,OCTUBRE,10,NO,"NO RESPETAR LAS SENIALES REGLAMENTARIAS DE TRANSITO. (PARE, CEDA EL PASO, LUZ ROJA DEL SEMAFORO, ETC).",CHOQUE LATERAL,AUTOMOVIL,2,0,0,0,0,0,0,0,0,0,0,0,0,2,32,HOMBRE,ILESO,CONDUCTOR PRESENTE,NO,NO,1
35868,154793,154794,2023,2,0,-0.288986,-78.524026,PICHINCHA,QUITO,QUITO,URBANA,2023-10-04,09:25:00,9,MIERCOLES,3,OCTUBRE,10,NO,"NO RESPETAR LAS SENIALES REGLAMENTARIAS DE TRANSITO. (PARE, CEDA EL PASO, LUZ ROJA DEL SEMAFORO, ETC).",CHOQUE LATERAL,MOTOCICLETA,0,0,0,0,0,0,0,0,1,1,0,0,0,2,24,HOMBRE,LESIONADO,CONDUCTOR PRESENTE,NO,NO,1
35869,154796,154797,2023,0,0,-0.181128,-78.445518,PICHINCHA,QUITO,NAYON,RURAL,2023-10-04,10:25:00,10,MIERCOLES,3,OCTUBRE,10,NO,NO CEDER EL DERECHO DE VIA O PREFERENCIA DE PASO A VEHICULOS.,CHOQUE LATERAL,AUTOMOVIL,2,0,0,0,0,0,0,0,0,0,0,0,0,2,44,HOMBRE,ILESO,CONDUCTOR PRESENTE,NO,NO,3
35870,154799,154800,2023,1,0,0.024931,-78.125871,PICHINCHA,CAYAMBE,CAYAMBE,RURAL,2023-10-04,10:55:00,10,MIERCOLES,3,OCTUBRE,10,NO,"CONDUCIR DESATENTO A LAS CONDICIONES DE TRANSITO (CELULAR, PANTALLAS DE VIDEO, COMIDA, MAQUILLAJE O CUALQUIER OTRO ELEMENTO DISTRACTOR).",ATROPELLOS,VEHICULO DEPORTIVO UTILITARIO,0,0,0,0,0,0,0,0,0,0,0,0,1,1,20,HOMBRE,LESIONADO,PEATON,NO,NO,3
35871,154801,154802,2023,0,0,-0.355626,-78.526701,PICHINCHA,QUITO,QUITO,URBANA,2023-10-04,11:10:00,11,MIERCOLES,3,OCTUBRE,10,NO,CONDUCIR VEHICULO SUPERANDO LOS LIMITES MAXIMOS DE VELOCIDAD.,VOLCAMIENTOS,AUTOMOVIL,1,0,0,0,0,0,0,0,0,0,0,0,0,1,-1,NO IDENTIFICADO,NO IDENTIFICADO,CONDUCTOR AUSENTE,NO,NO,2
35872,154811,154812,2023,2,0,-0.297677,-78.550044,PICHINCHA,QUITO,QUITO,URBANA,2023-10-04,15:00:00,15,MIERCOLES,3,OCTUBRE,10,NO,"NO RESPETAR LAS SENIALES REGLAMENTARIAS DE TRANSITO. (PARE, CEDA EL PASO, LUZ ROJA DEL SEMAFORO, ETC).",CHOQUE LATERAL,MOTOCICLETA,1,0,0,0,0,0,0,0,1,0,0,0,0,2,55,MUJER,LESIONADO,PASAJERO,NO,NO,1
35873,154817,154818,2023,1,0,-0.113175,-78.482888,PICHINCHA,QUITO,QUITO,URBANA,2023-10-04,16:45:00,16,MIERCOLES,3,OCTUBRE,10,NO,CONDUCIR VEHICULO SUPERANDO LOS LIMITES MAXIMOS DE VELOCIDAD.,ESTRELLAMIENTOS,AUTOMOVIL,1,0,0,0,0,0,0,0,0,0,0,0,0,1,53,MUJER,LESIONADO,CONDUCTOR PRESENTE,NO,NO,1
35874,154838,154839,2023,0,0,-0.267965,-78.480419,PICHINCHA,QUITO,CONOCOTO,RURAL,2023-10-04,23:00:00,23,MIERCOLES,3,OCTUBRE,10,NO,CONDUCIR VEHICULO SUPERANDO LOS LIMITES MAXIMOS DE VELOCIDAD.,PERDIDA DE CARRIL,AUTOMOVIL,1,0,0,0,0,0,0,0,0,0,0,0,0,1,-1,NO IDENTIFICADO,NO IDENTIFICADO,CONDUCTOR AUSENTE,NO,NO,2
35875,154842,154843,2023,0,0,-0.425338,-78.551726,PICHINCHA,MEJIA,TAMBILLO (MEJIA),RURAL,2023-10-05,01:00:00,1,JUEVES,4,OCTUBRE,10,NO,"CONDUCIR DESATENTO A LAS CONDICIONES DE TRANSITO (CELULAR, PANTALLAS DE VIDEO, COMIDA, MAQUILLAJE O CUALQUIER OTRO ELEMENTO DISTRACTOR).",CHOQUE FRONTAL,CAMIONETA,0,0,0,0,1,0,0,0,0,0,0,0,1,2,42,HOMBRE,ILESO,CONDUCTOR PRESENTE,NO,SI,3
35876,154847,154848,2023,0,1,-0.072757,-78.422607,PICHINCHA,QUITO,CALDERON (CARAPUNGO),RURAL,2023-10-05,06:35:00,6,JUEVES,4,OCTUBRE,10,NO,NO CEDER EL DERECHO DE VIA O PREFERENCIA DE PASO AL PEATON.,ATROPELLOS,NO IDENTIFICADO,0,0,0,0,0,0,0,0,0,1,0,0,0,1,60,MUJER,FALLECIDO,PEATON,NO,NO,3
35877,154854,154855,2023,1,0,-0.063808,-78.432311,PICHINCHA,QUITO,CALDERON (CARAPUNGO),RURAL,2023-10-05,11:00:00,11,JUEVES,4,OCTUBRE,10,NO,BAJARSE O SUBIRSE DE VEHICULOS EN MOVIMIENTO SIN TOMAR LAS PRECAUCIONES DEBIDAS.,CAIDA DE PASAJERO,BUS,0,0,1,0,0,0,0,0,0,0,0,0,0,1,71,MUJER,LESIONADO,PASAJERO,NO,NO,3
35878,154873,154874,2023,0,0,-0.247336,-78.506822,PICHINCHA,QUITO,QUITO,URBANA,2023-10-05,19:50:00,19,JUEVES,4,OCTUBRE,10,NO,"NO RESPETAR LAS SENIALES REGLAMENTARIAS DE TRANSITO. (PARE, CEDA EL PASO, LUZ ROJA DEL SEMAFORO, ETC).",OTROS,AUTOMOVIL,1,0,0,0,0,0,0,0,0,0,0,0,0,1,-1,NO IDENTIFICADO,NO IDENTIFICADO,CONDUCTOR AUSENTE,NO,NO,2
35879,154876,154877,2023,2,0,-0.207742,-78.495407,PICHINCHA,QUITO,QUITO,URBANA,2023-10-05,21:31:00,21,JUEVES,4,OCTUBRE,10,NO,"NO RESPETAR LAS SENIALES REGLAMENTARIAS DE TRANSITO. (PARE, CEDA EL PASO, LUZ ROJA DEL SEMAFORO, ETC).",OTROS,MOTOCICLETA,1,0,0,0,0,0,0,0,2,0,0,0,0,3,45,HOMBRE,LESIONADO,CONDUCTOR PRESENTE,NO,NO,1
35880,154881,154882,2023,1,0,-0.219816,-78.510191,PICHINCHA,QUITO,QUITO,URBANA,2023-10-06,01:55:00,1,VIERNES,5,OCTUBRE,10,NO,"NO RESPETAR LAS SENIALES REGLAMENTARIAS DE TRANSITO. (PARE, CEDA EL PASO, LUZ ROJA DEL SEMAFORO, ETC).",OTROS,NO IDENTIFICADO,0,0,0,0,0,0,0,0,0,1,0,0,0,1,27,HOMBRE,LESIONADO,PASAJERO,NO,NO,1
35881,154883,154884,2023,0,0,-0.123519,-78.507614,PICHINCHA,QUITO,QUITO,URBANA,2023-10-06,03:45:00,3,VIERNES,5,OCTUBRE,10,NO,"CONDUCIR EN ESTADO DE SOMNOLENCIA O MALAS CONDICIONES FISICAS (SUENIO, CANSANCIO Y FATIGA).",ESTRELLAMIENTOS,AUTOMOVIL,1,0,0,0,0,0,0,0,0,0,0,0,0,1,-1,NO IDENTIFICADO,NO IDENTIFICADO,CONDUCTOR AUSENTE,NO,NO,2
35882,154885,154886,2023,0,0,-0.258861,-78.531748,PICHINCHA,QUITO,QUITO,URBANA,2023-10-06,05:30:00,5,VIERNES,5,OCTUBRE,10,NO,"NO RESPETAR LAS SENIALES REGLAMENTARIAS DE TRANSITO. (PARE, CEDA EL PASO, LUZ ROJA DEL SEMAFORO, ETC).",OTROS,AUTOMOVIL,1,0,0,0,0,0,0,0,0,0,0,0,0,1,-1,NO IDENTIFICADO,NO IDENTIFICADO,CONDUCTOR AUSENTE,NO,NO,2
35883,154894,154895,2023,0,0,-0.210378,-78.419425,PICHINCHA,QUITO,TUMBACO,RURAL,2023-10-06,08:15:00,8,VIERNES,5,OCTUBRE,10,NO,NO MANTENER LA DISTANCIA PRUDENCIAL CON RESPECTO AL VEHICULO QUE LE ANTECEDE.,COLISION,AUTOMOVIL,4,0,0,0,0,0,0,0,0,1,0,0,0,5,22,HOMBRE,ILESO,CONDUCTOR PRESENTE,NO,NO,1
35884,154906,154907,2023,0,3,-0.199176,-78.460031,PICHINCHA,QUITO,QUITO,URBANA,2023-10-06,12:25:00,12,VIERNES,5,OCTUBRE,10,SI,CONDUCIR VEHICULO SUPERANDO LOS LIMITES MAXIMOS DE VELOCIDAD.,OTROS,CAMION,2,0,0,1,0,0,0,1,0,0,0,0,0,4,45,HOMBRE,FALLECIDO,PASAJERO,NO,NO,1
35885,154907,154908,2023,0,0,-0.280797,-78.556021,PICHINCHA,QUITO,QUITO,URBANA,2023-10-06,12:50:00,12,VIERNES,5,OCTUBRE,10,SI,NO CEDER EL DERECHO DE VIA O PREFERENCIA DE PASO A VEHICULOS.,CHOQUE LATERAL,CAMIONETA,1,0,0,0,1,0,0,0,0,0,0,0,0,2,33,HOMBRE,ILESO,CONDUCTOR PRESENTE,NO,NO,1
35886,154911,154912,2023,0,0,-0.243188,-78.475203,PICHINCHA,QUITO,QUITO,URBANA,2023-10-06,15:55:00,15,VIERNES,5,OCTUBRE,10,SI,CONDUCIR VEHICULO SUPERANDO LOS LIMITES MAXIMOS DE VELOCIDAD.,ESTRELLAMIENTOS,AUTOMOVIL,1,0,0,0,0,0,0,0,0,0,0,0,0,1,64,HOMBRE,ILESO,CONDUCTOR PRESENTE,NO,NO,1
35887,154918,154919,2023,0,0,-0.215627,-78.404759,PICHINCHA,QUITO,TUMBACO,RURAL,2023-10-06,18:00:00,18,VIERNES,5,OCTUBRE,10,SI,"CONDUCE BAJO LA INFLUENCIA DE ALCOHOL, SUSTANCIAS ESTUPEFACIENTES O PSICOTROPICAS Y/O MEDICAMENTOS.",COLISION,CAMION,2,0,0,1,0,0,0,0,0,0,0,0,0,3,35,HOMBRE,ILESO,CONDUCTOR PRESENTE,NO,NO,3
35888,154926,154927,2023,2,0,-0.208987,-78.500396,PICHINCHA,QUITO,QUITO,URBANA,2023-10-06,20:00:00,20,VIERNES,5,OCTUBRE,10,SI,"NO RESPETAR LAS SENIALES REGLAMENTARIAS DE TRANSITO. (PARE, CEDA EL PASO, LUZ ROJA DEL SEMAFORO, ETC).",CHOQUE LATERAL,MOTOCICLETA,1,0,0,0,0,0,0,0,1,0,0,0,0,2,41,HOMBRE,LESIONADO,CONDUCTOR PRESENTE,NO,NO,1
35889,154928,154929,2023,1,0,-0.160631,-78.469804,PICHINCHA,QUITO,QUITO,URBANA,2023-10-06,20:10:00,20,VIERNES,5,OCTUBRE,10,SI,NO CEDER EL DERECHO DE VIA O PREFERENCIA DE PASO A VEHICULOS.,CHOQUE LATERAL,MOTOCICLETA,0,0,0,0,0,0,0,1,1,0,0,0,0,2,33,HOMBRE,LESIONADO,PASAJERO,NO,NO,1
35890,154932,154933,2023,1,0,0.045451,-78.217731,PICHINCHA,PEDRO MONCAYO,TABACUNDO,RURAL,2023-10-06,21:20:00,21,VIERNES,5,OCTUBRE,10,SI,NO TRANSITAR POR LAS ACERAS O ZONAS DE SEGURIDAD DESTINADAS PARA EL EFECTO.,ATROPELLOS,NO IDENTIFICADO,0,0,0,0,0,0,0,0,0,1,0,0,0,1,36,HOMBRE,LESIONADO,PEATON,NO,SI,3
35891,154934,154935,2023,1,0,-0.384552,-78.532369,PICHINCHA,MEJIA,CUTUGLAHUA,RURAL,2023-10-06,22:00:00,22,VIERNES,5,OCTUBRE,10,SI,"CONDUCIR DESATENTO A LAS CONDICIONES DE TRANSITO (CELULAR, PANTALLAS DE VIDEO, COMIDA, MAQUILLAJE O CUALQUIER OTRO ELEMENTO DISTRACTOR).",CHOQUE FRONTAL,VEHICULO DEPORTIVO UTILITARIO,0,0,0,0,0,0,0,0,0,0,0,0,1,1,40,HOMBRE,LESIONADO,CONDUCTOR PRESENTE,NO,SI,3
35892,154939,154940,2023,0,0,-0.576669,-78.610325,PICHINCHA,MEJIA,ALOASI,RURAL,2023-10-07,00:00:00,0,SABADO,6,OCTUBRE,10,SI,"CONDUCIR DESATENTO A LAS CONDICIONES DE TRANSITO (CELULAR, PANTALLAS DE VIDEO, COMIDA, MAQUILLAJE O CUALQUIER OTRO ELEMENTO DISTRACTOR).",PERDIDA DE PISTA,AUTOMOVIL,1,0,0,0,0,0,0,0,0,0,0,0,0,1,-1,NO IDENTIFICADO,NO IDENTIFICADO,CONDUCTOR AUSENTE,NO,SI,2
35893,154940,154941,2023,0,0,-0.275591,-78.566705,PICHINCHA,QUITO,QUITO,URBANA,2023-10-07,00:50:00,0,SABADO,6,OCTUBRE,10,SI,"CONDUCIR EN ESTADO DE SOMNOLENCIA O MALAS CONDICIONES FISICAS (SUENIO, CANSANCIO Y FATIGA).",ESTRELLAMIENTOS,AUTOMOVIL,1,0,0,0,0,0,0,0,0,0,0,0,0,1,-1,NO IDENTIFICADO,NO IDENTIFICADO,CONDUCTOR AUSENTE,NO,NO,2
35894,154941,154942,2023,0,0,-0.264901,-78.536269,PICHINCHA,QUITO,QUITO,URBANA,2023-10-07,01:00:00,1,SABADO,6,OCTUBRE,10,SI,CONDUCIR VEHICULO SUPERANDO LOS LIMITES MAXIMOS DE VELOCIDAD.,ESTRELLAMIENTOS,AUTOMOVIL,1,0,0,0,0,0,0,0,0,0,0,0,0,1,-1,NO IDENTIFICADO,NO IDENTIFICADO,CONDUCTOR AUSENTE,NO,NO,2