,Unnamed: 0,ID,ANIO,LESIONADOS,FALLECIDOS,LATITUD_Y,LONGITUD_X,PROVINCIA,CANTON,PARROQUIA,ZONA,FECHA,HORA,PERIODO_2,DIA_1,DIA_2,MES_1,MES_2,FERIADO,CAUSA_PROBABLE,TIPO_DE_SINIESTRO,TIPO_DE_VEHICULO_1,AUTOMOVIL,BICICLETA,BUS,CAMION,CAMIONETA,EMERGENCIAS,ESPECIAL,FURGONETA,MOTOCICLETA,NO_IDENTIFICADO,SCOOTER_ELECTRICO,TRICIMOTO,VEHICULO_DEPORTIVO_UTILITARIO,SUMA_DE_VEHICULOS,EDAD_1,SEXO_1,CONDICION_1,PARTICIPANTE_1,CASCO_1,CINTURON_1,KMeans_Cluster
35895,154945,154946,2023,0,0,-0.273604,-78.537132,PICHINCHA,QUITO,QUITO,URBANA,2023-10-07,01:50:00,1,SABADO,6,OCTUBRE,10,SI,"CONDUCIR EN ESTADO DE SOMNOLENCIA O MALAS CONDICIONES FISICAS (SUENIO, CANSANCIO Y FATIGA).",ESTRELLAMIENTOS,AUTOMOVIL,1,0,0,0,0,0,0,0,0,0,0,0,0,1,-1,NO IDENTIFICADO,NO IDENTIFICADO,CONDUCTOR AUSENTE,NO,NO,2
35896,154946,154947,2023,1,0,-0.216012,-78.403944,PICHINCHA,QUITO,TUMBACO,RURAL,2023-10-07,02:00:00,2,SABADO,6,OCTUBRE,10,SI,CONDUCIR VEHICULO SUPERANDO LOS LIMITES MAXIMOS DE VELOCIDAD.,VOLCAMIENTOS,AUTOMOVIL,1,0,0,0,0,0,0,0,0,0,0,0,0,1,25,HOMBRE,LESIONADO,CONDUCTOR PRESENTE,NO,NO,3
35897,154950,154951,2023,2,0,-0.272919,-78.529474,PICHINCHA,QUITO,QUITO,URBANA,2023-10-07,02:50:00,2,SABADO,6,OCTUBRE,10,SI,"CONDUCE BAJO LA INFLUENCIA DE ALCOHOL, SUSTANCIAS ESTUPEFACIENTES O PSICOTROPICAS Y/O MEDICAMENTOS.",CHOQUE LATERAL,MOTOCICLETA,1,0,0,0,0,0,0,0,1,0,0,0,0,2,23,HOMBRE,LESIONADO,PASAJERO,NO,NO,1
35898,154951,154952,2023,1,0,-0.233988,-78.484437,PICHINCHA,QUITO,QUITO,URBANA,2023-10-07,03:10:00,3,SABADO,6,OCTUBRE,10,SI,NO CEDER EL DERECHO DE VIA O PREFERENCIA DE PASO AL PEATON.,ATROPELLOS,NO IDENTIFICADO,0,0,0,0,0,0,0,0,0,1,0,0,0,1,32,HOMBRE,LESIONADO,PEATON,NO,NO,1
35899,154957,154958,2023,1,0,-0.226871,-78.490375,PICHINCHA,QUITO,QUITO,URBANA,2023-10-07,05:28:00,5,SABADO,6,OCTUBRE,10,SI,CONDUCIR VEHICULO SUPERANDO LOS LIMITES MAXIMOS DE VELOCIDAD.,ESTRELLAMIENTOS,CAMION,0,0,0,1,0,0,0,0,0,0,0,0,0,1,25,HOMBRE,LESIONADO,PASAJERO,NO,NO,1
35900,154960,154961,2023,4,0,-0.224787,-78.488419,PICHINCHA,QUITO,QUITO,URBANA,2023-10-07,06:00:00,6,SABADO,6,OCTUBRE,10,SI,"CONDUCE BAJO LA INFLUENCIA DE ALCOHOL, SUSTANCIAS ESTUPEFACIENTES O PSICOTROPICAS Y/O MEDICAMENTOS.",CHOQUE FRONTAL,AUTOMOVIL,2,0,0,0,0,0,0,0,0,0,0,0,0,2,42,HOMBRE,LESIONADO,CONDUCTOR PRESENTE,NO,NO,1
35901,154963,154964,2023,0,0,-0.329007,-78.535953,PICHINCHA,QUITO,QUITO,URBANA,2023-10-07,06:30:00,6,SABADO,6,OCTUBRE,10,SI,CONDUCIR VEHICULO SUPERANDO LOS LIMITES MAXIMOS DE VELOCIDAD.,ESTRELLAMIENTOS,CAMIONETA,0,0,0,0,1,0,0,0,0,0,0,0,0,1,-1,NO IDENTIFICADO,NO IDENTIFICADO,CONDUCTOR AUSENTE,NO,NO,2
35902,154965,154966,2023,1,0,-0.289178,-78.538891,PICHINCHA,QUITO,QUITO,URBANA,2023-10-07,06:35:00,6,SABADO,6,OCTUBRE,10,SI,NO CEDER EL DERECHO DE VIA O PREFERENCIA DE PASO A VEHICULOS.,CHOQUE LATERAL,BICICLETA,1,1,0,0,0,0,0,0,0,0,0,0,0,2,56,HOMBRE,LESIONADO,CONDUCTOR PRESENTE,NO,NO,1
35903,154968,154969,2023,0,0,-0.108186,-78.503782,PICHINCHA,QUITO,QUITO,URBANA,2023-10-07,07:00:00,7,SABADO,6,OCTUBRE,10,SI,CONDUCIR VEHICULO SUPERANDO LOS LIMITES MAXIMOS DE VELOCIDAD.,ESTRELLAMIENTOS,CAMIONETA,0,0,0,0,1,0,0,0,0,0,0,0,0,1,-1,NO IDENTIFICADO,NO IDENTIFICADO,CONDUCTOR AUSENTE,NO,NO,2
35904,154970,154971,2023,0,0,-0.130834,-78.448288,PICHINCHA,QUITO,LLANO CHICO,RURAL,2023-10-07,08:00:00,8,SABADO,6,OCTUBRE,10,SI,CONDUCIR VEHICULO SUPERANDO LOS LIMITES MAXIMOS DE VELOCIDAD.,ESTRELLAMIENTOS,CAMIONETA,1,0,0,0,1,0,0,0,0,0,0,0,0,2,-1,NO IDENTIFICADO,NO IDENTIFICADO,CONDUCTOR AUSENTE,NO,NO,2
35905,154974,154975,2023,0,0,-0.138554,-78.501393,PICHINCHA,QUITO,QUITO,URBANA,2023-10-07,11:05:00,11,SABADO,6,OCTUBRE,10,SI,NO MANTENER LA DISTANCIA PRUDENCIAL CON RESPECTO AL VEHICULO QUE LE ANTECEDE.,CHOQUE POSTERIOR,AUTOMOVIL,2,0,0,0,0,0,0,0,0,0,0,0,0,2,37,HOMBRE,ILESO,CONDUCTOR PRESENTE,NO,NO,1
35906,154982,154983,2023,0,0,-0.459335,-78.595841,PICHINCHA,MEJIA,ALOAG,RURAL,2023-10-07,14:05:00,14,SABADO,6,OCTUBRE,10,SI,"CONDUCIR DESATENTO A LAS CONDICIONES DE TRANSITO (CELULAR, PANTALLAS DE VIDEO, COMIDA, MAQUILLAJE O CUALQUIER OTRO ELEMENTO DISTRACTOR).",PERDIDA DE CARRIL,CAMIONETA,0,0,0,0,1,0,0,0,0,0,0,0,1,2,34,HOMBRE,ILESO,CONDUCTOR PRESENTE,NO,NO,3
35907,154983,154984,2023,0,0,-0.454571,-78.754912,PICHINCHA,MEJIA,MANUEL CORNEJO ASTORGA,RURAL,2023-10-07,14:25:00,14,SABADO,6,OCTUBRE,10,SI,"CONDUCIR DESATENTO A LAS CONDICIONES DE TRANSITO (CELULAR, PANTALLAS DE VIDEO, COMIDA, MAQUILLAJE O CUALQUIER OTRO ELEMENTO DISTRACTOR).",PERDIDA DE CARRIL,VEHICULO DEPORTIVO UTILITARIO,0,0,0,0,0,0,0,0,0,0,0,0,1,1,-1,HOMBRE,ILESO,CONDUCTOR PRESENTE,NO,NO,3
35908,154985,154986,2023,1,0,-0.207001,-78.512401,PICHINCHA,QUITO,QUITO,URBANA,2023-10-07,15:15:00,15,SABADO,6,OCTUBRE,10,SI,NO MANTENER LA DISTANCIA PRUDENCIAL CON RESPECTO AL VEHICULO QUE LE ANTECEDE.,OTROS,MOTOCICLETA,1,0,0,0,0,0,0,0,1,1,0,0,0,3,29,HOMBRE,LESIONADO,CONDUCTOR PRESENTE,NO,NO,1
35909,155005,155006,2023,0,0,-0.358144,-78.469415,PICHINCHA,RUMINIAHUI,SANGOLQUI,RURAL,2023-10-07,20:00:00,20,SABADO,6,OCTUBRE,10,SI,CONDUCIR VEHICULO SUPERANDO LOS LIMITES MAXIMOS DE VELOCIDAD.,CHOQUE LATERAL,CAMIONETA,1,0,0,0,1,0,0,0,0,0,0,0,0,2,45,HOMBRE,ILESO,CONDUCTOR PRESENTE,NO,SI,3
35910,155014,155015,2023,0,0,-0.154539,-78.349482,PICHINCHA,QUITO,TABABELA,RURAL,2023-10-07,21:47:00,21,SABADO,6,OCTUBRE,10,SI,NO MANTENER LA DISTANCIA PRUDENCIAL CON RESPECTO AL VEHICULO QUE LE ANTECEDE.,CHOQUE POSTERIOR,AUTOMOVIL,2,0,0,0,0,0,0,0,0,0,0,0,0,2,22,HOMBRE,ILESO,PASAJERO,NO,NO,3
35911,155015,155016,2023,0,0,-0.204562,-78.495219,PICHINCHA,QUITO,QUITO,URBANA,2023-10-07,22:10:00,22,SABADO,6,OCTUBRE,10,SI,NO CEDER EL DERECHO DE VIA O PREFERENCIA DE PASO A VEHICULOS.,CHOQUE LATERAL,AUTOMOVIL,2,0,0,0,0,0,0,0,0,0,0,0,0,2,67,HOMBRE,ILESO,CONDUCTOR PRESENTE,NO,NO,1
35912,155017,155018,2023,0,0,-0.156191,-78.474794,PICHINCHA,QUITO,QUITO,URBANA,2023-10-07,22:30:00,22,SABADO,6,OCTUBRE,10,SI,NO CEDER EL DERECHO DE VIA O PREFERENCIA DE PASO A VEHICULOS.,CHOQUE LATERAL,AUTOMOVIL,2,0,0,0,0,0,0,0,0,0,0,0,0,2,54,MUJER,ILESO,CONDUCTOR PRESENTE,NO,NO,1
35913,155021,155022,2023,1,0,-0.123425,-78.520331,PICHINCHA,QUITO,QUITO,URBANA,2023-10-07,23:20:00,23,SABADO,6,OCTUBRE,10,SI,NO CEDER EL DERECHO DE VIA O PREFERENCIA DE PASO AL PEATON.,ATROPELLOS,AUTOMOVIL,1,0,0,0,0,0,0,0,0,0,0,0,0,1,52,MUJER,LESIONADO,PEATON,NO,NO,1
35914,155024,155025,2023,0,0,-0.261933,-78.495693,PICHINCHA,QUITO,CONOCOTO,RURAL,2023-10-07,23:45:00,23,SABADO,6,OCTUBRE,10,SI,"NO RESPETAR LAS SENIALES REGLAMENTARIAS DE TRANSITO. (PARE, CEDA EL PASO, LUZ ROJA DEL SEMAFORO, ETC).",OTROS,AUTOMOVIL,1,0,0,0,0,0,0,0,0,0,0,0,0,1,-1,NO IDENTIFICADO,NO IDENTIFICADO,CONDUCTOR AUSENTE,NO,NO,2
35915,155025,155026,2023,0,0,-0.242521,-78.497197,PICHINCHA,QUITO,QUITO,URBANA,2023-10-08,00:15:00,0,DOMINGO,7,OCTUBRE,10,SI,"CONDUCE BAJO LA INFLUENCIA DE ALCOHOL, SUSTANCIAS ESTUPEFACIENTES O PSICOTROPICAS Y/O MEDICAMENTOS.",ESTRELLAMIENTOS,AUTOMOVIL,1,0,0,0,0,0,0,0,0,0,0,0,0,1,40,HOMBRE,ILESO,CONDUCTOR PRESENTE,NO,NO,1
35916,155029,155030,2023,1,0,0.084543,-78.147232,PICHINCHA,CAYAMBE,SAN JOSE DE AYORA,RURAL,2023-10-08,01:20:00,1,DOMINGO,7,OCTUBRE,10,SI,CONDUCIR VEHICULO SUPERANDO LOS LIMITES MAXIMOS DE VELOCIDAD.,PERDIDA DE CARRIL,MOTOCICLETA,0,0,0,0,0,0,0,0,1,0,0,0,0,1,28,HOMBRE,LESIONADO,CONDUCTOR PRESENTE,NO,SI,3
35917,155032,155033,2023,1,0,-0.264157,-78.542818,PICHINCHA,QUITO,QUITO,URBANA,2023-10-08,01:30:00,1,DOMINGO,7,OCTUBRE,10,SI,CONDUCIR VEHICULO SUPERANDO LOS LIMITES MAXIMOS DE VELOCIDAD.,VOLCAMIENTOS,MOTOCICLETA,0,0,0,0,0,0,0,0,1,0,0,0,0,1,27,HOMBRE,LESIONADO,PASAJERO,NO,NO,1
35918,155033,155034,2023,1,0,0.044728,-78.159892,PICHINCHA,CAYAMBE,CAYAMBE,RURAL,2023-10-08,01:50:00,1,DOMINGO,7,OCTUBRE,10,SI,CONDUCIR VEHICULO SUPERANDO LOS LIMITES MAXIMOS DE VELOCIDAD.,ESTRELLAMIENTOS,NO IDENTIFICADO,0,0,0,0,0,0,0,0,0,1,0,0,0,1,24,HOMBRE,LESIONADO,CONDUCTOR PRESENTE,NO,SI,3
35919,155036,155037,2023,0,0,-0.218809,-78.389021,PICHINCHA,QUITO,TUMBACO,RURAL,2023-10-08,02:30:00,2,DOMINGO,7,OCTUBRE,10,SI,"CONDUCIR EN ESTADO DE SOMNOLENCIA O MALAS CONDICIONES FISICAS (SUENIO, CANSANCIO Y FATIGA).",ESTRELLAMIENTOS,AUTOMOVIL,1,0,0,0,0,0,0,0,0,0,0,0,0,1,-1,NO IDENTIFICADO,NO IDENTIFICADO,CONDUCTOR AUSENTE,NO,NO,2
35920,155037,155038,2023,0,0,-0.235663,-78.472794,PICHINCHA,QUITO,QUITO,URBANA,2023-10-08,02:40:00,2,DOMINGO,7,OCTUBRE,10,SI,"CONDUCIR EN ESTADO DE SOMNOLENCIA O MALAS CONDICIONES FISICAS (SUENIO, CANSANCIO Y FATIGA).",PERDIDA DE CARRIL,AUTOMOVIL,1,0,0,0,0,0,0,0,0,0,0,0,0,1,-1,NO IDENTIFICADO,NO IDENTIFICADO,CONDUCTOR AUSENTE,NO,NO,2
35921,155043,155044,2023,1,0,-0.194155,-78.510526,PICHINCHA,QUITO,QUITO,URBANA,2023-10-08,03:30:00,3,DOMINGO,7,OCTUBRE,10,SI,REALIZAR CAMBIO BRUSCO O INDEBIDO DE CARRIL.,CHOQUE FRONTAL,MOTOCICLETA,0,0,0,0,0,0,0,0,1,1,0,0,0,2,47,HOMBRE,LESIONADO,CONDUCTOR PRESENTE,NO,NO,1
35922,155044,155045,2023,0,0,-0.092681,-78.403322,PICHINCHA,QUITO,CALDERON (CARAPUNGO),RURAL,2023-10-08,04:00:00,4,DOMINGO,7,OCTUBRE,10,SI,"CONDUCIR DESATENTO A LAS CONDICIONES DE TRANSITO (CELULAR, PANTALLAS DE VIDEO, COMIDA, MAQUILLAJE O CUALQUIER OTRO ELEMENTO DISTRACTOR).",PERDIDA DE CARRIL,VEHICULO DEPORTIVO UTILITARIO,0,0,0,0,0,0,0,0,0,0,0,0,1,1,52,HOMBRE,ILESO,CONDUCTOR PRESENTE,NO,SI,3
35923,155045,155046,2023,2,0,-0.285094,-78.498377,PICHINCHA,QUITO,CONOCOTO,RURAL,2023-10-08,04:25:00,4,DOMINGO,7,OCTUBRE,10,SI,"CONDUCIR EN ESTADO DE SOMNOLENCIA O MALAS CONDICIONES FISICAS (SUENIO, CANSANCIO Y FATIGA).",PERDIDA DE CARRIL,MOTOCICLETA,0,0,0,0,0,0,0,0,1,0,0,0,0,1,20,HOMBRE,LESIONADO,PASAJERO,NO,NO,3
35924,155056,155057,2023,0,0,-0.335103,-78.900815,PICHINCHA,MEJIA,MANUEL CORNEJO ASTORGA,RURAL,2023-10-08,07:15:00,7,DOMINGO,7,OCTUBRE,10,SI,"CONDUCIR DESATENTO A LAS CONDICIONES DE TRANSITO (CELULAR, PANTALLAS DE VIDEO, COMIDA, MAQUILLAJE O CUALQUIER OTRO ELEMENTO DISTRACTOR).",PERDIDA DE CARRIL,MOTOCICLETA,0,0,0,0,0,0,0,0,1,0,0,0,0,1,-1,NO IDENTIFICADO,NO IDENTIFICADO,CONDUCTOR AUSENTE,NO,NO,2
35925,155062,155063,2023,1,0,-0.049787,-78.456451,PICHINCHA,QUITO,POMASQUI,URBANA,2023-10-08,09:07:00,9,DOMINGO,7,OCTUBRE,10,SI,"CONDUCIR DESATENTO A LAS CONDICIONES DE TRANSITO (CELULAR, PANTALLAS DE VIDEO, COMIDA, MAQUILLAJE O CUALQUIER OTRO ELEMENTO DISTRACTOR).",CHOQUE LATERAL,AUTOMOVIL,2,0,0,0,0,0,0,0,0,0,0,0,0,2,30,MUJER,LESIONADO,PASAJERO,NO,SI,1
35926,155067,155068,2023,0,0,-0.341921,-78.522454,PICHINCHA,QUITO,QUITO,URBANA,2023-10-08,11:55:00,11,DOMINGO,7,OCTUBRE,10,SI,NO GUARDAR LA DISTANCIA LATERAL MINIMA DE SEGURIDAD ENTRE VEHICULOS.,ROZAMIENTOS,CAMION,2,0,0,1,0,0,0,0,0,0,0,0,0,3,35,HOMBRE,ILESO,CONDUCTOR PRESENTE,NO,NO,1
35927,155094,155095,2023,2,0,-0.241788,-78.532325,PICHINCHA,QUITO,QUITO,URBANA,2023-10-08,16:40:00,16,DOMINGO,7,OCTUBRE,10,SI,"CONDUCE BAJO LA INFLUENCIA DE ALCOHOL, SUSTANCIAS ESTUPEFACIENTES O PSICOTROPICAS Y/O MEDICAMENTOS.",CHOQUE LATERAL,MOTOCICLETA,1,0,0,0,0,0,0,0,1,0,0,0,0,2,34,HOMBRE,LESIONADO,PASAJERO,NO,NO,1
35928,155097,155098,2023,0,0,-0.164314,-78.487051,PICHINCHA,QUITO,QUITO,URBANA,2023-10-08,17:30:00,17,DOMINGO,7,OCTUBRE,10,SI,CONDUCIR VEHICULO SUPERANDO LOS LIMITES MAXIMOS DE VELOCIDAD.,ESTRELLAMIENTOS,AUTOMOVIL,1,0,0,0,0,0,0,0,0,0,0,0,0,1,47,HOMBRE,ILESO,CONDUCTOR PRESENTE,NO,NO,1
35929,155107,155108,2023,0,0,-0.332306,-78.519665,PICHINCHA,QUITO,QUITO,URBANA,2023-10-08,18:50:00,18,DOMINGO,7,OCTUBRE,10,SI,"CONDUCE BAJO LA INFLUENCIA DE ALCOHOL, SUSTANCIAS ESTUPEFACIENTES O PSICOTROPICAS Y/O MEDICAMENTOS.",COLISION,CAMIONETA,3,0,0,0,1,0,0,0,0,0,0,0,0,4,32,HOMBRE,ILESO,CONDUCTOR PRESENTE,NO,NO,1
35930,155111,155112,2023,1,0,-0.336132,-78.434303,PICHINCHA,RUMINIAHUI,SANGOLQUI,RURAL,2023-10-08,19:30:00,19,DOMINGO,7,OCTUBRE,10,SI,"CONDUCE BAJO LA INFLUENCIA DE ALCOHOL, SUSTANCIAS ESTUPEFACIENTES O PSICOTROPICAS Y/O MEDICAMENTOS.",CHOQUE POSTERIOR,AUTOMOVIL,2,0,0,0,0,0,0,0,0,0,0,0,0,2,65,MUJER,LESIONADO,PASAJERO,NO,SI,3
35931,155112,155113,2023,0,1,-0.292632,-78.544115,PICHINCHA,QUITO,QUITO,URBANA,2023-10-08,19:30:00,19,DOMINGO,7,OCTUBRE,10,SI,CONDUCIR VEHICULO SUPERANDO LOS LIMITES MAXIMOS DE VELOCIDAD.,PERDIDA DE CARRIL,MOTOCICLETA,0,0,0,0,0,0,0,0,1,0,0,0,0,1,36,HOMBRE,FALLECIDO,CONDUCTOR PRESENTE,NO,NO,1
35932,155114,155115,2023,0,0,-0.459139,-78.595528,PICHINCHA,MEJIA,ALOAG,RURAL,2023-10-08,20:00:00,20,DOMINGO,7,OCTUBRE,10,SI,"CONDUCIR DESATENTO A LAS CONDICIONES DE TRANSITO (CELULAR, PANTALLAS DE VIDEO, COMIDA, MAQUILLAJE O CUALQUIER OTRO ELEMENTO DISTRACTOR).",PERDIDA DE CARRIL,BUS,1,0,1,0,0,0,0,0,0,0,0,0,0,2,-1,NO IDENTIFICADO,NO IDENTIFICADO,CONDUCTOR AUSENTE,NO,NO,2
35933,155115,155116,2023,1,0,-0.333487,-78.519746,PICHINCHA,QUITO,QUITO,URBANA,2023-10-08,20:00:00,20,DOMINGO,7,OCTUBRE,10,SI,NO MANTENER LA DISTANCIA PRUDENCIAL CON RESPECTO AL VEHICULO QUE LE ANTECEDE.,CHOQUE POSTERIOR,AUTOMOVIL,2,0,0,0,0,0,0,0,0,0,0,0,0,2,63,HOMBRE,LESIONADO,PASAJERO,NO,NO,1
35934,155116,155117,2023,1,0,-0.286084,-78.561424,PICHINCHA,QUITO,QUITO,URBANA,2023-10-08,20:40:00,20,DOMINGO,7,OCTUBRE,10,SI,"CONDUCE BAJO LA INFLUENCIA DE ALCOHOL, SUSTANCIAS ESTUPEFACIENTES O PSICOTROPICAS Y/O MEDICAMENTOS.",ESTRELLAMIENTOS,MOTOCICLETA,1,0,0,0,0,0,0,0,1,0,0,0,0,2,21,HOMBRE,LESIONADO,CONDUCTOR PRESENTE,NO,NO,1
35935,155128,155129,2023,1,0,-0.259015,-78.529676,PICHINCHA,QUITO,QUITO,URBANA,2023-10-09,01:50:00,1,LUNES,1,OCTUBRE,10,SI,CONDUCIR VEHICULO SUPERANDO LOS LIMITES MAXIMOS DE VELOCIDAD.,VOLCAMIENTOS,MOTOCICLETA,0,0,0,0,0,0,0,0,1,0,0,0,0,1,22,HOMBRE,LESIONADO,PASAJERO,NO,NO,1
35936,155129,155130,2023,1,0,-0.217885,-78.491571,PICHINCHA,QUITO,QUITO,URBANA,2023-10-09,02:15:00,2,LUNES,1,OCTUBRE,10,SI,"CONDUCIR EN ESTADO DE SOMNOLENCIA O MALAS CONDICIONES FISICAS (SUENIO, CANSANCIO Y FATIGA).",ESTRELLAMIENTOS,AUTOMOVIL,1,0,0,0,0,0,0,0,0,0,0,0,0,1,19,HOMBRE,LESIONADO,CONDUCTOR PRESENTE,NO,NO,1
35937,155133,155134,2023,0,0,-0.210631,-78.522196,PICHINCHA,QUITO,QUITO,URBANA,2023-10-09,06:00:00,6,LUNES,1,OCTUBRE,10,SI,"NO RESPETAR LAS SENIALES REGLAMENTARIAS DE TRANSITO. (PARE, CEDA EL PASO, LUZ ROJA DEL SEMAFORO, ETC).",OTROS,MOTOCICLETA,0,0,0,0,0,0,0,0,1,0,0,0,0,1,-1,NO IDENTIFICADO,NO IDENTIFICADO,CONDUCTOR AUSENTE,NO,NO,2
35938,155134,155135,2023,0,1,0.007005,-78.283885,PICHINCHA,PEDRO MONCAYO,TOCACHI,RURAL,2023-10-09,06:20:00,6,LUNES,1,OCTUBRE,10,SI,CONDUCIR VEHICULO SUPERANDO LOS LIMITES MAXIMOS DE VELOCIDAD.,PERDIDA DE CARRIL,AUTOMOVIL,1,0,0,0,0,0,0,0,0,0,0,0,0,1,24,HOMBRE,FALLECIDO,CONDUCTOR PRESENTE,NO,SI,3
35939,155138,155139,2023,1,0,-0.291913,-78.535426,PICHINCHA,QUITO,QUITO,URBANA,2023-10-09,09:15:00,9,LUNES,1,OCTUBRE,10,SI,"CONDUCE BAJO LA INFLUENCIA DE ALCOHOL, SUSTANCIAS ESTUPEFACIENTES O PSICOTROPICAS Y/O MEDICAMENTOS.",VOLCAMIENTOS,MOTOCICLETA,0,0,0,0,0,0,0,0,1,0,0,0,0,1,28,MUJER,LESIONADO,PASAJERO,NO,NO,1
35940,155145,155146,2023,1,0,-0.283871,-78.544151,PICHINCHA,QUITO,QUITO,URBANA,2023-10-09,13:15:00,13,LUNES,1,OCTUBRE,10,SI,NO CEDER EL DERECHO DE VIA O PREFERENCIA DE PASO AL PEATON.,ATROPELLOS,NO IDENTIFICADO,0,0,0,0,0,0,0,0,0,1,0,0,0,1,7,HOMBRE,LESIONADO,PEATON,NO,NO,1
35941,155150,155151,2023,0,0,-0.188128,-78.516342,PICHINCHA,QUITO,QUITO,URBANA,2023-10-09,16:00:00,16,LUNES,1,OCTUBRE,10,SI,"CONDUCE BAJO LA INFLUENCIA DE ALCOHOL, SUSTANCIAS ESTUPEFACIENTES O PSICOTROPICAS Y/O MEDICAMENTOS.",ESTRELLAMIENTOS,AUTOMOVIL,1,0,0,0,0,0,0,0,0,0,0,0,0,1,42,HOMBRE,ILESO,CONDUCTOR PRESENTE,NO,NO,1
35942,155156,155157,2023,1,0,-0.235316,-78.471755,PICHINCHA,QUITO,QUITO,URBANA,2023-10-09,17:45:00,17,LUNES,1,OCTUBRE,10,SI,CONDUCIR VEHICULO SUPERANDO LOS LIMITES MAXIMOS DE VELOCIDAD.,PERDIDA DE CARRIL,AUTOMOVIL,1,0,0,0,0,0,0,0,0,0,0,0,0,1,32,HOMBRE,LESIONADO,CONDUCTOR PRESENTE,NO,NO,1
35943,155164,155165,2023,1,0,-0.239712,-78.512066,PICHINCHA,QUITO,QUITO,URBANA,2023-10-09,20:30:00,20,LUNES,1,OCTUBRE,10,SI,"CONDUCE BAJO LA INFLUENCIA DE ALCOHOL, SUSTANCIAS ESTUPEFACIENTES O PSICOTROPICAS Y/O MEDICAMENTOS.",CHOQUE LATERAL,AUTOMOVIL,2,0,0,0,0,0,0,0,0,0,0,0,0,2,52,MUJER,LESIONADO,CONDUCTOR PRESENTE,NO,NO,1
35944,155166,155167,2023,0,0,-0.199911,-78.482632,PICHINCHA,QUITO,QUITO,URBANA,2023-10-09,21:40:00,21,LUNES,1,OCTUBRE,10,SI,NO CEDER EL DERECHO DE VIA O PREFERENCIA DE PASO A VEHICULOS.,CHOQUE LATERAL,MOTOCICLETA,1,0,0,0,0,0,0,0,1,0,0,0,0,2,31,HOMBRE,ILESO,CONDUCTOR PRESENTE,NO,NO,1
35945,155169,155170,2023,1,0,-0.179675,-78.504009,PICHINCHA,QUITO,QUITO,URBANA,2023-10-09,22:10:00,22,LUNES,1,OCTUBRE,10,SI,CONDUCIR VEHICULO SUPERANDO LOS LIMITES MAXIMOS DE VELOCIDAD.,ESTRELLAMIENTOS,AUTOMOVIL,1,0,0,0,0,0,0,0,0,0,0,0,0,1,50,HOMBRE,LESIONADO,PASAJERO,NO,NO,1
35946,155173,155174,2023,0,0,-0.123711,-78.503087,PICHINCHA,QUITO,QUITO,URBANA,2023-10-10,00:48:00,0,MARTES,2,OCTUBRE,10,NO,"CONDUCIR EN ESTADO DE SOMNOLENCIA O MALAS CONDICIONES FISICAS (SUENIO, CANSANCIO Y FATIGA).",ESTRELLAMIENTOS,AUTOMOVIL,1,0,0,0,0,0,0,0,0,0,0,0,0,1,56,HOMBRE,ILESO,CONDUCTOR PRESENTE,NO,NO,1
35947,155179,155180,2023,1,0,-0.231601,-78.523401,PICHINCHA,QUITO,QUITO,URBANA,2023-10-10,07:30:00,7,MARTES,2,OCTUBRE,10,NO,NO TRANSITAR POR LAS ACERAS O ZONAS DE SEGURIDAD DESTINADAS PARA EL EFECTO.,ATROPELLOS,MOTOCICLETA,0,0,0,0,0,0,0,0,1,0,0,0,0,1,43,MUJER,LESIONADO,PEATON,NO,NO,1
35948,155180,155181,2023,1,0,-0.289939,-78.521272,PICHINCHA,QUITO,QUITO,URBANA,2023-10-10,07:40:00,7,MARTES,2,OCTUBRE,10,NO,NO GUARDAR LA DISTANCIA LATERAL MINIMA DE SEGURIDAD ENTRE VEHICULOS.,ROZAMIENTOS,MOTOCICLETA,0,0,0,0,1,0,0,0,1,0,0,0,0,2,24,HOMBRE,LESIONADO,CONDUCTOR PRESENTE,NO,NO,1
35949,155183,155184,2023,0,0,-0.147345,-78.473012,PICHINCHA,QUITO,QUITO,URBANA,2023-10-10,08:30:00,8,MARTES,2,OCTUBRE,10,NO,NO CEDER EL DERECHO DE VIA O PREFERENCIA DE PASO A VEHICULOS.,OTROS,CAMIONETA,2,0,0,0,1,0,0,0,0,0,0,0,0,3,38,HOMBRE,ILESO,CONDUCTOR PRESENTE,NO,NO,1
35950,155192,155193,2023,4,0,-0.190781,-78.457951,PICHINCHA,QUITO,QUITO,URBANA,2023-10-10,15:45:00,15,MARTES,2,OCTUBRE,10,NO,"CONDICIONES AMBIENTALES Y/O ATMOSFERICAS (NIEBLA, NEBLINA, GRANIZO, LLUVIA).",CHOQUE FRONTAL,AUTOMOVIL,2,0,0,0,0,0,0,0,0,0,0,0,0,2,2,HOMBRE,LESIONADO,PASAJERO,NO,NO,1
35951,155195,155196,2023,0,0,-0.296701,-78.522971,PICHINCHA,QUITO,QUITO,URBANA,2023-10-10,17:15:00,17,MARTES,2,OCTUBRE,10,NO,CONDUCIR VEHICULO SUPERANDO LOS LIMITES MAXIMOS DE VELOCIDAD.,OTROS,FURGONETA,0,0,0,0,0,0,0,1,0,0,0,0,0,1,60,HOMBRE,ILESO,CONDUCTOR PRESENTE,NO,NO,1