,Unnamed: 0,ID,ANIO,LESIONADOS,FALLECIDOS,LATITUD_Y,LONGITUD_X,PROVINCIA,CANTON,PARROQUIA,ZONA,FECHA,HORA,PERIODO_2,DIA_1,DIA_2,MES_1,MES_2,FERIADO,CAUSA_PROBABLE,TIPO_DE_SINIESTRO,TIPO_DE_VEHICULO_1,AUTOMOVIL,BICICLETA,BUS,CAMION,CAMIONETA,EMERGENCIAS,ESPECIAL,FURGONETA,MOTOCICLETA,NO_IDENTIFICADO,SCOOTER_ELECTRICO,TRICIMOTO,VEHICULO_DEPORTIVO_UTILITARIO,SUMA_DE_VEHICULOS,EDAD_1,SEXO_1,CONDICION_1,PARTICIPANTE_1,CASCO_1,CINTURON_1,KMeans_Cluster
35952,155206,155207,2023,0,0,-0.247067,-78.489407,PICHINCHA,QUITO,QUITO,URBANA,2023-10-10,20:00:00,20,MARTES,2,OCTUBRE,10,NO,"CONDUCE BAJO LA INFLUENCIA DE ALCOHOL, SUSTANCIAS ESTUPEFACIENTES O PSICOTROPICAS Y/O MEDICAMENTOS.",CHOQUE LATERAL,CAMIONETA,1,0,0,0,1,0,0,0,0,0,0,0,0,2,33,HOMBRE,ILESO,CONDUCTOR PRESENTE,NO,NO,1
35953,155210,155211,2023,0,0,-0.298458,-78.547232,PICHINCHA,QUITO,QUITO,URBANA,2023-10-11,00:55:00,0,MIERCOLES,3,OCTUBRE,10,NO,CONDUCIR VEHICULO SUPERANDO LOS LIMITES MAXIMOS DE VELOCIDAD.,ESTRELLAMIENTOS,AUTOMOVIL,1,0,0,0,0,0,0,0,0,0,0,0,0,1,-1,NO IDENTIFICADO,NO IDENTIFICADO,CONDUCTOR AUSENTE,NO,NO,2
35954,155213,155214,2023,0,0,-0.275267,-78.567354,PICHINCHA,QUITO,QUITO,URBANA,2023-10-11,06:00:00,6,MIERCOLES,3,OCTUBRE,10,NO,REALIZAR CAMBIO BRUSCO O INDEBIDO DE CARRIL.,CHOQUE FRONTAL,BUS,0,0,1,0,0,0,0,1,0,0,0,0,0,2,36,HOMBRE,ILESO,CONDUCTOR PRESENTE,NO,NO,1
35955,155214,155215,2023,1,0,-0.260155,-78.503388,PICHINCHA,QUITO,QUITO,URBANA,2023-10-11,06:20:00,6,MIERCOLES,3,OCTUBRE,10,NO,CONDUCIR VEHICULO SUPERANDO LOS LIMITES MAXIMOS DE VELOCIDAD.,COLISION,MOTOCICLETA,2,0,0,0,0,0,0,0,1,0,0,0,0,3,27,HOMBRE,LESIONADO,CONDUCTOR PRESENTE,NO,NO,1
35956,155220,155221,2023,0,0,-0.265387,-78.283199,PICHINCHA,QUITO,PIFO,RURAL,2023-10-11,08:00:00,8,MIERCOLES,3,OCTUBRE,10,NO,CONDUCIR VEHICULO SUPERANDO LOS LIMITES MAXIMOS DE VELOCIDAD.,PERDIDA DE PISTA,CAMION,0,0,0,1,0,0,0,0,0,0,0,0,0,1,24,HOMBRE,ILESO,CONDUCTOR PRESENTE,NO,SI,3
35957,155223,155224,2023,0,0,-0.222547,-78.415879,PICHINCHA,QUITO,TUMBACO,RURAL,2023-10-11,10:00:00,10,MIERCOLES,3,OCTUBRE,10,NO,NO MANTENER LA DISTANCIA PRUDENCIAL CON RESPECTO AL VEHICULO QUE LE ANTECEDE.,COLISION,CAMIONETA,2,0,0,0,1,0,0,0,0,0,0,0,0,3,26,HOMBRE,ILESO,CONDUCTOR PRESENTE,NO,NO,3
35958,155231,155232,2023,0,0,-0.197929,-78.486582,PICHINCHA,QUITO,QUITO,URBANA,2023-10-11,14:20:00,14,MIERCOLES,3,OCTUBRE,10,NO,"CONDUCE BAJO LA INFLUENCIA DE ALCOHOL, SUSTANCIAS ESTUPEFACIENTES O PSICOTROPICAS Y/O MEDICAMENTOS.",OTROS,CAMIONETA,2,0,0,0,1,0,0,0,0,0,0,0,0,3,22,HOMBRE,ILESO,CONDUCTOR PRESENTE,NO,NO,1
35959,155237,155238,2023,0,0,-0.228095,-78.511998,PICHINCHA,QUITO,QUITO,URBANA,2023-10-11,16:30:00,16,MIERCOLES,3,OCTUBRE,10,NO,"CONDUCE BAJO LA INFLUENCIA DE ALCOHOL, SUSTANCIAS ESTUPEFACIENTES O PSICOTROPICAS Y/O MEDICAMENTOS.",COLISION,AUTOMOVIL,4,0,0,0,0,0,0,0,0,0,0,0,0,4,38,HOMBRE,ILESO,CONDUCTOR PRESENTE,NO,NO,1
35960,155238,155239,2023,11,0,-0.237832,-78.483061,PICHINCHA,QUITO,QUITO,URBANA,2023-10-11,17:20:00,17,MIERCOLES,3,OCTUBRE,10,NO,CONDUCIR VEHICULO SUPERANDO LOS LIMITES MAXIMOS DE VELOCIDAD.,OTROS,BUS,0,0,1,3,1,0,0,0,0,0,0,0,0,5,23,HOMBRE,LESIONADO,PASAJERO,NO,NO,1
35961,155257,155258,2023,0,0,-0.149343,-78.449396,PICHINCHA,QUITO,QUITO,URBANA,2023-10-12,05:55:00,5,JUEVES,4,OCTUBRE,10,NO,CONDUCIR VEHICULO SUPERANDO LOS LIMITES MAXIMOS DE VELOCIDAD.,ESTRELLAMIENTOS,CAMION,0,0,0,1,0,0,0,0,0,0,0,0,0,1,25,HOMBRE,ILESO,CONDUCTOR PRESENTE,NO,NO,1
35962,155259,155260,2023,1,0,-0.100119,-78.471629,PICHINCHA,QUITO,QUITO,URBANA,2023-10-12,06:40:00,6,JUEVES,4,OCTUBRE,10,NO,"NO RESPETAR LAS SENIALES REGLAMENTARIAS DE TRANSITO. (PARE, CEDA EL PASO, LUZ ROJA DEL SEMAFORO, ETC).",CHOQUE LATERAL,MOTOCICLETA,1,0,0,0,0,0,0,0,1,0,0,0,0,2,21,MUJER,LESIONADO,PASAJERO,NO,NO,1
35963,155260,155261,2023,0,0,-0.190788,-78.458088,PICHINCHA,QUITO,QUITO,URBANA,2023-10-12,06:46:00,6,JUEVES,4,OCTUBRE,10,NO,CONDUCIR EN SENTIDO CONTRARIO A LA VIA NORMAL DE CIRCULACION.,CHOQUE FRONTAL,AUTOMOVIL,2,0,0,0,0,0,0,0,0,0,0,0,0,2,38,MUJER,ILESO,CONDUCTOR PRESENTE,NO,NO,1
35964,155261,155262,2023,1,0,-0.289349,-78.538546,PICHINCHA,QUITO,QUITO,URBANA,2023-10-12,06:50:00,6,JUEVES,4,OCTUBRE,10,NO,"NO RESPETAR LAS SENIALES REGLAMENTARIAS DE TRANSITO. (PARE, CEDA EL PASO, LUZ ROJA DEL SEMAFORO, ETC).",CHOQUE LATERAL,MOTOCICLETA,0,0,0,0,0,0,0,0,1,1,0,0,0,2,28,HOMBRE,LESIONADO,CONDUCTOR PRESENTE,NO,NO,1
35965,155267,155268,2023,2,0,-0.195373,-78.497284,PICHINCHA,QUITO,QUITO,URBANA,2023-10-12,08:05:00,8,JUEVES,4,OCTUBRE,10,NO,"NO RESPETAR LAS SENIALES REGLAMENTARIAS DE TRANSITO. (PARE, CEDA EL PASO, LUZ ROJA DEL SEMAFORO, ETC).",OTROS,AUTOMOVIL,2,0,0,0,0,0,0,0,0,0,0,0,0,2,54,HOMBRE,LESIONADO,PEATON,NO,NO,1
35966,155268,155269,2023,0,0,-0.219469,-78.506939,PICHINCHA,QUITO,QUITO,URBANA,2023-10-12,08:22:00,8,JUEVES,4,OCTUBRE,10,NO,NO MANTENER LA DISTANCIA PRUDENCIAL CON RESPECTO AL VEHICULO QUE LE ANTECEDE.,CHOQUE POSTERIOR,FURGONETA,1,0,0,0,0,0,0,1,0,0,0,0,0,2,34,HOMBRE,ILESO,CONDUCTOR PRESENTE,NO,NO,1
35967,155271,155272,2023,2,0,-0.117381,-78.499257,PICHINCHA,QUITO,QUITO,URBANA,2023-10-12,08:45:00,8,JUEVES,4,OCTUBRE,10,NO,"NO RESPETAR LAS SENIALES REGLAMENTARIAS DE TRANSITO. (PARE, CEDA EL PASO, LUZ ROJA DEL SEMAFORO, ETC).",OTROS,AUTOMOVIL,3,0,0,0,0,0,0,0,0,0,0,0,0,3,27,MUJER,LESIONADO,PASAJERO,NO,NO,1
35968,155272,155273,2023,1,0,-0.271926,-78.552113,PICHINCHA,QUITO,QUITO,URBANA,2023-10-12,09:20:00,9,JUEVES,4,OCTUBRE,10,NO,PEATON QUE CRUZA LA CALZADA SIN RESPETAR LA SENIALIZACION EXISTENTE (SEMAFOROS O SENIALES MANUALES).,ATROPELLOS,MOTOCICLETA,0,0,0,0,0,0,0,0,1,0,0,0,0,1,73,HOMBRE,LESIONADO,PEATON,NO,NO,1
35969,155275,155276,2023,0,0,-0.283161,-78.554574,PICHINCHA,QUITO,QUITO,URBANA,2023-10-12,11:45:00,11,JUEVES,4,OCTUBRE,10,NO,"NO RESPETAR LAS SENIALES REGLAMENTARIAS DE TRANSITO. (PARE, CEDA EL PASO, LUZ ROJA DEL SEMAFORO, ETC).",CHOQUE LATERAL,BUS,1,0,1,0,0,0,0,0,0,0,0,0,0,2,19,HOMBRE,ILESO,CONDUCTOR PRESENTE,NO,NO,1
35970,155293,155294,2023,2,0,-0.001367,-78.447521,PICHINCHA,QUITO,SAN ANTONIO (QUITO),RURAL,2023-10-12,22:10:00,22,JUEVES,4,OCTUBRE,10,NO,NO CEDER EL DERECHO DE VIA O PREFERENCIA DE PASO AL PEATON.,ARROLLAMIENTOS,AUTOMOVIL,1,0,0,0,0,0,0,0,0,0,0,0,0,1,23,HOMBRE,LESIONADO,PEATON,NO,NO,3
35971,155295,155296,2023,2,0,-0.341797,-78.548877,PICHINCHA,QUITO,QUITO,URBANA,2023-10-12,22:50:00,22,JUEVES,4,OCTUBRE,10,NO,CONDUCIR VEHICULO SUPERANDO LOS LIMITES MAXIMOS DE VELOCIDAD.,OTROS,NO IDENTIFICADO,0,0,0,0,0,0,0,0,0,1,0,0,0,1,19,HOMBRE,LESIONADO,PEATON,NO,NO,1
35972,155296,155297,2023,1,0,-0.108777,-78.474313,PICHINCHA,QUITO,QUITO,URBANA,2023-10-12,23:10:00,23,JUEVES,4,OCTUBRE,10,NO,"CONDUCIR EN ESTADO DE SOMNOLENCIA O MALAS CONDICIONES FISICAS (SUENIO, CANSANCIO Y FATIGA).",PERDIDA DE CARRIL,AUTOMOVIL,1,0,0,0,0,0,0,0,0,0,0,0,0,1,56,HOMBRE,LESIONADO,CONDUCTOR PRESENTE,NO,NO,1
35973,155299,155300,2023,0,0,-0.321672,-78.533007,PICHINCHA,QUITO,QUITO,URBANA,2023-10-12,23:40:00,23,JUEVES,4,OCTUBRE,10,NO,CONDUCIR VEHICULO SUPERANDO LOS LIMITES MAXIMOS DE VELOCIDAD.,ESTRELLAMIENTOS,AUTOMOVIL,1,0,0,0,0,0,0,0,0,0,0,0,0,1,35,MUJER,ILESO,CONDUCTOR PRESENTE,NO,NO,1
35974,155303,155304,2023,0,0,-0.000485,-78.508243,PICHINCHA,QUITO,CALACALI,RURAL,2023-10-13,00:08:00,0,VIERNES,5,OCTUBRE,10,NO,CONDUCIR VEHICULO SUPERANDO LOS LIMITES MAXIMOS DE VELOCIDAD.,ESTRELLAMIENTOS,AUTOMOVIL,1,0,0,0,0,0,0,0,0,0,0,0,0,1,-1,NO IDENTIFICADO,NO IDENTIFICADO,CONDUCTOR AUSENTE,NO,NO,2
35975,155304,155305,2023,0,0,-0.307188,-78.549957,PICHINCHA,QUITO,QUITO,URBANA,2023-10-13,00:15:00,0,VIERNES,5,OCTUBRE,10,NO,CONDUCIR VEHICULO SUPERANDO LOS LIMITES MAXIMOS DE VELOCIDAD.,ESTRELLAMIENTOS,AUTOMOVIL,1,0,0,0,0,0,0,0,0,0,0,0,0,1,-1,NO IDENTIFICADO,NO IDENTIFICADO,CONDUCTOR AUSENTE,NO,NO,2
35976,155326,155327,2023,0,0,-0.213105,-78.444036,PICHINCHA,QUITO,CUMBAYA,RURAL,2023-10-13,06:41:00,6,VIERNES,5,OCTUBRE,10,NO,NO MANTENER LA DISTANCIA PRUDENCIAL CON RESPECTO AL VEHICULO QUE LE ANTECEDE.,CHOQUE POSTERIOR,CAMION,0,0,0,2,0,0,0,0,0,0,0,0,0,2,45,HOMBRE,ILESO,CONDUCTOR PRESENTE,NO,NO,3
35977,155334,155335,2023,1,0,-0.298854,-78.429063,PICHINCHA,QUITO,ALANGASI,RURAL,2023-10-13,08:30:00,8,VIERNES,5,OCTUBRE,10,NO,"NO RESPETAR LAS SENIALES REGLAMENTARIAS DE TRANSITO. (PARE, CEDA EL PASO, LUZ ROJA DEL SEMAFORO, ETC).",CHOQUE LATERAL,MOTOCICLETA,1,0,0,0,0,0,0,0,1,0,0,0,0,2,23,HOMBRE,LESIONADO,CONDUCTOR PRESENTE,NO,NO,3
35978,155340,155341,2023,1,0,-0.282232,-78.555901,PICHINCHA,QUITO,QUITO,URBANA,2023-10-13,12:09:00,12,VIERNES,5,OCTUBRE,10,NO,"NO RESPETAR LAS SENIALES REGLAMENTARIAS DE TRANSITO. (PARE, CEDA EL PASO, LUZ ROJA DEL SEMAFORO, ETC).",CHOQUE LATERAL,MOTOCICLETA,1,0,0,0,0,0,0,0,1,0,0,0,0,2,37,MUJER,LESIONADO,CONDUCTOR PRESENTE,NO,NO,1
35979,155345,155346,2023,1,0,-0.335567,-78.547228,PICHINCHA,QUITO,QUITO,URBANA,2023-10-13,13:30:00,13,VIERNES,5,OCTUBRE,10,NO,"NO RESPETAR LAS SENIALES REGLAMENTARIAS DE TRANSITO. (PARE, CEDA EL PASO, LUZ ROJA DEL SEMAFORO, ETC).",OTROS,MOTOCICLETA,1,0,0,0,0,0,0,0,1,0,0,0,0,2,33,HOMBRE,LESIONADO,CONDUCTOR PRESENTE,NO,NO,1
35980,155349,155350,2023,1,0,-0.228593,-78.485518,PICHINCHA,QUITO,QUITO,URBANA,2023-10-13,14:00:00,14,VIERNES,5,OCTUBRE,10,NO,NO MANTENER LA DISTANCIA PRUDENCIAL CON RESPECTO AL VEHICULO QUE LE ANTECEDE.,CHOQUE POSTERIOR,BUS,0,0,1,1,0,0,0,0,0,0,0,0,0,2,25,MUJER,LESIONADO,PASAJERO,NO,NO,1
35981,155352,155353,2023,1,0,-0.217392,-78.399352,PICHINCHA,QUITO,TUMBACO,RURAL,2023-10-13,15:11:00,15,VIERNES,5,OCTUBRE,10,NO,"NO RESPETAR LAS SENIALES REGLAMENTARIAS DE TRANSITO. (PARE, CEDA EL PASO, LUZ ROJA DEL SEMAFORO, ETC).",CHOQUE LATERAL,MOTOCICLETA,1,0,0,0,0,0,0,0,1,0,0,0,0,2,47,HOMBRE,LESIONADO,CONDUCTOR PRESENTE,NO,NO,3
35982,155362,155363,2023,2,0,-0.148838,-78.489426,PICHINCHA,QUITO,QUITO,URBANA,2023-10-13,18:20:00,18,VIERNES,5,OCTUBRE,10,NO,"NO RESPETAR LAS SENIALES REGLAMENTARIAS DE TRANSITO. (PARE, CEDA EL PASO, LUZ ROJA DEL SEMAFORO, ETC).",CHOQUE LATERAL,MOTOCICLETA,1,0,0,0,0,0,0,0,1,0,0,0,0,2,30,HOMBRE,LESIONADO,CONDUCTOR PRESENTE,NO,NO,1
35983,155380,155381,2023,0,0,-0.240648,-78.511678,PICHINCHA,QUITO,QUITO,URBANA,2023-10-14,02:30:00,2,SABADO,6,OCTUBRE,10,NO,CONDUCIR VEHICULO SUPERANDO LOS LIMITES MAXIMOS DE VELOCIDAD.,ESTRELLAMIENTOS,AUTOMOVIL,1,0,0,0,0,0,0,0,0,0,0,0,0,1,-1,NO IDENTIFICADO,NO IDENTIFICADO,CONDUCTOR AUSENTE,NO,NO,2
35984,155384,155385,2023,3,0,-0.445056,-78.632417,PICHINCHA,MEJIA,ALOAG,RURAL,2023-10-14,05:00:00,5,SABADO,6,OCTUBRE,10,NO,"CONDUCIR DESATENTO A LAS CONDICIONES DE TRANSITO (CELULAR, PANTALLAS DE VIDEO, COMIDA, MAQUILLAJE O CUALQUIER OTRO ELEMENTO DISTRACTOR).",PERDIDA DE CARRIL,AUTOMOVIL,1,0,0,0,0,0,0,0,0,0,0,0,0,1,20,HOMBRE,LESIONADO,PASAJERO,NO,NO,3
35985,155389,155390,2023,0,0,-0.211649,-78.503552,PICHINCHA,QUITO,QUITO,URBANA,2023-10-14,09:30:00,9,SABADO,6,OCTUBRE,10,NO,NO CEDER EL DERECHO DE VIA O PREFERENCIA DE PASO A VEHICULOS.,CHOQUE LATERAL,AUTOMOVIL,2,0,0,0,0,0,0,0,0,0,0,0,0,2,43,HOMBRE,ILESO,CONDUCTOR PRESENTE,NO,NO,1
35986,155406,155407,2023,0,0,-0.250779,-78.527428,PICHINCHA,QUITO,QUITO,URBANA,2023-10-14,17:10:00,17,SABADO,6,OCTUBRE,10,NO,"NO RESPETAR LAS SENIALES REGLAMENTARIAS DE TRANSITO. (PARE, CEDA EL PASO, LUZ ROJA DEL SEMAFORO, ETC).",CHOQUE LATERAL,AUTOMOVIL,2,0,0,0,0,0,0,0,0,0,0,0,0,2,45,HOMBRE,ILESO,CONDUCTOR PRESENTE,NO,NO,1
35987,155409,155410,2023,0,0,-0.308069,-78.561251,PICHINCHA,QUITO,QUITO,URBANA,2023-10-14,17:36:00,17,SABADO,6,OCTUBRE,10,NO,"NO RESPETAR LAS SENIALES REGLAMENTARIAS DE TRANSITO. (PARE, CEDA EL PASO, LUZ ROJA DEL SEMAFORO, ETC).",CHOQUE LATERAL,CAMION,1,0,0,1,0,0,0,0,0,0,0,0,0,2,55,HOMBRE,ILESO,CONDUCTOR PRESENTE,NO,NO,1
35988,155413,155414,2023,1,0,-0.246656,-78.533303,PICHINCHA,QUITO,QUITO,URBANA,2023-10-14,18:33:00,18,SABADO,6,OCTUBRE,10,NO,CONDUCIR VEHICULO SUPERANDO LOS LIMITES MAXIMOS DE VELOCIDAD.,OTROS,MOTOCICLETA,0,0,0,0,0,0,0,0,1,1,0,0,0,2,27,HOMBRE,LESIONADO,CONDUCTOR PRESENTE,NO,NO,1
35989,155432,155433,2023,0,0,-0.245742,-78.519418,PICHINCHA,QUITO,QUITO,URBANA,2023-10-14,23:40:00,23,SABADO,6,OCTUBRE,10,NO,"NO RESPETAR LAS SENIALES REGLAMENTARIAS DE TRANSITO. (PARE, CEDA EL PASO, LUZ ROJA DEL SEMAFORO, ETC).",CHOQUE LATERAL,AUTOMOVIL,2,0,0,0,0,0,0,0,0,0,0,0,0,2,23,HOMBRE,ILESO,CONDUCTOR PRESENTE,NO,NO,1
35990,155442,155443,2023,0,0,-0.207353,-78.366501,PICHINCHA,QUITO,PUEMBO,RURAL,2023-10-15,04:50:00,4,DOMINGO,7,OCTUBRE,10,NO,"CONDUCIR EN ESTADO DE SOMNOLENCIA O MALAS CONDICIONES FISICAS (SUENIO, CANSANCIO Y FATIGA).",ESTRELLAMIENTOS,AUTOMOVIL,1,0,0,0,0,0,0,0,0,0,0,0,0,1,58,HOMBRE,ILESO,CONDUCTOR PRESENTE,NO,NO,3
35991,155453,155454,2023,0,0,-0.281044,-78.548708,PICHINCHA,QUITO,QUITO,URBANA,2023-10-15,08:18:00,8,DOMINGO,7,OCTUBRE,10,NO,NO MANTENER LA DISTANCIA PRUDENCIAL CON RESPECTO AL VEHICULO QUE LE ANTECEDE.,CHOQUE POSTERIOR,MOTOCICLETA,1,0,0,0,0,0,0,0,1,0,0,0,0,2,21,HOMBRE,ILESO,CONDUCTOR PRESENTE,NO,NO,1
35992,155457,155458,2023,0,0,-0.181867,-78.476523,PICHINCHA,QUITO,QUITO,URBANA,2023-10-15,09:25:00,9,DOMINGO,7,OCTUBRE,10,NO,CONDUCIR VEHICULO SUPERANDO LOS LIMITES MAXIMOS DE VELOCIDAD.,OTROS,CAMION,0,0,0,1,0,0,0,0,0,0,0,0,0,1,27,HOMBRE,ILESO,CONDUCTOR PRESENTE,NO,NO,1
35993,155465,155466,2023,2,0,-0.311931,-78.522388,PICHINCHA,QUITO,QUITO,URBANA,2023-10-15,10:52:00,10,DOMINGO,7,OCTUBRE,10,NO,"NO RESPETAR LAS SENIALES REGLAMENTARIAS DE TRANSITO. (PARE, CEDA EL PASO, LUZ ROJA DEL SEMAFORO, ETC).",OTROS,AUTOMOVIL,4,0,0,0,0,0,0,0,0,0,0,0,0,4,24,HOMBRE,LESIONADO,CONDUCTOR PRESENTE,NO,NO,1
35994,155468,155469,2023,3,0,-0.449411,-78.585734,PICHINCHA,MEJIA,ALOAG,URBANA,2023-10-15,11:30:00,11,DOMINGO,7,OCTUBRE,10,NO,"CONDUCIR DESATENTO A LAS CONDICIONES DE TRANSITO (CELULAR, PANTALLAS DE VIDEO, COMIDA, MAQUILLAJE O CUALQUIER OTRO ELEMENTO DISTRACTOR).",CHOQUE POSTERIOR,MOTOCICLETA,0,0,0,0,0,0,0,0,2,0,0,0,0,2,21,HOMBRE,LESIONADO,CONDUCTOR PRESENTE,NO,SI,1
35995,155469,155470,2023,0,1,-0.377569,-78.503296,PICHINCHA,QUITO,AMAGUANIA,RURAL,2023-10-15,11:58:00,11,DOMINGO,7,OCTUBRE,10,NO,NO TRANSITAR POR LAS ACERAS O ZONAS DE SEGURIDAD DESTINADAS PARA EL EFECTO.,ARROLLAMIENTOS,BUS,0,0,1,0,0,0,0,0,0,0,0,0,0,1,72,HOMBRE,FALLECIDO,PEATON,NO,NO,3
35996,155470,155471,2023,0,0,-0.286802,-78.557406,PICHINCHA,QUITO,QUITO,URBANA,2023-10-15,12:00:00,12,DOMINGO,7,OCTUBRE,10,NO,CONDUCIR VEHICULO SUPERANDO LOS LIMITES MAXIMOS DE VELOCIDAD.,ESTRELLAMIENTOS,AUTOMOVIL,2,0,0,0,0,0,0,0,0,0,0,0,0,2,58,HOMBRE,ILESO,CONDUCTOR PRESENTE,NO,NO,1
35997,155473,155474,2023,0,0,-0.174801,-78.454821,PICHINCHA,QUITO,QUITO,URBANA,2023-10-15,12:43:00,12,DOMINGO,7,OCTUBRE,10,NO,NO MANTENER LA DISTANCIA PRUDENCIAL CON RESPECTO AL VEHICULO QUE LE ANTECEDE.,CHOQUE POSTERIOR,AUTOMOVIL,2,0,0,0,0,0,0,0,0,0,0,0,0,2,44,HOMBRE,ILESO,CONDUCTOR PRESENTE,NO,NO,1
35998,155476,155477,2023,2,0,-0.204006,-78.505542,PICHINCHA,QUITO,QUITO,URBANA,2023-10-15,13:00:00,13,DOMINGO,7,OCTUBRE,10,NO,"CONDUCE BAJO LA INFLUENCIA DE ALCOHOL, SUSTANCIAS ESTUPEFACIENTES O PSICOTROPICAS Y/O MEDICAMENTOS.",CHOQUE POSTERIOR,MOTOCICLETA,0,0,0,0,1,0,0,0,1,0,0,0,0,2,40,HOMBRE,LESIONADO,CONDUCTOR PRESENTE,NO,NO,1
35999,155515,155516,2023,0,0,-0.129294,-78.495429,PICHINCHA,QUITO,QUITO,URBANA,2023-10-16,04:15:00,4,LUNES,1,OCTUBRE,10,NO,"CONDUCIR EN ESTADO DE SOMNOLENCIA O MALAS CONDICIONES FISICAS (SUENIO, CANSANCIO Y FATIGA).",PERDIDA DE CARRIL,AUTOMOVIL,1,0,0,0,0,0,0,0,0,0,0,0,0,1,28,HOMBRE,ILESO,CONDUCTOR PRESENTE,NO,NO,1
36000,155525,155526,2023,2,0,-0.157858,-78.472966,PICHINCHA,QUITO,QUITO,URBANA,2023-10-16,09:25:00,9,LUNES,1,OCTUBRE,10,NO,CONDUCIR VEHICULO SUPERANDO LOS LIMITES MAXIMOS DE VELOCIDAD.,OTROS,CAMIONETA,3,0,0,0,1,0,0,0,0,0,0,0,0,4,23,HOMBRE,LESIONADO,PEATON,NO,NO,1
36001,155526,155527,2023,0,0,-0.239515,-78.529481,PICHINCHA,QUITO,QUITO,URBANA,2023-10-16,09:55:00,9,LUNES,1,OCTUBRE,10,NO,NO CEDER EL DERECHO DE VIA O PREFERENCIA DE PASO A VEHICULOS.,CHOQUE LATERAL,FURGONETA,1,0,0,0,0,0,0,1,0,0,0,0,0,2,27,HOMBRE,ILESO,CONDUCTOR PRESENTE,NO,NO,1
36002,155534,155535,2023,0,0,-0.188551,-78.514057,PICHINCHA,QUITO,QUITO,URBANA,2023-10-16,13:10:00,13,LUNES,1,OCTUBRE,10,NO,CONDUCIR VEHICULO SUPERANDO LOS LIMITES MAXIMOS DE VELOCIDAD.,ESTRELLAMIENTOS,CAMION,0,0,0,1,0,0,0,0,0,0,0,0,0,1,-1,NO IDENTIFICADO,NO IDENTIFICADO,CONDUCTOR AUSENTE,NO,NO,2
36003,155536,155537,2023,0,1,-0.251625,-78.494958,PICHINCHA,QUITO,QUITO,URBANA,2023-10-16,13:30:00,13,LUNES,1,OCTUBRE,10,NO,PEATON QUE CRUZA LA CALZADA SIN RESPETAR LA SENIALIZACION EXISTENTE (SEMAFOROS O SENIALES MANUALES).,ARROLLAMIENTOS,BUS,0,0,1,0,0,0,0,0,0,0,0,0,0,1,6,HOMBRE,FALLECIDO,PEATON,NO,NO,1
36004,155539,155540,2023,0,0,-0.259068,-78.529702,PICHINCHA,QUITO,QUITO,URBANA,2023-10-16,14:00:00,14,LUNES,1,OCTUBRE,10,NO,"NO RESPETAR LAS SENIALES REGLAMENTARIAS DE TRANSITO. (PARE, CEDA EL PASO, LUZ ROJA DEL SEMAFORO, ETC).",CHOQUE LATERAL,BUS,1,0,1,0,0,0,0,0,0,0,0,0,0,2,39,HOMBRE,ILESO,CONDUCTOR PRESENTE,NO,NO,1
36005,155555,155556,2023,1,0,-0.287123,-78.541559,PICHINCHA,QUITO,QUITO,URBANA,2023-10-16,19:40:00,19,LUNES,1,OCTUBRE,10,NO,BAJARSE O SUBIRSE DE VEHICULOS EN MOVIMIENTO SIN TOMAR LAS PRECAUCIONES DEBIDAS.,CAIDA DE PASAJERO,NO IDENTIFICADO,0,0,0,0,0,0,0,0,0,1,0,0,0,1,76,HOMBRE,LESIONADO,PASAJERO,NO,NO,1
36006,155562,155563,2023,0,0,-0.203901,-78.488917,PICHINCHA,QUITO,QUITO,URBANA,2023-10-16,22:00:00,22,LUNES,1,OCTUBRE,10,NO,CONDUCIR VEHICULO SUPERANDO LOS LIMITES MAXIMOS DE VELOCIDAD.,CHOQUE LATERAL,AUTOMOVIL,2,0,0,0,0,0,0,0,0,0,0,0,0,2,33,HOMBRE,ILESO,CONDUCTOR PRESENTE,NO,NO,1
36007,155565,155566,2023,0,0,-0.342068,-78.549095,PICHINCHA,QUITO,QUITO,URBANA,2023-10-16,22:45:00,22,LUNES,1,OCTUBRE,10,NO,NO CEDER EL DERECHO DE VIA O PREFERENCIA DE PASO A VEHICULOS.,CHOQUE LATERAL,AUTOMOVIL,2,0,0,0,0,0,0,0,0,0,0,0,0,2,35,HOMBRE,ILESO,CONDUCTOR PRESENTE,NO,NO,1
36008,155567,155568,2023,0,0,-0.196328,-78.495372,PICHINCHA,QUITO,QUITO,URBANA,2023-10-17,01:15:00,1,MARTES,2,OCTUBRE,10,NO,"CONDUCIR EN ESTADO DE SOMNOLENCIA O MALAS CONDICIONES FISICAS (SUENIO, CANSANCIO Y FATIGA).",PERDIDA DE CARRIL,AUTOMOVIL,1,0,0,0,0,0,0,0,0,0,0,0,0,1,-1,NO IDENTIFICADO,NO IDENTIFICADO,CONDUCTOR AUSENTE,NO,NO,2
36009,155568,155569,2023,0,0,-0.113721,-78.474516,PICHINCHA,QUITO,QUITO,URBANA,2023-10-17,03:30:00,3,MARTES,2,OCTUBRE,10,NO,"CONDUCIR EN ESTADO DE SOMNOLENCIA O MALAS CONDICIONES FISICAS (SUENIO, CANSANCIO Y FATIGA).",ESTRELLAMIENTOS,AUTOMOVIL,1,0,0,0,0,0,0,0,0,0,0,0,0,1,-1,NO IDENTIFICADO,NO IDENTIFICADO,CONDUCTOR AUSENTE,NO,NO,2