,Unnamed: 0,ID,ANIO,LESIONADOS,FALLECIDOS,LATITUD_Y,LONGITUD_X,PROVINCIA,CANTON,PARROQUIA,ZONA,FECHA,HORA,PERIODO_2,DIA_1,DIA_2,MES_1,MES_2,FERIADO,CAUSA_PROBABLE,TIPO_DE_SINIESTRO,TIPO_DE_VEHICULO_1,AUTOMOVIL,BICICLETA,BUS,CAMION,CAMIONETA,EMERGENCIAS,ESPECIAL,FURGONETA,MOTOCICLETA,NO_IDENTIFICADO,SCOOTER_ELECTRICO,TRICIMOTO,VEHICULO_DEPORTIVO_UTILITARIO,SUMA_DE_VEHICULOS,EDAD_1,SEXO_1,CONDICION_1,PARTICIPANTE_1,CASCO_1,CINTURON_1,KMeans_Cluster
36010,155570,155571,2023,0,0,-0.249268,-78.536911,PICHINCHA,QUITO,QUITO,URBANA,2023-10-17,05:00:00,5,MARTES,2,OCTUBRE,10,NO,NO CEDER EL DERECHO DE VIA O PREFERENCIA DE PASO A VEHICULOS.,CHOQUE LATERAL,AUTOMOVIL,2,0,0,0,0,0,0,0,0,0,0,0,0,2,-1,NO IDENTIFICADO,NO IDENTIFICADO,CONDUCTOR AUSENTE,NO,NO,2
36011,155572,155573,2023,0,0,-0.207681,-78.499821,PICHINCHA,QUITO,QUITO,URBANA,2023-10-17,07:00:00,7,MARTES,2,OCTUBRE,10,NO,NO CEDER EL DERECHO DE VIA O PREFERENCIA DE PASO A VEHICULOS.,CHOQUE LATERAL,BUS,0,0,1,0,0,0,0,0,1,0,0,0,0,2,40,HOMBRE,ILESO,CONDUCTOR PRESENTE,NO,NO,1
36012,155577,155578,2023,1,0,-0.305724,-78.485705,PICHINCHA,QUITO,CONOCOTO,RURAL,2023-10-17,10:00:00,10,MARTES,2,OCTUBRE,10,NO,NO CEDER EL DERECHO DE VIA O PREFERENCIA DE PASO AL PEATON.,ATROPELLOS,NO IDENTIFICADO,0,0,0,0,0,0,0,0,0,1,0,0,0,1,11,MUJER,LESIONADO,PEATON,NO,NO,3
36013,155578,155579,2023,1,0,-0.220631,-78.507935,PICHINCHA,QUITO,QUITO,URBANA,2023-10-17,10:50:00,10,MARTES,2,OCTUBRE,10,NO,PEATON QUE CRUZA LA CALZADA SIN RESPETAR LA SENIALIZACION EXISTENTE (SEMAFOROS O SENIALES MANUALES).,ATROPELLOS,BUS,0,0,1,0,0,0,0,0,0,0,0,0,0,1,30,HOMBRE,LESIONADO,PEATON,NO,NO,1
36014,155579,155580,2023,1,0,-0.285566,-78.559216,PICHINCHA,QUITO,QUITO,URBANA,2023-10-17,11:55:00,11,MARTES,2,OCTUBRE,10,NO,"NO RESPETAR LAS SENIALES REGLAMENTARIAS DE TRANSITO. (PARE, CEDA EL PASO, LUZ ROJA DEL SEMAFORO, ETC).",CHOQUE LATERAL,MOTOCICLETA,1,0,0,0,0,0,0,0,1,0,0,0,0,2,21,HOMBRE,LESIONADO,CONDUCTOR PRESENTE,NO,NO,1
36015,155584,155585,2023,1,0,-0.264168,-78.549931,PICHINCHA,QUITO,QUITO,URBANA,2023-10-17,13:38:00,13,MARTES,2,OCTUBRE,10,NO,NO MANTENER LA DISTANCIA PRUDENCIAL CON RESPECTO AL VEHICULO QUE LE ANTECEDE.,CHOQUE POSTERIOR,MOTOCICLETA,1,0,0,0,0,0,0,0,1,0,0,0,0,2,32,HOMBRE,LESIONADO,CONDUCTOR PRESENTE,NO,NO,1
36016,155586,155587,2023,1,0,-0.191631,-78.490837,PICHINCHA,QUITO,QUITO,URBANA,2023-10-17,14:45:00,14,MARTES,2,OCTUBRE,10,NO,"NO RESPETAR LAS SENIALES REGLAMENTARIAS DE TRANSITO. (PARE, CEDA EL PASO, LUZ ROJA DEL SEMAFORO, ETC).",CHOQUE LATERAL,AUTOMOVIL,2,0,0,0,0,0,0,0,0,0,0,0,0,2,40,HOMBRE,LESIONADO,CONDUCTOR PRESENTE,NO,NO,1
36017,155588,155589,2023,0,0,-0.242952,-78.525445,PICHINCHA,QUITO,QUITO,URBANA,2023-10-17,16:00:00,16,MARTES,2,OCTUBRE,10,NO,"MAL ESTACIONADO - EL CONDUCTOR QUE DETENGA O ESTACIONE VEHICULOS EN SITIOS O ZONAS QUE ENTRANIEN PELIGRO, TALES COMO ZONA DE SEGURIDAD, CURVAS, PUENTES, TUNELES, PENDIENTES.",ESTRELLAMIENTOS,CAMIONETA,0,0,0,0,1,0,0,0,0,0,0,0,0,1,-1,NO IDENTIFICADO,NO IDENTIFICADO,CONDUCTOR AUSENTE,NO,NO,2
36018,155590,155591,2023,1,0,-0.219517,-78.424914,PICHINCHA,QUITO,CUMBAYA,RURAL,2023-10-17,17:33:00,17,MARTES,2,OCTUBRE,10,NO,NO MANTENER LA DISTANCIA PRUDENCIAL CON RESPECTO AL VEHICULO QUE LE ANTECEDE.,CHOQUE POSTERIOR,MOTOCICLETA,1,0,0,0,0,0,0,0,1,0,0,0,0,2,52,HOMBRE,LESIONADO,CONDUCTOR PRESENTE,NO,NO,3
36019,155591,155592,2023,0,1,-0.214435,-78.516534,PICHINCHA,QUITO,QUITO,URBANA,2023-10-17,17:56:00,17,MARTES,2,OCTUBRE,10,NO,NO GUARDAR LA DISTANCIA LATERAL MINIMA DE SEGURIDAD ENTRE VEHICULOS.,OTROS,BUS,0,0,1,0,0,0,0,0,1,0,0,0,0,2,35,HOMBRE,FALLECIDO,CONDUCTOR PRESENTE,NO,NO,1
36020,155592,155593,2023,0,0,-0.241562,-78.474255,PICHINCHA,QUITO,QUITO,RURAL,2023-10-17,18:20:00,18,MARTES,2,OCTUBRE,10,NO,NO MANTENER LA DISTANCIA PRUDENCIAL CON RESPECTO AL VEHICULO QUE LE ANTECEDE.,CHOQUE POSTERIOR,AUTOMOVIL,2,0,0,0,0,0,0,0,0,0,0,0,0,2,36,HOMBRE,ILESO,CONDUCTOR PRESENTE,NO,NO,3
36021,155593,155594,2023,1,0,-0.279354,-78.555057,PICHINCHA,QUITO,QUITO,URBANA,2023-10-17,18:45:00,18,MARTES,2,OCTUBRE,10,NO,"CONDUCE BAJO LA INFLUENCIA DE ALCOHOL, SUSTANCIAS ESTUPEFACIENTES O PSICOTROPICAS Y/O MEDICAMENTOS.",OTROS,AUTOMOVIL,2,0,0,0,0,0,0,0,0,0,0,0,0,2,35,HOMBRE,LESIONADO,PEATON,NO,NO,1
36022,155597,155598,2023,1,0,-0.281061,-78.548781,PICHINCHA,QUITO,QUITO,URBANA,2023-10-17,20:30:00,20,MARTES,2,OCTUBRE,10,NO,"NO RESPETAR LAS SENIALES REGLAMENTARIAS DE TRANSITO. (PARE, CEDA EL PASO, LUZ ROJA DEL SEMAFORO, ETC).",CHOQUE LATERAL,MOTOCICLETA,1,0,0,0,0,0,0,0,1,0,0,0,0,2,26,HOMBRE,LESIONADO,CONDUCTOR PRESENTE,NO,NO,1
36023,155606,155607,2023,0,0,-0.443056,-78.606667,PICHINCHA,MEJIA,ALOAG,RURAL,2023-10-18,03:20:00,3,MIERCOLES,3,OCTUBRE,10,NO,"CONDUCIR DESATENTO A LAS CONDICIONES DE TRANSITO (CELULAR, PANTALLAS DE VIDEO, COMIDA, MAQUILLAJE O CUALQUIER OTRO ELEMENTO DISTRACTOR).",ESTRELLAMIENTOS,VEHICULO DEPORTIVO UTILITARIO,0,0,0,0,0,0,0,0,0,1,0,0,1,2,36,HOMBRE,ILESO,CONDUCTOR PRESENTE,NO,NO,3
36024,155624,155625,2023,1,0,-0.107097,-78.479709,PICHINCHA,QUITO,QUITO,URBANA,2023-10-18,11:55:00,11,MIERCOLES,3,OCTUBRE,10,NO,NO GUARDAR LA DISTANCIA LATERAL MINIMA DE SEGURIDAD ENTRE VEHICULOS.,ROZAMIENTOS,CAMION,0,0,0,1,0,0,0,0,1,0,0,0,0,2,27,HOMBRE,LESIONADO,CONDUCTOR PRESENTE,NO,NO,1
36025,155632,155633,2023,1,0,-0.247161,-78.535115,PICHINCHA,QUITO,QUITO,URBANA,2023-10-18,16:00:00,16,MIERCOLES,3,OCTUBRE,10,NO,NO CEDER EL DERECHO DE VIA O PREFERENCIA DE PASO AL PEATON.,ATROPELLOS,AUTOMOVIL,1,0,0,0,0,0,0,0,0,0,0,0,0,1,77,HOMBRE,LESIONADO,PEATON,NO,NO,1
36026,155638,155639,2023,1,0,-0.259355,-78.534331,PICHINCHA,QUITO,QUITO,URBANA,2023-10-18,18:00:00,18,MIERCOLES,3,OCTUBRE,10,NO,NO CEDER EL DERECHO DE VIA O PREFERENCIA DE PASO AL PEATON.,ATROPELLOS,SCOOTER ELECTRICO,0,0,0,0,0,0,0,0,0,0,1,0,0,1,20,MUJER,LESIONADO,PEATON,NO,NO,1
36027,155647,155648,2023,0,0,-0.281034,-78.466111,PICHINCHA,QUITO,CONOCOTO,RURAL,2023-10-18,20:19:00,20,MIERCOLES,3,OCTUBRE,10,NO,NO MANTENER LA DISTANCIA PRUDENCIAL CON RESPECTO AL VEHICULO QUE LE ANTECEDE.,CHOQUE POSTERIOR,AUTOMOVIL,2,0,0,0,0,0,0,0,0,0,0,0,0,2,42,HOMBRE,ILESO,CONDUCTOR PRESENTE,NO,NO,3
36028,155655,155656,2023,1,0,-0.203331,-78.490023,PICHINCHA,QUITO,QUITO,URBANA,2023-10-19,00:08:00,0,JUEVES,4,OCTUBRE,10,NO,REALIZAR CAMBIO BRUSCO O INDEBIDO DE CARRIL.,VOLCAMIENTOS,MOTOCICLETA,0,0,0,0,0,0,0,0,1,0,0,0,0,1,28,HOMBRE,LESIONADO,PASAJERO,NO,NO,1
36029,155664,155665,2023,0,0,-0.246085,-78.530431,PICHINCHA,QUITO,QUITO,URBANA,2023-10-19,06:45:00,6,JUEVES,4,OCTUBRE,10,NO,NO CEDER EL DERECHO DE VIA O PREFERENCIA DE PASO A VEHICULOS.,CHOQUE LATERAL,AUTOMOVIL,1,0,0,0,0,0,0,0,0,1,0,0,0,2,61,HOMBRE,ILESO,CONDUCTOR PRESENTE,NO,NO,1
36030,155666,155667,2023,0,0,-0.162119,-78.320096,PICHINCHA,QUITO,YARUQUI,RURAL,2023-10-19,07:00:00,7,JUEVES,4,OCTUBRE,10,NO,"NO RESPETAR LAS SENIALES REGLAMENTARIAS DE TRANSITO. (PARE, CEDA EL PASO, LUZ ROJA DEL SEMAFORO, ETC).",CHOQUE LATERAL,AUTOMOVIL,2,0,0,0,0,0,0,0,0,0,0,0,0,2,36,HOMBRE,ILESO,CONDUCTOR PRESENTE,NO,NO,1
36031,155675,155676,2023,1,0,-0.291817,-78.558116,PICHINCHA,QUITO,QUITO,URBANA,2023-10-19,10:00:00,10,JUEVES,4,OCTUBRE,10,NO,"NO RESPETAR LAS SENIALES REGLAMENTARIAS DE TRANSITO. (PARE, CEDA EL PASO, LUZ ROJA DEL SEMAFORO, ETC).",OTROS,BICICLETA,1,1,0,0,0,0,0,0,0,0,0,0,0,2,84,HOMBRE,LESIONADO,CONDUCTOR PRESENTE,NO,NO,1
36032,155678,155679,2023,1,0,-0.207818,-78.494465,PICHINCHA,QUITO,QUITO,URBANA,2023-10-19,11:30:00,11,JUEVES,4,OCTUBRE,10,NO,"NO RESPETAR LAS SENIALES REGLAMENTARIAS DE TRANSITO. (PARE, CEDA EL PASO, LUZ ROJA DEL SEMAFORO, ETC).",CHOQUE LATERAL,MOTOCICLETA,1,0,0,0,0,0,0,0,1,0,0,0,0,2,47,HOMBRE,LESIONADO,CONDUCTOR PRESENTE,NO,NO,1
36033,155682,155683,2023,0,1,-0.094291,-78.327481,PICHINCHA,QUITO,EL QUINCHE,RURAL,2023-10-19,13:50:00,13,JUEVES,4,OCTUBRE,10,NO,"CONDUCIR DESATENTO A LAS CONDICIONES DE TRANSITO (CELULAR, PANTALLAS DE VIDEO, COMIDA, MAQUILLAJE O CUALQUIER OTRO ELEMENTO DISTRACTOR).",CHOQUE FRONTAL,BUS,0,0,1,0,0,0,0,0,0,1,0,0,0,2,20,HOMBRE,FALLECIDO,CONDUCTOR PRESENTE,NO,SI,3
36034,155683,155684,2023,0,0,-0.088815,-78.512655,PICHINCHA,QUITO,QUITO,URBANA,2023-10-19,13:55:00,13,JUEVES,4,OCTUBRE,10,NO,"NO RESPETAR LAS SENIALES REGLAMENTARIAS DE TRANSITO. (PARE, CEDA EL PASO, LUZ ROJA DEL SEMAFORO, ETC).",CHOQUE LATERAL,MOTOCICLETA,0,0,0,0,1,0,0,0,1,0,0,0,0,2,20,HOMBRE,ILESO,CONDUCTOR PRESENTE,NO,NO,1
36035,155686,155687,2023,0,0,-0.192846,-78.498062,PICHINCHA,QUITO,QUITO,URBANA,2023-10-19,14:45:00,14,JUEVES,4,OCTUBRE,10,NO,NO CEDER EL DERECHO DE VIA O PREFERENCIA DE PASO A VEHICULOS.,CHOQUE LATERAL,MOTOCICLETA,1,0,0,0,0,0,0,0,1,0,0,0,0,2,49,HOMBRE,ILESO,CONDUCTOR PRESENTE,NO,NO,1
36036,155692,155693,2023,0,0,-0.211671,-78.410007,PICHINCHA,QUITO,TUMBACO,RURAL,2023-10-19,16:45:00,16,JUEVES,4,OCTUBRE,10,NO,"NO RESPETAR LAS SENIALES REGLAMENTARIAS DE TRANSITO. (PARE, CEDA EL PASO, LUZ ROJA DEL SEMAFORO, ETC).",OTROS,MOTOCICLETA,0,0,0,0,0,0,0,0,1,0,0,0,0,1,-1,NO IDENTIFICADO,NO IDENTIFICADO,CONDUCTOR AUSENTE,NO,NO,2
36037,155694,155695,2023,0,0,-0.195639,-78.465665,PICHINCHA,QUITO,QUITO,URBANA,2023-10-19,17:00:00,17,JUEVES,4,OCTUBRE,10,NO,CONDUCIR VEHICULO SUPERANDO LOS LIMITES MAXIMOS DE VELOCIDAD.,ESTRELLAMIENTOS,CAMION,0,0,0,1,0,0,0,0,0,0,0,0,0,1,26,HOMBRE,ILESO,CONDUCTOR PRESENTE,NO,NO,1
36038,155697,155698,2023,1,0,-0.285006,-78.485342,PICHINCHA,QUITO,CONOCOTO,RURAL,2023-10-19,17:45:00,17,JUEVES,4,OCTUBRE,10,NO,BAJARSE O SUBIRSE DE VEHICULOS EN MOVIMIENTO SIN TOMAR LAS PRECAUCIONES DEBIDAS.,CAIDA DE PASAJERO,NO IDENTIFICADO,0,0,0,0,0,0,0,0,0,1,0,0,0,1,51,MUJER,LESIONADO,PASAJERO,NO,NO,3
36039,155698,155699,2023,0,1,-0.107271,-78.427924,PICHINCHA,QUITO,CALDERON (CARAPUNGO),RURAL,2023-10-19,17:50:00,17,JUEVES,4,OCTUBRE,10,NO,CONDUCIR VEHICULO SUPERANDO LOS LIMITES MAXIMOS DE VELOCIDAD.,OTROS,MOTOCICLETA,2,0,0,0,0,0,0,0,1,0,0,0,0,3,29,MUJER,FALLECIDO,CONDUCTOR PRESENTE,NO,NO,3
36040,155699,155700,2023,0,0,-0.143492,-78.496255,PICHINCHA,QUITO,QUITO,URBANA,2023-10-19,18:15:00,18,JUEVES,4,OCTUBRE,10,NO,"NO RESPETAR LAS SENIALES REGLAMENTARIAS DE TRANSITO. (PARE, CEDA EL PASO, LUZ ROJA DEL SEMAFORO, ETC).",CHOQUE LATERAL,MOTOCICLETA,1,0,0,0,0,0,0,0,1,0,0,0,0,2,20,HOMBRE,ILESO,CONDUCTOR PRESENTE,NO,NO,1
36041,155701,155702,2023,2,0,-0.191514,-78.487207,PICHINCHA,QUITO,QUITO,URBANA,2023-10-19,18:28:00,18,JUEVES,4,OCTUBRE,10,NO,"NO RESPETAR LAS SENIALES REGLAMENTARIAS DE TRANSITO. (PARE, CEDA EL PASO, LUZ ROJA DEL SEMAFORO, ETC).",CHOQUE LATERAL,MOTOCICLETA,1,0,0,0,0,0,0,0,1,0,0,0,0,2,31,HOMBRE,LESIONADO,PASAJERO,NO,NO,1
36042,155703,155704,2023,0,0,-0.245506,-78.501146,PICHINCHA,QUITO,QUITO,URBANA,2023-10-19,18:45:00,18,JUEVES,4,OCTUBRE,10,NO,NO MANTENER LA DISTANCIA PRUDENCIAL CON RESPECTO AL VEHICULO QUE LE ANTECEDE.,COLISION,CAMION,1,0,0,1,0,0,0,0,0,1,0,0,0,3,35,HOMBRE,ILESO,CONDUCTOR PRESENTE,NO,NO,1
36043,155705,155706,2023,1,0,-0.261012,-78.497228,PICHINCHA,QUITO,CONOCOTO,RURAL,2023-10-19,20:00:00,20,JUEVES,4,OCTUBRE,10,NO,CONDUCIR VEHICULO SUPERANDO LOS LIMITES MAXIMOS DE VELOCIDAD.,OTROS,NO IDENTIFICADO,0,0,0,0,0,0,0,0,0,1,0,0,0,1,20,HOMBRE,LESIONADO,PASAJERO,NO,NO,3
36044,155711,155712,2023,3,0,-0.130483,-78.448149,PICHINCHA,QUITO,LLANO CHICO,RURAL,2023-10-19,23:15:00,23,JUEVES,4,OCTUBRE,10,NO,CONDUCIR VEHICULO SUPERANDO LOS LIMITES MAXIMOS DE VELOCIDAD.,ESTRELLAMIENTOS,AUTOMOVIL,1,0,0,0,0,0,0,0,0,0,0,0,0,1,45,HOMBRE,LESIONADO,PASAJERO,NO,NO,3
36045,155712,155713,2023,0,0,-0.050302,-78.456387,PICHINCHA,QUITO,POMASQUI,URBANA,2023-10-20,00:00:00,0,VIERNES,5,OCTUBRE,10,NO,"CONDUCIR DESATENTO A LAS CONDICIONES DE TRANSITO (CELULAR, PANTALLAS DE VIDEO, COMIDA, MAQUILLAJE O CUALQUIER OTRO ELEMENTO DISTRACTOR).",PERDIDA DE PISTA,AUTOMOVIL,1,0,0,0,0,0,0,0,0,0,0,0,0,1,-1,NO IDENTIFICADO,NO IDENTIFICADO,CONDUCTOR AUSENTE,NO,SI,2
36046,155716,155717,2023,2,1,-0.282463,-78.554169,PICHINCHA,QUITO,QUITO,URBANA,2023-10-20,02:00:00,2,VIERNES,5,OCTUBRE,10,NO,"CONDUCIR EN ESTADO DE SOMNOLENCIA O MALAS CONDICIONES FISICAS (SUENIO, CANSANCIO Y FATIGA).",ESTRELLAMIENTOS,AUTOMOVIL,1,0,0,0,0,0,0,0,0,0,0,0,0,1,19,HOMBRE,FALLECIDO,CONDUCTOR PRESENTE,NO,NO,1
36047,155717,155718,2023,0,0,-0.215141,-78.405551,PICHINCHA,QUITO,TUMBACO,RURAL,2023-10-20,02:15:00,2,VIERNES,5,OCTUBRE,10,NO,"CONDUCIR EN ESTADO DE SOMNOLENCIA O MALAS CONDICIONES FISICAS (SUENIO, CANSANCIO Y FATIGA).",ESTRELLAMIENTOS,AUTOMOVIL,1,0,0,0,0,0,0,0,0,0,0,0,0,1,-1,NO IDENTIFICADO,NO IDENTIFICADO,CONDUCTOR AUSENTE,NO,NO,2
36048,155723,155724,2023,1,0,-0.204501,-78.484414,PICHINCHA,QUITO,QUITO,URBANA,2023-10-20,06:50:00,6,VIERNES,5,OCTUBRE,10,NO,"NO RESPETAR LAS SENIALES REGLAMENTARIAS DE TRANSITO. (PARE, CEDA EL PASO, LUZ ROJA DEL SEMAFORO, ETC).",CHOQUE LATERAL,MOTOCICLETA,1,0,0,0,0,0,0,0,1,0,0,0,0,2,43,HOMBRE,LESIONADO,CONDUCTOR PRESENTE,NO,NO,1
36049,155727,155728,2023,1,0,-0.255269,-78.505691,PICHINCHA,QUITO,QUITO,URBANA,2023-10-20,08:30:00,8,VIERNES,5,OCTUBRE,10,NO,"NO RESPETAR LAS SENIALES REGLAMENTARIAS DE TRANSITO. (PARE, CEDA EL PASO, LUZ ROJA DEL SEMAFORO, ETC).",CHOQUE LATERAL,NO IDENTIFICADO,0,0,0,0,0,0,0,0,0,2,0,0,0,2,23,HOMBRE,LESIONADO,PASAJERO,NO,NO,1
36050,155736,155737,2023,0,0,-0.275036,-78.543643,PICHINCHA,QUITO,QUITO,URBANA,2023-10-20,12:10:00,12,VIERNES,5,OCTUBRE,10,NO,CONDUCIR VEHICULO SUPERANDO LOS LIMITES MAXIMOS DE VELOCIDAD.,ESTRELLAMIENTOS,CAMION,1,0,0,1,0,0,0,0,0,0,0,0,0,2,34,HOMBRE,ILESO,CONDUCTOR PRESENTE,NO,NO,1
36051,155745,155746,2023,1,0,-0.073385,-78.472895,PICHINCHA,QUITO,POMASQUI,RURAL,2023-10-20,17:15:00,17,VIERNES,5,OCTUBRE,10,NO,CONDUCIR VEHICULO SUPERANDO LOS LIMITES MAXIMOS DE VELOCIDAD.,PERDIDA DE CARRIL,MOTOCICLETA,0,0,0,0,0,0,0,0,1,0,0,0,0,1,21,HOMBRE,LESIONADO,CONDUCTOR PRESENTE,NO,NO,3
36052,155774,155775,2023,0,0,-0.186907,-78.495288,PICHINCHA,QUITO,QUITO,URBANA,2023-10-21,00:25:00,0,SABADO,6,OCTUBRE,10,NO,"CONDUCIR EN ESTADO DE SOMNOLENCIA O MALAS CONDICIONES FISICAS (SUENIO, CANSANCIO Y FATIGA).",ESTRELLAMIENTOS,AUTOMOVIL,1,0,0,0,0,0,0,0,0,0,0,0,0,1,-1,NO IDENTIFICADO,NO IDENTIFICADO,CONDUCTOR AUSENTE,NO,NO,2
36053,155775,155776,2023,0,1,-0.300987,-78.565292,PICHINCHA,QUITO,QUITO,URBANA,2023-10-21,00:30:00,0,SABADO,6,OCTUBRE,10,NO,NO CEDER EL DERECHO DE VIA O PREFERENCIA DE PASO A VEHICULOS.,CHOQUE LATERAL,MOTOCICLETA,0,0,0,0,0,0,0,0,1,1,0,0,0,2,36,HOMBRE,FALLECIDO,PASAJERO,NO,NO,1
36054,155777,155778,2023,0,1,-0.235543,-78.439541,PICHINCHA,QUITO,GUANGOPOLO,RURAL,2023-10-21,01:00:00,1,SABADO,6,OCTUBRE,10,NO,CONDUCIR VEHICULO SUPERANDO LOS LIMITES MAXIMOS DE VELOCIDAD.,PERDIDA DE CARRIL,MOTOCICLETA,1,0,0,0,0,0,0,0,1,0,0,0,0,2,30,HOMBRE,FALLECIDO,CONDUCTOR PRESENTE,NO,SI,3
36055,155778,155779,2023,0,0,-0.094919,-78.483061,PICHINCHA,QUITO,QUITO,URBANA,2023-10-21,01:00:00,1,SABADO,6,OCTUBRE,10,NO,"NO RESPETAR LAS SENIALES REGLAMENTARIAS DE TRANSITO. (PARE, CEDA EL PASO, LUZ ROJA DEL SEMAFORO, ETC).",PERDIDA DE CARRIL,AUTOMOVIL,1,0,0,0,0,0,0,0,0,0,0,0,0,1,27,MUJER,ILESO,CONDUCTOR PRESENTE,NO,NO,1
36056,155785,155786,2023,0,0,-0.200615,-78.490089,PICHINCHA,QUITO,QUITO,URBANA,2023-10-21,02:15:00,2,SABADO,6,OCTUBRE,10,NO,"CONDUCIR EN ESTADO DE SOMNOLENCIA O MALAS CONDICIONES FISICAS (SUENIO, CANSANCIO Y FATIGA).",ESTRELLAMIENTOS,AUTOMOVIL,1,0,0,0,0,0,0,0,0,0,0,0,0,1,-1,NO IDENTIFICADO,NO IDENTIFICADO,CONDUCTOR AUSENTE,NO,NO,2
36057,155791,155792,2023,0,1,-0.301312,-78.480803,PICHINCHA,QUITO,CONOCOTO,RURAL,2023-10-21,03:30:00,3,SABADO,6,OCTUBRE,10,NO,CONDUCIR VEHICULO SUPERANDO LOS LIMITES MAXIMOS DE VELOCIDAD.,VOLCAMIENTOS,MOTOCICLETA,0,0,0,0,0,0,0,0,1,0,0,0,0,1,33,HOMBRE,FALLECIDO,CONDUCTOR PRESENTE,NO,NO,3
36058,155792,155793,2023,0,0,-0.084181,-78.418876,PICHINCHA,QUITO,CALDERON (CARAPUNGO),RURAL,2023-10-21,03:30:00,3,SABADO,6,OCTUBRE,10,NO,REALIZAR CAMBIO BRUSCO O INDEBIDO DE CARRIL.,CHOQUE FRONTAL,AUTOMOVIL,2,0,0,0,0,0,0,0,0,0,0,0,0,2,34,HOMBRE,ILESO,CONDUCTOR PRESENTE,NO,NO,3
36059,155796,155797,2023,0,0,-0.092961,-78.435006,PICHINCHA,QUITO,CALDERON (CARAPUNGO),RURAL,2023-10-21,05:05:00,5,SABADO,6,OCTUBRE,10,NO,CONDUCIR VEHICULO SUPERANDO LOS LIMITES MAXIMOS DE VELOCIDAD.,ESTRELLAMIENTOS,AUTOMOVIL,1,0,0,0,0,0,0,0,0,0,0,0,0,1,-1,NO IDENTIFICADO,NO IDENTIFICADO,CONDUCTOR AUSENTE,NO,NO,2
36060,155798,155799,2023,2,0,-0.309039,-78.559339,PICHINCHA,QUITO,QUITO,URBANA,2023-10-21,05:30:00,5,SABADO,6,OCTUBRE,10,NO,REALIZAR CAMBIO BRUSCO O INDEBIDO DE CARRIL.,CHOQUE FRONTAL,AUTOMOVIL,1,0,0,0,0,0,0,0,0,1,0,0,0,2,25,HOMBRE,LESIONADO,CONDUCTOR PRESENTE,NO,NO,1
36061,155800,155801,2023,0,0,-0.091444,-78.472891,PICHINCHA,QUITO,QUITO,URBANA,2023-10-21,06:00:00,6,SABADO,6,OCTUBRE,10,NO,"NO RESPETAR LAS SENIALES REGLAMENTARIAS DE TRANSITO. (PARE, CEDA EL PASO, LUZ ROJA DEL SEMAFORO, ETC).",ESTRELLAMIENTOS,AUTOMOVIL,1,0,0,0,0,0,0,0,0,0,0,0,0,1,-1,NO IDENTIFICADO,NO IDENTIFICADO,CONDUCTOR AUSENTE,NO,NO,2
36062,155802,155803,2023,1,0,-0.299601,-78.479025,PICHINCHA,QUITO,CONOCOTO,RURAL,2023-10-21,08:45:00,8,SABADO,6,OCTUBRE,10,NO,NO CEDER EL DERECHO DE VIA O PREFERENCIA DE PASO AL PEATON.,ARROLLAMIENTOS,CAMIONETA,0,0,0,0,1,0,0,0,0,0,0,0,0,1,72,MUJER,LESIONADO,PEATON,NO,NO,3
36063,155810,155811,2023,0,0,-0.198231,-78.495637,PICHINCHA,QUITO,QUITO,URBANA,2023-10-21,12:55:00,12,SABADO,6,OCTUBRE,10,NO,CONDUCIR VEHICULO SUPERANDO LOS LIMITES MAXIMOS DE VELOCIDAD.,ESTRELLAMIENTOS,CAMION,0,0,0,1,0,0,0,0,0,0,0,0,0,1,37,HOMBRE,ILESO,CONDUCTOR PRESENTE,NO,NO,1
36064,155815,155816,2023,1,0,-0.265056,-78.544727,PICHINCHA,QUITO,QUITO,URBANA,2023-10-21,14:00:00,14,SABADO,6,OCTUBRE,10,NO,NO MANTENER LA DISTANCIA PRUDENCIAL CON RESPECTO AL VEHICULO QUE LE ANTECEDE.,OTROS,NO IDENTIFICADO,0,0,0,0,0,0,0,0,0,2,0,0,0,2,24,HOMBRE,LESIONADO,CONDUCTOR PRESENTE,NO,NO,1
36065,155845,155846,2023,0,0,-0.158775,-78.483586,PICHINCHA,QUITO,QUITO,URBANA,2023-10-21,20:05:00,20,SABADO,6,OCTUBRE,10,NO,NO MANTENER LA DISTANCIA PRUDENCIAL CON RESPECTO AL VEHICULO QUE LE ANTECEDE.,CHOQUE POSTERIOR,BUS,1,0,1,0,0,0,0,0,0,0,0,0,0,2,29,HOMBRE,ILESO,CONDUCTOR PRESENTE,NO,NO,1
36066,155848,155849,2023,0,0,-0.190534,-78.495663,PICHINCHA,QUITO,QUITO,URBANA,2023-10-21,22:00:00,22,SABADO,6,OCTUBRE,10,NO,"NO RESPETAR LAS SENIALES REGLAMENTARIAS DE TRANSITO. (PARE, CEDA EL PASO, LUZ ROJA DEL SEMAFORO, ETC).",CHOQUE LATERAL,AUTOMOVIL,2,0,0,0,0,0,0,0,0,0,0,0,0,2,34,HOMBRE,ILESO,CONDUCTOR PRESENTE,NO,NO,1