,Unnamed: 0,ID,ANIO,LESIONADOS,FALLECIDOS,LATITUD_Y,LONGITUD_X,PROVINCIA,CANTON,PARROQUIA,ZONA,FECHA,HORA,PERIODO_2,DIA_1,DIA_2,MES_1,MES_2,FERIADO,CAUSA_PROBABLE,TIPO_DE_SINIESTRO,TIPO_DE_VEHICULO_1,AUTOMOVIL,BICICLETA,BUS,CAMION,CAMIONETA,EMERGENCIAS,ESPECIAL,FURGONETA,MOTOCICLETA,NO_IDENTIFICADO,SCOOTER_ELECTRICO,TRICIMOTO,VEHICULO_DEPORTIVO_UTILITARIO,SUMA_DE_VEHICULOS,EDAD_1,SEXO_1,CONDICION_1,PARTICIPANTE_1,CASCO_1,CINTURON_1,KMeans_Cluster
36067,155849,155850,2023,0,0,-0.198621,-78.498548,PICHINCHA,QUITO,QUITO,URBANA,2023-10-21,22:10:00,22,SABADO,6,OCTUBRE,10,NO,NO CEDER EL DERECHO DE VIA O PREFERENCIA DE PASO A VEHICULOS.,CHOQUE LATERAL,AUTOMOVIL,2,0,0,0,0,0,0,0,0,0,0,0,0,2,51,HOMBRE,ILESO,CONDUCTOR PRESENTE,NO,NO,1
36068,155854,155855,2023,0,0,-0.278544,-78.558301,PICHINCHA,QUITO,QUITO,URBANA,2023-10-21,22:30:00,22,SABADO,6,OCTUBRE,10,NO,"CONDUCE BAJO LA INFLUENCIA DE ALCOHOL, SUSTANCIAS ESTUPEFACIENTES O PSICOTROPICAS Y/O MEDICAMENTOS.",CHOQUE POSTERIOR,CAMIONETA,1,0,0,0,1,0,0,0,0,0,0,0,0,2,52,HOMBRE,ILESO,CONDUCTOR PRESENTE,NO,NO,1
36069,155858,155859,2023,1,0,-0.256745,-78.542981,PICHINCHA,QUITO,QUITO,URBANA,2023-10-21,23:20:00,23,SABADO,6,OCTUBRE,10,NO,NO CEDER EL DERECHO DE VIA O PREFERENCIA DE PASO A VEHICULOS.,CHOQUE LATERAL,CAMIONETA,1,0,0,0,1,0,0,0,0,0,0,0,0,2,33,HOMBRE,LESIONADO,PASAJERO,NO,NO,1
36070,155865,155866,2023,0,0,-0.109183,-78.460557,PICHINCHA,QUITO,QUITO,URBANA,2023-10-22,01:05:00,1,DOMINGO,7,OCTUBRE,10,NO,CONDUCIR VEHICULO SUPERANDO LOS LIMITES MAXIMOS DE VELOCIDAD.,VOLCAMIENTOS,AUTOMOVIL,1,0,0,0,0,0,0,0,0,0,0,0,0,1,-1,NO IDENTIFICADO,NO IDENTIFICADO,CONDUCTOR AUSENTE,NO,NO,2
36071,155866,155867,2023,2,0,-0.109325,-78.459425,PICHINCHA,QUITO,CALDERON (CARAPUNGO),RURAL,2023-10-22,01:40:00,1,DOMINGO,7,OCTUBRE,10,NO,"CONDUCIR EN ESTADO DE SOMNOLENCIA O MALAS CONDICIONES FISICAS (SUENIO, CANSANCIO Y FATIGA).",PERDIDA DE CARRIL,MOTOCICLETA,0,0,0,0,0,0,0,0,1,0,0,0,0,1,32,HOMBRE,LESIONADO,PASAJERO,NO,NO,3
36072,155875,155876,2023,0,1,-0.299878,-78.567365,PICHINCHA,QUITO,QUITO,URBANA,2023-10-22,03:40:00,3,DOMINGO,7,OCTUBRE,10,NO,CONDUCIR VEHICULO SUPERANDO LOS LIMITES MAXIMOS DE VELOCIDAD.,OTROS,MOTOCICLETA,0,0,0,0,0,0,0,0,1,0,0,0,0,1,22,HOMBRE,FALLECIDO,PASAJERO,NO,NO,1
36073,155877,155878,2023,3,0,-0.233154,-78.508802,PICHINCHA,QUITO,QUITO,URBANA,2023-10-22,04:00:00,4,DOMINGO,7,OCTUBRE,10,NO,"CONDUCIR EN ESTADO DE SOMNOLENCIA O MALAS CONDICIONES FISICAS (SUENIO, CANSANCIO Y FATIGA).",PERDIDA DE CARRIL,AUTOMOVIL,1,0,0,0,0,0,0,0,0,0,0,0,0,1,36,HOMBRE,LESIONADO,PASAJERO,NO,NO,1
36074,155878,155879,2023,0,1,-0.208291,-78.458239,PICHINCHA,QUITO,QUITO,RURAL,2023-10-22,04:00:00,4,DOMINGO,7,OCTUBRE,10,NO,"CONDUCIR EN ESTADO DE SOMNOLENCIA O MALAS CONDICIONES FISICAS (SUENIO, CANSANCIO Y FATIGA).",ESTRELLAMIENTOS,MOTOCICLETA,0,0,0,0,0,0,0,0,1,0,0,0,0,1,30,HOMBRE,FALLECIDO,PASAJERO,NO,NO,3
36075,155883,155884,2023,5,0,-0.340291,-78.521352,PICHINCHA,QUITO,QUITO,URBANA,2023-10-22,06:15:00,6,DOMINGO,7,OCTUBRE,10,NO,REALIZAR CAMBIO BRUSCO O INDEBIDO DE CARRIL.,CHOQUE FRONTAL,CAMIONETA,1,0,0,0,1,0,0,0,0,0,0,0,0,2,30,HOMBRE,LESIONADO,CONDUCTOR PRESENTE,NO,NO,1
36076,155888,155889,2023,2,0,-0.283433,-78.469923,PICHINCHA,QUITO,CONOCOTO,RURAL,2023-10-22,07:45:00,7,DOMINGO,7,OCTUBRE,10,NO,"CONDUCIR EN ESTADO DE SOMNOLENCIA O MALAS CONDICIONES FISICAS (SUENIO, CANSANCIO Y FATIGA).",PERDIDA DE CARRIL,VEHICULO DEPORTIVO UTILITARIO,0,0,0,0,0,0,0,0,0,1,0,0,1,2,46,HOMBRE,LESIONADO,CONDUCTOR PRESENTE,NO,SI,3
36077,155891,155892,2023,2,0,-0.311731,-78.558493,PICHINCHA,QUITO,QUITO,URBANA,2023-10-22,08:30:00,8,DOMINGO,7,OCTUBRE,10,NO,NO GUARDAR LA DISTANCIA LATERAL MINIMA DE SEGURIDAD ENTRE VEHICULOS.,ROZAMIENTOS,CAMIONETA,1,0,0,0,1,0,0,0,0,0,0,0,0,2,20,HOMBRE,LESIONADO,CONDUCTOR PRESENTE,NO,NO,1
36078,155892,155893,2023,3,0,-0.201421,-78.370461,PICHINCHA,QUITO,PUEMBO,RURAL,2023-10-22,09:15:00,9,DOMINGO,7,OCTUBRE,10,NO,REALIZAR CAMBIO BRUSCO O INDEBIDO DE CARRIL.,CHOQUE FRONTAL,MOTOCICLETA,1,0,0,0,0,0,0,0,1,0,0,0,0,2,3,HOMBRE,LESIONADO,PASAJERO,NO,NO,3
36079,155895,155896,2023,1,0,-0.220052,-78.510393,PICHINCHA,QUITO,QUITO,URBANA,2023-10-22,10:25:00,10,DOMINGO,7,OCTUBRE,10,NO,NO CEDER EL DERECHO DE VIA O PREFERENCIA DE PASO AL PEATON.,ATROPELLOS,BICICLETA,0,1,0,0,0,0,0,0,0,0,0,0,0,1,41,HOMBRE,LESIONADO,CONDUCTOR PRESENTE,NO,NO,1
36080,155898,155899,2023,0,0,-0.237681,-78.484141,PICHINCHA,QUITO,QUITO,URBANA,2023-10-22,12:50:00,12,DOMINGO,7,OCTUBRE,10,NO,CONDUCIR VEHICULO SUPERANDO LOS LIMITES MAXIMOS DE VELOCIDAD.,ESTRELLAMIENTOS,AUTOMOVIL,1,0,0,0,0,0,0,0,0,0,0,0,0,1,25,HOMBRE,ILESO,PASAJERO,NO,NO,1
36081,155901,155902,2023,0,0,-0.100234,-78.471741,PICHINCHA,QUITO,QUITO,URBANA,2023-10-22,13:33:00,13,DOMINGO,7,OCTUBRE,10,NO,NO MANTENER LA DISTANCIA PRUDENCIAL CON RESPECTO AL VEHICULO QUE LE ANTECEDE.,OTROS,CAMIONETA,2,0,0,0,1,0,0,0,0,0,0,0,0,3,36,HOMBRE,ILESO,CONDUCTOR PRESENTE,NO,NO,1
36082,155902,155903,2023,0,0,-0.114224,-78.462868,PICHINCHA,QUITO,QUITO,URBANA,2023-10-22,13:50:00,13,DOMINGO,7,OCTUBRE,10,NO,CONDUCIR VEHICULO SUPERANDO LOS LIMITES MAXIMOS DE VELOCIDAD.,ESTRELLAMIENTOS,AUTOMOVIL,1,0,0,0,0,0,0,0,0,0,0,0,0,1,-1,NO IDENTIFICADO,NO IDENTIFICADO,CONDUCTOR AUSENTE,NO,NO,2
36083,155904,155905,2023,2,0,-0.190277,-78.494323,PICHINCHA,QUITO,QUITO,URBANA,2023-10-22,14:40:00,14,DOMINGO,7,OCTUBRE,10,NO,"NO RESPETAR LAS SENIALES REGLAMENTARIAS DE TRANSITO. (PARE, CEDA EL PASO, LUZ ROJA DEL SEMAFORO, ETC).",CHOQUE LATERAL,AUTOMOVIL,2,0,0,0,0,0,0,0,0,0,0,0,0,2,21,HOMBRE,LESIONADO,CONDUCTOR PRESENTE,NO,NO,1
36084,155906,155907,2023,1,0,-0.014499,-78.453229,PICHINCHA,QUITO,SAN ANTONIO (QUITO),RURAL,2023-10-22,14:50:00,14,DOMINGO,7,OCTUBRE,10,NO,NO CEDER EL DERECHO DE VIA O PREFERENCIA DE PASO AL PEATON.,ATROPELLOS,AUTOMOVIL,1,0,0,0,0,0,0,0,0,0,0,0,0,1,61,MUJER,LESIONADO,PEATON,NO,NO,3
36085,155914,155915,2023,1,0,-0.212578,-78.502151,PICHINCHA,QUITO,QUITO,URBANA,2023-10-22,17:00:00,17,DOMINGO,7,OCTUBRE,10,NO,NO TRANSITAR POR LAS ACERAS O ZONAS DE SEGURIDAD DESTINADAS PARA EL EFECTO.,ATROPELLOS,BUS,0,0,1,0,0,0,0,0,0,0,0,0,0,1,25,HOMBRE,LESIONADO,PEATON,NO,NO,1
36086,155923,155924,2023,2,0,-0.455359,-78.594388,PICHINCHA,MEJIA,ALOAG,RURAL,2023-10-22,19:44:00,19,DOMINGO,7,OCTUBRE,10,NO,"CONDUCIR DESATENTO A LAS CONDICIONES DE TRANSITO (CELULAR, PANTALLAS DE VIDEO, COMIDA, MAQUILLAJE O CUALQUIER OTRO ELEMENTO DISTRACTOR).",PERDIDA DE CARRIL,AUTOMOVIL,2,0,0,0,0,0,0,0,0,0,0,0,0,2,32,HOMBRE,LESIONADO,CONDUCTOR PRESENTE,NO,NO,3
36087,155926,155927,2023,0,0,-0.242172,-78.532688,PICHINCHA,QUITO,QUITO,URBANA,2023-10-22,20:00:00,20,DOMINGO,7,OCTUBRE,10,NO,NO MANTENER LA DISTANCIA PRUDENCIAL CON RESPECTO AL VEHICULO QUE LE ANTECEDE.,CHOQUE POSTERIOR,BUS,1,0,1,0,0,0,0,0,0,0,0,0,0,2,37,HOMBRE,ILESO,CONDUCTOR PRESENTE,NO,NO,1
36088,155927,155928,2023,0,0,-0.210632,-78.386098,PICHINCHA,QUITO,TUMBACO,RURAL,2023-10-22,20:10:00,20,DOMINGO,7,OCTUBRE,10,NO,"CONDICIONES AMBIENTALES Y/O ATMOSFERICAS (NIEBLA, NEBLINA, GRANIZO, LLUVIA).",CHOQUE LATERAL,AUTOMOVIL,2,0,0,0,0,0,0,0,0,0,0,0,0,2,36,HOMBRE,ILESO,CONDUCTOR PRESENTE,NO,NO,3
36089,155938,155939,2023,3,0,-0.297398,-78.564629,PICHINCHA,QUITO,QUITO,URBANA,2023-10-23,00:18:00,0,LUNES,1,OCTUBRE,10,NO,"CONDUCE BAJO LA INFLUENCIA DE ALCOHOL, SUSTANCIAS ESTUPEFACIENTES O PSICOTROPICAS Y/O MEDICAMENTOS.",CHOQUE LATERAL,AUTOMOVIL,2,0,0,0,0,0,0,0,0,0,0,0,0,2,29,HOMBRE,LESIONADO,PASAJERO,NO,NO,1
36090,155941,155942,2023,0,1,-0.129426,-78.476429,PICHINCHA,QUITO,QUITO,URBANA,2023-10-23,06:30:00,6,LUNES,1,OCTUBRE,10,NO,"FALLA MECANICA EN LOS SISTEMAS Y/O NEUMATICOS (SISTEMA DE FRENOS, DIRECCION, ELECTRONICO O MECANICO).",OTROS,BUS,1,0,1,0,0,0,0,0,1,0,0,0,0,3,26,HOMBRE,FALLECIDO,CONDUCTOR PRESENTE,NO,NO,1
36091,155942,155943,2023,1,0,-0.235584,-78.472676,PICHINCHA,QUITO,QUITO,URBANA,2023-10-23,06:55:00,6,LUNES,1,OCTUBRE,10,NO,CONDUCIR VEHICULO SUPERANDO LOS LIMITES MAXIMOS DE VELOCIDAD.,ESTRELLAMIENTOS,AUTOMOVIL,1,0,0,0,0,0,0,0,0,0,0,0,0,1,38,HOMBRE,LESIONADO,CONDUCTOR PRESENTE,NO,NO,1
36092,155962,155963,2023,0,0,-0.171446,-78.473797,PICHINCHA,QUITO,QUITO,URBANA,2023-10-23,15:40:00,15,LUNES,1,OCTUBRE,10,NO,REALIZAR CAMBIO BRUSCO O INDEBIDO DE CARRIL.,CHOQUE LATERAL,AUTOMOVIL,2,0,0,0,0,0,0,0,0,0,0,0,0,2,34,HOMBRE,ILESO,CONDUCTOR PRESENTE,NO,NO,1
36093,155963,155964,2023,1,0,-0.220999,-78.352383,PICHINCHA,QUITO,PIFO,RURAL,2023-10-23,16:00:00,16,LUNES,1,OCTUBRE,10,NO,"CONDUCE BAJO LA INFLUENCIA DE ALCOHOL, SUSTANCIAS ESTUPEFACIENTES O PSICOTROPICAS Y/O MEDICAMENTOS.",CHOQUE LATERAL,CAMION,1,0,0,1,0,0,0,0,0,0,0,0,0,2,38,MUJER,LESIONADO,PASAJERO,NO,NO,3
36094,155964,155965,2023,0,0,-0.246118,-78.520752,PICHINCHA,QUITO,QUITO,URBANA,2023-10-23,16:15:00,16,LUNES,1,OCTUBRE,10,NO,NO GUARDAR LA DISTANCIA LATERAL MINIMA DE SEGURIDAD ENTRE VEHICULOS.,ROZAMIENTOS,BUS,1,0,1,0,0,0,0,0,0,0,0,0,0,2,20,HOMBRE,ILESO,CONDUCTOR PRESENTE,NO,NO,1
36095,155970,155971,2023,1,0,-0.095999,-78.453206,PICHINCHA,QUITO,CALDERON (CARAPUNGO),RURAL,2023-10-23,18:50:00,18,LUNES,1,OCTUBRE,10,NO,"NO RESPETAR LAS SENIALES REGLAMENTARIAS DE TRANSITO. (PARE, CEDA EL PASO, LUZ ROJA DEL SEMAFORO, ETC).",CAIDA DE PASAJERO,BUS,0,0,1,0,0,0,0,0,0,0,0,0,0,1,14,MUJER,LESIONADO,PASAJERO,NO,NO,3
36096,155975,155976,2023,0,0,-0.370983,-78.498591,PICHINCHA,QUITO,AMAGUANIA,RURAL,2023-10-23,20:10:00,20,LUNES,1,OCTUBRE,10,NO,CONDUCIR VEHICULO SUPERANDO LOS LIMITES MAXIMOS DE VELOCIDAD.,ESTRELLAMIENTOS,AUTOMOVIL,1,0,0,0,0,0,0,0,0,0,0,0,0,1,-1,NO IDENTIFICADO,NO IDENTIFICADO,CONDUCTOR AUSENTE,NO,NO,2
36097,155980,155981,2023,0,0,-0.226571,-78.512892,PICHINCHA,QUITO,QUITO,URBANA,2023-10-24,00:20:00,0,MARTES,2,OCTUBRE,10,NO,"CONDUCIR EN ESTADO DE SOMNOLENCIA O MALAS CONDICIONES FISICAS (SUENIO, CANSANCIO Y FATIGA).",ESTRELLAMIENTOS,AUTOMOVIL,1,0,0,0,0,0,0,0,0,0,0,0,0,1,-1,NO IDENTIFICADO,NO IDENTIFICADO,CONDUCTOR AUSENTE,NO,NO,2
36098,155983,155984,2023,0,0,-0.333203,-78.550304,PICHINCHA,QUITO,QUITO,URBANA,2023-10-24,03:30:00,3,MARTES,2,OCTUBRE,10,NO,"CONDICIONES AMBIENTALES Y/O ATMOSFERICAS (NIEBLA, NEBLINA, GRANIZO, LLUVIA).",PERDIDA DE CARRIL,CAMION,0,0,0,1,0,0,0,0,0,0,0,0,0,1,-1,NO IDENTIFICADO,NO IDENTIFICADO,CONDUCTOR AUSENTE,NO,NO,2
36099,155984,155985,2023,0,0,-0.300186,-78.558691,PICHINCHA,QUITO,QUITO,URBANA,2023-10-24,06:00:00,6,MARTES,2,OCTUBRE,10,NO,NO MANTENER LA DISTANCIA PRUDENCIAL CON RESPECTO AL VEHICULO QUE LE ANTECEDE.,COLISION,BUS,1,0,1,0,1,0,0,0,0,0,0,0,0,3,45,HOMBRE,ILESO,CONDUCTOR PRESENTE,NO,NO,1
36100,155985,155986,2023,2,0,-0.339411,-78.482871,PICHINCHA,QUITO,AMAGUANIA,RURAL,2023-10-24,06:11:00,6,MARTES,2,OCTUBRE,10,NO,"NO RESPETAR LAS SENIALES REGLAMENTARIAS DE TRANSITO. (PARE, CEDA EL PASO, LUZ ROJA DEL SEMAFORO, ETC).",CHOQUE LATERAL,BUS,0,0,1,0,0,0,0,1,0,0,0,0,0,2,20,MUJER,LESIONADO,PASAJERO,NO,NO,3
36101,155986,155987,2023,0,1,-0.292776,-78.478616,PICHINCHA,QUITO,CONOCOTO,RURAL,2023-10-24,06:25:00,6,MARTES,2,OCTUBRE,10,NO,NO CEDER EL DERECHO DE VIA O PREFERENCIA DE PASO AL PEATON.,ARROLLAMIENTOS,BUS,0,0,1,0,0,0,0,0,0,0,0,0,0,1,59,MUJER,FALLECIDO,PEATON,NO,NO,3
36102,155987,155988,2023,0,2,-0.105403,-78.475701,PICHINCHA,QUITO,QUITO,URBANA,2023-10-24,06:35:00,6,MARTES,2,OCTUBRE,10,NO,CONDUCIR VEHICULO SUPERANDO LOS LIMITES MAXIMOS DE VELOCIDAD.,PERDIDA DE CARRIL,MOTOCICLETA,0,0,0,0,0,0,0,0,1,0,0,0,0,1,34,HOMBRE,FALLECIDO,CONDUCTOR PRESENTE,NO,NO,1
36103,155989,155990,2023,0,0,-0.280125,-78.488387,PICHINCHA,QUITO,CONOCOTO,RURAL,2023-10-24,07:15:00,7,MARTES,2,OCTUBRE,10,NO,"NO RESPETAR LAS SENIALES REGLAMENTARIAS DE TRANSITO. (PARE, CEDA EL PASO, LUZ ROJA DEL SEMAFORO, ETC).",CHOQUE LATERAL,CAMION,0,0,0,1,1,0,0,0,0,0,0,0,0,2,25,HOMBRE,ILESO,CONDUCTOR PRESENTE,NO,NO,3
36104,155993,155994,2023,0,0,-0.319356,-78.563651,PICHINCHA,QUITO,QUITO,URBANA,2023-10-24,08:20:00,8,MARTES,2,OCTUBRE,10,NO,"NO RESPETAR LAS SENIALES REGLAMENTARIAS DE TRANSITO. (PARE, CEDA EL PASO, LUZ ROJA DEL SEMAFORO, ETC).",CHOQUE LATERAL,MOTOCICLETA,1,0,0,0,0,0,0,0,1,0,0,0,0,2,33,HOMBRE,ILESO,CONDUCTOR PRESENTE,NO,NO,1
36105,155996,155997,2023,1,0,-0.082243,-78.454108,PICHINCHA,QUITO,QUITO,URBANA,2023-10-24,09:36:00,9,MARTES,2,OCTUBRE,10,NO,CONDUCIR VEHICULO SUPERANDO LOS LIMITES MAXIMOS DE VELOCIDAD.,CHOQUE POSTERIOR,MOTOCICLETA,1,0,0,0,0,0,0,0,1,0,0,0,0,2,24,HOMBRE,LESIONADO,CONDUCTOR PRESENTE,NO,NO,1
36106,156001,156002,2023,0,0,-0.337861,-78.884751,PICHINCHA,MEJIA,MANUEL CORNEJO ASTORGA,RURAL,2023-10-24,15:00:00,15,MARTES,2,OCTUBRE,10,NO,"CONDUCIR DESATENTO A LAS CONDICIONES DE TRANSITO (CELULAR, PANTALLAS DE VIDEO, COMIDA, MAQUILLAJE O CUALQUIER OTRO ELEMENTO DISTRACTOR).",PERDIDA DE CARRIL,CAMIONETA,0,0,0,0,1,0,0,0,0,0,0,0,0,1,-1,HOMBRE,ILESO,CONDUCTOR PRESENTE,NO,NO,3
36107,156004,156005,2023,0,0,-0.233275,-78.488572,PICHINCHA,QUITO,QUITO,URBANA,2023-10-24,15:35:00,15,MARTES,2,OCTUBRE,10,NO,"NO RESPETAR LAS SENIALES REGLAMENTARIAS DE TRANSITO. (PARE, CEDA EL PASO, LUZ ROJA DEL SEMAFORO, ETC).",CHOQUE LATERAL,MOTOCICLETA,1,0,0,0,0,0,0,0,1,0,0,0,0,2,28,HOMBRE,ILESO,CONDUCTOR PRESENTE,NO,NO,1
36108,156015,156016,2023,2,0,-0.289681,-78.526645,PICHINCHA,QUITO,QUITO,URBANA,2023-10-24,20:00:00,20,MARTES,2,OCTUBRE,10,NO,CONDUCIR VEHICULO SUPERANDO LOS LIMITES MAXIMOS DE VELOCIDAD.,ESTRELLAMIENTOS,AUTOMOVIL,1,0,0,0,0,0,0,0,0,0,0,0,0,1,28,HOMBRE,LESIONADO,PASAJERO,NO,NO,1
36109,156036,156037,2023,1,0,-0.300148,-78.544399,PICHINCHA,QUITO,QUITO,URBANA,2023-10-25,08:25:00,8,MIERCOLES,3,OCTUBRE,10,NO,"NO RESPETAR LAS SENIALES REGLAMENTARIAS DE TRANSITO. (PARE, CEDA EL PASO, LUZ ROJA DEL SEMAFORO, ETC).",CHOQUE LATERAL,MOTOCICLETA,1,0,0,0,0,0,0,0,1,0,0,0,0,2,32,HOMBRE,LESIONADO,CONDUCTOR PRESENTE,NO,NO,1
36110,156053,156054,2023,0,0,-0.258448,-78.537863,PICHINCHA,QUITO,QUITO,URBANA,2023-10-25,17:20:00,17,MIERCOLES,3,OCTUBRE,10,NO,NO MANTENER LA DISTANCIA PRUDENCIAL CON RESPECTO AL VEHICULO QUE LE ANTECEDE.,CHOQUE POSTERIOR,AUTOMOVIL,2,0,0,0,0,0,0,0,0,0,0,0,0,2,27,MUJER,ILESO,CONDUCTOR PRESENTE,NO,NO,1
36111,156057,156058,2023,0,0,-0.190555,-78.479307,PICHINCHA,QUITO,QUITO,URBANA,2023-10-25,18:14:00,18,MIERCOLES,3,OCTUBRE,10,NO,"CONDICIONES AMBIENTALES Y/O ATMOSFERICAS (NIEBLA, NEBLINA, GRANIZO, LLUVIA).",ESTRELLAMIENTOS,AUTOMOVIL,1,0,0,0,0,0,0,0,0,0,0,0,0,1,20,MUJER,ILESO,CONDUCTOR PRESENTE,NO,NO,1
36112,156058,156059,2023,0,0,-0.189078,-78.448018,PICHINCHA,QUITO,NAYON,RURAL,2023-10-25,18:45:00,18,MIERCOLES,3,OCTUBRE,10,NO,"CONDICIONES AMBIENTALES Y/O ATMOSFERICAS (NIEBLA, NEBLINA, GRANIZO, LLUVIA).",CHOQUE POSTERIOR,AUTOMOVIL,2,0,0,0,0,0,0,0,0,0,0,0,0,2,23,HOMBRE,ILESO,CONDUCTOR PRESENTE,NO,NO,3
36113,156068,156069,2023,0,0,-0.156682,-78.485181,PICHINCHA,QUITO,QUITO,URBANA,2023-10-26,00:40:00,0,JUEVES,4,OCTUBRE,10,NO,"CONDUCIR EN ESTADO DE SOMNOLENCIA O MALAS CONDICIONES FISICAS (SUENIO, CANSANCIO Y FATIGA).",ESTRELLAMIENTOS,AUTOMOVIL,1,0,0,0,0,0,0,0,0,0,0,0,0,1,-1,NO IDENTIFICADO,NO IDENTIFICADO,CONDUCTOR AUSENTE,NO,NO,2
36114,156072,156073,2023,0,0,-0.121533,-78.480112,PICHINCHA,QUITO,QUITO,URBANA,2023-10-26,04:00:00,4,JUEVES,4,OCTUBRE,10,NO,CONDUCIR VEHICULO SUPERANDO LOS LIMITES MAXIMOS DE VELOCIDAD.,ESTRELLAMIENTOS,AUTOMOVIL,1,0,0,0,0,0,0,0,0,0,0,0,0,1,-1,NO IDENTIFICADO,NO IDENTIFICADO,CONDUCTOR AUSENTE,NO,NO,2
36115,156073,156074,2023,0,0,-0.238624,-78.491388,PICHINCHA,QUITO,QUITO,URBANA,2023-10-26,05:05:00,5,JUEVES,4,OCTUBRE,10,NO,"CONDICIONES AMBIENTALES Y/O ATMOSFERICAS (NIEBLA, NEBLINA, GRANIZO, LLUVIA).",CHOQUE LATERAL,CAMION,0,0,0,2,0,0,0,0,0,0,0,0,0,2,23,HOMBRE,ILESO,CONDUCTOR PRESENTE,NO,NO,1
36116,156076,156077,2023,0,0,-0.191322,-78.454079,PICHINCHA,QUITO,NAYON,RURAL,2023-10-26,06:42:00,6,JUEVES,4,OCTUBRE,10,NO,"CONDICIONES AMBIENTALES Y/O ATMOSFERICAS (NIEBLA, NEBLINA, GRANIZO, LLUVIA).",CHOQUE LATERAL,AUTOMOVIL,2,0,0,0,0,0,0,0,0,0,0,0,0,2,45,HOMBRE,ILESO,CONDUCTOR PRESENTE,NO,NO,3
36117,156077,156078,2023,0,0,-0.207103,-78.490826,PICHINCHA,QUITO,QUITO,URBANA,2023-10-26,06:50:00,6,JUEVES,4,OCTUBRE,10,NO,"CONDICIONES AMBIENTALES Y/O ATMOSFERICAS (NIEBLA, NEBLINA, GRANIZO, LLUVIA).",CHOQUE LATERAL,BUS,1,0,1,0,0,0,0,0,0,0,0,0,0,2,66,HOMBRE,ILESO,CONDUCTOR PRESENTE,NO,NO,1
36118,156079,156080,2023,0,0,-0.210852,-78.503251,PICHINCHA,QUITO,QUITO,URBANA,2023-10-26,07:15:00,7,JUEVES,4,OCTUBRE,10,NO,"CONDICIONES AMBIENTALES Y/O ATMOSFERICAS (NIEBLA, NEBLINA, GRANIZO, LLUVIA).",CHOQUE LATERAL,AUTOMOVIL,2,0,0,0,0,0,0,0,0,0,0,0,0,2,36,HOMBRE,ILESO,CONDUCTOR PRESENTE,NO,NO,1
36119,156081,156082,2023,3,0,-0.191509,-78.443145,PICHINCHA,QUITO,NAYON,RURAL,2023-10-26,07:30:00,7,JUEVES,4,OCTUBRE,10,NO,CONDUCIR VEHICULO SUPERANDO LOS LIMITES MAXIMOS DE VELOCIDAD.,CHOQUE FRONTAL,MOTOCICLETA,1,0,0,0,0,0,0,0,1,0,0,0,0,2,26,HOMBRE,LESIONADO,PASAJERO,NO,NO,3
36120,156083,156084,2023,0,0,-0.305001,-78.521576,PICHINCHA,QUITO,QUITO,URBANA,2023-10-26,08:05:00,8,JUEVES,4,OCTUBRE,10,NO,NO MANTENER LA DISTANCIA PRUDENCIAL CON RESPECTO AL VEHICULO QUE LE ANTECEDE.,COLISION,CAMIONETA,4,0,0,0,1,0,0,0,0,0,0,0,0,5,35,HOMBRE,ILESO,CONDUCTOR PRESENTE,NO,NO,1
36121,156085,156086,2023,1,0,-0.273105,-78.553048,PICHINCHA,QUITO,QUITO,URBANA,2023-10-26,10:50:00,10,JUEVES,4,OCTUBRE,10,NO,"NO RESPETAR LAS SENIALES REGLAMENTARIAS DE TRANSITO. (PARE, CEDA EL PASO, LUZ ROJA DEL SEMAFORO, ETC).",CHOQUE LATERAL,AUTOMOVIL,2,0,0,0,0,0,0,0,0,0,0,0,0,2,61,MUJER,LESIONADO,PASAJERO,NO,NO,1
36122,156093,156094,2023,0,0,-0.286522,-78.537427,PICHINCHA,QUITO,QUITO,URBANA,2023-10-26,13:40:00,13,JUEVES,4,OCTUBRE,10,NO,"CONDUCE BAJO LA INFLUENCIA DE ALCOHOL, SUSTANCIAS ESTUPEFACIENTES O PSICOTROPICAS Y/O MEDICAMENTOS.",CHOQUE LATERAL,AUTOMOVIL,2,0,0,0,0,0,0,0,0,0,0,0,0,2,26,HOMBRE,ILESO,CONDUCTOR PRESENTE,NO,NO,1
36123,156094,156095,2023,0,0,-0.177146,-78.478028,PICHINCHA,QUITO,QUITO,URBANA,2023-10-26,13:50:00,13,JUEVES,4,OCTUBRE,10,NO,NO GUARDAR LA DISTANCIA LATERAL MINIMA DE SEGURIDAD ENTRE VEHICULOS.,ROZAMIENTOS,AUTOMOVIL,2,0,0,0,0,0,0,0,0,0,0,0,0,2,20,HOMBRE,ILESO,CONDUCTOR PRESENTE,NO,NO,1
36124,156099,156100,2023,0,0,-0.233557,-78.508844,PICHINCHA,QUITO,QUITO,URBANA,2023-10-26,16:35:00,16,JUEVES,4,OCTUBRE,10,NO,"CONDICIONES AMBIENTALES Y/O ATMOSFERICAS (NIEBLA, NEBLINA, GRANIZO, LLUVIA).",ROZAMIENTOS,BUS,1,0,1,0,0,0,0,0,0,0,0,0,0,2,25,HOMBRE,ILESO,CONDUCTOR PRESENTE,NO,NO,1
36125,156114,156115,2023,0,0,-0.193058,-78.443171,PICHINCHA,QUITO,NAYON,RURAL,2023-10-26,22:30:00,22,JUEVES,4,OCTUBRE,10,NO,"CONDICIONES AMBIENTALES Y/O ATMOSFERICAS (NIEBLA, NEBLINA, GRANIZO, LLUVIA).",CHOQUE LATERAL,FURGONETA,1,0,0,0,0,0,0,1,0,0,0,0,0,2,63,HOMBRE,ILESO,CONDUCTOR PRESENTE,NO,NO,3