,Unnamed: 0,ID,ANIO,LESIONADOS,FALLECIDOS,LATITUD_Y,LONGITUD_X,PROVINCIA,CANTON,PARROQUIA,ZONA,FECHA,HORA,PERIODO_2,DIA_1,DIA_2,MES_1,MES_2,FERIADO,CAUSA_PROBABLE,TIPO_DE_SINIESTRO,TIPO_DE_VEHICULO_1,AUTOMOVIL,BICICLETA,BUS,CAMION,CAMIONETA,EMERGENCIAS,ESPECIAL,FURGONETA,MOTOCICLETA,NO_IDENTIFICADO,SCOOTER_ELECTRICO,TRICIMOTO,VEHICULO_DEPORTIVO_UTILITARIO,SUMA_DE_VEHICULOS,EDAD_1,SEXO_1,CONDICION_1,PARTICIPANTE_1,CASCO_1,CINTURON_1,KMeans_Cluster
36126,156129,156130,2023,0,0,-0.174993,-78.493321,PICHINCHA,QUITO,QUITO,URBANA,2023-10-27,08:15:00,8,VIERNES,5,OCTUBRE,10,NO,"CONDICIONES AMBIENTALES Y/O ATMOSFERICAS (NIEBLA, NEBLINA, GRANIZO, LLUVIA).",OTROS,CAMION,2,0,0,1,0,0,0,0,0,0,0,0,0,3,64,HOMBRE,ILESO,CONDUCTOR PRESENTE,NO,NO,1
36127,156132,156133,2023,0,0,-0.065666,-78.463854,PICHINCHA,QUITO,POMASQUI,URBANA,2023-10-27,09:30:00,9,VIERNES,5,OCTUBRE,10,NO,"CONDICIONES AMBIENTALES Y/O ATMOSFERICAS (NIEBLA, NEBLINA, GRANIZO, LLUVIA).",CHOQUE POSTERIOR,VEHICULO DEPORTIVO UTILITARIO,0,0,0,0,0,0,0,0,0,0,0,0,1,1,21,HOMBRE,ILESO,CONDUCTOR PRESENTE,NO,SI,1
36128,156138,156139,2023,0,0,-0.183993,-78.509404,PICHINCHA,QUITO,QUITO,URBANA,2023-10-27,12:30:00,12,VIERNES,5,OCTUBRE,10,NO,NO MANTENER LA DISTANCIA PRUDENCIAL CON RESPECTO AL VEHICULO QUE LE ANTECEDE.,CHOQUE POSTERIOR,CAMIONETA,1,0,0,0,1,0,0,0,0,0,0,0,0,2,21,HOMBRE,ILESO,CONDUCTOR PRESENTE,NO,NO,1
36129,156147,156148,2023,1,0,-0.340161,-78.483501,PICHINCHA,QUITO,AMAGUANIA,RURAL,2023-10-27,16:40:00,16,VIERNES,5,OCTUBRE,10,NO,NO CEDER EL DERECHO DE VIA O PREFERENCIA DE PASO AL PEATON.,ATROPELLOS,MOTOCICLETA,0,0,0,0,0,0,0,0,1,0,0,0,0,1,82,HOMBRE,LESIONADO,PEATON,NO,NO,3
36130,156150,156151,2023,1,0,-0.183491,-78.482088,PICHINCHA,QUITO,QUITO,URBANA,2023-10-27,17:10:00,17,VIERNES,5,OCTUBRE,10,NO,"CONDICIONES AMBIENTALES Y/O ATMOSFERICAS (NIEBLA, NEBLINA, GRANIZO, LLUVIA).",CHOQUE LATERAL,MOTOCICLETA,0,0,0,0,0,0,0,0,1,1,0,0,0,2,13,MUJER,LESIONADO,PEATON,NO,NO,1
36131,156156,156157,2023,2,3,0.062457,-79.087693,PICHINCHA,PEDRO VICENTE MALDONADO,PEDRO VICENTE MALDONADO,URBANA,2023-10-27,18:30:00,18,VIERNES,5,OCTUBRE,10,NO,"CONDUCIR DESATENTO A LAS CONDICIONES DE TRANSITO (CELULAR, PANTALLAS DE VIDEO, COMIDA, MAQUILLAJE O CUALQUIER OTRO ELEMENTO DISTRACTOR).",CHOQUE FRONTAL,NO IDENTIFICADO,0,0,0,0,0,0,0,0,0,1,0,0,0,1,40,HOMBRE,FALLECIDO,PASAJERO,NO,SI,1
36132,156157,156158,2023,0,0,-0.057448,-78.455378,PICHINCHA,QUITO,POMASQUI,URBANA,2023-10-27,18:30:00,18,VIERNES,5,OCTUBRE,10,NO,"CONDUCIR DESATENTO A LAS CONDICIONES DE TRANSITO (CELULAR, PANTALLAS DE VIDEO, COMIDA, MAQUILLAJE O CUALQUIER OTRO ELEMENTO DISTRACTOR).",ESTRELLAMIENTOS,BUS,0,0,1,0,0,0,0,0,0,0,0,0,0,1,33,HOMBRE,ILESO,CONDUCTOR PRESENTE,NO,SI,1
36133,156162,156163,2023,1,0,-0.108542,-78.500192,PICHINCHA,QUITO,QUITO,URBANA,2023-10-27,18:50:00,18,VIERNES,5,OCTUBRE,10,NO,CONDUCIR VEHICULO SUPERANDO LOS LIMITES MAXIMOS DE VELOCIDAD.,ESTRELLAMIENTOS,MOTOCICLETA,0,0,0,0,0,0,0,1,1,0,0,0,0,2,26,HOMBRE,LESIONADO,CONDUCTOR PRESENTE,NO,NO,1
36134,156165,156166,2023,0,0,-0.222192,-78.400983,PICHINCHA,QUITO,TUMBACO,RURAL,2023-10-27,19:22:00,19,VIERNES,5,OCTUBRE,10,NO,CONDUCIR VEHICULO SUPERANDO LOS LIMITES MAXIMOS DE VELOCIDAD.,OTROS,AUTOMOVIL,2,0,0,0,0,0,0,0,0,0,0,0,0,2,56,HOMBRE,ILESO,CONDUCTOR PRESENTE,NO,NO,3
36135,156168,156169,2023,4,0,-0.213519,-78.546867,PICHINCHA,QUITO,QUITO,URBANA,2023-10-27,19:30:00,19,VIERNES,5,OCTUBRE,10,NO,CONDUCIR VEHICULO SUPERANDO LOS LIMITES MAXIMOS DE VELOCIDAD.,CHOQUE FRONTAL,AUTOMOVIL,2,0,0,0,0,0,0,0,0,0,0,0,0,2,34,MUJER,LESIONADO,PASAJERO,NO,NO,1
36136,156175,156176,2023,0,0,-0.186332,-78.495388,PICHINCHA,QUITO,QUITO,URBANA,2023-10-27,22:50:00,22,VIERNES,5,OCTUBRE,10,NO,"CONDICIONES AMBIENTALES Y/O ATMOSFERICAS (NIEBLA, NEBLINA, GRANIZO, LLUVIA).",ESTRELLAMIENTOS,AUTOMOVIL,1,0,0,0,0,0,0,0,0,0,0,0,0,1,-1,NO IDENTIFICADO,NO IDENTIFICADO,CONDUCTOR AUSENTE,NO,NO,2
36137,156179,156180,2023,0,0,-0.189314,-78.511882,PICHINCHA,QUITO,QUITO,URBANA,2023-10-28,00:38:00,0,SABADO,6,OCTUBRE,10,NO,"CONDICIONES AMBIENTALES Y/O ATMOSFERICAS (NIEBLA, NEBLINA, GRANIZO, LLUVIA).",ESTRELLAMIENTOS,AUTOMOVIL,1,0,0,0,0,0,0,0,0,0,0,0,0,1,-1,NO IDENTIFICADO,NO IDENTIFICADO,CONDUCTOR AUSENTE,NO,NO,2
36138,156184,156185,2023,0,0,-0.238361,-78.491287,PICHINCHA,QUITO,QUITO,URBANA,2023-10-28,02:00:00,2,SABADO,6,OCTUBRE,10,NO,"CONDICIONES AMBIENTALES Y/O ATMOSFERICAS (NIEBLA, NEBLINA, GRANIZO, LLUVIA).",ESTRELLAMIENTOS,AUTOMOVIL,1,0,0,0,0,0,0,0,0,0,0,0,0,1,-1,NO IDENTIFICADO,NO IDENTIFICADO,CONDUCTOR AUSENTE,NO,NO,2
36139,156186,156187,2023,0,1,-0.113151,-78.504848,PICHINCHA,QUITO,QUITO,URBANA,2023-10-28,03:00:00,3,SABADO,6,OCTUBRE,10,NO,"CONDICIONES AMBIENTALES Y/O ATMOSFERICAS (NIEBLA, NEBLINA, GRANIZO, LLUVIA).",CHOQUE POSTERIOR,MOTOCICLETA,0,0,0,0,0,0,0,0,1,1,0,0,0,2,20,MUJER,FALLECIDO,CONDUCTOR PRESENTE,NO,NO,1
36140,156188,156189,2023,1,0,-0.120398,-78.493098,PICHINCHA,QUITO,QUITO,URBANA,2023-10-28,03:44:00,3,SABADO,6,OCTUBRE,10,NO,"NO RESPETAR LAS SENIALES REGLAMENTARIAS DE TRANSITO. (PARE, CEDA EL PASO, LUZ ROJA DEL SEMAFORO, ETC).",OTROS,AUTOMOVIL,2,0,0,0,0,0,0,0,0,0,0,0,0,2,28,HOMBRE,LESIONADO,CONDUCTOR PRESENTE,NO,NO,1
36141,156189,156190,2023,0,0,-0.258145,-78.541363,PICHINCHA,QUITO,QUITO,URBANA,2023-10-28,04:00:00,4,SABADO,6,OCTUBRE,10,NO,"CONDUCE BAJO LA INFLUENCIA DE ALCOHOL, SUSTANCIAS ESTUPEFACIENTES O PSICOTROPICAS Y/O MEDICAMENTOS.",CHOQUE LATERAL,CAMIONETA,1,0,0,0,1,0,0,0,0,0,0,0,0,2,48,HOMBRE,ILESO,CONDUCTOR PRESENTE,NO,NO,1
36142,156192,156193,2023,0,0,-0.268951,-78.555324,PICHINCHA,QUITO,QUITO,URBANA,2023-10-28,04:54:00,4,SABADO,6,OCTUBRE,10,NO,"CONDICIONES AMBIENTALES Y/O ATMOSFERICAS (NIEBLA, NEBLINA, GRANIZO, LLUVIA).",ESTRELLAMIENTOS,AUTOMOVIL,1,0,0,0,0,0,0,0,0,0,0,0,0,1,-1,NO IDENTIFICADO,NO IDENTIFICADO,CONDUCTOR AUSENTE,NO,NO,2
36143,156193,156194,2023,2,0,-0.337782,-78.481336,PICHINCHA,QUITO,AMAGUANIA,RURAL,2023-10-28,05:00:00,5,SABADO,6,OCTUBRE,10,NO,"CONDICIONES AMBIENTALES Y/O ATMOSFERICAS (NIEBLA, NEBLINA, GRANIZO, LLUVIA).",CHOQUE LATERAL,AUTOMOVIL,2,0,0,0,0,0,0,0,0,0,0,0,0,2,41,HOMBRE,LESIONADO,CONDUCTOR PRESENTE,NO,NO,3
36144,156195,156196,2023,0,0,-0.110524,-78.457871,PICHINCHA,QUITO,CALDERON (CARAPUNGO),RURAL,2023-10-28,05:30:00,5,SABADO,6,OCTUBRE,10,NO,"CONDUCE BAJO LA INFLUENCIA DE ALCOHOL, SUSTANCIAS ESTUPEFACIENTES O PSICOTROPICAS Y/O MEDICAMENTOS.",CHOQUE POSTERIOR,AUTOMOVIL,2,0,0,0,0,0,0,0,0,1,0,0,0,3,45,MUJER,ILESO,CONDUCTOR PRESENTE,NO,NO,3
36145,156200,156201,2023,1,0,-0.202456,-78.488584,PICHINCHA,QUITO,QUITO,URBANA,2023-10-28,09:30:00,9,SABADO,6,OCTUBRE,10,NO,CONDUCIR VEHICULO SUPERANDO LOS LIMITES MAXIMOS DE VELOCIDAD.,ESTRELLAMIENTOS,AUTOMOVIL,3,0,0,0,0,0,0,0,0,0,0,0,0,3,72,HOMBRE,LESIONADO,PASAJERO,NO,NO,1
36146,156206,156207,2023,0,0,-0.042771,-78.455314,PICHINCHA,QUITO,POMASQUI,RURAL,2023-10-28,11:30:00,11,SABADO,6,OCTUBRE,10,NO,"PRESENCIA DE AGENTES EXTERNOS EN LA VIA (AGUA, ACEITE, PIEDRA, LASTRE, ESCOMBROS, MADEROS, ETC.).",CHOQUE POSTERIOR,AUTOMOVIL,1,0,0,0,0,0,0,0,0,0,0,0,0,1,69,HOMBRE,ILESO,CONDUCTOR PRESENTE,NO,SI,3
36147,156208,156209,2023,0,0,-0.288971,-78.538961,PICHINCHA,QUITO,QUITO,URBANA,2023-10-28,12:00:00,12,SABADO,6,OCTUBRE,10,NO,NO MANTENER LA DISTANCIA PRUDENCIAL CON RESPECTO AL VEHICULO QUE LE ANTECEDE.,COLISION,AUTOMOVIL,3,0,0,0,0,0,0,0,0,1,0,0,0,4,31,HOMBRE,ILESO,CONDUCTOR PRESENTE,NO,NO,1
36148,156215,156216,2023,0,0,-0.218333,-78.324605,PICHINCHA,QUITO,YARUQUI,RURAL,2023-10-28,15:00:00,15,SABADO,6,OCTUBRE,10,NO,"CONDICIONES AMBIENTALES Y/O ATMOSFERICAS (NIEBLA, NEBLINA, GRANIZO, LLUVIA).",ESTRELLAMIENTOS,AUTOMOVIL,1,0,0,0,0,0,0,0,0,0,0,0,0,1,-1,NO IDENTIFICADO,NO IDENTIFICADO,CONDUCTOR AUSENTE,NO,NO,2
36149,156218,156219,2023,1,0,-0.265431,-78.532707,PICHINCHA,QUITO,QUITO,URBANA,2023-10-28,15:42:00,15,SABADO,6,OCTUBRE,10,NO,"CONDICIONES AMBIENTALES Y/O ATMOSFERICAS (NIEBLA, NEBLINA, GRANIZO, LLUVIA).",PERDIDA DE CARRIL,NO IDENTIFICADO,0,0,0,0,0,0,0,0,0,1,0,0,0,1,19,HOMBRE,LESIONADO,CONDUCTOR PRESENTE,NO,NO,1
36150,156219,156220,2023,1,0,-0.221599,-78.519853,PICHINCHA,QUITO,QUITO,URBANA,2023-10-28,16:10:00,16,SABADO,6,OCTUBRE,10,NO,NO TRANSITAR POR LAS ACERAS O ZONAS DE SEGURIDAD DESTINADAS PARA EL EFECTO.,ATROPELLOS,AUTOMOVIL,1,0,0,0,0,0,0,0,0,0,0,0,0,1,79,MUJER,LESIONADO,PEATON,NO,NO,1
36151,156224,156225,2023,0,0,-0.289226,-78.557322,PICHINCHA,QUITO,QUITO,URBANA,2023-10-28,17:00:00,17,SABADO,6,OCTUBRE,10,NO,"CONDICIONES AMBIENTALES Y/O ATMOSFERICAS (NIEBLA, NEBLINA, GRANIZO, LLUVIA).",ESTRELLAMIENTOS,AUTOMOVIL,1,0,0,0,0,0,0,0,0,0,0,0,0,1,24,HOMBRE,ILESO,CONDUCTOR PRESENTE,NO,NO,1
36152,156234,156235,2023,1,0,-0.184809,-78.509772,PICHINCHA,QUITO,QUITO,URBANA,2023-10-28,19:30:00,19,SABADO,6,OCTUBRE,10,NO,"CONDUCE BAJO LA INFLUENCIA DE ALCOHOL, SUSTANCIAS ESTUPEFACIENTES O PSICOTROPICAS Y/O MEDICAMENTOS.",COLISION,CAMIONETA,2,0,0,0,1,0,0,0,0,0,0,0,0,3,35,MUJER,LESIONADO,PASAJERO,NO,NO,1
36153,156235,156236,2023,2,0,-0.084751,-78.424053,PICHINCHA,QUITO,CALDERON (CARAPUNGO),RURAL,2023-10-28,19:30:00,19,SABADO,6,OCTUBRE,10,NO,"NO RESPETAR LAS SENIALES REGLAMENTARIAS DE TRANSITO. (PARE, CEDA EL PASO, LUZ ROJA DEL SEMAFORO, ETC).",OTROS,MOTOCICLETA,1,0,0,0,0,0,0,0,2,0,0,0,0,3,22,HOMBRE,LESIONADO,PASAJERO,NO,NO,3
36154,156243,156244,2023,0,0,-0.284271,-78.545171,PICHINCHA,QUITO,QUITO,URBANA,2023-10-28,21:30:00,21,SABADO,6,OCTUBRE,10,NO,NO MANTENER LA DISTANCIA PRUDENCIAL CON RESPECTO AL VEHICULO QUE LE ANTECEDE.,COLISION,AUTOMOVIL,3,0,0,0,0,0,0,0,0,0,0,0,0,3,42,HOMBRE,ILESO,CONDUCTOR PRESENTE,NO,NO,1
36155,156246,156247,2023,1,0,-0.160224,-78.485484,PICHINCHA,QUITO,QUITO,URBANA,2023-10-28,22:00:00,22,SABADO,6,OCTUBRE,10,NO,"NO RESPETAR LAS SENIALES REGLAMENTARIAS DE TRANSITO. (PARE, CEDA EL PASO, LUZ ROJA DEL SEMAFORO, ETC).",CHOQUE LATERAL,MOTOCICLETA,1,0,0,0,0,0,0,0,1,0,0,0,0,2,20,HOMBRE,LESIONADO,PASAJERO,NO,NO,1
36156,156259,156260,2023,1,0,-0.308158,-78.561808,PICHINCHA,QUITO,QUITO,URBANA,2023-10-29,02:00:00,2,DOMINGO,7,OCTUBRE,10,NO,CONDUCIR VEHICULO SUPERANDO LOS LIMITES MAXIMOS DE VELOCIDAD.,PERDIDA DE CARRIL,MOTOCICLETA,0,0,0,0,0,0,0,0,1,0,0,0,0,1,25,HOMBRE,LESIONADO,CONDUCTOR PRESENTE,NO,NO,1
36157,156270,156271,2023,0,0,-0.180643,-78.513885,PICHINCHA,QUITO,QUITO,URBANA,2023-10-29,04:10:00,4,DOMINGO,7,OCTUBRE,10,NO,CONDUCIR VEHICULO SUPERANDO LOS LIMITES MAXIMOS DE VELOCIDAD.,ESTRELLAMIENTOS,AUTOMOVIL,1,0,0,0,0,0,0,0,0,0,0,0,0,1,-1,NO IDENTIFICADO,NO IDENTIFICADO,CONDUCTOR AUSENTE,NO,NO,2
36158,156271,156272,2023,0,0,-0.232634,-78.513928,PICHINCHA,QUITO,QUITO,URBANA,2023-10-29,04:10:00,4,DOMINGO,7,OCTUBRE,10,NO,CONDUCIR VEHICULO SUPERANDO LOS LIMITES MAXIMOS DE VELOCIDAD.,ESTRELLAMIENTOS,AUTOMOVIL,1,0,0,0,0,0,0,0,0,0,0,0,0,1,35,HOMBRE,ILESO,CONDUCTOR PRESENTE,NO,NO,1
36159,156277,156278,2023,0,0,-0.292319,-78.535387,PICHINCHA,QUITO,QUITO,URBANA,2023-10-29,05:35:00,5,DOMINGO,7,OCTUBRE,10,NO,CONDUCIR VEHICULO SUPERANDO LOS LIMITES MAXIMOS DE VELOCIDAD.,ESTRELLAMIENTOS,AUTOMOVIL,1,0,0,0,0,0,0,0,0,0,0,0,0,1,-1,NO IDENTIFICADO,NO IDENTIFICADO,CONDUCTOR AUSENTE,NO,NO,2
36160,156281,156282,2023,0,0,-0.170928,-78.476376,PICHINCHA,QUITO,QUITO,URBANA,2023-10-29,07:35:00,7,DOMINGO,7,OCTUBRE,10,NO,"CONDUCIR EN ESTADO DE SOMNOLENCIA O MALAS CONDICIONES FISICAS (SUENIO, CANSANCIO Y FATIGA).",ESTRELLAMIENTOS,AUTOMOVIL,1,0,0,0,0,0,0,0,0,0,0,0,0,1,-1,NO IDENTIFICADO,NO IDENTIFICADO,CONDUCTOR AUSENTE,NO,NO,2
36161,156288,156289,2023,0,0,-0.252644,-78.519213,PICHINCHA,QUITO,QUITO,URBANA,2023-10-29,09:24:00,9,DOMINGO,7,OCTUBRE,10,NO,REALIZAR CAMBIO BRUSCO O INDEBIDO DE CARRIL.,ESTRELLAMIENTOS,AUTOMOVIL,1,0,0,0,0,0,0,0,0,0,0,0,0,1,32,HOMBRE,ILESO,CONDUCTOR PRESENTE,NO,NO,1
36162,156291,156292,2023,0,1,0.045191,-78.223371,PICHINCHA,PEDRO MONCAYO,TABACUNDO,RURAL,2023-10-29,11:40:00,11,DOMINGO,7,OCTUBRE,10,NO,PEATON QUE CRUZA LA CALZADA SIN RESPETAR LA SENIALIZACION EXISTENTE (SEMAFOROS O SENIALES MANUALES).,ARROLLAMIENTOS,CAMION,0,0,0,1,0,0,0,0,0,0,0,0,0,1,86,HOMBRE,FALLECIDO,PEATON,NO,SI,3
36163,156296,156297,2023,1,0,-0.107562,-78.446109,PICHINCHA,QUITO,CALDERON (CARAPUNGO),RURAL,2023-10-29,14:02:00,14,DOMINGO,7,OCTUBRE,10,NO,"NO RESPETAR LAS SENIALES REGLAMENTARIAS DE TRANSITO. (PARE, CEDA EL PASO, LUZ ROJA DEL SEMAFORO, ETC).",CHOQUE LATERAL,MOTOCICLETA,0,0,0,0,1,0,0,0,1,0,0,0,0,2,34,HOMBRE,LESIONADO,CONDUCTOR PRESENTE,NO,NO,3
36164,156297,156298,2023,1,0,-0.203293,-78.498195,PICHINCHA,QUITO,QUITO,URBANA,2023-10-29,14:03:00,14,DOMINGO,7,OCTUBRE,10,NO,"NO RESPETAR LAS SENIALES REGLAMENTARIAS DE TRANSITO. (PARE, CEDA EL PASO, LUZ ROJA DEL SEMAFORO, ETC).",CHOQUE LATERAL,MOTOCICLETA,1,0,0,0,0,0,0,0,1,0,0,0,0,2,39,HOMBRE,LESIONADO,CONDUCTOR PRESENTE,NO,NO,1
36165,156300,156301,2023,0,0,-0.216992,-78.398304,PICHINCHA,QUITO,TUMBACO,RURAL,2023-10-29,15:00:00,15,DOMINGO,7,OCTUBRE,10,NO,REALIZAR CAMBIO BRUSCO O INDEBIDO DE CARRIL.,CHOQUE LATERAL,MOTOCICLETA,0,0,0,0,0,0,0,0,1,1,0,0,0,2,29,HOMBRE,ILESO,CONDUCTOR PRESENTE,NO,NO,3
36166,156304,156305,2023,0,0,-0.267935,-78.546265,PICHINCHA,QUITO,QUITO,URBANA,2023-10-29,16:50:00,16,DOMINGO,7,OCTUBRE,10,NO,CONDUCIR VEHICULO SUPERANDO LOS LIMITES MAXIMOS DE VELOCIDAD.,OTROS,AUTOMOVIL,1,0,0,0,0,0,0,0,0,0,0,0,0,1,-1,NO IDENTIFICADO,NO IDENTIFICADO,CONDUCTOR AUSENTE,NO,NO,2
36167,156307,156308,2023,0,0,-0.204771,-78.486962,PICHINCHA,QUITO,QUITO,URBANA,2023-10-29,17:45:00,17,DOMINGO,7,OCTUBRE,10,NO,"NO RESPETAR LAS SENIALES REGLAMENTARIAS DE TRANSITO. (PARE, CEDA EL PASO, LUZ ROJA DEL SEMAFORO, ETC).",CHOQUE LATERAL,CAMIONETA,1,0,0,0,1,0,0,0,0,0,0,0,0,2,42,MUJER,ILESO,CONDUCTOR PRESENTE,NO,NO,1
36168,156308,156309,2023,0,0,-0.442251,-78.712001,PICHINCHA,MEJIA,ALOAG,RURAL,2023-10-29,17:55:00,17,DOMINGO,7,OCTUBRE,10,NO,"CONDUCIR DESATENTO A LAS CONDICIONES DE TRANSITO (CELULAR, PANTALLAS DE VIDEO, COMIDA, MAQUILLAJE O CUALQUIER OTRO ELEMENTO DISTRACTOR).",ESTRELLAMIENTOS,CAMIONETA,0,0,0,0,1,0,0,0,0,1,0,0,0,2,29,HOMBRE,ILESO,CONDUCTOR PRESENTE,NO,NO,3
36169,156311,156312,2023,2,0,-0.096929,-78.592784,PICHINCHA,QUITO,NONO,URBANA,2023-10-29,18:20:00,18,DOMINGO,7,OCTUBRE,10,NO,NO MANTENER LA DISTANCIA PRUDENCIAL CON RESPECTO AL VEHICULO QUE LE ANTECEDE.,CHOQUE POSTERIOR,BUS,1,0,1,0,0,0,0,0,0,0,0,0,0,2,27,HOMBRE,LESIONADO,PASAJERO,NO,NO,1
36170,156328,156329,2023,2,0,-0.291836,-78.558421,PICHINCHA,QUITO,QUITO,URBANA,2023-10-29,23:30:00,23,DOMINGO,7,OCTUBRE,10,NO,"CONDUCE BAJO LA INFLUENCIA DE ALCOHOL, SUSTANCIAS ESTUPEFACIENTES O PSICOTROPICAS Y/O MEDICAMENTOS.",OTROS,AUTOMOVIL,3,0,0,0,0,0,0,0,0,0,0,0,0,3,40,HOMBRE,LESIONADO,CONDUCTOR PRESENTE,NO,NO,1
36171,156336,156337,2023,0,0,-0.300641,-78.462858,PICHINCHA,QUITO,CONOCOTO,RURAL,2023-10-30,06:00:00,6,LUNES,1,OCTUBRE,10,NO,"CONDUCIR EN ESTADO DE SOMNOLENCIA O MALAS CONDICIONES FISICAS (SUENIO, CANSANCIO Y FATIGA).",VOLCAMIENTOS,AUTOMOVIL,1,0,0,0,0,0,0,0,0,0,0,0,0,1,-1,NO IDENTIFICADO,NO IDENTIFICADO,CONDUCTOR AUSENTE,NO,NO,2
36172,156340,156341,2023,2,0,-0.179215,-78.489211,PICHINCHA,QUITO,QUITO,URBANA,2023-10-30,07:40:00,7,LUNES,1,OCTUBRE,10,NO,NO TRANSITAR POR LAS ACERAS O ZONAS DE SEGURIDAD DESTINADAS PARA EL EFECTO.,ATROPELLOS,SCOOTER ELECTRICO,0,0,0,0,0,0,0,0,0,0,1,0,0,1,54,HOMBRE,LESIONADO,CONDUCTOR PRESENTE,NO,NO,1
36173,156344,156345,2023,0,1,-0.521634,-78.458361,PICHINCHA,MEJIA,MACHACHI,RURAL,2023-10-30,08:30:00,8,LUNES,1,OCTUBRE,10,NO,"CONDUCIR DESATENTO A LAS CONDICIONES DE TRANSITO (CELULAR, PANTALLAS DE VIDEO, COMIDA, MAQUILLAJE O CUALQUIER OTRO ELEMENTO DISTRACTOR).",CHOQUE FRONTAL,MOTOCICLETA,0,0,0,0,0,0,0,0,1,1,0,0,0,2,18,HOMBRE,FALLECIDO,CONDUCTOR PRESENTE,NO,SI,3
36174,156373,156374,2023,2,0,-0.113686,-78.430691,PICHINCHA,QUITO,CALDERON (CARAPUNGO),RURAL,2023-10-30,20:00:00,20,LUNES,1,OCTUBRE,10,NO,"CONDUCE BAJO LA INFLUENCIA DE ALCOHOL, SUSTANCIAS ESTUPEFACIENTES O PSICOTROPICAS Y/O MEDICAMENTOS.",CHOQUE LATERAL,MOTOCICLETA,0,0,0,0,0,0,0,1,1,0,0,0,0,2,43,HOMBRE,LESIONADO,CONDUCTOR PRESENTE,NO,NO,3
36175,156379,156380,2023,1,0,-0.187885,-78.491668,PICHINCHA,QUITO,QUITO,URBANA,2023-10-31,05:30:00,5,MARTES,2,OCTUBRE,10,NO,REALIZAR CAMBIO BRUSCO O INDEBIDO DE CARRIL.,CHOQUE LATERAL,MOTOCICLETA,0,0,0,0,0,0,0,0,1,1,0,0,0,2,20,HOMBRE,LESIONADO,CONDUCTOR PRESENTE,NO,NO,1
36176,156383,156384,2023,1,0,-0.269101,-78.534101,PICHINCHA,QUITO,QUITO,URBANA,2023-10-31,08:28:00,8,MARTES,2,OCTUBRE,10,NO,PEATON QUE CRUZA LA CALZADA SIN RESPETAR LA SENIALIZACION EXISTENTE (SEMAFOROS O SENIALES MANUALES).,ATROPELLOS,MOTOCICLETA,0,0,0,0,0,0,0,0,1,0,0,0,0,1,71,MUJER,LESIONADO,PEATON,NO,NO,1
36177,156386,156387,2023,0,0,-0.295461,-78.554981,PICHINCHA,QUITO,QUITO,URBANA,2023-10-31,08:55:00,8,MARTES,2,OCTUBRE,10,NO,NO GUARDAR LA DISTANCIA LATERAL MINIMA DE SEGURIDAD ENTRE VEHICULOS.,ROZAMIENTOS,BUS,1,0,1,0,0,0,0,0,0,0,0,0,0,2,26,HOMBRE,ILESO,CONDUCTOR PRESENTE,NO,NO,1
36178,156391,156392,2023,0,0,-0.146238,-78.475061,PICHINCHA,QUITO,QUITO,URBANA,2023-10-31,11:07:00,11,MARTES,2,OCTUBRE,10,NO,"NO RESPETAR LAS SENIALES REGLAMENTARIAS DE TRANSITO. (PARE, CEDA EL PASO, LUZ ROJA DEL SEMAFORO, ETC).",CHOQUE LATERAL,MOTOCICLETA,1,0,0,0,0,0,0,0,1,0,0,0,0,2,52,HOMBRE,ILESO,CONDUCTOR PRESENTE,NO,NO,1
36179,156393,156394,2023,1,0,-0.198275,-78.495738,PICHINCHA,QUITO,QUITO,URBANA,2023-10-31,11:32:00,11,MARTES,2,OCTUBRE,10,NO,NO TRANSITAR POR LAS ACERAS O ZONAS DE SEGURIDAD DESTINADAS PARA EL EFECTO.,ATROPELLOS,MOTOCICLETA,0,0,0,0,0,0,0,0,1,0,0,0,0,1,9,MUJER,LESIONADO,PEATON,NO,NO,1
36180,156399,156400,2023,2,0,-0.250097,-78.521065,PICHINCHA,QUITO,QUITO,URBANA,2023-10-31,17:01:00,17,MARTES,2,OCTUBRE,10,NO,NO TRANSITAR POR LAS ACERAS O ZONAS DE SEGURIDAD DESTINADAS PARA EL EFECTO.,ATROPELLOS,MOTOCICLETA,0,0,0,0,0,0,0,0,1,0,0,0,0,1,26,HOMBRE,LESIONADO,PEATON,NO,NO,1
36181,156403,156404,2023,0,0,-0.182953,-78.477835,PICHINCHA,QUITO,QUITO,URBANA,2023-10-31,19:32:00,19,MARTES,2,OCTUBRE,10,NO,NO GUARDAR LA DISTANCIA LATERAL MINIMA DE SEGURIDAD ENTRE VEHICULOS.,ROZAMIENTOS,MOTOCICLETA,1,0,0,0,0,0,0,0,1,0,0,0,0,2,41,HOMBRE,ILESO,CONDUCTOR PRESENTE,NO,NO,1
36182,156411,156412,2023,0,0,-0.328033,-78.539181,PICHINCHA,QUITO,QUITO,URBANA,2023-10-31,23:30:00,23,MARTES,2,OCTUBRE,10,NO,REALIZAR CAMBIO BRUSCO O INDEBIDO DE CARRIL.,CHOQUE FRONTAL,AUTOMOVIL,2,0,0,0,0,0,0,0,0,0,0,0,0,2,40,HOMBRE,ILESO,CONDUCTOR PRESENTE,NO,NO,1